[
  {
    "ID Number": "6901069",
    "Name": "Alcon Beltran, Alfred",
    "Fed": "AND",
    "Sex": "M",
    "Title": "",
    "WTit": "NA",
    "OTit": "",
    "Rating": "1489",
    "Gms": "0",
    "K": "20",
    "RatingMonth": "AUG25",
    "B-day": "1968",
    "Flag": "i"
  },
  {
    "ID Number": "6900780",
    "Name": "Alcon Llosada, Alex",
    "Fed": "AND",
    "Sex": "M",
    "Title": "",
    "WTit": "NI",
    "OTit": "",
    "Rating": "1840",
    "Gms": "0",
    "K": "20",
    "RatingMonth": "AUG25",
    "B-day": "2003",
    "Flag": ""
  },
  {
    "ID Number": "6900798",
    "Name": "Alcon Llosada, Jaume",
    "Fed": "AND",
    "Sex": "M",
    "Title": "",
    "WTit": "",
    "OTit": "",
    "Rating": "1723",
    "Gms": "0",
    "K": "20",
    "RatingMonth": "AUG25",
    "B-day": "2006",
    "Flag": "i"
  },
  {
    "ID Number": "6901778",
    "Name": "Ballet, Nathan",
    "Fed": "AND",
    "Sex": "M",
    "Title": "",
    "WTit": "",
    "OTit": "",
    "Rating": "1628",
    "Gms": "0",
    "K": "40",
    "RatingMonth": "AUG25",
    "B-day": "1990",
    "Flag": ""
  },
  {
    "ID Number": "6901328",
    "Name": "Barragan Sevilla, Manel",
    "Fed": "AND",
    "Sex": "M",
    "Title": "",
    "WTit": "",
    "OTit": "",
    "Rating": "1711",
    "Gms": "9",
    "K": "20",
    "RatingMonth": "AUG25",
    "B-day": "1970",
    "Flag": ""
  },
  {
    "ID Number": "6901166",
    "Name": "Cabarcos Baulina, Manuel",
    "Fed": "AND",
    "Sex": "M",
    "Title": "",
    "WTit": "",
    "OTit": "",
    "Rating": "1880",
    "Gms": "0",
    "K": "20",
    "RatingMonth": "AUG25",
    "B-day": "1997",
    "Flag": ""
  },
  {
    "ID Number": "6900445",
    "Name": "Casanovas Cantarero, Eric",
    "Fed": "AND",
    "Sex": "M",
    "Title": "",
    "WTit": "",
    "OTit": "",
    "Rating": "1863",
    "Gms": "0",
    "K": "20",
    "RatingMonth": "AUG25",
    "B-day": "1997",
    "Flag": "i"
  },
  {
    "ID Number": "6901530",
    "Name": "Cecilia Masgrau, David",
    "Fed": "AND",
    "Sex": "M",
    "Title": "",
    "WTit": "",
    "OTit": "",
    "Rating": "1452",
    "Gms": "0",
    "K": "20",
    "RatingMonth": "AUG25",
    "B-day": "1978",
    "Flag": "i"
  },
  {
    "ID Number": "6901093",
    "Name": "Chaderat Xarpell, Jaime",
    "Fed": "AND",
    "Sex": "M",
    "Title": "",
    "WTit": "",
    "OTit": "",
    "Rating": "1450",
    "Gms": "0",
    "K": "40",
    "RatingMonth": "AUG25",
    "B-day": "2008",
    "Flag": "i"
  },
  {
    "ID Number": "6900160",
    "Name": "Cots Paltor, Jordi",
    "Fed": "AND",
    "Sex": "M",
    "Title": "",
    "WTit": "",
    "OTit": "",
    "Rating": "2031",
    "Gms": "0",
    "K": "20",
    "RatingMonth": "AUG25",
    "B-day": "1968",
    "Flag": "i"
  },
  {
    "ID Number": "22268820",
    "Name": "Da Rocha Soares, Diana",
    "Fed": "AND",
    "Sex": "F",
    "Title": "",
    "WTit": "",
    "OTit": "",
    "Rating": "1750",
    "Gms": "0",
    "K": "20",
    "RatingMonth": "AUG25",
    "B-day": "1996",
    "Flag": "wi"
  },
  {
    "ID Number": "6900224",
    "Name": "De La Riva Aguado, Oscar",
    "Fed": "AND",
    "Sex": "M",
    "Title": "GM",
    "WTit": "FT",
    "OTit": "",
    "Rating": "2549",
    "Gms": "0",
    "K": "10",
    "RatingMonth": "AUG25",
    "B-day": "1972",
    "Flag": "i"
  },
  {
    "ID Number": "6901018",
    "Name": "De la Riva Real, Ariadna",
    "Fed": "AND",
    "Sex": "F",
    "Title": "",
    "WTit": "",
    "OTit": "",
    "Rating": "1825",
    "Gms": "0",
    "K": "20",
    "RatingMonth": "AUG25",
    "B-day": "2005",
    "Flag": "w"
  },
  {
    "ID Number": "6901131",
    "Name": "De la Riva Real, Jana",
    "Fed": "AND",
    "Sex": "F",
    "Title": "",
    "WTit": "",
    "OTit": "",
    "Rating": "1524",
    "Gms": "0",
    "K": "40",
    "RatingMonth": "AUG25",
    "B-day": "2009",
    "Flag": "w"
  },
  {
    "ID Number": "45166412",
    "Name": "Ercoli, Andria",
    "Fed": "AND",
    "Sex": "M",
    "Title": "",
    "WTit": "",
    "OTit": "",
    "Rating": "1924",
    "Gms": "0",
    "K": "40",
    "RatingMonth": "AUG25",
    "B-day": "2010",
    "Flag": ""
  },
  {
    "ID Number": "4617738",
    "Name": "Fassnacht, Peter",
    "Fed": "AND",
    "Sex": "M",
    "Title": "",
    "WTit": "",
    "OTit": "",
    "Rating": "2148",
    "Gms": "0",
    "K": "20",
    "RatingMonth": "AUG25",
    "B-day": "1969",
    "Flag": "i"
  },
  {
    "ID Number": "6900348",
    "Name": "Fernandez Lopez, Joan",
    "Fed": "AND",
    "Sex": "M",
    "Title": "",
    "WTit": "",
    "OTit": "",
    "Rating": "2142",
    "Gms": "0",
    "K": "20",
    "RatingMonth": "AUG25",
    "B-day": "1989",
    "Flag": "i"
  },
  {
    "ID Number": "1902873",
    "Name": "Ferreira, Antonio Viriato",
    "Fed": "AND",
    "Sex": "M",
    "Title": "",
    "WTit": "",
    "OTit": "",
    "Rating": "1897",
    "Gms": "0",
    "K": "20",
    "RatingMonth": "AUG25",
    "B-day": "1968",
    "Flag": "i"
  },
  {
    "ID Number": "2214334",
    "Name": "Fluvia Poyatos, Jordi",
    "Fed": "AND",
    "Sex": "M",
    "Title": "IM",
    "WTit": "FT",
    "OTit": "",
    "Rating": "2465",
    "Gms": "0",
    "K": "10",
    "RatingMonth": "AUG25",
    "B-day": "1984",
    "Flag": "i"
  },
  {
    "ID Number": "6901760",
    "Name": "Furman, Dzianis",
    "Fed": "AND",
    "Sex": "M",
    "Title": "",
    "WTit": "",
    "OTit": "",
    "Rating": "1697",
    "Gms": "0",
    "K": "20",
    "RatingMonth": "AUG25",
    "B-day": "1989",
    "Flag": ""
  },
  {
    "ID Number": "6900283",
    "Name": "Galera Serra, Maria",
    "Fed": "AND",
    "Sex": "F",
    "Title": "",
    "WTit": "NI",
    "OTit": "",
    "Rating": "1665",
    "Gms": "0",
    "K": "20",
    "RatingMonth": "AUG25",
    "B-day": "1998",
    "Flag": "wi"
  },
  {
    "ID Number": "6900020",
    "Name": "Garcia Paolicchi, Raul",
    "Fed": "AND",
    "Sex": "M",
    "Title": "FM",
    "WTit": "NI",
    "OTit": "",
    "Rating": "2119",
    "Gms": "0",
    "K": "20",
    "RatingMonth": "AUG25",
    "B-day": "1952",
    "Flag": ""
  },
  {
    "ID Number": "6900321",
    "Name": "Gomez Abad, Antonio",
    "Fed": "AND",
    "Sex": "M",
    "Title": "",
    "WTit": "",
    "OTit": "",
    "Rating": "1819",
    "Gms": "0",
    "K": "20",
    "RatingMonth": "AUG25",
    "B-day": "1932",
    "Flag": "i"
  },
  {
    "ID Number": "2218151",
    "Name": "Gomez Anadon, Daniel",
    "Fed": "AND",
    "Sex": "M",
    "Title": "FM",
    "WTit": "FT",
    "OTit": "",
    "Rating": "2148",
    "Gms": "0",
    "K": "20",
    "RatingMonth": "AUG25",
    "B-day": "1983",
    "Flag": ""
  },
  {
    "ID Number": "2222744",
    "Name": "Gonzalez Garcia, Marc",
    "Fed": "AND",
    "Sex": "M",
    "Title": "",
    "WTit": "",
    "OTit": "",
    "Rating": "2136",
    "Gms": "0",
    "K": "20",
    "RatingMonth": "AUG25",
    "B-day": "1979",
    "Flag": ""
  },
  {
    "ID Number": "6900046",
    "Name": "Gorgues Mateu, David",
    "Fed": "AND",
    "Sex": "M",
    "Title": "",
    "WTit": "",
    "OTit": "",
    "Rating": "1833",
    "Gms": "0",
    "K": "20",
    "RatingMonth": "AUG25",
    "B-day": "1971",
    "Flag": "i"
  },
  {
    "ID Number": "6900011",
    "Name": "Gorgues Valle, Jose Maria",
    "Fed": "AND",
    "Sex": "M",
    "Title": "",
    "WTit": "",
    "OTit": "",
    "Rating": "1834",
    "Gms": "0",
    "K": "20",
    "RatingMonth": "AUG25",
    "B-day": "1945",
    "Flag": "i"
  },
  {
    "ID Number": "6900372",
    "Name": "Grajera Lleixa, Manel",
    "Fed": "AND",
    "Sex": "M",
    "Title": "",
    "WTit": "",
    "OTit": "",
    "Rating": "1962",
    "Gms": "0",
    "K": "20",
    "RatingMonth": "AUG25",
    "B-day": "1969",
    "Flag": "i"
  },
  {
    "ID Number": "6900526",
    "Name": "Gras Travesset, Ferran",
    "Fed": "AND",
    "Sex": "M",
    "Title": "",
    "WTit": "",
    "OTit": "",
    "Rating": "1815",
    "Gms": "0",
    "K": "20",
    "RatingMonth": "AUG25",
    "B-day": "1996",
    "Flag": "i"
  },
  {
    "ID Number": "2224801",
    "Name": "Guerra Reig, Juan",
    "Fed": "AND",
    "Sex": "M",
    "Title": "",
    "WTit": "",
    "OTit": "",
    "Rating": "1892",
    "Gms": "0",
    "K": "20",
    "RatingMonth": "AUG25",
    "B-day": "1974",
    "Flag": ""
  },
  {
    "ID Number": "6901786",
    "Name": "Habib Puigcercos, Nabil",
    "Fed": "AND",
    "Sex": "M",
    "Title": "",
    "WTit": "",
    "OTit": "",
    "Rating": "1669",
    "Gms": "0",
    "K": "40",
    "RatingMonth": "AUG25",
    "B-day": "1986",
    "Flag": ""
  },
  {
    "ID Number": "32096577",
    "Name": "Henderson de La Fuente, Andrea",
    "Fed": "AND",
    "Sex": "F",
    "Title": "WFM",
    "WTit": "WFM",
    "OTit": "",
    "Rating": "1951",
    "Gms": "0",
    "K": "20",
    "RatingMonth": "AUG25",
    "B-day": "2001",
    "Flag": "wi"
  },
  {
    "ID Number": "32096585",
    "Name": "Henderson de La Fuente, Lance",
    "Fed": "AND",
    "Sex": "M",
    "Title": "GM",
    "WTit": "",
    "OTit": "",
    "Rating": "2357",
    "Gms": "0",
    "K": "10",
    "RatingMonth": "AUG25",
    "B-day": "2003",
    "Flag": "i"
  },
  {
    "ID Number": "32096593",
    "Name": "Henderson, Matthew Franklin",
    "Fed": "AND",
    "Sex": "M",
    "Title": "",
    "WTit": "",
    "OTit": "",
    "Rating": "1746",
    "Gms": "0",
    "K": "20",
    "RatingMonth": "AUG25",
    "B-day": "1968",
    "Flag": ""
  },
  {
    "ID Number": "6900356",
    "Name": "Hidalgo Ramos, Toni",
    "Fed": "AND",
    "Sex": "M",
    "Title": "",
    "WTit": "NI",
    "OTit": "",
    "Rating": "1953",
    "Gms": "0",
    "K": "20",
    "RatingMonth": "AUG25",
    "B-day": "1979",
    "Flag": "i"
  },
  {
    "ID Number": "6900267",
    "Name": "Jansat Mir, Arnau",
    "Fed": "AND",
    "Sex": "M",
    "Title": "",
    "WTit": "",
    "OTit": "",
    "Rating": "1717",
    "Gms": "0",
    "K": "20",
    "RatingMonth": "AUG25",
    "B-day": "2000",
    "Flag": "i"
  },
  {
    "ID Number": "6900089",
    "Name": "Jose Queralto, Daniel",
    "Fed": "AND",
    "Sex": "M",
    "Title": "CM",
    "WTit": "",
    "OTit": "",
    "Rating": "2230",
    "Gms": "0",
    "K": "20",
    "RatingMonth": "AUG25",
    "B-day": "1973",
    "Flag": "i"
  },
  {
    "ID Number": "6900054",
    "Name": "Lopez Pla, Francesc Asis",
    "Fed": "AND",
    "Sex": "M",
    "Title": "",
    "WTit": "",
    "OTit": "",
    "Rating": "1741",
    "Gms": "0",
    "K": "20",
    "RatingMonth": "AUG25",
    "B-day": "1996",
    "Flag": "i"
  },
  {
    "ID Number": "2274477",
    "Name": "Luke Brezmes, Cristofer",
    "Fed": "AND",
    "Sex": "M",
    "Title": "CM",
    "WTit": "FI,NA",
    "OTit": "",
    "Rating": "2084",
    "Gms": "0",
    "K": "20",
    "RatingMonth": "AUG25",
    "B-day": "1986",
    "Flag": ""
  },
  {
    "ID Number": "6901085",
    "Name": "Martinez Balastegui, Marti",
    "Fed": "AND",
    "Sex": "M",
    "Title": "",
    "WTit": "DI",
    "OTit": "",
    "Rating": "1516",
    "Gms": "0",
    "K": "20",
    "RatingMonth": "AUG25",
    "B-day": "1974",
    "Flag": "i"
  },
  {
    "ID Number": "6900976",
    "Name": "Martinez Gamiz, Marc",
    "Fed": "AND",
    "Sex": "M",
    "Title": "",
    "WTit": "",
    "OTit": "",
    "Rating": "1910",
    "Gms": "0",
    "K": "20",
    "RatingMonth": "AUG25",
    "B-day": "2005",
    "Flag": "i"
  },
  {
    "ID Number": "22270728",
    "Name": "Mateu Guiu, Esteve",
    "Fed": "AND",
    "Sex": "M",
    "Title": "",
    "WTit": "NI,FA",
    "OTit": "",
    "Rating": "2106",
    "Gms": "0",
    "K": "20",
    "RatingMonth": "AUG25",
    "B-day": "1992",
    "Flag": ""
  },
  {
    "ID Number": "6900097",
    "Name": "Montoliu Montes, Joaquim",
    "Fed": "AND",
    "Sex": "M",
    "Title": "",
    "WTit": "",
    "OTit": "",
    "Rating": "1631",
    "Gms": "0",
    "K": "20",
    "RatingMonth": "AUG25",
    "B-day": "1992",
    "Flag": ""
  },
  {
    "ID Number": "6901344",
    "Name": "Montraveta Rodriguez, Jose Maria",
    "Fed": "AND",
    "Sex": "M",
    "Title": "",
    "WTit": "",
    "OTit": "",
    "Rating": "1839",
    "Gms": "0",
    "K": "20",
    "RatingMonth": "AUG25",
    "B-day": "1974",
    "Flag": ""
  },
  {
    "ID Number": "6900593",
    "Name": "Morente Plaza, Marc",
    "Fed": "AND",
    "Sex": "M",
    "Title": "",
    "WTit": "",
    "OTit": "",
    "Rating": "1828",
    "Gms": "0",
    "K": "20",
    "RatingMonth": "AUG25",
    "B-day": "1990",
    "Flag": "i"
  },
  {
    "ID Number": "6900100",
    "Name": "Moscoso Rodriguez, Joan",
    "Fed": "AND",
    "Sex": "M",
    "Title": "",
    "WTit": "",
    "OTit": "",
    "Rating": "1634",
    "Gms": "0",
    "K": "20",
    "RatingMonth": "AUG25",
    "B-day": "1954",
    "Flag": ""
  },
  {
    "ID Number": "22227172",
    "Name": "Muratet Carmona, Alexandra",
    "Fed": "AND",
    "Sex": "F",
    "Title": "WCM",
    "WTit": "WCM",
    "OTit": "NI,IA",
    "Rating": "1752",
    "Gms": "0",
    "K": "20",
    "RatingMonth": "AUG25",
    "B-day": "1990",
    "Flag": "w"
  },
  {
    "ID Number": "2204282",
    "Name": "Muratet Carmona, Julia",
    "Fed": "AND",
    "Sex": "F",
    "Title": "WCM",
    "WTit": "WCM",
    "OTit": "NI,NA",
    "Rating": "1828",
    "Gms": "0",
    "K": "20",
    "RatingMonth": "AUG25",
    "B-day": "1995",
    "Flag": "w"
  },
  {
    "ID Number": "6900607",
    "Name": "Navarro Mignorance, Ernest",
    "Fed": "AND",
    "Sex": "M",
    "Title": "",
    "WTit": "DI",
    "OTit": "",
    "Rating": "1527",
    "Gms": "0",
    "K": "20",
    "RatingMonth": "AUG25",
    "B-day": "1955",
    "Flag": "i"
  },
  {
    "ID Number": "400106",
    "Name": "Norwood, David R",
    "Fed": "AND",
    "Sex": "M",
    "Title": "GM",
    "WTit": "",
    "OTit": "",
    "Rating": "2504",
    "Gms": "0",
    "K": "10",
    "RatingMonth": "AUG25",
    "B-day": "1968",
    "Flag": ""
  },
  {
    "ID Number": "6900119",
    "Name": "Obregon Pantebre, Marc",
    "Fed": "AND",
    "Sex": "M",
    "Title": "",
    "WTit": "",
    "OTit": "",
    "Rating": "1816",
    "Gms": "0",
    "K": "20",
    "RatingMonth": "AUG25",
    "B-day": "1998",
    "Flag": "i"
  },
  {
    "ID Number": "22260617",
    "Name": "Onna Amargant, Josep",
    "Fed": "AND",
    "Sex": "M",
    "Title": "",
    "WTit": "",
    "OTit": "",
    "Rating": "1990",
    "Gms": "0",
    "K": "20",
    "RatingMonth": "AUG25",
    "B-day": "1962",
    "Flag": "i"
  },
  {
    "ID Number": "6900429",
    "Name": "Pantebre Martinez, Benet",
    "Fed": "AND",
    "Sex": "M",
    "Title": "",
    "WTit": "",
    "OTit": "",
    "Rating": "1752",
    "Gms": "0",
    "K": "20",
    "RatingMonth": "AUG25",
    "B-day": "1929",
    "Flag": "i"
  },
  {
    "ID Number": "32049056",
    "Name": "Pastor Jorda, Nerea",
    "Fed": "AND",
    "Sex": "F",
    "Title": "",
    "WTit": "NI,FA",
    "OTit": "",
    "Rating": "1420",
    "Gms": "0",
    "K": "20",
    "RatingMonth": "AUG25",
    "B-day": "2002",
    "Flag": "wi"
  },
  {
    "ID Number": "6901425",
    "Name": "Perez Cortes, Bonifacio",
    "Fed": "AND",
    "Sex": "M",
    "Title": "",
    "WTit": "",
    "OTit": "",
    "Rating": "1519",
    "Gms": "0",
    "K": "20",
    "RatingMonth": "AUG25",
    "B-day": "1973",
    "Flag": ""
  },
  {
    "ID Number": "6901360",
    "Name": "Perez Escuredo, Bonifacio",
    "Fed": "AND",
    "Sex": "M",
    "Title": "",
    "WTit": "",
    "OTit": "",
    "Rating": "1554",
    "Gms": "0",
    "K": "40",
    "RatingMonth": "AUG25",
    "B-day": "2011",
    "Flag": "i"
  },
  {
    "ID Number": "6901271",
    "Name": "Perez Escuredo, Nicolas",
    "Fed": "AND",
    "Sex": "M",
    "Title": "",
    "WTit": "",
    "OTit": "",
    "Rating": "1516",
    "Gms": "0",
    "K": "40",
    "RatingMonth": "AUG25",
    "B-day": "2006",
    "Flag": "i"
  },
  {
    "ID Number": "6901638",
    "Name": "PETZKA, Leonie Sharon",
    "Fed": "AND",
    "Sex": "F",
    "Title": "",
    "WTit": "",
    "OTit": "",
    "Rating": "1519",
    "Gms": "0",
    "K": "40",
    "RatingMonth": "AUG25",
    "B-day": "2001",
    "Flag": "wi"
  },
  {
    "ID Number": "2279193",
    "Name": "Porras Mateo, Felipe",
    "Fed": "AND",
    "Sex": "M",
    "Title": "FM",
    "WTit": "",
    "OTit": "",
    "Rating": "2298",
    "Gms": "0",
    "K": "20",
    "RatingMonth": "AUG25",
    "B-day": "1991",
    "Flag": ""
  },
  {
    "ID Number": "6901077",
    "Name": "Ramos Torres, Daniel",
    "Fed": "AND",
    "Sex": "M",
    "Title": "",
    "WTit": "",
    "OTit": "",
    "Rating": "1528",
    "Gms": "0",
    "K": "40",
    "RatingMonth": "AUG25",
    "B-day": "2005",
    "Flag": "i"
  },
  {
    "ID Number": "6901336",
    "Name": "Real Puigdollers, Silvia",
    "Fed": "AND",
    "Sex": "F",
    "Title": "WCM",
    "WTit": "WCM",
    "OTit": "",
    "Rating": "1750",
    "Gms": "0",
    "K": "20",
    "RatingMonth": "AUG25",
    "B-day": "1974",
    "Flag": "w"
  },
  {
    "ID Number": "6900232",
    "Name": "Rechi Montes, Aritz",
    "Fed": "AND",
    "Sex": "M",
    "Title": "",
    "WTit": "",
    "OTit": "",
    "Rating": "1808",
    "Gms": "0",
    "K": "40",
    "RatingMonth": "AUG25",
    "B-day": "1980",
    "Flag": ""
  },
  {
    "ID Number": "22249303",
    "Name": "Rechi Montes, Xavier",
    "Fed": "AND",
    "Sex": "M",
    "Title": "",
    "WTit": "",
    "OTit": "",
    "Rating": "1883",
    "Gms": "6",
    "K": "20",
    "RatingMonth": "AUG25",
    "B-day": "1982",
    "Flag": ""
  },
  {
    "ID Number": "6900330",
    "Name": "Rechi Perez, Francesc",
    "Fed": "AND",
    "Sex": "M",
    "Title": "",
    "WTit": "NI",
    "OTit": "",
    "Rating": "1930",
    "Gms": "0",
    "K": "20",
    "RatingMonth": "AUG25",
    "B-day": "1956",
    "Flag": ""
  },
  {
    "ID Number": "6901573",
    "Name": "Reyes Sirkia, Gael",
    "Fed": "AND",
    "Sex": "M",
    "Title": "",
    "WTit": "",
    "OTit": "",
    "Rating": "1401",
    "Gms": "0",
    "K": "40",
    "RatingMonth": "AUG25",
    "B-day": "2013",
    "Flag": ""
  },
  {
    "ID Number": "6900364",
    "Name": "Riba Revert, Valenti",
    "Fed": "AND",
    "Sex": "M",
    "Title": "",
    "WTit": "",
    "OTit": "",
    "Rating": "1741",
    "Gms": "0",
    "K": "20",
    "RatingMonth": "AUG25",
    "B-day": "2000",
    "Flag": "i"
  },
  {
    "ID Number": "6900305",
    "Name": "Ribera Baztan, Jose",
    "Fed": "AND",
    "Sex": "M",
    "Title": "CM",
    "WTit": "",
    "OTit": "",
    "Rating": "2094",
    "Gms": "0",
    "K": "20",
    "RatingMonth": "AUG25",
    "B-day": "1972",
    "Flag": ""
  },
  {
    "ID Number": "6900763",
    "Name": "Ribera Veganzones, Josep Maria",
    "Fed": "AND",
    "Sex": "M",
    "Title": "CM",
    "WTit": "",
    "OTit": "",
    "Rating": "2067",
    "Gms": "0",
    "K": "20",
    "RatingMonth": "AUG25",
    "B-day": "2003",
    "Flag": ""
  },
  {
    "ID Number": "6900860",
    "Name": "Ribera Veganzones, Serni",
    "Fed": "AND",
    "Sex": "M",
    "Title": "FM",
    "WTit": "",
    "OTit": "",
    "Rating": "2167",
    "Gms": "0",
    "K": "40",
    "RatingMonth": "AUG25",
    "B-day": "2007",
    "Flag": ""
  },
  {
    "ID Number": "6901590",
    "Name": "Rivero Rechi, Pol",
    "Fed": "AND",
    "Sex": "M",
    "Title": "",
    "WTit": "",
    "OTit": "",
    "Rating": "1500",
    "Gms": "0",
    "K": "40",
    "RatingMonth": "AUG25",
    "B-day": "2006",
    "Flag": ""
  },
  {
    "ID Number": "6901115",
    "Name": "Sanchez Sala, Marc",
    "Fed": "AND",
    "Sex": "M",
    "Title": "",
    "WTit": "",
    "OTit": "",
    "Rating": "1647",
    "Gms": "0",
    "K": "20",
    "RatingMonth": "AUG25",
    "B-day": "2006",
    "Flag": "i"
  },
  {
    "ID Number": "6901220",
    "Name": "Sanchez Sala, Roger",
    "Fed": "AND",
    "Sex": "M",
    "Title": "",
    "WTit": "",
    "OTit": "",
    "Rating": "1420",
    "Gms": "0",
    "K": "40",
    "RatingMonth": "AUG25",
    "B-day": "2008",
    "Flag": "i"
  },
  {
    "ID Number": "6901190",
    "Name": "Sansa Aviles, Marti",
    "Fed": "AND",
    "Sex": "M",
    "Title": "",
    "WTit": "",
    "OTit": "",
    "Rating": "1410",
    "Gms": "0",
    "K": "40",
    "RatingMonth": "AUG25",
    "B-day": "2008",
    "Flag": "i"
  },
  {
    "ID Number": "6900038",
    "Name": "Santamaria Mas, Vicens",
    "Fed": "AND",
    "Sex": "M",
    "Title": "",
    "WTit": "",
    "OTit": "",
    "Rating": "1965",
    "Gms": "0",
    "K": "20",
    "RatingMonth": "AUG25",
    "B-day": "1953",
    "Flag": ""
  },
  {
    "ID Number": "6901476",
    "Name": "SINFREU SOBRE, David",
    "Fed": "AND",
    "Sex": "M",
    "Title": "",
    "WTit": "",
    "OTit": "",
    "Rating": "1869",
    "Gms": "9",
    "K": "20",
    "RatingMonth": "AUG25",
    "B-day": "1984",
    "Flag": ""
  },
  {
    "ID Number": "6900623",
    "Name": "Torrent Casado, Marc",
    "Fed": "AND",
    "Sex": "M",
    "Title": "",
    "WTit": "",
    "OTit": "",
    "Rating": "1848",
    "Gms": "0",
    "K": "20",
    "RatingMonth": "AUG25",
    "B-day": "1996",
    "Flag": "i"
  },
  {
    "ID Number": "6900674",
    "Name": "Trojman Gea, Alex",
    "Fed": "AND",
    "Sex": "M",
    "Title": "",
    "WTit": "",
    "OTit": "",
    "Rating": "1572",
    "Gms": "0",
    "K": "20",
    "RatingMonth": "AUG25",
    "B-day": "2001",
    "Flag": "i"
  },
  {
    "ID Number": "6900313",
    "Name": "Vanyo Perez, Josep",
    "Fed": "AND",
    "Sex": "M",
    "Title": "",
    "WTit": "",
    "OTit": "",
    "Rating": "1603",
    "Gms": "7",
    "K": "20",
    "RatingMonth": "AUG25",
    "B-day": "1953",
    "Flag": ""
  }
]