[
  {
    "ID Number": "7613970"
  },
  {
    "ID Number": "7603797"
  },
  {
    "ID Number": "7600151"
  },
  {
    "ID Number": "7608926"
  },
  {
    "ID Number": "7606028"
  },
  {
    "ID Number": "7601620"
  },
  {
    "ID Number": "7613253"
  },
  {
    "ID Number": "7600208"
  },
  {
    "ID Number": "7607393"
  },
  {
    "ID Number": "7605811"
  },
  {
    "ID Number": "7600313"
  },
  {
    "ID Number": "7600216"
  },
  {
    "ID Number": "7604670"
  },
  {
    "ID Number": "7601506"
  },
  {
    "ID Number": "7614640"
  },
  {
    "ID Number": "7605366"
  },
  {
    "ID Number": "7608713"
  },
  {
    "ID Number": "7616112"
  },
  {
    "ID Number": "7608438"
  },
  {
    "ID Number": "7602103"
  },
  {
    "ID Number": "7603410"
  },
  {
    "ID Number": "7603371"
  },
  {
    "ID Number": "7614551"
  },
  {
    "ID Number": "7600500"
  },
  {
    "ID Number": "7600062"
  },
  {
    "ID Number": "7600909"
  },
  {
    "ID Number": "7615191"
  },
  {
    "ID Number": "7601794"
  },
  {
    "ID Number": "7600461"
  },
  {
    "ID Number": "7611927"
  },
  {
    "ID Number": "7601786"
  },
  {
    "ID Number": "7604874"
  },
  {
    "ID Number": "7600097"
  },
  {
    "ID Number": "150095391"
  },
  {
    "ID Number": "7602154"
  },
  {
    "ID Number": "7603096"
  },
  {
    "ID Number": "7604734"
  },
  {
    "ID Number": "7604742"
  },
  {
    "ID Number": "7602162"
  },
  {
    "ID Number": "7601360"
  },
  {
    "ID Number": "7600550"
  },
  {
    "ID Number": "7600119"
  },
  {
    "ID Number": "7602189"
  },
  {
    "ID Number": "7604300"
  },
  {
    "ID Number": "7600259"
  },
  {
    "ID Number": "7607792"
  },
  {
    "ID Number": "7600720"
  },
  {
    "ID Number": "7607768"
  },
  {
    "ID Number": "7604610"
  },
  {
    "ID Number": "7600070"
  },
  {
    "ID Number": "7600488"
  },
  {
    "ID Number": "7600712"
  },
  {
    "ID Number": "7613431"
  },
  {
    "ID Number": "7612303"
  },
  {
    "ID Number": "7613229"
  },
  {
    "ID Number": "7612354"
  },
  {
    "ID Number": "7615132"
  },
  {
    "ID Number": "7600640"
  },
  {
    "ID Number": "7601662"
  },
  {
    "ID Number": "7610807"
  },
  {
    "ID Number": "7605838"
  },
  {
    "ID Number": "7611544"
  },
  {
    "ID Number": "7602219"
  },
  {
    "ID Number": "7611102"
  },
  {
    "ID Number": "7600046"
  },
  {
    "ID Number": "7611277"
  },
  {
    "ID Number": "7600348"
  },
  {
    "ID Number": "7602561"
  },
  {
    "ID Number": "7601034"
  },
  {
    "ID Number": "7607156"
  },
  {
    "ID Number": "7611137"
  },
  {
    "ID Number": "7600836"
  },
  {
    "ID Number": "7612125"
  },
  {
    "ID Number": "7610157"
  },
  {
    "ID Number": "7600828"
  },
  {
    "ID Number": "7600950"
  },
  {
    "ID Number": "7601344"
  },
  {
    "ID Number": "7609566"
  },
  {
    "ID Number": "7612818"
  },
  {
    "ID Number": "7609680"
  },
  {
    "ID Number": "7610173"
  },
  {
    "ID Number": "7619472"
  },
  {
    "ID Number": "7610564"
  },
  {
    "ID Number": "7605773"
  },
  {
    "ID Number": "7612419"
  },
  {
    "ID Number": "7612176"
  },
  {
    "ID Number": "7611889"
  },
  {
    "ID Number": "7609337"
  },
  {
    "ID Number": "7614829"
  },
  {
    "ID Number": "10302760"
  },
  {
    "ID Number": "7610530"
  },
  {
    "ID Number": "7605099"
  },
  {
    "ID Number": "7600356"
  },
  {
    "ID Number": "7601670"
  },
  {
    "ID Number": "7606656"
  },
  {
    "ID Number": "7602448"
  },
  {
    "ID Number": "7600291"
  },
  {
    "ID Number": "7613377"
  },
  {
    "ID Number": "7607075"
  },
  {
    "ID Number": "7603770"
  },
  {
    "ID Number": "7602324"
  },
  {
    "ID Number": "7602847"
  },
  {
    "ID Number": "7603282"
  },
  {
    "ID Number": "7610831"
  },
  {
    "ID Number": "7608276"
  },
  {
    "ID Number": "7607849"
  },
  {
    "ID Number": "7608292"
  },
  {
    "ID Number": "7604386"
  },
  {
    "ID Number": "7604394"
  },
  {
    "ID Number": "7616333"
  },
  {
    "ID Number": "7603673"
  },
  {
    "ID Number": "7603690"
  },
  {
    "ID Number": "7613270"
  },
  {
    "ID Number": "7609868"
  },
  {
    "ID Number": "7610939"
  },
  {
    "ID Number": "7613180"
  },
  {
    "ID Number": "7610122"
  },
  {
    "ID Number": "7609434"
  },
  {
    "ID Number": "7600232"
  },
  {
    "ID Number": "7601840"
  },
  {
    "ID Number": "7608454"
  },
  {
    "ID Number": "7610009"
  },
  {
    "ID Number": "7612940"
  },
  {
    "ID Number": "7616180"
  },
  {
    "ID Number": "7609493"
  },
  {
    "ID Number": "7608012"
  },
  {
    "ID Number": "7608004"
  },
  {
    "ID Number": "7609884"
  },
  {
    "ID Number": "7600577"
  },
  {
    "ID Number": "7609892"
  },
  {
    "ID Number": "7614918"
  },
  {
    "ID Number": "7609418"
  },
  {
    "ID Number": "7606397"
  },
  {
    "ID Number": "7611234"
  },
  {
    "ID Number": "7601581"
  },
  {
    "ID Number": "7601638"
  },
  {
    "ID Number": "7612206"
  },
  {
    "ID Number": "7612214"
  },
  {
    "ID Number": "7609051"
  },
  {
    "ID Number": "7607920"
  },
  {
    "ID Number": "7611030"
  },
  {
    "ID Number": "7611013"
  },
  {
    "ID Number": "7603444"
  },
  {
    "ID Number": "7615086"
  },
  {
    "ID Number": "7611730"
  },
  {
    "ID Number": "7612060"
  },
  {
    "ID Number": "7602235"
  },
  {
    "ID Number": "7607350"
  },
  {
    "ID Number": "7601379"
  },
  {
    "ID Number": "7600402"
  },
  {
    "ID Number": "7614276"
  },
  {
    "ID Number": "7611579"
  },
  {
    "ID Number": "7605471"
  },
  {
    "ID Number": "7601719"
  },
  {
    "ID Number": "7614527"
  },
  {
    "ID Number": "7600682"
  },
  {
    "ID Number": "7614799"
  },
  {
    "ID Number": "150104472"
  },
  {
    "ID Number": "7610777"
  },
  {
    "ID Number": "7604793"
  },
  {
    "ID Number": "7604807"
  },
  {
    "ID Number": "7610068"
  },
  {
    "ID Number": "7610025"
  },
  {
    "ID Number": "7602901"
  },
  {
    "ID Number": "7613610"
  },
  {
    "ID Number": "7601689"
  },
  {
    "ID Number": "7608543"
  },
  {
    "ID Number": "7605242"
  },
  {
    "ID Number": "7600976"
  },
  {
    "ID Number": "7604190"
  },
  {
    "ID Number": "7604203"
  },
  {
    "ID Number": "7603967"
  },
  {
    "ID Number": "7602243"
  },
  {
    "ID Number": "7602251"
  },
  {
    "ID Number": "7601590"
  },
  {
    "ID Number": "7613016"
  },
  {
    "ID Number": "7610149"
  },
  {
    "ID Number": "7610033"
  },
  {
    "ID Number": "7601603"
  },
  {
    "ID Number": "7608489"
  },
  {
    "ID Number": "7600470"
  },
  {
    "ID Number": "7602260"
  },
  {
    "ID Number": "7606109"
  },
  {
    "ID Number": "7600984"
  },
  {
    "ID Number": "7605293"
  },
  {
    "ID Number": "7600569"
  },
  {
    "ID Number": "7605250"
  },
  {
    "ID Number": "7608829"
  },
  {
    "ID Number": "7611633"
  },
  {
    "ID Number": "7600305"
  },
  {
    "ID Number": "7611293"
  },
  {
    "ID Number": "7611617"
  },
  {
    "ID Number": "7600020"
  },
  {
    "ID Number": "7607482"
  },
  {
    "ID Number": "7610904"
  },
  {
    "ID Number": "7612141"
  },
  {
    "ID Number": "7610076"
  },
  {
    "ID Number": "7601948"
  },
  {
    "ID Number": "7616945"
  },
  {
    "ID Number": "7600496"
  },
  {
    "ID Number": "7612133"
  },
  {
    "ID Number": "7607555"
  },
  {
    "ID Number": "7608152"
  },
  {
    "ID Number": "7600224"
  },
  {
    "ID Number": "7615620"
  },
  {
    "ID Number": "7603576"
  },
  {
    "ID Number": "7606451"
  },
  {
    "ID Number": "7610890"
  },
  {
    "ID Number": "7607946"
  },
  {
    "ID Number": "7614730"
  },
  {
    "ID Number": "7601093"
  },
  {
    "ID Number": "7604750"
  },
  {
    "ID Number": "7611200"
  },
  {
    "ID Number": "7601875"
  },
  {
    "ID Number": "7600534"
  },
  {
    "ID Number": "7609400"
  },
  {
    "ID Number": "7607407"
  },
  {
    "ID Number": "7611242"
  },
  {
    "ID Number": "7615744"
  },
  {
    "ID Number": "7605056"
  },
  {
    "ID Number": "7606958"
  },
  {
    "ID Number": "7600518"
  },
  {
    "ID Number": "7611625"
  },
  {
    "ID Number": "7613458"
  },
  {
    "ID Number": "7606192"
  },
  {
    "ID Number": "7602049"
  },
  {
    "ID Number": "7604319"
  },
  {
    "ID Number": "7603185"
  },
  {
    "ID Number": "7604645"
  },
  {
    "ID Number": "7607873"
  },
  {
    "ID Number": "7603150"
  },
  {
    "ID Number": "7603991"
  },
  {
    "ID Number": "7602294"
  },
  {
    "ID Number": "7604939"
  },
  {
    "ID Number": "7611862"
  },
  {
    "ID Number": "7601611"
  },
  {
    "ID Number": "7600763"
  },
  {
    "ID Number": "7602308"
  },
  {
    "ID Number": "7600615"
  },
  {
    "ID Number": "7600038"
  },
  {
    "ID Number": "7600410"
  },
  {
    "ID Number": "7600364"
  },
  {
    "ID Number": "7616902"
  },
  {
    "ID Number": "7613199"
  },
  {
    "ID Number": "7600429"
  },
  {
    "ID Number": "7613342"
  },
  {
    "ID Number": "7614764"
  },
  {
    "ID Number": "7600321"
  },
  {
    "ID Number": "7600623"
  },
  {
    "ID Number": "7606974"
  },
  {
    "ID Number": "7602936"
  },
  {
    "ID Number": "7606265"
  },
  {
    "ID Number": "7604009"
  },
  {
    "ID Number": "7603452"
  },
  {
    "ID Number": "7603460"
  },
  {
    "ID Number": "7607687"
  },
  {
    "ID Number": "7600798"
  },
  {
    "ID Number": "7606745"
  },
  {
    "ID Number": "7600771"
  },
  {
    "ID Number": "7610823"
  },
  {
    "ID Number": "7609558"
  },
  {
    "ID Number": "7613482"
  },
  {
    "ID Number": "7605307"
  },
  {
    "ID Number": "7613288"
  },
  {
    "ID Number": "7600267"
  },
  {
    "ID Number": "7603592"
  },
  {
    "ID Number": "7600186"
  },
  {
    "ID Number": "7611749"
  },
  {
    "ID Number": "7608632"
  },
  {
    "ID Number": "7605706"
  },
  {
    "ID Number": "7600089"
  },
  {
    "ID Number": "7607938"
  },
  {
    "ID Number": "7600135"
  },
  {
    "ID Number": "7607121"
  },
  {
    "ID Number": "7611706"
  },
  {
    "ID Number": "7611668"
  },
  {
    "ID Number": "7602316"
  },
  {
    "ID Number": "7601727"
  },
  {
    "ID Number": "7610211"
  },
  {
    "ID Number": "7610882"
  },
  {
    "ID Number": "7613261"
  },
  {
    "ID Number": "7606044"
  },
  {
    "ID Number": "7608551"
  },
  {
    "ID Number": "7606249"
  },
  {
    "ID Number": "7615159"
  },
  {
    "ID Number": "7612710"
  },
  {
    "ID Number": "7608160"
  },
  {
    "ID Number": "7613628"
  },
  {
    "ID Number": "7613806"
  },
  {
    "ID Number": "7611595"
  },
  {
    "ID Number": "7604092"
  },
  {
    "ID Number": "7619456"
  },
  {
    "ID Number": "7611110"
  },
  {
    "ID Number": "7600658"
  },
  {
    "ID Number": "7614853"
  },
  {
    "ID Number": "7603916"
  },
  {
    "ID Number": "7610815"
  },
  {
    "ID Number": "7607288"
  },
  {
    "ID Number": "7607911"
  },
  {
    "ID Number": "7604351"
  },
  {
    "ID Number": "7608730"
  },
  {
    "ID Number": "7603894"
  },
  {
    "ID Number": "7607385"
  },
  {
    "ID Number": "7613202"
  },
  {
    "ID Number": "7613210"
  },
  {
    "ID Number": "7600054"
  },
  {
    "ID Number": "7618018"
  },
  {
    "ID Number": "7610394"
  },
  {
    "ID Number": "7611145"
  },
  {
    "ID Number": "7601930"
  },
  {
    "ID Number": "7614861"
  },
  {
    "ID Number": "7602146"
  },
  {
    "ID Number": "7600666"
  },
  {
    "ID Number": "7604661"
  },
  {
    "ID Number": "7608896"
  },
  {
    "ID Number": "7610513"
  },
  {
    "ID Number": "7601891"
  },
  {
    "ID Number": "7603487"
  },
  {
    "ID Number": "7613172"
  },
  {
    "ID Number": "7608640"
  },
  {
    "ID Number": "7618824"
  },
  {
    "ID Number": "7613440"
  },
  {
    "ID Number": "7601700"
  },
  {
    "ID Number": "7603495"
  },
  {
    "ID Number": "7606761"
  },
  {
    "ID Number": "7614209"
  },
  {
    "ID Number": "7612184"
  },
  {
    "ID Number": "7601778"
  },
  {
    "ID Number": "7603100"
  },
  {
    "ID Number": "7609647"
  },
  {
    "ID Number": "7605064"
  },
  {
    "ID Number": "7601387"
  },
  {
    "ID Number": "7606532"
  },
  {
    "ID Number": "7611404"
  },
  {
    "ID Number": "7611412"
  },
  {
    "ID Number": "7602332"
  },
  {
    "ID Number": "7601263"
  },
  {
    "ID Number": "7605412"
  },
  {
    "ID Number": "7607903"
  },
  {
    "ID Number": "7612290"
  },
  {
    "ID Number": "7613008"
  },
  {
    "ID Number": "7602898"
  },
  {
    "ID Number": "7602340"
  },
  {
    "ID Number": "7607377"
  },
  {
    "ID Number": "7612150"
  },
  {
    "ID Number": "7606010"
  },
  {
    "ID Number": "7601158"
  },
  {
    "ID Number": "7600844"
  },
  {
    "ID Number": "7607776"
  },
  {
    "ID Number": "7610840"
  },
  {
    "ID Number": "7606788"
  },
  {
    "ID Number": "7609639"
  },
  {
    "ID Number": "7600160"
  },
  {
    "ID Number": "7610050"
  },
  {
    "ID Number": "7608420"
  },
  {
    "ID Number": "7600852"
  },
  {
    "ID Number": "7600674"
  },
  {
    "ID Number": "7610521"
  },
  {
    "ID Number": "7605226"
  },
  {
    "ID Number": "7608403"
  },
  {
    "ID Number": "7611285"
  },
  {
    "ID Number": "7602359"
  },
  {
    "ID Number": "7605420"
  },
  {
    "ID Number": "7603304"
  },
  {
    "ID Number": "7606087"
  },
  {
    "ID Number": "7605439"
  },
  {
    "ID Number": "7601816"
  },
  {
    "ID Number": "7600372"
  },
  {
    "ID Number": "7603924"
  },
  {
    "ID Number": "7608101"
  },
  {
    "ID Number": "7614870"
  },
  {
    "ID Number": "7605633"
  },
  {
    "ID Number": "7606800"
  },
  {
    "ID Number": "7612699"
  },
  {
    "ID Number": "7614985"
  },
  {
    "ID Number": "7604688"
  },
  {
    "ID Number": "7601166"
  },
  {
    "ID Number": "7611250"
  },
  {
    "ID Number": "7613059"
  },
  {
    "ID Number": "7605390"
  },
  {
    "ID Number": "7607245"
  },
  {
    "ID Number": "138188909"
  },
  {
    "ID Number": "7612648"
  },
  {
    "ID Number": "7601832"
  },
  {
    "ID Number": "7610254"
  },
  {
    "ID Number": "7609248"
  },
  {
    "ID Number": "7600178"
  },
  {
    "ID Number": "7605269"
  },
  {
    "ID Number": "7613237"
  },
  {
    "ID Number": "7614772"
  },
  {
    "ID Number": "7614802"
  },
  {
    "ID Number": "7602383"
  },
  {
    "ID Number": "7605234"
  },
  {
    "ID Number": "7614519"
  },
  {
    "ID Number": "7603800"
  },
  {
    "ID Number": "7613334"
  },
  {
    "ID Number": "7606559"
  },
  {
    "ID Number": "7600240"
  },
  {
    "ID Number": "7605358"
  },
  {
    "ID Number": "7601735"
  },
  {
    "ID Number": "7605986"
  },
  {
    "ID Number": "7608799"
  },
  {
    "ID Number": "7611196"
  },
  {
    "ID Number": "7607784"
  },
  {
    "ID Number": "7613393"
  },
  {
    "ID Number": "7609442"
  },
  {
    "ID Number": "7602391"
  },
  {
    "ID Number": "7604165"
  },
  {
    "ID Number": "7606893"
  },
  {
    "ID Number": "7610289"
  },
  {
    "ID Number": "7603126"
  },
  {
    "ID Number": "7606079"
  },
  {
    "ID Number": "7609787"
  },
  {
    "ID Number": "7608810"
  },
  {
    "ID Number": "7608780"
  },
  {
    "ID Number": "7601247"
  },
  {
    "ID Number": "7611420"
  },
  {
    "ID Number": "7600801"
  },
  {
    "ID Number": "7607695"
  },
  {
    "ID Number": "7616147"
  },
  {
    "ID Number": "7614128"
  },
  {
    "ID Number": "146242580"
  },
  {
    "ID Number": "7601174"
  },
  {
    "ID Number": "7602413"
  },
  {
    "ID Number": "7616198"
  },
  {
    "ID Number": "7603509"
  },
  {
    "ID Number": "7602502"
  },
  {
    "ID Number": "7600453"
  },
  {
    "ID Number": "7605501"
  },
  {
    "ID Number": "7602456"
  },
  {
    "ID Number": "7605714"
  },
  {
    "ID Number": "7615213"
  },
  {
    "ID Number": "7601182"
  },
  {
    "ID Number": "7616279"
  },
  {
    "ID Number": "7600992"
  },
  {
    "ID Number": "7605218"
  },
  {
    "ID Number": "7606206"
  },
  {
    "ID Number": "7605463"
  },
  {
    "ID Number": "7605951"
  },
  {
    "ID Number": "7608594"
  },
  {
    "ID Number": "34554033"
  },
  {
    "ID Number": "7606168"
  },
  {
    "ID Number": "7610580"
  },
  {
    "ID Number": "7615850"
  },
  {
    "ID Number": "7614942"
  },
  {
    "ID Number": "7614950"
  },
  {
    "ID Number": "7614845"
  },
  {
    "ID Number": "7600810"
  },
  {
    "ID Number": "7600011"
  },
  {
    "ID Number": "7606672"
  },
  {
    "ID Number": "7604033"
  },
  {
    "ID Number": "7603525"
  },
  {
    "ID Number": "7609540"
  },
  {
    "ID Number": "7615108"
  },
  {
    "ID Number": "7601190"
  },
  {
    "ID Number": "7612893"
  },
  {
    "ID Number": "7601697"
  },
  {
    "ID Number": "7606850"
  },
  {
    "ID Number": "7609507"
  },
  {
    "ID Number": "7613024"
  },
  {
    "ID Number": "7602421"
  },
  {
    "ID Number": "7604050"
  },
  {
    "ID Number": "7609981"
  },
  {
    "ID Number": "7613555"
  },
  {
    "ID Number": "7602030"
  },
  {
    "ID Number": "7604530"
  },
  {
    "ID Number": "7614705"
  },
  {
    "ID Number": "7601050"
  },
  {
    "ID Number": "7603819"
  },
  {
    "ID Number": "7609655"
  },
  {
    "ID Number": "7604947"
  },
  {
    "ID Number": "7609817"
  },
  {
    "ID Number": "7608020"
  },
  {
    "ID Number": "7603312"
  },
  {
    "ID Number": "7603363"
  },
  {
    "ID Number": "7603649"
  },
  {
    "ID Number": "7613792"
  },
  {
    "ID Number": "7616236"
  },
  {
    "ID Number": "7606869"
  },
  {
    "ID Number": "7600585"
  },
  {
    "ID Number": "7606222"
  },
  {
    "ID Number": "7610203"
  },
  {
    "ID Number": "7619677"
  },
  {
    "ID Number": "7619766"
  },
  {
    "ID Number": "7610742"
  },
  {
    "ID Number": "7605188"
  },
  {
    "ID Number": "7613423"
  },
  {
    "ID Number": "7613407"
  },
  {
    "ID Number": "7611307"
  },
  {
    "ID Number": "7605072"
  },
  {
    "ID Number": "7606060"
  },
  {
    "ID Number": "7610092"
  },
  {
    "ID Number": "7607857"
  },
  {
    "ID Number": "7613156"
  },
  {
    "ID Number": "7600895"
  },
  {
    "ID Number": "7606427"
  },
  {
    "ID Number": "7603266"
  },
  {
    "ID Number": "7600780"
  },
  {
    "ID Number": "7605285"
  },
  {
    "ID Number": "7602065"
  },
  {
    "ID Number": "7612494"
  },
  {
    "ID Number": "7607369"
  },
  {
    "ID Number": "7600704"
  },
  {
    "ID Number": "7608519"
  },
  {
    "ID Number": "7605668"
  },
  {
    "ID Number": "7613245"
  },
  {
    "ID Number": "7610980"
  },
  {
    "ID Number": "7608373"
  },
  {
    "ID Number": "7608381"
  },
  {
    "ID Number": "7606583"
  },
  {
    "ID Number": "7610114"
  },
  {
    "ID Number": "7608535"
  },
  {
    "ID Number": "7604270"
  },
  {
    "ID Number": "7611552"
  },
  {
    "ID Number": "7611773"
  },
  {
    "ID Number": "7600631"
  }
]