[
  {
    "ID Number": "10102680"
  },
  {
    "ID Number": "10100474"
  },
  {
    "ID Number": "10101837"
  },
  {
    "ID Number": "10100237"
  },
  {
    "ID Number": "10100180"
  },
  {
    "ID Number": "10101233"
  },
  {
    "ID Number": "10103767"
  },
  {
    "ID Number": "10100571"
  },
  {
    "ID Number": "10100911"
  },
  {
    "ID Number": "10100148"
  },
  {
    "ID Number": "10111352"
  },
  {
    "ID Number": "10108459"
  },
  {
    "ID Number": "10118152"
  },
  {
    "ID Number": "10107967"
  },
  {
    "ID Number": "10108394"
  },
  {
    "ID Number": "10104534"
  },
  {
    "ID Number": "10107630"
  },
  {
    "ID Number": "10111360"
  },
  {
    "ID Number": "10105484"
  },
  {
    "ID Number": "10107860"
  },
  {
    "ID Number": "10107878"
  },
  {
    "ID Number": "10102817"
  },
  {
    "ID Number": "10116338"
  },
  {
    "ID Number": "10106138"
  },
  {
    "ID Number": "10100610"
  },
  {
    "ID Number": "10111719"
  },
  {
    "ID Number": "10106227"
  },
  {
    "ID Number": "10111018"
  },
  {
    "ID Number": "10107029"
  },
  {
    "ID Number": "10101268"
  },
  {
    "ID Number": "10101276"
  },
  {
    "ID Number": "10100830"
  },
  {
    "ID Number": "10104542"
  },
  {
    "ID Number": "10100563"
  },
  {
    "ID Number": "10100377"
  },
  {
    "ID Number": "10116176"
  },
  {
    "ID Number": "10100156"
  },
  {
    "ID Number": "10106847"
  },
  {
    "ID Number": "2110016"
  },
  {
    "ID Number": "10100628"
  },
  {
    "ID Number": "10100903"
  },
  {
    "ID Number": "10106871"
  },
  {
    "ID Number": "10119205"
  },
  {
    "ID Number": "10106677"
  },
  {
    "ID Number": "10101144"
  },
  {
    "ID Number": "10104224"
  },
  {
    "ID Number": "10119698"
  },
  {
    "ID Number": "10100342"
  },
  {
    "ID Number": "10105883"
  },
  {
    "ID Number": "10115064"
  },
  {
    "ID Number": "10116346"
  },
  {
    "ID Number": "10109463"
  },
  {
    "ID Number": "10109064"
  },
  {
    "ID Number": "10104267"
  },
  {
    "ID Number": "10109846"
  },
  {
    "ID Number": "10103830"
  },
  {
    "ID Number": "10110224"
  },
  {
    "ID Number": "10105441"
  },
  {
    "ID Number": "10108050"
  },
  {
    "ID Number": "10104127"
  },
  {
    "ID Number": "10113606"
  },
  {
    "ID Number": "10100636"
  },
  {
    "ID Number": "10110879"
  },
  {
    "ID Number": "10102655"
  },
  {
    "ID Number": "10102124"
  },
  {
    "ID Number": "10102132"
  },
  {
    "ID Number": "10100253"
  },
  {
    "ID Number": "10104429"
  },
  {
    "ID Number": "10100385"
  },
  {
    "ID Number": "10103163"
  },
  {
    "ID Number": "10100768"
  },
  {
    "ID Number": "10107061"
  },
  {
    "ID Number": "10107312"
  },
  {
    "ID Number": "10108114"
  },
  {
    "ID Number": "10101454"
  },
  {
    "ID Number": "10115358"
  },
  {
    "ID Number": "10108696"
  },
  {
    "ID Number": "10116524"
  },
  {
    "ID Number": "10100652"
  },
  {
    "ID Number": "10107754"
  },
  {
    "ID Number": "10103759"
  },
  {
    "ID Number": "10100350"
  },
  {
    "ID Number": "10110275"
  },
  {
    "ID Number": "10106910"
  },
  {
    "ID Number": "10101489"
  },
  {
    "ID Number": "10115366"
  },
  {
    "ID Number": "10105263"
  },
  {
    "ID Number": "10105921"
  },
  {
    "ID Number": "10101071"
  },
  {
    "ID Number": "10108475"
  },
  {
    "ID Number": "10100210"
  },
  {
    "ID Number": "10101497"
  },
  {
    "ID Number": "10100776"
  },
  {
    "ID Number": "10101284"
  },
  {
    "ID Number": "10104771"
  },
  {
    "ID Number": "10106782"
  },
  {
    "ID Number": "10117024"
  },
  {
    "ID Number": "10112502"
  },
  {
    "ID Number": "10105824"
  },
  {
    "ID Number": "10106774"
  },
  {
    "ID Number": "10101527"
  },
  {
    "ID Number": "10100539"
  },
  {
    "ID Number": "10100920"
  },
  {
    "ID Number": "10100547"
  },
  {
    "ID Number": "10104992"
  },
  {
    "ID Number": "10119272"
  },
  {
    "ID Number": "10104607"
  },
  {
    "ID Number": "10106766"
  },
  {
    "ID Number": "10105964"
  },
  {
    "ID Number": "10106278"
  },
  {
    "ID Number": "10111484"
  },
  {
    "ID Number": "10100440"
  },
  {
    "ID Number": "10112570"
  },
  {
    "ID Number": "10105972"
  },
  {
    "ID Number": "10105980"
  },
  {
    "ID Number": "10104380"
  },
  {
    "ID Number": "10107614"
  },
  {
    "ID Number": "10103414"
  },
  {
    "ID Number": "10105190"
  },
  {
    "ID Number": "10103643"
  },
  {
    "ID Number": "10122664"
  },
  {
    "ID Number": "10100113"
  },
  {
    "ID Number": "10116958"
  },
  {
    "ID Number": "10119213"
  },
  {
    "ID Number": "10111514"
  },
  {
    "ID Number": "10106863"
  },
  {
    "ID Number": "10110887"
  },
  {
    "ID Number": "10116281"
  },
  {
    "ID Number": "10103651"
  },
  {
    "ID Number": "10110992"
  },
  {
    "ID Number": "10101292"
  },
  {
    "ID Number": "10105158"
  },
  {
    "ID Number": "10105654"
  },
  {
    "ID Number": "10116966"
  },
  {
    "ID Number": "10112278"
  },
  {
    "ID Number": "10110780"
  },
  {
    "ID Number": "10102477"
  },
  {
    "ID Number": "10100792"
  },
  {
    "ID Number": "10107541"
  },
  {
    "ID Number": "10111212"
  },
  {
    "ID Number": "10108610"
  },
  {
    "ID Number": "10107916"
  },
  {
    "ID Number": "10103252"
  },
  {
    "ID Number": "10100024"
  },
  {
    "ID Number": "10116290"
  },
  {
    "ID Number": "10103678"
  },
  {
    "ID Number": "10117504"
  },
  {
    "ID Number": "10111565"
  },
  {
    "ID Number": "10100431"
  },
  {
    "ID Number": "10104984"
  },
  {
    "ID Number": "10112294"
  },
  {
    "ID Number": "10105450"
  },
  {
    "ID Number": "10104194"
  },
  {
    "ID Number": "10106090"
  },
  {
    "ID Number": "10104330"
  },
  {
    "ID Number": "10100326"
  },
  {
    "ID Number": "10104186"
  },
  {
    "ID Number": "10103457"
  },
  {
    "ID Number": "10110836"
  },
  {
    "ID Number": "10115650"
  },
  {
    "ID Number": "10102787"
  },
  {
    "ID Number": "10105042"
  },
  {
    "ID Number": "10100989"
  },
  {
    "ID Number": "10110925"
  },
  {
    "ID Number": "10101020"
  },
  {
    "ID Number": "10101012"
  },
  {
    "ID Number": "10104321"
  },
  {
    "ID Number": "10107592"
  },
  {
    "ID Number": "10100105"
  },
  {
    "ID Number": "10106685"
  },
  {
    "ID Number": "10100423"
  },
  {
    "ID Number": "10100555"
  },
  {
    "ID Number": "10108467"
  },
  {
    "ID Number": "10107690"
  },
  {
    "ID Number": "10106391"
  },
  {
    "ID Number": "10116389"
  },
  {
    "ID Number": "10115943"
  },
  {
    "ID Number": "10100962"
  },
  {
    "ID Number": "10100946"
  },
  {
    "ID Number": "10100482"
  },
  {
    "ID Number": "10115102"
  },
  {
    "ID Number": "10113630"
  },
  {
    "ID Number": "10100717"
  },
  {
    "ID Number": "10119809"
  },
  {
    "ID Number": "10108270"
  },
  {
    "ID Number": "10101764"
  },
  {
    "ID Number": "10101314"
  },
  {
    "ID Number": "10100750"
  },
  {
    "ID Number": "10103325"
  },
  {
    "ID Number": "10100520"
  },
  {
    "ID Number": "10109510"
  },
  {
    "ID Number": "10100091"
  },
  {
    "ID Number": "10112081"
  },
  {
    "ID Number": "10111140"
  },
  {
    "ID Number": "10100075"
  },
  {
    "ID Number": "10106316"
  },
  {
    "ID Number": "10100857"
  },
  {
    "ID Number": "10100598"
  },
  {
    "ID Number": "10116508"
  },
  {
    "ID Number": "10105778"
  },
  {
    "ID Number": "10108858"
  }
]