[
  {
    "ID Number": "21533946"
  },
  {
    "ID Number": "21542910"
  },
  {
    "ID Number": "21512914"
  },
  {
    "ID Number": "21523681"
  },
  {
    "ID Number": "21541825"
  },
  {
    "ID Number": "21545545"
  },
  {
    "ID Number": "21547564"
  },
  {
    "ID Number": "21543356"
  },
  {
    "ID Number": "21543348"
  },
  {
    "ID Number": "21543178"
  },
  {
    "ID Number": "21531382"
  },
  {
    "ID Number": "21505322"
  },
  {
    "ID Number": "21543143"
  },
  {
    "ID Number": "21514429"
  },
  {
    "ID Number": "21529574"
  },
  {
    "ID Number": "21543534"
  },
  {
    "ID Number": "21531986"
  },
  {
    "ID Number": "21545880"
  },
  {
    "ID Number": "21518165"
  },
  {
    "ID Number": "21506671"
  },
  {
    "ID Number": "21541973"
  },
  {
    "ID Number": "21507821"
  },
  {
    "ID Number": "21501840"
  },
  {
    "ID Number": "21504091"
  },
  {
    "ID Number": "21518564"
  },
  {
    "ID Number": "21502447"
  },
  {
    "ID Number": "21501505"
  },
  {
    "ID Number": "21500061"
  },
  {
    "ID Number": "21504814"
  },
  {
    "ID Number": "21506434"
  },
  {
    "ID Number": "21513228"
  },
  {
    "ID Number": "21501092"
  },
  {
    "ID Number": "21506027"
  },
  {
    "ID Number": "21505357"
  },
  {
    "ID Number": "21501858"
  },
  {
    "ID Number": "21510415"
  },
  {
    "ID Number": "21507767"
  },
  {
    "ID Number": "21510563"
  },
  {
    "ID Number": "21505373"
  },
  {
    "ID Number": "21501475"
  },
  {
    "ID Number": "21518602"
  },
  {
    "ID Number": "21500118"
  },
  {
    "ID Number": "21502382"
  },
  {
    "ID Number": "21501424"
  },
  {
    "ID Number": "21504121"
  },
  {
    "ID Number": "21510962"
  },
  {
    "ID Number": "21504482"
  },
  {
    "ID Number": "21504539"
  },
  {
    "ID Number": "21521433"
  },
  {
    "ID Number": "21508976"
  },
  {
    "ID Number": "21503974"
  },
  {
    "ID Number": "21507830"
  },
  {
    "ID Number": "21515492"
  },
  {
    "ID Number": "21530556"
  },
  {
    "ID Number": "21500142"
  },
  {
    "ID Number": "21512833"
  },
  {
    "ID Number": "21500592"
  },
  {
    "ID Number": "21520798"
  },
  {
    "ID Number": "21520518"
  },
  {
    "ID Number": "21521441"
  },
  {
    "ID Number": "21521263"
  },
  {
    "ID Number": "21508143"
  },
  {
    "ID Number": "21509107"
  },
  {
    "ID Number": "21500029"
  },
  {
    "ID Number": "21500371"
  },
  {
    "ID Number": "21503052"
  },
  {
    "ID Number": "21501009"
  },
  {
    "ID Number": "21502110"
  },
  {
    "ID Number": "21521999"
  },
  {
    "ID Number": "21506043"
  },
  {
    "ID Number": "21505403"
  },
  {
    "ID Number": "21510610"
  },
  {
    "ID Number": "21508828"
  },
  {
    "ID Number": "21510334"
  },
  {
    "ID Number": "21500614"
  },
  {
    "ID Number": "21500177"
  },
  {
    "ID Number": "21502722"
  },
  {
    "ID Number": "21503826"
  },
  {
    "ID Number": "21530491"
  },
  {
    "ID Number": "21513201"
  },
  {
    "ID Number": "21509557"
  },
  {
    "ID Number": "21509565"
  },
  {
    "ID Number": "21500185"
  },
  {
    "ID Number": "21540756"
  },
  {
    "ID Number": "21504580"
  },
  {
    "ID Number": "21505756"
  },
  {
    "ID Number": "21508542"
  },
  {
    "ID Number": "21506086"
  },
  {
    "ID Number": "21510148"
  },
  {
    "ID Number": "21506094"
  },
  {
    "ID Number": "21506442"
  },
  {
    "ID Number": "21530599"
  },
  {
    "ID Number": "21513813"
  },
  {
    "ID Number": "21500070"
  },
  {
    "ID Number": "21502188"
  },
  {
    "ID Number": "21500894"
  },
  {
    "ID Number": "21500681"
  },
  {
    "ID Number": "21503079"
  },
  {
    "ID Number": "21508550"
  },
  {
    "ID Number": "21500380"
  },
  {
    "ID Number": "21500193"
  },
  {
    "ID Number": "21504610"
  },
  {
    "ID Number": "21501467"
  },
  {
    "ID Number": "21500908"
  },
  {
    "ID Number": "21500045"
  },
  {
    "ID Number": "21509255"
  },
  {
    "ID Number": "21500207"
  },
  {
    "ID Number": "21501181"
  },
  {
    "ID Number": "21501130"
  },
  {
    "ID Number": "21509085"
  },
  {
    "ID Number": "21504628"
  },
  {
    "ID Number": "21526699"
  },
  {
    "ID Number": "21506930"
  },
  {
    "ID Number": "21504644"
  },
  {
    "ID Number": "21507643"
  },
  {
    "ID Number": "21509603"
  },
  {
    "ID Number": "21507104"
  },
  {
    "ID Number": "21500037"
  },
  {
    "ID Number": "21500053"
  },
  {
    "ID Number": "21520615"
  },
  {
    "ID Number": "21501190"
  },
  {
    "ID Number": "21506957"
  },
  {
    "ID Number": "21510440"
  },
  {
    "ID Number": "21502200"
  },
  {
    "ID Number": "21512345"
  },
  {
    "ID Number": "21510067"
  },
  {
    "ID Number": "21510075"
  },
  {
    "ID Number": "21512876"
  },
  {
    "ID Number": "21503460"
  },
  {
    "ID Number": "21507651"
  },
  {
    "ID Number": "21510296"
  },
  {
    "ID Number": "21500223"
  },
  {
    "ID Number": "21508097"
  },
  {
    "ID Number": "21501807"
  },
  {
    "ID Number": "21503087"
  },
  {
    "ID Number": "21523878"
  },
  {
    "ID Number": "21519064"
  },
  {
    "ID Number": "21500525"
  },
  {
    "ID Number": "21501327"
  },
  {
    "ID Number": "21500959"
  },
  {
    "ID Number": "21513252"
  },
  {
    "ID Number": "21501831"
  },
  {
    "ID Number": "21512361"
  },
  {
    "ID Number": "21503303"
  },
  {
    "ID Number": "21500258"
  },
  {
    "ID Number": "21510156"
  },
  {
    "ID Number": "21502218"
  },
  {
    "ID Number": "21501572"
  },
  {
    "ID Number": "21502390"
  },
  {
    "ID Number": "21502048"
  },
  {
    "ID Number": "21500541"
  },
  {
    "ID Number": "21514798"
  },
  {
    "ID Number": "21503850"
  },
  {
    "ID Number": "21500401"
  },
  {
    "ID Number": "21501491"
  },
  {
    "ID Number": "21506213"
  },
  {
    "ID Number": "21501106"
  },
  {
    "ID Number": "21501890"
  },
  {
    "ID Number": "21502404"
  },
  {
    "ID Number": "21505438"
  },
  {
    "ID Number": "21506566"
  },
  {
    "ID Number": "21500266"
  },
  {
    "ID Number": "21500967"
  },
  {
    "ID Number": "21504512"
  },
  {
    "ID Number": "21526770"
  },
  {
    "ID Number": "21524459"
  },
  {
    "ID Number": "21512485"
  },
  {
    "ID Number": "21524475"
  },
  {
    "ID Number": "21532125"
  },
  {
    "ID Number": "21545723"
  },
  {
    "ID Number": "21528926"
  },
  {
    "ID Number": "21522634"
  },
  {
    "ID Number": "21506221"
  },
  {
    "ID Number": "21520917"
  },
  {
    "ID Number": "21521654"
  },
  {
    "ID Number": "21531404"
  },
  {
    "ID Number": "21537950"
  },
  {
    "ID Number": "21537348"
  },
  {
    "ID Number": "21522278"
  },
  {
    "ID Number": "21527539"
  },
  {
    "ID Number": "21536333"
  },
  {
    "ID Number": "21537011"
  },
  {
    "ID Number": "21529949"
  },
  {
    "ID Number": "21529353"
  },
  {
    "ID Number": "21508488"
  },
  {
    "ID Number": "21536422"
  },
  {
    "ID Number": "21541027"
  },
  {
    "ID Number": "21513007"
  },
  {
    "ID Number": "21514844"
  },
  {
    "ID Number": "21522847"
  },
  {
    "ID Number": "21529787"
  },
  {
    "ID Number": "21525854"
  },
  {
    "ID Number": "21534403"
  },
  {
    "ID Number": "21543925"
  },
  {
    "ID Number": "21546207"
  },
  {
    "ID Number": "21533644"
  },
  {
    "ID Number": "21541175"
  },
  {
    "ID Number": "21521310"
  },
  {
    "ID Number": "21538840"
  },
  {
    "ID Number": "21535752"
  },
  {
    "ID Number": "21513562"
  },
  {
    "ID Number": "21535540"
  },
  {
    "ID Number": "21529418"
  },
  {
    "ID Number": "21537976"
  },
  {
    "ID Number": "21537941"
  },
  {
    "ID Number": "21528551"
  },
  {
    "ID Number": "21544174"
  },
  {
    "ID Number": "21527687"
  },
  {
    "ID Number": "21518173"
  },
  {
    "ID Number": "21509646"
  },
  {
    "ID Number": "21544115"
  },
  {
    "ID Number": "21522375"
  },
  {
    "ID Number": "21530084"
  },
  {
    "ID Number": "21529361"
  },
  {
    "ID Number": "21526621"
  },
  {
    "ID Number": "21527148"
  },
  {
    "ID Number": "21547718"
  },
  {
    "ID Number": "21546630"
  },
  {
    "ID Number": "21538204"
  },
  {
    "ID Number": "21508070"
  },
  {
    "ID Number": "21513147"
  },
  {
    "ID Number": "215223634"
  },
  {
    "ID Number": "21500088"
  },
  {
    "ID Number": "21527024"
  },
  {
    "ID Number": "21518491"
  },
  {
    "ID Number": "21514879"
  },
  {
    "ID Number": "21538115"
  },
  {
    "ID Number": "21527652"
  },
  {
    "ID Number": "21526893"
  },
  {
    "ID Number": "21524807"
  },
  {
    "ID Number": "21541060"
  },
  {
    "ID Number": "21523266"
  },
  {
    "ID Number": "21529965"
  },
  {
    "ID Number": "21517517"
  },
  {
    "ID Number": "21515573"
  },
  {
    "ID Number": "21511896"
  },
  {
    "ID Number": "21515590"
  },
  {
    "ID Number": "21522189"
  },
  {
    "ID Number": "21500150"
  },
  {
    "ID Number": "21522960"
  },
  {
    "ID Number": "21525773"
  },
  {
    "ID Number": "21511900"
  },
  {
    "ID Number": "21538646"
  },
  {
    "ID Number": "21538581"
  },
  {
    "ID Number": "21536597"
  },
  {
    "ID Number": "21529752"
  },
  {
    "ID Number": "21535892"
  },
  {
    "ID Number": "21514895"
  },
  {
    "ID Number": "21529906"
  },
  {
    "ID Number": "21512620"
  },
  {
    "ID Number": "21534179"
  },
  {
    "ID Number": "21535728"
  },
  {
    "ID Number": "21522472"
  },
  {
    "ID Number": "21520941"
  },
  {
    "ID Number": "21514933"
  },
  {
    "ID Number": "21529922"
  },
  {
    "ID Number": "21522324"
  },
  {
    "ID Number": "21511322"
  },
  {
    "ID Number": "21514968"
  },
  {
    "ID Number": "21514976"
  },
  {
    "ID Number": "21536481"
  },
  {
    "ID Number": "21543836"
  },
  {
    "ID Number": "21530785"
  },
  {
    "ID Number": "21533296"
  },
  {
    "ID Number": "21536953"
  },
  {
    "ID Number": "21529337"
  },
  {
    "ID Number": "21528365"
  },
  {
    "ID Number": "21538492"
  },
  {
    "ID Number": "21532761"
  },
  {
    "ID Number": "21522642"
  },
  {
    "ID Number": "21513341"
  },
  {
    "ID Number": "21512884"
  },
  {
    "ID Number": "21536767"
  },
  {
    "ID Number": "21502226"
  },
  {
    "ID Number": "21505454"
  },
  {
    "ID Number": "21510288"
  },
  {
    "ID Number": "21507899"
  },
  {
    "ID Number": "21534730"
  },
  {
    "ID Number": "21501017"
  },
  {
    "ID Number": "21522006"
  },
  {
    "ID Number": "21532109"
  },
  {
    "ID Number": "21525005"
  },
  {
    "ID Number": "21543950"
  },
  {
    "ID Number": "21514542"
  },
  {
    "ID Number": "21531510"
  },
  {
    "ID Number": "21539499"
  },
  {
    "ID Number": "21507074"
  },
  {
    "ID Number": "21538549"
  },
  {
    "ID Number": "21542643"
  },
  {
    "ID Number": "21535779"
  },
  {
    "ID Number": "21538522"
  },
  {
    "ID Number": "21508496"
  },
  {
    "ID Number": "21536562"
  },
  {
    "ID Number": "21524033"
  },
  {
    "ID Number": "21508003"
  },
  {
    "ID Number": "21502234"
  },
  {
    "ID Number": "21534780"
  },
  {
    "ID Number": "21530602"
  },
  {
    "ID Number": "21533520"
  },
  {
    "ID Number": "21525692"
  },
  {
    "ID Number": "21544387"
  },
  {
    "ID Number": "21523550"
  },
  {
    "ID Number": "21525277"
  },
  {
    "ID Number": "21514569"
  },
  {
    "ID Number": "21536945"
  },
  {
    "ID Number": "21545979"
  },
  {
    "ID Number": "21520968"
  },
  {
    "ID Number": "21506256"
  },
  {
    "ID Number": "21506272"
  },
  {
    "ID Number": "21540500"
  },
  {
    "ID Number": "21523835"
  },
  {
    "ID Number": "21538069"
  },
  {
    "ID Number": "21525323"
  },
  {
    "ID Number": "21527644"
  },
  {
    "ID Number": "21518203"
  },
  {
    "ID Number": "21530483"
  },
  {
    "ID Number": "21522294"
  },
  {
    "ID Number": "21535442"
  },
  {
    "ID Number": "21525919"
  },
  {
    "ID Number": "21538476"
  },
  {
    "ID Number": "21515611"
  },
  {
    "ID Number": "21537070"
  },
  {
    "ID Number": "21511608"
  },
  {
    "ID Number": "21535604"
  },
  {
    "ID Number": "21533660"
  },
  {
    "ID Number": "21534985"
  },
  {
    "ID Number": "21531323"
  },
  {
    "ID Number": "21532001"
  },
  {
    "ID Number": "21528888"
  },
  {
    "ID Number": "21527288"
  },
  {
    "ID Number": "21536937"
  },
  {
    "ID Number": "21533059"
  },
  {
    "ID Number": "21522049"
  },
  {
    "ID Number": "21545936"
  },
  {
    "ID Number": "21523223"
  },
  {
    "ID Number": "21540586"
  },
  {
    "ID Number": "21546541"
  },
  {
    "ID Number": "21537607"
  },
  {
    "ID Number": "21524165"
  },
  {
    "ID Number": "21546622"
  },
  {
    "ID Number": "21546550"
  },
  {
    "ID Number": "21515131"
  },
  {
    "ID Number": "21537399"
  },
  {
    "ID Number": "21537178"
  },
  {
    "ID Number": "21520585"
  },
  {
    "ID Number": "21526230"
  },
  {
    "ID Number": "21537593"
  },
  {
    "ID Number": "21524246"
  },
  {
    "ID Number": "21525307"
  },
  {
    "ID Number": "21530327"
  },
  {
    "ID Number": "21534039"
  },
  {
    "ID Number": "21539367"
  },
  {
    "ID Number": "21535450"
  },
  {
    "ID Number": "21531412"
  },
  {
    "ID Number": "21534578"
  },
  {
    "ID Number": "21532060"
  },
  {
    "ID Number": "21534829"
  },
  {
    "ID Number": "21539448"
  },
  {
    "ID Number": "21546665"
  },
  {
    "ID Number": "21541213"
  },
  {
    "ID Number": "21526273"
  },
  {
    "ID Number": "21515085"
  },
  {
    "ID Number": "21518890"
  },
  {
    "ID Number": "21521352"
  },
  {
    "ID Number": "21541132"
  },
  {
    "ID Number": "21526087"
  },
  {
    "ID Number": "21513287"
  },
  {
    "ID Number": "21535345"
  },
  {
    "ID Number": "21528357"
  },
  {
    "ID Number": "21522855"
  },
  {
    "ID Number": "21546681"
  },
  {
    "ID Number": "21529990"
  },
  {
    "ID Number": "21522286"
  },
  {
    "ID Number": "21525978"
  },
  {
    "ID Number": "21527610"
  },
  {
    "ID Number": "21527628"
  },
  {
    "ID Number": "21538573"
  },
  {
    "ID Number": "21524009"
  },
  {
    "ID Number": "21523940"
  },
  {
    "ID Number": "21523460"
  },
  {
    "ID Number": "21537160"
  },
  {
    "ID Number": "21534268"
  },
  {
    "ID Number": "21522316"
  },
  {
    "ID Number": "21527709"
  },
  {
    "ID Number": "21541035"
  },
  {
    "ID Number": "21544123"
  },
  {
    "ID Number": "21532290"
  },
  {
    "ID Number": "21535736"
  },
  {
    "ID Number": "21526613"
  },
  {
    "ID Number": "21527261"
  },
  {
    "ID Number": "21511128"
  },
  {
    "ID Number": "21546487"
  },
  {
    "ID Number": "21521514"
  },
  {
    "ID Number": "21535965"
  },
  {
    "ID Number": "21543372"
  },
  {
    "ID Number": "21536139"
  },
  {
    "ID Number": "21536465"
  },
  {
    "ID Number": "21522537"
  },
  {
    "ID Number": "21532010"
  },
  {
    "ID Number": "21527849"
  },
  {
    "ID Number": "21524157"
  },
  {
    "ID Number": "21533490"
  },
  {
    "ID Number": "21547491"
  },
  {
    "ID Number": "21528560"
  },
  {
    "ID Number": "21517061"
  },
  {
    "ID Number": "21517070"
  },
  {
    "ID Number": "21546690"
  },
  {
    "ID Number": "21540446"
  },
  {
    "ID Number": "21515204"
  },
  {
    "ID Number": "21532834"
  },
  {
    "ID Number": "21524220"
  },
  {
    "ID Number": "21518840"
  },
  {
    "ID Number": "21532508"
  },
  {
    "ID Number": "21535809"
  },
  {
    "ID Number": "21528233"
  },
  {
    "ID Number": "21525986"
  },
  {
    "ID Number": "21515239"
  },
  {
    "ID Number": "21521387"
  },
  {
    "ID Number": "21525021"
  },
  {
    "ID Number": "21541191"
  },
  {
    "ID Number": "21539529"
  },
  {
    "ID Number": "21533288"
  },
  {
    "ID Number": "21539073"
  },
  {
    "ID Number": "21534071"
  },
  {
    "ID Number": "21507082"
  },
  {
    "ID Number": "21537097"
  },
  {
    "ID Number": "21505462"
  },
  {
    "ID Number": "21524130"
  },
  {
    "ID Number": "21531242"
  },
  {
    "ID Number": "21511217"
  },
  {
    "ID Number": "21525455"
  },
  {
    "ID Number": "21536210"
  },
  {
    "ID Number": "21543887"
  },
  {
    "ID Number": "21515700"
  },
  {
    "ID Number": "21508887"
  },
  {
    "ID Number": "21534012"
  },
  {
    "ID Number": "21518793"
  },
  {
    "ID Number": "21519242"
  },
  {
    "ID Number": "21543917"
  },
  {
    "ID Number": "21521638"
  },
  {
    "ID Number": "21523126"
  },
  {
    "ID Number": "21529078"
  },
  {
    "ID Number": "21536406"
  },
  {
    "ID Number": "21515271"
  },
  {
    "ID Number": "21537020"
  },
  {
    "ID Number": "21527725"
  },
  {
    "ID Number": "21534993"
  },
  {
    "ID Number": "21531285"
  },
  {
    "ID Number": "21538786"
  },
  {
    "ID Number": "21544263"
  },
  {
    "ID Number": "21536236"
  },
  {
    "ID Number": "21526508"
  },
  {
    "ID Number": "21534101"
  },
  {
    "ID Number": "21544255"
  },
  {
    "ID Number": "21534195"
  },
  {
    "ID Number": "21518050"
  },
  {
    "ID Number": "21511390"
  },
  {
    "ID Number": "21527130"
  },
  {
    "ID Number": "21527075"
  },
  {
    "ID Number": "21536473"
  },
  {
    "ID Number": "21531501"
  },
  {
    "ID Number": "21524599"
  },
  {
    "ID Number": "21524335"
  },
  {
    "ID Number": "21536554"
  },
  {
    "ID Number": "21532184"
  },
  {
    "ID Number": "21526680"
  },
  {
    "ID Number": "21510091"
  },
  {
    "ID Number": "21510105"
  },
  {
    "ID Number": "21539413"
  },
  {
    "ID Number": "21532133"
  },
  {
    "ID Number": "21535086"
  },
  {
    "ID Number": "21530050"
  },
  {
    "ID Number": "21530068"
  },
  {
    "ID Number": "21520640"
  },
  {
    "ID Number": "21544182"
  },
  {
    "ID Number": "21518807"
  },
  {
    "ID Number": "21543968"
  },
  {
    "ID Number": "21522936"
  },
  {
    "ID Number": "21500428"
  },
  {
    "ID Number": "21504687"
  },
  {
    "ID Number": "21534764"
  },
  {
    "ID Number": "21526036"
  },
  {
    "ID Number": "21523983"
  },
  {
    "ID Number": "21524416"
  },
  {
    "ID Number": "21543976"
  },
  {
    "ID Number": "21539316"
  },
  {
    "ID Number": "21507090"
  },
  {
    "ID Number": "21507996"
  },
  {
    "ID Number": "21507570"
  },
  {
    "ID Number": "21530432"
  },
  {
    "ID Number": "21543879"
  },
  {
    "ID Number": "21539286"
  },
  {
    "ID Number": "21544719"
  },
  {
    "ID Number": "21511152"
  },
  {
    "ID Number": "21506582"
  },
  {
    "ID Number": "21513686"
  },
  {
    "ID Number": "21505497"
  },
  {
    "ID Number": "21530440"
  },
  {
    "ID Number": "21509166"
  },
  {
    "ID Number": "21527431"
  },
  {
    "ID Number": "21541019"
  },
  {
    "ID Number": "21537798"
  },
  {
    "ID Number": "21505837"
  },
  {
    "ID Number": "21504709"
  },
  {
    "ID Number": "21505039"
  },
  {
    "ID Number": "21501785"
  },
  {
    "ID Number": "21501661"
  },
  {
    "ID Number": "21505047"
  },
  {
    "ID Number": "21539308"
  },
  {
    "ID Number": "21538794"
  },
  {
    "ID Number": "21545669"
  },
  {
    "ID Number": "21526257"
  },
  {
    "ID Number": "21538727"
  },
  {
    "ID Number": "21505055"
  },
  {
    "ID Number": "21510717"
  },
  {
    "ID Number": "21522081"
  },
  {
    "ID Number": "21506302"
  },
  {
    "ID Number": "21535116"
  },
  {
    "ID Number": "21508267"
  },
  {
    "ID Number": "21524491"
  },
  {
    "ID Number": "21507384"
  },
  {
    "ID Number": "21505527"
  },
  {
    "ID Number": "21530130"
  },
  {
    "ID Number": "21527741"
  },
  {
    "ID Number": "21534900"
  },
  {
    "ID Number": "21512647"
  },
  {
    "ID Number": "21502820"
  },
  {
    "ID Number": "21533040"
  },
  {
    "ID Number": "21502846"
  },
  {
    "ID Number": "21510482"
  },
  {
    "ID Number": "21505071"
  },
  {
    "ID Number": "21504164"
  },
  {
    "ID Number": "21502277"
  },
  {
    "ID Number": "21535302"
  },
  {
    "ID Number": "21535396"
  },
  {
    "ID Number": "21509476"
  },
  {
    "ID Number": "21534047"
  },
  {
    "ID Number": "21535841"
  },
  {
    "ID Number": "21504270"
  },
  {
    "ID Number": "21505543"
  },
  {
    "ID Number": "21526150"
  },
  {
    "ID Number": "21533547"
  },
  {
    "ID Number": "21510113"
  },
  {
    "ID Number": "215223788"
  },
  {
    "ID Number": "21505730"
  },
  {
    "ID Number": "21504431"
  },
  {
    "ID Number": "21503893"
  },
  {
    "ID Number": "21509743"
  },
  {
    "ID Number": "21512094"
  },
  {
    "ID Number": "21512507"
  },
  {
    "ID Number": "21541779"
  },
  {
    "ID Number": "21522626"
  },
  {
    "ID Number": "21504172"
  },
  {
    "ID Number": "21505560"
  },
  {
    "ID Number": "21536031"
  },
  {
    "ID Number": "21508038"
  },
  {
    "ID Number": "21534969"
  },
  {
    "ID Number": "21505578"
  },
  {
    "ID Number": "21535205"
  },
  {
    "ID Number": "21535981"
  },
  {
    "ID Number": "21500096"
  },
  {
    "ID Number": "21500290"
  },
  {
    "ID Number": "21505101"
  },
  {
    "ID Number": "21544166"
  },
  {
    "ID Number": "21533830"
  },
  {
    "ID Number": "21505110"
  },
  {
    "ID Number": "21505128"
  },
  {
    "ID Number": "21505861"
  },
  {
    "ID Number": "21530378"
  },
  {
    "ID Number": "21505594"
  },
  {
    "ID Number": "21522090"
  },
  {
    "ID Number": "21508933"
  },
  {
    "ID Number": "21505136"
  },
  {
    "ID Number": "21543011"
  },
  {
    "ID Number": "21505608"
  },
  {
    "ID Number": "21505144"
  },
  {
    "ID Number": "21505152"
  },
  {
    "ID Number": "21506310"
  },
  {
    "ID Number": "21509751"
  },
  {
    "ID Number": "21505160"
  },
  {
    "ID Number": "21509760"
  },
  {
    "ID Number": "21500304"
  },
  {
    "ID Number": "21541868"
  },
  {
    "ID Number": "21508410"
  },
  {
    "ID Number": "21528349"
  },
  {
    "ID Number": "21512493"
  },
  {
    "ID Number": "21543569"
  },
  {
    "ID Number": "21507589"
  },
  {
    "ID Number": "21500975"
  },
  {
    "ID Number": "21502552"
  },
  {
    "ID Number": "21524530"
  },
  {
    "ID Number": "21533083"
  },
  {
    "ID Number": "21510393"
  },
  {
    "ID Number": "21534942"
  },
  {
    "ID Number": "21502560"
  },
  {
    "ID Number": "21512892"
  },
  {
    "ID Number": "21540128"
  },
  {
    "ID Number": "21542090"
  },
  {
    "ID Number": "21518327"
  },
  {
    "ID Number": "21505624"
  },
  {
    "ID Number": "21522251"
  },
  {
    "ID Number": "21500460"
  },
  {
    "ID Number": "21544247"
  },
  {
    "ID Number": "21508429"
  },
  {
    "ID Number": "21529868"
  },
  {
    "ID Number": "21518076"
  },
  {
    "ID Number": "21500363"
  },
  {
    "ID Number": "21527016"
  },
  {
    "ID Number": "21526060"
  },
  {
    "ID Number": "21527474"
  },
  {
    "ID Number": "21506744"
  },
  {
    "ID Number": "21507457"
  },
  {
    "ID Number": "21507694"
  },
  {
    "ID Number": "21502285"
  },
  {
    "ID Number": "21500479"
  },
  {
    "ID Number": "21543194"
  },
  {
    "ID Number": "21506752"
  },
  {
    "ID Number": "21528853"
  },
  {
    "ID Number": "21546142"
  },
  {
    "ID Number": "21544514"
  },
  {
    "ID Number": "21535680"
  },
  {
    "ID Number": "21530386"
  },
  {
    "ID Number": "21508054"
  },
  {
    "ID Number": "21508321"
  },
  {
    "ID Number": "21512035"
  },
  {
    "ID Number": "21501564"
  },
  {
    "ID Number": "21501815"
  },
  {
    "ID Number": "21545081"
  },
  {
    "ID Number": "21505632"
  },
  {
    "ID Number": "21507481"
  },
  {
    "ID Number": "21500355"
  },
  {
    "ID Number": "21521220"
  },
  {
    "ID Number": "21543208"
  },
  {
    "ID Number": "21544972"
  },
  {
    "ID Number": "21543232"
  },
  {
    "ID Number": "21543038"
  },
  {
    "ID Number": "21543089"
  },
  {
    "ID Number": "21501939"
  },
  {
    "ID Number": "21504784"
  },
  {
    "ID Number": "21506361"
  },
  {
    "ID Number": "21506779"
  },
  {
    "ID Number": "21535671"
  },
  {
    "ID Number": "21500339"
  },
  {
    "ID Number": "21501262"
  },
  {
    "ID Number": "21537518"
  },
  {
    "ID Number": "21509840"
  },
  {
    "ID Number": "21543321"
  },
  {
    "ID Number": "21543526"
  },
  {
    "ID Number": "21536775"
  },
  {
    "ID Number": "21502960"
  },
  {
    "ID Number": "21502986"
  },
  {
    "ID Number": "21504199"
  },
  {
    "ID Number": "21507708"
  },
  {
    "ID Number": "21541876"
  },
  {
    "ID Number": "21505659"
  },
  {
    "ID Number": "21504202"
  },
  {
    "ID Number": "21508593"
  },
  {
    "ID Number": "21512906"
  },
  {
    "ID Number": "21542899"
  },
  {
    "ID Number": "21503931"
  },
  {
    "ID Number": "21528640"
  },
  {
    "ID Number": "21507511"
  },
  {
    "ID Number": "21504210"
  },
  {
    "ID Number": "21545383"
  },
  {
    "ID Number": "21522235"
  },
  {
    "ID Number": "21539359"
  },
  {
    "ID Number": "21503400"
  },
  {
    "ID Number": "21503648"
  },
  {
    "ID Number": "21537046"
  },
  {
    "ID Number": "21543518"
  },
  {
    "ID Number": "21544220"
  },
  {
    "ID Number": "21509883"
  },
  {
    "ID Number": "21509891"
  },
  {
    "ID Number": "21500347"
  },
  {
    "ID Number": "21505870"
  },
  {
    "ID Number": "21502315"
  },
  {
    "ID Number": "21509930"
  },
  {
    "ID Number": "21518459"
  },
  {
    "ID Number": "21508364"
  },
  {
    "ID Number": "21542406"
  },
  {
    "ID Number": "21531803"
  },
  {
    "ID Number": "21508941"
  },
  {
    "ID Number": "21505691"
  },
  {
    "ID Number": "21523274"
  },
  {
    "ID Number": "21542783"
  },
  {
    "ID Number": "21542392"
  },
  {
    "ID Number": "21542082"
  },
  {
    "ID Number": "21508950"
  },
  {
    "ID Number": "21534462"
  },
  {
    "ID Number": "21522804"
  }
]