[
  {
    "ID Number": "67600069"
  },
  {
    "ID Number": "15600262"
  },
  {
    "ID Number": "15600637"
  },
  {
    "ID Number": "67601251"
  },
  {
    "ID Number": "1126768"
  },
  {
    "ID Number": "15600041"
  },
  {
    "ID Number": "15600092"
  },
  {
    "ID Number": "15600505"
  },
  {
    "ID Number": "408930"
  },
  {
    "ID Number": "10700137"
  },
  {
    "ID Number": "10700331"
  },
  {
    "ID Number": "67600638"
  },
  {
    "ID Number": "15600025"
  },
  {
    "ID Number": "15600467"
  },
  {
    "ID Number": "67600280"
  },
  {
    "ID Number": "15600033"
  },
  {
    "ID Number": "15600432"
  },
  {
    "ID Number": "15600130"
  },
  {
    "ID Number": "15600084"
  },
  {
    "ID Number": "67601294"
  },
  {
    "ID Number": "67601308"
  },
  {
    "ID Number": "67601499"
  },
  {
    "ID Number": "15600149"
  },
  {
    "ID Number": "15600408"
  },
  {
    "ID Number": "15600106"
  },
  {
    "ID Number": "15600718"
  },
  {
    "ID Number": "15600289"
  },
  {
    "ID Number": "15600572"
  },
  {
    "ID Number": "15600050"
  },
  {
    "ID Number": "1109448"
  },
  {
    "ID Number": "15600599"
  },
  {
    "ID Number": "15600190"
  },
  {
    "ID Number": "15600114"
  },
  {
    "ID Number": "67601553"
  },
  {
    "ID Number": "15600688"
  },
  {
    "ID Number": "15600122"
  },
  {
    "ID Number": "15600386"
  },
  {
    "ID Number": "67600190"
  },
  {
    "ID Number": "67600034"
  },
  {
    "ID Number": "15600360"
  },
  {
    "ID Number": "15600378"
  },
  {
    "ID Number": "15600238"
  },
  {
    "ID Number": "15600017"
  }
]