[
  {
    "ID Number": "17401470"
  },
  {
    "ID Number": "10609431"
  },
  {
    "ID Number": "17400236"
  },
  {
    "ID Number": "645010"
  },
  {
    "ID Number": "17400970"
  },
  {
    "ID Number": "10609440"
  },
  {
    "ID Number": "17400279"
  },
  {
    "ID Number": "17400740"
  },
  {
    "ID Number": "17400872"
  },
  {
    "ID Number": "17400554"
  },
  {
    "ID Number": "17400937"
  },
  {
    "ID Number": "17401461"
  },
  {
    "ID Number": "17400880"
  },
  {
    "ID Number": "17400864"
  },
  {
    "ID Number": "17400899"
  }
]