[
  {
    "ID Number": "6108865",
    "Name": "Aburto Garcia, Jose Luis",
    "Fed": "NCA",
    "Sex": "M",
    "Title": "",
    "WTit": "",
    "OTit": "",
    "FOA": "1846",
    "Rating": "AUG25",
    "Gms": "0",
    "K": "20",
    "B-day": "1989",
    "Flag": "i"
  },
  {
    "ID Number": "6101194",
    "Name": "Aburto, Santiago",
    "Fed": "NCA",
    "Sex": "M",
    "Title": "",
    "WTit": "",
    "OTit": "",
    "FOA": "1904",
    "Rating": "AUG25",
    "Gms": "0",
    "K": "20",
    "B-day": "0",
    "Flag": "i"
  },
  {
    "ID Number": "6106986",
    "Name": "Acevedo Martinez, Jonh Jairo",
    "Fed": "NCA",
    "Sex": "M",
    "Title": "",
    "WTit": "",
    "OTit": "",
    "FOA": "1683",
    "Rating": "AUG25",
    "Gms": "0",
    "K": "20",
    "B-day": "2001",
    "Flag": "i"
  },
  {
    "ID Number": "6101828",
    "Name": "Acosta, Kenner",
    "Fed": "NCA",
    "Sex": "M",
    "Title": "",
    "WTit": "FI",
    "OTit": "",
    "FOA": "1941",
    "Rating": "AUG25",
    "Gms": "0",
    "K": "20",
    "B-day": "0",
    "Flag": "i"
  },
  {
    "ID Number": "6109705",
    "Name": "Aguilar Bejarano, Pablo Sebastian",
    "Fed": "NCA",
    "Sex": "M",
    "Title": "",
    "WTit": "",
    "OTit": "",
    "FOA": "1582",
    "Rating": "AUG25",
    "Gms": "0",
    "K": "40",
    "B-day": "2006",
    "Flag": "i"
  },
  {
    "ID Number": "6112102",
    "Name": "Aguirre Espinoza, Jonathan David",
    "Fed": "NCA",
    "Sex": "M",
    "Title": "",
    "WTit": "",
    "OTit": "",
    "FOA": "1594",
    "Rating": "AUG25",
    "Gms": "0",
    "K": "40",
    "B-day": "2010",
    "Flag": "i"
  },
  {
    "ID Number": "6100694",
    "Name": "Alarcon, Pamela",
    "Fed": "NCA",
    "Sex": "F",
    "Title": "WFM",
    "WTit": "WFM",
    "OTit": "",
    "FOA": "1921",
    "Rating": "AUG25",
    "Gms": "0",
    "K": "20",
    "B-day": "1993",
    "Flag": "wi"
  },
  {
    "ID Number": "6110606",
    "Name": "Aleman Martinez, Maria Alejandra",
    "Fed": "NCA",
    "Sex": "F",
    "Title": "",
    "WTit": "",
    "OTit": "",
    "FOA": "1607",
    "Rating": "AUG25",
    "Gms": "0",
    "K": "40",
    "B-day": "2013",
    "Flag": "w"
  },
  {
    "ID Number": "6109420",
    "Name": "Aleman Martinez, Verania Monserrat",
    "Fed": "NCA",
    "Sex": "F",
    "Title": "",
    "WTit": "",
    "OTit": "",
    "FOA": "1512",
    "Rating": "AUG25",
    "Gms": "0",
    "K": "40",
    "B-day": "2009",
    "Flag": "wi"
  },
  {
    "ID Number": "6112374",
    "Name": "Alfaro Sanchez, Carlos Eduardo",
    "Fed": "NCA",
    "Sex": "M",
    "Title": "",
    "WTit": "",
    "OTit": "",
    "FOA": "1573",
    "Rating": "AUG25",
    "Gms": "0",
    "K": "40",
    "B-day": "2006",
    "Flag": "i"
  },
  {
    "ID Number": "6100457",
    "Name": "Alfaro, William",
    "Fed": "NCA",
    "Sex": "M",
    "Title": "FM",
    "WTit": "FI",
    "OTit": "",
    "FOA": "2106",
    "Rating": "AUG25",
    "Gms": "4",
    "K": "20",
    "B-day": "1982",
    "Flag": ""
  },
  {
    "ID Number": "6105602",
    "Name": "Allen Montes, Charles Mijail",
    "Fed": "NCA",
    "Sex": "M",
    "Title": "",
    "WTit": "",
    "OTit": "",
    "FOA": "1717",
    "Rating": "AUG25",
    "Gms": "0",
    "K": "20",
    "B-day": "1981",
    "Flag": "i"
  },
  {
    "ID Number": "6100783",
    "Name": "Allen, Alonso",
    "Fed": "NCA",
    "Sex": "M",
    "Title": "",
    "WTit": "",
    "OTit": "",
    "FOA": "1834",
    "Rating": "AUG25",
    "Gms": "0",
    "K": "20",
    "B-day": "0",
    "Flag": ""
  },
  {
    "ID Number": "6103987",
    "Name": "Allen, Luisa Amanda",
    "Fed": "NCA",
    "Sex": "F",
    "Title": "",
    "WTit": "",
    "OTit": "",
    "FOA": "1657",
    "Rating": "AUG25",
    "Gms": "0",
    "K": "20",
    "B-day": "2001",
    "Flag": "wi"
  },
  {
    "ID Number": "6108172",
    "Name": "Almanza Romero, Alfonso Maria",
    "Fed": "NCA",
    "Sex": "M",
    "Title": "",
    "WTit": "",
    "OTit": "",
    "FOA": "1918",
    "Rating": "AUG25",
    "Gms": "0",
    "K": "20",
    "B-day": "2001",
    "Flag": "i"
  },
  {
    "ID Number": "6107788",
    "Name": "Altamirano Beteta, Alexander Jose",
    "Fed": "NCA",
    "Sex": "M",
    "Title": "",
    "WTit": "",
    "OTit": "",
    "FOA": "1741",
    "Rating": "AUG25",
    "Gms": "0",
    "K": "20",
    "B-day": "1995",
    "Flag": "i"
  },
  {
    "ID Number": "6112382",
    "Name": "Alvarez Gutierrez, Marlon Jose",
    "Fed": "NCA",
    "Sex": "M",
    "Title": "",
    "WTit": "",
    "OTit": "",
    "FOA": "1684",
    "Rating": "AUG25",
    "Gms": "0",
    "K": "40",
    "B-day": "1971",
    "Flag": "i"
  },
  {
    "ID Number": "6105548",
    "Name": "Alvarez Gutierrez, Patricia",
    "Fed": "NCA",
    "Sex": "F",
    "Title": "",
    "WTit": "",
    "OTit": "",
    "FOA": "1751",
    "Rating": "AUG25",
    "Gms": "0",
    "K": "20",
    "B-day": "2002",
    "Flag": "wi"
  },
  {
    "ID Number": "6108377",
    "Name": "Amador Olivares, Jose Rafael",
    "Fed": "NCA",
    "Sex": "M",
    "Title": "",
    "WTit": "",
    "OTit": "",
    "FOA": "1719",
    "Rating": "AUG25",
    "Gms": "0",
    "K": "20",
    "B-day": "1959",
    "Flag": "i"
  },
  {
    "ID Number": "6101623",
    "Name": "Ampie, Mauro",
    "Fed": "NCA",
    "Sex": "M",
    "Title": "FM",
    "WTit": "",
    "OTit": "",
    "FOA": "2190",
    "Rating": "AUG25",
    "Gms": "0",
    "K": "20",
    "B-day": "1997",
    "Flag": "i"
  },
  {
    "ID Number": "6103308",
    "Name": "Araica, Marlon",
    "Fed": "NCA",
    "Sex": "M",
    "Title": "",
    "WTit": "",
    "OTit": "",
    "FOA": "1869",
    "Rating": "AUG25",
    "Gms": "0",
    "K": "20",
    "B-day": "0",
    "Flag": "i"
  },
  {
    "ID Number": "6108644",
    "Name": "Arana Gutierrez, Rodolfo Enrique",
    "Fed": "NCA",
    "Sex": "M",
    "Title": "",
    "WTit": "",
    "OTit": "",
    "FOA": "1495",
    "Rating": "AUG25",
    "Gms": "0",
    "K": "20",
    "B-day": "1979",
    "Flag": "i"
  },
  {
    "ID Number": "6110410",
    "Name": "Arauz Espinoza, Douglas Ariel",
    "Fed": "NCA",
    "Sex": "M",
    "Title": "",
    "WTit": "",
    "OTit": "",
    "FOA": "1859",
    "Rating": "AUG25",
    "Gms": "0",
    "K": "40",
    "B-day": "2008",
    "Flag": ""
  },
  {
    "ID Number": "6100716",
    "Name": "Arauz, Luis A",
    "Fed": "NCA",
    "Sex": "M",
    "Title": "",
    "WTit": "",
    "OTit": "",
    "FOA": "2086",
    "Rating": "AUG25",
    "Gms": "0",
    "K": "20",
    "B-day": "0",
    "Flag": "i"
  },
  {
    "ID Number": "6108148",
    "Name": "Arce Chevez, Amado Ricardo",
    "Fed": "NCA",
    "Sex": "M",
    "Title": "",
    "WTit": "",
    "OTit": "",
    "FOA": "1861",
    "Rating": "AUG25",
    "Gms": "0",
    "K": "20",
    "B-day": "2001",
    "Flag": "i"
  },
  {
    "ID Number": "6103715",
    "Name": "Arevalo Lopez, Josue",
    "Fed": "NCA",
    "Sex": "M",
    "Title": "",
    "WTit": "",
    "OTit": "",
    "FOA": "1935",
    "Rating": "AUG25",
    "Gms": "0",
    "K": "20",
    "B-day": "1995",
    "Flag": "i"
  },
  {
    "ID Number": "6103138",
    "Name": "Arevalo, Maria Gabriela",
    "Fed": "NCA",
    "Sex": "F",
    "Title": "",
    "WTit": "",
    "OTit": "",
    "FOA": "1696",
    "Rating": "AUG25",
    "Gms": "0",
    "K": "20",
    "B-day": "0",
    "Flag": "wi"
  },
  {
    "ID Number": "6103146",
    "Name": "Arevalo, Maria Javiera",
    "Fed": "NCA",
    "Sex": "F",
    "Title": "",
    "WTit": "",
    "OTit": "",
    "FOA": "1680",
    "Rating": "AUG25",
    "Gms": "0",
    "K": "20",
    "B-day": "0",
    "Flag": "wi"
  },
  {
    "ID Number": "6107575",
    "Name": "Artola Hernandez, Angel Jr",
    "Fed": "NCA",
    "Sex": "M",
    "Title": "",
    "WTit": "",
    "OTit": "",
    "FOA": "1608",
    "Rating": "AUG25",
    "Gms": "0",
    "K": "20",
    "B-day": "2000",
    "Flag": "i"
  },
  {
    "ID Number": "6100910",
    "Name": "Avellan, Gerardo",
    "Fed": "NCA",
    "Sex": "M",
    "Title": "",
    "WTit": "",
    "OTit": "",
    "FOA": "1885",
    "Rating": "AUG25",
    "Gms": "0",
    "K": "20",
    "B-day": "1961",
    "Flag": "i"
  },
  {
    "ID Number": "6111823",
    "Name": "Avendano Alguera, Fanor Junior",
    "Fed": "NCA",
    "Sex": "M",
    "Title": "",
    "WTit": "",
    "OTit": "",
    "FOA": "1620",
    "Rating": "AUG25",
    "Gms": "0",
    "K": "20",
    "B-day": "1993",
    "Flag": "i"
  },
  {
    "ID Number": "6102204",
    "Name": "Avilez Sanchez, Ruy Marcelino",
    "Fed": "NCA",
    "Sex": "M",
    "Title": "",
    "WTit": "",
    "OTit": "",
    "FOA": "1714",
    "Rating": "AUG25",
    "Gms": "0",
    "K": "20",
    "B-day": "1961",
    "Flag": ""
  },
  {
    "ID Number": "6109659",
    "Name": "Baez Suarez, Saul Anderssom",
    "Fed": "NCA",
    "Sex": "M",
    "Title": "",
    "WTit": "",
    "OTit": "",
    "FOA": "1660",
    "Rating": "AUG25",
    "Gms": "0",
    "K": "40",
    "B-day": "2000",
    "Flag": "i"
  },
  {
    "ID Number": "6108113",
    "Name": "Baltodano Cabrera, Joel Isaac",
    "Fed": "NCA",
    "Sex": "M",
    "Title": "",
    "WTit": "",
    "OTit": "",
    "FOA": "1560",
    "Rating": "AUG25",
    "Gms": "0",
    "K": "20",
    "B-day": "1989",
    "Flag": "i"
  },
  {
    "ID Number": "6102255",
    "Name": "Barrios, Yaroslav",
    "Fed": "NCA",
    "Sex": "M",
    "Title": "",
    "WTit": "",
    "OTit": "",
    "FOA": "1929",
    "Rating": "AUG25",
    "Gms": "0",
    "K": "20",
    "B-day": "0",
    "Flag": "i"
  },
  {
    "ID Number": "6100180",
    "Name": "Batres, Francisco",
    "Fed": "NCA",
    "Sex": "M",
    "Title": "FM",
    "WTit": "",
    "OTit": "",
    "FOA": "2150",
    "Rating": "AUG25",
    "Gms": "0",
    "K": "20",
    "B-day": "1955",
    "Flag": "i"
  },
  {
    "ID Number": "6102859",
    "Name": "Bazan, Jose Vicente",
    "Fed": "NCA",
    "Sex": "M",
    "Title": "",
    "WTit": "",
    "OTit": "",
    "FOA": "1881",
    "Rating": "AUG25",
    "Gms": "0",
    "K": "20",
    "B-day": "0",
    "Flag": "i"
  },
  {
    "ID Number": "6100236",
    "Name": "Bendana-Guerrero, Guy Dr.",
    "Fed": "NCA",
    "Sex": "M",
    "Title": "",
    "WTit": "",
    "OTit": "",
    "FOA": "1943",
    "Rating": "AUG25",
    "Gms": "0",
    "K": "20",
    "B-day": "1950",
    "Flag": ""
  },
  {
    "ID Number": "6110193",
    "Name": "Berrios Cuadra, Michael Stefan",
    "Fed": "NCA",
    "Sex": "M",
    "Title": "",
    "WTit": "",
    "OTit": "",
    "FOA": "AFM",
    "Rating": "AUG25",
    "Gms": "1554",
    "K": "0",
    "B-day": "2012",
    "Flag": "i"
  },
  {
    "ID Number": "6107214",
    "Name": "Berrios Vanegas, Yanko Antonio",
    "Fed": "NCA",
    "Sex": "M",
    "Title": "",
    "WTit": "",
    "OTit": "",
    "FOA": "1703",
    "Rating": "AUG25",
    "Gms": "0",
    "K": "20",
    "B-day": "1971",
    "Flag": ""
  },
  {
    "ID Number": "6103456",
    "Name": "Berrios, Denis",
    "Fed": "NCA",
    "Sex": "M",
    "Title": "",
    "WTit": "",
    "OTit": "",
    "FOA": "1744",
    "Rating": "AUG25",
    "Gms": "0",
    "K": "20",
    "B-day": "0",
    "Flag": "i"
  },
  {
    "ID Number": "6102263",
    "Name": "Berrios, Natanael",
    "Fed": "NCA",
    "Sex": "M",
    "Title": "",
    "WTit": "",
    "OTit": "",
    "FOA": "1881",
    "Rating": "AUG25",
    "Gms": "0",
    "K": "20",
    "B-day": "0",
    "Flag": "i"
  },
  {
    "ID Number": "6102654",
    "Name": "Bertrand, Yader",
    "Fed": "NCA",
    "Sex": "M",
    "Title": "",
    "WTit": "",
    "OTit": "",
    "FOA": "1808",
    "Rating": "AUG25",
    "Gms": "0",
    "K": "20",
    "B-day": "0",
    "Flag": ""
  },
  {
    "ID Number": "6112331",
    "Name": "Blanco Benavides, Juan Bautista",
    "Fed": "NCA",
    "Sex": "M",
    "Title": "",
    "WTit": "",
    "OTit": "",
    "FOA": "1401",
    "Rating": "AUG25",
    "Gms": "0",
    "K": "40",
    "B-day": "2017",
    "Flag": "i"
  },
  {
    "ID Number": "6106676",
    "Name": "Blandon Talavera, Daniel Antonio",
    "Fed": "NCA",
    "Sex": "M",
    "Title": "",
    "WTit": "",
    "OTit": "",
    "FOA": "1809",
    "Rating": "AUG25",
    "Gms": "0",
    "K": "20",
    "B-day": "1972",
    "Flag": "i"
  },
  {
    "ID Number": "6112854",
    "Name": "Bojorge Plata,Edwin Ramses",
    "Fed": "NCA",
    "Sex": "M",
    "Title": "",
    "WTit": "",
    "OTit": "",
    "FOA": "1756",
    "Rating": "AUG25",
    "Gms": "0",
    "K": "40",
    "B-day": "2008",
    "Flag": ""
  },
  {
    "ID Number": "6106226",
    "Name": "Bolanos Garcia, Heidi Paola",
    "Fed": "NCA",
    "Sex": "F",
    "Title": "",
    "WTit": "",
    "OTit": "",
    "FOA": "1552",
    "Rating": "AUG25",
    "Gms": "0",
    "K": "20",
    "B-day": "1997",
    "Flag": "wi"
  },
  {
    "ID Number": "6106889",
    "Name": "Borge Gonzalez, Fernando Antonio",
    "Fed": "NCA",
    "Sex": "M",
    "Title": "",
    "WTit": "",
    "OTit": "",
    "FOA": "1606",
    "Rating": "AUG25",
    "Gms": "0",
    "K": "40",
    "B-day": "2008",
    "Flag": "i"
  },
  {
    "ID Number": "6105874",
    "Name": "Bove Lopez, Israel Moises",
    "Fed": "NCA",
    "Sex": "M",
    "Title": "",
    "WTit": "",
    "OTit": "",
    "FOA": "1957",
    "Rating": "AUG25",
    "Gms": "0",
    "K": "20",
    "B-day": "1983",
    "Flag": "i"
  },
  {
    "ID Number": "6108059",
    "Name": "Bravo Mendoza, David Jose",
    "Fed": "NCA",
    "Sex": "M",
    "Title": "",
    "WTit": "",
    "OTit": "",
    "FOA": "1771",
    "Rating": "AUG25",
    "Gms": "0",
    "K": "20",
    "B-day": "1996",
    "Flag": "i"
  },
  {
    "ID Number": "6111858",
    "Name": "Brizuela Rivera, Jose Alejandro",
    "Fed": "NCA",
    "Sex": "M",
    "Title": "",
    "WTit": "",
    "OTit": "",
    "FOA": "1611",
    "Rating": "AUG25",
    "Gms": "0",
    "K": "40",
    "B-day": "2006",
    "Flag": "i"
  },
  {
    "ID Number": "6113516",
    "Name": "Bustos Roblero, Leo Gabriel",
    "Fed": "NCA",
    "Sex": "M",
    "Title": "",
    "WTit": "",
    "OTit": "",
    "FOA": "1631",
    "Rating": "AUG25",
    "Gms": "0",
    "K": "40",
    "B-day": "2008",
    "Flag": "i"
  },
  {
    "ID Number": "6105971",
    "Name": "Cabezas Calero, Abigail Carolina",
    "Fed": "NCA",
    "Sex": "F",
    "Title": "CM",
    "WTit": "WFM",
    "OTit": "",
    "FOA": "1670",
    "Rating": "AUG25",
    "Gms": "0",
    "K": "40",
    "B-day": "2008",
    "Flag": "w"
  },
  {
    "ID Number": "6101224",
    "Name": "Campos, Alejandro",
    "Fed": "NCA",
    "Sex": "M",
    "Title": "",
    "WTit": "",
    "OTit": "",
    "FOA": "1894",
    "Rating": "AUG25",
    "Gms": "0",
    "K": "20",
    "B-day": "0",
    "Flag": "i"
  },
  {
    "ID Number": "6108792",
    "Name": "Cantero Turcios, Randy Jose",
    "Fed": "NCA",
    "Sex": "M",
    "Title": "",
    "WTit": "",
    "OTit": "",
    "FOA": "1737",
    "Rating": "AUG25",
    "Gms": "0",
    "K": "40",
    "B-day": "2007",
    "Flag": ""
  },
  {
    "ID Number": "6111777",
    "Name": "Carcache Acevedo, Henry Jose",
    "Fed": "NCA",
    "Sex": "M",
    "Title": "",
    "WTit": "",
    "OTit": "",
    "FOA": "1704",
    "Rating": "AUG25",
    "Gms": "0",
    "K": "40",
    "B-day": "2005",
    "Flag": "i"
  },
  {
    "ID Number": "6103022",
    "Name": "Cardoza, Cesar Mauiricio",
    "Fed": "NCA",
    "Sex": "M",
    "Title": "",
    "WTit": "",
    "OTit": "",
    "FOA": "1849",
    "Rating": "AUG25",
    "Gms": "0",
    "K": "20",
    "B-day": "0",
    "Flag": "i"
  },
  {
    "ID Number": "6100333",
    "Name": "Carranza Narvaez, Sergio Ivan",
    "Fed": "NCA",
    "Sex": "M",
    "Title": "",
    "WTit": "",
    "OTit": "",
    "FOA": "1967",
    "Rating": "AUG25",
    "Gms": "0",
    "K": "20",
    "B-day": "1962",
    "Flag": ""
  },
  {
    "ID Number": "6112340",
    "Name": "Castillo Carvajal, Derek Adrian",
    "Fed": "NCA",
    "Sex": "M",
    "Title": "",
    "WTit": "",
    "OTit": "",
    "FOA": "1428",
    "Rating": "AUG25",
    "Gms": "0",
    "K": "40",
    "B-day": "2003",
    "Flag": "i"
  },
  {
    "ID Number": "6112781",
    "Name": "Castillo Pacheco, David",
    "Fed": "NCA",
    "Sex": "M",
    "Title": "",
    "WTit": "",
    "OTit": "",
    "FOA": "1503",
    "Rating": "AUG25",
    "Gms": "0",
    "K": "40",
    "B-day": "1968",
    "Flag": ""
  },
  {
    "ID Number": "6111700",
    "Name": "Castillo Romero, Jasmany Shallom",
    "Fed": "NCA",
    "Sex": "M",
    "Title": "",
    "WTit": "",
    "OTit": "",
    "FOA": "1923",
    "Rating": "AUG25",
    "Gms": "0",
    "K": "40",
    "B-day": "2013",
    "Flag": "i"
  },
  {
    "ID Number": "6104207",
    "Name": "Castillo Sevilla, Ian Eiffel",
    "Fed": "NCA",
    "Sex": "M",
    "Title": "CM",
    "WTit": "",
    "OTit": "",
    "FOA": "1994",
    "Rating": "AUG25",
    "Gms": "0",
    "K": "20",
    "B-day": "2002",
    "Flag": "i"
  },
  {
    "ID Number": "6104215",
    "Name": "Castillo Sevilla, Itzell Eyling",
    "Fed": "NCA",
    "Sex": "F",
    "Title": "",
    "WTit": "",
    "OTit": "",
    "FOA": "1536",
    "Rating": "AUG25",
    "Gms": "0",
    "K": "40",
    "B-day": "2005",
    "Flag": "wi"
  },
  {
    "ID Number": "6100490",
    "Name": "Castillo, Rommel",
    "Fed": "NCA",
    "Sex": "M",
    "Title": "",
    "WTit": "",
    "OTit": "",
    "FOA": "1918",
    "Rating": "AUG25",
    "Gms": "0",
    "K": "20",
    "B-day": "0",
    "Flag": ""
  },
  {
    "ID Number": "6102786",
    "Name": "Castillo, Vladimir",
    "Fed": "NCA",
    "Sex": "M",
    "Title": "",
    "WTit": "",
    "OTit": "",
    "FOA": "1791",
    "Rating": "AUG25",
    "Gms": "0",
    "K": "20",
    "B-day": "0",
    "Flag": "i"
  },
  {
    "ID Number": "6112439",
    "Name": "Ceballos Reyes, Roberto Carlos",
    "Fed": "NCA",
    "Sex": "M",
    "Title": "",
    "WTit": "",
    "OTit": "",
    "FOA": "1947",
    "Rating": "AUG25",
    "Gms": "0",
    "K": "40",
    "B-day": "2008",
    "Flag": "i"
  },
  {
    "ID Number": "6106242",
    "Name": "Cedeno Chavarria, Miguel Agustin",
    "Fed": "NCA",
    "Sex": "M",
    "Title": "",
    "WTit": "",
    "OTit": "",
    "FOA": "1719",
    "Rating": "AUG25",
    "Gms": "0",
    "K": "20",
    "B-day": "1987",
    "Flag": "i"
  },
  {
    "ID Number": "6109365",
    "Name": "Centeno Prieto, Alexander Rafael",
    "Fed": "NCA",
    "Sex": "M",
    "Title": "",
    "WTit": "",
    "OTit": "",
    "FOA": "1605",
    "Rating": "AUG25",
    "Gms": "0",
    "K": "40",
    "B-day": "2007",
    "Flag": "i"
  },
  {
    "ID Number": "6108415",
    "Name": "Cerna Gonzalez, Alejandro",
    "Fed": "NCA",
    "Sex": "M",
    "Title": "",
    "WTit": "",
    "OTit": "",
    "FOA": "1750",
    "Rating": "AUG25",
    "Gms": "0",
    "K": "40",
    "B-day": "1959",
    "Flag": ""
  },
  {
    "ID Number": "6106820",
    "Name": "Chavarria Granados, Felix David",
    "Fed": "NCA",
    "Sex": "M",
    "Title": "",
    "WTit": "",
    "OTit": "",
    "FOA": "1696",
    "Rating": "AUG25",
    "Gms": "0",
    "K": "20",
    "B-day": "2004",
    "Flag": "i"
  },
  {
    "ID Number": "6109640",
    "Name": "Cisneros Palma, Jose David",
    "Fed": "NCA",
    "Sex": "M",
    "Title": "",
    "WTit": "",
    "OTit": "",
    "FOA": "1447",
    "Rating": "AUG25",
    "Gms": "0",
    "K": "20",
    "B-day": "1999",
    "Flag": "i"
  },
  {
    "ID Number": "6112366",
    "Name": "Colomer Fonseca, Alejandro Israel",
    "Fed": "NCA",
    "Sex": "M",
    "Title": "",
    "WTit": "",
    "OTit": "",
    "FOA": "1509",
    "Rating": "AUG25",
    "Gms": "0",
    "K": "40",
    "B-day": "2004",
    "Flag": "i"
  },
  {
    "ID Number": "6112137",
    "Name": "Colomer Fonseca, Eric Gabriel",
    "Fed": "NCA",
    "Sex": "M",
    "Title": "",
    "WTit": "",
    "OTit": "",
    "FOA": "1778",
    "Rating": "AUG25",
    "Gms": "0",
    "K": "40",
    "B-day": "2007",
    "Flag": ""
  },
  {
    "ID Number": "6102794",
    "Name": "Conrado, Roger",
    "Fed": "NCA",
    "Sex": "M",
    "Title": "",
    "WTit": "",
    "OTit": "",
    "FOA": "1713",
    "Rating": "AUG25",
    "Gms": "0",
    "K": "20",
    "B-day": "2002",
    "Flag": "i"
  },
  {
    "ID Number": "6103740",
    "Name": "Corea Corea, Hector",
    "Fed": "NCA",
    "Sex": "M",
    "Title": "",
    "WTit": "",
    "OTit": "",
    "FOA": "1564",
    "Rating": "AUG25",
    "Gms": "0",
    "K": "20",
    "B-day": "0",
    "Flag": "i"
  },
  {
    "ID Number": "6106471",
    "Name": "Cornejo Pena, Oscar Mauricio",
    "Fed": "NCA",
    "Sex": "M",
    "Title": "",
    "WTit": "",
    "OTit": "",
    "FOA": "1879",
    "Rating": "AUG25",
    "Gms": "0",
    "K": "20",
    "B-day": "1981",
    "Flag": "i"
  },
  {
    "ID Number": "6107826",
    "Name": "Cortez Ruiz, Luis Miguel",
    "Fed": "NCA",
    "Sex": "M",
    "Title": "",
    "WTit": "",
    "OTit": "",
    "FOA": "1728",
    "Rating": "AUG25",
    "Gms": "0",
    "K": "20",
    "B-day": "1994",
    "Flag": "i"
  },
  {
    "ID Number": "6107834",
    "Name": "Cruz de la Ossa, Calixto Jose",
    "Fed": "NCA",
    "Sex": "M",
    "Title": "",
    "WTit": "",
    "OTit": "",
    "FOA": "1609",
    "Rating": "AUG25",
    "Gms": "0",
    "K": "40",
    "B-day": "1989",
    "Flag": "i"
  },
  {
    "ID Number": "6102441",
    "Name": "Cruz Jarquin, Hernaldo",
    "Fed": "NCA",
    "Sex": "M",
    "Title": "",
    "WTit": "",
    "OTit": "",
    "FOA": "1742",
    "Rating": "AUG25",
    "Gms": "0",
    "K": "20",
    "B-day": "0",
    "Flag": "i"
  },
  {
    "ID Number": "6110681",
    "Name": "Cruz Madrigal, Manuel Javier",
    "Fed": "NCA",
    "Sex": "M",
    "Title": "",
    "WTit": "",
    "OTit": "",
    "FOA": "1560",
    "Rating": "AUG25",
    "Gms": "0",
    "K": "20",
    "B-day": "1981",
    "Flag": "i"
  },
  {
    "ID Number": "6110916",
    "Name": "Cruz Sarria, Daniel Salomon",
    "Fed": "NCA",
    "Sex": "M",
    "Title": "",
    "WTit": "",
    "OTit": "",
    "FOA": "1650",
    "Rating": "AUG25",
    "Gms": "0",
    "K": "20",
    "B-day": "2001",
    "Flag": "i"
  },
  {
    "ID Number": "6101240",
    "Name": "Cruz, Leonel",
    "Fed": "NCA",
    "Sex": "M",
    "Title": "",
    "WTit": "",
    "OTit": "",
    "FOA": "1894",
    "Rating": "AUG25",
    "Gms": "0",
    "K": "20",
    "B-day": "0",
    "Flag": "i"
  },
  {
    "ID Number": "6105734",
    "Name": "Daboud Rivera, Jurjens Alexander",
    "Fed": "NCA",
    "Sex": "M",
    "Title": "",
    "WTit": "",
    "OTit": "",
    "FOA": "1728",
    "Rating": "AUG25",
    "Gms": "0",
    "K": "40",
    "B-day": "1987",
    "Flag": "i"
  },
  {
    "ID Number": "6100040",
    "Name": "Davila, Carlos",
    "Fed": "NCA",
    "Sex": "M",
    "Title": "IM",
    "WTit": "",
    "OTit": "",
    "FOA": "2139",
    "Rating": "AUG25",
    "Gms": "0",
    "K": "20",
    "B-day": "1971",
    "Flag": ""
  },
  {
    "ID Number": "6107621",
    "Name": "Delgadillo, Jose Gregorio",
    "Fed": "NCA",
    "Sex": "M",
    "Title": "",
    "WTit": "",
    "OTit": "",
    "FOA": "1649",
    "Rating": "AUG25",
    "Gms": "0",
    "K": "20",
    "B-day": "1959",
    "Flag": "i"
  },
  {
    "ID Number": "6111190",
    "Name": "Delgado Escobar, Moritz Antonio",
    "Fed": "NCA",
    "Sex": "M",
    "Title": "",
    "WTit": "",
    "OTit": "",
    "FOA": "1671",
    "Rating": "AUG25",
    "Gms": "0",
    "K": "20",
    "B-day": "1986",
    "Flag": "i"
  },
  {
    "ID Number": "6101682",
    "Name": "Delgado, Eliseo",
    "Fed": "NCA",
    "Sex": "M",
    "Title": "",
    "WTit": "",
    "OTit": "",
    "FOA": "1795",
    "Rating": "AUG25",
    "Gms": "0",
    "K": "20",
    "B-day": "0",
    "Flag": "i"
  },
  {
    "ID Number": "6104363",
    "Name": "Detrinidad Prado, Francisco",
    "Fed": "NCA",
    "Sex": "M",
    "Title": "",
    "WTit": "",
    "OTit": "",
    "FOA": "1767",
    "Rating": "AUG25",
    "Gms": "0",
    "K": "20",
    "B-day": "0",
    "Flag": "i"
  },
  {
    "ID Number": "6103774",
    "Name": "Diaz Castillo, Diana",
    "Fed": "NCA",
    "Sex": "F",
    "Title": "",
    "WTit": "",
    "OTit": "",
    "FOA": "1480",
    "Rating": "AUG25",
    "Gms": "0",
    "K": "20",
    "B-day": "0",
    "Flag": "wi"
  },
  {
    "ID Number": "6110975",
    "Name": "Diaz Sandoval, Angel Gabriel",
    "Fed": "NCA",
    "Sex": "M",
    "Title": "",
    "WTit": "",
    "OTit": "",
    "FOA": "1526",
    "Rating": "AUG25",
    "Gms": "0",
    "K": "40",
    "B-day": "2010",
    "Flag": ""
  },
  {
    "ID Number": "6108423",
    "Name": "Diaz Zeledon, Beker Jasiel",
    "Fed": "NCA",
    "Sex": "M",
    "Title": "",
    "WTit": "",
    "OTit": "",
    "FOA": "1681",
    "Rating": "AUG25",
    "Gms": "0",
    "K": "20",
    "B-day": "1995",
    "Flag": "i"
  },
  {
    "ID Number": "6100619",
    "Name": "Diego Martinez, Humberto Jose",
    "Fed": "NCA",
    "Sex": "M",
    "Title": "",
    "WTit": "",
    "OTit": "",
    "FOA": "2109",
    "Rating": "AUG25",
    "Gms": "0",
    "K": "20",
    "B-day": "1986",
    "Flag": "i"
  },
  {
    "ID Number": "6110371",
    "Name": "Dominguez Sevilla, Sergio David",
    "Fed": "NCA",
    "Sex": "M",
    "Title": "",
    "WTit": "",
    "OTit": "",
    "FOA": "1540",
    "Rating": "AUG25",
    "Gms": "0",
    "K": "20",
    "B-day": "1988",
    "Flag": "i"
  },
  {
    "ID Number": "6103782",
    "Name": "Duarte Urbina, Omar",
    "Fed": "NCA",
    "Sex": "M",
    "Title": "",
    "WTit": "",
    "OTit": "",
    "FOA": "1862",
    "Rating": "AUG25",
    "Gms": "0",
    "K": "20",
    "B-day": "0",
    "Flag": ""
  },
  {
    "ID Number": "6109675",
    "Name": "Escobar Obando, Andy Francisco",
    "Fed": "NCA",
    "Sex": "M",
    "Title": "",
    "WTit": "",
    "OTit": "",
    "FOA": "1598",
    "Rating": "AUG25",
    "Gms": "0",
    "K": "40",
    "B-day": "2005",
    "Flag": "i"
  },
  {
    "ID Number": "6102921",
    "Name": "Escobar, Edgar Antonio",
    "Fed": "NCA",
    "Sex": "M",
    "Title": "",
    "WTit": "",
    "OTit": "",
    "FOA": "1937",
    "Rating": "AUG25",
    "Gms": "0",
    "K": "20",
    "B-day": "0",
    "Flag": "i"
  },
  {
    "ID Number": "6106641",
    "Name": "Escorcia Obando, Carlos David",
    "Fed": "NCA",
    "Sex": "M",
    "Title": "",
    "WTit": "",
    "OTit": "",
    "FOA": "1900",
    "Rating": "AUG25",
    "Gms": "0",
    "K": "20",
    "B-day": "2004",
    "Flag": "i"
  },
  {
    "ID Number": "6111831",
    "Name": "Escoto Espinoza, Joaquin Orlando",
    "Fed": "NCA",
    "Sex": "M",
    "Title": "",
    "WTit": "",
    "OTit": "",
    "FOA": "1549",
    "Rating": "AUG25",
    "Gms": "0",
    "K": "40",
    "B-day": "2004",
    "Flag": ""
  },
  {
    "ID Number": "6101844",
    "Name": "Espinoza Aranda, Virgilio Antonio",
    "Fed": "NCA",
    "Sex": "M",
    "Title": "",
    "WTit": "",
    "OTit": "",
    "FOA": "1881",
    "Rating": "AUG25",
    "Gms": "0",
    "K": "20",
    "B-day": "1985",
    "Flag": "i"
  },
  {
    "ID Number": "6112790",
    "Name": "Espinoza Barrios, Marelys Cristina",
    "Fed": "NCA",
    "Sex": "F",
    "Title": "",
    "WTit": "",
    "OTit": "",
    "FOA": "1499",
    "Rating": "AUG25",
    "Gms": "0",
    "K": "40",
    "B-day": "2008",
    "Flag": "w"
  },
  {
    "ID Number": "6112234",
    "Name": "Espinoza Cerda, Kimberly Nahomy",
    "Fed": "NCA",
    "Sex": "F",
    "Title": "",
    "WTit": "",
    "OTit": "",
    "FOA": "1751",
    "Rating": "AUG25",
    "Gms": "0",
    "K": "40",
    "B-day": "2009",
    "Flag": "wi"
  },
  {
    "ID Number": "6104819",
    "Name": "Espinoza Guerrero, Elizabeth",
    "Fed": "NCA",
    "Sex": "F",
    "Title": "",
    "WTit": "",
    "OTit": "",
    "FOA": "1630",
    "Rating": "AUG25",
    "Gms": "0",
    "K": "20",
    "B-day": "2003",
    "Flag": "wi"
  },
  {
    "ID Number": "6104762",
    "Name": "Espinoza Guerrero, Felix Alberto",
    "Fed": "NCA",
    "Sex": "M",
    "Title": "",
    "WTit": "",
    "OTit": "",
    "FOA": "1838",
    "Rating": "AUG25",
    "Gms": "0",
    "K": "40",
    "B-day": "2009",
    "Flag": ""
  },
  {
    "ID Number": "6101267",
    "Name": "Espinoza Roman, Juancarlos",
    "Fed": "NCA",
    "Sex": "M",
    "Title": "",
    "WTit": "",
    "OTit": "",
    "FOA": "1830",
    "Rating": "AUG25",
    "Gms": "0",
    "K": "20",
    "B-day": "1981",
    "Flag": ""
  },
  {
    "ID Number": "6104410",
    "Name": "Espinoza Solano, Isaac Antonio",
    "Fed": "NCA",
    "Sex": "M",
    "Title": "",
    "WTit": "",
    "OTit": "",
    "FOA": "1563",
    "Rating": "AUG25",
    "Gms": "0",
    "K": "40",
    "B-day": "2005",
    "Flag": "i"
  },
  {
    "ID Number": "6104428",
    "Name": "Espinoza Solano, Jose Nahum",
    "Fed": "NCA",
    "Sex": "M",
    "Title": "FM",
    "WTit": "",
    "OTit": "",
    "FOA": "2137",
    "Rating": "AUG25",
    "Gms": "0",
    "K": "20",
    "B-day": "2003",
    "Flag": "i"
  },
  {
    "ID Number": "6106463",
    "Name": "Espinoza Zamora, Felix",
    "Fed": "NCA",
    "Sex": "M",
    "Title": "",
    "WTit": "",
    "OTit": "",
    "FOA": "1614",
    "Rating": "AUG25",
    "Gms": "0",
    "K": "20",
    "B-day": "1957",
    "Flag": "i"
  },
  {
    "ID Number": "6100503",
    "Name": "Espinoza, Felix",
    "Fed": "NCA",
    "Sex": "M",
    "Title": "",
    "WTit": "",
    "OTit": "",
    "FOA": "2189",
    "Rating": "AUG25",
    "Gms": "0",
    "K": "20",
    "B-day": "1981",
    "Flag": "i"
  },
  {
    "ID Number": "6100511",
    "Name": "Espinoza, Jose",
    "Fed": "NCA",
    "Sex": "M",
    "Title": "",
    "WTit": "",
    "OTit": "",
    "FOA": "2045",
    "Rating": "AUG25",
    "Gms": "0",
    "K": "20",
    "B-day": "0",
    "Flag": "i"
  },
  {
    "ID Number": "6101275",
    "Name": "Estrada, Miguel",
    "Fed": "NCA",
    "Sex": "M",
    "Title": "",
    "WTit": "",
    "OTit": "",
    "FOA": "1912",
    "Rating": "AUG25",
    "Gms": "0",
    "K": "20",
    "B-day": "0",
    "Flag": "i"
  },
  {
    "ID Number": "6103162",
    "Name": "Ferrufino, Michelle",
    "Fed": "NCA",
    "Sex": "F",
    "Title": "",
    "WTit": "",
    "OTit": "",
    "FOA": "1887",
    "Rating": "AUG25",
    "Gms": "0",
    "K": "20",
    "B-day": "0",
    "Flag": "wi"
  },
  {
    "ID Number": "6114040",
    "Name": "Flores Corea, Jefferson Aron",
    "Fed": "NCA",
    "Sex": "M",
    "Title": "",
    "WTit": "",
    "OTit": "",
    "FOA": "1532",
    "Rating": "AUG25",
    "Gms": "0",
    "K": "40",
    "B-day": "2007",
    "Flag": ""
  },
  {
    "ID Number": "6111416",
    "Name": "Flores Ruiz, Moises Adrian",
    "Fed": "NCA",
    "Sex": "M",
    "Title": "",
    "WTit": "",
    "OTit": "",
    "FOA": "1714",
    "Rating": "AUG25",
    "Gms": "0",
    "K": "40",
    "B-day": "2009",
    "Flag": "i"
  },
  {
    "ID Number": "6101631",
    "Name": "Flores Talavera, Luis",
    "Fed": "NCA",
    "Sex": "M",
    "Title": "",
    "WTit": "",
    "OTit": "",
    "FOA": "1995",
    "Rating": "AUG25",
    "Gms": "0",
    "K": "20",
    "B-day": "0",
    "Flag": "i"
  },
  {
    "ID Number": "6100163",
    "Name": "Flores, Manuel",
    "Fed": "NCA",
    "Sex": "M",
    "Title": "",
    "WTit": "",
    "OTit": "",
    "FOA": "1930",
    "Rating": "AUG25",
    "Gms": "0",
    "K": "20",
    "B-day": "1954",
    "Flag": "i"
  },
  {
    "ID Number": "6101046",
    "Name": "Fonseca Cabrera, Ernesto",
    "Fed": "NCA",
    "Sex": "M",
    "Title": "",
    "WTit": "",
    "OTit": "",
    "FOA": "2143",
    "Rating": "AUG25",
    "Gms": "0",
    "K": "20",
    "B-day": "0",
    "Flag": "i"
  },
  {
    "ID Number": "6107664",
    "Name": "Fonseca Salmeron, Juan Rafael",
    "Fed": "NCA",
    "Sex": "M",
    "Title": "",
    "WTit": "",
    "OTit": "",
    "FOA": "1708",
    "Rating": "AUG25",
    "Gms": "0",
    "K": "20",
    "B-day": "1956",
    "Flag": "i"
  },
  {
    "ID Number": "6109551",
    "Name": "Fonseca Trana, Norlan Antonio",
    "Fed": "NCA",
    "Sex": "M",
    "Title": "",
    "WTit": "",
    "OTit": "",
    "FOA": "1617",
    "Rating": "AUG25",
    "Gms": "0",
    "K": "20",
    "B-day": "1976",
    "Flag": "i"
  },
  {
    "ID Number": "6101690",
    "Name": "Gaitan Rivas, Norlan Miguel",
    "Fed": "NCA",
    "Sex": "M",
    "Title": "",
    "WTit": "NI",
    "OTit": "",
    "FOA": "ACM",
    "Rating": "AUG25",
    "Gms": "1654",
    "K": "0",
    "B-day": "1983",
    "Flag": "i"
  },
  {
    "ID Number": "6107036",
    "Name": "Galeano Cabrales, Omar Emilio",
    "Fed": "NCA",
    "Sex": "M",
    "Title": "",
    "WTit": "",
    "OTit": "",
    "FOA": "1885",
    "Rating": "AUG25",
    "Gms": "0",
    "K": "20",
    "B-day": "2001",
    "Flag": "i"
  },
  {
    "ID Number": "6101704",
    "Name": "Gallo, Felix",
    "Fed": "NCA",
    "Sex": "M",
    "Title": "",
    "WTit": "",
    "OTit": "",
    "FOA": "1842",
    "Rating": "AUG25",
    "Gms": "0",
    "K": "20",
    "B-day": "0",
    "Flag": "i"
  },
  {
    "ID Number": "6109942",
    "Name": "Gamez Valenzuela, Evert Eduardo",
    "Fed": "NCA",
    "Sex": "M",
    "Title": "",
    "WTit": "",
    "OTit": "",
    "FOA": "1802",
    "Rating": "AUG25",
    "Gms": "0",
    "K": "20",
    "B-day": "2000",
    "Flag": ""
  },
  {
    "ID Number": "6113079",
    "Name": "Garcia Calderon, Luis Alberto",
    "Fed": "NCA",
    "Sex": "M",
    "Title": "",
    "WTit": "",
    "OTit": "",
    "FOA": "1662",
    "Rating": "AUG25",
    "Gms": "0",
    "K": "40",
    "B-day": "1973",
    "Flag": ""
  },
  {
    "ID Number": "6106943",
    "Name": "Garcia Carvajal, Ninoska Elizabeth",
    "Fed": "NCA",
    "Sex": "F",
    "Title": "",
    "WTit": "",
    "OTit": "",
    "FOA": "1517",
    "Rating": "AUG25",
    "Gms": "0",
    "K": "40",
    "B-day": "1993",
    "Flag": "wi"
  },
  {
    "ID Number": "6104347",
    "Name": "Garcia Cerda, Ricardo Leonel",
    "Fed": "NCA",
    "Sex": "M",
    "Title": "FM",
    "WTit": "",
    "OTit": "",
    "FOA": "2106",
    "Rating": "AUG25",
    "Gms": "0",
    "K": "20",
    "B-day": "1996",
    "Flag": "i"
  },
  {
    "ID Number": "6108709",
    "Name": "Garcia Guido, Erickson Camilo",
    "Fed": "NCA",
    "Sex": "M",
    "Title": "",
    "WTit": "",
    "OTit": "",
    "FOA": "1634",
    "Rating": "AUG25",
    "Gms": "0",
    "K": "20",
    "B-day": "1993",
    "Flag": "i"
  },
  {
    "ID Number": "6101291",
    "Name": "Garcia Martinez, Antonio Jose",
    "Fed": "NCA",
    "Sex": "M",
    "Title": "",
    "WTit": "",
    "OTit": "",
    "FOA": "1972",
    "Rating": "AUG25",
    "Gms": "0",
    "K": "20",
    "B-day": "1964",
    "Flag": ""
  },
  {
    "ID Number": "6108962",
    "Name": "Garcia Montoya, Anderson Steven",
    "Fed": "NCA",
    "Sex": "M",
    "Title": "",
    "WTit": "",
    "OTit": "",
    "FOA": "1689",
    "Rating": "AUG25",
    "Gms": "0",
    "K": "20",
    "B-day": "2002",
    "Flag": "i"
  },
  {
    "ID Number": "6108849",
    "Name": "Garcia Torres, Erasmo del Socorro",
    "Fed": "NCA",
    "Sex": "M",
    "Title": "",
    "WTit": "",
    "OTit": "",
    "FOA": "1657",
    "Rating": "AUG25",
    "Gms": "0",
    "K": "20",
    "B-day": "1956",
    "Flag": "i"
  },
  {
    "ID Number": "6103030",
    "Name": "Godoy Barbosa, Jaime",
    "Fed": "NCA",
    "Sex": "M",
    "Title": "",
    "WTit": "",
    "OTit": "",
    "FOA": "1725",
    "Rating": "AUG25",
    "Gms": "0",
    "K": "20",
    "B-day": "0",
    "Flag": "i"
  },
  {
    "ID Number": "6105904",
    "Name": "Gomez Baltodano, David",
    "Fed": "NCA",
    "Sex": "M",
    "Title": "",
    "WTit": "",
    "OTit": "",
    "FOA": "1998",
    "Rating": "AUG25",
    "Gms": "0",
    "K": "20",
    "B-day": "1981",
    "Flag": "i"
  },
  {
    "ID Number": "6110037",
    "Name": "Gonzalez Aguilar, Genesis Fabiola",
    "Fed": "NCA",
    "Sex": "F",
    "Title": "",
    "WTit": "",
    "OTit": "",
    "FOA": "1671",
    "Rating": "AUG25",
    "Gms": "0",
    "K": "40",
    "B-day": "2005",
    "Flag": "wi"
  },
  {
    "ID Number": "6110010",
    "Name": "Gonzalez Caceres, Amin Oreste",
    "Fed": "NCA",
    "Sex": "M",
    "Title": "",
    "WTit": "",
    "OTit": "",
    "FOA": "1809",
    "Rating": "AUG25",
    "Gms": "0",
    "K": "20",
    "B-day": "2004",
    "Flag": "i"
  },
  {
    "ID Number": "6112951",
    "Name": "Gonzalez Garcia, Daniel Alexander",
    "Fed": "NCA",
    "Sex": "M",
    "Title": "",
    "WTit": "",
    "OTit": "",
    "FOA": "1759",
    "Rating": "AUG25",
    "Gms": "0",
    "K": "40",
    "B-day": "1989",
    "Flag": "i"
  },
  {
    "ID Number": "6106706",
    "Name": "Gonzalez Herrera, Jhon Jeyson",
    "Fed": "NCA",
    "Sex": "M",
    "Title": "",
    "WTit": "",
    "OTit": "",
    "FOA": "1756",
    "Rating": "AUG25",
    "Gms": "0",
    "K": "20",
    "B-day": "1999",
    "Flag": "i"
  },
  {
    "ID Number": "6111807",
    "Name": "Goodman Castillo Cesar Alberto",
    "Fed": "NCA",
    "Sex": "M",
    "Title": "",
    "WTit": "",
    "OTit": "",
    "FOA": "1530",
    "Rating": "AUG25",
    "Gms": "0",
    "K": "40",
    "B-day": "2008",
    "Flag": "i"
  },
  {
    "ID Number": "6101488",
    "Name": "Granados Diaz, Maria Esther",
    "Fed": "NCA",
    "Sex": "F",
    "Title": "WIM",
    "WTit": "WIM",
    "OTit": "",
    "FOA": "1881",
    "Rating": "AUG25",
    "Gms": "0",
    "K": "20",
    "B-day": "1995",
    "Flag": "wi"
  },
  {
    "ID Number": "6103804",
    "Name": "Granados Ortiz, Fidel",
    "Fed": "NCA",
    "Sex": "M",
    "Title": "",
    "WTit": "",
    "OTit": "",
    "FOA": "2000",
    "Rating": "AUG25",
    "Gms": "0",
    "K": "20",
    "B-day": "1998",
    "Flag": "i"
  },
  {
    "ID Number": "6103812",
    "Name": "Granados Ortiz, Maria Jose",
    "Fed": "NCA",
    "Sex": "F",
    "Title": "WFM",
    "WTit": "WFM",
    "OTit": "",
    "FOA": "1749",
    "Rating": "AUG25",
    "Gms": "0",
    "K": "20",
    "B-day": "2001",
    "Flag": "wi"
  },
  {
    "ID Number": "6107672",
    "Name": "Granados Zapata, Uriel Angel",
    "Fed": "NCA",
    "Sex": "M",
    "Title": "",
    "WTit": "",
    "OTit": "",
    "FOA": "1793",
    "Rating": "AUG25",
    "Gms": "0",
    "K": "20",
    "B-day": "1984",
    "Flag": "i"
  },
  {
    "ID Number": "6101054",
    "Name": "Granados, Fidel",
    "Fed": "NCA",
    "Sex": "M",
    "Title": "",
    "WTit": "",
    "OTit": "",
    "FOA": "1860",
    "Rating": "AUG25",
    "Gms": "0",
    "K": "20",
    "B-day": "0",
    "Flag": ""
  },
  {
    "ID Number": "6112242",
    "Name": "Guerrero Benavides, Emiliano Matias",
    "Fed": "NCA",
    "Sex": "M",
    "Title": "",
    "WTit": "",
    "OTit": "",
    "FOA": "1434",
    "Rating": "AUG25",
    "Gms": "0",
    "K": "40",
    "B-day": "2010",
    "Flag": "i"
  },
  {
    "ID Number": "6109454",
    "Name": "Guerrero Salazar, Jose Onell",
    "Fed": "NCA",
    "Sex": "M",
    "Title": "",
    "WTit": "",
    "OTit": "",
    "FOA": "1856",
    "Rating": "AUG25",
    "Gms": "0",
    "K": "20",
    "B-day": "2003",
    "Flag": "i"
  },
  {
    "ID Number": "6104444",
    "Name": "Guevara Rocha, Danilo Jose",
    "Fed": "NCA",
    "Sex": "M",
    "Title": "",
    "WTit": "",
    "OTit": "",
    "FOA": "1897",
    "Rating": "AUG25",
    "Gms": "0",
    "K": "20",
    "B-day": "1995",
    "Flag": "i"
  },
  {
    "ID Number": "6113273",
    "Name": "Guevara Saenz, Oscar Emmanuel",
    "Fed": "NCA",
    "Sex": "M",
    "Title": "",
    "WTit": "",
    "OTit": "",
    "FOA": "1526",
    "Rating": "AUG25",
    "Gms": "0",
    "K": "40",
    "B-day": "2012",
    "Flag": "i"
  },
  {
    "ID Number": "6100252",
    "Name": "Guevara, Carlos",
    "Fed": "NCA",
    "Sex": "M",
    "Title": "",
    "WTit": "",
    "OTit": "",
    "FOA": "2233",
    "Rating": "AUG25",
    "Gms": "0",
    "K": "20",
    "B-day": "1974",
    "Flag": "i"
  },
  {
    "ID Number": "6100023",
    "Name": "Guevara, Martin",
    "Fed": "NCA",
    "Sex": "M",
    "Title": "FM",
    "WTit": "",
    "OTit": "",
    "FOA": "2174",
    "Rating": "AUG25",
    "Gms": "0",
    "K": "20",
    "B-day": "1965",
    "Flag": ""
  },
  {
    "ID Number": "6111122",
    "Name": "Guido Cruz, Maykel Andres",
    "Fed": "NCA",
    "Sex": "M",
    "Title": "",
    "WTit": "",
    "OTit": "",
    "FOA": "1699",
    "Rating": "AUG25",
    "Gms": "0",
    "K": "40",
    "B-day": "2007",
    "Flag": "i"
  },
  {
    "ID Number": "6108717",
    "Name": "Guido, Mario Jose",
    "Fed": "NCA",
    "Sex": "M",
    "Title": "",
    "WTit": "",
    "OTit": "",
    "FOA": "1689",
    "Rating": "AUG25",
    "Gms": "0",
    "K": "20",
    "B-day": "1995",
    "Flag": "i"
  },
  {
    "ID Number": "6102069",
    "Name": "Guido, Rene",
    "Fed": "NCA",
    "Sex": "M",
    "Title": "",
    "WTit": "",
    "OTit": "",
    "FOA": "1805",
    "Rating": "AUG25",
    "Gms": "0",
    "K": "20",
    "B-day": "0",
    "Flag": ""
  },
  {
    "ID Number": "6102557",
    "Name": "Guillen, Donald",
    "Fed": "NCA",
    "Sex": "M",
    "Title": "",
    "WTit": "",
    "OTit": "",
    "FOA": "1503",
    "Rating": "AUG25",
    "Gms": "0",
    "K": "20",
    "B-day": "0",
    "Flag": "i"
  },
  {
    "ID Number": "6106714",
    "Name": "Gutierrez Hernandez, Marlon Antonio",
    "Fed": "NCA",
    "Sex": "M",
    "Title": "",
    "WTit": "",
    "OTit": "",
    "FOA": "1723",
    "Rating": "AUG25",
    "Gms": "0",
    "K": "20",
    "B-day": "1971",
    "Flag": "i"
  },
  {
    "ID Number": "6109853",
    "Name": "Gutierrez Lopez, Jose Rene",
    "Fed": "NCA",
    "Sex": "M",
    "Title": "",
    "WTit": "",
    "OTit": "",
    "FOA": "1671",
    "Rating": "AUG25",
    "Gms": "0",
    "K": "20",
    "B-day": "1978",
    "Flag": "i"
  },
  {
    "ID Number": "6102468",
    "Name": "Gutierrez, Erasmo",
    "Fed": "NCA",
    "Sex": "M",
    "Title": "",
    "WTit": "",
    "OTit": "",
    "FOA": "1948",
    "Rating": "AUG25",
    "Gms": "0",
    "K": "20",
    "B-day": "0",
    "Flag": "i"
  },
  {
    "ID Number": "6100147",
    "Name": "Gutierrez, Oscar",
    "Fed": "NCA",
    "Sex": "M",
    "Title": "",
    "WTit": "",
    "OTit": "",
    "FOA": "1963",
    "Rating": "AUG25",
    "Gms": "0",
    "K": "20",
    "B-day": "1960",
    "Flag": ""
  },
  {
    "ID Number": "6113508",
    "Name": "Hasting Saballos, Karel Escander",
    "Fed": "NCA",
    "Sex": "M",
    "Title": "",
    "WTit": "",
    "OTit": "",
    "FOA": "1714",
    "Rating": "AUG25",
    "Gms": "0",
    "K": "40",
    "B-day": "2000",
    "Flag": "i"
  },
  {
    "ID Number": "6108466",
    "Name": "Hernandez Aleman, Rosa Nelbia",
    "Fed": "NCA",
    "Sex": "F",
    "Title": "",
    "WTit": "",
    "OTit": "",
    "FOA": "1539",
    "Rating": "AUG25",
    "Gms": "0",
    "K": "20",
    "B-day": "1999",
    "Flag": "wi"
  },
  {
    "ID Number": "6107680",
    "Name": "Hernandez Bautista, Juan Antonio",
    "Fed": "NCA",
    "Sex": "M",
    "Title": "",
    "WTit": "",
    "OTit": "",
    "FOA": "1842",
    "Rating": "AUG25",
    "Gms": "0",
    "K": "20",
    "B-day": "1992",
    "Flag": "i"
  },
  {
    "ID Number": "6103820",
    "Name": "Hernandez Lopez, Alvaro",
    "Fed": "NCA",
    "Sex": "M",
    "Title": "",
    "WTit": "",
    "OTit": "",
    "FOA": "1917",
    "Rating": "AUG25",
    "Gms": "0",
    "K": "20",
    "B-day": "1979",
    "Flag": "i"
  },
  {
    "ID Number": "6109845",
    "Name": "Hernandez Tellez, Jose Abraham",
    "Fed": "NCA",
    "Sex": "M",
    "Title": "",
    "WTit": "",
    "OTit": "",
    "FOA": "1713",
    "Rating": "AUG25",
    "Gms": "0",
    "K": "40",
    "B-day": "2007",
    "Flag": "i"
  },
  {
    "ID Number": "6112935",
    "Name": "Huete Lorio, Franier Paul",
    "Fed": "NCA",
    "Sex": "M",
    "Title": "",
    "WTit": "",
    "OTit": "",
    "FOA": "1770",
    "Rating": "AUG25",
    "Gms": "0",
    "K": "40",
    "B-day": "2007",
    "Flag": ""
  },
  {
    "ID Number": "6100139",
    "Name": "Izaba, Rodolfo",
    "Fed": "NCA",
    "Sex": "M",
    "Title": "FM",
    "WTit": "",
    "OTit": "",
    "FOA": "2033",
    "Rating": "AUG25",
    "Gms": "0",
    "K": "20",
    "B-day": "1972",
    "Flag": "i"
  },
  {
    "ID Number": "6110061",
    "Name": "Jimenez Lira, Julio Cesar",
    "Fed": "NCA",
    "Sex": "M",
    "Title": "",
    "WTit": "",
    "OTit": "",
    "FOA": "1742",
    "Rating": "AUG25",
    "Gms": "0",
    "K": "40",
    "B-day": "2007",
    "Flag": ""
  },
  {
    "ID Number": "6110045",
    "Name": "Jimenez Lopez, Javier Jesus",
    "Fed": "NCA",
    "Sex": "M",
    "Title": "",
    "WTit": "",
    "OTit": "",
    "FOA": "1705",
    "Rating": "AUG25",
    "Gms": "0",
    "K": "40",
    "B-day": "2009",
    "Flag": "i"
  },
  {
    "ID Number": "6102476",
    "Name": "Jimenez Martinez, Alexander",
    "Fed": "NCA",
    "Sex": "M",
    "Title": "",
    "WTit": "",
    "OTit": "",
    "FOA": "1987",
    "Rating": "AUG25",
    "Gms": "0",
    "K": "20",
    "B-day": "0",
    "Flag": "i"
  },
  {
    "ID Number": "6101348",
    "Name": "Jimenez, Lester",
    "Fed": "NCA",
    "Sex": "M",
    "Title": "",
    "WTit": "",
    "OTit": "",
    "FOA": "1957",
    "Rating": "AUG25",
    "Gms": "0",
    "K": "20",
    "B-day": "0",
    "Flag": "i"
  },
  {
    "ID Number": "6100031",
    "Name": "Lacayo, Rene",
    "Fed": "NCA",
    "Sex": "M",
    "Title": "FM",
    "WTit": "",
    "OTit": "",
    "FOA": "2260",
    "Rating": "AUG25",
    "Gms": "0",
    "K": "20",
    "B-day": "1969",
    "Flag": "i"
  },
  {
    "ID Number": "6105629",
    "Name": "Larios Zamora, Henry William",
    "Fed": "NCA",
    "Sex": "M",
    "Title": "",
    "WTit": "",
    "OTit": "",
    "FOA": "1802",
    "Rating": "AUG25",
    "Gms": "0",
    "K": "20",
    "B-day": "1994",
    "Flag": "i"
  },
  {
    "ID Number": "6102387",
    "Name": "Leon Sandoval, Johan",
    "Fed": "NCA",
    "Sex": "F",
    "Title": "",
    "WTit": "",
    "OTit": "",
    "FOA": "1786",
    "Rating": "AUG25",
    "Gms": "0",
    "K": "20",
    "B-day": "0",
    "Flag": "wi"
  },
  {
    "ID Number": "6107320",
    "Name": "Leyton Calderon, Jairo Oswaldo",
    "Fed": "NCA",
    "Sex": "M",
    "Title": "",
    "WTit": "",
    "OTit": "",
    "FOA": "1719",
    "Rating": "AUG25",
    "Gms": "0",
    "K": "20",
    "B-day": "1987",
    "Flag": "i"
  },
  {
    "ID Number": "6100651",
    "Name": "Lezama, Douglas",
    "Fed": "NCA",
    "Sex": "M",
    "Title": "",
    "WTit": "",
    "OTit": "",
    "FOA": "1980",
    "Rating": "AUG25",
    "Gms": "0",
    "K": "20",
    "B-day": "0",
    "Flag": "i"
  },
  {
    "ID Number": "6111378",
    "Name": "Lim Villanueva, Gerson Ulises",
    "Fed": "NCA",
    "Sex": "M",
    "Title": "",
    "WTit": "",
    "OTit": "",
    "FOA": "1695",
    "Rating": "AUG25",
    "Gms": "0",
    "K": "40",
    "B-day": "2005",
    "Flag": "i"
  },
  {
    "ID Number": "6105211",
    "Name": "Loasiga Perez, Carlos Alberto",
    "Fed": "NCA",
    "Sex": "M",
    "Title": "",
    "WTit": "",
    "OTit": "",
    "FOA": "1657",
    "Rating": "AUG25",
    "Gms": "0",
    "K": "40",
    "B-day": "1990",
    "Flag": "i"
  },
  {
    "ID Number": "6110924",
    "Name": "Lopez Bravo, Axel Enoc",
    "Fed": "NCA",
    "Sex": "M",
    "Title": "",
    "WTit": "",
    "OTit": "",
    "FOA": "1563",
    "Rating": "AUG25",
    "Gms": "0",
    "K": "40",
    "B-day": "2005",
    "Flag": "i"
  },
  {
    "ID Number": "6110665",
    "Name": "Lopez Bravo, Larry Junior",
    "Fed": "NCA",
    "Sex": "M",
    "Title": "",
    "WTit": "",
    "OTit": "",
    "FOA": "1821",
    "Rating": "AUG25",
    "Gms": "0",
    "K": "20",
    "B-day": "2001",
    "Flag": "i"
  },
  {
    "ID Number": "6109519",
    "Name": "Lopez Cerda, Mario Enrique",
    "Fed": "NCA",
    "Sex": "M",
    "Title": "",
    "WTit": "",
    "OTit": "",
    "FOA": "1599",
    "Rating": "AUG25",
    "Gms": "0",
    "K": "40",
    "B-day": "2005",
    "Flag": "i"
  },
  {
    "ID Number": "6107044",
    "Name": "Lopez Chow, Jeffrey Alfonso",
    "Fed": "NCA",
    "Sex": "M",
    "Title": "",
    "WTit": "",
    "OTit": "",
    "FOA": "1756",
    "Rating": "AUG25",
    "Gms": "0",
    "K": "20",
    "B-day": "2004",
    "Flag": "i"
  },
  {
    "ID Number": "6109047",
    "Name": "Lopez Cisnero, Roberto Samuel",
    "Fed": "NCA",
    "Sex": "M",
    "Title": "",
    "WTit": "",
    "OTit": "",
    "FOA": "1461",
    "Rating": "AUG25",
    "Gms": "0",
    "K": "40",
    "B-day": "2007",
    "Flag": "i"
  },
  {
    "ID Number": "6111688",
    "Name": "Lopez Duarte, Juanita Esmeralda",
    "Fed": "NCA",
    "Sex": "F",
    "Title": "",
    "WTit": "",
    "OTit": "",
    "FOA": "1589",
    "Rating": "AUG25",
    "Gms": "0",
    "K": "40",
    "B-day": "2010",
    "Flag": "wi"
  },
  {
    "ID Number": "6109071",
    "Name": "Lopez Espinoza, Andreelhy de Jesus",
    "Fed": "NCA",
    "Sex": "M",
    "Title": "",
    "WTit": "",
    "OTit": "",
    "FOA": "1588",
    "Rating": "AUG25",
    "Gms": "0",
    "K": "20",
    "B-day": "1997",
    "Flag": "i"
  },
  {
    "ID Number": "6109063",
    "Name": "Lopez Espinoza, Anthony Joseph",
    "Fed": "NCA",
    "Sex": "M",
    "Title": "",
    "WTit": "",
    "OTit": "",
    "FOA": "1729",
    "Rating": "AUG25",
    "Gms": "0",
    "K": "20",
    "B-day": "1994",
    "Flag": "i"
  },
  {
    "ID Number": "6102484",
    "Name": "Lopez Lopez, Manuel",
    "Fed": "NCA",
    "Sex": "M",
    "Title": "",
    "WTit": "",
    "OTit": "",
    "FOA": "1605",
    "Rating": "AUG25",
    "Gms": "0",
    "K": "20",
    "B-day": "0",
    "Flag": "i"
  },
  {
    "ID Number": "6108474",
    "Name": "Lopez Masis, Kenard Evans",
    "Fed": "NCA",
    "Sex": "M",
    "Title": "",
    "WTit": "",
    "OTit": "",
    "FOA": "1725",
    "Rating": "AUG25",
    "Gms": "0",
    "K": "20",
    "B-day": "1997",
    "Flag": "i"
  },
  {
    "ID Number": "6108482",
    "Name": "Lopez Morales, Kevin William",
    "Fed": "NCA",
    "Sex": "M",
    "Title": "",
    "WTit": "",
    "OTit": "",
    "FOA": "1702",
    "Rating": "AUG25",
    "Gms": "0",
    "K": "40",
    "B-day": "2005",
    "Flag": "i"
  },
  {
    "ID Number": "6109381",
    "Name": "Lopez Murillo, Eliseo Josue",
    "Fed": "NCA",
    "Sex": "M",
    "Title": "",
    "WTit": "",
    "OTit": "",
    "FOA": "1678",
    "Rating": "AUG25",
    "Gms": "0",
    "K": "40",
    "B-day": "2010",
    "Flag": "i"
  },
  {
    "ID Number": "6102867",
    "Name": "Lopez Narvaez, Julio Cesar",
    "Fed": "NCA",
    "Sex": "M",
    "Title": "",
    "WTit": "",
    "OTit": "",
    "FOA": "1696",
    "Rating": "AUG25",
    "Gms": "0",
    "K": "20",
    "B-day": "0",
    "Flag": "i"
  },
  {
    "ID Number": "6112960",
    "Name": "Lopez Polanco, Jader Noel",
    "Fed": "NCA",
    "Sex": "M",
    "Title": "",
    "WTit": "",
    "OTit": "",
    "FOA": "1687",
    "Rating": "AUG25",
    "Gms": "0",
    "K": "40",
    "B-day": "2001",
    "Flag": "i"
  },
  {
    "ID Number": "6108814",
    "Name": "Lopez Rodriguez, Ricardo Jose",
    "Fed": "NCA",
    "Sex": "M",
    "Title": "",
    "WTit": "",
    "OTit": "",
    "FOA": "1699",
    "Rating": "AUG25",
    "Gms": "0",
    "K": "20",
    "B-day": "1982",
    "Flag": "i"
  },
  {
    "ID Number": "6109969",
    "Name": "Lopez Tercero, Enders Wilfredo",
    "Fed": "NCA",
    "Sex": "M",
    "Title": "",
    "WTit": "",
    "OTit": "",
    "FOA": "1786",
    "Rating": "AUG25",
    "Gms": "0",
    "K": "20",
    "B-day": "1993",
    "Flag": "i"
  },
  {
    "ID Number": "6111815",
    "Name": "Lopez Urbina, Luis Ismael",
    "Fed": "NCA",
    "Sex": "M",
    "Title": "",
    "WTit": "",
    "OTit": "",
    "FOA": "1685",
    "Rating": "AUG25",
    "Gms": "0",
    "K": "20",
    "B-day": "1999",
    "Flag": "i"
  },
  {
    "ID Number": "6113443",
    "Name": "Lopez Urrutia, Diego Zahid",
    "Fed": "NCA",
    "Sex": "M",
    "Title": "",
    "WTit": "",
    "OTit": "",
    "FOA": "1537",
    "Rating": "AUG25",
    "Gms": "0",
    "K": "40",
    "B-day": "2012",
    "Flag": ""
  },
  {
    "ID Number": "6112684",
    "Name": "Luna Tapia, Anthony Josue",
    "Fed": "NCA",
    "Sex": "M",
    "Title": "",
    "WTit": "",
    "OTit": "",
    "FOA": "1731",
    "Rating": "AUG25",
    "Gms": "0",
    "K": "40",
    "B-day": "2008",
    "Flag": ""
  },
  {
    "ID Number": "6106480",
    "Name": "Machado Garcia, Ruben Efrain",
    "Fed": "NCA",
    "Sex": "M",
    "Title": "",
    "WTit": "",
    "OTit": "",
    "FOA": "1825",
    "Rating": "AUG25",
    "Gms": "0",
    "K": "20",
    "B-day": "1968",
    "Flag": ""
  },
  {
    "ID Number": "6101097",
    "Name": "Madrigal, Ana Daniela",
    "Fed": "NCA",
    "Sex": "F",
    "Title": "WFM",
    "WTit": "WFM",
    "OTit": "",
    "FOA": "1959",
    "Rating": "AUG25",
    "Gms": "0",
    "K": "20",
    "B-day": "1990",
    "Flag": "w"
  },
  {
    "ID Number": "6100961",
    "Name": "Madrigal, Mariano",
    "Fed": "NCA",
    "Sex": "M",
    "Title": "IM",
    "WTit": "",
    "OTit": "",
    "FOA": "2133",
    "Rating": "AUG25",
    "Gms": "0",
    "K": "20",
    "B-day": "1994",
    "Flag": ""
  },
  {
    "ID Number": "6101356",
    "Name": "Marin, Juan Carlos",
    "Fed": "NCA",
    "Sex": "M",
    "Title": "",
    "WTit": "",
    "OTit": "",
    "FOA": "1864",
    "Rating": "AUG25",
    "Gms": "0",
    "K": "20",
    "B-day": "0",
    "Flag": ""
  },
  {
    "ID Number": "6102395",
    "Name": "Marquez Amaya, Armenia",
    "Fed": "NCA",
    "Sex": "F",
    "Title": "",
    "WTit": "",
    "OTit": "",
    "FOA": "1656",
    "Rating": "AUG25",
    "Gms": "0",
    "K": "20",
    "B-day": "0",
    "Flag": "wi"
  },
  {
    "ID Number": "6107532",
    "Name": "Marquez Carrero, Rafael Alfonso",
    "Fed": "NCA",
    "Sex": "M",
    "Title": "",
    "WTit": "",
    "OTit": "",
    "FOA": "1466",
    "Rating": "AUG25",
    "Gms": "0",
    "K": "40",
    "B-day": "2008",
    "Flag": "i"
  },
  {
    "ID Number": "6110649",
    "Name": "Martinez Garcia, Luis Alfonso",
    "Fed": "NCA",
    "Sex": "M",
    "Title": "",
    "WTit": "",
    "OTit": "",
    "FOA": "1578",
    "Rating": "AUG25",
    "Gms": "0",
    "K": "20",
    "B-day": "1999",
    "Flag": "i"
  },
  {
    "ID Number": "6108580",
    "Name": "Martinez Gutierrez, Camila Renata",
    "Fed": "NCA",
    "Sex": "F",
    "Title": "",
    "WTit": "",
    "OTit": "",
    "FOA": "1569",
    "Rating": "AUG25",
    "Gms": "0",
    "K": "40",
    "B-day": "2010",
    "Flag": "wi"
  },
  {
    "ID Number": "6110231",
    "Name": "Martinez Ibarra, Douglas Alberto",
    "Fed": "NCA",
    "Sex": "M",
    "Title": "",
    "WTit": "",
    "OTit": "",
    "FOA": "1487",
    "Rating": "AUG25",
    "Gms": "0",
    "K": "20",
    "B-day": "2002",
    "Flag": "i"
  },
  {
    "ID Number": "6106200",
    "Name": "Martinez Martinez, Abraham Josue",
    "Fed": "NCA",
    "Sex": "M",
    "Title": "",
    "WTit": "",
    "OTit": "",
    "FOA": "1664",
    "Rating": "AUG25",
    "Gms": "0",
    "K": "20",
    "B-day": "1999",
    "Flag": "i"
  },
  {
    "ID Number": "6112196",
    "Name": "Martinez Miranda, Josadak Emmanuel",
    "Fed": "NCA",
    "Sex": "M",
    "Title": "",
    "WTit": "",
    "OTit": "",
    "FOA": "1631",
    "Rating": "AUG25",
    "Gms": "0",
    "K": "40",
    "B-day": "2013",
    "Flag": ""
  },
  {
    "ID Number": "6107079",
    "Name": "Martinez Orozco, Cristiana Yorlene",
    "Fed": "NCA",
    "Sex": "F",
    "Title": "",
    "WTit": "",
    "OTit": "",
    "FOA": "1655",
    "Rating": "AUG25",
    "Gms": "0",
    "K": "20",
    "B-day": "2005",
    "Flag": "w"
  },
  {
    "ID Number": "6103111",
    "Name": "Martinez Romero, Luis",
    "Fed": "NCA",
    "Sex": "M",
    "Title": "",
    "WTit": "",
    "OTit": "",
    "FOA": "1861",
    "Rating": "AUG25",
    "Gms": "0",
    "K": "20",
    "B-day": "0",
    "Flag": "i"
  },
  {
    "ID Number": "6106404",
    "Name": "Matamoros, Jorge",
    "Fed": "NCA",
    "Sex": "M",
    "Title": "",
    "WTit": "",
    "OTit": "",
    "FOA": "1814",
    "Rating": "AUG25",
    "Gms": "0",
    "K": "20",
    "B-day": "1951",
    "Flag": "i"
  },
  {
    "ID Number": "6108504",
    "Name": "Matus Acevedo, Gabriel Antonio",
    "Fed": "NCA",
    "Sex": "M",
    "Title": "",
    "WTit": "",
    "OTit": "",
    "FOA": "1620",
    "Rating": "AUG25",
    "Gms": "0",
    "K": "40",
    "B-day": "2006",
    "Flag": "i"
  },
  {
    "ID Number": "6110444",
    "Name": "Matute Herrera, Yeltsin Miguel",
    "Fed": "NCA",
    "Sex": "M",
    "Title": "",
    "WTit": "",
    "OTit": "",
    "FOA": "1531",
    "Rating": "AUG25",
    "Gms": "0",
    "K": "20",
    "B-day": "1989",
    "Flag": "i"
  },
  {
    "ID Number": "6109756",
    "Name": "Mayorga Bohorquez, David Antonio",
    "Fed": "NCA",
    "Sex": "M",
    "Title": "",
    "WTit": "",
    "OTit": "",
    "FOA": "1708",
    "Rating": "AUG25",
    "Gms": "0",
    "K": "20",
    "B-day": "1968",
    "Flag": "i"
  },
  {
    "ID Number": "6112005",
    "Name": "Mayorga Torrez, Nestor Brain",
    "Fed": "NCA",
    "Sex": "M",
    "Title": "",
    "WTit": "",
    "OTit": "",
    "FOA": "1539",
    "Rating": "AUG25",
    "Gms": "0",
    "K": "20",
    "B-day": "2004",
    "Flag": "i"
  },
  {
    "ID Number": "6107273",
    "Name": "Medrano Barrera, Jenny Ariadna",
    "Fed": "NCA",
    "Sex": "F",
    "Title": "",
    "WTit": "",
    "OTit": "",
    "FOA": "1457",
    "Rating": "AUG25",
    "Gms": "0",
    "K": "20",
    "B-day": "1997",
    "Flag": "wi"
  },
  {
    "ID Number": "6104479",
    "Name": "Medrano Miranda,Luis Benjamin",
    "Fed": "NCA",
    "Sex": "M",
    "Title": "",
    "WTit": "",
    "OTit": "",
    "FOA": "1714",
    "Rating": "AUG25",
    "Gms": "0",
    "K": "20",
    "B-day": "1998",
    "Flag": "i"
  },
  {
    "ID Number": "6107729",
    "Name": "Medrano Ramirez, Jose Francisco",
    "Fed": "NCA",
    "Sex": "M",
    "Title": "",
    "WTit": "",
    "OTit": "",
    "FOA": "1553",
    "Rating": "AUG25",
    "Gms": "0",
    "K": "20",
    "B-day": "1969",
    "Flag": "i"
  },
  {
    "ID Number": "6103200",
    "Name": "Medrano, Maria Luisa",
    "Fed": "NCA",
    "Sex": "F",
    "Title": "",
    "WTit": "",
    "OTit": "",
    "FOA": "1725",
    "Rating": "AUG25",
    "Gms": "0",
    "K": "20",
    "B-day": "1999",
    "Flag": "wi"
  },
  {
    "ID Number": "6100970",
    "Name": "Medrano, Randall",
    "Fed": "NCA",
    "Sex": "M",
    "Title": "FM",
    "WTit": "",
    "OTit": "",
    "FOA": "2044",
    "Rating": "AUG25",
    "Gms": "0",
    "K": "20",
    "B-day": "1992",
    "Flag": "i"
  },
  {
    "ID Number": "6112218",
    "Name": "Mejia Arana, Eliam David",
    "Fed": "NCA",
    "Sex": "M",
    "Title": "",
    "WTit": "",
    "OTit": "",
    "FOA": "1660",
    "Rating": "AUG25",
    "Gms": "0",
    "K": "40",
    "B-day": "2004",
    "Flag": "i"
  },
  {
    "ID Number": "6111726",
    "Name": "Mejia Jackson, Daniela Aracely",
    "Fed": "NCA",
    "Sex": "F",
    "Title": "",
    "WTit": "",
    "OTit": "",
    "FOA": "1626",
    "Rating": "AUG25",
    "Gms": "0",
    "K": "40",
    "B-day": "2009",
    "Flag": "wi"
  },
  {
    "ID Number": "6102085",
    "Name": "Mejia, Donaldo",
    "Fed": "NCA",
    "Sex": "M",
    "Title": "",
    "WTit": "",
    "OTit": "",
    "FOA": "1868",
    "Rating": "AUG25",
    "Gms": "0",
    "K": "20",
    "B-day": "0",
    "Flag": "i"
  },
  {
    "ID Number": "6107567",
    "Name": "Melendez Vargas,Monica Yanira",
    "Fed": "NCA",
    "Sex": "F",
    "Title": "",
    "WTit": "",
    "OTit": "",
    "FOA": "1699",
    "Rating": "AUG25",
    "Gms": "0",
    "K": "40",
    "B-day": "2012",
    "Flag": "wi"
  },
  {
    "ID Number": "6101496",
    "Name": "Mendieta, Kathya",
    "Fed": "NCA",
    "Sex": "F",
    "Title": "WFM",
    "WTit": "WFM",
    "OTit": "",
    "FOA": "1956",
    "Rating": "AUG25",
    "Gms": "0",
    "K": "20",
    "B-day": "1994",
    "Flag": "wi"
  },
  {
    "ID Number": "6107443",
    "Name": "Mendoza Lainez, Ricardo Jose",
    "Fed": "NCA",
    "Sex": "M",
    "Title": "",
    "WTit": "",
    "OTit": "",
    "FOA": "1447",
    "Rating": "AUG25",
    "Gms": "0",
    "K": "20",
    "B-day": "1979",
    "Flag": "i"
  },
  {
    "ID Number": "6112404",
    "Name": "Mendoza Oporta, Esmerling Antonio",
    "Fed": "NCA",
    "Sex": "M",
    "Title": "",
    "WTit": "",
    "OTit": "",
    "FOA": "1417",
    "Rating": "AUG25",
    "Gms": "0",
    "K": "40",
    "B-day": "1990",
    "Flag": "i"
  },
  {
    "ID Number": "6109314",
    "Name": "Mendoza Taisigue, Jackson Alexander",
    "Fed": "NCA",
    "Sex": "M",
    "Title": "",
    "WTit": "",
    "OTit": "",
    "FOA": "1982",
    "Rating": "AUG25",
    "Gms": "0",
    "K": "20",
    "B-day": "1998",
    "Flag": "i"
  },
  {
    "ID Number": "6100996",
    "Name": "Mendoza, Yegor",
    "Fed": "NCA",
    "Sex": "M",
    "Title": "",
    "WTit": "",
    "OTit": "",
    "FOA": "1873",
    "Rating": "AUG25",
    "Gms": "0",
    "K": "20",
    "B-day": "0",
    "Flag": "i"
  },
  {
    "ID Number": "6108830",
    "Name": "Miranda Jarquin, Eduardo Modesto",
    "Fed": "NCA",
    "Sex": "M",
    "Title": "",
    "WTit": "",
    "OTit": "",
    "FOA": "1807",
    "Rating": "AUG25",
    "Gms": "0",
    "K": "20",
    "B-day": "1997",
    "Flag": "i"
  },
  {
    "ID Number": "6112021",
    "Name": "Molina Marcia, Leonel Ernesto",
    "Fed": "NCA",
    "Sex": "M",
    "Title": "",
    "WTit": "",
    "OTit": "",
    "FOA": "1416",
    "Rating": "AUG25",
    "Gms": "0",
    "K": "20",
    "B-day": "1956",
    "Flag": ""
  },
  {
    "ID Number": "6103405",
    "Name": "Moncada, Orlando Jose",
    "Fed": "NCA",
    "Sex": "M",
    "Title": "",
    "WTit": "",
    "OTit": "",
    "FOA": "1694",
    "Rating": "AUG25",
    "Gms": "0",
    "K": "20",
    "B-day": "0",
    "Flag": ""
  },
  {
    "ID Number": "6107583",
    "Name": "Mondragon Meynard, Jofran David",
    "Fed": "NCA",
    "Sex": "M",
    "Title": "",
    "WTit": "",
    "OTit": "",
    "FOA": "1890",
    "Rating": "AUG25",
    "Gms": "0",
    "K": "20",
    "B-day": "2003",
    "Flag": "i"
  },
  {
    "ID Number": "6109730",
    "Name": "Monge Lopez, Jairo Humberto",
    "Fed": "NCA",
    "Sex": "M",
    "Title": "",
    "WTit": "",
    "OTit": "",
    "FOA": "1696",
    "Rating": "AUG25",
    "Gms": "0",
    "K": "20",
    "B-day": "1974",
    "Flag": "i"
  },
  {
    "ID Number": "6110290",
    "Name": "Monje Ocampo, Francisco Emanuel",
    "Fed": "NCA",
    "Sex": "M",
    "Title": "",
    "WTit": "",
    "OTit": "",
    "FOA": "1642",
    "Rating": "AUG25",
    "Gms": "0",
    "K": "40",
    "B-day": "2008",
    "Flag": "i"
  },
  {
    "ID Number": "6112919",
    "Name": "Montoya Murillo, Jairo Emanuel",
    "Fed": "NCA",
    "Sex": "M",
    "Title": "",
    "WTit": "",
    "OTit": "",
    "FOA": "1533",
    "Rating": "AUG25",
    "Gms": "0",
    "K": "40",
    "B-day": "2014",
    "Flag": ""
  },
  {
    "ID Number": "6102115",
    "Name": "Moraga, Maria",
    "Fed": "NCA",
    "Sex": "F",
    "Title": "",
    "WTit": "",
    "OTit": "",
    "FOA": "1822",
    "Rating": "AUG25",
    "Gms": "0",
    "K": "20",
    "B-day": "0",
    "Flag": "wi"
  },
  {
    "ID Number": "6103049",
    "Name": "Morales Castillo, Angel",
    "Fed": "NCA",
    "Sex": "M",
    "Title": "",
    "WTit": "",
    "OTit": "",
    "FOA": "1639",
    "Rating": "AUG25",
    "Gms": "0",
    "K": "20",
    "B-day": "0",
    "Flag": "i"
  },
  {
    "ID Number": "6103871",
    "Name": "Morales, Alvaro Antonio",
    "Fed": "NCA",
    "Sex": "M",
    "Title": "",
    "WTit": "",
    "OTit": "",
    "FOA": "1956",
    "Rating": "AUG25",
    "Gms": "0",
    "K": "20",
    "B-day": "1997",
    "Flag": "i"
  },
  {
    "ID Number": "6102875",
    "Name": "Morales, Benjamin",
    "Fed": "NCA",
    "Sex": "M",
    "Title": "",
    "WTit": "",
    "OTit": "",
    "FOA": "1732",
    "Rating": "AUG25",
    "Gms": "0",
    "K": "20",
    "B-day": "0",
    "Flag": "i"
  },
  {
    "ID Number": "6102280",
    "Name": "Munguia, Juan Carlos",
    "Fed": "NCA",
    "Sex": "M",
    "Title": "",
    "WTit": "",
    "OTit": "",
    "FOA": "1804",
    "Rating": "AUG25",
    "Gms": "0",
    "K": "20",
    "B-day": "0",
    "Flag": "i"
  },
  {
    "ID Number": "6107915",
    "Name": "Muniz Roa, Hiram David",
    "Fed": "NCA",
    "Sex": "M",
    "Title": "",
    "WTit": "",
    "OTit": "",
    "FOA": "1521",
    "Rating": "AUG25",
    "Gms": "0",
    "K": "20",
    "B-day": "1966",
    "Flag": "i"
  },
  {
    "ID Number": "6107923",
    "Name": "Muniz Rojas, Kenneth Alexel",
    "Fed": "NCA",
    "Sex": "M",
    "Title": "",
    "WTit": "",
    "OTit": "",
    "FOA": "1596",
    "Rating": "AUG25",
    "Gms": "0",
    "K": "20",
    "B-day": "1998",
    "Flag": "i"
  },
  {
    "ID Number": "6109527",
    "Name": "Munoz Cortez, Anahi Alexandra",
    "Fed": "NCA",
    "Sex": "F",
    "Title": "",
    "WTit": "",
    "OTit": "",
    "FOA": "1712",
    "Rating": "AUG25",
    "Gms": "0",
    "K": "20",
    "B-day": "2006",
    "Flag": "w"
  },
  {
    "ID Number": "6109535",
    "Name": "Munoz Cortez, Jonathan Eduardo",
    "Fed": "NCA",
    "Sex": "M",
    "Title": "",
    "WTit": "",
    "OTit": "",
    "FOA": "1711",
    "Rating": "AUG25",
    "Gms": "0",
    "K": "40",
    "B-day": "2007",
    "Flag": ""
  },
  {
    "ID Number": "6107486",
    "Name": "Munoz Molina, Kevin Wesly",
    "Fed": "NCA",
    "Sex": "M",
    "Title": "",
    "WTit": "",
    "OTit": "",
    "FOA": "1576",
    "Rating": "AUG25",
    "Gms": "0",
    "K": "20",
    "B-day": "2001",
    "Flag": "i"
  },
  {
    "ID Number": "6103090",
    "Name": "Munoz, Marcos",
    "Fed": "NCA",
    "Sex": "M",
    "Title": "",
    "WTit": "",
    "OTit": "",
    "FOA": "2057",
    "Rating": "AUG25",
    "Gms": "0",
    "K": "20",
    "B-day": "0",
    "Flag": "i"
  },
  {
    "ID Number": "6103359",
    "Name": "Murillo, Bryan",
    "Fed": "NCA",
    "Sex": "M",
    "Title": "",
    "WTit": "",
    "OTit": "",
    "FOA": "1970",
    "Rating": "AUG25",
    "Gms": "0",
    "K": "20",
    "B-day": "1998",
    "Flag": "i"
  },
  {
    "ID Number": "6107737",
    "Name": "Narvaez Sandoval, Jorge Ausberto",
    "Fed": "NCA",
    "Sex": "M",
    "Title": "",
    "WTit": "",
    "OTit": "",
    "FOA": "1863",
    "Rating": "AUG25",
    "Gms": "0",
    "K": "20",
    "B-day": "1983",
    "Flag": "i"
  },
  {
    "ID Number": "6101119",
    "Name": "Olivares, Odell",
    "Fed": "NCA",
    "Sex": "M",
    "Title": "",
    "WTit": "",
    "OTit": "",
    "FOA": "1703",
    "Rating": "AUG25",
    "Gms": "0",
    "K": "20",
    "B-day": "0",
    "Flag": ""
  },
  {
    "ID Number": "6104193",
    "Name": "Olivas Siles, Roberto Carlos",
    "Fed": "NCA",
    "Sex": "M",
    "Title": "",
    "WTit": "",
    "OTit": "",
    "FOA": "1755",
    "Rating": "AUG25",
    "Gms": "0",
    "K": "20",
    "B-day": "1984",
    "Flag": "i"
  },
  {
    "ID Number": "6111637",
    "Name": "Ordonez Aguilar, Omar Efrain",
    "Fed": "NCA",
    "Sex": "M",
    "Title": "",
    "WTit": "",
    "OTit": "",
    "FOA": "1542",
    "Rating": "AUG25",
    "Gms": "0",
    "K": "20",
    "B-day": "2003",
    "Flag": "i"
  },
  {
    "ID Number": "6103928",
    "Name": "Ordonez, Randall Raul",
    "Fed": "NCA",
    "Sex": "M",
    "Title": "",
    "WTit": "",
    "OTit": "",
    "FOA": "AFM",
    "Rating": "AUG25",
    "Gms": "1788",
    "K": "0",
    "B-day": "1999",
    "Flag": "i"
  },
  {
    "ID Number": "6107931",
    "Name": "Orochena Barbas, Jose Manuel",
    "Fed": "NCA",
    "Sex": "M",
    "Title": "",
    "WTit": "",
    "OTit": "",
    "FOA": "1587",
    "Rating": "AUG25",
    "Gms": "0",
    "K": "20",
    "B-day": "1965",
    "Flag": "i"
  },
  {
    "ID Number": "6104290",
    "Name": "Orozco Cantillano,Aurelio Ismael",
    "Fed": "NCA",
    "Sex": "M",
    "Title": "",
    "WTit": "",
    "OTit": "",
    "FOA": "1738",
    "Rating": "AUG25",
    "Gms": "0",
    "K": "20",
    "B-day": "1983",
    "Flag": "i"
  },
  {
    "ID Number": "6109977",
    "Name": "Orozco Rivera, Jeffry Jose",
    "Fed": "NCA",
    "Sex": "M",
    "Title": "",
    "WTit": "",
    "OTit": "",
    "FOA": "1464",
    "Rating": "AUG25",
    "Gms": "0",
    "K": "20",
    "B-day": "1998",
    "Flag": "i"
  },
  {
    "ID Number": "6114067",
    "Name": "Ortega Diaz, Facundo Javier",
    "Fed": "NCA",
    "Sex": "M",
    "Title": "",
    "WTit": "",
    "OTit": "",
    "FOA": "1507",
    "Rating": "AUG25",
    "Gms": "0",
    "K": "40",
    "B-day": "2012",
    "Flag": ""
  },
  {
    "ID Number": "6102506",
    "Name": "Ortiz Bermudez, Victor Francisco",
    "Fed": "NCA",
    "Sex": "M",
    "Title": "",
    "WTit": "",
    "OTit": "",
    "FOA": "1560",
    "Rating": "AUG25",
    "Gms": "0",
    "K": "20",
    "B-day": "1992",
    "Flag": "i"
  },
  {
    "ID Number": "6101127",
    "Name": "Ortiz, Heriberto",
    "Fed": "NCA",
    "Sex": "M",
    "Title": "",
    "WTit": "",
    "OTit": "",
    "FOA": "1849",
    "Rating": "AUG25",
    "Gms": "0",
    "K": "20",
    "B-day": "0",
    "Flag": ""
  },
  {
    "ID Number": "6100678",
    "Name": "Ortiz, Marcos",
    "Fed": "NCA",
    "Sex": "M",
    "Title": "",
    "WTit": "",
    "OTit": "",
    "FOA": "2174",
    "Rating": "AUG25",
    "Gms": "0",
    "K": "20",
    "B-day": "0",
    "Flag": "i"
  },
  {
    "ID Number": "6108598",
    "Name": "Oviedo Rocha, Mateo Javier",
    "Fed": "NCA",
    "Sex": "M",
    "Title": "",
    "WTit": "",
    "OTit": "",
    "FOA": "1567",
    "Rating": "AUG25",
    "Gms": "0",
    "K": "40",
    "B-day": "2012",
    "Flag": ""
  },
  {
    "ID Number": "6110959",
    "Name": "Paiz Morales, Manuel Salvador",
    "Fed": "NCA",
    "Sex": "M",
    "Title": "",
    "WTit": "",
    "OTit": "",
    "FOA": "1611",
    "Rating": "AUG25",
    "Gms": "0",
    "K": "20",
    "B-day": "1999",
    "Flag": "i"
  },
  {
    "ID Number": "6105858",
    "Name": "Parrales Lopez, Pablo Antonio",
    "Fed": "NCA",
    "Sex": "M",
    "Title": "",
    "WTit": "",
    "OTit": "",
    "FOA": "1710",
    "Rating": "AUG25",
    "Gms": "0",
    "K": "20",
    "B-day": "1997",
    "Flag": "i"
  },
  {
    "ID Number": "6106161",
    "Name": "Pavon Avendano, Horacio Joel",
    "Fed": "NCA",
    "Sex": "M",
    "Title": "",
    "WTit": "",
    "OTit": "",
    "FOA": "1669",
    "Rating": "AUG25",
    "Gms": "0",
    "K": "20",
    "B-day": "1996",
    "Flag": "i"
  },
  {
    "ID Number": "6108628",
    "Name": "Pavon Ruiz, Cristhoffer Israel",
    "Fed": "NCA",
    "Sex": "M",
    "Title": "",
    "WTit": "",
    "OTit": "",
    "FOA": "1744",
    "Rating": "AUG25",
    "Gms": "0",
    "K": "20",
    "B-day": "2005",
    "Flag": ""
  },
  {
    "ID Number": "6111440",
    "Name": "Pena Baltodano, Jeferson Nazareo",
    "Fed": "NCA",
    "Sex": "M",
    "Title": "",
    "WTit": "",
    "OTit": "",
    "FOA": "1660",
    "Rating": "AUG25",
    "Gms": "0",
    "K": "20",
    "B-day": "1993",
    "Flag": "i"
  },
  {
    "ID Number": "6111602",
    "Name": "Pena Baltodano, Sharon Isabel",
    "Fed": "NCA",
    "Sex": "F",
    "Title": "",
    "WTit": "",
    "OTit": "",
    "FOA": "1583",
    "Rating": "AUG25",
    "Gms": "0",
    "K": "20",
    "B-day": "2002",
    "Flag": "wi"
  },
  {
    "ID Number": "6111599",
    "Name": "Pena Baltodano, Yaddolly",
    "Fed": "NCA",
    "Sex": "F",
    "Title": "",
    "WTit": "",
    "OTit": "",
    "FOA": "1463",
    "Rating": "AUG25",
    "Gms": "0",
    "K": "40",
    "B-day": "2007",
    "Flag": "w"
  },
  {
    "ID Number": "6113524",
    "Name": "Pena Noy, Samuel Alejandro",
    "Fed": "NCA",
    "Sex": "M",
    "Title": "",
    "WTit": "",
    "OTit": "",
    "FOA": "1468",
    "Rating": "AUG25",
    "Gms": "0",
    "K": "40",
    "B-day": "2011",
    "Flag": "i"
  },
  {
    "ID Number": "6108520",
    "Name": "Perez Gutierrez, Julian Angel",
    "Fed": "NCA",
    "Sex": "M",
    "Title": "",
    "WTit": "",
    "OTit": "",
    "FOA": "1744",
    "Rating": "AUG25",
    "Gms": "0",
    "K": "20",
    "B-day": "1991",
    "Flag": "i"
  },
  {
    "ID Number": "6111432",
    "Name": "Perez Laredo, Wilberth Alejandro",
    "Fed": "NCA",
    "Sex": "M",
    "Title": "",
    "WTit": "",
    "OTit": "",
    "FOA": "1423",
    "Rating": "AUG25",
    "Gms": "0",
    "K": "40",
    "B-day": "2006",
    "Flag": "i"
  },
  {
    "ID Number": "6108997",
    "Name": "Perez Salazar, Jimmy Alberto",
    "Fed": "NCA",
    "Sex": "M",
    "Title": "",
    "WTit": "",
    "OTit": "",
    "FOA": "1820",
    "Rating": "AUG25",
    "Gms": "0",
    "K": "40",
    "B-day": "2005",
    "Flag": "i"
  },
  {
    "ID Number": "6110398",
    "Name": "Perez Sandigo, Roberto Guillermo",
    "Fed": "NCA",
    "Sex": "M",
    "Title": "",
    "WTit": "",
    "OTit": "",
    "FOA": "1616",
    "Rating": "AUG25",
    "Gms": "0",
    "K": "20",
    "B-day": "2000",
    "Flag": "i"
  },
  {
    "ID Number": "6107052",
    "Name": "Perez Tellez, Cesar Eduardo",
    "Fed": "NCA",
    "Sex": "M",
    "Title": "",
    "WTit": "",
    "OTit": "",
    "FOA": "1762",
    "Rating": "AUG25",
    "Gms": "0",
    "K": "20",
    "B-day": "2002",
    "Flag": "i"
  },
  {
    "ID Number": "6112064",
    "Name": "Perez Wong, Liang Noel",
    "Fed": "NCA",
    "Sex": "M",
    "Title": "",
    "WTit": "",
    "OTit": "",
    "FOA": "1611",
    "Rating": "AUG25",
    "Gms": "0",
    "K": "40",
    "B-day": "2012",
    "Flag": ""
  },
  {
    "ID Number": "6112528",
    "Name": "Perez Wong, Noham Francisco",
    "Fed": "NCA",
    "Sex": "M",
    "Title": "",
    "WTit": "",
    "OTit": "",
    "FOA": "1490",
    "Rating": "AUG25",
    "Gms": "0",
    "K": "40",
    "B-day": "2014",
    "Flag": ""
  },
  {
    "ID Number": "6107524",
    "Name": "Perez Zuniga, David Humberto",
    "Fed": "NCA",
    "Sex": "M",
    "Title": "",
    "WTit": "",
    "OTit": "",
    "FOA": "1672",
    "Rating": "AUG25",
    "Gms": "0",
    "K": "40",
    "B-day": "2005",
    "Flag": "i"
  },
  {
    "ID Number": "6100481",
    "Name": "Picado Gradis, Rolando Benito",
    "Fed": "NCA",
    "Sex": "M",
    "Title": "",
    "WTit": "",
    "OTit": "",
    "FOA": "1921",
    "Rating": "AUG25",
    "Gms": "0",
    "K": "20",
    "B-day": "1975",
    "Flag": "i"
  },
  {
    "ID Number": "6100376",
    "Name": "Picado, Jorge",
    "Fed": "NCA",
    "Sex": "M",
    "Title": "",
    "WTit": "",
    "OTit": "",
    "FOA": "2062",
    "Rating": "AUG25",
    "Gms": "0",
    "K": "20",
    "B-day": "1980",
    "Flag": "i"
  },
  {
    "ID Number": "6100660",
    "Name": "Pichardo, Carlos",
    "Fed": "NCA",
    "Sex": "M",
    "Title": "",
    "WTit": "",
    "OTit": "",
    "FOA": "1809",
    "Rating": "AUG25",
    "Gms": "0",
    "K": "20",
    "B-day": "0",
    "Flag": ""
  },
  {
    "ID Number": "6100767",
    "Name": "Picon, Jose Vladimir",
    "Fed": "NCA",
    "Sex": "M",
    "Title": "",
    "WTit": "",
    "OTit": "",
    "FOA": "1878",
    "Rating": "AUG25",
    "Gms": "0",
    "K": "20",
    "B-day": "0",
    "Flag": "i"
  },
  {
    "ID Number": "6104690",
    "Name": "Pilarte Castro, Rene Ozmar",
    "Fed": "NCA",
    "Sex": "M",
    "Title": "",
    "WTit": "",
    "OTit": "",
    "FOA": "1650",
    "Rating": "AUG25",
    "Gms": "0",
    "K": "20",
    "B-day": "2004",
    "Flag": "i"
  },
  {
    "ID Number": "6101801",
    "Name": "Pilarte Gutierrez, Mario Javier",
    "Fed": "NCA",
    "Sex": "M",
    "Title": "CM",
    "WTit": "",
    "OTit": "",
    "FOA": "1908",
    "Rating": "AUG25",
    "Gms": "0",
    "K": "20",
    "B-day": "1993",
    "Flag": "i"
  },
  {
    "ID Number": "6100082",
    "Name": "Pilarte Tijerino, Rene Antonio",
    "Fed": "NCA",
    "Sex": "M",
    "Title": "FM",
    "WTit": "",
    "OTit": "",
    "FOA": "2025",
    "Rating": "AUG25",
    "Gms": "0",
    "K": "20",
    "B-day": "1958",
    "Flag": "i"
  },
  {
    "ID Number": "6109039",
    "Name": "Pineda Sobalvarro, Razziella",
    "Fed": "NCA",
    "Sex": "F",
    "Title": "",
    "WTit": "",
    "OTit": "",
    "FOA": "1517",
    "Rating": "AUG25",
    "Gms": "0",
    "K": "40",
    "B-day": "2008",
    "Flag": "w"
  },
  {
    "ID Number": "6100465",
    "Name": "Pineda, Juan Jose",
    "Fed": "NCA",
    "Sex": "M",
    "Title": "FM",
    "WTit": "",
    "OTit": "",
    "FOA": "2107",
    "Rating": "AUG25",
    "Gms": "0",
    "K": "20",
    "B-day": "1974",
    "Flag": "i"
  },
  {
    "ID Number": "6112773",
    "Name": "Polvorosa Ortega, Antonio",
    "Fed": "NCA",
    "Sex": "M",
    "Title": "",
    "WTit": "",
    "OTit": "",
    "FOA": "1809",
    "Rating": "AUG25",
    "Gms": "0",
    "K": "40",
    "B-day": "1941",
    "Flag": "i"
  },
  {
    "ID Number": "6103367",
    "Name": "Pomares, Enrique",
    "Fed": "NCA",
    "Sex": "M",
    "Title": "",
    "WTit": "",
    "OTit": "",
    "FOA": "1855",
    "Rating": "AUG25",
    "Gms": "0",
    "K": "20",
    "B-day": "0",
    "Flag": "i"
  },
  {
    "ID Number": "6103480",
    "Name": "Pomares, Roberto Carlos",
    "Fed": "NCA",
    "Sex": "M",
    "Title": "",
    "WTit": "",
    "OTit": "",
    "FOA": "1657",
    "Rating": "AUG25",
    "Gms": "0",
    "K": "20",
    "B-day": "0",
    "Flag": "i"
  },
  {
    "ID Number": "6106277",
    "Name": "Pomarez Soza, Gerley Abraham",
    "Fed": "NCA",
    "Sex": "M",
    "Title": "",
    "WTit": "",
    "OTit": "",
    "FOA": "1824",
    "Rating": "AUG25",
    "Gms": "0",
    "K": "20",
    "B-day": "1986",
    "Flag": "i"
  },
  {
    "ID Number": "6100325",
    "Name": "Puhiera, Roger",
    "Fed": "NCA",
    "Sex": "M",
    "Title": "",
    "WTit": "",
    "OTit": "",
    "FOA": "1939",
    "Rating": "AUG25",
    "Gms": "0",
    "K": "20",
    "B-day": "0",
    "Flag": "i"
  },
  {
    "ID Number": "6104495",
    "Name": "Quezada Mendez, Cesar Andres",
    "Fed": "NCA",
    "Sex": "M",
    "Title": "",
    "WTit": "",
    "OTit": "",
    "FOA": "1744",
    "Rating": "AUG25",
    "Gms": "0",
    "K": "20",
    "B-day": "0",
    "Flag": "i"
  },
  {
    "ID Number": "6112315",
    "Name": "Quintana Mortola, Santiago",
    "Fed": "NCA",
    "Sex": "M",
    "Title": "",
    "WTit": "",
    "OTit": "",
    "FOA": "1550",
    "Rating": "AUG25",
    "Gms": "0",
    "K": "40",
    "B-day": "2005",
    "Flag": ""
  },
  {
    "ID Number": "6109624",
    "Name": "Quintanilla Gallo, Erlis Jose",
    "Fed": "NCA",
    "Sex": "M",
    "Title": "",
    "WTit": "",
    "OTit": "",
    "FOA": "1608",
    "Rating": "AUG25",
    "Gms": "0",
    "K": "20",
    "B-day": "1969",
    "Flag": "i"
  },
  {
    "ID Number": "6110363",
    "Name": "Quintero Obando, Lesber Alexander",
    "Fed": "NCA",
    "Sex": "M",
    "Title": "",
    "WTit": "",
    "OTit": "",
    "FOA": "1765",
    "Rating": "AUG25",
    "Gms": "0",
    "K": "20",
    "B-day": "2003",
    "Flag": "i"
  },
  {
    "ID Number": "6107265",
    "Name": "Quintero Rodriguez, Manuel Jose",
    "Fed": "NCA",
    "Sex": "M",
    "Title": "",
    "WTit": "",
    "OTit": "",
    "FOA": "1752",
    "Rating": "AUG25",
    "Gms": "0",
    "K": "20",
    "B-day": "2004",
    "Flag": "i"
  },
  {
    "ID Number": "6101984",
    "Name": "Quintero, Armando",
    "Fed": "NCA",
    "Sex": "M",
    "Title": "",
    "WTit": "FI",
    "OTit": "",
    "FOA": "1889",
    "Rating": "AUG25",
    "Gms": "0",
    "K": "20",
    "B-day": "0",
    "Flag": "i"
  },
  {
    "ID Number": "6112226",
    "Name": "Real Miranda, Halinda Mariel",
    "Fed": "NCA",
    "Sex": "F",
    "Title": "",
    "WTit": "",
    "OTit": "",
    "FOA": "1525",
    "Rating": "AUG25",
    "Gms": "0",
    "K": "40",
    "B-day": "2003",
    "Flag": "wi"
  },
  {
    "ID Number": "6110690",
    "Name": "Reyes Sequeira, Axel Daniel",
    "Fed": "NCA",
    "Sex": "M",
    "Title": "",
    "WTit": "",
    "OTit": "",
    "FOA": "1566",
    "Rating": "AUG25",
    "Gms": "0",
    "K": "20",
    "B-day": "2001",
    "Flag": "i"
  },
  {
    "ID Number": "6100686",
    "Name": "Rios Borgen, Edgard Jose",
    "Fed": "NCA",
    "Sex": "M",
    "Title": "",
    "WTit": "",
    "OTit": "",
    "FOA": "1863",
    "Rating": "AUG25",
    "Gms": "0",
    "K": "20",
    "B-day": "1961",
    "Flag": "i"
  },
  {
    "ID Number": "6110223",
    "Name": "Rivera Delgado, Amos Octavio",
    "Fed": "NCA",
    "Sex": "M",
    "Title": "",
    "WTit": "",
    "OTit": "",
    "FOA": "1777",
    "Rating": "AUG25",
    "Gms": "0",
    "K": "20",
    "B-day": "1990",
    "Flag": "i"
  },
  {
    "ID Number": "6101593",
    "Name": "Rivera Reyes, Alex S.",
    "Fed": "NCA",
    "Sex": "M",
    "Title": "",
    "WTit": "",
    "OTit": "",
    "FOA": "1916",
    "Rating": "AUG25",
    "Gms": "0",
    "K": "20",
    "B-day": "1998",
    "Flag": "i"
  },
  {
    "ID Number": "6104720",
    "Name": "Robles Carballo, Silvio Jose",
    "Fed": "NCA",
    "Sex": "M",
    "Title": "",
    "WTit": "",
    "OTit": "",
    "FOA": "1672",
    "Rating": "AUG25",
    "Gms": "0",
    "K": "20",
    "B-day": "1994",
    "Flag": "i"
  },
  {
    "ID Number": "6102247",
    "Name": "Robleto Aleman, Marlon",
    "Fed": "NCA",
    "Sex": "M",
    "Title": "",
    "WTit": "",
    "OTit": "",
    "FOA": "1687",
    "Rating": "AUG25",
    "Gms": "0",
    "K": "40",
    "B-day": "0",
    "Flag": ""
  },
  {
    "ID Number": "6108083",
    "Name": "Rocha Garcia, Luis Alberto",
    "Fed": "NCA",
    "Sex": "M",
    "Title": "",
    "WTit": "",
    "OTit": "",
    "FOA": "1573",
    "Rating": "AUG25",
    "Gms": "0",
    "K": "20",
    "B-day": "1988",
    "Flag": "i"
  },
  {
    "ID Number": "6107745",
    "Name": "Rocha Mendoza, Axell Farid",
    "Fed": "NCA",
    "Sex": "M",
    "Title": "",
    "WTit": "",
    "OTit": "",
    "FOA": "1832",
    "Rating": "AUG25",
    "Gms": "0",
    "K": "20",
    "B-day": "1999",
    "Flag": ""
  },
  {
    "ID Number": "6100775",
    "Name": "Rocha, Maximiliano",
    "Fed": "NCA",
    "Sex": "M",
    "Title": "FM",
    "WTit": "",
    "OTit": "",
    "FOA": "2060",
    "Rating": "AUG25",
    "Gms": "0",
    "K": "20",
    "B-day": "0",
    "Flag": "i"
  },
  {
    "ID Number": "6112641",
    "Name": "Rodriguez Gonzalez, Meyling Vanesa",
    "Fed": "NCA",
    "Sex": "F",
    "Title": "",
    "WTit": "",
    "OTit": "",
    "FOA": "1567",
    "Rating": "AUG25",
    "Gms": "0",
    "K": "40",
    "B-day": "2007",
    "Flag": "w"
  },
  {
    "ID Number": "6104118",
    "Name": "Rodriguez Guerrero, Cristhian David",
    "Fed": "NCA",
    "Sex": "M",
    "Title": "",
    "WTit": "",
    "OTit": "",
    "FOA": "1790",
    "Rating": "AUG25",
    "Gms": "0",
    "K": "20",
    "B-day": "2000",
    "Flag": "i"
  },
  {
    "ID Number": "6113206",
    "Name": "Rodriguez Hernandez, Ezequiel Alejandro",
    "Fed": "NCA",
    "Sex": "M",
    "Title": "",
    "WTit": "",
    "OTit": "",
    "FOA": "1473",
    "Rating": "AUG25",
    "Gms": "0",
    "K": "40",
    "B-day": "2011",
    "Flag": "i"
  },
  {
    "ID Number": "6106633",
    "Name": "Rodriguez Matamoros, Manfred Wilfredo",
    "Fed": "NCA",
    "Sex": "M",
    "Title": "",
    "WTit": "",
    "OTit": "",
    "FOA": "1924",
    "Rating": "AUG25",
    "Gms": "0",
    "K": "20",
    "B-day": "1990",
    "Flag": "i"
  },
  {
    "ID Number": "6106749",
    "Name": "Rodriguez Velasquez, Allan Eliuth",
    "Fed": "NCA",
    "Sex": "M",
    "Title": "",
    "WTit": "",
    "OTit": "",
    "FOA": "1923",
    "Rating": "AUG25",
    "Gms": "0",
    "K": "20",
    "B-day": "1990",
    "Flag": "i"
  },
  {
    "ID Number": "6104126",
    "Name": "Rodriguez, Emilio Gabriel",
    "Fed": "NCA",
    "Sex": "M",
    "Title": "",
    "WTit": "",
    "OTit": "",
    "FOA": "1738",
    "Rating": "AUG25",
    "Gms": "0",
    "K": "20",
    "B-day": "0",
    "Flag": "i"
  },
  {
    "ID Number": "6100813",
    "Name": "Rosales, Argel",
    "Fed": "NCA",
    "Sex": "M",
    "Title": "",
    "WTit": "",
    "OTit": "",
    "FOA": "1936",
    "Rating": "AUG25",
    "Gms": "0",
    "K": "20",
    "B-day": "0",
    "Flag": "i"
  },
  {
    "ID Number": "6113044",
    "Name": "Rugama Mendoza, Josue Miguel",
    "Fed": "NCA",
    "Sex": "M",
    "Title": "",
    "WTit": "",
    "OTit": "",
    "FOA": "1598",
    "Rating": "AUG25",
    "Gms": "0",
    "K": "40",
    "B-day": "2013",
    "Flag": "i"
  },
  {
    "ID Number": "6104088",
    "Name": "Ruiz Campos, Bismark",
    "Fed": "NCA",
    "Sex": "M",
    "Title": "",
    "WTit": "",
    "OTit": "",
    "FOA": "1624",
    "Rating": "AUG25",
    "Gms": "0",
    "K": "20",
    "B-day": "0",
    "Flag": "i"
  },
  {
    "ID Number": "6108342",
    "Name": "Ruiz Castellon, Jesseling",
    "Fed": "NCA",
    "Sex": "F",
    "Title": "",
    "WTit": "",
    "OTit": "",
    "FOA": "1550",
    "Rating": "AUG25",
    "Gms": "0",
    "K": "20",
    "B-day": "2001",
    "Flag": "wi"
  },
  {
    "ID Number": "6112510",
    "Name": "Ruiz Conde, Miguel Angel",
    "Fed": "NCA",
    "Sex": "M",
    "Title": "",
    "WTit": "",
    "OTit": "",
    "FOA": "1842",
    "Rating": "AUG25",
    "Gms": "0",
    "K": "40",
    "B-day": "1971",
    "Flag": "i"
  },
  {
    "ID Number": "6107346",
    "Name": "Ruiz Gutierrez, Francisco Gabriel",
    "Fed": "NCA",
    "Sex": "M",
    "Title": "",
    "WTit": "",
    "OTit": "",
    "FOA": "1654",
    "Rating": "AUG25",
    "Gms": "0",
    "K": "40",
    "B-day": "2005",
    "Flag": "i"
  },
  {
    "ID Number": "6104096",
    "Name": "Ruiz Treminio, Bismark",
    "Fed": "NCA",
    "Sex": "M",
    "Title": "",
    "WTit": "",
    "OTit": "",
    "FOA": "1581",
    "Rating": "AUG25",
    "Gms": "0",
    "K": "20",
    "B-day": "0",
    "Flag": "i"
  },
  {
    "ID Number": "6100856",
    "Name": "Ruiz, Juan Bosco",
    "Fed": "NCA",
    "Sex": "M",
    "Title": "",
    "WTit": "",
    "OTit": "",
    "FOA": "1994",
    "Rating": "AUG25",
    "Gms": "0",
    "K": "20",
    "B-day": "0",
    "Flag": "i"
  },
  {
    "ID Number": "6101453",
    "Name": "Salgado, Wilbert",
    "Fed": "NCA",
    "Sex": "M",
    "Title": "",
    "WTit": "",
    "OTit": "",
    "FOA": "1789",
    "Rating": "AUG25",
    "Gms": "0",
    "K": "20",
    "B-day": "0",
    "Flag": ""
  },
  {
    "ID Number": "6106757",
    "Name": "Salinas Barrera, Jovani Enrique",
    "Fed": "NCA",
    "Sex": "M",
    "Title": "",
    "WTit": "FA",
    "OTit": "",
    "FOA": "1770",
    "Rating": "AUG25",
    "Gms": "0",
    "K": "20",
    "B-day": "1967",
    "Flag": ""
  },
  {
    "ID Number": "6106765",
    "Name": "Salinas Cardenas, Eddy Javier",
    "Fed": "NCA",
    "Sex": "M",
    "Title": "",
    "WTit": "",
    "OTit": "",
    "FOA": "1795",
    "Rating": "AUG25",
    "Gms": "0",
    "K": "20",
    "B-day": "1987",
    "Flag": "i"
  },
  {
    "ID Number": "6101143",
    "Name": "Salinas, Patricio",
    "Fed": "NCA",
    "Sex": "M",
    "Title": "",
    "WTit": "",
    "OTit": "",
    "FOA": "2007",
    "Rating": "AUG25",
    "Gms": "0",
    "K": "20",
    "B-day": "0",
    "Flag": "i"
  },
  {
    "ID Number": "6111840",
    "Name": "Sanchez Caceres, Benjamin Jose",
    "Fed": "NCA",
    "Sex": "M",
    "Title": "",
    "WTit": "",
    "OTit": "",
    "FOA": "1588",
    "Rating": "AUG25",
    "Gms": "0",
    "K": "20",
    "B-day": "2003",
    "Flag": "i"
  },
  {
    "ID Number": "6102301",
    "Name": "Sanchez Cuadra, Fernando",
    "Fed": "NCA",
    "Sex": "M",
    "Title": "",
    "WTit": "",
    "OTit": "",
    "FOA": "1831",
    "Rating": "AUG25",
    "Gms": "0",
    "K": "20",
    "B-day": "0",
    "Flag": "i"
  },
  {
    "ID Number": "6100171",
    "Name": "Sanchez, Eneo",
    "Fed": "NCA",
    "Sex": "M",
    "Title": "",
    "WTit": "",
    "OTit": "",
    "FOA": "1923",
    "Rating": "AUG25",
    "Gms": "0",
    "K": "20",
    "B-day": "1960",
    "Flag": "i"
  },
  {
    "ID Number": "6101860",
    "Name": "Sanchez, Jose (NCA)",
    "Fed": "NCA",
    "Sex": "M",
    "Title": "",
    "WTit": "",
    "OTit": "",
    "FOA": "1900",
    "Rating": "AUG25",
    "Gms": "0",
    "K": "20",
    "B-day": "0",
    "Flag": "i"
  },
  {
    "ID Number": "6100201",
    "Name": "Sanchez, Ramon",
    "Fed": "NCA",
    "Sex": "M",
    "Title": "",
    "WTit": "",
    "OTit": "",
    "FOA": "2057",
    "Rating": "AUG25",
    "Gms": "0",
    "K": "20",
    "B-day": "0",
    "Flag": "i"
  },
  {
    "ID Number": "6102352",
    "Name": "Sanchez, Steven",
    "Fed": "NCA",
    "Sex": "M",
    "Title": "",
    "WTit": "",
    "OTit": "",
    "FOA": "1983",
    "Rating": "AUG25",
    "Gms": "0",
    "K": "20",
    "B-day": "1999",
    "Flag": "i"
  },
  {
    "ID Number": "6107338",
    "Name": "Sandino Herrera, Jose Luis",
    "Fed": "NCA",
    "Sex": "M",
    "Title": "",
    "WTit": "",
    "OTit": "",
    "FOA": "1767",
    "Rating": "AUG25",
    "Gms": "0",
    "K": "20",
    "B-day": "2000",
    "Flag": "i"
  },
  {
    "ID Number": "6103952",
    "Name": "Sequeira Guadamuz, Jhoel",
    "Fed": "NCA",
    "Sex": "M",
    "Title": "",
    "WTit": "",
    "OTit": "",
    "FOA": "1847",
    "Rating": "AUG25",
    "Gms": "0",
    "K": "20",
    "B-day": "2001",
    "Flag": "i"
  },
  {
    "ID Number": "6106188",
    "Name": "Sequeira, Randall Danilo",
    "Fed": "NCA",
    "Sex": "M",
    "Title": "",
    "WTit": "",
    "OTit": "",
    "FOA": "1766",
    "Rating": "AUG25",
    "Gms": "0",
    "K": "20",
    "B-day": "1997",
    "Flag": "i"
  },
  {
    "ID Number": "6107168",
    "Name": "Serrano Herrera, Daniela de Andrea",
    "Fed": "NCA",
    "Sex": "F",
    "Title": "",
    "WTit": "",
    "OTit": "",
    "FOA": "1531",
    "Rating": "AUG25",
    "Gms": "0",
    "K": "40",
    "B-day": "2007",
    "Flag": "w"
  },
  {
    "ID Number": "6112412",
    "Name": "Serrano Valdez, William Joshua",
    "Fed": "NCA",
    "Sex": "M",
    "Title": "",
    "WTit": "",
    "OTit": "",
    "FOA": "1504",
    "Rating": "AUG25",
    "Gms": "0",
    "K": "40",
    "B-day": "2003",
    "Flag": "i"
  },
  {
    "ID Number": "6103251",
    "Name": "Serrano, Krimhild",
    "Fed": "NCA",
    "Sex": "F",
    "Title": "",
    "WTit": "",
    "OTit": "",
    "FOA": "1722",
    "Rating": "AUG25",
    "Gms": "0",
    "K": "20",
    "B-day": "0",
    "Flag": "wi"
  },
  {
    "ID Number": "6104223",
    "Name": "Sevilla Menocal, Axell Farath",
    "Fed": "NCA",
    "Sex": "M",
    "Title": "",
    "WTit": "",
    "OTit": "",
    "FOA": "1763",
    "Rating": "AUG25",
    "Gms": "0",
    "K": "20",
    "B-day": "2005",
    "Flag": "i"
  },
  {
    "ID Number": "6112013",
    "Name": "Silva Mayorga, Layno Layonel",
    "Fed": "NCA",
    "Sex": "M",
    "Title": "",
    "WTit": "",
    "OTit": "",
    "FOA": "1489",
    "Rating": "AUG25",
    "Gms": "0",
    "K": "40",
    "B-day": "2006",
    "Flag": "i"
  },
  {
    "ID Number": "6100899",
    "Name": "Simplina, Amor",
    "Fed": "NCA",
    "Sex": "M",
    "Title": "",
    "WTit": "",
    "OTit": "",
    "FOA": "2090",
    "Rating": "AUG25",
    "Gms": "0",
    "K": "20",
    "B-day": "1961",
    "Flag": "i"
  },
  {
    "ID Number": "6111882",
    "Name": "Solano Aguilar, Job Moises",
    "Fed": "NCA",
    "Sex": "M",
    "Title": "",
    "WTit": "",
    "OTit": "",
    "FOA": "1662",
    "Rating": "AUG25",
    "Gms": "0",
    "K": "40",
    "B-day": "2005",
    "Flag": ""
  },
  {
    "ID Number": "6107095",
    "Name": "Solano Gomez, Bella Issaan",
    "Fed": "NCA",
    "Sex": "F",
    "Title": "",
    "WTit": "",
    "OTit": "",
    "FOA": "1487",
    "Rating": "AUG25",
    "Gms": "0",
    "K": "20",
    "B-day": "2004",
    "Flag": "wi"
  },
  {
    "ID Number": "6107087",
    "Name": "Solano Gomez, Miguel Amiud",
    "Fed": "NCA",
    "Sex": "M",
    "Title": "",
    "WTit": "",
    "OTit": "",
    "FOA": "1683",
    "Rating": "AUG25",
    "Gms": "0",
    "K": "20",
    "B-day": "2000",
    "Flag": "i"
  },
  {
    "ID Number": "6111904",
    "Name": "Solorzano Hernandez, Stiven Jose",
    "Fed": "NCA",
    "Sex": "M",
    "Title": "",
    "WTit": "",
    "OTit": "",
    "FOA": "1734",
    "Rating": "AUG25",
    "Gms": "0",
    "K": "40",
    "B-day": "2004",
    "Flag": "i"
  },
  {
    "ID Number": "6104436",
    "Name": "Solorzano Rivera, Freddy Alfonso",
    "Fed": "NCA",
    "Sex": "M",
    "Title": "",
    "WTit": "",
    "OTit": "",
    "FOA": "1842",
    "Rating": "AUG25",
    "Gms": "0",
    "K": "20",
    "B-day": "1996",
    "Flag": ""
  },
  {
    "ID Number": "6114075",
    "Name": "Soza Funez, Abigail Esmeralda",
    "Fed": "NCA",
    "Sex": "F",
    "Title": "",
    "WTit": "",
    "OTit": "",
    "FOA": "1651",
    "Rating": "AUG25",
    "Gms": "0",
    "K": "40",
    "B-day": "2008",
    "Flag": "w"
  },
  {
    "ID Number": "6109764",
    "Name": "Soza Moreno, Francisco Javier",
    "Fed": "NCA",
    "Sex": "M",
    "Title": "",
    "WTit": "",
    "OTit": "",
    "FOA": "1831",
    "Rating": "AUG25",
    "Gms": "0",
    "K": "20",
    "B-day": "1982",
    "Flag": "i"
  },
  {
    "ID Number": "6111076",
    "Name": "Tapia Palma, Carlos Jose",
    "Fed": "NCA",
    "Sex": "M",
    "Title": "",
    "WTit": "",
    "OTit": "",
    "FOA": "1722",
    "Rating": "AUG25",
    "Gms": "0",
    "K": "20",
    "B-day": "1982",
    "Flag": "i"
  },
  {
    "ID Number": "6106447",
    "Name": "Teller Paz, Carlos Alfredo",
    "Fed": "NCA",
    "Sex": "M",
    "Title": "",
    "WTit": "",
    "OTit": "",
    "FOA": "1635",
    "Rating": "AUG25",
    "Gms": "0",
    "K": "20",
    "B-day": "1957",
    "Flag": ""
  },
  {
    "ID Number": "6113494",
    "Name": "Tercero Corea, Andy Jose",
    "Fed": "NCA",
    "Sex": "M",
    "Title": "",
    "WTit": "",
    "OTit": "",
    "FOA": "1426",
    "Rating": "AUG25",
    "Gms": "0",
    "K": "40",
    "B-day": "2008",
    "Flag": "i"
  },
  {
    "ID Number": "6112129",
    "Name": "Tercero Gonzalez, Cesar Octavio",
    "Fed": "NCA",
    "Sex": "M",
    "Title": "",
    "WTit": "",
    "OTit": "",
    "FOA": "1595",
    "Rating": "AUG25",
    "Gms": "0",
    "K": "20",
    "B-day": "2003",
    "Flag": "i"
  },
  {
    "ID Number": "6111696",
    "Name": "Tinoco Cabrera, Elgen Armando",
    "Fed": "NCA",
    "Sex": "M",
    "Title": "",
    "WTit": "",
    "OTit": "",
    "FOA": "1832",
    "Rating": "AUG25",
    "Gms": "0",
    "K": "20",
    "B-day": "1983",
    "Flag": "i"
  },
  {
    "ID Number": "6110703",
    "Name": "Torres Matamoros, Cesar Manuel",
    "Fed": "NCA",
    "Sex": "M",
    "Title": "",
    "WTit": "",
    "OTit": "",
    "FOA": "1672",
    "Rating": "AUG25",
    "Gms": "0",
    "K": "20",
    "B-day": "2002",
    "Flag": "i"
  },
  {
    "ID Number": "6102360",
    "Name": "Torres, Juan Carlos (NCA)",
    "Fed": "NCA",
    "Sex": "M",
    "Title": "",
    "WTit": "",
    "OTit": "",
    "FOA": "1949",
    "Rating": "AUG25",
    "Gms": "0",
    "K": "20",
    "B-day": "0",
    "Flag": "i"
  },
  {
    "ID Number": "6102522",
    "Name": "Trana, Luis Manuel",
    "Fed": "NCA",
    "Sex": "M",
    "Title": "",
    "WTit": "",
    "OTit": "",
    "FOA": "1654",
    "Rating": "AUG25",
    "Gms": "0",
    "K": "20",
    "B-day": "0",
    "Flag": "i"
  },
  {
    "ID Number": "6112048",
    "Name": "Treminio Umanzor, Leonel Alejandro",
    "Fed": "NCA",
    "Sex": "M",
    "Title": "",
    "WTit": "",
    "OTit": "",
    "FOA": "1818",
    "Rating": "AUG25",
    "Gms": "0",
    "K": "40",
    "B-day": "2010",
    "Flag": ""
  },
  {
    "ID Number": "6109632",
    "Name": "Ubeda Torres, Carlos Cesar",
    "Fed": "NCA",
    "Sex": "M",
    "Title": "",
    "WTit": "",
    "OTit": "",
    "FOA": "1492",
    "Rating": "AUG25",
    "Gms": "0",
    "K": "20",
    "B-day": "1995",
    "Flag": "i"
  },
  {
    "ID Number": "6106218",
    "Name": "Ulloa Diaz, Felipe Josue",
    "Fed": "NCA",
    "Sex": "M",
    "Title": "",
    "WTit": "",
    "OTit": "",
    "FOA": "1762",
    "Rating": "AUG25",
    "Gms": "0",
    "K": "20",
    "B-day": "1997",
    "Flag": "i"
  },
  {
    "ID Number": "6107001",
    "Name": "Useda Bodan, Jesus Ernesto",
    "Fed": "NCA",
    "Sex": "M",
    "Title": "",
    "WTit": "",
    "OTit": "",
    "FOA": "1650",
    "Rating": "AUG25",
    "Gms": "0",
    "K": "20",
    "B-day": "2004",
    "Flag": "i"
  },
  {
    "ID Number": "6109560",
    "Name": "Valle Alonso, Moises Abraham",
    "Fed": "NCA",
    "Sex": "M",
    "Title": "",
    "WTit": "",
    "OTit": "",
    "FOA": "1779",
    "Rating": "AUG25",
    "Gms": "0",
    "K": "40",
    "B-day": "2008",
    "Flag": "i"
  },
  {
    "ID Number": "6101763",
    "Name": "Valle, Moises",
    "Fed": "NCA",
    "Sex": "M",
    "Title": "",
    "WTit": "",
    "OTit": "",
    "FOA": "1857",
    "Rating": "AUG25",
    "Gms": "0",
    "K": "20",
    "B-day": "0",
    "Flag": "i"
  },
  {
    "ID Number": "6102328",
    "Name": "Vallecillo, Saul",
    "Fed": "NCA",
    "Sex": "M",
    "Title": "",
    "WTit": "",
    "OTit": "",
    "FOA": "1869",
    "Rating": "AUG25",
    "Gms": "0",
    "K": "20",
    "B-day": "0",
    "Flag": "i"
  },
  {
    "ID Number": "6108326",
    "Name": "Vanegas Lopez, Natanael Emanuel",
    "Fed": "NCA",
    "Sex": "M",
    "Title": "",
    "WTit": "",
    "OTit": "",
    "FOA": "1864",
    "Rating": "AUG25",
    "Gms": "0",
    "K": "20",
    "B-day": "2006",
    "Flag": ""
  },
  {
    "ID Number": "6101151",
    "Name": "Vasquez, Jose Luis",
    "Fed": "NCA",
    "Sex": "M",
    "Title": "CM",
    "WTit": "",
    "OTit": "",
    "FOA": "1825",
    "Rating": "AUG25",
    "Gms": "0",
    "K": "20",
    "B-day": "1960",
    "Flag": "i"
  },
  {
    "ID Number": "6100287",
    "Name": "Velasquez, Rommel",
    "Fed": "NCA",
    "Sex": "M",
    "Title": "",
    "WTit": "",
    "OTit": "",
    "FOA": "2015",
    "Rating": "AUG25",
    "Gms": "0",
    "K": "20",
    "B-day": "1968",
    "Flag": ""
  },
  {
    "ID Number": "6106340",
    "Name": "Villanueva Mena, Fhernando Ariel",
    "Fed": "NCA",
    "Sex": "M",
    "Title": "",
    "WTit": "",
    "OTit": "",
    "FOA": "1716",
    "Rating": "AUG25",
    "Gms": "0",
    "K": "20",
    "B-day": "2002",
    "Flag": "i"
  },
  {
    "ID Number": "6106773",
    "Name": "Zelaya Aguilera, Cristian Ignacio",
    "Fed": "NCA",
    "Sex": "M",
    "Title": "",
    "WTit": "",
    "OTit": "",
    "FOA": "1872",
    "Rating": "AUG25",
    "Gms": "0",
    "K": "20",
    "B-day": "1979",
    "Flag": "i"
  },
  {
    "ID Number": "6106781",
    "Name": "Zelaya Mendoza, Roger Jose",
    "Fed": "NCA",
    "Sex": "M",
    "Title": "",
    "WTit": "",
    "OTit": "",
    "FOA": "1624",
    "Rating": "AUG25",
    "Gms": "0",
    "K": "20",
    "B-day": "1992",
    "Flag": "i"
  },
  {
    "ID Number": "6105718",
    "Name": "Zeledon Diaz, Juan Israel",
    "Fed": "NCA",
    "Sex": "M",
    "Title": "",
    "WTit": "",
    "OTit": "",
    "FOA": "1570",
    "Rating": "AUG25",
    "Gms": "0",
    "K": "20",
    "B-day": "1987",
    "Flag": "i"
  },
  {
    "ID Number": "6107290",
    "Name": "Zeledon Lopez, Jason Obed",
    "Fed": "NCA",
    "Sex": "M",
    "Title": "",
    "WTit": "",
    "OTit": "",
    "FOA": "1684",
    "Rating": "AUG25",
    "Gms": "0",
    "K": "20",
    "B-day": "1995",
    "Flag": "i"
  }
]