[
  {
    "ID Number": "6219802"
  },
  {
    "ID Number": "6214215"
  },
  {
    "ID Number": "6203248"
  },
  {
    "ID Number": "6201318"
  },
  {
    "ID Number": "6208169"
  },
  {
    "ID Number": "6210171"
  },
  {
    "ID Number": "6204953"
  },
  {
    "ID Number": "6204988"
  },
  {
    "ID Number": "6222811"
  },
  {
    "ID Number": "6214789"
  },
  {
    "ID Number": "6200907"
  },
  {
    "ID Number": "6226906"
  },
  {
    "ID Number": "6202039"
  },
  {
    "ID Number": "6204856"
  },
  {
    "ID Number": "6201857"
  },
  {
    "ID Number": "6216358"
  },
  {
    "ID Number": "6200575"
  },
  {
    "ID Number": "6210384"
  },
  {
    "ID Number": "6223370"
  },
  {
    "ID Number": "6203191"
  },
  {
    "ID Number": "6211968"
  },
  {
    "ID Number": "6200893"
  },
  {
    "ID Number": "6205488"
  },
  {
    "ID Number": "6212832"
  },
  {
    "ID Number": "6201865"
  },
  {
    "ID Number": "6201113"
  },
  {
    "ID Number": "6209165"
  },
  {
    "ID Number": "6206654"
  },
  {
    "ID Number": "6207561"
  },
  {
    "ID Number": "6203108"
  },
  {
    "ID Number": "6200265"
  },
  {
    "ID Number": "6210120"
  },
  {
    "ID Number": "6212557"
  },
  {
    "ID Number": "6211232"
  },
  {
    "ID Number": "6201148"
  },
  {
    "ID Number": "6205658"
  },
  {
    "ID Number": "6205640"
  },
  {
    "ID Number": "6221343"
  },
  {
    "ID Number": "6202357"
  },
  {
    "ID Number": "6206638"
  },
  {
    "ID Number": "6204074"
  },
  {
    "ID Number": "6207650"
  },
  {
    "ID Number": "6205682"
  },
  {
    "ID Number": "6200850"
  },
  {
    "ID Number": "6209742"
  },
  {
    "ID Number": "6204813"
  },
  {
    "ID Number": "6203701"
  },
  {
    "ID Number": "6203558"
  },
  {
    "ID Number": "6204163"
  },
  {
    "ID Number": "6219110"
  },
  {
    "ID Number": "6220851"
  },
  {
    "ID Number": "6202993"
  },
  {
    "ID Number": "6216986"
  },
  {
    "ID Number": "6216994"
  },
  {
    "ID Number": "6204562"
  },
  {
    "ID Number": "6202195"
  },
  {
    "ID Number": "6210937"
  },
  {
    "ID Number": "6209432"
  },
  {
    "ID Number": "6214894"
  },
  {
    "ID Number": "6209343"
  },
  {
    "ID Number": "6209980"
  },
  {
    "ID Number": "6209998"
  },
  {
    "ID Number": "6200982"
  },
  {
    "ID Number": "6207871"
  },
  {
    "ID Number": "6208720"
  },
  {
    "ID Number": "6204570"
  },
  {
    "ID Number": "6205178"
  },
  {
    "ID Number": "6223524"
  },
  {
    "ID Number": "6204589"
  },
  {
    "ID Number": "6202209"
  },
  {
    "ID Number": "6215190"
  },
  {
    "ID Number": "6203710"
  },
  {
    "ID Number": "6204597"
  },
  {
    "ID Number": "6216374"
  },
  {
    "ID Number": "6207634"
  },
  {
    "ID Number": "6214444"
  },
  {
    "ID Number": "6207510"
  },
  {
    "ID Number": "6204333"
  },
  {
    "ID Number": "6200451"
  },
  {
    "ID Number": "6214053"
  },
  {
    "ID Number": "6217290"
  },
  {
    "ID Number": "6200613"
  },
  {
    "ID Number": "6215122"
  },
  {
    "ID Number": "6205992"
  },
  {
    "ID Number": "6202055"
  },
  {
    "ID Number": "6223303"
  },
  {
    "ID Number": "6206611"
  },
  {
    "ID Number": "6200125"
  },
  {
    "ID Number": "6223290"
  },
  {
    "ID Number": "6207936"
  },
  {
    "ID Number": "6217621"
  },
  {
    "ID Number": "6205550"
  },
  {
    "ID Number": "6214800"
  },
  {
    "ID Number": "6201342"
  },
  {
    "ID Number": "6224180"
  },
  {
    "ID Number": "6206794"
  },
  {
    "ID Number": "6225837"
  },
  {
    "ID Number": "6211020"
  },
  {
    "ID Number": "6215882"
  },
  {
    "ID Number": "6204350"
  },
  {
    "ID Number": "6208924"
  },
  {
    "ID Number": "6222609"
  },
  {
    "ID Number": "6214878"
  },
  {
    "ID Number": "6209963"
  },
  {
    "ID Number": "6214010"
  },
  {
    "ID Number": "6219063"
  },
  {
    "ID Number": "6202420"
  },
  {
    "ID Number": "6208789"
  },
  {
    "ID Number": "6209106"
  },
  {
    "ID Number": "6208797"
  },
  {
    "ID Number": "6212166"
  },
  {
    "ID Number": "6212174"
  },
  {
    "ID Number": "6214665"
  },
  {
    "ID Number": "6203183"
  },
  {
    "ID Number": "6201601"
  },
  {
    "ID Number": "6208193"
  },
  {
    "ID Number": "6203132"
  },
  {
    "ID Number": "6222161"
  },
  {
    "ID Number": "6223532"
  },
  {
    "ID Number": "6224601"
  },
  {
    "ID Number": "6222200"
  },
  {
    "ID Number": "6215343"
  },
  {
    "ID Number": "6216153"
  },
  {
    "ID Number": "6204260"
  },
  {
    "ID Number": "6208240"
  },
  {
    "ID Number": "6210872"
  },
  {
    "ID Number": "6204228"
  },
  {
    "ID Number": "6204244"
  },
  {
    "ID Number": "6204147"
  },
  {
    "ID Number": "6209289"
  },
  {
    "ID Number": "6212280"
  },
  {
    "ID Number": "6202071"
  },
  {
    "ID Number": "6216382"
  },
  {
    "ID Number": "6213081"
  },
  {
    "ID Number": "6211593"
  },
  {
    "ID Number": "6220223"
  },
  {
    "ID Number": "6210244"
  },
  {
    "ID Number": "6207111"
  },
  {
    "ID Number": "6222277"
  },
  {
    "ID Number": "6213430"
  },
  {
    "ID Number": "6212131"
  },
  {
    "ID Number": "6212140"
  },
  {
    "ID Number": "6211771"
  },
  {
    "ID Number": "6209149"
  },
  {
    "ID Number": "6224164"
  },
  {
    "ID Number": "6223630"
  },
  {
    "ID Number": "6215734"
  },
  {
    "ID Number": "6204627"
  },
  {
    "ID Number": "6201610"
  },
  {
    "ID Number": "6210252"
  },
  {
    "ID Number": "6219101"
  },
  {
    "ID Number": "6209874"
  },
  {
    "ID Number": "6209777"
  },
  {
    "ID Number": "6218490"
  },
  {
    "ID Number": "6216366"
  },
  {
    "ID Number": "6202225"
  },
  {
    "ID Number": "6217001"
  },
  {
    "ID Number": "6205003"
  },
  {
    "ID Number": "6204139"
  },
  {
    "ID Number": "6215661"
  },
  {
    "ID Number": "6218504"
  },
  {
    "ID Number": "6220550"
  },
  {
    "ID Number": "6210104"
  },
  {
    "ID Number": "6214681"
  },
  {
    "ID Number": "6218300"
  },
  {
    "ID Number": "6216943"
  },
  {
    "ID Number": "6202233"
  },
  {
    "ID Number": "6206484"
  },
  {
    "ID Number": "6210490"
  },
  {
    "ID Number": "6215645"
  },
  {
    "ID Number": "6210864"
  },
  {
    "ID Number": "6212824"
  },
  {
    "ID Number": "6217680"
  },
  {
    "ID Number": "6217249"
  },
  {
    "ID Number": "6212026"
  },
  {
    "ID Number": "6226973"
  },
  {
    "ID Number": "6213618"
  },
  {
    "ID Number": "6219527"
  },
  {
    "ID Number": "6204090"
  },
  {
    "ID Number": "6202241"
  },
  {
    "ID Number": "6202250"
  },
  {
    "ID Number": "6221033"
  },
  {
    "ID Number": "6208487"
  },
  {
    "ID Number": "6221645"
  },
  {
    "ID Number": "6216714"
  },
  {
    "ID Number": "6202446"
  },
  {
    "ID Number": "6214738"
  },
  {
    "ID Number": "6207618"
  },
  {
    "ID Number": "6209602"
  },
  {
    "ID Number": "6214770"
  },
  {
    "ID Number": "6204651"
  },
  {
    "ID Number": "6220509"
  },
  {
    "ID Number": "6200478"
  },
  {
    "ID Number": "6203213"
  },
  {
    "ID Number": "6214495"
  },
  {
    "ID Number": "6209300"
  },
  {
    "ID Number": "6219594"
  },
  {
    "ID Number": "6207707"
  },
  {
    "ID Number": "6207570"
  },
  {
    "ID Number": "6203027"
  },
  {
    "ID Number": "6217303"
  },
  {
    "ID Number": "6212859"
  },
  {
    "ID Number": "6214177"
  },
  {
    "ID Number": "6204660"
  },
  {
    "ID Number": "6211240"
  },
  {
    "ID Number": "6206859"
  },
  {
    "ID Number": "6206689"
  },
  {
    "ID Number": "6203310"
  },
  {
    "ID Number": "6216390"
  },
  {
    "ID Number": "6217834"
  },
  {
    "ID Number": "6207030"
  },
  {
    "ID Number": "6209157"
  },
  {
    "ID Number": "6210287"
  },
  {
    "ID Number": "6226388"
  },
  {
    "ID Number": "6209521"
  },
  {
    "ID Number": "6204392"
  },
  {
    "ID Number": "6208525"
  },
  {
    "ID Number": "6206956"
  },
  {
    "ID Number": "6216897"
  },
  {
    "ID Number": "6207308"
  },
  {
    "ID Number": "6202098"
  },
  {
    "ID Number": "6210830"
  },
  {
    "ID Number": "6201210"
  },
  {
    "ID Number": "6211127"
  },
  {
    "ID Number": "6202268"
  },
  {
    "ID Number": "6218865"
  },
  {
    "ID Number": "6217532"
  },
  {
    "ID Number": "6213820"
  },
  {
    "ID Number": "6212352"
  },
  {
    "ID Number": "6201911"
  },
  {
    "ID Number": "6206573"
  },
  {
    "ID Number": "6214967"
  },
  {
    "ID Number": "6203914"
  },
  {
    "ID Number": "6220401"
  },
  {
    "ID Number": "6221670"
  },
  {
    "ID Number": "6200206"
  },
  {
    "ID Number": "6206816"
  },
  {
    "ID Number": "6204414"
  },
  {
    "ID Number": "6218075"
  },
  {
    "ID Number": "6200354"
  },
  {
    "ID Number": "6200516"
  },
  {
    "ID Number": "6202497"
  },
  {
    "ID Number": "6223206"
  },
  {
    "ID Number": "6212727"
  },
  {
    "ID Number": "6218474"
  },
  {
    "ID Number": "6217125"
  },
  {
    "ID Number": "6204422"
  },
  {
    "ID Number": "6210686"
  },
  {
    "ID Number": "6211925"
  },
  {
    "ID Number": "6204694"
  },
  {
    "ID Number": "6204996"
  },
  {
    "ID Number": "6204171"
  },
  {
    "ID Number": "6203922"
  },
  {
    "ID Number": "6207790"
  },
  {
    "ID Number": "6204708"
  },
  {
    "ID Number": "6216706"
  },
  {
    "ID Number": "6207782"
  },
  {
    "ID Number": "6211704"
  },
  {
    "ID Number": "6223648"
  },
  {
    "ID Number": "6217273"
  },
  {
    "ID Number": "6203078"
  },
  {
    "ID Number": "6213677"
  },
  {
    "ID Number": "6204732"
  },
  {
    "ID Number": "6212905"
  },
  {
    "ID Number": "6200583"
  },
  {
    "ID Number": "6221793"
  },
  {
    "ID Number": "6207669"
  },
  {
    "ID Number": "6215459"
  },
  {
    "ID Number": "6220347"
  },
  {
    "ID Number": "6218334"
  },
  {
    "ID Number": "6200184"
  },
  {
    "ID Number": "6225284"
  },
  {
    "ID Number": "6207340"
  },
  {
    "ID Number": "6204236"
  },
  {
    "ID Number": "6204880"
  },
  {
    "ID Number": "6206697"
  },
  {
    "ID Number": "6211380"
  },
  {
    "ID Number": "6202101"
  },
  {
    "ID Number": "6202314"
  },
  {
    "ID Number": "6204740"
  },
  {
    "ID Number": "6201423"
  },
  {
    "ID Number": "6207243"
  },
  {
    "ID Number": "6207251"
  },
  {
    "ID Number": "6204058"
  },
  {
    "ID Number": "6203124"
  },
  {
    "ID Number": "6208843"
  },
  {
    "ID Number": "6205518"
  },
  {
    "ID Number": "6205585"
  },
  {
    "ID Number": "6206662"
  },
  {
    "ID Number": "6212840"
  },
  {
    "ID Number": "6209750"
  },
  {
    "ID Number": "6210155"
  },
  {
    "ID Number": "6223087"
  },
  {
    "ID Number": "6218032"
  },
  {
    "ID Number": "6204015"
  },
  {
    "ID Number": "6222943"
  },
  {
    "ID Number": "6217842"
  },
  {
    "ID Number": "6221696"
  },
  {
    "ID Number": "6204023"
  },
  {
    "ID Number": "6204910"
  },
  {
    "ID Number": "6200680"
  },
  {
    "ID Number": "6204082"
  },
  {
    "ID Number": "6204767"
  },
  {
    "ID Number": "6206930"
  },
  {
    "ID Number": "6211976"
  },
  {
    "ID Number": "6203159"
  },
  {
    "ID Number": "6216323"
  },
  {
    "ID Number": "6214746"
  },
  {
    "ID Number": "6206093"
  },
  {
    "ID Number": "6210902"
  },
  {
    "ID Number": "6214568"
  },
  {
    "ID Number": "6220380"
  },
  {
    "ID Number": "6216293"
  },
  {
    "ID Number": "6200443"
  },
  {
    "ID Number": "6215637"
  },
  {
    "ID Number": "6211410"
  },
  {
    "ID Number": "6220908"
  },
  {
    "ID Number": "6203779"
  },
  {
    "ID Number": "6208835"
  },
  {
    "ID Number": "6222196"
  },
  {
    "ID Number": "6201903"
  },
  {
    "ID Number": "6212263"
  },
  {
    "ID Number": "6214886"
  },
  {
    "ID Number": "6213383"
  },
  {
    "ID Number": "6211887"
  },
  {
    "ID Number": "6200508"
  },
  {
    "ID Number": "6213995"
  },
  {
    "ID Number": "6219799"
  },
  {
    "ID Number": "6212697"
  },
  {
    "ID Number": "6216560"
  },
  {
    "ID Number": "6218563"
  },
  {
    "ID Number": "6217737"
  },
  {
    "ID Number": "6201890"
  },
  {
    "ID Number": "6203167"
  },
  {
    "ID Number": "6216889"
  },
  {
    "ID Number": "6202306"
  },
  {
    "ID Number": "6225209"
  },
  {
    "ID Number": "6200788"
  },
  {
    "ID Number": "6214657"
  },
  {
    "ID Number": "6220185"
  },
  {
    "ID Number": "6210783"
  },
  {
    "ID Number": "6206417"
  },
  {
    "ID Number": "6203540"
  },
  {
    "ID Number": "6220789"
  },
  {
    "ID Number": "6201652"
  },
  {
    "ID Number": "6223508"
  },
  {
    "ID Number": "6217397"
  },
  {
    "ID Number": "6203477"
  },
  {
    "ID Number": "6211941"
  },
  {
    "ID Number": "6204821"
  },
  {
    "ID Number": "6204791"
  },
  {
    "ID Number": "6203043"
  },
  {
    "ID Number": "6217095"
  },
  {
    "ID Number": "6205860"
  },
  {
    "ID Number": "6206115"
  },
  {
    "ID Number": "6208894"
  },
  {
    "ID Number": "6200117"
  },
  {
    "ID Number": "6200176"
  },
  {
    "ID Number": "6207286"
  },
  {
    "ID Number": "6214819"
  },
  {
    "ID Number": "6201059"
  },
  {
    "ID Number": "6201733"
  },
  {
    "ID Number": "6204783"
  },
  {
    "ID Number": "6204040"
  },
  {
    "ID Number": "6222900"
  },
  {
    "ID Number": "6223613"
  },
  {
    "ID Number": "6211283"
  },
  {
    "ID Number": "6206603"
  },
  {
    "ID Number": "6205984"
  },
  {
    "ID Number": "6202330"
  },
  {
    "ID Number": "6209076"
  },
  {
    "ID Number": "6208274"
  },
  {
    "ID Number": "6209882"
  },
  {
    "ID Number": "6206867"
  },
  {
    "ID Number": "652009726"
  },
  {
    "ID Number": "6200036"
  },
  {
    "ID Number": "6205909"
  },
  {
    "ID Number": "6226426"
  },
  {
    "ID Number": "6203230"
  },
  {
    "ID Number": "6203493"
  },
  {
    "ID Number": "6210554"
  },
  {
    "ID Number": "6215017"
  },
  {
    "ID Number": "6202551"
  },
  {
    "ID Number": "6200214"
  },
  {
    "ID Number": "6202152"
  },
  {
    "ID Number": "6218296"
  },
  {
    "ID Number": "6213332"
  },
  {
    "ID Number": "6207324"
  },
  {
    "ID Number": "6203760"
  },
  {
    "ID Number": "6221513"
  },
  {
    "ID Number": "6213260"
  },
  {
    "ID Number": "6200745"
  },
  {
    "ID Number": "6210716"
  },
  {
    "ID Number": "6205887"
  },
  {
    "ID Number": "6202179"
  },
  {
    "ID Number": "6214509"
  },
  {
    "ID Number": "6220622"
  },
  {
    "ID Number": "6210791"
  },
  {
    "ID Number": "6206131"
  },
  {
    "ID Number": "6208282"
  },
  {
    "ID Number": "6204473"
  },
  {
    "ID Number": "6217320"
  },
  {
    "ID Number": "6202187"
  },
  {
    "ID Number": "6212158"
  },
  {
    "ID Number": "6203825"
  },
  {
    "ID Number": "6223460"
  },
  {
    "ID Number": "6201075"
  },
  {
    "ID Number": "6201083"
  },
  {
    "ID Number": "6213006"
  },
  {
    "ID Number": "6217613"
  },
  {
    "ID Number": "6202349"
  },
  {
    "ID Number": "6223265"
  },
  {
    "ID Number": "6211470"
  },
  {
    "ID Number": "6211062"
  },
  {
    "ID Number": "6215939"
  },
  {
    "ID Number": "6206808"
  },
  {
    "ID Number": "6209769"
  },
  {
    "ID Number": "6209068"
  },
  {
    "ID Number": "6200770"
  },
  {
    "ID Number": "6203221"
  }
]