[
  {
    "ID Number": "11319712",
    "Name": "Adolph Majeremane",
    "Fed": "BOT",
    "Sex": "M",
    "Title": "",
    "WTit": "",
    "OTit": "",
    "Rating": "1824",
    "Gms": "0",
    "K": "20",
    "RatingMonth": "SEP25",
    "B-day": "1998",
    "Flag": "i"
  },
  {
    "ID Number": "11322624",
    "Name": "Alettah Kwati",
    "Fed": "BOT",
    "Sex": "F",
    "Title": "",
    "WTit": "",
    "OTit": "",
    "Rating": "1469",
    "Gms": "0",
    "K": "40",
    "RatingMonth": "SEP25",
    "B-day": "2005",
    "Flag": "wi"
  },
  {
    "ID Number": "11315750",
    "Name": "Aone Morei",
    "Fed": "BOT",
    "Sex": "M",
    "Title": "",
    "WTit": "",
    "OTit": "",
    "Rating": "1518",
    "Gms": "0",
    "K": "40",
    "RatingMonth": "SEP25",
    "B-day": "2008",
    "Flag": "i"
  },
  {
    "ID Number": "11305797",
    "Name": "Baane, Tumisang",
    "Fed": "BOT",
    "Sex": "M",
    "Title": "",
    "WTit": "",
    "OTit": "",
    "Rating": "1830",
    "Gms": "0",
    "K": "20",
    "RatingMonth": "SEP25",
    "B-day": "1994",
    "Flag": "i"
  },
  {
    "ID Number": "11322292",
    "Name": "Babeo Orison Ndiane",
    "Fed": "BOT",
    "Sex": "M",
    "Title": "",
    "WTit": "",
    "OTit": "",
    "Rating": "1744",
    "Gms": "0",
    "K": "40",
    "RatingMonth": "SEP25",
    "B-day": "2005",
    "Flag": "i"
  },
  {
    "ID Number": "11313595",
    "Name": "Banda Fortune",
    "Fed": "BOT",
    "Sex": "M",
    "Title": "",
    "WTit": "",
    "OTit": "",
    "Rating": "1747",
    "Gms": "0",
    "K": "20",
    "RatingMonth": "SEP25",
    "B-day": "1992",
    "Flag": "i"
  },
  {
    "ID Number": "11315075",
    "Name": "Banda Natalie Katlo",
    "Fed": "BOT",
    "Sex": "F",
    "Title": "WFM",
    "WTit": "WFM",
    "OTit": "NA",
    "Rating": "1730",
    "Gms": "0",
    "K": "40",
    "RatingMonth": "SEP25",
    "B-day": "2007",
    "Flag": "wi"
  },
  {
    "ID Number": "11302372",
    "Name": "Banda, Davies",
    "Fed": "BOT",
    "Sex": "M",
    "Title": "",
    "WTit": "",
    "OTit": "",
    "Rating": "1843",
    "Gms": "0",
    "K": "20",
    "RatingMonth": "SEP25",
    "B-day": "1962",
    "Flag": "i"
  },
  {
    "ID Number": "11300779",
    "Name": "Banda, Davies",
    "Fed": "BOT",
    "Sex": "M",
    "Title": "",
    "WTit": "",
    "OTit": "",
    "Rating": "1785",
    "Gms": "0",
    "K": "20",
    "RatingMonth": "SEP25",
    "B-day": "0",
    "Flag": "i"
  },
  {
    "ID Number": "11309512",
    "Name": "Baoki, Kingsley",
    "Fed": "BOT",
    "Sex": "M",
    "Title": "",
    "WTit": "",
    "OTit": "",
    "Rating": "1777",
    "Gms": "0",
    "K": "20",
    "RatingMonth": "SEP25",
    "B-day": "0",
    "Flag": "i"
  },
  {
    "ID Number": "11315580",
    "Name": "Bartlett Ezra",
    "Fed": "BOT",
    "Sex": "M",
    "Title": "",
    "WTit": "",
    "OTit": "",
    "Rating": "1599",
    "Gms": "0",
    "K": "40",
    "RatingMonth": "SEP25",
    "B-day": "2010",
    "Flag": "i"
  },
  {
    "ID Number": "11304243",
    "Name": "Batlegang Boga",
    "Fed": "BOT",
    "Sex": "M",
    "Title": "",
    "WTit": "",
    "OTit": "",
    "Rating": "1773",
    "Gms": "0",
    "K": "20",
    "RatingMonth": "SEP25",
    "B-day": "1994",
    "Flag": "i"
  },
  {
    "ID Number": "11327111",
    "Name": "Bayani Morebodi",
    "Fed": "BOT",
    "Sex": "M",
    "Title": "",
    "WTit": "",
    "OTit": "",
    "Rating": "1800",
    "Gms": "0",
    "K": "20",
    "RatingMonth": "SEP25",
    "B-day": "1989",
    "Flag": "i"
  },
  {
    "ID Number": "11317485",
    "Name": "Bayani Pelontle",
    "Fed": "BOT",
    "Sex": "M",
    "Title": "",
    "WTit": "",
    "OTit": "",
    "Rating": "1701",
    "Gms": "0",
    "K": "20",
    "RatingMonth": "SEP25",
    "B-day": "1990",
    "Flag": "i"
  },
  {
    "ID Number": "11305924",
    "Name": "Bayani, Kuda",
    "Fed": "BOT",
    "Sex": "M",
    "Title": "",
    "WTit": "",
    "OTit": "",
    "Rating": "1957",
    "Gms": "0",
    "K": "20",
    "RatingMonth": "SEP25",
    "B-day": "0",
    "Flag": "i"
  },
  {
    "ID Number": "11310570",
    "Name": "Besa, Masaiti",
    "Fed": "BOT",
    "Sex": "F",
    "Title": "WFM",
    "WTit": "WFM",
    "OTit": "",
    "Rating": "1864",
    "Gms": "0",
    "K": "20",
    "RatingMonth": "SEP25",
    "B-day": "2002",
    "Flag": "wi"
  },
  {
    "ID Number": "11327120",
    "Name": "Billy Percy Mogogi",
    "Fed": "BOT",
    "Sex": "M",
    "Title": "",
    "WTit": "",
    "OTit": "",
    "Rating": "1843",
    "Gms": "0",
    "K": "40",
    "RatingMonth": "SEP25",
    "B-day": "2005",
    "Flag": "i"
  },
  {
    "ID Number": "11316284",
    "Name": "Blessings Motshabi",
    "Fed": "BOT",
    "Sex": "M",
    "Title": "",
    "WTit": "",
    "OTit": "",
    "Rating": "AFM",
    "Gms": "1740",
    "K": "0",
    "RatingMonth": "SEP25",
    "B-day": "2000",
    "Flag": "i"
  },
  {
    "ID Number": "11300531",
    "Name": "Boikanyo, Cinky",
    "Fed": "BOT",
    "Sex": "M",
    "Title": "",
    "WTit": "FT",
    "OTit": "",
    "Rating": "2023",
    "Gms": "0",
    "K": "20",
    "RatingMonth": "SEP25",
    "B-day": "1977",
    "Flag": "i"
  },
  {
    "ID Number": "11300205",
    "Name": "Boikhutswane, Kenneth",
    "Fed": "BOT",
    "Sex": "M",
    "Title": "",
    "WTit": "",
    "OTit": "",
    "Rating": "2068",
    "Gms": "0",
    "K": "20",
    "RatingMonth": "SEP25",
    "B-day": "0",
    "Flag": "i"
  },
  {
    "ID Number": "11322063",
    "Name": "Boingotlo Radikonyana",
    "Fed": "BOT",
    "Sex": "F",
    "Title": "",
    "WTit": "",
    "OTit": "",
    "Rating": "1496",
    "Gms": "0",
    "K": "20",
    "RatingMonth": "SEP25",
    "B-day": "1995",
    "Flag": "wi"
  },
  {
    "ID Number": "11312742",
    "Name": "Bonno Thandi",
    "Fed": "BOT",
    "Sex": "F",
    "Title": "",
    "WTit": "",
    "OTit": "",
    "Rating": "1573",
    "Gms": "0",
    "K": "20",
    "RatingMonth": "SEP25",
    "B-day": "2003",
    "Flag": "wi"
  },
  {
    "ID Number": "11300264",
    "Name": "Bontsi, Chazha",
    "Fed": "BOT",
    "Sex": "M",
    "Title": "",
    "WTit": "",
    "OTit": "",
    "Rating": "1811",
    "Gms": "0",
    "K": "20",
    "RatingMonth": "SEP25",
    "B-day": "0",
    "Flag": "i"
  },
  {
    "ID Number": "11313285",
    "Name": "Botlhe Lekang",
    "Fed": "BOT",
    "Sex": "M",
    "Title": "",
    "WTit": "",
    "OTit": "",
    "Rating": "1787",
    "Gms": "0",
    "K": "20",
    "RatingMonth": "SEP25",
    "B-day": "2004",
    "Flag": "i"
  },
  {
    "ID Number": "11300469",
    "Name": "Botlhole, Kgalalelo",
    "Fed": "BOT",
    "Sex": "F",
    "Title": "WIM",
    "WTit": "WIM",
    "OTit": "",
    "Rating": "1876",
    "Gms": "0",
    "K": "20",
    "RatingMonth": "SEP25",
    "B-day": "1992",
    "Flag": "wi"
  },
  {
    "ID Number": "11324384",
    "Name": "Botshelo Badubi",
    "Fed": "BOT",
    "Sex": "M",
    "Title": "",
    "WTit": "",
    "OTit": "",
    "Rating": "1810",
    "Gms": "0",
    "K": "20",
    "RatingMonth": "SEP25",
    "B-day": "2002",
    "Flag": "i"
  },
  {
    "ID Number": "11320877",
    "Name": "Boy Kebaotetse",
    "Fed": "BOT",
    "Sex": "M",
    "Title": "",
    "WTit": "",
    "OTit": "",
    "Rating": "1789",
    "Gms": "0",
    "K": "20",
    "RatingMonth": "SEP25",
    "B-day": "1980",
    "Flag": "i"
  },
  {
    "ID Number": "11301902",
    "Name": "Casmon, Mbabi",
    "Fed": "BOT",
    "Sex": "M",
    "Title": "",
    "WTit": "NA",
    "OTit": "",
    "Rating": "1827",
    "Gms": "0",
    "K": "20",
    "RatingMonth": "SEP25",
    "B-day": "0",
    "Flag": "i"
  },
  {
    "ID Number": "11300612",
    "Name": "Chandna, Priyav",
    "Fed": "BOT",
    "Sex": "M",
    "Title": "CM",
    "WTit": "",
    "OTit": "",
    "Rating": "1904",
    "Gms": "0",
    "K": "20",
    "RatingMonth": "SEP25",
    "B-day": "2000",
    "Flag": "i"
  },
  {
    "ID Number": "11300345",
    "Name": "Chandna, Shubham",
    "Fed": "BOT",
    "Sex": "M",
    "Title": "",
    "WTit": "",
    "OTit": "",
    "Rating": "1882",
    "Gms": "0",
    "K": "20",
    "RatingMonth": "SEP25",
    "B-day": "1994",
    "Flag": "i"
  },
  {
    "ID Number": "11312327",
    "Name": "Chilisa Mboki",
    "Fed": "BOT",
    "Sex": "M",
    "Title": "",
    "WTit": "",
    "OTit": "",
    "Rating": "1879",
    "Gms": "0",
    "K": "20",
    "RatingMonth": "SEP25",
    "B-day": "1990",
    "Flag": "i"
  },
  {
    "ID Number": "11309490",
    "Name": "Chimanzi, Ronald",
    "Fed": "BOT",
    "Sex": "M",
    "Title": "",
    "WTit": "",
    "OTit": "",
    "Rating": "1878",
    "Gms": "0",
    "K": "20",
    "RatingMonth": "SEP25",
    "B-day": "0",
    "Flag": "i"
  },
  {
    "ID Number": "11320583",
    "Name": "Crony Makhuwa",
    "Fed": "BOT",
    "Sex": "M",
    "Title": "",
    "WTit": "",
    "OTit": "",
    "Rating": "1454",
    "Gms": "0",
    "K": "20",
    "RatingMonth": "SEP25",
    "B-day": "2004",
    "Flag": "i"
  },
  {
    "ID Number": "11322047",
    "Name": "Daniel Ncube",
    "Fed": "BOT",
    "Sex": "M",
    "Title": "",
    "WTit": "",
    "OTit": "",
    "Rating": "1745",
    "Gms": "0",
    "K": "40",
    "RatingMonth": "SEP25",
    "B-day": "2010",
    "Flag": "i"
  },
  {
    "ID Number": "11315571",
    "Name": "Darius Patlo Banda",
    "Fed": "BOT",
    "Sex": "M",
    "Title": "",
    "WTit": "",
    "OTit": "",
    "Rating": "1577",
    "Gms": "0",
    "K": "40",
    "RatingMonth": "SEP25",
    "B-day": "2008",
    "Flag": "i"
  },
  {
    "ID Number": "11301031",
    "Name": "Diczhino  Mogalakwe",
    "Fed": "BOT",
    "Sex": "M",
    "Title": "",
    "WTit": "",
    "OTit": "",
    "Rating": "1927",
    "Gms": "0",
    "K": "20",
    "RatingMonth": "SEP25",
    "B-day": "1982",
    "Flag": "i"
  },
  {
    "ID Number": "11317710",
    "Name": "Dikoloti Ricky",
    "Fed": "BOT",
    "Sex": "M",
    "Title": "",
    "WTit": "",
    "OTit": "",
    "Rating": "1723",
    "Gms": "0",
    "K": "20",
    "RatingMonth": "SEP25",
    "B-day": "2001",
    "Flag": "i"
  },
  {
    "ID Number": "11310197",
    "Name": "DIN MOHAMMAD SHAHEEN MANZURUL HAQUE",
    "Fed": "BOT",
    "Sex": "M",
    "Title": "",
    "WTit": "",
    "OTit": "",
    "Rating": "1695",
    "Gms": "0",
    "K": "20",
    "RatingMonth": "SEP25",
    "B-day": "1972",
    "Flag": "i"
  },
  {
    "ID Number": "11301309",
    "Name": "Dzilani, Abel",
    "Fed": "BOT",
    "Sex": "M",
    "Title": "",
    "WTit": "",
    "OTit": "",
    "Rating": "2041",
    "Gms": "0",
    "K": "20",
    "RatingMonth": "SEP25",
    "B-day": "1981",
    "Flag": "i"
  },
  {
    "ID Number": "11312610",
    "Name": "Elias Thabo",
    "Fed": "BOT",
    "Sex": "M",
    "Title": "CM",
    "WTit": "",
    "OTit": "",
    "Rating": "1896",
    "Gms": "0",
    "K": "20",
    "RatingMonth": "SEP25",
    "B-day": "2000",
    "Flag": "i"
  },
  {
    "ID Number": "11320516",
    "Name": "Enoch Morutwa",
    "Fed": "BOT",
    "Sex": "M",
    "Title": "",
    "WTit": "",
    "OTit": "",
    "Rating": "1566",
    "Gms": "0",
    "K": "20",
    "RatingMonth": "SEP25",
    "B-day": "2000",
    "Flag": "i"
  },
  {
    "ID Number": "11301287",
    "Name": "Francis, Onkemetse",
    "Fed": "BOT",
    "Sex": "F",
    "Title": "WIM",
    "WTit": "WIM",
    "OTit": "SI,NA",
    "Rating": "1836",
    "Gms": "0",
    "K": "20",
    "RatingMonth": "SEP25",
    "B-day": "1992",
    "Flag": "wi"
  },
  {
    "ID Number": "11301317",
    "Name": "Francis, Thapelo",
    "Fed": "BOT",
    "Sex": "F",
    "Title": "WFM",
    "WTit": "WFM",
    "OTit": "NA",
    "Rating": "1846",
    "Gms": "0",
    "K": "20",
    "RatingMonth": "SEP25",
    "B-day": "1994",
    "Flag": "wi"
  },
  {
    "ID Number": "11309202",
    "Name": "Fusi, Patrick",
    "Fed": "BOT",
    "Sex": "M",
    "Title": "",
    "WTit": "",
    "OTit": "",
    "Rating": "1669",
    "Gms": "0",
    "K": "20",
    "RatingMonth": "SEP25",
    "B-day": "1977",
    "Flag": "i"
  },
  {
    "ID Number": "11300310",
    "Name": "Gaealafshwe, Barileng",
    "Fed": "BOT",
    "Sex": "M",
    "Title": "CM",
    "WTit": "",
    "OTit": "",
    "Rating": "2110",
    "Gms": "0",
    "K": "20",
    "RatingMonth": "SEP25",
    "B-day": "1982",
    "Flag": "i"
  },
  {
    "ID Number": "11319917",
    "Name": "Gakebao Lefuti",
    "Fed": "BOT",
    "Sex": "M",
    "Title": "",
    "WTit": "",
    "OTit": "",
    "Rating": "1864",
    "Gms": "0",
    "K": "20",
    "RatingMonth": "SEP25",
    "B-day": "1997",
    "Flag": "i"
  },
  {
    "ID Number": "11327278",
    "Name": "gaosegelwe bokang",
    "Fed": "BOT",
    "Sex": "M",
    "Title": "",
    "WTit": "",
    "OTit": "",
    "Rating": "1876",
    "Gms": "0",
    "K": "20",
    "RatingMonth": "SEP25",
    "B-day": "1989",
    "Flag": "i"
  },
  {
    "ID Number": "11306947",
    "Name": "Gaosenngwe, Jacob",
    "Fed": "BOT",
    "Sex": "M",
    "Title": "",
    "WTit": "",
    "OTit": "",
    "Rating": "1679",
    "Gms": "0",
    "K": "20",
    "RatingMonth": "SEP25",
    "B-day": "0",
    "Flag": "i"
  },
  {
    "ID Number": "11312050",
    "Name": "Gasepale Nametso",
    "Fed": "BOT",
    "Sex": "M",
    "Title": "",
    "WTit": "",
    "OTit": "",
    "Rating": "1830",
    "Gms": "0",
    "K": "20",
    "RatingMonth": "SEP25",
    "B-day": "1986",
    "Flag": "i"
  },
  {
    "ID Number": "11318490",
    "Name": "George Method",
    "Fed": "BOT",
    "Sex": "M",
    "Title": "",
    "WTit": "",
    "OTit": "",
    "Rating": "1704",
    "Gms": "0",
    "K": "20",
    "RatingMonth": "SEP25",
    "B-day": "2003",
    "Flag": "i"
  },
  {
    "ID Number": "11301937",
    "Name": "Gleeson, Thato",
    "Fed": "BOT",
    "Sex": "M",
    "Title": "",
    "WTit": "",
    "OTit": "",
    "Rating": "1888",
    "Gms": "0",
    "K": "20",
    "RatingMonth": "SEP25",
    "B-day": "0",
    "Flag": "i"
  },
  {
    "ID Number": "11300442",
    "Name": "Gorata Jobe",
    "Fed": "BOT",
    "Sex": "F",
    "Title": "",
    "WTit": "",
    "OTit": "",
    "Rating": "1794",
    "Gms": "0",
    "K": "20",
    "RatingMonth": "SEP25",
    "B-day": "1990",
    "Flag": "wi"
  },
  {
    "ID Number": "11319739",
    "Name": "Gorata Mere",
    "Fed": "BOT",
    "Sex": "F",
    "Title": "",
    "WTit": "",
    "OTit": "",
    "Rating": "1543",
    "Gms": "0",
    "K": "20",
    "RatingMonth": "SEP25",
    "B-day": "2003",
    "Flag": "wi"
  },
  {
    "ID Number": "11321652",
    "Name": "Gosego Moseja",
    "Fed": "BOT",
    "Sex": "F",
    "Title": "",
    "WTit": "",
    "OTit": "",
    "Rating": "1463",
    "Gms": "0",
    "K": "20",
    "RatingMonth": "SEP25",
    "B-day": "2001",
    "Flag": "wi"
  },
  {
    "ID Number": "11318007",
    "Name": "Gothusaone Laolang",
    "Fed": "BOT",
    "Sex": "M",
    "Title": "",
    "WTit": "",
    "OTit": "",
    "Rating": "1759",
    "Gms": "0",
    "K": "20",
    "RatingMonth": "SEP25",
    "B-day": "1991",
    "Flag": "i"
  },
  {
    "ID Number": "11300353",
    "Name": "Gumpo, Thabo",
    "Fed": "BOT",
    "Sex": "M",
    "Title": "CM",
    "WTit": "",
    "OTit": "",
    "Rating": "1960",
    "Gms": "0",
    "K": "20",
    "RatingMonth": "SEP25",
    "B-day": "1990",
    "Flag": "i"
  },
  {
    "ID Number": "11315326",
    "Name": "Gupta Aarav",
    "Fed": "BOT",
    "Sex": "M",
    "Title": "",
    "WTit": "",
    "OTit": "",
    "Rating": "1548",
    "Gms": "0",
    "K": "40",
    "RatingMonth": "SEP25",
    "B-day": "2007",
    "Flag": "i"
  },
  {
    "ID Number": "11315180",
    "Name": "Habulezi Joseph",
    "Fed": "BOT",
    "Sex": "M",
    "Title": "",
    "WTit": "",
    "OTit": "",
    "Rating": "1839",
    "Gms": "0",
    "K": "20",
    "RatingMonth": "SEP25",
    "B-day": "1992",
    "Flag": "i"
  },
  {
    "ID Number": "11300540",
    "Name": "Hosiah, Olebogeng",
    "Fed": "BOT",
    "Sex": "M",
    "Title": "",
    "WTit": "",
    "OTit": "",
    "Rating": "2098",
    "Gms": "0",
    "K": "20",
    "RatingMonth": "SEP25",
    "B-day": "0",
    "Flag": "i"
  },
  {
    "ID Number": "11300019",
    "Name": "Hutcheson, John",
    "Fed": "BOT",
    "Sex": "M",
    "Title": "",
    "WTit": "",
    "OTit": "",
    "Rating": "2177",
    "Gms": "0",
    "K": "20",
    "RatingMonth": "SEP25",
    "B-day": "0",
    "Flag": "i"
  },
  {
    "ID Number": "11306025",
    "Name": "Ikageng, Mabengane",
    "Fed": "BOT",
    "Sex": "M",
    "Title": "",
    "WTit": "",
    "OTit": "",
    "Rating": "1824",
    "Gms": "0",
    "K": "20",
    "RatingMonth": "SEP25",
    "B-day": "0",
    "Flag": "i"
  },
  {
    "ID Number": "11316969",
    "Name": "Ishmael Kobe",
    "Fed": "BOT",
    "Sex": "M",
    "Title": "",
    "WTit": "",
    "OTit": "",
    "Rating": "1743",
    "Gms": "0",
    "K": "20",
    "RatingMonth": "SEP25",
    "B-day": "1993",
    "Flag": "i"
  },
  {
    "ID Number": "11300337",
    "Name": "Ivon, Makabe",
    "Fed": "BOT",
    "Sex": "M",
    "Title": "",
    "WTit": "",
    "OTit": "",
    "Rating": "1992",
    "Gms": "0",
    "K": "20",
    "RatingMonth": "SEP25",
    "B-day": "1978",
    "Flag": "i"
  },
  {
    "ID Number": "11324260",
    "Name": "Joeph Bret",
    "Fed": "BOT",
    "Sex": "M",
    "Title": "",
    "WTit": "",
    "OTit": "",
    "Rating": "1813",
    "Gms": "0",
    "K": "20",
    "RatingMonth": "SEP25",
    "B-day": "2002",
    "Flag": "i"
  },
  {
    "ID Number": "11300620",
    "Name": "Kabelo, Edwin",
    "Fed": "BOT",
    "Sex": "M",
    "Title": "",
    "WTit": "",
    "OTit": "",
    "Rating": "1867",
    "Gms": "0",
    "K": "20",
    "RatingMonth": "SEP25",
    "B-day": "0",
    "Flag": "i"
  },
  {
    "ID Number": "11321482",
    "Name": "Kago Boitshwarelo",
    "Fed": "BOT",
    "Sex": "F",
    "Title": "",
    "WTit": "",
    "OTit": "",
    "Rating": "1485",
    "Gms": "0",
    "K": "40",
    "RatingMonth": "SEP25",
    "B-day": "2002",
    "Flag": "wi"
  },
  {
    "ID Number": "11300833",
    "Name": "Kamara, Abdul",
    "Fed": "BOT",
    "Sex": "M",
    "Title": "",
    "WTit": "",
    "OTit": "",
    "Rating": "1989",
    "Gms": "0",
    "K": "20",
    "RatingMonth": "SEP25",
    "B-day": "0",
    "Flag": "i"
  },
  {
    "ID Number": "11315806",
    "Name": "Kamatue Thomase",
    "Fed": "BOT",
    "Sex": "M",
    "Title": "",
    "WTit": "",
    "OTit": "",
    "Rating": "1603",
    "Gms": "0",
    "K": "20",
    "RatingMonth": "SEP25",
    "B-day": "1982",
    "Flag": "i"
  },
  {
    "ID Number": "11318317",
    "Name": "Kao Chameya",
    "Fed": "BOT",
    "Sex": "M",
    "Title": "",
    "WTit": "",
    "OTit": "",
    "Rating": "1793",
    "Gms": "0",
    "K": "20",
    "RatingMonth": "SEP25",
    "B-day": "2003",
    "Flag": "i"
  },
  {
    "ID Number": "11301961",
    "Name": "Kathiresan, Amaresh",
    "Fed": "BOT",
    "Sex": "M",
    "Title": "CM",
    "WTit": "",
    "OTit": "",
    "Rating": "1667",
    "Gms": "0",
    "K": "20",
    "RatingMonth": "SEP25",
    "B-day": "2002",
    "Flag": "i"
  },
  {
    "ID Number": "11314001",
    "Name": "Katisi Relebogile",
    "Fed": "BOT",
    "Sex": "F",
    "Title": "",
    "WTit": "",
    "OTit": "",
    "Rating": "1452",
    "Gms": "0",
    "K": "40",
    "RatingMonth": "SEP25",
    "B-day": "2005",
    "Flag": "wi"
  },
  {
    "ID Number": "11300302",
    "Name": "Kealeboga, Baone",
    "Fed": "BOT",
    "Sex": "M",
    "Title": "",
    "WTit": "",
    "OTit": "",
    "Rating": "2012",
    "Gms": "0",
    "K": "20",
    "RatingMonth": "SEP25",
    "B-day": "0",
    "Flag": "i"
  },
  {
    "ID Number": "11302917",
    "Name": "Kebopetswe, Golekwamang",
    "Fed": "BOT",
    "Sex": "M",
    "Title": "",
    "WTit": "",
    "OTit": "",
    "Rating": "1827",
    "Gms": "0",
    "K": "20",
    "RatingMonth": "SEP25",
    "B-day": "0",
    "Flag": "i"
  },
  {
    "ID Number": "11312807",
    "Name": "Kenosi Bernard",
    "Fed": "BOT",
    "Sex": "M",
    "Title": "",
    "WTit": "",
    "OTit": "",
    "Rating": "1916",
    "Gms": "0",
    "K": "20",
    "RatingMonth": "SEP25",
    "B-day": "1974",
    "Flag": "i"
  },
  {
    "ID Number": "11302275",
    "Name": "Kesiilwe, Dragon",
    "Fed": "BOT",
    "Sex": "M",
    "Title": "",
    "WTit": "",
    "OTit": "",
    "Rating": "1959",
    "Gms": "0",
    "K": "20",
    "RatingMonth": "SEP25",
    "B-day": "1979",
    "Flag": "i"
  },
  {
    "ID Number": "11318228",
    "Name": "Kgano Othusitse",
    "Fed": "BOT",
    "Sex": "F",
    "Title": "",
    "WTit": "",
    "OTit": "",
    "Rating": "1515",
    "Gms": "0",
    "K": "40",
    "RatingMonth": "SEP25",
    "B-day": "2007",
    "Flag": "wi"
  },
  {
    "ID Number": "11321130",
    "Name": "Kgosietsile Modikwa",
    "Fed": "BOT",
    "Sex": "M",
    "Title": "",
    "WTit": "",
    "OTit": "",
    "Rating": "1522",
    "Gms": "0",
    "K": "20",
    "RatingMonth": "SEP25",
    "B-day": "2000",
    "Flag": "i"
  },
  {
    "ID Number": "11300280",
    "Name": "Khetho, Phemelo",
    "Fed": "BOT",
    "Sex": "M",
    "Title": "FM",
    "WTit": "",
    "OTit": "",
    "Rating": "2160",
    "Gms": "0",
    "K": "20",
    "RatingMonth": "SEP25",
    "B-day": "1983",
    "Flag": "i"
  },
  {
    "ID Number": "11322667",
    "Name": "Khumo Tholo",
    "Fed": "BOT",
    "Sex": "F",
    "Title": "",
    "WTit": "",
    "OTit": "",
    "Rating": "1507",
    "Gms": "0",
    "K": "40",
    "RatingMonth": "SEP25",
    "B-day": "2005",
    "Flag": "wi"
  },
  {
    "ID Number": "11300850",
    "Name": "Kidega, Charles",
    "Fed": "BOT",
    "Sex": "M",
    "Title": "",
    "WTit": "",
    "OTit": "",
    "Rating": "1916",
    "Gms": "0",
    "K": "20",
    "RatingMonth": "SEP25",
    "B-day": "0",
    "Flag": "i"
  },
  {
    "ID Number": "11313226",
    "Name": "Kitso Innocent Kgosietsile",
    "Fed": "BOT",
    "Sex": "M",
    "Title": "",
    "WTit": "",
    "OTit": "",
    "Rating": "1782",
    "Gms": "0",
    "K": "20",
    "RatingMonth": "SEP25",
    "B-day": "2003",
    "Flag": "i"
  },
  {
    "ID Number": "11313242",
    "Name": "Kobe Gofaone",
    "Fed": "BOT",
    "Sex": "M",
    "Title": "",
    "WTit": "",
    "OTit": "",
    "Rating": "1902",
    "Gms": "0",
    "K": "20",
    "RatingMonth": "SEP25",
    "B-day": "1998",
    "Flag": "i"
  },
  {
    "ID Number": "11300868",
    "Name": "Kokome, Oaitse",
    "Fed": "BOT",
    "Sex": "M",
    "Title": "CM",
    "WTit": "",
    "OTit": "",
    "Rating": "1927",
    "Gms": "0",
    "K": "20",
    "RatingMonth": "SEP25",
    "B-day": "1992",
    "Flag": "i"
  },
  {
    "ID Number": "11318759",
    "Name": "Lefha Morris",
    "Fed": "BOT",
    "Sex": "M",
    "Title": "",
    "WTit": "",
    "OTit": "",
    "Rating": "1555",
    "Gms": "0",
    "K": "40",
    "RatingMonth": "SEP25",
    "B-day": "2006",
    "Flag": ""
  },
  {
    "ID Number": "11315946",
    "Name": "Lekoko Rorisang",
    "Fed": "BOT",
    "Sex": "F",
    "Title": "",
    "WTit": "",
    "OTit": "",
    "Rating": "1598",
    "Gms": "0",
    "K": "40",
    "RatingMonth": "SEP25",
    "B-day": "2007",
    "Flag": "wi"
  },
  {
    "ID Number": "11301791",
    "Name": "Lesole, Pudungwane",
    "Fed": "BOT",
    "Sex": "M",
    "Title": "",
    "WTit": "NA",
    "OTit": "",
    "Rating": "1899",
    "Gms": "0",
    "K": "20",
    "RatingMonth": "SEP25",
    "B-day": "0",
    "Flag": "i"
  },
  {
    "ID Number": "11300884",
    "Name": "Letshwenyo, Onkgopotse",
    "Fed": "BOT",
    "Sex": "M",
    "Title": "",
    "WTit": "",
    "OTit": "",
    "Rating": "1912",
    "Gms": "0",
    "K": "20",
    "RatingMonth": "SEP25",
    "B-day": "1990",
    "Flag": "i"
  },
  {
    "ID Number": "11300515",
    "Name": "Lopang, Tshepiso",
    "Fed": "BOT",
    "Sex": "F",
    "Title": "WIM",
    "WTit": "WIM",
    "OTit": "",
    "Rating": "1869",
    "Gms": "0",
    "K": "20",
    "RatingMonth": "SEP25",
    "B-day": "1980",
    "Flag": "wi"
  },
  {
    "ID Number": "11302828",
    "Name": "Lorato Dolly Thapelo",
    "Fed": "BOT",
    "Sex": "F",
    "Title": "",
    "WTit": "NA",
    "OTit": "",
    "Rating": "1587",
    "Gms": "0",
    "K": "20",
    "RatingMonth": "SEP25",
    "B-day": "1993",
    "Flag": "w"
  },
  {
    "ID Number": "11300906",
    "Name": "Mabetu, Puso",
    "Fed": "BOT",
    "Sex": "M",
    "Title": "",
    "WTit": "",
    "OTit": "",
    "Rating": "1983",
    "Gms": "0",
    "K": "20",
    "RatingMonth": "SEP25",
    "B-day": "1987",
    "Flag": "i"
  },
  {
    "ID Number": "11313293",
    "Name": "Machinya Desire",
    "Fed": "BOT",
    "Sex": "M",
    "Title": "",
    "WTit": "",
    "OTit": "",
    "Rating": "1819",
    "Gms": "0",
    "K": "20",
    "RatingMonth": "SEP25",
    "B-day": "2002",
    "Flag": "i"
  },
  {
    "ID Number": "11301805",
    "Name": "Machobane, Moemedi",
    "Fed": "BOT",
    "Sex": "M",
    "Title": "",
    "WTit": "",
    "OTit": "",
    "Rating": "1931",
    "Gms": "0",
    "K": "20",
    "RatingMonth": "SEP25",
    "B-day": "1992",
    "Flag": "i"
  },
  {
    "ID Number": "11324902",
    "Name": "Maduo Mpatane",
    "Fed": "BOT",
    "Sex": "F",
    "Title": "",
    "WTit": "",
    "OTit": "",
    "Rating": "1507",
    "Gms": "0",
    "K": "40",
    "RatingMonth": "SEP25",
    "B-day": "2001",
    "Flag": "wi"
  },
  {
    "ID Number": "11316837",
    "Name": "Maeletsa Thuso",
    "Fed": "BOT",
    "Sex": "M",
    "Title": "",
    "WTit": "",
    "OTit": "",
    "Rating": "1632",
    "Gms": "0",
    "K": "20",
    "RatingMonth": "SEP25",
    "B-day": "2000",
    "Flag": ""
  },
  {
    "ID Number": "11312815",
    "Name": "Mafeni Jerome Dr",
    "Fed": "BOT",
    "Sex": "M",
    "Title": "",
    "WTit": "",
    "OTit": "",
    "Rating": "1747",
    "Gms": "0",
    "K": "20",
    "RatingMonth": "SEP25",
    "B-day": "1957",
    "Flag": "i"
  },
  {
    "ID Number": "11312831",
    "Name": "Makgatle Cordeliah Goitsemodimo",
    "Fed": "BOT",
    "Sex": "F",
    "Title": "",
    "WTit": "NA",
    "OTit": "",
    "Rating": "1520",
    "Gms": "0",
    "K": "40",
    "RatingMonth": "SEP25",
    "B-day": "1981",
    "Flag": "w"
  },
  {
    "ID Number": "11317540",
    "Name": "Makhuwa, Botho",
    "Fed": "BOT",
    "Sex": "M",
    "Title": "",
    "WTit": "",
    "OTit": "",
    "Rating": "1665",
    "Gms": "0",
    "K": "40",
    "RatingMonth": "SEP25",
    "B-day": "2005",
    "Flag": "i"
  },
  {
    "ID Number": "11300361",
    "Name": "Makwati, Mahommad Israel",
    "Fed": "BOT",
    "Sex": "M",
    "Title": "",
    "WTit": "",
    "OTit": "",
    "Rating": "1890",
    "Gms": "0",
    "K": "20",
    "RatingMonth": "SEP25",
    "B-day": "0",
    "Flag": "i"
  },
  {
    "ID Number": "11318287",
    "Name": "Mananga Moses",
    "Fed": "BOT",
    "Sex": "M",
    "Title": "",
    "WTit": "",
    "OTit": "",
    "Rating": "1650",
    "Gms": "0",
    "K": "20",
    "RatingMonth": "SEP25",
    "B-day": "2001",
    "Flag": "i"
  },
  {
    "ID Number": "11311967",
    "Name": "Manikonda Naga Sai Hasitha",
    "Fed": "BOT",
    "Sex": "F",
    "Title": "WCM",
    "WTit": "WCM",
    "OTit": "",
    "Rating": "1444",
    "Gms": "0",
    "K": "40",
    "RatingMonth": "SEP25",
    "B-day": "2010",
    "Flag": "wi"
  },
  {
    "ID Number": "11304553",
    "Name": "Mapini, Otsile",
    "Fed": "BOT",
    "Sex": "M",
    "Title": "CM",
    "WTit": "",
    "OTit": "",
    "Rating": "1929",
    "Gms": "0",
    "K": "20",
    "RatingMonth": "SEP25",
    "B-day": "1995",
    "Flag": "i"
  },
  {
    "ID Number": "11316365",
    "Name": "Mapone Thato",
    "Fed": "BOT",
    "Sex": "M",
    "Title": "",
    "WTit": "",
    "OTit": "",
    "Rating": "1822",
    "Gms": "0",
    "K": "20",
    "RatingMonth": "SEP25",
    "B-day": "2001",
    "Flag": "i"
  },
  {
    "ID Number": "11310073",
    "Name": "Marape, Marape Jr",
    "Fed": "BOT",
    "Sex": "M",
    "Title": "CM",
    "WTit": "",
    "OTit": "",
    "Rating": "1729",
    "Gms": "0",
    "K": "20",
    "RatingMonth": "SEP25",
    "B-day": "2003",
    "Flag": "i"
  },
  {
    "ID Number": "11310880",
    "Name": "Marape, Naledi",
    "Fed": "BOT",
    "Sex": "F",
    "Title": "WFM",
    "WTit": "WFM",
    "OTit": "",
    "Rating": "1789",
    "Gms": "0",
    "K": "40",
    "RatingMonth": "SEP25",
    "B-day": "2006",
    "Flag": "wi"
  },
  {
    "ID Number": "11308435",
    "Name": "Mariri, Thabo",
    "Fed": "BOT",
    "Sex": "M",
    "Title": "",
    "WTit": "",
    "OTit": "",
    "Rating": "1873",
    "Gms": "0",
    "K": "20",
    "RatingMonth": "SEP25",
    "B-day": "0",
    "Flag": "i"
  },
  {
    "ID Number": "11300965",
    "Name": "Maruatona, Tshenolo",
    "Fed": "BOT",
    "Sex": "M",
    "Title": "",
    "WTit": "",
    "OTit": "",
    "Rating": "1872",
    "Gms": "0",
    "K": "20",
    "RatingMonth": "SEP25",
    "B-day": "0",
    "Flag": "i"
  },
  {
    "ID Number": "11300973",
    "Name": "Maruping, Otlhomile",
    "Fed": "BOT",
    "Sex": "M",
    "Title": "",
    "WTit": "",
    "OTit": "",
    "Rating": "1911",
    "Gms": "0",
    "K": "20",
    "RatingMonth": "SEP25",
    "B-day": "0",
    "Flag": "i"
  },
  {
    "ID Number": "11310090",
    "Name": "Masaiti, Gideon",
    "Fed": "BOT",
    "Sex": "M",
    "Title": "",
    "WTit": "",
    "OTit": "",
    "Rating": "1783",
    "Gms": "0",
    "K": "20",
    "RatingMonth": "SEP25",
    "B-day": "2004",
    "Flag": "i"
  },
  {
    "ID Number": "11310898",
    "Name": "Masala,Iphazha",
    "Fed": "BOT",
    "Sex": "M",
    "Title": "CM",
    "WTit": "",
    "OTit": "",
    "Rating": "1737",
    "Gms": "0",
    "K": "40",
    "RatingMonth": "SEP25",
    "B-day": "2007",
    "Flag": "i"
  },
  {
    "ID Number": "11300981",
    "Name": "Masokwane, Patrick",
    "Fed": "BOT",
    "Sex": "M",
    "Title": "",
    "WTit": "",
    "OTit": "",
    "Rating": "1884",
    "Gms": "0",
    "K": "20",
    "RatingMonth": "SEP25",
    "B-day": "0",
    "Flag": "i"
  },
  {
    "ID Number": "11302011",
    "Name": "Masole, Clifford",
    "Fed": "BOT",
    "Sex": "M",
    "Title": "CM",
    "WTit": "",
    "OTit": "",
    "Rating": "1934",
    "Gms": "0",
    "K": "20",
    "RatingMonth": "SEP25",
    "B-day": "1994",
    "Flag": "i"
  },
  {
    "ID Number": "11300990",
    "Name": "Masole, Vincent",
    "Fed": "BOT",
    "Sex": "M",
    "Title": "",
    "WTit": "SI",
    "OTit": "",
    "Rating": "1798",
    "Gms": "0",
    "K": "20",
    "RatingMonth": "SEP25",
    "B-day": "1983",
    "Flag": "i"
  },
  {
    "ID Number": "11314940",
    "Name": "Maswabi Opelo",
    "Fed": "BOT",
    "Sex": "M",
    "Title": "",
    "WTit": "",
    "OTit": "",
    "Rating": "1872",
    "Gms": "0",
    "K": "20",
    "RatingMonth": "SEP25",
    "B-day": "1997",
    "Flag": "i"
  },
  {
    "ID Number": "11303646",
    "Name": "Matekane, Walter",
    "Fed": "BOT",
    "Sex": "M",
    "Title": "",
    "WTit": "",
    "OTit": "",
    "Rating": "1893",
    "Gms": "0",
    "K": "20",
    "RatingMonth": "SEP25",
    "B-day": "0",
    "Flag": "i"
  },
  {
    "ID Number": "11301422",
    "Name": "Mbo, Mabedi",
    "Fed": "BOT",
    "Sex": "F",
    "Title": "",
    "WTit": "",
    "OTit": "",
    "Rating": "1699",
    "Gms": "0",
    "K": "20",
    "RatingMonth": "SEP25",
    "B-day": "1989",
    "Flag": "wi"
  },
  {
    "ID Number": "11315016",
    "Name": "Medupe Herbert",
    "Fed": "BOT",
    "Sex": "M",
    "Title": "",
    "WTit": "",
    "OTit": "",
    "Rating": "1729",
    "Gms": "0",
    "K": "20",
    "RatingMonth": "SEP25",
    "B-day": "1979",
    "Flag": "i"
  },
  {
    "ID Number": "11316861",
    "Name": "Mhatasediba Kgosi",
    "Fed": "BOT",
    "Sex": "M",
    "Title": "",
    "WTit": "",
    "OTit": "",
    "Rating": "1662",
    "Gms": "0",
    "K": "20",
    "RatingMonth": "SEP25",
    "B-day": "2001",
    "Flag": "i"
  },
  {
    "ID Number": "11313048",
    "Name": "Mhate Lame",
    "Fed": "BOT",
    "Sex": "F",
    "Title": "",
    "WTit": "",
    "OTit": "",
    "Rating": "1576",
    "Gms": "0",
    "K": "20",
    "RatingMonth": "SEP25",
    "B-day": "2004",
    "Flag": "wi"
  },
  {
    "ID Number": "11326883",
    "Name": "Mishra Vansh",
    "Fed": "BOT",
    "Sex": "M",
    "Title": "",
    "WTit": "",
    "OTit": "",
    "Rating": "1579",
    "Gms": "0",
    "K": "40",
    "RatingMonth": "SEP25",
    "B-day": "2009",
    "Flag": "i"
  },
  {
    "ID Number": "11307153",
    "Name": "Miti, Dithapelo",
    "Fed": "BOT",
    "Sex": "M",
    "Title": "",
    "WTit": "",
    "OTit": "",
    "Rating": "1906",
    "Gms": "0",
    "K": "20",
    "RatingMonth": "SEP25",
    "B-day": "1993",
    "Flag": "i"
  },
  {
    "ID Number": "11311436",
    "Name": "Moagaesi Daniel",
    "Fed": "BOT",
    "Sex": "M",
    "Title": "",
    "WTit": "",
    "OTit": "",
    "Rating": "1899",
    "Gms": "0",
    "K": "20",
    "RatingMonth": "SEP25",
    "B-day": "1990",
    "Flag": "i"
  },
  {
    "ID Number": "11309830",
    "Name": "Moagaesi, Tshepo",
    "Fed": "BOT",
    "Sex": "M",
    "Title": "",
    "WTit": "",
    "OTit": "",
    "Rating": "1849",
    "Gms": "0",
    "K": "20",
    "RatingMonth": "SEP25",
    "B-day": "0",
    "Flag": ""
  },
  {
    "ID Number": "11322071",
    "Name": "Moagedi Sobo",
    "Fed": "BOT",
    "Sex": "M",
    "Title": "",
    "WTit": "",
    "OTit": "",
    "Rating": "1614",
    "Gms": "0",
    "K": "40",
    "RatingMonth": "SEP25",
    "B-day": "2010",
    "Flag": "i"
  },
  {
    "ID Number": "11316853",
    "Name": "Moagi Tirelo",
    "Fed": "BOT",
    "Sex": "M",
    "Title": "",
    "WTit": "",
    "OTit": "",
    "Rating": "1721",
    "Gms": "0",
    "K": "20",
    "RatingMonth": "SEP25",
    "B-day": "1986",
    "Flag": "i"
  },
  {
    "ID Number": "11302283",
    "Name": "Moagi, Letlhogonolo",
    "Fed": "BOT",
    "Sex": "M",
    "Title": "",
    "WTit": "",
    "OTit": "",
    "Rating": "1892",
    "Gms": "0",
    "K": "20",
    "RatingMonth": "SEP25",
    "B-day": "0",
    "Flag": "i"
  },
  {
    "ID Number": "11302020",
    "Name": "Moalosi, Linky",
    "Fed": "BOT",
    "Sex": "M",
    "Title": "",
    "WTit": "",
    "OTit": "",
    "Rating": "1854",
    "Gms": "0",
    "K": "20",
    "RatingMonth": "SEP25",
    "B-day": "0",
    "Flag": "i"
  },
  {
    "ID Number": "11302038",
    "Name": "Moatswi, Mpaphi",
    "Fed": "BOT",
    "Sex": "M",
    "Title": "",
    "WTit": "",
    "OTit": "",
    "Rating": "AFM",
    "Gms": "1747",
    "K": "0",
    "RatingMonth": "SEP25",
    "B-day": "0",
    "Flag": "i"
  },
  {
    "ID Number": "11313358",
    "Name": "Modala Seratiwa",
    "Fed": "BOT",
    "Sex": "M",
    "Title": "",
    "WTit": "",
    "OTit": "",
    "Rating": "1774",
    "Gms": "0",
    "K": "20",
    "RatingMonth": "SEP25",
    "B-day": "1997",
    "Flag": "i"
  },
  {
    "ID Number": "11301430",
    "Name": "Modisane, Thompson",
    "Fed": "BOT",
    "Sex": "M",
    "Title": "",
    "WTit": "NI,NA",
    "OTit": "",
    "Rating": "1863",
    "Gms": "0",
    "K": "20",
    "RatingMonth": "SEP25",
    "B-day": "1989",
    "Flag": "i"
  },
  {
    "ID Number": "11301023",
    "Name": "Modise, Thabo",
    "Fed": "BOT",
    "Sex": "M",
    "Title": "",
    "WTit": "",
    "OTit": "",
    "Rating": "1824",
    "Gms": "0",
    "K": "20",
    "RatingMonth": "SEP25",
    "B-day": "0",
    "Flag": "i"
  },
  {
    "ID Number": "11300230",
    "Name": "Modongo, Boikhutso",
    "Fed": "BOT",
    "Sex": "F",
    "Title": "WIM",
    "WTit": "WIM",
    "OTit": "",
    "Rating": "1831",
    "Gms": "0",
    "K": "20",
    "RatingMonth": "SEP25",
    "B-day": "1979",
    "Flag": "wi"
  },
  {
    "ID Number": "11301040",
    "Name": "Mogale, Onkabetse",
    "Fed": "BOT",
    "Sex": "M",
    "Title": "",
    "WTit": "",
    "OTit": "",
    "Rating": "1886",
    "Gms": "0",
    "K": "20",
    "RatingMonth": "SEP25",
    "B-day": "0",
    "Flag": "i"
  },
  {
    "ID Number": "11323450",
    "Name": "Mogolodi Matshaba",
    "Fed": "BOT",
    "Sex": "M",
    "Title": "",
    "WTit": "",
    "OTit": "",
    "Rating": "1554",
    "Gms": "0",
    "K": "20",
    "RatingMonth": "SEP25",
    "B-day": "2000",
    "Flag": "i"
  },
  {
    "ID Number": "11314770",
    "Name": "Mokgathi Gomolemo",
    "Fed": "BOT",
    "Sex": "M",
    "Title": "",
    "WTit": "",
    "OTit": "",
    "Rating": "1732",
    "Gms": "0",
    "K": "20",
    "RatingMonth": "SEP25",
    "B-day": "2004",
    "Flag": "i"
  },
  {
    "ID Number": "11319623",
    "Name": "Mokgathi Kebonyephenyo",
    "Fed": "BOT",
    "Sex": "M",
    "Title": "",
    "WTit": "",
    "OTit": "",
    "Rating": "AIM",
    "Gms": "1752",
    "K": "0",
    "RatingMonth": "SEP25",
    "B-day": "2001",
    "Flag": "i"
  },
  {
    "ID Number": "11302046",
    "Name": "Mokgedi, Tsaone",
    "Fed": "BOT",
    "Sex": "M",
    "Title": "",
    "WTit": "",
    "OTit": "",
    "Rating": "1852",
    "Gms": "0",
    "K": "20",
    "RatingMonth": "SEP25",
    "B-day": "0",
    "Flag": "i"
  },
  {
    "ID Number": "11315709",
    "Name": "Mokgwawabone Kabelo",
    "Fed": "BOT",
    "Sex": "M",
    "Title": "",
    "WTit": "",
    "OTit": "",
    "Rating": "1789",
    "Gms": "0",
    "K": "20",
    "RatingMonth": "SEP25",
    "B-day": "2001",
    "Flag": "i"
  },
  {
    "ID Number": "11317396",
    "Name": "Mokotedi Phenyo",
    "Fed": "BOT",
    "Sex": "M",
    "Title": "",
    "WTit": "",
    "OTit": "",
    "Rating": "1703",
    "Gms": "0",
    "K": "20",
    "RatingMonth": "SEP25",
    "B-day": "2002",
    "Flag": "i"
  },
  {
    "ID Number": "11305118",
    "Name": "Mokwena, Kingsley",
    "Fed": "BOT",
    "Sex": "M",
    "Title": "",
    "WTit": "",
    "OTit": "",
    "Rating": "1840",
    "Gms": "0",
    "K": "20",
    "RatingMonth": "SEP25",
    "B-day": "1999",
    "Flag": "i"
  },
  {
    "ID Number": "11309890",
    "Name": "Mokwena, Morwa",
    "Fed": "BOT",
    "Sex": "M",
    "Title": "",
    "WTit": "",
    "OTit": "",
    "Rating": "1830",
    "Gms": "0",
    "K": "20",
    "RatingMonth": "SEP25",
    "B-day": "0",
    "Flag": "i"
  },
  {
    "ID Number": "11311614",
    "Name": "Molefe Thapelo",
    "Fed": "BOT",
    "Sex": "M",
    "Title": "",
    "WTit": "",
    "OTit": "",
    "Rating": "1561",
    "Gms": "0",
    "K": "20",
    "RatingMonth": "SEP25",
    "B-day": "1993",
    "Flag": "i"
  },
  {
    "ID Number": "11314796",
    "Name": "Molefi Pako",
    "Fed": "BOT",
    "Sex": "M",
    "Title": "",
    "WTit": "",
    "OTit": "",
    "Rating": "1698",
    "Gms": "0",
    "K": "20",
    "RatingMonth": "SEP25",
    "B-day": "1998",
    "Flag": "i"
  },
  {
    "ID Number": "11318457",
    "Name": "Molema Tuelo",
    "Fed": "BOT",
    "Sex": "M",
    "Title": "",
    "WTit": "",
    "OTit": "",
    "Rating": "1625",
    "Gms": "0",
    "K": "20",
    "RatingMonth": "SEP25",
    "B-day": "1998",
    "Flag": "i"
  },
  {
    "ID Number": "11302526",
    "Name": "Moloi, Leatile",
    "Fed": "BOT",
    "Sex": "M",
    "Title": "",
    "WTit": "",
    "OTit": "",
    "Rating": "1720",
    "Gms": "0",
    "K": "20",
    "RatingMonth": "SEP25",
    "B-day": "0",
    "Flag": "i"
  },
  {
    "ID Number": "11308613",
    "Name": "Moloi, Pako",
    "Fed": "BOT",
    "Sex": "M",
    "Title": "",
    "WTit": "",
    "OTit": "",
    "Rating": "1743",
    "Gms": "0",
    "K": "20",
    "RatingMonth": "SEP25",
    "B-day": "1996",
    "Flag": "i"
  },
  {
    "ID Number": "11313404",
    "Name": "Monare Tshepo",
    "Fed": "BOT",
    "Sex": "M",
    "Title": "CM",
    "WTit": "",
    "OTit": "",
    "Rating": "1812",
    "Gms": "0",
    "K": "20",
    "RatingMonth": "SEP25",
    "B-day": "2001",
    "Flag": "i"
  },
  {
    "ID Number": "11302941",
    "Name": "Monnaatsheko, Keletshabile",
    "Fed": "BOT",
    "Sex": "M",
    "Title": "",
    "WTit": "",
    "OTit": "",
    "Rating": "1930",
    "Gms": "0",
    "K": "20",
    "RatingMonth": "SEP25",
    "B-day": "1991",
    "Flag": "i"
  },
  {
    "ID Number": "11300485",
    "Name": "Mooketsi, David",
    "Fed": "BOT",
    "Sex": "M",
    "Title": "",
    "WTit": "",
    "OTit": "",
    "Rating": "1935",
    "Gms": "0",
    "K": "20",
    "RatingMonth": "SEP25",
    "B-day": "1991",
    "Flag": "i"
  },
  {
    "ID Number": "11300078",
    "Name": "Mopati, Jobe",
    "Fed": "BOT",
    "Sex": "M",
    "Title": "",
    "WTit": "",
    "OTit": "",
    "Rating": "1998",
    "Gms": "0",
    "K": "20",
    "RatingMonth": "SEP25",
    "B-day": "0",
    "Flag": "i"
  },
  {
    "ID Number": "11315024",
    "Name": "Moraope Collen",
    "Fed": "BOT",
    "Sex": "M",
    "Title": "",
    "WTit": "",
    "OTit": "",
    "Rating": "1721",
    "Gms": "0",
    "K": "20",
    "RatingMonth": "SEP25",
    "B-day": "1970",
    "Flag": "i"
  },
  {
    "ID Number": "11300523",
    "Name": "Morwamang, Kagiso",
    "Fed": "BOT",
    "Sex": "M",
    "Title": "CM",
    "WTit": "",
    "OTit": "",
    "Rating": "1966",
    "Gms": "0",
    "K": "20",
    "RatingMonth": "SEP25",
    "B-day": "1993",
    "Flag": "i"
  },
  {
    "ID Number": "11316268",
    "Name": "Moseki Karabo",
    "Fed": "BOT",
    "Sex": "F",
    "Title": "",
    "WTit": "",
    "OTit": "",
    "Rating": "1567",
    "Gms": "0",
    "K": "20",
    "RatingMonth": "SEP25",
    "B-day": "1999",
    "Flag": "wi"
  },
  {
    "ID Number": "11300370",
    "Name": "Mosenya, Ndawana",
    "Fed": "BOT",
    "Sex": "M",
    "Title": "CM",
    "WTit": "",
    "OTit": "",
    "Rating": "1980",
    "Gms": "0",
    "K": "20",
    "RatingMonth": "SEP25",
    "B-day": "1974",
    "Flag": "i"
  },
  {
    "ID Number": "11323302",
    "Name": "Moses Adam",
    "Fed": "BOT",
    "Sex": "M",
    "Title": "",
    "WTit": "",
    "OTit": "",
    "Rating": "1782",
    "Gms": "0",
    "K": "20",
    "RatingMonth": "SEP25",
    "B-day": "2000",
    "Flag": "i"
  },
  {
    "ID Number": "11315920",
    "Name": "Moshoboro Sharell Arona",
    "Fed": "BOT",
    "Sex": "F",
    "Title": "WCM",
    "WTit": "WCM",
    "OTit": "",
    "Rating": "1614",
    "Gms": "0",
    "K": "40",
    "RatingMonth": "SEP25",
    "B-day": "2007",
    "Flag": "wi"
  },
  {
    "ID Number": "11314699",
    "Name": "Moshoboro, Laone Phoebe",
    "Fed": "BOT",
    "Sex": "F",
    "Title": "WCM",
    "WTit": "WCM",
    "OTit": "",
    "Rating": "1564",
    "Gms": "0",
    "K": "40",
    "RatingMonth": "SEP25",
    "B-day": "2009",
    "Flag": "wi"
  },
  {
    "ID Number": "11302550",
    "Name": "Mosutha, Thuso",
    "Fed": "BOT",
    "Sex": "M",
    "Title": "CM",
    "WTit": "",
    "OTit": "",
    "Rating": "1969",
    "Gms": "0",
    "K": "20",
    "RatingMonth": "SEP25",
    "B-day": "1994",
    "Flag": "i"
  },
  {
    "ID Number": "11314907",
    "Name": "Mosweu, Atlang Amolemo",
    "Fed": "BOT",
    "Sex": "F",
    "Title": "WCM",
    "WTit": "WCM",
    "OTit": "",
    "Rating": "1676",
    "Gms": "0",
    "K": "40",
    "RatingMonth": "SEP25",
    "B-day": "2007",
    "Flag": "w"
  },
  {
    "ID Number": "11314184",
    "Name": "Mothudi Mogotsi Arnold",
    "Fed": "BOT",
    "Sex": "M",
    "Title": "",
    "WTit": "",
    "OTit": "",
    "Rating": "1905",
    "Gms": "0",
    "K": "20",
    "RatingMonth": "SEP25",
    "B-day": "1989",
    "Flag": "i"
  },
  {
    "ID Number": "11318201",
    "Name": "Motlhako Kaone",
    "Fed": "BOT",
    "Sex": "F",
    "Title": "",
    "WTit": "",
    "OTit": "",
    "Rating": "1531",
    "Gms": "0",
    "K": "40",
    "RatingMonth": "SEP25",
    "B-day": "2005",
    "Flag": "wi"
  },
  {
    "ID Number": "11306866",
    "Name": "Motlhware, Tshepang",
    "Fed": "BOT",
    "Sex": "F",
    "Title": "",
    "WTit": "",
    "OTit": "",
    "Rating": "1519",
    "Gms": "0",
    "K": "20",
    "RatingMonth": "SEP25",
    "B-day": "0",
    "Flag": "wi"
  },
  {
    "ID Number": "11304758",
    "Name": "Motshabi, Boikobo",
    "Fed": "BOT",
    "Sex": "M",
    "Title": "",
    "WTit": "",
    "OTit": "",
    "Rating": "1817",
    "Gms": "0",
    "K": "20",
    "RatingMonth": "SEP25",
    "B-day": "0",
    "Flag": "i"
  },
  {
    "ID Number": "11301457",
    "Name": "Motshabi, Dave Thabo",
    "Fed": "BOT",
    "Sex": "M",
    "Title": "",
    "WTit": "",
    "OTit": "",
    "Rating": "1819",
    "Gms": "0",
    "K": "20",
    "RatingMonth": "SEP25",
    "B-day": "1981",
    "Flag": "i"
  },
  {
    "ID Number": "11309393",
    "Name": "Motshusi, Nchidzi",
    "Fed": "BOT",
    "Sex": "F",
    "Title": "",
    "WTit": "",
    "OTit": "",
    "Rating": "1738",
    "Gms": "0",
    "K": "20",
    "RatingMonth": "SEP25",
    "B-day": "1998",
    "Flag": "wi"
  },
  {
    "ID Number": "11302097",
    "Name": "Mozeu, Jacob",
    "Fed": "BOT",
    "Sex": "M",
    "Title": "",
    "WTit": "",
    "OTit": "",
    "Rating": "1940",
    "Gms": "0",
    "K": "20",
    "RatingMonth": "SEP25",
    "B-day": "0",
    "Flag": "i"
  },
  {
    "ID Number": "11313498",
    "Name": "Mpene Thuto",
    "Fed": "BOT",
    "Sex": "M",
    "Title": "CM",
    "WTit": "",
    "OTit": "",
    "Rating": "1832",
    "Gms": "0",
    "K": "40",
    "RatingMonth": "SEP25",
    "B-day": "2008",
    "Flag": ""
  },
  {
    "ID Number": "11321415",
    "Name": "Mpho Nchini",
    "Fed": "BOT",
    "Sex": "M",
    "Title": "",
    "WTit": "NA",
    "OTit": "",
    "Rating": "1591",
    "Gms": "0",
    "K": "20",
    "RatingMonth": "SEP25",
    "B-day": "2003",
    "Flag": "i"
  },
  {
    "ID Number": "11300426",
    "Name": "Mpuisang, Alex B",
    "Fed": "BOT",
    "Sex": "M",
    "Title": "",
    "WTit": "",
    "OTit": "",
    "Rating": "1828",
    "Gms": "0",
    "K": "20",
    "RatingMonth": "SEP25",
    "B-day": "1978",
    "Flag": "i"
  },
  {
    "ID Number": "11317884",
    "Name": "Munyere Mmillili",
    "Fed": "BOT",
    "Sex": "M",
    "Title": "",
    "WTit": "",
    "OTit": "",
    "Rating": "1416",
    "Gms": "0",
    "K": "40",
    "RatingMonth": "SEP25",
    "B-day": "2009",
    "Flag": "i"
  },
  {
    "ID Number": "11317981",
    "Name": "Munyere Musa",
    "Fed": "BOT",
    "Sex": "M",
    "Title": "",
    "WTit": "",
    "OTit": "",
    "Rating": "1710",
    "Gms": "0",
    "K": "40",
    "RatingMonth": "SEP25",
    "B-day": "2006",
    "Flag": "i"
  },
  {
    "ID Number": "11302976",
    "Name": "Musekiwa, Michael",
    "Fed": "BOT",
    "Sex": "M",
    "Title": "",
    "WTit": "",
    "OTit": "",
    "Rating": "1941",
    "Gms": "0",
    "K": "20",
    "RatingMonth": "SEP25",
    "B-day": "0",
    "Flag": "i"
  },
  {
    "ID Number": "11301465",
    "Name": "Muzeu, Jacob",
    "Fed": "BOT",
    "Sex": "M",
    "Title": "",
    "WTit": "",
    "OTit": "",
    "Rating": "1797",
    "Gms": "0",
    "K": "20",
    "RatingMonth": "SEP25",
    "B-day": "0",
    "Flag": "i"
  },
  {
    "ID Number": "11320982",
    "Name": "Nalamalpu Eesha Reddy",
    "Fed": "BOT",
    "Sex": "F",
    "Title": "",
    "WTit": "",
    "OTit": "",
    "Rating": "1504",
    "Gms": "0",
    "K": "40",
    "RatingMonth": "SEP25",
    "B-day": "2011",
    "Flag": "wi"
  },
  {
    "ID Number": "11303360",
    "Name": "Ndaba, Gakologelwang",
    "Fed": "BOT",
    "Sex": "M",
    "Title": "",
    "WTit": "",
    "OTit": "",
    "Rating": "1867",
    "Gms": "0",
    "K": "20",
    "RatingMonth": "SEP25",
    "B-day": "0",
    "Flag": "i"
  },
  {
    "ID Number": "11308001",
    "Name": "Ndachipiwa, Kgomotso",
    "Fed": "BOT",
    "Sex": "F",
    "Title": "",
    "WTit": "",
    "OTit": "",
    "Rating": "1751",
    "Gms": "0",
    "K": "20",
    "RatingMonth": "SEP25",
    "B-day": "1994",
    "Flag": "wi"
  },
  {
    "ID Number": "11306300",
    "Name": "Ngakane, Advocate",
    "Fed": "BOT",
    "Sex": "M",
    "Title": "",
    "WTit": "",
    "OTit": "",
    "Rating": "1688",
    "Gms": "0",
    "K": "20",
    "RatingMonth": "SEP25",
    "B-day": "0",
    "Flag": "i"
  },
  {
    "ID Number": "11304782",
    "Name": "Ngandwe, Uyapo",
    "Fed": "BOT",
    "Sex": "M",
    "Title": "",
    "WTit": "",
    "OTit": "",
    "Rating": "1830",
    "Gms": "0",
    "K": "20",
    "RatingMonth": "SEP25",
    "B-day": "0",
    "Flag": "i"
  },
  {
    "ID Number": "11319259",
    "Name": "Ngwato Theresa",
    "Fed": "BOT",
    "Sex": "F",
    "Title": "",
    "WTit": "",
    "OTit": "",
    "Rating": "1470",
    "Gms": "0",
    "K": "20",
    "RatingMonth": "SEP25",
    "B-day": "2003",
    "Flag": "wi"
  },
  {
    "ID Number": "11300132",
    "Name": "Njobvu, Ignatius",
    "Fed": "BOT",
    "Sex": "M",
    "Title": "FM",
    "WTit": "",
    "OTit": "",
    "Rating": "2218",
    "Gms": "0",
    "K": "20",
    "RatingMonth": "SEP25",
    "B-day": "1981",
    "Flag": "i"
  },
  {
    "ID Number": "11324333",
    "Name": "Nophaus Sole",
    "Fed": "BOT",
    "Sex": "M",
    "Title": "",
    "WTit": "",
    "OTit": "",
    "Rating": "1794",
    "Gms": "0",
    "K": "20",
    "RatingMonth": "SEP25",
    "B-day": "2002",
    "Flag": "i"
  },
  {
    "ID Number": "11300710",
    "Name": "Notha, Moakofi",
    "Fed": "BOT",
    "Sex": "M",
    "Title": "CM",
    "WTit": "",
    "OTit": "",
    "Rating": "2096",
    "Gms": "0",
    "K": "20",
    "RatingMonth": "SEP25",
    "B-day": "1984",
    "Flag": "i"
  },
  {
    "ID Number": "11315903",
    "Name": "Nsununguli Dan",
    "Fed": "BOT",
    "Sex": "M",
    "Title": "",
    "WTit": "",
    "OTit": "",
    "Rating": "1732",
    "Gms": "0",
    "K": "20",
    "RatingMonth": "SEP25",
    "B-day": "2001",
    "Flag": "i"
  },
  {
    "ID Number": "11300604",
    "Name": "Nthite, Rosa",
    "Fed": "BOT",
    "Sex": "F",
    "Title": "",
    "WTit": "",
    "OTit": "",
    "Rating": "1722",
    "Gms": "0",
    "K": "20",
    "RatingMonth": "SEP25",
    "B-day": "1995",
    "Flag": "wi"
  },
  {
    "ID Number": "11314630",
    "Name": "Nyaladzani Kebeetswe",
    "Fed": "BOT",
    "Sex": "M",
    "Title": "",
    "WTit": "",
    "OTit": "",
    "Rating": "1739",
    "Gms": "0",
    "K": "20",
    "RatingMonth": "SEP25",
    "B-day": "1992",
    "Flag": "i"
  },
  {
    "ID Number": "11318953",
    "Name": "Oabile Romeo",
    "Fed": "BOT",
    "Sex": "M",
    "Title": "",
    "WTit": "",
    "OTit": "",
    "Rating": "1566",
    "Gms": "0",
    "K": "40",
    "RatingMonth": "SEP25",
    "B-day": "2008",
    "Flag": "i"
  },
  {
    "ID Number": "11300507",
    "Name": "Oatlhotse, Providence",
    "Fed": "BOT",
    "Sex": "M",
    "Title": "IM",
    "WTit": "NI",
    "OTit": "",
    "Rating": "2200",
    "Gms": "0",
    "K": "20",
    "RatingMonth": "SEP25",
    "B-day": "1985",
    "Flag": "i"
  },
  {
    "ID Number": "11317159",
    "Name": "Obakeng Seabonyane",
    "Fed": "BOT",
    "Sex": "M",
    "Title": "",
    "WTit": "",
    "OTit": "",
    "Rating": "1721",
    "Gms": "0",
    "K": "20",
    "RatingMonth": "SEP25",
    "B-day": "1993",
    "Flag": "i"
  },
  {
    "ID Number": "11317469",
    "Name": "Ofile Masilo",
    "Fed": "BOT",
    "Sex": "M",
    "Title": "",
    "WTit": "",
    "OTit": "",
    "Rating": "1636",
    "Gms": "0",
    "K": "40",
    "RatingMonth": "SEP25",
    "B-day": "2008",
    "Flag": "i"
  },
  {
    "ID Number": "11300760",
    "Name": "Olebile, Thato",
    "Fed": "BOT",
    "Sex": "M",
    "Title": "FM",
    "WTit": "",
    "OTit": "",
    "Rating": "2123",
    "Gms": "0",
    "K": "20",
    "RatingMonth": "SEP25",
    "B-day": "1991",
    "Flag": "i"
  },
  {
    "ID Number": "11304057",
    "Name": "Olefile, Ogomoditse",
    "Fed": "BOT",
    "Sex": "F",
    "Title": "",
    "WTit": "NA",
    "OTit": "",
    "Rating": "1581",
    "Gms": "0",
    "K": "20",
    "RatingMonth": "SEP25",
    "B-day": "1994",
    "Flag": "wi"
  },
  {
    "ID Number": "11302119",
    "Name": "Olositswe, Success Elias",
    "Fed": "BOT",
    "Sex": "M",
    "Title": "",
    "WTit": "",
    "OTit": "",
    "Rating": "1920",
    "Gms": "0",
    "K": "20",
    "RatingMonth": "SEP25",
    "B-day": "0",
    "Flag": "i"
  },
  {
    "ID Number": "11315733",
    "Name": "Onalethata Molosiwa",
    "Fed": "BOT",
    "Sex": "M",
    "Title": "",
    "WTit": "",
    "OTit": "",
    "Rating": "1632",
    "Gms": "0",
    "K": "20",
    "RatingMonth": "SEP25",
    "B-day": "2001",
    "Flag": "i"
  },
  {
    "ID Number": "11322250",
    "Name": "Onalethata Ratau",
    "Fed": "BOT",
    "Sex": "M",
    "Title": "",
    "WTit": "",
    "OTit": "",
    "Rating": "1698",
    "Gms": "0",
    "K": "40",
    "RatingMonth": "SEP25",
    "B-day": "2005",
    "Flag": "i"
  },
  {
    "ID Number": "11306351",
    "Name": "Oratile, Kgotlane",
    "Fed": "BOT",
    "Sex": "M",
    "Title": "",
    "WTit": "",
    "OTit": "",
    "Rating": "1965",
    "Gms": "0",
    "K": "20",
    "RatingMonth": "SEP25",
    "B-day": "1998",
    "Flag": "i"
  },
  {
    "ID Number": "11321644",
    "Name": "Otimile Maya",
    "Fed": "BOT",
    "Sex": "F",
    "Title": "WCM",
    "WTit": "WCM",
    "OTit": "",
    "Rating": "1570",
    "Gms": "0",
    "K": "40",
    "RatingMonth": "SEP25",
    "B-day": "2010",
    "Flag": "wi"
  },
  {
    "ID Number": "11314370",
    "Name": "Otimile Michelle Larona",
    "Fed": "BOT",
    "Sex": "F",
    "Title": "",
    "WTit": "",
    "OTit": "",
    "Rating": "1461",
    "Gms": "0",
    "K": "20",
    "RatingMonth": "SEP25",
    "B-day": "2002",
    "Flag": "wi"
  },
  {
    "ID Number": "11313030",
    "Name": "Otisitswe K Ruth",
    "Fed": "BOT",
    "Sex": "M",
    "Title": "",
    "WTit": "",
    "OTit": "",
    "Rating": "1515",
    "Gms": "0",
    "K": "20",
    "RatingMonth": "SEP25",
    "B-day": "2004",
    "Flag": "i"
  },
  {
    "ID Number": "11313978",
    "Name": "Otisitswe Ruth",
    "Fed": "BOT",
    "Sex": "F",
    "Title": "",
    "WTit": "",
    "OTit": "",
    "Rating": "1756",
    "Gms": "0",
    "K": "20",
    "RatingMonth": "SEP25",
    "B-day": "2004",
    "Flag": "wi"
  },
  {
    "ID Number": "11321253",
    "Name": "Pako Nkgabane",
    "Fed": "BOT",
    "Sex": "M",
    "Title": "",
    "WTit": "",
    "OTit": "",
    "Rating": "1727",
    "Gms": "0",
    "K": "20",
    "RatingMonth": "SEP25",
    "B-day": "1993",
    "Flag": "i"
  },
  {
    "ID Number": "11302135",
    "Name": "Phakedi, Themba",
    "Fed": "BOT",
    "Sex": "M",
    "Title": "",
    "WTit": "",
    "OTit": "",
    "Rating": "1825",
    "Gms": "0",
    "K": "20",
    "RatingMonth": "SEP25",
    "B-day": "0",
    "Flag": "i"
  },
  {
    "ID Number": "11305835",
    "Name": "Phaladze, Mbati",
    "Fed": "BOT",
    "Sex": "M",
    "Title": "",
    "WTit": "",
    "OTit": "",
    "Rating": "1893",
    "Gms": "0",
    "K": "20",
    "RatingMonth": "SEP25",
    "B-day": "1994",
    "Flag": "i"
  },
  {
    "ID Number": "11306874",
    "Name": "Phetogo, Malete",
    "Fed": "BOT",
    "Sex": "M",
    "Title": "",
    "WTit": "",
    "OTit": "",
    "Rating": "1944",
    "Gms": "0",
    "K": "20",
    "RatingMonth": "SEP25",
    "B-day": "0",
    "Flag": "i"
  },
  {
    "ID Number": "11316179",
    "Name": "Phunyuka Oaitse",
    "Fed": "BOT",
    "Sex": "M",
    "Title": "",
    "WTit": "NI,NI",
    "OTit": "",
    "Rating": "1647",
    "Gms": "0",
    "K": "20",
    "RatingMonth": "SEP25",
    "B-day": "1981",
    "Flag": "i"
  },
  {
    "ID Number": "11322055",
    "Name": "Pilara Pilara",
    "Fed": "BOT",
    "Sex": "M",
    "Title": "",
    "WTit": "",
    "OTit": "",
    "Rating": "1597",
    "Gms": "0",
    "K": "40",
    "RatingMonth": "SEP25",
    "B-day": "2010",
    "Flag": "i"
  },
  {
    "ID Number": "11300272",
    "Name": "Pitlagano, Tebogo",
    "Fed": "BOT",
    "Sex": "M",
    "Title": "CM",
    "WTit": "",
    "OTit": "",
    "Rating": "2083",
    "Gms": "0",
    "K": "20",
    "RatingMonth": "SEP25",
    "B-day": "1980",
    "Flag": "i"
  },
  {
    "ID Number": "11312734",
    "Name": "Pitso Refilwe",
    "Fed": "BOT",
    "Sex": "F",
    "Title": "WCM",
    "WTit": "WCM",
    "OTit": "",
    "Rating": "1800",
    "Gms": "0",
    "K": "40",
    "RatingMonth": "SEP25",
    "B-day": "2005",
    "Flag": "wi"
  },
  {
    "ID Number": "11324317",
    "Name": "Polly Moesi",
    "Fed": "BOT",
    "Sex": "F",
    "Title": "",
    "WTit": "",
    "OTit": "",
    "Rating": "1474",
    "Gms": "0",
    "K": "40",
    "RatingMonth": "SEP25",
    "B-day": "2007",
    "Flag": "wi"
  },
  {
    "ID Number": "11315865",
    "Name": "Professor Moilwa",
    "Fed": "BOT",
    "Sex": "M",
    "Title": "",
    "WTit": "",
    "OTit": "",
    "Rating": "1590",
    "Gms": "0",
    "K": "20",
    "RatingMonth": "SEP25",
    "B-day": "2000",
    "Flag": "i"
  },
  {
    "ID Number": "11304871",
    "Name": "Pule , Frank",
    "Fed": "BOT",
    "Sex": "M",
    "Title": "",
    "WTit": "",
    "OTit": "",
    "Rating": "1825",
    "Gms": "0",
    "K": "20",
    "RatingMonth": "SEP25",
    "B-day": "0",
    "Flag": "i"
  },
  {
    "ID Number": "11309148",
    "Name": "Pule, Casey",
    "Fed": "BOT",
    "Sex": "M",
    "Title": "",
    "WTit": "",
    "OTit": "",
    "Rating": "1677",
    "Gms": "0",
    "K": "20",
    "RatingMonth": "SEP25",
    "B-day": "0",
    "Flag": "i"
  },
  {
    "ID Number": "11301872",
    "Name": "Pule, Rametse",
    "Fed": "BOT",
    "Sex": "M",
    "Title": "",
    "WTit": "",
    "OTit": "",
    "Rating": "1809",
    "Gms": "0",
    "K": "20",
    "RatingMonth": "SEP25",
    "B-day": "0",
    "Flag": "i"
  },
  {
    "ID Number": "11301597",
    "Name": "Radikoro, Boitumelo",
    "Fed": "BOT",
    "Sex": "F",
    "Title": "",
    "WTit": "",
    "OTit": "",
    "Rating": "1715",
    "Gms": "0",
    "K": "20",
    "RatingMonth": "SEP25",
    "B-day": "1992",
    "Flag": "wi"
  },
  {
    "ID Number": "11314230",
    "Name": "Rakonche Obonolo",
    "Fed": "BOT",
    "Sex": "M",
    "Title": "",
    "WTit": "",
    "OTit": "",
    "Rating": "1741",
    "Gms": "0",
    "K": "20",
    "RatingMonth": "SEP25",
    "B-day": "1986",
    "Flag": "i"
  },
  {
    "ID Number": "11319178",
    "Name": "Ramaselwane Mpho",
    "Fed": "BOT",
    "Sex": "F",
    "Title": "",
    "WTit": "NA",
    "OTit": "",
    "Rating": "1498",
    "Gms": "0",
    "K": "20",
    "RatingMonth": "SEP25",
    "B-day": "2001",
    "Flag": "wi"
  },
  {
    "ID Number": "11322756",
    "Name": "Ramoselwane Mpho",
    "Fed": "BOT",
    "Sex": "F",
    "Title": "",
    "WTit": "",
    "OTit": "",
    "Rating": "1441",
    "Gms": "0",
    "K": "40",
    "RatingMonth": "SEP25",
    "B-day": "2005",
    "Flag": "wi"
  },
  {
    "ID Number": "11304901",
    "Name": "Ramothala, Mosimanegape",
    "Fed": "BOT",
    "Sex": "M",
    "Title": "",
    "WTit": "",
    "OTit": "",
    "Rating": "1713",
    "Gms": "0",
    "K": "20",
    "RatingMonth": "SEP25",
    "B-day": "0",
    "Flag": "i"
  },
  {
    "ID Number": "11301481",
    "Name": "Rasesia, Lewis",
    "Fed": "BOT",
    "Sex": "M",
    "Title": "",
    "WTit": "",
    "OTit": "",
    "Rating": "1909",
    "Gms": "0",
    "K": "20",
    "RatingMonth": "SEP25",
    "B-day": "0",
    "Flag": "i"
  },
  {
    "ID Number": "11318309",
    "Name": "Raymond Maretlwaneng",
    "Fed": "BOT",
    "Sex": "M",
    "Title": "",
    "WTit": "",
    "OTit": "",
    "Rating": "1716",
    "Gms": "0",
    "K": "40",
    "RatingMonth": "SEP25",
    "B-day": "2006",
    "Flag": "i"
  },
  {
    "ID Number": "11301503",
    "Name": "Rebatenne, Boitshepo",
    "Fed": "BOT",
    "Sex": "F",
    "Title": "",
    "WTit": "",
    "OTit": "",
    "Rating": "1754",
    "Gms": "0",
    "K": "20",
    "RatingMonth": "SEP25",
    "B-day": "1990",
    "Flag": "wi"
  },
  {
    "ID Number": "11304944",
    "Name": "Rebatenne, Innocent",
    "Fed": "BOT",
    "Sex": "M",
    "Title": "",
    "WTit": "",
    "OTit": "",
    "Rating": "1769",
    "Gms": "0",
    "K": "20",
    "RatingMonth": "SEP25",
    "B-day": "0",
    "Flag": "i"
  },
  {
    "ID Number": "11324112",
    "Name": "Rethabile Seleke",
    "Fed": "BOT",
    "Sex": "M",
    "Title": "",
    "WTit": "",
    "OTit": "",
    "Rating": "1544",
    "Gms": "0",
    "K": "40",
    "RatingMonth": "SEP25",
    "B-day": "2009",
    "Flag": "i"
  },
  {
    "ID Number": "11314265",
    "Name": "Richard Thabo",
    "Fed": "BOT",
    "Sex": "M",
    "Title": "",
    "WTit": "",
    "OTit": "",
    "Rating": "1697",
    "Gms": "0",
    "K": "20",
    "RatingMonth": "SEP25",
    "B-day": "1998",
    "Flag": "i"
  },
  {
    "ID Number": "11327227",
    "Name": "Robert Luther",
    "Fed": "BOT",
    "Sex": "M",
    "Title": "",
    "WTit": "",
    "OTit": "",
    "Rating": "1630",
    "Gms": "0",
    "K": "20",
    "RatingMonth": "SEP25",
    "B-day": "2000",
    "Flag": "i"
  },
  {
    "ID Number": "11317000",
    "Name": "Robert Machara",
    "Fed": "BOT",
    "Sex": "M",
    "Title": "",
    "WTit": "",
    "OTit": "",
    "Rating": "1549",
    "Gms": "0",
    "K": "20",
    "RatingMonth": "SEP25",
    "B-day": "1993",
    "Flag": "i"
  },
  {
    "ID Number": "11321962",
    "Name": "Rodney Lefika Monene",
    "Fed": "BOT",
    "Sex": "M",
    "Title": "",
    "WTit": "",
    "OTit": "",
    "Rating": "1585",
    "Gms": "0",
    "K": "40",
    "RatingMonth": "SEP25",
    "B-day": "2011",
    "Flag": "i"
  },
  {
    "ID Number": "11301120",
    "Name": "Rongwane, Gomolemo",
    "Fed": "BOT",
    "Sex": "M",
    "Title": "FM",
    "WTit": "",
    "OTit": "",
    "Rating": "2143",
    "Gms": "0",
    "K": "20",
    "RatingMonth": "SEP25",
    "B-day": "1989",
    "Flag": "i"
  },
  {
    "ID Number": "11316403",
    "Name": "Sabure Tefo",
    "Fed": "BOT",
    "Sex": "M",
    "Title": "",
    "WTit": "NA",
    "OTit": "",
    "Rating": "1752",
    "Gms": "0",
    "K": "20",
    "RatingMonth": "SEP25",
    "B-day": "2003",
    "Flag": "i"
  },
  {
    "ID Number": "11300124",
    "Name": "Sabure, Bojosi",
    "Fed": "BOT",
    "Sex": "M",
    "Title": "CM",
    "WTit": "",
    "OTit": "",
    "Rating": "1956",
    "Gms": "0",
    "K": "20",
    "RatingMonth": "SEP25",
    "B-day": "1987",
    "Flag": "i"
  },
  {
    "ID Number": "11301147",
    "Name": "Sabure, Odirile",
    "Fed": "BOT",
    "Sex": "M",
    "Title": "",
    "WTit": "",
    "OTit": "",
    "Rating": "1797",
    "Gms": "0",
    "K": "20",
    "RatingMonth": "SEP25",
    "B-day": "0",
    "Flag": "i"
  },
  {
    "ID Number": "11300701",
    "Name": "Sabure, Ontiretse",
    "Fed": "BOT",
    "Sex": "F",
    "Title": "WCM",
    "WTit": "WCM",
    "OTit": "",
    "Rating": "1795",
    "Gms": "0",
    "K": "20",
    "RatingMonth": "SEP25",
    "B-day": "1985",
    "Flag": "wi"
  },
  {
    "ID Number": "11300248",
    "Name": "Sabure, Tuduetso",
    "Fed": "BOT",
    "Sex": "F",
    "Title": "WGM",
    "WTit": "WGM",
    "OTit": "",
    "Rating": "1899",
    "Gms": "0",
    "K": "20",
    "RatingMonth": "SEP25",
    "B-day": "1982",
    "Flag": "wi"
  },
  {
    "ID Number": "11315270",
    "Name": "Sasebola Badumedi",
    "Fed": "BOT",
    "Sex": "M",
    "Title": "",
    "WTit": "",
    "OTit": "",
    "Rating": "1887",
    "Gms": "0",
    "K": "20",
    "RatingMonth": "SEP25",
    "B-day": "1997",
    "Flag": "i"
  },
  {
    "ID Number": "11305770",
    "Name": "Sasebola, Masego",
    "Fed": "BOT",
    "Sex": "F",
    "Title": "",
    "WTit": "",
    "OTit": "",
    "Rating": "1621",
    "Gms": "0",
    "K": "20",
    "RatingMonth": "SEP25",
    "B-day": "0",
    "Flag": "wi"
  },
  {
    "ID Number": "11301155",
    "Name": "Sasitharan, Abhiram",
    "Fed": "BOT",
    "Sex": "M",
    "Title": "FM",
    "WTit": "",
    "OTit": "",
    "Rating": "1912",
    "Gms": "0",
    "K": "20",
    "RatingMonth": "SEP25",
    "B-day": "1999",
    "Flag": "i"
  },
  {
    "ID Number": "11301163",
    "Name": "Seane, Tumelo",
    "Fed": "BOT",
    "Sex": "M",
    "Title": "",
    "WTit": "",
    "OTit": "",
    "Rating": "1944",
    "Gms": "0",
    "K": "20",
    "RatingMonth": "SEP25",
    "B-day": "0",
    "Flag": "i"
  },
  {
    "ID Number": "11316764",
    "Name": "sebo katle",
    "Fed": "BOT",
    "Sex": "M",
    "Title": "",
    "WTit": "",
    "OTit": "",
    "Rating": "1785",
    "Gms": "0",
    "K": "20",
    "RatingMonth": "SEP25",
    "B-day": "2001",
    "Flag": "i"
  },
  {
    "ID Number": "11301511",
    "Name": "Sebowe, Stanley",
    "Fed": "BOT",
    "Sex": "M",
    "Title": "",
    "WTit": "",
    "OTit": "",
    "Rating": "1900",
    "Gms": "0",
    "K": "20",
    "RatingMonth": "SEP25",
    "B-day": "0",
    "Flag": "i"
  },
  {
    "ID Number": "11314672",
    "Name": "Sefhemo Nametso",
    "Fed": "BOT",
    "Sex": "F",
    "Title": "",
    "WTit": "",
    "OTit": "",
    "Rating": "1652",
    "Gms": "0",
    "K": "20",
    "RatingMonth": "SEP25",
    "B-day": "1990",
    "Flag": "wi"
  },
  {
    "ID Number": "11301171",
    "Name": "Sefhore, Bolokang",
    "Fed": "BOT",
    "Sex": "M",
    "Title": "",
    "WTit": "",
    "OTit": "",
    "Rating": "1747",
    "Gms": "0",
    "K": "20",
    "RatingMonth": "SEP25",
    "B-day": "0",
    "Flag": "i"
  },
  {
    "ID Number": "11305860",
    "Name": "Seforo, Katlano",
    "Fed": "BOT",
    "Sex": "M",
    "Title": "",
    "WTit": "",
    "OTit": "",
    "Rating": "1947",
    "Gms": "0",
    "K": "20",
    "RatingMonth": "SEP25",
    "B-day": "1995",
    "Flag": "i"
  },
  {
    "ID Number": "11303670",
    "Name": "Seithamo, Kethata",
    "Fed": "BOT",
    "Sex": "M",
    "Title": "",
    "WTit": "",
    "OTit": "",
    "Rating": "1924",
    "Gms": "0",
    "K": "20",
    "RatingMonth": "SEP25",
    "B-day": "0",
    "Flag": "i"
  },
  {
    "ID Number": "11320117",
    "Name": "Selebogo Katlego",
    "Fed": "BOT",
    "Sex": "M",
    "Title": "",
    "WTit": "",
    "OTit": "",
    "Rating": "1800",
    "Gms": "0",
    "K": "20",
    "RatingMonth": "SEP25",
    "B-day": "1994",
    "Flag": "i"
  },
  {
    "ID Number": "11301295",
    "Name": "Seleka , Thatayaone",
    "Fed": "BOT",
    "Sex": "F",
    "Title": "",
    "WTit": "",
    "OTit": "",
    "Rating": "1715",
    "Gms": "0",
    "K": "20",
    "RatingMonth": "SEP25",
    "B-day": "1992",
    "Flag": "wi"
  },
  {
    "ID Number": "11316756",
    "Name": "Seleke Neo",
    "Fed": "BOT",
    "Sex": "M",
    "Title": "",
    "WTit": "",
    "OTit": "",
    "Rating": "1676",
    "Gms": "0",
    "K": "20",
    "RatingMonth": "SEP25",
    "B-day": "2001",
    "Flag": "i"
  },
  {
    "ID Number": "11302291",
    "Name": "Selemogwe, Lesego",
    "Fed": "BOT",
    "Sex": "M",
    "Title": "",
    "WTit": "",
    "OTit": "",
    "Rating": "1951",
    "Gms": "0",
    "K": "20",
    "RatingMonth": "SEP25",
    "B-day": "1988",
    "Flag": "i"
  },
  {
    "ID Number": "11313870",
    "Name": "Selogelo Othata",
    "Fed": "BOT",
    "Sex": "M",
    "Title": "",
    "WTit": "",
    "OTit": "",
    "Rating": "1840",
    "Gms": "0",
    "K": "20",
    "RatingMonth": "SEP25",
    "B-day": "2001",
    "Flag": "i"
  },
  {
    "ID Number": "11315520",
    "Name": "Sigwele Peo",
    "Fed": "BOT",
    "Sex": "F",
    "Title": "",
    "WTit": "",
    "OTit": "",
    "Rating": "1405",
    "Gms": "0",
    "K": "40",
    "RatingMonth": "SEP25",
    "B-day": "2009",
    "Flag": "wi"
  },
  {
    "ID Number": "11314966",
    "Name": "Simon Koheleth",
    "Fed": "BOT",
    "Sex": "M",
    "Title": "",
    "WTit": "",
    "OTit": "",
    "Rating": "1711",
    "Gms": "0",
    "K": "40",
    "RatingMonth": "SEP25",
    "B-day": "2006",
    "Flag": "i"
  },
  {
    "ID Number": "11309962",
    "Name": "Simon, Bogosi",
    "Fed": "BOT",
    "Sex": "M",
    "Title": "",
    "WTit": "",
    "OTit": "",
    "Rating": "1754",
    "Gms": "0",
    "K": "20",
    "RatingMonth": "SEP25",
    "B-day": "0",
    "Flag": "i"
  },
  {
    "ID Number": "11301546",
    "Name": "Simon, Bokamoso",
    "Fed": "BOT",
    "Sex": "M",
    "Title": "",
    "WTit": "",
    "OTit": "",
    "Rating": "1889",
    "Gms": "0",
    "K": "20",
    "RatingMonth": "SEP25",
    "B-day": "0",
    "Flag": ""
  },
  {
    "ID Number": "11301562",
    "Name": "Sinkamba, Bright",
    "Fed": "BOT",
    "Sex": "M",
    "Title": "",
    "WTit": "",
    "OTit": "",
    "Rating": "1966",
    "Gms": "0",
    "K": "20",
    "RatingMonth": "SEP25",
    "B-day": "0",
    "Flag": "i"
  },
  {
    "ID Number": "11308974",
    "Name": "Sixmonths, Prince",
    "Fed": "BOT",
    "Sex": "M",
    "Title": "",
    "WTit": "",
    "OTit": "",
    "Rating": "1623",
    "Gms": "0",
    "K": "20",
    "RatingMonth": "SEP25",
    "B-day": "0",
    "Flag": "i"
  },
  {
    "ID Number": "11326042",
    "Name": "sydney Thapelo",
    "Fed": "BOT",
    "Sex": "M",
    "Title": "",
    "WTit": "",
    "OTit": "",
    "Rating": "1788",
    "Gms": "0",
    "K": "20",
    "RatingMonth": "SEP25",
    "B-day": "1991",
    "Flag": "i"
  },
  {
    "ID Number": "11314915",
    "Name": "Tahla Gofamodimo",
    "Fed": "BOT",
    "Sex": "F",
    "Title": "",
    "WTit": "",
    "OTit": "",
    "Rating": "1502",
    "Gms": "0",
    "K": "40",
    "RatingMonth": "SEP25",
    "B-day": "2003",
    "Flag": "wi"
  },
  {
    "ID Number": "11307625",
    "Name": "Tamuhla, Londani",
    "Fed": "BOT",
    "Sex": "F",
    "Title": "WFM",
    "WTit": "WFM",
    "OTit": "",
    "Rating": "1776",
    "Gms": "0",
    "K": "20",
    "RatingMonth": "SEP25",
    "B-day": "1999",
    "Flag": "wi"
  },
  {
    "ID Number": "11301201",
    "Name": "Tangane, Goabaone",
    "Fed": "BOT",
    "Sex": "M",
    "Title": "",
    "WTit": "",
    "OTit": "",
    "Rating": "2027",
    "Gms": "0",
    "K": "20",
    "RatingMonth": "SEP25",
    "B-day": "1995",
    "Flag": "i"
  },
  {
    "ID Number": "11305037",
    "Name": "Taukobong, Gobusamang",
    "Fed": "BOT",
    "Sex": "M",
    "Title": "",
    "WTit": "",
    "OTit": "",
    "Rating": "1826",
    "Gms": "0",
    "K": "20",
    "RatingMonth": "SEP25",
    "B-day": "1995",
    "Flag": "i"
  },
  {
    "ID Number": "11314419",
    "Name": "Tebele Jaime Aobakwe",
    "Fed": "BOT",
    "Sex": "F",
    "Title": "",
    "WTit": "",
    "OTit": "",
    "Rating": "1431",
    "Gms": "0",
    "K": "40",
    "RatingMonth": "SEP25",
    "B-day": "2002",
    "Flag": "wi"
  },
  {
    "ID Number": "11323019",
    "Name": "Tefo Alefeng",
    "Fed": "BOT",
    "Sex": "M",
    "Title": "",
    "WTit": "",
    "OTit": "",
    "Rating": "1869",
    "Gms": "0",
    "K": "20",
    "RatingMonth": "SEP25",
    "B-day": "2002",
    "Flag": "i"
  },
  {
    "ID Number": "11316225",
    "Name": "Tefo Gaolebe",
    "Fed": "BOT",
    "Sex": "M",
    "Title": "",
    "WTit": "",
    "OTit": "",
    "Rating": "1675",
    "Gms": "0",
    "K": "20",
    "RatingMonth": "SEP25",
    "B-day": "2004",
    "Flag": "i"
  },
  {
    "ID Number": "11320567",
    "Name": "Thabang Phillime",
    "Fed": "BOT",
    "Sex": "M",
    "Title": "",
    "WTit": "",
    "OTit": "",
    "Rating": "1771",
    "Gms": "0",
    "K": "20",
    "RatingMonth": "SEP25",
    "B-day": "2004",
    "Flag": "i"
  },
  {
    "ID Number": "11320559",
    "Name": "Thabo Phillime",
    "Fed": "BOT",
    "Sex": "M",
    "Title": "",
    "WTit": "",
    "OTit": "",
    "Rating": "1835",
    "Gms": "0",
    "K": "20",
    "RatingMonth": "SEP25",
    "B-day": "2002",
    "Flag": "i"
  },
  {
    "ID Number": "11302089",
    "Name": "Thapelo Mothathego",
    "Fed": "BOT",
    "Sex": "M",
    "Title": "",
    "WTit": "",
    "OTit": "",
    "Rating": "1891",
    "Gms": "0",
    "K": "20",
    "RatingMonth": "SEP25",
    "B-day": "1994",
    "Flag": "i"
  },
  {
    "ID Number": "11316233",
    "Name": "Thapelo Tsebetsame",
    "Fed": "BOT",
    "Sex": "M",
    "Title": "",
    "WTit": "",
    "OTit": "",
    "Rating": "1813",
    "Gms": "0",
    "K": "40",
    "RatingMonth": "SEP25",
    "B-day": "2005",
    "Flag": "i"
  },
  {
    "ID Number": "11314273",
    "Name": "Thato Aston",
    "Fed": "BOT",
    "Sex": "M",
    "Title": "",
    "WTit": "",
    "OTit": "",
    "Rating": "1598",
    "Gms": "0",
    "K": "20",
    "RatingMonth": "SEP25",
    "B-day": "1998",
    "Flag": "i"
  },
  {
    "ID Number": "11309652",
    "Name": "Thekiso, Yaone",
    "Fed": "BOT",
    "Sex": "M",
    "Title": "",
    "WTit": "",
    "OTit": "",
    "Rating": "1960",
    "Gms": "0",
    "K": "20",
    "RatingMonth": "SEP25",
    "B-day": "0",
    "Flag": "i"
  },
  {
    "ID Number": "11314974",
    "Name": "Thembani Major",
    "Fed": "BOT",
    "Sex": "M",
    "Title": "",
    "WTit": "",
    "OTit": "",
    "Rating": "2051",
    "Gms": "0",
    "K": "20",
    "RatingMonth": "SEP25",
    "B-day": "1976",
    "Flag": "i"
  },
  {
    "ID Number": "11321270",
    "Name": "Thero Mmutle",
    "Fed": "BOT",
    "Sex": "M",
    "Title": "",
    "WTit": "",
    "OTit": "",
    "Rating": "1746",
    "Gms": "0",
    "K": "20",
    "RatingMonth": "SEP25",
    "B-day": "1993",
    "Flag": "i"
  },
  {
    "ID Number": "11305649",
    "Name": "Thokojane, Bagomotsi",
    "Fed": "BOT",
    "Sex": "M",
    "Title": "",
    "WTit": "",
    "OTit": "",
    "Rating": "1797",
    "Gms": "0",
    "K": "20",
    "RatingMonth": "SEP25",
    "B-day": "0",
    "Flag": "i"
  },
  {
    "ID Number": "11309075",
    "Name": "Thrivikraman, Madhavan",
    "Fed": "BOT",
    "Sex": "M",
    "Title": "",
    "WTit": "",
    "OTit": "",
    "Rating": "1488",
    "Gms": "0",
    "K": "40",
    "RatingMonth": "SEP25",
    "B-day": "2006",
    "Flag": "i"
  },
  {
    "ID Number": "11310138",
    "Name": "Tingwane, Mokwaledi",
    "Fed": "BOT",
    "Sex": "M",
    "Title": "",
    "WTit": "DI,FA",
    "OTit": "",
    "Rating": "1903",
    "Gms": "0",
    "K": "20",
    "RatingMonth": "SEP25",
    "B-day": "1980",
    "Flag": "i"
  },
  {
    "ID Number": "11301228",
    "Name": "Tlhomamisang, Lekhana",
    "Fed": "BOT",
    "Sex": "M",
    "Title": "",
    "WTit": "",
    "OTit": "",
    "Rating": "1851",
    "Gms": "0",
    "K": "20",
    "RatingMonth": "SEP25",
    "B-day": "1981",
    "Flag": "i"
  },
  {
    "ID Number": "11300558",
    "Name": "Tlhwaafalo, Gofaone",
    "Fed": "BOT",
    "Sex": "M",
    "Title": "",
    "WTit": "",
    "OTit": "",
    "Rating": "1893",
    "Gms": "0",
    "K": "20",
    "RatingMonth": "SEP25",
    "B-day": "1983",
    "Flag": "i"
  },
  {
    "ID Number": "11316772",
    "Name": "Toteng Lesedi",
    "Fed": "BOT",
    "Sex": "M",
    "Title": "",
    "WTit": "",
    "OTit": "",
    "Rating": "1743",
    "Gms": "0",
    "K": "20",
    "RatingMonth": "SEP25",
    "B-day": "1993",
    "Flag": "i"
  },
  {
    "ID Number": "11321458",
    "Name": "Tshiamiso Seitiso",
    "Fed": "BOT",
    "Sex": "M",
    "Title": "",
    "WTit": "",
    "OTit": "",
    "Rating": "1737",
    "Gms": "0",
    "K": "20",
    "RatingMonth": "SEP25",
    "B-day": "2003",
    "Flag": "i"
  },
  {
    "ID Number": "11327243",
    "Name": "Tshwanela Magae",
    "Fed": "BOT",
    "Sex": "M",
    "Title": "",
    "WTit": "",
    "OTit": "",
    "Rating": "1456",
    "Gms": "0",
    "K": "40",
    "RatingMonth": "SEP25",
    "B-day": "2010",
    "Flag": "i"
  },
  {
    "ID Number": "11319542",
    "Name": "Tsotlhe Madingwane",
    "Fed": "BOT",
    "Sex": "F",
    "Title": "",
    "WTit": "NA",
    "OTit": "",
    "Rating": "1529",
    "Gms": "0",
    "K": "20",
    "RatingMonth": "SEP25",
    "B-day": "2001",
    "Flag": "wi"
  },
  {
    "ID Number": "11305886",
    "Name": "Tuga, Hercules",
    "Fed": "BOT",
    "Sex": "M",
    "Title": "",
    "WTit": "",
    "OTit": "",
    "Rating": "1893",
    "Gms": "0",
    "K": "20",
    "RatingMonth": "SEP25",
    "B-day": "1994",
    "Flag": "i"
  },
  {
    "ID Number": "11322039",
    "Name": "Tumelo Modutla",
    "Fed": "BOT",
    "Sex": "M",
    "Title": "",
    "WTit": "",
    "OTit": "",
    "Rating": "1539",
    "Gms": "0",
    "K": "40",
    "RatingMonth": "SEP25",
    "B-day": "2010",
    "Flag": "i"
  },
  {
    "ID Number": "11323795",
    "Name": "Tumelo Modutlwa",
    "Fed": "BOT",
    "Sex": "M",
    "Title": "",
    "WTit": "",
    "OTit": "",
    "Rating": "1447",
    "Gms": "0",
    "K": "40",
    "RatingMonth": "SEP25",
    "B-day": "2006",
    "Flag": "i"
  },
  {
    "ID Number": "11303042",
    "Name": "Usai, Trust",
    "Fed": "BOT",
    "Sex": "M",
    "Title": "",
    "WTit": "",
    "OTit": "",
    "Rating": "1908",
    "Gms": "0",
    "K": "20",
    "RatingMonth": "SEP25",
    "B-day": "0",
    "Flag": "i"
  },
  {
    "ID Number": "11303050",
    "Name": "Vassiliadis, John",
    "Fed": "BOT",
    "Sex": "M",
    "Title": "",
    "WTit": "",
    "OTit": "",
    "Rating": "1828",
    "Gms": "0",
    "K": "20",
    "RatingMonth": "SEP25",
    "B-day": "1976",
    "Flag": "i"
  },
  {
    "ID Number": "11322551",
    "Name": "Wame Setombeko",
    "Fed": "BOT",
    "Sex": "M",
    "Title": "",
    "WTit": "",
    "OTit": "",
    "Rating": "1575",
    "Gms": "0",
    "K": "40",
    "RatingMonth": "SEP25",
    "B-day": "2005",
    "Flag": "i"
  }
]