[
  {
    "ID Number": "3102289"
  },
  {
    "ID Number": "3104265"
  },
  {
    "ID Number": "3108830"
  },
  {
    "ID Number": "3112438"
  },
  {
    "ID Number": "3109194"
  },
  {
    "ID Number": "3102726"
  },
  {
    "ID Number": "3113094"
  },
  {
    "ID Number": "3101681"
  },
  {
    "ID Number": "3100197"
  },
  {
    "ID Number": "3106373"
  },
  {
    "ID Number": "3104567"
  },
  {
    "ID Number": "3107809"
  },
  {
    "ID Number": "3100227"
  },
  {
    "ID Number": "3109852"
  },
  {
    "ID Number": "3105342"
  },
  {
    "ID Number": "3102548"
  },
  {
    "ID Number": "3111814"
  },
  {
    "ID Number": "3114074"
  },
  {
    "ID Number": "3114902"
  },
  {
    "ID Number": "3101380"
  },
  {
    "ID Number": "3110486"
  },
  {
    "ID Number": "3109577"
  },
  {
    "ID Number": "3115127"
  },
  {
    "ID Number": "3112535"
  },
  {
    "ID Number": "3107043"
  },
  {
    "ID Number": "3103641"
  },
  {
    "ID Number": "3107450"
  },
  {
    "ID Number": "3105466"
  },
  {
    "ID Number": "3111571"
  },
  {
    "ID Number": "3100928"
  },
  {
    "ID Number": "3110087"
  },
  {
    "ID Number": "3102556"
  },
  {
    "ID Number": "3112772"
  },
  {
    "ID Number": "3104753"
  },
  {
    "ID Number": "3102750"
  },
  {
    "ID Number": "3112500"
  },
  {
    "ID Number": "3109151"
  },
  {
    "ID Number": "3107051"
  },
  {
    "ID Number": "3108872"
  },
  {
    "ID Number": "3109283"
  },
  {
    "ID Number": "3101428"
  },
  {
    "ID Number": "3100243"
  },
  {
    "ID Number": "3105806"
  },
  {
    "ID Number": "3102386"
  },
  {
    "ID Number": "3108805"
  },
  {
    "ID Number": "3103927"
  },
  {
    "ID Number": "3108791"
  },
  {
    "ID Number": "3106918"
  },
  {
    "ID Number": "3108520"
  },
  {
    "ID Number": "3101894"
  },
  {
    "ID Number": "3100685"
  },
  {
    "ID Number": "3112195"
  },
  {
    "ID Number": "3101576"
  },
  {
    "ID Number": "3112560"
  },
  {
    "ID Number": "3107205"
  },
  {
    "ID Number": "3108120"
  },
  {
    "ID Number": "3101959"
  },
  {
    "ID Number": "3106519"
  },
  {
    "ID Number": "3101908"
  },
  {
    "ID Number": "3115950"
  },
  {
    "ID Number": "3102378"
  },
  {
    "ID Number": "3104150"
  },
  {
    "ID Number": "3101916"
  },
  {
    "ID Number": "3100065"
  },
  {
    "ID Number": "3108317"
  },
  {
    "ID Number": "3109143"
  },
  {
    "ID Number": "3101347"
  },
  {
    "ID Number": "3102777"
  },
  {
    "ID Number": "3109453"
  },
  {
    "ID Number": "3110117"
  },
  {
    "ID Number": "3103226"
  },
  {
    "ID Number": "3108244"
  },
  {
    "ID Number": "3105164"
  },
  {
    "ID Number": "3100715"
  },
  {
    "ID Number": "3112861"
  },
  {
    "ID Number": "3116190"
  },
  {
    "ID Number": "3110680"
  },
  {
    "ID Number": "3111733"
  },
  {
    "ID Number": "3108996"
  },
  {
    "ID Number": "2031566"
  },
  {
    "ID Number": "3100731"
  },
  {
    "ID Number": "3101134"
  },
  {
    "ID Number": "3101924"
  },
  {
    "ID Number": "3110028"
  },
  {
    "ID Number": "3102572"
  },
  {
    "ID Number": "3100286"
  },
  {
    "ID Number": "3100030"
  },
  {
    "ID Number": "3112578"
  },
  {
    "ID Number": "3102033"
  },
  {
    "ID Number": "3101665"
  },
  {
    "ID Number": "3101584"
  },
  {
    "ID Number": "3108210"
  },
  {
    "ID Number": "3108228"
  },
  {
    "ID Number": "3118878"
  },
  {
    "ID Number": "3102785"
  },
  {
    "ID Number": "3106721"
  },
  {
    "ID Number": "3106713"
  },
  {
    "ID Number": "3103790"
  },
  {
    "ID Number": "3103820"
  },
  {
    "ID Number": "3117278"
  },
  {
    "ID Number": "3101975"
  },
  {
    "ID Number": "3100642"
  },
  {
    "ID Number": "3102467"
  },
  {
    "ID Number": "3108325"
  },
  {
    "ID Number": "3104958"
  },
  {
    "ID Number": "3110249"
  },
  {
    "ID Number": "3111407"
  },
  {
    "ID Number": "3111059"
  },
  {
    "ID Number": "3101622"
  },
  {
    "ID Number": "3112705"
  },
  {
    "ID Number": "3101800"
  },
  {
    "ID Number": "3107892"
  },
  {
    "ID Number": "3101037"
  },
  {
    "ID Number": "3118428"
  },
  {
    "ID Number": "3113477"
  },
  {
    "ID Number": "3105369"
  },
  {
    "ID Number": "3112756"
  },
  {
    "ID Number": "3114406"
  },
  {
    "ID Number": "3114392"
  },
  {
    "ID Number": "3114686"
  },
  {
    "ID Number": "3101029"
  },
  {
    "ID Number": "3105172"
  },
  {
    "ID Number": "3100774"
  },
  {
    "ID Number": "3115690"
  },
  {
    "ID Number": "3106780"
  },
  {
    "ID Number": "3110389"
  },
  {
    "ID Number": "3104362"
  },
  {
    "ID Number": "3112659"
  },
  {
    "ID Number": "3118932"
  },
  {
    "ID Number": "3111555"
  },
  {
    "ID Number": "3117561"
  },
  {
    "ID Number": "3106837"
  },
  {
    "ID Number": "3104583"
  },
  {
    "ID Number": "3110788"
  },
  {
    "ID Number": "3100782"
  },
  {
    "ID Number": "3104443"
  },
  {
    "ID Number": "3118991"
  },
  {
    "ID Number": "3107477"
  },
  {
    "ID Number": "3105334"
  },
  {
    "ID Number": "3101126"
  },
  {
    "ID Number": "3108716"
  },
  {
    "ID Number": "3107299"
  },
  {
    "ID Number": "3116557"
  },
  {
    "ID Number": "3115224"
  },
  {
    "ID Number": "3105245"
  },
  {
    "ID Number": "3107574"
  },
  {
    "ID Number": "3108570"
  },
  {
    "ID Number": "3109356"
  },
  {
    "ID Number": "3102009"
  },
  {
    "ID Number": "3104133"
  },
  {
    "ID Number": "3107582"
  },
  {
    "ID Number": "3105873"
  },
  {
    "ID Number": "3107426"
  },
  {
    "ID Number": "3104257"
  },
  {
    "ID Number": "3101010"
  },
  {
    "ID Number": "3107302"
  },
  {
    "ID Number": "3100260"
  },
  {
    "ID Number": "3106772"
  },
  {
    "ID Number": "3100316"
  },
  {
    "ID Number": "3101401"
  },
  {
    "ID Number": "3110141"
  },
  {
    "ID Number": "3102050"
  },
  {
    "ID Number": "3105180"
  },
  {
    "ID Number": "3101703"
  },
  {
    "ID Number": "3102173"
  },
  {
    "ID Number": "3117421"
  },
  {
    "ID Number": "3110800"
  },
  {
    "ID Number": "3103048"
  },
  {
    "ID Number": "3107310"
  },
  {
    "ID Number": "3109380"
  },
  {
    "ID Number": "3109399"
  },
  {
    "ID Number": "3112799"
  },
  {
    "ID Number": "3100340"
  },
  {
    "ID Number": "3109437"
  },
  {
    "ID Number": "3109976"
  },
  {
    "ID Number": "3113973"
  },
  {
    "ID Number": "3110958"
  },
  {
    "ID Number": "3105199"
  },
  {
    "ID Number": "3108937"
  },
  {
    "ID Number": "3106381"
  },
  {
    "ID Number": "3112586"
  },
  {
    "ID Number": "3103510"
  },
  {
    "ID Number": "3110400"
  },
  {
    "ID Number": "3106926"
  },
  {
    "ID Number": "3111784"
  },
  {
    "ID Number": "3111180"
  },
  {
    "ID Number": "3112594"
  },
  {
    "ID Number": "3104672"
  },
  {
    "ID Number": "3103366"
  },
  {
    "ID Number": "3112357"
  },
  {
    "ID Number": "3112489"
  },
  {
    "ID Number": "3112470"
  },
  {
    "ID Number": "3105920"
  },
  {
    "ID Number": "3110850"
  },
  {
    "ID Number": "3109755"
  },
  {
    "ID Number": "3113035"
  },
  {
    "ID Number": "3109801"
  },
  {
    "ID Number": "3101762"
  },
  {
    "ID Number": "3106675"
  },
  {
    "ID Number": "3103447"
  },
  {
    "ID Number": "3102483"
  },
  {
    "ID Number": "3112845"
  },
  {
    "ID Number": "3100472"
  },
  {
    "ID Number": "3109682"
  },
  {
    "ID Number": "3109690"
  },
  {
    "ID Number": "3104516"
  },
  {
    "ID Number": "3105601"
  },
  {
    "ID Number": "3105962"
  },
  {
    "ID Number": "3111628"
  },
  {
    "ID Number": "6424643"
  },
  {
    "ID Number": "3101789"
  },
  {
    "ID Number": "3104273"
  },
  {
    "ID Number": "3100464"
  },
  {
    "ID Number": "3112446"
  },
  {
    "ID Number": "3101177"
  },
  {
    "ID Number": "3109402"
  },
  {
    "ID Number": "3103595"
  },
  {
    "ID Number": "3110818"
  },
  {
    "ID Number": "3110877"
  },
  {
    "ID Number": "3109810"
  },
  {
    "ID Number": "3108180"
  },
  {
    "ID Number": "3109640"
  },
  {
    "ID Number": "3103889"
  },
  {
    "ID Number": "3102971"
  },
  {
    "ID Number": "3104176"
  },
  {
    "ID Number": "3112110"
  },
  {
    "ID Number": "3111440"
  },
  {
    "ID Number": "3113540"
  },
  {
    "ID Number": "3104230"
  },
  {
    "ID Number": "3102327"
  },
  {
    "ID Number": "3100898"
  },
  {
    "ID Number": "3116239"
  },
  {
    "ID Number": "3114791"
  },
  {
    "ID Number": "3106810"
  },
  {
    "ID Number": "3104079"
  },
  {
    "ID Number": "3101312"
  },
  {
    "ID Number": "3108678"
  },
  {
    "ID Number": "3109240"
  },
  {
    "ID Number": "3106756"
  },
  {
    "ID Number": "3109720"
  },
  {
    "ID Number": "3104141"
  },
  {
    "ID Number": "3114139"
  },
  {
    "ID Number": "3107442"
  },
  {
    "ID Number": "3108171"
  },
  {
    "ID Number": "3110036"
  },
  {
    "ID Number": "3107116"
  },
  {
    "ID Number": "3100189"
  },
  {
    "ID Number": "3105261"
  },
  {
    "ID Number": "3100090"
  },
  {
    "ID Number": "3111881"
  },
  {
    "ID Number": "3106306"
  },
  {
    "ID Number": "3102424"
  },
  {
    "ID Number": "3109364"
  },
  {
    "ID Number": "3113914"
  },
  {
    "ID Number": "3100863"
  },
  {
    "ID Number": "3108040"
  },
  {
    "ID Number": "3100294"
  },
  {
    "ID Number": "3116000"
  },
  {
    "ID Number": "3107671"
  },
  {
    "ID Number": "3107710"
  },
  {
    "ID Number": "3100871"
  },
  {
    "ID Number": "3100022"
  },
  {
    "ID Number": "3100170"
  },
  {
    "ID Number": "3104095"
  },
  {
    "ID Number": "3102254"
  },
  {
    "ID Number": "3107787"
  },
  {
    "ID Number": "3105202"
  },
  {
    "ID Number": "3101304"
  },
  {
    "ID Number": "3100430"
  },
  {
    "ID Number": "3114856"
  },
  {
    "ID Number": "3112675"
  },
  {
    "ID Number": "3107949"
  },
  {
    "ID Number": "3110770"
  },
  {
    "ID Number": "3103528"
  },
  {
    "ID Number": "3102238"
  },
  {
    "ID Number": "3112055"
  },
  {
    "ID Number": "3111482"
  },
  {
    "ID Number": "3103188"
  },
  {
    "ID Number": "3115305"
  },
  {
    "ID Number": "3105520"
  },
  {
    "ID Number": "3111660"
  },
  {
    "ID Number": "3100650"
  },
  {
    "ID Number": "3111164"
  },
  {
    "ID Number": "3105067"
  },
  {
    "ID Number": "3111717"
  },
  {
    "ID Number": "3107655"
  },
  {
    "ID Number": "3110982"
  },
  {
    "ID Number": "3107728"
  },
  {
    "ID Number": "3101193"
  },
  {
    "ID Number": "3113450"
  },
  {
    "ID Number": "3101851"
  },
  {
    "ID Number": "4401328"
  },
  {
    "ID Number": "3105423"
  },
  {
    "ID Number": "3105474"
  },
  {
    "ID Number": "3111679"
  },
  {
    "ID Number": "3111644"
  },
  {
    "ID Number": "3105326"
  },
  {
    "ID Number": "3103714"
  },
  {
    "ID Number": "3108490"
  },
  {
    "ID Number": "3105598"
  },
  {
    "ID Number": "3104435"
  },
  {
    "ID Number": "3101460"
  }
]