[
  {
    "ID Number": "3102289",
    "Name": "Acevedo Candelaria, Eduardo",
    "Fed": "PUR",
    "Sex": "M",
    "Title": "",
    "WTit": "",
    "OTit": "",
    "FOA": "1781",
    "Rating": "AUG25",
    "Gms": "0",
    "K": "20",
    "B-day": "1992",
    "Flag": "i"
  },
  {
    "ID Number": "3104265",
    "Name": "Acevedo Harrison, Jose E.",
    "Fed": "PUR",
    "Sex": "M",
    "Title": "",
    "WTit": "",
    "OTit": "",
    "FOA": "1886",
    "Rating": "AUG25",
    "Gms": "0",
    "K": "20",
    "B-day": "1997",
    "Flag": "i"
  },
  {
    "ID Number": "3108830",
    "Name": "Acevedo Lopez, Angel A.",
    "Fed": "PUR",
    "Sex": "M",
    "Title": "",
    "WTit": "",
    "OTit": "",
    "FOA": "1465",
    "Rating": "AUG25",
    "Gms": "0",
    "K": "40",
    "B-day": "1988",
    "Flag": ""
  },
  {
    "ID Number": "3112438",
    "Name": "Agosto Lopez, Yassell",
    "Fed": "PUR",
    "Sex": "M",
    "Title": "",
    "WTit": "",
    "OTit": "",
    "FOA": "1737",
    "Rating": "AUG25",
    "Gms": "3",
    "K": "40",
    "B-day": "2009",
    "Flag": ""
  },
  {
    "ID Number": "3109194",
    "Name": "Aguayo Santos, Francisco J.",
    "Fed": "PUR",
    "Sex": "M",
    "Title": "",
    "WTit": "",
    "OTit": "",
    "FOA": "1618",
    "Rating": "AUG25",
    "Gms": "0",
    "K": "20",
    "B-day": "2000",
    "Flag": "i"
  },
  {
    "ID Number": "3102726",
    "Name": "Alamo Rivera, Ansell",
    "Fed": "PUR",
    "Sex": "M",
    "Title": "",
    "WTit": "",
    "OTit": "",
    "FOA": "1866",
    "Rating": "AUG25",
    "Gms": "0",
    "K": "20",
    "B-day": "1995",
    "Flag": "i"
  },
  {
    "ID Number": "3113094",
    "Name": "Albarran Torres, Hector",
    "Fed": "PUR",
    "Sex": "M",
    "Title": "",
    "WTit": "",
    "OTit": "",
    "FOA": "1634",
    "Rating": "AUG25",
    "Gms": "0",
    "K": "40",
    "B-day": "2006",
    "Flag": ""
  },
  {
    "ID Number": "3101681",
    "Name": "Allen Medina, Josue",
    "Fed": "PUR",
    "Sex": "M",
    "Title": "",
    "WTit": "",
    "OTit": "",
    "FOA": "1901",
    "Rating": "AUG25",
    "Gms": "0",
    "K": "20",
    "B-day": "1987",
    "Flag": "i"
  },
  {
    "ID Number": "3100197",
    "Name": "Almedina Ortiz, Edgardo J.",
    "Fed": "PUR",
    "Sex": "M",
    "Title": "FM",
    "WTit": "",
    "OTit": "",
    "FOA": "2102",
    "Rating": "AUG25",
    "Gms": "0",
    "K": "20",
    "B-day": "1988",
    "Flag": ""
  },
  {
    "ID Number": "3106373",
    "Name": "Alvarado Perez, Coralys M.",
    "Fed": "PUR",
    "Sex": "F",
    "Title": "WCM",
    "WTit": "WCM",
    "OTit": "",
    "FOA": "1733",
    "Rating": "AUG25",
    "Gms": "0",
    "K": "20",
    "B-day": "2002",
    "Flag": "w"
  },
  {
    "ID Number": "3104567",
    "Name": "Alvarez Tapia, Wilfredo",
    "Fed": "PUR",
    "Sex": "M",
    "Title": "",
    "WTit": "",
    "OTit": "",
    "FOA": "1632",
    "Rating": "AUG25",
    "Gms": "0",
    "K": "40",
    "B-day": "1953",
    "Flag": ""
  },
  {
    "ID Number": "3107809",
    "Name": "Amrud Rolon, Chane",
    "Fed": "PUR",
    "Sex": "M",
    "Title": "",
    "WTit": "",
    "OTit": "",
    "FOA": "1490",
    "Rating": "AUG25",
    "Gms": "0",
    "K": "40",
    "B-day": "2010",
    "Flag": ""
  },
  {
    "ID Number": "3100227",
    "Name": "Aneses Bocanegra, Omar",
    "Fed": "PUR",
    "Sex": "M",
    "Title": "",
    "WTit": "",
    "OTit": "",
    "FOA": "1982",
    "Rating": "AUG25",
    "Gms": "0",
    "K": "20",
    "B-day": "1970",
    "Flag": "i"
  },
  {
    "ID Number": "3109852",
    "Name": "Aponte Torres, Diego J.",
    "Fed": "PUR",
    "Sex": "M",
    "Title": "",
    "WTit": "",
    "OTit": "",
    "FOA": "1512",
    "Rating": "AUG25",
    "Gms": "0",
    "K": "40",
    "B-day": "2009",
    "Flag": ""
  },
  {
    "ID Number": "3105342",
    "Name": "Aponte Zayas, Dylan",
    "Fed": "PUR",
    "Sex": "M",
    "Title": "",
    "WTit": "",
    "OTit": "",
    "FOA": "1730",
    "Rating": "AUG25",
    "Gms": "0",
    "K": "20",
    "B-day": "1998",
    "Flag": "i"
  },
  {
    "ID Number": "3102548",
    "Name": "Aramburu Ortiz, Luis A.",
    "Fed": "PUR",
    "Sex": "M",
    "Title": "",
    "WTit": "",
    "OTit": "",
    "FOA": "1758",
    "Rating": "AUG25",
    "Gms": "0",
    "K": "20",
    "B-day": "1994",
    "Flag": "i"
  },
  {
    "ID Number": "3111814",
    "Name": "Aranda Ponce, Alejandro",
    "Fed": "PUR",
    "Sex": "M",
    "Title": "",
    "WTit": "",
    "OTit": "",
    "FOA": "1847",
    "Rating": "AUG25",
    "Gms": "0",
    "K": "40",
    "B-day": "1999",
    "Flag": "i"
  },
  {
    "ID Number": "3114074",
    "Name": "Arbelo Montalvan, Jadiel O.",
    "Fed": "PUR",
    "Sex": "M",
    "Title": "",
    "WTit": "",
    "OTit": "",
    "FOA": "1443",
    "Rating": "AUG25",
    "Gms": "0",
    "K": "40",
    "B-day": "2009",
    "Flag": ""
  },
  {
    "ID Number": "3114902",
    "Name": "Ayala Davila, Maitreya",
    "Fed": "PUR",
    "Sex": "M",
    "Title": "",
    "WTit": "",
    "OTit": "",
    "FOA": "1590",
    "Rating": "AUG25",
    "Gms": "0",
    "K": "40",
    "B-day": "2009",
    "Flag": ""
  },
  {
    "ID Number": "3101380",
    "Name": "Ayala Sanchez, Abnel",
    "Fed": "PUR",
    "Sex": "M",
    "Title": "",
    "WTit": "",
    "OTit": "",
    "FOA": "2041",
    "Rating": "AUG25",
    "Gms": "5",
    "K": "20",
    "B-day": "1983",
    "Flag": ""
  },
  {
    "ID Number": "3110486",
    "Name": "Ayala Santiago, Joslee",
    "Fed": "PUR",
    "Sex": "M",
    "Title": "",
    "WTit": "",
    "OTit": "",
    "FOA": "1799",
    "Rating": "AUG25",
    "Gms": "0",
    "K": "40",
    "B-day": "2005",
    "Flag": "i"
  },
  {
    "ID Number": "3109577",
    "Name": "Baez Ayala, Lemuel J.",
    "Fed": "PUR",
    "Sex": "M",
    "Title": "",
    "WTit": "",
    "OTit": "",
    "FOA": "1504",
    "Rating": "AUG25",
    "Gms": "0",
    "K": "40",
    "B-day": "2007",
    "Flag": "i"
  },
  {
    "ID Number": "3115127",
    "Name": "Baez Malai, Bogdan",
    "Fed": "PUR",
    "Sex": "M",
    "Title": "",
    "WTit": "",
    "OTit": "",
    "FOA": "1692",
    "Rating": "AUG25",
    "Gms": "6",
    "K": "40",
    "B-day": "2010",
    "Flag": ""
  },
  {
    "ID Number": "3112535",
    "Name": "Baez Reyes, Jandiel J.",
    "Fed": "PUR",
    "Sex": "M",
    "Title": "",
    "WTit": "",
    "OTit": "",
    "FOA": "1586",
    "Rating": "AUG25",
    "Gms": "0",
    "K": "40",
    "B-day": "2010",
    "Flag": ""
  },
  {
    "ID Number": "3107043",
    "Name": "Baralt Campos, Jose G.",
    "Fed": "PUR",
    "Sex": "M",
    "Title": "",
    "WTit": "DI",
    "OTit": "",
    "FOA": "1741",
    "Rating": "AUG25",
    "Gms": "0",
    "K": "20",
    "B-day": "1981",
    "Flag": "i"
  },
  {
    "ID Number": "3103641",
    "Name": "Beauchamp Perez, Angel A.",
    "Fed": "PUR",
    "Sex": "M",
    "Title": "",
    "WTit": "",
    "OTit": "",
    "FOA": "1936",
    "Rating": "AUG25",
    "Gms": "0",
    "K": "20",
    "B-day": "1995",
    "Flag": "i"
  },
  {
    "ID Number": "3107450",
    "Name": "Bengoa Feliciano, Katsi M.",
    "Fed": "PUR",
    "Sex": "F",
    "Title": "",
    "WTit": "",
    "OTit": "",
    "FOA": "1534",
    "Rating": "AUG25",
    "Gms": "0",
    "K": "40",
    "B-day": "2007",
    "Flag": "wi"
  },
  {
    "ID Number": "3105466",
    "Name": "Bennazar Nin, Antonio J.",
    "Fed": "PUR",
    "Sex": "M",
    "Title": "",
    "WTit": "",
    "OTit": "",
    "FOA": "1667",
    "Rating": "AUG25",
    "Gms": "0",
    "K": "20",
    "B-day": "1982",
    "Flag": ""
  },
  {
    "ID Number": "3111571",
    "Name": "Bernier Fuentes, Adrian",
    "Fed": "PUR",
    "Sex": "M",
    "Title": "",
    "WTit": "",
    "OTit": "",
    "FOA": "1694",
    "Rating": "AUG25",
    "Gms": "0",
    "K": "40",
    "B-day": "2008",
    "Flag": ""
  },
  {
    "ID Number": "3100928",
    "Name": "Berrios Echevarria, Gabriel",
    "Fed": "PUR",
    "Sex": "M",
    "Title": "FM",
    "WTit": "",
    "OTit": "",
    "FOA": "2262",
    "Rating": "AUG25",
    "Gms": "0",
    "K": "20",
    "B-day": "1988",
    "Flag": "i"
  },
  {
    "ID Number": "3110087",
    "Name": "Berrios Gonzalez, Juan",
    "Fed": "PUR",
    "Sex": "M",
    "Title": "",
    "WTit": "NA",
    "OTit": "",
    "FOA": "1570",
    "Rating": "AUG25",
    "Gms": "0",
    "K": "20",
    "B-day": "1963",
    "Flag": ""
  },
  {
    "ID Number": "3102556",
    "Name": "Berrios Rivera, Mario",
    "Fed": "PUR",
    "Sex": "M",
    "Title": "",
    "WTit": "",
    "OTit": "",
    "FOA": "1584",
    "Rating": "AUG25",
    "Gms": "0",
    "K": "40",
    "B-day": "1990",
    "Flag": ""
  },
  {
    "ID Number": "3112772",
    "Name": "Bierd Santana, Steven",
    "Fed": "PUR",
    "Sex": "M",
    "Title": "",
    "WTit": "",
    "OTit": "",
    "FOA": "1468",
    "Rating": "AUG25",
    "Gms": "0",
    "K": "40",
    "B-day": "2014",
    "Flag": ""
  },
  {
    "ID Number": "3104753",
    "Name": "Blanco Segarra, Victor",
    "Fed": "PUR",
    "Sex": "M",
    "Title": "",
    "WTit": "",
    "OTit": "",
    "FOA": "1534",
    "Rating": "AUG25",
    "Gms": "0",
    "K": "40",
    "B-day": "1966",
    "Flag": ""
  },
  {
    "ID Number": "3102750",
    "Name": "Boggiano Pereira, Miguel A.",
    "Fed": "PUR",
    "Sex": "M",
    "Title": "CM",
    "WTit": "NA",
    "OTit": "",
    "FOA": "2006",
    "Rating": "AUG25",
    "Gms": "6",
    "K": "20",
    "B-day": "1999",
    "Flag": ""
  },
  {
    "ID Number": "3112500",
    "Name": "Bravo Rios, Elton",
    "Fed": "PUR",
    "Sex": "M",
    "Title": "",
    "WTit": "",
    "OTit": "",
    "FOA": "1610",
    "Rating": "AUG25",
    "Gms": "0",
    "K": "40",
    "B-day": "1976",
    "Flag": ""
  },
  {
    "ID Number": "3109151",
    "Name": "Breaux Mulero, Antonio",
    "Fed": "PUR",
    "Sex": "M",
    "Title": "",
    "WTit": "",
    "OTit": "",
    "FOA": "1704",
    "Rating": "AUG25",
    "Gms": "0",
    "K": "20",
    "B-day": "2004",
    "Flag": "i"
  },
  {
    "ID Number": "3107051",
    "Name": "Brito Sanchez, Pedro J.",
    "Fed": "PUR",
    "Sex": "M",
    "Title": "",
    "WTit": "NI",
    "OTit": "",
    "FOA": "1592",
    "Rating": "AUG25",
    "Gms": "0",
    "K": "20",
    "B-day": "1974",
    "Flag": "i"
  },
  {
    "ID Number": "3108872",
    "Name": "Bruno Mendoza, Alexis X.",
    "Fed": "PUR",
    "Sex": "M",
    "Title": "",
    "WTit": "",
    "OTit": "",
    "FOA": "1686",
    "Rating": "AUG25",
    "Gms": "0",
    "K": "20",
    "B-day": "1996",
    "Flag": "i"
  },
  {
    "ID Number": "3109283",
    "Name": "Burgos Rodriguez, Edison",
    "Fed": "PUR",
    "Sex": "M",
    "Title": "",
    "WTit": "FI,NA",
    "OTit": "",
    "FOA": "1896",
    "Rating": "AUG25",
    "Gms": "0",
    "K": "20",
    "B-day": "1957",
    "Flag": "i"
  },
  {
    "ID Number": "3101428",
    "Name": "Camacho Fabre, Rafael",
    "Fed": "PUR",
    "Sex": "M",
    "Title": "",
    "WTit": "",
    "OTit": "",
    "FOA": "1722",
    "Rating": "AUG25",
    "Gms": "0",
    "K": "20",
    "B-day": "1954",
    "Flag": ""
  },
  {
    "ID Number": "3100243",
    "Name": "Campiz Jimenez, Leonardo",
    "Fed": "PUR",
    "Sex": "M",
    "Title": "",
    "WTit": "",
    "OTit": "",
    "FOA": "1993",
    "Rating": "AUG25",
    "Gms": "0",
    "K": "20",
    "B-day": "1956",
    "Flag": ""
  },
  {
    "ID Number": "3105806",
    "Name": "Candelario Fernandez, Jorge L.",
    "Fed": "PUR",
    "Sex": "M",
    "Title": "",
    "WTit": "NI",
    "OTit": "",
    "FOA": "1808",
    "Rating": "AUG25",
    "Gms": "0",
    "K": "20",
    "B-day": "1968",
    "Flag": ""
  },
  {
    "ID Number": "3102386",
    "Name": "Capeles Mendoza, Jomar",
    "Fed": "PUR",
    "Sex": "M",
    "Title": "CM",
    "WTit": "",
    "OTit": "",
    "FOA": "1822",
    "Rating": "AUG25",
    "Gms": "0",
    "K": "20",
    "B-day": "2001",
    "Flag": "i"
  },
  {
    "ID Number": "3108805",
    "Name": "Carballo Santiago, Francisco J.",
    "Fed": "PUR",
    "Sex": "M",
    "Title": "",
    "WTit": "",
    "OTit": "",
    "FOA": "1843",
    "Rating": "AUG25",
    "Gms": "6",
    "K": "40",
    "B-day": "1983",
    "Flag": ""
  },
  {
    "ID Number": "3103927",
    "Name": "Carrion Perez, Louis E.",
    "Fed": "PUR",
    "Sex": "M",
    "Title": "",
    "WTit": "NI,FA",
    "OTit": "",
    "FOA": "1854",
    "Rating": "AUG25",
    "Gms": "0",
    "K": "20",
    "B-day": "1995",
    "Flag": ""
  },
  {
    "ID Number": "3108791",
    "Name": "Chevere Duperoy, Roberto",
    "Fed": "PUR",
    "Sex": "M",
    "Title": "",
    "WTit": "",
    "OTit": "",
    "FOA": "1697",
    "Rating": "AUG25",
    "Gms": "0",
    "K": "20",
    "B-day": "1968",
    "Flag": ""
  },
  {
    "ID Number": "3106918",
    "Name": "Childers Pickett, Logan",
    "Fed": "PUR",
    "Sex": "M",
    "Title": "",
    "WTit": "NA",
    "OTit": "",
    "FOA": "1887",
    "Rating": "AUG25",
    "Gms": "0",
    "K": "20",
    "B-day": "1999",
    "Flag": ""
  },
  {
    "ID Number": "3108520",
    "Name": "Cintron Rivera, Jaime",
    "Fed": "PUR",
    "Sex": "M",
    "Title": "",
    "WTit": "",
    "OTit": "",
    "FOA": "1595",
    "Rating": "AUG25",
    "Gms": "0",
    "K": "20",
    "B-day": "1953",
    "Flag": ""
  },
  {
    "ID Number": "3101894",
    "Name": "Clukey Helming, Sean",
    "Fed": "PUR",
    "Sex": "M",
    "Title": "",
    "WTit": "",
    "OTit": "",
    "FOA": "1783",
    "Rating": "AUG25",
    "Gms": "0",
    "K": "20",
    "B-day": "1990",
    "Flag": "i"
  },
  {
    "ID Number": "3100685",
    "Name": "Colon Melendez, Edgar L.",
    "Fed": "PUR",
    "Sex": "M",
    "Title": "CM",
    "WTit": "",
    "OTit": "",
    "FOA": "2237",
    "Rating": "AUG25",
    "Gms": "0",
    "K": "20",
    "B-day": "1989",
    "Flag": "i"
  },
  {
    "ID Number": "3112195",
    "Name": "Colon Perez, Ian M.",
    "Fed": "PUR",
    "Sex": "M",
    "Title": "",
    "WTit": "",
    "OTit": "",
    "FOA": "1552",
    "Rating": "AUG25",
    "Gms": "0",
    "K": "40",
    "B-day": "2007",
    "Flag": ""
  },
  {
    "ID Number": "3101576",
    "Name": "Comas Colon, Rinelly M.",
    "Fed": "PUR",
    "Sex": "F",
    "Title": "WFM",
    "WTit": "WFM",
    "OTit": "FA",
    "FOA": "1746",
    "Rating": "AUG25",
    "Gms": "0",
    "K": "20",
    "B-day": "1995",
    "Flag": "w"
  },
  {
    "ID Number": "3112560",
    "Name": "Concepcion Cruz, Yafet",
    "Fed": "PUR",
    "Sex": "M",
    "Title": "",
    "WTit": "",
    "OTit": "",
    "FOA": "1581",
    "Rating": "AUG25",
    "Gms": "0",
    "K": "40",
    "B-day": "2008",
    "Flag": ""
  },
  {
    "ID Number": "3107205",
    "Name": "Correa Reyes, Yetzer",
    "Fed": "PUR",
    "Sex": "M",
    "Title": "",
    "WTit": "",
    "OTit": "",
    "FOA": "1852",
    "Rating": "AUG25",
    "Gms": "0",
    "K": "20",
    "B-day": "2000",
    "Flag": "i"
  },
  {
    "ID Number": "3108120",
    "Name": "Crespo Soto, Yasiel J.",
    "Fed": "PUR",
    "Sex": "M",
    "Title": "",
    "WTit": "",
    "OTit": "",
    "FOA": "1537",
    "Rating": "AUG25",
    "Gms": "0",
    "K": "20",
    "B-day": "2000",
    "Flag": "i"
  },
  {
    "ID Number": "3101959",
    "Name": "Cruz Arce, Francisco J.",
    "Fed": "PUR",
    "Sex": "M",
    "Title": "",
    "WTit": "LSI,FI,SI,SLI,N",
    "OTit": "",
    "FOA": "A",
    "Rating": "AUG25",
    "Gms": "1956",
    "K": "0",
    "B-day": "1982",
    "Flag": "i"
  },
  {
    "ID Number": "3106519",
    "Name": "Cruz Nieves, Gabriel E.",
    "Fed": "PUR",
    "Sex": "M",
    "Title": "",
    "WTit": "NA",
    "OTit": "",
    "FOA": "1630",
    "Rating": "AUG25",
    "Gms": "0",
    "K": "40",
    "B-day": "2005",
    "Flag": "i"
  },
  {
    "ID Number": "3101908",
    "Name": "Cruz Serrano, Victor",
    "Fed": "PUR",
    "Sex": "M",
    "Title": "",
    "WTit": "",
    "OTit": "",
    "FOA": "1918",
    "Rating": "AUG25",
    "Gms": "0",
    "K": "20",
    "B-day": "1977",
    "Flag": "i"
  },
  {
    "ID Number": "3115950",
    "Name": "Cyr, Micah",
    "Fed": "PUR",
    "Sex": "M",
    "Title": "",
    "WTit": "",
    "OTit": "",
    "FOA": "1558",
    "Rating": "AUG25",
    "Gms": "1",
    "K": "40",
    "B-day": "2009",
    "Flag": ""
  },
  {
    "ID Number": "3102378",
    "Name": "Davila Blanco, Juan Jose",
    "Fed": "PUR",
    "Sex": "M",
    "Title": "CM",
    "WTit": "",
    "OTit": "",
    "FOA": "1955",
    "Rating": "AUG25",
    "Gms": "0",
    "K": "20",
    "B-day": "1999",
    "Flag": "i"
  },
  {
    "ID Number": "3104150",
    "Name": "Davila Marichal, Jose Manuel",
    "Fed": "PUR",
    "Sex": "M",
    "Title": "",
    "WTit": "",
    "OTit": "",
    "FOA": "1875",
    "Rating": "AUG25",
    "Gms": "0",
    "K": "20",
    "B-day": "1984",
    "Flag": "i"
  },
  {
    "ID Number": "3101916",
    "Name": "Davila Nieves, Guillermo",
    "Fed": "PUR",
    "Sex": "M",
    "Title": "",
    "WTit": "",
    "OTit": "",
    "FOA": "1650",
    "Rating": "AUG25",
    "Gms": "0",
    "K": "20",
    "B-day": "1945",
    "Flag": "i"
  },
  {
    "ID Number": "3100065",
    "Name": "Davila Vega, Juan R.",
    "Fed": "PUR",
    "Sex": "M",
    "Title": "CM",
    "WTit": "",
    "OTit": "",
    "FOA": "1972",
    "Rating": "AUG25",
    "Gms": "0",
    "K": "20",
    "B-day": "1960",
    "Flag": "i"
  },
  {
    "ID Number": "3108317",
    "Name": "De Jesus Varela, Sebastian D.",
    "Fed": "PUR",
    "Sex": "M",
    "Title": "",
    "WTit": "NA",
    "OTit": "",
    "FOA": "1734",
    "Rating": "AUG25",
    "Gms": "0",
    "K": "20",
    "B-day": "2003",
    "Flag": "i"
  },
  {
    "ID Number": "3109143",
    "Name": "De La Rosa Diaz, Osvaldo J.",
    "Fed": "PUR",
    "Sex": "M",
    "Title": "",
    "WTit": "",
    "OTit": "",
    "FOA": "1601",
    "Rating": "AUG25",
    "Gms": "0",
    "K": "20",
    "B-day": "2001",
    "Flag": ""
  },
  {
    "ID Number": "3101347",
    "Name": "Delgado Delgado, Edwin G.",
    "Fed": "PUR",
    "Sex": "M",
    "Title": "",
    "WTit": "",
    "OTit": "",
    "FOA": "1740",
    "Rating": "AUG25",
    "Gms": "0",
    "K": "20",
    "B-day": "1968",
    "Flag": "i"
  },
  {
    "ID Number": "3102777",
    "Name": "Delgado Pedraza, Anthony",
    "Fed": "PUR",
    "Sex": "M",
    "Title": "",
    "WTit": "",
    "OTit": "",
    "FOA": "1728",
    "Rating": "AUG25",
    "Gms": "3",
    "K": "20",
    "B-day": "1998",
    "Flag": ""
  },
  {
    "ID Number": "3109453",
    "Name": "Deliz Lopez, Adan G.",
    "Fed": "PUR",
    "Sex": "M",
    "Title": "",
    "WTit": "",
    "OTit": "",
    "FOA": "1658",
    "Rating": "AUG25",
    "Gms": "0",
    "K": "40",
    "B-day": "2007",
    "Flag": "i"
  },
  {
    "ID Number": "3110117",
    "Name": "Deliz Orengo, Arturo",
    "Fed": "PUR",
    "Sex": "M",
    "Title": "",
    "WTit": "NA",
    "OTit": "",
    "FOA": "1703",
    "Rating": "AUG25",
    "Gms": "0",
    "K": "20",
    "B-day": "2002",
    "Flag": ""
  },
  {
    "ID Number": "3103226",
    "Name": "Deliz Quinones, Hector J.",
    "Fed": "PUR",
    "Sex": "M",
    "Title": "",
    "WTit": "",
    "OTit": "",
    "FOA": "1941",
    "Rating": "AUG25",
    "Gms": "0",
    "K": "20",
    "B-day": "1976",
    "Flag": "i"
  },
  {
    "ID Number": "3108244",
    "Name": "Deya Jusino, Gilberto",
    "Fed": "PUR",
    "Sex": "M",
    "Title": "",
    "WTit": "NA",
    "OTit": "",
    "FOA": "1639",
    "Rating": "AUG25",
    "Gms": "0",
    "K": "40",
    "B-day": "1994",
    "Flag": "i"
  },
  {
    "ID Number": "3105164",
    "Name": "Diaz Acevedo, Isis N.",
    "Fed": "PUR",
    "Sex": "F",
    "Title": "",
    "WTit": "",
    "OTit": "",
    "FOA": "1691",
    "Rating": "AUG25",
    "Gms": "0",
    "K": "20",
    "B-day": "2003",
    "Flag": "wi"
  },
  {
    "ID Number": "3100715",
    "Name": "Diaz Montes, Edwin",
    "Fed": "PUR",
    "Sex": "M",
    "Title": "CM",
    "WTit": "FI",
    "OTit": "",
    "FOA": "1969",
    "Rating": "AUG25",
    "Gms": "0",
    "K": "20",
    "B-day": "1989",
    "Flag": ""
  },
  {
    "ID Number": "3112861",
    "Name": "Done Sanchez, Andrews J.",
    "Fed": "PUR",
    "Sex": "M",
    "Title": "",
    "WTit": "",
    "OTit": "",
    "FOA": "1772",
    "Rating": "AUG25",
    "Gms": "0",
    "K": "40",
    "B-day": "2008",
    "Flag": ""
  },
  {
    "ID Number": "3116190",
    "Name": "Duran Torres, Alejandro",
    "Fed": "PUR",
    "Sex": "M",
    "Title": "",
    "WTit": "",
    "OTit": "",
    "FOA": "1484",
    "Rating": "AUG25",
    "Gms": "5",
    "K": "40",
    "B-day": "2013",
    "Flag": ""
  },
  {
    "ID Number": "3110680",
    "Name": "Febles Otero, Yorelis M.",
    "Fed": "PUR",
    "Sex": "F",
    "Title": "",
    "WTit": "",
    "OTit": "",
    "FOA": "1445",
    "Rating": "AUG25",
    "Gms": "0",
    "K": "40",
    "B-day": "2007",
    "Flag": "w"
  },
  {
    "ID Number": "3111733",
    "Name": "Feliciano Corujo, Hector D.",
    "Fed": "PUR",
    "Sex": "M",
    "Title": "",
    "WTit": "",
    "OTit": "",
    "FOA": "1642",
    "Rating": "AUG25",
    "Gms": "1",
    "K": "40",
    "B-day": "2003",
    "Flag": ""
  },
  {
    "ID Number": "3108996",
    "Name": "Feliciano Morales, Carlos R.",
    "Fed": "PUR",
    "Sex": "M",
    "Title": "",
    "WTit": "",
    "OTit": "",
    "FOA": "1651",
    "Rating": "AUG25",
    "Gms": "5",
    "K": "40",
    "B-day": "1998",
    "Flag": ""
  },
  {
    "ID Number": "2031566",
    "Name": "Fellman, Mike",
    "Fed": "PUR",
    "Sex": "M",
    "Title": "FM",
    "WTit": "NI",
    "OTit": "",
    "FOA": "2002",
    "Rating": "AUG25",
    "Gms": "4",
    "K": "20",
    "B-day": "1988",
    "Flag": ""
  },
  {
    "ID Number": "3100731",
    "Name": "Figueroa Calderon, Gamaliel",
    "Fed": "PUR",
    "Sex": "M",
    "Title": "",
    "WTit": "",
    "OTit": "",
    "FOA": "1761",
    "Rating": "AUG25",
    "Gms": "0",
    "K": "20",
    "B-day": "1995",
    "Flag": "i"
  },
  {
    "ID Number": "3101134",
    "Name": "Figueroa Calderon, Jenid",
    "Fed": "PUR",
    "Sex": "F",
    "Title": "WCM",
    "WTit": "WCM",
    "OTit": "",
    "FOA": "1677",
    "Rating": "AUG25",
    "Gms": "0",
    "K": "20",
    "B-day": "1996",
    "Flag": "wi"
  },
  {
    "ID Number": "3101924",
    "Name": "Figueroa Rosario, Alex",
    "Fed": "PUR",
    "Sex": "M",
    "Title": "",
    "WTit": "",
    "OTit": "",
    "FOA": "2009",
    "Rating": "AUG25",
    "Gms": "0",
    "K": "20",
    "B-day": "1989",
    "Flag": "i"
  },
  {
    "ID Number": "3110028",
    "Name": "Figueroa Serrano, Kevin",
    "Fed": "PUR",
    "Sex": "M",
    "Title": "",
    "WTit": "",
    "OTit": "",
    "FOA": "1792",
    "Rating": "AUG25",
    "Gms": "4",
    "K": "40",
    "B-day": "2000",
    "Flag": ""
  },
  {
    "ID Number": "3102572",
    "Name": "Flores Cotto, Angel J.",
    "Fed": "PUR",
    "Sex": "M",
    "Title": "",
    "WTit": "",
    "OTit": "",
    "FOA": "1814",
    "Rating": "AUG25",
    "Gms": "0",
    "K": "20",
    "B-day": "1995",
    "Flag": "i"
  },
  {
    "ID Number": "3100286",
    "Name": "Font Alvelo, Joaquim",
    "Fed": "PUR",
    "Sex": "M",
    "Title": "",
    "WTit": "",
    "OTit": "",
    "FOA": "2039",
    "Rating": "AUG25",
    "Gms": "0",
    "K": "20",
    "B-day": "1964",
    "Flag": ""
  },
  {
    "ID Number": "3100030",
    "Name": "Freyre Forest, Jorge",
    "Fed": "PUR",
    "Sex": "M",
    "Title": "CM",
    "WTit": "",
    "OTit": "",
    "FOA": "1992",
    "Rating": "AUG25",
    "Gms": "0",
    "K": "20",
    "B-day": "1956",
    "Flag": "i"
  },
  {
    "ID Number": "3112578",
    "Name": "Fuentes Aledo, Jeremy",
    "Fed": "PUR",
    "Sex": "M",
    "Title": "",
    "WTit": "",
    "OTit": "",
    "FOA": "1586",
    "Rating": "AUG25",
    "Gms": "0",
    "K": "40",
    "B-day": "2005",
    "Flag": ""
  },
  {
    "ID Number": "3102033",
    "Name": "Garayua Torres, Josue",
    "Fed": "PUR",
    "Sex": "M",
    "Title": "",
    "WTit": "",
    "OTit": "",
    "FOA": "1762",
    "Rating": "AUG25",
    "Gms": "0",
    "K": "20",
    "B-day": "1975",
    "Flag": "i"
  },
  {
    "ID Number": "3101665",
    "Name": "Garcia Aguayo, Martin",
    "Fed": "PUR",
    "Sex": "M",
    "Title": "",
    "WTit": "",
    "OTit": "",
    "FOA": "1938",
    "Rating": "AUG25",
    "Gms": "0",
    "K": "20",
    "B-day": "1981",
    "Flag": ""
  },
  {
    "ID Number": "3101584",
    "Name": "Garcia Alicea, Osvaldo",
    "Fed": "PUR",
    "Sex": "M",
    "Title": "",
    "WTit": "",
    "OTit": "",
    "FOA": "1939",
    "Rating": "AUG25",
    "Gms": "0",
    "K": "20",
    "B-day": "1957",
    "Flag": "i"
  },
  {
    "ID Number": "3108210",
    "Name": "Garcia Figueroa, Kevin J.",
    "Fed": "PUR",
    "Sex": "M",
    "Title": "",
    "WTit": "",
    "OTit": "",
    "FOA": "1797",
    "Rating": "AUG25",
    "Gms": "0",
    "K": "40",
    "B-day": "2004",
    "Flag": "i"
  },
  {
    "ID Number": "3108228",
    "Name": "Garcia Figueroa, Nathaniel I.",
    "Fed": "PUR",
    "Sex": "M",
    "Title": "",
    "WTit": "",
    "OTit": "",
    "FOA": "1622",
    "Rating": "AUG25",
    "Gms": "0",
    "K": "40",
    "B-day": "2008",
    "Flag": "i"
  },
  {
    "ID Number": "3118878",
    "Name": "Garcia Rolon,Eliezer",
    "Fed": "PUR",
    "Sex": "M",
    "Title": "",
    "WTit": "",
    "OTit": "",
    "FOA": "1546",
    "Rating": "AUG25",
    "Gms": "0",
    "K": "40",
    "B-day": "2006",
    "Flag": ""
  },
  {
    "ID Number": "3102785",
    "Name": "Garcia Santiago, Jorge J.",
    "Fed": "PUR",
    "Sex": "M",
    "Title": "",
    "WTit": "",
    "OTit": "",
    "FOA": "1743",
    "Rating": "AUG25",
    "Gms": "0",
    "K": "20",
    "B-day": "1999",
    "Flag": "i"
  },
  {
    "ID Number": "3106721",
    "Name": "Gasparini Matos, Carlos",
    "Fed": "PUR",
    "Sex": "M",
    "Title": "",
    "WTit": "",
    "OTit": "",
    "FOA": "1714",
    "Rating": "AUG25",
    "Gms": "0",
    "K": "20",
    "B-day": "1970",
    "Flag": "i"
  },
  {
    "ID Number": "3106713",
    "Name": "Gasparini Matos, Hamid A.",
    "Fed": "PUR",
    "Sex": "M",
    "Title": "",
    "WTit": "",
    "OTit": "",
    "FOA": "1801",
    "Rating": "AUG25",
    "Gms": "0",
    "K": "20",
    "B-day": "1977",
    "Flag": "i"
  },
  {
    "ID Number": "3103790",
    "Name": "Gerena Rivas, Eliam",
    "Fed": "PUR",
    "Sex": "M",
    "Title": "FM",
    "WTit": "",
    "OTit": "",
    "FOA": "2136",
    "Rating": "AUG25",
    "Gms": "0",
    "K": "20",
    "B-day": "2002",
    "Flag": "i"
  },
  {
    "ID Number": "3103820",
    "Name": "Gerena Rivas, Ezequiel",
    "Fed": "PUR",
    "Sex": "M",
    "Title": "",
    "WTit": "",
    "OTit": "",
    "FOA": "1805",
    "Rating": "AUG25",
    "Gms": "0",
    "K": "20",
    "B-day": "2001",
    "Flag": "i"
  },
  {
    "ID Number": "3117278",
    "Name": "Gluck Schifter, Michael",
    "Fed": "PUR",
    "Sex": "M",
    "Title": "",
    "WTit": "",
    "OTit": "",
    "FOA": "1879",
    "Rating": "AUG25",
    "Gms": "6",
    "K": "40",
    "B-day": "1983",
    "Flag": ""
  },
  {
    "ID Number": "3101975",
    "Name": "Gonzalez Carrion, Otilio",
    "Fed": "PUR",
    "Sex": "M",
    "Title": "",
    "WTit": "",
    "OTit": "",
    "FOA": "1873",
    "Rating": "AUG25",
    "Gms": "0",
    "K": "20",
    "B-day": "0",
    "Flag": "i"
  },
  {
    "ID Number": "3100642",
    "Name": "Gonzalez Gonzalez, Enoel",
    "Fed": "PUR",
    "Sex": "M",
    "Title": "",
    "WTit": "NA",
    "OTit": "",
    "FOA": "1878",
    "Rating": "AUG25",
    "Gms": "0",
    "K": "20",
    "B-day": "1981",
    "Flag": ""
  },
  {
    "ID Number": "3102467",
    "Name": "Gonzalez Lacomba, William",
    "Fed": "PUR",
    "Sex": "M",
    "Title": "",
    "WTit": "",
    "OTit": "",
    "FOA": "1853",
    "Rating": "AUG25",
    "Gms": "0",
    "K": "20",
    "B-day": "1978",
    "Flag": "i"
  },
  {
    "ID Number": "3108325",
    "Name": "Gonzalez Lopez, Pablo D.",
    "Fed": "PUR",
    "Sex": "M",
    "Title": "",
    "WTit": "SI,NA",
    "OTit": "",
    "FOA": "1529",
    "Rating": "AUG25",
    "Gms": "0",
    "K": "20",
    "B-day": "2003",
    "Flag": ""
  },
  {
    "ID Number": "3104958",
    "Name": "Gonzalez Lopez, Rolando",
    "Fed": "PUR",
    "Sex": "M",
    "Title": "",
    "WTit": "",
    "OTit": "",
    "FOA": "1728",
    "Rating": "AUG25",
    "Gms": "0",
    "K": "20",
    "B-day": "1957",
    "Flag": "i"
  },
  {
    "ID Number": "3110249",
    "Name": "Gonzalez Maldonado, Martin",
    "Fed": "PUR",
    "Sex": "M",
    "Title": "",
    "WTit": "",
    "OTit": "",
    "FOA": "1746",
    "Rating": "AUG25",
    "Gms": "0",
    "K": "20",
    "B-day": "1985",
    "Flag": "i"
  },
  {
    "ID Number": "3111407",
    "Name": "Gonzalez Mercado, Christian",
    "Fed": "PUR",
    "Sex": "M",
    "Title": "",
    "WTit": "",
    "OTit": "",
    "FOA": "1492",
    "Rating": "AUG25",
    "Gms": "1",
    "K": "40",
    "B-day": "2011",
    "Flag": ""
  },
  {
    "ID Number": "3111059",
    "Name": "Gonzalez Montes, William A.",
    "Fed": "PUR",
    "Sex": "M",
    "Title": "",
    "WTit": "",
    "OTit": "",
    "FOA": "1467",
    "Rating": "AUG25",
    "Gms": "0",
    "K": "40",
    "B-day": "2005",
    "Flag": "i"
  },
  {
    "ID Number": "3101622",
    "Name": "Gonzalez Olivieri, Orlando",
    "Fed": "PUR",
    "Sex": "M",
    "Title": "CM",
    "WTit": "",
    "OTit": "",
    "FOA": "1987",
    "Rating": "AUG25",
    "Gms": "0",
    "K": "20",
    "B-day": "1996",
    "Flag": "i"
  },
  {
    "ID Number": "3112705",
    "Name": "Gonzalez Segarra, Abel",
    "Fed": "PUR",
    "Sex": "M",
    "Title": "",
    "WTit": "",
    "OTit": "",
    "FOA": "1596",
    "Rating": "AUG25",
    "Gms": "0",
    "K": "40",
    "B-day": "1981",
    "Flag": ""
  },
  {
    "ID Number": "3101800",
    "Name": "Gonzalez, Esteban",
    "Fed": "PUR",
    "Sex": "M",
    "Title": "",
    "WTit": "",
    "OTit": "",
    "FOA": "1862",
    "Rating": "AUG25",
    "Gms": "0",
    "K": "20",
    "B-day": "1995",
    "Flag": "i"
  },
  {
    "ID Number": "3107892",
    "Name": "Guilloty Ortiz, Michael",
    "Fed": "PUR",
    "Sex": "M",
    "Title": "",
    "WTit": "",
    "OTit": "",
    "FOA": "1662",
    "Rating": "AUG25",
    "Gms": "0",
    "K": "40",
    "B-day": "2001",
    "Flag": "i"
  },
  {
    "ID Number": "3101037",
    "Name": "Guzman Freire, Julio",
    "Fed": "PUR",
    "Sex": "M",
    "Title": "",
    "WTit": "",
    "OTit": "",
    "FOA": "1859",
    "Rating": "AUG25",
    "Gms": "0",
    "K": "20",
    "B-day": "1946",
    "Flag": "i"
  },
  {
    "ID Number": "3118428",
    "Name": "Hernadez Lopez, Kalier",
    "Fed": "PUR",
    "Sex": "M",
    "Title": "",
    "WTit": "",
    "OTit": "",
    "FOA": "1651",
    "Rating": "AUG25",
    "Gms": "0",
    "K": "40",
    "B-day": "1996",
    "Flag": ""
  },
  {
    "ID Number": "3113477",
    "Name": "Hernandez Betancourt, David J.",
    "Fed": "PUR",
    "Sex": "M",
    "Title": "",
    "WTit": "NA",
    "OTit": "",
    "FOA": "1525",
    "Rating": "AUG25",
    "Gms": "0",
    "K": "40",
    "B-day": "2006",
    "Flag": ""
  },
  {
    "ID Number": "3105369",
    "Name": "Hernandez Resto, Aracelys",
    "Fed": "PUR",
    "Sex": "F",
    "Title": "",
    "WTit": "",
    "OTit": "",
    "FOA": "1561",
    "Rating": "AUG25",
    "Gms": "0",
    "K": "20",
    "B-day": "1999",
    "Flag": "wi"
  },
  {
    "ID Number": "3112756",
    "Name": "Herrera Millan, Juan E.",
    "Fed": "PUR",
    "Sex": "M",
    "Title": "",
    "WTit": "",
    "OTit": "",
    "FOA": "1665",
    "Rating": "AUG25",
    "Gms": "0",
    "K": "40",
    "B-day": "2012",
    "Flag": ""
  },
  {
    "ID Number": "3114406",
    "Name": "Infante Pacas, Juan P.",
    "Fed": "PUR",
    "Sex": "M",
    "Title": "",
    "WTit": "",
    "OTit": "",
    "FOA": "1696",
    "Rating": "AUG25",
    "Gms": "0",
    "K": "40",
    "B-day": "2011",
    "Flag": ""
  },
  {
    "ID Number": "3114392",
    "Name": "Infante Pacas, Salvador A.",
    "Fed": "PUR",
    "Sex": "M",
    "Title": "",
    "WTit": "",
    "OTit": "",
    "FOA": "1592",
    "Rating": "AUG25",
    "Gms": "0",
    "K": "40",
    "B-day": "2007",
    "Flag": ""
  },
  {
    "ID Number": "3114686",
    "Name": "Infante Pecas, Nicolas",
    "Fed": "PUR",
    "Sex": "M",
    "Title": "",
    "WTit": "",
    "OTit": "",
    "FOA": "1625",
    "Rating": "AUG25",
    "Gms": "0",
    "K": "40",
    "B-day": "2009",
    "Flag": ""
  },
  {
    "ID Number": "3101029",
    "Name": "Izuzquiza Gonzalez, Javier",
    "Fed": "PUR",
    "Sex": "M",
    "Title": "CM",
    "WTit": "",
    "OTit": "",
    "FOA": "2028",
    "Rating": "AUG25",
    "Gms": "0",
    "K": "20",
    "B-day": "1989",
    "Flag": "i"
  },
  {
    "ID Number": "3105172",
    "Name": "Jaime Rosa, Gilberto",
    "Fed": "PUR",
    "Sex": "M",
    "Title": "",
    "WTit": "",
    "OTit": "",
    "FOA": "1596",
    "Rating": "AUG25",
    "Gms": "0",
    "K": "20",
    "B-day": "2002",
    "Flag": "i"
  },
  {
    "ID Number": "3100774",
    "Name": "Jimenez Acosta, Jorge",
    "Fed": "PUR",
    "Sex": "M",
    "Title": "",
    "WTit": "",
    "OTit": "",
    "FOA": "1964",
    "Rating": "AUG25",
    "Gms": "0",
    "K": "20",
    "B-day": "1958",
    "Flag": "i"
  },
  {
    "ID Number": "3115690",
    "Name": "Jimenez Rodriguez, Giann",
    "Fed": "PUR",
    "Sex": "M",
    "Title": "",
    "WTit": "",
    "OTit": "",
    "FOA": "1623",
    "Rating": "AUG25",
    "Gms": "0",
    "K": "40",
    "B-day": "2005",
    "Flag": ""
  },
  {
    "ID Number": "3106780",
    "Name": "Kiess Alfonso, Erwin S.",
    "Fed": "PUR",
    "Sex": "M",
    "Title": "",
    "WTit": "",
    "OTit": "",
    "FOA": "1649",
    "Rating": "AUG25",
    "Gms": "0",
    "K": "40",
    "B-day": "2005",
    "Flag": ""
  },
  {
    "ID Number": "3110389",
    "Name": "Kolodka, Roman",
    "Fed": "PUR",
    "Sex": "M",
    "Title": "",
    "WTit": "",
    "OTit": "",
    "FOA": "1831",
    "Rating": "AUG25",
    "Gms": "0",
    "K": "20",
    "B-day": "1981",
    "Flag": "i"
  },
  {
    "ID Number": "3104362",
    "Name": "Lamotta Arocho, Joseph",
    "Fed": "PUR",
    "Sex": "M",
    "Title": "",
    "WTit": "",
    "OTit": "",
    "FOA": "1740",
    "Rating": "AUG25",
    "Gms": "0",
    "K": "20",
    "B-day": "1969",
    "Flag": "i"
  },
  {
    "ID Number": "3112659",
    "Name": "Laporte Plaza Daniel J.",
    "Fed": "PUR",
    "Sex": "M",
    "Title": "",
    "WTit": "",
    "OTit": "",
    "FOA": "1620",
    "Rating": "AUG25",
    "Gms": "0",
    "K": "40",
    "B-day": "1985",
    "Flag": "i"
  },
  {
    "ID Number": "3118932",
    "Name": "Ledesma, Santiago",
    "Fed": "PUR",
    "Sex": "M",
    "Title": "",
    "WTit": "",
    "OTit": "",
    "FOA": "1796",
    "Rating": "AUG25",
    "Gms": "0",
    "K": "40",
    "B-day": "2005",
    "Flag": ""
  },
  {
    "ID Number": "3111555",
    "Name": "Llanos Martinez, Alberto",
    "Fed": "PUR",
    "Sex": "M",
    "Title": "",
    "WTit": "",
    "OTit": "",
    "FOA": "1626",
    "Rating": "AUG25",
    "Gms": "0",
    "K": "40",
    "B-day": "2005",
    "Flag": "i"
  },
  {
    "ID Number": "3117561",
    "Name": "Lopez Mercado, Pedro",
    "Fed": "PUR",
    "Sex": "M",
    "Title": "",
    "WTit": "",
    "OTit": "",
    "FOA": "1550",
    "Rating": "AUG25",
    "Gms": "0",
    "K": "40",
    "B-day": "1978",
    "Flag": ""
  },
  {
    "ID Number": "3106837",
    "Name": "Lopez Rivera, Jose A.",
    "Fed": "PUR",
    "Sex": "M",
    "Title": "",
    "WTit": "",
    "OTit": "",
    "FOA": "1746",
    "Rating": "AUG25",
    "Gms": "4",
    "K": "20",
    "B-day": "1997",
    "Flag": ""
  },
  {
    "ID Number": "3104583",
    "Name": "Lucca Padilla, Gustavo M.",
    "Fed": "PUR",
    "Sex": "M",
    "Title": "",
    "WTit": "",
    "OTit": "",
    "FOA": "1654",
    "Rating": "AUG25",
    "Gms": "0",
    "K": "20",
    "B-day": "2004",
    "Flag": "i"
  },
  {
    "ID Number": "3110788",
    "Name": "Lugo Cruz, Yahir",
    "Fed": "PUR",
    "Sex": "M",
    "Title": "",
    "WTit": "",
    "OTit": "",
    "FOA": "1593",
    "Rating": "AUG25",
    "Gms": "0",
    "K": "40",
    "B-day": "2009",
    "Flag": "i"
  },
  {
    "ID Number": "3100782",
    "Name": "Lugo Medina, Joan",
    "Fed": "PUR",
    "Sex": "M",
    "Title": "",
    "WTit": "",
    "OTit": "",
    "FOA": "1743",
    "Rating": "AUG25",
    "Gms": "0",
    "K": "20",
    "B-day": "1976",
    "Flag": "i"
  },
  {
    "ID Number": "3104443",
    "Name": "Lugo Roldan, Jean P.",
    "Fed": "PUR",
    "Sex": "M",
    "Title": "CM",
    "WTit": "",
    "OTit": "",
    "FOA": "1967",
    "Rating": "AUG25",
    "Gms": "0",
    "K": "20",
    "B-day": "1997",
    "Flag": "i"
  },
  {
    "ID Number": "3118991",
    "Name": "Luna Cardona, Carlos R.",
    "Fed": "PUR",
    "Sex": "M",
    "Title": "",
    "WTit": "",
    "OTit": "",
    "FOA": "1611",
    "Rating": "AUG25",
    "Gms": "6",
    "K": "40",
    "B-day": "2013",
    "Flag": ""
  },
  {
    "ID Number": "3107477",
    "Name": "Luna Colon, Eliseo",
    "Fed": "PUR",
    "Sex": "M",
    "Title": "",
    "WTit": "",
    "OTit": "",
    "FOA": "1662",
    "Rating": "AUG25",
    "Gms": "0",
    "K": "20",
    "B-day": "1970",
    "Flag": "i"
  },
  {
    "ID Number": "3105334",
    "Name": "Luna Vega, Manuel",
    "Fed": "PUR",
    "Sex": "M",
    "Title": "",
    "WTit": "",
    "OTit": "",
    "FOA": "1703",
    "Rating": "AUG25",
    "Gms": "0",
    "K": "40",
    "B-day": "1997",
    "Flag": "i"
  },
  {
    "ID Number": "3101126",
    "Name": "Machin Rivera, Mark",
    "Fed": "PUR",
    "Sex": "M",
    "Title": "IM",
    "WTit": "",
    "OTit": "",
    "FOA": "2300",
    "Rating": "AUG25",
    "Gms": "0",
    "K": "20",
    "B-day": "1989",
    "Flag": "i"
  },
  {
    "ID Number": "3108716",
    "Name": "Maldonado Padin, Christian E.",
    "Fed": "PUR",
    "Sex": "M",
    "Title": "",
    "WTit": "",
    "OTit": "",
    "FOA": "1723",
    "Rating": "AUG25",
    "Gms": "0",
    "K": "20",
    "B-day": "1986",
    "Flag": "i"
  },
  {
    "ID Number": "3107299",
    "Name": "Maldonado Polo, Mariangeli",
    "Fed": "PUR",
    "Sex": "F",
    "Title": "",
    "WTit": "",
    "OTit": "",
    "FOA": "1563",
    "Rating": "AUG25",
    "Gms": "0",
    "K": "40",
    "B-day": "2006",
    "Flag": "wi"
  },
  {
    "ID Number": "3116557",
    "Name": "Malugin, Larry W.",
    "Fed": "PUR",
    "Sex": "M",
    "Title": "",
    "WTit": "",
    "OTit": "",
    "FOA": "1743",
    "Rating": "AUG25",
    "Gms": "3",
    "K": "40",
    "B-day": "1967",
    "Flag": ""
  },
  {
    "ID Number": "3115224",
    "Name": "Mantiel Pineda,Gustavo",
    "Fed": "PUR",
    "Sex": "M",
    "Title": "",
    "WTit": "",
    "OTit": "",
    "FOA": "1794",
    "Rating": "AUG25",
    "Gms": "0",
    "K": "40",
    "B-day": "1996",
    "Flag": "i"
  },
  {
    "ID Number": "3105245",
    "Name": "Marina Santana, Cristian M.",
    "Fed": "PUR",
    "Sex": "M",
    "Title": "",
    "WTit": "",
    "OTit": "",
    "FOA": "1814",
    "Rating": "AUG25",
    "Gms": "0",
    "K": "20",
    "B-day": "2001",
    "Flag": "i"
  },
  {
    "ID Number": "3107574",
    "Name": "Martinez Montero, Joel",
    "Fed": "PUR",
    "Sex": "M",
    "Title": "",
    "WTit": "",
    "OTit": "",
    "FOA": "1741",
    "Rating": "AUG25",
    "Gms": "0",
    "K": "20",
    "B-day": "1990",
    "Flag": "i"
  },
  {
    "ID Number": "3108570",
    "Name": "Martinez Perez, Alex R.",
    "Fed": "PUR",
    "Sex": "M",
    "Title": "",
    "WTit": "",
    "OTit": "",
    "FOA": "1596",
    "Rating": "AUG25",
    "Gms": "0",
    "K": "20",
    "B-day": "1990",
    "Flag": "i"
  },
  {
    "ID Number": "3109356",
    "Name": "Martinez Sebastian, Diego A.",
    "Fed": "PUR",
    "Sex": "M",
    "Title": "",
    "WTit": "",
    "OTit": "",
    "FOA": "1632",
    "Rating": "AUG25",
    "Gms": "0",
    "K": "20",
    "B-day": "2003",
    "Flag": "i"
  },
  {
    "ID Number": "3102009",
    "Name": "Matos Santoni, Gamalier",
    "Fed": "PUR",
    "Sex": "M",
    "Title": "",
    "WTit": "",
    "OTit": "",
    "FOA": "1884",
    "Rating": "AUG25",
    "Gms": "0",
    "K": "20",
    "B-day": "1971",
    "Flag": ""
  },
  {
    "ID Number": "3104133",
    "Name": "Matta Calvente, Marcel",
    "Fed": "PUR",
    "Sex": "M",
    "Title": "",
    "WTit": "",
    "OTit": "",
    "FOA": "1879",
    "Rating": "AUG25",
    "Gms": "0",
    "K": "20",
    "B-day": "1978",
    "Flag": "i"
  },
  {
    "ID Number": "3107582",
    "Name": "Medina Gil, Alberto C.",
    "Fed": "PUR",
    "Sex": "M",
    "Title": "",
    "WTit": "",
    "OTit": "",
    "FOA": "1726",
    "Rating": "AUG25",
    "Gms": "0",
    "K": "20",
    "B-day": "1985",
    "Flag": "i"
  },
  {
    "ID Number": "3105873",
    "Name": "Mejias Nunez, Rafael E.",
    "Fed": "PUR",
    "Sex": "M",
    "Title": "CM",
    "WTit": "",
    "OTit": "",
    "FOA": "1958",
    "Rating": "AUG25",
    "Gms": "5",
    "K": "20",
    "B-day": "2001",
    "Flag": ""
  },
  {
    "ID Number": "3107426",
    "Name": "Melendez Hernandez, Edward",
    "Fed": "PUR",
    "Sex": "M",
    "Title": "",
    "WTit": "",
    "OTit": "",
    "FOA": "1707",
    "Rating": "AUG25",
    "Gms": "0",
    "K": "20",
    "B-day": "1990",
    "Flag": "i"
  },
  {
    "ID Number": "3104257",
    "Name": "Melendez Lopez, Eduardo J.",
    "Fed": "PUR",
    "Sex": "M",
    "Title": "",
    "WTit": "",
    "OTit": "",
    "FOA": "1640",
    "Rating": "AUG25",
    "Gms": "0",
    "K": "20",
    "B-day": "1998",
    "Flag": "i"
  },
  {
    "ID Number": "3101010",
    "Name": "Melendez Padilla, Isabelo",
    "Fed": "PUR",
    "Sex": "M",
    "Title": "",
    "WTit": "",
    "OTit": "",
    "FOA": "1893",
    "Rating": "AUG25",
    "Gms": "4",
    "K": "20",
    "B-day": "1964",
    "Flag": ""
  },
  {
    "ID Number": "3107302",
    "Name": "Millet Nieves, Armando",
    "Fed": "PUR",
    "Sex": "M",
    "Title": "",
    "WTit": "",
    "OTit": "",
    "FOA": "1646",
    "Rating": "AUG25",
    "Gms": "0",
    "K": "40",
    "B-day": "2006",
    "Flag": ""
  },
  {
    "ID Number": "3100260",
    "Name": "Montalvo Rosario, Alejandro",
    "Fed": "PUR",
    "Sex": "M",
    "Title": "IM",
    "WTit": "",
    "OTit": "",
    "FOA": "2276",
    "Rating": "AUG25",
    "Gms": "0",
    "K": "20",
    "B-day": "1968",
    "Flag": "i"
  },
  {
    "ID Number": "3106772",
    "Name": "Montanez Claudio, Gabriel E.",
    "Fed": "PUR",
    "Sex": "M",
    "Title": "",
    "WTit": "",
    "OTit": "",
    "FOA": "1492",
    "Rating": "AUG25",
    "Gms": "5",
    "K": "40",
    "B-day": "1999",
    "Flag": ""
  },
  {
    "ID Number": "3100316",
    "Name": "Montanez Nazario, Roberto",
    "Fed": "PUR",
    "Sex": "M",
    "Title": "CM",
    "WTit": "",
    "OTit": "",
    "FOA": "2128",
    "Rating": "AUG25",
    "Gms": "0",
    "K": "20",
    "B-day": "1970",
    "Flag": "i"
  },
  {
    "ID Number": "3101401",
    "Name": "Montes Irrizarry, Luis R.",
    "Fed": "PUR",
    "Sex": "M",
    "Title": "",
    "WTit": "",
    "OTit": "",
    "FOA": "1851",
    "Rating": "AUG25",
    "Gms": "0",
    "K": "20",
    "B-day": "1957",
    "Flag": "i"
  },
  {
    "ID Number": "3110141",
    "Name": "Morales Butler, Emmanuel J.",
    "Fed": "PUR",
    "Sex": "M",
    "Title": "",
    "WTit": "",
    "OTit": "",
    "FOA": "1567",
    "Rating": "AUG25",
    "Gms": "3",
    "K": "20",
    "B-day": "1986",
    "Flag": ""
  },
  {
    "ID Number": "3102050",
    "Name": "Morales Gonzalez, Bolivar",
    "Fed": "PUR",
    "Sex": "M",
    "Title": "",
    "WTit": "",
    "OTit": "",
    "FOA": "1876",
    "Rating": "AUG25",
    "Gms": "0",
    "K": "20",
    "B-day": "1938",
    "Flag": "i"
  },
  {
    "ID Number": "3105180",
    "Name": "Morales Hernandez, Yaime",
    "Fed": "PUR",
    "Sex": "F",
    "Title": "",
    "WTit": "",
    "OTit": "",
    "FOA": "1622",
    "Rating": "AUG25",
    "Gms": "0",
    "K": "20",
    "B-day": "2003",
    "Flag": "wi"
  },
  {
    "ID Number": "3101703",
    "Name": "Morales Santos, Natasha",
    "Fed": "PUR",
    "Sex": "F",
    "Title": "WIM",
    "WTit": "WIM",
    "OTit": "",
    "FOA": "1947",
    "Rating": "AUG25",
    "Gms": "0",
    "K": "20",
    "B-day": "1998",
    "Flag": "wi"
  },
  {
    "ID Number": "3102173",
    "Name": "Muniz Matta, Carlos A.",
    "Fed": "PUR",
    "Sex": "M",
    "Title": "",
    "WTit": "",
    "OTit": "",
    "FOA": "1799",
    "Rating": "AUG25",
    "Gms": "0",
    "K": "20",
    "B-day": "1987",
    "Flag": ""
  },
  {
    "ID Number": "3117421",
    "Name": "Munoz Najar Vargas, Ignacio",
    "Fed": "PUR",
    "Sex": "M",
    "Title": "",
    "WTit": "",
    "OTit": "",
    "FOA": "1652",
    "Rating": "AUG25",
    "Gms": "5",
    "K": "40",
    "B-day": "2011",
    "Flag": ""
  },
  {
    "ID Number": "3110800",
    "Name": "Navarro Gonzalez, Sergio I.",
    "Fed": "PUR",
    "Sex": "M",
    "Title": "",
    "WTit": "",
    "OTit": "",
    "FOA": "1565",
    "Rating": "AUG25",
    "Gms": "0",
    "K": "40",
    "B-day": "2009",
    "Flag": ""
  },
  {
    "ID Number": "3103048",
    "Name": "Negron De Jesus, Willie Lee",
    "Fed": "PUR",
    "Sex": "M",
    "Title": "",
    "WTit": "",
    "OTit": "",
    "FOA": "1866",
    "Rating": "AUG25",
    "Gms": "0",
    "K": "20",
    "B-day": "1995",
    "Flag": "i"
  },
  {
    "ID Number": "3107310",
    "Name": "Negron Martinez, Daianne L.",
    "Fed": "PUR",
    "Sex": "F",
    "Title": "",
    "WTit": "",
    "OTit": "",
    "FOA": "1498",
    "Rating": "AUG25",
    "Gms": "0",
    "K": "40",
    "B-day": "2006",
    "Flag": "wi"
  },
  {
    "ID Number": "3109380",
    "Name": "Ng Mora, Jeffrey",
    "Fed": "PUR",
    "Sex": "M",
    "Title": "",
    "WTit": "NI",
    "OTit": "",
    "FOA": "1955",
    "Rating": "AUG25",
    "Gms": "0",
    "K": "20",
    "B-day": "1980",
    "Flag": ""
  },
  {
    "ID Number": "3109399",
    "Name": "Ng Mora, Joshua",
    "Fed": "PUR",
    "Sex": "M",
    "Title": "",
    "WTit": "",
    "OTit": "",
    "FOA": "1842",
    "Rating": "AUG25",
    "Gms": "0",
    "K": "20",
    "B-day": "1992",
    "Flag": ""
  },
  {
    "ID Number": "3112799",
    "Name": "Nieves Cobian, Angel",
    "Fed": "PUR",
    "Sex": "M",
    "Title": "",
    "WTit": "",
    "OTit": "",
    "FOA": "1745",
    "Rating": "AUG25",
    "Gms": "4",
    "K": "40",
    "B-day": "1955",
    "Flag": ""
  },
  {
    "ID Number": "3100340",
    "Name": "Nunez Velez, Walter",
    "Fed": "PUR",
    "Sex": "M",
    "Title": "",
    "WTit": "",
    "OTit": "",
    "FOA": "1963",
    "Rating": "AUG25",
    "Gms": "0",
    "K": "20",
    "B-day": "1969",
    "Flag": "i"
  },
  {
    "ID Number": "3109437",
    "Name": "Olivari De Jesus, Felix A.",
    "Fed": "PUR",
    "Sex": "M",
    "Title": "",
    "WTit": "NA",
    "OTit": "",
    "FOA": "1681",
    "Rating": "AUG25",
    "Gms": "0",
    "K": "40",
    "B-day": "1975",
    "Flag": ""
  },
  {
    "ID Number": "3109976",
    "Name": "Oquendo Plaza, Victor",
    "Fed": "PUR",
    "Sex": "M",
    "Title": "",
    "WTit": "",
    "OTit": "",
    "FOA": "1812",
    "Rating": "AUG25",
    "Gms": "0",
    "K": "20",
    "B-day": "1959",
    "Flag": ""
  },
  {
    "ID Number": "3113973",
    "Name": "Orr, Michael E.",
    "Fed": "PUR",
    "Sex": "M",
    "Title": "",
    "WTit": "",
    "OTit": "",
    "FOA": "1631",
    "Rating": "AUG25",
    "Gms": "9",
    "K": "40",
    "B-day": "2010",
    "Flag": ""
  },
  {
    "ID Number": "3110958",
    "Name": "Ortega Rivera, Gadiel L.",
    "Fed": "PUR",
    "Sex": "M",
    "Title": "",
    "WTit": "",
    "OTit": "",
    "FOA": "1502",
    "Rating": "AUG25",
    "Gms": "0",
    "K": "40",
    "B-day": "2006",
    "Flag": ""
  },
  {
    "ID Number": "3105199",
    "Name": "Ortiz Bigio, Antonio L.",
    "Fed": "PUR",
    "Sex": "M",
    "Title": "",
    "WTit": "",
    "OTit": "",
    "FOA": "1751",
    "Rating": "AUG25",
    "Gms": "0",
    "K": "20",
    "B-day": "2002",
    "Flag": "i"
  },
  {
    "ID Number": "3108937",
    "Name": "Ortiz Figueroa, Christian Y.",
    "Fed": "PUR",
    "Sex": "M",
    "Title": "",
    "WTit": "",
    "OTit": "",
    "FOA": "1688",
    "Rating": "AUG25",
    "Gms": "0",
    "K": "20",
    "B-day": "1999",
    "Flag": ""
  },
  {
    "ID Number": "3106381",
    "Name": "Ortiz Gonzalez, Dario W.",
    "Fed": "PUR",
    "Sex": "M",
    "Title": "",
    "WTit": "NA",
    "OTit": "",
    "FOA": "1818",
    "Rating": "AUG25",
    "Gms": "0",
    "K": "20",
    "B-day": "1979",
    "Flag": "i"
  },
  {
    "ID Number": "3112586",
    "Name": "Ortiz Lespier, Jaime",
    "Fed": "PUR",
    "Sex": "M",
    "Title": "",
    "WTit": "SI",
    "OTit": "",
    "FOA": "1492",
    "Rating": "AUG25",
    "Gms": "0",
    "K": "40",
    "B-day": "2005",
    "Flag": ""
  },
  {
    "ID Number": "3103510",
    "Name": "Ortiz Ocasio, Jose Antonio",
    "Fed": "PUR",
    "Sex": "M",
    "Title": "",
    "WTit": "FI,NA",
    "OTit": "",
    "FOA": "1801",
    "Rating": "AUG25",
    "Gms": "0",
    "K": "20",
    "B-day": "1981",
    "Flag": "i"
  },
  {
    "ID Number": "3110400",
    "Name": "Ortiz Ortiz, Abner",
    "Fed": "PUR",
    "Sex": "M",
    "Title": "",
    "WTit": "",
    "OTit": "",
    "FOA": "1608",
    "Rating": "AUG25",
    "Gms": "3",
    "K": "40",
    "B-day": "1996",
    "Flag": ""
  },
  {
    "ID Number": "3106926",
    "Name": "Ortiz Santana, Eddie",
    "Fed": "PUR",
    "Sex": "M",
    "Title": "",
    "WTit": "NA",
    "OTit": "",
    "FOA": "1739",
    "Rating": "AUG25",
    "Gms": "0",
    "K": "20",
    "B-day": "1995",
    "Flag": "i"
  },
  {
    "ID Number": "3111784",
    "Name": "Pacheco Calderon, Jarek",
    "Fed": "PUR",
    "Sex": "M",
    "Title": "",
    "WTit": "",
    "OTit": "",
    "FOA": "1773",
    "Rating": "AUG25",
    "Gms": "0",
    "K": "40",
    "B-day": "2011",
    "Flag": ""
  },
  {
    "ID Number": "3111180",
    "Name": "Pacheco Daniels, Alexander",
    "Fed": "PUR",
    "Sex": "M",
    "Title": "",
    "WTit": "",
    "OTit": "",
    "FOA": "1793",
    "Rating": "AUG25",
    "Gms": "0",
    "K": "40",
    "B-day": "1968",
    "Flag": "i"
  },
  {
    "ID Number": "3112594",
    "Name": "Pacheco Rosario, Juan C.",
    "Fed": "PUR",
    "Sex": "M",
    "Title": "",
    "WTit": "",
    "OTit": "",
    "FOA": "1644",
    "Rating": "AUG25",
    "Gms": "2",
    "K": "40",
    "B-day": "2010",
    "Flag": ""
  },
  {
    "ID Number": "3104672",
    "Name": "Padin Rivera, Juan R.",
    "Fed": "PUR",
    "Sex": "M",
    "Title": "",
    "WTit": "",
    "OTit": "",
    "FOA": "1881",
    "Rating": "AUG25",
    "Gms": "0",
    "K": "20",
    "B-day": "1992",
    "Flag": "i"
  },
  {
    "ID Number": "3103366",
    "Name": "Pagan Schelmetty, Hiram",
    "Fed": "PUR",
    "Sex": "M",
    "Title": "",
    "WTit": "",
    "OTit": "",
    "FOA": "1892",
    "Rating": "AUG25",
    "Gms": "0",
    "K": "20",
    "B-day": "0",
    "Flag": ""
  },
  {
    "ID Number": "3112357",
    "Name": "Patel, Dhyaan",
    "Fed": "PUR",
    "Sex": "M",
    "Title": "",
    "WTit": "",
    "OTit": "",
    "FOA": "1570",
    "Rating": "AUG25",
    "Gms": "0",
    "K": "40",
    "B-day": "2013",
    "Flag": ""
  },
  {
    "ID Number": "3112489",
    "Name": "Patel, Labhesh",
    "Fed": "PUR",
    "Sex": "M",
    "Title": "",
    "WTit": "",
    "OTit": "",
    "FOA": "1449",
    "Rating": "AUG25",
    "Gms": "2",
    "K": "40",
    "B-day": "1973",
    "Flag": ""
  },
  {
    "ID Number": "3112470",
    "Name": "Patel, Yash",
    "Fed": "PUR",
    "Sex": "M",
    "Title": "",
    "WTit": "",
    "OTit": "",
    "FOA": "1569",
    "Rating": "AUG25",
    "Gms": "2",
    "K": "40",
    "B-day": "2013",
    "Flag": ""
  },
  {
    "ID Number": "3105920",
    "Name": "Pedrosa Class, Jose D.",
    "Fed": "PUR",
    "Sex": "M",
    "Title": "",
    "WTit": "",
    "OTit": "",
    "FOA": "1729",
    "Rating": "AUG25",
    "Gms": "0",
    "K": "20",
    "B-day": "1997",
    "Flag": "i"
  },
  {
    "ID Number": "3110850",
    "Name": "Pedrosa Rivera, Joshua",
    "Fed": "PUR",
    "Sex": "M",
    "Title": "",
    "WTit": "",
    "OTit": "",
    "FOA": "1788",
    "Rating": "AUG25",
    "Gms": "4",
    "K": "40",
    "B-day": "2009",
    "Flag": ""
  },
  {
    "ID Number": "3109755",
    "Name": "Perez Perez, Danay",
    "Fed": "PUR",
    "Sex": "F",
    "Title": "",
    "WTit": "SI,NA",
    "OTit": "",
    "FOA": "1512",
    "Rating": "AUG25",
    "Gms": "0",
    "K": "40",
    "B-day": "1997",
    "Flag": "wi"
  },
  {
    "ID Number": "3113035",
    "Name": "Perez Quinones, Malcolm J.",
    "Fed": "PUR",
    "Sex": "M",
    "Title": "",
    "WTit": "",
    "OTit": "",
    "FOA": "1725",
    "Rating": "AUG25",
    "Gms": "5",
    "K": "40",
    "B-day": "2010",
    "Flag": ""
  },
  {
    "ID Number": "3109801",
    "Name": "Perez Santana, Sebastian D.",
    "Fed": "PUR",
    "Sex": "M",
    "Title": "",
    "WTit": "",
    "OTit": "",
    "FOA": "1481",
    "Rating": "AUG25",
    "Gms": "0",
    "K": "40",
    "B-day": "2009",
    "Flag": "i"
  },
  {
    "ID Number": "3101762",
    "Name": "Pinales Roussel, Gabriel",
    "Fed": "PUR",
    "Sex": "M",
    "Title": "CM",
    "WTit": "",
    "OTit": "",
    "FOA": "1938",
    "Rating": "AUG25",
    "Gms": "0",
    "K": "20",
    "B-day": "1998",
    "Flag": "i"
  },
  {
    "ID Number": "3106675",
    "Name": "Quinones Soto, Juan D.",
    "Fed": "PUR",
    "Sex": "M",
    "Title": "",
    "WTit": "",
    "OTit": "",
    "FOA": "1465",
    "Rating": "AUG25",
    "Gms": "0",
    "K": "40",
    "B-day": "2008",
    "Flag": "i"
  },
  {
    "ID Number": "3103447",
    "Name": "Quinones Springhoff, Jose Luis",
    "Fed": "PUR",
    "Sex": "M",
    "Title": "",
    "WTit": "",
    "OTit": "",
    "FOA": "1871",
    "Rating": "AUG25",
    "Gms": "0",
    "K": "20",
    "B-day": "1975",
    "Flag": "i"
  },
  {
    "ID Number": "3102483",
    "Name": "Quinones Torres, Bryan",
    "Fed": "PUR",
    "Sex": "M",
    "Title": "",
    "WTit": "",
    "OTit": "",
    "FOA": "1771",
    "Rating": "AUG25",
    "Gms": "0",
    "K": "20",
    "B-day": "1993",
    "Flag": ""
  },
  {
    "ID Number": "3112845",
    "Name": "Quinones Vargas, Ian S.",
    "Fed": "PUR",
    "Sex": "M",
    "Title": "",
    "WTit": "",
    "OTit": "",
    "FOA": "1577",
    "Rating": "AUG25",
    "Gms": "0",
    "K": "40",
    "B-day": "2002",
    "Flag": "i"
  },
  {
    "ID Number": "3100472",
    "Name": "Ramirez Lopez, Carlos",
    "Fed": "PUR",
    "Sex": "M",
    "Title": "CM",
    "WTit": "",
    "OTit": "",
    "FOA": "1966",
    "Rating": "AUG25",
    "Gms": "0",
    "K": "20",
    "B-day": "1973",
    "Flag": "i"
  },
  {
    "ID Number": "3109682",
    "Name": "Ramirez Zea, Juan P.",
    "Fed": "PUR",
    "Sex": "M",
    "Title": "",
    "WTit": "",
    "OTit": "",
    "FOA": "1811",
    "Rating": "AUG25",
    "Gms": "0",
    "K": "20",
    "B-day": "2005",
    "Flag": ""
  },
  {
    "ID Number": "3109690",
    "Name": "Ramirez Zea, Rafael J.",
    "Fed": "PUR",
    "Sex": "M",
    "Title": "",
    "WTit": "",
    "OTit": "",
    "FOA": "1849",
    "Rating": "AUG25",
    "Gms": "0",
    "K": "40",
    "B-day": "2008",
    "Flag": ""
  },
  {
    "ID Number": "3104516",
    "Name": "Ramos Roman, Miles",
    "Fed": "PUR",
    "Sex": "M",
    "Title": "",
    "WTit": "",
    "OTit": "",
    "FOA": "1992",
    "Rating": "AUG25",
    "Gms": "0",
    "K": "20",
    "B-day": "1996",
    "Flag": "i"
  },
  {
    "ID Number": "3105601",
    "Name": "Requena Torres, Luis A.",
    "Fed": "PUR",
    "Sex": "M",
    "Title": "",
    "WTit": "NA",
    "OTit": "",
    "FOA": "1777",
    "Rating": "AUG25",
    "Gms": "0",
    "K": "20",
    "B-day": "1974",
    "Flag": ""
  },
  {
    "ID Number": "3105962",
    "Name": "Reyes Landrau, Jose R.",
    "Fed": "PUR",
    "Sex": "M",
    "Title": "",
    "WTit": "NI,NA",
    "OTit": "",
    "FOA": "1770",
    "Rating": "AUG25",
    "Gms": "0",
    "K": "20",
    "B-day": "1966",
    "Flag": "i"
  },
  {
    "ID Number": "3111628",
    "Name": "Reyes Rivera, Derek R.",
    "Fed": "PUR",
    "Sex": "M",
    "Title": "",
    "WTit": "",
    "OTit": "",
    "FOA": "1460",
    "Rating": "AUG25",
    "Gms": "4",
    "K": "40",
    "B-day": "2010",
    "Flag": ""
  },
  {
    "ID Number": "6424643",
    "Name": "Richiez Guillen, Ciara Bernadette",
    "Fed": "PUR",
    "Sex": "F",
    "Title": "",
    "WTit": "",
    "OTit": "",
    "FOA": "1611",
    "Rating": "AUG25",
    "Gms": "0",
    "K": "20",
    "B-day": "2001",
    "Flag": "wi"
  },
  {
    "ID Number": "3101789",
    "Name": "Rios Maldonado, Javier",
    "Fed": "PUR",
    "Sex": "M",
    "Title": "",
    "WTit": "",
    "OTit": "",
    "FOA": "1855",
    "Rating": "AUG25",
    "Gms": "0",
    "K": "20",
    "B-day": "1996",
    "Flag": "i"
  },
  {
    "ID Number": "3104273",
    "Name": "Rivera Cantu, Lemuel",
    "Fed": "PUR",
    "Sex": "M",
    "Title": "",
    "WTit": "",
    "OTit": "",
    "FOA": "1846",
    "Rating": "AUG25",
    "Gms": "4",
    "K": "20",
    "B-day": "1997",
    "Flag": ""
  },
  {
    "ID Number": "3100464",
    "Name": "Rivera Hazim, Edwardo",
    "Fed": "PUR",
    "Sex": "M",
    "Title": "",
    "WTit": "",
    "OTit": "",
    "FOA": "2007",
    "Rating": "AUG25",
    "Gms": "0",
    "K": "20",
    "B-day": "1992",
    "Flag": ""
  },
  {
    "ID Number": "3112446",
    "Name": "Rivera Irizarry, Denzel F.",
    "Fed": "PUR",
    "Sex": "M",
    "Title": "",
    "WTit": "",
    "OTit": "",
    "FOA": "1563",
    "Rating": "AUG25",
    "Gms": "4",
    "K": "40",
    "B-day": "2013",
    "Flag": ""
  },
  {
    "ID Number": "3101177",
    "Name": "Rivera Negron, Yanira",
    "Fed": "PUR",
    "Sex": "F",
    "Title": "WCM",
    "WTit": "WCM",
    "OTit": "",
    "FOA": "1778",
    "Rating": "AUG25",
    "Gms": "0",
    "K": "20",
    "B-day": "1989",
    "Flag": "w"
  },
  {
    "ID Number": "3109402",
    "Name": "Rivera Ramirez, Alexis O.",
    "Fed": "PUR",
    "Sex": "M",
    "Title": "",
    "WTit": "",
    "OTit": "",
    "FOA": "1588",
    "Rating": "AUG25",
    "Gms": "0",
    "K": "40",
    "B-day": "2006",
    "Flag": "i"
  },
  {
    "ID Number": "3103595",
    "Name": "Rivera Rivera, Roberto I.",
    "Fed": "PUR",
    "Sex": "M",
    "Title": "",
    "WTit": "",
    "OTit": "",
    "FOA": "1834",
    "Rating": "AUG25",
    "Gms": "0",
    "K": "20",
    "B-day": "1999",
    "Flag": "i"
  },
  {
    "ID Number": "3110818",
    "Name": "Rivera Valentin, Christian Z.",
    "Fed": "PUR",
    "Sex": "M",
    "Title": "",
    "WTit": "NA",
    "OTit": "",
    "FOA": "1786",
    "Rating": "AUG25",
    "Gms": "4",
    "K": "20",
    "B-day": "2006",
    "Flag": ""
  },
  {
    "ID Number": "3110877",
    "Name": "Rivera Vega, Javier",
    "Fed": "PUR",
    "Sex": "M",
    "Title": "",
    "WTit": "",
    "OTit": "",
    "FOA": "1642",
    "Rating": "AUG25",
    "Gms": "0",
    "K": "40",
    "B-day": "2006",
    "Flag": ""
  },
  {
    "ID Number": "3109810",
    "Name": "Robles Ojeda, Adryel",
    "Fed": "PUR",
    "Sex": "M",
    "Title": "",
    "WTit": "",
    "OTit": "",
    "FOA": "1741",
    "Rating": "AUG25",
    "Gms": "0",
    "K": "20",
    "B-day": "1996",
    "Flag": "i"
  },
  {
    "ID Number": "3108180",
    "Name": "Rodriguez Chervony, Eliezer",
    "Fed": "PUR",
    "Sex": "M",
    "Title": "",
    "WTit": "",
    "OTit": "",
    "FOA": "1806",
    "Rating": "AUG25",
    "Gms": "0",
    "K": "20",
    "B-day": "1987",
    "Flag": "i"
  },
  {
    "ID Number": "3109640",
    "Name": "Rodriguez De Jesus, Sergio D.",
    "Fed": "PUR",
    "Sex": "M",
    "Title": "",
    "WTit": "",
    "OTit": "",
    "FOA": "1440",
    "Rating": "AUG25",
    "Gms": "0",
    "K": "20",
    "B-day": "2003",
    "Flag": ""
  },
  {
    "ID Number": "3103889",
    "Name": "Rodriguez Figueroa, Jesus",
    "Fed": "PUR",
    "Sex": "M",
    "Title": "",
    "WTit": "",
    "OTit": "",
    "FOA": "1614",
    "Rating": "AUG25",
    "Gms": "0",
    "K": "20",
    "B-day": "1999",
    "Flag": "i"
  },
  {
    "ID Number": "3102971",
    "Name": "Rodriguez Gonzalez, Angel G.",
    "Fed": "PUR",
    "Sex": "M",
    "Title": "",
    "WTit": "",
    "OTit": "",
    "FOA": "1814",
    "Rating": "AUG25",
    "Gms": "0",
    "K": "20",
    "B-day": "2000",
    "Flag": ""
  },
  {
    "ID Number": "3104176",
    "Name": "Rodriguez Miranda, Jaime",
    "Fed": "PUR",
    "Sex": "M",
    "Title": "",
    "WTit": "",
    "OTit": "",
    "FOA": "1896",
    "Rating": "AUG25",
    "Gms": "0",
    "K": "20",
    "B-day": "1982",
    "Flag": "i"
  },
  {
    "ID Number": "3112110",
    "Name": "Rodriguez Rodriguez, Ian G.",
    "Fed": "PUR",
    "Sex": "M",
    "Title": "",
    "WTit": "",
    "OTit": "",
    "FOA": "1541",
    "Rating": "AUG25",
    "Gms": "4",
    "K": "40",
    "B-day": "2003",
    "Flag": ""
  },
  {
    "ID Number": "3111440",
    "Name": "Rodriguez Rosario, Abdiel D.",
    "Fed": "PUR",
    "Sex": "M",
    "Title": "",
    "WTit": "",
    "OTit": "",
    "FOA": "1683",
    "Rating": "AUG25",
    "Gms": "0",
    "K": "40",
    "B-day": "2005",
    "Flag": "i"
  },
  {
    "ID Number": "3113540",
    "Name": "Rodriguez Rosario, Manuel",
    "Fed": "PUR",
    "Sex": "M",
    "Title": "",
    "WTit": "",
    "OTit": "",
    "FOA": "1465",
    "Rating": "AUG25",
    "Gms": "0",
    "K": "40",
    "B-day": "2011",
    "Flag": ""
  },
  {
    "ID Number": "3104230",
    "Name": "Rodriguez Rosich, Carlos",
    "Fed": "PUR",
    "Sex": "M",
    "Title": "",
    "WTit": "",
    "OTit": "",
    "FOA": "1664",
    "Rating": "AUG25",
    "Gms": "0",
    "K": "20",
    "B-day": "2004",
    "Flag": "i"
  },
  {
    "ID Number": "3102327",
    "Name": "Rodriguez Salgado, Alberto",
    "Fed": "PUR",
    "Sex": "M",
    "Title": "",
    "WTit": "",
    "OTit": "",
    "FOA": "1760",
    "Rating": "AUG25",
    "Gms": "0",
    "K": "40",
    "B-day": "0",
    "Flag": "i"
  },
  {
    "ID Number": "3100898",
    "Name": "Rodriguez Santiago, Jaime",
    "Fed": "PUR",
    "Sex": "M",
    "Title": "FM",
    "WTit": "NA",
    "OTit": "",
    "FOA": "2047",
    "Rating": "AUG25",
    "Gms": "6",
    "K": "20",
    "B-day": "1990",
    "Flag": ""
  },
  {
    "ID Number": "3116239",
    "Name": "Rodriguez Soto, Joseph K.",
    "Fed": "PUR",
    "Sex": "M",
    "Title": "",
    "WTit": "",
    "OTit": "",
    "FOA": "1636",
    "Rating": "AUG25",
    "Gms": "0",
    "K": "40",
    "B-day": "2005",
    "Flag": ""
  },
  {
    "ID Number": "3114791",
    "Name": "Rodriguez Torres, Ian M.",
    "Fed": "PUR",
    "Sex": "M",
    "Title": "",
    "WTit": "",
    "OTit": "",
    "FOA": "1471",
    "Rating": "AUG25",
    "Gms": "0",
    "K": "40",
    "B-day": "2012",
    "Flag": ""
  },
  {
    "ID Number": "3106810",
    "Name": "Rolon Loperena, Armando R.",
    "Fed": "PUR",
    "Sex": "M",
    "Title": "",
    "WTit": "",
    "OTit": "",
    "FOA": "1653",
    "Rating": "AUG25",
    "Gms": "0",
    "K": "40",
    "B-day": "2007",
    "Flag": "i"
  },
  {
    "ID Number": "3104079",
    "Name": "Rosa Pumarejo, Cesar",
    "Fed": "PUR",
    "Sex": "M",
    "Title": "",
    "WTit": "",
    "OTit": "",
    "FOA": "1909",
    "Rating": "AUG25",
    "Gms": "0",
    "K": "20",
    "B-day": "1996",
    "Flag": "i"
  },
  {
    "ID Number": "3101312",
    "Name": "Rosado Anazagasti, Rafael",
    "Fed": "PUR",
    "Sex": "M",
    "Title": "",
    "WTit": "",
    "OTit": "",
    "FOA": "1926",
    "Rating": "AUG25",
    "Gms": "0",
    "K": "20",
    "B-day": "1981",
    "Flag": "i"
  },
  {
    "ID Number": "3108678",
    "Name": "Rosado Cordero, Jose O.",
    "Fed": "PUR",
    "Sex": "M",
    "Title": "",
    "WTit": "",
    "OTit": "",
    "FOA": "1922",
    "Rating": "AUG25",
    "Gms": "0",
    "K": "20",
    "B-day": "1973",
    "Flag": "i"
  },
  {
    "ID Number": "3109240",
    "Name": "Rosado Torres, Dante",
    "Fed": "PUR",
    "Sex": "M",
    "Title": "",
    "WTit": "",
    "OTit": "",
    "FOA": "1641",
    "Rating": "AUG25",
    "Gms": "0",
    "K": "40",
    "B-day": "2008",
    "Flag": "i"
  },
  {
    "ID Number": "3106756",
    "Name": "Rosich Lopez, Walter",
    "Fed": "PUR",
    "Sex": "M",
    "Title": "",
    "WTit": "",
    "OTit": "",
    "FOA": "1505",
    "Rating": "AUG25",
    "Gms": "0",
    "K": "40",
    "B-day": "2010",
    "Flag": ""
  },
  {
    "ID Number": "3109720",
    "Name": "Ruiz Rios, Jessiel",
    "Fed": "PUR",
    "Sex": "M",
    "Title": "",
    "WTit": "",
    "OTit": "",
    "FOA": "1526",
    "Rating": "AUG25",
    "Gms": "8",
    "K": "40",
    "B-day": "2009",
    "Flag": ""
  },
  {
    "ID Number": "3104141",
    "Name": "Russi Roman, Tano",
    "Fed": "PUR",
    "Sex": "M",
    "Title": "",
    "WTit": "",
    "OTit": "",
    "FOA": "1881",
    "Rating": "AUG25",
    "Gms": "0",
    "K": "20",
    "B-day": "1976",
    "Flag": "i"
  },
  {
    "ID Number": "3114139",
    "Name": "Ryder, Alexander",
    "Fed": "PUR",
    "Sex": "M",
    "Title": "",
    "WTit": "",
    "OTit": "",
    "FOA": "AFM",
    "Rating": "AUG25",
    "Gms": "1613",
    "K": "4",
    "B-day": "2013",
    "Flag": ""
  },
  {
    "ID Number": "3107442",
    "Name": "Sanchez Garcia, Ivan A.",
    "Fed": "PUR",
    "Sex": "M",
    "Title": "",
    "WTit": "",
    "OTit": "",
    "FOA": "1744",
    "Rating": "AUG25",
    "Gms": "0",
    "K": "40",
    "B-day": "2007",
    "Flag": "i"
  },
  {
    "ID Number": "3108171",
    "Name": "Sanchez Martinez, Xavier",
    "Fed": "PUR",
    "Sex": "M",
    "Title": "",
    "WTit": "NA",
    "OTit": "",
    "FOA": "1786",
    "Rating": "AUG25",
    "Gms": "0",
    "K": "20",
    "B-day": "1992",
    "Flag": "i"
  },
  {
    "ID Number": "3110036",
    "Name": "Santa Cruz, Abimael",
    "Fed": "PUR",
    "Sex": "M",
    "Title": "",
    "WTit": "",
    "OTit": "",
    "FOA": "1705",
    "Rating": "AUG25",
    "Gms": "0",
    "K": "20",
    "B-day": "2001",
    "Flag": "i"
  },
  {
    "ID Number": "3107116",
    "Name": "Santa Ramirez, Alexander",
    "Fed": "PUR",
    "Sex": "M",
    "Title": "",
    "WTit": "",
    "OTit": "",
    "FOA": "1778",
    "Rating": "AUG25",
    "Gms": "0",
    "K": "20",
    "B-day": "1998",
    "Flag": "i"
  },
  {
    "ID Number": "3100189",
    "Name": "Santa Torres, Luis A.",
    "Fed": "PUR",
    "Sex": "M",
    "Title": "CM",
    "WTit": "",
    "OTit": "",
    "FOA": "2122",
    "Rating": "AUG25",
    "Gms": "0",
    "K": "20",
    "B-day": "1968",
    "Flag": "i"
  },
  {
    "ID Number": "3105261",
    "Name": "Santana Ortiz, Wilberto",
    "Fed": "PUR",
    "Sex": "M",
    "Title": "",
    "WTit": "",
    "OTit": "",
    "FOA": "1502",
    "Rating": "AUG25",
    "Gms": "0",
    "K": "20",
    "B-day": "2000",
    "Flag": "i"
  },
  {
    "ID Number": "3100090",
    "Name": "Santana Otero, Orlando",
    "Fed": "PUR",
    "Sex": "M",
    "Title": "CM",
    "WTit": "",
    "OTit": "",
    "FOA": "2140",
    "Rating": "AUG25",
    "Gms": "0",
    "K": "20",
    "B-day": "1960",
    "Flag": "i"
  },
  {
    "ID Number": "3111881",
    "Name": "Santiago Berrios, Jan M.",
    "Fed": "PUR",
    "Sex": "M",
    "Title": "",
    "WTit": "",
    "OTit": "",
    "FOA": "1683",
    "Rating": "AUG25",
    "Gms": "0",
    "K": "40",
    "B-day": "2005",
    "Flag": ""
  },
  {
    "ID Number": "3106306",
    "Name": "Santiago Colon, Brian O.",
    "Fed": "PUR",
    "Sex": "M",
    "Title": "",
    "WTit": "",
    "OTit": "",
    "FOA": "1870",
    "Rating": "AUG25",
    "Gms": "0",
    "K": "20",
    "B-day": "1997",
    "Flag": "i"
  },
  {
    "ID Number": "3102424",
    "Name": "Santiago Fernandez, Joel A.",
    "Fed": "PUR",
    "Sex": "M",
    "Title": "CM",
    "WTit": "",
    "OTit": "",
    "FOA": "1802",
    "Rating": "AUG25",
    "Gms": "0",
    "K": "20",
    "B-day": "2002",
    "Flag": ""
  },
  {
    "ID Number": "3109364",
    "Name": "Santiago Izquierdo, Doan",
    "Fed": "PUR",
    "Sex": "M",
    "Title": "",
    "WTit": "",
    "OTit": "",
    "FOA": "1830",
    "Rating": "AUG25",
    "Gms": "4",
    "K": "40",
    "B-day": "1995",
    "Flag": ""
  },
  {
    "ID Number": "3113914",
    "Name": "Santiago Rodriguez, Leonardo",
    "Fed": "PUR",
    "Sex": "M",
    "Title": "",
    "WTit": "",
    "OTit": "",
    "FOA": "1703",
    "Rating": "AUG25",
    "Gms": "2",
    "K": "40",
    "B-day": "1989",
    "Flag": ""
  },
  {
    "ID Number": "3100863",
    "Name": "Schwabe Rivera, Ulrich",
    "Fed": "PUR",
    "Sex": "M",
    "Title": "",
    "WTit": "",
    "OTit": "",
    "FOA": "1744",
    "Rating": "AUG25",
    "Gms": "0",
    "K": "20",
    "B-day": "1953",
    "Flag": "i"
  },
  {
    "ID Number": "3108040",
    "Name": "Serrano Rivera, Oscar A.",
    "Fed": "PUR",
    "Sex": "M",
    "Title": "",
    "WTit": "",
    "OTit": "",
    "FOA": "1428",
    "Rating": "AUG25",
    "Gms": "0",
    "K": "20",
    "B-day": "2002",
    "Flag": ""
  },
  {
    "ID Number": "3100294",
    "Name": "Shaffer, Alexander",
    "Fed": "PUR",
    "Sex": "M",
    "Title": "",
    "WTit": "",
    "OTit": "",
    "FOA": "1840",
    "Rating": "AUG25",
    "Gms": "0",
    "K": "20",
    "B-day": "1955",
    "Flag": "i"
  },
  {
    "ID Number": "3116000",
    "Name": "Sierra Adorno, Javier",
    "Fed": "PUR",
    "Sex": "M",
    "Title": "",
    "WTit": "",
    "OTit": "",
    "FOA": "1461",
    "Rating": "AUG25",
    "Gms": "0",
    "K": "40",
    "B-day": "2016",
    "Flag": ""
  },
  {
    "ID Number": "3107671",
    "Name": "Silva Vega, Carlos L.",
    "Fed": "PUR",
    "Sex": "M",
    "Title": "",
    "WTit": "",
    "OTit": "",
    "FOA": "1691",
    "Rating": "AUG25",
    "Gms": "0",
    "K": "20",
    "B-day": "1984",
    "Flag": "i"
  },
  {
    "ID Number": "3107710",
    "Name": "Soriano Pereira, Raymond",
    "Fed": "PUR",
    "Sex": "M",
    "Title": "",
    "WTit": "",
    "OTit": "",
    "FOA": "1728",
    "Rating": "AUG25",
    "Gms": "0",
    "K": "20",
    "B-day": "1994",
    "Flag": "i"
  },
  {
    "ID Number": "3100871",
    "Name": "Sosa Pacheco, Luis",
    "Fed": "PUR",
    "Sex": "M",
    "Title": "",
    "WTit": "",
    "OTit": "",
    "FOA": "1857",
    "Rating": "AUG25",
    "Gms": "0",
    "K": "20",
    "B-day": "1997",
    "Flag": "i"
  },
  {
    "ID Number": "3100022",
    "Name": "Sosa Trani, Luis A.",
    "Fed": "PUR",
    "Sex": "M",
    "Title": "FM",
    "WTit": "",
    "OTit": "",
    "FOA": "1916",
    "Rating": "AUG25",
    "Gms": "0",
    "K": "20",
    "B-day": "1958",
    "Flag": "i"
  },
  {
    "ID Number": "3100170",
    "Name": "Sotelo Kohama, Daniel",
    "Fed": "PUR",
    "Sex": "M",
    "Title": "",
    "WTit": "",
    "OTit": "",
    "FOA": "2026",
    "Rating": "AUG25",
    "Gms": "0",
    "K": "20",
    "B-day": "1975",
    "Flag": ""
  },
  {
    "ID Number": "3104095",
    "Name": "Soto Flores, Jose Noel",
    "Fed": "PUR",
    "Sex": "M",
    "Title": "",
    "WTit": "",
    "OTit": "",
    "FOA": "1960",
    "Rating": "AUG25",
    "Gms": "0",
    "K": "20",
    "B-day": "1969",
    "Flag": "i"
  },
  {
    "ID Number": "3102254",
    "Name": "Soto Gonzalez, Ismael R.",
    "Fed": "PUR",
    "Sex": "M",
    "Title": "",
    "WTit": "FI,IA",
    "OTit": "",
    "FOA": "1848",
    "Rating": "AUG25",
    "Gms": "0",
    "K": "20",
    "B-day": "1976",
    "Flag": "i"
  },
  {
    "ID Number": "3107787",
    "Name": "Soto Roman, Luis A.",
    "Fed": "PUR",
    "Sex": "M",
    "Title": "",
    "WTit": "",
    "OTit": "",
    "FOA": "1689",
    "Rating": "AUG25",
    "Gms": "0",
    "K": "40",
    "B-day": "2001",
    "Flag": "i"
  },
  {
    "ID Number": "3105202",
    "Name": "Suarez Figueroa, Carlos U.",
    "Fed": "PUR",
    "Sex": "M",
    "Title": "",
    "WTit": "",
    "OTit": "",
    "FOA": "1588",
    "Rating": "AUG25",
    "Gms": "0",
    "K": "20",
    "B-day": "2002",
    "Flag": "i"
  },
  {
    "ID Number": "3101304",
    "Name": "Suarez Rosa, Angel E.",
    "Fed": "PUR",
    "Sex": "M",
    "Title": "",
    "WTit": "",
    "OTit": "",
    "FOA": "1913",
    "Rating": "AUG25",
    "Gms": "4",
    "K": "20",
    "B-day": "1974",
    "Flag": ""
  },
  {
    "ID Number": "3100430",
    "Name": "Tanco Correa, Daniel",
    "Fed": "PUR",
    "Sex": "M",
    "Title": "",
    "WTit": "",
    "OTit": "",
    "FOA": "2041",
    "Rating": "AUG25",
    "Gms": "0",
    "K": "20",
    "B-day": "1981",
    "Flag": "i"
  },
  {
    "ID Number": "3114856",
    "Name": "Tavhare, Siddhant",
    "Fed": "PUR",
    "Sex": "M",
    "Title": "",
    "WTit": "",
    "OTit": "",
    "FOA": "1506",
    "Rating": "AUG25",
    "Gms": "2",
    "K": "40",
    "B-day": "2013",
    "Flag": ""
  },
  {
    "ID Number": "3112675",
    "Name": "Tirado Vazquez, Luis J.",
    "Fed": "PUR",
    "Sex": "M",
    "Title": "",
    "WTit": "",
    "OTit": "",
    "FOA": "1591",
    "Rating": "AUG25",
    "Gms": "0",
    "K": "40",
    "B-day": "1996",
    "Flag": ""
  },
  {
    "ID Number": "3107949",
    "Name": "Toro Cruz, Sebastian J.",
    "Fed": "PUR",
    "Sex": "M",
    "Title": "",
    "WTit": "SI",
    "OTit": "",
    "FOA": "2018",
    "Rating": "AUG25",
    "Gms": "0",
    "K": "20",
    "B-day": "2006",
    "Flag": ""
  },
  {
    "ID Number": "3110770",
    "Name": "Torres Acosta, Gael",
    "Fed": "PUR",
    "Sex": "M",
    "Title": "",
    "WTit": "",
    "OTit": "",
    "FOA": "1651",
    "Rating": "AUG25",
    "Gms": "0",
    "K": "40",
    "B-day": "2008",
    "Flag": ""
  },
  {
    "ID Number": "3103528",
    "Name": "Torres Crespo, Josue",
    "Fed": "PUR",
    "Sex": "M",
    "Title": "",
    "WTit": "",
    "OTit": "",
    "FOA": "1849",
    "Rating": "AUG25",
    "Gms": "0",
    "K": "20",
    "B-day": "0",
    "Flag": "i"
  },
  {
    "ID Number": "3102238",
    "Name": "Torres Diaz, Carlos D.",
    "Fed": "PUR",
    "Sex": "M",
    "Title": "",
    "WTit": "",
    "OTit": "",
    "FOA": "1739",
    "Rating": "AUG25",
    "Gms": "0",
    "K": "20",
    "B-day": "1958",
    "Flag": ""
  },
  {
    "ID Number": "3112055",
    "Name": "Torres Nieves, Sebastian",
    "Fed": "PUR",
    "Sex": "M",
    "Title": "",
    "WTit": "",
    "OTit": "",
    "FOA": "1489",
    "Rating": "AUG25",
    "Gms": "0",
    "K": "40",
    "B-day": "2008",
    "Flag": ""
  },
  {
    "ID Number": "3111482",
    "Name": "Torres Ortiz, Gabriel",
    "Fed": "PUR",
    "Sex": "M",
    "Title": "",
    "WTit": "",
    "OTit": "",
    "FOA": "1593",
    "Rating": "AUG25",
    "Gms": "0",
    "K": "40",
    "B-day": "2008",
    "Flag": "i"
  },
  {
    "ID Number": "3103188",
    "Name": "Torres Otero, Carlos",
    "Fed": "PUR",
    "Sex": "M",
    "Title": "",
    "WTit": "",
    "OTit": "",
    "FOA": "1703",
    "Rating": "AUG25",
    "Gms": "0",
    "K": "40",
    "B-day": "0",
    "Flag": ""
  },
  {
    "ID Number": "3115305",
    "Name": "Torres Peguero, Eliezer",
    "Fed": "PUR",
    "Sex": "M",
    "Title": "",
    "WTit": "",
    "OTit": "",
    "FOA": "1549",
    "Rating": "AUG25",
    "Gms": "0",
    "K": "40",
    "B-day": "1987",
    "Flag": ""
  },
  {
    "ID Number": "3105520",
    "Name": "Torres Perez, Steven",
    "Fed": "PUR",
    "Sex": "M",
    "Title": "",
    "WTit": "",
    "OTit": "",
    "FOA": "1800",
    "Rating": "AUG25",
    "Gms": "0",
    "K": "20",
    "B-day": "1996",
    "Flag": ""
  },
  {
    "ID Number": "3111660",
    "Name": "Torres Ramirez, Jorge",
    "Fed": "PUR",
    "Sex": "M",
    "Title": "",
    "WTit": "",
    "OTit": "",
    "FOA": "1484",
    "Rating": "AUG25",
    "Gms": "0",
    "K": "40",
    "B-day": "2009",
    "Flag": ""
  },
  {
    "ID Number": "3100650",
    "Name": "Torres Santiago, Jonathan",
    "Fed": "PUR",
    "Sex": "M",
    "Title": "CM",
    "WTit": "",
    "OTit": "",
    "FOA": "2129",
    "Rating": "AUG25",
    "Gms": "0",
    "K": "20",
    "B-day": "1987",
    "Flag": "i"
  },
  {
    "ID Number": "3111164",
    "Name": "Torres Toro, Adrian",
    "Fed": "PUR",
    "Sex": "M",
    "Title": "",
    "WTit": "",
    "OTit": "",
    "FOA": "1624",
    "Rating": "AUG25",
    "Gms": "0",
    "K": "40",
    "B-day": "2009",
    "Flag": "i"
  },
  {
    "ID Number": "3105067",
    "Name": "Traverso Aviles, Wilkins",
    "Fed": "PUR",
    "Sex": "M",
    "Title": "",
    "WTit": "",
    "OTit": "",
    "FOA": "1759",
    "Rating": "AUG25",
    "Gms": "0",
    "K": "20",
    "B-day": "1978",
    "Flag": "i"
  },
  {
    "ID Number": "3111717",
    "Name": "Vales Quinones, Pedro I.",
    "Fed": "PUR",
    "Sex": "M",
    "Title": "",
    "WTit": "SI,NA",
    "OTit": "",
    "FOA": "1711",
    "Rating": "AUG25",
    "Gms": "5",
    "K": "40",
    "B-day": "2003",
    "Flag": ""
  },
  {
    "ID Number": "3107655",
    "Name": "Vargas Cordero, Jesus E.",
    "Fed": "PUR",
    "Sex": "M",
    "Title": "",
    "WTit": "",
    "OTit": "",
    "FOA": "1648",
    "Rating": "AUG25",
    "Gms": "0",
    "K": "40",
    "B-day": "1991",
    "Flag": "i"
  },
  {
    "ID Number": "3110982",
    "Name": "Vasquez Pagan, Diego",
    "Fed": "PUR",
    "Sex": "M",
    "Title": "",
    "WTit": "",
    "OTit": "",
    "FOA": "1731",
    "Rating": "AUG25",
    "Gms": "5",
    "K": "40",
    "B-day": "2013",
    "Flag": ""
  },
  {
    "ID Number": "3107728",
    "Name": "Vazquez Colon, Jaime A.",
    "Fed": "PUR",
    "Sex": "M",
    "Title": "",
    "WTit": "",
    "OTit": "",
    "FOA": "1856",
    "Rating": "AUG25",
    "Gms": "0",
    "K": "20",
    "B-day": "1965",
    "Flag": "i"
  },
  {
    "ID Number": "3101193",
    "Name": "Vazquez Maccarini, Danitza",
    "Fed": "PUR",
    "Sex": "F",
    "Title": "FM",
    "WTit": "WIM",
    "OTit": "",
    "FOA": "2045",
    "Rating": "AUG25",
    "Gms": "0",
    "K": "20",
    "B-day": "2000",
    "Flag": "wi"
  },
  {
    "ID Number": "3113450",
    "Name": "Vazquez Otero, Kiara L.",
    "Fed": "PUR",
    "Sex": "F",
    "Title": "",
    "WTit": "",
    "OTit": "",
    "FOA": "1491",
    "Rating": "AUG25",
    "Gms": "0",
    "K": "40",
    "B-day": "2008",
    "Flag": "w"
  },
  {
    "ID Number": "3101851",
    "Name": "Vega Jimenez, Keyshla M.",
    "Fed": "PUR",
    "Sex": "F",
    "Title": "WCM",
    "WTit": "WCM",
    "OTit": "FI",
    "FOA": "1783",
    "Rating": "AUG25",
    "Gms": "0",
    "K": "20",
    "B-day": "1992",
    "Flag": "w"
  },
  {
    "ID Number": "4401328",
    "Name": "Velasco, Santiago",
    "Fed": "PUR",
    "Sex": "M",
    "Title": "FM",
    "WTit": "",
    "OTit": "",
    "FOA": "2260",
    "Rating": "AUG25",
    "Gms": "0",
    "K": "20",
    "B-day": "1978",
    "Flag": "i"
  },
  {
    "ID Number": "3105423",
    "Name": "Velazquez Hernandez, Yan C.",
    "Fed": "PUR",
    "Sex": "M",
    "Title": "",
    "WTit": "",
    "OTit": "",
    "FOA": "1804",
    "Rating": "AUG25",
    "Gms": "0",
    "K": "20",
    "B-day": "1981",
    "Flag": "i"
  },
  {
    "ID Number": "3105474",
    "Name": "Velazquez Rivera, Pedro J.",
    "Fed": "PUR",
    "Sex": "M",
    "Title": "",
    "WTit": "",
    "OTit": "",
    "FOA": "1795",
    "Rating": "AUG25",
    "Gms": "0",
    "K": "20",
    "B-day": "1985",
    "Flag": "i"
  },
  {
    "ID Number": "3111679",
    "Name": "Velez Feliciano, Vladimir",
    "Fed": "PUR",
    "Sex": "M",
    "Title": "",
    "WTit": "",
    "OTit": "",
    "FOA": "1543",
    "Rating": "AUG25",
    "Gms": "3",
    "K": "40",
    "B-day": "1953",
    "Flag": ""
  },
  {
    "ID Number": "3111644",
    "Name": "Velez Vazquez, Jerry",
    "Fed": "PUR",
    "Sex": "M",
    "Title": "",
    "WTit": "",
    "OTit": "",
    "FOA": "1498",
    "Rating": "AUG25",
    "Gms": "3",
    "K": "40",
    "B-day": "2010",
    "Flag": ""
  },
  {
    "ID Number": "3105326",
    "Name": "Vellon Naveira, Anais",
    "Fed": "PUR",
    "Sex": "F",
    "Title": "",
    "WTit": "",
    "OTit": "",
    "FOA": "1660",
    "Rating": "AUG25",
    "Gms": "0",
    "K": "20",
    "B-day": "1999",
    "Flag": "wi"
  },
  {
    "ID Number": "3103714",
    "Name": "Vellon Naveira, Genesis",
    "Fed": "PUR",
    "Sex": "F",
    "Title": "",
    "WTit": "",
    "OTit": "",
    "FOA": "1577",
    "Rating": "AUG25",
    "Gms": "3",
    "K": "20",
    "B-day": "1997",
    "Flag": "w"
  },
  {
    "ID Number": "3108490",
    "Name": "Vera Perez, Gabriela S.",
    "Fed": "PUR",
    "Sex": "F",
    "Title": "WCM",
    "WTit": "WCM",
    "OTit": "",
    "FOA": "1581",
    "Rating": "AUG25",
    "Gms": "0",
    "K": "40",
    "B-day": "2009",
    "Flag": "w"
  },
  {
    "ID Number": "3105598",
    "Name": "Viera Perez, Jean G.",
    "Fed": "PUR",
    "Sex": "M",
    "Title": "",
    "WTit": "",
    "OTit": "",
    "FOA": "1597",
    "Rating": "AUG25",
    "Gms": "0",
    "K": "40",
    "B-day": "2006",
    "Flag": ""
  },
  {
    "ID Number": "3104435",
    "Name": "Viera Perez, Nestor A.",
    "Fed": "PUR",
    "Sex": "M",
    "Title": "",
    "WTit": "",
    "OTit": "",
    "FOA": "1782",
    "Rating": "AUG25",
    "Gms": "0",
    "K": "20",
    "B-day": "2000",
    "Flag": ""
  },
  {
    "ID Number": "3101460",
    "Name": "Zilleruelo Irizarry, Diego",
    "Fed": "PUR",
    "Sex": "M",
    "Title": "CM",
    "WTit": "",
    "OTit": "",
    "FOA": "2113",
    "Rating": "AUG25",
    "Gms": "6",
    "K": "20",
    "B-day": "1990",
    "Flag": ""
  }
]