[
  {
    "ID Number": "11800011"
  },
  {
    "ID Number": "11800070"
  },
  {
    "ID Number": "11800259"
  },
  {
    "ID Number": "11800518"
  },
  {
    "ID Number": "11800534"
  },
  {
    "ID Number": "11800160"
  },
  {
    "ID Number": "11800194"
  },
  {
    "ID Number": "11800437"
  },
  {
    "ID Number": "11800046"
  },
  {
    "ID Number": "11800356"
  },
  {
    "ID Number": "11800364"
  },
  {
    "ID Number": "11800470"
  },
  {
    "ID Number": "11800089"
  },
  {
    "ID Number": "11800208"
  },
  {
    "ID Number": "11800453"
  },
  {
    "ID Number": "11800127"
  },
  {
    "ID Number": "11800038"
  },
  {
    "ID Number": "11800020"
  },
  {
    "ID Number": "11800291"
  },
  {
    "ID Number": "11800240"
  },
  {
    "ID Number": "11800054"
  },
  {
    "ID Number": "11800500"
  }
]