ID Number,Name,Fed,Sex,Title,WTit,OTit,FOA,Rating,Gms,K,B-day,Flag
1311581,"Abbet, Jean-Luc",SUI,M,,,,1963,AUG25,0,20,1957,i
1322265,"Abbet, Michel",SUI,M,,,,1630,AUG25,0,20,1943,i
1348779,"Abeln, Dirk",SUI,M,,,,1751,AUG25,0,20,1965,i
1341251,"Achelashvili, David",SUI,M,,,,1644,AUG25,0,20,1979,i
1350366,"Ademi, Rexhe",SUI,M,,,,1695,AUG25,6,20,1973,
723886,"Adzic, Slobodan",SUI,M,FM,,,2025,AUG25,0,20,1957,
1344854,"Aegerter, Fabrice",SUI,M,,,,1907,AUG25,0,20,1997,i
1341685,"Aegler, Leandro Fabian",SUI,M,,,,1618,AUG25,0,40,2009,i
551032830,"Aeschbacher, Dimitri",SUI,M,,,,2012,AUG25,0,40,2012,
651084821,"Aeschbacher, Gregoire",SUI,M,,,,1787,AUG25,0,40,2014,
1305506,"Akermann, Thomas",SUI,M,,,,2164,AUG25,0,20,1974,i
1346750,"Akinkhov, Mikhail",SUI,M,,,,1726,AUG25,0,40,2010,
1317890,"Aklin, Heinz",SUI,M,,,,1884,AUG25,0,20,1951,i
1319477,"Albicker, Laurenz",SUI,M,,,,1680,AUG25,0,20,1956,i
24605425,"Alic, Miran",SUI,M,,,,1993,AUG25,0,20,1984,i
1367277,"Alija, Hilmi",SUI,M,,,,1625,AUG25,0,40,1962,
1350986,"Alissa, Nikola",SUI,M,,,,1713,AUG25,0,20,2000,i
1346270,"Aliu, Nexhat",SUI,M,,,,1935,AUG25,0,20,1969,i
1370910,"Alves, Duarte",SUI,M,,,,1673,AUG25,7,40,2001,
1303848,"Ambrosini, Nicola",SUI,M,,,,2209,AUG25,0,20,1976,i
1357972,"Ammeter, Nicolas",SUI,M,,,,1667,AUG25,0,40,2008,i
1363522,"Amsellen, Daniel",SUI,M,,,,1616,AUG25,0,40,2005,i
1334840,"Amzallag,Igal",SUI,M,,,,1910,AUG25,0,20,1971,i
1336851,"Anand, Aryan",SUI,M,,,,ACM,AUG25,1836,0,2007,i
1310410,"Andjelkovic, Slavoljub",SUI,M,,,,1803,AUG25,0,20,1961,
1341243,"Andrieu, Arnold",SUI,M,,,,1770,AUG25,0,20,1988,
1308718,"Andrist, Pascal",SUI,M,,,,2091,AUG25,0,20,1986,
1352873,"Angelovski, Emanuel",SUI,M,,,,1818,AUG25,0,40,2010,
1319760,"Angst, Markus",SUI,M,,,,1787,AUG25,0,20,1958,
1334069,"Angst, Oliver",SUI,M,,,,2104,AUG25,0,20,2002,
1319744,"Angst, Robin",SUI,M,,,,2144,AUG25,0,20,1994,
1353292,"Anscutte, Valentin",SUI,M,,,,1627,AUG25,0,20,1992,i
1360515,"Antonijevic, Tomas",SUI,M,,,,1543,AUG25,0,40,2011,i
1348264,"Aragonda, Sahasra",SUI,F,,,,1538,AUG25,0,40,2015,w
1323725,"Arcuti, Davide",SUI,M,IM,,,2316,AUG25,0,20,1999,
1348060,"Aregger, Nando",SUI,M,,,,1686,AUG25,0,40,2010,i
1311476,"Arend, Michal",SUI,M,,,,1877,AUG25,0,20,1949,i
1311590,"Arocha, Carlos",SUI,M,,,,1854,AUG25,0,20,1962,
1345923,"Arsenie, Cristian Marc",SUI,M,,,,1933,AUG25,0,40,2009,i
1346865,"Artan, Tamir",SUI,M,,,,2004,AUG25,0,40,2008,
1335189,"Arulanantham, Aneet",SUI,M,,,,1896,AUG25,0,20,2000,i
1341332,"Asllani, Dorian",SUI,M,FM,,,2183,AUG25,0,40,2007,
1316192,"Atashi, Kamer",SUI,M,,,,1693,AUG25,0,20,1949,i
1365037,"Atif, Mohammad Haris",SUI,M,,,,1643,AUG25,0,40,1993,
1309951,"Atukeren, Erdal",SUI,M,,,,AFM,AUG25,1913,0,1964,i
1349317,"Auger, David",SUI,M,,,,1554,AUG25,0,20,2004,i
1335723,"Avaria, Diego",SUI,M,,,,1834,AUG25,8,40,1970,
34166073,"Avilova, Yulia",SUI,F,,,,1768,AUG25,9,20,2004,w
1319248,"Aymon, Jerome",SUI,M,,,,1871,AUG25,0,40,1997,
1351303,"Aznar, Benjamin",SUI,M,,,,1794,AUG25,7,20,1980,
1344226,"Aznar, Mae",SUI,F,,,,1512,AUG25,0,40,2006,wi
1310291,"Babel, Ludovic",SUI,M,,,,1665,AUG25,0,20,1981,i
1321188,"Babey, Jean-Pierre",SUI,M,,,,1937,AUG25,0,40,1949,
1337440,"Babineca, Darja",SUI,F,,,,1843,AUG25,0,20,2004,wi
1313908,"Bachmann, Christian",SUI,M,,,,1809,AUG25,0,20,1948,i
1357492,"Bachmann, Daniel",SUI,M,,,,ACM,AUG25,1786,5,1978,
1350331,"Baechler, Alexandre",SUI,M,,,,1648,AUG25,0,20,2004,i
1330110,"Baenziger, Fabian",SUI,M,IM,,,2365,AUG25,0,20,2002,
1351753,"Baghirov, Rasul",SUI,M,,,,1928,AUG25,0,20,1969,
1307347,"Bagri, Jaspaul",SUI,M,,,,2114,AUG25,0,20,1964,i
1357395,"Baisse, Rose",SUI,F,,,,1633,AUG25,9,40,2011,w
1346288,"Bajrami, Feriz",SUI,M,,,,1785,AUG25,0,20,1978,i
1306952,"Balg, Matthias",SUI,M,,,,1953,AUG25,0,20,1957,i
1344102,"Bangerter, Ena",SUI,F,WCM,WCM,,1702,AUG25,0,40,2009,w
1361023,"Barca, Mario",SUI,M,,,,1630,AUG25,0,40,1986,i
1330624,"Barth, Can-Elian",SUI,M,,,,1989,AUG25,0,20,2002,i
1373242,"Barth, Jonathan",SUI,M,,,,1575,AUG25,0,40,2008,
1355899,"Bartlome, Dimitri",SUI,M,,,,1744,AUG25,0,20,2002,i
1364820,"Barto, Norbert",SUI,M,,,,1848,AUG25,0,40,1996,
1355902,"Batigne, Joffrey",SUI,M,,,,1836,AUG25,0,20,1993,i
1354299,"Batsiolas, Michail",SUI,M,,,,1722,AUG25,0,20,1982,
1353373,"Baud, Vincent",SUI,M,,,,1741,AUG25,0,20,1977,
1311603,"Beaumier, Jean-Noel",SUI,M,,,,1877,AUG25,0,20,1950,i
1355732,"Beck, Nathanael",SUI,M,,,,1595,AUG25,0,20,2001,i
1304909,"Beck, Thomas",SUI,M,,,,1797,AUG25,7,20,1966,
1345990,"Begdullayev, Tamerlan",SUI,M,,,,1848,AUG25,0,40,2011,i
1346008,"Begdullayeva, Diana",SUI,F,,,,1561,AUG25,0,40,2009,wi
1346830,"Begdullayeva, Karina",SUI,F,,,,1435,AUG25,0,40,2013,wi
1373820,"Belaich, Arie",SUI,M,,,,1668,AUG25,8,40,2009,
1302434,"Belaz, Christian",SUI,M,,,,1949,AUG25,0,20,1965,i
1350005,"Belet, Yves",SUI,M,,,,1707,AUG25,0,20,1957,i
1354302,"Belmadani, Naim",SUI,M,,,,1663,AUG25,0,20,2002,
1355910,"Belmadani, Sami",SUI,M,,,,1702,AUG25,0,20,1998,
1306251,"Beney, Eddy",SUI,M,,,,1882,AUG25,0,20,1955,
1346296,"Benoit, Arthur",SUI,M,,,,1616,AUG25,0,40,2006,i
1304577,"Berberich, Christoph",SUI,M,,,,1963,AUG25,0,20,1962,i
1339419,"Berchtold, Alex",SUI,M,,,,1867,AUG25,0,20,2000,i
1304089,"Berger, Stefan",SUI,M,,,,1905,AUG25,0,20,1967,
1317822,"Berger, Vincent",SUI,M,,,,1876,AUG25,8,40,1975,
1349236,"Bernath, Michel",SUI,M,,,,1896,AUG25,0,20,1959,i
1362127,"Bernhard, Simon",SUI,M,,,,1863,AUG25,0,40,2001,i
1317865,"Berrada, Abderrahim",SUI,M,,,,1896,AUG25,0,20,1962,i
1328875,"Berrada, Abel",SUI,M,,,,1902,AUG25,0,20,1962,i
1302264,"Berset, Alan",SUI,M,,,,2014,AUG25,0,20,1994,i
1351176,"Berset, David",SUI,M,,,,1873,AUG25,0,20,1981,i
1368370,"Bertolotto, Aurelien",SUI,M,,,,1771,AUG25,0,40,2007,
1328280,"Berweger, Ivo",SUI,M,,,,1921,AUG25,0,20,1963,i
1314734,"Besse, Leonard",SUI,M,,,,1979,AUG25,0,20,1975,
1346300,"Betrisey, Claude",SUI,M,,,,1671,AUG25,0,20,2004,
1317636,"Betrisey, Sandro",SUI,M,,,,1787,AUG25,0,20,1967,i
1300814,"Bex, Pierre-Alain",SUI,M,,,,2128,AUG25,0,20,1962,i
1356330,"Bhatiya, Ansh",SUI,M,,,,1493,AUG25,0,40,2014,
1347691,"Bhingare, Joshua",SUI,M,,,,1693,AUG25,0,40,2012,
1361880,"Bianchi, Federico",SUI,M,,,,1675,AUG25,0,40,2013,
1330136,"Bianchi, Simone",SUI,M,,,,1889,AUG25,0,20,1967,i
1364537,"Biasca, Mattia",SUI,M,,,,1766,AUG25,0,20,2005,
1313932,"Bigler, David",SUI,M,,,,1960,AUG25,0,20,1977,
1346318,"Bigler, Marc",SUI,M,,,,1609,AUG25,0,40,2008,
1321307,"Bijelic, Milan",SUI,M,,,,2003,AUG25,0,20,1964,
1312294,"Bilat, Michel",SUI,M,,,,1964,AUG25,0,20,1940,i
1335065,"Bilin, Halil",SUI,M,,,,1680,AUG25,0,20,1982,i
1314750,"Binder, Beat",SUI,M,,,,1854,AUG25,0,20,1948,
1307622,"Binggeli, Christian",SUI,M,,,,1951,AUG25,9,20,1990,
1355929,"Binz, Alain",SUI,M,,,,1756,AUG25,0,20,1969,i
1326597,"Binzegger, Urs",SUI,M,,,,1864,AUG25,0,20,1969,i
1318268,"Birchmeier, Martin",SUI,M,,,,1795,AUG25,5,40,1962,
1314769,"Birrer, Alfred",SUI,M,,,,1741,AUG25,0,40,1953,i
1322087,"Bischofberger, Dario",SUI,M,,,,2205,AUG25,0,20,1998,i
1330292,"Bjelogrlic, Goran",SUI,M,,,,2040,AUG25,0,20,1952,i
1342428,"Blais, Mario",SUI,M,,,,1774,AUG25,0,20,1962,i
1357832,"Blanc, Junior",SUI,M,,,,1686,AUG25,0,40,2007,i
1353381,"Blanchet, Nicolas",SUI,M,,,,1608,AUG25,0,20,1985,i
1351273,"Bluemke, Arthur",SUI,M,,,,1728,AUG25,0,20,2004,i
1344544,"Bodenstab, Stefan",SUI,M,,,,1949,AUG25,0,20,1963,i
1314394,"Bodmer, Marcel",SUI,M,,,,1951,AUG25,0,20,1961,
1363786,"Boesch, Roman",SUI,M,,,,1753,AUG25,0,40,2000,
4692055,"Bogner, Sebastian",SUI,M,GM,,,2552,AUG25,0,10,1991,i
1344188,"Boillat, Maxime",SUI,M,,,,1755,AUG25,6,20,1997,
1350226,"Boivin, Remi",SUI,M,,,,1699,AUG25,0,40,2011,
1323172,"Bojic, Radoje",SUI,M,,,,1882,AUG25,0,20,1956,
1365053,"Bojkovic, Aleksandar",SUI,M,,,,1610,AUG25,0,40,1997,
1362615,"Bojkovic, Neven",SUI,M,,,,1614,AUG25,0,40,2000,
1320165,"Bojkovic, Zoran",SUI,M,,,,1731,AUG25,0,40,1959,
1337165,"Bolettieri, Sandro",SUI,M,,,,1808,AUG25,0,20,1971,i
1337505,"Bolliger, Jolanta",SUI,F,,,,1508,AUG25,0,20,1962,wi
1337661,"Bonalli, Alessandro",SUI,M,,,,1670,AUG25,0,40,1964,
1352644,"Bonanomi, Silvan",SUI,M,,,,1867,AUG25,0,40,2005,i
1314793,"Bonauer, Stephan",SUI,M,,,,1771,AUG25,2,20,1952,
1331515,"Bondar, Yevgen",SUI,M,FM,,,2260,AUG25,0,20,1984,i
1330039,"Boner, Timm",SUI,M,,,,1720,AUG25,5,20,1974,
1314807,"Bonferroni, Carlo",SUI,M,,,,1889,AUG25,0,20,1957,
1306812,"Bonferroni, Thierry",SUI,M,,NA,,1943,AUG25,0,20,1987,
1365061,"Bonjour, Vadim",SUI,M,,,,1648,AUG25,0,40,2011,
1317644,"Bonvin, Claude-Alain",SUI,M,,,,1728,AUG25,0,20,1971,
1353390,"Bonvin, Clement",SUI,M,,,,1713,AUG25,0,20,2003,
1367293,"Bonvin, Pierre-Etienne",SUI,M,,,,1756,AUG25,0,40,1978,
1347160,"Bonvin, Theo",SUI,M,,,,1557,AUG25,0,40,2008,i
1313207,"Bornand, Herbert",SUI,M,,,,1847,AUG25,0,20,1948,
1362143,"Bornet, Mathieu",SUI,M,,,,1677,AUG25,0,40,2002,i
1362380,"Boscacci, Evandro",SUI,M,,,,1802,AUG25,0,40,2000,i
1300920,"Boschetti, Claudio",SUI,M,,,,2115,AUG25,0,20,1957,i
1343181,"Boss, Stefan",SUI,M,,,,1812,AUG25,0,40,1966,
1356720,"Both, Franz",SUI,M,,,,1596,AUG25,0,40,1949,
1312120,"Botta, Gabriele",SUI,M,FM,,,2326,AUG25,0,20,1991,i
1346326,"Bourban, Gregoire",SUI,M,,,,1585,AUG25,0,20,1972,i
1350200,"Bourban, Karel",SUI,M,,,,1619,AUG25,0,40,2004,
1304461,"Bourban, Yann",SUI,M,,,,1941,AUG25,0,20,1972,i
1371355,"Bouvier, Martin",SUI,M,,,,1634,AUG25,0,40,1993,
1364332,"Bovet, Aurelien",SUI,M,,,,1748,AUG25,0,40,1999,
1358243,"Bozkurt, Tijda",SUI,F,,,,1603,AUG25,0,40,2000,wi
1351222,"Bradbury, Dan",SUI,M,,,,1746,AUG25,0,20,2004,i
1349082,"Braga Beltrao de Albuquerque, Enrico",SUI,M,,,,1663,AUG25,0,40,1996,i
1330918,"Brait, Wolfgang",SUI,M,,NA,,1942,AUG25,0,20,1958,i
1349937,"Branca, Gabriel",SUI,M,,,,1681,AUG25,0,40,2005,i
1335596,"Branco, Claudio",SUI,M,,,,1719,AUG25,0,20,1975,i
1323180,"Brandis, Benjamin",SUI,M,,,,2013,AUG25,0,20,2000,i
1338439,"Brandt, Daniel",SUI,M,,,,1853,AUG25,0,20,1983,i
1312596,"Bratvold, Tore A.",SUI,M,,,,2033,AUG25,0,40,1967,
1355562,"Braun, Anton",SUI,M,,,,1781,AUG25,0,40,1997,i
1355171,"Braun, Janosch",SUI,M,,,,1770,AUG25,0,40,2002,
1344269,"Breeuwer, Pieter",SUI,M,,,,1726,AUG25,0,20,1963,
1353403,"Bregy, Akram",SUI,M,,,,1621,AUG25,0,20,2003,i
1345095,"Breyer, Philippe",SUI,M,,,,1901,AUG25,0,40,2009,
1341898,"Breyer, Thierry",SUI,M,,,,1823,AUG25,0,40,2009,
1317652,"Briguet, Alexandre",SUI,M,,,,1815,AUG25,0,20,1972,i
1302817,"Broome, Jeremy",SUI,M,,,,1895,AUG25,0,20,1962,i
1345079,"Bruchez, Pierre",SUI,M,,,,1639,AUG25,0,20,1966,i
1357654,"Bruderer, Patrick",SUI,M,,,,1554,AUG25,0,40,2005,i
1340522,"Bruessow, Jakob",SUI,M,,,,1892,AUG25,0,20,2003,i
1341723,"Bruessow, Nina",SUI,F,,,,1804,AUG25,0,40,2008,w
1328549,"Brugger, Anton",SUI,M,,,,1905,AUG25,0,40,0,
1350897,"Bruhnsen, Jan",SUI,M,,,,1737,AUG25,0,20,1994,
1306944,"Brunold, Thomas",SUI,M,,,,1966,AUG25,0,20,1966,i
1346210,"Bruscoli, Francesco",SUI,M,,,,1819,AUG25,0,20,1975,i
1304151,"Bucher, Denis",SUI,M,FM,,,2201,AUG25,0,20,1980,i
1353144,"Bucher, Dominic",SUI,M,,,,1663,AUG25,0,40,2010,i
1303287,"Budakovic, Dragan",SUI,M,,,,1904,AUG25,0,20,1971,i
1342479,"Budinski, Noah",SUI,M,,,,1748,AUG25,0,40,2006,i
1313541,"Buerki, Gilles",SUI,M,,,,1853,AUG25,8,20,1973,
1327429,"Buettiker, Stephan",SUI,M,,,,1877,AUG25,0,20,1986,i
1305824,"Buffat, Pierre-Andre",SUI,M,,,,1729,AUG25,0,20,1950,
1347179,"Bujes, Aurelien",SUI,M,,,,1695,AUG25,0,40,2008,
1354191,"Buratti, Eliott",SUI,M,,,,1763,AUG25,0,20,1999,
1330810,"Burckhardt, Ludovic",SUI,M,,SI,,1820,AUG25,0,20,1993,i
1339982,"Burger, Raphael",SUI,M,,,,1639,AUG25,0,40,2009,
1307940,"Burnier, David",SUI,M,FM,,,2202,AUG25,0,20,1970,
1361449,"Burri, Nicolas",SUI,M,,,,1710,AUG25,7,40,2003,
1319795,"Burri, Roland",SUI,M,,,,1727,AUG25,0,20,1963,i
1355287,"Busch, Felix",SUI,M,,,,1889,AUG25,0,20,1987,
1341219,"Butler, Yvan",SUI,M,,,,1618,AUG25,0,20,1930,i
1335618,"Cabinho, Francisco",SUI,M,,,,1755,AUG25,0,20,1962,i
1318322,"Cadei, Frederic",SUI,M,,,,1993,AUG25,0,20,1955,
1351311,"Caduff, Simon",SUI,M,,,,1709,AUG25,0,40,1991,i
1347896,"Cagnoni, Mariano",SUI,M,,,,1593,AUG25,0,40,2006,i
1336690,"Cakic, Igor",SUI,M,,,,1830,AUG25,0,40,2005,i
1349074,"Callealta, Andres",SUI,M,,,,1764,AUG25,0,20,2001,i
1359851,"Camponovo, Daniele",SUI,M,,,,1537,AUG25,0,40,2015,
1359860,"Camponovo, Dario",SUI,M,,,,1428,AUG25,0,40,2014,i
1309315,"Camponovo, David",SUI,M,,FI,,1885,AUG25,6,20,1976,
1357336,"Campora, Christoph",SUI,M,,,,1756,AUG25,0,40,2006,
1355937,"Candelier, Lucas",SUI,M,,,,1874,AUG25,0,40,2012,
1360736,"Carbonne, Alain",SUI,M,,,,1742,AUG25,0,40,1988,i
1324101,"Cardinaux, Nikita",SUI,M,,,,1744,AUG25,0,40,1956,
1352695,"Cardoso Rodrigues, Michael",SUI,M,,,,1743,AUG25,0,20,1993,i
1317873,"Caretti, Rolando",SUI,M,,,,1935,AUG25,0,20,1948,i
1351532,"Carnevale-Arella, Loic",SUI,M,,,,1575,AUG25,0,40,2015,i
1355953,"Caroli Gordillo, Alessio",SUI,M,,,,1728,AUG25,0,20,2000,i
1353420,"Carron, Christophe",SUI,M,,,,1643,AUG25,0,20,1996,
1331744,"Carron, Jean-Francois",SUI,M,,,,1623,AUG25,0,40,1959,
1327941,"Carron, Jean-Marie",SUI,M,,,,1807,AUG25,0,20,1986,i
1353438,"Carron, Yvan",SUI,M,,,,1685,AUG25,0,20,1987,
1347764,"Carroz, Mathieu",SUI,M,,,,1737,AUG25,0,20,1999,i
1324470,"Catsiapis, Tatiana",SUI,F,,,,1680,AUG25,0,20,2001,wi
1320904,"Catsiapis, Yiannis",SUI,M,,,,1947,AUG25,0,20,1998,i
1345559,"Cattomio, Roberto",SUI,M,,NA,,1663,AUG25,0,20,1962,
1348590,"Cavadini, Lavinia",SUI,F,,,,1509,AUG25,0,40,2009,wi
1321331,"Cavadini, Nordal",SUI,M,,,,2095,AUG25,0,20,1974,i
1321340,"Cavadini, Sergio",SUI,M,,,,1746,AUG25,0,20,1948,
1333291,"Cavaleri, Marco",SUI,M,,,,1722,AUG25,0,20,2000,i
1351265,"Cavallaro, Manlio",SUI,M,,,,1598,AUG25,0,20,1946,i
1355198,"Cavigelli, Jonas",SUI,M,,,,1510,AUG25,0,40,2011,
1349120,"Cedismondi, Gabriel",SUI,M,,,,1632,AUG25,0,20,1983,i
1326082,"Cerda, Renzo",SUI,M,,,,1891,AUG25,0,40,1981,i
1351800,"Cervelli, Eduard",SUI,M,,,,1796,AUG25,0,40,2007,
1302078,"Cesareo, Fabio",SUI,M,,,,2092,AUG25,0,20,1953,i
1327720,"Champoud, Gilles",SUI,M,,,,1774,AUG25,0,20,1975,i
1355414,"Chandrasekar, Harish",SUI,M,,,,1501,AUG25,0,40,2010,
1351567,"Chappaz, Max",SUI,M,,,,1896,AUG25,0,20,2005,
1365088,"Chappot, Jimmy",SUI,M,,,,1626,AUG25,0,40,1986,
1346342,"Chatt, Bruce",SUI,M,,,,1792,AUG25,0,20,1953,i
1306847,"Chatton, Jean-Bernard",SUI,M,,,,1691,AUG25,0,20,1948,i
1308645,"Chauvin, Denis",SUI,M,,,,1953,AUG25,0,20,1951,
1353446,"Checura, Thomas",SUI,M,,,,1590,AUG25,0,40,2006,i
1330667,"Chennaoui, Yasin",SUI,M,,,,2099,AUG25,0,20,2003,
1347322,"Cherix, Lily",SUI,F,,,,1665,AUG25,0,40,2009,w
1304542,"Chervet, Olivier",SUI,M,,,,1931,AUG25,0,20,1969,
1353454,"Cheseaux, Jean-Marc",SUI,M,,,,1529,AUG25,0,20,1963,i
1353462,"Cheseaux, Tobias",SUI,M,,,,1698,AUG25,0,20,1996,i
1335898,"Chevalier, Marco",SUI,M,,,,1750,AUG25,0,20,1978,i
1335871,"Chockalingam,Krithik",SUI,M,,,,1851,AUG25,0,40,2005,i
1362151,"Chollet, Leon",SUI,M,,,,1648,AUG25,0,40,2000,i
1347683,"Christen, Michael",SUI,M,,,,1659,AUG25,0,40,2009,i
1326201,"Christen, Reynald",SUI,M,,,,1762,AUG25,0,20,1950,
1326260,"Cirafici, Pierre",SUI,M,,,,1749,AUG25,0,20,1938,i
1342568,"Claude, Jean-Pierre",SUI,M,,NA,,1597,AUG25,4,20,1964,
1314882,"Clausen, Martin",SUI,M,,,,1972,AUG25,0,40,1974,
1320661,"Clerc, Alain",SUI,M,,,,1897,AUG25,0,20,1969,i
1345842,"Clermont, Andreas",SUI,M,,,,1517,AUG25,0,40,2010,i
1330829,"Clopath, Gion",SUI,M,,,,1804,AUG25,0,20,1941,i
1340220,"Cokic, Zoran",SUI,M,,,,1783,AUG25,0,20,1950,i
1355325,"Colameo, David",SUI,M,,,,1696,AUG25,0,40,1993,
1355961,"Coletta, Axelle",SUI,F,,,,1441,AUG25,0,40,2013,w
1342223,"Coletta, Julien",SUI,M,,,,1847,AUG25,0,40,2008,
1309056,"Coletta, Stephane",SUI,M,,,,1881,AUG25,0,20,1976,
1346350,"Collado Reynoso, Luis Rafael",SUI,M,,,,1762,AUG25,0,40,2007,
1342932,"Collin, Moritz Valentin",SUI,M,FM,,,2022,AUG25,0,40,2006,i
1357875,"Collison, Joris",SUI,M,,,,1711,AUG25,0,40,2009,
1308629,"Colmenares, Aurelio",SUI,M,FM,,,2255,AUG25,0,20,1987,
1350889,"Contreras, Rafael",SUI,M,,,,1702,AUG25,0,20,1994,i
1349066,"Corazza, Alessandro",SUI,M,,,,1681,AUG25,0,20,2001,i
1304496,"Corbat, Philippe",SUI,M,,,,1921,AUG25,9,20,1967,
1332287,"Cordey, Colin",SUI,M,,,,1963,AUG25,0,40,2005,
1323784,"Cordey, Loic",SUI,M,,,,1915,AUG25,0,20,1997,i
1339010,"Cordy, Mathys",SUI,M,,,,1653,AUG25,0,40,2006,
1329448,"Cornee, Marius",SUI,M,,,,1902,AUG25,0,20,1983,i
1358251,"Cortada Garcia, Joan",SUI,M,,,,1749,AUG25,0,40,1991,i
1350099,"Cortat, Youri",SUI,M,,,,1906,AUG25,0,40,1995,
1300075,"Costa, Jean-Luc",SUI,M,IM,,,2382,AUG25,0,10,1965,i
1365797,Cotton Gil,SUI,M,,,,1918,AUG25,0,40,2006,
1364561,"Cousin, Ismael",SUI,M,,,,1587,AUG25,0,40,1999,
1357743,"Creux, Francois",SUI,M,,,,1744,AUG25,5,40,1955,
1332031,"Cristiano, Aldo",SUI,M,,,,1711,AUG25,0,20,1963,i
1303686,"Cruceli, Salvatore",SUI,M,,,,2126,AUG25,0,20,1966,i
1354604,"Csombok, Jozsef",SUI,M,,,,1517,AUG25,0,40,1983,i
1301101,"Curien, Nicolas",SUI,M,,,,2176,AUG25,0,20,1973,i
1364782,"Dalay, Hakki Dogan",SUI,M,,,,1916,AUG25,8,40,1990,
1355031,"Dao, Khanh",SUI,M,,,,1689,AUG25,0,40,2010,i
1303821,"Daverio, Edoardo",SUI,M,,,,1901,AUG25,0,20,1972,i
1300903,"David, Samuel",SUI,M,,,,1912,AUG25,0,20,1987,i
1353012,"De Boni, Alexandre",SUI,M,,,,1762,AUG25,0,20,2003,i
1340255,"de Franca, Philippe",SUI,M,,,,1684,AUG25,0,20,1961,i
1310054,"De Gregorio, Alexis",SUI,M,,,,2030,AUG25,9,20,1972,
1330160,"De Jonckheere, Cyrill",SUI,M,,,,1858,AUG25,0,20,2001,i
1362640,"De Luca, Theo",SUI,M,,,,1610,AUG25,0,40,2007,
1364642,"De Lucia, Aniello",SUI,M,,,,1493,AUG25,0,40,1981,
1361112,"De Lucia, Christian",SUI,M,,,,1668,AUG25,0,40,2011,
1323245,"De Martin, Beat",SUI,M,,,,1938,AUG25,0,20,1969,i
1352806,"De Martin, Thiago",SUI,M,,,,1740,AUG25,0,20,2004,i
1344234,"De Schoutheete, Manuel",SUI,M,,,,1671,AUG25,0,40,2005,i
1305620,"De Seroux, Camille",SUI,F,WIM,WIM,,2080,AUG25,0,20,1993,w
1362402,"Decroux, Guy",SUI,M,,,,1445,AUG25,0,40,1960,
1373862,"Deger, Taylan",SUI,M,,,,1479,AUG25,8,40,2006,
1313118,"Del Val, Josefa",SUI,F,,,,1686,AUG25,0,20,1939,wi
1313452,"Delacroix, Jean-Daniel",SUI,M,,,,1880,AUG25,0,20,1954,
1348582,"Delangle, Alexander",SUI,M,,,,1774,AUG25,0,40,2009,i
1309811,"Delaplace, Philippe",SUI,M,,,,1869,AUG25,0,20,1954,i
1363620,"Delaquis, Gianluca",SUI,M,,,,1849,AUG25,0,40,1995,i
1362534,"Delaroche, Louis",SUI,M,,,,1795,AUG25,0,40,2003,
1344730,"Delay, Isabelle",SUI,F,,,,1543,AUG25,0,20,1957,w
1328042,"Dell`ambrogio, Edy",SUI,M,,,,2045,AUG25,0,20,1955,i
1314475,"Delmonico, Nils",SUI,M,,,,1946,AUG25,0,20,1977,
1313436,"Delpin, Eric",SUI,M,,"FI,SI,FA",,2055,AUG25,0,20,1990,i
1313770,"Delpin, Patrice",SUI,M,,,,1947,AUG25,0,20,1958,i
1355970,"Demaurex, Jean-Frederic",SUI,M,,,,1688,AUG25,0,40,1960,
1347136,"Denot, Tristan",SUI,M,,,,1626,AUG25,0,40,2006,i
1351028,"Denzel, Juergen",SUI,M,,,,1760,AUG25,0,40,1985,i
1311611,"Denzinger, Karl",SUI,M,,,,1738,AUG25,0,20,1936,i
1305522,"Desboeufs, Cedric",SUI,M,,,,1852,AUG25,0,20,1971,i
1314955,"Desboeufs, Claude",SUI,M,,,,1698,AUG25,0,20,1942,
1334603,"Devos, David",SUI,M,,,,1743,AUG25,0,40,1977,i
1351737,"Dezalos, Jeremy",SUI,M,,,,1773,AUG25,0,20,1997,
1338498,"Di Meo, Quentin",SUI,M,,,,1828,AUG25,8,20,1994,
1308157,"Di Stefano, Michele",SUI,M,,,,2103,AUG25,0,20,1962,
1317377,"Dietiker, Manuel",SUI,M,,NA,,2022,AUG25,0,20,1995,i
1310488,"Dittmar, Michael",SUI,M,,,,1732,AUG25,0,20,1956,
1342070,"Diviney, Alan",SUI,M,,,,AFM,AUG25,1750,0,2007,i
1363824,"Djurdjevic, Marko",SUI,M,,,,1853,AUG25,0,40,2005,
1337599,"Doetsch-Thaler, Nicos",SUI,M,,,,1986,AUG25,0,40,2006,i
1336649,"Dogaru,Dumitrov",SUI,M,,,,1980,AUG25,0,20,1964,i
1300172,"Domont, Alexandre",SUI,M,IM,,,2369,AUG25,0,20,1962,i
1348035,"Domschke, Mischa",SUI,M,,,,1651,AUG25,0,40,2012,
1355759,"Donatelli, Andrea",SUI,M,,,,1622,AUG25,0,20,1998,i
1317385,"Dorand, Jean-Pierre",SUI,M,,,,1871,AUG25,0,20,1956,i
1317660,"Dorsaz, Cyril",SUI,M,,,,1801,AUG25,0,20,1992,
1346377,"Dorsaz, Ismael",SUI,M,,,,1950,AUG25,0,20,1994,i
1317679,"Dorsaz, Michel",SUI,M,,,,1755,AUG25,0,40,1958,
1353497,"Dorsaz, Steve",SUI,M,,,,1520,AUG25,0,40,1979,
1340000,"Doxarve, Nils",SUI,M,,,,1968,AUG25,8,20,1997,
1305280,"Drechsler, Christoph",SUI,M,,,,2063,AUG25,9,20,1966,
1319272,"Droux, Gilles",SUI,M,,,,1858,AUG25,0,40,1956,
1359410,"Dubel, Nathan",SUI,M,,,,1722,AUG25,8,40,2008,
1338447,"Duc, Jeremy",SUI,M,,,,1779,AUG25,0,20,1999,
1325680,"Ducrest, Michel",SUI,M,,,,1861,AUG25,0,20,1944,i
1345710,"Dueck, Sebastian",SUI,M,,,,1505,AUG25,0,40,2013,
1336703,"Dueck,Maximilian",SUI,M,,,,1676,AUG25,0,40,2008,
1337211,"Duerst, Martin",SUI,M,,,,1998,AUG25,0,20,1964,
1302833,"Dumoulin, Gino",SUI,M,,,,1863,AUG25,0,20,1949,i
1358308,"Dumoulin, Thomas",SUI,M,,,,1701,AUG25,0,40,2007,
1358154,"Dunbar-Lugan, Zachary",SUI,M,,,,1692,AUG25,0,40,2010,i
1314424,"Duport, Nicolas",SUI,M,,SI,,2220,AUG25,0,20,1991,i
1351664,"Durgnat, Leo",SUI,M,,,,1860,AUG25,0,20,1999,i
1325965,"Duruz, Noe",SUI,M,,,,2108,AUG25,0,20,1997,i
1346385,"Duvanel, Sylvain",SUI,M,,,,1535,AUG25,0,40,1977,
1326007,"Dybov, Alexander",SUI,M,,,,1774,AUG25,0,20,1984,i
1357344,"Dzakula, Igor",SUI,M,,,,1612,AUG25,0,40,1990,i
1309404,"Edoecs, Joseph",SUI,M,,,,1983,AUG25,0,20,1960,
1335430,"Eggel, Xavier",SUI,M,,,,1873,AUG25,0,40,1980,
1304224,"Eggenberger, Ulrich",SUI,M,,,,1887,AUG25,0,20,1940,
1304682,"Eggenberger, Werner",SUI,M,,,,1969,AUG25,0,20,1932,
1337092,"Egger,Abraham",SUI,M,,,,1787,AUG25,0,20,1984,i
1368044,"Eggs, Adrien",SUI,M,,,,1545,AUG25,0,40,2010,
1306685,"Egli, Urs",SUI,M,,,,1946,AUG25,16,20,1961,
1333305,"Egoyan, Arnaud",SUI,M,,,,1866,AUG25,0,20,1988,i
1342487,"Ehle, Eric",SUI,M,,,,1891,AUG25,0,20,1967,i
1346156,"Eichelberger, Roger",SUI,M,,,,1639,AUG25,0,40,1978,i
1359517,"Eichholzer, Louis",SUI,M,,,,1472,AUG25,0,40,2011,
1352903,"Eigenmann, Marco",SUI,M,,,,1747,AUG25,0,20,1988,
1355066,"Ejderyan, Gabriel",SUI,M,,,,1487,AUG25,0,40,2010,i
1302302,"Ekstroem, Roland",SUI,M,IM,,,2400,AUG25,0,10,1956,i
1347454,"El Meligy, Mazin",SUI,M,,,,1470,AUG25,0,40,2007,i
1352504,"El-Hoiydi, Marius",SUI,M,,,,1707,AUG25,0,40,2007,i
1312715,"El-Mais, Ibaa",SUI,M,,,,2100,AUG25,9,20,1991,
1330837,"Elkiess, Gregory",SUI,M,,,,AIM,AUG25,1807,0,1979,i
1334328,"Emery, Michel",SUI,M,,,,1680,AUG25,0,40,1964,
1320815,"Emery, Stephane",SUI,M,,,,2023,AUG25,0,20,1994,i
1312367,"Emini, Emin",SUI,M,,,,2004,AUG25,0,20,1971,i
1307088,"Emmott, Steven",SUI,M,,,,1811,AUG25,0,20,1962,
1318420,"Engelberts, Martijn",SUI,M,FM,NA,,2235,AUG25,0,20,1974,i
1307070,"Epiney, Frederic",SUI,M,,,,2032,AUG25,0,20,1973,i
1328336,"Eppler, Beat",SUI,M,,,,1779,AUG25,0,40,1965,
1319809,"Erb, Bernhard",SUI,M,,,,1837,AUG25,0,20,1954,
1341928,"Erne, Raphael",SUI,M,,,,2147,AUG25,9,20,2006,
4611101,"Ernst, Rolf",SUI,M,FM,,,1948,AUG25,8,20,1953,
1326651,"Esper, Christian",SUI,M,,,,1991,AUG25,0,20,1983,i
1341871,"Estermann, Michail",SUI,M,,,,1801,AUG25,0,40,2008,
1356461,"Faeh, Beda",SUI,M,,,,1852,AUG25,0,40,1997,i
1360027,"Farine, Amael",SUI,M,,,,1723,AUG25,0,40,2007,
1337785,"Farner, Ruedi",SUI,M,,,,1490,AUG25,0,20,1957,i
1315005,"Faust, Heinrich",SUI,M,,,,2052,AUG25,0,40,1959,
1353500,"Favre, Christian",SUI,M,,,,1784,AUG25,0,40,1957,
1367897,"Favre, Clement",SUI,M,,,,1561,AUG25,0,40,2005,
1315013,"Favre, Gilles",SUI,M,,,,1856,AUG25,0,20,1955,i
1353519,"Favre, Mickael",SUI,M,,,,1650,AUG25,0,40,2008,i
1362658,"Fayolle, Gerard",SUI,M,,,,1685,AUG25,0,40,1961,
1334255,"Fecker, Jan",SUI,M,,,,1926,AUG25,0,20,2002,i
1334263,"Fecker, Noah",SUI,M,FM,,,2239,AUG25,0,20,2004,
1313797,"Fedal, Salem",SUI,M,,NA,,1654,AUG25,0,20,1987,i
1345117,"Federer, Colin",SUI,M,FM,,,2101,AUG25,9,40,2011,
1347713,"Federer, Patrick",SUI,M,,,,1698,AUG25,0,20,1972,i
1342584,"Fehr, Pascal",SUI,M,,,,1826,AUG25,0,20,1991,
1310429,"Felder, Thomas",SUI,M,,,,1893,AUG25,0,20,1960,i
1358324,"Felix Mota, Gaspar",SUI,M,,,,1618,AUG25,0,40,2012,
4641353,"Fend, Juergen",SUI,M,,,,2252,AUG25,0,20,1967,
1354388,"Fernandes Barbosa, Gabriel",SUI,M,,,,2142,AUG25,0,40,2007,
1312618,"Ferrari, Gabriele",SUI,M,,,,1917,AUG25,0,20,1949,i
1328565,"Ferrari, Nicola",SUI,M,,,,1950,AUG25,0,20,1965,i
1332430,"Filekovic, Refik",SUI,M,,,,1748,AUG25,0,20,1977,i
34171584,"Filimonov, Arsenii",SUI,M,,,,1751,AUG25,0,40,2008,
14507951,"Filipovic, Branko",SUI,M,IM,,,2322,AUG25,0,10,1957,
1326112,"Filliez, Cesar",SUI,M,,,,1737,AUG25,0,20,1955,
1300202,"Fioramonti, Hung",SUI,M,IM,,,2289,AUG25,0,20,1966,i
1352024,"Fiore, Alexandre",SUI,M,,,,1599,AUG25,0,40,2009,
1328360,"Fischer, Daniel",SUI,M,IM,,,2307,AUG25,0,20,2003,i
1312766,"Fischer, Daniel",SUI,M,,,,1915,AUG25,0,20,1972,i
1339931,"Fischer, Jonathan",SUI,M,,,,1923,AUG25,0,20,1986,i
1312146,"Fleischer, Eugen",SUI,M,,,,1946,AUG25,0,20,1942,
1323865,"Florin, Jon",SUI,M,,,,1849,AUG25,0,20,1972,i
1346610,"Floure, Alexan",SUI,M,,,,1821,AUG25,0,20,2005,
1334298,"Fluckiger, Benoit",SUI,M,,,,1641,AUG25,0,20,1968,
1358936,"Flueck, Ilyan",SUI,M,,,,1580,AUG25,0,40,2011,i
1342592,"Flueckiger, Georg",SUI,M,,,,1850,AUG25,8,20,1953,
1344862,"Flueckiger, Roger",SUI,M,,,,1940,AUG25,7,20,1989,
1343963,"Foellmi, Markus",SUI,M,,,,1477,AUG25,0,40,1953,
1360744,"Fornerod, Thomas",SUI,M,,,,1688,AUG25,0,40,1990,
1308750,"Fortier, Nicolas",SUI,M,,,,1808,AUG25,8,20,1974,
1303694,"Fournier, Michel",SUI,M,,,,1617,AUG25,0,20,1941,
24145823,"Fox, Igor",SUI,M,,,,1842,AUG25,0,40,1991,
1353527,"Frachebourg, Quentin",SUI,M,,,,1588,AUG25,0,40,2012,
1319396,"Fredj, Nizar",SUI,M,,,,1768,AUG25,0,20,0,i
1327313,"Frei, Gustav",SUI,M,,,,1708,AUG25,0,20,1954,
1330845,"Frei, Tiziano",SUI,M,,,,1864,AUG25,0,20,2002,i
1338676,"Freiburghaus, Thomas",SUI,M,,,,1791,AUG25,0,20,1962,
1304283,"Freuler, Roman",SUI,M,,,,1977,AUG25,0,20,1975,i
1336487,"Frey,Fabian",SUI,M,,,,2089,AUG25,9,20,2003,
1324500,"Friedli, Fabien",SUI,M,,,,1852,AUG25,0,20,1989,i
1348280,"Fry, Aiko",SUI,F,,,,1510,AUG25,0,40,2012,wi
1347837,"Fry, Ryunosuke",SUI,M,,,,1608,AUG25,0,40,2009,
1326015,"Fulpius, Bertrand",SUI,M,,,,1975,AUG25,0,20,1967,
1307177,"Fusi, Claudio",SUI,M,,,,1662,AUG25,0,20,1954,
1368052,"Gabioud, Lucas",SUI,M,,,,1497,AUG25,0,40,1999,
1346563,"Gade, Niels Severin",SUI,M,,,,1820,AUG25,0,40,2009,
1346555,"Gade-Stapelkamp, Silke",SUI,F,,,,1577,AUG25,0,40,1972,w
1368060,"Gadenne, Sylvain",SUI,M,,,,2146,AUG25,0,40,1976,
1314530,"Gaehwiler, Gabriel",SUI,M,IM,,,2358,AUG25,0,10,1994,
1345818,"Gafner, Lancelot",SUI,M,,,,1717,AUG25,0,40,2010,
1310186,"Gaier, Walter",SUI,M,,,,1848,AUG25,0,20,1960,
1347128,"Galerne, Nicolas",SUI,M,,,,1728,AUG25,0,20,2003,i
1315056,"Galerne, Rene",SUI,M,,,,ACM,AUG25,1780,0,1961,i
1366246,"Galiash, Arkadi",SUI,M,,,,1530,AUG25,0,40,1987,
1366254,"Galiash, Irina",SUI,F,,,,1553,AUG25,0,40,1985,w
1303422,"Gallagher, Joseph G.",SUI,M,GM,,,2389,AUG25,0,10,1964,
1322761,"Gallus, Matthias",SUI,M,,SI,,1775,AUG25,6,20,1976,
1336290,"Galvao, Victor Maximilien",SUI,M,,,,1813,AUG25,0,20,1990,i
1355597,"Gambarara, Marino",SUI,M,,,,1721,AUG25,0,20,1993,
1345753,"Garcia Bertram, Samuel",SUI,M,,,,ACM,AUG25,1599,0,2004,i
1314319,"Garcia Garcia, Rodrigo",SUI,M,,,,1887,AUG25,0,20,1977,i
1321870,"Garibian, Armen",SUI,M,,,,1823,AUG25,0,20,1998,i
1330543,"Garlant, Carlo",SUI,M,,,,1713,AUG25,0,20,1962,
1353535,"Gaspoz, Dimitri",SUI,M,,,,1611,AUG25,0,20,2003,i
1373196,"Gast, Michael",SUI,M,,,,1657,AUG25,9,40,1996,
1351605,"Gatti, Amerio",SUI,M,,,,1779,AUG25,0,20,1998,i
1364677,"Gauthey, Nils",SUI,M,,,,1933,AUG25,0,40,2006,
1365096,"Gautschi, Christopher",SUI,M,,,,1688,AUG25,0,40,1993,
1336401,"Gemelli,Romain",SUI,M,,,,2202,AUG25,0,20,2006,
1340190,"Gendre, Arthur",SUI,M,,,,1630,AUG25,0,40,2007,i
1307207,"Gendre, Stephane",SUI,M,,,,1953,AUG25,0,20,1974,i
1302337,"Georg, Michel",SUI,M,,,,2221,AUG25,0,20,1971,i
1331973,"Georgescu, Lena",SUI,F,FM,WGM,,2227,AUG25,0,20,1999,w
4208900,"Georgiadis, Ioannis",SUI,M,IM,,,2482,AUG25,0,10,1987,
1300113,"Georgiadis, Nico",SUI,M,GM,,,2494,AUG25,0,10,1996,i
1366858,"Gerasyuk, Mikhail",SUI,M,,,,1487,AUG25,0,40,2011,
1312723,"Gerber, Ludovic",SUI,M,,,,1945,AUG25,0,20,1986,
1315080,"Gerber, Renaud",SUI,M,,,,1997,AUG25,0,20,1989,
1300652,"Gerber, Richard",SUI,M,IM,,,2337,AUG25,0,10,1965,
1356372,"Gerber, Thomas",SUI,M,,,,1425,AUG25,0,40,1980,
1332961,"Gerber, Urs",SUI,M,,,,1719,AUG25,0,20,1954,
1315099,"Germann, Martin",SUI,M,,,,1905,AUG25,0,20,1963,i
1334859,"Getaz, Raymond",SUI,M,,,,1765,AUG25,0,20,1953,
1324675,"Geyer, Martin",SUI,M,,,,1838,AUG25,0,20,1960,i
1363573,"Gheorghiu, Alexandru",SUI,M,,,,1609,AUG25,0,40,2009,
1334760,"Gherghel, Sorin",SUI,M,,,,1807,AUG25,0,20,1972,i
1341790,"Gilardoni, Michele Angelo",SUI,M,,,,1673,AUG25,0,40,2008,i
1315110,"Gillieron, Jean-Marc",SUI,M,,,,1836,AUG25,0,20,1955,
1357778,"Gillieron, Kevin (13882)",SUI,M,,,,1701,AUG25,6,40,1990,
1360035,"Gillioz, Nathan",SUI,M,,,,1730,AUG25,0,40,2009,i
1362186,"Gimenez, Gregoire",SUI,M,,,,1650,AUG25,0,40,2000,i
1331027,"Girard, Bernard",SUI,M,,,,1864,AUG25,0,20,1935,i
1356526,"Girardin, Elias",SUI,M,,,,1816,AUG25,0,40,2009,i
1352393,"Giraudo, Fernando",SUI,M,,,,1540,AUG25,0,40,1985,
1373544,"Gireada, Lucas",SUI,M,,,,1828,AUG25,9,40,2011,
1338102,"Giroud, Alexis",SUI,M,,,,1638,AUG25,0,20,1950,
1344064,"Glanc, Lea",SUI,F,,,,1547,AUG25,0,40,2009,wi
1339109,"Glatzfelder, Kurt",SUI,M,,NA,,1872,AUG25,0,40,1986,
1308190,"Gloor, Claudio",SUI,M,,,,2108,AUG25,9,20,1975,
1356780,"Glur, Daniel",SUI,M,,,,1709,AUG25,0,40,1966,i
1367137,"Goekok, Timur",SUI,M,,,,1612,AUG25,0,40,1986,
1306383,"Goette, Patrick",SUI,M,,,,1822,AUG25,0,20,1964,i
2054485,"Goldie, Thomas",SUI,M,,,,2058,AUG25,0,20,2000,i
1326279,"Gollut, Florian",SUI,M,,,,1685,AUG25,0,20,1977,i
1357999,"Gonzalez Escobar, Oliver",SUI,M,,,,1702,AUG25,0,40,1999,i
1365231,"Gonzalez, Ivan",SUI,M,,,,1510,AUG25,0,40,1986,
1356453,"Gossler, Stefan",SUI,M,,,,1832,AUG25,0,40,1981,i
1316079,"Gottofrey, Marcel",SUI,M,,,,1841,AUG25,0,20,1954,i
1319299,"Graber, Alain",SUI,M,,,,1787,AUG25,0,40,1997,
1319302,"Graber, Christian",SUI,M,,,,1881,AUG25,0,20,1962,
1329936,"Graber, Jean-Jacques",SUI,M,,,,1646,AUG25,0,20,1955,
1331345,"Graber, Patrick",SUI,M,,,,1887,AUG25,0,40,1963,
1312626,"Graells, Ricardo",SUI,M,,,,2068,AUG25,9,20,1962,
1351320,"Gramling, Lionel",SUI,M,,,,1670,AUG25,0,40,2014,
681806,"Grandadam, Nicolas",SUI,M,FM,,,2210,AUG25,0,20,1993,
682438,"Grandadam, Patrik",SUI,M,FM,,,2274,AUG25,0,20,1996,i
1367773,"Grangier, Gael",SUI,M,,,,1431,AUG25,0,40,2006,
1346393,"Grept, Jacky",SUI,M,,,,1513,AUG25,0,20,1957,i
1322290,"Grept, Jonathan",SUI,M,,,,1916,AUG25,0,20,1985,
1302906,"Grillon, Cedric",SUI,M,,NA,,1996,AUG25,0,20,1996,i
1367706,"Grimaldi, Francois-Xavier",SUI,M,,,,1815,AUG25,0,40,1997,
1360752,"Groux, Mathias",SUI,M,,,,1771,AUG25,5,40,1993,
1304372,"Gruenenwald, Joerg",SUI,M,FM,,,2271,AUG25,0,20,1965,i
1301055,"Gsponer, Andre",SUI,M,,,,1912,AUG25,0,20,1959,i
1341561,"Guendogdu, Leyla",SUI,F,,,,1818,AUG25,0,20,2002,wi
1351621,"Guengoer, Ceyhun",SUI,M,,,,1691,AUG25,0,20,1987,i
1316443,"Guensberg, Alex",SUI,M,,,,1802,AUG25,0,20,1952,i
1317717,"Guex, Jean-Pierre",SUI,M,,,,1735,AUG25,0,20,1957,
1303244,"Guex, Pascal",SUI,M,,,,2147,AUG25,0,20,1972,i
1366289,"Guggisberg, Sebastian",SUI,M,,,,1604,AUG25,0,40,1993,
1362194,"Guibentif, Nestor",SUI,M,,,,1790,AUG25,0,40,2002,i
1351931,"Guidi, Elia",SUI,M,,,,1626,AUG25,7,40,2000,
1334271,"Guillaume, Romaric",SUI,M,,,,1869,AUG25,0,20,1996,
1365100,"Guillod, Sebastien",SUI,M,,,,1443,AUG25,0,40,1991,
1339613,"Guksch, Thorsten",SUI,M,,,,1686,AUG25,0,20,1990,i
1366629,"Gunay, Teoman",SUI,M,,,,1526,AUG25,0,40,2010,
1362518,"Gunzinger, Severin",SUI,M,,,,1728,AUG25,6,40,2008,
1307975,"Gurtner, Daniel",SUI,M,,,,2089,AUG25,0,20,1946,i
1339966,"Gut, Lionel",SUI,M,,,,1946,AUG25,0,40,2009,i
1339974,"Gut, Raphael",SUI,M,,,,1890,AUG25,0,40,2009,i
1346237,"Guyer, Marlon",SUI,M,,,,1799,AUG25,0,40,2008,
1357689,"Gwerder, Simon",SUI,M,,,,1681,AUG25,0,40,2008,
1321447,"Gyger, Marcel",SUI,M,,,,1978,AUG25,0,40,1947,
1332988,"Haag, Walter",SUI,M,,,,1709,AUG25,4,20,1955,
1346407,"Haas, Anthony",SUI,M,,,,1878,AUG25,0,40,2009,
1308963,"Haas, Hans",SUI,M,,,,2022,AUG25,0,20,1967,i
1372777,"Haefliger, Patrick",SUI,M,,,,1685,AUG25,8,40,1967,
1337394,"Haerdi,Heinz",SUI,M,,,,1793,AUG25,0,20,1966,
1346032,"Haist, Gian Nicola",SUI,M,,,,1840,AUG25,0,20,2001,
1368559,"Hajduk, Mariia",SUI,F,,,,1603,AUG25,4,40,1991,w
1367900,"Hajji, Ibrahim",SUI,M,,,,1581,AUG25,0,40,2009,
12506540,"Hakimifard, Ghazal",SUI,F,WGM,WGM,,2197,AUG25,0,20,1994,wi
1328794,"Halberkann, Eric",SUI,M,,,,1924,AUG25,0,20,1986,i
1301705,"Haldemann, Paul",SUI,M,,,,1995,AUG25,0,20,1956,
1365010,"Halme, Petri",SUI,M,,,,1656,AUG25,0,40,1964,
1303910,"Hamzabegovic, Mersudi",SUI,M,,,,2084,AUG25,9,20,1956,
1309293,"Hardt, Winfried",SUI,M,,,,1769,AUG25,6,40,1956,
1331450,"Hariz, Haissam",SUI,M,,,,1954,AUG25,0,20,1973,i
1345800,"Harnisch, Kenny",SUI,M,,,,1600,AUG25,0,40,1997,i
1346415,"Harrisson, Luc",SUI,M,,,,1710,AUG25,0,20,2001,i
4658817,"Harsch, Martin",SUI,M,,,,1938,AUG25,0,20,1954,i
1334417,"Hartmann, Beat",SUI,M,,,,1686,AUG25,0,20,1945,i
1349252,"Hatemo, Sahan",SUI,M,,,,1662,AUG25,0,20,2002,i
1340514,"Hauser, Armando",SUI,M,,,,1836,AUG25,0,20,2000,i
1362208,"Hauss, Rafael",SUI,M,,,,1789,AUG25,0,40,2000,i
1326422,"Hauswirth, Rudolf",SUI,M,,,,1790,AUG25,0,20,1954,
1315200,"Havolli, Daut",SUI,M,,,,1985,AUG25,0,20,1979,i
1352660,"Haxhaj, Kushtrim",SUI,M,,,,1672,AUG25,0,20,1989,i
1314289,"Hedri, Abdelaziz",SUI,M,,,,1955,AUG25,0,20,1984,i
1302345,"Heer, Stephan",SUI,M,,,,2011,AUG25,0,20,1974,i
1303937,"Hefti, Gabriel",SUI,M,,,,1974,AUG25,0,20,1961,i
1368362,"Heimann, Noah",SUI,M,,,,1562,AUG25,0,40,2003,
4612434,"Heinatz, Gundula",SUI,F,WIM,WIM,,2187,AUG25,0,20,1969,wi
1368079,"Heitzmann, Niklaus",SUI,M,,,,1965,AUG25,0,40,2003,
1358499,"Heitzmann, Samuel",SUI,M,,,,1667,AUG25,0,40,2007,
1343580,"Herrington, Sean",SUI,M,,,,1516,AUG25,0,20,2001,
1347187,"Hertzer, Laurens",SUI,M,,,,1600,AUG25,0,40,2008,i
1313576,"Hess, Julien",SUI,M,,,,1912,AUG25,0,20,1988,
1356445,"Hies, Norbert",SUI,M,,,,1706,AUG25,0,40,1967,i
1302582,"Hirt, Markus",SUI,M,,,,1949,AUG25,0,20,1956,i
1341910,"Hirzel, Cedric",SUI,M,,,,1806,AUG25,0,40,2007,i
1342320,"Hirzel, Robin",SUI,M,,,,1726,AUG25,0,40,2006,
1317733,"Hoang, Harry",SUI,M,,,,1990,AUG25,0,20,1999,i
1331035,"Hoang, Tommy",SUI,M,,,,1708,AUG25,0,40,2007,
1302981,"Hochstrasser, Michael",SUI,M,IM,,,2311,AUG25,0,10,1976,i
1350420,"Hochstrasser, Sylvain",SUI,M,,,,1601,AUG25,0,40,1983,
1350498,"Hoehne, Jacob",SUI,M,,,,1434,AUG25,0,40,2007,i
1324454,"Hofmann, Colin",SUI,M,,NA,,1933,AUG25,0,20,2001,i
1350544,"Hofstetter, Noah",SUI,M,,,,AIM,AUG25,1705,0,2009,
1328212,"Hofstetter, Robert",SUI,M,,,,1888,AUG25,0,40,1948,
1357816,"Hoj, Sipan",SUI,M,,,,1623,AUG25,0,40,1994,i
1309757,"Honegger, Rudolf",SUI,M,,,,1935,AUG25,0,20,1938,i
1332511,"Honold, Felix",SUI,M,,,,1902,AUG25,0,20,1962,i
1340611,"Horn, Claude",SUI,M,,,,1593,AUG25,0,20,1938,
1303716,"Horn, Gilles",SUI,M,,,,1720,AUG25,0,20,1979,i
1359185,"Hottinger, Ieremia",SUI,M,,,,1538,AUG25,0,40,2012,
1350552,"Hottinger, Simon",SUI,M,,NA,,1686,AUG25,0,40,2008,
1335200,"Hovsepyan, Sevada",SUI,M,,,,1926,AUG25,0,20,1989,
1365118,"Hrechykha, Mykyta",SUI,M,,,,1584,AUG25,0,40,2007,
14174669,"Hryzlova, Sofiia",SUI,F,WIM,WIM,,2084,AUG25,0,20,2004,w
1314033,"Huber, Silvan",SUI,M,,,,1986,AUG25,0,20,1980,i
1362046,"Huescar, Elliot",SUI,M,,,,1551,AUG25,0,40,1994,
1300040,"Hug, Werner",SUI,M,IM,,,2467,AUG25,0,10,1952,i
1325108,"Hugener, Roger",SUI,M,,,,1684,AUG25,0,20,1963,
1316974,"Humphreys, Christian",SUI,M,,,,1982,AUG25,0,20,1978,i
1301446,"Hund, Barbara",SUI,F,WGM,WGM,NA,2111,AUG25,0,20,1959,wi
12923338,"Hund, Sarah",SUI,F,,,,2016,AUG25,0,20,1998,w
1348850,"Hunkeler, Beat",SUI,M,,,,1816,AUG25,0,20,1963,i
1314483,"Hunziker, Heini",SUI,M,,,,1815,AUG25,0,20,1957,i
1334999,"Hurlimann, Max",SUI,M,,,,1813,AUG25,0,20,2003,i
1308165,"Huscinovic, Redzo",SUI,M,,,,2032,AUG25,0,20,1964,i
1300180,"Huss, Andreas",SUI,M,IM,,,2282,AUG25,0,20,1950,
1332520,"Ibrahimi, Ibro",SUI,M,,,,1756,AUG25,0,20,1954,i
1312430,"Ibric, Ferid",SUI,M,,,,1954,AUG25,0,20,1950,i
1300431,"Illi, Hans-Joerg",SUI,M,,,,2098,AUG25,0,20,1943,i
1348078,"Infanger, Philip",SUI,M,,,,1470,AUG25,0,40,2010,i
1346695,"Ingielewicz, Tomasz",SUI,M,,,,1778,AUG25,0,40,2011,
1349112,"Isler, Manuel",SUI,M,,,,1542,AUG25,0,20,1963,
1367790,"Izairi, Shefket",SUI,M,,,,1723,AUG25,0,40,1956,
1311930,"Izbicki, Ralph",SUI,M,,,,1835,AUG25,0,20,1938,i
1301870,"Jacot, Laurent",SUI,M,,,,2159,AUG25,0,20,1965,
1364936,"Jacot-Descombes, Bettina",SUI,F,,,,1436,AUG25,0,40,1965,w
1344919,"Jaggy, Enzo",SUI,M,,,,1682,AUG25,0,40,2000,
1341979,"Jaggy, Matteo",SUI,M,,NA,,1977,AUG25,0,40,2006,i
1353551,"Jamei-Martel, Omid",SUI,M,,,,1704,AUG25,0,20,1983,
1352261,"Jampen, Florian",SUI,M,,,,1993,AUG25,0,20,1997,i
1303180,"Janko, Michel",SUI,M,,,,2000,AUG25,0,20,1946,i
1330551,"Jarai, Csenge",SUI,F,,,,1700,AUG25,0,20,1999,w
1331949,"Jarnjak, Zlatko",SUI,M,,,,1899,AUG25,0,20,1961,i
1318594,"Jashari, Nuhi",SUI,M,,,,2122,AUG25,0,20,1964,i
1324721,"Jaussi, Kevin",SUI,M,,,,1859,AUG25,0,20,1991,i
1305026,"Javet, Blaise",SUI,M,,,,1980,AUG25,9,20,1961,
1345060,"Javet, Nelson",SUI,M,,,,1516,AUG25,0,40,1996,
1366670,"Jeanneret, Philippe",SUI,M,,,,1771,AUG25,0,40,1960,
1349031,"Jelicic, Andre",SUI,M,,,,1441,AUG25,0,40,1980,i
1349040,"Jelicic, Hugo",SUI,M,,,,1799,AUG25,0,40,2010,
1352431,"Jencic, Nikola",SUI,M,,,,1702,AUG25,0,20,1994,i
1360213,"Jenni, Felix",SUI,M,,,,1687,AUG25,0,40,1954,i
1304232,"Jenni, Florian",SUI,M,GM,,,2436,AUG25,0,10,1980,
1306936,"Jenny, Gerald",SUI,M,,,,1826,AUG25,0,20,1949,i
1353560,"Joho, Timeo",SUI,M,,,,1451,AUG25,0,40,2012,
650420,"Joie, Sebastien",SUI,M,IM,,,2384,AUG25,0,10,1987,
1347977,"Jordan, Christina",SUI,F,,,,1795,AUG25,8,40,2012,w
1353250,"Jordan, Marius",SUI,M,,,,1517,AUG25,0,40,1992,i
1353152,"Jordan, Theodor",SUI,M,,,,1904,AUG25,8,40,2010,
1340239,"Joseph, Leo",SUI,M,,,,1843,AUG25,0,20,1994,i
1366513,"Joss, Max",SUI,M,,,,1732,AUG25,0,40,1952,
1327470,"Jost, Hans",SUI,M,,,,1964,AUG25,0,20,1960,i
1329944,"Jost, Peter",SUI,M,,,,1803,AUG25,0,20,1950,
1321471,"Jovanovic, Aleksandar",SUI,M,,,,1914,AUG25,0,20,1951,i
1313860,"Jovanovic, Sladjan",SUI,M,,,,2134,AUG25,0,20,1983,i
1301136,"Juchler, Celine",SUI,F,,,,1729,AUG25,0,20,1984,w
1336525,"Jucker,Elio",SUI,M,,,,1809,AUG25,0,20,2002,i
1309099,"Jud, Marc",SUI,M,,,,1958,AUG25,0,20,1985,i
1366521,"Julmy, Friedgard",SUI,M,,,,1517,AUG25,0,40,1957,
1319523,"Julmy, Sylvain",SUI,M,,,,2107,AUG25,0,20,1993,i
1314068,"Juri, Daniel",SUI,M,,,,2110,AUG25,0,20,1989,i
1367412,"Kaarenma, Kari",SUI,M,,,,1706,AUG25,0,40,1964,
1319434,"Kacem, Doris",SUI,F,,,,1480,AUG25,0,40,1953,w
1329952,"Kadir, Dilshad",SUI,M,,,,1833,AUG25,0,20,1964,i
1321498,"Kaelberer, Rudolf",SUI,M,,,,1960,AUG25,0,20,1945,i
1318624,"Kamber, Adrian",SUI,M,,,,1947,AUG25,0,20,1967,i
1300504,"Kamber, Bruno",SUI,M,FM,,,2310,AUG25,0,20,1963,i
1346911,"Kanana, Ziad",SUI,M,,,,2092,AUG25,0,40,2010,
1349104,"Kanjilal, Samya",SUI,M,,,,1640,AUG25,0,40,2006,i
1335987,"Kannan,Ritish",SUI,M,,,,1744,AUG25,0,40,2005,i
1309072,"Kappeler, Kaspar",SUI,M,FM,,,2159,AUG25,9,20,1985,
1300547,"Karl, Hans",SUI,M,FM,,,2089,AUG25,0,20,1935,i
1310542,"Karrer, Damian",SUI,M,,,,2094,AUG25,0,20,1988,i
22501657,"Kasipour Azbari, Seyed Arvin",SUI,M,,,,2037,AUG25,0,20,2006,
1302248,"Kaufmann, Werner",SUI,M,FM,,,2246,AUG25,0,20,1951,i
1362216,"Keim, Sebastien",SUI,M,,,,1578,AUG25,0,40,1987,i
14400537,"Kelecevic, Nedeljko",SUI,M,IM,,,2177,AUG25,0,20,1947,
1362020,"Kenani, Stanley Onjezani",SUI,M,,,,1669,AUG25,0,40,1976,i
1357980,"Keta, Julius",SUI,M,,,,1562,AUG25,0,40,1999,i
1364510,"Keta, Roland",SUI,M,,,,1819,AUG25,0,40,1967,i
1352474,"Keusch, Patrice",SUI,M,,NA,,1677,AUG25,7,20,1987,
1312456,"Keysener, Philippe",SUI,M,,,,1851,AUG25,0,20,1951,i
1358812,"Kim, Larissa Alice",SUI,F,,,,1435,AUG25,0,40,1989,wi
1352334,"King, Alexander",SUI,M,,,,1865,AUG25,0,40,2007,
1364472,"Kiss, Balint",SUI,M,,,,1748,AUG25,0,40,1988,i
1349970,"Kit, Ewan",SUI,M,,,,1797,AUG25,0,40,2007,i
1320637,"Klemm, Alexander",SUI,M,,,,1979,AUG25,0,20,1974,i
1303040,"Klopfenstein, Francois",SUI,M,,,,1815,AUG25,6,20,1962,
1337580,"Klyucharev, Alexander",SUI,M,,,,1785,AUG25,0,20,1971,i
1364529,"Knuesel, Jolan",SUI,M,,,,1651,AUG25,7,40,2003,
1341863,"Koehalmi-Szabo, Mihaly",SUI,M,,,,1884,AUG25,0,40,2011,
1362488,"Koehler, Noe",SUI,M,,,,1741,AUG25,9,40,2009,
1358987,"Koepke, Aleksis",SUI,M,,,,1569,AUG25,0,40,2011,
1363239,"Koerner, Mathias",SUI,M,,,,1840,AUG25,0,40,1974,i
1312464,"Koestinger, Paul",SUI,M,,,,2019,AUG25,0,20,1957,i
1309340,"Kohler, Paul",SUI,M,,,,1941,AUG25,0,20,1970,i
1313584,"Kohli, Thomas",SUI,M,,,,2026,AUG25,0,20,1970,i
1302183,"Kolly, Jacques",SUI,M,FM,,,2185,AUG25,0,20,1972,
1360922,"Kondzic, Ben",SUI,M,,,,1812,AUG25,0,40,2007,
1364243,"Kononiuk,Yaroslav",SUI,M,,,,1698,AUG25,0,40,2014,
1342347,"Korovin, Timofey",SUI,M,,,,1678,AUG25,0,20,2004,i
4128125,"Kosteniuk, Alexandra",SUI,F,GM,WGM,,2450,AUG25,8,10,1984,w
34166235,"Kostina, Veronika",SUI,F,WCM,WCM,,1956,AUG25,0,20,2004,wi
1362224,"Kovaci, Murat",SUI,M,,,,1552,AUG25,0,40,2009,
1346687,"Koya, Pranav",SUI,M,,,,1478,AUG25,0,40,2008,i
1306235,"Kradolfer, Georg",SUI,M,,FI,,1942,AUG25,0,20,1950,i
1351630,"Kramarenko, Ivan",SUI,M,,,,1758,AUG25,0,20,2000,i
1355511,"Kramer, Alize",SUI,F,,,,1602,AUG25,0,40,2008,wi
1331981,"Krebs, Samuel",SUI,M,,,,1984,AUG25,0,20,1999,i
1307240,"Kreienbuehl, Andreas",SUI,M,,,,2070,AUG25,0,20,1979,i
24609927,"Krenz, Sarah",SUI,F,,FA,,1999,AUG25,0,20,1988,wi
1330055,"Kreutzmann, Duke",SUI,M,,,,1962,AUG25,0,20,2002,i
1306405,"Kristof, Paul",SUI,M,,,,1727,AUG25,0,20,0,i
21082286,"Krokowski-Bednarz, Leon",SUI,M,,,,1489,AUG25,0,40,2014,i
1357379,"Krueger, Michael",SUI,M,,,,1605,AUG25,0,40,2005,i
1315374,"Kudryavtsev, Eugene",SUI,M,,,,2127,AUG25,0,20,1991,i
1336126,"Kueng,Nicolas",SUI,M,,,,2039,AUG25,0,20,1997,i
1356038,"Kuenstner, Michael",SUI,M,,,,1573,AUG25,0,40,2012,
1309854,"Kuenzi, Mark",SUI,M,,,,1905,AUG25,0,20,1979,i
1339990,"Kuenzler, Timothee",SUI,M,,,,1773,AUG25,0,20,1994,i
1308475,"Kuenzli, Simon",SUI,M,,,,2043,AUG25,0,20,1978,i
1329960,"Kuhn, Oliver",SUI,M,,,,1572,AUG25,2,40,1968,
1304135,"Kuhn, Thomas",SUI,M,,,,2062,AUG25,0,20,1962,
1322079,"Kuich, Gero",SUI,M,,,,1584,AUG25,0,20,1942,
1305166,"Kull, Martin",SUI,M,,,,1930,AUG25,0,20,1959,
1344811,"Kumar, Aiklavya",SUI,M,,,,1881,AUG25,0,20,2003,i
1310925,"Kupalov, Igor",SUI,M,,FA,,1991,AUG25,0,20,1968,
1332562,"Kurapova, Olga",SUI,F,,,,1919,AUG25,0,20,1977,wi
1349023,"Kurlekar, Arthad",SUI,M,,,,1644,AUG25,0,20,1993,i
1308173,"Kurmann, Oliver",SUI,M,IM,,,2396,AUG25,0,10,1985,i
1373854,"Kurth, Johan",SUI,M,,,,1650,AUG25,8,40,2008,
1364804,"Kutonov, Yehor",SUI,M,,,,1552,AUG25,0,40,2012,
1348736,"Kwiatkowski, Jakub",SUI,M,,,,1837,AUG25,0,40,2007,
1360175,"Kwiatkowski, Maciej",SUI,M,,,,1902,AUG25,9,40,1968,
1336827,"Kwiatkowski,Antoni",SUI,M,,,,1729,AUG25,0,40,2005,
1323423,"Lachat, Martin",SUI,M,,,,1806,AUG25,0,20,1946,i
1310763,"Lachat, Pierre",SUI,M,,,,1938,AUG25,0,40,1966,
1313231,"Lachausse, Bruno",SUI,M,,,,1775,AUG25,0,20,1957,
1318675,"Lafer, Jean-Jacques",SUI,M,,,,1763,AUG25,0,20,1965,i
134179204,"Laffely, Sacha",SUI,M,,,,1835,AUG25,0,20,1994,
1311956,"Laftsidis, Nicolas",SUI,M,,,,1937,AUG25,0,20,1951,i
1362445,"Lahore, Gauthier",SUI,M,,,,1604,AUG25,0,40,1988,i
1358545,"Lambercy, Jeremy",SUI,M,,,,1519,AUG25,0,40,2007,
1367315,"Lambiel, Basile",SUI,M,,,,1627,AUG25,0,40,2005,
1300130,"Landenbergue, Claude",SUI,M,IM,,,2412,AUG25,0,10,1964,i
1345540,"Landmann, Alon",SUI,M,,,,1805,AUG25,0,20,1997,i
1310160,"Lang, Fabian",SUI,M,,,,1900,AUG25,8,20,1971,
1335880,"Lang, Gabriela",SUI,F,,,,1518,AUG25,0,40,1970,w
1354132,"Lanois, Herve",SUI,M,,,,1812,AUG25,0,20,1975,
1338595,"Lassoued, Noe",SUI,M,,,,1571,AUG25,0,20,2000,i
1327054,"Laticevschi, Tiberiu",SUI,M,,,,1941,AUG25,0,20,1995,i
1318691,"Latka, Anton",SUI,M,,,,1933,AUG25,0,20,1952,i
1367048,"Lattion, Boris",SUI,M,,,,1733,AUG25,0,40,1991,
1302566,"Laub, Patrick",SUI,M,,,,1960,AUG25,9,40,1967,
1354329,"Laurencet, Benoit",SUI,M,,,,1700,AUG25,0,20,2003,
1335006,"Laurencet, Guillaume",SUI,M,,,,1775,AUG25,0,20,1999,
1365126,"Leble, Elias",SUI,M,,,,1446,AUG25,0,40,2014,
1347365,"Lechler, Robin",SUI,M,,,,1706,AUG25,0,40,2005,i
1315420,"Lee, Peter",SUI,M,,,,1875,AUG25,0,20,1951,i
1359550,"Legeret, Noe",SUI,M,,,,1604,AUG25,0,40,2014,
1338480,"Lehmann, Carsten",SUI,M,,,,1942,AUG25,0,20,1977,i
1323431,"Lengweiler, Ernst",SUI,M,,,,1933,AUG25,0,40,1945,
1347470,"Lengweiler, Fabian",SUI,M,,NA,,1533,AUG25,0,40,2007,i
1359878,"Lescut-Mueller, Jean",SUI,M,,,,1520,AUG25,0,40,1989,
1303074,"Lesniak, Julien",SUI,M,,,,1856,AUG25,0,20,1980,
1331159,"Lesquereux, Nicolas",SUI,M,,,,1815,AUG25,0,20,1964,i
1367927,"Letac, Loig",SUI,M,,,,1754,AUG25,6,40,1999,
1346423,"Leuenberger, Bruno",SUI,M,,,,1599,AUG25,0,20,1976,
1333011,"Leuthold, Cyrill",SUI,M,,,,1933,AUG25,0,20,1998,i
1301969,"Leutwyler, Martin",SUI,M,,,,2136,AUG25,0,20,1967,i
1311158,"Leutwyler, Mathias",SUI,M,,,,1983,AUG25,0,20,1975,i
1369806,"Leveque, Olivier",SUI,M,,,,1570,AUG25,7,40,1971,
1360086,"Levermann, Johannes",SUI,M,,,,1822,AUG25,0,40,1972,i
1322524,"Levrand, Roland",SUI,M,,,,2158,AUG25,0,20,1965,i
1354124,"Levrat, Christian",SUI,M,,,,1842,AUG25,0,20,1970,
1340735,"Liedtke-Siems, Jens",SUI,M,,,,1767,AUG25,0,20,1970,i
1307002,"Lienhard, Alex",SUI,M,,,,2148,AUG25,0,20,1994,i
1313592,"Lienhard, Andreas",SUI,M,,,,1892,AUG25,0,20,1966,i
1347209,"Lin, Brian",SUI,M,,,,1598,AUG25,0,40,2008,i
1302507,"Lincke, Paul",SUI,M,,,,1626,AUG25,0,20,1941,
1334484,"Lindeloef, David",SUI,M,,,,1777,AUG25,0,20,1976,i
1367935,"Linnemann, Niels",SUI,M,,,,1787,AUG25,0,40,1989,
1303511,"Lipecki, Alexander",SUI,M,,,,2136,AUG25,9,20,1973,
1335219,"Lippmann, Sam",SUI,M,,,,1796,AUG25,0,20,1980,i
1329880,"Lips, Adrian",SUI,M,,,,1888,AUG25,0,20,1995,i
1358502,"Loba, Joel",SUI,M,,,,1745,AUG25,0,40,1984,
1342614,"Lobmayer, Matthias",SUI,M,,NA,,1584,AUG25,0,20,1972,
1338188,"Loeliger, Niklaus",SUI,M,,,,1851,AUG25,0,20,1937,i
1305239,"Loetscher, Roland",SUI,M,IM,,,2325,AUG25,0,10,1982,
1342789,"Longepierre, Chloe",SUI,F,,,,1757,AUG25,0,20,1967,w
1364170,"Lopez Vargas, Gustavo Andres",SUI,M,,,,1579,AUG25,0,40,1980,
1306324,"Lopez, Manuel",SUI,M,,,,AIM,AUG25,1886,7,1967,
1348620,"Loretan, Diego",SUI,M,,,,1543,AUG25,0,20,1998,i
1349562,"Losito, Luca",SUI,M,,,,1830,AUG25,0,40,2005,i
1356569,"Loth, Tony",SUI,M,,,,1583,AUG25,0,40,2008,i
1334972,"Lou, Vincent",SUI,M,,,,2141,AUG25,0,20,2003,i
1345591,"LOUIS, Guillaume",SUI,M,,,,1871,AUG25,0,20,2000,i
1340590,"Loup, Roger",SUI,M,,,,1563,AUG25,0,40,1974,
1338080,"Lovey, Fabrice",SUI,M,,NA,,1750,AUG25,0,20,2003,
1330853,"Lu, Hanqi",SUI,M,,,,1868,AUG25,0,20,2001,i
1330187,"Lucca, Kevin",SUI,M,,,,1983,AUG25,0,20,2000,i
1304950,"Ludin, Hubert",SUI,M,,,,1932,AUG25,0,20,1942,
1319930,"Luedi, Paul",SUI,M,,,,1715,AUG25,0,20,1952,
1353799,"Luethi, Evan",SUI,M,,,,1571,AUG25,0,40,2014,
1334700,"Luethi, Walter",SUI,M,,,,1889,AUG25,0,20,1963,
1330365,"Luginbuehl, Robert",SUI,M,,,,2027,AUG25,0,20,1961,
1353276,"Luisier, Jurij",SUI,M,,,,1546,AUG25,0,40,2012,
1351923,"Lutonins, Semjons",SUI,M,,,,1892,AUG25,0,20,1987,i
1351540,"Mach, Lucien",SUI,M,,,,1658,AUG25,0,20,1998,
1309676,"Machoud, Pascal",SUI,M,,,,1885,AUG25,0,20,1966,
1347705,"Madhavan, Kailash",SUI,M,,,,1690,AUG25,0,40,2011,
1308297,"Maeder, David",SUI,M,,,,2155,AUG25,0,20,1992,i
1349015,"Magnan, Augustin",SUI,M,,,,1657,AUG25,0,20,1976,i
1349007,"Magnan, Quentin",SUI,M,,,,1588,AUG25,0,40,2011,
1348680,"Mahapatra, Samyakk",SUI,M,,,,1555,AUG25,0,40,2013,
1339028,"Maier, Olivier",SUI,M,,,,1753,AUG25,0,20,1955,i
1367145,"Maire, Logan",SUI,M,,,,1744,AUG25,0,40,2005,
1315463,"Maire, Marian",SUI,M,,,,1738,AUG25,0,40,1955,i
1367153,"Maire, Richard",SUI,M,,,,1610,AUG25,0,40,1982,
1362860,"Maitre, Daniel",SUI,M,,,,1728,AUG25,0,40,1991,
1315471,"Maitre, Fabien",SUI,M,,,,1838,AUG25,0,20,1973,
1308580,"Major, Stephan",SUI,M,,,,1878,AUG25,0,20,1940,
1340409,"Malli, Shiivesh Sunil",SUI,M,,,,1885,AUG25,0,20,2005,
1341855,"Malli, Suvirr",SUI,M,,,,2033,AUG25,0,40,2009,
1350137,"Mallipudi, Jovin Nimaikarthik",SUI,M,,,,1571,AUG25,0,40,2012,
1350129,"Mallipudi, Vernmulyadeep",SUI,M,,,,1530,AUG25,0,40,2010,
1327569,"Malyguine, Nil",SUI,M,,,,1752,AUG25,0,20,1997,i
1358510,"Mangemain, Jonathan",SUI,M,,,,1530,AUG25,0,40,2003,i
1326783,"Mani, Thomas",SUI,M,,,,1793,AUG25,0,40,1970,i
14199220,"Manko, Mariia",SUI,F,WIM,WIM,,2131,AUG25,0,40,2007,w
1351575,"Mansi, Vincent",SUI,M,,,,1661,AUG25,0,20,1988,
1329987,"Mansoor, Sharif",SUI,M,,,,2035,AUG25,0,20,1976,
1340654,"Manukyan, Levon",SUI,M,,,,1647,AUG25,0,20,1955,i
134179198,"Mapanao, Dionisio",SUI,M,,,,ACM,AUG25,1552,0,1964,
1351729,"Marcacci, Anthony",SUI,M,,,,1799,AUG25,0,20,2004,i
1362674,"Marcovic, Slavisa",SUI,M,,,,1439,AUG25,0,40,1961,
1326139,"Maret, Arnaud",SUI,M,,,,1875,AUG25,0,20,1995,
1346083,"Marinkovic, Zoran",SUI,M,,,,2011,AUG25,0,40,1968,i
1360272,"Mariz, Philippe",SUI,M,,,,1712,AUG25,0,40,1979,i
1350218,"Marmy, Loane",SUI,M,,,,1648,AUG25,0,40,2010,i
1341324,"Marmy, Milo",SUI,M,,,,1614,AUG25,0,40,2008,i
1357310,"Marti, Julian",SUI,M,,,,1611,AUG25,0,40,2006,
1336347,"Marti, Oliver",SUI,M,,,,1962,AUG25,0,20,1989,i
1306790,"Martig, Markus",SUI,M,,,,2101,AUG25,0,20,1979,i
1350579,"Martin, Aaron",SUI,M,,,,1485,AUG25,0,40,2009,i
1353225,"Martin, Jorel",SUI,M,,,,1788,AUG25,0,20,1994,i
1317741,"Martin, Laurent (SUI)",SUI,M,,,,1631,AUG25,0,20,1940,i
1319353,"Martinez, Paul",SUI,M,,,,1823,AUG25,0,20,1959,
1301420,"Martinidesz, Denes",SUI,M,,,,2115,AUG25,0,20,1974,i
1350587,"Marty, Leo",SUI,M,,,,1584,AUG25,0,40,2009,i
1301560,"Masserey, Yvan",SUI,M,FM,,,2236,AUG25,0,20,1973,i
1347373,"Matei, Robert",SUI,M,,,,1946,AUG25,0,20,1979,
1358340,"Matos, Bruce",SUI,M,,,,1774,AUG25,0,40,1995,i
1339958,"Mattenberger, Matthias",SUI,M,FM,,,2197,AUG25,0,40,2008,i
1301519,"Maurer, Fritz",SUI,M,,,,2013,AUG25,0,20,1945,
1348990,"Mauron, Adrien",SUI,M,,,,1653,AUG25,0,40,2006,i
1306472,"Mauron, Pierre",SUI,M,,,,2022,AUG25,0,20,1972,
1365134,"May, Jeremy",SUI,M,,,,1728,AUG25,0,40,1991,
1345958,"Mazenauer, Christian",SUI,M,,,,1639,AUG25,0,20,1970,i
1367510,"Mazzeo, Luigi",SUI,M,,,,ACM,AUG25,1843,9,1989,
1350030,"Mebarek, Khalil",SUI,M,,,,1785,AUG25,0,20,1995,
1325329,"Medici, Simone",SUI,M,FM,,,2248,AUG25,0,20,1991,
1326198,"Megret, Jean",SUI,M,,NA,,1921,AUG25,0,20,2000,i
1327836,"Megroz, Michael",SUI,M,,,,1696,AUG25,0,20,1993,i
1338307,"Mehrle, Erik",SUI,M,,,,1737,AUG25,0,40,2002,i
1311301,"Meienhofer, Markus",SUI,M,,,,1940,AUG25,0,20,1958,i
1320602,"Meier, Anton",SUI,M,,,,1917,AUG25,0,20,1951,i
1318756,"Meier, Beat (1962)",SUI,M,,,,1943,AUG25,0,20,1962,i
1329693,"Meier, Lukas",SUI,M,CM,,,2099,AUG25,0,20,2001,i
1309781,"Meier, Manuel",SUI,M,,,,1981,AUG25,0,20,1986,i
1363433,"Meier, Michael",SUI,M,,,,1571,AUG25,0,40,1984,
1360221,"Meili, Willi",SUI,M,,,,1808,AUG25,0,40,1958,
1345133,"Menzi, Jonas",SUI,M,,,,2114,AUG25,9,20,2003,
1354221,"Merali, Alim",SUI,M,,,,1721,AUG25,0,20,1984,i
1311107,"Mergelkuhl, Dirk",SUI,M,,,,1894,AUG25,0,40,1974,
1322362,"Mesot, Christian",SUI,M,,,,1858,AUG25,0,20,1959,i
1303856,"Messerli, Herve",SUI,M,,,,1682,AUG25,0,20,1953,
1350250,"Metille, Natean",SUI,M,,,,1666,AUG25,0,40,2009,
1340247,"Metz, Christof",SUI,M,,,,1885,AUG25,0,20,1969,i
1362232,"Meyer, Emile",SUI,M,,,,1671,AUG25,0,40,2001,i
1358529,"Meyer, Hermann",SUI,M,,,,1666,AUG25,0,40,2007,
1334280,"Meyer, Matthew",SUI,M,,,,1739,AUG25,0,20,2000,i
1306626,"Meylan, Pierre",SUI,M,,,,2028,AUG25,0,20,1961,i
1362690,"Meziani, Abderrahim",SUI,M,,,,1645,AUG25,0,40,1981,i
1301233,"Michaud, Charly",SUI,M,,,,1684,AUG25,0,20,1939,
1304895,"Michaud, Christian",SUI,M,,,,2037,AUG25,0,20,1971,
1343750,"Michel, Baptiste",SUI,M,,,,1831,AUG25,0,20,1997,i
1301241,"Michel, Jean-claude",SUI,M,,,,1759,AUG25,0,20,1959,
1312731,"Michel, Philippe",SUI,M,,,,1806,AUG25,0,20,1970,
1364251,"Miesenberger, Arne",SUI,M,,,,1709,AUG25,0,40,1981,
1308726,"Mikavica, Dragoljub",SUI,M,,,,1952,AUG25,9,20,1950,
1348639,"Mikes, Raphael",SUI,M,,,,1644,AUG25,0,20,1996,i
1345222,"Miladinovic, Marko",SUI,M,,,,1815,AUG25,0,20,1988,i
1360639,"Milano, Davide",SUI,M,,,,1541,AUG25,0,40,2006,i
1336258,"Milesi, Christian",SUI,M,,,,1755,AUG25,0,20,1988,i
1366149,"Milone, Matteo",SUI,M,,,,1654,AUG25,0,40,2001,
1312910,"Milosevic, Gligor",SUI,M,,,,2155,AUG25,0,20,1987,i
1304119,"Milosevic, Goran",SUI,M,IM,,,2302,AUG25,0,20,1964,i
1304364,"Milov, Vadim",SUI,M,GM,,,2618,AUG25,0,10,1972,
1334131,"Milovanovic, Milos",SUI,M,,,,1890,AUG25,0,20,1989,i
1337262,"Milutinovic, David",SUI,M,,,,1750,AUG25,0,40,2007,
1338609,"Minacci, Matteo",SUI,M,,NA,,1542,AUG25,0,20,1979,
1366998,"Mindren, Noe",SUI,M,,,,1472,AUG25,0,40,2012,
1366980,"Mindren, Yann",SUI,M,,,,1629,AUG25,0,40,1985,
1349457,"Minikes, Paul",SUI,M,,,,1646,AUG25,0,40,2009,i
1364685,"Miranda, Raphael",SUI,M,,,,1688,AUG25,0,40,2005,
1366785,"Miro Hoppe, Nils",SUI,M,,,,1785,AUG25,0,40,2010,
1341952,"Mittero, Felix",SUI,M,,,,1709,AUG25,0,20,1993,i
1353802,"Moebius, Anton Friedrich Xi",SUI,M,,,,1431,AUG25,0,40,2012,i
1348728,"Moehlmann, Axel",SUI,M,,,,1595,AUG25,0,20,1980,
1335480,"Moerschell, Simon",SUI,M,,,,1712,AUG25,0,20,1997,i
1345036,"Moesching, Colin",SUI,M,,,,1746,AUG25,6,20,2002,
1356615,"Mogasale, Chetan",SUI,M,,,,ACM,AUG25,1676,0,2014,
1339796,"Mohr, Bernhard",SUI,M,,,,1801,AUG25,0,20,1965,i
1340425,"Mohr, Jan",SUI,M,,NA,,1738,AUG25,0,40,2005,i
1340700,"Mohr, Moritz",SUI,M,,,,1713,AUG25,0,40,2008,i
1356054,"Moix, Salome",SUI,F,,,,1467,AUG25,0,40,2005,wi
1316583,"Mollard, Pascal",SUI,M,,,,1742,AUG25,0,20,1954,i
1339605,"Monnard, Brice",SUI,M,,,,1562,AUG25,0,20,1992,i
1303880,"Monnard, Daniel",SUI,M,,,,1767,AUG25,0,20,1954,i
1320823,"Monnet, Jean-Luc",SUI,M,,,,1593,AUG25,0,20,1961,i
1347560,"Monney, Gonzague",SUI,M,,,,1622,AUG25,0,40,1981,i
1335251,"Monnier, Shakil",SUI,M,,,,1578,AUG25,0,20,2004,i
1367072,"Monod, Yanis",SUI,M,,,,1639,AUG25,0,40,2004,
1326813,"Monsch, Jean-Pierre",SUI,M,,,,1926,AUG25,0,40,1953,
1308076,"Montavon, Gerard",SUI,M,,,,2028,AUG25,0,20,1963,
1367943,"Monteillard, Nolan",SUI,M,,,,1510,AUG25,0,40,2009,
1314580,"Monteverde, Jonathan",SUI,M,,,,2135,AUG25,0,20,1992,i
1343602,"Montmasson, Yvan",SUI,M,,,,1723,AUG25,0,20,1967,i
1303112,"Moor, Olivier",SUI,M,IM,,,2335,AUG25,0,20,1976,i
1302590,"Moor, Roger",SUI,M,IM,,,2363,AUG25,0,20,1976,i
1344676,"Moorhead Dimancesco, Nicholas",SUI,M,,,,1774,AUG25,0,20,1998,i
1365142,"Morand, Sylvain",SUI,M,,,,1749,AUG25,0,40,1978,
1365690,Moreno Enric,SUI,M,,,,1577,AUG25,0,40,2007,
1353594,"Moret, Christian",SUI,M,,,,1665,AUG25,0,20,1976,
1306740,"Moret, Jean-Paul",SUI,M,,,,1939,AUG25,0,20,1952,
1331817,"Moret, Nicolas",SUI,M,,,,1711,AUG25,0,40,1979,i
1358375,"Moret, Serge",SUI,M,,,,1634,AUG25,0,40,1954,i
1310208,"Morf, Juerg Walter",SUI,M,,,,1950,AUG25,0,20,1945,i
1308530,"Morgenthaler, Stefan",SUI,M,,,,2075,AUG25,0,20,1991,
1367099,"Morina, Sejdii",SUI,M,,,,1817,AUG25,0,40,1971,
1352628,"Moron Moreau, Ricardo",SUI,M,,,,1615,AUG25,0,20,1999,i
1348299,"Morotti, Elisa",SUI,F,,,,1690,AUG25,0,20,1978,wi
1352288,"Morresi, Tiziano",SUI,M,,,,1644,AUG25,0,20,1960,i
1359231,"Moss, Robin",SUI,M,,,,1623,AUG25,0,40,2013,
1327771,"Mounir, Pierre",SUI,M,,,,1824,AUG25,0,20,1956,i
1372009,"Mueller, Alexis",SUI,M,,,,1696,AUG25,9,40,1997,
1348809,"Mueller, Andrin",SUI,M,,,,1799,AUG25,0,20,1998,i
1308521,"Mueller-Seps, Monika",SUI,F,WGM,WGM,,2213,AUG25,0,20,1986,wi
1307495,"Muheim, Markus",SUI,M,,,,2079,AUG25,0,20,1961,i
1311425,"Muheim, Sebastian",SUI,M,,,,2164,AUG25,0,20,1992,i
1333046,"Mukhles, Aschraf",SUI,M,,,,1870,AUG25,0,20,1991,i
1323792,"Murati, Shkelzen",SUI,M,,,,2053,AUG25,0,20,1982,i
1332082,"Musaelyan, Arshavir",SUI,M,,,,1965,AUG25,0,20,1984,i
1324306,"Musil, Zlatko",SUI,M,,,,1885,AUG25,0,20,1956,i
1353616,"Musillo, Gabriele",SUI,M,,,,1598,AUG25,0,40,1974,
1327240,"Mutter, Kevin",SUI,M,,,,1791,AUG25,0,20,1995,
1308696,"Nabavi, Parwis",SUI,M,,,,2174,AUG25,0,20,0,i
1345249,"Navarini, Vincent",SUI,M,,,,1701,AUG25,0,40,2010,
1355767,"Navarro, Bryan",SUI,M,,,,1548,AUG25,0,20,1996,i
1348400,"Nechai, Fedor",SUI,M,,,,1618,AUG25,0,40,2009,i
1330004,"Nedi, Gilbert",SUI,M,,,,1927,AUG25,0,20,1978,i
1315544,"Nellissen, Werner",SUI,M,,,,1661,AUG25,0,20,1943,i
1355589,"Neuschild, Marius",SUI,M,,,,1889,AUG25,0,40,2014,
1347144,"Newsome, Max",SUI,M,,,,1650,AUG25,0,40,2005,i
1356062,"Nguyen, Arthur",SUI,M,,,,1526,AUG25,0,40,2007,i
1354280,"Nguyen, Thi Dai Trang",SUI,F,,,,1749,AUG25,0,40,1994,wi
1367064,"Nguyen, To Uyen",SUI,F,,,,1554,AUG25,0,40,1986,w
1363204,"Niederberger, Lenny",SUI,M,,,,1702,AUG25,0,40,2011,
1360930,"Nikolic, Lazar",SUI,M,,,,1614,AUG25,0,40,1998,
1341707,"Nikolskiy, Ilya",SUI,M,,,,1805,AUG25,0,40,2009,i
1350706,"Noel, Lucien",SUI,M,,,,1604,AUG25,0,40,2001,
1338617,"Novikova, Anastasija",SUI,F,,,,1645,AUG25,0,20,1998,wi
1311433,"Nuri, Kambez",SUI,M,FM,,,2284,AUG25,0,20,1992,i
1304011,"Oberson, Louis",SUI,M,,,,1782,AUG25,0,20,1943,i
1334360,"Oehen, Rene",SUI,M,,NA,,1897,AUG25,0,20,1981,i
1356232,"Olarte, Stefan",SUI,M,,NA,,2096,AUG25,0,40,1987,i
1329561,"Olimpiev, Alexey",SUI,M,,,,1728,AUG25,0,20,1959,
1360264,"Orel, Erol",SUI,M,,,,1718,AUG25,0,40,1976,
1327399,"Orthmann, Dirk",SUI,M,,,,1823,AUG25,0,20,1964,
1362240,"Ottinger, Robin",SUI,M,,,,1535,AUG25,0,40,1999,
1338960,"Ouatas, Mabrouk",SUI,M,,,,1624,AUG25,0,20,1971,i
1323806,"Overney, Luca",SUI,M,,,,1894,AUG25,0,20,1997,i
1362372,"Pachet, Noah",SUI,M,,,,1638,AUG25,0,40,2010,
1338951,"Paholok, Igor",SUI,M,,,,1784,AUG25,6,20,1982,
1306650,"Pahud, Cedric",SUI,M,,,,2108,AUG25,0,20,1981,
1348248,"Pahud, Kylian",SUI,M,,,,1725,AUG25,0,40,2012,
1328255,"Pajovic, Christian",SUI,M,,,,1900,AUG25,0,20,1940,i
1359266,"Palairet, Alexander",SUI,M,,,,1874,AUG25,0,40,2012,
1305573,"Paleologu, Vladimir",SUI,M,,FI,,2172,AUG25,0,20,1971,
1345001,"Palmonella, Valentin",SUI,M,CM,,,1980,AUG25,0,40,2007,
24126608,"Panerai, Ksenia",SUI,F,,NA,,1971,AUG25,0,20,1994,wi
1323512,"Panizza, Josef",SUI,M,,,,1641,AUG25,0,20,1940,i
1326155,"Pannatier, Arnaud",SUI,M,,,,1896,AUG25,0,20,1995,i
1313266,"Pantillon, Patrick Andre",SUI,M,,,,1766,AUG25,0,20,1963,
30910200,"Pao, Lucas Ping",SUI,M,,,,1918,AUG25,0,20,2000,i
1340867,"Papaux, Jeremie",SUI,M,,,,1910,AUG25,0,40,2009,
1337602,"Papaux, Steve",SUI,M,,,,2215,AUG25,0,20,2006,
1338625,"Parlak, Selahattin",SUI,M,,,,1760,AUG25,6,20,1974,
1347217,"Parmelin, Evan",SUI,M,,,,1802,AUG25,0,40,2008,
1366025,"Parra, Luca",SUI,M,,,,1617,AUG25,8,40,2012,
1357603,"Parshikov, Tikhon",SUI,M,,,,1821,AUG25,0,40,1999,i
1368389,"Pasquier, Felicien",SUI,M,,,,1682,AUG25,0,40,2004,
1361252,"Patane, Philippe",SUI,M,,,,1538,AUG25,0,40,1966,
1304240,"Patuzzo, Fabrizio",SUI,M,FM,,,2259,AUG25,0,20,1977,
1327070,"Pecorini, Angie",SUI,F,,,,1898,AUG25,0,20,2003,wi
1324527,"Pecorini, Anthony",SUI,M,,,,1717,AUG25,0,20,2001,i
1333330,"Pecorini, Bryan",SUI,M,,,,1656,AUG25,0,20,2006,i
1324535,"Pecorini, Jean-Marc",SUI,M,,,,1731,AUG25,0,20,1965,
1312740,"Pellaton, Fernand",SUI,M,,,,1763,AUG25,0,20,1943,
1354094,"Pellegrini, Noah",SUI,M,,,,1866,AUG25,0,40,2010,
1301837,"Pelletier, Yannick",SUI,M,GM,FST,,2643,AUG25,0,10,1976,i
1332341,"Pellicoro, Fabian",SUI,M,,,,1902,AUG25,0,20,2003,i
1332350,"Pellicoro, Nathalie",SUI,F,,,,1887,AUG25,8,20,2001,w
14112620,"Peng, Li Min",SUI,M,GM,,,2511,AUG25,0,10,1997,
1333070,"Perazic, Muharem",SUI,M,,,,1622,AUG25,0,20,1953,
1365150,"Perez, Diego",SUI,M,,,,1650,AUG25,0,40,1998,
1271038,"Perman, Sergey",SUI,M,,,,2059,AUG25,0,20,1967,
1330861,"Perreard, Nicolas",SUI,M,,,,2003,AUG25,0,20,2002,
1336193,"Perret, Stephane",SUI,M,,,,1892,AUG25,0,20,1978,
1326317,"Perreten, Pierre-Andre",SUI,M,,,,1753,AUG25,0,20,1960,i
1335260,"Perrin, Jean-Edern",SUI,M,,,,1524,AUG25,0,40,2008,i
1303643,"Perruchoud, Benoit",SUI,M,,,,1841,AUG25,0,20,1966,
1313479,"Perruchoud, Francois",SUI,M,,,,1871,AUG25,0,20,1952,
1307096,"Perruchoud, Pierre",SUI,M,,,,1915,AUG25,0,20,1956,
1314297,"Perruchoud, Xavier",SUI,M,,,,1759,AUG25,0,20,1976,
1308890,"Peter, Raymond",SUI,M,,,,1921,AUG25,7,20,1959,
1337629,"Peter, Yul",SUI,M,,,,1667,AUG25,0,40,2005,i
1352318,"Petry, Martin",SUI,M,,,,1891,AUG25,0,20,1962,
1347268,"Pfaltz, Henning",SUI,M,,,,1603,AUG25,0,20,1981,i
1346741,"Pfaltz, Maximilian",SUI,M,,,,1832,AUG25,0,40,2011,
1358065,"Pfaltz, Niklas",SUI,M,,,,1555,AUG25,0,40,2013,
1368087,"Pfyffer, Adrien",SUI,M,,,,1822,AUG25,0,40,2003,
1359274,"Phung, Felix",SUI,M,,,,1829,AUG25,0,40,2013,
1327089,"Pichler, Carolina",SUI,F,,,,1707,AUG25,0,20,2000,wi
1325930,"Pichler, Raphael",SUI,M,,,,1577,AUG25,0,20,1997,i
1353632,"Pignat, Adrien",SUI,M,,,,1831,AUG25,0,40,2005,
1313800,"Pinchetti, Andrea",SUI,M,,,,2015,AUG25,9,20,1981,
1348710,"Pinelli, Gian",SUI,M,,,,1726,AUG25,0,40,2011,
1307029,"Planchamp, Jacob",SUI,M,,FI,,1947,AUG25,0,20,1990,i
1305999,"Pleininger, Rudolf",SUI,M,,,,1981,AUG25,0,20,1959,i
1362550,"Poetz, Riccardo",SUI,M,,,,1527,AUG25,0,40,1999,
1363352,"Poezart, Alexandre",SUI,M,,,,1597,AUG25,0,40,2009,
24673579,"Pogan, Nikolas",SUI,M,FM,,,2178,AUG25,9,20,1991,
1320831,"Pomini, Aurelien",SUI,M,FM,,,2207,AUG25,0,20,1997,i
1328662,"Ponomarev, Bozidar",SUI,M,,,,1734,AUG25,0,20,0,i
1330403,"Popescu, Vlad",SUI,M,,,,2001,AUG25,0,20,1989,
1303490,"Portmann, Daniel",SUI,M,,,,1918,AUG25,0,20,1971,
1309870,"Post, Nikolai",SUI,M,,,,1976,AUG25,0,20,1987,i
1300342,"Preissmann, Emmanuel",SUI,M,FM,,,2224,AUG25,0,20,1950,i
1321633,"Priamo, Pierre-Andre",SUI,M,,,,1878,AUG25,0,20,1946,i
1351354,"Prieto, Marcos",SUI,M,,,,1852,AUG25,0,40,2005,i
1355740,"Proshchevaiev, Yaroslav",SUI,M,,,,1609,AUG25,0,40,2010,i
1367331,"Prost-Hachemi, Angelo",SUI,M,,,,1718,AUG25,0,40,2014,
1207210,"Prunescu, Claudiu",SUI,M,FM,"SI,FI",,2254,AUG25,0,20,1971,i
1338250,"Pulawski, Jacek",SUI,M,,,,1797,AUG25,0,20,1978,i
1313487,"Putallaz, Jean-Christophe",SUI,M,,,,1812,AUG25,0,20,1955,
1337637,"Python, Noe",SUI,M,,,,1937,AUG25,0,20,2004,
1366556,"Qiu, Yuchen",SUI,M,,,,1434,AUG25,0,40,2013,
1356089,"Quartenoud, Alexis",SUI,M,,,,1704,AUG25,0,20,2000,
1330870,"Rab, Assif",SUI,M,,,,2050,AUG25,0,20,1997,i
1363417,"Radovcic, Luka",SUI,M,,,,1646,AUG25,0,40,2015,
1313630,"Radt, Volker",SUI,M,,,,1983,AUG25,0,20,1972,i
1342622,"Raess, Daniel",SUI,M,,,,1828,AUG25,0,20,1961,i
1364839,"Ragazzi, Gianluca",SUI,M,,,,1839,AUG25,0,40,2004,
1346598,"Ragheb, Kaemel",SUI,M,,,,1776,AUG25,0,20,1997,i
1344838,"Rahimi, Hamid",SUI,M,,,,1759,AUG25,4,20,1965,
1336436,"Raimondi, Francesco",SUI,M,,,,1711,AUG25,0,40,2005,i
1335642,"Raimondi, Patrice",SUI,M,,,,1786,AUG25,0,20,1961,i
1341987,"Rajendiram, Rajithan",SUI,M,,,,1702,AUG25,0,20,1992,i
1355783,"Ram, Karthik",SUI,M,,,,1666,AUG25,0,40,2013,
1352091,"Ram, Sanjay",SUI,M,,,,1604,AUG25,0,40,2008,
1305875,"Ramseier, Juerg",SUI,M,,,,2023,AUG25,0,20,1961,
1326465,"Ramseyer, Nicola",SUI,M,,,,2025,AUG25,0,20,2003,i
1343530,"Rapaz, Michel",SUI,M,,,,1780,AUG25,0,20,1951,i
1321641,"Rappaz, Pierre-M.",SUI,M,,,,1970,AUG25,0,20,1956,
1340069,"Rappazzo, Johannes",SUI,M,FM,,,2044,AUG25,0,40,2008,
1347110,"Rappazzo, Pierre",SUI,M,,,,1528,AUG25,0,20,1965,
1304941,"Rasovic, Dragan",SUI,M,,,,1989,AUG25,0,20,1959,i
1352440,"Rau, Stefan",SUI,M,,,,1758,AUG25,0,20,1990,i
1346466,"Raynor, Rupert",SUI,M,,,,1864,AUG25,0,20,1963,
1312030,"Reich, Erwin",SUI,M,,,,1914,AUG25,0,20,1942,i
1319663,"Reiss, Siegfried",SUI,M,,,,2009,AUG25,0,20,1947,i
1309269,"Reist, Daniel",SUI,M,,,,2088,AUG25,0,20,1968,i
1307649,"Remensberger, Hansuli",SUI,M,,,,2042,AUG25,0,20,1952,
1305441,"Remensberger, Paul",SUI,M,,,,2041,AUG25,0,20,1952,
1315617,"Retti, Ivan",SUI,M,,,,2026,AUG25,0,20,1996,i
1315625,"Retti, Marco",SUI,M,,,,1725,AUG25,0,20,1959,
1348876,"Rexhepi, Bashkim",SUI,M,,,,1693,AUG25,0,40,1982,i
1348647,"Rexhepi, Ledion",SUI,M,,,,1763,AUG25,0,40,2007,i
1325612,"Reymond, Marc",SUI,M,,,,1918,AUG25,0,20,1969,i
1306162,"Riand, Jean-Yves",SUI,M,,,,1876,AUG25,0,20,1957,
1314300,"Richard, Jean-Paul",SUI,M,,,,1873,AUG25,0,20,1962,i
1333399,"Rickli, Juerg Michel",SUI,M,,,,1850,AUG25,0,20,1969,i
1345087,"Rieser, Rene",SUI,M,,,,1628,AUG25,0,20,1953,
1351702,"Rincon Perez, Rafael",SUI,M,,,,1434,AUG25,0,40,1995,i
1311239,"Rincon, Jose-Maria",SUI,M,,,,1921,AUG25,0,20,1979,
1311549,"Rindlisbacher, Ernst",SUI,M,,,,1920,AUG25,0,20,1960,i
1304160,"Rindlisbacher, Jan",SUI,M,,,,2184,AUG25,0,20,1994,i
1304178,"Rindlisbacher, Lars",SUI,M,FM,,,2293,AUG25,0,20,1996,i
1308858,"Risch, Paul",SUI,M,,,,1999,AUG25,0,20,1972,i
1302647,"Ristevski, Sasko",SUI,M,,,,1947,AUG25,0,20,1968,i
1305093,"Rivaud, Christophe",SUI,M,,,,1947,AUG25,0,20,1961,
1362356,"Rizaee, Khodadad",SUI,M,,,,1791,AUG25,0,40,1985,
1300873,"Robert, Antonin",SUI,M,,,,2067,AUG25,0,20,1956,i
1342630,"Robichon, Fabien",SUI,M,,,,1827,AUG25,0,40,1975,i
1329111,"Rochat, Vivian",SUI,M,,,,1851,AUG25,0,20,1991,
1360957,"Rochowski, Anton",SUI,M,,,,1888,AUG25,0,40,1964,
1351478,"Rodriguez Jimenez, Gabriel",SUI,M,,,,1931,AUG25,0,40,2006,i
1350374,"Roffler, Jakob",SUI,M,,,,1652,AUG25,0,40,1996,
1323016,"Rohde, Bernhard",SUI,M,,,,1834,AUG25,0,20,1956,i
1326546,"Rohrer, Christophe",SUI,M,FM,,,2217,AUG25,9,20,1999,
1349090,"Rojas, Franco",SUI,M,,,,1647,AUG25,0,20,1984,i
1348957,"Romand-Monner, Gabriel",SUI,M,,,,1601,AUG25,0,40,2007,i
1339001,"Romani, Armando",SUI,M,,,,1671,AUG25,0,20,1979,i
1361694,"Romanovskyi, Ivan",SUI,M,,,,1842,AUG25,0,40,2009,
1353160,"Ronner, Patrick",SUI,M,,,,1601,AUG25,0,40,2010,
1342649,"Rosario, Benny",SUI,M,,,,1841,AUG25,0,20,1981,i
1353020,"Rose, Alexis",SUI,M,,,,1746,AUG25,0,40,2006,i
1356267,"Rosen, Noah",SUI,M,,,,1776,AUG25,8,40,1995,
1351435,"Rosset, Cedric",SUI,M,,,,1658,AUG25,5,20,1981,
653080459,"Rosset, Ruben",SUI,M,,,,1503,AUG25,5,40,2017,
1329812,"Rossi, Silvano",SUI,M,,,,1953,AUG25,0,20,1970,i
1321242,"Rossini, Luca",SUI,M,,,,1880,AUG25,0,20,1975,i
1314114,"Roth, Daniel",SUI,M,,,,1787,AUG25,0,20,1967,
1303392,"Roth, Martin",SUI,M,,,,1960,AUG25,0,20,1961,i
1324349,"Rothen, Mauro",SUI,M,,,,2049,AUG25,0,20,1961,i
1338528,"Rotunno, Flavio",SUI,M,,,,2101,AUG25,0,40,2007,
1350145,"Rouiller, Leonard",SUI,M,,,,1670,AUG25,0,20,1994,i
1328921,"Ruchat, Blaise",SUI,M,,,,1870,AUG25,0,20,1990,
1362275,"Rudaz, Benjamin",SUI,M,,,,1514,AUG25,0,40,1987,
1367951,"Rudaz, Boris",SUI,M,,,,1444,AUG25,0,40,2006,
1339320,"Rudnev, Alexander",SUI,M,,,,1725,AUG25,0,20,1981,i
54720133,"Ruiz Servent, Arnau",SUI,M,,,,1697,AUG25,6,40,2010,
54754879,"Ruiz Servent, Marti",SUI,M,,,,1612,AUG25,7,40,2013,
1313819,"Ruiz, Jose",SUI,M,,,,2072,AUG25,0,20,1957,
1366220,"Rumasuglia, Mattia",SUI,M,,,,1708,AUG25,0,40,2012,
1331604,"Rusconi, Benito",SUI,M,,,,1965,AUG25,0,20,1999,i
1306642,"Rychener, Henri",SUI,M,,,,1996,AUG25,0,20,1951,i
1301748,"Sach, Tomas",SUI,M,,,,1878,AUG25,0,20,1947,i
1365169,"Sacramento, Apollonio",SUI,M,,,,1516,AUG25,0,40,2010,
1304712,"Sadeghi, Hassan Roger",SUI,M,CM,,,2046,AUG25,9,20,1958,
1342053,"Sadeghi, Purya",SUI,M,,,,1958,AUG25,0,20,1996,
1354973,"Sadeh, David",SUI,M,,,,1470,AUG25,0,40,2017,
1333356,"Saeuberli, Guy",SUI,M,,,,1837,AUG25,0,20,1965,
1356100,"Sahraei, Iven",SUI,M,,,,1667,AUG25,0,40,2013,i
1356119,"Sahraei, Pedram",SUI,M,,,,1679,AUG25,0,20,1980,i
1335014,"Salamin, Hugues",SUI,M,,,,1975,AUG25,0,20,1981,i
1354426,"Saliba, Jacques",SUI,M,,,,1862,AUG25,0,40,1991,i
1345370,"Saminskij, David",SUI,M,,,,1679,AUG25,0,40,2007,i
1346962,"Saminskij, Jan",SUI,M,,,,2191,AUG25,0,40,2012,
1362364,"Sandell, Arnaud",SUI,M,,,,1483,AUG25,0,40,2001,
1312529,"Sandoval, Francisco",SUI,M,,,,1999,AUG25,0,20,1966,i
1352482,"Santschy, Julien",SUI,M,,,,1610,AUG25,0,40,2010,i
1352237,"Saranbaatar, Telmen",SUI,M,,,,1513,AUG25,0,40,2011,
1356771,"Sardyga Chevieux, Heka",SUI,M,,,,1515,AUG25,0,40,2012,
1367340,"Sarrasin, Theo",SUI,M,,,,1615,AUG25,0,40,2009,
1367382,"Sathasivan, Awin",SUI,M,,,,1585,AUG25,0,40,2013,
1374117,"Saucy, Etienne",SUI,M,,,,1442,AUG25,7,40,1995,
1353640,"Saudan, Cesar",SUI,M,,,,1749,AUG25,0,20,1974,
1346474,"Saudan, Maxime",SUI,M,,,,1624,AUG25,0,40,2011,i
1346482,"Saugy, Nadia",SUI,F,,,,1752,AUG25,0,40,2005,wi
1347870,"Sautaux, Christel",SUI,F,,,,1426,AUG25,0,40,1982,wi
1301888,"Sauvin, Jacques",SUI,M,,,,2028,AUG25,9,40,1963,
1313657,"Saxer, Bruno",SUI,M,,,,1637,AUG25,0,20,1954,
1362097,"Schaefer, Gion",SUI,M,,,,1661,AUG25,6,40,2007,
1356127,"Schaer, Bryan",SUI,M,,,,1698,AUG25,0,20,2001,
1340832,"Schaer, Joel",SUI,M,,,,1729,AUG25,0,40,2003,i
1320203,"Schafer, Ezio",SUI,M,,,,1926,AUG25,0,20,1961,i
1348663,"Schafft, Lorenz",SUI,M,,,,1466,AUG25,0,40,2009,i
1314351,"Schaller, Didier",SUI,M,,,,1816,AUG25,8,20,1961,
1348507,"Schaumberger, Lilly",SUI,F,,,,1624,AUG25,0,40,2007,wi
1346229,"Schellenberg, Pascal",SUI,M,,,,1733,AUG25,0,40,2010,i
1345362,"Schellenberg, Simon",SUI,M,,,,2077,AUG25,0,40,2007,
1332880,"Scherer-Schwab, Rolf",SUI,M,,,,1810,AUG25,0,20,1965,i
1337947,"Scherler, Julius",SUI,M,,,,1984,AUG25,0,40,2008,i
1358456,"Scherly, Thibault",SUI,M,,,,1707,AUG25,0,40,1999,
1364421,"Scherrer, Stephane",SUI,M,,,,1503,AUG25,0,40,1983,i
1309889,"Schiendorfer, Emanuel",SUI,M,FM,,,2337,AUG25,0,20,1990,i
1312960,"Schiendorfer, Florian",SUI,M,,,,2156,AUG25,0,20,1990,i
1303198,"Schild, Christophe",SUI,M,,"NI,SI",,2041,AUG25,0,20,1977,
1334956,"Schlegel, Igor",SUI,M,FM,,,2162,AUG25,0,40,2005,
1329499,"Schlunke, Hans-Peter",SUI,M,,,,1723,AUG25,0,20,1935,i
1302957,"Schmid, Martin",SUI,M,,,,2040,AUG25,0,20,1971,i
1315730,"Schmid, Pablo",SUI,M,,,,2114,AUG25,0,20,1984,i
1331612,"Schmid, Peter (1957)",SUI,M,,,,1866,AUG25,0,20,1957,i
1332708,"Schmidt, Thomas",SUI,M,,,,1812,AUG25,0,20,1964,i
1335804,"Schmied, Stefan",SUI,M,,,,1778,AUG25,8,20,1976,
1317121,"Schmuki, Roman",SUI,M,,,,1945,AUG25,0,20,1953,i
1361279,"Schneggenburger, Miguel",SUI,M,,,,1782,AUG25,0,40,1999,
1358871,"Schneider, Eliana Maylen",SUI,F,,,,1511,AUG25,0,40,2008,w
1312537,"Schnelli, Roman",SUI,M,,,,1984,AUG25,0,20,1978,
1326872,"Schnorrberger, Reiner",SUI,M,,,,1868,AUG25,0,20,1967,i
1335677,"Schoenbaechler, Anselm",SUI,M,,,,1892,AUG25,0,20,2001,
26021668,"Schroeter, Michael",SUI,M,,,,2073,AUG25,0,20,1991,i
1315773,"Schwarz, Claudio",SUI,M,,,,1932,AUG25,0,20,1959,i
1322613,"Schweighoffer, Martin",SUI,M,,,,2080,AUG25,0,20,1999,i
1357905,"Seiler, Gerhard",SUI,M,,,,1501,AUG25,0,40,1965,
1312227,"Seiler, Michael",SUI,M,,,,1954,AUG25,0,20,1982,i
1328085,"Seiler, Yannick",SUI,M,,,,1849,AUG25,0,20,1985,i
1313673,"Seitz, Benjamin",SUI,M,,,,2199,AUG25,0,20,1993,i
1359460,"Sela, Eithan",SUI,M,,,,1438,AUG25,0,40,2008,i
1307908,"Selecky, Julius",SUI,M,,,,1849,AUG25,0,20,1946,i
14946084,"Selinga, Jan",SUI,M,,,,1939,AUG25,0,20,2000,i
1341189,"Semendyaev, Ivan",SUI,M,,,,1810,AUG25,0,20,2000,i
605832,"Sermier, Guillaume",SUI,M,IM,,,2362,AUG25,0,20,1978,i
1355015,"Servoin, Louis-Hadrien",SUI,M,,,,1416,AUG25,0,40,2015,i
1352466,"Settegrana, Miro",SUI,M,,,,1521,AUG25,0,40,2007,i
1349392,"Shahmammadli, Ramiz",SUI,M,,,,1500,AUG25,0,40,2016,
1347284,"Shahmammadli, Safkhan",SUI,M,,,,1953,AUG25,0,20,1976,i
1368427,"Shama, Igor",SUI,M,,,,1405,AUG25,0,40,1979,
527027007,"Shama, Oleksandr",SUI,M,,,,1480,AUG25,0,40,2012,
2842475,"Shatil, Or",SUI,F,WIM,WIM,,1933,AUG25,0,40,2010,w
2828278,"Shatil, Shir",SUI,M,CM,,,1949,AUG25,0,40,2007,i
1367633,"Shepherd, Paul M",SUI,M,,,,1754,AUG25,0,40,1976,
1360183,"Shumilov, Ruslan",SUI,M,,,,1916,AUG25,8,40,1990,
1321722,"Sibalic, Dragan",SUI,M,,,,1920,AUG25,0,20,1958,i
1341065,"Sidler, Raoul",SUI,M,,,,1875,AUG25,0,20,2004,i
1355260,"Sieben, Brian",SUI,M,,,,1686,AUG25,0,40,1976,
1359029,"Siegel, Felix",SUI,M,,,,1500,AUG25,0,40,2011,i
1342380,"Siems, Keanu",SUI,M,,,,1824,AUG25,0,40,2006,i
1342398,"Siems, Malia",SUI,F,,,,1456,AUG25,0,40,2006,wi
1366360,"Signer, Laurens",SUI,M,,,,1689,AUG25,0,40,2003,
1354370,"Silke Balerna, Pietro",SUI,M,,,,1690,AUG25,0,20,2000,
1316737,"Simic, Zivan",SUI,M,,,,1892,AUG25,0,40,1949,
1353667,"Simon, Alexandru",SUI,M,,,,1592,AUG25,0,40,2012,
1348930,"Simpson, Luca",SUI,M,,,,1821,AUG25,0,20,2002,i
1301322,"Skouvaklis, Alexis",SUI,M,,,,2195,AUG25,0,20,1995,i
1360230,"Sobernheim, Jutta",SUI,F,,,,1587,AUG25,0,40,1955,w
1364600,"Sobrino, Rodrigo",SUI,M,,,,1690,AUG25,0,40,1984,
1360663,"Sokol, Dennis",SUI,M,,,,1573,AUG25,6,40,2008,
1322222,"Solari, Matteo",SUI,M,,,,1792,AUG25,0,20,1995,i
1336118,"Sonzogni,Eliano",SUI,M,,,,1877,AUG25,0,20,1982,i
1350056,"Sosa Nesper, Marcos Ivan",SUI,M,,,,1725,AUG25,0,20,1985,i
1353039,"Sosnovskyi, Yaroslav",SUI,M,,,,1738,AUG25,8,20,1982,
1306731,"Souiller, Frank",SUI,M,,,,1916,AUG25,0,20,1977,i
1367641,"Sousa Simao, Tomas",SUI,M,,,,1460,AUG25,0,40,2008,
1357840,"Spada, Yunfan",SUI,M,,,,1792,AUG25,0,40,2008,
1300849,"Speck, Hans",SUI,M,,,,1973,AUG25,0,20,1937,i
1344137,"Speerli, Maria",SUI,F,,,,1596,AUG25,0,40,2011,w
1312871,"Sperzel, Bernd",SUI,M,,,,1912,AUG25,0,20,1964,
1342967,"Spicher, Luzian",SUI,M,,,,1671,AUG25,0,40,2006,i
1329774,"Spielmann, Beat",SUI,M,,FA,,1813,AUG25,0,20,1958,
1368176,"Spiers, Andrew",SUI,M,,,,1545,AUG25,0,40,1983,
1352245,"Spinella, Giandomenico",SUI,M,,,,1626,AUG25,0,20,1962,i
1331256,"Stadler, Rudolf",SUI,M,,,,1884,AUG25,0,20,1951,i
1357794,"Stalder, Timon",SUI,M,,,,1463,AUG25,0,40,2007,i
1348922,"Stalhandske, Julien",SUI,M,,,,1717,AUG25,0,20,2000,i
1347012,"Stark, Jeremias",SUI,M,,,,1675,AUG25,0,40,2009,i
1310879,"Staub, Ludovic",SUI,M,,,,2115,AUG25,0,20,1982,
1342673,"Stauber, Matija",SUI,M,,,,1956,AUG25,0,20,1984,i
1314416,"Steck, Kurt",SUI,M,,,,1835,AUG25,0,20,1943,i
1308777,"Steenhuis, Jan",SUI,M,,,,2045,AUG25,0,20,1972,i
1303538,"Steenvoorden, Dimitri",SUI,M,,,,2001,AUG25,0,20,1969,i
1348884,"Steiger, Flurin",SUI,M,,,,1490,AUG25,0,20,2003,i
1348892,"Steiger, Rainer",SUI,M,,,,1584,AUG25,0,20,1959,i
1303171,"Steiner, Kurt",SUI,M,,,,1801,AUG25,0,20,1950,
1302094,"Steiner, Mario",SUI,M,,,,1741,AUG25,0,20,1994,
1316753,"Steiner, Michel",SUI,M,,,,1830,AUG25,0,20,1960,
1360973,"Steiner, Remo",SUI,M,,,,1697,AUG25,0,20,1991,
1346067,"Steinfeld, Elia",SUI,M,,,,1733,AUG25,0,20,2003,i
1321757,"Stephanus, Olivier",SUI,M,,,,1877,AUG25,0,20,1963,i
1337696,"Stierli, Jean-Paul",SUI,M,,,,1713,AUG25,0,20,1966,
1302744,"Stiffler, Jean-marc",SUI,M,,,,1714,AUG25,0,20,1952,i
1331124,"Stijve, Niels",SUI,M,,,,1977,AUG25,0,20,2005,
1331132,"Stijve, Theo",SUI,M,IM,,,2261,AUG25,0,20,2001,
1372319,"Stoeckli, Thomas",SUI,M,,,,1622,AUG25,7,40,1962,
1301683,"Stoecklin, Carlo",SUI,M,,,,1936,AUG25,0,20,1969,i
1323024,"Stoecklin, Ernst Pablo",SUI,M,,,,1829,AUG25,0,20,1957,i
1304313,"Stoeri, Laura",SUI,F,WFM,WFM,,2055,AUG25,0,20,1996,wi
1315862,"Stoeri, Simon",SUI,M,FM,,,2261,AUG25,0,20,1994,i
1346873,"Stoll, Arturo",SUI,M,,,,1752,AUG25,0,40,2009,i
1346903,"Stoll, Cesare",SUI,M,,,,1675,AUG25,0,40,2010,i
1337084,"Stroo, Kees",SUI,M,,,,1582,AUG25,0,20,1961,
1320610,"Stucki, Matthias",SUI,M,,,,1829,AUG25,0,20,1959,i
1319620,"Studer, Noel",SUI,M,GM,,,2482,AUG25,0,10,1996,i
1301152,"Sudan, Georges",SUI,M,,,,2024,AUG25,0,20,1952,
1364553,"Sudarsandhari Shibani, Willson",SUI,M,,,,1620,AUG25,0,40,1981,i
1321234,"Suess, Bernhard",SUI,M,,,,1851,AUG25,0,40,1959,i
1347721,"Sutter, Julian",SUI,M,,,,1852,AUG25,0,40,2011,
1300474,"Sutter, Oliver",SUI,M,FM,FI,,2267,AUG25,0,20,1970,i
1330128,"Sutter, Samuel",SUI,M,,,,1772,AUG25,0,20,1970,i
705624,"Szakolczai, Peter",SUI,M,FM,,,2094,AUG25,0,20,1973,
1315900,"Tabin, Rene",SUI,M,,,,1844,AUG25,0,20,1952,
1367129,"Tacchini, Alain",SUI,M,,,,1617,AUG25,0,40,2011,
1344021,"Tahedl, Milo",SUI,M,,NA,,1759,AUG25,0,40,2008,i
1330799,"Tamrazyan, Gohar",SUI,F,,,,1897,AUG25,0,20,2004,wi
1362739,"Tanner, Stephane",SUI,M,,,,1728,AUG25,0,40,1985,
1363441,"Tapernoux, Silas",SUI,M,,,,1745,AUG25,0,40,2006,
1306014,"Tcheau, Alain",SUI,M,,,,1926,AUG25,8,20,1969,
1347330,"Tedone, Francesco",SUI,M,,NA,,1761,AUG25,0,20,1998,
1317792,"Terrettaz, Alexandre",SUI,M,,,,1830,AUG25,0,40,1971,
1367102,"Terrettaz, Jean-Bernard",SUI,M,,,,1643,AUG25,0,40,1947,
1346679,"Teubert, Petros",SUI,M,,,,1528,AUG25,0,40,2007,i
1302191,"Thaler, Matthias",SUI,M,,,,2163,AUG25,0,20,1968,i
1303864,"Thaler, Toni",SUI,M,,,,2044,AUG25,0,20,1959,i
1326929,"Theiler, Franz",SUI,M,,,,1917,AUG25,0,40,1961,i
1351443,"Thiessen, Theo",SUI,M,,,,1629,AUG25,0,40,2010,i
1342088,"Thillaivasan, Alexander",SUI,M,,,,1616,AUG25,0,40,2009,i
1342096,"Thillaivasan, Nicholas",SUI,M,,,,1674,AUG25,0,40,2007,i
1360159,"Thiran, Noe",SUI,M,,,,1941,AUG25,0,40,2003,
1323628,"Thode, Gilda",SUI,F,,,,1946,AUG25,0,20,1998,wi
1370790,"Thomas, Vitus",SUI,M,,,,1598,AUG25,9,40,2012,
1315927,"Thomi, Peter",SUI,M,,,,1952,AUG25,0,20,1959,i
1364375,"Thorens, Johan",SUI,M,,,,1702,AUG25,8,40,2007,
1304062,"Thuerig, Catherine",SUI,F,,,,1921,AUG25,0,20,1958,w
1306995,"Thuner, Simon",SUI,M,,,,1970,AUG25,0,20,1978,i
1302116,"Thuner, Stefan",SUI,M,,,,1983,AUG25,0,20,1976,i
1365177,"Thurre, Frederic",SUI,M,,,,1736,AUG25,0,40,1972,
1310895,"Tikvic, Nikola",SUI,M,,,,2061,AUG25,0,20,1964,i
1303988,"Tillmann, Marc",SUI,M,,,,1968,AUG25,0,20,1966,i
1347810,"Tissier, Corentin",SUI,M,,,,1881,AUG25,0,40,2001,i
1358464,"Tissieres, Theo",SUI,M,,,,1494,AUG25,0,40,2002,i
1348329,"Titov, Dmitrii",SUI,M,,,,1878,AUG25,0,20,1972,i
34161589,"Tkhoruk, Roman",SUI,M,,,,1945,AUG25,8,40,2012,
14176726,"Toktomushev, Teimur",SUI,M,IM,,,2362,AUG25,0,20,2009,
1331965,"Torkani, Mohammad",SUI,M,,,,1764,AUG25,0,20,1963,i
42155126,"Toumpakaris, Grigorios Emmanouil",SUI,M,,,,1754,AUG25,0,40,2015,
1312936,"Tremp, Vinzenz",SUI,M,,,,2052,AUG25,0,20,1983,i
1348523,"Trevisan, Alessandra",SUI,F,,,,1597,AUG25,0,40,2008,wi
1349147,"Trevisan, Nicolas",SUI,M,,,,1591,AUG25,0,40,2010,i
1334832,"Trivic, Zoran",SUI,M,,,,1744,AUG25,0,20,1951,i
1335030,"Troesch, Alexander",SUI,M,,,,1676,AUG25,0,20,2003,i
1335359,"Troesch, Lukas",SUI,M,,,,1525,AUG25,0,40,2005,i
1347799,"Trubini, Timon",SUI,M,,,,1781,AUG25,8,40,2009,
1302205,"Trumpf, Walter",SUI,M,,,,1998,AUG25,0,20,1950,i
1302710,"Trusch, Daniel",SUI,M,,,,1807,AUG25,0,20,1954,i
1336770,"Tschopp,Olivier",SUI,M,,,,1970,AUG25,0,40,2005,
1320777,"Tuor, Gallus",SUI,M,,,,1756,AUG25,0,20,1953,
134178753,"Udipi, Kala Kishan",SUI,M,,,,AIM,AUG25,1970,0,2010,
1335510,"Udry, Luc",SUI,M,,,,1452,AUG25,0,40,1939,
1309897,"Uka, Ramiz",SUI,M,,,,1891,AUG25,0,20,1963,i
1345028,"Uliyanova, Flora",SUI,F,,,,1716,AUG25,0,40,2009,w
1316770,"Ulmann, Olivier",SUI,M,,,,1790,AUG25,0,20,1988,
1313290,"Unternaehrer, Nicolas",SUI,M,,,,1933,AUG25,0,20,1980,i
1348515,"Upadhyaya, Aamod",SUI,M,,,,1669,AUG25,0,40,2009,i
1325957,"Urwyler, Nikash",SUI,M,,NA,,1935,AUG25,0,20,2002,i
1329391,"Uso I Cubertorer, Lluis",SUI,M,,,,1862,AUG25,0,20,1991,
14109778,"Ustianovich, Nazar",SUI,M,FM,,,2333,AUG25,0,20,1983,
34157581,"Vadaturska, Kateryna",SUI,F,,,,1537,AUG25,0,40,2011,wi
1348914,"Vadi, Maxim",SUI,M,,,,1798,AUG25,0,40,2005,
1351362,"Vaerini, Simone",SUI,M,,,,1649,AUG25,0,20,1983,i
1352130,"Valente, Giulio",SUI,M,,,,1628,AUG25,0,40,1995,
1355775,"Vallon, Stephane",SUI,M,,,,1404,AUG25,0,20,1996,i
1367960,"Vallot, Lucien",SUI,M,,,,1442,AUG25,6,40,2017,
1368168,"Vallot, Nicolas",SUI,M,,,,1512,AUG25,0,40,1983,
1368524,"Valsecchi, Luca",SUI,M,,,,1746,AUG25,0,40,2003,
1348426,"Van Aepelen, David",SUI,M,,,,1594,AUG25,0,20,1983,i
1342142,"Van Aepelen, Nikolai",SUI,M,,,,AFM,AUG25,1671,0,2010,i
1313401,"Van Boltaringen, Erwin",SUI,M,,,,1915,AUG25,0,20,1966,i
1357859,"Van der Meij, Dany",SUI,M,,,,1632,AUG25,0,40,2000,i
1366548,"Vanenkov, Andrey",SUI,M,,,,1697,AUG25,0,40,1991,
1304402,"Vannay, Pascal",SUI,M,,,,1856,AUG25,0,20,1966,i
1344773,"Varela Tavares, Goncalo",SUI,M,,,,1859,AUG25,7,20,2004,
1356348,"Varghese, Vivan",SUI,M,,,,1652,AUG25,0,40,2014,
1311573,"Vasey, Sebastien",SUI,M,,,,1996,AUG25,0,20,1990,
1314238,"Vasic, Slavoljub",SUI,M,,,,1921,AUG25,0,20,1959,i
1365185,"Venetz, Silas",SUI,M,,,,1569,AUG25,0,40,2006,
1370855,"Vergelin Soler, Gabriel",SUI,M,,,,1746,AUG25,8,40,1994,
633046,"Vernay, Clovis",SUI,M,GM,"SI,FA",,2480,AUG25,0,10,1989,i
1348906,"Vernay, Newton",SUI,M,,,,1554,AUG25,0,40,2012,i
1349295,"Vettor, Lorenzo",SUI,M,,,,1878,AUG25,0,20,2004,i
1301799,"Vianin, Pascal",SUI,M,,,,2051,AUG25,0,20,1965,
1358472,"Vienne, Michael",SUI,M,,,,1573,AUG25,0,40,1986,i
1304194,"Vifian, Heinz",SUI,M,,,,1924,AUG25,0,20,1952,
1310240,"Vilaseca, Laurent",SUI,M,,,,2084,AUG25,9,20,1981,
1356151,"Vilaysane, Jeremy",SUI,M,,,,1475,AUG25,0,40,2011,
1330896,"Villanyi, Alexia",SUI,F,,,,1746,AUG25,0,20,2004,wi
1340891,"Villiger, Jan",SUI,M,,NA,,1824,AUG25,7,20,2000,
1346725,"Vinayagamoorthy, Apiram",SUI,M,,,,1729,AUG25,0,20,2004,i
1339907,"Virovets, Lev",SUI,M,,,,1623,AUG25,0,40,2005,i
1317806,"Viviani, Mario",SUI,M,,,,1801,AUG25,0,20,1959,
1337122,"Vogelsanger,Nicolas",SUI,M,,,,1665,AUG25,0,40,2008,
1336673,"Vogt, Gionata",SUI,M,,,,1966,AUG25,0,20,1992,i
1311697,"Volkan, Hakan",SUI,M,,,,1798,AUG25,0,40,1961,
1352458,"von Burg, Carl Alexander",SUI,M,,,,1774,AUG25,9,20,2000,
1323660,"Von Ins, Andre",SUI,M,,,,1872,AUG25,0,20,1977,i
1346946,"von Krogh, Deniz",SUI,M,,,,1609,AUG25,0,40,2010,i
1352636,"von Moos, Brian",SUI,M,,,,1774,AUG25,0,20,1996,i
1368184,"Voronov, Anatoly",SUI,M,,,,1726,AUG25,0,40,1955,
1368117,"Vouillamoz, Eric",SUI,M,,,,1651,AUG25,0,40,1986,
1300393,"Vucenovic, Dragomir",SUI,M,FM,,,2188,AUG25,0,20,1941,
1305662,"Vuilleumier, Alexandre",SUI,M,IM,,,2266,AUG25,0,20,1982,i
1339044,"Vulliez, Ivan",SUI,M,,,,1735,AUG25,0,40,2008,i
1358820,"Wachholz, Dario",SUI,M,,,,1709,AUG25,0,40,1986,
1317261,"Wagner, Peter",SUI,M,,,,1837,AUG25,0,20,1958,i
1309986,"Wahl, Peter",SUI,M,,,,1894,AUG25,0,20,1957,i
1340743,"Walker, Dacian",SUI,M,,,,1614,AUG25,0,40,2005,i
1362747,"Wallerbosch, Rudi",SUI,M,,,,1654,AUG25,0,40,1959,i
1301942,"Walti, Rolf",SUI,M,,,,2172,AUG25,0,20,1954,i
1314130,"Wanner, Stefan",SUI,M,,,,1960,AUG25,0,20,1968,i
1344927,"Wasserfallen, Benedict",SUI,M,,,,1864,AUG25,0,20,1999,i
1313312,"Weber, Francois",SUI,M,,,,1823,AUG25,0,20,1964,
1353675,"Weber, Stephane",SUI,M,,,,1756,AUG25,0,20,2004,i
1305778,"Wegelin, Reinhard",SUI,M,,,,1903,AUG25,0,20,1967,i
1333364,"Wehrli, Tobias",SUI,M,,,,1858,AUG25,0,20,1983,
1323776,"Weidt, Frank",SUI,M,,,,1989,AUG25,0,20,1962,i
1362569,"Weissmueller, Leo",SUI,M,,,,1476,AUG25,0,40,1998,
1344846,"Weller, Milan",SUI,M,,,,1788,AUG25,0,20,1998,i
1307053,"Wenger, Beat",SUI,M,,,,1750,AUG25,0,20,1959,
1312685,"Wenger, George",SUI,M,,,,1743,AUG25,0,20,1962,i
1316001,"Wenger, Lucas",SUI,M,,,,1998,AUG25,0,20,1986,
1336584,"Wenger,Arejou",SUI,M,,,,1910,AUG25,0,20,2001,
1364340,"Werthmueller, Alex",SUI,M,,,,1561,AUG25,0,40,1990,i
1353683,"Wiche, Alexandre",SUI,M,,,,1653,AUG25,0,40,2010,i
1347578,"Wicht, Denis",SUI,M,,,,1652,AUG25,0,20,1954,i
1309900,"Widmer, Thomas",SUI,M,,,,1891,AUG25,0,20,1951,
1308262,"Wiesmann, Dominique",SUI,M,,,,1963,AUG25,9,20,1966,
1319132,"Wigger, Michael",SUI,M,,,,AIM,AUG25,1939,0,1968,i
1320041,"Wild, Beat",SUI,M,,,,1745,AUG25,0,20,1953,i
1340107,"Wildberger, Chet",SUI,M,,,,1573,AUG25,0,40,2005,i
1347039,"Wilhelm, Marco",SUI,M,,,,1663,AUG25,7,40,2013,
1305808,"Wilhelm, Serge",SUI,M,,,,1917,AUG25,8,20,1978,
1362283,"Willa, Stefan",SUI,M,,,,1631,AUG25,0,40,1987,i
1355295,"Willi, Patrik",SUI,M,,,,2011,AUG25,0,40,1995,
1323903,"Wipf, Armin",SUI,M,,,,1640,AUG25,0,20,1960,
1308548,"Wirz, Heinz",SUI,M,,,,2086,AUG25,0,20,1959,
1310348,"Wiser, Hans-Rudolf",SUI,M,,,,1871,AUG25,0,20,1945,
1364120,"Woehrle, Christian",SUI,M,,,,1908,AUG25,0,40,1967,
1312561,"Wolfseher, Roland",SUI,M,,,,1856,AUG25,0,40,1956,
1300881,"Wueest, Andrin",SUI,M,CM,,,2233,AUG25,0,20,1958,i
1305379,"Wuerth, Thomas",SUI,M,,,,1930,AUG25,9,20,1964,
1312570,"Wuest, Andreas",SUI,M,,,,1831,AUG25,0,20,1957,i
1358480,"Wuilloud, Arnaud",SUI,M,,,,1735,AUG25,0,40,1993,i
1326996,"Wunderlin, Thomas",SUI,M,,,,1827,AUG25,0,20,1959,i
1331892,"Wyss, Jean-Pierre Hanspeter",SUI,M,,,,1851,AUG25,0,20,1949,i
1311387,"Wyss, Jonas",SUI,M,FM,NA,,2179,AUG25,0,20,1987,
1310267,"Wyss, Peter",SUI,M,,,,1890,AUG25,0,20,1954,
1314521,"Wyss, Reto",SUI,M,,,,2086,AUG25,0,20,1990,i
1343068,"Yang, Charlie Xiaofei",SUI,M,,,,1661,AUG25,0,40,2008,i
1365215,"Yerly, Sacha",SUI,M,,,,1702,AUG25,0,40,1999,
1326481,"Yersin, Franck",SUI,M,,,,1887,AUG25,0,20,1996,
25849166,"Zafeiridis, Athanasios",SUI,M,,,,AFM,AUG25,1828,0,2007,i
1322885,"Zahner, Josef",SUI,M,,,,1906,AUG25,0,20,1951,i
1334786,"Zaldivar, Gustavo",SUI,M,,,,1762,AUG25,0,20,1969,i
1362003,"Zamichiei, Leo",SUI,M,,,,1552,AUG25,0,40,2009,i
1325000,"Zamora, Rafael",SUI,M,,,,1816,AUG25,0,20,1965,i
1343556,"Zanet, Matteo",SUI,M,,,,1842,AUG25,0,20,2003,i
1306669,"Zanetti, Bruno",SUI,M,,,,1992,AUG25,0,20,1972,i
1336266,"Zanetti, Nicola",SUI,M,,,,1879,AUG25,0,20,1991,i
1342410,"Zargarov, Mikayel",SUI,M,,,,2055,AUG25,0,40,2007,
1301357,"Zarri, Florian",SUI,M,,FA,,2090,AUG25,0,20,1993,i
1319590,"Zarri, Philippe",SUI,M,,,,1564,AUG25,6,20,1962,
1367366,"Zatriqi, Ali",SUI,M,,,,1698,AUG25,0,40,1938,
1367080,"Zatriqi, Burim",SUI,M,,,,1925,AUG25,0,40,1982,
1307452,"Zaugg, Beat",SUI,M,,,,1918,AUG25,0,20,1960,
1372831,"Zaugg, Miro",SUI,M,,,,1713,AUG25,9,40,1999,
1326333,"Zaza, Alexandre",SUI,M,,,,1959,AUG25,0,20,2002,
1320572,"Zaza, Ludovic",SUI,M,,,,2054,AUG25,0,20,1996,i
1339451,"Zecirovic, Giacomo",SUI,M,,NA,,1863,AUG25,0,20,2003,
1349325,"Zelenovic, Marko",SUI,M,,,,1824,AUG25,0,40,1999,i
1367501,"Zhang, Jingqi",SUI,M,,,,1671,AUG25,0,40,2004,
1339893,"Zhuang, Yongzhe",SUI,F,,,,1906,AUG25,0,40,2005,wi
1327003,"Zimmermann, Thierry",SUI,M,,,,1804,AUG25,0,20,1974,i
1303279,"Zingg, Walter",SUI,M,,,,1899,AUG25,0,20,1943,i
1351591,"Zink, Amaury",SUI,M,,,,1455,AUG25,0,40,2012,i
1321790,"Zink, Daniel",SUI,M,,,,1803,AUG25,0,20,1960,
1338358,"Zoder, Roland",SUI,M,,,,1845,AUG25,0,20,1972,
1316060,"Zoller, Patrik",SUI,M,,,,1809,AUG25,0,20,1962,i
1362291,"Zompa, Theo",SUI,M,,,,1804,AUG25,0,40,1999,
1319175,"Zorko, Branko",SUI,M,,,,1914,AUG25,0,20,1952,i
1351559,"Zoukou, Ylann",SUI,M,,,,1738,AUG25,0,20,1999,i
1360671,"Zubyk, Ruslan",SUI,M,,,,1561,AUG25,0,40,2012,
1306553,"Zuelle, Bruno",SUI,M,,,,2020,AUG25,0,20,1959,i
1342533,"Zuellig, Flavian",SUI,M,,,,1626,AUG25,0,40,2007,i
1360876,"Zumstein, Patrick",SUI,M,,,,1540,AUG25,0,40,1973,
1362305,"Zurawski, Alan",SUI,M,,,,1500,AUG25,0,40,2004,
1332252,"Zweifel, Richard",SUI,M,CM,,,2099,AUG25,0,20,1973,i
1358596,"Zwissig, Gregoire",SUI,M,,,,1708,AUG25,0,40,1974,i