[
  {
    "ID Number": "15800113",
    "Name": "El, Rozak",
    "Fed": "CAM",
    "Sex": "M",
    "Title": "CM",
    "WTit": "NA",
    "OTit": "",
    "FOA": "1561",
    "Rating": "AUG25",
    "Gms": "0",
    "K": "40",
    "B-day": "1982",
    "Flag": ""
  },
  {
    "ID Number": "15800270",
    "Name": "Heng, Prak Pannhaboth",
    "Fed": "CAM",
    "Sex": "M",
    "Title": "",
    "WTit": "",
    "OTit": "",
    "FOA": "1612",
    "Rating": "AUG25",
    "Gms": "0",
    "K": "40",
    "B-day": "2009",
    "Flag": ""
  },
  {
    "ID Number": "15800237",
    "Name": "Kim, Sanker",
    "Fed": "CAM",
    "Sex": "M",
    "Title": "",
    "WTit": "",
    "OTit": "",
    "FOA": "1513",
    "Rating": "AUG25",
    "Gms": "0",
    "K": "40",
    "B-day": "2009",
    "Flag": ""
  },
  {
    "ID Number": "15800229",
    "Name": "Li, Hongbo",
    "Fed": "CAM",
    "Sex": "M",
    "Title": "",
    "WTit": "",
    "OTit": "",
    "FOA": "1554",
    "Rating": "AUG25",
    "Gms": "0",
    "K": "40",
    "B-day": "2010",
    "Flag": "i"
  },
  {
    "ID Number": "161168979",
    "Name": "Ly, Kimlong",
    "Fed": "CAM",
    "Sex": "M",
    "Title": "",
    "WTit": "",
    "OTit": "",
    "FOA": "1492",
    "Rating": "AUG25",
    "Gms": "0",
    "K": "20",
    "B-day": "2003",
    "Flag": "i"
  },
  {
    "ID Number": "161104990",
    "Name": "Vong, Sopanhasak",
    "Fed": "CAM",
    "Sex": "M",
    "Title": "",
    "WTit": "",
    "OTit": "",
    "FOA": "AFM",
    "Rating": "AUG25",
    "Gms": "1433",
    "K": "5",
    "B-day": "2013",
    "Flag": ""
  }
]