[
  {
    "ID Number": "4829603"
  },
  {
    "ID Number": "4801628"
  },
  {
    "ID Number": "4804937"
  },
  {
    "ID Number": "4806778"
  },
  {
    "ID Number": "4840372"
  },
  {
    "ID Number": "4800109"
  },
  {
    "ID Number": "4829956"
  },
  {
    "ID Number": "4831128"
  },
  {
    "ID Number": "4808452"
  },
  {
    "ID Number": "4810228"
  },
  {
    "ID Number": "4814061"
  },
  {
    "ID Number": "4800451"
  },
  {
    "ID Number": "4810252"
  },
  {
    "ID Number": "4829794"
  },
  {
    "ID Number": "4800613"
  },
  {
    "ID Number": "4829840"
  },
  {
    "ID Number": "4800389"
  },
  {
    "ID Number": "4800052"
  },
  {
    "ID Number": "4800290"
  },
  {
    "ID Number": "4802330"
  },
  {
    "ID Number": "4802519"
  },
  {
    "ID Number": "4801016"
  },
  {
    "ID Number": "4825659"
  },
  {
    "ID Number": "4812212"
  },
  {
    "ID Number": "4800397"
  },
  {
    "ID Number": "4800176"
  },
  {
    "ID Number": "4811674"
  },
  {
    "ID Number": "4812433"
  },
  {
    "ID Number": "4827619"
  },
  {
    "ID Number": "4828186"
  },
  {
    "ID Number": "4815831"
  },
  {
    "ID Number": "4834267"
  },
  {
    "ID Number": "4814932"
  },
  {
    "ID Number": "4813936"
  },
  {
    "ID Number": "4814940"
  },
  {
    "ID Number": "4830210"
  },
  {
    "ID Number": "4826787"
  },
  {
    "ID Number": "4824040"
  },
  {
    "ID Number": "4812727"
  },
  {
    "ID Number": "4817567"
  },
  {
    "ID Number": "4817575"
  },
  {
    "ID Number": "4829964"
  },
  {
    "ID Number": "4824776"
  },
  {
    "ID Number": "4818172"
  },
  {
    "ID Number": "4826965"
  },
  {
    "ID Number": "4813723"
  },
  {
    "ID Number": "4829719"
  },
  {
    "ID Number": "4831560"
  },
  {
    "ID Number": "4814380"
  },
  {
    "ID Number": "4814622"
  },
  {
    "ID Number": "4838793"
  },
  {
    "ID Number": "4801849"
  },
  {
    "ID Number": "4815823"
  },
  {
    "ID Number": "4804040"
  },
  {
    "ID Number": "4810830"
  },
  {
    "ID Number": "4822978"
  },
  {
    "ID Number": "4839250"
  },
  {
    "ID Number": "4813731"
  },
  {
    "ID Number": "4829816"
  },
  {
    "ID Number": "4800079"
  },
  {
    "ID Number": "4800559"
  },
  {
    "ID Number": "4814118"
  },
  {
    "ID Number": "4802454"
  },
  {
    "ID Number": "4800303"
  },
  {
    "ID Number": "4811232"
  },
  {
    "ID Number": "4800443"
  },
  {
    "ID Number": "4808118"
  },
  {
    "ID Number": "4802225"
  },
  {
    "ID Number": "4814398"
  },
  {
    "ID Number": "4804481"
  },
  {
    "ID Number": "4814029"
  },
  {
    "ID Number": "4829727"
  },
  {
    "ID Number": "4812026"
  },
  {
    "ID Number": "4810686"
  },
  {
    "ID Number": "4810767"
  },
  {
    "ID Number": "4802691"
  },
  {
    "ID Number": "4833473"
  },
  {
    "ID Number": "4829735"
  },
  {
    "ID Number": "4802292"
  },
  {
    "ID Number": "4820401"
  },
  {
    "ID Number": "4833635"
  },
  {
    "ID Number": "4812352"
  },
  {
    "ID Number": "4826108"
  },
  {
    "ID Number": "4816773"
  },
  {
    "ID Number": "4840712"
  },
  {
    "ID Number": "4838610"
  },
  {
    "ID Number": "4829883"
  },
  {
    "ID Number": "4843789"
  },
  {
    "ID Number": "4833767"
  },
  {
    "ID Number": "4839277"
  },
  {
    "ID Number": "4835123"
  },
  {
    "ID Number": "4825608"
  },
  {
    "ID Number": "4802322"
  },
  {
    "ID Number": "4802071"
  },
  {
    "ID Number": "4842537"
  },
  {
    "ID Number": "4828445"
  },
  {
    "ID Number": "4808134"
  },
  {
    "ID Number": "4808509"
  },
  {
    "ID Number": "4836634"
  },
  {
    "ID Number": "4816781"
  },
  {
    "ID Number": "4803191"
  },
  {
    "ID Number": "4839188"
  },
  {
    "ID Number": "4806204"
  },
  {
    "ID Number": "4836650"
  },
  {
    "ID Number": "4844289"
  },
  {
    "ID Number": "4831136"
  },
  {
    "ID Number": "4833643"
  },
  {
    "ID Number": "4817680"
  },
  {
    "ID Number": "4830121"
  },
  {
    "ID Number": "4813014"
  },
  {
    "ID Number": "4800230"
  },
  {
    "ID Number": "4802179"
  },
  {
    "ID Number": "4807235"
  },
  {
    "ID Number": "4807766"
  },
  {
    "ID Number": "4810538"
  },
  {
    "ID Number": "4810490"
  },
  {
    "ID Number": "4811380"
  },
  {
    "ID Number": "4816510"
  },
  {
    "ID Number": "4813910"
  },
  {
    "ID Number": "4800192"
  },
  {
    "ID Number": "4804929"
  },
  {
    "ID Number": "4800028"
  },
  {
    "ID Number": "4800427"
  },
  {
    "ID Number": "4801008"
  },
  {
    "ID Number": "4800664"
  },
  {
    "ID Number": "4806700"
  },
  {
    "ID Number": "4806476"
  },
  {
    "ID Number": "4801091"
  },
  {
    "ID Number": "4803922"
  },
  {
    "ID Number": "4805984"
  },
  {
    "ID Number": "4806042"
  },
  {
    "ID Number": "4800168"
  },
  {
    "ID Number": "4801954"
  },
  {
    "ID Number": "4809190"
  },
  {
    "ID Number": "4801113"
  },
  {
    "ID Number": "4800745"
  },
  {
    "ID Number": "4803132"
  },
  {
    "ID Number": "4801067"
  },
  {
    "ID Number": "4801075"
  },
  {
    "ID Number": "4800087"
  },
  {
    "ID Number": "4814452"
  },
  {
    "ID Number": "4801040"
  },
  {
    "ID Number": "4800605"
  },
  {
    "ID Number": "4801458"
  },
  {
    "ID Number": "4837037"
  },
  {
    "ID Number": "4823001"
  },
  {
    "ID Number": "4815840"
  },
  {
    "ID Number": "4812395"
  },
  {
    "ID Number": "4838700"
  },
  {
    "ID Number": "4825454"
  },
  {
    "ID Number": "4813022"
  },
  {
    "ID Number": "4806727"
  },
  {
    "ID Number": "10602348"
  },
  {
    "ID Number": "4808436"
  },
  {
    "ID Number": "4801776"
  },
  {
    "ID Number": "4801237"
  },
  {
    "ID Number": "4801768"
  },
  {
    "ID Number": "4801180"
  },
  {
    "ID Number": "4809548"
  },
  {
    "ID Number": "4810171"
  },
  {
    "ID Number": "4808738"
  },
  {
    "ID Number": "4811569"
  },
  {
    "ID Number": "4809262"
  },
  {
    "ID Number": "4808746"
  },
  {
    "ID Number": "4810511"
  },
  {
    "ID Number": "4812034"
  },
  {
    "ID Number": "4810139"
  },
  {
    "ID Number": "4801997"
  },
  {
    "ID Number": "4830873"
  },
  {
    "ID Number": "4810791"
  },
  {
    "ID Number": "4806050"
  },
  {
    "ID Number": "4810457"
  },
  {
    "ID Number": "4802870"
  },
  {
    "ID Number": "4812123"
  },
  {
    "ID Number": "4812131"
  },
  {
    "ID Number": "4831454"
  },
  {
    "ID Number": "4807340"
  },
  {
    "ID Number": "4801504"
  },
  {
    "ID Number": "4834224"
  },
  {
    "ID Number": "4817702"
  },
  {
    "ID Number": "4828844"
  },
  {
    "ID Number": "4836065"
  },
  {
    "ID Number": "4816471"
  },
  {
    "ID Number": "4813740"
  },
  {
    "ID Number": "4815718"
  },
  {
    "ID Number": "4817443"
  },
  {
    "ID Number": "4806093"
  },
  {
    "ID Number": "4804511"
  },
  {
    "ID Number": "4814401"
  },
  {
    "ID Number": "4842553"
  },
  {
    "ID Number": "4817451"
  },
  {
    "ID Number": "4816609"
  },
  {
    "ID Number": "4818571"
  },
  {
    "ID Number": "4826680"
  },
  {
    "ID Number": "4804023"
  },
  {
    "ID Number": "4800214"
  },
  {
    "ID Number": "4826205"
  },
  {
    "ID Number": "4814037"
  },
  {
    "ID Number": "4814991"
  },
  {
    "ID Number": "4829786"
  },
  {
    "ID Number": "4824601"
  },
  {
    "ID Number": "4837045"
  },
  {
    "ID Number": "4813758"
  },
  {
    "ID Number": "4803540"
  },
  {
    "ID Number": "4826817"
  },
  {
    "ID Number": "4837053"
  },
  {
    "ID Number": "4830300"
  },
  {
    "ID Number": "4840461"
  },
  {
    "ID Number": "4835964"
  },
  {
    "ID Number": "4829190"
  },
  {
    "ID Number": "4818466"
  },
  {
    "ID Number": "4814320"
  },
  {
    "ID Number": "4831616"
  },
  {
    "ID Number": "4806107"
  },
  {
    "ID Number": "4827023"
  },
  {
    "ID Number": "4812867"
  },
  {
    "ID Number": "4802004"
  },
  {
    "ID Number": "4815416"
  },
  {
    "ID Number": "4812743"
  },
  {
    "ID Number": "4823761"
  },
  {
    "ID Number": "4806506"
  },
  {
    "ID Number": "4820827"
  },
  {
    "ID Number": "4833856"
  },
  {
    "ID Number": "4833015"
  },
  {
    "ID Number": "4829557"
  },
  {
    "ID Number": "4828852"
  },
  {
    "ID Number": "4816374"
  },
  {
    "ID Number": "4801920"
  },
  {
    "ID Number": "4833783"
  },
  {
    "ID Number": "4809068"
  },
  {
    "ID Number": "4805127"
  },
  {
    "ID Number": "4802560"
  },
  {
    "ID Number": "4805135"
  },
  {
    "ID Number": "4822110"
  },
  {
    "ID Number": "4803086"
  },
  {
    "ID Number": "4801580"
  },
  {
    "ID Number": "4816633"
  },
  {
    "ID Number": "4825705"
  },
  {
    "ID Number": "4827333"
  },
  {
    "ID Number": "4830717"
  },
  {
    "ID Number": "4813766"
  },
  {
    "ID Number": "4807537"
  },
  {
    "ID Number": "4811186"
  },
  {
    "ID Number": "4808320"
  },
  {
    "ID Number": "4810899"
  },
  {
    "ID Number": "4801512"
  },
  {
    "ID Number": "4808762"
  },
  {
    "ID Number": "4814959"
  },
  {
    "ID Number": "4842847"
  },
  {
    "ID Number": "4804074"
  },
  {
    "ID Number": "4840739"
  },
  {
    "ID Number": "4803175"
  },
  {
    "ID Number": "4825225"
  },
  {
    "ID Number": "4802349"
  },
  {
    "ID Number": "4800370"
  },
  {
    "ID Number": "4813863"
  },
  {
    "ID Number": "4812174"
  },
  {
    "ID Number": "4831624"
  },
  {
    "ID Number": "4807014"
  },
  {
    "ID Number": "4804520"
  },
  {
    "ID Number": "4811712"
  },
  {
    "ID Number": "4818261"
  },
  {
    "ID Number": "4821076"
  },
  {
    "ID Number": "4812700"
  },
  {
    "ID Number": "4800761"
  },
  {
    "ID Number": "4831632"
  },
  {
    "ID Number": "4817265"
  },
  {
    "ID Number": "4805151"
  },
  {
    "ID Number": "4829980"
  },
  {
    "ID Number": "4800400"
  },
  {
    "ID Number": "4802543"
  },
  {
    "ID Number": "4839293"
  },
  {
    "ID Number": "4803680"
  },
  {
    "ID Number": "4815009"
  },
  {
    "ID Number": "4814681"
  },
  {
    "ID Number": "4803035"
  },
  {
    "ID Number": "4801385"
  },
  {
    "ID Number": "4829654"
  },
  {
    "ID Number": "4802411"
  },
  {
    "ID Number": "4813227"
  },
  {
    "ID Number": "4813235"
  },
  {
    "ID Number": "4833864"
  },
  {
    "ID Number": "4830148"
  },
  {
    "ID Number": "4803566"
  },
  {
    "ID Number": "4815432"
  },
  {
    "ID Number": "4808142"
  },
  {
    "ID Number": "4808398"
  },
  {
    "ID Number": "4810279"
  },
  {
    "ID Number": "4800184"
  },
  {
    "ID Number": "4801822"
  },
  {
    "ID Number": "4816498"
  },
  {
    "ID Number": "4825420"
  },
  {
    "ID Number": "4811496"
  },
  {
    "ID Number": "4831888"
  },
  {
    "ID Number": "4810422"
  },
  {
    "ID Number": "4803582"
  },
  {
    "ID Number": "4814630"
  },
  {
    "ID Number": "4816501"
  },
  {
    "ID Number": "4831330"
  },
  {
    "ID Number": "4839307"
  },
  {
    "ID Number": "4830474"
  },
  {
    "ID Number": "4814410"
  },
  {
    "ID Number": "4814479"
  },
  {
    "ID Number": "4828046"
  },
  {
    "ID Number": "4813952"
  },
  {
    "ID Number": "4801636"
  },
  {
    "ID Number": "4803710"
  },
  {
    "ID Number": "4811950"
  },
  {
    "ID Number": "4810988"
  },
  {
    "ID Number": "4818318"
  },
  {
    "ID Number": "4802233"
  },
  {
    "ID Number": "4810163"
  },
  {
    "ID Number": "4807804"
  },
  {
    "ID Number": "4803450"
  },
  {
    "ID Number": "4816250"
  },
  {
    "ID Number": "4816269"
  },
  {
    "ID Number": "4815807"
  },
  {
    "ID Number": "4819802"
  },
  {
    "ID Number": "4805933"
  },
  {
    "ID Number": "4818342"
  },
  {
    "ID Number": "4807111"
  },
  {
    "ID Number": "4806220"
  },
  {
    "ID Number": "4813499"
  },
  {
    "ID Number": "4829220"
  },
  {
    "ID Number": "4830962"
  },
  {
    "ID Number": "4817729"
  },
  {
    "ID Number": "4804546"
  },
  {
    "ID Number": "4839315"
  },
  {
    "ID Number": "4829239"
  },
  {
    "ID Number": "4815858"
  },
  {
    "ID Number": "4829522"
  },
  {
    "ID Number": "4809831"
  },
  {
    "ID Number": "4800699"
  },
  {
    "ID Number": "4805160"
  },
  {
    "ID Number": "4812530"
  },
  {
    "ID Number": "4804090"
  },
  {
    "ID Number": "4805666"
  },
  {
    "ID Number": "4830725"
  },
  {
    "ID Number": "4831039"
  },
  {
    "ID Number": "4801083"
  },
  {
    "ID Number": "4820193"
  },
  {
    "ID Number": "4818946"
  },
  {
    "ID Number": "4838874"
  },
  {
    "ID Number": "4805917"
  },
  {
    "ID Number": "4806247"
  },
  {
    "ID Number": "4807030"
  },
  {
    "ID Number": "4800591"
  },
  {
    "ID Number": "4811658"
  },
  {
    "ID Number": "4817877"
  },
  {
    "ID Number": "4801296"
  },
  {
    "ID Number": "4839480"
  },
  {
    "ID Number": "4805925"
  },
  {
    "ID Number": "4814070"
  },
  {
    "ID Number": "4816277"
  },
  {
    "ID Number": "4801156"
  },
  {
    "ID Number": "4820436"
  },
  {
    "ID Number": "4801571"
  },
  {
    "ID Number": "4815190"
  },
  {
    "ID Number": "4801300"
  },
  {
    "ID Number": "4808789"
  },
  {
    "ID Number": "4822617"
  },
  {
    "ID Number": "4821610"
  },
  {
    "ID Number": "4816811"
  },
  {
    "ID Number": "4801830"
  },
  {
    "ID Number": "4816820"
  },
  {
    "ID Number": "4807120"
  },
  {
    "ID Number": "4809793"
  },
  {
    "ID Number": "4822161"
  },
  {
    "ID Number": "4810090"
  },
  {
    "ID Number": "4819500"
  },
  {
    "ID Number": "4831985"
  },
  {
    "ID Number": "4818687"
  },
  {
    "ID Number": "4807359"
  },
  {
    "ID Number": "4813642"
  },
  {
    "ID Number": "4811500"
  },
  {
    "ID Number": "4827759"
  },
  {
    "ID Number": "4803116"
  },
  {
    "ID Number": "4805780"
  },
  {
    "ID Number": "4808770"
  },
  {
    "ID Number": "4817370"
  },
  {
    "ID Number": "4801806"
  },
  {
    "ID Number": "4804449"
  },
  {
    "ID Number": "4801105"
  },
  {
    "ID Number": "4807570"
  },
  {
    "ID Number": "4807820"
  },
  {
    "ID Number": "4833880"
  },
  {
    "ID Number": "4806514"
  },
  {
    "ID Number": "4811542"
  },
  {
    "ID Number": "4803779"
  },
  {
    "ID Number": "4802462"
  },
  {
    "ID Number": "4827040"
  },
  {
    "ID Number": "4815726"
  },
  {
    "ID Number": "4829255"
  },
  {
    "ID Number": "4802080"
  },
  {
    "ID Number": "4812581"
  },
  {
    "ID Number": "4832213"
  },
  {
    "ID Number": "4839021"
  },
  {
    "ID Number": "4809084"
  },
  {
    "ID Number": "4840747"
  },
  {
    "ID Number": "4825250"
  },
  {
    "ID Number": "4802390"
  },
  {
    "ID Number": "4814010"
  },
  {
    "ID Number": "4808991"
  },
  {
    "ID Number": "4806581"
  },
  {
    "ID Number": "4800478"
  },
  {
    "ID Number": "4830881"
  },
  {
    "ID Number": "4820584"
  },
  {
    "ID Number": "4803396"
  },
  {
    "ID Number": "4823087"
  },
  {
    "ID Number": "4801032"
  },
  {
    "ID Number": "4815017"
  },
  {
    "ID Number": "4834275"
  },
  {
    "ID Number": "4833805"
  },
  {
    "ID Number": "4800125"
  },
  {
    "ID Number": "4812158"
  },
  {
    "ID Number": "4803213"
  },
  {
    "ID Number": "4815874"
  },
  {
    "ID Number": "4801962"
  },
  {
    "ID Number": "4800788"
  },
  {
    "ID Number": "4806123"
  },
  {
    "ID Number": "4800117"
  },
  {
    "ID Number": "4807367"
  },
  {
    "ID Number": "4818709"
  },
  {
    "ID Number": "4817885"
  },
  {
    "ID Number": "4825020"
  },
  {
    "ID Number": "4810953"
  },
  {
    "ID Number": "4803264"
  },
  {
    "ID Number": "4802241"
  },
  {
    "ID Number": "4815459"
  },
  {
    "ID Number": "4830032"
  },
  {
    "ID Number": "4830164"
  },
  {
    "ID Number": "4804570"
  },
  {
    "ID Number": "4816846"
  },
  {
    "ID Number": "4806140"
  },
  {
    "ID Number": "4808800"
  },
  {
    "ID Number": "4818032"
  },
  {
    "ID Number": "4818350"
  },
  {
    "ID Number": "4811240"
  },
  {
    "ID Number": "4812182"
  },
  {
    "ID Number": "4831659"
  },
  {
    "ID Number": "4814657"
  },
  {
    "ID Number": "4816668"
  },
  {
    "ID Number": "4815025"
  },
  {
    "ID Number": "4808460"
  },
  {
    "ID Number": "4809602"
  },
  {
    "ID Number": "4816854"
  },
  {
    "ID Number": "4828909"
  },
  {
    "ID Number": "4834054"
  },
  {
    "ID Number": "4809637"
  },
  {
    "ID Number": "4812662"
  },
  {
    "ID Number": "4801911"
  },
  {
    "ID Number": "4813049"
  },
  {
    "ID Number": "4806549"
  },
  {
    "ID Number": "4802136"
  },
  {
    "ID Number": "4838386"
  },
  {
    "ID Number": "4802721"
  },
  {
    "ID Number": "4811070"
  },
  {
    "ID Number": "4800940"
  },
  {
    "ID Number": "4813774"
  },
  {
    "ID Number": "4801903"
  },
  {
    "ID Number": "4802624"
  },
  {
    "ID Number": "4804155"
  },
  {
    "ID Number": "4802632"
  },
  {
    "ID Number": "4829280"
  },
  {
    "ID Number": "4810350"
  },
  {
    "ID Number": "4801164"
  },
  {
    "ID Number": "4814339"
  },
  {
    "ID Number": "4800133"
  },
  {
    "ID Number": "4807286"
  },
  {
    "ID Number": "4831667"
  },
  {
    "ID Number": "4827058"
  },
  {
    "ID Number": "4803167"
  },
  {
    "ID Number": "4807847"
  },
  {
    "ID Number": "4811100"
  },
  {
    "ID Number": "4804589"
  },
  {
    "ID Number": "4826256"
  },
  {
    "ID Number": "4826590"
  },
  {
    "ID Number": "4800583"
  },
  {
    "ID Number": "4830750"
  },
  {
    "ID Number": "4804180"
  },
  {
    "ID Number": "4839323"
  },
  {
    "ID Number": "4842952"
  },
  {
    "ID Number": "4826604"
  },
  {
    "ID Number": "4814800"
  },
  {
    "ID Number": "4816404"
  },
  {
    "ID Number": "4838734"
  },
  {
    "ID Number": "4837088"
  },
  {
    "ID Number": "4807383"
  },
  {
    "ID Number": "4811984"
  },
  {
    "ID Number": "4806824"
  },
  {
    "ID Number": "4807391"
  },
  {
    "ID Number": "4825268"
  },
  {
    "ID Number": "4815548"
  },
  {
    "ID Number": "4807146"
  },
  {
    "ID Number": "4828577"
  },
  {
    "ID Number": "4831373"
  },
  {
    "ID Number": "4819454"
  },
  {
    "ID Number": "4825470"
  },
  {
    "ID Number": "4803221"
  },
  {
    "ID Number": "4808819"
  },
  {
    "ID Number": "4814665"
  },
  {
    "ID Number": "4831675"
  },
  {
    "ID Number": "4816021"
  },
  {
    "ID Number": "4814169"
  },
  {
    "ID Number": "4803728"
  },
  {
    "ID Number": "4823524"
  },
  {
    "ID Number": "4800710"
  },
  {
    "ID Number": "4802381"
  },
  {
    "ID Number": "4823532"
  },
  {
    "ID Number": "4805380"
  },
  {
    "ID Number": "4806972"
  },
  {
    "ID Number": "4819462"
  },
  {
    "ID Number": "4802730"
  },
  {
    "ID Number": "4812360"
  },
  {
    "ID Number": "4813782"
  },
  {
    "ID Number": "4815033"
  },
  {
    "ID Number": "4813065"
  },
  {
    "ID Number": "4811399"
  },
  {
    "ID Number": "4813995"
  },
  {
    "ID Number": "4812409"
  },
  {
    "ID Number": "4813618"
  },
  {
    "ID Number": "4812778"
  },
  {
    "ID Number": "4814096"
  },
  {
    "ID Number": "4800354"
  },
  {
    "ID Number": "4817427"
  },
  {
    "ID Number": "4823150"
  },
  {
    "ID Number": "4815475"
  },
  {
    "ID Number": "4813898"
  },
  {
    "ID Number": "4811739"
  },
  {
    "ID Number": "4810716"
  },
  {
    "ID Number": "4816536"
  },
  {
    "ID Number": "4807596"
  },
  {
    "ID Number": "4810392"
  },
  {
    "ID Number": "4802098"
  },
  {
    "ID Number": "4802675"
  },
  {
    "ID Number": "4811445"
  },
  {
    "ID Number": "4810414"
  },
  {
    "ID Number": "4815971"
  },
  {
    "ID Number": "4834097"
  },
  {
    "ID Number": "4834100"
  },
  {
    "ID Number": "4834070"
  },
  {
    "ID Number": "4816056"
  },
  {
    "ID Number": "4823974"
  },
  {
    "ID Number": "4801431"
  },
  {
    "ID Number": "4813456"
  },
  {
    "ID Number": "4806565"
  },
  {
    "ID Number": "4801741"
  },
  {
    "ID Number": "4808827"
  },
  {
    "ID Number": "4826329"
  },
  {
    "ID Number": "4818954"
  },
  {
    "ID Number": "4826620"
  },
  {
    "ID Number": "4833813"
  },
  {
    "ID Number": "4840763"
  },
  {
    "ID Number": "4801253"
  },
  {
    "ID Number": "4818385"
  },
  {
    "ID Number": "4815947"
  },
  {
    "ID Number": "4813073"
  },
  {
    "ID Number": "4818490"
  },
  {
    "ID Number": "4803124"
  },
  {
    "ID Number": "4800460"
  },
  {
    "ID Number": "4823540"
  },
  {
    "ID Number": "4834283"
  },
  {
    "ID Number": "4827830"
  },
  {
    "ID Number": "4820614"
  },
  {
    "ID Number": "4816870"
  },
  {
    "ID Number": "4800621"
  },
  {
    "ID Number": "4800672"
  },
  {
    "ID Number": "4834844"
  },
  {
    "ID Number": "4813650"
  },
  {
    "ID Number": "4800800"
  },
  {
    "ID Number": "4811755"
  },
  {
    "ID Number": "4800796"
  },
  {
    "ID Number": "4807871"
  },
  {
    "ID Number": "4807154"
  },
  {
    "ID Number": "4817508"
  },
  {
    "ID Number": "4803256"
  },
  {
    "ID Number": "4800990"
  },
  {
    "ID Number": "4800338"
  },
  {
    "ID Number": "4800265"
  },
  {
    "ID Number": "4800974"
  },
  {
    "ID Number": "4810724"
  },
  {
    "ID Number": "4804007"
  },
  {
    "ID Number": "4801148"
  },
  {
    "ID Number": "4808290"
  },
  {
    "ID Number": "4801024"
  },
  {
    "ID Number": "4800362"
  },
  {
    "ID Number": "4811062"
  },
  {
    "ID Number": "4800281"
  },
  {
    "ID Number": "4821718"
  },
  {
    "ID Number": "4803370"
  },
  {
    "ID Number": "4811275"
  },
  {
    "ID Number": "4829301"
  },
  {
    "ID Number": "4802284"
  },
  {
    "ID Number": "369104991"
  },
  {
    "ID Number": "4800419"
  },
  {
    "ID Number": "4803310"
  },
  {
    "ID Number": "4801172"
  },
  {
    "ID Number": "4818393"
  },
  {
    "ID Number": "4802420"
  },
  {
    "ID Number": "4844190"
  },
  {
    "ID Number": "4825780"
  },
  {
    "ID Number": "12527513"
  },
  {
    "ID Number": "4811160"
  },
  {
    "ID Number": "4839196"
  },
  {
    "ID Number": "4800346"
  },
  {
    "ID Number": "4836782"
  },
  {
    "ID Number": "4838130"
  },
  {
    "ID Number": "4819560"
  },
  {
    "ID Number": "4800311"
  },
  {
    "ID Number": "4803388"
  },
  {
    "ID Number": "4806867"
  },
  {
    "ID Number": "4814592"
  },
  {
    "ID Number": "4813090"
  },
  {
    "ID Number": "4802101"
  },
  {
    "ID Number": "4814045"
  },
  {
    "ID Number": "4816692"
  },
  {
    "ID Number": "4821890"
  },
  {
    "ID Number": "4807073"
  },
  {
    "ID Number": "4809734"
  },
  {
    "ID Number": "4828097"
  },
  {
    "ID Number": "4815483"
  },
  {
    "ID Number": "4817273"
  },
  {
    "ID Number": "4826710"
  },
  {
    "ID Number": "4801610"
  },
  {
    "ID Number": "4800486"
  },
  {
    "ID Number": "4816919"
  },
  {
    "ID Number": "4809807"
  },
  {
    "ID Number": "4811453"
  },
  {
    "ID Number": "4805453"
  },
  {
    "ID Number": "4806468"
  },
  {
    "ID Number": "4836790"
  },
  {
    "ID Number": "4818270"
  },
  {
    "ID Number": "4820622"
  },
  {
    "ID Number": "4801059"
  },
  {
    "ID Number": "4814177"
  },
  {
    "ID Number": "4813103"
  },
  {
    "ID Number": "4810376"
  },
  {
    "ID Number": "4816285"
  },
  {
    "ID Number": "4838157"
  },
  {
    "ID Number": "4804651"
  },
  {
    "ID Number": "4818008"
  },
  {
    "ID Number": "4803353"
  },
  {
    "ID Number": "4837126"
  },
  {
    "ID Number": "4837134"
  },
  {
    "ID Number": "4801598"
  },
  {
    "ID Number": "4800095"
  },
  {
    "ID Number": "4806425"
  },
  {
    "ID Number": "4802128"
  },
  {
    "ID Number": "4800435"
  },
  {
    "ID Number": "4839030"
  },
  {
    "ID Number": "4820886"
  },
  {
    "ID Number": "4842570"
  },
  {
    "ID Number": "4802250"
  },
  {
    "ID Number": "4808568"
  },
  {
    "ID Number": "4831829"
  },
  {
    "ID Number": "4815734"
  },
  {
    "ID Number": "4829573"
  },
  {
    "ID Number": "4804660"
  },
  {
    "ID Number": "4812549"
  },
  {
    "ID Number": "4825160"
  },
  {
    "ID Number": "4807405"
  },
  {
    "ID Number": "4829581"
  },
  {
    "ID Number": "4802578"
  },
  {
    "ID Number": "4821173"
  },
  {
    "ID Number": "4806409"
  },
  {
    "ID Number": "4809343"
  },
  {
    "ID Number": "4809351"
  },
  {
    "ID Number": "4825438"
  },
  {
    "ID Number": "4815890"
  },
  {
    "ID Number": "4805852"
  },
  {
    "ID Number": "4812190"
  },
  {
    "ID Number": "4814053"
  },
  {
    "ID Number": "4813596"
  },
  {
    "ID Number": "4807413"
  },
  {
    "ID Number": "4820444"
  },
  {
    "ID Number": "4813278"
  },
  {
    "ID Number": "4810112"
  },
  {
    "ID Number": "4835174"
  },
  {
    "ID Number": "4802110"
  },
  {
    "ID Number": "4814347"
  },
  {
    "ID Number": "4801288"
  },
  {
    "ID Number": "4813790"
  },
  {
    "ID Number": "4836197"
  },
  {
    "ID Number": "4807316"
  },
  {
    "ID Number": "4806417"
  },
  {
    "ID Number": "4815254"
  },
  {
    "ID Number": "4823575"
  },
  {
    "ID Number": "4814827"
  },
  {
    "ID Number": "4811763"
  },
  {
    "ID Number": "4845013"
  },
  {
    "ID Number": "4814134"
  },
  {
    "ID Number": "4812670"
  },
  {
    "ID Number": "4808835"
  },
  {
    "ID Number": "4813286"
  },
  {
    "ID Number": "4807421"
  },
  {
    "ID Number": "4819527"
  },
  {
    "ID Number": "4834089"
  },
  {
    "ID Number": "4806174"
  },
  {
    "ID Number": "4800885"
  },
  {
    "ID Number": "4816706"
  },
  {
    "ID Number": "4800044"
  },
  {
    "ID Number": "4810732"
  },
  {
    "ID Number": "4804694"
  },
  {
    "ID Number": "4811771"
  },
  {
    "ID Number": "4807430"
  },
  {
    "ID Number": "4801261"
  },
  {
    "ID Number": "4811518"
  },
  {
    "ID Number": "4808843"
  },
  {
    "ID Number": "4811577"
  },
  {
    "ID Number": "4801792"
  },
  {
    "ID Number": "4811992"
  },
  {
    "ID Number": "4803000"
  },
  {
    "ID Number": "4811089"
  },
  {
    "ID Number": "4810481"
  },
  {
    "ID Number": "4833430"
  },
  {
    "ID Number": "4811585"
  },
  {
    "ID Number": "4808673"
  },
  {
    "ID Number": "4810783"
  },
  {
    "ID Number": "4802144"
  },
  {
    "ID Number": "4803400"
  },
  {
    "ID Number": "4810430"
  },
  {
    "ID Number": "4805283"
  },
  {
    "ID Number": "4808851"
  },
  {
    "ID Number": "4814967"
  },
  {
    "ID Number": "4825624"
  },
  {
    "ID Number": "4814185"
  },
  {
    "ID Number": "4836464"
  },
  {
    "ID Number": "4838190"
  },
  {
    "ID Number": "4825136"
  },
  {
    "ID Number": "4843126"
  },
  {
    "ID Number": "4840208"
  },
  {
    "ID Number": "4839358"
  },
  {
    "ID Number": "4814282"
  },
  {
    "ID Number": "4821238"
  },
  {
    "ID Number": "4825489"
  },
  {
    "ID Number": "4820657"
  },
  {
    "ID Number": "4805208"
  },
  {
    "ID Number": "4822358"
  },
  {
    "ID Number": "4817656"
  },
  {
    "ID Number": "4826426"
  },
  {
    "ID Number": "4812611"
  },
  {
    "ID Number": "4837207"
  },
  {
    "ID Number": "4823591"
  },
  {
    "ID Number": "4802799"
  },
  {
    "ID Number": "4814525"
  },
  {
    "ID Number": "4836529"
  },
  {
    "ID Number": "4836367"
  },
  {
    "ID Number": "4821246"
  },
  {
    "ID Number": "4813820"
  },
  {
    "ID Number": "4834321"
  },
  {
    "ID Number": "4837150"
  },
  {
    "ID Number": "4805216"
  },
  {
    "ID Number": "4832647"
  },
  {
    "ID Number": "4812832"
  },
  {
    "ID Number": "4814878"
  },
  {
    "ID Number": "4833970"
  },
  {
    "ID Number": "4826892"
  },
  {
    "ID Number": "4817419"
  },
  {
    "ID Number": "4814843"
  },
  {
    "ID Number": "4823605"
  },
  {
    "ID Number": "4808860"
  },
  {
    "ID Number": "4838653"
  },
  {
    "ID Number": "4834330"
  },
  {
    "ID Number": "4814428"
  },
  {
    "ID Number": "4820665"
  },
  {
    "ID Number": "4814355"
  },
  {
    "ID Number": "4828283"
  },
  {
    "ID Number": "4806590"
  },
  {
    "ID Number": "4800893"
  },
  {
    "ID Number": "4810503"
  },
  {
    "ID Number": "4807022"
  },
  {
    "ID Number": "4838475"
  },
  {
    "ID Number": "4816145"
  },
  {
    "ID Number": "4834755"
  },
  {
    "ID Number": "4800273"
  },
  {
    "ID Number": "4826744"
  },
  {
    "ID Number": "4817915"
  },
  {
    "ID Number": "4801660"
  },
  {
    "ID Number": "4817796"
  },
  {
    "ID Number": "4830180"
  },
  {
    "ID Number": "4833597"
  },
  {
    "ID Number": "4802268"
  },
  {
    "ID Number": "4825314"
  },
  {
    "ID Number": "4800982"
  },
  {
    "ID Number": "4801539"
  },
  {
    "ID Number": "4801695"
  },
  {
    "ID Number": "4803159"
  },
  {
    "ID Number": "4838904"
  },
  {
    "ID Number": "4813677"
  },
  {
    "ID Number": "4805070"
  },
  {
    "ID Number": "4834348"
  },
  {
    "ID Number": "4837177"
  },
  {
    "ID Number": "4815050"
  },
  {
    "ID Number": "4801199"
  },
  {
    "ID Number": "4839110"
  },
  {
    "ID Number": "4807456"
  },
  {
    "ID Number": "4800729"
  },
  {
    "ID Number": "4815998"
  },
  {
    "ID Number": "4842600"
  },
  {
    "ID Number": "4839064"
  },
  {
    "ID Number": "4827368"
  },
  {
    "ID Number": "4802829"
  },
  {
    "ID Number": "4821777"
  },
  {
    "ID Number": "4810775"
  },
  {
    "ID Number": "4839382"
  },
  {
    "ID Number": "4809173"
  },
  {
    "ID Number": "4819250"
  },
  {
    "ID Number": "4809874"
  },
  {
    "ID Number": "4811615"
  },
  {
    "ID Number": "4812247"
  },
  {
    "ID Number": "4810406"
  },
  {
    "ID Number": "4807928"
  },
  {
    "ID Number": "4809815"
  },
  {
    "ID Number": "4813502"
  },
  {
    "ID Number": "4831942"
  },
  {
    "ID Number": "4814584"
  },
  {
    "ID Number": "4829379"
  },
  {
    "ID Number": "4812425"
  },
  {
    "ID Number": "4830776"
  },
  {
    "ID Number": "4812387"
  },
  {
    "ID Number": "4827384"
  },
  {
    "ID Number": "4834372"
  },
  {
    "ID Number": "4814436"
  },
  {
    "ID Number": "4827597"
  },
  {
    "ID Number": "4819357"
  },
  {
    "ID Number": "4812689"
  },
  {
    "ID Number": "4816293"
  },
  {
    "ID Number": "4838742"
  },
  {
    "ID Number": "4814673"
  },
  {
    "ID Number": "4813146"
  },
  {
    "ID Number": "4831950"
  },
  {
    "ID Number": "4806255"
  },
  {
    "ID Number": "4806980"
  },
  {
    "ID Number": "4801466"
  },
  {
    "ID Number": "4800702"
  },
  {
    "ID Number": "4801415"
  },
  {
    "ID Number": "4811356"
  },
  {
    "ID Number": "4800320"
  },
  {
    "ID Number": "4812298"
  },
  {
    "ID Number": "4811593"
  },
  {
    "ID Number": "4834380"
  },
  {
    "ID Number": "4801890"
  },
  {
    "ID Number": "4819888"
  },
  {
    "ID Number": "4816943"
  },
  {
    "ID Number": "4800222"
  },
  {
    "ID Number": "4805976"
  },
  {
    "ID Number": "4831721"
  },
  {
    "ID Number": "4800907"
  },
  {
    "ID Number": "4812336"
  },
  {
    "ID Number": "4812948"
  },
  {
    "ID Number": "4814363"
  },
  {
    "ID Number": "4829549"
  },
  {
    "ID Number": "4800753"
  },
  {
    "ID Number": "4806883"
  },
  {
    "ID Number": "4817192"
  },
  {
    "ID Number": "4800770"
  },
  {
    "ID Number": "4815904"
  },
  {
    "ID Number": "4809394"
  },
  {
    "ID Number": "4813510"
  },
  {
    "ID Number": "4800249"
  },
  {
    "ID Number": "1504690"
  },
  {
    "ID Number": "4808967"
  },
  {
    "ID Number": "4806620"
  },
  {
    "ID Number": "4812239"
  },
  {
    "ID Number": "4813529"
  },
  {
    "ID Number": "4816951"
  },
  {
    "ID Number": "4800680"
  },
  {
    "ID Number": "4830059"
  },
  {
    "ID Number": "4802276"
  },
  {
    "ID Number": "4829042"
  },
  {
    "ID Number": "4807677"
  },
  {
    "ID Number": "4801644"
  },
  {
    "ID Number": "4831730"
  },
  {
    "ID Number": "4840224"
  },
  {
    "ID Number": "4825640"
  },
  {
    "ID Number": "4806638"
  },
  {
    "ID Number": "4820258"
  },
  {
    "ID Number": "4821912"
  },
  {
    "ID Number": "4815912"
  },
  {
    "ID Number": "4813154"
  },
  {
    "ID Number": "4826752"
  },
  {
    "ID Number": "4833791"
  },
  {
    "ID Number": "4800141"
  },
  {
    "ID Number": "4814533"
  },
  {
    "ID Number": "4838211"
  },
  {
    "ID Number": "4814193"
  },
  {
    "ID Number": "4838220"
  },
  {
    "ID Number": "4809777"
  },
  {
    "ID Number": "4813308"
  },
  {
    "ID Number": "4832663"
  },
  {
    "ID Number": "4840666"
  },
  {
    "ID Number": "4820371"
  },
  {
    "ID Number": "4812441"
  },
  {
    "ID Number": "4811534"
  },
  {
    "ID Number": "4816960"
  },
  {
    "ID Number": "4809653"
  },
  {
    "ID Number": "4802012"
  },
  {
    "ID Number": "4808681"
  },
  {
    "ID Number": "4802888"
  },
  {
    "ID Number": "4802152"
  },
  {
    "ID Number": "4811097"
  },
  {
    "ID Number": "4811020"
  },
  {
    "ID Number": "4823621"
  },
  {
    "ID Number": "4809645"
  },
  {
    "ID Number": "4809696"
  },
  {
    "ID Number": "4806212"
  },
  {
    "ID Number": "4801857"
  },
  {
    "ID Number": "4820690"
  },
  {
    "ID Number": "4807685"
  },
  {
    "ID Number": "4807987"
  },
  {
    "ID Number": "4831403"
  },
  {
    "ID Number": "4817249"
  },
  {
    "ID Number": "4835050"
  },
  {
    "ID Number": "4800966"
  },
  {
    "ID Number": "4806646"
  },
  {
    "ID Number": "4838661"
  },
  {
    "ID Number": "4815769"
  },
  {
    "ID Number": "4824717"
  },
  {
    "ID Number": "4820703"
  },
  {
    "ID Number": "4809432"
  },
  {
    "ID Number": "4843185"
  },
  {
    "ID Number": "4814711"
  },
  {
    "ID Number": "4807200"
  },
  {
    "ID Number": "4817923"
  },
  {
    "ID Number": "4808002"
  },
  {
    "ID Number": "4825837"
  },
  {
    "ID Number": "4820282"
  },
  {
    "ID Number": "4803442"
  },
  {
    "ID Number": "4806654"
  },
  {
    "ID Number": "4819535"
  },
  {
    "ID Number": "4811135"
  },
  {
    "ID Number": "4808649"
  },
  {
    "ID Number": "4817281"
  },
  {
    "ID Number": "4821432"
  },
  {
    "ID Number": "4820290"
  },
  {
    "ID Number": "4833902"
  },
  {
    "ID Number": "4825497"
  },
  {
    "ID Number": "4802187"
  },
  {
    "ID Number": "4808908"
  },
  {
    "ID Number": "4810147"
  },
  {
    "ID Number": "4816323"
  },
  {
    "ID Number": "4814720"
  },
  {
    "ID Number": "4808916"
  },
  {
    "ID Number": "4810589"
  },
  {
    "ID Number": "4811291"
  },
  {
    "ID Number": "4815068"
  },
  {
    "ID Number": "4834852"
  },
  {
    "ID Number": "4807529"
  },
  {
    "ID Number": "4813537"
  },
  {
    "ID Number": "4800036"
  },
  {
    "ID Number": "4805950"
  },
  {
    "ID Number": "4816994"
  },
  {
    "ID Number": "4812964"
  },
  {
    "ID Number": "4806280"
  },
  {
    "ID Number": "4802160"
  },
  {
    "ID Number": "4830415"
  },
  {
    "ID Number": "4805445"
  },
  {
    "ID Number": "4804341"
  },
  {
    "ID Number": "4807057"
  },
  {
    "ID Number": "4802918"
  },
  {
    "ID Number": "4827139"
  },
  {
    "ID Number": "4801423"
  },
  {
    "ID Number": "4806999"
  },
  {
    "ID Number": "4824725"
  },
  {
    "ID Number": "4803272"
  },
  {
    "ID Number": "4802942"
  },
  {
    "ID Number": "4816730"
  },
  {
    "ID Number": "4840810"
  },
  {
    "ID Number": "4814851"
  },
  {
    "ID Number": "4809866"
  },
  {
    "ID Number": "4838513"
  },
  {
    "ID Number": "4817290"
  },
  {
    "ID Number": "4815513"
  },
  {
    "ID Number": "4815106"
  },
  {
    "ID Number": "4831462"
  },
  {
    "ID Number": "4815777"
  },
  {
    "ID Number": "4830016"
  },
  {
    "ID Number": "4818784"
  },
  {
    "ID Number": "4815785"
  },
  {
    "ID Number": "4826655"
  },
  {
    "ID Number": "4819470"
  },
  {
    "ID Number": "4839404"
  },
  {
    "ID Number": "4810740"
  },
  {
    "ID Number": "4831187"
  },
  {
    "ID Number": "4829611"
  },
  {
    "ID Number": "4808657"
  },
  {
    "ID Number": "4814371"
  },
  {
    "ID Number": "4805259"
  },
  {
    "ID Number": "4800915"
  },
  {
    "ID Number": "4834003"
  },
  {
    "ID Number": "4825896"
  },
  {
    "ID Number": "4818202"
  },
  {
    "ID Number": "4813600"
  },
  {
    "ID Number": "4819985"
  },
  {
    "ID Number": "4832965"
  },
  {
    "ID Number": "4800575"
  },
  {
    "ID Number": "4809955"
  },
  {
    "ID Number": "4801555"
  },
  {
    "ID Number": "4801520"
  },
  {
    "ID Number": "4814002"
  },
  {
    "ID Number": "4813715"
  },
  {
    "ID Number": "4806905"
  },
  {
    "ID Number": "4815076"
  },
  {
    "ID Number": "4844750"
  },
  {
    "ID Number": "4818156"
  },
  {
    "ID Number": "4813464"
  },
  {
    "ID Number": "4840828"
  },
  {
    "ID Number": "4800010"
  },
  {
    "ID Number": "4819489"
  },
  {
    "ID Number": "4821920"
  },
  {
    "ID Number": "4801326"
  },
  {
    "ID Number": "4820304"
  },
  {
    "ID Number": "4802926"
  },
  {
    "ID Number": "4826523"
  },
  {
    "ID Number": "4814738"
  },
  {
    "ID Number": "4803876"
  },
  {
    "ID Number": "4820720"
  },
  {
    "ID Number": "4843215"
  },
  {
    "ID Number": "4804961"
  },
  {
    "ID Number": "4831420"
  },
  {
    "ID Number": "4809610"
  },
  {
    "ID Number": "4840534"
  },
  {
    "ID Number": "4818792"
  },
  {
    "ID Number": "4820312"
  },
  {
    "ID Number": "4813383"
  },
  {
    "ID Number": "4807219"
  },
  {
    "ID Number": "4812956"
  },
  {
    "ID Number": "4802357"
  },
  {
    "ID Number": "4801814"
  },
  {
    "ID Number": "4808037"
  },
  {
    "ID Number": "4832116"
  },
  {
    "ID Number": "4831438"
  },
  {
    "ID Number": "4831446"
  },
  {
    "ID Number": "4809033"
  },
  {
    "ID Number": "4801121"
  },
  {
    "ID Number": "4804813"
  },
  {
    "ID Number": "4801474"
  },
  {
    "ID Number": "4819578"
  },
  {
    "ID Number": "4844467"
  },
  {
    "ID Number": "4814541"
  },
  {
    "ID Number": "4818210"
  },
  {
    "ID Number": "4812310"
  },
  {
    "ID Number": "4800630"
  },
  {
    "ID Number": "4800877"
  },
  {
    "ID Number": "4816579"
  },
  {
    "ID Number": "4810368"
  },
  {
    "ID Number": "4819993"
  },
  {
    "ID Number": "4836243"
  },
  {
    "ID Number": "4802438"
  },
  {
    "ID Number": "4844629"
  },
  {
    "ID Number": "4803949"
  },
  {
    "ID Number": "4801202"
  },
  {
    "ID Number": "4800532"
  },
  {
    "ID Number": "4805828"
  },
  {
    "ID Number": "4832132"
  },
  {
    "ID Number": "4812069"
  },
  {
    "ID Number": "4823737"
  },
  {
    "ID Number": "4825144"
  },
  {
    "ID Number": "4831764"
  },
  {
    "ID Number": "4828143"
  },
  {
    "ID Number": "4844475"
  },
  {
    "ID Number": "4804821"
  },
  {
    "ID Number": "4800656"
  },
  {
    "ID Number": "4805267"
  },
  {
    "ID Number": "4815939"
  },
  {
    "ID Number": "4806301"
  },
  {
    "ID Number": "4818326"
  },
  {
    "ID Number": "4804015"
  },
  {
    "ID Number": "4815602"
  },
  {
    "ID Number": "4834860"
  },
  {
    "ID Number": "4803825"
  },
  {
    "ID Number": "4830369"
  },
  {
    "ID Number": "4828011"
  },
  {
    "ID Number": "4808355"
  },
  {
    "ID Number": "4812000"
  },
  {
    "ID Number": "4820975"
  },
  {
    "ID Number": "4800150"
  },
  {
    "ID Number": "4817842"
  },
  {
    "ID Number": "4802551"
  },
  {
    "ID Number": "4802950"
  },
  {
    "ID Number": "4807006"
  },
  {
    "ID Number": "4800958"
  },
  {
    "ID Number": "4809505"
  },
  {
    "ID Number": "4820754"
  },
  {
    "ID Number": "4803833"
  },
  {
    "ID Number": "4800257"
  },
  {
    "ID Number": "4806190"
  },
  {
    "ID Number": "4830334"
  },
  {
    "ID Number": "4844777"
  },
  {
    "ID Number": "4836111"
  },
  {
    "ID Number": "4830202"
  },
  {
    "ID Number": "4807723"
  },
  {
    "ID Number": "4808924"
  },
  {
    "ID Number": "4805291"
  },
  {
    "ID Number": "4809238"
  },
  {
    "ID Number": "4808665"
  },
  {
    "ID Number": "4809521"
  },
  {
    "ID Number": "4839463"
  },
  {
    "ID Number": "4817028"
  },
  {
    "ID Number": "4834399"
  },
  {
    "ID Number": "4819225"
  },
  {
    "ID Number": "4814860"
  },
  {
    "ID Number": "4823800"
  },
  {
    "ID Number": "4824750"
  },
  {
    "ID Number": "4800494"
  },
  {
    "ID Number": "4839161"
  },
  {
    "ID Number": "4815130"
  },
  {
    "ID Number": "4820940"
  },
  {
    "ID Number": "4814304"
  },
  {
    "ID Number": "4800508"
  },
  {
    "ID Number": "4813170"
  },
  {
    "ID Number": "4829590"
  },
  {
    "ID Number": "4801652"
  },
  {
    "ID Number": "4809823"
  },
  {
    "ID Number": "4809530"
  },
  {
    "ID Number": "4813405"
  },
  {
    "ID Number": "4812220"
  },
  {
    "ID Number": "4829930"
  },
  {
    "ID Number": "4831853"
  },
  {
    "ID Number": "4818830"
  },
  {
    "ID Number": "4834402"
  },
  {
    "ID Number": "4842618"
  },
  {
    "ID Number": "4808428"
  },
  {
    "ID Number": "4833910"
  },
  {
    "ID Number": "4808932"
  },
  {
    "ID Number": "4816331"
  },
  {
    "ID Number": "4839218"
  },
  {
    "ID Number": "4834194"
  },
  {
    "ID Number": "4801865"
  },
  {
    "ID Number": "4805305"
  },
  {
    "ID Number": "4808096"
  },
  {
    "ID Number": "4825390"
  },
  {
    "ID Number": "4810384"
  },
  {
    "ID Number": "4812077"
  },
  {
    "ID Number": "4810473"
  },
  {
    "ID Number": "4801547"
  },
  {
    "ID Number": "4836049"
  },
  {
    "ID Number": "4840259"
  },
  {
    "ID Number": "4816587"
  },
  {
    "ID Number": "4801563"
  },
  {
    "ID Number": "4811607"
  },
  {
    "ID Number": "4812840"
  },
  {
    "ID Number": "4809564"
  },
  {
    "ID Number": "4825926"
  },
  {
    "ID Number": "4809572"
  },
  {
    "ID Number": "4811623"
  },
  {
    "ID Number": "4839420"
  },
  {
    "ID Number": "4815092"
  },
  {
    "ID Number": "4817869"
  },
  {
    "ID Number": "4813413"
  },
  {
    "ID Number": "4811011"
  },
  {
    "ID Number": "4822862"
  },
  {
    "ID Number": "4838815"
  },
  {
    "ID Number": "4830377"
  },
  {
    "ID Number": "4818857"
  },
  {
    "ID Number": "4817559"
  },
  {
    "ID Number": "4803361"
  },
  {
    "ID Number": "4803280"
  },
  {
    "ID Number": "4802535"
  },
  {
    "ID Number": "4807480"
  }
]