[
  {
    "ID Number": "7903375"
  },
  {
    "ID Number": "7900139"
  },
  {
    "ID Number": "7902034"
  },
  {
    "ID Number": "7900201"
  },
  {
    "ID Number": "7972660"
  },
  {
    "ID Number": "7950667"
  },
  {
    "ID Number": "7912587"
  },
  {
    "ID Number": "7900880"
  },
  {
    "ID Number": "7959370"
  },
  {
    "ID Number": "7905106"
  },
  {
    "ID Number": "7970781"
  },
  {
    "ID Number": "7904649"
  },
  {
    "ID Number": "7900449"
  },
  {
    "ID Number": "7922922"
  },
  {
    "ID Number": "7901216"
  },
  {
    "ID Number": "7963211"
  },
  {
    "ID Number": "7926030"
  },
  {
    "ID Number": "7910592"
  },
  {
    "ID Number": "7976658"
  },
  {
    "ID Number": "7925700"
  },
  {
    "ID Number": "7910606"
  },
  {
    "ID Number": "7902743"
  },
  {
    "ID Number": "7900538"
  },
  {
    "ID Number": "7935633"
  },
  {
    "ID Number": "7900112"
  },
  {
    "ID Number": "7964587"
  },
  {
    "ID Number": "7969317"
  },
  {
    "ID Number": "7922604"
  },
  {
    "ID Number": "7917465"
  },
  {
    "ID Number": "7902069"
  },
  {
    "ID Number": "7902077"
  },
  {
    "ID Number": "7905327"
  },
  {
    "ID Number": "7905335"
  },
  {
    "ID Number": "7905343"
  },
  {
    "ID Number": "7918712"
  },
  {
    "ID Number": "7932200"
  },
  {
    "ID Number": "7908601"
  },
  {
    "ID Number": "7910240"
  },
  {
    "ID Number": "7910258"
  },
  {
    "ID Number": "7920130"
  },
  {
    "ID Number": "7932707"
  },
  {
    "ID Number": "7903383"
  },
  {
    "ID Number": "7900317"
  },
  {
    "ID Number": "7930771"
  },
  {
    "ID Number": "7930780"
  },
  {
    "ID Number": "7912218"
  },
  {
    "ID Number": "7905360"
  },
  {
    "ID Number": "7903979"
  },
  {
    "ID Number": "7904150"
  },
  {
    "ID Number": "7913273"
  },
  {
    "ID Number": "7912226"
  },
  {
    "ID Number": "7964595"
  },
  {
    "ID Number": "7917163"
  },
  {
    "ID Number": "7926057"
  },
  {
    "ID Number": "7960808"
  },
  {
    "ID Number": "7903987"
  },
  {
    "ID Number": "7927380"
  },
  {
    "ID Number": "7944446"
  },
  {
    "ID Number": "7957262"
  },
  {
    "ID Number": "7902085"
  },
  {
    "ID Number": "7907885"
  },
  {
    "ID Number": "7901267"
  },
  {
    "ID Number": "7970897"
  },
  {
    "ID Number": "7926065"
  },
  {
    "ID Number": "7913648"
  },
  {
    "ID Number": "7910940"
  },
  {
    "ID Number": "7923651"
  },
  {
    "ID Number": "7933185"
  },
  {
    "ID Number": "7912048"
  },
  {
    "ID Number": "7963238"
  },
  {
    "ID Number": "7946902"
  },
  {
    "ID Number": "7944705"
  },
  {
    "ID Number": "7902581"
  },
  {
    "ID Number": "7903391"
  },
  {
    "ID Number": "7906617"
  },
  {
    "ID Number": "7928009"
  },
  {
    "ID Number": "7900554"
  },
  {
    "ID Number": "7917473"
  },
  {
    "ID Number": "7925557"
  },
  {
    "ID Number": "7902093"
  },
  {
    "ID Number": "7902107"
  },
  {
    "ID Number": "7905092"
  },
  {
    "ID Number": "7947291"
  },
  {
    "ID Number": "7912994"
  },
  {
    "ID Number": "7900570"
  },
  {
    "ID Number": "7913001"
  },
  {
    "ID Number": "7938748"
  },
  {
    "ID Number": "7906633"
  },
  {
    "ID Number": "7915020"
  },
  {
    "ID Number": "7920687"
  },
  {
    "ID Number": "7926111"
  },
  {
    "ID Number": "7912242"
  },
  {
    "ID Number": "7905041"
  },
  {
    "ID Number": "7936370"
  },
  {
    "ID Number": "7932111"
  },
  {
    "ID Number": "7903952"
  },
  {
    "ID Number": "7902760"
  },
  {
    "ID Number": "7932120"
  },
  {
    "ID Number": "7920156"
  },
  {
    "ID Number": "7900155"
  },
  {
    "ID Number": "7900228"
  },
  {
    "ID Number": "7900872"
  },
  {
    "ID Number": "7909772"
  },
  {
    "ID Number": "7904169"
  },
  {
    "ID Number": "7941056"
  },
  {
    "ID Number": "7900600"
  },
  {
    "ID Number": "7946643"
  },
  {
    "ID Number": "7916760"
  },
  {
    "ID Number": "7911602"
  },
  {
    "ID Number": "7922817"
  },
  {
    "ID Number": "7909675"
  },
  {
    "ID Number": "7909110"
  },
  {
    "ID Number": "7905386"
  },
  {
    "ID Number": "7905122"
  },
  {
    "ID Number": "7909616"
  },
  {
    "ID Number": "7925808"
  },
  {
    "ID Number": "7925719"
  },
  {
    "ID Number": "7906641"
  },
  {
    "ID Number": "7900473"
  },
  {
    "ID Number": "7901542"
  },
  {
    "ID Number": "7945248"
  },
  {
    "ID Number": "7946589"
  },
  {
    "ID Number": "7925611"
  },
  {
    "ID Number": "7922930"
  },
  {
    "ID Number": "7927576"
  },
  {
    "ID Number": "7971460"
  },
  {
    "ID Number": "7905416"
  },
  {
    "ID Number": "7925360"
  },
  {
    "ID Number": "7976747"
  },
  {
    "ID Number": "7959974"
  },
  {
    "ID Number": "7904177"
  },
  {
    "ID Number": "7901968"
  },
  {
    "ID Number": "7907940"
  },
  {
    "ID Number": "7904983"
  },
  {
    "ID Number": "7911467"
  },
  {
    "ID Number": "7901682"
  },
  {
    "ID Number": "7900040"
  },
  {
    "ID Number": "602825"
  },
  {
    "ID Number": "7910630"
  },
  {
    "ID Number": "7956886"
  },
  {
    "ID Number": "7932758"
  },
  {
    "ID Number": "7916973"
  },
  {
    "ID Number": "7962550"
  },
  {
    "ID Number": "7932766"
  },
  {
    "ID Number": "7965001"
  },
  {
    "ID Number": "7962673"
  },
  {
    "ID Number": "7963785"
  },
  {
    "ID Number": "7901178"
  },
  {
    "ID Number": "7910665"
  },
  {
    "ID Number": "7901950"
  },
  {
    "ID Number": "7926189"
  },
  {
    "ID Number": "7941064"
  },
  {
    "ID Number": "7905440"
  },
  {
    "ID Number": "7900910"
  },
  {
    "ID Number": "7932235"
  },
  {
    "ID Number": "7905130"
  },
  {
    "ID Number": "7970790"
  },
  {
    "ID Number": "7910673"
  },
  {
    "ID Number": "7952481"
  },
  {
    "ID Number": "7932537"
  },
  {
    "ID Number": "7945930"
  },
  {
    "ID Number": "7914024"
  },
  {
    "ID Number": "7911475"
  },
  {
    "ID Number": "7960727"
  },
  {
    "ID Number": "7900236"
  },
  {
    "ID Number": "7910282"
  },
  {
    "ID Number": "7921632"
  },
  {
    "ID Number": "7919662"
  },
  {
    "ID Number": "7917686"
  },
  {
    "ID Number": "7942478"
  },
  {
    "ID Number": "7906650"
  },
  {
    "ID Number": "7900244"
  },
  {
    "ID Number": "7928939"
  },
  {
    "ID Number": "7903162"
  },
  {
    "ID Number": "7924100"
  },
  {
    "ID Number": "7905467"
  },
  {
    "ID Number": "696358"
  },
  {
    "ID Number": "7912927"
  },
  {
    "ID Number": "7962568"
  },
  {
    "ID Number": "7971532"
  },
  {
    "ID Number": "7971540"
  },
  {
    "ID Number": "7900856"
  },
  {
    "ID Number": "7913125"
  },
  {
    "ID Number": "7900899"
  },
  {
    "ID Number": "7901879"
  },
  {
    "ID Number": "7905149"
  },
  {
    "ID Number": "7914415"
  },
  {
    "ID Number": "7902140"
  },
  {
    "ID Number": "7930810"
  },
  {
    "ID Number": "7960875"
  },
  {
    "ID Number": "7951590"
  },
  {
    "ID Number": "7962282"
  },
  {
    "ID Number": "7932782"
  },
  {
    "ID Number": "7944730"
  },
  {
    "ID Number": "7957106"
  },
  {
    "ID Number": "7966997"
  },
  {
    "ID Number": "7920059"
  },
  {
    "ID Number": "7965109"
  },
  {
    "ID Number": "7928050"
  },
  {
    "ID Number": "7920717"
  },
  {
    "ID Number": "7905491"
  },
  {
    "ID Number": "7908490"
  },
  {
    "ID Number": "7908245"
  },
  {
    "ID Number": "7900325"
  },
  {
    "ID Number": "7907826"
  },
  {
    "ID Number": "7921306"
  },
  {
    "ID Number": "7900058"
  },
  {
    "ID Number": "7944810"
  },
  {
    "ID Number": "7945442"
  },
  {
    "ID Number": "7962150"
  },
  {
    "ID Number": "7966245"
  },
  {
    "ID Number": "7915012"
  },
  {
    "ID Number": "7918640"
  },
  {
    "ID Number": "7935854"
  },
  {
    "ID Number": "7932332"
  },
  {
    "ID Number": "7928858"
  },
  {
    "ID Number": "7900260"
  },
  {
    "ID Number": "7902557"
  },
  {
    "ID Number": "7908253"
  },
  {
    "ID Number": "7911505"
  },
  {
    "ID Number": "7949200"
  },
  {
    "ID Number": "7903413"
  },
  {
    "ID Number": "7921403"
  },
  {
    "ID Number": "7965885"
  },
  {
    "ID Number": "7908881"
  },
  {
    "ID Number": "7904711"
  },
  {
    "ID Number": "7907532"
  },
  {
    "ID Number": "7924984"
  },
  {
    "ID Number": "7971478"
  },
  {
    "ID Number": "7914849"
  },
  {
    "ID Number": "7920067"
  },
  {
    "ID Number": "7914857"
  },
  {
    "ID Number": "7901836"
  },
  {
    "ID Number": "7904576"
  },
  {
    "ID Number": "7953321"
  },
  {
    "ID Number": "7903006"
  },
  {
    "ID Number": "7904606"
  },
  {
    "ID Number": "7903170"
  },
  {
    "ID Number": "7904215"
  },
  {
    "ID Number": "7919875"
  },
  {
    "ID Number": "7918801"
  },
  {
    "ID Number": "7931727"
  },
  {
    "ID Number": "7923023"
  },
  {
    "ID Number": "7923015"
  },
  {
    "ID Number": "7900368"
  },
  {
    "ID Number": "7917902"
  },
  {
    "ID Number": "7949162"
  },
  {
    "ID Number": "7976828"
  },
  {
    "ID Number": "7914865"
  },
  {
    "ID Number": "7901283"
  },
  {
    "ID Number": "7903448"
  },
  {
    "ID Number": "7974019"
  },
  {
    "ID Number": "7905548"
  },
  {
    "ID Number": "7955480"
  },
  {
    "ID Number": "7905556"
  },
  {
    "ID Number": "7905564"
  },
  {
    "ID Number": "7959427"
  },
  {
    "ID Number": "7931166"
  },
  {
    "ID Number": "7966016"
  },
  {
    "ID Number": "7929471"
  },
  {
    "ID Number": "7918151"
  },
  {
    "ID Number": "7952945"
  },
  {
    "ID Number": "7901640"
  },
  {
    "ID Number": "7924356"
  },
  {
    "ID Number": "7963661"
  },
  {
    "ID Number": "7972873"
  },
  {
    "ID Number": "7903456"
  },
  {
    "ID Number": "7918429"
  },
  {
    "ID Number": "7975007"
  },
  {
    "ID Number": "7945965"
  },
  {
    "ID Number": "7912935"
  },
  {
    "ID Number": "7948891"
  },
  {
    "ID Number": "7910312"
  },
  {
    "ID Number": "7904738"
  },
  {
    "ID Number": "7924364"
  },
  {
    "ID Number": "7976836"
  },
  {
    "ID Number": "7951604"
  },
  {
    "ID Number": "7918844"
  },
  {
    "ID Number": "7946724"
  },
  {
    "ID Number": "7921578"
  },
  {
    "ID Number": "7967004"
  },
  {
    "ID Number": "7937067"
  },
  {
    "ID Number": "7970838"
  },
  {
    "ID Number": "7902620"
  },
  {
    "ID Number": "7905602"
  },
  {
    "ID Number": "7904991"
  },
  {
    "ID Number": "7917481"
  },
  {
    "ID Number": "7942818"
  },
  {
    "ID Number": "7932820"
  },
  {
    "ID Number": "7921543"
  },
  {
    "ID Number": "7929323"
  },
  {
    "ID Number": "7931174"
  },
  {
    "ID Number": "7901151"
  },
  {
    "ID Number": "7966903"
  },
  {
    "ID Number": "7948018"
  },
  {
    "ID Number": "7962100"
  },
  {
    "ID Number": "7968868"
  },
  {
    "ID Number": "7901623"
  },
  {
    "ID Number": "7901771"
  },
  {
    "ID Number": "7921683"
  },
  {
    "ID Number": "7915179"
  },
  {
    "ID Number": "7958447"
  },
  {
    "ID Number": "7915772"
  },
  {
    "ID Number": "7900457"
  },
  {
    "ID Number": "7910339"
  },
  {
    "ID Number": "7958684"
  },
  {
    "ID Number": "7940149"
  },
  {
    "ID Number": "7903464"
  },
  {
    "ID Number": "7975015"
  },
  {
    "ID Number": "7975023"
  },
  {
    "ID Number": "7908270"
  },
  {
    "ID Number": "7963025"
  },
  {
    "ID Number": "7940734"
  },
  {
    "ID Number": "7921420"
  },
  {
    "ID Number": "7927177"
  },
  {
    "ID Number": "7900678"
  },
  {
    "ID Number": "7900546"
  },
  {
    "ID Number": "7904746"
  },
  {
    "ID Number": "7926243"
  },
  {
    "ID Number": "7938896"
  },
  {
    "ID Number": "7944306"
  },
  {
    "ID Number": "7969090"
  },
  {
    "ID Number": "7943784"
  },
  {
    "ID Number": "7943792"
  },
  {
    "ID Number": "7958692"
  },
  {
    "ID Number": "7925042"
  },
  {
    "ID Number": "7943083"
  },
  {
    "ID Number": "7949677"
  },
  {
    "ID Number": "7916620"
  },
  {
    "ID Number": "7960999"
  },
  {
    "ID Number": "7919824"
  },
  {
    "ID Number": "7929129"
  },
  {
    "ID Number": "7971206"
  },
  {
    "ID Number": "7951841"
  },
  {
    "ID Number": "7938128"
  },
  {
    "ID Number": "7963270"
  },
  {
    "ID Number": "7902166"
  },
  {
    "ID Number": "7901941"
  },
  {
    "ID Number": "7943423"
  },
  {
    "ID Number": "7931441"
  },
  {
    "ID Number": "7944055"
  },
  {
    "ID Number": "7946856"
  },
  {
    "ID Number": "7901062"
  },
  {
    "ID Number": "7907559"
  },
  {
    "ID Number": "7930445"
  },
  {
    "ID Number": "7971214"
  },
  {
    "ID Number": "7906366"
  },
  {
    "ID Number": "7930453"
  },
  {
    "ID Number": "7923295"
  },
  {
    "ID Number": "7945116"
  },
  {
    "ID Number": "7938020"
  },
  {
    "ID Number": "7901208"
  },
  {
    "ID Number": "7910738"
  },
  {
    "ID Number": "7930461"
  },
  {
    "ID Number": "7917210"
  },
  {
    "ID Number": "7963041"
  },
  {
    "ID Number": "7975937"
  },
  {
    "ID Number": "7920750"
  },
  {
    "ID Number": "7918313"
  },
  {
    "ID Number": "7930550"
  },
  {
    "ID Number": "7963297"
  },
  {
    "ID Number": "7955715"
  },
  {
    "ID Number": "7930828"
  },
  {
    "ID Number": "7925085"
  },
  {
    "ID Number": "7965729"
  },
  {
    "ID Number": "7900708"
  },
  {
    "ID Number": "26064723"
  },
  {
    "ID Number": "7900945"
  },
  {
    "ID Number": "7949227"
  },
  {
    "ID Number": "7917112"
  },
  {
    "ID Number": "7905270"
  },
  {
    "ID Number": "7948549"
  },
  {
    "ID Number": "7946600"
  },
  {
    "ID Number": "7927304"
  },
  {
    "ID Number": "7966296"
  },
  {
    "ID Number": "7910029"
  },
  {
    "ID Number": "7944314"
  },
  {
    "ID Number": "7961790"
  },
  {
    "ID Number": "7962584"
  },
  {
    "ID Number": "7971729"
  },
  {
    "ID Number": "7920172"
  },
  {
    "ID Number": "7961006"
  },
  {
    "ID Number": "7902174"
  },
  {
    "ID Number": "7905637"
  },
  {
    "ID Number": "7905645"
  },
  {
    "ID Number": "7905653"
  },
  {
    "ID Number": "7920601"
  },
  {
    "ID Number": "7906722"
  },
  {
    "ID Number": "7913680"
  },
  {
    "ID Number": "7972920"
  },
  {
    "ID Number": "7937407"
  },
  {
    "ID Number": "7937415"
  },
  {
    "ID Number": "7961014"
  },
  {
    "ID Number": "7942168"
  },
  {
    "ID Number": "7913699"
  },
  {
    "ID Number": "7970978"
  },
  {
    "ID Number": "7915063"
  },
  {
    "ID Number": "7905068"
  },
  {
    "ID Number": "7948557"
  },
  {
    "ID Number": "7923031"
  },
  {
    "ID Number": "7903774"
  },
  {
    "ID Number": "7923040"
  },
  {
    "ID Number": "7943806"
  },
  {
    "ID Number": "7931212"
  },
  {
    "ID Number": "7903200"
  },
  {
    "ID Number": "7933460"
  },
  {
    "ID Number": "7909810"
  },
  {
    "ID Number": "7965222"
  },
  {
    "ID Number": "7913150"
  },
  {
    "ID Number": "7900023"
  },
  {
    "ID Number": "7923309"
  },
  {
    "ID Number": "7918585"
  },
  {
    "ID Number": "7901747"
  },
  {
    "ID Number": "7901755"
  },
  {
    "ID Number": "7947399"
  },
  {
    "ID Number": "7916809"
  },
  {
    "ID Number": "7907893"
  },
  {
    "ID Number": "36013048"
  },
  {
    "ID Number": "7908504"
  },
  {
    "ID Number": "7909640"
  },
  {
    "ID Number": "7912315"
  },
  {
    "ID Number": "7908512"
  },
  {
    "ID Number": "7925107"
  },
  {
    "ID Number": "7950632"
  },
  {
    "ID Number": "7955162"
  },
  {
    "ID Number": "7945574"
  },
  {
    "ID Number": "7913710"
  },
  {
    "ID Number": "7945582"
  },
  {
    "ID Number": "7900252"
  },
  {
    "ID Number": "7914130"
  },
  {
    "ID Number": "7952112"
  },
  {
    "ID Number": "7905696"
  },
  {
    "ID Number": "7914890"
  },
  {
    "ID Number": "7909837"
  },
  {
    "ID Number": "7909845"
  },
  {
    "ID Number": "7904789"
  },
  {
    "ID Number": "7907680"
  },
  {
    "ID Number": "7903499"
  },
  {
    "ID Number": "7900074"
  },
  {
    "ID Number": "7904010"
  },
  {
    "ID Number": "7910754"
  },
  {
    "ID Number": "7921527"
  },
  {
    "ID Number": "7921586"
  },
  {
    "ID Number": "7918054"
  },
  {
    "ID Number": "7953143"
  },
  {
    "ID Number": "7902565"
  },
  {
    "ID Number": "7921233"
  },
  {
    "ID Number": "7912692"
  },
  {
    "ID Number": "60400277"
  },
  {
    "ID Number": "7955723"
  },
  {
    "ID Number": "7958277"
  },
  {
    "ID Number": "7953690"
  },
  {
    "ID Number": "7946155"
  },
  {
    "ID Number": "7946619"
  },
  {
    "ID Number": "7975155"
  },
  {
    "ID Number": "7938462"
  },
  {
    "ID Number": "7971486"
  },
  {
    "ID Number": "7917910"
  },
  {
    "ID Number": "7917236"
  },
  {
    "ID Number": "7903359"
  },
  {
    "ID Number": "7924879"
  },
  {
    "ID Number": "7914687"
  },
  {
    "ID Number": "7967373"
  },
  {
    "ID Number": "7938934"
  },
  {
    "ID Number": "7938039"
  },
  {
    "ID Number": "7934262"
  },
  {
    "ID Number": "7939230"
  },
  {
    "ID Number": "7900066"
  },
  {
    "ID Number": "7919050"
  },
  {
    "ID Number": "7945280"
  },
  {
    "ID Number": "7919069"
  },
  {
    "ID Number": "7970420"
  },
  {
    "ID Number": "7932243"
  },
  {
    "ID Number": "7955111"
  },
  {
    "ID Number": "7902212"
  },
  {
    "ID Number": "7969325"
  },
  {
    "ID Number": "7900937"
  },
  {
    "ID Number": "7905726"
  },
  {
    "ID Number": "7931778"
  },
  {
    "ID Number": "7936419"
  },
  {
    "ID Number": "7952520"
  },
  {
    "ID Number": "7925565"
  },
  {
    "ID Number": "7976690"
  },
  {
    "ID Number": "7921721"
  },
  {
    "ID Number": "7949022"
  },
  {
    "ID Number": "7905181"
  },
  {
    "ID Number": "7909853"
  },
  {
    "ID Number": "7909861"
  },
  {
    "ID Number": "7902220"
  },
  {
    "ID Number": "7931808"
  },
  {
    "ID Number": "7902239"
  },
  {
    "ID Number": "7924933"
  },
  {
    "ID Number": "7933665"
  },
  {
    "ID Number": "7903790"
  },
  {
    "ID Number": "7905742"
  },
  {
    "ID Number": "7966440"
  },
  {
    "ID Number": "7938152"
  },
  {
    "ID Number": "7964153"
  },
  {
    "ID Number": "7948581"
  },
  {
    "ID Number": "7910762"
  },
  {
    "ID Number": "7910770"
  },
  {
    "ID Number": "7931824"
  },
  {
    "ID Number": "7925123"
  },
  {
    "ID Number": "7958056"
  },
  {
    "ID Number": "7925450"
  },
  {
    "ID Number": "7925468"
  },
  {
    "ID Number": "7962444"
  },
  {
    "ID Number": "7900953"
  },
  {
    "ID Number": "7911866"
  },
  {
    "ID Number": "7911874"
  },
  {
    "ID Number": "7925840"
  },
  {
    "ID Number": "7975856"
  },
  {
    "ID Number": "7922248"
  },
  {
    "ID Number": "7968485"
  },
  {
    "ID Number": "7961820"
  },
  {
    "ID Number": "7916825"
  },
  {
    "ID Number": "7958951"
  },
  {
    "ID Number": "7970447"
  },
  {
    "ID Number": "7940076"
  },
  {
    "ID Number": "7918070"
  },
  {
    "ID Number": "7909349"
  },
  {
    "ID Number": "7961049"
  },
  {
    "ID Number": "7902263"
  },
  {
    "ID Number": "7906781"
  },
  {
    "ID Number": "7973438"
  },
  {
    "ID Number": "7944934"
  },
  {
    "ID Number": "7910436"
  },
  {
    "ID Number": "7970803"
  },
  {
    "ID Number": "7931832"
  },
  {
    "ID Number": "7913893"
  },
  {
    "ID Number": "7901100"
  },
  {
    "ID Number": "7973969"
  },
  {
    "ID Number": "7976038"
  },
  {
    "ID Number": "7925263"
  },
  {
    "ID Number": "7912153"
  },
  {
    "ID Number": "7965745"
  },
  {
    "ID Number": "7967560"
  },
  {
    "ID Number": "7929145"
  },
  {
    "ID Number": "7900740"
  },
  {
    "ID Number": "7913737"
  },
  {
    "ID Number": "7905807"
  },
  {
    "ID Number": "7901569"
  },
  {
    "ID Number": "7927207"
  },
  {
    "ID Number": "7912714"
  },
  {
    "ID Number": "7923066"
  },
  {
    "ID Number": "7938810"
  },
  {
    "ID Number": "7973780"
  },
  {
    "ID Number": "7901690"
  },
  {
    "ID Number": "7903537"
  },
  {
    "ID Number": "7902271"
  },
  {
    "ID Number": "7952791"
  },
  {
    "ID Number": "7904029"
  },
  {
    "ID Number": "7925492"
  },
  {
    "ID Number": "7900813"
  },
  {
    "ID Number": "7966679"
  },
  {
    "ID Number": "7901135"
  },
  {
    "ID Number": "7912358"
  },
  {
    "ID Number": "7942729"
  },
  {
    "ID Number": "7942710"
  },
  {
    "ID Number": "7949073"
  },
  {
    "ID Number": "7963343"
  },
  {
    "ID Number": "7925166"
  },
  {
    "ID Number": "7933703"
  },
  {
    "ID Number": "7900821"
  },
  {
    "ID Number": "7936435"
  },
  {
    "ID Number": "7901976"
  },
  {
    "ID Number": "7944942"
  },
  {
    "ID Number": "7974515"
  },
  {
    "ID Number": "7928807"
  },
  {
    "ID Number": "7967993"
  },
  {
    "ID Number": "7951531"
  },
  {
    "ID Number": "7921730"
  },
  {
    "ID Number": "7974299"
  },
  {
    "ID Number": "7925506"
  },
  {
    "ID Number": "7901305"
  },
  {
    "ID Number": "7900732"
  },
  {
    "ID Number": "7975163"
  },
  {
    "ID Number": "7935277"
  },
  {
    "ID Number": "7976704"
  },
  {
    "ID Number": "7909209"
  },
  {
    "ID Number": "7948590"
  },
  {
    "ID Number": "7907168"
  },
  {
    "ID Number": "7908326"
  },
  {
    "ID Number": "7965290"
  },
  {
    "ID Number": "7930585"
  },
  {
    "ID Number": "7976577"
  },
  {
    "ID Number": "7937679"
  },
  {
    "ID Number": "7900511"
  },
  {
    "ID Number": "7953410"
  },
  {
    "ID Number": "7904282"
  },
  {
    "ID Number": "7908458"
  },
  {
    "ID Number": "7948140"
  },
  {
    "ID Number": "7917554"
  },
  {
    "ID Number": "7943024"
  },
  {
    "ID Number": "7960026"
  },
  {
    "ID Number": "7928653"
  },
  {
    "ID Number": "7912374"
  },
  {
    "ID Number": "7911211"
  },
  {
    "ID Number": "7901933"
  },
  {
    "ID Number": "7908695"
  },
  {
    "ID Number": "7920784"
  },
  {
    "ID Number": "7916833"
  },
  {
    "ID Number": "7935951"
  },
  {
    "ID Number": "7931859"
  },
  {
    "ID Number": "7910789"
  },
  {
    "ID Number": "7900660"
  },
  {
    "ID Number": "7972571"
  },
  {
    "ID Number": "7972580"
  },
  {
    "ID Number": "7972342"
  },
  {
    "ID Number": "7921748"
  },
  {
    "ID Number": "7942575"
  },
  {
    "ID Number": "7966032"
  },
  {
    "ID Number": "7938284"
  },
  {
    "ID Number": "7921756"
  },
  {
    "ID Number": "7929854"
  },
  {
    "ID Number": "7917295"
  },
  {
    "ID Number": "7931450"
  },
  {
    "ID Number": "7975295"
  },
  {
    "ID Number": "7962592"
  },
  {
    "ID Number": "7923376"
  },
  {
    "ID Number": "7924887"
  },
  {
    "ID Number": "7960034"
  },
  {
    "ID Number": "7928211"
  },
  {
    "ID Number": "7957378"
  },
  {
    "ID Number": "7937709"
  },
  {
    "ID Number": "7904037"
  },
  {
    "ID Number": "7962126"
  },
  {
    "ID Number": "7903820"
  },
  {
    "ID Number": "7958080"
  },
  {
    "ID Number": "7931280"
  },
  {
    "ID Number": "7931298"
  },
  {
    "ID Number": "7908334"
  },
  {
    "ID Number": "7975171"
  },
  {
    "ID Number": "7975180"
  },
  {
    "ID Number": "7918488"
  },
  {
    "ID Number": "7971117"
  },
  {
    "ID Number": "7937300"
  },
  {
    "ID Number": "7903235"
  },
  {
    "ID Number": "7953437"
  },
  {
    "ID Number": "7953445"
  },
  {
    "ID Number": "7904304"
  },
  {
    "ID Number": "7972997"
  },
  {
    "ID Number": "7902280"
  },
  {
    "ID Number": "7902824"
  },
  {
    "ID Number": "7903065"
  },
  {
    "ID Number": "7952813"
  },
  {
    "ID Number": "7900180"
  },
  {
    "ID Number": "7920202"
  },
  {
    "ID Number": "7920210"
  },
  {
    "ID Number": "7901020"
  },
  {
    "ID Number": "7905025"
  },
  {
    "ID Number": "7908954"
  },
  {
    "ID Number": "7913168"
  },
  {
    "ID Number": "7923074"
  },
  {
    "ID Number": "7922876"
  },
  {
    "ID Number": "7905874"
  },
  {
    "ID Number": "7911122"
  },
  {
    "ID Number": "7901160"
  },
  {
    "ID Number": "7960050"
  },
  {
    "ID Number": "7968795"
  },
  {
    "ID Number": "7942583"
  },
  {
    "ID Number": "7900805"
  },
  {
    "ID Number": "7945698"
  },
  {
    "ID Number": "7900082"
  },
  {
    "ID Number": "7965320"
  },
  {
    "ID Number": "7931905"
  },
  {
    "ID Number": "7902298"
  },
  {
    "ID Number": "7905190"
  },
  {
    "ID Number": "7958315"
  },
  {
    "ID Number": "7968019"
  },
  {
    "ID Number": "7924577"
  },
  {
    "ID Number": "7929862"
  },
  {
    "ID Number": "7917066"
  },
  {
    "ID Number": "7965338"
  },
  {
    "ID Number": "7908342"
  },
  {
    "ID Number": "7955189"
  },
  {
    "ID Number": "7947020"
  },
  {
    "ID Number": "7930658"
  },
  {
    "ID Number": "7900171"
  },
  {
    "ID Number": "7936460"
  },
  {
    "ID Number": "7924186"
  },
  {
    "ID Number": "7916132"
  },
  {
    "ID Number": "7955979"
  },
  {
    "ID Number": "7945264"
  },
  {
    "ID Number": "7900724"
  },
  {
    "ID Number": "7919077"
  },
  {
    "ID Number": "7938772"
  },
  {
    "ID Number": "7900619"
  },
  {
    "ID Number": "7964021"
  },
  {
    "ID Number": "7905009"
  },
  {
    "ID Number": "7903545"
  },
  {
    "ID Number": "7916990"
  },
  {
    "ID Number": "7905904"
  },
  {
    "ID Number": "7932405"
  },
  {
    "ID Number": "7910100"
  },
  {
    "ID Number": "7970765"
  },
  {
    "ID Number": "7919832"
  },
  {
    "ID Number": "7965010"
  },
  {
    "ID Number": "7933819"
  },
  {
    "ID Number": "7926340"
  },
  {
    "ID Number": "7924941"
  },
  {
    "ID Number": "7910819"
  },
  {
    "ID Number": "7960085"
  },
  {
    "ID Number": "7971958"
  },
  {
    "ID Number": "7948611"
  },
  {
    "ID Number": "7945370"
  },
  {
    "ID Number": "7902301"
  },
  {
    "ID Number": "7949316"
  },
  {
    "ID Number": "7949294"
  },
  {
    "ID Number": "7949308"
  },
  {
    "ID Number": "7905920"
  },
  {
    "ID Number": "7971680"
  },
  {
    "ID Number": "7914822"
  },
  {
    "ID Number": "7900147"
  },
  {
    "ID Number": "7908105"
  },
  {
    "ID Number": "7907575"
  },
  {
    "ID Number": "7954786"
  },
  {
    "ID Number": "7945272"
  },
  {
    "ID Number": "7969678"
  },
  {
    "ID Number": "7932910"
  },
  {
    "ID Number": "7917333"
  },
  {
    "ID Number": "7931921"
  },
  {
    "ID Number": "7901127"
  },
  {
    "ID Number": "7965141"
  },
  {
    "ID Number": "7904320"
  },
  {
    "ID Number": "7954956"
  },
  {
    "ID Number": "7949057"
  },
  {
    "ID Number": "7900350"
  },
  {
    "ID Number": "7937113"
  },
  {
    "ID Number": "7937130"
  },
  {
    "ID Number": "7902689"
  },
  {
    "ID Number": "7918097"
  },
  {
    "ID Number": "7940610"
  },
  {
    "ID Number": "7952937"
  },
  {
    "ID Number": "7931948"
  },
  {
    "ID Number": "7901925"
  },
  {
    "ID Number": "7929200"
  },
  {
    "ID Number": "7913745"
  },
  {
    "ID Number": "7949863"
  },
  {
    "ID Number": "7965150"
  },
  {
    "ID Number": "7917350"
  },
  {
    "ID Number": "7970919"
  },
  {
    "ID Number": "7936478"
  },
  {
    "ID Number": "7920814"
  },
  {
    "ID Number": "7937504"
  },
  {
    "ID Number": "7960565"
  },
  {
    "ID Number": "7936079"
  },
  {
    "ID Number": "7915284"
  },
  {
    "ID Number": "7917937"
  },
  {
    "ID Number": "7904339"
  },
  {
    "ID Number": "7946627"
  },
  {
    "ID Number": "7920237"
  },
  {
    "ID Number": "7949332"
  },
  {
    "ID Number": "7926413"
  },
  {
    "ID Number": "7943342"
  },
  {
    "ID Number": "7955774"
  },
  {
    "ID Number": "7946210"
  },
  {
    "ID Number": "7906463"
  },
  {
    "ID Number": "7924461"
  },
  {
    "ID Number": "7901046"
  },
  {
    "ID Number": "7907583"
  },
  {
    "ID Number": "7965168"
  },
  {
    "ID Number": "7901143"
  },
  {
    "ID Number": "7901984"
  },
  {
    "ID Number": "7964498"
  },
  {
    "ID Number": "7908717"
  },
  {
    "ID Number": "7923422"
  },
  {
    "ID Number": "7952384"
  },
  {
    "ID Number": "7943113"
  },
  {
    "ID Number": "7900988"
  },
  {
    "ID Number": "7910843"
  },
  {
    "ID Number": "7942770"
  },
  {
    "ID Number": "7935471"
  },
  {
    "ID Number": "7900287"
  },
  {
    "ID Number": "7974353"
  },
  {
    "ID Number": "7902310"
  },
  {
    "ID Number": "7957505"
  },
  {
    "ID Number": "7957408"
  },
  {
    "ID Number": "7931344"
  },
  {
    "ID Number": "7903561"
  },
  {
    "ID Number": "7918607"
  },
  {
    "ID Number": "7966466"
  },
  {
    "ID Number": "7930852"
  },
  {
    "ID Number": "7908350"
  },
  {
    "ID Number": "7909225"
  },
  {
    "ID Number": "7942257"
  },
  {
    "ID Number": "7957483"
  },
  {
    "ID Number": "7944870"
  },
  {
    "ID Number": "7944888"
  },
  {
    "ID Number": "7920245"
  },
  {
    "ID Number": "7970927"
  },
  {
    "ID Number": "7962606"
  },
  {
    "ID Number": "7910851"
  },
  {
    "ID Number": "7943857"
  },
  {
    "ID Number": "7951906"
  },
  {
    "ID Number": "7952597"
  },
  {
    "ID Number": "7916191"
  },
  {
    "ID Number": "7971273"
  },
  {
    "ID Number": "7913931"
  },
  {
    "ID Number": "7909390"
  },
  {
    "ID Number": "7911700"
  },
  {
    "ID Number": "7946244"
  },
  {
    "ID Number": "7954093"
  },
  {
    "ID Number": "7968027"
  },
  {
    "ID Number": "7900597"
  },
  {
    "ID Number": "7912447"
  },
  {
    "ID Number": "7954980"
  },
  {
    "ID Number": "7908741"
  },
  {
    "ID Number": "7963092"
  },
  {
    "ID Number": "7909012"
  },
  {
    "ID Number": "7932294"
  },
  {
    "ID Number": "7954450"
  },
  {
    "ID Number": "7966474"
  },
  {
    "ID Number": "7908865"
  },
  {
    "ID Number": "7900481"
  },
  {
    "ID Number": "7901712"
  },
  {
    "ID Number": "7907125"
  },
  {
    "ID Number": "7919735"
  },
  {
    "ID Number": "7929226"
  },
  {
    "ID Number": "7932634"
  },
  {
    "ID Number": "7957394"
  },
  {
    "ID Number": "7900490"
  },
  {
    "ID Number": "7904363"
  },
  {
    "ID Number": "7956398"
  },
  {
    "ID Number": "7903570"
  },
  {
    "ID Number": "7948190"
  },
  {
    "ID Number": "7955871"
  },
  {
    "ID Number": "7902328"
  },
  {
    "ID Number": "7957823"
  },
  {
    "ID Number": "7901780"
  },
  {
    "ID Number": "7901798"
  },
  {
    "ID Number": "7912463"
  },
  {
    "ID Number": "7901992"
  },
  {
    "ID Number": "7930615"
  },
  {
    "ID Number": "7946791"
  },
  {
    "ID Number": "7905076"
  },
  {
    "ID Number": "7965540"
  },
  {
    "ID Number": "7937180"
  },
  {
    "ID Number": "7946880"
  },
  {
    "ID Number": "7907915"
  },
  {
    "ID Number": "7965346"
  },
  {
    "ID Number": "7928289"
  },
  {
    "ID Number": "7918119"
  },
  {
    "ID Number": "7923449"
  },
  {
    "ID Number": "7944950"
  },
  {
    "ID Number": "7909926"
  },
  {
    "ID Number": "7910860"
  },
  {
    "ID Number": "7956002"
  },
  {
    "ID Number": "7902697"
  },
  {
    "ID Number": "7976615"
  },
  {
    "ID Number": "7908121"
  },
  {
    "ID Number": "7927231"
  },
  {
    "ID Number": "7961545"
  },
  {
    "ID Number": "7939272"
  },
  {
    "ID Number": "7966776"
  },
  {
    "ID Number": "7946805"
  },
  {
    "ID Number": "7913222"
  },
  {
    "ID Number": "7909900"
  },
  {
    "ID Number": "7902344"
  },
  {
    "ID Number": "7909918"
  },
  {
    "ID Number": "7900627"
  },
  {
    "ID Number": "7902352"
  },
  {
    "ID Number": "7917945"
  },
  {
    "ID Number": "7911246"
  },
  {
    "ID Number": "7900929"
  },
  {
    "ID Number": "7910878"
  },
  {
    "ID Number": "7970706"
  },
  {
    "ID Number": "7914504"
  },
  {
    "ID Number": "7905980"
  },
  {
    "ID Number": "7913559"
  },
  {
    "ID Number": "7902360"
  },
  {
    "ID Number": "7944160"
  },
  {
    "ID Number": "7943482"
  },
  {
    "ID Number": "7943490"
  },
  {
    "ID Number": "7940092"
  },
  {
    "ID Number": "7936311"
  },
  {
    "ID Number": "7953500"
  },
  {
    "ID Number": "7962509"
  },
  {
    "ID Number": "7911297"
  },
  {
    "ID Number": "7967195"
  },
  {
    "ID Number": "7901070"
  },
  {
    "ID Number": "7925549"
  },
  {
    "ID Number": "7951221"
  },
  {
    "ID Number": "7938713"
  },
  {
    "ID Number": "7901496"
  },
  {
    "ID Number": "7969112"
  },
  {
    "ID Number": "7942206"
  },
  {
    "ID Number": "7902867"
  },
  {
    "ID Number": "7907427"
  },
  {
    "ID Number": "7900198"
  },
  {
    "ID Number": "7918348"
  },
  {
    "ID Number": "7902000"
  },
  {
    "ID Number": "7940432"
  },
  {
    "ID Number": "7917376"
  },
  {
    "ID Number": "7946023"
  },
  {
    "ID Number": "7962614"
  },
  {
    "ID Number": "7946287"
  },
  {
    "ID Number": "7971133"
  },
  {
    "ID Number": "7917953"
  },
  {
    "ID Number": "7954476"
  },
  {
    "ID Number": "7914512"
  },
  {
    "ID Number": "7913966"
  },
  {
    "ID Number": "7937210"
  },
  {
    "ID Number": "7966628"
  },
  {
    "ID Number": "7938993"
  },
  {
    "ID Number": "7939000"
  },
  {
    "ID Number": "7903243"
  },
  {
    "ID Number": "7911718"
  },
  {
    "ID Number": "7965311"
  },
  {
    "ID Number": "7958226"
  },
  {
    "ID Number": "7913567"
  },
  {
    "ID Number": "7932928"
  },
  {
    "ID Number": "7907605"
  },
  {
    "ID Number": "7927690"
  },
  {
    "ID Number": "7951248"
  },
  {
    "ID Number": "7923899"
  },
  {
    "ID Number": "7972695"
  },
  {
    "ID Number": "7906935"
  },
  {
    "ID Number": "7911963"
  },
  {
    "ID Number": "7907478"
  },
  {
    "ID Number": "7925190"
  },
  {
    "ID Number": "7906943"
  },
  {
    "ID Number": "7969210"
  },
  {
    "ID Number": "7907281"
  },
  {
    "ID Number": "7928831"
  },
  {
    "ID Number": "7918682"
  },
  {
    "ID Number": "7918283"
  },
  {
    "ID Number": "7903251"
  },
  {
    "ID Number": "7959591"
  },
  {
    "ID Number": "7975090"
  },
  {
    "ID Number": "7913052"
  },
  {
    "ID Number": "7905084"
  },
  {
    "ID Number": "7945299"
  },
  {
    "ID Number": "7912030"
  },
  {
    "ID Number": "7906013"
  },
  {
    "ID Number": "7942761"
  },
  {
    "ID Number": "7900970"
  },
  {
    "ID Number": "7901615"
  },
  {
    "ID Number": "7901801"
  },
  {
    "ID Number": "7916868"
  },
  {
    "ID Number": "7963378"
  },
  {
    "ID Number": "7963386"
  },
  {
    "ID Number": "7919085"
  },
  {
    "ID Number": "7901909"
  },
  {
    "ID Number": "7939019"
  },
  {
    "ID Number": "7909578"
  },
  {
    "ID Number": "7948654"
  },
  {
    "ID Number": "7923473"
  },
  {
    "ID Number": "7937660"
  },
  {
    "ID Number": "7931514"
  },
  {
    "ID Number": "7916710"
  },
  {
    "ID Number": "7937237"
  },
  {
    "ID Number": "7965753"
  },
  {
    "ID Number": "7946295"
  },
  {
    "ID Number": "7901895"
  },
  {
    "ID Number": "7903855"
  },
  {
    "ID Number": "7902018"
  },
  {
    "ID Number": "7901097"
  },
  {
    "ID Number": "7907184"
  },
  {
    "ID Number": "7936508"
  },
  {
    "ID Number": "7904100"
  },
  {
    "ID Number": "7930879"
  },
  {
    "ID Number": "7973047"
  },
  {
    "ID Number": "7921519"
  },
  {
    "ID Number": "7921802"
  },
  {
    "ID Number": "7917392"
  },
  {
    "ID Number": "7938845"
  },
  {
    "ID Number": "7952619"
  },
  {
    "ID Number": "7903863"
  },
  {
    "ID Number": "7901445"
  },
  {
    "ID Number": "7956630"
  },
  {
    "ID Number": "7931522"
  },
  {
    "ID Number": "7964030"
  },
  {
    "ID Number": "7937539"
  },
  {
    "ID Number": "7962878"
  },
  {
    "ID Number": "7906021"
  },
  {
    "ID Number": "7904860"
  },
  {
    "ID Number": "7900520"
  },
  {
    "ID Number": "7908075"
  },
  {
    "ID Number": "7911696"
  },
  {
    "ID Number": "7900163"
  },
  {
    "ID Number": "7901461"
  },
  {
    "ID Number": "7920296"
  },
  {
    "ID Number": "7975198"
  },
  {
    "ID Number": "7965680"
  },
  {
    "ID Number": "7920300"
  },
  {
    "ID Number": "7971290"
  },
  {
    "ID Number": "7904878"
  },
  {
    "ID Number": "7966571"
  },
  {
    "ID Number": "7900414"
  },
  {
    "ID Number": "7905297"
  },
  {
    "ID Number": "7941404"
  },
  {
    "ID Number": "7951965"
  },
  {
    "ID Number": "7951973"
  },
  {
    "ID Number": "7909020"
  },
  {
    "ID Number": "7921829"
  },
  {
    "ID Number": "7904398"
  },
  {
    "ID Number": "7933797"
  },
  {
    "ID Number": "7902573"
  },
  {
    "ID Number": "7904401"
  },
  {
    "ID Number": "7903944"
  },
  {
    "ID Number": "7910215"
  },
  {
    "ID Number": "7932014"
  },
  {
    "ID Number": "7936915"
  },
  {
    "ID Number": "7904428"
  },
  {
    "ID Number": "7914938"
  },
  {
    "ID Number": "7930348"
  },
  {
    "ID Number": "7903278"
  },
  {
    "ID Number": "7901852"
  },
  {
    "ID Number": "7958382"
  },
  {
    "ID Number": "7970390"
  },
  {
    "ID Number": "7937245"
  },
  {
    "ID Number": "7906030"
  },
  {
    "ID Number": "7951299"
  },
  {
    "ID Number": "7926499"
  },
  {
    "ID Number": "7901275"
  },
  {
    "ID Number": "7906978"
  },
  {
    "ID Number": "7902727"
  },
  {
    "ID Number": "7906986"
  },
  {
    "ID Number": "7962517"
  },
  {
    "ID Number": "7952627"
  },
  {
    "ID Number": "7903618"
  },
  {
    "ID Number": "7912781"
  },
  {
    "ID Number": "7907745"
  },
  {
    "ID Number": "7918623"
  },
  {
    "ID Number": "7903626"
  },
  {
    "ID Number": "7900430"
  },
  {
    "ID Number": "7912498"
  },
  {
    "ID Number": "7902425"
  },
  {
    "ID Number": "7970846"
  },
  {
    "ID Number": "7909080"
  },
  {
    "ID Number": "7901887"
  },
  {
    "ID Number": "7932936"
  },
  {
    "ID Number": "7901810"
  },
  {
    "ID Number": "7902875"
  },
  {
    "ID Number": "7923929"
  },
  {
    "ID Number": "7941013"
  },
  {
    "ID Number": "7965699"
  },
  {
    "ID Number": "7902433"
  },
  {
    "ID Number": "7909489"
  },
  {
    "ID Number": "7928890"
  },
  {
    "ID Number": "7928505"
  },
  {
    "ID Number": "7967268"
  },
  {
    "ID Number": "7917422"
  },
  {
    "ID Number": "7921837"
  },
  {
    "ID Number": "627704"
  },
  {
    "ID Number": "7903880"
  },
  {
    "ID Number": "7973985"
  },
  {
    "ID Number": "7928572"
  },
  {
    "ID Number": "7900589"
  },
  {
    "ID Number": "7922752"
  },
  {
    "ID Number": "7951361"
  },
  {
    "ID Number": "7903111"
  },
  {
    "ID Number": "7938195"
  },
  {
    "ID Number": "7923139"
  },
  {
    "ID Number": "7965761"
  },
  {
    "ID Number": "7918364"
  },
  {
    "ID Number": "7955855"
  },
  {
    "ID Number": "7927738"
  },
  {
    "ID Number": "7900309"
  },
  {
    "ID Number": "7900279"
  },
  {
    "ID Number": "7973098"
  },
  {
    "ID Number": "7973799"
  },
  {
    "ID Number": "7965966"
  },
  {
    "ID Number": "7923155"
  },
  {
    "ID Number": "7954522"
  },
  {
    "ID Number": "7933800"
  },
  {
    "ID Number": "7914539"
  },
  {
    "ID Number": "7958900"
  },
  {
    "ID Number": "7902450"
  },
  {
    "ID Number": "7924291"
  },
  {
    "ID Number": "7911319"
  },
  {
    "ID Number": "7904118"
  },
  {
    "ID Number": "7908768"
  },
  {
    "ID Number": "7966784"
  },
  {
    "ID Number": "7916949"
  },
  {
    "ID Number": "7901364"
  },
  {
    "ID Number": "7943091"
  },
  {
    "ID Number": "26028450"
  },
  {
    "ID Number": "7912811"
  },
  {
    "ID Number": "7946430"
  },
  {
    "ID Number": "7945841"
  },
  {
    "ID Number": "7945850"
  },
  {
    "ID Number": "7930917"
  },
  {
    "ID Number": "7927525"
  },
  {
    "ID Number": "7922906"
  },
  {
    "ID Number": "7951990"
  },
  {
    "ID Number": "7942656"
  },
  {
    "ID Number": "7905050"
  },
  {
    "ID Number": "7904436"
  },
  {
    "ID Number": "7901666"
  },
  {
    "ID Number": "7902735"
  },
  {
    "ID Number": "7902883"
  },
  {
    "ID Number": "7900465"
  },
  {
    "ID Number": "7909438"
  },
  {
    "ID Number": "7932073"
  },
  {
    "ID Number": "7946635"
  },
  {
    "ID Number": "7903960"
  },
  {
    "ID Number": "7903642"
  },
  {
    "ID Number": "7902484"
  },
  {
    "ID Number": "7924968"
  },
  {
    "ID Number": "7901674"
  },
  {
    "ID Number": "7937911"
  },
  {
    "ID Number": "7903669"
  },
  {
    "ID Number": "7944039"
  },
  {
    "ID Number": "7960107"
  },
  {
    "ID Number": "7956010"
  },
  {
    "ID Number": "7906072"
  },
  {
    "ID Number": "7906080"
  },
  {
    "ID Number": "7946040"
  },
  {
    "ID Number": "7923597"
  },
  {
    "ID Number": "7944969"
  },
  {
    "ID Number": "7910533"
  },
  {
    "ID Number": "7901321"
  },
  {
    "ID Number": "7900651"
  },
  {
    "ID Number": "7900090"
  },
  {
    "ID Number": "7919999"
  },
  {
    "ID Number": "7911980"
  },
  {
    "ID Number": "7955197"
  },
  {
    "ID Number": "7929633"
  },
  {
    "ID Number": "7956738"
  },
  {
    "ID Number": "7900031"
  },
  {
    "ID Number": "7948689"
  },
  {
    "ID Number": "7902026"
  },
  {
    "ID Number": "7953577"
  },
  {
    "ID Number": "7952007"
  },
  {
    "ID Number": "7907010"
  },
  {
    "ID Number": "7906110"
  },
  {
    "ID Number": "7922175"
  },
  {
    "ID Number": "7901259"
  },
  {
    "ID Number": "7910916"
  },
  {
    "ID Number": "7938551"
  },
  {
    "ID Number": "7903367"
  },
  {
    "ID Number": "7900333"
  },
  {
    "ID Number": "7953011"
  },
  {
    "ID Number": "7901720"
  },
  {
    "ID Number": "7952023"
  },
  {
    "ID Number": "7900635"
  },
  {
    "ID Number": "7913192"
  },
  {
    "ID Number": "7901003"
  },
  {
    "ID Number": "7913613"
  },
  {
    "ID Number": "7910142"
  },
  {
    "ID Number": "7920890"
  },
  {
    "ID Number": "7960115"
  },
  {
    "ID Number": "7901224"
  },
  {
    "ID Number": "7943610"
  },
  {
    "ID Number": "7944420"
  },
  {
    "ID Number": "7961383"
  },
  {
    "ID Number": "7909977"
  },
  {
    "ID Number": "7944012"
  },
  {
    "ID Number": "7916647"
  },
  {
    "ID Number": "7901534"
  },
  {
    "ID Number": "7965354"
  },
  {
    "ID Number": "7958978"
  },
  {
    "ID Number": "7947658"
  },
  {
    "ID Number": "7905300"
  },
  {
    "ID Number": "7900643"
  },
  {
    "ID Number": "7951426"
  },
  {
    "ID Number": "7939949"
  },
  {
    "ID Number": "7903707"
  },
  {
    "ID Number": "7957211"
  },
  {
    "ID Number": "7922183"
  },
  {
    "ID Number": "7963424"
  },
  {
    "ID Number": "7912099"
  },
  {
    "ID Number": "7956843"
  },
  {
    "ID Number": "7976917"
  },
  {
    "ID Number": "7932677"
  },
  {
    "ID Number": "7968701"
  },
  {
    "ID Number": "7916469"
  },
  {
    "ID Number": "7906137"
  },
  {
    "ID Number": "7912544"
  },
  {
    "ID Number": "7903715"
  },
  {
    "ID Number": "7943377"
  },
  {
    "ID Number": "7926510"
  },
  {
    "ID Number": "7906153"
  },
  {
    "ID Number": "7926529"
  },
  {
    "ID Number": "7932952"
  },
  {
    "ID Number": "7932960"
  },
  {
    "ID Number": "7900562"
  },
  {
    "ID Number": "7949740"
  },
  {
    "ID Number": "7973837"
  },
  {
    "ID Number": "7904460"
  },
  {
    "ID Number": "7946554"
  },
  {
    "ID Number": "7924518"
  },
  {
    "ID Number": "7953615"
  },
  {
    "ID Number": "7900376"
  },
  {
    "ID Number": "7950594"
  },
  {
    "ID Number": "7961561"
  },
  {
    "ID Number": "7939051"
  },
  {
    "ID Number": "7956037"
  },
  {
    "ID Number": "7907044"
  },
  {
    "ID Number": "7976003"
  },
  {
    "ID Number": "7928718"
  },
  {
    "ID Number": "7917090"
  },
  {
    "ID Number": "7911289"
  },
  {
    "ID Number": "7906170"
  },
  {
    "ID Number": "7933053"
  },
  {
    "ID Number": "7951450"
  },
  {
    "ID Number": "7900104"
  },
  {
    "ID Number": "7940190"
  },
  {
    "ID Number": "7908407"
  },
  {
    "ID Number": "7953232"
  },
  {
    "ID Number": "7944640"
  },
  {
    "ID Number": "7955537"
  },
  {
    "ID Number": "7943873"
  },
  {
    "ID Number": "7938560"
  },
  {
    "ID Number": "7938632"
  },
  {
    "ID Number": "7905238"
  },
  {
    "ID Number": "7927533"
  },
  {
    "ID Number": "7901631"
  },
  {
    "ID Number": "7900902"
  },
  {
    "ID Number": "7933789"
  },
  {
    "ID Number": "7962533"
  },
  {
    "ID Number": "7907923"
  },
  {
    "ID Number": "7916957"
  },
  {
    "ID Number": "7940742"
  },
  {
    "ID Number": "7922760"
  },
  {
    "ID Number": "7900384"
  },
  {
    "ID Number": "7902905"
  },
  {
    "ID Number": "7949170"
  },
  {
    "ID Number": "7902913"
  },
  {
    "ID Number": "7904959"
  },
  {
    "ID Number": "7952929"
  },
  {
    "ID Number": "7934033"
  },
  {
    "ID Number": "7911785"
  },
  {
    "ID Number": "7903308"
  },
  {
    "ID Number": "7918135"
  },
  {
    "ID Number": "7907761"
  },
  {
    "ID Number": "7908873"
  },
  {
    "ID Number": "7951485"
  },
  {
    "ID Number": "7906226"
  },
  {
    "ID Number": "7955863"
  },
  {
    "ID Number": "7912560"
  },
  {
    "ID Number": "7904134"
  },
  {
    "ID Number": "7961421"
  },
  {
    "ID Number": "7924976"
  },
  {
    "ID Number": "7919212"
  },
  {
    "ID Number": "7920326"
  },
  {
    "ID Number": "7911793"
  },
  {
    "ID Number": "7971052"
  },
  {
    "ID Number": "7974248"
  },
  {
    "ID Number": "7916744"
  },
  {
    "ID Number": "7910932"
  },
  {
    "ID Number": "7924534"
  },
  {
    "ID Number": "7947160"
  },
  {
    "ID Number": "7901399"
  },
  {
    "ID Number": "7901232"
  },
  {
    "ID Number": "7976640"
  },
  {
    "ID Number": "7932995"
  },
  {
    "ID Number": "7921136"
  },
  {
    "ID Number": "7902972"
  },
  {
    "ID Number": "7925883"
  },
  {
    "ID Number": "7965648"
  },
  {
    "ID Number": "7971524"
  },
  {
    "ID Number": "7975139"
  },
  {
    "ID Number": "7924542"
  },
  {
    "ID Number": "7946333"
  },
  {
    "ID Number": "7957343"
  },
  {
    "ID Number": "7957351"
  },
  {
    "ID Number": "7907060"
  },
  {
    "ID Number": "7907079"
  },
  {
    "ID Number": "7962541"
  },
  {
    "ID Number": "7906587"
  },
  {
    "ID Number": "7960123"
  },
  {
    "ID Number": "7924569"
  },
  {
    "ID Number": "7968272"
  },
  {
    "ID Number": "7976720"
  },
  {
    "ID Number": "7906277"
  }
]