[
  {
    "ID Number": "4205707"
  },
  {
    "ID Number": "5907284"
  },
  {
    "ID Number": "5907101"
  },
  {
    "ID Number": "5907055"
  },
  {
    "ID Number": "5906059"
  },
  {
    "ID Number": "336104997"
  },
  {
    "ID Number": "5909376"
  },
  {
    "ID Number": "5904579"
  },
  {
    "ID Number": "5901030"
  },
  {
    "ID Number": "5904293"
  },
  {
    "ID Number": "5904390"
  },
  {
    "ID Number": "5905753"
  },
  {
    "ID Number": "5903491"
  },
  {
    "ID Number": "5900468"
  },
  {
    "ID Number": "5904285"
  },
  {
    "ID Number": "5906563"
  },
  {
    "ID Number": "4120639"
  },
  {
    "ID Number": "5905575"
  },
  {
    "ID Number": "5909546"
  },
  {
    "ID Number": "5911621"
  },
  {
    "ID Number": "5903556"
  },
  {
    "ID Number": "25886150"
  },
  {
    "ID Number": "5901618"
  },
  {
    "ID Number": "5900247"
  },
  {
    "ID Number": "5905508"
  },
  {
    "ID Number": "5900620"
  },
  {
    "ID Number": "5900956"
  },
  {
    "ID Number": "5900638"
  },
  {
    "ID Number": "5908892"
  },
  {
    "ID Number": "5903262"
  },
  {
    "ID Number": "5908884"
  },
  {
    "ID Number": "5900760"
  },
  {
    "ID Number": "5908205"
  },
  {
    "ID Number": "5903564"
  },
  {
    "ID Number": "4154533"
  },
  {
    "ID Number": "5905702"
  },
  {
    "ID Number": "5906113"
  },
  {
    "ID Number": "5911060"
  },
  {
    "ID Number": "5905826"
  },
  {
    "ID Number": "5900476"
  },
  {
    "ID Number": "5911346"
  },
  {
    "ID Number": "5910080"
  },
  {
    "ID Number": "5907985"
  },
  {
    "ID Number": "5902576"
  },
  {
    "ID Number": "5911516"
  },
  {
    "ID Number": "5900786"
  },
  {
    "ID Number": "5908230"
  },
  {
    "ID Number": "5905427"
  },
  {
    "ID Number": "5906750"
  },
  {
    "ID Number": "5905184"
  },
  {
    "ID Number": "5905281"
  },
  {
    "ID Number": "5906121"
  },
  {
    "ID Number": "5902207"
  },
  {
    "ID Number": "5904544"
  },
  {
    "ID Number": "5912849"
  },
  {
    "ID Number": "5900328"
  },
  {
    "ID Number": "5906229"
  },
  {
    "ID Number": "5907110"
  },
  {
    "ID Number": "5907241"
  },
  {
    "ID Number": "5911630"
  },
  {
    "ID Number": "5902355"
  },
  {
    "ID Number": "5900336"
  },
  {
    "ID Number": "5906598"
  },
  {
    "ID Number": "5906768"
  },
  {
    "ID Number": "5909244"
  },
  {
    "ID Number": "5904358"
  },
  {
    "ID Number": "25873520"
  },
  {
    "ID Number": "5904889"
  },
  {
    "ID Number": "5903211"
  },
  {
    "ID Number": "5902606"
  },
  {
    "ID Number": "5907446"
  },
  {
    "ID Number": "5911087"
  },
  {
    "ID Number": "5904420"
  },
  {
    "ID Number": "90101677"
  },
  {
    "ID Number": "5900808"
  },
  {
    "ID Number": "5900344"
  },
  {
    "ID Number": "5911435"
  },
  {
    "ID Number": "5900379"
  },
  {
    "ID Number": "5914108"
  },
  {
    "ID Number": "5904978"
  },
  {
    "ID Number": "5904790"
  },
  {
    "ID Number": "5908183"
  },
  {
    "ID Number": "5900352"
  },
  {
    "ID Number": "5907128"
  },
  {
    "ID Number": "5900360"
  },
  {
    "ID Number": "5907136"
  },
  {
    "ID Number": "5903351"
  },
  {
    "ID Number": "5905109"
  },
  {
    "ID Number": "5912423"
  },
  {
    "ID Number": "5904781"
  },
  {
    "ID Number": "5901073"
  },
  {
    "ID Number": "5904706"
  },
  {
    "ID Number": "5901090"
  },
  {
    "ID Number": "5903750"
  },
  {
    "ID Number": "5912822"
  },
  {
    "ID Number": "5903092"
  },
  {
    "ID Number": "5910862"
  },
  {
    "ID Number": "5912091"
  },
  {
    "ID Number": "5909015"
  },
  {
    "ID Number": "5901839"
  },
  {
    "ID Number": "5900832"
  },
  {
    "ID Number": "5901103"
  },
  {
    "ID Number": "5906083"
  },
  {
    "ID Number": "5907306"
  },
  {
    "ID Number": "5900085"
  },
  {
    "ID Number": "5909333"
  },
  {
    "ID Number": "5905133"
  },
  {
    "ID Number": "5901766"
  },
  {
    "ID Number": "5905818"
  },
  {
    "ID Number": "5904854"
  },
  {
    "ID Number": "5908990"
  },
  {
    "ID Number": "5904609"
  },
  {
    "ID Number": "5904374"
  },
  {
    "ID Number": "5904366"
  },
  {
    "ID Number": "5904404"
  },
  {
    "ID Number": "5912113"
  },
  {
    "ID Number": "5904692"
  },
  {
    "ID Number": "5902657"
  },
  {
    "ID Number": "5904013"
  },
  {
    "ID Number": "5911176"
  },
  {
    "ID Number": "5900174"
  },
  {
    "ID Number": "5901111"
  },
  {
    "ID Number": "5903076"
  },
  {
    "ID Number": "5913276"
  },
  {
    "ID Number": "5913039"
  },
  {
    "ID Number": "5904242"
  },
  {
    "ID Number": "5905907"
  },
  {
    "ID Number": "5909007"
  },
  {
    "ID Number": "5901022"
  },
  {
    "ID Number": "5907802"
  },
  {
    "ID Number": "5904218"
  },
  {
    "ID Number": "5902100"
  },
  {
    "ID Number": "5904803"
  },
  {
    "ID Number": "5901979"
  },
  {
    "ID Number": "5900310"
  },
  {
    "ID Number": "5905834"
  },
  {
    "ID Number": "5901120"
  },
  {
    "ID Number": "5911109"
  },
  {
    "ID Number": "5905842"
  },
  {
    "ID Number": "5904927"
  },
  {
    "ID Number": "5912148"
  },
  {
    "ID Number": "5900158"
  },
  {
    "ID Number": "5911117"
  },
  {
    "ID Number": "5909627"
  },
  {
    "ID Number": "5903475"
  },
  {
    "ID Number": "5905729"
  },
  {
    "ID Number": "5908639"
  },
  {
    "ID Number": "4216199"
  },
  {
    "ID Number": "5909147"
  },
  {
    "ID Number": "5901502"
  },
  {
    "ID Number": "5910714"
  },
  {
    "ID Number": "5904250"
  },
  {
    "ID Number": "5904269"
  },
  {
    "ID Number": "5904188"
  },
  {
    "ID Number": "5900417"
  },
  {
    "ID Number": "5908191"
  },
  {
    "ID Number": "5906520"
  },
  {
    "ID Number": "5909953"
  },
  {
    "ID Number": "5904625"
  },
  {
    "ID Number": "5904617"
  },
  {
    "ID Number": "5905141"
  },
  {
    "ID Number": "5905320"
  },
  {
    "ID Number": "5911354"
  },
  {
    "ID Number": "5900298"
  },
  {
    "ID Number": "34390146"
  },
  {
    "ID Number": "5900425"
  },
  {
    "ID Number": "5909732"
  },
  {
    "ID Number": "5904773"
  },
  {
    "ID Number": "5900859"
  },
  {
    "ID Number": "5905982"
  },
  {
    "ID Number": "5908973"
  },
  {
    "ID Number": "5901154"
  },
  {
    "ID Number": "5901243"
  },
  {
    "ID Number": "5903521"
  },
  {
    "ID Number": "5900433"
  },
  {
    "ID Number": "5907152"
  },
  {
    "ID Number": "5900018"
  },
  {
    "ID Number": "5904633"
  },
  {
    "ID Number": "5900166"
  },
  {
    "ID Number": "5903360"
  },
  {
    "ID Number": "5905656"
  },
  {
    "ID Number": "5901871"
  },
  {
    "ID Number": "5913136"
  },
  {
    "ID Number": "5906148"
  },
  {
    "ID Number": "5906865"
  },
  {
    "ID Number": "5911133"
  },
  {
    "ID Number": "5901472"
  },
  {
    "ID Number": "5910110"
  },
  {
    "ID Number": "5909457"
  },
  {
    "ID Number": "5911656"
  },
  {
    "ID Number": "5901758"
  },
  {
    "ID Number": "5902002"
  },
  {
    "ID Number": "5907080"
  },
  {
    "ID Number": "5901162"
  },
  {
    "ID Number": "5911931"
  },
  {
    "ID Number": "5906180"
  },
  {
    "ID Number": "5906873"
  },
  {
    "ID Number": "5906776"
  },
  {
    "ID Number": "42127521"
  },
  {
    "ID Number": "5902720"
  },
  {
    "ID Number": "5909848"
  },
  {
    "ID Number": "5905125"
  },
  {
    "ID Number": "5911745"
  },
  {
    "ID Number": "5905419"
  },
  {
    "ID Number": "5906679"
  },
  {
    "ID Number": "5906784"
  },
  {
    "ID Number": "5911575"
  },
  {
    "ID Number": "5905761"
  },
  {
    "ID Number": "5903173"
  },
  {
    "ID Number": "4218612"
  },
  {
    "ID Number": "5905850"
  },
  {
    "ID Number": "5907217"
  },
  {
    "ID Number": "5901170"
  },
  {
    "ID Number": "5903386"
  },
  {
    "ID Number": "5900280"
  },
  {
    "ID Number": "5908957"
  },
  {
    "ID Number": "5900549"
  },
  {
    "ID Number": "5906687"
  },
  {
    "ID Number": "5905672"
  },
  {
    "ID Number": "5908647"
  },
  {
    "ID Number": "1205838"
  },
  {
    "ID Number": "5905117"
  },
  {
    "ID Number": "5904862"
  },
  {
    "ID Number": "5913845"
  },
  {
    "ID Number": "5900557"
  },
  {
    "ID Number": "5910005"
  },
  {
    "ID Number": "5911940"
  },
  {
    "ID Number": "5902134"
  },
  {
    "ID Number": "5905710"
  },
  {
    "ID Number": "5904650"
  },
  {
    "ID Number": "5913004"
  },
  {
    "ID Number": "5900492"
  },
  {
    "ID Number": "5910986"
  },
  {
    "ID Number": "5909899"
  },
  {
    "ID Number": "5906296"
  },
  {
    "ID Number": "5911141"
  },
  {
    "ID Number": "5902860"
  },
  {
    "ID Number": "5907357"
  },
  {
    "ID Number": "5905230"
  },
  {
    "ID Number": "5905249"
  },
  {
    "ID Number": "5901707"
  },
  {
    "ID Number": "5906881"
  },
  {
    "ID Number": "5904552"
  },
  {
    "ID Number": "5905486"
  },
  {
    "ID Number": "5905265"
  },
  {
    "ID Number": "5905770"
  },
  {
    "ID Number": "5905788"
  },
  {
    "ID Number": "5905389"
  },
  {
    "ID Number": "4262344"
  },
  {
    "ID Number": "5900077"
  },
  {
    "ID Number": "5900026"
  },
  {
    "ID Number": "5911168"
  },
  {
    "ID Number": "5906156"
  },
  {
    "ID Number": "5904455"
  },
  {
    "ID Number": "5903629"
  },
  {
    "ID Number": "5903645"
  },
  {
    "ID Number": "5900670"
  },
  {
    "ID Number": "5905940"
  },
  {
    "ID Number": "5908981"
  },
  {
    "ID Number": "5901936"
  },
  {
    "ID Number": "5905079"
  },
  {
    "ID Number": "5904919"
  },
  {
    "ID Number": "5905460"
  },
  {
    "ID Number": "5904684"
  },
  {
    "ID Number": "5904528"
  },
  {
    "ID Number": "5907586"
  },
  {
    "ID Number": "5907365"
  },
  {
    "ID Number": "5911303"
  },
  {
    "ID Number": "5913195"
  },
  {
    "ID Number": "5906989"
  },
  {
    "ID Number": "5909279"
  },
  {
    "ID Number": "5911613"
  },
  {
    "ID Number": "5907390"
  },
  {
    "ID Number": "5906199"
  },
  {
    "ID Number": "5905699"
  },
  {
    "ID Number": "5900140"
  },
  {
    "ID Number": "5902339"
  },
  {
    "ID Number": "5901545"
  },
  {
    "ID Number": "5903130"
  },
  {
    "ID Number": "5903840"
  },
  {
    "ID Number": "5905214"
  },
  {
    "ID Number": "5906202"
  },
  {
    "ID Number": "5906890"
  },
  {
    "ID Number": "25892932"
  },
  {
    "ID Number": "5901197"
  },
  {
    "ID Number": "5904668"
  },
  {
    "ID Number": "5904676"
  },
  {
    "ID Number": "5905346"
  },
  {
    "ID Number": "5909864"
  },
  {
    "ID Number": "5906822"
  },
  {
    "ID Number": "5900514"
  },
  {
    "ID Number": "5909708"
  },
  {
    "ID Number": "5902177"
  },
  {
    "ID Number": "5912997"
  },
  {
    "ID Number": "5901219"
  },
  {
    "ID Number": "5910978"
  },
  {
    "ID Number": "5902150"
  },
  {
    "ID Number": "5900603"
  },
  {
    "ID Number": "5910803"
  },
  {
    "ID Number": "5905001"
  },
  {
    "ID Number": "5909082"
  },
  {
    "ID Number": "5902096"
  },
  {
    "ID Number": "5904560"
  }
]