ID Number,Name,Fed,Sex,Title,WTit,OTit,Rating,Gms,K,RatingMonth,B-day,Flag
13616609,"Abakelia, Gocha",GEO,M,,,,1628,0,20,AUG25,1971,i
13620754,"Abakelia, Mariam",GEO,F,,,,1587,0,40,AUG25,2007,wi
13626850,"Abesadze, Tamaz",GEO,M,,,,1809,0,40,AUG25,1964,
13638300,"Absandze, Nikoloz",GEO,M,,,,1444,0,40,AUG25,2009,i
13602900,"Absava, Giorgi",GEO,M,,,,2131,0,20,AUG25,1985,i
13636812,"Abuladze, Ilia",GEO,M,,,,1548,0,40,AUG25,2014,
13620797,"Abuladze, Natali",GEO,F,,,,1515,0,40,AUG25,2008,wi
13614584,"Adamia, Jaba",GEO,M,,,,1807,0,20,AUG25,2005,
13603329,"Adeishvili, Nino",GEO,F,,,,1957,0,20,AUG25,1988,wi
13640720,"Agulashvili, Nini",GEO,F,,,,1413,0,40,AUG25,2012,wi
13609351,"Akhaladze, Beka",GEO,M,,,,AIM,1881,0,AUG25,1991,i
13619403,"Akhalaia, Saba",GEO,M,,,,1744,0,40,AUG25,2007,i
13617362,"Akhverdyan, Giorgi",GEO,M,,,,1706,0,20,AUG25,2002,i
13601938,"Akhvlediani, Irakli",GEO,M,IM,,,2295,0,20,AUG25,2000,
13629816,"Akhvlediani, Nikoloz",GEO,M,,,,1827,0,20,AUG25,2005,i
13636073,"Akobidze, Levan",GEO,M,,,,AFM,1575,0,AUG25,1999,i
13640607,"Akopashvili, Alexandre",GEO,M,,,,1691,0,40,AUG25,2013,
13643681,"Akopashvili, Andria",GEO,M,,,,1452,0,40,AUG25,2016,
13610260,"Alakhverdiev, Araz",GEO,M,FM,,,2122,0,20,AUG25,1983,i
13636103,"Alalidze, Saba",GEO,M,,,,AIM,1792,0,AUG25,2004,
13616544,"Alikhanashvili, Giuli",GEO,F,,,,1885,0,20,AUG25,1960,wi
13636006,"Alshibaia, Nikoloz",GEO,M,,,,1646,0,40,AUG25,2013,
13611089,"Amiridze, Saba",GEO,M,,,,1827,0,20,AUG25,1999,i
13603728,"Amirkhanashvili, Archil",GEO,M,,,,2028,0,20,AUG25,1991,
13635220,"Amkoladze, Otar",GEO,M,,,,1453,0,40,AUG25,2010,
13603710,"Ananiashvili, Levan",GEO,M,,,,1625,0,20,AUG25,1964,i
13613685,"Anchabadze, Zurab",GEO,M,,,,1702,0,20,AUG25,1992,i
13625950,"Andriadze, Zurab",GEO,M,,,,1617,0,20,AUG25,1988,i
13642758,"Antadze, Andria",GEO,M,,,,1562,0,40,AUG25,2011,
13625330,"Antelava, Dimitri",GEO,M,,,,1493,0,40,AUG25,2009,i
13618610,"Antia, Sopia",GEO,F,,,,1682,0,20,AUG25,2004,wi
13622315,"Apkhazava, Mikheil",GEO,M,,,,1779,0,40,AUG25,2007,i
13629590,"Arabidze, Demetre",GEO,M,,,,1513,0,40,AUG25,2009,i
13604040,"Arabidze, Meri",GEO,F,IM,WGM,,2333,2,10,AUG25,1994,w
13611054,"Arabidze, Saba",GEO,M,,,,1846,0,20,AUG25,2000,i
13614835,"Arevadze, Lasha",GEO,M,,,,1761,0,20,AUG25,1999,i
13639269,"Arigovi, Gabriel",GEO,M,,,,1433,0,40,AUG25,2012,
13610511,"Arjevanidze, Tornike",GEO,M,,,,1777,0,20,AUG25,1998,i
13645013,"Arsenashvili, Vache",GEO,M,,,,1547,0,40,AUG25,2016,i
13624733,"Arsenidze, Giorgi",GEO,M,,,,1572,0,40,AUG25,2010,
13633473,"Arsenidze, Tekla",GEO,M,,,,1438,0,40,AUG25,2012,
13639277,"Arsenidze, Tsotne",GEO,M,,,,1464,0,40,AUG25,2015,
13601741,"Arutinian, David",GEO,M,GM,,,2496,0,10,AUG25,1984,i
13629603,"Arutinov, Andria",GEO,M,,,,1533,0,40,AUG25,2011,i
13636715,"Asatiani, Natali",GEO,F,,,,1553,0,40,AUG25,2014,w
13625187,"Ashotia, Barbare",GEO,F,,,,1789,0,40,AUG25,2011,w
13637037,"Askerov, Nugzari",GEO,M,,,,1510,0,40,AUG25,2011,i
13622510,"Avetisov, Kamo",GEO,M,,,,1949,0,20,AUG25,1969,i
13622323,"Avetisov, Nikoloz",GEO,M,,,,1501,0,40,AUG25,2007,i
13603027,"Azaladze, Shota",GEO,M,IM,,,2435,0,10,AUG25,1989,i
13644475,"Azarashvili, Anton",GEO,M,,,,1476,0,40,AUG25,1975,i
13618644,"Azariashvili, Beka",GEO,M,,,,1666,0,20,AUG25,1988,i
13640100,"Azmaiparashvili, Mirian",GEO,M,,,,1438,0,40,AUG25,2013,
13601326,"Azmaiparashvili, Zurab",GEO,M,GM,,,2619,0,10,AUG25,1960,i
13611399,"Babukhadia, Levan",GEO,M,,,,1966,0,20,AUG25,2001,i
13622471,"Babunadze, Giorgi",GEO,M,,,,1667,0,20,AUG25,2000,i
13600133,"Bagaturov, Giorgi",GEO,M,GM,,,2347,0,10,AUG25,1964,i
13621726,"Baghdoshvili, Dato",GEO,M,,,,1431,0,40,AUG25,2008,i
13627767,"Baghishvili, Petre",GEO,M,,,,1473,0,20,AUG25,2004,i
13611577,"Baiashvili, Giorgi",GEO,M,,,,1704,0,20,AUG25,1986,i
13644327,"Bairamov, Rafael",GEO,M,,,,1493,0,40,AUG25,2014,
13630334,"Bakhtadze, Giorgi",GEO,M,,,,1439,0,20,AUG25,2004,i
13601881,"Bakhtadze, Khvicha",GEO,M,,,,2274,0,20,AUG25,1975,i
13602420,"Bakhtadze, Levan",GEO,M,,,,2069,0,20,AUG25,1986,i
13626256,"Bakhtadze, Mate",GEO,M,,,,1424,0,40,AUG25,2010,i
13634445,"Bakhtadze, Nia",GEO,F,,,,1422,0,40,AUG25,2013,wi
13613057,"Bandzava, Mamuka",GEO,M,,,,1738,0,20,AUG25,1972,
13628240,"Bandzeladze, Beka",GEO,M,,,,1851,0,20,AUG25,1989,i
13640925,"Bantsadze, Nikoloz",GEO,M,,,,1480,0,40,AUG25,2012,
13637150,"Basentsyan, Vanik",GEO,M,,,,1428,0,40,AUG25,2011,i
13621106,"Basiladze, Vakhtang",GEO,M,,,,1794,0,20,AUG25,1984,i
13637533,"Baskuridze, Shota",GEO,M,,,,1716,0,20,AUG25,1950,i
13602993,"Batsiashvili, Nino",GEO,F,GM,WGM,,2346,0,10,AUG25,1987,w
13632175,"Bechvaia, Anastasia",GEO,F,,,,1452,0,40,AUG25,2012,wi
13615777,"Bechvaia, Ekaterine",GEO,F,,,,1618,0,20,AUG25,2003,wi
13609050,"Bechvaia, Gabriel",GEO,M,,,,1825,0,20,AUG25,1996,
13610937,"Bechvaia, Giorgi",GEO,M,,,,1967,0,20,AUG25,1998,i
13620762,"Bechvaia, Grigol",GEO,M,,,,1731,0,40,AUG25,2008,
13620185,"Bechvaia, Ketevan",GEO,F,,,,1447,0,20,AUG25,2006,wi
13627384,"Bechvaia, Kristine",GEO,F,,,,1439,0,40,AUG25,2010,wi
13613294,"Bechvaia, Maia",GEO,F,,,,1810,0,20,AUG25,2002,wi
13620240,"Bechvaia, Nugzar",GEO,M,,,,1478,0,20,AUG25,1958,i
13619756,"Bechvaia, Tekle",GEO,F,,,,1477,0,20,AUG25,2005,wi
13600117,"Bedinadze, Dimitri",GEO,M,,,,1743,0,40,AUG25,1997,i
13650050,"Bedoshvili, Andria",GEO,M,,,,1419,0,40,AUG25,2012,
13616927,"Bedoshvili, Dea",GEO,F,,,,1844,0,20,AUG25,2004,wi
13623893,"Begiashvili, Levan",GEO,M,,,,1475,0,40,AUG25,2010,i
13612484,"Beitrishvili, Salome",GEO,F,,,,1561,0,40,AUG25,2005,wi
13621491,"Bekauri, Giorgi",GEO,M,,,,1554,0,40,AUG25,2009,
13610368,"Belkania, Giorgi",GEO,M,,,,1799,0,20,AUG25,1975,i
13634453,"Beltadze, Ana",GEO,M,,,,1450,0,40,AUG25,2013,
13617567,"Beltadze, Mariam",GEO,F,,,,1500,0,20,AUG25,2005,w
13619080,"Bendeliani, Davit",GEO,M,,,,1551,0,20,AUG25,2000,i
13617486,"Bendeliani, Giorgi",GEO,M,,,,1713,0,20,AUG25,2000,i
13613766,"Benglyan, Alexandre",GEO,M,,,,1612,0,20,AUG25,2002,i
13603086,"Benidze, Davit",GEO,M,GM,,,2449,0,10,AUG25,1991,
13604597,"Beradze, Irakli",GEO,M,IM,,,2457,0,10,AUG25,1996,i
13603841,"Beraia, Levan",GEO,M,,,,1917,0,20,AUG25,1991,i
13621114,"Beraia, Tiko",GEO,F,,,,1429,0,40,AUG25,2009,wi
13633066,"Beridze, Mate",GEO,M,,,,1488,0,40,AUG25,2009,i
13650963,"Beridze, Mate",GEO,M,,,,1568,0,40,AUG25,2017,
13622951,"Beridze, Mirian",GEO,M,,,,1657,0,20,AUG25,2004,i
13617664,"Beridze, Nikoloz",GEO,M,,,,1685,0,20,AUG25,2000,i
13643169,"Beridze, Nodar",GEO,M,,,,1597,0,40,AUG25,1960,i
13642766,"Beridze, Sopo",GEO,F,,,,1476,0,40,AUG25,2012,w
13603400,"Beridze, Tinatin",GEO,F,WCM,WCM,,1985,0,20,AUG25,1991,wi
13638114,"Berishvili, Alexandre",GEO,M,,,,1639,0,40,AUG25,2016,
13636480,"Berishvili, Davit",GEO,M,,,,1576,0,40,AUG25,2012,
13649850,"Berulava, Luka",GEO,M,,,,1691,0,40,AUG25,2000,
13629425,"Bezhashvili, Davit",GEO,M,,,,1456,0,40,AUG25,2006,i
13607880,"Bibichadze, Saba",GEO,M,,,,1804,0,20,AUG25,1998,i
13601873,"Bibilashvili, Giorgi",GEO,M,,,,2093,0,20,AUG25,1946,i
13604236,"Bibilashvili, Lali",GEO,F,WCM,WCM,,1888,0,20,AUG25,1985,w
13615068,"Bibilashvili, Liana",GEO,F,,,,1793,0,20,AUG25,1955,wi
13610317,"Bibilashvili, Zurab",GEO,M,,,,1905,0,20,AUG25,1979,i
13617338,"Biliseishvili, Ilia",GEO,M,,,,1713,0,20,AUG25,2003,i
13634356,"Bitsadze, Luka",GEO,M,,,,1433,0,40,AUG25,2010,
13606778,"Bobokhidze, Giorgi",GEO,M,,,,1612,0,20,AUG25,2000,i
13610449,"Bobokhidze, Shota",GEO,M,,,,1776,0,20,AUG25,1996,i
13603663,"Bokuchava, Madona",GEO,F,WFM,WFM,,2051,0,20,AUG25,1990,wi
13632183,"Bokuchava, Mamuka",GEO,M,,,,1428,0,40,AUG25,2011,i
13635468,"Bolashvili, Nikoloz",GEO,M,,,,1679,0,20,AUG25,2006,i
13625861,"Bolkvadze, Badri",GEO,M,,,,1707,0,20,AUG25,1967,i
13624679,"Bolkvadze, Mikheil",GEO,M,,,,1552,0,20,AUG25,1988,i
13620568,"Bolkvadze, Saba",GEO,M,,,,1508,0,40,AUG25,2009,i
13611402,"Bolkvadze, Tedo",GEO,M,,,,1762,0,20,AUG25,2001,i
13613103,"Bondarenko, Genadi",GEO,M,,,,1804,0,20,AUG25,1954,i
13604732,"Bosikashvili, Giorgi",GEO,M,,,,1848,0,20,AUG25,1997,i
13603264,"Bregadze, Levan",GEO,M,IM,,,2421,0,10,AUG25,1992,i
13624113,"Bregadze, Nika",GEO,M,,,,1710,0,20,AUG25,2002,i
13621742,"Bregvadze, Mikheil",GEO,M,,,,1561,0,40,AUG25,2007,i
13616242,"Brekashvili, Shota",GEO,M,,,,1561,0,40,AUG25,2005,i
13627627,"Buadze, Nodar",GEO,M,,,,1473,0,40,AUG25,2006,i
13634780,"Bukhaidze, Giorgi",GEO,M,,,,1405,0,40,AUG25,2013,
13606786,"Bukia, Koka",GEO,M,,,,1776,0,20,AUG25,2001,i
13618849,"Bukia, Nika",GEO,M,,,,1686,0,40,AUG25,2006,i
13600435,"Burduli, Guga",GEO,M,,,,1951,0,20,AUG25,1996,i
13620533,"Burjanadze, Zurab",GEO,M,,,,1621,0,40,AUG25,2005,i
13619659,"Butsashvili, Dachi",GEO,M,,,,1495,0,20,AUG25,2000,i
13634470,"Buzaladze, Lia",GEO,F,,,,1462,0,40,AUG25,2011,w
13631462,"Chabashvili, Saba",GEO,M,,,,1485,0,40,AUG25,2011,i
13623320,"Chabashvili, Tekla",GEO,F,,,,1436,0,40,AUG25,2008,wi
13603019,"Chabradze, Boris",GEO,M,,,,2096,0,20,AUG25,1976,i
13612166,"Chachiachvili, Mariam",GEO,F,,,,1846,0,20,AUG25,2000,wi
13610082,"Chachua, Gocha",GEO,M,,FA,,1998,0,20,AUG25,1976,i
13616862,"Chakhalyan, Davit",GEO,M,,,,1860,0,20,AUG25,2003,i
13606808,"Chakvetadze, Tornike",GEO,M,,,,1556,0,20,AUG25,2000,i
13624920,"Chaladze, Giorgi",GEO,M,,,,1742,0,40,AUG25,2010,
13631306,"Chankseliani, Davit",GEO,M,,,,1721,0,40,AUG25,2011,
13619330,"Chanturia, Amiran",GEO,M,,,,1679,0,20,AUG25,1955,i
13606530,"Chanturia, Ani",GEO,F,,,,1920,0,20,AUG25,1999,wi
13621149,"Chanturia, Giorgi Gio",GEO,M,,,,1747,0,40,AUG25,2009,
13620460,"Chanturia, Giorgi Mal",GEO,M,,,,1603,0,40,AUG25,2009,i
13612220,"Chanturia, Lasha",GEO,M,,,,1853,0,20,AUG25,1991,i
13618857,"Chanturia, Lika",GEO,F,,,,1598,0,40,AUG25,2005,wi
13634488,"Chanturia, Mariam",GEO,F,,,,1407,0,40,AUG25,2012,w
13619390,"Chanturia, Shota",GEO,M,,,,2228,0,20,AUG25,1991,i
13603175,"Chanturia, Tamar",GEO,F,,,,1736,0,20,AUG25,1960,wi
13607359,"Chanturidze, Giorgi",GEO,M,,,,1526,0,20,AUG25,1954,
13628232,"Chargazia, Gabriel",GEO,M,,,,1425,0,40,AUG25,2009,i
13601431,"Charkhalashvili, Inga",GEO,F,WGM,WGM,,2235,0,20,AUG25,1983,w
13616935,"Cherkezishvili, Natia",GEO,F,,,,1437,0,40,AUG25,2005,wi
13600036,"Chiburdanidze, Maia",GEO,F,GM,WGM,,2432,0,10,AUG25,1961,wi
13634810,"Chichinadze, Anastasia",GEO,F,,,,1651,0,40,AUG25,2012,w
13602039,"Chighladze, Iveri",GEO,M,IM,,,2182,0,20,AUG25,1984,i
13626094,"Chighladze, Mariam",GEO,F,,,,1497,0,40,AUG25,2008,wi
13628666,"Chighvaria, Ana",GEO,F,,,,1505,0,40,AUG25,2009,w
13640933,"Chighvaria, Sandro",GEO,M,,,,1454,0,40,AUG25,2011,
13634143,"Chighvinadze, Luca",GEO,M,,,,1509,0,40,AUG25,2012,i
13634151,"Chighvinadze, Robert",GEO,M,,,,1432,0,40,AUG25,2014,i
13607553,"Chigogidze, Nika",GEO,M,,,,1783,0,20,AUG25,1993,i
13636286,"Chikhladze, Ilia",GEO,M,,,,1602,0,40,AUG25,2012,
13605186,"Chikhradze, Khvicha",GEO,M,,,,1738,0,20,AUG25,1992,i
13610104,"Chikhradze, Nodar",GEO,M,,,,1411,0,20,AUG25,1962,i
13617281,"Chikovani, Ramaz",GEO,M,,,,1655,0,20,AUG25,1944,i
13601571,"Chikovani, Vakhtang",GEO,M,CM,,,2088,0,20,AUG25,1980,i
13625039,"Chikvaidze, Saba",GEO,M,,,,1445,0,40,AUG25,2005,i
13629905,"Chikviladze, Mate",GEO,M,,,,1457,0,40,AUG25,2010,
13634496,"Chiokadze, Barbare",GEO,F,,,,1499,0,40,AUG25,2013,w
13600583,"Chipashvili, Mikheil",GEO,M,,,,2161,0,20,AUG25,1953,i
13635883,"Chitadze, Davit",GEO,M,,,,1455,0,40,AUG25,2013,i
13602977,"Chitadze, Roman",GEO,M,,,,2199,0,20,AUG25,1988,i
13632108,"Chitanava, Saba",GEO,M,,,,1513,0,40,AUG25,2012,i
13636014,"Chivadze, Andria",GEO,M,,,,1536,0,40,AUG25,2013,
13648900,"Chkhaberidze, Avtandil",GEO,M,,,,1455,0,40,AUG25,2009,
13610686,"Chkhaidze, Ani",GEO,F,,,,1755,0,20,AUG25,1998,wi
13623940,"Chkhaidze, Giorgi",GEO,M,,,,1825,0,20,AUG25,1983,i
13605577,"Chkhaidze, Ivane",GEO,M,,,,1724,0,20,AUG25,1949,i
13617087,"Chkhaidze, Mariam",GEO,F,,,,1536,0,40,AUG25,2007,wi
13601750,"Chkhaidze, Nikoloz",GEO,M,FM,,,2205,0,20,AUG25,1982,i
13640844,"Chkhaidze, Sandro",GEO,M,,,,1448,0,40,AUG25,2008,
13637290,"Chkhartishvili, Lazare",GEO,M,,,,1436,0,40,AUG25,2015,
13635166,"Chkhartishvili, Lika",GEO,F,,,,1693,0,40,AUG25,2011,w
13624440,"Chkhartishvili, Malkhaz",GEO,M,,,,1501,0,20,AUG25,1991,i
13603736,"Chkhikvishvili, Mindia",GEO,M,,,,2088,0,20,AUG25,1988,i
13627830,"Chkuaseli, Nika",GEO,M,,,,1476,0,40,AUG25,2006,i
13605194,"Chkuaseli, Revaz",GEO,M,,,,1927,0,20,AUG25,1994,i
13610015,"Chobanyan, Sergei",GEO,M,,,,1931,0,20,AUG25,1942,i
13631632,"Chogovadze, Davit",GEO,M,,,,1708,0,20,AUG25,1977,i
13601059,"Chokhonelidze, Giorgi",GEO,M,IM,,,2239,0,10,AUG25,1978,
13612182,"Chokuri, Koba",GEO,M,,,,1707,0,20,AUG25,2001,i
13600931,"Choladze, Mariami",GEO,F,WFM,WFM,,2022,0,20,AUG25,1997,wi
13608410,"Choladze, Tea",GEO,F,,,,1804,0,20,AUG25,1999,wi
13606387,"Choladze, Teimuraz",GEO,M,,,,1941,0,40,AUG25,1993,i
13628275,"Chqoidze, Gizo",GEO,M,,,,1570,0,20,AUG25,1945,i
13621521,"Chubinidze, Ana",GEO,F,,,,1421,0,40,AUG25,2006,wi
13629018,"Chubinidze, Guram",GEO,M,,,,1451,0,40,AUG25,2010,
13620649,"Chubinidze, Levan",GEO,M,,,,1565,0,40,AUG25,2009,i
13629026,"Chubinidze, Lizi",GEO,F,,,,1413,0,40,AUG25,2009,w
13620975,"Dadashyan, Alexandre",GEO,M,,,,1772,0,20,AUG25,1953,i
13648535,"Dadiani, Tsotne Gio",GEO,M,,,,1572,0,40,AUG25,1997,
13613731,"Dalbashvili, Levani",GEO,M,,,,1680,0,40,AUG25,2005,i
13603671,"Danelia, Mariam",GEO,F,WIM,WIM,,2252,0,20,AUG25,1994,wi
13631640,"Darakhvelidze, Giorgi",GEO,M,,,,2013,0,20,AUG25,1992,i
13604767,"Daraselia, Giorgi",GEO,M,,,,AIM,1798,0,AUG25,1993,
13600508,"Darchia, Diana",GEO,F,WGM,WGM,,2278,0,20,AUG25,1977,wi
13611887,"Darchiashvili, Nino",GEO,F,,,,1567,0,20,AUG25,2003,wi
13617656,"Darsadze, Nikoloz",GEO,M,,,,1779,0,20,AUG25,2006,i
13620606,"Darsalia, Nika",GEO,M,,,,1558,0,40,AUG25,2007,i
13614614,"Darsavelidze, Mikheil",GEO,M,,,,1662,0,40,AUG25,2000,i
13621440,"Datiashvili, Davit",GEO,M,,,,1671,0,20,AUG25,1990,i
13602390,"Datuashvili, Nona",GEO,F,WIM,WIM,,2083,0,20,AUG25,1986,w
13625594,"Davitashvili, Giorgi",GEO,M,,,,1483,0,20,AUG25,1991,i
13626140,"Davlasheridze, Giorgi",GEO,M,,,,1513,0,40,AUG25,2010,
410799,"Day, Thomas W",GEO,M,,,,1958,0,20,AUG25,1983,i
13642383,"Dekanoidze, Avtandil",GEO,M,,,,1407,0,40,AUG25,2009,
13615599,"Demurkhanashvili, Giorgi",GEO,M,,,,1714,0,20,AUG25,2003,i
13623818,"Diasamidze, Lulu",GEO,F,,,,1819,0,40,AUG25,2009,wi
13603680,"Diasamidze, Mariam",GEO,F,WCM,WCM,,1981,0,20,AUG25,1990,wi
13625632,"Diasamidze, Pridon",GEO,M,,,,1459,0,40,AUG25,2007,i
13636804,"Diasamidze, Rati",GEO,M,,,,1811,0,40,AUG25,2013,
44131364,"Didbaridze, Meri",GEO,F,,,,1534,0,20,AUG25,2006,w
13629034,"Didberidze, Tsotne",GEO,M,,,,1560,0,40,AUG25,2010,
13611410,"Didmanidze, Tengiz",GEO,M,,,,1895,0,20,AUG25,2000,
13611534,"Dodelia, Temur",GEO,M,,,,1527,0,20,AUG25,1981,i
13636677,"Dograshvili, Marta",GEO,F,,,,1534,0,40,AUG25,2014,w
13627139,"Dokadze, Ilia",GEO,M,,,,1482,0,40,AUG25,2007,i
13617117,"Dolakidze, Mariam",GEO,F,,,,1677,0,20,AUG25,2006,w
13618768,"Dolbaia, Nika",GEO,M,,,,1528,0,20,AUG25,2003,i
13623010,"Dolbaia, Sandro",GEO,M,,,,1419,0,40,AUG25,2007,i
13606255,"Dolenjashvili, Giorgi",GEO,M,,,,1833,0,20,AUG25,1998,i
13630687,"Dolidze, Shota",GEO,M,,,,1626,0,40,AUG25,2012,i
13617524,"Donashvili, Ianuari",GEO,M,,,,1773,0,20,AUG25,1954,i
13614649,"Donghvani, Nia",GEO,F,,,,1954,0,20,AUG25,2004,wi
13615491,"Dvalishvili, Akaki",GEO,M,,,,1695,0,20,AUG25,2005,i
13627880,"Dvalishvili, Elene",GEO,F,,,,1405,0,40,AUG25,2010,wi
13613120,"Dvalishvili, Gocha",GEO,M,,,,1569,0,20,AUG25,1966,
13601903,"Dzagnidze, Nana",GEO,F,GM,WGM,,2425,4,10,AUG25,1987,w
13648632,"Dzaptashvili, Demetre",GEO,M,,,,1479,0,40,AUG25,2014,
13636049,"Dzimistarishvili, Ucha",GEO,M,,,,1612,0,40,AUG25,1988,i
13635905,"Dzirkvadze, Demetre",GEO,M,,,,1437,0,40,AUG25,2013,i
13628356,"Dzneladze, Marta",GEO,F,,,,1506,0,40,AUG25,2010,wi
13648152,"Dzneladze, Nodar",GEO,M,,,,1739,0,40,AUG25,1952,i
13627082,"Dzodzuashvili, Irakli",GEO,M,,,,1753,0,20,AUG25,1986,i
13604660,"Ebralidze, Alexandre",GEO,M,,,,1999,0,20,AUG25,1996,i
13636685,"Ediberidze, Alexandra",GEO,F,,,,1477,0,40,AUG25,2014,w
13612859,"Elashvili, Giorgi",GEO,M,,,,1874,0,20,AUG25,2002,i
13612832,"Eliava, Gela",GEO,M,,,,1990,0,20,AUG25,1968,i
13616951,"Elikashvili, Andria",GEO,M,,,,1464,0,40,AUG25,2008,i
13618318,"Eminashvili, Otar",GEO,M,,,,1715,0,20,AUG25,2004,i
13605208,"Endeladze, Ramaz",GEO,M,,,,1988,0,20,AUG25,1995,i
13617354,"Engibaryan, Yana",GEO,F,,,,1639,0,20,AUG25,2003,wi
13628062,"Eradze, Malkhaz",GEO,M,,,,1545,0,40,AUG25,2009,
13644130,"Erkvania, Nikoloz",GEO,M,,,,1529,0,40,AUG25,2011,
13613065,"Esadze, Kristine",GEO,F,,,,1600,0,20,AUG25,2002,wi
13611186,"Esadze, Tamari",GEO,F,,,,1972,0,20,AUG25,2003,w
13620517,"Esaiashvili, Nino",GEO,F,,,,1490,0,40,AUG25,2008,wi
13646621,"Evdokimov, Iurii",GEO,M,,,,1586,0,40,AUG25,2017,
13615572,"Evgenidze, Nodar",GEO,M,,,,1473,0,20,AUG25,0,i
13618083,"Farzaliev, Elnur",GEO,M,,,,1614,0,20,AUG25,2003,
13628364,"Gabadadze, Gabriel",GEO,M,,,,1905,0,40,AUG25,2012,
13617125,"Gabelaia, Mariam",GEO,F,,,,1525,0,40,AUG25,2007,wi
13641689,"Gabelaia, Vano",GEO,M,,,,1408,0,40,AUG25,2013,
13620924,"Gabeskiria, Archil",GEO,M,,,,1815,0,20,AUG25,1992,i
13614991,"Gabriadze, Nikoloz",GEO,M,,,,1661,0,40,AUG25,2006,i
13614983,"Gabriadze, Tamari",GEO,F,,,,1554,0,20,AUG25,2004,wi
13641433,"Gabrichidze, Gega",GEO,M,,,,1566,0,40,AUG25,2013,
13637371,"Gabuchia, Avtandil",GEO,M,,,,1416,0,20,AUG25,1961,i
13612190,"Gabunia, Davit",GEO,M,,,,1684,0,20,AUG25,2004,i
13620592,"Gabunia, Giorgi",GEO,M,,,,1685,0,40,AUG25,2006,i
13620495,"Gabunia, Nino",GEO,F,,,,1492,0,40,AUG25,2008,wi
13644653,"Gabunia, Sergo",GEO,M,,,,1829,0,40,AUG25,1958,
13604678,"Gabunia, Tornike",GEO,M,,,,2074,0,20,AUG25,1993,i
13636375,"Gadabadze, Ilia",GEO,M,,,,1476,0,40,AUG25,2007,i
13601652,"Gagunashvili, Merab",GEO,M,GM,FT,,2446,9,10,AUG25,1985,
13638360,"Gakhokidze, Otar",GEO,M,,,,1586,0,40,AUG25,2014,
13637355,"Gamakharia, Levani",GEO,M,,,,1508,0,20,AUG25,1987,i
13620479,"Gamrekelashvili, Zuka",GEO,M,,,,1600,0,40,AUG25,2007,i
13641549,"Gaprindashvili, Andria",GEO,M,,,,1443,0,40,AUG25,2015,
13600125,"Gaprindashvili, Nona",GEO,F,GM,WGM,,2158,0,20,AUG25,1941,wi
13601091,"Gaprindashvili, Valeriane",GEO,M,GM,FT,,2342,0,20,AUG25,1982,i
13620770,"Garuchava, Alexandre",GEO,M,,,,1542,0,40,AUG25,2009,i
13602586,"Gavasheli, Ana",GEO,F,WIM,WIM,,2121,0,20,AUG25,1987,wi
13619691,"Gegia, Davit",GEO,M,,,,1656,0,20,AUG25,2002,i
13615270,"Gelashvili, Giorgi",GEO,M,,,,1687,0,40,AUG25,2006,i
13622480,"Gelashvili, Lazare",GEO,M,,,,1667,0,20,AUG25,2000,i
13601598,"Gelazonia, Parmen",GEO,M,FM,NA,,2308,0,20,AUG25,1980,i
13606417,"Getsadze, Mirian",GEO,M,,,,1884,0,20,AUG25,1995,i
13614568,"Ghachava, Akaki",GEO,M,,,,1878,0,20,AUG25,2003,i
13640283,"Ghibradze, Bakar",GEO,M,,,,1511,0,20,AUG25,1995,i
13610724,"Ghlonti, Davit",GEO,M,,,,1783,0,20,AUG25,2000,i
13613227,"Ghlonti, Giorgi",GEO,M,,,,1854,0,20,AUG25,1990,i
13610538,"Ghlonti, Vakhtang",GEO,M,,,,2037,0,40,AUG25,1999,i
13617605,"Ghogheliani, Salome",GEO,F,,,,1427,0,20,AUG25,2001,wi
13644343,"Ghonghadze, Alexandre",GEO,M,,,,1660,0,40,AUG25,2014,
13647334,"Ghonghadze, Nikoloz",GEO,M,,,,1469,0,40,AUG25,2010,
13632655,"Ghoniadze, Daniel",GEO,M,,,,1643,0,40,AUG25,2012,i
13602128,"Ghvamberia, Nika",GEO,M,,,,2154,0,20,AUG25,1998,i
13630008,"Ghviniashvili, Nodar",GEO,M,,,,1643,0,40,AUG25,2010,i
13615300,"Ghviniashvili, Tsotne",GEO,M,,,,1622,0,20,AUG25,2002,i
13648926,"Ghvinjilia, Saba",GEO,M,,,,1586,0,40,AUG25,2010,
13614029,"Gigauri, Nikoloz",GEO,M,,,,1853,0,20,AUG25,2002,i
13627414,"Gikoshvili, Giorgi",GEO,M,,,,1702,0,20,AUG25,1955,i
13600265,"Giorgadze, Avtandil",GEO,M,FM,,,1997,0,20,AUG25,1949,i
13616820,"Giorgadze, Elene",GEO,F,,,,1535,0,40,AUG25,2005,wi
13613197,"Giorgadze, Erekle",GEO,M,,,,1628,0,40,AUG25,1973,i
13621831,"Giorgadze, Giorgi",GEO,M,,,,AGM,1935,0,AUG25,2009,i
13600044,"Giorgadze, Giorgi Gel",GEO,M,GM,,,2550,0,10,AUG25,1964,i
13619667,"Giorgadze, Koba",GEO,M,,,,1617,0,20,AUG25,1968,i
13636839,"Giorgadze, Mariam",GEO,F,,,,1572,0,40,AUG25,2013,w
13626892,"Giorgadze, Vasil",GEO,M,,,,2072,0,20,AUG25,1970,i
13636723,"Giorgobiani, Lili",GEO,F,,,,1471,0,40,AUG25,2014,wi
13612026,"Giunashvili, Giorgi",GEO,M,,,,1512,0,20,AUG25,2004,i
13630130,"Gobejishvili, Nikoloz",GEO,M,,,,1655,0,40,AUG25,2008,i
13617249,"Goderdzishvili, Giga",GEO,M,CM,,,2025,0,20,AUG25,2003,i
13625144,"Gogaberishvili, Levan",GEO,M,,,,1460,0,20,AUG25,1995,i
13604953,"Gogadze, Nodar",GEO,M,,,,1996,0,20,AUG25,1936,i
13631420,"Gogava, Luka",GEO,M,,,,1775,0,40,AUG25,2013,
13619470,"Gogeishvili, Giorgi",GEO,M,,,,1581,0,20,AUG25,2002,i
13620452,"Gogia, Alexandre",GEO,M,,,,1805,0,40,AUG25,2007,
13648268,"Gogia, Nikoloz",GEO,M,,,,1508,0,40,AUG25,2014,
13625888,"Gogiashvili, Demetre",GEO,M,,,,1654,0,40,AUG25,2010,i
13620584,"Gogiashvili, Giorgi",GEO,M,,,,1582,0,40,AUG25,2009,i
13642545,"Gogiashvili, Goga",GEO,M,,,,1524,0,40,AUG25,2009,
13600940,"Gogishvili, Dea",GEO,F,,,,1927,0,20,AUG25,1996,wi
13648837,"Gognadze, Ilia",GEO,M,,,,1528,0,40,AUG25,2015,
13616749,"Gognadze, Tsira",GEO,F,,,,1530,0,20,AUG25,2001,wi
13613316,"Gogokhia, Elene",GEO,F,,,,1635,0,20,AUG25,2002,wi
13606840,"Gogokhia, Joni",GEO,M,,,,1624,0,20,AUG25,1999,i
13649612,"Gogoladze, Gabriel",GEO,M,,,,1428,0,40,AUG25,2015,
13606115,"Gogoladze, Giorgi",GEO,M,,,,1869,0,20,AUG25,2001,i
13619152,"Gogolashvili, Giorgi",GEO,M,,,,1740,0,40,AUG25,2009,i
13636642,"Gogonadze, Anano",GEO,F,,,,1434,0,40,AUG25,2008,w
13614053,"Gogotishvili, Shota",GEO,M,,,,1736,0,20,AUG25,1990,i
13631608,"Goguadze, Sandro",GEO,M,,,,1400,0,40,AUG25,2012,
13609556,"Goletiani, Aleko",GEO,M,,,,1744,0,20,AUG25,1975,
13627635,"Goletiani, Tamar",GEO,F,,,,1434,0,20,AUG25,2004,wi
13619721,"Gongliashvili, Zurab",GEO,M,,,,1859,0,20,AUG25,2005,i
13637568,"Goradze, Kazim",GEO,M,,,,1809,0,20,AUG25,1947,i
13617133,"Gorgiladze, Anastasia",GEO,F,,,,1405,0,40,AUG25,2008,wi
13611550,"Gorgodze, Tariel",GEO,M,,,,1762,0,20,AUG25,1987,i
13617141,"Gotiashvili, Marta",GEO,F,,,,1518,0,40,AUG25,2007,w
13619730,"Gotsiridze, Davit",GEO,M,,,,1762,0,40,AUG25,2007,i
13601822,"Grigoriev, Armen",GEO,M,,,,2276,0,20,AUG25,1962,i
13637258,"Gugeshashvili, Ketevan",GEO,F,,,,1456,0,40,AUG25,1984,w
13603639,"Gugulashvili, Tamaz",GEO,M,,,,2119,0,20,AUG25,1991,i
13617702,"Gugushvili, Alexi",GEO,M,,,,1630,0,20,AUG25,2003,i
13617672,"Gugushvili, Levan",GEO,M,,,,1627,0,20,AUG25,2000,i
13628178,"Gukasyan, Andranik",GEO,M,,,,1406,0,40,AUG25,2008,i
13638416,"Gulashvili, Merab",GEO,M,,,,1400,0,40,AUG25,2015,
13630350,"Gulbatashvili, Tamaz",GEO,M,,,,1536,0,40,AUG25,2009,i
13638920,"Gulordava, Irakli",GEO,M,,,,1484,0,40,AUG25,1996,i
13605798,"Gulua, Luka",GEO,M,,,,1744,0,20,AUG25,1999,i
13612492,"Gumberidze, Lile",GEO,F,,,,1675,0,40,AUG25,2005,wi
13600958,"Gumberidze, Nino",GEO,F,,,,1766,0,20,AUG25,1998,w
13614770,"Gunia, Marlen",GEO,M,,,,1776,0,20,AUG25,2002,i
13626515,"Gunia, Nino",GEO,F,,,,1658,0,40,AUG25,2009,w
13629093,"Gureshidze, Merab",GEO,M,,,,1454,0,40,AUG25,2013,
13600222,"Gurieli, Nino",GEO,F,IM,WGM,,2253,0,20,AUG25,1961,wi
13616412,"Gvaradze, Giorgi",GEO,M,,,,1731,0,20,AUG25,1989,i
13603531,"Gvarjaladze, Nugzar",GEO,M,,,,1846,0,20,AUG25,1946,i
13604520,"Gvarjaladze, Tengiz",GEO,M,,,,1948,0,20,AUG25,1941,i
13624431,"Gvasalia, Gaga",GEO,M,,,,1826,0,40,AUG25,2011,
13617168,"Gvatua, Mariam",GEO,F,,,,1694,0,40,AUG25,2008,wi
13622358,"Gvazava, Konstantine",GEO,M,,,,1424,0,40,AUG25,2007,i
13614088,"Gvelesiani, Elguja",GEO,M,,,,1981,0,20,AUG25,1956,i
13606883,"Gvenetadze, Davit",GEO,M,,,,1824,0,20,AUG25,2000,i
13648616,"Gvenetadze, Malkhaz",GEO,M,,,,1551,0,40,AUG25,2009,
13601440,"Gvetadze, Sofio",GEO,F,IM,WGM,,2162,0,20,AUG25,1983,w
13642537,"Iakobadze, Dimitri",GEO,M,,,,1469,0,40,AUG25,2012,
13614118,"Iakobishvili, Givi",GEO,M,,,,1954,0,20,AUG25,1956,i
13600281,"Iashvili, Akaki",GEO,M,IM,,,2287,0,10,AUG25,1972,i
13620657,"Iashvili, Elene",GEO,F,,,,1532,0,40,AUG25,2008,wi
13618032,"Imerlishvili, Tamar",GEO,F,,,,1605,0,20,AUG25,2002,wi
13600974,"Imnadze, Nato",GEO,F,WIM,WIM,,2164,0,20,AUG25,1996,wi
13618261,"Imnadze, Tea",GEO,F,,,,1502,0,20,AUG25,2003,wi
13609572,"Inaneishvili, Giorgi",GEO,M,,,,1895,0,20,AUG25,2001,i
13631578,"Inauri, Alexi",GEO,M,,,,1539,0,40,AUG25,2012,i
13631705,"Intskirveli, Albert",GEO,M,,,,1899,0,20,AUG25,1959,i
13631713,"Intskirveli, Zakro",GEO,M,,,,1787,0,20,AUG25,1978,i
13631721,"Ioseliani, Alexandre",GEO,M,,,,1841,0,20,AUG25,1970,i
13647784,"Ioseliani, Giorgi",GEO,M,,,,1614,0,40,AUG25,2015,
13602136,"Ioseliani, Irina",GEO,F,,,,2013,0,20,AUG25,1984,w
13621068,"Jabelia, Luka",GEO,M,,,,1422,0,40,AUG25,2007,i
13637339,"Jakhaia, Andria",GEO,M,,,,1646,0,40,AUG25,2015,
13624695,"Jakhua, Giorgi",GEO,M,,,,1516,0,40,AUG25,2008,i
13605895,"Jalaghonia, Nino",GEO,F,WFM,WFM,,1899,0,20,AUG25,2000,wi
13636545,"Jaliashvili, Ketevan",GEO,F,,,,1481,0,40,AUG25,2014,w
13601334,"Jamagidze, Mikheil",GEO,M,,,,2344,0,20,AUG25,1981,i
13624598,"Jamrishvili, Luka",GEO,M,,,,1558,0,20,AUG25,2003,i
13644971,"Janashia, Andria",GEO,M,,,,1495,0,40,AUG25,2011,
13644980,"Janashia, Konstantine",GEO,M,,,,1450,0,40,AUG25,2014,
13612344,"Janashia, Saba",GEO,M,,,,1728,0,20,AUG25,1999,i
13635069,"Jangisherashvili, Nikoloz",GEO,M,,,,1648,0,40,AUG25,2012,
13607979,"Janiashvili, Giorgi",GEO,M,,,,1491,0,20,AUG25,1998,i
13603876,"Janiashvili, Irakli",GEO,M,FM,,,2191,0,20,AUG25,1992,i
13612077,"Janiashvili, Mariami",GEO,F,WFM,WFM,,1920,0,20,AUG25,2000,wi
13641468,"Janikashvili, Alexandre",GEO,M,,,,1403,0,40,AUG25,2013,i
13600087,"Janjghava, Lasha",GEO,M,GM,,,2472,0,10,AUG25,1970,i
13600389,"Janjghava, Natia",GEO,F,WIM,WIM,,2206,0,20,AUG25,1972,wi
13600311,"Japaridze, Davit",GEO,M,,,,2002,0,20,AUG25,1951,i
13605909,"Japaridze, Elene",GEO,F,,,,1558,0,20,AUG25,1998,wi
13625160,"Japaridze, Lado",GEO,M,,,,1523,0,20,AUG25,1998,i
13625276,"Japaridze, Vladimer",GEO,M,,,,1606,0,20,AUG25,1987,i
13603647,"Javakhadze, Zurab",GEO,M,IM,,,2438,0,10,AUG25,1993,i
13601458,"Javakhishvili, Lela",GEO,F,IM,WGM,,2318,0,10,AUG25,1984,w
13609955,"Javakhishvili, Mariam",GEO,F,,"SI,NA",,1878,0,20,AUG25,1999,w
13635301,"Jgharkava, Luka",GEO,M,,,,1487,0,40,AUG25,2012,i
13636693,"Jibladze, Nikoloz",GEO,M,,,,1515,0,40,AUG25,2014,
13607995,"Jibuti, Dimitri",GEO,M,,,,1828,0,20,AUG25,2002,i
13603094,"Jibuti, Nata",GEO,F,WFM,WFM,,1821,0,20,AUG25,2000,wi
13625357,"Jikia, Konstantine",GEO,M,,,,1611,0,20,AUG25,2004,i
13638157,"Jikia, Nikola",GEO,M,,,,1457,0,40,AUG25,2013,i
13634836,"Jikidze, Koba",GEO,M,,,,1432,0,40,AUG25,2009,i
13646842,"Jikurishvili, Andria",GEO,M,,,,1422,0,40,AUG25,2012,
13625179,"Jimsheleishvili, Temur",GEO,M,,,,1425,0,40,AUG25,2009,i
13605852,"Jimshitashvili, Giorgi",GEO,M,,,,1771,0,20,AUG25,2000,i
13601504,"Jirkvalishvili, Otar",GEO,M,,,,2236,0,20,AUG25,1982,i
13616960,"Jishkariani, Erekle",GEO,M,,,,1816,0,20,AUG25,2006,i
13601520,"Jobava, Baadur",GEO,M,GM,,,2646,0,10,AUG25,1983,
13602047,"Jobava, Beglar",GEO,M,IM,,,2428,0,10,AUG25,1985,i
13602543,"Jojua, Davit",GEO,M,GM,,,2527,0,10,AUG25,1989,i
13635182,"Jojua, Ioana",GEO,F,,,,1420,0,40,AUG25,2012,w
13641832,"Jojua, Nikoloz",GEO,M,,,,1662,0,40,AUG25,2011,
13602837,"Kabajyan, Karlo",GEO,M,,,,1843,0,20,AUG25,1947,i
13628399,"Kachakhidze, Nikoloz",GEO,M,,,,1627,0,40,AUG25,2010,
13611860,"Kacharava, Nikolozi",GEO,M,GM,,,2419,0,10,AUG25,2004,
13600613,"Kacheishvili, Giorgi",GEO,M,GM,,,2516,0,10,AUG25,1977,i
13636502,"Kachkachashvili, Beka",GEO,M,,,,1445,0,40,AUG25,2011,i
13618334,"Kachkachishvili, Lasha",GEO,M,,,,1817,0,20,AUG25,2003,i
13646524,"Kakabadze, Davit",GEO,M,,,,1486,0,40,AUG25,2010,
13621920,"Kakaliashvili, Nikoloz",GEO,M,,,,1538,0,40,AUG25,2007,i
13623176,"Kakhetelidze, Anano",GEO,F,,,,1462,0,20,AUG25,2004,wi
13619926,"Kakhiani, Ani",GEO,F,,,,1553,0,20,AUG25,2004,wi
13643770,"Kakhidze, Lasha",GEO,M,,,,1536,0,40,AUG25,2017,
13642146,"Kakhishvili, Andria",GEO,M,,,,1402,0,40,AUG25,2013,
13623435,"Kakulia, Demetre",GEO,M,,,,1470,0,40,AUG25,2010,i
13635239,"Kakulia, Saba",GEO,M,,,,1471,0,40,AUG25,2006,i
13606034,"Kakutia, Ada",GEO,F,,,,1859,0,20,AUG25,1997,wi
13636790,"Kalandadze, Alexandre",GEO,M,,,,1460,0,40,AUG25,2014,
13621122,"Kalandadze, Mariam",GEO,F,,,,1873,0,40,AUG25,2010,w
13625659,"Kalmakhelidze, Nikoloz",GEO,M,,,,1446,0,40,AUG25,2007,i
13601628,"Kamadadze, Zviad",GEO,M,,,,2061,0,20,AUG25,1981,
13646125,"Kaminski, Artur",GEO,M,,,,1546,0,40,AUG25,2012,
13623966,"Kanachadze, Luka",GEO,M,,,,1664,0,20,AUG25,1994,i
13635557,"Kandelaki, Natali",GEO,F,,,,1539,0,40,AUG25,2008,w
13608657,"Kapanadze, Davit",GEO,M,,,,1791,0,20,AUG25,1996,i
13645048,"Kapanadze, Giorgi",GEO,M,,,,1451,0,40,AUG25,2007,i
13635476,"Kapatadze, Sandro",GEO,M,,,,1422,0,40,AUG25,2006,i
13613553,"Karaia, Alika",GEO,M,,,,1682,0,20,AUG25,2004,i
13613219,"Karelidze, Vakhtang",GEO,M,,,,1862,0,20,AUG25,2000,i
13626000,"Kartlelishvili, Alexandre",GEO,M,,,,1836,0,40,AUG25,2005,i
13600354,"Kasoshvili, Tsiala",GEO,F,WIM,WIM,,2070,0,20,AUG25,1963,wi
13627554,"Katolikov, Alexandre",GEO,M,,,,1625,0,40,AUG25,2006,i
13648497,"Katsia, Gigi",GEO,M,,,,1518,0,40,AUG25,2013,
13640348,"Katsitadze, Giorgi",GEO,M,,,,1860,0,40,AUG25,1986,i
13616765,"Kavkasidze, Ilia",GEO,M,,,,1806,0,20,AUG25,2005,i
13648942,"Kavtiashvili, Lazare",GEO,M,,,,1453,0,40,AUG25,2016,
13642715,"Kebadze, Gabriel",GEO,M,,,,1471,0,40,AUG25,2013,
13641719,"Keburia, Ilia",GEO,M,,,,1459,0,40,AUG25,2014,i
13626191,"Kedelidze, Aneta",GEO,F,,,,1479,0,40,AUG25,2012,wi
13600818,"Kekelidze, Mikheil",GEO,M,GM,,,2319,0,10,AUG25,1974,
13604635,"Kekelidze, Nino",GEO,F,,,,1983,0,20,AUG25,1990,wi
13620002,"kelenjeridze, Giorgi",GEO,M,,,,1730,0,20,AUG25,1989,i
13605801,"Keleptrishvili, Irakli",GEO,M,,,,2069,0,20,AUG25,1997,i
13634232,"Kemashvili, Luka",GEO,M,,,,1793,0,40,AUG25,2008,
13603930,"Kemularia, Mariam",GEO,F,,,,1820,0,20,AUG25,1992,wi
13626426,"Kemularia, Nika",GEO,M,,,,1546,0,40,AUG25,2009,i
13605305,"Kerashvili, Giorgi",GEO,M,,,,2009,0,20,AUG25,1992,i
13642219,"Kerauli, Davit",GEO,M,,,,1450,0,40,AUG25,2008,i
13608029,"Ketiladze, Luka",GEO,M,,,,1711,0,20,AUG25,1998,i
13612468,"Kevlishvili, Nika",GEO,M,,,,1873,0,20,AUG25,2004,i
13608843,"Khaburzania, Shalva",GEO,M,,,,1910,0,20,AUG25,1943,i
13633988,"Khachapuridze, Demetre",GEO,M,,,,1476,0,40,AUG25,2012,i
13619047,"Khantadze, Mikheili",GEO,M,,,,1634,0,40,AUG25,2007,i
13623460,"Kharshiladze, Davit",GEO,M,,,,1552,0,40,AUG25,2009,i
13603574,"Khazhomia, Anuki",GEO,F,,,,1875,0,20,AUG25,1991,wi
13603230,"Khazhomia, Salome",GEO,F,WFM,WFM,,2084,0,20,AUG25,1991,wi
13614169,"Kheladze, Emzar",GEO,M,,,,1678,0,20,AUG25,1961,i
13605321,"Kheladze, Ilia",GEO,M,,,,1881,0,20,AUG25,1997,i
13604600,"Khelaia, Giorgi",GEO,M,,,,2088,0,20,AUG25,1986,i
13637860,"Khidesheli, Ivane",GEO,M,,,,1456,0,40,AUG25,2013,
13637878,"Khidesheli, Mikheil",GEO,M,,,,1406,0,40,AUG25,2013,
13611720,"Khidesheli, Shalva",GEO,M,,,,1713,0,20,AUG25,1996,i
13646001,"Khimshiashvili, Konstantine",GEO,M,,,,1519,0,40,AUG25,2013,i
13637797,"Khitarishvili, Saba",GEO,M,,,,1406,0,40,AUG25,2007,i
13619179,"Khmelidze, Alexi",GEO,M,,,,1539,0,40,AUG25,2007,i
13614827,"Khochava, Ramin",GEO,M,,,,1815,0,20,AUG25,1946,i
13616757,"Khodashneli, Shota",GEO,M,,,,1892,0,20,AUG25,2003,i
13600710,"Khomeriki, Giorgi",GEO,M,,,,2066,0,20,AUG25,1961,i
13605534,"Khomeriki, Ketevan",GEO,F,,,,1861,0,20,AUG25,1997,wi
13603191,"Khomeriki, Nino",GEO,F,WGM,WGM,,2327,0,20,AUG25,1998,wi
13617451,"Khoperia, Ramaz",GEO,M,,,,1735,0,20,AUG25,1996,i
13600249,"Khoperia, Zaza",GEO,M,,,,2252,0,20,AUG25,1968,i
13614738,"Khorguani, Lela",GEO,F,,,,1498,0,20,AUG25,2003,wi
13644432,"Khorkheli, Nikoloz",GEO,M,,,,1414,0,40,AUG25,2011,
13610759,"Khositashvili, Devi",GEO,M,,,,1711,0,20,AUG25,1999,i
13626906,"Khosruashvili, Dato",GEO,M,,,,1941,0,20,AUG25,1973,i
13602640,"Khotenashvili, Bella",GEO,F,GM,WGM,,2373,0,10,AUG25,1988,w
13620843,"Khubulava, Gabriel",GEO,M,,,,1525,0,40,AUG25,2009,i
13637134,"Khubuluri, Zaal",GEO,M,,,,1491,0,40,AUG25,2013,
13602055,"Khukhashvili, Sopiko",GEO,F,IM,WGM,,2307,0,10,AUG25,1985,wi
13611950,"Khukhunaishvili, Adam",GEO,M,,,,1715,0,20,AUG25,1959,
13603469,"Khukhunaishvili, Tariel",GEO,M,,,,1843,0,20,AUG25,1955,i
13600419,"Khurtsilava, Inga",GEO,F,WGM,WGM,,2153,0,20,AUG25,1975,w
13610287,"Khutsishvili, Levan",GEO,M,,,,1809,0,20,AUG25,1993,i
13620908,"Khvadagiani, Giorgi",GEO,M,,,,1566,0,40,AUG25,2007,i
13620436,"Khvadagiani, Kristine",GEO,F,,,,1589,0,40,AUG25,2009,wi
13611453,"Khvadagiani, Nika",GEO,M,,,,1887,0,20,AUG25,2001,i
13628801,"Khvedelidze, Luka",GEO,M,,,,1783,0,40,AUG25,2010,
13629638,"Khvedelidze, Nodar",GEO,M,,,,1556,0,40,AUG25,2008,
13622137,"Khvichia, Mariam",GEO,F,,,,1411,0,40,AUG25,2009,wi
13640950,"Kikalishvili, Luka",GEO,M,,,,1629,0,40,AUG25,2011,
13626248,"Kiknadze, Alexander",GEO,M,,,,1471,0,40,AUG25,2009,i
13633210,"Kiknadze, Giorgi",GEO,M,,,,1531,0,40,AUG25,2007,i
13608614,"Kikvadze, Saba",GEO,M,,,,1706,0,20,AUG25,1992,i
13634976,"Kiladze, Giorgi",GEO,M,,,,1498,0,40,AUG25,2015,
13623389,"kiladze, Luka",GEO,M,FM,,,2138,0,40,AUG25,2009,
13616838,"Kilasonia, Ketevan",GEO,F,,,,1533,0,40,AUG25,2005,wi
13632116,"Kiria, Elisabed",GEO,F,,,,1443,0,40,AUG25,2011,wi
13622714,"Kirtadze, Anastasia",GEO,F,WFM,WFM,,2098,2,40,AUG25,2009,w
13643304,"Kirtadze, Mishiko",GEO,M,,,,1457,0,40,AUG25,2014,
13628917,"Kitadze, Anano",GEO,F,,,,1566,0,40,AUG25,2010,w
13612085,"Kitesashvili, Giorgi",GEO,M,,,,1881,0,20,AUG25,1954,i
13619977,"Kiziria, Kakhaber",GEO,M,,,,1677,0,40,AUG25,2008,i
13646877,"Kobakhidze, Barbare",GEO,F,,,,1439,0,40,AUG25,2012,w
13627643,"Kobakhidze, Giorgi",GEO,M,,,,1402,0,40,AUG25,2007,i
13618172,"Kobakhidze, Mikheil",GEO,M,,,,1826,0,20,AUG25,1965,i
13642952,"Kobakhidze, Saba",GEO,M,,,,1483,0,40,AUG25,2009,
13621076,"Kobalia, Dima",GEO,M,,,,1608,0,20,AUG25,1998,i
13617893,"Kobalia, Nika",GEO,M,,,,1603,0,20,AUG25,2005,i
13622749,"Kobalia, Saba",GEO,M,,,,1481,0,40,AUG25,2008,i
13601580,"Kobeshavidze, Lika",GEO,F,,,,1929,0,20,AUG25,1995,wi
13600605,"Kochakidze, Tariel",GEO,M,,FA,,1933,0,20,AUG25,1996,i
13625608,"Kochiashvili, Giga",GEO,M,,,,1577,0,20,AUG25,1995,i
13621564,"Koghuashvili, Tekla",GEO,F,,,,1611,0,40,AUG25,2010,wi
13643398,"Koiava, Mate",GEO,M,,,,1582,0,40,AUG25,2015,
13609599,"Kokaia, Guram",GEO,M,,,,2027,0,20,AUG25,2000,i
13625900,"Kokiashvili, Anastasia",GEO,F,,,,1473,0,40,AUG25,2008,wi
13622617,"Komakhidze, Levan",GEO,M,,,,1554,0,40,AUG25,2006,i
13603795,"Kordzakhia, Giorgi",GEO,M,,,,2023,0,20,AUG25,1987,i
13612514,"Koridze, Lile",GEO,F,WFM,WFM,,2053,0,20,AUG25,2001,wi
13612115,"Koridze, Luka",GEO,M,,,,1761,0,20,AUG25,2000,i
13619888,"Koridze, Luka",GEO,M,,,,1533,0,20,AUG25,2005,i
13620959,"Koroyan, Grigor",GEO,M,,,,1440,0,20,AUG25,1998,i
13603280,"Kostava, Elene",GEO,F,,,,1812,0,20,AUG25,2001,wi
13620509,"Kotolashvili, Davit",GEO,M,,,,1742,0,40,AUG25,2008,i
13634577,"Kristesiashvili, Andria",GEO,M,,,,1725,0,40,AUG25,2012,
13645536,"Ksovreli, Zurab",GEO,M,,,,1818,0,40,AUG25,1974,i
13605348,"Kuchava, Ana",GEO,F,WFM,WFM,,2006,0,20,AUG25,1995,wi
13613251,"Kukhaleishvili, Giorgi",GEO,M,,,,1856,0,20,AUG25,2002,i
13630695,"Kukhianidze, Giorgi",GEO,M,,,,1540,0,40,AUG25,2011,i
13615840,"Kukhilava, Gubaz",GEO,M,,,,1737,0,20,AUG25,2003,i
13621238,"Kulua, Barbare",GEO,F,,,,1437,0,40,AUG25,2010,wi
13600621,"Kumsiashvili, Nikoloz",GEO,M,IM,,,2299,0,20,AUG25,1997,i
13634372,"Kuntelia, Luka",GEO,M,,,,1750,0,40,AUG25,2012,
13618369,"Kupatadze, Tornike",GEO,M,,,,1877,0,20,AUG25,2006,
13649086,"Kurkhuli, Nodar",GEO,M,,,,1434,0,40,AUG25,2013,
13618652,"Kurua, Rostom",GEO,M,,,,1621,0,20,AUG25,1982,i
13631403,"Kutateladze, Anastasia",GEO,F,,,,1660,0,40,AUG25,2012,w
13648756,"Kutateladze, Giorgi",GEO,M,,,,1429,0,40,AUG25,2012,
13648853,"Kutateladze, Luka",GEO,M,,,,1429,0,40,AUG25,2009,
13618636,"Kutelia, Diana",GEO,F,,,,1492,0,20,AUG25,2004,wi
13644270,"Kutelia, Vakhtang",GEO,M,,,,1420,0,40,AUG25,2006,i
13643410,"Kvachakidze, Lazare",GEO,M,,,,1515,0,40,AUG25,2016,
13618709,"Kvanchakhadze, Davit",GEO,M,,,,1418,0,40,AUG25,2007,i
13600770,"Kvaratskhelia, Beka",GEO,M,,,,2224,0,20,AUG25,1974,i
13604295,"Kvaratskhelia, Dimitri",GEO,M,,,,2084,0,20,AUG25,1992,i
13641735,"Kvaratskhelia, Giorgi",GEO,M,,,,1610,0,40,AUG25,2015,
13620851,"Kvaratskhelia, Giorgi",GEO,M,,,,1488,0,40,AUG25,2009,i
13647482,"Kvaratskhelia, Mariam",GEO,F,,,,1429,0,40,AUG25,2012,w
13613243,"Kvartskhava, Tsotne",GEO,M,,,,1843,0,20,AUG25,2002,i
13613588,"Kvikvinia, Ana",GEO,F,,,,1558,0,20,AUG25,2004,wi
13613596,"Kvikvinia, Teimuraz",GEO,M,,,,1761,0,20,AUG25,2006,i
13626957,"Kviriashvili, Andria",GEO,M,,,,1829,0,40,AUG25,2011,i
13636413,"Kvirkvaia, Anastasia",GEO,F,,,,1495,0,40,AUG25,2011,wi
13636421,"Kvirkvaia, Mariam",GEO,F,,,,1476,0,40,AUG25,2010,wi
13624601,"Kvirtia, Mikheil",GEO,M,,,,1828,0,20,AUG25,1992,i
13616811,"Lagazauri, Tamar",GEO,F,,,,1731,0,20,AUG25,2002,wi
13624342,"Lagvilava, Mariam",GEO,F,,,,1437,0,40,AUG25,2008,wi
13611461,"Lataria, Giorgi",GEO,M,,,,1731,0,20,AUG25,2001,i
13647180,"Lazarashvili, Enrike",GEO,M,,,,1437,0,40,AUG25,2012,
13636774,"Lemonjava, Elena",GEO,F,,,,1445,0,40,AUG25,2011,wi
13640054,"Leshkasheli, Kesaria",GEO,F,,,,1545,0,40,AUG25,2009,wi
13602500,"Licheli, Luka",GEO,M,,,,2004,0,20,AUG25,1999,i
13623265,"Limar, Ana",GEO,F,,,,1513,0,40,AUG25,2008,wi
13623273,"Limar, Maria",GEO,F,,,,1473,0,40,AUG25,2008,wi
13647989,"Liparishvili, Giorgi",GEO,M,,,,1546,0,40,AUG25,2015,
13601393,"Liparteliani, Akaki",GEO,M,,,,1668,0,20,AUG25,1948,i
13648845,"Liparteliani, Andria",GEO,M,,,,1511,0,40,AUG25,2013,
13629743,"Liparteliani, Mariam",GEO,F,,,,1525,0,40,AUG25,2009,w
13634895,"Lipartia, Giorgi",GEO,M,,,,1489,0,40,AUG25,2014,
13636456,"Lipartia, Nino",GEO,F,,,,1560,0,40,AUG25,2012,w
13612662,"Liponava, Zurab",GEO,M,,,,1878,0,20,AUG25,1957,
13638980,"Lobiladze, Nikoloz",GEO,M,,,,1671,0,40,AUG25,1992,i
13619004,"Lobzhanidze, Gaga",GEO,M,,,,1797,0,20,AUG25,1994,i
13601423,"Lobzhanidze, Nikoloz",GEO,M,,,,1878,0,20,AUG25,1936,i
13616781,"Loladze, Andria",GEO,M,,,,1858,0,20,AUG25,2004,i
13644289,"Lomadze, Demetre",GEO,M,,,,1421,0,40,AUG25,2009,i
13612476,"Lomaia, Diana",GEO,F,WFM,WFM,,1930,0,20,AUG25,2005,wi
13617699,"Lomidze, Anri",GEO,M,,,,1461,0,20,AUG25,2004,i
13622170,"Lomidze, Diana",GEO,F,,,,1449,0,40,AUG25,2009,wi
13604120,"Lomidze, Robert",GEO,M,,,,1900,0,20,AUG25,1951,i
13643436,"Lominadze, Dimitri",GEO,M,,,,AFM,1446,0,AUG25,2009,
13620878,"Lominadze, Tamaz",GEO,M,,,,1437,0,40,AUG25,2008,i
13613138,"Lominadze, Zaza",GEO,M,,,,1825,0,20,AUG25,1965,i
13600656,"Lomineishvili, Maia",GEO,F,IM,WGM,,2332,0,20,AUG25,1977,wi
13603450,"Lomsadze, Davit",GEO,M,GM,,,2257,0,20,AUG25,1991,i
13618377,"Lomsadze, Lazare",GEO,M,,,,1815,0,20,AUG25,2003,i
13611879,"Lomsadze, Saba",GEO,M,,,,1786,0,40,AUG25,2005,i
13647032,"Lomsianidze, Tekle",GEO,F,,,,1452,0,40,AUG25,2014,w
13620428,"Lomtadze, Davit",GEO,M,,,,1717,0,40,AUG25,2008,i
13626434,"Lomtadze, Nikoloz",GEO,M,,,,1444,0,40,AUG25,2008,i
13609416,"Loria, Irakli",GEO,M,,,,1866,0,20,AUG25,1956,i
13610430,"Lortkipanidze, Giorgi",GEO,M,,,,1768,0,20,AUG25,1953,i
13620070,"Lortkipanidze, Goga",GEO,M,,,,1584,0,40,AUG25,2005,i
13604058,"Lortkipanidze, Nodar",GEO,M,IM,,,2430,0,10,AUG25,1994,i
13646591,"Lotikashvili, Malkhaz",GEO,M,,,,1524,0,40,AUG25,2000,i
13610376,"Machaidze, Paata",GEO,M,,,,1921,0,20,AUG25,1982,i
13617214,"Macharashvili, Ana",GEO,F,,,,1590,0,40,AUG25,2007,wi
13635506,"Macharashvili, Buba",GEO,M,,,,1429,0,40,AUG25,2007,i
13620738,"Machitidze, Maia",GEO,F,,,,1674,0,20,AUG25,1971,w
13605070,"Madzgharashvili, Sandro",GEO,M,,,,1674,0,20,AUG25,1987,i
13602276,"Maghalashvili, Davit",GEO,M,GM,,,2524,0,10,AUG25,1987,i
13627562,"Maghaldadze, Nugzar",GEO,M,,,,1458,0,40,AUG25,2008,i
13618822,"Maghlakelidze, Lado",GEO,M,,,,1732,0,40,AUG25,2007,i
13635930,"Maghlakelidze, Nikoloz",GEO,M,,,,ACM,1627,0,AUG25,2013,i
13617826,"Maghlakelidze, Rusudan",GEO,F,,,,1735,0,20,AUG25,2005,wi
13615610,"Maghlakelidze, Saba",GEO,M,,,,1699,0,20,AUG25,2001,i
13602683,"Maghlaperidze, Grigol",GEO,M,,,,2073,0,20,AUG25,1987,i
13605372,"Maghradze, Archil",GEO,M,,,,1878,0,20,AUG25,1994,i
13603272,"Maisuradze, Geronti",GEO,M,,,,2161,0,20,AUG25,1990,i
13626108,"Maisuradze, Nino",GEO,F,,,,1434,0,40,AUG25,2008,wi
13624458,"Makatsaria, Guladi",GEO,M,,,,1680,0,20,AUG25,1983,i
13626442,"Makatsaria, Sandro",GEO,M,,,,1482,0,40,AUG25,2009,i
13639714,"Makharadze, Demetre",GEO,M,,,,AFM,1506,0,AUG25,2013,
13617710,"Makharadze, Elene",GEO,F,,,,1644,0,20,AUG25,1965,wi
13614460,"Makharadze, Giorgi",GEO,M,,,,1826,0,20,AUG25,1951,i
13627686,"Makharadze, Tornike",GEO,M,,,,1669,0,20,AUG25,2003,i
13635298,"Makharashvili, Ivane",GEO,M,,,,1429,0,40,AUG25,2009,i
13622188,"Makhatadze, Khatia",GEO,F,,,,1551,0,40,AUG25,2007,wi
13627694,"Malania, Ana",GEO,F,,,,1562,0,40,AUG25,2006,wi
13637045,"Malania, Roma",GEO,M,,,,1481,0,40,AUG25,2015,i
13610988,"Malania, Vakhtang",GEO,M,,,,1771,0,20,AUG25,1954,i
13637061,"Malania, Zurab",GEO,M,,,,1600,0,40,AUG25,2013,i
13624466,"Malazonia, Giorgi",GEO,M,,,,1500,0,20,AUG25,1997,i
13617222,"Mamardashvili, Ana",GEO,F,,,,1764,0,20,AUG25,2006,w
13605810,"Mamulaishvili, Tsotne",GEO,M,,,,1935,0,20,AUG25,2001,i
13642898,"Managadze, Mate",GEO,M,,,,ACM,1444,0,AUG25,2011,
13600575,"Managadze, Nikoloz",GEO,M,IM,,,2488,0,10,AUG25,1969,i
13608142,"Managadze, Nodar",GEO,M,,,,1875,0,20,AUG25,1998,i
13649388,"Manchkhashvili, Luka",GEO,M,,,,1540,0,40,AUG25,2016,
13604422,"Mangiashvili, Otar",GEO,M,,,,1954,0,20,AUG25,1995,i
13625934,"Manukyan, Martin",GEO,M,,,,1423,0,20,AUG25,2004,i
13636332,"Margvelani, Giorgi",GEO,M,,,,1588,0,40,AUG25,2009,i
13618199,"Markarov, Eduard",GEO,M,,,,1650,0,20,AUG25,1998,i
13601695,"Martsvalashvili, Ruzvelt",GEO,M,,,,1790,0,20,AUG25,1956,i
13610147,"Maskharashvili, Gela",GEO,M,,,,1755,0,20,AUG25,1988,i
13622382,"Matitashvili, Tamar",GEO,F,,,,1461,0,40,AUG25,2006,wi
13624660,"Matkava, Zurab",GEO,M,,,,1644,0,20,AUG25,1985,i
13637894,"Maziashvili, Nikoloz",GEO,M,,,,1553,0,40,AUG25,2012,
13600966,"Mchedlishvili, Mikheil",GEO,M,GM,,,2530,0,10,AUG25,1979,
13605399,"Mdinaradze, Edgar",GEO,M,,,,1786,0,20,AUG25,1942,
13603418,"Medzmariashvili, Ana",GEO,F,WCM,WCM,,1978,0,20,AUG25,1989,wi
13637509,"Megrelishvili, Ivane",GEO,M,,,,2071,0,20,AUG25,1983,i
13623044,"Mekoshvili, Mate",GEO,M,,,,1511,0,40,AUG25,2008,i
13600397,"Melashvili, Nino",GEO,F,WIM,WIM,,2109,0,20,AUG25,1961,wi
13602446,"Melia, Salome",GEO,F,IM,WGM,,2227,0,10,AUG25,1987,w
13612883,"Melkonyan, Felix",GEO,M,,,,1959,0,20,AUG25,1954,i
13614819,"Memarnishvili, Archil",GEO,M,,,,1737,0,20,AUG25,2001,i
13639390,"Meparishvili, Giorgi",GEO,M,,,,1514,0,40,AUG25,2014,
13603760,"Merabishvili, Alexandre",GEO,M,,,,1930,0,20,AUG25,1992,i
13619632,"Meskhi, Giorgi",GEO,M,,,,1558,0,40,AUG25,2003,
13619640,"Meskhi, Saba L",GEO,M,,,,1621,0,40,AUG25,2006,i
13617915,"Meskhia, Giorgi",GEO,M,,,,1608,0,20,AUG25,2004,i
13627678,"Metonidze, Keso",GEO,F,,,,1497,0,40,AUG25,2008,wi
13613464,"Metreveli, Teimuraz",GEO,M,,,,1888,0,20,AUG25,1959,i
13634763,"Mgeladze, Alexandre",GEO,M,,,,1683,0,20,AUG25,1982,i
13621130,"Mgeladze, Kesaria",GEO,F,WFM,WFM,,2083,0,40,AUG25,2010,w
13601202,"Mgeladze, Tamaz",GEO,M,IM,,,2288,0,20,AUG25,1981,i
13615203,"Mghvdeladze, Rati",GEO,M,,,,1610,0,20,AUG25,2004,i
13603108,"Mikadze, Miranda",GEO,F,WGM,WGM,,2187,0,20,AUG25,1989,wi
13619497,"Mikava, Luka",GEO,M,,,,1735,0,20,AUG25,2002,i
13601792,"Mikeladze, Berdia",GEO,M,,,,2110,7,20,AUG25,1992,
13635190,"Mikelaishvili, Barbare",GEO,F,,,,1428,0,40,AUG25,2012,wi
13617230,"Mikiashvili, Barbare",GEO,F,,,,1726,0,40,AUG25,2007,wi
13627716,"Mikirtichyan, Aida",GEO,F,,,,1594,0,20,AUG25,2002,wi
13619896,"Minasyan, Davit",GEO,M,,,,1570,0,40,AUG25,2007,i
13647229,"Mindiashvili, Alexandre",GEO,M,,,,1481,0,40,AUG25,2013,
13614843,"Mindiashvili, Tengiz",GEO,M,,,,1944,0,20,AUG25,1992,i
13604570,"Mindorashvili, Vano",GEO,M,,,,1933,0,20,AUG25,1980,i
13609602,"Mkhetsadze, Konstantine",GEO,M,,,,1762,0,20,AUG25,1973,i
13633155,"Mkrtchyan, Aida",GEO,F,,,,1516,0,20,AUG25,2002,wi
13644149,"Modebadze, Nikoloz",GEO,M,,,,1418,0,40,AUG25,2009,
13610457,"Modrekiladze, Beka",GEO,M,,,,1772,0,20,AUG25,1995,i
13602535,"Morchiashvili, Bachana",GEO,M,IM,,,2243,0,10,AUG25,1984,i
13617001,"Mskhaladze, Alexandre",GEO,M,,,,1458,0,40,AUG25,2008,i
13635840,"Mtvarelidze, Nutsa",GEO,F,,,,1424,0,40,AUG25,2010,w
13612123,"Mujirishvili, Giorgi",GEO,M,,,,1821,0,20,AUG25,1979,i
13610570,"Mukhiguli, Mikheil",GEO,M,,,,1884,0,20,AUG25,2000,i
13609394,"Mumladze, Maia",GEO,F,,,,1743,0,20,AUG25,1998,wi
13650920,"Mumladze, Nikoloz",GEO,M,,,,1849,0,40,AUG25,2002,
13617842,"Museridze, Nana",GEO,F,,,,1854,0,20,AUG25,1964,wi
13613626,"Nachqebia, Luka",GEO,M,,,,1887,0,20,AUG25,2000,i
13610589,"Nadiradze, Anton",GEO,M,,,,1855,0,20,AUG25,2002,i
13644858,"Nadiradze, Givi",GEO,M,,,,1422,0,40,AUG25,2011,
13629298,"Nadiradze, Tamaz",GEO,M,,,,1569,0,20,AUG25,2003,i
13601512,"Nadirashvili, Shalva",GEO,M,,,,2090,0,20,AUG25,1995,i
13609645,"Nagerlishvili, Luka",GEO,M,,,,1695,0,20,AUG25,1996,i
13632906,"Nakashidze, Nino",GEO,F,,,,1440,0,40,AUG25,2013,wi
13625675,"Nanayan, Hovakim",GEO,M,,,,1447,0,40,AUG25,2007,i
13628216,"Nanayan, Hovanes",GEO,M,,,,1522,0,40,AUG25,2007,i
13611615,"Naneishvili, Dali",GEO,F,,,,1750,0,20,AUG25,1999,wi
13615866,"Naqopia, Giorgi",GEO,M,,,,1888,0,20,AUG25,2004,i
13624962,"Nasaridze, Giorgi",GEO,M,,,,1470,0,40,AUG25,2009,i
13619527,"Natsauri, Luka",GEO,M,,,,1609,0,20,AUG25,2003,i
13622218,"Naveryani, Tamar",GEO,F,,,,1405,0,40,AUG25,2008,wi
13602462,"Neilson, Nino",GEO,F,WFM,WFM,,2110,0,20,AUG25,1985,wi
13619250,"Nemsadze, Daviti",GEO,M,FM,,,2069,0,40,AUG25,2008,i
13640674,"Nemsitsveridze, Alexandre",GEO,M,,,,1447,0,40,AUG25,2013,
13638513,"Nemsitsveridze, Giorgi",GEO,M,,,,1525,0,40,AUG25,2016,
13638521,"Nemsitsveridze, Luka",GEO,M,,,,1445,0,40,AUG25,2015,
13603078,"Nigalidze, Gaioz",GEO,M,IM,,,2434,0,10,AUG25,1989,i
13603302,"Nikabadze, Mariam",GEO,F,WFM,WFM,NA,1974,0,20,AUG25,1987,wi
13632728,"Nikoladze, Gela",GEO,M,,,,1693,0,20,AUG25,1999,i
13600427,"Nikoladze, Sopio",GEO,F,WIM,WIM,,1993,0,20,AUG25,1973,wi
13604015,"Nikolashvili, Giorgi",GEO,M,FM,,,2198,0,20,AUG25,1993,i
13628844,"Nukradze, Mariam",GEO,F,,,,1474,0,40,AUG25,2012,wi
13640682,"Nutsubidze, Andria",GEO,M,,,,1424,0,40,AUG25,2012,
13608207,"Oboladze, Luka",GEO,M,IM,,,2305,0,20,AUG25,2002,i
13638807,"Ochigava, Nikoloz",GEO,M,,,,1479,0,40,AUG25,2010,i
13626868,"Odlomishvili, Giorgi",GEO,M,,,,1869,0,20,AUG25,1988,i
13639579,"Onashvili, Tevdore",GEO,M,,,,1534,0,40,AUG25,2010,i
13617974,"Oniani, Saba",GEO,M,,,,1569,0,20,AUG25,2000,i
13613715,"Oniani, Tamar",GEO,F,,,,1764,0,20,AUG25,2001,wi
13626450,"Orbeladze, Giorgi",GEO,M,,,,1461,0,40,AUG25,2009,i
13627589,"Orbeladze, Sandro",GEO,M,,,,1527,0,40,AUG25,2010,i
13619586,"Otinashvili, Giorgi",GEO,M,,,,1528,0,40,AUG25,2005,i
13605100,"Otkhozoria, Temur",GEO,M,,,,1896,0,20,AUG25,1997,i
13624474,"Ovashvili, Tornike",GEO,M,,,,1584,0,20,AUG25,2001,i
13602934,"Paichadze, Luka",GEO,M,GM,,,2480,0,10,AUG25,1991,
13625217,"Paichadze, Luka",GEO,M,,,,1569,0,40,AUG25,2006,i
13647814,"Paikidze, Saba",GEO,M,,,,1545,0,40,AUG25,2009,
13602071,"Pantsulaia, Levan",GEO,M,GM,,,2518,0,10,AUG25,1986,
13642863,"Papashvili, Davit",GEO,M,,,,1401,0,40,AUG25,2008,
13638815,"Papashvili, Saba",GEO,M,,,,1475,0,40,AUG25,2010,i
13616730,"Papashvili, Tata",GEO,F,,,,1533,0,20,AUG25,2003,wi
13618903,"Papiashvili, Giorgi",GEO,M,,,,1741,0,20,AUG25,2003,i
13646974,"Papiashvili, Shota",GEO,M,,,,1431,0,40,AUG25,2014,
13614851,"Pataraia, Beka",GEO,M,,,,1571,0,20,AUG25,2003,i
13644564,"Pataraia, Davit",GEO,M,,,,1419,0,40,AUG25,2008,i
13625578,"Pataridze, Anastasia",GEO,F,,,,1483,0,40,AUG25,2009,wi
13603485,"Patsia, Zviad",GEO,M,,,,2195,0,20,AUG25,1991,
13616846,"Pavliashvili, Neli",GEO,F,,,,1572,0,20,AUG25,2004,wi
13626035,"Peradze, Davit",GEO,M,,,,1678,0,20,AUG25,2001,i
13641301,"Peradze, Giorgi",GEO,M,,,,1495,0,40,AUG25,2007,i
13603493,"Pertaia, Enver",GEO,M,,,,1977,0,20,AUG25,1982,i
13620444,"Pertaia, Nikoloz",GEO,M,,,,1551,0,40,AUG25,2008,i
13635409,"Petrakov, Bogdan",GEO,M,,,,1711,0,40,AUG25,2007,
13647300,"Petriashvili, Natali",GEO,F,,,,1517,0,40,AUG25,2015,w
13611216,"Petriashvili, Nikoloz",GEO,M,IM,,,2346,0,20,AUG25,2002,
13614576,"Pipia, Ekaterine",GEO,F,,,,1896,0,20,AUG25,2003,wi
13628836,"Pipia, Giorgi",GEO,M,,,,1460,0,40,AUG25,2011,i
13624040,"Pirtskhalaishvili, Lile",GEO,F,,,,1423,0,40,AUG25,2010,wi
13617010,"Pirtskhalava, Luka",GEO,M,,,,1532,0,40,AUG25,2006,i
13627040,"Pkhakadze, Sopio",GEO,F,,,,1541,0,40,AUG25,1976,w
13617923,"Pochkhua, Lizi",GEO,F,,,,1603,0,20,AUG25,2006,wi
13639048,"Poladashvili, Nikoloz",GEO,M,,,,1575,0,20,AUG25,2003,i
13620010,"Porchkhidze, Lasha",GEO,M,,,,1803,0,20,AUG25,1995,i
13616641,"Prodiashvili, Levan",GEO,M,,,,1720,0,20,AUG25,1986,i
13602659,"Purtseladze, Maka",GEO,F,IM,WGM,,2202,0,20,AUG25,1988,w
13628720,"Qalabegashvili, Data",GEO,M,,,,1711,0,40,AUG25,2011,i
13601245,"Qalagashvili, Pridon",GEO,M,,,,2049,0,20,AUG25,1965,i
13615408,"Qalichava, Akaki",GEO,M,FM,,,2164,0,20,AUG25,2005,i
13638190,"Qipiani, Elene",GEO,F,,,,1464,0,40,AUG25,2015,w
13619535,"Qiqishvili, Giorgi",GEO,M,,,,1499,0,20,AUG25,2003,i
13618296,"Qochiashvili, Ani",GEO,F,,,,1566,0,40,AUG25,2006,wi
13606174,"Qruashvili, Luka",GEO,M,,,,1763,0,20,AUG25,1998,i
13643460,"Qubaneishvili, Andria",GEO,M,,,,1525,0,40,AUG25,2016,
13643479,"Qubaneishvili, Tornike",GEO,M,,,,1435,0,40,AUG25,1993,
13627449,"Quljanishvili, Saba",GEO,M,,,,1522,0,40,AUG25,2009,i
13602250,"Quparadze, Giga",GEO,M,GM,,,2558,0,10,AUG25,1987,
13617028,"Qurshubadze, Irakli",GEO,M,,,,1558,0,40,AUG25,2006,i
13636340,"Rachvelishvili, Andria",GEO,M,,,,1518,0,40,AUG25,2009,i
13622412,"Ramazashvili, Alexandre",GEO,M,,,,1445,0,40,AUG25,2007,i
13611178,"Rashoev, Rezo",GEO,M,,,,1737,0,20,AUG25,1962,
13645781,"Ratiani, Tsiala",GEO,F,,,,1711,0,40,AUG25,1978,wi
13635859,"Rekhviashvili, Mariam",GEO,F,,,,1649,0,40,AUG25,2015,w
13629450,"Rekhviashvili, Mate",GEO,M,,,,1476,0,40,AUG25,2010,i
13614320,"Rekhviashvili, Tengiz",GEO,M,,,,1791,0,20,AUG25,1951,i
13637754,"Rostomashvili, Giorgi",GEO,M,,,,1574,0,20,AUG25,2001,i
13617982,"Rtskhiladze, Avto",GEO,M,,,,1592,0,20,AUG25,2002,i
13620118,"Rukhadze, Alexandre",GEO,M,,,,1855,0,20,AUG25,1985,i
13625691,"Rukhadze, Luka",GEO,M,,,,1434,0,40,AUG25,2007,i
13619438,"Rukhadze, Tornike",GEO,M,,,,1728,0,20,AUG25,1988,i
13640771,"Rusitashvili, Tea",GEO,F,,,,1704,0,40,AUG25,2013,w
13618660,"Saakyan, David",GEO,M,,,,1775,0,20,AUG25,2002,i
13619802,"Safarov, Deniel",GEO,M,FM,,,1994,0,40,AUG25,2007,
13645080,"Saganelidze, Giorgi",GEO,M,,,,1401,0,40,AUG25,2009,
13612280,"Sajaia, Mariam",GEO,F,,,,1674,0,20,AUG25,1999,wi
13623052,"Sajaia, Saba",GEO,M,,,,1490,0,40,AUG25,2007,i
13615513,"Sakhamberidze, Natia",GEO,F,,,,1567,0,40,AUG25,2005,w
13637002,"Sakhelashvili, Gabriel",GEO,M,,,,1600,0,40,AUG25,2012,
13640992,"Sakhelashvili, Nano",GEO,F,,,,1537,0,40,AUG25,2009,w
13636880,"Sakhelashvili, Sandro",GEO,M,,,,1506,0,40,AUG25,2013,i
13636669,"Sakhokia, Luka",GEO,M,,,,1537,0,40,AUG25,2014,
13637843,"Saltkhutsishvili, Salome",GEO,F,,,,1423,0,40,AUG25,2011,wi
13636995,"Saltkhutsishvili, Sara",GEO,F,,,,1540,0,40,AUG25,2015,w
13629212,"Samqurashvili, Zviad",GEO,M,,,,1465,0,40,AUG25,2009,
13614355,"Samushia, Guliver",GEO,M,,,,1768,0,20,AUG25,1953,i
13639072,"Sanadze, Nikusha",GEO,M,,,,1534,0,40,AUG25,2007,i
13620860,"Sanikidze, Ana",GEO,F,,,,1517,0,40,AUG25,2008,wi
13615424,"Sanikidze, Giorgi",GEO,M,,,,1734,0,40,AUG25,2007,i
13611208,"Sanikidze, Salome",GEO,F,,,,1834,0,20,AUG25,2001,wi
13602608,"Sanikidze, Tornike",GEO,M,GM,,,2510,0,10,AUG25,1989,i
13620541,"Sarishvili, Mariam",GEO,F,,,,1650,0,40,AUG25,2008,w
13636944,"Sarjveladze, Nikoloz",GEO,M,,,,1680,0,40,AUG25,2012,i
13615874,"Sartania, Giorgi",GEO,M,,,,AGM,1841,0,AUG25,2003,i
13639625,"Sebiskveradze, Saba",GEO,M,,,,1538,0,40,AUG25,2015,
13621033,"Sepishvili, Saba",GEO,M,,,,1672,0,40,AUG25,2008,
13620681,"Sesikashvili, Otar",GEO,M,,,,1569,0,40,AUG25,2008,i
13600532,"Shalamberidze, Akaki",GEO,M,IM,,,2224,0,20,AUG25,1969,
13601008,"Shamatava, Ana",GEO,F,WFM,WFM,,2033,0,20,AUG25,1996,wi
13625713,"Shamatava, Giorgi",GEO,M,,,,1549,0,40,AUG25,2007,i
13629700,"Shamatava, Ioseb",GEO,M,,,,1461,0,40,AUG25,2010,i
13619950,"Shamatava, Nikolozi",GEO,M,FM,,,2032,0,40,AUG25,2008,
13623290,"Shamugia, Nini",GEO,F,,,,1407,0,40,AUG25,2007,wi
13602195,"Shamugia, Shavleg",GEO,M,FM,,,2152,0,20,AUG25,1982,i
13601784,"Shanava, Konstantine",GEO,M,GM,,,2379,0,10,AUG25,1985,i
13634020,"Shanidze, Nikoloz",GEO,M,,,,1507,0,40,AUG25,2013,i
13619993,"Shapovalovi, Vasiko",GEO,M,,,,1857,0,40,AUG25,2007,
13623222,"Sharia, Niniko",GEO,F,,,,1440,0,40,AUG25,2005,wi
13619411,"Shashviashvili, Ioseb",GEO,M,,,,1829,0,20,AUG25,1966,i
13642090,"Shatirishvili, Ilia",GEO,M,,,,1410,0,40,AUG25,2010,
13631861,"Shavelashvili, Givi",GEO,M,,,,1860,0,20,AUG25,1942,i
13627902,"Shavgulidze, Lizi",GEO,F,,,,1431,0,40,AUG25,2009,wi
13641239,"Shavidze, Nodar",GEO,M,,,,1422,0,40,AUG25,2010,i
13637932,"Shavladze, Davit",GEO,M,,,,1544,0,40,AUG25,2013,
13601261,"Shavtvaladze, Nikoloz",GEO,M,IM,,,2412,0,10,AUG25,1983,i
13627368,"Shedania, Irakli",GEO,M,,,,1520,0,40,AUG25,2009,i
13621602,"Shengelia, Mate",GEO,M,,,,1699,0,20,AUG25,2003,i
13647512,"Shenheliia, Sofiko",GEO,F,,,,1525,0,40,AUG25,2013,w
13613820,"Shereshashvili, Bezhan",GEO,M,,,,1676,0,40,AUG25,1999,i
13619624,"Shevardnadze, Vladimer",GEO,M,,,,1851,0,20,AUG25,1951,i
13625977,"Shikhashvili, Irakli",GEO,M,,,,1666,0,20,AUG25,1983,i
13633252,"Shogiradze, Genuri",GEO,M,,,,1659,0,20,AUG25,1949,i
13607138,"Shonia, Amiran",GEO,M,,,,1746,0,20,AUG25,1999,i
13632698,"Shonia, Barbare",GEO,F,,,,1455,0,40,AUG25,2013,w
13604716,"Shonia, Giorgi",GEO,M,,,,1863,0,20,AUG25,1995,i
13623303,"Shonia, Nia",GEO,F,,,,1503,0,40,AUG25,2008,wi
13633350,"Shubitidze, Barbare",GEO,F,,,,1513,0,40,AUG25,2010,wi
13634046,"Shughliashvili, Sopho",GEO,M,,,,1530,0,40,AUG25,2010,
13641867,"Shurgulaia, Nino",GEO,F,,,,1447,0,40,AUG25,2015,w
13619276,"Shvangiradze, Amiko",GEO,M,,,,1447,0,40,AUG25,2007,i
13612557,"Sibashvili, Davit",GEO,M,,,,1741,0,20,AUG25,2005,i
13602799,"Sibashvili, Giorgi",GEO,M,IM,,,2393,0,10,AUG25,1998,
13620410,"Sichinava, Giorgi",GEO,M,,,,1586,0,20,AUG25,2006,i
13620401,"Sichinava, Mariam",GEO,F,,,,1639,0,40,AUG25,2007,wi
13623060,"Sichinava, Mikheil",GEO,M,,,,1546,0,40,AUG25,2007,i
13611194,"Sidamonidze, Anastasia",GEO,F,,,,1863,0,20,AUG25,2002,wi
13642995,"Sikharulidze, Giorgi",GEO,M,,,,1641,0,40,AUG25,1993,i
13620800,"Silagadze, Mate",GEO,M,,,,1651,0,40,AUG25,2007,
13610996,"Silagava, Tristan",GEO,M,,,,1547,0,20,AUG25,1941,i
13608266,"Sinatashvili, Soso",GEO,M,,,,1805,0,20,AUG25,1998,i
13601318,"Siprashvili, Ivane",GEO,M,,,,2137,0,20,AUG25,1955,i
13603973,"Siradze, Salome",GEO,F,,IA,,1945,0,20,AUG25,1991,wi
13603299,"Sirbiladze, Sulkhan",GEO,M,,,,1924,0,20,AUG25,1985,i
13644394,"Sisvelashvili, Nia",GEO,F,,,,1483,0,40,AUG25,2014,w
13615084,"Skachkov, Vladimer",GEO,M,,,,1899,0,20,AUG25,1965,i
355105450,"Skhiladze, Otar",GEO,M,,,,AFM,1555,0,AUG25,1984,i
13634054,"Skhirtladze, Barbare",GEO,F,,,,1478,0,40,AUG25,2010,w
13646265,"Skhvitaridze, Daniel",GEO,M,,,,1532,0,40,AUG25,2016,
13615440,"Solomonia, Nino",GEO,F,,,,1533,0,20,AUG25,2005,wi
13626914,"Songulia, Akaki",GEO,M,,,,1939,0,40,AUG25,1976,i
13648667,"Sopromadze, Lana",GEO,F,,,,1423,0,40,AUG25,2012,w
13626540,"Sordia, Marta",GEO,F,,,,1603,0,40,AUG25,2010,wi
13610651,"Stepanova, Olgha",GEO,F,,,,1623,0,20,AUG25,2001,wi
13622420,"Sturua, Tengiz",GEO,M,,,,1507,0,40,AUG25,2006,i
13600095,"Sturua, Zurab",GEO,M,GM,,,2489,0,10,AUG25,1959,i
13635131,"Suarishvili, Nikoloz",GEO,M,,,,1536,0,40,AUG25,2012,
13602438,"Suladze, Amiran",GEO,M,,,,1786,0,20,AUG25,1958,i
13602284,"Sulashvili, Malkhaz",GEO,M,IM,,,2291,0,10,AUG25,1986,i
13618148,"Sutidze, Otar",GEO,M,,,,1711,0,20,AUG25,2003,i
13638661,"Svanadze, Lile",GEO,F,,,,1499,0,40,AUG25,2016,w
13633015,"Svanidze, Dachi",GEO,M,,,,1408,0,40,AUG25,2013,
13634798,"Svanidze, Ioane",GEO,M,,,,1484,0,40,AUG25,2013,
13635972,"Svanidze, Nikoloz",GEO,M,,,,1404,0,40,AUG25,2013,
13630024,"Tabatadze, Erekle",GEO,M,,,,1901,0,40,AUG25,2010,
13636537,"Tabatadze, Saba",GEO,M,,,,1433,0,40,AUG25,2011,i
13641000,"Tabatadze, Tamar",GEO,F,,,,1474,0,40,AUG25,2010,w
13600214,"Tabatadze, Tamaz",GEO,M,IM,,,2372,0,20,AUG25,1968,i
13608720,"Tabukashvili, Lasha",GEO,M,,,,1694,0,20,AUG25,1997,
13611003,"Tadumadze, Giorgi",GEO,M,,,,1704,0,20,AUG25,2001,i
13638262,"Taktakishvili, Saba",GEO,M,,,,1442,0,40,AUG25,2010,i
13630300,"Talikadze, Leri",GEO,M,,,,1551,0,20,AUG25,2001,
13601911,"Tandashvili, Margalita",GEO,F,,,,1986,0,20,AUG25,1958,wi
13634917,"Targamadze, Alexandre",GEO,M,,,,1486,0,40,AUG25,2012,i
13613740,"Tasoshvili, Tamar",GEO,F,,,,1658,0,20,AUG25,2005,w
13610830,"Tatoshvili, Nodar",GEO,M,,,,1633,0,20,AUG25,2004,i
13628470,"Tatvidze, Davit",GEO,M,,,,1753,0,40,AUG25,2012,i
13637088,"Tavberidze, Alexandre",GEO,M,,,,1602,0,40,AUG25,2012,
13611712,"Tavzarashvili, Giorgi",GEO,M,,,,1879,0,20,AUG25,1999,i
13618814,"Tedoradze, Tornike",GEO,M,,,,1525,0,20,AUG25,2004,i
13603515,"Tedoshvili, Ana",GEO,F,,,,1870,0,20,AUG25,1998,wi
13644157,"Tenieshvili, Petre",GEO,M,,,,1480,0,40,AUG25,2009,
13614517,"Terashvili, Nariman",GEO,M,,,,1928,0,20,AUG25,1955,i
13600486,"Tereladze, Sopio",GEO,F,WIM,WIM,,2076,0,20,AUG25,1972,wi
13602829,"Tetradze, Andrey",GEO,M,FM,,,2098,0,20,AUG25,1965,
13610627,"Tetunashvili, Revaz",GEO,M,,,,1752,0,20,AUG25,1998,i
13605470,"Tevzadze, Mariam",GEO,F,,,,1981,0,20,AUG25,1993,wi
13610481,"Todashvili, Mate",GEO,M,,,,1848,0,20,AUG25,2002,i
13632094,"Todua, Andria",GEO,M,,,,1610,0,40,AUG25,2012,
13626477,"Toidze, Tengiz",GEO,M,,,,1801,0,40,AUG25,2009,
13612212,"Toloraia, Teimuraz",GEO,M,,,,1891,0,20,AUG25,2002,i
13603906,"Tqavadze, Giorgi",GEO,M,,,,AGM,1995,0,AUG25,1979,i
13601113,"Tqebuchava, Zurab",GEO,M,IM,,,2245,0,20,AUG25,1978,i
13613111,"Tqeshelashvili, Giorgi",GEO,M,,,,1900,0,20,AUG25,1976,
13600737,"Tqeshelashvili, Sopio",GEO,F,WGM,WGM,FA,2138,0,20,AUG25,1979,wi
13620690,"Tqeshelashvili, Veronika",GEO,F,,,,1521,0,40,AUG25,2008,wi
13643487,"Tsaguria, Luka",GEO,M,,,,1414,0,40,AUG25,2008,i
13625993,"Tsanatsqenishvili, Giorgi",GEO,M,,,,1893,0,40,AUG25,2005,i
13648330,"Tsanava, Mariam",GEO,F,,,,1437,0,40,AUG25,2012,w
13603434,"Tsatsalashvili, Keti",GEO,F,WGM,WGM,,2211,0,20,AUG25,1992,w
13643312,"Tsenteradze, Levan",GEO,M,,,,1599,0,40,AUG25,1989,i
13604503,"Tsereteli, Kakhaber",GEO,M,,,,2077,0,20,AUG25,1994,i
13635255,"Tsereteli, Nikoloz",GEO,M,,,,1589,0,40,AUG25,2006,i
13612565,"Tsereteli, Tornike",GEO,M,,,,1962,0,20,AUG25,2003,i
13631241,"Tsetskhladze, Davit",GEO,M,,,,1644,0,40,AUG25,1988,
13644017,"Tsetskhladze, Davit",GEO,M,,,,1755,0,40,AUG25,1995,
13623834,"Tsetskhladze, Mariam",GEO,F,WFM,WFM,,1800,0,40,AUG25,2009,wi
13622595,"Tsetskhladze, Sandro",GEO,M,,,,1435,0,40,AUG25,2006,i
13623567,"Tsetskhladze, Shota",GEO,M,,,,1571,0,40,AUG25,2010,i
13623885,"Tsikaridze, Anastasia",GEO,F,,,,1407,0,40,AUG25,2010,w
13601806,"Tsikarishvili, Nana",GEO,F,,,,2086,0,20,AUG25,1984,wi
13644416,"Tsiklauri, Mate",GEO,M,,,,1561,0,40,AUG25,2014,
13616048,"Tsintsalashvili, Salome",GEO,F,,,,1448,0,20,AUG25,2002,wi
13602942,"Tsiramua, Nodar",GEO,M,,,,2039,0,20,AUG25,1984,i
13605666,"Tsirekidze, Bakari",GEO,M,,,,1900,0,20,AUG25,1997,i
13619012,"Tsirekidze, Barbare",GEO,F,,,,1647,0,40,AUG25,2007,wi
13634410,"Tsitlauri, Ilia",GEO,M,,,,1487,0,40,AUG25,2011,
13611690,"Tsitsilashvili, Giorgi",GEO,M,,,,1702,0,20,AUG25,1994,i
13614550,"Tsivadze, Ekaterine",GEO,F,,,,1565,0,40,AUG25,2006,wi
13632590,"Tsivadze, Revaz",GEO,M,,,,1669,0,40,AUG25,2013,
13647253,"Tsivtsivadze, Dachi",GEO,M,,,,1525,0,40,AUG25,2015,
13633589,"Tsivtsivadze, Natalia",GEO,F,,,,1468,0,40,AUG25,2008,w
13628496,"Tsivtsivadze, Nini",GEO,F,,,,1579,0,40,AUG25,2011,w
13608738,"Tskhadadze, Giorgi",GEO,M,,,,1921,0,20,AUG25,1996,
13630059,"Tskhadadze, Nikoloz",GEO,M,,,,1508,0,40,AUG25,2010,
13622439,"Tskhenosanidze, Nikoloz",GEO,M,,,,1618,0,20,AUG25,2006,i
13624237,"Tskhomelidze, Badri",GEO,M,,,,1526,0,40,AUG25,1972,i
13616803,"Tskipurishvili, Daviti",GEO,M,,,,1828,0,20,AUG25,2004,i
13604023,"Tskitishvili, Alexandre",GEO,M,,,,2084,0,20,AUG25,1990,i
13635158,"Tskrialashvili, Saba",GEO,M,,,,1552,0,40,AUG25,2011,
13627457,"Tsobekhia, Malkhaz",GEO,M,,,,1573,0,20,AUG25,1970,i
13623311,"Tsobekhia, Megi",GEO,F,,,,1462,0,40,AUG25,2008,wi
13611895,"Tsomaia, Ekaterine",GEO,F,,,,1728,0,20,AUG25,2001,wi
13609246,"Tsomaia, Giorgi",GEO,M,,,,1478,0,40,AUG25,2009,i
13605496,"Tsomaia, Merab",GEO,M,,,,1928,0,20,AUG25,1994,i
13611518,"Tsomaia, Nikoloz",GEO,M,FM,,,2179,0,20,AUG25,2000,i
13610341,"Tsomaia, Sergo",GEO,M,,,,1840,0,20,AUG25,1950,i
13615939,"Tsotsonava, Elene",GEO,F,WFM,WFM,,1926,0,20,AUG25,2005,wi
13634925,"Tsulaia, Giorgi",GEO,M,,,,1580,0,40,AUG25,2014,
13617060,"Tsulaia, Luka",GEO,M,,,,1572,0,40,AUG25,2006,i
13601083,"Tsulaia, Mariam",GEO,F,,,,1825,0,20,AUG25,1997,w
13634941,"Tsulaia, Nika",GEO,M,,,,1564,0,40,AUG25,2013,
13624326,"Tsuleiskiri, Merab",GEO,M,,,,1605,0,20,AUG25,1968,i
13624130,"Tsurtsumia, Luka",GEO,M,,,,1599,0,40,AUG25,2009,
13620916,"Tsverava, Beka",GEO,M,,,,1521,0,40,AUG25,2010,i
13624997,"Tushishvili, Tamaz",GEO,M,,,,1635,0,40,AUG25,2009,i
13635000,"Tutashvili, Nikoloz",GEO,M,,,,1456,0,40,AUG25,2009,
13602853,"Tutisani, Noe",GEO,M,IM,,,2332,0,20,AUG25,1998,i
13605518,"Unapkoshvili, Nani",GEO,F,,,,2028,0,20,AUG25,1995,wi
13625209,"Ushkhvani, Elene",GEO,F,,,,1434,0,40,AUG25,2009,wi
13619020,"Ushkhvani, Marta",GEO,F,,,,1510,0,40,AUG25,2007,wi
13618024,"Utiashvili, Andria",GEO,M,,,,1493,0,40,AUG25,2005,i
13602560,"Vakhania, Aleksandra",GEO,F,WIM,WIM,NA,2053,0,20,AUG25,1986,wi
13605569,"Valishvili, Mariam",GEO,F,,,,1776,0,20,AUG25,1996,wi
13608320,"Varazashvili, Giorgi",GEO,M,,,,1677,0,20,AUG25,2001,i
13629794,"Varderesyan, Valodia",GEO,M,,,,1450,0,40,AUG25,2007,i
13633821,"Varsimashvili, Luka",GEO,M,,,,1521,0,40,AUG25,2009,
13620215,"Vartanyan, Tatiana",GEO,F,,,,1557,0,40,AUG25,2005,wi
13619675,"Vasadze, Andria",GEO,M,,,,1752,0,20,AUG25,1985,i
13624873,"Vashakidze, Elene",GEO,F,,,,1420,0,40,AUG25,2010,w
13635980,"Vashakidze, Giorgi",GEO,M,,,,1459,0,40,AUG25,2013,
13635999,"Vashakidze, Saba",GEO,M,,,,1416,0,40,AUG25,2015,
13631284,"Vashakidze, Vazha",GEO,M,,,,1479,0,40,AUG25,1988,
13639471,"Vashaqmadze, Davit-Dazmir",GEO,M,,,,1426,0,40,AUG25,2008,
13626302,"Vekua, Temur",GEO,M,,,,1930,0,20,AUG25,1951,i
13600524,"Vepkhvishvili, Varlam",GEO,M,FM,,,1937,0,20,AUG25,1953,i
13638769,"Veshaguri, Vika",GEO,F,,,,1480,0,40,AUG25,2012,wi
13604376,"Volkov, Nika",GEO,M,CM,,,2262,0,20,AUG25,1994,i
13649124,"Zakariadze, Ioane",GEO,M,,,,1485,0,40,AUG25,2014,
13628534,"Zandukeli, Elene",GEO,F,,,,1429,0,40,AUG25,2009,wi
13612093,"Zardiashvili, Akaki",GEO,M,,,,1971,0,20,AUG25,1992,i
13635204,"Zaridze, Barbare",GEO,F,,,,1552,0,40,AUG25,2011,w
13623869,"Zarkua, Anastasia",GEO,F,,,,1542,0,40,AUG25,2010,wi
13602292,"Zarkua, Davit",GEO,M,IM,,,2436,0,10,AUG25,1987,i
13611992,"Zeragia, Rozland",GEO,M,,,,1580,0,20,AUG25,1943,i
13643959,"Zhghenti, Giorgi",GEO,M,,,,1485,0,40,AUG25,2009,i
13616854,"Zhghenti, Nino",GEO,F,,,,1589,0,40,AUG25,2005,wi
13604031,"Zhorzholiani, Meri",GEO,F,WFM,WFM,FI,2087,0,20,AUG25,1990,wi
13617079,"Zhorzholiani, Zaali",GEO,M,,,,1449,0,40,AUG25,2007,i
13604813,"Zhvania, Luka",GEO,M,,,,1802,0,20,AUG25,1994,i
13644599,"Zivzivadze, Barbare",GEO,F,,,,1618,0,40,AUG25,2015,w
13620550,"Zoidze, Givi",GEO,M,,,,1528,0,40,AUG25,2007,i
13630946,"Zomartova, Ilya",GEO,M,,,,1964,0,40,AUG25,2009,i
13646826,"Zurabishvili, Gela",GEO,M,,,,1419,0,40,AUG25,2010,