ID Number,Name,Fed,Sex,Title,WTit,OTit,FOA,Rating,Gms,K,B-day,Flag
7802625,Aamir Zahoor,PAK,M,,,,1749,AUG25,9,20,1971,
7834519,Aarib Hammad,PAK,M,,,,1486,AUG25,0,40,2011,
7810776,Aayat Asmi,PAK,F,WCM,WCM,,1635,AUG25,8,40,2012,w
7825900,Abbas Ali,PAK,M,,,,1699,AUG25,6,40,2001,
7825641,Abdul Ahad,PAK,M,,,,1576,AUG25,0,40,2009,i
7803702,Abdul Haseeb,PAK,M,,,,1561,AUG25,0,20,1996,i
7807112,Abdul Jabbar GUJ,PAK,M,,SI,,1780,AUG25,7,20,1970,
7815581,Abdul Khaliq,PAK,M,,,,1618,AUG25,0,20,1955,i
7802811,Abdul Majid,PAK,M,,,,1879,AUG25,0,20,1987,i
7811217,Abdul Moarij Hayat,PAK,M,,NA,,1793,AUG25,0,20,2002,
7804687,Abdul Qadir,PAK,M,,,,1707,AUG25,0,40,1990,
7809204,Abdul Qayyum,PAK,M,,,,1791,AUG25,0,20,1992,i
7801661,Abdul Qayyum Rana,PAK,M,,,,1978,AUG25,8,20,1954,
7827873,Abdul Rehman,PAK,M,,,,1762,AUG25,5,40,2008,
7804458,Abdul Rehman Waheed,PAK,M,,,,1559,AUG25,0,40,2005,
7842783,Abdul Rehman Zaheer,PAK,M,,,,1681,AUG25,0,40,2005,
7809654,Abdul Wahid,PAK,M,,,,1644,AUG25,0,20,1985,i
7829620,Abdul Zahoor,PAK,M,,,,1556,AUG25,0,40,1993,
7833334,Abdullah,PAK,M,,,,1564,AUG25,0,40,2006,
7826893,Abdullah,PAK,M,,,,1717,AUG25,6,40,2014,
7839090,Abdullah Ahmad Yahya,PAK,M,,,,1591,AUG25,0,40,2007,
7823339,Abdullah Akber,PAK,M,,,,1605,AUG25,5,40,2011,
7816480,Abdullah Hassan Chaudhry,PAK,M,,,,1762,AUG25,0,20,1999,i
7843623,Abdullah Javed,PAK,M,,,,1593,AUG25,4,40,1991,
7825170,Abdullah Kamal,PAK,M,,SI,,1977,AUG25,0,40,1992,i
7818556,Abdullah Khetran,PAK,M,,NA,,1641,AUG25,3,20,2001,
7842180,Abdullah Qasim Buttar,PAK,M,,,,1940,AUG25,0,40,2007,
7816391,Abdullah Waris,PAK,M,,,,1854,AUG25,0,20,2000,i
7819447,Abid Hussain,PAK,M,,,,1703,AUG25,0,20,1972,i
7821239,Abida Manzoor,PAK,F,,,,1745,AUG25,0,40,2011,w
7813465,Abu Bakar Ahmed Umar,PAK,M,,,,1527,AUG25,0,40,1969,i
7823193,Abubakar Sattar,PAK,M,,,,AFM,AUG25,1700,0,2001,
7818220,Abubakr vohra,PAK,M,,,,ACM,AUG25,1482,0,2013,
7806493,Adil Gillani,PAK,M,,,,1629,AUG25,10,20,1990,
7804555,Adil Rehan Quddus,PAK,M,,,,1459,AUG25,0,40,2005,
7821123,Adnan Yousaf,PAK,M,,,,1769,AUG25,5,40,1984,
7805802,Adv. Muhammad Hakeem Khan,PAK,M,,,,1744,AUG25,0,20,1959,i
7805799,Adv. Muhammad Kousar Chugtai,PAK,M,,,,1715,AUG25,0,40,1975,i
7809352,Aftab Ahmed Mengal,PAK,M,,,,1740,AUG25,0,20,1981,i
7819820,Aftab Alam Khan,PAK,M,,,,1648,AUG25,0,40,1955,
7809212,Afzal Shahwani,PAK,M,,,,1594,AUG25,11,20,2000,
7806213,Agha Rehmat Ullah,PAK,M,,,,1537,AUG25,4,20,1960,
7814909,Agha Waseem Ahmed,PAK,M,,,,1785,AUG25,0,20,1971,i
7817045,Ahad Farzal Dojki,PAK,M,,,,1480,AUG25,0,40,2008,i
7847211,Ahmad Abbas Lali,PAK,M,,,,1612,AUG25,5,40,1995,
7825668,Ahmad Abdullah,PAK,M,,,,1815,AUG25,0,40,1991,
7802188,Ahmad Awais,PAK,M,,,,1824,AUG25,0,20,1970,
7829469,Ahmad Bilal Khan,PAK,M,,,,1668,AUG25,0,40,1993,i
7811292,Ahmad Khan Wazeer,PAK,M,,,,1486,AUG25,0,40,2007,
7805667,Ahmad Nabeel Javed Khan,PAK,M,,,,1803,AUG25,5,20,1983,
7801823,Ahmad Naeem,PAK,M,,,,1701,AUG25,0,20,1982,i
7801742,Ahmad Sunair Nadeem,PAK,M,,,,1803,AUG25,0,20,1993,
7817827,Ahmed Ali,PAK,M,,,,1683,AUG25,0,20,1997,i
7820828,Ahmed Majid,PAK,M,,,,1667,AUG25,0,20,1998,
7808216,Ahmed Moeed Yousuf,PAK,M,,,,AFM,AUG25,1544,0,2009,
7821654,Ahmed Mustafa Memon,PAK,M,,,,1532,AUG25,0,40,2011,
7815239,Ahmed Nawaz Khan,PAK,M,,,,1637,AUG25,0,20,1974,i
7833571,Ahmed Shehran Zafar,PAK,M,,,,1538,AUG25,0,40,2017,
7806086,Ahmed Ullah,PAK,M,,,,1685,AUG25,1,20,1990,
7817029,"Ahmed, Iyaad Moeed",PAK,M,,,,1530,AUG25,5,40,2014,
7831340,Ahmer Hussain,PAK,M,,NA,,AIM,AUG25,1631,2,2002,
7833180,Ahsan Aqil Malik,PAK,M,,,,1420,AUG25,0,40,2011,
7835027,Ahsan Ateeque,PAK,M,,,,ACM,AUG25,1611,5,2008,
7829965,Ahsan Feroz,PAK,M,,,,1923,AUG25,0,40,2011,
7826800,Aisha Qureshi,PAK,F,,,,1449,AUG25,2,40,2004,w
7802846,Akhtar Hussain,PAK,M,,,,1969,AUG25,14,20,1959,
7803524,Akif Hussain,PAK,M,,,,1755,AUG25,0,40,1992,i
7831269,Alam Sher Khan,PAK,M,,,,1482,AUG25,4,40,1983,
7800347,"Alam, Shahzad",PAK,M,CM,,,1852,AUG25,16,20,1965,
7807171,Aleena Zahid,PAK,F,,,,1519,AUG25,6,40,2003,w
7802897,Alhaj Mehmoodus Salaam,PAK,M,,,,1897,AUG25,0,20,1956,i
7845154,Ali Aslam Chaudhry,PAK,M,,,,1779,AUG25,8,40,2008,
7815514,Ali Haider,PAK,M,,,,1603,AUG25,0,20,2001,i
7804229,Ali Madad,PAK,M,,,,1935,AUG25,3,20,1960,
7835507,Ali Muhammad,PAK,M,,,,1540,AUG25,0,40,2003,i
7812540,Ali Nosherwan Hamed,PAK,M,,,,1604,AUG25,0,40,1996,
7801785,Ali Rayyan Sanwal,PAK,M,,,,AFM,AUG25,1767,7,1993,
7814917,Ali Raza,PAK,M,,SI,,1591,AUG25,0,20,1999,
7828292,Ali Shah,PAK,M,,,,1529,AUG25,0,40,2002,i
7846967,Ali Yousaf,PAK,M,,,,1634,AUG25,6,40,2005,
7820194,Alim ur Rehman,PAK,M,,,,1741,AUG25,0,40,1973,i
7810881,Alishba Shafique,PAK,F,,"NI,NA",,1622,AUG25,0,20,2003,wi
7828780,Aly Muhammad,PAK,M,,,,1512,AUG25,0,40,2004,i
7834500,Amaan Saad Garib,PAK,M,,,,ACM,AUG25,1566,0,2015,
7820801,Amal Alam Wahid,PAK,F,,,,1532,AUG25,0,40,2014,wi
7818580,Ameer Hamza Khetran,PAK,M,,,,1585,AUG25,0,20,1996,i
7800053,Amer Karim,PAK,M,FM,"NI,LSI,SI,NA",,2198,AUG25,9,20,1970,
7827881,Amir Ali,PAK,M,,,,1512,AUG25,3,40,1972,
7803362,Amir Butt,PAK,M,,,,1874,AUG25,8,20,1980,
7846649,Amir Karim Qureshi,PAK,M,,,,1666,AUG25,4,40,1974,
7834861,Amish Kumar,PAK,M,,,,1705,AUG25,3,40,2008,
7804768,Amjad Hafeez Bajwa,PAK,M,,,,1819,AUG25,0,20,1955,i
7827636,Amjad Mahmood,PAK,M,,,,1570,AUG25,8,20,1981,
7804466,Ammar Arfan,PAK,M,,,,1630,AUG25,0,20,2001,
7816332,"Amr Iftikhar, Hashmi",PAK,M,,,,ACM,AUG25,1594,3,2013,
7833253,Anas Farooq Moorad,PAK,M,,,,1471,AUG25,0,40,1994,
7816537,Anastasiia Nevruzina,PAK,F,,,,1444,AUG25,0,40,2009,wi
7814992,Aneeb Ur Rehman,PAK,M,,,,1795,AUG25,7,40,2003,
111105003,Aneeq Akhtar,PAK,M,,NA,,AFM,AUG25,1773,3,1999,
7817185,Anees Ur Rehman,PAK,M,,NA,,1579,AUG25,0,20,2002,i
7807465,Anis Ur Rehman Zaidi,PAK,M,,,,1857,AUG25,0,20,1964,i
7807430,Ansar Javed,PAK,M,,,,1825,AUG25,0,20,1967,i
7811381,Anwar Mubarik Virk,PAK,M,,,,1905,AUG25,0,40,1979,i
7801262,Aqib Javaid Butt,PAK,M,,,,1864,AUG25,0,20,1999,
7824351,Areeb Arshad,PAK,M,,,,1693,AUG25,0,40,1999,i
7818076,Areeb Kamal,PAK,M,,,,1614,AUG25,0,20,2003,i
7820763,Areesh Akber Ali,PAK,M,,,,1785,AUG25,0,40,2005,i
7809395,Arif Hussain,PAK,M,,,,1693,AUG25,0,20,1985,i
7835485,Arij Aurangzeb Polani,PAK,M,,,,1442,AUG25,0,40,2010,i
7840381,Arij Shujaat Hussain,PAK,M,,,,1674,AUG25,0,40,2008,
7801530,Arqam Haroon,PAK,M,,SI,,1874,AUG25,6,20,1989,
7823487,Arsalan Ali Bugti,PAK,M,,,,1616,AUG25,0,20,1990,
7837437,Arsalan Siddique,PAK,M,,,,1641,AUG25,0,40,2008,
7828462,Arsam Ahmad,PAK,M,,,,1708,AUG25,0,40,1999,i
7801769,Arshad Ali,PAK,M,,,,1906,AUG25,0,20,1973,i
7802803,Arshad Mehmood,PAK,M,,,,1829,AUG25,0,40,1958,i
7828985,Asad Ali,PAK,M,,,,1737,AUG25,0,40,2010,
7808615,Asad Javed,PAK,M,,,,AGM,AUG25,2019,9,1998,
7816340,"Asad Masood, Qureshi",PAK,M,,,,1848,AUG25,0,40,1975,i
7807872,Asad Ullah Khan,PAK,M,,,,1888,AUG25,0,20,1954,
7801041,"Asad Ullah, Khan",PAK,M,,NA,,1792,AUG25,11,20,1985,
7815280,Asfandyar,PAK,M,,,,1584,AUG25,0,20,1998,i
7808780,Asghar Bhatti,PAK,M,,,,1660,AUG25,8,40,2001,
7837127,Ashar Imran,PAK,M,,,,1420,AUG25,0,40,2013,
7819005,Ashar Mehmood,PAK,M,,,,1659,AUG25,0,20,2002,i
7808518,Ashaz Merchant,PAK,M,,,,AFM,AUG25,1660,0,2012,
7843950,Asher Ahmed,PAK,M,,,,1719,AUG25,0,40,2005,
7822391,Asher Asif Iqbal,PAK,M,,,,1428,AUG25,0,40,2012,
7826761,Ashfaq Mahmood Qureshi,PAK,M,,,,1756,AUG25,0,40,1972,i
7820097,Asif Mahmood Butt,PAK,M,,,,1746,AUG25,0,20,1972,i
7811420,"Asif, Khan",PAK,M,,,,1870,AUG25,0,20,1985,
7836937,Asim Khalid Mahmood,PAK,M,,SI,,1469,AUG25,0,40,1970,
7811446,Asma Rehman,PAK,F,,SI,,1596,AUG25,0,20,1996,w
7804784,Atta Ullah,PAK,M,,,,1612,AUG25,0,20,1967,i
7802285,Attique Manzoor,PAK,M,,NA,,1824,AUG25,0,20,1984,i
7809310,Aurang Zeb Khan,PAK,M,,,,1655,AUG25,0,20,1987,i
7823932,Awais Ahmed Malik,PAK,M,,,,1573,AUG25,0,40,2004,i
7807880,Awwad Mirza,PAK,M,,,,1972,AUG25,5,20,1988,
7814623,Ayesha Tanveer,PAK,F,,,,1522,AUG25,0,20,2003,wi
7808224,Azeemuddin,PAK,M,,,,1759,AUG25,0,40,1949,
7817690,Azhar Mehmood,PAK,M,,,,1901,AUG25,0,40,1999,
7822910,Azhar Uddin Akhund,PAK,M,,,,1836,AUG25,7,20,2002,
7803559,Azhar Uddin Khuhro,PAK,M,,,,1798,AUG25,0,20,1987,i
7824696,Aziz Ahmed Farooqi,PAK,M,,,,1838,AUG25,0,40,1957,
7807589,Babar Sultan,PAK,M,,,,1864,AUG25,0,40,1971,
7826850,Baneen Batool,PAK,F,,,,1529,AUG25,0,40,2004,w
7808402,Barkat Ali,PAK,M,,SI,,1820,AUG25,0,20,2000,
7801416,"Barlas, Raza Saghir",PAK,M,,,,1601,AUG25,7,20,1984,
7817819,Behroze Maimoon Wander,PAK,M,,,,1461,AUG25,6,40,2014,
7819242,Bilal Ahmed,PAK,M,,,,1619,AUG25,0,20,1977,i
7846096,Bilal Waheed Aslam,PAK,M,,,,1607,AUG25,0,40,1993,
7813155,"Bilal, Javed",PAK,M,,,,1751,AUG25,0,20,1999,i
7800363,"Butt, Khalil Ur Rehman",PAK,M,,"SI,NA",,2127,AUG25,0,20,1972,
7808089,Chaudhry Munir Sadiq,PAK,M,,,,1615,AUG25,0,20,1966,i
7810229,Cyril Samuel,PAK,M,,,,1571,AUG25,0,20,1993,i
7846800,Dahim Ahmed,PAK,M,,,,1596,AUG25,9,40,2007,
7809964,Dali Jan bugti,PAK,M,,,,1566,AUG25,0,20,1982,i
7811462,Daniyal Ahmed,PAK,M,,,,1512,AUG25,0,20,1997,i
7806515,Daniyal Ahsan,PAK,M,,NA,,1950,AUG25,0,20,1993,i
7828829,Daud Ahmed Siddiqui,PAK,M,,,,1621,AUG25,0,40,2009,
7835760,Diviyansh Kumar Punshi,PAK,M,,,,1695,AUG25,3,40,2007,
7806264,Dr. Muhammad Aslam,PAK,M,,,,1684,AUG25,0,20,1968,i
7801750,Dr. Murtaza Ali,PAK,M,CM,,,2133,AUG25,0,20,1981,
7807821,Dr. Shahjehan Alam,PAK,M,,,,1810,AUG25,0,20,1981,i
7835540,Ebad Ur Rehman,PAK,M,,,,1535,AUG25,8,40,2003,
7837615,Eesa Umar Dogar,PAK,M,,,,1430,AUG25,0,40,2016,
7809379,Ehsanullah Lehri,PAK,M,,NA,,1833,AUG25,0,20,1980,i
7800932,Ehtesham Ul Haq,PAK,M,,NA,,1866,AUG25,0,20,1991,i
7804903,Ejaz Ahmad,PAK,M,,,,1691,AUG25,16,20,1966,
7809514,Ewaz Ali,PAK,M,,,,1540,AUG25,1,20,1983,
7812906,Ewaz Ali Senior,PAK,M,,,,1651,AUG25,4,20,1963,
7846681,Fahad Ahmad,PAK,M,,,,1755,AUG25,0,40,2000,
7840365,Fahad Farooq Ahmed,PAK,M,,,,1708,AUG25,0,40,2006,
7801203,Faisal Khan,PAK,M,,,,1834,AUG25,6,20,1971,
7808801,Faisal Nadeem,PAK,M,,,,1685,AUG25,0,40,1990,
7830513,Faiz Murtaza Noon,PAK,M,,,,ACM,AUG25,1513,5,2011,
7824530,Faizan Nafees,PAK,M,,,,1719,AUG25,0,40,1997,i
7819056,Faqeer Hussain,PAK,M,,,,1653,AUG25,0,20,1967,i
7818823,Faran Ahmad Khan,PAK,M,,,,1625,AUG25,0,20,2002,i
7820755,Faraz Fareed,PAK,M,,,,1574,AUG25,0,40,1985,i
7821816,Fareeha Saddique,PAK,F,,,,AFM,AUG25,1798,10,1997,w
7814887,Farhan Ali,PAK,M,,,,1695,AUG25,0,20,1999,i
7823266,Farhan Hassan,PAK,M,,,,1699,AUG25,0,20,1994,i
7820348,Farhan Mustafa,PAK,M,,,,1685,AUG25,0,20,1987,i
7807031,Farhat Mahmood,PAK,M,,,,1632,AUG25,2,20,1961,
7800940,"Faryal, Gohar",PAK,M,,,,1700,AUG25,0,20,1988,
7814852,Farzeen Qureshi,PAK,F,,,,1516,AUG25,0,20,1997,w
7844298,Fasih Ur Rehman,PAK,M,,,,1654,AUG25,0,40,2004,
7841728,Fatima Naveed,PAK,F,,,,1504,AUG25,0,40,2004,w
7827539,Fatir Azan Khalid,PAK,M,,,,1567,AUG25,0,40,2009,i
7801653,Fauzan Ullah,PAK,M,,SI,,1884,AUG25,0,20,1973,
7800983,Ferman Aziz,PAK,M,,,,1827,AUG25,0,20,1976,i
7816170,Furqan Ul Haque,PAK,M,,,,1699,AUG25,0,40,1991,i
7836635,Gautam Kumar,PAK,M,,,,1786,AUG25,0,40,1999,
7801963,Ghanira Shafiq,PAK,F,,NA,,1522,AUG25,0,20,1995,wi
7800274,"Gillani, Tunveer M.D.",PAK,M,FM,,,2164,AUG25,14,20,1969,
7804911,Gul Hassan,PAK,M,,,,1683,AUG25,0,20,1975,i
7826907,Hafiz Taha Hassan,PAK,M,,,,1646,AUG25,0,40,2006,
7808844,Hafiza Mashal Rashid,PAK,F,,NA,,1921,AUG25,12,20,1995,w
7832478,Hafsa Fatima Niazi,PAK,F,,,,1550,AUG25,0,40,2007,w
7808151,Hafsa Hashmi,PAK,M,,,,1657,AUG25,0,40,1992,i
7825960,Haider Abbas,PAK,M,,,,1597,AUG25,0,40,2006,
7803192,Haider Ali,PAK,M,,,,1891,AUG25,0,20,1953,i
7828969,Haider Ali,PAK,M,,,,1482,AUG25,0,40,2010,i
7818971,Haider Anwar Khan,PAK,M,,,,1561,AUG25,0,40,2005,i
7828802,Hamid Gulzar,PAK,M,,,,1602,AUG25,5,20,1978,
7802650,Hamid Hassan,PAK,M,,,,AIM,AUG25,1977,0,1975,
7815484,Hamid Riaz,PAK,M,,,,1551,AUG25,0,20,1984,i
7836660,Hammad Bin Ahmer Lone,PAK,M,,,,1657,AUG25,0,40,2000,
7827393,Hammad Ul Hassan,PAK,M,,,,1695,AUG25,12,40,2000,
7821662,Hamza Ahmed Qureshi,PAK,M,,,,1653,AUG25,0,40,2000,
7834969,Hamza Asad,PAK,M,,,,1609,AUG25,0,40,2007,
7836368,Hamza Khan Mohmand,PAK,M,,,,1514,AUG25,0,40,2001,
7820259,Hamza Naseem Elahi,PAK,M,,,,1561,AUG25,0,20,2002,i
7808860,Hamza Nisar Dar,PAK,M,,,,1913,AUG25,0,20,1985,
7828543,Hamza Saeed,PAK,M,,,,1662,AUG25,0,40,2001,i
7843488,Hamza Shams,PAK,M,,,,1647,AUG25,0,40,2004,
7816545,Hamza Zaka Mustafa,PAK,M,,,,1675,AUG25,0,40,2009,i
7816456,Hamza Zaman,PAK,M,,,,1734,AUG25,0,20,1997,i
7822170,Hani Imran,PAK,M,,,,1705,AUG25,12,40,2007,
36084719,Hanif Qureshi,PAK,M,,,,1890,AUG25,0,20,1967,
7824017,Hanzala Azhar Khan,PAK,M,,,,1539,AUG25,0,40,2006,i
7830670,Hanzala Iqbal,PAK,M,,,,1622,AUG25,0,40,2006,
7840357,Haroon Bin Khalid,PAK,M,,,,1674,AUG25,0,40,2006,
7836929,Haroon Ikhlas Khan,PAK,M,,,,1631,AUG25,0,40,2012,
7817304,Haroon Masih,PAK,M,,,,1675,AUG25,4,20,1992,
7838930,Haroon Rasheed,PAK,M,,,,1577,AUG25,0,40,1999,
7823525,Harris Minhas,PAK,M,,,,1576,AUG25,0,20,1998,i
7807503,Hasan Ali,PAK,M,,,,1722,AUG25,0,20,1983,
7802633,Hasan Tariq Athar,PAK,M,,NA,,ACM,AUG25,1835,3,1966,
7809328,Haseeb Ur Rehman Jawad,PAK,M,,NA,,1735,AUG25,2,20,1982,
7811586,Haseeb Younus,PAK,M,,,,1733,AUG25,0,20,1993,i
7824840,Hasham Abdullah,PAK,M,,,,1530,AUG25,6,40,2005,
7813538,"Hasnain, Fareed",PAK,M,,,,1666,AUG25,0,40,1994,i
7806809,Hassaan Mehmood,PAK,M,,"NI,NA",,ACM,AUG25,1735,0,1994,i
7810865,Hassan Afzaal,PAK,M,,,,AFM,AUG25,1701,0,1988,
7831552,Hassan Ali Noon,PAK,M,,NA,,1532,AUG25,0,40,1979,
7807368,Hassan Hamid,PAK,M,,,,1675,AUG25,0,40,2015,
7842406,Haziq Adnan,PAK,M,,,,1552,AUG25,7,40,2011,
7806272,Hazrat Ali,PAK,M,,,,1641,AUG25,0,20,1948,i
7802439,Hazza Tariq,PAK,M,,,,1839,AUG25,12,20,1994,
7825293,Husnain Ahmad,PAK,M,,,,1679,AUG25,0,40,2004,i
7819293,Hussain Ahmed Siddiqui,PAK,M,,,,1631,AUG25,0,20,2003,i
7816561,"Hussain, Muhammad",PAK,M,,,,1691,AUG25,0,20,2000,i
7813198,"Hussain, Shaheryar",PAK,M,,,,1926,AUG25,0,20,1978,i
7818866,Huzaifa Haq,PAK,M,,,,1532,AUG25,0,20,2002,i
7834900,Huzaifa Ismat,PAK,M,,,,1578,AUG25,0,40,2005,
7806280,Hyder Mengal,PAK,M,,,,1737,AUG25,0,20,1974,i
7831773,Ibrahim Aamer,PAK,M,,,,1616,AUG25,0,40,2010,
7809638,Iftikhar Ali,PAK,M,,,,1827,AUG25,14,20,2004,
7802030,Iftikhar Ali Malik,PAK,M,,,,1842,AUG25,5,20,1964,
7825340,Ijaz Mahmood,PAK,M,,,,1739,AUG25,6,40,1963,
7811624,Ijlal Amer,PAK,M,,,,1825,AUG25,7,40,2007,
7811632,Ijtaba Amer,PAK,M,,,,1789,AUG25,3,40,2009,
7808852,Imran Saadat,PAK,M,,,,1805,AUG25,0,20,1976,i
7820178,Imtiaz Ahmed Butt,PAK,M,,,,1678,AUG25,0,40,1998,i
7809476,Imtisal Ur Rehman Hassan,PAK,M,,,,1483,AUG25,3,40,2008,
7804091,Inaam Ullah,PAK,M,,,,1825,AUG25,0,20,1983,i
7811640,Iqbal Ahmad Khan,PAK,M,,,,1822,AUG25,0,20,1944,i
7821271,Iqbal Ahmed Khan,PAK,M,,,,1730,AUG25,0,20,1944,i
7804385,Irfan Ahmad,PAK,M,,,,1835,AUG25,0,20,1975,i
7802293,Irfan Aslam,PAK,M,,,,1833,AUG25,0,20,1980,i
7818629,Irfan Mumtaz,PAK,M,,,,1603,AUG25,0,40,1991,i
7823835,Irfan Rasheed,PAK,M,,,,1766,AUG25,0,20,1984,
7804962,Irfan ul Haq,PAK,M,,,,1710,AUG25,0,20,1978,i
7844336,Irta Tahir,PAK,F,,,,1576,AUG25,5,40,2002,w
7802315,Ishtiaq Ahmad Ch.,PAK,M,,,,1800,AUG25,0,20,1975,i
7808364,Israr hussain,PAK,M,,,,1798,AUG25,0,20,1980,
7808500,Issam Bashir,PAK,M,,,,1792,AUG25,2,40,2012,
7833270,Izaan Khan,PAK,M,,,,1648,AUG25,0,40,2006,i
7808372,Jahangir Ahmed,PAK,M,,,,1914,AUG25,0,20,1956,
7802366,Jahanzaib Gul,PAK,M,,,,1702,AUG25,0,20,1988,i
7807848,Jahanzeb Sohail,PAK,M,,NA,,1877,AUG25,0,20,1995,i
7830220,Jamaiba,PAK,F,,,,1738,AUG25,4,40,2004,w
7820593,Jamal Nasim Abbasi,PAK,M,,,,1520,AUG25,0,20,1978,i
7805705,Jamal Nasir,PAK,M,,,,1851,AUG25,0,20,1986,
7810148,Jan Sher Khan,PAK,M,,,,1599,AUG25,0,20,2001,i
7838921,Javeria,PAK,F,,,,1429,AUG25,2,40,2013,w
7808895,Jawad Akhter Butt,PAK,M,,,,1816,AUG25,0,20,1984,i
7804423,Jawad Amin Butt,PAK,M,,,,1795,AUG25,0,20,1975,
7811659,Jawad Irfan,PAK,M,,,,1699,AUG25,0,20,1975,i
7817142,Jehangeer,PAK,M,,,,1723,AUG25,0,20,2001,
7804822,Jibran Bilgrami,PAK,M,,,,1753,AUG25,0,20,1998,
7818335,Jibran Sial,PAK,M,,"SI,NI,NA",,1777,AUG25,0,20,1988,
7805004,Junaid Ashraf,PAK,M,,,,1691,AUG25,0,40,2006,
7804890,Junaid Naseer,PAK,M,,,,1754,AUG25,0,20,1996,
7808038,Junaid Sohail,PAK,M,,,,2009,AUG25,0,20,2003,
7807414,Kamran Ahmad Qureshi,PAK,M,,,,1747,AUG25,0,20,1962,
7814372,Kamran Fardad,PAK,M,,,,1756,AUG25,0,20,2006,
7805713,Kamran Khan,PAK,M,,,,1872,AUG25,0,20,1994,i
7835370,Kamran Qaisar,PAK,M,,SI,,1641,AUG25,0,40,1979,
7814135,Kamran Zaib,PAK,M,,,,1530,AUG25,0,20,1999,i
7821590,Kanwar Muhammad Adam,PAK,M,,,,1738,AUG25,0,40,1998,
7845251,KANZOOL KHALIQ,PAK,M,,,,1508,AUG25,8,40,1992,
7816316,"Kareem, Baksh",PAK,M,,,,1714,AUG25,0,20,1975,i
7804490,Kash Kumar,PAK,M,,,,1479,AUG25,0,40,1998,i
7807716,Kashif Iqbal,PAK,M,,,,1613,AUG25,0,40,1984,i
7806973,Kashif Javed,PAK,M,,,,1818,AUG25,7,20,1984,
7806825,Kashif Naseem,PAK,M,,,,1786,AUG25,0,20,1991,i
7801696,Kashif Salim,PAK,M,,,,1754,AUG25,0,20,1982,i
7838913,Khadija Anum,PAK,F,,,,1757,AUG25,0,40,2008,w
7819102,Khadim Hussain,PAK,M,,,,1814,AUG25,0,20,1971,i
7806400,Khakan Najaf,PAK,M,,,,1629,AUG25,0,20,1988,i
7801025,Khalid Lodhi,PAK,M,,SI,,1700,AUG25,0,20,1960,
7801106,Khalid Mahmood Ashraf,PAK,M,,,,1849,AUG25,8,20,1967,
7800541,"Khalid, Habib",PAK,M,,,,1642,AUG25,0,20,1970,i
46638709,"Khan, Asfand Yar",PAK,M,,,,1827,AUG25,0,20,1995,i
7838506,Khursand Sohail Iqbal,PAK,M,,,,1538,AUG25,0,40,2001,
7807341,khurshid Hussain Moghal,PAK,M,,,,1822,AUG25,0,20,1970,
7824866,Khush Bakht Altaf,PAK,F,,,,1491,AUG25,0,40,2002,wi
7801840,Khushnood Ahmad,PAK,M,,,,1705,AUG25,0,40,1991,
7836716,Krishna Pinjani,PAK,M,,,,1590,AUG25,0,40,2007,
7832184,Kumail Mehmood Ghumman,PAK,M,,,,1477,AUG25,0,40,2012,
7844670,Kunwar Abdul Rahman,PAK,M,,,,1612,AUG25,7,40,2009,
7807058,Liaqat Ali ISB,PAK,M,,SI,,1962,AUG25,0,20,1972,
7817886,M Qasim Hassan Chaudhry,PAK,M,,,,1618,AUG25,0,40,2009,i
7818424,Mafaaz Khalid,PAK,M,CM,,,2011,AUG25,0,20,1983,i
7829450,Mahad Mansoor Chaudhry,PAK,M,,,,1571,AUG25,0,40,2007,i
7820976,Mahmir Amin,PAK,M,,,,1439,AUG25,0,40,2010,i
7800010,Mahmood Lodhi,PAK,M,IM,,,2257,AUG25,0,20,1961,i
7804261,Mahmood Nasir,PAK,M,,NA,,1819,AUG25,10,20,1980,
7801912,Mahnoor Ashfaque,PAK,F,,,,1704,AUG25,0,40,2004,w
7803710,Mahver Abbas,PAK,M,,,,1872,AUG25,0,20,1976,i
7817134,Maisam Ali,PAK,M,,,,1526,AUG25,0,40,1997,
7800258,"Malghani, M.A.",PAK,M,,,,2186,AUG25,0,20,0,i
7807937,Maliha Ali,PAK,F,,,,1689,AUG25,0,40,2002,wi
7835906,Malik Hamza Mehboob,PAK,M,,,,1575,AUG25,0,40,1997,
7811691,Mansoor Ahmad Asif,PAK,M,,,,ACM,AUG25,1790,0,1979,i
7819935,Mansoor Sattar,PAK,M,,,,1864,AUG25,0,20,1984,i
7825234,Manzoor Ahmad,PAK,M,,,,1797,AUG25,8,40,1969,
7840403,Maryam Fawad,PAK,F,,,,1441,AUG25,3,40,2014,w
7824475,Mashhoud Ashraf,PAK,M,,,,1575,AUG25,0,40,1992,i
7813317,Mazhar Munir Khilji,PAK,M,,,,1683,AUG25,0,40,1987,i
7837925,Meekail Shoaib,PAK,M,,,,1630,AUG25,3,40,2016,
7821131,Meer Balach Ahmad,PAK,M,,,,1746,AUG25,0,40,2001,i
7826842,Mehak,PAK,F,,,,1637,AUG25,1,40,2007,w
7800908,Mehak Gul,PAK,F,WCM,WCM,,1718,AUG25,6,20,2000,w
7801998,Mehboob A Khan,PAK,M,,,,1657,AUG25,0,20,1973,i
7847378,Mehmood ul Rehman,PAK,M,,,,1786,AUG25,9,40,1971,
7832850,Menahil Bilal,PAK,F,,,,1672,AUG25,0,40,2007,w
7834578,Mha Sultan Muhammad,PAK,M,,,,1709,AUG25,0,40,2005,
7833300,Mian Abdul Wahid,PAK,M,,,,1483,AUG25,0,40,2006,
7807600,Mian Abid Shah,PAK,M,,,,1681,AUG25,0,20,1980,i
7839928,Mian Muhammad Arslan Azam,PAK,M,,,,1461,AUG25,0,40,1998,
7811730,Mian Saifullah Shakir Jan,PAK,M,,,,1729,AUG25,0,20,2004,
7806230,Mir Asad Khan,PAK,M,,,,1771,AUG25,0,20,1981,i
7809026,Mirza Muhammad Luqman Baig,PAK,M,,,,1855,AUG25,8,20,1974,
7801068,"Mobeen Ud, Din",PAK,M,,,,1696,AUG25,0,20,1965,i
7830831,Mohamad Qasim Ali Ansari,PAK,M,,,,1486,AUG25,0,40,2013,
7842333,Mohammad Ahsan Azeem Arshad,PAK,M,,,,1545,AUG25,0,40,2012,
7847637,Mohammad dawood,PAK,M,,,,1848,AUG25,7,40,2005,
7819897,Mohammad Dawood Waris,PAK,M,,,,1669,AUG25,0,20,1994,i
7817380,Mohammad Ebad Ur Rehman,PAK,M,,NA,,1746,AUG25,0,20,1995,i
7823223,Mohammad Hadeed Khan Niazi,PAK,M,,,,1581,AUG25,6,40,2014,
7809867,Mohammad Jawad,PAK,M,,,,1799,AUG25,5,40,2001,
7843992,Mohammad Muneeb Arshad,PAK,M,,,,1724,AUG25,0,40,2002,
7818106,Mohammad Osama,PAK,M,,,,1760,AUG25,0,20,1994,i
7808100,Mohammad Salman Zafar,PAK,M,,,,1830,AUG25,0,20,1997,i
7827920,Mohammad Siraj E Munir,PAK,M,,,,1670,AUG25,0,40,2003,i
7808070,Mohammad Viqar Husain,PAK,M,,,,1783,AUG25,0,20,1942,i
7834390,Mohammad Yameen Dehalvi,PAK,M,,,,1706,AUG25,0,40,1953,i
7828470,Mohammed Abdul Ullah,PAK,M,,,,1550,AUG25,0,40,1998,i
7800037,Mohammed Omer Khan,PAK,M,FM,,,2245,AUG25,0,20,1964,
7809859,Mohammed Raza,PAK,M,,,,1594,AUG25,0,20,1987,i
7824599,Mohd Shahrukh Hussain Khan,PAK,M,,,,1675,AUG25,0,40,1999,i
7809824,Mohib Ullah,PAK,M,,,,1610,AUG25,0,20,1993,i
7842449,Mohid Adnan,PAK,M,,,,1482,AUG25,7,40,2012,
7818475,Mohsin Ali,PAK,M,,,,1594,AUG25,0,20,2003,i
7813023,Mohsin Raza,PAK,M,,,,1705,AUG25,0,20,1991,i
7835582,Moiz Naseer,PAK,M,,,,1653,AUG25,0,40,2007,
7819129,Moiz Qamar,PAK,M,,,,1688,AUG25,0,20,1998,
7805225,Momin Fayzan,PAK,M,,,,2038,AUG25,0,20,2004,
7819676,Moutaz Muhammad Anwer,PAK,M,,NA,,1610,AUG25,0,20,1986,
7832834,Muaz Iftikhar,PAK,M,,,,1723,AUG25,0,40,2006,
7823606,Mubashar Ali Haider,PAK,M,,,,1781,AUG25,0,40,1991,i
7805942,Mubashir Hasan Riar,PAK,M,,,,1739,AUG25,0,40,1973,i
7815808,Mubashir Saeed,PAK,M,,,,1836,AUG25,0,40,1992,i
7801114,"Mudasir, Iqbal",PAK,M,,,,1982,AUG25,0,20,1981,i
7847041,Mudassar Ahmed,PAK,M,,,,1655,AUG25,5,40,1982,
7829922,Mudassir Ahmed,PAK,M,,,,1645,AUG25,0,40,2001,
7825501,Muddassir Abdul Aziz,PAK,M,,,,1456,AUG25,0,40,2002,i
7805241,Muhammad,PAK,M,,,,1735,AUG25,0,20,2002,i
7839103,Muhammad Aarib Khan,PAK,M,,,,1433,AUG25,11,40,2014,
7806299,Muhammad Aayyaz,PAK,M,,,,1804,AUG25,0,20,1969,i
7818564,Muhammad Aazim Salman,PAK,M,,,,1619,AUG25,0,40,2009,
7817770,Muhammad Abbasi,PAK,M,,,,1723,AUG25,0,20,2004,i
7834802,Muhammad Abdullah,PAK,M,,,,1669,AUG25,5,40,2009,
7820569,Muhammad Abdullah Asfandiyar,PAK,M,,,,1530,AUG25,0,20,2003,i
7803842,Muhammad Abu Bakar,PAK,M,,,,1714,AUG25,0,20,1988,i
7821344,Muhammad Adeel Hassan,PAK,M,,,,1781,AUG25,0,20,1993,i
7804431,Muhammad Adil Arfan,PAK,M,,,,1599,AUG25,0,40,2008,
7814453,Muhammad Afaq,PAK,M,,,,1522,AUG25,0,20,2001,i
7803265,Muhammad Afzal,PAK,M,,,,1722,AUG25,0,20,1968,i
7843615,Muhammad Ahmad,PAK,M,,,,1515,AUG25,0,40,2005,
7825145,Muhammad Ahmad Mirza,PAK,M,,,,1746,AUG25,0,40,2007,
7825722,Muhammad Ahmad Tahir,PAK,M,,,,1500,AUG25,0,40,2013,i
7817096,Muhammad Ahmad Umar,PAK,M,,,,1543,AUG25,0,40,2011,
7828314,Muhammad Ahmed,PAK,M,,,,1941,AUG25,0,20,1994,
7833067,Muhammad Ahmed,PAK,M,,,,1802,AUG25,0,40,2003,
7836627,Muhammad Ahmed,PAK,M,,,,1478,AUG25,0,40,2007,
7820240,Muhammad Ahmed,PAK,M,,,,AFM,AUG25,1714,0,1990,
7838565,Muhammad Ahmed Ali Bhatti,PAK,M,,,,1668,AUG25,10,40,2009,
7838492,Muhammad Ahtasham Jan Butt,PAK,M,,,,1592,AUG25,0,40,1982,
7814496,Muhammad Ajmal Jamil,PAK,M,,,,1743,AUG25,3,40,1972,
7823410,Muhammad Akif Naseer,PAK,M,,,,1689,AUG25,0,40,1978,
7802234,Muhammad Akram,PAK,M,,,,1844,AUG25,9,20,1966,
7844212,Muhammad Alam,PAK,M,,,,1834,AUG25,0,40,2005,
7843690,Muhammad Alamdar Hussain,PAK,M,,,,1642,AUG25,0,40,2007,
7814631,Muhammad Ali,PAK,M,,,,1522,AUG25,0,40,2006,i
7842910,Muhammad Ali,PAK,M,,,,1626,AUG25,0,40,2005,
7843763,Muhammad Ali,PAK,M,,,,1559,AUG25,0,40,2008,
7843380,Muhammad Ali Memon,PAK,M,,,,1664,AUG25,0,40,1975,
7813139,Muhammad Ali Siam Chohan,PAK,M,,,,1737,AUG25,0,20,1974,i
7833717,Muhammad Alyan,PAK,M,,,,1435,AUG25,2,40,2011,
7806795,Muhammad Amin,PAK,M,,NA,,1848,AUG25,0,20,0,
7824041,Muhammad Amjad,PAK,M,,,,1833,AUG25,0,20,1988,i
7821395,Muhammad Anas,PAK,M,,,,1792,AUG25,0,20,2002,
7814470,Muhammad Aniq,PAK,M,,,,1446,AUG25,0,20,1997,i
7800150,Muhammad Anwar Qureshi,PAK,M,CM,,,2155,AUG25,0,20,1963,i
7807279,Muhammad Aqil,PAK,M,,,,1628,AUG25,5,20,1975,
7835795,Muhammad Arif Arshad,PAK,M,,,,1539,AUG25,0,40,1999,
7842120,Muhammad Ashaj Tariq,PAK,M,,,,1439,AUG25,3,40,2014,
7810261,Muhammad Asif Abbasi,PAK,M,,,,1806,AUG25,0,20,1974,
7820470,Muhammad Asim Khan,PAK,M,,,,1671,AUG25,4,20,2002,
7811802,Muhammad Aslam,PAK,M,,,,1866,AUG25,0,20,1964,i
7836074,Muhammad Aslam,PAK,M,,,,1617,AUG25,0,40,1969,
7807732,Muhammad Athar Saleem,PAK,M,,NA,,1829,AUG25,0,20,1987,i
7807317,Muhammad Atif Sheraz Khan,PAK,M,,,,1646,AUG25,0,20,1999,i
7815956,Muhammad Awais,PAK,M,,,,1543,AUG25,0,20,2002,i
7811829,Muhammad Awais Abrar Hussain,PAK,M,,,,1564,AUG25,0,20,1996,i
7813481,Muhammad Awais Bashir,PAK,M,,,,1612,AUG25,0,20,2003,i
7834403,Muhammad Ayaan Attara,PAK,M,,,,1592,AUG25,0,40,2009,i
7846959,Muhammad Ayaan Bin Anas Ghazi,PAK,M,,,,1897,AUG25,5,40,2007,
7842163,Muhammad Ayan Ahsan,PAK,M,,,,1593,AUG25,5,40,2012,
7803770,Muhammad Ayoub,PAK,M,,NA,,AIM,AUG25,1969,15,1983,
7811837,Muhammad Aytzaz Qaiser,PAK,M,,,,1673,AUG25,0,20,2003,
7801831,Muhammad Ayub,PAK,M,,,,1840,AUG25,4,20,1976,
7833709,Muhammad Azan,PAK,M,,,,1687,AUG25,4,40,2013,
7834314,Muhammad Azhan Khan,PAK,M,,,,1549,AUG25,0,40,2009,i
7802080,Muhammad Babar Butt,PAK,M,,,,1815,AUG25,0,20,1960,i
7815247,Muhammad Bilal,PAK,M,,,,1773,AUG25,0,20,1985,i
7831544,Muhammad Bilal Hassan,PAK,M,,,,1768,AUG25,0,40,1991,i
7811861,Muhammad Bin Jawad,PAK,M,,NA,,1725,AUG25,4,20,2003,
7836945,Muhammad Chaudhry,PAK,M,,,,1551,AUG25,5,40,2012,
7815492,Muhammad Danish Mehmood,PAK,M,,,,1612,AUG25,0,20,1995,i
7808259,Muhammad Dawood farooq,PAK,M,,,,1575,AUG25,0,40,2007,i
7833687,Muhammad Dayyan Irfan,PAK,M,,,,1530,AUG25,7,40,2010,
7804237,Muhammad Essa,PAK,M,,,,1683,AUG25,0,20,1989,i
7811870,Muhammad Faheem Anwar,PAK,M,,,,1804,AUG25,15,20,1972,
7818530,Muhammad Faisal,PAK,M,,,,1828,AUG25,0,20,1996,i
7802269,Muhammad Faisal Mughal,PAK,M,,,,1824,AUG25,5,20,1977,
7818270,Muhammad Faizan,PAK,M,,,,1726,AUG25,0,20,2001,i
7814860,Muhammad Faizan Fareed,PAK,M,,,,1714,AUG25,0,20,2004,i
7819226,Muhammad Faizan Raza,PAK,M,,,,1757,AUG25,0,20,2000,i
7817878,Muhammad Fardeen Haider,PAK,M,,,,1661,AUG25,0,20,2003,i
7833563,Muhammad Ghaus Akbar Mehmood,PAK,M,,,,1421,AUG25,5,40,2016,
7812981,Muhammad Ghufran Ghani,PAK,M,,,,1653,AUG25,0,40,1963,i
7827377,Muhammad Gulshan Khan,PAK,M,,,,1612,AUG25,7,40,1994,
9021353,Muhammad Hadi,PAK,M,,,,1668,AUG25,6,20,2000,
7804440,Muhammad Hadi Mughal,PAK,M,,,,1429,AUG25,0,40,2006,
7801190,Muhammad Haider Ullah Khan,PAK,M,,,,1626,AUG25,0,20,1997,i
7825510,Muhammad Hammad Baig,PAK,M,,,,1424,AUG25,0,40,2002,
7810857,Muhammad Hammad Dar,PAK,M,,,,AIM,AUG25,1849,0,1993,
7839340,Muhammad Hamza,PAK,M,,,,1629,AUG25,0,40,2000,
7835523,Muhammad Hamza,PAK,M,,,,1578,AUG25,0,40,2004,i
7839863,Muhammad Hamza Ali Peerzada,PAK,M,,,,1563,AUG25,4,40,2014,
7820917,Muhammad Hamza Iftikhar,PAK,M,,,,1798,AUG25,0,40,2000,i
7831064,Muhammad Hamza Rizwan,PAK,M,,,,1612,AUG25,0,40,2007,
7827113,Muhammad Hanif,PAK,M,,,,1806,AUG25,0,40,2006,
7801408,Muhammad Haris Rizwan,PAK,M,,,,AFM,AUG25,1907,0,1997,
7839669,Muhammad Haroon,PAK,M,,,,1819,AUG25,0,40,1965,
7843577,Muhammad Haroon Qasmi,PAK,M,,,,1619,AUG25,0,40,2009,
7825161,Muhammad Harris,PAK,M,,,,1688,AUG25,0,40,2001,
7825749,Muhammad Hasan Rasheed,PAK,M,,,,1744,AUG25,0,40,2006,i
7801971,Muhammad Haseeb,PAK,M,,,,1522,AUG25,0,20,2003,i
7835990,Muhammad Hashir Shaheer,PAK,M,,,,1444,AUG25,0,40,2015,
7829663,Muhammad Hassaan Ghufran Usmani,PAK,M,,,,1697,AUG25,0,40,2007,
7821751,Muhammad Hassaan Tariq,PAK,M,,,,1645,AUG25,0,20,2003,
7824726,Muhammad Hassam Ansari,PAK,M,,,,1693,AUG25,0,40,1982,i
7824050,Muhammad Hassan,PAK,M,,,,1723,AUG25,0,40,2005,i
7821018,Muhammad Hassan,PAK,M,,,,1696,AUG25,0,20,1999,i
7809000,Muhammad Hassan Azeem,PAK,M,,,,1841,AUG25,0,20,1994,i
7822863,Muhammad Hassan Qureshi,PAK,M,,,,1678,AUG25,0,40,1998,i
7823908,Muhammad Hassan Tahir,PAK,M,,,,1752,AUG25,0,40,2006,
7808429,Muhammad Hussain,PAK,M,,SI,,1920,AUG25,14,20,2004,
7833130,Muhammad Hussain Farooq,PAK,M,,"SI,NA",,1403,AUG25,0,40,1997,
7835493,Muhammad Hussain Hashmi,PAK,M,,,,1684,AUG25,0,40,2007,
7817711,Muhammad Hussain Ishaq,PAK,M,,,,1692,AUG25,0,40,2011,i
7811900,Muhammad Huzaifa,PAK,M,,,,1623,AUG25,0,20,1999,
7817649,MUHAMMAD HUZAIFA,PAK,M,,,,1430,AUG25,0,40,2001,i
7824556,Muhammad Huzaifa Naeem,PAK,M,,,,1690,AUG25,0,40,2001,i
7821573,Muhammad Huzaifa Shahab,PAK,M,,,,1666,AUG25,0,20,1995,i
7836481,Muhammad Ibraheem,PAK,M,,,,1651,AUG25,1,40,2009,
7835140,Muhammad Ibraheem,PAK,M,,,,1642,AUG25,0,40,2008,
7804920,Muhammad Ibrahim,PAK,M,,,,1746,AUG25,0,20,1979,i
7814780,Muhammad Ibrahim Ishtiaq,PAK,M,,,,1592,AUG25,0,40,2008,i
7816472,Muhammad Ijaz Aziz,PAK,M,,,,1707,AUG25,0,20,1963,i
7801858,Muhammad Imran,PAK,M,,,,1641,AUG25,0,20,1970,
7805756,Muhammad Imran Mughal,PAK,M,,,,1773,AUG25,0,20,1981,i
7818793,Muhammad Imtiaz Ul Haq,PAK,M,,,,1826,AUG25,0,20,1953,
7802250,Muhammad Iqbal Khilji,PAK,M,,,,1921,AUG25,0,20,1965,
7802595,Muhammad Iqtedar Uddin,PAK,M,,NA,,1626,AUG25,0,20,1955,i
7821115,Muhammad Irfan Akhter,PAK,M,,,,1713,AUG25,0,20,1981,i
7839472,Muhammad Ishaque,PAK,M,,,,1573,AUG25,0,40,1998,
7813333,Muhammad Jameel Nawaz Malik,PAK,M,,,,1623,AUG25,0,40,1987,
7814275,Muhammad Jawad,PAK,M,,,,1494,AUG25,0,20,2001,i
7839723,Muhammad Jawad Saleem,PAK,M,,,,1715,AUG25,4,40,2008,
7819412,Muhammad Junaid,PAK,M,,,,1530,AUG25,0,20,1999,i
7820577,Muhammad Kashif Hameed Malik,PAK,M,,NA,,1698,AUG25,0,40,2001,
7839642,Muhammad Khan Laghari,PAK,M,,,,1747,AUG25,0,40,1985,
7807953,Muhammad Khurram Qureshi,PAK,M,,,,AFM,AUG25,1991,0,1983,
7807325,Muhammad Khuzaima,PAK,M,,,,1774,AUG25,0,20,2002,i
7817681,Muhammad Luqman,PAK,M,,,,1628,AUG25,0,20,2002,i
7829396,Muhammad Mahd Ali,PAK,M,,,,1430,AUG25,2,40,2013,
7801556,Muhammad Mahen Mughal,PAK,M,,,,1788,AUG25,0,20,2000,i
9021310,Muhammad Maqsood,PAK,M,,,,1594,AUG25,3,20,2003,
9021337,Muhammad Masood,PAK,M,,,,1540,AUG25,0,20,2001,i
7833083,Muhammad Mohib,PAK,M,,,,1692,AUG25,4,20,2004,
7814666,Muhammad Mohsin Butt,PAK,M,,"SI,NA",,1574,AUG25,0,20,1998,
7804660,Muhammad Moin Uddin,PAK,M,,,,1708,AUG25,0,40,1995,
7819161,Muhammad Moosa,PAK,M,,,,1587,AUG25,0,40,2010,
7847386,Muhammad Muaaz,PAK,M,,,,1540,AUG25,7,40,2003,
7839359,Muhammad Muaz,PAK,M,,,,1826,AUG25,0,40,2000,
7834926,Muhammad Muaz Hussain,PAK,M,,,,1607,AUG25,1,40,2013,
7838859,Muhammad Mugheera,PAK,M,,,,1721,AUG25,0,40,2007,
7836619,Muhammad Mujtaba Aamir,PAK,M,,,,1464,AUG25,1,40,2010,
7827512,Muhammad Munim,PAK,M,,,,1618,AUG25,0,40,2003,i
7843712,Muhammad Musa,PAK,M,,,,1598,AUG25,0,40,2006,
7842660,Muhammad Musadiq Jahan Khan,PAK,M,,,,1611,AUG25,0,40,2006,
7817410,Muhammad Mustafa Adil,PAK,M,,,,1629,AUG25,0,40,2001,i
7804881,Muhammad Nabi,PAK,M,,,,1663,AUG25,13,20,1969,
7808917,Muhammad Nadeem,PAK,M,,,,1782,AUG25,0,40,1974,i
7823134,Muhammad Najmuddin,PAK,M,,,,1624,AUG25,0,40,2002,
7843313,Muhammad Naseer Ahmed,PAK,M,,,,1853,AUG25,0,40,1970,
7807724,Muhammad Nasim Choudhary,PAK,M,,,,1651,AUG25,0,20,1969,i
7808984,Muhammad Nawaz,PAK,M,,,,1885,AUG25,8,20,1971,
7810270,Muhammad Nawaz,PAK,M,,,,1769,AUG25,0,20,1974,
7839049,Muhammad Nawaz Hussain,PAK,M,,,,1470,AUG25,0,40,1989,
7811985,Muhammad Nawaz Khan,PAK,M,,NA,,1905,AUG25,15,20,1971,
7814267,Muhammad Nouman Latif Mughal,PAK,M,,,,1617,AUG25,0,20,1998,i
7822804,Muhammad Owais,PAK,M,,,,1734,AUG25,0,40,1998,
7819986,Muhammad Parvaiz Iqbal khan,PAK,M,,,,1583,AUG25,0,20,1978,i
7831200,Muhammad Qasim,PAK,M,,"SI,NA",,ACM,AUG25,1632,0,1995,
7838786,Muhammad Qasim,PAK,M,,,,1646,AUG25,0,40,2002,
7812655,Muhammad Qasim,PAK,M,,,,AIM,AUG25,1630,0,1997,
7809034,Muhammad Rashad Cheema,PAK,M,,,,1932,AUG25,14,40,1968,
7819609,Muhammad Rashid,PAK,M,,,,1671,AUG25,0,20,2001,
7831951,Muhammad Rayyan,PAK,M,,,,1555,AUG25,0,40,2008,
7821093,Muhammad Rayyan,PAK,M,,,,1778,AUG25,0,40,2005,
7826826,Muhammad Raza,PAK,M,,,,1736,AUG25,5,40,1994,
7816405,Muhammad Rehan Ishaque,PAK,M,,,,1641,AUG25,0,20,1996,i
7801351,Muhammad Rizwan Durrani,PAK,M,,,,1789,AUG25,0,20,1966,i
7825528,Muhammad Saad,PAK,M,,,,1618,AUG25,0,20,1996,
7801890,Muhammad Saad,PAK,M,,NA,,1735,AUG25,0,40,2005,i
7823401,Muhammad Saad Munawar,PAK,M,,,,1672,AUG25,0,20,2003,i
7839790,Muhammad Saad Ramzan,PAK,M,,,,1715,AUG25,0,40,2005,
7835965,Muhammad Saadat Ali Khan,PAK,M,,,,1516,AUG25,0,40,1980,
7809042,Muhammad sabir,PAK,M,,,,1872,AUG25,0,20,1974,i
7824670,Muhammad Sabir Hussain,PAK,M,,,,1870,AUG25,0,20,1958,
7806906,Muhammad Saeed Rana,PAK,M,,,,1737,AUG25,0,20,1964,i
7847246,Muhammad Sahil,PAK,M,,,,1498,AUG25,7,40,1999,
7803877,Muhammad Saif Ullah,PAK,M,,,,1897,AUG25,15,20,1989,
7822006,Muhammad Sajjad Bilal,PAK,M,,,,1738,AUG25,0,40,1995,i
7809832,Muhammad Salaah,PAK,M,,,,1951,AUG25,7,40,1991,
7816618,Muhammad Saleem,PAK,M,,,,1896,AUG25,0,20,1975,
7802099,Muhammad Saleem,PAK,M,,,,1795,AUG25,0,20,1963,i
7833318,Muhammad Saleem Khan,PAK,M,,,,1621,AUG25,6,20,1947,
7816154,"Muhammad Saleem, Hamad",PAK,M,,,,1527,AUG25,0,40,2015,
7812027,Muhammad Salman,PAK,M,,,,1406,AUG25,0,20,1992,i
7804300,Muhammad Salman Altaf Chishti,PAK,M,,,,1693,AUG25,8,40,1980,
7803516,Muhammad Salman Khan,PAK,M,,SI,,1758,AUG25,0,20,1993,i
7818165,Muhammad Sameer Abdul Rahim,PAK,M,,,,1779,AUG25,0,40,2006,i
7824009,Muhammad Sameet Ansari,PAK,M,,,,1683,AUG25,0,20,2000,i
7813651,Muhammad Saqib Munir,PAK,M,,,,1664,AUG25,0,40,1996,
7825536,Muhammad Saqlain Ishtiaq,PAK,M,,,,1531,AUG25,0,40,1999,i
7825307,Muhammad Sarmad,PAK,M,,,,1739,AUG25,0,40,2000,i
7807066,Muhammad Shabbir,PAK,M,,,,1855,AUG25,0,20,1974,i
7817401,Muhammad Shafiq,PAK,M,,,,1833,AUG25,0,40,1974,i
7801718,Muhammad Shafique,PAK,M,,,,1679,AUG25,0,20,1960,i
7802170,Muhammad Shafique Jnr,PAK,M,,,,1768,AUG25,6,40,1970,
7847033,Muhammad Shaheer,PAK,M,,,,1516,AUG25,6,40,2001,
7802145,Muhammad Shahid Mehmood,PAK,M,,,,1738,AUG25,0,20,1976,i
7815204,Muhammad Shahroz Khan,PAK,M,,,,1427,AUG25,0,40,2005,i
7807759,Muhammad Shahrukh,PAK,M,,NA,,1763,AUG25,0,20,1995,i
7801777,Muhammad Shahzad,PAK,M,,,,AFM,AUG25,1904,0,1984,i
7804806,Muhammad Shahzeb,PAK,M,,"SI,NI,LSI,FI,FA",,2023,AUG25,0,20,1991,i
7817169,Muhammad Shaiman Saleem,PAK,M,,NA,,ACM,AUG25,1670,0,2000,
7808992,Muhammad Shaukat,PAK,M,,,,1820,AUG25,0,20,1985,i
7810814,Muhammad Shehryar Najmi,PAK,M,,,,1790,AUG25,0,20,2002,
7808674,Muhammad Siddique,PAK,M,,NA,,1656,AUG25,0,20,1987,i
7837518,Muhammad Subhan,PAK,M,,,,1594,AUG25,4,40,2007,
7813570,Muhammad Subhan Sagheer,PAK,M,,,,1770,AUG25,0,40,2000,i
7818653,Muhammad Suleman,PAK,M,,,,1549,AUG25,0,20,1997,i
7843070,Muhammad Syed Ahmed Rathore,PAK,M,,,,1724,AUG25,0,40,2010,
7842732,Muhammad Taaha Zafar,PAK,M,,,,1626,AUG25,0,40,2007,
7838239,Muhammad Taha,PAK,M,,,,1631,AUG25,0,40,2004,
7809077,Muhammad Tahir Mustafa,PAK,M,,,,1827,AUG25,0,40,2006,i
7809050,Muhammad Talib,PAK,M,,,,1870,AUG25,0,20,1973,i
7802102,Muhammad Talib,PAK,M,,,,1701,AUG25,0,20,1967,i
7805748,Muhammad Tanveer,PAK,M,,,,1700,AUG25,0,20,1987,i
7814356,Muhammad Tariq Mughal,PAK,M,,,,1764,AUG25,0,20,1971,i
7823312,Muhammad Tayyab Ferozi,PAK,M,,,,1543,AUG25,0,20,2003,i
7804857,Muhammad Umair,PAK,M,,,,1779,AUG25,0,20,1997,i
7830300,Muhammad Umair Khan,PAK,M,,,,1554,AUG25,4,40,2003,
7834721,Muhammad Umair Zahid,PAK,M,,,,1625,AUG25,0,40,1998,
7810733,Muhammad Umair.,PAK,M,,,,AFM,AUG25,1635,4,1987,
7803257,Muhammad Umar Farooq,PAK,M,,,,1660,AUG25,13,20,1974,
7836325,Muhammad Umar Hafeez,PAK,M,,,,1771,AUG25,0,40,1987,
7832940,Muhammad Umer,PAK,M,,,,1537,AUG25,0,40,2007,
7842724,Muhammad Usaid Rauf,PAK,M,,,,1831,AUG25,0,40,2007,
7813503,Muhammad Usman,PAK,M,,,,1640,AUG25,0,20,2000,i
7847858,Muhammad Usman Sethi,PAK,M,,,,1574,AUG25,6,40,1996,
7825544,Muhammad Usman Tahir,PAK,M,,,,1605,AUG25,0,40,2002,i
7807775,Muhammad Uzair Masood,PAK,M,,SI,,1786,AUG25,3,20,1981,
7818963,Muhammad Waasay Daniyal Khan,PAK,M,,,,1555,AUG25,0,20,2000,i
7834691,Muhammad Waleed,PAK,M,,,,1752,AUG25,0,40,2002,
7800193,Muhammad Waqar,PAK,M,FM,NA,,2115,AUG25,0,20,1965,
7817665,Muhammad Waqas Sajid,PAK,M,,,,1494,AUG25,0,20,1988,
7803400,Muhammad Waseem Ijaz,PAK,M,,,,1798,AUG25,0,20,1987,i
7820070,Muhammad Waseem Siddique,PAK,M,,,,1692,AUG25,0,20,1977,i
7843186,Muhammad Yahya,PAK,M,,,,1808,AUG25,0,40,1995,
7802374,Muhammad Yahya Cheema,PAK,M,,"SI,LSI,NI",,AIM,AUG25,1518,8,1981,
7805586,Muhammad Younis Malghani,PAK,M,,,,1976,AUG25,0,20,1989,i
7800592,Muhammad Younus,PAK,M,,,,2060,AUG25,0,20,1968,i
7800967,Muhammad Zahid,PAK,M,,NA,,1844,AUG25,0,20,1974,i
7820011,Muhammad Zahid,PAK,M,,,,1688,AUG25,0,40,1968,i
7836422,Muhammad Zain Ali,PAK,M,,,,1406,AUG25,10,40,2012,
7810067,Muhammad Zain Azfar,PAK,M,,,,ACM,AUG25,1801,6,2011,
7813970,Muhammad Zain Ul Islam,PAK,M,,,,AFM,AUG25,1683,0,1999,i
7840349,Muhammad Zakwan,PAK,M,,,,1682,AUG25,3,40,2015,
7841760,Muhammad Zavier Zaghum,PAK,M,,,,1611,AUG25,0,40,2009,
7837194,Muhammad Zayyan Malik,PAK,M,,,,1586,AUG25,4,40,2003,
7818491,Muhammad Zeeshan,PAK,M,,,,1730,AUG25,0,20,2001,i
7821484,Muhammad Zeeshan Mehtab,PAK,M,,,,1727,AUG25,0,40,1993,
7818300,Muhammad Ziyad Khan,PAK,M,,,,1584,AUG25,0,20,2004,i
7811926,"Muhammad, Ibrahim Younas",PAK,M,,NA,,1746,AUG25,0,40,2005,i
7811934,"Muhammad, Khalil Ahmad Aziz",PAK,M,,,,1610,AUG25,0,20,1967,i
7812019,"Muhammad, Saad Farooqui",PAK,M,,,,1803,AUG25,0,20,2003,
7812043,"Muhammad, Talha Baig",PAK,M,,,,1745,AUG25,0,20,1998,
7812051,"Muhammad, Uzair",PAK,M,,,,1798,AUG25,0,40,1992,i
7812060,"Muhammad, Wajdan Younas",PAK,M,,,,1533,AUG25,0,40,2010,i
7808470,Muhammed. Naeem Majoka,PAK,M,,,,1707,AUG25,0,20,1976,i
7816413,Muhmmad Abdullah Hassan Malik,PAK,M,,,,1522,AUG25,0,20,2000,i
7824742,Muhriz Shakeel,PAK,M,,,,1775,AUG25,0,40,2010,
7826435,Mujahid Hussain Aziz,PAK,M,,,,1658,AUG25,0,40,1965,i
7806329,Mukhtar Hussain,PAK,M,,,,1737,AUG25,0,20,1982,i
7807490,Muneeb Yaqoob,PAK,M,,,,1757,AUG25,0,20,1977,
7817703,Munib Ur Rehman Qasim,PAK,M,,,,1784,AUG25,0,20,2002,i
7812116,"Munim, Zafar",PAK,M,,,,1741,AUG25,0,20,2002,i
7828519,Mursalleen Ahmed,PAK,M,,,,1634,AUG25,0,40,2000,i
7809417,Murtaza,PAK,M,,,,1738,AUG25,1,20,1995,
7809336,Murtaza,PAK,M,,,,1656,AUG25,0,20,1998,i
7819510,Murtaza Essa,PAK,M,,,,1684,AUG25,0,20,1995,i
7801297,Murtaza Faisal,PAK,M,,,,1858,AUG25,0,20,1984,
7803800,Musawir Khan,PAK,M,,"SI,NA",,1859,AUG25,0,20,1990,
7836686,Mustafa Ali,PAK,M,,,,1635,AUG25,0,40,2006,
7827555,Mustafa Ali Khan Durrani,PAK,M,,,,1518,AUG25,0,40,2011,i
7839197,Muzammil Mamoon,PAK,M,,,,1623,AUG25,0,40,2010,
7830270,Muzzamil Bilal,PAK,M,,,,1751,AUG25,0,40,2002,
7810164,Nabeel Muzaffar Syed,PAK,M,,,,1575,AUG25,0,20,1984,i
7830343,Nadeem Abbas,PAK,M,,,,1865,AUG25,0,40,1996,i
7801807,Nadeem Ahmad,PAK,M,,,,1860,AUG25,0,20,1974,i
7816383,Nadeem Ameer,PAK,M,,"SI,NA",,AFM,AUG25,1926,9,1965,
7802552,Nadeem Aziz,PAK,M,,,,1897,AUG25,0,20,1967,
7807252,Nadeem Shahzad Fida,PAK,M,,,,1532,AUG25,0,20,1993,
7807961,Nadeem Shaikh,PAK,M,,,,1918,AUG25,0,20,1973,i
7813830,Naeem Saleem,PAK,M,,,,1504,AUG25,0,20,1979,i
7819080,Najeeb Ullah,PAK,M,,,,1471,AUG25,0,20,1990,i
7814402,"Najeeb, Usama",PAK,M,,,,1516,AUG25,0,20,1993,
7812132,"Nand, Kumar",PAK,M,,,,1717,AUG25,0,20,1968,i
7810237,Naqeeb Ullah,PAK,M,,,,1685,AUG25,0,20,1993,i
7823819,Naseeb Ullah Khan,PAK,M,,,,1771,AUG25,0,20,1977,i
7823657,Naseer Uddin Babar,PAK,M,,,,1781,AUG25,0,20,1986,i
7821719,Nauman Ali,PAK,M,,,,1491,AUG25,0,20,1998,i
7807686,Nauman Ali,PAK,M,,,,1514,AUG25,0,20,1998,i
7838549,Nauman Farooq,PAK,M,,,,1539,AUG25,0,40,1990,
7812140,"Nauman, Baig",PAK,M,,,,1601,AUG25,0,20,1971,i
7800690,"Naushad, Tahir",PAK,M,,,,1698,AUG25,0,40,1980,
7825153,Naveed Ali,PAK,M,,,,1622,AUG25,0,40,2002,
7826028,Naveed Hafeez,PAK,M,,,,1801,AUG25,0,40,2003,
7812167,"Naveed, Ahmad",PAK,M,,,,1621,AUG25,0,20,1972,i
7833792,Nayab Hussain Bhutta,PAK,M,,,,1452,AUG25,0,40,2008,
7801386,Nazar Hussain,PAK,M,,,,1879,AUG25,13,20,1975,
7820860,Nihal Asghar,PAK,M,,,,1767,AUG25,0,40,1996,
7820305,Nikhil Kumar,PAK,M,,,,1644,AUG25,0,20,1998,i
7817231,Nisar Ahmad Malik,PAK,M,,,,1798,AUG25,6,20,1967,
9021345,Nisar Ali,PAK,M,,,,1560,AUG25,0,20,1986,i
7819277,Noman Ahmed,PAK,M,,,,1614,AUG25,0,20,2001,i
7820500,Noman Alam,PAK,M,,,,1679,AUG25,0,20,1984,i
7803338,Noor Fatima Rashid,PAK,F,,"SI,NA",,ACM,AUG25,1606,0,1997,w
7814283,Noor Muhammad Awan,PAK,M,,,,1457,AUG25,0,20,1972,i
7818521,NOOR NABI KHAN,PAK,M,,,,1645,AUG25,0,20,1999,
7842988,Nusrat Ali Irfan,PAK,M,,,,1691,AUG25,0,40,2006,
7834322,Nyle,PAK,M,,,,1584,AUG25,0,40,2012,
7825390,OBAID ALAM SHAH,PAK,M,,,,1726,AUG25,0,40,2000,i
7823258,Omeed Khan,PAK,M,,,,1561,AUG25,0,20,2003,i
7839405,Omer Amir Ahmed Khan,PAK,M,,,,1488,AUG25,0,40,1979,
7802773,Omer Khan,PAK,M,,NA,,1599,AUG25,0,20,1977,i
7838654,Owais Khan,PAK,M,,,,1659,AUG25,0,40,2001,
7830424,Piyush Kumar Das,PAK,M,,,,1495,AUG25,0,40,2007,i
7847688,Qamar Hassnain Memon,PAK,M,,,,1586,AUG25,5,40,1999,
7819021,Qamar Khan,PAK,M,,,,1736,AUG25,0,20,1976,i
7817010,"Qamar, Hafsa",PAK,F,,,,1437,AUG25,0,40,2007,w
7815263,Qaseem Qureshi,PAK,M,,"SI,NA",,1604,AUG25,0,20,1995,i
7820151,Qasim Nabi,PAK,M,,,,1599,AUG25,3,20,1990,
7810300,Qayyum Magsi,PAK,M,,,,1471,AUG25,0,20,1969,i
7817371,Qudrat Ullah,PAK,M,,,,1704,AUG25,0,20,1988,i
7818947,Qudrat Ullah,PAK,M,,,,1637,AUG25,0,20,2003,i
7801050,"Qureshi, Abdullah",PAK,M,,,,1558,AUG25,1,20,1996,
7835914,Raaif Shan,PAK,M,,,,1700,AUG25,0,40,2009,
7812191,"Rabia, Hashmi",PAK,F,,SI,,1431,AUG25,0,20,1992,w
7802900,Raees Ahmad Ansari,PAK,M,,,,1897,AUG25,0,20,1957,
7803419,Rafi Jamal,PAK,M,,,,1689,AUG25,0,20,1977,i
7805578,Rafi Ullah,PAK,M,,,,1540,AUG25,0,40,1973,
7818483,Raif Jafri,PAK,M,,,,1834,AUG25,0,20,2004,
7829728,Raja Haseeb Ul Amin,PAK,M,,,,1695,AUG25,0,40,1998,i
7807384,Raja Hassham Ur Rahman,PAK,M,,,,1498,AUG25,0,40,2012,i
7807392,Raja Hattam Ur Rahman,PAK,M,,,,1636,AUG25,0,40,2010,i
7807007,Raja Muhammad Gauhar Iqbal Janjua,PAK,M,,NA,,1778,AUG25,0,20,1984,
7835809,Raja Muhammad Zulqarnain,PAK,M,,,,1771,AUG25,0,40,2006,
7809107,Ramzan Malghani,PAK,M,,,,1906,AUG25,7,20,1983,
7847238,Rana Hammad Aziz,PAK,M,,,,1630,AUG25,8,40,1986,
7808062,Rana M Naeem,PAK,M,,,,1697,AUG25,7,40,1976,
7801220,Rana Sufyan,PAK,M,,,,AIM,AUG25,1863,5,1999,
7801360,Rashad Rafique,PAK,M,,,,1868,AUG25,13,20,1994,
7801700,Rashid Pervaiz,PAK,M,,,,1876,AUG25,0,20,1957,i
7833520,Rayaan Rehman,PAK,M,,,,AFM,AUG25,1711,5,2015,
7839618,Rayan Ur Rehman,PAK,M,,,,1671,AUG25,0,40,2009,
7838867,Rayyan Ahmad Mehar,PAK,M,,,,1681,AUG25,0,40,2008,
7835752,Rayyan Hassan,PAK,M,,,,1820,AUG25,0,40,2009,
7823380,Rayyan Khan,PAK,M,,,,1595,AUG25,0,20,2000,i
7810431,Rehan imam,PAK,M,,,,1528,AUG25,5,40,2000,
7808623,Rehan Khan,PAK,M,,,,1811,AUG25,10,20,1998,
7808283,Rehan Khan Nasir,PAK,M,,,,AFM,AUG25,1769,12,2012,
7817002,"Rehan, Ahmed",PAK,M,,,,1753,AUG25,0,20,1990,i
7823754,Rehman Saeed,PAK,M,,,,1861,AUG25,0,20,1991,i
7810695,Rehmat Ullah,PAK,M,,,,1452,AUG25,0,20,1984,i
7804326,Rizwan Ahmad,PAK,M,,,,1864,AUG25,0,20,1990,i
7809115,Rizwan Ahmed,PAK,M,,,,1758,AUG25,0,20,1965,i
7833326,Rohan Asif,PAK,M,,,,ACM,AUG25,1629,0,1990,
7818432,Rouhan Ahmed Khatri,PAK,M,,NA,,1793,AUG25,4,20,2003,
7845081,Rukhsar Hussain,PAK,M,,,,1760,AUG25,0,40,1998,
7847009,Rusitha Dhanula Ukwatta,PAK,M,,,,1462,AUG25,10,40,1988,
7818513,S M Huzaifa Siddiqui,PAK,M,,,,1762,AUG25,0,20,1997,i
7804172,Saad Ahmad,PAK,M,,,,1728,AUG25,0,20,1998,i
7820810,Saad Altaf,PAK,M,,,,1422,AUG25,0,40,1989,
7836031,Saad Rashid Garib,PAK,M,,,,1472,AUG25,0,40,1983,
7802480,Saad Saeed,PAK,M,,,,1843,AUG25,5,20,1993,
7819153,Saad Shehzada,PAK,M,,,,1524,AUG25,0,40,1992,
7824912,Saad Wahab,PAK,M,,,,1651,AUG25,0,40,2002,i
7820313,Saadat Shaikh,PAK,M,,,,1818,AUG25,0,20,1998,i
7837631,Saarim Khizar,PAK,M,,,,1594,AUG25,5,40,2009,
7844077,Saba Akram,PAK,F,,,,1578,AUG25,5,40,1993,w
7813309,"Sabir, Mehmood",PAK,M,,,,1670,AUG25,6,40,1960,
7802676,Sadeem Lodhi,PAK,M,,,,1917,AUG25,0,20,1990,i
7839081,Saeed Ahmed Khan,PAK,M,,,,1549,AUG25,0,40,1977,
7818289,Sahil,PAK,M,,,,1770,AUG25,0,20,1997,
7815522,Sahir Saghar,PAK,M,,,,1674,AUG25,0,20,1986,i
7812230,"Said, Wali",PAK,M,,,,1617,AUG25,0,40,1992,i
7838646,Saif Ul Hassan,PAK,M,,,,1545,AUG25,0,40,2004,
7842490,Saif Ul Islam,PAK,M,,,,1675,AUG25,5,40,2010,
7837526,Saif Ur Rehman,PAK,M,,,,1423,AUG25,1,40,2016,
7802692,"Saira, Rafique",PAK,F,,,,1462,AUG25,0,20,1990,wi
7810130,Saiyed Hassan Ahmad,PAK,M,,,,1541,AUG25,0,40,2012,i
7812248,"Sajeel, Ahmed",PAK,M,,,,1801,AUG25,0,20,1998,
7818670,Sajjad Ali,PAK,M,,,,1741,AUG25,0,40,1998,i
7818092,Salahuddin amir,PAK,M,,,,1569,AUG25,0,40,1968,
7820925,Saleel Ahmed,PAK,M,,,,1747,AUG25,0,20,2000,i
7806345,Saleem Shahwani,PAK,M,,,,1719,AUG25,0,20,1976,i
7826036,Salim Abdul Karim,PAK,M,,,,1567,AUG25,0,40,1965,i
7816499,Salman Ali,PAK,M,,SI,,1637,AUG25,0,20,1999,
7803176,Salman Ali Khan,PAK,M,,NA,,AIM,AUG25,1980,0,1989,
7805136,Salman Gul Nizamani,PAK,M,,,,AIM,AUG25,1835,7,1996,
7805144,Salman Haider Rana,PAK,M,,,,1621,AUG25,0,40,2005,i
7818190,Salman Nasrullah Ghulamani,PAK,M,,,,1622,AUG25,0,20,1996,i
7819684,Sameez Sarfaraz,PAK,M,,,,1683,AUG25,0,40,2006,
7817290,Samreen Khan,PAK,F,,"NI,NA",,1558,AUG25,0,40,1985,wi
7826869,Sana Amin,PAK,F,,,,1452,AUG25,4,40,2003,w
7834713,Sanagar Ali,PAK,M,,,,1675,AUG25,0,40,1995,
7835825,Saqib Ishaque,PAK,M,,,,1538,AUG25,0,40,2005,
7812264,Saqib Mustafa,PAK,M,,,,1699,AUG25,0,20,2000,i
7839804,Sarfaraz Ahmad,PAK,M,,,,1596,AUG25,0,40,2003,
7803443,Sarim Hussain Saqib,PAK,M,,,,1738,AUG25,0,20,1983,i
7815530,Sarkheel Sarshar,PAK,M,,,,1656,AUG25,0,20,1997,i
7803230,Sarmad Hussain,PAK,M,,"SI,NA",,1851,AUG25,0,20,1992,i
7820020,Sarmad Idrees,PAK,M,,,,1712,AUG25,0,20,1991,
7812272,"Sarmad, Hadi",PAK,M,,,,1536,AUG25,0,40,2004,
7825803,Sayaf Ullah,PAK,M,,,,1725,AUG25,0,40,1999,i
7811187,Sehba Shah,PAK,F,,,,1702,AUG25,7,40,1965,w
7808640,Sehrish,PAK,F,,SI,,1615,AUG25,6,20,1996,w
7805853,Shabab Nazar,PAK,M,,,,1660,AUG25,0,20,1988,i
7827466,Shabih Abbas,PAK,M,,,,1513,AUG25,0,40,2003,i
7838220,Shafi Muhammad,PAK,M,,,,AFM,AUG25,1815,0,1999,
7847114,Shah Faisal,PAK,M,,,,1636,AUG25,6,40,2002,
7846657,Shah Mir,PAK,M,,,,1558,AUG25,0,40,2004,
7827202,Shahab Hamid,PAK,M,,,,1652,AUG25,0,40,2000,i
7805543,Shaharyar Tariq,PAK,M,,,,1736,AUG25,0,20,1996,
7844026,Shahbaz Ahmed,PAK,M,,,,1776,AUG25,8,40,1962,
7817428,Shaheer Bin Arif,PAK,M,,,,1695,AUG25,0,20,1994,i
7843755,Shahid Anwer,PAK,M,,,,1745,AUG25,0,40,1977,
7802323,Shahid Hussain,PAK,M,,NA,,1918,AUG25,0,20,1970,i
7806850,Shahid Mehrose,PAK,M,,,,1787,AUG25,7,40,1983,
7818319,Shahmir Khan,PAK,M,,,,1726,AUG25,0,20,2004,i
7816553,Shahmir Sarfraz,PAK,M,,,,1578,AUG25,0,20,2001,i
7810830,Shahsumal Baluch,PAK,M,,,,1663,AUG25,0,20,2000,i
7838816,Shahzad Mahmood Butt,PAK,M,,,,1875,AUG25,0,40,1967,
7801300,"Shahzad, Asif",PAK,M,,,,1794,AUG25,0,20,1968,i
7806990,Shahzada Khurram,PAK,M,,NA,,1741,AUG25,0,20,1986,i
7822413,Shahzaib Ali Zarmast,PAK,M,,,,1527,AUG25,0,20,2002,i
7840322,Shahzaib Hassan Khan,PAK,M,,,,1538,AUG25,7,40,2011,
7833113,Shahzaib Ijaz,PAK,M,,,,1575,AUG25,5,40,2005,
7834420,Shahzeb Anis Padela,PAK,M,,,,1636,AUG25,0,40,2008,i
7804938,Shakir Hussain,PAK,M,,,,1825,AUG25,0,20,1959,i
7818017,Shams E Rehmat,PAK,M,,,,1667,AUG25,5,40,2002,
7818742,Shams Uddin,PAK,M,,,,1773,AUG25,0,20,1956,i
7814445,Sharjeel Ahmed,PAK,M,,,,1529,AUG25,0,20,1981,i
7832168,Sharjeel Ailia Ramal,PAK,M,,,,1585,AUG25,0,20,2006,
7828390,Shayan Sohail Memon Jd Wala,PAK,M,,,,1794,AUG25,5,20,2006,
7810741,Sheeraz Aadil,PAK,M,,,,1689,AUG25,0,20,1981,i
7843542,Shehbaz Haidar,PAK,M,,,,1508,AUG25,5,40,1993,
7819544,Sheikh Jan,PAK,M,,,,1751,AUG25,0,40,1983,i
7837283,Sheikh Muhammad Abdullah,PAK,M,,,,1558,AUG25,0,40,2007,
7828705,Sheikh Muhammad Ayub,PAK,M,,,,1746,AUG25,0,40,1965,i
7809301,Sher Hasan khilji,PAK,M,,,,1533,AUG25,5,40,1989,
7809298,Sher Shah,PAK,M,,,,1734,AUG25,0,20,1994,i
7823673,Sheraz,PAK,M,,,,1909,AUG25,0,20,1975,
7837569,Sheraz Manzoor,PAK,M,,,,1626,AUG25,0,40,1980,
7836295,Shoaib Ahmed,PAK,M,,,,ACM,AUG25,1747,0,2003,
7839553,Shoaib Hussain,PAK,M,,,,1634,AUG25,0,40,2007,
7806922,Shoaib Safdar Khan,PAK,M,,,,1819,AUG25,0,40,1971,
7807678,Shujaat Ali,PAK,M,,"LSI,SI,AO,NA",,1693,AUG25,0,20,1990,
7827440,Shujaat Hussain,PAK,M,,,,1702,AUG25,15,40,2000,
7800517,Sibt Ali,PAK,M,,NA,,2004,AUG25,9,20,1982,
7837550,Sidra Aziz Hashmi,PAK,F,,,,1597,AUG25,0,40,1989,w
7807554,Sidra PCR,PAK,F,,,,1660,AUG25,0,40,1998,w
7846924,Sikandar Sultan,PAK,M,,,,1644,AUG25,9,40,1980,
7834705,Sohail Ahmed Khan,PAK,M,,,,1520,AUG25,0,40,2000,i
7817762,Suhan Ahsan,PAK,M,,,,AFM,AUG25,1732,5,2010,
7847823,sulman sarwar,PAK,M,,,,1734,AUG25,5,40,2003,
7812990,Syed Abdullah Zubair,PAK,M,,,,1543,AUG25,1,40,2010,
7823959,Syed Adil Hasan Naqvi,PAK,M,,,,1687,AUG25,0,40,1998,
7801076,Syed Ahmad Ali,PAK,M,FM,,,2134,AUG25,0,20,1990,i
7836880,Syed Ali Moiz,PAK,M,,,,1900,AUG25,0,40,1999,
7826729,Syed Ali Mughees Mehdi,PAK,M,,,,1782,AUG25,0,40,1994,i
7830351,Syed Arsalan Hussain,PAK,M,,,,1615,AUG25,0,40,2002,
7842635,Syed Asim Ali Shah,PAK,M,,,,1604,AUG25,0,40,1991,
7801467,Syed Bilal Ahmad,PAK,M,,,,1782,AUG25,0,20,1994,i
7828322,Syed Fahim Nabeel Ahmed,PAK,M,,,,1681,AUG25,0,40,2005,i
7818181,Syed Faizan Ali,PAK,M,,,,1715,AUG25,0,20,2000,
7822529,Syed Fazal Shah,PAK,M,,,,1449,AUG25,0,40,2011,
7826770,Syed Hasan Raza Badshah,PAK,M,,,,1726,AUG25,0,40,1991,i
7836040,Syed Haseeb Haider Ali,PAK,M,,,,1491,AUG25,0,40,1999,
7817967,Syed Ijaz Azeem,PAK,M,,,,1834,AUG25,12,20,1984,
7818157,Syed Komail Abbas Rizvi,PAK,M,,NA,,1662,AUG25,3,20,2003,
7802242,Syed Muhammad Ali,PAK,M,,,,1942,AUG25,0,20,1975,i
7834152,Syed Muhammad Ayaan Rashid,PAK,M,,,,1581,AUG25,0,40,2009,i
7818114,Syed Muhammad Faraz Hussain,PAK,M,,,,1650,AUG25,0,20,2003,i
7818750,Syed Muhammad Hassan Salman Rizvi,PAK,M,,,,1606,AUG25,0,20,1992,i
7836007,Syed Muhammad Khulayd,PAK,M,,,,1520,AUG25,0,40,2011,
7820232,Syed Muhammad Shahrukh Agha,PAK,M,,,,1557,AUG25,0,20,1999,i
7820909,Syed Muhammad Umar Hashmi,PAK,M,,,,1733,AUG25,0,20,2004,
7818238,Syed Muhammad Usman Alam,PAK,M,,,,1783,AUG25,0,20,2001,i
7815387,Syed Naseem Abbas Zaidi,PAK,M,,,,1774,AUG25,5,40,1970,
7818645,Syed Nouman Umar,PAK,M,,,,1853,AUG25,0,20,1999,i
7810873,Syed Omer Imran,PAK,M,,,,1767,AUG25,0,20,2003,i
7822979,Syed Owais Ali Zaidi,PAK,M,,,,1703,AUG25,0,40,1999,
7836848,Syed Raahim Ahmed,PAK,M,,,,1795,AUG25,0,40,2007,
7823142,Syed Saad Ali,PAK,M,,,,1717,AUG25,0,40,2004,
7823940,Syed Saad Muhammad Shah,PAK,M,,"SI,NA",,1897,AUG25,0,20,2000,
7819498,Syed Shahamat Ali,PAK,M,,,,1575,AUG25,0,20,1974,i
7824980,Syed Sultan Raza Shah,PAK,M,,,,1695,AUG25,0,40,1983,i
7818211,Syed Tafseer Ahmed,PAK,M,,,,1735,AUG25,0,40,1960,i
7829760,Syed Wamiq Ul Islam,PAK,M,,,,1649,AUG25,0,40,2005,
7820453,Syed Yousuf Farhan Ali,PAK,M,,,,1613,AUG25,0,20,1973,i
7808135,Syed Zain Nasir,PAK,M,,,,1787,AUG25,8,20,1989,
7827776,Syed Zayaan Ali,PAK,M,,,,1700,AUG25,1,40,2011,
7822456,Syed Zohaib Ali Naqvi,PAK,M,,,,1664,AUG25,0,20,1994,
7812337,"Syed, Hamza Abbas",PAK,M,,,,1666,AUG25,0,20,2001,i
7812345,"Syed, Hassan Mehdi Bukhari",PAK,M,,,,1745,AUG25,0,20,2000,
7812370,"Syed, Mazhar Ul Husnain",PAK,M,,,,1598,AUG25,0,20,1940,i
7800770,"Syed, Sarim Wasti",PAK,M,,,,1551,AUG25,0,20,2003,i
7824629,Syeda Ameena Hashmi,PAK,F,,,,1603,AUG25,0,40,2003,w
7831145,Syeda Daanya Zubair,PAK,F,,,,1668,AUG25,0,40,2005,w
7834276,Syeda Minahil Abdul Rahman,PAK,F,,,,1543,AUG25,4,40,2010,w
7816464,Taha Ijaz,PAK,M,,,,1692,AUG25,0,20,1999,i
7843747,Tahir Abbas Nasir,PAK,M,,,,1630,AUG25,0,40,1990,
7802110,Tahir Abdul Qaiyum Khan,PAK,M,,,,1732,AUG25,0,20,1965,i
7801424,Tahir Asghar,PAK,M,,,,1936,AUG25,0,20,1980,i
7826044,Taimoor Sarfaraz,PAK,M,,,,1626,AUG25,5,20,2000,
7819846,Talha Ahmed Pai,PAK,M,,,,1647,AUG25,0,40,1973,
7843321,Talha Ansari,PAK,M,,,,1858,AUG25,0,40,1997,
7826478,Talha Maqsood Bajwa,PAK,M,,,,1654,AUG25,0,40,2003,
7819250,Talha Nasir,PAK,M,,,,1735,AUG25,0,40,1999,
7824416,Talha Shah Bukhari,PAK,M,,,,1465,AUG25,0,40,2000,i
7802048,Tanveer Ahmad Mushtaq,PAK,M,,,,1793,AUG25,5,20,1954,
7802404,Tanveer Hussain,PAK,M,,,,1724,AUG25,0,40,1986,
7806540,Tariq Riaz Ahmad,PAK,M,,,,1834,AUG25,0,20,1964,i
7832737,Taskeen Waqar,PAK,F,,,,1445,AUG25,0,40,1973,w
7801149,Tasneem Ahmad,PAK,F,,,,1648,AUG25,0,20,1947,wi
7804199,Tauseef Ur Rehman Babar,PAK,M,,NA,,1660,AUG25,0,20,1974,i
7819692,Tayyab Ali,PAK,M,,,,1815,AUG25,0,40,1999,
7802560,Tayyeb Usman,PAK,M,,,,1711,AUG25,0,20,1994,i
7819218,Titus Nadeem,PAK,M,,,,1672,AUG25,0,20,2002,
7834543,Ukasha Abbas,PAK,M,,,,1673,AUG25,0,40,2003,
7837992,Ukkasha Siddiqui,PAK,M,,,,1664,AUG25,6,40,2006,
7827547,Umair Ahmed Ullah,PAK,M,,,,1536,AUG25,0,40,2001,
7807260,Umair Tahir,PAK,M,,,,1685,AUG25,0,20,1986,i
7812710,Umar Alyas,PAK,M,,,,1529,AUG25,5,40,1999,
7832427,Umar Bin Abdul Aziz Khan,PAK,M,,,,1580,AUG25,0,40,1994,
7842619,Umer Farooq,PAK,M,,,,1466,AUG25,0,40,1985,
7839367,Umer Hayat Khan,PAK,M,,,,1593,AUG25,0,40,2005,
7835280,Umer Khan,PAK,M,,,,1506,AUG25,4,40,1997,
7809271,Umer Zaib,PAK,M,,,,1721,AUG25,0,20,1988,i
7801157,Urooj Saeed,PAK,F,,,,1680,AUG25,2,20,1981,w
7806558,Usama Aslam,PAK,M,,,,1886,AUG25,0,40,1993,
7815549,Usama Noor,PAK,M,,,,1570,AUG25,0,20,1997,i
7812450,"Usama, Pervaiz",PAK,M,,,,1863,AUG25,0,40,1999,i
7807562,Usman Munir,PAK,M,,,,1921,AUG25,0,20,1995,i
7839480,Uzair Ahmed,PAK,M,,,,1814,AUG25,0,40,2009,
7838263,Varun Kumar,PAK,M,,,,1696,AUG25,4,40,2015,
7837372,Viktor Lotz,PAK,M,,,,1622,AUG25,0,40,2012,
7818378,Vivek,PAK,M,,,,1568,AUG25,0,20,1999,i
7808267,Wahab ahmed,PAK,M,,,,1729,AUG25,5,20,1987,
7815859,Waheed Razzaq,PAK,M,,,,1811,AUG25,6,20,1968,
7800509,Wahid Hussain,PAK,M,CM,,,1902,AUG25,0,20,1970,
7846720,Wajid ali,PAK,M,,,,1750,AUG25,5,40,2004,
7813015,Waleed Arshad,PAK,M,,,,1664,AUG25,0,20,1998,i
7805381,Waleed Saleem Khan,PAK,M,,,,1679,AUG25,0,20,1996,
7826176,Wali Muhammad,PAK,M,,,,1477,AUG25,0,40,1978,i
7813520,"Wali, Muhammad",PAK,M,,,,1704,AUG25,0,20,2003,i
7827784,Walied Bin Hisham Sayyid,PAK,M,,,,1692,AUG25,0,40,2009,i
7801734,Waqar Ahmad,PAK,M,,,,1739,AUG25,0,40,1990,
7800371,Waqar Ahmad Madni,PAK,M,,,,2023,AUG25,0,20,1974,i
7802005,Waqar Ahmad NM,PAK,M,,,,1850,AUG25,0,20,1955,i
7817177,Waqar Ali Shah,PAK,M,,,,1602,AUG25,0,20,1999,i
7807201,Waqas,PAK,M,,,,2004,AUG25,15,20,1986,
7847785,Waqas Raza,PAK,M,,,,1613,AUG25,13,40,2005,
7823479,Waqas Raza Arshad,PAK,M,,,,1755,AUG25,0,20,1988,i
7826184,Waqas Raza Hashmi,PAK,M,,,,1598,AUG25,4,40,1982,
7835400,Waqqas Jabbar,PAK,M,,,,1706,AUG25,0,40,1978,i
7836740,Waris Mohammad Hasil,PAK,M,,,,1512,AUG25,6,40,1993,
7821468,Warren Gerard D Silva,PAK,M,,,,AFM,AUG25,1732,0,2000,i
7823070,Waseem Ahmed,PAK,M,,,,1796,AUG25,0,20,1984,
7809182,Waseem Akhter,PAK,M,,,,1822,AUG25,0,20,1971,i
7813260,"Waseem, Javid",PAK,M,,,,2021,AUG25,14,40,2001,
7816448,Wasif Ahmed Qureshi,PAK,M,,,,1589,AUG25,0,20,2000,i
7843550,Yaseen Hassan,PAK,M,,,,ACM,AUG25,1568,0,1988,
7820291,Yasir Mehmood Nasir,PAK,M,,,,1699,AUG25,0,20,1993,
7806914,Yassar Mahmood,PAK,M,,,,1836,AUG25,0,20,1975,i
7801254,Yousuf Azeem Makhdoomi,PAK,M,,,,1879,AUG25,0,20,1997,i
7804210,Yousuf Baloch,PAK,M,,,,1627,AUG25,0,20,1955,i
7819951,Yousuf Kamran,PAK,M,,,,1715,AUG25,0,40,1992,i
7825986,Yumna Khan,PAK,F,,,,1570,AUG25,2,40,1998,w
7817657,ZAEEM RASOOL,PAK,M,,,,1681,AUG25,0,40,2003,i
7819501,Zafar Ali,PAK,M,,,,1726,AUG25,0,20,1998,i
7806108,Zafar Ali Khan,PAK,M,,NA,,1666,AUG25,0,20,1978,i
7826486,Zaheer Mehmood,PAK,M,,,,1809,AUG25,0,40,1982,i
7816324,"Zaheer, Abbass",PAK,M,,,,1752,AUG25,0,20,1975,i
7843500,Zaid Ali,PAK,M,,,,1799,AUG25,0,40,2000,
7835884,Zaid Khan,PAK,M,,,,1502,AUG25,0,40,2003,
7823568,Zain Munir,PAK,M,,,,1578,AUG25,0,20,2000,i
7812485,"Zakria, Younus",PAK,M,,,,1636,AUG25,0,20,2003,
7812744,Zaman Sohail,PAK,M,,,,1999,AUG25,9,20,2004,
7838476,Zamrez Khurshid,PAK,M,,,,1602,AUG25,0,40,2010,
7823169,Zarrar Hyder Shah,PAK,M,,,,ACM,AUG25,1944,0,1958,
7836198,Zarrar Mukaram Chaudhary,PAK,M,,,,1610,AUG25,0,40,2004,
7837186,Zayd Mohammed Asim,PAK,M,,,,ACM,AUG25,1743,3,2012,
7821646,Zeeshan Ahmed Mirani,PAK,M,,,,1536,AUG25,0,40,1999,
7846665,Zeeshan Ali,PAK,M,,,,1564,AUG25,0,40,1996,
7816430,Zeeshan Ali,PAK,M,,,,1638,AUG25,0,20,2001,i
7812507,"Zeeshan, Haider",PAK,M,,,,1718,AUG25,0,20,1993,
7800746,Zenobia Wasif,PAK,F,WCM,WCM,NI,1691,AUG25,0,20,1964,w
7819439,Zibrak Hasees Janjua,PAK,M,,,,1623,AUG25,0,20,1998,i
7807376,Zidane Hamid,PAK,M,,,,ACM,AUG25,1592,0,2010,
7817223,Zillal Shakeel Khan,PAK,M,,,,1751,AUG25,0,20,2000,
7828810,Ziyaan,PAK,M,,,,1570,AUG25,0,40,2006,i
7800398,"Zohaib Hassan, Mohamed",PAK,M,,,,2244,AUG25,0,20,1982,
7809573,Zohaib Mengal,PAK,M,,,,1591,AUG25,0,20,1994,i
7801033,Zorez Shabkhez,PAK,M,,,,AGM,AUG25,1977,14,1998,
7822200,Zoya Ahmad Raj,PAK,F,,,,1516,AUG25,4,40,2009,w
7824173,Zubair Ahmed Laghari,PAK,M,,,,1690,AUG25,0,40,1981,
7826494,Zulfiqar Ali,PAK,M,,,,1773,AUG25,9,40,1975,