[
  {
    "ID Number": "19900023",
    "Name": "Aw, Ousmane",
    "Fed": "SEN",
    "Sex": "M",
    "Title": "",
    "WTit": "",
    "OTit": "",
    "Rating": "1919",
    "Gms": "0",
    "K": "20",
    "RatingMonth": "SEP25",
    "B-day": "1956",
    "Flag": "i"
  },
  {
    "ID Number": "19900074",
    "Name": "Badji, Sekou Aransbene",
    "Fed": "SEN",
    "Sex": "M",
    "Title": "",
    "WTit": "",
    "OTit": "",
    "Rating": "1857",
    "Gms": "0",
    "K": "20",
    "RatingMonth": "SEP25",
    "B-day": "1979",
    "Flag": "i"
  },
  {
    "ID Number": "19900422",
    "Name": "Diarra, Rassoul",
    "Fed": "SEN",
    "Sex": "M",
    "Title": "",
    "WTit": "",
    "OTit": "",
    "Rating": "1761",
    "Gms": "0",
    "K": "20",
    "RatingMonth": "SEP25",
    "B-day": "2002",
    "Flag": "i"
  },
  {
    "ID Number": "19900503",
    "Name": "Fall, Mouhamadou Mourtada",
    "Fed": "SEN",
    "Sex": "M",
    "Title": "",
    "WTit": "",
    "OTit": "",
    "Rating": "1996",
    "Gms": "0",
    "K": "20",
    "RatingMonth": "SEP25",
    "B-day": "1996",
    "Flag": "i"
  },
  {
    "ID Number": "614831",
    "Name": "Lesbros, Bernard",
    "Fed": "SEN",
    "Sex": "M",
    "Title": "CM",
    "WTit": "FI",
    "OTit": "",
    "Rating": "1947",
    "Gms": "0",
    "K": "20",
    "RatingMonth": "SEP25",
    "B-day": "1948",
    "Flag": "i"
  },
  {
    "ID Number": "19900490",
    "Name": "Marochkina, Nadezhda Valerevna",
    "Fed": "SEN",
    "Sex": "F",
    "Title": "CM",
    "WTit": "NI",
    "OTit": "",
    "Rating": "1815",
    "Gms": "0",
    "K": "20",
    "RatingMonth": "SEP25",
    "B-day": "1990",
    "Flag": "wi"
  }
]