[
  {
    "ID Number": "6800785",
    "Name": "Allen, Darryl",
    "Fed": "ISV",
    "Sex": "M",
    "Title": "",
    "WTit": "NA",
    "OTit": "",
    "Rating": "1794",
    "Gms": "0",
    "K": "40",
    "RatingMonth": "SEP25",
    "B-day": "1963",
    "Flag": ""
  },
  {
    "ID Number": "6800831",
    "Name": "Cana, Jessica Ann Iriarte",
    "Fed": "ISV",
    "Sex": "F",
    "Title": "",
    "WTit": "NA",
    "OTit": "",
    "Rating": "1518",
    "Gms": "0",
    "K": "40",
    "RatingMonth": "SEP25",
    "B-day": "1978",
    "Flag": "w"
  },
  {
    "ID Number": "6800726",
    "Name": "Hair, Justin M",
    "Fed": "ISV",
    "Sex": "M",
    "Title": "",
    "WTit": "NA",
    "OTit": "",
    "Rating": "1728",
    "Gms": "0",
    "K": "20",
    "RatingMonth": "SEP25",
    "B-day": "1984",
    "Flag": ""
  },
  {
    "ID Number": "6800637",
    "Name": "Heim, Colin Peter",
    "Fed": "ISV",
    "Sex": "M",
    "Title": "",
    "WTit": "",
    "OTit": "",
    "Rating": "1738",
    "Gms": "0",
    "K": "20",
    "RatingMonth": "SEP25",
    "B-day": "1990",
    "Flag": ""
  },
  {
    "ID Number": "6800173",
    "Name": "Mongiello, Anthony",
    "Fed": "ISV",
    "Sex": "M",
    "Title": "",
    "WTit": "",
    "OTit": "",
    "Rating": "1614",
    "Gms": "0",
    "K": "20",
    "RatingMonth": "SEP25",
    "B-day": "1958",
    "Flag": ""
  },
  {
    "ID Number": "6800246",
    "Name": "Murphy, Margaret",
    "Fed": "ISV",
    "Sex": "F",
    "Title": "",
    "WTit": "FI",
    "OTit": "",
    "Rating": "1489",
    "Gms": "0",
    "K": "40",
    "RatingMonth": "SEP25",
    "B-day": "1951",
    "Flag": "w"
  },
  {
    "ID Number": "6800874",
    "Name": "Williams, Abram",
    "Fed": "ISV",
    "Sex": "M",
    "Title": "",
    "WTit": "",
    "OTit": "",
    "Rating": "2020",
    "Gms": "0",
    "K": "40",
    "RatingMonth": "SEP25",
    "B-day": "2006",
    "Flag": ""
  },
  {
    "ID Number": "6800840",
    "Name": "Williams, Leah",
    "Fed": "ISV",
    "Sex": "F",
    "Title": "",
    "WTit": "",
    "OTit": "",
    "Rating": "1640",
    "Gms": "0",
    "K": "40",
    "RatingMonth": "SEP25",
    "B-day": "2010",
    "Flag": "w"
  }
]