[
  {
    "ID Number": "11701692"
  },
  {
    "ID Number": "11700467"
  },
  {
    "ID Number": "11702974"
  },
  {
    "ID Number": "11704470"
  },
  {
    "ID Number": "11701714"
  },
  {
    "ID Number": "11700033"
  },
  {
    "ID Number": "11703482"
  },
  {
    "ID Number": "11701765"
  },
  {
    "ID Number": "11700777"
  },
  {
    "ID Number": "11701595"
  },
  {
    "ID Number": "11701773"
  },
  {
    "ID Number": "11703415"
  },
  {
    "ID Number": "11704713"
  },
  {
    "ID Number": "11700203"
  },
  {
    "ID Number": "11701579"
  },
  {
    "ID Number": "11700025"
  },
  {
    "ID Number": "11701137"
  },
  {
    "ID Number": "11702907"
  },
  {
    "ID Number": "11701897"
  },
  {
    "ID Number": "11701285"
  },
  {
    "ID Number": "11701790"
  },
  {
    "ID Number": "11702613"
  },
  {
    "ID Number": "11702524"
  },
  {
    "ID Number": "11700599"
  },
  {
    "ID Number": "11700998"
  },
  {
    "ID Number": "11702923"
  },
  {
    "ID Number": "11701188"
  },
  {
    "ID Number": "11701145"
  },
  {
    "ID Number": "11702516"
  },
  {
    "ID Number": "11701854"
  },
  {
    "ID Number": "11702559"
  },
  {
    "ID Number": "11702133"
  },
  {
    "ID Number": "11700076"
  },
  {
    "ID Number": "11701633"
  },
  {
    "ID Number": "11700947"
  },
  {
    "ID Number": "11704268"
  },
  {
    "ID Number": "11702630"
  },
  {
    "ID Number": "11703229"
  },
  {
    "ID Number": "11700491"
  },
  {
    "ID Number": "11703555"
  },
  {
    "ID Number": "11700785"
  },
  {
    "ID Number": "11701943"
  },
  {
    "ID Number": "11701234"
  },
  {
    "ID Number": "11701552"
  },
  {
    "ID Number": "11701200"
  },
  {
    "ID Number": "11701560"
  },
  {
    "ID Number": "11701706"
  },
  {
    "ID Number": "11703490"
  },
  {
    "ID Number": "11700394"
  },
  {
    "ID Number": "11702893"
  },
  {
    "ID Number": "11701951"
  },
  {
    "ID Number": "11700882"
  },
  {
    "ID Number": "11701340"
  },
  {
    "ID Number": "11700165"
  },
  {
    "ID Number": "11701277"
  },
  {
    "ID Number": "12540951"
  },
  {
    "ID Number": "11701374"
  },
  {
    "ID Number": "11702400"
  },
  {
    "ID Number": "11701366"
  },
  {
    "ID Number": "11705418"
  },
  {
    "ID Number": "11701862"
  },
  {
    "ID Number": "11701455"
  },
  {
    "ID Number": "11700580"
  },
  {
    "ID Number": "11700459"
  },
  {
    "ID Number": "11700572"
  },
  {
    "ID Number": "11701749"
  },
  {
    "ID Number": "11701870"
  },
  {
    "ID Number": "11701064"
  },
  {
    "ID Number": "11701536"
  },
  {
    "ID Number": "11703270"
  },
  {
    "ID Number": "11700963"
  },
  {
    "ID Number": "11701900"
  },
  {
    "ID Number": "11702176"
  },
  {
    "ID Number": "11702010"
  },
  {
    "ID Number": "11705361"
  },
  {
    "ID Number": "11701960"
  }
]