[
  {
    "ID Number": "10847774"
  },
  {
    "ID Number": "10815244"
  },
  {
    "ID Number": "10816496"
  },
  {
    "ID Number": "10807950"
  },
  {
    "ID Number": "10819495"
  },
  {
    "ID Number": "10800425"
  },
  {
    "ID Number": "10849114"
  },
  {
    "ID Number": "10802215"
  },
  {
    "ID Number": "10820752"
  },
  {
    "ID Number": "10830219"
  },
  {
    "ID Number": "10800042"
  },
  {
    "ID Number": "10814892"
  },
  {
    "ID Number": "10812148"
  },
  {
    "ID Number": "10808515"
  },
  {
    "ID Number": "10825665"
  },
  {
    "ID Number": "10816020"
  },
  {
    "ID Number": "10831720"
  },
  {
    "ID Number": "10801634"
  },
  {
    "ID Number": "10806350"
  },
  {
    "ID Number": "10855386"
  },
  {
    "ID Number": "10852832"
  },
  {
    "ID Number": "10834702"
  },
  {
    "ID Number": "10832459"
  },
  {
    "ID Number": "10839097"
  },
  {
    "ID Number": "10828109"
  },
  {
    "ID Number": "10844511"
  },
  {
    "ID Number": "10811869"
  },
  {
    "ID Number": "10802061"
  },
  {
    "ID Number": "10811389"
  },
  {
    "ID Number": "10805729"
  },
  {
    "ID Number": "10847790"
  },
  {
    "ID Number": "10803122"
  },
  {
    "ID Number": "10803726"
  },
  {
    "ID Number": "10811230"
  },
  {
    "ID Number": "10809171"
  },
  {
    "ID Number": "10816038"
  },
  {
    "ID Number": "10805842"
  },
  {
    "ID Number": "10831738"
  },
  {
    "ID Number": "10898107"
  },
  {
    "ID Number": "10895000"
  },
  {
    "ID Number": "10832238"
  },
  {
    "ID Number": "10802444"
  },
  {
    "ID Number": "10803670"
  },
  {
    "ID Number": "10811427"
  },
  {
    "ID Number": "10801502"
  },
  {
    "ID Number": "10800107"
  },
  {
    "ID Number": "10805915"
  },
  {
    "ID Number": "10815856"
  },
  {
    "ID Number": "10860975"
  },
  {
    "ID Number": "10852956"
  },
  {
    "ID Number": "10809619"
  },
  {
    "ID Number": "10833382"
  },
  {
    "ID Number": "10831070"
  },
  {
    "ID Number": "10804226"
  },
  {
    "ID Number": "10832203"
  },
  {
    "ID Number": "10842659"
  },
  {
    "ID Number": "10845194"
  },
  {
    "ID Number": "10836977"
  },
  {
    "ID Number": "10827986"
  },
  {
    "ID Number": "10802398"
  },
  {
    "ID Number": "10821210"
  },
  {
    "ID Number": "10802371"
  },
  {
    "ID Number": "10894411"
  },
  {
    "ID Number": "10809139"
  },
  {
    "ID Number": "14318024"
  },
  {
    "ID Number": "10800565"
  },
  {
    "ID Number": "10862439"
  },
  {
    "ID Number": "10829121"
  },
  {
    "ID Number": "10800131"
  },
  {
    "ID Number": "10891420"
  },
  {
    "ID Number": "10827552"
  },
  {
    "ID Number": "10839682"
  },
  {
    "ID Number": "10809279"
  },
  {
    "ID Number": "10809260"
  },
  {
    "ID Number": "10802762"
  },
  {
    "ID Number": "10824375"
  },
  {
    "ID Number": "10849068"
  },
  {
    "ID Number": "10837370"
  },
  {
    "ID Number": "10800816"
  },
  {
    "ID Number": "10861106"
  },
  {
    "ID Number": "10807055"
  },
  {
    "ID Number": "10828818"
  },
  {
    "ID Number": "10839330"
  },
  {
    "ID Number": "10841792"
  },
  {
    "ID Number": "10845003"
  },
  {
    "ID Number": "10840966"
  },
  {
    "ID Number": "10826742"
  },
  {
    "ID Number": "10818316"
  },
  {
    "ID Number": "10805850"
  },
  {
    "ID Number": "10816062"
  },
  {
    "ID Number": "10814906"
  },
  {
    "ID Number": "10800573"
  },
  {
    "ID Number": "10842306"
  },
  {
    "ID Number": "10848525"
  },
  {
    "ID Number": "10811532"
  },
  {
    "ID Number": "10844813"
  },
  {
    "ID Number": "10818677"
  },
  {
    "ID Number": "10802711"
  },
  {
    "ID Number": "10895248"
  },
  {
    "ID Number": "10806091"
  },
  {
    "ID Number": "10827560"
  },
  {
    "ID Number": "10824294"
  },
  {
    "ID Number": "10818383"
  },
  {
    "ID Number": "10819487"
  },
  {
    "ID Number": "10862544"
  },
  {
    "ID Number": "10809759"
  },
  {
    "ID Number": "10808639"
  },
  {
    "ID Number": "10841172"
  },
  {
    "ID Number": "10829563"
  },
  {
    "ID Number": "10811877"
  },
  {
    "ID Number": "10809350"
  },
  {
    "ID Number": "10899014"
  },
  {
    "ID Number": "10826700"
  },
  {
    "ID Number": "10834605"
  },
  {
    "ID Number": "10839356"
  },
  {
    "ID Number": "10825703"
  },
  {
    "ID Number": "10816305"
  },
  {
    "ID Number": "10831517"
  },
  {
    "ID Number": "10801162"
  },
  {
    "ID Number": "10807063"
  },
  {
    "ID Number": "10835431"
  },
  {
    "ID Number": "10852190"
  },
  {
    "ID Number": "10806830"
  },
  {
    "ID Number": "10827250"
  },
  {
    "ID Number": "10818189"
  },
  {
    "ID Number": "10811214"
  },
  {
    "ID Number": "10817522"
  },
  {
    "ID Number": "10811206"
  },
  {
    "ID Number": "10815163"
  },
  {
    "ID Number": "10808329"
  },
  {
    "ID Number": "10803564"
  },
  {
    "ID Number": "10896392"
  },
  {
    "ID Number": "10827471"
  },
  {
    "ID Number": "10896759"
  },
  {
    "ID Number": "10841261"
  },
  {
    "ID Number": "10827587"
  },
  {
    "ID Number": "10822968"
  },
  {
    "ID Number": "10896350"
  },
  {
    "ID Number": "10896309"
  },
  {
    "ID Number": "10897992"
  },
  {
    "ID Number": "10829326"
  },
  {
    "ID Number": "10824642"
  },
  {
    "ID Number": "10802339"
  },
  {
    "ID Number": "10823875"
  },
  {
    "ID Number": "10809457"
  },
  {
    "ID Number": "10830987"
  },
  {
    "ID Number": "10809198"
  },
  {
    "ID Number": "10830618"
  },
  {
    "ID Number": "10830650"
  },
  {
    "ID Number": "10808108"
  },
  {
    "ID Number": "10825711"
  },
  {
    "ID Number": "10895418"
  },
  {
    "ID Number": "10811192"
  },
  {
    "ID Number": "10813292"
  },
  {
    "ID Number": "10823700"
  },
  {
    "ID Number": "10811184"
  },
  {
    "ID Number": "10807616"
  },
  {
    "ID Number": "10896376"
  },
  {
    "ID Number": "10848533"
  },
  {
    "ID Number": "10888128"
  },
  {
    "ID Number": "10807799"
  },
  {
    "ID Number": "554000580"
  },
  {
    "ID Number": "10835059"
  },
  {
    "ID Number": "10807730"
  },
  {
    "ID Number": "10882251"
  },
  {
    "ID Number": "10891536"
  },
  {
    "ID Number": "10841148"
  },
  {
    "ID Number": "10812962"
  },
  {
    "ID Number": "10892621"
  },
  {
    "ID Number": "10882308"
  },
  {
    "ID Number": "554003148"
  },
  {
    "ID Number": "10894896"
  },
  {
    "ID Number": "10800964"
  },
  {
    "ID Number": "10803580"
  },
  {
    "ID Number": "10800972"
  },
  {
    "ID Number": "10813284"
  },
  {
    "ID Number": "10821244"
  },
  {
    "ID Number": "10842560"
  },
  {
    "ID Number": "10801707"
  },
  {
    "ID Number": "10818405"
  },
  {
    "ID Number": "10808078"
  },
  {
    "ID Number": "10817930"
  },
  {
    "ID Number": "10807802"
  },
  {
    "ID Number": "10894403"
  },
  {
    "ID Number": "10857052"
  },
  {
    "ID Number": "10808990"
  },
  {
    "ID Number": "10802940"
  },
  {
    "ID Number": "10824650"
  },
  {
    "ID Number": "10803009"
  },
  {
    "ID Number": "10891692"
  },
  {
    "ID Number": "10822755"
  },
  {
    "ID Number": "10891790"
  },
  {
    "ID Number": "10847880"
  },
  {
    "ID Number": "10833650"
  },
  {
    "ID Number": "10817077"
  },
  {
    "ID Number": "10821074"
  },
  {
    "ID Number": "10857249"
  },
  {
    "ID Number": "10890610"
  },
  {
    "ID Number": "10845704"
  },
  {
    "ID Number": "10896490"
  },
  {
    "ID Number": "10890564"
  },
  {
    "ID Number": "10896562"
  },
  {
    "ID Number": "10888446"
  },
  {
    "ID Number": "10898182"
  },
  {
    "ID Number": "10820914"
  },
  {
    "ID Number": "10816313"
  },
  {
    "ID Number": "10829270"
  },
  {
    "ID Number": "10826254"
  },
  {
    "ID Number": "10887237"
  },
  {
    "ID Number": "10847901"
  },
  {
    "ID Number": "10817085"
  },
  {
    "ID Number": "10898000"
  },
  {
    "ID Number": "10847910"
  },
  {
    "ID Number": "10821902"
  },
  {
    "ID Number": "10815228"
  },
  {
    "ID Number": "10801278"
  },
  {
    "ID Number": "10838287"
  },
  {
    "ID Number": "10837639"
  },
  {
    "ID Number": "10809813"
  },
  {
    "ID Number": "10817476"
  },
  {
    "ID Number": "10815651"
  },
  {
    "ID Number": "10896414"
  },
  {
    "ID Number": "10833161"
  },
  {
    "ID Number": "10808701"
  },
  {
    "ID Number": "10800174"
  },
  {
    "ID Number": "10803416"
  },
  {
    "ID Number": "10891820"
  },
  {
    "ID Number": "10824065"
  },
  {
    "ID Number": "10850210"
  },
  {
    "ID Number": "10840230"
  },
  {
    "ID Number": "10835822"
  },
  {
    "ID Number": "10893830"
  },
  {
    "ID Number": "10846271"
  },
  {
    "ID Number": "10815503"
  },
  {
    "ID Number": "10808523"
  },
  {
    "ID Number": "10803327"
  },
  {
    "ID Number": "10828060"
  },
  {
    "ID Number": "10827994"
  },
  {
    "ID Number": "10835628"
  },
  {
    "ID Number": "10801944"
  },
  {
    "ID Number": "10827684"
  },
  {
    "ID Number": "10807764"
  },
  {
    "ID Number": "10818391"
  },
  {
    "ID Number": "10806504"
  },
  {
    "ID Number": "10800247"
  },
  {
    "ID Number": "10825606"
  },
  {
    "ID Number": "10835610"
  },
  {
    "ID Number": "10806989"
  },
  {
    "ID Number": "2004348"
  },
  {
    "ID Number": "10811176"
  },
  {
    "ID Number": "10827323"
  },
  {
    "ID Number": "10837388"
  },
  {
    "ID Number": "10801308"
  },
  {
    "ID Number": "10843795"
  },
  {
    "ID Number": "10834303"
  },
  {
    "ID Number": "10809376"
  },
  {
    "ID Number": "10826874"
  },
  {
    "ID Number": "10810277"
  },
  {
    "ID Number": "10833170"
  },
  {
    "ID Number": "10830251"
  },
  {
    "ID Number": "10800999"
  },
  {
    "ID Number": "10805397"
  },
  {
    "ID Number": "10805389"
  },
  {
    "ID Number": "10844554"
  },
  {
    "ID Number": "10898026"
  },
  {
    "ID Number": "10802533"
  },
  {
    "ID Number": "10801626"
  },
  {
    "ID Number": "10811605"
  },
  {
    "ID Number": "10803637"
  },
  {
    "ID Number": "10837515"
  },
  {
    "ID Number": "10808396"
  },
  {
    "ID Number": "10894870"
  },
  {
    "ID Number": "10829377"
  },
  {
    "ID Number": "10803998"
  },
  {
    "ID Number": "10830820"
  },
  {
    "ID Number": "10823883"
  },
  {
    "ID Number": "10845305"
  },
  {
    "ID Number": "10802452"
  },
  {
    "ID Number": "10898034"
  },
  {
    "ID Number": "10801006"
  },
  {
    "ID Number": "10801260"
  },
  {
    "ID Number": "10842675"
  },
  {
    "ID Number": "10803491"
  },
  {
    "ID Number": "10824308"
  },
  {
    "ID Number": "554002540"
  },
  {
    "ID Number": "10852255"
  },
  {
    "ID Number": "10811249"
  },
  {
    "ID Number": "10831010"
  },
  {
    "ID Number": "10807977"
  },
  {
    "ID Number": "10838970"
  },
  {
    "ID Number": "10824340"
  },
  {
    "ID Number": "10830642"
  },
  {
    "ID Number": "10844970"
  },
  {
    "ID Number": "10806601"
  },
  {
    "ID Number": "10815406"
  },
  {
    "ID Number": "10845348"
  },
  {
    "ID Number": "10812199"
  },
  {
    "ID Number": "10852700"
  },
  {
    "ID Number": "10824596"
  },
  {
    "ID Number": "10895086"
  },
  {
    "ID Number": "10820841"
  },
  {
    "ID Number": "10813020"
  },
  {
    "ID Number": "10853561"
  },
  {
    "ID Number": "10834311"
  },
  {
    "ID Number": "10853669"
  },
  {
    "ID Number": "10838937"
  },
  {
    "ID Number": "10801073"
  },
  {
    "ID Number": "10845666"
  },
  {
    "ID Number": "10854185"
  },
  {
    "ID Number": "554000017"
  },
  {
    "ID Number": "10836730"
  },
  {
    "ID Number": "10813381"
  },
  {
    "ID Number": "10854657"
  },
  {
    "ID Number": "10819649"
  },
  {
    "ID Number": "10855084"
  },
  {
    "ID Number": "10819630"
  },
  {
    "ID Number": "10855700"
  },
  {
    "ID Number": "10856145"
  },
  {
    "ID Number": "10856366"
  },
  {
    "ID Number": "10856340"
  },
  {
    "ID Number": "10856420"
  },
  {
    "ID Number": "10811150"
  },
  {
    "ID Number": "10837914"
  },
  {
    "ID Number": "10857508"
  },
  {
    "ID Number": "10805990"
  },
  {
    "ID Number": "10834656"
  },
  {
    "ID Number": "10857630"
  },
  {
    "ID Number": "10844716"
  },
  {
    "ID Number": "10857761"
  },
  {
    "ID Number": "10806890"
  },
  {
    "ID Number": "554002605"
  },
  {
    "ID Number": "10859667"
  },
  {
    "ID Number": "10816046"
  },
  {
    "ID Number": "10899324"
  },
  {
    "ID Number": "10840214"
  },
  {
    "ID Number": "10898042"
  },
  {
    "ID Number": "10892559"
  },
  {
    "ID Number": "10891005"
  },
  {
    "ID Number": "10847952"
  },
  {
    "ID Number": "10862919"
  },
  {
    "ID Number": "10863141"
  },
  {
    "ID Number": "10863435"
  },
  {
    "ID Number": "10816143"
  },
  {
    "ID Number": "10863753"
  },
  {
    "ID Number": "10834460"
  },
  {
    "ID Number": "10842420"
  },
  {
    "ID Number": "10830677"
  },
  {
    "ID Number": "10802983"
  },
  {
    "ID Number": "10800794"
  },
  {
    "ID Number": "10863893"
  },
  {
    "ID Number": "10899332"
  },
  {
    "ID Number": "10863923"
  },
  {
    "ID Number": "10837698"
  },
  {
    "ID Number": "10827790"
  },
  {
    "ID Number": "10833315"
  },
  {
    "ID Number": "10833188"
  },
  {
    "ID Number": "10812490"
  },
  {
    "ID Number": "10863940"
  },
  {
    "ID Number": "10839119"
  },
  {
    "ID Number": "10806075"
  },
  {
    "ID Number": "10831045"
  },
  {
    "ID Number": "10800883"
  },
  {
    "ID Number": "10801030"
  },
  {
    "ID Number": "10801200"
  },
  {
    "ID Number": "10800670"
  },
  {
    "ID Number": "10848495"
  },
  {
    "ID Number": "10849025"
  },
  {
    "ID Number": "10813985"
  },
  {
    "ID Number": "10813934"
  },
  {
    "ID Number": "10800190"
  },
  {
    "ID Number": "10814418"
  },
  {
    "ID Number": "10808957"
  },
  {
    "ID Number": "10834826"
  },
  {
    "ID Number": "10841466"
  },
  {
    "ID Number": "10814515"
  },
  {
    "ID Number": "10814531"
  },
  {
    "ID Number": "10820701"
  },
  {
    "ID Number": "10802541"
  },
  {
    "ID Number": "10814582"
  },
  {
    "ID Number": "10814507"
  },
  {
    "ID Number": "10817964"
  },
  {
    "ID Number": "10803289"
  },
  {
    "ID Number": "10834273"
  },
  {
    "ID Number": "10800700"
  },
  {
    "ID Number": "10827412"
  },
  {
    "ID Number": "10846506"
  },
  {
    "ID Number": "10832211"
  },
  {
    "ID Number": "10826890"
  },
  {
    "ID Number": "10827277"
  },
  {
    "ID Number": "10890726"
  },
  {
    "ID Number": "10831800"
  },
  {
    "ID Number": "10811133"
  },
  {
    "ID Number": "10802789"
  },
  {
    "ID Number": "10818707"
  },
  {
    "ID Number": "10808426"
  },
  {
    "ID Number": "10824545"
  },
  {
    "ID Number": "10831525"
  },
  {
    "ID Number": "10827757"
  },
  {
    "ID Number": "10800255"
  },
  {
    "ID Number": "10815520"
  },
  {
    "ID Number": "10837736"
  },
  {
    "ID Number": "10864121"
  },
  {
    "ID Number": "10800115"
  },
  {
    "ID Number": "10806865"
  },
  {
    "ID Number": "10802967"
  },
  {
    "ID Number": "10839038"
  },
  {
    "ID Number": "10831940"
  },
  {
    "ID Number": "10800891"
  },
  {
    "ID Number": "10800875"
  },
  {
    "ID Number": "10831622"
  },
  {
    "ID Number": "10835911"
  },
  {
    "ID Number": "10819282"
  },
  {
    "ID Number": "10818561"
  },
  {
    "ID Number": "10845267"
  },
  {
    "ID Number": "10844937"
  },
  {
    "ID Number": "10820485"
  },
  {
    "ID Number": "10848975"
  },
  {
    "ID Number": "10837396"
  },
  {
    "ID Number": "10810790"
  },
  {
    "ID Number": "10811354"
  },
  {
    "ID Number": "10815058"
  },
  {
    "ID Number": "10823832"
  },
  {
    "ID Number": "10818421"
  },
  {
    "ID Number": "10843442"
  },
  {
    "ID Number": "10837205"
  },
  {
    "ID Number": "10819916"
  },
  {
    "ID Number": "10844350"
  },
  {
    "ID Number": "10826769"
  },
  {
    "ID Number": "10864539"
  },
  {
    "ID Number": "10845429"
  },
  {
    "ID Number": "554003040"
  },
  {
    "ID Number": "10847960"
  },
  {
    "ID Number": "10892842"
  },
  {
    "ID Number": "10845224"
  },
  {
    "ID Number": "10844260"
  },
  {
    "ID Number": "10838589"
  },
  {
    "ID Number": "10827307"
  },
  {
    "ID Number": "10847979"
  },
  {
    "ID Number": "554003202"
  },
  {
    "ID Number": "10818170"
  },
  {
    "ID Number": "10833595"
  },
  {
    "ID Number": "10862900"
  },
  {
    "ID Number": "10827285"
  },
  {
    "ID Number": "10807039"
  },
  {
    "ID Number": "10811117"
  },
  {
    "ID Number": "10830693"
  },
  {
    "ID Number": "10838244"
  },
  {
    "ID Number": "10800808"
  },
  {
    "ID Number": "10831754"
  },
  {
    "ID Number": "10843841"
  },
  {
    "ID Number": "10826637"
  },
  {
    "ID Number": "10847987"
  },
  {
    "ID Number": "10827340"
  },
  {
    "ID Number": "10802118"
  },
  {
    "ID Number": "10842977"
  },
  {
    "ID Number": "554000092"
  },
  {
    "ID Number": "10804544"
  },
  {
    "ID Number": "10801405"
  },
  {
    "ID Number": "10846735"
  },
  {
    "ID Number": "10826904"
  },
  {
    "ID Number": "10827811"
  },
  {
    "ID Number": "10824383"
  },
  {
    "ID Number": "10893075"
  },
  {
    "ID Number": "10840591"
  },
  {
    "ID Number": "10819800"
  },
  {
    "ID Number": "10833439"
  },
  {
    "ID Number": "10835873"
  },
  {
    "ID Number": "10830707"
  },
  {
    "ID Number": "10816810"
  },
  {
    "ID Number": "10812024"
  },
  {
    "ID Number": "10811087"
  },
  {
    "ID Number": "10807012"
  },
  {
    "ID Number": "10810773"
  },
  {
    "ID Number": "10831215"
  },
  {
    "ID Number": "10830715"
  },
  {
    "ID Number": "10803602"
  },
  {
    "ID Number": "10827374"
  },
  {
    "ID Number": "10819380"
  },
  {
    "ID Number": "10821325"
  },
  {
    "ID Number": "10809244"
  },
  {
    "ID Number": "10814868"
  },
  {
    "ID Number": "10808019"
  },
  {
    "ID Number": "10807497"
  },
  {
    "ID Number": "10834966"
  },
  {
    "ID Number": "10834320"
  },
  {
    "ID Number": "10817301"
  },
  {
    "ID Number": "10815538"
  },
  {
    "ID Number": "10820566"
  },
  {
    "ID Number": "10835920"
  },
  {
    "ID Number": "10832254"
  },
  {
    "ID Number": "10843868"
  },
  {
    "ID Number": "10803734"
  },
  {
    "ID Number": "10897003"
  },
  {
    "ID Number": "10897011"
  },
  {
    "ID Number": "10897038"
  },
  {
    "ID Number": "10839950"
  },
  {
    "ID Number": "10844473"
  },
  {
    "ID Number": "10829415"
  },
  {
    "ID Number": "10833196"
  },
  {
    "ID Number": "10846840"
  },
  {
    "ID Number": "10817506"
  },
  {
    "ID Number": "10811443"
  },
  {
    "ID Number": "10827358"
  },
  {
    "ID Number": "10823557"
  },
  {
    "ID Number": "10837981"
  },
  {
    "ID Number": "10844520"
  },
  {
    "ID Number": "10835474"
  },
  {
    "ID Number": "10835334"
  },
  {
    "ID Number": "10809384"
  },
  {
    "ID Number": "10833234"
  },
  {
    "ID Number": "10828478"
  },
  {
    "ID Number": "10802142"
  },
  {
    "ID Number": "10802240"
  },
  {
    "ID Number": "10833749"
  },
  {
    "ID Number": "10840125"
  },
  {
    "ID Number": "10831002"
  },
  {
    "ID Number": "10842578"
  },
  {
    "ID Number": "10818413"
  },
  {
    "ID Number": "10811060"
  },
  {
    "ID Number": "10844643"
  },
  {
    "ID Number": "10893849"
  },
  {
    "ID Number": "10811400"
  },
  {
    "ID Number": "10807357"
  },
  {
    "ID Number": "10820035"
  },
  {
    "ID Number": "10802479"
  },
  {
    "ID Number": "10819673"
  },
  {
    "ID Number": "10846905"
  },
  {
    "ID Number": "10815074"
  },
  {
    "ID Number": "10847995"
  },
  {
    "ID Number": "10815082"
  },
  {
    "ID Number": "10808620"
  },
  {
    "ID Number": "10835199"
  },
  {
    "ID Number": "10827137"
  },
  {
    "ID Number": "10827218"
  },
  {
    "ID Number": "10832130"
  },
  {
    "ID Number": "10808663"
  },
  {
    "ID Number": "10817352"
  },
  {
    "ID Number": "10833897"
  },
  {
    "ID Number": "10819770"
  },
  {
    "ID Number": "10820230"
  },
  {
    "ID Number": "10829725"
  },
  {
    "ID Number": "10831533"
  },
  {
    "ID Number": "10831053"
  },
  {
    "ID Number": "10802436"
  },
  {
    "ID Number": "10847430"
  },
  {
    "ID Number": "10803343"
  },
  {
    "ID Number": "10819681"
  },
  {
    "ID Number": "10802568"
  },
  {
    "ID Number": "10849149"
  },
  {
    "ID Number": "10865462"
  },
  {
    "ID Number": "10827315"
  },
  {
    "ID Number": "10834060"
  },
  {
    "ID Number": "10802878"
  },
  {
    "ID Number": "10890700"
  },
  {
    "ID Number": "10845038"
  },
  {
    "ID Number": "10802045"
  },
  {
    "ID Number": "10805575"
  },
  {
    "ID Number": "10844503"
  },
  {
    "ID Number": "10805508"
  },
  {
    "ID Number": "10866078"
  },
  {
    "ID Number": "10866191"
  },
  {
    "ID Number": "10812849"
  },
  {
    "ID Number": "10897690"
  },
  {
    "ID Number": "10866698"
  },
  {
    "ID Number": "10834184"
  },
  {
    "ID Number": "10838317"
  },
  {
    "ID Number": "10821023"
  },
  {
    "ID Number": "10866965"
  },
  {
    "ID Number": "10867066"
  },
  {
    "ID Number": "10832700"
  },
  {
    "ID Number": "10833218"
  },
  {
    "ID Number": "10822771"
  },
  {
    "ID Number": "10809627"
  },
  {
    "ID Number": "10841725"
  },
  {
    "ID Number": "10812997"
  },
  {
    "ID Number": "10825770"
  },
  {
    "ID Number": "10839313"
  },
  {
    "ID Number": "10843256"
  },
  {
    "ID Number": "10817778"
  },
  {
    "ID Number": "10803319"
  },
  {
    "ID Number": "10824499"
  },
  {
    "ID Number": "10801529"
  },
  {
    "ID Number": "10801766"
  },
  {
    "ID Number": "10802746"
  },
  {
    "ID Number": "10803866"
  },
  {
    "ID Number": "10805540"
  },
  {
    "ID Number": "10827129"
  },
  {
    "ID Number": "10818340"
  },
  {
    "ID Number": "10817972"
  },
  {
    "ID Number": "10897887"
  },
  {
    "ID Number": "10815589"
  },
  {
    "ID Number": "10814949"
  },
  {
    "ID Number": "10800166"
  },
  {
    "ID Number": "10838899"
  },
  {
    "ID Number": "10882502"
  },
  {
    "ID Number": "10821171"
  },
  {
    "ID Number": "10802096"
  },
  {
    "ID Number": "10832084"
  },
  {
    "ID Number": "10826920"
  },
  {
    "ID Number": "10815953"
  },
  {
    "ID Number": "10843167"
  },
  {
    "ID Number": "10818715"
  },
  {
    "ID Number": "10833498"
  },
  {
    "ID Number": "10843078"
  },
  {
    "ID Number": "10843906"
  },
  {
    "ID Number": "10811125"
  },
  {
    "ID Number": "10817280"
  },
  {
    "ID Number": "10800514"
  },
  {
    "ID Number": "10815694"
  },
  {
    "ID Number": "10800182"
  },
  {
    "ID Number": "10844252"
  },
  {
    "ID Number": "10811036"
  },
  {
    "ID Number": "10831029"
  },
  {
    "ID Number": "10834745"
  },
  {
    "ID Number": "10821309"
  },
  {
    "ID Number": "10820175"
  },
  {
    "ID Number": "10828044"
  },
  {
    "ID Number": "10868640"
  },
  {
    "ID Number": "10848002"
  },
  {
    "ID Number": "10840567"
  },
  {
    "ID Number": "10868798"
  },
  {
    "ID Number": "10892850"
  },
  {
    "ID Number": "10868763"
  },
  {
    "ID Number": "10868909"
  },
  {
    "ID Number": "10821180"
  },
  {
    "ID Number": "10803335"
  },
  {
    "ID Number": "10809163"
  },
  {
    "ID Number": "10802827"
  },
  {
    "ID Number": "10835253"
  },
  {
    "ID Number": "10869247"
  },
  {
    "ID Number": "10826939"
  },
  {
    "ID Number": "10838449"
  },
  {
    "ID Number": "10818430"
  },
  {
    "ID Number": "10826564"
  },
  {
    "ID Number": "10803190"
  },
  {
    "ID Number": "10802509"
  },
  {
    "ID Number": "10869328"
  },
  {
    "ID Number": "10811028"
  },
  {
    "ID Number": "10869433"
  },
  {
    "ID Number": "10818251"
  },
  {
    "ID Number": "10810129"
  },
  {
    "ID Number": "10801464"
  },
  {
    "ID Number": "10818162"
  },
  {
    "ID Number": "10847731"
  },
  {
    "ID Number": "10894853"
  },
  {
    "ID Number": "10809236"
  },
  {
    "ID Number": "10808841"
  },
  {
    "ID Number": "10806318"
  },
  {
    "ID Number": "10832939"
  },
  {
    "ID Number": "10869646"
  },
  {
    "ID Number": "10812717"
  },
  {
    "ID Number": "10808540"
  },
  {
    "ID Number": "10869964"
  },
  {
    "ID Number": "10804714"
  },
  {
    "ID Number": "10816372"
  },
  {
    "ID Number": "10803874"
  },
  {
    "ID Number": "10847693"
  },
  {
    "ID Number": "10803629"
  },
  {
    "ID Number": "10870288"
  },
  {
    "ID Number": "10830944"
  },
  {
    "ID Number": "10806873"
  },
  {
    "ID Number": "10896503"
  },
  {
    "ID Number": "10800026"
  },
  {
    "ID Number": "10808388"
  },
  {
    "ID Number": "10843345"
  },
  {
    "ID Number": "10895167"
  },
  {
    "ID Number": "10840184"
  },
  {
    "ID Number": "10832270"
  },
  {
    "ID Number": "10841113"
  },
  {
    "ID Number": "10812520"
  },
  {
    "ID Number": "10818731"
  },
  {
    "ID Number": "10803769"
  },
  {
    "ID Number": "10890840"
  },
  {
    "ID Number": "10812946"
  },
  {
    "ID Number": "10840869"
  },
  {
    "ID Number": "10800271"
  },
  {
    "ID Number": "10802606"
  },
  {
    "ID Number": "10824359"
  },
  {
    "ID Number": "10838104"
  },
  {
    "ID Number": "10809090"
  },
  {
    "ID Number": "10801170"
  },
  {
    "ID Number": "10840192"
  },
  {
    "ID Number": "10871063"
  },
  {
    "ID Number": "10822364"
  },
  {
    "ID Number": "10817557"
  },
  {
    "ID Number": "10803386"
  },
  {
    "ID Number": "10801758"
  },
  {
    "ID Number": "10808221"
  },
  {
    "ID Number": "10811842"
  },
  {
    "ID Number": "10835555"
  },
  {
    "ID Number": "10803262"
  },
  {
    "ID Number": "10831703"
  },
  {
    "ID Number": "10847197"
  },
  {
    "ID Number": "10837400"
  },
  {
    "ID Number": "10802401"
  },
  {
    "ID Number": "10810803"
  },
  {
    "ID Number": "10848886"
  },
  {
    "ID Number": "10848878"
  },
  {
    "ID Number": "10809546"
  },
  {
    "ID Number": "10836012"
  },
  {
    "ID Number": "10816224"
  },
  {
    "ID Number": "10802363"
  },
  {
    "ID Number": "10808159"
  },
  {
    "ID Number": "10818600"
  },
  {
    "ID Number": "10817700"
  },
  {
    "ID Number": "10807306"
  },
  {
    "ID Number": "10836632"
  },
  {
    "ID Number": "10807624"
  },
  {
    "ID Number": "10801570"
  },
  {
    "ID Number": "10811680"
  },
  {
    "ID Number": "10843612"
  },
  {
    "ID Number": "10832149"
  },
  {
    "ID Number": "10848061"
  },
  {
    "ID Number": "10818448"
  },
  {
    "ID Number": "10830731"
  },
  {
    "ID Number": "10811460"
  },
  {
    "ID Number": "10800034"
  },
  {
    "ID Number": "10849173"
  },
  {
    "ID Number": "10800867"
  },
  {
    "ID Number": "10845461"
  },
  {
    "ID Number": "10802576"
  },
  {
    "ID Number": "10831347"
  },
  {
    "ID Number": "10801685"
  },
  {
    "ID Number": "10896368"
  },
  {
    "ID Number": "10842357"
  },
  {
    "ID Number": "10840176"
  },
  {
    "ID Number": "10826955"
  },
  {
    "ID Number": "10842748"
  },
  {
    "ID Number": "10806164"
  },
  {
    "ID Number": "10815023"
  },
  {
    "ID Number": "10802657"
  },
  {
    "ID Number": "10802487"
  },
  {
    "ID Number": "10839402"
  },
  {
    "ID Number": "10845143"
  },
  {
    "ID Number": "554004357"
  },
  {
    "ID Number": "10896252"
  },
  {
    "ID Number": "10815902"
  },
  {
    "ID Number": "10815104"
  },
  {
    "ID Number": "10817492"
  },
  {
    "ID Number": "10807519"
  },
  {
    "ID Number": "10810676"
  },
  {
    "ID Number": "10895973"
  },
  {
    "ID Number": "10817336"
  },
  {
    "ID Number": "10806300"
  },
  {
    "ID Number": "10843264"
  },
  {
    "ID Number": "10837000"
  },
  {
    "ID Number": "10827927"
  },
  {
    "ID Number": "10801600"
  },
  {
    "ID Number": "10898565"
  },
  {
    "ID Number": "10894829"
  },
  {
    "ID Number": "10827838"
  },
  {
    "ID Number": "10806067"
  },
  {
    "ID Number": "10827420"
  },
  {
    "ID Number": "10837728"
  },
  {
    "ID Number": "10837647"
  },
  {
    "ID Number": "10827650"
  },
  {
    "ID Number": "10844996"
  },
  {
    "ID Number": "554000270"
  },
  {
    "ID Number": "10806210"
  },
  {
    "ID Number": "10826688"
  },
  {
    "ID Number": "10837418"
  },
  {
    "ID Number": "10893172"
  },
  {
    "ID Number": "10842624"
  },
  {
    "ID Number": "10800930"
  },
  {
    "ID Number": "10828931"
  },
  {
    "ID Number": "10839410"
  },
  {
    "ID Number": "10828508"
  },
  {
    "ID Number": "10828982"
  },
  {
    "ID Number": "10828907"
  },
  {
    "ID Number": "10823360"
  },
  {
    "ID Number": "10827030"
  },
  {
    "ID Number": "10840133"
  },
  {
    "ID Number": "10830561"
  },
  {
    "ID Number": "10806725"
  },
  {
    "ID Number": "10817743"
  },
  {
    "ID Number": "10838457"
  },
  {
    "ID Number": "10804722"
  },
  {
    "ID Number": "10812733"
  },
  {
    "ID Number": "10827390"
  },
  {
    "ID Number": "10814922"
  },
  {
    "ID Number": "10841105"
  },
  {
    "ID Number": "10846026"
  },
  {
    "ID Number": "10812083"
  },
  {
    "ID Number": "10816593"
  },
  {
    "ID Number": "10845151"
  },
  {
    "ID Number": "10830758"
  },
  {
    "ID Number": "10829474"
  },
  {
    "ID Number": "10843949"
  },
  {
    "ID Number": "10824405"
  },
  {
    "ID Number": "10814566"
  },
  {
    "ID Number": "10812091"
  },
  {
    "ID Number": "10830766"
  },
  {
    "ID Number": "10844384"
  },
  {
    "ID Number": "10843035"
  },
  {
    "ID Number": "10831657"
  },
  {
    "ID Number": "10871390"
  },
  {
    "ID Number": "10805796"
  },
  {
    "ID Number": "10843353"
  },
  {
    "ID Number": "10801669"
  },
  {
    "ID Number": "10837582"
  },
  {
    "ID Number": "10822569"
  },
  {
    "ID Number": "10893105"
  },
  {
    "ID Number": "10841717"
  },
  {
    "ID Number": "10827722"
  },
  {
    "ID Number": "10803203"
  },
  {
    "ID Number": "10833145"
  },
  {
    "ID Number": "10815422"
  },
  {
    "ID Number": "10832319"
  },
  {
    "ID Number": "10827854"
  },
  {
    "ID Number": "10844295"
  },
  {
    "ID Number": "10827978"
  },
  {
    "ID Number": "10843000"
  },
  {
    "ID Number": "10849033"
  },
  {
    "ID Number": "10817212"
  },
  {
    "ID Number": "10828168"
  },
  {
    "ID Number": "10807667"
  },
  {
    "ID Number": "10802347"
  },
  {
    "ID Number": "10808698"
  },
  {
    "ID Number": "10894470"
  },
  {
    "ID Number": "10821392"
  },
  {
    "ID Number": "10835016"
  },
  {
    "ID Number": "10833056"
  },
  {
    "ID Number": "10812679"
  },
  {
    "ID Number": "10811257"
  },
  {
    "ID Number": "10810820"
  },
  {
    "ID Number": "10833625"
  },
  {
    "ID Number": "10835792"
  },
  {
    "ID Number": "10820078"
  },
  {
    "ID Number": "10832734"
  },
  {
    "ID Number": "10814965"
  },
  {
    "ID Number": "10815112"
  },
  {
    "ID Number": "10817565"
  },
  {
    "ID Number": "10802274"
  },
  {
    "ID Number": "10809511"
  },
  {
    "ID Number": "10813225"
  },
  {
    "ID Number": "10800468"
  },
  {
    "ID Number": "10812776"
  },
  {
    "ID Number": "10819436"
  },
  {
    "ID Number": "10843647"
  },
  {
    "ID Number": "10800263"
  },
  {
    "ID Number": "10845712"
  },
  {
    "ID Number": "10843973"
  },
  {
    "ID Number": "10843981"
  },
  {
    "ID Number": "10871900"
  },
  {
    "ID Number": "10835652"
  },
  {
    "ID Number": "10872370"
  },
  {
    "ID Number": "10845240"
  },
  {
    "ID Number": "10818774"
  },
  {
    "ID Number": "10805419"
  },
  {
    "ID Number": "10843990"
  },
  {
    "ID Number": "10816259"
  },
  {
    "ID Number": "10846093"
  },
  {
    "ID Number": "10801731"
  },
  {
    "ID Number": "10801774"
  },
  {
    "ID Number": "10823646"
  },
  {
    "ID Number": "10828729"
  },
  {
    "ID Number": "10802886"
  },
  {
    "ID Number": "10801960"
  },
  {
    "ID Number": "10801863"
  },
  {
    "ID Number": "10838546"
  },
  {
    "ID Number": "10844953"
  },
  {
    "ID Number": "10823158"
  },
  {
    "ID Number": "10829210"
  },
  {
    "ID Number": "10846115"
  },
  {
    "ID Number": "10830782"
  },
  {
    "ID Number": "10897828"
  },
  {
    "ID Number": "10872817"
  },
  {
    "ID Number": "10808264"
  },
  {
    "ID Number": "10833226"
  },
  {
    "ID Number": "10835113"
  },
  {
    "ID Number": "10820507"
  },
  {
    "ID Number": "10837744"
  },
  {
    "ID Number": "10818006"
  },
  {
    "ID Number": "10808949"
  },
  {
    "ID Number": "10802088"
  },
  {
    "ID Number": "10843159"
  },
  {
    "ID Number": "10802070"
  },
  {
    "ID Number": "10828834"
  },
  {
    "ID Number": "10819444"
  },
  {
    "ID Number": "10812695"
  },
  {
    "ID Number": "10831681"
  },
  {
    "ID Number": "10808973"
  },
  {
    "ID Number": "10802797"
  },
  {
    "ID Number": "10813756"
  },
  {
    "ID Number": "10834362"
  },
  {
    "ID Number": "10822496"
  },
  {
    "ID Number": "10831312"
  },
  {
    "ID Number": "10845208"
  },
  {
    "ID Number": "10810994"
  },
  {
    "ID Number": "10832696"
  },
  {
    "ID Number": "10896295"
  },
  {
    "ID Number": "10813330"
  },
  {
    "ID Number": "10848452"
  },
  {
    "ID Number": "10839046"
  },
  {
    "ID Number": "10804919"
  },
  {
    "ID Number": "10815724"
  },
  {
    "ID Number": "10827862"
  },
  {
    "ID Number": "10821546"
  },
  {
    "ID Number": "10873414"
  },
  {
    "ID Number": "10838635"
  },
  {
    "ID Number": "10821406"
  },
  {
    "ID Number": "10827048"
  },
  {
    "ID Number": "10807853"
  },
  {
    "ID Number": "10827404"
  },
  {
    "ID Number": "10873430"
  },
  {
    "ID Number": "10815732"
  },
  {
    "ID Number": "10827870"
  },
  {
    "ID Number": "10843361"
  },
  {
    "ID Number": "10844430"
  },
  {
    "ID Number": "10823611"
  },
  {
    "ID Number": "10834427"
  },
  {
    "ID Number": "10842942"
  },
  {
    "ID Number": "10811320"
  },
  {
    "ID Number": "10803572"
  },
  {
    "ID Number": "10801952"
  },
  {
    "ID Number": "10893180"
  },
  {
    "ID Number": "10835032"
  },
  {
    "ID Number": "10842373"
  },
  {
    "ID Number": "10873449"
  },
  {
    "ID Number": "10835024"
  },
  {
    "ID Number": "10833250"
  },
  {
    "ID Number": "10809317"
  },
  {
    "ID Number": "10816127"
  },
  {
    "ID Number": "10812750"
  },
  {
    "ID Number": "10842896"
  },
  {
    "ID Number": "10842454"
  },
  {
    "ID Number": "403903"
  },
  {
    "ID Number": "10821414"
  },
  {
    "ID Number": "10808353"
  },
  {
    "ID Number": "10802525"
  },
  {
    "ID Number": "10807578"
  },
  {
    "ID Number": "10896066"
  },
  {
    "ID Number": "10815597"
  },
  {
    "ID Number": "10828206"
  },
  {
    "ID Number": "10802720"
  },
  {
    "ID Number": "10838619"
  },
  {
    "ID Number": "10866906"
  },
  {
    "ID Number": "10821015"
  },
  {
    "ID Number": "10821503"
  },
  {
    "ID Number": "10830847"
  },
  {
    "ID Number": "10832343"
  },
  {
    "ID Number": "10822275"
  },
  {
    "ID Number": "10830995"
  },
  {
    "ID Number": "10841008"
  },
  {
    "ID Number": "10833986"
  },
  {
    "ID Number": "10839135"
  },
  {
    "ID Number": "10891544"
  },
  {
    "ID Number": "10800492"
  },
  {
    "ID Number": "10803882"
  },
  {
    "ID Number": "10810986"
  },
  {
    "ID Number": "10814981"
  },
  {
    "ID Number": "10831509"
  },
  {
    "ID Number": "10843299"
  },
  {
    "ID Number": "10832815"
  },
  {
    "ID Number": "10829016"
  },
  {
    "ID Number": "10849220"
  },
  {
    "ID Number": "10834672"
  },
  {
    "ID Number": "10841091"
  },
  {
    "ID Number": "554004527"
  },
  {
    "ID Number": "10824413"
  },
  {
    "ID Number": "10826572"
  },
  {
    "ID Number": "10802053"
  },
  {
    "ID Number": "10822488"
  },
  {
    "ID Number": "10832718"
  },
  {
    "ID Number": "10830626"
  },
  {
    "ID Number": "10817425"
  },
  {
    "ID Number": "10806016"
  },
  {
    "ID Number": "10809430"
  },
  {
    "ID Number": "10802126"
  },
  {
    "ID Number": "10800549"
  },
  {
    "ID Number": "10839968"
  },
  {
    "ID Number": "10845232"
  },
  {
    "ID Number": "10818480"
  },
  {
    "ID Number": "10835954"
  },
  {
    "ID Number": "10832025"
  },
  {
    "ID Number": "10807462"
  },
  {
    "ID Number": "10832351"
  },
  {
    "ID Number": "10816267"
  },
  {
    "ID Number": "10828559"
  },
  {
    "ID Number": "10842616"
  },
  {
    "ID Number": "10824669"
  },
  {
    "ID Number": "10828222"
  },
  {
    "ID Number": "10833200"
  },
  {
    "ID Number": "10827889"
  },
  {
    "ID Number": "10833137"
  },
  {
    "ID Number": "10801251"
  },
  {
    "ID Number": "10808655"
  },
  {
    "ID Number": "10826971"
  },
  {
    "ID Number": "10813420"
  },
  {
    "ID Number": "10812105"
  },
  {
    "ID Number": "10803688"
  },
  {
    "ID Number": "10842160"
  },
  {
    "ID Number": "10807438"
  },
  {
    "ID Number": "10828087"
  },
  {
    "ID Number": "10835504"
  },
  {
    "ID Number": "10804897"
  },
  {
    "ID Number": "10844058"
  },
  {
    "ID Number": "10814078"
  },
  {
    "ID Number": "10844392"
  },
  {
    "ID Number": "10836586"
  },
  {
    "ID Number": "10814647"
  },
  {
    "ID Number": "554004772"
  },
  {
    "ID Number": "10815600"
  },
  {
    "ID Number": "10823697"
  },
  {
    "ID Number": "10817875"
  },
  {
    "ID Number": "10893920"
  },
  {
    "ID Number": "10829504"
  },
  {
    "ID Number": "10808809"
  },
  {
    "ID Number": "10803408"
  },
  {
    "ID Number": "10802355"
  },
  {
    "ID Number": "10806121"
  },
  {
    "ID Number": "10893610"
  },
  {
    "ID Number": "10800123"
  },
  {
    "ID Number": "10839569"
  },
  {
    "ID Number": "10849246"
  },
  {
    "ID Number": "10823425"
  },
  {
    "ID Number": "10841741"
  },
  {
    "ID Number": "10801871"
  },
  {
    "ID Number": "10805362"
  },
  {
    "ID Number": "10802258"
  },
  {
    "ID Number": "10806342"
  },
  {
    "ID Number": "10810935"
  },
  {
    "ID Number": "10841024"
  },
  {
    "ID Number": "10810927"
  },
  {
    "ID Number": "10813047"
  },
  {
    "ID Number": "10833870"
  },
  {
    "ID Number": "10834761"
  },
  {
    "ID Number": "10803424"
  },
  {
    "ID Number": "10802169"
  },
  {
    "ID Number": "10844074"
  },
  {
    "ID Number": "10823549"
  },
  {
    "ID Number": "10894314"
  },
  {
    "ID Number": "10805214"
  },
  {
    "ID Number": "10803645"
  },
  {
    "ID Number": "10849254"
  },
  {
    "ID Number": "10836667"
  },
  {
    "ID Number": "10810900"
  },
  {
    "ID Number": "10810897"
  },
  {
    "ID Number": "10804218"
  },
  {
    "ID Number": "10829024"
  },
  {
    "ID Number": "10849262"
  },
  {
    "ID Number": "10830952"
  },
  {
    "ID Number": "10808191"
  },
  {
    "ID Number": "10843728"
  },
  {
    "ID Number": "10837760"
  },
  {
    "ID Number": "10806032"
  },
  {
    "ID Number": "10805745"
  },
  {
    "ID Number": "10821872"
  },
  {
    "ID Number": "10814108"
  },
  {
    "ID Number": "10815848"
  },
  {
    "ID Number": "10894136"
  },
  {
    "ID Number": "10832378"
  },
  {
    "ID Number": "10810722"
  },
  {
    "ID Number": "10841229"
  },
  {
    "ID Number": "10828575"
  },
  {
    "ID Number": "10816097"
  },
  {
    "ID Number": "10843736"
  },
  {
    "ID Number": "10829180"
  },
  {
    "ID Number": "10834753"
  },
  {
    "ID Number": "10802320"
  },
  {
    "ID Number": "10832629"
  },
  {
    "ID Number": "10843655"
  },
  {
    "ID Number": "10848983"
  },
  {
    "ID Number": "10845283"
  },
  {
    "ID Number": "10827005"
  },
  {
    "ID Number": "10838929"
  },
  {
    "ID Number": "10893822"
  },
  {
    "ID Number": "10802134"
  },
  {
    "ID Number": "10808850"
  },
  {
    "ID Number": "10805974"
  },
  {
    "ID Number": "10801855"
  },
  {
    "ID Number": "10802851"
  },
  {
    "ID Number": "10826858"
  },
  {
    "ID Number": "10840788"
  },
  {
    "ID Number": "10874089"
  },
  {
    "ID Number": "10802614"
  },
  {
    "ID Number": "10817484"
  },
  {
    "ID Number": "10813071"
  },
  {
    "ID Number": "10824286"
  },
  {
    "ID Number": "10890823"
  },
  {
    "ID Number": "10813489"
  },
  {
    "ID Number": "10830332"
  },
  {
    "ID Number": "10800743"
  },
  {
    "ID Number": "10874470"
  },
  {
    "ID Number": "10803815"
  },
  {
    "ID Number": "10894950"
  },
  {
    "ID Number": "10893032"
  },
  {
    "ID Number": "10801286"
  },
  {
    "ID Number": "10833064"
  },
  {
    "ID Number": "10824723"
  },
  {
    "ID Number": "10875204"
  },
  {
    "ID Number": "10824685"
  },
  {
    "ID Number": "10882260"
  },
  {
    "ID Number": "10834648"
  },
  {
    "ID Number": "10801146"
  },
  {
    "ID Number": "10803661"
  },
  {
    "ID Number": "10808361"
  },
  {
    "ID Number": "10812652"
  },
  {
    "ID Number": "10833706"
  },
  {
    "ID Number": "10804285"
  },
  {
    "ID Number": "10876529"
  },
  {
    "ID Number": "10817328"
  },
  {
    "ID Number": "10824421"
  },
  {
    "ID Number": "10802207"
  },
  {
    "ID Number": "10814990"
  },
  {
    "ID Number": "10811346"
  },
  {
    "ID Number": "10846573"
  },
  {
    "ID Number": "10846590"
  },
  {
    "ID Number": "10876111"
  },
  {
    "ID Number": "10840290"
  },
  {
    "ID Number": "10848428"
  },
  {
    "ID Number": "10812741"
  },
  {
    "ID Number": "10819940"
  },
  {
    "ID Number": "10814850"
  },
  {
    "ID Number": "10806172"
  },
  {
    "ID Number": "10801316"
  },
  {
    "ID Number": "10844104"
  },
  {
    "ID Number": "10827617"
  },
  {
    "ID Number": "10877894"
  },
  {
    "ID Number": "10813136"
  },
  {
    "ID Number": "10805087"
  },
  {
    "ID Number": "10805095"
  },
  {
    "ID Number": "10810170"
  },
  {
    "ID Number": "10802185"
  },
  {
    "ID Number": "10803858"
  },
  {
    "ID Number": "10809074"
  },
  {
    "ID Number": "10813063"
  },
  {
    "ID Number": "10802681"
  },
  {
    "ID Number": "10832041"
  },
  {
    "ID Number": "10896520"
  },
  {
    "ID Number": "10817050"
  },
  {
    "ID Number": "10844929"
  },
  {
    "ID Number": "10832599"
  },
  {
    "ID Number": "10818570"
  },
  {
    "ID Number": "10878793"
  },
  {
    "ID Number": "10878831"
  },
  {
    "ID Number": "10800620"
  },
  {
    "ID Number": "10838660"
  },
  {
    "ID Number": "10836152"
  },
  {
    "ID Number": "10811478"
  },
  {
    "ID Number": "10839224"
  },
  {
    "ID Number": "10804064"
  },
  {
    "ID Number": "10801049"
  },
  {
    "ID Number": "10801022"
  },
  {
    "ID Number": "10809325"
  },
  {
    "ID Number": "10828672"
  },
  {
    "ID Number": "10810480"
  },
  {
    "ID Number": "10810498"
  },
  {
    "ID Number": "10801057"
  },
  {
    "ID Number": "10809210"
  },
  {
    "ID Number": "10818294"
  },
  {
    "ID Number": "10800387"
  },
  {
    "ID Number": "10817905"
  },
  {
    "ID Number": "10800417"
  },
  {
    "ID Number": "10817654"
  },
  {
    "ID Number": "10813241"
  },
  {
    "ID Number": "10800751"
  },
  {
    "ID Number": "10808094"
  },
  {
    "ID Number": "10810870"
  },
  {
    "ID Number": "10809228"
  },
  {
    "ID Number": "10833609"
  },
  {
    "ID Number": "10824715"
  },
  {
    "ID Number": "10892389"
  },
  {
    "ID Number": "10805826"
  },
  {
    "ID Number": "10828583"
  },
  {
    "ID Number": "10808868"
  },
  {
    "ID Number": "10810838"
  },
  {
    "ID Number": "10835695"
  },
  {
    "ID Number": "10841369"
  },
  {
    "ID Number": "10833277"
  },
  {
    "ID Number": "10833307"
  },
  {
    "ID Number": "10843124"
  },
  {
    "ID Number": "10803700"
  },
  {
    "ID Number": "10800824"
  },
  {
    "ID Number": "10821732"
  },
  {
    "ID Number": "10842810"
  },
  {
    "ID Number": "10828710"
  },
  {
    "ID Number": "10824014"
  },
  {
    "ID Number": "10832513"
  },
  {
    "ID Number": "10815627"
  },
  {
    "ID Number": "10827536"
  },
  {
    "ID Number": "10802665"
  },
  {
    "ID Number": "10803696"
  },
  {
    "ID Number": "10800360"
  },
  {
    "ID Number": "10806024"
  },
  {
    "ID Number": "10803653"
  },
  {
    "ID Number": "10808140"
  },
  {
    "ID Number": "10805290"
  },
  {
    "ID Number": "10834729"
  },
  {
    "ID Number": "10845127"
  },
  {
    "ID Number": "10801480"
  },
  {
    "ID Number": "10802592"
  },
  {
    "ID Number": "10832050"
  },
  {
    "ID Number": "10880828"
  },
  {
    "ID Number": "10820973"
  },
  {
    "ID Number": "10832750"
  },
  {
    "ID Number": "10811419"
  },
  {
    "ID Number": "10896465"
  },
  {
    "ID Number": "10801545"
  },
  {
    "ID Number": "10803556"
  },
  {
    "ID Number": "10801383"
  },
  {
    "ID Number": "10840109"
  },
  {
    "ID Number": "10899367"
  },
  {
    "ID Number": "10866884"
  },
  {
    "ID Number": "10833765"
  },
  {
    "ID Number": "10893202"
  },
  {
    "ID Number": "10827706"
  },
  {
    "ID Number": "10808647"
  },
  {
    "ID Number": "10843086"
  },
  {
    "ID Number": "10828850"
  },
  {
    "ID Number": "10801790"
  },
  {
    "ID Number": "10810889"
  },
  {
    "ID Number": "10803114"
  },
  {
    "ID Number": "10839259"
  },
  {
    "ID Number": "10834834"
  },
  {
    "ID Number": "10806717"
  },
  {
    "ID Number": "10801367"
  },
  {
    "ID Number": "10835717"
  },
  {
    "ID Number": "10818626"
  },
  {
    "ID Number": "10802630"
  },
  {
    "ID Number": "10891099"
  },
  {
    "ID Number": "10882340"
  },
  {
    "ID Number": "10801472"
  },
  {
    "ID Number": "46641718"
  },
  {
    "ID Number": "10809040"
  },
  {
    "ID Number": "10811524"
  },
  {
    "ID Number": "10801642"
  },
  {
    "ID Number": "10800530"
  },
  {
    "ID Number": "10833536"
  },
  {
    "ID Number": "10839518"
  },
  {
    "ID Number": "10809490"
  },
  {
    "ID Number": "10800328"
  },
  {
    "ID Number": "10846891"
  },
  {
    "ID Number": "10823166"
  },
  {
    "ID Number": "10801430"
  },
  {
    "ID Number": "10835539"
  },
  {
    "ID Number": "10828079"
  },
  {
    "ID Number": "10827013"
  },
  {
    "ID Number": "10814876"
  },
  {
    "ID Number": "10801693"
  },
  {
    "ID Number": "10818502"
  },
  {
    "ID Number": "10847650"
  },
  {
    "ID Number": "10834842"
  },
  {
    "ID Number": "10826556"
  },
  {
    "ID Number": "10842594"
  },
  {
    "ID Number": "10800310"
  },
  {
    "ID Number": "10840362"
  },
  {
    "ID Number": "10809392"
  },
  {
    "ID Number": "10844201"
  },
  {
    "ID Number": "10844198"
  },
  {
    "ID Number": "10815090"
  },
  {
    "ID Number": "10808906"
  },
  {
    "ID Number": "10822950"
  },
  {
    "ID Number": "10823212"
  },
  {
    "ID Number": "10802282"
  },
  {
    "ID Number": "10807349"
  },
  {
    "ID Number": "10840451"
  },
  {
    "ID Number": "10815899"
  },
  {
    "ID Number": "10818510"
  },
  {
    "ID Number": "10803505"
  },
  {
    "ID Number": "10831916"
  },
  {
    "ID Number": "10802932"
  },
  {
    "ID Number": "10831673"
  },
  {
    "ID Number": "10817409"
  },
  {
    "ID Number": "10815309"
  },
  {
    "ID Number": "10801510"
  },
  {
    "ID Number": "10802690"
  },
  {
    "ID Number": "10837434"
  },
  {
    "ID Number": "10818863"
  },
  {
    "ID Number": "10839739"
  },
  {
    "ID Number": "10842411"
  },
  {
    "ID Number": "10835083"
  },
  {
    "ID Number": "10808590"
  },
  {
    "ID Number": "10801561"
  },
  {
    "ID Number": "10849041"
  },
  {
    "ID Number": "10820868"
  },
  {
    "ID Number": "10827382"
  },
  {
    "ID Number": "10839534"
  },
  {
    "ID Number": "10838554"
  },
  {
    "ID Number": "10829164"
  },
  {
    "ID Number": "10819908"
  },
  {
    "ID Number": "10837590"
  },
  {
    "ID Number": "10834818"
  },
  {
    "ID Number": "10831150"
  },
  {
    "ID Number": "10815317"
  },
  {
    "ID Number": "10842853"
  },
  {
    "ID Number": "10840885"
  },
  {
    "ID Number": "10839895"
  },
  {
    "ID Number": "10842870"
  },
  {
    "ID Number": "10806814"
  },
  {
    "ID Number": "10801553"
  },
  {
    "ID Number": "10802177"
  },
  {
    "ID Number": "10809422"
  },
  {
    "ID Number": "10801294"
  },
  {
    "ID Number": "10882359"
  },
  {
    "ID Number": "10812458"
  },
  {
    "ID Number": "10803530"
  },
  {
    "ID Number": "10841636"
  },
  {
    "ID Number": "10834613"
  },
  {
    "ID Number": "10800050"
  },
  {
    "ID Number": "10892710"
  },
  {
    "ID Number": "10808710"
  },
  {
    "ID Number": "10882294"
  },
  {
    "ID Number": "10896473"
  },
  {
    "ID Number": "554000149"
  },
  {
    "ID Number": "10833544"
  },
  {
    "ID Number": "10824057"
  },
  {
    "ID Number": "10833358"
  },
  {
    "ID Number": "10884890"
  },
  {
    "ID Number": "10837752"
  },
  {
    "ID Number": "10821856"
  },
  {
    "ID Number": "10839720"
  },
  {
    "ID Number": "10801391"
  },
  {
    "ID Number": "10805648"
  },
  {
    "ID Number": "10827099"
  }
]