[
  {
    "ID Number": "22101128"
  },
  {
    "ID Number": "22107673"
  },
  {
    "ID Number": "22104070"
  },
  {
    "ID Number": "22108939"
  },
  {
    "ID Number": "22108475"
  },
  {
    "ID Number": "22103066"
  },
  {
    "ID Number": "22100016"
  },
  {
    "ID Number": "22101772"
  },
  {
    "ID Number": "22103910"
  },
  {
    "ID Number": "22103198"
  },
  {
    "ID Number": "22107312"
  },
  {
    "ID Number": "22106618"
  },
  {
    "ID Number": "22101810"
  },
  {
    "ID Number": "22102477"
  },
  {
    "ID Number": "22107088"
  },
  {
    "ID Number": "22107363"
  },
  {
    "ID Number": "22100890"
  },
  {
    "ID Number": "22100407"
  },
  {
    "ID Number": "909122"
  },
  {
    "ID Number": "22101527"
  },
  {
    "ID Number": "22105620"
  },
  {
    "ID Number": "22104674"
  },
  {
    "ID Number": "939609"
  },
  {
    "ID Number": "22103120"
  },
  {
    "ID Number": "22101667"
  },
  {
    "ID Number": "22101292"
  },
  {
    "ID Number": "4701917"
  },
  {
    "ID Number": "22101993"
  },
  {
    "ID Number": "22103937"
  },
  {
    "ID Number": "906581"
  },
  {
    "ID Number": "22104160"
  },
  {
    "ID Number": "4701674"
  },
  {
    "ID Number": "22100300"
  },
  {
    "ID Number": "22104607"
  },
  {
    "ID Number": "937550"
  },
  {
    "ID Number": "22105735"
  },
  {
    "ID Number": "4700813"
  },
  {
    "ID Number": "1307711"
  },
  {
    "ID Number": "22104321"
  },
  {
    "ID Number": "22104364"
  },
  {
    "ID Number": "22104682"
  },
  {
    "ID Number": "4702506"
  },
  {
    "ID Number": "22100911"
  },
  {
    "ID Number": "22106812"
  },
  {
    "ID Number": "22100814"
  },
  {
    "ID Number": "22100504"
  },
  {
    "ID Number": "22102590"
  },
  {
    "ID Number": "22103015"
  },
  {
    "ID Number": "22100369"
  },
  {
    "ID Number": "22104291"
  },
  {
    "ID Number": "22105018"
  },
  {
    "ID Number": "22100458"
  },
  {
    "ID Number": "22101160"
  },
  {
    "ID Number": "22108130"
  },
  {
    "ID Number": "22103392"
  },
  {
    "ID Number": "22103155"
  },
  {
    "ID Number": "22100970"
  },
  {
    "ID Number": "4702492"
  },
  {
    "ID Number": "3600122"
  },
  {
    "ID Number": "22102965"
  },
  {
    "ID Number": "22105433"
  },
  {
    "ID Number": "22103171"
  },
  {
    "ID Number": "22103180"
  },
  {
    "ID Number": "22104879"
  },
  {
    "ID Number": "22104208"
  },
  {
    "ID Number": "22102205"
  },
  {
    "ID Number": "22107720"
  },
  {
    "ID Number": "22102108"
  },
  {
    "ID Number": "22103821"
  },
  {
    "ID Number": "22107371"
  },
  {
    "ID Number": "22108092"
  },
  {
    "ID Number": "22104844"
  },
  {
    "ID Number": "22101608"
  },
  {
    "ID Number": "22102027"
  },
  {
    "ID Number": "952176"
  },
  {
    "ID Number": "3600220"
  },
  {
    "ID Number": "22108572"
  },
  {
    "ID Number": "22104216"
  },
  {
    "ID Number": "22105867"
  },
  {
    "ID Number": "22105328"
  },
  {
    "ID Number": "22107339"
  },
  {
    "ID Number": "22107959"
  },
  {
    "ID Number": "3612236"
  },
  {
    "ID Number": "22105522"
  },
  {
    "ID Number": "22100024"
  },
  {
    "ID Number": "22107517"
  },
  {
    "ID Number": "22103430"
  },
  {
    "ID Number": "372390"
  },
  {
    "ID Number": "22106650"
  },
  {
    "ID Number": "22103422"
  },
  {
    "ID Number": "22104330"
  },
  {
    "ID Number": "22106340"
  },
  {
    "ID Number": "22104372"
  },
  {
    "ID Number": "22104690"
  },
  {
    "ID Number": "4702220"
  },
  {
    "ID Number": "927503"
  },
  {
    "ID Number": "22103481"
  },
  {
    "ID Number": "22104380"
  },
  {
    "ID Number": "22100962"
  },
  {
    "ID Number": "22106219"
  },
  {
    "ID Number": "22102973"
  },
  {
    "ID Number": "22100946"
  },
  {
    "ID Number": "22102949"
  },
  {
    "ID Number": "22101837"
  },
  {
    "ID Number": "22100059"
  },
  {
    "ID Number": "22107983"
  },
  {
    "ID Number": "22102000"
  },
  {
    "ID Number": "22108297"
  },
  {
    "ID Number": "22107770"
  },
  {
    "ID Number": "22100849"
  },
  {
    "ID Number": "22104534"
  },
  {
    "ID Number": "22100229"
  },
  {
    "ID Number": "22100423"
  },
  {
    "ID Number": "22107940"
  },
  {
    "ID Number": "22100148"
  },
  {
    "ID Number": "22108599"
  },
  {
    "ID Number": "22102825"
  },
  {
    "ID Number": "22100733"
  },
  {
    "ID Number": "22100270"
  },
  {
    "ID Number": "22105360"
  },
  {
    "ID Number": "22106138"
  },
  {
    "ID Number": "952184"
  },
  {
    "ID Number": "22101330"
  },
  {
    "ID Number": "22105794"
  },
  {
    "ID Number": "912840"
  },
  {
    "ID Number": "939676"
  },
  {
    "ID Number": "3615693"
  },
  {
    "ID Number": "905631"
  },
  {
    "ID Number": "22107045"
  },
  {
    "ID Number": "22103236"
  },
  {
    "ID Number": "22103244"
  },
  {
    "ID Number": "22101349"
  },
  {
    "ID Number": "22102841"
  },
  {
    "ID Number": "22101845"
  },
  {
    "ID Number": "22107401"
  },
  {
    "ID Number": "22104836"
  },
  {
    "ID Number": "22100857"
  },
  {
    "ID Number": "22106294"
  },
  {
    "ID Number": "22103813"
  },
  {
    "ID Number": "22105646"
  },
  {
    "ID Number": "22100555"
  },
  {
    "ID Number": "22105824"
  },
  {
    "ID Number": "22100997"
  },
  {
    "ID Number": "4701925"
  },
  {
    "ID Number": "22100075"
  },
  {
    "ID Number": "22103490"
  },
  {
    "ID Number": "22105654"
  },
  {
    "ID Number": "22104712"
  },
  {
    "ID Number": "22101179"
  },
  {
    "ID Number": "22102833"
  },
  {
    "ID Number": "22102450"
  },
  {
    "ID Number": "22102850"
  },
  {
    "ID Number": "22101853"
  },
  {
    "ID Number": "22100350"
  },
  {
    "ID Number": "22102868"
  },
  {
    "ID Number": "22106669"
  },
  {
    "ID Number": "22106502"
  },
  {
    "ID Number": "22102779"
  },
  {
    "ID Number": "22107568"
  },
  {
    "ID Number": "22104135"
  },
  {
    "ID Number": "22102019"
  },
  {
    "ID Number": "3615677"
  },
  {
    "ID Number": "20656262"
  },
  {
    "ID Number": "22102957"
  },
  {
    "ID Number": "3612244"
  },
  {
    "ID Number": "22105751"
  },
  {
    "ID Number": "4701194"
  },
  {
    "ID Number": "22106383"
  },
  {
    "ID Number": "22106790"
  },
  {
    "ID Number": "24600474"
  },
  {
    "ID Number": "22101268"
  },
  {
    "ID Number": "22100466"
  },
  {
    "ID Number": "939617"
  },
  {
    "ID Number": "22101624"
  },
  {
    "ID Number": "22104720"
  },
  {
    "ID Number": "22103023"
  },
  {
    "ID Number": "22104127"
  },
  {
    "ID Number": "3600262"
  },
  {
    "ID Number": "22104305"
  },
  {
    "ID Number": "22104623"
  },
  {
    "ID Number": "4702093"
  },
  {
    "ID Number": "22101985"
  },
  {
    "ID Number": "22101721"
  },
  {
    "ID Number": "22103872"
  },
  {
    "ID Number": "22100601"
  },
  {
    "ID Number": "22101500"
  },
  {
    "ID Number": "22108343"
  },
  {
    "ID Number": "22104976"
  },
  {
    "ID Number": "22101640"
  },
  {
    "ID Number": "22101250"
  },
  {
    "ID Number": "22104739"
  },
  {
    "ID Number": "952214"
  },
  {
    "ID Number": "4700805"
  },
  {
    "ID Number": "22100750"
  },
  {
    "ID Number": "22106081"
  },
  {
    "ID Number": "22107991"
  },
  {
    "ID Number": "22105000"
  },
  {
    "ID Number": "22100172"
  },
  {
    "ID Number": "22101861"
  },
  {
    "ID Number": "4702441"
  },
  {
    "ID Number": "22103112"
  },
  {
    "ID Number": "22104038"
  },
  {
    "ID Number": "22103465"
  },
  {
    "ID Number": "22100652"
  },
  {
    "ID Number": "15002004"
  },
  {
    "ID Number": "22104992"
  },
  {
    "ID Number": "4672046"
  },
  {
    "ID Number": "22104186"
  },
  {
    "ID Number": "22107649"
  },
  {
    "ID Number": "22104003"
  },
  {
    "ID Number": "22105557"
  },
  {
    "ID Number": "22102582"
  },
  {
    "ID Number": "22107606"
  },
  {
    "ID Number": "22102655"
  },
  {
    "ID Number": "22102809"
  },
  {
    "ID Number": "22101497"
  },
  {
    "ID Number": "22100679"
  },
  {
    "ID Number": "22106065"
  },
  {
    "ID Number": "22104020"
  },
  {
    "ID Number": "22107592"
  },
  {
    "ID Number": "22103929"
  },
  {
    "ID Number": "22105280"
  },
  {
    "ID Number": "955388"
  },
  {
    "ID Number": "3607844"
  },
  {
    "ID Number": "22104402"
  },
  {
    "ID Number": "22104062"
  },
  {
    "ID Number": "22107380"
  },
  {
    "ID Number": "22105514"
  },
  {
    "ID Number": "22108602"
  },
  {
    "ID Number": "22105719"
  },
  {
    "ID Number": "22105700"
  },
  {
    "ID Number": "22105921"
  },
  {
    "ID Number": "4702298"
  },
  {
    "ID Number": "22102752"
  },
  {
    "ID Number": "4701640"
  },
  {
    "ID Number": "22100261"
  },
  {
    "ID Number": "22107398"
  },
  {
    "ID Number": "22103511"
  },
  {
    "ID Number": "22105395"
  },
  {
    "ID Number": "3605485"
  },
  {
    "ID Number": "22107894"
  },
  {
    "ID Number": "1303767"
  },
  {
    "ID Number": "22102612"
  },
  {
    "ID Number": "22102736"
  },
  {
    "ID Number": "22102388"
  },
  {
    "ID Number": "22101969"
  },
  {
    "ID Number": "22101020"
  },
  {
    "ID Number": "4701658"
  },
  {
    "ID Number": "22102051"
  },
  {
    "ID Number": "22100784"
  },
  {
    "ID Number": "22100245"
  },
  {
    "ID Number": "22102728"
  },
  {
    "ID Number": "22102345"
  },
  {
    "ID Number": "22106685"
  },
  {
    "ID Number": "22101381"
  },
  {
    "ID Number": "22100440"
  },
  {
    "ID Number": "22101152"
  },
  {
    "ID Number": "22105689"
  },
  {
    "ID Number": "22105379"
  },
  {
    "ID Number": "22103147"
  },
  {
    "ID Number": "22106782"
  },
  {
    "ID Number": "22101136"
  },
  {
    "ID Number": "22106391"
  },
  {
    "ID Number": "22108009"
  },
  {
    "ID Number": "22101780"
  },
  {
    "ID Number": "22102663"
  },
  {
    "ID Number": "22106529"
  },
  {
    "ID Number": "22106537"
  },
  {
    "ID Number": "22104852"
  },
  {
    "ID Number": "22106472"
  },
  {
    "ID Number": "22106243"
  },
  {
    "ID Number": "22101039"
  },
  {
    "ID Number": "22103732"
  },
  {
    "ID Number": "22102213"
  },
  {
    "ID Number": "22104410"
  },
  {
    "ID Number": "22108017"
  },
  {
    "ID Number": "22100342"
  },
  {
    "ID Number": "22103856"
  },
  {
    "ID Number": "22101870"
  },
  {
    "ID Number": "22108955"
  },
  {
    "ID Number": "22104119"
  },
  {
    "ID Number": "22104631"
  },
  {
    "ID Number": "22100296"
  },
  {
    "ID Number": "22105204"
  },
  {
    "ID Number": "22105263"
  },
  {
    "ID Number": "22101950"
  },
  {
    "ID Number": "22104348"
  },
  {
    "ID Number": "22106308"
  },
  {
    "ID Number": "22103520"
  },
  {
    "ID Number": "22102302"
  },
  {
    "ID Number": "22102116"
  },
  {
    "ID Number": "22108025"
  },
  {
    "ID Number": "4701534"
  },
  {
    "ID Number": "4702476"
  },
  {
    "ID Number": "22100512"
  },
  {
    "ID Number": "22102264"
  },
  {
    "ID Number": "908630"
  },
  {
    "ID Number": "22105409"
  },
  {
    "ID Number": "22107819"
  },
  {
    "ID Number": "22102485"
  },
  {
    "ID Number": "22101217"
  },
  {
    "ID Number": "22101225"
  },
  {
    "ID Number": "22105026"
  },
  {
    "ID Number": "22106804"
  },
  {
    "ID Number": "4702433"
  },
  {
    "ID Number": "22108610"
  },
  {
    "ID Number": "22100539"
  },
  {
    "ID Number": "22101543"
  },
  {
    "ID Number": "22101390"
  },
  {
    "ID Number": "22102124"
  },
  {
    "ID Number": "22103538"
  },
  {
    "ID Number": "22104356"
  },
  {
    "ID Number": "22102132"
  },
  {
    "ID Number": "22101888"
  },
  {
    "ID Number": "22103546"
  },
  {
    "ID Number": "3600297"
  },
  {
    "ID Number": "22101586"
  },
  {
    "ID Number": "22104429"
  },
  {
    "ID Number": "22100660"
  },
  {
    "ID Number": "22100610"
  },
  {
    "ID Number": "22106197"
  },
  {
    "ID Number": "22106570"
  },
  {
    "ID Number": "22104950"
  },
  {
    "ID Number": "22104941"
  },
  {
    "ID Number": "22109137"
  },
  {
    "ID Number": "22108971"
  },
  {
    "ID Number": "22105468"
  },
  {
    "ID Number": "22104097"
  },
  {
    "ID Number": "4701488"
  },
  {
    "ID Number": "22105832"
  },
  {
    "ID Number": "22108033"
  },
  {
    "ID Number": "3615685"
  },
  {
    "ID Number": "22107681"
  },
  {
    "ID Number": "22101934"
  },
  {
    "ID Number": "22101403"
  },
  {
    "ID Number": "22102140"
  },
  {
    "ID Number": "22104747"
  },
  {
    "ID Number": "22107274"
  },
  {
    "ID Number": "22101977"
  },
  {
    "ID Number": "22100830"
  },
  {
    "ID Number": "22103090"
  },
  {
    "ID Number": "22101896"
  },
  {
    "ID Number": "22100164"
  },
  {
    "ID Number": "22104151"
  },
  {
    "ID Number": "22104100"
  },
  {
    "ID Number": "22100385"
  },
  {
    "ID Number": "22103996"
  },
  {
    "ID Number": "22107207"
  },
  {
    "ID Number": "22105352"
  },
  {
    "ID Number": "22106022"
  },
  {
    "ID Number": "22107924"
  },
  {
    "ID Number": "22102493"
  },
  {
    "ID Number": "22108270"
  },
  {
    "ID Number": "22108629"
  },
  {
    "ID Number": "22101616"
  },
  {
    "ID Number": "22105697"
  },
  {
    "ID Number": "22101047"
  },
  {
    "ID Number": "22106189"
  },
  {
    "ID Number": "22105590"
  },
  {
    "ID Number": "937576"
  },
  {
    "ID Number": "22103040"
  },
  {
    "ID Number": "22107061"
  },
  {
    "ID Number": "22103287"
  },
  {
    "ID Number": "664782"
  },
  {
    "ID Number": "14400731"
  },
  {
    "ID Number": "22103457"
  },
  {
    "ID Number": "4702336"
  },
  {
    "ID Number": "22107010"
  },
  {
    "ID Number": "22101438"
  },
  {
    "ID Number": "22102515"
  },
  {
    "ID Number": "953890"
  },
  {
    "ID Number": "22103007"
  },
  {
    "ID Number": "22106405"
  },
  {
    "ID Number": "22101055"
  },
  {
    "ID Number": "22107584"
  },
  {
    "ID Number": "22103449"
  },
  {
    "ID Number": "22101942"
  },
  {
    "ID Number": "22101900"
  },
  {
    "ID Number": "4702107"
  },
  {
    "ID Number": "22100032"
  },
  {
    "ID Number": "22100881"
  },
  {
    "ID Number": "22106766"
  },
  {
    "ID Number": "22108041"
  },
  {
    "ID Number": "22101713"
  },
  {
    "ID Number": "22101446"
  },
  {
    "ID Number": "22100482"
  },
  {
    "ID Number": "22104437"
  },
  {
    "ID Number": "22101454"
  },
  {
    "ID Number": "22101063"
  },
  {
    "ID Number": "22108050"
  },
  {
    "ID Number": "22105425"
  },
  {
    "ID Number": "22101659"
  },
  {
    "ID Number": "22100725"
  },
  {
    "ID Number": "22100806"
  },
  {
    "ID Number": "22105239"
  },
  {
    "ID Number": "22105255"
  },
  {
    "ID Number": "22102892"
  },
  {
    "ID Number": "22101802"
  },
  {
    "ID Number": "22101071"
  },
  {
    "ID Number": "22106626"
  },
  {
    "ID Number": "22101632"
  },
  {
    "ID Number": "22106693"
  },
  {
    "ID Number": "22101551"
  },
  {
    "ID Number": "22105034"
  },
  {
    "ID Number": "22103333"
  },
  {
    "ID Number": "22104755"
  },
  {
    "ID Number": "22108068"
  },
  {
    "ID Number": "1528629"
  },
  {
    "ID Number": "22105190"
  },
  {
    "ID Number": "22105220"
  },
  {
    "ID Number": "952230"
  },
  {
    "ID Number": "22103074"
  },
  {
    "ID Number": "22108980"
  },
  {
    "ID Number": "915998"
  },
  {
    "ID Number": "22105999"
  },
  {
    "ID Number": "22103406"
  },
  {
    "ID Number": "22105298"
  },
  {
    "ID Number": "1308424"
  },
  {
    "ID Number": "22104445"
  },
  {
    "ID Number": "939137"
  },
  {
    "ID Number": "22107932"
  },
  {
    "ID Number": "4702395"
  },
  {
    "ID Number": "22104461"
  },
  {
    "ID Number": "22108645"
  },
  {
    "ID Number": "22101080"
  },
  {
    "ID Number": "907260"
  },
  {
    "ID Number": "22103554"
  },
  {
    "ID Number": "935476"
  },
  {
    "ID Number": "22102558"
  },
  {
    "ID Number": "22103317"
  },
  {
    "ID Number": "4701968"
  },
  {
    "ID Number": "4702115"
  },
  {
    "ID Number": "22104283"
  },
  {
    "ID Number": "6351921"
  },
  {
    "ID Number": "969095"
  },
  {
    "ID Number": "4701933"
  },
  {
    "ID Number": "4701976"
  },
  {
    "ID Number": "22107096"
  },
  {
    "ID Number": "22100873"
  },
  {
    "ID Number": "22102370"
  },
  {
    "ID Number": "22105778"
  },
  {
    "ID Number": "22101756"
  },
  {
    "ID Number": "22102060"
  },
  {
    "ID Number": "22103651"
  },
  {
    "ID Number": "22100580"
  },
  {
    "ID Number": "1334352"
  },
  {
    "ID Number": "22100105"
  },
  {
    "ID Number": "22102078"
  },
  {
    "ID Number": "22103686"
  },
  {
    "ID Number": "22104275"
  },
  {
    "ID Number": "22100687"
  },
  {
    "ID Number": "22105042"
  },
  {
    "ID Number": "22105310"
  },
  {
    "ID Number": "22100474"
  },
  {
    "ID Number": "955400"
  },
  {
    "ID Number": "22107827"
  },
  {
    "ID Number": "22105638"
  },
  {
    "ID Number": "22105670"
  },
  {
    "ID Number": "22105050"
  },
  {
    "ID Number": "22106871"
  },
  {
    "ID Number": "22106774"
  },
  {
    "ID Number": "3612279"
  },
  {
    "ID Number": "22103600"
  },
  {
    "ID Number": "22102396"
  },
  {
    "ID Number": "22104593"
  },
  {
    "ID Number": "22100091"
  },
  {
    "ID Number": "22105174"
  },
  {
    "ID Number": "22105182"
  },
  {
    "ID Number": "3612287"
  },
  {
    "ID Number": "22102680"
  },
  {
    "ID Number": "22103562"
  },
  {
    "ID Number": "22101098"
  },
  {
    "ID Number": "22101799"
  },
  {
    "ID Number": "22108653"
  },
  {
    "ID Number": "22100628"
  },
  {
    "ID Number": "22101764"
  },
  {
    "ID Number": "22104470"
  },
  {
    "ID Number": "22107703"
  },
  {
    "ID Number": "22103830"
  },
  {
    "ID Number": "22103570"
  },
  {
    "ID Number": "22103589"
  },
  {
    "ID Number": "22102221"
  },
  {
    "ID Number": "22107479"
  },
  {
    "ID Number": "22106170"
  },
  {
    "ID Number": "22102159"
  },
  {
    "ID Number": "22101675"
  },
  {
    "ID Number": "22105816"
  },
  {
    "ID Number": "22106600"
  },
  {
    "ID Number": "22103384"
  },
  {
    "ID Number": "22104771"
  },
  {
    "ID Number": "22101918"
  },
  {
    "ID Number": "22101926"
  },
  {
    "ID Number": "22107886"
  },
  {
    "ID Number": "22107495"
  },
  {
    "ID Number": "22104909"
  },
  {
    "ID Number": "22100822"
  },
  {
    "ID Number": "22107070"
  },
  {
    "ID Number": "4702344"
  },
  {
    "ID Number": "22107789"
  },
  {
    "ID Number": "22104488"
  },
  {
    "ID Number": "22104780"
  },
  {
    "ID Number": "22106251"
  },
  {
    "ID Number": "22104585"
  },
  {
    "ID Number": "22104496"
  },
  {
    "ID Number": "22103341"
  },
  {
    "ID Number": "22105727"
  },
  {
    "ID Number": "22108661"
  },
  {
    "ID Number": "22101101"
  },
  {
    "ID Number": "22102906"
  },
  {
    "ID Number": "22105603"
  },
  {
    "ID Number": "22102744"
  },
  {
    "ID Number": "22100709"
  },
  {
    "ID Number": "22104518"
  },
  {
    "ID Number": "22104798"
  },
  {
    "ID Number": "22101470"
  },
  {
    "ID Number": "22105301"
  },
  {
    "ID Number": "22103414"
  },
  {
    "ID Number": "22101705"
  },
  {
    "ID Number": "22100717"
  },
  {
    "ID Number": "22100199"
  },
  {
    "ID Number": "22101691"
  },
  {
    "ID Number": "22108670"
  },
  {
    "ID Number": "22101730"
  },
  {
    "ID Number": "22100520"
  },
  {
    "ID Number": "22100547"
  },
  {
    "ID Number": "22101110"
  },
  {
    "ID Number": "22100156"
  },
  {
    "ID Number": "22104046"
  },
  {
    "ID Number": "4627733"
  },
  {
    "ID Number": "22104011"
  },
  {
    "ID Number": "22105662"
  },
  {
    "ID Number": "22104526"
  },
  {
    "ID Number": "22102760"
  },
  {
    "ID Number": "22106014"
  },
  {
    "ID Number": "22107800"
  },
  {
    "ID Number": "22108076"
  },
  {
    "ID Number": "22102035"
  },
  {
    "ID Number": "22105271"
  },
  {
    "ID Number": "22100040"
  },
  {
    "ID Number": "22108084"
  },
  {
    "ID Number": "22103058"
  },
  {
    "ID Number": "22100954"
  },
  {
    "ID Number": "22104860"
  },
  {
    "ID Number": "22100334"
  },
  {
    "ID Number": "22103597"
  },
  {
    "ID Number": "4702360"
  },
  {
    "ID Number": "22102167"
  },
  {
    "ID Number": "22104810"
  },
  {
    "ID Number": "22100113"
  },
  {
    "ID Number": "22100202"
  },
  {
    "ID Number": "22108998"
  },
  {
    "ID Number": "22104267"
  },
  {
    "ID Number": "22100288"
  },
  {
    "ID Number": "4702123"
  },
  {
    "ID Number": "22108459"
  },
  {
    "ID Number": "22105069"
  },
  {
    "ID Number": "22105077"
  },
  {
    "ID Number": "4700295"
  }
]