ID Number,Name,Fed,Sex,Title,WTit,OTit,Rating,Gms,K,RatingMonth,B-day,Flag
55658539,"Abasova, Adelina",FID,F,,,,1799,0,40,SEP25,2013,w
55697887,"Abasova, Darina Raf",FID,F,,,,1752,0,40,SEP25,2014,w
138105380,"Abdul Rahman, Rayan",FID,M,,,,1738,0,20,SEP25,1993,i
351104472,"Abiton, Gerard",FID,M,,,,1512,0,20,SEP25,1954,
26344610,"Abohalaka, Reshed",FID,M,,,,1710,0,20,SEP25,1991,i
13526669,"Abramkina, Veranika",FID,F,,,,1986,0,40,SEP25,2010,w
24104655,"Abramova, Yulia",FID,F,,,,1788,14,20,SEP25,1987,w
396110842,"Acosta Ruiz, Jorge Alberto",FID,M,,,,AFM,1792,13,SEP25,2010,
115112472,"Acosta, Napoleon",FID,M,,,,AFM,1934,0,SEP25,1975,
13511122,"Adamchyk, Miraslau",FID,M,,,,1754,0,20,SEP25,1998,
34371885,"Afanasiev, Timur S",FID,M,,,,1617,0,40,SEP25,2013,i
24266337,"Afanasyev, Adrian",FID,M,,,,1465,0,40,SEP25,2011,i
54120110,"Afanasyev, Sergey",FID,M,,,,1778,0,20,SEP25,1984,i
34104426,"Agafontseva, Natalya",FID,F,,,,1815,0,20,SEP25,1972,wi
108217474,"Agaro, Samuel",FID,M,,,,AFM,1773,0,SEP25,1989,i
124280468,"Aghazada, Mirnamig",FID,M,,,,1576,0,40,SEP25,2012,i
24124133,"Agishev, Kamil",FID,M,,,,1929,0,20,SEP25,1993,i
11203692,"Aguilar, Cormel",FID,M,,,,1623,0,20,SEP25,1984,i
301105014,"Ahmad, Hasan Ali",FID,M,,,,1603,0,20,SEP25,0,
51658038,"Ahmed Alhac, Muhammed",FID,M,,,,1687,0,40,SEP25,2008,i
540025624,"Akatyshev, Alexander",FID,M,,,,1461,5,40,SEP25,2018,
34368973,"Akhmetzyanov, Demid",FID,M,,,,2113,0,40,SEP25,2008,
34400508,"Aksenov, Konstantin Al.",FID,M,,,,AFM,1785,8,SEP25,1976,
138110746,"Al Dakhlallah, Loay",FID,M,,,,1417,7,20,SEP25,1970,
146105277,"Al Hammadi, Issa",FID,M,,,,1425,0,40,SEP25,2007,i
4133650,"Aleksandrov, Danila",FID,M,CM,,,1989,0,20,SEP25,1983,
44172729,"Alekseenko, Mariya",FID,F,WFM,WFM,,1977,11,20,SEP25,2006,w
55683444,"Alekseev, Mikhail",FID,M,,,,1614,0,20,SEP25,1994,i
34171069,"Alekseev, Mikhail",FID,M,,,,1846,0,20,SEP25,1999,
44179910,"Alexandrov, Matvey",FID,M,,,,1780,0,20,SEP25,1972,i
324227161,"Alfredo Avila Dos Santos, Laudelino",FID,M,,,,1539,0,20,SEP25,1990,
209110279,"Ali, Ahmad",FID,M,,,,1681,0,20,SEP25,2005,
342105363,"Ali, Ahmed",FID,M,,,,1531,0,20,SEP25,1989,i
6373810,"Aliyev, Samil",FID,M,,,,1835,0,20,SEP25,2000,i
34517880,"Aliyev, Tamer",FID,M,,,,1684,0,20,SEP25,2004,i
6337082,"Alizadeh, Moein",FID,M,,,,1952,0,20,SEP25,1989,i
377108046,"Alkhalaileh, Qais",FID,M,,,,1447,0,20,SEP25,1991,i
146111612,"Allan, Cleon",FID,M,,,,ACM,1594,0,SEP25,2012,
396215951,"Almendarez Verdin, Manuel Adan",FID,M,,,,AFM,1864,0,SEP25,1991,i
10302735,"Alobaid, Mahmoud",FID,M,,,,1709,0,20,SEP25,1973,i
335105004,"Alvarez Toledo, Nilo",FID,M,,,,1911,0,20,SEP25,1988,i
21512213,"Alyassin, Bassil",FID,M,,,,1693,0,20,SEP25,1980,i
55723977,"Ambartsumyan, Angelina Vlad",FID,F,,,,1879,0,40,SEP25,2015,w
55784895,"Ambartsumyan, Roman Vlad",FID,M,,,,1571,0,40,SEP25,2017,
34462929,"Ambartsumyan, Yuri",FID,M,,,,2142,0,40,SEP25,2013,
34304096,"Andreev, Matvey",FID,M,,,,1593,0,20,SEP25,2004,i
4158814,"Andreikin, Dmitry",FID,M,GM,,,2714,0,10,SEP25,1990,i
4197461,"Anfinogenov, Artem",FID,M,,,,1931,0,20,SEP25,1989,
34146943,"Anikina, Elena",FID,F,,SI,,1504,0,20,SEP25,1999,wi
34339876,"Anikonov, Artem",FID,M,,,,1634,0,40,SEP25,2010,i
55610439,"Antipov, Fedor",FID,M,,,,2180,8,40,SEP25,2012,
124111231,"Antsiferov, Yury",FID,M,,,,AFM,1916,0,SEP25,1990,
366130639,"Anwar, Mezban",FID,M,,,,1554,0,20,SEP25,2003,i
396216108,"Appezzato, Pablo",FID,M,,,,AIM,1931,0,SEP25,1972,i
62400703,"Arauzo Huisa, Vladimir",FID,M,,,,1518,0,20,SEP25,2005,
379105473,"Arginbek, Erali",FID,M,,,,1435,0,40,SEP25,2017,i
21510490,"Ariel, V. SILLARICO",FID,M,,,,1682,0,20,SEP25,1990,
396104602,"Arquieta Cruz, Carlos Gerardo",FID,M,,,,ACM,1695,0,SEP25,1989,i
34345752,"Artamonova, Ulyana",FID,F,,,,1764,0,40,SEP25,2012,w
10302670,"Aruna, Vivek",FID,M,,,,1771,0,20,SEP25,2001,i
115203370,"Asain, Nasser",FID,M,,,,AIM,1746,0,SEP25,1979,i
4174534,"Astanovsky, Kirill",FID,M,,,,2137,0,20,SEP25,1984,i
522065350,"Atabekov, Ibragim Saf",FID,M,,,,1497,10,40,SEP25,2018,
308105286,"Atanasio, Maximiliano",FID,M,,,,1637,0,20,SEP25,1990,
115108827,"Atilano, Chanro Jed",FID,M,,,,AGM,1824,0,SEP25,2007,i
379105301,"Aubakirov, Arlan",FID,M,,,,1557,0,40,SEP25,2011,
153105419,"AUCANTE, Leo",FID,M,,,,1775,0,20,SEP25,2006,i
24250473,"Averin, Nikolay",FID,M,FM,,,2491,9,10,SEP25,2010,
13500759,"Avilov, Igor",FID,M,,,,1909,0,20,SEP25,1971,i
13501470,"Azarov, Sergei",FID,M,GM,,,2475,0,10,SEP25,1983,i
392104364,"Baali, Nawfal",FID,M,,,,1870,0,20,SEP25,1997,
34164569,"Babakekhyan, Artem",FID,M,,,,2190,11,20,SEP25,2004,
24117412,"Babanov, Aleksandr",FID,M,,,,1730,0,20,SEP25,1960,
13527428,"Babeikin, Kiryl",FID,M,,,,1787,0,40,SEP25,2014,
55700055,"Babkin, Timofey Dm",FID,M,,,,1522,0,40,SEP25,2015,
34214054,"Bachaliashvili, Eduard",FID,M,,,,AIM,1888,0,SEP25,2009,
55861911,"Badmaev, Aldar",FID,M,,,,1432,6,40,SEP25,2015,
24115762,"Badmatsyrenov, Oleg",FID,M,IM,,,2432,0,10,SEP25,1987,i
129112367,"Baes, Deb",FID,M,,,,ACM,1526,0,SEP25,1974,
34232443,"Bagdasarian, Roman",FID,M,,,,1741,0,20,SEP25,2006,i
13530275,"Baikou, Stsiapan",FID,M,,,,1671,11,40,SEP25,2014,
540038939,"Bakhriev, Daler",FID,M,,,,1537,0,20,SEP25,1995,
138108274,"Bakleh, Tarek",FID,M,,,,1546,0,40,SEP25,2008,i
4192060,"Balakirev, Nikoly",FID,M,,,,1886,0,20,SEP25,1990,
11203765,"Balbuena, Arman",FID,M,,,,1794,0,20,SEP25,1978,i
55669794,"Barabash, Anastasiya Aleks",FID,F,,,,1949,0,40,SEP25,2013,w
55760236,"Baranov, Prokhor",FID,M,,,,1522,0,40,SEP25,2016,
324111836,"Barbosa, Thiago Rodrigo",FID,M,,,,AFM,1656,0,SEP25,1994,i
24144924,"Barinova, Marina",FID,F,,,,1990,0,20,SEP25,1994,wi
324226880,"Bartholo, Luis",FID,M,,,,1716,0,20,SEP25,1981,i
115111368,"Bartolata, Cheran",FID,M,,,,AIM,2009,8,SEP25,1981,
124111545,"Bartoshevich-Zhagel, Rafail",FID,M,,,,ACM,1512,0,SEP25,2013,
34334491,"Baryshnikov, Grigoriy",FID,M,,,,1698,0,40,SEP25,2011,i
320105367,"Bas, Marsel",FID,M,,,,1638,0,40,SEP25,2009,i
215105390,"bassri, ezz",FID,M,,,,1922,0,40,SEP25,2009,
55745741,"Baturin-Vinogradov, Miroslav",FID,M,CM,,,2138,0,40,SEP25,2012,
115203755,"Bedia, Johmel",FID,M,,,,AFM,1644,0,SEP25,1978,i
319104830,"Begic, Semir",FID,M,,,,AFM,1794,0,SEP25,1986,i
24130990,"Beloshapkin, Konstantin",FID,M,,NA,,2111,0,20,SEP25,1988,
4132394,"Belov, Vladimir",FID,M,GM,,,2498,0,10,SEP25,1984,i
24112623,"Beltyukova, Irina M",FID,F,,,,1920,0,20,SEP25,1993,wi
351105344,"Ben Kiran, Youssouf",FID,M,,,,1631,0,20,SEP25,1999,
13518534,"Bendik, Margarita",FID,F,,,,1975,11,40,SEP25,2009,w
316104990,"Benjamin Layson, Jacob",FID,M,,,,1438,0,20,SEP25,1995,i
55679030,"Berdashkevich, Makar",FID,M,,,,2073,0,40,SEP25,2012,
148105374,"Bespalov, Yevheniy",FID,M,,,,AIM,1730,0,SEP25,1992,
24137669,"Bezhenar, Georgy",FID,M,,,,2015,11,20,SEP25,1994,
374095632,"bhate, shreyas H",FID,M,,,,1502,0,40,SEP25,2009,
366108020,"Bhattacharjee, Sumeet",FID,M,,,,ACM,1618,0,SEP25,1982,i
146242445,"Bhuvaneswaran, Harikrishnan",FID,M,,,,1536,0,20,SEP25,2001,i
2330920,"Billman, Brian",FID,M,,,,1552,0,40,SEP25,2008,
34401610,"Birmenko, Nikolay",FID,M,,,,1993,9,40,SEP25,2012,
327105369,"Birtanov Mehmedov, Stanislav",FID,M,,,,ACM,1760,0,SEP25,1995,i
4100123,"Bivol, Alina",FID,F,IM,WGM,,2213,0,20,SEP25,1996,w
34275541,"Blagoveshchenskiy, Roman",FID,M,,,,1954,22,40,SEP25,2010,
13532820,Blakhin Kiryl,FID,M,,,,AFM,1458,5,SEP25,2012,
13532839,Blakhina Viktoryia,FID,F,,,,1520,0,40,SEP25,2014,wi
150095865,"Blocker, Demetris",FID,M,,,,1646,0,20,SEP25,1981,
522027246,"Bobrova, Maria",FID,F,,,,1617,0,20,SEP25,2002,wi
34177865,"Bodnaruk, Kseniya",FID,F,,,,1868,14,20,SEP25,2005,w
34171212,"Bodnaruk, Svyatoslav",FID,M,,,,1841,0,20,SEP25,2003,i
4102576,"Bogatenko, Roman",FID,M,,,,1974,0,20,SEP25,1991,
355105404,"Bogveradze, Levan",FID,M,,,,AIM,1486,0,SEP25,1986,i
13517473,"Bondar, Anastasiya",FID,F,,,,1582,0,20,SEP25,2006,wi
13500830,"Bondar, Tana",FID,F,WFM,WFM,,2085,0,20,SEP25,1976,wi
55784666,"Bondarev, Fedor",FID,M,,,,1881,11,40,SEP25,2016,
540032922,"Borisov, Aleksei",FID,M,,,,1577,0,20,SEP25,1986,
3510557,"Boudy Bueno, Julio Leonardo",FID,M,IM,,,2236,0,20,SEP25,1951,i
24155624,"Boychuk, Evgeny",FID,M,,,,1928,0,20,SEP25,1995,i
324105294,"Braga, Matheus",FID,M,,,,1728,0,20,SEP25,1996,i
123065493,"Brecher, Matthew",FID,M,,,,1473,0,20,SEP25,1987,i
13539175,"Brusinenko, Yan",FID,M,,,,ACM,1556,3,SEP25,2017,
34384600,"Bubnova, Uliana",FID,F,,,,AIM,1953,11,SEP25,2011,w
150108328,"Buchanan, Christopher",FID,M,,,,1745,0,20,SEP25,2003,i
4178033,"Bulavin, Alexander",FID,M,FM,,,2101,0,20,SEP25,1985,i
13528882,"Bulgak, Damir",FID,M,CM,,,2187,0,40,SEP25,2013,
13532812,"Burba, Mikita",FID,M,,,,1537,0,40,SEP25,2014,
55687261,"Burikhanov, Timur",FID,M,,,,1654,0,40,SEP25,2010,i
55711081,"Buslakov, Igor",FID,M,,,,1661,0,20,SEP25,1988,
34115290,"Bykov, Egor",FID,M,FM,,,2320,0,20,SEP25,2000,i
4482808,"Castaneda Losada, Esneider Andres",FID,M,,SI,,1840,0,20,SEP25,1986,
152105399,"Castillo, Adelis",FID,M,,,,ACM,1769,0,SEP25,1997,i
115110861,"CASTILLO, HAROLD",FID,M,,,,1749,0,20,SEP25,1983,i
11203226,"Castillo, Jay",FID,M,,,,1740,0,20,SEP25,1973,i
10302689,"Centete, Jean",FID,M,,,,1740,0,20,SEP25,1980,i
167105009,"Cerekovic, Aleksa",FID,M,,,,1691,0,20,SEP25,2000,i
396108700,"Cervantes montoya, Eloy Gustavo",FID,M,,,,1792,7,40,SEP25,2009,
3504964,"Chacon Pavon, Joel",FID,M,,,,2130,0,20,SEP25,1965,i
396105332,"Chavez Garcia, Eduardo Alberto",FID,M,,,,AFM,1720,0,SEP25,2000,i
55832210,"Chekanov, Amir Mar",FID,M,,,,1498,0,40,SEP25,2017,i
24292176,"Chekanov, Timur",FID,M,,,,AGM,1915,22,SEP25,2009,
331110329,"Chen, Boyuan",FID,M,,,,1508,0,20,SEP25,1999,i
4118901,"Cherkasov, Nikolai",FID,M,FM,,,2211,0,20,SEP25,1958,i
4106784,"Chetverik, Maxim",FID,M,IM,,,1842,16,20,SEP25,1963,
158105028,"Chikwava, Ronald",FID,M,,,,ACM,1645,0,SEP25,1973,
54176140,"Chyndygyr, Tamerlan",FID,M,FM,,,2294,13,20,SEP25,2007,
343110125,"Coleman, Francine",FID,F,,,,1543,0,20,SEP25,1978,w
395105006,"Coloscov, Daniil",FID,M,,,,ACM,1596,0,SEP25,2006,
332111240,"Correa Cano, Yesid",FID,M,,,,AFM,1665,0,SEP25,1980,
396216153,"Cuellar Puente, Cesar Javier",FID,M,,,,AFM,1806,0,SEP25,1997,
132104732,"D.M.A.T.D, Mendis",FID,M,,,,AIM,1461,0,SEP25,2008,
115109181,"Dagami, Richard",FID,M,,,,AFM,1794,0,SEP25,1987,i
55770720,"Dakhno, Klim Ant",FID,M,,,,1577,0,40,SEP25,2017,
150102610,"Dalvi, Vihaan",FID,M,,,,1438,0,40,SEP25,2013,
351105470,"Dana, Yohann",FID,M,,,,1635,0,20,SEP25,1998,
34209816,"Dandish, Izabella",FID,F,,,,1657,0,40,SEP25,2011,w
55813569,"Danilova, Mariya",FID,F,,,,1437,0,40,SEP25,2014,w
24257656,"Darmaeva, Nomina",FID,F,WCM,WCM,,2012,13,40,SEP25,2008,w
13518399,"Dashchynski, Tsimafei",FID,M,,,,1491,0,20,SEP25,2006,i
13526600,"Dasiuk, Roman",FID,M,,,,1889,0,40,SEP25,2012,
12101508,"De Joya, Florian",FID,M,,,,1923,0,20,SEP25,1978,
132105186,"De Mel, Ravindu",FID,M,,,,1599,0,20,SEP25,2004,i
324225390,"De Souza Sa, Apolo",FID,M,,,,1935,0,20,SEP25,2000,
146104995,"Dehghan, Ibrahim",FID,M,,,,1647,0,20,SEP25,2006,i
55601286,"Del, Nikita",FID,M,,,,1929,11,40,SEP25,2013,
115112051,"Delgado, Ardie",FID,M,,,,ACM,1602,4,SEP25,1978,
4197143,"Demidov, Mikhail",FID,M,GM,,,2423,0,10,SEP25,1992,
24131563,"Denishev, Marat",FID,M,FM,,,2255,0,10,SEP25,1993,
13511297,"Denisik, Sergei",FID,M,,,,1894,0,20,SEP25,1986,
4151836,"Denisov, Denis",FID,M,,,,1872,0,20,SEP25,1976,
4154169,"Derbenev, Andrey",FID,M,IM,,,2306,0,10,SEP25,1986,i
373198081,"Despeyroux Cantera, Pablo Daniel",FID,M,,,,AFM,1698,0,SEP25,1964,
132105408,"Dharmasiri, Ashan",FID,M,,,,1635,0,20,SEP25,2001,i
24173371,"Dimitrova, Aleksandra",FID,F,WIM,WIM,,2109,0,20,SEP25,2000,w
24110949,"Dimitrova, Elena",FID,F,WFM,WFM,,1937,0,20,SEP25,1992,w
34290915,"Divovich, Veniamin",FID,M,,,,1429,0,40,SEP25,2007,i
55711413,"Dmitriev, Anton V",FID,M,,,,1927,8,40,SEP25,2015,
13526162,"Dobrovskiy, David",FID,M,,,,1613,10,40,SEP25,2013,
34429883,"Dolgopolov, Egor",FID,M,,,,1857,0,40,SEP25,2011,
115203853,"Domansi, Alekhine",FID,M,,,,AFM,1826,0,SEP25,1985,i
55867090,"Domashchenko, Alisa",FID,F,,,,1605,0,40,SEP25,2013,w
13526359,"Dorashava, Viktoryia",FID,F,,,,1866,0,40,SEP25,2007,w
44172966,"Dorokhina, Elizaveta",FID,F,WFM,WFM,,2107,0,20,SEP25,2006,w
55617840,"Doroshenko, Sofia",FID,F,,,,1707,0,40,SEP25,2012,wi
148061921,"Dovchenko, Vadym",FID,M,,,,1866,0,20,SEP25,1988,i
327105206,"Dragnev, Stoyan",FID,M,,,,1416,0,20,SEP25,1989,i
4124413,"Dudarev, Viacheslav",FID,M,,,,1995,0,20,SEP25,1976,i
55656200,"Dudkina, Uliana",FID,F,WCM,WCM,,2179,11,40,SEP25,2010,w
351112492,"Duneton, Louis",FID,M,,,,1680,0,20,SEP25,1995,i
55694373,"Dushulin, Roman",FID,M,,,,1574,0,40,SEP25,2014,
4192516,"Duzhakov, Ilya",FID,M,IM,,,2289,0,10,SEP25,1991,i
34404449,"Dvorkovich, Arkady",FID,M,,NA,,1721,0,20,SEP25,1972,
55776965,"Dyachkov, Georgiy A",FID,M,,,,1852,33,40,SEP25,2013,
55793924,"Dyachkov, Timur",FID,M,,,,1589,0,40,SEP25,2015,
55759076,"Dymov, Dmitrii",FID,M,,,,1477,0,40,SEP25,2016,i
13533215,"Dzelnik, Robert",FID,M,,,,1475,0,40,SEP25,2016,i
13524836,"Dzenisenia, Mikhail.",FID,M,,,,2017,0,40,SEP25,2011,
34337547,"Dzhalalova, Sultanat",FID,F,,,,1585,0,40,SEP25,2010,w
55711871,"Dzyura, Khristofor",FID,M,,,,1614,0,20,SEP25,2000,i
21511578,"Eddie Jr, Lumanog",FID,M,,,,1719,0,20,SEP25,1987,i
54165725,"Efimov, Leonid",FID,M,FM,,,2405,0,10,SEP25,2009,
24278351,"Efimova, Darya",FID,F,,,,2145,0,40,SEP25,2009,w
44159935,"Efremov, Vladislav",FID,M,FM,,,2055,13,20,SEP25,2005,
12101516,"Elarcosa, Rommel",FID,M,,,,1773,0,20,SEP25,1985,i
4186826,"Elishev, Ivan",FID,M,CM,,,1895,0,20,SEP25,1984,
55696724,"Emelyanova, Liliya Mikh",FID,F,,,,1694,9,40,SEP25,2015,w
35006290,"Emil, Sebastian",FID,M,,,,1898,0,20,SEP25,1997,
130110632,"Erlah, Sebastjan",FID,M,,,,AIM,1420,0,SEP25,1982,
34310541,"Erokhin, Vadim",FID,M,,,,1763,0,40,SEP25,2011,
3500349,"Espinosa, Julio",FID,M,FM,,,2194,0,20,SEP25,1965,i
34339523,"Evdokimova, Viktoriya",FID,F,,,,1766,0,40,SEP25,2010,w
24103209,"Faizrakhmanov, Ramil",FID,M,IM,,,2420,0,10,SEP25,1997,
13515756,"Fam, Van",FID,M,,,,1524,0,20,SEP25,1967,i
34223568,"Farzaleev, Daniyar",FID,M,,,,1711,0,40,SEP25,2012,
342060234,"Fathy, Mohamed",FID,M,,,,1964,0,20,SEP25,1988,i
522022570,"Fatkhlislamov, Oskar",FID,M,,,,1475,0,40,SEP25,2018,
34314970,"Fedorov, Vladimir",FID,M,,,,1540,0,40,SEP25,2009,i
34288082,"Fedosov, Alexander",FID,M,FM,,,2251,24,40,SEP25,2011,
329110869,"Ferhi, Mourad",FID,M,,,,1560,0,20,SEP25,1979,i
3502562,"Ferragut Blanco, Arnaldo",FID,M,FM,,,2179,0,20,SEP25,1973,i
13528092,"Filiaev, Artiom",FID,M,,,,1420,0,40,SEP25,2012,i
34371486,"Filin, Grigory",FID,M,,,,1967,11,40,SEP25,2011,
55706320,"Fisher, Timofey",FID,M,,,,2064,13,40,SEP25,2014,
2330911,"Fisker, Bo Top",FID,M,,,,1452,0,20,SEP25,1956,
24166952,"Fridman, Anatoly",FID,M,,,,1835,0,20,SEP25,1978,
34106500,"Frolov, Aleksey G.",FID,M,,,,2238,36,20,SEP25,2003,
4151976,"Frolyanov, Dmitry",FID,M,GM,,,2377,0,10,SEP25,1986,i
3521192,"Frometa Gomez, Rene",FID,M,,,,1872,0,20,SEP25,1964,i
345104673,"Fuentes Rodriguez, Pedro Miguel",FID,M,,,,AFM,1763,0,SEP25,1978,
4107187,"Furman, Boris",FID,M,FM,,,2154,11,20,SEP25,1951,
55790640,"Gadisov, Ali",FID,M,,,,1730,0,40,SEP25,2017,
55671926,"Gadzhiev, Ruslan",FID,M,CM,,,2275,0,20,SEP25,2012,
55651569,"Gaer, Sofiya Ig",FID,F,WCM,WCM,,1766,16,40,SEP25,2013,w
55709451,"Gafurov, Aidan",FID,M,,,,2106,0,40,SEP25,2015,
24175480,"Galchenko, Matvey",FID,M,IM,,,2433,0,10,SEP25,2000,
55755127,"Galimov, Zakhar M",FID,M,,,,1937,10,40,SEP25,2014,
13518135,"Gara, Kirill",FID,M,,,,1904,0,20,SEP25,1981,
124277382,"Garbuzov, Artem",FID,M,,,,1742,14,40,SEP25,2013,
396217615,"Garcia Elizondo, Edgar Jesus",FID,M,,,,AIM,1844,0,SEP25,1985,
343098595,"Garcia Zambrano, Alvaro",FID,M,,,,1704,6,20,SEP25,1991,
34127035,"Garifullina, Leya",FID,F,IM,WGM,,2412,0,10,SEP25,2004,w
396110323,"Gaxiola Vazquez, Daniel",FID,M,,,,AFM,1721,6,SEP25,2010,
54125928,"Gaziev, Amir",FID,M,,,,1765,0,20,SEP25,2004,
34130621,"Gedgafov, Chamal",FID,M,,,,1982,0,20,SEP25,1960,
13404423,"Geidarli, Kanan",FID,M,IM,,,2279,0,20,SEP25,1977,i
4145968,"Gerasimova, Svetlana",FID,F,WFM,WFM,,1888,0,20,SEP25,1974,wi
55608086,"Gerdt, Nikita",FID,M,,,,1828,0,40,SEP25,2013,
134109700,"Germann, Elias Markus",FID,M,,,,1408,0,40,SEP25,2007,
34166146,"Getman, Tatyana",FID,F,WIM,WIM,,2040,11,20,SEP25,2003,w
34372164,"Gilfanov, Marat I",FID,M,FM,,,2371,33,10,SEP25,2010,
4166868,"Gilmanov, Mansur",FID,M,IM,,,2377,0,20,SEP25,1990,i
24212849,"Glebov, Dmitriy",FID,M,,,,1643,0,40,SEP25,2007,i
24212857,"Glebov, Georgiy",FID,M,,,,1471,0,40,SEP25,2009,i
24165514,"Gluhovsky, Mark",FID,M,,,,2160,0,20,SEP25,1973,
34115428,"Goganova, Yana",FID,F,WFM,WFM,,1936,0,20,SEP25,1999,wi
343096465,"Gogoli, Alik",FID,M,,,,ACM,1499,22,SEP25,1992,
34394176,"Golikov, Ivan",FID,M,,,,1972,0,40,SEP25,2012,
10301550,"Gomes , Savio Sebastian",FID,M,,,,1515,0,20,SEP25,1962,i
44162359,"Goncharov, Mikhail",FID,M,,,,1722,0,20,SEP25,2005,
324104644,"Gonzaga, Joao",FID,M,,,,ACM,1825,9,SEP25,2005,
329105321,"Gonzalez, Ademar",FID,M,,,,1525,0,20,SEP25,1973,i
346237914,"Gorbachev-Yamamoto, Stepan",FID,M,,,,1590,0,20,SEP25,1985,i
34115070,"Gorbounova, Natalia",FID,F,,,,1708,0,20,SEP25,1967,wi
336105321,"Gorbunov, Aleksandr",FID,M,,,,1721,0,20,SEP25,1983,
34203214,"Goriachkina, Oksana",FID,F,,,,1958,11,40,SEP25,2010,w
54111668,"Gorlova, Yuliya",FID,F,,,,1836,0,40,SEP25,2007,w
4147103,"Goryachkina, Aleksandra",FID,F,GM,WGM,,2439,0,10,SEP25,1998,w
44153449,"Grachev, Alexey",FID,M,IM,,,2440,13,10,SEP25,2005,
55769942,"Gradusova, Alisa Aleks",FID,F,,,,1518,0,40,SEP25,2015,w
351104605,"GRANGE, Thomas",FID,M,,,,ACM,1597,0,SEP25,2009,
34189030,"Grebnev, Aleksey",FID,M,GM,,,2480,11,10,SEP25,2006,
540050122,"Grichik, Andrey",FID,M,,,,ACM,1568,0,SEP25,1985,
34446133,"Grigoriev, Alexander D",FID,M,,,,1823,9,40,SEP25,2012,
34181676,"Grigoriev, Dmitriy",FID,M,,,,2008,0,20,SEP25,2000,
24240699,"Grishin, Petr E.",FID,M,,,,1853,0,40,SEP25,2008,i
341105190,"GUEVARA PEREZ, YOJAN",FID,M,,,,AFM,1526,0,SEP25,1983,
34401687,"Gulishyan, Eseniya",FID,F,,,,1470,14,40,SEP25,2012,w
4167570,"Gunina, Valentina",FID,F,GM,WGM,,2348,11,10,SEP25,1989,w
54176336,"Gurgenidze, Aleksandra",FID,F,,,,1747,0,40,SEP25,2007,w
4196767,"Gurov, Dmitri",FID,M,,,,1895,0,20,SEP25,1982,
54190193,"Gusev, Kirill",FID,M,,,,2121,0,40,SEP25,2009,i
4195540,"Gutenev, Alexander",FID,M,IM,,,2328,26,10,SEP25,1990,
115109010,"Gutib, John Vandam",FID,M,,,,AGM,1853,0,SEP25,1994,
343095065,"Halabi, Zaid Al",FID,M,,,,1582,0,20,SEP25,1991,
138108390,"Hamzy, Adam",FID,M,,,,1430,0,40,SEP25,2011,i
13520113,"Hancharevich, Heorhi",FID,M,,,,1609,0,20,SEP25,1961,i
356285423,"Hasanov, Mir Fuad",FID,M,,,,2056,0,20,SEP25,1985,i
311104496,"Hashmi, Cyrus",FID,M,,,,1414,0,40,SEP25,2011,i
209104997,"Hassan, Mohamad Abdallah",FID,M,,,,1594,0,20,SEP25,1992,
13519590,"Haurushyn, Stsiapan",FID,M,,,,1741,0,40,SEP25,2009,i
338105026,"Henriksen, Niels",FID,M,,,,1404,0,20,SEP25,1971,
13521209,"Hryharovich, Aliaksei",FID,M,,,,2015,0,20,SEP25,2006,
12101400,"Huerto, Andro",FID,M,,,,ACM,1916,0,SEP25,1954,i
13523899,"Hvozdz, Aliaksandr",FID,M,,,,2002,0,40,SEP25,2009,
34389563,"Iaroshevich, Vasil",FID,M,,,,1636,0,20,SEP25,1980,
24107514,"Ibadov, Dashgyn",FID,M,IM,,,2154,22,20,SEP25,1997,
3502937,"Ibarra Padron, Joel",FID,M,,,,2150,0,20,SEP25,1976,i
7816634,"Idjouola, Bidossessi Christian",FID,M,,,,1668,0,20,SEP25,1980,i
115097797,"III, Nicanor B Perez",FID,M,,,,ACM,1519,0,SEP25,2008,
24105074,"Iljiushenok, Ilia",FID,M,GM,,,2437,0,10,SEP25,1993,
34221956,"Irgit, Arina",FID,F,,,,1886,0,40,SEP25,2009,w
55781071,"Isaev, Yuriy V",FID,M,,,,1971,0,20,SEP25,1962,
9321829,Ishfak Ali,FID,M,,,,1591,0,20,SEP25,1991,i
34275339,"Ivannikov, Maksim",FID,M,CM,,,2200,22,40,SEP25,2010,
13502751,"Ivanov, Grigory",FID,M,,,,2136,0,20,SEP25,1989,i
24170003,"Ivanov, Sergei V.",FID,M,,,,1895,0,20,SEP25,1964,
44134444,"Ivanova, Anastasia S.",FID,F,,,,1852,0,20,SEP25,2004,w
55675549,"Ivaschenko, Anna",FID,F,,,,1733,0,40,SEP25,2013,w
34331050,"Ivashentseva, Dominika",FID,F,WCM,WCM,,2108,22,40,SEP25,2011,w
4189140,"Izotov, Vladimir",FID,M,,,,1737,32,20,SEP25,1976,
6349978,"Jamalaev, Roustam",FID,M,,,,1971,0,20,SEP25,1985,i
13622889,"Janakhishvili, Irakli",FID,M,,,,1912,0,20,SEP25,1982,i
34565469,"Jandaulyet, Byegarys",FID,M,,,,1629,0,20,SEP25,1999,
2996452,"Jayaweera, A W N N",FID,M,,,,ACM,1511,0,SEP25,2012,i
371104522,"Jayyusi, Fairoz",FID,F,,,,1597,0,20,SEP25,2000,wi
396217428,"Jimenez Maldonado, Santiago Del Angel",FID,M,,,,ACM,1586,0,SEP25,2010,i
10303294,"Jom, Jinu",FID,M,,,,AFM,1590,0,SEP25,1977,i
324104715,"Jorge Barbosa Carvalho Junior, Renato",FID,M,,,,AFM,1744,0,SEP25,1989,
30934281,"Juned, Wasim",FID,M,,,,1949,0,20,SEP25,1968,i
2330938,"Kaalinnguaq Thorleifsen, Thomas",FID,M,,,,1534,0,20,SEP25,1981,
146243738,"Kalathingal, Ahmed Dihyah",FID,M,,,,1432,0,40,SEP25,2011,i
54104416,"Kalenichenko, Alina",FID,F,WCM,WCM,,1915,13,40,SEP25,2007,w
55799370,"Kalinichenko, German Yu",FID,M,,,,1800,0,40,SEP25,2014,
14101173,"Kalinichenko, Yury",FID,M,FM,,,2020,0,20,SEP25,1975,
55860320,"Kalinin, Bogdan",FID,M,,,,1877,0,40,SEP25,2017,
34233512,"Kalinin, Nikita An.",FID,M,FM,,,2253,0,20,SEP25,2009,
34229396,"Kalugin, Vitalii",FID,M,,,,1753,0,20,SEP25,1991,
13528041,"Kamarouski, Andrei",FID,M,,,,1514,9,20,SEP25,1986,
13528050,"Kamarouski, Mark",FID,M,,,,1759,28,40,SEP25,2011,
55769764,"Kaminskii, Daniil",FID,M,,,,2204,13,40,SEP25,2015,
34241426,"Kanev, Evgeny",FID,M,,,,1659,5,20,SEP25,1986,
34385517,"Karataev, Khassan",FID,M,,,,1659,0,40,SEP25,2007,
4135997,"Kargin, Arseny",FID,M,IM,NA,,2323,0,10,SEP25,1980,
44179243,"Karimova, Antonina",FID,F,,,,1405,8,20,SEP25,1955,w
24215333,"Karmanova, Olga Dm.",FID,F,WIM,WIM,,2128,11,40,SEP25,2007,w
4145402,"Karnaukhov, Oleg",FID,M,,,,2238,0,20,SEP25,1973,i
4148827,"Karnaukhova, Elmira",FID,F,WGM,WGM,,2213,0,20,SEP25,1985,wi
13522710,"Karpenkava, Palina",FID,F,,,,1535,0,40,SEP25,2010,wi
34374353,"Karpenko, Anton",FID,M,CM,,,2321,33,20,SEP25,2011,
13500481,"Kasparov, Sergey",FID,M,GM,,,2442,0,10,SEP25,1968,i
13501453,"Kasparova, Tatiana",FID,F,WIM,WIM,,2120,0,20,SEP25,1969,wi
146105348,"Kassem, Mahmoud",FID,M,,,,1531,0,20,SEP25,1975,
148104377,"Katriuk, Rostyslav",FID,M,,,,1481,0,20,SEP25,1994,
34220194,"Kaufman, David",FID,M,IM,,,2388,0,20,SEP25,2010,
140104610,"Kawinvinit, Shivam",FID,M,,,,1511,16,20,SEP25,2005,
4107837,"Kayukov, Kirill",FID,M,,,,2302,0,20,SEP25,1994,i
24299561,"Kazakovskiy, Alexey",FID,M,,,,1917,0,20,SEP25,1975,
55695060,"Kazaryan, Karina",FID,F,,,,1677,11,40,SEP25,2009,w
13526510,"Kazhamiakina, Marta",FID,F,,,,AFM,1549,0,SEP25,2013,w
366196828,"Kewalramani, Abhir",FID,M,,,,1620,0,40,SEP25,2007,i
55650678,"Khachaturian, Aram",FID,M,,,,1501,0,40,SEP25,2008,i
34281886,"Khachaturian, Emin",FID,M,,,,1884,0,20,SEP25,1999,i
34378049,"Khafizova, Diana",FID,F,WFM,WFM,,2099,20,40,SEP25,2010,w
34372296,"Khaleev, Timofey D",FID,M,,,,2059,11,40,SEP25,2010,
34147869,"Khalikov, Bulat",FID,M,CM,,,2091,0,20,SEP25,2003,i
34235574,"Khalimov, Daniil",FID,M,,,,2028,0,20,SEP25,2004,
146105400,"Khan, Rafay",FID,M,,,,1492,0,40,SEP25,2008,i
4111990,"Khanin, Semen",FID,M,GM,,,2456,0,10,SEP25,1999,
34272542,"Kharitonov, Maksim",FID,M,,,,AFM,1838,0,SEP25,2010,i
34354310,"Kharitonova, Viktoriia",FID,F,,,,1602,0,40,SEP25,2012,wi
4144694,"Khayrullin, Denis",FID,M,IM,,,2319,0,20,SEP25,1984,
24246131,"Khegai, Darya",FID,F,,,,1789,0,40,SEP25,2008,w
34357831,"Khiryaev, Adam",FID,M,,,,1854,0,40,SEP25,2011,
55752020,"Khizhnyakov, Mikhail Mak",FID,M,,,,1607,10,40,SEP25,2011,
34316701,"Khlypovka, Lada",FID,F,,,,1747,0,40,SEP25,2008,w
13510614,"Khmialiuk, Pavel",FID,M,,,,1926,0,20,SEP25,1996,i
24182729,"Khokhlova, Daria",FID,F,,,,2032,0,20,SEP25,1999,wi
4148100,"Kholopov, Alexander A.",FID,M,FM,,,2064,0,20,SEP25,1969,
55654096,"Khomenko, Arseniy",FID,M,,,,1614,0,40,SEP25,2012,i
54184975,"Khripachenko, Alexander",FID,M,IM,,,2387,13,10,SEP25,2007,
54114527,"Khubukshanov, Erdem",FID,M,IM,,,2413,11,10,SEP25,2007,
24165638,"Khudovekov, Stanislav",FID,M,,,,1911,0,20,SEP25,1970,i
55788025,"Kinzyabulatova, Reana",FID,F,,,,1553,0,40,SEP25,2016,w
54186005,"Kirdyashkina, Ekaterina",FID,F,,,,2081,0,40,SEP25,2008,w
13531328,"Kireyeu , Barys",FID,M,,,,1917,0,40,SEP25,2013,
4119231,"Kiriakov, Petr",FID,M,GM,,,2516,10,10,SEP25,1975,
13735101,"Kirilenko, Andrei",FID,M,,,,1949,0,20,SEP25,1978,i
13526421,"Kirko, Ivan",FID,M,,,,1657,8,40,SEP25,2011,
4155009,"Kiseljova, Marya",FID,F,WFM,WFM,,1858,0,20,SEP25,1994,w
24248185,"Kishiev, Famil",FID,M,CM,,,2317,10,20,SEP25,2008,
34414223,"Kleimenov, Nikolay",FID,M,CM,,,2226,41,20,SEP25,2013,
55677282,"Kleschevnikov, Arseny",FID,M,CM,,,1919,0,40,SEP25,2013,
34290702,"Klimchuk, Georgiy",FID,M,,,,1841,27,40,SEP25,2008,
124112121,"Klimov, Kuzma",FID,M,,,,1455,0,40,SEP25,2012,i
13507362,"Klimovich, Hanna",FID,F,,,,1604,0,20,SEP25,1996,w
13519514,"Klintsevich, Andrei",FID,M,,,,1864,0,20,SEP25,1988,i
4119150,"Kobalia, Mikhail",FID,M,GM,FST,,2469,0,10,SEP25,1978,
356102096,"Koch, Christian Otto",FID,M,,,,AFM,1825,8,SEP25,1967,
73010952,"Kodric, Zana",FID,F,,,,1473,0,40,SEP25,2007,wi
13519352,"Koishman, Karina",FID,F,,,,1669,0,40,SEP25,2009,w
55770037,"Kokareva, Sofya Dm",FID,F,,,,1780,0,40,SEP25,2014,w
34147222,"Kolchin, Maxim",FID,M,,,,2096,0,20,SEP25,2006,
124105010,"Kolmakov, Ivan D.",FID,M,,,,2006,0,40,SEP25,2009,
24173959,"Kolmychek, Evelina",FID,F,WFM,WFM,,1995,0,20,SEP25,2000,wi
34464204,"Kondakov, Konstantin",FID,M,,,,1985,32,40,SEP25,2009,
55660207,"Konyaev, Kirill Andr",FID,M,,,,1985,0,40,SEP25,2013,
55663540,"Konyakhin-Borrelly, Gregory Jacques",FID,M,,,,1948,9,40,SEP25,2009,
4164857,"Kopylov, Alexander A.",FID,M,IM,,,2429,26,10,SEP25,1991,
54164265,"Korchalovskii, Matvei",FID,M,,,,1693,0,40,SEP25,2007,i
24131750,"Korchmar, Vasiliy",FID,M,IM,,,2355,0,10,SEP25,1996,
34329064,"Korelskiy, Egor",FID,M,FM,,,2204,0,20,SEP25,2011,
44181205,"Korolev, Pavel",FID,M,,,,1672,0,20,SEP25,2005,i
34274715,"Korshunov, Sergey And.",FID,M,FM,,,2330,0,20,SEP25,2006,
54600634,"Kos, Jernej",FID,M,,,,1619,0,20,SEP25,2002,i
55706550,"Kovalenko, Luchezar",FID,M,,,,1472,8,40,SEP25,2016,
55706568,"Kovalenko, Mariel",FID,F,,,,1618,10,40,SEP25,2013,w
55657150,"Kovalev, Dmitry Alek",FID,M,,,,1490,0,40,SEP25,2014,i
13504398,"Kovalev, Vladislav",FID,M,GM,,,2553,0,10,SEP25,1994,
13508598,"Kovalevsky, Stanislav",FID,M,FM,,,1981,0,20,SEP25,1999,
55672469,"Kovalishin, Timofey",FID,M,,,,AFM,1677,0,SEP25,2004,i
55629512,"Kovalskiy, Dmitriy Kir",FID,M,,,,1524,0,40,SEP25,2011,
13527282,"Kozhedub, Ivan",FID,M,,,,2005,0,40,SEP25,2012,
55652891,"Kozhumyachenko, Svyatoslav",FID,M,,,,1550,0,40,SEP25,2009,i
13511815,"Kozlov, Igor",FID,M,,,,1774,0,20,SEP25,1997,
13537032,"Krainik, Andrei",FID,M,,,,1594,11,40,SEP25,2016,
44126727,"Krasikov, Vladislav",FID,M,FM,,,2246,0,20,SEP25,2000,i
55700624,"Krasin, Boris Vsev",FID,M,,,,1960,0,40,SEP25,2013,
24178314,"Krasovskiy, Kirill",FID,M,,,,2091,10,20,SEP25,1997,
55733948,"Krassel, Timofei",FID,M,,,,2034,0,20,SEP25,2004,i
24220728,"Krikunov, Dmitry",FID,M,,,,2113,0,20,SEP25,1992,i
24208213,"Krotov, Damian",FID,M,,,,1909,0,40,SEP25,2008,
55677363,"Kruglikov, Mark",FID,M,,,,1896,0,40,SEP25,2012,
13525018,"Kruk, Leanid",FID,M,,,,1503,0,40,SEP25,2008,
34458581,"Kudrin, Ivan",FID,M,,,,2251,9,20,SEP25,2013,
34284133,"Kudryashova, Sofiya",FID,F,,,,1575,0,40,SEP25,2011,w
24108260,"Kukhmazov, Arsen",FID,M,IM,,,2355,11,10,SEP25,1997,
13536648,"Kuklis, Saveli",FID,M,,,,1450,0,40,SEP25,2017,
13504207,"Kul, Ivan",FID,M,CM,,,2096,0,20,SEP25,1970,i
13513680,"Kuleba, Ivan",FID,M,,,,1666,0,20,SEP25,2006,i
54157544,"Kulnev, Aleksandr",FID,M,CM,,,2118,0,40,SEP25,2008,
13504100,"Kultiyasov, Mikhail",FID,M,,,,2097,0,20,SEP25,1986,i
55722792,"Kumratova, Amina",FID,F,,,,1482,0,20,SEP25,2006,w
44157819,"Kundianok, Vladislav",FID,M,FM,,,2414,0,10,SEP25,2005,
115109637,"Kunding, Julmin",FID,M,,,,AFM,1904,0,SEP25,1982,i
55655211,"Kuraeva, Sofya Rom",FID,F,,,,1423,0,40,SEP25,2014,w
34403272,"Kurdagiya, Aleksandr G",FID,M,,,,2115,55,40,SEP25,2011,
4105168,"Kurochkin, Victor",FID,M,,,,2292,0,10,SEP25,1967,i
24276103,"Kusakina, Uliana",FID,F,WCM,WCM,,1767,22,40,SEP25,2009,w
34127655,"Kutyanina, Mariya",FID,F,WFM,WFM,,1836,0,20,SEP25,2004,w
124137354,"Kuzmin, Sevastian",FID,M,,,,1752,6,40,SEP25,2012,
55656536,"Kuznetsov, Dmitry",FID,M,,,,1869,0,40,SEP25,2014,
4141342,"Kuznetsov, Kirill",FID,M,,,,2006,0,20,SEP25,1969,
44173270,"Kuznetsova, Marina",FID,F,WFM,WFM,,2094,0,20,SEP25,2006,w
329111427,"Kvas, Chris",FID,M,,,,1439,0,20,SEP25,1960,
6350755,"Kyialbek Ulu, Akyl",FID,M,,,,1773,0,20,SEP25,1999,i
115110422,"LADAN, RUDY",FID,M,,,,AIM,1974,0,SEP25,1974,i
24132144,"Lagashin, Pavel",FID,M,,,,2009,8,20,SEP25,1989,
34160059,"Lalaev, Ashur",FID,M,,,,1794,0,20,SEP25,1982,i
4198166,"Lanin, Boris Dr",FID,M,,,,1870,0,20,SEP25,1961,
13519468,"Lapitski, Yaroslav",FID,M,,,,1941,0,20,SEP25,2006,i
13503782,"Lappo, Vladimir",FID,M,,,,2094,0,20,SEP25,1984,
24113182,"Larina, Maria",FID,F,WFM,WFM,,1868,0,20,SEP25,1988,wi
54126274,"Lavrentev, Anton",FID,M,,,,1650,0,20,SEP25,1990,
55672779,"Lazarev, Egor",FID,M,,,,1935,0,40,SEP25,2014,
4143981,"Lazhevskaya, Zhanni",FID,F,WFM,WFM,,1910,33,20,SEP25,1984,w
4163966,"Lazhevsky, Gleb",FID,M,,,,2172,0,20,SEP25,1986,i
13505017,"Lazuk, Ivan",FID,M,,,,1653,0,20,SEP25,1997,i
34152765,"Lebedev, Stepan",FID,M,,,,1737,0,20,SEP25,1996,i
13900714,"Lebedinsky, Eduard",FID,M,,,,2030,0,20,SEP25,1953,i
34487131,"Leisle, Darya",FID,F,,,,1586,0,40,SEP25,2010,w
55693490,"Leisle, Vera Den",FID,F,,,,1442,5,40,SEP25,2015,w
3505316,"Leon, Virgilio",FID,M,,,,2252,0,20,SEP25,1970,i
5800242,"Leong, Ignatius",FID,M,FM,,,1772,0,20,SEP25,1956,
13503316,"Leshchyshak, Igor",FID,M,FM,,,1975,0,20,SEP25,1974,i
55870848,"Levgeeva, Elzyata Nik",FID,F,,,,1516,0,40,SEP25,2016,w
13533045,"Liantsevich, Timofey",FID,M,,,,1420,0,40,SEP25,2013,
13518658,"Liashkevich, Lizaveta",FID,F,WFM,WFM,,1752,0,40,SEP25,2009,w
13524178,"Liavonava, Yuliya",FID,F,WFM,WFM,,1925,0,40,SEP25,2008,w
11203420,"Limaye, Vikrant",FID,M,,,,1565,0,20,SEP25,1978,i
55788335,"Lingur, Tamerlan",FID,M,,,,1479,0,40,SEP25,2016,
55672728,"Lingur, Umar",FID,M,,,,1450,0,40,SEP25,2014,i
54113245,"Lipilin, Ilia",FID,M,FM,,,2229,0,20,SEP25,2002,
34264183,"Lisenkov, Svyatoslav",FID,M,FM,,,2372,33,20,SEP25,2010,
132105346,"Liyanage Nipuna Buddika, Wijesekara",FID,M,,,,ACM,1561,0,SEP25,1985,i
115108854,"Liza, Marjun",FID,M,,,,AGM,1853,0,SEP25,1995,
24183750,"Lobanov, Sergei",FID,M,GM,,,2500,0,10,SEP25,2001,
146241644,"Lobo, Rahul",FID,M,,,,1548,0,20,SEP25,2000,i
55872085,"Loginov, Bogdan",FID,M,,,,1534,0,40,SEP25,2016,
3500900,"Lopez Jimenez, Armando Candido",FID,M,FM,,,2262,0,20,SEP25,1960,i
12101540,"Loquez, Joselito",FID,M,,,,1935,0,20,SEP25,1968,i
114239940,"Luis Yagua, Ferdinand",FID,M,,,,ACM,1452,0,SEP25,1976,i
33200130,"Lushkin, Sergei",FID,M,,,,1775,0,20,SEP25,1975,
4193750,"Lysakov, Anton",FID,M,,,,AFM,1761,0,SEP25,1993,
4150120,"Lysyj, Igor",FID,M,GM,FST,,2517,13,10,SEP25,1987,
55754562,"Lyubushak, Vladimir",FID,M,,,,1805,0,40,SEP25,2014,i
34425969,"Lyutsinger, Iren",FID,F,FM,WIM,,2159,11,20,SEP25,2009,w
11203480,"M.P., Subhalal",FID,M,,,,1702,0,20,SEP25,1965,i
123111335,"Mabher, Sunungukai",FID,M,,,,ACM,1557,0,SEP25,1986,i
123110982,"Machet, Jordan",FID,M,,,,ACM,1660,0,SEP25,2009,
311211549,"Mackay, Hamish",FID,M,,,,1614,0,20,SEP25,1980,i
10301887,"Magazine, Rushil",FID,M,,,,1557,0,20,SEP25,2003,i
34372490,"Magomedov, Magomedkamil",FID,M,,,,1766,0,40,SEP25,2010,
6351280,"Majeed, Zryan Kemal",FID,M,,,,1914,0,20,SEP25,1970,i
13512676,"Makarau, Yauheni",FID,M,,,,1672,0,20,SEP25,2004,i
34254757,"Makarenko, Kirill",FID,M,,,,2008,0,40,SEP25,2010,
44105681,"Makarian, Rudik",FID,M,IM,,,2591,0,10,SEP25,2004,
34100749,"Makarov, Alexander",FID,M,,,,2022,0,20,SEP25,1979,i
34155748,"Makoveev, Ilya",FID,M,FM,,,2382,5,10,SEP25,2006,
4120787,"Malakhov, Vladimir",FID,M,GM,,,2596,0,10,SEP25,1980,
55774440,"Malanin, Egor",FID,M,,,,1715,0,40,SEP25,2015,
13515772,"Malevskiy, Ivan",FID,M,,,,1614,0,20,SEP25,1960,i
13524461,"Maliush, Alisa",FID,F,,,,1656,0,40,SEP25,2013,w
374095507,"Mallam, Vasudev",FID,M,,,,ACM,1461,0,SEP25,2015,
55613993,"Mamikonyan, Artem T",FID,M,,,,2014,0,40,SEP25,2013,
74000187,"Manav, Devalraju Sai Rajesh",FID,M,,,,1628,0,20,SEP25,2002,i
383266720,"Mandal, Abhijoy",FID,M,,,,1696,0,20,SEP25,2001,i
312112474,"Mandler, Leon",FID,M,,,,AFM,1756,0,SEP25,2001,
138105352,"Manlla Hasan, Ahmad",FID,M,,,,1477,0,20,SEP25,1996,
366196514,"Manoj, Mridul",FID,M,,,,1807,0,20,SEP25,2002,i
150098983,"Marcos Ramirez, Pablo",FID,M,,,,AFM,1933,0,SEP25,1964,
34368213,"Markov, Igor A.",FID,M,,,,1867,0,40,SEP25,2011,
24121622,"Markov, Ilja",FID,M,,,,1776,0,20,SEP25,1975,
150095622,"Martakov, Roman",FID,M,,,,ACM,1420,0,SEP25,2007,
396104854,"Martinez Ubaldo, Oscar Uriel",FID,M,,,,1655,0,40,SEP25,2008,
13513699,"Martsev, Ivan",FID,M,,,,1747,0,20,SEP25,2004,i
13511947,"Martyniuk , Daniil",FID,M,,,,1996,0,20,SEP25,2000,
13511661,"Masalkov, Pavel",FID,M,,,,1630,0,20,SEP25,2004,
13521420,"Maskoukin, Platon",FID,M,,,,1453,0,40,SEP25,2011,i
55685587,"Maslova, Anastasiya Yar",FID,F,WFM,WFM,,1884,33,40,SEP25,2009,w
24178772,"Maslova, Polina",FID,F,WFM,WFM,,2023,0,20,SEP25,1999,wi
24273546,"Maslovskiy, Vladimir",FID,M,FM,,,2224,44,40,SEP25,2009,
24129100,"Matinian, Nikita",FID,M,GM,,,2413,0,10,SEP25,1992,
4172892,"Matsenko, Elena",FID,F,WFM,WFM,,1701,0,20,SEP25,1970,w
4170083,"Matsenko, Sergei",FID,M,GM,,,2481,0,10,SEP25,1990,i
13525352,"Mazanik, Mikita",FID,M,,,,1847,0,40,SEP25,2012,
11203463,"Medara, Vedavathi",FID,F,,,,1539,0,20,SEP25,1977,wi
4482824,"Medina Gomez, David Leonardo",FID,M,,SI,,1888,0,20,SEP25,1988,i
24110825,"Melikidze, Valeriy",FID,M,,,,1874,7,20,SEP25,1979,
54117089,"Melnikov, Evgeny",FID,M,,,,AGM,1679,20,SEP25,1982,
34266984,"Melnikov, Fedor",FID,M,FM,,,2151,7,20,SEP25,2010,
6106790,"Mena Mercadillo, Mauricio Alejandro",FID,M,,,,1634,0,20,SEP25,2001,i
119105304,"Mendes, Joao C V",FID,M,,,,1703,0,20,SEP25,1960,i
3504280,"Mendez Alfaro, Yaquelin Yenia",FID,F,WFM,WFM,,2121,0,20,SEP25,1980,wi
24227757,"Meshcheryakova, Alina",FID,F,,,,1447,0,20,SEP25,2005,wi
4116887,"Mesropov, Konstantin",FID,M,IM,,,2336,9,10,SEP25,1971,
6331289,"Mikayilov, Ilkin",FID,M,,,,1847,0,20,SEP25,1985,i
44191995,"Mikhailina, Olga",FID,F,WCM,WCM,,1573,0,40,SEP25,2008,w
44108320,"Mikheeva, Galina",FID,F,WIM,WIM,,1927,0,40,SEP25,2007,w
2333988,"Mikike, Mikael Ulrik Ano",FID,M,,,,1846,0,20,SEP25,1995,
13506854,"Minald, Andrey",FID,M,,,,2040,0,20,SEP25,1998,i
132104527,"Mindula, Nadew",FID,M,,,,AFM,1551,0,SEP25,2010,i
34397833,"Minkhajdarov, Ruslan",FID,M,,,,1977,11,40,SEP25,2012,
24188468,"Minko, Dmitry",FID,M,FM,,,2104,11,20,SEP25,2004,
44115423,"Mironov, Alexander",FID,M,,,,1803,0,20,SEP25,1997,
4188659,"Miroshnichenko, Pavel",FID,M,FM,,,2113,0,20,SEP25,1991,i
34127698,"Miroshnik, Ekaterina",FID,F,WFM,WFM,,2077,0,20,SEP25,2003,w
151105394,"Mirsaidov, Mirkhusan",FID,M,,,,ACM,1545,0,SEP25,1993,i
44179634,"Mochalov, Dmitriy",FID,M,,,,2347,0,10,SEP25,2007,
146104313,"Mohammad, Mazin",FID,M,,,,1430,0,20,SEP25,2004,i
366104405,"Mohanakrishnan, Muthu",FID,M,,,,1519,0,20,SEP25,1982,i
34435271,"Mokhamed Refaat Akhmed, Iusif",FID,M,,,,1697,0,20,SEP25,2004,
55657206,"Morozevich, Kirill Aleks",FID,M,,,,1872,21,40,SEP25,2016,
55785654,"Morozov, Arkhip",FID,M,,,,1943,0,40,SEP25,2016,
12101575,"Mosbah, Fouad",FID,M,,,,1770,0,20,SEP25,1972,i
24199990,"Moskvin, Anatoly",FID,M,CM,,,2132,0,20,SEP25,2002,i
34271457,"Moskvinov, Prokhor",FID,M,,,,2254,12,40,SEP25,2011,
342060299,"Mostafa, Mohamed",FID,M,,,,1686,0,20,SEP25,1980,i
4171772,"Movsesian, Artur",FID,M,,,,2081,0,20,SEP25,1986,
55657559,"Mozolevskaya, Tatyana Nik",FID,F,,,,1963,44,40,SEP25,2013,w
366126707,"Mukherjee, Anant",FID,M,,,,ACM,1568,0,SEP25,2006,i
55682499,"Mukhin, Mikhail",FID,M,,,,1910,0,40,SEP25,2013,
55698344,"Mukhorina, Mariya Dm",FID,F,,,,1755,0,40,SEP25,2014,w
124111410,"Munasipov, Ainur",FID,M,,,,ACM,1807,0,SEP25,1996,
55780075,"Muratshin, Ramazan",FID,M,,,,AIM,1709,3,SEP25,2016,
379105230,"Muratuly, Magzhan",FID,M,,,,1726,0,20,SEP25,2000,
44155573,"Murzin, Volodar",FID,M,GM,,,2645,14,10,SEP25,2006,
148061912,"Mytrofanov, Vadym",FID,M,,,,1464,0,20,SEP25,1997,i
325120393,"Nader, Amier",FID,M,,,,1627,0,20,SEP25,1982,i
4118987,"Najer, Evgeniy",FID,M,GM,FST,,2517,0,10,SEP25,1977,i
324105015,"Nami, Pedro",FID,M,,,,1783,0,20,SEP25,1992,i
325120400,"Nandakumar, Adhvik",FID,M,,,,1592,0,40,SEP25,2008,i
10301860,"Nanthalathu, Ebin",FID,M,,,,1630,0,20,SEP25,2002,i
34513302,"Nasraddin, Rafea Mahdi",FID,M,,,,1766,0,20,SEP25,1974,i
55870937,"Nasyrova, Agata Rus",FID,F,,,,1473,0,40,SEP25,2015,w
3512240,"Navarro Rivas, Rashid",FID,M,,NI,,1911,0,20,SEP25,1972,i
13514075,"Navumenka, Mikhei",FID,M,FM,,,2315,0,20,SEP25,2007,
24198455,"Nesterov, Arseniy",FID,M,GM,,,2514,0,10,SEP25,2003,
34420029,"Nikitskaya, Varvara",FID,F,,,,1568,0,20,SEP25,2006,w
24102474,"Nikologorsky, Matfei",FID,M,CM,,,2140,0,20,SEP25,1990,
123105202,"Nkoana, Koketso",FID,M,,,,1630,0,20,SEP25,2002,i
115202954,"Noblijas, Art R.",FID,M,,,,AIM,1618,0,SEP25,2009,
55707149,"Nogovitsina, Yana",FID,F,,,,1500,0,40,SEP25,2015,w
24107069,"Norkin, Alexey",FID,M,,,,2097,0,20,SEP25,1985,i
13518780,"Norman, Kseniya",FID,F,WFM,WFM,,1979,20,40,SEP25,2007,w
55700969,"Novikov, Vladimir Dm",FID,M,,,,1402,0,40,SEP25,2016,
34477047,"Novodvorskiy, Dmitriy Al",FID,M,,,,2076,41,40,SEP25,2013,
3500640,"Nunez, Antonio",FID,M,FM,,,2168,0,20,SEP25,1963,
146241822,"Nwofor, Chigozi",FID,M,,,,1762,0,20,SEP25,1982,i
4114310,"Obodchuk, Andrei",FID,M,IM,,,2385,0,10,SEP25,1955,
55770134,"Obraztsova, Sofiya Rom",FID,F,,,,1618,0,40,SEP25,2015,w
380110780,"Odhiambo, David Okoth",FID,M,,,,1562,5,40,SEP25,1996,
4122488,"Oganian, Miran",FID,M,IM,,,2349,15,10,SEP25,1996,
34341072,"Okhitin, Lev",FID,M,,,,1795,10,40,SEP25,2011,
55650546,"Oleinik, Evgenii",FID,M,,,,1711,6,20,SEP25,1992,
148105006,"Olenchuk, Sergiy",FID,M,,,,1535,0,20,SEP25,1986,i
13507397,"Olhovik, Andrei",FID,M,FM,,,2170,9,20,SEP25,1984,
345279428,"Oliveros Mejias, Clemente",FID,M,,,,AFM,1754,0,SEP25,1961,
4125282,"Orlov, Andrey",FID,M,GM,,,2506,0,10,SEP25,1977,
4166612,"Orlov, Oleg",FID,M,FM,,,2196,0,10,SEP25,1987,
345104860,"Ortiz Rodriguez, Javier",FID,M,,,,1487,0,20,SEP25,1991,i
133104998,"Osama, Ibrahim",FID,M,,,,1645,0,20,SEP25,2004,i
55647235,"Osetrov, Prokhor",FID,M,,,,1877,29,40,SEP25,2013,
34122483,"Osipov, Pavel",FID,M,,,,1868,0,20,SEP25,1984,
124108719,"Osman, Salah",FID,M,,,,AFM,1530,0,SEP25,1982,i
55824277,"Osmanov, Ilya Tim",FID,M,,,,1793,0,40,SEP25,2016,
332243992,"Ospina Penagos, Juan David",FID,M,,,,1651,0,20,SEP25,1983,
24280216,"Otdelnov, Kirill",FID,M,FM,,,2339,11,20,SEP25,2008,
392080790,"Ouazri, Ghassane Said",FID,M,,,,1605,0,20,SEP25,1987,i
4131827,"Ovod, Evgenija",FID,F,IM,WGM,FA,2145,0,10,SEP25,1982,wi
146241420,"Padamattumal, Joseph Basil",FID,M,,,,1648,0,20,SEP25,1962,i
366099109,"Pagariya, Yug",FID,M,,,,1405,0,40,SEP25,2016,
24122165,"Pakhomov, Denis",FID,M,,,,2067,30,20,SEP25,1987,
396111705,"Palacio Velasco, Luis David",FID,M,,,,1874,0,20,SEP25,2000,
115111161,"Palaming, Romeo Rodney",FID,M,,,,AIM,1732,0,SEP25,1993,
4172736,"Pankov, Oleg",FID,M,,,,1996,0,20,SEP25,1989,
358093817,"PANTOULAS, GEORGIOS",FID,M,,,,1644,0,20,SEP25,1982,i
338111257,"Pape, Phillip",FID,M,,,,1607,5,20,SEP25,1994,
13510770,"Papunidi, Matvey",FID,M,,,,1977,0,20,SEP25,2004,i
4165012,"Paramzina, Anastasya",FID,F,WGM,WGM,,2117,0,20,SEP25,1998,wi
4194985,"Paravyan, David",FID,M,GM,,,2528,0,10,SEP25,1998,
366127366,"Parayil, Said Muhammed",FID,M,,,,1527,0,20,SEP25,1987,
308105320,"Parisi, Faustino",FID,M,,,,AFM,1692,0,SEP25,2007,
13502328,"Parmon, Evgeny",FID,M,,,,1951,0,20,SEP25,1997,
34281576,"Parpiev, Isaak",FID,M,CM,,,2348,0,20,SEP25,2009,
24236047,"Paurchak, Daniil",FID,M,,,,1996,0,40,SEP25,2010,
34126594,"Pavlov, Danila",FID,M,FM,,,2369,0,20,SEP25,2002,
522045457,"Pechenkin, Ivan",FID,M,,,,1628,0,40,SEP25,2017,
351043920,"Penot, Matthieu",FID,M,,,,1769,0,20,SEP25,1978,
55620264,"Perekhozhev, Artem",FID,M,,,,1493,0,40,SEP25,2013,i
24216836,"Petrov, Maksim",FID,M,,,,1735,0,20,SEP25,2003,
13506897,"Petrushkevich, Maxim",FID,M,,,,1929,0,20,SEP25,1998,i
356101642,"Pileggi, Henrique",FID,M,,,,1645,0,20,SEP25,2004,
115111386,"Pillos, Romnick",FID,M,,,,AFM,1711,0,SEP25,1988,i
3500497,"Pina, Ulises",FID,M,FM,,,2257,0,20,SEP25,1965,
371112275,"Pinsker, Omer",FID,M,,,,ACM,1512,36,SEP25,2011,
13506927,"Plekhava, Irina",FID,F,,,,1729,0,20,SEP25,1997,wi
34106917,"Pleshkov, Mikhail",FID,M,,,,1943,0,20,SEP25,1967,i
34340637,"Plotnikov, Aleksandr M",FID,M,,,,1676,13,20,SEP25,1988,
34446230,"Polevoy, Yusuf",FID,M,,,,1732,11,40,SEP25,2012,
13500090,"Poley, Vladimir",FID,M,IM,LSI,,2311,11,10,SEP25,1965,
13518313,"Poliakova, Varvara",FID,F,WFM,WFM,,2027,0,20,SEP25,2005,w
55658466,"Popenkova, Varvara",FID,F,,,,1805,0,40,SEP25,2011,w
55691110,"Popov, Aleksandr And",FID,M,,,,1721,0,40,SEP25,2014,
34137910,"Popov, Konstantin",FID,M,IM,,,2384,0,20,SEP25,2005,
55665519,"Popov, Yaroslav",FID,M,,,,1490,0,40,SEP25,2014,i
34450734,"Popova, Kira",FID,F,,,,1489,0,40,SEP25,2012,wi
13500295,"Popova, Natalija",FID,F,WIM,WIM,,2176,0,20,SEP25,1976,wi
24269115,"Potapenko, Nikita",FID,M,,,,1956,0,40,SEP25,2008,
55731279,"Potapov, Maksim Vl.",FID,M,,,,ACM,1679,0,SEP25,1986,i
13532529,"Poukh, Pavel",FID,M,,,,1819,0,40,SEP25,2015,
4168968,"Pozdnjakov, Viatcheslav",FID,M,FM,,,2184,0,20,SEP25,1988,i
146243602,"Prasad, Abhishek",FID,M,,,,ACM,1454,0,SEP25,1980,i
34449515,"Predein, Oleg",FID,M,,,,1467,15,40,SEP25,2013,
132105417,"Preena, Thariq",FID,M,,,,AIM,1551,0,SEP25,2010,
34270566,"Preobrazhenskaya, Diana",FID,F,WFM,WFM,,2091,32,40,SEP25,2011,w
522014187,"Pripa, Svyatoslav",FID,M,,,,1733,0,40,SEP25,2007,i
55685498,"Prokhorenko, Yaroslav",FID,M,,,,1905,0,40,SEP25,2013,
34394273,"Prokhorov, Aleksey",FID,M,FM,,,2269,0,40,SEP25,2010,
24105589,"Prokhorov, Ivan",FID,M,,,,2189,0,20,SEP25,1988,i
34465928,"Prokhorov, Ivan",FID,M,,,,1914,13,40,SEP25,2013,
24257885,"Prokudin, Igor",FID,M,,,,1738,0,40,SEP25,2008,i
4125487,"Pronin, Vladimir",FID,M,,,,1930,0,20,SEP25,1962,i
24292443,"Putinceva, Marina",FID,F,,,,1739,0,40,SEP25,2007,wi
44148402,"Putrenko, Kirill",FID,M,FM,,,2224,10,20,SEP25,2006,
10303138,"Puvvala, Hitesh",FID,M,,,,1609,0,20,SEP25,2006,i
11203684,"Qais, Mohammed",FID,M,,,,1658,0,20,SEP25,1983,i
4192362,"Radchenko, Alexey",FID,M,FM,,,2251,0,20,SEP25,1987,
34209026,"Radionenko, Gleb",FID,M,,,,1765,0,40,SEP25,2011,
4103203,"Raetsky, Alexander",FID,M,GM,FT,,2175,0,10,SEP25,1961,
358105417,"Rafailidis, Petros",FID,M,,,,AFM,1459,0,SEP25,1967,
4173708,"Rakhmanov, Aleksandr",FID,M,GM,FT,,2534,9,10,SEP25,1989,
74600389,"Ramchandani, Yash",FID,M,,,,1467,0,20,SEP25,2000,i
129057855,"Ramores, Rafael Jay",FID,M,,,,AFM,1562,0,SEP25,1983,i
44144504,"Rasaev, Stanislav",FID,M,,,,AFM,1524,0,SEP25,2004,
146105375,"Rashed Alawadhi, Abdullah",FID,M,,,,AFM,1568,0,SEP25,2009,i
132105210,"Rathnayake, R M Nivein Yethmin",FID,M,,,,AFM,1524,0,SEP25,2014,
13530119,"Razhnou, Lev",FID,M,,,,1799,0,40,SEP25,2013,
13534831,"Razhnova, Aryna",FID,F,,,,1485,0,40,SEP25,2011,w
55673260,"Razumovskiy, Platon",FID,M,,,,1910,8,40,SEP25,2013,
10303189,Renit Joy,FID,M,,,,1629,0,20,SEP25,1984,i
11203277,"Reybuenan, Juanito",FID,M,,,,1599,0,20,SEP25,1972,i
55722733,"Reznikov, Andrey",FID,M,,,,1574,0,40,SEP25,2013,
132104349,"Rimzan, Malik",FID,M,,,,AFM,1635,0,SEP25,2009,
34371710,"Riskin, Grigory",FID,M,,,,1600,8,40,SEP25,2009,
3500390,"Rivera, Alberto",FID,M,IM,,,2196,22,20,SEP25,1957,
396215933,"Rochin, Roberto",FID,M,,,,AFM,1881,0,SEP25,1984,
55701124,"Rogachev, Aleksandr Ser",FID,M,,,,1425,0,40,SEP25,2013,i
115105226,"Romarate, Geronimo",FID,M,,,,1620,0,20,SEP25,1975,
396111302,"Romero Avalos, Victor Manuel",FID,M,,,,ACM,1586,0,SEP25,2001,
13519778,"Rudnev, Andrei",FID,M,,,,2292,0,40,SEP25,2009,
345111570,"Ruiz Plazas, Jesus Maria",FID,M,,,,1593,0,20,SEP25,1973,
34273050,"Rumyantsev, Semen",FID,M,CM,,,2329,22,20,SEP25,2010,
13536303,"Rybak, Sofya",FID,F,,,,1406,0,40,SEP25,2016,w
3502686,"Sadas Borges, Omar",FID,M,,,,2242,0,20,SEP25,1960,i
342105256,"Sadek, Mohamed",FID,M,,,,1559,11,40,SEP25,2008,
4155840,"Sadovsky, Artem",FID,M,IM,,,2315,0,10,SEP25,1996,
24113590,"Sadykov, Ramil",FID,M,FM,,,2245,0,10,SEP25,1994,i
6364802,"Safarli, Aykhan",FID,M,,,,1908,0,20,SEP25,1989,i
24148253,"Safonov, Artyom",FID,M,,,,1935,0,20,SEP25,1992,
24253146,"Safronov, Grigoriy",FID,M,,,,1869,0,40,SEP25,2009,
13519204,"Sagalovich, Yakov",FID,M,,,,1779,0,40,SEP25,2008,i
13516337,"Sakalou, Aliaksandr",FID,M,,,,1876,0,20,SEP25,1998,
34168670,"Sakovich, Luka",FID,M,,,,1895,0,20,SEP25,2005,
13527444,"Sakun, Darya",FID,F,,,,1656,0,40,SEP25,2011,w
115104532,"Salinas, John Miller P.",FID,M,,,,AIM,1711,0,SEP25,1986,i
13527827,"Saliuk, Aliaksandr",FID,M,,,,1638,0,40,SEP25,2010,
55621252,"Sanches-Shananin, Adrian",FID,M,,,,2145,0,40,SEP25,2012,
332243811,"Sanchez Aristizabal, Juan Manuel",FID,M,,,,1736,0,20,SEP25,1981,i
129057837,"Sang, Lehan",FID,F,,,,1412,0,40,SEP25,2010,wi
340105186,"Santana Martinez, Carlos Alberto",FID,M,,,,ACM,1818,14,SEP25,1990,
10303219,"Santos, Rachel Susan",FID,F,,,,1489,0,20,SEP25,2005,wi
13523058,"Saprykava, Hanna",FID,F,,,,1523,0,40,SEP25,2010,w
7002688,"Sasaki, Yu",FID,M,,,,1885,0,20,SEP25,1992,i
13517384,"Sauchanks, Aliaksandra",FID,F,,,,1986,0,20,SEP25,1990,wi
55675077,"Savchenko, Matvey",FID,M,,,,2103,22,40,SEP25,2010,
13511823,"Savelyev, Ilya",FID,M,,,,1813,0,20,SEP25,1999,i
115109735,"Sazon, Jerieby",FID,M,,,,AFM,1706,0,SEP25,1994,
34356266,"Scheglov, Gleb",FID,M,FM,,,2236,0,40,SEP25,2010,
24177830,"Schekachikhin, Maksim",FID,M,IM,,,2345,0,20,SEP25,1998,i
55718868,"Schoenleben, Kristofer",FID,M,,,,1900,0,40,SEP25,2015,
306101573,"Sebastiao, Vladimir Edson Paim",FID,M,,,,1523,0,20,SEP25,1979,
55683649,"Segodnyaeva, Alexandra",FID,F,,,,1542,0,40,SEP25,2015,w
208112134,"Sehi, Constant",FID,M,,,,ACM,1606,0,SEP25,1999,
54126738,"Seleznev, Mikhail V.",FID,M,,,,1878,0,20,SEP25,2000,
34127388,"Selezneva, Ekaterina",FID,F,,,,1796,0,20,SEP25,2003,wi
44148690,"Selivanov, Andrei",FID,M,,,,1677,0,20,SEP25,1967,i
366096045,"SELVAGANDHI, ROHIT",FID,M,,,,ACM,1574,0,SEP25,1994,
55889034,"Semak, Semen",FID,M,,,,1573,0,20,SEP25,2005,i
44150660,"Semenov, Lev",FID,M,,,,AIM,1756,0,SEP25,2006,i
308105339,"Sequera, Neuman",FID,M,,,,ACM,1562,7,SEP25,1977,
34493921,"Serebriakov, Sergei",FID,M,,,,1552,0,20,SEP25,2006,
13526634,"Sevastsyanchuk, Anastasiya",FID,F,,,,1643,7,40,SEP25,2013,w
4156781,"Sevostianov, Pavel",FID,M,IM,,,2297,0,20,SEP25,1967,i
34155632,"Seyed Jarrahi, Omid",FID,M,IM,FT,,2352,0,20,SEP25,1979,i
13517082,"Shaban, Aliaksandra",FID,F,,,,1789,0,20,SEP25,2006,w
124111536,"Shabanov, Sergei",FID,M,,,,1480,0,40,SEP25,2015,i
55686311,"Shabanova, Mariya",FID,F,,,,1536,9,40,SEP25,2013,w
13520245,"Shablyka, Andrei",FID,M,,,,1558,0,20,SEP25,1988,i
34260102,"Shadyev, Damir",FID,M,,,,2003,11,40,SEP25,2008,
13519212,"Shahazizyan, Milena",FID,F,,,,1662,0,40,SEP25,2007,w
34310452,"Shaiduko, Sergei",FID,M,,,,1842,0,20,SEP25,1987,
13530917,"Shakhnovich, Uladzislau",FID,M,,,,1640,0,20,SEP25,1998,
522018581,"Shakhova, Mariya",FID,F,,,,1513,17,40,SEP25,2014,w
366131108,"Shakti, Rajan",FID,M,,,,1651,0,20,SEP25,1988,i
10302646,"Shamsulhoque, Belal",FID,M,,,,1824,0,20,SEP25,1970,i
74600257,"Shanmugam, Sri Kandha",FID,M,,,,1673,0,20,SEP25,2000,i
34103055,"Shchukina, Ekaterina",FID,F,,,,1655,0,20,SEP25,1993,wi
24106160,"Shendrik, Zhanna",FID,F,WCM,WCM,,1903,0,20,SEP25,1991,wi
55744125,"Shepel, Alexander",FID,M,,,,1635,0,40,SEP25,2015,
124107990,"Sheredeko, Egor",FID,M,,,,AIM,1570,0,SEP25,2003,i
34166383,"Shestakova, Ekaterina",FID,F,,,,1913,0,20,SEP25,2004,w
24244481,"Shevtsov, Semen",FID,M,,,,1470,0,40,SEP25,2007,
34473580,"Shimanskaia, Tatiana",FID,F,,,,1736,24,40,SEP25,2011,w
34489274,"Shinkorenko, Ivan Al",FID,M,,,,2130,77,40,SEP25,2011,
4151933,"Shkapenko, Pavel",FID,M,IM,,,2375,0,10,SEP25,1983,
55882013,"Shmelev, Daniil",FID,M,,,,1622,0,20,SEP25,1996,i
55653537,"Shogdzhiev, Roman",FID,M,IM,,,2354,11,10,SEP25,2015,
34167061,"Shoshin, Kirill",FID,M,FM,,,2139,0,20,SEP25,2005,i
13531182,"Shrubok, Herman",FID,M,,,,1732,11,40,SEP25,2014,
4135326,"Shtivelband, Dmitry",FID,M,,,,1991,0,20,SEP25,1957,i
34275797,"Shturman, Arseniy",FID,M,FM,,,2129,0,40,SEP25,2007,
44124040,"Shubenkova, Veronika",FID,F,WFM,WFM,,2012,0,40,SEP25,2007,w
34119962,"Shubin, Kirill",FID,M,IM,,,2421,13,10,SEP25,2003,
54180058,"Shukhman, Anna",FID,F,WGM,WGM,,2204,0,20,SEP25,2009,w
4187237,"Shuvalov, Evgenij",FID,M,,,,2140,0,20,SEP25,1986,
24171760,"Shuvalova, Polina",FID,F,IM,WGM,,2399,0,10,SEP25,2001,w
13527100,"Sidorenja, Radion",FID,M,,,,1960,0,40,SEP25,2011,
13535994,"Sienko, Alisa",FID,F,,,,1431,3,40,SEP25,2015,w
311111220,"Singh, Prabhraj",FID,M,,,,1474,0,20,SEP25,2002,
74600303,"Singh, Shiven",FID,M,,,,1492,0,20,SEP25,2004,i
146242454,"Singh, Yuvraj",FID,M,,,,1830,0,20,SEP25,1981,i
66605377,"Singh, Ziana",FID,F,,,,1587,7,40,SEP25,2011,w
13512269,"Siniauski, Artsiom",FID,M,FM,,,2179,0,20,SEP25,2006,
34488928,"Siryak, Dmitry",FID,M,,,,AGM,1853,0,SEP25,1971,
13520989,"Sitnikov, Arseni",FID,M,,,,1549,0,40,SEP25,2009,i
331104475,"Siu, Tsz Hin",FID,M,,,,1566,0,40,SEP25,2013,
13531719,"Sivko, Lev",FID,M,,,,1621,0,40,SEP25,2013,
55784453,"Sivkova, Ekaterina Ser",FID,F,,,,1581,0,40,SEP25,2016,w
13520580,"Skamaroshchanka, Daryia",FID,F,,,,1687,0,40,SEP25,2011,w
55730230,"Sklokin, Sergey",FID,M,FM,,,2110,0,40,SEP25,2013,
2333996,"Skou, Niels Kristian",FID,M,,,,1620,0,20,SEP25,1968,
55738613,"Slashchev, Nikita",FID,M,,,,1775,8,40,SEP25,2013,
34429646,"Slavskii, Sergei",FID,M,,,,1727,0,20,SEP25,1995,i
34142913,"Slugin, Yaroslav",FID,M,,,,2104,0,20,SEP25,2003,i
4110943,"Smirnova, Ekaterina",FID,F,WIM,WIM,,1942,10,20,SEP25,1996,w
55698476,"Smirnova, Oksana Andr",FID,F,,,,1710,10,40,SEP25,2014,w
34414983,"Smirnova, Polina A",FID,F,WFM,WFM,,1864,11,40,SEP25,2011,w
34492496,"Smirnova, Viktoria A",FID,F,,,,1709,0,40,SEP25,2013,w
13515802,"Smolyak, Viktorya",FID,F,,,,1612,0,20,SEP25,2001,wi
55768008,"Sobolev, Lev Yu.",FID,M,,,,2102,0,40,SEP25,2014,
34180580,"Sokolov, Egor",FID,M,,,,1633,0,40,SEP25,2007,i
30913314,"Solorio Valderrama, Noe",FID,M,,,,1901,0,20,SEP25,1950,
55726461,"Sorochkin, Roman",FID,M,,,,1887,0,40,SEP25,2013,
55833349,"Sorokin, Andrei Yu.",FID,M,,,,1597,9,40,SEP25,1967,
54600936,"Sretl, Vito",FID,M,,,,1558,0,20,SEP25,2000,i
395104813,"STERPU, CRISTIAN",FID,M,,,,AFM,1697,9,SEP25,1998,
356094575,"Stojadinovic, Predrag",FID,M,,,,ACM,1601,6,SEP25,1977,
13515659,"Stribuk, Artiom",FID,M,IM,,,2385,11,10,SEP25,2007,
320110438,"Stukach, Ilya",FID,M,,,,1435,0,20,SEP25,1990,
34394907,"Suleymanov, Askhab",FID,M,,,,1662,0,40,SEP25,2012,
34334114,"Suslov, Dmitrii",FID,M,CM,,,2028,20,40,SEP25,2008,
24102610,"Svetlov, Dmitry",FID,M,IM,,,2348,0,10,SEP25,1993,i
4102142,"Svidler, Peter",FID,M,GM,,,2687,9,10,SEP25,1976,
4114060,"Sychev, Klementy",FID,M,GM,,,2568,0,10,SEP25,1996,i
54163625,"Tabermakova, Leila",FID,F,WFM,WFM,,1929,11,40,SEP25,2009,w
345278986,"Taborda Cembalo, Luciano",FID,M,,,,AFM,1776,0,SEP25,1979,i
540004171,"Talibov, Ismail",FID,M,,,,1539,0,40,SEP25,2016,
66201292,"Tam, Felix Gregoire Yun Fei",FID,M,,,,1593,0,40,SEP25,2007,
34272690,"Tambovskii, Kirill",FID,M,,,,2135,11,40,SEP25,2009,
34356231,"Taran, Egor A",FID,M,,,,1879,11,40,SEP25,2008,
368180362,"Tautkus, David",FID,M,,,,1710,0,20,SEP25,2002,i
73001279,"Tavcar, Jaka",FID,M,,,,1488,0,20,SEP25,2005,i
4199731,"Tekeyev, Zaur",FID,M,IM,,,2378,15,10,SEP25,1995,
34357904,"Temirbekov, Taimaz",FID,M,FM,,,2357,0,20,SEP25,2011,
6338526,"Temishov, Nurbek",FID,M,,,,1876,0,20,SEP25,1986,i
34279202,"Ter-Abramyan, Aleksandr",FID,M,,,,1883,15,40,SEP25,2012,
55626580,"Teremkov, Vladimir Al",FID,M,,,,1842,9,40,SEP25,2013,
34389890,"Tereshchenko, Eliza",FID,F,,,,1823,0,40,SEP25,2012,w
34389903,"Tereshchenko, Eva",FID,F,,,,1962,0,40,SEP25,2010,w
522007725,"Terleev, Mikhail",FID,M,,,,1501,0,40,SEP25,2016,i
13505076,"Terzi, Alexei",FID,M,FM,,,2172,0,20,SEP25,1997,i
132105373,"Thanikeasan, Soruban",FID,M,,,,1414,0,40,SEP25,2013,
146243390,"Thoovanoor, Venugopal",FID,M,,,,1495,0,20,SEP25,1975,i
379112440,"Ti, Alexandr",FID,M,,,,AIM,1608,9,SEP25,2000,
392105002,"Tiali, Aymane Bouzaidi",FID,M,,,,1620,0,20,SEP25,2003,i
13530224,"Timoshenko, Anton",FID,M,,,,2073,0,40,SEP25,2009,
24249238,"Timoshin, Maxim",FID,M,FM,,,2380,26,20,SEP25,2007,
55859313,"Tishchenko, Sergei",FID,M,,,,1401,0,40,SEP25,2014,
24149659,"Tkachev, Taras",FID,M,,,,2048,0,20,SEP25,1995,i
24267376,"Tolstykh, Viktor",FID,M,,,,2033,46,40,SEP25,2010,
3505014,"Torres Sigler, Ariel",FID,M,,,,2141,0,20,SEP25,1973,
13532847,Trafimchuk Tsikhan,FID,M,,,,1663,0,40,SEP25,2014,
34358978,"Tregubenko, Nikolay",FID,M,FM,,,2244,44,40,SEP25,2010,
55701469,"Tregubenko, Vladimir Fed",FID,M,,,,1514,0,40,SEP25,2013,
55683592,"Tretyakova, Valeriya",FID,F,,,,1446,0,40,SEP25,2014,w
11203412,"Tripathi, Praveen",FID,M,,,,1687,0,20,SEP25,1982,i
6342043,"Trofimov, Stanislav",FID,M,,,,1824,0,20,SEP25,1989,i
148110310,"Tsarehorodtsev, Vitalii",FID,M,,,,1623,22,40,SEP25,2008,
13511173,"Tsaruk, Maksim",FID,M,IM,,,2476,0,10,SEP25,2005,
4153901,"Tsepennikova, Tatiana",FID,F,WFM,WFM,,1954,11,20,SEP25,1971,w
55771998,"Tsepilov, Artem Den",FID,M,,,,2104,11,40,SEP25,2015,
13513672,"Tsesler, Yakau",FID,M,,,,1818,0,20,SEP25,2006,i
24194697,"Tsoi, Dmitry",FID,M,FM,,,2360,0,10,SEP25,2004,
54108802,"Tsoi, Matvey",FID,M,,,,1804,0,20,SEP25,2004,i
34139360,"Tsvetkov, Andrey",FID,M,IM,,,2403,11,10,SEP25,2005,
24104515,"Tsydendambaev, Artur",FID,M,,,,2041,0,20,SEP25,1990,
4192745,"Turbin, Yaroslav",FID,M,,,,2046,0,20,SEP25,1983,i
44130112,"Tyurin, Artem",FID,M,IM,,,2187,0,20,SEP25,2006,
356285272,"Tzanis, Armantos",FID,M,,,,AFM,1679,0,SEP25,1988,i
132105248,"Udan, Achintha",FID,M,,,,1555,0,20,SEP25,2006,
13505629,"Ulasevich, Sergei",FID,M,FM,,,2124,0,20,SEP25,1991,i
34119741,"Usacheva, Glafira",FID,F,WFM,WFM,NA,2000,0,20,SEP25,2003,w
34254854,"Uskov, Artem",FID,M,GM,,,2532,0,10,SEP25,2010,
24140848,"Utiatskaja, Irina",FID,F,WIM,WIM,FI,1954,0,20,SEP25,1996,w
124104620,"Vaitkus, Igor",FID,M,,,,1659,0,20,SEP25,2005,i
177104990,"Valentine, Cedric",FID,M,,,,1534,0,40,SEP25,2011,
55740111,"Valiev, Denis",FID,M,,,,1802,0,40,SEP25,2015,
134105283,"Vardi, Ilan",FID,M,,,,1841,0,20,SEP25,1957,
148111086,"Varlashkin, Ihor",FID,M,,,,ACM,1672,0,SEP25,1976,i
44114745,"Vartanian, Spartak",FID,M,,,,1947,0,20,SEP25,1985,i
34283510,"Vasilkov, Nikolay",FID,M,FM,,,1990,0,40,SEP25,2011,
55604048,"Vasilyev, Bulat",FID,M,,,,1922,0,40,SEP25,2010,i
24254746,"Vasiukov, Arkadii",FID,M,,,,AFM,1975,0,SEP25,2003,i
13516620,"Vaskanian, Arsen",FID,M,,,,AIM,1653,0,SEP25,1983,i
906832,"Vebic, Kasem",FID,M,FM,,,2045,0,20,SEP25,1958,i
332105299,"Velez Loaiza, Tomas",FID,M,,,,1456,0,40,SEP25,2010,i
13523503,"Venskaya, Nika",FID,F,WCM,WCM,,2019,18,40,SEP25,2012,w
34268677,"Vershinin, Kirill",FID,M,,,,1910,10,40,SEP25,2009,
44144474,"Vetokhin, Savva",FID,M,GM,,,2483,0,10,SEP25,2009,
34473025,"Vishtal, Olga An",FID,F,,,,1589,0,40,SEP25,2013,w
13531204,"Vitsiuk, Aleksandra",FID,F,,,,1535,0,40,SEP25,2015,w
13528998,"Vitsiuk, Anton",FID,M,,,,1968,0,40,SEP25,2011,
34384529,"Vlashchenko, Ilya",FID,M,,,,1499,0,40,SEP25,2013,
34384510,"Vlashchenko, Ivan",FID,M,,,,1596,0,40,SEP25,2011,
34370730,"Vlasova, Mariya N",FID,F,WFM,WFM,,2010,10,40,SEP25,2010,w
54113067,"Vlasova, Olesia",FID,F,WFM,WFM,,2162,11,40,SEP25,2008,w
4103360,"Vlassov, Nikolai",FID,M,IM,,,2316,10,10,SEP25,1965,
351104481,"Vohra, Ankit",FID,M,,,,1697,0,20,SEP25,1998,
54104408,"Volchkova, Alena",FID,F,,,,1899,13,40,SEP25,2008,w
55698581,"Volkova, Nadezhda Vlad",FID,F,,,,1646,11,40,SEP25,2015,w
522018883,"Volkova, Varvara",FID,F,,,,1637,0,40,SEP25,2017,w
24239607,"Voloshkin, Daniil",FID,M,,,,2254,0,20,SEP25,2007,
54600987,"Voncina, Vasja",FID,M,,,,1746,0,20,SEP25,1998,i
34254978,"Voronaya, Eva",FID,F,,,,1639,0,40,SEP25,2010,wi
24130613,"Voronkov, Denis",FID,M,,,,1992,0,20,SEP25,1991,i
34461663,"Voroshilov, Roman",FID,M,,,,2033,6,40,SEP25,2012,
522006338,"Vorozhtsov, Ilya Art",FID,M,,,,1695,0,40,SEP25,2011,
148111148,"Vulpi, Iefym",FID,M,,,,1864,0,20,SEP25,1990,i
362200092,"Wagner, Alexander",FID,M,,DI,,1623,0,20,SEP25,1972,i
132104438,"Weerasekara, Reshmitha Deshan",FID,M,,,,AFM,1588,0,SEP25,2002,
123111157,"Weideman, Janko",FID,M,,,,1435,0,40,SEP25,2012,i
407380,"White, Michael J R",FID,M,FM,,,2198,0,20,SEP25,1982,i
123104608,"Whittaker, Gregory",FID,M,,,,ACM,1513,0,SEP25,1974,
356095142,"Wilhelmi, Dirk",FID,M,,,,ACM,1891,0,SEP25,1964,i
137105320,"Wilhelmsson, Andre",FID,M,,,,ACM,1639,0,SEP25,1995,
6109438,"Worl, Eric",FID,M,,,,1863,0,20,SEP25,1961,i
356094931,"Wuensch, Aurel",FID,M,,,,1724,0,20,SEP25,1986,i
63100568,"Xie, Wendi",FID,M,,,,1484,0,40,SEP25,2007,i
540036901,"Yablonskiy, Dmitriy",FID,M,,,,1627,0,40,SEP25,2016,
34356657,"Yagutian, Gaiane",FID,F,,,,1441,0,40,SEP25,2012,w
34196070,"Yagutian, Mariya",FID,F,,,,1840,0,20,SEP25,2005,w
24141917,"Yakimenko, Alexander A.",FID,M,,,,2140,0,20,SEP25,1952,i
34188859,"Yakimova, Mariya",FID,F,WFM,WFM,,2183,11,20,SEP25,2005,w
55786383,"Yakubov, Imran",FID,M,,,,1402,0,40,SEP25,2012,i
10302662,"Yarrapragada, Sri",FID,M,,,,1510,0,20,SEP25,1987,i
4157826,"Yatzenko, Anton",FID,M,,,,2185,11,10,SEP25,1982,
11203528,"Yerramilli, Srikrishna",FID,M,,,,1704,0,20,SEP25,2000,i
13504983,"Yezhel, Valiantsin",FID,M,FM,,,2099,0,20,SEP25,1997,
10303090,"Youssef, Ahmed Mohamed",FID,M,,,,1871,0,20,SEP25,1983,i
115111770,"Yray, Castelgandolfo",FID,M,,,,AFM,1870,0,SEP25,1985,
55861679,"Yudina, Agata",FID,F,,,,1429,0,40,SEP25,2016,w
55643175,"Yuldashev, Samir",FID,M,,,,1829,28,40,SEP25,2013,
4142640,"Yun, Svetomir",FID,M,,,,1822,0,20,SEP25,1993,
129057739,"Yung, Allan",FID,M,,,,1677,0,20,SEP25,1969,i
55724353,"Yunker, Alisa Genrietta",FID,F,WFM,WFM,,2114,61,40,SEP25,2014,w
55786286,"Yunker, German",FID,M,,,,1877,32,40,SEP25,2017,
55617603,"Yurasov, Matfey",FID,M,FM,,,2332,19,10,SEP25,2012,
55722849,"Zabelin, Platon",FID,M,,,,1999,15,40,SEP25,2014,
55631274,"Zagrebnev, Anton",FID,M,,,,1597,0,20,SEP25,1988,i
34337091,"Zaikina, Yuliya",FID,F,,,,1807,11,40,SEP25,2009,w
14121018,"Zakharova, Evgeniya",FID,F,,,,1817,0,20,SEP25,1992,w
4115333,"Zakhartsov, Viacheslav V.",FID,M,GM,,,2403,15,10,SEP25,1968,
34351906,"Zavivaeva, Angelina",FID,F,,,,1692,0,40,SEP25,2013,w
34351914,"Zavivaeva, Kristina",FID,F,WCM,WCM,,1806,11,40,SEP25,2013,w
3503224,"Zayas, Michel",FID,M,,,,2109,0,20,SEP25,1970,i
13512617,"Zeliantsova, Kseniya",FID,F,WFM,WFM,,2127,0,20,SEP25,2005,w
55694381,"Zhabinskii, Fedor",FID,M,,,,1422,0,40,SEP25,2013,i
331105374,"Zhao, Haoyi Kyle",FID,M,,,,1801,0,40,SEP25,2015,
24278670,"Zhapova, Yana",FID,F,FM,WGM,,1991,0,40,SEP25,2008,w
55783562,"Zharkov, Daniil",FID,M,,,,1902,0,40,SEP25,2012,
55678300,"Zherzdev, Mikhail",FID,M,,,,1801,11,40,SEP25,2012,
24157503,"Zhileykin, Andrey",FID,M,,,,2089,0,20,SEP25,1998,i
13508334,"Zhuk, Dmitriy",FID,M,,,,1643,0,20,SEP25,1970,i
13508342,"Zhuk, Ivan",FID,M,,,,2029,12,20,SEP25,1999,
13535579,"Zhuk, Kiryl",FID,M,,,,1753,0,40,SEP25,2015,
34187534,"Zhukov, Anton",FID,M,FM,,,2166,0,20,SEP25,2004,
13527690,"Zhukov, Roman",FID,M,,,,1858,0,40,SEP25,2011,
13540548,"Zhukovich, Stanislau",FID,M,,,,1542,0,40,SEP25,2010,
54113075,"Zhurova, Anna",FID,F,WFM,WFM,,2174,25,20,SEP25,2005,w
24114944,"Zinchenko, Anatoly",FID,M,,,,1821,12,20,SEP25,1989,
54199239,"Ziuzginov, Alexander",FID,M,,,,AFM,1942,0,SEP25,1984,
4190009,"Zolotukhin, Valery",FID,M,FM,,,2053,0,20,SEP25,1986,
34372962,"Zorenko, Ivan A",FID,M,,,,1543,0,40,SEP25,2011,i
13519310,"Zubkovskaya, Ekaterina",FID,F,WCM,WCM,,1680,0,40,SEP25,2010,w
4181247,"Zubritskiy, Artyom",FID,M,IM,,,2442,0,10,SEP25,1990,
146243353,"Zulfiquar, Ahad",FID,M,,,,1532,0,20,SEP25,1982,i
24250775,"Zverev, Lev",FID,M,IM,,,2418,0,10,SEP25,2010,
36088773,"Zverev-Rodriguez, Vassily",FID,M,,,,1971,11,40,SEP25,2007,
34177741,"Zvereva, Margarita",FID,F,WFM,WFM,,1879,0,20,SEP25,2006,wi