[
  {
    "ID Number": "7803567"
  },
  {
    "ID Number": "7810776"
  },
  {
    "ID Number": "7806221"
  },
  {
    "ID Number": "7815581"
  },
  {
    "ID Number": "7815921"
  },
  {
    "ID Number": "7809204"
  },
  {
    "ID Number": "7809603"
  },
  {
    "ID Number": "7804458"
  },
  {
    "ID Number": "7818556"
  },
  {
    "ID Number": "7801793"
  },
  {
    "ID Number": "7810156"
  },
  {
    "ID Number": "7813465"
  },
  {
    "ID Number": "7823193"
  },
  {
    "ID Number": "7809352"
  },
  {
    "ID Number": "7819820"
  },
  {
    "ID Number": "7809212"
  },
  {
    "ID Number": "7814909"
  },
  {
    "ID Number": "7817045"
  },
  {
    "ID Number": "7825668"
  },
  {
    "ID Number": "7802188"
  },
  {
    "ID Number": "7829469"
  },
  {
    "ID Number": "7811292"
  },
  {
    "ID Number": "7801939"
  },
  {
    "ID Number": "7805667"
  },
  {
    "ID Number": "7801742"
  },
  {
    "ID Number": "7800126"
  },
  {
    "ID Number": "7800185"
  },
  {
    "ID Number": "7820828"
  },
  {
    "ID Number": "7808216"
  },
  {
    "ID Number": "7806086"
  },
  {
    "ID Number": "7800762"
  },
  {
    "ID Number": "7800096"
  },
  {
    "ID Number": "7829965"
  },
  {
    "ID Number": "7802846"
  },
  {
    "ID Number": "7800347"
  },
  {
    "ID Number": "7802897"
  },
  {
    "ID Number": "7806051"
  },
  {
    "ID Number": "7802331"
  },
  {
    "ID Number": "7804229"
  },
  {
    "ID Number": "7801785"
  },
  {
    "ID Number": "7810881"
  },
  {
    "ID Number": "7800053"
  },
  {
    "ID Number": "7804768"
  },
  {
    "ID Number": "7827636"
  },
  {
    "ID Number": "7804466"
  },
  {
    "ID Number": "7816332"
  },
  {
    "ID Number": "7833253"
  },
  {
    "ID Number": "111105003"
  },
  {
    "ID Number": "7807465"
  },
  {
    "ID Number": "7801262"
  },
  {
    "ID Number": "7815590"
  },
  {
    "ID Number": "7818076"
  },
  {
    "ID Number": "7809395"
  },
  {
    "ID Number": "7801530"
  },
  {
    "ID Number": "7801769"
  },
  {
    "ID Number": "7808615"
  },
  {
    "ID Number": "7807872"
  },
  {
    "ID Number": "7801041"
  },
  {
    "ID Number": "7808518"
  },
  {
    "ID Number": "7822391"
  },
  {
    "ID Number": "7811420"
  },
  {
    "ID Number": "7811446"
  },
  {
    "ID Number": "7802285"
  },
  {
    "ID Number": "7809310"
  },
  {
    "ID Number": "7807880"
  },
  {
    "ID Number": "7825692"
  },
  {
    "ID Number": "7826249"
  },
  {
    "ID Number": "7804725"
  },
  {
    "ID Number": "7817690"
  },
  {
    "ID Number": "7822910"
  },
  {
    "ID Number": "7824696"
  },
  {
    "ID Number": "7810350"
  },
  {
    "ID Number": "7801416"
  },
  {
    "ID Number": "7800711"
  },
  {
    "ID Number": "7800029"
  },
  {
    "ID Number": "7800363"
  },
  {
    "ID Number": "7800169"
  },
  {
    "ID Number": "7800045"
  },
  {
    "ID Number": "7834489"
  },
  {
    "ID Number": "7808089"
  },
  {
    "ID Number": "7817037"
  },
  {
    "ID Number": "7800061"
  },
  {
    "ID Number": "7810229"
  },
  {
    "ID Number": "7806515"
  },
  {
    "ID Number": "7802714"
  },
  {
    "ID Number": "7828829"
  },
  {
    "ID Number": "7835760"
  },
  {
    "ID Number": "7806264"
  },
  {
    "ID Number": "7801750"
  },
  {
    "ID Number": "7809379"
  },
  {
    "ID Number": "7800932"
  },
  {
    "ID Number": "7804903"
  },
  {
    "ID Number": "7809514"
  },
  {
    "ID Number": "7812906"
  },
  {
    "ID Number": "7801203"
  },
  {
    "ID Number": "7830513"
  },
  {
    "ID Number": "7809980"
  },
  {
    "ID Number": "7821816"
  },
  {
    "ID Number": "7800142"
  },
  {
    "ID Number": "7800940"
  },
  {
    "ID Number": "7814852"
  },
  {
    "ID Number": "7801653"
  },
  {
    "ID Number": "7800983"
  },
  {
    "ID Number": "111230155"
  },
  {
    "ID Number": "7810822"
  },
  {
    "ID Number": "7827962"
  },
  {
    "ID Number": "7800274"
  },
  {
    "ID Number": "7804911"
  },
  {
    "ID Number": "7802064"
  },
  {
    "ID Number": "7803990"
  },
  {
    "ID Number": "7826907"
  },
  {
    "ID Number": "7808844"
  },
  {
    "ID Number": "7808151"
  },
  {
    "ID Number": "7803192"
  },
  {
    "ID Number": "7828802"
  },
  {
    "ID Number": "7802650"
  },
  {
    "ID Number": "7821441"
  },
  {
    "ID Number": "7821662"
  },
  {
    "ID Number": "7834969"
  },
  {
    "ID Number": "7808860"
  },
  {
    "ID Number": "7822170"
  },
  {
    "ID Number": "36084719"
  },
  {
    "ID Number": "7830670"
  },
  {
    "ID Number": "7836929"
  },
  {
    "ID Number": "7809360"
  },
  {
    "ID Number": "7802633"
  },
  {
    "ID Number": "7809328"
  },
  {
    "ID Number": "7810865"
  },
  {
    "ID Number": "7806272"
  },
  {
    "ID Number": "7802439"
  },
  {
    "ID Number": "7800134"
  },
  {
    "ID Number": "7806280"
  },
  {
    "ID Number": "7809638"
  },
  {
    "ID Number": "7802030"
  },
  {
    "ID Number": "7811624"
  },
  {
    "ID Number": "7811632"
  },
  {
    "ID Number": "7809476"
  },
  {
    "ID Number": "7804091"
  },
  {
    "ID Number": "7821271"
  },
  {
    "ID Number": "7801211"
  },
  {
    "ID Number": "7802293"
  },
  {
    "ID Number": "7802315"
  },
  {
    "ID Number": "7808364"
  },
  {
    "ID Number": "7808500"
  },
  {
    "ID Number": "7808372"
  },
  {
    "ID Number": "7802366"
  },
  {
    "ID Number": "7805705"
  },
  {
    "ID Number": "7810148"
  },
  {
    "ID Number": "7804423"
  },
  {
    "ID Number": "7811659"
  },
  {
    "ID Number": "7817142"
  },
  {
    "ID Number": "7804822"
  },
  {
    "ID Number": "7818335"
  },
  {
    "ID Number": "7804890"
  },
  {
    "ID Number": "7808038"
  },
  {
    "ID Number": "7806159"
  },
  {
    "ID Number": "7814372"
  },
  {
    "ID Number": "7805713"
  },
  {
    "ID Number": "7804490"
  },
  {
    "ID Number": "7806973"
  },
  {
    "ID Number": "7806400"
  },
  {
    "ID Number": "7801025"
  },
  {
    "ID Number": "7801106"
  },
  {
    "ID Number": "7800541"
  },
  {
    "ID Number": "46638709"
  },
  {
    "ID Number": "7800118"
  },
  {
    "ID Number": "7807341"
  },
  {
    "ID Number": "7836716"
  },
  {
    "ID Number": "7807058"
  },
  {
    "ID Number": "7817886"
  },
  {
    "ID Number": "7818424"
  },
  {
    "ID Number": "7800010"
  },
  {
    "ID Number": "7804261"
  },
  {
    "ID Number": "7800240"
  },
  {
    "ID Number": "7803710"
  },
  {
    "ID Number": "7800258"
  },
  {
    "ID Number": "7807937"
  },
  {
    "ID Number": "7801866"
  },
  {
    "ID Number": "7801130"
  },
  {
    "ID Number": "7826842"
  },
  {
    "ID Number": "7800908"
  },
  {
    "ID Number": "7801998"
  },
  {
    "ID Number": "7832850"
  },
  {
    "ID Number": "7801394"
  },
  {
    "ID Number": "7806230"
  },
  {
    "ID Number": "7809026"
  },
  {
    "ID Number": "7801068"
  },
  {
    "ID Number": "7817380"
  },
  {
    "ID Number": "7818106"
  },
  {
    "ID Number": "7809387"
  },
  {
    "ID Number": "7808070"
  },
  {
    "ID Number": "7800037"
  },
  {
    "ID Number": "7809859"
  },
  {
    "ID Number": "7809824"
  },
  {
    "ID Number": "7800070"
  },
  {
    "ID Number": "7819129"
  },
  {
    "ID Number": "7805225"
  },
  {
    "ID Number": "7819676"
  },
  {
    "ID Number": "7815808"
  },
  {
    "ID Number": "7801114"
  },
  {
    "ID Number": "7805241"
  },
  {
    "ID Number": "7806299"
  },
  {
    "ID Number": "7821344"
  },
  {
    "ID Number": "7803265"
  },
  {
    "ID Number": "7804202"
  },
  {
    "ID Number": "7825145"
  },
  {
    "ID Number": "7828314"
  },
  {
    "ID Number": "7838492"
  },
  {
    "ID Number": "7806795"
  },
  {
    "ID Number": "7821395"
  },
  {
    "ID Number": "7800150"
  },
  {
    "ID Number": "7810261"
  },
  {
    "ID Number": "7820470"
  },
  {
    "ID Number": "7807732"
  },
  {
    "ID Number": "7807317"
  },
  {
    "ID Number": "7811829"
  },
  {
    "ID Number": "7803770"
  },
  {
    "ID Number": "7811837"
  },
  {
    "ID Number": "7801831"
  },
  {
    "ID Number": "7802080"
  },
  {
    "ID Number": "7815247"
  },
  {
    "ID Number": "7818360"
  },
  {
    "ID Number": "7811861"
  },
  {
    "ID Number": "7802072"
  },
  {
    "ID Number": "7804237"
  },
  {
    "ID Number": "7811870"
  },
  {
    "ID Number": "7802269"
  },
  {
    "ID Number": "7814860"
  },
  {
    "ID Number": "9021353"
  },
  {
    "ID Number": "7801190"
  },
  {
    "ID Number": "7809689"
  },
  {
    "ID Number": "7801408"
  },
  {
    "ID Number": "7802021"
  },
  {
    "ID Number": "7825161"
  },
  {
    "ID Number": "7825749"
  },
  {
    "ID Number": "7809000"
  },
  {
    "ID Number": "7829698"
  },
  {
    "ID Number": "7808429"
  },
  {
    "ID Number": "7833130"
  },
  {
    "ID Number": "7811900"
  },
  {
    "ID Number": "7804920"
  },
  {
    "ID Number": "7814780"
  },
  {
    "ID Number": "7801858"
  },
  {
    "ID Number": "7805756"
  },
  {
    "ID Number": "7818793"
  },
  {
    "ID Number": "7802250"
  },
  {
    "ID Number": "7802595"
  },
  {
    "ID Number": "7821247"
  },
  {
    "ID Number": "7839723"
  },
  {
    "ID Number": "7819412"
  },
  {
    "ID Number": "7820577"
  },
  {
    "ID Number": "7836562"
  },
  {
    "ID Number": "7805551"
  },
  {
    "ID Number": "7807953"
  },
  {
    "ID Number": "7801556"
  },
  {
    "ID Number": "7803125"
  },
  {
    "ID Number": "7814666"
  },
  {
    "ID Number": "7819161"
  },
  {
    "ID Number": "7834926"
  },
  {
    "ID Number": "7817410"
  },
  {
    "ID Number": "7804881"
  },
  {
    "ID Number": "7817312"
  },
  {
    "ID Number": "7802277"
  },
  {
    "ID Number": "7808984"
  },
  {
    "ID Number": "7810270"
  },
  {
    "ID Number": "7811985"
  },
  {
    "ID Number": "7831200"
  },
  {
    "ID Number": "7809034"
  },
  {
    "ID Number": "7801351"
  },
  {
    "ID Number": "7825528"
  },
  {
    "ID Number": "7824670"
  },
  {
    "ID Number": "7803877"
  },
  {
    "ID Number": "7809832"
  },
  {
    "ID Number": "7816618"
  },
  {
    "ID Number": "7833318"
  },
  {
    "ID Number": "7816154"
  },
  {
    "ID Number": "7812027"
  },
  {
    "ID Number": "7803516"
  },
  {
    "ID Number": "7817401"
  },
  {
    "ID Number": "7801718"
  },
  {
    "ID Number": "7802170"
  },
  {
    "ID Number": "7807759"
  },
  {
    "ID Number": "7801777"
  },
  {
    "ID Number": "7804806"
  },
  {
    "ID Number": "7817169"
  },
  {
    "ID Number": "7810814"
  },
  {
    "ID Number": "7803486"
  },
  {
    "ID Number": "7808674"
  },
  {
    "ID Number": "7809077"
  },
  {
    "ID Number": "7804857"
  },
  {
    "ID Number": "7810733"
  },
  {
    "ID Number": "7803257"
  },
  {
    "ID Number": "7832940"
  },
  {
    "ID Number": "7807775"
  },
  {
    "ID Number": "7800193"
  },
  {
    "ID Number": "7817665"
  },
  {
    "ID Number": "7803400"
  },
  {
    "ID Number": "7805586"
  },
  {
    "ID Number": "7800592"
  },
  {
    "ID Number": "7800967"
  },
  {
    "ID Number": "7818491"
  },
  {
    "ID Number": "7818300"
  },
  {
    "ID Number": "7811926"
  },
  {
    "ID Number": "7812019"
  },
  {
    "ID Number": "7824742"
  },
  {
    "ID Number": "7807490"
  },
  {
    "ID Number": "7817703"
  },
  {
    "ID Number": "7809417"
  },
  {
    "ID Number": "7809336"
  },
  {
    "ID Number": "7801297"
  },
  {
    "ID Number": "7803800"
  },
  {
    "ID Number": "7827555"
  },
  {
    "ID Number": "7830343"
  },
  {
    "ID Number": "7801807"
  },
  {
    "ID Number": "7802552"
  },
  {
    "ID Number": "7807961"
  },
  {
    "ID Number": "7813830"
  },
  {
    "ID Number": "7810237"
  },
  {
    "ID Number": "7801564"
  },
  {
    "ID Number": "7802129"
  },
  {
    "ID Number": "7821719"
  },
  {
    "ID Number": "7833792"
  },
  {
    "ID Number": "7801386"
  },
  {
    "ID Number": "7802056"
  },
  {
    "ID Number": "7820860"
  },
  {
    "ID Number": "7817231"
  },
  {
    "ID Number": "9021345"
  },
  {
    "ID Number": "7809557"
  },
  {
    "ID Number": "7820500"
  },
  {
    "ID Number": "7809409"
  },
  {
    "ID Number": "7804253"
  },
  {
    "ID Number": "7803338"
  },
  {
    "ID Number": "7818521"
  },
  {
    "ID Number": "7825390"
  },
  {
    "ID Number": "7802773"
  },
  {
    "ID Number": "7817010"
  },
  {
    "ID Number": "7815263"
  },
  {
    "ID Number": "7817371"
  },
  {
    "ID Number": "7801050"
  },
  {
    "ID Number": "7835914"
  },
  {
    "ID Number": "7812191"
  },
  {
    "ID Number": "7802900"
  },
  {
    "ID Number": "7803419"
  },
  {
    "ID Number": "7805578"
  },
  {
    "ID Number": "7818483"
  },
  {
    "ID Number": "7807384"
  },
  {
    "ID Number": "7807392"
  },
  {
    "ID Number": "7807007"
  },
  {
    "ID Number": "7812205"
  },
  {
    "ID Number": "7801220"
  },
  {
    "ID Number": "7801360"
  },
  {
    "ID Number": "7801700"
  },
  {
    "ID Number": "7833520"
  },
  {
    "ID Number": "7835752"
  },
  {
    "ID Number": "7810431"
  },
  {
    "ID Number": "7808623"
  },
  {
    "ID Number": "7808283"
  },
  {
    "ID Number": "7810695"
  },
  {
    "ID Number": "7800266"
  },
  {
    "ID Number": "7818432"
  },
  {
    "ID Number": "7832710"
  },
  {
    "ID Number": "7804172"
  },
  {
    "ID Number": "7820810"
  },
  {
    "ID Number": "7802480"
  },
  {
    "ID Number": "7802676"
  },
  {
    "ID Number": "7809751"
  },
  {
    "ID Number": "7800533"
  },
  {
    "ID Number": "7802692"
  },
  {
    "ID Number": "7812248"
  },
  {
    "ID Number": "7818670"
  },
  {
    "ID Number": "7818092"
  },
  {
    "ID Number": "7820925"
  },
  {
    "ID Number": "7806345"
  },
  {
    "ID Number": "7826036"
  },
  {
    "ID Number": "7816499"
  },
  {
    "ID Number": "7803176"
  },
  {
    "ID Number": "7805136"
  },
  {
    "ID Number": "7817290"
  },
  {
    "ID Number": "7809450"
  },
  {
    "ID Number": "7803443"
  },
  {
    "ID Number": "7803230"
  },
  {
    "ID Number": "7820020"
  },
  {
    "ID Number": "7812272"
  },
  {
    "ID Number": "7807210"
  },
  {
    "ID Number": "7800207"
  },
  {
    "ID Number": "7800177"
  },
  {
    "ID Number": "7811187"
  },
  {
    "ID Number": "7808640"
  },
  {
    "ID Number": "7805853"
  },
  {
    "ID Number": "7801726"
  },
  {
    "ID Number": "7817428"
  },
  {
    "ID Number": "7802323"
  },
  {
    "ID Number": "7810830"
  },
  {
    "ID Number": "7802765"
  },
  {
    "ID Number": "7800088"
  },
  {
    "ID Number": "7801300"
  },
  {
    "ID Number": "7806990"
  },
  {
    "ID Number": "7814569"
  },
  {
    "ID Number": "7804938"
  },
  {
    "ID Number": "7818017"
  },
  {
    "ID Number": "7828390"
  },
  {
    "ID Number": "7828705"
  },
  {
    "ID Number": "7800215"
  },
  {
    "ID Number": "7809301"
  },
  {
    "ID Number": "7809298"
  },
  {
    "ID Number": "7806922"
  },
  {
    "ID Number": "7807678"
  },
  {
    "ID Number": "7800517"
  },
  {
    "ID Number": "7800495"
  },
  {
    "ID Number": "7824920"
  },
  {
    "ID Number": "7804946"
  },
  {
    "ID Number": "7817762"
  },
  {
    "ID Number": "7815930"
  },
  {
    "ID Number": "7801076"
  },
  {
    "ID Number": "7801467"
  },
  {
    "ID Number": "7818181"
  },
  {
    "ID Number": "7817967"
  },
  {
    "ID Number": "7834284"
  },
  {
    "ID Number": "7818157"
  },
  {
    "ID Number": "7832141"
  },
  {
    "ID Number": "7802242"
  },
  {
    "ID Number": "7818645"
  },
  {
    "ID Number": "7810873"
  },
  {
    "ID Number": "7823940"
  },
  {
    "ID Number": "7818211"
  },
  {
    "ID Number": "7809344"
  },
  {
    "ID Number": "7820453"
  },
  {
    "ID Number": "7827776"
  },
  {
    "ID Number": "7822456"
  },
  {
    "ID Number": "7812337"
  },
  {
    "ID Number": "7800770"
  },
  {
    "ID Number": "7802110"
  },
  {
    "ID Number": "7801424"
  },
  {
    "ID Number": "7826044"
  },
  {
    "ID Number": "7802048"
  },
  {
    "ID Number": "7806540"
  },
  {
    "ID Number": "7804199"
  },
  {
    "ID Number": "7819692"
  },
  {
    "ID Number": "7802560"
  },
  {
    "ID Number": "7819218"
  },
  {
    "ID Number": "7809271"
  },
  {
    "ID Number": "7801157"
  },
  {
    "ID Number": "7807562"
  },
  {
    "ID Number": "7800223"
  },
  {
    "ID Number": "7808267"
  },
  {
    "ID Number": "7800509"
  },
  {
    "ID Number": "7800371"
  },
  {
    "ID Number": "7802005"
  },
  {
    "ID Number": "7807201"
  },
  {
    "ID Number": "7801270"
  },
  {
    "ID Number": "7826184"
  },
  {
    "ID Number": "7836740"
  },
  {
    "ID Number": "7821468"
  },
  {
    "ID Number": "7800231"
  },
  {
    "ID Number": "7816448"
  },
  {
    "ID Number": "7801254"
  },
  {
    "ID Number": "7804210"
  },
  {
    "ID Number": "7825986"
  },
  {
    "ID Number": "7806108"
  },
  {
    "ID Number": "7826109"
  },
  {
    "ID Number": "7800100"
  },
  {
    "ID Number": "7800282"
  },
  {
    "ID Number": "7812744"
  },
  {
    "ID Number": "7812507"
  },
  {
    "ID Number": "7800746"
  },
  {
    "ID Number": "7817223"
  },
  {
    "ID Number": "7800398"
  },
  {
    "ID Number": "7801033"
  },
  {
    "ID Number": "7822200"
  }
]