[
  {
    "ID Number": "17800013",
    "Name": "Adeshole Beckley, Brian",
    "Fed": "SLE",
    "Sex": "M",
    "Title": "",
    "WTit": "",
    "OTit": "",
    "Rating": "1696",
    "Gms": "0",
    "K": "20",
    "RatingMonth": "AUG25",
    "B-day": "1987",
    "Flag": ""
  },
  {
    "ID Number": "17800030",
    "Name": "Agbaje, Samzu.o.h.",
    "Fed": "SLE",
    "Sex": "M",
    "Title": "",
    "WTit": "",
    "OTit": "",
    "Rating": "1730",
    "Gms": "0",
    "K": "20",
    "RatingMonth": "AUG25",
    "B-day": "1987",
    "Flag": ""
  },
  {
    "ID Number": "17800323",
    "Name": "Bangura, Hussain Dauda",
    "Fed": "SLE",
    "Sex": "M",
    "Title": "",
    "WTit": "",
    "OTit": "",
    "Rating": "1627",
    "Gms": "0",
    "K": "40",
    "RatingMonth": "AUG25",
    "B-day": "2004",
    "Flag": ""
  },
  {
    "ID Number": "17800340",
    "Name": "Bangura, Kabba Anthony",
    "Fed": "SLE",
    "Sex": "M",
    "Title": "",
    "WTit": "",
    "OTit": "",
    "Rating": "1795",
    "Gms": "0",
    "K": "40",
    "RatingMonth": "AUG25",
    "B-day": "1998",
    "Flag": ""
  },
  {
    "ID Number": "17800781",
    "Name": "Bockarie, Peter",
    "Fed": "SLE",
    "Sex": "M",
    "Title": "",
    "WTit": "",
    "OTit": "",
    "Rating": "1578",
    "Gms": "0",
    "K": "40",
    "RatingMonth": "AUG25",
    "B-day": "2001",
    "Flag": ""
  },
  {
    "ID Number": "17800358",
    "Name": "Boyle, Sonia",
    "Fed": "SLE",
    "Sex": "F",
    "Title": "",
    "WTit": "",
    "OTit": "",
    "Rating": "1517",
    "Gms": "0",
    "K": "40",
    "RatingMonth": "AUG25",
    "B-day": "1991",
    "Flag": "w"
  },
  {
    "ID Number": "17801001",
    "Name": "Cole, Jonathan Adeyemi",
    "Fed": "SLE",
    "Sex": "M",
    "Title": "",
    "WTit": "",
    "OTit": "",
    "Rating": "1584",
    "Gms": "0",
    "K": "40",
    "RatingMonth": "AUG25",
    "B-day": "2006",
    "Flag": ""
  },
  {
    "ID Number": "17800250",
    "Name": "Conteh, Moses Ina Ebenezer",
    "Fed": "SLE",
    "Sex": "M",
    "Title": "",
    "WTit": "",
    "OTit": "",
    "Rating": "1631",
    "Gms": "0",
    "K": "40",
    "RatingMonth": "AUG25",
    "B-day": "2006",
    "Flag": ""
  },
  {
    "ID Number": "1622218",
    "Name": "Kamara, Ansumana",
    "Fed": "SLE",
    "Sex": "M",
    "Title": "CM",
    "WTit": "SI",
    "OTit": "",
    "Rating": "1933",
    "Gms": "0",
    "K": "20",
    "RatingMonth": "AUG25",
    "B-day": "1973",
    "Flag": ""
  },
  {
    "ID Number": "17800587",
    "Name": "Lavalie, Abdul Amara",
    "Fed": "SLE",
    "Sex": "M",
    "Title": "",
    "WTit": "",
    "OTit": "",
    "Rating": "1594",
    "Gms": "0",
    "K": "40",
    "RatingMonth": "AUG25",
    "B-day": "2003",
    "Flag": ""
  },
  {
    "ID Number": "17800498",
    "Name": "Mohamed Dumbuya",
    "Fed": "SLE",
    "Sex": "M",
    "Title": "",
    "WTit": "",
    "OTit": "",
    "Rating": "1571",
    "Gms": "0",
    "K": "40",
    "RatingMonth": "AUG25",
    "B-day": "1994",
    "Flag": ""
  },
  {
    "ID Number": "17800153",
    "Name": "Samuel Kamara",
    "Fed": "SLE",
    "Sex": "M",
    "Title": "",
    "WTit": "",
    "OTit": "",
    "Rating": "1637",
    "Gms": "0",
    "K": "40",
    "RatingMonth": "AUG25",
    "B-day": "1989",
    "Flag": "i"
  },
  {
    "ID Number": "17800544",
    "Name": "Sebastian, Antic",
    "Fed": "SLE",
    "Sex": "M",
    "Title": "",
    "WTit": "",
    "OTit": "",
    "Rating": "1726",
    "Gms": "0",
    "K": "40",
    "RatingMonth": "AUG25",
    "B-day": "1998",
    "Flag": ""
  },
  {
    "ID Number": "17800897",
    "Name": "Swaray, Alusine",
    "Fed": "SLE",
    "Sex": "M",
    "Title": "",
    "WTit": "",
    "OTit": "",
    "Rating": "1613",
    "Gms": "0",
    "K": "40",
    "RatingMonth": "AUG25",
    "B-day": "2002",
    "Flag": ""
  },
  {
    "ID Number": "17800560",
    "Name": "Tarawallie, Issa Peter",
    "Fed": "SLE",
    "Sex": "M",
    "Title": "",
    "WTit": "",
    "OTit": "",
    "Rating": "1657",
    "Gms": "0",
    "K": "40",
    "RatingMonth": "AUG25",
    "B-day": "2005",
    "Flag": ""
  },
  {
    "ID Number": "17800196",
    "Name": "Tenequee, Saa Joseph",
    "Fed": "SLE",
    "Sex": "M",
    "Title": "",
    "WTit": "",
    "OTit": "",
    "Rating": "1707",
    "Gms": "0",
    "K": "40",
    "RatingMonth": "AUG25",
    "B-day": "1996",
    "Flag": ""
  },
  {
    "ID Number": "17800269",
    "Name": "Toronka, Abdul Rahman",
    "Fed": "SLE",
    "Sex": "M",
    "Title": "",
    "WTit": "",
    "OTit": "",
    "Rating": "1506",
    "Gms": "0",
    "K": "40",
    "RatingMonth": "AUG25",
    "B-day": "1983",
    "Flag": ""
  },
  {
    "ID Number": "17800048",
    "Name": "Winston Gerald, Mansfield Thomas",
    "Fed": "SLE",
    "Sex": "M",
    "Title": "",
    "WTit": "",
    "OTit": "",
    "Rating": "1913",
    "Gms": "0",
    "K": "20",
    "RatingMonth": "AUG25",
    "B-day": "1963",
    "Flag": ""
  }
]