ID Number,Name,Fed,Sex,Title,WTit,OTit,Rating,Gms,K,RatingMonth,B-day,Flag
8535299,"AARON, Ikechi Anderson",NGR,M,,,,1830,2,40,SEP25,2005,
8536392,"AARON, Israel Boluwatife",NGR,M,,,,1756,0,40,SEP25,2001,
8540411,"ABANUM, Oghenetega Conrad",NGR,M,,,,1708,0,40,SEP25,1992,
8540489,"ABASI, Destiny Woinmietei",NGR,M,,,,1640,0,40,SEP25,2005,
8519633,"ABATURE, George Fidelis",NGR,M,,,,1919,0,40,SEP25,1985,
8518866,ABDULAZEEZ AMIDU,NGR,M,,,,1649,0,40,SEP25,2004,
8539340,"ABDULGANIYU, Afeez Olarewaju",NGR,M,,,,1947,0,40,SEP25,2004,
8516197,Abdullahi Adam Aremu,NGR,M,,,,1770,0,40,SEP25,2000,
8508623,"ABDULLAHI, Adamu",NGR,M,,,,1939,0,40,SEP25,2001,i
8524009,"ABDULLAHI, Sani",NGR,M,,,,1724,0,40,SEP25,1991,
8504563,"ABDULRAHEEM, Abdulrahman Akintoye",NGR,M,FM,,,2196,0,20,SEP25,1993,
8511748,Abdulrasheed Ayuba,NGR,M,,,,1792,0,40,SEP25,1996,
8516189,Abdulsalam Azeezat,NGR,F,,,,1736,0,40,SEP25,2002,w
8511691,"ABDUSSALAM, Abdussalam",NGR,M,,,,1872,0,40,SEP25,1999,i
8514089,"ABDUSSALAM, Mardhiyyah Kehinde",NGR,F,,NA,,1715,0,40,SEP25,1986,w
8524548,"ABEDO, Samuel Ogirima",NGR,M,,,,1860,0,40,SEP25,1993,
8533571,"ABIFARIN, Feranmi Oluwakamiye",NGR,M,,,,1676,0,40,SEP25,2009,
8514780,ABIODUN SAMUEL YOMI,NGR,M,,SI,,1668,0,40,SEP25,1992,
8511144,ABIODUN SHONIBARE,NGR,M,,,,1698,0,20,SEP25,1990,i
8530530,"ABIODUN, Bashit",NGR,M,,,,1538,2,40,SEP25,2010,
8550662,"ABIODUN, Roqeeb Olalekan",NGR,M,,,,1690,0,40,SEP25,2003,
8508364,"ABIOLA, Teniola",NGR,M,,,,2035,0,20,SEP25,1997,
8548374,"ABIRI, Iyanuoluwa Victor",NGR,M,,,,1841,0,40,SEP25,2001,
8514445,"ABISOYE, Precious Oluwaseyi",NGR,M,,,,1779,0,40,SEP25,2000,i
8523762,"ABYEM, Afa Joseph",NGR,M,,,,1772,5,40,SEP25,1984,
8521832,"ACHIKEH, Chinedu Austin",NGR,M,,,,1951,0,40,SEP25,1977,i
8536465,"ACHIR, David",NGR,M,,,,1702,0,40,SEP25,2006,
8509697,"ADAMU, Adeshola",NGR,M,,,,1907,0,20,SEP25,1999,
8508801,"ADARAMAJA, Temitope",NGR,F,,,,1774,0,20,SEP25,2004,w
8526567,"ADARJU, Ijai",NGR,F,,,,1687,0,40,SEP25,2012,w
8518904,ADEBANJO DANIEL OLUWATOMISIN,NGR,M,,,,1701,0,40,SEP25,2003,
8514100,ADEBAYO Abiodun Emmanuel,NGR,M,,,,1746,0,20,SEP25,1972,i
8505470,ADEBAYO AKINNIYI DAMOLA,NGR,M,,,,1994,0,20,SEP25,1985,i
8547076,"ADEBAYO, Aliyyah Ololade",NGR,F,,,,1695,0,40,SEP25,2004,w
8501017,"Adebayo, Doris Omonigho Tubolayifa",NGR,F,,,,1789,0,20,SEP25,1976,wi
8530157,"ADEBOWALE, Adedayo Akinade",NGR,M,,,,1620,0,40,SEP25,1988,
8536929,"ADEBOYE, Stephen Oluwaferanmi",NGR,M,,,,1728,0,40,SEP25,2005,i
8514410,Adedapo-Martins inioluwa,NGR,M,,,,1798,0,20,SEP25,2000,i
8518912,ADEDEJI MICHAEL OLAMIDE,NGR,M,,,,2079,0,40,SEP25,2003,
8500371,"Adedeji, Adekola",NGR,M,,,,2002,0,20,SEP25,1979,i
8530521,"ADEDEJI, Kayode Samson",NGR,M,,,,1597,0,40,SEP25,1974,
8508992,"ADEFILA, Hammed",NGR,M,,,,1794,0,20,SEP25,1983,
8508607,"ADEGBIE, Adesoji Anthony",NGR,M,,LSI,,1777,0,40,SEP25,1987,i
8515832,"ADEGBOLA, Oluwatomisin Dorcas",NGR,F,,,,1690,0,40,SEP25,1999,w
8528896,"ADEGOKE, Samad",NGR,M,,,,1563,2,40,SEP25,2016,
8501572,"ADEGUN, Oladipupo",NGR,M,,SI,,1869,0,20,SEP25,1989,
8503672,"ADEJOH, Joshua",NGR,M,,,,2148,6,20,SEP25,1989,
8522987,"ADEKANYE, Adejuwon Arif",NGR,M,,,,1671,0,40,SEP25,2012,
8503680,"Adelaja, Adewale",NGR,M,,,,1940,0,20,SEP25,0,i
8503699,"Adelakun, Adewale",NGR,M,,,,2045,0,20,SEP25,0,i
8512787,Adeleke Ajibola Ridwan,NGR,M,,,,1804,0,40,SEP25,2005,i
8506302,Adelugba Oluwaseun,NGR,M,,,,1938,0,20,SEP25,1991,i
8508461,Ademosu Oladipupo Adeniyi,NGR,M,,,,1848,0,20,SEP25,1997,i
8500339,"Adeniji, Adebayo",NGR,M,,,,1842,0,20,SEP25,0,i
8506477,"Adeniji, Omolola Idowu",NGR,F,,SI,,1867,0,20,SEP25,1985,wi
8559104,"ADENIYI, Favour Oluwagbotemi",NGR,M,,,,1915,0,40,SEP25,2003,
8548811,Adeogun marvelous,NGR,M,,,,1865,0,40,SEP25,2002,
8514380,"ADEPOJU, Anuoluwayimika",NGR,F,,,,1732,0,40,SEP25,2012,wi
8514399,"ADEPOJU, Ayomide Adeshina",NGR,M,,,,1810,0,40,SEP25,2009,i
8501238,"Adesina, Adeyinka",NGR,M,FM,,,2169,0,20,SEP25,1981,i
8513368,"ADESINA, Ayomide Ibukun",NGR,M,,,,1855,0,20,SEP25,1998,
8503613,"Adetona, Oluwaseun",NGR,M,,,,1876,0,20,SEP25,1976,i
8510717,"ADETULA, Opeyemi",NGR,M,,,,1833,0,20,SEP25,1989,
8502544,"Adewole, Adeyinka Samuel",NGR,M,,"SI,IO",,1949,0,20,SEP25,1973,
8538042,"ADEYELURE, Adekunle",NGR,M,,,,1835,0,40,SEP25,1981,i
8510792,"ADEYEMI, Ayodeji Oluwafemi",NGR,M,,,,1714,0,40,SEP25,2000,
8511233,"Adeyemi, Ayomiposi",NGR,F,,,,1527,1,40,SEP25,2008,w
8507732,"ADEYEMI, Ayoyemi Wuraola",NGR,F,,,,1609,0,40,SEP25,2002,w
8544336,"ADEYEMI, Oluwadamilare Samuel",NGR,M,,,,1561,0,40,SEP25,1999,
8505489,"ADEYEMO, Abiola Ajibola",NGR,M,,,,1958,0,40,SEP25,1983,
8543542,"ADEYINKA, Abayomi Alabi",NGR,M,,,,1541,0,40,SEP25,1997,
8518343,ADEYINKA-AFOLABI KARMIEL A OLAKUNLE,NGR,M,,,,1739,0,40,SEP25,2016,i
8521271,"ADOGA, Eche Christopher",NGR,M,,,,1864,0,40,SEP25,1987,
8545596,"ADU, Adeoluwa Daniel",NGR,M,,,,1725,0,40,SEP25,2003,
8500258,"ADU, Oladapo",NGR,M,IM,SI,,2330,0,20,SEP25,1971,
8542228,"ADU, Samuel Aakinwonuola",NGR,M,,,,1553,0,40,SEP25,2010,
8514801,"AFAM, Ndidi Ernest",NGR,M,,,,2036,0,20,SEP25,1998,
8522499,"AFIOLORUN, Abiola",NGR,M,,,,1815,0,40,SEP25,1999,
8511470,"AFOLABI, Emmanuel",NGR,M,,,,2037,0,20,SEP25,2004,
8538166,"AFOLABI, Opeyemi Ezekiel",NGR,M,,,,1810,0,40,SEP25,1989,i
8512310,"AGAJERE, Ovuezirie Darlton",NGR,M,,,,1950,0,20,SEP25,1987,
8528578,"AGANRAN, Aliu",NGR,M,,,,1848,0,40,SEP25,1997,i
8517894,"AGBAKOBA, Onyeka Martins",NGR,M,,,,1779,1,40,SEP25,2005,
8540250,"AGBARA, Peter Goodluck",NGR,M,,,,1729,0,40,SEP25,2010,
8514356,"AGBAZUE, Miracle Obiamakachukwu",NGR,F,,,,1785,0,20,SEP25,2004,w
8556237,"AGBELUSI, Kehinde Olamide",NGR,M,,,,1696,0,40,SEP25,1999,
8540454,"AGBO, Lovelyn Ikpane",NGR,F,,,,1737,3,40,SEP25,2006,w
8515859,"AGBOOLA, Elijah Ayomide",NGR,M,,,,1887,4,40,SEP25,2004,
8500720,"Agu, Uche",NGR,M,,,,1984,0,20,SEP25,1979,i
8513899,"AGUSIONU, Adaeze Zita",NGR,F,,,,1638,0,40,SEP25,2015,w
8513880,"AGUSIONU, Chimaobi Kevin",NGR,M,,,,1768,0,40,SEP25,2013,
8503737,"Agusto, Olaonikpekun",NGR,M,,,,1934,0,20,SEP25,0,
8539472,"AGWOM, Abi Manu",NGR,F,,,,1767,6,40,SEP25,2006,w
8532001,"AIGBEKAEN, Effort Osawaru",NGR,M,,,,1936,0,40,SEP25,2001,i
8500240,"AIKHOJE, Odion",NGR,M,IM,,,2278,0,20,SEP25,1971,
8527741,"AILUELOHIA, Stanley",NGR,M,,,,1872,0,40,SEP25,1976,i
8514143,"AINA, Alexander Olayinka",NGR,M,,,,1796,0,20,SEP25,2000,i
8536210,"AIYEBO, Elisha Evangelis",NGR,M,,,,1782,0,40,SEP25,2000,
8527563,"AJALA, Samuel",NGR,M,,,,1740,0,40,SEP25,2000,
8512353,"AJANWACHUKWU, Eunice",NGR,F,,,,1811,0,40,SEP25,2000,w
8508569,"AJAO, Lukman Shobalaje",NGR,M,,,,1557,0,40,SEP25,1962,
8505853,Ajayi Ayokanmi,NGR,F,,,,1750,0,20,SEP25,1983,wi
8509727,Ajayi Emmanuel,NGR,M,,,,1759,0,40,SEP25,1996,
8534780,"AJAYI, Praise Oluwadara",NGR,M,,,,1830,0,40,SEP25,2004,i
8502994,"Ajele, Rotimi",NGR,M,,,,2123,0,20,SEP25,1973,i
8531102,"AJIBOLA, Jafar Oladimeji",NGR,M,,,,1819,0,40,SEP25,2005,i
8504393,"Ajibowo, Olamide",NGR,M,,,,2087,0,20,SEP25,0,i
8500444,"Ajibowo, Olamide Patrick",NGR,M,FM,,,2122,0,20,SEP25,1977,i
8518785,AJIEH Ebenezer Osamudiamen,NGR,M,,,,1856,0,40,SEP25,1998,
8556342,"AJISAFE, Olaoluwakintan Daniel",NGR,M,,,,1593,0,40,SEP25,1994,
8519641,"AJUBA, Vasia",NGR,M,,,,1913,4,20,SEP25,1991,
8509743,"AJUH, John",NGR,M,,,,1926,0,40,SEP25,2001,
8501769,"AJUMOBI, Samuel Oluwaseyi",NGR,M,,,,1940,0,20,SEP25,1973,i
8505497,AKAGHA TOCHUKWU,NGR,M,,,,2109,0,20,SEP25,1987,i
8510458,"AKAHOME, John Okoida",NGR,M,,,,1786,0,20,SEP25,1987,
8506329,"AKAN, Okan",NGR,M,,,,1800,2,20,SEP25,1983,
8506337,Akande Temitope,NGR,M,,,,2135,0,20,SEP25,1997,i
8537950,"AKANDE, AbdulAzeez Taiwo",NGR,M,,,,1826,0,40,SEP25,1979,
8543682,"AKANGBE, Lateef Omobamidele",NGR,M,,,,1496,0,40,SEP25,2000,
8535574,"AKHAGBEME, Matthew",NGR,M,,,,1794,0,40,SEP25,1986,
8507104,Akhamie Paul,NGR,M,,NA,,1791,0,40,SEP25,1993,i
8529345,"AKHAMIE, Fidelis",NGR,M,,,,1713,0,40,SEP25,2004,i
8511381,"AKINBODEWA, Adebayo",NGR,M,,,,1822,0,20,SEP25,2004,
8501777,"Akindayini, Olumide",NGR,M,,"SI,NA",,1615,0,40,SEP25,1993,
8500886,"Akinola, Olufunmilayo",NGR,F,,,,1850,0,20,SEP25,1982,wi
8518823,"AKINROGUNDE, Clinton",NGR,M,,,,1923,0,40,SEP25,2006,i
8518831,"AKINROGUNDE, Divine",NGR,M,,,,1767,0,40,SEP25,2012,i
8524505,"AKINROTIMI, Emmanuel Oluwaseyi",NGR,M,,,,1749,0,40,SEP25,1999,
8503010,"AKINSEYE, Abiola Daniel",NGR,M,FM,,,2150,0,20,SEP25,1989,i
8504458,"AKINSEYE, Akinleye",NGR,M,CM,,,1772,6,40,SEP25,1977,
8508100,"AKINSEYE, Oladotun",NGR,M,,,,2045,0,20,SEP25,1990,
8512795,"AKINSEYE, Olawole Akintade",NGR,M,,,,1782,3,20,SEP25,1980,
8550760,"AKINSODE, Oladimeji Olalekan",NGR,M,,,,1575,2,40,SEP25,1994,
8507333,Akintunde babayemi,NGR,M,,,,2006,0,20,SEP25,1979,i
8501793,"AKINWAMIDE, Oluwadamilare",NGR,M,,,,2181,0,20,SEP25,1987,
8515778,"AKINYEMI, David Olalekan",NGR,M,,,,1814,0,20,SEP25,2003,
8514119,"AKOMAKA, Apollos",NGR,M,,,,1857,0,20,SEP25,1973,
8559740,"AKPOMIE, Dafe Paul",NGR,M,,,,1680,5,40,SEP25,1991,
8515808,"AKPORHERHE, Blessing Bayo",NGR,M,,,,2043,5,20,SEP25,1998,
21510768,"Akrasi, Itoro",NGR,M,,,,1763,0,20,SEP25,1980,i
8526389,"AL-HAKEEM, Sadiq",NGR,M,,,,1697,0,40,SEP25,1992,
8576238,ALABI Olumide Favour,NGR,M,,,,1651,5,40,SEP25,2004,
8574200,"ALABI, Olawale Ogie",NGR,M,,,,1591,0,40,SEP25,2007,
8552088,"ALADE, John Adeniyi",NGR,M,,,,1688,0,40,SEP25,1998,
8511993,"ALAGOA, Ayebaenemibarakere Domo",NGR,M,,,,2152,0,20,SEP25,2006,
8512000,"ALAGOA, Ngonabo Domo",NGR,M,,,,1912,0,20,SEP25,1995,
8509034,"ALALIBO, Krama",NGR,M,,,,2113,0,20,SEP25,1978,i
8513490,ALAMU KOLADE ADIGUN,NGR,M,,,,1796,0,40,SEP25,2004,i
8516103,Alayo Fortune,NGR,M,,,,1769,4,40,SEP25,2000,
8505519,"ALEGBE, Stephen Seun",NGR,M,,,,1776,0,20,SEP25,1989,i
8506051,ALI JOSHUA,NGR,M,,,,1794,0,40,SEP25,1962,
8510660,"AMA, David",NGR,M,,,,1854,0,40,SEP25,1995,
8510652,"AMA, Ikechukwu Chinedu",NGR,M,,,,1873,0,40,SEP25,1993,
8503052,"AMABIPI, Martins",NGR,M,,,,1888,0,20,SEP25,1983,i
8522944,"AMBORE, Jonathan Tiko",NGR,M,,,,1890,0,40,SEP25,2003,
8515581,"AMENAGHAWON, Osamudiamen",NGR,M,,,,1656,0,40,SEP25,2006,
8512990,"AMINU, Ojo Yusuf",NGR,M,,,,1878,0,40,SEP25,1970,i
8511438,Amos Edidiong Godwin,NGR,M,,,,1779,0,40,SEP25,1992,i
8524742,"AMOS, Danbeye David",NGR,M,,,,1784,0,40,SEP25,2002,i
8535728,"AMOS, Ray Ediongsenyene",NGR,M,,,,1613,0,40,SEP25,2010,
8518149,"AMUSA, Wasiu",NGR,M,,,,1803,0,40,SEP25,1974,
8546886,"ANAGHA, Favour Ndukwe",NGR,M,,,,1962,0,40,SEP25,2008,
8533520,"ANANDH, Pranav",NGR,M,,,,ACM,1640,0,SEP25,2012,
8515182,"ANANTI, Nzubechukwu",NGR,M,,,,1809,0,20,SEP25,1990,
8524670,"ANASOH, Blaise Ifeanyi",NGR,M,,,,1921,5,20,SEP25,1995,
8532800,"ANJIKWI, Msheliza Ali",NGR,M,,,,1914,0,40,SEP25,1968,
8549346,"ANOKWURU, Emmanuel",NGR,M,,,,1753,0,40,SEP25,2004,
8514054,ANUEBUNWA Emmanuel,NGR,M,,,,1999,0,40,SEP25,1995,
8504580,"Anwuli, Daniel",NGR,M,IM,,,2288,0,20,SEP25,1997,i
8508488,"ANYANWU, Ikechukwu",NGR,M,,,,1713,3,20,SEP25,1981,
8517878,Anyaogu Chukwudi,NGR,M,,,,1842,0,20,SEP25,1997,i
8501009,"APEMIYE, Augustine Imohede",NGR,M,,"SI,NA",,2092,0,20,SEP25,1978,
8503788,"Aramude, Sandra",NGR,F,WCM,WCM,,1804,0,20,SEP25,0,wi
8510180,Arekemase Olabode,NGR,M,,,,1942,0,20,SEP25,1984,i
8507058,ASIBOR ROBERT,NGR,M,,,,1928,0,20,SEP25,1968,i
8503796,"ASINGBI, Douye",NGR,M,,,,2019,0,20,SEP25,1977,
8503060,"ASSA, Oluwaseun Caroline",NGR,F,,SI,,1933,0,20,SEP25,1986,wi
8502633,"ASUQUO, Eunice",NGR,F,,,,1792,0,40,SEP25,1975,w
8503800,"Atabor, Job",NGR,M,CM,,,1964,0,20,SEP25,1988,i
8512019,"ATARIA, Daniel",NGR,M,,,,1843,0,40,SEP25,2002,
8528519,"ATIE, Ebikonboere Great",NGR,F,,,,1519,0,40,SEP25,2011,w
8517932,"ATU, Maxwell Iziegbe",NGR,M,,NA,,1817,0,40,SEP25,1991,i
8517142,Audu Jonah,NGR,M,,,,1759,0,40,SEP25,2010,
8508844,"AWESOME, John Aanuoluwapo",NGR,M,,,,AFM,1666,0,SEP25,1979,i
8512396,"AWIYA, Henry Iyenimisinbofa",NGR,M,,,,1957,0,20,SEP25,1984,
8517320,"AWOJUOLA, Michael Ayodele",NGR,M,,,,1908,0,20,SEP25,1982,i
8556768,"AWOLOWO, Joseph George",NGR,M,,,,1672,0,40,SEP25,2008,
8544603,"AWOYEMI, Nifemi David",NGR,M,,,,1576,0,40,SEP25,2001,
8506167,AYEDERO AYORINDE BABS,NGR,M,,,,1853,3,40,SEP25,1984,
8540640,"AYENI, Ayodele Eugene",NGR,M,,,,1506,2,40,SEP25,1997,
8528357,"AYETORO, Isaac Kolamide",NGR,M,,,,1535,0,40,SEP25,1991,i
8512825,Ayodeji Henry Ayodeji,NGR,M,,,,1623,0,40,SEP25,1974,
8545367,"AYODELE, Oluwafemi Samuel",NGR,M,,,,1783,0,40,SEP25,2000,
8549613,"AYOOLA, Oyinkansola Folakemi",NGR,F,,,,1652,0,40,SEP25,2004,w
8506159,AYORO AUGUSTINE,NGR,M,,,,1916,0,40,SEP25,1983,
8526630,"AYUBA, Beneche Daniel",NGR,M,,,,1790,4,40,SEP25,2007,
8533679,"AZEEZ, Aleem Aremu",NGR,M,,,,1625,0,40,SEP25,2004,
8506019,AZICHOBA Obiora,NGR,M,,,,1749,0,40,SEP25,1981,
8552304,"AZUGWO, Erasmus Chukwubuikem",NGR,M,,,,1633,0,40,SEP25,2009,
8543038,"BABA, Felix Ojodunwene",NGR,M,,,,1761,0,40,SEP25,1997,
8500177,"Babalola, Adebayo",NGR,M,,,,2096,0,20,SEP25,1965,i
8543720,"BABALOLA, Iroayo",NGR,M,,,,1430,0,40,SEP25,2014,
8522545,"Babawale, Samuel Adebowale",NGR,M,,,,1726,0,40,SEP25,2002,
8544476,Badmus Oluwatobiloba Abdulfagar,NGR,M,,,,1814,0,40,SEP25,2007,
8528926,"BADRU, Ariyo Yusrullah",NGR,M,,,,1709,2,40,SEP25,2012,
8501246,"Balogun, Oluwafemi Daniel",NGR,M,IM,,,2262,0,20,SEP25,1987,
8525005,"BAMIDELE, Oluwatobil Oluwatimilehin",NGR,M,,,,1644,0,40,SEP25,1995,
8528535,"BAYEFA, Eniye",NGR,F,,,,1594,0,40,SEP25,2009,w
8528527,"BAYEFA, Mienbi Miracle",NGR,F,,,,1562,5,40,SEP25,2013,w
8527245,"BAYEFA, Oyeinkeperemo",NGR,M,,,,1934,7,40,SEP25,2015,
8507244,"BELLO, Bolaji",NGR,M,,,,1800,0,40,SEP25,1995,
8523410,"BELLO, Hamid",NGR,M,,,,1646,0,40,SEP25,2002,i
8536430,"BELLO, Mubarak Salau",NGR,M,,,,1946,0,20,SEP25,1986,
8540977,"BENSON, Olorundunwo Caleb",NGR,M,,,,1753,0,40,SEP25,2009,
8505543,BERNARD ANDERSON KELECHI,NGR,M,,,,2035,3,40,SEP25,1986,
8504784,"BEWAJI, Clement",NGR,M,,,,1620,0,40,SEP25,1950,
8501408,"Bisiriyu-Salam, Oluwaseun",NGR,M,,"FI,SI,LSI,NA",,AIM,2136,0,SEP25,1978,i
8529078,"BIYAMA, Felix",NGR,M,,,,1949,0,40,SEP25,1984,i
8524815,"BOT, Christopher",NGR,M,,,,1870,0,40,SEP25,2002,
8501491,"BOYO, Paul Kehinde",NGR,M,,,,AIM,1945,0,SEP25,1975,
8548919,"BUSARI, Abdulquadri Mobolaji",NGR,M,,,,1663,0,40,SEP25,2003,
8500061,"Caiafas, Theophilus",NGR,M,,,,2044,0,20,SEP25,0,
8500436,"Campbell, Charles",NGR,M,CM,,,2119,0,20,SEP25,1972,
8521328,"CELESTINE, Favour",NGR,F,,,,1659,0,40,SEP25,1995,w
8543151,"CHIKWENDU, Somtochukwu Benedict",NGR,M,,,,1692,0,40,SEP25,2009,
8512981,"CHIMA, Mount Zion Kenechukwu",NGR,M,,,,1991,0,20,SEP25,2003,i
8575304,"CHINAHAOKE, Okechukwu Okey",NGR,M,,,,1765,5,40,SEP25,1982,
8533814,"CHIWUZOH, Tony",NGR,M,,,,1791,0,40,SEP25,1976,i
8514852,CHUKA NWOSU JR,NGR,M,,,,1755,0,40,SEP25,1981,
8512965,"CHUKURA, Adanwakaego Ololade",NGR,F,,,,1675,4,20,SEP25,1997,w
8518513,CHUKWUEMEKA CHIOMA,NGR,F,,,,1750,0,40,SEP25,2008,wi
8503133,"Chukwuemeka-Ehirim, Chinyere",NGR,F,WCM,WCM,,1891,0,20,SEP25,1985,wi
8509794,Chukwuma Chisom,NGR,M,,,,1933,0,20,SEP25,1997,i
8542970,"CLARKSON, Julius Daubozu",NGR,M,,,,1687,0,40,SEP25,2000,i
8523908,"CLEMENT, Godstime Marvellous",NGR,M,,,,1806,0,20,SEP25,2001,i
8503877,"Cole, Michael Christopher",NGR,M,,,,1984,0,20,SEP25,0,
8509093,"DAMASUS, Chikezie",NGR,M,,,,1889,4,20,SEP25,1974,
8549362,"DANIEL, Emmanuel Imade",NGR,M,,,,1818,0,40,SEP25,1999,
8531366,"DANIEL, Michael",NGR,M,,,,1922,0,40,SEP25,2006,i
8522804,"DANJUMA, Nathaniel",NGR,M,,,,1916,5,40,SEP25,2009,
8514500,"DANJUMA, Yakubu Aranye",NGR,M,,,,1802,3,40,SEP25,2005,
8532460,"DANMALLAM, Ayuba Godiya",NGR,M,,,,1650,0,40,SEP25,2009,
8533989,DARAMOLA Michelle Boluwatife,NGR,F,,,,1531,2,40,SEP25,2014,w
8503907,"Daramola, Dennis",NGR,M,,,,1918,0,20,SEP25,0,i
8500150,"Dasaolu, Rotimi",NGR,M,,NA,,1995,0,20,SEP25,1969,
8506922,"DAU, Jaafaru",NGR,M,,,,1899,0,40,SEP25,1986,i
8529728,"DAVID, Peter",NGR,M,,,,1774,1,40,SEP25,2011,
8532370,"DAVID, Samuel",NGR,M,,,,1727,0,40,SEP25,2003,
8504415,Davies Blessing,NGR,F,,,,1837,0,40,SEP25,1980,wi
8503915,"Dawari, Pighi",NGR,M,,,,1775,0,40,SEP25,0,i
8503923,"DENENU, Miedo",NGR,M,,,,2067,0,20,SEP25,1980,
8504482,Diachavbe Chemuete,NGR,F,,,,1870,0,20,SEP25,1989,wi
8503095,"Didimakon, Steven",NGR,M,,,,2008,0,40,SEP25,1984,
8503109,"Dieyi, Roland",NGR,M,CM,,,2125,0,20,SEP25,1982,i
8506930,DJAGBO EMMANUEL,NGR,M,,,,1809,0,40,SEP25,1993,i
8553866,"DOMINIC, Kingsley Emonena",NGR,M,,,,1778,0,40,SEP25,1981,
8526907,"DONALD, Timothy",NGR,M,,,,1615,0,40,SEP25,2005,
8504644,"DOOTERNA, Shaapera",NGR,M,,,,1926,3,20,SEP25,1987,
8539642,"DOSUNMU, Oluwanifemi Aaron",NGR,M,,,,1589,0,40,SEP25,2001,
8538964,"DUDIEFA, Dominic Opuowei",NGR,M,,,,1500,0,40,SEP25,2016,
8535671,"DUDIEFA, Dorathy",NGR,F,,,,1461,0,40,SEP25,2014,w
8536368,"DURKWA, John Reuben",NGR,M,,,,1790,2,20,SEP25,1982,
8536406,"DUROJAIYE, Boluwatife Oladapo",NGR,M,,,,1756,0,20,SEP25,2001,
8500541,"DUROTOYE, Bode Alli",NGR,M,,,,1629,0,40,SEP25,1959,
8500894,"DZAAYEM, Vivian",NGR,F,,,,1798,0,20,SEP25,1980,wi
8535744,"EBEBI, Praise",NGR,F,,,,1545,0,40,SEP25,2009,w
8512086,"EBIAKPO, Divine Ebikewenimo",NGR,M,,,,1740,5,40,SEP25,2012,
8512094,"EBIAKPO, Ebidise Sunshine",NGR,F,,,,1792,0,40,SEP25,2008,w
8512108,"EBIAKPO, Ebisinde Treasure",NGR,F,,,,1842,5,40,SEP25,2010,w
8512078,"EBIAKPO, Ebitari Cherish",NGR,F,,,,1626,5,40,SEP25,2013,w
8509298,"EBIKEME, Pius",NGR,M,,,,1879,0,20,SEP25,1981,
8519099,EBURU OLUWASANMI,NGR,M,,,,1753,4,40,SEP25,2005,
8503125,"EDET, Udeme Dominic",NGR,M,,,,2232,0,20,SEP25,1987,
8528373,"EDIDI, Wisdom",NGR,M,,,,1659,0,40,SEP25,2007,i
8507228,Edunwale Olalekan Taofeek,NGR,M,,,,1908,0,20,SEP25,1995,i
8503940,"EDUNWALE, Hakeem Olajide King",NGR,M,CM,,,2079,0,20,SEP25,1971,i
8526168,"EDWARD, Peculiar Oluwateniola",NGR,F,,,,1526,0,40,SEP25,2015,w
8500967,"EDWARD-DAPPA, Rachael",NGR,F,,,,1852,0,20,SEP25,1964,wi
8503958,"Efemuai, Odafe Benedict",NGR,M,,,,2022,0,20,SEP25,0,i
8576637,"EGBA, Prince Izibenkien",NGR,M,,,,1588,6,40,SEP25,2015,
8509115,Egbo Daniel Chizorom,NGR,M,,NA,,1870,0,40,SEP25,1983,i
8543801,"EGBO, Chukwudumebi Jesutofunmi",NGR,F,,,,1612,0,40,SEP25,2014,w
8543810,"EGBO, Chukwunonso Tijesunimi",NGR,M,,,,1595,0,40,SEP25,2013,
8536732,"EGHOMWANRE, Victor",NGR,M,,,,1740,0,40,SEP25,1974,i
8530378,"EGOH, Godwin",NGR,M,,,,1752,2,40,SEP25,1990,
8506205,"EGWUMAH, James Omachonu",NGR,M,,,,1874,2,40,SEP25,1974,
8559449,"EHIDIAMEN, Kenneth Odianosen",NGR,M,,,,1733,0,40,SEP25,1975,
8512841,Ejale Emmanuel Osobase,NGR,M,,,,1892,0,20,SEP25,1988,i
8533172,"Ejidike-Ogbata, Chiemerie",NGR,M,,,,1644,3,40,SEP25,2014,
8510377,"EJIM, Ogochukwu Dominic",NGR,M,,NA,,1800,0,40,SEP25,1990,i
8503141,"Ejorh, Charles",NGR,M,,,,1764,0,20,SEP25,1971,i
8510539,Ekanem Nathan,NGR,M,,,,2016,0,20,SEP25,1981,i
8524203,"EKEH, Matthew",NGR,M,,,,1731,4,40,SEP25,2005,
8519102,"EKEIBE, Collins",NGR,M,,,,1831,0,40,SEP25,2003,
8538760,"EKOME, Fortune Utomi",NGR,M,,,,1653,0,40,SEP25,2006,
8509085,Ekong Uwem,NGR,M,,,,1946,0,40,SEP25,1988,
8512167,"EKPEKU, Kieboye Gift",NGR,M,,,,1896,0,20,SEP25,1992,
8519790,"EKPENYONG, Ekerette G.",NGR,M,,,,1897,0,20,SEP25,2001,i
8502250,"EKPIKEN, Magnus Etim",NGR,M,,,,1914,0,20,SEP25,1975,
8507554,Ekpo Ndopnse,NGR,M,,SI,,1961,0,40,SEP25,1987,i
8505675,"EKPO, Edidiong Friday",NGR,M,,,,1874,0,20,SEP25,1984,
8539782,"EKPU, Innocent Akhabue",NGR,M,,,,1800,0,40,SEP25,1973,
8511896,"EKUNKE, Iyambe Perez",NGR,M,,,,1883,0,40,SEP25,2006,i
8511888,"EKUNKE, Odey Goodness",NGR,M,,,,2214,7,40,SEP25,2011,
8519846,"EKWUEME, Ikemefuna",NGR,M,,,,1867,6,40,SEP25,1992,
8538387,"ELEYINMI, Josiah",NGR,M,,,,1789,0,40,SEP25,2010,
8554927,"ELIPHUS, Folorunso Godfrey",NGR,M,,,,1794,0,40,SEP25,2003,
8507643,Eloka Egwuagu,NGR,M,,,,1881,0,20,SEP25,1977,i
8503966,"ELUEKEZI, Chukwuwikeh Phoenix",NGR,M,,,,1920,5,20,SEP25,1978,
8519803,EMAH. Jacob Etim,NGR,M,,,,1976,0,40,SEP25,1982,i
8521433,"EMILOLA, Adekunle Austin",NGR,M,,,,1780,0,40,SEP25,2011,
8548803,EMMANUEL WONDERFUL FAVOUR,NGR,M,,,,1671,0,40,SEP25,2002,
8513023,"EMMANUEL, Joy Idara",NGR,M,,,,2087,0,20,SEP25,2002,i
8515468,"EMMANUEL, Ogechi",NGR,F,,,,1757,0,20,SEP25,1979,w
8507210,Emojevu Precious,NGR,M,,,,2136,0,20,SEP25,1993,i
8507201,Enarevba Dolor Roy,NGR,M,,,,2006,0,20,SEP25,1992,i
8503150,"Enarevba, Tega Mandy",NGR,F,WCM,WCM,LSI,1795,0,20,SEP25,1990,wi
8508674,"ENENEBEAKU, Francis",NGR,M,,NA,,1881,0,20,SEP25,1969,
8512370,"ENENIFA, Godbless Felotiom",NGR,M,,,,1801,0,20,SEP25,1981,i
8504725,"Enete, Emenike Simon",NGR,M,,,,1953,0,20,SEP25,1978,i
8509263,"ENOMAH, Emmanuella Trust",NGR,F,,,,1858,0,20,SEP25,1999,wi
8503168,"ERHABOR, David",NGR,M,FM,,,2008,0,20,SEP25,1951,i
8506620,"ERHABOR, Joy Felix",NGR,F,,,,1853,0,20,SEP25,2000,w
8510920,"ERHABOR, Kelvin",NGR,M,,,,1889,4,40,SEP25,1997,
8517789,"ERHERIENE, Destiny",NGR,M,,,,1828,0,40,SEP25,1999,
8509573,Erhijakpor Valerie,NGR,F,,,,1712,0,40,SEP25,2005,wi
8549800,"ERHURHU, Akpovire John",NGR,M,,,,1955,0,40,SEP25,1984,
8512477,Eric Erikkefe Mamua,NGR,M,,,,1979,0,20,SEP25,1983,
8557292,"ERINFOLAMI, Iremide Daniel",NGR,M,,,,1540,5,40,SEP25,2013,
8518165,ESHO OLUMIDE DANIEL,NGR,M,,,,1925,0,20,SEP25,1995,i
8509840,Esomonu Bennett,NGR,M,,,,1749,2,20,SEP25,1982,
8532168,"ESUA, Bassey Nsa",NGR,M,,,,1945,0,40,SEP25,1983,i
8514704,Eti Peter,NGR,M,,,,1939,0,20,SEP25,2003,i
8520003,"ETTI, Ubong Joseph",NGR,M,,,,1946,0,20,SEP25,1985,
8530629,"ETTOH, Ikechukwu",NGR,M,,,,1795,3,40,SEP25,1972,
8504598,"ETUK-AKPAN, Leonard",NGR,M,,,,2150,0,20,SEP25,1986,
8523495,"Evans, Justice Udoh",NGR,M,,,,2032,0,20,SEP25,1998,i
8506132,"EVBUOMWAN, Edward Eguavoen",NGR,M,,NA,,1895,0,20,SEP25,1986,
8510687,"EVBUOMWAN, Efosa",NGR,M,,,,1942,0,20,SEP25,1996,
8513074,"EVBUOMWAN, Henry Oghogho",NGR,M,,,,1759,0,40,SEP25,2012,
8509581,Everestus Joy,NGR,F,,,,1723,0,40,SEP25,2009,w
8505845,Ewi Yemi,NGR,M,,,,2086,0,20,SEP25,1974,i
8507538,"EWOFOBE, Frank",NGR,M,,,,1926,0,20,SEP25,1979,
8508240,Eyefia Endurance,NGR,F,,,,1801,0,20,SEP25,1986,wi
8528306,"EYENGHE, Peretimi Williams",NGR,M,,,,1838,0,40,SEP25,1980,
8503974,"EYENGHE, Sunny",NGR,M,,SI,,2104,0,20,SEP25,1986,i
8511462,"EYETONGHAN, Denyefa Callistus",NGR,M,FM,,,2109,0,20,SEP25,2002,
8509859,Eze Micheal,NGR,M,,,,1779,0,40,SEP25,1996,i
8525919,"EZE, Gasper",NGR,M,,,,1652,2,40,SEP25,2012,
8526702,"EZE, Nnaemeka Reuben",NGR,M,,,,1878,0,40,SEP25,1993,
8523339,"Eze, Samuel",NGR,M,,,,1961,5,40,SEP25,1973,
8506124,"EZEADIREJE, Kingsley",NGR,M,,,,1965,5,40,SEP25,1987,
8503982,"EZEANYA, Ikechukwu",NGR,M,,,,1982,0,20,SEP25,1987,
8522421,"EZEH, Anthony",NGR,M,,,,1799,0,20,SEP25,1997,i
8512124,"EZEH, Pamella Souter",NGR,M,,,,1920,0,20,SEP25,1993,i
8507180,Ezeorba Timothy,NGR,M,,,,1776,0,20,SEP25,1994,i
8503176,"FABEYO, Frederick",NGR,M,,,,2064,0,20,SEP25,1973,i
8514720,"FADOJU, Emmanuel",NGR,M,,,,1809,0,20,SEP25,1978,
8504547,Fajemirokun Abimbola,NGR,M,,,,2181,0,20,SEP25,1978,i
8508640,Fakuade Babatunde Olabode,NGR,M,,,,1866,0,20,SEP25,1984,
8527512,"FAKUNLE, Abraham Ogooluwa",NGR,M,,,,1710,0,40,SEP25,2005,
8521441,Faluyi Damola,NGR,M,,,,1851,0,40,SEP25,2006,i
8544239,"FAMILUSI, Daniel",NGR,M,,,,1659,0,40,SEP25,2006,i
8536848,"FAMOFO, Ezekiel",NGR,M,,,,1677,0,40,SEP25,2009,
8536856,"FAMOFO, Iremide",NGR,M,,,,1630,0,40,SEP25,2013,i
8536805,"FAMUYIWA, Segun Olatunji",NGR,M,,,,1828,0,40,SEP25,2002,
8522502,"FAROHUNBI, Oluwadamilare Emmanuel",NGR,M,,,,1841,0,20,SEP25,1998,i
8504253,"Fasakin, Oladoyin",NGR,M,,,,1853,0,20,SEP25,1976,
8526931,"FASANMADE, Olufemi",NGR,M,,,,1630,0,40,SEP25,1965,i
8526842,"FASINU, Temidayo Lucky",NGR,M,,,,1915,0,40,SEP25,2001,
8501319,"FAWOLE, John Oyeyemi",NGR,M,FM,LSI,,2101,0,20,SEP25,1985,i
8512132,"FEBABOR, Morris Ebiowei",NGR,M,,,,1755,5,20,SEP25,1960,
8512159,"FOSTER, Hector Godswill",NGR,M,,,,1683,5,40,SEP25,2007,
8549257,"FRANK, Doutimibraladei Timothy",NGR,M,,,,1652,0,40,SEP25,2002,
8535710,"FRANK, Otonbara Lewis",NGR,M,,,,1792,6,40,SEP25,1995,
8510938,"FREDERICK, Atigogo",NGR,F,,,,1703,0,40,SEP25,2005,w
8528268,"FRIDAY, Udeme Nelson",NGR,M,,,,1884,0,40,SEP25,1987,
8521875,"FUNMILAYO, Feyikemi Anthony",NGR,M,,,,1950,0,20,SEP25,1989,i
8539448,"FUNSHO, Precious Funmilola",NGR,F,,,,1695,0,40,SEP25,2005,w
8508879,Gabriel Will,NGR,M,,,,1898,0,40,SEP25,1999,i
8501076,"GEORGE, Lolomari Erekosima",NGR,M,CM,,,1995,0,20,SEP25,1975,
8501203,"George, Olufemi",NGR,M,,,,1876,0,20,SEP25,1971,i
8517150,"GEORGE, Uche",NGR,M,,,,1859,0,20,SEP25,1993,i
8513171,"GILBERT, Kenneth",NGR,M,,,,1882,0,20,SEP25,2003,
8502200,"Giwa, Oladotun",NGR,M,,,,2026,0,20,SEP25,1987,i
8524858,"GYANG, Joseph Weng",NGR,M,,,,1837,0,40,SEP25,2001,
8504776,Hammed Oladimeji,NGR,M,,,,1881,5,40,SEP25,1991,
8506388,Harry Maloge-Iwuchukwu,NGR,M,,,,1789,0,20,SEP25,1985,i
8527555,"HASSAN, Yussuf",NGR,M,,,,1632,0,40,SEP25,2007,i
8574545,"HEZEKIAH, Success",NGR,M,,,,1559,0,40,SEP25,2012,
8546991,"HUSSEIN, Khidr Temilade",NGR,M,,,,1689,0,40,SEP25,2004,
8519145,"IBEKWE, Daniel Udodiri",NGR,M,,,,1705,0,40,SEP25,2010,
8520976,"IBEKWE, David Chukwuemeka",NGR,M,,,,1726,0,40,SEP25,2009,
8519838,"IBIBO, Gift",NGR,M,,,,1969,0,40,SEP25,1992,
8504008,"Ibikunle, Idowu",NGR,M,,,,1963,0,20,SEP25,0,i
8515077,"IBITOWA, Ifeoluwa Samuel",NGR,M,,,,1807,0,40,SEP25,1995,i
8513511,IBRAHIM AMINU,NGR,M,,,,1771,0,40,SEP25,2002,i
8513120,IBRAHIM AYOMIDE,NGR,M,,,,1775,0,40,SEP25,2007,
8504423,"Ibrahim, Aishat",NGR,F,,,,1772,0,20,SEP25,1985,wi
8523428,"IBRAHIM, Ibrahim Opeyemi",NGR,M,,,,1844,0,40,SEP25,1994,
8551928,"IBRAHIM, Ismaila",NGR,M,,,,1736,0,40,SEP25,2003,
8530432,"IBRAHIM, Nasiru",NGR,M,,,,1821,0,40,SEP25,1988,
8504016,"Ichado, Innocent",NGR,M,,,,1968,0,20,SEP25,0,i
8517347,"ICHENDA, Boms",NGR,M,,,,1716,0,20,SEP25,1996,i
8548366,"IDEHEN, Orobosa Emmanuel",NGR,M,,,,1811,0,40,SEP25,2001,
8542961,"IFEH, Marcus Osikhotse",NGR,M,,,,1871,0,40,SEP25,1980,
8532990,"IFON, Nsikanabasi",NGR,M,,,,1679,0,40,SEP25,2014,
8552096,"IGBE, Anthony Chigozirim",NGR,M,,,,1621,0,40,SEP25,2005,
8548226,"IGBIGBI, Lily Nora Ogheneyerovwo",NGR,F,,,,1766,3,40,SEP25,2006,w
8508003,"IGBOECHEONWU, Clinton",NGR,M,,,,1842,0,20,SEP25,1999,
8559538,"IGE, Olusola Stephen",NGR,M,,,,1581,0,40,SEP25,1985,
8544883,"IGHAYIN, Osayi Uyioghosa",NGR,M,,,,1942,0,40,SEP25,1998,
8509336,"IGOLUKUMO, Felix",NGR,M,,,,2089,6,20,SEP25,1991,
8504032,"Igubor, Micah",NGR,M,,,,1960,0,20,SEP25,0,
8512752,Iguehi Elora Oise,NGR,F,,,,1776,0,40,SEP25,2002,wi
8545561,"IGWE, Stephanie",NGR,M,,,,1569,0,40,SEP25,2009,
8508585,Igwubor Kikosem,NGR,M,,,,2117,0,20,SEP25,1998,i
8510946,"IHEANACHO, Emmanuel",NGR,M,,,,1980,0,40,SEP25,2001,i
8511187,"IHEANYICHUKWU, Godswill",NGR,M,,,,1786,0,20,SEP25,2003,i
8520577,"IHEANYICHUKWU, Michael Miracle",NGR,M,,,,1826,3,40,SEP25,2008,
8525064,"IHIMOYAN, Danielle Jesutofunmi",NGR,F,,,,1677,0,40,SEP25,2016,w
8524769,"IHIMOYAN, Joshua Ayoola",NGR,M,,,,1731,0,40,SEP25,1979,
8508127,"IKECHUKWU, Chinonso",NGR,M,,,,1911,0,20,SEP25,1993,i
8552240,"IKEH, Celestine Chukwudi",NGR,M,,,,2131,3,40,SEP25,1999,
108110674,"Ikezahu, Emmanuel",NGR,M,,,,AFM,1861,0,SEP25,2002,i
108217699,"Ikhimiukor, Ehidiamen",NGR,M,,,,AFM,1906,0,SEP25,1981,
8503222,"IKUENOMORE, Ayodeji Olumuyiwa",NGR,M,,,,1881,0,20,SEP25,1989,
8528349,"IKUKU, Lucky",NGR,M,,,,1888,0,40,SEP25,1989,
8537330,"ILEDUN, Jonnie Sheyi",NGR,M,,,,1651,0,40,SEP25,1989,
8516464,"ILEGIEUNO, Justus",NGR,M,,,,1954,0,40,SEP25,2003,
8516871,Ilesanmi Favour,NGR,M,,,,1974,0,40,SEP25,1999,
8536279,"IMAFIDON, Aisosa",NGR,M,,,,1613,0,40,SEP25,2000,
8507970,Imaralu Valentine,NGR,M,,,,1878,0,20,SEP25,1978,i
8574553,"INAFA, Daniel",NGR,M,,,,1428,4,40,SEP25,2013,
8512183,INNOCENT MARVELOUS ATEBE,NGR,M,,,,1703,0,40,SEP25,2008,i
8540772,"INUWA, Yasir Maiwada",NGR,M,,,,1788,0,20,SEP25,2004,
8521921,"IRIKEFE, Pureheart Ogheneogaga",NGR,M,,,,AFM,1954,0,SEP25,1990,i
8501874,"Isah, Abubakar",NGR,M,,,,1869,0,40,SEP25,0,i
8540241,"ISAIAH, Goodness Chidera",NGR,M,,,,1724,0,40,SEP25,1996,i
8522847,"ISHAYA, Rejoice Kira",NGR,F,,,,1808,2,40,SEP25,2006,w
8527075,"ISUKUL, Poyomami Gerard",NGR,M,,,,1498,6,40,SEP25,2014,
8556822,"ITOGHOR, Tovia",NGR,M,,,,1946,0,40,SEP25,2001,
8507449,Iwaloye Rotimi,NGR,M,,,,1840,0,40,SEP25,1977,
8528624,"IWUAGWU, Ifesinachi",NGR,M,,,,1682,0,40,SEP25,2010,
8513600,"IWUAGWU, Onyedikachi Williams",NGR,M,,,,1759,0,40,SEP25,2005,
8501327,"Iyanda, Femi",NGR,M,,,,1905,0,20,SEP25,1972,
8517401,"IYODO, Francis",NGR,M,,,,2012,0,20,SEP25,1994,
8515069,"IYOHA, Emmanuel",NGR,M,,,,1966,5,20,SEP25,1999,
8535507,"IYOVWARE, George Ochuko",NGR,M,,,,1669,0,40,SEP25,1984,
8506078,"IZOKWU, Sylvester",NGR,M,,SI,,1973,0,20,SEP25,1985,
8509905,"IZUOGU, Mickey",NGR,M,,,,2047,0,20,SEP25,1997,
8551120,"JACK, Victor Ernest",NGR,M,,,,1850,0,40,SEP25,1973,
8522430,"JACKSON, David Tenumah",NGR,M,,,,1829,0,40,SEP25,2007,
8559120,"JACOB, Chidera Henry",NGR,M,,,,1841,0,40,SEP25,2004,
8559937,"JAMES, Israel Edidiong",NGR,M,,,,1794,2,40,SEP25,2004,
8509913,Jamiu Sodiq,NGR,M,,,,1761,0,20,SEP25,1998,i
8517428,"JAMIU, Ninilowo",NGR,M,,,,1837,0,40,SEP25,2005,i
8503257,"Jeje, Ayodeji",NGR,M,,,,1947,0,20,SEP25,1972,
8522880,"Jenakumo, Henry Yeri",NGR,M,,,,1839,0,40,SEP25,1987,
8516529,Jeremiah Akindoye,NGR,M,,,,1779,0,40,SEP25,1999,i
8532214,"JEROME, Somunachi Sylvia",NGR,F,,,,1683,7,40,SEP25,2003,w
8510210,Jessa Rhema,NGR,M,,,,1875,0,20,SEP25,1984,
8539855,"JINADU, Oladapo Olanrewaju",NGR,M,,,,1837,0,40,SEP25,1971,
8514070,"JOB, Temidayo",NGR,M,,,,1927,0,40,SEP25,2005,
8530610,"JOHN, Ali Anko",NGR,M,,,,1692,0,40,SEP25,2005,
8538417,"JOHN, Samuel Nwachukwu",NGR,M,,,,1917,0,40,SEP25,2007,
8509930,Joseph Samuel,NGR,M,,,,1832,0,40,SEP25,1993,i
8521123,"JOSHUA, Damian",NGR,M,,,,1880,0,40,SEP25,2008,
8511349,"KADIRI, Abbas Olusegun",NGR,M,,SI,,1759,0,20,SEP25,1969,
8514534,Kadun Solomon Ishaya,NGR,M,,,,1900,0,40,SEP25,1984,
8535680,"KAIN, Tarideinyefa",NGR,M,,,,1738,0,40,SEP25,2001,i
8507490,"KALESANWO, Abimbola",NGR,M,,,,1958,0,20,SEP25,1995,
8559783,"KALU, Daniel Emea",NGR,M,,,,1626,5,40,SEP25,2010,
8503265,"Kareem, Adeniyi",NGR,M,,,,1931,0,20,SEP25,1972,i
8542368,"KASUMU, Eyitayo Jubril",NGR,M,,,,1974,0,40,SEP25,1996,
8545081,"KENIGBOLO, Genesis Kivie",NGR,M,,,,1718,0,40,SEP25,2009,
8514488,"KEYI, Lucky Musa",NGR,M,,NA,,2098,5,20,SEP25,2002,
8515204,"KHALID, Ahmed",NGR,M,,,,1939,0,40,SEP25,2006,i
8509883,Ki-Hughes Soniyi Karl,NGR,M,,,,1792,0,20,SEP25,1991,
8500037,"Kigigha, Bomo Lovet",NGR,M,FM,,,2250,0,20,SEP25,1982,
8500959,"Kigigha, Inimo",NGR,M,,,,2094,0,20,SEP25,1981,i
8506213,King Eugene,NGR,M,,,,1841,0,40,SEP25,1991,
8524793,KINGOYONG Bwemana Monday,NGR,F,,,,1667,7,40,SEP25,1994,w
8504059,"KOKO, Obubele",NGR,M,,,,2086,7,20,SEP25,1982,
8526940,"KOLAWOLE, Samuel Oluwatobi",NGR,M,,,,1710,0,40,SEP25,2009,
8503630,"Korede, Daniel Oluwashola",NGR,M,,,,1989,0,20,SEP25,1973,
8507589,"KOYA, Stephen",NGR,M,,SI,,1860,0,20,SEP25,1970,
8558183,"KRANS, Opemipo",NGR,M,,,,1531,7,40,SEP25,2012,
8555273,"KUDEHINBU, Oluwaponle",NGR,M,,,,1753,6,40,SEP25,1981,
8540624,"KUTI, Olanrewaju",NGR,M,,,,1708,0,40,SEP25,2009,
8506264,"KYOSU, Joseph Augustine",NGR,M,,,,2021,0,40,SEP25,1964,i
8558884,"LAKAR, Esther",NGR,F,,,,1568,0,40,SEP25,2011,w
8512051,"LAMBERT, Bibowei Harrison",NGR,M,,,,1902,0,20,SEP25,1976,i
8546924,"LAMBERT, Deborah Ebitari",NGR,M,,,,1515,0,40,SEP25,2009,
8513430,LANRE ADESHINA,NGR,M,,,,1796,0,20,SEP25,1994,
8503648,"LAPITE, Oluwadurotimi Opeoluwa",NGR,M,,,,2202,5,20,SEP25,1995,
8514453,"LAR, Natty Love",NGR,M,,,,AFM,2022,0,SEP25,1982,
8548935,"LASISI, Taofeek Olanrewaju",NGR,M,,,,1501,3,40,SEP25,2001,
8523436,"Lawal, Abdulrasheed",NGR,M,,,,1707,0,40,SEP25,2004,
8550425,"LAWAL, Yusuf Ayodele",NGR,M,,,,1700,0,40,SEP25,1982,
8527253,"LEGHEMO, Ayibamietei Bradley",NGR,M,,,,1533,0,40,SEP25,2014,
8538930,"Lelegi, Peter Ibinabo",NGR,M,,,,1786,0,20,SEP25,2003,
8511632,Li Mo,NGR,M,,,,1890,0,40,SEP25,2009,
8514542,"LOJAH, Pascal Nyam",NGR,M,,,,1792,0,40,SEP25,1982,
8510164,Loko Olaoluwa,NGR,M,,,,1663,0,40,SEP25,1985,i
8543178,"LONGE, Wisdom",NGR,M,,,,1677,0,40,SEP25,1994,i
8509948,Lovesternwill Durrell,NGR,M,,,,1865,0,20,SEP25,1990,i
8543100,"LUKE, Miracle Onyinyechukwu",NGR,M,,,,1829,0,40,SEP25,2007,
8528918,"LUKMAN, Faruk Tunde",NGR,M,,,,1608,0,40,SEP25,1999,
8511705,"MADAMORI, Oloruntobi John",NGR,M,,,,1933,0,20,SEP25,1999,i
8515395,"MADU, Cynthia",NGR,F,,"SI,NA",,1703,0,40,SEP25,1999,w
8501416,"Maduagwuna, Emmanuel",NGR,M,,,,2177,0,20,SEP25,0,
8515697,"MADUKA, Millicent Magdalene",NGR,F,,,,1668,0,40,SEP25,1998,wi
8548820,Madukwe ifeanyichukwu Daniel,NGR,M,,,,1669,0,40,SEP25,2001,
8524939,"MAFAI, Tamo John",NGR,M,,,,1828,0,40,SEP25,1974,
8506400,"MAFOITAN, Oladipupo",NGR,M,,,,1945,0,20,SEP25,1993,i
8506850,MAGOMYA Robert Ahundihine,NGR,M,,,,2115,6,20,SEP25,1984,
8546266,"MAJEKODUNMI, George Olushina",NGR,M,,,,1811,0,40,SEP25,1962,
8554552,"MAKINDE, Daniel Ayobami",NGR,M,,,,1817,0,40,SEP25,2005,
8525315,"MALIKI, Idris Omidiji",NGR,M,,,,1951,4,40,SEP25,2005,
8544131,"MALLAN, Praise Bwehmasai",NGR,M,,,,1590,5,40,SEP25,2012,
8544140,"MALLAN, Safat Joshua",NGR,M,,,,1580,1,40,SEP25,2015,
8506108,"MANDU, Humphrey Yinalanah",NGR,M,,,,1962,0,20,SEP25,1982,
8559155,"MANTU, Solomon Etim",NGR,M,,,,1715,4,40,SEP25,2010,
8517436,Markson Favour Anietie,NGR,M,,,,1763,0,40,SEP25,2003,i
8545600,"MARTINS, Gideon",NGR,M,,,,1591,0,40,SEP25,2011,
8543240,"MARTINS, Ife Opeyemi",NGR,M,,,,1634,0,40,SEP25,1986,
8528292,"MARTINS, Victory Chinazaekpere",NGR,M,,,,1791,4,40,SEP25,2004,
8512191,"MATAN, Adebayo Oludayo",NGR,M,,,,1933,0,20,SEP25,2003,
8536996,"MATHIAS, Ayebaifiyemeimi Israel Solomon",NGR,M,,,,1720,0,40,SEP25,2000,i
8508682,Mba Anselm,NGR,M,,,,1876,0,20,SEP25,1987,i
8541370,"MBAMA, Chigozie Johnkennedy",NGR,M,,,,1916,0,40,SEP25,1992,i
8517827,Mesere Godspower,NGR,M,,,,2013,0,40,SEP25,1981,
8511640,"MICHAEL, Bridget",NGR,F,,,,1935,0,20,SEP25,1999,wi
8518173,"MICHEAL, Akpan Edward",NGR,M,,,,1906,0,20,SEP25,2004,i
8513139,MOHAMMED BUHARI,NGR,M,,,,1863,0,20,SEP25,2000,
8515034,"MOHAMMED, Abdulkadir",NGR,M,,,,1918,0,40,SEP25,1971,
8523827,"MOHAMMED, Auwal Garba",NGR,M,,,,1848,0,40,SEP25,1976,
8538590,"MOHAMMED, Tahir",NGR,M,,,,1718,5,40,SEP25,1973,
8539200,"MOMODU, Makpeminoghena Ilunamhe",NGR,M,,,,1716,0,40,SEP25,1990,
8526435,"MOMOH, John Amoto",NGR,M,,,,1759,0,40,SEP25,1985,
8529760,"MOMOH, Rowland",NGR,M,,,,1817,0,40,SEP25,1998,i
8522839,"MONDAY, MUSA Naomi",NGR,F,,,,1778,5,40,SEP25,2007,w
8514496,"MONDAY, Shadrach",NGR,M,,,,1720,3,40,SEP25,2007,
8537038,"MOSES, Jachin Ntune",NGR,M,,,,1564,0,40,SEP25,2011,i
8512850,"MUFUTAU, Waris John",NGR,M,,,,2020,4,40,SEP25,2008,
8539308,"MUHAMMAD, Umar Badeko",NGR,M,,,,1758,0,40,SEP25,2001,
8523460,"Muhammed, Abdulkadir",NGR,M,,,,1797,0,40,SEP25,1977,
8509662,"MUSA, Chamatam",NGR,M,,,,1903,0,40,SEP25,1985,
8508615,"MUSA, Kamal",NGR,M,,,,1938,0,40,SEP25,1997,i
8549176,"MUSAH, Emmanuel",NGR,M,,,,1706,0,40,SEP25,1963,
8528551,"MUSTAPHA, Mustapha",NGR,M,,,,1680,0,40,SEP25,1989,i
8529698,"NAGARI, Daniel Danladi",NGR,M,,,,1736,0,40,SEP25,1988,
8532362,"NAMARWA, Mercy Iliya",NGR,F,,,,1651,0,40,SEP25,2003,w
8541566,"NANNIM, Promise Nangwang",NGR,M,,,,1600,5,40,SEP25,1995,
8576246,"NDUAMAKA, Francis",NGR,M,,,,1749,5,40,SEP25,1989,
8506698,"Ndukwe, Kelechi",NGR,M,,,,1928,0,40,SEP25,1993,i
8503885,"NESIMEYE, Okuma Ejomafuvwe",NGR,M,,,,2073,0,20,SEP25,1988,
8556890,"NGOZI, Jonathan Yigakpoa",NGR,M,,,,1885,0,40,SEP25,2002,
8510326,Njoku Iheanyichukwu,NGR,M,,,,1745,0,40,SEP25,1981,
8537062,"NKEMJIKA, Divine Chukwuemeka",NGR,M,,,,1792,0,40,SEP25,2002,i
8509530,Nnabuchi Light,NGR,M,,,,1846,0,20,SEP25,1985,i
8515956,"NNABUIKE, David Chidera",NGR,M,,,,1862,0,20,SEP25,2004,
8514658,"NNADI, Charis Chigozie",NGR,M,,,,2010,0,20,SEP25,2001,i
8517452,"NNATE, Ernest",NGR,M,,,,1844,0,20,SEP25,2000,
8502307,"NNUBIA, Ugochukwu Uzochukwu",NGR,M,,,,1990,0,20,SEP25,1979,i
8550891,"NOAH, Oche Prince",NGR,M,,,,1972,8,40,SEP25,1992,
8519978,"NSIMAH, Samuel Iniodu",NGR,M,,,,1942,0,40,SEP25,1987,
8540225,"NWABUIKWU, Neche Andrew",NGR,M,,,,1862,0,40,SEP25,2006,
8515026,"NWACHUKWU, John",NGR,M,,,,1884,0,40,SEP25,2010,i
8512698,"NWAEZE, Nnaemeka Vincent",NGR,M,,,,1860,0,20,SEP25,2002,i
8543127,"NWAGWU, Timothy Chibuikem",NGR,M,,,,1819,0,40,SEP25,2009,
8542554,"NWAKAMMA, Shiloh",NGR,M,,,,1808,5,20,SEP25,2002,
8508577,"NWALA, Emmanuel",NGR,M,,,,1995,0,20,SEP25,1987,
8513996,NWANKWO Jason Somtochukwu,NGR,M,,,,1793,0,40,SEP25,2015,
8513767,"NWANKWO, Michelle Chiamaka",NGR,F,,,,1807,0,40,SEP25,2013,w
8513082,"NWANKWO, Victor Chibuikem",NGR,M,,,,1946,0,40,SEP25,2011,
8509506,Nwanze Micheal Abayomi,NGR,M,,,,1947,0,20,SEP25,1998,i
8509620,"NWANZE, Esther",NGR,F,,,,1802,0,20,SEP25,2000,w
8506035,NWAOGU FRANCIS,NGR,M,,,,1684,0,40,SEP25,1978,
8545820,"NWARACHE, Chigozie Christopher",NGR,M,,,,1761,3,20,SEP25,1980,
8504555,"NWIZU, Afamefuna Marcus",NGR,M,,,,1915,0,20,SEP25,1981,
8539111,"NWOBODO, David Amechi",NGR,M,,,,1763,0,40,SEP25,1992,i
8510156,"NWOKOCHA, John Ikedichi",NGR,M,,,,1963,0,20,SEP25,1990,i
8503303,"Nwosu, Emeka",NGR,M,,,,1851,0,20,SEP25,0,
8503311,"Nwoye, Nnamdi",NGR,M,,,,1987,0,20,SEP25,1974,i
8515263,"NYUIMA, Tersee Ferdinand",NGR,M,,,,1992,5,40,SEP25,2007,
8509042,"NZEAKO, Chizoba Treasure",NGR,F,,,,1699,0,20,SEP25,1996,w
8505942,"NZEKWE, Godday Samuel",NGR,M,,,,1554,0,20,SEP25,1976,
8517177,Oba Jide Aremo,NGR,M,,,,1833,0,40,SEP25,2002,
8519536,"OBANOR, Amechi Solomon",NGR,M,,SI,,1785,0,40,SEP25,1983,
8517185,Obasi Emmanuel,NGR,M,,,,1721,0,40,SEP25,2008,
8519307,"OBE, Amir Babatunde",NGR,M,,,,1788,0,40,SEP25,2012,
8506140,OBEKPA Charles Inedu,NGR,M,,,,2078,5,40,SEP25,1974,
8507929,"OBI, Chinedu",NGR,M,,,,1972,0,20,SEP25,1983,i
8500215,"Obiamiwe, Paul",NGR,M,,,,1959,0,20,SEP25,1966,i
8514127,OBIKILI CHINEDU GEORGE,NGR,M,,,,AFM,1995,0,SEP25,1985,
8530696,"OBINNA, Udochukwu Godsvictory",NGR,M,,,,1822,5,40,SEP25,1999,
8543496,"OBOT, Aniekan Aniedi",NGR,M,,,,1954,0,40,SEP25,1982,
8550948,"OCHE, Oche Dean",NGR,M,,,,1716,5,40,SEP25,1976,
8521867,"OCHU, Ikechukwu Godwin",NGR,M,,,,1822,0,20,SEP25,2001,
8505993,ODEH JOSEPH INALEGWU,NGR,M,,,,1787,0,40,SEP25,1968,
8500142,"Odeh, Kenneth",NGR,M,FM,,,1986,0,20,SEP25,1969,i
8555133,"ODERE, Samson",NGR,M,,,,1837,0,40,SEP25,1991,
8528080,"ODETOLA, Oluwatoni",NGR,M,,,,1797,0,40,SEP25,1998,
8502315,"Odiase, Oluwaseun",NGR,M,,,,1817,0,20,SEP25,1980,i
8555974,"ODIGIE, Isibor David",NGR,M,,,,1770,8,40,SEP25,1996,
8518300,"ODIGIE, Victor Nomamien",NGR,M,,,,1877,0,40,SEP25,1999,i
8513465,ODIMAYO TAIYE,NGR,M,,,,1950,0,20,SEP25,2000,i
8514364,"ODOEMENAM, Derick Tobechukwu",NGR,M,,,,1883,2,20,SEP25,2002,
8507384,Odugbesan Adedapo Olatunde,NGR,M,,,,2136,0,20,SEP25,1982,i
8502137,"ODUM, Martin",NGR,M,,,,2046,0,20,SEP25,1969,
8502811,"Odumade, Yetunde",NGR,F,,NA,,1674,0,20,SEP25,1971,w
8523681,"ODUOLA, Akande Fawaz",NGR,M,,,,1733,3,40,SEP25,2009,
8503320,"Odusina, Olufemi",NGR,M,,,,1884,0,20,SEP25,1972,
8533008,"Odusina, Oluwaferanmi",NGR,M,,,,1707,0,40,SEP25,2006,
8545588,"OFFOR, Dennis Chinedu",NGR,M,,,,1719,0,40,SEP25,2000,
8504377,"Ofowino, Toritsemuwa",NGR,F,,,,1977,0,20,SEP25,1989,wi
8509980,"OFUBU, Samson",NGR,M,,,,1987,0,20,SEP25,1997,
8536244,"OGADAH, Ejike Eugene",NGR,M,,,,1864,0,40,SEP25,1988,
8521565,"OGAR, Clement Unimashi",NGR,M,,,,1867,0,40,SEP25,2003,
8543186,"OGAR, Goodness Christopher",NGR,M,,,,1760,3,20,SEP25,2004,
8515662,Ogbe Ozioma,NGR,M,,,,1554,0,20,SEP25,1994,i
8509050,"OGBIYOYO, Perpetual Eloho",NGR,F,WFM,WFM,SI,1887,0,20,SEP25,1997,wi
8502129,"OGBOGHO, Dennis",NGR,M,,,,2119,0,20,SEP25,1983,i
8525412,"OGBONNA, Chiwendu Athanasius",NGR,M,,,,1707,0,40,SEP25,2007,
8512205,"OGBONNA, Daniel Anthony",NGR,M,,,,1822,6,40,SEP25,1979,
8509026,"OGBONNA, Friday Irehu",NGR,M,,,,1819,0,40,SEP25,1975,
8513252,"OGBONNA, Ugochukwu",NGR,M,,,,1755,0,40,SEP25,2000,
8500630,"OGBONNAYA, Obinna",NGR,M,,,,AIM,1788,0,SEP25,1975,i
8505810,Ogbor Offoboche,NGR,M,,,,2055,0,20,SEP25,1980,i
8540268,"OGBUANI, Harmony Ikenna",NGR,M,,,,1815,0,40,SEP25,2006,
8545456,"OGBUNAMIRI, Chidubem",NGR,M,,,,1726,5,40,SEP25,2008,
8509182,"OGIEVA, Seth",NGR,M,,,,1831,0,20,SEP25,1996,i
8509433,Ogirigbo Okiemute Roland,NGR,M,,,,1959,0,40,SEP25,1984,i
8505985,OGIRIMA FRANCIS,NGR,M,,,,2107,0,20,SEP25,1978,i
8507678,Ogodogbo Kingsley,NGR,M,,,,2069,0,40,SEP25,1978,i
8504601,"OGOLOWA, Clifford",NGR,M,,,,1934,0,20,SEP25,1973,i
108105351,"Ogor, A. Anthony",NGR,M,,,,AFM,1803,0,SEP25,1971,
8509158,Ogosi Raphael-Mary,NGR,M,,,,2106,0,20,SEP25,1999,i
8512400,"OGREGADE, Ileimokumo",NGR,M,,,,1876,0,20,SEP25,1975,i
8513090,"OGUNBAYO, Joseph Oluwafunminire",NGR,M,,,,1484,2,40,SEP25,2013,
8519323,OGUNDARE Okiki Favour,NGR,M,,,,1834,0,20,SEP25,2002,
8510989,"OGUNDARE, Ayomide Abraham",NGR,M,,,,1886,0,20,SEP25,2002,
8521484,"OGUNDARE, Tunmise",NGR,M,,,,1669,0,40,SEP25,2008,i
8507783,Ogunderu Ifeoluwadayo Noah,NGR,M,,,,1665,0,20,SEP25,1996,i
8511179,Ogundipe Anthony Olayemi,NGR,M,,,,1849,0,40,SEP25,2006,i
8529396,"OGUNFOWOKE, Veronica",NGR,F,,,,1608,0,40,SEP25,2009,w
8506418,Ogunlana Jimi,NGR,M,,,,2115,0,40,SEP25,1996,
8521603,"OGUNMOLA, Babalola",NGR,M,,,,1632,0,40,SEP25,2003,i
8559163,"OGUNMOLA, Fidel Olamide",NGR,M,,,,1567,1,40,SEP25,2009,
8507830,"OGUNSANYA, Tobiloba",NGR,M,,,,1915,4,20,SEP25,2001,
8536759,"OGUNSEYE, Oluwaforefunmi",NGR,M,,,,1667,0,40,SEP25,2012,
8536945,"OGUNSHILE, Oluwaseun David",NGR,M,,,,1868,0,40,SEP25,2000,
8500231,"Ogunshola, Ben",NGR,M,,,,2057,0,20,SEP25,0,
8502323,"OGUNSIKU, Babatunde",NGR,M,,SI,,1969,0,20,SEP25,1985,
8516600,"OGUNTONA, Abraham",NGR,M,,,,1889,0,20,SEP25,1999,
8501521,"OGUNWOBI, Tolulope",NGR,M,,SI,,2132,0,20,SEP25,1977,i
8522812,"Ogwuche, Jonathan",NGR,M,,,,1729,0,40,SEP25,1984,
8512442,Ohaka Brighit Ndidi,NGR,M,,,,1874,0,40,SEP25,1972,i
8514097,"OJI, Matthew",NGR,M,,,,1959,0,20,SEP25,2000,i
8523207,"OJIAH, Marzuk",NGR,M,,,,1871,0,40,SEP25,2003,
8504113,"OJIKUTU, Samuel",NGR,M,,,,1958,0,20,SEP25,1985,
8506701,"Ojo, Damilola",NGR,M,,,,2022,0,20,SEP25,1995,i
8501351,"Ojo, Daniel",NGR,M,,NI,,1906,0,20,SEP25,1987,i
8519331,"OJO, David Oluwatoyosi",NGR,M,,,,1895,0,20,SEP25,2003,
8504121,"Ojo, John",NGR,M,,,,1984,0,20,SEP25,0,i
8536813,"OJO, Similoluwa",NGR,F,,,,1656,0,40,SEP25,2005,w
8511489,Ojomo Nifemi Solomon,NGR,M,,SI,,1804,0,40,SEP25,1998,
8508321,Oke Onoruvie,NGR,M,,,,2006,0,40,SEP25,1973,
8521590,"OKE, Oludotun Ezekiel",NGR,M,,,,1839,0,40,SEP25,1977,i
8508526,"OKEKE, Isaac Chukwudalu",NGR,M,IM,,,2121,0,20,SEP25,2003,i
8547092,"OKEKEDIKE, Ogechukwu Gregory",NGR,M,,,,1795,0,40,SEP25,1983,
8529965,"OKEKEUCHE, Stanley Nnabuife",NGR,M,,,,1737,0,40,SEP25,2004,
8513619,Okeleye David Timilehin,NGR,M,,,,1749,0,20,SEP25,2000,i
8514429,Okeleye David Timilehin,NGR,M,,,,1825,0,40,SEP25,1998,
8515735,"OKELEYE, Andrew Ayoola",NGR,M,,,,1656,0,40,SEP25,2003,
8508534,"OKEMAKINDE, Toluwanimi",NGR,M,,,,2106,0,20,SEP25,2002,
8518084,"OKEZIE-ONYEMA, Daniel Guzorochi",NGR,M,,,,1884,0,40,SEP25,2000,
8509069,"OKHIPO, Bartholomew Emmanuel",NGR,M,,,,2119,0,20,SEP25,1997,
8500134,"Okike, David",NGR,M,CM,,,2143,0,20,SEP25,1960,
8528489,"OKO, Akachukwu Joseph",NGR,M,,,,1445,5,40,SEP25,2017,
8513546,Okoh Nelson Udoka,NGR,M,,,,1832,0,20,SEP25,1986,i
8511918,"OKOJIE, Douglas Ehiabhi",NGR,M,,,,1885,0,40,SEP25,1981,i
8515905,"OKOJIE, Osakwe Simeon",NGR,M,,,,1875,0,20,SEP25,2002,
8543461,"OKOLIE, Frank Uzochukwu",NGR,M,,,,1805,0,40,SEP25,2001,
8513279,"OKONKWO, Francis",NGR,M,,,,1831,4,20,SEP25,2004,
8504130,"OKONKWO, Ifeanyi Walter",NGR,M,,,,2062,0,20,SEP25,1987,i
8543402,"OKONKWO, Ikechukwu",NGR,M,,,,1769,0,40,SEP25,1986,
8506523,"Okonye, Sampson Ichiban",NGR,M,,,,1914,0,20,SEP25,1983,i
8544824,"OKORIE - KALU, Kelechi Emmanuel",NGR,M,,,,1767,5,40,SEP25,1996,
8505977,OKORIE CHIEDOZIE OGUGUAMAKWA,NGR,M,,,,1734,0,40,SEP25,1995,
8508542,"Okorie, Chibuike Arnold",NGR,M,,,,1801,0,40,SEP25,1994,
8506710,"Okorie, Kelechi",NGR,M,,,,1905,0,20,SEP25,1977,i
8521930,"OKORIE, Phillip Chukwuebuka",NGR,M,,,,1807,0,40,SEP25,1999,i
8536066,"Okotete, David",NGR,M,,,,1813,0,40,SEP25,1986,
8512493,"OKPAKPO, Sunny",NGR,M,,,,1886,0,20,SEP25,1975,
8507317,OKPALANZE OBIAJULU,NGR,M,,,,1699,0,40,SEP25,1990,i
8502358,"Okpo, Uwe",NGR,M,,,,1981,0,20,SEP25,1984,i
8508119,"OKPONGETE, Edidiong Aniefiok",NGR,M,,,,1994,0,20,SEP25,1990,
8503397,"OKUBOARERE, Karebo",NGR,M,,,,2002,0,20,SEP25,1980,
8534551,"OKWUOSA, Chukwunonso Emmanuel",NGR,M,,,,1948,4,40,SEP25,2010,
8541469,"OKWUOSA, Joshua Ifeanyi",NGR,M,,,,2034,0,40,SEP25,2005,
8507716,Ola Yusuf,NGR,M,,,,1863,0,20,SEP25,1990,i
8535280,"OLA, Elijah Praise",NGR,M,,,,1745,2,40,SEP25,2010,
8503400,"OLABISI, Oluwaseun Elizabeth",NGR,F,,NA,,1760,0,20,SEP25,1986,w
8519366,OLABIYI EMMANUEL OLUWAPELUMI,NGR,M,,,,1784,0,20,SEP25,2003,i
8506280,"OLADELE, Oluwole",NGR,M,,,,1952,5,20,SEP25,1977,
8537909,"OLADIMEJI, Ibukunoluwa",NGR,M,,,,1494,0,40,SEP25,2016,
8537925,"OLADIMEJI, Inioluwa",NGR,M,,,,1501,3,40,SEP25,2011,
8537917,"OLADIMEJI, Obaloluwa",NGR,M,,,,1512,0,40,SEP25,2014,
8507562,"OLADIPO, Biola Edward",NGR,M,,,,2117,0,20,SEP25,1980,
8534136,"OLADIRAN, Ibrahim Iyanuoluwa",NGR,M,,,,1818,0,40,SEP25,2006,
8517797,"OLADUNJOYE, Samuel",NGR,M,,,,1852,0,40,SEP25,1996,
8550417,"OLAGUNJU, Elijah",NGR,M,,,,1670,0,40,SEP25,2004,
8501092,"Olaleye, Oladejo",NGR,M,,,,AIM,1793,0,SEP25,1978,i
8511519,Olaniran Oluwatosin Emmanuel,NGR,M,,,,1966,0,20,SEP25,1997,i
8517860,"OLANIYAN, Taofeek Oladimeji",NGR,M,,,,1748,0,20,SEP25,1994,
8500940,"OLANREWAJU, Ajibola",NGR,M,,,,2209,0,20,SEP25,1975,
8536830,"OLANREWAJU, Nasirullah Idowu",NGR,M,,,,1941,0,40,SEP25,2000,
8536678,"OLAONIPEKUN, Olamide Peace",NGR,M,,,,1696,3,40,SEP25,2005,
8511802,Olaoye Ayobami Kazeem,NGR,M,,NA,,1721,0,40,SEP25,1983,
8545910,"OLAPADE, Oluwanifemi Iyiola",NGR,M,,,,1661,0,40,SEP25,2011,
8500290,"Olape, Bunmi",NGR,M,IM,,,2233,0,20,SEP25,1973,i
8541426,"OLATUNBOSUN, Olajide Ayodeji",NGR,M,,,,1718,0,40,SEP25,1981,i
8543275,"OLATUNJI, Israel Oladotun",NGR,M,,,,1736,0,40,SEP25,2004,
8525960,"OLAYODE, Goriola",NGR,M,,,,1549,2,40,SEP25,2011,
8543623,"OLIME, David Ikponmwosa",NGR,M,,,,1922,4,40,SEP25,1998,
8511390,"Olisa, Tennyson Ewomazino",NGR,M,,,,1985,0,20,SEP25,2003,
8549320,"OLOJEDE, Abdulmalik",NGR,M,,,,1582,0,40,SEP25,2012,
8512884,Olomitutu Richard Oluwatobi,NGR,M,,,,1877,0,20,SEP25,1993,i
8504512,Olomola Olusegun,NGR,M,,,,1865,0,20,SEP25,1961,
8558531,"OLORUNFEMI, Ayanfe Abraham",NGR,M,,,,1696,0,40,SEP25,2013,
8536597,"OLOTU, Olanrewaju Thomas",NGR,M,,,,1705,0,40,SEP25,1979,
8507899,"OLOWE, Iyanuoluwa Glory",NGR,F,,,,1822,0,20,SEP25,2001,wi
8542201,"OLOWOLAYEMO, Rotimi",NGR,M,,,,1830,0,40,SEP25,2002,
8526680,"OLUBIYO, Solomon Dare",NGR,M,,,,1598,0,40,SEP25,2006,
8521450,Olubode Henry,NGR,M,,,,1699,0,40,SEP25,1996,i
8523657,"OLUDOYI, Olajide Oluwatoyin",NGR,M,,,,1772,0,20,SEP25,1994,
8537658,"OLUKIRAN, Praise Oluwadabira",NGR,M,,,,1741,6,40,SEP25,2004,
8572925,"OLUMAYOWA, Daniel Olumayokun",NGR,M,,,,1648,5,40,SEP25,2008,
8550085,"OLUSA, Oluwadamilare Michael",NGR,M,,,,1968,0,40,SEP25,1988,
8505969,OLUSOGA OLAWALE,NGR,M,,,,1969,0,40,SEP25,1983,i
8501165,"Olutola, Taiwo",NGR,M,,,,1738,0,20,SEP25,1969,i
8536910,OLUWA Adebayo Rasheed,NGR,M,,,,1840,0,40,SEP25,1978,
8504156,"Oluwadara, Adegbayi",NGR,M,,LSI,,2008,0,20,SEP25,0,i
8508313,"OLUWADARE, Samuel",NGR,M,,,,1994,0,20,SEP25,2000,i
8503435,"Oluwalasinu, Bamidele Adebusayo",NGR,M,,,,2122,0,20,SEP25,1981,i
8503427,"Oluwalasinu, Lanre Seye",NGR,M,,SI,,2027,0,20,SEP25,1983,i
8508380,Oluwaseyitan Timothy,NGR,M,,,,1936,0,20,SEP25,1999,i
8500266,"OLUWASEYITAN, Femi",NGR,M,,,,2060,6,20,SEP25,1961,
8506736,"Oluwatoyin, Femi",NGR,M,,,,1860,0,20,SEP25,1977,
8531897,"OLUWOGA, Jacob Afolabi",NGR,M,,,,1586,0,40,SEP25,1997,
8512418,"OMBU, Michael Ayebaton",NGR,M,,,,1741,0,20,SEP25,1977,
8511250,"OMIMI-OKORO, Brume",NGR,F,,,,1574,0,40,SEP25,1997,wi
8504768,Omisakin Praises Akinloluwa,NGR,M,,,,1954,0,20,SEP25,1996,i
8510032,"OMOBOWALE, Omolara",NGR,M,,,,1648,0,40,SEP25,1997,
8508011,Omojola George,NGR,M,,,,1923,0,20,SEP25,1997,i
8533598,"OMOJOLAIBI, Oluwanifemi Emmanuel",NGR,M,,,,1827,0,40,SEP25,2012,
8533601,"OMOJOLAIBI, Victor Ireoluwa",NGR,M,,,,1705,0,40,SEP25,2014,
8503460,"Omojuwa, Joseph",NGR,M,,,,1944,0,20,SEP25,1987,i
8513422,OMOLAYO AYOMIDE,NGR,M,,,,1947,0,20,SEP25,1998,i
8500487,"Omorere, Benjamin Aruoture",NGR,M,CM,,,2169,6,20,SEP25,1976,
8508593,"OMOSEBI, Adebowale",NGR,M,,SI,,1959,0,20,SEP25,1976,i
8521050,"OMOSOWONI, Femi Samuel",NGR,M,,SI,,1686,0,20,SEP25,1991,i
8536821,"OMOTAYO, Eyimofe",NGR,M,,,,1852,0,40,SEP25,2003,i
8507473,"OMOTAYO, Toluwanimi",NGR,M,,,,1848,0,20,SEP25,1988,
8522200,"OMOTOLA, Abdulmuheez",NGR,M,,,,1660,0,40,SEP25,2006,
8527415,"OMOTOLA, Oladimeji",NGR,M,,,,1869,0,20,SEP25,1984,i
8509646,"OMOTOSO, Emmanuel Adewale",NGR,M,,,,1757,5,20,SEP25,1996,
8513112,Omoyele Michael,NGR,M,,,,1636,0,40,SEP25,2005,i
8503478,"OMUDU, Paul Echikwu",NGR,M,,,,1700,0,40,SEP25,1975,
8554650,"OMUJI, Godspower Elijah",NGR,M,,,,1754,0,40,SEP25,2000,
8514968,ONABAJO JEREMIAH,NGR,M,,,,1560,0,40,SEP25,1995,
8511497,"ONABOTE, Olasubomi John",NGR,M,,,,1957,0,20,SEP25,1997,
8501084,"Onche, Ikwue",NGR,M,,,,1743,0,20,SEP25,1980,i
8513384,ONI EMMANUEL PRIME OLUWATOBI,NGR,M,,,,1826,0,20,SEP25,1999,i
8501181,"ONOJA, Iyefu Joy",NGR,F,,,,1849,0,20,SEP25,2004,w
8503486,"ONOKPITE, Kennedy",NGR,M,CM,,,2103,0,20,SEP25,1987,i
8516952,ONORIODE BERNICE,NGR,F,,,,1568,0,40,SEP25,2011,w
8501424,"ONOVUGHE, Ochuko Emmanuel",NGR,M,FM,,,2140,0,20,SEP25,1981,i
8528462,"ONUJA, Sanusy",NGR,M,,,,AFM,1620,0,SEP25,1979,
8510040,Onuoha Prince,NGR,M,,,,2002,0,20,SEP25,1993,i
8505837,"ONUOHA, Obioma",NGR,M,,SI,,2097,0,20,SEP25,1971,
8529493,"ONWUKWE, Chidiebere",NGR,M,,,,1770,0,40,SEP25,1991,i
8521310,"ONWUSILIKAM, Kenneth",NGR,M,,,,1719,0,40,SEP25,1982,
8548730,"ONYEBUCHI, Nkemjika Patrick",NGR,M,,,,1926,0,40,SEP25,1989,
8506566,Onyekwere Chika,NGR,M,,,,1741,0,40,SEP25,1993,i
8516847,Onyekwere Victory Iheoma,NGR,F,,,,1831,0,40,SEP25,2000,w
8500428,"Onyekwere, Chikwere",NGR,M,CM,,,2213,0,20,SEP25,1985,i
8508860,"ONYEKWERE, Macdonald",NGR,M,,,,2067,0,20,SEP25,1979,
8509239,"ONYEMUWA, Victor",NGR,M,,,,2044,0,20,SEP25,1989,
8506272,"OPADEY,I Bayo",NGR,M,,,,2051,0,20,SEP25,1974,i
8512906,Opadijo Adeniyi Felix,NGR,M,,,,1667,0,40,SEP25,1991,i
8535701,"OPHIBIKORO, Godspower Efe",NGR,M,,,,1710,0,20,SEP25,2004,
8527610,"OPOIKUMO, Kerina Maxwell",NGR,M,,,,1780,0,40,SEP25,1984,
8501254,"Oragwu, Chukwunonso",NGR,M,FM,,,2109,0,20,SEP25,1990,
8539723,"ORE, Olajide Francis",NGR,M,,,,1926,0,40,SEP25,1982,
8518190,OROGUN SAMUEL,NGR,M,,,,1837,0,20,SEP25,1996,i
8511020,"OSADEBE, Emmanuel",NGR,M,,,,1905,0,40,SEP25,2008,i
8511039,"OSADEBE, Michael Ikechukwu",NGR,M,,,,1963,0,40,SEP25,2005,i
8518319,OSAGIE IGWE MATTHEW,NGR,M,,,,1630,0,40,SEP25,2003,i
8513244,"OSANEBI, Marvellous",NGR,M,,,,1720,0,40,SEP25,1999,
8517614,"OSAYANDE, Kingsley",NGR,M,,,,1737,0,40,SEP25,2008,i
8515638,"OSIDEKO, Opeoluwa",NGR,M,,,,1895,0,20,SEP25,2003,
8536708,"OSIFEKO, Abisoye Dave",NGR,M,,,,1719,0,40,SEP25,1993,
8529353,"OSIFO, Japhet",NGR,M,,,,1805,0,40,SEP25,2004,i
8514194,"OSIKOYA, Aduratofunmi",NGR,M,,,,1795,0,40,SEP25,2005,
8525170,"OSILADE, Oluwapelumi Israel",NGR,M,,,,1767,0,20,SEP25,2002,i
8525358,"OSISANWO, Ifeoluwa Emmanuel",NGR,M,,,,1765,5,20,SEP25,2005,
8500789,"Osiyemi, Lara",NGR,M,,,,1855,0,20,SEP25,1961,i
8510067,Osoba Abayomi,NGR,M,,,,1947,0,20,SEP25,1984,i
8559775,"OSOTULE, Victor Dike",NGR,M,,,,1899,0,40,SEP25,1969,
8501190,"Osundinakin, Omoyemi",NGR,F,,"SI,NA",,1757,0,20,SEP25,1982,w
8502439,"OSUNFUYI, Abimbola",NGR,M,FM,SI,,2289,0,20,SEP25,1994,i
8502447,"Osunkoya, Sulaiman.o.",NGR,M,,,,1933,0,20,SEP25,1988,i
8502455,"Otaru, Benjamin",NGR,M,,,,1926,0,40,SEP25,0,
8504539,"OTHMAN, Fuenshak",NGR,M,,,,1995,5,20,SEP25,1983,
8500797,"Othman, Mustapha",NGR,M,,,,2091,6,20,SEP25,1984,
8530270,"OTOMEWO, Daniel",NGR,M,,,,1714,0,40,SEP25,1979,
8529523,"OTUNUBI, Abraham Afolabi",NGR,M,,,,1644,0,40,SEP25,2008,
8541205,"OTUNUBI, David Ajibola",NGR,M,,,,1611,0,40,SEP25,2014,
8529060,"OTUNUBI, Samson Olugbenga",NGR,M,,,,1676,0,40,SEP25,1969,
8538727,"OWEIAGBEKEME, Precious Peremobowei",NGR,M,,,,1876,0,20,SEP25,1999,
8509603,OWOLABI Adeniran Omoloja,NGR,M,,,,1892,0,20,SEP25,1963,i
8555370,"OWOLABI, Olamide",NGR,M,,,,1844,0,40,SEP25,2001,
8510482,"OWOLABI, Olayiwola Nasiru (Dr.)",NGR,M,,,,1888,0,20,SEP25,1960,i
8510342,"OWOWA, Adeyemi David",NGR,M,,,,1861,0,40,SEP25,1975,
8508720,"OYAKHILOME, Daniel Oise",NGR,M,,,,1915,8,20,SEP25,2001,
8508739,"OYAKHILOME, David Oise",NGR,M,,,,1961,7,20,SEP25,2001,
8503508,"OYAMA, Ekok Oyama",NGR,M,CM,,,1924,0,20,SEP25,1986,
8500851,"OYEBANJI, Ademola Peter",NGR,M,,,,1806,0,20,SEP25,1962,i
8538735,"OYEL AMAKURO, Minalabh",NGR,M,,,,1858,0,40,SEP25,1997,i
8507961,Oyelabi Jonathan,NGR,M,,,,1901,0,20,SEP25,2000,i
8511098,"OYELESE, Iyiola Ayodeji",NGR,M,,,,1773,0,20,SEP25,1992,i
8502900,"OYELESE, Mayomi Olayinka",NGR,F,,"SI,NA",,1749,0,20,SEP25,1977,w
8505624,"OYELEYE, Olawale Peter",NGR,M,,,,1887,0,20,SEP25,1985,i
8512515,"OYEMAECHI, Florizel Chiedozie",NGR,M,,,,1933,0,20,SEP25,2000,i
8513376,OYENEKAN OLUWASEYITAN EVANGEL,NGR,M,,,,1919,0,20,SEP25,2000,i
8504202,"Oyenowo, Oluwafemi",NGR,M,,,,2040,0,20,SEP25,0,i
8513414,"OYEPITAN, Joshua Ayodeji",NGR,M,,,,1997,0,20,SEP25,1997,
8530556,"OYETUNDE, Hannah",NGR,F,,,,1425,3,40,SEP25,2009,w
8526249,"OYEWALE, Blessing Oluwapelumi",NGR,F,,,,1494,0,40,SEP25,2016,w
8537356,"OYEWALE, Fikayo Teminijesu",NGR,M,,,,1912,0,40,SEP25,2004,i
8501220,"OYEWALE, Oluchi Alexis (Mrs)",NGR,F,,,,1644,0,40,SEP25,1985,w
8539669,"OYEWOLE-OGUNNIYI, Oluwanifemi",NGR,M,,,,1783,0,40,SEP25,2008,i
8536511,"OYEWOPO, Olamilekan Saheed",NGR,M,,,,1936,0,40,SEP25,2005,
8558124,"OYINLOYE, Gbolahan Olawale",NGR,M,,,,1814,4,40,SEP25,2008,
8508224,Ozegbe Precious,NGR,F,,,,1808,0,20,SEP25,2001,wi
8515409,"OZEMOJE, Victoria Olohijie",NGR,F,,,,1741,0,40,SEP25,2002,w
8511730,"OZIEGBE, Promise",NGR,M,,,,2050,6,20,SEP25,1998,
8515794,Pakemi Joshua Funka-Akpo,NGR,M,,,,1781,0,20,SEP25,2000,i
8532729,"PATRICK, Merrilyn",NGR,F,,,,1537,0,40,SEP25,2008,w
8532737,"PATRICK, Priasel",NGR,M,,,,1773,0,40,SEP25,2010,
8512060,"PAUL, Doni Doni",NGR,M,,,,1828,0,40,SEP25,1983,
8538662,"PAUL, Kelvin",NGR,M,,,,1653,0,40,SEP25,2008,
8507864,Pelomoh Jessica,NGR,F,,,,1866,0,20,SEP25,2001,w
8555141,"PINAOWEI, Tamaraye Joseph",NGR,M,,,,1685,0,40,SEP25,2006,
8502471,"Plumptre, Adeola",NGR,M,,,,1818,0,20,SEP25,0,i
8529590,"POPOOLA, Taiwo Afopefoluwa",NGR,M,,,,1598,0,40,SEP25,2012,
8511080,QUADRI OLUWASEUN,NGR,M,,,,1817,0,40,SEP25,1984,i
8512248,"QUICKPEN, Abner Inifie",NGR,M,,,,1875,7,40,SEP25,2015,
8511616,"QUICKPEN, Deborah Ebimobo-ere",NGR,F,WCM,WCM,,2049,6,40,SEP25,2012,w
8504679,Rabiu Bashir,NGR,M,,,,1888,0,40,SEP25,1981,i
8501483,"Rabiu, Olabisi",NGR,F,WFM,WFM,,1726,0,20,SEP25,1976,wi
8505772,"RAPHEAL, Titoluwanimi Ibukunoluwa",NGR,M,,,,1963,0,20,SEP25,1999,i
8523371,"REUBEN, Bernice Adima",NGR,F,,,,1543,2,40,SEP25,2011,w
8503516,"Robert, Samuel",NGR,M,,,,1937,0,20,SEP25,0,i
8500169,"Robinson, Caesar",NGR,M,,,,2092,0,20,SEP25,0,i
8508550,Rojugbokan Olatunji,NGR,M,,,,2117,0,20,SEP25,1978,i
8508283,Roland Oladotun,NGR,M,,,,1896,0,20,SEP25,1975,
8503524,"Rowland, Dotun",NGR,M,,,,1740,0,40,SEP25,0,
8507627,"SADIQ, Adebola",NGR,M,,,,1777,0,20,SEP25,1999,i
8510725,"SALAKO, Clinton Oluwatoba",NGR,M,,,,1860,4,20,SEP25,2001,
8505640,SALAMI ABIMBOLA,NGR,M,,,,2038,0,20,SEP25,1989,i
8537780,"SALAMI, David Kolade",NGR,M,,,,1806,6,40,SEP25,2005,
8502056,"Salami, Oluwaseun",NGR,M,,,,1764,0,20,SEP25,0,i
8500754,"Salawu, Mutiu.Omobolaji",NGR,M,,,,2013,0,20,SEP25,1982,
8524637,"SALIHU, Bala Salihu",NGR,M,,,,1974,0,40,SEP25,1977,
8537402,"SALIMON, Adebayo Abdulrasheed",NGR,M,,,,1810,0,40,SEP25,2003,i
8512914,"SAMBO, Joseph",NGR,M,,,,2007,4,40,SEP25,2008,
8522553,"SAMBO, Samson Oluwapelumi",NGR,M,,,,1728,2,40,SEP25,2010,
8506485,"Samson, Peace",NGR,F,,,,1916,0,20,SEP25,1994,w
8511950,Samuel Abiola Robinson,NGR,M,,,,1472,0,40,SEP25,1998,i
8502480,"Samuel, George",NGR,M,,,,1882,0,20,SEP25,0,i
8530335,"SAMUELSON, Peace Mankam",NGR,F,,,,1691,0,40,SEP25,2012,w
8515158,"SANNI, Fawaz",NGR,M,,,,1946,0,20,SEP25,2003,
8508020,Sawyerr Bankole,NGR,M,,,,1911,0,20,SEP25,1996,
8514585,Sema Sokpo,NGR,M,,,,1952,0,40,SEP25,1985,
8531749,"SHADRACH, Idara",NGR,F,,,,1603,0,40,SEP25,2012,wi
8536503,"SHALOM, Temidayo",NGR,M,,,,1676,3,40,SEP25,2008,
8524564,"SHAMBE, Iornum Hembe",NGR,M,,,,1771,0,40,SEP25,1971,
8551936,"SHEFIU, Olabisi",NGR,M,,,,1679,0,40,SEP25,2021,
8533660,"SHERIF, Kamarudeen",NGR,M,,,,1678,0,40,SEP25,1996,
8506493,Sherriff Daramola,NGR,M,,,,1808,0,40,SEP25,1982,
8513856,"SHOBOYEJO, Oloruntobi Ayomipo",NGR,M,,,,1959,5,20,SEP25,2004,
8510407,Smith Oluwadara Daniel,NGR,M,,,,1792,5,20,SEP25,1990,
8510490,"SOFOLUWE, Olabode",NGR,M,,,,1792,0,20,SEP25,1990,i
8548137,"SOKEFUN, Nifemi Emmanuel",NGR,M,,,,1793,5,40,SEP25,2005,
8513104,"SOLIU, Hassann",NGR,M,,,,1919,0,20,SEP25,2006,
8512930,"SOLIU, Wasiu",NGR,M,,,,1708,0,40,SEP25,2005,i
8500223,"Sorungbe, Ademola",NGR,M,CM,,,2228,0,20,SEP25,1983,i
8533946,"SOYINKA, Temidayo Akinbode",NGR,M,,,,1788,0,40,SEP25,1987,
8502510,"SOYOYE, Abel",NGR,M,,,,2056,0,20,SEP25,1986,i
8510954,"Suberu, Michael Oluwaseyi",NGR,M,,,,AIM,1921,0,SEP25,1987,i
8536490,"SULEIMAN, Abdulsamad",NGR,M,,,,1826,0,40,SEP25,2010,
8510504,"SULEIMAN, Azumi Ayisha",NGR,F,,,,1843,0,20,SEP25,2002,w
8537291,"SULEIMAN, Haruna",NGR,M,,,,1743,0,40,SEP25,1991,
8536554,"SUMAREH, Mohammed Mustapha",NGR,M,,,,1781,0,40,SEP25,1999,i
8510415,"TABUGBO, Chimezie Dismat",NGR,M,,,,1932,0,20,SEP25,1985,
8529574,"TAIWO, Daniel Olamide",NGR,M,,,,1676,0,40,SEP25,2011,
8540608,"TAIWO, Ibrahim",NGR,M,,,,1773,0,40,SEP25,2012,
8530548,"TAIWO, Quyum",NGR,M,,,,1595,0,40,SEP25,2009,
8517037,"TAKEET, Olayinka Ezekiel",NGR,M,,,,1956,0,40,SEP25,1985,
8531889,"TAWOSE, David Akintunde",NGR,M,,,,1758,0,40,SEP25,1998,
8511624,Temidire Samuel Ogedazi,NGR,M,,,,1818,0,20,SEP25,1985,i
8530319,"TENMANG, Kyenret Elisha",NGR,F,,,,1638,0,40,SEP25,2017,w
8527725,"THOMPSON, Aquilla Wisdom",NGR,M,,,,1727,0,40,SEP25,2011,
8513325,"THOMPSON, Richard",NGR,M,,,,1842,0,40,SEP25,2006,i
8512450,"TIMIGHE, Shadrack Perekeme",NGR,M,,,,1927,0,20,SEP25,1987,
8503575,"TINUBU, Babajide",NGR,M,,,,2044,0,20,SEP25,1988,
8507350,Tobun Olajide Oladapo,NGR,M,,,,ACM,1954,0,SEP25,1978,i
8538956,"TOKORO, Ayibaemi Victory",NGR,F,,,,1489,0,40,SEP25,2013,w
8519994,"TOMMY, Nkekere",NGR,M,,,,1862,0,40,SEP25,1979,
8549826,"TONY, Godwill",NGR,M,,,,1772,0,40,SEP25,1992,
8528594,"TYOWASE, Toryila Promise",NGR,M,,,,1837,4,40,SEP25,2010,
8523134,"TYOWASE, Tyover Collins",NGR,M,,,,1910,4,40,SEP25,2007,
8513147,UBA EFE,NGR,M,,,,1961,4,20,SEP25,1992,
8509441,"UBAEZUONU, Johnson",NGR,M,,,,1866,0,20,SEP25,1991,i
8530076,"UBANDOMA, Benedict Ritji",NGR,M,,,,1681,0,40,SEP25,1997,i
8531277,"UBANDOMA, Charles Bitrus",NGR,M,,,,1837,0,20,SEP25,1979,
8573883,"UBARUGU, Felix",NGR,M,,,,2038,7,40,SEP25,2008,
8546878,"UBEZE, Dominic Osewe",NGR,M,,,,1674,0,40,SEP25,2007,
8513333,UBONG AUGUSTINE IFIOKOBONG,NGR,M,,,,1950,0,20,SEP25,2003,i
8507511,Uche Unachukwu,NGR,M,,,,1996,0,20,SEP25,1964,i
8542244,"UCHE, Chioma Grace",NGR,F,,,,1494,0,40,SEP25,2008,w
8548960,"UDOCHUKWU, Victor Chigozie",NGR,M,,,,1704,0,40,SEP25,2000,
8514160,UDOH AKAN SUNDAY,NGR,M,,,,1680,0,40,SEP25,1988,i
8520011,"UDOH, Gladstone Amos Jnr.",NGR,M,,,,1850,0,40,SEP25,2000,
8524963,"UDOH, Jedidiah Ememabasi",NGR,M,,,,1521,2,40,SEP25,2016,
8524572,"UDOH, Joethan Inyeneobong",NGR,M,,,,1577,0,40,SEP25,2014,
8555877,"UDOH, Michael Samuel",NGR,M,,,,1678,0,40,SEP25,1995,
8555001,"UFORMBA, Gideon",NGR,M,,,,1755,0,40,SEP25,1998,
8516936,"UGBOSU, Jerokhine Jerry",NGR,M,,,,1930,0,40,SEP25,1993,i
8516146,Ugheighele Assurance Oseiwe,NGR,F,,,,1793,0,20,SEP25,2002,wi
8549249,"UGO, Erekiye Ukiye",NGR,F,,,,1683,0,40,SEP25,2003,w
8520020,"UGOCHUKWU, Kenny",NGR,M,,,,1977,4,20,SEP25,1990,
8508348,"UGOCHUKWU, Onyema",NGR,M,,,,2012,0,20,SEP25,1986,i
8504229,"UGUSHIDAH, Ikorogbudu",NGR,M,,,,2064,0,20,SEP25,1982,
8519862,"UGWU, Jerry",NGR,M,,,,1770,0,20,SEP25,1984,i
8549532,"UKOSO, Emmanuel Kaase",NGR,M,,,,1855,4,40,SEP25,1988,
8544204,"UMOH, Ifiok Etop",NGR,M,,,,1988,0,40,SEP25,1983,
8544271,"UNUAJOHWOFIA, Ejiro",NGR,M,,,,1834,0,40,SEP25,1992,i
8502536,"UNWANA, Eugene Ekpoikong",NGR,M,FM,,,2088,0,20,SEP25,1982,
8525501,"UNYIME, Emmanuel Ekim",NGR,M,,,,1774,0,40,SEP25,2000,i
8540705,"URAIH, Patrick Onyeka",NGR,M,,,,2109,6,40,SEP25,2006,
8518203,"URIETO, Kristen Ivie",NGR,F,,,,1553,0,40,SEP25,2014,w
8510091,Usen Emmanuel,NGR,M,,,,1749,0,20,SEP25,1999,i
8508747,Usifoh Kristian Chinedu,NGR,M,,,,2008,0,20,SEP25,1988,
8556857,"USORO, Akanimo Albert",NGR,M,,,,1841,0,40,SEP25,1980,
8556725,"USULOR, Christian Nebeolisa",NGR,M,,,,1571,0,40,SEP25,2005,
8554838,"USULOR, Kingsley David",NGR,M,,,,1873,3,40,SEP25,2005,
8521492,"UTAM, Leo",NGR,M,,,,1793,0,40,SEP25,2007,
8510113,Utibe Etuk,NGR,M,,,,1867,0,20,SEP25,1980,i
8506507,UVOKEKE RICHARD,NGR,M,,,,1812,0,20,SEP25,1992,i
8513341,UWAKHONYE ISAAC,NGR,M,,,,1735,0,40,SEP25,2001,
8555117,"UWANAKA, David",NGR,M,,,,1872,0,40,SEP25,1983,
8512256,VANMAN STEPHEN TOINPRE,NGR,M,,,,1834,0,40,SEP25,2000,i
8513740,VYOM JAIN,NGR,M,,,,ACM,1473,0,SEP25,2012,i
8525196,"WARRIE, Anthony",NGR,M,,,,1587,0,40,SEP25,2009,
8524904,"WASHIK, Atari Ladi",NGR,F,,,,1572,2,40,SEP25,1975,w
8525072,"WASHIK-DALAHAM, Sarkinaan Isa",NGR,M,,,,1808,2,40,SEP25,2016,
8509654,Wellington Jighere,NGR,M,,,,2067,0,20,SEP25,1982,i
8514879,"WILLIAMS, Henry Olawale",NGR,M,,SI,,1888,0,40,SEP25,1978,
8510288,"WINSTON-ONYIAH, Sasha",NGR,M,,,,1948,0,20,SEP25,1986,i
8512272,"WOKO, Ayibamiedei Daniel",NGR,M,,,,1672,7,40,SEP25,2012,
8522960,"WUDIRI, Solomon Simon",NGR,M,,,,1861,0,40,SEP25,2007,
8523606,"YAHAYA, Abdulrazaq Omeiza",NGR,M,,,,1849,0,40,SEP25,2000,
8512388,"YAKIE, Donald Yinebon",NGR,M,,,,1917,7,20,SEP25,1978,
8512469,"YAKIE, Glad Nelson",NGR,M,,,,1928,7,40,SEP25,1998,
8521131,"YAKUBU, Daniel Musa",NGR,M,,,,1915,3,20,SEP25,2005,
8529124,"YAKUBU, Musa Abdulmuminu",NGR,M,,,,1786,0,40,SEP25,1998,i
8553378,"YEKEEN, Biodun",NGR,M,,,,1900,0,40,SEP25,1994,
8520070,"YOHANNA, Richard Adamu",NGR,M,,,,1979,0,40,SEP25,2003,
8512035,YOUSUO AYEBATARI,NGR,M,,,,1795,0,40,SEP25,1999,i
8531170,"YUSSUF, Idris Alani",NGR,M,,,,1584,0,40,SEP25,1985,
8545669,"YUSUF, Abdullahi Opeyemi",NGR,M,,,,1935,0,40,SEP25,2007,
8543321,"YUSUPH, Fadeelilah Eyikunmi",NGR,M,,,,1813,4,40,SEP25,2004,