[
  {
    "ID Number": "10245154"
  },
  {
    "ID Number": "10207538"
  },
  {
    "ID Number": "10291695"
  },
  {
    "ID Number": "10257853"
  },
  {
    "ID Number": "10247360"
  },
  {
    "ID Number": "10202650"
  },
  {
    "ID Number": "10220518"
  },
  {
    "ID Number": "10276971"
  },
  {
    "ID Number": "10242848"
  },
  {
    "ID Number": "10240101"
  },
  {
    "ID Number": "10235647"
  },
  {
    "ID Number": "10296905"
  },
  {
    "ID Number": "10219285"
  },
  {
    "ID Number": "10215743"
  },
  {
    "ID Number": "10272666"
  },
  {
    "ID Number": "10244026"
  },
  {
    "ID Number": "10235655"
  },
  {
    "ID Number": "10202749"
  },
  {
    "ID Number": "10234373"
  },
  {
    "ID Number": "10203672"
  },
  {
    "ID Number": "10234381"
  },
  {
    "ID Number": "10253262"
  },
  {
    "ID Number": "532017456"
  },
  {
    "ID Number": "10238549"
  },
  {
    "ID Number": "10218378"
  },
  {
    "ID Number": "10217355"
  },
  {
    "ID Number": "10200290"
  },
  {
    "ID Number": "10266984"
  },
  {
    "ID Number": "10203257"
  },
  {
    "ID Number": "10270485"
  },
  {
    "ID Number": "10240365"
  },
  {
    "ID Number": "10248099"
  },
  {
    "ID Number": "10207988"
  },
  {
    "ID Number": "10200193"
  },
  {
    "ID Number": "10211152"
  },
  {
    "ID Number": "10266550"
  },
  {
    "ID Number": "10260935"
  },
  {
    "ID Number": "532005288"
  },
  {
    "ID Number": "10211616"
  },
  {
    "ID Number": "10262555"
  },
  {
    "ID Number": "10260943"
  },
  {
    "ID Number": "10275720"
  },
  {
    "ID Number": "532003382"
  },
  {
    "ID Number": "10297995"
  },
  {
    "ID Number": "10269568"
  },
  {
    "ID Number": "10289240"
  },
  {
    "ID Number": "10213201"
  },
  {
    "ID Number": "10200916"
  },
  {
    "ID Number": "10211160"
  },
  {
    "ID Number": "10235663"
  },
  {
    "ID Number": "10208771"
  },
  {
    "ID Number": "532000073"
  },
  {
    "ID Number": "10202005"
  },
  {
    "ID Number": "10230033"
  },
  {
    "ID Number": "10275592"
  },
  {
    "ID Number": "532003110"
  },
  {
    "ID Number": "10288244"
  },
  {
    "ID Number": "10222308"
  },
  {
    "ID Number": "10223452"
  },
  {
    "ID Number": "10207481"
  },
  {
    "ID Number": "10283943"
  },
  {
    "ID Number": "532001070"
  },
  {
    "ID Number": "10265171"
  },
  {
    "ID Number": "10212582"
  },
  {
    "ID Number": "10201530"
  },
  {
    "ID Number": "10208313"
  },
  {
    "ID Number": "10293914"
  },
  {
    "ID Number": "10248269"
  },
  {
    "ID Number": "10214232"
  },
  {
    "ID Number": "532004265"
  },
  {
    "ID Number": "10201254"
  },
  {
    "ID Number": "10202021"
  },
  {
    "ID Number": "10201416"
  },
  {
    "ID Number": "10231455"
  },
  {
    "ID Number": "10202897"
  },
  {
    "ID Number": "10201564"
  },
  {
    "ID Number": "10200525"
  },
  {
    "ID Number": "10249486"
  },
  {
    "ID Number": "10203117"
  },
  {
    "ID Number": "2831193"
  },
  {
    "ID Number": "10255770"
  },
  {
    "ID Number": "10269592"
  },
  {
    "ID Number": "532017987"
  },
  {
    "ID Number": "10261095"
  },
  {
    "ID Number": "10287477"
  },
  {
    "ID Number": "10247505"
  },
  {
    "ID Number": "10267875"
  },
  {
    "ID Number": "10261109"
  },
  {
    "ID Number": "10239200"
  },
  {
    "ID Number": "10294830"
  },
  {
    "ID Number": "10222316"
  },
  {
    "ID Number": "10253866"
  },
  {
    "ID Number": "10234446"
  },
  {
    "ID Number": "10212426"
  },
  {
    "ID Number": "10265880"
  },
  {
    "ID Number": "10254870"
  },
  {
    "ID Number": "10278842"
  },
  {
    "ID Number": "10231250"
  },
  {
    "ID Number": "10203966"
  },
  {
    "ID Number": "10230394"
  },
  {
    "ID Number": "10201386"
  },
  {
    "ID Number": "10200606"
  },
  {
    "ID Number": "10201831"
  },
  {
    "ID Number": "10280073"
  },
  {
    "ID Number": "532002360"
  },
  {
    "ID Number": "10200479"
  },
  {
    "ID Number": "315277502"
  },
  {
    "ID Number": "10223460"
  },
  {
    "ID Number": "10262148"
  },
  {
    "ID Number": "10204504"
  },
  {
    "ID Number": "10204180"
  },
  {
    "ID Number": "10207554"
  },
  {
    "ID Number": "10203699"
  },
  {
    "ID Number": "10202684"
  },
  {
    "ID Number": "10203346"
  },
  {
    "ID Number": "10268480"
  },
  {
    "ID Number": "10280170"
  },
  {
    "ID Number": "10236600"
  },
  {
    "ID Number": "10242864"
  },
  {
    "ID Number": "10267689"
  },
  {
    "ID Number": "10208356"
  },
  {
    "ID Number": "10276041"
  },
  {
    "ID Number": "10253599"
  },
  {
    "ID Number": "10211934"
  },
  {
    "ID Number": "10225269"
  },
  {
    "ID Number": "532009208"
  },
  {
    "ID Number": "10294996"
  },
  {
    "ID Number": "10287485"
  },
  {
    "ID Number": "10299211"
  },
  {
    "ID Number": "10222324"
  },
  {
    "ID Number": "10215026"
  },
  {
    "ID Number": "10238832"
  },
  {
    "ID Number": "10213341"
  },
  {
    "ID Number": "10258256"
  },
  {
    "ID Number": "10293400"
  },
  {
    "ID Number": "10246789"
  },
  {
    "ID Number": "10269371"
  },
  {
    "ID Number": "10215956"
  },
  {
    "ID Number": "10231676"
  },
  {
    "ID Number": "10215034"
  },
  {
    "ID Number": "10249494"
  },
  {
    "ID Number": "10235671"
  },
  {
    "ID Number": "10250530"
  },
  {
    "ID Number": "10293922"
  },
  {
    "ID Number": "10284443"
  },
  {
    "ID Number": "10284664"
  },
  {
    "ID Number": "10277986"
  },
  {
    "ID Number": "10277684"
  },
  {
    "ID Number": "10283030"
  },
  {
    "ID Number": "10298410"
  },
  {
    "ID Number": "10252274"
  },
  {
    "ID Number": "10235361"
  },
  {
    "ID Number": "10263659"
  },
  {
    "ID Number": "10255869"
  },
  {
    "ID Number": "10285113"
  },
  {
    "ID Number": "10266992"
  },
  {
    "ID Number": "10273620"
  },
  {
    "ID Number": "532003420"
  },
  {
    "ID Number": "10225099"
  },
  {
    "ID Number": "10234390"
  },
  {
    "ID Number": "10224181"
  },
  {
    "ID Number": "315277496"
  },
  {
    "ID Number": "10264825"
  },
  {
    "ID Number": "10259767"
  },
  {
    "ID Number": "10257535"
  },
  {
    "ID Number": "10299238"
  },
  {
    "ID Number": "10223479"
  },
  {
    "ID Number": "10221425"
  },
  {
    "ID Number": "10234160"
  },
  {
    "ID Number": "10285121"
  },
  {
    "ID Number": "10260811"
  },
  {
    "ID Number": "10211187"
  },
  {
    "ID Number": "10278877"
  },
  {
    "ID Number": "10287604"
  },
  {
    "ID Number": "10268944"
  },
  {
    "ID Number": "10222863"
  },
  {
    "ID Number": "532008341"
  },
  {
    "ID Number": "10294899"
  },
  {
    "ID Number": "10297332"
  },
  {
    "ID Number": "10246266"
  },
  {
    "ID Number": "10269665"
  },
  {
    "ID Number": "10283668"
  },
  {
    "ID Number": "10297596"
  },
  {
    "ID Number": "10208810"
  },
  {
    "ID Number": "10224610"
  },
  {
    "ID Number": "10226273"
  },
  {
    "ID Number": "10231498"
  },
  {
    "ID Number": "10205179"
  },
  {
    "ID Number": "10235302"
  },
  {
    "ID Number": "10236961"
  },
  {
    "ID Number": "10282076"
  },
  {
    "ID Number": "10267360"
  },
  {
    "ID Number": "10280600"
  },
  {
    "ID Number": "10204067"
  },
  {
    "ID Number": "10208364"
  },
  {
    "ID Number": "10280189"
  },
  {
    "ID Number": "10203982"
  },
  {
    "ID Number": "10242481"
  },
  {
    "ID Number": "10250409"
  },
  {
    "ID Number": "10233407"
  },
  {
    "ID Number": "10201572"
  },
  {
    "ID Number": "10284729"
  },
  {
    "ID Number": "10268979"
  },
  {
    "ID Number": "10207147"
  },
  {
    "ID Number": "10233415"
  },
  {
    "ID Number": "532018754"
  },
  {
    "ID Number": "10235698"
  },
  {
    "ID Number": "10224220"
  },
  {
    "ID Number": "10202455"
  },
  {
    "ID Number": "10200932"
  },
  {
    "ID Number": "10225790"
  },
  {
    "ID Number": "10275797"
  },
  {
    "ID Number": "10204318"
  },
  {
    "ID Number": "10201947"
  },
  {
    "ID Number": "10203095"
  },
  {
    "ID Number": "10234209"
  },
  {
    "ID Number": "10202889"
  },
  {
    "ID Number": "10277102"
  },
  {
    "ID Number": "10277110"
  },
  {
    "ID Number": "10207570"
  },
  {
    "ID Number": "10201114"
  },
  {
    "ID Number": "10223266"
  },
  {
    "ID Number": "10218416"
  },
  {
    "ID Number": "10286306"
  },
  {
    "ID Number": "10278028"
  },
  {
    "ID Number": "10229639"
  },
  {
    "ID Number": "10227733"
  },
  {
    "ID Number": "10268758"
  },
  {
    "ID Number": "10201084"
  },
  {
    "ID Number": "532023448"
  },
  {
    "ID Number": "10254390"
  },
  {
    "ID Number": "10221662"
  },
  {
    "ID Number": "10255036"
  },
  {
    "ID Number": "10233830"
  },
  {
    "ID Number": "10291083"
  },
  {
    "ID Number": "10214860"
  },
  {
    "ID Number": "10245960"
  },
  {
    "ID Number": "10274928"
  },
  {
    "ID Number": "532009240"
  },
  {
    "ID Number": "10265325"
  },
  {
    "ID Number": "10217037"
  },
  {
    "ID Number": "10219498"
  },
  {
    "ID Number": "10290893"
  },
  {
    "ID Number": "10277773"
  },
  {
    "ID Number": "10286314"
  },
  {
    "ID Number": "10205918"
  },
  {
    "ID Number": "10290508"
  },
  {
    "ID Number": "10205926"
  },
  {
    "ID Number": "10215514"
  },
  {
    "ID Number": "532000146"
  },
  {
    "ID Number": "532000103"
  },
  {
    "ID Number": "10241310"
  },
  {
    "ID Number": "10279105"
  },
  {
    "ID Number": "10284451"
  },
  {
    "ID Number": "10242872"
  },
  {
    "ID Number": "10227253"
  },
  {
    "ID Number": "10242082"
  },
  {
    "ID Number": "532017723"
  },
  {
    "ID Number": "10295127"
  },
  {
    "ID Number": "10265910"
  },
  {
    "ID Number": "10205942"
  },
  {
    "ID Number": "532017731"
  },
  {
    "ID Number": "10267000"
  },
  {
    "ID Number": "10249010"
  },
  {
    "ID Number": "10208550"
  },
  {
    "ID Number": "10297340"
  },
  {
    "ID Number": "10282092"
  },
  {
    "ID Number": "10264302"
  },
  {
    "ID Number": "10253343"
  },
  {
    "ID Number": "10273638"
  },
  {
    "ID Number": "10202900"
  },
  {
    "ID Number": "10251227"
  },
  {
    "ID Number": "10235710"
  },
  {
    "ID Number": "10229213"
  },
  {
    "ID Number": "10223819"
  },
  {
    "ID Number": "10207899"
  },
  {
    "ID Number": "10277170"
  },
  {
    "ID Number": "10294864"
  },
  {
    "ID Number": "10269703"
  },
  {
    "ID Number": "10224246"
  },
  {
    "ID Number": "10220321"
  },
  {
    "ID Number": "10295410"
  },
  {
    "ID Number": "10201858"
  },
  {
    "ID Number": "10202617"
  },
  {
    "ID Number": "10261133"
  },
  {
    "ID Number": "10238646"
  },
  {
    "ID Number": "10226885"
  },
  {
    "ID Number": "10253645"
  },
  {
    "ID Number": "532003773"
  },
  {
    "ID Number": "10228446"
  },
  {
    "ID Number": "10219307"
  },
  {
    "ID Number": "10205977"
  },
  {
    "ID Number": "10228900"
  },
  {
    "ID Number": "10212434"
  },
  {
    "ID Number": "10290907"
  },
  {
    "ID Number": "10205373"
  },
  {
    "ID Number": "10204911"
  },
  {
    "ID Number": "10244050"
  },
  {
    "ID Number": "10200096"
  },
  {
    "ID Number": "10201890"
  },
  {
    "ID Number": "10226117"
  },
  {
    "ID Number": "10202714"
  },
  {
    "ID Number": "532002874"
  },
  {
    "ID Number": "10280081"
  },
  {
    "ID Number": "532001681"
  },
  {
    "ID Number": "10200754"
  },
  {
    "ID Number": "10200061"
  },
  {
    "ID Number": "10202218"
  },
  {
    "ID Number": "10201408"
  },
  {
    "ID Number": "10291253"
  },
  {
    "ID Number": "10201556"
  },
  {
    "ID Number": "10290850"
  },
  {
    "ID Number": "10203737"
  },
  {
    "ID Number": "10200312"
  },
  {
    "ID Number": "10204202"
  },
  {
    "ID Number": "10202730"
  },
  {
    "ID Number": "10235310"
  },
  {
    "ID Number": "10294902"
  },
  {
    "ID Number": "10216413"
  },
  {
    "ID Number": "532016689"
  },
  {
    "ID Number": "10286330"
  },
  {
    "ID Number": "10244069"
  },
  {
    "ID Number": "10258060"
  },
  {
    "ID Number": "10217932"
  },
  {
    "ID Number": "10200339"
  },
  {
    "ID Number": "10207090"
  },
  {
    "ID Number": "10201351"
  },
  {
    "ID Number": "10200649"
  },
  {
    "ID Number": "10201033"
  },
  {
    "ID Number": "10277625"
  },
  {
    "ID Number": "10202080"
  },
  {
    "ID Number": "10200959"
  },
  {
    "ID Number": "10203656"
  },
  {
    "ID Number": "10211233"
  },
  {
    "ID Number": "10200592"
  },
  {
    "ID Number": "10266666"
  },
  {
    "ID Number": "10233954"
  },
  {
    "ID Number": "10234403"
  },
  {
    "ID Number": "10273166"
  },
  {
    "ID Number": "10202960"
  },
  {
    "ID Number": "532011059"
  },
  {
    "ID Number": "10226303"
  },
  {
    "ID Number": "10202595"
  },
  {
    "ID Number": "10270787"
  },
  {
    "ID Number": "10201602"
  },
  {
    "ID Number": "10211667"
  },
  {
    "ID Number": "10216421"
  },
  {
    "ID Number": "10213163"
  },
  {
    "ID Number": "10230076"
  },
  {
    "ID Number": "10240110"
  },
  {
    "ID Number": "10278044"
  },
  {
    "ID Number": "10243909"
  },
  {
    "ID Number": "10217860"
  },
  {
    "ID Number": "10296450"
  },
  {
    "ID Number": "10229078"
  },
  {
    "ID Number": "10227466"
  },
  {
    "ID Number": "10201211"
  },
  {
    "ID Number": "10200975"
  },
  {
    "ID Number": "10204008"
  },
  {
    "ID Number": "10204512"
  },
  {
    "ID Number": "10200762"
  },
  {
    "ID Number": "10202552"
  },
  {
    "ID Number": "10200967"
  },
  {
    "ID Number": "10211870"
  },
  {
    "ID Number": "10202056"
  },
  {
    "ID Number": "10205560"
  },
  {
    "ID Number": "10202471"
  },
  {
    "ID Number": "10200428"
  },
  {
    "ID Number": "10205055"
  },
  {
    "ID Number": "10206035"
  },
  {
    "ID Number": "10205764"
  },
  {
    "ID Number": "10206043"
  },
  {
    "ID Number": "10202978"
  },
  {
    "ID Number": "10224505"
  },
  {
    "ID Number": "10230238"
  },
  {
    "ID Number": "10205675"
  },
  {
    "ID Number": "10209727"
  },
  {
    "ID Number": "10214062"
  },
  {
    "ID Number": "10243275"
  },
  {
    "ID Number": "10261150"
  },
  {
    "ID Number": "10219501"
  },
  {
    "ID Number": "10206833"
  },
  {
    "ID Number": "10263896"
  },
  {
    "ID Number": "10206051"
  },
  {
    "ID Number": "10229655"
  },
  {
    "ID Number": "10293426"
  },
  {
    "ID Number": "10212590"
  },
  {
    "ID Number": "10229230"
  },
  {
    "ID Number": "10253009"
  },
  {
    "ID Number": "10293434"
  },
  {
    "ID Number": "10263918"
  },
  {
    "ID Number": "10218645"
  },
  {
    "ID Number": "10262130"
  },
  {
    "ID Number": "10269754"
  },
  {
    "ID Number": "10267646"
  },
  {
    "ID Number": "10291482"
  },
  {
    "ID Number": "10269762"
  },
  {
    "ID Number": "10269789"
  },
  {
    "ID Number": "10221638"
  },
  {
    "ID Number": "10253432"
  },
  {
    "ID Number": "10267751"
  },
  {
    "ID Number": "532006691"
  },
  {
    "ID Number": "10219510"
  },
  {
    "ID Number": "10238441"
  },
  {
    "ID Number": "10235078"
  },
  {
    "ID Number": "10202390"
  },
  {
    "ID Number": "10201866"
  },
  {
    "ID Number": "10220348"
  },
  {
    "ID Number": "10202633"
  },
  {
    "ID Number": "10200266"
  },
  {
    "ID Number": "10201653"
  },
  {
    "ID Number": "10231277"
  },
  {
    "ID Number": "10221310"
  },
  {
    "ID Number": "10220534"
  },
  {
    "ID Number": "10246282"
  },
  {
    "ID Number": "10236562"
  },
  {
    "ID Number": "10246290"
  },
  {
    "ID Number": "10208534"
  },
  {
    "ID Number": "10202404"
  },
  {
    "ID Number": "10203591"
  },
  {
    "ID Number": "10215964"
  },
  {
    "ID Number": "10247203"
  },
  {
    "ID Number": "10249532"
  },
  {
    "ID Number": "10225129"
  },
  {
    "ID Number": "10282688"
  },
  {
    "ID Number": "10245472"
  },
  {
    "ID Number": "10237577"
  },
  {
    "ID Number": "10241850"
  },
  {
    "ID Number": "10224106"
  },
  {
    "ID Number": "10284460"
  },
  {
    "ID Number": "10213961"
  },
  {
    "ID Number": "532004214"
  },
  {
    "ID Number": "10293450"
  },
  {
    "ID Number": "10267654"
  },
  {
    "ID Number": "10298428"
  },
  {
    "ID Number": "10253963"
  },
  {
    "ID Number": "10268790"
  },
  {
    "ID Number": "10204350"
  },
  {
    "ID Number": "10200460"
  },
  {
    "ID Number": "10202781"
  },
  {
    "ID Number": "10213082"
  },
  {
    "ID Number": "10200843"
  },
  {
    "ID Number": "10213180"
  },
  {
    "ID Number": "10208569"
  },
  {
    "ID Number": "10206078"
  },
  {
    "ID Number": "10201734"
  },
  {
    "ID Number": "10203397"
  },
  {
    "ID Number": "10201793"
  },
  {
    "ID Number": "10276840"
  },
  {
    "ID Number": "10203192"
  },
  {
    "ID Number": "10250000"
  },
  {
    "ID Number": "10264329"
  },
  {
    "ID Number": "10265139"
  },
  {
    "ID Number": "10212698"
  },
  {
    "ID Number": "10214470"
  },
  {
    "ID Number": "10213384"
  },
  {
    "ID Number": "10203419"
  },
  {
    "ID Number": "10200797"
  },
  {
    "ID Number": "10282882"
  },
  {
    "ID Number": "10227288"
  },
  {
    "ID Number": "10234292"
  },
  {
    "ID Number": "10257705"
  },
  {
    "ID Number": "10212175"
  },
  {
    "ID Number": "10232397"
  },
  {
    "ID Number": "10220356"
  },
  {
    "ID Number": "10262245"
  },
  {
    "ID Number": "10232400"
  },
  {
    "ID Number": "10297324"
  },
  {
    "ID Number": "10225544"
  },
  {
    "ID Number": "10291989"
  },
  {
    "ID Number": "10203320"
  },
  {
    "ID Number": "10222170"
  },
  {
    "ID Number": "10234217"
  },
  {
    "ID Number": "10234039"
  },
  {
    "ID Number": "10279369"
  },
  {
    "ID Number": "10221484"
  },
  {
    "ID Number": "10291997"
  },
  {
    "ID Number": "10219021"
  },
  {
    "ID Number": "10264795"
  },
  {
    "ID Number": "10236570"
  },
  {
    "ID Number": "10224521"
  },
  {
    "ID Number": "10242252"
  },
  {
    "ID Number": "10292349"
  },
  {
    "ID Number": "10238980"
  },
  {
    "ID Number": "10244956"
  },
  {
    "ID Number": "10290532"
  },
  {
    "ID Number": "532012926"
  },
  {
    "ID Number": "10203508"
  },
  {
    "ID Number": "10221328"
  },
  {
    "ID Number": "10210016"
  },
  {
    "ID Number": "10212272"
  },
  {
    "ID Number": "10252177"
  },
  {
    "ID Number": "10292004"
  },
  {
    "ID Number": "10275851"
  },
  {
    "ID Number": "10228039"
  },
  {
    "ID Number": "10200177"
  },
  {
    "ID Number": "10210822"
  },
  {
    "ID Number": "10228578"
  },
  {
    "ID Number": "10289844"
  },
  {
    "ID Number": "10202129"
  },
  {
    "ID Number": "10277706"
  },
  {
    "ID Number": "10247939"
  },
  {
    "ID Number": "10261052"
  },
  {
    "ID Number": "10218297"
  },
  {
    "ID Number": "10203109"
  },
  {
    "ID Number": "10224009"
  },
  {
    "ID Number": "10275550"
  },
  {
    "ID Number": "10263160"
  },
  {
    "ID Number": "10247181"
  },
  {
    "ID Number": "10268952"
  },
  {
    "ID Number": "10226702"
  },
  {
    "ID Number": "10279539"
  },
  {
    "ID Number": "10225552"
  },
  {
    "ID Number": "10237879"
  },
  {
    "ID Number": "10261168"
  },
  {
    "ID Number": "10220720"
  },
  {
    "ID Number": "10234047"
  },
  {
    "ID Number": "10219552"
  },
  {
    "ID Number": "10245979"
  },
  {
    "ID Number": "532004583"
  },
  {
    "ID Number": "10207600"
  },
  {
    "ID Number": "10245995"
  },
  {
    "ID Number": "10200835"
  },
  {
    "ID Number": "532010540"
  },
  {
    "ID Number": "10254005"
  },
  {
    "ID Number": "10244085"
  },
  {
    "ID Number": "10242627"
  },
  {
    "ID Number": "10284826"
  },
  {
    "ID Number": "10227032"
  },
  {
    "ID Number": "10268391"
  },
  {
    "ID Number": "10290931"
  },
  {
    "ID Number": "10241388"
  },
  {
    "ID Number": "10248005"
  },
  {
    "ID Number": "10206574"
  },
  {
    "ID Number": "10245375"
  },
  {
    "ID Number": "10261591"
  },
  {
    "ID Number": "10204695"
  },
  {
    "ID Number": "10241884"
  },
  {
    "ID Number": "10260021"
  },
  {
    "ID Number": "10235752"
  },
  {
    "ID Number": "10274677"
  },
  {
    "ID Number": "10245430"
  },
  {
    "ID Number": "10260773"
  },
  {
    "ID Number": "532018762"
  },
  {
    "ID Number": "10244093"
  },
  {
    "ID Number": "10289275"
  },
  {
    "ID Number": "10211730"
  },
  {
    "ID Number": "10222669"
  },
  {
    "ID Number": "10241973"
  },
  {
    "ID Number": "10204717"
  },
  {
    "ID Number": "10207589"
  },
  {
    "ID Number": "10269835"
  },
  {
    "ID Number": "10269410"
  },
  {
    "ID Number": "10218475"
  },
  {
    "ID Number": "10295330"
  },
  {
    "ID Number": "10251634"
  },
  {
    "ID Number": "10235760"
  },
  {
    "ID Number": "10266445"
  },
  {
    "ID Number": "10282289"
  },
  {
    "ID Number": "10270841"
  },
  {
    "ID Number": "10288023"
  },
  {
    "ID Number": "10299521"
  },
  {
    "ID Number": "10202226"
  },
  {
    "ID Number": "10206744"
  },
  {
    "ID Number": "10289224"
  },
  {
    "ID Number": "532024983"
  },
  {
    "ID Number": "10206701"
  },
  {
    "ID Number": "10247416"
  },
  {
    "ID Number": "532017391"
  },
  {
    "ID Number": "10248161"
  },
  {
    "ID Number": "10273239"
  },
  {
    "ID Number": "10266208"
  },
  {
    "ID Number": "10258086"
  },
  {
    "ID Number": "10279261"
  },
  {
    "ID Number": "10258094"
  },
  {
    "ID Number": "10241892"
  },
  {
    "ID Number": "10288040"
  },
  {
    "ID Number": "10296492"
  },
  {
    "ID Number": "10214070"
  },
  {
    "ID Number": "10280103"
  },
  {
    "ID Number": "10266682"
  },
  {
    "ID Number": "10238450"
  },
  {
    "ID Number": "10228969"
  },
  {
    "ID Number": "10251243"
  },
  {
    "ID Number": "10299262"
  },
  {
    "ID Number": "532001517"
  },
  {
    "ID Number": "10206736"
  },
  {
    "ID Number": "10290940"
  },
  {
    "ID Number": "10276866"
  },
  {
    "ID Number": "10268421"
  },
  {
    "ID Number": "10246045"
  },
  {
    "ID Number": "10237607"
  },
  {
    "ID Number": "10277749"
  },
  {
    "ID Number": "10243038"
  },
  {
    "ID Number": "10269320"
  },
  {
    "ID Number": "10259040"
  },
  {
    "ID Number": "10201955"
  },
  {
    "ID Number": "10223134"
  },
  {
    "ID Number": "10236503"
  },
  {
    "ID Number": "10273255"
  },
  {
    "ID Number": "10277757"
  },
  {
    "ID Number": "10204415"
  },
  {
    "ID Number": "10275207"
  },
  {
    "ID Number": "10290958"
  },
  {
    "ID Number": "10242643"
  },
  {
    "ID Number": "10241914"
  },
  {
    "ID Number": "10235779"
  },
  {
    "ID Number": "10202927"
  },
  {
    "ID Number": "10245480"
  },
  {
    "ID Number": "10260455"
  },
  {
    "ID Number": "10257586"
  },
  {
    "ID Number": "532001096"
  },
  {
    "ID Number": "10224041"
  },
  {
    "ID Number": "10273263"
  },
  {
    "ID Number": "10235787"
  },
  {
    "ID Number": "10203800"
  },
  {
    "ID Number": "10232613"
  },
  {
    "ID Number": "10204865"
  },
  {
    "ID Number": "10282335"
  },
  {
    "ID Number": "10206183"
  },
  {
    "ID Number": "10227776"
  },
  {
    "ID Number": "10247840"
  },
  {
    "ID Number": "10245383"
  },
  {
    "ID Number": "10246088"
  },
  {
    "ID Number": "10262474"
  },
  {
    "ID Number": "10241990"
  },
  {
    "ID Number": "10275886"
  },
  {
    "ID Number": "10254480"
  },
  {
    "ID Number": "10218653"
  },
  {
    "ID Number": "10248030"
  },
  {
    "ID Number": "10275711"
  },
  {
    "ID Number": "10248374"
  },
  {
    "ID Number": "10242392"
  },
  {
    "ID Number": "10283951"
  },
  {
    "ID Number": "10246096"
  },
  {
    "ID Number": "10282696"
  },
  {
    "ID Number": "10261060"
  },
  {
    "ID Number": "10274286"
  },
  {
    "ID Number": "10245499"
  },
  {
    "ID Number": "10248170"
  },
  {
    "ID Number": "10235809"
  },
  {
    "ID Number": "10238697"
  },
  {
    "ID Number": "10248188"
  },
  {
    "ID Number": "10285652"
  },
  {
    "ID Number": "10244778"
  },
  {
    "ID Number": "10207333"
  },
  {
    "ID Number": "10254501"
  },
  {
    "ID Number": "10255311"
  },
  {
    "ID Number": "10288066"
  },
  {
    "ID Number": "10246118"
  },
  {
    "ID Number": "532017820"
  },
  {
    "ID Number": "10236180"
  },
  {
    "ID Number": "10246126"
  },
  {
    "ID Number": "10249320"
  },
  {
    "ID Number": "10271198"
  },
  {
    "ID Number": "10299971"
  },
  {
    "ID Number": "10246134"
  },
  {
    "ID Number": "10269274"
  },
  {
    "ID Number": "10227016"
  },
  {
    "ID Number": "10294333"
  },
  {
    "ID Number": "10227083"
  },
  {
    "ID Number": "10238700"
  },
  {
    "ID Number": "10242406"
  },
  {
    "ID Number": "10225170"
  },
  {
    "ID Number": "10225188"
  },
  {
    "ID Number": "532014368"
  },
  {
    "ID Number": "10279008"
  },
  {
    "ID Number": "10284478"
  },
  {
    "ID Number": "10251529"
  },
  {
    "ID Number": "10279784"
  },
  {
    "ID Number": "10288589"
  },
  {
    "ID Number": "532011580"
  },
  {
    "ID Number": "10245456"
  },
  {
    "ID Number": "10277790"
  },
  {
    "ID Number": "10285709"
  },
  {
    "ID Number": "10203125"
  },
  {
    "ID Number": "10245693"
  },
  {
    "ID Number": "10273468"
  },
  {
    "ID Number": "10247653"
  },
  {
    "ID Number": "10276882"
  },
  {
    "ID Number": "10265147"
  },
  {
    "ID Number": "10265112"
  },
  {
    "ID Number": "10268596"
  },
  {
    "ID Number": "10201726"
  },
  {
    "ID Number": "10210040"
  },
  {
    "ID Number": "10294180"
  },
  {
    "ID Number": "10239014"
  },
  {
    "ID Number": "10246304"
  },
  {
    "ID Number": "10264370"
  },
  {
    "ID Number": "10250719"
  },
  {
    "ID Number": "10243950"
  },
  {
    "ID Number": "10259813"
  },
  {
    "ID Number": "10254935"
  },
  {
    "ID Number": "10247882"
  },
  {
    "ID Number": "10267123"
  },
  {
    "ID Number": "10293477"
  },
  {
    "ID Number": "10252304"
  },
  {
    "ID Number": "10241825"
  },
  {
    "ID Number": "10238476"
  },
  {
    "ID Number": "10268707"
  },
  {
    "ID Number": "10248552"
  },
  {
    "ID Number": "532003439"
  },
  {
    "ID Number": "10287051"
  },
  {
    "ID Number": "10254943"
  },
  {
    "ID Number": "10299513"
  },
  {
    "ID Number": "10276297"
  },
  {
    "ID Number": "10228047"
  },
  {
    "ID Number": "532025025"
  },
  {
    "ID Number": "10248560"
  },
  {
    "ID Number": "10243968"
  },
  {
    "ID Number": "532000154"
  },
  {
    "ID Number": "10282394"
  },
  {
    "ID Number": "10262059"
  },
  {
    "ID Number": "10245758"
  },
  {
    "ID Number": "10261931"
  },
  {
    "ID Number": "10240896"
  },
  {
    "ID Number": "10274863"
  },
  {
    "ID Number": "10210075"
  },
  {
    "ID Number": "10275525"
  },
  {
    "ID Number": "10253084"
  },
  {
    "ID Number": "10235086"
  },
  {
    "ID Number": "10227784"
  },
  {
    "ID Number": "10207970"
  },
  {
    "ID Number": "10221506"
  },
  {
    "ID Number": "10217959"
  },
  {
    "ID Number": "10220763"
  },
  {
    "ID Number": "10227792"
  },
  {
    "ID Number": "10224017"
  },
  {
    "ID Number": "10271325"
  },
  {
    "ID Number": "10202870"
  },
  {
    "ID Number": "10222391"
  },
  {
    "ID Number": "10229680"
  },
  {
    "ID Number": "10223290"
  },
  {
    "ID Number": "10220771"
  },
  {
    "ID Number": "10231285"
  },
  {
    "ID Number": "10279083"
  },
  {
    "ID Number": "10211985"
  },
  {
    "ID Number": "10217975"
  },
  {
    "ID Number": "10229280"
  },
  {
    "ID Number": "10215832"
  },
  {
    "ID Number": "10233555"
  },
  {
    "ID Number": "10204580"
  },
  {
    "ID Number": "10203524"
  },
  {
    "ID Number": "10220780"
  },
  {
    "ID Number": "10230432"
  },
  {
    "ID Number": "10217436"
  },
  {
    "ID Number": "10203613"
  },
  {
    "ID Number": "10217118"
  },
  {
    "ID Number": "10230017"
  },
  {
    "ID Number": "10227458"
  },
  {
    "ID Number": "10220542"
  },
  {
    "ID Number": "10223827"
  },
  {
    "ID Number": "10231080"
  },
  {
    "ID Number": "10233580"
  },
  {
    "ID Number": "10212230"
  },
  {
    "ID Number": "10233598"
  },
  {
    "ID Number": "10203974"
  },
  {
    "ID Number": "10227326"
  },
  {
    "ID Number": "10203745"
  },
  {
    "ID Number": "10211624"
  },
  {
    "ID Number": "10217444"
  },
  {
    "ID Number": "10218815"
  },
  {
    "ID Number": "10217983"
  },
  {
    "ID Number": "10226370"
  },
  {
    "ID Number": "10211748"
  },
  {
    "ID Number": "10201939"
  },
  {
    "ID Number": "10225960"
  },
  {
    "ID Number": "10223100"
  },
  {
    "ID Number": "10231706"
  },
  {
    "ID Number": "10212477"
  },
  {
    "ID Number": "10229345"
  },
  {
    "ID Number": "10238026"
  },
  {
    "ID Number": "10234071"
  },
  {
    "ID Number": "10216316"
  },
  {
    "ID Number": "10217886"
  },
  {
    "ID Number": "10214372"
  },
  {
    "ID Number": "10216073"
  },
  {
    "ID Number": "10215522"
  },
  {
    "ID Number": "10210717"
  },
  {
    "ID Number": "10203133"
  },
  {
    "ID Number": "10220550"
  },
  {
    "ID Number": "10213678"
  },
  {
    "ID Number": "10224033"
  },
  {
    "ID Number": "10214100"
  },
  {
    "ID Number": "10229353"
  },
  {
    "ID Number": "10228136"
  },
  {
    "ID Number": "10211039"
  },
  {
    "ID Number": "10215530"
  },
  {
    "ID Number": "10226397"
  },
  {
    "ID Number": "10215859"
  },
  {
    "ID Number": "10214402"
  },
  {
    "ID Number": "10220810"
  },
  {
    "ID Number": "10216081"
  },
  {
    "ID Number": "10216626"
  },
  {
    "ID Number": "10215190"
  },
  {
    "ID Number": "10214119"
  },
  {
    "ID Number": "10228152"
  },
  {
    "ID Number": "10218831"
  },
  {
    "ID Number": "10215204"
  },
  {
    "ID Number": "10217177"
  },
  {
    "ID Number": "10229744"
  },
  {
    "ID Number": "10217460"
  },
  {
    "ID Number": "10217746"
  },
  {
    "ID Number": "10206167"
  },
  {
    "ID Number": "10225579"
  },
  {
    "ID Number": "10228942"
  },
  {
    "ID Number": "10215565"
  },
  {
    "ID Number": "10218670"
  },
  {
    "ID Number": "10215573"
  },
  {
    "ID Number": "10219650"
  },
  {
    "ID Number": "10215590"
  },
  {
    "ID Number": "10212949"
  },
  {
    "ID Number": "10210105"
  },
  {
    "ID Number": "10216090"
  },
  {
    "ID Number": "10217770"
  },
  {
    "ID Number": "10216480"
  },
  {
    "ID Number": "10220283"
  },
  {
    "ID Number": "10212531"
  },
  {
    "ID Number": "10212957"
  },
  {
    "ID Number": "10201491"
  },
  {
    "ID Number": "10225730"
  },
  {
    "ID Number": "10234519"
  },
  {
    "ID Number": "10222499"
  },
  {
    "ID Number": "10212159"
  },
  {
    "ID Number": "10225811"
  },
  {
    "ID Number": "10226400"
  },
  {
    "ID Number": "10206299"
  },
  {
    "ID Number": "10213600"
  },
  {
    "ID Number": "10218483"
  },
  {
    "ID Number": "10218491"
  },
  {
    "ID Number": "10220380"
  },
  {
    "ID Number": "10208046"
  },
  {
    "ID Number": "10227806"
  },
  {
    "ID Number": "10200711"
  },
  {
    "ID Number": "10205420"
  },
  {
    "ID Number": "10214445"
  },
  {
    "ID Number": "10205438"
  },
  {
    "ID Number": "10234861"
  },
  {
    "ID Number": "10220569"
  },
  {
    "ID Number": "10208054"
  },
  {
    "ID Number": "10231714"
  },
  {
    "ID Number": "10214690"
  },
  {
    "ID Number": "10227601"
  },
  {
    "ID Number": "10215867"
  },
  {
    "ID Number": "10223886"
  },
  {
    "ID Number": "10216340"
  },
  {
    "ID Number": "10220828"
  },
  {
    "ID Number": "10222693"
  },
  {
    "ID Number": "10234187"
  },
  {
    "ID Number": "10230319"
  },
  {
    "ID Number": "10217797"
  },
  {
    "ID Number": "10233628"
  },
  {
    "ID Number": "10206213"
  },
  {
    "ID Number": "10209786"
  },
  {
    "ID Number": "10215603"
  },
  {
    "ID Number": "10212264"
  },
  {
    "ID Number": "10214453"
  },
  {
    "ID Number": "10212337"
  },
  {
    "ID Number": "10222049"
  },
  {
    "ID Number": "10215220"
  },
  {
    "ID Number": "10232923"
  },
  {
    "ID Number": "10223517"
  },
  {
    "ID Number": "10217193"
  },
  {
    "ID Number": "10222197"
  },
  {
    "ID Number": "10231749"
  },
  {
    "ID Number": "10219706"
  },
  {
    "ID Number": "10215611"
  },
  {
    "ID Number": "10210121"
  },
  {
    "ID Number": "10217800"
  },
  {
    "ID Number": "10229973"
  },
  {
    "ID Number": "10219714"
  },
  {
    "ID Number": "10219722"
  },
  {
    "ID Number": "10204750"
  },
  {
    "ID Number": "10204881"
  },
  {
    "ID Number": "10204130"
  },
  {
    "ID Number": "10231897"
  },
  {
    "ID Number": "10225757"
  },
  {
    "ID Number": "10216790"
  },
  {
    "ID Number": "10216138"
  },
  {
    "ID Number": "10206205"
  },
  {
    "ID Number": "10214143"
  },
  {
    "ID Number": "10215247"
  },
  {
    "ID Number": "10210148"
  },
  {
    "ID Number": "10211314"
  },
  {
    "ID Number": "10211772"
  },
  {
    "ID Number": "10223533"
  },
  {
    "ID Number": "10223525"
  },
  {
    "ID Number": "10221824"
  },
  {
    "ID Number": "10222006"
  },
  {
    "ID Number": "10229396"
  },
  {
    "ID Number": "10223088"
  },
  {
    "ID Number": "10202269"
  },
  {
    "ID Number": "10223096"
  },
  {
    "ID Number": "10222022"
  },
  {
    "ID Number": "10223584"
  },
  {
    "ID Number": "10219331"
  },
  {
    "ID Number": "10223142"
  },
  {
    "ID Number": "10219340"
  },
  {
    "ID Number": "532018371"
  },
  {
    "ID Number": "532018398"
  },
  {
    "ID Number": "532018401"
  },
  {
    "ID Number": "10208232"
  },
  {
    "ID Number": "10201203"
  },
  {
    "ID Number": "10244107"
  },
  {
    "ID Number": "10212035"
  },
  {
    "ID Number": "10258132"
  },
  {
    "ID Number": "10245308"
  },
  {
    "ID Number": "10219153"
  },
  {
    "ID Number": "10273484"
  },
  {
    "ID Number": "10206477"
  },
  {
    "ID Number": "10262822"
  },
  {
    "ID Number": "10263950"
  },
  {
    "ID Number": "10232931"
  },
  {
    "ID Number": "10215328"
  },
  {
    "ID Number": "10234926"
  },
  {
    "ID Number": "10212345"
  },
  {
    "ID Number": "10250190"
  },
  {
    "ID Number": "10203362"
  },
  {
    "ID Number": "10293965"
  },
  {
    "ID Number": "10217495"
  },
  {
    "ID Number": "10202609"
  },
  {
    "ID Number": "10295178"
  },
  {
    "ID Number": "10275002"
  },
  {
    "ID Number": "10298452"
  },
  {
    "ID Number": "10207791"
  },
  {
    "ID Number": "10248811"
  },
  {
    "ID Number": "532005180"
  },
  {
    "ID Number": "10207805"
  },
  {
    "ID Number": "10234314"
  },
  {
    "ID Number": "10262016"
  },
  {
    "ID Number": "10295186"
  },
  {
    "ID Number": "10236414"
  },
  {
    "ID Number": "10213660"
  },
  {
    "ID Number": "10218114"
  },
  {
    "ID Number": "10255125"
  },
  {
    "ID Number": "10254102"
  },
  {
    "ID Number": "10226923"
  },
  {
    "ID Number": "10205128"
  },
  {
    "ID Number": "10219773"
  },
  {
    "ID Number": "10212060"
  },
  {
    "ID Number": "10207082"
  },
  {
    "ID Number": "10292365"
  },
  {
    "ID Number": "10226931"
  },
  {
    "ID Number": "10219790"
  },
  {
    "ID Number": "10207821"
  },
  {
    "ID Number": "10220291"
  },
  {
    "ID Number": "10227342"
  },
  {
    "ID Number": "10226036"
  },
  {
    "ID Number": "10223630"
  },
  {
    "ID Number": "10263560"
  },
  {
    "ID Number": "10205268"
  },
  {
    "ID Number": "10206892"
  },
  {
    "ID Number": "10201181"
  },
  {
    "ID Number": "10213988"
  },
  {
    "ID Number": "10238042"
  },
  {
    "ID Number": "10233156"
  },
  {
    "ID Number": "10221867"
  },
  {
    "ID Number": "10273280"
  },
  {
    "ID Number": "10235876"
  },
  {
    "ID Number": "10233903"
  },
  {
    "ID Number": "10200983"
  },
  {
    "ID Number": "10218149"
  },
  {
    "ID Number": "10210156"
  },
  {
    "ID Number": "10234691"
  },
  {
    "ID Number": "10203435"
  },
  {
    "ID Number": "10230122"
  },
  {
    "ID Number": "10212361"
  },
  {
    "ID Number": "10220593"
  },
  {
    "ID Number": "10230327"
  },
  {
    "ID Number": "10201700"
  },
  {
    "ID Number": "10239820"
  },
  {
    "ID Number": "10225218"
  },
  {
    "ID Number": "10207651"
  },
  {
    "ID Number": "532004303"
  },
  {
    "ID Number": "10203010"
  },
  {
    "ID Number": "10201300"
  },
  {
    "ID Number": "532005342"
  },
  {
    "ID Number": "10202161"
  },
  {
    "ID Number": "10284680"
  },
  {
    "ID Number": "10238050"
  },
  {
    "ID Number": "10259848"
  },
  {
    "ID Number": "10201882"
  },
  {
    "ID Number": "10236708"
  },
  {
    "ID Number": "10204237"
  },
  {
    "ID Number": "10249150"
  },
  {
    "ID Number": "10209921"
  },
  {
    "ID Number": "10233920"
  },
  {
    "ID Number": "10204423"
  },
  {
    "ID Number": "10200444"
  },
  {
    "ID Number": "10299785"
  },
  {
    "ID Number": "10203176"
  },
  {
    "ID Number": "10204245"
  },
  {
    "ID Number": "10212710"
  },
  {
    "ID Number": "10298312"
  },
  {
    "ID Number": "10200720"
  },
  {
    "ID Number": "10203184"
  },
  {
    "ID Number": "532006241"
  },
  {
    "ID Number": "10238247"
  },
  {
    "ID Number": "10226788"
  },
  {
    "ID Number": "10226796"
  },
  {
    "ID Number": "10226966"
  },
  {
    "ID Number": "10228950"
  },
  {
    "ID Number": "10225609"
  },
  {
    "ID Number": "10232214"
  },
  {
    "ID Number": "10216642"
  },
  {
    "ID Number": "10260889"
  },
  {
    "ID Number": "10212450"
  },
  {
    "ID Number": "10271201"
  },
  {
    "ID Number": "10209182"
  },
  {
    "ID Number": "10201190"
  },
  {
    "ID Number": "532013876"
  },
  {
    "ID Number": "532000049"
  },
  {
    "ID Number": "532000359"
  },
  {
    "ID Number": "10289232"
  },
  {
    "ID Number": "10299157"
  },
  {
    "ID Number": "10200010"
  },
  {
    "ID Number": "10216650"
  },
  {
    "ID Number": "10226800"
  },
  {
    "ID Number": "10293973"
  },
  {
    "ID Number": "10283960"
  },
  {
    "ID Number": "10215654"
  },
  {
    "ID Number": "10225625"
  },
  {
    "ID Number": "10210539"
  },
  {
    "ID Number": "10230335"
  },
  {
    "ID Number": "10243992"
  },
  {
    "ID Number": "10272968"
  },
  {
    "ID Number": "10245464"
  },
  {
    "ID Number": "10235884"
  },
  {
    "ID Number": "10246193"
  },
  {
    "ID Number": "10286381"
  },
  {
    "ID Number": "10212736"
  },
  {
    "ID Number": "10274944"
  },
  {
    "ID Number": "10204431"
  },
  {
    "ID Number": "10254145"
  },
  {
    "ID Number": "10211420"
  },
  {
    "ID Number": "10257713"
  },
  {
    "ID Number": "10247700"
  },
  {
    "ID Number": "10211438"
  },
  {
    "ID Number": "10217754"
  },
  {
    "ID Number": "10244123"
  },
  {
    "ID Number": "10226508"
  },
  {
    "ID Number": "10269509"
  },
  {
    "ID Number": "10254978"
  },
  {
    "ID Number": "10275312"
  },
  {
    "ID Number": "10288856"
  },
  {
    "ID Number": "10213996"
  },
  {
    "ID Number": "10230130"
  },
  {
    "ID Number": "10284320"
  },
  {
    "ID Number": "10238484"
  },
  {
    "ID Number": "10246576"
  },
  {
    "ID Number": "10257748"
  },
  {
    "ID Number": "10213716"
  },
  {
    "ID Number": "10289097"
  },
  {
    "ID Number": "532000391"
  },
  {
    "ID Number": "10221565"
  },
  {
    "ID Number": "10226222"
  },
  {
    "ID Number": "10218564"
  },
  {
    "ID Number": "10261141"
  },
  {
    "ID Number": "10241027"
  },
  {
    "ID Number": "10264019"
  },
  {
    "ID Number": "532009690"
  },
  {
    "ID Number": "10251260"
  },
  {
    "ID Number": "532003129"
  },
  {
    "ID Number": "10209638"
  },
  {
    "ID Number": "10222952"
  },
  {
    "ID Number": "10222111"
  },
  {
    "ID Number": "10226826"
  },
  {
    "ID Number": "10232451"
  },
  {
    "ID Number": "10223185"
  },
  {
    "ID Number": "10257756"
  },
  {
    "ID Number": "10294376"
  },
  {
    "ID Number": "10206329"
  },
  {
    "ID Number": "10201068"
  },
  {
    "ID Number": "10226516"
  },
  {
    "ID Number": "10276386"
  },
  {
    "ID Number": "10211446"
  },
  {
    "ID Number": "10210741"
  },
  {
    "ID Number": "10205098"
  },
  {
    "ID Number": "10200533"
  },
  {
    "ID Number": "10203770"
  },
  {
    "ID Number": "10206965"
  },
  {
    "ID Number": "10234357"
  },
  {
    "ID Number": "10220437"
  },
  {
    "ID Number": "10263721"
  },
  {
    "ID Number": "10241540"
  },
  {
    "ID Number": "10220429"
  },
  {
    "ID Number": "10225838"
  },
  {
    "ID Number": "10267913"
  },
  {
    "ID Number": "10254170"
  },
  {
    "ID Number": "10203516"
  },
  {
    "ID Number": "10216510"
  },
  {
    "ID Number": "10275932"
  },
  {
    "ID Number": "532018479"
  },
  {
    "ID Number": "532023014"
  },
  {
    "ID Number": "10234560"
  },
  {
    "ID Number": "10231579"
  },
  {
    "ID Number": "10254188"
  },
  {
    "ID Number": "10230530"
  },
  {
    "ID Number": "532003722"
  },
  {
    "ID Number": "10279059"
  },
  {
    "ID Number": "10266216"
  },
  {
    "ID Number": "10215662"
  },
  {
    "ID Number": "10207384"
  },
  {
    "ID Number": "10245391"
  },
  {
    "ID Number": "10224394"
  },
  {
    "ID Number": "10276416"
  },
  {
    "ID Number": "10295062"
  },
  {
    "ID Number": "10271210"
  },
  {
    "ID Number": "10231986"
  },
  {
    "ID Number": "10278095"
  },
  {
    "ID Number": "10280197"
  },
  {
    "ID Number": "532018495"
  },
  {
    "ID Number": "10234764"
  },
  {
    "ID Number": "10285717"
  },
  {
    "ID Number": "532003200"
  },
  {
    "ID Number": "10238751"
  },
  {
    "ID Number": "10200657"
  },
  {
    "ID Number": "10202528"
  },
  {
    "ID Number": "10203044"
  },
  {
    "ID Number": "532003323"
  },
  {
    "ID Number": "10201912"
  },
  {
    "ID Number": "10213244"
  },
  {
    "ID Number": "10203079"
  },
  {
    "ID Number": "10203451"
  },
  {
    "ID Number": "10200622"
  },
  {
    "ID Number": "10201106"
  },
  {
    "ID Number": "10203664"
  },
  {
    "ID Number": "10202439"
  },
  {
    "ID Number": "10200738"
  },
  {
    "ID Number": "10201327"
  },
  {
    "ID Number": "10201513"
  },
  {
    "ID Number": "10200037"
  },
  {
    "ID Number": "10215417"
  },
  {
    "ID Number": "10206345"
  },
  {
    "ID Number": "10270523"
  },
  {
    "ID Number": "10204555"
  },
  {
    "ID Number": "532013329"
  },
  {
    "ID Number": "532009992"
  },
  {
    "ID Number": "10224050"
  },
  {
    "ID Number": "10215433"
  },
  {
    "ID Number": "10234225"
  },
  {
    "ID Number": "10292420"
  },
  {
    "ID Number": "10206361"
  },
  {
    "ID Number": "10218157"
  },
  {
    "ID Number": "10257772"
  },
  {
    "ID Number": "10294759"
  },
  {
    "ID Number": "10243917"
  },
  {
    "ID Number": "10249109"
  },
  {
    "ID Number": "10291377"
  },
  {
    "ID Number": "10208160"
  },
  {
    "ID Number": "10255729"
  },
  {
    "ID Number": "10253424"
  },
  {
    "ID Number": "10237712"
  },
  {
    "ID Number": "532017979"
  },
  {
    "ID Number": "10296336"
  },
  {
    "ID Number": "10257780"
  },
  {
    "ID Number": "10204466"
  },
  {
    "ID Number": "10200207"
  },
  {
    "ID Number": "10290567"
  },
  {
    "ID Number": "532019602"
  },
  {
    "ID Number": "10242740"
  },
  {
    "ID Number": "10254641"
  },
  {
    "ID Number": "10225781"
  },
  {
    "ID Number": "10226974"
  },
  {
    "ID Number": "10294384"
  },
  {
    "ID Number": "10254650"
  },
  {
    "ID Number": "10212086"
  },
  {
    "ID Number": "10216995"
  },
  {
    "ID Number": "10249958"
  },
  {
    "ID Number": "10279873"
  },
  {
    "ID Number": "532006861"
  },
  {
    "ID Number": "532015283"
  },
  {
    "ID Number": "10283986"
  },
  {
    "ID Number": "10257799"
  },
  {
    "ID Number": "10269207"
  },
  {
    "ID Number": "10269215"
  },
  {
    "ID Number": "10285393"
  },
  {
    "ID Number": "10297510"
  },
  {
    "ID Number": "10264566"
  },
  {
    "ID Number": "10243046"
  },
  {
    "ID Number": "10295267"
  },
  {
    "ID Number": "10252223"
  },
  {
    "ID Number": "10224548"
  },
  {
    "ID Number": "10221352"
  },
  {
    "ID Number": "10296867"
  },
  {
    "ID Number": "10230882"
  },
  {
    "ID Number": "10270957"
  },
  {
    "ID Number": "10246215"
  },
  {
    "ID Number": "10235370"
  },
  {
    "ID Number": "10280138"
  },
  {
    "ID Number": "10271236"
  },
  {
    "ID Number": "10236066"
  },
  {
    "ID Number": "10209808"
  },
  {
    "ID Number": "10240683"
  },
  {
    "ID Number": "10294015"
  },
  {
    "ID Number": "10266348"
  },
  {
    "ID Number": "532006373"
  },
  {
    "ID Number": "10208658"
  },
  {
    "ID Number": "10222561"
  },
  {
    "ID Number": "10246231"
  },
  {
    "ID Number": "10296557"
  },
  {
    "ID Number": "10268456"
  },
  {
    "ID Number": "10232702"
  },
  {
    "ID Number": "10203818"
  },
  {
    "ID Number": "10206388"
  },
  {
    "ID Number": "10213040"
  },
  {
    "ID Number": "10204032"
  },
  {
    "ID Number": "10213252"
  },
  {
    "ID Number": "10270965"
  },
  {
    "ID Number": "10240250"
  },
  {
    "ID Number": "10248072"
  },
  {
    "ID Number": "10266704"
  },
  {
    "ID Number": "532008597"
  },
  {
    "ID Number": "10224556"
  },
  {
    "ID Number": "10261966"
  },
  {
    "ID Number": "10288775"
  },
  {
    "ID Number": "10243828"
  },
  {
    "ID Number": "10225650"
  },
  {
    "ID Number": "10245502"
  },
  {
    "ID Number": "10287558"
  },
  {
    "ID Number": "10255591"
  },
  {
    "ID Number": "10290044"
  },
  {
    "ID Number": "10257810"
  },
  {
    "ID Number": "532006977"
  },
  {
    "ID Number": "10231765"
  },
  {
    "ID Number": "10208038"
  },
  {
    "ID Number": "10285407"
  },
  {
    "ID Number": "10223738"
  },
  {
    "ID Number": "10234233"
  },
  {
    "ID Number": "532005237"
  },
  {
    "ID Number": "10270531"
  },
  {
    "ID Number": "10243836"
  },
  {
    "ID Number": "10232010"
  },
  {
    "ID Number": "10296565"
  },
  {
    "ID Number": "10234586"
  },
  {
    "ID Number": "10252878"
  },
  {
    "ID Number": "10244654"
  },
  {
    "ID Number": "10215670"
  },
  {
    "ID Number": "10204040"
  },
  {
    "ID Number": "532023022"
  },
  {
    "ID Number": "315277478"
  },
  {
    "ID Number": "10296743"
  },
  {
    "ID Number": "10276491"
  },
  {
    "ID Number": "10295348"
  },
  {
    "ID Number": "10222979"
  },
  {
    "ID Number": "10254579"
  },
  {
    "ID Number": "10295518"
  },
  {
    "ID Number": "10223746"
  },
  {
    "ID Number": "10234365"
  },
  {
    "ID Number": "10283722"
  },
  {
    "ID Number": "10254242"
  },
  {
    "ID Number": "10239197"
  },
  {
    "ID Number": "532018541"
  },
  {
    "ID Number": "532012039"
  },
  {
    "ID Number": "10215450"
  },
  {
    "ID Number": "10227393"
  },
  {
    "ID Number": "10244131"
  },
  {
    "ID Number": "10212108"
  },
  {
    "ID Number": "10296751"
  },
  {
    "ID Number": "10227407"
  },
  {
    "ID Number": "10204563"
  },
  {
    "ID Number": "10220151"
  },
  {
    "ID Number": "21302642"
  },
  {
    "ID Number": "10234594"
  },
  {
    "ID Number": "10219919"
  },
  {
    "ID Number": "10201076"
  },
  {
    "ID Number": "10219927"
  },
  {
    "ID Number": "10232494"
  },
  {
    "ID Number": "10239103"
  },
  {
    "ID Number": "10254668"
  },
  {
    "ID Number": "10242457"
  },
  {
    "ID Number": "10225676"
  },
  {
    "ID Number": "10230890"
  },
  {
    "ID Number": "10253238"
  },
  {
    "ID Number": "10259872"
  },
  {
    "ID Number": "10237755"
  },
  {
    "ID Number": "10214828"
  },
  {
    "ID Number": "10223762"
  },
  {
    "ID Number": "532013906"
  },
  {
    "ID Number": "10213058"
  },
  {
    "ID Number": "532004737"
  },
  {
    "ID Number": "10268987"
  },
  {
    "ID Number": "10223770"
  },
  {
    "ID Number": "10214186"
  },
  {
    "ID Number": "10234713"
  },
  {
    "ID Number": "10264124"
  },
  {
    "ID Number": "10203206"
  },
  {
    "ID Number": "10280154"
  },
  {
    "ID Number": "10299530"
  },
  {
    "ID Number": "10243925"
  },
  {
    "ID Number": "10207074"
  },
  {
    "ID Number": "10202587"
  },
  {
    "ID Number": "10206418"
  },
  {
    "ID Number": "10201742"
  },
  {
    "ID Number": "10235973"
  },
  {
    "ID Number": "10222120"
  },
  {
    "ID Number": "10223380"
  },
  {
    "ID Number": "10216545"
  },
  {
    "ID Number": "10257640"
  },
  {
    "ID Number": "10203087"
  },
  {
    "ID Number": "10286446"
  },
  {
    "ID Number": "10246991"
  },
  {
    "ID Number": "10231609"
  },
  {
    "ID Number": "10227490"
  },
  {
    "ID Number": "10230904"
  },
  {
    "ID Number": "10251391"
  },
  {
    "ID Number": "10299475"
  },
  {
    "ID Number": "10242937"
  },
  {
    "ID Number": "10282556"
  },
  {
    "ID Number": "10246240"
  },
  {
    "ID Number": "10288740"
  },
  {
    "ID Number": "10266364"
  },
  {
    "ID Number": "10200584"
  },
  {
    "ID Number": "10236309"
  },
  {
    "ID Number": "10288325"
  },
  {
    "ID Number": "10244140"
  },
  {
    "ID Number": "10224564"
  },
  {
    "ID Number": "10238085"
  },
  {
    "ID Number": "532019599"
  },
  {
    "ID Number": "10244840"
  },
  {
    "ID Number": "10231625"
  },
  {
    "ID Number": "10245588"
  },
  {
    "ID Number": "10271104"
  },
  {
    "ID Number": "10247483"
  },
  {
    "ID Number": "532018789"
  },
  {
    "ID Number": "10268847"
  },
  {
    "ID Number": "10237771"
  },
  {
    "ID Number": "10205543"
  },
  {
    "ID Number": "10202846"
  },
  {
    "ID Number": "10265309"
  },
  {
    "ID Number": "10216553"
  },
  {
    "ID Number": "10251278"
  },
  {
    "ID Number": "10271015"
  },
  {
    "ID Number": "10235396"
  },
  {
    "ID Number": "10235400"
  },
  {
    "ID Number": "10230254"
  },
  {
    "ID Number": "10203486"
  },
  {
    "ID Number": "10220658"
  },
  {
    "ID Number": "10271112"
  },
  {
    "ID Number": "10282580"
  },
  {
    "ID Number": "10223436"
  },
  {
    "ID Number": "10279890"
  },
  {
    "ID Number": "10293710"
  },
  {
    "ID Number": "10266143"
  },
  {
    "ID Number": "10240071"
  },
  {
    "ID Number": "10205586"
  },
  {
    "ID Number": "10284397"
  },
  {
    "ID Number": "10234721"
  },
  {
    "ID Number": "10275320"
  },
  {
    "ID Number": "10257837"
  },
  {
    "ID Number": "10220305"
  },
  {
    "ID Number": "10233229"
  },
  {
    "ID Number": "10269231"
  },
  {
    "ID Number": "532018673"
  },
  {
    "ID Number": "10216200"
  },
  {
    "ID Number": "10207872"
  },
  {
    "ID Number": "10294074"
  },
  {
    "ID Number": "10225692"
  },
  {
    "ID Number": "10297146"
  },
  {
    "ID Number": "10204482"
  },
  {
    "ID Number": "10201220"
  },
  {
    "ID Number": "10221581"
  },
  {
    "ID Number": "10220496"
  },
  {
    "ID Number": "10244158"
  },
  {
    "ID Number": "10294082"
  },
  {
    "ID Number": "10228250"
  },
  {
    "ID Number": "10211896"
  },
  {
    "ID Number": "10245413"
  },
  {
    "ID Number": "10258698"
  },
  {
    "ID Number": "10270094"
  },
  {
    "ID Number": "10231633"
  },
  {
    "ID Number": "10243798"
  },
  {
    "ID Number": "10242449"
  },
  {
    "ID Number": "10214984"
  },
  {
    "ID Number": "10202102"
  },
  {
    "ID Number": "10230920"
  },
  {
    "ID Number": "10214836"
  },
  {
    "ID Number": "10284494"
  },
  {
    "ID Number": "10207163"
  },
  {
    "ID Number": "10297200"
  },
  {
    "ID Number": "10296760"
  },
  {
    "ID Number": "10215689"
  },
  {
    "ID Number": "10246690"
  },
  {
    "ID Number": "10295275"
  },
  {
    "ID Number": "10221620"
  },
  {
    "ID Number": "10290990"
  },
  {
    "ID Number": "10244000"
  },
  {
    "ID Number": "10230556"
  },
  {
    "ID Number": "10235493"
  },
  {
    "ID Number": "10297537"
  },
  {
    "ID Number": "10297219"
  },
  {
    "ID Number": "10299548"
  },
  {
    "ID Number": "10207929"
  },
  {
    "ID Number": "10271058"
  },
  {
    "ID Number": "10284982"
  },
  {
    "ID Number": "10234241"
  },
  {
    "ID Number": "10214216"
  },
  {
    "ID Number": "10264159"
  },
  {
    "ID Number": "10223789"
  },
  {
    "ID Number": "532003510"
  },
  {
    "ID Number": "10253556"
  },
  {
    "ID Number": "10268855"
  },
  {
    "ID Number": "10291911"
  },
  {
    "ID Number": "10266232"
  },
  {
    "ID Number": "10252320"
  },
  {
    "ID Number": "10233989"
  },
  {
    "ID Number": "10251324"
  },
  {
    "ID Number": "10244867"
  },
  {
    "ID Number": "10208224"
  },
  {
    "ID Number": "10230467"
  },
  {
    "ID Number": "10240985"
  },
  {
    "ID Number": "10277323"
  },
  {
    "ID Number": "10213759"
  },
  {
    "ID Number": "10231641"
  },
  {
    "ID Number": "10255923"
  },
  {
    "ID Number": "10218920"
  },
  {
    "ID Number": "10232044"
  },
  {
    "ID Number": "10223231"
  },
  {
    "ID Number": "10207694"
  },
  {
    "ID Number": "10207430"
  },
  {
    "ID Number": "10215921"
  },
  {
    "ID Number": "10272402"
  },
  {
    "ID Number": "10226575"
  },
  {
    "ID Number": "10218939"
  },
  {
    "ID Number": "10254676"
  },
  {
    "ID Number": "10234438"
  },
  {
    "ID Number": "10221166"
  },
  {
    "ID Number": "10208666"
  },
  {
    "ID Number": "10229124"
  },
  {
    "ID Number": "10201424"
  },
  {
    "ID Number": "10234250"
  },
  {
    "ID Number": "10201092"
  },
  {
    "ID Number": "10223002"
  },
  {
    "ID Number": "10233792"
  },
  {
    "ID Number": "10201122"
  },
  {
    "ID Number": "10249460"
  },
  {
    "ID Number": "10226869"
  },
  {
    "ID Number": "10214321"
  },
  {
    "ID Number": "10226583"
  },
  {
    "ID Number": "532017006"
  },
  {
    "ID Number": "10251693"
  },
  {
    "ID Number": "10282645"
  },
  {
    "ID Number": "10273859"
  },
  {
    "ID Number": "10266798"
  },
  {
    "ID Number": "10231668"
  },
  {
    "ID Number": "10270175"
  },
  {
    "ID Number": "10294104"
  },
  {
    "ID Number": "10252096"
  },
  {
    "ID Number": "10221182"
  },
  {
    "ID Number": "10226079"
  },
  {
    "ID Number": "532023030"
  },
  {
    "ID Number": "10222600"
  },
  {
    "ID Number": "10225714"
  },
  {
    "ID Number": "532016875"
  },
  {
    "ID Number": "10201963"
  },
  {
    "ID Number": "10215476"
  },
  {
    "ID Number": "10245367"
  },
  {
    "ID Number": "10246312"
  },
  {
    "ID Number": "10221417"
  },
  {
    "ID Number": "10292080"
  },
  {
    "ID Number": "10215484"
  },
  {
    "ID Number": "10297839"
  },
  {
    "ID Number": "10288376"
  },
  {
    "ID Number": "10285032"
  },
  {
    "ID Number": "10289186"
  },
  {
    "ID Number": "10211888"
  },
  {
    "ID Number": "10238522"
  },
  {
    "ID Number": "10235515"
  },
  {
    "ID Number": "10294112"
  },
  {
    "ID Number": "10212809"
  },
  {
    "ID Number": "10289194"
  },
  {
    "ID Number": "10265317"
  },
  {
    "ID Number": "10207473"
  },
  {
    "ID Number": "10264175"
  },
  {
    "ID Number": "10216243"
  }
]