[
  {
    "ID Number": "7204388"
  },
  {
    "ID Number": "7200528"
  },
  {
    "ID Number": "7200110"
  },
  {
    "ID Number": "7201400"
  },
  {
    "ID Number": "7202350"
  },
  {
    "ID Number": "7200781"
  },
  {
    "ID Number": "7202466"
  },
  {
    "ID Number": "7205805"
  },
  {
    "ID Number": "7200234"
  },
  {
    "ID Number": "7205120"
  },
  {
    "ID Number": "7200668"
  },
  {
    "ID Number": "7200021"
  },
  {
    "ID Number": "7200420"
  },
  {
    "ID Number": "7206178"
  },
  {
    "ID Number": "7203624"
  },
  {
    "ID Number": "7204906"
  },
  {
    "ID Number": "1407694"
  },
  {
    "ID Number": "7200706"
  },
  {
    "ID Number": "7203330"
  },
  {
    "ID Number": "7200790"
  },
  {
    "ID Number": "7201648"
  },
  {
    "ID Number": "7200803"
  },
  {
    "ID Number": "7200145"
  },
  {
    "ID Number": "7201893"
  },
  {
    "ID Number": "7204914"
  },
  {
    "ID Number": "7203098"
  },
  {
    "ID Number": "7201150"
  },
  {
    "ID Number": "7203160"
  },
  {
    "ID Number": "7203713"
  },
  {
    "ID Number": "7200447"
  },
  {
    "ID Number": "7205040"
  },
  {
    "ID Number": "7205600"
  },
  {
    "ID Number": "7201443"
  },
  {
    "ID Number": "7202997"
  },
  {
    "ID Number": "7201451"
  },
  {
    "ID Number": "7202008"
  },
  {
    "ID Number": "7201095"
  },
  {
    "ID Number": "7201788"
  },
  {
    "ID Number": "7200510"
  },
  {
    "ID Number": "7200714"
  },
  {
    "ID Number": "7205813"
  },
  {
    "ID Number": "7200226"
  },
  {
    "ID Number": "7203861"
  },
  {
    "ID Number": "7201265"
  },
  {
    "ID Number": "7203845"
  },
  {
    "ID Number": "7205546"
  },
  {
    "ID Number": "7204922"
  },
  {
    "ID Number": "7200200"
  },
  {
    "ID Number": "7202792"
  },
  {
    "ID Number": "7205880"
  },
  {
    "ID Number": "7203837"
  },
  {
    "ID Number": "7204329"
  },
  {
    "ID Number": "7204612"
  },
  {
    "ID Number": "7201478"
  },
  {
    "ID Number": "7203241"
  },
  {
    "ID Number": "7203195"
  },
  {
    "ID Number": "7205023"
  },
  {
    "ID Number": "7203349"
  },
  {
    "ID Number": "7205740"
  },
  {
    "ID Number": "7204272"
  },
  {
    "ID Number": "7200340"
  },
  {
    "ID Number": "7202989"
  },
  {
    "ID Number": "7202865"
  },
  {
    "ID Number": "7204639"
  },
  {
    "ID Number": "7202873"
  },
  {
    "ID Number": "7200919"
  },
  {
    "ID Number": "7204450"
  },
  {
    "ID Number": "7205287"
  },
  {
    "ID Number": "7203004"
  },
  {
    "ID Number": "7204477"
  },
  {
    "ID Number": "7204183"
  },
  {
    "ID Number": "7204191"
  },
  {
    "ID Number": "7201621"
  },
  {
    "ID Number": "7288549"
  },
  {
    "ID Number": "7203780"
  },
  {
    "ID Number": "7288557"
  },
  {
    "ID Number": "7202814"
  },
  {
    "ID Number": "7200684"
  },
  {
    "ID Number": "7201915"
  },
  {
    "ID Number": "7205210"
  },
  {
    "ID Number": "7203500"
  },
  {
    "ID Number": "7202059"
  },
  {
    "ID Number": "7200935"
  },
  {
    "ID Number": "7203357"
  },
  {
    "ID Number": "7200374"
  },
  {
    "ID Number": "7200382"
  },
  {
    "ID Number": "7205627"
  },
  {
    "ID Number": "7288425"
  },
  {
    "ID Number": "7202954"
  },
  {
    "ID Number": "7203586"
  },
  {
    "ID Number": "7205317"
  },
  {
    "ID Number": "7200773"
  },
  {
    "ID Number": "7203950"
  },
  {
    "ID Number": "7203420"
  },
  {
    "ID Number": "7203381"
  },
  {
    "ID Number": "7201370"
  },
  {
    "ID Number": "7205163"
  },
  {
    "ID Number": "7204728"
  },
  {
    "ID Number": "7203640"
  },
  {
    "ID Number": "7203292"
  },
  {
    "ID Number": "7203306"
  },
  {
    "ID Number": "7205180"
  },
  {
    "ID Number": "7205198"
  },
  {
    "ID Number": "7205929"
  },
  {
    "ID Number": "7203802"
  },
  {
    "ID Number": "7202695"
  },
  {
    "ID Number": "7204876"
  },
  {
    "ID Number": "7202768"
  },
  {
    "ID Number": "7203748"
  },
  {
    "ID Number": "7202563"
  },
  {
    "ID Number": "7200390"
  },
  {
    "ID Number": "7202369"
  },
  {
    "ID Number": "7203187"
  },
  {
    "ID Number": "7202571"
  },
  {
    "ID Number": "7202407"
  },
  {
    "ID Number": "7200404"
  },
  {
    "ID Number": "7202105"
  },
  {
    "ID Number": "7202393"
  },
  {
    "ID Number": "7200242"
  },
  {
    "ID Number": "7205686"
  },
  {
    "ID Number": "7202490"
  },
  {
    "ID Number": "7205562"
  },
  {
    "ID Number": "7204213"
  },
  {
    "ID Number": "7201770"
  },
  {
    "ID Number": "7204981"
  },
  {
    "ID Number": "7201125"
  },
  {
    "ID Number": "7203012"
  },
  {
    "ID Number": "7202458"
  },
  {
    "ID Number": "7202725"
  },
  {
    "ID Number": "7200730"
  },
  {
    "ID Number": "7202504"
  },
  {
    "ID Number": "7201630"
  },
  {
    "ID Number": "7203446"
  },
  {
    "ID Number": "7202342"
  },
  {
    "ID Number": "7202741"
  },
  {
    "ID Number": "7200293"
  },
  {
    "ID Number": "7202075"
  },
  {
    "ID Number": "7200315"
  },
  {
    "ID Number": "7203632"
  },
  {
    "ID Number": "7203756"
  },
  {
    "ID Number": "7204949"
  },
  {
    "ID Number": "7200013"
  },
  {
    "ID Number": "7203616"
  },
  {
    "ID Number": "7200277"
  },
  {
    "ID Number": "7204353"
  },
  {
    "ID Number": "7200439"
  },
  {
    "ID Number": "7203268"
  },
  {
    "ID Number": "7200196"
  },
  {
    "ID Number": "7201575"
  },
  {
    "ID Number": "7201869"
  },
  {
    "ID Number": "7204426"
  },
  {
    "ID Number": "7203764"
  },
  {
    "ID Number": "7204124"
  },
  {
    "ID Number": "7200480"
  },
  {
    "ID Number": "7204850"
  },
  {
    "ID Number": "7203594"
  },
  {
    "ID Number": "7203071"
  },
  {
    "ID Number": "7201001"
  },
  {
    "ID Number": "7204027"
  },
  {
    "ID Number": "7204531"
  },
  {
    "ID Number": "7200641"
  },
  {
    "ID Number": "7202431"
  },
  {
    "ID Number": "7201010"
  },
  {
    "ID Number": "7200463"
  },
  {
    "ID Number": "7204744"
  },
  {
    "ID Number": "7201311"
  },
  {
    "ID Number": "7204230"
  },
  {
    "ID Number": "7200587"
  },
  {
    "ID Number": "7200161"
  },
  {
    "ID Number": "7200595"
  }
]