[
  {
    "ID Number": "11000457",
    "Name": "Amini, Daud",
    "Fed": "ZIM",
    "Sex": "M",
    "Title": "",
    "WTit": "",
    "OTit": "",
    "FOA": "2102",
    "Rating": "AUG25",
    "Gms": "0",
    "K": "20",
    "B-day": "1983",
    "Flag": "i"
  },
  {
    "ID Number": "11008482",
    "Name": "Amith Boddapati",
    "Fed": "ZIM",
    "Sex": "M",
    "Title": "",
    "WTit": "",
    "OTit": "",
    "FOA": "AFM",
    "Rating": "AUG25",
    "Gms": "1529",
    "K": "0",
    "B-day": "2009",
    "Flag": ""
  },
  {
    "ID Number": "323105020",
    "Name": "Antonio, Bret Joseph",
    "Fed": "ZIM",
    "Sex": "M",
    "Title": "",
    "WTit": "",
    "OTit": "",
    "FOA": "1877",
    "Rating": "AUG25",
    "Gms": "0",
    "K": "20",
    "B-day": "1994",
    "Flag": ""
  },
  {
    "ID Number": "11001887",
    "Name": "Bismark Bhobhojani",
    "Fed": "ZIM",
    "Sex": "M",
    "Title": "",
    "WTit": "",
    "OTit": "",
    "FOA": "1828",
    "Rating": "AUG25",
    "Gms": "0",
    "K": "20",
    "B-day": "1983",
    "Flag": "i"
  },
  {
    "ID Number": "11011629",
    "Name": "Bumhira Wilbert",
    "Fed": "ZIM",
    "Sex": "M",
    "Title": "",
    "WTit": "",
    "OTit": "",
    "FOA": "1821",
    "Rating": "AUG25",
    "Gms": "0",
    "K": "20",
    "B-day": "1981",
    "Flag": "i"
  },
  {
    "ID Number": "11000236",
    "Name": "Chaka, Jona",
    "Fed": "ZIM",
    "Sex": "M",
    "Title": "",
    "WTit": "",
    "OTit": "",
    "FOA": "2052",
    "Rating": "AUG25",
    "Gms": "0",
    "K": "20",
    "B-day": "0",
    "Flag": "i"
  },
  {
    "ID Number": "11000341",
    "Name": "Chakanyuka, Charles",
    "Fed": "ZIM",
    "Sex": "M",
    "Title": "",
    "WTit": "",
    "OTit": "",
    "FOA": "1970",
    "Rating": "AUG25",
    "Gms": "0",
    "K": "20",
    "B-day": "1973",
    "Flag": "i"
  },
  {
    "ID Number": "11000538",
    "Name": "Charinda, Kudzanayi",
    "Fed": "ZIM",
    "Sex": "F",
    "Title": "WCM",
    "WTit": "WCM",
    "OTit": "",
    "FOA": "1841",
    "Rating": "AUG25",
    "Gms": "0",
    "K": "20",
    "B-day": "1994",
    "Flag": "wi"
  },
  {
    "ID Number": "11000449",
    "Name": "Chimbamu, Elisha",
    "Fed": "ZIM",
    "Sex": "M",
    "Title": "",
    "WTit": "",
    "OTit": "",
    "FOA": "2114",
    "Rating": "AUG25",
    "Gms": "0",
    "K": "20",
    "B-day": "1985",
    "Flag": "i"
  },
  {
    "ID Number": "11000260",
    "Name": "Chipanga, Takaedza",
    "Fed": "ZIM",
    "Sex": "M",
    "Title": "",
    "WTit": "",
    "OTit": "",
    "FOA": "2013",
    "Rating": "AUG25",
    "Gms": "0",
    "K": "20",
    "B-day": "1980",
    "Flag": "i"
  },
  {
    "ID Number": "11005424",
    "Name": "Chipidza, Mary",
    "Fed": "ZIM",
    "Sex": "F",
    "Title": "",
    "WTit": "",
    "OTit": "",
    "FOA": "1711",
    "Rating": "AUG25",
    "Gms": "0",
    "K": "20",
    "B-day": "2005",
    "Flag": "w"
  },
  {
    "ID Number": "11002050",
    "Name": "Chiriya Takudzwa",
    "Fed": "ZIM",
    "Sex": "F",
    "Title": "",
    "WTit": "NA",
    "OTit": "",
    "FOA": "1585",
    "Rating": "AUG25",
    "Gms": "0",
    "K": "20",
    "B-day": "1993",
    "Flag": "wi"
  },
  {
    "ID Number": "11000600",
    "Name": "Dyakuseni, Peacemaker",
    "Fed": "ZIM",
    "Sex": "M",
    "Title": "",
    "WTit": "",
    "OTit": "",
    "FOA": "1884",
    "Rating": "AUG25",
    "Gms": "0",
    "K": "20",
    "B-day": "0",
    "Flag": "i"
  },
  {
    "ID Number": "11012129",
    "Name": "FAZILAHAMED GRAIG",
    "Fed": "ZIM",
    "Sex": "M",
    "Title": "",
    "WTit": "",
    "OTit": "",
    "FOA": "1692",
    "Rating": "AUG25",
    "Gms": "0",
    "K": "40",
    "B-day": "2007",
    "Flag": ""
  },
  {
    "ID Number": "11020628",
    "Name": "Gada Takudzwa Arnold",
    "Fed": "ZIM",
    "Sex": "M",
    "Title": "",
    "WTit": "",
    "OTit": "",
    "FOA": "1764",
    "Rating": "AUG25",
    "Gms": "0",
    "K": "20",
    "B-day": "1997",
    "Flag": ""
  },
  {
    "ID Number": "11000228",
    "Name": "Gwaze, Robert",
    "Fed": "ZIM",
    "Sex": "M",
    "Title": "IM",
    "WTit": "",
    "OTit": "",
    "FOA": "2459",
    "Rating": "AUG25",
    "Gms": "0",
    "K": "10",
    "B-day": "1982",
    "Flag": "i"
  },
  {
    "ID Number": "11001879",
    "Name": "Hamilton Mandeya",
    "Fed": "ZIM",
    "Sex": "M",
    "Title": "",
    "WTit": "",
    "OTit": "",
    "FOA": "1981",
    "Rating": "AUG25",
    "Gms": "0",
    "K": "20",
    "B-day": "1984",
    "Flag": ""
  },
  {
    "ID Number": "11001674",
    "Name": "Jemani, Blessing",
    "Fed": "ZIM",
    "Sex": "M",
    "Title": "",
    "WTit": "NI",
    "OTit": "",
    "FOA": "1813",
    "Rating": "AUG25",
    "Gms": "0",
    "K": "20",
    "B-day": "1983",
    "Flag": "i"
  },
  {
    "ID Number": "11000473",
    "Name": "Katema, Patrick",
    "Fed": "ZIM",
    "Sex": "M",
    "Title": "",
    "WTit": "",
    "OTit": "",
    "FOA": "1903",
    "Rating": "AUG25",
    "Gms": "0",
    "K": "20",
    "B-day": "1988",
    "Flag": "i"
  },
  {
    "ID Number": "11009950",
    "Name": "Katsande Tanaka",
    "Fed": "ZIM",
    "Sex": "M",
    "Title": "",
    "WTit": "",
    "OTit": "",
    "FOA": "2039",
    "Rating": "AUG25",
    "Gms": "0",
    "K": "20",
    "B-day": "2002",
    "Flag": ""
  },
  {
    "ID Number": "11002921",
    "Name": "Kawani, Tawanda",
    "Fed": "ZIM",
    "Sex": "M",
    "Title": "",
    "WTit": "",
    "OTit": "",
    "FOA": "1872",
    "Rating": "AUG25",
    "Gms": "0",
    "K": "20",
    "B-day": "1986",
    "Flag": ""
  },
  {
    "ID Number": "123104617",
    "Name": "Mabhera, Jedidiah Panashe",
    "Fed": "ZIM",
    "Sex": "M",
    "Title": "",
    "WTit": "",
    "OTit": "",
    "FOA": "ACM",
    "Rating": "AUG25",
    "Gms": "1644",
    "K": "0",
    "B-day": "2012",
    "Flag": ""
  },
  {
    "ID Number": "11001739",
    "Name": "Madanhi, Van Tariro",
    "Fed": "ZIM",
    "Sex": "M",
    "Title": "",
    "WTit": "",
    "OTit": "",
    "FOA": "1927",
    "Rating": "AUG25",
    "Gms": "12",
    "K": "20",
    "B-day": "1995",
    "Flag": ""
  },
  {
    "ID Number": "11000120",
    "Name": "Makoto, Rodwell",
    "Fed": "ZIM",
    "Sex": "M",
    "Title": "IM",
    "WTit": "FI",
    "OTit": "",
    "FOA": "2277",
    "Rating": "AUG25",
    "Gms": "0",
    "K": "20",
    "B-day": "1987",
    "Flag": ""
  },
  {
    "ID Number": "11000147",
    "Name": "Mamombe, Kudzanai",
    "Fed": "ZIM",
    "Sex": "M",
    "Title": "IM",
    "WTit": "",
    "OTit": "",
    "FOA": "2002",
    "Rating": "AUG25",
    "Gms": "0",
    "K": "20",
    "B-day": "1971",
    "Flag": "i"
  },
  {
    "ID Number": "11010541",
    "Name": "Mandimutsira Panashe",
    "Fed": "ZIM",
    "Sex": "M",
    "Title": "",
    "WTit": "",
    "OTit": "",
    "FOA": "1790",
    "Rating": "AUG25",
    "Gms": "0",
    "K": "20",
    "B-day": "2003",
    "Flag": "i"
  },
  {
    "ID Number": "11000430",
    "Name": "Mandizha, Farai",
    "Fed": "ZIM",
    "Sex": "M",
    "Title": "IM",
    "WTit": "",
    "OTit": "",
    "FOA": "2418",
    "Rating": "AUG25",
    "Gms": "0",
    "K": "10",
    "B-day": "1985",
    "Flag": "i"
  },
  {
    "ID Number": "11010592",
    "Name": "Mapakamise Brian",
    "Fed": "ZIM",
    "Sex": "M",
    "Title": "",
    "WTit": "",
    "OTit": "",
    "FOA": "1686",
    "Rating": "AUG25",
    "Gms": "0",
    "K": "20",
    "B-day": "2002",
    "Flag": ""
  },
  {
    "ID Number": "11001275",
    "Name": "Maravanyika, Charlton",
    "Fed": "ZIM",
    "Sex": "M",
    "Title": "",
    "WTit": "",
    "OTit": "",
    "FOA": "1878",
    "Rating": "AUG25",
    "Gms": "0",
    "K": "20",
    "B-day": "1977",
    "Flag": "i"
  },
  {
    "ID Number": "11011459",
    "Name": "Marerwa Nyasha Phineas",
    "Fed": "ZIM",
    "Sex": "M",
    "Title": "",
    "WTit": "",
    "OTit": "",
    "FOA": "1824",
    "Rating": "AUG25",
    "Gms": "0",
    "K": "20",
    "B-day": "1998",
    "Flag": "i"
  },
  {
    "ID Number": "14300753",
    "Name": "Masango, Spencer",
    "Fed": "ZIM",
    "Sex": "M",
    "Title": "",
    "WTit": "",
    "OTit": "",
    "FOA": "2071",
    "Rating": "AUG25",
    "Gms": "0",
    "K": "20",
    "B-day": "1982",
    "Flag": "i"
  },
  {
    "ID Number": "11012927",
    "Name": "MATHE ALPHA SIPHOSENKOSI",
    "Fed": "ZIM",
    "Sex": "M",
    "Title": "",
    "WTit": "SI,NA",
    "OTit": "",
    "FOA": "1691",
    "Rating": "AUG25",
    "Gms": "0",
    "K": "20",
    "B-day": "2004",
    "Flag": ""
  },
  {
    "ID Number": "11013010",
    "Name": "Mbondo Donald",
    "Fed": "ZIM",
    "Sex": "M",
    "Title": "",
    "WTit": "",
    "OTit": "",
    "FOA": "1845",
    "Rating": "AUG25",
    "Gms": "0",
    "K": "20",
    "B-day": "2004",
    "Flag": "i"
  },
  {
    "ID Number": "11011157",
    "Name": "Moyo Milton Clay",
    "Fed": "ZIM",
    "Sex": "M",
    "Title": "",
    "WTit": "",
    "OTit": "",
    "FOA": "1502",
    "Rating": "AUG25",
    "Gms": "3",
    "K": "20",
    "B-day": "1997",
    "Flag": ""
  },
  {
    "ID Number": "11000627",
    "Name": "Moyo, Dion",
    "Fed": "ZIM",
    "Sex": "M",
    "Title": "CM",
    "WTit": "",
    "OTit": "",
    "FOA": "2207",
    "Rating": "AUG25",
    "Gms": "0",
    "K": "20",
    "B-day": "0",
    "Flag": ""
  },
  {
    "ID Number": "158104316",
    "Name": "Moyo, Martin",
    "Fed": "ZIM",
    "Sex": "M",
    "Title": "",
    "WTit": "",
    "OTit": "",
    "FOA": "ACM",
    "Rating": "AUG25",
    "Gms": "1819",
    "K": "0",
    "B-day": "1989",
    "Flag": ""
  },
  {
    "ID Number": "11003367",
    "Name": "Mpala, Leeroy",
    "Fed": "ZIM",
    "Sex": "M",
    "Title": "",
    "WTit": "",
    "OTit": "",
    "FOA": "1834",
    "Rating": "AUG25",
    "Gms": "0",
    "K": "20",
    "B-day": "2001",
    "Flag": "i"
  },
  {
    "ID Number": "11000970",
    "Name": "Mudzingwa, Takunda",
    "Fed": "ZIM",
    "Sex": "M",
    "Title": "",
    "WTit": "",
    "OTit": "",
    "FOA": "1676",
    "Rating": "AUG25",
    "Gms": "0",
    "K": "20",
    "B-day": "1999",
    "Flag": "i"
  },
  {
    "ID Number": "11003952",
    "Name": "Mushongandebvu, Kennedy",
    "Fed": "ZIM",
    "Sex": "M",
    "Title": "",
    "WTit": "",
    "OTit": "",
    "FOA": "1864",
    "Rating": "AUG25",
    "Gms": "0",
    "K": "20",
    "B-day": "1991",
    "Flag": "i"
  },
  {
    "ID Number": "11309504",
    "Name": "Mushore, Emarald Takudzwa",
    "Fed": "ZIM",
    "Sex": "M",
    "Title": "",
    "WTit": "",
    "OTit": "",
    "FOA": "2193",
    "Rating": "AUG25",
    "Gms": "0",
    "K": "20",
    "B-day": "1989",
    "Flag": "i"
  },
  {
    "ID Number": "11015187",
    "Name": "Mutema Ezywell",
    "Fed": "ZIM",
    "Sex": "M",
    "Title": "",
    "WTit": "",
    "OTit": "",
    "FOA": "1584",
    "Rating": "AUG25",
    "Gms": "0",
    "K": "40",
    "B-day": "2010",
    "Flag": "i"
  },
  {
    "ID Number": "11001216",
    "Name": "Ncube, Sifiso",
    "Fed": "ZIM",
    "Sex": "M",
    "Title": "FM",
    "WTit": "",
    "OTit": "",
    "FOA": "1965",
    "Rating": "AUG25",
    "Gms": "0",
    "K": "20",
    "B-day": "1998",
    "Flag": "i"
  },
  {
    "ID Number": "11031115",
    "Name": "NDLOVU KEITH LETHUKUTHABA",
    "Fed": "ZIM",
    "Sex": "M",
    "Title": "",
    "WTit": "",
    "OTit": "",
    "FOA": "1728",
    "Rating": "AUG25",
    "Gms": "0",
    "K": "20",
    "B-day": "2002",
    "Flag": ""
  },
  {
    "ID Number": "11013036",
    "Name": "nyambuya godwish",
    "Fed": "ZIM",
    "Sex": "M",
    "Title": "",
    "WTit": "",
    "OTit": "",
    "FOA": "1715",
    "Rating": "AUG25",
    "Gms": "0",
    "K": "20",
    "B-day": "1990",
    "Flag": "i"
  },
  {
    "ID Number": "11012412",
    "Name": "NYAZENGA CHRIS",
    "Fed": "ZIM",
    "Sex": "M",
    "Title": "",
    "WTit": "",
    "OTit": "",
    "FOA": "1818",
    "Rating": "AUG25",
    "Gms": "0",
    "K": "20",
    "B-day": "1999",
    "Flag": "i"
  },
  {
    "ID Number": "11015144",
    "Name": "Nyoni Seaman",
    "Fed": "ZIM",
    "Sex": "M",
    "Title": "",
    "WTit": "",
    "OTit": "",
    "FOA": "1774",
    "Rating": "AUG25",
    "Gms": "0",
    "K": "20",
    "B-day": "1997",
    "Flag": ""
  },
  {
    "ID Number": "11027436",
    "Name": "Prince Tafadzwa Gangaidzo",
    "Fed": "ZIM",
    "Sex": "M",
    "Title": "",
    "WTit": "",
    "OTit": "",
    "FOA": "1494",
    "Rating": "AUG25",
    "Gms": "5",
    "K": "20",
    "B-day": "1989",
    "Flag": ""
  },
  {
    "ID Number": "11002883",
    "Name": "Pwere, Charles",
    "Fed": "ZIM",
    "Sex": "M",
    "Title": "",
    "WTit": "",
    "OTit": "",
    "FOA": "1809",
    "Rating": "AUG25",
    "Gms": "0",
    "K": "20",
    "B-day": "1989",
    "Flag": "i"
  },
  {
    "ID Number": "11004991",
    "Name": "Ruchaka, Kenneth",
    "Fed": "ZIM",
    "Sex": "M",
    "Title": "",
    "WTit": "",
    "OTit": "",
    "FOA": "AIM",
    "Rating": "AUG25",
    "Gms": "1989",
    "K": "0",
    "B-day": "1993",
    "Flag": "i"
  },
  {
    "ID Number": "11001283",
    "Name": "Salimu, Reuben",
    "Fed": "ZIM",
    "Sex": "M",
    "Title": "",
    "WTit": "FI,SI",
    "OTit": "",
    "FOA": "AIM",
    "Rating": "AUG25",
    "Gms": "1843",
    "K": "0",
    "B-day": "0",
    "Flag": ""
  },
  {
    "ID Number": "11001631",
    "Name": "Shaba, Linda Dalitso",
    "Fed": "ZIM",
    "Sex": "F",
    "Title": "",
    "WTit": "",
    "OTit": "",
    "FOA": "1781",
    "Rating": "AUG25",
    "Gms": "0",
    "K": "20",
    "B-day": "1997",
    "Flag": "wi"
  },
  {
    "ID Number": "11014873",
    "Name": "Sibanda Tafadzwa",
    "Fed": "ZIM",
    "Sex": "M",
    "Title": "",
    "WTit": "",
    "OTit": "",
    "FOA": "1861",
    "Rating": "AUG25",
    "Gms": "0",
    "K": "20",
    "B-day": "2005",
    "Flag": ""
  },
  {
    "ID Number": "11014075",
    "Name": "Simbarashe Raymond Mudukuti",
    "Fed": "ZIM",
    "Sex": "M",
    "Title": "",
    "WTit": "",
    "OTit": "",
    "FOA": "1542",
    "Rating": "AUG25",
    "Gms": "0",
    "K": "20",
    "B-day": "1993",
    "Flag": ""
  },
  {
    "ID Number": "11003910",
    "Name": "Soti, Alpha",
    "Fed": "ZIM",
    "Sex": "F",
    "Title": "",
    "WTit": "",
    "OTit": "",
    "FOA": "1592",
    "Rating": "AUG25",
    "Gms": "0",
    "K": "20",
    "B-day": "1998",
    "Flag": "wi"
  },
  {
    "ID Number": "14304333",
    "Name": "Takawira, Erick",
    "Fed": "ZIM",
    "Sex": "M",
    "Title": "",
    "WTit": "FT,LSI,SI,NA",
    "OTit": "",
    "FOA": "2036",
    "Rating": "AUG25",
    "Gms": "0",
    "K": "20",
    "B-day": "1981",
    "Flag": "i"
  },
  {
    "ID Number": "11001305",
    "Name": "Wakuruwarewa, Colletta",
    "Fed": "ZIM",
    "Sex": "F",
    "Title": "",
    "WTit": "",
    "OTit": "",
    "FOA": "1747",
    "Rating": "AUG25",
    "Gms": "0",
    "K": "20",
    "B-day": "1993",
    "Flag": "wi"
  },
  {
    "ID Number": "11001933",
    "Name": "Zhemba, Jemusse",
    "Fed": "ZIM",
    "Sex": "M",
    "Title": "FM",
    "WTit": "",
    "OTit": "",
    "FOA": "2201",
    "Rating": "AUG25",
    "Gms": "0",
    "K": "20",
    "B-day": "1996",
    "Flag": ""
  }
]