[
  {
    "ID Number": "11000457"
  },
  {
    "ID Number": "11008482"
  },
  {
    "ID Number": "323105020"
  },
  {
    "ID Number": "11001887"
  },
  {
    "ID Number": "11011629"
  },
  {
    "ID Number": "11000236"
  },
  {
    "ID Number": "11000341"
  },
  {
    "ID Number": "11000538"
  },
  {
    "ID Number": "11000449"
  },
  {
    "ID Number": "11000260"
  },
  {
    "ID Number": "11005424"
  },
  {
    "ID Number": "11002050"
  },
  {
    "ID Number": "11000600"
  },
  {
    "ID Number": "11012129"
  },
  {
    "ID Number": "11020628"
  },
  {
    "ID Number": "11000228"
  },
  {
    "ID Number": "11001879"
  },
  {
    "ID Number": "11001674"
  },
  {
    "ID Number": "11000473"
  },
  {
    "ID Number": "11009950"
  },
  {
    "ID Number": "11002921"
  },
  {
    "ID Number": "123104617"
  },
  {
    "ID Number": "11001739"
  },
  {
    "ID Number": "11000120"
  },
  {
    "ID Number": "11000147"
  },
  {
    "ID Number": "11010541"
  },
  {
    "ID Number": "11000430"
  },
  {
    "ID Number": "11010592"
  },
  {
    "ID Number": "11001275"
  },
  {
    "ID Number": "11011459"
  },
  {
    "ID Number": "14300753"
  },
  {
    "ID Number": "11012927"
  },
  {
    "ID Number": "11013010"
  },
  {
    "ID Number": "11011157"
  },
  {
    "ID Number": "11000627"
  },
  {
    "ID Number": "158104316"
  },
  {
    "ID Number": "11003367"
  },
  {
    "ID Number": "11000970"
  },
  {
    "ID Number": "11003952"
  },
  {
    "ID Number": "11309504"
  },
  {
    "ID Number": "11015187"
  },
  {
    "ID Number": "11001216"
  },
  {
    "ID Number": "11031115"
  },
  {
    "ID Number": "11013036"
  },
  {
    "ID Number": "11012412"
  },
  {
    "ID Number": "11015144"
  },
  {
    "ID Number": "11027436"
  },
  {
    "ID Number": "11002883"
  },
  {
    "ID Number": "11004991"
  },
  {
    "ID Number": "11001283"
  },
  {
    "ID Number": "11001631"
  },
  {
    "ID Number": "11014873"
  },
  {
    "ID Number": "11014075"
  },
  {
    "ID Number": "11003910"
  },
  {
    "ID Number": "14304333"
  },
  {
    "ID Number": "11001305"
  },
  {
    "ID Number": "11001933"
  }
]