[
  {
    "ID Number": "20300603"
  },
  {
    "ID Number": "20300336"
  },
  {
    "ID Number": "20300310"
  },
  {
    "ID Number": "20300204"
  },
  {
    "ID Number": "20300905"
  },
  {
    "ID Number": "20300611"
  },
  {
    "ID Number": "20300395"
  },
  {
    "ID Number": "20300573"
  },
  {
    "ID Number": "20300301"
  },
  {
    "ID Number": "20300425"
  },
  {
    "ID Number": "20300468"
  },
  {
    "ID Number": "20300352"
  },
  {
    "ID Number": "20300255"
  },
  {
    "ID Number": "20300387"
  },
  {
    "ID Number": "20300107"
  },
  {
    "ID Number": "20300778"
  },
  {
    "ID Number": "20300018"
  },
  {
    "ID Number": "20300654"
  },
  {
    "ID Number": "20300689"
  },
  {
    "ID Number": "20300034"
  },
  {
    "ID Number": "20300166"
  },
  {
    "ID Number": "20300549"
  },
  {
    "ID Number": "20300220"
  }
]