[
  {
    "ID Number": "5303729"
  },
  {
    "ID Number": "5304326"
  },
  {
    "ID Number": "5311098"
  },
  {
    "ID Number": "5313759"
  },
  {
    "ID Number": "5315247"
  },
  {
    "ID Number": "5300223"
  },
  {
    "ID Number": "5302129"
  },
  {
    "ID Number": "5302889"
  },
  {
    "ID Number": "5315760"
  },
  {
    "ID Number": "5309956"
  },
  {
    "ID Number": "5301700"
  },
  {
    "ID Number": "5307058"
  },
  {
    "ID Number": "5309867"
  },
  {
    "ID Number": "5303010"
  },
  {
    "ID Number": "5303087"
  },
  {
    "ID Number": "5310059"
  },
  {
    "ID Number": "5303095"
  },
  {
    "ID Number": "5308470"
  },
  {
    "ID Number": "5315271"
  },
  {
    "ID Number": "5301378"
  },
  {
    "ID Number": "689165"
  },
  {
    "ID Number": "5304539"
  },
  {
    "ID Number": "5301874"
  },
  {
    "ID Number": "5300797"
  },
  {
    "ID Number": "5324521"
  },
  {
    "ID Number": "5319935"
  },
  {
    "ID Number": "5307295"
  },
  {
    "ID Number": "5319625"
  },
  {
    "ID Number": "5303710"
  },
  {
    "ID Number": "5307430"
  },
  {
    "ID Number": "5315751"
  },
  {
    "ID Number": "5302803"
  },
  {
    "ID Number": "5311330"
  },
  {
    "ID Number": "5301726"
  },
  {
    "ID Number": "5307570"
  },
  {
    "ID Number": "5300282"
  },
  {
    "ID Number": "5320550"
  },
  {
    "ID Number": "5300843"
  },
  {
    "ID Number": "5314216"
  },
  {
    "ID Number": "5300770"
  },
  {
    "ID Number": "5309670"
  },
  {
    "ID Number": "5304946"
  },
  {
    "ID Number": "5307074"
  },
  {
    "ID Number": "5307082"
  },
  {
    "ID Number": "5302897"
  },
  {
    "ID Number": "5301432"
  },
  {
    "ID Number": "5310504"
  },
  {
    "ID Number": "5300134"
  },
  {
    "ID Number": "5306710"
  },
  {
    "ID Number": "5317606"
  },
  {
    "ID Number": "5313562"
  },
  {
    "ID Number": "5313570"
  },
  {
    "ID Number": "5301734"
  },
  {
    "ID Number": "5300916"
  },
  {
    "ID Number": "5316430"
  },
  {
    "ID Number": "5305233"
  },
  {
    "ID Number": "5317304"
  },
  {
    "ID Number": "5307414"
  },
  {
    "ID Number": "5305217"
  },
  {
    "ID Number": "5314224"
  },
  {
    "ID Number": "5321093"
  },
  {
    "ID Number": "5307619"
  },
  {
    "ID Number": "5300096"
  },
  {
    "ID Number": "5315182"
  },
  {
    "ID Number": "5302900"
  },
  {
    "ID Number": "5300657"
  },
  {
    "ID Number": "5310911"
  },
  {
    "ID Number": "5314267"
  },
  {
    "ID Number": "5305497"
  },
  {
    "ID Number": "5323924"
  },
  {
    "ID Number": "5314941"
  },
  {
    "ID Number": "5307457"
  },
  {
    "ID Number": "5300479"
  },
  {
    "ID Number": "5300827"
  },
  {
    "ID Number": "5308720"
  },
  {
    "ID Number": "5301467"
  },
  {
    "ID Number": "5311349"
  },
  {
    "ID Number": "5318130"
  },
  {
    "ID Number": "5302749"
  },
  {
    "ID Number": "5307597"
  },
  {
    "ID Number": "5304571"
  },
  {
    "ID Number": "5324904"
  },
  {
    "ID Number": "5305861"
  },
  {
    "ID Number": "5321123"
  },
  {
    "ID Number": "5327563"
  },
  {
    "ID Number": "5300568"
  },
  {
    "ID Number": "5301653"
  },
  {
    "ID Number": "5316901"
  },
  {
    "ID Number": "5303303"
  },
  {
    "ID Number": "5303397"
  },
  {
    "ID Number": "5313910"
  },
  {
    "ID Number": "5313180"
  },
  {
    "ID Number": "5300851"
  },
  {
    "ID Number": "5304466"
  },
  {
    "ID Number": "5300126"
  },
  {
    "ID Number": "5322294"
  },
  {
    "ID Number": "5300207"
  },
  {
    "ID Number": "5327210"
  },
  {
    "ID Number": "5320577"
  },
  {
    "ID Number": "5323517"
  },
  {
    "ID Number": "5304806"
  },
  {
    "ID Number": "5313082"
  },
  {
    "ID Number": "5312663"
  },
  {
    "ID Number": "5311357"
  },
  {
    "ID Number": "5308038"
  },
  {
    "ID Number": "5323258"
  },
  {
    "ID Number": "5300940"
  },
  {
    "ID Number": "5317657"
  },
  {
    "ID Number": "5305330"
  },
  {
    "ID Number": "5310776"
  },
  {
    "ID Number": "5310784"
  },
  {
    "ID Number": "5314283"
  },
  {
    "ID Number": "5303133"
  },
  {
    "ID Number": "5300118"
  },
  {
    "ID Number": "5310792"
  },
  {
    "ID Number": "5307880"
  },
  {
    "ID Number": "5306140"
  },
  {
    "ID Number": "5301386"
  },
  {
    "ID Number": "5300886"
  },
  {
    "ID Number": "5309778"
  },
  {
    "ID Number": "5307210"
  },
  {
    "ID Number": "5309999"
  },
  {
    "ID Number": "5304733"
  },
  {
    "ID Number": "5300231"
  },
  {
    "ID Number": "5300380"
  },
  {
    "ID Number": "5302919"
  },
  {
    "ID Number": "5313953"
  },
  {
    "ID Number": "5324220"
  },
  {
    "ID Number": "5311020"
  },
  {
    "ID Number": "5311080"
  },
  {
    "ID Number": "5324238"
  },
  {
    "ID Number": "5300401"
  },
  {
    "ID Number": "5315379"
  },
  {
    "ID Number": "5311624"
  },
  {
    "ID Number": "5313520"
  },
  {
    "ID Number": "5319471"
  },
  {
    "ID Number": "5302927"
  },
  {
    "ID Number": "5302218"
  },
  {
    "ID Number": "5313210"
  },
  {
    "ID Number": "5301440"
  },
  {
    "ID Number": "5304270"
  },
  {
    "ID Number": "5301491"
  },
  {
    "ID Number": "5306817"
  },
  {
    "ID Number": "5321158"
  },
  {
    "ID Number": "5320453"
  },
  {
    "ID Number": "5303443"
  },
  {
    "ID Number": "5303788"
  },
  {
    "ID Number": "5305209"
  },
  {
    "ID Number": "5302579"
  },
  {
    "ID Number": "5302587"
  },
  {
    "ID Number": "5309743"
  },
  {
    "ID Number": "5308879"
  },
  {
    "ID Number": "5317088"
  },
  {
    "ID Number": "5310288"
  },
  {
    "ID Number": "5317096"
  },
  {
    "ID Number": "5313635"
  },
  {
    "ID Number": "5300240"
  },
  {
    "ID Number": "5307821"
  },
  {
    "ID Number": "5323550"
  },
  {
    "ID Number": "5315387"
  },
  {
    "ID Number": "5311179"
  },
  {
    "ID Number": "5303478"
  },
  {
    "ID Number": "5300665"
  },
  {
    "ID Number": "5323576"
  },
  {
    "ID Number": "4136845"
  },
  {
    "ID Number": "5303486"
  },
  {
    "ID Number": "5316669"
  },
  {
    "ID Number": "5320798"
  },
  {
    "ID Number": "5300975"
  },
  {
    "ID Number": "5303958"
  },
  {
    "ID Number": "5310814"
  },
  {
    "ID Number": "5314720"
  },
  {
    "ID Number": "5317690"
  },
  {
    "ID Number": "5302315"
  },
  {
    "ID Number": "5322863"
  },
  {
    "ID Number": "5312671"
  },
  {
    "ID Number": "5303621"
  },
  {
    "ID Number": "5303818"
  },
  {
    "ID Number": "5306310"
  },
  {
    "ID Number": "5303826"
  },
  {
    "ID Number": "5314356"
  },
  {
    "ID Number": "5301009"
  },
  {
    "ID Number": "5309387"
  },
  {
    "ID Number": "5303494"
  },
  {
    "ID Number": "5302510"
  },
  {
    "ID Number": "5305896"
  },
  {
    "ID Number": "5310512"
  },
  {
    "ID Number": "5309310"
  },
  {
    "ID Number": "5302323"
  },
  {
    "ID Number": "5309301"
  },
  {
    "ID Number": "5315174"
  },
  {
    "ID Number": "5316880"
  },
  {
    "ID Number": "5325064"
  },
  {
    "ID Number": "5302331"
  },
  {
    "ID Number": "5323789"
  },
  {
    "ID Number": "5325650"
  },
  {
    "ID Number": "5316189"
  },
  {
    "ID Number": "5303028"
  },
  {
    "ID Number": "5303338"
  },
  {
    "ID Number": "5324491"
  },
  {
    "ID Number": "5300410"
  },
  {
    "ID Number": "5309115"
  },
  {
    "ID Number": "5300584"
  },
  {
    "ID Number": "5303141"
  },
  {
    "ID Number": "5312850"
  },
  {
    "ID Number": "5311390"
  },
  {
    "ID Number": "5315875"
  },
  {
    "ID Number": "5310601"
  },
  {
    "ID Number": "5325692"
  },
  {
    "ID Number": "5309280"
  },
  {
    "ID Number": "5307660"
  },
  {
    "ID Number": "5311659"
  },
  {
    "ID Number": "5301530"
  },
  {
    "ID Number": "5300800"
  },
  {
    "ID Number": "5303214"
  },
  {
    "ID Number": "5300436"
  },
  {
    "ID Number": "5310830"
  },
  {
    "ID Number": "5302137"
  },
  {
    "ID Number": "5300193"
  },
  {
    "ID Number": "5302609"
  },
  {
    "ID Number": "5303630"
  },
  {
    "ID Number": "5302692"
  },
  {
    "ID Number": "5310440"
  },
  {
    "ID Number": "5321077"
  },
  {
    "ID Number": "5310369"
  },
  {
    "ID Number": "5303699"
  },
  {
    "ID Number": "5304814"
  },
  {
    "ID Number": "5322430"
  },
  {
    "ID Number": "5317002"
  },
  {
    "ID Number": "5317746"
  },
  {
    "ID Number": "5303877"
  },
  {
    "ID Number": "5306590"
  },
  {
    "ID Number": "5315166"
  },
  {
    "ID Number": "5314992"
  },
  {
    "ID Number": "5307422"
  },
  {
    "ID Number": "5309085"
  },
  {
    "ID Number": "5307392"
  },
  {
    "ID Number": "5305578"
  },
  {
    "ID Number": "5303966"
  },
  {
    "ID Number": "5300150"
  },
  {
    "ID Number": "5304393"
  },
  {
    "ID Number": "10302573"
  },
  {
    "ID Number": "5315883"
  },
  {
    "ID Number": "11500140"
  },
  {
    "ID Number": "5310628"
  },
  {
    "ID Number": "5312442"
  },
  {
    "ID Number": "5302943"
  },
  {
    "ID Number": "5301041"
  },
  {
    "ID Number": "5303222"
  },
  {
    "ID Number": "5305985"
  },
  {
    "ID Number": "5303885"
  },
  {
    "ID Number": "4628250"
  },
  {
    "ID Number": "5302994"
  },
  {
    "ID Number": "5301831"
  },
  {
    "ID Number": "5304520"
  },
  {
    "ID Number": "5303656"
  },
  {
    "ID Number": "5304350"
  },
  {
    "ID Number": "5303974"
  },
  {
    "ID Number": "5314526"
  },
  {
    "ID Number": "5300029"
  },
  {
    "ID Number": "5306914"
  },
  {
    "ID Number": "5305900"
  },
  {
    "ID Number": "5308984"
  },
  {
    "ID Number": "5307635"
  },
  {
    "ID Number": "5300347"
  },
  {
    "ID Number": "5320623"
  },
  {
    "ID Number": "5302250"
  },
  {
    "ID Number": "5316677"
  },
  {
    "ID Number": "5302960"
  },
  {
    "ID Number": "5300037"
  },
  {
    "ID Number": "5307325"
  },
  {
    "ID Number": "5307066"
  },
  {
    "ID Number": "5300681"
  },
  {
    "ID Number": "5304849"
  },
  {
    "ID Number": "5315441"
  },
  {
    "ID Number": "5314739"
  },
  {
    "ID Number": "5317452"
  },
  {
    "ID Number": "5307627"
  },
  {
    "ID Number": "5300819"
  },
  {
    "ID Number": "5310636"
  },
  {
    "ID Number": "5315697"
  },
  {
    "ID Number": "5315700"
  },
  {
    "ID Number": "5319641"
  },
  {
    "ID Number": "5301572"
  },
  {
    "ID Number": "5321069"
  },
  {
    "ID Number": "5304300"
  },
  {
    "ID Number": "5316871"
  },
  {
    "ID Number": "5301084"
  },
  {
    "ID Number": "5302374"
  },
  {
    "ID Number": "5324033"
  },
  {
    "ID Number": "5307376"
  },
  {
    "ID Number": "5314747"
  },
  {
    "ID Number": "5317878"
  },
  {
    "ID Number": "5312710"
  },
  {
    "ID Number": "5315476"
  },
  {
    "ID Number": "5300630"
  },
  {
    "ID Number": "5304857"
  },
  {
    "ID Number": "5300088"
  },
  {
    "ID Number": "5318785"
  },
  {
    "ID Number": "5300517"
  },
  {
    "ID Number": "5300606"
  },
  {
    "ID Number": "5317908"
  },
  {
    "ID Number": "5302633"
  },
  {
    "ID Number": "5300290"
  },
  {
    "ID Number": "5302978"
  },
  {
    "ID Number": "5313201"
  },
  {
    "ID Number": "5300622"
  },
  {
    "ID Number": "5327490"
  },
  {
    "ID Number": "5300495"
  },
  {
    "ID Number": "5300100"
  },
  {
    "ID Number": "5304261"
  },
  {
    "ID Number": "5301343"
  },
  {
    "ID Number": "5313317"
  },
  {
    "ID Number": "5300304"
  },
  {
    "ID Number": "5300312"
  },
  {
    "ID Number": "5311403"
  },
  {
    "ID Number": "5308240"
  },
  {
    "ID Number": "14100908"
  },
  {
    "ID Number": "5318807"
  },
  {
    "ID Number": "5311284"
  },
  {
    "ID Number": "5302269"
  },
  {
    "ID Number": "5301599"
  },
  {
    "ID Number": "5301602"
  },
  {
    "ID Number": "5300169"
  },
  {
    "ID Number": "5324475"
  },
  {
    "ID Number": "5317959"
  },
  {
    "ID Number": "5301122"
  },
  {
    "ID Number": "5301130"
  },
  {
    "ID Number": "5303265"
  },
  {
    "ID Number": "5304679"
  },
  {
    "ID Number": "5302170"
  },
  {
    "ID Number": "5324696"
  },
  {
    "ID Number": "5311110"
  },
  {
    "ID Number": "5302838"
  },
  {
    "ID Number": "5311128"
  },
  {
    "ID Number": "5300185"
  },
  {
    "ID Number": "5303990"
  },
  {
    "ID Number": "5307783"
  },
  {
    "ID Number": "5302641"
  },
  {
    "ID Number": "5318190"
  },
  {
    "ID Number": "5307350"
  },
  {
    "ID Number": "5304369"
  },
  {
    "ID Number": "5310644"
  },
  {
    "ID Number": "5307503"
  },
  {
    "ID Number": "5309620"
  },
  {
    "ID Number": "5306493"
  },
  {
    "ID Number": "5303273"
  },
  {
    "ID Number": "5311101"
  },
  {
    "ID Number": "5305225"
  },
  {
    "ID Number": "5322367"
  },
  {
    "ID Number": "5311438"
  },
  {
    "ID Number": "5316600"
  },
  {
    "ID Number": "5300444"
  },
  {
    "ID Number": "5300509"
  },
  {
    "ID Number": "5302196"
  },
  {
    "ID Number": "5304687"
  },
  {
    "ID Number": "5301629"
  },
  {
    "ID Number": "5300541"
  },
  {
    "ID Number": "5300746"
  },
  {
    "ID Number": "5303320"
  },
  {
    "ID Number": "5320739"
  },
  {
    "ID Number": "5320771"
  },
  {
    "ID Number": "5320747"
  },
  {
    "ID Number": "5307007"
  },
  {
    "ID Number": "5300754"
  },
  {
    "ID Number": "5303044"
  },
  {
    "ID Number": "5300010"
  },
  {
    "ID Number": "5307236"
  },
  {
    "ID Number": "5323150"
  },
  {
    "ID Number": "5317169"
  },
  {
    "ID Number": "5316910"
  },
  {
    "ID Number": "5301262"
  },
  {
    "ID Number": "5300070"
  },
  {
    "ID Number": "5301270"
  },
  {
    "ID Number": "5318220"
  },
  {
    "ID Number": "5300711"
  },
  {
    "ID Number": "5300053"
  },
  {
    "ID Number": "5309638"
  },
  {
    "ID Number": "5302080"
  },
  {
    "ID Number": "5300398"
  },
  {
    "ID Number": "5301637"
  },
  {
    "ID Number": "5304709"
  },
  {
    "ID Number": "5319862"
  },
  {
    "ID Number": "5303311"
  },
  {
    "ID Number": "5301335"
  },
  {
    "ID Number": "5310881"
  },
  {
    "ID Number": "5309077"
  },
  {
    "ID Number": "5325269"
  },
  {
    "ID Number": "5301866"
  },
  {
    "ID Number": "5301297"
  },
  {
    "ID Number": "5311187"
  },
  {
    "ID Number": "5321506"
  },
  {
    "ID Number": "5313694"
  },
  {
    "ID Number": "5302200"
  },
  {
    "ID Number": "5317177"
  },
  {
    "ID Number": "5303591"
  },
  {
    "ID Number": "5315530"
  }
]