ID Number,Name,Fed,Sex,Title,WTit,OTit,Rating,Gms,K,RatingMonth,B-day,Flag
329112433,"a saleh, kassem",FID,M,,,,1492,0,40,SEP25,1963,i
21512957,A Totol,FID,M,,,,1701,0,20,SEP25,1988,i
21512671,"Abainza, Artemio",FID,M,,,,1714,0,20,SEP25,1972,i
55658539,"Abasova, Adelina",FID,F,,,,1786,0,40,SEP25,2013,w
55697887,"Abasova, Darina Raf",FID,F,,,,1705,0,40,SEP25,2014,w
124108011,"Abdalov, Yusif",FID,M,,,,1431,0,40,SEP25,1998,i
124136491,"Abdrakhmanov, Marat",FID,M,,,,1738,0,20,SEP25,1980,i
379112469,"Abdrakhmanov, Yerkebulan",FID,M,,,,ACM,1407,0,SEP25,1980,
351104472,"Abiton, Gerard",FID,M,,,,1452,0,20,SEP25,1954,
26344610,"Abohalaka, Reshed",FID,M,,,,1706,4,20,SEP25,1991,
342093772,"Abouleila, Mahmoud",FID,M,,,,1897,0,20,SEP25,1977,i
13526669,"Abramkina, Veranika",FID,F,,,,1968,8,40,SEP25,2010,w
24104655,"Abramova, Yulia",FID,F,,,,1803,10,20,SEP25,1987,w
385105002,"Aburawi, Ahmed",FID,M,,,,1497,0,40,SEP25,2011,i
115112472,"Acosta, Napoleon",FID,M,,,,AFM,1747,0,SEP25,1975,
13511122,"Adamchyk, Miraslau",FID,M,,,,1735,0,20,SEP25,1998,i
34371885,"Afanasiev, Timur S",FID,M,,,,1528,0,40,SEP25,2013,i
24266337,"Afanasyev, Adrian",FID,M,,,,1563,0,40,SEP25,2011,i
54120110,"Afanasyev, Sergey",FID,M,,,,1724,0,20,SEP25,1984,i
371093779,"Afonin, Pavel",FID,M,,,,ACM,1463,0,SEP25,2003,i
34104426,"Agafontseva, Natalya",FID,F,,,,1772,0,20,SEP25,1972,wi
124280468,"Aghazada, Mirnamig",FID,M,,,,1638,0,40,SEP25,2012,i
11203692,"Aguilar, Cormel",FID,M,,,,1727,0,20,SEP25,1984,i
301105014,"Ahmad, Hasan Ali",FID,M,,,,1580,0,40,SEP25,0,
55897819,"Aimerich-Sazonova, Aleksandra",FID,F,,,,1651,6,40,SEP25,2016,w
540025624,"Akatyshev, Alexander",FID,M,,,,1471,8,40,SEP25,2018,
34368973,"Akhmetzyanov, Demid",FID,M,,,,1989,0,40,SEP25,2008,
34400508,"Aksenov, Konstantin Al.",FID,M,,,,AFM,1960,0,SEP25,1976,i
21512698,"Al Dabili, Samir",FID,M,,,,1731,0,20,SEP25,1986,i
146105277,"Al Hammadi, Issa",FID,M,,,,1445,0,40,SEP25,2007,
21512965,"Al khateeb, Ahmed sleem",FID,M,,,,1785,0,20,SEP25,1990,i
215105381,"Al Senan, Rasim",FID,M,,,,1604,0,40,SEP25,1984,i
138188892,"Alabed, Mohamed",FID,M,,,,1825,0,20,SEP25,1987,i
21527415,"ALBUSAYSI,ABDULELAH ALI",FID,M,,,,1693,0,40,SEP25,1998,i
4133650,"Aleksandrov, Danila",FID,M,CM,,,2089,0,20,SEP25,1983,
44172729,"Alekseenko, Mariya",FID,F,WFM,WFM,,1928,11,20,SEP25,2006,w
34171069,"Alekseev, Mikhail",FID,M,,,,1885,0,20,SEP25,1999,
44179910,"Alexandrov, Matvey",FID,M,,,,1713,0,20,SEP25,1972,i
324227161,"Alfredo Avila Dos Santos, Laudelino",FID,M,,,,1604,0,20,SEP25,1990,i
138096576,"AlHAJ HUSSAIN, Hazem",FID,M,,,,1543,0,40,SEP25,2006,
373107962,"Alhallak, Ghaith",FID,M,,,,ACM,1653,0,SEP25,1985,
22099883,"Alhinaai, Younis",FID,M,,,,1511,0,20,SEP25,1999,i
146243710,"Alhomsi, Mouhammad Ammar",FID,M,,,,1563,0,20,SEP25,2003,i
138105020,"ALHOSEEN, TALAL",FID,M,,,,1611,0,40,SEP25,1993,
209110279,"Ali, Ahmad",FID,M,,,,1796,0,40,SEP25,2005,
6373810,"Aliyev, Samil",FID,M,,,,1835,0,20,SEP25,2000,i
6337082,"Alizadeh, Moein",FID,M,,,,1944,0,20,SEP25,1989,i
146111612,"Allan, Cleon",FID,M,,,,ACM,1454,0,SEP25,2012,i
345104646,"Almache Montoya, Jefferson",FID,M,,,,1690,0,40,SEP25,1991,
396215951,"Almendarez Verdin, Manuel Adan",FID,M,,,,AFM,1806,0,SEP25,1991,i
10302735,"Alobaid, Mahmoud",FID,M,,,,1697,0,20,SEP25,1973,i
21512213,"Alyassin, Bassil",FID,M,,,,1777,0,20,SEP25,1980,i
55723977,"Ambartsumyan, Angelina Vlad",FID,F,,,,1825,0,40,SEP25,2015,w
55784895,"Ambartsumyan, Roman Vlad",FID,M,,,,1597,0,40,SEP25,2017,
34462929,"Ambartsumyan, Yuri",FID,M,,,,2067,0,40,SEP25,2013,
21511500,"Ammoura, Ayham",FID,M,,,,1860,0,20,SEP25,1974,i
540005917,"Anders, Pavel",FID,M,,,,1433,5,40,SEP25,2018,
34304096,"Andreev, Matvey",FID,M,,,,1557,0,20,SEP25,2004,i
4158814,"Andreikin, Dmitry",FID,M,GM,,,2665,0,10,SEP25,1990,i
148105427,"Andrievskyi, Vlad",FID,M,,,,1539,0,40,SEP25,2004,i
1248987,"Andriuta, Igor",FID,M,,,,1859,0,20,SEP25,1959,i
4197461,"Anfinogenov, Artem",FID,M,,,,1842,0,20,SEP25,1989,
368105475,"Angel Mariya, Boby",FID,F,,,,ACM,1703,0,SEP25,2013,w
357093760,"Angua-Mante, Godfrey",FID,M,,,,1653,0,20,SEP25,1991,i
34339876,"Anikonov, Artem",FID,M,,,,1779,0,40,SEP25,2010,i
304094451,"Anshuman, Padhi",FID,M,,,,1582,5,40,SEP25,2000,
55610439,"Antipov, Fedor",FID,M,,,,2136,8,40,SEP25,2012,
124111231,"Antsiferov, Yury",FID,M,,,,AFM,1733,0,SEP25,1990,i
11202033,"Anvay, Kelkar",FID,M,,,,1513,0,40,SEP25,2005,i
366095772,"Anwardeen, Afshina",FID,F,,,,1450,0,40,SEP25,2011,w
62400703,"Arauzo Huisa, Vladimir",FID,M,,,,1494,0,40,SEP25,2005,
21510490,"Ariel, V. SILLARICO",FID,M,,,,1695,0,20,SEP25,1990,
396104602,"Arquieta Cruz, Carlos Gerardo",FID,M,,,,ACM,1547,0,SEP25,1989,
34345752,"Artamonova, Ulyana",FID,F,,,,1839,0,40,SEP25,2012,w
10302670,"Aruna, Vivek",FID,M,,,,1696,0,20,SEP25,2001,i
108105333,"Asade, Tolulope Martins",FID,M,,,,1618,0,40,SEP25,1999,i
115203370,"Asain, Nasser",FID,M,,,,AIM,1924,6,SEP25,1979,
342110523,"Ashraf, Mohamedjwwaf Ahmed Fathi Fahmi Farah",FID,F,,,,1555,0,40,SEP25,2002,w
115108228,"Asodisen, Aldrich",FID,M,,,,AFM,1762,0,SEP25,2008,
4174534,"Astanovsky, Kirill",FID,M,,,,2029,0,20,SEP25,1984,i
522065350,"Atabekov, Ibragim Saf",FID,M,,,,1525,6,40,SEP25,2018,
115097311,"Atutubo, Joy",FID,F,,,,ACM,1694,0,SEP25,1986,w
379105301,"Aubakirov, Arlan",FID,M,,,,1621,0,40,SEP25,2011,
153105419,"AUCANTE, Leo",FID,M,,,,1705,0,40,SEP25,2006,i
320105429,"Auchynnikau, Artsiom",FID,M,,,,AFM,1456,0,SEP25,1990,i
24250473,"Averin, Nikolay",FID,M,FM,,,2343,7,10,SEP25,2010,
522075100,"Averkin, Mark",FID,M,,,,1459,0,40,SEP25,2012,
13501470,"Azarov, Sergei",FID,M,GM,,,2559,0,10,SEP25,1983,i
34164569,"Babakekhyan, Artem",FID,M,,,,2124,0,20,SEP25,2004,
24117412,"Babanov, Aleksandr",FID,M,,,,1702,0,20,SEP25,1960,
13527428,"Babeikin, Kiryl",FID,M,,,,1873,0,40,SEP25,2014,
55700055,"Babkin, Timofey Dm",FID,M,,,,1638,0,40,SEP25,2015,
34214054,"Bachaliashvili, Eduard",FID,M,,,,AIM,1983,0,SEP25,2009,i
55861911,"Badmaev, Aldar",FID,M,,,,1499,0,40,SEP25,2015,
24115762,"Badmatsyrenov, Oleg",FID,M,IM,,,2404,0,10,SEP25,1987,i
34232443,"Bagdasarian, Roman",FID,M,,,,1588,0,20,SEP25,2006,i
342107850,"Bahgat, Mohamed",FID,M,,,,ACM,1828,0,SEP25,1987,i
366128345,"Baig, Arif",FID,M,,,,1446,0,20,SEP25,1982,i
13530275,"Baikou, Stsiapan",FID,M,,,,1642,0,40,SEP25,2014,
540038939,"Bakhriev, Daler",FID,M,,,,1702,0,40,SEP25,1995,
374101382,"Balaji, Shreenidhi",FID,F,,,,1580,0,40,SEP25,2014,w
4192060,"Balakirev, Nikoly",FID,M,,,,1864,0,20,SEP25,1990,
4163117,"Balashova, Liia",FID,F,WGM,WGM,,2233,0,20,SEP25,1986,w
11203765,"Balbuena, Arman",FID,M,,,,1716,0,20,SEP25,1978,i
364110388,"Balogh, Adam Laszlo",FID,M,,,,ACM,1523,0,SEP25,2004,
55669794,"Barabash, Anastasiya Aleks",FID,F,,,,1899,0,40,SEP25,2013,w
55760236,"Baranov, Prokhor",FID,M,,,,1493,0,40,SEP25,2016,
24144924,"Barinova, Marina",FID,F,,,,1941,0,20,SEP25,1994,wi
324226880,"Bartholo, Luis",FID,M,,,,1795,0,20,SEP25,1981,i
115111368,"Bartolata, Cheran",FID,M,,,,AIM,2010,0,SEP25,1981,
124111545,"Bartoshevich-Zhagel, Rafail",FID,M,,,,ACM,1591,0,SEP25,2013,
34334491,"Baryshnikov, Grigoriy",FID,M,,,,1624,0,40,SEP25,2011,i
215105390,"bassri, ezz",FID,M,,,,1982,7,40,SEP25,2009,
115108012,"Batang, Rex Jon",FID,M,,,,ACM,1642,0,SEP25,1989,i
21512949,"Bathan, Joel",FID,M,,,,1644,0,20,SEP25,1972,i
55745741,"Baturin-Vinogradov, Miroslav",FID,M,CM,,,2118,4,40,SEP25,2012,
356097343,"Baune, Konstantin",FID,M,,,,1615,0,40,SEP25,1999,
115110431,"Bayaua, Jake",FID,M,,,,AFM,1883,0,SEP25,1984,
115203755,"Bedia, Johmel",FID,M,,,,AFM,1611,0,SEP25,1978,
522052569,"Belanova, Svetlana",FID,F,,,,1571,0,40,SEP25,2016,w
24130990,"Beloshapkin, Konstantin",FID,M,,NA,,2160,0,20,SEP25,1988,
4132394,"Belov, Vladimir",FID,M,GM,,,2510,0,10,SEP25,1984,i
24112623,"Beltyukova, Irina M",FID,F,,,,1900,0,20,SEP25,1993,wi
351105344,"Ben Kiran, Youssouf",FID,M,,,,1651,0,20,SEP25,1999,
392104328,"Ben Said, Nauras",FID,M,,,,1712,0,40,SEP25,2008,
13518534,"Bendik, Margarita",FID,F,,,,1911,0,40,SEP25,2009,w
21511586,"Benjamin Jr, Ecaruan",FID,M,,,,1887,0,20,SEP25,1983,i
316104990,"Benjamin Layson, Jacob",FID,M,,,,1491,0,40,SEP25,1995,
55679030,"Berdashkevich, Makar",FID,M,,,,2046,0,40,SEP25,2012,
148105374,"Bespalov, Yevheniy",FID,M,,,,AIM,1712,0,SEP25,1992,i
73013595,"Bestek, Mate",FID,M,,,,1449,0,40,SEP25,2008,i
24137669,"Bezhenar, Georgy",FID,M,,,,1979,0,20,SEP25,1994,
124107927,"Bezhentsev, Maksim",FID,M,,,,1485,0,40,SEP25,2010,
374095632,"bhate, shreyas H",FID,M,,,,1492,0,40,SEP25,2009,
10303065,"Bhatia, Gunsimar",FID,M,,,,1795,0,20,SEP25,1999,i
366108020,"Bhattacharjee, Sumeet",FID,M,,,,ACM,1725,0,SEP25,1982,i
146242445,"Bhuvaneswaran, Harikrishnan",FID,M,,,,1520,0,20,SEP25,2001,i
34401610,"Birmenko, Nikolay",FID,M,,,,2174,0,40,SEP25,2012,
327105369,"Birtanov Mehmedov, Stanislav",FID,M,,,,ACM,1681,0,SEP25,1995,i
4100123,"Bivol, Alina",FID,F,IM,WGM,,2196,0,20,SEP25,1996,wi
34275541,"Blagoveshchenskiy, Roman",FID,M,,,,1966,18,40,SEP25,2010,
13532820,Blakhin Kiryl,FID,M,,,,AFM,1440,0,SEP25,2012,i
13532839,Blakhina Viktoryia,FID,F,,,,1425,0,40,SEP25,2014,wi
115112294,"Blanca, Shealtiel Joaquin",FID,M,,,,AIM,1782,0,SEP25,2007,i
150100651,"Bobylev, Vitaly",FID,M,,,,1448,0,40,SEP25,1974,
34177865,"Bodnaruk, Kseniya",FID,F,,,,1917,0,20,SEP25,2005,w
34171212,"Bodnaruk, Svyatoslav",FID,M,,,,1806,0,20,SEP25,2003,i
4102576,"Bogatenko, Roman",FID,M,,,,1999,0,40,SEP25,1991,i
351105353,"BOISRAME, Valentin",FID,M,,,,1581,0,20,SEP25,1986,i
115105389,"Bolado, Jaypie",FID,M,,,,AFM,1872,0,SEP25,1984,i
13517473,"Bondar, Anastasiya",FID,F,,,,1599,0,20,SEP25,2006,wi
13500830,"Bondar, Tana",FID,F,WFM,WFM,,2085,0,20,SEP25,1976,wi
55784666,"Bondarev, Fedor",FID,M,,,,1885,0,40,SEP25,2016,
3510557,"Boudy Bueno, Julio Leonardo",FID,M,IM,,,2263,0,20,SEP25,1951,i
24155624,"Boychuk, Evgeny",FID,M,,,,1908,0,20,SEP25,1995,i
13539175,"Brusinenko, Yan",FID,M,,,,ACM,1530,0,SEP25,2017,
34384600,"Bubnova, Uliana",FID,F,,,,AIM,1977,9,SEP25,2011,w
149105379,"Bueno, Neymand",FID,M,,,,AFM,1562,0,SEP25,2003,
4178033,"Bulavin, Alexander",FID,M,FM,,,2222,0,20,SEP25,1985,i
13528882,"Bulgak, Damir",FID,M,CM,,,2241,9,40,SEP25,2013,
13532812,"Burba, Mikita",FID,M,,,,1546,0,40,SEP25,2014,i
55687261,"Burikhanov, Timur",FID,M,,,,1598,0,40,SEP25,2010,i
55711081,"Buslakov, Igor",FID,M,,,,1751,0,20,SEP25,1988,
54600642,"Butolen, Nejc",FID,M,,,,1552,0,20,SEP25,2002,i
34115290,"Bykov, Egor",FID,M,FM,,,2299,0,20,SEP25,2000,
11203218,"Cabarles, Paul",FID,M,,,,1612,0,20,SEP25,1980,i
356102130,"Caesar, Dario",FID,M,,,,1552,0,40,SEP25,2003,
90101928,"Caoile, Michael Arman",FID,M,,,,AFM,1903,0,SEP25,1980,
337105380,"Carbonai, Gabriele",FID,M,,,,1548,0,20,SEP25,1981,i
351104525,"Carruette, Mathis",FID,M,,,,ACM,1535,0,SEP25,2005,i
115110861,"CASTILLO, HAROLD",FID,M,,,,1818,0,20,SEP25,1983,i
11203226,"Castillo, Jay",FID,M,,,,1737,0,20,SEP25,1973,i
115108291,"Castillo, Jeremie",FID,M,,,,1909,0,40,SEP25,1998,
21511942,"Celestino, Giovanni",FID,M,,,,1789,0,20,SEP25,1974,i
167105009,"Cerekovic, Aleksa",FID,M,,,,1714,0,20,SEP25,2000,i
3504964,"Chacon Pavon, Joel",FID,M,,,,2064,0,20,SEP25,1965,i
396105332,"Chavez Garcia, Eduardo Alberto",FID,M,,,,AFM,1587,0,SEP25,2000,i
55832210,"Chekanov, Amir Mar",FID,M,,,,1439,5,40,SEP25,2017,
24292176,"Chekanov, Timur",FID,M,,,,AGM,1942,25,SEP25,2009,
329104315,"Cheng, Clement",FID,M,,,,1644,3,40,SEP25,1975,
362104434,"Cheng, Kai Yan",FID,M,,,,1622,0,40,SEP25,1989,
4118901,"Cherkasov, Nikolai",FID,M,FM,,,2213,0,20,SEP25,1958,i
4106784,"Chetverik, Maxim",FID,M,IM,,,1999,0,20,SEP25,1963,
11202068,"Christley, Pereira",FID,M,,,,1707,0,20,SEP25,2002,i
54176140,"Chyndygyr, Tamerlan",FID,M,FM,,,2279,11,20,SEP25,2007,
118110239,"Cichecki, Dawid",FID,M,,,,1408,0,40,SEP25,2010,
395105006,"Coloscov, Daniil",FID,M,,,,ACM,1599,0,SEP25,2006,
115109744,"Cordova, Lennox Georges",FID,M,,,,1590,0,40,SEP25,2010,
115110763,"Corpuz, Ryan",FID,M,,,,AFM,1753,0,SEP25,1985,i
115110164,"Cosme, Liam Russel",FID,M,,,,1532,0,40,SEP25,2014,
341200081,"Crausaz Carranza, Juan Pablo",FID,M,,,,1441,0,40,SEP25,2010,
396216153,"Cuellar Puente, Cesar Javier",FID,M,,,,AFM,1983,0,SEP25,1997,
330111920,"Cuevas Valenzuela, Sergio Dario",FID,M,,,,1637,0,40,SEP25,1938,
13512528,"Dabkus, Andrei",FID,M,,,,1925,0,20,SEP25,1988,i
55770720,"Dakhno, Klim Ant",FID,M,,,,1561,0,40,SEP25,2017,
351105470,"Dana, Yohann",FID,M,,,,1621,0,20,SEP25,1998,
34209816,"Dandish, Izabella",FID,F,,,,1518,0,40,SEP25,2011,w
55813569,"Danilova, Mariya",FID,F,,,,1634,0,40,SEP25,2014,w
68600046,"Dargham, Charbel",FID,M,,,,1492,0,20,SEP25,2000,i
24257656,"Darmaeva, Nomina",FID,F,WCM,WCM,,1956,11,40,SEP25,2008,w
13526600,"Dasiuk, Roman",FID,M,,,,1819,0,40,SEP25,2012,
379105016,"Dauletbekov, Salauat",FID,M,,,,ACM,1561,0,SEP25,2002,i
341105028,"David Tapia Tarambis, Milton",FID,M,,,,AFM,1712,0,SEP25,1998,i
12101508,"De Joya, Florian",FID,M,,,,1871,0,20,SEP25,1978,i
21512744,"De lara, Joy",FID,M,,,,AFM,1839,0,SEP25,1976,
21512752,"De lara, Klerik John",FID,M,,,,1881,0,20,SEP25,2004,i
324225390,"De Souza Sa, Apolo",FID,M,,,,2002,0,20,SEP25,2000,
119297849,"De, Azevedo Antonio Carlos",FID,M,,,,ACM,1809,0,SEP25,1976,
107210890,"Deatlov, Vitali",FID,M,,,,1713,0,40,SEP25,1987,
146104995,"Dehghan, Ibrahim",FID,M,,,,1653,0,20,SEP25,2006,i
55601286,"Del, Nikita",FID,M,,,,1826,7,40,SEP25,2013,
115112051,"Delgado, Ardie",FID,M,,,,ACM,1529,0,SEP25,1978,i
21510792,"Deliso, William",FID,M,,,,1917,0,20,SEP25,1982,i
388166754,"Delon, Ilia Nick",FID,M,,,,1897,0,20,SEP25,1990,i
4197143,"Demidov, Mikhail",FID,M,GM,,,2448,0,10,SEP25,1992,
146105188,"DEMIREL, RESAT ILGAZ",FID,M,,,,1572,0,20,SEP25,1978,i
24131563,"Denishev, Marat",FID,M,FM,,,2193,0,20,SEP25,1993,
13511297,"Denisik, Sergei",FID,M,,,,1883,8,20,SEP25,1986,
4151836,"Denisov, Denis",FID,M,,,,1851,0,20,SEP25,1976,
4154169,"Derbenev, Andrey",FID,M,IM,,,2386,0,10,SEP25,1986,i
373198081,"Despeyroux Cantera, Pablo Daniel",FID,M,,,,AFM,1731,0,SEP25,1964,
342104508,"Diab, Ahmed",FID,M,,,,1531,0,40,SEP25,1999,
24173371,"Dimitrova, Aleksandra",FID,F,WIM,WIM,,2080,0,20,SEP25,2000,wi
24110949,"Dimitrova, Elena",FID,F,WFM,WFM,,1971,0,20,SEP25,1992,w
34290915,"Divovich, Veniamin",FID,M,,,,1502,0,40,SEP25,2007,i
55711413,"Dmitriev, Anton V",FID,M,,,,1804,7,40,SEP25,2015,
13526162,"Dobrovskiy, David",FID,M,,,,1551,0,40,SEP25,2013,
34429883,"Dolgopolov, Egor",FID,M,,,,2011,0,40,SEP25,2011,
55867090,"Domashchenko, Alisa",FID,F,,,,1631,0,40,SEP25,2013,w
13526359,"Dorashava, Viktoryia",FID,F,,,,1856,0,40,SEP25,2007,w
44172966,"Dorokhina, Elizaveta",FID,F,WFM,WFM,,2090,0,20,SEP25,2006,w
148061921,"Dovchenko, Vadym",FID,M,,,,1923,0,20,SEP25,1988,i
327105206,"Dragnev, Stoyan",FID,M,,,,1569,0,40,SEP25,1989,i
129112358,"Duc Minh Nhat, Tran",FID,M,,,,1513,0,40,SEP25,2009,
4124413,"Dudarev, Viacheslav",FID,M,,,,1795,0,20,SEP25,1976,
55656200,"Dudkina, Uliana",FID,F,WCM,WCM,,2154,11,40,SEP25,2010,w
115111831,"Dumadapat, Paul Joseph",FID,M,,,,1708,0,40,SEP25,1998,i
351112492,"Duneton, Louis",FID,M,,,,1638,0,40,SEP25,1995,
55694373,"Dushulin, Roman",FID,M,,,,1452,0,40,SEP25,2014,
4192516,"Duzhakov, Ilya",FID,M,IM,,,2367,0,10,SEP25,1991,i
55776965,"Dyachkov, Georgiy A",FID,M,,,,1757,0,40,SEP25,2013,
55793924,"Dyachkov, Timur",FID,M,,,,1440,0,40,SEP25,2015,
55759076,"Dymov, Dmitrii",FID,M,,,,1471,0,40,SEP25,2016,
379105197,"Dyuisenakhmetov, Aibolat",FID,M,,,,1777,0,20,SEP25,1992,i
13533215,"Dzelnik, Robert",FID,M,,,,1412,0,40,SEP25,2016,
13524836,"Dzenisenia, Mikhail.",FID,M,,,,2082,0,40,SEP25,2011,
34337547,"Dzhalalova, Sultanat",FID,F,,,,1601,0,40,SEP25,2010,w
522067248,"Dzhioeva, Ilona Andr",FID,F,,,,1537,6,40,SEP25,2016,w
55711871,"Dzyura, Khristofor",FID,M,,,,1614,0,20,SEP25,2000,i
10302140,"Ealias, Ignatius",FID,M,,,,1555,0,20,SEP25,1987,i
11202378,"Easan, Gunarajah",FID,M,,,,1579,0,20,SEP25,2003,i
21511578,"Eddie Jr, Lumanog",FID,M,,,,1875,0,20,SEP25,1987,i
55734120,"Efarov, Mikhail",FID,M,,,,1591,0,40,SEP25,2009,i
54165725,"Efimov, Leonid",FID,M,FM,,,2263,0,20,SEP25,2009,
24278351,"Efimova, Darya",FID,F,,,,1916,10,40,SEP25,2009,w
44159935,"Efremov, Vladislav",FID,M,FM,,,2068,0,20,SEP25,2005,
146242570,"El Ahmadieh, Raed",FID,M,,,,1667,0,20,SEP25,1966,i
7929692,"El Kouri, Abdallah lamine",FID,M,,,,1549,0,20,SEP25,1969,i
11203714,"Elamurugu, Tharani",FID,F,,,,1419,0,40,SEP25,2006,wi
342104562,"Elhendy, Mohamed Gamal Mahmoud Yossef",FID,M,,,,1715,0,40,SEP25,1991,
4186826,"Elishev, Ivan",FID,M,CM,,,1985,0,20,SEP25,1984,
342107911,"Elzohary, Shaher",FID,M,,,,1676,0,40,SEP25,1993,
55696724,"Emelyanova, Liliya Mikh",FID,F,,,,1677,0,40,SEP25,2015,w
35006290,"Emil, Sebastian",FID,M,,,,1830,0,20,SEP25,1997,i
388110276,"ENKUS, JONAS",FID,M,,,,1518,0,40,SEP25,1998,
115096600,"Enriquez, Jephthah Jim",FID,M,,,,AFM,1569,0,SEP25,2013,
115203684,"Ereno, Billy Joe",FID,M,,,,AGM,1739,0,SEP25,1989,i
130110632,"Erlah, Sebastjan",FID,M,,,,AIM,1510,0,SEP25,1982,
34310541,"Erokhin, Vadim",FID,M,,,,1945,0,40,SEP25,2011,
115094525,"Escorpiso, Marvin",FID,M,,,,1654,0,40,SEP25,1985,
324227090,"Esmeraldo, Augusto Cesar Santos Esmeraldo",FID,M,,,,1816,0,20,SEP25,1975,i
115097385,"Esoto, Jonathan",FID,M,,,,ACM,1426,0,SEP25,1983,
3500349,"Espinosa, Julio",FID,M,FM,,,2225,0,20,SEP25,1965,i
115203728,"Esquillo, Jonathan",FID,M,,,,AIM,1760,0,SEP25,1996,i
115111045,"Estebar, Angelo",FID,M,,,,AGM,1911,0,SEP25,1995,i
374094653,"Eswaran, Kavin Darshid",FID,M,,,,1628,0,40,SEP25,2013,
34339523,"Evdokimova, Viktoriya",FID,F,,,,1725,0,40,SEP25,2010,w
115108630,"Fabia, Ronnel",FID,M,,,,AIM,1733,0,SEP25,1999,
24103209,"Faizrakhmanov, Ramil",FID,M,IM,,,2361,0,10,SEP25,1997,
13515756,"Fam, Van",FID,M,,,,1543,0,20,SEP25,1967,i
373196917,"Farag Younan Potros, Magdi",FID,M,,,,1651,0,20,SEP25,1979,i
21510946,"Farhan, Ameen",FID,M,,,,1581,0,20,SEP25,1980,i
342110499,"Farouk, Ebrahim",FID,M,,,,1834,0,40,SEP25,1990,
34223568,"Farzaleev, Daniyar",FID,M,,,,1779,0,40,SEP25,2012,
342060234,"Fathy, Mohamed",FID,M,,,,1948,0,20,SEP25,1988,i
522022570,"Fatkhlislamov, Oskar",FID,M,,,,1468,5,40,SEP25,2018,
21511888,"Fawaz, Mohammed",FID,M,,,,1614,0,20,SEP25,1970,i
34314970,"Fedorov, Vladimir",FID,M,,,,1575,0,40,SEP25,2009,
34288082,"Fedosov, Alexander",FID,M,FM,,,2187,11,40,SEP25,2011,
345279491,"Fernandez Diaz, Manuel",FID,M,,,,AFM,1970,0,SEP25,1956,
150098642,"FERNANDEZ, HECTOR",FID,M,,,,1505,0,40,SEP25,1985,i
3502562,"Ferragut Blanco, Arnaldo",FID,M,FM,,,2215,0,20,SEP25,1973,i
13528092,"Filiaev, Artiom",FID,M,,,,1411,0,40,SEP25,2012,i
34371486,"Filin, Grigory",FID,M,,,,1971,0,40,SEP25,2011,
124277337,"Finberg, Grigory",FID,M,,,,AIM,1722,0,SEP25,1980,i
55706320,"Fisher, Timofey",FID,M,,,,2013,11,40,SEP25,2014,
342110720,"Fouad, Youssef",FID,M,,,,1401,0,40,SEP25,1996,
342059879,"Freih, Abou El Kassem",FID,M,,,,1996,0,20,SEP25,1978,i
24166952,"Fridman, Anatoly",FID,M,,,,1923,0,20,SEP25,1978,
34106500,"Frolov, Aleksey G.",FID,M,,,,2164,5,20,SEP25,2003,
4151976,"Frolyanov, Dmitry",FID,M,GM,,,2424,0,10,SEP25,1986,
3521192,"Frometa Gomez, Rene",FID,M,,,,1972,0,20,SEP25,1964,i
345104673,"Fuentes Rodriguez, Pedro Miguel",FID,M,,,,AFM,1550,0,SEP25,1978,
4107187,"Furman, Boris",FID,M,FM,,,2132,0,20,SEP25,1951,
342093781,"Gadalla, Ahmed",FID,M,,,,1555,0,20,SEP25,1992,i
55790640,"Gadisov, Ali",FID,M,,,,1658,0,40,SEP25,2017,
55671926,"Gadzhiev, Ruslan",FID,M,CM,,,2308,0,20,SEP25,2012,
55651569,"Gaer, Sofiya Ig",FID,F,WCM,WCM,,1799,0,40,SEP25,2013,w
55709451,"Gafurov, Aidan",FID,M,,,,2089,0,40,SEP25,2015,
24175480,"Galchenko, Matvey",FID,M,IM,,,2427,0,10,SEP25,2000,
115109913,"GALEON, JULIE",FID,M,,,,AFM,1770,0,SEP25,1984,
55755127,"Galimov, Zakhar M",FID,M,,,,1975,14,40,SEP25,2014,
13518135,"Gara, Kirill",FID,M,,,,1891,0,20,SEP25,1981,i
124277382,"Garbuzov, Artem",FID,M,,,,1720,10,40,SEP25,2013,
396217615,"Garcia Elizondo, Edgar Jesus",FID,M,,,,AIM,1707,0,SEP25,1985,
343098595,"Garcia Zambrano, Alvaro",FID,M,,,,1732,0,40,SEP25,1991,
34127035,"Garifullina, Leya",FID,F,IM,WGM,,2347,11,20,SEP25,2004,w
54125928,"Gaziev, Amir",FID,M,,,,1717,0,20,SEP25,2004,
34130621,"Gedgafov, Chamal",FID,M,,,,2011,0,20,SEP25,1960,
13404423,"Geidarli, Kanan",FID,M,IM,,,2229,0,20,SEP25,1977,i
115201877,"Genilo Iii, Jose Amado",FID,M,,,,1577,0,20,SEP25,1978,i
10303243,"George, Jinu",FID,M,,,,1519,0,20,SEP25,1974,i
4145968,"Gerasimova, Svetlana",FID,F,WFM,WFM,,1886,0,20,SEP25,1974,w
55608086,"Gerdt, Nikita",FID,M,,,,1782,0,40,SEP25,2013,
134109700,"Germann, Elias Markus",FID,M,,,,1452,0,40,SEP25,2007,
55769535,"Gershevskii, Tikhon",FID,M,,,,1440,0,40,SEP25,2012,
34166146,"Getman, Tatyana",FID,F,WIM,WIM,,2018,11,20,SEP25,2003,w
115108925,"Geven, Aiden Jacob",FID,M,,,,1620,0,40,SEP25,2010,
146111390,"Gholoom, Mohamad",FID,M,,,,1586,0,40,SEP25,2004,
366194897,"Ghori, Sharif",FID,M,,,,1408,0,20,SEP25,1971,i
122110370,"Ghosn, Eiz Eddin",FID,M,,,,1749,0,20,SEP25,1989,i
5240395,"Gian, Arnulfo",FID,M,,,,1845,0,40,SEP25,1967,i
11203501,"Gicain, Dani Ariel",FID,M,,,,1826,0,20,SEP25,1975,i
34372164,"Gilfanov, Marat I",FID,M,FM,,,2270,15,20,SEP25,2010,
24212849,"Glebov, Dmitriy",FID,M,,,,1611,0,40,SEP25,2007,
24165514,"Gluhovsky, Mark",FID,M,,,,2135,0,20,SEP25,1973,
10303308,"Goerge, Tojo",FID,M,,,,1702,0,20,SEP25,1991,i
34115428,"Goganova, Yana",FID,F,WFM,WFM,,1931,0,20,SEP25,1999,wi
366099243,"Gohil, Dev",FID,M,,,,1554,0,40,SEP25,2005,i
34394176,"Golikov, Ivan",FID,M,,,,2091,0,40,SEP25,2012,
10301550,"Gomes , Savio Sebastian",FID,M,,,,1502,0,20,SEP25,1962,i
13511858,"Goncharevich, Aleksej",FID,M,,,,1569,0,20,SEP25,2002,i
44162359,"Goncharov, Mikhail",FID,M,,,,1742,0,20,SEP25,2005,i
331105300,"Gong, Zi Huan",FID,M,,,,1523,0,40,SEP25,2010,i
324104644,"Gonzaga, Joao",FID,M,,,,ACM,1638,8,SEP25,2005,
329105321,"Gonzalez, Ademar",FID,M,,,,1687,0,40,SEP25,1973,i
34115070,"Gorbounova, Natalia",FID,F,,,,1728,0,20,SEP25,1967,wi
34203214,"Goriachkina, Oksana",FID,F,,,,2017,20,40,SEP25,2010,w
54111668,"Gorlova, Yuliya",FID,F,,,,1879,0,40,SEP25,2007,w
34400095,"Gornostaeva, Margarita",FID,F,,,,1432,0,40,SEP25,2010,wi
4147103,"Goryachkina, Aleksandra",FID,F,GM,WGM,,2505,0,10,SEP25,1998,w
44153449,"Grachev, Alexey",FID,M,IM,,,2404,11,10,SEP25,2005,
55769942,"Gradusova, Alisa Aleks",FID,F,,,,1624,0,40,SEP25,2015,w
351104605,"GRANGE, Thomas",FID,M,,,,ACM,1588,0,SEP25,2009,
73009849,"Grcar, Lan",FID,M,,,,1419,0,40,SEP25,2006,i
4121988,"Grebennikov, Nikolai A.",FID,M,CM,,,2232,0,20,SEP25,1978,i
34189030,"Grebnev, Aleksey",FID,M,GM,,,2512,0,10,SEP25,2006,
13516272,"Gretsky, Anton",FID,M,,,,1759,0,20,SEP25,1984,i
34446133,"Grigoriev, Alexander D",FID,M,,,,1732,0,40,SEP25,2012,
34181676,"Grigoriev, Dmitriy",FID,M,,,,1918,0,20,SEP25,2000,i
55889549,"Grigorjev, Dmitriy Den",FID,M,,,,1462,0,40,SEP25,2015,
24240699,"Grishin, Petr E.",FID,M,,,,1957,0,40,SEP25,2008,
54600090,"Grobelsek, Lalita",FID,F,,,,1423,0,20,SEP25,2004,wi
351104614,"Gros, Julien",FID,M,,,,1623,0,40,SEP25,1973,
373108997,"Grosso, Kevin",FID,M,,,,1505,0,40,SEP25,2001,i
146105310,"Grover, Vivaan",FID,M,,,,ACM,1555,0,SEP25,2008,
34401687,"Gulishyan, Eseniya",FID,F,,,,1707,9,40,SEP25,2012,w
150108060,"Gulvady, Aman",FID,M,,,,1425,0,40,SEP25,2011,i
4167570,"Gunina, Valentina",FID,F,GM,WGM,,2340,0,10,SEP25,1989,w
331059629,"Guo, Xingyuan",FID,M,,,,ACM,1536,0,SEP25,1995,i
54176336,"Gurgenidze, Aleksandra",FID,F,,,,1775,0,40,SEP25,2007,w
4196767,"Gurov, Dmitri",FID,M,,,,1878,0,20,SEP25,1982,i
54190193,"Gusev, Kirill",FID,M,,,,2004,0,40,SEP25,2009,
4195540,"Gutenev, Alexander",FID,M,IM,,,2378,11,10,SEP25,1990,
115109010,"Gutib, John Vandam",FID,M,,,,AGM,1933,0,SEP25,1994,
55774717,"Guznischeva, Nina",FID,F,,,,1533,0,40,SEP25,2017,wi
343095065,"Halabi, Zaid Al",FID,M,,,,1416,0,40,SEP25,1991,
138105414,"Hamud, Faiz",FID,M,,,,1653,0,40,SEP25,1995,
146243424,"Harish, Pradyumna",FID,M,,,,1458,0,20,SEP25,2001,i
174096035,"Harris, Chad Andrew",FID,M,,,,1636,0,40,SEP25,1991,
356285423,"Hasanov, Mir Fuad",FID,M,,,,1772,0,40,SEP25,1985,
209104997,"Hassan, Mohamad Abdallah",FID,M,,,,1508,0,40,SEP25,1992,
13519590,"Haurushyn, Stsiapan",FID,M,,,,1748,0,40,SEP25,2009,i
355105351,"Holmes, Michael",FID,M,,,,1626,0,20,SEP25,1982,i
13521209,"Hryharovich, Aliaksei",FID,M,,,,1951,0,20,SEP25,2006,i
12101400,"Huerto, Andro",FID,M,,,,ACM,1740,0,SEP25,1954,i
337294789,"Hutter, Marek",FID,M,,,,2023,0,20,SEP25,1982,i
13523899,"Hvozdz, Aliaksandr",FID,M,,,,1906,0,40,SEP25,2009,
44124520,"Iapparova, Sara",FID,F,,,,1564,0,20,SEP25,2002,wi
24107514,"Ibadov, Dashgyn",FID,M,IM,,,2192,16,20,SEP25,1997,
3502937,"Ibarra Padron, Joel",FID,M,,,,2141,0,20,SEP25,1976,i
215223385,"Ibrahim, Bisher",FID,M,,,,1815,0,20,SEP25,1983,
342060243,"Ibrahim, El Arousi Abdel Moneim Ibrahim",FID,M,,,,1631,0,20,SEP25,1974,
342105345,"Ibrahim, Hamdy",FID,M,,,,1518,0,40,SEP25,1966,
151112450,"Ibrohimov, Abdulbasir",FID,M,,,,1691,0,40,SEP25,2001,
21510865,"Ilagan, Benjie",FID,M,,,,1882,0,20,SEP25,1977,i
24105074,"Iljiushenok, Ilia",FID,M,GM,,,2443,0,10,SEP25,1993,
352111990,"Iloski, Igor",FID,M,,,,AFM,1689,0,SEP25,1974,
11203404,"Inamdar, Sachin",FID,M,,,,1449,0,20,SEP25,1976,i
34221956,"Irgit, Arina",FID,F,,,,1931,0,40,SEP25,2009,w
55781071,"Isaev, Yuriy V",FID,M,,,,2035,0,20,SEP25,1962,
34275339,"Ivannikov, Maksim",FID,M,CM,,,2182,7,40,SEP25,2010,
13502751,"Ivanov, Grigory",FID,M,,,,2134,0,20,SEP25,1989,i
24170003,"Ivanov, Sergei V.",FID,M,,,,1950,0,20,SEP25,1964,
44134444,"Ivanova, Anastasia S.",FID,F,,,,1915,0,20,SEP25,2004,w
55675549,"Ivaschenko, Anna",FID,F,,,,2008,0,40,SEP25,2013,w
34331050,"Ivashentseva, Dominika",FID,F,WCM,WCM,,1932,17,40,SEP25,2011,w
4189140,"Izotov, Vladimir",FID,M,,,,1881,0,20,SEP25,1976,
10302840,"Jacob, Sam",FID,M,,,,1512,0,40,SEP25,2005,i
34565469,"Jandaulyet, Byegarys",FID,M,,,,1644,13,20,SEP25,1999,
115104837,"Jao, Jonathan",FID,M,,,,1588,0,20,SEP25,1972,i
366127713,"Jayasimha, Arjun",FID,M,,,,1642,0,40,SEP25,1989,i
396217428,"Jimenez Maldonado, Santiago Del Angel",FID,M,,,,ACM,1558,0,SEP25,2010,
366127553,"Jinesh, Ishaan",FID,M,,,,1495,0,40,SEP25,2008,i
366109813,"John, Jijo",FID,M,,,,1984,0,20,SEP25,1971,i
10303294,"Jom, Jinu",FID,M,,,,AFM,1564,0,SEP25,1977,i
115203568,"Joseph, Ryan",FID,M,,,,AFM,1642,0,SEP25,1979,i
10303030,"Joshua, Bacalzo",FID,M,,,,1879,0,20,SEP25,1989,i
73006785,"Jukan, Denis",FID,M,,,,1451,6,40,SEP25,2006,
373108398,"Kaczmarek, Michal",FID,M,,,,1723,0,40,SEP25,1997,
366130218,"Kadam, Santosh",FID,M,,,,1573,0,20,SEP25,1990,i
329193736,"Kadigamuwa, Geethika",FID,M,,,,1834,0,40,SEP25,1981,
54104416,"Kalenichenko, Alina",FID,F,WCM,WCM,,1874,21,40,SEP25,2007,w
68600143,"Kalfayan, Garo",FID,M,,,,1610,0,20,SEP25,2001,i
55799370,"Kalinichenko, German Yu",FID,M,,,,1804,9,40,SEP25,2014,
14101173,"Kalinichenko, Yury",FID,M,FM,,,2048,9,20,SEP25,1975,
55860320,"Kalinin, Bogdan",FID,M,,,,1773,0,40,SEP25,2017,
34233512,"Kalinin, Nikita An.",FID,M,FM,,,2254,0,40,SEP25,2009,
366126930,"Kalshetti, Shivanand",FID,M,,,,1447,0,20,SEP25,1985,i
34229396,"Kalugin, Vitalii",FID,M,,,,1722,0,20,SEP25,1991,
13528041,"Kamarouski, Andrei",FID,M,,,,1446,0,40,SEP25,1986,
13528050,"Kamarouski, Mark",FID,M,,,,1689,0,40,SEP25,2011,
55769764,"Kaminskii, Daniil",FID,M,,,,2104,11,40,SEP25,2015,
10302611,Kamruzzaman,FID,M,,,,1955,0,20,SEP25,1979,i
34241426,"Kanev, Evgeny",FID,M,,,,1676,6,20,SEP25,1986,
358104625,"KARANIKOLAS, DIMITRIOS",FID,M,,,,1612,0,40,SEP25,1980,
34385517,"Karataev, Khassan",FID,M,,,,1679,7,40,SEP25,2007,
4135997,"Kargin, Arseny",FID,M,IM,NA,,2292,0,10,SEP25,1980,
374101542,"Karia, Yash",FID,M,,,,AFM,1494,0,SEP25,2011,
44179243,"Karimova, Antonina",FID,F,,,,1534,4,20,SEP25,1955,w
24215333,"Karmanova, Olga Dm.",FID,F,WIM,WIM,,2183,9,40,SEP25,2007,w
146104467,"karmeel meedin, chalinu nimthaka",FID,M,,,,1480,0,40,SEP25,2010,
4145402,"Karnaukhov, Oleg",FID,M,,,,2193,0,20,SEP25,1973,i
4148827,"Karnaukhova, Elmira",FID,F,WGM,WGM,,2272,0,20,SEP25,1985,wi
13525042,"Karpenkau, Dzmitry",FID,M,,,,1608,0,20,SEP25,1982,i
13522710,"Karpenkava, Palina",FID,F,,,,1604,0,40,SEP25,2010,wi
34374353,"Karpenko, Anton",FID,M,CM,,,2136,9,40,SEP25,2011,
4195868,"Karpov, Petr",FID,M,,,,2033,0,20,SEP25,1990,
13500481,"Kasparov, Sergey",FID,M,GM,,,2453,0,10,SEP25,1968,i
13501453,"Kasparova, Tatiana",FID,F,WIM,WIM,,2129,0,20,SEP25,1969,wi
34220194,"Kaufman, David",FID,M,IM,,,2405,9,10,SEP25,2010,
140104610,"Kawinvinit, Shivam",FID,M,,,,1549,0,40,SEP25,2005,
4107837,"Kayukov, Kirill",FID,M,,,,2094,0,20,SEP25,1994,
24299561,"Kazakovskiy, Alexey",FID,M,,,,1839,0,20,SEP25,1975,i
55695060,"Kazaryan, Karina",FID,F,,,,1720,0,40,SEP25,2009,w
13526510,"Kazhamiakina, Marta",FID,F,,,,AFM,1522,0,SEP25,2013,w
366196828,"Kewalramani, Abhir",FID,M,,,,1620,0,40,SEP25,2007,i
34281886,"Khachaturian, Emin",FID,M,,,,1915,0,20,SEP25,1999,i
34126861,"Khadaev, Shamil",FID,M,,,,1833,0,20,SEP25,1997,i
34378049,"Khafizova, Diana",FID,F,WFM,WFM,,2085,9,40,SEP25,2010,w
377093776,"Khalaf, Yusuf",FID,M,,,,1832,0,40,SEP25,2006,i
34372296,"Khaleev, Timofey D",FID,M,,,,1989,9,40,SEP25,2010,
4100115,"Khalifman, Alexander",FID,M,GM,,,2522,0,10,SEP25,1966,i
34147869,"Khalikov, Bulat",FID,M,CM,,,2086,0,20,SEP25,2003,i
34235574,"Khalimov, Daniil",FID,M,,,,2082,0,20,SEP25,2004,
146105400,"Khan, Rafay",FID,M,,,,1546,0,40,SEP25,2008,i
4111990,"Khanin, Semen",FID,M,GM,,,2501,0,10,SEP25,1999,
34272542,"Kharitonov, Maksim",FID,M,,,,AFM,1860,0,SEP25,2010,i
34354310,"Kharitonova, Viktoriia",FID,F,,,,1643,0,40,SEP25,2012,wi
4144694,"Khayrullin, Denis",FID,M,IM,,,2218,0,10,SEP25,1984,
24246131,"Khegai, Darya",FID,F,,,,1867,0,40,SEP25,2008,w
34357831,"Khiryaev, Adam",FID,M,,,,2013,0,40,SEP25,2011,
55752020,"Khizhnyakov, Mikhail Mak",FID,M,,,,1482,0,40,SEP25,2011,
34316701,"Khlypovka, Lada",FID,F,,,,1832,0,40,SEP25,2008,w
13510614,"Khmialiuk, Pavel",FID,M,,,,1747,0,20,SEP25,1996,i
24182729,"Khokhlova, Daria",FID,F,,,,2056,0,20,SEP25,1999,wi
4148100,"Kholopov, Alexander A.",FID,M,FM,,,1933,9,20,SEP25,1969,
55654096,"Khomenko, Arseniy",FID,M,,,,1693,9,40,SEP25,2012,
13522060,"Khramkov, Anatoliy",FID,M,,,,1524,0,20,SEP25,1995,i
54184975,"Khripachenko, Alexander",FID,M,IM,,,2405,0,10,SEP25,2007,
54114527,"Khubukshanov, Erdem",FID,M,IM,,,2419,0,10,SEP25,2007,
540001199,"Khudorozhkov, Iaroslav",FID,M,,,,1539,0,40,SEP25,2016,
55854559,"Khudorozhkov, Mikhail",FID,M,,,,1507,0,40,SEP25,2010,
115203862,"Kindipan, Zyralle",FID,F,,,,1702,0,20,SEP25,1993,wi
54186005,"Kirdyashkina, Ekaterina",FID,F,,,,2108,0,40,SEP25,2008,w
13531328,"Kireyeu , Barys",FID,M,,,,1867,9,40,SEP25,2013,
4119231,"Kiriakov, Petr",FID,M,GM,,,2441,0,10,SEP25,1975,i
13526421,"Kirko, Ivan",FID,M,,,,1774,0,40,SEP25,2011,
4155009,"Kiseljova, Marya",FID,F,WFM,WFM,,1900,0,20,SEP25,1994,w
24248185,"Kishiev, Famil",FID,M,CM,,,2165,8,40,SEP25,2008,
34414223,"Kleimenov, Nikolay",FID,M,CM,,,2211,0,40,SEP25,2013,
55677282,"Kleschevnikov, Arseny",FID,M,CM,,,2001,0,40,SEP25,2013,
34290702,"Klimchuk, Georgiy",FID,M,,,,1860,0,40,SEP25,2008,
124112121,"Klimov, Kuzma",FID,M,,,,1405,0,40,SEP25,2012,i
13507362,"Klimovich, Hanna",FID,F,,,,1535,0,20,SEP25,1996,w
13519514,"Klintsevich, Andrei",FID,M,,,,1805,0,20,SEP25,1988,
55785492,"Klusener, Andrey",FID,M,,,,1554,0,40,SEP25,2012,i
73000485,"Knap, Jasa",FID,M,,,,1692,0,20,SEP25,2002,i
4119150,"Kobalia, Mikhail",FID,M,GM,FST,,2518,0,10,SEP25,1978,
13519352,"Koishman, Karina",FID,F,,,,1713,0,40,SEP25,2009,w
55770037,"Kokareva, Sofya Dm",FID,F,,,,1907,0,40,SEP25,2014,w
34147222,"Kolchin, Maxim",FID,M,,,,2100,0,20,SEP25,2006,
124105010,"Kolmakov, Ivan D.",FID,M,,,,1943,0,40,SEP25,2009,
24173959,"Kolmychek, Evelina",FID,F,WFM,WFM,,1995,0,20,SEP25,2000,wi
34464204,"Kondakov, Konstantin",FID,M,,,,1911,23,40,SEP25,2009,
540021998,"Konoshenkov, Alexey",FID,M,,,,1542,0,40,SEP25,1994,
55660207,"Konyaev, Kirill Andr",FID,M,,,,1980,0,40,SEP25,2013,
55663540,"Konyakhin-Borrelly, Gregory Jacques",FID,M,,,,1710,0,40,SEP25,2009,i
4164857,"Kopylov, Alexander A.",FID,M,IM,,,2390,0,10,SEP25,1991,
54164265,"Korchalovskii, Matvei",FID,M,,,,2044,0,40,SEP25,2007,
24131750,"Korchmar, Vasiliy",FID,M,IM,,,2393,0,10,SEP25,1996,
34329064,"Korelskiy, Egor",FID,M,FM,,,2236,0,40,SEP25,2011,
343096278,"Korkmaz, Ali",FID,M,,,,1561,0,40,SEP25,1997,
44181205,"Korolev, Pavel",FID,M,,,,1672,0,40,SEP25,2005,i
55690130,"Korotin, Maksim",FID,M,,,,1456,0,20,SEP25,1981,i
34274715,"Korshunov, Sergey And.",FID,M,FM,,,2362,0,20,SEP25,2006,
54600634,"Kos, Jernej",FID,M,,,,1566,0,20,SEP25,2002,i
4120990,"Kosarev, Andrei M.",FID,M,FM,,,2292,0,20,SEP25,1977,i
55706550,"Kovalenko, Luchezar",FID,M,,,,1487,0,40,SEP25,2016,
55706568,"Kovalenko, Mariel",FID,F,,,,1673,0,40,SEP25,2013,w
55657150,"Kovalev, Dmitry Alek",FID,M,,,,1465,0,40,SEP25,2014,i
13504398,"Kovalev, Vladislav",FID,M,GM,,,2515,0,10,SEP25,1994,i
13508598,"Kovalevsky, Stanislav",FID,M,FM,,,2152,9,20,SEP25,1999,
55629512,"Kovalskiy, Dmitriy Kir",FID,M,,,,1608,0,40,SEP25,2011,
13527282,"Kozhedub, Ivan",FID,M,,,,1977,0,40,SEP25,2012,
55652891,"Kozhumyachenko, Svyatoslav",FID,M,,,,1493,0,40,SEP25,2009,i
13511815,"Kozlov, Igor",FID,M,,,,1781,0,40,SEP25,1997,
73009865,"Krajnc, Jakob",FID,M,,,,1441,0,40,SEP25,2005,i
73012866,"Kramberger, Pia",FID,F,,,,1579,0,20,SEP25,2003,wi
44126727,"Krasikov, Vladislav",FID,M,FM,,,2173,0,20,SEP25,2000,i
55700624,"Krasin, Boris Vsev",FID,M,,,,1874,7,40,SEP25,2013,
24178314,"Krasovskiy, Kirill",FID,M,,,,2105,6,20,SEP25,1997,
55733948,"Krassel, Timofei",FID,M,,,,2054,0,20,SEP25,2004,i
356096014,"Krause, Steffen",FID,M,,,,AIM,1908,0,SEP25,1978,i
24220728,"Krikunov, Dmitry",FID,M,,,,2131,0,20,SEP25,1992,i
24208213,"Krotov, Damian",FID,M,,,,1786,0,40,SEP25,2008,i
24258253,"Krotova, Evdokia",FID,F,,,,1499,0,40,SEP25,2008,wi
55677363,"Kruglikov, Mark",FID,M,,,,2054,9,40,SEP25,2012,
13525018,"Kruk, Leanid",FID,M,,,,1494,7,40,SEP25,2008,
34458581,"Kudrin, Ivan",FID,M,,,,2175,7,40,SEP25,2013,
34284133,"Kudryashova, Sofiya",FID,F,,,,1611,0,40,SEP25,2011,w
24108260,"Kukhmazov, Arsen",FID,M,IM,,,2410,0,10,SEP25,1997,
13536648,"Kuklis, Saveli",FID,M,,,,1476,0,40,SEP25,2017,
13504207,"Kul, Ivan",FID,M,CM,,,2096,0,20,SEP25,1970,i
13513680,"Kuleba, Ivan",FID,M,,,,1750,0,20,SEP25,2006,i
54157544,"Kulnev, Aleksandr",FID,M,CM,,,2204,0,40,SEP25,2008,
13504100,"Kultiyasov, Mikhail",FID,M,,,,2134,0,20,SEP25,1986,i
74602144,"Kumar, Harish",FID,M,,,,1433,0,20,SEP25,2001,i
374095552,"Kumar, Pritesh",FID,M,,,,1635,7,40,SEP25,1995,
146105197,"Kumar, Rishi",FID,M,,,,1497,0,40,SEP25,2005,i
55722792,"Kumratova, Amina",FID,F,,,,1432,0,40,SEP25,2006,w
44157819,"Kundianok, Vladislav",FID,M,FM,,,2336,0,20,SEP25,2005,
115109637,"Kunding, Julmin",FID,M,,,,AFM,1849,0,SEP25,1982,
55655211,"Kuraeva, Sofya Rom",FID,F,,,,1465,0,40,SEP25,2014,w
34403272,"Kurdagiya, Aleksandr G",FID,M,,,,2136,7,40,SEP25,2011,
4105168,"Kurochkin, Victor",FID,M,,,,2247,0,10,SEP25,1967,i
24131776,"Kurzykov, Andrey",FID,M,,,,2215,0,20,SEP25,1995,
24276103,"Kusakina, Uliana",FID,F,WCM,WCM,,1843,16,40,SEP25,2009,w
34127655,"Kutyanina, Mariya",FID,F,WFM,WFM,,1922,0,20,SEP25,2004,w
124137354,"Kuzmin, Sevastian",FID,M,,,,1906,18,40,SEP25,2012,
34390553,"Kuznecov, Yurii S",FID,M,,,,1912,0,20,SEP25,1989,i
55656536,"Kuznetsov, Dmitry",FID,M,,,,1862,0,40,SEP25,2014,
4141342,"Kuznetsov, Kirill",FID,M,,,,1999,0,20,SEP25,1969,
351105406,"KUZNETSOV, Kyrylo",FID,M,,,,1789,0,20,SEP25,2000,i
522063439,"Kuznetsov, Petr",FID,M,,,,1635,0,40,SEP25,2014,
44173270,"Kuznetsova, Marina",FID,F,WFM,WFM,,2119,0,20,SEP25,2006,w
115111878,"LABONETE, MICHARL MIGUEL",FID,M,,,,1690,0,40,SEP25,2010,
115112249,"Lacson, John James",FID,M,,,,AIM,1903,0,SEP25,1992,i
115110422,"LADAN, RUDY",FID,M,,,,AIM,1978,5,SEP25,1974,
24132144,"Lagashin, Pavel",FID,M,,,,1909,0,20,SEP25,1989,
34160059,"Lalaev, Ashur",FID,M,,,,1765,0,20,SEP25,1982,
4198166,"Lanin, Boris Dr",FID,M,,,,1903,7,20,SEP25,1961,
13519468,"Lapitski, Yaroslav",FID,M,,,,1930,0,20,SEP25,2006,i
13503782,"Lappo, Vladimir",FID,M,,,,2120,0,20,SEP25,1984,
24113182,"Larina, Maria",FID,F,WFM,WFM,,1909,0,20,SEP25,1988,wi
54126274,"Lavrentev, Anton",FID,M,,,,1715,0,20,SEP25,1990,i
21511950,"Laya, Jason",FID,M,,,,1870,0,20,SEP25,1982,i
55672779,"Lazarev, Egor",FID,M,,,,1904,0,40,SEP25,2014,
4143981,"Lazhevskaya, Zhanni",FID,F,WFM,WFM,,1850,0,20,SEP25,1984,w
4163966,"Lazhevsky, Gleb",FID,M,,,,2170,0,20,SEP25,1986,i
13505017,"Lazuk, Ivan",FID,M,,,,1741,0,40,SEP25,1997,i
13900714,"Lebedinsky, Eduard",FID,M,,,,1975,0,20,SEP25,1953,i
34487131,"Leisle, Darya",FID,F,,,,1726,16,40,SEP25,2010,w
55693490,"Leisle, Vera Den",FID,F,,,,1483,0,40,SEP25,2015,w
115203343,"Lemen, Glenn",FID,M,,,,AGM,1979,0,SEP25,1973,i
389104685,"Lendvai, Ben",FID,M,,,,1439,0,40,SEP25,2011,
5800242,"Leong, Ignatius",FID,M,FM,,,1679,0,20,SEP25,1956,
13503316,"Leshchyshak, Igor",FID,M,FM,,,1969,0,20,SEP25,1974,
55870848,"Levgeeva, Elzyata Nik",FID,F,,,,1510,0,40,SEP25,2016,w
13518658,"Liashkevich, Lizaveta",FID,F,WFM,WFM,,1858,0,40,SEP25,2009,w
13524178,"Liavonava, Yuliya",FID,F,WFM,WFM,,2133,0,40,SEP25,2008,w
11203420,"Limaye, Vikrant",FID,M,,,,1569,0,20,SEP25,1978,i
55788335,"Lingur, Tamerlan",FID,M,,,,1446,0,40,SEP25,2016,
55672728,"Lingur, Umar",FID,M,,,,1497,0,40,SEP25,2014,i
54113245,"Lipilin, Ilia",FID,M,FM,,,2187,0,20,SEP25,2002,
34264183,"Lisenkov, Svyatoslav",FID,M,FM,,,2320,9,20,SEP25,2010,
174094110,"Litvin, Oleksandr",FID,M,,,,1494,0,40,SEP25,1954,
115108854,"Liza, Marjun",FID,M,,,,AGM,1910,0,SEP25,1995,
24183750,"Lobanov, Sergei",FID,M,GM,,,2456,0,10,SEP25,2001,
55872085,"Loginov, Bogdan",FID,M,,,,1536,0,40,SEP25,2016,
3500900,"Lopez Jimenez, Armando Candido",FID,M,FM,,,2217,0,20,SEP25,1960,i
13518143,"Lopukhovich, Konstantin",FID,M,,,,1632,0,20,SEP25,1980,i
33200130,"Lushkin, Sergei",FID,M,,,,1852,0,40,SEP25,1975,i
4193750,"Lysakov, Anton",FID,M,,,,AFM,1678,0,SEP25,1993,
4150120,"Lysyj, Igor",FID,M,GM,FST,,2508,0,10,SEP25,1987,
55754562,"Lyubushak, Vladimir",FID,M,,,,1702,0,40,SEP25,2014,i
34425969,"Lyutsinger, Iren",FID,F,FM,WIM,,2189,0,40,SEP25,2009,w
366194592,"M, Sowndhar",FID,M,,,,AFM,1468,0,SEP25,2007,i
11203480,"M.P., Subhalal",FID,M,,,,1633,0,20,SEP25,1965,i
311211549,"Mackay, Hamish",FID,M,,,,1535,0,20,SEP25,1980,i
10302409,"Madhav, Vijay",FID,M,,,,1678,0,20,SEP25,1984,i
10301887,"Magazine, Rushil",FID,M,,,,1699,0,20,SEP25,2003,i
34372490,"Magomedov, Magomedkamil",FID,M,,,,1952,0,40,SEP25,2010,
11203609,"Mahamood, Ismail",FID,M,,,,1693,0,20,SEP25,1968,i
115096978,"Mahdali, Farhan",FID,M,,,,AFM,1732,0,SEP25,2008,
138188883,"Mahmoud, Jawad",FID,M,,,,1797,0,20,SEP25,1986,i
13512676,"Makarau, Yauheni",FID,M,,,,1761,0,20,SEP25,2004,i
34254757,"Makarenko, Kirill",FID,M,,,,1926,0,40,SEP25,2010,i
44105681,"Makarian, Rudik",FID,M,IM,,,2523,0,10,SEP25,2004,
21303517,Makatsa Zachia,FID,M,,,,1647,0,40,SEP25,1996,i
55825621,"Makeev, Peter",FID,M,,,,1591,0,40,SEP25,2018,
34155748,"Makoveev, Ilya",FID,M,FM,,,2366,0,10,SEP25,2006,
4120787,"Malakhov, Vladimir",FID,M,GM,,,2643,0,10,SEP25,1980,
55774440,"Malanin, Egor",FID,M,,,,1724,0,40,SEP25,2015,
13524461,"Maliush, Alisa",FID,F,,,,1701,0,40,SEP25,2013,w
55613993,"Mamikonyan, Artem T",FID,M,,,,1955,0,40,SEP25,2013,i
146243380,"Mamurov, Bobir",FID,M,,,,1770,0,20,SEP25,1988,i
21510512,"Manaois, Ranillo",FID,M,,,,1882,0,20,SEP25,1987,i
74000187,"Manav, Devalraju Sai Rajesh",FID,M,,,,1570,0,20,SEP25,2002,i
383266720,"Mandal, Abhijoy",FID,M,,,,1693,0,20,SEP25,2001,i
315105203,"Mandol, Akash",FID,M,,,,1671,0,40,SEP25,1998,
148105258,"Mandryka, Vladislav",FID,M,,,,1810,0,20,SEP25,1986,
115112113,"Manliguez, Kharl James",FID,M,,,,ACM,1845,0,SEP25,2000,
138105352,"Manlla Hasan, Ahmad",FID,M,,,,1604,0,20,SEP25,1996,
366196514,"Manoj, Mridul",FID,M,,,,1603,0,20,SEP25,2002,i
115201939,"Mapacpac, Dennis",FID,M,,,,1540,0,40,SEP25,1974,i
34368213,"Markov, Igor A.",FID,M,,,,1915,0,40,SEP25,2011,
24121622,"Markov, Ilja",FID,M,,,,1886,0,20,SEP25,1975,i
55826962,"Markov, Mikhail Ev.",FID,M,,,,AFM,1732,14,SEP25,2018,
320105349,"Martakov, Kirill",FID,M,,,,1516,0,40,SEP25,2015,
150095622,"Martakov, Roman",FID,M,,,,ACM,1527,0,SEP25,2007,
11203498,"Martin, Garry",FID,M,,,,1636,0,20,SEP25,1967,i
115111869,"Martinez, Mathew",FID,M,,,,AFM,1649,0,SEP25,1994,
13513699,"Martsev, Ivan",FID,M,,,,1602,0,20,SEP25,2004,i
13511947,"Martyniuk , Daniil",FID,M,,,,1985,0,20,SEP25,2000,
124098710,"Martynov, Artemii",FID,M,,,,1433,0,40,SEP25,2014,
13511661,"Masalkov, Pavel",FID,M,,,,1618,0,20,SEP25,2004,i
21510520,"Masdah, Nasip",FID,M,,,,1787,0,20,SEP25,1975,i
13527550,"Maskoukin, Ilaryion",FID,M,,,,1454,0,40,SEP25,2013,i
13521420,"Maskoukin, Platon",FID,M,,,,1502,0,40,SEP25,2011,i
55685587,"Maslova, Anastasiya Yar",FID,F,WFM,WFM,,1943,15,40,SEP25,2009,w
24178772,"Maslova, Polina",FID,F,WFM,WFM,,1999,0,20,SEP25,1999,wi
24273546,"Maslovskiy, Vladimir",FID,M,FM,,,2318,21,20,SEP25,2009,
396104809,"mata, arcadio",FID,M,,,,1593,0,40,SEP25,1957,
146105428,"Mathpal, Namit",FID,M,,,,1452,0,40,SEP25,2005,i
24129100,"Matinian, Nikita",FID,M,GM,,,2335,0,10,SEP25,1992,
4172892,"Matsenko, Elena",FID,F,WFM,WFM,,1761,8,20,SEP25,1970,w
4170083,"Matsenko, Sergei",FID,M,GM,,,2505,0,10,SEP25,1990,i
388105187,"Matuszak, Julien",FID,M,,,,1669,0,20,SEP25,1979,i
73009873,"Maver, Matej",FID,M,,,,1470,0,40,SEP25,2005,i
13525352,"Mazanik, Mikita",FID,M,,,,1789,0,40,SEP25,2012,
24110825,"Melikidze, Valeriy",FID,M,,,,1966,0,20,SEP25,1979,i
54117089,"Melnikov, Evgeny",FID,M,,,,AGM,1803,6,SEP25,1982,
34266984,"Melnikov, Fedor",FID,M,FM,,,2352,7,20,SEP25,2010,
3504280,"Mendez Alfaro, Yaquelin Yenia",FID,F,WFM,WFM,,2112,0,20,SEP25,1980,wi
332243796,"Mendez Moreno, Andres Giovanny",FID,M,,,,1687,0,20,SEP25,1985,i
24227757,"Meshcheryakova, Alina",FID,F,,,,1563,0,20,SEP25,2005,wi
4116887,"Mesropov, Konstantin",FID,M,IM,,,2459,0,10,SEP25,1971,
342105283,"metwally, Elmontaserbellah",FID,M,,,,AFM,1701,0,SEP25,1985,
115096987,"Mijares, Henry",FID,M,,,,ACM,1658,0,SEP25,1981,
44191995,"Mikhailina, Olga",FID,F,WCM,WCM,,1671,0,40,SEP25,2008,w
55815510,"Mikheev, Artem",FID,M,,,,1514,0,40,SEP25,2014,
44108320,"Mikheeva, Galina",FID,F,WIM,WIM,,2092,0,40,SEP25,2007,w
13506854,"Minald, Andrey",FID,M,,,,2008,0,20,SEP25,1998,i
34397833,"Minkhajdarov, Ruslan",FID,M,,,,1985,9,40,SEP25,2012,
24188468,"Minko, Dmitry",FID,M,FM,,,2128,0,20,SEP25,2004,
44115423,"Mironov, Alexander",FID,M,,,,1793,0,20,SEP25,1997,
4188659,"Miroshnichenko, Pavel",FID,M,FM,,,2303,0,20,SEP25,1991,i
34127698,"Miroshnik, Ekaterina",FID,F,WFM,WFM,,2057,0,20,SEP25,2003,w
44179634,"Mochalov, Dmitriy",FID,M,,,,2337,0,20,SEP25,2007,
146104396,"Mohamed, Abdullah",FID,M,,,,1437,0,20,SEP25,2002,i
342110739,"mohamed, adel",FID,M,,,,ACM,1650,0,SEP25,1990,
342110550,"Mohamed, Eyad",FID,M,,,,1561,4,40,SEP25,2009,
366104405,"Mohanakrishnan, Muthu",FID,M,,,,1638,0,20,SEP25,1982,i
10302280,"Mohapatra, Kaustuv",FID,M,,,,1474,0,40,SEP25,2005,i
34435271,"Mokhamed Refaat Akhmed, Iusif",FID,M,,,,1825,6,20,SEP25,2004,
10302794,"Moleunnel, Allen",FID,M,,,,1617,0,20,SEP25,2001,i
324104887,"Monteiro, Radnny",FID,M,,,,1629,0,40,SEP25,1994,
115098140,"Morier Hernandez, ALIA MADELEINE REMI",FID,F,,,,1448,0,40,SEP25,2015,w
55657206,"Morozevich, Kirill Aleks",FID,M,,,,1988,0,40,SEP25,2016,
55785654,"Morozov, Arkhip",FID,M,,,,1822,0,40,SEP25,2016,
55833292,"Morozova, Aiza",FID,F,,,,1535,0,40,SEP25,2014,w
24199990,"Moskvin, Anatoly",FID,M,CM,,,2122,0,20,SEP25,2002,i
34271457,"Moskvinov, Prokhor",FID,M,,,,2176,11,40,SEP25,2011,
342060299,"Mostafa, Mohamed",FID,M,,,,1773,0,20,SEP25,1980,i
4171772,"Movsesian, Artur",FID,M,,,,2145,0,20,SEP25,1986,
55657559,"Mozolevskaya, Tatyana Nik",FID,F,,,,2014,18,40,SEP25,2013,w
55682499,"Mukhin, Mikhail",FID,M,,,,1812,0,40,SEP25,2013,
55698344,"Mukhorina, Mariya Dm",FID,F,,,,1741,0,40,SEP25,2014,w
115109243,"Muleta, Jordan",FID,M,,,,AFM,1961,0,SEP25,1982,i
150093940,"Mullins, Nicki",FID,M,,,,1729,0,40,SEP25,1998,i
124111410,"Munasipov, Ainur",FID,M,,,,ACM,1824,0,SEP25,1996,
55780075,"Muratshin, Ramazan",FID,M,,,,AIM,1679,3,SEP25,2016,
379105230,"Muratuly, Magzhan",FID,M,,,,1713,4,20,SEP25,2000,
44155573,"Murzin, Volodar",FID,M,GM,,,2642,0,10,SEP25,2006,
148105338,"Muza, Yevhen",FID,M,,,,1594,9,40,SEP25,1987,
103111187,"Myat Ko, Lin",FID,M,,,,1499,0,40,SEP25,1993,i
325120393,"Nader, Amier",FID,M,,,,1504,0,20,SEP25,1982,i
10301925,"Nair, Abhijith",FID,M,,,,1758,0,20,SEP25,2000,i
366095404,"Nair, Saranya",FID,F,,,,1514,0,40,SEP25,2010,w
4118987,"Najer, Evgeniy",FID,M,GM,FST,,2568,0,10,SEP25,1977,i
115110253,"Nalam, Rolious",FID,M,,,,1789,0,40,SEP25,1974,
325120400,"Nandakumar, Adhvik",FID,M,,,,1434,0,40,SEP25,2008,i
10301860,"Nanthalathu, Ebin",FID,M,,,,1729,0,20,SEP25,2002,i
55870937,"Nasyrova, Agata Rus",FID,F,,,,1614,0,40,SEP25,2015,w
66200083,"Nathan, Arjun",FID,M,,,,1659,0,20,SEP25,2003,i
366098175,"Navandar, Vardaan",FID,M,,,,1468,0,40,SEP25,2008,
3512240,"Navarro Rivas, Rashid",FID,M,,NI,,1952,0,20,SEP25,1972,i
13514075,"Navumenka, Mikhei",FID,M,FM,,,2249,0,40,SEP25,2007,
24198455,"Nesterov, Arseniy",FID,M,GM,,,2556,0,10,SEP25,2003,
351104392,"Nguyen Khac Scheou, Lucas",FID,M,,,,1643,0,20,SEP25,2005,
34420029,"Nikitskaya, Varvara",FID,F,,,,1592,0,40,SEP25,2006,w
24102474,"Nikologorsky, Matfei",FID,M,CM,,,2094,0,20,SEP25,1990,
115202954,"Noblijas, Art R.",FID,M,,,,AIM,1627,0,SEP25,2009,
329112139,"Nofuente, Edgardo",FID,M,,,,1642,0,40,SEP25,1976,i
55707149,"Nogovitsina, Yana",FID,F,,,,1485,0,40,SEP25,2015,w
24107069,"Norkin, Alexey",FID,M,,,,2110,0,20,SEP25,1985,i
13518780,"Norman, Kseniya",FID,F,WFM,WFM,,2197,0,40,SEP25,2007,w
329218826,"Novakovich, Joseph",FID,M,,,,1805,0,20,SEP25,1993,i
55700969,"Novikov, Vladimir Dm",FID,M,,,,1491,0,40,SEP25,2016,
34477047,"Novodvorskiy, Dmitriy Al",FID,M,,,,2178,7,40,SEP25,2013,
123104724,"Ntsunguzi, Siyamamkela",FID,M,,,,1491,0,40,SEP25,2006,
3500640,"Nunez, Antonio",FID,M,FM,,,2214,0,20,SEP25,1963,
4114310,"Obodchuk, Andrei",FID,M,IM,,,2298,0,10,SEP25,1955,
55770134,"Obraztsova, Sofiya Rom",FID,F,,,,1834,0,40,SEP25,2015,w
4122488,"Oganian, Miran",FID,M,IM,,,2367,11,10,SEP25,1996,
34341072,"Okhitin, Lev",FID,M,,,,1817,0,40,SEP25,2011,
148105006,"Olenchuk, Sergiy",FID,M,,,,1610,0,20,SEP25,1986,i
13507397,"Olhovik, Andrei",FID,M,FM,,,2306,0,20,SEP25,1984,i
4125282,"Orlov, Andrey",FID,M,GM,,,2572,0,10,SEP25,1977,i
4166612,"Orlov, Oleg",FID,M,FM,,,2163,0,20,SEP25,1987,
34154563,"Orlova, Alicia",FID,F,,,,1750,0,40,SEP25,2005,wi
345104860,"Ortiz Rodriguez, Javier",FID,M,,,,1534,0,20,SEP25,1991,i
133104998,"Osama, Ibrahim",FID,M,,,,1643,0,20,SEP25,2004,i
55647235,"Osetrov, Prokhor",FID,M,,,,1842,0,40,SEP25,2013,
34122483,"Osipov, Pavel",FID,M,,,,1960,0,20,SEP25,1984,
55824277,"Osmanov, Ilya Tim",FID,M,,,,1528,7,40,SEP25,2016,
24280216,"Otdelnov, Kirill",FID,M,FM,,,2293,0,40,SEP25,2008,
4131827,"Ovod, Evgenija",FID,F,IM,WGM,FA,2138,0,20,SEP25,1982,wi
115111260,"Pablo, Edwin",FID,M,,,,AFM,1606,0,SEP25,1964,i
146241420,"Padamattumal, Joseph Basil",FID,M,,,,1750,0,20,SEP25,1962,i
21512728,"Pado, Adwim",FID,M,,,,1685,0,20,SEP25,1975,i
24122165,"Pakhomov, Denis",FID,M,,,,1990,0,20,SEP25,1987,
115111161,"Palaming, Romeo Rodney",FID,M,,,,AIM,1799,0,SEP25,1993,
4172736,"Pankov, Oleg",FID,M,,,,2049,0,20,SEP25,1989,
358093817,"PANTOULAS, GEORGIOS",FID,M,,,,1644,0,20,SEP25,1982,i
338111257,"Pape, Phillip",FID,M,,,,1563,5,40,SEP25,1994,
13510770,"Papunidi, Matvey",FID,M,,,,1912,0,20,SEP25,2004,i
4165012,"Paramzina, Anastasya",FID,F,WGM,WGM,,2146,0,20,SEP25,1998,wi
4194985,"Paravyan, David",FID,M,GM,,,2570,0,10,SEP25,1998,
308105320,"Parisi, Faustino",FID,M,,,,AFM,1836,4,SEP25,2007,
13502328,"Parmon, Evgeny",FID,M,,,,1878,0,20,SEP25,1997,
34281576,"Parpiev, Isaak",FID,M,CM,,,2349,9,20,SEP25,2009,
115203773,"Pasno, Albert",FID,M,,,,AFM,1721,0,SEP25,1993,
332111250,"PATINO BLANDON, EFRAIN",FID,M,,,,ACM,1571,0,SEP25,1954,
13536656,"Paulouski, Robert",FID,M,,,,1467,0,40,SEP25,2015,i
24236047,"Paurchak, Daniil",FID,M,,,,2108,0,40,SEP25,2010,
34126594,"Pavlov, Danila",FID,M,FM,,,2343,0,20,SEP25,2002,
399112493,"Pavlovic, Pavle",FID,M,,,,1704,0,40,SEP25,2000,
522045457,"Pechenkin, Ivan",FID,M,,,,1698,0,40,SEP25,2017,
54600162,"Peljhan, Aljaz",FID,M,,,,1774,0,20,SEP25,2002,i
396104738,"Pena Lopez, Jesus Octavio",FID,M,,,,ACM,1709,0,SEP25,2009,i
351043920,"Penot, Matthieu",FID,M,,,,1724,0,20,SEP25,1978,i
55620264,"Perekhozhev, Artem",FID,M,,,,1574,0,40,SEP25,2013,
329105448,"Perez, Gilbert",FID,M,,,,AFM,1686,0,SEP25,1958,i
351105308,"Petit, Barthelemy",FID,M,,,,1483,0,40,SEP25,1990,
34315497,"Petrenko, Anton",FID,M,,,,1569,0,40,SEP25,2005,i
24216836,"Petrov, Maksim",FID,M,,,,1874,0,20,SEP25,2003,
13506897,"Petrushkevich, Maxim",FID,M,,,,1929,0,20,SEP25,1998,i
115111386,"Pillos, Romnick",FID,M,,,,AFM,1771,0,SEP25,1988,
3500497,"Pina, Ulises",FID,M,FM,,,2227,0,20,SEP25,1965,
371112275,"Pinsker, Omer",FID,M,,,,ACM,1567,0,SEP25,2011,
55771483,"Pinskiy, German Ant",FID,M,,,,1439,0,40,SEP25,2016,
34169099,"Pinzhenin, Aleksei",FID,M,,,,1921,0,20,SEP25,1972,
13506927,"Plekhava, Irina",FID,F,,,,1684,0,20,SEP25,1997,w
34106917,"Pleshkov, Mikhail",FID,M,,,,1860,0,20,SEP25,1967,
34340637,"Plotnikov, Aleksandr M",FID,M,,,,1668,0,20,SEP25,1988,
24151327,"Podymov, Andrei",FID,M,,,,1731,0,20,SEP25,1994,i
54600480,"Polajzar, Ziga",FID,M,,,,1529,0,20,SEP25,2001,i
34446230,"Polevoy, Yusuf",FID,M,,,,1908,7,40,SEP25,2012,
13500090,"Poley, Vladimir",FID,M,IM,LSI,,2220,7,20,SEP25,1965,
13518313,"Poliakova, Varvara",FID,F,WFM,WFM,,2065,0,20,SEP25,2005,w
337294840,"Polivka, Ondrej",FID,M,,,,1595,0,20,SEP25,1991,i
34411003,"Ponomarev, Ivan",FID,M,,,,1898,0,40,SEP25,2008,
55658466,"Popenkova, Varvara",FID,F,,,,1960,0,40,SEP25,2011,w
124280477,"Popkov, Mikhail",FID,M,,,,AFM,1806,0,SEP25,1996,i
55691110,"Popov, Aleksandr And",FID,M,,,,1722,0,40,SEP25,2014,
34137910,"Popov, Konstantin",FID,M,IM,,,2365,0,20,SEP25,2005,
55665519,"Popov, Yaroslav",FID,M,,,,1623,0,40,SEP25,2014,
34450734,"Popova, Kira",FID,F,,,,1629,0,40,SEP25,2012,w
13500295,"Popova, Natalija",FID,F,WIM,WIM,,2176,0,20,SEP25,1976,wi
24269115,"Potapenko, Nikita",FID,M,,,,2030,0,40,SEP25,2008,
55731279,"Potapov, Maksim Vl.",FID,M,,,,ACM,1630,0,SEP25,1986,i
13532529,"Poukh, Pavel",FID,M,,,,1844,0,40,SEP25,2015,
4168968,"Pozdnjakov, Viatcheslav",FID,M,FM,,,2216,0,20,SEP25,1988,i
34449515,"Predein, Oleg",FID,M,,,,1536,0,40,SEP25,2013,i
132105417,"Preena, Thariq",FID,M,,,,AIM,1546,0,SEP25,2010,i
34270566,"Preobrazhenskaya, Diana",FID,F,WFM,WFM,,2088,6,40,SEP25,2011,w
342105229,"Prince, Bassel",FID,M,,,,1811,0,40,SEP25,1988,i
522014187,"Pripa, Svyatoslav",FID,M,,,,1588,0,40,SEP25,2007,i
55685498,"Prokhorenko, Yaroslav",FID,M,,,,1957,0,40,SEP25,2013,
34394273,"Prokhorov, Aleksey",FID,M,FM,,,2347,11,20,SEP25,2010,
24105589,"Prokhorov, Ivan",FID,M,,,,2175,0,20,SEP25,1988,i
34465928,"Prokhorov, Ivan",FID,M,,,,1980,18,40,SEP25,2013,
24257885,"Prokudin, Igor",FID,M,,,,1807,0,40,SEP25,2008,
4125487,"Pronin, Vladimir",FID,M,,,,1992,0,20,SEP25,1962,i
21511829,"Pujeda, Ronald",FID,M,,,,1957,0,20,SEP25,1987,i
137105447,"Purevragchaa, Jargalsaikhan",FID,M,,,,1485,0,40,SEP25,2009,i
24292443,"Putinceva, Marina",FID,F,,,,1733,0,40,SEP25,2007,wi
44148402,"Putrenko, Kirill",FID,M,FM,,,2196,0,20,SEP25,2006,
11203684,"Qais, Mohammed",FID,M,,,,1609,0,20,SEP25,1983,i
331104555,"Qin, Xuan",FID,M,,,,1633,0,40,SEP25,2012,
115104757,"R Espallardo, Carl",FID,M,,,,AIM,1887,0,SEP25,1984,i
4192362,"Radchenko, Alexey",FID,M,FM,,,2237,0,20,SEP25,1987,
34209026,"Radionenko, Gleb",FID,M,,,,2006,0,40,SEP25,2011,
4103203,"Raetsky, Alexander",FID,M,GM,FT,,2248,0,10,SEP25,1961,
10302417,"Rajeev, Michael",FID,M,,,,1531,0,20,SEP25,1985,i
10302220,"Rakhmanberdieva, Farida",FID,M,,,,1504,0,20,SEP25,2003,i
4173708,"Rakhmanov, Aleksandr",FID,M,GM,FT,,2550,0,10,SEP25,1989,
327104700,"Ralchev, Vasil",FID,M,,,,1473,0,40,SEP25,1997,
146104663,"Ramanarayanan, Ram Karthik",FID,M,,,,1478,0,40,SEP25,2016,
21512973,"Rami, Mohannad Ahmed",FID,M,,,,1843,0,20,SEP25,1990,i
129057855,"Ramores, Rafael Jay",FID,M,,,,AFM,1538,0,SEP25,1983,
115097492,"Ramos, Frenz Jeremy",FID,M,,,,AIM,1753,0,SEP25,2006,
44144504,"Rasaev, Stanislav",FID,M,,,,AFM,1593,0,SEP25,2004,i
146105375,"Rashed Alawadhi, Abdullah",FID,M,,,,AFM,1523,0,SEP25,2009,i
21510873,"Rasool Muhammad, Ghulam",FID,M,,,,1801,0,20,SEP25,1975,i
13513940,"Raspopov, Ilya",FID,M,,,,1465,0,20,SEP25,2004,i
13513052,"Raspopov, Ivan",FID,M,,,,1617,0,40,SEP25,2005,i
13530119,"Razhnou, Lev",FID,M,,,,1686,0,40,SEP25,2013,
13536567,"Razhnova, Alena",FID,F,,,,1402,0,40,SEP25,1983,w
13534831,"Razhnova, Aryna",FID,F,,,,1482,0,40,SEP25,2011,w
55673260,"Razumovskiy, Platon",FID,M,,,,1854,0,40,SEP25,2013,
10303120,"Reaven, Rayan",FID,M,,,,1481,0,40,SEP25,2007,i
11203277,"Reybuenan, Juanito",FID,M,,,,1579,0,20,SEP25,1972,i
393199872,"Reymond, Daniel",FID,M,,,,1430,0,20,SEP25,1965,i
55722733,"Reznikov, Andrey",FID,M,,,,1483,0,40,SEP25,2013,
21512710,"Ribayx, Beda",FID,M,,,,1944,0,20,SEP25,1975,i
34371710,"Riskin, Grigory",FID,M,,,,1683,0,40,SEP25,2009,
3500390,"Rivera, Alberto",FID,M,IM,,,2235,0,20,SEP25,1957,
341105340,"Rivero, Daniel",FID,M,,,,1575,0,40,SEP25,1992,
396215933,"Rochin, Roberto",FID,M,,,,AFM,1850,0,SEP25,1984,i
55701124,"Rogachev, Aleksandr Ser",FID,M,,,,1434,0,40,SEP25,2013,i
345280877,"Roldan, Oscar",FID,M,,,,1650,0,20,SEP25,1979,i
115105226,"Romarate, Geronimo",FID,M,,,,1878,0,20,SEP25,1975,
73001074,"Roncevic, Lovro",FID,M,,,,1564,0,20,SEP25,2005,i
13519778,"Rudnev, Andrei",FID,M,,,,1934,0,40,SEP25,2009,
345111570,"Ruiz Plazas, Jesus Maria",FID,M,,,,1595,0,40,SEP25,1973,
34273050,"Rumyantsev, Semen",FID,M,CM,,,2342,9,20,SEP25,2010,
13536303,"Rybak, Sofya",FID,F,,,,1500,0,40,SEP25,2016,w
366130568,"Sabhlok, Ravinder Kumar",FID,M,,,,1494,0,20,SEP25,1954,i
324104804,"Sabino Dos Santos Junior, Leandro",FID,M,,,,1528,0,40,SEP25,2006,i
215223616,"Sadat Ali, Sadat Ali",FID,M,,,,1650,0,40,SEP25,1974,
150098580,"Sadetskii, Aleksei",FID,M,,,,1516,0,40,SEP25,1993,i
304226720,"Sadi, Samy",FID,M,,,,1693,0,40,SEP25,1991,i
4155840,"Sadovsky, Artem",FID,M,IM,,,2393,0,10,SEP25,1996,
24113590,"Sadykov, Ramil",FID,M,FM,,,2245,0,20,SEP25,1994,i
6364802,"Safarli, Aykhan",FID,M,,,,1840,0,20,SEP25,1989,i
24148253,"Safonov, Artyom",FID,M,,,,1950,0,20,SEP25,1992,
24253146,"Safronov, Grigoriy",FID,M,,,,1813,0,40,SEP25,2009,
13519204,"Sagalovich, Yakov",FID,M,,,,1811,0,40,SEP25,2008,i
366108342,"Saha, Suman",FID,M,,,,AFM,1559,0,SEP25,1987,
141105013,"Saidov, Muhammad",FID,M,,,,1510,0,40,SEP25,2004,
13516337,"Sakalou, Aliaksandr",FID,M,,,,1911,0,20,SEP25,1998,
34168670,"Sakovich, Luka",FID,M,,,,1861,0,20,SEP25,2005,
13527444,"Sakun, Darya",FID,F,,,,1691,0,40,SEP25,2011,w
115104532,"Salinas, John Miller P.",FID,M,,,,AIM,1641,7,SEP25,1986,
13527827,"Saliuk, Aliaksandr",FID,M,,,,1616,0,40,SEP25,2010,
115096833,"Salon, Jorgen",FID,M,,,,1581,8,40,SEP25,1994,
115110235,"Samat, Bakolong",FID,M,,,,1946,4,20,SEP25,1985,
55621252,"Sanches-Shananin, Adrian",FID,M,,,,2199,0,40,SEP25,2012,
364104531,"SANDALO, CHRISTIANSEN ANDREW GUZMAN",FID,M,,,,1890,0,40,SEP25,1986,
129057837,"Sang, Lehan",FID,F,,,,1509,0,40,SEP25,2010,w
373200448,"Santoro, Giuseppe",FID,M,,,,1589,0,40,SEP25,0,
13523058,"Saprykava, Hanna",FID,F,,,,1686,0,40,SEP25,2010,w
388105202,"Sargelis, Lukas",FID,M,,,,1562,0,40,SEP25,1997,
7002688,"Sasaki, Yu",FID,M,,,,1885,0,20,SEP25,1992,i
138105192,"Satli, Fares",FID,M,,,,1402,0,40,SEP25,1974,
134179026,"Sattari, Ahmed Fawad",FID,M,,,,1867,0,20,SEP25,1987,i
55675077,"Savchenko, Matvey",FID,M,,,,1952,9,40,SEP25,2010,
55683770,"Savelieva, Aleksandra",FID,F,,,,1650,0,20,SEP25,1985,wi
343103096,"Sawant, Riaan",FID,M,,,,ACM,1445,0,SEP25,2014,
115109735,"Sazon, Jerieby",FID,M,,,,AFM,1778,0,SEP25,1994,
34356266,"Scheglov, Gleb",FID,M,FM,,,2210,0,40,SEP25,2010,
24177830,"Schekachikhin, Maksim",FID,M,IM,,,2272,0,20,SEP25,1998,i
34419497,"Schmid, Anna",FID,F,,,,1581,0,40,SEP25,2013,w
55718868,"Schoenleben, Kristofer",FID,M,,,,1609,0,40,SEP25,2015,
306101573,"Sebastiao, Vladimir Edson Paim",FID,M,,,,1430,0,40,SEP25,1979,
115110988,"Segismar, Herbert",FID,M,,,,1708,0,20,SEP25,1985,i
55683649,"Segodnyaeva, Alexandra",FID,F,,,,1618,7,40,SEP25,2015,w
54126738,"Seleznev, Mikhail V.",FID,M,,,,1917,0,20,SEP25,2000,
34127388,"Selezneva, Ekaterina",FID,F,,,,1796,0,20,SEP25,2003,wi
366096045,"SELVAGANDHI, ROHIT",FID,M,,,,ACM,1580,0,SEP25,1994,
55889034,"Semak, Semen",FID,M,,,,1629,0,40,SEP25,2005,i
44150660,"Semenov, Lev",FID,M,,,,AIM,1817,0,SEP25,2006,
308105339,"Sequera, Neuman",FID,M,,,,ACM,1631,0,SEP25,1977,i
34493921,"Serebriakov, Sergei",FID,M,,,,1843,0,20,SEP25,2006,
13526634,"Sevastsyanchuk, Anastasiya",FID,F,,,,1507,0,40,SEP25,2013,w
4156781,"Sevostianov, Pavel",FID,M,IM,,,2288,0,20,SEP25,1967,i
21511969,"Sfar, Samer",FID,M,,,,1735,0,20,SEP25,1980,i
13517082,"Shaban, Aliaksandra",FID,F,,,,1927,0,20,SEP25,2006,w
55686311,"Shabanova, Mariya",FID,F,,,,1583,19,40,SEP25,2013,w
13520245,"Shablyka, Andrei",FID,M,,,,1500,0,20,SEP25,1988,i
327137012,"Shadrin, Alexey A.",FID,M,,,,AIM,1807,0,SEP25,1969,i
34260102,"Shadyev, Damir",FID,M,,,,2004,9,40,SEP25,2008,
13519212,"Shahazizyan, Milena",FID,F,,,,1617,0,40,SEP25,2007,wi
34310452,"Shaiduko, Sergei",FID,M,,,,1807,0,20,SEP25,1987,
13530917,"Shakhnovich, Uladzislau",FID,M,,,,1654,0,20,SEP25,1998,
522018581,"Shakhova, Mariya",FID,F,,,,1611,9,40,SEP25,2014,w
366131108,"Shakti, Rajan",FID,M,,,,1641,0,20,SEP25,1988,i
10302646,"Shamsulhoque, Belal",FID,M,,,,1794,0,20,SEP25,1970,i
11203846,"Shankar, Ema Ridhi",FID,F,,,,1444,0,20,SEP25,2004,wi
74600257,"Shanmugam, Sri Kandha",FID,M,,,,1677,0,20,SEP25,2000,i
124138100,"Shcheglov, Alexey",FID,M,,,,1660,0,20,SEP25,1980,i
34103055,"Shchukina, Ekaterina",FID,F,,,,1623,0,20,SEP25,1993,w
343099458,"Shelke, Arnav",FID,M,,,,1450,0,40,SEP25,2011,
215223812,"Shelleh, Saria Mohammed Ali",FID,M,,,,1758,0,20,SEP25,1986,i
24106160,"Shendrik, Zhanna",FID,F,WCM,WCM,,1936,0,20,SEP25,1991,wi
55744125,"Shepel, Alexander",FID,M,,,,1726,0,40,SEP25,2015,
124107990,"Sheredeko, Egor",FID,M,,,,AIM,1728,0,SEP25,2003,i
342110292,"Sherif, Amr",FID,M,,,,ACM,1734,0,SEP25,1985,i
34166383,"Shestakova, Ekaterina",FID,F,,,,1887,0,20,SEP25,2004,w
13521918,"Shikh, Ignatij",FID,M,,,,1512,0,40,SEP25,2010,
34473580,"Shimanskaia, Tatiana",FID,F,,,,1819,11,40,SEP25,2011,w
34489274,"Shinkorenko, Ivan Al",FID,M,,,,2110,45,40,SEP25,2011,
150098517,"Shishov, Viacheslav",FID,M,,,,ACM,1524,0,SEP25,1991,i
4151933,"Shkapenko, Pavel",FID,M,IM,,,2417,0,10,SEP25,1983,
55653537,"Shogdzhiev, Roman",FID,M,IM,,,2399,9,10,SEP25,2015,
34167061,"Shoshin, Kirill",FID,M,FM,,,2178,0,20,SEP25,2005,i
522024263,"Shpigotskiy, Dmitriy",FID,M,,,,1592,7,40,SEP25,2016,
13531182,"Shrubok, Herman",FID,M,,,,1689,9,40,SEP25,2014,
4135326,"Shtivelband, Dmitry",FID,M,,,,2127,0,20,SEP25,1957,i
34275797,"Shturman, Arseniy",FID,M,FM,,,2207,0,40,SEP25,2007,
44124040,"Shubenkova, Veronika",FID,F,WFM,WFM,,2104,0,40,SEP25,2007,w
34119962,"Shubin, Kirill",FID,M,IM,,,2455,11,10,SEP25,2003,
54180058,"Shukhman, Anna",FID,F,WGM,WGM,,2247,9,40,SEP25,2009,w
4187237,"Shuvalov, Evgenij",FID,M,,,,2117,0,20,SEP25,1986,
24171760,"Shuvalova, Polina",FID,F,IM,WGM,,2357,0,10,SEP25,2001,w
13527100,"Sidorenja, Radion",FID,M,,,,1867,0,40,SEP25,2011,
24141771,"Sidorovsky, Evgeny",FID,M,,,,2103,0,20,SEP25,1986,
392104453,"SIDRINE, YASSER",FID,M,,,,1715,0,40,SEP25,2003,i
13535994,"Sienko, Alisa",FID,F,,,,1531,0,40,SEP25,2015,w
167109797,"Simeunovic, Konstantin",FID,M,,,,1447,0,40,SEP25,2012,
146242454,"Singh, Yuvraj",FID,M,,,,1543,0,20,SEP25,1981,i
66605377,"Singh, Ziana",FID,F,,,,1472,0,40,SEP25,2011,w
13512269,"Siniauski, Artsiom",FID,M,FM,,,2144,0,20,SEP25,2006,
34488928,"Siryak, Dmitry",FID,M,,,,AGM,1799,0,SEP25,1971,
13520989,"Sitnikov, Arseni",FID,M,,,,1600,0,40,SEP25,2009,
13531719,"Sivko, Lev",FID,M,,,,1544,0,40,SEP25,2013,
55784453,"Sivkova, Ekaterina Ser",FID,F,,,,1558,0,40,SEP25,2016,w
13520580,"Skamaroshchanka, Daryia",FID,F,,,,1691,0,40,SEP25,2011,w
55730230,"Sklokin, Sergey",FID,M,FM,,,2187,0,40,SEP25,2013,i
55738613,"Slashchev, Nikita",FID,M,,,,1708,6,40,SEP25,2013,
34429646,"Slavskii, Sergei",FID,M,,,,1635,0,20,SEP25,1995,
34142913,"Slugin, Yaroslav",FID,M,,,,2034,0,20,SEP25,2003,i
123105220,"Smela, Shatakane",FID,M,,,,ACM,1847,0,SEP25,2002,i
55834760,"Smirnov, Artem A.",FID,M,,,,1412,0,40,SEP25,2015,i
4110943,"Smirnova, Ekaterina",FID,F,WIM,WIM,,1999,0,20,SEP25,1996,w
55698476,"Smirnova, Oksana Andr",FID,F,,,,1739,11,40,SEP25,2014,w
34414983,"Smirnova, Polina A",FID,F,WFM,WFM,,1948,11,40,SEP25,2011,w
34492496,"Smirnova, Viktoria A",FID,F,,,,1911,0,40,SEP25,2013,w
13515802,"Smolyak, Viktorya",FID,F,,,,1644,0,20,SEP25,2001,wi
55768008,"Sobolev, Lev Yu.",FID,M,,,,1910,0,40,SEP25,2014,
34180580,"Sokolov, Egor",FID,M,,,,1644,0,40,SEP25,2007,i
124096841,"Sokolov, Stanislav",FID,M,,,,1411,0,20,SEP25,1992,i
336112415,"Sokolov, Timofei",FID,M,,,,1442,0,40,SEP25,2011,
55726461,"Sorochkin, Roman",FID,M,,,,1846,0,40,SEP25,2013,
55833349,"Sorokin, Andrei Yu.",FID,M,,,,1848,0,40,SEP25,1967,
522042164,"Sorokin, Maksim S.",FID,M,,,,1680,0,40,SEP25,2004,i
73001007,"Sraka, Lan",FID,M,,,,1567,0,20,SEP25,2005,i
54600936,"Sretl, Vito",FID,M,,,,1650,0,20,SEP25,2000,i
396108657,"Steinmann, Andre",FID,M,,,,AFM,1831,0,SEP25,2014,
356094575,"Stojadinovic, Predrag",FID,M,,,,ACM,1723,0,SEP25,1977,i
13515659,"Stribuk, Artiom",FID,M,IM,,,2393,0,10,SEP25,2007,
115097465,"Suan, Raquel",FID,M,,,,AIM,1975,0,SEP25,1991,
366130254,"Subramanian, Ashwin",FID,M,,,,AFM,1760,0,SEP25,1977,i
74600460,"Subramonya Iyer, Sanjana",FID,F,,,,1419,0,20,SEP25,2003,wi
336176548,"Sukhovenko, Maxim",FID,M,,,,1690,0,20,SEP25,1987,i
34394907,"Suleymanov, Askhab",FID,M,,,,1721,0,40,SEP25,2012,
150101480,"Suliman, Ahmed",FID,M,,,,1459,0,40,SEP25,1995,i
34334114,"Suslov, Dmitrii",FID,M,CM,,,2019,0,40,SEP25,2008,
24102610,"Svetlov, Dmitry",FID,M,IM,,,2340,9,10,SEP25,1993,
4102142,"Svidler, Peter",FID,M,GM,,,2669,0,10,SEP25,1976,
115108890,"Sy, Scott Jacob",FID,M,,,,1512,0,40,SEP25,2010,
4114060,"Sychev, Klementy",FID,M,GM,,,2489,0,10,SEP25,1996,
13514628,"Sytko, Konstantin",FID,M,,,,1937,0,20,SEP25,1979,i
118104394,"Szydziak, Antoni",FID,M,,,,1521,0,40,SEP25,2006,
54163625,"Tabermakova, Leila",FID,F,WFM,WFM,,1965,11,40,SEP25,2009,w
115108424,"Tacaca, Vincent",FID,M,,,,AFM,1615,0,SEP25,2006,
392105020,"Tadlaoui, Hamza",FID,M,,,,ACM,1678,0,SEP25,1997,
66201292,"Tam, Felix Gregoire Yun Fei",FID,M,,,,1700,0,40,SEP25,2007,
34272690,"Tambovskii, Kirill",FID,M,,,,2098,9,40,SEP25,2009,
374094724,"Tamilselvan, Jawahar",FID,M,,,,1482,0,40,SEP25,1990,
115105360,"Tampus, Robert Michael",FID,M,,,,ACM,1710,0,SEP25,1996,i
34356231,"Taran, Egor A",FID,M,,,,1881,9,40,SEP25,2008,
124108880,"Tarasov, Artemii",FID,M,,,,1800,0,20,SEP25,1999,i
169270431,"Tarmak, Mart",FID,M,,,,AFM,1838,0,SEP25,1955,i
379104322,"Tauken, Sagynysh",FID,M,,,,AFM,1537,5,SEP25,2002,
324226315,"Tavares Do Nascimento, Marco Antonio",FID,M,,,,AIM,1663,0,SEP25,1965,i
73001279,"Tavcar, Jaka",FID,M,,,,1548,0,20,SEP25,2005,i
4199731,"Tekeyev, Zaur",FID,M,IM,,,2390,22,10,SEP25,1995,
34357904,"Temirbekov, Taimaz",FID,M,FM,,,2365,0,20,SEP25,2011,
6338526,"Temishov, Nurbek",FID,M,,,,1868,0,20,SEP25,1986,i
343110680,"Tendulkar, Ritesh",FID,M,,,,1532,0,40,SEP25,1978,i
34279202,"Ter-Abramyan, Aleksandr",FID,M,,,,1846,21,40,SEP25,2012,
129064081,"Terekhov, Maxim",FID,M,,,,1451,0,40,SEP25,2008,i
55626580,"Teremkov, Vladimir Al",FID,M,,,,1917,9,40,SEP25,2013,
34389890,"Tereshchenko, Eliza",FID,F,,,,1851,0,40,SEP25,2012,w
34389903,"Tereshchenko, Eva",FID,F,,,,1898,0,40,SEP25,2010,w
13505076,"Terzi, Alexei",FID,M,FM,,,2174,0,20,SEP25,1997,i
132105373,"Thanikeasan, Soruban",FID,M,,,,1432,0,40,SEP25,2013,i
366095182,"THEKKEKUNNATH, SHABEERALI",FID,M,,,,1447,0,40,SEP25,1984,i
146243390,"Thoovanoor, Venugopal",FID,M,,,,1488,0,20,SEP25,1975,i
379112440,"Ti, Alexandr",FID,M,,,,AIM,1673,0,SEP25,2000,
10302786,"Tianzon, Vince",FID,M,,,,1700,0,20,SEP25,1986,i
55834337,"Timashkov, Tikhon Aleks",FID,M,,,,1410,0,40,SEP25,2016,i
13530224,"Timoshenko, Anton",FID,M,,,,2026,9,40,SEP25,2009,
24249238,"Timoshin, Maxim",FID,M,FM,,,2421,22,10,SEP25,2007,
55859313,"Tishchenko, Sergei",FID,M,,,,1405,0,40,SEP25,2014,
24267376,"Tolstykh, Viktor",FID,M,,,,2064,18,40,SEP25,2010,
329193674,"Torkamani, Alireza",FID,M,,,,1792,0,40,SEP25,1976,
3505014,"Torres Sigler, Ariel",FID,M,,,,2155,0,20,SEP25,1973,
13532847,Trafimchuk Tsikhan,FID,M,,,,1699,0,40,SEP25,2014,
337105237,"Travnicek, Pavel",FID,M,,,,ACM,1710,6,SEP25,1994,
34358978,"Tregubenko, Nikolay",FID,M,FM,,,2100,0,40,SEP25,2010,
55701469,"Tregubenko, Vladimir Fed",FID,M,,,,1453,0,40,SEP25,2013,
11203412,"Tripathi, Praveen",FID,M,,,,1441,0,20,SEP25,1982,i
6342043,"Trofimov, Stanislav",FID,M,,,,1804,0,20,SEP25,1989,i
24158038,"Trumul, Svetlana",FID,F,,,,1556,0,20,SEP25,1982,wi
4107071,"Tsapalin, Sergey",FID,M,,,,1840,0,20,SEP25,1988,
13511173,"Tsaruk, Maksim",FID,M,IM,,,2467,0,10,SEP25,2005,
4153901,"Tsepennikova, Tatiana",FID,F,WFM,WFM,,1845,0,20,SEP25,1971,w
55771998,"Tsepilov, Artem Den",FID,M,,,,1838,9,40,SEP25,2015,
13513672,"Tsesler, Yakau",FID,M,,,,1809,0,20,SEP25,2006,i
24194697,"Tsoi, Dmitry",FID,M,FM,,,2340,0,10,SEP25,2004,
54108802,"Tsoi, Matvey",FID,M,,,,1815,0,20,SEP25,2004,i
34139360,"Tsvetkov, Andrey",FID,M,IM,,,2339,0,20,SEP25,2005,
24104515,"Tsydendambaev, Artur",FID,M,,,,1982,0,20,SEP25,1990,
4192745,"Turbin, Yaroslav",FID,M,,,,2029,0,20,SEP25,1983,i
44130112,"Tyurin, Artem",FID,M,IM,,,2290,0,20,SEP25,2006,
108105191,"Udoh, Phillips",FID,M,,SI,,1822,0,20,SEP25,1981,
13505629,"Ulasevich, Sergei",FID,M,FM,,,2166,0,20,SEP25,1991,
55819826,"Ulozhenko, Victoriia",FID,F,,,,1427,0,40,SEP25,2016,w
34119741,"Usacheva, Glafira",FID,F,WFM,WFM,NA,1972,0,20,SEP25,2003,w
138105361,"Usama, Ahmad",FID,M,,,,1840,0,20,SEP25,1993,
34254854,"Uskov, Artem",FID,M,GM,,,2421,9,10,SEP25,2010,
379112431,"Ussenov, Abylay",FID,M,,,,AFM,1512,0,SEP25,2002,
24140848,"Utiatskaja, Irina",FID,F,WIM,WIM,FI,2054,0,20,SEP25,1996,wi
124104620,"Vaitkus, Igor",FID,M,,,,1520,0,40,SEP25,2005,i
177104990,"Valentine, Cedric",FID,M,,,,1493,0,40,SEP25,2011,
55740111,"Valiev, Denis",FID,M,,,,1649,0,40,SEP25,2015,
11617675,"Vancovics, Aleksandrs",FID,M,,,,1807,0,20,SEP25,1995,i
10303251,"Vaniankandi, Bijubal",FID,M,,,,1504,0,20,SEP25,1978,i
13508873,"Vansovich, Katsiaryna",FID,F,,,,1659,0,20,SEP25,2001,wi
148111086,"Varlashkin, Ihor",FID,M,,,,ACM,1645,0,SEP25,1976,i
146242392,"Varma, Sanjana",FID,F,,,,1531,0,20,SEP25,2002,wi
44114745,"Vartanian, Spartak",FID,M,,,,2145,0,20,SEP25,1985,i
55819800,"Vasilev, Mikhail Vl.",FID,M,,,,1450,0,40,SEP25,1988,
327105304,"Vasilev, Ventsislav",FID,M,,,,1406,0,40,SEP25,1982,
34283510,"Vasilkov, Nikolay",FID,M,FM,,,2010,7,40,SEP25,2011,
55604048,"Vasilyev, Bulat",FID,M,,,,2068,0,40,SEP25,2010,
24254746,"Vasiukov, Arkadii",FID,M,,,,AFM,1992,0,SEP25,2003,i
13516620,"Vaskanian, Arsen",FID,M,,,,AIM,1708,0,SEP25,1983,i
906832,"Vebic, Kasem",FID,M,FM,,,2150,0,20,SEP25,1958,i
3503542,"Veloz, Arturo",FID,M,,,,2173,0,20,SEP25,1975,i
13523503,"Venskaya, Nika",FID,F,WCM,WCM,,1999,0,40,SEP25,2012,w
11203811,"Venu, Goutham Krishna",FID,M,,,,1476,0,20,SEP25,2004,i
34268677,"Vershinin, Kirill",FID,M,,,,1900,0,40,SEP25,2009,
44144474,"Vetokhin, Savva",FID,M,GM,,,2466,9,10,SEP25,2009,
10302328,"Vidal, Ronaldo",FID,M,,,,1807,0,20,SEP25,1966,i
55812791,"Vinogradov, Maxim",FID,M,,,,1460,0,40,SEP25,1979,
34473025,"Vishtal, Olga An",FID,F,,,,1749,0,40,SEP25,2013,w
11203706,"Viswanathan, Anukumar",FID,M,,,,1563,0,20,SEP25,1980,i
13531204,"Vitsiuk, Aleksandra",FID,F,,,,1596,0,40,SEP25,2015,w
13528998,"Vitsiuk, Anton",FID,M,,,,2018,0,40,SEP25,2011,
34384529,"Vlashchenko, Ilya",FID,M,,,,1531,0,40,SEP25,2013,
34384510,"Vlashchenko, Ivan",FID,M,,,,1663,0,40,SEP25,2011,
34370730,"Vlasova, Mariya N",FID,F,WFM,WFM,,2058,0,40,SEP25,2010,w
54113067,"Vlasova, Olesia",FID,F,WFM,WFM,,2134,11,40,SEP25,2008,w
4103360,"Vlassov, Nikolai",FID,M,IM,,,2229,0,10,SEP25,1965,
148105418,"Vlasyuk, Ihor",FID,M,,,,1548,0,40,SEP25,1981,i
351104481,"Vohra, Ankit",FID,M,,,,1728,0,20,SEP25,1998,
73007846,"Volcansek, Maks",FID,M,,,,1440,0,40,SEP25,2008,i
54104408,"Volchkova, Alena",FID,F,,,,2014,11,40,SEP25,2008,w
55698581,"Volkova, Nadezhda Vlad",FID,F,,,,1771,0,40,SEP25,2015,w
522018883,"Volkova, Varvara",FID,F,,,,1468,0,40,SEP25,2017,w
24239607,"Voloshkin, Daniil",FID,M,,,,2192,8,40,SEP25,2007,
34254978,"Voronaya, Eva",FID,F,,,,1683,0,40,SEP25,2010,wi
124136339,"Voronin, Viktor",FID,M,,,,1830,0,20,SEP25,1945,i
24130613,"Voronkov, Denis",FID,M,,,,2038,0,20,SEP25,1991,
34461663,"Voroshilov, Roman",FID,M,,,,2155,7,40,SEP25,2012,
522006338,"Vorozhtsov, Ilya Art",FID,M,,,,1558,0,40,SEP25,2011,
334111025,"Vozila, Mateo",FID,M,,,,1872,0,40,SEP25,1999,i
148111148,"Vulpi, Iefym",FID,M,,,,1873,0,40,SEP25,1990,
342110597,"Wafeek, Ahmed",FID,M,,,,ACM,1510,5,SEP25,1986,
362200092,"Wagner, Alexander",FID,M,,DI,,1735,0,20,SEP25,1972,i
407380,"White, Michael J R",FID,M,FM,,,2258,0,20,SEP25,1982,i
137105320,"Wilhelmsson, Andre",FID,M,,,,ACM,1640,0,SEP25,1995,
356094931,"Wuensch, Aurel",FID,M,,,,1539,0,40,SEP25,1986,
34356657,"Yagutian, Gaiane",FID,F,,,,1539,3,40,SEP25,2012,w
34196070,"Yagutian, Mariya",FID,F,,,,1784,0,20,SEP25,2005,w
24141917,"Yakimenko, Alexander A.",FID,M,,,,1905,9,20,SEP25,1952,
34188859,"Yakimova, Mariya",FID,F,WFM,WFM,,2128,11,20,SEP25,2005,w
55740200,"Yakovlev, Oleg",FID,M,,,,1501,0,20,SEP25,1997,i
55786383,"Yakubov, Imran",FID,M,,,,1462,0,40,SEP25,2012,
55872670,"Yakubovskiy, Robert Gen",FID,M,,,,1651,5,40,SEP25,2016,
55708684,"Yarina, Sergey",FID,M,,,,1920,0,20,SEP25,1986,
4157826,"Yatzenko, Anton",FID,M,,,,2270,0,10,SEP25,1982,i
11203528,"Yerramilli, Srikrishna",FID,M,,,,1457,0,20,SEP25,2000,i
13504983,"Yezhel, Valiantsin",FID,M,FM,,,2135,0,20,SEP25,1997,
10303090,"Youssef, Ahmed Mohamed",FID,M,,,,1939,0,20,SEP25,1983,i
55861679,"Yudina, Agata",FID,F,,,,1418,0,40,SEP25,2016,w
55714650,"Yugay, Artem Vlad",FID,M,,,,1690,6,40,SEP25,2009,
55643175,"Yuldashev, Samir",FID,M,,,,1646,4,40,SEP25,2013,
4142640,"Yun, Svetomir",FID,M,,,,1857,0,20,SEP25,1993,
129057739,"Yung, Allan",FID,M,,,,1839,0,20,SEP25,1969,i
55724353,"Yunker, Alisa Genrietta",FID,F,WFM,WFM,,2079,14,40,SEP25,2014,w
55786286,"Yunker, German",FID,M,,,,1680,0,40,SEP25,2017,
55617603,"Yurasov, Matfey",FID,M,FM,,,2283,15,20,SEP25,2012,
55722849,"Zabelin, Platon",FID,M,,,,1965,11,40,SEP25,2014,
115094356,"Zaidamin, Ziad Ali",FID,M,,,,AIM,1684,0,SEP25,2010,
34337091,"Zaikina, Yuliya",FID,F,,,,1903,9,40,SEP25,2009,w
44194943,"Zaitsev, Ruslan",FID,M,,,,1627,0,40,SEP25,2005,i
14121018,"Zakharova, Evgeniya",FID,F,,,,1844,0,20,SEP25,1992,w
4115333,"Zakhartsov, Viacheslav V.",FID,M,GM,,,2342,11,10,SEP25,1968,
115108335,"Zamayla, Beleno",FID,M,,,,AFM,1453,3,SEP25,1982,
115095774,"Zamora, Edgar",FID,M,,,,1846,0,40,SEP25,1970,
34351906,"Zavivaeva, Angelina",FID,F,,,,1589,7,40,SEP25,2013,w
34351914,"Zavivaeva, Kristina",FID,F,WCM,WCM,,1924,7,40,SEP25,2013,w
3503224,"Zayas, Michel",FID,M,,,,2078,0,20,SEP25,1970,i
13512617,"Zeliantsova, Kseniya",FID,F,WFM,WFM,,2054,0,20,SEP25,2005,w
343100049,"ZERBY, MICHAEL VINCENT",FID,M,,,,1703,0,40,SEP25,1960,
55694381,"Zhabinskii, Fedor",FID,M,,,,1521,0,40,SEP25,2013,
24278670,"Zhapova, Yana",FID,F,FM,WGM,,2123,0,40,SEP25,2008,w
55783562,"Zharkov, Daniil",FID,M,,,,1813,0,40,SEP25,2012,
24105929,"Zhdanov, Petr",FID,M,,,,1970,0,20,SEP25,1986,i
170105029,"Zheng, Cheng-Xiang",FID,M,,,,1432,0,40,SEP25,2014,
55678300,"Zherzdev, Mikhail",FID,M,,,,1960,9,40,SEP25,2012,
24157503,"Zhileykin, Andrey",FID,M,,,,2089,0,20,SEP25,1998,i
399112288,"Zholdassov, Dastan",FID,M,,,,1618,0,40,SEP25,2006,
13508334,"Zhuk, Dmitriy",FID,M,,,,1713,0,20,SEP25,1970,
13508342,"Zhuk, Ivan",FID,M,,,,2192,16,20,SEP25,1999,
13535579,"Zhuk, Kiryl",FID,M,,,,1731,0,40,SEP25,2015,
34187534,"Zhukov, Anton",FID,M,FM,,,2232,0,20,SEP25,2004,
13527690,"Zhukov, Roman",FID,M,,,,1828,6,40,SEP25,2011,
13540548,"Zhukovich, Stanislau",FID,M,,,,1484,0,40,SEP25,2010,
522036130,"Zhumankulov, Arman",FID,M,,,,AFM,1615,0,SEP25,1987,
54113075,"Zhurova, Anna",FID,F,WFM,WFM,,2189,0,20,SEP25,2005,w
55762670,"Zilbert, Evgeny",FID,M,,,,1638,5,20,SEP25,1986,
24114944,"Zinchenko, Anatoly",FID,M,,,,1873,0,20,SEP25,1989,
54199239,"Ziuzginov, Alexander",FID,M,,,,AFM,1958,0,SEP25,1984,i
319111450,"Zivanovic, Ognjen",FID,M,,,,1543,0,40,SEP25,2016,
34372962,"Zorenko, Ivan A",FID,M,,,,1552,0,40,SEP25,2011,i
351104534,"ZOUBKO, Kyril",FID,M,,,,1550,0,40,SEP25,1975,i
13519310,"Zubkovskaya, Ekaterina",FID,F,WCM,WCM,,1748,0,40,SEP25,2010,w
4181247,"Zubritskiy, Artyom",FID,M,IM,,,2418,0,10,SEP25,1990,
146243353,"Zulfiquar, Ahad",FID,M,,,,1465,0,20,SEP25,1982,i
24250775,"Zverev, Lev",FID,M,IM,,,2303,0,20,SEP25,2010,
36088773,"Zverev-Rodriguez, Vassily",FID,M,,,,2010,9,40,SEP25,2007,
34177741,"Zvereva, Margarita",FID,F,WFM,WFM,,1914,0,20,SEP25,2006,wi