ID Number,Name,Fed,Sex,Title,WTit,OTit,Rating,Gms,K,RatingMonth,B-day,Flag
9319930,"Aamer Saeed, Alyileili",UAE,M,,,,1653,0,40,SEP25,2011,
9316655,"Abdalla, Yahya Alhammadi",UAE,M,,,,1653,0,20,SEP25,2006,i
9324038,Abdallah Sultan Jumaa,UAE,M,,,,1410,0,40,SEP25,2006,i
9326758,Abdelaziz Alshamsi,UAE,M,,,,1655,0,20,SEP25,2004,
9319069,"Abdelqadir Abdalla, Almulla",UAE,M,,NA,,1665,0,20,SEP25,1965,i
9317023,"Abdelrahim Hussain, Alzarooni",UAE,M,,,,1430,0,20,SEP25,2003,i
9323341,Abdelrahman Mohamed Al Hammadi,UAE,M,,,,1453,0,40,SEP25,2010,
9300260,"Abdulaziz, Abdulla",UAE,M,,,,1745,0,20,SEP25,1996,i
9310240,"Abdulaziz, Saleh",UAE,M,,,,1567,0,20,SEP25,0,i
9310118,"Abdulghafoor, Rashed",UAE,M,,,,1685,0,20,SEP25,0,i
9301640,"Abdulkarim, Ali",UAE,M,,,,1971,0,20,SEP25,1990,i
9319980,"Abdulla Adel, Alsheaili",UAE,M,,,,ACM,1424,0,SEP25,2010,
9325220,Abdulla Ali Aldhaheri,UAE,M,,,,1441,0,20,SEP25,1989,i
9329617,Abdulla Ali Almansoori,UAE,M,,,,1498,0,40,SEP25,2015,
9314512,Abdulla Aref,UAE,M,,,,1510,0,20,SEP25,2001,i
9328980,Abdulla Ateeq Alremaeithi,UAE,M,,,,1760,7,40,SEP25,2009,
9329404,Abdulla Ebrahim Almarzooqi,UAE,M,,,,1517,0,40,SEP25,2006,
9319948,"Abdulla Jassim, Albusmait",UAE,M,,,,1510,0,40,SEP25,2009,i
9308393,Abdulla M Hamed AlNeyadi,UAE,M,,,,1630,0,20,SEP25,2004,i
9318623,Abdulla Mahmood Abdulla Mohammad,UAE,M,,,,1655,0,40,SEP25,2007,i
9328076,Abdulla Majed Albedwawi,UAE,M,,,,1425,0,20,SEP25,1996,i
9323333,Abdulla Mohamed Al Hammadi,UAE,M,,,,1417,0,40,SEP25,2005,i
9317074,"Abdulla Mohammad, Hussain",UAE,M,,,,1538,0,40,SEP25,2005,i
9329153,Abdulla Musabbeh Alkaabi,UAE,M,,,,1496,0,20,SEP25,1996,
9324577,Abdulla Younes Alkhemeiri,UAE,M,,,,1654,0,40,SEP25,2008,
9302824,"Abdulla, Abdulwahab",UAE,M,,,,1921,0,20,SEP25,1996,i
9304746,"Abdulla, Ahmed",UAE,M,,,,1545,0,20,SEP25,1999,i
9301283,"Abdulla, Al Tahir",UAE,M,,,,1976,0,20,SEP25,1987,i
9302328,"Abdulla, Al-Hamed",UAE,M,,,,1809,0,20,SEP25,1999,i
9302336,"Abdulla, Ali",UAE,M,,FA,,1828,0,20,SEP25,1996,i
9301216,"Abdulla, Mohamed Saleh",UAE,M,,,,1893,0,20,SEP25,1996,i
9306293,"Abdulla, Rashed",UAE,M,,,,1710,0,20,SEP25,2000,i
9306307,"Abdulla, Shaeri",UAE,M,,,,1767,0,20,SEP25,1998,i
9301550,"Abdullah, Al Hamed",UAE,M,,,,1800,0,20,SEP25,1999,i
9308946,"Abdulrahim, Salem",UAE,M,,,,1921,0,20,SEP25,2002,
9310258,"Abdulrahman Mohammad, Al Taher",UAE,M,FM,,,2109,0,20,SEP25,2006,i
9333533,Abdulrahman Shehab Khanji,UAE,M,,,,1694,0,40,SEP25,1992,i
9324020,Abdulrahman Sultan Jumaa,UAE,M,,,,1481,0,40,SEP25,2009,i
9303588,"Abdulrahman, Al Yafee",UAE,M,,,,1950,0,20,SEP25,0,i
9302930,"Abeer, Ali",UAE,F,WCM,WCM,NA,1623,0,20,SEP25,1996,w
9316418,"Abrar Mohammed, Almaazmi",UAE,F,,,,1482,0,40,SEP25,2008,wi
9313338,Ahlam Rashed,UAE,F,WIM,WIM,,1775,0,20,SEP25,2006,w
9302301,Ahmad M Saleh Alzarouni,UAE,M,,,,1782,0,20,SEP25,1995,i
9321934,Ahmad Seifollah Shamsaei,UAE,M,,,,1438,0,40,SEP25,2005,i
9319042,Ahmad Y M Karimi,UAE,M,,,,1435,0,40,SEP25,2009,i
9310622,"Ahmad, Al Romaithi",UAE,M,,,,1939,0,20,SEP25,0,
9327061,Ahmed Ali Bamatraf,UAE,M,,,,1568,0,40,SEP25,2009,
9320881,Ahmed Eissa Al Madhaani,UAE,M,,,,1531,0,20,SEP25,1987,i
9325743,Ahmed Khaleifa AlBedwawi,UAE,M,,,,ACM,1564,0,SEP25,2011,
9319905,"Ahmed Khalfan, Alhefeiti",UAE,M,,,,1405,0,40,SEP25,2009,i
9326162,AHMED KHAMIS ALMAZROUEI,UAE,M,,,,1585,0,40,SEP25,2011,
9313419,Ahmed Mohamed Abdulla,UAE,M,,,,1595,0,20,SEP25,2004,i
9323325,Ahmed Mohamed Al Hammadi,UAE,M,,,,1467,0,40,SEP25,2011,i
9314261,Ahmed Mohamed Qayed,UAE,M,,,,1610,0,20,SEP25,1998,i
9324496,Ahmed Mohammad Showain,UAE,M,,,,1479,0,40,SEP25,2007,i
9313370,Ahmed Rashed Al Hefeti,UAE,M,,,,1786,0,20,SEP25,2002,i
9320865,Ahmed Rashed Marshool,UAE,M,,,,1533,0,40,SEP25,2010,
9316310,Ahmed Rashed Mohd R Alshamsi,UAE,M,,,,1468,0,40,SEP25,2006,i
9318631,"Ahmed Waqqas, Alawlaqi",UAE,M,,,,1637,0,20,SEP25,2006,
9324585,Ahmed Younes Alkhemeiri,UAE,M,,,,1588,0,40,SEP25,2013,
9303677,"Ahmed, Fareed",UAE,M,FM,,,2081,0,20,SEP25,1998,
9300449,"Ahmed, Fayez",UAE,M,,,,1939,0,20,SEP25,1978,i
9323988,Ahoud Eisa Mohamed,UAE,F,,,,1592,0,40,SEP25,2011,w
9333355,Aisha Ahmed Mohamed AlAli,UAE,F,,,,1412,0,40,SEP25,2015,w
9314741,Aisha Mohamed Al Muaini,UAE,F,,,,1520,0,20,SEP25,2006,w
9324143,Aisha Nasser AlZarooni,UAE,F,,NA,,1413,0,40,SEP25,2007,wi
9303391,"Al Ahbabai, Jumah",UAE,M,,,,1801,0,20,SEP25,0,i
9307028,"Al Ali, Aisha Saif",UAE,F,,,,1609,0,20,SEP25,2004,w
9300090,"Al Amery, Haitham",UAE,M,,NA,,1854,0,20,SEP25,1991,i
9308598,"Al Amoudy, Ahmad",UAE,M,,,,1692,0,20,SEP25,0,i
9308601,"Al Amoudy, Khalifa",UAE,M,,,,1708,0,20,SEP25,0,i
9308610,"Al Amoudy, Saif",UAE,M,,,,1676,0,20,SEP25,0,i
9309608,"Al Darmaky, Sultan",UAE,M,,,,1810,0,20,SEP25,2004,i
9305335,"Al Dhaffari, Salma",UAE,F,WFM,WFM,,1683,0,20,SEP25,1995,w
9313460,"Al Dhahri, Khaled",UAE,M,,,,1519,0,20,SEP25,2004,i
9302204,"Al Hamed, Saif Idrees",UAE,M,,,,1719,0,20,SEP25,1999,i
9309896,"Al Hosani, Hamda",UAE,F,,,,1456,0,20,SEP25,0,wi
9308733,"Al Hosani, Omran",UAE,M,IM,,,2174,0,20,SEP25,2002,
9311378,"Al Hosani, Saeed",UAE,M,,,,1683,0,20,SEP25,2003,i
9309900,"Al Hosani, Sara",UAE,F,,,,1507,0,20,SEP25,0,wi
9304541,"Al Kalbani, Wadima",UAE,F,WFM,WFM,,1629,0,20,SEP25,2000,w
9317457,"Al Khoori, Noora Mahmood Abdulla",UAE,F,,,,1513,0,40,SEP25,2008,w
9305734,"Al Maamari, Wafia Darwish",UAE,F,WFM,WFM,,1893,0,20,SEP25,2003,wi
9304495,"Al Mansouri, Moza",UAE,F,WFM,WFM,,1711,0,20,SEP25,2000,w
9315225,"Al Mazrouae,Abdulrahman",UAE,M,,,,1498,0,20,SEP25,0,i
9323228,AL Reem AL Hamadi,UAE,F,,,,1565,0,40,SEP25,2012,w
9314296,"Al Shamsi, Hamad Naseer",UAE,M,,,,1764,0,40,SEP25,2007,i
9304193,"Al Shamsi, Kaltham Mubarak",UAE,F,,,,1603,0,20,SEP25,1999,wi
9316078,"Al Zaabi, Talal",UAE,M,,,,1724,0,20,SEP25,1970,i
9302913,"Al Zadjali, Maram",UAE,F,,,,1707,0,20,SEP25,1998,wi
9306943,"Al- Meghbali, Ahmed",UAE,M,,,,1653,0,20,SEP25,1999,i
9314881,"Al-Blooshi, Hamad Essa",UAE,M,CM,,,1911,0,40,SEP25,2007,
9313478,"Al-Dhaheri, Matar",UAE,M,,,,1498,0,20,SEP25,2003,i
9307109,"Al-Hammadi, Fatima Hussein",UAE,F,,,,1734,0,20,SEP25,2000,wi
9307117,"Al-Hammadi, Manal Hussein",UAE,F,,NA,,1468,0,20,SEP25,2003,w
9307478,"Al-Hammadi, Maryam Hussein",UAE,F,,,,1584,0,20,SEP25,0,wi
9306951,"Al-Hammadi, Mona H",UAE,F,,,,1657,0,20,SEP25,0,wi
9307460,"Al-Harethi, Saeed",UAE,M,,,,1542,0,20,SEP25,2004,i
9301631,"Al-Harmoudi, Mona",UAE,F,WIM,WIM,,1803,0,20,SEP25,1979,wi
9300520,"Al-Kaabi, Abdulla",UAE,M,,,,1976,0,20,SEP25,1993,i
9307001,"Al-Maghbali, Shama",UAE,F,WCM,WCM,,1716,0,20,SEP25,1997,wi
9300597,"Al-Mallahi, Hamad",UAE,M,,,,1663,0,20,SEP25,1999,i
9300619,"Al-Mallahi, Humid",UAE,M,,,,1843,0,20,SEP25,1989,i
9307494,"Al-Marshool, Saeed",UAE,M,,,,1523,0,20,SEP25,2003,i
9303219,"Al-marzouqi, Abdulla M",UAE,M,CM,,,1904,0,20,SEP25,1993,i
9313494,"Al-Nuimi, Zaafrana",UAE,F,,,,1551,0,20,SEP25,2003,wi
9307559,"Al-Shamsi, Ousha",UAE,F,,NA,,1614,0,20,SEP25,2001,wi
9307583,"Al-Zaabi, Sultan",UAE,M,CM,NA,,1939,0,20,SEP25,2002,i
9302972,"Al-Zarouni, Aisha",UAE,F,,,,1716,0,20,SEP25,0,wi
9301194,"Al-Zarouni, Kholoud Essa",UAE,F,WIM,WIM,,1810,0,20,SEP25,1992,wi
9300660,"Al-Zaruoni, Fahad",UAE,M,CM,,,1786,0,20,SEP25,1998,i
9309063,"Alali, Ali",UAE,M,,,,1540,0,40,SEP25,2005,i
9319263,"Alali, Omran Ali",UAE,M,,,,1413,0,40,SEP25,2009,i
9303227,"Alan, Ibrahim A",UAE,M,,,,1859,0,20,SEP25,1994,i
9304185,"Aldaheri, Sheikha",UAE,F,,,,1679,0,20,SEP25,1998,wi
9318020,"Alghala Ali, Alali",UAE,F,,,,1457,0,40,SEP25,2010,wi
9319166,"Alhammadi, Khalifa Mohamed",UAE,M,,,,1599,0,40,SEP25,2009,
9325085,Alhanoof Jasem AlSuwaidi,UAE,F,,,,1528,0,40,SEP25,2012,wi
9313826,"Alharmoudi, Suhail M Ismail",UAE,M,,,,1543,0,20,SEP25,2002,i
9300465,"AlHuwar, Jasem",UAE,M,FM,,,2264,0,20,SEP25,1979,i
9319999,"Ali Ahmed, Aldhaheri",UAE,M,,,,1452,0,40,SEP25,2012,i
9321527,ALI AMAN QAYED,UAE,M,,,,1405,0,40,SEP25,2010,i
9320164,"Ali Hamdan, Alsheraifi",UAE,M,,,,1828,0,20,SEP25,2002,i
9335960,Ali Hassan AlRaeesi,UAE,M,,,,ACM,1506,0,SEP25,2010,
9317716,"Ali Hassan, Almarzooqi",UAE,M,,,,1503,0,20,SEP25,1971,i
9313362,Ali Mohamed Al zeaabi,UAE,M,,,,1536,0,20,SEP25,2003,i
9327754,Ali Rashed Alqemzi,UAE,M,,,,1435,0,40,SEP25,2008,i
9304762,"Ali Rashid, Ali",UAE,M,,,,1901,0,20,SEP25,1997,i
9304347,"Ali, Abdulaziz",UAE,M,,,,1928,0,20,SEP25,1999,
9300538,"Ali, Abdulkhaleq",UAE,M,,,,2045,0,20,SEP25,1980,i
9308954,"Ali, Abu Khalil",UAE,M,,,,1822,0,20,SEP25,0,i
9312293,"Ali, M Alkindi",UAE,M,,,,1722,0,20,SEP25,2000,i
9308245,"Ali, Rashid Ghanem",UAE,M,,,,1908,0,20,SEP25,0,i
9315934,Alia ali Mabkhout Y Almenhali,UAE,F,,,,1461,0,40,SEP25,2008,wi
9321870,Alia Khaled,UAE,F,,NA,,1710,0,20,SEP25,1977,wi
9333258,Alia Saud Nasser Marzooq,UAE,F,,,,1428,0,40,SEP25,2013,w
9301941,"Alia, Ali",UAE,F,,,,1575,0,20,SEP25,1999,wi
9325093,Aljazi Jasem AlSuwaidi,UAE,F,,,,1437,0,40,SEP25,2012,w
9300279,"Alkhouri, Husain",UAE,M,,,,2184,6,40,SEP25,0,
9309381,"Almaamari , Zainab Darwish",UAE,F,WCM,WCM,NA,1658,0,20,SEP25,2006,w
9327720,"Almahmoud, Salim Ali",UAE,M,,,,1644,0,20,SEP25,1997,i
9309390,"Almahri , Muhra Abdulla",UAE,F,,,,1507,0,20,SEP25,2000,wi
9307214,"Almaini, Aishah Sarhan",UAE,F,,,,1727,0,20,SEP25,2002,wi
9309420,"Alnaimi, Gheith",UAE,M,,,,1452,0,40,SEP25,2006,i
9311769,"Alnuaimi, Ahmed M.",UAE,M,,IA,,1562,0,20,SEP25,1994,i
9311785,"Alshamsi, Nora Hamad",UAE,M,,,,1449,0,20,SEP25,0,i
9305505,"Alshamsi, Obaid",UAE,M,,,,1444,0,20,SEP25,1999,i
9309543,"Alshamsi, Salem Fadel",UAE,M,,,,1597,0,40,SEP25,2005,i
9304258,"Altaher , Tarek Ali M",UAE,M,,,,1928,0,20,SEP25,1974,i
9304045,"ALTaher, Saeed Tarek",UAE,M,,NA,,1765,0,20,SEP25,2001,i
9303995,"ALTaher, Salman Tarek",UAE,M,,IA,,1729,0,20,SEP25,1998,i
9315586,alyazia Humaid alhasani,UAE,F,,,,1462,0,20,SEP25,2003,wi
9309527,Amal Fadel S M Alshamsi,UAE,F,WCM,WCM,,1629,0,20,SEP25,2003,wi
9327487,Ammar Abdalla,UAE,M,,,,1449,0,40,SEP25,2011,
9312331,"Ammar, Sedrani",UAE,M,FM,,,2235,0,20,SEP25,2004,
9320466,Amna Sami Ali,UAE,F,,,,1462,0,40,SEP25,2007,wi
9330771,Amna Saqer Almarri,UAE,F,,,,1527,0,40,SEP25,2013,w
9315764,"Anas Ali, Al-Mansoori",UAE,M,,,,1504,0,40,SEP25,2006,i
9313575,"Anood, Ahmad",UAE,F,,,,1616,0,20,SEP25,2006,wi
9323996,Anoud Eisa Mohamed,UAE,F,,,,1821,0,40,SEP25,2011,w
9308660,"Anwer, Mohammad",UAE,M,,,,1419,0,20,SEP25,0,i
9331956,Asya Saeed Bin Drai,UAE,F,,,,1495,0,40,SEP25,2010,wi
9309535,Aysha Nasser H Alshamsi,UAE,F,,,,1662,0,20,SEP25,2004,wi
9317520,Azza Abdulla Alshamsi,UAE,F,,,,1428,0,20,SEP25,2001,wi
9325557,Bader Mahmoud Awad,UAE,M,,,,1480,0,40,SEP25,1977,i
9321845,Bakheet Salem Al Rashdi,UAE,M,,,,1713,0,20,SEP25,1987,i
9316248,Bandar G A A H Alshimmari,UAE,M,,,,1459,0,40,SEP25,2009,i
9304843,"Bashaer, Khalil",UAE,F,WCM,WCM,,1529,0,20,SEP25,1998,w
9301593,"Bukhashem, Fayeqa S",UAE,F,WFM,WFM,,1864,0,20,SEP25,1991,wi
9300589,"Dawood, Abdulla",UAE,M,,,,1710,0,20,SEP25,1994,i
9304177,"Dhaheri, Soltan",UAE,M,,,,1865,0,20,SEP25,1996,i
9311408,"Ebrahim, Ahmed Ebrahim",UAE,M,,,,1539,0,20,SEP25,0,i
9316116,"Eisa Mohmood, Alkhoori",UAE,M,CM,,,1710,0,40,SEP25,2007,
9315896,Eissa Mallah E M R Alremaithi,UAE,M,,,,1453,0,40,SEP25,2010,i
9306250,"Esa, A H Almarazeeq",UAE,M,,,,1893,0,20,SEP25,1995,i
9333843,Essa Yousuf Bukhashem,UAE,M,,,,1459,0,40,SEP25,2011,
9309632,"Essa, Shahad",UAE,M,,,,1401,0,20,SEP25,0,i
9324267,Fahad Abdulaziz Al-Ali,UAE,M,,,,1413,5,40,SEP25,2011,
9322728,Faisal Khalifa Al Hallami,UAE,M,,,,1403,0,20,SEP25,2001,i
9301232,"Faisal, Abdulla Kashwani",UAE,M,FM,,,2254,0,20,SEP25,1985,i
9303758,"Faisal, Ali",UAE,M,,,,1804,0,20,SEP25,2001,i
9309640,"Faraj, Mariam",UAE,F,,,,1449,0,20,SEP25,0,wi
9334483,Fatema Saeed Mohammed Alshehhi,UAE,F,,,,1493,0,40,SEP25,2018,w
9327398,Fatima Mohd Rashid,UAE,F,,,,1402,0,40,SEP25,2010,w
9316400,Fatima Saleh Jasim,UAE,F,,,,1419,0,40,SEP25,2008,w
9317147,"Fatima, Al Wahabi",UAE,F,,,,1606,0,20,SEP25,2004,wi
9312420,"Fatima, Saif Al-Ali",UAE,F,WCM,WCM,,1690,0,20,SEP25,2006,w
9306366,"Fatma, Obaid",UAE,F,,,,1490,0,20,SEP25,1996,wi
9334718,Ghaith Ahmed Al-Ali,UAE,M,,,,1454,0,40,SEP25,2016,
9309152,Ghaith Saeed Alnuaimi,UAE,M,,,,1868,0,20,SEP25,2006,
9316574,"Ghaith, Ahmed",UAE,M,,,,1618,0,20,SEP25,2004,i
9314415,Ghala Ali Essa,UAE,F,,,,1440,0,20,SEP25,0,wi
9321756,Ghala Aman Ali,UAE,F,,NA,,1462,0,40,SEP25,2007,wi
9321470,Ghala Mohamed Alnimr,UAE,F,,,,1401,0,40,SEP25,2009,wi
9305246,"Gharib, Alia Ali",UAE,F,,,,1834,0,20,SEP25,1991,wi
9325204,Habtoor Mohammed Al Habtoor,UAE,M,,,,1416,0,20,SEP25,1991,i
9312455,"Haitham, Alkindi",UAE,M,,,,1694,0,20,SEP25,2004,i
9327681,Hajar Omair Aldhalei,UAE,F,,,,1445,0,40,SEP25,2007,wi
9319492,Hala Gamal Amin,UAE,F,,,,1478,0,40,SEP25,2009,w
9311793,"Hamad Ahmad, Alkaabi",UAE,M,,,,1757,0,20,SEP25,2001,i
9324186,Hamad Ali ALshezawi,UAE,M,,,,1442,0,20,SEP25,1994,i
9313095,Hamad Bader,UAE,M,,,,1886,0,20,SEP25,2004,
9329072,Hamad Belal Alshehhi,UAE,M,,NA,,1562,0,40,SEP25,1981,i
9313397,Hamad Essam,UAE,M,,,,1909,0,20,SEP25,2004,i
9310711,Hamad M A M Al Ali,UAE,M,,,,1567,0,20,SEP25,2002,i
9324712,HAMAD MOHAMED ALMARASHDA,UAE,M,,,,1602,0,40,SEP25,2010,
9329129,Hamad Mubarak Alremeithi,UAE,M,,,,1513,0,20,SEP25,1998,i
9322710,Hamad Shuaib Al Kaff,UAE,M,,,,1648,0,40,SEP25,2009,
9301372,"Hamad, Abdul Razzaq",UAE,M,,,,1876,0,20,SEP25,0,i
9302026,"Hamad, Abdullah",UAE,M,,,,1538,0,20,SEP25,1999,i
9325360,Hamadan Salah Haidra,UAE,M,,,,1447,0,40,SEP25,2012,i
9320261,"Hamda Ebrahim, Alblooshi",UAE,F,,,,1479,0,40,SEP25,2007,wi
9304894,"Hamda, Sarhan",UAE,F,,,,1566,0,20,SEP25,2001,wi
9333029,Hamdan Ali Saleh Al-Ali,UAE,M,,,,1424,0,40,SEP25,2012,
9318003,"Hamdan Edrees, Alhamed",UAE,M,,,,1821,0,40,SEP25,2007,
9332715,Hamdan Hassan Mohammad,UAE,M,,,,1417,0,40,SEP25,2008,i
9333290,Hamdan Hassan Mohammed Hassan,UAE,M,,,,1438,0,40,SEP25,2008,
9328815,Hamdan Jabir Al Ali,UAE,M,,,,1410,0,40,SEP25,2011,i
9329560,Hamdan Mohammed Al Ali,UAE,M,,,,1433,0,40,SEP25,2015,
9303804,"Hamdan, Marshool",UAE,M,FM,,,1905,0,20,SEP25,1998,i
9307664,"Hamdan, Saeed Ali",UAE,M,,,,1508,0,20,SEP25,2004,i
9328173,Hamed Alhasani,UAE,M,,,,1497,0,40,SEP25,2009,i
9307672,"Hamed, Ahmed Yousef",UAE,M,,NA,,1645,0,20,SEP25,2003,i
9319506,Haneen Gamal Amin,UAE,F,,,,1542,0,40,SEP25,2008,w
9308067,Hareb Nasser Hareb Alshamsi,UAE,M,,,,1808,0,20,SEP25,2003,i
9329471,Hasan Esam Alblooshi,UAE,M,,,,1408,0,40,SEP25,2011,i
9330100,Hassan Ahmed Alhmoudi,UAE,M,,,,1411,0,40,SEP25,2015,
9317066,"Hassan Essa, Alblooshi",UAE,M,,,,1493,0,40,SEP25,2005,i
9318844,"Hassan Khaleifa, Albedwawi",UAE,M,,,,1426,0,40,SEP25,2007,i
9303278,"Hassan Malalla, Khaled",UAE,M,,,,1759,0,20,SEP25,1994,i
9300481,"Hassan, Abdullah",UAE,M,IM,,,2359,0,20,SEP25,1986,i
9317350,Hayam Saeed Alshamsi,UAE,F,,,,1430,0,20,SEP25,2002,wi
9314822,Hazza Salah Mohammed,UAE,M,,,,1614,0,40,SEP25,2007,i
9331972,Hilal Saeed Bin Drai,UAE,M,,,,1420,0,40,SEP25,2012,i
9306404,"Hind, Faraj",UAE,F,,,,1558,0,20,SEP25,2003,wi
9316353,Hmouda A H BinHmouda,UAE,M,,,,1547,0,40,SEP25,2007,i
9327657,Hour Ashraf,UAE,F,,,,1410,0,40,SEP25,2010,wi
9317678,Hour Hassan Aljasmi,UAE,F,,,,1511,0,40,SEP25,2008,w
9321012,Hour Naser Al Nuaimi,UAE,F,,,,1495,0,40,SEP25,2010,w
9300147,Humaid Abdulla Ali,UAE,M,,,,1731,0,20,SEP25,1989,i
9319409,"Humaid Abdulla, Alzahmi",UAE,M,,,,1474,0,40,SEP25,2009,
9326510,HUMAID AHMED ALBLOOSHI,UAE,M,,,,1507,0,20,SEP25,2004,i
9318054,"Humaidan Mohamed, Alzaabi",UAE,M,,,,1875,0,40,SEP25,2009,
9324968,Humoud Rashid Alghafri,UAE,M,,,,1410,0,40,SEP25,2010,i
9301054,"Hussain, Noora",UAE,F,,,,2032,0,20,SEP25,0,wi
9301046,"Issa, Mohammed",UAE,M,,,,1694,0,20,SEP25,1974,i
9315772,"Jamal, Amin Omer",UAE,M,,,,1740,0,20,SEP25,1967,i
9303286,"Jehad, Aysha",UAE,F,,,,1690,0,20,SEP25,1995,w
9317740,Jumah Mohamed Jumah,UAE,M,,,,1538,0,40,SEP25,2008,i
9315527,Kaltham Anwar,UAE,F,,,,1467,0,20,SEP25,2002,wi
9328092,Khadija Shamlan Alnuaimi,UAE,F,,,,1413,0,40,SEP25,2005,wi
9307575,Khaled Tarek AlTaher,UAE,M,,NA,,1678,0,20,SEP25,2006,i
9304940,"Khaled, Ahmed Y.",UAE,M,,,,1732,0,20,SEP25,1998,i
9318852,"Khalfan Ali, Almansoori",UAE,M,,,,1478,0,40,SEP25,2009,
9330844,Khalid Abdulhamid,UAE,M,,,,1435,0,40,SEP25,2000,i
9326677,KHALID ALHAWAY,UAE,M,,,,1518,0,40,SEP25,2013,
9300775,Khalid AlShaali,UAE,M,,,,2023,0,20,SEP25,0,i
9333517,Khalid Fahad Al Mahmoud,UAE,M,,,,1432,0,40,SEP25,2001,i
9327495,Khalifa Abdalla,UAE,M,,,,1493,0,40,SEP25,2010,
9315853,"Khalifa Essa, Albalooshi",UAE,M,,,,1995,0,20,SEP25,2004,
9325476,Khalifa Rashed Taheri,UAE,M,,,,1454,0,40,SEP25,2012,
9331255,Khalifa Talal Al Belushi,UAE,M,,,,1444,0,40,SEP25,2010,
9311971,"Khalifa, Amer",UAE,M,,,,1507,0,20,SEP25,0,i
9312552,"Khalifah, Khaled",UAE,M,CM,,,1960,0,20,SEP25,2006,
9309950,"Khalil, Hanan",UAE,F,,,,1651,0,20,SEP25,2005,wi
9309993,"Khalil, Reem",UAE,F,,,,1572,0,20,SEP25,0,wi
9301518,"Khouri, Ahmed Abbas",UAE,M,FM,,,2059,0,20,SEP25,1990,i
9301526,"Khouri, Ibrahim Mohamed",UAE,M,FM,,,2242,0,20,SEP25,1991,i
9312579,"Latifah, Darmaki",UAE,F,,,,1562,0,20,SEP25,2006,w
9315837,"Lootah, Feddah Mohamad",UAE,F,,,,1531,0,20,SEP25,1982,wi
9329447,Lulwa Khalifa Alhammadi,UAE,F,,,,1513,0,40,SEP25,2008,w
9304967,"Mahmoud, Ahmed",UAE,M,,,,1759,0,20,SEP25,1995,i
9315373,Mahra Mallah AlRomaithi,UAE,F,WCM,WCM,,1516,0,40,SEP25,2007,wi
9314024,Maitha Easa Al Teneji,UAE,F,,,,1696,0,20,SEP25,2003,wi
9315578,Maitha sultan Althumairi,UAE,F,,,,1401,0,40,SEP25,2007,wi
9304975,"Majed Ali, Abdouli",UAE,M,,IA,,1805,0,20,SEP25,1998,i
9308318,"Majed, Mosallam",UAE,M,,,,1664,0,20,SEP25,0,i
9319964,"Majid Abdalla, Alqaydi",UAE,M,,,,1486,0,40,SEP25,2009,i
9332944,Maktoom Saleh Al-Ali,UAE,M,,,,1425,0,40,SEP25,2012,
9327592,Mansoor Abdulmajeed,UAE,M,,,,1562,0,20,SEP25,2004,i
9314938,Mansoor Khaled Saqr,UAE,M,,,,1513,0,40,SEP25,2007,i
9332979,Mansoor Marwan Al Marzooqi,UAE,M,,,,1505,0,40,SEP25,2016,
9318771,"Mansour Omar, Almeqbaali",UAE,M,,,,1497,0,40,SEP25,2009,i
9301402,"Mansour, Abbas",UAE,M,,,,1970,0,20,SEP25,1988,i
9332278,Mariam Khalid Al Nuaimi,UAE,F,,,,1498,0,40,SEP25,2016,w
9332561,Mariam Khalifa AlQubaisi,UAE,F,,,,1459,0,40,SEP25,2014,w
9316426,"Mariam Mohammed, Almaeeni",UAE,F,,,,1706,0,40,SEP25,2008,w
9306471,"Mariam, Abdelbasad",UAE,F,,,,1495,0,20,SEP25,2002,wi
9306480,"Mariam, Essa",UAE,F,WCM,WCM,,1729,0,20,SEP25,2001,w
9312978,"Marshool, Abdullah",UAE,M,,,,1405,0,20,SEP25,0,i
9301410,"Marwan, Abdulwahab",UAE,M,FM,,,2031,0,20,SEP25,1990,i
9319484,"Maryam Radman, Bin Syad",UAE,F,,,,1421,0,40,SEP25,2009,wi
9317384,May Rashed Alshamsi,UAE,F,,,,1489,0,20,SEP25,2003,wi
9303871,Mayed AlRashedi,UAE,M,FM,,,1921,0,20,SEP25,1999,i
9325891,Mayed Ebraheim Alblooshi,UAE,M,,,,1418,0,40,SEP25,2012,
9317082,"Mayed Mohammad, Hussain",UAE,M,,,,1431,0,40,SEP25,2007,i
9314040,Maysoon Ali Jaber AlAli,UAE,F,,,,1515,0,20,SEP25,2004,wi
9333240,Meera Saqr Almarri,UAE,F,,,,1527,0,40,SEP25,2012,w
9318305,Meera Saqr Mohammed,UAE,F,,,,1404,0,40,SEP25,2006,wi
9318119,Mera Abdulaziz Aidarous,UAE,F,,,,1530,0,40,SEP25,2008,w
9316086,"Mesfer, Al Mesafri",UAE,M,,,,1664,0,40,SEP25,2008,
9311530,"Mira, Husain Al Hammadi",UAE,F,,,,1429,0,20,SEP25,0,w
9303898,"Mira, Sarhan",UAE,F,,,,1549,0,20,SEP25,0,wi
9319972,"Mohamed Abdalla, Alqaydi",UAE,M,,,,1474,0,40,SEP25,2006,i
9321810,Mohamed AbdulWahed,UAE,M,,,,1585,0,20,SEP25,1985,i
9335102,Mohamed AlMaeeni,UAE,M,,,,1523,0,40,SEP25,2017,
9330941,Mohamed Hasan Alfardan,UAE,M,,,,1565,0,40,SEP25,2007,i
9322329,Mohamed Masoud Sharafat,UAE,M,,,,1528,0,20,SEP25,2003,i
9314946,Mohamed Saeed Laily,UAE,M,CM,,,1996,0,20,SEP25,2005,
9320768,Mohamed Sultan Al Taher,UAE,M,,,,1467,0,40,SEP25,2009,
9325930,Mohamed Yousuf Al-Ali,UAE,M,,,,1743,0,40,SEP25,2011,
9300929,"Mohamed, Hassan",UAE,M,,,,1687,0,20,SEP25,1999,i
9306552,"Mohamed, Marshool",UAE,M,,,,1783,0,20,SEP25,2000,i
9302816,"Mohamed, Moussa",UAE,M,,,,1781,0,20,SEP25,0,
9317830,"Mohammad Abdulrahman, Alawadhi",UAE,M,,,,1880,0,20,SEP25,2006,
9336044,Mohammad Aladel Ibrahim AlHammadi,UAE,M,,,,1641,0,40,SEP25,2004,
9324470,Mohammad Sultan Showain,UAE,M,,,,1438,0,40,SEP25,2009,
9310460,"Mohammad, Ahmed Yousef",UAE,M,,,,1477,0,20,SEP25,0,i
9308962,"Mohammad, Saleh",UAE,M,,,,1582,0,20,SEP25,0,i
9328190,Mohammed Alhasani,UAE,M,,,,1474,0,40,SEP25,2006,i
9319115,"Mohammed Ali, Aburahima",UAE,M,,,,1534,0,20,SEP25,1965,i
9312994,"Mohammed Ali, Sultan",UAE,M,,,,1459,0,20,SEP25,0,i
9328297,Mohammed Hamad Alkhemeiri,UAE,M,,,,1521,0,40,SEP25,2007,
9329374,Mohammed Omar Aljaberi,UAE,M,,,,1425,0,40,SEP25,2010,i
9317392,Mohammed Saeed Alshamsi,UAE,M,,,,1548,0,20,SEP25,2006,
9331190,Mohammed Saeed M.A Alshamsi,UAE,M,,,,1515,0,40,SEP25,2006,i
9313281,"Mohammed, Ahmed",UAE,M,,,,1424,0,20,SEP25,0,i
9309691,"Mohammed, Ghalia",UAE,F,,,,1562,0,20,SEP25,2004,wi
9300503,"Mohd, A. Altaher",UAE,M,,,,1962,0,20,SEP25,0,i
9308709,"Mosallam, Mohammad",UAE,M,,,,1733,0,20,SEP25,2003,
9307010,Mouza Almaamari,UAE,F,,IA,,1630,0,20,SEP25,1999,wi
9315390,Mouza Nasser AlShamsi,UAE,F,,,,1535,0,40,SEP25,2009,w
9319557,"Mouza Saeed, Albedwawi",UAE,F,,,,1510,0,40,SEP25,2006,wi
9322396,Muna Ali AlNuaimi,UAE,F,,,,1468,0,40,SEP25,2011,wi
9300970,"Murad, Abdulla",UAE,M,,,,1863,0,20,SEP25,1995,i
9332090,Nahyan Salim Al Kalbani,UAE,M,,,,1551,0,40,SEP25,2008,i
9330267,Naser Adel Almaazmi,UAE,M,,,,1496,0,40,SEP25,2009,i
9321802,Nawaf Abdulwahed,UAE,M,,,,1582,0,20,SEP25,1983,i
9315756,"Nawaf Ali, Al-Mansoori",UAE,M,,FA,,1610,0,20,SEP25,2002,i
9306587,"Nawaf, Abdulrazzaq",UAE,M,,,,1435,0,20,SEP25,2003,i
9300988,"Noman, Shaima",UAE,F,,,,1654,0,20,SEP25,2000,wi
9317406,Noof Khalfan Alshamsi,UAE,F,,,,1418,0,20,SEP25,2006,wi
9328769,Noor Anwar Albastaki,UAE,F,,NA,,1443,0,40,SEP25,2003,wi
9314350,Nora Mohamed Yousuf,UAE,F,,,,1527,0,20,SEP25,0,wi
9316000,Nouf Humaid Nasser AlHasni,UAE,F,,,,1438,0,20,SEP25,2001,wi
9301500,"Nouman, Amna",UAE,F,WIM,WIM,,1896,0,20,SEP25,1996,wi
9310517,Nour Saleh Jasim,UAE,F,,"NI,FA",,1539,0,20,SEP25,2004,wi
9317651,Noura Abdulrahim Khoori,UAE,F,,,,1443,0,20,SEP25,2006,wi
9328823,Obaid Omar Alshamsi,UAE,M,,,,1416,0,40,SEP25,2014,
9300996,"Obaid, Jawaher",UAE,F,,,,1545,0,20,SEP25,1997,w
9327053,Omar Ali Bamatraf,UAE,M,,,,1433,0,40,SEP25,2011,
9329218,Omar Awad Aljaberi,UAE,M,,,,1415,0,20,SEP25,1982,i
9329960,Omar Ayoub Abbas,UAE,M,,,,1446,0,40,SEP25,2006,
9315420,Omar Mamoun AlMarzouqi,UAE,M,,,,1483,0,20,SEP25,0,i
9310525,"Omar Mohammad, Al Taher",UAE,M,,,,1586,0,20,SEP25,2004,
9316302,Omar Rashed M R AlShamsi,UAE,M,,,,1433,0,40,SEP25,2005,i
9328530,Omar Sami Alzarouni,UAE,M,,,,1450,0,40,SEP25,2010,
9300244,"Omar, Noaman",UAE,M,IM,,,2271,0,20,SEP25,1991,
9300155,"Othman, A. Moussa",UAE,M,FM,,,2050,0,20,SEP25,1975,
9300112,"Othman, Rabeea",UAE,M,,,,AFM,1960,0,SEP25,1972,i
9334033,Qasayed Ahmed Mohammed Alshehhi,UAE,F,,,,1494,0,40,SEP25,2014,w
9320644,"Rashed Abubaker, Alhemeiri",UAE,M,,,,1693,0,40,SEP25,2009,
9317058,"Rashed Ahmad, Alhajjaj",UAE,M,,,,1489,0,40,SEP25,2007,i
9314075,Rashed Mohamed Al kendi,UAE,M,,,,1786,0,20,SEP25,1999,i
9308113,"Rashid , Shaeri",UAE,M,,,,1615,0,20,SEP25,0,i
9333320,Rashid Amer AlTamimi,UAE,M,,,,1407,0,40,SEP25,2016,
9322094,Rashid Arif Alhmoudi,UAE,M,,,,1431,0,40,SEP25,2010,i
9321020,Rashid Husain Alhammadi,UAE,M,,,,1859,0,40,SEP25,2012,
9322337,Rashid Masoud Sharafat,UAE,M,,,,1432,0,40,SEP25,2010,i
9330194,Rashid Mohamed Alali,UAE,M,,,,1408,0,40,SEP25,2013,
9332804,Rashid Nadir AlNaqbi,UAE,M,,,,1423,0,40,SEP25,2011,i
9318810,"Rashid Nasser, Al Shamsi",UAE,M,,,,1507,0,40,SEP25,2008,i
9308350,"Rashid, Mosallam",UAE,M,,,,1652,0,20,SEP25,0,i
9316612,"Rashid,Arif",UAE,M,,,,1490,0,40,SEP25,2007,
9313486,Rawan Sbaa Saeed AlNuaimi,UAE,F,,,,1504,0,20,SEP25,2004,wi
9329110,Rawda Almansoori,UAE,F,,,,1426,0,40,SEP25,2007,wi
9306145,"Rayan, Mohammad Ali Hassan",UAE,F,,,,1561,0,20,SEP25,2004,w
9326740,Reem Alsaqqaf,UAE,F,,,,1461,0,40,SEP25,2007,wi
9302964,"Reem, Al Zadjali",UAE,M,,,,1607,0,20,SEP25,1996,i
9307788,"Rodha, Faraj",UAE,F,,,,1551,0,20,SEP25,0,wi
9314318,"Rouda Essa, Alserkal",UAE,F,WGM,WGM,,1999,0,40,SEP25,2009,w
9306897,"Roush, Ali Gholoum",UAE,M,,,,1955,0,20,SEP25,0,i
9328939,Rowdah Ghalib Alafeefi,UAE,F,,,,1486,0,40,SEP25,2013,w
9322388,Saad Jaber Alahbabi,UAE,M,,,,1465,0,40,SEP25,2011,i
9329196,Saeed Abdulhamid Aljaberi,UAE,M,,,,1461,0,20,SEP25,1995,i
9320830,Saeed M Nami,UAE,M,,,,1669,0,20,SEP25,2006,i
9330518,Saeed Nasser Alshamsi,UAE,M,,,,1460,0,40,SEP25,2013,
9331760,Saeed Sami Al-Ali,UAE,M,,,,1513,0,40,SEP25,2011,i
9301453,"Saeed, Ishaq",UAE,M,IM,,,2243,0,20,SEP25,1993,i
9305947,"Saeed, Marshool",UAE,M,,,,1599,0,20,SEP25,1995,i
9311025,"Saeed, Omar",UAE,M,,NA,,1608,0,20,SEP25,0,i
9309748,"Saeed, Rashed",UAE,M,,,,1594,0,20,SEP25,0,i
9314121,Saif Al Zahhmi,UAE,M,,,,1479,0,20,SEP25,0,i
9328971,Saif Ghalib Alafeefi,UAE,M,,,,1441,0,40,SEP25,2015,
9305084,"Saif M., Al-Olama",UAE,M,,,,1693,0,20,SEP25,2001,i
9332766,Saif Muhannad AlHosani,UAE,M,,,,1400,0,40,SEP25,2012,
9316256,Saif Salah M N Haidara,UAE,M,,,,1419,0,40,SEP25,2006,i
9316604,"Saif, Ahmed",UAE,M,,,,1883,0,20,SEP25,2002,
9309209,Salama Saeed Dawood S Alnaimi,UAE,F,,,,1597,0,20,SEP25,2004,wi
9315748,"Saleh Jasim, Al-Blooshi",UAE,M,,,,1523,0,40,SEP25,2006,i
9300139,"Saleh, Nabil",UAE,M,FM,,,2180,0,20,SEP25,1974,i
9300058,"Saleh, Nagueb",UAE,M,CM,,,2152,0,20,SEP25,1969,i
9301097,"Saleh, Naif",UAE,M,CM,,,1888,0,20,SEP25,1995,i
9301607,"Saleh, Nora Mohd",UAE,F,WIM,WIM,,1906,0,20,SEP25,1989,wi
9328793,Salem Ahmed AlMheiri,UAE,M,,,,1438,0,40,SEP25,2016,
9325824,Salem Muhsan Shuaib,UAE,M,,,,1552,0,40,SEP25,2007,
9301348,"Salem, A.R. Saleh",UAE,M,GM,,,2621,0,10,SEP25,1993,
9307796,"Salem, Ahmed Salem",UAE,M,,,,1979,0,20,SEP25,2002,i
9302689,"Salem, Amna",UAE,F,,,,1789,0,20,SEP25,1974,wi
9301100,"Salem, Ghuloom",UAE,M,FM,,,2295,0,20,SEP25,0,i
9317856,"Salim Jasim, Alblooshi",UAE,M,,,,ACM,1723,0,SEP25,2010,
9315365,Salma Ahmed ALMeheri,UAE,F,,,,1432,0,40,SEP25,2008,wi
9329544,Salmeen Ali Alkatheeri,UAE,M,,,,1459,0,40,SEP25,2011,i
9325042,Saoud Ahmed AlKaabi,UAE,M,,,,1471,0,40,SEP25,2012,
9325611,Saqar Essa Khamis,UAE,M,,,,1749,0,40,SEP25,2014,
9301119,"Sarhan, Ahmed",UAE,M,,,,AFM,1762,0,SEP25,1997,i
9323767,Saud Ahmed Almaazmi,UAE,M,,,,1450,0,40,SEP25,2008,i
9324976,Saud Bader Huwair Alzarooni,UAE,M,,,,1726,0,40,SEP25,2007,
9316817,"Shahd Abdulla, Al Mazrouei",UAE,F,,NA,,1458,0,40,SEP25,2006,wi
9305343,shaikha Abdallah Aldhaheri,UAE,F,,,,1742,0,20,SEP25,1998,wi
9322426,Shaikha Naser AlNuaimi,UAE,F,,,,1485,0,40,SEP25,2011,wi
9313656,"Shaikha, Anwar",UAE,F,,,,1441,0,20,SEP25,0,wi
9314342,Shamma Al Serkal,UAE,F,,NA,,1504,0,20,SEP25,2002,wi
9314326,Shamma Habib Al Beloshi,UAE,F,,,,1439,0,20,SEP25,0,wi
9329765,Shamma Khalfan Alsuwaidi,UAE,F,,,,1515,0,40,SEP25,2010,w
9321004,Shamma Khalid Al Abdouli,UAE,F,,,,1507,0,40,SEP25,2009,w
9306668,"Shamma, Ali",UAE,F,,,,1544,0,20,SEP25,2001,wi
9313893,Shams M khalifa Al Rubaei,UAE,F,,,,1536,0,20,SEP25,2004,wi
9328629,Shamsa Ahmad Ruwaila,UAE,F,,,,1426,0,40,SEP25,2012,wi
9312030,"Shamsa, Amer",UAE,F,,,,1611,0,40,SEP25,2007,w
9325573,Sheikha Abdulla Almeraikhi,UAE,F,,,,1504,0,40,SEP25,2009,w
9309845,"Sheikha, Abdulaziz",UAE,F,,,,1524,0,20,SEP25,0,wi
9320440,Shouq Aman Ali,UAE,F,,,,1443,0,40,SEP25,2008,wi
9328149,Skander Ali Alblooshi,UAE,M,,,,1402,0,40,SEP25,2015,
9316582,"Slman, Younis",UAE,M,,,,1423,0,40,SEP25,2005,i
9316680,"Soud, Jaber",UAE,M,,,,1841,0,40,SEP25,2008,
9308989,"Soud, Mosallam",UAE,M,,,,1590,0,20,SEP25,0,i
9330305,Suhail Ali Alnaqbi,UAE,M,,,,1486,0,20,SEP25,1993,i
9328785,Sultan Ahmed AlMheiri,UAE,M,,,,1580,0,40,SEP25,2013,
9323236,Sultan AL Hamadi,UAE,M,,,,1551,0,40,SEP25,2008,i
9317015,"Sultan Ali, Alsuwadi",UAE,M,,,,1407,0,20,SEP25,2004,i
9309551,Sultan Fadel Saeed M Alshamsi,UAE,M,,,,1613,0,20,SEP25,2001,i
9319735,"Sultan Jabir, Alzarooni",UAE,M,,,,1704,0,40,SEP25,2011,
9324704,SULTAN JASIM ALBLOOSHI,UAE,M,,,,1448,0,40,SEP25,2013,
9324232,Sultan Khaled Alhosani,UAE,M,,,,1559,5,40,SEP25,2012,
9314997,Sultan Mohamed Qayed,UAE,M,,,,1593,0,20,SEP25,2000,i
9324844,Sultan Muammar Al-Ali,UAE,M,,,,1408,0,40,SEP25,2009,i
9319727,"Sultan Obaid, Alsuwaidi",UAE,M,,,,1417,0,40,SEP25,2010,i
9312048,"Sultan, Amer",UAE,M,,,,1563,0,20,SEP25,0,i
9306684,"Sultan, Fareed",UAE,M,,NA,,1763,0,20,SEP25,2000,i
9301143,"Sultan, Ibrahim",UAE,M,IM,,,1998,0,20,SEP25,1997,
9304010,"Sultan, Marshool",UAE,M,,,,1811,0,20,SEP25,1997,i
9323945,Taif Qasem Bani Abdulkarim,UAE,F,,,,1512,0,40,SEP25,2009,wi
9310169,"Talah, Abdulrahman",UAE,M,,,,1713,0,20,SEP25,0,i
9316850,"Talal Mohammed, Al Blooshi",UAE,M,,,,1605,0,40,SEP25,2008,
9304029,"Talal, Al-Hammadi",UAE,M,,,,1810,0,20,SEP25,2000,i
9300201,"Taleb, Moussa",UAE,M,GM,,,2378,0,10,SEP25,1978,i
9325212,Tariq Rashed Al Habtoor,UAE,M,,,,1440,0,20,SEP25,1991,i
9315284,"Tower,Nora",UAE,F,,NA,,1541,0,20,SEP25,0,wi
9302271,"Walid, Anwar",UAE,M,,,,1934,0,20,SEP25,1996,i
9313885,Warda M khalifa AlRubaei,UAE,F,,,,1426,0,40,SEP25,2005,wi
9322701,Yahya Shuaib Al Kaff,UAE,M,,,,1796,0,40,SEP25,2007,
9300953,"Yahya, Mohamed Saleh",UAE,M,FM,,,2121,0,20,SEP25,1988,i
9315292,"Yaser,Nora",UAE,F,,,,1489,0,20,SEP25,0,wi
9305173,"Yasmin, Ali",UAE,F,,,,1623,0,20,SEP25,2002,wi
9312056,"Yousef, Jasem",UAE,M,,,,1607,0,20,SEP25,2001,i
9316639,"Yousif, Alhammadi",UAE,M,,,,1485,0,40,SEP25,2007,i
9328556,Yousuf Mohammad Shukri,UAE,M,,,,1425,0,40,SEP25,2012,
9314288,Zafarana Sbaa ALNeaimi,UAE,F,,,,1555,0,20,SEP25,2004,wi
9321764,Zainab Muhammed Khalid,UAE,F,,,,1492,0,40,SEP25,2008,w
9319921,"Zayed Abdalla, Alqaydi",UAE,M,,,,1494,0,40,SEP25,2005,i
9317821,"Zayed Ali, Almarzooqi",UAE,M,,,,1451,0,20,SEP25,2004,i
9315403,Zayed Mallah AlRemeithi,UAE,F,,,,1445,0,20,SEP25,2006,wi
9303340,"Zayed, Ali Al-hamed",UAE,M,,,,1933,0,20,SEP25,1991,i
9315810,"Zayed, Alsedrani",UAE,M,,,,1506,0,40,SEP25,2005,i
9311459,"Zayed, Marshool",UAE,M,,,,1468,0,20,SEP25,0,i
9310592,"Zayed, Sultan Al Taher",UAE,M,,NA,,1812,0,20,SEP25,2006,i
9323848,Zayid Faisal Albalushi,UAE,M,,,,1474,0,40,SEP25,2008,i
9309780,"Ziyad, Uhood",UAE,F,,,,1472,0,20,SEP25,0,wi