[
  {
    "ID Number": "13535234"
  },
  {
    "ID Number": "13505700"
  },
  {
    "ID Number": "13517775"
  },
  {
    "ID Number": "13519883"
  },
  {
    "ID Number": "13512609"
  },
  {
    "ID Number": "13539531"
  },
  {
    "ID Number": "13538594"
  },
  {
    "ID Number": "13506544"
  },
  {
    "ID Number": "13513850"
  },
  {
    "ID Number": "13505467"
  },
  {
    "ID Number": "13526197"
  },
  {
    "ID Number": "13519956"
  },
  {
    "ID Number": "13500139"
  },
  {
    "ID Number": "13517783"
  },
  {
    "ID Number": "13521080"
  },
  {
    "ID Number": "13516507"
  },
  {
    "ID Number": "13516221"
  },
  {
    "ID Number": "13530208"
  },
  {
    "ID Number": "13502379"
  },
  {
    "ID Number": "13514806"
  },
  {
    "ID Number": "13531395"
  },
  {
    "ID Number": "13517791"
  },
  {
    "ID Number": "13518275"
  },
  {
    "ID Number": "13519328"
  },
  {
    "ID Number": "13506625"
  },
  {
    "ID Number": "13515160"
  },
  {
    "ID Number": "13511750"
  },
  {
    "ID Number": "13509713"
  },
  {
    "ID Number": "13516183"
  },
  {
    "ID Number": "13534076"
  },
  {
    "ID Number": "13512960"
  },
  {
    "ID Number": "13512650"
  },
  {
    "ID Number": "13533665"
  },
  {
    "ID Number": "13513869"
  },
  {
    "ID Number": "13507125"
  },
  {
    "ID Number": "13537334"
  },
  {
    "ID Number": "13535315"
  },
  {
    "ID Number": "13529749"
  },
  {
    "ID Number": "13530798"
  },
  {
    "ID Number": "13526529"
  },
  {
    "ID Number": "13505475"
  },
  {
    "ID Number": "13518933"
  },
  {
    "ID Number": "13528017"
  },
  {
    "ID Number": "13510045"
  },
  {
    "ID Number": "13511270"
  },
  {
    "ID Number": "13525050"
  },
  {
    "ID Number": "13524810"
  },
  {
    "ID Number": "13522817"
  },
  {
    "ID Number": "13537083"
  },
  {
    "ID Number": "13507010"
  },
  {
    "ID Number": "13510088"
  },
  {
    "ID Number": "13510975"
  },
  {
    "ID Number": "13531298"
  },
  {
    "ID Number": "13537237"
  },
  {
    "ID Number": "13526391"
  },
  {
    "ID Number": "13535242"
  },
  {
    "ID Number": "13511920"
  },
  {
    "ID Number": "13526839"
  },
  {
    "ID Number": "13519948"
  },
  {
    "ID Number": "13519999"
  },
  {
    "ID Number": "13536451"
  },
  {
    "ID Number": "13523708"
  },
  {
    "ID Number": "13531875"
  },
  {
    "ID Number": "13534866"
  },
  {
    "ID Number": "13518801"
  },
  {
    "ID Number": "13536257"
  },
  {
    "ID Number": "13539256"
  },
  {
    "ID Number": "13505483"
  },
  {
    "ID Number": "13519743"
  },
  {
    "ID Number": "13531883"
  },
  {
    "ID Number": "13529765"
  },
  {
    "ID Number": "13518810"
  },
  {
    "ID Number": "13539264"
  },
  {
    "ID Number": "13527231"
  },
  {
    "ID Number": "13504991"
  },
  {
    "ID Number": "13518623"
  },
  {
    "ID Number": "13538080"
  },
  {
    "ID Number": "13538748"
  },
  {
    "ID Number": "13527657"
  },
  {
    "ID Number": "13519697"
  },
  {
    "ID Number": "13509357"
  },
  {
    "ID Number": "13505688"
  },
  {
    "ID Number": "13532634"
  },
  {
    "ID Number": "13530321"
  },
  {
    "ID Number": "13513788"
  },
  {
    "ID Number": "13505360"
  },
  {
    "ID Number": "13517961"
  },
  {
    "ID Number": "13523562"
  },
  {
    "ID Number": "13507044"
  },
  {
    "ID Number": "13536206"
  },
  {
    "ID Number": "13538292"
  },
  {
    "ID Number": "13513184"
  },
  {
    "ID Number": "13516191"
  },
  {
    "ID Number": "13523775"
  },
  {
    "ID Number": "13528840"
  },
  {
    "ID Number": "13505491"
  },
  {
    "ID Number": "13511700"
  },
  {
    "ID Number": "13510428"
  },
  {
    "ID Number": "13516531"
  },
  {
    "ID Number": "13510703"
  },
  {
    "ID Number": "13516930"
  },
  {
    "ID Number": "13516108"
  },
  {
    "ID Number": "13523732"
  },
  {
    "ID Number": "13523724"
  },
  {
    "ID Number": "13509551"
  },
  {
    "ID Number": "13510711"
  },
  {
    "ID Number": "13528165"
  },
  {
    "ID Number": "13533100"
  },
  {
    "ID Number": "13525425"
  },
  {
    "ID Number": "13516990"
  },
  {
    "ID Number": "13501143"
  },
  {
    "ID Number": "13502638"
  },
  {
    "ID Number": "13526278"
  },
  {
    "ID Number": "13501186"
  },
  {
    "ID Number": "13536141"
  },
  {
    "ID Number": "13523767"
  },
  {
    "ID Number": "13525441"
  },
  {
    "ID Number": "13530283"
  },
  {
    "ID Number": "13537881"
  },
  {
    "ID Number": "13537245"
  },
  {
    "ID Number": "13512773"
  },
  {
    "ID Number": "13504967"
  },
  {
    "ID Number": "13524232"
  },
  {
    "ID Number": "13525069"
  },
  {
    "ID Number": "13514423"
  },
  {
    "ID Number": "13529501"
  },
  {
    "ID Number": "13532987"
  },
  {
    "ID Number": "13520008"
  },
  {
    "ID Number": "13514342"
  },
  {
    "ID Number": "13523333"
  },
  {
    "ID Number": "13520385"
  },
  {
    "ID Number": "13504703"
  },
  {
    "ID Number": "13526537"
  },
  {
    "ID Number": "13527630"
  },
  {
    "ID Number": "13516540"
  },
  {
    "ID Number": "13516558"
  },
  {
    "ID Number": "13500490"
  },
  {
    "ID Number": "13530577"
  },
  {
    "ID Number": "13526286"
  },
  {
    "ID Number": "13519662"
  },
  {
    "ID Number": "13533355"
  },
  {
    "ID Number": "13503430"
  },
  {
    "ID Number": "13508539"
  },
  {
    "ID Number": "13516655"
  },
  {
    "ID Number": "13522370"
  },
  {
    "ID Number": "13506382"
  },
  {
    "ID Number": "13535323"
  },
  {
    "ID Number": "13537342"
  },
  {
    "ID Number": "13525484"
  },
  {
    "ID Number": "13518038"
  },
  {
    "ID Number": "13517953"
  },
  {
    "ID Number": "13532871"
  },
  {
    "ID Number": "13514652"
  },
  {
    "ID Number": "13526561"
  },
  {
    "ID Number": "13519131"
  },
  {
    "ID Number": "13509276"
  },
  {
    "ID Number": "13520334"
  },
  {
    "ID Number": "13510347"
  },
  {
    "ID Number": "13514458"
  },
  {
    "ID Number": "13503235"
  },
  {
    "ID Number": "13534319"
  },
  {
    "ID Number": "13514954"
  },
  {
    "ID Number": "13500880"
  },
  {
    "ID Number": "13514920"
  },
  {
    "ID Number": "13521454"
  },
  {
    "ID Number": "13515888"
  },
  {
    "ID Number": "13520903"
  },
  {
    "ID Number": "13537105"
  },
  {
    "ID Number": "13534483"
  },
  {
    "ID Number": "13519573"
  },
  {
    "ID Number": "13534122"
  },
  {
    "ID Number": "13503650"
  },
  {
    "ID Number": "13535455"
  },
  {
    "ID Number": "13529021"
  },
  {
    "ID Number": "13538969"
  },
  {
    "ID Number": "13536613"
  },
  {
    "ID Number": "13522507"
  },
  {
    "ID Number": "13526340"
  },
  {
    "ID Number": "13517309"
  },
  {
    "ID Number": "13523040"
  },
  {
    "ID Number": "13502026"
  },
  {
    "ID Number": "13517503"
  },
  {
    "ID Number": "13511840"
  },
  {
    "ID Number": "13520482"
  },
  {
    "ID Number": "13518828"
  },
  {
    "ID Number": "13518836"
  },
  {
    "ID Number": "13511149"
  },
  {
    "ID Number": "13507290"
  },
  {
    "ID Number": "13520474"
  },
  {
    "ID Number": "13522531"
  },
  {
    "ID Number": "13520660"
  },
  {
    "ID Number": "13520016"
  },
  {
    "ID Number": "13536559"
  },
  {
    "ID Number": "13521381"
  },
  {
    "ID Number": "13522540"
  },
  {
    "ID Number": "13537253"
  },
  {
    "ID Number": "13535420"
  },
  {
    "ID Number": "13525026"
  },
  {
    "ID Number": "13529196"
  },
  {
    "ID Number": "13534491"
  },
  {
    "ID Number": "13534653"
  },
  {
    "ID Number": "13513605"
  },
  {
    "ID Number": "13539280"
  },
  {
    "ID Number": "13506005"
  },
  {
    "ID Number": "13518844"
  },
  {
    "ID Number": "13500198"
  },
  {
    "ID Number": "13512200"
  },
  {
    "ID Number": "13517805"
  },
  {
    "ID Number": "13508547"
  },
  {
    "ID Number": "13518283"
  },
  {
    "ID Number": "13515179"
  },
  {
    "ID Number": "13515977"
  },
  {
    "ID Number": "13520180"
  },
  {
    "ID Number": "13507230"
  },
  {
    "ID Number": "13516590"
  },
  {
    "ID Number": "13506692"
  },
  {
    "ID Number": "13516604"
  },
  {
    "ID Number": "13529420"
  },
  {
    "ID Number": "13516256"
  },
  {
    "ID Number": "13510096"
  },
  {
    "ID Number": "13525077"
  },
  {
    "ID Number": "13519581"
  },
  {
    "ID Number": "13534670"
  },
  {
    "ID Number": "13539590"
  },
  {
    "ID Number": "13520695"
  },
  {
    "ID Number": "13510177"
  },
  {
    "ID Number": "13537156"
  },
  {
    "ID Number": "13538977"
  },
  {
    "ID Number": "13538659"
  },
  {
    "ID Number": "13524747"
  },
  {
    "ID Number": "13511041"
  },
  {
    "ID Number": "13529781"
  },
  {
    "ID Number": "13519930"
  },
  {
    "ID Number": "13535250"
  },
  {
    "ID Number": "13535390"
  },
  {
    "ID Number": "13514873"
  },
  {
    "ID Number": "13517481"
  },
  {
    "ID Number": "13513559"
  },
  {
    "ID Number": "13522558"
  },
  {
    "ID Number": "13538322"
  },
  {
    "ID Number": "13539116"
  },
  {
    "ID Number": "13513907"
  },
  {
    "ID Number": "13507079"
  },
  {
    "ID Number": "13500031"
  },
  {
    "ID Number": "13521845"
  },
  {
    "ID Number": "13524305"
  },
  {
    "ID Number": "13536079"
  },
  {
    "ID Number": "13521730"
  },
  {
    "ID Number": "13520652"
  },
  {
    "ID Number": "13532111"
  },
  {
    "ID Number": "13534130"
  },
  {
    "ID Number": "13516566"
  },
  {
    "ID Number": "13500210"
  },
  {
    "ID Number": "13531620"
  },
  {
    "ID Number": "13501240"
  },
  {
    "ID Number": "13528114"
  },
  {
    "ID Number": "13511238"
  },
  {
    "ID Number": "13517490"
  },
  {
    "ID Number": "13514768"
  },
  {
    "ID Number": "13533916"
  },
  {
    "ID Number": "13514962"
  },
  {
    "ID Number": "13521829"
  },
  {
    "ID Number": "13517813"
  },
  {
    "ID Number": "13504070"
  },
  {
    "ID Number": "13500279"
  },
  {
    "ID Number": "13519751"
  },
  {
    "ID Number": "13538985"
  },
  {
    "ID Number": "13518860"
  },
  {
    "ID Number": "13518879"
  },
  {
    "ID Number": "13530640"
  },
  {
    "ID Number": "13526294"
  },
  {
    "ID Number": "13500465"
  },
  {
    "ID Number": "13502700"
  },
  {
    "ID Number": "13537024"
  },
  {
    "ID Number": "13503740"
  },
  {
    "ID Number": "13507702"
  },
  {
    "ID Number": "13521055"
  },
  {
    "ID Number": "13515985"
  },
  {
    "ID Number": "13503928"
  },
  {
    "ID Number": "13535714"
  },
  {
    "ID Number": "13526480"
  },
  {
    "ID Number": "13514881"
  },
  {
    "ID Number": "13528009"
  },
  {
    "ID Number": "13540688"
  },
  {
    "ID Number": "13527258"
  },
  {
    "ID Number": "13512692"
  },
  {
    "ID Number": "13506013"
  },
  {
    "ID Number": "13516230"
  },
  {
    "ID Number": "13516264"
  },
  {
    "ID Number": "13522795"
  },
  {
    "ID Number": "13514970"
  },
  {
    "ID Number": "13539302"
  },
  {
    "ID Number": "13533525"
  },
  {
    "ID Number": "13501097"
  },
  {
    "ID Number": "13527266"
  },
  {
    "ID Number": "13532731"
  },
  {
    "ID Number": "13522485"
  },
  {
    "ID Number": "13527274"
  },
  {
    "ID Number": "13527738"
  },
  {
    "ID Number": "13531301"
  },
  {
    "ID Number": "13512978"
  },
  {
    "ID Number": "13532995"
  },
  {
    "ID Number": "13514083"
  },
  {
    "ID Number": "13515993"
  },
  {
    "ID Number": "13523686"
  },
  {
    "ID Number": "13523678"
  },
  {
    "ID Number": "13535633"
  },
  {
    "ID Number": "13524321"
  },
  {
    "ID Number": "13502107"
  },
  {
    "ID Number": "13533924"
  },
  {
    "ID Number": "13504037"
  },
  {
    "ID Number": "13536087"
  },
  {
    "ID Number": "13538993"
  },
  {
    "ID Number": "13503960"
  },
  {
    "ID Number": "13512307"
  },
  {
    "ID Number": "13507737"
  },
  {
    "ID Number": "13506706"
  },
  {
    "ID Number": "13515217"
  },
  {
    "ID Number": "13535722"
  },
  {
    "ID Number": "13539329"
  },
  {
    "ID Number": "13538500"
  },
  {
    "ID Number": "13517830"
  },
  {
    "ID Number": "13525085"
  },
  {
    "ID Number": "13522388"
  },
  {
    "ID Number": "13526910"
  },
  {
    "ID Number": "13514814"
  },
  {
    "ID Number": "13518593"
  },
  {
    "ID Number": "13509942"
  },
  {
    "ID Number": "13534688"
  },
  {
    "ID Number": "13519298"
  },
  {
    "ID Number": "13527860"
  },
  {
    "ID Number": "13516000"
  },
  {
    "ID Number": "13504584"
  },
  {
    "ID Number": "13517848"
  },
  {
    "ID Number": "13521217"
  },
  {
    "ID Number": "13523414"
  },
  {
    "ID Number": "13527606"
  },
  {
    "ID Number": "13527592"
  },
  {
    "ID Number": "13529145"
  },
  {
    "ID Number": "13512625"
  },
  {
    "ID Number": "13514890"
  },
  {
    "ID Number": "13521039"
  },
  {
    "ID Number": "13520199"
  },
  {
    "ID Number": "13511165"
  },
  {
    "ID Number": "13517988"
  },
  {
    "ID Number": "13526111"
  },
  {
    "ID Number": "13519166"
  },
  {
    "ID Number": "13516442"
  },
  {
    "ID Number": "13520415"
  },
  {
    "ID Number": "13534858"
  },
  {
    "ID Number": "13517260"
  },
  {
    "ID Number": "13520954"
  },
  {
    "ID Number": "13516809"
  },
  {
    "ID Number": "13509837"
  },
  {
    "ID Number": "13518194"
  },
  {
    "ID Number": "13535730"
  },
  {
    "ID Number": "13504770"
  },
  {
    "ID Number": "13527770"
  },
  {
    "ID Number": "13519603"
  },
  {
    "ID Number": "13502336"
  },
  {
    "ID Number": "13532235"
  },
  {
    "ID Number": "13530585"
  },
  {
    "ID Number": "13530780"
  },
  {
    "ID Number": "13514822"
  },
  {
    "ID Number": "13517333"
  },
  {
    "ID Number": "13517120"
  },
  {
    "ID Number": "13511432"
  },
  {
    "ID Number": "13524313"
  },
  {
    "ID Number": "13520024"
  },
  {
    "ID Number": "13527215"
  },
  {
    "ID Number": "13525557"
  },
  {
    "ID Number": "13525565"
  },
  {
    "ID Number": "13511190"
  },
  {
    "ID Number": "13522566"
  },
  {
    "ID Number": "13534696"
  },
  {
    "ID Number": "13509683"
  },
  {
    "ID Number": "13534700"
  },
  {
    "ID Number": "13524240"
  },
  {
    "ID Number": "13518755"
  },
  {
    "ID Number": "13517180"
  },
  {
    "ID Number": "13520911"
  },
  {
    "ID Number": "13523953"
  },
  {
    "ID Number": "13512951"
  },
  {
    "ID Number": "13531166"
  },
  {
    "ID Number": "13512803"
  },
  {
    "ID Number": "13514369"
  },
  {
    "ID Number": "13508407"
  },
  {
    "ID Number": "13518240"
  },
  {
    "ID Number": "13531263"
  },
  {
    "ID Number": "13516701"
  },
  {
    "ID Number": "13511220"
  },
  {
    "ID Number": "13519611"
  },
  {
    "ID Number": "13524100"
  },
  {
    "ID Number": "13506048"
  },
  {
    "ID Number": "13540440"
  },
  {
    "ID Number": "13511939"
  },
  {
    "ID Number": "13519344"
  },
  {
    "ID Number": "13536028"
  },
  {
    "ID Number": "13526081"
  },
  {
    "ID Number": "13521438"
  },
  {
    "ID Number": "13530313"
  },
  {
    "ID Number": "13537792"
  },
  {
    "ID Number": "13535404"
  },
  {
    "ID Number": "13519620"
  },
  {
    "ID Number": "13530054"
  },
  {
    "ID Number": "13530437"
  },
  {
    "ID Number": "13500015"
  },
  {
    "ID Number": "13540815"
  },
  {
    "ID Number": "13528505"
  },
  {
    "ID Number": "13507060"
  },
  {
    "ID Number": "13513486"
  },
  {
    "ID Number": "13532758"
  },
  {
    "ID Number": "13528327"
  },
  {
    "ID Number": "13510525"
  },
  {
    "ID Number": "13510363"
  },
  {
    "ID Number": "13516906"
  },
  {
    "ID Number": "13523236"
  },
  {
    "ID Number": "13536281"
  },
  {
    "ID Number": "13529722"
  },
  {
    "ID Number": "13515136"
  },
  {
    "ID Number": "13528513"
  },
  {
    "ID Number": "13522345"
  },
  {
    "ID Number": "13504673"
  },
  {
    "ID Number": "13532863"
  },
  {
    "ID Number": "13519360"
  },
  {
    "ID Number": "13514172"
  },
  {
    "ID Number": "13517074"
  },
  {
    "ID Number": "13512994"
  },
  {
    "ID Number": "13516752"
  },
  {
    "ID Number": "13524194"
  },
  {
    "ID Number": "13516116"
  },
  {
    "ID Number": "13524330"
  },
  {
    "ID Number": "13517147"
  },
  {
    "ID Number": "13523112"
  },
  {
    "ID Number": "13523120"
  },
  {
    "ID Number": "13536109"
  },
  {
    "ID Number": "13539361"
  },
  {
    "ID Number": "13540904"
  },
  {
    "ID Number": "13526758"
  },
  {
    "ID Number": "13536354"
  },
  {
    "ID Number": "13507788"
  },
  {
    "ID Number": "13526774"
  },
  {
    "ID Number": "13513915"
  },
  {
    "ID Number": "13519638"
  },
  {
    "ID Number": "13533002"
  },
  {
    "ID Number": "13539000"
  },
  {
    "ID Number": "13514059"
  },
  {
    "ID Number": "13505432"
  },
  {
    "ID Number": "13535463"
  },
  {
    "ID Number": "13535013"
  },
  {
    "ID Number": "13518887"
  },
  {
    "ID Number": "13513427"
  },
  {
    "ID Number": "13515632"
  },
  {
    "ID Number": "13537261"
  },
  {
    "ID Number": "13536486"
  },
  {
    "ID Number": "13500910"
  },
  {
    "ID Number": "13536591"
  },
  {
    "ID Number": "13537270"
  },
  {
    "ID Number": "13533134"
  },
  {
    "ID Number": "13527401"
  },
  {
    "ID Number": "13530372"
  },
  {
    "ID Number": "13529960"
  },
  {
    "ID Number": "13538276"
  },
  {
    "ID Number": "13520733"
  },
  {
    "ID Number": "13521950"
  },
  {
    "ID Number": "13517031"
  },
  {
    "ID Number": "13512668"
  },
  {
    "ID Number": "13531271"
  },
  {
    "ID Number": "13503154"
  },
  {
    "ID Number": "13522396"
  },
  {
    "ID Number": "13524348"
  },
  {
    "ID Number": "13510738"
  },
  {
    "ID Number": "13534718"
  },
  {
    "ID Number": "13535439"
  },
  {
    "ID Number": "13506650"
  },
  {
    "ID Number": "13527525"
  },
  {
    "ID Number": "13522779"
  },
  {
    "ID Number": "13537890"
  },
  {
    "ID Number": "13518020"
  },
  {
    "ID Number": "13529978"
  },
  {
    "ID Number": "13515144"
  },
  {
    "ID Number": "13515152"
  },
  {
    "ID Number": "13522515"
  },
  {
    "ID Number": "13536036"
  },
  {
    "ID Number": "13513761"
  },
  {
    "ID Number": "13533282"
  },
  {
    "ID Number": "13513745"
  },
  {
    "ID Number": "13523295"
  },
  {
    "ID Number": "13515225"
  },
  {
    "ID Number": "13516280"
  },
  {
    "ID Number": "13512722"
  },
  {
    "ID Number": "13528807"
  },
  {
    "ID Number": "13534289"
  },
  {
    "ID Number": "13528335"
  },
  {
    "ID Number": "13524402"
  },
  {
    "ID Number": "13529803"
  },
  {
    "ID Number": "13521489"
  },
  {
    "ID Number": "13514679"
  },
  {
    "ID Number": "13531220"
  },
  {
    "ID Number": "13521071"
  },
  {
    "ID Number": "13503774"
  },
  {
    "ID Number": "13526936"
  },
  {
    "ID Number": "13527762"
  },
  {
    "ID Number": "13514180"
  },
  {
    "ID Number": "13508717"
  },
  {
    "ID Number": "13524356"
  },
  {
    "ID Number": "13516019"
  },
  {
    "ID Number": "13517740"
  },
  {
    "ID Number": "13535943"
  },
  {
    "ID Number": "13537938"
  },
  {
    "ID Number": "13517996"
  },
  {
    "ID Number": "13539604"
  },
  {
    "ID Number": "13520032"
  },
  {
    "ID Number": "13517023"
  },
  {
    "ID Number": "13536524"
  },
  {
    "ID Number": "13517139"
  },
  {
    "ID Number": "13536044"
  },
  {
    "ID Number": "13516981"
  },
  {
    "ID Number": "13503359"
  },
  {
    "ID Number": "13518895"
  },
  {
    "ID Number": "13539388"
  },
  {
    "ID Number": "13533908"
  },
  {
    "ID Number": "13538365"
  },
  {
    "ID Number": "13507842"
  },
  {
    "ID Number": "13500635"
  },
  {
    "ID Number": "13502735"
  },
  {
    "ID Number": "13506820"
  },
  {
    "ID Number": "13512315"
  },
  {
    "ID Number": "13533940"
  },
  {
    "ID Number": "13514504"
  },
  {
    "ID Number": "13522663"
  },
  {
    "ID Number": "13501062"
  },
  {
    "ID Number": "13521934"
  },
  {
    "ID Number": "13517856"
  },
  {
    "ID Number": "13534726"
  },
  {
    "ID Number": "13506560"
  },
  {
    "ID Number": "13514105"
  },
  {
    "ID Number": "13515241"
  },
  {
    "ID Number": "13520342"
  },
  {
    "ID Number": "13500937"
  },
  {
    "ID Number": "13503480"
  },
  {
    "ID Number": "13510665"
  },
  {
    "ID Number": "13500180"
  },
  {
    "ID Number": "13535897"
  },
  {
    "ID Number": "13505386"
  },
  {
    "ID Number": "13516833"
  },
  {
    "ID Number": "13500040"
  },
  {
    "ID Number": "13524470"
  },
  {
    "ID Number": "13522574"
  },
  {
    "ID Number": "13534149"
  },
  {
    "ID Number": "13519565"
  },
  {
    "ID Number": "13523066"
  },
  {
    "ID Number": "13516612"
  },
  {
    "ID Number": "13531042"
  },
  {
    "ID Number": "13536494"
  },
  {
    "ID Number": "13520741"
  },
  {
    "ID Number": "13525093"
  },
  {
    "ID Number": "13528033"
  },
  {
    "ID Number": "13536222"
  },
  {
    "ID Number": "13510495"
  },
  {
    "ID Number": "13522582"
  },
  {
    "ID Number": "13534602"
  },
  {
    "ID Number": "13539213"
  },
  {
    "ID Number": "13529153"
  },
  {
    "ID Number": "13500023"
  },
  {
    "ID Number": "13533495"
  },
  {
    "ID Number": "13504355"
  },
  {
    "ID Number": "13529161"
  },
  {
    "ID Number": "13509764"
  },
  {
    "ID Number": "13539019"
  },
  {
    "ID Number": "13516779"
  },
  {
    "ID Number": "13513010"
  },
  {
    "ID Number": "13538691"
  },
  {
    "ID Number": "13518569"
  },
  {
    "ID Number": "13513346"
  },
  {
    "ID Number": "13522310"
  },
  {
    "ID Number": "13512226"
  },
  {
    "ID Number": "13506145"
  },
  {
    "ID Number": "13530984"
  },
  {
    "ID Number": "13518259"
  },
  {
    "ID Number": "13518267"
  },
  {
    "ID Number": "13518291"
  },
  {
    "ID Number": "13535951"
  },
  {
    "ID Number": "13513028"
  },
  {
    "ID Number": "13511068"
  },
  {
    "ID Number": "13521373"
  },
  {
    "ID Number": "13520423"
  },
  {
    "ID Number": "13506633"
  },
  {
    "ID Number": "13513737"
  },
  {
    "ID Number": "13534114"
  },
  {
    "ID Number": "13508741"
  },
  {
    "ID Number": "13503227"
  },
  {
    "ID Number": "13523244"
  },
  {
    "ID Number": "13530410"
  },
  {
    "ID Number": "13527290"
  },
  {
    "ID Number": "13522590"
  },
  {
    "ID Number": "13504576"
  },
  {
    "ID Number": "13514113"
  },
  {
    "ID Number": "13520830"
  },
  {
    "ID Number": "13524364"
  },
  {
    "ID Number": "13517970"
  },
  {
    "ID Number": "13523368"
  },
  {
    "ID Number": "13534157"
  },
  {
    "ID Number": "13528254"
  },
  {
    "ID Number": "13525379"
  },
  {
    "ID Number": "13516299"
  },
  {
    "ID Number": "13529811"
  },
  {
    "ID Number": "13501402"
  },
  {
    "ID Number": "13520768"
  },
  {
    "ID Number": "13509209"
  },
  {
    "ID Number": "13507338"
  },
  {
    "ID Number": "13539558"
  },
  {
    "ID Number": "13506501"
  },
  {
    "ID Number": "13510827"
  },
  {
    "ID Number": "13501895"
  },
  {
    "ID Number": "13517686"
  },
  {
    "ID Number": "13533967"
  },
  {
    "ID Number": "13523902"
  },
  {
    "ID Number": "13524020"
  },
  {
    "ID Number": "13503413"
  },
  {
    "ID Number": "13540696"
  },
  {
    "ID Number": "13500201"
  },
  {
    "ID Number": "13520571"
  },
  {
    "ID Number": "13521713"
  },
  {
    "ID Number": "13502166"
  },
  {
    "ID Number": "13526553"
  },
  {
    "ID Number": "13519433"
  },
  {
    "ID Number": "13518631"
  },
  {
    "ID Number": "13515250"
  },
  {
    "ID Number": "13516574"
  },
  {
    "ID Number": "13522604"
  },
  {
    "ID Number": "13515381"
  },
  {
    "ID Number": "13534890"
  },
  {
    "ID Number": "13513354"
  },
  {
    "ID Number": "13520598"
  },
  {
    "ID Number": "13533703"
  },
  {
    "ID Number": "13517295"
  },
  {
    "ID Number": "13537288"
  },
  {
    "ID Number": "13510452"
  },
  {
    "ID Number": "13534742"
  },
  {
    "ID Number": "13526065"
  },
  {
    "ID Number": "13533037"
  },
  {
    "ID Number": "13515110"
  },
  {
    "ID Number": "13514903"
  },
  {
    "ID Number": "13522035"
  },
  {
    "ID Number": "13522272"
  },
  {
    "ID Number": "13504649"
  },
  {
    "ID Number": "13523791"
  },
  {
    "ID Number": "13512153"
  },
  {
    "ID Number": "13512730"
  },
  {
    "ID Number": "13501755"
  },
  {
    "ID Number": "13537008"
  },
  {
    "ID Number": "13518763"
  },
  {
    "ID Number": "13516973"
  },
  {
    "ID Number": "13519441"
  },
  {
    "ID Number": "13500813"
  },
  {
    "ID Number": "13521152"
  },
  {
    "ID Number": "13520873"
  },
  {
    "ID Number": "13526804"
  },
  {
    "ID Number": "13510754"
  },
  {
    "ID Number": "13521667"
  },
  {
    "ID Number": "13517520"
  },
  {
    "ID Number": "13511777"
  },
  {
    "ID Number": "13517864"
  },
  {
    "ID Number": "13516302"
  },
  {
    "ID Number": "13504681"
  },
  {
    "ID Number": "13504819"
  },
  {
    "ID Number": "13500333"
  },
  {
    "ID Number": "13519123"
  },
  {
    "ID Number": "13529820"
  },
  {
    "ID Number": "13500716"
  },
  {
    "ID Number": "13534580"
  },
  {
    "ID Number": "13501356"
  },
  {
    "ID Number": "13504150"
  },
  {
    "ID Number": "13529579"
  },
  {
    "ID Number": "13518925"
  },
  {
    "ID Number": "13522418"
  },
  {
    "ID Number": "13525255"
  },
  {
    "ID Number": "13510762"
  },
  {
    "ID Number": "13529587"
  },
  {
    "ID Number": "13538152"
  },
  {
    "ID Number": "13531905"
  },
  {
    "ID Number": "13521136"
  },
  {
    "ID Number": "13537814"
  },
  {
    "ID Number": "13539523"
  },
  {
    "ID Number": "13528343"
  },
  {
    "ID Number": "13502433"
  },
  {
    "ID Number": "13539817"
  },
  {
    "ID Number": "13535021"
  },
  {
    "ID Number": "13535030"
  },
  {
    "ID Number": "13518739"
  },
  {
    "ID Number": "13512889"
  },
  {
    "ID Number": "13512897"
  },
  {
    "ID Number": "13503529"
  },
  {
    "ID Number": "13520881"
  },
  {
    "ID Number": "13536214"
  },
  {
    "ID Number": "13508512"
  },
  {
    "ID Number": "13520156"
  },
  {
    "ID Number": "13514695"
  },
  {
    "ID Number": "13500724"
  },
  {
    "ID Number": "13524607"
  },
  {
    "ID Number": "13524887"
  },
  {
    "ID Number": "13501976"
  },
  {
    "ID Number": "13524798"
  },
  {
    "ID Number": "13533053"
  },
  {
    "ID Number": "13521578"
  },
  {
    "ID Number": "13536770"
  },
  {
    "ID Number": "13520784"
  },
  {
    "ID Number": "13520792"
  },
  {
    "ID Number": "13539027"
  },
  {
    "ID Number": "13515357"
  },
  {
    "ID Number": "13526995"
  },
  {
    "ID Number": "13511017"
  },
  {
    "ID Number": "13533061"
  },
  {
    "ID Number": "13532855"
  },
  {
    "ID Number": "13516957"
  },
  {
    "ID Number": "13526120"
  },
  {
    "ID Number": "13520610"
  },
  {
    "ID Number": "13506722"
  },
  {
    "ID Number": "13521268"
  },
  {
    "ID Number": "13525174"
  },
  {
    "ID Number": "13505831"
  },
  {
    "ID Number": "13503170"
  },
  {
    "ID Number": "13536915"
  },
  {
    "ID Number": "13527002"
  },
  {
    "ID Number": "13512811"
  },
  {
    "ID Number": "13540980"
  },
  {
    "ID Number": "13524801"
  },
  {
    "ID Number": "13528572"
  },
  {
    "ID Number": "13536621"
  },
  {
    "ID Number": "13512757"
  },
  {
    "ID Number": "13517007"
  },
  {
    "ID Number": "13530909"
  },
  {
    "ID Number": "13535196"
  },
  {
    "ID Number": "13519395"
  },
  {
    "ID Number": "13501615"
  },
  {
    "ID Number": "13522434"
  },
  {
    "ID Number": "13527304"
  },
  {
    "ID Number": "13519972"
  },
  {
    "ID Number": "13519891"
  },
  {
    "ID Number": "13501410"
  },
  {
    "ID Number": "13535340"
  },
  {
    "ID Number": "13524720"
  },
  {
    "ID Number": "13535595"
  },
  {
    "ID Number": "13535358"
  },
  {
    "ID Number": "13516949"
  },
  {
    "ID Number": "13519816"
  },
  {
    "ID Number": "13504363"
  },
  {
    "ID Number": "13535277"
  },
  {
    "ID Number": "13521179"
  },
  {
    "ID Number": "13521160"
  },
  {
    "ID Number": "13521799"
  },
  {
    "ID Number": "13521802"
  },
  {
    "ID Number": "13540700"
  },
  {
    "ID Number": "13512234"
  },
  {
    "ID Number": "13536729"
  },
  {
    "ID Number": "13524380"
  },
  {
    "ID Number": "13504959"
  },
  {
    "ID Number": "13534165"
  },
  {
    "ID Number": "13512943"
  },
  {
    "ID Number": "13513753"
  },
  {
    "ID Number": "13523074"
  },
  {
    "ID Number": "13500805"
  },
  {
    "ID Number": "13522051"
  },
  {
    "ID Number": "13533070"
  },
  {
    "ID Number": "13527010"
  },
  {
    "ID Number": "13522256"
  },
  {
    "ID Number": "13527746"
  },
  {
    "ID Number": "13502263"
  },
  {
    "ID Number": "13504371"
  },
  {
    "ID Number": "13533886"
  },
  {
    "ID Number": "13519379"
  },
  {
    "ID Number": "13513044"
  },
  {
    "ID Number": "13520806"
  },
  {
    "ID Number": "13525115"
  },
  {
    "ID Number": "13514911"
  },
  {
    "ID Number": "13510215"
  },
  {
    "ID Number": "13500074"
  },
  {
    "ID Number": "13515047"
  },
  {
    "ID Number": "13504126"
  },
  {
    "ID Number": "13522442"
  },
  {
    "ID Number": "13509462"
  },
  {
    "ID Number": "13502271"
  },
  {
    "ID Number": "13514121"
  },
  {
    "ID Number": "13539035"
  },
  {
    "ID Number": "13520539"
  },
  {
    "ID Number": "13512242"
  },
  {
    "ID Number": "13507273"
  },
  {
    "ID Number": "13527380"
  },
  {
    "ID Number": "13501127"
  },
  {
    "ID Number": "13540939"
  },
  {
    "ID Number": "13508997"
  },
  {
    "ID Number": "13523007"
  },
  {
    "ID Number": "13508610"
  },
  {
    "ID Number": "13534297"
  },
  {
    "ID Number": "13517287"
  },
  {
    "ID Number": "13514547"
  },
  {
    "ID Number": "13535102"
  },
  {
    "ID Number": "13535110"
  },
  {
    "ID Number": "13523643"
  },
  {
    "ID Number": "13514555"
  },
  {
    "ID Number": "13526499"
  },
  {
    "ID Number": "13530470"
  },
  {
    "ID Number": "13540661"
  },
  {
    "ID Number": "13525298"
  },
  {
    "ID Number": "13522744"
  },
  {
    "ID Number": "13530038"
  },
  {
    "ID Number": "13518461"
  },
  {
    "ID Number": "13514563"
  },
  {
    "ID Number": "13520814"
  },
  {
    "ID Number": "13539426"
  },
  {
    "ID Number": "13520490"
  },
  {
    "ID Number": "13523082"
  },
  {
    "ID Number": "13516426"
  },
  {
    "ID Number": "13536176"
  },
  {
    "ID Number": "13515705"
  },
  {
    "ID Number": "13524763"
  },
  {
    "ID Number": "13513664"
  },
  {
    "ID Number": "13506862"
  },
  {
    "ID Number": "13517732"
  },
  {
    "ID Number": "13522841"
  },
  {
    "ID Number": "13515713"
  },
  {
    "ID Number": "13509691"
  },
  {
    "ID Number": "13520253"
  },
  {
    "ID Number": "13516450"
  },
  {
    "ID Number": "13504312"
  },
  {
    "ID Number": "13519760"
  },
  {
    "ID Number": "13533258"
  },
  {
    "ID Number": "13506285"
  },
  {
    "ID Number": "13523570"
  },
  {
    "ID Number": "13500619"
  },
  {
    "ID Number": "13503979"
  },
  {
    "ID Number": "13502964"
  },
  {
    "ID Number": "13535129"
  },
  {
    "ID Number": "13531050"
  },
  {
    "ID Number": "13540718"
  },
  {
    "ID Number": "13507478"
  },
  {
    "ID Number": "13533436"
  },
  {
    "ID Number": "13507486"
  },
  {
    "ID Number": "13509705"
  },
  {
    "ID Number": "13527312"
  },
  {
    "ID Number": "13509870"
  },
  {
    "ID Number": "13527037"
  },
  {
    "ID Number": "13520121"
  },
  {
    "ID Number": "13517104"
  },
  {
    "ID Number": "13528246"
  },
  {
    "ID Number": "13522671"
  },
  {
    "ID Number": "13539434"
  },
  {
    "ID Number": "13519182"
  },
  {
    "ID Number": "13523139"
  },
  {
    "ID Number": "13503596"
  },
  {
    "ID Number": "13521551"
  },
  {
    "ID Number": "13506153"
  },
  {
    "ID Number": "13521608"
  },
  {
    "ID Number": "13518941"
  },
  {
    "ID Number": "13536516"
  },
  {
    "ID Number": "13528360"
  },
  {
    "ID Number": "13529943"
  },
  {
    "ID Number": "13537300"
  },
  {
    "ID Number": "13513176"
  },
  {
    "ID Number": "13535900"
  },
  {
    "ID Number": "13524895"
  },
  {
    "ID Number": "13528980"
  },
  {
    "ID Number": "13521977"
  },
  {
    "ID Number": "13537318"
  },
  {
    "ID Number": "13523830"
  },
  {
    "ID Number": "13517872"
  },
  {
    "ID Number": "13512560"
  },
  {
    "ID Number": "13511076"
  },
  {
    "ID Number": "13535587"
  },
  {
    "ID Number": "13511181"
  },
  {
    "ID Number": "13524151"
  },
  {
    "ID Number": "13520890"
  },
  {
    "ID Number": "13519425"
  },
  {
    "ID Number": "13515128"
  },
  {
    "ID Number": "13537326"
  },
  {
    "ID Number": "13520318"
  },
  {
    "ID Number": "13516582"
  },
  {
    "ID Number": "13537946"
  },
  {
    "ID Number": "13508016"
  },
  {
    "ID Number": "13520326"
  },
  {
    "ID Number": "13535048"
  },
  {
    "ID Number": "13513648"
  },
  {
    "ID Number": "13529390"
  },
  {
    "ID Number": "13522922"
  },
  {
    "ID Number": "13524780"
  },
  {
    "ID Number": "13525301"
  },
  {
    "ID Number": "13511459"
  },
  {
    "ID Number": "13521349"
  },
  {
    "ID Number": "13518968"
  },
  {
    "ID Number": "13517880"
  },
  {
    "ID Number": "13535749"
  },
  {
    "ID Number": "13523740"
  },
  {
    "ID Number": "13527320"
  },
  {
    "ID Number": "13511084"
  },
  {
    "ID Number": "13516361"
  },
  {
    "ID Number": "13535285"
  },
  {
    "ID Number": "13512986"
  },
  {
    "ID Number": "13520938"
  },
  {
    "ID Number": "13516094"
  },
  {
    "ID Number": "13515101"
  },
  {
    "ID Number": "13529889"
  },
  {
    "ID Number": "13525786"
  },
  {
    "ID Number": "13525034"
  },
  {
    "ID Number": "13519530"
  },
  {
    "ID Number": "13521640"
  },
  {
    "ID Number": "13526596"
  },
  {
    "ID Number": "13518976"
  },
  {
    "ID Number": "13537121"
  },
  {
    "ID Number": "13514164"
  },
  {
    "ID Number": "13506730"
  },
  {
    "ID Number": "13511688"
  },
  {
    "ID Number": "13518046"
  },
  {
    "ID Number": "13539442"
  },
  {
    "ID Number": "13539450"
  },
  {
    "ID Number": "13534041"
  },
  {
    "ID Number": "13502999"
  },
  {
    "ID Number": "13504134"
  },
  {
    "ID Number": "13517899"
  },
  {
    "ID Number": "13508040"
  },
  {
    "ID Number": "13503936"
  },
  {
    "ID Number": "13517015"
  },
  {
    "ID Number": "13524267"
  },
  {
    "ID Number": "13505238"
  },
  {
    "ID Number": "13518984"
  },
  {
    "ID Number": "13516329"
  },
  {
    "ID Number": "13534750"
  },
  {
    "ID Number": "13508059"
  },
  {
    "ID Number": "13509225"
  },
  {
    "ID Number": "13520202"
  },
  {
    "ID Number": "13514830"
  },
  {
    "ID Number": "13534548"
  },
  {
    "ID Number": "13536290"
  },
  {
    "ID Number": "13534181"
  },
  {
    "ID Number": "13507052"
  },
  {
    "ID Number": "13520849"
  },
  {
    "ID Number": "13531670"
  },
  {
    "ID Number": "13518410"
  },
  {
    "ID Number": "13520040"
  },
  {
    "ID Number": "13536540"
  },
  {
    "ID Number": "13500244"
  },
  {
    "ID Number": "13533509"
  },
  {
    "ID Number": "13529340"
  },
  {
    "ID Number": "13527711"
  },
  {
    "ID Number": "13501364"
  },
  {
    "ID Number": "13509802"
  },
  {
    "ID Number": "13522078"
  },
  {
    "ID Number": "13534769"
  },
  {
    "ID Number": "13532120"
  },
  {
    "ID Number": "13500287"
  },
  {
    "ID Number": "13517236"
  },
  {
    "ID Number": "13530887"
  },
  {
    "ID Number": "13531069"
  },
  {
    "ID Number": "13530461"
  },
  {
    "ID Number": "13517317"
  },
  {
    "ID Number": "13540955"
  },
  {
    "ID Number": "13533096"
  },
  {
    "ID Number": "13514580"
  },
  {
    "ID Number": "13515411"
  },
  {
    "ID Number": "13529846"
  },
  {
    "ID Number": "13516892"
  },
  {
    "ID Number": "13525123"
  },
  {
    "ID Number": "13533150"
  },
  {
    "ID Number": "13535757"
  },
  {
    "ID Number": "13535854"
  },
  {
    "ID Number": "13526855"
  },
  {
    "ID Number": "13535846"
  },
  {
    "ID Number": "13520059"
  },
  {
    "ID Number": "13518054"
  },
  {
    "ID Number": "13517090"
  },
  {
    "ID Number": "13523449"
  },
  {
    "ID Number": "13519859"
  },
  {
    "ID Number": "13500872"
  },
  {
    "ID Number": "13525271"
  },
  {
    "ID Number": "13536630"
  },
  {
    "ID Number": "13526189"
  },
  {
    "ID Number": "13518380"
  },
  {
    "ID Number": "13517392"
  },
  {
    "ID Number": "13502425"
  },
  {
    "ID Number": "13502921"
  },
  {
    "ID Number": "13511556"
  },
  {
    "ID Number": "13532774"
  },
  {
    "ID Number": "13538780"
  },
  {
    "ID Number": "13501917"
  },
  {
    "ID Number": "13519301"
  },
  {
    "ID Number": "13535773"
  },
  {
    "ID Number": "13523309"
  },
  {
    "ID Number": "13506110"
  },
  {
    "ID Number": "13533444"
  },
  {
    "ID Number": "13533452"
  },
  {
    "ID Number": "13508083"
  },
  {
    "ID Number": "13515284"
  },
  {
    "ID Number": "13522760"
  },
  {
    "ID Number": "13525131"
  },
  {
    "ID Number": "13509489"
  },
  {
    "ID Number": "13511564"
  },
  {
    "ID Number": "13517511"
  },
  {
    "ID Number": "13519719"
  },
  {
    "ID Number": "13533460"
  },
  {
    "ID Number": "13516132"
  },
  {
    "ID Number": "13521675"
  },
  {
    "ID Number": "13520164"
  },
  {
    "ID Number": "13538721"
  },
  {
    "ID Number": "13516795"
  },
  {
    "ID Number": "13535218"
  },
  {
    "ID Number": "13515896"
  },
  {
    "ID Number": "13521837"
  },
  {
    "ID Number": "13512366"
  },
  {
    "ID Number": "13518690"
  },
  {
    "ID Number": "13532677"
  },
  {
    "ID Number": "13535161"
  },
  {
    "ID Number": "13505203"
  },
  {
    "ID Number": "13525140"
  },
  {
    "ID Number": "13514610"
  },
  {
    "ID Number": "13537733"
  },
  {
    "ID Number": "13537776"
  },
  {
    "ID Number": "13536664"
  },
  {
    "ID Number": "13520105"
  },
  {
    "ID Number": "13527339"
  },
  {
    "ID Number": "13534335"
  },
  {
    "ID Number": "13504045"
  },
  {
    "ID Number": "13526782"
  },
  {
    "ID Number": "13531077"
  },
  {
    "ID Number": "13501640"
  },
  {
    "ID Number": "13516850"
  },
  {
    "ID Number": "13524160"
  },
  {
    "ID Number": "13536184"
  },
  {
    "ID Number": "13510681"
  },
  {
    "ID Number": "13509500"
  },
  {
    "ID Number": "13523520"
  },
  {
    "ID Number": "13530011"
  },
  {
    "ID Number": "13532901"
  },
  {
    "ID Number": "13506161"
  },
  {
    "ID Number": "13532260"
  },
  {
    "ID Number": "13532170"
  },
  {
    "ID Number": "13515675"
  },
  {
    "ID Number": "13504878"
  },
  {
    "ID Number": "13514377"
  },
  {
    "ID Number": "13504410"
  },
  {
    "ID Number": "13530631"
  },
  {
    "ID Number": "13505777"
  },
  {
    "ID Number": "13529935"
  },
  {
    "ID Number": "13510258"
  },
  {
    "ID Number": "13524275"
  },
  {
    "ID Number": "13514130"
  },
  {
    "ID Number": "13535790"
  },
  {
    "ID Number": "13523937"
  },
  {
    "ID Number": "13535170"
  },
  {
    "ID Number": "13508636"
  },
  {
    "ID Number": "13504606"
  },
  {
    "ID Number": "13526146"
  },
  {
    "ID Number": "13501135"
  },
  {
    "ID Number": "13503294"
  },
  {
    "ID Number": "13534386"
  },
  {
    "ID Number": "13522469"
  },
  {
    "ID Number": "13521594"
  },
  {
    "ID Number": "13513320"
  },
  {
    "ID Number": "13516710"
  },
  {
    "ID Number": "13505580"
  },
  {
    "ID Number": "13520369"
  },
  {
    "ID Number": "13515004"
  },
  {
    "ID Number": "13507206"
  },
  {
    "ID Number": "13504975"
  },
  {
    "ID Number": "13516922"
  },
  {
    "ID Number": "13506137"
  },
  {
    "ID Number": "13526871"
  },
  {
    "ID Number": "13519689"
  },
  {
    "ID Number": "13539183"
  },
  {
    "ID Number": "13530925"
  },
  {
    "ID Number": "13512706"
  },
  {
    "ID Number": "13513958"
  },
  {
    "ID Number": "13530518"
  },
  {
    "ID Number": "13516680"
  },
  {
    "ID Number": "13516698"
  },
  {
    "ID Number": "13519654"
  },
  {
    "ID Number": "13537210"
  },
  {
    "ID Number": "13504452"
  },
  {
    "ID Number": "13507516"
  },
  {
    "ID Number": "13519018"
  },
  {
    "ID Number": "13505785"
  },
  {
    "ID Number": "13502549"
  },
  {
    "ID Number": "13520067"
  },
  {
    "ID Number": "13515292"
  },
  {
    "ID Number": "13527347"
  },
  {
    "ID Number": "13536990"
  },
  {
    "ID Number": "13522493"
  },
  {
    "ID Number": "13531654"
  },
  {
    "ID Number": "13535501"
  },
  {
    "ID Number": "13522264"
  },
  {
    "ID Number": "13521985"
  },
  {
    "ID Number": "13517635"
  },
  {
    "ID Number": "13519026"
  },
  {
    "ID Number": "13533622"
  },
  {
    "ID Number": "13524410"
  },
  {
    "ID Number": "13522639"
  },
  {
    "ID Number": "13534785"
  },
  {
    "ID Number": "13523694"
  },
  {
    "ID Number": "13513443"
  },
  {
    "ID Number": "13529854"
  },
  {
    "ID Number": "13512250"
  },
  {
    "ID Number": "13510908"
  },
  {
    "ID Number": "13522523"
  },
  {
    "ID Number": "13534637"
  },
  {
    "ID Number": "13521560"
  },
  {
    "ID Number": "13509365"
  },
  {
    "ID Number": "13535803"
  },
  {
    "ID Number": "13534203"
  },
  {
    "ID Number": "13505963"
  },
  {
    "ID Number": "13520687"
  },
  {
    "ID Number": "13526456"
  },
  {
    "ID Number": "13519050"
  },
  {
    "ID Number": "13531930"
  },
  {
    "ID Number": "13520920"
  },
  {
    "ID Number": "13532782"
  },
  {
    "ID Number": "13527509"
  },
  {
    "ID Number": "13527118"
  },
  {
    "ID Number": "13514385"
  },
  {
    "ID Number": "13517325"
  },
  {
    "ID Number": "13519840"
  },
  {
    "ID Number": "13529269"
  },
  {
    "ID Number": "13502204"
  },
  {
    "ID Number": "13533533"
  },
  {
    "ID Number": "13514849"
  },
  {
    "ID Number": "13520717"
  },
  {
    "ID Number": "13518321"
  },
  {
    "ID Number": "13510061"
  },
  {
    "ID Number": "13520725"
  },
  {
    "ID Number": "13503332"
  },
  {
    "ID Number": "13521888"
  },
  {
    "ID Number": "13500350"
  },
  {
    "ID Number": "13529170"
  },
  {
    "ID Number": "13504231"
  },
  {
    "ID Number": "13518585"
  },
  {
    "ID Number": "13524399"
  },
  {
    "ID Number": "13519786"
  },
  {
    "ID Number": "13509268"
  },
  {
    "ID Number": "13506242"
  },
  {
    "ID Number": "13509314"
  },
  {
    "ID Number": "13534211"
  },
  {
    "ID Number": "13523210"
  },
  {
    "ID Number": "13513702"
  },
  {
    "ID Number": "13516728"
  },
  {
    "ID Number": "13514857"
  },
  {
    "ID Number": "13521535"
  },
  {
    "ID Number": "13539612"
  },
  {
    "ID Number": "13520555"
  },
  {
    "ID Number": "13518496"
  },
  {
    "ID Number": "13539051"
  },
  {
    "ID Number": "13516078"
  },
  {
    "ID Number": "13534912"
  },
  {
    "ID Number": "13523597"
  },
  {
    "ID Number": "13514865"
  },
  {
    "ID Number": "13520644"
  },
  {
    "ID Number": "13516205"
  },
  {
    "ID Number": "13529412"
  },
  {
    "ID Number": "13526847"
  },
  {
    "ID Number": "13533487"
  },
  {
    "ID Number": "13537741"
  },
  {
    "ID Number": "13537903"
  },
  {
    "ID Number": "13515039"
  },
  {
    "ID Number": "13515454"
  },
  {
    "ID Number": "13505300"
  },
  {
    "ID Number": "13514407"
  },
  {
    "ID Number": "13518364"
  },
  {
    "ID Number": "13513974"
  },
  {
    "ID Number": "13536311"
  },
  {
    "ID Number": "13509330"
  },
  {
    "ID Number": "13538160"
  },
  {
    "ID Number": "13519867"
  },
  {
    "ID Number": "13507575"
  },
  {
    "ID Number": "13510029"
  },
  {
    "ID Number": "13527134"
  },
  {
    "ID Number": "13514032"
  },
  {
    "ID Number": "13511246"
  },
  {
    "ID Number": "13503758"
  },
  {
    "ID Number": "13504169"
  },
  {
    "ID Number": "13517627"
  },
  {
    "ID Number": "13506404"
  },
  {
    "ID Number": "13513133"
  },
  {
    "ID Number": "13515020"
  },
  {
    "ID Number": "13517430"
  },
  {
    "ID Number": "13506250"
  },
  {
    "ID Number": "13502859"
  },
  {
    "ID Number": "13511378"
  },
  {
    "ID Number": "13521187"
  },
  {
    "ID Number": "13512285"
  },
  {
    "ID Number": "13522906"
  },
  {
    "ID Number": "13511742"
  },
  {
    "ID Number": "13538454"
  },
  {
    "ID Number": "13501682"
  },
  {
    "ID Number": "13511092"
  },
  {
    "ID Number": "13513338"
  },
  {
    "ID Number": "13532898"
  },
  {
    "ID Number": "13514288"
  },
  {
    "ID Number": "13539957"
  },
  {
    "ID Number": "13515098"
  },
  {
    "ID Number": "13523511"
  },
  {
    "ID Number": "13535366"
  },
  {
    "ID Number": "13536052"
  },
  {
    "ID Number": "13535668"
  },
  {
    "ID Number": "13508210"
  },
  {
    "ID Number": "13535811"
  },
  {
    "ID Number": "13537644"
  },
  {
    "ID Number": "13509349"
  },
  {
    "ID Number": "13519069"
  },
  {
    "ID Number": "13537784"
  },
  {
    "ID Number": "13533169"
  },
  {
    "ID Number": "13501429"
  },
  {
    "ID Number": "13512293"
  },
  {
    "ID Number": "13500325"
  },
  {
    "ID Number": "13520172"
  },
  {
    "ID Number": "13537555"
  },
  {
    "ID Number": "13516353"
  },
  {
    "ID Number": "13507214"
  },
  {
    "ID Number": "13515594"
  },
  {
    "ID Number": "13522930"
  },
  {
    "ID Number": "13512544"
  },
  {
    "ID Number": "13527878"
  },
  {
    "ID Number": "13517767"
  },
  {
    "ID Number": "13522647"
  },
  {
    "ID Number": "13518070"
  },
  {
    "ID Number": "13501313"
  },
  {
    "ID Number": "13518151"
  },
  {
    "ID Number": "13523198"
  },
  {
    "ID Number": "13504282"
  },
  {
    "ID Number": "13534629"
  },
  {
    "ID Number": "13527169"
  },
  {
    "ID Number": "13519077"
  },
  {
    "ID Number": "13538179"
  },
  {
    "ID Number": "13520601"
  },
  {
    "ID Number": "13518640"
  },
  {
    "ID Number": "13515306"
  },
  {
    "ID Number": "13533851"
  },
  {
    "ID Number": "13514229"
  },
  {
    "ID Number": "13516914"
  },
  {
    "ID Number": "13519980"
  },
  {
    "ID Number": "13526545"
  },
  {
    "ID Number": "13516868"
  },
  {
    "ID Number": "13505130"
  },
  {
    "ID Number": "13521004"
  },
  {
    "ID Number": "13520997"
  },
  {
    "ID Number": "13518011"
  },
  {
    "ID Number": "13523864"
  },
  {
    "ID Number": "13530658"
  },
  {
    "ID Number": "13538284"
  },
  {
    "ID Number": "13519875"
  },
  {
    "ID Number": "13520075"
  },
  {
    "ID Number": "13515489"
  },
  {
    "ID Number": "13529641"
  },
  {
    "ID Number": "13510401"
  },
  {
    "ID Number": "13508903"
  },
  {
    "ID Number": "13530739"
  },
  {
    "ID Number": "13516736"
  },
  {
    "ID Number": "13510649"
  },
  {
    "ID Number": "13521683"
  },
  {
    "ID Number": "13510282"
  },
  {
    "ID Number": "13519387"
  },
  {
    "ID Number": "13533177"
  },
  {
    "ID Number": "13529218"
  },
  {
    "ID Number": "13500848"
  },
  {
    "ID Number": "13516787"
  },
  {
    "ID Number": "13517040"
  },
  {
    "ID Number": "13528645"
  },
  {
    "ID Number": "13527223"
  },
  {
    "ID Number": "13505637"
  },
  {
    "ID Number": "13533185"
  },
  {
    "ID Number": "13506676"
  },
  {
    "ID Number": "13524615"
  },
  {
    "ID Number": "13514636"
  },
  {
    "ID Number": "13538535"
  },
  {
    "ID Number": "13518160"
  },
  {
    "ID Number": "13522680"
  },
  {
    "ID Number": "13516159"
  },
  {
    "ID Number": "13521365"
  },
  {
    "ID Number": "13515322"
  },
  {
    "ID Number": "13510550"
  },
  {
    "ID Number": "13500384"
  },
  {
    "ID Number": "13538730"
  },
  {
    "ID Number": "13510410"
  },
  {
    "ID Number": "13503839"
  },
  {
    "ID Number": "13538683"
  },
  {
    "ID Number": "13513710"
  },
  {
    "ID Number": "13520458"
  },
  {
    "ID Number": "13521870"
  },
  {
    "ID Number": "13529617"
  },
  {
    "ID Number": "13536923"
  },
  {
    "ID Number": "13516760"
  },
  {
    "ID Number": "13534920"
  },
  {
    "ID Number": "13532197"
  },
  {
    "ID Number": "13513079"
  },
  {
    "ID Number": "13503847"
  },
  {
    "ID Number": "13511769"
  },
  {
    "ID Number": "13529625"
  },
  {
    "ID Number": "13538187"
  },
  {
    "ID Number": "13517910"
  },
  {
    "ID Number": "13522949"
  },
  {
    "ID Number": "13534343"
  },
  {
    "ID Number": "13518704"
  },
  {
    "ID Number": "13534807"
  },
  {
    "ID Number": "13516639"
  },
  {
    "ID Number": "13533266"
  },
  {
    "ID Number": "13535374"
  },
  {
    "ID Number": "13524755"
  },
  {
    "ID Number": "13533568"
  },
  {
    "ID Number": "13536745"
  },
  {
    "ID Number": "13524429"
  },
  {
    "ID Number": "13525158"
  },
  {
    "ID Number": "13533550"
  },
  {
    "ID Number": "13517244"
  },
  {
    "ID Number": "13505327"
  },
  {
    "ID Number": "13539507"
  },
  {
    "ID Number": "13534084"
  },
  {
    "ID Number": "13531093"
  },
  {
    "ID Number": "13520270"
  },
  {
    "ID Number": "13515080"
  },
  {
    "ID Number": "13537679"
  },
  {
    "ID Number": "13520148"
  },
  {
    "ID Number": "13530488"
  },
  {
    "ID Number": "13529870"
  },
  {
    "ID Number": "13530941"
  },
  {
    "ID Number": "13527703"
  },
  {
    "ID Number": "13531816"
  },
  {
    "ID Number": "13517112"
  },
  {
    "ID Number": "13520563"
  },
  {
    "ID Number": "13526251"
  },
  {
    "ID Number": "13540297"
  },
  {
    "ID Number": "13515918"
  },
  {
    "ID Number": "13514008"
  },
  {
    "ID Number": "13531026"
  },
  {
    "ID Number": "13517597"
  },
  {
    "ID Number": "13519794"
  },
  {
    "ID Number": "13514270"
  },
  {
    "ID Number": "13530364"
  },
  {
    "ID Number": "13519093"
  },
  {
    "ID Number": "13534815"
  },
  {
    "ID Number": "13517929"
  },
  {
    "ID Number": "13533860"
  },
  {
    "ID Number": "13524771"
  },
  {
    "ID Number": "13516647"
  },
  {
    "ID Number": "13539060"
  },
  {
    "ID Number": "13507222"
  },
  {
    "ID Number": "13523201"
  },
  {
    "ID Number": "13502611"
  },
  {
    "ID Number": "13517279"
  },
  {
    "ID Number": "13537610"
  },
  {
    "ID Number": "13520865"
  },
  {
    "ID Number": "13509373"
  },
  {
    "ID Number": "13500600"
  },
  {
    "ID Number": "13530895"
  },
  {
    "ID Number": "13503952"
  },
  {
    "ID Number": "13511696"
  },
  {
    "ID Number": "13526260"
  },
  {
    "ID Number": "13515349"
  },
  {
    "ID Number": "13514067"
  },
  {
    "ID Number": "13514784"
  },
  {
    "ID Number": "13502247"
  },
  {
    "ID Number": "13502956"
  },
  {
    "ID Number": "13506480"
  },
  {
    "ID Number": "13510460"
  },
  {
    "ID Number": "13510479"
  },
  {
    "ID Number": "13532278"
  },
  {
    "ID Number": "13522833"
  },
  {
    "ID Number": "13502255"
  },
  {
    "ID Number": "13513087"
  },
  {
    "ID Number": "13536133"
  },
  {
    "ID Number": "13537229"
  },
  {
    "ID Number": "13505653"
  },
  {
    "ID Number": "13512684"
  },
  {
    "ID Number": "13512358"
  },
  {
    "ID Number": "13518062"
  },
  {
    "ID Number": "13518178"
  },
  {
    "ID Number": "13521586"
  },
  {
    "ID Number": "13527479"
  },
  {
    "ID Number": "13535307"
  },
  {
    "ID Number": "13512862"
  },
  {
    "ID Number": "13519417"
  },
  {
    "ID Number": "13530429"
  },
  {
    "ID Number": "13524054"
  },
  {
    "ID Number": "13531212"
  },
  {
    "ID Number": "13531107"
  },
  {
    "ID Number": "13537059"
  },
  {
    "ID Number": "13517457"
  },
  {
    "ID Number": "13524658"
  },
  {
    "ID Number": "13508695"
  },
  {
    "ID Number": "13516418"
  },
  {
    "ID Number": "13505211"
  },
  {
    "ID Number": "13515527"
  },
  {
    "ID Number": "13506323"
  },
  {
    "ID Number": "13512870"
  },
  {
    "ID Number": "13520466"
  },
  {
    "ID Number": "13525204"
  },
  {
    "ID Number": "13516841"
  },
  {
    "ID Number": "13527622"
  },
  {
    "ID Number": "13516663"
  },
  {
    "ID Number": "13521748"
  },
  {
    "ID Number": "13522655"
  },
  {
    "ID Number": "13528718"
  },
  {
    "ID Number": "13539582"
  },
  {
    "ID Number": "13512170"
  }
]