ID Number,Name,Fed,Sex,Title,WTit,OTit,Rating,Gms,K,RatingMonth,B-day,Flag
13316745,"Abajyan, Lika",ARM,F,,,,1735,0,40,SEP25,2007,wi
13323806,"Abgaryan, Gnel",ARM,M,,,,1528,0,40,SEP25,2015,
13313193,"Abgaryan, Harutyun V.",ARM,M,,,,1858,0,20,SEP25,2003,i
13303406,"Abkarian, Suren",ARM,M,,,,2029,0,20,SEP25,1959,i
13313355,"Abrahamyan, Radik",ARM,M,,,,1926,0,20,SEP25,2006,i
13321544,"Adamyan, Raffi",ARM,M,,,,1587,0,40,SEP25,2014,
13314629,"Adashyan, Milena",ARM,F,,,,1557,0,20,SEP25,2006,wi
13317504,"Adirkhaev, Mikhail",ARM,M,,,,1594,0,40,SEP25,2010,i
13314823,"Agasarov, Benik",ARM,M,IM,,,2246,11,40,SEP25,2009,
13319981,"Aghabekyan, Davit",ARM,M,,,,1452,0,40,SEP25,2011,
13320777,"Aghajanyan, Ruzanna",ARM,F,,,,1472,0,20,SEP25,2006,wi
13302841,"Aghasaryan, Robert",ARM,M,GM,,,2471,0,10,SEP25,1994,i
13329413,"Aghayan, Hayk",ARM,M,,,,1615,9,40,SEP25,2017,
13319892,"Aghazaryan, Albert",ARM,M,,,,1864,8,40,SEP25,2011,
13317326,"Aghekyan, Mark",ARM,M,,,,1584,0,40,SEP25,2011,i
13322397,"Aghoyan, Gevorg",ARM,M,,,,1671,24,40,SEP25,2015,
13743139,"Aiteshov, Artur",ARM,M,,,,1535,0,40,SEP25,2009,i
13324020,"Alaverdyan, Gerasim",ARM,M,,,,1525,0,20,SEP25,1999,
13303058,"Alaverdyan, Gevorg",ARM,M,FM,,,2232,0,20,SEP25,1990,
13313630,"Alaverdyan, Tigran",ARM,M,,,,1578,0,20,SEP25,2001,i
13323245,"Alaverdyan, Tigran G.",ARM,M,,,,1456,0,40,SEP25,2015,i
13319205,"Aleksanyan, Aleks",ARM,M,,,,1669,0,40,SEP25,2008,i
13318276,"Aleksanyan, Arame",ARM,M,,,,1478,0,40,SEP25,2009,i
13315374,"Aleksanyan, Davit",ARM,M,,,,2135,18,40,SEP25,2008,
13322486,"Aleksanyan, Davit A.",ARM,M,,,,1410,0,40,SEP25,2013,i
13306634,"Aleksanyan, Hrant",ARM,M,CM,,,2272,0,20,SEP25,1998,i
13322753,"Aleksanyan, Pargev",ARM,M,,,,1556,0,40,SEP25,2014,
13313550,"Alexanyan, Aleks",ARM,M,,,,1710,0,20,SEP25,2004,i
13313533,"Alexanyan, Nina",ARM,F,,,,1434,0,20,SEP25,2006,w
13315013,"Alikhanyan, Artak",ARM,M,,,,2135,0,20,SEP25,2005,
13318497,"Alvanjyan, Aida",ARM,F,,,,1737,0,40,SEP25,2008,wi
13308963,"Ambarjyan, Tereza",ARM,F,,,,1793,0,20,SEP25,2000,w
34161112,"Ambartsumian, Tyhran",ARM,M,CM,,,2188,0,40,SEP25,2012,
13324225,"Ananyan, Aren",ARM,M,,,,1427,0,40,SEP25,2011,i
13309994,"Ananyan, Hrachya",ARM,M,,,,1872,0,20,SEP25,2003,i
13316869,"Andreasyan, Edgar",ARM,M,,,,2049,0,40,SEP25,2008,
13302000,"Andriasian, Zaven",ARM,M,GM,,,2556,11,10,SEP25,1989,
13301926,"Andriasyan, Siranush",ARM,F,WIM,WIM,,2146,0,20,SEP25,1986,wi
13303112,"Antinyan, Armen",ARM,M,,,,2121,0,20,SEP25,1989,i
13315625,"Antonyan, Hamlet",ARM,M,,,,1980,0,40,SEP25,2008,
13321609,"Antonyan, Lyudmila",ARM,F,,,,1509,6,40,SEP25,2011,w
13303023,"Antonyan, Mikhail",ARM,M,,,,1734,10,20,SEP25,1983,
13311514,"Antonyan, Samvel",ARM,M,,,,1827,0,20,SEP25,2003,i
13320246,"Antonyan, Sergey",ARM,M,,,,1771,0,40,SEP25,2011,i
13324705,"Aparyan, Nerses",ARM,M,,,,1553,0,40,SEP25,2013,
13320998,"Apresyan, Artur",ARM,M,,,,1529,0,40,SEP25,2012,i
13321510,"Apunc, Tigran",ARM,M,,,,1560,0,40,SEP25,2009,i
13307061,"Apyan, Hayk",ARM,M,,,,1943,0,20,SEP25,1998,i
13301900,"Arakeljan, Alexandr",ARM,M,,,,2254,0,20,SEP25,1958,i
13326805,"Arakelyan, Alen",ARM,M,,,,1648,0,40,SEP25,2013,
13324837,"Arakelyan, Feliks",ARM,M,,,,1608,6,40,SEP25,2013,
13317415,"Arakelyan, Manvel",ARM,M,FM,,,2206,29,40,SEP25,2011,
13307657,"Arakelyan, Nare",ARM,F,,,,1891,0,20,SEP25,1995,wi
13320831,"Arakelyan, Narek A.",ARM,M,,,,1703,0,40,SEP25,2010,
13313959,"Arakelyan, Syuzanna",ARM,F,,,,1762,0,40,SEP25,2008,wi
13301063,"Arustamian, Artur",ARM,M,IM,,,2353,0,20,SEP25,1974,i
13308815,"Arutinyan, Varazdat",ARM,M,,,,1869,0,20,SEP25,2001,
13326236,"Arzakantsyan, Marika",ARM,F,,,,1500,0,40,SEP25,2014,wi
13319515,"Arzumanyan, Avetik",ARM,M,,,,1719,0,40,SEP25,2012,
13303120,"Arzumanyan, Hovhannes",ARM,M,CM,,,2211,0,20,SEP25,1990,
13305700,"Asatryan, Sona",ARM,F,WIM,WIM,,2037,0,20,SEP25,1999,wi
13317881,"Askanazyan, Gor",ARM,M,,,,1853,0,40,SEP25,2010,
13319299,"Aslanyan, Arman S.",ARM,M,,,,1676,0,40,SEP25,2013,
13318047,"Aslibekyan, Narine",ARM,F,,,,1621,0,40,SEP25,2008,w
13322524,"Asryan, Aram",ARM,M,,,,1444,0,40,SEP25,2015,i
13307665,"Atabekyan, Sargis",ARM,M,,,,2090,0,20,SEP25,1984,i
13316966,"Atoyan, Gor",ARM,M,,,,1671,0,20,SEP25,2006,i
13327585,"Atoyan, Vahe",ARM,M,,,,1773,0,20,SEP25,2002,
13320688,"Avagyan, Alen",ARM,M,,,,1441,0,40,SEP25,2010,i
13318128,"Avagyan, Artush",ARM,M,,,,1864,0,40,SEP25,2008,
13329278,"Avagyan, Hayk",ARM,M,,,,1494,7,40,SEP25,1963,
13314483,"Avagyan, Nare",ARM,F,,,,1522,0,20,SEP25,2003,wi
13306413,"Avagyan, Razmik A.",ARM,M,,,,1891,0,20,SEP25,1997,i
13320912,"Avagyan, Suren",ARM,M,,,,1583,0,40,SEP25,2012,
13318845,"Avalyan, Samvel",ARM,M,,,,1679,0,40,SEP25,2008,i
13317334,"Avanesyan, Aleksandr",ARM,M,,,,1988,18,40,SEP25,2011,
13324276,"Avanesyan, Arkadya",ARM,M,,,,1447,0,40,SEP25,2010,i
13305212,"Avdalyan, Arman",ARM,M,,,,2108,0,20,SEP25,1981,i
13301012,"Avetisian, Manvel",ARM,M,IM,FST,,2304,0,20,SEP25,1980,i
13324713,Avetisyan Gor A.,ARM,M,,,,1524,0,40,SEP25,2016,
13319035,"Avetisyan, Ani",ARM,F,,,,1961,0,40,SEP25,2009,w
13323911,"Avetisyan, Arman G.",ARM,M,,,,1589,0,40,SEP25,2013,
13302140,"Avetisyan, Ashot",ARM,M,,,,1961,0,20,SEP25,1949,i
13320459,"Avetisyan, Ashot A.",ARM,M,,,,1822,16,40,SEP25,2015,
13307622,"Avetisyan, Mariam",ARM,F,WFM,WFM,,1935,0,20,SEP25,2000,w
13329600,"Avetisyan, Mark",ARM,M,,,,1594,8,40,SEP25,2015,
13311697,"Avetisyan, Suren",ARM,M,,,,1897,8,20,SEP25,2001,
4121953,"Avetuntsi, Gagik",ARM,M,,,,1992,0,20,SEP25,1996,i
13324179,"Avtandilyan, Aramayis",ARM,M,,,,1592,0,40,SEP25,2012,
13327208,"Aybekyan, Syuzanna",ARM,F,,,,1415,0,40,SEP25,2013,w
13320599,"Ayvazyan, Ashot",ARM,M,,,,1804,10,40,SEP25,2012,
13320742,"Ayvazyan, Gor",ARM,M,,,,1584,0,40,SEP25,2013,i
13325604,"Ayvazyan, Gor K.",ARM,M,,,,1533,0,40,SEP25,2013,
13311808,"Ayvazyan, Poghos",ARM,M,,,,1839,0,20,SEP25,2003,i
13303902,"Azaryan, Tigran",ARM,M,,,,2015,0,20,SEP25,1995,i
13313525,"Azatyan, Vergine",ARM,F,,,,1573,0,20,SEP25,2005,wi
13301519,"Azizbekyan, Haik",ARM,M,,,,1866,0,20,SEP25,1993,i
13323210,"Babayan, Albert",ARM,M,,,,1437,0,40,SEP25,2014,
13322265,"Babayan, Arman V.",ARM,M,,,,1453,0,20,SEP25,2006,i
13304135,"Babayan, Armine",ARM,F,,,,2043,0,20,SEP25,1990,wi
13310194,"Babayan, Erik",ARM,M,,,,1846,0,20,SEP25,1984,i
13301993,"Babujian, Levon",ARM,M,GM,,,2326,20,10,SEP25,1986,
13323628,"Babujyan, Samvel",ARM,M,,,,1489,0,40,SEP25,2010,i
13310763,"Badalyan, Seda",ARM,F,,,,1728,0,20,SEP25,2006,w
13305824,"Baghdasaryan, Alexander",ARM,M,,,,1966,0,20,SEP25,1997,i
13323822,"Baghdasaryan, Arno",ARM,M,,,,1535,0,40,SEP25,2010,i
13319523,"Baghdasaryan, Davit",ARM,M,,,,2044,10,40,SEP25,2009,
13303139,"Baghdasaryan, Vahe",ARM,M,GM,,,2148,10,10,SEP25,1993,
13323962,"Baghmanyan, Hakob",ARM,M,,,,1556,0,40,SEP25,2015,
13322516,"Baghramyan, Sofia",ARM,F,,,,ACM,1633,18,SEP25,2016,w
13325787,"Baghumyan, Ruben",ARM,M,,,,1553,4,40,SEP25,2013,
13311212,"Baghyan, Van",ARM,M,,,,1611,0,20,SEP25,2005,i
13304097,"Bakunts, Rafael",ARM,M,IM,,,2311,0,20,SEP25,1993,i
13318004,"Bal, Narek",ARM,M,,,,1735,0,40,SEP25,2007,i
13313517,"Balasanyan, Gayane",ARM,F,,,,1678,0,20,SEP25,2005,wi
13324756,"Balchunas, Arpi",ARM,F,,,,1477,0,40,SEP25,2015,w
13319922,"Baldryan, Mikael",ARM,M,,,,1616,0,40,SEP25,2013,i
13322966,"Barseghyan, Angel",ARM,M,,,,1526,0,40,SEP25,2012,i
13306707,"Barseghyan, Armen Ar.",ARM,M,IM,,,2340,0,20,SEP25,2003,i
13318659,"Barseghyan, Georgi",ARM,M,,,,1792,0,40,SEP25,2008,
13323873,"Barseghyan, Manuel",ARM,M,,,,1561,0,40,SEP25,2013,i
13308092,"Barseghyan, Narek",ARM,M,,NA,,1862,0,20,SEP25,1997,
13300385,"Barsegian, Ararat",ARM,M,,,,2069,0,20,SEP25,1958,
13300725,"Basencyan, Mark",ARM,M,,,,2054,0,20,SEP25,1992,i
13320874,"Bazikyan, Artur",ARM,M,,,,1569,0,40,SEP25,2013,i
13302213,"Begjanyan, Hrayr",ARM,M,,,,2042,0,20,SEP25,1959,i
13320661,"Bondarenko, Viktoria B.",ARM,F,,,,1505,0,40,SEP25,2008,w
13302558,"Botoyan, Smbat",ARM,M,,,,2103,0,20,SEP25,1987,
13307037,"Boyajyan, Hayk",ARM,M,,,,1832,18,20,SEP25,1985,
13310070,"Brutyan, Hamlet",ARM,M,,,,1816,0,20,SEP25,2005,i
13313673,"Brutyan, Zhirayr",ARM,M,,,,1686,0,20,SEP25,1980,i
13321617,"Budaghyan, Areg",ARM,M,,,,1429,0,40,SEP25,2014,
13302779,"Chakhoyan, Konstantin",ARM,M,,,,1882,0,20,SEP25,1973,
13312340,"Chaqryan, Erik",ARM,M,FM,,,2342,0,20,SEP25,2005,
13315889,"Chatinyan, Gagik",ARM,M,,,,2128,0,20,SEP25,2006,i
13300717,"Chibukhchian, Artur",ARM,M,GM,FT,,2289,11,20,SEP25,1979,
13325345,"Chilingaryan, Ariana",ARM,F,,,,1600,0,40,SEP25,2015,wi
13316443,"Chobanyan, Samvel",ARM,M,,,,1598,0,40,SEP25,2010,
13318926,"Dabaghyan, Tigran",ARM,M,,,,1620,0,40,SEP25,2009,i
13318853,"Dadasyan, Tigran",ARM,M,,,,1730,0,40,SEP25,2011,
13300210,"Danielian, Elina",ARM,F,GM,WGM,,2373,0,10,SEP25,1978,w
13321250,"Danielyan, Aida",ARM,F,,,,1497,0,40,SEP25,2011,wi
13321803,"Danielyan, Hovhannes",ARM,M,,,,1588,0,20,SEP25,2000,i
13319841,"Danielyan, Lilia",ARM,F,,,,1581,0,40,SEP25,2010,w
13327623,"Danielyan, Robert",ARM,M,,,,1483,0,40,SEP25,2012,
13321269,"Danielyan, Rostom",ARM,M,,,,1552,0,40,SEP25,2013,i
13304828,"Danielyan, Vahe",ARM,M,IM,,,2316,0,10,SEP25,1997,
13319647,"Darmanjyan, Hakob",ARM,M,,,,1653,16,40,SEP25,2013,
13317911,"Davtyan, Aleks",ARM,M,,,,1511,0,40,SEP25,2011,i
13314050,"Davtyan, Ara",ARM,M,,,,1717,0,40,SEP25,2007,i
13309315,"Davtyan, Arsen",ARM,M,IM,,,2271,18,20,SEP25,2006,
13308327,"Davtyan, Artur",ARM,M,IM,,,2399,11,10,SEP25,2002,
13310046,"Davtyan, David Arm.",ARM,M,FM,,,2190,0,20,SEP25,2003,
13319248,"Davtyan, Davit A.",ARM,M,,,,1466,0,40,SEP25,2011,
13318969,"Davtyan, Davit M.",ARM,M,,,,2071,18,40,SEP25,2009,
13316702,"Davtyan, Gegham",ARM,M,,,,1525,0,40,SEP25,2011,i
13325000,"Davtyan, Hovik",ARM,M,,,,1612,16,40,SEP25,2017,
13317270,"Davtyan, Levon",ARM,M,,,,1507,0,20,SEP25,1988,i
13301543,"Davtyan, Taron",ARM,M,,,,1831,0,20,SEP25,1993,
13324063,"Dermenjyan, Harutyun",ARM,M,,,,1618,0,40,SEP25,2014,
13303570,"Dilanyan, Grigor",ARM,M,FM,,,2225,11,20,SEP25,1993,
13319167,"Diloyan, Angelina",ARM,F,,,,1531,0,40,SEP25,2011,w
13303619,"Diloyan, Ara",ARM,M,,,,2214,0,20,SEP25,1995,i
13323997,"Dovlatyan, Stepan",ARM,M,,,,1820,0,20,SEP25,1981,i
34475990,"Dzhalalian, Nelli",ARM,F,,,,1793,0,40,SEP25,2010,w
13320076,"Eranosyan, Dzonik",ARM,M,,,,1699,0,40,SEP25,2010,i
13315030,"Fanarjyan, Narek",ARM,M,,,,1525,0,20,SEP25,2005,i
13303627,"Gaboyan, Susanna",ARM,F,WIM,WIM,,2047,0,20,SEP25,1996,w
13305204,"Gabrielian, Ignat",ARM,M,,,,1933,0,20,SEP25,1986,i
13316605,"Gabrielyan, Mariya",ARM,F,,,,1710,0,20,SEP25,2004,wi
13303732,"Gabuzyan, Hovhannes",ARM,M,GM,,,2497,0,10,SEP25,1995,
13313363,"Galajyan, Armen",ARM,M,,,,2070,0,20,SEP25,2006,i
13300067,"Galdunts, Sergey",ARM,M,GM,,,2430,0,10,SEP25,1965,i
13301314,"Galojan, Lilit",ARM,F,IM,WGM,,2275,0,20,SEP25,1983,wi
13315455,"Galstyan, Arame",ARM,M,,,,1546,0,40,SEP25,2007,i
13321323,"Galstyan, Ghukas",ARM,M,,,,1683,0,40,SEP25,2010,
13304194,"Galstyan, Hayk",ARM,M,,,,1995,0,20,SEP25,1991,i
13315293,"Galstyan, Maria",ARM,F,,,,1617,0,40,SEP25,2009,wi
13315609,"Galstyan, Sargis",ARM,M,,,,1572,0,40,SEP25,2007,i
13320769,"Gapoyan, Hayk",ARM,M,,,,1459,0,40,SEP25,2011,i
13302760,"Gasparian, Haik",ARM,M,,,,1902,0,20,SEP25,1993,
13300903,"Gasparian, Tigran",ARM,M,FM,NA,,2187,0,20,SEP25,1979,i
34290788,"Gasparov, Sergo G.",ARM,M,,,,1782,0,40,SEP25,2010,
13318942,"Gasparyan, Beniamin",ARM,M,,,,1801,10,40,SEP25,2011,
13315730,"Gasparyan, Erik R.",ARM,M,IM,,,2369,11,20,SEP25,2007,
13320785,"Gasparyan, Hayk",ARM,M,,,,1429,0,40,SEP25,2014,
13327704,"Gasparyan, Jivan",ARM,M,,,,1473,0,40,SEP25,2013,
13311670,"Gasparyan, Milena",ARM,F,,,,1825,0,20,SEP25,2006,wi
13328662,"Gasparyan, Monte",ARM,M,,,,1564,16,40,SEP25,2017,
13307339,"Gasparyan, Rafik",ARM,M,,,,1981,0,20,SEP25,2001,i
13305735,"Gesyan, Suren",ARM,M,,,,1993,0,20,SEP25,1999,
13309951,"Gevorgyan, Albert",ARM,M,,,,2086,0,20,SEP25,2003,i
13323946,"Gevorgyan, Albert R.",ARM,M,,,,1871,0,20,SEP25,1998,
13314793,"Gevorgyan, Alen",ARM,M,,,,1957,0,20,SEP25,2005,i
13305646,"Gevorgyan, Anahit",ARM,F,,,,1682,0,20,SEP25,1986,w
13321811,"Gevorgyan, Artur",ARM,M,,NA,,1575,0,20,SEP25,1997,i
13303244,"Gevorgyan, David Sh.",ARM,M,IM,,,2244,18,10,SEP25,1991,
13318624,"Gevorgyan, Emil A.",ARM,M,,,,1542,0,40,SEP25,2008,i
13310356,"Gevorgyan, Grigor",ARM,M,,,,1873,0,20,SEP25,1990,i
13300270,"Gevorgyan, Maria",ARM,F,WGM,WGM,,2269,27,20,SEP25,1994,w
13316524,"Gevorgyan, Nrane",ARM,F,,,,1612,0,40,SEP25,2010,wi
13316818,"Gevorgyan, Olga",ARM,F,,,,1664,0,40,SEP25,2009,wi
13325175,"Gevorgyan, Stepan",ARM,M,,,,1441,0,40,SEP25,2012,
13320564,"Gevorgyan, Tigran I.",ARM,M,,,,1648,0,40,SEP25,2007,
34264159,"Gevorkyan, Mark",ARM,M,,,,1571,0,40,SEP25,2011,
13304453,"Ghambaryan, Hasmik",ARM,F,,,,1810,0,20,SEP25,1989,wi
13309668,"Ghandoyan, Seyran",ARM,M,,,,1488,0,20,SEP25,2005,i
13303279,"Gharagyozyan, Artur",ARM,M,,,,1974,0,20,SEP25,1987,
13319329,"Gharibyan, Hamlet",ARM,M,,,,1600,0,40,SEP25,2008,i
13308300,"Gharibyan, Mamikon",ARM,M,GM,,,2388,0,10,SEP25,2004,
13306430,"Gharibyan, Mane",ARM,F,,,,1690,0,20,SEP25,2000,w
13319370,"Gharibyan, Ogsen",ARM,M,,,,1615,0,40,SEP25,2007,i
13323660,"Gharibyan, Tigran M.",ARM,M,,,,1783,0,20,SEP25,1960,i
13323717,"Ghazaryan, Arame",ARM,M,,,,AGM,1719,18,SEP25,2008,
13320580,"Ghazaryan, Artyom",ARM,M,,,,1462,0,20,SEP25,2006,i
13308203,"Ghazaryan, Gor",ARM,M,,,,1985,0,20,SEP25,1988,i
13318187,"Ghazaryan, Narek E.",ARM,M,CM,,,2057,0,40,SEP25,2010,
13308505,"Ghazaryan, Raffi",ARM,M,,,,1979,0,20,SEP25,2004,
60900083,"Ghazaryan, Suren",ARM,M,,,,AIM,1745,8,SEP25,2005,
13312073,"Ghevondyan, Arman",ARM,M,CM,,,2225,0,20,SEP25,2002,
13315412,"Ghimoyan, Narek",ARM,M,CM,,,2198,0,40,SEP25,2007,
13307789,"Ghukasyan, Haykaz",ARM,M,,,,1904,8,20,SEP25,1997,
13320513,"Ghukasyan, Nver",ARM,M,,,,ACM,1478,0,SEP25,2012,i
13300946,"Ghukasyan, Siranush",ARM,F,WIM,WIM,,2013,0,20,SEP25,1998,wi
13317083,"Ghukasyan, Yervand",ARM,M,,,,1741,0,20,SEP25,2006,i
13309870,"Ghulyan, Janik",ARM,M,,,,1885,0,20,SEP25,2000,i
13313860,"Goginyan, Tamar",ARM,F,,,,1704,0,40,SEP25,2007,w
13325825,"Grigoryan, Aleksey",ARM,M,,,,1528,0,40,SEP25,2012,
13317482,"Grigoryan, Alen S.",ARM,M,,,,1662,0,40,SEP25,2009,i
13310542,"Grigoryan, Aram",ARM,M,,,,1986,0,20,SEP25,2005,i
13307231,"Grigoryan, Arpine",ARM,F,WFM,WFM,,1946,0,20,SEP25,2001,wi
13310500,"Grigoryan, Ashot",ARM,M,,,,1813,0,20,SEP25,1960,i
13302191,"Grigoryan, Avetik",ARM,M,GM,,,2533,0,10,SEP25,1989,i
13324241,"Grigoryan, Daniel",ARM,M,,,,1495,0,40,SEP25,2011,
13317768,"Grigoryan, Davit S.",ARM,M,,,,1699,8,40,SEP25,2011,
13318730,"Grigoryan, Edvard",ARM,M,,,,1704,0,40,SEP25,2007,i
13324950,"Grigoryan, Garnik",ARM,M,,,,1455,4,40,SEP25,2014,
13328166,"Grigoryan, Grigor",ARM,M,,,,2008,0,20,SEP25,2001,
13324454,"Grigoryan, Hamlet H.",ARM,M,,,,1447,0,40,SEP25,2011,i
13326376,"Grigoryan, Hayk",ARM,M,,,,1617,0,40,SEP25,2010,i
13312278,"Grigoryan, Hayk V.",ARM,M,,,,1798,0,20,SEP25,2006,i
13320726,"Grigoryan, Hrachya",ARM,M,,,,1618,0,20,SEP25,1993,i
13301004,"Grigoryan, Karen H.",ARM,M,GM,,,2644,0,10,SEP25,1995,
13322800,"Grigoryan, Mihran",ARM,M,,,,1466,0,40,SEP25,2011,
13322893,"Grigoryan, Narek",ARM,M,,,,1488,0,40,SEP25,2011,
13323504,"Grigoryan, Rafik",ARM,M,,,,1555,0,20,SEP25,1986,i
13324691,"Grigoryan, Robert",ARM,M,,,,1570,0,40,SEP25,2014,
13312669,"Grigoryan, Robert Sh.",ARM,M,,,,AGM,1754,8,SEP25,2003,
13328395,"Grigoryan, Sergey A.",ARM,M,,,,1509,0,40,SEP25,2014,
13315056,"Grigoryan, Suren",ARM,M,,,,1911,0,20,SEP25,2006,
13324985,"Grigoryan, Tigran A.",ARM,M,,,,1507,0,40,SEP25,2012,i
13317547,"Grigoryan, Vahe N.",ARM,M,,,,1591,0,40,SEP25,2007,i
13308653,"Gulishyan, Artur",ARM,M,,,,1713,0,20,SEP25,1996,i
13319736,"Gyulumyan, Minas",ARM,M,,,,1466,0,40,SEP25,2009,i
13318179,"Gyurjinyan, Valter",ARM,M,CM,,,2302,18,20,SEP25,2009,
13319000,"Hakobova, Alisa",ARM,F,,,,1763,0,40,SEP25,2008,w
60900067,"Hakobyan, Allen",ARM,M,,,,2047,18,40,SEP25,2008,
13323563,"Hakobyan, Andranik A.",ARM,M,,,,1683,0,40,SEP25,2009,
13306677,"Hakobyan, Aram",ARM,M,GM,,,2581,0,10,SEP25,2001,
13311751,"Hakobyan, Astghik",ARM,F,WFM,WFM,,1948,0,20,SEP25,2005,wi
13313940,"Hakobyan, Erik",ARM,M,IM,,,2311,0,20,SEP25,2006,
13326058,"Hakobyan, Hakob",ARM,M,,,,1452,0,40,SEP25,2011,i
13309285,"Hakobyan, Hakob Mk.",ARM,M,,,,1867,0,20,SEP25,2003,i
13308807,"Hakobyan, Hakob V.",ARM,M,,,,2220,18,20,SEP25,2001,
13306308,"Hakobyan, Hovhannes H.",ARM,M,FM,,,2052,0,20,SEP25,1997,
13320475,"Hakobyan, Liana",ARM,F,,,,1565,0,40,SEP25,2010,w
13313274,"Hakobyan, Menua",ARM,M,,,,2111,9,40,SEP25,2008,
13312235,"Hakobyan, Norayr",ARM,M,,,,1844,9,20,SEP25,2003,
13306782,"Hakobyan, Romik",ARM,M,,,,2077,0,20,SEP25,1996,
13322001,"Hakobyan, Sergey E.",ARM,M,,,,1468,0,40,SEP25,2010,
13326457,"Halulyan, Hayk",ARM,M,,,,1514,0,40,SEP25,2012,
13302795,"Hambardzumian, Yuri",ARM,M,IM,,,2269,0,20,SEP25,1988,i
13317261,"Hambardzumyan, Eduard",ARM,M,,,,1605,0,20,SEP25,1991,i
13323865,"Hambardzumyan, Hrayr",ARM,M,,,,1755,0,20,SEP25,1992,i
13300873,"Harutjunyan, Gevorg",ARM,M,GM,FST,,2384,0,10,SEP25,1981,
13326279,"Harutyunyan, Alen",ARM,M,,,,1500,0,40,SEP25,2014,
13318632,"Harutyunyan, Arman G.",ARM,M,,,,1992,0,40,SEP25,2011,
13317890,"Harutyunyan, Armen A.",ARM,M,,,,1567,0,40,SEP25,2013,i
13309137,"Harutyunyan, Avik",ARM,M,,,,1648,0,20,SEP25,2005,
13321935,"Harutyunyan, Davit A.",ARM,M,,,,1459,0,40,SEP25,2010,i
13319604,"Harutyunyan, Gabriela",ARM,F,,,,1826,16,40,SEP25,2012,w
13311255,"Harutyunyan, Gor",ARM,M,,,,1900,0,20,SEP25,2005,i
13319566,"Harutyunyan, Gor E.",ARM,M,,,,1693,0,40,SEP25,2011,
13325434,"Harutyunyan, Lidia",ARM,F,,,,1568,0,40,SEP25,2012,wi
13316672,"Harutyunyan, Meline",ARM,F,,,,1698,0,20,SEP25,2006,w
13320289,"Harutyunyan, Paylak",ARM,M,,,,1591,0,40,SEP25,2009,i
13322648,"Harutyunyan, Smbat",ARM,M,,,,1653,18,40,SEP25,2015,
13303635,"Harutyunyan, Tigran K.",ARM,M,GM,,,2308,0,10,SEP25,1997,
13322850,"Harutyunyan, Viktoria",ARM,F,,,,1638,24,40,SEP25,2012,w
13321340,"Harutyunyan, Yura",ARM,M,,,,1567,0,40,SEP25,2007,i
13324888,"Hayrapetyan, Ani",ARM,F,,,,1610,9,40,SEP25,2014,w
13321234,"Hayrapetyan, Anri",ARM,M,,,,1636,0,40,SEP25,2012,
13300890,"Hayrapetyan, Arman Ash.",ARM,M,IM,,,2366,0,20,SEP25,1979,
13304240,"Hayrapetyan, Artavazd R.",ARM,M,FM,,,2400,0,10,SEP25,1991,
13317830,"Hayrapetyan, Ashot",ARM,M,,,,1546,0,40,SEP25,2012,
13313568,"Hayrapetyan, Edgar",ARM,M,FM,,,2239,0,40,SEP25,2007,
13326465,"Hayrapetyan, Gor A.",ARM,M,,,,1580,0,40,SEP25,2011,i
13318985,"Hayrapetyan, Hakob",ARM,M,,,,1709,0,40,SEP25,2010,i
13302639,"Hayrapetyan, Hovik",ARM,M,GM,,,2326,0,10,SEP25,1990,
13316460,"Hayrapetyan, Nvard",ARM,F,,,,1996,0,40,SEP25,2008,w
13318144,"Himosyan, Aram",ARM,M,,,,1567,0,20,SEP25,2006,i
13324055,"Hovakimyan, Armen",ARM,M,,,,1647,0,40,SEP25,2008,i
13319590,"Hovakimyan, Khachik",ARM,M,,,,1827,14,40,SEP25,2009,
13319124,"Hovakimyan, Nare",ARM,F,,,,1574,0,40,SEP25,2008,w
13317288,"Hovakimyan, Vache",ARM,M,FM,,,2241,18,40,SEP25,2009,
13314700,"Hovhannisyan, Arshak",ARM,M,,,,1930,0,20,SEP25,1994,i
13315919,"Hovhannisyan, Artyom",ARM,M,,,,1660,0,40,SEP25,2007,i
13320017,"Hovhannisyan, Hayk S.",ARM,M,,,,1566,0,40,SEP25,2009,i
13323741,"Hovhannisyan, Hrant",ARM,M,,,,1621,0,20,SEP25,1993,i
13306618,"Hovhannisyan, Karen G.",ARM,M,,,,2165,0,20,SEP25,1997,i
13308483,"Hovhannisyan, Mane",ARM,F,,,,1830,0,20,SEP25,2003,wi
13318772,"Hovhannisyan, Mikael",ARM,M,,,,1720,0,40,SEP25,2010,
13302922,"Hovhannisyan, Norayr",ARM,M,,NA,,1489,2,20,SEP25,1993,
13316958,"Hovhannisyan, Razmik",ARM,M,,,,1758,0,20,SEP25,2004,i
13302507,"Hovhannisyan, Robert",ARM,M,GM,,,2571,0,10,SEP25,1991,
13310844,"Hovhannisyan, Siranush",ARM,F,,NA,,ACM,1565,0,SEP25,2002,w
13305123,"Hovsepyan, David",ARM,M,,,,2051,0,20,SEP25,1995,i
13314718,"Hovsepyan, Edik",ARM,M,,,,1726,0,40,SEP25,2008,i
13319787,"Hovsepyan, Hamlet",ARM,M,,,,1507,0,40,SEP25,2011,i
13311310,"Hovyan, Nikolay",ARM,M,,,,1777,0,40,SEP25,2008,i
13302167,"Hunanyan, David",ARM,M,,,,2163,0,20,SEP25,1974,i
13317741,"Iboyan, Mikayel",ARM,M,,,,1738,0,40,SEP25,2011,i
13320696,"Isakhanyan, Avik",ARM,M,,,,1862,10,40,SEP25,2011,
13320700,"Isakhanyan, Nare",ARM,F,,,,1602,6,40,SEP25,2014,w
13323580,"Ishkhanyan, Arshak",ARM,M,,,,1411,0,20,SEP25,1995,i
13309030,"Ishkhanyan, Ruben",ARM,M,,,,1912,17,20,SEP25,2002,
13300202,"Kagramanianz, Vartan",ARM,M,IM,,,2201,0,20,SEP25,1966,i
13300300,"Kalantaryan, Norayr",ARM,M,IM,,,2405,0,10,SEP25,1962,i
13302418,"Kalashian, David",ARM,M,IM,,,2490,0,10,SEP25,1989,i
13307797,"Kalashyan, Mykola",ARM,M,,,,1831,0,20,SEP25,1936,i
13302620,"Kalashyan, Varduhi",ARM,F,,,,1912,0,20,SEP25,1990,wi
13318950,"Kalijyan, Rafik",ARM,M,,,,AIM,1589,0,SEP25,2005,i
13317920,"Kandaryan, David",ARM,M,,,,1611,0,40,SEP25,2007,i
13320467,"Kandaryan, Sofi",ARM,F,,,,1459,0,40,SEP25,2011,wi
13314009,"Karagulyan, Armen",ARM,M,,,,1600,0,20,SEP25,2006,i
13316451,"Karakhanyan, Vazgen",ARM,M,,,,1950,0,40,SEP25,2011,
13310526,"Karamyan, Rafayel",ARM,M,,,,AIM,1670,0,SEP25,1997,
13307150,"Karamyan, Vardan",ARM,M,,,,1870,0,20,SEP25,1983,i
13314980,"Karapetyan, Levon",ARM,M,,,,1726,0,40,SEP25,2007,i
13320653,"Karapetyan, Maria",ARM,F,,,,1417,0,40,SEP25,2010,w
13314459,"Karapetyan, Mariam",ARM,F,,,,1729,0,20,SEP25,2004,w
13326589,"Karapetyan, Sargis A.",ARM,M,,,,1484,0,40,SEP25,2014,i
13319914,"Karapetyan, Suren",ARM,M,,,,1595,6,40,SEP25,2012,
13302981,"Karhanyan, Arusyak",ARM,F,,,,1805,0,20,SEP25,1992,wi
13327895,"Kasbarian, Zhirayr",ARM,M,,,,1406,0,40,SEP25,2017,
13318918,"Kasinyan, Lilit",ARM,F,,,,1784,0,40,SEP25,2009,w
13324039,"Kaytsakyan, Robert",ARM,M,,,,1532,0,40,SEP25,2016,
13324632,"Kerobyan, Harutyun",ARM,M,,,,1443,0,40,SEP25,2014,
13322907,"Keshishyan, Natali",ARM,F,,,,1511,0,40,SEP25,2010,w
13325302,"Khachatrian, Narek",ARM,M,,,,1529,0,40,SEP25,2010,
13310780,"Khachatryan, Anna",ARM,F,WFM,WFM,,2004,0,20,SEP25,2002,w
13325094,"Khachatryan, Areg",ARM,M,,,,1405,8,40,SEP25,2017,
13307380,"Khachatryan, Edmond A.",ARM,M,,,,1902,0,20,SEP25,2000,i
13321781,"Khachatryan, Gagik B.",ARM,M,,,,1740,0,40,SEP25,2008,
13304950,"Khachatryan, Hayk",ARM,M,,,,2067,0,20,SEP25,1977,i
13316680,"Khachatryan, Mariam",ARM,F,,,,1840,0,40,SEP25,2007,w
13310437,"Khachatryan, Marieta",ARM,F,,,,1920,0,20,SEP25,2004,w
13310771,"Khachatryan, Nadezhda",ARM,F,,,,1877,0,20,SEP25,2004,w
13324543,"Khachatryan, Narek A.",ARM,M,,,,1549,0,40,SEP25,2016,
13311778,"Khachatryan, Narek S.",ARM,M,,,,1827,0,40,SEP25,2007,
13315072,"Khachatryan, Sahak",ARM,M,,,,1506,0,20,SEP25,2005,i
13309048,"Khachatryan, Samvel S.",ARM,M,CM,,,2134,0,20,SEP25,2003,
13303368,"Khachatryan, Vahag H.",ARM,M,,,,2339,0,20,SEP25,1991,i
13300598,"Khachatryan, Vahagn",ARM,M,IM,FT,,2196,0,20,SEP25,1977,i
13322168,"Khachatryan, Valiko",ARM,M,,,,1564,0,40,SEP25,2010,i
13310852,"Khachatryan, Veronika",ARM,F,WCM,WCM,,1932,0,20,SEP25,2004,wi
13319426,"Khachatryan, Zhora",ARM,M,,,,1571,0,40,SEP25,2009,i
13307398,"Khachikyan, Gagik",ARM,M,,,,1745,0,20,SEP25,1997,i
13304305,"Khachikyan, Haik",ARM,M,,,,1911,9,20,SEP25,1985,
13327690,"Khachikyan, Mikayel",ARM,M,,,,1409,6,40,SEP25,2015,
13306740,"Khachikyan, Yervand",ARM,M,,,,1787,0,20,SEP25,1994,i
13322656,"Khachyan, Alen",ARM,M,,,,1612,0,40,SEP25,2012,i
13315366,"Khalafyan, Nare",ARM,F,,,,1606,0,20,SEP25,2006,wi
13305875,"Khalatyan, Samvel",ARM,M,,,,1818,14,20,SEP25,1992,
13315269,"Khanzadyan, Karapet",ARM,M,,,,1809,0,20,SEP25,1949,i
13305220,"Kharatyan, Roman",ARM,M,,,,1943,0,20,SEP25,1984,i
13329588,"Khechumyan, Manuel",ARM,M,,,,1504,9,40,SEP25,2015,
13322435,"Kheranyan, Vahan",ARM,M,,,,1495,0,40,SEP25,2010,i
13303520,"Khojayan, Vardan",ARM,M,,,,2192,0,20,SEP25,1990,i
13328204,"Khurshudyan, Mher",ARM,M,,,,1481,0,40,SEP25,2013,
13326449,"Kirakosyan, Suren",ARM,M,,,,1483,0,40,SEP25,2011,i
13327313,"Klekchyan, Vasil",ARM,M,,,,1577,0,40,SEP25,2012,
24269727,"Kobak, Polina",ARM,F,WFM,WFM,,1979,0,40,SEP25,2008,wi
13304321,"Kocharyan, Artush",ARM,M,,NA,,1983,0,20,SEP25,1981,i
13321790,"Kocharyan, Davit",ARM,M,,,,1490,0,40,SEP25,2012,
13320718,"Kocharyan, Edmon",ARM,M,,,,1609,0,40,SEP25,2008,i
13310682,"Kocharyan, Hayk",ARM,M,,,,1805,0,20,SEP25,2004,i
13303775,"Kocharyan, Hovik",ARM,M,,,,1996,0,20,SEP25,1984,i
13318322,"Kocharyan, Rudik",ARM,M,,,,1456,0,20,SEP25,2003,
13319540,"Kocharyan, Samvel",ARM,M,,,,1413,0,40,SEP25,2013,i
13317300,"Kocharyan, Sona",ARM,F,,,,1543,0,40,SEP25,2010,wi
13318519,"Kocharyan, Vache",ARM,M,,,,1925,0,40,SEP25,2012,i
13310801,"Kochinyan, Hasmik",ARM,F,,,,1678,0,20,SEP25,2005,wi
13302299,"Kogarov, Karapet",ARM,M,,,,1879,0,20,SEP25,1989,
13310470,"Kojoyan, Artur",ARM,M,,,,1670,0,20,SEP25,2001,
13322729,"Konjarov, Gagik",ARM,M,,,,1421,0,40,SEP25,2013,i
13325485,"Konjoryan, Slava",ARM,M,,,,1710,0,40,SEP25,2014,i
13301250,"Kotanjian, Tigran",ARM,M,GM,,,2400,0,10,SEP25,1981,i
13324500,"Krkyasharyan, Maria",ARM,F,,,,1582,16,40,SEP25,2015,w
13316729,"Krkyasharyan, Sona",ARM,F,,,,1953,26,40,SEP25,2010,w
13316630,"Kudryashev, Edgar",ARM,M,,,,1907,0,40,SEP25,2007,
13316621,"Kudryashev, Tovmas",ARM,M,,,,1510,0,20,SEP25,2005,i
13318721,"Kurghinyan, Gagik",ARM,M,,,,1941,0,40,SEP25,2009,
13322613,"Kushkyan, Artyom",ARM,M,,,,1610,0,40,SEP25,2009,i
13306316,"Lazaryan, Sargis",ARM,M,,,,1664,0,20,SEP25,2000,
13306260,"Machkalyan, Haik",ARM,M,,,,1974,0,20,SEP25,1997,i
13326406,"Madantsyan, Argishti",ARM,M,,,,1480,0,20,SEP25,1993,
13319159,"Maghakyan, Hayk",ARM,M,,,,1853,0,40,SEP25,2011,
13328760,"Maheshwari, Vimla",ARM,F,,,,1522,16,40,SEP25,2015,w
13326309,"Mailyan, Yuri",ARM,M,,,,1467,0,40,SEP25,2012,i
13302256,"Makaryan, Karen",ARM,M,,,,2068,0,20,SEP25,1972,i
13302310,"Mamikonyan, Tigran",ARM,M,FM,,,2280,0,20,SEP25,1988,i
13314343,"Manaseryan, Narek",ARM,M,,,,1848,0,20,SEP25,2004,i
13329618,"Mangasaryan, Arsen Z.",ARM,M,,,,1669,9,40,SEP25,2016,
13322451,"Manougian, Hrayr",ARM,M,,,,1497,0,40,SEP25,2008,i
13312146,"Manucharian, Mark",ARM,M,,,,1664,0,20,SEP25,2003,i
13324667,"Manucharyan, Artyom",ARM,M,,,,1499,0,40,SEP25,2010,i
13322346,"Manucharyan, Manvel",ARM,M,,,,1413,0,40,SEP25,2010,
13301373,"Manukian, Artak",ARM,M,,,,1981,10,20,SEP25,1978,
13302647,"Manukian, Garuch",ARM,M,,,,2207,0,20,SEP25,1988,i
13309293,"Manukyan, Aleks",ARM,M,,,,2214,0,20,SEP25,2003,
13312952,"Manukyan, Ani",ARM,F,,,,1613,0,20,SEP25,2002,wi
13308734,"Manukyan, Anton A.",ARM,M,,,,1920,0,20,SEP25,1999,i
13305786,"Manukyan, Artyom",ARM,M,CM,,,2109,0,20,SEP25,1999,i
13323792,"Manukyan, David H.",ARM,M,,,,1507,0,40,SEP25,2011,i
13323520,"Manukyan, Gor",ARM,M,,,,1466,0,40,SEP25,2009,i
13312677,"Manukyan, Hayk T.",ARM,M,,,,1941,0,20,SEP25,2003,i
13311913,"Manukyan, Levon",ARM,M,,,,1880,0,20,SEP25,2000,
13320025,"Manukyan, Narek Zh.",ARM,M,,,,1434,0,40,SEP25,2010,i
13303970,"Manukyan, Sargis A.",ARM,M,FM,,,2222,0,20,SEP25,1995,
13321978,"Manukyan, Sargis Art.",ARM,M,,,,1680,9,40,SEP25,2010,
13303465,"Manukyan, Sargis V.",ARM,M,FM,FT,,2249,0,20,SEP25,1990,
13310577,"Manukyan, Sevak N.",ARM,M,,,,2068,0,20,SEP25,2005,i
13321307,"Manukyan, Tamara",ARM,F,,,,1653,18,40,SEP25,2010,w
13323636,"Manukyan, Vanik",ARM,M,,,,1650,0,20,SEP25,1994,i
13310143,"Manvelyan, Mikayel",ARM,M,FM,,,2256,77,20,SEP25,2007,
13313541,"Margaryan, Ani",ARM,F,,NA,,1738,0,20,SEP25,2003,wi
13318349,"Margaryan, Aram",ARM,M,,,,1830,0,40,SEP25,2011,
13304348,"Margaryan, Artur",ARM,M,,,,2074,0,20,SEP25,1979,
13324470,"Margaryan, Artur A.",ARM,M,,,,1494,0,40,SEP25,2016,
13303236,"Margaryan, Laert",ARM,M,,,,1928,0,20,SEP25,1974,
13320009,"Margaryan, Lala",ARM,F,,,,1614,0,40,SEP25,2008,wi
13320092,"Margaryan, Mark",ARM,M,,,,1780,0,40,SEP25,2011,
13314947,"Margaryan, Mikayel",ARM,M,,,,1729,0,20,SEP25,2006,
13329766,"Margaryan, Nare",ARM,F,,,,1507,9,40,SEP25,2012,w
13311883,"Margaryan, Vrezh",ARM,M,,,,1838,0,40,SEP25,2008,i
13321820,"Margaryan, Yervand",ARM,M,,,,1537,0,20,SEP25,1977,i
13306014,"Markaryan, Emil",ARM,M,,,,2002,0,20,SEP25,1979,i
13315749,"Markosyan, Artur",ARM,M,,,,1887,0,40,SEP25,2008,
13324349,"Markosyan, Babken",ARM,M,,,,ACM,1462,0,SEP25,2013,
13326856,"Markosyan, Meruzhan",ARM,M,,,,1449,0,40,SEP25,2015,
13304356,"Martirosyan, Ani-Odeseya",ARM,F,,FA,,1869,0,20,SEP25,1988,wi
13327518,"Martirosyan, Arman R.",ARM,M,,,,1608,0,20,SEP25,1993,
13306553,"Martirosyan, Haik M.",ARM,M,GM,,,2680,0,10,SEP25,2000,
13320386,"Martirosyan, Levon",ARM,M,,,,1525,0,40,SEP25,2009,i
13327542,"Martirosyan, Mher Zh.",ARM,M,,,,1714,0,20,SEP25,1990,
13320637,"Matevosyan, Hayk",ARM,M,,,,1527,0,40,SEP25,2015,i
13309579,"Matevosyan, Hovhannes",ARM,M,,,,AFM,1647,0,SEP25,2003,
13302035,"Matevosyan, Sedrak",ARM,M,,,,2187,0,20,SEP25,1980,i
13320955,"Meliksetyan, Hrachya",ARM,M,,,,1764,0,40,SEP25,2011,
13323393,"Meliksetyan, Yervand",ARM,M,,,,1502,0,40,SEP25,2011,
13311662,"Melkonyan, Arshak",ARM,M,,,,2014,0,20,SEP25,2005,i
13321498,"Melkonyan, Davit",ARM,M,,,,1902,18,40,SEP25,2015,
13309056,"Melkonyan, Gor",ARM,M,,,,1858,0,20,SEP25,2003,i
13316877,"Melkonyan, Koryun",ARM,M,,,,1705,0,20,SEP25,2006,i
13323130,"Melkonyan, Mark",ARM,M,,,,1539,0,40,SEP25,2016,
13319930,"Melkonyan, Mayis",ARM,M,,,,1493,0,20,SEP25,1997,i
13302809,"Melkonyan, Vardan",ARM,M,CM,NA,,2155,8,20,SEP25,1980,
13323814,"Melkumyan, Gagik",ARM,M,,,,ACM,1676,0,SEP25,2008,i
13302485,"Melkumyan, Hrant",ARM,M,GM,,,2604,0,10,SEP25,1989,i
13301381,"Mendelian, Vahe",ARM,M,,,,2188,0,20,SEP25,1984,i
13318578,"Mesropyan, Samvel",ARM,M,,,,1696,0,40,SEP25,2010,
13321986,"Mesropyan, Vasil",ARM,M,,,,1461,0,40,SEP25,2013,i
13304852,"Mikaelyan, Arman",ARM,M,GM,,,2445,0,10,SEP25,1996,i
13314319,"Mikayelyan, Mikael",ARM,M,,,,1943,0,20,SEP25,2004,
13305662,"Militonyan, Hermine",ARM,F,,,,1706,0,20,SEP25,1998,wi
13319655,"Militonyan, Movses",ARM,M,,,,1569,0,40,SEP25,2013,i
13300040,"Minasian, Artashes",ARM,M,GM,FT,,2549,0,10,SEP25,1967,i
13303783,"Minasyan, Arnold",ARM,M,,,,2234,0,20,SEP25,1987,i
13322737,"Mirakyan, Angelina",ARM,F,,,,1586,0,40,SEP25,2013,w
13322117,"Mirakyan, Artyom",ARM,M,,,,1534,0,40,SEP25,2010,i
13318586,"Mirakyan, Karen",ARM,M,,,,1534,0,40,SEP25,2009,i
13300709,"Mirzabekyan, Svetlana",ARM,F,,,,1940,0,20,SEP25,1995,wi
13308386,"Mirzoyan, Davit T.",ARM,M,FM,,,2403,0,10,SEP25,2001,i
13318640,"Mirzoyan, Hovhannes",ARM,M,,,,1472,0,40,SEP25,2009,i
13315021,"Mitoyan, Zhores",ARM,M,,,,1849,0,40,SEP25,2007,
13313932,"Mkhitaryan, Emma",ARM,F,,,,1789,0,40,SEP25,2008,w
13302124,"Mkhitaryan, Karlen",ARM,M,,,,1996,0,20,SEP25,1953,i
13323458,"Mkhitaryan, Levon",ARM,M,,,,1479,0,40,SEP25,2010,i
13313495,"Mkoyan, Vahe",ARM,M,,,,1723,0,20,SEP25,2002,i
13300601,"Mkrtchian, Lilit",ARM,F,IM,WGM,,2293,0,10,SEP25,1982,wi
13306642,"Mkrtchyan, Albert Gh.",ARM,M,,,,2034,0,20,SEP25,1998,i
13307533,"Mkrtchyan, Anahit D.",ARM,F,,,,1856,0,20,SEP25,2003,wi
13314858,"Mkrtchyan, Anahit H.",ARM,F,,,,1763,0,40,SEP25,2009,w
13323849,"Mkrtchyan, Armo",ARM,M,,,,1406,0,40,SEP25,2012,
13306570,"Mkrtchyan, Arsen",ARM,M,,,,1782,0,20,SEP25,1995,
13313924,"Mkrtchyan, Davit",ARM,M,,,,1678,0,20,SEP25,1974,i
13310828,"Mkrtchyan, Mariam",ARM,F,WIM,WIM,,2193,0,20,SEP25,2004,w
13305743,"Mkrtchyan, Mikayel",ARM,M,,,,2033,0,20,SEP25,1999,i
13318535,"Mkrtchyan, Narek",ARM,M,,,,1710,0,40,SEP25,2010,
13307878,"Mkrtchyan, Sargis R.",ARM,M,,,,2113,0,20,SEP25,1997,i
13301888,"Mkrtchyan, Simon",ARM,M,FM,,,2150,0,20,SEP25,1986,
13311336,"Mkrtumyan, Robert",ARM,M,,,,1869,17,20,SEP25,1993,
13323970,"Mnatsakanyan, Aram",ARM,M,,,,1742,0,20,SEP25,1982,i
13320424,"Mnatsakanyan, Aren",ARM,M,,,,2003,0,40,SEP25,2012,
13320971,"Mnatsakanyan, Hayk",ARM,M,,,,1493,0,40,SEP25,2014,i
13323083,"Mnatsakanyan, Hayk G",ARM,M,,,,1453,0,40,SEP25,2012,
13323989,"Mnatsakanyan, Karen",ARM,M,,,,1678,0,20,SEP25,1987,i
13320980,"Mnatsakanyan, Tigran G.",ARM,M,,,,1532,0,40,SEP25,2012,i
13318993,"Moroyan, Harutyun",ARM,M,,,,1644,0,40,SEP25,2008,
310204,"Movsesian, Sergei",ARM,M,GM,FT,,2568,0,10,SEP25,1978,
13326031,"Movsisyan, Samvel",ARM,M,,,,1638,0,40,SEP25,2016,
13321218,"Movsisyan, Vahe",ARM,M,,,,1429,0,40,SEP25,2011,i
13301799,"Movsisyan, Vardan",ARM,M,FM,,,2035,0,20,SEP25,1987,i
13301152,"Movsziszian, Karen",ARM,M,GM,,,2397,9,10,SEP25,1963,
13314807,"Muradyan, Anahit",ARM,F,,,,1862,0,40,SEP25,2007,w
13312243,"Muradyan, Ararat",ARM,M,,,,1770,0,20,SEP25,2003,i
13318152,"Muradyan, Artur",ARM,M,,,,1850,0,40,SEP25,2009,i
13324160,"Muradyan, Gagik",ARM,M,,,,1407,0,40,SEP25,2010,
13307002,"Muradyan, Razmik",ARM,M,,,,1771,0,20,SEP25,1996,i
13309374,"Muradyan, Robert",ARM,M,,,,2174,0,20,SEP25,2005,i
13304895,"Muradyan, Sipan",ARM,M,,,,1971,0,20,SEP25,1995,i
13305751,"Musheghyan, Murad",ARM,M,,,,1821,0,20,SEP25,1999,i
13311590,"Mushkambaryan, Vahe",ARM,M,,,,1774,14,20,SEP25,2002,
13300393,"Nadanian, Ashot",ARM,M,IM,,,2307,0,10,SEP25,1972,
13316710,"Nadanyan, Kiti",ARM,F,,,,1722,0,20,SEP25,2004,w
13320190,"Nagdalyan, Narine",ARM,F,,,,1494,0,40,SEP25,2009,w
13306839,"Naghdalyan, Bakhshi",ARM,M,,,,1660,0,20,SEP25,1996,i
13317776,"Nahapetyan, Ani",ARM,F,,,,1733,9,40,SEP25,2011,w
13316273,"Nahapetyan, Davit",ARM,M,,,,1736,0,40,SEP25,2007,
13320327,"Nahapetyan, Tigran",ARM,M,,,,1569,0,40,SEP25,2011,
13309439,"Nalbandyan, Vahan",ARM,M,CM,,,2057,0,20,SEP25,2002,
13310100,"Nanyan, Georgy",ARM,M,,,,1826,0,20,SEP25,2003,i
13316613,"Navasardyan, Mushegh",ARM,M,,,,1574,0,20,SEP25,1976,i
13314866,"Navoyan, Gagik",ARM,M,CM,,,2229,0,40,SEP25,2009,
13304747,"Nazaryan, Armenak",ARM,M,,,,1889,0,20,SEP25,2000,i
13316761,"Nazaryan, Gor",ARM,M,,,,1494,0,20,SEP25,2005,i
13300741,"Nersisyan, Garnik",ARM,M,CM,,,2001,0,20,SEP25,1964,i
13318616,"Nersisyan, Zhora",ARM,M,,,,1685,0,40,SEP25,2011,
13305034,"Niazyan, Sargis",ARM,M,,,,2135,0,20,SEP25,1996,
13316591,"Nikoghosyan, Marlen",ARM,M,,,,1639,0,20,SEP25,2005,i
13321110,"Nikoyan, Aleksan",ARM,M,,,,1501,0,40,SEP25,2013,
13309536,"Norijanyan, Hakob",ARM,M,,,,1885,0,20,SEP25,2004,
13311611,"Nurijanyan, Alex",ARM,M,,,,1864,0,20,SEP25,2001,i
13304917,"Ohanov, David",ARM,M,,,,1937,0,20,SEP25,1996,i
13314262,"Ohanyan, Andrey",ARM,M,,,,1809,0,20,SEP25,1983,i
13327097,"Ohanyan, Ara",ARM,M,,,,1585,0,40,SEP25,2015,
13312022,"Ohanyan, Emin",ARM,M,GM,,,2425,0,10,SEP25,2006,
13319680,"Ohanyan, Yeprem",ARM,M,,,,1653,0,40,SEP25,2009,i
13314017,"Ohanyan, Yervand",ARM,M,,,,1584,0,40,SEP25,2007,i
13318365,"Ordyan, Rafayel",ARM,M,,,,1841,0,40,SEP25,2007,i
13313282,"Osipyan, Grigor",ARM,M,,,,1695,0,20,SEP25,2006,i
13318527,"Panosyan, Gevorg",ARM,M,,,,1686,0,20,SEP25,2005,i
13316540,"Papazyan, Karapet",ARM,M,,,,1598,0,40,SEP25,2011,i
13327810,"Papyan, Ashot",ARM,M,,,,1673,0,40,SEP25,2012,
13303309,"Pashayan, Genrikh",ARM,M,,,,1869,0,20,SEP25,1949,i
13318608,"Pashayan, Gevorg",ARM,M,,,,1491,0,40,SEP25,2008,i
13301578,"Pashikian, Arman",ARM,M,GM,FST,,2535,0,10,SEP25,1987,i
13312545,"Pashikyan, Rudolf",ARM,M,FM,,,2332,11,20,SEP25,2008,
13304020,"Pepelyan, Garnik",ARM,M,,,,1944,0,20,SEP25,1995,i
13322419,"Petakchyan, Hrayr",ARM,M,,,,1665,0,20,SEP25,2006,i
13302388,"Petrosian, David S.",ARM,M,,,,2186,0,20,SEP25,1985,i
13301349,"Petrosian, Davit G.",ARM,M,GM,,,2343,0,10,SEP25,1984,i
13301616,"Petrosian, Tigran L.",ARM,M,GM,,,2570,0,10,SEP25,1984,
13311476,"Petrosyan, Alexander",ARM,M,,,,1875,0,20,SEP25,2002,i
13304364,"Petrosyan, Artur Kareni",ARM,M,,,,1835,0,20,SEP25,1991,
13322443,"Petrosyan, Ashot N.",ARM,M,,,,1513,5,40,SEP25,2015,
13324489,"Petrosyan, Hakob H.",ARM,M,,,,1655,9,40,SEP25,2016,
13320211,"Petrosyan, Hamlet",ARM,M,,,,1895,0,40,SEP25,2009,i
13301896,"Petrosyan, Hovhannes K.",ARM,M,,,,1896,0,20,SEP25,1993,
13321080,"Petrosyan, Hrant",ARM,M,,,,1762,16,40,SEP25,2013,
13300857,"Petrosyan, Manuel",ARM,M,GM,,,2553,0,10,SEP25,1998,
13308297,"Petrosyan, Narek Agh.",ARM,M,,,,1705,0,20,SEP25,2002,i
13309587,"Petrosyan, Sahak",ARM,M,,,,1896,0,20,SEP25,2003,i
13309900,"Petrosyan, Shahen",ARM,M,,,,1899,0,20,SEP25,1998,i
13313797,"Petrosyan, Shushan",ARM,F,,,,1615,0,20,SEP25,2002,wi
13316699,"Petrosyan, Tigran Agh.",ARM,M,,,,2071,11,40,SEP25,2010,
13303678,"Petrosyan, Tigran S.",ARM,M,IM,,,2354,0,20,SEP25,1994,i
13326287,"Petrosyan, Tigran Sh.",ARM,M,,,,1513,9,40,SEP25,2014,
13309170,"Piliposyan, Erik",ARM,M,,,,1646,0,20,SEP25,2004,
13309978,"Piliposyan, Robert",ARM,M,IM,,,2391,0,10,SEP25,2007,
13304798,"Pluzyan, Aram",ARM,M,,,,2114,0,20,SEP25,1995,i
13318039,"Poghosyan, Alen",ARM,M,,,,2117,9,40,SEP25,2009,
13320882,"Poghosyan, Ameli",ARM,F,,,,1781,0,40,SEP25,2012,w
13305867,"Poghosyan, Avetik Arm.",ARM,M,,,,1492,0,20,SEP25,1988,i
13320750,"Poghosyan, Davit",ARM,M,,,,1772,0,40,SEP25,2012,
13324420,"Poghosyan, Davit Kh.",ARM,M,,,,1859,18,40,SEP25,2013,
13310755,"Poghosyan, Erik",ARM,M,,,,1646,0,40,SEP25,2007,i
13317555,"Poghosyan, Hasmik",ARM,F,,,,1583,0,40,SEP25,2007,w
13315005,"Poghosyan, Sarmen",ARM,M,,,,1680,0,20,SEP25,2006,i
13303201,"Poghosyan, Suren",ARM,M,FM,,,2094,0,20,SEP25,1989,
13320670,"Poghosyan, Tigran Vah.",ARM,M,,,,1485,0,40,SEP25,2009,i
13301586,"Pogosian, Vladimir",ARM,M,,,,2026,0,20,SEP25,1963,i
13303589,"Pogosyan, Armen",ARM,M,,,,2065,0,20,SEP25,1991,i
34159867,"Pogosyan, Stefan",ARM,M,IM,,,2310,27,10,SEP25,2004,
13323113,"Qosyan, Gor",ARM,M,,,,1709,5,40,SEP25,2012,
13301233,"Ramazian, Arshak",ARM,M,FM,FT,,2222,0,20,SEP25,1968,i
13313754,"Rostomyan, Mikayel",ARM,M,FM,,,2174,0,20,SEP25,2006,
13317628,"Safaryan, Vladimir",ARM,M,,,,1804,0,40,SEP25,2008,i
13316338,"Sahakyan, Aleks",ARM,M,IM,,,2285,11,20,SEP25,2006,
13310992,"Sahakyan, Arman K.",ARM,M,,,,1925,0,20,SEP25,2004,
13307746,"Sahakyan, Garush",ARM,M,,,,2072,0,20,SEP25,1999,i
13320394,"Sahakyan, Hamlet",ARM,M,,,,1979,29,40,SEP25,2011,
13317350,"Sahakyan, Hayk R.",ARM,M,,,,1650,0,40,SEP25,2010,i
13313711,"Sahakyan, Kamo",ARM,M,,,,1735,0,20,SEP25,1989,i
13321331,"Samvelyan, Hovhannes",ARM,M,,,,1549,0,40,SEP25,2010,i
13325949,"Samvelyan, Robert",ARM,M,,,,1608,0,40,SEP25,2011,
13322508,"Samvelyan, Tagvor",ARM,M,,,,1575,0,40,SEP25,2012,i
13300776,"Santrian, Ararat",ARM,M,FM,,,2306,0,20,SEP25,1974,i
13320556,"Santrosyan, Aleksandr",ARM,M,,,,1551,0,40,SEP25,2009,i
13319027,"Santrosyan, Ashot",ARM,M,,,,1660,0,40,SEP25,2010,
13307169,"Santryan, Davit",ARM,M,CM,,,2128,0,20,SEP25,2002,i
13324322,"Saqoyan, Artyom",ARM,M,,,,1436,0,40,SEP25,2011,i
13300881,"Sargissian, Gabriel",ARM,M,GM,,,2561,0,10,SEP25,1983,
13303210,"Sargissyan, Sargis",ARM,M,FM,,,2056,0,20,SEP25,1990,
13301659,"Sargsjan, Vardges",ARM,M,FM,,,2056,0,20,SEP25,1966,i
13325957,"Sargsyan, Davit G.",ARM,M,,,,1423,0,20,SEP25,1993,
13324969,"Sargsyan, Gevorg",ARM,M,,,,1437,0,40,SEP25,2012,
13312715,"Sargsyan, Gor K.",ARM,M,,,,1853,0,20,SEP25,2006,i
13317695,"Sargsyan, Karo B.",ARM,M,,,,1752,0,40,SEP25,2008,
13307010,"Sargsyan, Mher",ARM,M,,,,AGM,1968,9,SEP25,1996,
13313398,"Sargsyan, Mkhitar",ARM,M,,,,1712,0,20,SEP25,2005,i
44184344,"Sargsyan, Nare",ARM,F,,,,1549,0,20,SEP25,2004,w
13310810,"Sargsyan, Sargis Vach.",ARM,M,FM,,,2334,0,20,SEP25,2004,i
13306766,"Sargsyan, Shant",ARM,M,GM,,,2592,0,10,SEP25,2002,
13310836,"Sargsyan, Srbuhi",ARM,F,,,,1728,0,20,SEP25,2004,wi
13312138,"Sargsyan, Taron",ARM,M,,,,1752,0,20,SEP25,2005,i
13311328,"Sargsyan, Tigran R.",ARM,M,FM,,,2222,0,20,SEP25,2003,
13324624,"Sargsyan, Vahe",ARM,M,,,,1497,0,40,SEP25,2014,
13326872,"Sargsyan, Vanuhi",ARM,F,,,,1460,0,20,SEP25,2004,w
13319094,"Sarukhanyan, Aksel",ARM,M,,,,1645,0,20,SEP25,1974,i
13322184,"Sayadyan, Aleks",ARM,M,,,,1474,0,40,SEP25,2010,i
13328417,"Sayadyan, Davit",ARM,M,,,,1440,7,40,SEP25,2015,
13304909,"Sayadyan, Edvard",ARM,M,,,,2091,0,20,SEP25,1995,
13322427,"Sayadyan, Meri",ARM,F,,,,1435,0,40,SEP25,2007,w
13323040,"Shahbazyan, Zhora",ARM,M,,,,1500,0,40,SEP25,2011,
13304380,"Shahinyan, David",ARM,M,IM,,,2390,0,20,SEP25,1994,
13321382,"Shahinyan, Mariana",ARM,F,,,,1442,0,40,SEP25,2007,w
13314599,"Shahinyan, Vladimir",ARM,M,CM,,,2071,9,40,SEP25,2008,
13313762,"Shahmuradyan, Sergey",ARM,M,,,,1660,0,20,SEP25,2004,i
13327186,"Shahnazaryan, Arayik",ARM,M,,,,1522,0,20,SEP25,2000,
13323903,"Shahvaladyan, Samvel",ARM,M,,,,1535,0,40,SEP25,2013,i
13318934,"Sharajyan, Garik",ARM,M,,,,1808,11,40,SEP25,2010,
13319280,"Sharajyan, Viktoria",ARM,F,,,,1548,0,40,SEP25,2011,w
13301632,"Shegunts, Vachagan",ARM,M,,,,2044,0,20,SEP25,1967,i
13309420,"Shmavonyan, Areg",ARM,M,CM,,,2118,0,20,SEP25,2002,i
13302337,"Simonian, Hrair",ARM,M,GM,,,2259,20,10,SEP25,1991,
13310020,"Simonyan, Araksya",ARM,F,,,,AFM,1565,0,SEP25,2001,wi
13323830,"Simonyan, Aramo",ARM,M,,,,1423,0,40,SEP25,2013,i
13318160,"Simonyan, Arman",ARM,M,,,,1814,0,40,SEP25,2009,
13317563,"Simonyan, Artashes V.",ARM,M,,,,1474,0,40,SEP25,2010,i
13323784,"Simonyan, Hayk K.",ARM,M,,,,1534,2,40,SEP25,2014,
13318870,"Simonyan, Hayk V.",ARM,M,,,,1875,8,40,SEP25,2010,
13321650,"Simonyan, Movses",ARM,M,,,,1701,0,40,SEP25,2012,i
13326929,"Simonyan, Stepan",ARM,M,,,,1428,5,40,SEP25,2016,
13308319,"Smbatyan, Qristine",ARM,F,,,,1769,0,20,SEP25,2002,wi
13313665,"Smbatyan, Vahe",ARM,M,,,,1602,0,20,SEP25,2002,i
13305174,"Soghomonyan, Anush",ARM,F,,,,1657,0,20,SEP25,1985,wi
13315510,"Soghomonyan, Tigran",ARM,M,,,,1830,11,40,SEP25,2011,
13302086,"Stamboltsyan, Sargis",ARM,M,,,,2152,0,20,SEP25,1993,i
13300296,"Stambulian, Arsen",ARM,M,IM,,,2156,0,10,SEP25,1965,
13315773,"Stepanyan, Alvard",ARM,F,,,,1681,0,40,SEP25,2007,wi
13317059,"Stepanyan, Ararat",ARM,M,,,,1753,0,40,SEP25,2009,
13320823,"Stepanyan, Davit",ARM,M,,,,1685,8,40,SEP25,2013,
13324314,"Stepanyan, Gagik",ARM,M,,,,1823,8,20,SEP25,1977,
13312790,"Stepanyan, Hamayak",ARM,M,,,,1965,0,20,SEP25,2003,i
13323016,"Stepanyan, Lernik",ARM,M,,,,1558,0,40,SEP25,2011,
13324772,"Stepanyan, Narek G.",ARM,M,,,,1546,0,40,SEP25,2008,
13317016,"Stepanyan, Rafayel M.",ARM,M,,,,1694,0,20,SEP25,2006,i
13316230,"Stepanyan, Roman",ARM,M,,,,1514,0,20,SEP25,2005,i
13319183,"Stepanyan, Sevak",ARM,M,,,,1428,0,20,SEP25,2006,i
13321293,"Stepanyan, Tigran",ARM,M,,,,1446,0,40,SEP25,2011,i
13306596,"Sukiasyan, Artem V.",ARM,M,,,,1982,0,20,SEP25,1997,i
13321129,"Sukiasyan, Davit",ARM,M,,,,1599,0,40,SEP25,2011,
13317245,"Sukiasyan, Vahe A.",ARM,M,FM,,,2278,0,20,SEP25,2008,
13314696,"Tadevosyan, Gevorg",ARM,M,,,,1951,0,20,SEP25,1955,i
13320734,"Tadevosyan, Hayk",ARM,M,,,,1531,0,40,SEP25,2013,
13316850,"Tadevosyan, Levon",ARM,M,,,,2026,0,40,SEP25,2008,
13327127,"Takhmizyan, Hayk",ARM,M,,,,1411,0,40,SEP25,2012,
13311263,"Talalyan, Alexander",ARM,M,,,,1637,0,20,SEP25,2002,i
13323032,"Tamazyan, Hayk",ARM,M,,,,1413,0,40,SEP25,2012,
13325140,"Tarkhanyan, Mark",ARM,M,,,,1408,0,40,SEP25,2012,
13319175,"Tarposhyan, Vardan",ARM,M,,,,1811,0,40,SEP25,2008,
13320033,"Tarzyan, Harutyun",ARM,M,,,,1794,0,40,SEP25,2009,
13317253,"Tavakalyan, Ani",ARM,F,,,,1531,0,40,SEP25,2011,w
13322028,"Tavakalyan, Khachatur",ARM,M,,,,1427,0,40,SEP25,2009,i
13321196,"Tavakalyan, Nare",ARM,F,,,,1402,0,40,SEP25,2008,wi
13302531,"Ter-Sahakyan, Samvel",ARM,M,GM,,,2554,0,10,SEP25,1993,
13314688,"Terteryan, Narek",ARM,M,,,,1733,0,20,SEP25,2001,i
13304402,"Tiraturyan, David",ARM,M,,,,2310,0,20,SEP25,1991,i
13316311,"Tokhyan, Feliks",ARM,M,,,,1974,7,40,SEP25,2007,
13322400,"Tonoyan, Tigran",ARM,M,,,,2040,15,40,SEP25,2000,
13321951,"Tonyan, Vyacheslav",ARM,M,,,,1527,0,40,SEP25,2012,i
13323954,"Torosyan, Garik",ARM,M,,,,1445,0,40,SEP25,2015,
13300431,"Torosyan, Norayr",ARM,M,IM,,,2331,0,20,SEP25,1996,
13319051,"Torosyan, Volodya",ARM,M,CM,,,2188,11,40,SEP25,2010,
13302736,"Tovmasian, Vardges",ARM,M,IM,,,2385,0,10,SEP25,1990,i
13305263,"Tovmasyan, Karapet",ARM,M,,,,1853,0,20,SEP25,1964,i
13315544,"Tovmasyan, Karen",ARM,M,,,,1832,0,20,SEP25,2006,
13323024,"Tovmasyan, Suren",ARM,M,,,,1591,0,40,SEP25,2011,
13323776,"Tovmasyan, Vahan",ARM,M,,,,1641,0,40,SEP25,2014,
13315048,"Tsaturyan, Tigran",ARM,M,,,,1460,0,20,SEP25,2005,i
13311646,"Tumanyan, Simon H.",ARM,M,,,,1968,0,20,SEP25,2003,i
13300016,"Vaganian, Rafael A",ARM,M,GM,,,2439,0,10,SEP25,1951,i
13302175,"Vahramyan, Grisha",ARM,M,,,,1635,0,20,SEP25,1994,i
13316320,"Vanyan, Liana",ARM,F,,,,1492,0,20,SEP25,1986,wi
54137810,"Vanyan, Oganes",ARM,M,,,,1700,0,40,SEP25,2008,i
13308254,"Vanyan, Vahan",ARM,M,,,,1677,0,20,SEP25,2002,i
13311409,"Varazdatyan, Narek",ARM,M,,,,AIM,1849,0,SEP25,1987,i
13303562,"Vardanian, Haik G.",ARM,M,IM,,,2294,0,20,SEP25,1993,i
13301870,"Vardanian, Hakob",ARM,M,,,,2172,0,20,SEP25,1984,
13301861,"Vardanian, Hamazasp",ARM,M,,,,2075,0,20,SEP25,1981,
13323105,"Vardanyan, Areg",ARM,M,,,,1458,0,40,SEP25,2012,i
13323610,"Vardanyan, Aren",ARM,M,,,,1424,0,40,SEP25,2010,i
13320149,"Vardanyan, Arman M.",ARM,M,,,,1632,0,40,SEP25,2010,
13322478,"Vardanyan, Armen Art.",ARM,M,,,,2055,18,40,SEP25,2015,
13322583,"Vardanyan, Arpi",ARM,F,,,,1444,0,40,SEP25,2014,wi
13302205,"Vardanyan, Haik A.",ARM,M,,,,2090,0,20,SEP25,1993,i
13323415,"Vardanyan, Khachatur",ARM,M,,,,1481,0,40,SEP25,2009,i
13318071,"Vardanyan, Mamikon",ARM,M,,,,1581,0,40,SEP25,2009,i
13324497,"Vardanyan, Manvel",ARM,M,,,,1754,14,40,SEP25,2017,
13317873,"Vardanyan, Taron",ARM,M,,,,1497,0,40,SEP25,2008,i
13322176,"Vardevanyan, Aram",ARM,M,,,,1484,0,40,SEP25,2009,i
13308009,"Vardevanyan, Artur",ARM,M,,,,1806,0,20,SEP25,1984,i
13326430,"Vatyan, Harutyun",ARM,M,,,,1560,0,40,SEP25,2010,
13313088,"Velitsyan, Narek",ARM,M,,,,1678,0,20,SEP25,2001,
13326414,"Veranyan, Arman",ARM,M,,,,1876,0,20,SEP25,1986,i
13326244,"Veranyan, Vladimir",ARM,M,,,,1476,0,20,SEP25,1954,i
13322044,"Voskanyan, Anahit",ARM,F,,,,1516,0,40,SEP25,2011,wi
13326171,"Xing, Lida",ARM,F,,,,1486,0,40,SEP25,2013,w
13323733,"Yarmaloyan, Armen",ARM,M,,,,1662,0,20,SEP25,1998,i
13317903,"Yavryan, Arayik",ARM,M,,,,1730,7,40,SEP25,2011,
13307088,"Yayloyan, Konstantin",ARM,M,FM,,,2056,0,20,SEP25,1999,
13312170,"Yedigaryan, Asya",ARM,F,WCM,WCM,,1950,0,20,SEP25,2004,wi
13307754,"Yeghiazaryan, Aramayis",ARM,M,,,,1809,0,20,SEP25,1998,i
13303082,"Yeghiazaryan, Armenak",ARM,M,FM,,,2204,0,20,SEP25,1989,
13317938,"Yeghiazaryan, Mikayel",ARM,M,,,,1802,0,40,SEP25,2008,
13317598,"Yeghiazaryan, Robert",ARM,M,,,,1584,0,40,SEP25,2009,i
13323539,"Yeghikyan, Narek",ARM,M,,,,1457,0,40,SEP25,2011,
13325361,"Yeghoyan, Tsovinar",ARM,F,,,,1604,8,40,SEP25,2008,w
13321013,"Yenokyan, Henri",ARM,M,,,,1549,0,40,SEP25,2012,
13321021,"Yenokyan, Sergey",ARM,M,,,,1605,0,40,SEP25,2013,i
13308998,"Yeremyan, Alen",ARM,M,FM,,,2139,0,20,SEP25,2003,
13306537,"Yeremyan, Hayk",ARM,M,,,,1761,0,20,SEP25,1972,i
13307320,"Yeritsyan, Hayk",ARM,M,FM,,,2163,0,20,SEP25,1998,
13319973,"Yesayan, Karen",ARM,M,,,,1506,0,40,SEP25,2011,
13324128,"Yesayan, Vahagn",ARM,M,,,,1421,0,40,SEP25,2011,
13301276,"Zakarian, David",ARM,M,FM,,,2260,0,20,SEP25,1979,
13317636,"Zakaryan, Samvel",ARM,M,,,,AIM,1785,0,SEP25,2008,i
13302469,"Zakaryan, Suren",ARM,M,,,,1680,0,20,SEP25,1992,i
13326295,"Zavaryan, Aghasi",ARM,M,,,,1400,0,40,SEP25,2015,i
13322770,"Zhamkochyan, Mane",ARM,F,,,,1527,0,40,SEP25,2011,w
13307479,"Ziroyan, David",ARM,M,,,,1980,0,20,SEP25,2001,i
13318357,"Zohrabyan, Artyom",ARM,M,,,,1596,0,20,SEP25,2004,i
13328000,"Zuloyan, Erik",ARM,M,,,,1534,0,40,SEP25,2011,