ID Number,Name,Fed,Sex,Title,WTit,OTit,FOA,Rating,Gms,K,B-day,Flag
13316745,"Abajyan, Lika",ARM,F,,,,1735,AUG25,0,40,2007,wi
13323806,"Abgaryan, Gnel",ARM,M,,,,1528,AUG25,0,40,2015,
13313193,"Abgaryan, Harutyun V.",ARM,M,,,,1858,AUG25,0,20,2003,
13303406,"Abkarian, Suren",ARM,M,,,,2029,AUG25,0,20,1959,i
13313355,"Abrahamyan, Radik",ARM,M,,,,1926,AUG25,0,20,2006,i
13321544,"Adamyan, Raffi",ARM,M,,,,1587,AUG25,0,40,2014,
13314629,"Adashyan, Milena",ARM,F,,,,1557,AUG25,0,20,2006,wi
13317504,"Adirkhaev, Mikhail",ARM,M,,,,1594,AUG25,0,40,2010,i
13314823,"Agasarov, Benik",ARM,M,IM,,,2274,AUG25,0,40,2009,
13319981,"Aghabekyan, Davit",ARM,M,,,,1442,AUG25,0,40,2011,
13320777,"Aghajanyan, Ruzanna",ARM,F,,,,1472,AUG25,0,20,2006,wi
13302841,"Aghasaryan, Robert",ARM,M,GM,,,2471,AUG25,0,10,1994,i
13319892,"Aghazaryan, Albert",ARM,M,,,,1861,AUG25,0,40,2011,
13317326,"Aghekyan, Mark",ARM,M,,,,1584,AUG25,0,40,2011,i
13322397,"Aghoyan, Gevorg",ARM,M,,,,1622,AUG25,0,40,2015,i
13743139,"Aiteshov, Artur",ARM,M,,,,1535,AUG25,0,40,2009,i
13324020,"Alaverdyan, Gerasim",ARM,M,,,,1525,AUG25,0,20,1999,
13303058,"Alaverdyan, Gevorg",ARM,M,FM,,,2232,AUG25,44,20,1990,
13313630,"Alaverdyan, Tigran",ARM,M,,,,1578,AUG25,0,20,2001,i
13323245,"Alaverdyan, Tigran G.",ARM,M,,,,1456,AUG25,0,40,2015,i
13319205,"Aleksanyan, Aleks",ARM,M,,,,1669,AUG25,0,40,2008,i
13318276,"Aleksanyan, Arame",ARM,M,,,,1478,AUG25,0,40,2009,
13315374,"Aleksanyan, Davit",ARM,M,,,,1978,AUG25,0,40,2008,
13322486,"Aleksanyan, Davit A.",ARM,M,,,,1410,AUG25,0,40,2013,i
13306634,"Aleksanyan, Hrant",ARM,M,CM,,,2272,AUG25,0,20,1998,i
13322753,"Aleksanyan, Pargev",ARM,M,,,,1558,AUG25,0,40,2014,
13313550,"Alexanyan, Aleks",ARM,M,,,,1710,AUG25,0,20,2004,i
13313533,"Alexanyan, Nina",ARM,F,,,,1454,AUG25,0,20,2006,w
13315013,"Alikhanyan, Artak",ARM,M,,,,2135,AUG25,31,20,2005,
13318497,"Alvanjyan, Aida",ARM,F,,,,1737,AUG25,0,40,2008,wi
13308963,"Ambarjyan, Tereza",ARM,F,,,,1793,AUG25,21,20,2000,w
34161112,"Ambartsumian, Tyhran",ARM,M,CM,,,2188,AUG25,0,40,2012,
13324225,"Ananyan, Aren",ARM,M,,,,1427,AUG25,0,40,2011,i
13309994,"Ananyan, Hrachya",ARM,M,,,,1872,AUG25,0,20,2003,i
13316869,"Andreasyan, Edgar",ARM,M,,,,2049,AUG25,0,40,2008,
13302000,"Andriasian, Zaven",ARM,M,GM,,,2578,AUG25,11,10,1989,
13301926,"Andriasyan, Siranush",ARM,F,WIM,WIM,,2146,AUG25,0,20,1986,wi
13303112,"Antinyan, Armen",ARM,M,,,,2121,AUG25,0,20,1989,i
13315625,"Antonyan, Hamlet",ARM,M,,,,1980,AUG25,0,40,2008,
13321609,"Antonyan, Lyudmila",ARM,F,,,,1480,AUG25,0,40,2011,w
13303023,"Antonyan, Mikhail",ARM,M,,,,1782,AUG25,0,20,1983,
13311514,"Antonyan, Samvel",ARM,M,,,,1827,AUG25,0,20,2003,i
13320246,"Antonyan, Sergey",ARM,M,,,,1771,AUG25,0,40,2011,
13324705,"Aparyan, Nerses",ARM,M,,,,1552,AUG25,0,40,2013,
13320998,"Apresyan, Artur",ARM,M,,,,1529,AUG25,0,40,2012,i
13321510,"Apunc, Tigran",ARM,M,,,,1560,AUG25,0,40,2009,i
13307061,"Apyan, Hayk",ARM,M,,,,1943,AUG25,0,20,1998,i
13301900,"Arakeljan, Alexandr",ARM,M,,,,2254,AUG25,0,20,1958,i
13326805,"Arakelyan, Alen",ARM,M,,,,1648,AUG25,0,40,2013,
13317415,"Arakelyan, Manvel",ARM,M,FM,,,2169,AUG25,0,40,2011,
13307657,"Arakelyan, Nare",ARM,F,,,,1891,AUG25,0,20,1995,wi
13320831,"Arakelyan, Narek A.",ARM,M,,,,1703,AUG25,0,40,2010,
13313959,"Arakelyan, Syuzanna",ARM,F,,,,1762,AUG25,0,40,2008,w
13301063,"Arustamian, Artur",ARM,M,IM,,,2353,AUG25,0,20,1974,i
13308815,"Arutinyan, Varazdat",ARM,M,,,,1869,AUG25,0,20,2001,
13326236,"Arzakantsyan, Marika",ARM,F,,,,1500,AUG25,0,40,2014,wi
13319515,"Arzumanyan, Avetik",ARM,M,,,,1718,AUG25,0,40,2012,
13303120,"Arzumanyan, Hovhannes",ARM,M,CM,,,2211,AUG25,0,20,1990,
13305700,"Asatryan, Sona",ARM,F,WIM,WIM,,2037,AUG25,0,20,1999,wi
13317881,"Askanazyan, Gor",ARM,M,,,,1853,AUG25,0,40,2010,
13319299,"Aslanyan, Arman S.",ARM,M,,,,1676,AUG25,0,40,2013,
13318047,"Aslibekyan, Narine",ARM,F,,,,1621,AUG25,0,40,2008,w
13322524,"Asryan, Aram",ARM,M,,,,1444,AUG25,0,40,2015,
13307665,"Atabekyan, Sargis",ARM,M,,,,2090,AUG25,0,20,1984,i
13316966,"Atoyan, Gor",ARM,M,,,,1671,AUG25,0,20,2006,i
13327585,"Atoyan, Vahe",ARM,M,,,,1773,AUG25,0,20,2002,
13320688,"Avagyan, Alen",ARM,M,,,,1441,AUG25,0,40,2010,i
13318128,"Avagyan, Artush",ARM,M,,,,1865,AUG25,0,40,2008,
13314483,"Avagyan, Nare",ARM,F,,,,1522,AUG25,0,20,2003,wi
13306413,"Avagyan, Razmik A.",ARM,M,,,,1891,AUG25,0,20,1997,i
13320912,"Avagyan, Suren",ARM,M,,,,1575,AUG25,0,40,2012,
13327569,"Avakyan, Gabriela",ARM,F,,,,1523,AUG25,0,40,2014,w
13318845,"Avalyan, Samvel",ARM,M,,,,1679,AUG25,0,40,2008,i
13317334,"Avanesyan, Aleksandr",ARM,M,,,,1850,AUG25,0,40,2011,
13324276,"Avanesyan, Arkadya",ARM,M,,,,1447,AUG25,0,40,2010,i
13305212,"Avdalyan, Arman",ARM,M,,,,2108,AUG25,0,20,1981,i
13301012,"Avetisian, Manvel",ARM,M,IM,FST,,2304,AUG25,0,20,1980,i
13324713,Avetisyan Gor A.,ARM,M,,,,1523,AUG25,0,40,2016,
13319035,"Avetisyan, Ani",ARM,F,,,,1961,AUG25,0,40,2009,w
13323911,"Avetisyan, Arman G.",ARM,M,,,,1588,AUG25,0,40,2013,
13302140,"Avetisyan, Ashot",ARM,M,,,,1961,AUG25,0,20,1949,i
13320459,"Avetisyan, Ashot A.",ARM,M,,,,1650,AUG25,0,40,2015,
13307622,"Avetisyan, Mariam",ARM,F,WFM,WFM,,1935,AUG25,11,20,2000,w
4121953,"Avetuntsi, Gagik",ARM,M,,,,1992,AUG25,0,20,1996,i
13324179,"Avtandilyan, Aramayis",ARM,M,,,,1593,AUG25,0,40,2012,
13327208,"Aybekyan, Syuzanna",ARM,F,,,,1414,AUG25,0,40,2013,w
13320599,"Ayvazyan, Ashot",ARM,M,,,,1721,AUG25,0,40,2012,
13320742,"Ayvazyan, Gor",ARM,M,,,,1475,AUG25,0,40,2013,
13325604,"Ayvazyan, Gor K.",ARM,M,,,,1533,AUG25,0,40,2013,
13311808,"Ayvazyan, Poghos",ARM,M,,,,1839,AUG25,0,20,2003,i
13303902,"Azaryan, Tigran",ARM,M,,,,2015,AUG25,0,20,1995,i
13313525,"Azatyan, Vergine",ARM,F,,,,1573,AUG25,0,20,2005,wi
13301519,"Azizbekyan, Haik",ARM,M,,,,1866,AUG25,0,20,1993,i
13323210,"Babayan, Albert",ARM,M,,,,1437,AUG25,6,40,2014,
13322265,"Babayan, Arman V.",ARM,M,,,,1453,AUG25,0,20,2006,
13304135,"Babayan, Armine",ARM,F,,,,2043,AUG25,0,20,1990,wi
13310194,"Babayan, Erik",ARM,M,,,,1846,AUG25,0,20,1984,
13301993,"Babujian, Levon",ARM,M,GM,,,2346,AUG25,0,10,1986,
13323628,"Babujyan, Samvel",ARM,M,,,,1489,AUG25,0,40,2010,i
13310763,"Badalyan, Seda",ARM,F,,,,1723,AUG25,0,20,2006,w
13305824,"Baghdasaryan, Alexander",ARM,M,,,,1966,AUG25,0,20,1997,i
13323822,"Baghdasaryan, Arno",ARM,M,,,,1535,AUG25,0,40,2010,i
13319523,"Baghdasaryan, Davit",ARM,M,,,,1954,AUG25,0,40,2009,
13303139,"Baghdasaryan, Vahe",ARM,M,GM,,,2147,AUG25,0,10,1993,
13323962,"Baghmanyan, Hakob",ARM,M,,,,1543,AUG25,0,40,2015,
13322516,"Baghramyan, Sofia",ARM,F,,,,ACM,AUG25,1582,0,2016,w
13311212,"Baghyan, Van",ARM,M,,,,1611,AUG25,0,20,2005,i
13304097,"Bakunts, Rafael",ARM,M,IM,,,2311,AUG25,0,20,1993,i
13318004,"Bal, Narek",ARM,M,,,,1735,AUG25,0,40,2007,i
13313517,"Balasanyan, Gayane",ARM,F,,,,1678,AUG25,0,20,2005,wi
13319922,"Baldryan, Mikael",ARM,M,,,,1616,AUG25,0,40,2013,
13322966,"Barseghyan, Angel",ARM,M,,,,1526,AUG25,0,40,2012,i
13306707,"Barseghyan, Armen Ar.",ARM,M,IM,,,2340,AUG25,0,20,2003,i
13318659,"Barseghyan, Georgi",ARM,M,,,,1793,AUG25,0,40,2008,
13323873,"Barseghyan, Manuel",ARM,M,,,,1561,AUG25,0,40,2013,i
13308092,"Barseghyan, Narek",ARM,M,,NA,,1862,AUG25,0,20,1997,
13300385,"Barsegian, Ararat",ARM,M,,,,2069,AUG25,0,20,1958,
13300725,"Basencyan, Mark",ARM,M,,,,2054,AUG25,0,20,1992,i
13320874,"Bazikyan, Artur",ARM,M,,,,1569,AUG25,0,40,2013,i
13302213,"Begjanyan, Hrayr",ARM,M,,,,2042,AUG25,0,20,1959,i
13320661,"Bondarenko, Viktoria B.",ARM,F,,,,1504,AUG25,0,40,2008,w
13302558,"Botoyan, Smbat",ARM,M,,,,2103,AUG25,0,20,1987,
13307037,"Boyajyan, Hayk",ARM,M,,,,1833,AUG25,0,20,1985,
13310070,"Brutyan, Hamlet",ARM,M,,,,1816,AUG25,0,20,2005,i
13313673,"Brutyan, Zhirayr",ARM,M,,,,1686,AUG25,0,20,1980,i
13321617,"Budaghyan, Areg",ARM,M,,,,1429,AUG25,0,40,2014,
13302779,"Chakhoyan, Konstantin",ARM,M,,,,1882,AUG25,0,20,1973,
13312340,"Chaqryan, Erik",ARM,M,FM,,,2342,AUG25,0,20,2005,
13315889,"Chatinyan, Gagik",ARM,M,,,,2128,AUG25,0,20,2006,i
13300717,"Chibukhchian, Artur",ARM,M,GM,FT,,2336,AUG25,0,20,1979,i
13325345,"Chilingaryan, Ariana",ARM,F,,,,1600,AUG25,0,40,2015,w
13316443,"Chobanyan, Samvel",ARM,M,,,,1598,AUG25,0,40,2010,
13318926,"Dabaghyan, Tigran",ARM,M,,,,1620,AUG25,0,40,2009,i
13318853,"Dadasyan, Tigran",ARM,M,,,,1730,AUG25,0,40,2011,
13300210,"Danielian, Elina",ARM,F,GM,WGM,,2373,AUG25,0,10,1978,w
13321250,"Danielyan, Aida",ARM,F,,,,1497,AUG25,0,40,2011,wi
13321803,"Danielyan, Hovhannes",ARM,M,,,,1588,AUG25,0,20,2000,i
13319841,"Danielyan, Lilia",ARM,F,,,,1580,AUG25,0,40,2010,w
13327623,"Danielyan, Robert",ARM,M,,,,1483,AUG25,12,40,2012,
13321269,"Danielyan, Rostom",ARM,M,,,,1552,AUG25,0,40,2013,i
13304828,"Danielyan, Vahe",ARM,M,IM,,,2316,AUG25,0,10,1997,
13326040,"Darbinyan, Aghasi",ARM,M,,,,1453,AUG25,0,40,2012,
13319647,"Darmanjyan, Hakob",ARM,M,,,,1608,AUG25,0,40,2013,
13317911,"Davtyan, Aleks",ARM,M,,,,1511,AUG25,0,40,2011,i
13314050,"Davtyan, Ara",ARM,M,,,,1717,AUG25,0,40,2007,i
13309315,"Davtyan, Arsen",ARM,M,IM,,,2250,AUG25,0,20,2006,
13308327,"Davtyan, Artur",ARM,M,IM,,,2387,AUG25,0,10,2002,
13310046,"Davtyan, David Arm.",ARM,M,FM,,,2190,AUG25,0,20,2003,
13319248,"Davtyan, Davit A.",ARM,M,,,,1466,AUG25,0,40,2011,
13318969,"Davtyan, Davit M.",ARM,M,,,,2003,AUG25,0,40,2009,
13316702,"Davtyan, Gegham",ARM,M,,,,1525,AUG25,0,40,2011,i
13317270,"Davtyan, Levon",ARM,M,,,,1507,AUG25,0,20,1988,i
13301543,"Davtyan, Taron",ARM,M,,,,1831,AUG25,0,20,1993,
13324063,"Dermenjyan, Harutyun",ARM,M,,,,1618,AUG25,0,40,2014,
13303570,"Dilanyan, Grigor",ARM,M,FM,,,2219,AUG25,11,20,1993,
13319167,"Diloyan, Angelina",ARM,F,,,,1531,AUG25,0,40,2011,w
13303619,"Diloyan, Ara",ARM,M,,,,2214,AUG25,0,20,1995,i
13323997,"Dovlatyan, Stepan",ARM,M,,,,1820,AUG25,0,20,1981,i
34475990,"Dzhalalian, Nelli",ARM,F,,,,1793,AUG25,0,40,2010,w
13320076,"Eranosyan, Dzonik",ARM,M,,,,1699,AUG25,0,40,2010,i
13315030,"Fanarjyan, Narek",ARM,M,,,,1525,AUG25,0,20,2005,i
13303627,"Gaboyan, Susanna",ARM,F,WIM,WIM,,2045,AUG25,0,20,1996,w
13305204,"Gabrielian, Ignat",ARM,M,,,,1933,AUG25,0,20,1986,i
13316605,"Gabrielyan, Mariya",ARM,F,,,,1710,AUG25,0,20,2004,wi
13303732,"Gabuzyan, Hovhannes",ARM,M,GM,,,2497,AUG25,0,10,1995,
13313363,"Galajyan, Armen",ARM,M,,,,2070,AUG25,0,20,2006,i
13300067,"Galdunts, Sergey",ARM,M,GM,,,2430,AUG25,0,10,1965,i
13301314,"Galojan, Lilit",ARM,F,IM,WGM,,2275,AUG25,0,20,1983,wi
13315455,"Galstyan, Arame",ARM,M,,,,1546,AUG25,0,40,2007,i
13321323,"Galstyan, Ghukas",ARM,M,,,,1683,AUG25,0,40,2010,
13304194,"Galstyan, Hayk",ARM,M,,,,1995,AUG25,0,20,1991,i
13315293,"Galstyan, Maria",ARM,F,,,,1617,AUG25,0,40,2009,wi
13315609,"Galstyan, Sargis",ARM,M,,,,1572,AUG25,0,40,2007,i
13320769,"Gapoyan, Hayk",ARM,M,,,,1459,AUG25,0,40,2011,i
13302760,"Gasparian, Haik",ARM,M,,,,1902,AUG25,9,20,1993,
13300903,"Gasparian, Tigran",ARM,M,FM,NA,,2187,AUG25,0,20,1979,i
34290788,"Gasparov, Sergo G.",ARM,M,,,,1782,AUG25,0,40,2010,
13318942,"Gasparyan, Beniamin",ARM,M,,,,1789,AUG25,0,40,2011,
13315730,"Gasparyan, Erik R.",ARM,M,IM,,,2369,AUG25,0,20,2007,
13320785,"Gasparyan, Hayk",ARM,M,,,,1430,AUG25,0,40,2014,
13327704,"Gasparyan, Jivan",ARM,M,,,,1472,AUG25,0,40,2013,
13311670,"Gasparyan, Milena",ARM,F,,,,1825,AUG25,0,20,2006,wi
13307339,"Gasparyan, Rafik",ARM,M,,,,1981,AUG25,0,20,2001,i
13305735,"Gesyan, Suren",ARM,M,,,,1993,AUG25,0,20,1999,
13309951,"Gevorgyan, Albert",ARM,M,,,,2086,AUG25,0,20,2003,i
13323946,"Gevorgyan, Albert R.",ARM,M,,,,1871,AUG25,0,20,1998,
13314793,"Gevorgyan, Alen",ARM,M,,,,1957,AUG25,0,20,2005,i
13305646,"Gevorgyan, Anahit",ARM,F,,,,1681,AUG25,0,20,1986,w
13321811,"Gevorgyan, Artur",ARM,M,,NA,,1575,AUG25,0,20,1997,i
13303244,"Gevorgyan, David Sh.",ARM,M,IM,,,2260,AUG25,22,10,1991,
13318624,"Gevorgyan, Emil A.",ARM,M,,,,1542,AUG25,0,40,2008,i
13310356,"Gevorgyan, Grigor",ARM,M,,,,1873,AUG25,0,20,1990,i
13300270,"Gevorgyan, Maria",ARM,F,WGM,WGM,,2186,AUG25,8,20,1994,w
13316524,"Gevorgyan, Nrane",ARM,F,,,,1612,AUG25,0,40,2010,wi
13316818,"Gevorgyan, Olga",ARM,F,,,,1664,AUG25,0,40,2009,wi
13325175,"Gevorgyan, Stepan",ARM,M,,,,1440,AUG25,0,40,2012,
13320564,"Gevorgyan, Tigran I.",ARM,M,,,,1648,AUG25,0,40,2007,
34264159,"Gevorkyan, Mark",ARM,M,,,,1571,AUG25,9,40,2011,
13304453,"Ghambaryan, Hasmik",ARM,F,,,,1810,AUG25,0,20,1989,wi
13309668,"Ghandoyan, Seyran",ARM,M,,,,1488,AUG25,0,20,2005,i
13303279,"Gharagyozyan, Artur",ARM,M,,,,1974,AUG25,0,20,1987,
13319329,"Gharibyan, Hamlet",ARM,M,,,,1600,AUG25,0,40,2008,i
13308300,"Gharibyan, Mamikon",ARM,M,GM,,,2388,AUG25,0,10,2004,
13306430,"Gharibyan, Mane",ARM,F,,,,1690,AUG25,10,20,2000,w
13319370,"Gharibyan, Ogsen",ARM,M,,,,1615,AUG25,0,40,2007,i
13323660,"Gharibyan, Tigran M.",ARM,M,,,,1783,AUG25,0,20,1960,i
13323717,"Ghazaryan, Arame",ARM,M,,,,AGM,AUG25,1641,0,2008,i
13320580,"Ghazaryan, Artyom",ARM,M,,,,1462,AUG25,0,20,2006,
13308203,"Ghazaryan, Gor",ARM,M,,,,1985,AUG25,0,20,1988,i
13318187,"Ghazaryan, Narek E.",ARM,M,CM,,,2057,AUG25,0,40,2010,
13308505,"Ghazaryan, Raffi",ARM,M,,,,1979,AUG25,9,20,2004,
13312073,"Ghevondyan, Arman",ARM,M,CM,,,2225,AUG25,0,20,2002,
13315412,"Ghimoyan, Narek",ARM,M,CM,,,2198,AUG25,0,40,2007,
13307789,"Ghukasyan, Haykaz",ARM,M,,,,1897,AUG25,0,20,1997,i
13320513,"Ghukasyan, Nver",ARM,M,,,,ACM,AUG25,1478,0,2012,i
13300946,"Ghukasyan, Siranush",ARM,F,WIM,WIM,,2013,AUG25,0,20,1998,wi
13317083,"Ghukasyan, Yervand",ARM,M,,,,1741,AUG25,0,20,2006,i
13309870,"Ghulyan, Janik",ARM,M,,,,1885,AUG25,0,20,2000,i
13313860,"Goginyan, Tamar",ARM,F,,,,1704,AUG25,0,40,2007,w
13325825,"Grigoryan, Aleksey",ARM,M,,,,1528,AUG25,0,40,2012,
13317482,"Grigoryan, Alen S.",ARM,M,,,,1662,AUG25,0,40,2009,i
13310542,"Grigoryan, Aram",ARM,M,,,,1986,AUG25,0,20,2005,i
13307231,"Grigoryan, Arpine",ARM,F,WFM,WFM,,1946,AUG25,0,20,2001,wi
13310500,"Grigoryan, Ashot",ARM,M,,,,1813,AUG25,0,20,1960,i
13302191,"Grigoryan, Avetik",ARM,M,GM,,,2533,AUG25,0,10,1989,i
13324241,"Grigoryan, Daniel",ARM,M,,,,1495,AUG25,0,40,2011,
13317768,"Grigoryan, Davit S.",ARM,M,,,,1767,AUG25,0,40,2011,
13318730,"Grigoryan, Edvard",ARM,M,,,,1704,AUG25,0,40,2007,i
13324950,"Grigoryan, Garnik",ARM,M,,,,1476,AUG25,0,40,2014,
13328166,"Grigoryan, Grigor",ARM,M,,,,2008,AUG25,8,40,2001,
13324454,"Grigoryan, Hamlet H.",ARM,M,,,,1447,AUG25,0,40,2011,i
13326376,"Grigoryan, Hayk",ARM,M,,,,1617,AUG25,0,40,2010,
13312278,"Grigoryan, Hayk V.",ARM,M,,,,1798,AUG25,0,20,2006,i
13320726,"Grigoryan, Hrachya",ARM,M,,,,1618,AUG25,0,20,1993,i
13301004,"Grigoryan, Karen H.",ARM,M,GM,,,2644,AUG25,9,10,1995,
13322800,"Grigoryan, Mihran",ARM,M,,,,1468,AUG25,0,40,2011,
13322893,"Grigoryan, Narek",ARM,M,,,,1491,AUG25,0,40,2011,
13323504,"Grigoryan, Rafik",ARM,M,,,,1555,AUG25,0,20,1986,i
13324691,"Grigoryan, Robert",ARM,M,,,,1572,AUG25,0,40,2014,
13312669,"Grigoryan, Robert Sh.",ARM,M,,,,AGM,AUG25,1748,0,2003,
13328395,"Grigoryan, Sergey A.",ARM,M,,,,1509,AUG25,0,40,2014,
13315056,"Grigoryan, Suren",ARM,M,,,,1911,AUG25,5,20,2006,
13324985,"Grigoryan, Tigran A.",ARM,M,,,,1507,AUG25,0,40,2012,
13317547,"Grigoryan, Vahe N.",ARM,M,,,,1591,AUG25,0,40,2007,i
13308653,"Gulishyan, Artur",ARM,M,,,,1713,AUG25,0,20,1996,
13319736,"Gyulumyan, Minas",ARM,M,,,,1466,AUG25,0,40,2009,i
13318179,"Gyurjinyan, Valter",ARM,M,CM,,,2260,AUG25,0,20,2009,
13319000,"Hakobova, Alisa",ARM,F,,,,1763,AUG25,0,40,2008,w
60900067,"Hakobyan, Allen",ARM,M,,,,1827,AUG25,0,40,2008,
13323563,"Hakobyan, Andranik A.",ARM,M,,,,1683,AUG25,0,40,2009,
13306677,"Hakobyan, Aram",ARM,M,GM,,,2581,AUG25,10,10,2001,
13311751,"Hakobyan, Astghik",ARM,F,WFM,WFM,,1948,AUG25,0,20,2005,wi
13323407,"Hakobyan, Davit",ARM,M,,,,1511,AUG25,0,40,2014,
13313940,"Hakobyan, Erik",ARM,M,IM,,,2311,AUG25,0,20,2006,
13326058,"Hakobyan, Hakob",ARM,M,,,,1468,AUG25,0,40,2011,
13309285,"Hakobyan, Hakob Mk.",ARM,M,,,,1867,AUG25,0,20,2003,i
13308807,"Hakobyan, Hakob V.",ARM,M,,,,2176,AUG25,0,20,2001,
13306308,"Hakobyan, Hovhannes H.",ARM,M,FM,,,2052,AUG25,0,20,1997,
13320475,"Hakobyan, Liana",ARM,F,,,,1565,AUG25,0,40,2010,w
13313274,"Hakobyan, Menua",ARM,M,,,,2141,AUG25,0,40,2008,
13306782,"Hakobyan, Romik",ARM,M,,,,2077,AUG25,0,20,1996,
13322001,"Hakobyan, Sergey E.",ARM,M,,,,1468,AUG25,0,40,2010,
13326457,"Halulyan, Hayk",ARM,M,,,,1515,AUG25,0,40,2012,
13302795,"Hambardzumian, Yuri",ARM,M,IM,,,2269,AUG25,0,20,1988,i
13317261,"Hambardzumyan, Eduard",ARM,M,,,,1605,AUG25,0,20,1991,i
13323865,"Hambardzumyan, Hrayr",ARM,M,,,,1755,AUG25,0,20,1992,i
13300873,"Harutjunyan, Gevorg",ARM,M,GM,FST,,2384,AUG25,0,10,1981,
13326279,"Harutyunyan, Alen",ARM,M,,,,1500,AUG25,0,40,2014,
13318632,"Harutyunyan, Arman G.",ARM,M,,,,1991,AUG25,0,40,2011,
13317890,"Harutyunyan, Armen A.",ARM,M,,,,1567,AUG25,0,40,2013,i
13309137,"Harutyunyan, Avik",ARM,M,,,,1648,AUG25,0,20,2005,
13321935,"Harutyunyan, Davit A.",ARM,M,,,,1459,AUG25,0,40,2010,i
13319604,"Harutyunyan, Gabriela",ARM,F,,,,1727,AUG25,0,40,2012,w
13311255,"Harutyunyan, Gor",ARM,M,,,,1900,AUG25,0,20,2005,i
13319566,"Harutyunyan, Gor E.",ARM,M,,,,1691,AUG25,0,40,2011,
13325434,"Harutyunyan, Lidia",ARM,F,,,,1568,AUG25,0,40,2012,w
13316672,"Harutyunyan, Meline",ARM,F,,,,1698,AUG25,0,20,2006,w
13320289,"Harutyunyan, Paylak",ARM,M,,,,1591,AUG25,0,40,2009,i
13322648,"Harutyunyan, Smbat",ARM,M,,,,1527,AUG25,0,40,2015,
13303635,"Harutyunyan, Tigran K.",ARM,M,GM,,,2308,AUG25,0,10,1997,
13322850,"Harutyunyan, Viktoria",ARM,F,,,,1611,AUG25,12,40,2012,w
13321340,"Harutyunyan, Yura",ARM,M,,,,1567,AUG25,0,40,2007,i
13321234,"Hayrapetyan, Anri",ARM,M,,,,1636,AUG25,0,40,2012,
13300890,"Hayrapetyan, Arman Ash.",ARM,M,IM,,,2366,AUG25,0,20,1979,
13304240,"Hayrapetyan, Artavazd R.",ARM,M,FM,,,2400,AUG25,0,10,1991,
13317830,"Hayrapetyan, Ashot",ARM,M,,,,1552,AUG25,0,40,2012,
13313568,"Hayrapetyan, Edgar",ARM,M,FM,,,2239,AUG25,55,40,2007,
13326465,"Hayrapetyan, Gor A.",ARM,M,,,,1580,AUG25,0,40,2011,
13318985,"Hayrapetyan, Hakob",ARM,M,,,,1709,AUG25,0,40,2010,i
13302639,"Hayrapetyan, Hovik",ARM,M,GM,,,2326,AUG25,0,10,1990,
13316460,"Hayrapetyan, Nvard",ARM,F,,,,1997,AUG25,0,40,2008,w
13318144,"Himosyan, Aram",ARM,M,,,,1567,AUG25,0,20,2006,i
13324055,"Hovakimyan, Armen",ARM,M,,,,1647,AUG25,0,40,2008,i
13319590,"Hovakimyan, Khachik",ARM,M,,,,1799,AUG25,0,40,2009,
13319124,"Hovakimyan, Nare",ARM,F,,,,1575,AUG25,0,40,2008,w
13317288,"Hovakimyan, Vache",ARM,M,FM,,,2232,AUG25,17,40,2009,
13314700,"Hovhannisyan, Arshak",ARM,M,,,,1930,AUG25,0,20,1994,i
13315919,"Hovhannisyan, Artyom",ARM,M,,,,1660,AUG25,0,40,2007,i
13320017,"Hovhannisyan, Hayk S.",ARM,M,,,,1566,AUG25,0,40,2009,i
13323741,"Hovhannisyan, Hrant",ARM,M,,,,1621,AUG25,0,20,1993,i
13306618,"Hovhannisyan, Karen G.",ARM,M,,,,2165,AUG25,0,20,1997,i
13308483,"Hovhannisyan, Mane",ARM,F,,,,1830,AUG25,0,20,2003,wi
13318772,"Hovhannisyan, Mikael",ARM,M,,,,1720,AUG25,0,40,2010,
13302922,"Hovhannisyan, Norayr",ARM,M,,NA,,1493,AUG25,0,20,1993,
13316958,"Hovhannisyan, Razmik",ARM,M,,,,1758,AUG25,0,20,2004,i
13302507,"Hovhannisyan, Robert",ARM,M,GM,,,2571,AUG25,0,10,1991,
13310844,"Hovhannisyan, Siranush",ARM,F,,NA,,ACM,AUG25,1565,6,2002,w
13305123,"Hovsepyan, David",ARM,M,,,,2051,AUG25,0,20,1995,i
13314718,"Hovsepyan, Edik",ARM,M,,,,1726,AUG25,0,40,2008,i
13319787,"Hovsepyan, Hamlet",ARM,M,,,,1507,AUG25,0,40,2011,i
13311310,"Hovyan, Nikolay",ARM,M,,,,1777,AUG25,0,40,2008,i
13302167,"Hunanyan, David",ARM,M,,,,2163,AUG25,0,20,1974,i
13317741,"Iboyan, Mikayel",ARM,M,,,,1738,AUG25,0,40,2011,i
13320696,"Isakhanyan, Avik",ARM,M,,,,1859,AUG25,0,40,2011,
13320700,"Isakhanyan, Nare",ARM,F,,,,1564,AUG25,0,40,2014,wi
13323580,"Ishkhanyan, Arshak",ARM,M,,,,1411,AUG25,0,20,1995,i
13309030,"Ishkhanyan, Ruben",ARM,M,,,,1869,AUG25,0,20,2002,
13300202,"Kagramanianz, Vartan",ARM,M,IM,,,2201,AUG25,0,20,1966,i
13300300,"Kalantaryan, Norayr",ARM,M,IM,,,2405,AUG25,0,10,1962,i
13302418,"Kalashian, David",ARM,M,IM,,,2490,AUG25,0,10,1989,i
13307797,"Kalashyan, Mykola",ARM,M,,,,1831,AUG25,0,20,1936,i
13302620,"Kalashyan, Varduhi",ARM,F,,,,1912,AUG25,0,20,1990,wi
13318950,"Kalijyan, Rafik",ARM,M,,,,AIM,AUG25,1589,0,2005,i
13317920,"Kandaryan, David",ARM,M,,,,1611,AUG25,0,40,2007,i
13320467,"Kandaryan, Sofi",ARM,F,,,,1461,AUG25,0,40,2011,w
13314009,"Karagulyan, Armen",ARM,M,,,,1600,AUG25,0,20,2006,i
13316451,"Karakhanyan, Vazgen",ARM,M,,,,1950,AUG25,0,40,2011,
13310526,"Karamyan, Rafayel",ARM,M,,,,1670,AUG25,0,20,1997,
13307150,"Karamyan, Vardan",ARM,M,,,,1870,AUG25,0,20,1983,i
13314980,"Karapetyan, Levon",ARM,M,,,,1726,AUG25,0,40,2007,i
13320653,"Karapetyan, Maria",ARM,F,,,,1416,AUG25,0,40,2010,w
13314459,"Karapetyan, Mariam",ARM,F,,,,1729,AUG25,9,20,2004,w
13326589,"Karapetyan, Sargis A.",ARM,M,,,,1484,AUG25,0,40,2014,
13319914,"Karapetyan, Suren",ARM,M,,,,1557,AUG25,0,40,2012,
13302981,"Karhanyan, Arusyak",ARM,F,,,,1805,AUG25,0,20,1992,wi
13327895,"Kasbarian, Zhirayr",ARM,M,,,,1409,AUG25,0,40,2017,
13318918,"Kasinyan, Lilit",ARM,F,,,,1783,AUG25,0,40,2009,w
13324039,"Kaytsakyan, Robert",ARM,M,,,,1532,AUG25,0,40,2016,
13324632,"Kerobyan, Harutyun",ARM,M,,,,1447,AUG25,0,40,2014,
13322907,"Keshishyan, Natali",ARM,F,,,,1511,AUG25,0,40,2010,w
13325302,"Khachatrian, Narek",ARM,M,,,,1529,AUG25,0,40,2010,
13310780,"Khachatryan, Anna",ARM,F,WFM,WFM,,2004,AUG25,11,20,2002,w
13307380,"Khachatryan, Edmond A.",ARM,M,,,,1902,AUG25,0,20,2000,i
13321781,"Khachatryan, Gagik B.",ARM,M,,,,1740,AUG25,0,40,2008,
13304950,"Khachatryan, Hayk",ARM,M,,,,2067,AUG25,0,20,1977,i
13316680,"Khachatryan, Mariam",ARM,F,,,,1840,AUG25,0,40,2007,w
13310437,"Khachatryan, Marieta",ARM,F,,,,1920,AUG25,0,20,2004,w
13310771,"Khachatryan, Nadezhda",ARM,F,,,,1877,AUG25,0,20,2004,w
13324543,"Khachatryan, Narek A.",ARM,M,,,,1549,AUG25,0,40,2016,
13311778,"Khachatryan, Narek S.",ARM,M,,,,1827,AUG25,0,40,2007,
13315072,"Khachatryan, Sahak",ARM,M,,,,1506,AUG25,0,20,2005,i
13309048,"Khachatryan, Samvel S.",ARM,M,CM,,,2134,AUG25,13,20,2003,
13303368,"Khachatryan, Vahag H.",ARM,M,,,,2339,AUG25,0,20,1991,i
13300598,"Khachatryan, Vahagn",ARM,M,IM,FT,,2196,AUG25,0,20,1977,i
13322168,"Khachatryan, Valiko",ARM,M,,,,1564,AUG25,0,40,2010,i
13310852,"Khachatryan, Veronika",ARM,F,WCM,WCM,,1932,AUG25,0,20,2004,wi
13319426,"Khachatryan, Zhora",ARM,M,,,,1571,AUG25,0,40,2009,i
13307398,"Khachikyan, Gagik",ARM,M,,,,1745,AUG25,0,20,1997,i
13304305,"Khachikyan, Haik",ARM,M,,,,1913,AUG25,0,20,1985,
13327690,"Khachikyan, Mikayel",ARM,M,,,,1416,AUG25,0,40,2015,
13306740,"Khachikyan, Yervand",ARM,M,,,,1787,AUG25,0,20,1994,i
13322656,"Khachyan, Alen",ARM,M,,,,1612,AUG25,0,40,2012,i
13315366,"Khalafyan, Nare",ARM,F,,,,1606,AUG25,0,20,2006,wi
13315269,"Khanzadyan, Karapet",ARM,M,,,,1809,AUG25,0,20,1949,i
13305220,"Kharatyan, Roman",ARM,M,,,,1943,AUG25,0,20,1984,
13322435,"Kheranyan, Vahan",ARM,M,,,,1495,AUG25,0,40,2010,i
13303520,"Khojayan, Vardan",ARM,M,,,,2192,AUG25,0,20,1990,i
13328204,"Khurshudyan, Mher",ARM,M,,,,1483,AUG25,0,40,2013,
13326449,"Kirakosyan, Suren",ARM,M,,,,1483,AUG25,0,40,2011,
13327313,"Klekchyan, Vasil",ARM,M,,,,1579,AUG25,0,40,2012,
24269727,"Kobak, Polina",ARM,F,WFM,WFM,,1979,AUG25,0,40,2008,wi
13304321,"Kocharyan, Artush",ARM,M,,NA,,1983,AUG25,0,20,1981,
13321790,"Kocharyan, Davit",ARM,M,,,,1490,AUG25,0,40,2012,
13320718,"Kocharyan, Edmon",ARM,M,,,,1609,AUG25,0,40,2008,i
13310682,"Kocharyan, Hayk",ARM,M,,,,1805,AUG25,0,20,2004,i
13303775,"Kocharyan, Hovik",ARM,M,,,,1996,AUG25,0,20,1984,i
13318322,"Kocharyan, Rudik",ARM,M,,,,1456,AUG25,0,20,2003,
13319540,"Kocharyan, Samvel",ARM,M,,,,1413,AUG25,0,40,2013,
13317300,"Kocharyan, Sona",ARM,F,,,,1543,AUG25,0,40,2010,w
13318519,"Kocharyan, Vache",ARM,M,,,,1925,AUG25,0,40,2012,i
13310801,"Kochinyan, Hasmik",ARM,F,,,,1678,AUG25,0,20,2005,w
13302299,"Kogarov, Karapet",ARM,M,,,,1879,AUG25,0,20,1989,
13310470,"Kojoyan, Artur",ARM,M,,,,1671,AUG25,0,20,2001,
13322729,"Konjarov, Gagik",ARM,M,,,,1421,AUG25,0,40,2013,i
13325485,"Konjoryan, Slava",ARM,M,,,,1710,AUG25,0,40,2014,
13301250,"Kotanjian, Tigran",ARM,M,GM,,,2400,AUG25,0,10,1981,i
13316729,"Krkyasharyan, Sona",ARM,F,,,,1909,AUG25,0,40,2010,w
13316630,"Kudryashev, Edgar",ARM,M,,,,1907,AUG25,0,40,2007,
13316621,"Kudryashev, Tovmas",ARM,M,,,,1510,AUG25,0,20,2005,i
13318721,"Kurghinyan, Gagik",ARM,M,,,,1941,AUG25,0,40,2009,
13322613,"Kushkyan, Artyom",ARM,M,,,,1613,AUG25,0,40,2009,
13306316,"Lazaryan, Sargis",ARM,M,,,,1664,AUG25,0,20,2000,
13306260,"Machkalyan, Haik",ARM,M,,,,1974,AUG25,0,20,1997,i
13326406,"Madantsyan, Argishti",ARM,M,,,,1480,AUG25,0,20,1993,
13319159,"Maghakyan, Hayk",ARM,M,,,,1853,AUG25,0,40,2011,
13326309,"Mailyan, Yuri",ARM,M,,,,1467,AUG25,0,40,2012,
13302256,"Makaryan, Karen",ARM,M,,,,2068,AUG25,0,20,1972,
13302310,"Mamikonyan, Tigran",ARM,M,FM,,,2280,AUG25,0,20,1988,i
13314343,"Manaseryan, Narek",ARM,M,,,,1848,AUG25,0,20,2004,i
13322451,"Manougian, Hrayr",ARM,M,,,,1497,AUG25,0,40,2008,i
13312146,"Manucharian, Mark",ARM,M,,,,1664,AUG25,0,20,2003,i
13324667,"Manucharyan, Artyom",ARM,M,,,,1499,AUG25,0,40,2010,i
13322346,"Manucharyan, Manvel",ARM,M,,,,1413,AUG25,0,40,2010,
13301373,"Manukian, Artak",ARM,M,,,,1958,AUG25,0,20,1978,
13302647,"Manukian, Garuch",ARM,M,,,,2207,AUG25,0,20,1988,i
13309293,"Manukyan, Aleks",ARM,M,,,,2214,AUG25,0,20,2003,
13312952,"Manukyan, Ani",ARM,F,,,,1613,AUG25,0,20,2002,wi
13308734,"Manukyan, Anton A.",ARM,M,,,,1920,AUG25,0,20,1999,i
13305786,"Manukyan, Artyom",ARM,M,CM,,,2109,AUG25,0,20,1999,i
13323792,"Manukyan, David H.",ARM,M,,,,1507,AUG25,0,40,2011,i
13323520,"Manukyan, Gor",ARM,M,,,,1466,AUG25,0,40,2009,
13312677,"Manukyan, Hayk T.",ARM,M,,,,1941,AUG25,0,20,2003,
13311913,"Manukyan, Levon",ARM,M,,,,1880,AUG25,0,20,2000,
13320025,"Manukyan, Narek Zh.",ARM,M,,,,1434,AUG25,0,40,2010,i
13303970,"Manukyan, Sargis A.",ARM,M,FM,,,2222,AUG25,0,20,1995,
13321978,"Manukyan, Sargis Art.",ARM,M,,,,1615,AUG25,0,40,2010,
13303465,"Manukyan, Sargis V.",ARM,M,FM,FT,,2249,AUG25,0,20,1990,
13310577,"Manukyan, Sevak N.",ARM,M,,,,2068,AUG25,0,20,2005,i
13321307,"Manukyan, Tamara",ARM,F,,,,1513,AUG25,0,40,2010,w
13323636,"Manukyan, Vanik",ARM,M,,,,1650,AUG25,0,20,1994,i
13310143,"Manvelyan, Mikayel",ARM,M,FM,,,2350,AUG25,77,20,2007,
13313541,"Margaryan, Ani",ARM,F,,NA,,1738,AUG25,0,20,2003,wi
13318349,"Margaryan, Aram",ARM,M,,,,1830,AUG25,0,40,2011,
13304348,"Margaryan, Artur",ARM,M,,,,2074,AUG25,0,20,1979,
13324470,"Margaryan, Artur A.",ARM,M,,,,1494,AUG25,0,40,2016,
13303236,"Margaryan, Laert",ARM,M,,,,1928,AUG25,0,20,1974,
13320009,"Margaryan, Lala",ARM,F,,,,1614,AUG25,0,40,2008,wi
13320092,"Margaryan, Mark",ARM,M,,,,1781,AUG25,0,40,2011,
13314947,"Margaryan, Mikayel",ARM,M,,,,1729,AUG25,0,20,2006,
13311883,"Margaryan, Vrezh",ARM,M,,,,1838,AUG25,0,40,2008,i
13321820,"Margaryan, Yervand",ARM,M,,,,1537,AUG25,0,20,1977,i
13306014,"Markaryan, Emil",ARM,M,,,,2002,AUG25,0,20,1979,i
13315749,"Markosyan, Artur",ARM,M,,,,1887,AUG25,0,40,2008,
13324349,"Markosyan, Babken",ARM,M,,,,ACM,AUG25,1462,0,2013,
13326856,"Markosyan, Meruzhan",ARM,M,,,,1444,AUG25,0,40,2015,
13304356,"Martirosyan, Ani-Odeseya",ARM,F,,FA,,1869,AUG25,0,20,1988,wi
13327518,"Martirosyan, Arman R.",ARM,M,,,,1608,AUG25,0,20,1993,
13306553,"Martirosyan, Haik M.",ARM,M,GM,,,2680,AUG25,0,10,2000,
13320386,"Martirosyan, Levon",ARM,M,,,,1525,AUG25,0,40,2009,i
13327542,"Martirosyan, Mher Zh.",ARM,M,,,,1713,AUG25,0,20,1990,
13320637,"Matevosyan, Hayk",ARM,M,,,,1527,AUG25,0,40,2015,i
13309579,"Matevosyan, Hovhannes",ARM,M,,,,AFM,AUG25,1647,0,2003,
13302035,"Matevosyan, Sedrak",ARM,M,,,,2187,AUG25,0,20,1980,i
13320955,"Meliksetyan, Hrachya",ARM,M,,,,1766,AUG25,0,40,2011,
13323393,"Meliksetyan, Yervand",ARM,M,,,,1502,AUG25,0,40,2011,
13311662,"Melkonyan, Arshak",ARM,M,,,,2014,AUG25,0,20,2005,i
13321498,"Melkonyan, Davit",ARM,M,,,,1881,AUG25,0,40,2015,
13309056,"Melkonyan, Gor",ARM,M,,,,1858,AUG25,0,20,2003,i
13316877,"Melkonyan, Koryun",ARM,M,,,,1705,AUG25,0,20,2006,i
13323130,"Melkonyan, Mark",ARM,M,,,,1438,AUG25,0,40,2016,
13319930,"Melkonyan, Mayis",ARM,M,,,,1493,AUG25,0,20,1997,i
13302809,"Melkonyan, Vardan",ARM,M,CM,NA,,2167,AUG25,0,20,1980,
13323814,"Melkumyan, Gagik",ARM,M,,,,ACM,AUG25,1676,0,2008,
13302485,"Melkumyan, Hrant",ARM,M,GM,,,2604,AUG25,0,10,1989,i
13301381,"Mendelian, Vahe",ARM,M,,,,2188,AUG25,0,20,1984,i
13318578,"Mesropyan, Samvel",ARM,M,,,,1696,AUG25,0,40,2010,
13321986,"Mesropyan, Vasil",ARM,M,,,,1461,AUG25,0,40,2013,i
13304852,"Mikaelyan, Arman",ARM,M,GM,,,2445,AUG25,0,10,1996,i
13314319,"Mikayelyan, Mikael",ARM,M,,,,1943,AUG25,0,20,2004,
13305662,"Militonyan, Hermine",ARM,F,,,,1706,AUG25,0,20,1998,wi
13319655,"Militonyan, Movses",ARM,M,,,,1569,AUG25,0,40,2013,i
13300040,"Minasian, Artashes",ARM,M,GM,FT,,2549,AUG25,0,10,1967,i
13303783,"Minasyan, Arnold",ARM,M,,,,2234,AUG25,0,20,1987,i
13322737,"Mirakyan, Angelina",ARM,F,,,,1586,AUG25,0,40,2013,w
13322117,"Mirakyan, Artyom",ARM,M,,,,1534,AUG25,0,40,2010,i
13318586,"Mirakyan, Karen",ARM,M,,,,1534,AUG25,0,40,2009,i
13300709,"Mirzabekyan, Svetlana",ARM,F,,,,1940,AUG25,0,20,1995,wi
13308386,"Mirzoyan, Davit T.",ARM,M,FM,,,2403,AUG25,0,10,2001,i
13318640,"Mirzoyan, Hovhannes",ARM,M,,,,1472,AUG25,0,40,2009,i
13315021,"Mitoyan, Zhores",ARM,M,,,,1850,AUG25,0,40,2007,
13313932,"Mkhitaryan, Emma",ARM,F,,,,1790,AUG25,0,40,2008,w
13302124,"Mkhitaryan, Karlen",ARM,M,,,,1996,AUG25,0,20,1953,i
13323458,"Mkhitaryan, Levon",ARM,M,,,,1479,AUG25,0,40,2010,i
13313495,"Mkoyan, Vahe",ARM,M,,,,1723,AUG25,0,20,2002,
13300601,"Mkrtchian, Lilit",ARM,F,IM,WGM,,2293,AUG25,0,10,1982,wi
13306642,"Mkrtchyan, Albert Gh.",ARM,M,,,,2034,AUG25,0,20,1998,i
13307533,"Mkrtchyan, Anahit D.",ARM,F,,,,1856,AUG25,0,20,2003,wi
13314858,"Mkrtchyan, Anahit H.",ARM,F,,,,1762,AUG25,0,40,2009,w
13323849,"Mkrtchyan, Armo",ARM,M,,,,1547,AUG25,0,40,2012,
13306570,"Mkrtchyan, Arsen",ARM,M,,,,1782,AUG25,0,20,1995,
13313924,"Mkrtchyan, Davit",ARM,M,,,,1678,AUG25,0,20,1974,i
13310828,"Mkrtchyan, Mariam",ARM,F,WIM,WIM,,2193,AUG25,0,20,2004,w
13305743,"Mkrtchyan, Mikayel",ARM,M,,,,2033,AUG25,0,20,1999,i
13318535,"Mkrtchyan, Narek",ARM,M,,,,1712,AUG25,0,40,2010,
13307878,"Mkrtchyan, Sargis R.",ARM,M,,,,2113,AUG25,0,20,1997,i
13301888,"Mkrtchyan, Simon",ARM,M,FM,,,2150,AUG25,0,20,1986,
13311336,"Mkrtumyan, Robert",ARM,M,,,,1876,AUG25,0,20,1993,
13323970,"Mnatsakanyan, Aram",ARM,M,,,,1742,AUG25,0,20,1982,i
13320424,"Mnatsakanyan, Aren",ARM,M,,,,2003,AUG25,0,40,2012,
13320971,"Mnatsakanyan, Hayk",ARM,M,,,,1493,AUG25,0,40,2014,i
13323083,"Mnatsakanyan, Hayk G",ARM,M,,,,1456,AUG25,0,40,2012,
13323989,"Mnatsakanyan, Karen",ARM,M,,,,1678,AUG25,0,20,1987,i
13320980,"Mnatsakanyan, Tigran G.",ARM,M,,,,1532,AUG25,0,40,2012,i
13318993,"Moroyan, Harutyun",ARM,M,,,,1645,AUG25,0,40,2008,
310204,"Movsesian, Sergei",ARM,M,GM,FT,,2568,AUG25,0,10,1978,
13326031,"Movsisyan, Samvel",ARM,M,,,,1624,AUG25,0,40,2016,
13321218,"Movsisyan, Vahe",ARM,M,,,,1429,AUG25,0,40,2011,i
13301799,"Movsisyan, Vardan",ARM,M,FM,,,2035,AUG25,0,20,1987,i
13301152,"Movsziszian, Karen",ARM,M,GM,,,2419,AUG25,19,10,1963,
13314807,"Muradyan, Anahit",ARM,F,,,,1862,AUG25,0,40,2007,w
13312243,"Muradyan, Ararat",ARM,M,,,,1770,AUG25,0,20,2003,i
13318152,"Muradyan, Artur",ARM,M,,,,1850,AUG25,0,40,2009,i
13324160,"Muradyan, Gagik",ARM,M,,,,1405,AUG25,0,40,2010,
13307002,"Muradyan, Razmik",ARM,M,,,,1771,AUG25,0,20,1996,i
13309374,"Muradyan, Robert",ARM,M,,,,2174,AUG25,0,20,2005,i
13304895,"Muradyan, Sipan",ARM,M,,,,1971,AUG25,0,20,1995,i
13305751,"Musheghyan, Murad",ARM,M,,,,1821,AUG25,0,20,1999,i
13311590,"Mushkambaryan, Vahe",ARM,M,,,,1757,AUG25,0,20,2002,
13300393,"Nadanian, Ashot",ARM,M,IM,,,2307,AUG25,0,10,1972,
13316710,"Nadanyan, Kiti",ARM,F,,,,1721,AUG25,0,20,2004,w
13320190,"Nagdalyan, Narine",ARM,F,,,,1494,AUG25,0,40,2009,w
13306839,"Naghdalyan, Bakhshi",ARM,M,,,,1660,AUG25,0,20,1996,i
13317776,"Nahapetyan, Ani",ARM,F,,,,1703,AUG25,0,40,2011,w
13316273,"Nahapetyan, Davit",ARM,M,,,,1738,AUG25,0,40,2007,
13320327,"Nahapetyan, Tigran",ARM,M,,,,1539,AUG25,0,40,2011,
13309439,"Nalbandyan, Vahan",ARM,M,CM,,,2057,AUG25,0,20,2002,
13310100,"Nanyan, Georgy",ARM,M,,,,1826,AUG25,0,20,2003,i
13316613,"Navasardyan, Mushegh",ARM,M,,,,1574,AUG25,0,20,1976,
13314866,"Navoyan, Gagik",ARM,M,CM,,,2229,AUG25,0,40,2009,
13304747,"Nazaryan, Armenak",ARM,M,,,,1889,AUG25,0,20,2000,i
13316761,"Nazaryan, Gor",ARM,M,,,,1494,AUG25,0,20,2005,i
13300741,"Nersisyan, Garnik",ARM,M,CM,,,2001,AUG25,0,20,1964,i
13318616,"Nersisyan, Zhora",ARM,M,,,,1686,AUG25,0,40,2011,
13305034,"Niazyan, Sargis",ARM,M,,,,2135,AUG25,0,20,1996,
13316591,"Nikoghosyan, Marlen",ARM,M,,,,1639,AUG25,0,20,2005,i
13321110,"Nikoyan, Aleksan",ARM,M,,,,1511,AUG25,0,40,2013,
13309536,"Norijanyan, Hakob",ARM,M,,,,1885,AUG25,0,20,2004,
13311611,"Nurijanyan, Alex",ARM,M,,,,1864,AUG25,0,20,2001,i
13304917,"Ohanov, David",ARM,M,,,,1937,AUG25,0,20,1996,i
13314262,"Ohanyan, Andrey",ARM,M,,,,1809,AUG25,0,20,1983,i
13327097,"Ohanyan, Ara",ARM,M,,,,1585,AUG25,0,40,2015,
13312022,"Ohanyan, Emin",ARM,M,GM,,,2425,AUG25,0,10,2006,
13319680,"Ohanyan, Yeprem",ARM,M,,,,1653,AUG25,0,40,2009,
13314017,"Ohanyan, Yervand",ARM,M,,,,1584,AUG25,0,40,2007,i
13318365,"Ordyan, Rafayel",ARM,M,,,,1841,AUG25,0,40,2007,i
13313282,"Osipyan, Grigor",ARM,M,,,,1695,AUG25,0,20,2006,i
13318527,"Panosyan, Gevorg",ARM,M,,,,1686,AUG25,0,20,2005,i
13316540,"Papazyan, Karapet",ARM,M,,,,1598,AUG25,0,40,2011,i
13327810,"Papyan, Ashot",ARM,M,,,,1673,AUG25,0,40,2012,
13303309,"Pashayan, Genrikh",ARM,M,,,,1869,AUG25,0,20,1949,i
13318608,"Pashayan, Gevorg",ARM,M,,,,1491,AUG25,0,40,2008,i
13301578,"Pashikian, Arman",ARM,M,GM,FST,,2535,AUG25,0,10,1987,i
13312545,"Pashikyan, Rudolf",ARM,M,FM,,,2262,AUG25,0,40,2008,
13304020,"Pepelyan, Garnik",ARM,M,,,,1944,AUG25,0,20,1995,i
13322419,"Petakchyan, Hrayr",ARM,M,,,,1665,AUG25,0,20,2006,i
13302388,"Petrosian, David S.",ARM,M,,,,2186,AUG25,0,20,1985,
13301349,"Petrosian, Davit G.",ARM,M,GM,,,2343,AUG25,0,10,1984,i
13301616,"Petrosian, Tigran L.",ARM,M,GM,,,2570,AUG25,0,10,1984,
13311476,"Petrosyan, Alexander",ARM,M,,,,1875,AUG25,0,20,2002,i
13304364,"Petrosyan, Artur Kareni",ARM,M,,,,1835,AUG25,0,20,1991,
13324489,"Petrosyan, Hakob H.",ARM,M,,,,1636,AUG25,0,40,2016,
13320211,"Petrosyan, Hamlet",ARM,M,,,,1895,AUG25,0,40,2009,
13301896,"Petrosyan, Hovhannes K.",ARM,M,,,,1896,AUG25,0,20,1993,
13321080,"Petrosyan, Hrant",ARM,M,,,,1608,AUG25,0,40,2013,
13300857,"Petrosyan, Manuel",ARM,M,GM,,,2553,AUG25,9,10,1998,
13308297,"Petrosyan, Narek Agh.",ARM,M,,,,1705,AUG25,0,20,2002,i
13309587,"Petrosyan, Sahak",ARM,M,,,,1896,AUG25,0,20,2003,i
13309900,"Petrosyan, Shahen",ARM,M,,,,1899,AUG25,0,20,1998,i
13313797,"Petrosyan, Shushan",ARM,F,,,,1615,AUG25,0,20,2002,wi
13316699,"Petrosyan, Tigran Agh.",ARM,M,,,,2154,AUG25,0,40,2010,
13303678,"Petrosyan, Tigran S.",ARM,M,IM,,,2354,AUG25,0,20,1994,i
13309170,"Piliposyan, Erik",ARM,M,,,,1646,AUG25,0,20,2004,
13309978,"Piliposyan, Robert",ARM,M,IM,,,2391,AUG25,0,10,2007,
13304798,"Pluzyan, Aram",ARM,M,,,,2114,AUG25,0,20,1995,i
13318039,"Poghosyan, Alen",ARM,M,,,,2054,AUG25,0,40,2009,
13320882,"Poghosyan, Ameli",ARM,F,,,,1781,AUG25,0,40,2012,w
13305867,"Poghosyan, Avetik Arm.",ARM,M,,,,1492,AUG25,0,20,1988,i
13320750,"Poghosyan, Davit",ARM,M,,,,1773,AUG25,0,40,2012,
13324420,"Poghosyan, Davit Kh.",ARM,M,,,,1559,AUG25,0,40,2013,
13310755,"Poghosyan, Erik",ARM,M,,,,1646,AUG25,0,40,2007,i
13317555,"Poghosyan, Hasmik",ARM,F,,,,1582,AUG25,0,40,2007,w
13315005,"Poghosyan, Sarmen",ARM,M,,,,1680,AUG25,0,20,2006,i
13303201,"Poghosyan, Suren",ARM,M,FM,,,2094,AUG25,0,20,1989,
13320670,"Poghosyan, Tigran Vah.",ARM,M,,,,1485,AUG25,0,40,2009,i
13301586,"Pogosian, Vladimir",ARM,M,,,,2026,AUG25,0,20,1963,i
13303589,"Pogosyan, Armen",ARM,M,,,,2065,AUG25,0,20,1991,i
34159867,"Pogosyan, Stefan",ARM,M,IM,,,2305,AUG25,0,10,2004,i
13301233,"Ramazian, Arshak",ARM,M,FM,FT,,2222,AUG25,0,20,1968,i
13313754,"Rostomyan, Mikayel",ARM,M,FM,,,2174,AUG25,0,20,2006,
13317628,"Safaryan, Vladimir",ARM,M,,,,1804,AUG25,0,40,2008,i
13316338,"Sahakyan, Aleks",ARM,M,IM,,,2277,AUG25,0,20,2006,
13310992,"Sahakyan, Arman K.",ARM,M,,,,1925,AUG25,0,20,2004,
13307746,"Sahakyan, Garush",ARM,M,,,,2072,AUG25,0,20,1999,i
13320394,"Sahakyan, Hamlet",ARM,M,,,,2018,AUG25,0,40,2011,
13317350,"Sahakyan, Hayk R.",ARM,M,,,,1650,AUG25,0,40,2010,i
13313711,"Sahakyan, Kamo",ARM,M,,,,1735,AUG25,0,20,1989,i
13321331,"Samvelyan, Hovhannes",ARM,M,,,,1549,AUG25,0,40,2010,i
13325949,"Samvelyan, Robert",ARM,M,,,,1608,AUG25,0,40,2011,
13322508,"Samvelyan, Tagvor",ARM,M,,,,1575,AUG25,0,40,2012,
13300776,"Santrian, Ararat",ARM,M,FM,,,2306,AUG25,0,20,1974,i
13320556,"Santrosyan, Aleksandr",ARM,M,,,,1551,AUG25,0,40,2009,i
13319027,"Santrosyan, Ashot",ARM,M,,,,1652,AUG25,0,40,2010,
13307169,"Santryan, Davit",ARM,M,CM,,,2128,AUG25,0,20,2002,i
13324322,"Saqoyan, Artyom",ARM,M,,,,1436,AUG25,0,40,2011,i
13300881,"Sargissian, Gabriel",ARM,M,GM,,,2561,AUG25,0,10,1983,
13303210,"Sargissyan, Sargis",ARM,M,FM,,,2056,AUG25,9,20,1990,
13301659,"Sargsjan, Vardges",ARM,M,FM,,,2056,AUG25,0,20,1966,i
13325957,"Sargsyan, Davit G.",ARM,M,,,,1426,AUG25,0,20,1993,
13324969,"Sargsyan, Gevorg",ARM,M,,,,1439,AUG25,0,40,2012,
13312715,"Sargsyan, Gor K.",ARM,M,,,,1853,AUG25,0,20,2006,i
13317695,"Sargsyan, Karo B.",ARM,M,,,,1753,AUG25,0,40,2008,
13307010,"Sargsyan, Mher",ARM,M,,,,AGM,AUG25,1970,0,1996,
13313398,"Sargsyan, Mkhitar",ARM,M,,,,1712,AUG25,0,20,2005,i
44184344,"Sargsyan, Nare",ARM,F,,,,1549,AUG25,0,20,2004,w
13310810,"Sargsyan, Sargis Vach.",ARM,M,FM,,,2334,AUG25,0,20,2004,
13306766,"Sargsyan, Shant",ARM,M,GM,,,2592,AUG25,0,10,2002,
13310836,"Sargsyan, Srbuhi",ARM,F,,,,1728,AUG25,0,20,2004,w
13312138,"Sargsyan, Taron",ARM,M,,,,1752,AUG25,0,20,2005,i
13311328,"Sargsyan, Tigran R.",ARM,M,FM,,,2222,AUG25,0,20,2003,
13324624,"Sargsyan, Vahe",ARM,M,,,,1509,AUG25,0,40,2014,
13326872,"Sargsyan, Vanuhi",ARM,F,,,,1460,AUG25,0,20,2004,w
13319094,"Sarukhanyan, Aksel",ARM,M,,,,1645,AUG25,0,20,1974,
13322184,"Sayadyan, Aleks",ARM,M,,,,1474,AUG25,0,40,2010,i
13304909,"Sayadyan, Edvard",ARM,M,,,,2091,AUG25,0,20,1995,
13322427,"Sayadyan, Meri",ARM,F,,,,1435,AUG25,0,40,2007,w
13323040,"Shahbazyan, Zhora",ARM,M,,,,1500,AUG25,0,40,2011,
13304380,"Shahinyan, David",ARM,M,IM,,,2390,AUG25,0,20,1994,
13321382,"Shahinyan, Mariana",ARM,F,,,,1442,AUG25,0,40,2007,w
13314599,"Shahinyan, Vladimir",ARM,M,CM,,,2062,AUG25,0,40,2008,
13313762,"Shahmuradyan, Sergey",ARM,M,,,,1660,AUG25,0,20,2004,i
13327186,"Shahnazaryan, Arayik",ARM,M,,,,1522,AUG25,0,20,2000,
13323903,"Shahvaladyan, Samvel",ARM,M,,,,1535,AUG25,0,40,2013,
13318934,"Sharajyan, Garik",ARM,M,,,,1854,AUG25,0,40,2010,
13319280,"Sharajyan, Viktoria",ARM,F,,,,1547,AUG25,0,40,2011,w
13301632,"Shegunts, Vachagan",ARM,M,,,,2044,AUG25,0,20,1967,i
13309420,"Shmavonyan, Areg",ARM,M,CM,,,2118,AUG25,0,20,2002,i
13302337,"Simonian, Hrair",ARM,M,GM,,,2229,AUG25,11,10,1991,
13310020,"Simonyan, Araksya",ARM,F,,,,AFM,AUG25,1565,0,2001,w
13323830,"Simonyan, Aramo",ARM,M,,,,1423,AUG25,0,40,2013,
13318160,"Simonyan, Arman",ARM,M,,,,1814,AUG25,0,40,2009,
13317563,"Simonyan, Artashes V.",ARM,M,,,,1474,AUG25,0,40,2010,i
13318870,"Simonyan, Hayk V.",ARM,M,,,,1849,AUG25,0,40,2010,
13321650,"Simonyan, Movses",ARM,M,,,,1701,AUG25,0,40,2012,i
13326929,"Simonyan, Stepan",ARM,M,,,,1434,AUG25,0,40,2016,
13308319,"Smbatyan, Qristine",ARM,F,,,,1769,AUG25,0,20,2002,w
13313665,"Smbatyan, Vahe",ARM,M,,,,1613,AUG25,0,20,2002,
13305174,"Soghomonyan, Anush",ARM,F,,,,1657,AUG25,0,20,1985,wi
13315510,"Soghomonyan, Tigran",ARM,M,,,,1849,AUG25,0,40,2011,
13302086,"Stamboltsyan, Sargis",ARM,M,,,,2152,AUG25,0,20,1993,i
13300296,"Stambulian, Arsen",ARM,M,IM,,,2156,AUG25,0,10,1965,
13315773,"Stepanyan, Alvard",ARM,F,,,,1681,AUG25,0,40,2007,wi
13317059,"Stepanyan, Ararat",ARM,M,,,,1753,AUG25,0,40,2009,
13320823,"Stepanyan, Davit",ARM,M,,,,1743,AUG25,0,40,2013,
13324314,"Stepanyan, Gagik",ARM,M,,,,1754,AUG25,0,20,1977,
13312790,"Stepanyan, Hamayak",ARM,M,,,,1965,AUG25,0,20,2003,i
13323016,"Stepanyan, Lernik",ARM,M,,,,1556,AUG25,0,40,2011,
13324772,"Stepanyan, Narek G.",ARM,M,,,,1546,AUG25,0,40,2008,
13317016,"Stepanyan, Rafayel M.",ARM,M,,,,1694,AUG25,0,20,2006,i
13316230,"Stepanyan, Roman",ARM,M,,,,1514,AUG25,0,20,2005,i
13319183,"Stepanyan, Sevak",ARM,M,,,,1428,AUG25,0,20,2006,i
13321293,"Stepanyan, Tigran",ARM,M,,,,1446,AUG25,0,40,2011,i
13306596,"Sukiasyan, Artem V.",ARM,M,,,,1982,AUG25,0,20,1997,i
13321129,"Sukiasyan, Davit",ARM,M,,,,1601,AUG25,0,40,2011,
13317245,"Sukiasyan, Vahe A.",ARM,M,FM,,,2278,AUG25,0,20,2008,
13314696,"Tadevosyan, Gevorg",ARM,M,,,,1951,AUG25,0,20,1955,i
13320734,"Tadevosyan, Hayk",ARM,M,,,,1532,AUG25,0,40,2013,
13316850,"Tadevosyan, Levon",ARM,M,,,,2026,AUG25,9,40,2008,
13327127,"Takhmizyan, Hayk",ARM,M,,,,1421,AUG25,0,40,2012,
13311263,"Talalyan, Alexander",ARM,M,,,,1637,AUG25,0,20,2002,i
13323032,"Tamazyan, Hayk",ARM,M,,,,1413,AUG25,0,40,2012,
13325140,"Tarkhanyan, Mark",ARM,M,,,,1409,AUG25,0,40,2012,
13319175,"Tarposhyan, Vardan",ARM,M,,,,1811,AUG25,0,40,2008,
13320033,"Tarzyan, Harutyun",ARM,M,,,,1794,AUG25,0,40,2009,
13317253,"Tavakalyan, Ani",ARM,F,,,,1531,AUG25,0,40,2011,w
13322028,"Tavakalyan, Khachatur",ARM,M,,,,1427,AUG25,0,40,2009,i
13321196,"Tavakalyan, Nare",ARM,F,,,,1420,AUG25,0,40,2008,w
13302531,"Ter-Sahakyan, Samvel",ARM,M,GM,,,2554,AUG25,0,10,1993,
13314688,"Terteryan, Narek",ARM,M,,,,1733,AUG25,0,20,2001,
13304402,"Tiraturyan, David",ARM,M,,,,2310,AUG25,0,20,1991,
13316311,"Tokhyan, Feliks",ARM,M,,,,1954,AUG25,0,40,2007,i
13321951,"Tonyan, Vyacheslav",ARM,M,,,,1527,AUG25,0,40,2012,
13323954,"Torosyan, Garik",ARM,M,,,,1445,AUG25,0,40,2015,
13300431,"Torosyan, Norayr",ARM,M,IM,,,2331,AUG25,0,20,1996,
13319051,"Torosyan, Volodya",ARM,M,CM,,,2183,AUG25,0,40,2010,
13302736,"Tovmasian, Vardges",ARM,M,IM,,,2385,AUG25,0,10,1990,i
13305263,"Tovmasyan, Karapet",ARM,M,,,,1853,AUG25,0,20,1964,i
13315544,"Tovmasyan, Karen",ARM,M,,,,1833,AUG25,0,20,2006,
13323024,"Tovmasyan, Suren",ARM,M,,,,1592,AUG25,0,40,2011,
13323776,"Tovmasyan, Vahan",ARM,M,,,,1641,AUG25,0,40,2014,
13315048,"Tsaturyan, Tigran",ARM,M,,,,1460,AUG25,0,20,2005,i
13311646,"Tumanyan, Simon H.",ARM,M,,,,1968,AUG25,0,20,2003,
13300016,"Vaganian, Rafael A",ARM,M,GM,,,2439,AUG25,0,10,1951,i
13302175,"Vahramyan, Grisha",ARM,M,,,,1635,AUG25,0,20,1994,i
13316320,"Vanyan, Liana",ARM,F,,,,1492,AUG25,0,20,1986,wi
54137810,"Vanyan, Oganes",ARM,M,,,,1700,AUG25,0,40,2008,i
13308254,"Vanyan, Vahan",ARM,M,,,,1677,AUG25,0,20,2002,i
13311409,"Varazdatyan, Narek",ARM,M,,,,AIM,AUG25,1849,0,1987,i
13303562,"Vardanian, Haik G.",ARM,M,IM,,,2294,AUG25,0,20,1993,i
13301870,"Vardanian, Hakob",ARM,M,,,,2172,AUG25,0,20,1984,
13301861,"Vardanian, Hamazasp",ARM,M,,,,2075,AUG25,0,20,1981,
13323105,"Vardanyan, Areg",ARM,M,,,,1458,AUG25,0,40,2012,i
13323610,"Vardanyan, Aren",ARM,M,,,,1424,AUG25,0,40,2010,i
13320149,"Vardanyan, Arman M.",ARM,M,,,,1632,AUG25,0,40,2010,
13322478,"Vardanyan, Armen Art.",ARM,M,,,,1797,AUG25,0,40,2015,
13322583,"Vardanyan, Arpi",ARM,F,,,,1444,AUG25,0,40,2014,wi
13302205,"Vardanyan, Haik A.",ARM,M,,,,2090,AUG25,0,20,1993,i
13323415,"Vardanyan, Khachatur",ARM,M,,,,1481,AUG25,0,40,2009,i
13318071,"Vardanyan, Mamikon",ARM,M,,,,1581,AUG25,0,40,2009,i
13324497,"Vardanyan, Manvel",ARM,M,,,,1591,AUG25,0,40,2017,
13317873,"Vardanyan, Taron",ARM,M,,,,1497,AUG25,0,40,2008,i
13322176,"Vardevanyan, Aram",ARM,M,,,,1484,AUG25,0,40,2009,i
13308009,"Vardevanyan, Artur",ARM,M,,,,1806,AUG25,0,20,1984,i
13326430,"Vatyan, Harutyun",ARM,M,,,,1560,AUG25,0,40,2010,
13313088,"Velitsyan, Narek",ARM,M,,,,1678,AUG25,0,20,2001,
13326414,"Veranyan, Arman",ARM,M,,,,1876,AUG25,0,20,1986,
13326244,"Veranyan, Vladimir",ARM,M,,,,1476,AUG25,0,20,1954,
13322044,"Voskanyan, Anahit",ARM,F,,,,1516,AUG25,0,40,2011,wi
13326171,"Xing, Lida",ARM,F,,,,1496,AUG25,0,40,2013,w
13323733,"Yarmaloyan, Armen",ARM,M,,,,1662,AUG25,0,20,1998,i
13317903,"Yavryan, Arayik",ARM,M,,,,1629,AUG25,0,40,2011,
13307088,"Yayloyan, Konstantin",ARM,M,FM,,,2056,AUG25,0,20,1999,
13312170,"Yedigaryan, Asya",ARM,F,WCM,WCM,,1950,AUG25,0,20,2004,wi
13307754,"Yeghiazaryan, Aramayis",ARM,M,,,,1809,AUG25,0,20,1998,i
13303082,"Yeghiazaryan, Armenak",ARM,M,FM,,,2204,AUG25,0,20,1989,
13317938,"Yeghiazaryan, Mikayel",ARM,M,,,,1802,AUG25,0,40,2008,
13317598,"Yeghiazaryan, Robert",ARM,M,,,,1584,AUG25,0,40,2009,i
13323539,"Yeghikyan, Narek",ARM,M,,,,1456,AUG25,0,40,2011,
13321013,"Yenokyan, Henri",ARM,M,,,,1549,AUG25,0,40,2012,
13321021,"Yenokyan, Sergey",ARM,M,,,,1605,AUG25,0,40,2013,i
13308998,"Yeremyan, Alen",ARM,M,FM,,,2139,AUG25,0,20,2003,
13306537,"Yeremyan, Hayk",ARM,M,,,,1761,AUG25,0,20,1972,i
13307320,"Yeritsyan, Hayk",ARM,M,FM,,,2163,AUG25,0,20,1998,
13319973,"Yesayan, Karen",ARM,M,,,,1509,AUG25,0,40,2011,
13324128,"Yesayan, Vahagn",ARM,M,,,,1429,AUG25,0,40,2011,
13301276,"Zakarian, David",ARM,M,FM,,,2260,AUG25,0,20,1979,
13317636,"Zakaryan, Samvel",ARM,M,,,,AIM,AUG25,1785,0,2008,
13302469,"Zakaryan, Suren",ARM,M,,,,1680,AUG25,0,20,1992,i
13326295,"Zavaryan, Aghasi",ARM,M,,,,1418,AUG25,0,40,2015,
13322770,"Zhamkochyan, Mane",ARM,F,,,,1531,AUG25,0,40,2011,w
13307479,"Ziroyan, David",ARM,M,,,,1980,AUG25,0,20,2001,i
13318357,"Zohrabyan, Artyom",ARM,M,,,,1596,AUG25,0,20,2004,i
13328000,"Zuloyan, Erik",ARM,M,,,,1535,AUG25,0,40,2011,