[
  {
    "ID Number": "6405525"
  },
  {
    "ID Number": "6400400"
  },
  {
    "ID Number": "6407862"
  },
  {
    "ID Number": "6409431"
  },
  {
    "ID Number": "6415725"
  },
  {
    "ID Number": "6416896"
  },
  {
    "ID Number": "6407552"
  },
  {
    "ID Number": "6400655"
  },
  {
    "ID Number": "6402720"
  },
  {
    "ID Number": "6425194"
  },
  {
    "ID Number": "6416730"
  },
  {
    "ID Number": "6406688"
  },
  {
    "ID Number": "6401716"
  },
  {
    "ID Number": "6402410"
  },
  {
    "ID Number": "6406610"
  },
  {
    "ID Number": "6408265"
  },
  {
    "ID Number": "6433090"
  },
  {
    "ID Number": "6407870"
  },
  {
    "ID Number": "6420761"
  },
  {
    "ID Number": "6408885"
  },
  {
    "ID Number": "6433448"
  },
  {
    "ID Number": "6402097"
  },
  {
    "ID Number": "6439616"
  },
  {
    "ID Number": "6402739"
  },
  {
    "ID Number": "6402747"
  },
  {
    "ID Number": "6405274"
  },
  {
    "ID Number": "6403735"
  },
  {
    "ID Number": "6423647"
  },
  {
    "ID Number": "6433278"
  },
  {
    "ID Number": "6426387"
  },
  {
    "ID Number": "6401821"
  },
  {
    "ID Number": "6402771"
  },
  {
    "ID Number": "6408567"
  },
  {
    "ID Number": "6405282"
  },
  {
    "ID Number": "6425321"
  },
  {
    "ID Number": "6403743"
  },
  {
    "ID Number": "6419321"
  },
  {
    "ID Number": "6422403"
  },
  {
    "ID Number": "6400264"
  },
  {
    "ID Number": "6406173"
  },
  {
    "ID Number": "6406165"
  },
  {
    "ID Number": "6428738"
  },
  {
    "ID Number": "6422705"
  },
  {
    "ID Number": "6400124"
  },
  {
    "ID Number": "6401660"
  },
  {
    "ID Number": "6430163"
  },
  {
    "ID Number": "6419291"
  },
  {
    "ID Number": "6438610"
  },
  {
    "ID Number": "6413927"
  },
  {
    "ID Number": "6437788"
  },
  {
    "ID Number": "6402798"
  },
  {
    "ID Number": "6405312"
  },
  {
    "ID Number": "6428061"
  },
  {
    "ID Number": "6416560"
  },
  {
    "ID Number": "6402801"
  },
  {
    "ID Number": "6431526"
  },
  {
    "ID Number": "6406190"
  },
  {
    "ID Number": "6403794"
  },
  {
    "ID Number": "6400485"
  },
  {
    "ID Number": "6433910"
  },
  {
    "ID Number": "6426271"
  },
  {
    "ID Number": "6404634"
  },
  {
    "ID Number": "6417221"
  },
  {
    "ID Number": "6401490"
  },
  {
    "ID Number": "6404006"
  },
  {
    "ID Number": "6402836"
  },
  {
    "ID Number": "6433936"
  },
  {
    "ID Number": "6430724"
  },
  {
    "ID Number": "6406629"
  },
  {
    "ID Number": "6430139"
  },
  {
    "ID Number": "6404243"
  },
  {
    "ID Number": "6400710"
  },
  {
    "ID Number": "6405347"
  },
  {
    "ID Number": "6421482"
  },
  {
    "ID Number": "6416012"
  },
  {
    "ID Number": "6405339"
  },
  {
    "ID Number": "6422543"
  },
  {
    "ID Number": "6422730"
  },
  {
    "ID Number": "6405096"
  },
  {
    "ID Number": "6425356"
  },
  {
    "ID Number": "6433014"
  },
  {
    "ID Number": "6423787"
  },
  {
    "ID Number": "6400353"
  },
  {
    "ID Number": "6403085"
  },
  {
    "ID Number": "6431810"
  },
  {
    "ID Number": "6400230"
  },
  {
    "ID Number": "6415253"
  },
  {
    "ID Number": "6401155"
  },
  {
    "ID Number": "6411126"
  },
  {
    "ID Number": "6435963"
  },
  {
    "ID Number": "6405649"
  },
  {
    "ID Number": "6408095"
  },
  {
    "ID Number": "6402860"
  },
  {
    "ID Number": "6419461"
  },
  {
    "ID Number": "6419470"
  },
  {
    "ID Number": "6430910"
  },
  {
    "ID Number": "6423396"
  },
  {
    "ID Number": "6408648"
  },
  {
    "ID Number": "6404022"
  },
  {
    "ID Number": "6407927"
  },
  {
    "ID Number": "6433154"
  },
  {
    "ID Number": "6432832"
  },
  {
    "ID Number": "6401449"
  },
  {
    "ID Number": "6415768"
  },
  {
    "ID Number": "6401600"
  },
  {
    "ID Number": "6430147"
  },
  {
    "ID Number": "6410227"
  },
  {
    "ID Number": "6438636"
  },
  {
    "ID Number": "6434525"
  },
  {
    "ID Number": "6408150"
  },
  {
    "ID Number": "6422756"
  },
  {
    "ID Number": "6419690"
  },
  {
    "ID Number": "6401309"
  },
  {
    "ID Number": "6403387"
  },
  {
    "ID Number": "6408435"
  },
  {
    "ID Number": "6422764"
  },
  {
    "ID Number": "6401546"
  },
  {
    "ID Number": "6400434"
  },
  {
    "ID Number": "6401317"
  },
  {
    "ID Number": "6409970"
  },
  {
    "ID Number": "6433111"
  },
  {
    "ID Number": "6406262"
  },
  {
    "ID Number": "6437729"
  },
  {
    "ID Number": "6400370"
  },
  {
    "ID Number": "6432263"
  },
  {
    "ID Number": "6432271"
  },
  {
    "ID Number": "6431801"
  },
  {
    "ID Number": "6430686"
  },
  {
    "ID Number": "6422144"
  },
  {
    "ID Number": "6409490"
  },
  {
    "ID Number": "6402003"
  },
  {
    "ID Number": "6435378"
  },
  {
    "ID Number": "6435386"
  },
  {
    "ID Number": "6427162"
  },
  {
    "ID Number": "6433561"
  },
  {
    "ID Number": "6424805"
  },
  {
    "ID Number": "6405746"
  },
  {
    "ID Number": "6413986"
  },
  {
    "ID Number": "6420028"
  },
  {
    "ID Number": "6407811"
  },
  {
    "ID Number": "6440339"
  },
  {
    "ID Number": "6433502"
  },
  {
    "ID Number": "6435459"
  },
  {
    "ID Number": "6432956"
  },
  {
    "ID Number": "6440533"
  },
  {
    "ID Number": "6405185"
  },
  {
    "ID Number": "6422780"
  },
  {
    "ID Number": "6422799"
  },
  {
    "ID Number": "6424821"
  },
  {
    "ID Number": "6425240"
  },
  {
    "ID Number": "6401783"
  },
  {
    "ID Number": "6440347"
  },
  {
    "ID Number": "6400515"
  },
  {
    "ID Number": "6400299"
  },
  {
    "ID Number": "6433138"
  },
  {
    "ID Number": "6421792"
  },
  {
    "ID Number": "6401007"
  },
  {
    "ID Number": "6431470"
  },
  {
    "ID Number": "6403697"
  },
  {
    "ID Number": "6429262"
  },
  {
    "ID Number": "6416861"
  },
  {
    "ID Number": "6435041"
  },
  {
    "ID Number": "6436200"
  },
  {
    "ID Number": "6405207"
  },
  {
    "ID Number": "6431038"
  },
  {
    "ID Number": "6427278"
  },
  {
    "ID Number": "6435122"
  },
  {
    "ID Number": "6424724"
  },
  {
    "ID Number": "6405444"
  },
  {
    "ID Number": "6403662"
  },
  {
    "ID Number": "6437656"
  },
  {
    "ID Number": "6400612"
  },
  {
    "ID Number": "6422934"
  },
  {
    "ID Number": "6411452"
  },
  {
    "ID Number": "6427510"
  },
  {
    "ID Number": "6401228"
  },
  {
    "ID Number": "6431534"
  },
  {
    "ID Number": "6431542"
  },
  {
    "ID Number": "6417884"
  },
  {
    "ID Number": "6419607"
  },
  {
    "ID Number": "6400272"
  },
  {
    "ID Number": "6426565"
  },
  {
    "ID Number": "6405215"
  },
  {
    "ID Number": "6412807"
  },
  {
    "ID Number": "6425232"
  },
  {
    "ID Number": "6405487"
  },
  {
    "ID Number": "6400345"
  },
  {
    "ID Number": "6402658"
  },
  {
    "ID Number": "6429297"
  },
  {
    "ID Number": "6400841"
  },
  {
    "ID Number": "6410685"
  },
  {
    "ID Number": "6411193"
  },
  {
    "ID Number": "6416870"
  },
  {
    "ID Number": "6413030"
  },
  {
    "ID Number": "6430511"
  },
  {
    "ID Number": "6409229"
  },
  {
    "ID Number": "6422829"
  },
  {
    "ID Number": "6401260"
  },
  {
    "ID Number": "6403034"
  },
  {
    "ID Number": "6438016"
  },
  {
    "ID Number": "6432166"
  },
  {
    "ID Number": "6423094"
  },
  {
    "ID Number": "6413315"
  },
  {
    "ID Number": "6435807"
  },
  {
    "ID Number": "6409113"
  }
]