[
  {
    "ID Number": "32504730",
    "Name": "Abraham Chol Kur Deng",
    "Fed": "SSD",
    "Sex": "M",
    "Title": "",
    "WTit": "",
    "OTit": "",
    "Rating": "1614",
    "Gms": "0",
    "K": "40",
    "RatingMonth": "SEP25",
    "B-day": "1996",
    "Flag": ""
  },
  {
    "ID Number": "32503857",
    "Name": "Abraham Makur Kosia Aluenge",
    "Fed": "SSD",
    "Sex": "M",
    "Title": "",
    "WTit": "",
    "OTit": "",
    "Rating": "1658",
    "Gms": "0",
    "K": "20",
    "RatingMonth": "SEP25",
    "B-day": "1988",
    "Flag": ""
  },
  {
    "ID Number": "32501382",
    "Name": "Achiek Kueth Reng",
    "Fed": "SSD",
    "Sex": "M",
    "Title": "",
    "WTit": "",
    "OTit": "",
    "Rating": "1850",
    "Gms": "0",
    "K": "20",
    "RatingMonth": "SEP25",
    "B-day": "1996",
    "Flag": ""
  },
  {
    "ID Number": "32502915",
    "Name": "Acholhok Mayom Acholhok",
    "Fed": "SSD",
    "Sex": "M",
    "Title": "",
    "WTit": "",
    "OTit": "",
    "Rating": "2013",
    "Gms": "0",
    "K": "40",
    "RatingMonth": "SEP25",
    "B-day": "2002",
    "Flag": "i"
  },
  {
    "ID Number": "32501145",
    "Name": "Adol Makuach Dau",
    "Fed": "SSD",
    "Sex": "M",
    "Title": "",
    "WTit": "",
    "OTit": "",
    "Rating": "1929",
    "Gms": "0",
    "K": "20",
    "RatingMonth": "SEP25",
    "B-day": "1998",
    "Flag": ""
  },
  {
    "ID Number": "32500319",
    "Name": "Aduot Madit Rigkher",
    "Fed": "SSD",
    "Sex": "M",
    "Title": "",
    "WTit": "",
    "OTit": "",
    "Rating": "1890",
    "Gms": "0",
    "K": "40",
    "RatingMonth": "SEP25",
    "B-day": "1984",
    "Flag": "i"
  },
  {
    "ID Number": "32501269",
    "Name": "Agook Madol Agook",
    "Fed": "SSD",
    "Sex": "M",
    "Title": "",
    "WTit": "",
    "OTit": "",
    "Rating": "1944",
    "Gms": "0",
    "K": "40",
    "RatingMonth": "SEP25",
    "B-day": "2000",
    "Flag": "i"
  },
  {
    "ID Number": "32502575",
    "Name": "Agoot Abuk Agoot",
    "Fed": "SSD",
    "Sex": "M",
    "Title": "",
    "WTit": "",
    "OTit": "",
    "Rating": "1960",
    "Gms": "0",
    "K": "20",
    "RatingMonth": "SEP25",
    "B-day": "1993",
    "Flag": ""
  },
  {
    "ID Number": "32506414",
    "Name": "Aguto Joseph Maguet Ngang",
    "Fed": "SSD",
    "Sex": "M",
    "Title": "",
    "WTit": "",
    "OTit": "",
    "Rating": "1695",
    "Gms": "0",
    "K": "40",
    "RatingMonth": "SEP25",
    "B-day": "1994",
    "Flag": "i"
  },
  {
    "ID Number": "32503369",
    "Name": "Ajak Ateny Ajith",
    "Fed": "SSD",
    "Sex": "M",
    "Title": "",
    "WTit": "",
    "OTit": "",
    "Rating": "1980",
    "Gms": "0",
    "K": "40",
    "RatingMonth": "SEP25",
    "B-day": "2002",
    "Flag": "i"
  },
  {
    "ID Number": "32501099",
    "Name": "Ajak Mach Duany",
    "Fed": "SSD",
    "Sex": "M",
    "Title": "",
    "WTit": "",
    "OTit": "",
    "Rating": "2010",
    "Gms": "0",
    "K": "20",
    "RatingMonth": "SEP25",
    "B-day": "1999",
    "Flag": ""
  },
  {
    "ID Number": "32502400",
    "Name": "Akech Ateny Ajith",
    "Fed": "SSD",
    "Sex": "M",
    "Title": "",
    "WTit": "",
    "OTit": "",
    "Rating": "2018",
    "Gms": "0",
    "K": "40",
    "RatingMonth": "SEP25",
    "B-day": "1996",
    "Flag": "i"
  },
  {
    "ID Number": "32501412",
    "Name": "Akech Deng Makuach",
    "Fed": "SSD",
    "Sex": "M",
    "Title": "",
    "WTit": "",
    "OTit": "",
    "Rating": "1897",
    "Gms": "0",
    "K": "40",
    "RatingMonth": "SEP25",
    "B-day": "1996",
    "Flag": "i"
  },
  {
    "ID Number": "32500327",
    "Name": "Akech Mareu, Garang",
    "Fed": "SSD",
    "Sex": "M",
    "Title": "",
    "WTit": "",
    "OTit": "",
    "Rating": "1916",
    "Gms": "0",
    "K": "40",
    "RatingMonth": "SEP25",
    "B-day": "1985",
    "Flag": "i"
  },
  {
    "ID Number": "32500386",
    "Name": "Amat Wundior",
    "Fed": "SSD",
    "Sex": "M",
    "Title": "",
    "WTit": "NA",
    "OTit": "",
    "Rating": "1823",
    "Gms": "0",
    "K": "40",
    "RatingMonth": "SEP25",
    "B-day": "1995",
    "Flag": "i"
  },
  {
    "ID Number": "32505183",
    "Name": "Amei Akot Lual Aduol",
    "Fed": "SSD",
    "Sex": "M",
    "Title": "",
    "WTit": "",
    "OTit": "",
    "Rating": "1580",
    "Gms": "0",
    "K": "40",
    "RatingMonth": "SEP25",
    "B-day": "1994",
    "Flag": "i"
  },
  {
    "ID Number": "10016775",
    "Name": "Anjelo Mach James Ayoor",
    "Fed": "SSD",
    "Sex": "M",
    "Title": "",
    "WTit": "",
    "OTit": "",
    "Rating": "1944",
    "Gms": "0",
    "K": "20",
    "RatingMonth": "SEP25",
    "B-day": "1979",
    "Flag": "i"
  },
  {
    "ID Number": "32500394",
    "Name": "Anyang Akol Ajok",
    "Fed": "SSD",
    "Sex": "M",
    "Title": "",
    "WTit": "",
    "OTit": "",
    "Rating": "1865",
    "Gms": "0",
    "K": "40",
    "RatingMonth": "SEP25",
    "B-day": "1991",
    "Flag": "i"
  },
  {
    "ID Number": "32501323",
    "Name": "Anyang Mayen Kon",
    "Fed": "SSD",
    "Sex": "M",
    "Title": "",
    "WTit": "",
    "OTit": "",
    "Rating": "2080",
    "Gms": "0",
    "K": "40",
    "RatingMonth": "SEP25",
    "B-day": "1991",
    "Flag": "i"
  },
  {
    "ID Number": "32501463",
    "Name": "Anyuon Gabriel Anyang",
    "Fed": "SSD",
    "Sex": "M",
    "Title": "",
    "WTit": "",
    "OTit": "",
    "Rating": "1909",
    "Gms": "0",
    "K": "40",
    "RatingMonth": "SEP25",
    "B-day": "1997",
    "Flag": "i"
  },
  {
    "ID Number": "32506724",
    "Name": "Atem Akech Atem",
    "Fed": "SSD",
    "Sex": "M",
    "Title": "",
    "WTit": "",
    "OTit": "",
    "Rating": "1881",
    "Gms": "0",
    "K": "40",
    "RatingMonth": "SEP25",
    "B-day": "1995",
    "Flag": "i"
  },
  {
    "ID Number": "32501277",
    "Name": "Ayom Deng Kuai",
    "Fed": "SSD",
    "Sex": "M",
    "Title": "",
    "WTit": "",
    "OTit": "",
    "Rating": "1962",
    "Gms": "0",
    "K": "40",
    "RatingMonth": "SEP25",
    "B-day": "2000",
    "Flag": "i"
  },
  {
    "ID Number": "32500440",
    "Name": "Ayuen Riak Kuer",
    "Fed": "SSD",
    "Sex": "M",
    "Title": "",
    "WTit": "",
    "OTit": "",
    "Rating": "1856",
    "Gms": "0",
    "K": "40",
    "RatingMonth": "SEP25",
    "B-day": "1984",
    "Flag": "i"
  },
  {
    "ID Number": "32500459",
    "Name": "Bedjwok Thomas Ajak",
    "Fed": "SSD",
    "Sex": "M",
    "Title": "",
    "WTit": "",
    "OTit": "",
    "Rating": "1885",
    "Gms": "0",
    "K": "40",
    "RatingMonth": "SEP25",
    "B-day": "1995",
    "Flag": "i"
  },
  {
    "ID Number": "32501358",
    "Name": "Benjamin Chau Awar",
    "Fed": "SSD",
    "Sex": "M",
    "Title": "",
    "WTit": "",
    "OTit": "",
    "Rating": "1890",
    "Gms": "0",
    "K": "20",
    "RatingMonth": "SEP25",
    "B-day": "2002",
    "Flag": ""
  },
  {
    "ID Number": "32506589",
    "Name": "Biar Kur Thongbor",
    "Fed": "SSD",
    "Sex": "M",
    "Title": "",
    "WTit": "",
    "OTit": "",
    "Rating": "1736",
    "Gms": "0",
    "K": "40",
    "RatingMonth": "SEP25",
    "B-day": "1987",
    "Flag": ""
  },
  {
    "ID Number": "32502966",
    "Name": "Bol Majok Riak",
    "Fed": "SSD",
    "Sex": "M",
    "Title": "",
    "WTit": "",
    "OTit": "",
    "Rating": "1963",
    "Gms": "0",
    "K": "40",
    "RatingMonth": "SEP25",
    "B-day": "1999",
    "Flag": "i"
  },
  {
    "ID Number": "32507186",
    "Name": "Chol Achuoth Chol",
    "Fed": "SSD",
    "Sex": "M",
    "Title": "",
    "WTit": "",
    "OTit": "",
    "Rating": "1613",
    "Gms": "0",
    "K": "40",
    "RatingMonth": "SEP25",
    "B-day": "2003",
    "Flag": ""
  },
  {
    "ID Number": "32506767",
    "Name": "Chol Akuot Makur",
    "Fed": "SSD",
    "Sex": "M",
    "Title": "",
    "WTit": "",
    "OTit": "",
    "Rating": "1827",
    "Gms": "0",
    "K": "40",
    "RatingMonth": "SEP25",
    "B-day": "1987",
    "Flag": "i"
  },
  {
    "ID Number": "32504284",
    "Name": "Chol Ayuen Chol",
    "Fed": "SSD",
    "Sex": "M",
    "Title": "",
    "WTit": "",
    "OTit": "",
    "Rating": "1743",
    "Gms": "0",
    "K": "40",
    "RatingMonth": "SEP25",
    "B-day": "2000",
    "Flag": "i"
  },
  {
    "ID Number": "32502427",
    "Name": "Chol Buol Kon",
    "Fed": "SSD",
    "Sex": "M",
    "Title": "",
    "WTit": "",
    "OTit": "",
    "Rating": "1719",
    "Gms": "0",
    "K": "40",
    "RatingMonth": "SEP25",
    "B-day": "1986",
    "Flag": "i"
  },
  {
    "ID Number": "32501170",
    "Name": "Chol Mach Nhial",
    "Fed": "SSD",
    "Sex": "M",
    "Title": "",
    "WTit": "",
    "OTit": "",
    "Rating": "1873",
    "Gms": "0",
    "K": "40",
    "RatingMonth": "SEP25",
    "B-day": "2004",
    "Flag": ""
  },
  {
    "ID Number": "10003460",
    "Name": "Chol, Akoy, Aluong",
    "Fed": "SSD",
    "Sex": "M",
    "Title": "",
    "WTit": "",
    "OTit": "",
    "Rating": "1916",
    "Gms": "0",
    "K": "40",
    "RatingMonth": "SEP25",
    "B-day": "1987",
    "Flag": "i"
  },
  {
    "ID Number": "32505574",
    "Name": "Constantino Lueth Costa Mapuor",
    "Fed": "SSD",
    "Sex": "M",
    "Title": "",
    "WTit": "",
    "OTit": "",
    "Rating": "1861",
    "Gms": "0",
    "K": "40",
    "RatingMonth": "SEP25",
    "B-day": "1987",
    "Flag": "i"
  },
  {
    "ID Number": "32505175",
    "Name": "Daniel Bior Makuach Piel",
    "Fed": "SSD",
    "Sex": "M",
    "Title": "",
    "WTit": "",
    "OTit": "",
    "Rating": "1737",
    "Gms": "4",
    "K": "20",
    "RatingMonth": "SEP25",
    "B-day": "1997",
    "Flag": ""
  },
  {
    "ID Number": "32505167",
    "Name": "Daniel Deng Geny Grassiano",
    "Fed": "SSD",
    "Sex": "M",
    "Title": "",
    "WTit": "",
    "OTit": "",
    "Rating": "1788",
    "Gms": "0",
    "K": "40",
    "RatingMonth": "SEP25",
    "B-day": "1994",
    "Flag": ""
  },
  {
    "ID Number": "32505469",
    "Name": "Daniel Deng Mating Majok",
    "Fed": "SSD",
    "Sex": "M",
    "Title": "",
    "WTit": "",
    "OTit": "",
    "Rating": "1854",
    "Gms": "0",
    "K": "40",
    "RatingMonth": "SEP25",
    "B-day": "2000",
    "Flag": "i"
  },
  {
    "ID Number": "32500483",
    "Name": "Daniel Deng Panchol",
    "Fed": "SSD",
    "Sex": "M",
    "Title": "",
    "WTit": "",
    "OTit": "",
    "Rating": "1904",
    "Gms": "0",
    "K": "40",
    "RatingMonth": "SEP25",
    "B-day": "1987",
    "Flag": "i"
  },
  {
    "ID Number": "32505442",
    "Name": "Daniel Madit Ayuen",
    "Fed": "SSD",
    "Sex": "M",
    "Title": "",
    "WTit": "",
    "OTit": "",
    "Rating": "1884",
    "Gms": "0",
    "K": "40",
    "RatingMonth": "SEP25",
    "B-day": "2005",
    "Flag": "i"
  },
  {
    "ID Number": "32502990",
    "Name": "Dau Deng Chol",
    "Fed": "SSD",
    "Sex": "M",
    "Title": "",
    "WTit": "",
    "OTit": "",
    "Rating": "1791",
    "Gms": "0",
    "K": "40",
    "RatingMonth": "SEP25",
    "B-day": "1987",
    "Flag": "i"
  },
  {
    "ID Number": "10003037",
    "Name": "David Maluak Bol,Leng",
    "Fed": "SSD",
    "Sex": "M",
    "Title": "",
    "WTit": "",
    "OTit": "",
    "Rating": "2023",
    "Gms": "0",
    "K": "20",
    "RatingMonth": "SEP25",
    "B-day": "1986",
    "Flag": "i"
  },
  {
    "ID Number": "32500130",
    "Name": "David Mayol, Buol Alith",
    "Fed": "SSD",
    "Sex": "M",
    "Title": "",
    "WTit": "",
    "OTit": "",
    "Rating": "1987",
    "Gms": "0",
    "K": "40",
    "RatingMonth": "SEP25",
    "B-day": "1994",
    "Flag": "i"
  },
  {
    "ID Number": "32501935",
    "Name": "David Yol Machar",
    "Fed": "SSD",
    "Sex": "M",
    "Title": "",
    "WTit": "",
    "OTit": "",
    "Rating": "2021",
    "Gms": "0",
    "K": "20",
    "RatingMonth": "SEP25",
    "B-day": "1997",
    "Flag": ""
  },
  {
    "ID Number": "32500149",
    "Name": "Deng Ateny Riak, Joseph",
    "Fed": "SSD",
    "Sex": "M",
    "Title": "",
    "WTit": "",
    "OTit": "",
    "Rating": "1993",
    "Gms": "0",
    "K": "20",
    "RatingMonth": "SEP25",
    "B-day": "1995",
    "Flag": "i"
  },
  {
    "ID Number": "32501366",
    "Name": "Deng Garang wek",
    "Fed": "SSD",
    "Sex": "M",
    "Title": "",
    "WTit": "",
    "OTit": "",
    "Rating": "1912",
    "Gms": "0",
    "K": "20",
    "RatingMonth": "SEP25",
    "B-day": "1999",
    "Flag": "i"
  },
  {
    "ID Number": "32500122",
    "Name": "Deng Khor Kuol, Michael",
    "Fed": "SSD",
    "Sex": "M",
    "Title": "",
    "WTit": "",
    "OTit": "",
    "Rating": "1977",
    "Gms": "0",
    "K": "20",
    "RatingMonth": "SEP25",
    "B-day": "1991",
    "Flag": ""
  },
  {
    "ID Number": "32505337",
    "Name": "Deng William Kurdit",
    "Fed": "SSD",
    "Sex": "M",
    "Title": "",
    "WTit": "",
    "OTit": "",
    "Rating": "1785",
    "Gms": "0",
    "K": "40",
    "RatingMonth": "SEP25",
    "B-day": "1993",
    "Flag": "i"
  },
  {
    "ID Number": "10003142",
    "Name": "Deng, Almonzir, Ahmed",
    "Fed": "SSD",
    "Sex": "M",
    "Title": "",
    "WTit": "",
    "OTit": "",
    "Rating": "1777",
    "Gms": "0",
    "K": "40",
    "RatingMonth": "SEP25",
    "B-day": "1979",
    "Flag": "i"
  },
  {
    "ID Number": "10802223",
    "Name": "Diing, Peter",
    "Fed": "SSD",
    "Sex": "M",
    "Title": "",
    "WTit": "",
    "OTit": "",
    "Rating": "1906",
    "Gms": "0",
    "K": "20",
    "RatingMonth": "SEP25",
    "B-day": "1991",
    "Flag": "i"
  },
  {
    "ID Number": "32500556",
    "Name": "Dojo Ezekiel",
    "Fed": "SSD",
    "Sex": "M",
    "Title": "",
    "WTit": "NA",
    "OTit": "",
    "Rating": "1774",
    "Gms": "0",
    "K": "40",
    "RatingMonth": "SEP25",
    "B-day": "1984",
    "Flag": "i"
  },
  {
    "ID Number": "32505272",
    "Name": "Dut Akuei Joth Bol",
    "Fed": "SSD",
    "Sex": "M",
    "Title": "",
    "WTit": "",
    "OTit": "",
    "Rating": "1859",
    "Gms": "0",
    "K": "40",
    "RatingMonth": "SEP25",
    "B-day": "1986",
    "Flag": "i"
  },
  {
    "ID Number": "32506791",
    "Name": "Emmanuel Deng Ghai",
    "Fed": "SSD",
    "Sex": "M",
    "Title": "",
    "WTit": "",
    "OTit": "",
    "Rating": "1820",
    "Gms": "0",
    "K": "40",
    "RatingMonth": "SEP25",
    "B-day": "1985",
    "Flag": "i"
  },
  {
    "ID Number": "32503024",
    "Name": "Emmanuel Thon Dhieu",
    "Fed": "SSD",
    "Sex": "M",
    "Title": "",
    "WTit": "",
    "OTit": "",
    "Rating": "1779",
    "Gms": "0",
    "K": "40",
    "RatingMonth": "SEP25",
    "B-day": "1986",
    "Flag": "i"
  },
  {
    "ID Number": "32504322",
    "Name": "Gabriel Jok Mading Chok",
    "Fed": "SSD",
    "Sex": "M",
    "Title": "",
    "WTit": "",
    "OTit": "",
    "Rating": "1732",
    "Gms": "0",
    "K": "40",
    "RatingMonth": "SEP25",
    "B-day": "1987",
    "Flag": "i"
  },
  {
    "ID Number": "32500599",
    "Name": "Gabriel Malith Malith",
    "Fed": "SSD",
    "Sex": "M",
    "Title": "",
    "WTit": "",
    "OTit": "",
    "Rating": "1795",
    "Gms": "0",
    "K": "40",
    "RatingMonth": "SEP25",
    "B-day": "1994",
    "Flag": "i"
  },
  {
    "ID Number": "32501072",
    "Name": "Gabriel Marko Muorkor, Cienglet",
    "Fed": "SSD",
    "Sex": "M",
    "Title": "",
    "WTit": "",
    "OTit": "",
    "Rating": "1899",
    "Gms": "0",
    "K": "40",
    "RatingMonth": "SEP25",
    "B-day": "1982",
    "Flag": "i"
  },
  {
    "ID Number": "32503067",
    "Name": "Gai John Malual",
    "Fed": "SSD",
    "Sex": "M",
    "Title": "",
    "WTit": "",
    "OTit": "",
    "Rating": "1892",
    "Gms": "0",
    "K": "40",
    "RatingMonth": "SEP25",
    "B-day": "1993",
    "Flag": "i"
  },
  {
    "ID Number": "32503652",
    "Name": "Gilo Opiew Gilo Opiew",
    "Fed": "SSD",
    "Sex": "M",
    "Title": "",
    "WTit": "",
    "OTit": "",
    "Rating": "1677",
    "Gms": "0",
    "K": "40",
    "RatingMonth": "SEP25",
    "B-day": "1978",
    "Flag": "i"
  },
  {
    "ID Number": "32500610",
    "Name": "Gong Thon Gong",
    "Fed": "SSD",
    "Sex": "M",
    "Title": "",
    "WTit": "NA",
    "OTit": "",
    "Rating": "2190",
    "Gms": "0",
    "K": "20",
    "RatingMonth": "SEP25",
    "B-day": "1999",
    "Flag": ""
  },
  {
    "ID Number": "32505370",
    "Name": "Gotbai Peter Machum Leet",
    "Fed": "SSD",
    "Sex": "M",
    "Title": "",
    "WTit": "",
    "OTit": "",
    "Rating": "1667",
    "Gms": "0",
    "K": "40",
    "RatingMonth": "SEP25",
    "B-day": "1988",
    "Flag": "i"
  },
  {
    "ID Number": "32500629",
    "Name": "Hassen Dafallah",
    "Fed": "SSD",
    "Sex": "M",
    "Title": "",
    "WTit": "",
    "OTit": "",
    "Rating": "1632",
    "Gms": "0",
    "K": "40",
    "RatingMonth": "SEP25",
    "B-day": "1989",
    "Flag": "i"
  },
  {
    "ID Number": "10003185",
    "Name": "Hussien, Abdalsalam, Adam",
    "Fed": "SSD",
    "Sex": "M",
    "Title": "",
    "WTit": "",
    "OTit": "",
    "Rating": "1803",
    "Gms": "0",
    "K": "40",
    "RatingMonth": "SEP25",
    "B-day": "1965",
    "Flag": "i"
  },
  {
    "ID Number": "32501285",
    "Name": "Jacob Jok Matiop Athoch",
    "Fed": "SSD",
    "Sex": "M",
    "Title": "",
    "WTit": "",
    "OTit": "",
    "Rating": "1952",
    "Gms": "0",
    "K": "40",
    "RatingMonth": "SEP25",
    "B-day": "1996",
    "Flag": ""
  },
  {
    "ID Number": "10002871",
    "Name": "Jada Albert, Modi",
    "Fed": "SSD",
    "Sex": "M",
    "Title": "",
    "WTit": "",
    "OTit": "",
    "Rating": "1791",
    "Gms": "0",
    "K": "40",
    "RatingMonth": "SEP25",
    "B-day": "1962",
    "Flag": "i"
  },
  {
    "ID Number": "32503091",
    "Name": "James Mach Mayen",
    "Fed": "SSD",
    "Sex": "M",
    "Title": "",
    "WTit": "",
    "OTit": "",
    "Rating": "1932",
    "Gms": "0",
    "K": "40",
    "RatingMonth": "SEP25",
    "B-day": "1996",
    "Flag": "i"
  },
  {
    "ID Number": "32500645",
    "Name": "James Manyok Derwei",
    "Fed": "SSD",
    "Sex": "M",
    "Title": "",
    "WTit": "",
    "OTit": "",
    "Rating": "1926",
    "Gms": "0",
    "K": "40",
    "RatingMonth": "SEP25",
    "B-day": "1979",
    "Flag": "i"
  },
  {
    "ID Number": "32504721",
    "Name": "Jangthok Andrew D Arou",
    "Fed": "SSD",
    "Sex": "M",
    "Title": "",
    "WTit": "",
    "OTit": "",
    "Rating": "1805",
    "Gms": "0",
    "K": "40",
    "RatingMonth": "SEP25",
    "B-day": "2001",
    "Flag": ""
  },
  {
    "ID Number": "32503610",
    "Name": "Johareldin Khamis Hagar Zat",
    "Fed": "SSD",
    "Sex": "M",
    "Title": "",
    "WTit": "",
    "OTit": "",
    "Rating": "1628",
    "Gms": "0",
    "K": "40",
    "RatingMonth": "SEP25",
    "B-day": "1995",
    "Flag": "i"
  },
  {
    "ID Number": "32503113",
    "Name": "John Chol Salva",
    "Fed": "SSD",
    "Sex": "M",
    "Title": "",
    "WTit": "",
    "OTit": "",
    "Rating": "1763",
    "Gms": "0",
    "K": "40",
    "RatingMonth": "SEP25",
    "B-day": "1988",
    "Flag": "i"
  },
  {
    "ID Number": "32501706",
    "Name": "John Juach Deng Marol",
    "Fed": "SSD",
    "Sex": "M",
    "Title": "",
    "WTit": "",
    "OTit": "",
    "Rating": "1907",
    "Gms": "0",
    "K": "40",
    "RatingMonth": "SEP25",
    "B-day": "1997",
    "Flag": "i"
  },
  {
    "ID Number": "32505523",
    "Name": "John Majier Achiek",
    "Fed": "SSD",
    "Sex": "M",
    "Title": "",
    "WTit": "",
    "OTit": "",
    "Rating": "1836",
    "Gms": "0",
    "K": "40",
    "RatingMonth": "SEP25",
    "B-day": "1986",
    "Flag": "i"
  },
  {
    "ID Number": "12200581",
    "Name": "John, Henry",
    "Fed": "SSD",
    "Sex": "M",
    "Title": "",
    "WTit": "",
    "OTit": "",
    "Rating": "2190",
    "Gms": "0",
    "K": "20",
    "RatingMonth": "SEP25",
    "B-day": "1979",
    "Flag": "i"
  },
  {
    "ID Number": "32502567",
    "Name": "Jok Nhial Kuch",
    "Fed": "SSD",
    "Sex": "M",
    "Title": "",
    "WTit": "",
    "OTit": "",
    "Rating": "1762",
    "Gms": "0",
    "K": "40",
    "RatingMonth": "SEP25",
    "B-day": "1987",
    "Flag": "i"
  },
  {
    "ID Number": "32501480",
    "Name": "Joseph Isaac Guang Akol",
    "Fed": "SSD",
    "Sex": "M",
    "Title": "",
    "WTit": "",
    "OTit": "",
    "Rating": "1622",
    "Gms": "0",
    "K": "40",
    "RatingMonth": "SEP25",
    "B-day": "1992",
    "Flag": "i"
  },
  {
    "ID Number": "32506643",
    "Name": "Joseph Kong Garang",
    "Fed": "SSD",
    "Sex": "M",
    "Title": "",
    "WTit": "",
    "OTit": "",
    "Rating": "1745",
    "Gms": "0",
    "K": "40",
    "RatingMonth": "SEP25",
    "B-day": "1985",
    "Flag": "i"
  },
  {
    "ID Number": "10003150",
    "Name": "Joseph Kuol Chol Kuong",
    "Fed": "SSD",
    "Sex": "M",
    "Title": "",
    "WTit": "",
    "OTit": "",
    "Rating": "1779",
    "Gms": "0",
    "K": "40",
    "RatingMonth": "SEP25",
    "B-day": "1980",
    "Flag": "i"
  },
  {
    "ID Number": "32500262",
    "Name": "Juuk Thiong Juuk",
    "Fed": "SSD",
    "Sex": "M",
    "Title": "",
    "WTit": "",
    "OTit": "",
    "Rating": "1851",
    "Gms": "0",
    "K": "40",
    "RatingMonth": "SEP25",
    "B-day": "1996",
    "Flag": "i"
  },
  {
    "ID Number": "32505612",
    "Name": "Kachuol Kachuol Jok",
    "Fed": "SSD",
    "Sex": "M",
    "Title": "",
    "WTit": "",
    "OTit": "",
    "Rating": "1906",
    "Gms": "0",
    "K": "20",
    "RatingMonth": "SEP25",
    "B-day": "2004",
    "Flag": ""
  },
  {
    "ID Number": "32501722",
    "Name": "Kuai micheal Alier",
    "Fed": "SSD",
    "Sex": "M",
    "Title": "",
    "WTit": "",
    "OTit": "",
    "Rating": "1873",
    "Gms": "0",
    "K": "40",
    "RatingMonth": "SEP25",
    "B-day": "2003",
    "Flag": "i"
  },
  {
    "ID Number": "32506821",
    "Name": "Kuoiloi Majok",
    "Fed": "SSD",
    "Sex": "M",
    "Title": "",
    "WTit": "",
    "OTit": "",
    "Rating": "1756",
    "Gms": "0",
    "K": "40",
    "RatingMonth": "SEP25",
    "B-day": "1987",
    "Flag": "i"
  },
  {
    "ID Number": "32506651",
    "Name": "Kuol Kuol Kuol",
    "Fed": "SSD",
    "Sex": "M",
    "Title": "",
    "WTit": "",
    "OTit": "",
    "Rating": "1767",
    "Gms": "0",
    "K": "40",
    "RatingMonth": "SEP25",
    "B-day": "1985",
    "Flag": "i"
  },
  {
    "ID Number": "32502621",
    "Name": "Kut Alier -yollow",
    "Fed": "SSD",
    "Sex": "M",
    "Title": "",
    "WTit": "",
    "OTit": "",
    "Rating": "1849",
    "Gms": "0",
    "K": "40",
    "RatingMonth": "SEP25",
    "B-day": "1995",
    "Flag": "i"
  },
  {
    "ID Number": "32506570",
    "Name": "Lado Malueth Deng",
    "Fed": "SSD",
    "Sex": "M",
    "Title": "",
    "WTit": "",
    "OTit": "",
    "Rating": "1727",
    "Gms": "0",
    "K": "40",
    "RatingMonth": "SEP25",
    "B-day": "2006",
    "Flag": "i"
  },
  {
    "ID Number": "32502435",
    "Name": "Latjor David kutin",
    "Fed": "SSD",
    "Sex": "M",
    "Title": "",
    "WTit": "",
    "OTit": "",
    "Rating": "1674",
    "Gms": "0",
    "K": "40",
    "RatingMonth": "SEP25",
    "B-day": "1988",
    "Flag": "i"
  },
  {
    "ID Number": "32502451",
    "Name": "Lual Guet nhiany",
    "Fed": "SSD",
    "Sex": "M",
    "Title": "",
    "WTit": "",
    "OTit": "",
    "Rating": "2029",
    "Gms": "0",
    "K": "20",
    "RatingMonth": "SEP25",
    "B-day": "2003",
    "Flag": "i"
  },
  {
    "ID Number": "32501773",
    "Name": "Mabior Anyuat Mabior",
    "Fed": "SSD",
    "Sex": "M",
    "Title": "",
    "WTit": "",
    "OTit": "",
    "Rating": "1973",
    "Gms": "0",
    "K": "20",
    "RatingMonth": "SEP25",
    "B-day": "1997",
    "Flag": "i"
  },
  {
    "ID Number": "32505590",
    "Name": "Mabior Deng Graham Mabior",
    "Fed": "SSD",
    "Sex": "M",
    "Title": "",
    "WTit": "",
    "OTit": "",
    "Rating": "1677",
    "Gms": "0",
    "K": "40",
    "RatingMonth": "SEP25",
    "B-day": "1995",
    "Flag": ""
  },
  {
    "ID Number": "32500696",
    "Name": "Mabior Deng Mabior",
    "Fed": "SSD",
    "Sex": "M",
    "Title": "",
    "WTit": "",
    "OTit": "",
    "Rating": "1672",
    "Gms": "0",
    "K": "40",
    "RatingMonth": "SEP25",
    "B-day": "1977",
    "Flag": ""
  },
  {
    "ID Number": "32505540",
    "Name": "Mach Majok Mach Garang",
    "Fed": "SSD",
    "Sex": "M",
    "Title": "",
    "WTit": "",
    "OTit": "",
    "Rating": "2044",
    "Gms": "0",
    "K": "40",
    "RatingMonth": "SEP25",
    "B-day": "1989",
    "Flag": "i"
  },
  {
    "ID Number": "32506554",
    "Name": "Mach Majok Thiong",
    "Fed": "SSD",
    "Sex": "M",
    "Title": "",
    "WTit": "",
    "OTit": "",
    "Rating": "1747",
    "Gms": "0",
    "K": "40",
    "RatingMonth": "SEP25",
    "B-day": "2007",
    "Flag": "i"
  },
  {
    "ID Number": "32501129",
    "Name": "Mach Michael Ajak",
    "Fed": "SSD",
    "Sex": "M",
    "Title": "",
    "WTit": "",
    "OTit": "",
    "Rating": "1910",
    "Gms": "0",
    "K": "40",
    "RatingMonth": "SEP25",
    "B-day": "1991",
    "Flag": "i"
  },
  {
    "ID Number": "10021183",
    "Name": "Madol Garang Panthou Joh",
    "Fed": "SSD",
    "Sex": "M",
    "Title": "",
    "WTit": "",
    "OTit": "",
    "Rating": "2104",
    "Gms": "9",
    "K": "20",
    "RatingMonth": "SEP25",
    "B-day": "2004",
    "Flag": ""
  },
  {
    "ID Number": "32506856",
    "Name": "Magai Isaiah Barach",
    "Fed": "SSD",
    "Sex": "M",
    "Title": "",
    "WTit": "",
    "OTit": "",
    "Rating": "1858",
    "Gms": "0",
    "K": "40",
    "RatingMonth": "SEP25",
    "B-day": "1990",
    "Flag": "i"
  },
  {
    "ID Number": "32501781",
    "Name": "Majok Akot",
    "Fed": "SSD",
    "Sex": "M",
    "Title": "",
    "WTit": "",
    "OTit": "",
    "Rating": "1844",
    "Gms": "0",
    "K": "40",
    "RatingMonth": "SEP25",
    "B-day": "1980",
    "Flag": "i"
  },
  {
    "ID Number": "32502532",
    "Name": "Majok wiir Alou",
    "Fed": "SSD",
    "Sex": "M",
    "Title": "",
    "WTit": "",
    "OTit": "",
    "Rating": "1627",
    "Gms": "0",
    "K": "40",
    "RatingMonth": "SEP25",
    "B-day": "1979",
    "Flag": "i"
  },
  {
    "ID Number": "10003509",
    "Name": "Majok, Bior, Deng",
    "Fed": "SSD",
    "Sex": "M",
    "Title": "",
    "WTit": "",
    "OTit": "",
    "Rating": "1941",
    "Gms": "0",
    "K": "20",
    "RatingMonth": "SEP25",
    "B-day": "1988",
    "Flag": "i"
  },
  {
    "ID Number": "32506864",
    "Name": "Majur Alier",
    "Fed": "SSD",
    "Sex": "M",
    "Title": "",
    "WTit": "",
    "OTit": "",
    "Rating": "1819",
    "Gms": "0",
    "K": "40",
    "RatingMonth": "SEP25",
    "B-day": "1995",
    "Flag": "i"
  },
  {
    "ID Number": "10003339",
    "Name": "Malir, Kon, Riak",
    "Fed": "SSD",
    "Sex": "M",
    "Title": "",
    "WTit": "",
    "OTit": "",
    "Rating": "1924",
    "Gms": "0",
    "K": "40",
    "RatingMonth": "SEP25",
    "B-day": "1980",
    "Flag": "i"
  },
  {
    "ID Number": "32500734",
    "Name": "Malith Dot Malith",
    "Fed": "SSD",
    "Sex": "M",
    "Title": "",
    "WTit": "",
    "OTit": "",
    "Rating": "1837",
    "Gms": "0",
    "K": "40",
    "RatingMonth": "SEP25",
    "B-day": "1989",
    "Flag": "i"
  },
  {
    "ID Number": "32505515",
    "Name": "Mandela Joseph William",
    "Fed": "SSD",
    "Sex": "M",
    "Title": "",
    "WTit": "",
    "OTit": "",
    "Rating": "1854",
    "Gms": "0",
    "K": "40",
    "RatingMonth": "SEP25",
    "B-day": "1992",
    "Flag": "i"
  },
  {
    "ID Number": "32504411",
    "Name": "Mangok Koch Atem",
    "Fed": "SSD",
    "Sex": "M",
    "Title": "",
    "WTit": "",
    "OTit": "",
    "Rating": "1727",
    "Gms": "0",
    "K": "40",
    "RatingMonth": "SEP25",
    "B-day": "1997",
    "Flag": ""
  },
  {
    "ID Number": "32500769",
    "Name": "Manyok Chaderek P",
    "Fed": "SSD",
    "Sex": "M",
    "Title": "",
    "WTit": "",
    "OTit": "",
    "Rating": "2045",
    "Gms": "0",
    "K": "20",
    "RatingMonth": "SEP25",
    "B-day": "1991",
    "Flag": "i"
  },
  {
    "ID Number": "32501374",
    "Name": "Maring Piol Aleu",
    "Fed": "SSD",
    "Sex": "M",
    "Title": "",
    "WTit": "",
    "OTit": "",
    "Rating": "1998",
    "Gms": "0",
    "K": "40",
    "RatingMonth": "SEP25",
    "B-day": "1996",
    "Flag": "i"
  },
  {
    "ID Number": "10003096",
    "Name": "Mawai, Tit, Yuang",
    "Fed": "SSD",
    "Sex": "M",
    "Title": "",
    "WTit": "",
    "OTit": "",
    "Rating": "1796",
    "Gms": "0",
    "K": "40",
    "RatingMonth": "SEP25",
    "B-day": "1986",
    "Flag": "i"
  },
  {
    "ID Number": "10002901",
    "Name": "Mayen, Deng, Ador",
    "Fed": "SSD",
    "Sex": "M",
    "Title": "",
    "WTit": "",
    "OTit": "",
    "Rating": "1886",
    "Gms": "0",
    "K": "20",
    "RatingMonth": "SEP25",
    "B-day": "1984",
    "Flag": ""
  },
  {
    "ID Number": "10002979",
    "Name": "Mayom, Ajak, Magok",
    "Fed": "SSD",
    "Sex": "M",
    "Title": "",
    "WTit": "",
    "OTit": "",
    "Rating": "1854",
    "Gms": "0",
    "K": "40",
    "RatingMonth": "SEP25",
    "B-day": "1979",
    "Flag": "i"
  },
  {
    "ID Number": "32500289",
    "Name": "Michael Alier Noah",
    "Fed": "SSD",
    "Sex": "M",
    "Title": "",
    "WTit": "",
    "OTit": "",
    "Rating": "1787",
    "Gms": "0",
    "K": "20",
    "RatingMonth": "SEP25",
    "B-day": "1982",
    "Flag": ""
  },
  {
    "ID Number": "32503172",
    "Name": "Micheal Ajak Gai",
    "Fed": "SSD",
    "Sex": "M",
    "Title": "",
    "WTit": "",
    "OTit": "",
    "Rating": "1765",
    "Gms": "0",
    "K": "40",
    "RatingMonth": "SEP25",
    "B-day": "2002",
    "Flag": "i"
  },
  {
    "ID Number": "32503180",
    "Name": "Micheal Kuany Ateng",
    "Fed": "SSD",
    "Sex": "M",
    "Title": "",
    "WTit": "",
    "OTit": "",
    "Rating": "1740",
    "Gms": "0",
    "K": "40",
    "RatingMonth": "SEP25",
    "B-day": "1994",
    "Flag": "i"
  },
  {
    "ID Number": "32501242",
    "Name": "Ngong Samuel Gai",
    "Fed": "SSD",
    "Sex": "M",
    "Title": "",
    "WTit": "",
    "OTit": "",
    "Rating": "2002",
    "Gms": "0",
    "K": "20",
    "RatingMonth": "SEP25",
    "B-day": "2003",
    "Flag": ""
  },
  {
    "ID Number": "32502257",
    "Name": "Nicodemus changong Alier",
    "Fed": "SSD",
    "Sex": "M",
    "Title": "",
    "WTit": "",
    "OTit": "",
    "Rating": "1924",
    "Gms": "0",
    "K": "40",
    "RatingMonth": "SEP25",
    "B-day": "2000",
    "Flag": "i"
  },
  {
    "ID Number": "32507348",
    "Name": "Nyoka Daniel Aguek Nyok",
    "Fed": "SSD",
    "Sex": "M",
    "Title": "",
    "WTit": "",
    "OTit": "",
    "Rating": "1778",
    "Gms": "0",
    "K": "40",
    "RatingMonth": "SEP25",
    "B-day": "1996",
    "Flag": ""
  },
  {
    "ID Number": "10002944",
    "Name": "Odiel, James, Aban",
    "Fed": "SSD",
    "Sex": "M",
    "Title": "",
    "WTit": "",
    "OTit": "",
    "Rating": "1830",
    "Gms": "0",
    "K": "20",
    "RatingMonth": "SEP25",
    "B-day": "1983",
    "Flag": ""
  },
  {
    "ID Number": "10806253",
    "Name": "Panchol, James Madol",
    "Fed": "SSD",
    "Sex": "M",
    "Title": "",
    "WTit": "",
    "OTit": "",
    "Rating": "2057",
    "Gms": "0",
    "K": "20",
    "RatingMonth": "SEP25",
    "B-day": "1995",
    "Flag": ""
  },
  {
    "ID Number": "10003487",
    "Name": "Pandak, Majak, Guet",
    "Fed": "SSD",
    "Sex": "M",
    "Title": "",
    "WTit": "",
    "OTit": "",
    "Rating": "1800",
    "Gms": "0",
    "K": "40",
    "RatingMonth": "SEP25",
    "B-day": "1993",
    "Flag": "i"
  },
  {
    "ID Number": "32500831",
    "Name": "Pasquale Obac Opal",
    "Fed": "SSD",
    "Sex": "M",
    "Title": "",
    "WTit": "",
    "OTit": "",
    "Rating": "1726",
    "Gms": "0",
    "K": "40",
    "RatingMonth": "SEP25",
    "B-day": "1995",
    "Flag": "i"
  },
  {
    "ID Number": "32500840",
    "Name": "Peter Majur Manyang",
    "Fed": "SSD",
    "Sex": "M",
    "Title": "",
    "WTit": "",
    "OTit": "",
    "Rating": "2088",
    "Gms": "0",
    "K": "20",
    "RatingMonth": "SEP25",
    "B-day": "1996",
    "Flag": ""
  },
  {
    "ID Number": "10003290",
    "Name": "Peter, Chol, Awang",
    "Fed": "SSD",
    "Sex": "M",
    "Title": "",
    "WTit": "",
    "OTit": "",
    "Rating": "1813",
    "Gms": "0",
    "K": "40",
    "RatingMonth": "SEP25",
    "B-day": "1983",
    "Flag": "i"
  },
  {
    "ID Number": "32501870",
    "Name": "Philip Chol Paul",
    "Fed": "SSD",
    "Sex": "M",
    "Title": "",
    "WTit": "",
    "OTit": "",
    "Rating": "1909",
    "Gms": "0",
    "K": "40",
    "RatingMonth": "SEP25",
    "B-day": "1992",
    "Flag": "i"
  },
  {
    "ID Number": "32500092",
    "Name": "Philip Diing Gai Diing",
    "Fed": "SSD",
    "Sex": "M",
    "Title": "",
    "WTit": "",
    "OTit": "",
    "Rating": "1981",
    "Gms": "0",
    "K": "40",
    "RatingMonth": "SEP25",
    "B-day": "1983",
    "Flag": "i"
  },
  {
    "ID Number": "32500866",
    "Name": "Philip Marial Jool",
    "Fed": "SSD",
    "Sex": "M",
    "Title": "",
    "WTit": "",
    "OTit": "",
    "Rating": "1771",
    "Gms": "0",
    "K": "40",
    "RatingMonth": "SEP25",
    "B-day": "1987",
    "Flag": "i"
  },
  {
    "ID Number": "32500084",
    "Name": "Rehan, Deng Cypriano",
    "Fed": "SSD",
    "Sex": "M",
    "Title": "",
    "WTit": "",
    "OTit": "",
    "Rating": "2145",
    "Gms": "0",
    "K": "20",
    "RatingMonth": "SEP25",
    "B-day": "1982",
    "Flag": "i"
  },
  {
    "ID Number": "10003134",
    "Name": "Robin, Kuany, Machar",
    "Fed": "SSD",
    "Sex": "M",
    "Title": "",
    "WTit": "",
    "OTit": "",
    "Rating": "1851",
    "Gms": "0",
    "K": "40",
    "RatingMonth": "SEP25",
    "B-day": "1991",
    "Flag": "i"
  },
  {
    "ID Number": "32504454",
    "Name": "Samuel Thon Ayuen",
    "Fed": "SSD",
    "Sex": "M",
    "Title": "",
    "WTit": "",
    "OTit": "",
    "Rating": "1858",
    "Gms": "0",
    "K": "40",
    "RatingMonth": "SEP25",
    "B-day": "1996",
    "Flag": ""
  },
  {
    "ID Number": "32500912",
    "Name": "Simon Wieu Garang",
    "Fed": "SSD",
    "Sex": "M",
    "Title": "",
    "WTit": "NA",
    "OTit": "",
    "Rating": "1845",
    "Gms": "0",
    "K": "20",
    "RatingMonth": "SEP25",
    "B-day": "1985",
    "Flag": "i"
  },
  {
    "ID Number": "10003088",
    "Name": "Simon, Yaak , Deng",
    "Fed": "SSD",
    "Sex": "M",
    "Title": "",
    "WTit": "",
    "OTit": "",
    "Rating": "1907",
    "Gms": "0",
    "K": "40",
    "RatingMonth": "SEP25",
    "B-day": "1974",
    "Flag": "i"
  },
  {
    "ID Number": "32503245",
    "Name": "Thon Mading Ngang",
    "Fed": "SSD",
    "Sex": "M",
    "Title": "",
    "WTit": "",
    "OTit": "",
    "Rating": "1911",
    "Gms": "0",
    "K": "40",
    "RatingMonth": "SEP25",
    "B-day": "2000",
    "Flag": ""
  },
  {
    "ID Number": "32501234",
    "Name": "Wech Adol Chol",
    "Fed": "SSD",
    "Sex": "M",
    "Title": "",
    "WTit": "",
    "OTit": "",
    "Rating": "1951",
    "Gms": "0",
    "K": "20",
    "RatingMonth": "SEP25",
    "B-day": "2000",
    "Flag": ""
  },
  {
    "ID Number": "32500947",
    "Name": "William Nhial Manyuat",
    "Fed": "SSD",
    "Sex": "M",
    "Title": "",
    "WTit": "",
    "OTit": "",
    "Rating": "1788",
    "Gms": "0",
    "K": "40",
    "RatingMonth": "SEP25",
    "B-day": "1988",
    "Flag": "i"
  },
  {
    "ID Number": "32501188",
    "Name": "Yaak Garang Kamic",
    "Fed": "SSD",
    "Sex": "M",
    "Title": "",
    "WTit": "",
    "OTit": "",
    "Rating": "1994",
    "Gms": "0",
    "K": "40",
    "RatingMonth": "SEP25",
    "B-day": "2005",
    "Flag": ""
  },
  {
    "ID Number": "32501943",
    "Name": "Yuot Mabut Deng Yal",
    "Fed": "SSD",
    "Sex": "M",
    "Title": "",
    "WTit": "NA",
    "OTit": "",
    "Rating": "1932",
    "Gms": "0",
    "K": "40",
    "RatingMonth": "SEP25",
    "B-day": "1989",
    "Flag": "i"
  }
]