ID Number,Name,Fed,Sex,Title,WTit,OTit,Rating,Gms,K,RatingMonth,B-day,Flag
2520079,"Abdullayev, Rustem",IRL,M,,,,1931,0,20,AUG25,1986,
2516330,"Agarwal, Riyansh",IRL,M,,,,1615,0,40,AUG25,2013,
2503581,"Aherne, Anthony J.",IRL,M,,,,1968,0,40,AUG25,1960,i
2501805,"Aherne, John P.",IRL,M,,,,1914,0,20,AUG25,1964,
2537834,"Akermi, Rami",IRL,M,,,,1702,0,40,AUG25,2002,
2534509,"Akobo, D N",IRL,M,,,,1631,0,40,AUG25,1973,
2511487,"Aldridge, Dan",IRL,M,,,,1944,0,20,AUG25,1972,i
2512831,"Alexandru, Valentin Florin",IRL,M,,,,1818,0,40,AUG25,1978,i
2504022,"Alfred, Emily",IRL,F,,,,1917,0,40,AUG25,1988,wi
2503069,"Alfred, John",IRL,M,,,,1971,0,40,AUG25,1954,i
2513269,"Alkevicius, Arunas",IRL,M,,,,1928,0,20,AUG25,1981,
457370,"Allen, John P",IRL,M,,,,1809,0,40,AUG25,1963,i
2501147,"Allen, Keith",IRL,M,,,,2101,0,20,AUG25,1962,
2511460,"Allen, Mark",IRL,M,,,,1794,0,40,AUG25,1971,
2516411,"Allen-Coghlan, Matthew",IRL,M,,,,1747,0,40,AUG25,1991,i
2514397,"Allidine, Mark",IRL,M,,,,1791,0,40,AUG25,2000,
2525011,"Allsop, Rhys",IRL,M,,,,1556,0,40,AUG25,2006,
2503611,"Alvarado Rivera, Alejandro",IRL,M,,,,1888,0,20,AUG25,1978,i
2532379,"Alves, Rodrigo",IRL,M,,,,ACM,1516,0,AUG25,1986,
2534495,"Anderson, Patrick J",IRL,M,,,,1498,0,40,AUG25,1980,
2523531,"Andhurthi, Sreeyan",IRL,M,,,,1716,0,40,AUG25,2015,
2505762,"Annesley, Gareth",IRL,M,,,,1952,0,20,AUG25,1972,
2510251,"Antohi, Marius",IRL,M,,,,1845,0,20,AUG25,1982,
5206049,"Arellano, Robert",IRL,M,,NI,,AGM,2082,0,AUG25,1976,
2510340,"Armstrong, Chris",IRL,M,,,,1664,3,20,AUG25,1964,
2502089,"Armstrong, Fred",IRL,M,,,,1745,0,20,AUG25,1964,
2511983,"Arshakyan, Arman",IRL,M,,,,1643,0,40,AUG25,2009,
2524201,"Arun, Nitish",IRL,M,,,,2041,9,40,AUG25,2012,
2524210,"Arun, Rahul",IRL,M,,,,1605,8,40,AUG25,2009,
2504090,"Arundell, Richard",IRL,M,,,,2011,0,40,AUG25,1959,i
2501430,"Astaneh Lopez, Alex",IRL,M,IM,,,2416,0,10,AUG25,1987,i
2512270,"Avetisyan, Gagik",IRL,M,,,,1788,0,20,AUG25,2005,i
2512750,"Avetisyan, Karen",IRL,M,,,,1590,0,40,AUG25,1977,
2500914,"Baburin, Alexander",IRL,M,GM,,,2365,0,10,AUG25,1967,
2508672,"Baburin, Ivan",IRL,M,,,,1807,0,40,AUG25,1990,i
2508281,"Baczkowski, Piotr",IRL,M,,,,1736,0,20,AUG25,2001,
2508290,"Baczkowski, Stefan",IRL,M,,,,1688,0,20,AUG25,1958,
2507250,"Baird, David",IRL,M,,,,1755,0,20,AUG25,1953,i
2534991,"Baker, Jake",IRL,M,,,,1754,0,40,AUG25,2004,
2524600,"Banerjee, Aharshi",IRL,M,,,,1678,1,40,AUG25,2011,
2500442,"Bannon, Senan M. W.",IRL,M,,,,1904,0,40,AUG25,1978,i
2518520,"Baranowski, Lukasz",IRL,M,,,,1817,0,40,AUG25,1986,
2513838,"Barbals, Gatis",IRL,M,,,,1778,0,40,AUG25,1987,
2508079,"Barber, Andrew",IRL,M,,,,1794,0,40,AUG25,1953,i
2517604,"Barnes, Oliver",IRL,M,,,,2009,0,40,AUG25,2009,
2509938,"Barrett, Conor",IRL,M,,,,1782,0,20,AUG25,1995,
2523019,"Barrett, Ronan",IRL,M,,,,1596,0,40,AUG25,2001,
2500175,"Barry, Colm",IRL,M,,,,2219,0,20,AUG25,1959,
2521580,"Barry, Kieran",IRL,M,,,,1654,0,40,AUG25,1968,
2507323,"Barry, Suzanne",IRL,F,,,,1573,0,20,AUG25,1968,w
2529190,"Barsila, Denis",IRL,M,,,,1403,0,40,AUG25,1981,
2523558,"Bartczak, Korneliusz",IRL,M,,,,2055,0,40,AUG25,2012,
2523353,"Batbaatar, Manduhkai",IRL,F,,,,1645,0,40,AUG25,1994,w
2507544,"Beatty, Desmond",IRL,M,,,,1667,0,40,AUG25,1961,
2507552,"Beatty, Ross",IRL,M,,,,1824,0,20,AUG25,2001,
2501449,"Beckett, Brian",IRL,M,,,,1869,0,20,AUG25,1950,
2526476,"Beirne-Bowden, Danny",IRL,M,,,,1668,0,40,AUG25,2008,
2513790,"Bekh, Victor",IRL,M,,,,1854,0,40,AUG25,1975,i
2510901,"Belton, Liam",IRL,M,,,,1753,0,40,AUG25,2003,
2501384,"Bennett, Eric",IRL,M,,,,1836,0,20,AUG25,1977,
2500604,"Benson, Nicola",IRL,F,,,,1626,0,40,AUG25,1958,wi
2501821,"Benson, Oisin P.",IRL,M,,,,1917,0,20,AUG25,1992,
2512572,"Bergin, Cian",IRL,M,,,,1808,0,20,AUG25,2002,
2527197,"Bermingham, Adam D.",IRL,M,,,,1712,0,20,AUG25,1981,
2504103,"Bermingham, Tony",IRL,M,,,,1843,0,20,AUG25,1953,
2503182,"Berney, Mark",IRL,M,,,,1972,0,20,AUG25,1994,i
2510472,"Beryozkin, Sergey",IRL,M,,,,1924,0,20,AUG25,1969,
2531372,"Bharambe, Nevan",IRL,M,,,,1404,0,40,AUG25,2015,
33427020,Bhattacharjee Krish,IRL,M,,,,ACM,1521,0,AUG25,2015,
2535912,"Bhushan, Addhrit",IRL,M,,,,1450,0,40,AUG25,2012,
2535920,"Bhushan, Adhiraj",IRL,M,,,,1536,0,40,AUG25,2012,
2512297,"Binu Daniel, Nived",IRL,M,,,,1588,0,40,AUG25,2007,i
2503204,"Bissett, Vincent",IRL,M,,,,1847,0,20,AUG25,1968,
2518155,"Biswal, Saiansh",IRL,M,,,,1618,0,40,AUG25,2014,
2508621,"Bleahene, Shane",IRL,M,,,,1660,0,40,AUG25,1997,i
2507560,"Boland, Dylan",IRL,M,,,,1908,0,20,AUG25,1999,
2512505,"Boldijar, Nicu",IRL,M,,,,1495,0,40,AUG25,1974,
2505924,"Bonner, Peter",IRL,M,,,,1857,0,40,AUG25,1966,i
2534100,"Booysen, Dylan",IRL,M,,,,1545,0,40,AUG25,2001,
2504456,"Bourached, Anthony",IRL,M,,,,1987,0,20,AUG25,1993,
2529734,"Bowman, Charlie",IRL,M,,,,1634,0,40,AUG25,2000,
2533243,"Boyd, Jonathan",IRL,M,,,,1770,0,40,AUG25,1982,
2501830,"Boyle, Bernard",IRL,M,,,,1836,0,20,AUG25,1956,
2531046,"Bracken, Cilllian Patrick",IRL,M,,,,1516,0,40,AUG25,2011,i
2508028,"Bradley, Michael",IRL,M,,,,1650,0,40,AUG25,1971,
2500132,"Bradley, Sean",IRL,M,,,,1956,0,20,AUG25,1954,i
2513714,"Brady, Fearghal",IRL,M,,,,1740,0,40,AUG25,2008,
2534118,"Brady, John",IRL,M,,,,1611,0,40,AUG25,2003,
2500124,"Brady, Stephen",IRL,M,FM,,,2233,0,20,AUG25,1969,
416525,"Brady, Vince",IRL,M,,,,1605,0,20,AUG25,1948,i
2518570,"Braine, Harry",IRL,M,,,,1971,0,40,AUG25,2009,
2512823,"Bratkov, Pavel",IRL,M,,,,2039,0,40,AUG25,1990,i
2523930,"Brearley, Thierry",IRL,M,,,,1494,0,40,AUG25,1965,
2503174,"Breen, Anthony",IRL,M,,,,1809,0,20,AUG25,1975,i
2511070,"Bregazzi, Tony",IRL,M,,,,1669,0,40,AUG25,1957,
2504111,"Brehhov, Martin",IRL,M,,,,1860,0,20,AUG25,1979,
2521385,"Brennan, Andrew",IRL,M,,,,1889,0,20,AUG25,2004,
2504499,"Brennan, Shane",IRL,M,,,,1722,0,20,AUG25,1965,
2528827,"Breslin, Mark",IRL,M,,,,1772,0,40,AUG25,1994,
2502011,"Brezing, Thomas",IRL,M,,,,2032,0,20,AUG25,1969,i
2531054,"Briggs, Maslen",IRL,M,,,,1598,0,40,AUG25,2012,
2524457,"Bronnikova, Alla",IRL,F,,,,1882,0,40,AUG25,1965,wi
2512700,"Brozynski, Patryk",IRL,M,CM,,,2121,18,40,AUG25,2008,
2531062,"Brzozowski, Michal",IRL,M,,,,1650,0,40,AUG25,2006,
2505916,"Buckley, Colm",IRL,M,,,,1943,0,20,AUG25,1972,i
2503239,"Buckley, Gerard",IRL,M,,,,1800,0,20,AUG25,1977,
2502135,"Buckley, Maurice",IRL,M,,,,1764,0,20,AUG25,1956,
2513560,"Bueckert, Lucy",IRL,F,,,,1584,0,40,AUG25,2008,wi
2505371,"Buenos, Carlos",IRL,M,,,,2039,0,40,AUG25,1973,
2504510,"Buggy, John M.",IRL,M,,,,1828,0,20,AUG25,1986,
2516780,"Burke, Hugh",IRL,M,,,,1952,0,40,AUG25,2004,
2504278,"Burke, James",IRL,M,,,,1797,0,20,AUG25,1959,
2501520,"Burke, Kevin A.",IRL,M,,,,1924,0,20,AUG25,1979,
2508303,"Burke, Killian",IRL,M,,,,1657,0,40,AUG25,2001,i
2502143,"Burke, Martin",IRL,M,,,,1664,0,40,AUG25,1958,
2500582,"Burniston, Michael",IRL,M,,,,1655,0,40,AUG25,1945,
2502151,"Burns, John",IRL,M,,,,1899,0,40,AUG25,1950,i
2503654,"Butler, Eddie",IRL,M,,,,1827,0,40,AUG25,1980,
2522063,"Butler, Jp",IRL,M,,,,1536,0,40,AUG25,1976,
2501538,"Butler, Kevin",IRL,M,,,,1943,0,20,AUG25,1950,
2506246,"Butler, Tom",IRL,M,,,,1590,0,40,AUG25,1959,
2515504,"Butt, Zaran",IRL,M,,,,1810,0,40,AUG25,1995,i
2503247,"Byford, Colin",IRL,M,,,,1746,0,20,AUG25,1957,
2508788,"Byrne, Alex",IRL,M,,,,1970,0,20,AUG25,2002,i
2510553,"Byrne, Hugh",IRL,M,,,,1694,0,40,AUG25,1947,i
2509792,"Byrne, Ivan",IRL,M,,,,1825,0,20,AUG25,1985,i
2508796,"Byrne, Patrick L.",IRL,M,,,,1666,0,40,AUG25,1945,
2500922,"Byrne, Ray",IRL,M,,,,1882,0,20,AUG25,1948,
368180086,"Cadogan, Liam",IRL,M,,,,1415,0,40,AUG25,1956,
2500884,"Cafolla, Peter",IRL,M,,,,1902,0,20,AUG25,1957,
2505770,"Cairns, John",IRL,M,,,,1998,0,20,AUG25,1969,i
2526190,"Callinan, Eoin",IRL,M,,,,1748,0,40,AUG25,1999,
2518392,"Campbell, Andrew",IRL,M,,,,1887,0,20,AUG25,2006,
1148184,"Campbell, Karina",IRL,F,WFM,WFM,,1826,0,20,AUG25,1994,wi
2518406,"Campbell, Peter",IRL,M,,,,1614,2,20,AUG25,1976,
2511720,"Canavan, Maurice",IRL,M,,,,1678,0,40,AUG25,1943,
2503034,"Carey, Paul",IRL,M,,,,1896,0,20,AUG25,1964,
2504120,"Carlile, Orison",IRL,M,,,,2048,0,20,AUG25,1953,i
2513072,"Carolan, James",IRL,M,,,,1594,0,40,AUG25,1992,i
2523000,"Carr, David",IRL,M,,,,1676,0,40,AUG25,2001,i
2527227,"Carreira, Diego",IRL,M,,,,1571,0,40,AUG25,2008,
2510243,"Carroll, Peter",IRL,M,FM,,,2167,9,20,AUG25,2002,
2500299,"Carton, Niall",IRL,M,,,,2185,0,20,AUG25,1968,i
2500213,"Carton, Patrick",IRL,M,,,,1910,0,20,AUG25,1959,i
2507579,"Carty, Brian",IRL,M,,,,1744,0,40,AUG25,1947,i
2506548,"Casey, Eamonn",IRL,M,,,,1710,0,40,AUG25,1947,
2502178,"Casey, Eoghan",IRL,M,,,,1920,0,20,AUG25,1982,
2501848,"Casey, Gerry",IRL,M,,,,1738,0,20,AUG25,1960,
2502020,"Cassidy, John",IRL,M,,,,1880,0,20,AUG25,1972,
2500191,"Cassidy, Paul L.",IRL,M,,,,1879,0,20,AUG25,1942,
2507226,"Cassidy, Sydney",IRL,M,,,,1746,0,20,AUG25,1950,
2512068,"Castle, Aoife",IRL,F,,,,1704,0,40,AUG25,2002,wi
2522365,"Catacutan, Elijah Patrick",IRL,M,,,,1611,0,40,AUG25,2011,
2509725,"Cesaro, Davide",IRL,M,,,,1701,0,40,AUG25,1974,
2514613,"Chan, Bryan",IRL,M,,,,1891,0,40,AUG25,2005,i
2513617,"Chavdarov, Denislav Andonov",IRL,M,,,,1956,0,20,AUG25,1980,i
2533553,"Chavez, Johanna Marie",IRL,F,,,,1705,0,40,AUG25,1987,w
2521814,"Cheon, Elijah",IRL,M,,,,1634,0,40,AUG25,2001,i
2522012,"Choi, Matthew",IRL,M,,,,1628,0,40,AUG25,2003,
2503620,"Cichonski, Bartlomiej",IRL,M,,,,2057,0,20,AUG25,1984,i
2505398,"Clancy, Dan",IRL,M,,,,1867,0,40,AUG25,1959,i
2530600,"Clancy, Stephen",IRL,M,,,,1765,0,40,AUG25,1997,
2528843,"Clarke, Adrian",IRL,M,,,,1750,0,40,AUG25,1972,
2528851,"Clarke, Rory",IRL,M,,,,1775,0,40,AUG25,2007,
2505851,"Cleary, Thomas",IRL,M,,,,1623,0,40,AUG25,1955,
2528304,"Cogelja, Mihovil Niko",IRL,M,,,,AFM,1849,0,AUG25,2011,
2502356,"Coldrick, Art",IRL,M,,,,1813,0,20,AUG25,1941,
2514818,"Cole, Ethan",IRL,M,,,,1891,0,40,AUG25,2012,
2505401,"Cole, Kieran",IRL,M,,,,1810,0,20,AUG25,1969,
2504537,"Coleman, Pat",IRL,M,,,,1806,0,40,AUG25,1970,i
2518228,"Coleman, Rory",IRL,M,,,,1737,0,40,AUG25,1985,
2512300,"Collins, Adam",IRL,M,CM,,,2221,9,20,AUG25,2005,
2501040,"Collins, Danielle",IRL,F,,,,2063,0,40,AUG25,1981,wi
2518996,"Collins, Dylan",IRL,M,,,,1548,0,40,AUG25,2012,i
2502364,"Collins, Mark A.",IRL,M,,,,2005,0,20,AUG25,1983,
2528860,"Collins, Matthew",IRL,M,,,,1949,0,40,AUG25,2003,
2501198,"Collins, Sam E.",IRL,M,IM,,,2464,0,10,AUG25,1982,i
2528878,"Collum, Peter",IRL,M,,,,1737,0,40,AUG25,1991,
2524260,"Comley, Jamie",IRL,M,,,,1893,0,40,AUG25,2007,
2510111,"Condon, Gerard",IRL,M,,,,1809,0,20,AUG25,1980,
2507080,"Conlon, Lorcan Thomas",IRL,M,,,,1419,0,40,AUG25,2003,i
2516799,"Connell, Kris",IRL,M,,,,1793,0,20,AUG25,2006,i
2532344,"Connolly, Andrew",IRL,M,,,,1788,0,40,AUG25,2004,
2504545,"Connolly, Darragh",IRL,M,,,,1807,0,20,AUG25,1976,
2504553,"Connolly, Eamonn",IRL,M,,,,1788,0,40,AUG25,1986,i
2508320,"Connolly, Eoin",IRL,M,,,,1789,0,40,AUG25,1996,
2507412,"Connolly, John W.",IRL,M,,,,1669,0,40,AUG25,1996,i
2500388,"Connolly, Suzanne",IRL,F,,,,2012,0,20,AUG25,1963,wi
2508702,"Cooney, Brendan",IRL,M,,,,1817,0,20,AUG25,1975,
2513668,"Cooney, Lorcan",IRL,M,,,,1707,0,40,AUG25,2008,
2512947,"Cooney, Thomas",IRL,M,,,,1522,0,40,AUG25,2006,i
368178551,"Copeland, Dean",IRL,M,,,,1885,9,20,AUG25,2001,
2512807,"Copeland, Victor",IRL,M,,,,1555,0,40,AUG25,1968,i
2507420,"Corcoran, John",IRL,M,,,,1657,0,40,AUG25,1944,i
2506220,"Cormican, John",IRL,M,,,,1916,0,20,AUG25,1996,i
2501686,"Cormican, Ruth",IRL,F,,,,1789,0,40,AUG25,1994,wi
2512629,"Cornes, Brendan",IRL,M,,,,1879,0,40,AUG25,1955,i
2516977,"Corr, David",IRL,M,,,,1755,2,40,AUG25,1974,
2504570,"Corrigan, Brendan",IRL,M,,,,1791,0,40,AUG25,1962,i
2529750,"Corry, Shane",IRL,M,,,,1654,0,40,AUG25,1997,
2504294,"Cosgrove, Pat",IRL,M,,,,1761,0,20,AUG25,1957,
2501600,"Coughlan, Anne",IRL,F,,,,1682,0,40,AUG25,1948,wi
2516241,"Coughlan, Cody",IRL,M,,,,1841,0,40,AUG25,2006,
2524279,"Coughlan, James",IRL,M,,,,1668,0,40,AUG25,2012,
2502380,"Courtney, John",IRL,M,,,,2074,0,20,AUG25,1995,i
2505940,"Coveney, Maurice J.",IRL,M,,,,1540,0,40,AUG25,1939,i
2521806,"Cowpar, Stephen",IRL,M,,,,1848,0,40,AUG25,1992,i
2500116,"Cox, David",IRL,M,,,,2300,0,20,AUG25,0,i
2502399,"Coyle, Greg",IRL,M,,,,1675,0,40,AUG25,1954,
2528312,"Crean, Conor",IRL,M,,,,1673,0,40,AUG25,1988,
2503670,"Creighton, Terry",IRL,M,,,,1888,0,20,AUG25,1969,i
2500973,"Crichton, Martin",IRL,M,,,,1929,0,20,AUG25,1965,i
2531100,"Crkon, Oliver",IRL,M,,,,1617,0,40,AUG25,2008,i
2500370,"Cronin, April",IRL,F,,,,2055,0,20,AUG25,1960,wi
2527804,"Crothers, Toby",IRL,M,,,,1735,0,40,AUG25,2008,
2529513,"Crowe, John",IRL,M,,,,1687,0,40,AUG25,1985,
2512580,"Crowley, James",IRL,M,FM,,,2103,0,20,AUG25,2005,
2528789,"Cruz Leo, Jaime",IRL,M,,,,1915,0,40,AUG25,2001,
2521547,"Cucu, Marian",IRL,M,,,,1784,0,40,AUG25,1971,
2506033,"Cullen, Ben",IRL,M,,,,1959,0,20,AUG25,1996,i
2504146,"Cullen, Sean",IRL,M,,,,1822,0,20,AUG25,1964,
2525780,"Cummins, Finn",IRL,M,,,,1905,15,40,AUG25,2007,
2511266,"Cummins, Hugh",IRL,M,,,,1913,0,20,AUG25,1950,i
2512084,"Cummins, Sean",IRL,M,,,,1881,0,20,AUG25,1996,
2533537,"Curran, Cameron",IRL,M,,,,1513,0,40,AUG25,2004,
2504600,"Curran, Garrett",IRL,M,,,,1909,0,20,AUG25,1974,
2500140,"Curtin, Eugene",IRL,M,,,,2264,0,20,AUG25,1960,i
2504618,"Curtis, John W.",IRL,M,,,,1682,0,20,AUG25,1957,
2519593,"Da Silva, Gabriel",IRL,M,,,,1707,0,20,AUG25,1993,
2508184,"Daly, Aaron",IRL,M,,,,1864,0,40,AUG25,1989,i
2500434,"Daly, Colm",IRL,M,FM,,,2148,0,20,AUG25,1967,
2500841,"Daly, Justin",IRL,M,,,,1972,0,20,AUG25,1973,i
2503131,"Daly, Patrick",IRL,M,,,,1816,0,20,AUG25,1945,
2506149,"Danaher, James",IRL,M,,,,1823,0,20,AUG25,1996,i
2506157,"Danaher, Stephen",IRL,M,,,,1704,0,40,AUG25,1955,i
2525348,"Darcy, Graham",IRL,M,,,,1803,0,40,AUG25,1989,
2536188,"Dargan, Kieran",IRL,M,,,,1732,0,40,AUG25,1975,
2524724,"Darker, Adam",IRL,M,,,,1613,0,40,AUG25,2012,
2512459,"Daros, Lukasz",IRL,M,,,,1691,0,40,AUG25,1982,
2535025,"Dash, Devansh",IRL,M,,,,1589,0,40,AUG25,2011,
2534789,"Dash, Shaurya",IRL,M,,,,1733,0,40,AUG25,2012,
2502062,"De Jonge, Henk",IRL,M,,,,1942,0,20,AUG25,1963,
2504634,"Dee, Alan",IRL,M,,,,1903,0,40,AUG25,1973,i
2500345,"Delaney, Ann Teresa",IRL,F,,,,2100,0,40,AUG25,1962,wi
2500060,"Delaney, John",IRL,M,FM,,,2137,0,20,AUG25,1962,
2501570,"Delaney, Killian",IRL,M,FM,,,2275,0,20,AUG25,1985,
2502410,"Delaney, Liam",IRL,M,,,,1880,0,40,AUG25,1980,i
2500094,"Delaney, Paul",IRL,M,FM,,,2279,0,20,AUG25,1956,i
2502208,"Delaney, Rory",IRL,M,,,,1973,0,20,AUG25,1988,i
2502437,"Dempsey, Denis",IRL,M,,,,1507,0,20,AUG25,1939,
2506564,"Dempsey, Michael",IRL,M,,,,1653,0,40,AUG25,1961,
2501058,"Dempsey, Paul",IRL,M,,,,2163,0,20,AUG25,1982,i
2509008,"Deneher, Jimmy",IRL,M,,,,1746,0,20,AUG25,1965,
2504073,"Devane, Eoin",IRL,M,,,,1874,0,40,AUG25,1989,i
2507102,"Devenney, Ray",IRL,M,,,,1808,0,20,AUG25,1947,i
2512645,"Devilly, Sean",IRL,M,,,,1705,0,40,AUG25,2001,
2517280,"Devine, Daniel",IRL,M,,,,1543,0,40,AUG25,2013,
2517299,"Devine, Luca",IRL,M,,,,1420,0,40,AUG25,2007,
2520125,"Devine, Michael",IRL,M,,,,1553,0,40,AUG25,1982,
2501422,"Dignam, Matthew",IRL,M,,,,2164,0,20,AUG25,1988,
2511649,"Dimitrov, Nikolai",IRL,M,,,,1545,0,20,AUG25,1955,
2519038,"Dineen, Ryan",IRL,M,,,,1588,0,40,AUG25,1979,
2505428,"Dineen, Tim",IRL,M,,,,1700,0,20,AUG25,1981,i
2505754,"Divilly, Paddy",IRL,M,,,,1686,0,20,AUG25,1945,
2517205,"Dolia, Samarth",IRL,M,,,,1404,0,40,AUG25,2014,
2524740,"Donlon, Edward",IRL,M,,,,1602,0,40,AUG25,1991,
2540550,"Donnelly, Euan",IRL,M,,,,1683,5,40,AUG25,2004,
2507200,"Donnelly, Michael",IRL,M,,,,1926,0,40,AUG25,1996,
2502445,"Donohoe, Eugene",IRL,M,,,,1735,0,20,AUG25,1953,
2508826,"Donovan, Jack",IRL,M,,,,1725,0,40,AUG25,1999,i
2527146,"Doody, Odhran",IRL,M,,,,1564,0,40,AUG25,2009,
2501236,"Dooley, Michael",IRL,M,,,,2136,0,40,AUG25,1982,i
2517221,"Doolin, Bedhbh",IRL,F,,,,1682,0,40,AUG25,2011,w
2517230,"Doolin, Nemhain",IRL,F,,,,1849,0,40,AUG25,2011,w
2528991,"Doran, Cian",IRL,M,,,,1617,0,40,AUG25,2002,i
601152,"Doran, Niall",IRL,M,,,,1786,0,20,AUG25,1974,
456039,"Dorman, Orla",IRL,F,,,,1687,2,20,AUG25,2003,w
2511967,"Dornford-Smith, Adrian",IRL,M,,,,ACM,1573,0,AUG25,1965,
2515148,"Dorrian, Christopher",IRL,M,,NA,,1640,0,40,AUG25,1979,
2515873,"Dougherty, Matthew",IRL,M,,,,1522,0,40,AUG25,1999,
2520397,"Douglas, James",IRL,M,,,,1702,0,40,AUG25,2003,i
2501295,"Douglas, Timothy",IRL,M,,,,2157,0,40,AUG25,1978,i
2508036,"Dowdall, Paul",IRL,M,,,,1789,0,20,AUG25,1958,
2519615,"Downey, Stephen",IRL,M,,,,1560,0,40,AUG25,1972,
2500329,"Doyle, Anthony",IRL,M,,,,2031,0,20,AUG25,1949,
2507919,"Doyle, Gavin",IRL,M,,,,1785,9,20,AUG25,1986,
2500876,"Doyle, Hugh",IRL,M,,,,2090,0,20,AUG25,1995,i
2510219,"Doyle, Peter",IRL,M,,,,1606,0,40,AUG25,1962,i
2502453,"Doyle, Philip P.",IRL,M,,,,1877,0,20,AUG25,1950,i
2513080,"Dragic, Zoran",IRL,M,,,,1674,0,40,AUG25,1975,i
2500558,"Drakeford, David",IRL,M,,,,2185,0,40,AUG25,1957,i
2516063,"Drapiewski, Grzegorz",IRL,M,,,,1665,0,40,AUG25,1988,
2525437,"Drimbarean, Alexandru",IRL,M,,,,1976,0,40,AUG25,1974,
2519046,"Du Berry, Ross",IRL,M,,,,1827,0,20,AUG25,2000,
2522675,"Duan, Yinan",IRL,M,,,,1905,0,40,AUG25,2012,
2519623,"Dubose, Craig",IRL,M,,,,1547,0,40,AUG25,1979,
2516470,"Ducker, Chris",IRL,M,,,,1669,0,40,AUG25,1954,
2513501,"Duff, Paul",IRL,M,,,,1857,0,20,AUG25,1968,
2502461,"Duffy, Anthony",IRL,M,,,,1804,0,20,AUG25,1938,
2510561,"Duffy, Brendan",IRL,M,,,,1849,0,20,AUG25,1975,i
2529009,"Duffy, James",IRL,M,,,,1670,0,40,AUG25,1987,
2512637,"Duffy, Noel",IRL,M,,,,1719,0,40,AUG25,1955,i
2501708,"Duffy, Seamus",IRL,M,,,,1889,0,20,AUG25,1963,
2535343,"Duggan, Dylan",IRL,M,,,,1954,0,40,AUG25,2008,
2528347,"Duignan, Maurice",IRL,M,,,,1675,0,40,AUG25,1999,
2531933,"Dumigan, Owen",IRL,M,,,,1498,2,40,AUG25,1996,
2501139,"Dunne, David",IRL,M,FM,,,2335,0,20,AUG25,1959,i
2504707,"Dunne, John",IRL,M,,,,1668,0,20,AUG25,1972,
2508346,"Dunne, John P.",IRL,M,,,,1676,0,20,AUG25,1994,
2506289,"Dunne, Joseph",IRL,M,,,,1749,0,20,AUG25,1951,
2502470,"Dunne, Oliver",IRL,M,,,,1883,0,20,AUG25,1961,
2501996,"Dunne, Paul",IRL,M,,,,1948,0,20,AUG25,1967,i
2504154,"Dunne, Pearse",IRL,M,,,,1953,0,20,AUG25,1966,i
2521679,"Dunne, Ronan",IRL,M,,,,1996,0,40,AUG25,1981,
2507269,"Dunne, Thomas Junior",IRL,M,,,,AIM,1945,0,AUG25,1992,
2531402,"Duppalapudi, Shreyansh",IRL,M,,,,1576,0,40,AUG25,2014,
2508737,"Durkan, Joe",IRL,M,,,,1709,0,20,AUG25,1942,
2507927,"Dwyer, Daniel",IRL,M,,,,1898,0,20,AUG25,2005,
2517043,"D`arcy, Elian",IRL,M,,,,1769,0,40,AUG25,2001,
2504715,"Earls, Dermot",IRL,M,,,,1618,0,20,AUG25,1955,
2521822,"Edens, Jack",IRL,M,,,,1777,3,40,AUG25,2002,
2501732,"Egan, Colm",IRL,M,,,,1839,0,20,AUG25,1942,i
2532174,"Elioutin, Daniel Afanasiev",IRL,M,,,,1559,0,40,AUG25,2015,
2532182,"Elioutin, Michael Afanasiev",IRL,M,,,,1530,0,40,AUG25,2015,
2523647,"Emmo, David",IRL,M,,,,1443,0,40,AUG25,2001,i
2515695,"Evans, Damian",IRL,M,,,,1675,0,40,AUG25,1974,i
2512467,"Fagan, Kevin",IRL,M,,,,1747,0,40,AUG25,1989,i
2502496,"Fagan, Leon",IRL,M,,,,1907,0,40,AUG25,1974,i
2525836,"Fagan, Rordan",IRL,M,,,,1905,0,40,AUG25,2011,i
2509016,"Fahy, Liam P.",IRL,M,,,,1809,0,40,AUG25,1983,i
2506203,"Faleschini, Sasha-Ettore",IRL,M,,,,1851,0,20,AUG25,2002,i
2510448,"Fanning, Desmond",IRL,M,,,,1830,0,20,AUG25,1949,i
2505436,"Farragher, Brian",IRL,M,,,,1694,0,40,AUG25,1970,
2510570,"Farrell, Liam D.",IRL,M,,,,1538,0,40,AUG25,1953,i
2510359,"Farrelly, Eoin",IRL,M,,,,1915,0,20,AUG25,2004,
2520087,"Farry, Steve",IRL,M,,,,1727,0,40,AUG25,1987,i
2517787,"Faustino Lawlor, Elias",IRL,M,,,,1759,0,40,AUG25,2009,
2504758,"Fayne, Terence",IRL,M,,,,1798,0,20,AUG25,1952,
2519054,"Fearnhead, George",IRL,M,,,,1739,0,40,AUG25,2003,i
2506297,"Fennelly, Donal",IRL,M,,,,1790,0,40,AUG25,1941,
2509342,"Ferguson, Dayna",IRL,F,,,,1808,0,20,AUG25,2004,w
2507781,"Ferguson, John M.",IRL,M,,,,1732,0,40,AUG25,1972,i
2518325,"Ferris, Liam",IRL,M,,,,1848,0,40,AUG25,1997,
2522020,"Finn, Michael",IRL,M,,,,1464,0,40,AUG25,2004,i
2510960,"Finnerty, Andrew",IRL,M,,,,1613,0,40,AUG25,2007,i
2511177,"Fitzgerald, Martin",IRL,M,,,,1865,0,20,AUG25,2003,
2511185,"Fitzgerald, Niall",IRL,M,,,,1813,0,20,AUG25,2003,
2504766,"Fitzgerald, Patrick",IRL,M,,,,1807,0,20,AUG25,1964,i
2502500,"Fitzmaurice, Garth",IRL,M,,,,1860,0,20,AUG25,1979,i
2501350,"Fitzpatrick, Brian",IRL,M,,,,2043,0,20,AUG25,1976,i
2504316,"Fitzpatrick, Colm",IRL,M,,,,1848,0,20,AUG25,1965,
2504774,"Fitzpatrick, David",IRL,M,,,,1816,0,40,AUG25,1980,
2505886,"Fitzpatrick, Kevin",IRL,M,,,,1607,0,20,AUG25,1955,
2502518,"Fitzpatrick, Tom",IRL,M,,,,1709,0,20,AUG25,1942,i
2501961,"Fitzsimons, David",IRL,M,IM,,,2308,0,10,AUG25,1991,
2502526,"Fitzsimons, Pat",IRL,M,,,,1741,0,20,AUG25,1961,
2523035,"Fitzsimons, Philip",IRL,M,,,,1540,0,40,AUG25,1963,
2501716,"Flanagan, Samuel",IRL,M,,,,1838,0,20,AUG25,1954,i
2509393,"Flynn, Jacob",IRL,M,CM,,,2237,18,20,AUG25,2001,
2507803,"Flynn, Seamus",IRL,M,,,,1666,0,40,AUG25,1994,i
2511517,"Flynn-Connolly, Ruairi",IRL,M,,,,1805,0,40,AUG25,2003,i
2505444,"Foenander, Phillip",IRL,M,,,,1690,0,20,AUG25,1952,
36090360,"Foley, Dylan",IRL,M,,,,ACM,1744,0,AUG25,2005,i
2508044,"Foley, Kevin",IRL,M,,,,1815,0,40,AUG25,1955,i
2505452,"Foley, Tony",IRL,M,,,,1885,0,40,AUG25,1965,i
2508230,"Foran, Barry",IRL,M,,,,1688,0,20,AUG25,1952,
2512114,"Forde, James",IRL,M,,NA,,1679,0,40,AUG25,1969,
2525453,"Foster, Ben",IRL,M,,,,1630,0,40,AUG25,2007,
2500736,"Fox, Anthony",IRL,M,,,,1939,0,20,AUG25,1960,
2529602,"Francis, Joshua",IRL,M,,,,1827,0,40,AUG25,1998,
2501309,"Freeman, Gordon",IRL,M,FM,,,2017,0,20,AUG25,1982,
2503301,"Freer, Patrick",IRL,M,,,,1688,0,20,AUG25,1950,i
2519666,"Frost, Robert",IRL,M,,,,1801,0,20,AUG25,1989,
2506319,"Gaffney, John P.",IRL,M,,,,1812,0,40,AUG25,1960,i
2535416,"Gaffney, Michael",IRL,M,,,,1928,0,40,AUG25,1960,
2503310,"Gahan, Edward",IRL,M,,,,1687,0,20,AUG25,1970,
2503328,"Gaines, Brian",IRL,M,,,,1906,0,20,AUG25,1968,
2512556,"Gallagher, Brian",IRL,M,,,,1905,0,20,AUG25,1993,
2507161,"Gallagher, Matthew",IRL,M,,,,1774,0,20,AUG25,2002,i
2507943,"Gallagher, William",IRL,M,,,,1636,0,40,AUG25,1972,i
2501619,"Galligan, Brian",IRL,M,,,,2041,0,40,AUG25,1972,i
2506645,"Galligan, Sean",IRL,M,,,,1887,0,40,AUG25,1950,i
2521466,"Galligan, Theo",IRL,M,,,,1525,0,40,AUG25,2008,
2511592,"Gamage, Vihanga",IRL,M,,,,1727,0,20,AUG25,1997,i
2517477,"Gannon, Sean",IRL,M,,,,1732,0,40,AUG25,2008,i
2515024,"Gardner, Neil",IRL,M,,,,1834,3,40,AUG25,1974,
2516985,"Garvin, David",IRL,M,,,,1708,0,40,AUG25,1964,i
2507838,"Gaughan, Allen",IRL,M,,,,1684,0,40,AUG25,1983,
2509164,"Geaney-O`brien, David",IRL,M,,,,1975,0,20,AUG25,1998,
12809780,"Gedvilaite, Monika",IRL,F,WFM,WFM,,2046,0,20,AUG25,1984,wi
1202260,"Gelip, Ioana",IRL,F,WFM,WFM,,2150,0,20,AUG25,1995,w
2532263,"Ger, Tym",IRL,M,,,,1471,0,40,AUG25,2013,
2525739,"Geraghty, Declan",IRL,M,,,,1714,0,40,AUG25,1980,
2504790,"Germaine, Michael",IRL,M,,,,1715,0,40,AUG25,1933,i
2520877,"Gevorkyan, David",IRL,M,,,,1906,0,40,AUG25,2004,
2503336,"Gibson, John F.",IRL,M,,,,1902,0,20,AUG25,1948,i
2501554,"Gill, William D.",IRL,M,,,,1765,0,20,AUG25,1942,i
2500531,"Gillen, Adrian",IRL,M,,,,2245,0,20,AUG25,1977,i
2500850,"Gillen, Stephen",IRL,M,,,,2248,0,20,AUG25,1977,i
2508613,"Gilligan, Michael",IRL,M,,,,1662,0,20,AUG25,1991,i
2502534,"Gilmer, Conor",IRL,M,,,,1858,0,20,AUG25,1972,
2529807,"Gilmore, Alan",IRL,M,,,,1875,0,40,AUG25,1957,
2520214,"Gleeson, Eavan",IRL,F,,,,1471,0,20,AUG25,1990,w
2503085,"Glegolski, Cezary",IRL,M,,,,1890,0,40,AUG25,1966,i
2515792,"Glendinning, Calum",IRL,M,,,,1615,0,40,AUG25,2005,i
2507846,"Godley, Sean",IRL,M,,,,1881,0,40,AUG25,1981,i
2501813,"Goetzee, Rick",IRL,M,,,,1871,0,20,AUG25,1967,
2502542,"Goggins, David",IRL,M,,,,1746,0,20,AUG25,1953,
2520486,"Gohery, Daire",IRL,M,,,,1693,0,40,AUG25,1981,
2517027,"Gonnelly, Mark",IRL,M,,,,1911,0,20,AUG25,1967,
2524783,"Goodfellow, Ruarai",IRL,M,,,,1651,0,20,AUG25,1999,
1148290,"Gora, Antonina",IRL,F,WCM,WCM,,1952,9,20,AUG25,1997,w
2514648,"Gormally Whittaker, Dylan",IRL,M,,,,1738,0,40,AUG25,2010,
2518309,"Gorman, Dean",IRL,M,,,,1813,0,20,AUG25,1974,
2509407,"Goss, Alex",IRL,M,,,,1878,0,20,AUG25,2000,
2510855,"Gould, Richard",IRL,M,,,,1803,0,40,AUG25,1980,
2509172,"Govers, Eoin",IRL,M,,,,1867,0,40,AUG25,1983,i
2519690,"Govindaraju, Darun",IRL,M,,,,2005,0,40,AUG25,2010,
2516837,"Grant, Cian",IRL,M,,,,1695,0,40,AUG25,2001,
2512920,"Grant, David",IRL,M,,,,1561,0,40,AUG25,1967,
2525607,"Greenan, Darragh",IRL,M,,,,1767,0,40,AUG25,2014,
2526514,"Greenan, David",IRL,M,,,,1504,0,40,AUG25,2012,
2508885,"Greenan, Paul",IRL,M,,,,1706,0,20,AUG25,1969,
2500540,"Greer, Kieran",IRL,M,,,,2235,0,20,AUG25,1968,i
2520133,"Grey, Tom",IRL,M,,,,1757,0,40,AUG25,2002,
2502054,"Griffiths, Ryan Rhys",IRL,M,FM,,,2352,0,20,AUG25,1993,i
2529998,"Grogan, James",IRL,M,,,,1552,0,40,AUG25,2008,
2501767,"Grzymek, David",IRL,M,,,,1807,0,40,AUG25,1990,i
14115115,"Gubanov, Oleg",IRL,M,IM,,,2261,0,10,AUG25,1987,
2505681,"Guinan, Cian",IRL,M,,,,1841,0,40,AUG25,1999,
2505738,"Guinan, Sean",IRL,M,,,,1780,0,40,AUG25,1997,i
2518058,"Gunn, Conor",IRL,M,,,,1768,0,40,AUG25,2001,
2515806,"Gunning, Joe",IRL,M,,,,1525,0,40,AUG25,1946,
2520508,"Gupta, Prisha",IRL,F,,,,1412,0,40,AUG25,2011,w
2510790,"Gupta, Utkarsh",IRL,M,,,,1907,0,20,AUG25,2004,i
2503727,"Hackett, Joe",IRL,M,,,,1870,0,40,AUG25,1955,i
2505460,"Hackett, Len",IRL,M,,,,1749,0,20,AUG25,1975,
2510502,"Hackett, William",IRL,M,,,,1665,0,20,AUG25,2004,i
2511991,"Hakhumyan, Arsen",IRL,M,,,,1601,0,40,AUG25,2010,
2510588,"Hakobyan, Aram",IRL,M,,,,1861,0,40,AUG25,1976,
2505967,"Halley, Mark",IRL,M,,,,1945,0,20,AUG25,1991,i
2510235,"Halpenny, John",IRL,M,,,,1674,0,20,AUG25,1987,
2502550,"Hanley, Michael",IRL,M,,,,1846,0,20,AUG25,1967,i
2502232,"Hanly, Steven",IRL,M,,,,2029,0,20,AUG25,1993,i
2509415,"Haque, Muhtarim-Ul",IRL,M,,,,2042,0,20,AUG25,2004,
2509334,"Haque, Mustakim-Ul",IRL,M,,,,1948,0,20,AUG25,2002,
2500256,"Harding, Tim D",IRL,M,CM,,,1967,0,20,AUG25,1948,
2525178,"Harkin, John Paul",IRL,M,,,,1949,0,40,AUG25,2001,i
2501341,"Harpur, Colin A",IRL,M,,,,2045,0,40,AUG25,1959,i
2513196,"Harrington, Eoin",IRL,M,,,,1912,0,20,AUG25,2002,
2511924,"Harris, Dexter",IRL,M,,,,1505,0,40,AUG25,2008,i
2525186,"Harris, Leroy",IRL,M,,,,1904,0,40,AUG25,1992,
2511525,"Harte, Fred",IRL,M,,,,1769,0,20,AUG25,1939,i
2533081,"Hassan, Ali Abul",IRL,M,,,,1620,2,40,AUG25,1979,
2524449,"Hatton, David",IRL,M,,,,1778,0,40,AUG25,1995,
2507595,"Hayden, Luke",IRL,M,,,,1804,0,20,AUG25,1996,
2502569,"Hayes, Peter J.",IRL,M,,,,2065,0,20,AUG25,1983,i
2511290,"He, Andrew",IRL,M,,,,1561,0,40,AUG25,2007,i
2500361,"Healy, Hilary",IRL,F,,,,2090,0,20,AUG25,0,wi
2500965,"Healy, John",IRL,M,,,,1888,0,20,AUG25,1983,
2501635,"Healy, Tom",IRL,M,,,,1965,0,20,AUG25,1958,i
2504057,"Hearne, Catherine",IRL,F,,,,1660,0,40,AUG25,1998,wi
2503018,"Hearne, Sarah-Jane",IRL,F,WCM,WCM,,1727,0,20,AUG25,1995,wi
2502577,"Hearns, Liam T.",IRL,M,,,,1913,0,20,AUG25,0,i
2500990,"Heidenfeld, Mark",IRL,M,IM,,,2322,0,10,AUG25,1968,
2503344,"Hennessy, Jack",IRL,M,,,,1844,0,40,AUG25,1994,
2500027,"Henry, Paul",IRL,M,,,,2375,0,20,AUG25,1951,i
2508192,"Hensey, John",IRL,M,,,,1699,0,40,AUG25,1947,i
2529343,"Heron, Lorcan",IRL,M,,,,1892,0,40,AUG25,2011,
2528908,"Herring, Jack",IRL,M,,,,1807,0,20,AUG25,1991,
2522039,"Hickey Paco, Orqo",IRL,M,,,,1623,0,40,AUG25,2001,i
2508630,"Higgins, Kenneth",IRL,M,,,,1917,0,20,AUG25,1973,i
2507153,"Higgins, Michael",IRL,M,,,,1957,0,20,AUG25,2001,i
2506351,"Higgins, Paul",IRL,M,,,,1854,0,20,AUG25,1965,i
2508486,"Higgins, Stephen",IRL,M,,,,1687,0,20,AUG25,2003,i
2513846,"Hill, David",IRL,M,,,,1854,0,40,AUG25,1972,
2533545,"Hodkinson, Luke",IRL,M,,,,1661,0,40,AUG25,2002,
2504839,"Hogan, Pat",IRL,M,,,,1830,0,20,AUG25,1959,
2525356,"Holland, Alfie",IRL,M,,,,1675,0,40,AUG25,2010,i
2535068,"Holohan, Stephen",IRL,M,,,,1739,0,40,AUG25,1976,
2504847,"Honner, Mervyn",IRL,M,,,,1623,0,20,AUG25,1964,
2515059,"Hood, Michael",IRL,M,,,,1693,5,40,AUG25,1968,
2526310,"Horrigan, James",IRL,M,,,,1564,0,40,AUG25,2010,
2519747,"Hourican, Oisin",IRL,M,,,,1662,0,40,AUG25,1998,
2505355,"Houston, David",IRL,M,,,,2220,0,20,AUG25,1958,
2509989,"Howlett, Cillian",IRL,M,,,,1649,0,40,AUG25,1973,
2504855,"Howley, Kieran",IRL,M,,,,1541,0,20,AUG25,1955,
2525879,"Huang, Kevin",IRL,M,,,,1591,0,40,AUG25,2009,
2528665,"Huang, Shen Qi",IRL,M,,,,1641,0,40,AUG25,2010,
2046105,"Hughes, John L",IRL,M,,,,2183,0,20,AUG25,1996,
2505690,"Hughes, Padraig",IRL,M,,,,1877,7,20,AUG25,2001,
2525496,"Hulleman, Leon",IRL,M,,,,1897,0,40,AUG25,1993,i
2521695,"Humphrey, Eddie",IRL,M,,,,1696,0,40,AUG25,1961,
2509431,"Hunter, Eoin",IRL,M,,,,1665,0,20,AUG25,2004,
2508362,"Hunter, Sean",IRL,M,,,,1784,0,20,AUG25,2003,
2500906,"Hurley, John",IRL,M,,,,2100,0,20,AUG25,1966,i
14189208,"Hushpit, Lukian",IRL,M,,,,2144,0,40,AUG25,2009,
2509644,"Hussey, Gerald",IRL,M,,,,1689,0,40,AUG25,1952,i
2500205,"Hynes, Kilian A",IRL,M,,,,2227,0,20,AUG25,1966,i
2514311,"Ivanov, Andrey A.",IRL,M,CM,,,2106,0,40,AUG25,2011,
2529203,"Iwasaki, Luke",IRL,M,,,,1620,0,40,AUG25,2008,
2503360,"Iwasaki, Simon",IRL,M,,,,1828,0,40,AUG25,1974,
2502585,"Jackson, Carl",IRL,M,,,,1929,0,20,AUG25,1982,
2504871,"Jackson, Peter C.",IRL,M,,,,1628,0,40,AUG25,1953,
2502593,"Jackson, Peter D.",IRL,M,,,,1819,0,20,AUG25,1953,
2528398,"Jagic, Jakov",IRL,M,,,,1890,0,40,AUG25,2012,
2530759,"Jagic, Karlo",IRL,M,,,,1610,0,40,AUG25,2013,
2511282,"James, Kevin",IRL,M,,,,1853,0,20,AUG25,1947,
2511703,"Jamison, Brendan",IRL,M,,,,AFM,1856,0,AUG25,1979,
2501376,"Jeffares, Simon",IRL,M,,,,2085,0,20,AUG25,1985,i
343111919,"Jeffers, David",IRL,M,,,,AFM,1874,0,AUG25,2004,
2525461,"Jennings, Dara",IRL,M,,,,1870,0,40,AUG25,1997,i
2507188,"Jennings, Ted",IRL,M,,,,1762,0,40,AUG25,1951,i
628859,"Jessel, Stephen",IRL,M,FM,,,2331,0,20,AUG25,1986,
2519763,"Jiddewar, Gourang",IRL,M,,,,1564,0,40,AUG25,1994,i
2509032,"Jocius, Donatas",IRL,M,,,,1858,0,20,AUG25,1985,
2504081,"John, Tom",IRL,M,,,,1909,0,20,AUG25,1975,i
2502607,"Johnson, G. Christopher",IRL,M,,,,1847,0,20,AUG25,1962,i
2513994,"Johnston, Gary",IRL,M,,,,1784,0,40,AUG25,1979,
2514222,"Johnston, Owen",IRL,M,,,,1799,0,40,AUG25,2002,
2534681,"Jordan, Dylan",IRL,M,,,,1664,0,40,AUG25,2008,
2510324,"Jordan, Felix",IRL,M,,,,1808,0,20,AUG25,2005,
2532417,"Joshi, Devendra",IRL,M,,,,1592,0,40,AUG25,1994,
2513200,"Joshi, Rohan",IRL,M,,,,1957,0,40,AUG25,1990,i
2500655,"Joyce, John",IRL,M,,,,2012,0,20,AUG25,1970,
2528720,"Joyce, Macdara",IRL,M,,,,1668,0,40,AUG25,1970,i
2505975,"Joyce, Stephen",IRL,M,,,,1678,0,40,AUG25,1969,
2501007,"Kalam, Abul",IRL,M,,,,1878,0,20,AUG25,1974,i
2505894,"Kalinins, Valentine",IRL,M,,,,2236,0,20,AUG25,1983,i
2510600,"Kalista, Sebastian",IRL,M,,,,1719,0,20,AUG25,1979,i
2517418,"Kandru, Yuvan Sree",IRL,M,,,,1766,0,40,AUG25,2006,i
2512718,"Kane, Raymond",IRL,M,,,,1768,0,40,AUG25,1972,i
45004714,"Kanyamarala, Tarun",IRL,M,IM,,,2397,13,10,AUG25,2004,
45004722,"Kanyamarala, Trisha",IRL,F,WIM,WIM,,2178,15,20,AUG25,2005,w
716030,"Kardkovacs, Zsolt",IRL,M,,NA,,2115,0,40,AUG25,1976,i
2523973,"Karpagavinayagam, Karthikeya",IRL,M,,,,1804,0,40,AUG25,2010,
2518171,"Karthikeyan, Pranav",IRL,M,,,,1658,0,40,AUG25,2011,
24290670,"Kashanin, Daniil",IRL,M,,,,1638,0,40,AUG25,2008,i
2510006,"Kavanagh, James",IRL,M,,,,1869,0,20,AUG25,2003,
2529033,"Keane, Cathal",IRL,M,,,,1811,0,40,AUG25,2001,
2531259,"Keane, Colm",IRL,M,,,,1712,0,40,AUG25,1982,
2510618,"Keane, John A.",IRL,M,,,,1693,0,40,AUG25,1966,i
2505746,"Keating, Geoffrey",IRL,M,,,,1816,0,20,AUG25,1998,i
2502615,"Keating, Michael D.",IRL,M,,,,1706,0,40,AUG25,1959,i
2508559,"Kecskemeti, Admira Aida",IRL,F,,,,1660,0,20,AUG25,2006,wi
2509121,"Kecskemeti, Arnold",IRL,M,,,,1497,0,40,AUG25,2008,i
2509369,"Keenan, Andy",IRL,M,,,,1829,0,20,AUG25,1996,
2516853,"Keenan, Cathal",IRL,M,,,,2130,0,20,AUG25,2003,
2513986,"Keenan, Colin",IRL,M,,,,1570,0,40,AUG25,1980,
2510286,"Keenan, John",IRL,M,,,,1687,0,40,AUG25,1999,i
2509733,"Keenan, Luke",IRL,M,,,,1813,0,40,AUG25,2001,
2518333,"Keers, Shane",IRL,M,,,,1739,0,40,AUG25,1989,
2500795,"Kelly, Brian",IRL,M,IM,,,2480,0,10,AUG25,1978,i
2513218,"Kelly, Christopher",IRL,M,,,,1753,3,20,AUG25,1959,
2518945,"Kelly, Colin",IRL,M,,,,1670,0,40,AUG25,1966,
2525364,"Kelly, Declan",IRL,M,,,,1812,0,40,AUG25,1977,
2536412,"Kelly, James",IRL,M,,,,1613,0,40,AUG25,2008,
2509377,"Kelly, John C.",IRL,M,,,,1937,0,20,AUG25,1978,
2529530,"Kelly, Liam Francis",IRL,M,,,,1877,0,40,AUG25,1999,
2507951,"Kelly, Martin",IRL,M,,,,1595,0,40,AUG25,1952,
2517140,"Kelly, Robert",IRL,M,,,,1791,0,40,AUG25,1968,i
2532425,"Kelly, Ronan",IRL,M,,,,1589,0,40,AUG25,2016,
2528924,"Kelly, Stephen",IRL,M,,,,1928,0,40,AUG25,1984,
2506726,"Kelly, Stephen J.",IRL,M,,,,1950,0,20,AUG25,1976,i
2510456,"Kennedy, Darragh",IRL,M,,,,1813,0,40,AUG25,1997,i
2501120,"Kennedy, John",IRL,M,,,,2023,0,20,AUG25,1982,
2530058,"Kennedy, John",IRL,M,,,,1626,0,40,AUG25,2009,
2500752,"Kennedy, Michael",IRL,M,,,,1903,0,20,AUG25,1980,i
2509440,"Kenny, William",IRL,M,,,,1825,0,20,AUG25,1999,
2500264,"Keogh, Eamon",IRL,M,,,,1902,0,20,AUG25,1944,
2524813,"Keogh, Gerard",IRL,M,,,,1593,0,40,AUG25,1995,
2531453,"Keogh, Senan",IRL,M,,,,1471,0,40,AUG25,2011,
2500019,"Kernan, Bernard",IRL,M,,,,2380,0,20,AUG25,1955,i
2534398,"Kerney, Eamon",IRL,M,,,,2003,0,40,AUG25,2005,
2518848,"Kesare, Aarav",IRL,M,,,,1772,0,40,AUG25,2010,
2511975,"Khanzharov, Edward",IRL,M,,NA,,1810,0,20,AUG25,2000,
2503921,"Kiely, Paul",IRL,M,,,,1878,0,20,AUG25,1955,
66800323,"Kildea, Robbie",IRL,M,,,,1909,9,20,AUG25,2001,
2500949,"Killane, Jack",IRL,M,,,,1800,0,20,AUG25,1940,
2512670,"King, Andy",IRL,M,,,,1890,0,20,AUG25,1965,
2503379,"King, Melvyn",IRL,M,,,,1910,0,20,AUG25,1945,i
2508389,"Kirby, Con",IRL,M,,,,1839,0,20,AUG25,2006,i
2510278,"Kirby, Neal",IRL,M,,,,1634,0,40,AUG25,1972,i
2512025,"Kirulis, Edgars",IRL,M,,,,1734,0,20,AUG25,1981,i
2533502,"Kismath, Suren",IRL,M,,,,1528,0,40,AUG25,1973,
2528428,"Kloczko, Theo",IRL,M,,,,1653,0,40,AUG25,2009,
2510405,"Knightson, John",IRL,M,,,,1902,0,40,AUG25,1966,i
2500566,"Knox, Angela",IRL,F,,,,2005,0,40,AUG25,1972,wi
2524163,"Koeller, Peter",IRL,M,,,,1681,0,40,AUG25,1967,
2534347,"Kolev, Stefan",IRL,M,,,,1598,0,40,AUG25,2002,
2529050,"Kovar, Jay",IRL,M,,,,1695,0,40,AUG25,1999,
2509261,"Kozlovs, Andrejs",IRL,M,,,,1795,0,40,AUG25,2000,i
2529360,"Kramek, Igor",IRL,M,,,,1724,0,40,AUG25,2012,
2520575,"Krawinski, Pawel",IRL,M,,,,1630,0,40,AUG25,1996,i
2504901,"Kremerts, Romans",IRL,M,,,,1629,0,20,AUG25,1963,
2511673,"Krzyzowski, Michal",IRL,M,,,,1823,0,40,AUG25,1982,
2525917,"Kumar, Adhvik",IRL,M,,,,1602,0,40,AUG25,2015,
2502631,"Kurjak, Samir",IRL,M,,,,1782,0,40,AUG25,0,
14162261,"Kushko, Dmitriy",IRL,M,IM,,,2447,9,10,AUG25,2004,
2523264,"Lacy, John C",IRL,M,,,,1691,0,40,AUG25,1940,
2524848,"Landmark, Gabriel",IRL,M,,,,1886,0,40,AUG25,2007,
368179924,"Lane, Alan",IRL,M,,,,1727,0,20,AUG25,1991,
2502640,"Lane, John",IRL,M,,,,1881,0,20,AUG25,1962,i
2502240,"Larter, Nick J.",IRL,M,,,,1886,0,20,AUG25,1961,i
2520583,"Latorre, Leo",IRL,M,,,,ACM,1533,0,AUG25,1983,
2532433,"Lavelle, Tom",IRL,M,,,,1752,0,40,AUG25,1986,
2513323,"Lavery, Robert",IRL,M,,,,1749,2,20,AUG25,1986,
2508052,"Lawrence, Simon",IRL,M,,,,1831,0,20,AUG25,1970,
2511762,"Leavy, Paul A.",IRL,M,,,,1736,0,20,AUG25,1981,
2503883,"Lee, Shane",IRL,M,,,,1899,0,40,AUG25,1975,i
2528630,"Lenzi Bernardino, Jose Luis",IRL,M,,,,1599,0,40,AUG25,1991,
2513510,"Leonard, Brian",IRL,M,,,,1800,0,40,AUG25,1979,
2508524,"Li, Henry",IRL,M,FM,,,2285,0,20,AUG25,2002,
2520222,"Li, Stella",IRL,F,,,,1530,0,40,AUG25,2012,w
2511193,"Liddy, Stephen",IRL,M,,,,1812,0,40,AUG25,1988,i
2513102,"Lievens, Karel",IRL,M,,,,2006,0,40,AUG25,2007,
2506777,"Lillis, Alan",IRL,M,,,,1842,0,40,AUG25,1949,i
2523086,"Liszewski, Mikolaj",IRL,M,,,,1628,0,20,AUG25,1994,
2519844,"Liu, Jackie",IRL,M,,,,1812,0,40,AUG25,1979,
2514656,"Liu, Jason",IRL,M,CM,,,2169,9,40,AUG25,2009,
2517191,"Liu, Murray",IRL,M,,,,1787,8,40,AUG25,2015,
2513110,"Liu, Wenle",IRL,M,,,,1735,0,40,AUG25,2009,
2519852,"Loane, Edward",IRL,M,,,,1722,0,40,AUG25,1975,i
2512726,"Lohan, Martin",IRL,M,,,,1781,0,20,AUG25,1953,
21801088,"Lokasto, Mariusz",IRL,M,,,,1915,0,20,AUG25,1977,i
2518767,"Long, Tadhg",IRL,M,,,,1606,0,40,AUG25,2009,i
2518198,"Lorigan, Maxim",IRL,M,,,,1920,0,40,AUG25,2012,
2509873,"Loughman, Stephen",IRL,M,,,,1957,0,20,AUG25,1970,
2501562,"Loughran, John",IRL,M,,FA,,1810,0,20,AUG25,1960,
2500159,"Lowry, Jack",IRL,M,,,,1707,0,40,AUG25,1938,
2504952,"Lowry, Paul",IRL,M,,,,1825,0,40,AUG25,1972,i
2501597,"Lowry-O`Reilly, Hannah",IRL,F,WFM,WFM,,1825,0,20,AUG25,1988,wi
2518066,"Lubberding, Hans Henning",IRL,M,,,,1698,0,40,AUG25,1987,i
2504006,"Lucey, John",IRL,M,,,,1682,0,40,AUG25,1966,
2500183,"Ludgate, Alan",IRL,M,,,,2265,0,20,AUG25,1945,i
2518074,"Luka, Jude",IRL,M,,,,1707,0,20,AUG25,2002,
2529629,"Lynch, David",IRL,M,,,,1765,0,40,AUG25,1970,
2519135,"Lynch, Denis",IRL,M,,,,1672,0,40,AUG25,1985,
2504189,"Lynch, Noel",IRL,M,,,,1846,0,40,AUG25,1954,i
2501252,"Lynch, Peter J.",IRL,M,,,,1719,0,20,AUG25,1947,
2500698,"Lyons, Brendan",IRL,M,,,,1825,0,20,AUG25,1963,
2519143,"Mabhena, Vladimir",IRL,M,,,,1471,0,40,AUG25,1983,
2532840,"Mac Carthaigh, Padraig",IRL,M,,,,1776,0,40,AUG25,1954,
2502682,"Macdonagh, Alan",IRL,M,,,,1774,0,20,AUG25,1956,
2500647,"MacElligott, Gerard",IRL,M,CM,NA,,1921,0,20,AUG25,1956,
2514338,"Machowski, Hubert",IRL,M,,,,1722,0,40,AUG25,2008,i
2508478,"MacReamoinn, Brian",IRL,M,,,,1961,0,20,AUG25,1959,i
2516357,"Magee, Paddy",IRL,M,,,,1694,0,40,AUG25,1985,
2503000,"Magee, Ronan",IRL,M,,,,1963,0,20,AUG25,1998,i
2532018,"Maguire, Dermot",IRL,M,,NA,,1666,0,40,AUG25,1973,
2520257,"Maguire, Tallann",IRL,M,,,,1869,0,20,AUG25,1998,
2509563,"Maher, Conor",IRL,M,,,,1972,0,20,AUG25,1999,i
2501279,"Maher, John",IRL,M,,,,1656,0,20,AUG25,1950,
2502690,"Mahon, Ciaran",IRL,M,,,,1862,0,20,AUG25,1950,i
3600289,"Mallaghan, Danny",IRL,M,,,,1816,0,40,AUG25,1962,
2504960,"Malone, Paul",IRL,M,,,,1771,0,20,AUG25,1970,
2513676,"Mancosu, Aliseo",IRL,M,,,,1607,0,40,AUG25,2005,
2511533,"Mancosu, Marco",IRL,M,,NI,,1619,0,20,AUG25,1976,
2535971,"Maniraj, Shasini",IRL,F,,,,1651,0,40,AUG25,2012,w
2523027,"Manning, Darragh",IRL,M,,,,1402,0,40,AUG25,2004,
2507625,"Manojlovic, Anastasija",IRL,F,,,,1743,0,20,AUG25,1998,wi
2507633,"Manojlovic, Mihailo",IRL,M,,,,2028,0,20,AUG25,2000,i
2510529,"Marcinkiewicz, Krzystof",IRL,M,,,,1707,0,40,AUG25,1978,i
2535564,"Mariya Boby, Angel",IRL,F,,,,1648,0,40,AUG25,2013,w
2519178,"Marshall, Roy",IRL,M,,,,1773,0,20,AUG25,2004,
2519879,"Marteau, Leo",IRL,M,,,,1762,7,40,AUG25,2002,
2520621,"Martin, Brian",IRL,M,,,,1766,0,20,AUG25,1964,
2506815,"Martin, Desmond",IRL,M,,,,1623,0,20,AUG25,1960,
2526875,"Martin, Jamie",IRL,M,,,,1639,0,40,AUG25,2010,
2504340,"Martin, Seamus",IRL,M,,,,1572,0,40,AUG25,1968,
2525526,"Martinez, Liam",IRL,M,,,,1666,0,40,AUG25,2000,i
2505797,"Masterson, John",IRL,M,,,,1931,0,40,AUG25,1972,i
2520168,"Matevosyan, Zara",IRL,F,,,,1520,0,40,AUG25,2009,wi
14138611,"Mats, Diana",IRL,F,,,,2070,0,20,AUG25,1999,w
2511401,"Matthews, Gabriel",IRL,M,,,,1869,7,20,AUG25,1958,
2527103,"Mayrs, Richard",IRL,M,,,,1655,0,40,AUG25,1975,i
2524856,"Mazur, Ryszard",IRL,M,,,,1624,0,40,AUG25,2008,i
2509881,"Mc Kenna, Jerome",IRL,M,,,,1629,0,40,AUG25,1952,i
2508893,"McAree, James",IRL,M,,,,1745,0,40,AUG25,1951,i
2536145,"McBrien, Cillian",IRL,M,,,,1442,0,40,AUG25,2008,
2513234,"McBrien, Dylan",IRL,M,,,,1783,0,20,AUG25,2003,
2500760,"McCabe, Darren",IRL,M,,,,2079,0,20,AUG25,1986,i
2503891,"McCabe, Shane",IRL,M,,,,1882,0,20,AUG25,1968,
2510049,"McCann, David",IRL,M,,,,1837,0,40,AUG25,1994,i
2511541,"McCann, Dougie",IRL,M,,,,1668,0,40,AUG25,1978,i
2500248,"McCann, Kevin",IRL,M,,,,2235,0,40,AUG25,0,i
2507340,"McCarrick, Clare",IRL,F,,,,1569,0,40,AUG25,1996,w
2506823,"McCarrick, Pat",IRL,M,,,,1745,0,20,AUG25,1962,
2500930,"McCarthy, Jim",IRL,M,,,,2069,0,20,AUG25,1966,i
2501864,"McCarthy, Paddy J.",IRL,M,,,,1859,0,40,AUG25,1954,i
2500710,"McCarthy, Tim",IRL,M,,,,1975,0,20,AUG25,1957,i
2518449,"McClean, Caleb",IRL,M,,,,1889,0,40,AUG25,2008,
2514915,"McConnell, Alan",IRL,M,,,,1764,0,40,AUG25,1974,
2533197,"McConnell, Rory",IRL,M,,,,1659,0,40,AUG25,2003,
2504995,"McCormick, Damien",IRL,M,,,,1664,0,40,AUG25,1972,i
2511045,"McCormick, Graeme",IRL,M,,,,1725,0,20,AUG25,1955,
2516292,"McCormick, Polly",IRL,F,,,,1573,0,40,AUG25,2012,wi
2517361,"McCourt, Evan",IRL,M,,,,1733,0,20,AUG25,2004,
2519194,"McCoy, Adam",IRL,M,,,,1815,0,20,AUG25,2003,
2527111,"McCracken, David",IRL,M,,,,1573,2,40,AUG25,1964,
2521067,"McDermott, Malo",IRL,M,,,,1975,0,40,AUG25,2008,
2522233,"McDonnell Ryan, Lorcan",IRL,M,,,,1780,0,40,AUG25,2009,
2500787,"McDonnell, James J.",IRL,M,,,,1802,0,20,AUG25,1954,
2507277,"McDonnell, Joseph A.",IRL,M,,,,1705,0,40,AUG25,1964,
2510154,"McDonnell, Niall",IRL,M,,,,1951,0,40,AUG25,1970,i
2507463,"McDonnell, Odhran",IRL,M,,,,1852,0,20,AUG25,1998,
2523400,"McDonnell, Oisin",IRL,M,,,,1544,0,40,AUG25,2001,
2505002,"McDonnell, Patrick",IRL,M,,,,1684,0,40,AUG25,1953,i
2502712,"McEvoy, Pat",IRL,M,,,,1837,0,40,AUG25,1946,i
2520290,"McFadden, Oisin",IRL,M,,,,1403,0,40,AUG25,2015,
2510375,"McGill, Derek",IRL,M,,,,1853,0,20,AUG25,1957,
2513242,"McGlade, Emmet",IRL,M,,,,1930,0,40,AUG25,2003,
2516888,"McGlone, Ciaran",IRL,M,,,,1758,0,40,AUG25,1999,i
2521717,"McGloughlin, Callum",IRL,M,,,,1686,0,40,AUG25,1998,i
2508753,"McGovern Leahy, Cian",IRL,M,,,,1990,0,40,AUG25,1998,i
2502720,"McGovern, Mark E.",IRL,M,,,,2058,0,40,AUG25,1985,i
2505029,"McGowan, Patrick J.",IRL,M,,,,1640,0,20,AUG25,1956,
2532956,"McGrady, Seth",IRL,M,,,,1740,0,20,AUG25,2002,
2506866,"McGrath, Brian",IRL,M,,,,1652,0,40,AUG25,1983,
2519895,"McGrath, Mark",IRL,M,,,,1877,0,20,AUG25,2006,
2507315,"McGrath, Tom",IRL,M,,,,1693,0,20,AUG25,2000,i
2500507,"McHugh, Kevin",IRL,M,,,,1868,0,20,AUG25,1963,
2525097,"McIlroy, Ben",IRL,M,,,,1835,0,40,AUG25,2007,
2525100,"McIlroy, Gerard",IRL,M,,,,1952,0,40,AUG25,1969,
2505495,"McInerney, Christy",IRL,M,,,,1554,0,40,AUG25,1954,
2524350,"McInerney, Kevin",IRL,M,,,,1625,0,40,AUG25,2014,
2513820,"McIntyre, Jack",IRL,M,,,,1716,0,20,AUG25,2005,
2511827,"McKenna, Jerome",IRL,M,,,,1668,0,40,AUG25,1952,
2508605,"McKenna, John",IRL,M,,,,1791,0,40,AUG25,1957,i
2511347,"McKenna, Michael",IRL,M,,,,1515,0,40,AUG25,1983,i
2508648,"McKenna-Carroll, Ruairi",IRL,M,,,,1741,0,40,AUG25,1995,
2501287,"McKeown, Paul",IRL,M,,"FI,IA",,2093,0,20,AUG25,1966,i
2513340,"McKillen, Pat",IRL,M,,,,1615,0,40,AUG25,1967,
470791,"McLaughlin, Noel S",IRL,M,,,,1976,0,20,AUG25,1972,i
2523795,"McLean, Darren",IRL,M,,,,1717,0,40,AUG25,1990,
2523485,"McLean, Rhys",IRL,M,,,,1683,0,40,AUG25,1996,i
2504197,"McLoughlin, Mark",IRL,M,,,,1887,0,20,AUG25,1972,i
2508400,"McLoughlin, Robert",IRL,M,,,,1787,8,20,AUG25,1978,
2507960,"McLoughlin, Sean",IRL,M,,,,1949,0,20,AUG25,1998,i
2507870,"McMahon, Anthony",IRL,M,,,,1852,0,40,AUG25,1960,i
2526816,"McMahon, Conor",IRL,M,,,,1428,0,40,AUG25,1961,
2500477,"McMahon, Daire",IRL,M,FM,,,2115,0,20,AUG25,1963,i
2501163,"McMahon, Eric",IRL,M,,,,2205,0,20,AUG25,1950,i
2503395,"McMahon, Frank",IRL,M,,,,1849,0,20,AUG25,1944,
2505037,"McMahon, John",IRL,M,,,,1805,0,20,AUG25,1940,i
2506394,"McManus, Brendan",IRL,M,,,,1693,0,40,AUG25,1964,i
2501317,"McMaster, Richard",IRL,M,,,,2043,0,40,AUG25,1972,i
2502739,"McMorrow, Eugene",IRL,M,,,,1705,0,20,AUG25,1960,
2501481,"McMorrow, John",IRL,M,,FA,,1974,0,20,AUG25,1988,
2526522,"McNamara, Jj",IRL,M,,,,1801,0,20,AUG25,1998,
343421962,"McNamara, John J",IRL,M,,,,1623,0,40,AUG25,1998,i
2506408,"McNena, Eoin",IRL,M,,,,1904,0,20,AUG25,1976,
2501503,"McPhillips, Karl",IRL,M,FM,,,2128,0,20,AUG25,1988,
2519216,"McSweeney, John",IRL,M,,,,1847,0,20,AUG25,1971,
2524031,"Mead, Oliver",IRL,M,,,,1463,0,40,AUG25,2008,
2509571,"Melaugh, Gavin",IRL,M,,,,2005,0,20,AUG25,2003,
2509580,"Melaugh, Shane",IRL,M,CM,,,2180,0,20,AUG25,2001,
2519224,"Melay, James",IRL,M,,,,1663,0,40,AUG25,1997,i
841790,"Melling, Jonathon",IRL,M,,FI,,1888,0,20,AUG25,1980,
2520761,"Melville, Robin",IRL,M,,,,1455,0,40,AUG25,1981,i
2501775,"Menon Jayadev, Poornima",IRL,F,WFM,WFM,,1902,0,20,AUG25,1992,wi
2501627,"Menon, Aravind",IRL,M,,,,1887,0,40,AUG25,1994,i
2510804,"Menon, Sanjay",IRL,M,,,,1835,0,20,AUG25,2005,
2502755,"Menzies, Colin",IRL,M,FM,,,2178,0,20,AUG25,1988,
2505509,"Meskell, Pat",IRL,M,,,,1677,0,20,AUG25,1953,i
2502275,"Meskens, Stephan",IRL,M,,,,1931,0,20,AUG25,1969,
2518910,"Mgbemena, Chima",IRL,M,,,,1881,0,40,AUG25,1985,
2511479,"Mihaylova, Aliona",IRL,F,,,,1759,0,20,AUG25,2002,wi
2507480,"Miller, Jacob",IRL,M,,,,1991,0,20,AUG25,1993,i
2516594,"Milligan, Kyle",IRL,M,,,,1641,0,40,AUG25,1995,i
2534924,"Minihane, Dylan",IRL,M,,,,1727,0,40,AUG25,2007,
2504219,"Minnock, Eoin",IRL,M,,,,1890,0,20,AUG25,1998,
2503999,"Mirza, Diana",IRL,F,WFM,WFM,,2000,0,20,AUG25,2000,w
2503093,"Mirza, Gabriel",IRL,M,,,,1703,14,20,AUG25,1966,
2502763,"Mitchell, David",IRL,M,,,,1777,0,20,AUG25,1963,
2505070,"Mitchell, Philip",IRL,M,,,,1671,0,20,AUG25,1957,
2528754,"Mohamed, Mohamed Abbasher",IRL,M,,,,1793,0,40,AUG25,1970,
10206558,Mohammad Mahbub Parouare,IRL,M,,,,1925,0,20,AUG25,1984,
2511207,"Mohylna, Anastasia",IRL,F,,,,1854,0,40,AUG25,1999,wi
2528940,"Mollaghan, Francis",IRL,M,,,,1838,0,40,AUG25,1992,
2504227,"Moloney, Ian",IRL,M,,,,1938,0,40,AUG25,1961,i
2527081,"Monaghan, James",IRL,M,,,,ACM,1612,0,AUG25,1988,
2528762,"Moore, Brian",IRL,M,,,,1785,0,20,AUG25,1956,
2527294,"Moore, Fiachra",IRL,M,,,,1771,0,40,AUG25,2009,
2502780,"Moore, Kenneth",IRL,M,,,,1847,0,40,AUG25,1975,i
2507110,"Moore, Samuel",IRL,M,,,,1804,0,40,AUG25,1954,
2510294,"Moran, Darragh",IRL,M,,,,1901,0,20,AUG25,2002,
2511100,"Moran, Hugh",IRL,M,,,,1809,0,20,AUG25,2003,i
2527308,"Moran, Liam",IRL,M,,,,1553,0,40,AUG25,2013,
2501872,"Moran, Stephen",IRL,M,,,,2151,0,20,AUG25,1990,
2505983,"Mordaunt, Emmet",IRL,M,,,,1478,0,40,AUG25,1971,i
2514486,"Moreland, Desmond",IRL,M,,,,1792,0,40,AUG25,1970,i
2516365,"Moreland, Matthew",IRL,M,,,,1593,0,40,AUG25,2005,
2524368,"Morris, Sam",IRL,M,,,,1676,0,40,AUG25,2001,
2506084,"Morris, Stephen B.",IRL,M,,,,2070,0,40,AUG25,1965,
2513137,"Morrison, Carl",IRL,M,,,,1569,0,40,AUG25,2007,i
2513145,"Morrison, Ryan",IRL,M,,,,1411,0,40,AUG25,2009,i
2500230,"Morriss, Pete",IRL,M,,,,1931,0,20,AUG25,1947,
2512254,"Morrow, Richard",IRL,M,,,,1812,0,40,AUG25,1985,i
2517426,"Moull, Arthur",IRL,M,,,,1815,0,20,AUG25,2005,
2500663,"Moynihan, Kieran",IRL,M,,,,2002,0,20,AUG25,1970,
2500728,"Mueller, Jan",IRL,M,,,,2167,0,20,AUG25,1990,i
2528703,"Mulaveliparambil, Sajan",IRL,M,,,,1790,0,40,AUG25,1977,
2514290,"Mullen, Simon",IRL,M,,,,1757,0,40,AUG25,1965,
2528800,"Mulligan, Niall",IRL,M,,,,1716,0,40,AUG25,1962,
2507498,"Mulligan, Scott",IRL,M,,,,2004,0,20,AUG25,1999,i
2515598,"Mullins, Niki",IRL,M,,,,1782,0,40,AUG25,1977,
2507889,"Mulreid, Anthony",IRL,M,,,,1764,0,40,AUG25,1951,i
33391998,"Mulukutla, Ayaansh",IRL,M,,,,1852,0,40,AUG25,2015,
2503760,"Munro, Philip",IRL,M,,,,1935,0,20,AUG25,1965,i
2500957,"Muntadas, Alan",IRL,M,,,,1955,0,20,AUG25,1972,
2503603,"Murchadha, Oissine",IRL,M,CM,NA,,1945,0,20,AUG25,1996,
2509458,"Murphy, Adam",IRL,M,,,,1851,0,20,AUG25,2004,i
2522250,"Murphy, Cathal",IRL,M,,,,1611,0,40,AUG25,2009,
2084309,"Murphy, Cathal J",IRL,M,,,,1614,0,20,AUG25,1969,
2510499,"Murphy, Cian",IRL,M,,,,1880,0,20,AUG25,1996,
421669,"Murphy, Conor E",IRL,M,IM,,,2439,0,10,AUG25,1999,
2501783,"Murphy, Dara",IRL,M,,,,1888,0,20,AUG25,1991,
2521989,"Murphy, David",IRL,M,,,,1544,0,40,AUG25,2002,
2511835,"Murphy, Dylan",IRL,M,,,,1720,0,40,AUG25,2004,i
2518465,"Murphy, Peter",IRL,M,,,,1635,0,40,AUG25,2009,
2506092,"Murphy, Ronan J.",IRL,M,,,,1609,0,20,AUG25,1975,
2511614,"Murphy, Rory",IRL,M,,,,1797,0,40,AUG25,1959,
2503778,"Murphy, Sean",IRL,M,,,,1813,0,20,AUG25,1962,
2512742,"Murphy, Sean J.",IRL,M,,,,2060,0,20,AUG25,2003,
2512963,"Murray, Benjamin",IRL,M,,,,2068,0,20,AUG25,2006,
2501511,"Murray, David",IRL,M,,,,2080,0,20,AUG25,1984,
2512734,"Murray, David J. H.",IRL,M,,,,1658,0,40,AUG25,1950,
2501490,"Murray, Jim G.",IRL,M,,,,1890,0,20,AUG25,1951,
2500221,"Murray, John",IRL,M,,,,2209,0,20,AUG25,0,i
2508958,"Murray, Sam",IRL,M,,,,1783,0,20,AUG25,1996,
2501473,"Murtagh, Dermot",IRL,M,,,,1954,0,40,AUG25,1969,i
2507501,"Murtagh, Robert",IRL,M,,,,1930,0,20,AUG25,1989,
2505533,"Myers, Tom",IRL,M,,,,1743,0,20,AUG25,1955,i
2533103,"Mykola, Gukov",IRL,M,,,,1822,0,40,AUG25,1949,i
2536307,"Nair, Ishaan M",IRL,M,,,,1562,0,40,AUG25,2002,
2509199,"Naughton, James",IRL,M,,,,2080,0,20,AUG25,2004,i
2532727,"Ndlovu, Nothoyethu",IRL,M,,,,1888,0,40,AUG25,1985,
2510170,"Neaga, Bogdan",IRL,M,,,,1868,0,20,AUG25,1976,i
2502801,"Neary, Graham",IRL,M,,,,1900,0,20,AUG25,1986,
2511304,"Neely, Pauraic",IRL,M,,,,1667,0,20,AUG25,1998,
2520320,"Nelson, Jacob",IRL,M,,,,1906,0,20,AUG25,2005,
2512041,"Nemeth, Zalan",IRL,M,FM,,,2326,13,20,AUG25,2002,
2505819,"Newman, Mark",IRL,M,,"SI,LSI",,1832,0,40,AUG25,1963,
2508460,"Ni Laighleis, Aisling",IRL,F,,,,1490,0,40,AUG25,2003,wi
2505665,"Ni Mhuireagain, Eibhia",IRL,F,WCM,WCM,"NI,NA",1764,0,20,AUG25,2000,wi
2516896,"Nichenametla V, Advaith",IRL,M,,,,1862,0,40,AUG25,2010,
2501724,"Nicholson, John",IRL,M,,,,1827,0,20,AUG25,1954,i
2516624,"Nielsen, Robert",IRL,M,,,,1697,0,20,AUG25,1991,
2524465,"Nikonov, Andrii",IRL,M,,,,1793,0,40,AUG25,1958,
2506424,"Nikrow, Shahram",IRL,M,,,,1815,0,20,AUG25,1968,
404500,"Nixon, Rodney J",IRL,M,,,,1990,0,20,AUG25,1955,i
2512980,"Nolan, Cal",IRL,M,,,,1724,0,40,AUG25,2000,
2509466,"Nolan, Conor",IRL,M,,,,1955,0,20,AUG25,2001,
2510260,"Nolan, Dermot",IRL,M,,,,1913,0,20,AUG25,2000,
2502828,"Nolan, John",IRL,M,,,,2093,0,20,AUG25,0,i
2503417,"Nolan, Ronan",IRL,M,,,,1777,0,20,AUG25,1952,
2506912,"Nolan, Sean",IRL,M,,,,1877,0,20,AUG25,1973,
2503930,"Noonan, Frank",IRL,M,,,,1869,0,20,AUG25,1955,
2503786,"Noone, Joe",IRL,M,,,,1904,0,20,AUG25,1954,
2501945,"Normoyle, Liam",IRL,M,,,,1917,0,20,AUG25,1991,i
14511584,"Novak, Vjekoslav",IRL,M,,NA,,1844,16,20,AUG25,1976,
2525950,"Nowak, Krzysztof",IRL,M,,NA,,1657,0,20,AUG25,1983,
2509059,"Nugent, Brian",IRL,M,,,,1790,0,40,AUG25,1969,i
2526883,"Nunez, Benjamin",IRL,M,,,,1643,10,40,AUG25,2013,
2512165,"O Connor, Hugh",IRL,M,,,,1813,0,20,AUG25,1992,i
415375,"O Grady, Gary P.",IRL,M,,,,1938,0,20,AUG25,1968,i
2512157,"O Hanlon, Joe",IRL,M,,,,1660,0,20,AUG25,0,
2507382,"O Muireagain, Colm",IRL,M,,FI,,1626,0,40,AUG25,1966,i
2510197,"O Sullivan, James",IRL,M,,,,1635,0,40,AUG25,1968,
2500620,"O'Cinneide, Mel",IRL,M,,,,2090,0,20,AUG25,1965,
2500493,"O'Connell, Gerard",IRL,M,,,,1988,0,20,AUG25,1958,
2501112,"O'Connor, Jonathan",IRL,M,,,,2169,0,20,AUG25,1963,
2500868,"O'Donovan, Richard",IRL,M,,,,1997,0,20,AUG25,1960,
2501899,"O'driscoll, Kieran",IRL,M,,,,2044,0,20,AUG25,1978,
2501155,"O'Reilly, Edward",IRL,M,,,,2240,0,20,AUG25,0,i
2501023,"O'Rourke, Ray",IRL,M,,,,1885,0,20,AUG25,1963,
2501902,"O'shea, Kevin",IRL,M,,,,2035,0,40,AUG25,1959,i
2501325,"O'Siochru, Mairead",IRL,F,,,,2050,0,40,AUG25,1963,wi
2518813,"OBrien, James Joseph",IRL,M,,,,1802,0,40,AUG25,2012,
2524473,"Odonnell, Kieran C",IRL,M,,,,1811,0,40,AUG25,1958,i
2523825,"OHara, Austin",IRL,M,,,,1602,5,40,AUG25,1994,
2526530,"Ojha, Vikas",IRL,M,,,,1658,0,40,AUG25,1998,
368105180,"OLeary, David",IRL,M,,,,1712,0,40,AUG25,2000,
2531330,"Oneill, Cori",IRL,M,,,,1619,0,40,AUG25,1999,
2521997,"ORourke, Emmet",IRL,M,,,,1925,0,20,AUG25,2002,
2500035,"Orr, Mark J L",IRL,M,IM,,,2100,0,20,AUG25,1955,
2501791,"Osborne, Sam",IRL,M,,,,2091,0,20,AUG25,1992,i
2522110,"Owen, Kevin",IRL,M,,,,1705,0,40,AUG25,1993,i
2519941,"O` Connor, Carl",IRL,M,,,,1762,0,40,AUG25,1991,
2502836,"O`Beirne, Fergal",IRL,M,,,,1752,0,20,AUG25,1972,
2505096,"O`Boyle, Donal",IRL,M,,,,1836,0,20,AUG25,1960,
2525372,"O`boyle, Emmet",IRL,M,,,,1551,0,40,AUG25,2004,
2524899,"O`briain, Colm",IRL,M,,,,1528,0,40,AUG25,2001,
2503433,"O`Brien, Cormac P.",IRL,M,,,,2010,0,20,AUG25,1993,i
2509652,"O`brien, George",IRL,M,,,,1899,0,20,AUG25,1963,i
2502844,"O`Brien, John P.",IRL,M,,,,1874,0,20,AUG25,1969,i
2502038,"O`Brien, Kieran",IRL,M,,,,1860,0,20,AUG25,1970,
2503948,"O`Brien, Liam",IRL,M,,,,1835,0,20,AUG25,1957,
2507072,"O`Brien, Pat",IRL,M,,,,1651,0,40,AUG25,1954,i
2503107,"O`Brien, Ray",IRL,M,,,,1825,0,20,AUG25,1951,
2526905,"O`callaghan, David",IRL,M,,,,1928,0,40,AUG25,1997,
2507170,"O`Caolaidhe, Cormac",IRL,M,,,,1789,2,40,AUG25,1963,
2516640,"O`connell, Charlie",IRL,M,,,,1800,0,20,AUG25,2005,
2502852,"O`Connell, David",IRL,M,,,,1896,0,20,AUG25,1982,
2505860,"O`Connell, Denis",IRL,M,,,,1741,0,20,AUG25,1963,
2516659,"O`connell, Elliot",IRL,M,,,,1834,0,40,AUG25,2005,i
2500515,"O`Connell, Kevin J.",IRL,M,FM,,,2328,0,40,AUG25,1949,i
2507676,"O`Connell, Michael Joseph",IRL,M,,,,1556,0,20,AUG25,1952,
2525798,"O`connell, Philip",IRL,M,,,,1772,0,40,AUG25,1958,
2516667,"O`connell, Saul",IRL,M,,,,1506,0,40,AUG25,2004,i
2501740,"O`Connor, Eddie",IRL,M,,,,1950,0,20,AUG25,1956,i
2530155,"O`connor, Hugh",IRL,M,,,,1611,0,40,AUG25,1987,
2518473,"O`Connor, Paul",IRL,M,,"SI,NA",,1462,0,40,AUG25,1964,
2534690,"O`connor, Terry",IRL,M,,,,1658,0,40,AUG25,1956,
2514249,"O`cuilleanain, Oisin",IRL,M,,,,2129,9,20,AUG25,2004,
2512530,"O`daly, Liam",IRL,M,,,,1737,0,20,AUG25,1961,
2511797,"O`danachair, Donal",IRL,M,,,,1688,0,20,AUG25,1953,
2504243,"O`Donnell, Conor",IRL,M,FM,,,2301,0,20,AUG25,1999,
2503956,"O`Donnell, Mike",IRL,M,,,,1885,0,20,AUG25,1978,i
2501880,"O`Donoghue, Denis J.",IRL,M,,,,2000,0,20,AUG25,1983,i
2505550,"O`Donovan, Paul",IRL,M,,,,1905,0,20,AUG25,1962,
2506440,"O`Driscoll, David",IRL,M,,,,1701,0,40,AUG25,0,i
2500272,"O`Dwyer, Fergal",IRL,M,,,,1947,0,20,AUG25,1965,
2514923,"O`fee, James",IRL,M,,,,1722,0,40,AUG25,1948,
2502283,"O`Flaherty, Kevin",IRL,M,,,,AIM,1942,0,AUG25,1988,
2502291,"O`Flaherty, Paul",IRL,M,,,,1707,0,40,AUG25,1988,i
2505118,"O`Flynn, Tom",IRL,M,,,,1896,0,40,AUG25,1971,i
2508214,"O`Gorman, Alice",IRL,F,,,,1960,0,20,AUG25,2000,w
2509601,"O`gorman, Brian",IRL,M,,,,1727,0,20,AUG25,1969,
2508249,"O`Gorman, Tom",IRL,M,IM,,,2379,0,10,AUG25,2002,
2505568,"O`Grady, Martin",IRL,M,,,,1910,0,20,AUG25,1963,
2511410,"O`hanlon, Pat",IRL,M,,,,1794,0,20,AUG25,1958,
2509890,"O`higgins, Eoin",IRL,M,,,,1704,0,40,AUG25,1982,i
2505126,"O`Higgins, Niall",IRL,M,,NA,,1781,0,20,AUG25,1973,
2509482,"O`kearney, Aaron",IRL,M,,,,AFM,1765,0,AUG25,1973,i
2531356,"O`keeffe, Callum",IRL,M,,,,1585,0,40,AUG25,2004,
2509490,"O`kelly, David",IRL,M,,,,1773,0,20,AUG25,1956,
2511118,"O`laoide, Liam",IRL,M,,,,1757,0,40,AUG25,2004,i
2505584,"O`Leary, Tadhg",IRL,M,,,,1831,0,40,AUG25,1951,i
2506190,"O`Mahoney, Keegan",IRL,M,,,,1893,0,20,AUG25,1995,
2505134,"O`Mahony, Roderick",IRL,M,,,,1723,0,20,AUG25,1966,
2505843,"O`Molloy, Eamonn",IRL,M,,,,1968,0,20,AUG25,1981,i
2518953,"O`neill, Brian",IRL,M,,,,1501,0,40,AUG25,1969,i
2517370,"O`neill, Jack",IRL,M,,,,1716,0,40,AUG25,2004,
2528533,"O`neill, Matthew",IRL,M,,,,1719,0,40,AUG25,2011,
2507692,"O`Neill, Paul Sean",IRL,M,,,,1928,0,20,AUG25,1997,
2511550,"O`neill, Sam",IRL,M,,,,1914,0,20,AUG25,1994,
2504367,"O`Neill, Tom",IRL,M,,,,1656,0,20,AUG25,1937,
2525976,"O`regan, Cathal",IRL,M,,,,1658,0,40,AUG25,2001,
2512769,"O`reilly, Ciaran",IRL,M,,,,1728,0,20,AUG25,1991,
2517540,"O`reilly, Conor",IRL,M,,,,1967,0,40,AUG25,2008,
2510596,"O`reilly, Gerard",IRL,M,,,,1606,0,40,AUG25,1960,
2513463,"O`reilly, Oisin",IRL,M,,,,1810,0,20,AUG25,1966,
2506963,"O`Reilly, P. J.",IRL,M,,,,1763,0,40,AUG25,1950,i
2521300,"O`rourke, Alex",IRL,M,,,,1727,0,40,AUG25,2005,
2500639,"O`Shaughnessy, Conor",IRL,M,,,,2199,0,20,AUG25,0,i
2505142,"O`Shea, Niall",IRL,M,,,,1799,0,20,AUG25,1984,
2511568,"O`shea, Paschal",IRL,M,,,,1641,0,20,AUG25,1944,i
2512386,"O`sullivan, Aidan",IRL,M,,,,1759,0,20,AUG25,1991,
2526409,"O`sullivan, Christy",IRL,M,,,,1994,0,40,AUG25,1967,
2518082,"O`sullivan, Oisin",IRL,M,,,,1695,0,20,AUG25,2000,
2504375,"O`Sullivan, Tom",IRL,M,,,,1616,0,20,AUG25,1939,
2509512,"O`toole, Benen",IRL,M,,,,1749,0,40,AUG25,1999,i
2500280,"O`Toole, Lorcan",IRL,M,,,,1935,0,20,AUG25,1972,i
2512882,"Paibir, Atharva",IRL,M,,,,2016,0,40,AUG25,2007,
29982847,"Palihawadana, Aken Pinitha",IRL,M,,,,ACM,1603,0,AUG25,2015,
2531607,"Panicher, Bhargav",IRL,M,,,,1724,0,40,AUG25,2003,
2512564,"Paronyan, Vahe",IRL,M,,,,1879,0,20,AUG25,1976,
2501910,"Path, David",IRL,M,,,,2069,0,20,AUG25,1969,i
2500043,"Patterson, Nicholas J",IRL,M,,,,2345,0,20,AUG25,0,i
2511576,"Pawlowski, Grzegorz",IRL,M,,,,1843,0,20,AUG25,1977,
2505150,"Pender, Conor",IRL,M,,,,1945,0,20,AUG25,1987,i
2534860,"Pender, Jack",IRL,M,,,,1575,0,40,AUG25,2002,
2506971,"Pentony, Michael",IRL,M,,,,1626,0,40,AUG25,1972,i
2509520,"Peoples, Jonathon",IRL,M,,,,1871,0,20,AUG25,2000,
2523434,"Peralta, Carl",IRL,M,,,,1424,0,40,AUG25,1998,i
2528134,"Perkin, Kenny",IRL,M,,,,1841,0,40,AUG25,2010,
2506980,"Peters, Andrew",IRL,M,,,,1896,0,40,AUG25,1965,i
2516675,"Phelan, Adam",IRL,M,,,,1778,0,40,AUG25,1999,i
2503468,"Phelan, John J.",IRL,M,,,,1720,0,20,AUG25,1955,
2511428,"Phelan, Leo",IRL,M,,,,1893,0,20,AUG25,2003,i
34160388,"Pinas, Ihor",IRL,M,,,,1808,0,40,AUG25,2012,
2501180,"Pinkerton, Arthur",IRL,M,,,,2105,0,40,AUG25,1937,i
32083483,"Plaza Reino, Agustin",IRL,M,,,,1935,0,20,AUG25,2000,i
24537233,"Plaza Reino, Leire",IRL,F,,,,1555,0,20,AUG25,2003,wi
24537225,"Plaza Reino, Mateo",IRL,M,,,,1671,0,20,AUG25,2005,i
24511951,"Plaza Reino, Mercedes",IRL,F,,,,1863,0,20,AUG25,2002,wi
2508427,"Pocevicius, Dovydas",IRL,M,,,,1810,0,20,AUG25,1997,i
2508435,"Pocevicius, Gabrielius",IRL,M,,,,1805,0,40,AUG25,1999,i
2510774,"Podzimkova, Ludmila",IRL,F,,,,1707,0,40,AUG25,1981,wi
2509903,"Polyulya, Dariia",IRL,F,,,,1917,0,40,AUG25,1986,wi
2502992,"Porter, Liam",IRL,M,,,,1975,0,20,AUG25,1958,i
2521083,"Prabhith, Ayaan",IRL,M,,,,ACM,1579,2,AUG25,2012,
2511754,"Prasad, Hari",IRL,M,,,,1717,0,40,AUG25,1997,
2514931,"Proctor, Richard",IRL,M,,,,1539,1,40,AUG25,1954,
2533774,"Prokopenko, Bohdan",IRL,M,,,,1801,7,40,AUG25,2011,
2520265,"Prykhodchenko, Serhii",IRL,M,,,,1804,0,20,AUG25,1957,
2536420,"Przybylo, Filip",IRL,M,,,,1646,0,40,AUG25,2009,
2535386,"Puchkov, Vladislav",IRL,M,,,,1675,0,40,AUG25,1977,
2524481,"Pugachov, Stanislav",IRL,M,,,,1837,0,40,AUG25,1985,
2513471,"Purcell, Colm",IRL,M,,,,1816,0,40,AUG25,1970,i
14546604,"Putar, Lara",IRL,F,WFM,WFM,,1975,0,40,AUG25,2007,w
14546612,"Putar, Leon",IRL,M,,,,1945,0,20,AUG25,2005,
2521520,"Putar, Lorena",IRL,F,,,,1429,0,40,AUG25,2014,w
14557517,"Putar, Slavko",IRL,M,,NI,,1842,0,20,AUG25,1974,
2510464,"Quigley,Colm",IRL,M,,,,1925,0,20,AUG25,1955,
2505177,"Quill, Patrick",IRL,M,,,,1714,0,40,AUG25,1964,i
2505606,"Quinlan, Paddy",IRL,M,,,,1753,0,40,AUG25,1944,i
2500817,"Quinn, Ciaran",IRL,M,,,,1968,0,20,AUG25,1960,
2535394,"Quinn, Ciaran",IRL,M,,,,1766,0,40,AUG25,1995,
2501333,"Quinn, Deborah",IRL,F,,,,1903,0,20,AUG25,1969,wi
2500450,"Quinn, Mark",IRL,M,IM,,,2361,0,10,AUG25,1976,
2503832,"Quinn, Noel",IRL,M,,,,1763,0,20,AUG25,1956,
2501643,"Quinn, Rory",IRL,M,FM,,,2105,0,20,AUG25,1978,
2527766,"Quinn, Sean",IRL,M,,,,1548,0,40,AUG25,1995,
2513650,"Racz, David",IRL,M,,,,1659,0,40,AUG25,1964,
2503840,"Rahneberg, Matthias",IRL,M,,,,1937,0,20,AUG25,1963,
2531526,"Rai, Oleksii",IRL,M,,,,1856,0,40,AUG25,2010,
2514664,"Rajan, Renji",IRL,M,,,,1431,0,40,AUG25,1979,i
2527120,"Ramasamy, Thirukumaran",IRL,M,,,,1570,0,40,AUG25,1983,
2513528,"Rampalli, Shashank",IRL,M,,,,1785,0,40,AUG25,1991,i
2534738,"Ramprasad, Naveen",IRL,M,,,,1597,0,40,AUG25,1996,
2515270,"Ranade, Akshay",IRL,M,,,,1721,0,40,AUG25,1990,
2513358,"Razbadauskas, Modestas",IRL,M,,,,1734,0,20,AUG25,1980,
2505614,"Rea, P. J.",IRL,M,,,,1907,0,20,AUG25,1962,
2505622,"Rea, Willie",IRL,M,,,,1903,0,20,AUG25,1952,i
2532069,"Reaney, Paul",IRL,M,,NA,,1818,0,40,AUG25,1988,
2500051,"Redmond, John P.",IRL,M,,,,2169,0,20,AUG25,1967,
66800315,"Redmond, Joshua",IRL,M,,,,AFM,1799,0,AUG25,2002,i
2526425,"Reich, Adrienne",IRL,F,,,,1710,0,40,AUG25,1997,w
2504383,"Reid, Brian",IRL,M,,,,1823,0,40,AUG25,1946,i
2531275,"Reid, Cian",IRL,M,,,,1816,0,40,AUG25,2003,
2505185,"Reid, Joseph",IRL,M,,,,1854,0,40,AUG25,1963,i
2511142,"Reidy, Diarmuid",IRL,M,,,,1986,0,20,AUG25,1995,
2517558,"Reilly, Charlie",IRL,M,,,,1741,0,40,AUG25,2007,
2503484,"Reilly, Paul",IRL,M,,,,1893,0,20,AUG25,1962,
2509911,"Reilly, Philip",IRL,M,,,,1969,0,40,AUG25,1961,i
2520923,"Reilly, Scott",IRL,M,,,,1734,0,40,AUG25,1984,
2518961,"Reinhardt, Sean",IRL,M,,,,1498,0,20,AUG25,1958,
2515679,"Reis, David",IRL,M,,,,1647,0,40,AUG25,1988,i
2507030,"Rellis, Eugene",IRL,M,,,,1731,0,40,AUG25,1947,i
368178515,"Remenyik, David",IRL,M,,,,1918,0,20,AUG25,2004,
2512793,"Renji, Rafael Ninan",IRL,M,,,,1961,0,40,AUG25,2009,
2520338,"Rerot, Pierre",IRL,M,,,,1598,0,20,AUG25,1986,
2512483,"Reynolds, David W.",IRL,M,,,,1653,0,40,AUG25,1955,i
2501392,"Reynolds, Pat",IRL,M,,,,1896,0,20,AUG25,0,
2537486,"Reynolds, Paul",IRL,M,,,,1738,0,40,AUG25,1970,
2532140,"Richardson, Harmond",IRL,M,,,,1645,0,40,AUG25,2002,i
2511150,"Ridgway, Charles",IRL,M,,,,1709,0,40,AUG25,2006,
2529696,"Rigney, Ronan",IRL,M,,,,1451,0,40,AUG25,1959,
2505207,"Rivera, Franco",IRL,M,,,,1823,0,20,AUG25,1962,
2501074,"Roberts, Danny",IRL,M,,,,1945,0,20,AUG25,0,
2523507,"Robinson, Mark",IRL,M,,,,1754,0,20,AUG25,1996,
2503492,"Roche, Cormac",IRL,M,,,,1714,0,20,AUG25,1970,
2529661,"Rochford Freaney, Brandon",IRL,M,,,,1625,0,40,AUG25,1997,
2532999,"Roddy, Mark",IRL,M,,,,1558,0,40,AUG25,1993,
2505215,"Rodger, Andrew",IRL,M,,,,1852,0,20,AUG25,1960,
2511860,"Roe, Gordon",IRL,M,,,,1715,0,20,AUG25,1983,i
2528967,"Rogers, David",IRL,M,,,,1630,0,40,AUG25,1956,
2505223,"Rogers, Kieran",IRL,M,,,,1944,0,20,AUG25,1964,i
2527812,"Rollins, John",IRL,M,,,,1745,0,40,AUG25,1955,
2521865,"Rooney, Pearse",IRL,M,,,,1640,0,40,AUG25,2001,i
2521601,"Rothwell, Ben",IRL,M,,,,1626,0,40,AUG25,1992,
2503506,"Ruane, Ciaran",IRL,M,,,,1818,0,20,AUG25,1980,
2514729,"Ruben, David",IRL,M,,,,1701,4,40,AUG25,1945,
2509318,"Ruchko, Denis",IRL,M,,,,1977,0,20,AUG25,2003,i
2533901,"Rudroju, Aarav",IRL,M,,,,1526,0,40,AUG25,2015,
2502925,"Rufli, Trevor",IRL,M,,,,1896,0,40,AUG25,1961,i
2512173,"Rush, Stephen",IRL,M,,,,1954,0,20,AUG25,1990,i
2511690,"Rushe, Adam",IRL,M,,FA,,1732,0,20,AUG25,2001,
2535661,"Ryan Smith, Charlie",IRL,M,,,,1584,0,40,AUG25,2013,
2524953,"Ryan, Daniel",IRL,M,,,,1593,0,40,AUG25,2006,
2503972,"Ryan, John",IRL,M,,,,1658,0,40,AUG25,1968,i
2500426,"Ryan, Joseph",IRL,M,FM,,,2188,25,20,AUG25,1968,
2516705,"Ryan, Joshua",IRL,M,,,,1836,0,20,AUG25,2004,
2505231,"Ryan, Paul",IRL,M,,"LSI,SI",,1775,0,40,AUG25,1979,
2529254,"Ryan, Tiarnan",IRL,M,,,,1693,0,40,AUG25,2000,i
2510995,"Ryder, Kynesha",IRL,F,,,,1677,0,20,AUG25,2001,wi
2503026,"Rynne, Christopher",IRL,M,,,,1564,0,20,AUG25,1961,i
2535734,"Sahatelian, Yurii",IRL,M,,,,1819,0,40,AUG25,2006,
2526018,"Salin, Rohan",IRL,M,,,,1861,0,40,AUG25,2009,
34147885,"Salmin, Vitaliy",IRL,M,,,,1797,0,20,AUG25,1995,
15600211,"Salsac, Eric",IRL,M,,,,1965,0,40,AUG25,1995,i
2501988,"Salter, David",IRL,M,,,,1883,0,20,AUG25,1958,
2523159,"Sammon Fernandes, Kyle-Henrique",IRL,M,,,,ACM,1599,0,AUG25,2013,
2517990,"Sandrey, Jade",IRL,F,,,,1714,0,20,AUG25,2001,w
2519992,"Santos, Leonardo",IRL,M,,,,1501,0,40,AUG25,1989,i
2526573,"Sargesson, Ryan",IRL,M,,,,1786,0,40,AUG25,1998,
2518090,"Savignano, Andrea",IRL,M,,,,1592,0,40,AUG25,1985,
2520702,"Sawant, Sanket",IRL,M,,,,1572,0,40,AUG25,1986,i
2511231,"Scallan, Ciara",IRL,F,,,,1558,0,40,AUG25,2003,wi
2511240,"Scallan, Cillian",IRL,M,,,,1496,0,20,AUG25,2005,i
2507528,"Scallan, Fiachra",IRL,M,,,,1944,0,20,AUG25,2001,
2507900,"Scallan, Nick",IRL,M,,,,1713,0,20,AUG25,1968,i
2501104,"Scannell, Stephen P.",IRL,M,,,,2050,3,20,AUG25,1957,
2502933,"Scannell, Tony",IRL,M,,,,1901,0,20,AUG25,1966,
2500574,"Scarry, Herbert",IRL,M,,,,1992,0,20,AUG25,1955,i
2516713,"Scarry, James",IRL,M,,,,1853,0,20,AUG25,1994,
2501406,"Schmidt, Martin",IRL,M,,,,1953,0,20,AUG25,1963,
2504405,"Scott, Peter",IRL,M,,,,1674,0,20,AUG25,1953,
2507986,"Scott, Sarah",IRL,F,,,,1959,9,20,AUG25,1999,w
2504413,"Scott, Shay",IRL,M,,,,1561,0,20,AUG25,1944,
2527588,"Scully, Eoin",IRL,M,,,,1617,0,20,AUG25,1991,
2510626,"Shanahan, Paul",IRL,M,,,,1658,0,40,AUG25,1963,
2523329,"Shankar, Ronith",IRL,M,,,,1595,0,40,AUG25,2012,
2525283,"Sharma, Amit",IRL,M,,,,1489,0,40,AUG25,1982,i
2534665,"Sharma, Eva",IRL,F,,,,1491,0,40,AUG25,2013,w
2516926,"Sheahan, Ben",IRL,M,,,,2088,0,40,AUG25,2007,
2516284,"Sheahan, Gavin",IRL,M,,,,1916,0,40,AUG25,2009,
2513048,"Sheahan, Richard",IRL,M,,,,1596,0,40,AUG25,2005,i
2506459,"Shearan, John",IRL,M,,,,1630,0,40,AUG25,1972,
2507536,"Sheedy, Shane",IRL,M,,,,1770,0,20,AUG25,1994,i
2517850,"Sheehan, Conor",IRL,M,,,,1858,0,40,AUG25,2009,
2507994,"Sheehy, Padraig",IRL,M,,,,1825,0,20,AUG25,1999,i
2513366,"Sheerin, Michael",IRL,M,,,,1821,0,40,AUG25,1997,
2522276,"Shelley, Bill",IRL,M,,,,1688,0,40,AUG25,2007,
2505240,"Sheridan, Chris",IRL,M,,,,1639,0,40,AUG25,1954,
2528975,"Sheridan, Christopher",IRL,M,,,,1562,0,40,AUG25,1964,
2505258,"Sheridan, Tristan",IRL,M,,,,1894,0,20,AUG25,1979,i
2524961,"Shimamura, Miho",IRL,F,,,,1450,0,40,AUG25,2000,wi
2527790,"Shivanna, Goutham",IRL,M,,,,1691,0,40,AUG25,1992,
2536439,"Shoor, Itamar",IRL,M,,,,1721,0,40,AUG25,2009,
2500108,"Short, Stephen",IRL,M,,,,2033,0,20,AUG25,1961,i
2509539,"Sidney, Will",IRL,M,CM,,,2003,9,20,AUG25,2002,
2508656,"Silva, Carlos",IRL,M,,,,1839,0,40,AUG25,1996,i
2529564,"Simsek, Gani",IRL,M,,,,1758,0,40,AUG25,1985,
2515709,"Sinclair, Liam",IRL,M,,,,1683,0,40,AUG25,1962,i
2512653,"Singh, Jasvinderpal",IRL,M,,,,1670,0,40,AUG25,1960,
2518589,"Singhal, Atharv",IRL,M,,,,1551,0,40,AUG25,2010,
2516721,"Singhal, Vivaan",IRL,M,,,,1839,0,40,AUG25,2010,
2508583,"Singpurwala, Kevin",IRL,M,,,,1903,0,20,AUG25,1999,
2511444,"Sinnott, Ollie",IRL,M,,,,1804,0,20,AUG25,1976,
2535157,"Slevin, Sean",IRL,M,,,,1639,0,40,AUG25,2000,
2500833,"Smith, Andrew Philip",IRL,M,FM,,,2104,6,20,AUG25,1959,
2501929,"Smith, David J.",IRL,M,,,,1863,0,20,AUG25,1971,i
2501589,"Smith, Derek",IRL,M,,,,1943,0,20,AUG25,1969,
2503522,"Smith, Gerard",IRL,M,,,,1866,0,20,AUG25,1956,
2528045,"Smylie, Sam",IRL,M,,,,1612,4,40,AUG25,2005,
2518368,"Smyth, Peter",IRL,M,,,,1461,0,40,AUG25,1990,i
11611383,"Solomatina, Jana",IRL,F,,,,1743,0,20,AUG25,2005,wi
2513765,"Spackman, Conor",IRL,M,,,,1738,0,20,AUG25,1980,
2526050,"Spence, Beckett",IRL,M,,,,1736,0,40,AUG25,2009,
2513536,"Spillane, Patrick",IRL,M,,,,1907,0,40,AUG25,1980,
2502941,"Spring, Eoin",IRL,M,,,,1931,0,40,AUG25,1983,
2505266,"Stacey, Derek",IRL,M,,,,1609,0,40,AUG25,1941,
2516748,"Stack, George",IRL,M,,,,1973,0,40,AUG25,2010,
2502330,"Stassen, Walter F. C.",IRL,M,,,,1894,0,40,AUG25,1971,i
2530929,"Stinson, Conor",IRL,M,,,,1777,0,40,AUG25,1993,
2529793,"Stinson, William James",IRL,M,,,,1720,0,40,AUG25,1954,
2503530,"Stokes, Stephen",IRL,M,,,,1888,0,20,AUG25,1984,
2520818,"Storey, William",IRL,M,,,,1625,1,40,AUG25,1960,
2500779,"Stuart, Robert",IRL,M,,,,2150,0,40,AUG25,1965,i
2506130,"Summons-Walsh, Kevin",IRL,M,,,,1766,0,20,AUG25,1958,
2513633,"Surowka, Michal",IRL,M,,,,1809,0,40,AUG25,1978,i
2501660,"Sweeney, Ronan",IRL,M,,,,1814,0,20,AUG25,1989,
2524970,"Sweetman, Hugo",IRL,M,,,,1690,0,40,AUG25,2012,
2527839,"Sylwester, Zak",IRL,M,,,,1728,0,40,AUG25,1981,i
2518597,"Syms, Thomas",IRL,M,,,,1678,0,40,AUG25,2013,
2529246,"Szczech, Daniel",IRL,M,,,,1643,0,40,AUG25,1981,
2503549,"Taaffe, Paul",IRL,M,,,,1909,0,20,AUG25,1966,
2520826,"Tahmankar, Advait",IRL,M,,,,1603,0,40,AUG25,2014,
2508761,"Talbot, Leo G. J.",IRL,M,,,,1661,0,40,AUG25,1977,i
2536030,"Tang, Hezhang",IRL,F,,,,1509,0,40,AUG25,2012,w
2511452,"Tempany, Max",IRL,M,,,,1785,0,20,AUG25,2003,i
2505630,"Thee, Bernd",IRL,M,,,,1956,0,20,AUG25,1958,i
2516390,"Thoke, Amol Mohan",IRL,M,,,,1538,2,40,AUG25,1982,
2535688,"Thomas Boby, Aiden",IRL,M,,,,AFM,1780,0,AUG25,2015,
2518600,"Thomas, Alivia",IRL,F,,,,1633,0,40,AUG25,2009,w
2518376,"Thompson, Bobby",IRL,M,,,,1645,2,40,AUG25,1948,
2520605,"Thorball, Nicolai Alexander",IRL,M,,,,1873,0,40,AUG25,1993,
2508664,"Tirziman, Rudolf",IRL,M,,,,1954,0,20,AUG25,1998,i
2510227,"Tonita, Mark David",IRL,M,,,,1525,0,40,AUG25,2005,i
2523523,"Tripathi, Anayraj",IRL,M,,,,1771,0,40,AUG25,2009,
2500680,"Troughton, Nial",IRL,M,,,,1788,0,40,AUG25,1979,i
651081709,"Tureshbayev, Anuar",IRL,M,CM,,,2214,15,40,AUG25,2011,
2506475,"Turley, Robert",IRL,M,,,,1839,0,20,AUG25,1972,i
2501937,"Twomey, Pat",IRL,M,,,,1823,0,20,AUG25,1950,i
2529572,"Ufarte, Jose",IRL,M,,,,1475,0,40,AUG25,1969,
2501171,"Ui Laighleis, Gearoidin",IRL,F,WCM,WCM,,1849,0,20,AUG25,1964,w
2521571,"Urell, Sam",IRL,M,,,,1782,0,40,AUG25,2004,
2504251,"Valters, Harijs",IRL,M,,,,1778,0,20,AUG25,1968,
2522926,"Vanjinathan, Ilankathir",IRL,M,,,,1465,0,40,AUG25,2016,
2530228,"Vasiliuk, Volodimir",IRL,M,,,,1526,0,40,AUG25,1968,
2512602,"Venkatesan, Kavin",IRL,M,FM,,,2249,9,20,AUG25,2008,
2516942,"Verlekar, Vivaan",IRL,M,,,,1788,0,40,AUG25,2012,
2518147,"Vincent, Jonathan",IRL,M,,,,1744,0,40,AUG25,1997,i
2517388,"Voogt, Declan",IRL,M,,,,AIM,1821,0,AUG25,2004,
2517396,"Waldron, Diarmuid",IRL,M,,,,1850,0,40,AUG25,2004,i
2516195,"Waldron, John",IRL,M,,,,1864,0,20,AUG25,1964,
2507749,"Waldron, Sean",IRL,M,,,,1794,0,40,AUG25,1959,i
2501244,"Wall, Gavin",IRL,M,IM,,,2252,0,10,AUG25,1968,
2507307,"Wall, Robert",IRL,M,,,,1640,0,40,AUG25,1965,
2506483,"Wallace, Gerard",IRL,M,,,,1884,0,40,AUG25,1972,i
2503867,"Wallace, Martin",IRL,M,,,,1849,0,20,AUG25,1957,
2500892,"Wallace, Paul",IRL,M,,,,2173,0,20,AUG25,1959,
2510391,"Walsh, Ciaran",IRL,M,,,,1653,0,40,AUG25,2004,i
2503875,"Walsh, David W.",IRL,M,,,,1765,0,20,AUG25,1961,
2503565,"Walsh, Graeme",IRL,M,,,,1795,0,40,AUG25,1986,i
2535408,"Walsh, Kevin",IRL,M,,,,1607,0,40,AUG25,1961,
2501260,"Walsh, Paul",IRL,M,,,,2101,0,20,AUG25,1966,i
2526921,"Walsh, Sean",IRL,M,,,,1592,0,40,AUG25,1986,i
2505320,"Walshe, Richard",IRL,M,,,,1713,0,40,AUG25,1965,i
2511320,"Wang, Eric",IRL,M,,,,1681,0,40,AUG25,2007,i
2512890,"Wang, Yubo",IRL,M,,,,1787,0,40,AUG25,2007,i
2513480,"Wang, Zhengjn",IRL,M,,,,1927,0,20,AUG25,2006,
2528215,"Ward, Eimhin",IRL,M,,,,1638,0,40,AUG25,2001,
2508257,"Ward, Paul",IRL,M,,,,1845,0,20,AUG25,1970,
2500523,"Waters, Michael",IRL,M,,,,2100,0,20,AUG25,1972,i
2510910,"Watkins, Mark R.",IRL,M,,NA,,1784,0,40,AUG25,1977,
2517302,"Webb, Nick",IRL,M,,,,1875,0,20,AUG25,1988,
2513404,"Weiss, Gabriel",IRL,M,,,,1637,0,40,AUG25,1970,i
2501090,"Welsh, Michael",IRL,M,,,,1998,0,20,AUG25,1961,i
2513960,"Wesolowski, Andrzej",IRL,M,,,,1761,0,40,AUG25,1977,
2504448,"Whalley, Anthony",IRL,M,,,,1862,0,20,AUG25,1974,i
2520800,"Whearty, Josh",IRL,M,,,,1592,0,40,AUG25,2007,
2515300,"Whelan, Cory",IRL,M,,,,1670,0,40,AUG25,2006,
2500809,"Whelan, Niall P.",IRL,M,,,,1620,0,20,AUG25,1960,
2509229,"White, Alan",IRL,M,,,,1788,0,40,AUG25,1975,
2520354,"White, George",IRL,M,,,,1757,9,40,AUG25,2015,
2502348,"White, John S.",IRL,M,CM,,,2235,0,40,AUG25,1952,i
2520362,"White, Nicole",IRL,F,,,,1888,9,40,AUG25,2013,w
2536226,"Whyte, Ciaran",IRL,M,,,,1768,0,40,AUG25,1986,
2526930,"Whyte, David",IRL,M,,,,1715,0,40,AUG25,1990,
2518929,"Whyte, Shane",IRL,M,,,,1697,0,40,AUG25,2002,
2528223,"Wieczorek, Jarek",IRL,M,,,,1799,0,40,AUG25,1962,
2530945,"Williams, Henry",IRL,M,,,,1451,6,40,AUG25,2013,
2520060,"Williams, Henry T.",IRL,M,,NA,,1718,0,20,AUG25,2001,
2502976,"Willow, David",IRL,M,,,,1754,0,20,AUG25,1950,
2514524,"Wong, James",IRL,M,,,,1716,0,40,AUG25,2002,
2505347,"Woodhouse, Ray",IRL,M,,,,1729,0,20,AUG25,1954,
2518201,"Woods, Christopher",IRL,M,,,,1994,0,40,AUG25,2009,
2518384,"Woods, Yannick",IRL,M,,,,2015,9,40,AUG25,2011,
2518783,"Worbey, Leah",IRL,F,,,,1671,0,40,AUG25,2007,w
2534894,"Wright, Gary",IRL,M,,,,1614,0,40,AUG25,1983,
2519496,"Wylie, Dylan",IRL,M,,,,1663,0,40,AUG25,1992,i
2531232,"Wyse, Mick",IRL,M,,,,1608,0,40,AUG25,2010,
2533235,"Ye, Zhanting K.",IRL,M,,,,1898,8,40,AUG25,2009,
2505657,"Young, Christopher",IRL,M,,,,1994,0,40,AUG25,1995,i
2520230,"Yu, Ai Tong",IRL,F,,,,1614,0,40,AUG25,2011,w
2528606,"Zakladnyi, Oleksandr",IRL,M,,,,1902,0,40,AUG25,2001,
2531585,"Zalli, Amirsad",IRL,M,,,,1638,0,40,AUG25,1996,
2525429,"Zdenko, Remi",IRL,M,,,,1873,0,40,AUG25,2007,
2511959,"Zelenchuk, Daniil",IRL,M,,,,1957,0,20,AUG25,2003,i
2526077,"Zhang, Zixiao",IRL,M,,,,1497,0,40,AUG25,2011,
2524996,"Zitong, Ma",IRL,M,,,,1737,0,40,AUG25,2010,
2525003,"Zubrzycki, Alexander",IRL,M,,,,1725,0,40,AUG25,2006,