[
  {
    "ID Number": "7502478"
  },
  {
    "ID Number": "7501900"
  },
  {
    "ID Number": "7502745"
  },
  {
    "ID Number": "7502362"
  },
  {
    "ID Number": "7502419"
  },
  {
    "ID Number": "7500203"
  },
  {
    "ID Number": "7503024"
  },
  {
    "ID Number": "7502656"
  },
  {
    "ID Number": "7502982"
  },
  {
    "ID Number": "7502249"
  },
  {
    "ID Number": "7502559"
  },
  {
    "ID Number": "7502974"
  },
  {
    "ID Number": "7502850"
  },
  {
    "ID Number": "7503040"
  },
  {
    "ID Number": "7501234"
  },
  {
    "ID Number": "7502753"
  },
  {
    "ID Number": "7502354"
  },
  {
    "ID Number": "3902773"
  },
  {
    "ID Number": "7502400"
  },
  {
    "ID Number": "7500173"
  },
  {
    "ID Number": "7500432"
  },
  {
    "ID Number": "7502311"
  },
  {
    "ID Number": "7502435"
  },
  {
    "ID Number": "7502192"
  },
  {
    "ID Number": "7502524"
  },
  {
    "ID Number": "7500246"
  },
  {
    "ID Number": "7502389"
  },
  {
    "ID Number": "7502699"
  },
  {
    "ID Number": "7502427"
  },
  {
    "ID Number": "1020870"
  },
  {
    "ID Number": "7502486"
  }
]