[
  {
    "ID Number": "7502478",
    "Name": "Ayubi, Amir",
    "Fed": "AHO",
    "Sex": "M",
    "Title": "",
    "WTit": "",
    "OTit": "",
    "FOA": "1613",
    "Rating": "AUG25",
    "Gms": "5",
    "K": "40",
    "B-day": "2009",
    "Flag": ""
  },
  {
    "ID Number": "7501900",
    "Name": "Bedi, Vaibhav",
    "Fed": "AHO",
    "Sex": "M",
    "Title": "",
    "WTit": "SI",
    "OTit": "",
    "FOA": "AIM",
    "Rating": "AUG25",
    "Gms": "1751",
    "K": "3",
    "B-day": "2010",
    "Flag": ""
  },
  {
    "ID Number": "7502745",
    "Name": "Bhatia, Kush",
    "Fed": "AHO",
    "Sex": "M",
    "Title": "",
    "WTit": "",
    "OTit": "",
    "FOA": "1648",
    "Rating": "AUG25",
    "Gms": "0",
    "K": "40",
    "B-day": "2013",
    "Flag": ""
  },
  {
    "ID Number": "7502362",
    "Name": "Bregita, Jhonathan",
    "Fed": "AHO",
    "Sex": "M",
    "Title": "",
    "WTit": "",
    "OTit": "",
    "FOA": "1629",
    "Rating": "AUG25",
    "Gms": "0",
    "K": "20",
    "B-day": "2000",
    "Flag": "i"
  },
  {
    "ID Number": "7502419",
    "Name": "Da Silva de Goes, Riangelo",
    "Fed": "AHO",
    "Sex": "M",
    "Title": "",
    "WTit": "",
    "OTit": "",
    "FOA": "1494",
    "Rating": "AUG25",
    "Gms": "0",
    "K": "20",
    "B-day": "1995",
    "Flag": "i"
  },
  {
    "ID Number": "7500203",
    "Name": "Dekker, Marvin",
    "Fed": "AHO",
    "Sex": "M",
    "Title": "",
    "WTit": "",
    "OTit": "",
    "FOA": "AIM",
    "Rating": "AUG25",
    "Gms": "2023",
    "K": "0",
    "B-day": "1985",
    "Flag": "i"
  },
  {
    "ID Number": "7503024",
    "Name": "Devnani, Yash",
    "Fed": "AHO",
    "Sex": "M",
    "Title": "",
    "WTit": "",
    "OTit": "",
    "FOA": "1616",
    "Rating": "AUG25",
    "Gms": "4",
    "K": "40",
    "B-day": "2010",
    "Flag": ""
  },
  {
    "ID Number": "7502656",
    "Name": "Diaz de Pool, Julian",
    "Fed": "AHO",
    "Sex": "M",
    "Title": "",
    "WTit": "",
    "OTit": "",
    "FOA": "1852",
    "Rating": "AUG25",
    "Gms": "6",
    "K": "20",
    "B-day": "1980",
    "Flag": ""
  },
  {
    "ID Number": "7502982",
    "Name": "Diaz de Pool, Xavi",
    "Fed": "AHO",
    "Sex": "M",
    "Title": "",
    "WTit": "",
    "OTit": "",
    "FOA": "1560",
    "Rating": "AUG25",
    "Gms": "2",
    "K": "40",
    "B-day": "2012",
    "Flag": ""
  },
  {
    "ID Number": "7502249",
    "Name": "Dunker, Nathan",
    "Fed": "AHO",
    "Sex": "M",
    "Title": "",
    "WTit": "",
    "OTit": "",
    "FOA": "1429",
    "Rating": "AUG25",
    "Gms": "0",
    "K": "20",
    "B-day": "2003",
    "Flag": "i"
  },
  {
    "ID Number": "7502559",
    "Name": "Jansen, Romer",
    "Fed": "AHO",
    "Sex": "M",
    "Title": "",
    "WTit": "",
    "OTit": "",
    "FOA": "1581",
    "Rating": "AUG25",
    "Gms": "0",
    "K": "40",
    "B-day": "2008",
    "Flag": ""
  },
  {
    "ID Number": "7502974",
    "Name": "Jeandor, Kaylani",
    "Fed": "AHO",
    "Sex": "F",
    "Title": "",
    "WTit": "",
    "OTit": "",
    "FOA": "1579",
    "Rating": "AUG25",
    "Gms": "1",
    "K": "40",
    "B-day": "2012",
    "Flag": "w"
  },
  {
    "ID Number": "7502850",
    "Name": "Jubitana, Vanilla",
    "Fed": "AHO",
    "Sex": "F",
    "Title": "",
    "WTit": "",
    "OTit": "",
    "FOA": "1593",
    "Rating": "AUG25",
    "Gms": "6",
    "K": "40",
    "B-day": "2011",
    "Flag": "w"
  },
  {
    "ID Number": "7503040",
    "Name": "Khatri, Nisarg",
    "Fed": "AHO",
    "Sex": "M",
    "Title": "",
    "WTit": "",
    "OTit": "",
    "FOA": "1498",
    "Rating": "AUG25",
    "Gms": "4",
    "K": "40",
    "B-day": "2011",
    "Flag": ""
  },
  {
    "ID Number": "7501234",
    "Name": "Leanez, Daniel",
    "Fed": "AHO",
    "Sex": "M",
    "Title": "",
    "WTit": "",
    "OTit": "",
    "FOA": "1825",
    "Rating": "AUG25",
    "Gms": "0",
    "K": "40",
    "B-day": "2007",
    "Flag": ""
  },
  {
    "ID Number": "7502753",
    "Name": "Litjes, Noa",
    "Fed": "AHO",
    "Sex": "M",
    "Title": "",
    "WTit": "",
    "OTit": "",
    "FOA": "1556",
    "Rating": "AUG25",
    "Gms": "0",
    "K": "40",
    "B-day": "2004",
    "Flag": ""
  },
  {
    "ID Number": "7502354",
    "Name": "Martines, Trevor",
    "Fed": "AHO",
    "Sex": "M",
    "Title": "",
    "WTit": "",
    "OTit": "",
    "FOA": "1507",
    "Rating": "AUG25",
    "Gms": "0",
    "K": "20",
    "B-day": "2000",
    "Flag": "i"
  },
  {
    "ID Number": "3902773",
    "Name": "Mena, Ailen Oriana",
    "Fed": "AHO",
    "Sex": "F",
    "Title": "WFM",
    "WTit": "WFM",
    "OTit": "NI",
    "FOA": "1843",
    "Rating": "AUG25",
    "Gms": "0",
    "K": "20",
    "B-day": "1999",
    "Flag": "wi"
  },
  {
    "ID Number": "7502400",
    "Name": "Nugteren, Robbert",
    "Fed": "AHO",
    "Sex": "M",
    "Title": "",
    "WTit": "",
    "OTit": "",
    "FOA": "1585",
    "Rating": "AUG25",
    "Gms": "0",
    "K": "20",
    "B-day": "1992",
    "Flag": "i"
  },
  {
    "ID Number": "7500173",
    "Name": "Paricharak, Nakul",
    "Fed": "AHO",
    "Sex": "M",
    "Title": "",
    "WTit": "",
    "OTit": "",
    "FOA": "1803",
    "Rating": "AUG25",
    "Gms": "0",
    "K": "20",
    "B-day": "1992",
    "Flag": ""
  },
  {
    "ID Number": "7500432",
    "Name": "Paricharak, Shardul",
    "Fed": "AHO",
    "Sex": "M",
    "Title": "",
    "WTit": "",
    "OTit": "",
    "FOA": "1905",
    "Rating": "AUG25",
    "Gms": "0",
    "K": "20",
    "B-day": "1989",
    "Flag": ""
  },
  {
    "ID Number": "7502311",
    "Name": "Paris Hodge, Ceanna",
    "Fed": "AHO",
    "Sex": "F",
    "Title": "WCM",
    "WTit": "WCM",
    "OTit": "",
    "FOA": "1482",
    "Rating": "AUG25",
    "Gms": "3",
    "K": "40",
    "B-day": "2014",
    "Flag": "w"
  },
  {
    "ID Number": "7502435",
    "Name": "Peters, Elroy",
    "Fed": "AHO",
    "Sex": "M",
    "Title": "",
    "WTit": "",
    "OTit": "",
    "FOA": "1560",
    "Rating": "AUG25",
    "Gms": "0",
    "K": "20",
    "B-day": "1986",
    "Flag": "i"
  },
  {
    "ID Number": "7502192",
    "Name": "Pieter, Liana",
    "Fed": "AHO",
    "Sex": "F",
    "Title": "WCM",
    "WTit": "WCM",
    "OTit": "",
    "FOA": "1760",
    "Rating": "AUG25",
    "Gms": "6",
    "K": "40",
    "B-day": "2011",
    "Flag": "w"
  },
  {
    "ID Number": "7502524",
    "Name": "Rajpal, Hriday",
    "Fed": "AHO",
    "Sex": "M",
    "Title": "",
    "WTit": "",
    "OTit": "",
    "FOA": "1598",
    "Rating": "AUG25",
    "Gms": "0",
    "K": "40",
    "B-day": "2013",
    "Flag": ""
  },
  {
    "ID Number": "7500246",
    "Name": "Roose, Alex",
    "Fed": "AHO",
    "Sex": "M",
    "Title": "",
    "WTit": "",
    "OTit": "",
    "FOA": "1747",
    "Rating": "AUG25",
    "Gms": "5",
    "K": "20",
    "B-day": "1951",
    "Flag": ""
  },
  {
    "ID Number": "7502389",
    "Name": "Sambo, Marvin",
    "Fed": "AHO",
    "Sex": "M",
    "Title": "",
    "WTit": "",
    "OTit": "",
    "FOA": "1514",
    "Rating": "AUG25",
    "Gms": "0",
    "K": "20",
    "B-day": "1987",
    "Flag": "i"
  },
  {
    "ID Number": "7502699",
    "Name": "Spong, Robby",
    "Fed": "AHO",
    "Sex": "M",
    "Title": "",
    "WTit": "",
    "OTit": "",
    "FOA": "1572",
    "Rating": "AUG25",
    "Gms": "4",
    "K": "40",
    "B-day": "1949",
    "Flag": ""
  },
  {
    "ID Number": "7502427",
    "Name": "Velasquez, Samuel E",
    "Fed": "AHO",
    "Sex": "M",
    "Title": "",
    "WTit": "",
    "OTit": "",
    "FOA": "1619",
    "Rating": "AUG25",
    "Gms": "0",
    "K": "20",
    "B-day": "1988",
    "Flag": "i"
  },
  {
    "ID Number": "1020870",
    "Name": "Vos, Tjark",
    "Fed": "AHO",
    "Sex": "M",
    "Title": "",
    "WTit": "",
    "OTit": "",
    "FOA": "2144",
    "Rating": "AUG25",
    "Gms": "0",
    "K": "20",
    "B-day": "1996",
    "Flag": ""
  },
  {
    "ID Number": "7502486",
    "Name": "Wu, Jie-Peng",
    "Fed": "AHO",
    "Sex": "M",
    "Title": "",
    "WTit": "",
    "OTit": "",
    "FOA": "1700",
    "Rating": "AUG25",
    "Gms": "4",
    "K": "40",
    "B-day": "2011",
    "Flag": ""
  }
]