ID Number,Name,Fed,Sex,Title,WTit,OTit,Rating,Gms,K,RatingMonth,B-day,Flag
7400128,"Abbas, Sahir",JAM,M,,,,1764,0,20,SEP25,1990,i
7403798,"Abrahams, Addison",JAM,M,,,,1656,0,20,SEP25,2006,i
7405707,"Allen, Adrian",JAM,M,,,,1689,0,40,SEP25,1989,i
7410921,"Allen, Joelston",JAM,M,,,,1501,6,40,SEP25,2016,
7414145,"Allen, Shawn",JAM,M,,,,1826,0,40,SEP25,1993,
7400756,"Asher, Miguel",JAM,M,,,,1882,0,20,SEP25,1991,
7407220,"Aung, Victoria",JAM,F,,,,1465,12,40,SEP25,2012,w
7401434,"Austin, Nikita",JAM,F,,,,1696,0,40,SEP25,1991,wi
7413904,"Bailey, Dakarai",JAM,M,,,,1492,0,40,SEP25,2006,
7401183,"Bailey, David",JAM,M,,,,1946,0,40,SEP25,1987,i
7402732,"Bain, Emile",JAM,M,,,,1691,0,20,SEP25,2001,
7408528,"Baker, Michael",JAM,M,,,,1480,0,40,SEP25,2009,
7400411,"Barrett, Ariel",JAM,F,WCM,WCM,,1836,0,20,SEP25,1992,wi
7402120,"Barrett, Leighton",JAM,M,CM,,,1826,0,20,SEP25,2003,i
7412240,"Barrett, Taniel",JAM,M,,,,1773,0,40,SEP25,2007,
7405693,"Bartlett, Khaleel",JAM,M,,,,1590,7,40,SEP25,2012,
7404484,"Bartley, Martineil",JAM,M,,,,1632,0,20,SEP25,2000,i
7401191,"Bauman, James",JAM,M,,,,1662,0,40,SEP25,1946,
7402678,"Belani, Girish",JAM,M,,,,1896,0,40,SEP25,1975,i
7401310,"Belinfante, Nathan",JAM,M,,,,1899,0,20,SEP25,1999,
7402830,"Benjamin, Devari",JAM,M,,,,1842,0,40,SEP25,1999,i
7400071,"Bennett, Christine",JAM,F,WCM,WCM,,2005,0,40,SEP25,1968,wi
7405650,"Bisasor, Dontae",JAM,M,,,,1555,0,40,SEP25,2006,
7402228,"Blake, Johmoi",JAM,F,,,,1551,0,20,SEP25,2005,wi
7401213,"Blake, Matthew",JAM,M,,,,1867,0,40,SEP25,1995,i
7408250,"Bloomfield, Alexander",JAM,M,,,,1553,0,40,SEP25,2006,i
7402546,"Bond, Mikhail",JAM,M,,,,1576,0,40,SEP25,2006,i
7405219,"Bourne, Creton",JAM,M,,,,1564,0,40,SEP25,2004,i
7400934,"Bowen, Mark",JAM,M,,,,1744,0,20,SEP25,1971,i
7405936,"Boyd, Stanford",JAM,M,,,,1613,0,40,SEP25,2002,i
7400616,"Brooks, Paul",JAM,M,CM,,,1912,0,20,SEP25,1989,
7402023,"Brown, Akeem",JAM,M,CM,,,2063,0,20,SEP25,2001,
7400322,"Brown, Equitable",JAM,M,CM,,,2057,0,20,SEP25,1981,i
7409249,"Brown, Johnathan",JAM,M,,,,1742,0,40,SEP25,2007,
7400080,"Brown, Kevin",JAM,M,CM,,,2205,0,40,SEP25,1965,i
7402740,"Brown, Raehanna",JAM,F,WFM,WFM,,1906,0,20,SEP25,2005,w
7401493,"Brown, Scott",JAM,M,,,,1830,0,20,SEP25,1987,i
7412495,"Bryan, Douglas",JAM,M,,,,1469,0,40,SEP25,2009,
7405944,"Bryan, ONeill",JAM,M,,,,1686,0,40,SEP25,2001,i
7405022,"Bryce, Damari",JAM,M,,,,1514,0,40,SEP25,2005,i
7400497,"Buchanan, Christopher",JAM,M,,,,1957,0,40,SEP25,1987,i
7404522,"Byfield, Douglas",JAM,M,,,,1620,0,40,SEP25,1998,i
2018764,"Byfield, Geoffrey",JAM,M,,,,2004,0,20,SEP25,1961,
7402643,"Cameron, Frederick",JAM,M,,,,1744,0,40,SEP25,1940,i
7402252,"Cameron, Mark",JAM,M,CM,,,2205,0,40,SEP25,1962,i
7405731,"Campbell, Kahli",JAM,F,,,,1570,0,40,SEP25,2000,wi
7400853,"Campbell, Kevron",JAM,M,,,,1849,0,20,SEP25,1987,
7403380,"Campbell, Tevin",JAM,M,,,,1749,0,20,SEP25,2001,i
7412797,"Carson, Brianardo",JAM,M,,,,1480,0,40,SEP25,2010,
7403690,"Cato, Khatray",JAM,M,,,,1642,0,20,SEP25,2006,
7403950,"Chai, Leah-Ann",JAM,F,,,,1453,0,40,SEP25,2003,wi
7403011,"Chambers, Davica",JAM,F,,,,1597,0,40,SEP25,2000,wi
7406789,"Chang Jr, Aundrae",JAM,M,,,,1409,0,40,SEP25,2010,
7408064,"Chang, Jessica",JAM,F,,,,1472,0,40,SEP25,2009,w
7400241,"Chin, Eton",JAM,M,,,,1878,0,20,SEP25,1964,i
7404123,"Chin, J-Loy",JAM,M,,,,1750,0,40,SEP25,2008,
7402074,"Christie, Joshua",JAM,M,FM,,,2220,0,20,SEP25,2001,
7401680,"Christie, Michael",JAM,M,,,,1946,0,20,SEP25,1999,i
7402287,"Chung, Antonic",JAM,M,,,,1646,0,20,SEP25,2005,i
7402295,"Chung, Zane-Marcovich",JAM,M,,,,1501,0,40,SEP25,2007,i
7402082,"Clarke, Adani",JAM,F,WFM,WFM,,1922,0,20,SEP25,2003,w
7402996,"Clarke, Ashanti",JAM,F,,,,1702,0,20,SEP25,2002,wi
7403810,"Clarke, Conroy",JAM,M,,,,1578,0,40,SEP25,2003,i
7402104,"Clarke, Kishan",JAM,M,,,,ACM,1614,0,SEP25,2007,i
7402090,"Clarke, Nishani",JAM,F,,,,1506,0,40,SEP25,2004,wi
7402686,"Clarke, Rajarni",JAM,M,,,,1636,0,40,SEP25,1997,i
7405952,"Clarke, Tsahai",JAM,F,,,,1558,0,40,SEP25,2011,w
7401922,"Clarke-Grant, Claire",JAM,F,,,,1708,0,40,SEP25,1967,wi
7401221,"Clifford, Roderick",JAM,M,,,,1954,0,40,SEP25,1995,i
7403046,"Coe, Cameron",JAM,M,,,,1625,0,40,SEP25,2010,
7404263,"Comrie, Demarie",JAM,M,,,,1439,0,40,SEP25,2005,i
7409907,"Cox, Lincoln",JAM,M,,,,1540,0,40,SEP25,1972,i
7410573,"Cummings, Kalie",JAM,F,,,,1418,6,40,SEP25,2013,w
7401230,"Cunningham, Jamie",JAM,M,,,,1831,0,40,SEP25,1994,i
7402236,"Curriah, Malik",JAM,M,CM,,,2035,0,20,SEP25,1999,i
7402627,"Curwin, Nickaylah",JAM,F,WCM,WCM,,1660,0,20,SEP25,2000,wi
7404573,"Dakin, Errol",JAM,M,,,,1615,0,20,SEP25,2000,i
7403070,"Daley, Lamar",JAM,M,,,,1650,0,40,SEP25,2000,i
7403666,"Daley, Romane",JAM,M,,,,1578,0,40,SEP25,2000,i
7400624,"Davey, Laurence",JAM,M,,,,1857,0,40,SEP25,1992,i
7412118,"Davidson, Kamar",JAM,M,,,,1436,0,40,SEP25,2013,
7405324,"Davis, Austin",JAM,M,,,,1428,0,40,SEP25,2004,i
7402848,"Davis, Christopher",JAM,M,,NA,,AFM,1564,0,SEP25,1999,i
7401370,"Davis, Tahj",JAM,M,,,,1859,0,20,SEP25,1995,i
7400519,"Davy, Damion",JAM,M,FM,,,2179,0,20,SEP25,1990,i
7408013,"Davy, Khalel",JAM,M,,,,1614,6,40,SEP25,2016,
7409990,"Dawkins, Nah-jae",JAM,M,,,,1735,0,40,SEP25,2010,
7400969,"Diedrick, Michael",JAM,M,,,,1886,0,20,SEP25,1955,
7406223,"Diston, Hector",JAM,M,,,,1809,0,40,SEP25,1957,i
7405570,"Dixon, Rickon",JAM,M,,,,1605,0,40,SEP25,2005,i
7401701,"Donaldson, Akelia",JAM,F,,,,1696,0,40,SEP25,1999,wi
7409400,"Douglas, Kieron",JAM,M,,,,1492,0,40,SEP25,2006,
7400977,"Douglas, Markland",JAM,M,,,,1848,0,20,SEP25,1966,i
7404867,"Downer, Odel",JAM,M,,,,1659,0,20,SEP25,1985,i
7403054,"Dyer, Armani",JAM,M,,,,1492,0,20,SEP25,2006,
7408919,"Edwards, Ajani",JAM,M,,,,1694,0,40,SEP25,2004,i
7400454,"Edwards, Alethia",JAM,F,,,,1721,0,40,SEP25,1993,wi
7402040,"Edwards, Dujean",JAM,M,,,,1770,0,40,SEP25,1989,i
7406258,"Edwards, Zuberi",JAM,M,,,,1714,7,40,SEP25,2009,
7400179,"Elliott, Warren",JAM,M,FM,FT,,2218,0,20,SEP25,1979,i
7400829,"Ellis, Andrew",JAM,M,,,,1890,0,40,SEP25,1994,i
7402953,"Ellis, Rahjay",JAM,M,,,,1693,0,20,SEP25,2000,i
7403941,"Fagan, Nathan",JAM,M,,,,1417,0,40,SEP25,2005,i
7400020,"Fairclough, Neil",JAM,M,CM,,,2203,0,20,SEP25,1958,i
7407874,"Farquharson, Kamahri",JAM,M,,,,1427,0,40,SEP25,2008,
7408560,"Foreshaw, Jayden",JAM,M,,,,1815,0,40,SEP25,2009,
7403259,"Foster, Deshawn",JAM,M,,NA,,1547,0,40,SEP25,1998,
7401450,"Foster, Howien",JAM,M,,,,1750,0,40,SEP25,1983,i
7412541,"Fuller, Adrian",JAM,M,,,,1571,0,40,SEP25,2007,
7408102,"Gali, Vaishnav",JAM,M,,,,1535,0,40,SEP25,2012,
7401760,"Gardner, Sheanel",JAM,F,,,,1695,0,20,SEP25,2000,wi
7405448,"Gayle, Kaia",JAM,F,,,,1878,8,40,SEP25,2009,w
7405081,"Gayle, Kaity",JAM,F,,,,1459,0,20,SEP25,2006,w
7401752,"Gayle, Malik",JAM,M,,,,1743,0,40,SEP25,2000,i
7407548,"Gayle, Maurice",JAM,M,,,,1485,0,40,SEP25,2010,i
7400136,"Gibbs, Grantel",JAM,M,FM,,,2193,0,20,SEP25,1971,i
7404670,"Gilling, Donelle",JAM,M,,,,1509,0,40,SEP25,2002,i
7402724,"Glaves, Raheem",JAM,M,FM,,,2118,0,20,SEP25,2001,
7403828,"Gordon, Nicholas",JAM,M,,,,1658,0,40,SEP25,2002,i
7408943,"Gordon, Nkosi",JAM,M,,,,1509,0,40,SEP25,2010,
7400985,"Graham, Amari",JAM,M,,,,1891,0,40,SEP25,1989,i
7404166,"Graham, Joshua",JAM,M,,,,1746,0,40,SEP25,2000,i
7414129,"Graham, Karl",JAM,M,,,,1578,0,40,SEP25,1992,
7404042,"Graham, Michael",JAM,M,,,,1578,0,40,SEP25,2009,
7408110,"Graham, Shamir",JAM,M,,,,1578,0,40,SEP25,2005,
7403151,"Grant, Chevaughn",JAM,M,,,,1716,0,20,SEP25,1998,i
7403879,"Grant, Jahvier",JAM,M,,,,1409,0,40,SEP25,2008,i
7405537,"Grant, Kedroy",JAM,M,,,,1611,0,40,SEP25,1988,i
7400659,"Gray, Krishna",JAM,F,,,,1721,0,20,SEP25,1992,wi
7406800,"Green, Nathaniel",JAM,M,,,,1554,7,40,SEP25,2012,
7407530,"Green, Remari",JAM,M,,,,1691,0,20,SEP25,2002,i
7402309,"Gregory, Ashley-Renae",JAM,F,,,,1693,0,40,SEP25,2001,wi
7404212,"Griffiths, Laila",JAM,F,,,,1429,0,40,SEP25,2007,w
7403127,"Gupte, Nikit",JAM,M,,,,1759,0,20,SEP25,2001,i
7401647,"Gyles, Romell",JAM,M,,,,1812,0,40,SEP25,1997,i
7400993,"Hall, Odane",JAM,M,,SI,,1820,0,20,SEP25,1994,i
7410379,"Hamilton, Jeraine",JAM,M,,,,1503,0,40,SEP25,2012,
7406517,"Hare, Nathan",JAM,M,,,,1777,0,20,SEP25,2004,
7408978,"Harris, Amar",JAM,M,,,,1624,0,40,SEP25,2007,
7404794,"Harvey, Corbin",JAM,M,,,,1782,9,40,SEP25,2009,
7409915,"Haughton, Richard",JAM,M,,,,1610,0,40,SEP25,1973,i
7407149,"Haynes, Javaughn",JAM,M,,,,1528,0,40,SEP25,1999,i
7401515,"Henry, Akeel",JAM,M,,,,1818,0,40,SEP25,1994,i
7400039,"Henry, Mark",JAM,M,,,,1747,0,20,SEP25,1974,
7407416,"Henry, Matthew",JAM,M,,,,1589,5,40,SEP25,2003,
7401507,"Henry, Michael",JAM,M,,,,1857,0,40,SEP25,1974,i
7403020,"Henry, Tian",JAM,F,,,,1621,0,40,SEP25,2000,wi
7403372,"Hercules, Andrew",JAM,M,,,,1736,0,40,SEP25,1999,i
7403470,"Hibbert, Odane",JAM,M,,,,1682,0,20,SEP25,1999,i
7400730,"Hinds, Nathan",JAM,M,CM,SI,,1975,0,20,SEP25,1994,
7400233,"Holness, Mark",JAM,M,CM,,,1936,0,20,SEP25,1970,
7405456,"Hoo Kim III, Ernest",JAM,M,,,,1579,0,40,SEP25,2005,i
7404999,"Hope, Nathaniel",JAM,M,,,,1976,0,40,SEP25,2008,
7409001,"Huell, Khamarlo",JAM,M,,,,1558,0,40,SEP25,2009,
7404131,"Hunter, Javonte",JAM,M,,,,1655,0,40,SEP25,2004,i
7402945,"Hutchinson, Marlon",JAM,M,,,,1719,0,20,SEP25,1999,i
7402317,"Iheonunkwu, Chimaobi",JAM,M,,,,1717,0,40,SEP25,2003,i
7402333,"Isaacs, Orion",JAM,M,,,,1679,0,20,SEP25,2004,i
7401124,"Issa, Elias",JAM,M,,,,1747,0,20,SEP25,2000,i
7406819,"Jackson, Leshawn",JAM,M,,,,1464,0,40,SEP25,2007,
7404697,"Jain, Aayush",JAM,M,,,,1922,0,20,SEP25,2006,
7400489,"James, Stuart",JAM,M,CM,NA,,1958,0,20,SEP25,1993,i
7401175,"Jervis, Kevin",JAM,M,,,,1514,0,40,SEP25,1975,i
7403658,"Johnson, Deidre-Ann",JAM,F,,,,1452,0,40,SEP25,1999,wi
7404506,"Johnson, Obrian",JAM,M,,,,1825,0,40,SEP25,1996,i
7404581,"Johnson, Remone",JAM,M,,,,1771,0,20,SEP25,1991,i
7404611,"Jordan, Valence",JAM,M,,,,1878,0,20,SEP25,1986,i
7407173,"Kerr, Aldain",JAM,M,,,,1694,0,40,SEP25,2005,
7402600,"Khemlani, Krish",JAM,M,,,,1477,0,40,SEP25,2007,i
7402155,"Kidd, Aulanni",JAM,F,,,,1698,0,20,SEP25,2003,wi
7404050,"Kidd, Deanndra",JAM,F,,,,1507,0,40,SEP25,2002,wi
7406002,"Lalwani, Krish",JAM,M,,,,1462,0,40,SEP25,2006,i
7400217,"Lamont, Onaje",JAM,M,,,,1936,0,40,SEP25,1990,i
7400888,"Lamount, Samuel",JAM,M,,,,1690,0,40,SEP25,1963,i
7407955,"Lattibeaudiere, Kwabena",JAM,M,,,,1452,0,40,SEP25,2011,
7400802,"Lawson, Jason",JAM,M,,,,1816,0,40,SEP25,1998,i
7401400,"Leachman, Troy",JAM,M,,"SI,NA",,1786,0,40,SEP25,1990,i
7407238,"Leake, Emilia-Rose",JAM,F,,,,1571,7,40,SEP25,2014,w
7403453,"Lee, Joseph",JAM,M,,,,1553,0,40,SEP25,2002,i
7406576,"Lewin, Cavoy",JAM,M,,,,1546,0,40,SEP25,2005,i
7400225,"Lewis, Jared",JAM,M,,,,1849,0,20,SEP25,1992,i
7403178,"Lewis, Nathan",JAM,M,,,,1615,0,40,SEP25,2002,i
7410085,"Liao, Justin",JAM,M,,,,1516,0,40,SEP25,2011,
7403402,"Lin, Samuel",JAM,M,,,,1505,0,40,SEP25,2007,
7403119,"Lobban, Brandon",JAM,M,,NA,,1798,0,20,SEP25,1996,i
7406720,"Lodge, Odane",JAM,M,,,,1682,0,20,SEP25,1996,
7407190,"Logan, Liam",JAM,M,,,,1646,0,40,SEP25,2012,
7400810,"Lord, John",JAM,M,,,,1870,0,40,SEP25,1998,i
7400330,"Lorne, Ras Malaku",JAM,M,FM,FI,,2038,0,20,SEP25,1984,
7402473,"Lungrin, Rashade",JAM,M,,,,1852,0,20,SEP25,2002,i
7402210,"Lyn, Anthony",JAM,M,CM,,,1594,0,40,SEP25,2007,i
7402775,"Lyn, Christopher",JAM,M,,,,1826,0,20,SEP25,2002,i
7402350,"Lyn, Nicholas",JAM,M,,,,1822,0,20,SEP25,2004,i
7404565,"Mahtani, Rohit",JAM,M,,,,1546,0,40,SEP25,2008,i
7412908,"Mais, Jotham",JAM,M,,,,1474,6,40,SEP25,2016,
7401728,"March, Wayne",JAM,M,,,,1698,0,40,SEP25,1999,i
7400187,"Marshall, Mario",JAM,M,,,,1986,0,20,SEP25,1978,i
7403348,"Martin, Giovanni",JAM,M,,,,1486,0,40,SEP25,2004,i
7404344,"Martin, Shamir",JAM,M,,,,1588,0,20,SEP25,2003,i
7407270,"Matandara-Clarke, Suraiya",JAM,F,,,,1516,0,40,SEP25,2007,w
7400012,"Matthews, Shane",JAM,M,IM,,,2205,0,20,SEP25,1964,i
7402651,"Matthews, Sidley",JAM,M,,,,1708,0,40,SEP25,1955,i
7401256,"McCook, Natashane",JAM,M,,,,1766,0,40,SEP25,1988,i
7404948,"McDermott, Peter John",JAM,M,,,,1898,0,20,SEP25,2001,i
7402597,"McDonald, Angelus-Seren",JAM,M,,,,1853,0,20,SEP25,2004,
7402481,"McDonald, Jhustice-Dimonte",JAM,M,CM,,,2041,0,20,SEP25,2001,
7403674,"McDonald, Trinity-St.John",JAM,M,,,,1545,0,40,SEP25,2007,
7403224,"McGowan, Javene",JAM,M,,,,1900,0,20,SEP25,1991,
7406711,"McIntosh, Sajay",JAM,M,,,,1640,0,20,SEP25,1995,
7407505,"McIntosh, Tahir",JAM,M,,,,1820,0,40,SEP25,2007,
7402864,"McKay, Justin",JAM,M,,,,1416,0,40,SEP25,2005,i
7402872,"McKennis, Darren",JAM,M,CM,,,2002,0,20,SEP25,2006,
7403488,"McKoy, Aaron",JAM,M,,,,1674,8,40,SEP25,2011,
7403496,"McKoy, Arielle",JAM,F,,,,1457,0,40,SEP25,2007,w
7402619,"McKoy, Jordan",JAM,M,,,,1695,0,40,SEP25,2002,i
7401949,"McKoy, Troy",JAM,M,,,,1519,0,20,SEP25,1976,
7405901,"McNamee, Shelson",JAM,M,,,,1528,0,40,SEP25,2008,
7400055,"Mellace, Andrew",JAM,M,CM,,,1953,0,20,SEP25,1977,
7400276,"Mellace, Tewana",JAM,M,,,,1922,0,40,SEP25,1996,i
7401957,"Merritt, Donovan",JAM,M,,,,1910,0,40,SEP25,1994,i
7401531,"Merritt, Kevin",JAM,M,CM,,,1948,0,20,SEP25,1985,i
7404204,"Miller, Craig",JAM,M,,,,1612,0,40,SEP25,2003,i
7401302,"Miller, Rachel",JAM,F,CM,WIM,NI,1943,0,20,SEP25,2000,w
7409141,"Mitchell, Jaydar",JAM,M,,,,1460,0,40,SEP25,2005,i
7400527,"Morais, Alain",JAM,M,CM,,,1996,0,20,SEP25,1983,i
7409923,"Morgan, Cachmar",JAM,M,,,,1441,0,40,SEP25,2001,i
7402708,"Morgan, Tajae",JAM,M,,,,1828,0,20,SEP25,2003,i
7407076,"Moses, Kayla",JAM,F,,,,1546,5,40,SEP25,2011,w
7405200,"Mullings, Dominic",JAM,M,,,,1469,0,40,SEP25,2005,i
7403216,"Murdock, Christopher",JAM,M,,,,1752,0,20,SEP25,1993,
7407785,"Murphy, Darren",JAM,M,,,,1585,0,40,SEP25,2012,
7407599,"Murphy, Glory",JAM,F,,,,1645,0,40,SEP25,2010,w
7403984,"Myers, Mikhail",JAM,M,,,,1524,0,40,SEP25,2004,i
7400306,"Myers, Peter",JAM,M,,,,1918,0,20,SEP25,1973,
7401426,"Nash, De Mario",JAM,M,,,,1918,0,20,SEP25,1995,i
7400098,"Nelson, Abiodun",JAM,M,,,,2052,0,40,SEP25,1966,i
7400209,"Nelson, Omowale",JAM,M,,,,1962,0,20,SEP25,1969,
7411600,"Noble, Noelle",JAM,F,,,,1478,5,40,SEP25,2015,w
7403429,"Norgaard, Malachi",JAM,M,,,,1428,0,40,SEP25,2009,i
7403909,"OConnor, Zaina",JAM,F,WCM,WCM,,1474,0,40,SEP25,2009,wi
7406541,"Okpiavbe, Victor",JAM,M,,,,1445,0,40,SEP25,2009,
7400284,"Palmer, Adrian",JAM,M,,"SI,NA",,1919,0,20,SEP25,1977,
7400365,"Palmer, Maria",JAM,F,WCM,WCM,,2050,0,40,SEP25,1975,wi
7403410,"Palmer, Melieka",JAM,F,,,,1405,0,40,SEP25,2010,w
7408021,"Patel, Elisha",JAM,F,,,,1497,5,40,SEP25,2013,w
7404492,"Patman, Tivon",JAM,M,,,,1540,0,40,SEP25,1985,i
7411758,"Peters, Devon",JAM,M,,,,1580,0,40,SEP25,2007,
7400110,"Pitterson, Jomo",JAM,M,IM,NA,,2226,0,20,SEP25,1974,i
7400799,"Pitterson, Jonathan",JAM,M,,NA,,1546,0,40,SEP25,1997,i
7404921,"Playfair, Adishane",JAM,M,,,,1765,0,40,SEP25,1983,i
7402163,"Porter, Rochelle",JAM,F,,NA,,1693,0,20,SEP25,2002,wi
7400195,"Porter, Russel",JAM,M,CM,,,2078,0,20,SEP25,1970,
7405197,"Powell, Joshua",JAM,M,,,,1506,0,40,SEP25,2010,
7400047,"Powell, Melanie",JAM,F,WCM,WCM,,2030,0,40,SEP25,1971,wi
7412843,"Powell, Ronald",JAM,M,,,,1649,0,40,SEP25,2006,
7407297,"Prata, Luis",JAM,M,,,,1708,0,40,SEP25,2007,i
7407327,"Prata, Tomas",JAM,M,,,,1713,0,40,SEP25,2005,i
7406916,"Prince, Maleek",JAM,M,,,,1616,0,40,SEP25,2012,
7405820,"Pryce, Cliffon",JAM,M,,"SI,NA",,AIM,1584,0,SEP25,1998,i
7400292,"Pryce, Phillip",JAM,M,,,,1923,0,40,SEP25,1993,i
7407815,"Quest, Zaire",JAM,M,,,,1479,0,40,SEP25,2014,
7408684,"Quincy, Dale",JAM,M,,,,1588,0,40,SEP25,2007,
7402562,"Rampair, Aidan",JAM,M,,,,1567,0,40,SEP25,2007,i
7400314,"Ramsay, Zachary",JAM,M,,,,1945,0,20,SEP25,1990,i
7404875,"Richards, Jaleel",JAM,M,,,,1618,0,40,SEP25,1996,
7402635,"Richards, Shaheem",JAM,M,,,,1753,0,20,SEP25,2003,i
7400446,"Richards-Porter, Deborah",JAM,F,WIM,WIM,"LSI,FI",2053,0,20,SEP25,1985,wi
7403291,"Roberts, Rohan",JAM,M,,,,1821,0,20,SEP25,2000,i
7402937,"Robinson, Andrew",JAM,M,,,,1794,0,40,SEP25,1986,i
7407432,"Robinson, John A",JAM,M,,,,1525,0,40,SEP25,2007,
7404468,"Robinson, Kishane",JAM,M,,,,1684,0,40,SEP25,1994,i
7400349,"Robinson, Maurice",JAM,M,,,,1554,0,40,SEP25,1975,i
7409761,"Robinson, Najaire",JAM,M,,,,1781,0,40,SEP25,2010,
7410522,"Robinson, Rushawn",JAM,M,,,,1724,0,40,SEP25,2006,
7402694,"Rodgers, Andryck",JAM,M,,,,1788,0,20,SEP25,1999,i
7410980,"Rose, Damaro",JAM,M,,,,1513,0,40,SEP25,2009,
7401795,"Rose, David",JAM,M,,NA,,1613,0,40,SEP25,1998,
7400268,"Rowe, Duane",JAM,M,CM,,,2062,0,20,SEP25,1978,i
7400594,"Rowe, Lucien",JAM,M,,,,1958,0,20,SEP25,1989,i
7406240,"Salazar, Victoria",JAM,F,,,,1478,0,40,SEP25,2011,w
7400420,"Scott, Bertram",JAM,M,,,,1915,0,40,SEP25,1954,i
7403836,"Scott, Jordon",JAM,M,,,,1519,0,40,SEP25,2002,i
7404395,"Shakes, Daniel",JAM,M,,,,1494,0,40,SEP25,2006,
7412258,"Shaw, Christopher",JAM,M,,,,1536,0,40,SEP25,1978,
7402880,"Shaw, Jaden",JAM,M,FM,,,2019,18,40,SEP25,2007,
7408196,"Shergil, Rajvir",JAM,M,,,,1459,6,40,SEP25,2015,
7405014,"Shergil, Ronak",JAM,M,,,,1772,17,40,SEP25,2011,
2020831,"Sinclair, Devlin",JAM,M,CM,,,2175,0,20,SEP25,1966,i
7407890,"Sinclair, Geordan",JAM,M,,,,1538,0,40,SEP25,2008,
7400764,"Sinclair, Horace",JAM,M,,,,1866,0,20,SEP25,1996,i
7410280,"Singh, Samakhya",JAM,F,,,,1448,3,40,SEP25,2015,w
7400063,"Siva, Michael",JAM,M,CM,,,2176,0,40,SEP25,1963,i
7403992,"Smart, Andrew",JAM,M,,,,1527,0,40,SEP25,2001,i
7404000,"Smart, Bryan",JAM,M,,,,1664,0,40,SEP25,2007,
7403917,"Smart, Jaheim",JAM,M,,,,1813,0,40,SEP25,2009,
7405464,"Smikle, Zahmir",JAM,M,,,,1617,0,40,SEP25,2010,
7402910,"Smith, Andre",JAM,M,,,,1776,0,40,SEP25,1998,i
7400683,"Smith, Annesha",JAM,F,WCM,WCM,,1780,0,20,SEP25,1988,wi
7404590,"Smith, Di-jaun",JAM,M,,,,1923,0,20,SEP25,1999,i
7403399,"Smith, Keith",JAM,M,,,,1494,0,40,SEP25,2004,i
7400845,"Smith, Kenroy",JAM,M,,,,1846,0,20,SEP25,1988,i
7412266,"Smith, Krishmar",JAM,M,,,,1528,0,40,SEP25,2007,
7409176,"Smith, Leiquon",JAM,M,,,,1436,0,40,SEP25,2007,
7400357,"Smith, Mark",JAM,M,,,,2153,0,40,SEP25,1978,i
7400691,"Smith, Melisha",JAM,F,WCM,WCM,,1760,0,20,SEP25,1987,wi
7404360,"Smith, Romar",JAM,M,,,,1639,0,40,SEP25,2000,i
7407130,"Smith, Samuel",JAM,M,,,,1599,0,20,SEP25,2002,
7400713,"Smith, Shreyas",JAM,M,FM,,,2224,0,20,SEP25,1996,
7401132,"Soares, Andre",JAM,M,,,,1825,0,20,SEP25,1981,i
7400381,"Solomon, Mikhail",JAM,M,,FI,,1982,0,20,SEP25,1987,i
7407114,"Spaulding, Ksenia",JAM,F,,,,1453,0,40,SEP25,2009,wi
7409109,"Spence, Jovani",JAM,M,,,,1671,0,40,SEP25,2007,
7401736,"Steadman, Tevanio",JAM,M,,,,AIM,1936,0,SEP25,1997,
7406274,"Stephens, Kamari",JAM,M,,,,1690,0,20,SEP25,2004,i
7403550,"Stephenson, Amy",JAM,F,,,,1699,0,20,SEP25,2006,w
7404409,"Stephenson, John",JAM,M,,,,1883,0,20,SEP25,2006,
7407289,"Stewart, Alyssa",JAM,F,,,,1473,0,40,SEP25,2008,w
7405928,"Stewart, Diego",JAM,M,,,,1533,0,40,SEP25,2004,i
7409940,"Stone, Orville",JAM,M,,,,1445,0,40,SEP25,1984,i
7407300,"Sunkara, Dedipya",JAM,F,,,,1442,0,40,SEP25,2010,w
7404840,"Sutherland, Kofi",JAM,M,,,,1704,0,20,SEP25,2006,i
7405103,"Tennant, Ajay",JAM,M,,,,1502,0,40,SEP25,2003,
7404905,"Thomas, Carson",JAM,M,,,,1692,0,20,SEP25,2001,i
7402589,"Thomas, David",JAM,M,CM,,,1752,0,20,SEP25,2005,i
7400608,"Thomas, Peter",JAM,M,,,,1966,0,20,SEP25,1989,i
7410204,"Thompson, Brian G",JAM,M,,,,1838,0,40,SEP25,2009,
7411537,"Thompson, Nigel",JAM,M,,,,1617,0,40,SEP25,2006,
7403240,"Thompson, Ronaldo",JAM,M,,,,1510,0,40,SEP25,2004,i
7402066,"Thorpe, Jaleel",JAM,M,,,,1699,0,20,SEP25,2002,i
7402392,"Thorpe, Rameze",JAM,M,,NA,,1755,0,20,SEP25,2001,i
7403313,"Udeagha, Christopher",JAM,M,,,,1570,0,40,SEP25,2005,i
7401280,"Walker, Alistair",JAM,M,,,,1996,0,20,SEP25,1997,i
7402929,"Walker, Gayon",JAM,M,,,,1692,0,40,SEP25,2000,i
7402058,"Walker, Lontae",JAM,M,,,,1854,0,20,SEP25,2003,i
7402716,"Wallace, Kamoy",JAM,M,,,,1678,0,40,SEP25,1997,i
7402465,"Walsh, Nathan",JAM,M,,,,1716,0,20,SEP25,2005,i
7404026,"Walsh, Nayden",JAM,M,,,,1419,0,40,SEP25,2009,
7403704,"Walters, Romaine",JAM,M,,,,1628,0,20,SEP25,2006,
7402538,"Watson, Gabriella",JAM,F,WCM,WCM,,1793,9,40,SEP25,2007,w
7402139,"Watson, Ramesh",JAM,M,,,,1769,0,40,SEP25,2001,i
7407467,"Watson, Sean",JAM,M,,,,1483,0,40,SEP25,2008,
7404107,"Watts, Justin",JAM,M,,,,1701,0,20,SEP25,2004,i
7402805,"White, Rushawn",JAM,M,,,,1846,0,40,SEP25,2002,i
7400101,"Wilkinson, Ian",JAM,M,,,,1841,0,20,SEP25,1965,
7404603,"Williams, Daniel O",JAM,M,,,,1621,0,20,SEP25,2001,
7408234,"Williams, Dejaun",JAM,M,,,,1478,11,40,SEP25,2014,
7409192,"Williams, Jaiden",JAM,M,,,,1473,0,40,SEP25,2008,
7401655,"Williams, Jordan",JAM,M,,,,1763,0,20,SEP25,1998,i
7400578,"Williams, Margoe",JAM,F,WCM,WCM,SI,1733,0,20,SEP25,1991,w
7411588,"Williams, Michiale",JAM,M,,,,1577,0,40,SEP25,2008,
7400403,"Williams, Walter",JAM,M,,,,1908,0,20,SEP25,1989,i
7400500,"Wilson, Brandon",JAM,M,CM,,,2062,0,20,SEP25,1988,
7403038,"Wilson, Howard",JAM,M,,SI,,1762,0,40,SEP25,1972,i
7400438,"Wisdom, Daren",JAM,M,CM,NA,,1996,0,20,SEP25,1983,i
7402660,"Wisdom, Joel",JAM,M,,,,1776,0,40,SEP25,2002,i
7410301,"Wood, Nyah",JAM,F,,,,1548,7,40,SEP25,2014,w
7403135,"Wright, Davielo",JAM,M,,,,1735,0,20,SEP25,2003,i
7400837,"Wright, Kareem",JAM,M,,,,1831,0,40,SEP25,1992,i
7410239,"Wright, Luke E",JAM,M,,,,1485,4,40,SEP25,2016,
7401116,"Wynter, Raglon",JAM,M,,,,1762,0,40,SEP25,1985,i
7407211,"Xiang, Austin",JAM,M,,,,1419,6,40,SEP25,2014,
7402406,"Yankana, Alliyah",JAM,F,,,,1650,0,20,SEP25,2001,wi
7406690,"Yankana, Danielle",JAM,F,,,,1425,0,40,SEP25,2011,w
7400390,"Zhu, Hui",JAM,F,WCM,WCM,,1957,0,20,SEP25,1984,wi