[
  {
    "ID Number": "3002330"
  },
  {
    "ID Number": "3006255"
  },
  {
    "ID Number": "3006727"
  },
  {
    "ID Number": "3000648"
  },
  {
    "ID Number": "3029557"
  },
  {
    "ID Number": "3029247"
  },
  {
    "ID Number": "3004449"
  },
  {
    "ID Number": "3017044"
  },
  {
    "ID Number": "3017079"
  },
  {
    "ID Number": "3006689"
  },
  {
    "ID Number": "3001474"
  },
  {
    "ID Number": "3011577"
  },
  {
    "ID Number": "3015963"
  },
  {
    "ID Number": "3015815"
  },
  {
    "ID Number": "3002110"
  },
  {
    "ID Number": "3010694"
  },
  {
    "ID Number": "3011585"
  },
  {
    "ID Number": "3001130"
  },
  {
    "ID Number": "3029174"
  },
  {
    "ID Number": "3009602"
  },
  {
    "ID Number": "3017613"
  },
  {
    "ID Number": "3012590"
  },
  {
    "ID Number": "3003515"
  },
  {
    "ID Number": "3003590"
  },
  {
    "ID Number": "3009947"
  },
  {
    "ID Number": "3014312"
  },
  {
    "ID Number": "3032310"
  },
  {
    "ID Number": "3006387"
  },
  {
    "ID Number": "3010570"
  },
  {
    "ID Number": "3007510"
  },
  {
    "ID Number": "3007529"
  },
  {
    "ID Number": "3009378"
  },
  {
    "ID Number": "3017729"
  },
  {
    "ID Number": "3006646"
  },
  {
    "ID Number": "3009262"
  },
  {
    "ID Number": "3002403"
  },
  {
    "ID Number": "3001199"
  },
  {
    "ID Number": "3002624"
  },
  {
    "ID Number": "3016102"
  },
  {
    "ID Number": "3021785"
  },
  {
    "ID Number": "3000389"
  },
  {
    "ID Number": "3006735"
  },
  {
    "ID Number": "3012328"
  },
  {
    "ID Number": "3029590"
  },
  {
    "ID Number": "3002667"
  },
  {
    "ID Number": "3009815"
  },
  {
    "ID Number": "3013189"
  },
  {
    "ID Number": "3016170"
  },
  {
    "ID Number": "3001423"
  },
  {
    "ID Number": "3005011"
  },
  {
    "ID Number": "3017273"
  },
  {
    "ID Number": "3027309"
  },
  {
    "ID Number": "3010724"
  },
  {
    "ID Number": "3008568"
  },
  {
    "ID Number": "3008398"
  },
  {
    "ID Number": "3022838"
  },
  {
    "ID Number": "3004694"
  },
  {
    "ID Number": "3010511"
  },
  {
    "ID Number": "3024865"
  },
  {
    "ID Number": "3000567"
  },
  {
    "ID Number": "3002489"
  },
  {
    "ID Number": "3006018"
  },
  {
    "ID Number": "3018938"
  },
  {
    "ID Number": "3000060"
  },
  {
    "ID Number": "3002551"
  },
  {
    "ID Number": "3002853"
  },
  {
    "ID Number": "3007022"
  },
  {
    "ID Number": "3022528"
  },
  {
    "ID Number": "3015190"
  },
  {
    "ID Number": "3003108"
  },
  {
    "ID Number": "3011348"
  },
  {
    "ID Number": "3002616"
  },
  {
    "ID Number": "3005151"
  },
  {
    "ID Number": "3012786"
  },
  {
    "ID Number": "3018580"
  },
  {
    "ID Number": "3010597"
  },
  {
    "ID Number": "3006549"
  },
  {
    "ID Number": "3005631"
  },
  {
    "ID Number": "3008410"
  },
  {
    "ID Number": "3015203"
  },
  {
    "ID Number": "3001849"
  },
  {
    "ID Number": "3009556"
  },
  {
    "ID Number": "3000214"
  },
  {
    "ID Number": "3011321"
  },
  {
    "ID Number": "3029158"
  },
  {
    "ID Number": "3006859"
  },
  {
    "ID Number": "3000672"
  },
  {
    "ID Number": "3011410"
  },
  {
    "ID Number": "3012743"
  },
  {
    "ID Number": "3016471"
  },
  {
    "ID Number": "3016463"
  },
  {
    "ID Number": "3016480"
  },
  {
    "ID Number": "3000346"
  },
  {
    "ID Number": "3000397"
  },
  {
    "ID Number": "3000931"
  },
  {
    "ID Number": "3006565"
  },
  {
    "ID Number": "3026833"
  },
  {
    "ID Number": "3006409"
  },
  {
    "ID Number": "3005046"
  },
  {
    "ID Number": "3000362"
  },
  {
    "ID Number": "3029620"
  },
  {
    "ID Number": "3010953"
  },
  {
    "ID Number": "3001814"
  },
  {
    "ID Number": "3004287"
  },
  {
    "ID Number": "3013391"
  },
  {
    "ID Number": "3008983"
  },
  {
    "ID Number": "3004155"
  },
  {
    "ID Number": "3005810"
  },
  {
    "ID Number": "3023273"
  },
  {
    "ID Number": "3018385"
  },
  {
    "ID Number": "3001059"
  },
  {
    "ID Number": "3003612"
  },
  {
    "ID Number": "3009130"
  },
  {
    "ID Number": "3034020"
  },
  {
    "ID Number": "3003094"
  },
  {
    "ID Number": "3010783"
  },
  {
    "ID Number": "3030237"
  },
  {
    "ID Number": "3006204"
  },
  {
    "ID Number": "3016110"
  },
  {
    "ID Number": "3002179"
  },
  {
    "ID Number": "3008371"
  },
  {
    "ID Number": "3025640"
  },
  {
    "ID Number": "3001733"
  },
  {
    "ID Number": "3013995"
  },
  {
    "ID Number": "3009874"
  },
  {
    "ID Number": "3004457"
  },
  {
    "ID Number": "3004392"
  },
  {
    "ID Number": "3012344"
  },
  {
    "ID Number": "3001890"
  },
  {
    "ID Number": "3012751"
  },
  {
    "ID Number": "3000311"
  },
  {
    "ID Number": "3004317"
  },
  {
    "ID Number": "3004813"
  },
  {
    "ID Number": "3002055"
  },
  {
    "ID Number": "3019284"
  },
  {
    "ID Number": "3010805"
  },
  {
    "ID Number": "3004511"
  },
  {
    "ID Number": "3033627"
  },
  {
    "ID Number": "3010228"
  },
  {
    "ID Number": "3032302"
  },
  {
    "ID Number": "3001725"
  },
  {
    "ID Number": "3003639"
  },
  {
    "ID Number": "3004961"
  },
  {
    "ID Number": "3010902"
  },
  {
    "ID Number": "3007944"
  },
  {
    "ID Number": "3020185"
  },
  {
    "ID Number": "3004821"
  },
  {
    "ID Number": "3018326"
  },
  {
    "ID Number": "3007154"
  },
  {
    "ID Number": "3004384"
  },
  {
    "ID Number": "3000699"
  },
  {
    "ID Number": "3017915"
  },
  {
    "ID Number": "3017834"
  },
  {
    "ID Number": "3016811"
  },
  {
    "ID Number": "3001717"
  },
  {
    "ID Number": "3001091"
  },
  {
    "ID Number": "3005836"
  },
  {
    "ID Number": "3007774"
  },
  {
    "ID Number": "3012700"
  },
  {
    "ID Number": "3005666"
  },
  {
    "ID Number": "3007847"
  },
  {
    "ID Number": "3018750"
  },
  {
    "ID Number": "3022595"
  },
  {
    "ID Number": "3008940"
  },
  {
    "ID Number": "3000702"
  },
  {
    "ID Number": "3005682"
  },
  {
    "ID Number": "3002080"
  },
  {
    "ID Number": "3000400"
  },
  {
    "ID Number": "3009734"
  },
  {
    "ID Number": "3022854"
  },
  {
    "ID Number": "3013456"
  },
  {
    "ID Number": "3033368"
  },
  {
    "ID Number": "3021084"
  },
  {
    "ID Number": "3000940"
  },
  {
    "ID Number": "3022862"
  },
  {
    "ID Number": "3015270"
  },
  {
    "ID Number": "3009203"
  },
  {
    "ID Number": "3001440"
  },
  {
    "ID Number": "3005186"
  },
  {
    "ID Number": "3002527"
  },
  {
    "ID Number": "3034372"
  },
  {
    "ID Number": "3000273"
  },
  {
    "ID Number": "3000290"
  },
  {
    "ID Number": "3006093"
  },
  {
    "ID Number": "3011739"
  },
  {
    "ID Number": "3013197"
  },
  {
    "ID Number": "3003973"
  },
  {
    "ID Number": "3012573"
  },
  {
    "ID Number": "3002586"
  },
  {
    "ID Number": "3000737"
  },
  {
    "ID Number": "3013081"
  },
  {
    "ID Number": "3009491"
  },
  {
    "ID Number": "3029581"
  },
  {
    "ID Number": "3026752"
  },
  {
    "ID Number": "3005844"
  },
  {
    "ID Number": "3016692"
  },
  {
    "ID Number": "104019"
  },
  {
    "ID Number": "3014894"
  },
  {
    "ID Number": "3009904"
  },
  {
    "ID Number": "3017060"
  },
  {
    "ID Number": "3014290"
  },
  {
    "ID Number": "3004600"
  },
  {
    "ID Number": "3005178"
  },
  {
    "ID Number": "3000303"
  },
  {
    "ID Number": "3002470"
  },
  {
    "ID Number": "3018733"
  },
  {
    "ID Number": "3005240"
  },
  {
    "ID Number": "3007448"
  },
  {
    "ID Number": "3013952"
  },
  {
    "ID Number": "3011755"
  },
  {
    "ID Number": "3011763"
  },
  {
    "ID Number": "3014339"
  },
  {
    "ID Number": "3001270"
  },
  {
    "ID Number": "3009670"
  },
  {
    "ID Number": "3029891"
  },
  {
    "ID Number": "3024296"
  },
  {
    "ID Number": "3000150"
  },
  {
    "ID Number": "3011275"
  },
  {
    "ID Number": "3004970"
  },
  {
    "ID Number": "3017141"
  },
  {
    "ID Number": "3011780"
  },
  {
    "ID Number": "3029379"
  },
  {
    "ID Number": "3000176"
  },
  {
    "ID Number": "3014800"
  },
  {
    "ID Number": "3013898"
  },
  {
    "ID Number": "3007324"
  },
  {
    "ID Number": "3005690"
  },
  {
    "ID Number": "3031845"
  },
  {
    "ID Number": "3009467"
  },
  {
    "ID Number": "3002888"
  },
  {
    "ID Number": "3005593"
  },
  {
    "ID Number": "3009980"
  },
  {
    "ID Number": "3009572"
  },
  {
    "ID Number": "3022765"
  },
  {
    "ID Number": "3032051"
  },
  {
    "ID Number": "3020010"
  },
  {
    "ID Number": "3010635"
  },
  {
    "ID Number": "3020223"
  },
  {
    "ID Number": "3003914"
  },
  {
    "ID Number": "3002705"
  },
  {
    "ID Number": "3008177"
  },
  {
    "ID Number": "3002136"
  },
  {
    "ID Number": "3017095"
  },
  {
    "ID Number": "3020738"
  },
  {
    "ID Number": "3003060"
  },
  {
    "ID Number": "3007820"
  },
  {
    "ID Number": "3008380"
  },
  {
    "ID Number": "3000958"
  },
  {
    "ID Number": "3004830"
  },
  {
    "ID Number": "3026744"
  },
  {
    "ID Number": "3014738"
  },
  {
    "ID Number": "3013928"
  },
  {
    "ID Number": "3000788"
  },
  {
    "ID Number": "3012204"
  },
  {
    "ID Number": "3002896"
  },
  {
    "ID Number": "171620"
  },
  {
    "ID Number": "3012980"
  },
  {
    "ID Number": "3010287"
  },
  {
    "ID Number": "3008630"
  },
  {
    "ID Number": "3000435"
  },
  {
    "ID Number": "3004988"
  },
  {
    "ID Number": "3000869"
  },
  {
    "ID Number": "3002365"
  },
  {
    "ID Number": "3029905"
  },
  {
    "ID Number": "3016382"
  },
  {
    "ID Number": "3003337"
  },
  {
    "ID Number": "3000460"
  },
  {
    "ID Number": "3000532"
  },
  {
    "ID Number": "3003884"
  },
  {
    "ID Number": "3011674"
  },
  {
    "ID Number": "3005860"
  },
  {
    "ID Number": "3012514"
  },
  {
    "ID Number": "3012530"
  },
  {
    "ID Number": "3018059"
  },
  {
    "ID Number": "3013880"
  },
  {
    "ID Number": "3006778"
  },
  {
    "ID Number": "3028089"
  },
  {
    "ID Number": "3016145"
  },
  {
    "ID Number": "3016617"
  },
  {
    "ID Number": "3035000"
  },
  {
    "ID Number": "3005615"
  },
  {
    "ID Number": "3016064"
  },
  {
    "ID Number": "3020134"
  },
  {
    "ID Number": "3017222"
  },
  {
    "ID Number": "3010848"
  },
  {
    "ID Number": "3004856"
  },
  {
    "ID Number": "3011267"
  },
  {
    "ID Number": "3024288"
  },
  {
    "ID Number": "3009505"
  },
  {
    "ID Number": "3000494"
  },
  {
    "ID Number": "3006379"
  },
  {
    "ID Number": "3029212"
  },
  {
    "ID Number": "3002799"
  },
  {
    "ID Number": "3002063"
  },
  {
    "ID Number": "3007812"
  },
  {
    "ID Number": "3004864"
  },
  {
    "ID Number": "3006328"
  },
  {
    "ID Number": "3000478"
  },
  {
    "ID Number": "3002918"
  },
  {
    "ID Number": "3018075"
  },
  {
    "ID Number": "3016870"
  },
  {
    "ID Number": "3006573"
  },
  {
    "ID Number": "3033619"
  },
  {
    "ID Number": "3034801"
  },
  {
    "ID Number": "3020002"
  },
  {
    "ID Number": "3002683"
  },
  {
    "ID Number": "3004538"
  },
  {
    "ID Number": "3002691"
  },
  {
    "ID Number": "3002071"
  },
  {
    "ID Number": "3013987"
  },
  {
    "ID Number": "3001458"
  },
  {
    "ID Number": "3010643"
  },
  {
    "ID Number": "3017630"
  },
  {
    "ID Number": "3018946"
  },
  {
    "ID Number": "3030750"
  },
  {
    "ID Number": "1227882"
  },
  {
    "ID Number": "3000044"
  },
  {
    "ID Number": "3000257"
  },
  {
    "ID Number": "3001610"
  },
  {
    "ID Number": "3009114"
  },
  {
    "ID Number": "3011640"
  },
  {
    "ID Number": "3012247"
  },
  {
    "ID Number": "3003035"
  },
  {
    "ID Number": "3018954"
  },
  {
    "ID Number": "3009530"
  },
  {
    "ID Number": "3004139"
  },
  {
    "ID Number": "3001636"
  },
  {
    "ID Number": "3005887"
  },
  {
    "ID Number": "3028607"
  },
  {
    "ID Number": "3000222"
  },
  {
    "ID Number": "3010651"
  },
  {
    "ID Number": "3009394"
  },
  {
    "ID Number": "3001750"
  },
  {
    "ID Number": "3003000"
  },
  {
    "ID Number": "3000508"
  },
  {
    "ID Number": "3004546"
  },
  {
    "ID Number": "3001520"
  },
  {
    "ID Number": "3010260"
  },
  {
    "ID Number": "3015777"
  },
  {
    "ID Number": "3001547"
  },
  {
    "ID Number": "3024121"
  },
  {
    "ID Number": "3004228"
  },
  {
    "ID Number": "3019160"
  },
  {
    "ID Number": "3011070"
  },
  {
    "ID Number": "3002357"
  },
  {
    "ID Number": "3005348"
  },
  {
    "ID Number": "3006450"
  },
  {
    "ID Number": "3008045"
  },
  {
    "ID Number": "3022170"
  },
  {
    "ID Number": "3003558"
  },
  {
    "ID Number": "3014274"
  },
  {
    "ID Number": "3003809"
  },
  {
    "ID Number": "3020460"
  },
  {
    "ID Number": "3001318"
  },
  {
    "ID Number": "3018300"
  },
  {
    "ID Number": "3015173"
  },
  {
    "ID Number": "3035050"
  },
  {
    "ID Number": "3020169"
  },
  {
    "ID Number": "3022986"
  },
  {
    "ID Number": "3021840"
  },
  {
    "ID Number": "3004082"
  },
  {
    "ID Number": "3034003"
  },
  {
    "ID Number": "3003930"
  },
  {
    "ID Number": "3022773"
  },
  {
    "ID Number": "3004880"
  },
  {
    "ID Number": "3000117"
  },
  {
    "ID Number": "3010295"
  },
  {
    "ID Number": "3007570"
  },
  {
    "ID Number": "3017400"
  },
  {
    "ID Number": "3009785"
  },
  {
    "ID Number": "3004066"
  },
  {
    "ID Number": "3007170"
  },
  {
    "ID Number": "3001555"
  },
  {
    "ID Number": "3015009"
  },
  {
    "ID Number": "3017435"
  },
  {
    "ID Number": "3029417"
  },
  {
    "ID Number": "3014827"
  },
  {
    "ID Number": "3004015"
  },
  {
    "ID Number": "3015289"
  },
  {
    "ID Number": "3005895"
  },
  {
    "ID Number": "3011569"
  },
  {
    "ID Number": "3006182"
  },
  {
    "ID Number": "3002373"
  },
  {
    "ID Number": "3003663"
  },
  {
    "ID Number": "3000559"
  },
  {
    "ID Number": "3008827"
  },
  {
    "ID Number": "3022889"
  },
  {
    "ID Number": "3024253"
  },
  {
    "ID Number": "3005704"
  },
  {
    "ID Number": "32038500"
  },
  {
    "ID Number": "3022269"
  },
  {
    "ID Number": "3032388"
  },
  {
    "ID Number": "3027287"
  },
  {
    "ID Number": "3019187"
  },
  {
    "ID Number": "3014444"
  },
  {
    "ID Number": "3005216"
  },
  {
    "ID Number": "3034550"
  },
  {
    "ID Number": "3017036"
  },
  {
    "ID Number": "3016994"
  },
  {
    "ID Number": "4675789"
  },
  {
    "ID Number": "3000265"
  },
  {
    "ID Number": "3003370"
  },
  {
    "ID Number": "3005755"
  },
  {
    "ID Number": "3001571"
  },
  {
    "ID Number": "3018407"
  },
  {
    "ID Number": "3015130"
  },
  {
    "ID Number": "3018180"
  },
  {
    "ID Number": "3004333"
  },
  {
    "ID Number": "3009742"
  },
  {
    "ID Number": "3003671"
  },
  {
    "ID Number": "3011941"
  },
  {
    "ID Number": "3026922"
  },
  {
    "ID Number": "3008193"
  },
  {
    "ID Number": "103373"
  },
  {
    "ID Number": "3010210"
  },
  {
    "ID Number": "3034500"
  },
  {
    "ID Number": "3007120"
  },
  {
    "ID Number": "3017281"
  },
  {
    "ID Number": "3005577"
  },
  {
    "ID Number": "3022579"
  },
  {
    "ID Number": "3003043"
  },
  {
    "ID Number": "3018962"
  },
  {
    "ID Number": "3019012"
  },
  {
    "ID Number": "3008835"
  },
  {
    "ID Number": "3002101"
  },
  {
    "ID Number": "3014193"
  },
  {
    "ID Number": "3012352"
  },
  {
    "ID Number": "3001768"
  },
  {
    "ID Number": "3008401"
  },
  {
    "ID Number": "3000486"
  },
  {
    "ID Number": "3001253"
  },
  {
    "ID Number": "3020584"
  },
  {
    "ID Number": "3002250"
  },
  {
    "ID Number": "3023630"
  },
  {
    "ID Number": "3017125"
  },
  {
    "ID Number": "3005712"
  },
  {
    "ID Number": "3000923"
  },
  {
    "ID Number": "3001334"
  },
  {
    "ID Number": "3024032"
  },
  {
    "ID Number": "3009548"
  },
  {
    "ID Number": "3012220"
  },
  {
    "ID Number": "3021122"
  },
  {
    "ID Number": "3017877"
  },
  {
    "ID Number": "3024946"
  },
  {
    "ID Number": "3008649"
  },
  {
    "ID Number": "3000885"
  },
  {
    "ID Number": "3007600"
  },
  {
    "ID Number": "3011313"
  },
  {
    "ID Number": "3035263"
  },
  {
    "ID Number": "3016153"
  },
  {
    "ID Number": "3035255"
  },
  {
    "ID Number": "3035018"
  },
  {
    "ID Number": "3010066"
  },
  {
    "ID Number": "3021050"
  },
  {
    "ID Number": "3004899"
  },
  {
    "ID Number": "3016285"
  },
  {
    "ID Number": "3015840"
  },
  {
    "ID Number": "3011046"
  },
  {
    "ID Number": "3008584"
  },
  {
    "ID Number": "3011283"
  },
  {
    "ID Number": "3006476"
  },
  {
    "ID Number": "3006000"
  },
  {
    "ID Number": "3008657"
  },
  {
    "ID Number": "3009220"
  },
  {
    "ID Number": "3024342"
  },
  {
    "ID Number": "3012034"
  },
  {
    "ID Number": "3023974"
  },
  {
    "ID Number": "3022234"
  },
  {
    "ID Number": "3023443"
  },
  {
    "ID Number": "3018709"
  },
  {
    "ID Number": "3014207"
  },
  {
    "ID Number": "3024261"
  },
  {
    "ID Number": "3027333"
  },
  {
    "ID Number": "3003191"
  },
  {
    "ID Number": "3001466"
  },
  {
    "ID Number": "3018334"
  },
  {
    "ID Number": "3000451"
  },
  {
    "ID Number": "3017893"
  },
  {
    "ID Number": "3015505"
  },
  {
    "ID Number": "3004244"
  },
  {
    "ID Number": "3004350"
  },
  {
    "ID Number": "3007197"
  },
  {
    "ID Number": "3003493"
  },
  {
    "ID Number": "3005917"
  },
  {
    "ID Number": "3029603"
  },
  {
    "ID Number": "3019608"
  },
  {
    "ID Number": "3010473"
  },
  {
    "ID Number": "3021653"
  },
  {
    "ID Number": "3018970"
  },
  {
    "ID Number": "3008959"
  },
  {
    "ID Number": "3029220"
  },
  {
    "ID Number": "3010317"
  },
  {
    "ID Number": "3019250"
  },
  {
    "ID Number": "3010414"
  },
  {
    "ID Number": "3006140"
  },
  {
    "ID Number": "3003485"
  },
  {
    "ID Number": "3000540"
  },
  {
    "ID Number": "3006867"
  },
  {
    "ID Number": "3006930"
  },
  {
    "ID Number": "3002748"
  },
  {
    "ID Number": "3004147"
  },
  {
    "ID Number": "3035034"
  },
  {
    "ID Number": "3013030"
  },
  {
    "ID Number": "3010481"
  },
  {
    "ID Number": "3010449"
  },
  {
    "ID Number": "3014770"
  },
  {
    "ID Number": "3036588"
  },
  {
    "ID Number": "3009939"
  },
  {
    "ID Number": "3009920"
  },
  {
    "ID Number": "3006956"
  },
  {
    "ID Number": "3000826"
  },
  {
    "ID Number": "3007693"
  },
  {
    "ID Number": "3008916"
  },
  {
    "ID Number": "3005089"
  },
  {
    "ID Number": "3010309"
  },
  {
    "ID Number": "3022811"
  },
  {
    "ID Number": "3031330"
  },
  {
    "ID Number": "3004902"
  },
  {
    "ID Number": "3006239"
  },
  {
    "ID Number": "3013278"
  },
  {
    "ID Number": "3012735"
  },
  {
    "ID Number": "3000052"
  },
  {
    "ID Number": "3018989"
  },
  {
    "ID Number": "3000427"
  },
  {
    "ID Number": "3016587"
  },
  {
    "ID Number": "3031438"
  },
  {
    "ID Number": "3028291"
  },
  {
    "ID Number": "3008142"
  },
  {
    "ID Number": "101710"
  },
  {
    "ID Number": "3006492"
  },
  {
    "ID Number": "3004910"
  },
  {
    "ID Number": "3012158"
  },
  {
    "ID Number": "3002950"
  },
  {
    "ID Number": "3007685"
  },
  {
    "ID Number": "3005062"
  },
  {
    "ID Number": "3004759"
  },
  {
    "ID Number": "3004180"
  },
  {
    "ID Number": "3002004"
  },
  {
    "ID Number": "3020436"
  },
  {
    "ID Number": "3011682"
  },
  {
    "ID Number": "3031683"
  },
  {
    "ID Number": "3012930"
  },
  {
    "ID Number": "3013758"
  },
  {
    "ID Number": "3010686"
  },
  {
    "ID Number": "3003353"
  },
  {
    "ID Number": "3000010"
  },
  {
    "ID Number": "3001989"
  },
  {
    "ID Number": "3006824"
  },
  {
    "ID Number": "3015823"
  },
  {
    "ID Number": "3000591"
  },
  {
    "ID Number": "3006352"
  },
  {
    "ID Number": "3006360"
  },
  {
    "ID Number": "3008231"
  },
  {
    "ID Number": "3002969"
  },
  {
    "ID Number": "3001903"
  },
  {
    "ID Number": "3012336"
  },
  {
    "ID Number": "3007111"
  },
  {
    "ID Number": "3009661"
  },
  {
    "ID Number": "3029263"
  },
  {
    "ID Number": "3000028"
  },
  {
    "ID Number": "3007758"
  },
  {
    "ID Number": "3000338"
  },
  {
    "ID Number": "3008169"
  },
  {
    "ID Number": "3010589"
  },
  {
    "ID Number": "3005933"
  },
  {
    "ID Number": "3011119"
  },
  {
    "ID Number": "3016919"
  },
  {
    "ID Number": "3001504"
  },
  {
    "ID Number": "3010660"
  },
  {
    "ID Number": "3007405"
  },
  {
    "ID Number": "3000761"
  },
  {
    "ID Number": "3014380"
  },
  {
    "ID Number": "3001032"
  },
  {
    "ID Number": "3029026"
  },
  {
    "ID Number": "3003086"
  },
  {
    "ID Number": "3003876"
  },
  {
    "ID Number": "3011666"
  },
  {
    "ID Number": "3015220"
  },
  {
    "ID Number": "3000729"
  },
  {
    "ID Number": "3006875"
  },
  {
    "ID Number": "3018717"
  },
  {
    "ID Number": "3019411"
  },
  {
    "ID Number": "3002608"
  },
  {
    "ID Number": "3004724"
  },
  {
    "ID Number": "3011496"
  },
  {
    "ID Number": "3003434"
  },
  {
    "ID Number": "3011232"
  },
  {
    "ID Number": "3010023"
  },
  {
    "ID Number": "3018172"
  },
  {
    "ID Number": "3006247"
  },
  {
    "ID Number": "3004945"
  },
  {
    "ID Number": "3013235"
  },
  {
    "ID Number": "3009068"
  },
  {
    "ID Number": "3013316"
  },
  {
    "ID Number": "3024245"
  },
  {
    "ID Number": "3006794"
  },
  {
    "ID Number": "3011968"
  },
  {
    "ID Number": "3024237"
  },
  {
    "ID Number": "3000575"
  },
  {
    "ID Number": "3014681"
  },
  {
    "ID Number": "3022919"
  },
  {
    "ID Number": "3022900"
  },
  {
    "ID Number": "3021874"
  },
  {
    "ID Number": "3014053"
  },
  {
    "ID Number": "3019578"
  },
  {
    "ID Number": "3001083"
  },
  {
    "ID Number": "3033376"
  },
  {
    "ID Number": "3016935"
  },
  {
    "ID Number": "3004171"
  },
  {
    "ID Number": "3020517"
  },
  {
    "ID Number": "3010813"
  },
  {
    "ID Number": "3000753"
  },
  {
    "ID Number": "3021718"
  },
  {
    "ID Number": "3000982"
  },
  {
    "ID Number": "3000354"
  },
  {
    "ID Number": "3018652"
  },
  {
    "ID Number": "3010341"
  },
  {
    "ID Number": "3015017"
  },
  {
    "ID Number": "3003833"
  },
  {
    "ID Number": "3015831"
  },
  {
    "ID Number": "3001245"
  },
  {
    "ID Number": "3016927"
  },
  {
    "ID Number": "3007634"
  },
  {
    "ID Number": "3019233"
  },
  {
    "ID Number": "3015246"
  },
  {
    "ID Number": "3012379"
  },
  {
    "ID Number": "3007642"
  },
  {
    "ID Number": "3007081"
  },
  {
    "ID Number": "3006522"
  },
  {
    "ID Number": "3003566"
  },
  {
    "ID Number": "3023265"
  },
  {
    "ID Number": "3005607"
  },
  {
    "ID Number": "3010678"
  },
  {
    "ID Number": "3009866"
  },
  {
    "ID Number": "3001237"
  },
  {
    "ID Number": "3020371"
  },
  {
    "ID Number": "3002187"
  },
  {
    "ID Number": "3004260"
  },
  {
    "ID Number": "3019993"
  },
  {
    "ID Number": "3007502"
  },
  {
    "ID Number": "3021149"
  },
  {
    "ID Number": "3014762"
  },
  {
    "ID Number": "3012069"
  },
  {
    "ID Number": "3013502"
  },
  {
    "ID Number": "3006174"
  },
  {
    "ID Number": "3008509"
  },
  {
    "ID Number": "3014908"
  },
  {
    "ID Number": "3011976"
  },
  {
    "ID Number": "3018113"
  },
  {
    "ID Number": "3003159"
  },
  {
    "ID Number": "3010830"
  },
  {
    "ID Number": "3000974"
  },
  {
    "ID Number": "3029050"
  },
  {
    "ID Number": "3001040"
  },
  {
    "ID Number": "3001377"
  },
  {
    "ID Number": "3001369"
  },
  {
    "ID Number": "3009564"
  },
  {
    "ID Number": "3006905"
  },
  {
    "ID Number": "3006913"
  },
  {
    "ID Number": "3013901"
  },
  {
    "ID Number": "3013260"
  },
  {
    "ID Number": "3002098"
  },
  {
    "ID Number": "3021610"
  },
  {
    "ID Number": "3028305"
  },
  {
    "ID Number": "3019519"
  },
  {
    "ID Number": "3003345"
  },
  {
    "ID Number": "3007677"
  },
  {
    "ID Number": "3020509"
  },
  {
    "ID Number": "3001776"
  },
  {
    "ID Number": "3014215"
  },
  {
    "ID Number": "3007669"
  },
  {
    "ID Number": "3007030"
  },
  {
    "ID Number": "3027619"
  },
  {
    "ID Number": "3012719"
  },
  {
    "ID Number": "3000990"
  },
  {
    "ID Number": "3022242"
  },
  {
    "ID Number": "3021173"
  },
  {
    "ID Number": "3002322"
  },
  {
    "ID Number": "3017605"
  },
  {
    "ID Number": "3010708"
  },
  {
    "ID Number": "3001202"
  },
  {
    "ID Number": "3014061"
  },
  {
    "ID Number": "3001873"
  },
  {
    "ID Number": "3011402"
  },
  {
    "ID Number": "3000630"
  },
  {
    "ID Number": "3016056"
  },
  {
    "ID Number": "3031519"
  },
  {
    "ID Number": "3020126"
  },
  {
    "ID Number": "3017230"
  },
  {
    "ID Number": "3014371"
  },
  {
    "ID Number": "3009157"
  },
  {
    "ID Number": "3006620"
  },
  {
    "ID Number": "3006638"
  },
  {
    "ID Number": "3020592"
  },
  {
    "ID Number": "3004953"
  },
  {
    "ID Number": "3001997"
  },
  {
    "ID Number": "3021912"
  }
]