[
  {
    "ID Number": "9800115",
    "Name": "Accouche, Andry",
    "Fed": "SEY",
    "Sex": "M",
    "Title": "",
    "WTit": "",
    "OTit": "",
    "FOA": "1797",
    "Rating": "AUG25",
    "Gms": "0",
    "K": "40",
    "B-day": "1993",
    "Flag": "i"
  },
  {
    "ID Number": "9800417",
    "Name": "Adeline, Liza",
    "Fed": "SEY",
    "Sex": "F",
    "Title": "",
    "WTit": "",
    "OTit": "",
    "FOA": "1632",
    "Rating": "AUG25",
    "Gms": "0",
    "K": "40",
    "B-day": "2002",
    "Flag": "wi"
  },
  {
    "ID Number": "9800514",
    "Name": "Bistoe, Angelo",
    "Fed": "SEY",
    "Sex": "M",
    "Title": "",
    "WTit": "",
    "OTit": "",
    "FOA": "1533",
    "Rating": "AUG25",
    "Gms": "0",
    "K": "40",
    "B-day": "2003",
    "Flag": "i"
  },
  {
    "ID Number": "9800700",
    "Name": "Bonne, Robin",
    "Fed": "SEY",
    "Sex": "M",
    "Title": "",
    "WTit": "",
    "OTit": "",
    "FOA": "1514",
    "Rating": "AUG25",
    "Gms": "0",
    "K": "40",
    "B-day": "1971",
    "Flag": ""
  },
  {
    "ID Number": "9800123",
    "Name": "Constance, Ryan",
    "Fed": "SEY",
    "Sex": "M",
    "Title": "",
    "WTit": "",
    "OTit": "",
    "FOA": "1828",
    "Rating": "AUG25",
    "Gms": "0",
    "K": "40",
    "B-day": "0",
    "Flag": "i"
  },
  {
    "ID Number": "9800182",
    "Name": "Contoret, Bernardette Claudia",
    "Fed": "SEY",
    "Sex": "F",
    "Title": "",
    "WTit": "",
    "OTit": "",
    "FOA": "1489",
    "Rating": "AUG25",
    "Gms": "0",
    "K": "40",
    "B-day": "1964",
    "Flag": "wi"
  },
  {
    "ID Number": "9800034",
    "Name": "Figaro, Dericka",
    "Fed": "SEY",
    "Sex": "F",
    "Title": "WCM",
    "WTit": "WCM",
    "OTit": "",
    "FOA": "1767",
    "Rating": "AUG25",
    "Gms": "0",
    "K": "20",
    "B-day": "1994",
    "Flag": "wi"
  },
  {
    "ID Number": "9800069",
    "Name": "Hoareau, Benjamin",
    "Fed": "SEY",
    "Sex": "M",
    "Title": "CM",
    "WTit": "",
    "OTit": "",
    "FOA": "1838",
    "Rating": "AUG25",
    "Gms": "0",
    "K": "20",
    "B-day": "1982",
    "Flag": "i"
  },
  {
    "ID Number": "9800050",
    "Name": "Hoareau, Patricia",
    "Fed": "SEY",
    "Sex": "F",
    "Title": "",
    "WTit": "",
    "OTit": "",
    "FOA": "2035",
    "Rating": "AUG25",
    "Gms": "0",
    "K": "40",
    "B-day": "0",
    "Flag": "wi"
  },
  {
    "ID Number": "9800093",
    "Name": "Hoareau, Rachelle",
    "Fed": "SEY",
    "Sex": "F",
    "Title": "",
    "WTit": "",
    "OTit": "",
    "FOA": "1588",
    "Rating": "AUG25",
    "Gms": "0",
    "K": "40",
    "B-day": "1955",
    "Flag": "w"
  },
  {
    "ID Number": "9800352",
    "Name": "Kate, Timothy",
    "Fed": "SEY",
    "Sex": "M",
    "Title": "",
    "WTit": "",
    "OTit": "",
    "FOA": "1772",
    "Rating": "AUG25",
    "Gms": "0",
    "K": "40",
    "B-day": "1997",
    "Flag": "i"
  },
  {
    "ID Number": "9800042",
    "Name": "Kimende, Ralph",
    "Fed": "SEY",
    "Sex": "M",
    "Title": "",
    "WTit": "",
    "OTit": "",
    "FOA": "2166",
    "Rating": "AUG25",
    "Gms": "0",
    "K": "40",
    "B-day": "0",
    "Flag": "i"
  },
  {
    "ID Number": "9800018",
    "Name": "Lawen, Greg",
    "Fed": "SEY",
    "Sex": "M",
    "Title": "",
    "WTit": "",
    "OTit": "",
    "FOA": "2200",
    "Rating": "AUG25",
    "Gms": "0",
    "K": "40",
    "B-day": "0",
    "Flag": "i"
  },
  {
    "ID Number": "9800158",
    "Name": "Meier, Peter",
    "Fed": "SEY",
    "Sex": "M",
    "Title": "CM",
    "WTit": "",
    "OTit": "",
    "FOA": "2032",
    "Rating": "AUG25",
    "Gms": "0",
    "K": "20",
    "B-day": "1985",
    "Flag": ""
  },
  {
    "ID Number": "9800026",
    "Name": "Payet, Amelie",
    "Fed": "SEY",
    "Sex": "F",
    "Title": "",
    "WTit": "",
    "OTit": "",
    "FOA": "2018",
    "Rating": "AUG25",
    "Gms": "0",
    "K": "40",
    "B-day": "0",
    "Flag": "wi"
  },
  {
    "ID Number": "9800336",
    "Name": "Pillay, Harish",
    "Fed": "SEY",
    "Sex": "M",
    "Title": "",
    "WTit": "",
    "OTit": "",
    "FOA": "1557",
    "Rating": "AUG25",
    "Gms": "0",
    "K": "40",
    "B-day": "2003",
    "Flag": ""
  },
  {
    "ID Number": "9800174",
    "Name": "Pillay, Ragul",
    "Fed": "SEY",
    "Sex": "M",
    "Title": "CM",
    "WTit": "",
    "OTit": "",
    "FOA": "1616",
    "Rating": "AUG25",
    "Gms": "0",
    "K": "20",
    "B-day": "1994",
    "Flag": ""
  },
  {
    "ID Number": "24613959",
    "Name": "Stratonowitsch, Andre",
    "Fed": "SEY",
    "Sex": "M",
    "Title": "FM",
    "WTit": "",
    "OTit": "",
    "FOA": "2166",
    "Rating": "AUG25",
    "Gms": "0",
    "K": "20",
    "B-day": "1986",
    "Flag": ""
  },
  {
    "ID Number": "9800166",
    "Name": "Zialor, Michel",
    "Fed": "SEY",
    "Sex": "M",
    "Title": "",
    "WTit": "",
    "OTit": "",
    "FOA": "1967",
    "Rating": "AUG25",
    "Gms": "0",
    "K": "40",
    "B-day": "1981",
    "Flag": "i"
  }
]