[
  {
    "ID Number": "5257778"
  },
  {
    "ID Number": "5224691"
  },
  {
    "ID Number": "521041482"
  },
  {
    "ID Number": "5216320"
  },
  {
    "ID Number": "5296684"
  },
  {
    "ID Number": "521053596"
  },
  {
    "ID Number": "5299993"
  },
  {
    "ID Number": "5246873"
  },
  {
    "ID Number": "5200881"
  },
  {
    "ID Number": "5246407"
  },
  {
    "ID Number": "5219639"
  },
  {
    "ID Number": "5296285"
  },
  {
    "ID Number": "5267129"
  },
  {
    "ID Number": "5261503"
  },
  {
    "ID Number": "5272254"
  },
  {
    "ID Number": "5207169"
  },
  {
    "ID Number": "5200903"
  },
  {
    "ID Number": "5218195"
  },
  {
    "ID Number": "5247144"
  },
  {
    "ID Number": "5200970"
  },
  {
    "ID Number": "521011877"
  },
  {
    "ID Number": "521021457"
  },
  {
    "ID Number": "521024731"
  },
  {
    "ID Number": "5262275"
  },
  {
    "ID Number": "5262283"
  },
  {
    "ID Number": "5211182"
  },
  {
    "ID Number": "5220459"
  },
  {
    "ID Number": "5255376"
  },
  {
    "ID Number": "11202645"
  },
  {
    "ID Number": "11202653"
  },
  {
    "ID Number": "521013390"
  },
  {
    "ID Number": "5213266"
  },
  {
    "ID Number": "5233135"
  },
  {
    "ID Number": "5200512"
  },
  {
    "ID Number": "5283426"
  },
  {
    "ID Number": "521009252"
  },
  {
    "ID Number": "5207711"
  },
  {
    "ID Number": "521049998"
  },
  {
    "ID Number": "521012300"
  },
  {
    "ID Number": "5265428"
  },
  {
    "ID Number": "5290767"
  },
  {
    "ID Number": "5239141"
  },
  {
    "ID Number": "521061068"
  },
  {
    "ID Number": "5270111"
  },
  {
    "ID Number": "5237815"
  },
  {
    "ID Number": "5276748"
  },
  {
    "ID Number": "5269091"
  },
  {
    "ID Number": "5262461"
  },
  {
    "ID Number": "5220505"
  },
  {
    "ID Number": "5230373"
  },
  {
    "ID Number": "521027056"
  },
  {
    "ID Number": "5255767"
  },
  {
    "ID Number": "5224713"
  },
  {
    "ID Number": "5246105"
  },
  {
    "ID Number": "521041407"
  },
  {
    "ID Number": "5281334"
  },
  {
    "ID Number": "5216672"
  },
  {
    "ID Number": "115203512"
  },
  {
    "ID Number": "5235057"
  },
  {
    "ID Number": "5227976"
  },
  {
    "ID Number": "5286271"
  },
  {
    "ID Number": "5212588"
  },
  {
    "ID Number": "5290775"
  },
  {
    "ID Number": "5279488"
  },
  {
    "ID Number": "521021988"
  },
  {
    "ID Number": "5221730"
  },
  {
    "ID Number": "5259070"
  },
  {
    "ID Number": "521034850"
  },
  {
    "ID Number": "5275156"
  },
  {
    "ID Number": "521043060"
  },
  {
    "ID Number": "5275164"
  },
  {
    "ID Number": "5265193"
  },
  {
    "ID Number": "5265177"
  },
  {
    "ID Number": "5284988"
  },
  {
    "ID Number": "5261937"
  },
  {
    "ID Number": "5242061"
  },
  {
    "ID Number": "5218004"
  },
  {
    "ID Number": "5217288"
  },
  {
    "ID Number": "5217512"
  },
  {
    "ID Number": "5204488"
  },
  {
    "ID Number": "5254779"
  },
  {
    "ID Number": "521027641"
  },
  {
    "ID Number": "5276845"
  },
  {
    "ID Number": "5224357"
  },
  {
    "ID Number": "5217822"
  },
  {
    "ID Number": "521016267"
  },
  {
    "ID Number": "5220513"
  },
  {
    "ID Number": "5218772"
  },
  {
    "ID Number": "5207924"
  },
  {
    "ID Number": "5274222"
  },
  {
    "ID Number": "5221757"
  },
  {
    "ID Number": "5210615"
  },
  {
    "ID Number": "5224314"
  },
  {
    "ID Number": "5220017"
  },
  {
    "ID Number": "5227194"
  },
  {
    "ID Number": "5227208"
  },
  {
    "ID Number": "5265444"
  },
  {
    "ID Number": "5280052"
  },
  {
    "ID Number": "5235723"
  },
  {
    "ID Number": "521010196"
  },
  {
    "ID Number": "5211506"
  },
  {
    "ID Number": "5207215"
  },
  {
    "ID Number": "521007055"
  },
  {
    "ID Number": "5254477"
  },
  {
    "ID Number": "5247837"
  },
  {
    "ID Number": "5247845"
  },
  {
    "ID Number": "5229707"
  },
  {
    "ID Number": "5229464"
  },
  {
    "ID Number": "5229529"
  },
  {
    "ID Number": "5225752"
  },
  {
    "ID Number": "521020809"
  },
  {
    "ID Number": "5232589"
  },
  {
    "ID Number": "5224438"
  },
  {
    "ID Number": "5235669"
  },
  {
    "ID Number": "5268850"
  },
  {
    "ID Number": "5245273"
  },
  {
    "ID Number": "5233496"
  },
  {
    "ID Number": "5219990"
  },
  {
    "ID Number": "521055530"
  },
  {
    "ID Number": "521025924"
  },
  {
    "ID Number": "5207908"
  },
  {
    "ID Number": "5295009"
  },
  {
    "ID Number": "5217164"
  },
  {
    "ID Number": "5200032"
  },
  {
    "ID Number": "5231213"
  },
  {
    "ID Number": "521036381"
  },
  {
    "ID Number": "5253578"
  },
  {
    "ID Number": "5229715"
  },
  {
    "ID Number": "521037760"
  },
  {
    "ID Number": "5238803"
  },
  {
    "ID Number": "5290341"
  },
  {
    "ID Number": "5201276"
  },
  {
    "ID Number": "5206839"
  },
  {
    "ID Number": "521053790"
  },
  {
    "ID Number": "5265479"
  },
  {
    "ID Number": "115203700"
  },
  {
    "ID Number": "521016771"
  },
  {
    "ID Number": "5221293"
  },
  {
    "ID Number": "5220521"
  },
  {
    "ID Number": "521063281"
  },
  {
    "ID Number": "5247179"
  },
  {
    "ID Number": "5258138"
  },
  {
    "ID Number": "521018278"
  },
  {
    "ID Number": "5254515"
  },
  {
    "ID Number": "521018944"
  },
  {
    "ID Number": "5235006"
  },
  {
    "ID Number": "5230381"
  },
  {
    "ID Number": "5237831"
  },
  {
    "ID Number": "5238005"
  },
  {
    "ID Number": "521015988"
  },
  {
    "ID Number": "521061653"
  },
  {
    "ID Number": "5201284"
  },
  {
    "ID Number": "521067465"
  },
  {
    "ID Number": "5262054"
  },
  {
    "ID Number": "521019835"
  },
  {
    "ID Number": "5247136"
  },
  {
    "ID Number": "521031967"
  },
  {
    "ID Number": "521017310"
  },
  {
    "ID Number": "5232635"
  },
  {
    "ID Number": "5205379"
  },
  {
    "ID Number": "5216583"
  },
  {
    "ID Number": "5212952"
  },
  {
    "ID Number": "521006725"
  },
  {
    "ID Number": "5215358"
  },
  {
    "ID Number": "5280214"
  },
  {
    "ID Number": "5219485"
  },
  {
    "ID Number": "5203562"
  },
  {
    "ID Number": "5297923"
  },
  {
    "ID Number": "5227224"
  },
  {
    "ID Number": "521069298"
  },
  {
    "ID Number": "521012369"
  },
  {
    "ID Number": "521031428"
  },
  {
    "ID Number": "5285763"
  },
  {
    "ID Number": "5209129"
  },
  {
    "ID Number": "5250790"
  },
  {
    "ID Number": "5265231"
  },
  {
    "ID Number": "5220327"
  },
  {
    "ID Number": "521010960"
  },
  {
    "ID Number": "5217636"
  },
  {
    "ID Number": "5229499"
  },
  {
    "ID Number": "521000573"
  },
  {
    "ID Number": "5292310"
  },
  {
    "ID Number": "5283930"
  },
  {
    "ID Number": "5246857"
  },
  {
    "ID Number": "5286743"
  },
  {
    "ID Number": "5234905"
  },
  {
    "ID Number": "5231841"
  },
  {
    "ID Number": "5229545"
  },
  {
    "ID Number": "5231728"
  },
  {
    "ID Number": "5232228"
  },
  {
    "ID Number": "5231817"
  },
  {
    "ID Number": "5209137"
  },
  {
    "ID Number": "5259118"
  },
  {
    "ID Number": "5226066"
  },
  {
    "ID Number": "5200334"
  },
  {
    "ID Number": "521020507"
  },
  {
    "ID Number": "5261805"
  },
  {
    "ID Number": "521027129"
  },
  {
    "ID Number": "5270170"
  },
  {
    "ID Number": "5231795"
  },
  {
    "ID Number": "5249031"
  },
  {
    "ID Number": "5279780"
  },
  {
    "ID Number": "521061084"
  },
  {
    "ID Number": "5232236"
  },
  {
    "ID Number": "5247292"
  },
  {
    "ID Number": "5216230"
  },
  {
    "ID Number": "521027072"
  },
  {
    "ID Number": "115111591"
  },
  {
    "ID Number": "5220394"
  },
  {
    "ID Number": "5253314"
  },
  {
    "ID Number": "5201527"
  },
  {
    "ID Number": "521010919"
  },
  {
    "ID Number": "5217083"
  },
  {
    "ID Number": "5203570"
  },
  {
    "ID Number": "5248442"
  },
  {
    "ID Number": "5264979"
  },
  {
    "ID Number": "521027501"
  },
  {
    "ID Number": "5231221"
  },
  {
    "ID Number": "5222052"
  },
  {
    "ID Number": "5276543"
  },
  {
    "ID Number": "5274338"
  },
  {
    "ID Number": "521034869"
  },
  {
    "ID Number": "521013039"
  },
  {
    "ID Number": "521004463"
  },
  {
    "ID Number": "5239575"
  },
  {
    "ID Number": "5278074"
  },
  {
    "ID Number": "5203597"
  },
  {
    "ID Number": "5225710"
  },
  {
    "ID Number": "5229723"
  },
  {
    "ID Number": "5266815"
  },
  {
    "ID Number": "5248523"
  },
  {
    "ID Number": "5203600"
  },
  {
    "ID Number": "5202426"
  },
  {
    "ID Number": "521025762"
  },
  {
    "ID Number": "5296331"
  },
  {
    "ID Number": "5292328"
  },
  {
    "ID Number": "5292573"
  },
  {
    "ID Number": "5200938"
  },
  {
    "ID Number": "5200520"
  },
  {
    "ID Number": "5298725"
  },
  {
    "ID Number": "5298512"
  },
  {
    "ID Number": "5230845"
  },
  {
    "ID Number": "521027196"
  },
  {
    "ID Number": "5272343"
  },
  {
    "ID Number": "5259770"
  },
  {
    "ID Number": "521022135"
  },
  {
    "ID Number": "5281148"
  },
  {
    "ID Number": "521041989"
  },
  {
    "ID Number": "5230101"
  },
  {
    "ID Number": "5201640"
  },
  {
    "ID Number": "5272378"
  },
  {
    "ID Number": "5232600"
  },
  {
    "ID Number": "5200059"
  },
  {
    "ID Number": "5296340"
  },
  {
    "ID Number": "5232104"
  },
  {
    "ID Number": "521017328"
  },
  {
    "ID Number": "5224764"
  },
  {
    "ID Number": "5268150"
  },
  {
    "ID Number": "5216346"
  },
  {
    "ID Number": "5229928"
  },
  {
    "ID Number": "5208815"
  },
  {
    "ID Number": "5244234"
  },
  {
    "ID Number": "521042390"
  },
  {
    "ID Number": "521005664"
  },
  {
    "ID Number": "5258677"
  },
  {
    "ID Number": "5259126"
  },
  {
    "ID Number": "5222150"
  },
  {
    "ID Number": "5234662"
  },
  {
    "ID Number": "5206863"
  },
  {
    "ID Number": "521033145"
  },
  {
    "ID Number": "5264782"
  },
  {
    "ID Number": "521065128"
  },
  {
    "ID Number": "5261899"
  },
  {
    "ID Number": "5259134"
  },
  {
    "ID Number": "5292816"
  },
  {
    "ID Number": "5249775"
  },
  {
    "ID Number": "5232112"
  },
  {
    "ID Number": "5201608"
  },
  {
    "ID Number": "5269210"
  },
  {
    "ID Number": "5240670"
  },
  {
    "ID Number": "5224349"
  },
  {
    "ID Number": "5270910"
  },
  {
    "ID Number": "5287413"
  },
  {
    "ID Number": "521031576"
  },
  {
    "ID Number": "5281768"
  },
  {
    "ID Number": "5265240"
  },
  {
    "ID Number": "5232759"
  },
  {
    "ID Number": "5232767"
  },
  {
    "ID Number": "115203380"
  },
  {
    "ID Number": "521066914"
  },
  {
    "ID Number": "521013195"
  },
  {
    "ID Number": "5257840"
  },
  {
    "ID Number": "521005516"
  },
  {
    "ID Number": "5252105"
  },
  {
    "ID Number": "5204534"
  },
  {
    "ID Number": "5201209"
  },
  {
    "ID Number": "5219906"
  },
  {
    "ID Number": "5219035"
  },
  {
    "ID Number": "5264715"
  },
  {
    "ID Number": "5285461"
  },
  {
    "ID Number": "5284244"
  },
  {
    "ID Number": "5290791"
  },
  {
    "ID Number": "5206995"
  },
  {
    "ID Number": "5276675"
  },
  {
    "ID Number": "5268168"
  },
  {
    "ID Number": "521005680"
  },
  {
    "ID Number": "5201624"
  },
  {
    "ID Number": "5225779"
  },
  {
    "ID Number": "521032394"
  },
  {
    "ID Number": "5229758"
  },
  {
    "ID Number": "5207991"
  },
  {
    "ID Number": "5204780"
  },
  {
    "ID Number": "5210283"
  },
  {
    "ID Number": "5201110"
  },
  {
    "ID Number": "5278244"
  },
  {
    "ID Number": "5268176"
  },
  {
    "ID Number": "5275059"
  },
  {
    "ID Number": "5262372"
  },
  {
    "ID Number": "5259940"
  },
  {
    "ID Number": "5236002"
  },
  {
    "ID Number": "5219310"
  },
  {
    "ID Number": "5268184"
  },
  {
    "ID Number": "5229855"
  },
  {
    "ID Number": "5264170"
  },
  {
    "ID Number": "5275083"
  },
  {
    "ID Number": "5261651"
  },
  {
    "ID Number": "521034249"
  },
  {
    "ID Number": "5250820"
  },
  {
    "ID Number": "521052328"
  },
  {
    "ID Number": "5232171"
  },
  {
    "ID Number": "5248426"
  },
  {
    "ID Number": "5267587"
  },
  {
    "ID Number": "5222788"
  },
  {
    "ID Number": "5247861"
  },
  {
    "ID Number": "5228484"
  },
  {
    "ID Number": "5286280"
  },
  {
    "ID Number": "5242690"
  },
  {
    "ID Number": "5216796"
  },
  {
    "ID Number": "521004498"
  },
  {
    "ID Number": "5218691"
  },
  {
    "ID Number": "521007144"
  },
  {
    "ID Number": "521005052"
  },
  {
    "ID Number": "521037604"
  },
  {
    "ID Number": "5212391"
  },
  {
    "ID Number": "521005737"
  },
  {
    "ID Number": "5206197"
  },
  {
    "ID Number": "5265592"
  },
  {
    "ID Number": "5226457"
  },
  {
    "ID Number": "5225078"
  },
  {
    "ID Number": "5225086"
  },
  {
    "ID Number": "5225094"
  },
  {
    "ID Number": "5267722"
  },
  {
    "ID Number": "5221072"
  },
  {
    "ID Number": "5220025"
  },
  {
    "ID Number": "5298539"
  },
  {
    "ID Number": "5208718"
  },
  {
    "ID Number": "5203627"
  },
  {
    "ID Number": "5265207"
  },
  {
    "ID Number": "5255392"
  },
  {
    "ID Number": "521023727"
  },
  {
    "ID Number": "521036438"
  },
  {
    "ID Number": "521034257"
  },
  {
    "ID Number": "521029687"
  },
  {
    "ID Number": "5231345"
  },
  {
    "ID Number": "5226341"
  },
  {
    "ID Number": "5210291"
  },
  {
    "ID Number": "5228085"
  },
  {
    "ID Number": "521059020"
  },
  {
    "ID Number": "5251036"
  },
  {
    "ID Number": "5217091"
  },
  {
    "ID Number": "5211190"
  },
  {
    "ID Number": "521041768"
  },
  {
    "ID Number": "5255066"
  },
  {
    "ID Number": "521009279"
  },
  {
    "ID Number": "6200885"
  },
  {
    "ID Number": "6200842"
  },
  {
    "ID Number": "5217075"
  },
  {
    "ID Number": "5219507"
  },
  {
    "ID Number": "5213240"
  },
  {
    "ID Number": "5243386"
  },
  {
    "ID Number": "5235154"
  },
  {
    "ID Number": "5259150"
  },
  {
    "ID Number": "5235537"
  },
  {
    "ID Number": "71500472"
  },
  {
    "ID Number": "5252466"
  },
  {
    "ID Number": "5222060"
  },
  {
    "ID Number": "5290600"
  },
  {
    "ID Number": "5208009"
  },
  {
    "ID Number": "5201829"
  },
  {
    "ID Number": "115096145"
  },
  {
    "ID Number": "5234824"
  },
  {
    "ID Number": "21505535"
  },
  {
    "ID Number": "5235790"
  },
  {
    "ID Number": "5274281"
  },
  {
    "ID Number": "5201772"
  },
  {
    "ID Number": "5212480"
  },
  {
    "ID Number": "5244846"
  },
  {
    "ID Number": "5221153"
  },
  {
    "ID Number": "5268672"
  },
  {
    "ID Number": "5217946"
  },
  {
    "ID Number": "5216206"
  },
  {
    "ID Number": "5213371"
  },
  {
    "ID Number": "5220416"
  },
  {
    "ID Number": "5220564"
  },
  {
    "ID Number": "5292336"
  },
  {
    "ID Number": "5276233"
  },
  {
    "ID Number": "5220572"
  },
  {
    "ID Number": "5232562"
  },
  {
    "ID Number": "5232570"
  },
  {
    "ID Number": "5283850"
  },
  {
    "ID Number": "5234719"
  },
  {
    "ID Number": "5244242"
  },
  {
    "ID Number": "5203635"
  },
  {
    "ID Number": "5220580"
  },
  {
    "ID Number": "521030855"
  },
  {
    "ID Number": "5222168"
  },
  {
    "ID Number": "521023859"
  },
  {
    "ID Number": "521034788"
  },
  {
    "ID Number": "5246130"
  },
  {
    "ID Number": "521045410"
  },
  {
    "ID Number": "5246890"
  },
  {
    "ID Number": "5239370"
  },
  {
    "ID Number": "5204925"
  },
  {
    "ID Number": "5212405"
  },
  {
    "ID Number": "521009678"
  },
  {
    "ID Number": "521035091"
  },
  {
    "ID Number": "5265681"
  },
  {
    "ID Number": "5259177"
  },
  {
    "ID Number": "5222079"
  },
  {
    "ID Number": "5230152"
  },
  {
    "ID Number": "5268192"
  },
  {
    "ID Number": "5246946"
  },
  {
    "ID Number": "521025398"
  },
  {
    "ID Number": "521042977"
  },
  {
    "ID Number": "5249856"
  },
  {
    "ID Number": "5268923"
  },
  {
    "ID Number": "5261813"
  },
  {
    "ID Number": "5230160"
  },
  {
    "ID Number": "5239397"
  },
  {
    "ID Number": "5211425"
  },
  {
    "ID Number": "5238056"
  },
  {
    "ID Number": "5203651"
  },
  {
    "ID Number": "5207584"
  },
  {
    "ID Number": "5246032"
  },
  {
    "ID Number": "5279550"
  },
  {
    "ID Number": "521042985"
  },
  {
    "ID Number": "5257417"
  },
  {
    "ID Number": "5210925"
  },
  {
    "ID Number": "5220599"
  },
  {
    "ID Number": "5262097"
  },
  {
    "ID Number": "5262100"
  },
  {
    "ID Number": "5296404"
  },
  {
    "ID Number": "5247888"
  },
  {
    "ID Number": "521010250"
  },
  {
    "ID Number": "5205549"
  },
  {
    "ID Number": "521007195"
  },
  {
    "ID Number": "5200407"
  },
  {
    "ID Number": "521015783"
  },
  {
    "ID Number": "5203660"
  },
  {
    "ID Number": "521052883"
  },
  {
    "ID Number": "5260213"
  },
  {
    "ID Number": "5217695"
  },
  {
    "ID Number": "5201926"
  },
  {
    "ID Number": "5259223"
  },
  {
    "ID Number": "521005451"
  },
  {
    "ID Number": "5218713"
  },
  {
    "ID Number": "5226473"
  },
  {
    "ID Number": "521040885"
  },
  {
    "ID Number": "521017379"
  },
  {
    "ID Number": "521067112"
  },
  {
    "ID Number": "5283965"
  },
  {
    "ID Number": "5284929"
  },
  {
    "ID Number": "5281156"
  },
  {
    "ID Number": "5218578"
  },
  {
    "ID Number": "5270251"
  },
  {
    "ID Number": "5232082"
  },
  {
    "ID Number": "5200105"
  },
  {
    "ID Number": "115110807"
  },
  {
    "ID Number": "115108030"
  },
  {
    "ID Number": "521014299"
  },
  {
    "ID Number": "5274451"
  },
  {
    "ID Number": "5268621"
  },
  {
    "ID Number": "521017158"
  },
  {
    "ID Number": "5273633"
  },
  {
    "ID Number": "5231450"
  },
  {
    "ID Number": "5244994"
  },
  {
    "ID Number": "521012750"
  },
  {
    "ID Number": "521061297"
  },
  {
    "ID Number": "5220467"
  },
  {
    "ID Number": "5248965"
  },
  {
    "ID Number": "5238447"
  },
  {
    "ID Number": "5285283"
  },
  {
    "ID Number": "5265703"
  },
  {
    "ID Number": "5205905"
  },
  {
    "ID Number": "5267544"
  },
  {
    "ID Number": "5238617"
  },
  {
    "ID Number": "5269296"
  },
  {
    "ID Number": "5278406"
  },
  {
    "ID Number": "5262267"
  },
  {
    "ID Number": "5232686"
  },
  {
    "ID Number": "5282217"
  },
  {
    "ID Number": "5236061"
  },
  {
    "ID Number": "5292085"
  },
  {
    "ID Number": "5292581"
  },
  {
    "ID Number": "5220610"
  },
  {
    "ID Number": "5231990"
  },
  {
    "ID Number": "521066604"
  },
  {
    "ID Number": "5217873"
  },
  {
    "ID Number": "521027358"
  },
  {
    "ID Number": "521041776"
  },
  {
    "ID Number": "521005761"
  },
  {
    "ID Number": "521001600"
  },
  {
    "ID Number": "5270260"
  },
  {
    "ID Number": "5243440"
  },
  {
    "ID Number": "5238455"
  },
  {
    "ID Number": "5262682"
  },
  {
    "ID Number": "5279208"
  },
  {
    "ID Number": "5221773"
  },
  {
    "ID Number": "5271053"
  },
  {
    "ID Number": "5209218"
  },
  {
    "ID Number": "5218748"
  },
  {
    "ID Number": "5217032"
  },
  {
    "ID Number": "5238625"
  },
  {
    "ID Number": "5264995"
  },
  {
    "ID Number": "5264987"
  },
  {
    "ID Number": "5297079"
  },
  {
    "ID Number": "5282225"
  },
  {
    "ID Number": "5221625"
  },
  {
    "ID Number": "5215501"
  },
  {
    "ID Number": "5219280"
  },
  {
    "ID Number": "5232139"
  },
  {
    "ID Number": "5236908"
  },
  {
    "ID Number": "5224144"
  },
  {
    "ID Number": "5228751"
  },
  {
    "ID Number": "5214513"
  },
  {
    "ID Number": "5298598"
  },
  {
    "ID Number": "5245010"
  },
  {
    "ID Number": "5245028"
  },
  {
    "ID Number": "5233062"
  },
  {
    "ID Number": "521009287"
  },
  {
    "ID Number": "5216575"
  },
  {
    "ID Number": "521003912"
  },
  {
    "ID Number": "5276829"
  },
  {
    "ID Number": "5216567"
  },
  {
    "ID Number": "5200580"
  },
  {
    "ID Number": "521067597"
  },
  {
    "ID Number": "5230306"
  },
  {
    "ID Number": "5247128"
  },
  {
    "ID Number": "5211174"
  },
  {
    "ID Number": "5219264"
  },
  {
    "ID Number": "5258960"
  },
  {
    "ID Number": "5208122"
  },
  {
    "ID Number": "521023930"
  },
  {
    "ID Number": "5229812"
  },
  {
    "ID Number": "5234743"
  },
  {
    "ID Number": "5232783"
  },
  {
    "ID Number": "5201152"
  },
  {
    "ID Number": "5228867"
  },
  {
    "ID Number": "5245419"
  },
  {
    "ID Number": "5204798"
  },
  {
    "ID Number": "5281318"
  },
  {
    "ID Number": "5253543"
  },
  {
    "ID Number": "5283892"
  },
  {
    "ID Number": "5261996"
  },
  {
    "ID Number": "5246326"
  },
  {
    "ID Number": "5246334"
  },
  {
    "ID Number": "5202035"
  },
  {
    "ID Number": "5262500"
  },
  {
    "ID Number": "5225760"
  },
  {
    "ID Number": "5222435"
  },
  {
    "ID Number": "5264065"
  },
  {
    "ID Number": "5289564"
  },
  {
    "ID Number": "5265738"
  },
  {
    "ID Number": "5222117"
  },
  {
    "ID Number": "521001618"
  },
  {
    "ID Number": "521038066"
  },
  {
    "ID Number": "5217105"
  },
  {
    "ID Number": "5216613"
  },
  {
    "ID Number": "5206219"
  },
  {
    "ID Number": "521005770"
  },
  {
    "ID Number": "521023751"
  },
  {
    "ID Number": "521061017"
  },
  {
    "ID Number": "5249007"
  },
  {
    "ID Number": "5223768"
  },
  {
    "ID Number": "521033641"
  },
  {
    "ID Number": "5241081"
  },
  {
    "ID Number": "5211212"
  },
  {
    "ID Number": "521001570"
  },
  {
    "ID Number": "521034311"
  },
  {
    "ID Number": "5200121"
  },
  {
    "ID Number": "5210984"
  },
  {
    "ID Number": "5226996"
  },
  {
    "ID Number": "5221315"
  },
  {
    "ID Number": "5267412"
  },
  {
    "ID Number": "5286603"
  },
  {
    "ID Number": "5206952"
  },
  {
    "ID Number": "5217210"
  },
  {
    "ID Number": "5292859"
  },
  {
    "ID Number": "521063400"
  },
  {
    "ID Number": "5272505"
  },
  {
    "ID Number": "5210321"
  },
  {
    "ID Number": "5280389"
  },
  {
    "ID Number": "5200628"
  },
  {
    "ID Number": "5280397"
  },
  {
    "ID Number": "5241987"
  },
  {
    "ID Number": "521059683"
  },
  {
    "ID Number": "521038449"
  },
  {
    "ID Number": "5232520"
  },
  {
    "ID Number": "5201012"
  },
  {
    "ID Number": "5265762"
  },
  {
    "ID Number": "5260957"
  },
  {
    "ID Number": "5226759"
  },
  {
    "ID Number": "521013233"
  },
  {
    "ID Number": "5220424"
  },
  {
    "ID Number": "5220645"
  },
  {
    "ID Number": "5275482"
  },
  {
    "ID Number": "521001472"
  },
  {
    "ID Number": "521009120"
  },
  {
    "ID Number": "5269342"
  },
  {
    "ID Number": "5207649"
  },
  {
    "ID Number": "5200652"
  },
  {
    "ID Number": "5277809"
  },
  {
    "ID Number": "5219370"
  },
  {
    "ID Number": "521052387"
  },
  {
    "ID Number": "5225809"
  },
  {
    "ID Number": "521027137"
  },
  {
    "ID Number": "5259800"
  },
  {
    "ID Number": "5265282"
  },
  {
    "ID Number": "521035016"
  },
  {
    "ID Number": "521018510"
  },
  {
    "ID Number": "5218047"
  },
  {
    "ID Number": "5210801"
  },
  {
    "ID Number": "5218594"
  },
  {
    "ID Number": "5234646"
  },
  {
    "ID Number": "5244099"
  },
  {
    "ID Number": "5290821"
  },
  {
    "ID Number": "5216290"
  },
  {
    "ID Number": "5273978"
  },
  {
    "ID Number": "5262429"
  },
  {
    "ID Number": "146241555"
  },
  {
    "ID Number": "521017280"
  },
  {
    "ID Number": "5203708"
  },
  {
    "ID Number": "5240794"
  },
  {
    "ID Number": "5271592"
  },
  {
    "ID Number": "5207304"
  },
  {
    "ID Number": "5216222"
  },
  {
    "ID Number": "521053405"
  },
  {
    "ID Number": "521047219"
  },
  {
    "ID Number": "5272556"
  },
  {
    "ID Number": "5257492"
  },
  {
    "ID Number": "5202248"
  },
  {
    "ID Number": "5200040"
  },
  {
    "ID Number": "5209277"
  },
  {
    "ID Number": "5258235"
  },
  {
    "ID Number": "5250200"
  },
  {
    "ID Number": "5225248"
  },
  {
    "ID Number": "5281849"
  },
  {
    "ID Number": "5229790"
  },
  {
    "ID Number": "5267293"
  },
  {
    "ID Number": "5298830"
  },
  {
    "ID Number": "521015643"
  },
  {
    "ID Number": "521061521"
  },
  {
    "ID Number": "5279259"
  },
  {
    "ID Number": "5210330"
  },
  {
    "ID Number": "5224799"
  },
  {
    "ID Number": "521002428"
  },
  {
    "ID Number": "5281857"
  },
  {
    "ID Number": "5202361"
  },
  {
    "ID Number": "5208173"
  },
  {
    "ID Number": "5209013"
  },
  {
    "ID Number": "5257905"
  },
  {
    "ID Number": "5265215"
  },
  {
    "ID Number": "5244668"
  },
  {
    "ID Number": "5274265"
  },
  {
    "ID Number": "5208823"
  },
  {
    "ID Number": "5261821"
  },
  {
    "ID Number": "5278627"
  },
  {
    "ID Number": "5259282"
  },
  {
    "ID Number": "5210216"
  },
  {
    "ID Number": "5297117"
  },
  {
    "ID Number": "5200067"
  },
  {
    "ID Number": "5274591"
  },
  {
    "ID Number": "521034346"
  },
  {
    "ID Number": "5274770"
  },
  {
    "ID Number": "521035393"
  },
  {
    "ID Number": "5217440"
  },
  {
    "ID Number": "5216729"
  },
  {
    "ID Number": "521033056"
  },
  {
    "ID Number": "5265800"
  },
  {
    "ID Number": "5261627"
  },
  {
    "ID Number": "5213754"
  },
  {
    "ID Number": "5202140"
  },
  {
    "ID Number": "521053154"
  },
  {
    "ID Number": "521028893"
  },
  {
    "ID Number": "5224845"
  },
  {
    "ID Number": "5235782"
  },
  {
    "ID Number": "5226007"
  },
  {
    "ID Number": "521007276"
  },
  {
    "ID Number": "5278139"
  },
  {
    "ID Number": "5246350"
  },
  {
    "ID Number": "5245621"
  },
  {
    "ID Number": "5215676"
  },
  {
    "ID Number": "5245630"
  },
  {
    "ID Number": "521005834"
  },
  {
    "ID Number": "5259886"
  },
  {
    "ID Number": "5251168"
  },
  {
    "ID Number": "5254850"
  },
  {
    "ID Number": "5222613"
  },
  {
    "ID Number": "5234670"
  },
  {
    "ID Number": "5290856"
  },
  {
    "ID Number": "5296455"
  },
  {
    "ID Number": "5290880"
  },
  {
    "ID Number": "5203716"
  },
  {
    "ID Number": "5269393"
  },
  {
    "ID Number": "5205913"
  },
  {
    "ID Number": "5278678"
  },
  {
    "ID Number": "5209960"
  },
  {
    "ID Number": "5226600"
  },
  {
    "ID Number": "5218683"
  },
  {
    "ID Number": "5246091"
  },
  {
    "ID Number": "5231957"
  },
  {
    "ID Number": "5268257"
  },
  {
    "ID Number": "5207045"
  },
  {
    "ID Number": "521038473"
  },
  {
    "ID Number": "5284945"
  },
  {
    "ID Number": "5228794"
  },
  {
    "ID Number": "521005850"
  },
  {
    "ID Number": "5270359"
  },
  {
    "ID Number": "5249481"
  },
  {
    "ID Number": "521011966"
  },
  {
    "ID Number": "5267137"
  },
  {
    "ID Number": "5223377"
  },
  {
    "ID Number": "5269407"
  },
  {
    "ID Number": "5248825"
  },
  {
    "ID Number": "521037078"
  },
  {
    "ID Number": "5230055"
  },
  {
    "ID Number": "5250390"
  },
  {
    "ID Number": "521000417"
  },
  {
    "ID Number": "5271134"
  },
  {
    "ID Number": "5271142"
  },
  {
    "ID Number": "5268753"
  },
  {
    "ID Number": "5290635"
  },
  {
    "ID Number": "5288762"
  },
  {
    "ID Number": "521054037"
  },
  {
    "ID Number": "5222184"
  },
  {
    "ID Number": "5220653"
  },
  {
    "ID Number": "5220661"
  },
  {
    "ID Number": "5296250"
  },
  {
    "ID Number": "5276551"
  },
  {
    "ID Number": "5225876"
  },
  {
    "ID Number": "5276560"
  },
  {
    "ID Number": "5268265"
  },
  {
    "ID Number": "5230209"
  },
  {
    "ID Number": "5268273"
  },
  {
    "ID Number": "521009309"
  },
  {
    "ID Number": "5261163"
  },
  {
    "ID Number": "5210097"
  },
  {
    "ID Number": "5244510"
  },
  {
    "ID Number": "5260019"
  },
  {
    "ID Number": "5227488"
  },
  {
    "ID Number": "5227496"
  },
  {
    "ID Number": "5208220"
  },
  {
    "ID Number": "5249082"
  },
  {
    "ID Number": "5221641"
  },
  {
    "ID Number": "5221951"
  },
  {
    "ID Number": "5279852"
  },
  {
    "ID Number": "521003300"
  },
  {
    "ID Number": "5221927"
  },
  {
    "ID Number": "5227518"
  },
  {
    "ID Number": "5200695"
  },
  {
    "ID Number": "521061033"
  },
  {
    "ID Number": "521007314"
  },
  {
    "ID Number": "521053413"
  },
  {
    "ID Number": "521053677"
  },
  {
    "ID Number": "5262216"
  },
  {
    "ID Number": "5264880"
  },
  {
    "ID Number": "5232422"
  },
  {
    "ID Number": "5262399"
  },
  {
    "ID Number": "5202469"
  },
  {
    "ID Number": "521001480"
  },
  {
    "ID Number": "5211867"
  },
  {
    "ID Number": "5249090"
  },
  {
    "ID Number": "5265118"
  },
  {
    "ID Number": "5286620"
  },
  {
    "ID Number": "5209986"
  },
  {
    "ID Number": "5295670"
  },
  {
    "ID Number": "521033102"
  },
  {
    "ID Number": "521012784"
  },
  {
    "ID Number": "521014183"
  },
  {
    "ID Number": "5246490"
  },
  {
    "ID Number": "5223806"
  },
  {
    "ID Number": "5226651"
  },
  {
    "ID Number": "5224624"
  },
  {
    "ID Number": "5221790"
  },
  {
    "ID Number": "5210640"
  },
  {
    "ID Number": "5223423"
  },
  {
    "ID Number": "5264014"
  },
  {
    "ID Number": "5246504"
  },
  {
    "ID Number": "5296471"
  },
  {
    "ID Number": "5212499"
  },
  {
    "ID Number": "5237149"
  },
  {
    "ID Number": "521008272"
  },
  {
    "ID Number": "5228875"
  },
  {
    "ID Number": "5215625"
  },
  {
    "ID Number": "5204585"
  },
  {
    "ID Number": "115111546"
  },
  {
    "ID Number": "5202477"
  },
  {
    "ID Number": "5222753"
  },
  {
    "ID Number": "5259649"
  },
  {
    "ID Number": "5292352"
  },
  {
    "ID Number": "521023867"
  },
  {
    "ID Number": "5268761"
  },
  {
    "ID Number": "5297150"
  },
  {
    "ID Number": "5231906"
  },
  {
    "ID Number": "5221161"
  },
  {
    "ID Number": "521017824"
  },
  {
    "ID Number": "521035415"
  },
  {
    "ID Number": "521042616"
  },
  {
    "ID Number": "5228760"
  },
  {
    "ID Number": "5265924"
  },
  {
    "ID Number": "521034818"
  },
  {
    "ID Number": "5208912"
  },
  {
    "ID Number": "5251729"
  },
  {
    "ID Number": "5296145"
  },
  {
    "ID Number": "5208254"
  },
  {
    "ID Number": "5218055"
  },
  {
    "ID Number": "521059110"
  },
  {
    "ID Number": "5248000"
  },
  {
    "ID Number": "5247764"
  },
  {
    "ID Number": "5267978"
  },
  {
    "ID Number": "5218810"
  },
  {
    "ID Number": "521034397"
  },
  {
    "ID Number": "5223687"
  },
  {
    "ID Number": "5280176"
  },
  {
    "ID Number": "5285348"
  },
  {
    "ID Number": "5210666"
  },
  {
    "ID Number": "521037728"
  },
  {
    "ID Number": "5262313"
  },
  {
    "ID Number": "5229456"
  },
  {
    "ID Number": "5215285"
  },
  {
    "ID Number": "5226635"
  },
  {
    "ID Number": "5265932"
  },
  {
    "ID Number": "5281164"
  },
  {
    "ID Number": "5200750"
  },
  {
    "ID Number": "5218357"
  },
  {
    "ID Number": "521000271"
  },
  {
    "ID Number": "5200342"
  },
  {
    "ID Number": "5200920"
  },
  {
    "ID Number": "521031479"
  },
  {
    "ID Number": "5218284"
  },
  {
    "ID Number": "115203782"
  },
  {
    "ID Number": "521004544"
  },
  {
    "ID Number": "5219248"
  },
  {
    "ID Number": "5202493"
  },
  {
    "ID Number": "6200044"
  },
  {
    "ID Number": "521047707"
  },
  {
    "ID Number": "521043531"
  },
  {
    "ID Number": "5208831"
  },
  {
    "ID Number": "521061556"
  },
  {
    "ID Number": "5223482"
  },
  {
    "ID Number": "5248027"
  },
  {
    "ID Number": "521025550"
  },
  {
    "ID Number": "5230071"
  },
  {
    "ID Number": "5228190"
  },
  {
    "ID Number": "5267668"
  },
  {
    "ID Number": "521002304"
  },
  {
    "ID Number": "5284694"
  },
  {
    "ID Number": "5246121"
  },
  {
    "ID Number": "521028818"
  },
  {
    "ID Number": "5280230"
  },
  {
    "ID Number": "5263999"
  },
  {
    "ID Number": "5220700"
  },
  {
    "ID Number": "5220718"
  },
  {
    "ID Number": "521013063"
  },
  {
    "ID Number": "521009732"
  },
  {
    "ID Number": "5232163"
  },
  {
    "ID Number": "5283868"
  },
  {
    "ID Number": "5246059"
  },
  {
    "ID Number": "521026637"
  },
  {
    "ID Number": "5262321"
  },
  {
    "ID Number": "5200466"
  },
  {
    "ID Number": "5283140"
  },
  {
    "ID Number": "5231124"
  },
  {
    "ID Number": "5277817"
  },
  {
    "ID Number": "5230217"
  },
  {
    "ID Number": "521047979"
  },
  {
    "ID Number": "521047987"
  },
  {
    "ID Number": "5201381"
  },
  {
    "ID Number": "5296196"
  },
  {
    "ID Number": "5216265"
  },
  {
    "ID Number": "5219590"
  },
  {
    "ID Number": "521020523"
  },
  {
    "ID Number": "5202655"
  },
  {
    "ID Number": "5201080"
  },
  {
    "ID Number": "5208998"
  },
  {
    "ID Number": "5224934"
  },
  {
    "ID Number": "521022232"
  },
  {
    "ID Number": "5233453"
  },
  {
    "ID Number": "5294991"
  },
  {
    "ID Number": "5248418"
  },
  {
    "ID Number": "5220076"
  },
  {
    "ID Number": "5207347"
  },
  {
    "ID Number": "5205298"
  },
  {
    "ID Number": "5284716"
  },
  {
    "ID Number": "5290481"
  },
  {
    "ID Number": "5221102"
  },
  {
    "ID Number": "521059128"
  },
  {
    "ID Number": "5214548"
  },
  {
    "ID Number": "5218063"
  },
  {
    "ID Number": "5235286"
  },
  {
    "ID Number": "115201993"
  },
  {
    "ID Number": "5264863"
  },
  {
    "ID Number": "5223075"
  },
  {
    "ID Number": "5233046"
  },
  {
    "ID Number": "5292425"
  },
  {
    "ID Number": "521017123"
  },
  {
    "ID Number": "5268290"
  },
  {
    "ID Number": "5232023"
  },
  {
    "ID Number": "5298261"
  },
  {
    "ID Number": "5213460"
  },
  {
    "ID Number": "5262712"
  },
  {
    "ID Number": "521052417"
  },
  {
    "ID Number": "5250897"
  },
  {
    "ID Number": "5232546"
  },
  {
    "ID Number": "5211000"
  },
  {
    "ID Number": "5267390"
  },
  {
    "ID Number": "5229359"
  },
  {
    "ID Number": "5207363"
  },
  {
    "ID Number": "5281393"
  },
  {
    "ID Number": "5285739"
  },
  {
    "ID Number": "5238480"
  },
  {
    "ID Number": "5257522"
  },
  {
    "ID Number": "5223504"
  },
  {
    "ID Number": "5289157"
  },
  {
    "ID Number": "5289700"
  },
  {
    "ID Number": "5218365"
  },
  {
    "ID Number": "5232317"
  },
  {
    "ID Number": "5239281"
  },
  {
    "ID Number": "521000611"
  },
  {
    "ID Number": "521046328"
  },
  {
    "ID Number": "5264090"
  },
  {
    "ID Number": "521037957"
  },
  {
    "ID Number": "5232244"
  },
  {
    "ID Number": "5214130"
  },
  {
    "ID Number": "5293758"
  },
  {
    "ID Number": "5231434"
  },
  {
    "ID Number": "5232414"
  },
  {
    "ID Number": "5202698"
  },
  {
    "ID Number": "5278813"
  },
  {
    "ID Number": "5281172"
  },
  {
    "ID Number": "5282756"
  },
  {
    "ID Number": "521033706"
  },
  {
    "ID Number": "5223040"
  },
  {
    "ID Number": "5219868"
  },
  {
    "ID Number": "5215072"
  },
  {
    "ID Number": "521021210"
  },
  {
    "ID Number": "521038767"
  },
  {
    "ID Number": "521018189"
  },
  {
    "ID Number": "5231744"
  },
  {
    "ID Number": "5230993"
  },
  {
    "ID Number": "521066965"
  },
  {
    "ID Number": "5230403"
  },
  {
    "ID Number": "5205670"
  },
  {
    "ID Number": "5207843"
  },
  {
    "ID Number": "5211271"
  },
  {
    "ID Number": "5249538"
  },
  {
    "ID Number": "5290902"
  },
  {
    "ID Number": "5271207"
  },
  {
    "ID Number": "5220165"
  },
  {
    "ID Number": "5293766"
  },
  {
    "ID Number": "10502890"
  },
  {
    "ID Number": "5201071"
  },
  {
    "ID Number": "5296510"
  },
  {
    "ID Number": "5262046"
  },
  {
    "ID Number": "13212494"
  },
  {
    "ID Number": "521031320"
  },
  {
    "ID Number": "5281180"
  },
  {
    "ID Number": "5217920"
  },
  {
    "ID Number": "521008205"
  },
  {
    "ID Number": "5276381"
  },
  {
    "ID Number": "521023778"
  },
  {
    "ID Number": "521025932"
  },
  {
    "ID Number": "521025940"
  },
  {
    "ID Number": "5220734"
  },
  {
    "ID Number": "5283981"
  },
  {
    "ID Number": "5267803"
  },
  {
    "ID Number": "5246512"
  },
  {
    "ID Number": "5276136"
  },
  {
    "ID Number": "5257948"
  },
  {
    "ID Number": "5289734"
  },
  {
    "ID Number": "5280982"
  },
  {
    "ID Number": "5228581"
  },
  {
    "ID Number": "5257379"
  },
  {
    "ID Number": "5257387"
  },
  {
    "ID Number": "5263280"
  },
  {
    "ID Number": "521026653"
  },
  {
    "ID Number": "21503125"
  },
  {
    "ID Number": "5214335"
  },
  {
    "ID Number": "521042691"
  },
  {
    "ID Number": "5253985"
  },
  {
    "ID Number": "5205417"
  },
  {
    "ID Number": "521032033"
  },
  {
    "ID Number": "5204941"
  },
  {
    "ID Number": "5220475"
  },
  {
    "ID Number": "521047278"
  },
  {
    "ID Number": "521059519"
  },
  {
    "ID Number": "5246393"
  },
  {
    "ID Number": "5262585"
  },
  {
    "ID Number": "5283701"
  },
  {
    "ID Number": "521059136"
  },
  {
    "ID Number": "521037370"
  },
  {
    "ID Number": "5216680"
  },
  {
    "ID Number": "5255759"
  },
  {
    "ID Number": "5243939"
  },
  {
    "ID Number": "5234832"
  },
  {
    "ID Number": "5235812"
  },
  {
    "ID Number": "5220769"
  },
  {
    "ID Number": "5284490"
  },
  {
    "ID Number": "5223512"
  },
  {
    "ID Number": "5277736"
  },
  {
    "ID Number": "5223520"
  },
  {
    "ID Number": "5223539"
  },
  {
    "ID Number": "5206960"
  },
  {
    "ID Number": "521066930"
  },
  {
    "ID Number": "5221838"
  },
  {
    "ID Number": "5202850"
  },
  {
    "ID Number": "5235294"
  },
  {
    "ID Number": "5264804"
  },
  {
    "ID Number": "5222206"
  },
  {
    "ID Number": "5219884"
  },
  {
    "ID Number": "5221919"
  },
  {
    "ID Number": "5262607"
  },
  {
    "ID Number": "521050449"
  },
  {
    "ID Number": "521038759"
  },
  {
    "ID Number": "5265312"
  },
  {
    "ID Number": "5259010"
  },
  {
    "ID Number": "5264731"
  },
  {
    "ID Number": "115105244"
  },
  {
    "ID Number": "5205239"
  },
  {
    "ID Number": "521027374"
  },
  {
    "ID Number": "5265258"
  },
  {
    "ID Number": "5202876"
  },
  {
    "ID Number": "521023786"
  },
  {
    "ID Number": "5213762"
  },
  {
    "ID Number": "5219442"
  },
  {
    "ID Number": "521000352"
  },
  {
    "ID Number": "5218462"
  },
  {
    "ID Number": "5211247"
  },
  {
    "ID Number": "5252687"
  },
  {
    "ID Number": "5281199"
  },
  {
    "ID Number": "521027145"
  },
  {
    "ID Number": "5266068"
  },
  {
    "ID Number": "5219582"
  },
  {
    "ID Number": "5202892"
  },
  {
    "ID Number": "5232490"
  },
  {
    "ID Number": "521026688"
  },
  {
    "ID Number": "5256771"
  },
  {
    "ID Number": "521005923"
  },
  {
    "ID Number": "521053901"
  },
  {
    "ID Number": "5216389"
  },
  {
    "ID Number": "5240867"
  },
  {
    "ID Number": "5240875"
  },
  {
    "ID Number": "5221170"
  },
  {
    "ID Number": "5201330"
  },
  {
    "ID Number": "5267013"
  },
  {
    "ID Number": "521061106"
  },
  {
    "ID Number": "5274982"
  },
  {
    "ID Number": "5287871"
  },
  {
    "ID Number": "521039046"
  },
  {
    "ID Number": "521007390"
  },
  {
    "ID Number": "5209404"
  },
  {
    "ID Number": "5261759"
  },
  {
    "ID Number": "5259363"
  },
  {
    "ID Number": "5268320"
  },
  {
    "ID Number": "5206944"
  },
  {
    "ID Number": "5285526"
  },
  {
    "ID Number": "5234816"
  },
  {
    "ID Number": "5235022"
  },
  {
    "ID Number": "5239591"
  },
  {
    "ID Number": "521024359"
  },
  {
    "ID Number": "5221129"
  },
  {
    "ID Number": "521016186"
  },
  {
    "ID Number": "521045453"
  },
  {
    "ID Number": "5261945"
  },
  {
    "ID Number": "5217679"
  },
  {
    "ID Number": "5237289"
  },
  {
    "ID Number": "5221854"
  },
  {
    "ID Number": "521020655"
  },
  {
    "ID Number": "5266076"
  },
  {
    "ID Number": "5262410"
  },
  {
    "ID Number": "521020825"
  },
  {
    "ID Number": "5213312"
  },
  {
    "ID Number": "521061041"
  },
  {
    "ID Number": "5224306"
  },
  {
    "ID Number": "5216397"
  },
  {
    "ID Number": "5208963"
  },
  {
    "ID Number": "5280770"
  },
  {
    "ID Number": "5260094"
  },
  {
    "ID Number": "521049769"
  },
  {
    "ID Number": "5224977"
  },
  {
    "ID Number": "521023271"
  },
  {
    "ID Number": "5212332"
  },
  {
    "ID Number": "5230926"
  },
  {
    "ID Number": "521012970"
  },
  {
    "ID Number": "521062587"
  },
  {
    "ID Number": "5227020"
  },
  {
    "ID Number": "5252717"
  },
  {
    "ID Number": "5266084"
  },
  {
    "ID Number": "5274303"
  },
  {
    "ID Number": "5272718"
  },
  {
    "ID Number": "5203830"
  },
  {
    "ID Number": "521027080"
  },
  {
    "ID Number": "5207401"
  },
  {
    "ID Number": "5214572"
  },
  {
    "ID Number": "5204828"
  },
  {
    "ID Number": "5224047"
  },
  {
    "ID Number": "5210585"
  },
  {
    "ID Number": "5249597"
  },
  {
    "ID Number": "5272726"
  },
  {
    "ID Number": "5218403"
  },
  {
    "ID Number": "521049858"
  },
  {
    "ID Number": "5269750"
  },
  {
    "ID Number": "5268338"
  },
  {
    "ID Number": "5268583"
  },
  {
    "ID Number": "5215781"
  },
  {
    "ID Number": "521005036"
  },
  {
    "ID Number": "5202949"
  },
  {
    "ID Number": "5232503"
  },
  {
    "ID Number": "521002975"
  },
  {
    "ID Number": "5246016"
  },
  {
    "ID Number": "129057926"
  },
  {
    "ID Number": "5209439"
  },
  {
    "ID Number": "5232554"
  },
  {
    "ID Number": "5298938"
  },
  {
    "ID Number": "521031487"
  },
  {
    "ID Number": "5200458"
  },
  {
    "ID Number": "521004277"
  },
  {
    "ID Number": "5264677"
  },
  {
    "ID Number": "5271282"
  },
  {
    "ID Number": "5210127"
  },
  {
    "ID Number": "5258006"
  },
  {
    "ID Number": "5205352"
  },
  {
    "ID Number": "5213770"
  },
  {
    "ID Number": "5238790"
  },
  {
    "ID Number": "521001502"
  },
  {
    "ID Number": "5227038"
  },
  {
    "ID Number": "5227666"
  },
  {
    "ID Number": "5230225"
  },
  {
    "ID Number": "5219078"
  },
  {
    "ID Number": "5202981"
  },
  {
    "ID Number": "521047332"
  },
  {
    "ID Number": "5250889"
  },
  {
    "ID Number": "5255090"
  },
  {
    "ID Number": "5205948"
  },
  {
    "ID Number": "5206022"
  },
  {
    "ID Number": "5293707"
  },
  {
    "ID Number": "5254698"
  },
  {
    "ID Number": "5228441"
  },
  {
    "ID Number": "5203015"
  },
  {
    "ID Number": "521023875"
  },
  {
    "ID Number": "521001243"
  },
  {
    "ID Number": "5248213"
  },
  {
    "ID Number": "5276446"
  },
  {
    "ID Number": "5216257"
  },
  {
    "ID Number": "5248221"
  },
  {
    "ID Number": "5212740"
  },
  {
    "ID Number": "5266998"
  },
  {
    "ID Number": "5230470"
  },
  {
    "ID Number": "5215110"
  },
  {
    "ID Number": "5241189"
  },
  {
    "ID Number": "5268974"
  },
  {
    "ID Number": "5241197"
  },
  {
    "ID Number": "5202728"
  },
  {
    "ID Number": "521020728"
  },
  {
    "ID Number": "521000450"
  },
  {
    "ID Number": "115202014"
  },
  {
    "ID Number": "5233445"
  },
  {
    "ID Number": "521031665"
  },
  {
    "ID Number": "5238668"
  },
  {
    "ID Number": "521000751"
  },
  {
    "ID Number": "521007454"
  },
  {
    "ID Number": "5258014"
  },
  {
    "ID Number": "5298067"
  },
  {
    "ID Number": "5282799"
  },
  {
    "ID Number": "5235910"
  },
  {
    "ID Number": "521042446"
  },
  {
    "ID Number": "5265045"
  },
  {
    "ID Number": "521008540"
  },
  {
    "ID Number": "521058580"
  },
  {
    "ID Number": "521038503"
  },
  {
    "ID Number": "521015864"
  },
  {
    "ID Number": "521001260"
  },
  {
    "ID Number": "5208394"
  },
  {
    "ID Number": "5229324"
  },
  {
    "ID Number": "5207410"
  },
  {
    "ID Number": "5264286"
  },
  {
    "ID Number": "5250544"
  },
  {
    "ID Number": "5218608"
  },
  {
    "ID Number": "5229626"
  },
  {
    "ID Number": "5222800"
  },
  {
    "ID Number": "5203040"
  },
  {
    "ID Number": "5220157"
  },
  {
    "ID Number": "521013748"
  },
  {
    "ID Number": "5261732"
  },
  {
    "ID Number": "521013098"
  },
  {
    "ID Number": "521013101"
  },
  {
    "ID Number": "521020590"
  },
  {
    "ID Number": "5291852"
  },
  {
    "ID Number": "5231833"
  },
  {
    "ID Number": "5269997"
  },
  {
    "ID Number": "5240611"
  },
  {
    "ID Number": "5240603"
  },
  {
    "ID Number": "115112276"
  },
  {
    "ID Number": "5221285"
  },
  {
    "ID Number": "5280800"
  },
  {
    "ID Number": "5228786"
  },
  {
    "ID Number": "521037868"
  },
  {
    "ID Number": "5238170"
  },
  {
    "ID Number": "521043574"
  },
  {
    "ID Number": "5221412"
  },
  {
    "ID Number": "5217539"
  },
  {
    "ID Number": "21507465"
  },
  {
    "ID Number": "5285089"
  },
  {
    "ID Number": "5231477"
  },
  {
    "ID Number": "5239605"
  },
  {
    "ID Number": "521025860"
  },
  {
    "ID Number": "5298768"
  },
  {
    "ID Number": "5262259"
  },
  {
    "ID Number": "5202736"
  },
  {
    "ID Number": "521023085"
  },
  {
    "ID Number": "5249287"
  },
  {
    "ID Number": "5293812"
  },
  {
    "ID Number": "5201810"
  },
  {
    "ID Number": "5215129"
  },
  {
    "ID Number": "5208840"
  },
  {
    "ID Number": "5281067"
  },
  {
    "ID Number": "5219736"
  },
  {
    "ID Number": "5201748"
  },
  {
    "ID Number": "5280265"
  },
  {
    "ID Number": "5269733"
  },
  {
    "ID Number": "5226678"
  },
  {
    "ID Number": "521049904"
  },
  {
    "ID Number": "5232716"
  },
  {
    "ID Number": "5219094"
  },
  {
    "ID Number": "5245982"
  },
  {
    "ID Number": "5203856"
  },
  {
    "ID Number": "5222281"
  },
  {
    "ID Number": "5236215"
  },
  {
    "ID Number": "5297230"
  },
  {
    "ID Number": "5289947"
  },
  {
    "ID Number": "521047570"
  },
  {
    "ID Number": "5201446"
  },
  {
    "ID Number": "521009848"
  },
  {
    "ID Number": "5223105"
  },
  {
    "ID Number": "5200024"
  },
  {
    "ID Number": "5262526"
  },
  {
    "ID Number": "5202418"
  },
  {
    "ID Number": "5293839"
  },
  {
    "ID Number": "5203066"
  },
  {
    "ID Number": "5290660"
  },
  {
    "ID Number": "5273242"
  },
  {
    "ID Number": "5200830"
  },
  {
    "ID Number": "5295700"
  },
  {
    "ID Number": "521008221"
  },
  {
    "ID Number": "5246563"
  },
  {
    "ID Number": "5205069"
  },
  {
    "ID Number": "5246571"
  },
  {
    "ID Number": "5217016"
  },
  {
    "ID Number": "5206880"
  },
  {
    "ID Number": "5209498"
  },
  {
    "ID Number": "5269547"
  },
  {
    "ID Number": "5269555"
  },
  {
    "ID Number": "5211239"
  },
  {
    "ID Number": "5232597"
  },
  {
    "ID Number": "5205107"
  },
  {
    "ID Number": "5221870"
  },
  {
    "ID Number": "5262038"
  },
  {
    "ID Number": "5217997"
  },
  {
    "ID Number": "5201250"
  },
  {
    "ID Number": "5214807"
  },
  {
    "ID Number": "521017484"
  },
  {
    "ID Number": "5264383"
  },
  {
    "ID Number": "5274443"
  },
  {
    "ID Number": "5262062"
  },
  {
    "ID Number": "5235073"
  },
  {
    "ID Number": "5279348"
  },
  {
    "ID Number": "5229375"
  },
  {
    "ID Number": "5211158"
  },
  {
    "ID Number": "5207479"
  },
  {
    "ID Number": "5275717"
  },
  {
    "ID Number": "5261147"
  },
  {
    "ID Number": "5261155"
  },
  {
    "ID Number": "5228905"
  },
  {
    "ID Number": "5217709"
  },
  {
    "ID Number": "521027412"
  },
  {
    "ID Number": "5202604"
  },
  {
    "ID Number": "521058598"
  },
  {
    "ID Number": "5201691"
  },
  {
    "ID Number": "5231191"
  },
  {
    "ID Number": "521029725"
  },
  {
    "ID Number": "5211948"
  },
  {
    "ID Number": "5261635"
  },
  {
    "ID Number": "5240662"
  },
  {
    "ID Number": "5252822"
  },
  {
    "ID Number": "5200474"
  },
  {
    "ID Number": "521035113"
  },
  {
    "ID Number": "521032041"
  },
  {
    "ID Number": "5223245"
  },
  {
    "ID Number": "5238684"
  },
  {
    "ID Number": "5248140"
  },
  {
    "ID Number": "5272092"
  },
  {
    "ID Number": "5213525"
  },
  {
    "ID Number": "5207789"
  },
  {
    "ID Number": "5205093"
  },
  {
    "ID Number": "5270499"
  },
  {
    "ID Number": "5270502"
  },
  {
    "ID Number": "5226503"
  },
  {
    "ID Number": "5264839"
  },
  {
    "ID Number": "5201365"
  },
  {
    "ID Number": "521021430"
  },
  {
    "ID Number": "5255597"
  },
  {
    "ID Number": "5244501"
  },
  {
    "ID Number": "5230942"
  },
  {
    "ID Number": "5203090"
  },
  {
    "ID Number": "521066990"
  },
  {
    "ID Number": "5213134"
  },
  {
    "ID Number": "5250307"
  },
  {
    "ID Number": "5203147"
  },
  {
    "ID Number": "5203899"
  },
  {
    "ID Number": "5274290"
  },
  {
    "ID Number": "5298652"
  },
  {
    "ID Number": "5298962"
  },
  {
    "ID Number": "5230861"
  },
  {
    "ID Number": "5230870"
  },
  {
    "ID Number": "5211131"
  },
  {
    "ID Number": "5239540"
  },
  {
    "ID Number": "521004889"
  },
  {
    "ID Number": "5244455"
  },
  {
    "ID Number": "5216176"
  },
  {
    "ID Number": "5219086"
  },
  {
    "ID Number": "521049211"
  },
  {
    "ID Number": "5292883"
  },
  {
    "ID Number": "5213533"
  },
  {
    "ID Number": "5218802"
  },
  {
    "ID Number": "5211530"
  },
  {
    "ID Number": "5280257"
  },
  {
    "ID Number": "521035440"
  },
  {
    "ID Number": "521035121"
  },
  {
    "ID Number": "5211972"
  },
  {
    "ID Number": "5222826"
  },
  {
    "ID Number": "521013764"
  },
  {
    "ID Number": "5200598"
  },
  {
    "ID Number": "5220432"
  },
  {
    "ID Number": "5234093"
  },
  {
    "ID Number": "5249694"
  },
  {
    "ID Number": "5206855"
  },
  {
    "ID Number": "521044368"
  },
  {
    "ID Number": "5229430"
  },
  {
    "ID Number": "5216478"
  },
  {
    "ID Number": "5203180"
  },
  {
    "ID Number": "5212553"
  },
  {
    "ID Number": "5200148"
  },
  {
    "ID Number": "5298083"
  },
  {
    "ID Number": "5237386"
  },
  {
    "ID Number": "5261791"
  },
  {
    "ID Number": "5201730"
  },
  {
    "ID Number": "5207614"
  },
  {
    "ID Number": "5231442"
  },
  {
    "ID Number": "5208491"
  },
  {
    "ID Number": "5203910"
  },
  {
    "ID Number": "521050589"
  },
  {
    "ID Number": "5202191"
  },
  {
    "ID Number": "5211310"
  },
  {
    "ID Number": "5215870"
  },
  {
    "ID Number": "521000468"
  },
  {
    "ID Number": "5276780"
  },
  {
    "ID Number": "5280060"
  },
  {
    "ID Number": "5232074"
  },
  {
    "ID Number": "521063249"
  },
  {
    "ID Number": "521020930"
  },
  {
    "ID Number": "115110834"
  },
  {
    "ID Number": "5285186"
  },
  {
    "ID Number": "5287049"
  },
  {
    "ID Number": "5222931"
  },
  {
    "ID Number": "5230489"
  },
  {
    "ID Number": "521069301"
  },
  {
    "ID Number": "5200636"
  },
  {
    "ID Number": "521052042"
  },
  {
    "ID Number": "5239532"
  },
  {
    "ID Number": "5216184"
  },
  {
    "ID Number": "5201454"
  },
  {
    "ID Number": "521012946"
  },
  {
    "ID Number": "5272785"
  },
  {
    "ID Number": "5220866"
  },
  {
    "ID Number": "521008140"
  },
  {
    "ID Number": "521061386"
  },
  {
    "ID Number": "5238994"
  },
  {
    "ID Number": "5264111"
  },
  {
    "ID Number": "5267820"
  },
  {
    "ID Number": "521027102"
  },
  {
    "ID Number": "5288819"
  },
  {
    "ID Number": "5223202"
  },
  {
    "ID Number": "5210399"
  },
  {
    "ID Number": "521003629"
  },
  {
    "ID Number": "5250609"
  },
  {
    "ID Number": "5272807"
  },
  {
    "ID Number": "5230250"
  },
  {
    "ID Number": "521061823"
  },
  {
    "ID Number": "5266351"
  },
  {
    "ID Number": "5266882"
  },
  {
    "ID Number": "5266890"
  },
  {
    "ID Number": "5268869"
  },
  {
    "ID Number": "5206189"
  },
  {
    "ID Number": "5217954"
  },
  {
    "ID Number": "5227720"
  },
  {
    "ID Number": "5231973"
  },
  {
    "ID Number": "5229898"
  },
  {
    "ID Number": "5219817"
  },
  {
    "ID Number": "521033781"
  },
  {
    "ID Number": "5241456"
  },
  {
    "ID Number": "5212235"
  },
  {
    "ID Number": "521010510"
  },
  {
    "ID Number": "5232350"
  },
  {
    "ID Number": "5220483"
  },
  {
    "ID Number": "5261953"
  },
  {
    "ID Number": "5265142"
  },
  {
    "ID Number": "5242118"
  },
  {
    "ID Number": "521018553"
  },
  {
    "ID Number": "5243777"
  },
  {
    "ID Number": "5244056"
  },
  {
    "ID Number": "5252890"
  },
  {
    "ID Number": "5262348"
  },
  {
    "ID Number": "5232902"
  },
  {
    "ID Number": "521030987"
  },
  {
    "ID Number": "521001650"
  },
  {
    "ID Number": "5264022"
  },
  {
    "ID Number": "5219957"
  },
  {
    "ID Number": "5261740"
  },
  {
    "ID Number": "521032904"
  },
  {
    "ID Number": "521014221"
  },
  {
    "ID Number": "5252903"
  },
  {
    "ID Number": "5213878"
  },
  {
    "ID Number": "5266416"
  },
  {
    "ID Number": "5226686"
  },
  {
    "ID Number": "5207002"
  },
  {
    "ID Number": "5248159"
  },
  {
    "ID Number": "521013810"
  },
  {
    "ID Number": "5285534"
  },
  {
    "ID Number": "5282896"
  },
  {
    "ID Number": "5207681"
  },
  {
    "ID Number": "5274923"
  },
  {
    "ID Number": "5200296"
  },
  {
    "ID Number": "521002452"
  },
  {
    "ID Number": "5203945"
  },
  {
    "ID Number": "521000840"
  },
  {
    "ID Number": "5235472"
  },
  {
    "ID Number": "5281636"
  },
  {
    "ID Number": "5281725"
  },
  {
    "ID Number": "5212804"
  },
  {
    "ID Number": "521031517"
  },
  {
    "ID Number": "5227054"
  },
  {
    "ID Number": "5223938"
  },
  {
    "ID Number": "521016623"
  },
  {
    "ID Number": "115111377"
  },
  {
    "ID Number": "5216435"
  },
  {
    "ID Number": "5229090"
  },
  {
    "ID Number": "521007543"
  },
  {
    "ID Number": "5230268"
  },
  {
    "ID Number": "521049726"
  },
  {
    "ID Number": "5248167"
  },
  {
    "ID Number": "521040095"
  },
  {
    "ID Number": "5209609"
  },
  {
    "ID Number": "5226929"
  },
  {
    "ID Number": "5213428"
  },
  {
    "ID Number": "5211603"
  },
  {
    "ID Number": "5293421"
  },
  {
    "ID Number": "5219051"
  },
  {
    "ID Number": "5264324"
  },
  {
    "ID Number": "5252121"
  },
  {
    "ID Number": "521037906"
  },
  {
    "ID Number": "5232511"
  },
  {
    "ID Number": "5229804"
  },
  {
    "ID Number": "5203260"
  },
  {
    "ID Number": "521016380"
  },
  {
    "ID Number": "5247560"
  },
  {
    "ID Number": "5280583"
  },
  {
    "ID Number": "5232147"
  },
  {
    "ID Number": "5211140"
  },
  {
    "ID Number": "5202752"
  },
  {
    "ID Number": "5278520"
  },
  {
    "ID Number": "5273226"
  },
  {
    "ID Number": "521000875"
  },
  {
    "ID Number": "5261724"
  },
  {
    "ID Number": "5244382"
  },
  {
    "ID Number": "5244579"
  },
  {
    "ID Number": "5228425"
  },
  {
    "ID Number": "5201241"
  },
  {
    "ID Number": "5218497"
  },
  {
    "ID Number": "5267200"
  },
  {
    "ID Number": "521058415"
  },
  {
    "ID Number": "5220904"
  },
  {
    "ID Number": "5245109"
  },
  {
    "ID Number": "5217407"
  },
  {
    "ID Number": "5296552"
  },
  {
    "ID Number": "5290988"
  },
  {
    "ID Number": "5290996"
  },
  {
    "ID Number": "5291003"
  },
  {
    "ID Number": "5284791"
  },
  {
    "ID Number": "5267269"
  },
  {
    "ID Number": "5203953"
  },
  {
    "ID Number": "5288541"
  },
  {
    "ID Number": "5238269"
  },
  {
    "ID Number": "5212367"
  },
  {
    "ID Number": "5215897"
  },
  {
    "ID Number": "5229448"
  },
  {
    "ID Number": "5277043"
  },
  {
    "ID Number": "5218306"
  },
  {
    "ID Number": "521006083"
  },
  {
    "ID Number": "521020558"
  },
  {
    "ID Number": "5258413"
  },
  {
    "ID Number": "5245117"
  },
  {
    "ID Number": "5233500"
  },
  {
    "ID Number": "5231523"
  },
  {
    "ID Number": "5235359"
  },
  {
    "ID Number": "5222818"
  },
  {
    "ID Number": "5217660"
  },
  {
    "ID Number": "5274680"
  },
  {
    "ID Number": "5267935"
  },
  {
    "ID Number": "5298091"
  },
  {
    "ID Number": "5292263"
  },
  {
    "ID Number": "5292271"
  },
  {
    "ID Number": "521018570"
  },
  {
    "ID Number": "521050813"
  },
  {
    "ID Number": "521052603"
  },
  {
    "ID Number": "5224594"
  },
  {
    "ID Number": "521016003"
  },
  {
    "ID Number": "5235561"
  },
  {
    "ID Number": "521042721"
  },
  {
    "ID Number": "521003840"
  },
  {
    "ID Number": "5208866"
  },
  {
    "ID Number": "5224322"
  },
  {
    "ID Number": "5258049"
  },
  {
    "ID Number": "521026432"
  },
  {
    "ID Number": "5207495"
  },
  {
    "ID Number": "5229847"
  },
  {
    "ID Number": "521008230"
  },
  {
    "ID Number": "5261031"
  },
  {
    "ID Number": "521019886"
  },
  {
    "ID Number": "5229260"
  },
  {
    "ID Number": "5204860"
  },
  {
    "ID Number": "521056420"
  },
  {
    "ID Number": "5232651"
  },
  {
    "ID Number": "521049734"
  },
  {
    "ID Number": "5291011"
  },
  {
    "ID Number": "5223148"
  },
  {
    "ID Number": "5220203"
  },
  {
    "ID Number": "521002487"
  },
  {
    "ID Number": "5223083"
  },
  {
    "ID Number": "521033811"
  },
  {
    "ID Number": "5212006"
  },
  {
    "ID Number": "5238528"
  },
  {
    "ID Number": "5261961"
  },
  {
    "ID Number": "25611348"
  },
  {
    "ID Number": "5224284"
  },
  {
    "ID Number": "5209668"
  },
  {
    "ID Number": "5218721"
  },
  {
    "ID Number": "5204003"
  },
  {
    "ID Number": "5224560"
  },
  {
    "ID Number": "521050384"
  },
  {
    "ID Number": "5220041"
  },
  {
    "ID Number": "521037418"
  },
  {
    "ID Number": "5241863"
  },
  {
    "ID Number": "5266513"
  },
  {
    "ID Number": "5274796"
  },
  {
    "ID Number": "5273846"
  },
  {
    "ID Number": "5217628"
  },
  {
    "ID Number": "5268591"
  },
  {
    "ID Number": "5268435"
  },
  {
    "ID Number": "5228913"
  },
  {
    "ID Number": "5231361"
  },
  {
    "ID Number": "5255635"
  },
  {
    "ID Number": "521014442"
  },
  {
    "ID Number": "5217911"
  },
  {
    "ID Number": "521016330"
  },
  {
    "ID Number": "5296587"
  },
  {
    "ID Number": "5226171"
  },
  {
    "ID Number": "5282020"
  },
  {
    "ID Number": "5200270"
  },
  {
    "ID Number": "5230047"
  },
  {
    "ID Number": "5223059"
  },
  {
    "ID Number": "521058873"
  },
  {
    "ID Number": "5216141"
  },
  {
    "ID Number": "5247578"
  },
  {
    "ID Number": "5246636"
  },
  {
    "ID Number": "5246466"
  },
  {
    "ID Number": "521011834"
  },
  {
    "ID Number": "5223601"
  },
  {
    "ID Number": "5203430"
  },
  {
    "ID Number": "5221943"
  },
  {
    "ID Number": "5272998"
  },
  {
    "ID Number": "521036950"
  },
  {
    "ID Number": "5288363"
  },
  {
    "ID Number": "5283973"
  },
  {
    "ID Number": "5222010"
  },
  {
    "ID Number": "5229910"
  },
  {
    "ID Number": "5229596"
  },
  {
    "ID Number": "5270626"
  },
  {
    "ID Number": "521015945"
  },
  {
    "ID Number": "5229820"
  },
  {
    "ID Number": "521009058"
  },
  {
    "ID Number": "5225965"
  },
  {
    "ID Number": "5246644"
  },
  {
    "ID Number": "521039070"
  },
  {
    "ID Number": "5258316"
  },
  {
    "ID Number": "5231159"
  },
  {
    "ID Number": "5248698"
  },
  {
    "ID Number": "5218314"
  },
  {
    "ID Number": "5205085"
  },
  {
    "ID Number": "5246024"
  },
  {
    "ID Number": "5225400"
  },
  {
    "ID Number": "5259495"
  },
  {
    "ID Number": "5220351"
  },
  {
    "ID Number": "521036608"
  },
  {
    "ID Number": "521012695"
  },
  {
    "ID Number": "5213959"
  },
  {
    "ID Number": "521035130"
  },
  {
    "ID Number": "5244757"
  },
  {
    "ID Number": "5217334"
  },
  {
    "ID Number": "5232856"
  },
  {
    "ID Number": "5264707"
  },
  {
    "ID Number": "521016348"
  },
  {
    "ID Number": "5224578"
  },
  {
    "ID Number": "5213916"
  },
  {
    "ID Number": "5213436"
  },
  {
    "ID Number": "5204186"
  },
  {
    "ID Number": "5213991"
  },
  {
    "ID Number": "521031924"
  },
  {
    "ID Number": "5259525"
  },
  {
    "ID Number": "5215978"
  },
  {
    "ID Number": "521042462"
  },
  {
    "ID Number": "5200180"
  },
  {
    "ID Number": "5246253"
  },
  {
    "ID Number": "521013926"
  },
  {
    "ID Number": "5278465"
  },
  {
    "ID Number": "2023733"
  },
  {
    "ID Number": "5215986"
  },
  {
    "ID Number": "5252970"
  },
  {
    "ID Number": "5244145"
  },
  {
    "ID Number": "5244153"
  },
  {
    "ID Number": "5206731"
  },
  {
    "ID Number": "521035148"
  },
  {
    "ID Number": "5220173"
  },
  {
    "ID Number": "5214874"
  },
  {
    "ID Number": "5248132"
  },
  {
    "ID Number": "5229600"
  },
  {
    "ID Number": "5262330"
  },
  {
    "ID Number": "5247241"
  },
  {
    "ID Number": "5205441"
  },
  {
    "ID Number": "5227780"
  },
  {
    "ID Number": "5236398"
  },
  {
    "ID Number": "521006903"
  },
  {
    "ID Number": "5273030"
  },
  {
    "ID Number": "5204194"
  },
  {
    "ID Number": "5264332"
  },
  {
    "ID Number": "10302697"
  },
  {
    "ID Number": "5224039"
  },
  {
    "ID Number": "5208793"
  },
  {
    "ID Number": "5214653"
  },
  {
    "ID Number": "5262798"
  },
  {
    "ID Number": "521032246"
  },
  {
    "ID Number": "5210453"
  },
  {
    "ID Number": "521017271"
  },
  {
    "ID Number": "5232910"
  },
  {
    "ID Number": "5213940"
  },
  {
    "ID Number": "5240913"
  },
  {
    "ID Number": "5246288"
  },
  {
    "ID Number": "5224586"
  },
  {
    "ID Number": "5255651"
  },
  {
    "ID Number": "521034893"
  },
  {
    "ID Number": "5238544"
  },
  {
    "ID Number": "5281091"
  },
  {
    "ID Number": "5252997"
  },
  {
    "ID Number": "5245346"
  },
  {
    "ID Number": "5222834"
  },
  {
    "ID Number": "5255945"
  },
  {
    "ID Number": "5201268"
  },
  {
    "ID Number": "5200857"
  },
  {
    "ID Number": "521001928"
  },
  {
    "ID Number": "521063044"
  },
  {
    "ID Number": "5281660"
  },
  {
    "ID Number": "521032688"
  },
  {
    "ID Number": "521018790"
  },
  {
    "ID Number": "5209706"
  },
  {
    "ID Number": "5235715"
  },
  {
    "ID Number": "5247071"
  },
  {
    "ID Number": "5204658"
  },
  {
    "ID Number": "5232864"
  },
  {
    "ID Number": "5254604"
  },
  {
    "ID Number": "5204224"
  },
  {
    "ID Number": "5219191"
  },
  {
    "ID Number": "5293898"
  },
  {
    "ID Number": "5277450"
  },
  {
    "ID Number": "5233437"
  },
  {
    "ID Number": "5204089"
  },
  {
    "ID Number": "521033064"
  },
  {
    "ID Number": "5228468"
  },
  {
    "ID Number": "5216036"
  },
  {
    "ID Number": "5276306"
  },
  {
    "ID Number": "5206979"
  },
  {
    "ID Number": "5220378"
  },
  {
    "ID Number": "5221064"
  },
  {
    "ID Number": "5228743"
  },
  {
    "ID Number": "5279569"
  },
  {
    "ID Number": "5232341"
  },
  {
    "ID Number": "521061076"
  },
  {
    "ID Number": "5226058"
  },
  {
    "ID Number": "5291941"
  },
  {
    "ID Number": "5213401"
  },
  {
    "ID Number": "5205204"
  },
  {
    "ID Number": "5207533"
  },
  {
    "ID Number": "5230799"
  },
  {
    "ID Number": "5253594"
  },
  {
    "ID Number": "5229839"
  },
  {
    "ID Number": "521049980"
  },
  {
    "ID Number": "5292557"
  },
  {
    "ID Number": "5291038"
  },
  {
    "ID Number": "5224470"
  },
  {
    "ID Number": "5291445"
  },
  {
    "ID Number": "5276810"
  },
  {
    "ID Number": "5265371"
  },
  {
    "ID Number": "521032831"
  },
  {
    "ID Number": "5291046"
  },
  {
    "ID Number": "5247519"
  },
  {
    "ID Number": "5237637"
  },
  {
    "ID Number": "5264049"
  },
  {
    "ID Number": "5230330"
  },
  {
    "ID Number": "5230349"
  },
  {
    "ID Number": "521004650"
  },
  {
    "ID Number": "521028915"
  },
  {
    "ID Number": "5232996"
  },
  {
    "ID Number": "5274087"
  },
  {
    "ID Number": "5222761"
  },
  {
    "ID Number": "5288142"
  },
  {
    "ID Number": "5219876"
  },
  {
    "ID Number": "5264901"
  },
  {
    "ID Number": "5283922"
  },
  {
    "ID Number": "5210020"
  },
  {
    "ID Number": "5222087"
  },
  {
    "ID Number": "5296137"
  },
  {
    "ID Number": "5225922"
  },
  {
    "ID Number": "521012270"
  },
  {
    "ID Number": "5268818"
  },
  {
    "ID Number": "5213177"
  },
  {
    "ID Number": "5240751"
  },
  {
    "ID Number": "5233020"
  },
  {
    "ID Number": "5220998"
  },
  {
    "ID Number": "5296595"
  },
  {
    "ID Number": "5248108"
  },
  {
    "ID Number": "5217962"
  },
  {
    "ID Number": "5212278"
  },
  {
    "ID Number": "521059144"
  },
  {
    "ID Number": "5202744"
  },
  {
    "ID Number": "5216060"
  },
  {
    "ID Number": "5246369"
  },
  {
    "ID Number": "521043264"
  },
  {
    "ID Number": "5265380"
  },
  {
    "ID Number": "5288371"
  },
  {
    "ID Number": "5288380"
  },
  {
    "ID Number": "5201616"
  },
  {
    "ID Number": "5200601"
  },
  {
    "ID Number": "5231779"
  },
  {
    "ID Number": "5232627"
  },
  {
    "ID Number": "5272122"
  },
  {
    "ID Number": "5262186"
  },
  {
    "ID Number": "521027110"
  },
  {
    "ID Number": "521025673"
  },
  {
    "ID Number": "5204100"
  },
  {
    "ID Number": "5263689"
  },
  {
    "ID Number": "5208971"
  },
  {
    "ID Number": "5259550"
  },
  {
    "ID Number": "521004234"
  },
  {
    "ID Number": "5243670"
  },
  {
    "ID Number": "521060142"
  },
  {
    "ID Number": "5219337"
  },
  {
    "ID Number": "521018057"
  },
  {
    "ID Number": "5294010"
  },
  {
    "ID Number": "5210542"
  },
  {
    "ID Number": "5293910"
  },
  {
    "ID Number": "5272009"
  },
  {
    "ID Number": "5248302"
  },
  {
    "ID Number": "5227810"
  },
  {
    "ID Number": "5204283"
  },
  {
    "ID Number": "521009341"
  },
  {
    "ID Number": "5277523"
  },
  {
    "ID Number": "5284970"
  },
  {
    "ID Number": "5219043"
  },
  {
    "ID Number": "521034591"
  },
  {
    "ID Number": "5231019"
  },
  {
    "ID Number": "5274397"
  },
  {
    "ID Number": "5246377"
  },
  {
    "ID Number": "5254990"
  },
  {
    "ID Number": "5213983"
  },
  {
    "ID Number": "521010390"
  },
  {
    "ID Number": "5239354"
  },
  {
    "ID Number": "5224055"
  },
  {
    "ID Number": "5210720"
  },
  {
    "ID Number": "521020779"
  },
  {
    "ID Number": "5265070"
  },
  {
    "ID Number": "521027439"
  },
  {
    "ID Number": "5202540"
  },
  {
    "ID Number": "521003564"
  },
  {
    "ID Number": "521042489"
  },
  {
    "ID Number": "5262178"
  },
  {
    "ID Number": "5262356"
  },
  {
    "ID Number": "521025908"
  },
  {
    "ID Number": "521031746"
  },
  {
    "ID Number": "5234727"
  },
  {
    "ID Number": "521067163"
  },
  {
    "ID Number": "5228638"
  },
  {
    "ID Number": "5221080"
  },
  {
    "ID Number": "5208602"
  },
  {
    "ID Number": "5262089"
  },
  {
    "ID Number": "521053340"
  },
  {
    "ID Number": "5206871"
  },
  {
    "ID Number": "5207010"
  },
  {
    "ID Number": "5208920"
  },
  {
    "ID Number": "5264812"
  },
  {
    "ID Number": "373200804"
  },
  {
    "ID Number": "5237670"
  },
  {
    "ID Number": "5201705"
  },
  {
    "ID Number": "521067007"
  },
  {
    "ID Number": "521064598"
  },
  {
    "ID Number": "521032254"
  },
  {
    "ID Number": "5234697"
  },
  {
    "ID Number": "521000522"
  },
  {
    "ID Number": "521039089"
  },
  {
    "ID Number": "5263700"
  },
  {
    "ID Number": "5297672"
  },
  {
    "ID Number": "521013322"
  },
  {
    "ID Number": "521044066"
  },
  {
    "ID Number": "5206073"
  },
  {
    "ID Number": "5253071"
  },
  {
    "ID Number": "5290180"
  },
  {
    "ID Number": "521012288"
  },
  {
    "ID Number": "5254434"
  },
  {
    "ID Number": "5299039"
  },
  {
    "ID Number": "5218993"
  },
  {
    "ID Number": "5276004"
  },
  {
    "ID Number": "5267099"
  },
  {
    "ID Number": "5226538"
  },
  {
    "ID Number": "5264790"
  },
  {
    "ID Number": "5264898"
  },
  {
    "ID Number": "5299772"
  },
  {
    "ID Number": "521006199"
  },
  {
    "ID Number": "115112436"
  },
  {
    "ID Number": "5258090"
  },
  {
    "ID Number": "5299799"
  },
  {
    "ID Number": "115203479"
  },
  {
    "ID Number": "5249171"
  },
  {
    "ID Number": "5239923"
  },
  {
    "ID Number": "5219256"
  },
  {
    "ID Number": "521001375"
  },
  {
    "ID Number": "521012296"
  },
  {
    "ID Number": "5262070"
  },
  {
    "ID Number": "5217970"
  },
  {
    "ID Number": "5218969"
  },
  {
    "ID Number": "521020710"
  },
  {
    "ID Number": "5256755"
  },
  {
    "ID Number": "521001545"
  },
  {
    "ID Number": "521000549"
  },
  {
    "ID Number": "521061718"
  },
  {
    "ID Number": "5219132"
  },
  {
    "ID Number": "521027188"
  },
  {
    "ID Number": "5244447"
  },
  {
    "ID Number": "521030316"
  },
  {
    "ID Number": "5221706"
  },
  {
    "ID Number": "5296269"
  },
  {
    "ID Number": "5217989"
  },
  {
    "ID Number": "5229472"
  },
  {
    "ID Number": "5230810"
  },
  {
    "ID Number": "521015120"
  },
  {
    "ID Number": "521001677"
  },
  {
    "ID Number": "521009988"
  },
  {
    "ID Number": "5266718"
  },
  {
    "ID Number": "5279038"
  },
  {
    "ID Number": "5279011"
  },
  {
    "ID Number": "5298474"
  },
  {
    "ID Number": "521027447"
  },
  {
    "ID Number": "5227844"
  },
  {
    "ID Number": "5230039"
  },
  {
    "ID Number": "5246482"
  },
  {
    "ID Number": "5245265"
  },
  {
    "ID Number": "5226023"
  },
  {
    "ID Number": "521000557"
  },
  {
    "ID Number": "5200717"
  },
  {
    "ID Number": "5222346"
  },
  {
    "ID Number": "5207541"
  },
  {
    "ID Number": "5278856"
  },
  {
    "ID Number": "5219213"
  },
  {
    "ID Number": "5234735"
  },
  {
    "ID Number": "521030324"
  },
  {
    "ID Number": "5210151"
  },
  {
    "ID Number": "5280869"
  },
  {
    "ID Number": "5241596"
  },
  {
    "ID Number": "5241600"
  },
  {
    "ID Number": "521006229"
  },
  {
    "ID Number": "5202795"
  },
  {
    "ID Number": "5230365"
  },
  {
    "ID Number": "5259606"
  },
  {
    "ID Number": "5266726"
  },
  {
    "ID Number": "5266734"
  },
  {
    "ID Number": "5265223"
  },
  {
    "ID Number": "5272050"
  },
  {
    "ID Number": "5200016"
  },
  {
    "ID Number": "521036764"
  },
  {
    "ID Number": "5262453"
  },
  {
    "ID Number": "521065101"
  },
  {
    "ID Number": "5231027"
  },
  {
    "ID Number": "5271533"
  },
  {
    "ID Number": "5271525"
  },
  {
    "ID Number": "521032912"
  },
  {
    "ID Number": "5267536"
  },
  {
    "ID Number": "5255112"
  },
  {
    "ID Number": "5261716"
  },
  {
    "ID Number": "5238315"
  },
  {
    "ID Number": "5281261"
  },
  {
    "ID Number": "521001685"
  },
  {
    "ID Number": "5207185"
  },
  {
    "ID Number": "5287944"
  },
  {
    "ID Number": "5283094"
  },
  {
    "ID Number": "5248060"
  },
  {
    "ID Number": "5281270"
  },
  {
    "ID Number": "5204674"
  },
  {
    "ID Number": "5293960"
  },
  {
    "ID Number": "5261848"
  },
  {
    "ID Number": "5207568"
  },
  {
    "ID Number": "5296641"
  },
  {
    "ID Number": "5264766"
  },
  {
    "ID Number": "5205859"
  },
  {
    "ID Number": "5206243"
  },
  {
    "ID Number": "5209854"
  },
  {
    "ID Number": "5237718"
  },
  {
    "ID Number": "521009350"
  },
  {
    "ID Number": "5218870"
  },
  {
    "ID Number": "5229871"
  },
  {
    "ID Number": "5229880"
  },
  {
    "ID Number": "5204399"
  },
  {
    "ID Number": "5245770"
  },
  {
    "ID Number": "5245605"
  },
  {
    "ID Number": "521006938"
  },
  {
    "ID Number": "5213380"
  },
  {
    "ID Number": "5277701"
  },
  {
    "ID Number": "5231175"
  },
  {
    "ID Number": "5218543"
  },
  {
    "ID Number": "5280966"
  },
  {
    "ID Number": "5276837"
  },
  {
    "ID Number": "5248078"
  },
  {
    "ID Number": "5247438"
  },
  {
    "ID Number": "5285402"
  },
  {
    "ID Number": "5276365"
  },
  {
    "ID Number": "5206006"
  },
  {
    "ID Number": "5202710"
  },
  {
    "ID Number": "5210593"
  },
  {
    "ID Number": "521024987"
  },
  {
    "ID Number": "5228930"
  },
  {
    "ID Number": "5228921"
  },
  {
    "ID Number": "521001090"
  },
  {
    "ID Number": "5219809"
  },
  {
    "ID Number": "5226546"
  },
  {
    "ID Number": "5217881"
  },
  {
    "ID Number": "5246717"
  },
  {
    "ID Number": "521001537"
  },
  {
    "ID Number": "5262518"
  },
  {
    "ID Number": "521030006"
  },
  {
    "ID Number": "5283914"
  },
  {
    "ID Number": "5224420"
  },
  {
    "ID Number": "5252148"
  },
  {
    "ID Number": "5252156"
  },
  {
    "ID Number": "5280036"
  },
  {
    "ID Number": "5218152"
  },
  {
    "ID Number": "5218420"
  },
  {
    "ID Number": "521020566"
  },
  {
    "ID Number": "5274427"
  },
  {
    "ID Number": "5215293"
  },
  {
    "ID Number": "5216095"
  },
  {
    "ID Number": "5224292"
  },
  {
    "ID Number": "5231892"
  },
  {
    "ID Number": "5227143"
  },
  {
    "ID Number": "5214009"
  },
  {
    "ID Number": "5268885"
  },
  {
    "ID Number": "521007691"
  },
  {
    "ID Number": "5227925"
  },
  {
    "ID Number": "5268109"
  },
  {
    "ID Number": "5217490"
  },
  {
    "ID Number": "5204127"
  },
  {
    "ID Number": "5201756"
  },
  {
    "ID Number": "5235014"
  },
  {
    "ID Number": "5240921"
  },
  {
    "ID Number": "521035199"
  },
  {
    "ID Number": "521034770"
  },
  {
    "ID Number": "5266785"
  },
  {
    "ID Number": "521006962"
  },
  {
    "ID Number": "5226031"
  },
  {
    "ID Number": "5264871"
  },
  {
    "ID Number": "5273145"
  },
  {
    "ID Number": "5274435"
  },
  {
    "ID Number": "5219027"
  },
  {
    "ID Number": "5224608"
  },
  {
    "ID Number": "5208661"
  },
  {
    "ID Number": "521013152"
  },
  {
    "ID Number": "5229588"
  },
  {
    "ID Number": "5201896"
  },
  {
    "ID Number": "5211344"
  },
  {
    "ID Number": "5277493"
  },
  {
    "ID Number": "5205476"
  },
  {
    "ID Number": "521039127"
  },
  {
    "ID Number": "5247683"
  },
  {
    "ID Number": "5288649"
  },
  {
    "ID Number": "5281296"
  },
  {
    "ID Number": "5253152"
  },
  {
    "ID Number": "521046697"
  },
  {
    "ID Number": "521001901"
  },
  {
    "ID Number": "5212510"
  },
  {
    "ID Number": "5203724"
  },
  {
    "ID Number": "5219469"
  },
  {
    "ID Number": "5202809"
  },
  {
    "ID Number": "5202612"
  },
  {
    "ID Number": "5246385"
  },
  {
    "ID Number": "5218640"
  },
  {
    "ID Number": "5207576"
  },
  {
    "ID Number": "5211751"
  },
  {
    "ID Number": "521033919"
  },
  {
    "ID Number": "5200490"
  },
  {
    "ID Number": "5292972"
  },
  {
    "ID Number": "5250927"
  },
  {
    "ID Number": "5222141"
  },
  {
    "ID Number": "5267080"
  },
  {
    "ID Number": "5241413"
  },
  {
    "ID Number": "5231043"
  },
  {
    "ID Number": "5218756"
  },
  {
    "ID Number": "5229294"
  },
  {
    "ID Number": "521048770"
  }
]