[
  {
    "ID Number": "14016834"
  },
  {
    "ID Number": "14003988"
  },
  {
    "ID Number": "14016460"
  },
  {
    "ID Number": "14005328"
  },
  {
    "ID Number": "14007673"
  },
  {
    "ID Number": "14014149"
  },
  {
    "ID Number": "14013746"
  },
  {
    "ID Number": "14005930"
  },
  {
    "ID Number": "14007240"
  },
  {
    "ID Number": "14013355"
  },
  {
    "ID Number": "14013444"
  },
  {
    "ID Number": "14013177"
  },
  {
    "ID Number": "14006979"
  },
  {
    "ID Number": "14011131"
  },
  {
    "ID Number": "14012006"
  },
  {
    "ID Number": "14004267"
  },
  {
    "ID Number": "14007568"
  },
  {
    "ID Number": "14007711"
  },
  {
    "ID Number": "14006430"
  },
  {
    "ID Number": "14018357"
  },
  {
    "ID Number": "14012014"
  },
  {
    "ID Number": "14006626"
  },
  {
    "ID Number": "14006189"
  },
  {
    "ID Number": "14000180"
  },
  {
    "ID Number": "14012022"
  },
  {
    "ID Number": "14017172"
  },
  {
    "ID Number": "14016010"
  },
  {
    "ID Number": "14018071"
  },
  {
    "ID Number": "14016443"
  },
  {
    "ID Number": "14013738"
  },
  {
    "ID Number": "14007800"
  },
  {
    "ID Number": "14010259"
  },
  {
    "ID Number": "14002302"
  },
  {
    "ID Number": "14010119"
  },
  {
    "ID Number": "14005778"
  },
  {
    "ID Number": "14005387"
  },
  {
    "ID Number": "14006715"
  },
  {
    "ID Number": "14001837"
  },
  {
    "ID Number": "14014718"
  },
  {
    "ID Number": "14014726"
  },
  {
    "ID Number": "14000652"
  },
  {
    "ID Number": "14007070"
  },
  {
    "ID Number": "14017326"
  },
  {
    "ID Number": "14000563"
  },
  {
    "ID Number": "14001900"
  },
  {
    "ID Number": "14005883"
  },
  {
    "ID Number": "14000342"
  },
  {
    "ID Number": "14003805"
  },
  {
    "ID Number": "14006936"
  },
  {
    "ID Number": "14010275"
  },
  {
    "ID Number": "14000016"
  },
  {
    "ID Number": "14006774"
  },
  {
    "ID Number": "14011697"
  },
  {
    "ID Number": "14007860"
  },
  {
    "ID Number": "14007878"
  },
  {
    "ID Number": "14015706"
  },
  {
    "ID Number": "14007266"
  },
  {
    "ID Number": "14011565"
  },
  {
    "ID Number": "14000326"
  },
  {
    "ID Number": "14006448"
  },
  {
    "ID Number": "14010020"
  },
  {
    "ID Number": "14007894"
  },
  {
    "ID Number": "14012456"
  },
  {
    "ID Number": "14015080"
  },
  {
    "ID Number": "14006731"
  },
  {
    "ID Number": "14011700"
  },
  {
    "ID Number": "14007479"
  },
  {
    "ID Number": "14010844"
  },
  {
    "ID Number": "14007576"
  },
  {
    "ID Number": "14001136"
  },
  {
    "ID Number": "14003384"
  },
  {
    "ID Number": "14001101"
  },
  {
    "ID Number": "14000571"
  },
  {
    "ID Number": "14001128"
  },
  {
    "ID Number": "14006308"
  },
  {
    "ID Number": "14005859"
  },
  {
    "ID Number": "14006898"
  },
  {
    "ID Number": "14001810"
  },
  {
    "ID Number": "14011301"
  },
  {
    "ID Number": "14010895"
  },
  {
    "ID Number": "14007924"
  },
  {
    "ID Number": "14007550"
  },
  {
    "ID Number": "14007932"
  },
  {
    "ID Number": "14007940"
  },
  {
    "ID Number": "14012030"
  },
  {
    "ID Number": "14012804"
  },
  {
    "ID Number": "14005417"
  },
  {
    "ID Number": "14016125"
  },
  {
    "ID Number": "14011581"
  },
  {
    "ID Number": "14016052"
  },
  {
    "ID Number": "14012570"
  },
  {
    "ID Number": "14015307"
  },
  {
    "ID Number": "14007959"
  },
  {
    "ID Number": "14006197"
  },
  {
    "ID Number": "14014270"
  },
  {
    "ID Number": "14000911"
  },
  {
    "ID Number": "14006685"
  },
  {
    "ID Number": "14005948"
  },
  {
    "ID Number": "14007983"
  },
  {
    "ID Number": "14000920"
  },
  {
    "ID Number": "14006634"
  },
  {
    "ID Number": "14005131"
  },
  {
    "ID Number": "14005077"
  },
  {
    "ID Number": "14005115"
  },
  {
    "ID Number": "14005093"
  },
  {
    "ID Number": "14015315"
  },
  {
    "ID Number": "14014173"
  },
  {
    "ID Number": "14017393"
  },
  {
    "ID Number": "14014009"
  },
  {
    "ID Number": "14012049"
  },
  {
    "ID Number": "14017342"
  },
  {
    "ID Number": "14011778"
  },
  {
    "ID Number": "14016796"
  },
  {
    "ID Number": "14008050"
  },
  {
    "ID Number": "14014165"
  },
  {
    "ID Number": "14008068"
  },
  {
    "ID Number": "14018365"
  },
  {
    "ID Number": "14010593"
  },
  {
    "ID Number": "14016494"
  },
  {
    "ID Number": "14008092"
  },
  {
    "ID Number": "14004461"
  },
  {
    "ID Number": "14008106"
  },
  {
    "ID Number": "14012979"
  },
  {
    "ID Number": "14012901"
  },
  {
    "ID Number": "14005034"
  },
  {
    "ID Number": "14011867"
  },
  {
    "ID Number": "14012464"
  },
  {
    "ID Number": "14006766"
  },
  {
    "ID Number": "14015579"
  },
  {
    "ID Number": "14004097"
  },
  {
    "ID Number": "14006987"
  },
  {
    "ID Number": "14006693"
  },
  {
    "ID Number": "14010402"
  },
  {
    "ID Number": "14010186"
  },
  {
    "ID Number": "14005921"
  },
  {
    "ID Number": "14018225"
  },
  {
    "ID Number": "14001080"
  },
  {
    "ID Number": "14009382"
  },
  {
    "ID Number": "14006995"
  },
  {
    "ID Number": "14005441"
  },
  {
    "ID Number": "14007258"
  },
  {
    "ID Number": "14009374"
  },
  {
    "ID Number": "14000407"
  },
  {
    "ID Number": "14003082"
  },
  {
    "ID Number": "14007274"
  },
  {
    "ID Number": "14005450"
  },
  {
    "ID Number": "14003376"
  },
  {
    "ID Number": "14013827"
  },
  {
    "ID Number": "14013835"
  },
  {
    "ID Number": "14015722"
  },
  {
    "ID Number": "14011794"
  },
  {
    "ID Number": "14013720"
  },
  {
    "ID Number": "14006839"
  },
  {
    "ID Number": "14002515"
  },
  {
    "ID Number": "14006723"
  },
  {
    "ID Number": "14007150"
  },
  {
    "ID Number": "14008173"
  },
  {
    "ID Number": "14010364"
  },
  {
    "ID Number": "14008181"
  },
  {
    "ID Number": "14010828"
  },
  {
    "ID Number": "14010194"
  },
  {
    "ID Number": "14016524"
  },
  {
    "ID Number": "14007282"
  },
  {
    "ID Number": "14016117"
  },
  {
    "ID Number": "14008190"
  },
  {
    "ID Number": "14005743"
  },
  {
    "ID Number": "14007614"
  },
  {
    "ID Number": "14019248"
  },
  {
    "ID Number": "14000440"
  },
  {
    "ID Number": "14011603"
  },
  {
    "ID Number": "14008211"
  },
  {
    "ID Number": "14008220"
  },
  {
    "ID Number": "14005026"
  },
  {
    "ID Number": "14005212"
  },
  {
    "ID Number": "14005867"
  },
  {
    "ID Number": "14014742"
  },
  {
    "ID Number": "14012499"
  },
  {
    "ID Number": "14014521"
  },
  {
    "ID Number": "14012502"
  },
  {
    "ID Number": "14016028"
  },
  {
    "ID Number": "14006545"
  },
  {
    "ID Number": "14007428"
  },
  {
    "ID Number": "14012790"
  },
  {
    "ID Number": "14011034"
  },
  {
    "ID Number": "14012987"
  },
  {
    "ID Number": "14003600"
  },
  {
    "ID Number": "14004496"
  },
  {
    "ID Number": "14008270"
  },
  {
    "ID Number": "14010518"
  },
  {
    "ID Number": "14011808"
  },
  {
    "ID Number": "14001144"
  },
  {
    "ID Number": "14012847"
  },
  {
    "ID Number": "14014939"
  },
  {
    "ID Number": "14012413"
  },
  {
    "ID Number": "14007207"
  },
  {
    "ID Number": "14011573"
  },
  {
    "ID Number": "14004240"
  },
  {
    "ID Number": "14011638"
  },
  {
    "ID Number": "14017407"
  },
  {
    "ID Number": "14013460"
  },
  {
    "ID Number": "14006332"
  },
  {
    "ID Number": "14000644"
  },
  {
    "ID Number": "14012898"
  },
  {
    "ID Number": "14016311"
  },
  {
    "ID Number": "14003457"
  },
  {
    "ID Number": "14014300"
  },
  {
    "ID Number": "14003759"
  },
  {
    "ID Number": "14003864"
  },
  {
    "ID Number": "14008360"
  },
  {
    "ID Number": "14008351"
  },
  {
    "ID Number": "14015110"
  },
  {
    "ID Number": "14011549"
  },
  {
    "ID Number": "14006707"
  },
  {
    "ID Number": "14012618"
  },
  {
    "ID Number": "14016087"
  },
  {
    "ID Number": "14006553"
  },
  {
    "ID Number": "14008424"
  },
  {
    "ID Number": "14008386"
  },
  {
    "ID Number": "14011050"
  },
  {
    "ID Number": "14008440"
  },
  {
    "ID Number": "14007177"
  },
  {
    "ID Number": "14008459"
  },
  {
    "ID Number": "14014190"
  },
  {
    "ID Number": "14003090"
  },
  {
    "ID Number": "14014319"
  },
  {
    "ID Number": "14008475"
  },
  {
    "ID Number": "14000059"
  },
  {
    "ID Number": "14004046"
  },
  {
    "ID Number": "34560742"
  },
  {
    "ID Number": "14004313"
  },
  {
    "ID Number": "14004321"
  },
  {
    "ID Number": "14000164"
  },
  {
    "ID Number": "14000121"
  },
  {
    "ID Number": "14004526"
  },
  {
    "ID Number": "14010267"
  },
  {
    "ID Number": "14005913"
  },
  {
    "ID Number": "14011662"
  },
  {
    "ID Number": "14018632"
  },
  {
    "ID Number": "14014157"
  },
  {
    "ID Number": "14006456"
  },
  {
    "ID Number": "14008521"
  },
  {
    "ID Number": "14014327"
  },
  {
    "ID Number": "14011557"
  },
  {
    "ID Number": "14005182"
  },
  {
    "ID Number": "14001241"
  },
  {
    "ID Number": "14011816"
  },
  {
    "ID Number": "14017644"
  },
  {
    "ID Number": "14016559"
  },
  {
    "ID Number": "14017229"
  },
  {
    "ID Number": "14003716"
  },
  {
    "ID Number": "14012766"
  },
  {
    "ID Number": "14016850"
  },
  {
    "ID Number": "14010283"
  },
  {
    "ID Number": "14007525"
  },
  {
    "ID Number": "14013061"
  },
  {
    "ID Number": "14008556"
  },
  {
    "ID Number": "14001330"
  },
  {
    "ID Number": "14014211"
  },
  {
    "ID Number": "14001365"
  },
  {
    "ID Number": "14010356"
  },
  {
    "ID Number": "14000679"
  },
  {
    "ID Number": "14012294"
  },
  {
    "ID Number": "14015153"
  },
  {
    "ID Number": "14013010"
  },
  {
    "ID Number": "14013690"
  },
  {
    "ID Number": "14018640"
  },
  {
    "ID Number": "14012510"
  },
  {
    "ID Number": "14004020"
  },
  {
    "ID Number": "14006251"
  },
  {
    "ID Number": "14006243"
  },
  {
    "ID Number": "14007533"
  },
  {
    "ID Number": "14009919"
  },
  {
    "ID Number": "14000946"
  },
  {
    "ID Number": "14013762"
  },
  {
    "ID Number": "14008599"
  },
  {
    "ID Number": "14007541"
  },
  {
    "ID Number": "14000881"
  },
  {
    "ID Number": "14013231"
  },
  {
    "ID Number": "14014076"
  },
  {
    "ID Number": "14008602"
  },
  {
    "ID Number": "14005247"
  },
  {
    "ID Number": "14018675"
  },
  {
    "ID Number": "14008610"
  },
  {
    "ID Number": "14016176"
  },
  {
    "ID Number": "14006618"
  },
  {
    "ID Number": "14015641"
  },
  {
    "ID Number": "14008637"
  },
  {
    "ID Number": "14011883"
  },
  {
    "ID Number": "14005514"
  },
  {
    "ID Number": "14000768"
  },
  {
    "ID Number": "14007134"
  },
  {
    "ID Number": "14008645"
  },
  {
    "ID Number": "14003643"
  },
  {
    "ID Number": "14014777"
  },
  {
    "ID Number": "14015773"
  },
  {
    "ID Number": "14014882"
  },
  {
    "ID Number": "14013339"
  },
  {
    "ID Number": "14013169"
  },
  {
    "ID Number": "14016168"
  },
  {
    "ID Number": "14010160"
  },
  {
    "ID Number": "14001098"
  },
  {
    "ID Number": "14010461"
  },
  {
    "ID Number": "14005522"
  },
  {
    "ID Number": "14011115"
  },
  {
    "ID Number": "14008661"
  },
  {
    "ID Number": "14005905"
  },
  {
    "ID Number": "14013614"
  },
  {
    "ID Number": "14015781"
  },
  {
    "ID Number": "14018667"
  },
  {
    "ID Number": "14004232"
  },
  {
    "ID Number": "14010984"
  },
  {
    "ID Number": "14008688"
  },
  {
    "ID Number": "14006510"
  },
  {
    "ID Number": "14017431"
  },
  {
    "ID Number": "14017237"
  },
  {
    "ID Number": "14012073"
  },
  {
    "ID Number": "14017288"
  },
  {
    "ID Number": "14001845"
  },
  {
    "ID Number": "14003236"
  },
  {
    "ID Number": "14011786"
  },
  {
    "ID Number": "14007592"
  },
  {
    "ID Number": "14000989"
  },
  {
    "ID Number": "14016583"
  },
  {
    "ID Number": "14006367"
  },
  {
    "ID Number": "14010615"
  },
  {
    "ID Number": "14006804"
  },
  {
    "ID Number": "14006812"
  },
  {
    "ID Number": "14008700"
  },
  {
    "ID Number": "14014890"
  },
  {
    "ID Number": "14007088"
  },
  {
    "ID Number": "14012316"
  },
  {
    "ID Number": "14008718"
  },
  {
    "ID Number": "14012103"
  },
  {
    "ID Number": "14012634"
  },
  {
    "ID Number": "14016605"
  },
  {
    "ID Number": "14008726"
  },
  {
    "ID Number": "14010330"
  },
  {
    "ID Number": "14010348"
  },
  {
    "ID Number": "14005530"
  },
  {
    "ID Number": "14011166"
  },
  {
    "ID Number": "14008777"
  },
  {
    "ID Number": "14008769"
  },
  {
    "ID Number": "14011190"
  },
  {
    "ID Number": "14011042"
  },
  {
    "ID Number": "14008785"
  },
  {
    "ID Number": "14013860"
  },
  {
    "ID Number": "14007029"
  },
  {
    "ID Number": "14007037"
  },
  {
    "ID Number": "14007223"
  },
  {
    "ID Number": "14017350"
  },
  {
    "ID Number": "14017148"
  },
  {
    "ID Number": "14011310"
  },
  {
    "ID Number": "14002990"
  },
  {
    "ID Number": "14006740"
  },
  {
    "ID Number": "14010208"
  },
  {
    "ID Number": "14013703"
  },
  {
    "ID Number": "14013967"
  },
  {
    "ID Number": "14000628"
  },
  {
    "ID Number": "14016630"
  },
  {
    "ID Number": "14004593"
  },
  {
    "ID Number": "14005549"
  },
  {
    "ID Number": "14010291"
  },
  {
    "ID Number": "14006383"
  },
  {
    "ID Number": "14007290"
  },
  {
    "ID Number": "14003058"
  },
  {
    "ID Number": "14004607"
  },
  {
    "ID Number": "24135046"
  },
  {
    "ID Number": "14006758"
  },
  {
    "ID Number": "14001870"
  },
  {
    "ID Number": "14016419"
  },
  {
    "ID Number": "14005824"
  },
  {
    "ID Number": "14003880"
  },
  {
    "ID Number": "14007231"
  },
  {
    "ID Number": "14007401"
  },
  {
    "ID Number": "14004631"
  },
  {
    "ID Number": "14010135"
  },
  {
    "ID Number": "14005557"
  },
  {
    "ID Number": "14018594"
  },
  {
    "ID Number": "14011263"
  },
  {
    "ID Number": "14004135"
  },
  {
    "ID Number": "14016060"
  },
  {
    "ID Number": "14010933"
  },
  {
    "ID Number": "14001152"
  },
  {
    "ID Number": "14017296"
  },
  {
    "ID Number": "14003503"
  },
  {
    "ID Number": "14008874"
  },
  {
    "ID Number": "14016320"
  },
  {
    "ID Number": "14000903"
  },
  {
    "ID Number": "14007185"
  },
  {
    "ID Number": "14010755"
  },
  {
    "ID Number": "14000369"
  },
  {
    "ID Number": "14016370"
  },
  {
    "ID Number": "14010739"
  },
  {
    "ID Number": "14013673"
  },
  {
    "ID Number": "14016095"
  },
  {
    "ID Number": "14011522"
  },
  {
    "ID Number": "14008947"
  },
  {
    "ID Number": "14014556"
  },
  {
    "ID Number": "14014220"
  },
  {
    "ID Number": "14004003"
  },
  {
    "ID Number": "14007215"
  },
  {
    "ID Number": "14001896"
  },
  {
    "ID Number": "14006928"
  },
  {
    "ID Number": "14003694"
  },
  {
    "ID Number": "14001500"
  },
  {
    "ID Number": "14005271"
  },
  {
    "ID Number": "14003902"
  },
  {
    "ID Number": "14012642"
  },
  {
    "ID Number": "14014360"
  },
  {
    "ID Number": "14007460"
  },
  {
    "ID Number": "14011921"
  },
  {
    "ID Number": "14018969"
  },
  {
    "ID Number": "14008971"
  },
  {
    "ID Number": "14007096"
  },
  {
    "ID Number": "14006529"
  },
  {
    "ID Number": "14006030"
  },
  {
    "ID Number": "14001527"
  },
  {
    "ID Number": "14011654"
  },
  {
    "ID Number": "14008980"
  },
  {
    "ID Number": "14010470"
  },
  {
    "ID Number": "14010224"
  },
  {
    "ID Number": "14009048"
  },
  {
    "ID Number": "14010232"
  },
  {
    "ID Number": "14009080"
  },
  {
    "ID Number": "14009099"
  },
  {
    "ID Number": "14006820"
  },
  {
    "ID Number": "14012138"
  },
  {
    "ID Number": "14011379"
  },
  {
    "ID Number": "14002108"
  },
  {
    "ID Number": "14009102"
  },
  {
    "ID Number": "14015978"
  },
  {
    "ID Number": "14014378"
  },
  {
    "ID Number": "14009110"
  },
  {
    "ID Number": "14006960"
  },
  {
    "ID Number": "14004291"
  },
  {
    "ID Number": "14007320"
  },
  {
    "ID Number": "14000547"
  },
  {
    "ID Number": "14009145"
  },
  {
    "ID Number": "14009153"
  },
  {
    "ID Number": "14016931"
  },
  {
    "ID Number": "14015170"
  },
  {
    "ID Number": "14009161"
  },
  {
    "ID Number": "14007371"
  },
  {
    "ID Number": "14005581"
  },
  {
    "ID Number": "14011077"
  },
  {
    "ID Number": "14016672"
  },
  {
    "ID Number": "14002280"
  },
  {
    "ID Number": "14018608"
  },
  {
    "ID Number": "14009170"
  },
  {
    "ID Number": "14011670"
  },
  {
    "ID Number": "14011689"
  },
  {
    "ID Number": "14007355"
  },
  {
    "ID Number": "14001551"
  },
  {
    "ID Number": "14010909"
  },
  {
    "ID Number": "14009196"
  },
  {
    "ID Number": "14016133"
  },
  {
    "ID Number": "14011948"
  },
  {
    "ID Number": "14018519"
  },
  {
    "ID Number": "14018276"
  },
  {
    "ID Number": "14009200"
  },
  {
    "ID Number": "14011956"
  },
  {
    "ID Number": "14009218"
  },
  {
    "ID Number": "14003937"
  },
  {
    "ID Number": "14009226"
  },
  {
    "ID Number": "14012146"
  },
  {
    "ID Number": "14004712"
  },
  {
    "ID Number": "14011085"
  },
  {
    "ID Number": "14009269"
  },
  {
    "ID Number": "14005727"
  },
  {
    "ID Number": "14016680"
  },
  {
    "ID Number": "14003783"
  },
  {
    "ID Number": "14000091"
  },
  {
    "ID Number": "14001578"
  },
  {
    "ID Number": "14007452"
  },
  {
    "ID Number": "14013312"
  },
  {
    "ID Number": "14007436"
  },
  {
    "ID Number": "14010771"
  },
  {
    "ID Number": "14005590"
  },
  {
    "ID Number": "14012154"
  },
  {
    "ID Number": "14012812"
  },
  {
    "ID Number": "14014084"
  },
  {
    "ID Number": "14009331"
  },
  {
    "ID Number": "14003031"
  },
  {
    "ID Number": "14001888"
  },
  {
    "ID Number": "14009340"
  },
  {
    "ID Number": "14016699"
  },
  {
    "ID Number": "14007118"
  },
  {
    "ID Number": "14011646"
  },
  {
    "ID Number": "14007142"
  },
  {
    "ID Number": "14007380"
  },
  {
    "ID Number": "14006782"
  },
  {
    "ID Number": "14013347"
  },
  {
    "ID Number": "14000431"
  },
  {
    "ID Number": "14002248"
  },
  {
    "ID Number": "14006049"
  },
  {
    "ID Number": "14016354"
  },
  {
    "ID Number": "14006421"
  },
  {
    "ID Number": "14007410"
  },
  {
    "ID Number": "14010526"
  },
  {
    "ID Number": "14013410"
  },
  {
    "ID Number": "14005611"
  },
  {
    "ID Number": "14009404"
  },
  {
    "ID Number": "14012375"
  },
  {
    "ID Number": "14009439"
  },
  {
    "ID Number": "14009455"
  },
  {
    "ID Number": "14009463"
  },
  {
    "ID Number": "14013134"
  },
  {
    "ID Number": "14009471"
  },
  {
    "ID Number": "14005018"
  },
  {
    "ID Number": "14003651"
  },
  {
    "ID Number": "14011069"
  },
  {
    "ID Number": "14006847"
  },
  {
    "ID Number": "14009498"
  },
  {
    "ID Number": "14013630"
  },
  {
    "ID Number": "14006480"
  },
  {
    "ID Number": "14015994"
  },
  {
    "ID Number": "14015900"
  },
  {
    "ID Number": "14004771"
  },
  {
    "ID Number": "14001918"
  },
  {
    "ID Number": "14016826"
  },
  {
    "ID Number": "14003929"
  },
  {
    "ID Number": "14006324"
  },
  {
    "ID Number": "14009510"
  },
  {
    "ID Number": "14009528"
  },
  {
    "ID Number": "14009536"
  },
  {
    "ID Number": "14011530"
  },
  {
    "ID Number": "14015684"
  },
  {
    "ID Number": "14005794"
  },
  {
    "ID Number": "14013886"
  },
  {
    "ID Number": "14004011"
  },
  {
    "ID Number": "14015870"
  },
  {
    "ID Number": "14006855"
  },
  {
    "ID Number": "14009927"
  },
  {
    "ID Number": "14010127"
  },
  {
    "ID Number": "14014840"
  },
  {
    "ID Number": "14013789"
  },
  {
    "ID Number": "14013150"
  },
  {
    "ID Number": "14010534"
  },
  {
    "ID Number": "14006669"
  },
  {
    "ID Number": "14006677"
  },
  {
    "ID Number": "14011336"
  },
  {
    "ID Number": "14004801"
  },
  {
    "ID Number": "14016338"
  },
  {
    "ID Number": "14006499"
  },
  {
    "ID Number": "14000865"
  },
  {
    "ID Number": "14009587"
  },
  {
    "ID Number": "14009609"
  },
  {
    "ID Number": "14012774"
  },
  {
    "ID Number": "14009617"
  },
  {
    "ID Number": "14009625"
  },
  {
    "ID Number": "14004810"
  },
  {
    "ID Number": "14007487"
  },
  {
    "ID Number": "14007495"
  },
  {
    "ID Number": "14013088"
  },
  {
    "ID Number": "14006642"
  },
  {
    "ID Number": "14004836"
  },
  {
    "ID Number": "14012669"
  },
  {
    "ID Number": "14011514"
  },
  {
    "ID Number": "14016044"
  },
  {
    "ID Number": "14009668"
  },
  {
    "ID Number": "14014432"
  },
  {
    "ID Number": "14009676"
  },
  {
    "ID Number": "14018373"
  },
  {
    "ID Number": "14004844"
  },
  {
    "ID Number": "14005972"
  },
  {
    "ID Number": "14010240"
  },
  {
    "ID Number": "14009692"
  },
  {
    "ID Number": "14000610"
  },
  {
    "ID Number": "14005646"
  },
  {
    "ID Number": "14004160"
  },
  {
    "ID Number": "14004089"
  },
  {
    "ID Number": "14004259"
  },
  {
    "ID Number": "14000504"
  },
  {
    "ID Number": "14011328"
  },
  {
    "ID Number": "14012383"
  },
  {
    "ID Number": "14001713"
  },
  {
    "ID Number": "14016737"
  },
  {
    "ID Number": "14003775"
  },
  {
    "ID Number": "14006537"
  },
  {
    "ID Number": "14005786"
  },
  {
    "ID Number": "14009730"
  },
  {
    "ID Number": "14003767"
  },
  {
    "ID Number": "14015838"
  },
  {
    "ID Number": "14010429"
  },
  {
    "ID Number": "14004895"
  },
  {
    "ID Number": "14012391"
  },
  {
    "ID Number": "14012405"
  },
  {
    "ID Number": "14014904"
  },
  {
    "ID Number": "14001730"
  },
  {
    "ID Number": "14014041"
  },
  {
    "ID Number": "14005204"
  },
  {
    "ID Number": "14003856"
  },
  {
    "ID Number": "14006790"
  },
  {
    "ID Number": "14005298"
  },
  {
    "ID Number": "14013649"
  },
  {
    "ID Number": "14016036"
  },
  {
    "ID Number": "14016222"
  },
  {
    "ID Number": "14001314"
  },
  {
    "ID Number": "14002272"
  },
  {
    "ID Number": "14007606"
  },
  {
    "ID Number": "14016435"
  },
  {
    "ID Number": "14010887"
  },
  {
    "ID Number": "14009790"
  },
  {
    "ID Number": "14018659"
  },
  {
    "ID Number": "14009960"
  },
  {
    "ID Number": "14012871"
  },
  {
    "ID Number": "14007193"
  },
  {
    "ID Number": "14009820"
  },
  {
    "ID Number": "14004933"
  },
  {
    "ID Number": "14003120"
  },
  {
    "ID Number": "14005239"
  },
  {
    "ID Number": "14003074"
  },
  {
    "ID Number": "14001322"
  },
  {
    "ID Number": "14004950"
  },
  {
    "ID Number": "14000873"
  },
  {
    "ID Number": "14010607"
  },
  {
    "ID Number": "14015617"
  },
  {
    "ID Number": "14006944"
  },
  {
    "ID Number": "14015862"
  },
  {
    "ID Number": "14009854"
  },
  {
    "ID Number": "14006472"
  },
  {
    "ID Number": "14010410"
  },
  {
    "ID Number": "14016206"
  },
  {
    "ID Number": "14009870"
  },
  {
    "ID Number": "14005875"
  },
  {
    "ID Number": "14007304"
  },
  {
    "ID Number": "14009889"
  },
  {
    "ID Number": "14000806"
  },
  {
    "ID Number": "14006650"
  }
]