[
  {
    "ID Number": "13106520"
  },
  {
    "ID Number": "13105779"
  },
  {
    "ID Number": "13105817"
  },
  {
    "ID Number": "13112155"
  },
  {
    "ID Number": "13101943"
  },
  {
    "ID Number": "13102036"
  },
  {
    "ID Number": "13112210"
  },
  {
    "ID Number": "13109545"
  },
  {
    "ID Number": "13101552"
  },
  {
    "ID Number": "13100467"
  },
  {
    "ID Number": "13106511"
  },
  {
    "ID Number": "13111450"
  },
  {
    "ID Number": "13107852"
  },
  {
    "ID Number": "13104276"
  },
  {
    "ID Number": "13107836"
  },
  {
    "ID Number": "13102877"
  },
  {
    "ID Number": "13101056"
  },
  {
    "ID Number": "13107119"
  },
  {
    "ID Number": "13102303"
  },
  {
    "ID Number": "13103431"
  },
  {
    "ID Number": "13102605"
  },
  {
    "ID Number": "13106392"
  },
  {
    "ID Number": "13100475"
  },
  {
    "ID Number": "13110683"
  },
  {
    "ID Number": "13103970"
  },
  {
    "ID Number": "13109693"
  },
  {
    "ID Number": "13104560"
  },
  {
    "ID Number": "13100270"
  },
  {
    "ID Number": "13107704"
  },
  {
    "ID Number": "13106562"
  },
  {
    "ID Number": "13100858"
  },
  {
    "ID Number": "13108573"
  },
  {
    "ID Number": "13110896"
  },
  {
    "ID Number": "13105540"
  },
  {
    "ID Number": "13111280"
  },
  {
    "ID Number": "13103806"
  },
  {
    "ID Number": "13102400"
  },
  {
    "ID Number": "13101986"
  },
  {
    "ID Number": "13105280"
  },
  {
    "ID Number": "13102494"
  },
  {
    "ID Number": "13102478"
  },
  {
    "ID Number": "13112457"
  },
  {
    "ID Number": "13112031"
  },
  {
    "ID Number": "13105981"
  },
  {
    "ID Number": "13111639"
  },
  {
    "ID Number": "13106406"
  },
  {
    "ID Number": "13104179"
  },
  {
    "ID Number": "13107208"
  },
  {
    "ID Number": "13110241"
  },
  {
    "ID Number": "13102702"
  },
  {
    "ID Number": "13105680"
  },
  {
    "ID Number": "13108158"
  },
  {
    "ID Number": "13108352"
  },
  {
    "ID Number": "13109472"
  },
  {
    "ID Number": "13107380"
  },
  {
    "ID Number": "13103180"
  },
  {
    "ID Number": "13105582"
  },
  {
    "ID Number": "13109278"
  },
  {
    "ID Number": "13100076"
  },
  {
    "ID Number": "13103105"
  },
  {
    "ID Number": "13100971"
  },
  {
    "ID Number": "13106970"
  },
  {
    "ID Number": "13107585"
  },
  {
    "ID Number": "13107267"
  },
  {
    "ID Number": "13103202"
  },
  {
    "ID Number": "13103709"
  },
  {
    "ID Number": "13105868"
  },
  {
    "ID Number": "13107755"
  },
  {
    "ID Number": "13101048"
  },
  {
    "ID Number": "13104780"
  },
  {
    "ID Number": "13112368"
  },
  {
    "ID Number": "13104284"
  },
  {
    "ID Number": "13100033"
  },
  {
    "ID Number": "13107747"
  },
  {
    "ID Number": "13108069"
  },
  {
    "ID Number": "13112074"
  },
  {
    "ID Number": "13104578"
  },
  {
    "ID Number": "13104870"
  },
  {
    "ID Number": "13101919"
  },
  {
    "ID Number": "13106996"
  },
  {
    "ID Number": "13107011"
  },
  {
    "ID Number": "13103032"
  },
  {
    "ID Number": "13108328"
  },
  {
    "ID Number": "13103458"
  },
  {
    "ID Number": "13101145"
  },
  {
    "ID Number": "13104020"
  },
  {
    "ID Number": "13106538"
  },
  {
    "ID Number": "13105990"
  },
  {
    "ID Number": "13100220"
  },
  {
    "ID Number": "13101560"
  },
  {
    "ID Number": "13100246"
  },
  {
    "ID Number": "13107127"
  },
  {
    "ID Number": "13112376"
  },
  {
    "ID Number": "13106279"
  },
  {
    "ID Number": "13102583"
  },
  {
    "ID Number": "13105698"
  },
  {
    "ID Number": "13105299"
  },
  {
    "ID Number": "13103121"
  },
  {
    "ID Number": "13103130"
  },
  {
    "ID Number": "13107402"
  },
  {
    "ID Number": "13101579"
  },
  {
    "ID Number": "13107135"
  },
  {
    "ID Number": "13105671"
  },
  {
    "ID Number": "13104349"
  },
  {
    "ID Number": "13105876"
  },
  {
    "ID Number": "13111299"
  },
  {
    "ID Number": "13110330"
  },
  {
    "ID Number": "13104888"
  },
  {
    "ID Number": "13100980"
  },
  {
    "ID Number": "13101463"
  },
  {
    "ID Number": "13105566"
  },
  {
    "ID Number": "13102729"
  },
  {
    "ID Number": "13108263"
  },
  {
    "ID Number": "13105922"
  },
  {
    "ID Number": "13110268"
  },
  {
    "ID Number": "13105116"
  },
  {
    "ID Number": "13105825"
  },
  {
    "ID Number": "13108360"
  },
  {
    "ID Number": "13105736"
  },
  {
    "ID Number": "13103466"
  },
  {
    "ID Number": "13105604"
  },
  {
    "ID Number": "13105930"
  },
  {
    "ID Number": "13101129"
  },
  {
    "ID Number": "13104586"
  },
  {
    "ID Number": "13106384"
  },
  {
    "ID Number": "13110721"
  },
  {
    "ID Number": "13110160"
  },
  {
    "ID Number": "13100890"
  },
  {
    "ID Number": "13101064"
  },
  {
    "ID Number": "13103210"
  },
  {
    "ID Number": "13100939"
  },
  {
    "ID Number": "13101404"
  },
  {
    "ID Number": "13105884"
  },
  {
    "ID Number": "13108611"
  },
  {
    "ID Number": "13101072"
  },
  {
    "ID Number": "13105949"
  },
  {
    "ID Number": "13109332"
  },
  {
    "ID Number": "13101234"
  },
  {
    "ID Number": "13103636"
  },
  {
    "ID Number": "13102176"
  },
  {
    "ID Number": "13108425"
  },
  {
    "ID Number": "13105558"
  },
  {
    "ID Number": "13100319"
  },
  {
    "ID Number": "13110861"
  },
  {
    "ID Number": "13100491"
  },
  {
    "ID Number": "13103539"
  },
  {
    "ID Number": "13112384"
  },
  {
    "ID Number": "13101978"
  },
  {
    "ID Number": "13103148"
  },
  {
    "ID Number": "13105612"
  },
  {
    "ID Number": "13102974"
  },
  {
    "ID Number": "13105957"
  },
  {
    "ID Number": "13102656"
  },
  {
    "ID Number": "13109715"
  },
  {
    "ID Number": "13109723"
  },
  {
    "ID Number": "13107356"
  },
  {
    "ID Number": "13104900"
  },
  {
    "ID Number": "13105787"
  },
  {
    "ID Number": "13100262"
  },
  {
    "ID Number": "13105701"
  },
  {
    "ID Number": "13104802"
  },
  {
    "ID Number": "13111256"
  },
  {
    "ID Number": "13110691"
  },
  {
    "ID Number": "13103440"
  },
  {
    "ID Number": "13103814"
  },
  {
    "ID Number": "13108646"
  },
  {
    "ID Number": "13108433"
  },
  {
    "ID Number": "13104209"
  },
  {
    "ID Number": "13102257"
  },
  {
    "ID Number": "13102516"
  },
  {
    "ID Number": "13101242"
  },
  {
    "ID Number": "13100513"
  },
  {
    "ID Number": "13101455"
  },
  {
    "ID Number": "13102346"
  },
  {
    "ID Number": "13104101"
  },
  {
    "ID Number": "13105833"
  },
  {
    "ID Number": "13105485"
  },
  {
    "ID Number": "13105795"
  },
  {
    "ID Number": "13104527"
  },
  {
    "ID Number": "13103644"
  },
  {
    "ID Number": "13104470"
  },
  {
    "ID Number": "13109260"
  },
  {
    "ID Number": "13105205"
  },
  {
    "ID Number": "13100866"
  },
  {
    "ID Number": "13107429"
  },
  {
    "ID Number": "13103237"
  },
  {
    "ID Number": "13107860"
  },
  {
    "ID Number": "13100181"
  },
  {
    "ID Number": "13108484"
  },
  {
    "ID Number": "13102524"
  },
  {
    "ID Number": "13102010"
  },
  {
    "ID Number": "13101595"
  },
  {
    "ID Number": "13112430"
  },
  {
    "ID Number": "13101609"
  },
  {
    "ID Number": "13110179"
  },
  {
    "ID Number": "13111426"
  },
  {
    "ID Number": "13100530"
  },
  {
    "ID Number": "13100548"
  },
  {
    "ID Number": "13100521"
  },
  {
    "ID Number": "13109618"
  },
  {
    "ID Number": "13105515"
  },
  {
    "ID Number": "13103423"
  },
  {
    "ID Number": "13112600"
  },
  {
    "ID Number": "13101218"
  },
  {
    "ID Number": "13100017"
  },
  {
    "ID Number": "13107291"
  },
  {
    "ID Number": "13109502"
  },
  {
    "ID Number": "13107879"
  },
  {
    "ID Number": "13102079"
  },
  {
    "ID Number": "13109316"
  },
  {
    "ID Number": "13101862"
  },
  {
    "ID Number": "13112449"
  },
  {
    "ID Number": "13102095"
  },
  {
    "ID Number": "13104110"
  },
  {
    "ID Number": "13110357"
  },
  {
    "ID Number": "13104080"
  },
  {
    "ID Number": "13101188"
  },
  {
    "ID Number": "13105655"
  },
  {
    "ID Number": "13103024"
  },
  {
    "ID Number": "13106295"
  },
  {
    "ID Number": "13106309"
  },
  {
    "ID Number": "13108395"
  },
  {
    "ID Number": "13108492"
  },
  {
    "ID Number": "13101510"
  },
  {
    "ID Number": "13100300"
  },
  {
    "ID Number": "13100564"
  },
  {
    "ID Number": "13109570"
  },
  {
    "ID Number": "13104292"
  },
  {
    "ID Number": "13111604"
  },
  {
    "ID Number": "13105388"
  },
  {
    "ID Number": "13100238"
  },
  {
    "ID Number": "13111612"
  },
  {
    "ID Number": "13100378"
  },
  {
    "ID Number": "13100572"
  },
  {
    "ID Number": "13106457"
  },
  {
    "ID Number": "13103067"
  },
  {
    "ID Number": "13103059"
  },
  {
    "ID Number": "13100580"
  },
  {
    "ID Number": "13101323"
  },
  {
    "ID Number": "13102109"
  },
  {
    "ID Number": "13112627"
  },
  {
    "ID Number": "13102966"
  },
  {
    "ID Number": "13109588"
  },
  {
    "ID Number": "13112635"
  },
  {
    "ID Number": "13103407"
  },
  {
    "ID Number": "13105710"
  },
  {
    "ID Number": "36054836"
  },
  {
    "ID Number": "13102087"
  },
  {
    "ID Number": "13112643"
  },
  {
    "ID Number": "13103083"
  },
  {
    "ID Number": "13100424"
  },
  {
    "ID Number": "13109812"
  },
  {
    "ID Number": "13100610"
  },
  {
    "ID Number": "13108441"
  },
  {
    "ID Number": "13108506"
  },
  {
    "ID Number": "13107020"
  },
  {
    "ID Number": "13100629"
  },
  {
    "ID Number": "13102753"
  },
  {
    "ID Number": "13106902"
  },
  {
    "ID Number": "13109820"
  },
  {
    "ID Number": "13109731"
  },
  {
    "ID Number": "13100165"
  },
  {
    "ID Number": "13101226"
  },
  {
    "ID Number": "13105841"
  },
  {
    "ID Number": "13104365"
  },
  {
    "ID Number": "13104810"
  },
  {
    "ID Number": "13106350"
  },
  {
    "ID Number": "13101927"
  },
  {
    "ID Number": "13109650"
  },
  {
    "ID Number": "13100874"
  },
  {
    "ID Number": "13108417"
  },
  {
    "ID Number": "13101099"
  },
  {
    "ID Number": "13110870"
  },
  {
    "ID Number": "13101102"
  },
  {
    "ID Number": "13102915"
  },
  {
    "ID Number": "13104594"
  },
  {
    "ID Number": "13106600"
  },
  {
    "ID Number": "13112520"
  },
  {
    "ID Number": "13106023"
  },
  {
    "ID Number": "13110977"
  },
  {
    "ID Number": "13102982"
  },
  {
    "ID Number": "13104772"
  },
  {
    "ID Number": "13101412"
  },
  {
    "ID Number": "13101870"
  },
  {
    "ID Number": "13103075"
  },
  {
    "ID Number": "13105531"
  },
  {
    "ID Number": "13107143"
  },
  {
    "ID Number": "13103857"
  },
  {
    "ID Number": "13104535"
  },
  {
    "ID Number": "13101358"
  },
  {
    "ID Number": "13109669"
  },
  {
    "ID Number": "13104543"
  },
  {
    "ID Number": "13109537"
  },
  {
    "ID Number": "13104730"
  },
  {
    "ID Number": "13109464"
  },
  {
    "ID Number": "13109340"
  },
  {
    "ID Number": "13110888"
  },
  {
    "ID Number": "13109642"
  },
  {
    "ID Number": "13104748"
  },
  {
    "ID Number": "13111396"
  },
  {
    "ID Number": "13104306"
  },
  {
    "ID Number": "13102761"
  },
  {
    "ID Number": "13101447"
  },
  {
    "ID Number": "13100050"
  },
  {
    "ID Number": "13101005"
  },
  {
    "ID Number": "13100068"
  },
  {
    "ID Number": "13101153"
  },
  {
    "ID Number": "13102621"
  },
  {
    "ID Number": "13102389"
  },
  {
    "ID Number": "13101340"
  },
  {
    "ID Number": "13104489"
  },
  {
    "ID Number": "13107526"
  },
  {
    "ID Number": "13106031"
  },
  {
    "ID Number": "13106040"
  },
  {
    "ID Number": "13109413"
  },
  {
    "ID Number": "13108514"
  },
  {
    "ID Number": "13106058"
  },
  {
    "ID Number": "13104829"
  },
  {
    "ID Number": "13104411"
  },
  {
    "ID Number": "13100637"
  },
  {
    "ID Number": "13100645"
  },
  {
    "ID Number": "13109014"
  },
  {
    "ID Number": "13102664"
  },
  {
    "ID Number": "13111248"
  },
  {
    "ID Number": "13103920"
  },
  {
    "ID Number": "13107038"
  },
  {
    "ID Number": "13103717"
  },
  {
    "ID Number": "13108379"
  },
  {
    "ID Number": "13106066"
  },
  {
    "ID Number": "13110071"
  },
  {
    "ID Number": "13112716"
  },
  {
    "ID Number": "13103261"
  },
  {
    "ID Number": "13105167"
  },
  {
    "ID Number": "13109030"
  },
  {
    "ID Number": "13110381"
  },
  {
    "ID Number": "13102850"
  },
  {
    "ID Number": "13107887"
  },
  {
    "ID Number": "13103288"
  },
  {
    "ID Number": "13106074"
  },
  {
    "ID Number": "13101935"
  },
  {
    "ID Number": "13101889"
  },
  {
    "ID Number": "13100173"
  },
  {
    "ID Number": "13105620"
  },
  {
    "ID Number": "13108239"
  },
  {
    "ID Number": "13101250"
  },
  {
    "ID Number": "13102630"
  },
  {
    "ID Number": "13110217"
  },
  {
    "ID Number": "13103610"
  },
  {
    "ID Number": "13106465"
  },
  {
    "ID Number": "13106783"
  },
  {
    "ID Number": "13103504"
  },
  {
    "ID Number": "13104128"
  },
  {
    "ID Number": "13102532"
  },
  {
    "ID Number": "13101366"
  },
  {
    "ID Number": "13107895"
  },
  {
    "ID Number": "13112724"
  },
  {
    "ID Number": "13108310"
  },
  {
    "ID Number": "13100653"
  },
  {
    "ID Number": "13100661"
  },
  {
    "ID Number": "13100670"
  },
  {
    "ID Number": "13107739"
  },
  {
    "ID Number": "13103512"
  },
  {
    "ID Number": "13111035"
  },
  {
    "ID Number": "13111264"
  },
  {
    "ID Number": "13102648"
  },
  {
    "ID Number": "13102540"
  },
  {
    "ID Number": "13102559"
  },
  {
    "ID Number": "13111230"
  },
  {
    "ID Number": "13102923"
  },
  {
    "ID Number": "13109375"
  },
  {
    "ID Number": "13101269"
  },
  {
    "ID Number": "13104144"
  },
  {
    "ID Number": "13102125"
  },
  {
    "ID Number": "13109057"
  },
  {
    "ID Number": "13101374"
  },
  {
    "ID Number": "13112058"
  },
  {
    "ID Number": "13100351"
  },
  {
    "ID Number": "13102265"
  },
  {
    "ID Number": "13100440"
  },
  {
    "ID Number": "13100998"
  },
  {
    "ID Number": "13111582"
  },
  {
    "ID Number": "13109839"
  },
  {
    "ID Number": "13103156"
  },
  {
    "ID Number": "13101030"
  },
  {
    "ID Number": "13112147"
  },
  {
    "ID Number": "13101277"
  },
  {
    "ID Number": "13106473"
  },
  {
    "ID Number": "13110390"
  },
  {
    "ID Number": "13100688"
  },
  {
    "ID Number": "13103040"
  },
  {
    "ID Number": "13110225"
  },
  {
    "ID Number": "13105175"
  },
  {
    "ID Number": "13101641"
  },
  {
    "ID Number": "13104497"
  },
  {
    "ID Number": "13104250"
  },
  {
    "ID Number": "13103660"
  },
  {
    "ID Number": "13109944"
  },
  {
    "ID Number": "13107917"
  },
  {
    "ID Number": "13100904"
  },
  {
    "ID Number": "13104500"
  },
  {
    "ID Number": "13100254"
  },
  {
    "ID Number": "13105418"
  },
  {
    "ID Number": "13111353"
  },
  {
    "ID Number": "13100084"
  },
  {
    "ID Number": "13101331"
  },
  {
    "ID Number": "13100696"
  },
  {
    "ID Number": "13110802"
  },
  {
    "ID Number": "13104403"
  },
  {
    "ID Number": "13100700"
  },
  {
    "ID Number": "13110918"
  },
  {
    "ID Number": "13102001"
  },
  {
    "ID Number": "13103334"
  },
  {
    "ID Number": "13100726"
  },
  {
    "ID Number": "13100734"
  },
  {
    "ID Number": "13107615"
  },
  {
    "ID Number": "13110411"
  },
  {
    "ID Number": "13100025"
  },
  {
    "ID Number": "13109421"
  },
  {
    "ID Number": "13110420"
  },
  {
    "ID Number": "13107941"
  },
  {
    "ID Number": "13109359"
  },
  {
    "ID Number": "13109324"
  },
  {
    "ID Number": "13103580"
  },
  {
    "ID Number": "13106635"
  },
  {
    "ID Number": "13106147"
  },
  {
    "ID Number": "13108751"
  },
  {
    "ID Number": "13111094"
  },
  {
    "ID Number": "13107844"
  },
  {
    "ID Number": "13106155"
  },
  {
    "ID Number": "13108093"
  },
  {
    "ID Number": "13106643"
  },
  {
    "ID Number": "13108220"
  },
  {
    "ID Number": "13107950"
  },
  {
    "ID Number": "13111485"
  },
  {
    "ID Number": "13102273"
  },
  {
    "ID Number": "13101528"
  },
  {
    "ID Number": "13111400"
  },
  {
    "ID Number": "13103164"
  },
  {
    "ID Number": "13100742"
  },
  {
    "ID Number": "13101668"
  },
  {
    "ID Number": "13111493"
  },
  {
    "ID Number": "13102672"
  },
  {
    "ID Number": "13106163"
  },
  {
    "ID Number": "13101200"
  },
  {
    "ID Number": "13102354"
  },
  {
    "ID Number": "13101676"
  },
  {
    "ID Number": "13110098"
  },
  {
    "ID Number": "13104683"
  },
  {
    "ID Number": "13105434"
  },
  {
    "ID Number": "13104012"
  },
  {
    "ID Number": "13111043"
  },
  {
    "ID Number": "13102869"
  },
  {
    "ID Number": "13100343"
  },
  {
    "ID Number": "13112350"
  },
  {
    "ID Number": "13104608"
  },
  {
    "ID Number": "13102770"
  },
  {
    "ID Number": "13110926"
  },
  {
    "ID Number": "13108107"
  },
  {
    "ID Number": "13109863"
  },
  {
    "ID Number": "13104314"
  },
  {
    "ID Number": "13108298"
  },
  {
    "ID Number": "13105744"
  },
  {
    "ID Number": "13101684"
  },
  {
    "ID Number": "13103679"
  },
  {
    "ID Number": "13104055"
  },
  {
    "ID Number": "13108530"
  },
  {
    "ID Number": "13101900"
  },
  {
    "ID Number": "13106546"
  },
  {
    "ID Number": "13110101"
  },
  {
    "ID Number": "13102052"
  },
  {
    "ID Number": "13101897"
  },
  {
    "ID Number": "13105426"
  },
  {
    "ID Number": "13108549"
  },
  {
    "ID Number": "13107186"
  },
  {
    "ID Number": "13107720"
  },
  {
    "ID Number": "13103520"
  },
  {
    "ID Number": "13103784"
  },
  {
    "ID Number": "13102591"
  },
  {
    "ID Number": "13103601"
  },
  {
    "ID Number": "13106368"
  },
  {
    "ID Number": "13108450"
  },
  {
    "ID Number": "13102192"
  },
  {
    "ID Number": "13106341"
  },
  {
    "ID Number": "13104756"
  },
  {
    "ID Number": "13105256"
  },
  {
    "ID Number": "13105183"
  },
  {
    "ID Number": "13101692"
  },
  {
    "ID Number": "13106210"
  },
  {
    "ID Number": "13108018"
  },
  {
    "ID Number": "13103962"
  },
  {
    "ID Number": "13110837"
  },
  {
    "ID Number": "13106961"
  },
  {
    "ID Number": "13107461"
  },
  {
    "ID Number": "13112481"
  },
  {
    "ID Number": "13107968"
  },
  {
    "ID Number": "13101714"
  },
  {
    "ID Number": "13109383"
  },
  {
    "ID Number": "13112490"
  },
  {
    "ID Number": "13101706"
  },
  {
    "ID Number": "13105035"
  },
  {
    "ID Number": "13106651"
  },
  {
    "ID Number": "13109871"
  },
  {
    "ID Number": "13109766"
  },
  {
    "ID Number": "13112503"
  },
  {
    "ID Number": "13101722"
  },
  {
    "ID Number": "13112287"
  },
  {
    "ID Number": "13102575"
  },
  {
    "ID Number": "13103547"
  },
  {
    "ID Number": "13109561"
  },
  {
    "ID Number": "13105213"
  },
  {
    "ID Number": "13104837"
  },
  {
    "ID Number": "13112732"
  },
  {
    "ID Number": "13105965"
  },
  {
    "ID Number": "13100769"
  },
  {
    "ID Number": "13103687"
  },
  {
    "ID Number": "13104454"
  },
  {
    "ID Number": "13112295"
  },
  {
    "ID Number": "13111515"
  },
  {
    "ID Number": "13108824"
  },
  {
    "ID Number": "13101994"
  },
  {
    "ID Number": "13103172"
  },
  {
    "ID Number": "13101137"
  },
  {
    "ID Number": "13100777"
  },
  {
    "ID Number": "13105639"
  },
  {
    "ID Number": "13110489"
  },
  {
    "ID Number": "13103415"
  },
  {
    "ID Number": "13110110"
  },
  {
    "ID Number": "13104519"
  },
  {
    "ID Number": "13100785"
  },
  {
    "ID Number": "13103865"
  },
  {
    "ID Number": "13106481"
  },
  {
    "ID Number": "13106317"
  },
  {
    "ID Number": "13102818"
  },
  {
    "ID Number": "13108557"
  },
  {
    "ID Number": "13100793"
  },
  {
    "ID Number": "13104624"
  },
  {
    "ID Number": "13107348"
  },
  {
    "ID Number": "13108131"
  },
  {
    "ID Number": "13102133"
  },
  {
    "ID Number": "13100807"
  },
  {
    "ID Number": "13101730"
  },
  {
    "ID Number": "13101161"
  },
  {
    "ID Number": "13106244"
  },
  {
    "ID Number": "13107003"
  },
  {
    "ID Number": "13100041"
  },
  {
    "ID Number": "13105728"
  },
  {
    "ID Number": "13102060"
  },
  {
    "ID Number": "13103369"
  },
  {
    "ID Number": "13100394"
  },
  {
    "ID Number": "13106490"
  },
  {
    "ID Number": "13103555"
  },
  {
    "ID Number": "13107712"
  },
  {
    "ID Number": "13101285"
  },
  {
    "ID Number": "13100408"
  },
  {
    "ID Number": "13108565"
  },
  {
    "ID Number": "13107259"
  },
  {
    "ID Number": "13106252"
  },
  {
    "ID Number": "13105647"
  },
  {
    "ID Number": "13106503"
  },
  {
    "ID Number": "13112694"
  },
  {
    "ID Number": "13101170"
  },
  {
    "ID Number": "13101110"
  },
  {
    "ID Number": "13100823"
  },
  {
    "ID Number": "13101080"
  },
  {
    "ID Number": "13103873"
  },
  {
    "ID Number": "13103997"
  },
  {
    "ID Number": "13102044"
  },
  {
    "ID Number": "13101749"
  },
  {
    "ID Number": "13106660"
  },
  {
    "ID Number": "13111590"
  },
  {
    "ID Number": "13111566"
  },
  {
    "ID Number": "13100882"
  },
  {
    "ID Number": "13102222"
  },
  {
    "ID Number": "13104063"
  },
  {
    "ID Number": "13100831"
  },
  {
    "ID Number": "13100416"
  },
  {
    "ID Number": "13101757"
  },
  {
    "ID Number": "13111728"
  },
  {
    "ID Number": "13102281"
  },
  {
    "ID Number": "13108140"
  },
  {
    "ID Number": "13104551"
  },
  {
    "ID Number": "13101765"
  },
  {
    "ID Number": "13101773"
  },
  {
    "ID Number": "13101781"
  },
  {
    "ID Number": "13101790"
  },
  {
    "ID Number": "13107569"
  },
  {
    "ID Number": "13107577"
  },
  {
    "ID Number": "13108034"
  },
  {
    "ID Number": "13104071"
  },
  {
    "ID Number": "13101951"
  },
  {
    "ID Number": "13106376"
  },
  {
    "ID Number": "13100955"
  },
  {
    "ID Number": "13105442"
  },
  {
    "ID Number": "13109529"
  },
  {
    "ID Number": "13107984"
  },
  {
    "ID Number": "13107070"
  },
  {
    "ID Number": "13103563"
  },
  {
    "ID Number": "13101439"
  },
  {
    "ID Number": "13101390"
  },
  {
    "ID Number": "13101420"
  },
  {
    "ID Number": "13103571"
  },
  {
    "ID Number": "13105752"
  },
  {
    "ID Number": "13104705"
  },
  {
    "ID Number": "13107763"
  },
  {
    "ID Number": "13110594"
  },
  {
    "ID Number": "13110128"
  },
  {
    "ID Number": "13110136"
  },
  {
    "ID Number": "13103881"
  },
  {
    "ID Number": "13103091"
  },
  {
    "ID Number": "13104616"
  },
  {
    "ID Number": "13104640"
  },
  {
    "ID Number": "13101471"
  },
  {
    "ID Number": "13102680"
  },
  {
    "ID Number": "13100459"
  },
  {
    "ID Number": "13104632"
  },
  {
    "ID Number": "13109553"
  },
  {
    "ID Number": "13105850"
  },
  {
    "ID Number": "13109499"
  },
  {
    "ID Number": "13108042"
  },
  {
    "ID Number": "13103628"
  },
  {
    "ID Number": "13104845"
  },
  {
    "ID Number": "13106325"
  },
  {
    "ID Number": "13110934"
  },
  {
    "ID Number": "13107364"
  },
  {
    "ID Number": "13104322"
  },
  {
    "ID Number": "13110233"
  },
  {
    "ID Number": "13108387"
  },
  {
    "ID Number": "13104330"
  },
  {
    "ID Number": "13102907"
  },
  {
    "ID Number": "13105450"
  },
  {
    "ID Number": "13105469"
  },
  {
    "ID Number": "13108280"
  },
  {
    "ID Number": "13101196"
  },
  {
    "ID Number": "13102214"
  },
  {
    "ID Number": "13105809"
  },
  {
    "ID Number": "13105973"
  },
  {
    "ID Number": "13104799"
  },
  {
    "ID Number": "13107992"
  },
  {
    "ID Number": "13105760"
  },
  {
    "ID Number": "13100840"
  },
  {
    "ID Number": "13109367"
  }
]