[
  {
    "ID Number": "241000153",
    "Name": "Delrieu Kaina",
    "Fed": "VAN",
    "Sex": "F",
    "Title": "",
    "WTit": "",
    "OTit": "",
    "FOA": "1517",
    "Rating": "AUG25",
    "Gms": "0",
    "K": "40",
    "B-day": "2009",
    "Flag": "w"
  },
  {
    "ID Number": "241000161",
    "Name": "Delrieu Lou-Anne",
    "Fed": "VAN",
    "Sex": "F",
    "Title": "",
    "WTit": "",
    "OTit": "",
    "FOA": "1541",
    "Rating": "AUG25",
    "Gms": "3",
    "K": "40",
    "B-day": "2010",
    "Flag": "w"
  },
  {
    "ID Number": "241000137",
    "Name": "Delrieu Marc",
    "Fed": "VAN",
    "Sex": "M",
    "Title": "",
    "WTit": "NA",
    "OTit": "",
    "FOA": "1535",
    "Rating": "AUG25",
    "Gms": "3",
    "K": "40",
    "B-day": "1977",
    "Flag": ""
  },
  {
    "ID Number": "241000145",
    "Name": "Delrieu Pierre",
    "Fed": "VAN",
    "Sex": "M",
    "Title": "",
    "WTit": "",
    "OTit": "",
    "FOA": "1646",
    "Rating": "AUG25",
    "Gms": "3",
    "K": "40",
    "B-day": "2007",
    "Flag": ""
  },
  {
    "ID Number": "241000030",
    "Name": "Ellison, Jeremy",
    "Fed": "VAN",
    "Sex": "M",
    "Title": "CM",
    "WTit": "NA",
    "OTit": "",
    "FOA": "1820",
    "Rating": "AUG25",
    "Gms": "3",
    "K": "40",
    "B-day": "2001",
    "Flag": ""
  },
  {
    "ID Number": "241000218",
    "Name": "Milfirer Ela",
    "Fed": "VAN",
    "Sex": "F",
    "Title": "WCM",
    "WTit": "WCM",
    "OTit": "",
    "FOA": "1584",
    "Rating": "AUG25",
    "Gms": "0",
    "K": "40",
    "B-day": "2008",
    "Flag": "w"
  },
  {
    "ID Number": "241000099",
    "Name": "Su Sean",
    "Fed": "VAN",
    "Sex": "M",
    "Title": "",
    "WTit": "",
    "OTit": "",
    "FOA": "1636",
    "Rating": "AUG25",
    "Gms": "9",
    "K": "40",
    "B-day": "2009",
    "Flag": ""
  }
]