[
  {
    "ID Number": "2520079"
  },
  {
    "ID Number": "2536986"
  },
  {
    "ID Number": "2516772"
  },
  {
    "ID Number": "2516330"
  },
  {
    "ID Number": "2501805"
  },
  {
    "ID Number": "2533111"
  },
  {
    "ID Number": "457370"
  },
  {
    "ID Number": "2525011"
  },
  {
    "ID Number": "2531887"
  },
  {
    "ID Number": "2520648"
  },
  {
    "ID Number": "2535750"
  },
  {
    "ID Number": "2519550"
  },
  {
    "ID Number": "2514036"
  },
  {
    "ID Number": "2523949"
  },
  {
    "ID Number": "2523531"
  },
  {
    "ID Number": "2513854"
  },
  {
    "ID Number": "2505762"
  },
  {
    "ID Number": "2510251"
  },
  {
    "ID Number": "5206049"
  },
  {
    "ID Number": "2510340"
  },
  {
    "ID Number": "2524201"
  },
  {
    "ID Number": "2524210"
  },
  {
    "ID Number": "2501430"
  },
  {
    "ID Number": "2512270"
  },
  {
    "ID Number": "2512750"
  },
  {
    "ID Number": "2539390"
  },
  {
    "ID Number": "2523540"
  },
  {
    "ID Number": "2536099"
  },
  {
    "ID Number": "2500914"
  },
  {
    "ID Number": "2508281"
  },
  {
    "ID Number": "2508290"
  },
  {
    "ID Number": "2507250"
  },
  {
    "ID Number": "2527626"
  },
  {
    "ID Number": "2539080"
  },
  {
    "ID Number": "2524600"
  },
  {
    "ID Number": "2520966"
  },
  {
    "ID Number": "2518520"
  },
  {
    "ID Number": "2513838"
  },
  {
    "ID Number": "2517604"
  },
  {
    "ID Number": "2535904"
  },
  {
    "ID Number": "2523019"
  },
  {
    "ID Number": "2500175"
  },
  {
    "ID Number": "2521580"
  },
  {
    "ID Number": "2529190"
  },
  {
    "ID Number": "2523558"
  },
  {
    "ID Number": "2534363"
  },
  {
    "ID Number": "2513781"
  },
  {
    "ID Number": "2533413"
  },
  {
    "ID Number": "2507544"
  },
  {
    "ID Number": "2507552"
  },
  {
    "ID Number": "2501449"
  },
  {
    "ID Number": "2526476"
  },
  {
    "ID Number": "2510901"
  },
  {
    "ID Number": "2501384"
  },
  {
    "ID Number": "2500604"
  },
  {
    "ID Number": "2501821"
  },
  {
    "ID Number": "2512572"
  },
  {
    "ID Number": "2527197"
  },
  {
    "ID Number": "2529297"
  },
  {
    "ID Number": "2532824"
  },
  {
    "ID Number": "2531372"
  },
  {
    "ID Number": "33427020"
  },
  {
    "ID Number": "2535912"
  },
  {
    "ID Number": "2535920"
  },
  {
    "ID Number": "2526778"
  },
  {
    "ID Number": "2527995"
  },
  {
    "ID Number": "2503204"
  },
  {
    "ID Number": "2518155"
  },
  {
    "ID Number": "2514532"
  },
  {
    "ID Number": "2507560"
  },
  {
    "ID Number": "2512505"
  },
  {
    "ID Number": "2527847"
  },
  {
    "ID Number": "2534100"
  },
  {
    "ID Number": "2525615"
  },
  {
    "ID Number": "2504456"
  },
  {
    "ID Number": "2520842"
  },
  {
    "ID Number": "2529734"
  },
  {
    "ID Number": "2533812"
  },
  {
    "ID Number": "2533243"
  },
  {
    "ID Number": "2533820"
  },
  {
    "ID Number": "2501830"
  },
  {
    "ID Number": "2524503"
  },
  {
    "ID Number": "2513714"
  },
  {
    "ID Number": "2534118"
  },
  {
    "ID Number": "2500124"
  },
  {
    "ID Number": "416525"
  },
  {
    "ID Number": "2518570"
  },
  {
    "ID Number": "2523930"
  },
  {
    "ID Number": "2504111"
  },
  {
    "ID Number": "2531054"
  },
  {
    "ID Number": "2524457"
  },
  {
    "ID Number": "2522055"
  },
  {
    "ID Number": "2512700"
  },
  {
    "ID Number": "2508095"
  },
  {
    "ID Number": "2505916"
  },
  {
    "ID Number": "2518112"
  },
  {
    "ID Number": "2503239"
  },
  {
    "ID Number": "2513552"
  },
  {
    "ID Number": "2536102"
  },
  {
    "ID Number": "2531666"
  },
  {
    "ID Number": "2504278"
  },
  {
    "ID Number": "2501520"
  },
  {
    "ID Number": "2522063"
  },
  {
    "ID Number": "2508788"
  },
  {
    "ID Number": "2525062"
  },
  {
    "ID Number": "2537079"
  },
  {
    "ID Number": "2505770"
  },
  {
    "ID Number": "2523574"
  },
  {
    "ID Number": "2511096"
  },
  {
    "ID Number": "2518392"
  },
  {
    "ID Number": "1148184"
  },
  {
    "ID Number": "2518406"
  },
  {
    "ID Number": "2513072"
  },
  {
    "ID Number": "2523000"
  },
  {
    "ID Number": "2535939"
  },
  {
    "ID Number": "2527227"
  },
  {
    "ID Number": "2510243"
  },
  {
    "ID Number": "2500213"
  },
  {
    "ID Number": "2502178"
  },
  {
    "ID Number": "2502020"
  },
  {
    "ID Number": "2507226"
  },
  {
    "ID Number": "2522365"
  },
  {
    "ID Number": "2529866"
  },
  {
    "ID Number": "2531070"
  },
  {
    "ID Number": "2532336"
  },
  {
    "ID Number": "2521814"
  },
  {
    "ID Number": "2525135"
  },
  {
    "ID Number": "2503620"
  },
  {
    "ID Number": "2526638"
  },
  {
    "ID Number": "2539420"
  },
  {
    "ID Number": "2530600"
  },
  {
    "ID Number": "2518317"
  },
  {
    "ID Number": "2528304"
  },
  {
    "ID Number": "2514818"
  },
  {
    "ID Number": "2504537"
  },
  {
    "ID Number": "2526492"
  },
  {
    "ID Number": "2512300"
  },
  {
    "ID Number": "2501198"
  },
  {
    "ID Number": "2524260"
  },
  {
    "ID Number": "2516799"
  },
  {
    "ID Number": "2532344"
  },
  {
    "ID Number": "2508320"
  },
  {
    "ID Number": "2507412"
  },
  {
    "ID Number": "2520559"
  },
  {
    "ID Number": "2520478"
  },
  {
    "ID Number": "2538237"
  },
  {
    "ID Number": "2534193"
  },
  {
    "ID Number": "368178551"
  },
  {
    "ID Number": "2512629"
  },
  {
    "ID Number": "2516977"
  },
  {
    "ID Number": "2527820"
  },
  {
    "ID Number": "2526646"
  },
  {
    "ID Number": "2529750"
  },
  {
    "ID Number": "2504294"
  },
  {
    "ID Number": "2503670"
  },
  {
    "ID Number": "2500973"
  },
  {
    "ID Number": "2527804"
  },
  {
    "ID Number": "2529513"
  },
  {
    "ID Number": "2512580"
  },
  {
    "ID Number": "2523957"
  },
  {
    "ID Number": "2528789"
  },
  {
    "ID Number": "2521547"
  },
  {
    "ID Number": "2506033"
  },
  {
    "ID Number": "2526654"
  },
  {
    "ID Number": "2504146"
  },
  {
    "ID Number": "2525780"
  },
  {
    "ID Number": "2512084"
  },
  {
    "ID Number": "2533537"
  },
  {
    "ID Number": "2504600"
  },
  {
    "ID Number": "2519593"
  },
  {
    "ID Number": "2500434"
  },
  {
    "ID Number": "2521407"
  },
  {
    "ID Number": "2534207"
  },
  {
    "ID Number": "2502062"
  },
  {
    "ID Number": "2533340"
  },
  {
    "ID Number": "2532760"
  },
  {
    "ID Number": "2500060"
  },
  {
    "ID Number": "2501570"
  },
  {
    "ID Number": "2501058"
  },
  {
    "ID Number": "2517280"
  },
  {
    "ID Number": "2520125"
  },
  {
    "ID Number": "2514826"
  },
  {
    "ID Number": "2501422"
  },
  {
    "ID Number": "2511649"
  },
  {
    "ID Number": "2519038"
  },
  {
    "ID Number": "2527502"
  },
  {
    "ID Number": "2505754"
  },
  {
    "ID Number": "2504669"
  },
  {
    "ID Number": "2525143"
  },
  {
    "ID Number": "2517205"
  },
  {
    "ID Number": "2524740"
  },
  {
    "ID Number": "2502445"
  },
  {
    "ID Number": "2527146"
  },
  {
    "ID Number": "2517221"
  },
  {
    "ID Number": "2517230"
  },
  {
    "ID Number": "601152"
  },
  {
    "ID Number": "456039"
  },
  {
    "ID Number": "2511967"
  },
  {
    "ID Number": "2515148"
  },
  {
    "ID Number": "2515873"
  },
  {
    "ID Number": "2520397"
  },
  {
    "ID Number": "2538016"
  },
  {
    "ID Number": "2531917"
  },
  {
    "ID Number": "2500329"
  },
  {
    "ID Number": "2524759"
  },
  {
    "ID Number": "2507919"
  },
  {
    "ID Number": "2521202"
  },
  {
    "ID Number": "2513080"
  },
  {
    "ID Number": "2516063"
  },
  {
    "ID Number": "2519046"
  },
  {
    "ID Number": "2522675"
  },
  {
    "ID Number": "2519623"
  },
  {
    "ID Number": "2525151"
  },
  {
    "ID Number": "2524546"
  },
  {
    "ID Number": "2526840"
  },
  {
    "ID Number": "2501708"
  },
  {
    "ID Number": "2531933"
  },
  {
    "ID Number": "2532166"
  },
  {
    "ID Number": "2507269"
  },
  {
    "ID Number": "2529700"
  },
  {
    "ID Number": "2531402"
  },
  {
    "ID Number": "2536110"
  },
  {
    "ID Number": "2507927"
  },
  {
    "ID Number": "2504715"
  },
  {
    "ID Number": "2521822"
  },
  {
    "ID Number": "2501732"
  },
  {
    "ID Number": "2534061"
  },
  {
    "ID Number": "2532174"
  },
  {
    "ID Number": "2532182"
  },
  {
    "ID Number": "2512467"
  },
  {
    "ID Number": "2502496"
  },
  {
    "ID Number": "2525836"
  },
  {
    "ID Number": "2506203"
  },
  {
    "ID Number": "2532395"
  },
  {
    "ID Number": "2533855"
  },
  {
    "ID Number": "2510359"
  },
  {
    "ID Number": "2517787"
  },
  {
    "ID Number": "2524767"
  },
  {
    "ID Number": "2541084"
  },
  {
    "ID Number": "2509342"
  },
  {
    "ID Number": "2518325"
  },
  {
    "ID Number": "2532271"
  },
  {
    "ID Number": "2526255"
  },
  {
    "ID Number": "2520745"
  },
  {
    "ID Number": "2521024"
  },
  {
    "ID Number": "2512513"
  },
  {
    "ID Number": "2504774"
  },
  {
    "ID Number": "2505886"
  },
  {
    "ID Number": "2501961"
  },
  {
    "ID Number": "2502526"
  },
  {
    "ID Number": "2535742"
  },
  {
    "ID Number": "2509393"
  },
  {
    "ID Number": "2507803"
  },
  {
    "ID Number": "2505444"
  },
  {
    "ID Number": "2525453"
  },
  {
    "ID Number": "2500736"
  },
  {
    "ID Number": "2519666"
  },
  {
    "ID Number": "2521768"
  },
  {
    "ID Number": "2520869"
  },
  {
    "ID Number": "2503310"
  },
  {
    "ID Number": "368110760"
  },
  {
    "ID Number": "2512556"
  },
  {
    "ID Number": "2518791"
  },
  {
    "ID Number": "2519682"
  },
  {
    "ID Number": "2507161"
  },
  {
    "ID Number": "2513692"
  },
  {
    "ID Number": "2501619"
  },
  {
    "ID Number": "2511592"
  },
  {
    "ID Number": "2517477"
  },
  {
    "ID Number": "2515024"
  },
  {
    "ID Number": "2516985"
  },
  {
    "ID Number": "2507838"
  },
  {
    "ID Number": "2509164"
  },
  {
    "ID Number": "1202260"
  },
  {
    "ID Number": "2538253"
  },
  {
    "ID Number": "2520877"
  },
  {
    "ID Number": "2500531"
  },
  {
    "ID Number": "2508613"
  },
  {
    "ID Number": "2513951"
  },
  {
    "ID Number": "2532352"
  },
  {
    "ID Number": "2539705"
  },
  {
    "ID Number": "2520214"
  },
  {
    "ID Number": "2515792"
  },
  {
    "ID Number": "1148290"
  },
  {
    "ID Number": "2518309"
  },
  {
    "ID Number": "2514834"
  },
  {
    "ID Number": "2509407"
  },
  {
    "ID Number": "2510855"
  },
  {
    "ID Number": "2527901"
  },
  {
    "ID Number": "2527910"
  },
  {
    "ID Number": "2519690"
  },
  {
    "ID Number": "2516837"
  },
  {
    "ID Number": "2525607"
  },
  {
    "ID Number": "2526514"
  },
  {
    "ID Number": "2508885"
  },
  {
    "ID Number": "2530473"
  },
  {
    "ID Number": "2520133"
  },
  {
    "ID Number": "2529327"
  },
  {
    "ID Number": "14115115"
  },
  {
    "ID Number": "2529688"
  },
  {
    "ID Number": "2505681"
  },
  {
    "ID Number": "2505738"
  },
  {
    "ID Number": "2515806"
  },
  {
    "ID Number": "2520508"
  },
  {
    "ID Number": "2510790"
  },
  {
    "ID Number": "2527260"
  },
  {
    "ID Number": "2505460"
  },
  {
    "ID Number": "2511991"
  },
  {
    "ID Number": "2529025"
  },
  {
    "ID Number": "2510588"
  },
  {
    "ID Number": "2533570"
  },
  {
    "ID Number": "2510235"
  },
  {
    "ID Number": "2539217"
  },
  {
    "ID Number": "2538059"
  },
  {
    "ID Number": "2510510"
  },
  {
    "ID Number": "2509415"
  },
  {
    "ID Number": "2509334"
  },
  {
    "ID Number": "2514001"
  },
  {
    "ID Number": "2500256"
  },
  {
    "ID Number": "2525178"
  },
  {
    "ID Number": "2536331"
  },
  {
    "ID Number": "2519739"
  },
  {
    "ID Number": "2536382"
  },
  {
    "ID Number": "2513196"
  },
  {
    "ID Number": "2511924"
  },
  {
    "ID Number": "2525186"
  },
  {
    "ID Number": "2511916"
  },
  {
    "ID Number": "2533081"
  },
  {
    "ID Number": "2528010"
  },
  {
    "ID Number": "2524449"
  },
  {
    "ID Number": "2529122"
  },
  {
    "ID Number": "2507595"
  },
  {
    "ID Number": "2502569"
  },
  {
    "ID Number": "2519402"
  },
  {
    "ID Number": "2500965"
  },
  {
    "ID Number": "2503018"
  },
  {
    "ID Number": "2509253"
  },
  {
    "ID Number": "2508141"
  },
  {
    "ID Number": "2511398"
  },
  {
    "ID Number": "2500990"
  },
  {
    "ID Number": "2536919"
  },
  {
    "ID Number": "2529343"
  },
  {
    "ID Number": "2528908"
  },
  {
    "ID Number": "2515040"
  },
  {
    "ID Number": "2513846"
  },
  {
    "ID Number": "2507234"
  },
  {
    "ID Number": "2504847"
  },
  {
    "ID Number": "2526310"
  },
  {
    "ID Number": "2536404"
  },
  {
    "ID Number": "2534339"
  },
  {
    "ID Number": "2533588"
  },
  {
    "ID Number": "2525879"
  },
  {
    "ID Number": "2528665"
  },
  {
    "ID Number": "2046105"
  },
  {
    "ID Number": "2505690"
  },
  {
    "ID Number": "2525496"
  },
  {
    "ID Number": "2509431"
  },
  {
    "ID Number": "2508362"
  },
  {
    "ID Number": "14189208"
  },
  {
    "ID Number": "2541114"
  },
  {
    "ID Number": "2513277"
  },
  {
    "ID Number": "2514311"
  },
  {
    "ID Number": "2529203"
  },
  {
    "ID Number": "2525070"
  },
  {
    "ID Number": "2502585"
  },
  {
    "ID Number": "2525208"
  },
  {
    "ID Number": "2502593"
  },
  {
    "ID Number": "2528398"
  },
  {
    "ID Number": "2530759"
  },
  {
    "ID Number": "2535491"
  },
  {
    "ID Number": "2526794"
  },
  {
    "ID Number": "2523396"
  },
  {
    "ID Number": "2533871"
  },
  {
    "ID Number": "2511703"
  },
  {
    "ID Number": "343111919"
  },
  {
    "ID Number": "2525461"
  },
  {
    "ID Number": "2509628"
  },
  {
    "ID Number": "2525895"
  },
  {
    "ID Number": "628859"
  },
  {
    "ID Number": "2509032"
  },
  {
    "ID Number": "2504081"
  },
  {
    "ID Number": "2502607"
  },
  {
    "ID Number": "2513994"
  },
  {
    "ID Number": "2514222"
  },
  {
    "ID Number": "2513200"
  },
  {
    "ID Number": "2500655"
  },
  {
    "ID Number": "2505975"
  },
  {
    "ID Number": "2501007"
  },
  {
    "ID Number": "2510600"
  },
  {
    "ID Number": "2517418"
  },
  {
    "ID Number": "45004714"
  },
  {
    "ID Number": "45004722"
  },
  {
    "ID Number": "2533596"
  },
  {
    "ID Number": "2518171"
  },
  {
    "ID Number": "2510006"
  },
  {
    "ID Number": "2536358"
  },
  {
    "ID Number": "2527634"
  },
  {
    "ID Number": "2516853"
  },
  {
    "ID Number": "2513986"
  },
  {
    "ID Number": "2510286"
  },
  {
    "ID Number": "2513897"
  },
  {
    "ID Number": "2535823"
  },
  {
    "ID Number": "2528401"
  },
  {
    "ID Number": "2520885"
  },
  {
    "ID Number": "2513218"
  },
  {
    "ID Number": "2518945"
  },
  {
    "ID Number": "2523701"
  },
  {
    "ID Number": "2539713"
  },
  {
    "ID Number": "2509377"
  },
  {
    "ID Number": "2540622"
  },
  {
    "ID Number": "2507951"
  },
  {
    "ID Number": "2532425"
  },
  {
    "ID Number": "2528924"
  },
  {
    "ID Number": "2534568"
  },
  {
    "ID Number": "2501120"
  },
  {
    "ID Number": "2530775"
  },
  {
    "ID Number": "2539721"
  },
  {
    "ID Number": "2509440"
  },
  {
    "ID Number": "2534371"
  },
  {
    "ID Number": "2500264"
  },
  {
    "ID Number": "2524813"
  },
  {
    "ID Number": "2531453"
  },
  {
    "ID Number": "2534398"
  },
  {
    "ID Number": "2521229"
  },
  {
    "ID Number": "2518848"
  },
  {
    "ID Number": "2511975"
  },
  {
    "ID Number": "66800323"
  },
  {
    "ID Number": "2500949"
  },
  {
    "ID Number": "2520443"
  },
  {
    "ID Number": "2508389"
  },
  {
    "ID Number": "2535424"
  },
  {
    "ID Number": "2524163"
  },
  {
    "ID Number": "2534347"
  },
  {
    "ID Number": "2529360"
  },
  {
    "ID Number": "2504901"
  },
  {
    "ID Number": "2525917"
  },
  {
    "ID Number": "2537109"
  },
  {
    "ID Number": "2532921"
  },
  {
    "ID Number": "2516969"
  },
  {
    "ID Number": "2527286"
  },
  {
    "ID Number": "14162261"
  },
  {
    "ID Number": "2523264"
  },
  {
    "ID Number": "2524848"
  },
  {
    "ID Number": "368179924"
  },
  {
    "ID Number": "2514028"
  },
  {
    "ID Number": "2520583"
  },
  {
    "ID Number": "2513323"
  },
  {
    "ID Number": "2511762"
  },
  {
    "ID Number": "2503883"
  },
  {
    "ID Number": "2533600"
  },
  {
    "ID Number": "2527448"
  },
  {
    "ID Number": "2508524"
  },
  {
    "ID Number": "2520222"
  },
  {
    "ID Number": "2513102"
  },
  {
    "ID Number": "2522098"
  },
  {
    "ID Number": "2523086"
  },
  {
    "ID Number": "2519844"
  },
  {
    "ID Number": "2514656"
  },
  {
    "ID Number": "2517191"
  },
  {
    "ID Number": "2513110"
  },
  {
    "ID Number": "2519852"
  },
  {
    "ID Number": "2512726"
  },
  {
    "ID Number": "21801088"
  },
  {
    "ID Number": "2518198"
  },
  {
    "ID Number": "2501562"
  },
  {
    "ID Number": "2539276"
  },
  {
    "ID Number": "2518066"
  },
  {
    "ID Number": "2504006"
  },
  {
    "ID Number": "2518074"
  },
  {
    "ID Number": "2529629"
  },
  {
    "ID Number": "2519135"
  },
  {
    "ID Number": "2501252"
  },
  {
    "ID Number": "2527456"
  },
  {
    "ID Number": "2519143"
  },
  {
    "ID Number": "2500647"
  },
  {
    "ID Number": "2514338"
  },
  {
    "ID Number": "2532018"
  },
  {
    "ID Number": "2520257"
  },
  {
    "ID Number": "2532026"
  },
  {
    "ID Number": "3600289"
  },
  {
    "ID Number": "2536137"
  },
  {
    "ID Number": "2539004"
  },
  {
    "ID Number": "2513676"
  },
  {
    "ID Number": "2511533"
  },
  {
    "ID Number": "2535971"
  },
  {
    "ID Number": "2507633"
  },
  {
    "ID Number": "2535564"
  },
  {
    "ID Number": "2504340"
  },
  {
    "ID Number": "2525526"
  },
  {
    "ID Number": "2522101"
  },
  {
    "ID Number": "2505797"
  },
  {
    "ID Number": "14138611"
  },
  {
    "ID Number": "2511401"
  },
  {
    "ID Number": "2539225"
  },
  {
    "ID Number": "2527103"
  },
  {
    "ID Number": "2524856"
  },
  {
    "ID Number": "2528029"
  },
  {
    "ID Number": "2523094"
  },
  {
    "ID Number": "2536145"
  },
  {
    "ID Number": "2513234"
  },
  {
    "ID Number": "2518015"
  },
  {
    "ID Number": "2500760"
  },
  {
    "ID Number": "2503891"
  },
  {
    "ID Number": "2525224"
  },
  {
    "ID Number": "2507340"
  },
  {
    "ID Number": "2506823"
  },
  {
    "ID Number": "2520788"
  },
  {
    "ID Number": "2500710"
  },
  {
    "ID Number": "2525232"
  },
  {
    "ID Number": "2518449"
  },
  {
    "ID Number": "2515563"
  },
  {
    "ID Number": "2533197"
  },
  {
    "ID Number": "2516292"
  },
  {
    "ID Number": "2519194"
  },
  {
    "ID Number": "2527111"
  },
  {
    "ID Number": "2526700"
  },
  {
    "ID Number": "2537117"
  },
  {
    "ID Number": "2525240"
  },
  {
    "ID Number": "2521067"
  },
  {
    "ID Number": "2522233"
  },
  {
    "ID Number": "2500787"
  },
  {
    "ID Number": "2507277"
  },
  {
    "ID Number": "2523400"
  },
  {
    "ID Number": "2516888"
  },
  {
    "ID Number": "2523116"
  },
  {
    "ID Number": "2519895"
  },
  {
    "ID Number": "2500507"
  },
  {
    "ID Number": "2525097"
  },
  {
    "ID Number": "2525100"
  },
  {
    "ID Number": "2527960"
  },
  {
    "ID Number": "2511347"
  },
  {
    "ID Number": "2508648"
  },
  {
    "ID Number": "2524635"
  },
  {
    "ID Number": "2501287"
  },
  {
    "ID Number": "2513340"
  },
  {
    "ID Number": "2531305"
  },
  {
    "ID Number": "2518457"
  },
  {
    "ID Number": "470791"
  },
  {
    "ID Number": "2523795"
  },
  {
    "ID Number": "2526816"
  },
  {
    "ID Number": "2501481"
  },
  {
    "ID Number": "2521890"
  },
  {
    "ID Number": "2521490"
  },
  {
    "ID Number": "2526522"
  },
  {
    "ID Number": "343421962"
  },
  {
    "ID Number": "2501503"
  },
  {
    "ID Number": "2524031"
  },
  {
    "ID Number": "2536455"
  },
  {
    "ID Number": "2536153"
  },
  {
    "ID Number": "2509571"
  },
  {
    "ID Number": "2509580"
  },
  {
    "ID Number": "841790"
  },
  {
    "ID Number": "2530821"
  },
  {
    "ID Number": "2501775"
  },
  {
    "ID Number": "2502755"
  },
  {
    "ID Number": "2502275"
  },
  {
    "ID Number": "2518910"
  },
  {
    "ID Number": "2511479"
  },
  {
    "ID Number": "2507480"
  },
  {
    "ID Number": "2534045"
  },
  {
    "ID Number": "2523493"
  },
  {
    "ID Number": "2516594"
  },
  {
    "ID Number": "2534924"
  },
  {
    "ID Number": "2503999"
  },
  {
    "ID Number": "2503093"
  },
  {
    "ID Number": "2528754"
  },
  {
    "ID Number": "10206558"
  },
  {
    "ID Number": "2529394"
  },
  {
    "ID Number": "2504227"
  },
  {
    "ID Number": "2527081"
  },
  {
    "ID Number": "2527294"
  },
  {
    "ID Number": "2507110"
  },
  {
    "ID Number": "2510294"
  },
  {
    "ID Number": "2533766"
  },
  {
    "ID Number": "2511100"
  },
  {
    "ID Number": "2527308"
  },
  {
    "ID Number": "2501872"
  },
  {
    "ID Number": "2514486"
  },
  {
    "ID Number": "2516365"
  },
  {
    "ID Number": "2506084"
  },
  {
    "ID Number": "2512254"
  },
  {
    "ID Number": "2517426"
  },
  {
    "ID Number": "2534703"
  },
  {
    "ID Number": "2536870"
  },
  {
    "ID Number": "2507498"
  },
  {
    "ID Number": "2515598"
  },
  {
    "ID Number": "33391998"
  },
  {
    "ID Number": "2503603"
  },
  {
    "ID Number": "2509458"
  },
  {
    "ID Number": "2522250"
  },
  {
    "ID Number": "2084309"
  },
  {
    "ID Number": "421669"
  },
  {
    "ID Number": "2501783"
  },
  {
    "ID Number": "2521423"
  },
  {
    "ID Number": "2526735"
  },
  {
    "ID Number": "2518465"
  },
  {
    "ID Number": "2506092"
  },
  {
    "ID Number": "2512742"
  },
  {
    "ID Number": "2512963"
  },
  {
    "ID Number": "2531771"
  },
  {
    "ID Number": "2501511"
  },
  {
    "ID Number": "2501490"
  },
  {
    "ID Number": "2508958"
  },
  {
    "ID Number": "2539381"
  },
  {
    "ID Number": "2507501"
  },
  {
    "ID Number": "2535262"
  },
  {
    "ID Number": "2509199"
  },
  {
    "ID Number": "2533375"
  },
  {
    "ID Number": "2529408"
  },
  {
    "ID Number": "2510170"
  },
  {
    "ID Number": "2531780"
  },
  {
    "ID Number": "2511304"
  },
  {
    "ID Number": "2520320"
  },
  {
    "ID Number": "2512041"
  },
  {
    "ID Number": "2505819"
  },
  {
    "ID Number": "2535769"
  },
  {
    "ID Number": "2505665"
  },
  {
    "ID Number": "2516896"
  },
  {
    "ID Number": "2527677"
  },
  {
    "ID Number": "2516624"
  },
  {
    "ID Number": "2506424"
  },
  {
    "ID Number": "404500"
  },
  {
    "ID Number": "2539748"
  },
  {
    "ID Number": "2509466"
  },
  {
    "ID Number": "2510260"
  },
  {
    "ID Number": "2506912"
  },
  {
    "ID Number": "14511584"
  },
  {
    "ID Number": "2525950"
  },
  {
    "ID Number": "2529238"
  },
  {
    "ID Number": "2512165"
  },
  {
    "ID Number": "415375"
  },
  {
    "ID Number": "2512157"
  },
  {
    "ID Number": "2500620"
  },
  {
    "ID Number": "2501112"
  },
  {
    "ID Number": "2515822"
  },
  {
    "ID Number": "2515830"
  },
  {
    "ID Number": "2518813"
  },
  {
    "ID Number": "2540711"
  },
  {
    "ID Number": "2526530"
  },
  {
    "ID Number": "2517108"
  },
  {
    "ID Number": "2521997"
  },
  {
    "ID Number": "2500035"
  },
  {
    "ID Number": "2539284"
  },
  {
    "ID Number": "2513870"
  },
  {
    "ID Number": "2522110"
  },
  {
    "ID Number": "2505096"
  },
  {
    "ID Number": "2524899"
  },
  {
    "ID Number": "2509652"
  },
  {
    "ID Number": "2534088"
  },
  {
    "ID Number": "2539020"
  },
  {
    "ID Number": "2514494"
  },
  {
    "ID Number": "2507170"
  },
  {
    "ID Number": "2516640"
  },
  {
    "ID Number": "2502852"
  },
  {
    "ID Number": "2505860"
  },
  {
    "ID Number": "2524198"
  },
  {
    "ID Number": "2507676"
  },
  {
    "ID Number": "2525798"
  },
  {
    "ID Number": "2501740"
  },
  {
    "ID Number": "2518473"
  },
  {
    "ID Number": "2514249"
  },
  {
    "ID Number": "2512530"
  },
  {
    "ID Number": "2511797"
  },
  {
    "ID Number": "2504243"
  },
  {
    "ID Number": "2503956"
  },
  {
    "ID Number": "2501880"
  },
  {
    "ID Number": "2505550"
  },
  {
    "ID Number": "2506440"
  },
  {
    "ID Number": "2500272"
  },
  {
    "ID Number": "2514923"
  },
  {
    "ID Number": "2502283"
  },
  {
    "ID Number": "2508214"
  },
  {
    "ID Number": "2509601"
  },
  {
    "ID Number": "2508249"
  },
  {
    "ID Number": "2511410"
  },
  {
    "ID Number": "2525690"
  },
  {
    "ID Number": "2505126"
  },
  {
    "ID Number": "2509482"
  },
  {
    "ID Number": "2532360"
  },
  {
    "ID Number": "2511118"
  },
  {
    "ID Number": "2539292"
  },
  {
    "ID Number": "2506190"
  },
  {
    "ID Number": "2505843"
  },
  {
    "ID Number": "2534010"
  },
  {
    "ID Number": "2534177"
  },
  {
    "ID Number": "2528533"
  },
  {
    "ID Number": "2507692"
  },
  {
    "ID Number": "2511550"
  },
  {
    "ID Number": "2509504"
  },
  {
    "ID Number": "2525976"
  },
  {
    "ID Number": "2512769"
  },
  {
    "ID Number": "2517540"
  },
  {
    "ID Number": "2510596"
  },
  {
    "ID Number": "2521300"
  },
  {
    "ID Number": "2512386"
  },
  {
    "ID Number": "2518082"
  },
  {
    "ID Number": "2512882"
  },
  {
    "ID Number": "29982847"
  },
  {
    "ID Number": "2538580"
  },
  {
    "ID Number": "2512564"
  },
  {
    "ID Number": "2522128"
  },
  {
    "ID Number": "2535858"
  },
  {
    "ID Number": "2518503"
  },
  {
    "ID Number": "2518511"
  },
  {
    "ID Number": "2529157"
  },
  {
    "ID Number": "2511711"
  },
  {
    "ID Number": "2527030"
  },
  {
    "ID Number": "2509520"
  },
  {
    "ID Number": "2528134"
  },
  {
    "ID Number": "2536013"
  },
  {
    "ID Number": "2516675"
  },
  {
    "ID Number": "2540738"
  },
  {
    "ID Number": "34160388"
  },
  {
    "ID Number": "2516101"
  },
  {
    "ID Number": "2510200"
  },
  {
    "ID Number": "2524643"
  },
  {
    "ID Number": "32083483"
  },
  {
    "ID Number": "24537225"
  },
  {
    "ID Number": "24511951"
  },
  {
    "ID Number": "2509903"
  },
  {
    "ID Number": "2532280"
  },
  {
    "ID Number": "2532298"
  },
  {
    "ID Number": "2532301"
  },
  {
    "ID Number": "2521075"
  },
  {
    "ID Number": "2521083"
  },
  {
    "ID Number": "2532980"
  },
  {
    "ID Number": "2540010"
  },
  {
    "ID Number": "2539306"
  },
  {
    "ID Number": "2534282"
  },
  {
    "ID Number": "2514931"
  },
  {
    "ID Number": "2533774"
  },
  {
    "ID Number": "2520265"
  },
  {
    "ID Number": "2535386"
  },
  {
    "ID Number": "14546604"
  },
  {
    "ID Number": "14546612"
  },
  {
    "ID Number": "14557517"
  },
  {
    "ID Number": "2535874"
  },
  {
    "ID Number": "2510464"
  },
  {
    "ID Number": "2500817"
  },
  {
    "ID Number": "2500450"
  },
  {
    "ID Number": "2530490"
  },
  {
    "ID Number": "2519470"
  },
  {
    "ID Number": "2501643"
  },
  {
    "ID Number": "2527766"
  },
  {
    "ID Number": "2531526"
  },
  {
    "ID Number": "2514664"
  },
  {
    "ID Number": "2527553"
  },
  {
    "ID Number": "2527120"
  },
  {
    "ID Number": "2513528"
  },
  {
    "ID Number": "2508176"
  },
  {
    "ID Number": "2513358"
  },
  {
    "ID Number": "2532069"
  },
  {
    "ID Number": "2514079"
  },
  {
    "ID Number": "2500051"
  },
  {
    "ID Number": "2526425"
  },
  {
    "ID Number": "2505185"
  },
  {
    "ID Number": "2511142"
  },
  {
    "ID Number": "2524589"
  },
  {
    "ID Number": "2517558"
  },
  {
    "ID Number": "2502313"
  },
  {
    "ID Number": "2503484"
  },
  {
    "ID Number": "2509911"
  },
  {
    "ID Number": "2518961"
  },
  {
    "ID Number": "2514389"
  },
  {
    "ID Number": "2512793"
  },
  {
    "ID Number": "2520338"
  },
  {
    "ID Number": "2501392"
  },
  {
    "ID Number": "2529491"
  },
  {
    "ID Number": "2505207"
  },
  {
    "ID Number": "2501074"
  },
  {
    "ID Number": "2520672"
  },
  {
    "ID Number": "2527529"
  },
  {
    "ID Number": "2516918"
  },
  {
    "ID Number": "2512548"
  },
  {
    "ID Number": "2509318"
  },
  {
    "ID Number": "2533901"
  },
  {
    "ID Number": "2511690"
  },
  {
    "ID Number": "2535661"
  },
  {
    "ID Number": "2524953"
  },
  {
    "ID Number": "2503972"
  },
  {
    "ID Number": "2500426"
  },
  {
    "ID Number": "2516705"
  },
  {
    "ID Number": "2510995"
  },
  {
    "ID Number": "306104996"
  },
  {
    "ID Number": "2526018"
  },
  {
    "ID Number": "34147885"
  },
  {
    "ID Number": "2523159"
  },
  {
    "ID Number": "2517990"
  },
  {
    "ID Number": "2519992"
  },
  {
    "ID Number": "2539764"
  },
  {
    "ID Number": "2526573"
  },
  {
    "ID Number": "2518090"
  },
  {
    "ID Number": "2520702"
  },
  {
    "ID Number": "2507528"
  },
  {
    "ID Number": "2501104"
  },
  {
    "ID Number": "2516713"
  },
  {
    "ID Number": "2534029"
  },
  {
    "ID Number": "2507986"
  },
  {
    "ID Number": "2504413"
  },
  {
    "ID Number": "2527588"
  },
  {
    "ID Number": "2514354"
  },
  {
    "ID Number": "2531810"
  },
  {
    "ID Number": "2527782"
  },
  {
    "ID Number": "2522861"
  },
  {
    "ID Number": "2518775"
  },
  {
    "ID Number": "2523329"
  },
  {
    "ID Number": "2534665"
  },
  {
    "ID Number": "2516926"
  },
  {
    "ID Number": "2516284"
  },
  {
    "ID Number": "2506459"
  },
  {
    "ID Number": "2517850"
  },
  {
    "ID Number": "2507994"
  },
  {
    "ID Number": "2513366"
  },
  {
    "ID Number": "2505258"
  },
  {
    "ID Number": "2525119"
  },
  {
    "ID Number": "2524961"
  },
  {
    "ID Number": "2527790"
  },
  {
    "ID Number": "2500108"
  },
  {
    "ID Number": "2509539"
  },
  {
    "ID Number": "2533138"
  },
  {
    "ID Number": "2508656"
  },
  {
    "ID Number": "2529432"
  },
  {
    "ID Number": "2518589"
  },
  {
    "ID Number": "2516721"
  },
  {
    "ID Number": "2511444"
  },
  {
    "ID Number": "2528584"
  },
  {
    "ID Number": "2534444"
  },
  {
    "ID Number": "2540754"
  },
  {
    "ID Number": "2500833"
  },
  {
    "ID Number": "2501589"
  },
  {
    "ID Number": "2530503"
  },
  {
    "ID Number": "2528045"
  },
  {
    "ID Number": "2518368"
  },
  {
    "ID Number": "11611383"
  },
  {
    "ID Number": "2533006"
  },
  {
    "ID Number": "2534452"
  },
  {
    "ID Number": "2513765"
  },
  {
    "ID Number": "2526050"
  },
  {
    "ID Number": "2532212"
  },
  {
    "ID Number": "2502330"
  },
  {
    "ID Number": "2527880"
  },
  {
    "ID Number": "2520940"
  },
  {
    "ID Number": "2500779"
  },
  {
    "ID Number": "2539330"
  },
  {
    "ID Number": "2513633"
  },
  {
    "ID Number": "2516934"
  },
  {
    "ID Number": "2515628"
  },
  {
    "ID Number": "2524970"
  },
  {
    "ID Number": "2526751"
  },
  {
    "ID Number": "2518597"
  },
  {
    "ID Number": "2529246"
  },
  {
    "ID Number": "2503549"
  },
  {
    "ID Number": "2520826"
  },
  {
    "ID Number": "2537419"
  },
  {
    "ID Number": "2533456"
  },
  {
    "ID Number": "2536161"
  },
  {
    "ID Number": "2529831"
  },
  {
    "ID Number": "2511452"
  },
  {
    "ID Number": "2516390"
  },
  {
    "ID Number": "2533960"
  },
  {
    "ID Number": "2535688"
  },
  {
    "ID Number": "2518600"
  },
  {
    "ID Number": "2539039"
  },
  {
    "ID Number": "2527987"
  },
  {
    "ID Number": "2520605"
  },
  {
    "ID Number": "2508664"
  },
  {
    "ID Number": "2521504"
  },
  {
    "ID Number": "368180110"
  },
  {
    "ID Number": "2535882"
  },
  {
    "ID Number": "2534479"
  },
  {
    "ID Number": "2537508"
  },
  {
    "ID Number": "2537516"
  },
  {
    "ID Number": "2528053"
  },
  {
    "ID Number": "2526433"
  },
  {
    "ID Number": "2523523"
  },
  {
    "ID Number": "2500680"
  },
  {
    "ID Number": "2534290"
  },
  {
    "ID Number": "2509750"
  },
  {
    "ID Number": "651081709"
  },
  {
    "ID Number": "2501937"
  },
  {
    "ID Number": "2533464"
  },
  {
    "ID Number": "2529572"
  },
  {
    "ID Number": "2519330"
  },
  {
    "ID Number": "2516128"
  },
  {
    "ID Number": "2504251"
  },
  {
    "ID Number": "2522926"
  },
  {
    "ID Number": "2512602"
  },
  {
    "ID Number": "2536374"
  },
  {
    "ID Number": "2536323"
  },
  {
    "ID Number": "2533910"
  },
  {
    "ID Number": "2516942"
  },
  {
    "ID Number": "2512840"
  },
  {
    "ID Number": "2517388"
  },
  {
    "ID Number": "2515865"
  },
  {
    "ID Number": "2533650"
  },
  {
    "ID Number": "2540789"
  },
  {
    "ID Number": "2534223"
  },
  {
    "ID Number": "2501244"
  },
  {
    "ID Number": "2512432"
  },
  {
    "ID Number": "2532239"
  },
  {
    "ID Number": "2511320"
  },
  {
    "ID Number": "2513480"
  },
  {
    "ID Number": "2528215"
  },
  {
    "ID Number": "2500523"
  },
  {
    "ID Number": "2513404"
  },
  {
    "ID Number": "2501090"
  },
  {
    "ID Number": "2513960"
  },
  {
    "ID Number": "2504448"
  },
  {
    "ID Number": "2520800"
  },
  {
    "ID Number": "2509229"
  },
  {
    "ID Number": "2520354"
  },
  {
    "ID Number": "2525305"
  },
  {
    "ID Number": "2520362"
  },
  {
    "ID Number": "2526930"
  },
  {
    "ID Number": "2520060"
  },
  {
    "ID Number": "2514524"
  },
  {
    "ID Number": "2505347"
  },
  {
    "ID Number": "2518201"
  },
  {
    "ID Number": "2518384"
  },
  {
    "ID Number": "2518660"
  },
  {
    "ID Number": "2518783"
  },
  {
    "ID Number": "2536528"
  },
  {
    "ID Number": "2519496"
  },
  {
    "ID Number": "2531232"
  },
  {
    "ID Number": "2539349"
  },
  {
    "ID Number": "2539357"
  },
  {
    "ID Number": "2533170"
  },
  {
    "ID Number": "2533235"
  },
  {
    "ID Number": "2520230"
  },
  {
    "ID Number": "2521970"
  },
  {
    "ID Number": "2515580"
  },
  {
    "ID Number": "2536536"
  },
  {
    "ID Number": "2531585"
  },
  {
    "ID Number": "2527871"
  },
  {
    "ID Number": "2540100"
  },
  {
    "ID Number": "2511959"
  },
  {
    "ID Number": "2533472"
  },
  {
    "ID Number": "2524996"
  },
  {
    "ID Number": "2536170"
  },
  {
    "ID Number": "2514974"
  }
]