[
  {
    "ID Number": "15017508"
  },
  {
    "ID Number": "15014061"
  },
  {
    "ID Number": "15015041"
  },
  {
    "ID Number": "15010279"
  },
  {
    "ID Number": "15018482"
  },
  {
    "ID Number": "15010430"
  },
  {
    "ID Number": "15005712"
  },
  {
    "ID Number": "15006247"
  },
  {
    "ID Number": "15002713"
  },
  {
    "ID Number": "15011550"
  },
  {
    "ID Number": "15016870"
  },
  {
    "ID Number": "15001962"
  },
  {
    "ID Number": "15015971"
  },
  {
    "ID Number": "15013715"
  },
  {
    "ID Number": "15011089"
  },
  {
    "ID Number": "15011615"
  },
  {
    "ID Number": "15007235"
  },
  {
    "ID Number": "15000966"
  },
  {
    "ID Number": "15000427"
  },
  {
    "ID Number": "15017354"
  },
  {
    "ID Number": "15001857"
  },
  {
    "ID Number": "15015050"
  },
  {
    "ID Number": "15010660"
  },
  {
    "ID Number": "15004414"
  },
  {
    "ID Number": "15002390"
  },
  {
    "ID Number": "15006077"
  },
  {
    "ID Number": "15003523"
  },
  {
    "ID Number": "15014002"
  },
  {
    "ID Number": "15000885"
  },
  {
    "ID Number": "15000079"
  },
  {
    "ID Number": "15008967"
  },
  {
    "ID Number": "15010651"
  },
  {
    "ID Number": "15006166"
  },
  {
    "ID Number": "15004759"
  },
  {
    "ID Number": "15015610"
  },
  {
    "ID Number": "15004155"
  },
  {
    "ID Number": "15002632"
  },
  {
    "ID Number": "15001539"
  },
  {
    "ID Number": "15002721"
  },
  {
    "ID Number": "15019900"
  },
  {
    "ID Number": "15016218"
  },
  {
    "ID Number": "15016099"
  },
  {
    "ID Number": "15000834"
  },
  {
    "ID Number": "15018300"
  },
  {
    "ID Number": "15003132"
  },
  {
    "ID Number": "15001024"
  },
  {
    "ID Number": "15004163"
  },
  {
    "ID Number": "15002780"
  },
  {
    "ID Number": "15004970"
  },
  {
    "ID Number": "15016374"
  },
  {
    "ID Number": "15002586"
  },
  {
    "ID Number": "15017583"
  },
  {
    "ID Number": "15002829"
  },
  {
    "ID Number": "15000206"
  },
  {
    "ID Number": "15001890"
  },
  {
    "ID Number": "15000435"
  },
  {
    "ID Number": "15010635"
  },
  {
    "ID Number": "15005976"
  },
  {
    "ID Number": "15005968"
  },
  {
    "ID Number": "15008860"
  },
  {
    "ID Number": "15015076"
  },
  {
    "ID Number": "15005534"
  },
  {
    "ID Number": "15017346"
  },
  {
    "ID Number": "15001164"
  },
  {
    "ID Number": "15013049"
  },
  {
    "ID Number": "15001377"
  },
  {
    "ID Number": "15000907"
  },
  {
    "ID Number": "15014037"
  },
  {
    "ID Number": "15017087"
  },
  {
    "ID Number": "15014533"
  },
  {
    "ID Number": "15013820"
  },
  {
    "ID Number": "15003825"
  },
  {
    "ID Number": "15002799"
  },
  {
    "ID Number": "15002560"
  },
  {
    "ID Number": "15004945"
  },
  {
    "ID Number": "15006972"
  },
  {
    "ID Number": "15003612"
  },
  {
    "ID Number": "15001687"
  },
  {
    "ID Number": "15000400"
  },
  {
    "ID Number": "15000729"
  },
  {
    "ID Number": "15012468"
  },
  {
    "ID Number": "15016862"
  },
  {
    "ID Number": "15001970"
  },
  {
    "ID Number": "15016935"
  },
  {
    "ID Number": "15007332"
  },
  {
    "ID Number": "15005259"
  },
  {
    "ID Number": "15001202"
  },
  {
    "ID Number": "15013170"
  },
  {
    "ID Number": "15001920"
  },
  {
    "ID Number": "15007146"
  },
  {
    "ID Number": "15004708"
  },
  {
    "ID Number": "15000311"
  },
  {
    "ID Number": "15017559"
  },
  {
    "ID Number": "15006069"
  },
  {
    "ID Number": "15011577"
  },
  {
    "ID Number": "15015963"
  },
  {
    "ID Number": "15013138"
  },
  {
    "ID Number": "15003299"
  },
  {
    "ID Number": "15001580"
  },
  {
    "ID Number": "15002306"
  },
  {
    "ID Number": "15016803"
  },
  {
    "ID Number": "15000869"
  },
  {
    "ID Number": "15003973"
  },
  {
    "ID Number": "15001288"
  },
  {
    "ID Number": "15013189"
  },
  {
    "ID Number": "15002730"
  },
  {
    "ID Number": "15002845"
  },
  {
    "ID Number": "15000230"
  },
  {
    "ID Number": "15000095"
  },
  {
    "ID Number": "15011259"
  },
  {
    "ID Number": "15009599"
  },
  {
    "ID Number": "15005950"
  },
  {
    "ID Number": "15001180"
  },
  {
    "ID Number": "15017460"
  },
  {
    "ID Number": "15006611"
  },
  {
    "ID Number": "15010643"
  },
  {
    "ID Number": "15005909"
  },
  {
    "ID Number": "15005917"
  },
  {
    "ID Number": "15017524"
  },
  {
    "ID Number": "15007103"
  },
  {
    "ID Number": "15002012"
  },
  {
    "ID Number": "1126377"
  },
  {
    "ID Number": "15000036"
  },
  {
    "ID Number": "15005720"
  },
  {
    "ID Number": "15004902"
  },
  {
    "ID Number": "15004910"
  },
  {
    "ID Number": "15004732"
  },
  {
    "ID Number": "15011879"
  },
  {
    "ID Number": "15006999"
  },
  {
    "ID Number": "15004791"
  },
  {
    "ID Number": "15015440"
  },
  {
    "ID Number": "15012360"
  },
  {
    "ID Number": "15017451"
  },
  {
    "ID Number": "15002802"
  },
  {
    "ID Number": "15005330"
  },
  {
    "ID Number": "15003337"
  },
  {
    "ID Number": "15013057"
  },
  {
    "ID Number": "15002357"
  },
  {
    "ID Number": "15002420"
  },
  {
    "ID Number": "15011178"
  },
  {
    "ID Number": "2903024"
  },
  {
    "ID Number": "15012662"
  },
  {
    "ID Number": "15000532"
  },
  {
    "ID Number": "15001571"
  },
  {
    "ID Number": "15000281"
  },
  {
    "ID Number": "15015130"
  },
  {
    "ID Number": "15002748"
  },
  {
    "ID Number": "15017630"
  },
  {
    "ID Number": "15019217"
  },
  {
    "ID Number": "15011925"
  },
  {
    "ID Number": "15003663"
  },
  {
    "ID Number": "15001644"
  },
  {
    "ID Number": "15006174"
  },
  {
    "ID Number": "15015149"
  },
  {
    "ID Number": "15013812"
  },
  {
    "ID Number": "15001229"
  },
  {
    "ID Number": "15018130"
  },
  {
    "ID Number": "15001989"
  },
  {
    "ID Number": "15002454"
  },
  {
    "ID Number": "15005607"
  },
  {
    "ID Number": "15000389"
  },
  {
    "ID Number": "15003531"
  },
  {
    "ID Number": "15013847"
  },
  {
    "ID Number": "15001881"
  },
  {
    "ID Number": "15013740"
  },
  {
    "ID Number": "15016471"
  },
  {
    "ID Number": "15003043"
  },
  {
    "ID Number": "15002250"
  },
  {
    "ID Number": "15012859"
  },
  {
    "ID Number": "15000443"
  },
  {
    "ID Number": "15000745"
  },
  {
    "ID Number": "15018024"
  },
  {
    "ID Number": "15005577"
  },
  {
    "ID Number": "15015165"
  },
  {
    "ID Number": "15008495"
  },
  {
    "ID Number": "15001148"
  },
  {
    "ID Number": "15003990"
  },
  {
    "ID Number": "15009238"
  },
  {
    "ID Number": "15008061"
  },
  {
    "ID Number": "15007952"
  },
  {
    "ID Number": "15005003"
  },
  {
    "ID Number": "15016161"
  },
  {
    "ID Number": "15008436"
  },
  {
    "ID Number": "15000540"
  },
  {
    "ID Number": "15001520"
  },
  {
    "ID Number": "15001350"
  },
  {
    "ID Number": "15000125"
  },
  {
    "ID Number": "15000591"
  },
  {
    "ID Number": "15000346"
  },
  {
    "ID Number": "15017621"
  },
  {
    "ID Number": "15003434"
  },
  {
    "ID Number": "15012670"
  },
  {
    "ID Number": "15008088"
  },
  {
    "ID Number": "15002934"
  },
  {
    "ID Number": "15013510"
  },
  {
    "ID Number": "15019357"
  },
  {
    "ID Number": "15005941"
  },
  {
    "ID Number": "15009254"
  },
  {
    "ID Number": "15002659"
  },
  {
    "ID Number": "2934310"
  },
  {
    "ID Number": "2949938"
  },
  {
    "ID Number": "15014487"
  },
  {
    "ID Number": "15015211"
  },
  {
    "ID Number": "15015220"
  },
  {
    "ID Number": "15004805"
  },
  {
    "ID Number": "15002942"
  },
  {
    "ID Number": "15000214"
  },
  {
    "ID Number": "15011267"
  },
  {
    "ID Number": "15010791"
  },
  {
    "ID Number": "15018717"
  },
  {
    "ID Number": "15017893"
  },
  {
    "ID Number": "937320"
  },
  {
    "ID Number": "15018741"
  },
  {
    "ID Number": "15005135"
  },
  {
    "ID Number": "15007383"
  },
  {
    "ID Number": "15000940"
  },
  {
    "ID Number": "15003094"
  },
  {
    "ID Number": "15009440"
  },
  {
    "ID Number": "15010457"
  },
  {
    "ID Number": "15016234"
  },
  {
    "ID Number": "15000931"
  },
  {
    "ID Number": "15002349"
  },
  {
    "ID Number": "15002101"
  },
  {
    "ID Number": "15004007"
  },
  {
    "ID Number": "15008096"
  },
  {
    "ID Number": "15005585"
  },
  {
    "ID Number": "15001865"
  },
  {
    "ID Number": "15000109"
  },
  {
    "ID Number": "15010880"
  },
  {
    "ID Number": "15010570"
  },
  {
    "ID Number": "15004481"
  },
  {
    "ID Number": "15011666"
  },
  {
    "ID Number": "15015912"
  },
  {
    "ID Number": "15004473"
  },
  {
    "ID Number": "15003671"
  },
  {
    "ID Number": "15018148"
  },
  {
    "ID Number": "15009530"
  },
  {
    "ID Number": "15009068"
  },
  {
    "ID Number": "15016358"
  },
  {
    "ID Number": "15000737"
  },
  {
    "ID Number": "15018202"
  },
  {
    "ID Number": "15020207"
  },
  {
    "ID Number": "15008266"
  },
  {
    "ID Number": "15006344"
  },
  {
    "ID Number": "15008274"
  },
  {
    "ID Number": "15003680"
  },
  {
    "ID Number": "15000052"
  },
  {
    "ID Number": "15008452"
  },
  {
    "ID Number": "15001458"
  },
  {
    "ID Number": "15002365"
  },
  {
    "ID Number": "15012964"
  },
  {
    "ID Number": "15006948"
  },
  {
    "ID Number": "15019250"
  },
  {
    "ID Number": "15005100"
  },
  {
    "ID Number": "15011380"
  },
  {
    "ID Number": "15000702"
  },
  {
    "ID Number": "15007251"
  },
  {
    "ID Number": "15002950"
  },
  {
    "ID Number": "15002969"
  },
  {
    "ID Number": "15012620"
  },
  {
    "ID Number": "15011372"
  },
  {
    "ID Number": "15003698"
  },
  {
    "ID Number": "15000265"
  },
  {
    "ID Number": "15001270"
  },
  {
    "ID Number": "15001369"
  },
  {
    "ID Number": "15001784"
  },
  {
    "ID Number": "15005356"
  },
  {
    "ID Number": "15004325"
  },
  {
    "ID Number": "15004643"
  },
  {
    "ID Number": "15013200"
  },
  {
    "ID Number": "15004597"
  },
  {
    "ID Number": "15004090"
  },
  {
    "ID Number": "15000524"
  },
  {
    "ID Number": "15018628"
  },
  {
    "ID Number": "15001814"
  },
  {
    "ID Number": "15000060"
  },
  {
    "ID Number": "15000630"
  },
  {
    "ID Number": "15006689"
  },
  {
    "ID Number": "15002373"
  },
  {
    "ID Number": "15019985"
  },
  {
    "ID Number": "15003620"
  },
  {
    "ID Number": "15001474"
  },
  {
    "ID Number": "15004821"
  },
  {
    "ID Number": "15001547"
  },
  {
    "ID Number": "15016455"
  },
  {
    "ID Number": "15004430"
  },
  {
    "ID Number": "15000664"
  },
  {
    "ID Number": "15005011"
  },
  {
    "ID Number": "15000958"
  },
  {
    "ID Number": "15001636"
  },
  {
    "ID Number": "15000494"
  },
  {
    "ID Number": "15016366"
  },
  {
    "ID Number": "15010694"
  },
  {
    "ID Number": "15008100"
  },
  {
    "ID Number": "15009769"
  },
  {
    "ID Number": "15000184"
  },
  {
    "ID Number": "15004899"
  },
  {
    "ID Number": "15001237"
  },
  {
    "ID Number": "15014045"
  },
  {
    "ID Number": "15016463"
  },
  {
    "ID Number": "937380"
  },
  {
    "ID Number": "15000915"
  },
  {
    "ID Number": "15016420"
  },
  {
    "ID Number": "15007030"
  },
  {
    "ID Number": "15000010"
  },
  {
    "ID Number": "352144580"
  },
  {
    "ID Number": "15007375"
  },
  {
    "ID Number": "15001695"
  },
  {
    "ID Number": "15010511"
  },
  {
    "ID Number": "15012476"
  },
  {
    "ID Number": "15013871"
  },
  {
    "ID Number": "15006328"
  },
  {
    "ID Number": "15007081"
  },
  {
    "ID Number": "15018059"
  },
  {
    "ID Number": "15000770"
  },
  {
    "ID Number": "15007073"
  },
  {
    "ID Number": "15001342"
  },
  {
    "ID Number": "15004880"
  },
  {
    "ID Number": "15009602"
  },
  {
    "ID Number": "15011364"
  },
  {
    "ID Number": "15002179"
  },
  {
    "ID Number": "15005348"
  },
  {
    "ID Number": "15010830"
  },
  {
    "ID Number": "15007006"
  },
  {
    "ID Number": "15007014"
  },
  {
    "ID Number": "15005275"
  },
  {
    "ID Number": "15007626"
  },
  {
    "ID Number": "15012565"
  },
  {
    "ID Number": "15017370"
  },
  {
    "ID Number": "15012573"
  },
  {
    "ID Number": "15003370"
  },
  {
    "ID Number": "15000826"
  },
  {
    "ID Number": "15000087"
  },
  {
    "ID Number": "15003590"
  },
  {
    "ID Number": "15002152"
  },
  {
    "ID Number": "15020452"
  },
  {
    "ID Number": "15018547"
  },
  {
    "ID Number": "15018075"
  },
  {
    "ID Number": "15012034"
  },
  {
    "ID Number": "15013839"
  },
  {
    "ID Number": "15002233"
  },
  {
    "ID Number": "15012743"
  },
  {
    "ID Number": "15012794"
  },
  {
    "ID Number": "15002063"
  },
  {
    "ID Number": "15006115"
  },
  {
    "ID Number": "15006123"
  },
  {
    "ID Number": "15000982"
  },
  {
    "ID Number": "15012387"
  },
  {
    "ID Number": "15010562"
  },
  {
    "ID Number": "15001261"
  },
  {
    "ID Number": "15000583"
  },
  {
    "ID Number": "15007065"
  },
  {
    "ID Number": "15003051"
  },
  {
    "ID Number": "15003892"
  },
  {
    "ID Number": "15008487"
  },
  {
    "ID Number": "15009840"
  },
  {
    "ID Number": "15001245"
  },
  {
    "ID Number": "15017656"
  },
  {
    "ID Number": "15014681"
  },
  {
    "ID Number": "15000508"
  },
  {
    "ID Number": "15012603"
  },
  {
    "ID Number": "15003205"
  },
  {
    "ID Number": "15012310"
  },
  {
    "ID Number": "15012441"
  },
  {
    "ID Number": "15001873"
  },
  {
    "ID Number": "15016790"
  },
  {
    "ID Number": "15003213"
  },
  {
    "ID Number": "15002861"
  },
  {
    "ID Number": "15007294"
  },
  {
    "ID Number": "15001253"
  },
  {
    "ID Number": "15000354"
  },
  {
    "ID Number": "15000290"
  },
  {
    "ID Number": "15000680"
  },
  {
    "ID Number": "15000672"
  },
  {
    "ID Number": "15000150"
  },
  {
    "ID Number": "15006000"
  },
  {
    "ID Number": "15001083"
  },
  {
    "ID Number": "15012042"
  },
  {
    "ID Number": "15001300"
  },
  {
    "ID Number": "15003736"
  },
  {
    "ID Number": "15017338"
  },
  {
    "ID Number": "15005569"
  },
  {
    "ID Number": "15006964"
  },
  {
    "ID Number": "15010937"
  },
  {
    "ID Number": "15003221"
  },
  {
    "ID Number": "15013111"
  },
  {
    "ID Number": "15001334"
  },
  {
    "ID Number": "15007847"
  },
  {
    "ID Number": "15007855"
  },
  {
    "ID Number": "15001652"
  },
  {
    "ID Number": "15010368"
  },
  {
    "ID Number": "15005283"
  },
  {
    "ID Number": "15012069"
  },
  {
    "ID Number": "15011399"
  },
  {
    "ID Number": "15010406"
  },
  {
    "ID Number": "15000605"
  },
  {
    "ID Number": "15005380"
  },
  {
    "ID Number": "15000559"
  },
  {
    "ID Number": "15006476"
  },
  {
    "ID Number": "15006450"
  },
  {
    "ID Number": "15000044"
  },
  {
    "ID Number": "15015998"
  },
  {
    "ID Number": "15002764"
  },
  {
    "ID Number": "15000133"
  },
  {
    "ID Number": "15009572"
  },
  {
    "ID Number": "15005933"
  },
  {
    "ID Number": "15014584"
  },
  {
    "ID Number": "15011682"
  },
  {
    "ID Number": "15007197"
  },
  {
    "ID Number": "15005399"
  },
  {
    "ID Number": "15007456"
  },
  {
    "ID Number": "15003060"
  },
  {
    "ID Number": "15006093"
  },
  {
    "ID Number": "15002314"
  },
  {
    "ID Number": "15007448"
  },
  {
    "ID Number": "15012077"
  },
  {
    "ID Number": "15015629"
  },
  {
    "ID Number": "15001482"
  },
  {
    "ID Number": "15008843"
  },
  {
    "ID Number": "15015459"
  },
  {
    "ID Number": "15000419"
  },
  {
    "ID Number": "15006352"
  },
  {
    "ID Number": "15005496"
  },
  {
    "ID Number": "15010627"
  },
  {
    "ID Number": "15009629"
  },
  {
    "ID Number": "15002187"
  },
  {
    "ID Number": "15009475"
  },
  {
    "ID Number": "15015033"
  },
  {
    "ID Number": "15018458"
  },
  {
    "ID Number": "15000877"
  },
  {
    "ID Number": "15006271"
  },
  {
    "ID Number": "15016447"
  },
  {
    "ID Number": "15005054"
  },
  {
    "ID Number": "15003540"
  },
  {
    "ID Number": "15012972"
  },
  {
    "ID Number": "15002195"
  },
  {
    "ID Number": "15001660"
  },
  {
    "ID Number": "15003302"
  },
  {
    "ID Number": "15003396"
  },
  {
    "ID Number": "15008290"
  },
  {
    "ID Number": "15004228"
  },
  {
    "ID Number": "15015467"
  },
  {
    "ID Number": "15010392"
  },
  {
    "ID Number": "15015394"
  },
  {
    "ID Number": "15013596"
  },
  {
    "ID Number": "15000273"
  },
  {
    "ID Number": "15006280"
  },
  {
    "ID Number": "15017443"
  },
  {
    "ID Number": "15001440"
  },
  {
    "ID Number": "15001717"
  },
  {
    "ID Number": "15004392"
  },
  {
    "ID Number": "15003400"
  },
  {
    "ID Number": "15003078"
  },
  {
    "ID Number": "15002551"
  },
  {
    "ID Number": "15002403"
  },
  {
    "ID Number": "15000249"
  },
  {
    "ID Number": "15012107"
  },
  {
    "ID Number": "15007839"
  },
  {
    "ID Number": "15013863"
  },
  {
    "ID Number": "15005046"
  },
  {
    "ID Number": "15002381"
  },
  {
    "ID Number": "15008533"
  },
  {
    "ID Number": "15009939"
  },
  {
    "ID Number": "15001733"
  },
  {
    "ID Number": "15013723"
  },
  {
    "ID Number": "15007871"
  },
  {
    "ID Number": "15015874"
  },
  {
    "ID Number": "15007227"
  },
  {
    "ID Number": "15020258"
  },
  {
    "ID Number": "15000842"
  },
  {
    "ID Number": "15016269"
  },
  {
    "ID Number": "15001750"
  },
  {
    "ID Number": "15007774"
  },
  {
    "ID Number": "15010210"
  },
  {
    "ID Number": "15002411"
  },
  {
    "ID Number": "15002870"
  },
  {
    "ID Number": "15000117"
  },
  {
    "ID Number": "15002608"
  },
  {
    "ID Number": "15005267"
  },
  {
    "ID Number": "15014894"
  },
  {
    "ID Number": "15006018"
  },
  {
    "ID Number": "4148843"
  },
  {
    "ID Number": "15011291"
  },
  {
    "ID Number": "15000850"
  },
  {
    "ID Number": "15001997"
  },
  {
    "ID Number": "15016030"
  },
  {
    "ID Number": "15013995"
  },
  {
    "ID Number": "15014665"
  },
  {
    "ID Number": "15005372"
  },
  {
    "ID Number": "15005704"
  },
  {
    "ID Number": "15011623"
  },
  {
    "ID Number": "15010058"
  },
  {
    "ID Number": "15008207"
  },
  {
    "ID Number": "15020240"
  },
  {
    "ID Number": "15000656"
  },
  {
    "ID Number": "15000648"
  },
  {
    "ID Number": "15001490"
  },
  {
    "ID Number": "15018121"
  },
  {
    "ID Number": "15016277"
  },
  {
    "ID Number": "15013588"
  },
  {
    "ID Number": "15013561"
  },
  {
    "ID Number": "15005038"
  },
  {
    "ID Number": "15001830"
  },
  {
    "ID Number": "15002888"
  },
  {
    "ID Number": "15007324"
  },
  {
    "ID Number": "15009670"
  },
  {
    "ID Number": "15017516"
  },
  {
    "ID Number": "15017761"
  },
  {
    "ID Number": "15000923"
  },
  {
    "ID Number": "15001792"
  },
  {
    "ID Number": "15000788"
  },
  {
    "ID Number": "15009394"
  },
  {
    "ID Number": "15017052"
  },
  {
    "ID Number": "15000460"
  },
  {
    "ID Number": "15000028"
  },
  {
    "ID Number": "15001172"
  },
  {
    "ID Number": "15008355"
  },
  {
    "ID Number": "15018105"
  },
  {
    "ID Number": "15010074"
  },
  {
    "ID Number": "15008690"
  },
  {
    "ID Number": "15003485"
  },
  {
    "ID Number": "15015513"
  },
  {
    "ID Number": "15009661"
  },
  {
    "ID Number": "15000621"
  },
  {
    "ID Number": "15019578"
  },
  {
    "ID Number": "15000478"
  },
  {
    "ID Number": "15003787"
  },
  {
    "ID Number": "15007790"
  },
  {
    "ID Number": "15007430"
  },
  {
    "ID Number": "15010384"
  },
  {
    "ID Number": "15000303"
  },
  {
    "ID Number": "15001806"
  },
  {
    "ID Number": "15015831"
  },
  {
    "ID Number": "15004864"
  },
  {
    "ID Number": "15009823"
  },
  {
    "ID Number": "15008444"
  },
  {
    "ID Number": "15009327"
  },
  {
    "ID Number": "15000257"
  },
  {
    "ID Number": "15005640"
  },
  {
    "ID Number": "15009386"
  },
  {
    "ID Number": "15000320"
  },
  {
    "ID Number": "15001032"
  },
  {
    "ID Number": "15004635"
  },
  {
    "ID Number": "15014932"
  },
  {
    "ID Number": "15005240"
  },
  {
    "ID Number": "15015955"
  },
  {
    "ID Number": "15001059"
  },
  {
    "ID Number": "15002209"
  },
  {
    "ID Number": "15000699"
  },
  {
    "ID Number": "15004252"
  },
  {
    "ID Number": "15012190"
  },
  {
    "ID Number": "15000893"
  },
  {
    "ID Number": "15000796"
  },
  {
    "ID Number": "15000370"
  },
  {
    "ID Number": "15001555"
  },
  {
    "ID Number": "15004937"
  },
  {
    "ID Number": "15005755"
  },
  {
    "ID Number": "15002446"
  },
  {
    "ID Number": "15002675"
  },
  {
    "ID Number": "15002900"
  },
  {
    "ID Number": "15000192"
  },
  {
    "ID Number": "15010244"
  },
  {
    "ID Number": "15011631"
  },
  {
    "ID Number": "15001067"
  },
  {
    "ID Number": "15011607"
  },
  {
    "ID Number": "15007286"
  },
  {
    "ID Number": "15004260"
  },
  {
    "ID Number": "15017672"
  },
  {
    "ID Number": "15002594"
  },
  {
    "ID Number": "15013979"
  },
  {
    "ID Number": "15004538"
  },
  {
    "ID Number": "15008304"
  },
  {
    "ID Number": "15000761"
  },
  {
    "ID Number": "15002241"
  },
  {
    "ID Number": "15007278"
  },
  {
    "ID Number": "449970"
  },
  {
    "ID Number": "15003922"
  },
  {
    "ID Number": "15007138"
  },
  {
    "ID Number": "15001105"
  },
  {
    "ID Number": "15001679"
  },
  {
    "ID Number": "15004333"
  },
  {
    "ID Number": "15000818"
  },
  {
    "ID Number": "15001113"
  },
  {
    "ID Number": "15013154"
  },
  {
    "ID Number": "15001628"
  },
  {
    "ID Number": "15003795"
  },
  {
    "ID Number": "15000800"
  },
  {
    "ID Number": "15002918"
  },
  {
    "ID Number": "15013251"
  },
  {
    "ID Number": "15015823"
  },
  {
    "ID Number": "15011356"
  },
  {
    "ID Number": "15001385"
  },
  {
    "ID Number": "15019373"
  },
  {
    "ID Number": "15010813"
  },
  {
    "ID Number": "15003809"
  },
  {
    "ID Number": "15002144"
  },
  {
    "ID Number": "15000710"
  },
  {
    "ID Number": "15001121"
  },
  {
    "ID Number": "15006867"
  },
  {
    "ID Number": "15000753"
  },
  {
    "ID Number": "15019322"
  },
  {
    "ID Number": "15003566"
  },
  {
    "ID Number": "15001210"
  },
  {
    "ID Number": "15001954"
  },
  {
    "ID Number": "15001199"
  },
  {
    "ID Number": "15006875"
  },
  {
    "ID Number": "15000575"
  },
  {
    "ID Number": "15011232"
  },
  {
    "ID Number": "15012247"
  },
  {
    "ID Number": "15001822"
  },
  {
    "ID Number": "15015483"
  },
  {
    "ID Number": "15000567"
  },
  {
    "ID Number": "15009335"
  },
  {
    "ID Number": "15000451"
  },
  {
    "ID Number": "15009149"
  },
  {
    "ID Number": "15014029"
  },
  {
    "ID Number": "15003507"
  },
  {
    "ID Number": "15013294"
  },
  {
    "ID Number": "15002160"
  },
  {
    "ID Number": "15003086"
  },
  {
    "ID Number": "15002616"
  },
  {
    "ID Number": "15002020"
  },
  {
    "ID Number": "15002217"
  },
  {
    "ID Number": "15001008"
  },
  {
    "ID Number": "15010422"
  },
  {
    "ID Number": "15006441"
  },
  {
    "ID Number": "15014495"
  },
  {
    "ID Number": "15011542"
  },
  {
    "ID Number": "15003604"
  },
  {
    "ID Number": "15008177"
  },
  {
    "ID Number": "15005992"
  },
  {
    "ID Number": "15006905"
  },
  {
    "ID Number": "15013480"
  },
  {
    "ID Number": "15014843"
  },
  {
    "ID Number": "15003000"
  },
  {
    "ID Number": "15005623"
  },
  {
    "ID Number": "15004694"
  },
  {
    "ID Number": "15000613"
  },
  {
    "ID Number": "15001563"
  },
  {
    "ID Number": "15003035"
  },
  {
    "ID Number": "15016579"
  },
  {
    "ID Number": "15015807"
  },
  {
    "ID Number": "15001040"
  },
  {
    "ID Number": "15003582"
  },
  {
    "ID Number": "15006255"
  },
  {
    "ID Number": "15013537"
  },
  {
    "ID Number": "15014983"
  },
  {
    "ID Number": "15001512"
  },
  {
    "ID Number": "15013960"
  },
  {
    "ID Number": "15009351"
  },
  {
    "ID Number": "15011321"
  },
  {
    "ID Number": "15001709"
  },
  {
    "ID Number": "15000338"
  },
  {
    "ID Number": "15002489"
  },
  {
    "ID Number": "15011593"
  },
  {
    "ID Number": "15017494"
  },
  {
    "ID Number": "15009858"
  },
  {
    "ID Number": "15009734"
  },
  {
    "ID Number": "15007510"
  },
  {
    "ID Number": "15006379"
  },
  {
    "ID Number": "15006026"
  },
  {
    "ID Number": "15001318"
  },
  {
    "ID Number": "15007588"
  },
  {
    "ID Number": "15008479"
  },
  {
    "ID Number": "15019594"
  },
  {
    "ID Number": "15005402"
  },
  {
    "ID Number": "15005500"
  },
  {
    "ID Number": "15005127"
  },
  {
    "ID Number": "15001601"
  },
  {
    "ID Number": "15008150"
  },
  {
    "ID Number": "15004961"
  }
]