[
  {
    "ID Number": "21205701",
    "Name": "Adama, Teko Francis",
    "Fed": "TOG",
    "Sex": "M",
    "Title": "",
    "WTit": "",
    "OTit": "",
    "FOA": "1429",
    "Rating": "AUG25",
    "Gms": "0",
    "K": "40",
    "B-day": "2005",
    "Flag": ""
  },
  {
    "ID Number": "21205400",
    "Name": "Adja, Gnimdou Richard",
    "Fed": "TOG",
    "Sex": "M",
    "Title": "",
    "WTit": "",
    "OTit": "",
    "FOA": "1509",
    "Rating": "AUG25",
    "Gms": "0",
    "K": "40",
    "B-day": "2003",
    "Flag": "i"
  },
  {
    "ID Number": "21204977",
    "Name": "Adjinon, Kossi Merveille",
    "Fed": "TOG",
    "Sex": "F",
    "Title": "",
    "WTit": "",
    "OTit": "",
    "FOA": "1532",
    "Rating": "AUG25",
    "Gms": "0",
    "K": "40",
    "B-day": "2001",
    "Flag": "wi"
  },
  {
    "ID Number": "21204993",
    "Name": "Afanou, Kossi Amegbo Emmanuel",
    "Fed": "TOG",
    "Sex": "M",
    "Title": "",
    "WTit": "",
    "OTit": "",
    "FOA": "1627",
    "Rating": "AUG25",
    "Gms": "0",
    "K": "40",
    "B-day": "2005",
    "Flag": ""
  },
  {
    "ID Number": "21205175",
    "Name": "Agbekponou, Jules Akuete",
    "Fed": "TOG",
    "Sex": "M",
    "Title": "",
    "WTit": "",
    "OTit": "",
    "FOA": "1404",
    "Rating": "AUG25",
    "Gms": "3",
    "K": "40",
    "B-day": "2002",
    "Flag": ""
  },
  {
    "ID Number": "21204497",
    "Name": "Agbevide, Kossi",
    "Fed": "TOG",
    "Sex": "M",
    "Title": "",
    "WTit": "",
    "OTit": "",
    "FOA": "1599",
    "Rating": "AUG25",
    "Gms": "0",
    "K": "20",
    "B-day": "1990",
    "Flag": "i"
  },
  {
    "ID Number": "21204624",
    "Name": "Agboton, Babatounde Frejuste",
    "Fed": "TOG",
    "Sex": "M",
    "Title": "",
    "WTit": "",
    "OTit": "",
    "FOA": "1675",
    "Rating": "AUG25",
    "Gms": "0",
    "K": "20",
    "B-day": "1995",
    "Flag": ""
  },
  {
    "ID Number": "21200394",
    "Name": "Ajavon, Ayayi Jean Le Clair",
    "Fed": "TOG",
    "Sex": "M",
    "Title": "",
    "WTit": "",
    "OTit": "",
    "FOA": "1813",
    "Rating": "AUG25",
    "Gms": "2",
    "K": "20",
    "B-day": "1984",
    "Flag": ""
  },
  {
    "ID Number": "21205345",
    "Name": "Akpadza, Franck Herve Komi",
    "Fed": "TOG",
    "Sex": "M",
    "Title": "",
    "WTit": "",
    "OTit": "",
    "FOA": "1524",
    "Rating": "AUG25",
    "Gms": "0",
    "K": "40",
    "B-day": "2006",
    "Flag": "i"
  },
  {
    "ID Number": "21204667",
    "Name": "Amediame, Jacques",
    "Fed": "TOG",
    "Sex": "M",
    "Title": "",
    "WTit": "",
    "OTit": "",
    "FOA": "1611",
    "Rating": "AUG25",
    "Gms": "0",
    "K": "20",
    "B-day": "2001",
    "Flag": ""
  },
  {
    "ID Number": "21201625",
    "Name": "Amega-Dzaka, Komi Nukunu",
    "Fed": "TOG",
    "Sex": "M",
    "Title": "",
    "WTit": "",
    "OTit": "",
    "FOA": "1829",
    "Rating": "AUG25",
    "Gms": "0",
    "K": "20",
    "B-day": "1997",
    "Flag": "i"
  },
  {
    "ID Number": "21204110",
    "Name": "Ameganshie, Lucke",
    "Fed": "TOG",
    "Sex": "M",
    "Title": "",
    "WTit": "",
    "OTit": "",
    "FOA": "1654",
    "Rating": "AUG25",
    "Gms": "0",
    "K": "40",
    "B-day": "2002",
    "Flag": "i"
  },
  {
    "ID Number": "21200017",
    "Name": "Amewounou, Komlan Kouessan",
    "Fed": "TOG",
    "Sex": "M",
    "Title": "",
    "WTit": "SI",
    "OTit": "",
    "FOA": "1837",
    "Rating": "AUG25",
    "Gms": "5",
    "K": "20",
    "B-day": "1983",
    "Flag": ""
  },
  {
    "ID Number": "21205329",
    "Name": "Anador, Kossi Ferdinand",
    "Fed": "TOG",
    "Sex": "M",
    "Title": "",
    "WTit": "",
    "OTit": "",
    "FOA": "1565",
    "Rating": "AUG25",
    "Gms": "0",
    "K": "40",
    "B-day": "1996",
    "Flag": ""
  },
  {
    "ID Number": "21204551",
    "Name": "Andriamanelisoa, Louis Orivah",
    "Fed": "TOG",
    "Sex": "M",
    "Title": "",
    "WTit": "",
    "OTit": "",
    "FOA": "1601",
    "Rating": "AUG25",
    "Gms": "0",
    "K": "40",
    "B-day": "1998",
    "Flag": "i"
  },
  {
    "ID Number": "21200211",
    "Name": "Assagba, Kodjo Mawuli",
    "Fed": "TOG",
    "Sex": "M",
    "Title": "",
    "WTit": "",
    "OTit": "",
    "FOA": "1605",
    "Rating": "AUG25",
    "Gms": "3",
    "K": "20",
    "B-day": "1978",
    "Flag": ""
  },
  {
    "ID Number": "21201498",
    "Name": "Assogba, Paul",
    "Fed": "TOG",
    "Sex": "M",
    "Title": "",
    "WTit": "",
    "OTit": "",
    "FOA": "1749",
    "Rating": "AUG25",
    "Gms": "0",
    "K": "40",
    "B-day": "2008",
    "Flag": "i"
  },
  {
    "ID Number": "21204500",
    "Name": "Assogba, Tessi",
    "Fed": "TOG",
    "Sex": "M",
    "Title": "",
    "WTit": "",
    "OTit": "",
    "FOA": "1464",
    "Rating": "AUG25",
    "Gms": "0",
    "K": "40",
    "B-day": "1985",
    "Flag": "i"
  },
  {
    "ID Number": "21200491",
    "Name": "Ayena, Yao Thimothee",
    "Fed": "TOG",
    "Sex": "M",
    "Title": "",
    "WTit": "",
    "OTit": "",
    "FOA": "1531",
    "Rating": "AUG25",
    "Gms": "0",
    "K": "40",
    "B-day": "2003",
    "Flag": ""
  },
  {
    "ID Number": "21201994",
    "Name": "Ayena, Yaovi Serge",
    "Fed": "TOG",
    "Sex": "M",
    "Title": "",
    "WTit": "",
    "OTit": "",
    "FOA": "1611",
    "Rating": "AUG25",
    "Gms": "0",
    "K": "20",
    "B-day": "2004",
    "Flag": ""
  },
  {
    "ID Number": "21201790",
    "Name": "Azoti Tawi,  Gerbeaud",
    "Fed": "TOG",
    "Sex": "M",
    "Title": "",
    "WTit": "",
    "OTit": "",
    "FOA": "1444",
    "Rating": "AUG25",
    "Gms": "0",
    "K": "40",
    "B-day": "2000",
    "Flag": ""
  },
  {
    "ID Number": "21201390",
    "Name": "Ballebako, Kokou Difendramakada Jacques",
    "Fed": "TOG",
    "Sex": "M",
    "Title": "",
    "WTit": "",
    "OTit": "",
    "FOA": "1776",
    "Rating": "AUG25",
    "Gms": "0",
    "K": "20",
    "B-day": "1995",
    "Flag": ""
  },
  {
    "ID Number": "21205051",
    "Name": "Bledje, Benito",
    "Fed": "TOG",
    "Sex": "M",
    "Title": "",
    "WTit": "",
    "OTit": "",
    "FOA": "1622",
    "Rating": "AUG25",
    "Gms": "0",
    "K": "20",
    "B-day": "2006",
    "Flag": ""
  },
  {
    "ID Number": "21200190",
    "Name": "Bodjona, Abalou Bitchareou",
    "Fed": "TOG",
    "Sex": "M",
    "Title": "",
    "WTit": "",
    "OTit": "",
    "FOA": "1749",
    "Rating": "AUG25",
    "Gms": "0",
    "K": "20",
    "B-day": "1979",
    "Flag": ""
  },
  {
    "ID Number": "21200025",
    "Name": "Botsoe, Koffi",
    "Fed": "TOG",
    "Sex": "M",
    "Title": "",
    "WTit": "SI",
    "OTit": "",
    "FOA": "1742",
    "Rating": "AUG25",
    "Gms": "5",
    "K": "20",
    "B-day": "1974",
    "Flag": ""
  },
  {
    "ID Number": "21200831",
    "Name": "Codjo, Delava Komlan",
    "Fed": "TOG",
    "Sex": "M",
    "Title": "",
    "WTit": "",
    "OTit": "",
    "FOA": "1704",
    "Rating": "AUG25",
    "Gms": "0",
    "K": "20",
    "B-day": "1948",
    "Flag": "i"
  },
  {
    "ID Number": "21204675",
    "Name": "Conte, Saidou",
    "Fed": "TOG",
    "Sex": "M",
    "Title": "",
    "WTit": "",
    "OTit": "",
    "FOA": "AFM",
    "Rating": "AUG25",
    "Gms": "1682",
    "K": "0",
    "B-day": "1994",
    "Flag": ""
  },
  {
    "ID Number": "21203989",
    "Name": "Dagnon, Micheline",
    "Fed": "TOG",
    "Sex": "F",
    "Title": "",
    "WTit": "",
    "OTit": "",
    "FOA": "1550",
    "Rating": "AUG25",
    "Gms": "0",
    "K": "40",
    "B-day": "2009",
    "Flag": "w"
  },
  {
    "ID Number": "21205493",
    "Name": "Date, Datevi Abel Sitsope",
    "Fed": "TOG",
    "Sex": "M",
    "Title": "",
    "WTit": "",
    "OTit": "",
    "FOA": "1639",
    "Rating": "AUG25",
    "Gms": "4",
    "K": "40",
    "B-day": "1999",
    "Flag": ""
  },
  {
    "ID Number": "21201439",
    "Name": "De Gonzague, Ayite Prince",
    "Fed": "TOG",
    "Sex": "M",
    "Title": "",
    "WTit": "",
    "OTit": "",
    "FOA": "1559",
    "Rating": "AUG25",
    "Gms": "0",
    "K": "40",
    "B-day": "2001",
    "Flag": "i"
  },
  {
    "ID Number": "21201200",
    "Name": "De Souza, Ivana Claudia Eyram",
    "Fed": "TOG",
    "Sex": "F",
    "Title": "",
    "WTit": "",
    "OTit": "",
    "FOA": "1485",
    "Rating": "AUG25",
    "Gms": "0",
    "K": "20",
    "B-day": "2003",
    "Flag": "wi"
  },
  {
    "ID Number": "21201366",
    "Name": "Diallo, Mamadou",
    "Fed": "TOG",
    "Sex": "M",
    "Title": "",
    "WTit": "",
    "OTit": "",
    "FOA": "1542",
    "Rating": "AUG25",
    "Gms": "0",
    "K": "20",
    "B-day": "1997",
    "Flag": "i"
  },
  {
    "ID Number": "21205221",
    "Name": "Dick, Komlan Armand",
    "Fed": "TOG",
    "Sex": "M",
    "Title": "",
    "WTit": "",
    "OTit": "",
    "FOA": "1528",
    "Rating": "AUG25",
    "Gms": "4",
    "K": "20",
    "B-day": "2002",
    "Flag": ""
  },
  {
    "ID Number": "21204411",
    "Name": "Domingo, Siloe Nicalas Comlan",
    "Fed": "TOG",
    "Sex": "M",
    "Title": "",
    "WTit": "",
    "OTit": "",
    "FOA": "1639",
    "Rating": "AUG25",
    "Gms": "0",
    "K": "20",
    "B-day": "1994",
    "Flag": "i"
  },
  {
    "ID Number": "21204586",
    "Name": "Doumassi, Kodjovi Folly Corazon",
    "Fed": "TOG",
    "Sex": "M",
    "Title": "",
    "WTit": "",
    "OTit": "",
    "FOA": "1600",
    "Rating": "AUG25",
    "Gms": "4",
    "K": "20",
    "B-day": "2001",
    "Flag": ""
  },
  {
    "ID Number": "21205507",
    "Name": "Douti, Monipake Alain",
    "Fed": "TOG",
    "Sex": "M",
    "Title": "",
    "WTit": "",
    "OTit": "",
    "FOA": "1437",
    "Rating": "AUG25",
    "Gms": "0",
    "K": "40",
    "B-day": "2003",
    "Flag": "i"
  },
  {
    "ID Number": "21201510",
    "Name": "Egbe, Kossi Thierry",
    "Fed": "TOG",
    "Sex": "M",
    "Title": "",
    "WTit": "",
    "OTit": "",
    "FOA": "1869",
    "Rating": "AUG25",
    "Gms": "0",
    "K": "20",
    "B-day": "2001",
    "Flag": ""
  },
  {
    "ID Number": "21205442",
    "Name": "Egou, Kossi Enyefia",
    "Fed": "TOG",
    "Sex": "M",
    "Title": "",
    "WTit": "",
    "OTit": "",
    "FOA": "1468",
    "Rating": "AUG25",
    "Gms": "0",
    "K": "40",
    "B-day": "1999",
    "Flag": "i"
  },
  {
    "ID Number": "21201285",
    "Name": "Ekoue, Kossi Rodrigue",
    "Fed": "TOG",
    "Sex": "M",
    "Title": "",
    "WTit": "",
    "OTit": "",
    "FOA": "1608",
    "Rating": "AUG25",
    "Gms": "0",
    "K": "20",
    "B-day": "1983",
    "Flag": "i"
  },
  {
    "ID Number": "21200149",
    "Name": "Ephoevi-Ga, Adama Mawulikplimi",
    "Fed": "TOG",
    "Sex": "M",
    "Title": "CM",
    "WTit": "",
    "OTit": "",
    "FOA": "1843",
    "Rating": "AUG25",
    "Gms": "0",
    "K": "20",
    "B-day": "1986",
    "Flag": "i"
  },
  {
    "ID Number": "21200220",
    "Name": "Esse, Akua Kosife",
    "Fed": "TOG",
    "Sex": "F",
    "Title": "WCM",
    "WTit": "WCM",
    "OTit": "",
    "FOA": "1585",
    "Rating": "AUG25",
    "Gms": "0",
    "K": "20",
    "B-day": "1975",
    "Flag": "wi"
  },
  {
    "ID Number": "21201021",
    "Name": "Etey, Yaovi Agusto",
    "Fed": "TOG",
    "Sex": "M",
    "Title": "",
    "WTit": "",
    "OTit": "",
    "FOA": "1763",
    "Rating": "AUG25",
    "Gms": "5",
    "K": "20",
    "B-day": "1993",
    "Flag": ""
  },
  {
    "ID Number": "21204195",
    "Name": "Folly, Kokou Claude",
    "Fed": "TOG",
    "Sex": "M",
    "Title": "",
    "WTit": "",
    "OTit": "",
    "FOA": "1633",
    "Rating": "AUG25",
    "Gms": "0",
    "K": "20",
    "B-day": "1996",
    "Flag": "i"
  },
  {
    "ID Number": "21200033",
    "Name": "Fumey, Enyonam Sewa",
    "Fed": "TOG",
    "Sex": "M",
    "Title": "CM",
    "WTit": "",
    "OTit": "",
    "FOA": "1841",
    "Rating": "AUG25",
    "Gms": "0",
    "K": "20",
    "B-day": "1981",
    "Flag": "i"
  },
  {
    "ID Number": "21205426",
    "Name": "Hounakey, Graceson",
    "Fed": "TOG",
    "Sex": "M",
    "Title": "",
    "WTit": "",
    "OTit": "",
    "FOA": "1557",
    "Rating": "AUG25",
    "Gms": "0",
    "K": "40",
    "B-day": "2003",
    "Flag": "i"
  },
  {
    "ID Number": "21205965",
    "Name": "Hounton, Dehumon Seyive Richard",
    "Fed": "TOG",
    "Sex": "M",
    "Title": "",
    "WTit": "",
    "OTit": "",
    "FOA": "1785",
    "Rating": "AUG25",
    "Gms": "0",
    "K": "40",
    "B-day": "1977",
    "Flag": ""
  },
  {
    "ID Number": "21206031",
    "Name": "Hountonnagnon, Irman Weziza",
    "Fed": "TOG",
    "Sex": "M",
    "Title": "",
    "WTit": "",
    "OTit": "",
    "FOA": "1604",
    "Rating": "AUG25",
    "Gms": "5",
    "K": "40",
    "B-day": "2009",
    "Flag": ""
  },
  {
    "ID Number": "21206252",
    "Name": "Idoko, Angel Idoko",
    "Fed": "TOG",
    "Sex": "M",
    "Title": "",
    "WTit": "",
    "OTit": "",
    "FOA": "1567",
    "Rating": "AUG25",
    "Gms": "5",
    "K": "40",
    "B-day": "2002",
    "Flag": ""
  },
  {
    "ID Number": "21204217",
    "Name": "Kabiya, Aklesso Richard",
    "Fed": "TOG",
    "Sex": "M",
    "Title": "",
    "WTit": "",
    "OTit": "",
    "FOA": "1420",
    "Rating": "AUG25",
    "Gms": "0",
    "K": "20",
    "B-day": "1995",
    "Flag": ""
  },
  {
    "ID Number": "21205299",
    "Name": "Kenkou, Giovani",
    "Fed": "TOG",
    "Sex": "M",
    "Title": "",
    "WTit": "",
    "OTit": "",
    "FOA": "1628",
    "Rating": "AUG25",
    "Gms": "0",
    "K": "40",
    "B-day": "2001",
    "Flag": ""
  },
  {
    "ID Number": "21200580",
    "Name": "Kouevi, Arnaud Folly",
    "Fed": "TOG",
    "Sex": "M",
    "Title": "",
    "WTit": "",
    "OTit": "",
    "FOA": "1635",
    "Rating": "AUG25",
    "Gms": "0",
    "K": "20",
    "B-day": "1994",
    "Flag": ""
  },
  {
    "ID Number": "21200041",
    "Name": "Kouevi, Mawuvi Koue",
    "Fed": "TOG",
    "Sex": "M",
    "Title": "",
    "WTit": "",
    "OTit": "",
    "FOA": "1800",
    "Rating": "AUG25",
    "Gms": "0",
    "K": "20",
    "B-day": "1960",
    "Flag": "i"
  },
  {
    "ID Number": "21205736",
    "Name": "Kpodonou, Kossigam Gael God-Love",
    "Fed": "TOG",
    "Sex": "M",
    "Title": "",
    "WTit": "",
    "OTit": "",
    "FOA": "1573",
    "Rating": "AUG25",
    "Gms": "0",
    "K": "40",
    "B-day": "2006",
    "Flag": ""
  },
  {
    "ID Number": "21201420",
    "Name": "Kpomblekou, Elom Kossigan Mawuto",
    "Fed": "TOG",
    "Sex": "M",
    "Title": "",
    "WTit": "",
    "OTit": "",
    "FOA": "1661",
    "Rating": "AUG25",
    "Gms": "6",
    "K": "40",
    "B-day": "1986",
    "Flag": ""
  },
  {
    "ID Number": "21204047",
    "Name": "Kponsou, Afiwa",
    "Fed": "TOG",
    "Sex": "F",
    "Title": "WCM",
    "WTit": "WCM",
    "OTit": "",
    "FOA": "1439",
    "Rating": "AUG25",
    "Gms": "0",
    "K": "20",
    "B-day": "1992",
    "Flag": "w"
  },
  {
    "ID Number": "21204063",
    "Name": "Kudafa, Sandrine",
    "Fed": "TOG",
    "Sex": "F",
    "Title": "WCM",
    "WTit": "WCM",
    "OTit": "",
    "FOA": "1459",
    "Rating": "AUG25",
    "Gms": "0",
    "K": "40",
    "B-day": "2008",
    "Flag": "w"
  },
  {
    "ID Number": "21201323",
    "Name": "Kueviakoe, Folly Cedric",
    "Fed": "TOG",
    "Sex": "M",
    "Title": "",
    "WTit": "",
    "OTit": "",
    "FOA": "1736",
    "Rating": "AUG25",
    "Gms": "0",
    "K": "20",
    "B-day": "2002",
    "Flag": "i"
  },
  {
    "ID Number": "21206163",
    "Name": "Lokou, Koffi Jacques-Kevin",
    "Fed": "TOG",
    "Sex": "M",
    "Title": "",
    "WTit": "",
    "OTit": "",
    "FOA": "1528",
    "Rating": "AUG25",
    "Gms": "0",
    "K": "40",
    "B-day": "2003",
    "Flag": ""
  },
  {
    "ID Number": "21205515",
    "Name": "Lokou, Kofi Emile",
    "Fed": "TOG",
    "Sex": "M",
    "Title": "",
    "WTit": "",
    "OTit": "",
    "FOA": "1563",
    "Rating": "AUG25",
    "Gms": "0",
    "K": "20",
    "B-day": "1997",
    "Flag": ""
  },
  {
    "ID Number": "21206074",
    "Name": "Mama, Abdalah",
    "Fed": "TOG",
    "Sex": "M",
    "Title": "",
    "WTit": "",
    "OTit": "",
    "FOA": "1614",
    "Rating": "AUG25",
    "Gms": "0",
    "K": "40",
    "B-day": "2002",
    "Flag": ""
  },
  {
    "ID Number": "21204233",
    "Name": "Nani, Timothee Michaelie",
    "Fed": "TOG",
    "Sex": "M",
    "Title": "",
    "WTit": "",
    "OTit": "",
    "FOA": "1583",
    "Rating": "AUG25",
    "Gms": "0",
    "K": "40",
    "B-day": "2002",
    "Flag": "i"
  },
  {
    "ID Number": "21200084",
    "Name": "Ndjelle, Abby Edah",
    "Fed": "TOG",
    "Sex": "M",
    "Title": "",
    "WTit": "",
    "OTit": "",
    "FOA": "1498",
    "Rating": "AUG25",
    "Gms": "0",
    "K": "20",
    "B-day": "1964",
    "Flag": "i"
  },
  {
    "ID Number": "21204888",
    "Name": "Ndjelle-Abby, Loic Gnimdou",
    "Fed": "TOG",
    "Sex": "M",
    "Title": "",
    "WTit": "",
    "OTit": "",
    "FOA": "1426",
    "Rating": "AUG25",
    "Gms": "0",
    "K": "40",
    "B-day": "2009",
    "Flag": ""
  },
  {
    "ID Number": "21205370",
    "Name": "Ndjelle-Abby, Marcel",
    "Fed": "TOG",
    "Sex": "M",
    "Title": "",
    "WTit": "",
    "OTit": "",
    "FOA": "1446",
    "Rating": "AUG25",
    "Gms": "0",
    "K": "40",
    "B-day": "2004",
    "Flag": "i"
  },
  {
    "ID Number": "21200050",
    "Name": "Neglo, Yaovi Dodji",
    "Fed": "TOG",
    "Sex": "M",
    "Title": "",
    "WTit": "NA",
    "OTit": "",
    "FOA": "1707",
    "Rating": "AUG25",
    "Gms": "0",
    "K": "20",
    "B-day": "1986",
    "Flag": "i"
  },
  {
    "ID Number": "21206040",
    "Name": "Nneji-Ohanogu, Marvin Tobechukwu",
    "Fed": "TOG",
    "Sex": "M",
    "Title": "",
    "WTit": "",
    "OTit": "",
    "FOA": "1848",
    "Rating": "AUG25",
    "Gms": "6",
    "K": "40",
    "B-day": "2008",
    "Flag": ""
  },
  {
    "ID Number": "21206180",
    "Name": "Numatsi, Koku Dzigba",
    "Fed": "TOG",
    "Sex": "M",
    "Title": "",
    "WTit": "",
    "OTit": "",
    "FOA": "1496",
    "Rating": "AUG25",
    "Gms": "0",
    "K": "40",
    "B-day": "1979",
    "Flag": ""
  },
  {
    "ID Number": "21200254",
    "Name": "Numatsi, Yawotsu Dzigba",
    "Fed": "TOG",
    "Sex": "M",
    "Title": "",
    "WTit": "NA",
    "OTit": "",
    "FOA": "1644",
    "Rating": "AUG25",
    "Gms": "5",
    "K": "20",
    "B-day": "1980",
    "Flag": ""
  },
  {
    "ID Number": "21200483",
    "Name": "Okoro, Aderemi Bankole Mubarak",
    "Fed": "TOG",
    "Sex": "M",
    "Title": "",
    "WTit": "LSI,IA",
    "OTit": "",
    "FOA": "1630",
    "Rating": "AUG25",
    "Gms": "0",
    "K": "20",
    "B-day": "1992",
    "Flag": "i"
  },
  {
    "ID Number": "21204420",
    "Name": "Oyenga, Justine Anassika",
    "Fed": "TOG",
    "Sex": "F",
    "Title": "",
    "WTit": "",
    "OTit": "",
    "FOA": "1501",
    "Rating": "AUG25",
    "Gms": "0",
    "K": "20",
    "B-day": "1993",
    "Flag": "wi"
  },
  {
    "ID Number": "21204543",
    "Name": "Pascual, David",
    "Fed": "TOG",
    "Sex": "M",
    "Title": "",
    "WTit": "",
    "OTit": "",
    "FOA": "1491",
    "Rating": "AUG25",
    "Gms": "0",
    "K": "20",
    "B-day": "1974",
    "Flag": "i"
  },
  {
    "ID Number": "21204969",
    "Name": "Pedanou, Yao Esenam Samuel",
    "Fed": "TOG",
    "Sex": "M",
    "Title": "",
    "WTit": "",
    "OTit": "",
    "FOA": "1509",
    "Rating": "AUG25",
    "Gms": "1",
    "K": "40",
    "B-day": "1997",
    "Flag": ""
  },
  {
    "ID Number": "21204241",
    "Name": "Perezi, Edna Firmin",
    "Fed": "TOG",
    "Sex": "M",
    "Title": "",
    "WTit": "",
    "OTit": "",
    "FOA": "1585",
    "Rating": "AUG25",
    "Gms": "0",
    "K": "20",
    "B-day": "1991",
    "Flag": ""
  },
  {
    "ID Number": "21204535",
    "Name": "Sablassou, Anani Kokou",
    "Fed": "TOG",
    "Sex": "M",
    "Title": "",
    "WTit": "",
    "OTit": "",
    "FOA": "1624",
    "Rating": "AUG25",
    "Gms": "0",
    "K": "20",
    "B-day": "1989",
    "Flag": "i"
  },
  {
    "ID Number": "21200157",
    "Name": "Sagbo, Afiwa Nicole",
    "Fed": "TOG",
    "Sex": "F",
    "Title": "",
    "WTit": "",
    "OTit": "",
    "FOA": "1432",
    "Rating": "AUG25",
    "Gms": "0",
    "K": "20",
    "B-day": "1998",
    "Flag": "wi"
  },
  {
    "ID Number": "21205884",
    "Name": "Samuel, Chidozie",
    "Fed": "TOG",
    "Sex": "M",
    "Title": "",
    "WTit": "",
    "OTit": "",
    "FOA": "1611",
    "Rating": "AUG25",
    "Gms": "0",
    "K": "40",
    "B-day": "1998",
    "Flag": "i"
  },
  {
    "ID Number": "21204160",
    "Name": "Semeko, Lumen Paco",
    "Fed": "TOG",
    "Sex": "M",
    "Title": "",
    "WTit": "",
    "OTit": "",
    "FOA": "1874",
    "Rating": "AUG25",
    "Gms": "5",
    "K": "20",
    "B-day": "2000",
    "Flag": ""
  },
  {
    "ID Number": "24111627",
    "Name": "Strovskiy, Mikhail",
    "Fed": "TOG",
    "Sex": "M",
    "Title": "CM",
    "WTit": "",
    "OTit": "",
    "FOA": "1963",
    "Rating": "AUG25",
    "Gms": "0",
    "K": "20",
    "B-day": "1986",
    "Flag": "i"
  },
  {
    "ID Number": "21201382",
    "Name": "Tchouka, Yakini",
    "Fed": "TOG",
    "Sex": "M",
    "Title": "",
    "WTit": "",
    "OTit": "",
    "FOA": "1879",
    "Rating": "AUG25",
    "Gms": "0",
    "K": "20",
    "B-day": "1996",
    "Flag": "i"
  },
  {
    "ID Number": "21201609",
    "Name": "Togbe, Yao Paul",
    "Fed": "TOG",
    "Sex": "M",
    "Title": "",
    "WTit": "",
    "OTit": "",
    "FOA": "1492",
    "Rating": "AUG25",
    "Gms": "2",
    "K": "20",
    "B-day": "2000",
    "Flag": ""
  },
  {
    "ID Number": "21201528",
    "Name": "Tohe, Kossi",
    "Fed": "TOG",
    "Sex": "M",
    "Title": "",
    "WTit": "",
    "OTit": "",
    "FOA": "1541",
    "Rating": "AUG25",
    "Gms": "0",
    "K": "40",
    "B-day": "2004",
    "Flag": "i"
  },
  {
    "ID Number": "21204845",
    "Name": "Tuyizere, Benoit",
    "Fed": "TOG",
    "Sex": "M",
    "Title": "",
    "WTit": "",
    "OTit": "",
    "FOA": "1506",
    "Rating": "AUG25",
    "Gms": "0",
    "K": "20",
    "B-day": "2006",
    "Flag": ""
  },
  {
    "ID Number": "21205680",
    "Name": "Wilson, Tete Yann Theodore",
    "Fed": "TOG",
    "Sex": "M",
    "Title": "",
    "WTit": "",
    "OTit": "",
    "FOA": "1606",
    "Rating": "AUG25",
    "Gms": "0",
    "K": "40",
    "B-day": "2007",
    "Flag": "i"
  },
  {
    "ID Number": "21205698",
    "Name": "Zekpo, Kodjo Samuel Pablo",
    "Fed": "TOG",
    "Sex": "M",
    "Title": "",
    "WTit": "",
    "OTit": "",
    "FOA": "1586",
    "Rating": "AUG25",
    "Gms": "0",
    "K": "40",
    "B-day": "2008",
    "Flag": ""
  }
]