[
  {
    "ID Number": "21205701"
  },
  {
    "ID Number": "21205400"
  },
  {
    "ID Number": "21204977"
  },
  {
    "ID Number": "21204993"
  },
  {
    "ID Number": "21205175"
  },
  {
    "ID Number": "21204497"
  },
  {
    "ID Number": "21204624"
  },
  {
    "ID Number": "21200394"
  },
  {
    "ID Number": "21205345"
  },
  {
    "ID Number": "21204667"
  },
  {
    "ID Number": "21201625"
  },
  {
    "ID Number": "21204110"
  },
  {
    "ID Number": "21200017"
  },
  {
    "ID Number": "21205329"
  },
  {
    "ID Number": "21204551"
  },
  {
    "ID Number": "21200211"
  },
  {
    "ID Number": "21201498"
  },
  {
    "ID Number": "21204500"
  },
  {
    "ID Number": "21200491"
  },
  {
    "ID Number": "21201994"
  },
  {
    "ID Number": "21201790"
  },
  {
    "ID Number": "21201390"
  },
  {
    "ID Number": "21205051"
  },
  {
    "ID Number": "21200190"
  },
  {
    "ID Number": "21200025"
  },
  {
    "ID Number": "21200831"
  },
  {
    "ID Number": "21204675"
  },
  {
    "ID Number": "21203989"
  },
  {
    "ID Number": "21205493"
  },
  {
    "ID Number": "21201439"
  },
  {
    "ID Number": "21201200"
  },
  {
    "ID Number": "21201366"
  },
  {
    "ID Number": "21205221"
  },
  {
    "ID Number": "21204411"
  },
  {
    "ID Number": "21204586"
  },
  {
    "ID Number": "21205507"
  },
  {
    "ID Number": "21201510"
  },
  {
    "ID Number": "21205442"
  },
  {
    "ID Number": "21201285"
  },
  {
    "ID Number": "21200149"
  },
  {
    "ID Number": "21200220"
  },
  {
    "ID Number": "21201021"
  },
  {
    "ID Number": "21204195"
  },
  {
    "ID Number": "21200033"
  },
  {
    "ID Number": "21205426"
  },
  {
    "ID Number": "21205965"
  },
  {
    "ID Number": "21206031"
  },
  {
    "ID Number": "21206252"
  },
  {
    "ID Number": "21204217"
  },
  {
    "ID Number": "21205299"
  },
  {
    "ID Number": "21200580"
  },
  {
    "ID Number": "21200041"
  },
  {
    "ID Number": "21205736"
  },
  {
    "ID Number": "21201420"
  },
  {
    "ID Number": "21204047"
  },
  {
    "ID Number": "21204063"
  },
  {
    "ID Number": "21201323"
  },
  {
    "ID Number": "21206163"
  },
  {
    "ID Number": "21205515"
  },
  {
    "ID Number": "21206074"
  },
  {
    "ID Number": "21204233"
  },
  {
    "ID Number": "21200084"
  },
  {
    "ID Number": "21204888"
  },
  {
    "ID Number": "21205370"
  },
  {
    "ID Number": "21200050"
  },
  {
    "ID Number": "21206040"
  },
  {
    "ID Number": "21206180"
  },
  {
    "ID Number": "21200254"
  },
  {
    "ID Number": "21200483"
  },
  {
    "ID Number": "21204420"
  },
  {
    "ID Number": "21204543"
  },
  {
    "ID Number": "21204969"
  },
  {
    "ID Number": "21204241"
  },
  {
    "ID Number": "21204535"
  },
  {
    "ID Number": "21200157"
  },
  {
    "ID Number": "21205884"
  },
  {
    "ID Number": "21204160"
  },
  {
    "ID Number": "24111627"
  },
  {
    "ID Number": "21201382"
  },
  {
    "ID Number": "21201609"
  },
  {
    "ID Number": "21201528"
  },
  {
    "ID Number": "21204845"
  },
  {
    "ID Number": "21205680"
  },
  {
    "ID Number": "21205698"
  }
]