[
  {
    "ID Number": "16001117"
  },
  {
    "ID Number": "16001079"
  },
  {
    "ID Number": "16001184"
  },
  {
    "ID Number": "16000064"
  },
  {
    "ID Number": "16000080"
  },
  {
    "ID Number": "16000129"
  },
  {
    "ID Number": "16000838"
  },
  {
    "ID Number": "16001044"
  },
  {
    "ID Number": "16000617"
  },
  {
    "ID Number": "16000145"
  },
  {
    "ID Number": "16000390"
  },
  {
    "ID Number": "16001109"
  },
  {
    "ID Number": "16000480"
  },
  {
    "ID Number": "16000323"
  },
  {
    "ID Number": "16000099"
  },
  {
    "ID Number": "16000250"
  },
  {
    "ID Number": "16001869"
  },
  {
    "ID Number": "16000765"
  },
  {
    "ID Number": "16001125"
  },
  {
    "ID Number": "16000293"
  }
]