[
  {
    "ID Number": "2617854"
  },
  {
    "ID Number": "2659735"
  },
  {
    "ID Number": "2606879"
  },
  {
    "ID Number": "2602563"
  },
  {
    "ID Number": "2647176"
  },
  {
    "ID Number": "2630958"
  },
  {
    "ID Number": "2673878"
  },
  {
    "ID Number": "11202270"
  },
  {
    "ID Number": "2635720"
  },
  {
    "ID Number": "2653214"
  },
  {
    "ID Number": "2613433"
  },
  {
    "ID Number": "2647745"
  },
  {
    "ID Number": "30943329"
  },
  {
    "ID Number": "30943515"
  },
  {
    "ID Number": "2656744"
  },
  {
    "ID Number": "2626942"
  },
  {
    "ID Number": "2613441"
  },
  {
    "ID Number": "2631644"
  },
  {
    "ID Number": "13432834"
  },
  {
    "ID Number": "2641640"
  },
  {
    "ID Number": "2645963"
  },
  {
    "ID Number": "2623757"
  },
  {
    "ID Number": "2642948"
  },
  {
    "ID Number": "2625261"
  },
  {
    "ID Number": "2606887"
  },
  {
    "ID Number": "2648105"
  },
  {
    "ID Number": "2622394"
  },
  {
    "ID Number": "2600943"
  },
  {
    "ID Number": "2605791"
  },
  {
    "ID Number": "2658941"
  },
  {
    "ID Number": "2658950"
  },
  {
    "ID Number": "2639378"
  },
  {
    "ID Number": "2623188"
  },
  {
    "ID Number": "2623897"
  },
  {
    "ID Number": "2614944"
  },
  {
    "ID Number": "2662809"
  },
  {
    "ID Number": "10238948"
  },
  {
    "ID Number": "2640350"
  },
  {
    "ID Number": "2649209"
  },
  {
    "ID Number": "12500305"
  },
  {
    "ID Number": "2640163"
  },
  {
    "ID Number": "2601150"
  },
  {
    "ID Number": "2648415"
  },
  {
    "ID Number": "2651068"
  },
  {
    "ID Number": "2662817"
  },
  {
    "ID Number": "2657236"
  },
  {
    "ID Number": "2643553"
  },
  {
    "ID Number": "2613042"
  },
  {
    "ID Number": "2600447"
  },
  {
    "ID Number": "2600099"
  },
  {
    "ID Number": "4100140"
  },
  {
    "ID Number": "2659425"
  },
  {
    "ID Number": "2663651"
  },
  {
    "ID Number": "2619768"
  },
  {
    "ID Number": "2605120"
  },
  {
    "ID Number": "2661470"
  },
  {
    "ID Number": "2616122"
  },
  {
    "ID Number": "2609843"
  },
  {
    "ID Number": "2645980"
  },
  {
    "ID Number": "2603837"
  },
  {
    "ID Number": "2629550"
  },
  {
    "ID Number": "2635259"
  },
  {
    "ID Number": "2667061"
  },
  {
    "ID Number": "2648822"
  },
  {
    "ID Number": "2662345"
  },
  {
    "ID Number": "2667991"
  },
  {
    "ID Number": "2640600"
  },
  {
    "ID Number": "2649446"
  },
  {
    "ID Number": "2656760"
  },
  {
    "ID Number": "2648830"
  },
  {
    "ID Number": "2614952"
  },
  {
    "ID Number": "2652056"
  },
  {
    "ID Number": "2605317"
  },
  {
    "ID Number": "2661896"
  },
  {
    "ID Number": "2647583"
  },
  {
    "ID Number": "2648296"
  },
  {
    "ID Number": "2624214"
  },
  {
    "ID Number": "2606925"
  },
  {
    "ID Number": "2649128"
  },
  {
    "ID Number": "2611856"
  },
  {
    "ID Number": "2634040"
  },
  {
    "ID Number": "329218586"
  },
  {
    "ID Number": "2669153"
  },
  {
    "ID Number": "2616564"
  },
  {
    "ID Number": "2629674"
  },
  {
    "ID Number": "2620596"
  },
  {
    "ID Number": "2636174"
  },
  {
    "ID Number": "2636476"
  },
  {
    "ID Number": "2627671"
  },
  {
    "ID Number": "2661942"
  },
  {
    "ID Number": "2623242"
  },
  {
    "ID Number": "2620715"
  },
  {
    "ID Number": "2662175"
  },
  {
    "ID Number": "2652331"
  },
  {
    "ID Number": "2625415"
  },
  {
    "ID Number": "4150740"
  },
  {
    "ID Number": "2660547"
  },
  {
    "ID Number": "2639777"
  },
  {
    "ID Number": "2603616"
  },
  {
    "ID Number": "329219144"
  },
  {
    "ID Number": "2659034"
  },
  {
    "ID Number": "2615673"
  },
  {
    "ID Number": "2605910"
  },
  {
    "ID Number": "2613514"
  },
  {
    "ID Number": "2606933"
  },
  {
    "ID Number": "2632101"
  },
  {
    "ID Number": "2625547"
  },
  {
    "ID Number": "2653230"
  },
  {
    "ID Number": "2628740"
  },
  {
    "ID Number": "2632535"
  },
  {
    "ID Number": "2664186"
  },
  {
    "ID Number": "2601915"
  },
  {
    "ID Number": "2624982"
  },
  {
    "ID Number": "2629895"
  },
  {
    "ID Number": "2640139"
  },
  {
    "ID Number": "2644134"
  },
  {
    "ID Number": "2647770"
  },
  {
    "ID Number": "2664410"
  },
  {
    "ID Number": "2626152"
  },
  {
    "ID Number": "2636484"
  },
  {
    "ID Number": "2632713"
  },
  {
    "ID Number": "2668009"
  },
  {
    "ID Number": "2652820"
  },
  {
    "ID Number": "2670097"
  },
  {
    "ID Number": "2676001"
  },
  {
    "ID Number": "2648814"
  },
  {
    "ID Number": "2655179"
  },
  {
    "ID Number": "2622440"
  },
  {
    "ID Number": "2644495"
  },
  {
    "ID Number": "2645645"
  },
  {
    "ID Number": "2617099"
  },
  {
    "ID Number": "2645653"
  },
  {
    "ID Number": "2644509"
  },
  {
    "ID Number": "2637553"
  },
  {
    "ID Number": "2633167"
  },
  {
    "ID Number": "2610760"
  },
  {
    "ID Number": "2655969"
  },
  {
    "ID Number": "2613530"
  },
  {
    "ID Number": "2619687"
  },
  {
    "ID Number": "2653079"
  },
  {
    "ID Number": "2640317"
  },
  {
    "ID Number": "2614782"
  },
  {
    "ID Number": "2657988"
  },
  {
    "ID Number": "2646862"
  },
  {
    "ID Number": "2651637"
  },
  {
    "ID Number": "2659956"
  },
  {
    "ID Number": "2661799"
  },
  {
    "ID Number": "2631148"
  },
  {
    "ID Number": "2671280"
  },
  {
    "ID Number": "2656140"
  },
  {
    "ID Number": "2614197"
  },
  {
    "ID Number": "2631067"
  },
  {
    "ID Number": "2626683"
  },
  {
    "ID Number": "2648423"
  },
  {
    "ID Number": "2611880"
  },
  {
    "ID Number": "2647559"
  },
  {
    "ID Number": "2631865"
  },
  {
    "ID Number": "2658143"
  },
  {
    "ID Number": "2648580"
  },
  {
    "ID Number": "2623927"
  },
  {
    "ID Number": "2603578"
  },
  {
    "ID Number": "2617072"
  },
  {
    "ID Number": "2630451"
  },
  {
    "ID Number": "2623552"
  },
  {
    "ID Number": "2623137"
  },
  {
    "ID Number": "2601648"
  },
  {
    "ID Number": "2624150"
  },
  {
    "ID Number": "2648121"
  },
  {
    "ID Number": "2644517"
  },
  {
    "ID Number": "2625326"
  },
  {
    "ID Number": "2600137"
  },
  {
    "ID Number": "2653869"
  },
  {
    "ID Number": "2649225"
  },
  {
    "ID Number": "2632047"
  },
  {
    "ID Number": "25980548"
  },
  {
    "ID Number": "5220440"
  },
  {
    "ID Number": "33403899"
  },
  {
    "ID Number": "2635143"
  },
  {
    "ID Number": "14149893"
  },
  {
    "ID Number": "2661411"
  },
  {
    "ID Number": "2603950"
  },
  {
    "ID Number": "25963694"
  },
  {
    "ID Number": "2634309"
  },
  {
    "ID Number": "2662744"
  },
  {
    "ID Number": "2647699"
  },
  {
    "ID Number": "2647788"
  },
  {
    "ID Number": "2648997"
  },
  {
    "ID Number": "2670623"
  },
  {
    "ID Number": "2634023"
  },
  {
    "ID Number": "2645203"
  },
  {
    "ID Number": "2626950"
  },
  {
    "ID Number": "2603977"
  },
  {
    "ID Number": "2661900"
  },
  {
    "ID Number": "2639653"
  },
  {
    "ID Number": "2601559"
  },
  {
    "ID Number": "2642700"
  },
  {
    "ID Number": "2609452"
  },
  {
    "ID Number": "2607395"
  },
  {
    "ID Number": "2622203"
  },
  {
    "ID Number": "2629569"
  },
  {
    "ID Number": "2647591"
  },
  {
    "ID Number": "2617188"
  },
  {
    "ID Number": "2611988"
  },
  {
    "ID Number": "150267727"
  },
  {
    "ID Number": "2601079"
  },
  {
    "ID Number": "2639190"
  },
  {
    "ID Number": "2672367"
  },
  {
    "ID Number": "2638215"
  },
  {
    "ID Number": "2612305"
  },
  {
    "ID Number": "2625598"
  },
  {
    "ID Number": "2634503"
  },
  {
    "ID Number": "2635550"
  },
  {
    "ID Number": "2623579"
  },
  {
    "ID Number": "2630788"
  },
  {
    "ID Number": "2629372"
  },
  {
    "ID Number": "2645238"
  },
  {
    "ID Number": "2657317"
  },
  {
    "ID Number": "2650061"
  },
  {
    "ID Number": "2625318"
  },
  {
    "ID Number": "2653664"
  },
  {
    "ID Number": "2622602"
  },
  {
    "ID Number": "2646889"
  },
  {
    "ID Number": "2624206"
  },
  {
    "ID Number": "2651556"
  },
  {
    "ID Number": "2603985"
  },
  {
    "ID Number": "2619709"
  },
  {
    "ID Number": "2662752"
  },
  {
    "ID Number": "2669080"
  },
  {
    "ID Number": "2618311"
  },
  {
    "ID Number": "2656124"
  },
  {
    "ID Number": "2663988"
  },
  {
    "ID Number": "2671743"
  },
  {
    "ID Number": "2629267"
  },
  {
    "ID Number": "2606763"
  },
  {
    "ID Number": "2607310"
  },
  {
    "ID Number": "2602202"
  },
  {
    "ID Number": "2600706"
  },
  {
    "ID Number": "2602482"
  },
  {
    "ID Number": "2600226"
  },
  {
    "ID Number": "2660717"
  },
  {
    "ID Number": "2640503"
  },
  {
    "ID Number": "2659719"
  },
  {
    "ID Number": "2625334"
  },
  {
    "ID Number": "2630770"
  },
  {
    "ID Number": "2660849"
  },
  {
    "ID Number": "2660857"
  },
  {
    "ID Number": "2643723"
  },
  {
    "ID Number": "2644533"
  },
  {
    "ID Number": "2620561"
  },
  {
    "ID Number": "2648059"
  },
  {
    "ID Number": "2623412"
  },
  {
    "ID Number": "2625350"
  },
  {
    "ID Number": "2653109"
  },
  {
    "ID Number": "2638223"
  },
  {
    "ID Number": "2653117"
  },
  {
    "ID Number": "2629640"
  },
  {
    "ID Number": "2629429"
  },
  {
    "ID Number": "2653125"
  },
  {
    "ID Number": "2638576"
  },
  {
    "ID Number": "2612321"
  },
  {
    "ID Number": "2634066"
  },
  {
    "ID Number": "54104564"
  },
  {
    "ID Number": "2656825"
  },
  {
    "ID Number": "1206303"
  },
  {
    "ID Number": "2616840"
  },
  {
    "ID Number": "2631555"
  },
  {
    "ID Number": "2616190"
  },
  {
    "ID Number": "2630680"
  },
  {
    "ID Number": "2672391"
  },
  {
    "ID Number": "2647800"
  },
  {
    "ID Number": "2648199"
  },
  {
    "ID Number": "2614286"
  },
  {
    "ID Number": "2651726"
  },
  {
    "ID Number": "2608022"
  },
  {
    "ID Number": "2674270"
  },
  {
    "ID Number": "2671760"
  },
  {
    "ID Number": "2630699"
  },
  {
    "ID Number": "2615410"
  },
  {
    "ID Number": "2609835"
  },
  {
    "ID Number": "2631121"
  },
  {
    "ID Number": "2602156"
  },
  {
    "ID Number": "2630842"
  },
  {
    "ID Number": "2663309"
  },
  {
    "ID Number": "2639220"
  },
  {
    "ID Number": "2659760"
  },
  {
    "ID Number": "2604418"
  },
  {
    "ID Number": "2644827"
  },
  {
    "ID Number": "2644185"
  },
  {
    "ID Number": "2674289"
  },
  {
    "ID Number": "2636573"
  },
  {
    "ID Number": "2628104"
  },
  {
    "ID Number": "2636077"
  },
  {
    "ID Number": "2619113"
  },
  {
    "ID Number": "2644835"
  },
  {
    "ID Number": "2612232"
  },
  {
    "ID Number": "2631350"
  },
  {
    "ID Number": "2603870"
  },
  {
    "ID Number": "2647818"
  },
  {
    "ID Number": "2664194"
  },
  {
    "ID Number": "2645750"
  },
  {
    "ID Number": "2638592"
  },
  {
    "ID Number": "2012618"
  },
  {
    "ID Number": "2600439"
  },
  {
    "ID Number": "2606577"
  },
  {
    "ID Number": "2657996"
  },
  {
    "ID Number": "2622122"
  },
  {
    "ID Number": "2666324"
  },
  {
    "ID Number": "2658500"
  },
  {
    "ID Number": "2629631"
  },
  {
    "ID Number": "2634481"
  },
  {
    "ID Number": "2626667"
  },
  {
    "ID Number": "2606771"
  },
  {
    "ID Number": "2622653"
  },
  {
    "ID Number": "25677063"
  },
  {
    "ID Number": "2656442"
  },
  {
    "ID Number": "2647400"
  },
  {
    "ID Number": "2674416"
  },
  {
    "ID Number": "2670682"
  },
  {
    "ID Number": "2656450"
  },
  {
    "ID Number": "2672405"
  },
  {
    "ID Number": "2611864"
  },
  {
    "ID Number": "2661918"
  },
  {
    "ID Number": "2623625"
  },
  {
    "ID Number": "2607271"
  },
  {
    "ID Number": "2637286"
  },
  {
    "ID Number": "2637189"
  },
  {
    "ID Number": "2600048"
  },
  {
    "ID Number": "2642344"
  },
  {
    "ID Number": "2660431"
  },
  {
    "ID Number": "2614227"
  },
  {
    "ID Number": "2640082"
  },
  {
    "ID Number": "2605147"
  },
  {
    "ID Number": "2626080"
  },
  {
    "ID Number": "2606852"
  },
  {
    "ID Number": "2647508"
  },
  {
    "ID Number": "2671310"
  },
  {
    "ID Number": "2644843"
  },
  {
    "ID Number": "2673886"
  },
  {
    "ID Number": "2637197"
  },
  {
    "ID Number": "2638231"
  },
  {
    "ID Number": "2618150"
  },
  {
    "ID Number": "2671778"
  },
  {
    "ID Number": "2637715"
  },
  {
    "ID Number": "2638240"
  },
  {
    "ID Number": "2671794"
  },
  {
    "ID Number": "329218782"
  },
  {
    "ID Number": "2618176"
  },
  {
    "ID Number": "2672863"
  },
  {
    "ID Number": "2629445"
  },
  {
    "ID Number": "2658038"
  },
  {
    "ID Number": "2670690"
  },
  {
    "ID Number": "2607522"
  },
  {
    "ID Number": "2649276"
  },
  {
    "ID Number": "2653141"
  },
  {
    "ID Number": "2667274"
  },
  {
    "ID Number": "2667282"
  },
  {
    "ID Number": "2613158"
  },
  {
    "ID Number": "2630478"
  },
  {
    "ID Number": "12507440"
  },
  {
    "ID Number": "2606070"
  },
  {
    "ID Number": "2643855"
  },
  {
    "ID Number": "2637480"
  },
  {
    "ID Number": "2627922"
  },
  {
    "ID Number": "2669064"
  },
  {
    "ID Number": "2640384"
  },
  {
    "ID Number": "2629658"
  },
  {
    "ID Number": "2659158"
  },
  {
    "ID Number": "3505499"
  },
  {
    "ID Number": "2669960"
  },
  {
    "ID Number": "2652447"
  },
  {
    "ID Number": "2629453"
  },
  {
    "ID Number": "329105368"
  },
  {
    "ID Number": "2658666"
  },
  {
    "ID Number": "2659930"
  },
  {
    "ID Number": "2619920"
  },
  {
    "ID Number": "2600609"
  },
  {
    "ID Number": "34272631"
  },
  {
    "ID Number": "2618052"
  },
  {
    "ID Number": "2661136"
  },
  {
    "ID Number": "13507311"
  },
  {
    "ID Number": "2676192"
  },
  {
    "ID Number": "2661012"
  },
  {
    "ID Number": "2619156"
  },
  {
    "ID Number": "2666413"
  },
  {
    "ID Number": "2648792"
  },
  {
    "ID Number": "2652188"
  },
  {
    "ID Number": "2682435"
  },
  {
    "ID Number": "2663180"
  },
  {
    "ID Number": "2015056"
  },
  {
    "ID Number": "2616475"
  },
  {
    "ID Number": "2663287"
  },
  {
    "ID Number": "14174294"
  },
  {
    "ID Number": "2651343"
  },
  {
    "ID Number": "22514635"
  },
  {
    "ID Number": "2660369"
  },
  {
    "ID Number": "13735705"
  },
  {
    "ID Number": "2637570"
  },
  {
    "ID Number": "2602903"
  },
  {
    "ID Number": "2652307"
  },
  {
    "ID Number": "2644878"
  },
  {
    "ID Number": "2651742"
  },
  {
    "ID Number": "2613140"
  },
  {
    "ID Number": "2618060"
  },
  {
    "ID Number": "2602121"
  },
  {
    "ID Number": "2627035"
  },
  {
    "ID Number": "2642298"
  },
  {
    "ID Number": "2639394"
  },
  {
    "ID Number": "2616734"
  },
  {
    "ID Number": "2669404"
  },
  {
    "ID Number": "2633078"
  },
  {
    "ID Number": "2609479"
  },
  {
    "ID Number": "2614987"
  },
  {
    "ID Number": "2658046"
  },
  {
    "ID Number": "2614472"
  },
  {
    "ID Number": "2648482"
  },
  {
    "ID Number": "2607549"
  },
  {
    "ID Number": "2621576"
  },
  {
    "ID Number": "2643278"
  },
  {
    "ID Number": "2643260"
  },
  {
    "ID Number": "2647630"
  },
  {
    "ID Number": "2664330"
  },
  {
    "ID Number": "13209345"
  },
  {
    "ID Number": "2650436"
  },
  {
    "ID Number": "2620634"
  },
  {
    "ID Number": "2640376"
  },
  {
    "ID Number": "114987"
  },
  {
    "ID Number": "2650762"
  },
  {
    "ID Number": "2607140"
  },
  {
    "ID Number": "2652552"
  },
  {
    "ID Number": "2668084"
  },
  {
    "ID Number": "2667312"
  },
  {
    "ID Number": "14905361"
  },
  {
    "ID Number": "14117304"
  },
  {
    "ID Number": "2648849"
  },
  {
    "ID Number": "2613719"
  },
  {
    "ID Number": "2659174"
  },
  {
    "ID Number": "2630702"
  },
  {
    "ID Number": "2621185"
  },
  {
    "ID Number": "2605104"
  },
  {
    "ID Number": "2659182"
  },
  {
    "ID Number": "2648270"
  },
  {
    "ID Number": "2652790"
  },
  {
    "ID Number": "2638150"
  },
  {
    "ID Number": "2638045"
  },
  {
    "ID Number": "2628805"
  },
  {
    "ID Number": "2636891"
  },
  {
    "ID Number": "2644568"
  },
  {
    "ID Number": "2629186"
  },
  {
    "ID Number": "2618320"
  },
  {
    "ID Number": "2604655"
  },
  {
    "ID Number": "2604116"
  },
  {
    "ID Number": "2636999"
  },
  {
    "ID Number": "2664950"
  },
  {
    "ID Number": "12401749"
  },
  {
    "ID Number": "2606526"
  },
  {
    "ID Number": "2640708"
  },
  {
    "ID Number": "2672529"
  },
  {
    "ID Number": "2652560"
  },
  {
    "ID Number": "2634872"
  },
  {
    "ID Number": "2634961"
  },
  {
    "ID Number": "2656191"
  },
  {
    "ID Number": "2619610"
  },
  {
    "ID Number": "2645327"
  },
  {
    "ID Number": "2640716"
  },
  {
    "ID Number": "2635046"
  },
  {
    "ID Number": "2653150"
  },
  {
    "ID Number": "2626420"
  },
  {
    "ID Number": "6000290"
  },
  {
    "ID Number": "2636654"
  },
  {
    "ID Number": "2600307"
  },
  {
    "ID Number": "2632144"
  },
  {
    "ID Number": "2642557"
  },
  {
    "ID Number": "2635305"
  },
  {
    "ID Number": "2650959"
  },
  {
    "ID Number": "2617447"
  },
  {
    "ID Number": "2638266"
  },
  {
    "ID Number": "2635577"
  },
  {
    "ID Number": "2631083"
  },
  {
    "ID Number": "8643512"
  },
  {
    "ID Number": "2641356"
  },
  {
    "ID Number": "2638282"
  },
  {
    "ID Number": "2619750"
  },
  {
    "ID Number": "2631679"
  },
  {
    "ID Number": "8610410"
  },
  {
    "ID Number": "2657350"
  },
  {
    "ID Number": "2651750"
  },
  {
    "ID Number": "8607664"
  },
  {
    "ID Number": "2652323"
  },
  {
    "ID Number": "2605848"
  },
  {
    "ID Number": "2634325"
  },
  {
    "ID Number": "2674300"
  },
  {
    "ID Number": "2640783"
  },
  {
    "ID Number": "2619954"
  },
  {
    "ID Number": "2637227"
  },
  {
    "ID Number": "2634490"
  },
  {
    "ID Number": "2643901"
  },
  {
    "ID Number": "2668033"
  },
  {
    "ID Number": "2674610"
  },
  {
    "ID Number": "2628597"
  },
  {
    "ID Number": "2651254"
  },
  {
    "ID Number": "2643170"
  },
  {
    "ID Number": "2651106"
  },
  {
    "ID Number": "2640287"
  },
  {
    "ID Number": "2652315"
  },
  {
    "ID Number": "2661969"
  },
  {
    "ID Number": "2613743"
  },
  {
    "ID Number": "2652218"
  },
  {
    "ID Number": "2647966"
  },
  {
    "ID Number": "2648733"
  },
  {
    "ID Number": "2618885"
  },
  {
    "ID Number": "2661977"
  },
  {
    "ID Number": "2618699"
  },
  {
    "ID Number": "2642638"
  },
  {
    "ID Number": "2661756"
  },
  {
    "ID Number": "2640643"
  },
  {
    "ID Number": "2648130"
  },
  {
    "ID Number": "2657503"
  },
  {
    "ID Number": "2655748"
  },
  {
    "ID Number": "2655756"
  },
  {
    "ID Number": "2631040"
  },
  {
    "ID Number": "2621703"
  },
  {
    "ID Number": "2621142"
  },
  {
    "ID Number": "2664348"
  },
  {
    "ID Number": "2669382"
  },
  {
    "ID Number": "2663767"
  },
  {
    "ID Number": "2611520"
  },
  {
    "ID Number": "2626071"
  },
  {
    "ID Number": "25015044"
  },
  {
    "ID Number": "2615983"
  },
  {
    "ID Number": "2664356"
  },
  {
    "ID Number": "2672421"
  },
  {
    "ID Number": "2648857"
  },
  {
    "ID Number": "30974291"
  },
  {
    "ID Number": "2622769"
  },
  {
    "ID Number": "2605384"
  },
  {
    "ID Number": "2612038"
  },
  {
    "ID Number": "13456210"
  },
  {
    "ID Number": "2632705"
  },
  {
    "ID Number": "2670704"
  },
  {
    "ID Number": "2632586"
  },
  {
    "ID Number": "2617994"
  },
  {
    "ID Number": "2622955"
  },
  {
    "ID Number": "2625377"
  },
  {
    "ID Number": "2625385"
  },
  {
    "ID Number": "2604264"
  },
  {
    "ID Number": "2659794"
  },
  {
    "ID Number": "1114581"
  },
  {
    "ID Number": "2621835"
  },
  {
    "ID Number": "2663619"
  },
  {
    "ID Number": "2645718"
  },
  {
    "ID Number": "2642212"
  },
  {
    "ID Number": "2604612"
  },
  {
    "ID Number": "2653486"
  },
  {
    "ID Number": "2636344"
  },
  {
    "ID Number": "25954938"
  },
  {
    "ID Number": "2621509"
  },
  {
    "ID Number": "2629585"
  },
  {
    "ID Number": "2639475"
  },
  {
    "ID Number": "2618117"
  },
  {
    "ID Number": "2648865"
  },
  {
    "ID Number": "2601567"
  },
  {
    "ID Number": "2607042"
  },
  {
    "ID Number": "2608634"
  },
  {
    "ID Number": "2604035"
  },
  {
    "ID Number": "2625016"
  },
  {
    "ID Number": "2607280"
  },
  {
    "ID Number": "2624303"
  },
  {
    "ID Number": "2632667"
  },
  {
    "ID Number": "2617633"
  },
  {
    "ID Number": "2634180"
  },
  {
    "ID Number": "2661160"
  },
  {
    "ID Number": "2661179"
  },
  {
    "ID Number": "2602954"
  },
  {
    "ID Number": "2660172"
  },
  {
    "ID Number": "4800060"
  },
  {
    "ID Number": "2653508"
  },
  {
    "ID Number": "2629666"
  },
  {
    "ID Number": "30922038"
  },
  {
    "ID Number": "2673207"
  },
  {
    "ID Number": "2635666"
  },
  {
    "ID Number": "2616025"
  },
  {
    "ID Number": "2637022"
  },
  {
    "ID Number": "2605279"
  },
  {
    "ID Number": "2624168"
  },
  {
    "ID Number": "3833437"
  },
  {
    "ID Number": "2623285"
  },
  {
    "ID Number": "2640627"
  },
  {
    "ID Number": "2643561"
  },
  {
    "ID Number": "2613816"
  },
  {
    "ID Number": "2629984"
  },
  {
    "ID Number": "2641372"
  },
  {
    "ID Number": "329218174"
  },
  {
    "ID Number": "2663295"
  },
  {
    "ID Number": "25147870"
  },
  {
    "ID Number": "2671166"
  },
  {
    "ID Number": "2622432"
  },
  {
    "ID Number": "2642352"
  },
  {
    "ID Number": "2659255"
  },
  {
    "ID Number": "2632470"
  },
  {
    "ID Number": "2604914"
  },
  {
    "ID Number": "2613832"
  },
  {
    "ID Number": "2661926"
  },
  {
    "ID Number": "2665026"
  },
  {
    "ID Number": "2605155"
  },
  {
    "ID Number": "12419028"
  },
  {
    "ID Number": "2657180"
  },
  {
    "ID Number": "2645394"
  },
  {
    "ID Number": "2612348"
  },
  {
    "ID Number": "2625407"
  },
  {
    "ID Number": "2655772"
  },
  {
    "ID Number": "2604922"
  },
  {
    "ID Number": "2616408"
  },
  {
    "ID Number": "651099900"
  },
  {
    "ID Number": "2647974"
  },
  {
    "ID Number": "2636255"
  },
  {
    "ID Number": "2670712"
  },
  {
    "ID Number": "2621843"
  },
  {
    "ID Number": "1211870"
  },
  {
    "ID Number": "2601214"
  },
  {
    "ID Number": "2639408"
  },
  {
    "ID Number": "2647842"
  },
  {
    "ID Number": "6302971"
  },
  {
    "ID Number": "2653265"
  },
  {
    "ID Number": "2632772"
  },
  {
    "ID Number": "2670569"
  },
  {
    "ID Number": "2656485"
  },
  {
    "ID Number": "2653877"
  },
  {
    "ID Number": "2634813"
  },
  {
    "ID Number": "2620472"
  },
  {
    "ID Number": "2669161"
  },
  {
    "ID Number": "2669170"
  },
  {
    "ID Number": "2605341"
  },
  {
    "ID Number": "2660083"
  },
  {
    "ID Number": "2647338"
  },
  {
    "ID Number": "2601222"
  },
  {
    "ID Number": "2654555"
  },
  {
    "ID Number": "2604493"
  },
  {
    "ID Number": "2626136"
  },
  {
    "ID Number": "2651122"
  },
  {
    "ID Number": "2657449"
  },
  {
    "ID Number": "2651130"
  },
  {
    "ID Number": "2643049"
  },
  {
    "ID Number": "2673150"
  },
  {
    "ID Number": "2013428"
  },
  {
    "ID Number": "2601141"
  },
  {
    "ID Number": "2643057"
  },
  {
    "ID Number": "2619490"
  },
  {
    "ID Number": "2617790"
  },
  {
    "ID Number": "2609495"
  },
  {
    "ID Number": "5215277"
  },
  {
    "ID Number": "2669684"
  },
  {
    "ID Number": "12401285"
  },
  {
    "ID Number": "2600072"
  },
  {
    "ID Number": "2613913"
  },
  {
    "ID Number": "2677091"
  },
  {
    "ID Number": "2602962"
  },
  {
    "ID Number": "2625792"
  },
  {
    "ID Number": "2611651"
  },
  {
    "ID Number": "2606674"
  },
  {
    "ID Number": "2656205"
  },
  {
    "ID Number": "2601176"
  },
  {
    "ID Number": "2644916"
  },
  {
    "ID Number": "2661527"
  },
  {
    "ID Number": "5059305"
  },
  {
    "ID Number": "2615215"
  },
  {
    "ID Number": "2629593"
  },
  {
    "ID Number": "2613280"
  },
  {
    "ID Number": "2620880"
  },
  {
    "ID Number": "2617625"
  },
  {
    "ID Number": "2622505"
  },
  {
    "ID Number": "2651610"
  },
  {
    "ID Number": "2642476"
  },
  {
    "ID Number": "2602792"
  },
  {
    "ID Number": "2600633"
  },
  {
    "ID Number": "2636280"
  },
  {
    "ID Number": "2637774"
  },
  {
    "ID Number": "2614880"
  },
  {
    "ID Number": "2620243"
  },
  {
    "ID Number": "2627949"
  },
  {
    "ID Number": "2627434"
  },
  {
    "ID Number": "2637316"
  },
  {
    "ID Number": "2627221"
  },
  {
    "ID Number": "2802295"
  },
  {
    "ID Number": "2616858"
  },
  {
    "ID Number": "25997343"
  },
  {
    "ID Number": "2631270"
  },
  {
    "ID Number": "2659298"
  },
  {
    "ID Number": "2663880"
  },
  {
    "ID Number": "2647869"
  },
  {
    "ID Number": "25632736"
  },
  {
    "ID Number": "2640295"
  },
  {
    "ID Number": "2630729"
  },
  {
    "ID Number": "2643251"
  },
  {
    "ID Number": "2677814"
  },
  {
    "ID Number": "2662850"
  },
  {
    "ID Number": "2648903"
  },
  {
    "ID Number": "2669390"
  },
  {
    "ID Number": "2606232"
  },
  {
    "ID Number": "2618761"
  },
  {
    "ID Number": "2651149"
  },
  {
    "ID Number": "2624338"
  },
  {
    "ID Number": "2615509"
  },
  {
    "ID Number": "2627175"
  },
  {
    "ID Number": "2620049"
  },
  {
    "ID Number": "2622793"
  },
  {
    "ID Number": "2647397"
  },
  {
    "ID Number": "2612267"
  },
  {
    "ID Number": "2668700"
  },
  {
    "ID Number": "2652587"
  },
  {
    "ID Number": "2615568"
  },
  {
    "ID Number": "2654199"
  },
  {
    "ID Number": "2603659"
  },
  {
    "ID Number": "2631440"
  },
  {
    "ID Number": "2658453"
  },
  {
    "ID Number": "2631091"
  },
  {
    "ID Number": "2619253"
  },
  {
    "ID Number": "2640937"
  },
  {
    "ID Number": "2616050"
  },
  {
    "ID Number": "2606810"
  },
  {
    "ID Number": "5028280"
  },
  {
    "ID Number": "2654571"
  },
  {
    "ID Number": "2654962"
  },
  {
    "ID Number": "2649055"
  },
  {
    "ID Number": "2624346"
  },
  {
    "ID Number": "2635224"
  },
  {
    "ID Number": "2672375"
  },
  {
    "ID Number": "2670070"
  },
  {
    "ID Number": "2645432"
  },
  {
    "ID Number": "4128290"
  },
  {
    "ID Number": "2634970"
  },
  {
    "ID Number": "2651491"
  },
  {
    "ID Number": "2638479"
  },
  {
    "ID Number": "13503111"
  },
  {
    "ID Number": "2650045"
  },
  {
    "ID Number": "2649438"
  },
  {
    "ID Number": "2663872"
  },
  {
    "ID Number": "2601842"
  },
  {
    "ID Number": "2620480"
  },
  {
    "ID Number": "2642085"
  },
  {
    "ID Number": "2622220"
  },
  {
    "ID Number": "88105040"
  },
  {
    "ID Number": "2622327"
  },
  {
    "ID Number": "2657473"
  },
  {
    "ID Number": "2675285"
  },
  {
    "ID Number": "2641429"
  },
  {
    "ID Number": "2651904"
  },
  {
    "ID Number": "2603446"
  },
  {
    "ID Number": "2613093"
  },
  {
    "ID Number": "2645459"
  },
  {
    "ID Number": "2649357"
  },
  {
    "ID Number": "48728420"
  },
  {
    "ID Number": "2647273"
  },
  {
    "ID Number": "2635534"
  },
  {
    "ID Number": "2658291"
  },
  {
    "ID Number": "2647354"
  },
  {
    "ID Number": "2646978"
  },
  {
    "ID Number": "2651793"
  },
  {
    "ID Number": "2646773"
  },
  {
    "ID Number": "12560502"
  },
  {
    "ID Number": "2672219"
  },
  {
    "ID Number": "2646056"
  },
  {
    "ID Number": "2635127"
  },
  {
    "ID Number": "2621215"
  },
  {
    "ID Number": "2650304"
  },
  {
    "ID Number": "2619024"
  },
  {
    "ID Number": "2642662"
  },
  {
    "ID Number": "2609886"
  },
  {
    "ID Number": "2652609"
  },
  {
    "ID Number": "215223803"
  },
  {
    "ID Number": "2637537"
  },
  {
    "ID Number": "2605023"
  },
  {
    "ID Number": "25697595"
  },
  {
    "ID Number": "2621681"
  },
  {
    "ID Number": "2657392"
  },
  {
    "ID Number": "2635607"
  },
  {
    "ID Number": "2628686"
  },
  {
    "ID Number": "2618125"
  },
  {
    "ID Number": "2658577"
  },
  {
    "ID Number": "2660865"
  },
  {
    "ID Number": "2650827"
  },
  {
    "ID Number": "2626438"
  },
  {
    "ID Number": "2641852"
  },
  {
    "ID Number": "2640058"
  },
  {
    "ID Number": "34344217"
  },
  {
    "ID Number": "2638657"
  },
  {
    "ID Number": "62900412"
  },
  {
    "ID Number": "2613190"
  },
  {
    "ID Number": "2606720"
  },
  {
    "ID Number": "2669501"
  },
  {
    "ID Number": "2600013"
  },
  {
    "ID Number": "2631458"
  },
  {
    "ID Number": "2640929"
  },
  {
    "ID Number": "2623900"
  },
  {
    "ID Number": "2630389"
  },
  {
    "ID Number": "2652862"
  },
  {
    "ID Number": "2629283"
  },
  {
    "ID Number": "2600838"
  },
  {
    "ID Number": "2600498"
  },
  {
    "ID Number": "2611724"
  },
  {
    "ID Number": "2617889"
  },
  {
    "ID Number": "2622262"
  },
  {
    "ID Number": "2624362"
  },
  {
    "ID Number": "2604450"
  },
  {
    "ID Number": "2653192"
  },
  {
    "ID Number": "2659999"
  },
  {
    "ID Number": "2645092"
  },
  {
    "ID Number": "2623250"
  },
  {
    "ID Number": "2628937"
  },
  {
    "ID Number": "2669188"
  },
  {
    "ID Number": "2651807"
  },
  {
    "ID Number": "2607174"
  },
  {
    "ID Number": "2621592"
  },
  {
    "ID Number": "2614030"
  },
  {
    "ID Number": "2649071"
  },
  {
    "ID Number": "2640767"
  },
  {
    "ID Number": "2620073"
  },
  {
    "ID Number": "2614928"
  },
  {
    "ID Number": "2652927"
  },
  {
    "ID Number": "2650401"
  },
  {
    "ID Number": "2663660"
  },
  {
    "ID Number": "7002351"
  },
  {
    "ID Number": "2617617"
  },
  {
    "ID Number": "2618370"
  },
  {
    "ID Number": "2661454"
  },
  {
    "ID Number": "2606534"
  },
  {
    "ID Number": "2635372"
  },
  {
    "ID Number": "2670739"
  },
  {
    "ID Number": "34160000"
  },
  {
    "ID Number": "2653281"
  },
  {
    "ID Number": "2645505"
  },
  {
    "ID Number": "2605058"
  },
  {
    "ID Number": "2623471"
  },
  {
    "ID Number": "2656086"
  },
  {
    "ID Number": "2621118"
  },
  {
    "ID Number": "2609908"
  },
  {
    "ID Number": "2634422"
  },
  {
    "ID Number": "2610280"
  },
  {
    "ID Number": "2658097"
  },
  {
    "ID Number": "2612798"
  },
  {
    "ID Number": "2657481"
  },
  {
    "ID Number": "2617846"
  },
  {
    "ID Number": "2607115"
  },
  {
    "ID Number": "2641585"
  },
  {
    "ID Number": "2669196"
  },
  {
    "ID Number": "2655659"
  },
  {
    "ID Number": "34150927"
  },
  {
    "ID Number": "2657619"
  },
  {
    "ID Number": "2624249"
  },
  {
    "ID Number": "2638673"
  },
  {
    "ID Number": "2621649"
  },
  {
    "ID Number": "2615193"
  },
  {
    "ID Number": "2628112"
  },
  {
    "ID Number": "2643120"
  },
  {
    "ID Number": "2615940"
  },
  {
    "ID Number": "2606437"
  },
  {
    "ID Number": "2647362"
  },
  {
    "ID Number": "2603918"
  },
  {
    "ID Number": "2650843"
  },
  {
    "ID Number": "2617560"
  },
  {
    "ID Number": "2648369"
  },
  {
    "ID Number": "2630818"
  },
  {
    "ID Number": "2608049"
  },
  {
    "ID Number": "2656000"
  },
  {
    "ID Number": "2647893"
  },
  {
    "ID Number": "2653710"
  },
  {
    "ID Number": "2637057"
  },
  {
    "ID Number": "2675307"
  },
  {
    "ID Number": "2620090"
  },
  {
    "ID Number": "2641488"
  },
  {
    "ID Number": "2653028"
  },
  {
    "ID Number": "2652234"
  },
  {
    "ID Number": "2654369"
  },
  {
    "ID Number": "2633590"
  },
  {
    "ID Number": "2645866"
  },
  {
    "ID Number": "2653567"
  },
  {
    "ID Number": "2624389"
  },
  {
    "ID Number": "2605600"
  },
  {
    "ID Number": "6008232"
  },
  {
    "ID Number": "2662868"
  },
  {
    "ID Number": "2668718"
  },
  {
    "ID Number": "2658720"
  },
  {
    "ID Number": "2623684"
  },
  {
    "ID Number": "2640546"
  },
  {
    "ID Number": "2661934"
  },
  {
    "ID Number": "2649748"
  },
  {
    "ID Number": "2655802"
  },
  {
    "ID Number": "2637804"
  },
  {
    "ID Number": "2654717"
  },
  {
    "ID Number": "2640090"
  },
  {
    "ID Number": "2636115"
  },
  {
    "ID Number": "2616386"
  },
  {
    "ID Number": "2674343"
  },
  {
    "ID Number": "2620731"
  },
  {
    "ID Number": "2609517"
  },
  {
    "ID Number": "2671840"
  },
  {
    "ID Number": "2640104"
  },
  {
    "ID Number": "2673894"
  },
  {
    "ID Number": "2638681"
  },
  {
    "ID Number": "2621711"
  },
  {
    "ID Number": "2638312"
  },
  {
    "ID Number": "2605546"
  },
  {
    "ID Number": "2631954"
  },
  {
    "ID Number": "2652471"
  },
  {
    "ID Number": "29688248"
  },
  {
    "ID Number": "2623862"
  },
  {
    "ID Number": "2605490"
  },
  {
    "ID Number": "2648938"
  },
  {
    "ID Number": "2628538"
  },
  {
    "ID Number": "2670585"
  },
  {
    "ID Number": "2622246"
  },
  {
    "ID Number": "2653842"
  },
  {
    "ID Number": "2621240"
  },
  {
    "ID Number": "2660814"
  },
  {
    "ID Number": "2633965"
  },
  {
    "ID Number": "2615592"
  },
  {
    "ID Number": "2629534"
  },
  {
    "ID Number": "2643537"
  },
  {
    "ID Number": "2628694"
  },
  {
    "ID Number": "2634902"
  },
  {
    "ID Number": "2632160"
  },
  {
    "ID Number": "4308182"
  },
  {
    "ID Number": "2617110"
  },
  {
    "ID Number": "2650738"
  },
  {
    "ID Number": "2654261"
  },
  {
    "ID Number": "2640953"
  },
  {
    "ID Number": "2636140"
  },
  {
    "ID Number": "8604398"
  },
  {
    "ID Number": "2637626"
  },
  {
    "ID Number": "2657406"
  },
  {
    "ID Number": "2634929"
  },
  {
    "ID Number": "2614871"
  },
  {
    "ID Number": "2643243"
  },
  {
    "ID Number": "34159118"
  },
  {
    "ID Number": "2649098"
  },
  {
    "ID Number": "2618389"
  },
  {
    "ID Number": "329105180"
  },
  {
    "ID Number": "2606828"
  },
  {
    "ID Number": "2616688"
  },
  {
    "ID Number": "2671867"
  },
  {
    "ID Number": "2645947"
  },
  {
    "ID Number": "8604541"
  },
  {
    "ID Number": "2648806"
  },
  {
    "ID Number": "2639513"
  },
  {
    "ID Number": "2650800"
  },
  {
    "ID Number": "2645548"
  },
  {
    "ID Number": "2641259"
  },
  {
    "ID Number": "2607123"
  },
  {
    "ID Number": "2664623"
  },
  {
    "ID Number": "2642328"
  },
  {
    "ID Number": "2643154"
  },
  {
    "ID Number": "2628708"
  },
  {
    "ID Number": "2609738"
  },
  {
    "ID Number": "2640732"
  },
  {
    "ID Number": "2640570"
  },
  {
    "ID Number": "2657414"
  },
  {
    "ID Number": "2637820"
  },
  {
    "ID Number": "2644703"
  },
  {
    "ID Number": "2643995"
  },
  {
    "ID Number": "331105187"
  },
  {
    "ID Number": "2620162"
  },
  {
    "ID Number": "2627477"
  },
  {
    "ID Number": "2631288"
  },
  {
    "ID Number": "2657422"
  },
  {
    "ID Number": "2659409"
  },
  {
    "ID Number": "2653850"
  },
  {
    "ID Number": "30942993"
  },
  {
    "ID Number": "2611902"
  },
  {
    "ID Number": "2644720"
  },
  {
    "ID Number": "2652390"
  },
  {
    "ID Number": "2620740"
  },
  {
    "ID Number": "2627450"
  },
  {
    "ID Number": "2640406"
  },
  {
    "ID Number": "2659654"
  },
  {
    "ID Number": "2624079"
  },
  {
    "ID Number": "2651840"
  },
  {
    "ID Number": "2635658"
  },
  {
    "ID Number": "2635860"
  },
  {
    "ID Number": "2621100"
  },
  {
    "ID Number": "2638851"
  },
  {
    "ID Number": "2600021"
  },
  {
    "ID Number": "2660768"
  },
  {
    "ID Number": "2640597"
  },
  {
    "ID Number": "2627787"
  },
  {
    "ID Number": "2638320"
  },
  {
    "ID Number": "2658496"
  },
  {
    "ID Number": "2634996"
  },
  {
    "ID Number": "2650428"
  },
  {
    "ID Number": "2671379"
  },
  {
    "ID Number": "2661390"
  },
  {
    "ID Number": "12551805"
  },
  {
    "ID Number": "2615339"
  },
  {
    "ID Number": "2658615"
  },
  {
    "ID Number": "2604620"
  },
  {
    "ID Number": "2658003"
  },
  {
    "ID Number": "2615231"
  }
]