ID Number,Name,Fed,Sex,Title,WTit,OTit,Rating,Gms,K,RatingMonth,B-day,Flag
1340387,"Achelashvili, Alexandre",SUI,M,,,,1698,0,20,SEP25,2005,i
1350366,"Ademi, Rexhe",SUI,M,,,,1713,0,20,SEP25,1973,
1300563,"Adler, Joel",SUI,M,FM,,,2291,0,20,SEP25,1965,i
723886,"Adzic, Slobodan",SUI,M,FM,,,2012,9,20,SEP25,1957,
1344854,"Aegerter, Fabrice",SUI,M,,,,1882,0,20,SEP25,1997,i
1308220,"Aeschbach, Philipp",SUI,M,FM,,,2241,0,20,SEP25,1992,i
551032830,"Aeschbacher, Dimitri",SUI,M,,,,2036,7,40,SEP25,2012,
651084821,"Aeschbacher, Gregoire",SUI,M,,,,1693,5,40,SEP25,2014,
1361511,"Aimar, Alessandro",SUI,M,,,,1544,0,20,SEP25,1988,
1311719,"Ait Benbrahim, Mohamed",SUI,M,,,,1760,0,20,SEP25,1965,i
1305506,"Akermann, Thomas",SUI,M,,,,2056,0,20,SEP25,1974,i
1346750,"Akinkhov, Mikhail",SUI,M,,,,1679,0,40,SEP25,2010,i
1346245,"Akram, Yussi",SUI,M,,,,1671,0,20,SEP25,1986,i
134105363,"Alberti, Milo",SUI,M,,,,1724,0,20,SEP25,2000,
24605425,"Alic, Miran",SUI,M,,,,1987,0,20,SEP25,1984,i
1350986,"Alissa, Nikola",SUI,M,,,,1796,0,20,SEP25,2000,i
1308149,"Allemann, Anton",SUI,M,,,,2275,0,20,SEP25,1983,i
1321250,"Allenspach, Urs",SUI,M,,,,1952,0,20,SEP25,1975,i
1351400,"Allidi, Fernando",SUI,M,,,,1789,0,20,SEP25,1953,i
1305581,"Altenburger, Rene",SUI,M,,,,1990,0,20,SEP25,1971,
1303848,"Ambrosini, Nicola",SUI,M,,,,2221,0,20,SEP25,1976,i
1332899,"Amir, Emam",SUI,M,,,,1963,0,20,SEP25,1978,i
1357972,"Ammeter, Nicolas",SUI,M,,,,1639,0,40,SEP25,2008,i
1336851,"Anand, Aryan",SUI,M,,,,ACM,1836,0,SEP25,2007,i
1310410,"Andjelkovic, Slavoljub",SUI,M,,,,1858,0,20,SEP25,1961,i
1341243,"Andrieu, Arnold",SUI,M,,,,1815,0,20,SEP25,1988,i
1308718,"Andrist, Pascal",SUI,M,,,,2039,0,20,SEP25,1986,i
1352873,"Angelovski, Emanuel",SUI,M,,,,1875,0,40,SEP25,2010,
1319760,"Angst, Markus",SUI,M,,,,1818,0,20,SEP25,1958,
1334069,"Angst, Oliver",SUI,M,,,,2056,0,20,SEP25,2002,
1319744,"Angst, Robin",SUI,M,,,,2130,0,20,SEP25,1994,
1308106,"Antognini, Francesco",SUI,M,,,,2275,0,20,SEP25,1985,i
1358189,"Anton, Theo",SUI,M,,,,1860,0,40,SEP25,2010,i
1360620,"Antonetty, Julian",SUI,M,,,,1747,0,20,SEP25,2005,
1323725,"Arcuti, Davide",SUI,M,IM,,,2253,0,20,SEP25,1999,i
1311476,"Arend, Michal",SUI,M,,,,1895,0,20,SEP25,1949,i
1340301,"Arnold, Thomas",SUI,M,,,,1727,0,20,SEP25,1947,i
1361708,"Arpagaus, Phutthamat",SUI,F,,,,1574,0,20,SEP25,1979,wi
1345923,"Arsenie, Cristian Marc",SUI,M,,,,1961,0,40,SEP25,2009,
1353080,"Arshad, Waleed",SUI,M,,,,1652,0,20,SEP25,1990,i
1346865,"Artan, Tamir",SUI,M,,,,1940,0,40,SEP25,2008,
1335189,"Arulanantham, Aneet",SUI,M,,,,1890,0,20,SEP25,2000,i
1341332,"Asllani, Dorian",SUI,M,FM,,,2150,0,40,SEP25,2007,
1309951,"Atukeren, Erdal",SUI,M,,,,AFM,1866,0,SEP25,1964,i
34166073,"Avilova, Yulia",SUI,F,,,,1805,0,20,SEP25,2004,w
1310291,"Babel, Ludovic",SUI,M,,,,1710,0,20,SEP25,1981,i
1337440,"Babineca, Darja",SUI,F,,,,1871,0,20,SEP25,2004,wi
1357492,"Bachmann, Daniel",SUI,M,,,,ACM,1668,0,SEP25,1978,
1330110,"Baenziger, Fabian",SUI,M,IM,,,2431,0,10,SEP25,2002,
1351753,"Baghirov, Rasul",SUI,M,,,,1975,0,20,SEP25,1969,
1357395,"Baisse, Rose",SUI,F,,,,1646,11,40,SEP25,2011,w
1333925,"Ballmer, Boris",SUI,M,,,,1963,0,20,SEP25,1975,
1303970,"Ballmer, Mirko",SUI,M,,,,2002,0,20,SEP25,1979,
1344102,"Bangerter, Ena",SUI,F,WCM,WCM,,1711,0,40,SEP25,2009,w
1313100,"Bannwart, Remo",SUI,M,,NA,,1773,0,20,SEP25,1967,i
1319779,"Barczyk, Janusz",SUI,M,,,,1803,0,20,SEP25,1952,i
1368125,"Barros, Gustavo",SUI,M,,,,1681,0,20,SEP25,2006,
1330624,"Barth, Can-Elian",SUI,M,,,,1989,0,20,SEP25,2002,i
1331175,"Bartholet, Sven",SUI,M,,,,1944,0,20,SEP25,1997,i
1364820,"Barto, Norbert",SUI,M,,,,1862,0,20,SEP25,1996,
1344390,"Beatty, Samuel",SUI,M,,,,1810,0,20,SEP25,1984,i
1304909,"Beck, Thomas",SUI,M,,,,1914,0,20,SEP25,1966,i
1345990,"Begdullayev, Tamerlan",SUI,M,,,,1814,0,40,SEP25,2011,i
1346008,"Begdullayeva, Diana",SUI,F,,,,1593,0,40,SEP25,2009,wi
1346830,"Begdullayeva, Karina",SUI,F,,,,1554,0,40,SEP25,2013,wi
1302434,"Belaz, Christian",SUI,M,,,,1983,0,20,SEP25,1965,i
1350005,"Belet, Yves",SUI,M,,,,1711,0,20,SEP25,1957,i
1349198,"Bellusci, Baykal",SUI,M,,,,1917,0,20,SEP25,1983,i
1354302,"Belmadani, Naim",SUI,M,,,,1731,0,20,SEP25,2002,i
1347551,"Benz, Stefan",SUI,M,,,,1584,0,20,SEP25,1985,i
1304577,"Berberich, Christoph",SUI,M,,,,1954,0,20,SEP25,1962,i
1304089,"Berger, Stefan",SUI,M,,,,1909,0,20,SEP25,1967,i
1302264,"Berset, Alan",SUI,M,,,,2038,0,20,SEP25,1994,
1314734,"Besse, Leonard",SUI,M,,,,2081,0,20,SEP25,1975,i
1314742,"Bhunjun, Reto",SUI,M,,,,2013,0,20,SEP25,1981,
1330136,"Bianchi, Simone",SUI,M,,,,1848,0,20,SEP25,1967,i
1300318,"Bichsel, Walter",SUI,M,FM,,,2125,0,20,SEP25,1954,i
1332260,"Bieri, Hanspeter",SUI,M,,,,2026,0,20,SEP25,1937,i
1321307,"Bijelic, Milan",SUI,M,,,,2110,0,20,SEP25,1964,i
1337700,"Bijelic, Zeljko",SUI,M,,,,1917,0,20,SEP25,1981,i
1335065,"Bilin, Halil",SUI,M,,,,1680,0,20,SEP25,1982,i
1307622,"Binggeli, Christian",SUI,M,,,,1865,0,20,SEP25,1990,
1318268,"Birchmeier, Martin",SUI,M,,,,1908,0,20,SEP25,1962,i
1361805,"Bischler, Gabriel",SUI,M,,,,1590,0,20,SEP25,1985,i
1322087,"Bischofberger, Dario",SUI,M,,,,2151,0,20,SEP25,1998,
1330292,"Bjelogrlic, Goran",SUI,M,,,,2000,0,20,SEP25,1952,i
1342428,"Blais, Mario",SUI,M,,,,1747,0,20,SEP25,1962,i
1364731,"Blaser, Samuel",SUI,M,,,,1708,0,20,SEP25,1973,i
1339516,"Bloechlinger, Thomas",SUI,M,,,,1539,0,20,SEP25,1979,i
1344544,"Bodenstab, Stefan",SUI,M,,,,1965,0,20,SEP25,1963,i
1310330,"Boffa, Mauro",SUI,M,,,,2150,0,20,SEP25,1985,
4692055,"Bogner, Sebastian",SUI,M,GM,,,2495,0,10,SEP25,1991,i
1344188,"Boillat, Maxime",SUI,M,,,,1739,0,20,SEP25,1997,i
1350226,"Boivin, Remi",SUI,M,,,,1811,0,40,SEP25,2011,
1307410,"Bojic, Zoran",SUI,M,,,,2076,0,20,SEP25,1950,
1356186,"Bolleter, Arun",SUI,M,,,,1543,0,40,SEP25,2012,i
1337661,"Bonalli, Alessandro",SUI,M,,,,1772,0,20,SEP25,1964,i
1352644,"Bonanomi, Silvan",SUI,M,,,,1777,0,20,SEP25,2005,
1331515,"Bondar, Yevgen",SUI,M,FM,,,2250,0,20,SEP25,1984,i
1330039,"Boner, Timm",SUI,M,,,,1706,0,20,SEP25,1974,
1314807,"Bonferroni, Carlo",SUI,M,,,,1781,0,20,SEP25,1957,i
1306812,"Bonferroni, Thierry",SUI,M,,NA,,1959,0,20,SEP25,1987,i
1300326,"Boog, Alexandre",SUI,M,FM,,,2277,0,20,SEP25,1967,i
1313207,"Bornand, Herbert",SUI,M,,,,1869,0,20,SEP25,1948,i
1301659,"Borner, Daniel",SUI,M,FM,,,2197,0,20,SEP25,1963,i
1300920,"Boschetti, Claudio",SUI,M,,,,2085,0,20,SEP25,1957,
1312120,"Botta, Gabriele",SUI,M,FM,,,2330,0,20,SEP25,1991,i
1306146,"Bouchelaghem, Arezki",SUI,M,,,,1851,0,20,SEP25,1960,i
1334930,"Bounlom, Jannik",SUI,M,,,,1963,0,20,SEP25,2004,i
1324586,"Bounlom, Samyo",SUI,M,,,,1984,0,20,SEP25,1995,i
1350200,"Bourban, Karel",SUI,M,,,,1820,10,20,SEP25,2004,
1342177,"Brait, Sophia",SUI,F,,,,1526,0,40,SEP25,2007,wi
1330918,"Brait, Wolfgang",SUI,M,,NA,,1909,0,20,SEP25,1958,i
1349937,"Branca, Gabriel",SUI,M,,,,1708,0,20,SEP25,2005,i
1323180,"Brandis, Benjamin",SUI,M,,,,1997,0,20,SEP25,2000,i
1358120,"Brandstaetter, Nicholas",SUI,M,,,,1611,0,20,SEP25,2001,i
1338439,"Brandt, Daniel",SUI,M,,,,1853,0,20,SEP25,1983,i
1355171,"Braun, Janosch",SUI,M,,,,1783,0,20,SEP25,2002,i
1314157,"Breck, Jakob",SUI,M,,,,1949,0,20,SEP25,1947,i
1341359,"Brodard, Zacharie",SUI,M,,,,1722,0,20,SEP25,2005,i
1357654,"Bruderer, Patrick",SUI,M,,,,1721,0,20,SEP25,2005,i
1341723,"Bruessow, Nina",SUI,F,,,,1825,0,40,SEP25,2008,wi
1357956,"Bruhin, Joshua",SUI,M,,,,1600,0,20,SEP25,2005,i
1322680,"Bruni, Fabrizio",SUI,M,,,,1761,0,20,SEP25,1995,i
1304151,"Bucher, Denis",SUI,M,FM,,,2218,0,20,SEP25,1980,i
1303287,"Budakovic, Dragan",SUI,M,,,,1941,0,20,SEP25,1971,i
1331302,"Bueche, Lucas",SUI,M,,NA,,1781,0,20,SEP25,1998,i
1365452,Buegel Niclas,SUI,M,,,,1623,0,20,SEP25,2003,
1350919,"Buenuel, Deniz Ronny",SUI,M,,,,1517,0,40,SEP25,2010,i
1304879,"Buerge, Reto",SUI,M,,,,1995,0,20,SEP25,1962,i
1313541,"Buerki, Gilles",SUI,M,,,,1882,0,20,SEP25,1973,
1347179,"Bujes, Aurelien",SUI,M,,,,1754,0,40,SEP25,2008,
1354191,"Buratti, Eliott",SUI,M,,,,1692,0,20,SEP25,1999,i
1339982,"Burger, Raphael",SUI,M,,,,1669,0,40,SEP25,2009,
1319795,"Burri, Roland",SUI,M,,,,1659,0,20,SEP25,1963,i
1364766,"Buschor, Pascal",SUI,M,,,,1411,0,40,SEP25,2009,
1347896,"Cagnoni, Mariano",SUI,M,,,,1616,0,20,SEP25,2006,i
1336690,"Cakic, Igor",SUI,M,,,,1830,0,20,SEP25,2005,i
1349074,"Callealta, Andres",SUI,M,,,,1806,0,20,SEP25,2001,i
1359851,"Camponovo, Daniele",SUI,M,,,,1512,0,40,SEP25,2015,
1359860,"Camponovo, Dario",SUI,M,,,,1538,0,40,SEP25,2014,i
1309315,"Camponovo, David",SUI,M,,FI,,1846,0,20,SEP25,1976,
1357336,"Campora, Christoph",SUI,M,,,,1727,0,20,SEP25,2006,
1359738,"Canatar, Poyraz",SUI,M,,,,1494,0,40,SEP25,2011,i
1352148,"Canonica, Fabio",SUI,M,,,,1813,0,20,SEP25,1981,i
1360736,"Carbonne, Alain",SUI,M,,,,1687,0,20,SEP25,1988,i
1352695,"Cardoso Rodrigues, Michael",SUI,M,,,,1753,0,20,SEP25,1993,i
1360132,"Carimatto, Augusto",SUI,M,,,,1696,0,20,SEP25,1981,
1345559,"Cattomio, Roberto",SUI,M,,NA,,1694,0,20,SEP25,1962,i
1321340,"Cavadini, Sergio",SUI,M,,,,1647,0,20,SEP25,1948,
1354272,"Cendan, Jeremy",SUI,M,,,,1656,0,20,SEP25,2002,i
1351800,"Cervelli, Eduard",SUI,M,,,,1918,0,40,SEP25,2007,
1351567,"Chappaz, Max",SUI,M,,,,1836,0,20,SEP25,2005,i
1308645,"Chauvin, Denis",SUI,M,,,,1923,0,20,SEP25,1951,i
1330667,"Chennaoui, Yasin",SUI,M,,,,2099,19,20,SEP25,2003,
1347322,"Cherix, Lily",SUI,F,,,,1819,0,40,SEP25,2009,w
1352229,"Chretien, Linus",SUI,M,,,,1735,0,20,SEP25,2000,i
1304259,"Christen, Daniel",SUI,M,,,,2198,0,20,SEP25,1978,i
1354353,"Cimasoni, Laurent",SUI,M,,,,1863,0,20,SEP25,1975,i
1365681,Clarke Alexander,SUI,M,,,,1769,0,20,SEP25,1987,
1314882,"Clausen, Martin",SUI,M,,,,1960,0,20,SEP25,1974,
1309056,"Coletta, Stephane",SUI,M,,,,1957,0,20,SEP25,1976,i
1342932,"Collin, Moritz Valentin",SUI,M,FM,,,2022,0,20,SEP25,2006,i
1308629,"Colmenares, Aurelio",SUI,M,FM,,,2232,0,20,SEP25,1987,
1349066,"Corazza, Alessandro",SUI,M,,,,1768,0,20,SEP25,2001,i
1339010,"Cordy, Mathys",SUI,M,,,,1601,0,20,SEP25,2006,i
1364561,"Cousin, Ismael",SUI,M,,,,1728,0,20,SEP25,1999,
1366580,"Craig, Fitzgerald",SUI,M,,,,1521,0,20,SEP25,1983,
1303686,"Cruceli, Salvatore",SUI,M,,,,2059,0,20,SEP25,1966,i
1354604,"Csombok, Jozsef",SUI,M,,,,1593,0,20,SEP25,1983,i
1354264,"Da Silva, Rafael",SUI,M,,,,1508,0,20,SEP25,1991,
1345931,"Daeweritz, Carsten",SUI,M,,,,1716,0,20,SEP25,1973,i
1313762,"Dajakaj, Berat",SUI,M,,,,2052,0,20,SEP25,1985,
1364782,"Dalay, Hakki Dogan",SUI,M,,,,1682,0,20,SEP25,1990,
1317229,"Danko, Ivan",SUI,M,,,,1801,0,20,SEP25,1946,i
1355031,"Dao, Khanh",SUI,M,,,,1805,0,40,SEP25,2010,
1340255,"de Franca, Philippe",SUI,M,,,,1747,0,20,SEP25,1961,i
1310054,"De Gregorio, Alexis",SUI,M,,,,1940,0,20,SEP25,1972,i
1354612,"De La Cruz, Gil",SUI,M,,,,1804,0,20,SEP25,1965,i
1302540,"De La Rosa, Damian",SUI,M,,,,2030,0,20,SEP25,1975,i
1344234,"De Schoutheete, Manuel",SUI,M,,,,1768,0,20,SEP25,2005,
1305620,"De Seroux, Camille",SUI,F,WIM,WIM,,2070,5,20,SEP25,1993,w
1344730,"Delay, Isabelle",SUI,F,,,,1552,0,20,SEP25,1957,wi
1314475,"Delmonico, Nils",SUI,M,,,,1961,0,20,SEP25,1977,i
1313436,"Delpin, Eric",SUI,M,,"FI,SI,FA",,2040,0,20,SEP25,1990,i
1313770,"Delpin, Patrice",SUI,M,,,,1928,0,20,SEP25,1958,i
1351028,"Denzel, Juergen",SUI,M,,,,1689,0,20,SEP25,1985,i
1305492,"Deschenaux, Yves",SUI,M,,,,2071,0,20,SEP25,1974,i
1308912,"Deubelbeiss, Rene",SUI,M,,FT,,1850,0,20,SEP25,1956,i
1338498,"Di Meo, Quentin",SUI,M,,,,1772,0,20,SEP25,1994,i
1308157,"Di Stefano, Michele",SUI,M,,,,2142,0,20,SEP25,1962,
1317377,"Dietiker, Manuel",SUI,M,,NA,,2002,0,20,SEP25,1995,i
1330950,"Dill, Xaver",SUI,M,,,,2137,0,20,SEP25,2000,i
1341057,"Distel, Tim",SUI,M,,,,1767,0,20,SEP25,2003,i
1310488,"Dittmar, Michael",SUI,M,,,,1759,0,20,SEP25,1956,i
1363824,"Djurdjevic, Marko",SUI,M,,,,1816,0,20,SEP25,2005,
1316893,"Doenni, Albin",SUI,M,,,,1900,0,20,SEP25,1966,i
1337599,"Doetsch-Thaler, Nicos",SUI,M,,,,1907,0,20,SEP25,2006,i
1336649,"Dogaru,Dumitrov",SUI,M,,,,1838,0,20,SEP25,1964,i
1348035,"Domschke, Mischa",SUI,M,,,,1724,0,40,SEP25,2012,i
1336460,"Dornieden, Jonas",SUI,M,,,,1984,0,20,SEP25,2003,i
1340000,"Doxarve, Nils",SUI,M,,,,1997,0,20,SEP25,1997,
1305280,"Drechsler, Christoph",SUI,M,,,,2127,0,20,SEP25,1966,i
1359410,"Dubel, Nathan",SUI,M,,,,1714,0,40,SEP25,2008,
1338447,"Duc, Jeremy",SUI,M,,,,1746,0,20,SEP25,1999,i
1345710,"Dueck, Sebastian",SUI,M,,,,1524,0,40,SEP25,2013,i
1336703,"Dueck,Maximilian",SUI,M,,,,1854,0,40,SEP25,2008,
1305395,"Duerig, Willi",SUI,M,,,,1962,0,20,SEP25,1962,i
1337211,"Duerst, Martin",SUI,M,,,,1962,0,20,SEP25,1964,i
1358154,"Dunbar-Lugan, Zachary",SUI,M,,,,1509,0,40,SEP25,2010,i
1372556,"Durini, Riccardo",SUI,M,,,,1718,0,20,SEP25,2000,
1357964,"Durisch, Miro",SUI,M,,,,1788,0,20,SEP25,2003,i
1335847,"Duruz, Sandy",SUI,F,,,,1674,0,20,SEP25,2000,wi
1327674,"Eberle, Thomas",SUI,M,,,,1942,0,20,SEP25,1982,i
1309404,"Edoecs, Joseph",SUI,M,,,,1991,0,20,SEP25,1960,i
1318411,"Eggenberger, Hans",SUI,M,,,,1774,0,20,SEP25,1944,
1304224,"Eggenberger, Ulrich",SUI,M,,,,1890,0,20,SEP25,1940,i
1337092,"Egger,Abraham",SUI,M,,,,1770,0,20,SEP25,1984,i
1306685,"Egli, Urs",SUI,M,,,,1867,0,20,SEP25,1961,
1333305,"Egoyan, Arnaud",SUI,M,,,,1920,0,20,SEP25,1988,i
1342487,"Ehle, Eric",SUI,M,,,,1821,0,20,SEP25,1967,i
1302302,"Ekstroem, Roland",SUI,M,IM,,,2408,0,10,SEP25,1956,i
1346253,"El Hinnawy, Hamzah",SUI,M,,,,1737,0,40,SEP25,2008,i
1312715,"El-Mais, Ibaa",SUI,M,,,,2012,0,20,SEP25,1991,i
1346652,"Elhamdi, Firas",SUI,M,,,,1680,0,20,SEP25,1992,
1330837,"Elkiess, Gregory",SUI,M,,,,AIM,1817,0,SEP25,1979,i
1312367,"Emini, Emin",SUI,M,,,,1966,0,20,SEP25,1971,i
1307088,"Emmott, Steven",SUI,M,,,,1901,0,20,SEP25,1962,i
1328336,"Eppler, Beat",SUI,M,,,,1802,0,20,SEP25,1965,
1341928,"Erne, Raphael",SUI,M,,,,2130,0,20,SEP25,2006,
1318438,"Erzinger, Paul",SUI,M,,,,1920,0,20,SEP25,1959,
1326651,"Esper, Christian",SUI,M,,,,1933,0,20,SEP25,1983,i
1312839,"Fabre, Mathias",SUI,M,,,,1969,0,20,SEP25,1990,
1340557,"Fairis, Zulaikha",SUI,F,,,,1417,0,20,SEP25,2003,wi
1353896,"Fauquex, Raphael",SUI,M,,,,1867,0,20,SEP25,1990,i
1334255,"Fecker, Jan",SUI,M,,,,1909,0,20,SEP25,2002,i
1334263,"Fecker, Noah",SUI,M,FM,,,2374,0,20,SEP25,2004,
1313797,"Fedal, Salem",SUI,M,,NA,,1668,0,20,SEP25,1987,i
1345117,"Federer, Colin",SUI,M,FM,,,2143,0,40,SEP25,2011,
1349260,"Fehr, Gerhard",SUI,M,,,,1947,0,20,SEP25,1971,i
1310429,"Felder, Thomas",SUI,M,,,,1884,0,20,SEP25,1960,i
4641353,"Fend, Juergen",SUI,M,,,,2228,0,20,SEP25,1967,
1354388,"Fernandes Barbosa, Gabriel",SUI,M,,,,2081,0,40,SEP25,2007,
1328565,"Ferrari, Nicola",SUI,M,,,,1849,0,20,SEP25,1965,i
1302132,"Fierz, Martin",SUI,M,FM,,,2237,0,20,SEP25,1971,
34171584,"Filimonov, Arsenii",SUI,M,,,,1667,0,40,SEP25,2008,i
14507951,"Filipovic, Branko",SUI,M,IM,,,2164,11,20,SEP25,1957,
1300202,"Fioramonti, Hung",SUI,M,IM,,,2205,0,20,SEP25,1966,
1352024,"Fiore, Alexandre",SUI,M,,,,1635,0,40,SEP25,2009,
1312766,"Fischer, Daniel",SUI,M,,,,1863,0,20,SEP25,1972,i
1311620,"Fischer, Lukas",SUI,M,,,,1984,0,20,SEP25,1971,i
1346610,"Floure, Alexan",SUI,M,,,,1885,0,20,SEP25,2005,i
1334298,"Fluckiger, Benoit",SUI,M,,,,1644,0,20,SEP25,1968,i
1358936,"Flueck, Ilyan",SUI,M,,,,1501,0,40,SEP25,2011,i
1360744,"Fornerod, Thomas",SUI,M,,,,1592,0,20,SEP25,1990,
1325736,"Forster, Markus",SUI,M,,,,1695,0,20,SEP25,1956,
1308750,"Fortier, Nicolas",SUI,M,,,,1839,0,20,SEP25,1974,i
1311395,"Francey, Rodolphe",SUI,M,,,,1950,0,20,SEP25,1964,
1321854,"Frauchiger, Thomas",SUI,M,,"SI,NA",,1902,0,20,SEP25,1995,i
1319396,"Fredj, Nizar",SUI,M,,,,1755,0,20,SEP25,0,i
1352792,"Frehner, Thomas",SUI,M,,,,1628,0,20,SEP25,2003,i
1327313,"Frei, Gustav",SUI,M,,,,1661,0,20,SEP25,1954,i
1322958,"Frei, Micha",SUI,M,,,,1688,0,20,SEP25,1974,i
1330845,"Frei, Tiziano",SUI,M,,,,1916,0,20,SEP25,2002,i
1304283,"Freuler, Roman",SUI,M,,,,1853,0,20,SEP25,1975,
1336487,"Frey,Fabian",SUI,M,,,,2072,0,20,SEP25,2003,
1360647,"Frischherz, Urs",SUI,M,,,,1963,0,20,SEP25,1958,i
1347837,"Fry, Ryunosuke",SUI,M,,,,1560,0,40,SEP25,2009,
1357948,"Fuhrimann, Daniel",SUI,M,,,,1896,0,20,SEP25,1957,i
1326015,"Fulpius, Bertrand",SUI,M,,,,1843,0,20,SEP25,1967,i
1307177,"Fusi, Claudio",SUI,M,,,,1726,0,20,SEP25,1954,i
1311255,"Gabersek, Albert",SUI,M,,,,2053,0,20,SEP25,1987,i
1346563,"Gade, Niels Severin",SUI,M,,,,1687,0,40,SEP25,2009,i
1314530,"Gaehwiler, Gabriel",SUI,M,IM,,,2457,0,10,SEP25,1994,
1346717,"Gaehwiler, Petr",SUI,M,,,,1728,0,20,SEP25,1994,i
1345818,"Gafner, Lancelot",SUI,M,,,,1686,0,40,SEP25,2010,i
1310186,"Gaier, Walter",SUI,M,,,,1847,0,20,SEP25,1960,i
1347128,"Galerne, Nicolas",SUI,M,,,,1665,0,20,SEP25,2003,i
1315056,"Galerne, Rene",SUI,M,,,,ACM,1771,0,SEP25,1961,i
1303422,"Gallagher, Joseph G.",SUI,M,GM,,,2473,0,10,SEP25,1964,
1358057,"Galli, Morris",SUI,M,,,,1855,0,20,SEP25,2003,i
1322761,"Gallus, Matthias",SUI,M,,SI,,1831,0,20,SEP25,1976,i
1335022,"Gamsa, Loris",SUI,M,,,,1862,0,20,SEP25,2002,
1310534,"Gantner, Matthias",SUI,M,FM,,,2311,0,20,SEP25,1988,i
1317431,"Garcia, Miguel",SUI,M,,NA,,1938,0,20,SEP25,1988,i
1338285,"Garfield, Alex",SUI,M,,,,1756,0,20,SEP25,2003,i
1351605,"Gatti, Amerio",SUI,M,,,,1675,0,20,SEP25,1998,i
1364677,"Gauthey, Nils",SUI,M,,,,1791,0,20,SEP25,2006,
1318489,"Gautschi, Rudolf",SUI,M,,,,1858,0,20,SEP25,1957,
1317245,"Geisser, Rainer",SUI,M,,,,1752,0,20,SEP25,1962,
1336401,"Gemelli,Romain",SUI,M,,,,1988,0,20,SEP25,2006,
1307207,"Gendre, Stephane",SUI,M,,,,1983,0,20,SEP25,1974,i
1331973,"Georgescu, Lena",SUI,F,FM,WGM,,2105,0,20,SEP25,1999,wi
1319825,"Georgiadis, Andreas",SUI,M,,,,1950,0,20,SEP25,1965,i
4208900,"Georgiadis, Ioannis",SUI,M,IM,,,2447,0,10,SEP25,1987,
1300113,"Georgiadis, Nico",SUI,M,GM,,,2442,0,10,SEP25,1996,i
1315080,"Gerber, Renaud",SUI,M,,,,1963,0,20,SEP25,1989,i
1300652,"Gerber, Richard",SUI,M,IM,,,2250,0,20,SEP25,1965,i
1332961,"Gerber, Urs",SUI,M,,,,1766,0,20,SEP25,1954,i
1332970,"Giesinger, Elias",SUI,M,,,,2119,0,20,SEP25,2001,i
1315110,"Gillieron, Jean-Marc",SUI,M,,,,1865,0,20,SEP25,1955,i
1357778,"Gillieron, Kevin (13882)",SUI,M,,,,1476,0,20,SEP25,1990,i
1321420,"Giordanengo, Otto",SUI,M,,,,1926,0,20,SEP25,1946,i
1356526,"Girardin, Elias",SUI,M,,,,1773,0,40,SEP25,2009,i
1373544,"Gireada, Lucas",SUI,M,,,,1652,0,40,SEP25,2011,
1344064,"Glanc, Lea",SUI,F,,,,1577,0,40,SEP25,2009,wi
1339109,"Glatzfelder, Kurt",SUI,M,,NA,,1926,0,20,SEP25,1986,
1347748,"Glatzl, Andre",SUI,M,,NA,,1673,0,20,SEP25,1996,i
1308190,"Gloor, Claudio",SUI,M,,,,2007,0,20,SEP25,1975,i
1331213,"Gobbi, Franco",SUI,M,,,,1692,0,20,SEP25,1955,i
2054485,"Goldie, Thomas",SUI,M,,,,2120,0,20,SEP25,2000,i
1365231,"Gonzalez, Ivan",SUI,M,,,,1498,0,20,SEP25,1986,
1356453,"Gossler, Stefan",SUI,M,,,,1761,0,20,SEP25,1981,
1364898,"Goyfman, Maxim",SUI,M,,,,1575,0,40,SEP25,2012,i
1312626,"Graells, Ricardo",SUI,M,,,,2114,8,20,SEP25,1962,
681806,"Grandadam, Nicolas",SUI,M,FM,,,2238,0,20,SEP25,1993,i
682438,"Grandadam, Patrik",SUI,M,FM,,,2294,0,20,SEP25,1996,i
1325760,"Grob, Joshua",SUI,M,,,,2035,0,20,SEP25,1995,i
1360752,"Groux, Mathias",SUI,M,,,,1680,0,20,SEP25,1993,i
1351621,"Guengoer, Ceyhun",SUI,M,,,,1758,0,20,SEP25,1987,i
1303244,"Guex, Pascal",SUI,M,,,,2098,0,20,SEP25,1972,i
1306308,"Guibentif, Fabrice",SUI,M,,,,2070,0,20,SEP25,1974,i
1351931,"Guidi, Elia",SUI,M,,,,1629,0,20,SEP25,2000,
1334271,"Guillaume, Romaric",SUI,M,,,,1840,0,20,SEP25,1996,i
1339613,"Guksch, Thorsten",SUI,M,,,,1798,0,20,SEP25,1990,i
1307975,"Gurtner, Daniel",SUI,M,,,,2111,0,20,SEP25,1946,i
1366408,"Gustafsson, Matthias",SUI,M,,,,1631,0,40,SEP25,2008,
1339966,"Gut, Lionel",SUI,M,,,,2063,0,40,SEP25,2009,
1339974,"Gut, Raphael",SUI,M,,,,2078,0,40,SEP25,2009,
1346237,"Guyer, Marlon",SUI,M,,,,1964,0,40,SEP25,2008,
1332988,"Haag, Walter",SUI,M,,,,1714,0,20,SEP25,1955,i
1346407,"Haas, Anthony",SUI,M,,,,1804,0,40,SEP25,2009,i
1303430,"Haas, Carmi",SUI,M,,,,2191,0,20,SEP25,1942,i
1358146,"Hadorn, Raphael",SUI,M,,,,1915,0,20,SEP25,1992,i
1348019,"Haeberli, Chantal",SUI,F,,,,1645,0,20,SEP25,1997,wi
1312855,"Haenggi, Mario",SUI,M,,,,1902,0,20,SEP25,1960,
1337394,"Haerdi,Heinz",SUI,M,,,,1761,0,20,SEP25,1966,i
1346032,"Haist, Gian Nicola",SUI,M,,,,1797,0,20,SEP25,2001,i
12506540,"Hakimifard, Ghazal",SUI,F,WGM,WGM,,2129,0,20,SEP25,1994,w
1351338,"Hamdiji, Agim",SUI,M,,,,1627,0,20,SEP25,1977,i
1303910,"Hamzabegovic, Mersudi",SUI,M,,,,2124,0,20,SEP25,1956,i
1305905,"Hanouna, Dan",SUI,M,,,,2104,0,20,SEP25,1979,i
1344943,"Harrison, Luc",SUI,M,,,,1704,0,20,SEP25,2001,i
1303309,"Hasenohr, Benedict",SUI,M,FM,FT,,2164,0,20,SEP25,1995,
1340514,"Hauser, Armando",SUI,M,,,,1784,0,20,SEP25,2000,i
1307720,"Hauser, Robert",SUI,M,,,,1978,0,20,SEP25,1977,
1357808,"Haussener, Glen",SUI,M,,,,1723,0,20,SEP25,2005,i
1315200,"Havolli, Daut",SUI,M,,,,1950,0,20,SEP25,1979,i
1302345,"Heer, Stephan",SUI,M,,,,1990,0,20,SEP25,1974,i
1303937,"Hefti, Gabriel",SUI,M,,,,1929,0,20,SEP25,1961,i
1318560,"Hein, Michael",SUI,M,,,,1690,0,20,SEP25,1968,
1308335,"Held, Thomas",SUI,M,,,,2055,0,20,SEP25,1969,i
1304097,"Herrera, Gustavo",SUI,M,,,,2091,0,20,SEP25,1973,
1342304,"Hesse, Raphael",SUI,M,,,,1725,0,20,SEP25,2006,i
1307312,"Heuberger, Christian",SUI,M,,,,2103,0,20,SEP25,1975,i
1356445,"Hies, Norbert",SUI,M,,,,1724,0,20,SEP25,1967,i
1305212,"Hindermann, Felix",SUI,M,FM,,,2206,0,20,SEP25,1983,i
1302582,"Hirt, Markus",SUI,M,,,,1872,0,20,SEP25,1956,
1341910,"Hirzel, Cedric",SUI,M,,,,1955,0,40,SEP25,2007,
1342320,"Hirzel, Robin",SUI,M,,,,1926,0,20,SEP25,2006,
1317733,"Hoang, Harry",SUI,M,,,,1990,0,20,SEP25,1999,i
1302981,"Hochstrasser, Michael",SUI,M,IM,,,2277,0,20,SEP25,1976,
1350498,"Hoehne, Jacob",SUI,M,,,,1571,0,40,SEP25,2007,i
1321889,"Hofer, Nataniel",SUI,M,,SI,,1885,0,20,SEP25,1995,i
1324454,"Hofmann, Colin",SUI,M,,NA,,2012,0,20,SEP25,2001,i
1320505,"Hofstetter, Thomas",SUI,M,,,,1891,0,20,SEP25,1965,
1302930,"Horber, Jean-Marc",SUI,M,,,,1955,0,20,SEP25,1962,i
1359185,"Hottinger, Ieremia",SUI,M,,,,1475,0,40,SEP25,2012,
1350552,"Hottinger, Simon",SUI,M,,NA,,1777,0,40,SEP25,2008,
14174669,"Hryzlova, Sofiia",SUI,F,WIM,WIM,,2072,0,20,SEP25,2004,w
1364723,"Hubov, Nathan",SUI,M,,,,1555,0,20,SEP25,2004,i
1322419,"Hug, Peter",SUI,M,,"FI,NA",,1776,0,20,SEP25,1988,i
1301446,"Hund, Barbara",SUI,F,WGM,WGM,NA,2133,0,20,SEP25,1959,wi
12923338,"Hund, Sarah",SUI,F,,,,1993,0,20,SEP25,1998,w
1348850,"Hunkeler, Beat",SUI,M,,,,1803,0,20,SEP25,1963,i
1308165,"Huscinovic, Redzo",SUI,M,,,,1967,0,20,SEP25,1964,i
13417436,"Huseynova, Guluzar",SUI,F,,,,1747,0,20,SEP25,2006,wi
1300180,"Huss, Andreas",SUI,M,IM,,,2165,0,20,SEP25,1950,i
1340280,"Huwiler, Tobias",SUI,M,,,,1632,0,20,SEP25,1990,i
1312430,"Ibric, Ferid",SUI,M,,,,1954,0,20,SEP25,1950,i
1300431,"Illi, Hans-Joerg",SUI,M,,,,2023,0,20,SEP25,1943,i
1346695,"Ingielewicz, Tomasz",SUI,M,,,,1845,0,40,SEP25,2011,
1368311,"Ioannidi, Johannes",SUI,M,,,,1713,0,20,SEP25,1970,
1366416,"Iseli, Cedric",SUI,M,,,,1725,0,20,SEP25,1994,
1349112,"Isler, Manuel",SUI,M,,,,1654,0,20,SEP25,1963,i
1306456,"Issler, Christian",SUI,M,,,,1966,0,20,SEP25,1947,i
1361490,"Jaccoud, Evan",SUI,M,,,,1627,0,40,SEP25,2012,
24623466,"Jaehn, Michael, Dr.",SUI,M,,FA,,2015,0,20,SEP25,1986,
1344919,"Jaggy, Enzo",SUI,M,,,,1762,0,20,SEP25,2000,
1341979,"Jaggy, Matteo",SUI,M,,NA,,1977,0,20,SEP25,2006,i
1346920,"Jakob, Dominic",SUI,M,,,,1639,0,40,SEP25,2007,
1330551,"Jarai, Csenge",SUI,F,,,,1738,0,20,SEP25,1999,w
1331949,"Jarnjak, Zlatko",SUI,M,,,,1929,0,20,SEP25,1961,i
1318594,"Jashari, Nuhi",SUI,M,,,,2185,0,20,SEP25,1964,
1315269,"Jauch, Bernd",SUI,M,,,,1967,0,20,SEP25,1968,
1305026,"Javet, Blaise",SUI,M,,,,1956,0,20,SEP25,1961,i
1345060,"Javet, Nelson",SUI,M,,,,1560,1,20,SEP25,1996,
1352687,"Jazayeri, Pouyan",SUI,M,,,,1799,0,20,SEP25,1981,i
1315277,"Jedrinovic, Vitomir",SUI,M,,,,1825,0,20,SEP25,1966,i
1349031,"Jelicic, Andre",SUI,M,,,,1400,0,20,SEP25,1980,i
1349040,"Jelicic, Hugo",SUI,M,,,,1704,0,40,SEP25,2010,
1352431,"Jencic, Nikola",SUI,M,,,,1765,0,20,SEP25,1994,i
1304232,"Jenni, Florian",SUI,M,GM,,,2410,0,10,SEP25,1980,
1336517,"Jenny,Philipp",SUI,M,,,,1956,0,20,SEP25,2002,
1358626,"Jian, Ho Ryan",SUI,M,,,,1571,0,40,SEP25,2009,i
1352571,"Jiang, Modest",SUI,M,,,,1877,0,20,SEP25,1995,i
650420,"Joie, Sebastien",SUI,M,IM,,,2362,0,10,SEP25,1987,
1303589,"Joller, Hans",SUI,M,,,,1913,0,20,SEP25,1954,
1347977,"Jordan, Christina",SUI,F,WCM,WCM,,1776,0,40,SEP25,2012,w
1353152,"Jordan, Theodor",SUI,M,,,,2022,0,40,SEP25,2010,
1360760,"Jordy, Martin",SUI,M,,,,1656,0,40,SEP25,2009,i
1313860,"Jovanovic, Sladjan",SUI,M,,,,2158,0,20,SEP25,1983,i
1336525,"Jucker,Elio",SUI,M,,,,1812,0,20,SEP25,2002,i
1309099,"Jud, Marc",SUI,M,,,,1976,0,20,SEP25,1985,i
1334506,"Kaesermann, Sirlei",SUI,F,,,,1679,0,20,SEP25,1989,wi
1318616,"Kahlert, Heinrich",SUI,M,,,,1810,0,20,SEP25,1963,i
1352709,"Kaletsch, Nicolas Gabriel",SUI,M,,,,1727,0,20,SEP25,1998,i
1342916,"Kallivroussis, Misha",SUI,M,,,,1645,0,20,SEP25,2006,i
1318624,"Kamber, Adrian",SUI,M,,,,1982,0,20,SEP25,1967,i
1300504,"Kamber, Bruno",SUI,M,FM,,,2198,0,20,SEP25,1963,i
1315293,"Kambor, Joachim",SUI,M,,,,2012,0,20,SEP25,1959,i
1335987,"Kannan,Ritish",SUI,M,,,,1803,0,20,SEP25,2005,i
1309072,"Kappeler, Kaspar",SUI,M,FM,,,2137,0,20,SEP25,1985,i
1310542,"Karrer, Damian",SUI,M,,,,2116,0,20,SEP25,1988,i
22501657,"Kasipour Azbari, Seyed Arvin",SUI,M,,,,2088,0,20,SEP25,2006,
1315307,"Kaufmann, Patrick",SUI,M,,,,1990,0,20,SEP25,1987,i
1302248,"Kaufmann, Werner",SUI,M,FM,,,2222,0,20,SEP25,1951,i
1352822,"Kavak, Azat",SUI,M,,,,1539,0,20,SEP25,1991,i
14400537,"Kelecevic, Nedeljko",SUI,M,IM,,,2153,0,20,SEP25,1947,
1353268,"Keller, David",SUI,M,,,,1682,0,20,SEP25,1992,i
1352474,"Keusch, Patrice",SUI,M,,NA,,1805,0,20,SEP25,1987,
1313371,"Killer, Oliver",SUI,M,,,,1939,0,20,SEP25,1976,i
1358812,"Kim, Larissa Alice",SUI,F,,,,1476,0,20,SEP25,1989,wi
1352334,"King, Alexander",SUI,M,,,,1855,0,40,SEP25,2007,
1335120,"Kirchhofer, Michael",SUI,M,,,,1850,0,20,SEP25,1987,
1364472,"Kiss, Balint",SUI,M,,,,1671,0,20,SEP25,1988,
1349970,"Kit, Ewan",SUI,M,,,,1819,0,40,SEP25,2007,i
1314076,"Klaiber, Eduard",SUI,M,,,,1852,0,20,SEP25,1950,i
1337432,"Klauser, Andreas P.",SUI,M,,,,1888,0,20,SEP25,1966,i
1350315,"Klein, Michael",SUI,M,,,,1525,0,20,SEP25,2002,i
1364529,"Knuesel, Jolan",SUI,M,,,,1729,0,20,SEP25,2003,
1302493,"Koch, Hermann",SUI,M,,,,1997,0,20,SEP25,1946,i
1341863,"Koehalmi-Szabo, Mihaly",SUI,M,,,,1973,0,40,SEP25,2011,
1362488,"Koehler, Noe",SUI,M,,,,1584,0,40,SEP25,2009,
1358987,"Koepke, Aleksis",SUI,M,,,,1570,0,40,SEP25,2011,
1309340,"Kohler, Paul",SUI,M,,,,1951,0,20,SEP25,1970,i
1374141,"Koller, Robert",SUI,M,,,,1730,0,20,SEP25,1973,
1356240,"Kollmer, Christian",SUI,M,,NA,,1616,0,20,SEP25,2006,i
1302183,"Kolly, Jacques",SUI,M,FM,,,2203,0,20,SEP25,1972,i
1360922,"Kondzic, Ben",SUI,M,,,,1841,0,40,SEP25,2007,
1342347,"Korovin, Timofey",SUI,M,,,,1681,0,20,SEP25,2004,i
4128125,"Kosteniuk, Alexandra",SUI,F,GM,WGM,,2428,0,10,SEP25,1984,w
34166235,"Kostina, Veronika",SUI,F,WCM,WCM,,1916,0,20,SEP25,2004,wi
1358090,"Kraus, Boris",SUI,M,,,,1728,0,20,SEP25,1976,
24609927,"Krenz, Sarah",SUI,F,,FA,,2004,0,20,SEP25,1988,wi
1330055,"Kreutzmann, Duke",SUI,M,,,,1962,0,20,SEP25,2002,i
21082286,"Krokowski-Bednarz, Leon",SUI,M,,,,1521,0,40,SEP25,2014,i
1357379,"Krueger, Michael",SUI,M,,,,1759,0,20,SEP25,2005,i
1364634,"Kuehne, Dean",SUI,M,,,,1607,0,20,SEP25,2002,i
1336126,"Kueng,Nicolas",SUI,M,,,,1981,0,20,SEP25,1997,i
1320718,"Kuenzi, Anton",SUI,M,,,,1899,0,20,SEP25,1997,i
1308475,"Kuenzli, Simon",SUI,M,,,,1977,0,20,SEP25,1978,i
1314599,"Kuert, Christoph F.",SUI,M,,,,1951,0,20,SEP25,1944,i
1322079,"Kuich, Gero",SUI,M,,,,1706,0,20,SEP25,1942,i
1348868,"Kulabukhov, Michael",SUI,M,,,,1522,0,40,SEP25,2013,i
1305166,"Kull, Martin",SUI,M,,,,1889,0,20,SEP25,1959,
1310925,"Kupalov, Igor",SUI,M,,FA,,1988,0,20,SEP25,1968,
1332562,"Kurapova, Olga",SUI,F,,,,1895,0,20,SEP25,1977,wi
1308173,"Kurmann, Oliver",SUI,M,IM,,,2475,0,10,SEP25,1985,i
1348736,"Kwiatkowski, Jakub",SUI,M,,,,1907,0,40,SEP25,2007,i
1360175,"Kwiatkowski, Maciej",SUI,M,,,,1979,0,20,SEP25,1968,
1336827,"Kwiatkowski,Antoni",SUI,M,,,,1746,9,20,SEP25,2005,
1316508,"Laeser, Didier",SUI,M,,,,1755,0,20,SEP25,1954,i
1311956,"Laftsidis, Nicolas",SUI,M,,,,1847,0,20,SEP25,1951,
1300130,"Landenbergue, Claude",SUI,M,IM,,,2368,0,20,SEP25,1964,i
1318691,"Latka, Anton",SUI,M,,,,1835,0,20,SEP25,1952,
1302566,"Laub, Patrick",SUI,M,,,,2126,0,20,SEP25,1967,
1306804,"Laube, Giovanni",SUI,M,,,,1927,0,20,SEP25,1964,i
1365738,Lee Zayn,SUI,M,,,,1484,0,40,SEP25,2015,
1309331,"Lehmann, Andreas",SUI,M,FM,,,2243,0,20,SEP25,1989,i
1309862,"Lehmann, Marco",SUI,M,FM,,,2303,0,20,SEP25,1991,i
1366564,"Lejdstrom, Yoav",SUI,M,,,,1672,0,40,SEP25,2010,
1312901,"Leresche, Samuel",SUI,M,,,,1974,0,20,SEP25,1981,i
1359878,"Lescut-Mueller, Jean",SUI,M,,,,1469,0,20,SEP25,1989,
1367927,"Letac, Loig",SUI,M,,,,1725,0,20,SEP25,1999,
1333011,"Leuthold, Cyrill",SUI,M,,,,1887,0,20,SEP25,1998,i
1301969,"Leutwyler, Martin",SUI,M,,,,2035,0,20,SEP25,1967,
1311158,"Leutwyler, Mathias",SUI,M,,,,2032,0,20,SEP25,1975,i
1307002,"Lienhard, Alex",SUI,M,,,,2133,0,20,SEP25,1994,i
1303511,"Lipecki, Alexander",SUI,M,,,,2068,0,20,SEP25,1973,
1335219,"Lippmann, Sam",SUI,M,,,,1773,0,20,SEP25,1980,i
1353071,"Lippsmeier, Benjamin",SUI,M,,,,1708,0,20,SEP25,2002,i
1353063,"Lippsmeier, Julien",SUI,M,,,,1707,0,20,SEP25,2003,i
1329880,"Lips, Adrian",SUI,M,,,,1922,0,20,SEP25,1995,i
1332333,"Lo Presti, Max",SUI,M,,,,1965,0,20,SEP25,2001,i
1360060,"Loefgren, Alexander",SUI,M,,,,1506,0,40,SEP25,2013,
1305239,"Loetscher, Roland",SUI,M,IM,,,2361,0,10,SEP25,1982,i
1364170,"Lopez Vargas, Gustavo Andres",SUI,M,,,,1593,0,20,SEP25,1980,
1306324,"Lopez, Manuel",SUI,M,,,,AIM,1878,0,SEP25,1967,
1333267,"Lorman, Pierre",SUI,M,,,,1824,0,20,SEP25,1979,i
1349562,"Losito, Luca",SUI,M,,,,1749,0,20,SEP25,2005,i
1334972,"Lou, Vincent",SUI,M,,,,2102,0,20,SEP25,2003,i
1338080,"Lovey, Fabrice",SUI,M,,NA,,1818,0,20,SEP25,2003,i
1325310,"Luca, Dragos",SUI,M,,,,1732,0,20,SEP25,1997,i
1304950,"Ludin, Hubert",SUI,M,,,,1883,0,20,SEP25,1942,
1310178,"Lustenberger, Josef",SUI,M,,,,1758,0,20,SEP25,1964,
1325299,"Lusti, Reto",SUI,M,,,,1838,0,20,SEP25,1964,i
1351923,"Lutonins, Semjons",SUI,M,,,,1910,0,20,SEP25,1987,
1352776,"Lutz, Janis",SUI,M,,,,1818,0,20,SEP25,2002,i
1329979,"Ly, Nguyen",SUI,M,,NA,,1846,0,20,SEP25,1978,i
1351540,"Mach, Lucien",SUI,M,,,,1974,0,20,SEP25,1998,i
1347705,"Madhavan, Kailash",SUI,M,,,,1766,0,40,SEP25,2011,i
1308297,"Maeder, David",SUI,M,,,,2164,0,20,SEP25,1992,i
1309480,"Maffioli, Massimo",SUI,M,,,,1984,0,20,SEP25,1987,i
1349007,"Magnan, Quentin",SUI,M,,,,1725,0,40,SEP25,2011,
1348680,"Mahapatra, Samyakk",SUI,M,,,,1491,0,40,SEP25,2013,i
1356313,"Mahas, Andrii",SUI,M,,,,1653,0,20,SEP25,1980,i
1362860,"Maitre, Daniel",SUI,M,,,,1775,0,20,SEP25,1991,
1340409,"Malli, Shiivesh Sunil",SUI,M,,,,1902,0,20,SEP25,2005,i
1341855,"Malli, Suvirr",SUI,M,,,,2052,0,40,SEP25,2009,i
1327569,"Malyguine, Nil",SUI,M,,,,1741,0,20,SEP25,1997,i
1326783,"Mani, Thomas",SUI,M,,,,1914,0,20,SEP25,1970,i
14199220,"Manko, Mariia",SUI,F,WIM,WIM,,2014,0,40,SEP25,2007,w
1351575,"Mansi, Vincent",SUI,M,,,,1595,0,20,SEP25,1988,
1340654,"Manukyan, Levon",SUI,M,,,,1661,0,20,SEP25,1955,i
134179198,"Mapanao, Dionisio",SUI,M,,,,ACM,1561,0,SEP25,1964,i
1331396,"Maradan, Christelle",SUI,F,,,,1856,0,20,SEP25,1998,wi
1355449,"Marcus, Jack",SUI,M,,,,1544,0,40,SEP25,2009,i
1346083,"Marinkovic, Zoran",SUI,M,,,,2038,0,20,SEP25,1968,
1360272,"Mariz, Philippe",SUI,M,,,,1686,0,20,SEP25,1979,
1341324,"Marmy, Milo",SUI,M,,,,1626,0,40,SEP25,2008,i
1357310,"Marti, Julian",SUI,M,,,,1689,0,20,SEP25,2006,
1336347,"Marti, Oliver",SUI,M,,,,1908,0,20,SEP25,1989,i
1306790,"Martig, Markus",SUI,M,,,,2006,0,20,SEP25,1979,i
1342800,"Martinez, Jalil",SUI,M,,,,1954,0,20,SEP25,1971,i
1301560,"Masserey, Yvan",SUI,M,FM,,,2141,0,20,SEP25,1973,
1374265,"Matsokis Arroyo, Nikolaos",SUI,M,,,,1502,0,40,SEP25,2013,
1318748,"Mauerhofer, Adrian",SUI,M,,,,1917,0,20,SEP25,1962,i
1348990,"Mauron, Adrien",SUI,M,,,,1661,0,20,SEP25,2006,i
1350030,"Mebarek, Khalil",SUI,M,,,,1805,0,20,SEP25,1995,
1325329,"Medici, Simone",SUI,M,FM,,,2112,0,20,SEP25,1991,i
1327836,"Megroz, Michael",SUI,M,,,,1722,0,20,SEP25,1993,i
1338307,"Mehrle, Erik",SUI,M,,,,1836,0,20,SEP25,2002,
1311301,"Meienhofer, Markus",SUI,M,,,,1798,0,20,SEP25,1958,
1329693,"Meier, Lukas",SUI,M,CM,,,2018,0,20,SEP25,2001,
1309781,"Meier, Manuel",SUI,M,,,,1978,0,20,SEP25,1986,i
1345133,"Menzi, Jonas",SUI,M,,,,2040,0,20,SEP25,2003,i
1358618,"Menzies, Zacharie",SUI,M,,,,1725,0,40,SEP25,2008,i
1354221,"Merali, Alim",SUI,M,,,,1615,0,20,SEP25,1984,
1311107,"Mergelkuhl, Dirk",SUI,M,,,,1946,0,20,SEP25,1974,
1342959,"Meshach, Felix",SUI,M,,,,1851,0,20,SEP25,2006,
1350250,"Metille, Natean",SUI,M,,,,1788,0,40,SEP25,2009,
1311115,"Mettler, Marcel",SUI,M,,,,1863,0,20,SEP25,1964,i
1358529,"Meyer, Hermann",SUI,M,,,,1617,0,40,SEP25,2007,
1306626,"Meylan, Pierre",SUI,M,,,,1977,0,20,SEP25,1961,i
1304895,"Michaud, Christian",SUI,M,,,,2053,0,20,SEP25,1971,i
1308726,"Mikavica, Dragoljub",SUI,M,,,,1983,0,20,SEP25,1950,i
1366149,"Milone, Matteo",SUI,M,,,,1768,0,20,SEP25,2001,
1312910,"Milosevic, Gligor",SUI,M,,,,2050,0,20,SEP25,1987,i
1304364,"Milov, Vadim",SUI,M,GM,,,2519,0,10,SEP25,1972,i
1338609,"Minacci, Matteo",SUI,M,,NA,,1575,0,20,SEP25,1979,
1364685,"Miranda, Raphael",SUI,M,,,,1729,0,20,SEP25,2005,
1366785,"Miro Hoppe, Nils",SUI,M,,,,1701,11,40,SEP25,2010,
1341952,"Mittero, Felix",SUI,M,,,,1876,0,20,SEP25,1993,i
1345036,"Moesching, Colin",SUI,M,,,,1745,0,20,SEP25,2002,
1356615,"Mogasale, Chetan",SUI,M,,,,ACM,1674,0,SEP25,2014,
1353110,"Mohammadi, Nosratullah",SUI,M,,,,1605,0,20,SEP25,1993,i
1339427,"Mollia, Louis",SUI,M,,,,1711,0,20,SEP25,2002,i
1303880,"Monnard, Daniel",SUI,M,,,,1705,0,20,SEP25,1954,i
1347560,"Monney, Gonzague",SUI,M,,,,1585,0,20,SEP25,1981,i
1314580,"Monteverde, Jonathan",SUI,M,,,,2079,0,20,SEP25,1992,i
1343602,"Montmasson, Yvan",SUI,M,,,,1651,0,20,SEP25,1967,
1303112,"Moor, Olivier",SUI,M,IM,,,2259,0,10,SEP25,1976,
1302590,"Moor, Roger",SUI,M,IM,,,2377,0,10,SEP25,1976,
1344676,"Moorhead Dimancesco, Nicholas",SUI,M,,,,1701,0,20,SEP25,1998,
1365690,Moreno Enric,SUI,M,,,,1552,0,40,SEP25,2007,
1348299,"Morotti, Elisa",SUI,F,,,,1720,0,20,SEP25,1978,wi
1359231,"Moss, Robin",SUI,M,,,,1516,0,40,SEP25,2013,
1348809,"Mueller, Andrin",SUI,M,,,,1799,0,20,SEP25,1998,i
1347349,"Mueller, Laurence",SUI,M,,,,1572,0,20,SEP25,1995,i
1308114,"Mueller, Philip",SUI,M,,,,1970,0,20,SEP25,1971,i
1308521,"Mueller-Seps, Monika",SUI,F,WGM,WGM,,2198,0,20,SEP25,1986,wi
1306502,"Muelli, Thomas",SUI,M,,,,2044,0,20,SEP25,1968,i
1311425,"Muheim, Sebastian",SUI,M,,,,2144,0,20,SEP25,1992,
1333046,"Mukhles, Aschraf",SUI,M,,,,1840,0,20,SEP25,1991,i
1340271,"Munoz de Leon, David",SUI,M,,,,1608,0,20,SEP25,1983,i
1323792,"Murati, Shkelzen",SUI,M,,,,2000,0,20,SEP25,1982,i
1332082,"Musaelyan, Arshavir",SUI,M,,,,1952,0,20,SEP25,1984,i
1327240,"Mutter, Kevin",SUI,M,,,,1850,0,20,SEP25,1995,i
1308696,"Nabavi, Parwis",SUI,M,,,,2126,0,20,SEP25,0,i
1332910,"Nagaiyanallur, Venkataraman",SUI,M,,,,1782,0,20,SEP25,1973,i
1352679,"Nagannagowda, Sunil",SUI,M,,,,1584,0,20,SEP25,1983,i
4624068,"Nazarenus, Olaf",SUI,M,,NA,,2068,0,20,SEP25,1963,i
1364383,"Nazheskin, Alexey",SUI,M,,,,1509,0,40,SEP25,2009,i
1347250,"Ndeko Kanga, Afonso",SUI,M,,,,1703,0,20,SEP25,1953,i
1348400,"Nechai, Fedor",SUI,M,,,,1629,0,40,SEP25,2009,i
1347144,"Newsome, Max",SUI,M,,,,1766,0,20,SEP25,2005,i
1359843,"Nikolov, Anguel",SUI,M,,,,1667,0,20,SEP25,1993,
1350706,"Noel, Lucien",SUI,M,,,,1678,0,20,SEP25,2001,
1360701,"Nolting, Alexander",SUI,M,,,,1681,0,40,SEP25,2007,i
1317539,"Novalic, Miralem",SUI,M,,,,1980,0,20,SEP25,1966,i
1311433,"Nuri, Kambez",SUI,M,FM,,,2191,0,20,SEP25,1992,i
1334360,"Oehen, Rene",SUI,M,,NA,,1902,0,20,SEP25,1981,i
1326457,"Oestmann, Lukas",SUI,M,,NA,,1754,0,20,SEP25,1998,i
1366599,"Oezguenes, Orhan Bera",SUI,M,,,,1476,0,40,SEP25,2009,
1356232,"Olarte, Stefan",SUI,M,,NA,,1915,0,20,SEP25,1987,
1329561,"Olimpiev, Alexey",SUI,M,,,,1924,10,20,SEP25,1959,
1332180,"Olivier, Jeremy",SUI,M,,,,1829,0,20,SEP25,2000,i
1353098,"Onder, Ibrahim Ahmet",SUI,M,,,,1637,0,20,SEP25,1990,i
1360264,"Orel, Erol",SUI,M,,,,1789,0,20,SEP25,1976,
1328654,"Overney, Alodie",SUI,F,,NA,,1722,0,20,SEP25,2001,wi
1338951,"Paholok, Igor",SUI,M,,,,1707,0,20,SEP25,1982,
1359266,"Palairet, Alexander",SUI,M,,,,1751,0,40,SEP25,2012,i
1305573,"Paleologu, Vladimir",SUI,M,,FI,,2052,9,20,SEP25,1971,
1348973,"Paltani, Timo",SUI,M,,,,1733,0,20,SEP25,2006,
24126608,"Panerai, Ksenia",SUI,F,,NA,,1964,0,20,SEP25,1994,wi
1333739,"Pankow, Krzysztof",SUI,M,,,,1874,0,20,SEP25,1990,i
1313266,"Pantillon, Patrick Andre",SUI,M,,,,1849,0,20,SEP25,1963,i
1340867,"Papaux, Jeremie",SUI,M,,,,1753,0,40,SEP25,2009,i
1337602,"Papaux, Steve",SUI,M,,,,2050,0,20,SEP25,2006,
1351710,"Paquette, Mateo",SUI,M,,,,1702,0,40,SEP25,2014,i
1338625,"Parlak, Selahattin",SUI,M,,,,1807,0,20,SEP25,1974,
1347217,"Parmelin, Evan",SUI,M,,,,1725,0,40,SEP25,2008,i
1357603,"Parshikov, Tikhon",SUI,M,,,,1929,0,20,SEP25,1999,i
1304240,"Patuzzo, Fabrizio",SUI,M,FM,,,2192,0,20,SEP25,1977,
1368516,"Paul, Mirco",SUI,M,,,,1648,0,20,SEP25,1997,
1354205,"Pavitt, Rafael",SUI,M,,,,1740,0,20,SEP25,1994,i
1354639,"Paykov Vesselova, Aurore",SUI,F,,,,1406,0,40,SEP25,2010,w
1317067,"Pedrini, Pier Paolo",SUI,M,,,,2061,0,20,SEP25,1962,i
1351842,"Peeters, Nino",SUI,M,,,,1532,0,40,SEP25,2009,
1354094,"Pellegrini, Noah",SUI,M,,,,1967,0,40,SEP25,2010,
1332341,"Pellicoro, Fabian",SUI,M,,,,1902,0,20,SEP25,2003,i
1332350,"Pellicoro, Nathalie",SUI,F,,,,1981,0,20,SEP25,2001,wi
14112620,"Peng, Li Min",SUI,M,GM,,,2432,0,10,SEP25,1997,i
1318829,"Pepke, Armin",SUI,M,,,,2026,0,20,SEP25,1957,i
1333070,"Perazic, Muharem",SUI,M,,,,1675,0,20,SEP25,1953,
1271038,"Perman, Sergey",SUI,M,,,,2150,0,20,SEP25,1967,
1342126,"Perret, Nola",SUI,F,,,,1725,0,20,SEP25,2004,wi
1303643,"Perruchoud, Benoit",SUI,M,,,,2024,0,20,SEP25,1966,i
1337629,"Peter, Yul",SUI,M,,,,1714,0,20,SEP25,2005,i
1346741,"Pfaltz, Maximilian",SUI,M,,,,1899,0,40,SEP25,2011,
1358065,"Pfaltz, Niklas",SUI,M,,,,1532,0,40,SEP25,2013,
1359274,"Phung, Felix",SUI,M,,,,1882,0,40,SEP25,2013,
1313800,"Pinchetti, Andrea",SUI,M,,,,1958,0,20,SEP25,1981,
1348710,"Pinelli, Gian",SUI,M,,,,1770,0,40,SEP25,2011,
1306049,"Piona, Marco",SUI,M,,,,1903,0,20,SEP25,1963,i
1357093,"Pisciotta, Lucas M.",SUI,M,,,,1515,0,20,SEP25,1992,
1305999,"Pleininger, Rudolf",SUI,M,,,,1805,0,20,SEP25,1959,
1356429,"Podleisek, Lily Anna",SUI,F,,,,1549,0,40,SEP25,2014,w
1338200,"Poell, Joerg",SUI,M,,,,1788,0,20,SEP25,1972,i
24673579,"Pogan, Nikolas",SUI,M,FM,,,2159,0,20,SEP25,1991,
1360949,"Pohl, Stefan",SUI,M,,,,1567,0,20,SEP25,1987,i
1320831,"Pomini, Aurelien",SUI,M,FM,,,2114,0,20,SEP25,1997,i
34127542,"Popko, Anton",SUI,M,,,,1650,0,40,SEP25,2007,i
1366424,"Porreca, Alessio",SUI,M,,,,1840,0,20,SEP25,2002,
1303490,"Portmann, Daniel",SUI,M,,,,1998,0,20,SEP25,1971,
1630377,"Potterat, Aaron",SUI,M,,,,1785,0,20,SEP25,2003,i
1301071,"Potterat, Marc",SUI,M,,,,2045,0,20,SEP25,1970,i
1300342,"Preissmann, Emmanuel",SUI,M,FM,,,2251,0,20,SEP25,1950,i
1321633,"Priamo, Pierre-Andre",SUI,M,,,,1871,0,20,SEP25,1946,i
1337637,"Python, Noe",SUI,M,,,,1908,0,20,SEP25,2004,
1366556,"Qiu, Yuchen",SUI,M,,,,1625,0,40,SEP25,2013,
1312510,"Racloz, Michel",SUI,M,,,,2028,0,20,SEP25,1969,i
1313630,"Radt, Volker",SUI,M,,,,1978,0,20,SEP25,1972,i
1302108,"Raeber, Markus",SUI,M,,NA,,2172,0,20,SEP25,1970,i
1374028,"Ragavan, Karthik",SUI,M,,,,1491,0,20,SEP25,1979,
1364839,"Ragazzi, Gianluca",SUI,M,,,,1747,0,20,SEP25,2004,
1346598,"Ragheb, Kaemel",SUI,M,,,,1744,0,20,SEP25,1997,
1355783,"Ram, Karthik",SUI,M,,,,1620,0,40,SEP25,2013,i
1305875,"Ramseier, Juerg",SUI,M,,,,2010,0,20,SEP25,1961,
1326465,"Ramseyer, Nicola",SUI,M,,,,1971,0,20,SEP25,2003,i
1340069,"Rappazzo, Johannes",SUI,M,FM,,,2032,16,40,SEP25,2008,
1347110,"Rappazzo, Pierre",SUI,M,,,,1540,0,20,SEP25,1965,
1304941,"Rasovic, Dragan",SUI,M,,,,2136,0,20,SEP25,1959,i
1309269,"Reist, Daniel",SUI,M,,,,2070,0,20,SEP25,1968,i
1365002,"Rennhard, Sian",SUI,M,,,,1638,0,20,SEP25,2003,
1370847,"Rentsch, Amar Elias",SUI,M,,,,1419,0,40,SEP25,2013,
1348876,"Rexhepi, Bashkim",SUI,M,,,,1743,0,20,SEP25,1982,i
1304968,"Rexhepi, Halit",SUI,M,,,,2015,0,20,SEP25,1965,i
1348647,"Rexhepi, Ledion",SUI,M,,,,1661,0,40,SEP25,2007,i
1325612,"Reymond, Marc",SUI,M,,,,1893,0,20,SEP25,1969,
1314300,"Richard, Jean-Paul",SUI,M,,,,1882,0,20,SEP25,1962,i
1320300,"Rieck, Juergen",SUI,M,,,,1907,0,20,SEP25,1976,
1359894,"Righetti, Leon",SUI,M,,,,1574,0,40,SEP25,2012,
1311239,"Rincon, Jose-Maria",SUI,M,,,,1940,0,20,SEP25,1979,
1332678,"Rindlisbacher, Christian",SUI,M,,,,1972,0,20,SEP25,1968,i
1311549,"Rindlisbacher, Ernst",SUI,M,,,,1914,0,20,SEP25,1960,i
1304160,"Rindlisbacher, Jan",SUI,M,,,,2127,0,20,SEP25,1994,i
1304178,"Rindlisbacher, Lars",SUI,M,FM,,,2305,0,20,SEP25,1996,i
1308858,"Risch, Paul",SUI,M,,,,1920,0,20,SEP25,1972,i
1305093,"Rivaud, Christophe",SUI,M,,,,1845,0,20,SEP25,1961,
1342630,"Robichon, Fabien",SUI,M,,,,1804,0,20,SEP25,1975,i
1320556,"Roesler, Linus",SUI,M,,NA,,1891,0,20,SEP25,1997,i
1323016,"Rohde, Bernhard",SUI,M,,,,1845,0,20,SEP25,1956,i
1315641,"Rohner, Benjamin",SUI,M,,,,1881,0,20,SEP25,1992,i
1315650,"Rohner, Cedric",SUI,M,,,,1860,0,20,SEP25,1993,i
1326546,"Rohrer, Christophe",SUI,M,FM,,,2282,0,20,SEP25,1999,i
1348957,"Romand-Monner, Gabriel",SUI,M,,,,1530,0,40,SEP25,2007,i
1356267,"Rosen, Noah",SUI,M,,,,1711,0,20,SEP25,1995,i
653080459,"Rosset, Ruben",SUI,M,,,,1519,0,40,SEP25,2017,i
1361104,"Rossi, Jonas",SUI,M,,,,1819,0,20,SEP25,2004,
1363727,"Rossi, Patrick",SUI,M,,,,1584,0,20,SEP25,1974,
1333917,"Roth, Daniel",SUI,M,,,,1862,0,20,SEP25,1963,i
1313649,"Roth, Johannes",SUI,M,,,,1894,0,20,SEP25,1956,i
1338528,"Rotunno, Flavio",SUI,M,,,,1957,0,40,SEP25,2007,i
1350145,"Rouiller, Leonard",SUI,M,,,,1691,0,20,SEP25,1994,i
1339320,"Rudnev, Alexander",SUI,M,,,,1737,0,20,SEP25,1981,i
1313819,"Ruiz, Jose",SUI,M,,,,2000,0,20,SEP25,1957,i
1331604,"Rusconi, Benito",SUI,M,,,,1974,0,20,SEP25,1999,i
1321692,"Rutten, Jens",SUI,M,,,,1958,0,20,SEP25,1979,i
1304712,"Sadeghi, Hassan Roger",SUI,M,CM,,,2160,0,20,SEP25,1958,i
1342053,"Sadeghi, Purya",SUI,M,,,,1914,0,20,SEP25,1996,i
1354973,"Sadeh, David",SUI,M,,,,1452,0,40,SEP25,2017,
1305018,"Saesseli, David",SUI,M,,,,1728,0,20,SEP25,1968,i
1333356,"Saeuberli, Guy",SUI,M,,,,1606,0,20,SEP25,1965,
1356119,"Sahraei, Pedram",SUI,M,,,,1765,0,20,SEP25,1980,i
1317776,"Saikrishnan, Sai",SUI,M,,,,1959,0,20,SEP25,1995,i
1315714,"Salzer, Robert",SUI,M,,,,1902,0,20,SEP25,1983,i
1345370,"Saminskij, David",SUI,M,,,,1786,0,40,SEP25,2007,i
1353101,"Sancenot, Thomas",SUI,M,,,,1734,0,20,SEP25,2004,i
1352237,"Saranbaatar, Telmen",SUI,M,,,,1580,0,40,SEP25,2011,i
1354434,"Sastre Torrens, Maria Magdalena",SUI,F,,,,1491,0,20,SEP25,1995,w
1364669,"Saurer, Romain",SUI,M,,,,1755,0,20,SEP25,1991,i
1301888,"Sauvin, Jacques",SUI,M,,,,2074,0,20,SEP25,1963,i
1362097,"Schaefer, Gion",SUI,M,,,,1764,0,40,SEP25,2007,i
1308866,"Schaerer, Hanspeter",SUI,M,,,,2144,0,20,SEP25,1958,i
1348663,"Schafft, Lorenz",SUI,M,,,,1501,0,40,SEP25,2009,i
1348507,"Schaumberger, Lilly",SUI,F,,,,1521,8,40,SEP25,2007,w
1346229,"Schellenberg, Pascal",SUI,M,,,,1866,0,40,SEP25,2010,i
1345362,"Schellenberg, Simon",SUI,M,,,,2016,18,40,SEP25,2007,
1364421,"Scherrer, Stephane",SUI,M,,,,1577,0,20,SEP25,1983,
1365770,Scheu Rene,SUI,M,,,,1783,0,20,SEP25,1974,
1309889,"Schiendorfer, Emanuel",SUI,M,FM,,,2233,0,20,SEP25,1990,i
1312960,"Schiendorfer, Florian",SUI,M,,,,2123,0,20,SEP25,1990,i
1334956,"Schlegel, Igor",SUI,M,FM,,,2204,0,20,SEP25,2005,i
1355112,Schmid Michael,SUI,M,,,,1511,0,20,SEP25,2003,
1302957,"Schmid, Martin",SUI,M,,,,1991,0,20,SEP25,1971,
1315730,"Schmid, Pablo",SUI,M,,,,1992,0,20,SEP25,1984,
1305107,"Schmid, Sandro",SUI,M,FM,,,2210,0,20,SEP25,1972,i
1323954,"Schmidig, Jean-Claude",SUI,M,,,,1835,0,20,SEP25,1963,
1332708,"Schmidt, Thomas",SUI,M,,,,1819,0,20,SEP25,1964,i
1361791,"Schmidts, Fabian",SUI,M,,,,1631,0,20,SEP25,1992,i
1335804,"Schmied, Stefan",SUI,M,,,,1801,0,20,SEP25,1976,i
1317121,"Schmuki, Roman",SUI,M,,,,1999,0,20,SEP25,1953,i
1361279,"Schneggenburger, Miguel",SUI,M,,,,1730,0,20,SEP25,1999,
1312537,"Schnelli, Roman",SUI,M,,,,1979,0,20,SEP25,1978,i
1335677,"Schoenbaechler, Anselm",SUI,M,,,,1908,0,20,SEP25,2001,
1359606,"Schorno, Wim",SUI,M,,,,1675,0,20,SEP25,2006,i
1328727,"Schwander, Lukas",SUI,M,,,,2141,0,20,SEP25,1998,i
1322613,"Schweighoffer, Martin",SUI,M,,,,2114,0,20,SEP25,1999,i
1315781,"Schweizer, Ulrich",SUI,M,,,,1777,0,20,SEP25,1941,i
1348795,"Schwendener, Dylan",SUI,M,,,,1698,0,20,SEP25,1998,i
1312227,"Seiler, Michael",SUI,M,,,,1966,0,20,SEP25,1982,i
1313673,"Seitz, Benjamin",SUI,M,,,,2231,0,20,SEP25,1993,i
1364464,"Selig, Daniel",SUI,M,,,,1557,0,20,SEP25,1988,
14946084,"Selinga, Jan",SUI,M,,,,1939,0,20,SEP25,2000,i
1363743,"Semadeni, Mario",SUI,M,,,,1530,0,20,SEP25,1985,
1364880,"Semadeni, Ruben",SUI,M,,,,1751,0,20,SEP25,1981,i
605832,"Sermier, Guillaume",SUI,M,IM,,,2398,0,20,SEP25,1978,i
1352466,"Settegrana, Miro",SUI,M,,,,1708,0,40,SEP25,2007,i
1303635,"Seybold, Bernhard",SUI,M,,,,2021,0,20,SEP25,1969,
1349392,"Shahmammadli, Ramiz",SUI,M,,,,1439,18,40,SEP25,2016,
1347284,"Shahmammadli, Safkhan",SUI,M,,,,1960,0,20,SEP25,1976,
2828278,"Shatil, Shir",SUI,M,CM,,,1973,0,40,SEP25,2007,i
1360183,"Shumilov, Ruslan",SUI,M,,,,1826,0,20,SEP25,1990,
1329758,"Sidler, Samuel",SUI,M,,,,1888,0,20,SEP25,1962,i
1359029,"Siegel, Felix",SUI,M,,,,1577,0,40,SEP25,2011,
1332724,"Siegenthaler, Ivo",SUI,M,,,,ACM,1695,0,SEP25,1983,i
1342380,"Siems, Keanu",SUI,M,,,,1827,0,20,SEP25,2006,i
1342398,"Siems, Malia",SUI,F,,,,1462,0,20,SEP25,2006,wi
1354370,"Silke Balerna, Pietro",SUI,M,,,,1704,0,20,SEP25,2000,
1337688,"Simona, Mathieu",SUI,M,,,,1820,0,20,SEP25,1979,i
1301322,"Skouvaklis, Alexis",SUI,M,,,,2205,0,20,SEP25,1995,i
1360663,"Sokol, Dennis",SUI,M,,,,1489,0,40,SEP25,2008,
1322222,"Solari, Matteo",SUI,M,,,,1809,0,20,SEP25,1995,i
1345168,"Solomir, Yanick",SUI,M,,,,1646,0,20,SEP25,2004,i
1307762,"Sommerhalder, Eric",SUI,M,,,,2090,0,20,SEP25,1994,i
1350056,"Sosa Nesper, Marcos Ivan",SUI,M,,,,1701,0,20,SEP25,1985,
1353039,"Sosnovskyi, Yaroslav",SUI,M,,,,1744,0,20,SEP25,1982,
1306731,"Souiller, Frank",SUI,M,,,,1934,0,20,SEP25,1977,i
1357840,"Spada, Yunfan",SUI,M,,,,1771,0,40,SEP25,2008,
1312871,"Sperzel, Bernd",SUI,M,,,,1914,0,20,SEP25,1964,i
1361856,"Spichty, Martin",SUI,M,,,,1827,0,20,SEP25,1971,i
1352245,"Spinella, Giandomenico",SUI,M,,,,1585,0,20,SEP25,1962,
1313690,"Sprenger, Manuel",SUI,M,,,,2054,0,20,SEP25,1988,i
1332732,"Spring, Markus",SUI,M,,,,1836,0,20,SEP25,1962,i
1340263,"Spycher, David",SUI,M,,,,1732,0,20,SEP25,1957,i
1342665,"Srinivasan, Sriniketh",SUI,M,,,,1745,0,20,SEP25,1990,i
1331256,"Stadler, Rudolf",SUI,M,,,,1897,0,20,SEP25,1951,i
1348787,"Staeuble, Florian",SUI,M,,,,1828,0,20,SEP25,2002,i
1308092,"Stankovic, Zeljko",SUI,M,,,,2150,0,20,SEP25,1977,i
1347012,"Stark, Jeremias",SUI,M,,,,1667,0,40,SEP25,2009,i
1332740,"Starke, Andrik",SUI,M,,,,1779,0,20,SEP25,1968,i
1308777,"Steenhuis, Jan",SUI,M,,,,2032,0,20,SEP25,1972,i
1361090,"Steensma, Tom",SUI,M,,,,1643,0,40,SEP25,2008,
1303538,"Steenvoorden, Dimitri",SUI,M,,,,1993,0,20,SEP25,1969,i
1342517,"Stehelin, Philippe",SUI,M,,,,1608,0,20,SEP25,2001,i
1362011,"Steidle, Alexander Dimitri",SUI,M,,,,1653,0,20,SEP25,1946,i
1348892,"Steiger, Rainer",SUI,M,,,,1710,0,20,SEP25,1959,i
1302094,"Steiner, Mario",SUI,M,,,,1764,0,20,SEP25,1994,
1360973,"Steiner, Remo",SUI,M,,,,1660,0,20,SEP25,1991,i
1346067,"Steinfeld, Elia",SUI,M,,,,1750,0,20,SEP25,2003,i
1348531,"Stemmler, Amaryllis",SUI,F,,,,1423,0,40,SEP25,2008,wi
1336843,"Stengele,Roland",SUI,M,,,,1749,0,20,SEP25,1959,i
1343815,"Stepanians, Markus",SUI,M,,,,1781,0,20,SEP25,1959,i
1321757,"Stephanus, Olivier",SUI,M,,,,1965,0,20,SEP25,1963,i
1353217,"Stettler, Oliver",SUI,M,,,,1760,0,20,SEP25,1994,i
1337696,"Stierli, Jean-Paul",SUI,M,,,,1600,0,20,SEP25,1966,
1302744,"Stiffler, Jean-marc",SUI,M,,,,1707,0,20,SEP25,1952,i
1331124,"Stijve, Niels",SUI,M,,,,1992,0,20,SEP25,2005,
1331132,"Stijve, Theo",SUI,M,IM,,,2214,0,20,SEP25,2001,
1304313,"Stoeri, Laura",SUI,F,WFM,WFM,,2002,0,20,SEP25,1996,w
1315862,"Stoeri, Simon",SUI,M,FM,,,2174,0,20,SEP25,1994,i
1304003,"Strauss, Juergen",SUI,M,,,,2024,0,20,SEP25,1965,i
1366432,"Strebel, Beda",SUI,M,,,,1860,0,40,SEP25,2011,
1359037,"Stremsdoerfer, Eloise",SUI,F,,,,1574,11,40,SEP25,2011,w
1320610,"Stucki, Matthias",SUI,M,,,,1819,0,20,SEP25,1959,i
1319620,"Studer, Noel",SUI,M,GM,,,2455,0,10,SEP25,1996,i
1354078,"Sturm, Valery",SUI,M,,,,1786,0,20,SEP25,2006,i
1358634,"Sturzenegger, Eric",SUI,M,,,,1734,0,20,SEP25,2000,i
1331183,"Sulser, Nino",SUI,M,,,,1739,0,20,SEP25,1998,i
1352610,"Sunilkumar, Prathyush",SUI,M,,,,1762,0,40,SEP25,2012,i
1337670,"Surikov, George",SUI,M,,,,1644,0,40,SEP25,2008,i
1334000,"Suter, Ramon",SUI,M,,NA,,1834,0,20,SEP25,1982,i
1347721,"Sutter, Julian",SUI,M,,,,1841,0,40,SEP25,2011,i
1300474,"Sutter, Oliver",SUI,M,FM,FI,,2207,0,20,SEP25,1970,i
1330128,"Sutter, Samuel",SUI,M,,,,1787,0,20,SEP25,1970,i
1357018,"Szakolczai, Adam",SUI,M,,,,1559,9,40,SEP25,2013,
705624,"Szakolczai, Peter",SUI,M,FM,,,2148,13,20,SEP25,1973,
1344021,"Tahedl, Milo",SUI,M,,NA,,1721,0,40,SEP25,2008,i
1330799,"Tamrazyan, Gohar",SUI,F,,,,1884,0,20,SEP25,2004,wi
1363441,"Tapernoux, Silas",SUI,M,,,,1696,0,20,SEP25,2006,
1306014,"Tcheau, Alain",SUI,M,,,,1776,0,20,SEP25,1969,
1347330,"Tedone, Francesco",SUI,M,,NA,,1772,0,20,SEP25,1998,i
1301810,"Terraz, Christian",SUI,M,,,,2061,0,20,SEP25,1966,i
1310062,"Terrizzi, Salvatore",SUI,M,,,,1654,0,20,SEP25,1967,i
1326929,"Theiler, Franz",SUI,M,,,,1881,0,20,SEP25,1961,i
1342088,"Thillaivasan, Alexander",SUI,M,,,,1644,0,40,SEP25,2009,i
1342096,"Thillaivasan, Nicholas",SUI,M,,,,1558,0,40,SEP25,2007,i
1360159,"Thiran, Noe",SUI,M,,,,1801,0,20,SEP25,2003,
1360981,"Thoeny, Linda",SUI,F,,,,1787,0,20,SEP25,1961,w
1306758,"Thompson, Charles-William",SUI,M,,,,1534,0,20,SEP25,1960,i
1364375,"Thorens, Johan",SUI,M,,,,1560,0,40,SEP25,2007,
1302116,"Thuner, Stefan",SUI,M,,,,1972,0,20,SEP25,1976,i
1310895,"Tikvic, Nikola",SUI,M,,,,1991,0,20,SEP25,1964,i
1339303,"Tinguely, Frederic",SUI,M,,,,1837,0,20,SEP25,1968,i
34161589,"Tkhoruk, Roman",SUI,M,,,,1976,0,40,SEP25,2012,
1344498,"Todorovic, Dejan",SUI,M,,,,1829,0,20,SEP25,1979,i
1342134,"Toellner, Alex",SUI,M,,,,1831,0,40,SEP25,2008,i
1368613,"Tok, Hueseyin",SUI,M,,,,1615,0,20,SEP25,2002,
14176726,"Toktomushev, Teimur",SUI,M,IM,,,2336,9,20,SEP25,2009,
1353934,"Tolic, Vinko",SUI,M,,,,1728,0,20,SEP25,1990,i
1335057,"Toth, Anatol",SUI,M,,,,1939,0,20,SEP25,2003,i
42155126,"Toumpakaris, Grigorios Emmanouil",SUI,M,,,,1556,0,40,SEP25,2015,
1310631,"Trang, Jean-Pierre",SUI,M,,,,2094,0,20,SEP25,1989,i
1335030,"Troesch, Alexander",SUI,M,,,,1745,0,20,SEP25,2003,i
1332775,"Troller, Werner",SUI,M,,,,1689,0,20,SEP25,1945,i
1347799,"Trubini, Timon",SUI,M,,,,1787,0,40,SEP25,2009,
1342681,"Tschendel, Roland",SUI,M,,,,1766,0,20,SEP25,1959,
1336770,"Tschopp,Olivier",SUI,M,,,,1928,0,20,SEP25,2005,i
1321072,"Tschurr, Christof",SUI,M,,,,1901,0,20,SEP25,1954,i
1332147,"Tuor, Elena",SUI,F,,,,1701,0,20,SEP25,1947,wi
1358170,"Udech, Timon",SUI,M,,,,1689,0,40,SEP25,2013,
134178753,"Udipi, Kala Kishan",SUI,M,,,,AIM,1930,0,SEP25,2010,i
1302736,"Uhlmann, Felix",SUI,M,,,,2173,0,20,SEP25,1969,i
1316770,"Ulmann, Olivier",SUI,M,,,,1843,0,20,SEP25,1988,i
1348515,"Upadhyaya, Aamod",SUI,M,,,,1704,0,40,SEP25,2009,i
1325957,"Urwyler, Nikash",SUI,M,,NA,,1958,0,20,SEP25,2002,i
1329391,"Uso I Cubertorer, Lluis",SUI,M,,,,1849,0,20,SEP25,1991,
14109778,"Ustianovich, Nazar",SUI,M,FM,,,2319,0,20,SEP25,1983,i
1348914,"Vadi, Maxim",SUI,M,,,,1850,0,20,SEP25,2005,
1351362,"Vaerini, Simone",SUI,M,,,,1643,0,20,SEP25,1983,i
1368524,"Valsecchi, Luca",SUI,M,,,,1846,0,20,SEP25,2003,
1342142,"Van Aepelen, Nikolai",SUI,M,,,,AFM,1858,0,SEP25,2010,i
1313401,"Van Boltaringen, Erwin",SUI,M,,,,1954,0,20,SEP25,1966,i
1366548,"Vanenkov, Andrey",SUI,M,,,,1704,0,20,SEP25,1991,
1348302,"Vannutelli, Federico",SUI,M,,,,1676,0,20,SEP25,2005,i
1344773,"Varela Tavares, Goncalo",SUI,M,,,,1856,0,20,SEP25,2004,
1311573,"Vasey, Sebastien",SUI,M,,,,1934,0,20,SEP25,1990,
1314238,"Vasic, Slavoljub",SUI,M,,,,1938,0,20,SEP25,1959,i
1370855,"Vergelin Soler, Gabriel",SUI,M,,SI,,1674,0,20,SEP25,1994,
633046,"Vernay, Clovis",SUI,M,GM,"SI,FA",,2468,0,10,SEP25,1989,i
1301799,"Vianin, Pascal",SUI,M,,,,2160,0,20,SEP25,1965,i
1319060,"Vilagos, Nandor",SUI,M,,,,2069,0,20,SEP25,1961,i
1364901,"Vilain, Charles",SUI,M,,,,1498,0,20,SEP25,1985,
1310240,"Vilaseca, Laurent",SUI,M,,,,2100,0,20,SEP25,1981,
1340891,"Villiger, Jan",SUI,M,,NA,,1750,0,20,SEP25,2000,i
1346725,"Vinayagamoorthy, Apiram",SUI,M,,,,1773,0,20,SEP25,2004,i
1337122,"Vogelsanger,Nicolas",SUI,M,,,,1668,0,40,SEP25,2008,i
1305344,"Vogliqi, Rrahim",SUI,M,,,,1897,0,20,SEP25,0,i
1336541,"Vogt, Maeva",SUI,F,,,,1747,0,20,SEP25,2002,wi
1352458,"von Burg, Carl Alexander",SUI,M,,,,1800,0,20,SEP25,2000,i
1353888,"Von Kistowski, Fynn",SUI,M,,,,1727,0,20,SEP25,1991,i
1352636,"von Moos, Brian",SUI,M,,,,1692,0,20,SEP25,1996,i
1349244,"Voronov, Victor",SUI,M,,,,1476,0,40,SEP25,2013,i
1343050,"Vrkljan, Petar",SUI,M,,,,1731,0,20,SEP25,1935,i
1300393,"Vucenovic, Dragomir",SUI,M,FM,,,2129,0,20,SEP25,1941,i
1305662,"Vuilleumier, Alexandre",SUI,M,IM,,,2203,0,20,SEP25,1982,
1339044,"Vulliez, Ivan",SUI,M,,,,1747,0,40,SEP25,2008,i
1358820,"Wachholz, Dario",SUI,M,,,,1642,0,20,SEP25,1986,i
1326244,"Wachter, Thomas",SUI,M,,,,1741,0,20,SEP25,1977,i
1303996,"Waelti, Thomas",SUI,M,,,,1940,0,20,SEP25,1965,i
1317261,"Wagner, Peter",SUI,M,,,,1765,0,20,SEP25,1958,i
1309986,"Wahl, Peter",SUI,M,,,,1854,0,20,SEP25,1957,i
1340743,"Walker, Dacian",SUI,M,,,,1689,0,20,SEP25,2005,i
1354701,"Walo, Max",SUI,M,,,,1683,0,20,SEP25,1995,i
1301942,"Walti, Rolf",SUI,M,,,,2002,0,20,SEP25,1954,
1314130,"Wanner, Stefan",SUI,M,,,,1966,0,20,SEP25,1968,i
1336789,"Waser,Timon",SUI,M,,,,1615,0,20,SEP25,2006,i
1344927,"Wasserfallen, Benedict",SUI,M,,,,1882,0,20,SEP25,1999,i
1333364,"Wehrli, Tobias",SUI,M,,,,1885,0,20,SEP25,1983,
1312685,"Wenger, George",SUI,M,,,,1851,0,20,SEP25,1962,i
1364340,"Werthmueller, Alex",SUI,M,,,,1801,0,20,SEP25,1990,
1317202,"Wespi, Andre",SUI,M,,,,1891,0,20,SEP25,1969,i
1347578,"Wicht, Denis",SUI,M,,,,1692,0,20,SEP25,1954,i
1319124,"Wiesinger, Martin",SUI,M,,,,1934,0,20,SEP25,1965,i
1308262,"Wiesmann, Dominique",SUI,M,,,,1912,0,20,SEP25,1966,i
1319132,"Wigger, Michael",SUI,M,,,,AIM,1914,0,SEP25,1968,
1320041,"Wild, Beat",SUI,M,,,,1633,0,20,SEP25,1953,
1347039,"Wilhelm, Marco",SUI,M,,,,1685,0,40,SEP25,2013,
1305808,"Wilhelm, Serge",SUI,M,,,,1913,0,20,SEP25,1978,
1355295,"Willi, Patrik",SUI,M,,,,2067,0,20,SEP25,1995,
1308971,"Winkler, Michael",SUI,M,,,,1819,0,20,SEP25,1958,i
1308548,"Wirz, Heinz",SUI,M,,,,2074,0,20,SEP25,1959,i
1364120,"Woehrle, Christian",SUI,M,,,,1861,0,20,SEP25,1967,
1300881,"Wueest, Andrin",SUI,M,CM,,,2206,0,20,SEP25,1958,i
1312570,"Wuest, Andreas",SUI,M,,,,1797,0,20,SEP25,1957,i
1314327,"Wuethrich, Lorenz",SUI,M,,,,2091,0,20,SEP25,1978,i
1326996,"Wunderlin, Thomas",SUI,M,,,,1806,0,20,SEP25,1959,i
1311387,"Wyss, Jonas",SUI,M,FM,NA,,2029,0,20,SEP25,1987,
1310267,"Wyss, Peter",SUI,M,,,,1849,0,20,SEP25,1954,
25849166,"Zafeiridis, Athanasios",SUI,M,,,,AFM,1828,0,SEP25,2007,i
1337025,"Zani,Davide",SUI,M,,,,1938,0,20,SEP25,2003,i
1342410,"Zargarov, Mikayel",SUI,M,,,,1945,0,40,SEP25,2007,i
1301357,"Zarri, Florian",SUI,M,,FA,,2115,0,20,SEP25,1993,i
1319590,"Zarri, Philippe",SUI,M,,,,1548,0,20,SEP25,1962,
1307452,"Zaugg, Beat",SUI,M,,,,1868,0,20,SEP25,1960,
1339451,"Zecirovic, Giacomo",SUI,M,,NA,,1908,0,20,SEP25,2003,
1360574,"Zhang, Jingheng Andy",SUI,M,,,,1645,0,40,SEP25,2013,i
1339893,"Zhuang, Yongzhe",SUI,F,,,,1907,0,20,SEP25,2005,wi
1355546,"Zimmermann, Joshua",SUI,M,,,,1807,0,20,SEP25,1988,i
1308009,"Zimmermann, Peter",SUI,M,,,,2189,0,20,SEP25,1972,i
1321790,"Zink, Daniel",SUI,M,,,,1912,0,20,SEP25,1960,i
1338358,"Zoder, Roland",SUI,M,,,,1873,0,20,SEP25,1972,i
1321803,"Zoller, Markus",SUI,M,,,,1896,0,20,SEP25,1974,i
1316060,"Zoller, Patrik",SUI,M,,,,1795,0,20,SEP25,1962,i
1309579,"Zollinger, Stefan",SUI,M,,,,2154,0,20,SEP25,1985,i
1319175,"Zorko, Branko",SUI,M,,,,1831,0,20,SEP25,1952,
1363549,"Zorman, Sylvain",SUI,M,,,,1495,0,20,SEP25,1982,
1360671,"Zubyk, Ruslan",SUI,M,,,,1513,0,40,SEP25,2012,
1373803,"Zuercher, Flynn",SUI,M,,,,1501,0,40,SEP25,2010,
1364146,"Zumbrunn, Simon",SUI,M,,,,1808,0,40,SEP25,2009,
1332252,"Zweifel, Richard",SUI,M,CM,,,2135,0,20,SEP25,1973,i