ID Number,Name,Fed,Sex,Title,WTit,OTit,Rating,Gms,K,RatingMonth,B-day,Flag
12348651,"Acharya, Abishek",NEP,M,,,,1454,0,40,AUG25,2007,
12352160,"Acharya, Agrata",NEP,F,,,,1529,6,40,AUG25,2016,w
12313564,"Acharya, Amrit",NEP,M,,,,1696,0,40,AUG25,1979,i
12352179,"Acharya, Amulya",NEP,M,,,,1656,0,40,AUG25,1987,
12307750,"Acharya, Gehendra",NEP,M,,,,1639,0,40,AUG25,1985,i
12314943,"Acharya, Roshan",NEP,M,,,,1453,0,40,AUG25,2004,i
12316148,"Acharya, Sabin",NEP,M,,,,1794,0,40,AUG25,1994,i
12351555,"Acharya, Samir",NEP,M,,,,1640,0,40,AUG25,2000,i
12337501,"Acharya, Samir",NEP,M,,,,1635,0,40,AUG25,2002,
12307769,"Acharya, Sesh Nath",NEP,M,,,,1663,0,40,AUG25,1972,i
12318027,"Acharya, Sushan",NEP,M,,,,1829,0,20,AUG25,2001,
12365890,"Achyarya, Homnath",NEP,M,,,,1622,0,40,AUG25,2005,
12301329,"Adhikari, Ashmita",NEP,F,,,,1761,0,20,AUG25,1994,wi
12319732,"Adhikari, Bishesh",NEP,M,,,,1666,0,40,AUG25,2002,i
12300756,"Adhikari, Chandra Mohan",NEP,M,,,,1824,0,40,AUG25,1962,i
12355496,"Adhikari, Elbik",NEP,M,,,,1525,0,40,AUG25,2015,
12316385,"Adhikari, Krish",NEP,M,,,,1649,6,20,AUG25,2006,
12315583,"Adhikari, Kritisara",NEP,F,,NA,,1701,6,20,AUG25,2003,w
12309168,"Adhikari, Maheswor",NEP,M,,,,1762,0,20,AUG25,1979,i
12300160,"Adhikari, Ramesh",NEP,M,,,,1928,0,20,AUG25,1986,i
12314323,"Adhikari, Shambhu Prasad",NEP,M,,,,1777,0,40,AUG25,1970,i
12314552,"Adil, Mohammad Adnan",NEP,M,,,,1810,0,20,AUG25,2002,i
5004870,"Agrawal, Sitaram",NEP,M,,,,1758,0,20,AUG25,1945,i
12316814,"Al Saiyad, Mahamad Janil",NEP,M,,,,1663,0,20,AUG25,2004,i
12324558,"Alam, Amajad",NEP,M,,,,1627,0,40,AUG25,1958,
12308013,"Ale, Som",NEP,M,,,,1735,0,40,AUG25,0,
12307777,"Ali, Faisal",NEP,M,,,,1810,0,40,AUG25,1998,i
12301523,"Ali, Iliyas",NEP,M,,,,1741,0,40,AUG25,1976,
12305685,"Amatya, Bipin",NEP,M,,,,1806,0,20,AUG25,1968,i
12310743,"Amatya, Pramit",NEP,M,,,,1813,0,20,AUG25,2003,i
12354627,"Angdembe, Debi Chandra",NEP,M,,,,1572,0,40,AUG25,1981,
12311863,"Angdembe, Khagendra Kumar",NEP,M,,,,1841,0,20,AUG25,1984,
12310484,"Ansari, Lalan",NEP,M,,,,1593,0,40,AUG25,1963,i
12315699,"Ansari, Sameer",NEP,M,,,,1668,0,40,AUG25,2003,i
12352748,"Aryal, Arnav",NEP,M,,,,AIM,1442,4,AUG25,2014,
12332020,"Aryal, Madan",NEP,M,,,,1718,0,40,AUG25,1991,i
12336297,"Aryal, Utsav",NEP,M,,,,1709,0,40,AUG25,2001,i
12353906,"Atal, Tejash",NEP,M,,,,1574,0,40,AUG25,2008,i
12303003,"Awal, Ganesh",NEP,M,,,,1875,0,20,AUG25,1971,i
12304484,"Awale, Chirikaji",NEP,M,,,,1949,0,40,AUG25,1974,i
12341444,"Awale, Purna Narayan",NEP,M,,,,1790,8,40,AUG25,1987,
12302929,"Awale, Raj Man",NEP,M,,,,AIM,1789,0,AUG25,1987,i
12338117,"Awale, Surya Narayan",NEP,M,,,,1703,0,40,AUG25,1986,i
12360023,"Awasthi, Pawan",NEP,M,,,,1650,0,40,AUG25,2003,
12301337,"B.K , Tirth Bahadur",NEP,M,,NA,,1869,0,20,AUG25,1970,
12305251,"Baidya, Arun Shankar",NEP,M,,,,1777,0,20,AUG25,1965,i
12337609,"Baishya, Bikram",NEP,M,,,,1628,0,40,AUG25,2001,i
12310140,"Bajiko, Suresh",NEP,M,,,,1804,0,40,AUG25,1978,i
12326135,"Bajracharya, Bibek",NEP,M,,,,1747,0,40,AUG25,1987,i
12300241,"Bajracharya, Rajendra",NEP,M,,,,1879,0,20,AUG25,1974,
12325384,"Bajracharya, Sanuraj",NEP,M,,,,1724,0,20,AUG25,1989,
12301540,"Bajracharya, Shiromani",NEP,M,,,,1853,0,40,AUG25,1967,i
12305707,"Bajracharya, Sudip",NEP,M,,,,1942,0,20,AUG25,1978,i
12318426,"Bajracharya, Suraj Ratna",NEP,M,,,,1707,0,40,AUG25,1998,i
12316156,"Bantawa, Raj Kumar",NEP,M,,NA,,1692,0,20,AUG25,1970,
12320366,"Baral, Aashika",NEP,F,,,,1519,0,40,AUG25,2003,wi
12316164,"Baral, Bijay",NEP,M,,,,1714,0,40,AUG25,1971,
12323926,"Baral, Bikash",NEP,M,,,,1630,0,40,AUG25,1998,i
12318035,"Baral, Bishnu",NEP,M,,,,1583,0,40,AUG25,1965,i
12320374,"Baral, Hari",NEP,M,,,,1559,0,40,AUG25,1953,i
12336220,"Baral, Hari Prasad",NEP,M,,,,1651,7,40,AUG25,1979,
12362956,"Baral, Kalyan",NEP,M,,,,1606,0,40,AUG25,2008,
12332658,"Baral, Khemraj",NEP,M,,,,1436,0,40,AUG25,1978,i
12323934,"Baral, Santosh",NEP,M,,,,1680,0,40,AUG25,1988,i
12327018,"Baskota, Mishan",NEP,M,,FA,,1630,0,40,AUG25,2000,i
12349399,"Baskota, Pratima",NEP,F,,,,1586,5,40,AUG25,2010,w
12326216,"Basnet, Anil Kumar",NEP,M,,,,1518,5,40,AUG25,1980,
12326224,"Basnet, Bal Bahadur",NEP,M,,,,1696,0,40,AUG25,1981,i
12301485,"Basnet, Indra Kumar",NEP,M,,,,1763,0,40,AUG25,1977,i
12307793,"Basnet, Jagannatha",NEP,M,,,,1626,0,40,AUG25,1973,i
12305715,"Basnet, Karna Bahadur",NEP,M,,,,1818,0,40,AUG25,1957,i
12352489,"Basnet, Nabin",NEP,M,,,,1618,6,40,AUG25,2001,
12329207,"Basnet, Nagendra",NEP,M,,,,1747,0,40,AUG25,1968,i
12339954,"Basnet, Nilam",NEP,M,,,,1895,8,20,AUG25,1975,
12316172,"Basnet, Prajwal",NEP,M,,,,1600,0,20,AUG25,2005,i
12323942,"Basnet, Sagar",NEP,M,,,,1674,0,40,AUG25,1997,i
12342726,"Basnet, Samrat",NEP,M,,,,1611,7,40,AUG25,2009,
12320706,"Basnet, Sinchan",NEP,M,,,,1554,0,40,AUG25,2008,i
12310751,"Basnet, Surya",NEP,M,,,,1846,0,40,AUG25,1997,i
12339962,"Bastola, Drona Kumar",NEP,M,,,,1561,4,40,AUG25,1957,
12362964,"Bastola, Nischal",NEP,M,,,,1664,9,40,AUG25,2003,
12320382,"Bayalkoti, Bishnu",NEP,M,,,,1561,0,40,AUG25,1994,i
12329487,"Belbase, Kushal",NEP,M,,,,1648,5,40,AUG25,2007,
12319058,"Bhandari, Bimal",NEP,M,,,,1622,0,40,AUG25,1991,i
12318469,"Bhandari, Hem",NEP,M,,,,1807,0,40,AUG25,1974,
12316784,"Bhandari, Hemraj",NEP,M,,,,1734,0,40,AUG25,1991,i
12362972,"Bhandari, Kaushal",NEP,M,,,,1820,9,40,AUG25,1999,
12310654,"Bhandari, Kshitiz",NEP,M,FM,,,2116,9,20,AUG25,1989,
12312967,"Bhandari, Pooja",NEP,F,,FA,,1648,0,20,AUG25,1998,w
12301566,"Bhandari, Ramesh",NEP,M,,,,1858,0,20,AUG25,1975,i
12345008,"Bhandari, Rewant",NEP,M,,,,1644,0,40,AUG25,2006,i
12312231,"Bhandari, Saksham",NEP,M,,NA,,1742,0,40,AUG25,2002,i
12336246,"Bhandari, Samir",NEP,M,,,,1621,0,40,AUG25,2005,i
12313475,"Bhandari, Subhash",NEP,M,,,,1838,0,40,AUG25,1988,i
12360252,"Bhandari, Sushil",NEP,M,,,,1633,0,40,AUG25,2007,
12329800,"Bhandari, Toran",NEP,M,,,,1928,0,40,AUG25,1995,i
12324744,"Bhandari, Tulasi",NEP,M,,NA,,AFM,1637,0,AUG25,1987,i
12319066,"Bhandari, Yubraj",NEP,M,,,,1659,0,40,AUG25,2003,i
12320722,"Bharati, Rajan",NEP,M,,,,1720,0,40,AUG25,1987,
12301558,"Bhasima, Prashan",NEP,M,,,,1776,0,20,AUG25,1990,i
12314650,"Bhatt, Netra Raj",NEP,M,,,,1789,0,20,AUG25,1985,
12333387,"Bhatt, Toya Raj",NEP,M,,NA,,ACM,1410,0,AUG25,1999,
12353590,"Bhatt, Umesh",NEP,M,,,,1717,0,40,AUG25,2008,
12303380,"Bhatta, Arjun Prasad",NEP,M,,,,1814,0,40,AUG25,1980,i
12300772,"Bhatta, Bed Prasad",NEP,M,,,,1914,0,40,AUG25,1968,i
12332046,"Bhatta, Deepak",NEP,M,,,,1633,0,40,AUG25,2003,i
12303402,"Bhatta, Mohan Prasad",NEP,M,,,,1843,0,40,AUG25,1990,i
12320005,"Bhatta, Ranju",NEP,F,,,,1709,0,40,AUG25,1995,wi
12346390,"Bhatta, Sakshyam",NEP,M,,,,1560,0,40,AUG25,2009,i
12323250,"Bhattarai, Arbin",NEP,M,,,,1646,0,40,AUG25,2006,i
12340740,"Bhattarai, Arpan",NEP,M,,,,1721,0,40,AUG25,2010,
12308110,"Bhattarai, Bednath",NEP,M,,,,1733,0,40,AUG25,1955,i
12300705,"Bhattarai, Chudamani",NEP,M,,,,1899,0,20,AUG25,1981,i
12361097,"Bhattarai, Dinesh",NEP,M,,,,1534,4,40,AUG25,1978,
12329215,"Bhattarai, Gopal",NEP,M,,,,1627,0,40,AUG25,1964,i
12338818,"Bhattarai, Gurudwara Singh",NEP,M,,,,1680,0,40,AUG25,1993,
12309958,"Bhattarai, Krishna Hari",NEP,M,,,,1710,0,40,AUG25,1964,i
12319260,"Bhattarai, Manoj",NEP,M,,,,1768,0,40,AUG25,1972,i
12335908,"Bhattarai, Minraj",NEP,M,,,,1740,0,40,AUG25,1972,i
12329223,"Bhattarai, Narayan",NEP,M,,,,1700,0,40,AUG25,1970,i
12362182,"Bhattarai, Nilam",NEP,M,,,,1597,0,40,AUG25,2010,
12335169,"Bhattarai, Ranjan",NEP,M,,,,1669,0,40,AUG25,2000,i
12351059,"Bhattarai, Rijesh",NEP,M,,,,1687,0,40,AUG25,2006,i
12343250,"Bhattarai, Shreyas",NEP,M,,,,1725,0,40,AUG25,2008,i
12342750,"Bhattarai, Thaneswor",NEP,M,,,,1552,11,40,AUG25,1965,
12320390,"Bhattrai, Monaj",NEP,M,,,,1754,0,40,AUG25,1972,i
12325007,"Bhurtel, Bishnu",NEP,M,,,,1808,0,40,AUG25,1989,i
12361380,"Bhusal, Aashish",NEP,M,,,,1835,0,40,AUG25,2000,
12362980,"Bishwakarma, Sagar",NEP,M,,,,1607,7,40,AUG25,2001,
12326712,"Bista, Chitra Bahadur",NEP,M,,,,1639,0,40,AUG25,1979,i
12325244,"Bista, Mausam",NEP,M,,,,1623,0,40,AUG25,2005,i
12318043,"Bista, Saharman",NEP,M,,,,1646,0,40,AUG25,1967,i
12356042,"Bista, Shreesa",NEP,M,,,,1648,0,40,AUG25,2011,
12360139,"Bista, Suresh",NEP,M,,,,1573,0,40,AUG25,2003,
12335924,"Bk, Bhima",NEP,M,,,,1585,0,40,AUG25,2007,
12309966,"BK, Manoj",NEP,M,,,,1785,0,20,AUG25,1980,
12329495,"Bk, Santoshi",NEP,F,,,,1516,0,40,AUG25,2008,wi
12313440,"BK, Seturam",NEP,M,,,,1488,0,40,AUG25,1989,i
12319759,"BK, Shivam Kumar",NEP,M,,,,1683,0,20,AUG25,2001,
12343269,"Bogati, Arnab",NEP,M,,,,1612,0,40,AUG25,2011,
12303496,"Bogati, Dhan Bahadur",NEP,M,,,,1735,0,20,AUG25,1978,
12331406,"Bohara, Aayush",NEP,M,,,,1680,0,40,AUG25,2009,i
12345067,"Bohara, Ajab",NEP,M,,,,1625,3,40,AUG25,2006,
12303526,"Bohora, Nar Bahadur",NEP,M,,,,1594,0,40,AUG25,1959,
12330639,"Bohora, Prakash",NEP,M,,,,1653,0,40,AUG25,2004,i
12363006,"Bomzan, Urgen",NEP,M,,,,1619,0,40,AUG25,1998,
12345075,"Buddha, Simant",NEP,M,,,,1501,0,40,AUG25,2008,i
12312509,"Budha, Bishwa Pratap",NEP,M,,,,1786,0,40,AUG25,1991,i
12301353,"Budha, Shakti Ram",NEP,M,,,,1749,0,40,AUG25,1978,
12339016,"Budhamagar, Pramoshan",NEP,M,,,,1639,0,40,AUG25,1991,i
12328405,"Budhathoki, Nakul",NEP,M,,,,1749,0,40,AUG25,2000,i
12368466,"Budhathoki, Peshal",NEP,M,,,,1518,6,40,AUG25,2009,
12304492,"Byanjankar, Kabir",NEP,M,,,,1860,0,40,AUG25,1969,i
12300683,"Byanjankar, Ratna",NEP,M,,,,1842,0,20,AUG25,1978,
12303550,"Chamlagain, Madhav Prasad",NEP,M,,,,1903,0,40,AUG25,1980,i
12345083,"Chand, Bikash",NEP,M,,NA,,1535,0,40,AUG25,1997,
12356824,"Chand, Dhiraj Bahadur",NEP,M,,,,1741,0,40,AUG25,2001,
12365068,"Chapagain, Arpan",NEP,M,,,,1760,13,40,AUG25,2011,
12328570,"Chataut, Bhargav",NEP,M,,,,1542,0,40,AUG25,2006,i
12329509,"Chaudhary, Ascharya",NEP,M,,,,1583,0,40,AUG25,2009,i
12305898,"Chaudhary, Bhubaneshwar",NEP,M,,,,1810,0,20,AUG25,1967,i
12347361,"Chaudhary, Dev",NEP,M,,,,1493,0,40,AUG25,2000,i
12325023,"Chaudhary, Lalbabu",NEP,M,,,,1731,0,40,AUG25,1971,i
12336300,"Chaudhary, Mahesh Kumar",NEP,M,,,,1760,0,40,AUG25,1985,
12336998,"Chaudhary, Mahi Narayan",NEP,M,,,,1667,0,40,AUG25,1978,i
12300780,"Chaudhary, Navin Kumar",NEP,M,,,,1845,0,20,AUG25,1977,i
12301361,"Chaudhary, Nenulal",NEP,M,,,,1803,0,40,AUG25,1985,i
12340499,"Chaudhary, Nikhil",NEP,M,,,,1795,9,40,AUG25,1990,
12337048,"Chaudhary, Raj Narayan",NEP,M,,,,1500,2,40,AUG25,1965,
12319538,"Chaudhary, Ramanand",NEP,M,,,,1563,0,40,AUG25,1972,
12304964,"Chaudhary, Ramesh Prasad",NEP,M,,,,1862,0,40,AUG25,1977,i
12306053,"Chaudhary, Sachin Kumar",NEP,M,,,,1732,5,20,AUG25,1981,
12325040,"Chaudhary, Sandip",NEP,M,,,,1563,0,40,AUG25,1993,i
12313491,"Chaudhary, Santosh",NEP,M,,,,1623,0,40,AUG25,1998,i
12303984,"Chaudhary, Shobha Lal",NEP,M,,,,1854,0,40,AUG25,1975,i
12320056,"Chaudhary, Suresh",NEP,M,,NA,,1574,0,40,AUG25,1984,i
12306231,"Chaudhary, Sushil",NEP,M,,FA,,1947,0,20,AUG25,1995,
12363014,"Chaulagai, Shreeyansh",NEP,M,,,,1531,8,40,AUG25,2012,
12313335,"Chaulagain, Kamal Prasad",NEP,M,,,,1629,0,40,AUG25,1982,i
12300730,"Chaulagain, Purusottam",NEP,M,CM,,,1983,9,20,AUG25,1986,
12324078,"Chaulagain, Smarika",NEP,F,,,,1500,0,40,AUG25,2003,wi
12327417,"Chemjong, Jaya Bikram",NEP,M,,,,1568,0,40,AUG25,1982,
12365076,"Chemjong, Lokendra",NEP,M,,,,1649,9,40,AUG25,1982,
12307360,"Chemjong, Prasanta Das",NEP,M,,,,1782,0,20,AUG25,1990,i
12339040,"Chemjong, Raj Kumar",NEP,M,,,,1721,0,40,AUG25,1988,i
12348090,"Chhanayl, Netra",NEP,M,,,,1583,4,20,AUG25,1981,
12324086,"Chhatkuli, Aarati",NEP,F,,FA,,1574,0,40,AUG25,2001,wi
12314331,"Chhatkuli, Saroj",NEP,M,,,,1657,0,40,AUG25,1995,i
12347388,"Chhetri, Ajij",NEP,M,,,,1820,0,40,AUG25,2004,
12319775,"Chhetri, Arun",NEP,M,,,,1587,0,40,AUG25,2002,i
12313505,"Chhetri, Babun",NEP,M,,,,1781,0,40,AUG25,1991,i
12300799,"Chhetri, Ram Bahadur",NEP,M,,NA,,1838,0,20,AUG25,1966,
12318639,"Chhetrit , Bikash Basnet",NEP,M,,,,1443,0,40,AUG25,2000,i
12301590,"Chitrakar, Manoj",NEP,M,,,,1873,0,40,AUG25,1961,i
12303020,"Chokami, Bikram",NEP,M,,,,1880,0,20,AUG25,1990,
12347396,"Chongwang, Harkha Bahadur",NEP,M,,,,1687,0,40,AUG25,1973,
12330027,"Chongwang, Ramesh",NEP,M,,,,1816,0,40,AUG25,1990,i
12302635,"Chudal, Namrata",NEP,F,,,,1859,0,40,AUG25,1976,wi
12315745,"Dahal, Aadesh",NEP,M,,NA,,1753,0,40,AUG25,2002,i
12323969,"Dahal, Dimanjan",NEP,M,,,,1798,0,40,AUG25,1999,i
12368504,"Dahal, Ghanashyam",NEP,M,,,,1561,7,40,AUG25,1982,
12325252,"Dahal, Gyan Prasad",NEP,M,,,,1642,0,40,AUG25,1969,i
12328286,"Dahal, Jiban",NEP,M,,,,1667,0,40,AUG25,1979,i
12318051,"Dahal, Kumar",NEP,M,,,,1680,0,40,AUG25,1971,i
12361518,"Dahal, Madan",NEP,M,,,,1615,5,40,AUG25,2009,
12326798,"Dahal, Manish",NEP,M,,,,1478,0,40,AUG25,2005,
12316393,"Dahal, Mission",NEP,M,,,,1808,0,20,AUG25,2004,
12303887,"Dahal, Rajan",NEP,M,,,,1784,0,20,AUG25,1984,i
12316636,"Dahal, Ram Chandra",NEP,M,,,,1720,0,40,AUG25,1970,i
12329932,"Dahal, Shankar",NEP,M,,,,1501,0,40,AUG25,1996,i
12350516,"Dahal, Shreeyash",NEP,M,,,,1543,7,40,AUG25,2012,
12310506,"Dahal, Sujan",NEP,M,,,,1802,0,40,AUG25,2001,i
12335584,"Dahal, Surendra Raj",NEP,M,,,,1763,0,40,AUG25,1967,i
12303275,"Dahal, Sushrut",NEP,M,CM,NA,,2036,9,20,AUG25,1995,
12329231,"Dahal, Thakur",NEP,M,,,,1662,0,40,AUG25,1975,i
12300802,"Dahal, Tikadatta",NEP,M,,,,1819,0,20,AUG25,1973,i
12329240,"Dahal, Yadu",NEP,M,,,,1633,0,40,AUG25,1957,
12348120,"Dahal, Yogesh",NEP,M,,,,1677,0,40,AUG25,2005,i
12332666,"Damai, Dilkumar",NEP,M,,,,1611,0,40,AUG25,1984,i
12317500,"Dangaura, Ghumman",NEP,M,,,,1651,0,40,AUG25,1997,i
12300292,"Dangi, Mani Raj",NEP,M,,,,1733,17,20,AUG25,1964,
12303038,"Dangol, Bijaya",NEP,M,,,,1971,0,20,AUG25,1997,i
12305111,"Dangol, Madan Bir Singh",NEP,M,,,,1722,0,40,AUG25,1961,i
12301477,"Dangol, Maheshwor Lal",NEP,M,,,,1810,0,20,AUG25,1963,i
12327425,"Dangol, Purna Bahadur",NEP,M,,,,1682,0,40,AUG25,1979,i
12324698,"Dangol, Rajkumar",NEP,M,,,,1788,0,40,AUG25,1985,i
12313513,"Dangol, Ranabahadur",NEP,M,,,,1776,0,40,AUG25,1985,i
12306649,"Dangol, Sabin",NEP,M,,,,1846,0,40,AUG25,1984,i
12300810,"Dangol, Sagar Kumar",NEP,M,,,,1812,0,20,AUG25,1972,i
12308714,"Das, Shyam Lal",NEP,M,,,,1792,0,40,AUG25,1995,i
12300829,"Das, Singhesor",NEP,M,,,,1924,0,20,AUG25,1965,i
12311766,"Das, Surya Narayan",NEP,M,,,,1698,6,20,AUG25,1974,
12352497,"Dawadi, Mahesh",NEP,M,,,,1567,5,40,AUG25,2012,
12352500,"Dawadi, Prawisha",NEP,F,,,,1546,4,40,AUG25,2014,w
12343285,"Demanraura, Ayush",NEP,M,,,,1716,0,40,AUG25,2009,
12312568,"Desar, Upendra",NEP,M,,,,1602,0,40,AUG25,1973,i
12326054,"Dev, Sadikcha",NEP,F,,,,1489,0,40,AUG25,2005,wi
12335592,"Devkota, Deepak",NEP,M,,,,1628,0,40,AUG25,1998,i
12306495,"Devkota, Ram Chandra",NEP,M,,,,1563,0,40,AUG25,1996,i
12325074,"Dewol, Tara",NEP,F,,,,1488,0,40,AUG25,1991,wi
12306061,"Dhakal, Khagendra",NEP,M,,,,1776,0,40,AUG25,1993,i
12365106,"Dhakal, Kiran",NEP,M,,,,1484,0,40,AUG25,2002,
12342602,"Dhakal, Prayash",NEP,M,,,,1582,0,40,AUG25,2009,i
12361100,"Dhamala, Dipak",NEP,M,,,,1712,0,40,AUG25,1983,
12314749,"Dhami, Bimal Singh",NEP,M,,,,1766,0,40,AUG25,2001,i
12325899,"Dhami, Deepak",NEP,M,,NA,,1694,0,20,AUG25,2005,
12360147,"Dhami, Sandesh",NEP,M,,,,1502,0,40,AUG25,2005,
12350370,"Dhaubanjar, Nirjal",NEP,M,,,,1773,0,40,AUG25,2001,
12301612,"Dhimal, Bharat",NEP,M,,,,1615,0,20,AUG25,1967,i
12308277,"Dhimal, Osh",NEP,M,,,,1603,0,40,AUG25,0,i
12319805,"Dhimal, Shanti",NEP,F,,,,1661,5,20,AUG25,1993,w
12307394,"Dhungana, Bimal",NEP,M,,,,1818,0,40,AUG25,1996,i
12307416,"Dhungana, Prakash",NEP,M,,,,1689,0,40,AUG25,1993,i
12316202,"Dhungana, Rojan",NEP,M,,,,1641,0,40,AUG25,2006,i
12342807,"Dhungana, Roshan",NEP,M,,,,1701,0,40,AUG25,2004,i
12314358,"Dhungel, Gyanendra Raj",NEP,M,,,,1647,0,40,AUG25,1976,i
12306240,"Dhungel, Uttam",NEP,M,,"NI,IA",,1738,0,20,AUG25,1996,
12351121,"Diyali, Man Bahadur",NEP,M,,,,1669,0,40,AUG25,1983,i
12308021,"Dr. Kakshapati, Prayash Shrestha",NEP,M,,,,1726,0,20,AUG25,1991,i
12326569,"Dr. Sah, Jitendra Kumar",NEP,M,,,,1648,0,40,AUG25,1982,i
12325341,"Dr. Shah, Santosh Prasad",NEP,M,,,,1661,6,40,AUG25,1988,
12331732,"Dr. Sharma, Padam Prakash Dev",NEP,M,,,,1791,0,40,AUG25,1979,i
12300250,"Dr.Bajracharya, Sangha Ratna",NEP,M,,,,1941,0,40,AUG25,1972,i
12302767,"Dr.Thaiba, Badri Prasad",NEP,M,,,,1664,0,20,AUG25,1953,i
12302279,"Dr.Tiwari, Suraj",NEP,M,,,,1903,0,40,AUG25,1982,i
12343293,"Dubey, Rajaji",NEP,M,,,,1716,0,40,AUG25,2000,i
12352942,"Dulal, Anish",NEP,M,,,,1607,0,40,AUG25,2000,i
12336327,"Dulal, Kausal",NEP,M,,,,1716,0,40,AUG25,2005,i
12312266,"Dulal, Sailesh",NEP,M,,,,1551,0,40,AUG25,2001,i
12303992,"Dumaru, Niroj",NEP,M,,,,1652,0,40,AUG25,1992,i
12331317,"Duwal, Badri Kedar",NEP,M,,NA,,1759,0,40,AUG25,1976,i
12300284,"Duwal, Ganesh Man",NEP,M,,,,1827,0,20,AUG25,1957,
12302953,"Duwal, Krishna Bahadur",NEP,M,,,,1929,0,40,AUG25,1966,i
12300535,"Duwal, Nikesh",NEP,M,,,,1876,0,20,AUG25,1994,i
12300837,"Duwal, Purushottam",NEP,M,,,,1739,0,40,AUG25,1973,i
12303046,"Duwal, Rajaram",NEP,M,,,,1917,0,40,AUG25,1970,i
12347418,"Duwal, Shresha",NEP,F,,,,1545,0,40,AUG25,2011,w
12343749,"Duwal, Swornim",NEP,M,,,,1642,0,40,AUG25,2007,
12319554,"Fombo, Premraj",NEP,M,,,,1662,0,20,AUG25,1977,
12308293,"Gahatraj, Yogen",NEP,M,,,,1762,0,40,AUG25,1984,i
12301639,"Gainju, Damodar",NEP,M,,,,1853,0,20,AUG25,1967,i
12303054,"Gainju, Rajesh",NEP,M,,,,1804,0,40,AUG25,1985,i
12303062,"Gainju, Shiva Bhakta",NEP,M,,,,1868,0,40,AUG25,1964,i
12330701,"Gaire, Samyak",NEP,M,,,,1586,0,40,AUG25,2011,
12340537,"Gaire, Sandesh",NEP,M,,,,1610,0,40,AUG25,2004,i
12326259,"Gajamer, Gopal",NEP,M,,,,1709,0,40,AUG25,1970,i
12306070,"Gajmer, Devraj",NEP,M,,,,1795,0,20,AUG25,1961,i
12314994,"Gamal, Dipendra",NEP,M,,,,1724,0,20,AUG25,2001,i
12322482,"Gautam, Anushna",NEP,M,,,,1691,0,40,AUG25,2008,i
12350010,"Gautam, Ashish",NEP,M,,,,1438,0,40,AUG25,2000,i
12368512,"Gautam, Bhanu",NEP,M,,,,1662,8,40,AUG25,2010,
12301310,"Gautam, Bidur Prasad",NEP,M,,,,1951,0,40,AUG25,1980,i
12346470,"Gautam, Biyanka",NEP,F,,,,1482,6,40,AUG25,2011,w
12307424,"Gautam, Hom Chandra",NEP,M,,,,1740,0,40,AUG25,1979,i
12314765,"Gautam, Indra Prasad",NEP,M,,,,1683,0,40,AUG25,1980,i
12301647,"Gautam, Keshav Prasad",NEP,M,,,,1938,0,40,AUG25,1979,i
12332100,"Gautam, Manoj",NEP,M,,,,1501,0,40,AUG25,1998,i
12303089,"Gautam, Prashant",NEP,M,,,,1725,0,40,AUG25,1998,i
12327565,"Gautam, Rajendra",NEP,M,,,,1708,0,40,AUG25,1974,i
12344257,"Gautam, Ram Sharan",NEP,M,,,,1515,0,40,AUG25,1987,i
12301655,"Gautam, Santosh",NEP,M,,,,1818,0,20,AUG25,1989,i
12327069,"Gautam, Sujan Prasad",NEP,M,,,,1611,0,40,AUG25,2005,i
12308510,"Gautam, Sushan",NEP,M,,,,1821,0,20,AUG25,2000,i
12365998,"Gautam, Yunik",NEP,M,,,,1861,0,40,AUG25,2008,
12340405,"GC, Shyam",NEP,M,,,,1654,0,40,AUG25,1965,i
12301680,"Ghale, Tara",NEP,F,,,,1837,0,20,AUG25,1995,wi
12312517,"Gharti, Premsingh",NEP,M,,,,1786,0,40,AUG25,1978,i
12306088,"Ghimire, Angel",NEP,M,,,,1709,0,40,AUG25,1996,i
12329517,"Ghimire, Arjun",NEP,M,,,,1828,0,20,AUG25,1993,i
12362255,"Ghimire, Basudev",NEP,M,,,,1478,11,40,AUG25,1966,
12317667,"Ghimire, Bigyan",NEP,M,,,,1632,0,40,AUG25,2003,i
12300233,"Ghimire, Bishwo Bijay",NEP,M,,,,1797,7,20,AUG25,1970,
12302562,"Ghimire, Devanshu",NEP,M,,,,1666,0,40,AUG25,2002,i
12319570,"Ghimire, Dilliram",NEP,M,,,,1738,0,40,AUG25,1994,
12345121,"Ghimire, Gagan Raj",NEP,M,,NA,,1566,0,40,AUG25,1984,i
12328421,"Ghimire, Jenish",NEP,M,,,,1686,0,40,AUG25,2004,
12327077,"Ghimire, Kapil",NEP,M,,,,1641,0,20,AUG25,2005,i
12363480,"Ghimire, Keshab",NEP,M,,,,1664,0,40,AUG25,2006,
12353450,"Ghimire, Krishant",NEP,M,,,,1779,0,40,AUG25,2010,
12302651,"Ghimire, Nawal",NEP,M,,,,1792,0,40,AUG25,2001,i
12307815,"Ghimire, Niruja",NEP,F,,,,1738,0,40,AUG25,2000,wi
12303909,"Ghimire, Prajwol",NEP,M,,,,1905,0,20,AUG25,1993,
12304506,"Ghimire, Pravin",NEP,M,,,,1855,0,40,AUG25,1995,i
12319287,"Ghimire, Rabindra",NEP,M,,,,1632,0,40,AUG25,1998,
12362271,"Ghimire, Ramesh",NEP,M,,,,1625,0,40,AUG25,1989,
12313521,"Ghimire, Sabin Chandra",NEP,M,,,,1930,0,20,AUG25,1992,i
12362620,"Ghimire, Sankar Prasad",NEP,M,,,,1644,0,40,AUG25,1997,
12319813,"Ghimire, Shishir",NEP,M,,,,1612,0,40,AUG25,2003,i
12352985,"Ghimire, Sujal",NEP,M,,,,1671,0,40,AUG25,2008,i
12329525,"Ghimire, Sunil",NEP,M,,,,1695,0,40,AUG25,2000,i
12348201,"Ghimire, Tara Nidhi",NEP,M,,,,1705,0,40,AUG25,1982,i
12304514,"Ghimire, Yubaraj",NEP,M,,,,1845,0,40,AUG25,1990,i
12362719,"Ghimire, Yug",NEP,M,,,,1668,0,40,AUG25,2007,
12316555,"Ghising, Aashish",NEP,M,,,,1629,0,40,AUG25,2000,i
12364789,"Ghising, Kushum",NEP,F,,,,1504,6,40,AUG25,2004,w
12317675,"Ghising, Manoj",NEP,M,,,,1494,0,40,AUG25,2005,i
12324574,"Ghorasaini, Umesh",NEP,M,,,,1800,0,40,AUG25,1988,i
12325449,"Giri, Bhagwan",NEP,M,,,,1644,0,40,AUG25,1994,i
12330710,"Giri, Bishnu",NEP,M,,,,1620,0,40,AUG25,1986,i
12319490,"Giri, Dipesh",NEP,M,,"NI,FA",,1690,0,20,AUG25,2000,i
12345466,"Giri, Isha",NEP,F,,,,1692,0,40,AUG25,2014,w
12334723,"Giri, Om",NEP,M,,,,1558,0,40,AUG25,1971,i
12356115,"Giri, Pawan Sagar",NEP,M,,,,1598,0,40,AUG25,2011,
12332810,"Giri, Rajan",NEP,M,,,,1684,0,40,AUG25,1987,i
12316644,"Gole, Lok Bahadur",NEP,M,,,,1771,0,40,AUG25,1980,i
12329541,"Gole, Rudra Man",NEP,M,,,,1692,0,40,AUG25,1985,i
12337102,"Gupta, Binod Kumar",NEP,M,,,,1819,0,40,AUG25,1969,
12319821,"Gupta, J.B",NEP,M,,,,1619,0,40,AUG25,1982,i
12327085,"Gupta, Krish Kumar",NEP,M,,,,1485,0,40,AUG25,2005,i
12304638,"Gupta, Mukesh",NEP,M,,,,1856,0,40,AUG25,1987,i
12325260,"Guragain, Nabin",NEP,M,,,,1541,0,40,AUG25,2002,i
12332828,"Guragain, Prabesh",NEP,M,,,,1507,0,40,AUG25,2004,i
12334316,"Guragain, Pradeep",NEP,M,,,,1688,0,40,AUG25,1992,i
12352519,"Gurung, Adip",NEP,M,,,,1788,0,40,AUG25,2008,i
12300225,"Gurung, Baliman",NEP,M,,,,1856,0,20,AUG25,1967,
12365130,"Gurung, Bhagiman",NEP,M,,,,1672,0,40,AUG25,1968,
5023963,"Gurung, Bharat",NEP,M,,,,1875,0,20,AUG25,1987,i
12301370,"Gurung, Bijay",NEP,M,,NA,,1846,0,20,AUG25,1966,i
12301710,"Gurung, Chandra Das",NEP,M,,,,1804,0,40,AUG25,2000,i
12328197,"Gurung, Erina",NEP,F,,,,1606,0,40,AUG25,2006,wi
12327433,"Gurung, Ganesh",NEP,M,,,,1785,0,40,AUG25,1983,i
12311880,"Gurung, Hari Kumar",NEP,M,,,,1583,0,20,AUG25,1965,
12328154,"Gurung, Humraj",NEP,M,,,,1756,0,40,AUG25,1984,i
12313530,"Gurung, Kapil",NEP,M,,,,1717,0,40,AUG25,1983,
12317691,"Gurung, Khusi Ram",NEP,M,,,,1438,0,40,AUG25,2002,i
12334758,"Gurung, Mahesh",NEP,M,,,,1657,0,40,AUG25,1968,i
12320250,"Gurung, Mangal",NEP,M,,,,1695,0,40,AUG25,1991,i
12314544,"Gurung, Manish",NEP,M,,,,1401,0,40,AUG25,2003,i
12301728,"Gurung, Mankumar",NEP,M,,,,1884,0,20,AUG25,1979,i
12336483,"Gurung, Mc Douglas",NEP,M,,,,1690,0,40,AUG25,1965,i
12303976,"Gurung, Mohan Kumar",NEP,M,,,,1792,0,20,AUG25,1972,i
12331430,"Gurung, Prayosh K",NEP,M,,,,1548,0,40,AUG25,2009,i
12329061,"Gurung, Puncha Ram",NEP,M,,,,1745,0,40,AUG25,1971,i
12329754,"Gurung, Purnima",NEP,F,,,,1567,0,40,AUG25,2009,wi
12318108,"Gurung, Raj Kumar",NEP,M,,,,1723,0,20,AUG25,1982,
12302309,"Gurung, Ramesh",NEP,M,,,,1744,0,40,AUG25,1960,i
12332690,"Gurung, Rupa",NEP,F,,,,1512,0,40,AUG25,2008,wi
12306509,"Gurung, Subash Kumar",NEP,M,,,,1870,0,40,AUG25,1986,i
12301736,"Gurung, Suraj",NEP,M,,,,1935,0,40,AUG25,1983,i
12305588,"Gurung, Sushila",NEP,F,,NA,,1550,0,20,AUG25,1993,w
12316318,"Gurung, Udaya Chandra",NEP,M,,,,1606,0,40,AUG25,1963,i
12329070,"Gyawali, Abhinav",NEP,M,,,,1785,0,40,AUG25,2001,i
12319120,"Gyawali, Amrit",NEP,M,,,,1707,0,40,AUG25,2001,i
12300853,"Gyawali, Binod",NEP,M,,,,1876,0,40,AUG25,1984,i
12345490,"Gyawali, Kristal",NEP,F,,,,1673,0,40,AUG25,2009,wi
12339610,"Gyawali, Prabodh",NEP,M,,,,1651,0,40,AUG25,2005,i
12307823,"Gyawali, Ramesh",NEP,M,,,,1807,0,40,AUG25,1971,i
12301388,"Haluwai, Tajulhaq",NEP,M,,,,1843,0,40,AUG25,1965,i
12300110,"Hamal, Manish",NEP,M,FM,,,1978,0,20,AUG25,1986,i
12329991,"Hamal, Seamant",NEP,M,,,,1476,0,40,AUG25,2007,i
12320420,"Hanggam, Prem Raj",NEP,M,,,,1728,0,40,AUG25,1986,i
12312797,"Hari Krishna, Lawati",NEP,M,,,,1751,0,40,AUG25,1993,i
12361119,"Hellok, Manish",NEP,M,,,,1751,0,40,AUG25,1987,
12300713,"Hona, Hari Chandra",NEP,M,,,,1810,0,40,AUG25,1983,
12305740,"Humagain, Navaraj",NEP,M,,,,1768,0,40,AUG25,1973,i
12316237,"Imbung, Jwala",NEP,M,,,,1926,18,20,AUG25,1993,
12361909,"Ingnam, Hom Prakash",NEP,M,,,,1514,0,40,AUG25,1986,
12321451,"Jaiswal, Aman",NEP,M,,,,1507,0,40,AUG25,2003,i
12304000,"Jaiswal, Bikesh",NEP,M,,,,1800,0,20,AUG25,1998,i
12301744,"Jaiswal, Bina",NEP,F,,,,1665,0,20,AUG25,1997,wi
12353035,"Jaiswal, Bipin Kumar",NEP,M,,,,1744,0,40,AUG25,2007,i
12301752,"Jaiswal, Bishekha",NEP,F,,,,1662,0,40,AUG25,1995,wi
12301272,"Jaiswal, Nabin",NEP,M,,,,1852,0,20,AUG25,1996,i
12301760,"Jaiswal, Purnima",NEP,F,,,,1689,0,40,AUG25,1996,wi
12300071,"Jaiswal, Rousan kumar",NEP,M,,,,1885,0,20,AUG25,1992,i
12300870,"Jaiswal, Rupesh",NEP,M,FM,NA,,2060,9,20,AUG25,1998,
12301779,"Jaiswal, Sangita",NEP,F,,,,1680,0,20,AUG25,1995,wi
12310204,"Jati, Bijay",NEP,M,,,,1887,0,20,AUG25,1994,i
12303100,"Jati, Bikram",NEP,M,,,,1864,0,20,AUG25,1990,i
12354414,"Jha, Anit",NEP,M,,,,1669,0,40,AUG25,2007,i
12300888,"Jora, Kirta Bahadur",NEP,M,,NA,,AFM,1672,0,AUG25,1976,
12340979,"Joseph, Zandstra",NEP,M,,,,1789,0,40,AUG25,1986,i
12335622,"Joshi, Aananda",NEP,M,,,,1681,0,40,AUG25,2003,i
12325104,"Joshi, Bibek",NEP,M,,,,1625,0,40,AUG25,2000,i
12360295,"Joshi, Bibhav",NEP,M,,,,1593,6,40,AUG25,2011,
12300527,"Joshi, Deergha Raj",NEP,M,,,,1859,0,20,AUG25,1971,
12317179,"Joshi, Gita",NEP,F,,NA,,1642,0,40,AUG25,2001,wi
12340987,"Joshi, Janak Raj",NEP,M,,,,1651,4,20,AUG25,1983,
12360155,"Joshi, Laxmi Kant",NEP,M,,,,1685,0,40,AUG25,1987,
12309702,"Joshi, Madan Raj",NEP,M,,,,1806,0,40,AUG25,1974,i
12310522,"Joshi, Nischal",NEP,M,,,,1728,0,40,AUG25,2002,i
12324582,"Joshi, Prakash",NEP,M,,,,1732,0,40,AUG25,1976,
12319830,"Joshi, Pramit",NEP,M,,,,1785,0,40,AUG25,2007,i
12328626,"Joshi, Pranit",NEP,M,,,,1665,0,40,AUG25,2003,i
12314790,"Joshi, Rajesh",NEP,M,,,,1743,0,40,AUG25,2003,i
12317187,"Joshi, Rohit",NEP,M,,,,1683,0,40,AUG25,2003,i
12302880,"Joshi, Sajjan Kumar",NEP,M,,,,1827,0,40,AUG25,1983,i
12356913,"Joshi, Shubham",NEP,M,,,,1566,2,40,AUG25,2010,
12312754,"Joshi, Sindira",NEP,F,,NA,,1683,4,20,AUG25,1983,w
12301795,"Joshi, Subarna Ram",NEP,M,,,,1717,0,40,AUG25,1941,i
12328430,"Joshi, Sumit",NEP,M,,,,1751,0,40,AUG25,1994,
12320064,"Joshi, Umesh",NEP,M,,,,1639,0,40,AUG25,1999,i
12301817,"K .C, Sagar",NEP,M,,,,1834,0,40,AUG25,1996,i
12301809,"K C, Rajan Kumar",NEP,M,,,,1469,0,40,AUG25,1962,i
12300608,"Kachhepati, Rajesh",NEP,M,,,,1791,0,20,AUG25,1973,
12316407,"Kadariya, Saroj",NEP,M,,,,1759,0,40,AUG25,1995,i
12341711,"Kafle, Aadyanta",NEP,M,,,,1773,0,40,AUG25,2010,
12353043,"Kafle, Amogh",NEP,M,,,,1709,0,40,AUG25,1978,i
12315788,"Kafle, Anjesh",NEP,M,,,,1844,0,40,AUG25,1994,i
12323977,"Kafle, Binod",NEP,M,,,,1587,0,20,AUG25,1990,i
12323985,"Kafle, Dayaram",NEP,M,,,,1669,0,40,AUG25,1987,i
12343803,"Kafle, Dipendra",NEP,M,,,,1768,0,40,AUG25,1988,i
12353051,"Kafle, Sujan",NEP,M,,,,1973,0,40,AUG25,2003,
12350389,"Kafle, Sujan",NEP,M,,,,1803,0,40,AUG25,2005,
12324205,"Kalauni, Nabin",NEP,M,,,,1747,0,40,AUG25,2001,i
12325910,"Kambang, Kul Bahadur",NEP,M,,,,1565,3,20,AUG25,1956,
12329266,"Kambang, Rajan",NEP,M,,,,1798,0,40,AUG25,1983,i
12318124,"Kandangwa, Chandra",NEP,M,,,,1523,0,40,AUG25,1972,
12319597,"Kandangwa, Diggaj",NEP,M,,,,1657,0,40,AUG25,1993,
12349895,"Kandangwa, Hukum",NEP,M,,,,1568,0,40,AUG25,2007,
12306673,"Kandangwa, Laxmi Prasad",NEP,M,,,,1708,0,20,AUG25,1965,
12349917,"Kandangwa, Nitesh",NEP,M,,,,1516,0,40,AUG25,1991,i
12319619,"Kandangwa, Prem Raj",NEP,M,,,,1510,0,40,AUG25,1966,
12319627,"Kandangwa, Santosh",NEP,M,,,,1687,0,40,AUG25,1971,i
12312819,"Kandangwa, Saroj",NEP,M,,,,1830,0,40,AUG25,1972,i
12342823,"Kandangwa, Siddant",NEP,M,,,,1726,9,40,AUG25,2011,
12315524,"Kandel, Laxmi",NEP,F,,,,1498,0,20,AUG25,1991,w
5034167,"Kandel, Laxmi Nath",NEP,M,,,,1888,0,40,AUG25,1973,
12345504,"Kandel, Tekraj",NEP,M,,,,1569,0,40,AUG25,2001,
12304018,"Kapali, Binita",NEP,F,,,,1654,4,20,AUG25,1995,w
12346527,"Karki, Abhinav",NEP,M,,,,1430,0,40,AUG25,2008,
12323993,"Karki, Amir",NEP,M,,,,1721,0,40,AUG25,1996,i
12314803,"Karki, Birendra",NEP,M,,,,1645,0,40,AUG25,2001,i
12361143,"Karki, British",NEP,M,,,,1564,0,40,AUG25,2010,
12301833,"Karki, D B",NEP,M,,,,1750,0,20,AUG25,1970,i
12330221,"Karki, Dipak",NEP,M,,,,1719,0,40,AUG25,1983,i
12303631,"Karki, Jay Bahadur",NEP,M,,NA,,ACM,1643,0,AUG25,1972,
12339890,"Karki, Kashiv",NEP,M,,,,1565,9,40,AUG25,2011,
12340316,"Karki, Kripa",NEP,F,,,,1452,0,40,AUG25,2009,wi
12338834,"Karki, Kushal",NEP,M,,,,1564,0,40,AUG25,1999,i
12304913,"Karki, Lal Bahadur",NEP,M,,,,1765,0,40,AUG25,1969,i
12340030,"Karki, Manish",NEP,M,,,,1618,0,40,AUG25,2005,i
12329835,"Karki, Pradeep",NEP,M,,,,1749,0,40,AUG25,1995,i
12320277,"Karki, Prashidda Jung",NEP,M,,,,1552,0,40,AUG25,2007,i
12300900,"Karki, Rajiv",NEP,M,,NA,,1838,0,20,AUG25,1986,
12315800,"Karki, Ram Hari",NEP,M,,,,1637,0,20,AUG25,1986,
12313548,"Karki, Ram Kumar",NEP,M,,,,1671,0,40,AUG25,1987,i
12339903,"Karki, Santosh",NEP,M,,,,1617,0,40,AUG25,1989,i
12356123,"Karki, Suman",NEP,M,,,,1620,0,40,AUG25,2013,
12304921,"Karki, Sundar",NEP,M,,,,1787,0,20,AUG25,1980,i
12320072,"Karki, Yam Kumar",NEP,M,,,,1746,0,20,AUG25,2003,i
12340049,"Karki, Yogesh",NEP,M,,,,1606,0,40,AUG25,1987,i
12304590,"Karmacharya, Dipendra",NEP,M,,,,1885,0,40,AUG25,1965,i
12368407,"Karmacharya, Shrayash",NEP,M,,,,1499,5,40,AUG25,2009,
12343323,"Karmacharya, Surendra Bahadur",NEP,M,,,,1590,0,40,AUG25,1958,i
12302899,"Karmacharya, Upendra",NEP,M,,,,1858,0,40,AUG25,1976,i
12300039,"Karmacharya,Punya Man",NEP,M,,,,1882,0,20,AUG25,1960,
12338842,"Karn, Gyanesh Kumar",NEP,M,,,,1553,0,40,AUG25,1987,i
12325465,"Karnajeet, Roshan",NEP,M,,,,1642,4,40,AUG25,1982,
12311944,"Karnikar, Prakash Raj",NEP,M,,,,1774,0,40,AUG25,1958,i
12304034,"Kasichwa, Sitaram",NEP,M,,,,1874,0,40,AUG25,1982,i
12304042,"Kasti, Roshan",NEP,M,,,,1858,0,40,AUG25,1995,i
12320080,"Kathariya, Niraj",NEP,M,,,,1710,0,40,AUG25,1999,i
12333522,"Kathayat, Mahendra Singh",NEP,M,,,,1651,0,40,AUG25,1972,i
12365157,"Kattel, Arpan",NEP,M,,,,1644,0,40,AUG25,2007,
12300276,"Katuwal, Rajendra",NEP,M,,,,1971,0,40,AUG25,1965,i
12311464,"Katwal, Sandesh",NEP,M,,,,1602,0,20,AUG25,2002,i
12332194,"Katwal, Sangam",NEP,M,,,,1459,0,40,AUG25,2007,i
12341010,"Kayastha, Bibhushit",NEP,M,,,,1566,0,40,AUG25,2007,i
12300675,"Kayastha, Madan Krishna",NEP,M,CM,,,2048,0,20,AUG25,1991,i
12355690,KC Prabir,NEP,M,,,,1466,0,40,AUG25,2012,
12353485,"Kc, Abhisek",NEP,M,,,,1699,0,40,AUG25,2011,i
12314820,"KC, Khagendra",NEP,M,,,,1735,0,40,AUG25,2000,i
12324590,"KC, Shyam",NEP,M,,,,1409,0,40,AUG25,1973,i
12328162,"KC, Sujan",NEP,M,,,,1733,0,40,AUG25,1988,i
12301493,"KC, Umesh",NEP,M,,,,1729,0,20,AUG25,1986,i
12303640,"Kepchhaki Magar, Krishna Bahadur",NEP,M,,,,1840,0,40,AUG25,1981,i
12300365,"Kepchhaki, Jeet Bahadur",NEP,M,,,,1800,0,20,AUG25,1966,
12320781,"Kerung, Bhim Bahadur",NEP,M,,,,1566,0,40,AUG25,1973,
12361160,"Kerung, Karna Prasad",NEP,M,,,,1631,0,40,AUG25,1979,
12361178,"Kerung, Ramesh",NEP,M,,,,1583,0,40,AUG25,1986,
12301396,"Kerung, Surendra",NEP,M,,,,1716,0,40,AUG25,1970,i
12312096,"Khadgi, Roshan",NEP,M,,,,1828,0,40,AUG25,1977,
12342858,"Khadka, Agraj",NEP,M,,,,1455,0,40,AUG25,2009,i
12342866,"Khadka, Agrim",NEP,M,,,,1692,6,40,AUG25,2009,
12315346,"Khadka, Bhim Bahadur",NEP,M,,,,1662,0,40,AUG25,1988,
12319139,"Khadka, Dhurba",NEP,M,,,,1707,0,40,AUG25,1997,i
12345148,"Khadka, Dipsan",NEP,M,,,,1734,0,40,AUG25,2008,
12329274,"Khadka, Gaurav",NEP,M,,,,1617,0,40,AUG25,1999,i
12300306,"Khadka, Govinda",NEP,M,,,,1704,0,20,AUG25,1972,
12309745,"Khadka, Mahesh",NEP,M,,,,1735,0,20,AUG25,2000,
12324221,"Khadka, Nishan",NEP,M,,,,1623,0,40,AUG25,2003,i
12335649,"Khadka, Prem",NEP,M,,,,1742,6,40,AUG25,2000,
12300322,"Khadka, Purna Raj",NEP,M,,,,1924,0,20,AUG25,1964,i
12318663,"Khadka, Samir",NEP,M,,,,1730,0,40,AUG25,2001,i
12318132,"Khadka, Shirjan",NEP,M,,,,1692,0,40,AUG25,2002,i
12340057,"Khadka, Shyam Hari",NEP,M,,,,1440,0,40,AUG25,1957,
12368555,"Khadka, Sisir",NEP,M,,,,1769,9,40,AUG25,2004,
12326836,"Khadka, Suman",NEP,M,,,,1725,0,40,AUG25,1989,i
12309346,"Khadka, Tilak",NEP,M,,,,1688,0,40,AUG25,0,i
12301469,"Khaiju, Gyanendra",NEP,M,,,,1811,0,20,AUG25,1976,i
12312746,"Khamboo, Luice",NEP,F,,,,1534,0,40,AUG25,2003,wi
12300080,"Khamboo, Monalisha",NEP,F,WCM,WCM,IA,1796,0,20,AUG25,1992,wi
12303119,"Khamboo, Yaishash Yashir",NEP,M,,,,ACM,1771,0,AUG25,1997,i
12316091,"Khan, Mohammad Imran",NEP,M,,,,1785,0,40,AUG25,1984,i
12331449,"Khanal, Amrit",NEP,M,,,,1459,0,40,AUG25,2007,i
12335037,"Khanal, Bidur",NEP,M,,,,1847,0,40,AUG25,1983,i
12330256,"Khanal, Dev Narayan",NEP,M,,,,1721,0,40,AUG25,1971,i
12361186,"Khanal, Dhan Prasad",NEP,M,,,,1580,0,40,AUG25,1967,
12340065,"Khanal, Dipak",NEP,M,,,,1674,0,40,AUG25,1983,
12339911,"Khanal, Madhav",NEP,M,,,,1621,0,40,AUG25,2005,i
12366846,"Khanal, Nayan",NEP,M,,,,1545,5,40,AUG25,2010,
12355739,"Khanal, Prasit",NEP,M,,,,1650,0,40,AUG25,2013,
12363057,"Khanal, Sambhav",NEP,M,,,,1552,0,40,AUG25,2013,
12335657,"Khanal, Saroj",NEP,M,,,,1641,0,40,AUG25,1994,i
12363065,"Khanal, Utsav",NEP,M,,,,1449,6,40,AUG25,2013,
12303666,"Khaniya, Rudra",NEP,M,,,,1788,0,20,AUG25,1975,i
12313556,"Khaptari, Pitambar",NEP,M,,,,1689,0,40,AUG25,1993,i
12321524,"Kharel, Abiral",NEP,M,,,,1516,0,40,AUG25,2005,i
12320439,"Kharel, Durga",NEP,M,,,,1641,0,40,AUG25,2006,i
12364819,"Kharel, Sameer",NEP,M,,,,1595,6,40,AUG25,2000,
12342874,"Khatiwada, Anuj",NEP,M,,,,1582,0,40,AUG25,2011,i
12329290,"Khatiwada, Bashudev",NEP,M,,,,1641,0,40,AUG25,1962,i
12331244,"Khatiwada, Bishnu Prasad",NEP,M,,,,1631,0,40,AUG25,1969,i
12332704,"Khatiwada, Narayan Prasad",NEP,M,,,,1708,7,20,AUG25,1964,
12363073,"Khatiwada, Shambat",NEP,M,,,,1502,0,40,AUG25,2014,
12315354,"Khatri, Dilip Kumar",NEP,M,,,,1675,0,40,AUG25,1979,i
12332712,"Khatri, Dilli Ram",NEP,M,,,,1596,0,40,AUG25,1986,i
12313912,"Khatri, Kewal",NEP,M,,,,1569,0,40,AUG25,1995,i
12316695,"Khatri, Krishna Pd.",NEP,M,,,,1806,0,40,AUG25,1985,i
12346071,"Khatri, Paridhi",NEP,F,,,,1526,0,40,AUG25,2012,wi
12345172,"Khatri, Rajiv",NEP,M,,,,1581,0,40,AUG25,2007,i
12327115,"Khatri, Shanker Kumar",NEP,M,,,,1648,0,40,AUG25,1985,i
12335665,"Khergoli, Hipakha",NEP,M,,,,1675,0,40,AUG25,1999,i
12303127,"Khergoli, Hitu Ram",NEP,M,,,,1921,0,40,AUG25,1963,i
12309354,"Koirala, Abhinav Bahadur",NEP,M,,NA,,1484,0,40,AUG25,2004,i
12302333,"Koirala, Anil Bahadur",NEP,M,,NA,,1757,0,40,AUG25,1973,i
12318140,"Koirala, Ashim",NEP,M,,,,1612,0,40,AUG25,2003,i
12309362,"Koirala, Atal Bahadur",NEP,M,,NA,,1705,0,40,AUG25,2003,i
12362743,"Koirala, Prayash",NEP,M,,,,1708,0,40,AUG25,2000,
12313700,"Koirala, Sunil Bahadur",NEP,M,,,,1662,0,20,AUG25,1973,i
12304069,"Koju, Niranjan",NEP,M,,,,1834,0,40,AUG25,1980,i
12300918,"Kuluju, Bikash",NEP,M,,,,1903,0,20,AUG25,1981,i
12312118,"Kulung, Kishor Dev",NEP,M,,,,1608,0,40,AUG25,1970,
12326283,"Kumal, Chitra Bahadur",NEP,M,,,,1641,0,40,AUG25,1972,i
12330272,"Kumal, Sujan",NEP,M,,,,1638,0,40,AUG25,1999,i
12332879,"Kumal, Sujan",NEP,M,,,,1615,0,40,AUG25,2006,i
12353108,"Kunwar, Pramis",NEP,M,,,,1594,0,40,AUG25,2007,i
12320099,"Kunwar, Ram",NEP,M,,,,1747,0,40,AUG25,1987,i
12307475,"Kunwar, Ranjan",NEP,M,,,,1738,0,40,AUG25,1981,i
12320790,"Kunwar, Rudra",NEP,M,,,,1610,0,40,AUG25,1978,
12304077,"Kunwar, Sanat",NEP,M,,,,1852,0,20,AUG25,1989,i
12316032,"Kunwor, Prasanna Bickram",NEP,M,,,,1564,0,40,AUG25,2005,i
12336823,"Kurumbang, Nanda Kumar",NEP,M,,NA,,1623,7,20,AUG25,1983,
12314560,"Kusatha, Niken",NEP,M,,,,1987,0,20,AUG25,2002,
12318671,"Kushwaha, Niranjan Prasad",NEP,M,,,,1500,0,40,AUG25,1998,i
12302902,"Kusi, Matina",NEP,F,,,,1764,0,40,AUG25,1996,wi
12304085,"Lakhe, Bikesh",NEP,M,,,,1822,0,40,AUG25,1997,i
12315818,"Lama, Anil",NEP,M,,,,1668,0,20,AUG25,2003,i
12344346,"Lama, Anil",NEP,M,,,,1532,0,40,AUG25,2008,i
12321605,"Lama, Baibhav",NEP,M,,,,1522,0,40,AUG25,2006,i
12302660,"Lama, Basanta",NEP,M,,,,1759,7,20,AUG25,1963,
12305006,"Lama, Bikas",NEP,M,,,,1793,0,40,AUG25,1970,i
12341045,"Lama, Bikram",NEP,M,,,,1657,0,40,AUG25,1995,i
12352527,"Lama, Chandra Kanta",NEP,M,,,,1674,7,40,AUG25,2005,
12300195,"Lama, Dawa",NEP,M,,,,1878,0,40,AUG25,1971,
12300721,"Lama, Dharam Bahadur",NEP,M,,FI,,1933,0,20,AUG25,1979,i
12303143,"Lama, Himal",NEP,M,CM,FI,,2059,0,20,AUG25,1993,i
12352314,"Lama, Iswor",NEP,M,,,,1550,6,40,AUG25,2015,
12321621,"Lama, Lahyul",NEP,M,,,,1566,0,40,AUG25,2006,i
12305766,"Lama, Milan",NEP,M,CM,SI,,2014,0,20,AUG25,2001,
12329592,"Lama, Min Bahadur",NEP,M,,,,1803,0,40,AUG25,1984,i
12315826,"Lama, Prabesh",NEP,M,,,,1594,0,20,AUG25,2005,i
12313726,"Lama, Prajim",NEP,M,,,,1654,0,40,AUG25,2001,i
12304093,"Lama, Prakash Chandra",NEP,M,,,,1814,0,20,AUG25,1959,i
12312606,"Lama, Rajkumar",NEP,M,,,,1837,0,40,AUG25,1989,i
12308196,"Lama, Shyam",NEP,M,,,,1710,0,40,AUG25,0,i
12355755,"Lama, Siddhartha",NEP,M,,,,1584,0,40,AUG25,2011,
12301850,"Lama, Suman",NEP,M,,,,1969,0,20,AUG25,1987,i
5017432,"Lama, Surbir",NEP,M,,,,1974,0,20,AUG25,1977,
12324612,"Lama, Surendra",NEP,M,,,,1708,0,40,AUG25,1985,
12352535,"Lamichhane, Digam",NEP,M,,,,1635,0,40,AUG25,2005,i
12343366,"Lamsal, Adhis",NEP,M,,,,1507,0,40,AUG25,2008,i
12337757,"Lamsal, Arjun",NEP,M,,,,1627,0,40,AUG25,1999,i
12321630,"Lamsal, Darshan",NEP,M,,,,1513,0,40,AUG25,2006,i
12301868,"Lawat, Asha Narayan",NEP,M,,,,1733,0,20,AUG25,1968,i
12354708,"Lawati, Bijaya Bodh",NEP,M,,,,1843,0,40,AUG25,1983,
12311898,"Lawati, Dipak",NEP,M,,,,1752,0,40,AUG25,1993,i
12336831,"Lawati, Gagan",NEP,M,,,,1809,0,40,AUG25,1975,
12329304,"Lawati, Khadga Bahadur",NEP,M,,,,1582,0,40,AUG25,1977,i
12349933,"Lawati, Lal Bhahadur",NEP,M,,,,1616,0,40,AUG25,1990,
12349941,"Lawati, Semik",NEP,M,,,,1725,0,40,AUG25,1983,
12354775,"Lawati, Surya",NEP,M,,,,1543,4,40,AUG25,1982,
12349526,"Lawati, Tej Bahadur",NEP,M,,,,1527,0,40,AUG25,1966,
12351229,"Limbu, Aayush",NEP,M,,,,1523,4,40,AUG25,2006,
12330035,"Limbu, Anil",NEP,M,,,,1668,0,40,AUG25,1991,i
12318159,"Limbu, Ayush",NEP,M,,,,1536,0,40,AUG25,2006,i
12308595,"Limbu, Balindra",NEP,M,,,,1766,0,40,AUG25,0,i
12328308,"Limbu, Bam Prasad",NEP,M,,,,1432,0,40,AUG25,1985,i
12300926,"Limbu, Bhawani",NEP,M,,,,1808,0,20,AUG25,1958,
12326291,"Limbu, Bhim Kumar",NEP,M,,,,1657,0,40,AUG25,1996,
12330302,"Limbu, Bibash",NEP,M,,,,1743,0,40,AUG25,1998,i
12318167,"Limbu, Bikram",NEP,M,,,,1557,0,40,AUG25,1989,i
12308463,"Limbu, Bikram Jit",NEP,M,,,,1745,6,20,AUG25,1986,
12312142,"Limbu, Bishnu",NEP,M,,,,1827,0,20,AUG25,1976,
12326313,"Limbu, Bishnu Lal",NEP,M,,,,1605,6,20,AUG25,1976,
12331252,"Limbu, Chandra",NEP,M,,,,1638,0,40,AUG25,1982,i
12326321,"Limbu, Db",NEP,M,,,,1698,0,40,AUG25,1978,i
12318175,"Limbu, Debendra",NEP,M,,,,1525,0,40,AUG25,1973,i
12316229,"Limbu, Dichen",NEP,M,,,,1732,0,40,AUG25,2001,i
12320447,"Limbu, Dil Kumar",NEP,M,,,,1592,0,40,AUG25,1965,i
12326143,"Limbu, Dil Kumar",NEP,M,,,,1579,0,40,AUG25,1978,i
12351237,"Limbu, Ganesh Bahadur",NEP,M,,,,1583,4,40,AUG25,1975,
12342912,"Limbu, Gyan Bahadur",NEP,M,,,,1762,0,40,AUG25,1980,
12308340,"Limbu, Himal Chandra",NEP,M,,,,1776,0,40,AUG25,0,
12320455,"Limbu, Hom Bahadur",NEP,M,,,,1646,0,40,AUG25,1962,i
12328316,"Limbu, Jas Bahadur",NEP,M,,,,1639,0,40,AUG25,1971,i
12329720,"Limbu, Jasbir Sendan",NEP,M,,,,1757,0,40,AUG25,1971,i
12326348,"Limbu, Kiran",NEP,M,,,,1844,0,40,AUG25,1986,
12340103,"Limbu, Krishna Bahadur",NEP,M,,,,1854,0,40,AUG25,1970,i
12301248,"Limbu, Krishna Bahadur",NEP,M,,,,1805,0,40,AUG25,1961,i
12330329,"Limbu, Kshitiz",NEP,M,,,,1613,5,20,AUG25,1975,
12326356,"Limbu, Man Bahadur",NEP,M,,,,1523,0,40,AUG25,1979,
12307688,"Limbu, Nar Bahadur",NEP,M,,,,1723,0,40,AUG25,1976,i
12326364,"Limbu, Om Prakash",NEP,M,,,,1700,7,40,AUG25,1978,
12349542,"Limbu, Prashant",NEP,M,,,,1591,0,40,AUG25,2007,i
12300934,"Limbu, Pratap",NEP,M,,,,1943,0,40,AUG25,1981,i
12326119,"Limbu, Prem",NEP,M,,,,1787,0,20,AUG25,1976,
12342939,"Limbu, Rabi Prasad",NEP,M,,,,1590,1,40,AUG25,1975,
12330337,"Limbu, Raj",NEP,M,,,,1784,0,40,AUG25,1992,
12320463,"Limbu, Rajib",NEP,M,,,,1641,0,40,AUG25,1964,i
12307483,"Limbu, Ram Prasad",NEP,M,,,,1794,0,40,AUG25,1986,i
12320471,"Limbu, Sanjaya",NEP,M,,,,1667,0,40,AUG25,1996,i
12320480,"Limbu, Shiv Kumar",NEP,M,,,,1521,0,40,AUG25,1989,i
12326372,"Limbu, Shyam",NEP,M,,,,1738,0,40,AUG25,1975,i
12318191,"Limbu, Suman",NEP,M,,,,1567,0,40,AUG25,2005,i
12318213,"Limbu, Surya",NEP,M,,,,1573,0,40,AUG25,1989,i
12318221,"Limbu, Sushil",NEP,M,,,,1641,0,40,AUG25,2005,i
12329312,"Limbu, Tika",NEP,F,,,,1431,3,40,AUG25,1979,w
12307491,"Limbu, Yam Prasad",NEP,M,,NA,,1778,0,20,AUG25,1970,i
12305782,"Limbu, Yogesh Tumbahamfe",NEP,M,,,,1785,0,20,AUG25,1980,
12368563,"Lingden Limbu, Hillyhang",NEP,M,,,,1507,7,40,AUG25,2003,
12328324,"Lingden, Naresh Kumar",NEP,M,,,,1717,0,40,AUG25,1985,i
12318230,"Lingden, Shiv Kumar",NEP,M,,,,1542,0,40,AUG25,1956,i
12311987,"Lohani, Sujana",NEP,F,WFM,WFM,,1806,0,20,AUG25,1999,wi
12304395,"Lohani, Suraj",NEP,M,,,,1767,0,40,AUG25,1997,i
12307505,"Longwa, Rajendra",NEP,M,,,,1828,0,20,AUG25,1975,i
12358878,"Luitel, Aayush",NEP,M,,,,1699,0,40,AUG25,2004,
12343374,"Luitel, Bedh Prasad",NEP,M,,,,1576,5,40,AUG25,1987,
12327441,"Mabo, Gajendra",NEP,M,,,,1658,0,40,AUG25,1975,
12320498,"Maden, Chandra Kumar",NEP,M,,,,1663,0,20,AUG25,1987,
12312800,"Maden, Jivan Kumar",NEP,M,,,,1679,0,20,AUG25,1967,
12326380,"Maden, Krishna",NEP,M,,,,1736,0,40,AUG25,1965,i
12326399,"Maden, Ram Kumar",NEP,M,,,,1615,0,40,AUG25,1983,
12363103,"Maden, Subas",NEP,M,,,,1491,0,40,AUG25,2004,
12342955,"Magar, Aayush",NEP,M,,,,1560,1,40,AUG25,2004,
12306100,"Magar, Anil Kumar Pun",NEP,M,,,,1728,0,40,AUG25,1986,i
12363642,"Magar, Bede Saru",NEP,M,,,,1705,0,40,AUG25,1991,
12306118,"Magar, Bijay",NEP,M,,,,1749,0,20,AUG25,1985,i
12342963,"Magar, Biplav",NEP,M,,,,1535,0,40,AUG25,2012,i
12319856,"Magar, Chaman Gaha",NEP,M,,,,1679,0,20,AUG25,1974,i
12368580,"Magar, Chandra Bahadur",NEP,M,,,,1554,5,40,AUG25,1957,
12326402,"Magar, Chitra",NEP,M,,,,1636,0,40,AUG25,1988,i
12356131,"Magar, Dhiraj Gharti",NEP,M,,,,1609,0,40,AUG25,2011,
12349623,"Magar, Ganesh",NEP,M,,,,1581,0,40,AUG25,1992,
12302910,"Magar, Mohan",NEP,M,,,,1795,0,40,AUG25,1979,i
12312177,"Magar, Mohan Magarati",NEP,M,,,,1616,0,40,AUG25,1955,i
12320501,"Magar, Nirmal",NEP,M,,,,1456,0,40,AUG25,1993,i
12345520,"Magar, Rijan Thapa",NEP,M,,,,1649,0,40,AUG25,2009,
12353507,"Magar, Ritisha Gharti",NEP,F,,,,1621,0,40,AUG25,2007,wi
12336289,"Magar, Yuwaraj",NEP,M,,,,1641,0,40,AUG25,1987,i
12327158,"Magrati, Karna",NEP,M,,,,1771,0,40,AUG25,1962,i
12356972,"Mahara, Ayush Kumar",NEP,M,,,,1645,0,40,AUG25,2009,
12334340,"Maharjan, Angel",NEP,F,,,,1557,0,40,AUG25,2011,w
12306762,"Maharjan, Arjun",NEP,M,,,,1843,0,40,AUG25,1972,i
12301400,"Maharjan, Baburaja",NEP,M,,,,1883,0,20,AUG25,1969,i
12332232,"Maharjan, Basanta",NEP,M,,,,1729,0,40,AUG25,1994,i
12300462,"Maharjan, Bijay",NEP,M,,,,1889,0,20,AUG25,1974,i
12306517,"Maharjan, Dharmendra",NEP,M,,,,1765,0,40,AUG25,0,i
5086388,"Maharjan, Dipak",NEP,M,,,,1788,0,20,AUG25,1974,i
12305790,"Maharjan, Gyanendra",NEP,M,,,,1596,0,20,AUG25,1968,i
12305294,"Maharjan, Hari Bahadur",NEP,M,,,,1757,0,40,AUG25,1951,i
12316717,"Maharjan, Hari Krishna",NEP,M,,,,1726,0,40,AUG25,1970,i
12302589,"Maharjan, Herakaji",NEP,M,,,,1849,0,20,AUG25,1967,i
12335681,"Maharjan, Iresh",NEP,M,,,,1591,0,40,AUG25,1988,i
12334111,"Maharjan, Krijan",NEP,M,,,,ACM,1729,0,AUG25,1999,
12305804,"Maharjan, Krishna",NEP,M,,,,1791,0,40,AUG25,1993,i
12304522,"Maharjan, Krishna Man",NEP,M,,,,1838,0,20,AUG25,1964,i
12327174,"Maharjan, Kul Bahadur",NEP,M,,,,1520,0,40,AUG25,1942,i
12311308,"Maharjan, Kumar",NEP,M,,,,1680,6,40,AUG25,1982,
12310050,"Maharjan, Mahesh",NEP,M,,,,1632,0,40,AUG25,0,i
12305413,"Maharjan, Manoj",NEP,M,,,,1779,0,40,AUG25,1997,i
12306312,"Maharjan, Nhoojah",NEP,M,,,,1727,0,40,AUG25,0,i
12306320,"Maharjan, Omlal",NEP,M,,,,1719,0,40,AUG25,1981,i
12304409,"Maharjan, Prabin",NEP,M,,,,1791,0,40,AUG25,1979,i
12335185,"Maharjan, Pradeep",NEP,M,,,,1610,0,40,AUG25,1990,i
12304760,"Maharjan, Prakash",NEP,M,,,,1641,0,40,AUG25,1973,i
12300152,"Maharjan, Prem Krishna",NEP,M,,,,1883,0,20,AUG25,1975,
12300551,"Maharjan, Prem Lal",NEP,M,,,,1722,0,20,AUG25,1954,i
12301884,"Maharjan, Radha Krishna",NEP,M,,,,1806,0,20,AUG25,1966,i
12333794,"Maharjan, Raj Bhai",NEP,M,,,,1536,0,40,AUG25,1972,i
12301299,"Maharjan, Rajendra",NEP,M,,,,1704,4,40,AUG25,1984,
12305960,"Maharjan, Rajkaji",NEP,M,,,,1890,0,40,AUG25,1980,i
12301892,"Maharjan, Raju",NEP,M,,NA,,1569,0,20,AUG25,1984,
12311952,"Maharjan, Ram Krishna",NEP,M,,,,1652,2,40,AUG25,1958,
12303160,"Maharjan, Ram Singh",NEP,M,,,,1893,0,40,AUG25,1970,i
12301906,"Maharjan, Sajin",NEP,M,CM,,,1974,0,20,AUG25,1990,
12301302,"Maharjan, Sanjay",NEP,M,,,,1784,0,20,AUG25,1976,i
12301914,"Maharjan, Sanjay",NEP,M,,NA,,1718,0,40,AUG25,1992,i
12305812,"Maharjan, Sanu",NEP,M,,,,1687,0,20,AUG25,1971,i
12305308,"Maharjan, Sanu Kaji",NEP,M,,,,1788,0,40,AUG25,1951,i
12326747,"Maharjan, Sanubhai",NEP,M,,,,1693,0,20,AUG25,1990,
12306347,"Maharjan, Sunil",NEP,M,,,,1688,0,40,AUG25,0,i
12320293,"Maharjan, Suraj",NEP,M,,,,1859,0,40,AUG25,2000,i
12300950,"Maharjan, Surendra",NEP,M,,,,1812,0,40,AUG25,1978,i
12329100,"Maharjan, Suroj",NEP,M,,,,1924,8,20,AUG25,1991,
12300969,"Maharjan, Suryaman",NEP,M,,,,1924,0,40,AUG25,1965,i
12312185,"Mahato, Chudamani",NEP,M,,,,1729,13,20,AUG25,1985,
12300977,"Mahato, Rajkishor",NEP,M,,,,1954,0,40,AUG25,1960,i
12332720,"Mahato, Ramkripal",NEP,M,,,,1689,0,40,AUG25,1969,i
12328227,"Mahato, Sanjita kumari",NEP,F,,,,1467,0,40,AUG25,1992,wi
12320820,"Mainali, Bikash",NEP,M,,,,1873,0,20,AUG25,1989,
12361550,"Mainali, Dipan",NEP,M,,,,1559,5,40,AUG25,2014,
12302600,"Mainali, Jiwan",NEP,M,,,,1785,0,20,AUG25,1982,i
12311634,"Mainali, Kamal",NEP,M,,,,1812,0,20,AUG25,1995,i
12304670,"Mainali, M.P.",NEP,M,,,,1854,0,40,AUG25,1955,i
12368598,"Mainali, Saurav",NEP,M,,,,1517,7,40,AUG25,2012,
12306576,"Malakar, Man Prachanda",NEP,M,,,,1926,0,40,AUG25,0,i
12300985,"Malakar, Prachand Man",NEP,M,CM,,,1910,0,20,AUG25,1964,i
12304530,"Maleku, Mohan",NEP,M,,,,1837,0,40,AUG25,1960,i
12347558,"Mali, Ramesh Bir",NEP,M,,,,1816,0,40,AUG25,1993,i
12300209,"Malla, Digesh Shanker",NEP,M,,,,2204,0,20,AUG25,1981,
12308897,"Malla, Khum Bahadur",NEP,M,,,,1594,0,40,AUG25,1995,
12329118,"Malla, Rameshwor",NEP,M,,,,1662,0,40,AUG25,1987,
12310280,"Manandhar, Keshab",NEP,M,,,,1846,0,20,AUG25,1996,i
12344354,"Manandhar, Rojit",NEP,M,,,,1450,0,40,AUG25,2008,i
12304107,"Manandhar, Shyam",NEP,M,,,,1766,0,40,AUG25,1969,i
12337110,"Mandal, Ramdev",NEP,M,,,,1564,7,40,AUG25,1969,
12304948,"Mandal, Uttam",NEP,M,,,,1582,0,40,AUG25,1964,i
12309753,"Manny, Khadak Bahadur",NEP,M,,,,1734,0,40,AUG25,1976,i
12358886,"Marasini, Hridaya",NEP,M,,,,AGM,1670,7,AUG25,2006,
12335487,"Maurya, Mahesh",NEP,M,,,,1683,0,40,AUG25,2005,i
12335495,"Maurya, Nilam",NEP,F,,,,1600,0,40,AUG25,2005,wi
12318272,"Menyangbo, Bhagwati",NEP,M,,,,1543,0,40,AUG25,1969,i
12318264,"Menyangbo, Kishor",NEP,M,,,,1651,0,40,AUG25,1983,i
12318302,"Menyangbo, Man",NEP,M,,,,1610,0,40,AUG25,1971,i
12320528,"Menyangbo, Pawan",NEP,M,,,,1704,0,40,AUG25,1989,i
12308358,"Menyangbo, Rajkumar",NEP,M,,,,1728,0,20,AUG25,1979,i
12318329,"Menyangbo, Saroj",NEP,M,,,,1702,0,40,AUG25,1993,i
12304549,"Mishra, Kundan",NEP,M,,,,1875,0,40,AUG25,1981,i
12341932,"Moktan, Jhilke",NEP,M,,,,1718,0,40,AUG25,1979,
12342440,"Moktan, Jhilke",NEP,M,,,,1473,0,40,AUG25,1979,i
12315362,"Moktan, Pawan",NEP,M,,,,1590,0,40,AUG25,1984,i
12316342,"Moktan, Suman",NEP,M,,,,1779,0,20,AUG25,1981,
12338869,"More, Laksh",NEP,M,,,,1465,0,40,AUG25,2013,i
12339067,"Mukarung, Arya",NEP,M,,,,1671,0,40,AUG25,2006,i
12312320,"Mukhiya, Khusi",NEP,F,,,,1502,0,20,AUG25,2003,w
12304115,"Mushyakhwo, Deep",NEP,M,,,,1891,0,40,AUG25,1993,i
12345555,"Nag, Aarush",NEP,M,,,,1706,0,40,AUG25,2010,
12309397,"Nalmi, Binod",NEP,M,,,,1575,0,40,AUG25,1970,i
12300098,"Napit, Balaram",NEP,M,,,,1897,0,20,AUG25,1970,i
12331198,"Napit, Kiran",NEP,M,,,,1514,0,40,AUG25,1967,i
12307513,"Napit, Krishna Gopal",NEP,M,,,,1719,0,40,AUG25,1965,
12320137,"Nath, Kapildev",NEP,M,,,,1724,0,40,AUG25,1990,i
12357006,"Nayak, Aditya",NEP,M,,,,1612,0,40,AUG25,2008,
12354783,"Nembang, Jay Prakash",NEP,M,,,,1724,0,40,AUG25,1994,
12351296,"Nembang, Netra",NEP,M,,,,1457,0,40,AUG25,1993,i
12361208,"Nembang, Sunil",NEP,M,,,,1698,0,40,AUG25,2000,
12365203,"Nembang, Yogendra Bikram",NEP,M,,,,1738,0,40,AUG25,1973,
12316822,"Nepal, Gaurab",NEP,M,,,,1626,0,20,AUG25,2003,i
12363120,"Nepal, Imesh",NEP,M,,,,1867,0,40,AUG25,2008,
12300993,"Nepal, Prakash Chandra",NEP,M,,NA,,1977,9,20,AUG25,1990,
12329622,"Nepal, Prashant",NEP,M,,,,1672,0,40,AUG25,2001,i
12301000,"Nepal, Surendra Prasad",NEP,M,,,,1853,0,40,AUG25,1975,i
12300020,"Nepali, Badrilal",NEP,M,,,,1958,9,20,AUG25,1964,
12315079,"Neupane, Anish",NEP,M,,,,1749,0,40,AUG25,2002,i
12311642,"Neupane, Anisha",NEP,F,,,,1694,0,20,AUG25,2002,w
12338877,"Neupane, Ankit",NEP,M,,,,1522,0,40,AUG25,2003,
12340120,"Neupane, Binod",NEP,M,,,,1432,4,40,AUG25,1965,
12361054,"Neupane, Bishwajeet",NEP,M,,,,1648,0,40,AUG25,2005,
12340790,"Neupane, Durga",NEP,M,,,,1617,0,40,AUG25,1987,i
12338680,"Neupane, Gokarna",NEP,M,,,,1602,0,40,AUG25,1991,i
12316830,"Neupane, Jagaran",NEP,M,,,,1677,0,40,AUG25,1995,i
12345571,"Neupane, Manab",NEP,M,,,,1689,0,40,AUG25,2012,
12328235,"Neupane, Namrata",NEP,F,,,,1465,0,40,AUG25,2003,wi
12344850,"Neupane, Sajal",NEP,M,,,,1663,5,40,AUG25,2009,
12313742,"Neupane, Sampurnaraj",NEP,M,,,,1550,0,40,AUG25,2007,i
12323160,"Neupane, Shailendra",NEP,M,,,,1947,8,20,AUG25,1978,
12348880,"Neupane, Shuvam",NEP,M,,,,1676,0,40,AUG25,2005,i
12306126,"Ninglekhu, Bhakta",NEP,M,,,,1815,0,40,AUG25,1973,i
12306134,"Ninglekhu, Deu Kumar",NEP,M,,,,1747,0,20,AUG25,1968,i
12300128,"Niraula, Bhupendra",NEP,M,CM,FI,,1963,0,20,AUG25,1981,i
12361224,"Ojha, Bibek",NEP,M,,,,1518,0,40,AUG25,2010,
12331686,"Ojha, Bodharaj",NEP,M,,,,1495,0,40,AUG25,1964,i
12317225,"Ojha, Khusagri",NEP,M,,,,1725,0,40,AUG25,2009,i
12310557,"Ojha, Kirtik",NEP,M,,,,1680,0,40,AUG25,2001,i
12328146,"Ojha, Prakash",NEP,M,,,,1772,0,40,AUG25,1973,
12355089,"Ojha, Sunav",NEP,M,,,,1478,5,40,AUG25,2018,
12358894,"Oli, Bijay",NEP,M,,,,1520,0,40,AUG25,1963,
12327603,"Oli, Dhana Ram",NEP,M,,,,1625,0,40,AUG25,1972,i
12315370,"Oli, Dhanbir",NEP,M,,,,1794,0,40,AUG25,1976,i
12315869,"Oli, Laxmi Prasad",NEP,M,,,,1735,0,40,AUG25,1993,i
12327581,"Oli, Madan",NEP,M,,NA,,1676,0,20,AUG25,1997,
12301930,"Pahadi, Rajan",NEP,M,,NA,,1711,0,20,AUG25,1990,
12308382,"Pakhrin, Amrit",NEP,M,,,,1748,0,40,AUG25,0,i
12314390,"Palikhel, Rupesh Prasad",NEP,M,,,,1753,0,40,AUG25,1994,i
12332739,"Palungwa, Harkaraj",NEP,M,,,,1681,0,40,AUG25,1983,i
12320536,"Palungwa, Santosh",NEP,M,,,,1694,0,20,AUG25,1983,
12340243,"Pandak, Raj Kumar",NEP,M,,,,1733,0,40,AUG25,1990,i
12363596,"Pandey, Abhinav",NEP,M,,,,1696,7,40,AUG25,2009,
12303712,"Pandey, Abhishek",NEP,M,,,,1700,0,40,AUG25,2000,i
12329746,"Pandey, Abin",NEP,M,,,,1659,3,40,AUG25,2012,
12300101,"Pandey, Bheem Datt",NEP,M,,,,1670,0,20,AUG25,1973,
12343013,"Pandey, Dipendra",NEP,M,,,,1586,2,40,AUG25,1977,
12316474,"Pandey, Kusum",NEP,F,,NA,,1518,0,40,AUG25,2003,wi
12327573,"Pandey, Madan Kumar",NEP,M,,,,1683,0,40,AUG25,1981,
12338907,"Pandey, Prakash Chandra",NEP,M,,,,1500,0,40,AUG25,1982,i
12319171,"Pandey, Purusottam",NEP,M,,,,1687,0,20,AUG25,2003,i
12302384,"Pandey, Sajan",NEP,M,,,,2083,0,20,AUG25,1973,i
12306002,"Pandey, Sampanna",NEP,M,,,,1768,0,40,AUG25,1990,i
12342459,"Pandey, Sandesh",NEP,M,,,,1524,0,40,AUG25,2002,i
12363146,"Pandey, Tanaya",NEP,M,,,,1502,9,40,AUG25,2012,
12337340,"Pandeya, Arjun",NEP,M,,,,1708,0,40,AUG25,1989,
12352349,"Pandit, Saroj",NEP,M,,,,1613,0,40,AUG25,1998,i
12304808,"Pandit, Suraj",NEP,M,,,,1869,0,20,AUG25,1987,i
12330353,"Pandit, Ujjwal",NEP,M,,,,1618,0,40,AUG25,2000,i
12317233,"Paneru, Mahesh",NEP,M,,,,1686,0,40,AUG25,1982,i
12317586,"Pant, Dr. Mohan Prasad",NEP,M,,,,1717,0,40,AUG25,1975,i
12341150,"Pant, Hardik",NEP,M,,,,1646,8,40,AUG25,2014,
12320145,"Pant, Nabraj",NEP,M,,NA,,1761,0,20,AUG25,1998,
12357049,"Pant, Sarthak",NEP,M,,,,1741,4,40,AUG25,2011,
12312061,"Panta, Sumit",NEP,M,,,,1997,0,20,AUG25,1992,i
12343919,"Panthee, Oscar",NEP,M,,,,1549,1,40,AUG25,2012,
12315540,"Panthi, Baburam",NEP,M,,,,1809,0,40,AUG25,1976,i
12353167,"Panthi, Birendra Mani",NEP,M,,,,1522,0,40,AUG25,2010,i
12313750,"Parajuli, Bishwo",NEP,M,,,,1762,0,40,AUG25,1991,i
12349658,"Parajuli, Kshitiz",NEP,M,,,,1719,0,40,AUG25,2001,
12300594,"Parajuli, Rajendra Kumar",NEP,M,CM,,,1866,0,20,AUG25,1981,i
12326445,"Pasman, Arun",NEP,M,,,,1555,0,40,AUG25,1972,i
12330833,"Patahar , Jyoti",NEP,F,,NA,,1514,0,40,AUG25,2001,wi
12343390,"Patahar, Aadarsh",NEP,M,,,,1677,0,40,AUG25,2011,
12358908,"Pathak, Bishnu Prasad",NEP,M,,,,1734,7,40,AUG25,1973,
12365220,"Pathak, Nischal",NEP,M,,,,1694,0,40,AUG25,2011,
12343404,"Pathak, Prabal",NEP,M,,,,1439,0,40,AUG25,2007,i
5010497,"Pathak, Tekendra Raj",NEP,M,,,,1849,0,20,AUG25,1971,
12365238,"Pathak, Utsav",NEP,M,,,,1559,0,40,AUG25,2008,
12315559,"Paudel , Gobind Prasad",NEP,M,,,,1846,0,20,AUG25,1983,i
12319651,"Paudel , Kedar",NEP,M,,,,1645,0,40,AUG25,1973,
12330841,"Paudel, Gaurab",NEP,M,,,,1517,0,40,AUG25,2006,i
12330850,"Paudel, Govinda Prasad",NEP,M,,,,1574,0,40,AUG25,1972,i
12365254,"Paudel, Kushal",NEP,M,,,,1549,0,40,AUG25,2008,
12303178,"Paudel, Roshan",NEP,M,,,,1806,0,40,AUG25,1997,i
12362360,"Paudel, Shankar",NEP,M,,,,1542,0,40,AUG25,2002,
12319660,"Paudel, Tilachan",NEP,M,,,,1527,0,40,AUG25,1986,
12312886,"Paudel, Yubraj",NEP,M,,,,1923,0,20,AUG25,2002,i
12326178,"Paudyal, Divakar",NEP,M,,,,1703,0,40,AUG25,1985,i
12326453,"Phanait, Sangam Kumar",NEP,M,,,,1712,0,40,AUG25,1994,i
12354449,"Pheudin, Suraj",NEP,M,,,,1579,0,40,AUG25,1999,i
12312649,"Phuyal, Aashish",NEP,M,,,,1955,9,20,AUG25,1997,
12349950,"Phuyal, Gobinda",NEP,M,,,,1638,0,40,AUG25,1979,
12318370,"Poddar, Bibek",NEP,M,,,,1629,0,40,AUG25,2004,i
12338362,"Pokharel, Binayak",NEP,M,,,,1653,0,40,AUG25,1991,i
12329770,"Pokharel, Dipankar",NEP,M,,,,1650,0,40,AUG25,2000,i
12318892,"Pokharel, Samir",NEP,M,,,,1532,0,40,AUG25,2002,i
12327182,"Pokharel, Umang",NEP,M,,,,1665,0,40,AUG25,2001,i
12343412,"Pokhrel, Ankit",NEP,M,,,,1585,0,40,AUG25,2006,i
12302988,"Pokhrel, Anup",NEP,M,,,,1790,0,20,AUG25,1982,i
12324728,"Pokhrel, Dipak",NEP,M,,,,1684,0,40,AUG25,1963,i
12319180,"Pokhrel, Diwas",NEP,M,,,,1657,0,40,AUG25,1991,i
12308404,"Pokhrel, Gopal Prasad",NEP,M,,,,1773,0,40,AUG25,0,i
12329320,"Pokhrel, Nagendra Prasad",NEP,M,,,,1686,0,40,AUG25,1983,i
12306150,"Pokhrel, Rajan Kumar",NEP,M,,,,1870,9,20,AUG25,1981,
12330876,"Pokhrel, Sangam",NEP,M,,NA,,1609,0,40,AUG25,1998,
12315877,"Pokhrel, Saurav",NEP,M,,,,1629,0,40,AUG25,2002,i
12362786,"Poudel, Ankit",NEP,M,,,,1696,0,40,AUG25,2011,
12317004,"Poudel, Bipan",NEP,M,,,,1771,0,40,AUG25,1978,i
12307521,"Poudel, Devi Prasad",NEP,M,,,,1621,0,40,AUG25,1975,i
12310573,"Poudel, Ganesh",NEP,M,,,,1582,0,40,AUG25,1997,i
12349666,"Poudel, Manish",NEP,M,,,,1595,0,40,AUG25,2008,i
12332895,"Poudel, Raju",NEP,M,,,,1798,0,40,AUG25,1974,i
12309931,"Poudel, Shiv Prasad",NEP,M,,NA,,1656,0,20,AUG25,1970,
12336629,"Poudel, Sudip",NEP,M,,,,1729,0,40,AUG25,2004,
12354198,"Poudel, Sulav",NEP,M,,,,1685,0,40,AUG25,2008,
12348392,"Poudwal, Paban",NEP,M,,,,1654,4,40,AUG25,1983,
12353647,"Pradhan, Anish",NEP,M,,,,1609,0,40,AUG25,2007,i
12304689,"Pradhan, Bibek",NEP,M,,,,1734,0,40,AUG25,1978,i
12300446,"Pradhan, Madhav Prasad",NEP,M,,,,1833,0,20,AUG25,1972,i
12301957,"Pradhan, Mohan Singh",NEP,M,,,,1522,3,20,AUG25,1959,
12304697,"Pradhan, Mukul Prasad",NEP,M,,,,1852,0,40,AUG25,1976,i
12326470,"Pradhan, Nabin",NEP,M,,,,1736,8,40,AUG25,1998,
12301418,"Pradhan, Rahul Chau",NEP,M,,,,1822,8,20,AUG25,1984,
12340251,"Pradhan, Sangita",NEP,F,,NA,,1485,0,40,AUG25,1982,wi
12301035,"Pradhan, Saurav Prasad",NEP,M,,,,1820,0,20,AUG25,1992,i
12309478,"Pradhan, Shukra Kumar",NEP,M,,,,1497,0,40,AUG25,1961,i
12311812,"Pradhan, Sudarshan",NEP,M,,,,1799,0,40,AUG25,1969,i
12324892,"Prajapati, Anshu Dil",NEP,F,,,,1474,0,40,AUG25,2007,wi
12301965,"Prajapati, Bhairaja",NEP,M,,,,1798,0,40,AUG25,1978,i
12300543,"Prajapati, Niranjan",NEP,M,,,,1933,0,20,AUG25,1984,i
12301973,"Prajapati, Raj",NEP,M,,,,1849,0,20,AUG25,1998,i
12332283,"Prajapati, Shashi",NEP,M,,,,1690,0,40,AUG25,1997,i
12301981,"Prajapati, Shree Krishna",NEP,M,,,,1843,0,40,AUG25,1995,i
12310310,"Prajapati, Suresh",NEP,M,,,,1675,0,40,AUG25,1986,i
12304158,"Prajapati, Suryasan",NEP,M,,,,1777,0,40,AUG25,1988,i
12358924,"Prasai, Anish",NEP,M,,,,1576,0,40,AUG25,2005,
12307548,"Prasain, Punam",NEP,F,,NA,,1605,0,20,AUG25,2003,w
12300667,"Priye, Bikram",NEP,M,,,,1686,0,20,AUG25,1975,i
12334324,"Prof. DR. Karki, Indra Bahadur",NEP,M,,,,1737,0,40,AUG25,1959,i
12311995,"Pudasaini, Aava",NEP,F,,,,1561,0,20,AUG25,2003,wi
12313769,"Pudasaini, Ashirbad",NEP,M,,,,1603,0,40,AUG25,2001,i
12311650,"Pudasaini, Biraj",NEP,M,,,,1765,0,20,AUG25,2002,i
12324019,"Pudasaini, Niranjan",NEP,M,,,,1786,0,40,AUG25,1979,i
12324027,"Pudasaini, Ramesh",NEP,M,,,,1631,0,40,AUG25,1980,i
12311669,"Pudasaini, Sushant",NEP,M,,,,1693,0,40,AUG25,1995,i
12320161,"Pun Magar, Chaibendra",NEP,M,,,,1716,0,40,AUG25,1980,i
12343420,"Pun Magar, Xitiz",NEP,M,,,,1624,0,40,AUG25,2007,i
12315389,"Pun, Babidewal",NEP,M,,,,1673,0,40,AUG25,1994,i
12304565,"Pun, Dil",NEP,M,,,,1852,0,40,AUG25,1978,i
12315397,"Pun, Dr. Dipendra",NEP,M,,,,1722,0,40,AUG25,1962,i
12353221,"Pun, Harka Bahadur",NEP,M,,,,1540,0,40,AUG25,1967,i
12330884,"Pun, Khim Bahadur",NEP,M,,,,1684,3,20,AUG25,2005,
12315400,"Pun, Khim Bahadur",NEP,M,,,,1596,0,40,AUG25,1979,i
12320170,"Pun, Milan",NEP,M,,,,1653,0,40,AUG25,2003,i
12334898,"Pun, Sidharth",NEP,M,,,,1545,0,40,AUG25,2005,i
12300500,"Puri, Rajan",NEP,M,,,,1917,8,20,AUG25,1981,
12305154,"Pyakurel, Jhamak Prasad",NEP,M,,,,1662,0,20,AUG25,1960,i
12305820,"Raghubanshi, Shuk Dev",NEP,M,,,,1773,0,40,AUG25,1937,i
12304573,"Rai, Abiral",NEP,M,,,,1691,5,20,AUG25,1971,
12320846,"Rai, Akash",NEP,M,,,,1620,0,40,AUG25,2005,i
12302830,"Rai, Amir",NEP,M,,,,1768,0,20,AUG25,1977,i
12343021,"Rai, Armas",NEP,M,,,,1652,0,40,AUG25,2009,i
12351318,"Rai, Ate Jung",NEP,M,,,,1631,10,40,AUG25,1973,
12340570,"Rai, Bhagat Kumar",NEP,M,,,,1519,0,40,AUG25,1971,
12368610,"Rai, Bhupendra",NEP,M,,,,1455,8,40,AUG25,1996,
12300381,"Rai, Bikram",NEP,M,,,,1636,0,20,AUG25,0,
12334154,"Rai, Binay",NEP,M,,,,1769,0,40,AUG25,2002,i
12365300,"Rai, Binita",NEP,F,,,,1519,0,40,AUG25,2005,w
12362379,"Rai, Bisu",NEP,M,,,,1675,0,40,AUG25,1981,
12306169,"Rai, Buddhi Kumar",NEP,M,,,,1765,0,40,AUG25,1973,i
12312053,"Rai, Buddhiman",NEP,M,,,,1745,0,40,AUG25,1964,i
12352586,"Rai, Chandra Mani",NEP,M,,,,1509,10,40,AUG25,1995,
12303186,"Rai, Chudamani Kulung",NEP,M,,,,1776,8,20,AUG25,1969,
12326500,"Rai, Dambar Bahadur",NEP,M,,,,1606,0,40,AUG25,1997,i
12340391,"Rai, Dharma Raj",NEP,M,,,,1719,0,40,AUG25,1966,i
12334162,"Rai, Dhiren",NEP,M,,,,1943,18,20,AUG25,1995,
12368628,"Rai, Dibya",NEP,M,,,,1500,5,40,AUG25,2016,
12307556,"Rai, Dipen",NEP,M,,,,1718,0,40,AUG25,1989,i
12361259,"Rai, Dipendra Bikram",NEP,M,,,,1499,0,40,AUG25,1996,
12334383,"Rai, Dipendra K",NEP,M,,,,1724,0,40,AUG25,1991,i
12306819,"Rai, Diwakar",NEP,M,,,,1864,0,40,AUG25,1963,i
12362387,"Rai, Diwas",NEP,M,,,,1596,0,40,AUG25,1997,
12343030,"Rai, Diya",NEP,M,,,,1577,0,40,AUG25,2009,i
12326879,"Rai, Ganesh",NEP,M,,,,1703,0,40,AUG25,1984,i
12320560,"Rai, Harka",NEP,M,,,,1559,0,40,AUG25,1982,i
12362395,"Rai, Harka Raj",NEP,M,,,,1675,0,40,AUG25,1995,
12316415,"Rai, Harka Raj",NEP,M,,,,1622,0,20,AUG25,1983,i
12327468,"Rai, Hem Kumar",NEP,M,,,,1822,0,40,AUG25,1976,i
12368644,"Rai, Henkhama",NEP,M,,,,1466,5,40,AUG25,2012,
12302406,"Rai, Himal",NEP,M,,NA,,1849,0,20,AUG25,1985,
12326518,"Rai, Jeevan",NEP,M,,,,1732,0,40,AUG25,1981,i
12365319,"Rai, Jeevan",NEP,M,,,,1727,0,40,AUG25,1984,
12325155,"Rai, Khila Raj",NEP,M,,,,1739,0,20,AUG25,1977,
12340278,"Rai, Kishor Dev",NEP,M,,,,1586,5,20,AUG25,1970,
12343056,"Rai, Krishna Kumar",NEP,M,,,,1694,0,40,AUG25,1988,i
12319341,"Rai, Kuber",NEP,M,,,,1764,0,40,AUG25,1990,i
12340286,"Rai, Lalit Bahadur",NEP,M,,NA,,1821,9,20,AUG25,1996,
12336882,"Rai, Madan",NEP,M,,,,1670,0,40,AUG25,2003,i
12327476,"Rai, Manbir",NEP,M,,,,1651,0,40,AUG25,1985,i
12362794,"Rai, Mani Ram",NEP,M,,,,1596,0,40,AUG25,1987,
12326526,"Rai, Milan",NEP,M,,,,1626,0,40,AUG25,1989,i
12362417,"Rai, Namsang",NEP,M,,,,1630,0,40,AUG25,2010,
12339784,"Rai, Narayan",NEP,M,,,,1660,7,20,AUG25,1982,
12319678,"Rai, Narendra",NEP,M,,,,1779,0,40,AUG25,1969,i
12368652,"Rai, Nelsan",NEP,M,,,,1443,5,40,AUG25,2014,
12306177,"Rai, Nirmal Kumar",NEP,M,,,,1756,0,40,AUG25,1963,i
12316563,"Rai, Parshuram",NEP,M,,,,1936,0,40,AUG25,1989,i
12326534,"Rai, Pawan",NEP,M,,,,1537,4,40,AUG25,1971,
12339075,"Rai, Pukar",NEP,M,,NA,,1707,0,40,AUG25,1989,i
12346772,"Rai, Raj Kumar",NEP,M,,,,1663,7,40,AUG25,1984,
12352608,"Rai, Raj Kumar",NEP,M,,,,1612,0,40,AUG25,1990,
12343072,"Rai, Raj Kumar",NEP,M,,,,1590,7,40,AUG25,1965,
12301043,"Rai, Rajendra",NEP,M,,,,1914,8,20,AUG25,1983,
12308412,"Rai, Rajendra Kumar",NEP,M,,,,1773,0,40,AUG25,0,i
12324914,"Rai, Rajkumar",NEP,M,,,,1732,0,40,AUG25,2006,i
12320854,"Rai, Ramshankar",NEP,M,,,,1726,0,40,AUG25,1977,i
12313416,"Rai, Ranjit",NEP,M,,,,1764,0,20,AUG25,1993,
12338923,"Rai, Rebel",NEP,M,,,,1727,0,40,AUG25,2002,i
12351334,"Rai, Saiman",NEP,M,,,,1756,0,40,AUG25,2007,i
12302015,"Rai, Sanjay",NEP,M,,,,1699,0,20,AUG25,1987,i
12351369,"Rai, Semril",NEP,F,,,,1430,3,40,AUG25,2011,w
12362441,"Rai, Sohan",NEP,M,,,,1619,4,40,AUG25,2008,
12320242,"Rai, Sukdev",NEP,M,,,,1704,0,40,AUG25,1983,i
12302821,"Rai, Suman",NEP,M,,,,1915,0,20,AUG25,1989,i
12363154,"Rai, Sumesh",NEP,M,,,,1487,8,40,AUG25,2008,
12320986,"Rai, Surendra",NEP,M,,,,1598,0,40,AUG25,2004,i
12307572,"Rai, Surendra Kumar",NEP,M,,,,1777,8,20,AUG25,1974,
12341177,"Rai, Suresh",NEP,M,,,,1619,0,40,AUG25,1984,
12365327,"Rai, Swarnim",NEP,M,,,,1491,0,40,AUG25,2010,
12361976,"Rai, Tika Ram",NEP,M,,,,1608,0,40,AUG25,1990,
12307580,"Rai, Tirtha Man",NEP,M,,,,1783,0,40,AUG25,1972,i
12300373,"Rai, Umesh",NEP,M,,,,1755,7,20,AUG25,1980,
12351377,"Rai, Utsav",NEP,M,,,,1527,0,40,AUG25,2012,i
12343080,"Rai, Yogesh",NEP,M,,,,1710,7,40,AUG25,2010,
12300144,"Rajbahak, Anil",NEP,M,,,,2008,0,20,AUG25,1979,i
12307912,"Rajbahak, Shyam",NEP,M,,,,1625,0,40,AUG25,1964,i
12368679,"Rajbanshi, Jay",NEP,M,,,,1703,7,40,AUG25,2005,
12342688,"Rajbansi, Ranjan",NEP,M,,,,1714,0,40,AUG25,1993,i
12302813,"Rajbhandari, Mahendra Kumar",NEP,M,,,,1801,0,40,AUG25,1957,i
12300403,"Rajbhandari, Rijendra",NEP,M,FM,,,2009,0,20,AUG25,1974,
12346799,"Rajkarnikar, Bijesh",NEP,M,,,,1823,0,40,AUG25,1996,
12355909,"Rajkarnikar, Buddhi",NEP,M,,,,1592,0,40,AUG25,1966,
12308544,"Rajkarnikar, Prakash Raj",NEP,M,,,,1611,0,40,AUG25,1961,i
12301230,"Rajopadhyay, Prajwol Raj",NEP,M,,,,1876,0,20,AUG25,1991,i
12305022,"Rajthala, Dharma Lal",NEP,M,,,,1835,0,40,AUG25,1951,i
12300411,"Rajthala, Dhirab",NEP,M,,,,1888,0,20,AUG25,1984,i
12329142,"Ramtel, Prachanda",NEP,M,,,,1613,0,40,AUG25,1981,i
12340367,"Rana, Bhuddikala",NEP,F,,,,1570,0,40,AUG25,2002,wi
12317039,"Rana, Krishna Kumar",NEP,M,,,,1693,0,40,AUG25,1982,i
12360163,"Rana, Niraj",NEP,M,,,,1671,0,40,AUG25,2006,
12302040,"Rana, Peter",NEP,M,,,,1833,0,40,AUG25,1977,i
12317250,"Rana, Phulchan",NEP,M,,,,1655,0,40,AUG25,1985,i
12331830,"Ranabhat, Narendra",NEP,M,,,,1584,0,40,AUG25,1971,i
12342033,"Rathi, Harshvardhan",NEP,M,,,,1587,2,40,AUG25,2011,
12314609,"Rauniyar, Ayushman",NEP,M,,,,1645,0,40,AUG25,2000,i
12306827,"Rauniyar, Deepak Kumar",NEP,M,,,,1742,0,40,AUG25,1965,i
12300616,"Rauniyar, Rakesh",NEP,M,,,,1876,0,20,AUG25,1982,i
12316610,"Raut, Samiksha",NEP,F,,,,1469,0,40,AUG25,2002,wi
12346810,"Raut, Suraj",NEP,M,,,,1691,0,40,AUG25,2006,
12316628,"Raut, Sushil",NEP,M,,,,1443,0,40,AUG25,2003,i
12356174,"Rawal, Arpan",NEP,M,,,,1582,0,40,AUG25,2012,
12300420,"Rawal, Basant",NEP,M,,,,1816,0,20,AUG25,1967,
12328170,"Rawal, Dabale",NEP,M,,,,1716,0,40,AUG25,1967,i
12336025,"Rawal, Nirajan",NEP,M,,,,1624,0,40,AUG25,2003,i
12327557,"Rawal, Nirak Bahadur",NEP,M,,,,1624,0,40,AUG25,1970,i
12319872,"Rawal, Purna Bahadur",NEP,M,,,,1554,0,40,AUG25,1998,i
12312860,"Ray, Suraj",NEP,M,,,,1807,0,20,AUG25,1988,
12327492,"Raya, Raj Kumar",NEP,M,,,,1766,0,40,AUG25,1972,
12313777,"Raymajhi, Madan",NEP,M,,,,1768,0,20,AUG25,1966,i
12302058,"Regmi, Laxman Kumar",NEP,M,,,,1800,0,20,AUG25,1953,i
12328332,"Regmi, Rukesh",NEP,M,,,,1649,0,40,AUG25,2003,i
12319201,"Regmi, Shikhar",NEP,M,,,,1701,0,20,AUG25,1991,
12316504,"Regmi, Yesoda",NEP,F,,,,1663,0,40,AUG25,2002,wi
12315419,"Reule, Dhiraj",NEP,M,,,,1693,0,40,AUG25,2004,i
12310875,"Reule, Uttam",NEP,M,,,,1836,0,40,AUG25,1992,i
12365360,"Rijal, Aadarsha",NEP,M,,,,1720,0,40,AUG25,2007,
12321966,"Rijal, Aayush",NEP,M,,,,1437,0,40,AUG25,2006,i
12362468,"Rijal, Alish",NEP,M,,,,1576,8,40,AUG25,2009,
12300438,"Rijal, Rajendra Prasad",NEP,M,,,,1831,0,40,AUG25,1961,i
12341185,"Rijal, Sabnam",NEP,F,,,,1481,1,40,AUG25,2010,w
12325295,"Rijal, Subash",NEP,M,,NA,,1659,0,40,AUG25,1986,i
12316024,"Rimal, Apil",NEP,M,,,,1677,0,40,AUG25,2002,i
12301264,"Roka, Milan",NEP,M,,,,1806,0,20,AUG25,1980,i
12330930,"Roka, Sabir",NEP,M,,,,1622,0,40,AUG25,2009,i
12316733,"Roka, Yagya",NEP,M,,,,1809,0,40,AUG25,1996,i
12356212,"Rokaya, Bihani",NEP,M,,,,1440,0,40,AUG25,2012,
12353531,"Rokaya, Salik",NEP,M,,,,1639,0,40,AUG25,2010,
12316580,"Rokaya, Yagya",NEP,M,,,,1861,0,40,AUG25,1995,i
12306835,"Rupacha, Hari",NEP,M,,,,1619,0,40,AUG25,1984,
12302570,"Rupacha, Padam",NEP,M,,,,1792,0,20,AUG25,1989,i
12343099,"Sabenhang, Krish",NEP,M,,,,1568,6,20,AUG25,1994,
12306363,"Sahu, Panch Kumar",NEP,M,,,,1605,0,20,AUG25,1970,i
12329789,"Sahu, Pradip",NEP,M,,,,1593,0,40,AUG25,1999,i
12328189,"Sai, Sagar",NEP,M,,,,1798,0,20,AUG25,1990,
12314900,"Saiju, Naresh",NEP,M,,,,1775,0,40,AUG25,1968,i
12339490,"Sainju, Agrim",NEP,M,,,,1680,2,40,AUG25,2014,
12301205,"Sainju, Umesh",NEP,M,,,,1852,0,20,AUG25,1973,i
12325163,"Salaudin, Mansoor",NEP,M,,,,1649,0,40,AUG25,1975,i
12316253,"Samba, Lok Sagar",NEP,M,,,,1805,8,20,AUG25,1982,
12307262,"Sambahamphe, Mahendra Kumar",NEP,M,,,,1755,12,20,AUG25,1980,
12340804,"Samsohang, Bal Bahadur",NEP,M,,,,1624,0,40,AUG25,1971,
12340812,"Sanba, Jiten",NEP,M,,,,1575,0,40,AUG25,1983,i
12304930,"Sanjel, Balram",NEP,M,,,,1807,0,20,AUG25,1975,i
12305839,"Sanjel, Devendra",NEP,M,,,,1660,0,40,AUG25,1986,i
12315931,"Sanjel, Dinesh",NEP,M,,,,1671,0,40,AUG25,1986,i
12320315,"Sanjel, Muktinath",NEP,M,,,,1810,0,40,AUG25,1976,i
12319686,"Sapkota, Daman",NEP,M,,,,1728,0,40,AUG25,1987,i
12319031,"Sapkota, Juna Nath",NEP,M,,,,1750,0,40,AUG25,1986,i
12325171,"Sapkota, Nirmal",NEP,M,,,,1761,0,40,AUG25,1992,i
12310883,"Sapkota, Pawan",NEP,M,,,,1771,0,20,AUG25,1990,i
12361321,"Sapkota, Shruti",NEP,M,,,,1513,0,40,AUG25,2010,
12325180,"Saraf, Rajan",NEP,M,,,,1577,0,40,AUG25,1990,i
12345644,"Satyal, Suprime",NEP,M,,,,1614,0,40,AUG25,2007,
12316512,"Saud, Sushila",NEP,F,,,,1575,0,40,AUG25,2001,wi
12315672,"Sedhai, Naman",NEP,F,,,,1507,0,20,AUG25,2001,w
12364118,"Sekh, Mo? Sahil Ali",NEP,M,,,,1770,0,40,AUG25,2009,
12320579,"Sembu, Kali Bahadur",NEP,M,,,,1588,0,40,AUG25,1991,i
12353655,"Sen, Kshitij",NEP,M,,,,1683,0,40,AUG25,2008,i
12331260,"Sendang, Mohan Bahadur",NEP,M,,,,1713,0,40,AUG25,1968,i
12316873,"Sendang, Ram Kumar",NEP,M,,,,1673,0,40,AUG25,1999,i
12320587,"Senehang, Ganesh",NEP,M,,,,1642,0,40,AUG25,1964,i
12351474,"Serma, Hari Kumar",NEP,M,,,,1593,2,40,AUG25,1969,
12354899,"Serma, Santosh",NEP,M,,,,1569,0,40,AUG25,1980,
12312525,"Serpali, Subodhraj",NEP,M,,,,1810,0,40,AUG25,1985,i
12311839,"Seth, Laxman Kumar",NEP,M,,NA,,1729,0,20,AUG25,1971,
12330981,"Shah , Subash",NEP,M,,,,1456,0,40,AUG25,2007,
12320870,"Shah, Aanand",NEP,M,,,,1541,0,40,AUG25,2003,i
12339504,"Shah, Abheek",NEP,M,,,,AIM,1928,8,AUG25,2009,
12315427,"Shah, Anju",NEP,F,,NA,,1605,0,40,AUG25,2001,wi
12329738,"Shah, Anup Jung",NEP,M,,,,1744,0,40,AUG25,2010,
12335053,"Shah, Babukaji Bikram",NEP,M,,,,1758,0,40,AUG25,1968,i
12302619,"Shah, Brijbihari",NEP,M,,,,1799,0,40,AUG25,1964,i
12312533,"Shah, Jit Kumar",NEP,M,,,,1662,0,40,AUG25,1986,i
12366684,"Shah, Kiran Kumar",NEP,M,,,,1591,7,40,AUG25,2005,
12302074,"Shah, Krishna",NEP,M,,,,1881,0,20,AUG25,1990,i
12324418,"Shah, Priya Kumari",NEP,F,,,,1537,0,40,AUG25,2006,wi
12315133,"Shah, Raj Kumar",NEP,M,,,,1598,0,40,AUG25,2001,i
12302627,"Shah, Ram Surat Prasad",NEP,M,,,,1662,0,20,AUG25,1956,i
12334413,"Shah, Satish",NEP,M,,,,1680,0,40,AUG25,2005,
12330990,"Shah, Shristi",NEP,F,,,,1552,0,40,AUG25,2009,w
12302090,"Shah, Shyam Babu",NEP,M,,,,1889,0,40,AUG25,1985,i
12303216,"Shah, Surendra Kumar",NEP,M,,,,1773,0,40,AUG25,1959,i
12308439,"Shah, Umesh",NEP,M,,,,1788,0,20,AUG25,1991,i
12320188,"Shahi, Bakta Bahadur",NEP,M,,,,1736,0,40,AUG25,2001,i
12366170,"Shahi, Bibek Jung",NEP,M,,,,1568,0,40,AUG25,2006,
12364703,"Shahi, Bishesh",NEP,M,,,,1653,11,40,AUG25,2008,
12335525,"Shahi, Bishnu",NEP,M,,,,1735,0,40,AUG25,2012,
12317268,"Shahi, Dhurba",NEP,M,,,,1755,0,40,AUG25,1990,i
12304611,"Shahi, Gagan Bahadur",NEP,M,,,,1738,0,40,AUG25,0,i
12329177,"Shahi, Rajan",NEP,M,,,,1798,0,40,AUG25,1989,i
12331040,"Shahi, Rajkumar",NEP,M,,,,1671,0,40,AUG25,1977,i
12311677,"Shakya, Amin",NEP,M,,,,1914,0,40,AUG25,1997,
12334928,"Shakya, Amrit",NEP,M,,,,1817,2,40,AUG25,2002,
12335762,"Shakya, Kuber Bajra",NEP,M,,,,1574,0,40,AUG25,2002,i
12304700,"Shakya, Mangal Raj",NEP,M,,,,1809,0,40,AUG25,1975,i
12301078,"Shakya, Meyak Raj",NEP,M,,,,1876,0,40,AUG25,1970,i
12301086,"Shakya, Rabindra",NEP,M,,,,1818,0,20,AUG25,1958,i
12315150,"Shakya, Rajbhai",NEP,M,,,,1755,0,40,AUG25,1956,i
12304450,"Shakya, Raju",NEP,M,,,,1884,0,40,AUG25,1987,i
12306851,"Shakya, Ravi Man",NEP,M,,,,1906,0,40,AUG25,1953,i
12300586,"Shakya, Tri-ratna",NEP,M,,,,1872,0,40,AUG25,1957,i
12316520,"Sharma, Anju",NEP,F,,,,1639,0,40,AUG25,1994,wi
12300624,"Sharma, Bhagawati Prasad",NEP,M,CM,,,1815,6,20,AUG25,1967,
12307092,"Sharma, Bimal Kumar",NEP,M,,,,1825,0,40,AUG25,1981,i
12320897,"Sharma, Kedar Prasad",NEP,M,,,,1558,0,40,AUG25,1971,i
12315940,"Sharma, Ram Krishna",NEP,M,,,,1663,0,40,AUG25,1964,i
12338427,"Sharma, Shirish",NEP,M,,,,1596,0,40,AUG25,1991,
12306037,"Sherpa, Mangate",NEP,M,,,,1720,0,40,AUG25,1967,i
12312371,"Sherpa, Ngima",NEP,M,,,,1667,0,20,AUG25,1992,
12326895,"Sherpa, Pasang",NEP,M,,,,1460,0,40,AUG25,1978,
12303330,"Sherpa, Seraoungju",NEP,M,,,,1729,0,40,AUG25,1978,i
12320323,"Sherstha, Bikram",NEP,M,,,,1686,0,40,AUG25,2000,i
12322946,"Shiwakoti, Kabindra",NEP,M,,,,1732,0,40,AUG25,2001,
12362484,"Shrestha, Aayan",NEP,M,,,,1767,7,40,AUG25,2010,
12306860,"Shrestha, Abhishek",NEP,M,,,,1705,0,40,AUG25,1996,i
12328774,"Shrestha, Abishrey",NEP,M,,,,1722,4,40,AUG25,2005,
12306401,"Shrestha, Anish",NEP,M,,,,1747,0,40,AUG25,1975,i
12306533,"Shrestha, Ashok Mohan",NEP,M,,,,1743,6,20,AUG25,1970,
12338435,"Shrestha, Awan Krishna",NEP,M,,,,1615,0,40,AUG25,1987,i
12347140,"Shrestha, Basanta",NEP,M,,,,1592,0,40,AUG25,1968,
12306410,"Shrestha, Bibek",NEP,M,,,,1873,0,20,AUG25,2000,i
12319880,"Shrestha, Bibek Raj",NEP,M,,,,1657,0,40,AUG25,1984,i
12303780,"Shrestha, Bijay Man",NEP,M,,,,1900,0,20,AUG25,1959,i
12307920,"Shrestha, Bikram Dhoj",NEP,M,,,,1810,0,20,AUG25,1992,i
12300047,"Shrestha, Bilam Lal",NEP,M,FM,,,1979,0,20,AUG25,1964,
12315958,"Shrestha, Binay",NEP,M,,,,1661,0,40,AUG25,1966,i
12329967,"Shrestha, Birendra Kumar",NEP,M,,,,1644,0,40,AUG25,1979,i
12310336,"Shrestha, Bishal Kumar",NEP,M,,,,1605,0,20,AUG25,1993,i
12325198,"Shrestha, Deepak Raj",NEP,M,,,,1675,0,40,AUG25,1983,i
12368695,"Shrestha, Dev Kumar",NEP,M,,,,1735,9,40,AUG25,1982,
12302805,"Shrestha, Dinesh",NEP,M,,,,1897,0,40,AUG25,1969,i
12301116,"Shrestha, Gopal",NEP,M,,,,1740,0,40,AUG25,1968,i
12302147,"Shrestha, Govinda Man",NEP,M,,NA,,1686,0,20,AUG25,1981,
12300691,"Shrestha, Gyanendra Prasad",NEP,M,,,,1829,0,20,AUG25,1954,i
12302481,"Shrestha, Hari",NEP,M,,,,1772,0,40,AUG25,1984,i
12311090,"Shrestha, Harsit",NEP,M,,,,1915,0,40,AUG25,0,i
12329649,"Shrestha, Hridaya",NEP,M,,,,1635,0,40,AUG25,1971,i
12301434,"Shrestha, Ishwar Kumar",NEP,M,,,,1804,0,40,AUG25,1975,i
12300497,"Shrestha, Janardan",NEP,M,,,,1917,8,20,AUG25,1958,
12310352,"Shrestha, Jen",NEP,M,,,,1727,0,20,AUG25,1979,
12325619,"Shrestha, Jen",NEP,M,,,,1626,0,40,AUG25,1987,i
12342190,"Shrestha, Jesis",NEP,M,,,,1675,0,40,AUG25,2000,
12310913,"Shrestha, Jitendra S",NEP,M,,,,1846,0,40,AUG25,1958,i
12302155,"Shrestha, Kamal",NEP,M,,,,1892,7,20,AUG25,1979,
12300055,"Shrestha, Keshav",NEP,M,CM,NA,,1931,0,20,AUG25,1972,i
12307661,"Shrestha, Krishna Bahadur",NEP,M,,,,1846,0,40,AUG25,1953,i
12302163,"Shrestha, Krishna Hari",NEP,M,,,,1858,0,20,AUG25,1956,i
12303968,"Shrestha, Krishna Prasad",NEP,M,,,,1817,0,40,AUG25,1955,i
12301256,"Shrestha, Lav Kumar",NEP,M,,,,1876,0,20,AUG25,1951,i
12315516,"Shrestha, Man Bahadur",NEP,M,,,,1634,0,40,AUG25,1949,i
12315567,"Shrestha, Manoj",NEP,M,,NA,,1564,0,40,AUG25,1985,i
12342530,"Shrestha, Manoj Kumar",NEP,M,,,,1835,8,40,AUG25,2001,
12306908,"Shrestha, Mohan",NEP,M,,,,1560,0,40,AUG25,1985,i
12340634,"Shrestha, Muhan Narshing",NEP,M,,,,1891,0,20,AUG25,2006,
12302678,"Shrestha, Nabin Kumar",NEP,M,,,,1853,0,20,AUG25,1977,i
12335797,"Shrestha, Niranjan",NEP,M,,,,1603,0,40,AUG25,1995,i
12314935,"Shrestha, Nishant",NEP,M,,NA,,1722,0,20,AUG25,2002,i
12325651,"Shrestha, Padam Krishna",NEP,M,,,,1619,7,20,AUG25,1983,
12332950,"Shrestha, Pradip",NEP,M,,,,1518,0,40,AUG25,1994,i
12355410,"Shrestha, Pratyus",NEP,M,,,,1541,12,40,AUG25,2012,
12327212,"Shrestha, Prithivi Raj",NEP,M,,,,1752,0,40,AUG25,1963,i
12304794,"Shrestha, Process",NEP,M,,,,1856,0,40,AUG25,2000,i
12310670,"Shrestha, Purna Sundar",NEP,M,,,,1714,0,40,AUG25,1973,i
12306436,"Shrestha, Rabi",NEP,M,,,,1785,0,20,AUG25,1974,
12326615,"Shrestha, Rabin",NEP,M,,,,1663,0,40,AUG25,1983,i
12306924,"Shrestha, Rabindra",NEP,M,,,,1824,0,20,AUG25,1975,i
12342696,"Shrestha, Raj",NEP,M,,,,1655,0,40,AUG25,1982,
12358940,"Shrestha, Raj",NEP,M,,,,1625,0,40,AUG25,1986,
12334464,"Shrestha, Rajendra",NEP,M,,,,1629,0,40,AUG25,1985,i
12304727,"Shrestha, Rajendra Gopal",NEP,M,,,,1841,0,40,AUG25,1962,i
12300489,"Shrestha, Rajendra Prasad",NEP,M,,,,1801,0,20,AUG25,1957,
12310921,"Shrestha, Ram Bhakta",NEP,M,,,,1749,0,40,AUG25,1988,
5081238,"Shrestha, Rameshman",NEP,M,,,,1937,0,40,AUG25,1966,i
12361461,"Shrestha, Ritvik",NEP,M,,,,1610,0,40,AUG25,2010,
12327239,"Shrestha, Riya",NEP,F,,,,1662,7,40,AUG25,2010,w
12331481,"Shrestha, Riyan",NEP,M,,,,1427,0,40,AUG25,2009,i
12341312,"Shrestha, Rohit",NEP,M,,,,1607,3,40,AUG25,2007,
12314099,"Shrestha, Roshan",NEP,M,,,,1647,0,40,AUG25,1986,i
12363170,"Shrestha, Royal",NEP,M,,,,1539,0,40,AUG25,2012,
12312037,"Shrestha, Sabina",NEP,F,,NA,,1636,0,40,AUG25,1995,wi
12335193,"Shrestha, Sagun Pratap",NEP,M,,,,1537,0,40,AUG25,1996,
12344958,"Shrestha, Samyak",NEP,M,,,,1664,6,40,AUG25,2008,
12343447,"Shrestha, Sandesh",NEP,M,,,,1773,6,20,AUG25,2001,
12308501,"Shrestha, Sanjay",NEP,M,,,,1693,0,40,AUG25,1997,i
12303798,"Shrestha, Sanjaya",NEP,M,,,,1824,0,40,AUG25,1978,i
12324663,"Shrestha, Sanjip",NEP,M,,,,1771,0,40,AUG25,1989,i
12341320,"Shrestha, Sarin",NEP,M,,,,1450,0,40,AUG25,2008,i
12353299,"Shrestha, Sarthak",NEP,M,,,,1710,0,40,AUG25,2013,i
12338958,"Shrestha, Shailesh",NEP,M,,,,1620,0,40,AUG25,1995,i
12326623,"Shrestha, Shambhu Kumar",NEP,M,,,,1677,0,40,AUG25,1968,
12328502,"Shrestha, Shiva",NEP,M,,,,1717,0,40,AUG25,1981,
12316598,"Shrestha, Shree Krishna",NEP,M,,,,1828,0,20,AUG25,1996,i
12346870,"Shrestha, Shubham",NEP,M,,,,AFM,1698,0,AUG25,2008,i
12300632,"Shrestha, Shyam Sundar",NEP,M,,,,1972,0,20,AUG25,1974,i
12304379,"Shrestha, Shyam Sundar",NEP,M,,,,1687,0,20,AUG25,1972,i
12327395,"Shrestha, Sodesh",NEP,M,,,,1720,0,40,AUG25,1979,i
12366234,"Shrestha, Subarna",NEP,M,,,,1640,0,40,AUG25,2007,
12304174,"Shrestha, Success",NEP,M,,,,1772,0,40,AUG25,1997,
12345261,"Shrestha, Sudeep",NEP,M,,,,1464,0,40,AUG25,2008,i
12319899,"Shrestha, Sudesh",NEP,M,,,,1644,0,40,AUG25,1996,i
12300519,"Shrestha, Sujendra Prasad",NEP,M,FM,,,1924,0,20,AUG25,1967,i
12301442,"Shrestha, Suman",NEP,M,,NA,,1884,0,20,AUG25,1984,
12316601,"Shrestha, Suman",NEP,M,,,,1842,0,20,AUG25,1983,i
12302775,"Shrestha, Suman Kumar",NEP,M,,,,1800,0,40,AUG25,1970,i
12310379,"Shrestha, Sundar",NEP,M,,,,1645,0,20,AUG25,1983,i
12341347,"Shrestha, Supranman",NEP,M,,,,1568,1,40,AUG25,2011,
12327247,"Shrestha, Suprav Sagar",NEP,M,,,,1605,3,40,AUG25,2009,
12303224,"Shrestha, Suresh",NEP,M,,,,1840,0,40,AUG25,1989,i
12315982,"Shrestha, Tara Man",NEP,M,,,,1594,0,40,AUG25,1973,
12340839,"Shrestha, Tufan",NEP,M,,,,1678,0,40,AUG25,1987,i
12318590,"Shrestha, Ujwol",NEP,M,,,,1624,0,40,AUG25,1986,i
12300640,"Shrestha, Vijay J",NEP,M,,,,1904,0,20,AUG25,1973,i
12326925,"Shrestha, Yam",NEP,M,,,,1650,0,40,AUG25,1955,i
12325813,"Shrestha, Yogesh",NEP,M,,,,1801,0,40,AUG25,1996,i
12339083,"Sigdel, Binay",NEP,M,,,,1630,0,40,AUG25,1993,i
12358959,"Sigdel, Indra",NEP,M,,,,1614,0,40,AUG25,1948,
12312398,"Sigdel, Indra Prasad",NEP,M,,,,1721,0,20,AUG25,1951,
12308455,"Sigdel, Krishna Prasad",NEP,M,,,,1627,9,20,AUG25,1970,
12302180,"Sigdel, Pranit",NEP,M,,,,1872,0,40,AUG25,1991,i
12332968,"Sigdel, Prasanna",NEP,M,,,,1615,0,40,AUG25,2005,i
12349836,"Sigdel, Rijan",NEP,M,,,,1700,0,40,AUG25,2009,i
12301140,"Sijakhwa, Rajendra",NEP,M,,,,1961,0,40,AUG25,1982,i
12320196,"Sijapati, Binod Singh",NEP,M,,NA,,1552,0,40,AUG25,1963,i
12301159,"Sijapati, Rajansingh",NEP,M,,,,1858,0,20,AUG25,1960,i
12332313,"Silwal, Purushottam",NEP,M,CM,,,2129,26,40,AUG25,2008,
12305499,"Simkhada, Prajwol",NEP,M,,,,1760,0,40,AUG25,1997,i
12320900,"Singh, Ajay Kumar",NEP,M,,,,1645,0,40,AUG25,1986,i
12344001,"Singh, Bibek Bir",NEP,M,,,,1628,0,40,AUG25,1997,i
12345725,"Singh, Hemang Babu",NEP,M,,,,1641,0,40,AUG25,2006,i
12306967,"Singh, Mahendra Dev",NEP,M,,,,1853,0,40,AUG25,1966,i
12319376,"Singh, Niraj",NEP,M,,,,1618,0,40,AUG25,1996,i
12344010,"Singh, Pankaj",NEP,M,,,,1746,0,40,AUG25,2004,i
12331775,"Singh, Raj Bahadur",NEP,M,,,,1642,0,40,AUG25,2001,i
12336688,"Singh, Sahil",NEP,M,,,,1488,0,40,AUG25,2002,
12318019,"Singh, Suraj",NEP,M,,,,1663,5,20,AUG25,1981,
12312045,"Somai, Prem Bahadur",NEP,M,,,,1526,0,40,AUG25,0,
12340308,"Sonar Shah, Umesh",NEP,M,,,,1711,0,40,AUG25,1988,i
12327255,"Sonar, Ritesh",NEP,M,,,,1504,0,40,AUG25,2005,i
12315184,"Sthapit, Naresh",NEP,M,,,,1733,1,40,AUG25,1974,
12302686,"Subba, Hari",NEP,M,,,,1869,0,20,AUG25,1976,i
12332755,"Subba, Khadga",NEP,M,,NA,,1631,0,20,AUG25,1982,i
12352667,"Subba, Mb",NEP,M,,,,1643,0,40,AUG25,1971,i
12326640,"Subba, Prem",NEP,M,,,,1718,0,40,AUG25,1976,i
12320927,"Subba, Radhika",NEP,F,,,,1711,0,40,AUG25,1960,wi
12352675,"Subba, Ramesh",NEP,M,,,,1468,0,40,AUG25,1992,i
12306223,"Subba, Rohit",NEP,M,,,,1774,6,40,AUG25,1985,
12328340,"Subba, Shem",NEP,M,,,,1779,0,20,AUG25,2004,i
12306185,"Subba, Suraj",NEP,M,,,,1795,0,40,AUG25,1977,i
12351520,"Subba, Tej Pal",NEP,M,,,,1710,6,40,AUG25,1977,
12303828,"Subba, Tirtha Raj",NEP,M,,,,1874,0,20,AUG25,1983,
12314242,"Subedi, Anish Kumar",NEP,M,,,,1848,0,40,AUG25,1990,i
12358975,"Subedi, Ankit",NEP,M,,,,1489,0,40,AUG25,2007,
12300268,"Subedi, Avinay",NEP,M,,,,1895,0,20,AUG25,1978,
12336696,"Subedi, Bimal",NEP,M,,,,1498,0,40,AUG25,2003,i
12303364,"Subedi, Gunaraj",NEP,M,,,,1641,0,40,AUG25,1976,i
12302201,"Subedi, Prakash",NEP,M,,,,1846,0,40,AUG25,0,i
12342238,"Subedi, Pratik",NEP,M,,,,1895,0,40,AUG25,2009,
12319902,"Subedi, Prince Raj",NEP,M,,,,1510,0,40,AUG25,2006,i
12301167,"Subedi, Rajan",NEP,M,,"NI,NA",,2011,17,20,AUG25,1989,
12332984,"Subedi, Saurav",NEP,M,,,,1492,0,40,AUG25,2006,i
12335142,"Subedi, Sushil",NEP,M,,,,1760,6,20,AUG25,1991,
12356280,"Subham, Chand",NEP,M,,,,1673,0,40,AUG25,2009,
12327611,"Sunar, Jay Bahadur",NEP,M,,,,1551,0,40,AUG25,1975,i
12362832,"Sunuwar, Bachaspati",NEP,M,,,,1703,0,40,AUG25,1996,
12326933,"Sunuwar, Hari Kumar",NEP,M,,,,1566,0,40,AUG25,1984,i
12317420,"Suwal, Nirmal",NEP,M,,,,1822,0,40,AUG25,1986,i
12300659,"Suwal, Suman",NEP,M,,,,1916,0,20,AUG25,1982,i
12333000,"Tamang , Bharat",NEP,M,,,,1636,2,40,AUG25,1978,
12333018,"Tamang , Biswash",NEP,M,,,,1587,0,40,AUG25,1995,
12318957,"Tamang , Lakpa Dorje",NEP,M,,,,1666,0,40,AUG25,2003,i
12320935,"Tamang, Aayush",NEP,M,,,,1484,0,40,AUG25,2004,i
12327638,"Tamang, Alisha",NEP,F,,,,1476,0,40,AUG25,2007,wi
12326658,"Tamang, Anish",NEP,M,,,,1765,9,20,AUG25,2001,
12332771,"Tamang, Bal Bahadur",NEP,M,,,,1739,0,20,AUG25,1970,
12310131,"Tamang, Bharat",NEP,M,,,,1687,0,40,AUG25,1980,i
12328529,"Tamang, Chandra Lal",NEP,M,,NA,,1600,0,40,AUG25,1970,
12339091,"Tamang, Dal Karna",NEP,M,,,,1684,0,40,AUG25,1993,i
12362840,"Tamang, Dev",NEP,M,,,,1620,0,40,AUG25,2005,
12326941,"Tamang, Hasta",NEP,M,,,,1714,0,40,AUG25,1965,i
12314153,"Tamang, Himal",NEP,M,,,,1602,3,40,AUG25,2000,
12346900,"Tamang, Jenish",NEP,M,,,,1509,2,40,AUG25,1996,
12309907,"Tamang, Kabiram",NEP,M,,,,1673,0,40,AUG25,1968,
12361330,"Tamang, Kulraj",NEP,M,,,,1681,0,40,AUG25,1987,
12319910,"Tamang, Marshal",NEP,F,,,,1591,0,20,AUG25,2006,wi
12326950,"Tamang, Mohan",NEP,M,,,,1715,0,40,AUG25,1970,
12320943,"Tamang, Prakash",NEP,M,,,,1555,0,20,AUG25,1985,
12327271,"Tamang, Ram",NEP,M,,,,1583,0,40,AUG25,1986,i
12361348,"Tamang, Sandip",NEP,M,,,,1618,0,40,AUG25,2009,
12306983,"Tamang, Sanjit",NEP,M,,,,1702,0,20,AUG25,1980,i
12333026,"Tamang, Subash",NEP,M,,,,1543,0,40,AUG25,1984,i
12315990,"Tamang, Sudip",NEP,M,,NA,,1868,0,20,AUG25,2001,
12325830,"Tamang, Sudip",NEP,M,,,,1846,0,40,AUG25,1990,i
12329959,"Tamang, Suman",NEP,M,,,,1645,0,40,AUG25,1985,i
12331783,"Tamang, Suraj",NEP,M,,,,1694,0,40,AUG25,1995,i
12362875,"Tamang, Sushil",NEP,M,,,,1589,11,40,AUG25,1995,
12314536,"Tamata, Bijay",NEP,M,,,,1636,0,20,AUG25,2004,i
12303240,"Tamrakar, Jaganath",NEP,M,,,,1870,0,20,AUG25,1963,
12358991,"Tamrakar, Keshab Kumar",NEP,M,,,,1683,5,40,AUG25,1957,
12316296,"Tamrakar, Keshav",NEP,M,,,,1535,7,40,AUG25,1956,
12329193,"Tamrakar, Perisha",NEP,F,,,,1538,0,40,AUG25,2001,wi
12302732,"Tamrakar, Raju",NEP,M,,,,1855,0,40,AUG25,1972,i
5021189,"Tandukar, Nabin",NEP,M,CM,,,1861,15,20,AUG25,1960,
12335827,"Teyung, Deewash",NEP,M,,,,1701,0,40,AUG25,1996,i
12320226,"Thagunna, Barun",NEP,M,,,,1545,0,40,AUG25,2001,
12303836,"Thagunna, Bhupendra",NEP,M,,,,1879,0,40,AUG25,1985,i
12303844,"Thagunna, Chetan Kumar",NEP,M,,,,1804,0,40,AUG25,1990,i
12316547,"Thagunna, Kusum",NEP,F,,,,1497,0,40,AUG25,1996,wi
12302228,"Thaiba, Bijan Man",NEP,M,,,,1760,0,40,AUG25,1999,i
12304735,"Thaiba, Bishan Man",NEP,M,,,,1791,0,40,AUG25,1990,i
12340650,"Thakur, Abdhesh Kumar",NEP,M,,,,1500,0,40,AUG25,1990,i
12320595,"Thakur, Dipendra",NEP,M,,,,1770,0,40,AUG25,1993,i
12340685,"Thakur, Sunil",NEP,M,,,,1662,0,40,AUG25,1990,i
12328090,"Thakuri, Bitil Sen",NEP,M,,,,1692,0,40,AUG25,2004,i
12307963,"Thakuri, Dilkrishna Malla",NEP,M,,,,1581,0,40,AUG25,1966,i
12328103,"Thalang, Mangal Singh",NEP,M,,,,1699,0,40,AUG25,1973,i
12312711,"Thami, Karna Singh",NEP,M,,,,1720,0,40,AUG25,1976,i
12365459,"Thamsuhang, Balkumar",NEP,M,,,,1727,0,40,AUG25,1977,
12316440,"Thamsuhang, Bhim Bahadur",NEP,M,,,,1704,0,40,AUG25,1977,i
12306452,"Thapa Magar, Radha Kr.",NEP,M,,,,1707,0,40,AUG25,1972,i
12350028,"Thapa, Abhay Singh",NEP,M,,,,1540,5,40,AUG25,2001,
12312401,"Thapa, Ashma",NEP,F,,,,1491,0,40,AUG25,2002,wi
12340170,"Thapa, Bikki",NEP,M,,,,1640,0,40,AUG25,1985,
12325856,"Thapa, Binay",NEP,M,,,,1714,6,20,AUG25,1996,
12338770,"Thapa, Binay",NEP,M,,,,1619,0,20,AUG25,1980,
12325996,"Thapa, Biraj",NEP,M,,,,1578,0,40,AUG25,2001,i
12344559,"Thapa, Digvijay",NEP,M,,,,1585,0,40,AUG25,2001,i
12319708,"Thapa, Dilkeshar",NEP,M,,,,1518,5,20,AUG25,1963,
12310638,"Thapa, Dinesh",NEP,M,,,,1781,0,20,AUG25,1982,i
12334235,"Thapa, Ganesh Bahadur",NEP,M,,,,1663,0,20,AUG25,1984,
12306479,"Thapa, Govinda",NEP,M,,,,1664,0,40,AUG25,1981,i
12301183,"Thapa, Jagatbahadur",NEP,M,,,,1569,0,20,AUG25,1962,
12304190,"Thapa, Jenish",NEP,M,,,,1807,0,20,AUG25,1997,i
12340375,"Thapa, Jharana",NEP,F,,NA,,1545,0,40,AUG25,2004,wi
12363197,"Thapa, Kabir",NEP,M,,,,1665,0,40,AUG25,2004,
12315478,"Thapa, Karan Sing",NEP,M,,,,1483,0,40,AUG25,1977,i
12331791,"Thapa, Keshab",NEP,M,,,,1531,0,40,AUG25,2003,i
12326666,"Thapa, Khagendra",NEP,M,,,,1534,0,40,AUG25,1967,i
12315680,"Thapa, Khusbu",NEP,F,,,,1672,0,20,AUG25,2004,wi
12300217,"Thapa, Krishna",NEP,M,CM,,,1943,9,20,AUG25,1975,
12302236,"Thapa, Lekha Bahadur",NEP,M,,,,1845,0,20,AUG25,1981,i
12307009,"Thapa, Mahesh",NEP,M,,,,1939,0,20,AUG25,1977,i
12319244,"Thapa, Nawaraj",NEP,M,,,,1729,0,40,AUG25,1998,i
12353337,"Thapa, Paribesh",NEP,M,,,,1573,0,40,AUG25,2010,i
12334545,"Thapa, Prakash",NEP,M,,,,1578,0,40,AUG25,1975,i
12302252,"Thapa, Prashanta",NEP,M,,,,1785,0,40,AUG25,1996,i
12304999,"Thapa, Rabindra Bahadur",NEP,M,,,,1823,0,20,AUG25,1973,i
12340189,"Thapa, Rajendra",NEP,M,,,,1618,0,40,AUG25,1965,
12340197,"Thapa, Rishon",NEP,M,,,,2050,36,20,AUG25,2005,
12301450,"Thapa, Shanta",NEP,F,,,,1687,0,20,AUG25,1993,wi
12362530,"Thapa, Shyamjung",NEP,M,,,,1684,0,40,AUG25,1970,
12361038,"Thapa, Subhandeep",NEP,M,,,,1737,5,40,AUG25,2010,
12326674,"Thapa, Sunil",NEP,M,,,,1586,0,40,AUG25,1979,i
12331228,"Thapa, Surendra Bahadur",NEP,M,,,,1675,0,40,AUG25,1986,i
12316008,"Thapa, Tek Bahadur",NEP,M,,,,1821,0,40,AUG25,1990,i
12343196,"Thapa, Tilak Kumar",NEP,M,,,,1566,0,40,AUG25,1985,i
12326682,"Thapa, Uddhav Raj",NEP,M,,,,1713,5,40,AUG25,1962,
12300179,"Thapa, Uttam Raj",NEP,M,CM,,,2072,0,20,AUG25,1977,i
12306215,"Thapamagar, Ishwor Kumar",NEP,M,,,,1783,0,40,AUG25,1963,i
12304980,"Thapamagar, Rajan",NEP,M,,,,1846,0,40,AUG25,1977,i
12307025,"Thebe, Chandra Kumar",NEP,M,,,,1524,0,40,AUG25,1977,i
12328367,"Thebe, Ramesh",NEP,M,,NA,,1663,0,20,AUG25,1985,
12303135,"Thing, Bibek",NEP,M,FM,"FI,NA",,2259,3,20,AUG25,1995,
12310930,"Thing, Suruchee",NEP,F,WCM,WCM,,1629,0,20,AUG25,1999,wi
12316121,"Timalsina, Binod",NEP,M,,,,1557,0,20,AUG25,1992,
12319937,"Timalsina, Khom Prasad",NEP,M,,,,1785,0,20,AUG25,1985,i
12327301,"Timalsina, Raju",NEP,M,,,,1410,0,40,AUG25,2001,i
12343463,"Timilsina, Abhaya",NEP,M,,,,1720,0,40,AUG25,1999,i
12314412,"Timilsina, Bhim Prasad",NEP,M,,,,1801,0,40,AUG25,1976,i
12307718,"Timsina, Loknath",NEP,M,,,,1705,0,40,AUG25,1985,i
12342319,"Tiwari, Aavash",NEP,M,,,,1775,11,40,AUG25,2005,
12337935,"Tripathi, Beda Raj",NEP,M,,NA,,1662,0,40,AUG25,1978,i
12311502,"Tuladhar, D. S.",NEP,M,,,,1786,0,40,AUG25,1965,i
12310948,"Tuladhar, Hitlendra",NEP,M,,,,1776,0,40,AUG25,1972,i
12301191,"Tuladhar, Jagat Lal",NEP,M,,,,1693,0,20,AUG25,1962,
12355992,"Tuladhar, Saatwik Man",NEP,M,,,,1424,0,40,AUG25,2013,
12340855,"Tumbahamphe, Devraj",NEP,M,,,,1635,0,40,AUG25,1967,i
12329347,"Tumbapo, Lahan Singh",NEP,M,,,,1480,0,40,AUG25,1959,i
12326690,"Tumbapo, Padam",NEP,M,,,,1567,0,40,AUG25,1978,i
12349380,"Twitwi, Suden",NEP,M,,,,1660,0,40,AUG25,2007,
12309923,"Upadhaya, Tek Raj",NEP,M,,,,1839,0,40,AUG25,1999,i
12345270,"Upadhyay, Sushil",NEP,M,,,,1714,0,40,AUG25,2000,i
12352705,"Upreti, Subham",NEP,M,,,,1665,7,40,AUG25,2008,
12352713,"Upreti, Sugyan",NEP,M,,,,1612,7,40,AUG25,2008,
12307726,"Uprety, Dor Prasad",NEP,M,,,,1734,0,40,AUG25,1966,i
12329703,"Waiba, Ek Bahadur",NEP,M,,,,1698,0,40,AUG25,1976,i
12343218,"Wanem, Devendra",NEP,M,,,,1664,0,40,AUG25,1977,i
5086329,"Xmarshall, H C",NEP,M,,,,1784,0,20,AUG25,1978,
12319457,"Yadav, Amar Kumar",NEP,M,,,,1431,0,40,AUG25,2007,i
12343498,"Yadav, Kabiraj",NEP,M,,,,1527,0,40,AUG25,2010,i
12319945,"Yadav, Sneha",NEP,F,,,,1695,0,20,AUG25,2003,wi
12335851,"Yakkha, Nabin",NEP,M,,,,1586,0,40,AUG25,2000,i
12335215,"Yakkha, Yamun",NEP,M,,,,1566,0,40,AUG25,1999,i
12318400,"Yakso, Sukra Raj",NEP,M,,,,1722,0,40,AUG25,1972,i
12343501,"Yogi, Himal Nath",NEP,M,,,,1536,0,40,AUG25,2008,
12311448,"Yogi, Pashupati Nath",NEP,M,,,,1728,0,40,AUG25,1986,i
12319295,"Yonghang, Bhim",NEP,M,,,,1732,0,20,AUG25,1996,i