[
  {
    "ID Number": "7303670"
  },
  {
    "ID Number": "7306687"
  },
  {
    "ID Number": "7306695"
  },
  {
    "ID Number": "7303661"
  },
  {
    "ID Number": "7307039"
  },
  {
    "ID Number": "7307055"
  },
  {
    "ID Number": "7305036"
  },
  {
    "ID Number": "7303297"
  },
  {
    "ID Number": "7308957"
  },
  {
    "ID Number": "7303033"
  },
  {
    "ID Number": "7301766"
  },
  {
    "ID Number": "7309090"
  },
  {
    "ID Number": "7304323"
  },
  {
    "ID Number": "7308213"
  },
  {
    "ID Number": "7307756"
  },
  {
    "ID Number": "7307632"
  },
  {
    "ID Number": "7306881"
  },
  {
    "ID Number": "7307047"
  },
  {
    "ID Number": "7302460"
  },
  {
    "ID Number": "2023997"
  },
  {
    "ID Number": "7300964"
  },
  {
    "ID Number": "7308892"
  },
  {
    "ID Number": "7307357"
  },
  {
    "ID Number": "7308825"
  },
  {
    "ID Number": "7303890"
  },
  {
    "ID Number": "7307667"
  },
  {
    "ID Number": "7306288"
  },
  {
    "ID Number": "7309074"
  },
  {
    "ID Number": "7308434"
  },
  {
    "ID Number": "7308345"
  },
  {
    "ID Number": "7302657"
  },
  {
    "ID Number": "7308370"
  },
  {
    "ID Number": "7308159"
  },
  {
    "ID Number": "7308361"
  },
  {
    "ID Number": "7308906"
  },
  {
    "ID Number": "7308272"
  },
  {
    "ID Number": "7301340"
  },
  {
    "ID Number": "7308485"
  },
  {
    "ID Number": "7308914"
  },
  {
    "ID Number": "7309031"
  },
  {
    "ID Number": "7301480"
  },
  {
    "ID Number": "7302339"
  },
  {
    "ID Number": "7300662"
  },
  {
    "ID Number": "7308639"
  },
  {
    "ID Number": "7307772"
  },
  {
    "ID Number": "7307063"
  },
  {
    "ID Number": "7301170"
  },
  {
    "ID Number": "7308493"
  },
  {
    "ID Number": "7300948"
  },
  {
    "ID Number": "7307764"
  },
  {
    "ID Number": "7307640"
  },
  {
    "ID Number": "7308868"
  },
  {
    "ID Number": "7308400"
  },
  {
    "ID Number": "7301383"
  },
  {
    "ID Number": "7305621"
  },
  {
    "ID Number": "7300310"
  },
  {
    "ID Number": "7300549"
  },
  {
    "ID Number": "7307349"
  },
  {
    "ID Number": "7305338"
  },
  {
    "ID Number": "7308647"
  },
  {
    "ID Number": "7303041"
  },
  {
    "ID Number": "7300077"
  },
  {
    "ID Number": "7308620"
  },
  {
    "ID Number": "7308221"
  },
  {
    "ID Number": "7300697"
  },
  {
    "ID Number": "7300247"
  },
  {
    "ID Number": "7303130"
  },
  {
    "ID Number": "7308426"
  },
  {
    "ID Number": "7302681"
  },
  {
    "ID Number": "7309104"
  },
  {
    "ID Number": "7308949"
  },
  {
    "ID Number": "7306008"
  },
  {
    "ID Number": "7306016"
  },
  {
    "ID Number": "7301359"
  },
  {
    "ID Number": "7302541"
  },
  {
    "ID Number": "7300735"
  },
  {
    "ID Number": "7300930"
  },
  {
    "ID Number": "7307896"
  },
  {
    "ID Number": "7306679"
  },
  {
    "ID Number": "7305532"
  },
  {
    "ID Number": "7305524"
  },
  {
    "ID Number": "7304340"
  },
  {
    "ID Number": "7301570"
  },
  {
    "ID Number": "7300018"
  },
  {
    "ID Number": "7300034"
  },
  {
    "ID Number": "7302703"
  },
  {
    "ID Number": "7302711"
  },
  {
    "ID Number": "7307004"
  },
  {
    "ID Number": "7306849"
  },
  {
    "ID Number": "7304528"
  },
  {
    "ID Number": "7304307"
  },
  {
    "ID Number": "7306946"
  },
  {
    "ID Number": "7304544"
  },
  {
    "ID Number": "7304862"
  },
  {
    "ID Number": "7303149"
  },
  {
    "ID Number": "7301502"
  },
  {
    "ID Number": "359105000"
  },
  {
    "ID Number": "7302282"
  },
  {
    "ID Number": "7302983"
  },
  {
    "ID Number": "7300239"
  },
  {
    "ID Number": "7307098"
  },
  {
    "ID Number": "7301600"
  },
  {
    "ID Number": "7300956"
  },
  {
    "ID Number": "7303386"
  },
  {
    "ID Number": "7308396"
  },
  {
    "ID Number": "7300115"
  },
  {
    "ID Number": "7300867"
  },
  {
    "ID Number": "7300573"
  },
  {
    "ID Number": "7305591"
  },
  {
    "ID Number": "7302444"
  },
  {
    "ID Number": "7307292"
  },
  {
    "ID Number": "7307284"
  },
  {
    "ID Number": "7308183"
  },
  {
    "ID Number": "7303009"
  },
  {
    "ID Number": "7306431"
  },
  {
    "ID Number": "7308922"
  },
  {
    "ID Number": "7300352"
  },
  {
    "ID Number": "7300263"
  },
  {
    "ID Number": "7308329"
  },
  {
    "ID Number": "7305419"
  },
  {
    "ID Number": "7307659"
  },
  {
    "ID Number": "7306385"
  },
  {
    "ID Number": "7308817"
  },
  {
    "ID Number": "7309120"
  },
  {
    "ID Number": "7302878"
  },
  {
    "ID Number": "7300883"
  },
  {
    "ID Number": "7301324"
  },
  {
    "ID Number": "7309139"
  },
  {
    "ID Number": "7301618"
  },
  {
    "ID Number": "7303920"
  },
  {
    "ID Number": "7307012"
  },
  {
    "ID Number": "7307748"
  },
  {
    "ID Number": "7309147"
  },
  {
    "ID Number": "7307675"
  },
  {
    "ID Number": "7301286"
  },
  {
    "ID Number": "7308027"
  },
  {
    "ID Number": "7303467"
  },
  {
    "ID Number": "7305346"
  },
  {
    "ID Number": "7307977"
  },
  {
    "ID Number": "7307918"
  },
  {
    "ID Number": "7307616"
  },
  {
    "ID Number": "7301669"
  },
  {
    "ID Number": "7301308"
  },
  {
    "ID Number": "7308248"
  },
  {
    "ID Number": "7302754"
  },
  {
    "ID Number": "7300530"
  },
  {
    "ID Number": "7307578"
  },
  {
    "ID Number": "7305184"
  },
  {
    "ID Number": "7306989"
  },
  {
    "ID Number": "7306970"
  },
  {
    "ID Number": "7306997"
  },
  {
    "ID Number": "7302770"
  },
  {
    "ID Number": "7304145"
  },
  {
    "ID Number": "7300069"
  },
  {
    "ID Number": "7308876"
  },
  {
    "ID Number": "7304412"
  },
  {
    "ID Number": "7307900"
  },
  {
    "ID Number": "7301642"
  },
  {
    "ID Number": "7302169"
  },
  {
    "ID Number": "7301464"
  },
  {
    "ID Number": "7307209"
  },
  {
    "ID Number": "7304676"
  },
  {
    "ID Number": "7308264"
  },
  {
    "ID Number": "7308507"
  },
  {
    "ID Number": "7307969"
  },
  {
    "ID Number": "7305427"
  },
  {
    "ID Number": "7303084"
  },
  {
    "ID Number": "7303157"
  },
  {
    "ID Number": "7303866"
  },
  {
    "ID Number": "7307438"
  },
  {
    "ID Number": "7307446"
  },
  {
    "ID Number": "7300344"
  },
  {
    "ID Number": "7307179"
  },
  {
    "ID Number": "7307390"
  },
  {
    "ID Number": "7305850"
  },
  {
    "ID Number": "7305605"
  },
  {
    "ID Number": "7301057"
  },
  {
    "ID Number": "7309015"
  },
  {
    "ID Number": "7307322"
  },
  {
    "ID Number": "7303629"
  },
  {
    "ID Number": "7307730"
  },
  {
    "ID Number": "7300433"
  },
  {
    "ID Number": "7309163"
  }
]