[
  {
    "ID Number": "6705863"
  },
  {
    "ID Number": "6702147"
  },
  {
    "ID Number": "6700209"
  },
  {
    "ID Number": "6705014"
  },
  {
    "ID Number": "6707106"
  },
  {
    "ID Number": "6701574"
  },
  {
    "ID Number": "6700780"
  },
  {
    "ID Number": "6705871"
  },
  {
    "ID Number": "6700322"
  },
  {
    "ID Number": "6701949"
  },
  {
    "ID Number": "6709591"
  },
  {
    "ID Number": "6709656"
  },
  {
    "ID Number": "6709800"
  },
  {
    "ID Number": "6703151"
  },
  {
    "ID Number": "6708927"
  },
  {
    "ID Number": "6700489"
  },
  {
    "ID Number": "6700276"
  },
  {
    "ID Number": "6710557"
  },
  {
    "ID Number": "6700411"
  },
  {
    "ID Number": "6709699"
  },
  {
    "ID Number": "6705030"
  },
  {
    "ID Number": "6700535"
  },
  {
    "ID Number": "6710239"
  },
  {
    "ID Number": "6707670"
  },
  {
    "ID Number": "6708153"
  },
  {
    "ID Number": "6707017"
  },
  {
    "ID Number": "6708005"
  },
  {
    "ID Number": "6700845"
  },
  {
    "ID Number": "6710140"
  },
  {
    "ID Number": "6700640"
  },
  {
    "ID Number": "6700284"
  },
  {
    "ID Number": "6704050"
  },
  {
    "ID Number": "6709630"
  },
  {
    "ID Number": "6705669"
  },
  {
    "ID Number": "6703607"
  },
  {
    "ID Number": "6709133"
  },
  {
    "ID Number": "6700667"
  },
  {
    "ID Number": "6700853"
  },
  {
    "ID Number": "6707734"
  },
  {
    "ID Number": "6701922"
  },
  {
    "ID Number": "6701906"
  },
  {
    "ID Number": "6711502"
  },
  {
    "ID Number": "6700225"
  },
  {
    "ID Number": "6705570"
  },
  {
    "ID Number": "6705740"
  },
  {
    "ID Number": "6703186"
  },
  {
    "ID Number": "6705294"
  },
  {
    "ID Number": "6710247"
  },
  {
    "ID Number": "6700292"
  },
  {
    "ID Number": "6700837"
  },
  {
    "ID Number": "6701639"
  },
  {
    "ID Number": "6708196"
  },
  {
    "ID Number": "6701647"
  },
  {
    "ID Number": "6700900"
  },
  {
    "ID Number": "6700187"
  },
  {
    "ID Number": "6707114"
  },
  {
    "ID Number": "6708200"
  },
  {
    "ID Number": "344104991"
  },
  {
    "ID Number": "6707300"
  },
  {
    "ID Number": "6707769"
  },
  {
    "ID Number": "6709796"
  },
  {
    "ID Number": "6700012"
  },
  {
    "ID Number": "6700594"
  },
  {
    "ID Number": "6707351"
  },
  {
    "ID Number": "6702805"
  },
  {
    "ID Number": "6704476"
  },
  {
    "ID Number": "6700861"
  },
  {
    "ID Number": "6711510"
  },
  {
    "ID Number": "6711227"
  },
  {
    "ID Number": "6702074"
  },
  {
    "ID Number": "6711456"
  },
  {
    "ID Number": "6700527"
  },
  {
    "ID Number": "6704107"
  },
  {
    "ID Number": "6702198"
  },
  {
    "ID Number": "6709958"
  },
  {
    "ID Number": "6705472"
  },
  {
    "ID Number": "6401139"
  },
  {
    "ID Number": "6701655"
  },
  {
    "ID Number": "6700675"
  },
  {
    "ID Number": "6702082"
  },
  {
    "ID Number": "6704689"
  },
  {
    "ID Number": "6704956"
  },
  {
    "ID Number": "6709761"
  },
  {
    "ID Number": "6710590"
  },
  {
    "ID Number": "6710603"
  },
  {
    "ID Number": "6700870"
  },
  {
    "ID Number": "6700160"
  },
  {
    "ID Number": "6702228"
  },
  {
    "ID Number": "6700098"
  },
  {
    "ID Number": "6709516"
  },
  {
    "ID Number": "6708056"
  },
  {
    "ID Number": "6702244"
  },
  {
    "ID Number": "6706975"
  },
  {
    "ID Number": "6702821"
  },
  {
    "ID Number": "6707521"
  },
  {
    "ID Number": "6700977"
  },
  {
    "ID Number": "6703232"
  },
  {
    "ID Number": "6708269"
  },
  {
    "ID Number": "6705499"
  },
  {
    "ID Number": "6710220"
  },
  {
    "ID Number": "6710158"
  },
  {
    "ID Number": "6710131"
  },
  {
    "ID Number": "6707041"
  },
  {
    "ID Number": "6708307"
  },
  {
    "ID Number": "6703259"
  },
  {
    "ID Number": "6703127"
  },
  {
    "ID Number": "6702252"
  },
  {
    "ID Number": "6701965"
  },
  {
    "ID Number": "6706568"
  },
  {
    "ID Number": "6702112"
  },
  {
    "ID Number": "6706185"
  },
  {
    "ID Number": "6706193"
  },
  {
    "ID Number": "6700993"
  },
  {
    "ID Number": "6700683"
  },
  {
    "ID Number": "6707530"
  },
  {
    "ID Number": "6704700"
  },
  {
    "ID Number": "6707963"
  },
  {
    "ID Number": "6712070"
  },
  {
    "ID Number": "6700462"
  },
  {
    "ID Number": "6706576"
  },
  {
    "ID Number": "6709753"
  },
  {
    "ID Number": "6702279"
  },
  {
    "ID Number": "6708854"
  },
  {
    "ID Number": "6707009"
  },
  {
    "ID Number": "6709745"
  },
  {
    "ID Number": "6706207"
  },
  {
    "ID Number": "6705227"
  },
  {
    "ID Number": "6701027"
  },
  {
    "ID Number": "6707378"
  },
  {
    "ID Number": "6711790"
  },
  {
    "ID Number": "6703003"
  },
  {
    "ID Number": "6708331"
  },
  {
    "ID Number": "6702988"
  },
  {
    "ID Number": "6703275"
  },
  {
    "ID Number": "6707696"
  },
  {
    "ID Number": "6706525"
  },
  {
    "ID Number": "6702945"
  },
  {
    "ID Number": "6702503"
  },
  {
    "ID Number": "6705588"
  },
  {
    "ID Number": "6706223"
  },
  {
    "ID Number": "6709141"
  },
  {
    "ID Number": "6708358"
  },
  {
    "ID Number": "6710085"
  },
  {
    "ID Number": "6702309"
  },
  {
    "ID Number": "6701060"
  },
  {
    "ID Number": "6701817"
  },
  {
    "ID Number": "6711138"
  },
  {
    "ID Number": "6711537"
  },
  {
    "ID Number": "6700608"
  },
  {
    "ID Number": "6704506"
  },
  {
    "ID Number": "6710808"
  },
  {
    "ID Number": "6710670"
  },
  {
    "ID Number": "6707866"
  },
  {
    "ID Number": "6700020"
  },
  {
    "ID Number": "6703062"
  },
  {
    "ID Number": "6704727"
  },
  {
    "ID Number": "6701116"
  },
  {
    "ID Number": "6707572"
  },
  {
    "ID Number": "6708889"
  },
  {
    "ID Number": "6708870"
  },
  {
    "ID Number": "6700136"
  },
  {
    "ID Number": "6703321"
  },
  {
    "ID Number": "6709915"
  },
  {
    "ID Number": "6707360"
  },
  {
    "ID Number": "6707386"
  },
  {
    "ID Number": "6700101"
  },
  {
    "ID Number": "6703330"
  },
  {
    "ID Number": "6701140"
  },
  {
    "ID Number": "6705413"
  },
  {
    "ID Number": "6712150"
  },
  {
    "ID Number": "6706479"
  },
  {
    "ID Number": "6706924"
  },
  {
    "ID Number": "6706460"
  },
  {
    "ID Number": "6710913"
  },
  {
    "ID Number": "6700080"
  },
  {
    "ID Number": "6702635"
  },
  {
    "ID Number": "6701159"
  },
  {
    "ID Number": "6701787"
  },
  {
    "ID Number": "6701175"
  },
  {
    "ID Number": "6705251"
  },
  {
    "ID Number": "6701183"
  },
  {
    "ID Number": "6708463"
  },
  {
    "ID Number": "6700306"
  },
  {
    "ID Number": "6712169"
  },
  {
    "ID Number": "6706916"
  },
  {
    "ID Number": "6712177"
  },
  {
    "ID Number": "6704743"
  },
  {
    "ID Number": "6701191"
  },
  {
    "ID Number": "6708471"
  },
  {
    "ID Number": "6707556"
  },
  {
    "ID Number": "6707173"
  },
  {
    "ID Number": "6709826"
  },
  {
    "ID Number": "6700144"
  },
  {
    "ID Number": "6700616"
  },
  {
    "ID Number": "6712185"
  },
  {
    "ID Number": "6706908"
  },
  {
    "ID Number": "6705685"
  },
  {
    "ID Number": "6707700"
  },
  {
    "ID Number": "6710891"
  },
  {
    "ID Number": "6709672"
  },
  {
    "ID Number": "6709605"
  },
  {
    "ID Number": "6701698"
  },
  {
    "ID Number": "6704522"
  },
  {
    "ID Number": "6700560"
  },
  {
    "ID Number": "6708498"
  },
  {
    "ID Number": "6705510"
  },
  {
    "ID Number": "6704751"
  },
  {
    "ID Number": "6700268"
  },
  {
    "ID Number": "6700365"
  },
  {
    "ID Number": "6700403"
  },
  {
    "ID Number": "6706258"
  },
  {
    "ID Number": "6708501"
  },
  {
    "ID Number": "6706860"
  },
  {
    "ID Number": "6707661"
  },
  {
    "ID Number": "6703364"
  },
  {
    "ID Number": "6704760"
  },
  {
    "ID Number": "6700713"
  },
  {
    "ID Number": "6701213"
  },
  {
    "ID Number": "6708064"
  },
  {
    "ID Number": "6706134"
  },
  {
    "ID Number": "6701248"
  },
  {
    "ID Number": "6709460"
  },
  {
    "ID Number": "6700578"
  },
  {
    "ID Number": "6712215"
  },
  {
    "ID Number": "6711600"
  },
  {
    "ID Number": "6703070"
  },
  {
    "ID Number": "6706843"
  },
  {
    "ID Number": "6704263"
  },
  {
    "ID Number": "6711553"
  },
  {
    "ID Number": "6706835"
  },
  {
    "ID Number": "6712266"
  },
  {
    "ID Number": "6704778"
  },
  {
    "ID Number": "6710743"
  },
  {
    "ID Number": "6704786"
  },
  {
    "ID Number": "6703372"
  },
  {
    "ID Number": "6700691"
  },
  {
    "ID Number": "6706266"
  },
  {
    "ID Number": "6700420"
  },
  {
    "ID Number": "6710433"
  },
  {
    "ID Number": "6706282"
  },
  {
    "ID Number": "6703380"
  },
  {
    "ID Number": "6703399"
  },
  {
    "ID Number": "6703402"
  },
  {
    "ID Number": "6703410"
  },
  {
    "ID Number": "6701256"
  },
  {
    "ID Number": "6706290"
  },
  {
    "ID Number": "6703429"
  },
  {
    "ID Number": "6710360"
  },
  {
    "ID Number": "6701264"
  },
  {
    "ID Number": "6707742"
  },
  {
    "ID Number": "6707190"
  },
  {
    "ID Number": "6704530"
  },
  {
    "ID Number": "6703909"
  },
  {
    "ID Number": "6708560"
  },
  {
    "ID Number": "6703917"
  },
  {
    "ID Number": "6708579"
  },
  {
    "ID Number": "6709273"
  },
  {
    "ID Number": "6709508"
  },
  {
    "ID Number": "6710549"
  },
  {
    "ID Number": "6706819"
  },
  {
    "ID Number": "6706800"
  },
  {
    "ID Number": "6700705"
  },
  {
    "ID Number": "6701710"
  },
  {
    "ID Number": "6706010"
  },
  {
    "ID Number": "6707203"
  },
  {
    "ID Number": "6705405"
  },
  {
    "ID Number": "6700888"
  },
  {
    "ID Number": "6701280"
  },
  {
    "ID Number": "6700632"
  },
  {
    "ID Number": "6701299"
  },
  {
    "ID Number": "6707602"
  },
  {
    "ID Number": "6709877"
  },
  {
    "ID Number": "6710182"
  },
  {
    "ID Number": "6706312"
  },
  {
    "ID Number": "6700063"
  },
  {
    "ID Number": "6707211"
  },
  {
    "ID Number": "6706096"
  },
  {
    "ID Number": "6709524"
  },
  {
    "ID Number": "6707432"
  },
  {
    "ID Number": "6701795"
  },
  {
    "ID Number": "6700446"
  },
  {
    "ID Number": "6706789"
  },
  {
    "ID Number": "6703445"
  },
  {
    "ID Number": "6703453"
  },
  {
    "ID Number": "6703810"
  },
  {
    "ID Number": "6701337"
  },
  {
    "ID Number": "6707882"
  },
  {
    "ID Number": "6711103"
  },
  {
    "ID Number": "6710581"
  },
  {
    "ID Number": "6708609"
  },
  {
    "ID Number": "6706754"
  },
  {
    "ID Number": "6706746"
  },
  {
    "ID Number": "6710778"
  },
  {
    "ID Number": "6703470"
  },
  {
    "ID Number": "6707920"
  },
  {
    "ID Number": "6703488"
  },
  {
    "ID Number": "6706339"
  },
  {
    "ID Number": "6703500"
  },
  {
    "ID Number": "6705545"
  },
  {
    "ID Number": "6710310"
  },
  {
    "ID Number": "6711073"
  },
  {
    "ID Number": "6707513"
  },
  {
    "ID Number": "6710379"
  },
  {
    "ID Number": "6711413"
  },
  {
    "ID Number": "6708730"
  },
  {
    "ID Number": "6702392"
  },
  {
    "ID Number": "6711065"
  },
  {
    "ID Number": "6700390"
  },
  {
    "ID Number": "6709540"
  },
  {
    "ID Number": "6700764"
  },
  {
    "ID Number": "6703135"
  },
  {
    "ID Number": "6712312"
  },
  {
    "ID Number": "6711057"
  },
  {
    "ID Number": "6705359"
  },
  {
    "ID Number": "6711049"
  },
  {
    "ID Number": "6703020"
  },
  {
    "ID Number": "6700357"
  },
  {
    "ID Number": "6700373"
  },
  {
    "ID Number": "6707840"
  },
  {
    "ID Number": "6708749"
  },
  {
    "ID Number": "6704557"
  },
  {
    "ID Number": "6707092"
  },
  {
    "ID Number": "6707505"
  },
  {
    "ID Number": "6705197"
  },
  {
    "ID Number": "6707912"
  },
  {
    "ID Number": "6705995"
  },
  {
    "ID Number": "6705715"
  },
  {
    "ID Number": "6707777"
  },
  {
    "ID Number": "6705260"
  },
  {
    "ID Number": "6711286"
  },
  {
    "ID Number": "6705120"
  },
  {
    "ID Number": "6709052"
  },
  {
    "ID Number": "6705278"
  },
  {
    "ID Number": "6705324"
  },
  {
    "ID Number": "6700047"
  },
  {
    "ID Number": "6706347"
  },
  {
    "ID Number": "6703690"
  },
  {
    "ID Number": "6701914"
  },
  {
    "ID Number": "6711332"
  },
  {
    "ID Number": "6709494"
  },
  {
    "ID Number": "6707220"
  },
  {
    "ID Number": "6708099"
  },
  {
    "ID Number": "6704859"
  },
  {
    "ID Number": "6700551"
  },
  {
    "ID Number": "6701426"
  },
  {
    "ID Number": "6701434"
  },
  {
    "ID Number": "6706711"
  },
  {
    "ID Number": "6705421"
  },
  {
    "ID Number": "6702023"
  },
  {
    "ID Number": "6704352"
  },
  {
    "ID Number": "6709486"
  },
  {
    "ID Number": "6702139"
  },
  {
    "ID Number": "6701728"
  },
  {
    "ID Number": "6702414"
  },
  {
    "ID Number": "6712363"
  },
  {
    "ID Number": "6701450"
  },
  {
    "ID Number": "6703534"
  },
  {
    "ID Number": "6707904"
  },
  {
    "ID Number": "6709427"
  },
  {
    "ID Number": "6706070"
  },
  {
    "ID Number": "6707416"
  },
  {
    "ID Number": "6707319"
  },
  {
    "ID Number": "6706703"
  },
  {
    "ID Number": "6704883"
  },
  {
    "ID Number": "6709028"
  },
  {
    "ID Number": "6704905"
  },
  {
    "ID Number": "6710565"
  },
  {
    "ID Number": "6706690"
  },
  {
    "ID Number": "6706681"
  },
  {
    "ID Number": "6706380"
  },
  {
    "ID Number": "6701892"
  },
  {
    "ID Number": "6704360"
  },
  {
    "ID Number": "6707831"
  },
  {
    "ID Number": "6704379"
  },
  {
    "ID Number": "6711006"
  },
  {
    "ID Number": "6702430"
  },
  {
    "ID Number": "6703836"
  },
  {
    "ID Number": "6700772"
  },
  {
    "ID Number": "6704565"
  },
  {
    "ID Number": "6703550"
  },
  {
    "ID Number": "6704913"
  },
  {
    "ID Number": "6708102"
  },
  {
    "ID Number": "6708110"
  },
  {
    "ID Number": "6705391"
  },
  {
    "ID Number": "6706509"
  },
  {
    "ID Number": "6702040"
  },
  {
    "ID Number": "6709818"
  },
  {
    "ID Number": "6701493"
  },
  {
    "ID Number": "6700217"
  },
  {
    "ID Number": "6701507"
  },
  {
    "ID Number": "6708714"
  },
  {
    "ID Number": "6709907"
  },
  {
    "ID Number": "6700349"
  },
  {
    "ID Number": "6702970"
  },
  {
    "ID Number": "6708676"
  },
  {
    "ID Number": "6703615"
  },
  {
    "ID Number": "6704395"
  },
  {
    "ID Number": "6706398"
  },
  {
    "ID Number": "6703569"
  },
  {
    "ID Number": "6700381"
  },
  {
    "ID Number": "6700586"
  },
  {
    "ID Number": "6709893"
  },
  {
    "ID Number": "6708668"
  },
  {
    "ID Number": "6706401"
  },
  {
    "ID Number": "6706657"
  },
  {
    "ID Number": "6706649"
  },
  {
    "ID Number": "6707823"
  },
  {
    "ID Number": "6710620"
  },
  {
    "ID Number": "6703143"
  },
  {
    "ID Number": "6711340"
  },
  {
    "ID Number": "6707815"
  },
  {
    "ID Number": "6708650"
  },
  {
    "ID Number": "6702465"
  },
  {
    "ID Number": "6709206"
  },
  {
    "ID Number": "6700497"
  },
  {
    "ID Number": "6706436"
  },
  {
    "ID Number": "6701531"
  },
  {
    "ID Number": "6701582"
  },
  {
    "ID Number": "6709478"
  },
  {
    "ID Number": "6703780"
  },
  {
    "ID Number": "6710530"
  },
  {
    "ID Number": "6710450"
  },
  {
    "ID Number": "6702490"
  },
  {
    "ID Number": "6707408"
  },
  {
    "ID Number": "6708897"
  },
  {
    "ID Number": "6707254"
  },
  {
    "ID Number": "6707793"
  },
  {
    "ID Number": "6705723"
  },
  {
    "ID Number": "6700438"
  },
  {
    "ID Number": "6706606"
  },
  {
    "ID Number": "6706614"
  },
  {
    "ID Number": "6709362"
  },
  {
    "ID Number": "6700039"
  },
  {
    "ID Number": "6700110"
  },
  {
    "ID Number": "6707327"
  },
  {
    "ID Number": "6706452"
  },
  {
    "ID Number": "6708617"
  },
  {
    "ID Number": "6705375"
  },
  {
    "ID Number": "6711928"
  },
  {
    "ID Number": "6704930"
  },
  {
    "ID Number": "6706444"
  },
  {
    "ID Number": "6706592"
  },
  {
    "ID Number": "6706584"
  },
  {
    "ID Number": "6707289"
  },
  {
    "ID Number": "6709613"
  },
  {
    "ID Number": "6703089"
  },
  {
    "ID Number": "6710727"
  },
  {
    "ID Number": "6700071"
  },
  {
    "ID Number": "6700128"
  },
  {
    "ID Number": "6700233"
  },
  {
    "ID Number": "6700195"
  },
  {
    "ID Number": "6700241"
  },
  {
    "ID Number": "6701590"
  }
]