[
  {
    "ID Number": "13804472"
  },
  {
    "ID Number": "13834738"
  },
  {
    "ID Number": "13804413"
  },
  {
    "ID Number": "13836633"
  },
  {
    "ID Number": "13802364"
  },
  {
    "ID Number": "13824295"
  },
  {
    "ID Number": "13847473"
  },
  {
    "ID Number": "13800256"
  },
  {
    "ID Number": "13825321"
  },
  {
    "ID Number": "13807374"
  },
  {
    "ID Number": "13803476"
  },
  {
    "ID Number": "13818007"
  },
  {
    "ID Number": "13820702"
  },
  {
    "ID Number": "13803700"
  },
  {
    "ID Number": "13800337"
  },
  {
    "ID Number": "13800361"
  },
  {
    "ID Number": "13803395"
  },
  {
    "ID Number": "13800973"
  },
  {
    "ID Number": "13812009"
  },
  {
    "ID Number": "13812017"
  },
  {
    "ID Number": "13803263"
  },
  {
    "ID Number": "13806424"
  },
  {
    "ID Number": "13809571"
  },
  {
    "ID Number": "13839195"
  },
  {
    "ID Number": "13802372"
  },
  {
    "ID Number": "13806343"
  },
  {
    "ID Number": "13800663"
  },
  {
    "ID Number": "13800264"
  },
  {
    "ID Number": "13806882"
  },
  {
    "ID Number": "13801600"
  },
  {
    "ID Number": "13809210"
  },
  {
    "ID Number": "13800353"
  },
  {
    "ID Number": "13800990"
  },
  {
    "ID Number": "13845039"
  },
  {
    "ID Number": "13850830"
  },
  {
    "ID Number": "13807170"
  },
  {
    "ID Number": "13802909"
  },
  {
    "ID Number": "13851187"
  },
  {
    "ID Number": "13804090"
  },
  {
    "ID Number": "13830279"
  },
  {
    "ID Number": "13847546"
  },
  {
    "ID Number": "13829947"
  },
  {
    "ID Number": "13807676"
  },
  {
    "ID Number": "13801899"
  },
  {
    "ID Number": "13702670"
  },
  {
    "ID Number": "13807765"
  },
  {
    "ID Number": "13800043"
  },
  {
    "ID Number": "13819372"
  },
  {
    "ID Number": "13833499"
  },
  {
    "ID Number": "13807773"
  },
  {
    "ID Number": "13834100"
  },
  {
    "ID Number": "13818732"
  },
  {
    "ID Number": "13808931"
  },
  {
    "ID Number": "13804154"
  },
  {
    "ID Number": "13828207"
  },
  {
    "ID Number": "13805657"
  },
  {
    "ID Number": "13801007"
  },
  {
    "ID Number": "13827839"
  },
  {
    "ID Number": "13816993"
  },
  {
    "ID Number": "13814524"
  },
  {
    "ID Number": "13819968"
  },
  {
    "ID Number": "13800167"
  },
  {
    "ID Number": "13816926"
  },
  {
    "ID Number": "13848305"
  },
  {
    "ID Number": "13834304"
  },
  {
    "ID Number": "13808621"
  },
  {
    "ID Number": "13845454"
  },
  {
    "ID Number": "13801228"
  },
  {
    "ID Number": "13847600"
  },
  {
    "ID Number": "13818511"
  },
  {
    "ID Number": "13814265"
  },
  {
    "ID Number": "13840975"
  },
  {
    "ID Number": "13807803"
  },
  {
    "ID Number": "13804138"
  },
  {
    "ID Number": "13846752"
  },
  {
    "ID Number": "13807196"
  },
  {
    "ID Number": "13802399"
  },
  {
    "ID Number": "13806084"
  },
  {
    "ID Number": "13800418"
  },
  {
    "ID Number": "13836722"
  },
  {
    "ID Number": "13808770"
  },
  {
    "ID Number": "13808761"
  },
  {
    "ID Number": "13805150"
  },
  {
    "ID Number": "13801970"
  },
  {
    "ID Number": "13818090"
  },
  {
    "ID Number": "13818082"
  },
  {
    "ID Number": "13818104"
  },
  {
    "ID Number": "13826298"
  },
  {
    "ID Number": "13816934"
  },
  {
    "ID Number": "13816888"
  },
  {
    "ID Number": "13846205"
  },
  {
    "ID Number": "13833529"
  },
  {
    "ID Number": "13819976"
  },
  {
    "ID Number": "13848674"
  },
  {
    "ID Number": "13800841"
  },
  {
    "ID Number": "13842617"
  },
  {
    "ID Number": "13833260"
  },
  {
    "ID Number": "13841327"
  },
  {
    "ID Number": "13831631"
  },
  {
    "ID Number": "13812467"
  },
  {
    "ID Number": "13813404"
  },
  {
    "ID Number": "13830112"
  },
  {
    "ID Number": "13814621"
  },
  {
    "ID Number": "13800850"
  },
  {
    "ID Number": "13850547"
  },
  {
    "ID Number": "13807560"
  },
  {
    "ID Number": "13803280"
  },
  {
    "ID Number": "13801694"
  },
  {
    "ID Number": "13839560"
  },
  {
    "ID Number": "13802135"
  },
  {
    "ID Number": "13803387"
  },
  {
    "ID Number": "13816942"
  },
  {
    "ID Number": "13816063"
  },
  {
    "ID Number": "13835483"
  },
  {
    "ID Number": "13828959"
  },
  {
    "ID Number": "13832557"
  },
  {
    "ID Number": "13835041"
  },
  {
    "ID Number": "13847562"
  },
  {
    "ID Number": "13841335"
  },
  {
    "ID Number": "13802801"
  },
  {
    "ID Number": "13835726"
  },
  {
    "ID Number": "13816870"
  },
  {
    "ID Number": "13803670"
  },
  {
    "ID Number": "13832719"
  },
  {
    "ID Number": "13838431"
  },
  {
    "ID Number": "13822640"
  },
  {
    "ID Number": "13817426"
  },
  {
    "ID Number": "13844717"
  },
  {
    "ID Number": "13804189"
  },
  {
    "ID Number": "13838130"
  },
  {
    "ID Number": "13831992"
  },
  {
    "ID Number": "13835475"
  },
  {
    "ID Number": "13803468"
  },
  {
    "ID Number": "13803158"
  },
  {
    "ID Number": "13835270"
  },
  {
    "ID Number": "13801236"
  },
  {
    "ID Number": "13819909"
  },
  {
    "ID Number": "13845950"
  },
  {
    "ID Number": "13845969"
  },
  {
    "ID Number": "381043108"
  },
  {
    "ID Number": "13816071"
  },
  {
    "ID Number": "13849697"
  },
  {
    "ID Number": "13845691"
  },
  {
    "ID Number": "13800566"
  },
  {
    "ID Number": "13801210"
  },
  {
    "ID Number": "13802640"
  },
  {
    "ID Number": "13823965"
  },
  {
    "ID Number": "13800442"
  },
  {
    "ID Number": "13840592"
  },
  {
    "ID Number": "13829807"
  },
  {
    "ID Number": "13818155"
  },
  {
    "ID Number": "13829734"
  },
  {
    "ID Number": "13810812"
  },
  {
    "ID Number": "13803409"
  },
  {
    "ID Number": "13802780"
  },
  {
    "ID Number": "13813978"
  },
  {
    "ID Number": "13803689"
  },
  {
    "ID Number": "13836773"
  },
  {
    "ID Number": "13835904"
  },
  {
    "ID Number": "13832263"
  },
  {
    "ID Number": "13802470"
  },
  {
    "ID Number": "13803298"
  },
  {
    "ID Number": "13804529"
  },
  {
    "ID Number": "13812777"
  },
  {
    "ID Number": "13814273"
  },
  {
    "ID Number": "13835289"
  },
  {
    "ID Number": "13845250"
  },
  {
    "ID Number": "13830120"
  },
  {
    "ID Number": "13842005"
  },
  {
    "ID Number": "13803573"
  },
  {
    "ID Number": "13800736"
  },
  {
    "ID Number": "13800680"
  },
  {
    "ID Number": "13845977"
  },
  {
    "ID Number": "13824686"
  },
  {
    "ID Number": "13803727"
  },
  {
    "ID Number": "13853015"
  },
  {
    "ID Number": "13805800"
  },
  {
    "ID Number": "13844601"
  },
  {
    "ID Number": "13800388"
  },
  {
    "ID Number": "13804634"
  },
  {
    "ID Number": "13813838"
  },
  {
    "ID Number": "13845390"
  },
  {
    "ID Number": "13806777"
  },
  {
    "ID Number": "13815164"
  },
  {
    "ID Number": "13821555"
  },
  {
    "ID Number": "13824562"
  },
  {
    "ID Number": "13819259"
  },
  {
    "ID Number": "13826735"
  },
  {
    "ID Number": "13806947"
  },
  {
    "ID Number": "13800051"
  },
  {
    "ID Number": "13800086"
  },
  {
    "ID Number": "13834436"
  },
  {
    "ID Number": "13833294"
  },
  {
    "ID Number": "13817078"
  },
  {
    "ID Number": "13829777"
  },
  {
    "ID Number": "13835297"
  },
  {
    "ID Number": "13802828"
  },
  {
    "ID Number": "13815091"
  },
  {
    "ID Number": "13801660"
  },
  {
    "ID Number": "13806157"
  },
  {
    "ID Number": "13830325"
  },
  {
    "ID Number": "13827898"
  },
  {
    "ID Number": "13836889"
  },
  {
    "ID Number": "13808079"
  },
  {
    "ID Number": "13802542"
  },
  {
    "ID Number": "13800710"
  },
  {
    "ID Number": "13803638"
  },
  {
    "ID Number": "13802402"
  },
  {
    "ID Number": "13800868"
  },
  {
    "ID Number": "13806556"
  },
  {
    "ID Number": "13840401"
  },
  {
    "ID Number": "13837095"
  },
  {
    "ID Number": "13804219"
  },
  {
    "ID Number": "13803026"
  },
  {
    "ID Number": "13834681"
  },
  {
    "ID Number": "13839390"
  },
  {
    "ID Number": "13800671"
  },
  {
    "ID Number": "13804227"
  },
  {
    "ID Number": "13831917"
  },
  {
    "ID Number": "13805401"
  },
  {
    "ID Number": "13802496"
  },
  {
    "ID Number": "13800655"
  },
  {
    "ID Number": "13830236"
  },
  {
    "ID Number": "13830171"
  },
  {
    "ID Number": "13802259"
  },
  {
    "ID Number": "13803069"
  },
  {
    "ID Number": "13812033"
  },
  {
    "ID Number": "13839365"
  },
  {
    "ID Number": "13827901"
  },
  {
    "ID Number": "13804715"
  },
  {
    "ID Number": "13830724"
  },
  {
    "ID Number": "13830732"
  },
  {
    "ID Number": "13840355"
  },
  {
    "ID Number": "13803654"
  },
  {
    "ID Number": "13826743"
  },
  {
    "ID Number": "13830350"
  },
  {
    "ID Number": "13822292"
  },
  {
    "ID Number": "13801287"
  },
  {
    "ID Number": "13848003"
  },
  {
    "ID Number": "13817620"
  },
  {
    "ID Number": "13807234"
  },
  {
    "ID Number": "13802410"
  },
  {
    "ID Number": "13804243"
  },
  {
    "ID Number": "13834770"
  },
  {
    "ID Number": "13817639"
  },
  {
    "ID Number": "13848577"
  },
  {
    "ID Number": "13811967"
  },
  {
    "ID Number": "13840274"
  },
  {
    "ID Number": "13801716"
  },
  {
    "ID Number": "13834665"
  },
  {
    "ID Number": "13815822"
  },
  {
    "ID Number": "13803328"
  },
  {
    "ID Number": "13802313"
  },
  {
    "ID Number": "13801058"
  },
  {
    "ID Number": "13837176"
  },
  {
    "ID Number": "13848968"
  },
  {
    "ID Number": "13801180"
  },
  {
    "ID Number": "13816772"
  },
  {
    "ID Number": "13807684"
  },
  {
    "ID Number": "13803336"
  },
  {
    "ID Number": "13831569"
  },
  {
    "ID Number": "13806963"
  },
  {
    "ID Number": "13802968"
  },
  {
    "ID Number": "13803760"
  },
  {
    "ID Number": "13817736"
  },
  {
    "ID Number": "13828592"
  },
  {
    "ID Number": "14200287"
  },
  {
    "ID Number": "13815229"
  },
  {
    "ID Number": "13801554"
  },
  {
    "ID Number": "13800523"
  },
  {
    "ID Number": "13800884"
  },
  {
    "ID Number": "13801309"
  },
  {
    "ID Number": "13835750"
  },
  {
    "ID Number": "13811312"
  },
  {
    "ID Number": "13831593"
  },
  {
    "ID Number": "13800205"
  },
  {
    "ID Number": "13813340"
  },
  {
    "ID Number": "13813137"
  },
  {
    "ID Number": "13841114"
  },
  {
    "ID Number": "13803166"
  },
  {
    "ID Number": "13805541"
  },
  {
    "ID Number": "13819283"
  },
  {
    "ID Number": "13818228"
  },
  {
    "ID Number": "13808524"
  },
  {
    "ID Number": "13817000"
  },
  {
    "ID Number": "13843745"
  },
  {
    "ID Number": "13818252"
  },
  {
    "ID Number": "13810103"
  },
  {
    "ID Number": "13805339"
  },
  {
    "ID Number": "13804561"
  },
  {
    "ID Number": "13804146"
  },
  {
    "ID Number": "13817442"
  },
  {
    "ID Number": "13832409"
  },
  {
    "ID Number": "13819461"
  },
  {
    "ID Number": "13834908"
  },
  {
    "ID Number": "13804871"
  },
  {
    "ID Number": "13801651"
  },
  {
    "ID Number": "13800280"
  },
  {
    "ID Number": "13713248"
  },
  {
    "ID Number": "13802321"
  },
  {
    "ID Number": "13805983"
  },
  {
    "ID Number": "13800124"
  },
  {
    "ID Number": "13847317"
  },
  {
    "ID Number": "13804430"
  },
  {
    "ID Number": "13801511"
  },
  {
    "ID Number": "13837273"
  },
  {
    "ID Number": "13806955"
  },
  {
    "ID Number": "13832271"
  },
  {
    "ID Number": "13846078"
  },
  {
    "ID Number": "13817817"
  },
  {
    "ID Number": "13800027"
  },
  {
    "ID Number": "13804588"
  },
  {
    "ID Number": "13829661"
  },
  {
    "ID Number": "13829505"
  },
  {
    "ID Number": "13824570"
  },
  {
    "ID Number": "13817990"
  },
  {
    "ID Number": "13814060"
  },
  {
    "ID Number": "13800698"
  },
  {
    "ID Number": "13817833"
  },
  {
    "ID Number": "13832450"
  },
  {
    "ID Number": "13800302"
  },
  {
    "ID Number": "13840622"
  },
  {
    "ID Number": "34372539"
  },
  {
    "ID Number": "13804456"
  },
  {
    "ID Number": "13801597"
  },
  {
    "ID Number": "13802160"
  },
  {
    "ID Number": "13846655"
  },
  {
    "ID Number": "13822306"
  },
  {
    "ID Number": "13801333"
  },
  {
    "ID Number": "13805398"
  },
  {
    "ID Number": "13812203"
  },
  {
    "ID Number": "13812211"
  },
  {
    "ID Number": "13800760"
  },
  {
    "ID Number": "13803131"
  },
  {
    "ID Number": "13804294"
  },
  {
    "ID Number": "13816047"
  },
  {
    "ID Number": "13800906"
  },
  {
    "ID Number": "13836498"
  },
  {
    "ID Number": "13829599"
  },
  {
    "ID Number": "13810170"
  },
  {
    "ID Number": "13841246"
  },
  {
    "ID Number": "13829521"
  },
  {
    "ID Number": "13821580"
  },
  {
    "ID Number": "13839896"
  },
  {
    "ID Number": "13805878"
  },
  {
    "ID Number": "13823353"
  },
  {
    "ID Number": "13830929"
  },
  {
    "ID Number": "13840398"
  },
  {
    "ID Number": "13801643"
  },
  {
    "ID Number": "13814290"
  },
  {
    "ID Number": "13814168"
  },
  {
    "ID Number": "13803085"
  },
  {
    "ID Number": "13831615"
  },
  {
    "ID Number": "13817477"
  },
  {
    "ID Number": "13840690"
  },
  {
    "ID Number": "13835254"
  },
  {
    "ID Number": "13800310"
  },
  {
    "ID Number": "13836609"
  },
  {
    "ID Number": "13801848"
  },
  {
    "ID Number": "13830180"
  },
  {
    "ID Number": "13841122"
  },
  {
    "ID Number": "13800183"
  },
  {
    "ID Number": "13802011"
  },
  {
    "ID Number": "13806971"
  },
  {
    "ID Number": "13831526"
  },
  {
    "ID Number": "13804480"
  },
  {
    "ID Number": "13801139"
  },
  {
    "ID Number": "13804421"
  },
  {
    "ID Number": "13835831"
  },
  {
    "ID Number": "13816705"
  },
  {
    "ID Number": "13831283"
  },
  {
    "ID Number": "13810677"
  },
  {
    "ID Number": "13801953"
  },
  {
    "ID Number": "13801929"
  },
  {
    "ID Number": "13803697"
  },
  {
    "ID Number": "13807498"
  },
  {
    "ID Number": "13800752"
  },
  {
    "ID Number": "13808958"
  },
  {
    "ID Number": "13802682"
  },
  {
    "ID Number": "13838512"
  },
  {
    "ID Number": "13804596"
  },
  {
    "ID Number": "13804332"
  },
  {
    "ID Number": "13814761"
  },
  {
    "ID Number": "13802240"
  },
  {
    "ID Number": "13817841"
  },
  {
    "ID Number": "13804464"
  },
  {
    "ID Number": "13802437"
  },
  {
    "ID Number": "13817400"
  },
  {
    "ID Number": "13806416"
  },
  {
    "ID Number": "13802526"
  },
  {
    "ID Number": "13813579"
  },
  {
    "ID Number": "13800914"
  },
  {
    "ID Number": "13808613"
  },
  {
    "ID Number": "13801732"
  },
  {
    "ID Number": "13812220"
  },
  {
    "ID Number": "13821423"
  },
  {
    "ID Number": "13806203"
  },
  {
    "ID Number": "13831623"
  },
  {
    "ID Number": "13840380"
  },
  {
    "ID Number": "13810065"
  },
  {
    "ID Number": "13805894"
  },
  {
    "ID Number": "13846043"
  },
  {
    "ID Number": "13836501"
  },
  {
    "ID Number": "13807277"
  },
  {
    "ID Number": "13838393"
  },
  {
    "ID Number": "13815130"
  },
  {
    "ID Number": "13829939"
  },
  {
    "ID Number": "13847988"
  },
  {
    "ID Number": "13842684"
  },
  {
    "ID Number": "13817094"
  },
  {
    "ID Number": "13824058"
  },
  {
    "ID Number": "13846787"
  },
  {
    "ID Number": "13813510"
  },
  {
    "ID Number": "13840371"
  },
  {
    "ID Number": "13804952"
  },
  {
    "ID Number": "13810294"
  },
  {
    "ID Number": "13842706"
  },
  {
    "ID Number": "13847236"
  },
  {
    "ID Number": "13824759"
  },
  {
    "ID Number": "13816896"
  },
  {
    "ID Number": "13820621"
  },
  {
    "ID Number": "13809695"
  },
  {
    "ID Number": "13801503"
  },
  {
    "ID Number": "13807153"
  },
  {
    "ID Number": "13841017"
  },
  {
    "ID Number": "13817108"
  },
  {
    "ID Number": "13842510"
  },
  {
    "ID Number": "13835866"
  },
  {
    "ID Number": "13804340"
  },
  {
    "ID Number": "13830147"
  },
  {
    "ID Number": "13800221"
  },
  {
    "ID Number": "13800345"
  },
  {
    "ID Number": "13801147"
  },
  {
    "ID Number": "13844326"
  },
  {
    "ID Number": "13839900"
  },
  {
    "ID Number": "13852949"
  },
  {
    "ID Number": "13809733"
  },
  {
    "ID Number": "13803948"
  },
  {
    "ID Number": "13800582"
  },
  {
    "ID Number": "13824473"
  },
  {
    "ID Number": "13801627"
  },
  {
    "ID Number": "13802046"
  },
  {
    "ID Number": "13808028"
  },
  {
    "ID Number": "13801856"
  },
  {
    "ID Number": "13826018"
  },
  {
    "ID Number": "13803590"
  },
  {
    "ID Number": "13802739"
  },
  {
    "ID Number": "13851500"
  },
  {
    "ID Number": "13840843"
  },
  {
    "ID Number": "13831437"
  },
  {
    "ID Number": "13824732"
  },
  {
    "ID Number": "13804367"
  },
  {
    "ID Number": "13823582"
  },
  {
    "ID Number": "13814320"
  },
  {
    "ID Number": "13827146"
  },
  {
    "ID Number": "13832689"
  },
  {
    "ID Number": "13801864"
  },
  {
    "ID Number": "13831380"
  },
  {
    "ID Number": "13847791"
  },
  {
    "ID Number": "13832123"
  },
  {
    "ID Number": "13804642"
  },
  {
    "ID Number": "13808303"
  },
  {
    "ID Number": "13810634"
  },
  {
    "ID Number": "13817760"
  },
  {
    "ID Number": "13803255"
  },
  {
    "ID Number": "13840681"
  },
  {
    "ID Number": "13804650"
  },
  {
    "ID Number": "13800426"
  },
  {
    "ID Number": "13805118"
  },
  {
    "ID Number": "13800531"
  },
  {
    "ID Number": "13817302"
  },
  {
    "ID Number": "13832948"
  },
  {
    "ID Number": "13841343"
  },
  {
    "ID Number": "13816020"
  },
  {
    "ID Number": "13801945"
  },
  {
    "ID Number": "13801910"
  },
  {
    "ID Number": "13844709"
  },
  {
    "ID Number": "13802917"
  },
  {
    "ID Number": "13804081"
  },
  {
    "ID Number": "13829726"
  },
  {
    "ID Number": "13846795"
  },
  {
    "ID Number": "13847619"
  },
  {
    "ID Number": "13804499"
  },
  {
    "ID Number": "13811100"
  },
  {
    "ID Number": "13824007"
  },
  {
    "ID Number": "13800493"
  },
  {
    "ID Number": "13809121"
  },
  {
    "ID Number": "13830813"
  },
  {
    "ID Number": "13807447"
  },
  {
    "ID Number": "13802941"
  },
  {
    "ID Number": "13833952"
  },
  {
    "ID Number": "13802607"
  },
  {
    "ID Number": "13837982"
  },
  {
    "ID Number": "13805916"
  },
  {
    "ID Number": "13811738"
  },
  {
    "ID Number": "13829610"
  },
  {
    "ID Number": "13840444"
  },
  {
    "ID Number": "13841726"
  },
  {
    "ID Number": "13802062"
  },
  {
    "ID Number": "13800779"
  },
  {
    "ID Number": "13840320"
  },
  {
    "ID Number": "13850598"
  },
  {
    "ID Number": "13801163"
  },
  {
    "ID Number": "13830163"
  },
  {
    "ID Number": "13830139"
  },
  {
    "ID Number": "13803344"
  },
  {
    "ID Number": "13819321"
  },
  {
    "ID Number": "13800272"
  },
  {
    "ID Number": "13800949"
  },
  {
    "ID Number": "13816640"
  },
  {
    "ID Number": "13847538"
  },
  {
    "ID Number": "13811959"
  },
  {
    "ID Number": "13809113"
  },
  {
    "ID Number": "13834258"
  },
  {
    "ID Number": "13814133"
  },
  {
    "ID Number": "13846094"
  },
  {
    "ID Number": "13801937"
  },
  {
    "ID Number": "13802798"
  },
  {
    "ID Number": "13851039"
  },
  {
    "ID Number": "13817051"
  },
  {
    "ID Number": "13817043"
  },
  {
    "ID Number": "13833340"
  },
  {
    "ID Number": "13814192"
  },
  {
    "ID Number": "13805487"
  },
  {
    "ID Number": "13814150"
  },
  {
    "ID Number": "13800396"
  },
  {
    "ID Number": "13819771"
  },
  {
    "ID Number": "13801767"
  },
  {
    "ID Number": "13839187"
  },
  {
    "ID Number": "13802623"
  },
  {
    "ID Number": "13816489"
  },
  {
    "ID Number": "13832778"
  },
  {
    "ID Number": "13835653"
  },
  {
    "ID Number": "13808044"
  },
  {
    "ID Number": "13803778"
  },
  {
    "ID Number": "13800299"
  },
  {
    "ID Number": "13800957"
  },
  {
    "ID Number": "13807420"
  },
  {
    "ID Number": "13805045"
  },
  {
    "ID Number": "13814451"
  },
  {
    "ID Number": "13803247"
  },
  {
    "ID Number": "13824740"
  },
  {
    "ID Number": "13802852"
  },
  {
    "ID Number": "13832743"
  },
  {
    "ID Number": "13816861"
  },
  {
    "ID Number": "13800574"
  },
  {
    "ID Number": "13836528"
  },
  {
    "ID Number": "13803352"
  },
  {
    "ID Number": "13802453"
  },
  {
    "ID Number": "13807188"
  },
  {
    "ID Number": "13826905"
  },
  {
    "ID Number": "13839659"
  },
  {
    "ID Number": "13817310"
  },
  {
    "ID Number": "13817329"
  },
  {
    "ID Number": "13814338"
  },
  {
    "ID Number": "13836692"
  },
  {
    "ID Number": "13832301"
  },
  {
    "ID Number": "13803360"
  },
  {
    "ID Number": "13817124"
  },
  {
    "ID Number": "13814001"
  },
  {
    "ID Number": "13800248"
  },
  {
    "ID Number": "13800965"
  },
  {
    "ID Number": "13804383"
  },
  {
    "ID Number": "13816853"
  },
  {
    "ID Number": "13817523"
  },
  {
    "ID Number": "13814419"
  },
  {
    "ID Number": "13819100"
  },
  {
    "ID Number": "13817116"
  },
  {
    "ID Number": "13802461"
  },
  {
    "ID Number": "13832930"
  },
  {
    "ID Number": "13823264"
  },
  {
    "ID Number": "13802569"
  },
  {
    "ID Number": "13829491"
  },
  {
    "ID Number": "13811746"
  },
  {
    "ID Number": "13803140"
  },
  {
    "ID Number": "13847597"
  },
  {
    "ID Number": "13800450"
  },
  {
    "ID Number": "13803174"
  },
  {
    "ID Number": "13848259"
  },
  {
    "ID Number": "13835459"
  },
  {
    "ID Number": "13803603"
  },
  {
    "ID Number": "13809750"
  },
  {
    "ID Number": "13805312"
  },
  {
    "ID Number": "13816551"
  },
  {
    "ID Number": "13832131"
  },
  {
    "ID Number": "13803042"
  },
  {
    "ID Number": "13821245"
  },
  {
    "ID Number": "13804111"
  },
  {
    "ID Number": "13800795"
  },
  {
    "ID Number": "13814141"
  },
  {
    "ID Number": "13816381"
  },
  {
    "ID Number": "13803379"
  },
  {
    "ID Number": "13835386"
  },
  {
    "ID Number": "13817981"
  },
  {
    "ID Number": "13819356"
  },
  {
    "ID Number": "13822624"
  },
  {
    "ID Number": "13832921"
  },
  {
    "ID Number": "13800485"
  },
  {
    "ID Number": "13803743"
  },
  {
    "ID Number": "13801279"
  },
  {
    "ID Number": "13805932"
  },
  {
    "ID Number": "13830902"
  },
  {
    "ID Number": "13832514"
  },
  {
    "ID Number": "13801635"
  },
  {
    "ID Number": "13829041"
  },
  {
    "ID Number": "13833383"
  },
  {
    "ID Number": "13825046"
  },
  {
    "ID Number": "13817345"
  },
  {
    "ID Number": "13832662"
  },
  {
    "ID Number": "13809628"
  },
  {
    "ID Number": "13819780"
  },
  {
    "ID Number": "13841190"
  },
  {
    "ID Number": "13821938"
  },
  {
    "ID Number": "13810251"
  },
  {
    "ID Number": "13824465"
  },
  {
    "ID Number": "13800876"
  },
  {
    "ID Number": "13835688"
  },
  {
    "ID Number": "13836897"
  },
  {
    "ID Number": "13817868"
  }
]