[
  {
    "ID Number": "16900219"
  },
  {
    "ID Number": "16901819"
  },
  {
    "ID Number": "20802544"
  },
  {
    "ID Number": "16901541"
  },
  {
    "ID Number": "16900014"
  },
  {
    "ID Number": "16900472"
  },
  {
    "ID Number": "16900464"
  },
  {
    "ID Number": "16900359"
  },
  {
    "ID Number": "1962957"
  },
  {
    "ID Number": "16900049"
  },
  {
    "ID Number": "14306298"
  },
  {
    "ID Number": "14317974"
  },
  {
    "ID Number": "16900200"
  },
  {
    "ID Number": "14306352"
  },
  {
    "ID Number": "16900537"
  },
  {
    "ID Number": "16900642"
  },
  {
    "ID Number": "16900120"
  },
  {
    "ID Number": "16900294"
  },
  {
    "ID Number": "1908316"
  },
  {
    "ID Number": "16900324"
  },
  {
    "ID Number": "16900090"
  },
  {
    "ID Number": "16900057"
  },
  {
    "ID Number": "1966014"
  },
  {
    "ID Number": "1951165"
  },
  {
    "ID Number": "16901304"
  }
]