[
  {
    "ID Number": "9700897"
  },
  {
    "ID Number": "9700374"
  },
  {
    "ID Number": "9700552"
  },
  {
    "ID Number": "14309416"
  },
  {
    "ID Number": "9700463"
  },
  {
    "ID Number": "9700501"
  },
  {
    "ID Number": "9700412"
  },
  {
    "ID Number": "9700358"
  },
  {
    "ID Number": "9700676"
  },
  {
    "ID Number": "6205690"
  },
  {
    "ID Number": "16213831"
  },
  {
    "ID Number": "9700420"
  },
  {
    "ID Number": "9700072"
  },
  {
    "ID Number": "9702075"
  },
  {
    "ID Number": "9700021"
  },
  {
    "ID Number": "9700129"
  },
  {
    "ID Number": "9700714"
  },
  {
    "ID Number": "9700455"
  },
  {
    "ID Number": "9700323"
  },
  {
    "ID Number": "9700200"
  },
  {
    "ID Number": "9700110"
  },
  {
    "ID Number": "9700773"
  },
  {
    "ID Number": "9700820"
  },
  {
    "ID Number": "9700170"
  },
  {
    "ID Number": "9701109"
  },
  {
    "ID Number": "9700161"
  },
  {
    "ID Number": "9700579"
  },
  {
    "ID Number": "9700242"
  },
  {
    "ID Number": "9700056"
  },
  {
    "ID Number": "9700390"
  },
  {
    "ID Number": "9700013"
  },
  {
    "ID Number": "9700099"
  },
  {
    "ID Number": "9700749"
  },
  {
    "ID Number": "9701222"
  },
  {
    "ID Number": "9700684"
  },
  {
    "ID Number": "9700536"
  },
  {
    "ID Number": "9700382"
  },
  {
    "ID Number": "9702024"
  },
  {
    "ID Number": "404136"
  },
  {
    "ID Number": "9700250"
  },
  {
    "ID Number": "9700544"
  },
  {
    "ID Number": "9700277"
  },
  {
    "ID Number": "9700790"
  },
  {
    "ID Number": "102115889"
  },
  {
    "ID Number": "9700765"
  },
  {
    "ID Number": "9700340"
  },
  {
    "ID Number": "9700331"
  },
  {
    "ID Number": "19601301"
  },
  {
    "ID Number": "9700692"
  },
  {
    "ID Number": "9701036"
  },
  {
    "ID Number": "9700447"
  },
  {
    "ID Number": "9700404"
  }
]