[
  {
    "ID Number": "9700897",
    "Name": "Aashish, Aayush",
    "Fed": "MRI",
    "Sex": "M",
    "Title": "",
    "WTit": "",
    "OTit": "",
    "FOA": "1579",
    "Rating": "AUG25",
    "Gms": "0",
    "K": "40",
    "B-day": "2010",
    "Flag": ""
  },
  {
    "ID Number": "9700374",
    "Name": "Acham, Meritza",
    "Fed": "MRI",
    "Sex": "F",
    "Title": "WCM",
    "WTit": "WCM",
    "OTit": "",
    "FOA": "1669",
    "Rating": "AUG25",
    "Gms": "0",
    "K": "20",
    "B-day": "1997",
    "Flag": "w"
  },
  {
    "ID Number": "9700552",
    "Name": "Ah-Kye, Benitot Emmanuel",
    "Fed": "MRI",
    "Sex": "M",
    "Title": "CM",
    "WTit": "",
    "OTit": "",
    "FOA": "1802",
    "Rating": "AUG25",
    "Gms": "0",
    "K": "20",
    "B-day": "1985",
    "Flag": ""
  },
  {
    "ID Number": "14309416",
    "Name": "Anderson, Gavin Albert",
    "Fed": "MRI",
    "Sex": "M",
    "Title": "",
    "WTit": "",
    "OTit": "",
    "FOA": "2132",
    "Rating": "AUG25",
    "Gms": "0",
    "K": "20",
    "B-day": "1980",
    "Flag": ""
  },
  {
    "ID Number": "9700463",
    "Name": "Andhin, Chethanah",
    "Fed": "MRI",
    "Sex": "F",
    "Title": "WCM",
    "WTit": "WCM",
    "OTit": "",
    "FOA": "1599",
    "Rating": "AUG25",
    "Gms": "0",
    "K": "20",
    "B-day": "2004",
    "Flag": "w"
  },
  {
    "ID Number": "9700501",
    "Name": "Andhin, Jaysing",
    "Fed": "MRI",
    "Sex": "M",
    "Title": "",
    "WTit": "",
    "OTit": "",
    "FOA": "1447",
    "Rating": "AUG25",
    "Gms": "0",
    "K": "40",
    "B-day": "1967",
    "Flag": "i"
  },
  {
    "ID Number": "9700412",
    "Name": "Backory, Sanju",
    "Fed": "MRI",
    "Sex": "M",
    "Title": "",
    "WTit": "",
    "OTit": "",
    "FOA": "1767",
    "Rating": "AUG25",
    "Gms": "0",
    "K": "40",
    "B-day": "1992",
    "Flag": "i"
  },
  {
    "ID Number": "9700358",
    "Name": "Beekhy, Aamirah",
    "Fed": "MRI",
    "Sex": "F",
    "Title": "WCM",
    "WTit": "WCM",
    "OTit": "NA",
    "FOA": "1561",
    "Rating": "AUG25",
    "Gms": "0",
    "K": "40",
    "B-day": "1992",
    "Flag": "w"
  },
  {
    "ID Number": "9700676",
    "Name": "Brugette, Romain",
    "Fed": "MRI",
    "Sex": "M",
    "Title": "",
    "WTit": "",
    "OTit": "",
    "FOA": "1640",
    "Rating": "AUG25",
    "Gms": "0",
    "K": "40",
    "B-day": "2006",
    "Flag": ""
  },
  {
    "ID Number": "6205690",
    "Name": "Burbach, Anya Belle",
    "Fed": "MRI",
    "Sex": "F",
    "Title": "",
    "WTit": "",
    "OTit": "",
    "FOA": "1623",
    "Rating": "AUG25",
    "Gms": "0",
    "K": "20",
    "B-day": "2006",
    "Flag": "w"
  },
  {
    "ID Number": "16213831",
    "Name": "Burbach, Bruno",
    "Fed": "MRI",
    "Sex": "M",
    "Title": "",
    "WTit": "NA",
    "OTit": "",
    "FOA": "1649",
    "Rating": "AUG25",
    "Gms": "0",
    "K": "20",
    "B-day": "1959",
    "Flag": ""
  },
  {
    "ID Number": "9700420",
    "Name": "Chan, Christophe",
    "Fed": "MRI",
    "Sex": "M",
    "Title": "",
    "WTit": "",
    "OTit": "",
    "FOA": "1962",
    "Rating": "AUG25",
    "Gms": "0",
    "K": "40",
    "B-day": "1981",
    "Flag": "i"
  },
  {
    "ID Number": "9700072",
    "Name": "Chinasamy, Devarajen",
    "Fed": "MRI",
    "Sex": "M",
    "Title": "CM",
    "WTit": "NA",
    "OTit": "",
    "FOA": "1953",
    "Rating": "AUG25",
    "Gms": "0",
    "K": "20",
    "B-day": "1961",
    "Flag": ""
  },
  {
    "ID Number": "9702075",
    "Name": "David Koon Kam King",
    "Fed": "MRI",
    "Sex": "M",
    "Title": "",
    "WTit": "",
    "OTit": "",
    "FOA": "1637",
    "Rating": "AUG25",
    "Gms": "0",
    "K": "40",
    "B-day": "1977",
    "Flag": ""
  },
  {
    "ID Number": "9700021",
    "Name": "De Robillard, Vincent",
    "Fed": "MRI",
    "Sex": "M",
    "Title": "",
    "WTit": "",
    "OTit": "",
    "FOA": "1893",
    "Rating": "AUG25",
    "Gms": "0",
    "K": "40",
    "B-day": "1988",
    "Flag": "i"
  },
  {
    "ID Number": "9700129",
    "Name": "Dussoye, Nuvin",
    "Fed": "MRI",
    "Sex": "M",
    "Title": "",
    "WTit": "",
    "OTit": "",
    "FOA": "1779",
    "Rating": "AUG25",
    "Gms": "0",
    "K": "40",
    "B-day": "1978",
    "Flag": "i"
  },
  {
    "ID Number": "9700714",
    "Name": "Emrit, Hrishav",
    "Fed": "MRI",
    "Sex": "M",
    "Title": "",
    "WTit": "",
    "OTit": "",
    "FOA": "1757",
    "Rating": "AUG25",
    "Gms": "0",
    "K": "40",
    "B-day": "2011",
    "Flag": ""
  },
  {
    "ID Number": "9700455",
    "Name": "Essoo, Uvika",
    "Fed": "MRI",
    "Sex": "F",
    "Title": "",
    "WTit": "",
    "OTit": "",
    "FOA": "1512",
    "Rating": "AUG25",
    "Gms": "0",
    "K": "40",
    "B-day": "2001",
    "Flag": "wi"
  },
  {
    "ID Number": "9700323",
    "Name": "Fine, Richard Alvaro Adrien",
    "Fed": "MRI",
    "Sex": "M",
    "Title": "",
    "WTit": "",
    "OTit": "",
    "FOA": "1812",
    "Rating": "AUG25",
    "Gms": "0",
    "K": "40",
    "B-day": "1996",
    "Flag": ""
  },
  {
    "ID Number": "9700200",
    "Name": "Genne, Rene",
    "Fed": "MRI",
    "Sex": "M",
    "Title": "",
    "WTit": "",
    "OTit": "",
    "FOA": "1805",
    "Rating": "AUG25",
    "Gms": "0",
    "K": "20",
    "B-day": "1937",
    "Flag": "i"
  },
  {
    "ID Number": "9700110",
    "Name": "Goorsahye, Antoine",
    "Fed": "MRI",
    "Sex": "M",
    "Title": "",
    "WTit": "",
    "OTit": "",
    "FOA": "1853",
    "Rating": "AUG25",
    "Gms": "0",
    "K": "20",
    "B-day": "1949",
    "Flag": ""
  },
  {
    "ID Number": "9700773",
    "Name": "Gungadoo, Preetisha Devi",
    "Fed": "MRI",
    "Sex": "F",
    "Title": "",
    "WTit": "",
    "OTit": "",
    "FOA": "1538",
    "Rating": "AUG25",
    "Gms": "0",
    "K": "40",
    "B-day": "1981",
    "Flag": "w"
  },
  {
    "ID Number": "9700820",
    "Name": "Hardy, Noah Mikheal",
    "Fed": "MRI",
    "Sex": "M",
    "Title": "",
    "WTit": "",
    "OTit": "",
    "FOA": "1840",
    "Rating": "AUG25",
    "Gms": "0",
    "K": "40",
    "B-day": "2004",
    "Flag": ""
  },
  {
    "ID Number": "9700170",
    "Name": "Jotee, Ashvin",
    "Fed": "MRI",
    "Sex": "M",
    "Title": "FM",
    "WTit": "",
    "OTit": "",
    "FOA": "1843",
    "Rating": "AUG25",
    "Gms": "0",
    "K": "20",
    "B-day": "1981",
    "Flag": ""
  },
  {
    "ID Number": "9701109",
    "Name": "Jugganaigooloo, Jean Hugues",
    "Fed": "MRI",
    "Sex": "M",
    "Title": "",
    "WTit": "",
    "OTit": "",
    "FOA": "1724",
    "Rating": "AUG25",
    "Gms": "0",
    "K": "40",
    "B-day": "2000",
    "Flag": ""
  },
  {
    "ID Number": "9700161",
    "Name": "Koster, Jeroen Louis",
    "Fed": "MRI",
    "Sex": "M",
    "Title": "CM",
    "WTit": "",
    "OTit": "",
    "FOA": "1909",
    "Rating": "AUG25",
    "Gms": "0",
    "K": "20",
    "B-day": "1965",
    "Flag": "i"
  },
  {
    "ID Number": "9700579",
    "Name": "Lam Kin Cheung, Stephane",
    "Fed": "MRI",
    "Sex": "M",
    "Title": "",
    "WTit": "SI,LSI,NA",
    "OTit": "",
    "FOA": "AFM",
    "Rating": "AUG25",
    "Gms": "1728",
    "K": "0",
    "B-day": "2001",
    "Flag": ""
  },
  {
    "ID Number": "9700242",
    "Name": "Lee Luen Mang, Stefan",
    "Fed": "MRI",
    "Sex": "M",
    "Title": "",
    "WTit": "NA",
    "OTit": "",
    "FOA": "1827",
    "Rating": "AUG25",
    "Gms": "0",
    "K": "20",
    "B-day": "1996",
    "Flag": ""
  },
  {
    "ID Number": "9700056",
    "Name": "Li Ying, Patrick",
    "Fed": "MRI",
    "Sex": "M",
    "Title": "CM",
    "WTit": "FI",
    "OTit": "",
    "FOA": "2036",
    "Rating": "AUG25",
    "Gms": "0",
    "K": "20",
    "B-day": "1962",
    "Flag": "i"
  },
  {
    "ID Number": "9700390",
    "Name": "Lincoln, Marc",
    "Fed": "MRI",
    "Sex": "M",
    "Title": "",
    "WTit": "",
    "OTit": "",
    "FOA": "1898",
    "Rating": "AUG25",
    "Gms": "0",
    "K": "40",
    "B-day": "1993",
    "Flag": "i"
  },
  {
    "ID Number": "9700013",
    "Name": "Mansoor, J",
    "Fed": "MRI",
    "Sex": "M",
    "Title": "",
    "WTit": "",
    "OTit": "",
    "FOA": "2193",
    "Rating": "AUG25",
    "Gms": "0",
    "K": "20",
    "B-day": "0",
    "Flag": "i"
  },
  {
    "ID Number": "9700099",
    "Name": "Marie, Patrick",
    "Fed": "MRI",
    "Sex": "M",
    "Title": "CM",
    "WTit": "NA",
    "OTit": "",
    "FOA": "1887",
    "Rating": "AUG25",
    "Gms": "0",
    "K": "20",
    "B-day": "1966",
    "Flag": ""
  },
  {
    "ID Number": "9700749",
    "Name": "Moossa, Ruslan",
    "Fed": "MRI",
    "Sex": "M",
    "Title": "",
    "WTit": "",
    "OTit": "",
    "FOA": "ACM",
    "Rating": "AUG25",
    "Gms": "1558",
    "K": "0",
    "B-day": "2006",
    "Flag": ""
  },
  {
    "ID Number": "9701222",
    "Name": "Mootin, Daven Nanda",
    "Fed": "MRI",
    "Sex": "M",
    "Title": "",
    "WTit": "",
    "OTit": "",
    "FOA": "1676",
    "Rating": "AUG25",
    "Gms": "0",
    "K": "40",
    "B-day": "2010",
    "Flag": ""
  },
  {
    "ID Number": "9700684",
    "Name": "Munean, Vishken",
    "Fed": "MRI",
    "Sex": "M",
    "Title": "",
    "WTit": "",
    "OTit": "",
    "FOA": "1410",
    "Rating": "AUG25",
    "Gms": "0",
    "K": "40",
    "B-day": "2008",
    "Flag": "i"
  },
  {
    "ID Number": "9700536",
    "Name": "Mungroo, Arvind",
    "Fed": "MRI",
    "Sex": "M",
    "Title": "",
    "WTit": "NA",
    "OTit": "",
    "FOA": "1438",
    "Rating": "AUG25",
    "Gms": "0",
    "K": "40",
    "B-day": "1978",
    "Flag": ""
  },
  {
    "ID Number": "9700382",
    "Name": "Naipal, Hoolan",
    "Fed": "MRI",
    "Sex": "M",
    "Title": "CM",
    "WTit": "NA",
    "OTit": "",
    "FOA": "1844",
    "Rating": "AUG25",
    "Gms": "0",
    "K": "20",
    "B-day": "1994",
    "Flag": ""
  },
  {
    "ID Number": "9702024",
    "Name": "Neeraj Yogesh RAMYEAD",
    "Fed": "MRI",
    "Sex": "M",
    "Title": "",
    "WTit": "",
    "OTit": "",
    "FOA": "1712",
    "Rating": "AUG25",
    "Gms": "0",
    "K": "40",
    "B-day": "1980",
    "Flag": ""
  },
  {
    "ID Number": "404136",
    "Name": "Phillips, Roy",
    "Fed": "MRI",
    "Sex": "M",
    "Title": "FM",
    "WTit": "",
    "OTit": "",
    "FOA": "2160",
    "Rating": "AUG25",
    "Gms": "0",
    "K": "20",
    "B-day": "1969",
    "Flag": ""
  },
  {
    "ID Number": "9700250",
    "Name": "Raimbert, Ronald",
    "Fed": "MRI",
    "Sex": "M",
    "Title": "CM",
    "WTit": "",
    "OTit": "",
    "FOA": "1863",
    "Rating": "AUG25",
    "Gms": "0",
    "K": "40",
    "B-day": "1955",
    "Flag": "i"
  },
  {
    "ID Number": "9700544",
    "Name": "Ramjane, Shabneez",
    "Fed": "MRI",
    "Sex": "F",
    "Title": "",
    "WTit": "",
    "OTit": "",
    "FOA": "1453",
    "Rating": "AUG25",
    "Gms": "0",
    "K": "40",
    "B-day": "1993",
    "Flag": "wi"
  },
  {
    "ID Number": "9700277",
    "Name": "Ramsaha, Mrinal Ashwin",
    "Fed": "MRI",
    "Sex": "M",
    "Title": "",
    "WTit": "",
    "OTit": "",
    "FOA": "1908",
    "Rating": "AUG25",
    "Gms": "0",
    "K": "40",
    "B-day": "1997",
    "Flag": "i"
  },
  {
    "ID Number": "9700790",
    "Name": "Ramtale, Bhavish",
    "Fed": "MRI",
    "Sex": "M",
    "Title": "",
    "WTit": "",
    "OTit": "",
    "FOA": "1962",
    "Rating": "AUG25",
    "Gms": "0",
    "K": "40",
    "B-day": "1994",
    "Flag": ""
  },
  {
    "ID Number": "102115889",
    "Name": "Reetoo, Dinay",
    "Fed": "MRI",
    "Sex": "M",
    "Title": "",
    "WTit": "",
    "OTit": "",
    "FOA": "1449",
    "Rating": "AUG25",
    "Gms": "0",
    "K": "40",
    "B-day": "1978",
    "Flag": ""
  },
  {
    "ID Number": "9700765",
    "Name": "Reetoo, Sahil",
    "Fed": "MRI",
    "Sex": "M",
    "Title": "",
    "WTit": "",
    "OTit": "",
    "FOA": "1498",
    "Rating": "AUG25",
    "Gms": "0",
    "K": "40",
    "B-day": "2011",
    "Flag": ""
  },
  {
    "ID Number": "9700340",
    "Name": "Sawmynaden, Rayen Sarathy",
    "Fed": "MRI",
    "Sex": "M",
    "Title": "",
    "WTit": "",
    "OTit": "",
    "FOA": "1946",
    "Rating": "AUG25",
    "Gms": "0",
    "K": "40",
    "B-day": "1997",
    "Flag": ""
  },
  {
    "ID Number": "9700331",
    "Name": "Sawmynaden, Righen Peroumal",
    "Fed": "MRI",
    "Sex": "M",
    "Title": "",
    "WTit": "NA",
    "OTit": "",
    "FOA": "1674",
    "Rating": "AUG25",
    "Gms": "0",
    "K": "20",
    "B-day": "1994",
    "Flag": ""
  },
  {
    "ID Number": "19601301",
    "Name": "Sawmynaden, Vicken",
    "Fed": "MRI",
    "Sex": "M",
    "Title": "",
    "WTit": "",
    "OTit": "",
    "FOA": "1700",
    "Rating": "AUG25",
    "Gms": "0",
    "K": "20",
    "B-day": "1995",
    "Flag": ""
  },
  {
    "ID Number": "9700692",
    "Name": "Seebaluck, Arjun",
    "Fed": "MRI",
    "Sex": "M",
    "Title": "",
    "WTit": "",
    "OTit": "",
    "FOA": "1433",
    "Rating": "AUG25",
    "Gms": "0",
    "K": "40",
    "B-day": "2012",
    "Flag": ""
  },
  {
    "ID Number": "9701036",
    "Name": "Sunnassee, Bavish",
    "Fed": "MRI",
    "Sex": "M",
    "Title": "",
    "WTit": "",
    "OTit": "",
    "FOA": "1721",
    "Rating": "AUG25",
    "Gms": "0",
    "K": "40",
    "B-day": "2001",
    "Flag": ""
  },
  {
    "ID Number": "9700447",
    "Name": "Vencatasawmy, Nadarajen",
    "Fed": "MRI",
    "Sex": "M",
    "Title": "",
    "WTit": "",
    "OTit": "",
    "FOA": "1859",
    "Rating": "AUG25",
    "Gms": "0",
    "K": "40",
    "B-day": "1995",
    "Flag": "i"
  },
  {
    "ID Number": "9700404",
    "Name": "Zouhaier, Salhi",
    "Fed": "MRI",
    "Sex": "M",
    "Title": "",
    "WTit": "",
    "OTit": "",
    "FOA": "1899",
    "Rating": "AUG25",
    "Gms": "0",
    "K": "40",
    "B-day": "1978",
    "Flag": ""
  }
]