[
  {
    "ID Number": "8722072"
  },
  {
    "ID Number": "8705275"
  },
  {
    "ID Number": "8701067"
  },
  {
    "ID Number": "8731837"
  },
  {
    "ID Number": "8722501"
  },
  {
    "ID Number": "8722498"
  },
  {
    "ID Number": "8725810"
  },
  {
    "ID Number": "8705755"
  },
  {
    "ID Number": "8704520"
  },
  {
    "ID Number": "8705291"
  },
  {
    "ID Number": "415383"
  },
  {
    "ID Number": "8709998"
  },
  {
    "ID Number": "8733708"
  },
  {
    "ID Number": "8731411"
  },
  {
    "ID Number": "8727821"
  },
  {
    "ID Number": "8706964"
  },
  {
    "ID Number": "8700257"
  },
  {
    "ID Number": "8722196"
  },
  {
    "ID Number": "8712573"
  },
  {
    "ID Number": "8724741"
  },
  {
    "ID Number": "8733988"
  },
  {
    "ID Number": "8701610"
  },
  {
    "ID Number": "8700737"
  },
  {
    "ID Number": "8702632"
  },
  {
    "ID Number": "8726965"
  },
  {
    "ID Number": "8714576"
  },
  {
    "ID Number": "8730474"
  },
  {
    "ID Number": "8711518"
  },
  {
    "ID Number": "8729093"
  },
  {
    "ID Number": "8712867"
  },
  {
    "ID Number": "8714541"
  },
  {
    "ID Number": "8709475"
  },
  {
    "ID Number": "8706565"
  },
  {
    "ID Number": "8704040"
  },
  {
    "ID Number": "8707391"
  },
  {
    "ID Number": "8712883"
  },
  {
    "ID Number": "8710783"
  },
  {
    "ID Number": "8709149"
  },
  {
    "ID Number": "8715017"
  },
  {
    "ID Number": "8720983"
  },
  {
    "ID Number": "8728925"
  },
  {
    "ID Number": "8716285"
  },
  {
    "ID Number": "8711925"
  },
  {
    "ID Number": "8733783"
  },
  {
    "ID Number": "8714630"
  },
  {
    "ID Number": "8708274"
  },
  {
    "ID Number": "8701113"
  },
  {
    "ID Number": "8705356"
  },
  {
    "ID Number": "8700435"
  },
  {
    "ID Number": "8700117"
  },
  {
    "ID Number": "8728097"
  },
  {
    "ID Number": "8705364"
  },
  {
    "ID Number": "8726760"
  },
  {
    "ID Number": "8722617"
  },
  {
    "ID Number": "8700729"
  },
  {
    "ID Number": "8710945"
  },
  {
    "ID Number": "8709173"
  },
  {
    "ID Number": "8708487"
  },
  {
    "ID Number": "8708541"
  },
  {
    "ID Number": "8728364"
  },
  {
    "ID Number": "8707197"
  },
  {
    "ID Number": "8700060"
  },
  {
    "ID Number": "8700630"
  },
  {
    "ID Number": "8734127"
  },
  {
    "ID Number": "8723419"
  },
  {
    "ID Number": "8710961"
  },
  {
    "ID Number": "8708169"
  },
  {
    "ID Number": "8709343"
  },
  {
    "ID Number": "8734020"
  },
  {
    "ID Number": "8715025"
  },
  {
    "ID Number": "8700249"
  },
  {
    "ID Number": "8701644"
  },
  {
    "ID Number": "8705372"
  },
  {
    "ID Number": "8706077"
  },
  {
    "ID Number": "8708843"
  },
  {
    "ID Number": "8707650"
  },
  {
    "ID Number": "8732132"
  },
  {
    "ID Number": "8707200"
  },
  {
    "ID Number": "8700028"
  },
  {
    "ID Number": "8701660"
  },
  {
    "ID Number": "8719284"
  },
  {
    "ID Number": "8704260"
  },
  {
    "ID Number": "8708878"
  },
  {
    "ID Number": "8715033"
  },
  {
    "ID Number": "8715041"
  },
  {
    "ID Number": "8714819"
  },
  {
    "ID Number": "8704759"
  },
  {
    "ID Number": "8706085"
  },
  {
    "ID Number": "8704279"
  },
  {
    "ID Number": "8711283"
  },
  {
    "ID Number": "8707219"
  },
  {
    "ID Number": "8707103"
  },
  {
    "ID Number": "8708495"
  },
  {
    "ID Number": "8701431"
  },
  {
    "ID Number": "8730547"
  },
  {
    "ID Number": "8701679"
  },
  {
    "ID Number": "8710503"
  },
  {
    "ID Number": "8724300"
  },
  {
    "ID Number": "8701695"
  },
  {
    "ID Number": "8700370"
  },
  {
    "ID Number": "8701709"
  },
  {
    "ID Number": "8710589"
  },
  {
    "ID Number": "8700281"
  },
  {
    "ID Number": "8730083"
  },
  {
    "ID Number": "8708320"
  },
  {
    "ID Number": "8712085"
  },
  {
    "ID Number": "8730890"
  },
  {
    "ID Number": "8705097"
  },
  {
    "ID Number": "8710805"
  },
  {
    "ID Number": "8728887"
  },
  {
    "ID Number": "8711887"
  },
  {
    "ID Number": "8704287"
  },
  {
    "ID Number": "8704031"
  },
  {
    "ID Number": "8700052"
  },
  {
    "ID Number": "8701733"
  },
  {
    "ID Number": "8719144"
  },
  {
    "ID Number": "8719152"
  },
  {
    "ID Number": "8702233"
  },
  {
    "ID Number": "8704295"
  },
  {
    "ID Number": "8720444"
  },
  {
    "ID Number": "8714843"
  },
  {
    "ID Number": "8704635"
  },
  {
    "ID Number": "8714851"
  },
  {
    "ID Number": "8707073"
  },
  {
    "ID Number": "8734330"
  },
  {
    "ID Number": "8704767"
  },
  {
    "ID Number": "8731551"
  },
  {
    "ID Number": "8711771"
  },
  {
    "ID Number": "8704317"
  },
  {
    "ID Number": "8708789"
  },
  {
    "ID Number": "8728763"
  },
  {
    "ID Number": "8712115"
  },
  {
    "ID Number": "8707510"
  },
  {
    "ID Number": "8709980"
  },
  {
    "ID Number": "8700419"
  },
  {
    "ID Number": "8700591"
  },
  {
    "ID Number": "8715050"
  },
  {
    "ID Number": "8711046"
  },
  {
    "ID Number": "8727171"
  },
  {
    "ID Number": "8708215"
  },
  {
    "ID Number": "8712379"
  },
  {
    "ID Number": "8726868"
  },
  {
    "ID Number": "8703965"
  },
  {
    "ID Number": "8724156"
  },
  {
    "ID Number": "8707251"
  },
  {
    "ID Number": "8714037"
  },
  {
    "ID Number": "8711240"
  },
  {
    "ID Number": "8708819"
  },
  {
    "ID Number": "8701768"
  },
  {
    "ID Number": "8718741"
  },
  {
    "ID Number": "8718601"
  },
  {
    "ID Number": "8704368"
  },
  {
    "ID Number": "8702136"
  },
  {
    "ID Number": "8700842"
  },
  {
    "ID Number": "8714908"
  },
  {
    "ID Number": "8718423"
  },
  {
    "ID Number": "8707383"
  },
  {
    "ID Number": "8715068"
  },
  {
    "ID Number": "8705160"
  },
  {
    "ID Number": "8701776"
  },
  {
    "ID Number": "8701784"
  },
  {
    "ID Number": "8706921"
  },
  {
    "ID Number": "8722420"
  },
  {
    "ID Number": "8716447"
  },
  {
    "ID Number": "8728127"
  },
  {
    "ID Number": "8710384"
  },
  {
    "ID Number": "8700680"
  },
  {
    "ID Number": "8716161"
  },
  {
    "ID Number": "8706166"
  },
  {
    "ID Number": "8710619"
  },
  {
    "ID Number": "8704384"
  },
  {
    "ID Number": "8713103"
  },
  {
    "ID Number": "8730431"
  },
  {
    "ID Number": "8706050"
  },
  {
    "ID Number": "8728135"
  },
  {
    "ID Number": "8705917"
  },
  {
    "ID Number": "8724270"
  },
  {
    "ID Number": "8706247"
  },
  {
    "ID Number": "8729964"
  },
  {
    "ID Number": "8700524"
  },
  {
    "ID Number": "8702462"
  },
  {
    "ID Number": "8724512"
  },
  {
    "ID Number": "8704120"
  },
  {
    "ID Number": "8705194"
  },
  {
    "ID Number": "8703299"
  },
  {
    "ID Number": "8703302"
  },
  {
    "ID Number": "8700265"
  },
  {
    "ID Number": "8712751"
  },
  {
    "ID Number": "8728518"
  },
  {
    "ID Number": "8700478"
  },
  {
    "ID Number": "8711496"
  },
  {
    "ID Number": "8713154"
  },
  {
    "ID Number": "8728666"
  },
  {
    "ID Number": "8701873"
  },
  {
    "ID Number": "8705208"
  },
  {
    "ID Number": "8734348"
  },
  {
    "ID Number": "8710821"
  },
  {
    "ID Number": "8708932"
  },
  {
    "ID Number": "8708894"
  },
  {
    "ID Number": "8708886"
  },
  {
    "ID Number": "8714720"
  },
  {
    "ID Number": "8713162"
  },
  {
    "ID Number": "8705453"
  },
  {
    "ID Number": "8723060"
  },
  {
    "ID Number": "8708762"
  },
  {
    "ID Number": "8711917"
  },
  {
    "ID Number": "8728836"
  },
  {
    "ID Number": "8726213"
  },
  {
    "ID Number": "8700109"
  },
  {
    "ID Number": "8711135"
  },
  {
    "ID Number": "8731390"
  },
  {
    "ID Number": "8713197"
  },
  {
    "ID Number": "8707138"
  },
  {
    "ID Number": "8708266"
  },
  {
    "ID Number": "8701890"
  },
  {
    "ID Number": "8707278"
  },
  {
    "ID Number": "8704422"
  },
  {
    "ID Number": "8707260"
  },
  {
    "ID Number": "8722803"
  },
  {
    "ID Number": "8733694"
  },
  {
    "ID Number": "8707286"
  },
  {
    "ID Number": "8718610"
  },
  {
    "ID Number": "8714525"
  },
  {
    "ID Number": "8700532"
  },
  {
    "ID Number": "8707367"
  },
  {
    "ID Number": "8703450"
  },
  {
    "ID Number": "8700567"
  },
  {
    "ID Number": "8704139"
  },
  {
    "ID Number": "8707545"
  },
  {
    "ID Number": "8728143"
  },
  {
    "ID Number": "8703523"
  },
  {
    "ID Number": "8703531"
  },
  {
    "ID Number": "8731144"
  },
  {
    "ID Number": "8733732"
  },
  {
    "ID Number": "8711739"
  },
  {
    "ID Number": "8728534"
  },
  {
    "ID Number": "8710724"
  },
  {
    "ID Number": "8704147"
  },
  {
    "ID Number": "8700222"
  },
  {
    "ID Number": "8703620"
  },
  {
    "ID Number": "8700192"
  },
  {
    "ID Number": "8700443"
  },
  {
    "ID Number": "8728470"
  },
  {
    "ID Number": "8728542"
  },
  {
    "ID Number": "8722978"
  },
  {
    "ID Number": "8707677"
  },
  {
    "ID Number": "8701946"
  },
  {
    "ID Number": "8710074"
  },
  {
    "ID Number": "8713782"
  },
  {
    "ID Number": "8719179"
  },
  {
    "ID Number": "8719187"
  },
  {
    "ID Number": "8719195"
  },
  {
    "ID Number": "8731861"
  },
  {
    "ID Number": "8713634"
  },
  {
    "ID Number": "8706336"
  },
  {
    "ID Number": "8707162"
  },
  {
    "ID Number": "8713774"
  },
  {
    "ID Number": "74601580"
  },
  {
    "ID Number": "8728291"
  },
  {
    "ID Number": "8702241"
  },
  {
    "ID Number": "8731764"
  },
  {
    "ID Number": "8703744"
  },
  {
    "ID Number": "8730610"
  },
  {
    "ID Number": "8728844"
  },
  {
    "ID Number": "8715076"
  },
  {
    "ID Number": "8730270"
  },
  {
    "ID Number": "8703779"
  },
  {
    "ID Number": "8702268"
  },
  {
    "ID Number": "8709106"
  },
  {
    "ID Number": "8710740"
  },
  {
    "ID Number": "8704775"
  },
  {
    "ID Number": "8701989"
  },
  {
    "ID Number": "8701997"
  },
  {
    "ID Number": "8707960"
  },
  {
    "ID Number": "8729921"
  },
  {
    "ID Number": "8710627"
  },
  {
    "ID Number": "8700540"
  },
  {
    "ID Number": "8700389"
  },
  {
    "ID Number": "8711291"
  },
  {
    "ID Number": "8715084"
  },
  {
    "ID Number": "8723320"
  },
  {
    "ID Number": "8705496"
  },
  {
    "ID Number": "8713332"
  },
  {
    "ID Number": "8711380"
  },
  {
    "ID Number": "8729808"
  },
  {
    "ID Number": "8704473"
  },
  {
    "ID Number": "8727007"
  },
  {
    "ID Number": "8727180"
  },
  {
    "ID Number": "8718458"
  },
  {
    "ID Number": "8704490"
  },
  {
    "ID Number": "8700125"
  },
  {
    "ID Number": "8702004"
  },
  {
    "ID Number": "8723133"
  },
  {
    "ID Number": "8729930"
  },
  {
    "ID Number": "8709939"
  },
  {
    "ID Number": "8714118"
  },
  {
    "ID Number": "8734011"
  },
  {
    "ID Number": "8710546"
  },
  {
    "ID Number": "8728879"
  },
  {
    "ID Number": "8706387"
  },
  {
    "ID Number": "8702047"
  }
]