[
  {
    "ID Number": "8505462"
  },
  {
    "ID Number": "8539391"
  },
  {
    "ID Number": "8508623"
  },
  {
    "ID Number": "8504563"
  },
  {
    "ID Number": "8539170"
  },
  {
    "ID Number": "8514089"
  },
  {
    "ID Number": "8509689"
  },
  {
    "ID Number": "8533571"
  },
  {
    "ID Number": "8514780"
  },
  {
    "ID Number": "8508364"
  },
  {
    "ID Number": "8535612"
  },
  {
    "ID Number": "8535485"
  },
  {
    "ID Number": "8552002"
  },
  {
    "ID Number": "8525552"
  },
  {
    "ID Number": "8505470"
  },
  {
    "ID Number": "8500282"
  },
  {
    "ID Number": "8530157"
  },
  {
    "ID Number": "8500371"
  },
  {
    "ID Number": "8508097"
  },
  {
    "ID Number": "8508607"
  },
  {
    "ID Number": "8503672"
  },
  {
    "ID Number": "8522987"
  },
  {
    "ID Number": "8503680"
  },
  {
    "ID Number": "8506302"
  },
  {
    "ID Number": "8508461"
  },
  {
    "ID Number": "8500339"
  },
  {
    "ID Number": "8506477"
  },
  {
    "ID Number": "8511764"
  },
  {
    "ID Number": "8514399"
  },
  {
    "ID Number": "8514798"
  },
  {
    "ID Number": "8501238"
  },
  {
    "ID Number": "8503613"
  },
  {
    "ID Number": "8502544"
  },
  {
    "ID Number": "8554447"
  },
  {
    "ID Number": "8554820"
  },
  {
    "ID Number": "8534535"
  },
  {
    "ID Number": "8530718"
  },
  {
    "ID Number": "8500690"
  },
  {
    "ID Number": "8505489"
  },
  {
    "ID Number": "8500258"
  },
  {
    "ID Number": "8514801"
  },
  {
    "ID Number": "8558426"
  },
  {
    "ID Number": "8511470"
  },
  {
    "ID Number": "8512310"
  },
  {
    "ID Number": "8517894"
  },
  {
    "ID Number": "8507767"
  },
  {
    "ID Number": "8540454"
  },
  {
    "ID Number": "8500720"
  },
  {
    "ID Number": "8513899"
  },
  {
    "ID Number": "8513880"
  },
  {
    "ID Number": "8514372"
  },
  {
    "ID Number": "8500010"
  },
  {
    "ID Number": "8503737"
  },
  {
    "ID Number": "8551413"
  },
  {
    "ID Number": "8500240"
  },
  {
    "ID Number": "8527741"
  },
  {
    "ID Number": "8512353"
  },
  {
    "ID Number": "8505853"
  },
  {
    "ID Number": "8502994"
  },
  {
    "ID Number": "8500444"
  },
  {
    "ID Number": "8518785"
  },
  {
    "ID Number": "8519641"
  },
  {
    "ID Number": "8509743"
  },
  {
    "ID Number": "8501769"
  },
  {
    "ID Number": "8505497"
  },
  {
    "ID Number": "8506329"
  },
  {
    "ID Number": "8506337"
  },
  {
    "ID Number": "8535574"
  },
  {
    "ID Number": "8529345"
  },
  {
    "ID Number": "8504490"
  },
  {
    "ID Number": "8511381"
  },
  {
    "ID Number": "8501777"
  },
  {
    "ID Number": "8557837"
  },
  {
    "ID Number": "8500886"
  },
  {
    "ID Number": "8539677"
  },
  {
    "ID Number": "8518823"
  },
  {
    "ID Number": "8504458"
  },
  {
    "ID Number": "8508100"
  },
  {
    "ID Number": "8507791"
  },
  {
    "ID Number": "8501793"
  },
  {
    "ID Number": "8514119"
  },
  {
    "ID Number": "8515808"
  },
  {
    "ID Number": "21510768"
  },
  {
    "ID Number": "8511993"
  },
  {
    "ID Number": "8505519"
  },
  {
    "ID Number": "8500908"
  },
  {
    "ID Number": "8503052"
  },
  {
    "ID Number": "8500983"
  },
  {
    "ID Number": "8511438"
  },
  {
    "ID Number": "8515182"
  },
  {
    "ID Number": "8524670"
  },
  {
    "ID Number": "8514054"
  },
  {
    "ID Number": "8504580"
  },
  {
    "ID Number": "8501009"
  },
  {
    "ID Number": "8507058"
  },
  {
    "ID Number": "8503060"
  },
  {
    "ID Number": "8502633"
  },
  {
    "ID Number": "8503800"
  },
  {
    "ID Number": "8512019"
  },
  {
    "ID Number": "8508844"
  },
  {
    "ID Number": "8512396"
  },
  {
    "ID Number": "8517320"
  },
  {
    "ID Number": "8519692"
  },
  {
    "ID Number": "8511675"
  },
  {
    "ID Number": "8526630"
  },
  {
    "ID Number": "8500177"
  },
  {
    "ID Number": "8507520"
  },
  {
    "ID Number": "8544476"
  },
  {
    "ID Number": "8505578"
  },
  {
    "ID Number": "8501246"
  },
  {
    "ID Number": "8527245"
  },
  {
    "ID Number": "8550450"
  },
  {
    "ID Number": "8507244"
  },
  {
    "ID Number": "8503834"
  },
  {
    "ID Number": "8504784"
  },
  {
    "ID Number": "8522626"
  },
  {
    "ID Number": "8501408"
  },
  {
    "ID Number": "8508895"
  },
  {
    "ID Number": "8524815"
  },
  {
    "ID Number": "8501491"
  },
  {
    "ID Number": "8500061"
  },
  {
    "ID Number": "8500436"
  },
  {
    "ID Number": "8502641"
  },
  {
    "ID Number": "8503850"
  },
  {
    "ID Number": "8512965"
  },
  {
    "ID Number": "8561060"
  },
  {
    "ID Number": "8503133"
  },
  {
    "ID Number": "8509794"
  },
  {
    "ID Number": "8503869"
  },
  {
    "ID Number": "8503877"
  },
  {
    "ID Number": "8515123"
  },
  {
    "ID Number": "8509808"
  },
  {
    "ID Number": "8509093"
  },
  {
    "ID Number": "8504750"
  },
  {
    "ID Number": "8504709"
  },
  {
    "ID Number": "8522804"
  },
  {
    "ID Number": "8514500"
  },
  {
    "ID Number": "8532460"
  },
  {
    "ID Number": "8503907"
  },
  {
    "ID Number": "8500150"
  },
  {
    "ID Number": "8502110"
  },
  {
    "ID Number": "8510555"
  },
  {
    "ID Number": "8503923"
  },
  {
    "ID Number": "8503095"
  },
  {
    "ID Number": "8503109"
  },
  {
    "ID Number": "8506930"
  },
  {
    "ID Number": "8504644"
  },
  {
    "ID Number": "8539642"
  },
  {
    "ID Number": "8554811"
  },
  {
    "ID Number": "8512086"
  },
  {
    "ID Number": "8512094"
  },
  {
    "ID Number": "8512108"
  },
  {
    "ID Number": "8512078"
  },
  {
    "ID Number": "8509298"
  },
  {
    "ID Number": "8529019"
  },
  {
    "ID Number": "8503125"
  },
  {
    "ID Number": "8510520"
  },
  {
    "ID Number": "8503940"
  },
  {
    "ID Number": "8526168"
  },
  {
    "ID Number": "8503958"
  },
  {
    "ID Number": "8509310"
  },
  {
    "ID Number": "8507546"
  },
  {
    "ID Number": "8503141"
  },
  {
    "ID Number": "8510539"
  },
  {
    "ID Number": "8519102"
  },
  {
    "ID Number": "8507554"
  },
  {
    "ID Number": "8505675"
  },
  {
    "ID Number": "8511888"
  },
  {
    "ID Number": "8503966"
  },
  {
    "ID Number": "8521433"
  },
  {
    "ID Number": "8513023"
  },
  {
    "ID Number": "8515468"
  },
  {
    "ID Number": "8558400"
  },
  {
    "ID Number": "8507210"
  },
  {
    "ID Number": "8501300"
  },
  {
    "ID Number": "8507201"
  },
  {
    "ID Number": "8508674"
  },
  {
    "ID Number": "8504725"
  },
  {
    "ID Number": "8509263"
  },
  {
    "ID Number": "8522081"
  },
  {
    "ID Number": "8503168"
  },
  {
    "ID Number": "8506620"
  },
  {
    "ID Number": "8517789"
  },
  {
    "ID Number": "8504431"
  },
  {
    "ID Number": "8509840"
  },
  {
    "ID Number": "8504598"
  },
  {
    "ID Number": "8510687"
  },
  {
    "ID Number": "8513074"
  },
  {
    "ID Number": "8509581"
  },
  {
    "ID Number": "8505845"
  },
  {
    "ID Number": "8507538"
  },
  {
    "ID Number": "8508240"
  },
  {
    "ID Number": "8528306"
  },
  {
    "ID Number": "8503974"
  },
  {
    "ID Number": "8511462"
  },
  {
    "ID Number": "8506124"
  },
  {
    "ID Number": "8517983"
  },
  {
    "ID Number": "8503982"
  },
  {
    "ID Number": "8512124"
  },
  {
    "ID Number": "8507180"
  },
  {
    "ID Number": "8503176"
  },
  {
    "ID Number": "8514720"
  },
  {
    "ID Number": "8504547"
  },
  {
    "ID Number": "8508640"
  },
  {
    "ID Number": "8508089"
  },
  {
    "ID Number": "8536805"
  },
  {
    "ID Number": "8504253"
  },
  {
    "ID Number": "8505900"
  },
  {
    "ID Number": "8501319"
  },
  {
    "ID Number": "8502943"
  },
  {
    "ID Number": "8515085"
  },
  {
    "ID Number": "8508879"
  },
  {
    "ID Number": "8501076"
  },
  {
    "ID Number": "8501203"
  },
  {
    "ID Number": "8517150"
  },
  {
    "ID Number": "8513171"
  },
  {
    "ID Number": "8502200"
  },
  {
    "ID Number": "8516510"
  },
  {
    "ID Number": "8504733"
  },
  {
    "ID Number": "8519145"
  },
  {
    "ID Number": "8502218"
  },
  {
    "ID Number": "8519838"
  },
  {
    "ID Number": "8519161"
  },
  {
    "ID Number": "8507422"
  },
  {
    "ID Number": "8504423"
  },
  {
    "ID Number": "8530432"
  },
  {
    "ID Number": "8548366"
  },
  {
    "ID Number": "8552096"
  },
  {
    "ID Number": "8509336"
  },
  {
    "ID Number": "8512752"
  },
  {
    "ID Number": "8508585"
  },
  {
    "ID Number": "8510946"
  },
  {
    "ID Number": "8520577"
  },
  {
    "ID Number": "8505454"
  },
  {
    "ID Number": "8549982"
  },
  {
    "ID Number": "8503222"
  },
  {
    "ID Number": "8516464"
  },
  {
    "ID Number": "8516871"
  },
  {
    "ID Number": "8507740"
  },
  {
    "ID Number": "8504040"
  },
  {
    "ID Number": "8529981"
  },
  {
    "ID Number": "8550719"
  },
  {
    "ID Number": "8540772"
  },
  {
    "ID Number": "8543690"
  },
  {
    "ID Number": "8521921"
  },
  {
    "ID Number": "8537224"
  },
  {
    "ID Number": "8522847"
  },
  {
    "ID Number": "8540780"
  },
  {
    "ID Number": "8507457"
  },
  {
    "ID Number": "8507449"
  },
  {
    "ID Number": "8511900"
  },
  {
    "ID Number": "8501327"
  },
  {
    "ID Number": "8517401"
  },
  {
    "ID Number": "8515069"
  },
  {
    "ID Number": "8506078"
  },
  {
    "ID Number": "8509905"
  },
  {
    "ID Number": "8517428"
  },
  {
    "ID Number": "8503257"
  },
  {
    "ID Number": "8532206"
  },
  {
    "ID Number": "8539855"
  },
  {
    "ID Number": "8514070"
  },
  {
    "ID Number": "8535965"
  },
  {
    "ID Number": "8521123"
  },
  {
    "ID Number": "8511349"
  },
  {
    "ID Number": "8514534"
  },
  {
    "ID Number": "8507490"
  },
  {
    "ID Number": "8574324"
  },
  {
    "ID Number": "8514488"
  },
  {
    "ID Number": "8515204"
  },
  {
    "ID Number": "8500037"
  },
  {
    "ID Number": "8500959"
  },
  {
    "ID Number": "8504059"
  },
  {
    "ID Number": "8526940"
  },
  {
    "ID Number": "8503630"
  },
  {
    "ID Number": "8507589"
  },
  {
    "ID Number": "8501467"
  },
  {
    "ID Number": "8503648"
  },
  {
    "ID Number": "8548935"
  },
  {
    "ID Number": "8502242"
  },
  {
    "ID Number": "8536112"
  },
  {
    "ID Number": "8538930"
  },
  {
    "ID Number": "8511632"
  },
  {
    "ID Number": "8536104"
  },
  {
    "ID Number": "8537160"
  },
  {
    "ID Number": "8515395"
  },
  {
    "ID Number": "8524939"
  },
  {
    "ID Number": "8506400"
  },
  {
    "ID Number": "8506850"
  },
  {
    "ID Number": "8506108"
  },
  {
    "ID Number": "8512191"
  },
  {
    "ID Number": "8502277"
  },
  {
    "ID Number": "8501920"
  },
  {
    "ID Number": "8507392"
  },
  {
    "ID Number": "8511640"
  },
  {
    "ID Number": "8511756"
  },
  {
    "ID Number": "8513139"
  },
  {
    "ID Number": "8574243"
  },
  {
    "ID Number": "8526435"
  },
  {
    "ID Number": "8522839"
  },
  {
    "ID Number": "8512850"
  },
  {
    "ID Number": "8509662"
  },
  {
    "ID Number": "8508615"
  },
  {
    "ID Number": "8532362"
  },
  {
    "ID Number": "8509190"
  },
  {
    "ID Number": "8504067"
  },
  {
    "ID Number": "8515956"
  },
  {
    "ID Number": "8514658"
  },
  {
    "ID Number": "8502307"
  },
  {
    "ID Number": "8550891"
  },
  {
    "ID Number": "8500770"
  },
  {
    "ID Number": "8515026"
  },
  {
    "ID Number": "8508577"
  },
  {
    "ID Number": "8518041"
  },
  {
    "ID Number": "8513996"
  },
  {
    "ID Number": "8513767"
  },
  {
    "ID Number": "8513082"
  },
  {
    "ID Number": "8509506"
  },
  {
    "ID Number": "8509620"
  },
  {
    "ID Number": "8506035"
  },
  {
    "ID Number": "8545820"
  },
  {
    "ID Number": "8504555"
  },
  {
    "ID Number": "8503303"
  },
  {
    "ID Number": "8503311"
  },
  {
    "ID Number": "8515263"
  },
  {
    "ID Number": "8509042"
  },
  {
    "ID Number": "8505942"
  },
  {
    "ID Number": "8519307"
  },
  {
    "ID Number": "8507988"
  },
  {
    "ID Number": "8514127"
  },
  {
    "ID Number": "8530696"
  },
  {
    "ID Number": "8543496"
  },
  {
    "ID Number": "8518068"
  },
  {
    "ID Number": "8500142"
  },
  {
    "ID Number": "8528080"
  },
  {
    "ID Number": "8527750"
  },
  {
    "ID Number": "8527776"
  },
  {
    "ID Number": "8502315"
  },
  {
    "ID Number": "8518300"
  },
  {
    "ID Number": "8514364"
  },
  {
    "ID Number": "8507384"
  },
  {
    "ID Number": "8502137"
  },
  {
    "ID Number": "8502811"
  },
  {
    "ID Number": "8523681"
  },
  {
    "ID Number": "8522979"
  },
  {
    "ID Number": "8504377"
  },
  {
    "ID Number": "8509980"
  },
  {
    "ID Number": "8543186"
  },
  {
    "ID Number": "8515662"
  },
  {
    "ID Number": "8509050"
  },
  {
    "ID Number": "8514666"
  },
  {
    "ID Number": "8502129"
  },
  {
    "ID Number": "8513252"
  },
  {
    "ID Number": "8500630"
  },
  {
    "ID Number": "8540268"
  },
  {
    "ID Number": "8509182"
  },
  {
    "ID Number": "8504601"
  },
  {
    "ID Number": "8509158"
  },
  {
    "ID Number": "8510989"
  },
  {
    "ID Number": "8521484"
  },
  {
    "ID Number": "8539243"
  },
  {
    "ID Number": "8507783"
  },
  {
    "ID Number": "8511179"
  },
  {
    "ID Number": "8504105"
  },
  {
    "ID Number": "8510016"
  },
  {
    "ID Number": "8506418"
  },
  {
    "ID Number": "8503370"
  },
  {
    "ID Number": "8507708"
  },
  {
    "ID Number": "8507830"
  },
  {
    "ID Number": "8500231"
  },
  {
    "ID Number": "8502323"
  },
  {
    "ID Number": "8540233"
  },
  {
    "ID Number": "8501521"
  },
  {
    "ID Number": "8522812"
  },
  {
    "ID Number": "8514097"
  },
  {
    "ID Number": "8523207"
  },
  {
    "ID Number": "8504113"
  },
  {
    "ID Number": "8519331"
  },
  {
    "ID Number": "8504121"
  },
  {
    "ID Number": "8511489"
  },
  {
    "ID Number": "8502340"
  },
  {
    "ID Number": "8529663"
  },
  {
    "ID Number": "8518718"
  },
  {
    "ID Number": "8508526"
  },
  {
    "ID Number": "8529965"
  },
  {
    "ID Number": "8514429"
  },
  {
    "ID Number": "8508534"
  },
  {
    "ID Number": "8518084"
  },
  {
    "ID Number": "8509069"
  },
  {
    "ID Number": "8500134"
  },
  {
    "ID Number": "8528489"
  },
  {
    "ID Number": "8528470"
  },
  {
    "ID Number": "8511918"
  },
  {
    "ID Number": "8515905"
  },
  {
    "ID Number": "8516243"
  },
  {
    "ID Number": "8505977"
  },
  {
    "ID Number": "8521930"
  },
  {
    "ID Number": "8536066"
  },
  {
    "ID Number": "8502358"
  },
  {
    "ID Number": "8508119"
  },
  {
    "ID Number": "8503397"
  },
  {
    "ID Number": "8534551"
  },
  {
    "ID Number": "8535280"
  },
  {
    "ID Number": "8503400"
  },
  {
    "ID Number": "8540080"
  },
  {
    "ID Number": "8507295"
  },
  {
    "ID Number": "8506280"
  },
  {
    "ID Number": "8508054"
  },
  {
    "ID Number": "8507562"
  },
  {
    "ID Number": "8517797"
  },
  {
    "ID Number": "8501092"
  },
  {
    "ID Number": "8517860"
  },
  {
    "ID Number": "8500940"
  },
  {
    "ID Number": "8536830"
  },
  {
    "ID Number": "8500290"
  },
  {
    "ID Number": "8516260"
  },
  {
    "ID Number": "8511390"
  },
  {
    "ID Number": "8508143"
  },
  {
    "ID Number": "8504512"
  },
  {
    "ID Number": "8503419"
  },
  {
    "ID Number": "8507899"
  },
  {
    "ID Number": "8506728"
  },
  {
    "ID Number": "8523657"
  },
  {
    "ID Number": "8505969"
  },
  {
    "ID Number": "8501165"
  },
  {
    "ID Number": "8504156"
  },
  {
    "ID Number": "8508313"
  },
  {
    "ID Number": "8503435"
  },
  {
    "ID Number": "8503427"
  },
  {
    "ID Number": "8508380"
  },
  {
    "ID Number": "8500266"
  },
  {
    "ID Number": "8507481"
  },
  {
    "ID Number": "8503451"
  },
  {
    "ID Number": "8508011"
  },
  {
    "ID Number": "8503460"
  },
  {
    "ID Number": "8500487"
  },
  {
    "ID Number": "8528640"
  },
  {
    "ID Number": "8508593"
  },
  {
    "ID Number": "8525862"
  },
  {
    "ID Number": "8536821"
  },
  {
    "ID Number": "8507473"
  },
  {
    "ID Number": "8527415"
  },
  {
    "ID Number": "8513112"
  },
  {
    "ID Number": "8511497"
  },
  {
    "ID Number": "8536040"
  },
  {
    "ID Number": "8506442"
  },
  {
    "ID Number": "8513384"
  },
  {
    "ID Number": "8539650"
  },
  {
    "ID Number": "8501181"
  },
  {
    "ID Number": "8503486"
  },
  {
    "ID Number": "8516952"
  },
  {
    "ID Number": "8501424"
  },
  {
    "ID Number": "8510040"
  },
  {
    "ID Number": "8505837"
  },
  {
    "ID Number": "8529167"
  },
  {
    "ID Number": "8508860"
  },
  {
    "ID Number": "8509239"
  },
  {
    "ID Number": "8529850"
  },
  {
    "ID Number": "8521000"
  },
  {
    "ID Number": "8501254"
  },
  {
    "ID Number": "8510334"
  },
  {
    "ID Number": "8513031"
  },
  {
    "ID Number": "8511039"
  },
  {
    "ID Number": "8513244"
  },
  {
    "ID Number": "8536708"
  },
  {
    "ID Number": "8529353"
  },
  {
    "ID Number": "8514194"
  },
  {
    "ID Number": "8525170"
  },
  {
    "ID Number": "8507309"
  },
  {
    "ID Number": "8510067"
  },
  {
    "ID Number": "8501190"
  },
  {
    "ID Number": "8502439"
  },
  {
    "ID Number": "8502447"
  },
  {
    "ID Number": "8504539"
  },
  {
    "ID Number": "8500797"
  },
  {
    "ID Number": "8507341"
  },
  {
    "ID Number": "8529523"
  },
  {
    "ID Number": "8529060"
  },
  {
    "ID Number": "8540756"
  },
  {
    "ID Number": "8511861"
  },
  {
    "ID Number": "8510342"
  },
  {
    "ID Number": "8508720"
  },
  {
    "ID Number": "8508739"
  },
  {
    "ID Number": "8503508"
  },
  {
    "ID Number": "8507961"
  },
  {
    "ID Number": "8502900"
  },
  {
    "ID Number": "8505624"
  },
  {
    "ID Number": "8513414"
  },
  {
    "ID Number": "8537356"
  },
  {
    "ID Number": "8508224"
  },
  {
    "ID Number": "8515409"
  },
  {
    "ID Number": "8511730"
  },
  {
    "ID Number": "8512060"
  },
  {
    "ID Number": "8507864"
  },
  {
    "ID Number": "8514950"
  },
  {
    "ID Number": "8512248"
  },
  {
    "ID Number": "8511616"
  },
  {
    "ID Number": "8501483"
  },
  {
    "ID Number": "8505772"
  },
  {
    "ID Number": "8510300"
  },
  {
    "ID Number": "8523371"
  },
  {
    "ID Number": "8519960"
  },
  {
    "ID Number": "8508178"
  },
  {
    "ID Number": "8507627"
  },
  {
    "ID Number": "8510725"
  },
  {
    "ID Number": "8505640"
  },
  {
    "ID Number": "8502056"
  },
  {
    "ID Number": "8551073"
  },
  {
    "ID Number": "8500754"
  },
  {
    "ID Number": "8550972"
  },
  {
    "ID Number": "8524637"
  },
  {
    "ID Number": "8512914"
  },
  {
    "ID Number": "8506485"
  },
  {
    "ID Number": "8502480"
  },
  {
    "ID Number": "8508020"
  },
  {
    "ID Number": "8551545"
  },
  {
    "ID Number": "8536503"
  },
  {
    "ID Number": "8513856"
  },
  {
    "ID Number": "8507619"
  },
  {
    "ID Number": "8510490"
  },
  {
    "ID Number": "8513104"
  },
  {
    "ID Number": "8500223"
  },
  {
    "ID Number": "8510954"
  },
  {
    "ID Number": "8510504"
  },
  {
    "ID Number": "8536554"
  },
  {
    "ID Number": "8505730"
  },
  {
    "ID Number": "8509131"
  },
  {
    "ID Number": "8510415"
  },
  {
    "ID Number": "8554200"
  },
  {
    "ID Number": "8529574"
  },
  {
    "ID Number": "8517037"
  },
  {
    "ID Number": "8551901"
  },
  {
    "ID Number": "8513325"
  },
  {
    "ID Number": "8503575"
  },
  {
    "ID Number": "8507350"
  },
  {
    "ID Number": "8519994"
  },
  {
    "ID Number": "8523134"
  },
  {
    "ID Number": "8513147"
  },
  {
    "ID Number": "8530076"
  },
  {
    "ID Number": "8531277"
  },
  {
    "ID Number": "8523754"
  },
  {
    "ID Number": "8503583"
  },
  {
    "ID Number": "8514747"
  },
  {
    "ID Number": "8514160"
  },
  {
    "ID Number": "8516936"
  },
  {
    "ID Number": "8549249"
  },
  {
    "ID Number": "8520020"
  },
  {
    "ID Number": "8504229"
  },
  {
    "ID Number": "8549532"
  },
  {
    "ID Number": "8544204"
  },
  {
    "ID Number": "8542929"
  },
  {
    "ID Number": "8542910"
  },
  {
    "ID Number": "8502536"
  },
  {
    "ID Number": "8540705"
  },
  {
    "ID Number": "8528209"
  },
  {
    "ID Number": "8550697"
  },
  {
    "ID Number": "8510091"
  },
  {
    "ID Number": "8554838"
  },
  {
    "ID Number": "8513740"
  },
  {
    "ID Number": "8573280"
  },
  {
    "ID Number": "8514879"
  },
  {
    "ID Number": "8510288"
  },
  {
    "ID Number": "8512272"
  },
  {
    "ID Number": "8521131"
  },
  {
    "ID Number": "8553378"
  },
  {
    "ID Number": "8520070"
  },
  {
    "ID Number": "8539596"
  }
]