[
  {
    "ID Number": "10502840",
    "Name": "Abd Aziz, Hazim Safwan",
    "Fed": "BRU",
    "Sex": "M",
    "Title": "",
    "WTit": "",
    "OTit": "",
    "Rating": "1641",
    "Gms": "0",
    "K": "20",
    "RatingMonth": "AUG25",
    "B-day": "2003",
    "Flag": "i"
  },
  {
    "ID Number": "10502726",
    "Name": "Abdul Aziz",
    "Fed": "BRU",
    "Sex": "M",
    "Title": "",
    "WTit": "",
    "OTit": "",
    "Rating": "1658",
    "Gms": "0",
    "K": "20",
    "RatingMonth": "AUG25",
    "B-day": "2002",
    "Flag": ""
  },
  {
    "ID Number": "10504133",
    "Name": "Aeron Go Wei Zhong",
    "Fed": "BRU",
    "Sex": "M",
    "Title": "",
    "WTit": "",
    "OTit": "",
    "Rating": "1659",
    "Gms": "0",
    "K": "40",
    "RatingMonth": "AUG25",
    "B-day": "2011",
    "Flag": ""
  },
  {
    "ID Number": "10504001",
    "Name": "Ahmad Shafie, Ahmad Rawie",
    "Fed": "BRU",
    "Sex": "M",
    "Title": "",
    "WTit": "",
    "OTit": "",
    "Rating": "1657",
    "Gms": "0",
    "K": "40",
    "RatingMonth": "AUG25",
    "B-day": "2016",
    "Flag": ""
  },
  {
    "ID Number": "10501975",
    "Name": "Ahmad, Hj Mohd Nassir",
    "Fed": "BRU",
    "Sex": "M",
    "Title": "",
    "WTit": "",
    "OTit": "",
    "Rating": "1785",
    "Gms": "0",
    "K": "20",
    "RatingMonth": "AUG25",
    "B-day": "1958",
    "Flag": ""
  },
  {
    "ID Number": "10500260",
    "Name": "Ahmad, Md Siraj Munir",
    "Fed": "BRU",
    "Sex": "M",
    "Title": "",
    "WTit": "",
    "OTit": "",
    "Rating": "1998",
    "Gms": "0",
    "K": "20",
    "RatingMonth": "AUG25",
    "B-day": "0",
    "Flag": "i"
  },
  {
    "ID Number": "10503242",
    "Name": "Ahmad, Zaydani",
    "Fed": "BRU",
    "Sex": "M",
    "Title": "",
    "WTit": "",
    "OTit": "",
    "Rating": "1789",
    "Gms": "0",
    "K": "20",
    "RatingMonth": "AUG25",
    "B-day": "2006",
    "Flag": ""
  },
  {
    "ID Number": "10502785",
    "Name": "Ak. Md Ayyub, Pg. Fhame",
    "Fed": "BRU",
    "Sex": "M",
    "Title": "",
    "WTit": "",
    "OTit": "",
    "Rating": "1787",
    "Gms": "0",
    "K": "40",
    "RatingMonth": "AUG25",
    "B-day": "2007",
    "Flag": "i"
  },
  {
    "ID Number": "10502769",
    "Name": "Ak. Md. Asmawi, Pg. Fhame",
    "Fed": "BRU",
    "Sex": "M",
    "Title": "",
    "WTit": "",
    "OTit": "",
    "Rating": "1616",
    "Gms": "0",
    "K": "20",
    "RatingMonth": "AUG25",
    "B-day": "1999",
    "Flag": "i"
  },
  {
    "ID Number": "10502777",
    "Name": "Ak. Md. Nazwan, Pg. Fhame",
    "Fed": "BRU",
    "Sex": "M",
    "Title": "",
    "WTit": "",
    "OTit": "",
    "Rating": "1755",
    "Gms": "0",
    "K": "20",
    "RatingMonth": "AUG25",
    "B-day": "2001",
    "Flag": "i"
  },
  {
    "ID Number": "10503846",
    "Name": "Akmal, Ahmad",
    "Fed": "BRU",
    "Sex": "M",
    "Title": "",
    "WTit": "",
    "OTit": "",
    "Rating": "1859",
    "Gms": "0",
    "K": "20",
    "RatingMonth": "AUG25",
    "B-day": "2004",
    "Flag": ""
  },
  {
    "ID Number": "10500634",
    "Name": "Akmal, Lathif",
    "Fed": "BRU",
    "Sex": "M",
    "Title": "",
    "WTit": "",
    "OTit": "",
    "Rating": "1838",
    "Gms": "0",
    "K": "20",
    "RatingMonth": "AUG25",
    "B-day": "0",
    "Flag": ""
  },
  {
    "ID Number": "10503374",
    "Name": "Awang, Mohammad Arif",
    "Fed": "BRU",
    "Sex": "M",
    "Title": "",
    "WTit": "",
    "OTit": "",
    "Rating": "1725",
    "Gms": "0",
    "K": "20",
    "RatingMonth": "AUG25",
    "B-day": "1987",
    "Flag": "i"
  },
  {
    "ID Number": "10500324",
    "Name": "Azahari, Aliuddin",
    "Fed": "BRU",
    "Sex": "M",
    "Title": "FM",
    "WTit": "NA",
    "OTit": "",
    "Rating": "2171",
    "Gms": "0",
    "K": "20",
    "RatingMonth": "AUG25",
    "B-day": "1991",
    "Flag": "i"
  },
  {
    "ID Number": "10500235",
    "Name": "Badarudin, Muhammad Ahsanuddien",
    "Fed": "BRU",
    "Sex": "M",
    "Title": "",
    "WTit": "",
    "OTit": "",
    "Rating": "1963",
    "Gms": "0",
    "K": "20",
    "RatingMonth": "AUG25",
    "B-day": "1996",
    "Flag": "i"
  },
  {
    "ID Number": "10503200",
    "Name": "Bobby, Hassan",
    "Fed": "BRU",
    "Sex": "M",
    "Title": "",
    "WTit": "",
    "OTit": "",
    "Rating": "1770",
    "Gms": "0",
    "K": "20",
    "RatingMonth": "AUG25",
    "B-day": "1981",
    "Flag": ""
  },
  {
    "ID Number": "10502742",
    "Name": "Christopher, Sumilang",
    "Fed": "BRU",
    "Sex": "M",
    "Title": "",
    "WTit": "",
    "OTit": "",
    "Rating": "1805",
    "Gms": "0",
    "K": "20",
    "RatingMonth": "AUG25",
    "B-day": "1979",
    "Flag": "i"
  },
  {
    "ID Number": "10500049",
    "Name": "Dollah, Zaidi",
    "Fed": "BRU",
    "Sex": "M",
    "Title": "",
    "WTit": "",
    "OTit": "",
    "Rating": "2318",
    "Gms": "0",
    "K": "10",
    "RatingMonth": "AUG25",
    "B-day": "0",
    "Flag": "i"
  },
  {
    "ID Number": "10500650",
    "Name": "Emran, Sahari",
    "Fed": "BRU",
    "Sex": "M",
    "Title": "",
    "WTit": "",
    "OTit": "",
    "Rating": "1960",
    "Gms": "0",
    "K": "20",
    "RatingMonth": "AUG25",
    "B-day": "0",
    "Flag": "i"
  },
  {
    "ID Number": "10504150",
    "Name": "Go See Kai",
    "Fed": "BRU",
    "Sex": "M",
    "Title": "",
    "WTit": "",
    "OTit": "",
    "Rating": "1789",
    "Gms": "0",
    "K": "20",
    "RatingMonth": "AUG25",
    "B-day": "1982",
    "Flag": ""
  },
  {
    "ID Number": "10504257",
    "Name": "Haji Idham, Md Naufal",
    "Fed": "BRU",
    "Sex": "M",
    "Title": "",
    "WTit": "",
    "OTit": "",
    "Rating": "1526",
    "Gms": "0",
    "K": "40",
    "RatingMonth": "AUG25",
    "B-day": "2014",
    "Flag": ""
  },
  {
    "ID Number": "10502670",
    "Name": "Hasnul, Hashim",
    "Fed": "BRU",
    "Sex": "M",
    "Title": "",
    "WTit": "",
    "OTit": "",
    "Rating": "1809",
    "Gms": "0",
    "K": "20",
    "RatingMonth": "AUG25",
    "B-day": "1972",
    "Flag": "i"
  },
  {
    "ID Number": "10500669",
    "Name": "Hj Ibrahim, Ali",
    "Fed": "BRU",
    "Sex": "M",
    "Title": "",
    "WTit": "",
    "OTit": "",
    "Rating": "1838",
    "Gms": "0",
    "K": "20",
    "RatingMonth": "AUG25",
    "B-day": "0",
    "Flag": "i"
  },
  {
    "ID Number": "10500022",
    "Name": "Hj Kura, A.",
    "Fed": "BRU",
    "Sex": "M",
    "Title": "",
    "WTit": "",
    "OTit": "",
    "Rating": "2196",
    "Gms": "0",
    "K": "20",
    "RatingMonth": "AUG25",
    "B-day": "1958",
    "Flag": "i"
  },
  {
    "ID Number": "10502092",
    "Name": "Hj Md Said, Matnor",
    "Fed": "BRU",
    "Sex": "M",
    "Title": "",
    "WTit": "",
    "OTit": "",
    "Rating": "1783",
    "Gms": "0",
    "K": "20",
    "RatingMonth": "AUG25",
    "B-day": "1952",
    "Flag": "i"
  },
  {
    "ID Number": "10502866",
    "Name": "Hj Mohamad, Muhd. Noor Abdullah",
    "Fed": "BRU",
    "Sex": "M",
    "Title": "",
    "WTit": "",
    "OTit": "",
    "Rating": "1839",
    "Gms": "0",
    "K": "20",
    "RatingMonth": "AUG25",
    "B-day": "1997",
    "Flag": ""
  },
  {
    "ID Number": "10500308",
    "Name": "Hj, Abd Hamid Ilham",
    "Fed": "BRU",
    "Sex": "M",
    "Title": "",
    "WTit": "",
    "OTit": "",
    "Rating": "2165",
    "Gms": "0",
    "K": "20",
    "RatingMonth": "AUG25",
    "B-day": "0",
    "Flag": "i"
  },
  {
    "ID Number": "10500332",
    "Name": "Hj, Azahari Md Nur Arrifin",
    "Fed": "BRU",
    "Sex": "M",
    "Title": "",
    "WTit": "",
    "OTit": "",
    "Rating": "2049",
    "Gms": "0",
    "K": "20",
    "RatingMonth": "AUG25",
    "B-day": "0",
    "Flag": "i"
  },
  {
    "ID Number": "10500340",
    "Name": "Hj, Azahari Siti Nur Fatanah",
    "Fed": "BRU",
    "Sex": "F",
    "Title": "",
    "WTit": "",
    "OTit": "",
    "Rating": "1918",
    "Gms": "0",
    "K": "20",
    "RatingMonth": "AUG25",
    "B-day": "1996",
    "Flag": "wi"
  },
  {
    "ID Number": "10500359",
    "Name": "Hj, Azahari Siti Nur Fatimah",
    "Fed": "BRU",
    "Sex": "F",
    "Title": "WFM",
    "WTit": "WFM",
    "OTit": "",
    "Rating": "1900",
    "Gms": "0",
    "K": "20",
    "RatingMonth": "AUG25",
    "B-day": "1992",
    "Flag": "w"
  },
  {
    "ID Number": "10500979",
    "Name": "Hj, Morani Ismail",
    "Fed": "BRU",
    "Sex": "M",
    "Title": "",
    "WTit": "",
    "OTit": "",
    "Rating": "1893",
    "Gms": "0",
    "K": "20",
    "RatingMonth": "AUG25",
    "B-day": "0",
    "Flag": "i"
  },
  {
    "ID Number": "10500391",
    "Name": "Hj, Sulaiman Amir Fakhry",
    "Fed": "BRU",
    "Sex": "M",
    "Title": "",
    "WTit": "",
    "OTit": "",
    "Rating": "2011",
    "Gms": "0",
    "K": "20",
    "RatingMonth": "AUG25",
    "B-day": "0",
    "Flag": "i"
  },
  {
    "ID Number": "10500405",
    "Name": "Hj, Sulaiman Hj Md Baharuddin",
    "Fed": "BRU",
    "Sex": "M",
    "Title": "",
    "WTit": "",
    "OTit": "",
    "Rating": "2020",
    "Gms": "0",
    "K": "20",
    "RatingMonth": "AUG25",
    "B-day": "0",
    "Flag": ""
  },
  {
    "ID Number": "10500421",
    "Name": "Hj, Zabadi Siti Syazalina",
    "Fed": "BRU",
    "Sex": "M",
    "Title": "",
    "WTit": "",
    "OTit": "",
    "Rating": "2013",
    "Gms": "0",
    "K": "20",
    "RatingMonth": "AUG25",
    "B-day": "0",
    "Flag": "i"
  },
  {
    "ID Number": "10500731",
    "Name": "Hj. Mahrup, Hj. Kipli",
    "Fed": "BRU",
    "Sex": "M",
    "Title": "",
    "WTit": "",
    "OTit": "",
    "Rating": "1876",
    "Gms": "0",
    "K": "20",
    "RatingMonth": "AUG25",
    "B-day": "0",
    "Flag": ""
  },
  {
    "ID Number": "10503110",
    "Name": "Hj. Maidin, Md. Amirul Asri",
    "Fed": "BRU",
    "Sex": "M",
    "Title": "",
    "WTit": "",
    "OTit": "",
    "Rating": "1755",
    "Gms": "0",
    "K": "20",
    "RatingMonth": "AUG25",
    "B-day": "1986",
    "Flag": "i"
  },
  {
    "ID Number": "10503048",
    "Name": "Hj. Yussof, Muhd. Abdur Atiff",
    "Fed": "BRU",
    "Sex": "M",
    "Title": "",
    "WTit": "",
    "OTit": "",
    "Rating": "1795",
    "Gms": "0",
    "K": "40",
    "RatingMonth": "AUG25",
    "B-day": "2007",
    "Flag": ""
  },
  {
    "ID Number": "10503170",
    "Name": "Hussin, Fazreena",
    "Fed": "BRU",
    "Sex": "F",
    "Title": "",
    "WTit": "",
    "OTit": "",
    "Rating": "1676",
    "Gms": "0",
    "K": "20",
    "RatingMonth": "AUG25",
    "B-day": "1990",
    "Flag": "wi"
  },
  {
    "ID Number": "10503285",
    "Name": "Ilham, Abdul Hakeem",
    "Fed": "BRU",
    "Sex": "M",
    "Title": "",
    "WTit": "",
    "OTit": "",
    "Rating": "1789",
    "Gms": "0",
    "K": "20",
    "RatingMonth": "AUG25",
    "B-day": "2002",
    "Flag": "i"
  },
  {
    "ID Number": "10504010",
    "Name": "Isham, Muhd. Masyahadi Alaiuddin",
    "Fed": "BRU",
    "Sex": "M",
    "Title": "",
    "WTit": "",
    "OTit": "",
    "Rating": "1562",
    "Gms": "0",
    "K": "40",
    "RatingMonth": "AUG25",
    "B-day": "2011",
    "Flag": ""
  },
  {
    "ID Number": "10500677",
    "Name": "Izzuddin , Zain",
    "Fed": "BRU",
    "Sex": "M",
    "Title": "",
    "WTit": "",
    "OTit": "",
    "Rating": "2010",
    "Gms": "0",
    "K": "20",
    "RatingMonth": "AUG25",
    "B-day": "0",
    "Flag": "i"
  },
  {
    "ID Number": "10501053",
    "Name": "Kamarul Arriffin, Bin Hj Kipli",
    "Fed": "BRU",
    "Sex": "M",
    "Title": "",
    "WTit": "",
    "OTit": "",
    "Rating": "1795",
    "Gms": "0",
    "K": "20",
    "RatingMonth": "AUG25",
    "B-day": "0",
    "Flag": "i"
  },
  {
    "ID Number": "10500170",
    "Name": "Kamis, Kamarunsalehin",
    "Fed": "BRU",
    "Sex": "M",
    "Title": "",
    "WTit": "",
    "OTit": "",
    "Rating": "1986",
    "Gms": "0",
    "K": "20",
    "RatingMonth": "AUG25",
    "B-day": "1986",
    "Flag": "i"
  },
  {
    "ID Number": "10500456",
    "Name": "Kasim, Matiin",
    "Fed": "BRU",
    "Sex": "M",
    "Title": "",
    "WTit": "",
    "OTit": "",
    "Rating": "AFM",
    "Gms": "1998",
    "K": "0",
    "RatingMonth": "AUG25",
    "B-day": "1986",
    "Flag": "i"
  },
  {
    "ID Number": "10503439",
    "Name": "Keanu",
    "Fed": "BRU",
    "Sex": "M",
    "Title": "",
    "WTit": "",
    "OTit": "",
    "Rating": "1808",
    "Gms": "0",
    "K": "20",
    "RatingMonth": "AUG25",
    "B-day": "1996",
    "Flag": "i"
  },
  {
    "ID Number": "10500081",
    "Name": "Koh, Pokk Huan",
    "Fed": "BRU",
    "Sex": "M",
    "Title": "",
    "WTit": "",
    "OTit": "",
    "Rating": "1998",
    "Gms": "0",
    "K": "20",
    "RatingMonth": "AUG25",
    "B-day": "1999",
    "Flag": "i"
  },
  {
    "ID Number": "10504044",
    "Name": "Law Wei Seng",
    "Fed": "BRU",
    "Sex": "M",
    "Title": "",
    "WTit": "",
    "OTit": "",
    "Rating": "1582",
    "Gms": "0",
    "K": "40",
    "RatingMonth": "AUG25",
    "B-day": "2009",
    "Flag": ""
  },
  {
    "ID Number": "10500073",
    "Name": "Leong, Voon CHoon",
    "Fed": "BRU",
    "Sex": "M",
    "Title": "",
    "WTit": "",
    "OTit": "",
    "Rating": "1998",
    "Gms": "0",
    "K": "20",
    "RatingMonth": "AUG25",
    "B-day": "0",
    "Flag": "i"
  },
  {
    "ID Number": "10504095",
    "Name": "Lim Ren Ken",
    "Fed": "BRU",
    "Sex": "M",
    "Title": "",
    "WTit": "",
    "OTit": "",
    "Rating": "1642",
    "Gms": "0",
    "K": "40",
    "RatingMonth": "AUG25",
    "B-day": "2009",
    "Flag": ""
  },
  {
    "ID Number": "10502629",
    "Name": "Lim Teck Guan,Rodney",
    "Fed": "BRU",
    "Sex": "M",
    "Title": "",
    "WTit": "",
    "OTit": "",
    "Rating": "1860",
    "Gms": "0",
    "K": "20",
    "RatingMonth": "AUG25",
    "B-day": "2003",
    "Flag": "i"
  },
  {
    "ID Number": "10503129",
    "Name": "Marcus, Chong Chee Xiang",
    "Fed": "BRU",
    "Sex": "M",
    "Title": "",
    "WTit": "",
    "OTit": "",
    "Rating": "1793",
    "Gms": "0",
    "K": "40",
    "RatingMonth": "AUG25",
    "B-day": "2009",
    "Flag": ""
  },
  {
    "ID Number": "10501096",
    "Name": "Md, Afif",
    "Fed": "BRU",
    "Sex": "M",
    "Title": "",
    "WTit": "",
    "OTit": "",
    "Rating": "1807",
    "Gms": "0",
    "K": "20",
    "RatingMonth": "AUG25",
    "B-day": "0",
    "Flag": "i"
  },
  {
    "ID Number": "10502483",
    "Name": "Md. Zeffre Leong",
    "Fed": "BRU",
    "Sex": "M",
    "Title": "",
    "WTit": "",
    "OTit": "",
    "Rating": "1793",
    "Gms": "0",
    "K": "20",
    "RatingMonth": "AUG25",
    "B-day": "2001",
    "Flag": "i"
  },
  {
    "ID Number": "10502220",
    "Name": "Md. Zekree Leong",
    "Fed": "BRU",
    "Sex": "M",
    "Title": "",
    "WTit": "",
    "OTit": "",
    "Rating": "1781",
    "Gms": "0",
    "K": "20",
    "RatingMonth": "AUG25",
    "B-day": "1997",
    "Flag": "i"
  },
  {
    "ID Number": "10500588",
    "Name": "Mohd Ab, Syauqi B Md Khir",
    "Fed": "BRU",
    "Sex": "M",
    "Title": "",
    "WTit": "",
    "OTit": "",
    "Rating": "1895",
    "Gms": "0",
    "K": "20",
    "RatingMonth": "AUG25",
    "B-day": "0",
    "Flag": "i"
  },
  {
    "ID Number": "10501533",
    "Name": "Muhd, Iqbal Abqari Bin Mohd Khir",
    "Fed": "BRU",
    "Sex": "M",
    "Title": "",
    "WTit": "",
    "OTit": "",
    "Rating": "1857",
    "Gms": "0",
    "K": "20",
    "RatingMonth": "AUG25",
    "B-day": "0",
    "Flag": "i"
  },
  {
    "ID Number": "10500685",
    "Name": "Muhd, Syahmi Bin Badarudin",
    "Fed": "BRU",
    "Sex": "M",
    "Title": "",
    "WTit": "",
    "OTit": "",
    "Rating": "1894",
    "Gms": "0",
    "K": "20",
    "RatingMonth": "AUG25",
    "B-day": "0",
    "Flag": "i"
  },
  {
    "ID Number": "10503382",
    "Name": "Muhd. Hadi, Muhd. Danish Zaqwan",
    "Fed": "BRU",
    "Sex": "M",
    "Title": "",
    "WTit": "",
    "OTit": "",
    "Rating": "1919",
    "Gms": "0",
    "K": "40",
    "RatingMonth": "AUG25",
    "B-day": "2008",
    "Flag": ""
  },
  {
    "ID Number": "10503579",
    "Name": "Muhd. Khairul Ikhwan",
    "Fed": "BRU",
    "Sex": "M",
    "Title": "",
    "WTit": "",
    "OTit": "",
    "Rating": "1715",
    "Gms": "0",
    "K": "20",
    "RatingMonth": "AUG25",
    "B-day": "2001",
    "Flag": ""
  },
  {
    "ID Number": "10502432",
    "Name": "Muhd. Syahmirul, Abdul Manaf",
    "Fed": "BRU",
    "Sex": "M",
    "Title": "",
    "WTit": "",
    "OTit": "",
    "Rating": "1682",
    "Gms": "0",
    "K": "20",
    "RatingMonth": "AUG25",
    "B-day": "1999",
    "Flag": "i"
  },
  {
    "ID Number": "10500057",
    "Name": "Munir, Azizi Bin Ahmad",
    "Fed": "BRU",
    "Sex": "M",
    "Title": "",
    "WTit": "",
    "OTit": "",
    "Rating": "1963",
    "Gms": "0",
    "K": "20",
    "RatingMonth": "AUG25",
    "B-day": "0",
    "Flag": "i"
  },
  {
    "ID Number": "10501665",
    "Name": "Pehin Salleh , Zulkifli",
    "Fed": "BRU",
    "Sex": "M",
    "Title": "",
    "WTit": "",
    "OTit": "",
    "Rating": "1872",
    "Gms": "0",
    "K": "20",
    "RatingMonth": "AUG25",
    "B-day": "0",
    "Flag": "i"
  },
  {
    "ID Number": "10502904",
    "Name": "Pg Abu Bakar, Ak Abu Afham",
    "Fed": "BRU",
    "Sex": "M",
    "Title": "",
    "WTit": "",
    "OTit": "",
    "Rating": "1858",
    "Gms": "0",
    "K": "20",
    "RatingMonth": "AUG25",
    "B-day": "1995",
    "Flag": "i"
  },
  {
    "ID Number": "10503188",
    "Name": "Pg Hj Janudin, Dk Siti Haziqah",
    "Fed": "BRU",
    "Sex": "F",
    "Title": "",
    "WTit": "",
    "OTit": "",
    "Rating": "1682",
    "Gms": "0",
    "K": "20",
    "RatingMonth": "AUG25",
    "B-day": "2004",
    "Flag": "wi"
  },
  {
    "ID Number": "10500464",
    "Name": "Pg, Hassan Pg Khashiem",
    "Fed": "BRU",
    "Sex": "M",
    "Title": "",
    "WTit": "",
    "OTit": "",
    "Rating": "AFM",
    "Gms": "1974",
    "K": "0",
    "RatingMonth": "AUG25",
    "B-day": "0",
    "Flag": ""
  },
  {
    "ID Number": "10500480",
    "Name": "Pg, L Wijaya Pg Hj Mohd Limbang",
    "Fed": "BRU",
    "Sex": "M",
    "Title": "",
    "WTit": "",
    "OTit": "",
    "Rating": "1992",
    "Gms": "0",
    "K": "20",
    "RatingMonth": "AUG25",
    "B-day": "0",
    "Flag": "i"
  },
  {
    "ID Number": "10501185",
    "Name": "Pg, Md Fhame",
    "Fed": "BRU",
    "Sex": "M",
    "Title": "",
    "WTit": "",
    "OTit": "",
    "Rating": "1688",
    "Gms": "0",
    "K": "20",
    "RatingMonth": "AUG25",
    "B-day": "0",
    "Flag": "i"
  },
  {
    "ID Number": "10500499",
    "Name": "Pg, Md Omar Ak Hafizon",
    "Fed": "BRU",
    "Sex": "M",
    "Title": "CM",
    "WTit": "",
    "OTit": "",
    "Rating": "2185",
    "Gms": "0",
    "K": "20",
    "RatingMonth": "AUG25",
    "B-day": "1992",
    "Flag": "i"
  },
  {
    "ID Number": "10500103",
    "Name": "Pg, Mohd Omar Ak Hira",
    "Fed": "BRU",
    "Sex": "M",
    "Title": "CM",
    "WTit": "",
    "OTit": "",
    "Rating": "2167",
    "Gms": "0",
    "K": "20",
    "RatingMonth": "AUG25",
    "B-day": "1980",
    "Flag": "i"
  },
  {
    "ID Number": "10503234",
    "Name": "Pg. Shahridin, Ak. Abdul Wafie",
    "Fed": "BRU",
    "Sex": "M",
    "Title": "",
    "WTit": "",
    "OTit": "",
    "Rating": "1918",
    "Gms": "0",
    "K": "20",
    "RatingMonth": "AUG25",
    "B-day": "2005",
    "Flag": ""
  },
  {
    "ID Number": "10500502",
    "Name": "Pg., Baharuddin Ak. Ahmad",
    "Fed": "BRU",
    "Sex": "M",
    "Title": "",
    "WTit": "",
    "OTit": "",
    "Rating": "1785",
    "Gms": "0",
    "K": "20",
    "RatingMonth": "AUG25",
    "B-day": "0",
    "Flag": "i"
  },
  {
    "ID Number": "10503463",
    "Name": "Ray, Kakuta",
    "Fed": "BRU",
    "Sex": "M",
    "Title": "",
    "WTit": "",
    "OTit": "",
    "Rating": "1836",
    "Gms": "0",
    "K": "20",
    "RatingMonth": "AUG25",
    "B-day": "2004",
    "Flag": "i"
  },
  {
    "ID Number": "10502882",
    "Name": "Redzuan, Nur Ainul Mardhiah",
    "Fed": "BRU",
    "Sex": "F",
    "Title": "",
    "WTit": "",
    "OTit": "",
    "Rating": "1444",
    "Gms": "0",
    "K": "40",
    "RatingMonth": "AUG25",
    "B-day": "2011",
    "Flag": "w"
  },
  {
    "ID Number": "10502394",
    "Name": "Rezuan, A",
    "Fed": "BRU",
    "Sex": "M",
    "Title": "",
    "WTit": "NA",
    "OTit": "",
    "Rating": "1738",
    "Gms": "0",
    "K": "20",
    "RatingMonth": "AUG25",
    "B-day": "1979",
    "Flag": ""
  },
  {
    "ID Number": "10503145",
    "Name": "Rezuan, Khaizuran",
    "Fed": "BRU",
    "Sex": "M",
    "Title": "",
    "WTit": "",
    "OTit": "",
    "Rating": "1864",
    "Gms": "0",
    "K": "40",
    "RatingMonth": "AUG25",
    "B-day": "2009",
    "Flag": ""
  },
  {
    "ID Number": "10503420",
    "Name": "Sea Chen Hung, Sebastian",
    "Fed": "BRU",
    "Sex": "M",
    "Title": "",
    "WTit": "",
    "OTit": "",
    "Rating": "1865",
    "Gms": "0",
    "K": "20",
    "RatingMonth": "AUG25",
    "B-day": "2002",
    "Flag": "i"
  },
  {
    "ID Number": "10502963",
    "Name": "Shahfaizal, Aqil Irfan",
    "Fed": "BRU",
    "Sex": "M",
    "Title": "",
    "WTit": "",
    "OTit": "",
    "Rating": "1558",
    "Gms": "0",
    "K": "40",
    "RatingMonth": "AUG25",
    "B-day": "2012",
    "Flag": ""
  },
  {
    "ID Number": "10501673",
    "Name": "Sharikhan, Shawal",
    "Fed": "BRU",
    "Sex": "M",
    "Title": "",
    "WTit": "",
    "OTit": "",
    "Rating": "1881",
    "Gms": "0",
    "K": "20",
    "RatingMonth": "AUG25",
    "B-day": "0",
    "Flag": "i"
  },
  {
    "ID Number": "10500189",
    "Name": "Suni, Syairazi",
    "Fed": "BRU",
    "Sex": "M",
    "Title": "",
    "WTit": "",
    "OTit": "",
    "Rating": "1921",
    "Gms": "0",
    "K": "20",
    "RatingMonth": "AUG25",
    "B-day": "0",
    "Flag": "i"
  },
  {
    "ID Number": "10502971",
    "Name": "Syahmi, Izzan",
    "Fed": "BRU",
    "Sex": "M",
    "Title": "",
    "WTit": "",
    "OTit": "",
    "Rating": "1852",
    "Gms": "0",
    "K": "20",
    "RatingMonth": "AUG25",
    "B-day": "1998",
    "Flag": "i"
  },
  {
    "ID Number": "10500715",
    "Name": "Syasya Badrina, Bte Badarudin",
    "Fed": "BRU",
    "Sex": "M",
    "Title": "",
    "WTit": "",
    "OTit": "",
    "Rating": "1777",
    "Gms": "0",
    "K": "20",
    "RatingMonth": "AUG25",
    "B-day": "0",
    "Flag": "i"
  },
  {
    "ID Number": "10504060",
    "Name": "Syed Mohd. Yamin, Syed Aqeel",
    "Fed": "BRU",
    "Sex": "M",
    "Title": "",
    "WTit": "",
    "OTit": "",
    "Rating": "1630",
    "Gms": "0",
    "K": "40",
    "RatingMonth": "AUG25",
    "B-day": "2008",
    "Flag": "i"
  },
  {
    "ID Number": "10500758",
    "Name": "Timbang, Japar",
    "Fed": "BRU",
    "Sex": "M",
    "Title": "",
    "WTit": "",
    "OTit": "",
    "Rating": "1863",
    "Gms": "0",
    "K": "20",
    "RatingMonth": "AUG25",
    "B-day": "0",
    "Flag": "i"
  },
  {
    "ID Number": "10500413",
    "Name": "Tuneh, Nadzri",
    "Fed": "BRU",
    "Sex": "M",
    "Title": "",
    "WTit": "",
    "OTit": "",
    "Rating": "1983",
    "Gms": "0",
    "K": "20",
    "RatingMonth": "AUG25",
    "B-day": "1988",
    "Flag": "i"
  },
  {
    "ID Number": "10504176",
    "Name": "Vassco, Wali",
    "Fed": "BRU",
    "Sex": "M",
    "Title": "",
    "WTit": "",
    "OTit": "",
    "Rating": "1764",
    "Gms": "0",
    "K": "20",
    "RatingMonth": "AUG25",
    "B-day": "1984",
    "Flag": ""
  },
  {
    "ID Number": "10502580",
    "Name": "Wong Tze Yoong",
    "Fed": "BRU",
    "Sex": "M",
    "Title": "",
    "WTit": "",
    "OTit": "",
    "Rating": "1880",
    "Gms": "0",
    "K": "20",
    "RatingMonth": "AUG25",
    "B-day": "2002",
    "Flag": "i"
  },
  {
    "ID Number": "10500065",
    "Name": "Yap, Choow Tun",
    "Fed": "BRU",
    "Sex": "M",
    "Title": "",
    "WTit": "",
    "OTit": "",
    "Rating": "1876",
    "Gms": "0",
    "K": "20",
    "RatingMonth": "AUG25",
    "B-day": "0",
    "Flag": ""
  },
  {
    "ID Number": "10500553",
    "Name": "Yee, Soon Wei",
    "Fed": "BRU",
    "Sex": "M",
    "Title": "FM",
    "WTit": "",
    "OTit": "",
    "Rating": "2276",
    "Gms": "0",
    "K": "20",
    "RatingMonth": "AUG25",
    "B-day": "1989",
    "Flag": "i"
  },
  {
    "ID Number": "10503447",
    "Name": "Yusdiman, Ghazi Rayyan",
    "Fed": "BRU",
    "Sex": "M",
    "Title": "",
    "WTit": "",
    "OTit": "",
    "Rating": "1832",
    "Gms": "0",
    "K": "20",
    "RatingMonth": "AUG25",
    "B-day": "2004",
    "Flag": "i"
  },
  {
    "ID Number": "10500219",
    "Name": "Yussof, Pg Abd Rahman",
    "Fed": "BRU",
    "Sex": "M",
    "Title": "",
    "WTit": "",
    "OTit": "",
    "Rating": "1818",
    "Gms": "7",
    "K": "20",
    "RatingMonth": "AUG25",
    "B-day": "1951",
    "Flag": ""
  },
  {
    "ID Number": "10503528",
    "Name": "Zabri, Aiden Syahmi",
    "Fed": "BRU",
    "Sex": "M",
    "Title": "",
    "WTit": "",
    "OTit": "",
    "Rating": "1884",
    "Gms": "0",
    "K": "40",
    "RatingMonth": "AUG25",
    "B-day": "2011",
    "Flag": ""
  },
  {
    "ID Number": "10500146",
    "Name": "Zainal, Farah Atiyah",
    "Fed": "BRU",
    "Sex": "F",
    "Title": "",
    "WTit": "",
    "OTit": "",
    "Rating": "2228",
    "Gms": "0",
    "K": "20",
    "RatingMonth": "AUG25",
    "B-day": "0",
    "Flag": "wi"
  },
  {
    "ID Number": "10502858",
    "Name": "Zakaria, Liyana",
    "Fed": "BRU",
    "Sex": "F",
    "Title": "WCM",
    "WTit": "WCM",
    "OTit": "",
    "Rating": "1499",
    "Gms": "0",
    "K": "20",
    "RatingMonth": "AUG25",
    "B-day": "1991",
    "Flag": "wi"
  },
  {
    "ID Number": "10502122",
    "Name": "Zazali, Abdul Zahirul",
    "Fed": "BRU",
    "Sex": "M",
    "Title": "",
    "WTit": "",
    "OTit": "",
    "Rating": "1872",
    "Gms": "0",
    "K": "20",
    "RatingMonth": "AUG25",
    "B-day": "2004",
    "Flag": "i"
  },
  {
    "ID Number": "10502130",
    "Name": "Zazali, Nur Zahira",
    "Fed": "BRU",
    "Sex": "F",
    "Title": "",
    "WTit": "",
    "OTit": "",
    "Rating": "1737",
    "Gms": "0",
    "K": "40",
    "RatingMonth": "AUG25",
    "B-day": "2008",
    "Flag": "wi"
  },
  {
    "ID Number": "10504206",
    "Name": "Zul Izzi, Muhd. Abd. Mateen",
    "Fed": "BRU",
    "Sex": "M",
    "Title": "",
    "WTit": "",
    "OTit": "",
    "Rating": "1725",
    "Gms": "0",
    "K": "40",
    "RatingMonth": "AUG25",
    "B-day": "2009",
    "Flag": ""
  }
]