[
  {
    "ID Number": "3530728"
  },
  {
    "ID Number": "3511553"
  },
  {
    "ID Number": "3532933"
  },
  {
    "ID Number": "3502589"
  },
  {
    "ID Number": "3538788"
  },
  {
    "ID Number": "3525279"
  },
  {
    "ID Number": "3529940"
  },
  {
    "ID Number": "3521699"
  },
  {
    "ID Number": "3512282"
  },
  {
    "ID Number": "3519716"
  },
  {
    "ID Number": "3530825"
  },
  {
    "ID Number": "3530817"
  },
  {
    "ID Number": "3518760"
  },
  {
    "ID Number": "3531767"
  },
  {
    "ID Number": "3503577"
  },
  {
    "ID Number": "3524345"
  },
  {
    "ID Number": "3508455"
  },
  {
    "ID Number": "3523160"
  },
  {
    "ID Number": "3529223"
  },
  {
    "ID Number": "3524159"
  },
  {
    "ID Number": "3533301"
  },
  {
    "ID Number": "3519252"
  },
  {
    "ID Number": "3530736"
  },
  {
    "ID Number": "3513297"
  },
  {
    "ID Number": "3537480"
  },
  {
    "ID Number": "3512991"
  },
  {
    "ID Number": "3507610"
  },
  {
    "ID Number": "3513300"
  },
  {
    "ID Number": "3529185"
  },
  {
    "ID Number": "3529193"
  },
  {
    "ID Number": "3534103"
  },
  {
    "ID Number": "3528260"
  },
  {
    "ID Number": "3518736"
  },
  {
    "ID Number": "3540022"
  },
  {
    "ID Number": "3523462"
  },
  {
    "ID Number": "3531384"
  },
  {
    "ID Number": "3518779"
  },
  {
    "ID Number": "3533417"
  },
  {
    "ID Number": "3508870"
  },
  {
    "ID Number": "3535410"
  },
  {
    "ID Number": "3538370"
  },
  {
    "ID Number": "3521044"
  },
  {
    "ID Number": "3529983"
  },
  {
    "ID Number": "3503313"
  },
  {
    "ID Number": "3518221"
  },
  {
    "ID Number": "3509842"
  },
  {
    "ID Number": "3538982"
  },
  {
    "ID Number": "3526569"
  },
  {
    "ID Number": "3526518"
  },
  {
    "ID Number": "3500276"
  },
  {
    "ID Number": "3519864"
  },
  {
    "ID Number": "3531279"
  },
  {
    "ID Number": "3513319"
  },
  {
    "ID Number": "3531783"
  },
  {
    "ID Number": "3532674"
  },
  {
    "ID Number": "3531791"
  },
  {
    "ID Number": "3530965"
  },
  {
    "ID Number": "3526151"
  },
  {
    "ID Number": "3539814"
  },
  {
    "ID Number": "3501507"
  },
  {
    "ID Number": "3524922"
  },
  {
    "ID Number": "3503038"
  },
  {
    "ID Number": "3506983"
  },
  {
    "ID Number": "3505324"
  },
  {
    "ID Number": "3507408"
  },
  {
    "ID Number": "3502015"
  },
  {
    "ID Number": "3507378"
  },
  {
    "ID Number": "3517616"
  },
  {
    "ID Number": "3538400"
  },
  {
    "ID Number": "3525392"
  },
  {
    "ID Number": "3524795"
  },
  {
    "ID Number": "3521770"
  },
  {
    "ID Number": "3529231"
  },
  {
    "ID Number": "3521028"
  },
  {
    "ID Number": "3535819"
  },
  {
    "ID Number": "3505120"
  },
  {
    "ID Number": "3513335"
  },
  {
    "ID Number": "3514510"
  },
  {
    "ID Number": "3522873"
  },
  {
    "ID Number": "3531244"
  },
  {
    "ID Number": "3526917"
  },
  {
    "ID Number": "3526160"
  },
  {
    "ID Number": "3520544"
  },
  {
    "ID Number": "3534391"
  },
  {
    "ID Number": "3514331"
  },
  {
    "ID Number": "3500012"
  },
  {
    "ID Number": "3526496"
  },
  {
    "ID Number": "3509206"
  },
  {
    "ID Number": "3512061"
  },
  {
    "ID Number": "3539784"
  },
  {
    "ID Number": "3533387"
  },
  {
    "ID Number": "3508331"
  },
  {
    "ID Number": "3533514"
  },
  {
    "ID Number": "3511065"
  },
  {
    "ID Number": "3533344"
  },
  {
    "ID Number": "3501418"
  },
  {
    "ID Number": "3518604"
  },
  {
    "ID Number": "3522997"
  },
  {
    "ID Number": "3511413"
  },
  {
    "ID Number": "3520552"
  },
  {
    "ID Number": "3533174"
  },
  {
    "ID Number": "3510263"
  },
  {
    "ID Number": "3533727"
  },
  {
    "ID Number": "3535851"
  },
  {
    "ID Number": "3512371"
  },
  {
    "ID Number": "3525139"
  },
  {
    "ID Number": "3514234"
  },
  {
    "ID Number": "3526054"
  },
  {
    "ID Number": "3530744"
  },
  {
    "ID Number": "3533506"
  },
  {
    "ID Number": "3518035"
  },
  {
    "ID Number": "3507416"
  },
  {
    "ID Number": "3515460"
  },
  {
    "ID Number": "3504700"
  },
  {
    "ID Number": "3504123"
  },
  {
    "ID Number": "3530000"
  },
  {
    "ID Number": "3514706"
  },
  {
    "ID Number": "3530019"
  },
  {
    "ID Number": "3527670"
  },
  {
    "ID Number": "3502961"
  },
  {
    "ID Number": "3521303"
  },
  {
    "ID Number": "3517950"
  },
  {
    "ID Number": "3526852"
  },
  {
    "ID Number": "3508714"
  },
  {
    "ID Number": "3536459"
  },
  {
    "ID Number": "3518795"
  },
  {
    "ID Number": "3519805"
  },
  {
    "ID Number": "3535290"
  },
  {
    "ID Number": "3539440"
  },
  {
    "ID Number": "3524841"
  },
  {
    "ID Number": "3503216"
  },
  {
    "ID Number": "3535827"
  },
  {
    "ID Number": "3535860"
  },
  {
    "ID Number": "3534120"
  },
  {
    "ID Number": "3511430"
  },
  {
    "ID Number": "3533824"
  },
  {
    "ID Number": "3531171"
  },
  {
    "ID Number": "3517969"
  },
  {
    "ID Number": "3504697"
  },
  {
    "ID Number": "3514153"
  },
  {
    "ID Number": "3513351"
  },
  {
    "ID Number": "3538419"
  },
  {
    "ID Number": "3513173"
  },
  {
    "ID Number": "3538427"
  },
  {
    "ID Number": "3502996"
  },
  {
    "ID Number": "3525244"
  },
  {
    "ID Number": "3515397"
  },
  {
    "ID Number": "3522296"
  },
  {
    "ID Number": "3539830"
  },
  {
    "ID Number": "3539709"
  },
  {
    "ID Number": "3515915"
  },
  {
    "ID Number": "3505847"
  },
  {
    "ID Number": "3516016"
  },
  {
    "ID Number": "3534138"
  },
  {
    "ID Number": "3536661"
  },
  {
    "ID Number": "3531708"
  },
  {
    "ID Number": "3517144"
  },
  {
    "ID Number": "3531686"
  },
  {
    "ID Number": "3513025"
  },
  {
    "ID Number": "3539849"
  },
  {
    "ID Number": "3531554"
  },
  {
    "ID Number": "3511561"
  },
  {
    "ID Number": "3522423"
  },
  {
    "ID Number": "3511448"
  },
  {
    "ID Number": "3504239"
  },
  {
    "ID Number": "3520900"
  },
  {
    "ID Number": "3531562"
  },
  {
    "ID Number": "3525406"
  },
  {
    "ID Number": "3503518"
  },
  {
    "ID Number": "3503429"
  },
  {
    "ID Number": "3522849"
  },
  {
    "ID Number": "3535525"
  },
  {
    "ID Number": "3504921"
  },
  {
    "ID Number": "3500160"
  },
  {
    "ID Number": "3526453"
  },
  {
    "ID Number": "3519260"
  },
  {
    "ID Number": "3525490"
  },
  {
    "ID Number": "3528472"
  },
  {
    "ID Number": "3512959"
  },
  {
    "ID Number": "3535401"
  },
  {
    "ID Number": "3523489"
  },
  {
    "ID Number": "3502171"
  },
  {
    "ID Number": "3515478"
  },
  {
    "ID Number": "3504735"
  },
  {
    "ID Number": "3539466"
  },
  {
    "ID Number": "3500578"
  },
  {
    "ID Number": "3505995"
  },
  {
    "ID Number": "3509958"
  },
  {
    "ID Number": "3515400"
  },
  {
    "ID Number": "3500691"
  },
  {
    "ID Number": "3531813"
  },
  {
    "ID Number": "3528111"
  },
  {
    "ID Number": "3535878"
  },
  {
    "ID Number": "3509214"
  },
  {
    "ID Number": "3523365"
  },
  {
    "ID Number": "3530655"
  },
  {
    "ID Number": "3517454"
  },
  {
    "ID Number": "3531821"
  },
  {
    "ID Number": "3527484"
  },
  {
    "ID Number": "3535886"
  },
  {
    "ID Number": "3501094"
  },
  {
    "ID Number": "3537064"
  },
  {
    "ID Number": "3536483"
  },
  {
    "ID Number": "3527859"
  },
  {
    "ID Number": "3524493"
  },
  {
    "ID Number": "3510670"
  },
  {
    "ID Number": "3514161"
  },
  {
    "ID Number": "3527050"
  },
  {
    "ID Number": "3538451"
  },
  {
    "ID Number": "3508897"
  },
  {
    "ID Number": "3512908"
  },
  {
    "ID Number": "3539601"
  },
  {
    "ID Number": "3533360"
  },
  {
    "ID Number": "3505740"
  },
  {
    "ID Number": "3531830"
  },
  {
    "ID Number": "3516610"
  },
  {
    "ID Number": "3508722"
  },
  {
    "ID Number": "3538460"
  },
  {
    "ID Number": "3533263"
  },
  {
    "ID Number": "3526461"
  },
  {
    "ID Number": "3515923"
  },
  {
    "ID Number": "3520803"
  },
  {
    "ID Number": "3505154"
  },
  {
    "ID Number": "3534839"
  },
  {
    "ID Number": "3502520"
  },
  {
    "ID Number": "3539407"
  },
  {
    "ID Number": "3517160"
  },
  {
    "ID Number": "3526925"
  },
  {
    "ID Number": "3501558"
  },
  {
    "ID Number": "3522482"
  },
  {
    "ID Number": "3535533"
  },
  {
    "ID Number": "3512070"
  },
  {
    "ID Number": "3529720"
  },
  {
    "ID Number": "3534561"
  },
  {
    "ID Number": "3502295"
  },
  {
    "ID Number": "3521338"
  },
  {
    "ID Number": "3535177"
  },
  {
    "ID Number": "3522725"
  },
  {
    "ID Number": "3504808"
  },
  {
    "ID Number": "3527867"
  },
  {
    "ID Number": "3508242"
  },
  {
    "ID Number": "3531856"
  },
  {
    "ID Number": "3521729"
  },
  {
    "ID Number": "3528693"
  },
  {
    "ID Number": "3511960"
  },
  {
    "ID Number": "3509990"
  },
  {
    "ID Number": "3518051"
  },
  {
    "ID Number": "3536491"
  },
  {
    "ID Number": "3531627"
  },
  {
    "ID Number": "3533000"
  },
  {
    "ID Number": "3523128"
  },
  {
    "ID Number": "3534847"
  },
  {
    "ID Number": "3508617"
  },
  {
    "ID Number": "3503399"
  },
  {
    "ID Number": "3502139"
  },
  {
    "ID Number": "3520307"
  },
  {
    "ID Number": "3528960"
  },
  {
    "ID Number": "3527360"
  },
  {
    "ID Number": "3517365"
  },
  {
    "ID Number": "3514536"
  },
  {
    "ID Number": "3516784"
  },
  {
    "ID Number": "3527506"
  },
  {
    "ID Number": "3518230"
  },
  {
    "ID Number": "3532232"
  },
  {
    "ID Number": "3535541"
  },
  {
    "ID Number": "3501310"
  },
  {
    "ID Number": "3517373"
  },
  {
    "ID Number": "3511910"
  },
  {
    "ID Number": "3515486"
  },
  {
    "ID Number": "3525503"
  },
  {
    "ID Number": "3512517"
  },
  {
    "ID Number": "3521583"
  },
  {
    "ID Number": "3506479"
  },
  {
    "ID Number": "3520951"
  },
  {
    "ID Number": "3524507"
  },
  {
    "ID Number": "3533581"
  },
  {
    "ID Number": "3535550"
  },
  {
    "ID Number": "3533522"
  },
  {
    "ID Number": "3506819"
  },
  {
    "ID Number": "3519120"
  },
  {
    "ID Number": "3519899"
  },
  {
    "ID Number": "3517799"
  },
  {
    "ID Number": "3524116"
  },
  {
    "ID Number": "3517608"
  },
  {
    "ID Number": "3502716"
  },
  {
    "ID Number": "3516792"
  },
  {
    "ID Number": "3501531"
  },
  {
    "ID Number": "3501990"
  },
  {
    "ID Number": "3526020"
  },
  {
    "ID Number": "3502023"
  },
  {
    "ID Number": "3533638"
  },
  {
    "ID Number": "3520170"
  },
  {
    "ID Number": "3514846"
  },
  {
    "ID Number": "3532909"
  },
  {
    "ID Number": "3520676"
  },
  {
    "ID Number": "3515931"
  },
  {
    "ID Number": "3501329"
  },
  {
    "ID Number": "3530663"
  },
  {
    "ID Number": "3514250"
  },
  {
    "ID Number": "3537200"
  },
  {
    "ID Number": "3524175"
  },
  {
    "ID Number": "3532399"
  },
  {
    "ID Number": "3515222"
  },
  {
    "ID Number": "3535894"
  },
  {
    "ID Number": "3505952"
  },
  {
    "ID Number": "3518426"
  },
  {
    "ID Number": "3515419"
  },
  {
    "ID Number": "3538478"
  },
  {
    "ID Number": "3509885"
  },
  {
    "ID Number": "3530981"
  },
  {
    "ID Number": "3539385"
  },
  {
    "ID Number": "3525252"
  },
  {
    "ID Number": "3514633"
  },
  {
    "ID Number": "3502422"
  },
  {
    "ID Number": "3528901"
  },
  {
    "ID Number": "3534910"
  },
  {
    "ID Number": "3530752"
  },
  {
    "ID Number": "3523071"
  },
  {
    "ID Number": "3505430"
  },
  {
    "ID Number": "3530868"
  },
  {
    "ID Number": "3538257"
  },
  {
    "ID Number": "3515230"
  },
  {
    "ID Number": "3504565"
  },
  {
    "ID Number": "3508528"
  },
  {
    "ID Number": "3518809"
  },
  {
    "ID Number": "3534162"
  },
  {
    "ID Number": "3534820"
  },
  {
    "ID Number": "3508935"
  },
  {
    "ID Number": "3527778"
  },
  {
    "ID Number": "3526402"
  },
  {
    "ID Number": "3535908"
  },
  {
    "ID Number": "3537897"
  },
  {
    "ID Number": "3531180"
  },
  {
    "ID Number": "3527212"
  },
  {
    "ID Number": "3537870"
  },
  {
    "ID Number": "3522237"
  },
  {
    "ID Number": "3520315"
  },
  {
    "ID Number": "3502333"
  },
  {
    "ID Number": "3537145"
  },
  {
    "ID Number": "3502180"
  },
  {
    "ID Number": "3535002"
  },
  {
    "ID Number": "3535924"
  },
  {
    "ID Number": "3533271"
  },
  {
    "ID Number": "3539318"
  },
  {
    "ID Number": "3538486"
  },
  {
    "ID Number": "3525767"
  },
  {
    "ID Number": "3528235"
  },
  {
    "ID Number": "3537404"
  },
  {
    "ID Number": "3539237"
  },
  {
    "ID Number": "3521281"
  },
  {
    "ID Number": "3529894"
  },
  {
    "ID Number": "3525007"
  },
  {
    "ID Number": "3533433"
  },
  {
    "ID Number": "3501833"
  },
  {
    "ID Number": "3527786"
  },
  {
    "ID Number": "3513432"
  },
  {
    "ID Number": "3509095"
  },
  {
    "ID Number": "3513041"
  },
  {
    "ID Number": "3520960"
  },
  {
    "ID Number": "3523721"
  },
  {
    "ID Number": "3508730"
  },
  {
    "ID Number": "3505863"
  },
  {
    "ID Number": "3538494"
  },
  {
    "ID Number": "3534405"
  },
  {
    "ID Number": "3532623"
  },
  {
    "ID Number": "3533867"
  },
  {
    "ID Number": "3508943"
  },
  {
    "ID Number": "3535932"
  },
  {
    "ID Number": "3523500"
  },
  {
    "ID Number": "3509397"
  },
  {
    "ID Number": "3523853"
  },
  {
    "ID Number": "3536963"
  },
  {
    "ID Number": "3537560"
  },
  {
    "ID Number": "3504824"
  },
  {
    "ID Number": "3535037"
  },
  {
    "ID Number": "3534170"
  },
  {
    "ID Number": "3530760"
  },
  {
    "ID Number": "3519635"
  },
  {
    "ID Number": "3533530"
  },
  {
    "ID Number": "3520374"
  },
  {
    "ID Number": "3526747"
  },
  {
    "ID Number": "3522733"
  },
  {
    "ID Number": "3516903"
  },
  {
    "ID Number": "3520579"
  },
  {
    "ID Number": "3524140"
  },
  {
    "ID Number": "3508498"
  },
  {
    "ID Number": "3512983"
  },
  {
    "ID Number": "3506703"
  },
  {
    "ID Number": "3538508"
  },
  {
    "ID Number": "3537072"
  },
  {
    "ID Number": "3510611"
  },
  {
    "ID Number": "3500624"
  },
  {
    "ID Number": "3517179"
  },
  {
    "ID Number": "3525902"
  },
  {
    "ID Number": "3508749"
  },
  {
    "ID Number": "3537609"
  },
  {
    "ID Number": "3533751"
  },
  {
    "ID Number": "3526712"
  },
  {
    "ID Number": "3517381"
  },
  {
    "ID Number": "3514773"
  },
  {
    "ID Number": "3537986"
  },
  {
    "ID Number": "3504247"
  },
  {
    "ID Number": "3518817"
  },
  {
    "ID Number": "3538516"
  },
  {
    "ID Number": "3517462"
  },
  {
    "ID Number": "3515940"
  },
  {
    "ID Number": "3515680"
  },
  {
    "ID Number": "3527220"
  },
  {
    "ID Number": "3527239"
  },
  {
    "ID Number": "3531589"
  },
  {
    "ID Number": "3508846"
  },
  {
    "ID Number": "3504603"
  },
  {
    "ID Number": "3535940"
  },
  {
    "ID Number": "3513483"
  },
  {
    "ID Number": "3537269"
  },
  {
    "ID Number": "3515249"
  },
  {
    "ID Number": "3517470"
  },
  {
    "ID Number": "3514692"
  },
  {
    "ID Number": "3537013"
  },
  {
    "ID Number": "3523284"
  },
  {
    "ID Number": "3534782"
  },
  {
    "ID Number": "3518434"
  },
  {
    "ID Number": "3535088"
  },
  {
    "ID Number": "3502627"
  },
  {
    "ID Number": "3530060"
  },
  {
    "ID Number": "3527956"
  },
  {
    "ID Number": "3509109"
  },
  {
    "ID Number": "3528170"
  },
  {
    "ID Number": "3530647"
  },
  {
    "ID Number": "3503275"
  },
  {
    "ID Number": "3507424"
  },
  {
    "ID Number": "3535959"
  },
  {
    "ID Number": "3505235"
  },
  {
    "ID Number": "3522148"
  },
  {
    "ID Number": "3526577"
  },
  {
    "ID Number": "3534707"
  },
  {
    "ID Number": "3515524"
  },
  {
    "ID Number": "3506541"
  },
  {
    "ID Number": "3525074"
  },
  {
    "ID Number": "3501426"
  },
  {
    "ID Number": "3528243"
  },
  {
    "ID Number": "3532259"
  },
  {
    "ID Number": "3532445"
  },
  {
    "ID Number": "3529908"
  },
  {
    "ID Number": "3527093"
  },
  {
    "ID Number": "3530078"
  },
  {
    "ID Number": "3507092"
  },
  {
    "ID Number": "3509222"
  },
  {
    "ID Number": "3523870"
  },
  {
    "ID Number": "3508285"
  },
  {
    "ID Number": "3504379"
  },
  {
    "ID Number": "3533395"
  },
  {
    "ID Number": "3536700"
  },
  {
    "ID Number": "3528510"
  },
  {
    "ID Number": "3518388"
  },
  {
    "ID Number": "3520587"
  },
  {
    "ID Number": "3522105"
  },
  {
    "ID Number": "3502120"
  },
  {
    "ID Number": "3525015"
  },
  {
    "ID Number": "3506711"
  },
  {
    "ID Number": "3512428"
  },
  {
    "ID Number": "3537706"
  },
  {
    "ID Number": "3529240"
  },
  {
    "ID Number": "3527247"
  },
  {
    "ID Number": "3535967"
  },
  {
    "ID Number": "3538125"
  },
  {
    "ID Number": "3506100"
  },
  {
    "ID Number": "3539458"
  },
  {
    "ID Number": "3533883"
  },
  {
    "ID Number": "3532640"
  },
  {
    "ID Number": "3534642"
  },
  {
    "ID Number": "3517489"
  },
  {
    "ID Number": "3503453"
  },
  {
    "ID Number": "3535606"
  },
  {
    "ID Number": "3534456"
  },
  {
    "ID Number": "3525732"
  },
  {
    "ID Number": "3535975"
  },
  {
    "ID Number": "3520331"
  },
  {
    "ID Number": "3531872"
  },
  {
    "ID Number": "3538524"
  },
  {
    "ID Number": "3523527"
  },
  {
    "ID Number": "3530086"
  },
  {
    "ID Number": "3528499"
  },
  {
    "ID Number": "3535991"
  },
  {
    "ID Number": "3508781"
  },
  {
    "ID Number": "3526763"
  },
  {
    "ID Number": "3514358"
  },
  {
    "ID Number": "3539571"
  },
  {
    "ID Number": "3510301"
  },
  {
    "ID Number": "3523730"
  },
  {
    "ID Number": "3502759"
  },
  {
    "ID Number": "3528979"
  },
  {
    "ID Number": "3506932"
  },
  {
    "ID Number": "3536009"
  },
  {
    "ID Number": "3519813"
  },
  {
    "ID Number": "3539202"
  },
  {
    "ID Number": "3519414"
  },
  {
    "ID Number": "3505839"
  },
  {
    "ID Number": "3509729"
  },
  {
    "ID Number": "3508072"
  },
  {
    "ID Number": "3528286"
  },
  {
    "ID Number": "3539989"
  },
  {
    "ID Number": "3522660"
  },
  {
    "ID Number": "3508250"
  },
  {
    "ID Number": "3509249"
  },
  {
    "ID Number": "3533891"
  },
  {
    "ID Number": "3518833"
  },
  {
    "ID Number": "3501434"
  },
  {
    "ID Number": "3509877"
  },
  {
    "ID Number": "3540057"
  },
  {
    "ID Number": "3533310"
  },
  {
    "ID Number": "3530108"
  },
  {
    "ID Number": "3504158"
  },
  {
    "ID Number": "3505138"
  },
  {
    "ID Number": "3502392"
  },
  {
    "ID Number": "3515141"
  },
  {
    "ID Number": "3539369"
  },
  {
    "ID Number": "3516318"
  },
  {
    "ID Number": "3503046"
  },
  {
    "ID Number": "3525147"
  },
  {
    "ID Number": "3525376"
  },
  {
    "ID Number": "3530116"
  },
  {
    "ID Number": "3526585"
  },
  {
    "ID Number": "3521494"
  },
  {
    "ID Number": "3523896"
  },
  {
    "ID Number": "3539245"
  },
  {
    "ID Number": "3529622"
  },
  {
    "ID Number": "3512185"
  },
  {
    "ID Number": "3508951"
  },
  {
    "ID Number": "3535622"
  },
  {
    "ID Number": "3521354"
  },
  {
    "ID Number": "3528120"
  },
  {
    "ID Number": "3519821"
  },
  {
    "ID Number": "3503585"
  },
  {
    "ID Number": "3530124"
  },
  {
    "ID Number": "3533484"
  },
  {
    "ID Number": "3503160"
  },
  {
    "ID Number": "3530132"
  },
  {
    "ID Number": "3501809"
  },
  {
    "ID Number": "3526704"
  },
  {
    "ID Number": "3515257"
  },
  {
    "ID Number": "3518841"
  },
  {
    "ID Number": "3504891"
  },
  {
    "ID Number": "3526178"
  },
  {
    "ID Number": "3529061"
  },
  {
    "ID Number": "3534448"
  },
  {
    "ID Number": "3516334"
  },
  {
    "ID Number": "3507114"
  },
  {
    "ID Number": "3537889"
  },
  {
    "ID Number": "3538818"
  },
  {
    "ID Number": "3535371"
  },
  {
    "ID Number": "3520692"
  },
  {
    "ID Number": "3538214"
  },
  {
    "ID Number": "3517713"
  },
  {
    "ID Number": "3500861"
  },
  {
    "ID Number": "3516989"
  },
  {
    "ID Number": "3512932"
  },
  {
    "ID Number": "3511090"
  },
  {
    "ID Number": "3539628"
  },
  {
    "ID Number": "3529762"
  },
  {
    "ID Number": "3527301"
  },
  {
    "ID Number": "3533662"
  },
  {
    "ID Number": "3526933"
  },
  {
    "ID Number": "3522890"
  },
  {
    "ID Number": "3525945"
  },
  {
    "ID Number": "3540065"
  },
  {
    "ID Number": "3530833"
  },
  {
    "ID Number": "3526739"
  },
  {
    "ID Number": "3534502"
  },
  {
    "ID Number": "3526119"
  },
  {
    "ID Number": "3535355"
  },
  {
    "ID Number": "3523900"
  },
  {
    "ID Number": "3521753"
  },
  {
    "ID Number": "3536041"
  },
  {
    "ID Number": "3504670"
  },
  {
    "ID Number": "3525910"
  },
  {
    "ID Number": "3501965"
  },
  {
    "ID Number": "3530167"
  },
  {
    "ID Number": "3508234"
  },
  {
    "ID Number": "3506142"
  },
  {
    "ID Number": "3525627"
  },
  {
    "ID Number": "3525783"
  },
  {
    "ID Number": "3534057"
  },
  {
    "ID Number": "3500357"
  },
  {
    "ID Number": "3532810"
  },
  {
    "ID Number": "3507904"
  },
  {
    "ID Number": "3539326"
  },
  {
    "ID Number": "3535630"
  },
  {
    "ID Number": "3538079"
  },
  {
    "ID Number": "3538087"
  },
  {
    "ID Number": "3507076"
  },
  {
    "ID Number": "3504913"
  },
  {
    "ID Number": "3511642"
  },
  {
    "ID Number": "3512940"
  },
  {
    "ID Number": "3504948"
  },
  {
    "ID Number": "3506649"
  },
  {
    "ID Number": "3501213"
  },
  {
    "ID Number": "3533468"
  },
  {
    "ID Number": "3518396"
  },
  {
    "ID Number": "3533905"
  },
  {
    "ID Number": "3503208"
  },
  {
    "ID Number": "3506380"
  },
  {
    "ID Number": "3514480"
  },
  {
    "ID Number": "3521362"
  },
  {
    "ID Number": "3524418"
  },
  {
    "ID Number": "3510336"
  },
  {
    "ID Number": "3515966"
  },
  {
    "ID Number": "3507580"
  },
  {
    "ID Number": "3519740"
  },
  {
    "ID Number": "3518450"
  },
  {
    "ID Number": "3520196"
  },
  {
    "ID Number": "3527794"
  },
  {
    "ID Number": "3515540"
  },
  {
    "ID Number": "3538540"
  },
  {
    "ID Number": "3523136"
  },
  {
    "ID Number": "3509281"
  },
  {
    "ID Number": "3516431"
  },
  {
    "ID Number": "3530175"
  },
  {
    "ID Number": "3536734"
  },
  {
    "ID Number": "3508790"
  },
  {
    "ID Number": "2253240"
  },
  {
    "ID Number": "3528928"
  },
  {
    "ID Number": "3536068"
  },
  {
    "ID Number": "3503763"
  },
  {
    "ID Number": "3536076"
  },
  {
    "ID Number": "3503178"
  },
  {
    "ID Number": "3515443"
  },
  {
    "ID Number": "3530183"
  },
  {
    "ID Number": "3510310"
  },
  {
    "ID Number": "3523594"
  },
  {
    "ID Number": "3535045"
  },
  {
    "ID Number": "3534758"
  },
  {
    "ID Number": "3520820"
  },
  {
    "ID Number": "3521605"
  },
  {
    "ID Number": "3507122"
  },
  {
    "ID Number": "3504026"
  },
  {
    "ID Number": "3506371"
  },
  {
    "ID Number": "3528952"
  },
  {
    "ID Number": "3519147"
  },
  {
    "ID Number": "3533573"
  },
  {
    "ID Number": "3505090"
  },
  {
    "ID Number": "3507629"
  },
  {
    "ID Number": "3506061"
  },
  {
    "ID Number": "3528669"
  },
  {
    "ID Number": "3538559"
  },
  {
    "ID Number": "3521621"
  },
  {
    "ID Number": "3514641"
  },
  {
    "ID Number": "3523608"
  },
  {
    "ID Number": "3521370"
  },
  {
    "ID Number": "3520340"
  },
  {
    "ID Number": "3510328"
  },
  {
    "ID Number": "3534197"
  },
  {
    "ID Number": "3526992"
  },
  {
    "ID Number": "3518868"
  },
  {
    "ID Number": "3506533"
  },
  {
    "ID Number": "3515109"
  },
  {
    "ID Number": "3506576"
  },
  {
    "ID Number": "3530213"
  },
  {
    "ID Number": "3520706"
  },
  {
    "ID Number": "3531120"
  },
  {
    "ID Number": "3536106"
  },
  {
    "ID Number": "3537277"
  },
  {
    "ID Number": "3520714"
  },
  {
    "ID Number": "3508625"
  },
  {
    "ID Number": "3523373"
  },
  {
    "ID Number": "3503321"
  },
  {
    "ID Number": "3531899"
  },
  {
    "ID Number": "3531902"
  },
  {
    "ID Number": "3523179"
  },
  {
    "ID Number": "3514765"
  },
  {
    "ID Number": "3502155"
  },
  {
    "ID Number": "3525597"
  },
  {
    "ID Number": "3524183"
  },
  {
    "ID Number": "3513424"
  },
  {
    "ID Number": "3529320"
  },
  {
    "ID Number": "3538826"
  },
  {
    "ID Number": "3526968"
  },
  {
    "ID Number": "3530221"
  },
  {
    "ID Number": "3510050"
  },
  {
    "ID Number": "3516768"
  },
  {
    "ID Number": "3528731"
  },
  {
    "ID Number": "3506053"
  },
  {
    "ID Number": "3525422"
  },
  {
    "ID Number": "3513602"
  },
  {
    "ID Number": "3531732"
  },
  {
    "ID Number": "3530230"
  },
  {
    "ID Number": "3507440"
  },
  {
    "ID Number": "3534545"
  },
  {
    "ID Number": "3535649"
  },
  {
    "ID Number": "3504344"
  },
  {
    "ID Number": "3506045"
  },
  {
    "ID Number": "3526526"
  },
  {
    "ID Number": "3526593"
  },
  {
    "ID Number": "3525155"
  },
  {
    "ID Number": "3510344"
  },
  {
    "ID Number": "3524949"
  },
  {
    "ID Number": "3538990"
  },
  {
    "ID Number": "3530884"
  },
  {
    "ID Number": "3508005"
  },
  {
    "ID Number": "3513238"
  },
  {
    "ID Number": "3529614"
  },
  {
    "ID Number": "3536513"
  },
  {
    "ID Number": "3526372"
  },
  {
    "ID Number": "3526941"
  },
  {
    "ID Number": "3506363"
  },
  {
    "ID Number": "3518701"
  },
  {
    "ID Number": "3502953"
  },
  {
    "ID Number": "3530248"
  },
  {
    "ID Number": "3531643"
  },
  {
    "ID Number": "3500837"
  },
  {
    "ID Number": "3504654"
  },
  {
    "ID Number": "3519619"
  },
  {
    "ID Number": "3510352"
  },
  {
    "ID Number": "3539067"
  },
  {
    "ID Number": "3525163"
  },
  {
    "ID Number": "3522300"
  },
  {
    "ID Number": "3531910"
  },
  {
    "ID Number": "3509311"
  },
  {
    "ID Number": "3525295"
  },
  {
    "ID Number": "3534200"
  },
  {
    "ID Number": "3510069"
  },
  {
    "ID Number": "3501752"
  },
  {
    "ID Number": "3537250"
  },
  {
    "ID Number": "3506339"
  },
  {
    "ID Number": "3533913"
  },
  {
    "ID Number": "3527255"
  },
  {
    "ID Number": "3506258"
  },
  {
    "ID Number": "3520722"
  },
  {
    "ID Number": "3525813"
  },
  {
    "ID Number": "3530256"
  },
  {
    "ID Number": "3526097"
  },
  {
    "ID Number": "3503909"
  },
  {
    "ID Number": "3526216"
  },
  {
    "ID Number": "3533590"
  },
  {
    "ID Number": "3509915"
  },
  {
    "ID Number": "3508013"
  },
  {
    "ID Number": "3503623"
  },
  {
    "ID Number": "3518639"
  },
  {
    "ID Number": "3527263"
  },
  {
    "ID Number": "3538834"
  },
  {
    "ID Number": "3523390"
  },
  {
    "ID Number": "3523144"
  },
  {
    "ID Number": "3524531"
  },
  {
    "ID Number": "3539059"
  },
  {
    "ID Number": "3511685"
  },
  {
    "ID Number": "3533808"
  },
  {
    "ID Number": "3510360"
  },
  {
    "ID Number": "3528413"
  },
  {
    "ID Number": "3507858"
  },
  {
    "ID Number": "3501850"
  },
  {
    "ID Number": "3516350"
  },
  {
    "ID Number": "3531945"
  },
  {
    "ID Number": "3530264"
  },
  {
    "ID Number": "3537285"
  },
  {
    "ID Number": "3502147"
  },
  {
    "ID Number": "3521389"
  },
  {
    "ID Number": "3507556"
  },
  {
    "ID Number": "3534936"
  },
  {
    "ID Number": "3522750"
  },
  {
    "ID Number": "3510832"
  },
  {
    "ID Number": "3508803"
  },
  {
    "ID Number": "3538273"
  },
  {
    "ID Number": "3503682"
  },
  {
    "ID Number": "3525821"
  },
  {
    "ID Number": "3532844"
  },
  {
    "ID Number": "3511880"
  },
  {
    "ID Number": "3527824"
  },
  {
    "ID Number": "3515559"
  },
  {
    "ID Number": "3531953"
  },
  {
    "ID Number": "3523616"
  },
  {
    "ID Number": "3502244"
  },
  {
    "ID Number": "3515176"
  },
  {
    "ID Number": "3508811"
  },
  {
    "ID Number": "3528758"
  },
  {
    "ID Number": "3504743"
  },
  {
    "ID Number": "3534227"
  },
  {
    "ID Number": "3530892"
  },
  {
    "ID Number": "3536130"
  },
  {
    "ID Number": "3530906"
  },
  {
    "ID Number": "3519155"
  },
  {
    "ID Number": "3500675"
  },
  {
    "ID Number": "3521923"
  },
  {
    "ID Number": "3513661"
  },
  {
    "ID Number": "3512134"
  },
  {
    "ID Number": "3537943"
  },
  {
    "ID Number": "3512649"
  },
  {
    "ID Number": "3509125"
  },
  {
    "ID Number": "3511464"
  },
  {
    "ID Number": "3521109"
  },
  {
    "ID Number": "3536769"
  },
  {
    "ID Number": "3526313"
  },
  {
    "ID Number": "3508188"
  },
  {
    "ID Number": "3534235"
  },
  {
    "ID Number": "3522512"
  },
  {
    "ID Number": "3509923"
  },
  {
    "ID Number": "3533476"
  },
  {
    "ID Number": "3526623"
  },
  {
    "ID Number": "3517985"
  },
  {
    "ID Number": "3535061"
  },
  {
    "ID Number": "3534243"
  },
  {
    "ID Number": "3529290"
  },
  {
    "ID Number": "3529479"
  },
  {
    "ID Number": "3516270"
  },
  {
    "ID Number": "3516628"
  },
  {
    "ID Number": "3536157"
  },
  {
    "ID Number": "3519546"
  },
  {
    "ID Number": "3530280"
  },
  {
    "ID Number": "3521788"
  },
  {
    "ID Number": "3524477"
  },
  {
    "ID Number": "3511472"
  },
  {
    "ID Number": "3530698"
  },
  {
    "ID Number": "3536165"
  },
  {
    "ID Number": "3517080"
  },
  {
    "ID Number": "3538842"
  },
  {
    "ID Number": "3533760"
  },
  {
    "ID Number": "3500780"
  },
  {
    "ID Number": "3505758"
  },
  {
    "ID Number": "3527891"
  },
  {
    "ID Number": "3512355"
  },
  {
    "ID Number": "3510662"
  },
  {
    "ID Number": "3534570"
  },
  {
    "ID Number": "3520609"
  },
  {
    "ID Number": "3537161"
  },
  {
    "ID Number": "3500845"
  },
  {
    "ID Number": "3510867"
  },
  {
    "ID Number": "3538591"
  },
  {
    "ID Number": "3511626"
  },
  {
    "ID Number": "3524558"
  },
  {
    "ID Number": "3501469"
  },
  {
    "ID Number": "3528677"
  },
  {
    "ID Number": "3525953"
  },
  {
    "ID Number": "3536173"
  },
  {
    "ID Number": "3514803"
  },
  {
    "ID Number": "3529592"
  },
  {
    "ID Number": "3506177"
  },
  {
    "ID Number": "3536777"
  },
  {
    "ID Number": "3531970"
  },
  {
    "ID Number": "3503615"
  },
  {
    "ID Number": "3539334"
  },
  {
    "ID Number": "3534804"
  },
  {
    "ID Number": "3520749"
  },
  {
    "ID Number": "3520757"
  },
  {
    "ID Number": "3506282"
  },
  {
    "ID Number": "3503887"
  },
  {
    "ID Number": "3505065"
  },
  {
    "ID Number": "3500489"
  },
  {
    "ID Number": "3522350"
  },
  {
    "ID Number": "3536785"
  },
  {
    "ID Number": "3515273"
  },
  {
    "ID Number": "3504794"
  },
  {
    "ID Number": "3539750"
  },
  {
    "ID Number": "3524434"
  },
  {
    "ID Number": "3501450"
  },
  {
    "ID Number": "3523403"
  },
  {
    "ID Number": "3503500"
  },
  {
    "ID Number": "3524760"
  },
  {
    "ID Number": "3519163"
  },
  {
    "ID Number": "3519279"
  },
  {
    "ID Number": "3519287"
  },
  {
    "ID Number": "3521400"
  },
  {
    "ID Number": "3538133"
  },
  {
    "ID Number": "3522520"
  },
  {
    "ID Number": "3525023"
  },
  {
    "ID Number": "3525570"
  },
  {
    "ID Number": "3528227"
  },
  {
    "ID Number": "3537218"
  },
  {
    "ID Number": "3537730"
  },
  {
    "ID Number": "3537900"
  },
  {
    "ID Number": "3524868"
  },
  {
    "ID Number": "3535380"
  },
  {
    "ID Number": "3536637"
  },
  {
    "ID Number": "3506193"
  },
  {
    "ID Number": "3512673"
  },
  {
    "ID Number": "3537412"
  },
  {
    "ID Number": "3519937"
  },
  {
    "ID Number": "3536521"
  },
  {
    "ID Number": "3525538"
  },
  {
    "ID Number": "3527905"
  },
  {
    "ID Number": "3528359"
  },
  {
    "ID Number": "3529401"
  },
  {
    "ID Number": "3529304"
  },
  {
    "ID Number": "3514617"
  },
  {
    "ID Number": "3529541"
  },
  {
    "ID Number": "3530329"
  },
  {
    "ID Number": "3522539"
  },
  {
    "ID Number": "3539180"
  },
  {
    "ID Number": "3505260"
  },
  {
    "ID Number": "3526470"
  },
  {
    "ID Number": "3539490"
  },
  {
    "ID Number": "3529673"
  },
  {
    "ID Number": "3535282"
  },
  {
    "ID Number": "3509320"
  },
  {
    "ID Number": "3521672"
  },
  {
    "ID Number": "3513688"
  },
  {
    "ID Number": "3531996"
  },
  {
    "ID Number": "3525171"
  },
  {
    "ID Number": "3522938"
  },
  {
    "ID Number": "3529002"
  },
  {
    "ID Number": "3530337"
  },
  {
    "ID Number": "3513076"
  },
  {
    "ID Number": "3533778"
  },
  {
    "ID Number": "3532011"
  },
  {
    "ID Number": "3532747"
  },
  {
    "ID Number": "3539903"
  },
  {
    "ID Number": "3517870"
  },
  {
    "ID Number": "3506290"
  },
  {
    "ID Number": "3502163"
  },
  {
    "ID Number": "3502066"
  },
  {
    "ID Number": "3521796"
  },
  {
    "ID Number": "3518515"
  },
  {
    "ID Number": "3507793"
  },
  {
    "ID Number": "3530345"
  },
  {
    "ID Number": "3519171"
  },
  {
    "ID Number": "3516440"
  },
  {
    "ID Number": "3525414"
  },
  {
    "ID Number": "3530353"
  },
  {
    "ID Number": "3502694"
  },
  {
    "ID Number": "3506088"
  },
  {
    "ID Number": "3512800"
  },
  {
    "ID Number": "3512681"
  },
  {
    "ID Number": "3535690"
  },
  {
    "ID Number": "3527182"
  },
  {
    "ID Number": "3536190"
  },
  {
    "ID Number": "3519180"
  },
  {
    "ID Number": "3528626"
  },
  {
    "ID Number": "3530973"
  },
  {
    "ID Number": "3536971"
  },
  {
    "ID Number": "3507149"
  },
  {
    "ID Number": "3512819"
  },
  {
    "ID Number": "3526534"
  },
  {
    "ID Number": "3524191"
  },
  {
    "ID Number": "3520978"
  },
  {
    "ID Number": "3509133"
  },
  {
    "ID Number": "3518523"
  },
  {
    "ID Number": "3518264"
  },
  {
    "ID Number": "3538362"
  },
  {
    "ID Number": "3506495"
  },
  {
    "ID Number": "3518132"
  },
  {
    "ID Number": "3518159"
  },
  {
    "ID Number": "3521125"
  },
  {
    "ID Number": "3533921"
  },
  {
    "ID Number": "3510077"
  },
  {
    "ID Number": "3530914"
  },
  {
    "ID Number": "3512827"
  },
  {
    "ID Number": "3535126"
  },
  {
    "ID Number": "3533930"
  },
  {
    "ID Number": "3534987"
  },
  {
    "ID Number": "3504727"
  },
  {
    "ID Number": "3517039"
  },
  {
    "ID Number": "3526232"
  },
  {
    "ID Number": "3536203"
  },
  {
    "ID Number": "3527115"
  },
  {
    "ID Number": "3528189"
  },
  {
    "ID Number": "3529703"
  },
  {
    "ID Number": "3511952"
  },
  {
    "ID Number": "3512444"
  },
  {
    "ID Number": "3520412"
  },
  {
    "ID Number": "3510719"
  },
  {
    "ID Number": "3526909"
  },
  {
    "ID Number": "3538605"
  },
  {
    "ID Number": "3516032"
  },
  {
    "ID Number": "3539687"
  },
  {
    "ID Number": "3509079"
  },
  {
    "ID Number": "3512118"
  },
  {
    "ID Number": "3512363"
  },
  {
    "ID Number": "3525643"
  },
  {
    "ID Number": "3500926"
  },
  {
    "ID Number": "3512835"
  },
  {
    "ID Number": "3538621"
  },
  {
    "ID Number": "3530370"
  },
  {
    "ID Number": "3506916"
  },
  {
    "ID Number": "3504425"
  },
  {
    "ID Number": "3506266"
  },
  {
    "ID Number": "3539610"
  },
  {
    "ID Number": "3535428"
  },
  {
    "ID Number": "3526682"
  },
  {
    "ID Number": "3532666"
  },
  {
    "ID Number": "3518078"
  },
  {
    "ID Number": "3535711"
  },
  {
    "ID Number": "3510816"
  },
  {
    "ID Number": "3525040"
  },
  {
    "ID Number": "3522113"
  },
  {
    "ID Number": "3515125"
  },
  {
    "ID Number": "3521540"
  },
  {
    "ID Number": "3527913"
  },
  {
    "ID Number": "5129141"
  },
  {
    "ID Number": "3520811"
  },
  {
    "ID Number": "3511928"
  },
  {
    "ID Number": "3536939"
  },
  {
    "ID Number": "3517527"
  },
  {
    "ID Number": "3519945"
  },
  {
    "ID Number": "3534413"
  },
  {
    "ID Number": "3502376"
  },
  {
    "ID Number": "3515664"
  },
  {
    "ID Number": "3527158"
  },
  {
    "ID Number": "3523659"
  },
  {
    "ID Number": "3538869"
  },
  {
    "ID Number": "3515575"
  },
  {
    "ID Number": "3518272"
  },
  {
    "ID Number": "3526658"
  },
  {
    "ID Number": "3525333"
  },
  {
    "ID Number": "3533956"
  },
  {
    "ID Number": "3503755"
  },
  {
    "ID Number": "3528332"
  },
  {
    "ID Number": "3529266"
  },
  {
    "ID Number": "3518299"
  },
  {
    "ID Number": "3501167"
  },
  {
    "ID Number": "3537676"
  },
  {
    "ID Number": "3507700"
  },
  {
    "ID Number": "3510697"
  },
  {
    "ID Number": "3513084"
  },
  {
    "ID Number": "3528251"
  },
  {
    "ID Number": "3520994"
  },
  {
    "ID Number": "3511502"
  },
  {
    "ID Number": "3534251"
  },
  {
    "ID Number": "3507718"
  },
  {
    "ID Number": "3527433"
  },
  {
    "ID Number": "3530388"
  },
  {
    "ID Number": "3529045"
  },
  {
    "ID Number": "3520102"
  },
  {
    "ID Number": "3513092"
  },
  {
    "ID Number": "3504093"
  },
  {
    "ID Number": "3528308"
  },
  {
    "ID Number": "3529576"
  },
  {
    "ID Number": "3526038"
  },
  {
    "ID Number": "3523748"
  },
  {
    "ID Number": "3537234"
  },
  {
    "ID Number": "3503348"
  },
  {
    "ID Number": "3516954"
  },
  {
    "ID Number": "3537765"
  },
  {
    "ID Number": "3531651"
  },
  {
    "ID Number": "3530396"
  },
  {
    "ID Number": "3518302"
  },
  {
    "ID Number": "3526542"
  },
  {
    "ID Number": "3520501"
  },
  {
    "ID Number": "3522563"
  },
  {
    "ID Number": "3520765"
  },
  {
    "ID Number": "3527441"
  },
  {
    "ID Number": "3527042"
  },
  {
    "ID Number": "3503798"
  },
  {
    "ID Number": "3502848"
  },
  {
    "ID Number": "3526607"
  },
  {
    "ID Number": "3533964"
  },
  {
    "ID Number": "3539156"
  },
  {
    "ID Number": "3529096"
  },
  {
    "ID Number": "3501639"
  },
  {
    "ID Number": "3518914"
  },
  {
    "ID Number": "3536793"
  },
  {
    "ID Number": "3507335"
  },
  {
    "ID Number": "3514668"
  },
  {
    "ID Number": "3504042"
  },
  {
    "ID Number": "3535738"
  },
  {
    "ID Number": "3538010"
  },
  {
    "ID Number": "3517101"
  },
  {
    "ID Number": "3523667"
  },
  {
    "ID Number": "3511308"
  },
  {
    "ID Number": "3524299"
  },
  {
    "ID Number": "3511120"
  },
  {
    "ID Number": "3535398"
  },
  {
    "ID Number": "3535746"
  },
  {
    "ID Number": "3508030"
  },
  {
    "ID Number": "3518663"
  },
  {
    "ID Number": "3504107"
  },
  {
    "ID Number": "3519309"
  },
  {
    "ID Number": "3528421"
  },
  {
    "ID Number": "3528430"
  },
  {
    "ID Number": "3522431"
  },
  {
    "ID Number": "3534260"
  },
  {
    "ID Number": "3507726"
  },
  {
    "ID Number": "3519759"
  },
  {
    "ID Number": "3515290"
  },
  {
    "ID Number": "3538095"
  },
  {
    "ID Number": "3504638"
  },
  {
    "ID Number": "3529347"
  },
  {
    "ID Number": "3530400"
  },
  {
    "ID Number": "3521745"
  },
  {
    "ID Number": "3505901"
  },
  {
    "ID Number": "3534863"
  },
  {
    "ID Number": "3512398"
  },
  {
    "ID Number": "3519198"
  },
  {
    "ID Number": "3519201"
  },
  {
    "ID Number": "3529770"
  },
  {
    "ID Number": "3510093"
  },
  {
    "ID Number": "3500020"
  },
  {
    "ID Number": "3534677"
  },
  {
    "ID Number": "3510905"
  },
  {
    "ID Number": "3522202"
  },
  {
    "ID Number": "3527832"
  },
  {
    "ID Number": "3526003"
  },
  {
    "ID Number": "3537293"
  },
  {
    "ID Number": "3522571"
  },
  {
    "ID Number": "3534650"
  },
  {
    "ID Number": "3530850"
  },
  {
    "ID Number": "3536238"
  },
  {
    "ID Number": "3511758"
  },
  {
    "ID Number": "3521966"
  },
  {
    "ID Number": "3537633"
  },
  {
    "ID Number": "3520420"
  },
  {
    "ID Number": "3509540"
  },
  {
    "ID Number": "3529410"
  },
  {
    "ID Number": "3536807"
  },
  {
    "ID Number": "3502473"
  },
  {
    "ID Number": "3527964"
  },
  {
    "ID Number": "3531260"
  },
  {
    "ID Number": "3528448"
  },
  {
    "ID Number": "3505502"
  },
  {
    "ID Number": "3500799"
  },
  {
    "ID Number": "3514374"
  },
  {
    "ID Number": "3504590"
  },
  {
    "ID Number": "3523535"
  },
  {
    "ID Number": "3530701"
  },
  {
    "ID Number": "3519104"
  },
  {
    "ID Number": "3515583"
  },
  {
    "ID Number": "3538222"
  },
  {
    "ID Number": "3525651"
  },
  {
    "ID Number": "3527972"
  },
  {
    "ID Number": "3534669"
  },
  {
    "ID Number": "3523039"
  },
  {
    "ID Number": "3506940"
  },
  {
    "ID Number": "3522377"
  },
  {
    "ID Number": "3512207"
  },
  {
    "ID Number": "3515303"
  },
  {
    "ID Number": "3535452"
  },
  {
    "ID Number": "3538001"
  },
  {
    "ID Number": "3534880"
  },
  {
    "ID Number": "3535134"
  },
  {
    "ID Number": "3508854"
  },
  {
    "ID Number": "3526135"
  },
  {
    "ID Number": "3507165"
  },
  {
    "ID Number": "3528820"
  },
  {
    "ID Number": "3528936"
  },
  {
    "ID Number": "3513750"
  },
  {
    "ID Number": "3502724"
  },
  {
    "ID Number": "3503186"
  },
  {
    "ID Number": "3524876"
  },
  {
    "ID Number": "3520510"
  },
  {
    "ID Number": "3520110"
  },
  {
    "ID Number": "3539938"
  },
  {
    "ID Number": "3539008"
  },
  {
    "ID Number": "3525660"
  },
  {
    "ID Number": "3529363"
  },
  {
    "ID Number": "3522440"
  },
  {
    "ID Number": "3506312"
  },
  {
    "ID Number": "3504115"
  },
  {
    "ID Number": "3510107"
  },
  {
    "ID Number": "3535754"
  },
  {
    "ID Number": "3510824"
  },
  {
    "ID Number": "3538664"
  },
  {
    "ID Number": "3528138"
  },
  {
    "ID Number": "3522580"
  },
  {
    "ID Number": "3516466"
  },
  {
    "ID Number": "3500217"
  },
  {
    "ID Number": "3502481"
  },
  {
    "ID Number": "3538672"
  },
  {
    "ID Number": "3523098"
  },
  {
    "ID Number": "3513106"
  },
  {
    "ID Number": "3502708"
  },
  {
    "ID Number": "3538680"
  },
  {
    "ID Number": "3518710"
  },
  {
    "ID Number": "3523977"
  },
  {
    "ID Number": "3500233"
  },
  {
    "ID Number": "3512479"
  },
  {
    "ID Number": "3509826"
  },
  {
    "ID Number": "3512720"
  },
  {
    "ID Number": "3530787"
  },
  {
    "ID Number": "3524353"
  },
  {
    "ID Number": "3525317"
  },
  {
    "ID Number": "3500853"
  },
  {
    "ID Number": "3522040"
  },
  {
    "ID Number": "3529665"
  },
  {
    "ID Number": "3526828"
  },
  {
    "ID Number": "3519953"
  },
  {
    "ID Number": "3507521"
  },
  {
    "ID Number": "3521559"
  },
  {
    "ID Number": "3514722"
  },
  {
    "ID Number": "3524221"
  },
  {
    "ID Number": "3531759"
  },
  {
    "ID Number": "3521630"
  },
  {
    "ID Number": "3504859"
  },
  {
    "ID Number": "3523985"
  },
  {
    "ID Number": "3537927"
  },
  {
    "ID Number": "3538320"
  },
  {
    "ID Number": "3533441"
  },
  {
    "ID Number": "3520129"
  },
  {
    "ID Number": "3528049"
  },
  {
    "ID Number": "3509931"
  },
  {
    "ID Number": "3539580"
  },
  {
    "ID Number": "3529010"
  },
  {
    "ID Number": "3509150"
  },
  {
    "ID Number": "3537773"
  },
  {
    "ID Number": "3525180"
  },
  {
    "ID Number": "3529207"
  },
  {
    "ID Number": "3540103"
  },
  {
    "ID Number": "3522598"
  },
  {
    "ID Number": "5129567"
  },
  {
    "ID Number": "3522091"
  },
  {
    "ID Number": "3502678"
  },
  {
    "ID Number": "3527930"
  },
  {
    "ID Number": "3500918"
  },
  {
    "ID Number": "3522261"
  },
  {
    "ID Number": "3526666"
  },
  {
    "ID Number": "3526100"
  },
  {
    "ID Number": "3517349"
  },
  {
    "ID Number": "3537447"
  },
  {
    "ID Number": "3512860"
  },
  {
    "ID Number": "3531139"
  },
  {
    "ID Number": "3524337"
  },
  {
    "ID Number": "3527646"
  },
  {
    "ID Number": "3525341"
  },
  {
    "ID Number": "3539377"
  },
  {
    "ID Number": "3537455"
  },
  {
    "ID Number": "3524582"
  },
  {
    "ID Number": "3522075"
  },
  {
    "ID Number": "3503470"
  },
  {
    "ID Number": "3501000"
  },
  {
    "ID Number": "3536840"
  },
  {
    "ID Number": "3524620"
  },
  {
    "ID Number": "3506126"
  },
  {
    "ID Number": "3524744"
  },
  {
    "ID Number": "3532780"
  },
  {
    "ID Number": "3531163"
  },
  {
    "ID Number": "3503461"
  },
  {
    "ID Number": "3535770"
  },
  {
    "ID Number": "3519473"
  },
  {
    "ID Number": "3520625"
  },
  {
    "ID Number": "3529924"
  },
  {
    "ID Number": "3532100"
  },
  {
    "ID Number": "3514315"
  },
  {
    "ID Number": "3534308"
  },
  {
    "ID Number": "3518973"
  },
  {
    "ID Number": "3507467"
  },
  {
    "ID Number": "3503364"
  },
  {
    "ID Number": "3534316"
  },
  {
    "ID Number": "3527450"
  },
  {
    "ID Number": "3514560"
  },
  {
    "ID Number": "3529029"
  },
  {
    "ID Number": "3506215"
  },
  {
    "ID Number": "3535835"
  },
  {
    "ID Number": "3530477"
  },
  {
    "ID Number": "3529126"
  },
  {
    "ID Number": "3510603"
  },
  {
    "ID Number": "3538109"
  },
  {
    "ID Number": "3518981"
  },
  {
    "ID Number": "3517268"
  },
  {
    "ID Number": "3534480"
  },
  {
    "ID Number": "3522601"
  },
  {
    "ID Number": "3503151"
  },
  {
    "ID Number": "3530809"
  },
  {
    "ID Number": "3531201"
  },
  {
    "ID Number": "3517055"
  },
  {
    "ID Number": "3538729"
  },
  {
    "ID Number": "3534588"
  },
  {
    "ID Number": "3525449"
  },
  {
    "ID Number": "3531635"
  },
  {
    "ID Number": "3527700"
  },
  {
    "ID Number": "3517276"
  },
  {
    "ID Number": "3526720"
  },
  {
    "ID Number": "3536548"
  },
  {
    "ID Number": "3529487"
  },
  {
    "ID Number": "3527107"
  },
  {
    "ID Number": "3534324"
  },
  {
    "ID Number": "3525090"
  },
  {
    "ID Number": "3523454"
  },
  {
    "ID Number": "3512487"
  },
  {
    "ID Number": "3530485"
  },
  {
    "ID Number": "3529606"
  },
  {
    "ID Number": "3502880"
  },
  {
    "ID Number": "3511766"
  },
  {
    "ID Number": "3521990"
  },
  {
    "ID Number": "3534715"
  },
  {
    "ID Number": "3507203"
  },
  {
    "ID Number": "3503704"
  },
  {
    "ID Number": "3519228"
  },
  {
    "ID Number": "3521443"
  },
  {
    "ID Number": "3540111"
  },
  {
    "ID Number": "3523802"
  },
  {
    "ID Number": "3510123"
  },
  {
    "ID Number": "3535312"
  },
  {
    "ID Number": "3503011"
  },
  {
    "ID Number": "3535460"
  },
  {
    "ID Number": "3534766"
  },
  {
    "ID Number": "3537048"
  },
  {
    "ID Number": "3539172"
  },
  {
    "ID Number": "3523675"
  },
  {
    "ID Number": "3509559"
  },
  {
    "ID Number": "3520773"
  },
  {
    "ID Number": "3509362"
  },
  {
    "ID Number": "3507009"
  },
  {
    "ID Number": "3518566"
  },
  {
    "ID Number": "3526500"
  },
  {
    "ID Number": "3521486"
  },
  {
    "ID Number": "3539415"
  },
  {
    "ID Number": "3514129"
  },
  {
    "ID Number": "3520781"
  },
  {
    "ID Number": "3519961"
  },
  {
    "ID Number": "3531147"
  },
  {
    "ID Number": "3502490"
  },
  {
    "ID Number": "3505910"
  },
  {
    "ID Number": "3534928"
  },
  {
    "ID Number": "3504360"
  },
  {
    "ID Number": "3510140"
  },
  {
    "ID Number": "3507220"
  },
  {
    "ID Number": "3520447"
  },
  {
    "ID Number": "3534464"
  },
  {
    "ID Number": "3516075"
  },
  {
    "ID Number": "3532135"
  },
  {
    "ID Number": "3501280"
  },
  {
    "ID Number": "3539016"
  },
  {
    "ID Number": "3512177"
  },
  {
    "ID Number": "3534960"
  },
  {
    "ID Number": "3517756"
  },
  {
    "ID Number": "3524590"
  },
  {
    "ID Number": "3535150"
  },
  {
    "ID Number": "3503135"
  },
  {
    "ID Number": "3521451"
  },
  {
    "ID Number": "3527557"
  },
  {
    "ID Number": "3502082"
  },
  {
    "ID Number": "3527123"
  },
  {
    "ID Number": "3531287"
  },
  {
    "ID Number": "3534332"
  },
  {
    "ID Number": "3511944"
  },
  {
    "ID Number": "3536289"
  },
  {
    "ID Number": "3505871"
  },
  {
    "ID Number": "3517543"
  },
  {
    "ID Number": "3514730"
  },
  {
    "ID Number": "3514749"
  },
  {
    "ID Number": "3509176"
  },
  {
    "ID Number": "3509168"
  },
  {
    "ID Number": "3519368"
  },
  {
    "ID Number": "3509494"
  },
  {
    "ID Number": "3528367"
  },
  {
    "ID Number": "3524248"
  },
  {
    "ID Number": "3518205"
  },
  {
    "ID Number": "3522962"
  },
  {
    "ID Number": "3506762"
  },
  {
    "ID Number": "3537420"
  },
  {
    "ID Number": "3512193"
  },
  {
    "ID Number": "3532143"
  },
  {
    "ID Number": "3530523"
  },
  {
    "ID Number": "3535320"
  },
  {
    "ID Number": "3537846"
  },
  {
    "ID Number": "3512916"
  },
  {
    "ID Number": "3525210"
  },
  {
    "ID Number": "3533794"
  },
  {
    "ID Number": "3524906"
  },
  {
    "ID Number": "3502031"
  },
  {
    "ID Number": "3526631"
  },
  {
    "ID Number": "3517411"
  },
  {
    "ID Number": "3528103"
  },
  {
    "ID Number": "3504883"
  },
  {
    "ID Number": "3521842"
  },
  {
    "ID Number": "3531090"
  },
  {
    "ID Number": "3520188"
  },
  {
    "ID Number": "3527719"
  },
  {
    "ID Number": "3529134"
  },
  {
    "ID Number": "3520633"
  },
  {
    "ID Number": "3514269"
  },
  {
    "ID Number": "3519767"
  },
  {
    "ID Number": "3510158"
  },
  {
    "ID Number": "3503780"
  },
  {
    "ID Number": "3524329"
  },
  {
    "ID Number": "3526410"
  },
  {
    "ID Number": "3514072"
  },
  {
    "ID Number": "3538745"
  },
  {
    "ID Number": "3534596"
  },
  {
    "ID Number": "3526429"
  },
  {
    "ID Number": "3524833"
  },
  {
    "ID Number": "3519856"
  },
  {
    "ID Number": "3536300"
  },
  {
    "ID Number": "3517560"
  },
  {
    "ID Number": "3522180"
  },
  {
    "ID Number": "3537536"
  },
  {
    "ID Number": "3538885"
  },
  {
    "ID Number": "3537358"
  },
  {
    "ID Number": "3506320"
  },
  {
    "ID Number": "3516660"
  },
  {
    "ID Number": "3525872"
  },
  {
    "ID Number": "3527689"
  },
  {
    "ID Number": "3517420"
  },
  {
    "ID Number": "3521168"
  },
  {
    "ID Number": "3520463"
  },
  {
    "ID Number": "3515605"
  },
  {
    "ID Number": "3527344"
  },
  {
    "ID Number": "3506770"
  },
  {
    "ID Number": "3519481"
  },
  {
    "ID Number": "3522415"
  },
  {
    "ID Number": "3510514"
  },
  {
    "ID Number": "3536319"
  },
  {
    "ID Number": "3509605"
  },
  {
    "ID Number": "3512100"
  },
  {
    "ID Number": "3515168"
  },
  {
    "ID Number": "3502112"
  },
  {
    "ID Number": "3520293"
  },
  {
    "ID Number": "3530558"
  },
  {
    "ID Number": "3538893"
  },
  {
    "ID Number": "3507254"
  },
  {
    "ID Number": "3524469"
  },
  {
    "ID Number": "3526330"
  },
  {
    "ID Number": "3525554"
  },
  {
    "ID Number": "3519988"
  },
  {
    "ID Number": "3539350"
  },
  {
    "ID Number": "3522342"
  },
  {
    "ID Number": "3528154"
  },
  {
    "ID Number": "3539482"
  },
  {
    "ID Number": "3537803"
  },
  {
    "ID Number": "3538141"
  },
  {
    "ID Number": "3535339"
  },
  {
    "ID Number": "3500292"
  },
  {
    "ID Number": "3517110"
  },
  {
    "ID Number": "3533425"
  },
  {
    "ID Number": "3522083"
  },
  {
    "ID Number": "3520200"
  },
  {
    "ID Number": "3525198"
  },
  {
    "ID Number": "3517438"
  },
  {
    "ID Number": "3508820"
  },
  {
    "ID Number": "3534430"
  },
  {
    "ID Number": "3523772"
  },
  {
    "ID Number": "3539695"
  },
  {
    "ID Number": "3528529"
  },
  {
    "ID Number": "3526615"
  },
  {
    "ID Number": "3509680"
  },
  {
    "ID Number": "3505812"
  },
  {
    "ID Number": "3513858"
  },
  {
    "ID Number": "3530841"
  },
  {
    "ID Number": "3519236"
  },
  {
    "ID Number": "3532976"
  },
  {
    "ID Number": "3539776"
  },
  {
    "ID Number": "3521010"
  },
  {
    "ID Number": "3536327"
  },
  {
    "ID Number": "3532771"
  },
  {
    "ID Number": "3537544"
  },
  {
    "ID Number": "3525201"
  },
  {
    "ID Number": "3510174"
  },
  {
    "ID Number": "3505693"
  },
  {
    "ID Number": "3504689"
  },
  {
    "ID Number": "3504034"
  },
  {
    "ID Number": "3526089"
  },
  {
    "ID Number": "3522610"
  },
  {
    "ID Number": "3524809"
  },
  {
    "ID Number": "3528057"
  },
  {
    "ID Number": "3526550"
  },
  {
    "ID Number": "3533204"
  },
  {
    "ID Number": "3525929"
  },
  {
    "ID Number": "3527026"
  },
  {
    "ID Number": "3516407"
  },
  {
    "ID Number": "3533140"
  },
  {
    "ID Number": "3510956"
  },
  {
    "ID Number": "3506231"
  },
  {
    "ID Number": "3514960"
  },
  {
    "ID Number": "3511995"
  },
  {
    "ID Number": "3529282"
  },
  {
    "ID Number": "3539423"
  },
  {
    "ID Number": "3523420"
  },
  {
    "ID Number": "3537617"
  },
  {
    "ID Number": "3512215"
  },
  {
    "ID Number": "3530930"
  },
  {
    "ID Number": "3511782"
  },
  {
    "ID Number": "3530574"
  },
  {
    "ID Number": "3525228"
  },
  {
    "ID Number": "3534685"
  },
  {
    "ID Number": "3501540"
  },
  {
    "ID Number": "3507742"
  },
  {
    "ID Number": "3518744"
  },
  {
    "ID Number": "3534340"
  },
  {
    "ID Number": "3526640"
  },
  {
    "ID Number": "3514099"
  },
  {
    "ID Number": "3539075"
  },
  {
    "ID Number": "3512339"
  },
  {
    "ID Number": "3536572"
  },
  {
    "ID Number": "3538761"
  },
  {
    "ID Number": "3519384"
  },
  {
    "ID Number": "3524361"
  },
  {
    "ID Number": "3539393"
  },
  {
    "ID Number": "3532178"
  },
  {
    "ID Number": "3522776"
  },
  {
    "ID Number": "3526437"
  },
  {
    "ID Number": "3527654"
  },
  {
    "ID Number": "3539296"
  },
  {
    "ID Number": "3534898"
  },
  {
    "ID Number": "3539113"
  },
  {
    "ID Number": "3532186"
  },
  {
    "ID Number": "3529312"
  },
  {
    "ID Number": "3518337"
  },
  {
    "ID Number": "3538206"
  },
  {
    "ID Number": "3507270"
  },
  {
    "ID Number": "3500080"
  },
  {
    "ID Number": "3519392"
  },
  {
    "ID Number": "3538036"
  },
  {
    "ID Number": "3525937"
  },
  {
    "ID Number": "3534359"
  },
  {
    "ID Number": "3521184"
  },
  {
    "ID Number": "3536556"
  },
  {
    "ID Number": "3530582"
  },
  {
    "ID Number": "3517853"
  },
  {
    "ID Number": "3523101"
  },
  {
    "ID Number": "3524035"
  },
  {
    "ID Number": "3529568"
  },
  {
    "ID Number": "3521460"
  },
  {
    "ID Number": "3520641"
  },
  {
    "ID Number": "3514390"
  },
  {
    "ID Number": "3523810"
  },
  {
    "ID Number": "3536335"
  },
  {
    "ID Number": "3517594"
  },
  {
    "ID Number": "3520277"
  },
  {
    "ID Number": "3537838"
  },
  {
    "ID Number": "3527085"
  },
  {
    "ID Number": "3527573"
  },
  {
    "ID Number": "3520935"
  },
  {
    "ID Number": "3522008"
  },
  {
    "ID Number": "3536343"
  },
  {
    "ID Number": "3509010"
  },
  {
    "ID Number": "3510735"
  },
  {
    "ID Number": "3507025"
  },
  {
    "ID Number": "3515907"
  },
  {
    "ID Number": "3527840"
  },
  {
    "ID Number": "3517128"
  },
  {
    "ID Number": "3524485"
  },
  {
    "ID Number": "3507475"
  },
  {
    "ID Number": "3512878"
  },
  {
    "ID Number": "3526810"
  },
  {
    "ID Number": "2253259"
  },
  {
    "ID Number": "3529118"
  },
  {
    "ID Number": "3527018"
  },
  {
    "ID Number": "3528022"
  },
  {
    "ID Number": "3521290"
  },
  {
    "ID Number": "3509834"
  },
  {
    "ID Number": "3512142"
  },
  {
    "ID Number": "3500420"
  },
  {
    "ID Number": "3501647"
  },
  {
    "ID Number": "3509028"
  },
  {
    "ID Number": "3523187"
  },
  {
    "ID Number": "3508447"
  },
  {
    "ID Number": "3532895"
  },
  {
    "ID Number": "3529169"
  },
  {
    "ID Number": "3520897"
  },
  {
    "ID Number": "3525104"
  },
  {
    "ID Number": "3539121"
  },
  {
    "ID Number": "3506274"
  },
  {
    "ID Number": "3526771"
  },
  {
    "ID Number": "3536378"
  },
  {
    "ID Number": "3532992"
  },
  {
    "ID Number": "3524850"
  },
  {
    "ID Number": "3518728"
  },
  {
    "ID Number": "3533166"
  },
  {
    "ID Number": "3515451"
  },
  {
    "ID Number": "3520528"
  },
  {
    "ID Number": "3503089"
  },
  {
    "ID Number": "3534855"
  },
  {
    "ID Number": "3505200"
  },
  {
    "ID Number": "3503690"
  },
  {
    "ID Number": "3513920"
  },
  {
    "ID Number": "3535100"
  },
  {
    "ID Number": "3519040"
  },
  {
    "ID Number": "3515150"
  },
  {
    "ID Number": "3537552"
  },
  {
    "ID Number": "3504166"
  },
  {
    "ID Number": "3525112"
  },
  {
    "ID Number": "3524957"
  },
  {
    "ID Number": "3523691"
  },
  {
    "ID Number": "3523004"
  },
  {
    "ID Number": "3529495"
  },
  {
    "ID Number": "3504468"
  },
  {
    "ID Number": "3533999"
  },
  {
    "ID Number": "3534006"
  },
  {
    "ID Number": "3511251"
  },
  {
    "ID Number": "3514277"
  },
  {
    "ID Number": "3505715"
  },
  {
    "ID Number": "3519376"
  },
  {
    "ID Number": "3534600"
  },
  {
    "ID Number": "3536980"
  },
  {
    "ID Number": "3530590"
  },
  {
    "ID Number": "3516288"
  },
  {
    "ID Number": "3507327"
  },
  {
    "ID Number": "3529843"
  },
  {
    "ID Number": "3531333"
  },
  {
    "ID Number": "3531341"
  },
  {
    "ID Number": "3531082"
  },
  {
    "ID Number": "3527743"
  },
  {
    "ID Number": "3534014"
  },
  {
    "ID Number": "3534081"
  },
  {
    "ID Number": "3536386"
  },
  {
    "ID Number": "3533280"
  },
  {
    "ID Number": "3539024"
  },
  {
    "ID Number": "3538940"
  },
  {
    "ID Number": "3522210"
  },
  {
    "ID Number": "3507874"
  },
  {
    "ID Number": "3505340"
  },
  {
    "ID Number": "3527662"
  },
  {
    "ID Number": "3533255"
  },
  {
    "ID Number": "3529932"
  },
  {
    "ID Number": "3528987"
  },
  {
    "ID Number": "3538192"
  },
  {
    "ID Number": "3527280"
  },
  {
    "ID Number": "3501264"
  },
  {
    "ID Number": "3538966"
  },
  {
    "ID Number": "3526127"
  },
  {
    "ID Number": "3539032"
  },
  {
    "ID Number": "3509664"
  },
  {
    "ID Number": "3528855"
  },
  {
    "ID Number": "3524264"
  },
  {
    "ID Number": "3532496"
  },
  {
    "ID Number": "3528006"
  },
  {
    "ID Number": "3514110"
  },
  {
    "ID Number": "3519112"
  },
  {
    "ID Number": "3524817"
  },
  {
    "ID Number": "3539083"
  },
  {
    "ID Number": "3519783"
  },
  {
    "ID Number": "3503933"
  },
  {
    "ID Number": "3515095"
  },
  {
    "ID Number": "3534022"
  },
  {
    "ID Number": "3518752"
  },
  {
    "ID Number": "3528456"
  },
  {
    "ID Number": "3509672"
  },
  {
    "ID Number": "3524787"
  },
  {
    "ID Number": "3538346"
  },
  {
    "ID Number": "3538117"
  },
  {
    "ID Number": "3517683"
  },
  {
    "ID Number": "3531619"
  },
  {
    "ID Number": "3503054"
  },
  {
    "ID Number": "3528537"
  },
  {
    "ID Number": "3523705"
  },
  {
    "ID Number": "3533549"
  },
  {
    "ID Number": "3514137"
  },
  {
    "ID Number": "3502252"
  },
  {
    "ID Number": "3532798"
  },
  {
    "ID Number": "3534383"
  },
  {
    "ID Number": "3520161"
  },
  {
    "ID Number": "3528464"
  },
  {
    "ID Number": "3516563"
  },
  {
    "ID Number": "3519686"
  },
  {
    "ID Number": "3525058"
  },
  {
    "ID Number": "3517888"
  },
  {
    "ID Number": "3522032"
  },
  {
    "ID Number": "3500055"
  },
  {
    "ID Number": "3522369"
  },
  {
    "ID Number": "3531112"
  },
  {
    "ID Number": "3511731"
  },
  {
    "ID Number": "3508315"
  },
  {
    "ID Number": "3537811"
  },
  {
    "ID Number": "3500098"
  },
  {
    "ID Number": "3536424"
  },
  {
    "ID Number": "3539091"
  },
  {
    "ID Number": "3517993"
  },
  {
    "ID Number": "3531040"
  },
  {
    "ID Number": "3524272"
  },
  {
    "ID Number": "3505073"
  },
  {
    "ID Number": "3513157"
  },
  {
    "ID Number": "3518353"
  },
  {
    "ID Number": "3518361"
  },
  {
    "ID Number": "3520471"
  },
  {
    "ID Number": "3506134"
  },
  {
    "ID Number": "3519058"
  },
  {
    "ID Number": "3526488"
  },
  {
    "ID Number": "3539199"
  },
  {
    "ID Number": "3524990"
  },
  {
    "ID Number": "3510840"
  },
  {
    "ID Number": "3526976"
  },
  {
    "ID Number": "3526950"
  },
  {
    "ID Number": "3529037"
  },
  {
    "ID Number": "3525678"
  },
  {
    "ID Number": "3501698"
  },
  {
    "ID Number": "3510913"
  },
  {
    "ID Number": "3510484"
  },
  {
    "ID Number": "3524825"
  },
  {
    "ID Number": "3528081"
  },
  {
    "ID Number": "3536432"
  },
  {
    "ID Number": "3505529"
  },
  {
    "ID Number": "3525236"
  },
  {
    "ID Number": "3504549"
  },
  {
    "ID Number": "3517004"
  },
  {
    "ID Number": "3510751"
  },
  {
    "ID Number": "3511820"
  },
  {
    "ID Number": "3518370"
  },
  {
    "ID Number": "3533735"
  },
  {
    "ID Number": "3526046"
  },
  {
    "ID Number": "3520218"
  },
  {
    "ID Number": "3537102"
  }
]