[
  {
    "ID Number": "6219802"
  },
  {
    "ID Number": "6215629"
  },
  {
    "ID Number": "6201318"
  },
  {
    "ID Number": "6208169"
  },
  {
    "ID Number": "6204953"
  },
  {
    "ID Number": "6222811"
  },
  {
    "ID Number": "6220835"
  },
  {
    "ID Number": "6217826"
  },
  {
    "ID Number": "6208860"
  },
  {
    "ID Number": "6209840"
  },
  {
    "ID Number": "6214789"
  },
  {
    "ID Number": "6225012"
  },
  {
    "ID Number": "6200907"
  },
  {
    "ID Number": "6226906"
  },
  {
    "ID Number": "6206476"
  },
  {
    "ID Number": "6202039"
  },
  {
    "ID Number": "6204856"
  },
  {
    "ID Number": "6201857"
  },
  {
    "ID Number": "6216358"
  },
  {
    "ID Number": "6210384"
  },
  {
    "ID Number": "6203191"
  },
  {
    "ID Number": "6201555"
  },
  {
    "ID Number": "6201563"
  },
  {
    "ID Number": "6213561"
  },
  {
    "ID Number": "6219748"
  },
  {
    "ID Number": "6205488"
  },
  {
    "ID Number": "6221009"
  },
  {
    "ID Number": "6207022"
  },
  {
    "ID Number": "6215947"
  },
  {
    "ID Number": "6201865"
  },
  {
    "ID Number": "6201113"
  },
  {
    "ID Number": "6210740"
  },
  {
    "ID Number": "6221351"
  },
  {
    "ID Number": "6209165"
  },
  {
    "ID Number": "6206654"
  },
  {
    "ID Number": "6207561"
  },
  {
    "ID Number": "6211151"
  },
  {
    "ID Number": "6200265"
  },
  {
    "ID Number": "6210120"
  },
  {
    "ID Number": "6212557"
  },
  {
    "ID Number": "6224199"
  },
  {
    "ID Number": "6211232"
  },
  {
    "ID Number": "6201148"
  },
  {
    "ID Number": "6205658"
  },
  {
    "ID Number": "6205640"
  },
  {
    "ID Number": "6221343"
  },
  {
    "ID Number": "6202357"
  },
  {
    "ID Number": "6206638"
  },
  {
    "ID Number": "6204074"
  },
  {
    "ID Number": "6207650"
  },
  {
    "ID Number": "6205682"
  },
  {
    "ID Number": "6200850"
  },
  {
    "ID Number": "6204813"
  },
  {
    "ID Number": "6203701"
  },
  {
    "ID Number": "6203558"
  },
  {
    "ID Number": "6204163"
  },
  {
    "ID Number": "6219110"
  },
  {
    "ID Number": "6220851"
  },
  {
    "ID Number": "6201814"
  },
  {
    "ID Number": "6224814"
  },
  {
    "ID Number": "6203035"
  },
  {
    "ID Number": "6223044"
  },
  {
    "ID Number": "6227961"
  },
  {
    "ID Number": "6219250"
  },
  {
    "ID Number": "6219780"
  },
  {
    "ID Number": "6202993"
  },
  {
    "ID Number": "6216986"
  },
  {
    "ID Number": "6204562"
  },
  {
    "ID Number": "6209386"
  },
  {
    "ID Number": "6209378"
  },
  {
    "ID Number": "6202195"
  },
  {
    "ID Number": "6211763"
  },
  {
    "ID Number": "6205305"
  },
  {
    "ID Number": "6212310"
  },
  {
    "ID Number": "6218385"
  },
  {
    "ID Number": "6222676"
  },
  {
    "ID Number": "6218849"
  },
  {
    "ID Number": "6200915"
  },
  {
    "ID Number": "6210937"
  },
  {
    "ID Number": "6202373"
  },
  {
    "ID Number": "6224504"
  },
  {
    "ID Number": "6214894"
  },
  {
    "ID Number": "6209343"
  },
  {
    "ID Number": "6209980"
  },
  {
    "ID Number": "6207871"
  },
  {
    "ID Number": "6208479"
  },
  {
    "ID Number": "6226086"
  },
  {
    "ID Number": "6208720"
  },
  {
    "ID Number": "6204570"
  },
  {
    "ID Number": "6205178"
  },
  {
    "ID Number": "6218644"
  },
  {
    "ID Number": "6203396"
  },
  {
    "ID Number": "6223524"
  },
  {
    "ID Number": "6220053"
  },
  {
    "ID Number": "6204589"
  },
  {
    "ID Number": "6202209"
  },
  {
    "ID Number": "6200273"
  },
  {
    "ID Number": "6215190"
  },
  {
    "ID Number": "6203710"
  },
  {
    "ID Number": "6204597"
  },
  {
    "ID Number": "6216374"
  },
  {
    "ID Number": "6207634"
  },
  {
    "ID Number": "6216404"
  },
  {
    "ID Number": "6214444"
  },
  {
    "ID Number": "6207510"
  },
  {
    "ID Number": "6200451"
  },
  {
    "ID Number": "6212336"
  },
  {
    "ID Number": "6214053"
  },
  {
    "ID Number": "6218180"
  },
  {
    "ID Number": "6215122"
  },
  {
    "ID Number": "6224903"
  },
  {
    "ID Number": "6202055"
  },
  {
    "ID Number": "6227678"
  },
  {
    "ID Number": "6223303"
  },
  {
    "ID Number": "6224865"
  },
  {
    "ID Number": "6208452"
  },
  {
    "ID Number": "6220940"
  },
  {
    "ID Number": "6219233"
  },
  {
    "ID Number": "6206611"
  },
  {
    "ID Number": "6220010"
  },
  {
    "ID Number": "6207235"
  },
  {
    "ID Number": "6200125"
  },
  {
    "ID Number": "6210465"
  },
  {
    "ID Number": "6227066"
  },
  {
    "ID Number": "6223290"
  },
  {
    "ID Number": "6208762"
  },
  {
    "ID Number": "6219942"
  },
  {
    "ID Number": "6207936"
  },
  {
    "ID Number": "6217621"
  },
  {
    "ID Number": "6223850"
  },
  {
    "ID Number": "6221785"
  },
  {
    "ID Number": "6214800"
  },
  {
    "ID Number": "6201598"
  },
  {
    "ID Number": "6203116"
  },
  {
    "ID Number": "6201342"
  },
  {
    "ID Number": "6203906"
  },
  {
    "ID Number": "6224946"
  },
  {
    "ID Number": "6222358"
  },
  {
    "ID Number": "6209050"
  },
  {
    "ID Number": "140244578"
  },
  {
    "ID Number": "6224180"
  },
  {
    "ID Number": "6206794"
  },
  {
    "ID Number": "6220657"
  },
  {
    "ID Number": "6215882"
  },
  {
    "ID Number": "6217010"
  },
  {
    "ID Number": "6213782"
  },
  {
    "ID Number": "6204350"
  },
  {
    "ID Number": "6208924"
  },
  {
    "ID Number": "6222609"
  },
  {
    "ID Number": "6214878"
  },
  {
    "ID Number": "6220665"
  },
  {
    "ID Number": "6211801"
  },
  {
    "ID Number": "6209963"
  },
  {
    "ID Number": "6214010"
  },
  {
    "ID Number": "6218318"
  },
  {
    "ID Number": "6221068"
  },
  {
    "ID Number": "6208789"
  },
  {
    "ID Number": "6217990"
  },
  {
    "ID Number": "6209092"
  },
  {
    "ID Number": "6209106"
  },
  {
    "ID Number": "6220177"
  },
  {
    "ID Number": "6216846"
  },
  {
    "ID Number": "6208797"
  },
  {
    "ID Number": "6219985"
  },
  {
    "ID Number": "6212603"
  },
  {
    "ID Number": "6212166"
  },
  {
    "ID Number": "6212174"
  },
  {
    "ID Number": "6207375"
  },
  {
    "ID Number": "6214665"
  },
  {
    "ID Number": "6218440"
  },
  {
    "ID Number": "6203183"
  },
  {
    "ID Number": "6210643"
  },
  {
    "ID Number": "6201601"
  },
  {
    "ID Number": "6214282"
  },
  {
    "ID Number": "6209890"
  },
  {
    "ID Number": "6208193"
  },
  {
    "ID Number": "6219080"
  },
  {
    "ID Number": "6225039"
  },
  {
    "ID Number": "6219500"
  },
  {
    "ID Number": "6221017"
  },
  {
    "ID Number": "6200168"
  },
  {
    "ID Number": "6207740"
  },
  {
    "ID Number": "6222161"
  },
  {
    "ID Number": "6214916"
  },
  {
    "ID Number": "6223532"
  },
  {
    "ID Number": "6205062"
  },
  {
    "ID Number": "6217192"
  },
  {
    "ID Number": "6226019"
  },
  {
    "ID Number": "6218016"
  },
  {
    "ID Number": "6224601"
  },
  {
    "ID Number": "6222200"
  },
  {
    "ID Number": "6215343"
  },
  {
    "ID Number": "6226078"
  },
  {
    "ID Number": "6204260"
  },
  {
    "ID Number": "6204228"
  },
  {
    "ID Number": "6204244"
  },
  {
    "ID Number": "6204147"
  },
  {
    "ID Number": "6209289"
  },
  {
    "ID Number": "6212280"
  },
  {
    "ID Number": "6219373"
  },
  {
    "ID Number": "6214851"
  },
  {
    "ID Number": "6202071"
  },
  {
    "ID Number": "6213081"
  },
  {
    "ID Number": "6220223"
  },
  {
    "ID Number": "6221858"
  },
  {
    "ID Number": "6207111"
  },
  {
    "ID Number": "6219993"
  },
  {
    "ID Number": "6222277"
  },
  {
    "ID Number": "6218792"
  },
  {
    "ID Number": "6216552"
  },
  {
    "ID Number": "6213430"
  },
  {
    "ID Number": "6223443"
  },
  {
    "ID Number": "6220983"
  },
  {
    "ID Number": "6222846"
  },
  {
    "ID Number": "6200346"
  },
  {
    "ID Number": "6215769"
  },
  {
    "ID Number": "6217257"
  },
  {
    "ID Number": "6209831"
  },
  {
    "ID Number": "6214827"
  },
  {
    "ID Number": "6211771"
  },
  {
    "ID Number": "6203264"
  },
  {
    "ID Number": "6224164"
  },
  {
    "ID Number": "6223630"
  },
  {
    "ID Number": "6215734"
  },
  {
    "ID Number": "6214045"
  },
  {
    "ID Number": "6206980"
  },
  {
    "ID Number": "6201610"
  },
  {
    "ID Number": "6219101"
  },
  {
    "ID Number": "6209874"
  },
  {
    "ID Number": "6209777"
  },
  {
    "ID Number": "6210767"
  },
  {
    "ID Number": "6216366"
  },
  {
    "ID Number": "6211518"
  },
  {
    "ID Number": "6202225"
  },
  {
    "ID Number": "6217001"
  },
  {
    "ID Number": "6223818"
  },
  {
    "ID Number": "6215785"
  },
  {
    "ID Number": "6221203"
  },
  {
    "ID Number": "6224628"
  },
  {
    "ID Number": "6205003"
  },
  {
    "ID Number": "6204139"
  },
  {
    "ID Number": "6215661"
  },
  {
    "ID Number": "6218504"
  },
  {
    "ID Number": "6220550"
  },
  {
    "ID Number": "6210104"
  },
  {
    "ID Number": "6214681"
  },
  {
    "ID Number": "6218300"
  },
  {
    "ID Number": "6216943"
  },
  {
    "ID Number": "6202233"
  },
  {
    "ID Number": "6211542"
  },
  {
    "ID Number": "6219462"
  },
  {
    "ID Number": "6212328"
  },
  {
    "ID Number": "6206484"
  },
  {
    "ID Number": "6210490"
  },
  {
    "ID Number": "6215645"
  },
  {
    "ID Number": "6217680"
  },
  {
    "ID Number": "6205739"
  },
  {
    "ID Number": "6212026"
  },
  {
    "ID Number": "6226973"
  },
  {
    "ID Number": "6213618"
  },
  {
    "ID Number": "6216170"
  },
  {
    "ID Number": "6222331"
  },
  {
    "ID Number": "6217370"
  },
  {
    "ID Number": "6219527"
  },
  {
    "ID Number": "6212239"
  },
  {
    "ID Number": "6205747"
  },
  {
    "ID Number": "6204090"
  },
  {
    "ID Number": "6202241"
  },
  {
    "ID Number": "6202250"
  },
  {
    "ID Number": "6200877"
  },
  {
    "ID Number": "6221157"
  },
  {
    "ID Number": "6221033"
  },
  {
    "ID Number": "6208991"
  },
  {
    "ID Number": "6206727"
  },
  {
    "ID Number": "6204376"
  },
  {
    "ID Number": "6204384"
  },
  {
    "ID Number": "6208487"
  },
  {
    "ID Number": "6221645"
  },
  {
    "ID Number": "6216714"
  },
  {
    "ID Number": "6222587"
  },
  {
    "ID Number": "6214738"
  },
  {
    "ID Number": "6226957"
  },
  {
    "ID Number": "6207618"
  },
  {
    "ID Number": "6210651"
  },
  {
    "ID Number": "6209602"
  },
  {
    "ID Number": "6214770"
  },
  {
    "ID Number": "6204651"
  },
  {
    "ID Number": "6218415"
  },
  {
    "ID Number": "6214029"
  },
  {
    "ID Number": "6223796"
  },
  {
    "ID Number": "6220509"
  },
  {
    "ID Number": "6200478"
  },
  {
    "ID Number": "6224130"
  },
  {
    "ID Number": "6213952"
  },
  {
    "ID Number": "6219918"
  },
  {
    "ID Number": "6210457"
  },
  {
    "ID Number": "6203213"
  },
  {
    "ID Number": "6214495"
  },
  {
    "ID Number": "6209300"
  },
  {
    "ID Number": "6207707"
  },
  {
    "ID Number": "6207570"
  },
  {
    "ID Number": "6211399"
  },
  {
    "ID Number": "6217303"
  },
  {
    "ID Number": "6204660"
  },
  {
    "ID Number": "6211240"
  },
  {
    "ID Number": "6206859"
  },
  {
    "ID Number": "6206689"
  },
  {
    "ID Number": "6203310"
  },
  {
    "ID Number": "6224326"
  },
  {
    "ID Number": "6216390"
  },
  {
    "ID Number": "6220614"
  },
  {
    "ID Number": "6209157"
  },
  {
    "ID Number": "6225160"
  },
  {
    "ID Number": "6200648"
  },
  {
    "ID Number": "6213375"
  },
  {
    "ID Number": "6220320"
  },
  {
    "ID Number": "6219128"
  },
  {
    "ID Number": "6221521"
  },
  {
    "ID Number": "6226388"
  },
  {
    "ID Number": "6219489"
  },
  {
    "ID Number": "6220592"
  },
  {
    "ID Number": "6204392"
  },
  {
    "ID Number": "6210597"
  },
  {
    "ID Number": "6208525"
  },
  {
    "ID Number": "6208959"
  },
  {
    "ID Number": "6206956"
  },
  {
    "ID Number": "6207383"
  },
  {
    "ID Number": "6220118"
  },
  {
    "ID Number": "6215971"
  },
  {
    "ID Number": "6201628"
  },
  {
    "ID Number": "6207308"
  },
  {
    "ID Number": "6210830"
  },
  {
    "ID Number": "6219292"
  },
  {
    "ID Number": "6206590"
  },
  {
    "ID Number": "6211160"
  },
  {
    "ID Number": "6201210"
  },
  {
    "ID Number": "6215920"
  },
  {
    "ID Number": "6220975"
  },
  {
    "ID Number": "6225047"
  },
  {
    "ID Number": "6211127"
  },
  {
    "ID Number": "6212395"
  },
  {
    "ID Number": "6217508"
  },
  {
    "ID Number": "6221173"
  },
  {
    "ID Number": "6212654"
  },
  {
    "ID Number": "6202268"
  },
  {
    "ID Number": "6218865"
  },
  {
    "ID Number": "6217532"
  },
  {
    "ID Number": "6213820"
  },
  {
    "ID Number": "6205631"
  },
  {
    "ID Number": "6212352"
  },
  {
    "ID Number": "6201911"
  },
  {
    "ID Number": "6206573"
  },
  {
    "ID Number": "6227902"
  },
  {
    "ID Number": "6218717"
  },
  {
    "ID Number": "6223788"
  },
  {
    "ID Number": "6203590"
  },
  {
    "ID Number": "6203450"
  },
  {
    "ID Number": "6222366"
  },
  {
    "ID Number": "6214967"
  },
  {
    "ID Number": "6203728"
  },
  {
    "ID Number": "6204406"
  },
  {
    "ID Number": "6203914"
  },
  {
    "ID Number": "6217915"
  },
  {
    "ID Number": "6221670"
  },
  {
    "ID Number": "6204678"
  },
  {
    "ID Number": "6200206"
  },
  {
    "ID Number": "6225063"
  },
  {
    "ID Number": "6206816"
  },
  {
    "ID Number": "6204414"
  },
  {
    "ID Number": "6200486"
  },
  {
    "ID Number": "6218075"
  },
  {
    "ID Number": "6200354"
  },
  {
    "ID Number": "6223052"
  },
  {
    "ID Number": "6200516"
  },
  {
    "ID Number": "6202497"
  },
  {
    "ID Number": "6209548"
  },
  {
    "ID Number": "6217028"
  },
  {
    "ID Number": "6215858"
  },
  {
    "ID Number": "6220002"
  },
  {
    "ID Number": "6218474"
  },
  {
    "ID Number": "6215149"
  },
  {
    "ID Number": "6204422"
  },
  {
    "ID Number": "6202500"
  },
  {
    "ID Number": "6210686"
  },
  {
    "ID Number": "6204694"
  },
  {
    "ID Number": "6204996"
  },
  {
    "ID Number": "6207790"
  },
  {
    "ID Number": "6224750"
  },
  {
    "ID Number": "6204708"
  },
  {
    "ID Number": "6216706"
  },
  {
    "ID Number": "6207782"
  },
  {
    "ID Number": "6211704"
  },
  {
    "ID Number": "6214037"
  },
  {
    "ID Number": "6223648"
  },
  {
    "ID Number": "6217273"
  },
  {
    "ID Number": "6218008"
  },
  {
    "ID Number": "6203078"
  },
  {
    "ID Number": "6224229"
  },
  {
    "ID Number": "6227791"
  },
  {
    "ID Number": "6221297"
  },
  {
    "ID Number": "6227074"
  },
  {
    "ID Number": "6213677"
  },
  {
    "ID Number": "6224717"
  },
  {
    "ID Number": "6204732"
  },
  {
    "ID Number": "6221793"
  },
  {
    "ID Number": "6207669"
  },
  {
    "ID Number": "6226515"
  },
  {
    "ID Number": "6225519"
  },
  {
    "ID Number": "6220347"
  },
  {
    "ID Number": "6222080"
  },
  {
    "ID Number": "6218334"
  },
  {
    "ID Number": "6220649"
  },
  {
    "ID Number": "6224253"
  },
  {
    "ID Number": "6215998"
  },
  {
    "ID Number": "6215874"
  },
  {
    "ID Number": "6220711"
  },
  {
    "ID Number": "6200184"
  },
  {
    "ID Number": "6210848"
  },
  {
    "ID Number": "6222269"
  },
  {
    "ID Number": "6214860"
  },
  {
    "ID Number": "6218512"
  },
  {
    "ID Number": "6204880"
  },
  {
    "ID Number": "6218253"
  },
  {
    "ID Number": "6206697"
  },
  {
    "ID Number": "6211380"
  },
  {
    "ID Number": "6202101"
  },
  {
    "ID Number": "6202314"
  },
  {
    "ID Number": "6221866"
  },
  {
    "ID Number": "6207243"
  },
  {
    "ID Number": "6207251"
  },
  {
    "ID Number": "6204058"
  },
  {
    "ID Number": "6203124"
  },
  {
    "ID Number": "6223320"
  },
  {
    "ID Number": "6208843"
  },
  {
    "ID Number": "6208851"
  },
  {
    "ID Number": "6205518"
  },
  {
    "ID Number": "6208711"
  },
  {
    "ID Number": "6205585"
  },
  {
    "ID Number": "6206662"
  },
  {
    "ID Number": "6219896"
  },
  {
    "ID Number": "6209750"
  },
  {
    "ID Number": "6210155"
  },
  {
    "ID Number": "6200362"
  },
  {
    "ID Number": "6223087"
  },
  {
    "ID Number": "6214762"
  },
  {
    "ID Number": "6224270"
  },
  {
    "ID Number": "6215483"
  },
  {
    "ID Number": "6215386"
  },
  {
    "ID Number": "6204015"
  },
  {
    "ID Number": "6215513"
  },
  {
    "ID Number": "6221610"
  },
  {
    "ID Number": "6221998"
  },
  {
    "ID Number": "6204023"
  },
  {
    "ID Number": "6219934"
  },
  {
    "ID Number": "6204910"
  },
  {
    "ID Number": "6200680"
  },
  {
    "ID Number": "6211690"
  },
  {
    "ID Number": "6204082"
  },
  {
    "ID Number": "6204767"
  },
  {
    "ID Number": "6206930"
  },
  {
    "ID Number": "6217516"
  },
  {
    "ID Number": "6210961"
  },
  {
    "ID Number": "6216323"
  },
  {
    "ID Number": "6227945"
  },
  {
    "ID Number": "6206093"
  },
  {
    "ID Number": "6222650"
  },
  {
    "ID Number": "6210902"
  },
  {
    "ID Number": "6214568"
  },
  {
    "ID Number": "6220380"
  },
  {
    "ID Number": "6216293"
  },
  {
    "ID Number": "6216412"
  },
  {
    "ID Number": "6200443"
  },
  {
    "ID Number": "6220576"
  },
  {
    "ID Number": "6221726"
  },
  {
    "ID Number": "6223192"
  },
  {
    "ID Number": "6227082"
  },
  {
    "ID Number": "6225977"
  },
  {
    "ID Number": "6210759"
  },
  {
    "ID Number": "6206620"
  },
  {
    "ID Number": "6219926"
  },
  {
    "ID Number": "6211070"
  },
  {
    "ID Number": "6220908"
  },
  {
    "ID Number": "6209270"
  },
  {
    "ID Number": "6222927"
  },
  {
    "ID Number": "6205020"
  },
  {
    "ID Number": "6203779"
  },
  {
    "ID Number": "6222196"
  },
  {
    "ID Number": "6204961"
  },
  {
    "ID Number": "6204929"
  },
  {
    "ID Number": "6205046"
  },
  {
    "ID Number": "6212263"
  },
  {
    "ID Number": "6214886"
  },
  {
    "ID Number": "6213383"
  },
  {
    "ID Number": "6205070"
  },
  {
    "ID Number": "6215696"
  },
  {
    "ID Number": "6200230"
  },
  {
    "ID Number": "6211208"
  },
  {
    "ID Number": "6200508"
  },
  {
    "ID Number": "6209505"
  },
  {
    "ID Number": "6216226"
  },
  {
    "ID Number": "6219799"
  },
  {
    "ID Number": "6218598"
  },
  {
    "ID Number": "6218881"
  },
  {
    "ID Number": "6227775"
  },
  {
    "ID Number": "6212697"
  },
  {
    "ID Number": "6216560"
  },
  {
    "ID Number": "6216340"
  },
  {
    "ID Number": "6218563"
  },
  {
    "ID Number": "6205836"
  },
  {
    "ID Number": "6213464"
  },
  {
    "ID Number": "6217737"
  },
  {
    "ID Number": "6201890"
  },
  {
    "ID Number": "6200370"
  },
  {
    "ID Number": "6227821"
  },
  {
    "ID Number": "6202306"
  },
  {
    "ID Number": "6225209"
  },
  {
    "ID Number": "6226256"
  },
  {
    "ID Number": "6219357"
  },
  {
    "ID Number": "6222994"
  },
  {
    "ID Number": "6207553"
  },
  {
    "ID Number": "6214657"
  },
  {
    "ID Number": "6202322"
  },
  {
    "ID Number": "6201288"
  },
  {
    "ID Number": "6224474"
  },
  {
    "ID Number": "6214932"
  },
  {
    "ID Number": "6200702"
  },
  {
    "ID Number": "6220991"
  },
  {
    "ID Number": "6207154"
  },
  {
    "ID Number": "6215220"
  },
  {
    "ID Number": "6203540"
  },
  {
    "ID Number": "6220789"
  },
  {
    "ID Number": "6217397"
  },
  {
    "ID Number": "6224423"
  },
  {
    "ID Number": "6203477"
  },
  {
    "ID Number": "6203604"
  },
  {
    "ID Number": "6222820"
  },
  {
    "ID Number": "6227058"
  },
  {
    "ID Number": "6218369"
  },
  {
    "ID Number": "6204821"
  },
  {
    "ID Number": "6211097"
  },
  {
    "ID Number": "6204864"
  },
  {
    "ID Number": "6204791"
  },
  {
    "ID Number": "6203043"
  },
  {
    "ID Number": "6217095"
  },
  {
    "ID Number": "6219136"
  },
  {
    "ID Number": "6222544"
  },
  {
    "ID Number": "6219519"
  },
  {
    "ID Number": "6205860"
  },
  {
    "ID Number": "6206115"
  },
  {
    "ID Number": "6208894"
  },
  {
    "ID Number": "6200117"
  },
  {
    "ID Number": "6207227"
  },
  {
    "ID Number": "6219225"
  },
  {
    "ID Number": "6206530"
  },
  {
    "ID Number": "6222315"
  },
  {
    "ID Number": "6200176"
  },
  {
    "ID Number": "6214819"
  },
  {
    "ID Number": "6203000"
  },
  {
    "ID Number": "6201059"
  },
  {
    "ID Number": "6201733"
  },
  {
    "ID Number": "6221181"
  },
  {
    "ID Number": "6204783"
  },
  {
    "ID Number": "6215360"
  },
  {
    "ID Number": "6208908"
  },
  {
    "ID Number": "6204040"
  },
  {
    "ID Number": "6204465"
  },
  {
    "ID Number": "6223737"
  },
  {
    "ID Number": "6200710"
  },
  {
    "ID Number": "6211194"
  },
  {
    "ID Number": "6223613"
  },
  {
    "ID Number": "6210970"
  },
  {
    "ID Number": "6221602"
  },
  {
    "ID Number": "6206603"
  },
  {
    "ID Number": "6205984"
  },
  {
    "ID Number": "6206492"
  },
  {
    "ID Number": "6219586"
  },
  {
    "ID Number": "6216048"
  },
  {
    "ID Number": "6205895"
  },
  {
    "ID Number": "6218601"
  },
  {
    "ID Number": "6209882"
  },
  {
    "ID Number": "6224482"
  },
  {
    "ID Number": "6220541"
  },
  {
    "ID Number": "6226035"
  },
  {
    "ID Number": "652035468"
  },
  {
    "ID Number": "652009726"
  },
  {
    "ID Number": "6218695"
  },
  {
    "ID Number": "6216617"
  },
  {
    "ID Number": "6226000"
  },
  {
    "ID Number": "6200729"
  },
  {
    "ID Number": "6226426"
  },
  {
    "ID Number": "6213669"
  },
  {
    "ID Number": "6203230"
  },
  {
    "ID Number": "6203493"
  },
  {
    "ID Number": "6220703"
  },
  {
    "ID Number": "6210554"
  },
  {
    "ID Number": "6215017"
  },
  {
    "ID Number": "6202551"
  },
  {
    "ID Number": "6200214"
  },
  {
    "ID Number": "6202152"
  },
  {
    "ID Number": "6218296"
  },
  {
    "ID Number": "6222285"
  },
  {
    "ID Number": "6212867"
  },
  {
    "ID Number": "6213332"
  },
  {
    "ID Number": "6214118"
  },
  {
    "ID Number": "6224105"
  },
  {
    "ID Number": "6207324"
  },
  {
    "ID Number": "6223249"
  },
  {
    "ID Number": "6203760"
  },
  {
    "ID Number": "6220738"
  },
  {
    "ID Number": "6215440"
  },
  {
    "ID Number": "6206743"
  },
  {
    "ID Number": "6207596"
  },
  {
    "ID Number": "6218806"
  },
  {
    "ID Number": "6221505"
  },
  {
    "ID Number": "6201296"
  },
  {
    "ID Number": "6213260"
  },
  {
    "ID Number": "6200745"
  },
  {
    "ID Number": "6215319"
  },
  {
    "ID Number": "6210716"
  },
  {
    "ID Number": "6202179"
  },
  {
    "ID Number": "6214509"
  },
  {
    "ID Number": "6222870"
  },
  {
    "ID Number": "6220622"
  },
  {
    "ID Number": "6222226"
  },
  {
    "ID Number": "6210791"
  },
  {
    "ID Number": "6221424"
  },
  {
    "ID Number": "6208282"
  },
  {
    "ID Number": "6208983"
  },
  {
    "ID Number": "6217486"
  },
  {
    "ID Number": "6202187"
  },
  {
    "ID Number": "6220444"
  },
  {
    "ID Number": "6203825"
  },
  {
    "ID Number": "6220568"
  },
  {
    "ID Number": "6226027"
  },
  {
    "ID Number": "6201075"
  },
  {
    "ID Number": "6201083"
  },
  {
    "ID Number": "6213006"
  },
  {
    "ID Number": "6215157"
  },
  {
    "ID Number": "6217613"
  },
  {
    "ID Number": "6215050"
  },
  {
    "ID Number": "6209114"
  },
  {
    "ID Number": "6206735"
  },
  {
    "ID Number": "6202349"
  },
  {
    "ID Number": "6223265"
  },
  {
    "ID Number": "6211470"
  },
  {
    "ID Number": "6211062"
  },
  {
    "ID Number": "6215939"
  },
  {
    "ID Number": "6206808"
  },
  {
    "ID Number": "6211526"
  },
  {
    "ID Number": "6221246"
  },
  {
    "ID Number": "6223257"
  },
  {
    "ID Number": "6209068"
  },
  {
    "ID Number": "6217885"
  },
  {
    "ID Number": "6218610"
  },
  {
    "ID Number": "6207219"
  },
  {
    "ID Number": "6200591"
  }
]