ID Number,Name,Fed,Sex,Title,WTit,OTit,Rating,Gms,K,RatingMonth,B-day,Flag
13616609,"Abakelia, Gocha",GEO,M,,,,1572,0,20,AUG25,1971,i
13620754,"Abakelia, Mariam",GEO,F,,,,1536,0,40,AUG25,2007,wi
13643142,"Abashidze, Dachi",GEO,M,,,,1669,0,40,AUG25,2008,i
13626850,"Abesadze, Tamaz",GEO,M,,,,1663,0,20,AUG25,1964,
13621696,"Abramidze, Anastasia",GEO,F,,,,1542,0,40,AUG25,2009,wi
13627538,"Abramyan, Misha",GEO,M,,,,1635,0,20,AUG25,2005,i
13638300,"Absandze, Nikoloz",GEO,M,,,,1433,0,40,AUG25,2009,i
13606042,"Absaridze, Gigi",GEO,M,,,,1776,0,20,AUG25,1999,i
13602900,"Absava, Giorgi",GEO,M,,,,2015,0,20,AUG25,1985,i
13641956,"Abuashvili, Irakli",GEO,M,,,,1651,0,20,AUG25,2003,i
13618067,"Abuladze, Achiko",GEO,M,,,,1535,0,20,AUG25,2002,i
13636812,"Abuladze, Ilia",GEO,M,,,,1512,0,40,AUG25,2014,i
13620797,"Abuladze, Natali",GEO,F,,,,1522,0,40,AUG25,2008,wi
13641417,"Abuladze, Nikoloz",GEO,M,,,,1460,0,40,AUG25,2014,
13625853,"Abuseridze, Gocha",GEO,M,,,,1844,0,20,AUG25,1980,i
13614584,"Adamia, Jaba",GEO,M,,,,1837,0,20,AUG25,2005,i
13639196,"Aghapishvili, Valeri",GEO,M,,,,1596,0,20,AUG25,1992,i
13628143,"Aivazyan, Mariam",GEO,F,,,,1436,0,20,AUG25,1999,wi
13616153,"Ajalov, Bairam",GEO,M,,,,1533,0,20,AUG25,2001,i
13609351,"Akhaladze, Beka",GEO,M,,,,AIM,1922,0,AUG25,1991,i
13637320,"Akhalaia, Nika",GEO,M,,,,1407,0,20,AUG25,2002,i
13633260,"Akhalaia, Ramaz",GEO,M,,,,1748,0,20,AUG25,1982,i
13619403,"Akhalaia, Saba",GEO,M,,,,1650,0,40,AUG25,2007,i
13617362,"Akhverdyan, Giorgi",GEO,M,,,,1889,0,20,AUG25,2002,i
13601938,"Akhvlediani, Irakli",GEO,M,IM,,,2269,0,20,AUG25,2000,
13637479,"Akhvlediani, Merab",GEO,M,,,,1561,0,20,AUG25,1958,i
13629816,"Akhvlediani, Nikoloz",GEO,M,,,,1957,0,20,AUG25,2005,
13632949,"Akhvlediani, Nikoloz",GEO,M,,,,1540,0,20,AUG25,1997,i
13640607,"Akopashvili, Alexandre",GEO,M,,,,1768,16,40,AUG25,2013,
13643681,"Akopashvili, Andria",GEO,M,,,,1531,0,40,AUG25,2016,
13610260,"Alakhverdiev, Araz",GEO,M,FM,,,2032,0,20,AUG25,1983,i
13636081,"Alakhverdiev, Emil",GEO,M,,,,1501,0,20,AUG25,2004,i
13636103,"Alalidze, Saba",GEO,M,,,,AIM,1844,0,AUG25,2004,
13650637,"Alania, Vakhtangi",GEO,M,,,,1435,0,40,AUG25,2007,
13636111,"Aliev, Kasum",GEO,M,,,,1607,0,20,AUG25,2006,i
13636006,"Alshibaia, Nikoloz",GEO,M,,,,1615,0,40,AUG25,2013,
13639250,"Ambroladze, Mamuka",GEO,M,,,,1513,0,20,AUG25,1970,i
13611089,"Amiridze, Saba",GEO,M,,,,1809,0,20,AUG25,1999,i
13603728,"Amirkhanashvili, Archil",GEO,M,,,,1914,0,20,AUG25,1991,
13639447,"Amkoladze, Barbare",GEO,F,,,,1501,0,40,AUG25,2008,wi
13635220,"Amkoladze, Otar",GEO,M,,,,1452,0,40,AUG25,2010,
13635026,"Amonashvili, Dachi",GEO,M,,,,1458,0,40,AUG25,2011,i
13603710,"Ananiashvili, Levan",GEO,M,,,,1593,0,20,AUG25,1964,i
13620142,"Anasashvili, Tinatin",GEO,F,,,,1653,0,20,AUG25,1973,wi
13613685,"Anchabadze, Zurab",GEO,M,,,,1695,0,20,AUG25,1992,
13625950,"Andriadze, Zurab",GEO,M,,,,1675,0,20,AUG25,1988,i
13642758,"Antadze, Andria",GEO,M,,,,1514,0,40,AUG25,2011,
13630660,"Antadze, Elguja",GEO,M,,,,1706,0,20,AUG25,1965,i
13625330,"Antelava, Dimitri",GEO,M,,,,1495,0,40,AUG25,2009,i
13636022,"Antia, Davit",GEO,M,,,,AFM,1695,0,AUG25,1997,i
13619853,"Antia, Mikhail",GEO,M,,,,1523,0,20,AUG25,2006,i
13618610,"Antia, Sopia",GEO,F,,,,1682,0,20,AUG25,2004,wi
13615475,"Apkhadze, Saba",GEO,M,,,,1601,0,20,AUG25,2004,i
13622315,"Apkhazava, Mikheil",GEO,M,,,,1798,0,40,AUG25,2007,i
13629590,"Arabidze, Demetre",GEO,M,,,,1462,0,40,AUG25,2009,i
13604040,"Arabidze, Meri",GEO,F,IM,WGM,,2377,0,10,AUG25,1994,w
13611054,"Arabidze, Saba",GEO,M,,,,1972,8,20,AUG25,2000,
13628704,"Arabuli, Giorgi",GEO,M,,,,1609,0,20,AUG25,1989,i
13630911,"Archvadze, Michael",GEO,M,,,,1536,0,40,AUG25,2009,i
13648608,"Ardzenadze, Ilia",GEO,M,,,,1498,0,40,AUG25,2011,
13619306,"Arevadze, Gvantsa",GEO,F,,,,1664,0,20,AUG25,2001,w
13650947,"Arevadze, Ilia",GEO,M,,,,1598,0,40,AUG25,2012,
13614835,"Arevadze, Lasha",GEO,M,,,,1878,7,20,AUG25,1999,
13639269,"Arigovi, Gabriel",GEO,M,,,,1434,0,40,AUG25,2012,
13610511,"Arjevanidze, Tornike",GEO,M,,,,1809,0,20,AUG25,1998,i
13649965,"Aroshidze, Marine",GEO,F,,,,1676,0,20,AUG25,1958,w
13624733,"Arsenidze, Giorgi",GEO,M,,,,1673,0,40,AUG25,2010,
13633473,"Arsenidze, Tekla",GEO,M,,,,1446,0,40,AUG25,2012,
13635360,"Artmeladze, Ineza",GEO,F,,,,1614,0,40,AUG25,2008,wi
13601741,"Arutinian, David",GEO,M,GM,,,2525,0,10,AUG25,1984,i
13629603,"Arutinov, Andria",GEO,M,,,,1517,0,40,AUG25,2011,i
13614525,"Arveladze, Lasha",GEO,M,,,,1570,0,20,AUG25,2006,i
13646397,"Arziani, Giorgi",GEO,M,,,,1701,0,40,AUG25,2010,
13607758,"Arzumanov, Alexandre",GEO,M,,,,1929,0,20,AUG25,1958,i
13641980,"Asatiani, Luka",GEO,M,,,,1602,0,20,AUG25,2000,i
13636715,"Asatiani, Natali",GEO,F,,,,1466,0,40,AUG25,2014,w
13637231,"Asatiani, Nodar",GEO,M,,,,1644,0,20,AUG25,1984,i
13626493,"Asatiani, Tamar",GEO,F,,,,1470,0,40,AUG25,2008,wi
13626124,"Ashik, Luka",GEO,M,,,,1446,0,40,AUG25,2010,i
13625187,"Ashotia, Barbare",GEO,F,,,,1738,0,40,AUG25,2011,w
13637037,"Askerov, Nugzari",GEO,M,,,,1478,0,40,AUG25,2011,i
13643118,"Aslanikashvili, Nikoloz",GEO,M,,,,1526,0,40,AUG25,2011,i
13645978,"Avazashvili, Nikoloz",GEO,M,,,,1505,0,40,AUG25,2008,i
13622510,"Avetisov, Kamo",GEO,M,,,,1854,0,20,AUG25,1969,i
13624725,"Avlokhashvili, Vladimer",GEO,M,,,,1675,0,20,AUG25,1982,i
13603027,"Azaladze, Shota",GEO,M,IM,,,2347,0,10,AUG25,1989,i
13618644,"Azariashvili, Beka",GEO,M,,,,1624,0,20,AUG25,1988,i
13641042,"Azikuri, Shota",GEO,M,,,,1435,0,20,AUG25,1993,i
13601326,"Azmaiparashvili, Zurab",GEO,M,GM,,,2595,0,10,AUG25,1960,
13611399,"Babukhadia, Levan",GEO,M,,,,1942,0,20,AUG25,2001,i
13622471,"Babunadze, Giorgi",GEO,M,,,,1752,0,20,AUG25,2000,i
13616331,"Bachaliashvili, Luka",GEO,M,,,,1663,0,20,AUG25,2002,i
13626353,"Bachaliashvili, Saba",GEO,M,,,,1425,0,40,AUG25,2009,i
13600133,"Bagaturov, Giorgi",GEO,M,GM,,,2364,0,10,AUG25,1964,
13611330,"Baghdavadze, Mariam",GEO,F,,,,1725,0,20,AUG25,1999,wi
13621726,"Baghdoshvili, Dato",GEO,M,,,,1601,0,40,AUG25,2008,i
13646907,"Bagoshvili, Alexandre",GEO,M,,,,1428,0,40,AUG25,2014,
13611577,"Baiashvili, Giorgi",GEO,M,,,,1678,0,20,AUG25,1986,i
13613863,"Bairamov, Eivaz",GEO,M,,,,1532,0,20,AUG25,1998,i
13628755,"Bairamov, Faik",GEO,M,,,,1486,0,20,AUG25,2004,i
13600915,"Bakhtadze, Giorgi",GEO,M,IM,,,2397,0,10,AUG25,1980,i
13630334,"Bakhtadze, Giorgi",GEO,M,,,,1639,0,20,AUG25,2004,i
13601881,"Bakhtadze, Khvicha",GEO,M,,,,2259,0,20,AUG25,1975,i
13602420,"Bakhtadze, Levan",GEO,M,,,,1977,0,20,AUG25,1986,i
13626256,"Bakhtadze, Mate",GEO,M,,,,1493,0,40,AUG25,2010,i
13634445,"Bakhtadze, Nia",GEO,F,,,,1521,0,40,AUG25,2013,wi
13628712,"Bakuridze, Murad",GEO,M,,,,1625,0,20,AUG25,1991,i
13639285,"Balavadze, Gabriel",GEO,M,,,,1461,0,40,AUG25,2012,
13613057,"Bandzava, Mamuka",GEO,M,,,,1688,0,20,AUG25,1972,
13628240,"Bandzeladze, Beka",GEO,M,,,,1742,0,20,AUG25,1989,i
13628950,"Bandzeladze, Rati",GEO,M,,,,1588,0,20,AUG25,1991,i
13621017,"Barabadze, Davit",GEO,M,,,,1773,0,20,AUG25,1991,i
13637193,"Baramidze, Nikoloz",GEO,M,,,,1648,0,40,AUG25,2011,i
13643630,"Baramidze, Zurab",GEO,M,,,,1515,0,40,AUG25,2010,
13651234,"Bardavelidze, Dimitri",GEO,M,,,,1693,0,20,AUG25,1998,
13616234,"Barjadze, Givi",GEO,M,,,,1501,0,20,AUG25,1948,i
13628321,"Bartaia, Marika",GEO,F,,,,1403,0,40,AUG25,2011,wi
13621106,"Basiladze, Vakhtang",GEO,M,,,,1748,0,20,AUG25,1984,i
13602993,"Batsiashvili, Nino",GEO,F,GM,WGM,,2247,0,10,AUG25,1987,w
13642197,"Bebia, Davit",GEO,M,,,,1460,0,40,AUG25,2010,
13651250,"Bebia, Luka",GEO,M,,,,1452,0,40,AUG25,2010,
13632175,"Bechvaia, Anastasia",GEO,F,,,,1440,0,40,AUG25,2012,w
13615777,"Bechvaia, Ekaterine",GEO,F,,,,1571,0,20,AUG25,2003,w
13609050,"Bechvaia, Gabriel",GEO,M,,,,1915,0,20,AUG25,1996,
13610937,"Bechvaia, Giorgi",GEO,M,,,,1944,0,20,AUG25,1998,i
13613278,"Bechvaia, Giorgi",GEO,M,,,,1470,0,20,AUG25,2001,
13620762,"Bechvaia, Grigol",GEO,M,,,,1930,0,40,AUG25,2008,
13620185,"Bechvaia, Ketevan",GEO,F,,,,1464,0,20,AUG25,2006,wi
13627384,"Bechvaia, Kristine",GEO,F,,,,1422,0,40,AUG25,2010,w
13613294,"Bechvaia, Maia",GEO,F,,,,1780,0,20,AUG25,2002,wi
13620240,"Bechvaia, Nugzar",GEO,M,,,,1481,0,20,AUG25,1958,
13619756,"Bechvaia, Tekle",GEO,F,,,,1510,0,20,AUG25,2005,w
13637347,"Bechvaia, Tengiz",GEO,M,,,,1542,0,40,AUG25,2013,i
13650050,"Bedoshvili, Andria",GEO,M,,,,1408,0,40,AUG25,2012,
13616927,"Bedoshvili, Dea",GEO,F,,,,1767,0,20,AUG25,2004,wi
13641999,"Bedoshvili, Nikoloz",GEO,M,,,,1419,0,20,AUG25,2006,i
13650068,"Bedoshvili, Toma",GEO,M,,,,1468,0,40,AUG25,2014,
13623893,"Begiashvili, Levan",GEO,M,,,,1544,0,40,AUG25,2010,i
13635328,"Beglarashvili, Gabriel",GEO,M,,,,1446,0,40,AUG25,2012,i
13612484,"Beitrishvili, Salome",GEO,F,,,,1611,0,20,AUG25,2005,wi
13648993,"Bekauri, Daviti",GEO,M,,,,1472,0,40,AUG25,2016,
13621491,"Bekauri, Giorgi",GEO,M,,,,1869,0,40,AUG25,2009,
13610368,"Belkania, Giorgi",GEO,M,,,,1799,0,20,AUG25,1975,i
13634453,"Beltadze, Ana",GEO,M,,,,1463,0,40,AUG25,2013,i
13634461,"Beltadze, Mariam",GEO,F,,,,1584,0,40,AUG25,2013,wi
13619080,"Bendeliani, Davit",GEO,M,,,,1670,0,20,AUG25,2000,i
13617486,"Bendeliani, Giorgi",GEO,M,,,,1711,0,20,AUG25,2000,i
13619098,"Bendeliani, Tariel",GEO,M,,,,1794,0,20,AUG25,2000,i
13613766,"Benglyan, Alexandre",GEO,M,,,,1644,0,20,AUG25,2002,i
13647962,"Benidze, Alexandre",GEO,M,,,,1623,0,40,AUG25,2008,
13603086,"Benidze, Davit",GEO,M,GM,,,2397,9,10,AUG25,1991,
13604619,"Benidze, Gigla",GEO,M,,,,2009,0,20,AUG25,1996,i
13604597,"Beradze, Irakli",GEO,M,IM,,,2394,0,20,AUG25,1996,i
13603841,"Beraia, Levan",GEO,M,,,,1824,0,20,AUG25,1991,i
13621114,"Beraia, Tiko",GEO,F,,,,1434,0,40,AUG25,2009,wi
13600192,"Berdzenadze, Nikoloz",GEO,M,,,,1824,0,20,AUG25,1997,i
13635450,"Berdzenishvili, Lazare",GEO,M,,,,1607,0,40,AUG25,2010,i
13641727,"Berdzenishvili, Vasil",GEO,M,,,,1497,0,20,AUG25,1982,i
13633554,"Beriashvili, Bakur",GEO,M,,,,1663,0,20,AUG25,1965,i
13632752,"Beridze, Khatia",GEO,F,,,,1414,0,20,AUG25,1997,wi
13633066,"Beridze, Mate",GEO,M,,,,1514,0,40,AUG25,2009,i
13617664,"Beridze, Nikoloz",GEO,M,,,,1672,0,20,AUG25,2000,i
13645986,"Beridze, Saba",GEO,M,,,,1458,0,40,AUG25,2008,
13603400,"Beridze, Tinatin",GEO,F,WCM,WCM,,1792,7,20,AUG25,1991,w
13638114,"Berishvili, Alexandre",GEO,M,,,,1640,8,40,AUG25,2016,
13636480,"Berishvili, Davit",GEO,M,,,,1604,4,40,AUG25,2012,
13641247,"Beruashvili, Luka",GEO,M,,,,1504,0,20,AUG25,2005,i
13647121,"Beruashvili, Nikoloz",GEO,M,,,,1452,0,40,AUG25,2015,
13629425,"Bezhashvili, Davit",GEO,M,,,,1540,0,20,AUG25,2006,i
13607880,"Bibichadze, Saba",GEO,M,,,,1791,0,20,AUG25,1998,i
13600290,"Bibilashvili, Alexandre",GEO,M,,,,1567,0,20,AUG25,1998,i
13601873,"Bibilashvili, Giorgi",GEO,M,,,,2030,0,20,AUG25,1946,i
13604236,"Bibilashvili, Lali",GEO,F,WCM,WCM,,1856,0,20,AUG25,1985,w
13615068,"Bibilashvili, Liana",GEO,F,,,,1784,0,20,AUG25,1955,wi
13610317,"Bibilashvili, Zurab",GEO,M,,,,1942,0,20,AUG25,1979,i
13624687,"Bigvava, Giorgi",GEO,M,,,,1541,0,20,AUG25,1980,i
13617338,"Biliseishvili, Ilia",GEO,M,,,,1701,0,20,AUG25,2003,i
13640380,"Birkadze, Giorgi",GEO,M,,,,1587,0,20,AUG25,1998,i
13634356,"Bitsadze, Luka",GEO,M,,,,1484,0,40,AUG25,2010,i
13615181,"Bluashvili, Tazi",GEO,M,,,,1607,0,20,AUG25,1999,i
13610449,"Bobokhidze, Shota",GEO,M,,,,1744,0,20,AUG25,1996,i
13624741,"Bochorishvili, Guri",GEO,M,,,,1474,0,40,AUG25,2007,i
13603663,"Bokuchava, Madona",GEO,F,WFM,WFM,,1999,0,20,AUG25,1990,wi
13635468,"Bolashvili, Nikoloz",GEO,M,,,,1978,0,20,AUG25,2006,
13625861,"Bolkvadze, Badri",GEO,M,,,,1775,0,20,AUG25,1967,
13624679,"Bolkvadze, Mikheil",GEO,M,,,,1504,0,20,AUG25,1988,i
13620568,"Bolkvadze, Saba",GEO,M,,,,1480,0,40,AUG25,2009,i
13611402,"Bolkvadze, Tedo",GEO,M,,,,1971,0,20,AUG25,2001,
13613103,"Bondarenko, Genadi",GEO,M,,,,1816,0,20,AUG25,1954,i
13604732,"Bosikashvili, Giorgi",GEO,M,,,,1908,0,20,AUG25,1997,i
13603264,"Bregadze, Levan",GEO,M,IM,,,2444,0,10,AUG25,1992,
13624113,"Bregadze, Nika",GEO,M,,,,1612,0,20,AUG25,2002,
13639307,"Bregvadze, Mariam",GEO,F,,,,1475,0,40,AUG25,2012,w
13628542,"Bregvadze, NIkoloz",GEO,M,,,,1529,0,40,AUG25,2011,i
13636928,"Bregvadze, Tornike",GEO,M,,,,1414,0,40,AUG25,2010,i
13616242,"Brekashvili, Shota",GEO,M,,,,1588,0,20,AUG25,2005,i
13638882,"Buachidze, Alexandre",GEO,M,,,,1541,0,20,AUG25,2005,i
13631624,"Buachidze, Nikolai",GEO,M,,,,2265,0,20,AUG25,1988,i
13608371,"Buchukuri, Mariam",GEO,F,,,,1663,0,20,AUG25,1999,wi
13634780,"Bukhaidze, Giorgi",GEO,M,,,,1410,0,40,AUG25,2013,
13606786,"Bukia, Koka",GEO,M,,,,1771,0,20,AUG25,2001,i
13618849,"Bukia, Nika",GEO,M,,,,1686,0,20,AUG25,2006,i
13622854,"Bunturi, Davit",GEO,M,,,,1711,0,20,AUG25,1975,i
13600435,"Burduli, Guga",GEO,M,,,,2013,0,20,AUG25,1996,i
13638890,"Burduli, Nika",GEO,M,,,,1516,0,20,AUG25,2001,i
13620533,"Burjanadze, Zurab",GEO,M,,,,1614,0,20,AUG25,2005,i
13621513,"Burkadze, Giorgi",GEO,M,,,,1615,0,20,AUG25,2006,i
13628984,"Butskhrikidze, Giorgi",GEO,M,,,,1498,0,40,AUG25,2009,
13634470,"Buzaladze, Lia",GEO,F,,,,1412,0,40,AUG25,2011,wi
13631462,"Chabashvili, Saba",GEO,M,,,,1567,0,40,AUG25,2011,i
13612166,"Chachiachvili, Mariam",GEO,F,,,,1853,0,20,AUG25,2000,wi
13610082,"Chachua, Gocha",GEO,M,,FA,,1888,0,20,AUG25,1976,i
13633279,"Chaganava, Nikoloz",GEO,M,,,,1431,0,40,AUG25,2010,i
13616862,"Chakhalyan, Davit",GEO,M,,,,1816,0,20,AUG25,2003,i
13616870,"Chakhalyan, Vladimir",GEO,M,,,,1840,0,20,AUG25,2002,i
13641875,"Chakhava, Ioseb",GEO,M,,,,1407,0,40,AUG25,2008,i
13641107,"Chakhnashvili, Daniel",GEO,M,,,,1441,0,40,AUG25,2010,i
13601547,"Chakvetadze, Dea",GEO,F,,,,1853,0,20,AUG25,1994,wi
13606808,"Chakvetadze, Tornike",GEO,M,,,,1585,0,20,AUG25,2000,i
13624920,"Chaladze, Giorgi",GEO,M,,,,1937,0,40,AUG25,2010,
13631306,"Chankseliani, Davit",GEO,M,,,,1800,0,40,AUG25,2011,
13619330,"Chanturia, Amiran",GEO,M,,,,1641,0,20,AUG25,1955,i
13606530,"Chanturia, Ani",GEO,F,,,,1841,0,20,AUG25,1999,wi
13617931,"Chanturia, Giorgi",GEO,M,,,,1730,0,20,AUG25,1986,i
13621149,"Chanturia, Giorgi Gio",GEO,M,,,,1750,8,40,AUG25,2009,
13620460,"Chanturia, Giorgi Mal",GEO,M,,,,1950,0,40,AUG25,2009,
13612220,"Chanturia, Lasha",GEO,M,,,,1893,20,20,AUG25,1991,
13618857,"Chanturia, Lika",GEO,F,,,,1613,0,20,AUG25,2005,wi
13634488,"Chanturia, Mariam",GEO,F,,,,1500,0,40,AUG25,2012,wi
13619390,"Chanturia, Shota",GEO,M,,,,1868,0,20,AUG25,1991,i
13603175,"Chanturia, Tamar",GEO,F,,,,1683,0,20,AUG25,1960,wi
13607359,"Chanturidze, Giorgi",GEO,M,,,,1585,0,20,AUG25,1954,i
13610384,"Chapichadze, Meri",GEO,F,,,,1624,0,20,AUG25,1978,wi
13626361,"Charakashvili, Giorgi",GEO,M,,,,1596,0,40,AUG25,2008,
13601431,"Charkhalashvili, Inga",GEO,F,WGM,WGM,,2248,0,20,AUG25,1983,w
13647113,"Chauko, Ruryk",GEO,M,,,,1598,0,40,AUG25,2008,
13619110,"Chechelashvili, Giorgi",GEO,M,,,,1410,0,40,AUG25,2007,i
13605828,"Chechelashvili, Guram",GEO,M,,,,1478,0,20,AUG25,1998,i
13620886,"Chechelashvili, Mariam",GEO,F,,,,1491,0,40,AUG25,2009,wi
13619705,"Chelidze, Giorgi",GEO,M,,,,1563,0,20,AUG25,2005,i
13606816,"Chelidze, Guram",GEO,M,,,,1839,0,20,AUG25,2000,i
13639706,"Cherkezia, Saba",GEO,M,,,,1447,0,40,AUG25,2013,i
13626370,"Chibirashvili, Giorgi",GEO,M,,,,1536,0,40,AUG25,2009,i
13626507,"Chibirashvili, Mariam",GEO,F,,,,1434,0,40,AUG25,2010,wi
13600036,"Chiburdanidze, Maia",GEO,F,GM,WGM,,2437,0,10,AUG25,1961,wi
13634810,"Chichinadze, Anastasia",GEO,F,,,,1662,0,40,AUG25,2012,w
13646613,"Chichinadze, Guram",GEO,M,,,,1556,0,20,AUG25,1988,i
13602039,"Chighladze, Iveri",GEO,M,IM,,,2148,0,20,AUG25,1984,i
13628666,"Chighvaria, Ana",GEO,F,,,,1606,7,40,AUG25,2009,w
13634143,"Chighvinadze, Luca",GEO,M,,,,1563,0,40,AUG25,2012,
13634151,"Chighvinadze, Robert",GEO,M,,,,1524,0,40,AUG25,2014,
13605186,"Chikhradze, Khvicha",GEO,M,,,,1738,0,20,AUG25,1992,i
13610104,"Chikhradze, Nodar",GEO,M,,,,1406,0,20,AUG25,1962,i
13613774,"Chikovani, Giorgi",GEO,M,,,,1487,0,20,AUG25,0,
13622463,"Chikovani, Luka",GEO,M,,,,1629,0,20,AUG25,2004,i
13601571,"Chikovani, Vakhtang",GEO,M,CM,,,2128,0,20,AUG25,1980,i
13629433,"Chikvaidze, Davit",GEO,M,,,,1557,0,20,AUG25,1993,i
13625020,"Chikvaidze, Luka",GEO,M,,,,1471,0,40,AUG25,2007,i
13625039,"Chikvaidze, Saba",GEO,M,,,,1517,0,20,AUG25,2005,i
13629905,"Chikviladze, Mate",GEO,M,,,,1525,0,40,AUG25,2010,i
13646460,"Chikviladze, Rezi",GEO,M,,,,1613,0,20,AUG25,1998,
13623907,"Chilachava, Andro",GEO,M,,,,1544,0,40,AUG25,2008,i
13634496,"Chiokadze, Barbare",GEO,F,,,,1523,5,40,AUG25,2013,w
13602977,"Chitadze, Roman",GEO,M,,,,2212,0,20,AUG25,1988,i
13644483,"Chitaladze, Davit",GEO,M,,,,1409,0,40,AUG25,2013,i
13624377,"Chitanava, Nia",GEO,F,,,,1521,0,40,AUG25,2011,w
13632108,"Chitanava, Saba",GEO,M,,,,1526,0,40,AUG25,2012,i
13628879,"Chitinashvili, Ivane",GEO,M,,,,1408,0,20,AUG25,2000,i
13636014,"Chivadze, Andria",GEO,M,,,,1557,0,40,AUG25,2013,
13610686,"Chkhaidze, Ani",GEO,F,,,,1755,0,20,AUG25,1998,wi
13623940,"Chkhaidze, Giorgi",GEO,M,,,,1880,0,20,AUG25,1983,i
13628887,"Chkhaidze, Guga",GEO,M,,,,1410,0,20,AUG25,1999,i
13605577,"Chkhaidze, Ivane",GEO,M,,,,1678,0,20,AUG25,1949,i
13617087,"Chkhaidze, Mariam",GEO,F,,,,1591,0,40,AUG25,2007,wi
13601750,"Chkhaidze, Nikoloz",GEO,M,FM,,,2104,9,20,AUG25,1982,
13640844,"Chkhaidze, Sandro",GEO,M,,,,1518,0,40,AUG25,2008,
13637290,"Chkhartishvili, Lazare",GEO,M,,,,1569,0,40,AUG25,2015,
13635166,"Chkhartishvili, Lika",GEO,F,,,,1697,7,40,AUG25,2011,w
13649027,"Chkhartishvili, Tiniko",GEO,F,,,,1513,0,40,AUG25,2008,w
13613014,"Chkhetia, Ilia",GEO,M,,,,1558,0,20,AUG25,2002,i
13603736,"Chkhikvishvili, Mindia",GEO,M,,,,1956,0,20,AUG25,1988,i
13627830,"Chkuaseli, Nika",GEO,M,,,,1599,0,20,AUG25,2006,i
13605194,"Chkuaseli, Revaz",GEO,M,,,,1840,0,20,AUG25,1994,i
13610074,"Chkuaseli, Zaza",GEO,M,,,,2008,0,20,AUG25,1968,i
13610015,"Chobanyan, Sergei",GEO,M,,,,1952,0,20,AUG25,1942,i
13618423,"Chokheli, Giorgi",GEO,M,,,,1440,0,40,AUG25,2009,i
13601059,"Chokhonelidze, Giorgi",GEO,M,IM,,,2260,0,20,AUG25,1978,i
13612182,"Chokuri, Koba",GEO,M,,,,1705,0,20,AUG25,2001,i
13600931,"Choladze, Mariami",GEO,F,WFM,WFM,,1981,0,20,AUG25,1997,wi
13608410,"Choladze, Tea",GEO,F,,,,1826,0,20,AUG25,1999,wi
13606387,"Choladze, Teimuraz",GEO,M,,,,1956,0,20,AUG25,1993,i
13632809,"Chqonia, Mikheil",GEO,M,,,,1504,0,20,AUG25,1983,i
13621521,"Chubinidze, Ana",GEO,F,,,,1453,0,20,AUG25,2006,wi
13629018,"Chubinidze, Guram",GEO,M,,,,1402,0,40,AUG25,2010,
13620649,"Chubinidze, Levan",GEO,M,,,,1594,0,40,AUG25,2009,i
13610520,"Dabrundashvili, Luka",GEO,M,,,,1417,0,20,AUG25,2001,i
13620975,"Dadashyan, Alexandre",GEO,M,,,,1747,0,20,AUG25,1953,i
13613731,"Dalbashvili, Levani",GEO,M,,,,1714,0,20,AUG25,2005,i
13603671,"Danelia, Mariam",GEO,F,WIM,WIM,,2262,0,20,AUG25,1994,wi
13615386,"Danelia, Nia",GEO,F,,,,1496,0,20,AUG25,2006,wi
13600478,"Dangadze, Giorgi",GEO,M,,,,1884,0,20,AUG25,1996,i
13604767,"Daraselia, Giorgi",GEO,M,,,,AIM,1779,0,AUG25,1993,i
13617656,"Darsadze, Nikoloz",GEO,M,,,,1909,0,20,AUG25,2006,
13620606,"Darsalia, Nika",GEO,M,,,,1548,0,40,AUG25,2007,i
13621440,"Datiashvili, Davit",GEO,M,,,,1750,0,20,AUG25,1990,i
13602390,"Datuashvili, Nona",GEO,F,WIM,WIM,,1895,7,20,AUG25,1986,w
13614762,"Davituliani, Zurab",GEO,M,,,,1488,0,20,AUG25,2002,i
13626140,"Davlasheridze, Giorgi",GEO,M,,,,1480,0,40,AUG25,2010,
13637495,"Dekanozishvili, Lizi",GEO,F,,,,1402,0,20,AUG25,2005,wi
13644092,"Demetrashvili, Luka",GEO,M,,,,1617,0,20,AUG25,2002,i
13615599,"Demurkhanashvili, Giorgi",GEO,M,,,,1737,0,20,AUG25,2003,i
13609220,"Dgebuadze, Jimsher",GEO,M,,,,1686,0,20,AUG25,1993,i
13623818,"Diasamidze, Lulu",GEO,F,,,,1840,0,40,AUG25,2009,w
13636804,"Diasamidze, Rati",GEO,M,,,,1727,0,40,AUG25,2013,
13632760,"Diasamidze, Ruslan",GEO,M,,,,1775,0,20,AUG25,1977,i
44131364,"Didbaridze, Meri",GEO,F,,,,1531,0,20,AUG25,2006,wi
13629034,"Didberidze, Tsotne",GEO,M,,,,1620,0,40,AUG25,2010,
13626159,"Didmanidze, Davit",GEO,M,,,,1564,0,40,AUG25,2007,i
13611410,"Didmanidze, Tengiz",GEO,M,,,,1957,8,20,AUG25,2000,
13611534,"Dodelia, Temur",GEO,M,,,,1570,0,20,AUG25,1981,i
13625268,"Dograshvili, Ilia",GEO,M,,,,1563,0,40,AUG25,2009,i
13636677,"Dograshvili, Marta",GEO,F,,,,1485,0,40,AUG25,2014,w
13627139,"Dokadze, Ilia",GEO,M,,,,1611,0,40,AUG25,2007,i
13617117,"Dolakidze, Mariam",GEO,F,,,,1881,0,20,AUG25,2006,w
13618768,"Dolbaia, Nika",GEO,M,,,,1500,0,20,AUG25,2003,i
13623010,"Dolbaia, Sandro",GEO,M,,,,1461,0,40,AUG25,2007,i
13606255,"Dolenjashvili, Giorgi",GEO,M,,,,1844,0,20,AUG25,1998,i
13608509,"Dolidze, Mariam",GEO,F,,NA,,1632,0,20,AUG25,2000,wi
13630687,"Dolidze, Shota",GEO,M,,,,1689,0,40,AUG25,2012,
13617524,"Donashvili, Ianuari",GEO,M,,,,1768,0,20,AUG25,1954,i
13614649,"Donghvani, Nia",GEO,F,,,,1877,0,20,AUG25,2004,w
13646672,"Dumbadze, Luka",GEO,M,,,,1458,0,40,AUG25,2012,i
13628771,"Dvali, Nikoloz",GEO,M,,,,1489,0,20,AUG25,2003,i
13615491,"Dvalishvili, Akaki",GEO,M,,,,1797,0,20,AUG25,2005,i
13625802,"Dvalishvili, Davit",GEO,M,,,,1521,0,20,AUG25,1989,i
13627880,"Dvalishvili, Elene",GEO,F,,,,1413,0,40,AUG25,2010,wi
13613120,"Dvalishvili, Gocha",GEO,M,,,,1629,0,20,AUG25,1966,
13627872,"Dvalishvili, Sandro",GEO,M,,,,1416,0,40,AUG25,2009,i
13601288,"Dvalishvili, Vazha",GEO,M,,,,1874,0,20,AUG25,1994,i
13640461,"Dzaganashvili, Sandro",GEO,M,,,,1414,0,40,AUG25,2009,i
13601903,"Dzagnidze, Nana",GEO,F,GM,WGM,,2378,0,10,AUG25,1987,w
13648632,"Dzaptashvili, Demetre",GEO,M,,,,1619,0,40,AUG25,2014,
13636049,"Dzimistarishvili, Ucha",GEO,M,,,,1620,0,20,AUG25,1988,i
13635905,"Dzirkvadze, Demetre",GEO,M,,,,1441,0,40,AUG25,2013,i
13628356,"Dzneladze, Marta",GEO,F,,,,1497,0,40,AUG25,2010,wi
13627082,"Dzodzuashvili, Irakli",GEO,M,,,,1716,0,20,AUG25,1986,i
13604660,"Ebralidze, Alexandre",GEO,M,,,,2048,0,20,AUG25,1996,i
13636685,"Ediberidze, Alexandra",GEO,F,,,,1474,0,40,AUG25,2014,w
13601067,"Edisherashvili, Alexandre",GEO,M,FM,,,2081,0,20,AUG25,1979,i
13612859,"Elashvili, Giorgi",GEO,M,,,,1914,0,20,AUG25,2002,i
13612832,"Eliava, Gela",GEO,M,,,,1999,0,20,AUG25,1968,i
13616951,"Elikashvili, Andria",GEO,M,,,,1521,0,40,AUG25,2008,i
13640410,"Elizbarashvili, Guram",GEO,M,,,,1496,0,20,AUG25,2004,i
13618318,"Eminashvili, Otar",GEO,M,,,,1805,0,20,AUG25,2004,
13605208,"Endeladze, Ramaz",GEO,M,,,,2118,20,20,AUG25,1995,
13600753,"Engels, Natia",GEO,F,WFM,WFM,,2143,0,20,AUG25,1978,wi
13617354,"Engibaryan, Yana",GEO,F,,,,1643,0,20,AUG25,2003,wi
13650076,"Eradze, Ilia",GEO,M,,,,1469,0,40,AUG25,2016,
13628062,"Eradze, Malkhaz",GEO,M,,,,1619,0,40,AUG25,2009,
13637185,"Eragia, Bakar",GEO,M,,,,1492,0,20,AUG25,1990,i
13636138,"Erkvanidze, Giorgi",GEO,M,,,,1574,0,20,AUG25,1999,i
13603744,"Ervandyan, Andro",GEO,M,,,,1924,0,20,AUG25,1993,i
13613065,"Esadze, Kristine",GEO,F,,,,1581,0,20,AUG25,2002,wi
13611186,"Esadze, Tamari",GEO,F,,,,1926,0,20,AUG25,2003,wi
13620517,"Esaiashvili, Nino",GEO,F,,,,1468,0,40,AUG25,2008,wi
13602624,"Esebua, Megi",GEO,F,WFM,WFM,,1961,0,20,AUG25,1986,wi
13646621,"Evdokimov, Iurii",GEO,M,,,,1521,0,40,AUG25,2017,
13615572,"Evgenidze, Nodar",GEO,M,,,,1563,0,20,AUG25,0,i
13618083,"Farzaliev, Elnur",GEO,M,,,,1734,0,20,AUG25,2003,
13651439,"Firmaniuk, Vladislav",GEO,M,,,,1614,0,40,AUG25,2009,
13628364,"Gabadadze, Gabriel",GEO,M,,,,1896,0,40,AUG25,2012,
13616080,"Gabedava, Nikoloz",GEO,M,,,,1677,0,20,AUG25,0,i
13641689,"Gabelaia, Vano",GEO,M,,,,1408,0,40,AUG25,2013,
13614991,"Gabriadze, Nikoloz",GEO,M,,,,1695,0,20,AUG25,2006,i
13641433,"Gabrichidze, Gega",GEO,M,,,,1496,0,40,AUG25,2013,
13601172,"Gabrichidze, Roland",GEO,M,FM,,,1968,0,20,AUG25,1974,i
13637371,"Gabuchia, Avtandil",GEO,M,,,,1433,0,20,AUG25,1961,i
13612190,"Gabunia, Davit",GEO,M,,,,1968,0,20,AUG25,2004,
13620592,"Gabunia, Giorgi",GEO,M,,,,1689,0,20,AUG25,2006,i
13620495,"Gabunia, Nino",GEO,F,,,,1491,0,40,AUG25,2008,wi
13619136,"Gabunia, Sergo",GEO,M,,,,1762,0,20,AUG25,2000,i
13604678,"Gabunia, Tornike",GEO,M,,,,1996,0,20,AUG25,1993,i
13627821,"Gachechiladze, Liza",GEO,F,,,,1548,0,40,AUG25,2007,wi
13607928,"Gadabadze, Guram",GEO,M,,,,1518,0,20,AUG25,2000,i
13636375,"Gadabadze, Ilia",GEO,M,,,,1480,0,40,AUG25,2007,i
13642006,"Gagadze, Davit",GEO,M,,,,1576,0,20,AUG25,1990,i
13601652,"Gagunashvili, Merab",GEO,M,GM,FT,,2526,0,10,AUG25,1985,
13620479,"Gamrekelashvili, Zuka",GEO,M,,,,1623,0,40,AUG25,2007,i
13641549,"Gaprindashvili, Andria",GEO,M,,,,1458,0,40,AUG25,2015,
13600125,"Gaprindashvili, Nona",GEO,F,GM,WGM,,2168,0,20,AUG25,1941,wi
13601091,"Gaprindashvili, Valeriane",GEO,M,GM,FT,,2302,0,20,AUG25,1982,i
13620770,"Garuchava, Alexandre",GEO,M,,,,1588,0,40,AUG25,2009,i
13602586,"Gavasheli, Ana",GEO,F,WIM,WIM,,2100,0,20,AUG25,1987,wi
13636162,"Gedeshuri, Temur",GEO,M,,,,1620,0,20,AUG25,2001,i
13639692,"Gegechkori, Giorgi",GEO,M,,,,1598,0,20,AUG25,2005,i
13619691,"Gegia, Davit",GEO,M,,,,1656,0,20,AUG25,2002,i
13638858,"Gelashvili, Ilya",GEO,M,,,,1629,0,20,AUG25,2006,i
13628690,"Gelashvili, Mzia",GEO,F,,,,1603,0,20,AUG25,2000,wi
13632990,"Gelashvili, Sandro Nene",GEO,M,,,,1548,0,20,AUG25,2003,i
13600702,"Gelashvili, Tamaz",GEO,M,GM,,,2627,0,10,AUG25,1978,i
13601598,"Gelazonia, Parmen",GEO,M,FM,NA,,2256,0,20,AUG25,1980,i
13606417,"Getsadze, Mirian",GEO,M,,,,1902,0,20,AUG25,1995,i
13633945,"Getsadze, Nika",GEO,M,,,,1478,0,40,AUG25,2008,
13617320,"Getsadze, Salome",GEO,M,,,,1506,0,20,AUG25,2001,i
13614568,"Ghachava, Akaki",GEO,M,,,,1871,0,20,AUG25,2003,i
13650904,"Ghaghanidze, Giorgi",GEO,M,,,,1422,0,40,AUG25,2011,
13644955,"Ghambashidze,ilia",GEO,M,,,,1518,0,20,AUG25,2001,i
13619870,"Ghibradze, Sandro",GEO,M,,,,1552,0,20,AUG25,2004,i
13610724,"Ghlonti, Davit",GEO,M,,,,1866,0,20,AUG25,2000,i
13613227,"Ghlonti, Giorgi",GEO,M,,,,1797,0,20,AUG25,1990,i
13629824,"Ghlonti, Luka",GEO,M,,,,1470,0,20,AUG25,2005,i
13610538,"Ghlonti, Vakhtang",GEO,M,,,,1812,0,20,AUG25,1999,i
13617605,"Ghogheliani, Salome",GEO,F,,,,1470,0,20,AUG25,2001,wi
13644343,"Ghonghadze, Alexandre",GEO,M,,,,1528,0,40,AUG25,2014,
13647334,"Ghonghadze, Nikoloz",GEO,M,,,,1474,0,40,AUG25,2010,
13632655,"Ghoniadze, Daniel",GEO,M,,,,1588,0,40,AUG25,2012,i
13626264,"Ghurtskaia, Giorgi",GEO,M,,,,1531,0,40,AUG25,2009,i
13633805,"Ghvaberidze, Mate",GEO,M,,,,1606,0,40,AUG25,2009,i
13615394,"Ghvamberia, Gela",GEO,M,,,,1672,0,20,AUG25,1965,
13602128,"Ghvamberia, Nika",GEO,M,,,,2181,0,20,AUG25,1998,
13641387,"Ghviniashvili, Nikoloz",GEO,M,,,,1494,0,40,AUG25,2013,i
13630008,"Ghviniashvili, Nodar",GEO,M,,,,1882,0,40,AUG25,2010,
13648462,"Ghvinjilia, Andria",GEO,M,,,,1461,0,40,AUG25,2015,
13648926,"Ghvinjilia, Saba",GEO,M,,,,1640,0,40,AUG25,2010,
13614029,"Gigauri, Nikoloz",GEO,M,,,,1853,0,20,AUG25,2002,i
13641050,"Gigauri, Saba",GEO,M,,,,1416,0,40,AUG25,2011,i
13600265,"Giorgadze, Avtandil",GEO,M,FM,,,1997,0,20,AUG25,1949,i
13616820,"Giorgadze, Elene",GEO,F,,,,1624,0,20,AUG25,2005,wi
13613197,"Giorgadze, Erekle",GEO,M,,,,1712,0,20,AUG25,1973,i
13621831,"Giorgadze, Giorgi",GEO,M,,,,AGM,2173,0,AUG25,2009,
13644645,"Giorgadze, Giorgi",GEO,M,,,,1528,0,40,AUG25,2014,
13651978,"Giorgadze, Giorgi Al",GEO,M,,,,1817,9,40,AUG25,1988,
13600044,"Giorgadze, Giorgi Gel",GEO,M,GM,,,2518,0,10,AUG25,1964,i
13619667,"Giorgadze, Koba",GEO,M,,,,1535,0,20,AUG25,1968,i
13636839,"Giorgadze, Mariam",GEO,F,,,,1525,0,40,AUG25,2013,w
13612026,"Giunashvili, Giorgi",GEO,M,,,,1577,0,20,AUG25,2004,i
13610546,"Gobejishvili, Nika",GEO,M,,,,1477,0,20,AUG25,2001,i
13630130,"Gobejishvili, Nikoloz",GEO,M,,,,1888,0,40,AUG25,2008,i
13617249,"Goderdzishvili, Giga",GEO,M,CM,,,2030,11,20,AUG25,2003,
13631420,"Gogava, Luka",GEO,M,,,,1728,0,40,AUG25,2013,
13619470,"Gogeishvili, Giorgi",GEO,M,,,,1624,0,20,AUG25,2002,i
13648780,"Gogelia, Barbare",GEO,F,,,,1438,0,40,AUG25,2013,w
13620452,"Gogia, Alexandre",GEO,M,,,,1810,0,40,AUG25,2007,
13648268,"Gogia, Nikoloz",GEO,M,,,,1583,0,40,AUG25,2014,
13646346,"Gogia, Roland",GEO,M,,,,1563,0,40,AUG25,2014,i
13625888,"Gogiashvili, Demetre",GEO,M,,,,1784,0,40,AUG25,2010,
13620584,"Gogiashvili, Giorgi",GEO,M,,,,1762,0,40,AUG25,2009,
13642545,"Gogiashvili, Goga",GEO,M,,,,1541,0,40,AUG25,2009,
13646370,"Gogichaishvili, Saba",GEO,M,,,,1656,0,20,AUG25,2006,i
13600940,"Gogishvili, Dea",GEO,F,,,,1954,0,20,AUG25,1996,wi
13630253,"Gogitidze, Ana",GEO,F,,,,1473,0,40,AUG25,2007,wi
13636499,"Gogitidze, Demetre",GEO,M,,,,1492,0,40,AUG25,2011,i
13611372,"Gogitidze, Sopio",GEO,F,,,,1873,0,20,AUG25,1981,wi
13616749,"Gognadze, Tsira",GEO,F,,,,1545,0,20,AUG25,2001,wi
13613316,"Gogokhia, Elene",GEO,F,,,,1639,0,20,AUG25,2002,wi
13606840,"Gogokhia, Joni",GEO,M,,,,1786,0,20,AUG25,1999,i
13649612,"Gogoladze, Gabriel",GEO,M,,,,1408,0,40,AUG25,2015,
13619152,"Gogolashvili, Giorgi",GEO,M,,,,1873,0,40,AUG25,2009,i
13614860,"Gogolauri, Giorgi",GEO,M,,,,1778,0,20,AUG25,1990,i
13636642,"Gogonadze, Anano",GEO,F,,,,1442,0,40,AUG25,2008,w
13614053,"Gogotishvili, Shota",GEO,M,,,,1731,0,20,AUG25,1990,i
13647717,"Goguadze, Irakli",GEO,M,,,,1458,0,40,AUG25,2015,
13602012,"Goguadze, Mikheil",GEO,M,,,,2138,0,20,AUG25,1986,i
13631608,"Goguadze, Sandro",GEO,M,,,,1443,0,40,AUG25,2012,
13609556,"Goletiani, Aleko",GEO,M,,,,1771,0,20,AUG25,1975,
13632957,"Goletiani, Saba",GEO,M,,,,1563,0,20,AUG25,1997,i
13636057,"Gomarteli, Alexandre",GEO,M,,,,1557,0,20,AUG25,1984,
13619721,"Gongliashvili, Zurab",GEO,M,,,,1956,0,20,AUG25,2005,
13605232,"Gorduladze, Giorgi",GEO,M,,,,1864,0,20,AUG25,1993,i
13617133,"Gorgiladze, Anastasia",GEO,F,,,,1447,0,40,AUG25,2008,wi
13611550,"Gorgodze, Tariel",GEO,M,,,,1710,0,20,AUG25,1987,i
13617141,"Gotiashvili, Marta",GEO,F,,,,1567,0,40,AUG25,2007,w
13617150,"Gotoshia, Mariam",GEO,F,,,,1454,0,40,AUG25,2007,wi
13639803,"Gotsadze, Nikoloz",GEO,M,,,,1417,0,20,AUG25,2002,i
13619730,"Gotsiridze, Davit",GEO,M,,,,1793,0,40,AUG25,2007,i
13618245,"Gotsiridze, Elene",GEO,F,,,,1501,0,20,AUG25,2004,wi
13621203,"Gotsiridze, Gabriel",GEO,M,,,,1494,0,40,AUG25,2009,i
13619160,"Gotsiridze, Nika",GEO,M,,,,1609,0,20,AUG25,2006,i
13624580,"Gotsiridze, Temur",GEO,M,,,,1401,0,20,AUG25,1955,i
13601822,"Grigoriev, Armen",GEO,M,,,,2159,0,20,AUG25,1962,i
13637258,"Gugeshashvili, Ketevan",GEO,F,,,,1489,4,20,AUG25,1984,w
13603639,"Gugulashvili, Tamaz",GEO,M,,,,2110,0,20,AUG25,1991,i
13617702,"Gugushvili, Alexi",GEO,M,,,,1668,0,20,AUG25,2003,i
13630350,"Gulbatashvili, Tamaz",GEO,M,,,,1445,0,40,AUG25,2009,i
355093760,"Guledani, Gega",GEO,M,,,,AFM,1543,0,AUG25,2001,i
13636189,"Gulikashvili, Karlo",GEO,M,,,,1559,0,20,AUG25,1995,i
13638920,"Gulordava, Irakli",GEO,M,,,,1514,0,20,AUG25,1996,i
13605798,"Gulua, Luka",GEO,M,,,,1685,0,20,AUG25,1999,i
13612492,"Gumberidze, Lile",GEO,F,,,,1647,0,20,AUG25,2005,wi
13600958,"Gumberidze, Nino",GEO,F,,,,1824,0,20,AUG25,1998,wi
13620711,"Gunia, Irakli",GEO,M,,,,1816,0,20,AUG25,1985,i
13614770,"Gunia, Marlen",GEO,M,,,,1820,0,20,AUG25,2002,i
13626515,"Gunia, Nino",GEO,F,,,,1740,0,40,AUG25,2009,wi
13629085,"Gureshidze, Besik",GEO,M,,,,1469,0,20,AUG25,1981,i
13629093,"Gureshidze, Merab",GEO,M,,,,1505,0,40,AUG25,2013,
13607960,"Gurgenadze, Giorgi",GEO,M,,,,1513,0,20,AUG25,2001,i
13600222,"Gurieli, Nino",GEO,F,IM,WGM,,2266,0,20,AUG25,1961,wi
13629492,"Gvalia, Saba",GEO,M,,,,1608,0,40,AUG25,2011,
13616412,"Gvaradze, Giorgi",GEO,M,,,,1716,0,20,AUG25,1989,i
13603531,"Gvarjaladze, Nugzar",GEO,M,,,,1827,0,20,AUG25,1946,i
13604520,"Gvarjaladze, Tengiz",GEO,M,,,,1956,0,20,AUG25,1941,i
13624431,"Gvasalia, Gaga",GEO,M,,,,2017,0,40,AUG25,2011,
13638939,"Gvasalia, Giorgi",GEO,M,,,,1593,0,20,AUG25,1979,i
13617168,"Gvatua, Mariam",GEO,F,,,,1671,0,40,AUG25,2008,wi
13622358,"Gvazava, Konstantine",GEO,M,,,,1481,0,40,AUG25,2007,i
13638785,"Gvekhidze, Mirian",GEO,M,,,,1562,0,40,AUG25,2011,i
13614088,"Gvelesiani, Elguja",GEO,M,,,,1891,0,20,AUG25,1956,i
13617257,"Gvelesiani, Nika",GEO,M,,,,1670,0,20,AUG25,1989,i
13606883,"Gvenetadze, Davit",GEO,M,,,,1928,0,20,AUG25,2000,i
13638866,"Gvenetadze, Giorgi",GEO,M,,,,1458,0,20,AUG25,1985,i
13648616,"Gvenetadze, Malkhaz",GEO,M,,,,1476,0,40,AUG25,2009,
13601440,"Gvetadze, Sofio",GEO,F,IM,WGM,,2176,0,10,AUG25,1983,w
13623958,"Iakobidze, Malkhaz",GEO,M,,,,1567,0,20,AUG25,1968,i
13614118,"Iakobishvili, Givi",GEO,M,,,,1827,0,20,AUG25,1956,i
13602160,"Iarajuli, Tornike",GEO,M,,,,1593,0,20,AUG25,1999,i
13624784,"Iashvili, Andria",GEO,M,,,,1445,0,40,AUG25,2009,i
13620657,"Iashvili, Elene",GEO,F,,,,1576,0,40,AUG25,2008,wi
13618032,"Imerlishvili, Tamar",GEO,F,,,,1600,0,20,AUG25,2002,wi
13600974,"Imnadze, Nato",GEO,F,WIM,WIM,,2057,0,20,AUG25,1996,wi
13605259,"Imnadze, Nino",GEO,F,,,,1764,0,20,AUG25,1960,w
13609572,"Inaneishvili, Giorgi",GEO,M,,,,1943,0,20,AUG25,2001,i
13631578,"Inauri, Alexi",GEO,M,,,,1549,0,40,AUG25,2012,i
13628380,"Iobidze, Toma",GEO,F,,,,1472,0,40,AUG25,2011,wi
13647784,"Ioseliani, Giorgi",GEO,M,,,,1404,0,40,AUG25,2015,
13630920,"Iurenko, Konstantine",GEO,M,,,,1407,0,40,AUG25,2009,i
13621548,"Ivaneishvili, Mate",GEO,M,,,,1633,0,40,AUG25,2008,i
13621068,"Jabelia, Luka",GEO,M,,,,1430,0,40,AUG25,2007,i
13637339,"Jakhaia, Andria",GEO,M,,,,1551,0,40,AUG25,2015,
13643363,"Jakhaia, Bachana",GEO,M,,,,1462,0,20,AUG25,1990,i
13624695,"Jakhua, Giorgi",GEO,M,,,,1658,0,40,AUG25,2008,
13604252,"Jalabadze, Natia",GEO,F,,,,2059,0,20,AUG25,1994,wi
13605895,"Jalaghonia, Nino",GEO,F,WFM,WFM,,1893,0,20,AUG25,2000,w
13636545,"Jaliashvili, Ketevan",GEO,F,,,,1522,0,40,AUG25,2014,w
13635018,"Jaliashvili, Mariam",GEO,F,,,,1496,0,40,AUG25,2010,wi
13601334,"Jamagidze, Mikheil",GEO,M,,,,2284,0,20,AUG25,1981,i
13641590,"Jamalashvili, Jarji",GEO,M,,,,1522,0,20,AUG25,2004,i
13624598,"Jamrishvili, Luka",GEO,M,,,,1525,0,20,AUG25,2003,i
13644971,"Janashia, Andria",GEO,M,,,,1539,0,40,AUG25,2011,
13612344,"Janashia, Saba",GEO,M,,,,1699,0,20,AUG25,1999,i
13635069,"Jangisherashvili, Nikoloz",GEO,M,,,,1600,7,40,AUG25,2012,
13603876,"Janiashvili, Irakli",GEO,M,FM,,,2165,0,20,AUG25,1992,i
13612077,"Janiashvili, Mariami",GEO,F,WFM,WFM,,1919,0,20,AUG25,2000,w
13600087,"Janjghava, Lasha",GEO,M,GM,,,2442,0,10,AUG25,1970,i
13600389,"Janjghava, Natia",GEO,F,WIM,WIM,,2077,0,20,AUG25,1972,w
13646478,"Janukashvili, Nikoloz",GEO,M,,,,1554,0,40,AUG25,2011,i
13622277,"Japaridze, Ana",GEO,F,,NA,,1457,0,20,AUG25,2004,wi
13605909,"Japaridze, Elene",GEO,F,,,,1551,0,20,AUG25,1998,wi
13625276,"Japaridze, Vladimer",GEO,M,,,,1530,0,20,AUG25,1987,i
13603647,"Javakhadze, Zurab",GEO,M,IM,,,2374,0,10,AUG25,1993,i
13601458,"Javakhishvili, Lela",GEO,F,IM,WGM,,2303,0,10,AUG25,1984,w
13609955,"Javakhishvili, Mariam",GEO,F,,"SI,NA",,1895,0,20,AUG25,1999,w
13636693,"Jibladze, Nikoloz",GEO,M,,,,1537,0,40,AUG25,2014,i
13607995,"Jibuti, Dimitri",GEO,M,,,,1781,0,20,AUG25,2002,i
13603094,"Jibuti, Nata",GEO,F,WFM,WFM,,1768,0,20,AUG25,2000,wi
13641069,"Jijelava, Davit",GEO,M,,,,1651,0,20,AUG25,1984,i
13616692,"Jikia, Giorgi",GEO,M,,,,1764,0,20,AUG25,2005,i
13625357,"Jikia, Konstantine",GEO,M,,,,1617,0,20,AUG25,2004,i
13638157,"Jikia, Nikola",GEO,M,,,,1423,0,40,AUG25,2013,i
13633430,"Jikidze, Koba",GEO,M,,,,1488,0,40,AUG25,2009,i
13605852,"Jimshitashvili, Giorgi",GEO,M,,,,1771,0,20,AUG25,2000,i
13639129,"Jincharadze, Tornike",GEO,M,,,,1438,0,20,AUG25,1996,i
13601504,"Jirkvalishvili, Otar",GEO,M,,,,2194,0,20,AUG25,1982,i
13616960,"Jishkariani, Erekle",GEO,M,,,,1849,0,20,AUG25,2006,i
13621378,"Jmukhadze, Saba",GEO,M,,,,1762,0,20,AUG25,1996,i
13601520,"Jobava, Baadur",GEO,M,GM,,,2650,0,10,AUG25,1983,
13602047,"Jobava, Beglar",GEO,M,IM,,,2393,0,10,AUG25,1985,i
13641603,"Joglidze, Nika",GEO,M,,,,1402,0,40,AUG25,2007,i
13602543,"Jojua, Davit",GEO,M,GM,,,2520,9,10,AUG25,1989,
13641832,"Jojua, Nikoloz",GEO,M,,,,1655,0,40,AUG25,2011,
13602837,"Kabajyan, Karlo",GEO,M,,,,1774,0,20,AUG25,1947,i
13628399,"Kachakhidze, Nikoloz",GEO,M,,,,1595,0,40,AUG25,2010,i
13605283,"Kacharava, Lasha",GEO,M,,,,1862,0,20,AUG25,1995,i
13648489,"Kacharava, Marta",GEO,F,,,,1405,0,40,AUG25,2016,wi
13611860,"Kacharava, Nikolozi",GEO,M,GM,,,2463,0,10,AUG25,2004,
13600613,"Kacheishvili, Giorgi",GEO,M,GM,,,2582,0,10,AUG25,1977,i
13618334,"Kachkachishvili, Lasha",GEO,M,,,,1954,0,20,AUG25,2003,
13641840,"Kajaia, Tsotne",GEO,M,,,,1459,0,40,AUG25,2012,
13646524,"Kakabadze, Davit",GEO,M,,,,1498,0,40,AUG25,2010,
13617885,"Kakalia, Lizi",GEO,F,,,,1503,0,20,AUG25,2006,wi
13623176,"Kakhetelidze, Anano",GEO,F,,,,1457,0,20,AUG25,2004,wi
13619926,"Kakhiani, Ani",GEO,F,,,,1522,0,20,AUG25,2004,wi
13621939,"Kakhidze, Givi",GEO,M,,,,1617,0,40,AUG25,2008,i
13635719,"Kakhidze, Sandro",GEO,M,,,,1407,0,40,AUG25,2009,
13642146,"Kakhishvili, Andria",GEO,M,,,,1458,0,40,AUG25,2013,i
13638173,"Kakhniashvili, Zurab",GEO,M,,,,1569,0,20,AUG25,1987,i
13623435,"Kakulia, Demetre",GEO,M,,,,1485,0,40,AUG25,2010,i
13606034,"Kakutia, Ada",GEO,F,,,,1809,0,20,AUG25,1997,wi
13636790,"Kalandadze, Alexandre",GEO,M,,,,1437,0,40,AUG25,2014,
13621122,"Kalandadze, Mariam",GEO,F,,,,1832,8,40,AUG25,2010,w
13643940,"Kalandadze, Mikheil",GEO,M,,,,1455,0,20,AUG25,2003,i
13624156,"Kalandadze, Tornike",GEO,M,,,,1786,0,20,AUG25,1992,
13638963,"Kalandarishvili, Dachi",GEO,M,,,,1471,0,40,AUG25,2010,i
13615220,"kalatozishvili, Giorgi",GEO,M,,,,1672,0,20,AUG25,2002,i
13625659,"Kalmakhelidze, Nikoloz",GEO,M,,,,1521,0,40,AUG25,2007,i
13601628,"Kamadadze, Zviad",GEO,M,,,,2007,0,20,AUG25,1981,
13646125,"Kaminski, Artur",GEO,M,,,,1515,0,40,AUG25,2012,
13608010,"Kamkia, Davit",GEO,M,,,,1800,0,20,AUG25,2002,i
13623966,"Kanachadze, Luka",GEO,M,,,,1713,0,20,AUG25,1994,i
13644173,"Kanashvili, Ramaz",GEO,M,,,,1506,6,40,AUG25,2007,
13641379,"Kandelaki, Irakli",GEO,M,,,,1430,0,20,AUG25,2002,i
13635557,"Kandelaki, Natali",GEO,F,,,,1514,0,40,AUG25,2008,wi
13609335,"Kankia, Mariam",GEO,F,,,,1765,0,20,AUG25,1990,wi
13608657,"Kapanadze, Davit",GEO,M,,,,1848,0,20,AUG25,1996,i
13645048,"Kapanadze, Giorgi",GEO,M,,,,1471,0,40,AUG25,2007,i
13608428,"Kapanadze, Tata",GEO,F,,,,1492,0,20,AUG25,2001,wi
13613553,"Karaia, Alika",GEO,M,,,,1738,0,20,AUG25,2004,i
13616099,"Karamov, Anil",GEO,M,,,,1709,0,20,AUG25,2000,i
13613219,"Karelidze, Vakhtang",GEO,M,,,,1823,0,20,AUG25,2000,i
13618016,"Kariauli, Avtandil",GEO,M,,,,1661,0,20,AUG25,1993,i
13626000,"Kartlelishvili, Alexandre",GEO,M,,,,2088,0,20,AUG25,2005,
13626027,"Kartlelishvili, Alexandre",GEO,M,,,,1662,0,20,AUG25,1954,i
13648373,"Kartozia, Lazare",GEO,M,,,,1492,0,40,AUG25,2013,
13640330,"Kartvelishvili, Beka",GEO,M,,,,1411,0,20,AUG25,2005,i
13600354,"Kasoshvili, Tsiala",GEO,F,WIM,WIM,,2072,0,20,AUG25,1963,wi
13648497,"Katsia, Gigi",GEO,M,,,,1494,0,40,AUG25,2013,i
13640348,"Katsitadze, Giorgi",GEO,M,,,,1621,0,20,AUG25,1986,i
13616765,"Kavkasidze, Ilia",GEO,M,,,,1914,0,20,AUG25,2005,
13641140,"Kavkasidze, Paata",GEO,M,,,,1552,0,20,AUG25,1992,i
13641719,"Keburia, Ilia",GEO,M,,,,1452,0,40,AUG25,2014,
13626191,"Kedelidze, Aneta",GEO,F,,,,1568,0,40,AUG25,2012,w
13637240,"Kekelidze, Koba",GEO,M,,,,1453,0,20,AUG25,1976,
13600818,"Kekelidze, Mikheil",GEO,M,GM,,,2288,0,10,AUG25,1974,
13604635,"Kekelidze, Nino",GEO,F,,,,1862,0,20,AUG25,1990,wi
13620002,"kelenjeridze, Giorgi",GEO,M,,,,1732,6,20,AUG25,1989,
13605801,"Keleptrishvili, Irakli",GEO,M,,,,2134,0,20,AUG25,1997,i
13634232,"Kemashvili, Luka",GEO,M,,,,1861,0,40,AUG25,2008,
13641077,"Kemularia, Irakli",GEO,M,,,,1486,0,20,AUG25,2004,i
13603930,"Kemularia, Mariam",GEO,F,,,,1833,0,20,AUG25,1992,wi
13626426,"Kemularia, Nika",GEO,M,,,,1532,0,40,AUG25,2009,i
13605305,"Kerashvili, Giorgi",GEO,M,,,,1954,0,20,AUG25,1992,i
13642219,"Kerauli, Davit",GEO,M,,,,1446,0,40,AUG25,2008,i
13612468,"Kevlishvili, Nika",GEO,M,,,,1806,0,20,AUG25,2004,i
13638645,"Kezevadze, Ivlita",GEO,F,,,,1419,0,40,AUG25,2016,wi
13643657,"Kezevadze, Velik",GEO,M,,,,1448,0,20,AUG25,1978,i
13608843,"Khaburzania, Shalva",GEO,M,,,,1910,0,20,AUG25,1943,i
13617648,"Khachapuridze, Akaki",GEO,M,,,,1597,0,20,AUG25,2000,i
13633988,"Khachapuridze, Demetre",GEO,M,,,,1524,0,40,AUG25,2012,i
13628895,"Khachapuridze, Lasha",GEO,M,,,,1486,0,20,AUG25,1996,i
13642235,"Khachapuridze, Luka",GEO,M,,,,1477,0,20,AUG25,2006,i
13638181,"Khachvani, Barbara",GEO,F,,,,1415,0,40,AUG25,2013,wi
13605313,"Khakhutashvili, Alexandre",GEO,M,,,,1875,0,20,AUG25,1993,i
13606328,"Khantadze, Maqvala",GEO,F,,,,1615,0,20,AUG25,1957,wi
13612840,"Khantadze, Teimuraz",GEO,M,,,,2137,0,20,AUG25,1958,i
13606956,"Khapava, Nikoloz",GEO,M,,,,1800,0,20,AUG25,2001,i
13623460,"Kharshiladze, Davit",GEO,M,,,,1627,0,40,AUG25,2009,i
13616773,"Khatashvili, Giorgi",GEO,M,,,,1803,0,20,AUG25,2005,i
13618350,"Khavtasi, Guram",GEO,M,,,,1648,0,20,AUG25,2005,i
13602667,"Khazhalia, Simon",GEO,M,,,,1852,0,20,AUG25,1990,i
13603574,"Khazhomia, Anuki",GEO,F,,,,1803,0,20,AUG25,1991,wi
13603230,"Khazhomia, Salome",GEO,F,WFM,WFM,,1984,0,20,AUG25,1991,wi
13614169,"Kheladze, Emzar",GEO,M,,,,1722,0,20,AUG25,1961,i
13605321,"Kheladze, Ilia",GEO,M,,,,1877,0,20,AUG25,1997,i
13642014,"Khelaia, Dimitri",GEO,M,,,,1482,0,20,AUG25,1999,i
13604600,"Khelaia, Giorgi",GEO,M,,,,2069,0,20,AUG25,1986,i
13641611,"Khijakadze, Toma",GEO,M,,,,1476,0,20,AUG25,1993,i
13621092,"Khipashvili, Zurab",GEO,M,,,,1752,0,20,AUG25,1989,i
13634887,"Khizaneishvili, Tamaz",GEO,M,,,,1428,0,40,AUG25,2012,i
13619179,"Khmelidze, Alexi",GEO,M,,,,1539,0,40,AUG25,2007,i
13614827,"Khochava, Ramin",GEO,M,,,,1773,0,20,AUG25,1946,i
13616757,"Khodashneli, Shota",GEO,M,,,,2044,0,20,AUG25,2003,i
13600710,"Khomeriki, Giorgi",GEO,M,,,,2062,0,20,AUG25,1961,i
13605534,"Khomeriki, Ketevan",GEO,F,,,,1870,0,20,AUG25,1997,wi
13603191,"Khomeriki, Nino",GEO,F,WGM,WGM,,2194,0,20,AUG25,1998,w
13600249,"Khoperia, Zaza",GEO,M,,,,2051,0,20,AUG25,1968,i
13614738,"Khorguani, Lela",GEO,F,,,,1536,0,20,AUG25,2003,wi
13639854,"Khoshtaria, Guga",GEO,M,,,,1443,0,40,AUG25,2008,i
13619578,"Khoshtaria, Tsotne",GEO,M,,,,1659,0,20,AUG25,2003,i
13610759,"Khositashvili, Devi",GEO,M,,,,1773,0,20,AUG25,1999,i
13625616,"Khositashvili, Levan",GEO,M,,,,1668,0,20,AUG25,1969,i
13602640,"Khotenashvili, Bella",GEO,F,GM,WGM,,2342,0,10,AUG25,1988,w
13620843,"Khubulava, Gabriel",GEO,M,,,,1401,0,40,AUG25,2009,i
13637134,"Khubuluri, Zaal",GEO,M,,,,1417,0,40,AUG25,2013,i
13600516,"Khubunaia, Leonti",GEO,M,,,,1825,0,20,AUG25,1996,i
13602055,"Khukhashvili, Sopiko",GEO,F,IM,WGM,,2194,0,10,AUG25,1985,w
13611950,"Khukhunaishvili, Adam",GEO,M,,,,1719,0,20,AUG25,1959,i
13603469,"Khukhunaishvili, Tariel",GEO,M,,,,1818,9,20,AUG25,1955,
13629999,"Khurtsidze, Luka",GEO,M,,,,1477,0,40,AUG25,2011,i
13600419,"Khurtsilava, Inga",GEO,F,WGM,WGM,,2093,9,20,AUG25,1975,w
13617346,"Khutsidze, Luka",GEO,M,,,,1578,0,20,AUG25,2003,i
13610287,"Khutsishvili, Levan",GEO,M,,,,1798,0,20,AUG25,1993,i
13613421,"Khutsurauli, Salome",GEO,F,,,,1753,0,20,AUG25,2001,wi
13620908,"Khvadagiani, Giorgi",GEO,M,,,,1620,0,40,AUG25,2007,i
13620436,"Khvadagiani, Kristine",GEO,F,,,,1596,0,40,AUG25,2009,wi
13611453,"Khvadagiani, Nika",GEO,M,,,,1803,0,20,AUG25,2001,i
13650661,"Khvedelidze, Giorgi",GEO,M,,,,1501,6,40,AUG25,2015,
13628801,"Khvedelidze, Luka",GEO,M,,,,1878,7,40,AUG25,2010,
13629638,"Khvedelidze, Nodar",GEO,M,,,,1826,0,40,AUG25,2008,
13622137,"Khvichia, Mariam",GEO,F,,,,1435,0,40,AUG25,2009,wi
13625284,"Khvichia, Mate",GEO,M,,,,1474,0,20,AUG25,2004,i
13604686,"Khvitia, Ilia",GEO,M,,,,1872,0,20,AUG25,1994,i
13629670,"Kikabidze, Andria",GEO,M,,,,1501,0,40,AUG25,2010,i
13626248,"Kiknadze, Alexander",GEO,M,,,,1454,0,40,AUG25,2009,i
13633210,"Kiknadze, Giorgi",GEO,M,,,,1571,7,40,AUG25,2007,
13606972,"Kiknavelidze, Tamaz",GEO,M,,,,1698,0,20,AUG25,2000,i
13629689,"Kiknavelidze, Vakhtang",GEO,M,,,,1476,0,40,AUG25,2010,i
13608614,"Kikvadze, Saba",GEO,M,,,,1691,0,20,AUG25,1992,i
13603213,"Kikvidze, Khatia",GEO,F,,IA,,1630,0,20,AUG25,1998,wi
13614533,"Kikvidze, Melano",GEO,F,,,,1494,0,20,AUG25,2006,wi
13639870,"Kikvilashvili, Gabriel",GEO,M,,,,1577,0,40,AUG25,2009,i
13601300,"Kiladze, Davit",GEO,M,,,,1772,0,20,AUG25,1994,i
13634976,"Kiladze, Giorgi",GEO,M,,,,1654,0,40,AUG25,2015,
13641123,"Kiladze, Giorgi",GEO,M,,,,1417,0,40,AUG25,2009,i
13624318,"Kiladze, Irakli",GEO,M,,,,1735,0,20,AUG25,1977,i
13623389,"kiladze, Luka",GEO,M,FM,,,2224,0,40,AUG25,2009,
13617966,"Kilasonia, Lado",GEO,M,,,,1692,0,20,AUG25,2001,
13607600,"Kintsurashvili, Vazha",GEO,M,,,,1567,0,20,AUG25,2001,i
13619195,"Kirkitadze, Vazha",GEO,M,,,,1597,0,20,AUG25,2006,i
13622714,"Kirtadze, Anastasia",GEO,F,WFM,WFM,,2119,0,40,AUG25,2009,w
13643304,"Kirtadze, Mishiko",GEO,M,,,,1416,0,40,AUG25,2014,
13628917,"Kitadze, Anano",GEO,F,,,,1504,0,40,AUG25,2010,wi
13619977,"Kiziria, Kakhaber",GEO,M,,,,1808,0,40,AUG25,2008,
13627643,"Kobakhidze, Giorgi",GEO,M,,,,1426,0,40,AUG25,2007,i
13612204,"Kobakhidze, Irakli",GEO,M,,,,1753,0,20,AUG25,1986,i
13641620,"Kobakhidze, Irakli",GEO,M,,,,1694,0,20,AUG25,2001,i
13642952,"Kobakhidze, Saba",GEO,M,,,,1407,0,40,AUG25,2009,
13621076,"Kobalia, Dima",GEO,M,,,,1679,0,20,AUG25,1998,i
13617893,"Kobalia, Nika",GEO,M,,,,1570,0,20,AUG25,2005,i
13622749,"Kobalia, Saba",GEO,M,,,,1488,0,40,AUG25,2008,i
13601580,"Kobeshavidze, Lika",GEO,F,,,,1907,0,20,AUG25,1995,wi
13600605,"Kochakidze, Tariel",GEO,M,,FA,,1881,0,20,AUG25,1996,i
13601350,"Kodua, Dato",GEO,M,,,,2234,0,20,AUG25,1976,i
13621564,"Koghuashvili, Tekla",GEO,F,,,,1676,0,40,AUG25,2010,wi
13643398,"Koiava, Mate",GEO,M,,,,1529,5,40,AUG25,2015,
13615076,"Kokaia, Badri",GEO,M,,,,1615,0,20,AUG25,1958,i
13609599,"Kokaia, Guram",GEO,M,,,,2064,0,20,AUG25,2000,i
13641085,"Kokhashvili, Vasil",GEO,M,,,,1492,0,40,AUG25,2009,i
13605933,"Kokhreidze, Tatia",GEO,F,,,,1767,0,20,AUG25,1997,wi
13622617,"Komakhidze, Levan",GEO,M,,,,1593,0,20,AUG25,2006,i
13640917,"Kordzadze, Avtandil",GEO,M,,,,1435,0,40,AUG25,2009,i
13650017,"Kordzadze, Nikoloz",GEO,M,,,,1447,0,40,AUG25,2008,
13617290,"Kordzadze, Zurab",GEO,M,,,,1821,0,20,AUG25,1989,i
13602616,"Kordzaia, Revaz",GEO,M,,,,1965,0,20,AUG25,1987,i
13603795,"Kordzakhia, Giorgi",GEO,M,,,,2009,0,20,AUG25,1987,i
13612514,"Koridze, Lile",GEO,F,WFM,WFM,,2016,0,20,AUG25,2001,w
13612115,"Koridze, Luka",GEO,M,,,,1799,0,20,AUG25,2000,i
13619888,"Koridze, Luka",GEO,M,,,,1681,0,20,AUG25,2005,i
13645064,"Korti, Alexandre",GEO,M,,,,1602,0,40,AUG25,2008,
13603280,"Kostava, Elene",GEO,F,,,,1861,0,20,AUG25,2001,w
13628437,"Kostava, Elene",GEO,F,,,,1503,0,40,AUG25,2010,wi
13642030,"Kostava, Giorgi",GEO,M,,,,1491,0,20,AUG25,2003,i
13620509,"Kotolashvili, Davit",GEO,M,,,,1750,0,40,AUG25,2008,i
13634577,"Kristesiashvili, Andria",GEO,M,,,,1703,0,40,AUG25,2012,
13643991,"Kubaneishvili, Tornike",GEO,M,,,,1432,0,20,AUG25,1993,i
13612360,"Kublashvili, Guram",GEO,M,,,,1738,0,20,AUG25,1999,i
13605348,"Kuchava, Ana",GEO,F,WFM,WFM,,1980,0,20,AUG25,1995,wi
13619217,"Kuchukhidze, Shota",GEO,M,,,,1963,0,20,AUG25,1974,i
13628739,"Kukava, Andrea",GEO,M,,,,1464,0,40,AUG25,2010,i
13621998,"Kukhalashvili, Amiran",GEO,M,,,,1462,0,40,AUG25,2008,i
13646532,"Kukhalashvili, Gabriel",GEO,M,,,,1429,0,40,AUG25,2015,
13613251,"Kukhaleishvili, Giorgi",GEO,M,,,,1945,0,20,AUG25,2002,
13615840,"Kukhilava, Gubaz",GEO,M,,,,1722,0,20,AUG25,2003,i
13621238,"Kulua, Barbare",GEO,F,,,,1426,0,40,AUG25,2010,wi
13621246,"Kulua, Shotiko",GEO,M,,,,1405,0,20,AUG25,1981,i
13600621,"Kumsiashvili, Nikoloz",GEO,M,IM,,,2299,0,20,AUG25,1997,i
13634372,"Kuntelia, Luka",GEO,M,,,,1925,0,40,AUG25,2012,
13618369,"Kupatadze, Tornike",GEO,M,,,,1851,0,20,AUG25,2006,
13620630,"Kurdadze, Nino",GEO,F,,,,1402,0,40,AUG25,2008,wi
13618652,"Kurua, Rostom",GEO,M,,,,1603,0,20,AUG25,1982,i
13631403,"Kutateladze, Anastasia",GEO,F,,,,1637,0,40,AUG25,2012,w
13648772,"Kutateladze, Luka",GEO,M,,,,1408,0,40,AUG25,2010,
13648853,"Kutateladze, Luka",GEO,M,,,,1462,0,40,AUG25,2009,
13618636,"Kutelia, Diana",GEO,F,,,,1486,0,20,AUG25,2004,wi
13644270,"Kutelia, Vakhtang",GEO,M,,,,1494,0,20,AUG25,2006,
13643410,"Kvachakidze, Lazare",GEO,M,,,,1413,0,40,AUG25,2016,
13618709,"Kvanchakhadze, Davit",GEO,M,,,,1538,0,40,AUG25,2007,i
13641921,"Kvaraia, Giorgi",GEO,M,,,,1484,0,40,AUG25,2008,i
13604295,"Kvaratskhelia, Dimitri",GEO,M,,,,1956,0,20,AUG25,1992,i
13641735,"Kvaratskhelia, Giorgi",GEO,M,,,,1523,0,40,AUG25,2015,
13620851,"Kvaratskhelia, Giorgi",GEO,M,,,,1578,0,40,AUG25,2009,i
13612379,"Kvaratskhelia, Nikoloz",GEO,M,,,,1687,0,20,AUG25,2001,i
13623028,"Kvaratskhelia, Nikoloz",GEO,M,,,,1537,0,40,AUG25,2008,i
13625780,"Kvaratskhelia, Valeri",GEO,M,,,,1563,0,20,AUG25,1947,i
13613243,"Kvartskhava, Tsotne",GEO,M,,,,1809,0,20,AUG25,2002,i
13601385,"Kverghelidze, Revaz",GEO,M,,,,1617,0,20,AUG25,1995,i
13637711,"Kvesoshvili, Levan",GEO,M,,,,1651,0,20,AUG25,1997,i
13613588,"Kvikvinia, Ana",GEO,F,,,,1612,0,20,AUG25,2004,wi
13620339,"Kvikvinia, Koba",GEO,M,,,,1722,0,20,AUG25,1973,i
13613596,"Kvikvinia, Teimuraz",GEO,M,,,,1803,0,20,AUG25,2006,
13621254,"Kvinchia, Konstantine",GEO,M,,,,1454,0,40,AUG25,2008,i
13626957,"Kviriashvili, Andria",GEO,M,,,,2154,9,40,AUG25,2011,
13600893,"Kviriashvili, Ioseb",GEO,M,,,,2181,0,20,AUG25,1973,
13636413,"Kvirkvaia, Anastasia",GEO,F,,,,1519,0,40,AUG25,2011,w
13636421,"Kvirkvaia, Mariam",GEO,F,,,,1493,0,40,AUG25,2010,wi
13624601,"Kvirtia, Mikheil",GEO,M,,,,1735,0,20,AUG25,1992,i
13627066,"Kvitsiani, Alexandre",GEO,M,,,,1511,0,40,AUG25,2010,i
13638971,"Kvrivishvili, Levan",GEO,M,,,,1623,0,20,AUG25,1987,i
13616811,"Lagazauri, Tamar",GEO,F,,,,1697,0,20,AUG25,2002,wi
13624342,"Lagvilava, Mariam",GEO,F,,,,1651,0,40,AUG25,2008,w
13611461,"Lataria, Giorgi",GEO,M,,,,1672,0,20,AUG25,2001,i
13628682,"Lataria, Nikoloz",GEO,M,,,,1499,0,40,AUG25,2010,i
13636774,"Lemonjava, Elena",GEO,F,,,,1450,0,40,AUG25,2011,wi
13640054,"Leshkasheli, Kesaria",GEO,F,,,,1656,0,40,AUG25,2009,wi
13602500,"Licheli, Luka",GEO,M,,,,2001,0,20,AUG25,1999,
13639358,"Liklikadze, Luka",GEO,M,,,,1416,0,40,AUG25,2008,i
13623265,"Limar, Ana",GEO,F,,,,1540,0,40,AUG25,2008,wi
13623273,"Limar, Maria",GEO,F,,,,1579,0,40,AUG25,2008,wi
13601393,"Liparteliani, Akaki",GEO,M,,,,1672,0,20,AUG25,1948,i
13629743,"Liparteliani, Mariam",GEO,F,,,,1496,0,40,AUG25,2009,w
13643924,"Liparteliani, Roin",GEO,M,,,,1648,0,20,AUG25,1951,i
13651951,"Lipartia, David",GEO,M,,,,1722,9,40,AUG25,1987,
13634895,"Lipartia, Giorgi",GEO,M,,,,1578,0,40,AUG25,2014,
13636448,"Lipartia, Izolda",GEO,F,,,,1534,0,40,AUG25,2010,w
13636456,"Lipartia, Nino",GEO,F,,,,1627,0,40,AUG25,2012,w
13612662,"Liponava, Zurab",GEO,M,,,,1789,0,20,AUG25,1957,
13638980,"Lobiladze, Nikoloz",GEO,M,,,,1699,0,20,AUG25,1992,
13644939,"Lobzhania, Saba",GEO,M,,,,1401,0,40,AUG25,2013,
13619004,"Lobzhanidze, Gaga",GEO,M,,,,1797,0,20,AUG25,1994,i
13616781,"Loladze, Andria",GEO,M,,,,1815,0,20,AUG25,2004,i
13609823,"Lolua, Luka",GEO,M,,,,1608,0,20,AUG25,2004,i
13636820,"Lomadze, Lana",GEO,F,,,,1581,0,20,AUG25,1981,wi
13626647,"Lomadze, Revaz",GEO,M,,,,1635,0,20,AUG25,1984,i
13612476,"Lomaia, Diana",GEO,F,WFM,WFM,,1967,0,20,AUG25,2005,w
13641646,"Lomaia, Tariel",GEO,M,,,,1523,0,20,AUG25,1997,i
13627422,"Lomia, Mate",GEO,M,,,,1434,0,40,AUG25,2011,i
13617699,"Lomidze, Anri",GEO,M,,,,1440,0,20,AUG25,2004,i
13622170,"Lomidze, Diana",GEO,F,,,,1446,0,40,AUG25,2009,wi
13604120,"Lomidze, Robert",GEO,M,,,,1744,0,20,AUG25,1951,
13643436,"Lominadze, Dimitri",GEO,M,,,,AFM,1511,0,AUG25,2009,i
13613154,"Lominadze, Giorgi",GEO,M,,,,1641,0,20,AUG25,2005,i
13620878,"Lominadze, Tamaz",GEO,M,,,,1543,0,40,AUG25,2008,i
13613138,"Lominadze, Zaza",GEO,M,,,,1817,0,20,AUG25,1965,i
13600656,"Lomineishvili, Maia",GEO,F,IM,WGM,,2348,0,10,AUG25,1977,wi
13619373,"Lomouri, Papuna",GEO,M,,,,1675,0,20,AUG25,1996,i
13603450,"Lomsadze, Davit",GEO,M,GM,,,2195,0,20,AUG25,1991,i
13618377,"Lomsadze, Lazare",GEO,M,,,,1785,0,20,AUG25,2003,i
13611879,"Lomsadze, Saba",GEO,M,,,,1858,0,20,AUG25,2005,i
13629441,"Lomtadze, Andro",GEO,M,,,,1561,0,20,AUG25,1985,i
13620428,"Lomtadze, Davit",GEO,M,,,,1810,0,40,AUG25,2008,i
13626434,"Lomtadze, Nikoloz",GEO,M,,,,1505,0,40,AUG25,2008,i
13609416,"Loria, Irakli",GEO,M,,,,1866,0,20,AUG25,1956,i
13610430,"Lortkipanidze, Giorgi",GEO,M,,,,1792,0,20,AUG25,1953,i
13620070,"Lortkipanidze, Goga",GEO,M,,,,1585,0,20,AUG25,2005,i
13604058,"Lortkipanidze, Nodar",GEO,M,IM,,,2391,8,10,AUG25,1994,
13610376,"Machaidze, Paata",GEO,M,,,,1965,0,20,AUG25,1982,i
13617214,"Macharashvili, Ana",GEO,F,,,,1614,0,40,AUG25,2007,wi
13605356,"Macharashvili, Tekla",GEO,F,,,,1896,0,20,AUG25,1996,wi
13605070,"Madzgharashvili, Sandro",GEO,M,,,,1659,0,20,AUG25,1987,i
13602276,"Maghalashvili, Davit",GEO,M,GM,,,2393,9,10,AUG25,1987,
13627562,"Maghaldadze, Nugzar",GEO,M,,,,1453,0,40,AUG25,2008,i
13621572,"Maghlakelidze, Enver",GEO,M,,,,1588,0,20,AUG25,2005,i
13618822,"Maghlakelidze, Lado",GEO,M,,,,1758,0,40,AUG25,2007,i
13635930,"Maghlakelidze, Nikoloz",GEO,M,,,,ACM,1530,0,AUG25,2013,i
13617826,"Maghlakelidze, Rusudan",GEO,F,,,,1760,0,20,AUG25,2005,wi
13615610,"Maghlakelidze, Saba",GEO,M,,,,1793,0,20,AUG25,2001,
13628569,"Maghlakelidze, Tsotne",GEO,M,,,,1473,0,40,AUG25,2010,i
13602683,"Maghlaperidze, Grigol",GEO,M,,,,2092,0,20,AUG25,1987,i
13605372,"Maghradze, Archil",GEO,M,,,,1840,0,20,AUG25,1994,i
13603272,"Maisuradze, Geronti",GEO,M,,,,2095,0,20,AUG25,1990,i
13622684,"Maisuradze, Ilia",GEO,M,,,,1417,0,20,AUG25,2002,i
13644068,"Maisuradze, Levan",GEO,M,,,,1872,0,20,AUG25,1998,i
13626108,"Maisuradze, Nino",GEO,F,,,,1462,0,40,AUG25,2008,wi
13620088,"Makaradze, Levani",GEO,M,,,,1665,0,20,AUG25,2005,i
13626442,"Makatsaria, Sandro",GEO,M,,,,1548,0,40,AUG25,2009,i
13616986,"Makharadze, Archil",GEO,M,,,,1441,0,20,AUG25,2006,
13639714,"Makharadze, Demetre",GEO,M,,,,AFM,1559,0,AUG25,2013,
13617710,"Makharadze, Elene",GEO,F,,,,1735,0,20,AUG25,1965,wi
13614460,"Makharadze, Giorgi",GEO,M,,,,1836,0,20,AUG25,1951,i
13601369,"Makharadze, Jambul",GEO,M,,,,2229,0,20,AUG25,1972,i
13626485,"Makharadze, Luka",GEO,M,,,,1487,0,40,AUG25,2008,
13627686,"Makharadze, Tornike",GEO,M,,,,1676,0,20,AUG25,2003,i
13644211,"Makharadze, Vladimer",GEO,M,,,,1420,0,20,AUG25,2002,i
13622188,"Makhatadze, Khatia",GEO,F,,,,1588,0,40,AUG25,2007,wi
13604392,"Makhatadze, Nazi",GEO,F,,,,1808,0,20,AUG25,1990,wi
13624288,"Malania, Amiran",GEO,M,,,,1660,0,20,AUG25,1992,
13610988,"Malania, Vakhtang",GEO,M,,,,1789,0,20,AUG25,1954,i
13637061,"Malania, Zurab",GEO,M,,,,1633,0,40,AUG25,2013,i
13624466,"Malazonia, Giorgi",GEO,M,,,,1454,0,20,AUG25,1997,i
13608134,"Mamaladze, Nugzar",GEO,M,,,,1678,0,20,AUG25,2000,i
13617222,"Mamardashvili, Ana",GEO,F,,,,1770,0,20,AUG25,2006,w
13614215,"Mamedov, Bakhtiar",GEO,M,,,,1939,0,20,AUG25,1976,i
13616129,"Mamedov, Mansum",GEO,M,,,,1561,0,20,AUG25,2004,i
13644912,"Mamporia, Anastasia",GEO,F,,,,1540,0,40,AUG25,2013,w
13644904,"Mamporia, Andria",GEO,M,,,,1404,0,40,AUG25,2015,
13605810,"Mamulaishvili, Tsotne",GEO,M,,,,1824,0,20,AUG25,2001,i
13618946,"Mamulashvili, Guram",GEO,M,,,,1695,0,20,AUG25,2004,i
13642898,"Managadze, Mate",GEO,M,,,,ACM,1520,0,AUG25,2011,
13600575,"Managadze, Nikoloz",GEO,M,IM,,,2277,0,10,AUG25,1969,i
13608142,"Managadze, Nodar",GEO,M,,,,1952,0,20,AUG25,1998,i
13601253,"Manashvili, Aleko",GEO,M,,,,2116,0,20,AUG25,1977,i
13604422,"Mangiashvili, Otar",GEO,M,,,,1952,0,20,AUG25,1995,i
13618733,"Manukov, Gari",GEO,M,,,,1546,0,20,AUG25,2006,i
13639374,"Mardaleishvili, Kakha",GEO,M,,,,1704,0,20,AUG25,1969,i
13638270,"Margiev, Georgii",GEO,M,,,,1648,0,20,AUG25,1997,i
13639382,"Margvelashvili, Genadi",GEO,M,,,,1651,0,20,AUG25,1968,i
13602926,"Margvelashvili, Giorgi",GEO,M,GM,,,2531,0,10,AUG25,1990,
13618199,"Markarov, Eduard",GEO,M,,,,1653,0,20,AUG25,1998,i
13637169,"Markhulia, Toma",GEO,F,,,,1637,0,20,AUG25,2003,wi
13611313,"Mashaneishvili, Andria",GEO,M,,,,1691,0,20,AUG25,1999,i
13613022,"Mashaneishvili, Giorgi",GEO,M,,,,1660,0,20,AUG25,2002,i
13637177,"Matiashvili, Ioseb",GEO,M,,,,1480,0,20,AUG25,1999,i
13623281,"Matkava, Anastasia",GEO,F,,,,1515,0,40,AUG25,2008,wi
13624660,"Matkava, Zurab",GEO,M,,,,1483,0,20,AUG25,1985,i
13637894,"Maziashvili, Nikoloz",GEO,M,,,,1441,0,40,AUG25,2012,
13642243,"Mchedlishvili, Giorgi",GEO,M,,,,1568,0,20,AUG25,1997,
13600966,"Mchedlishvili, Mikheil",GEO,M,GM,,,2515,0,10,AUG25,1979,
13624539,"Mchedlishvili, Ramaz",GEO,M,,,,1945,0,20,AUG25,1970,i
13605399,"Mdinaradze, Edgar",GEO,M,,,,1811,20,20,AUG25,1942,
13603418,"Medzmariashvili, Ana",GEO,F,WCM,WCM,,1851,0,20,AUG25,1989,w
13620398,"Megreladze, Ana",GEO,F,,,,1525,0,40,AUG25,2007,wi
13637509,"Megrelishvili, Ivane",GEO,M,,,,1974,0,20,AUG25,1983,i
13623044,"Mekoshvili, Mate",GEO,M,,,,1512,0,40,AUG25,2008,i
13600397,"Melashvili, Nino",GEO,F,WIM,WIM,,2020,0,20,AUG25,1961,wi
13602446,"Melia, Salome",GEO,F,IM,WGM,,2278,0,10,AUG25,1987,w
13641484,"Melikidze, Giorgi",GEO,M,,,,1436,0,40,AUG25,2013,
13632787,"Melkonyani, Arkadi",GEO,M,,,,1690,0,20,AUG25,1986,i
13614819,"Memarnishvili, Archil",GEO,M,,,,1760,0,20,AUG25,2001,i
13639390,"Meparishvili, Giorgi",GEO,M,,,,1538,0,40,AUG25,2014,
13623761,"Meparishvili, Luka",GEO,M,,,,1500,0,40,AUG25,2007,i
13619233,"Meparishvili, Nino",GEO,F,,,,1469,0,20,AUG25,2005,wi
13603760,"Merabishvili, Alexandre",GEO,M,,,,1934,0,20,AUG25,1992,i
13603132,"Merabishvili, Neli",GEO,F,,,,1975,0,20,AUG25,1989,wi
13619632,"Meskhi, Giorgi",GEO,M,,,,1606,0,20,AUG25,2003,i
13619640,"Meskhi, Saba L",GEO,M,,,,1596,0,20,AUG25,2006,i
13642057,"Meskhi, Saba Z",GEO,M,,,,1423,0,20,AUG25,1998,
13612905,"Mestiashvili, Koba",GEO,M,,,,1745,0,20,AUG25,1949,i
13609530,"Mestvirishvili, Paata",GEO,M,,,,2021,0,20,AUG25,1963,i
13627678,"Metonidze, Keso",GEO,F,,,,1450,0,40,AUG25,2008,wi
13637029,"Metreveli, Gabriel",GEO,M,,,,1429,0,40,AUG25,2015,i
13640429,"Metreveli, Ilia",GEO,M,,,,1488,0,20,AUG25,2005,i
13649884,"Metreveli, Ioseb",GEO,M,,,,1429,0,40,AUG25,2011,
13618130,"Metreveli, Lekso",GEO,M,,,,1746,0,20,AUG25,2002,i
13639935,"Metreveli, Nika",GEO,M,,,,1582,0,20,AUG25,2004,i
13613464,"Metreveli, Teimuraz",GEO,M,,,,1834,0,20,AUG25,1959,i
13647806,"Mgaloblishvili, Giorgi",GEO,M,,,,1535,0,40,AUG25,2009,
13634763,"Mgeladze, Alexandre",GEO,M,,,,1690,0,20,AUG25,1982,i
13632221,"Mgeladze, Amiran",GEO,M,,,,1650,0,20,AUG25,1974,i
13637452,"Mgeladze, Beka",GEO,M,,,,1519,0,40,AUG25,2009,
13621130,"Mgeladze, Kesaria",GEO,F,WFM,WFM,,2080,8,40,AUG25,2010,w
13601202,"Mgeladze, Tamaz",GEO,M,IM,,,2288,0,10,AUG25,1981,i
13625870,"Mghebrishvili, Dato",GEO,M,,,,1743,0,20,AUG25,1982,i
13615203,"Mghvdeladze, Rati",GEO,M,,,,1614,0,20,AUG25,2004,i
13647393,"Midelashvili, Georgi",GEO,M,,,,1462,0,20,AUG25,2001,i
13616706,"Mikadze, Alexandre",GEO,M,,,,1813,0,20,AUG25,1987,i
13603108,"Mikadze, Miranda",GEO,F,WGM,WGM,,2138,0,20,AUG25,1989,w
13600150,"Mikadze, Zurab",GEO,M,FM,,,2381,0,10,AUG25,1947,i
13619497,"Mikava, Luka",GEO,M,,,,1753,0,20,AUG25,2002,i
13601792,"Mikeladze, Berdia",GEO,M,,,,2204,17,20,AUG25,1992,
13635190,"Mikelaishvili, Barbare",GEO,F,,,,1431,0,40,AUG25,2012,wi
13625527,"Mikiashvili, Giorgi",GEO,M,,,,1568,0,40,AUG25,2008,
13624571,"Mikiashvili, Paata",GEO,M,,,,1566,0,40,AUG25,2008,i
13631179,"Minasyani, Davit",GEO,M,,,,1533,0,40,AUG25,2007,i
13632434,"Minasyani, Mariam",GEO,F,,,,1458,0,40,AUG25,2008,wi
13647229,"Mindiashvili, Alexandre",GEO,M,,,,1545,0,40,AUG25,2013,
13614843,"Mindiashvili, Tengiz",GEO,M,,,,1989,0,20,AUG25,1992,i
13604570,"Mindorashvili, Vano",GEO,M,,,,1911,0,20,AUG25,1980,i
13639676,"Mirtskhulava, Vitali",GEO,M,,,,1469,0,40,AUG25,2013,i
13604589,"Mkhchyan, Levon",GEO,M,,,,1707,0,20,AUG25,1946,i
13609602,"Mkhetsadze, Konstantine",GEO,M,,,,1702,0,20,AUG25,1973,i
13633155,"Mkrtchyan, Aida",GEO,F,,,,1511,0,20,AUG25,2002,wi
13641158,"Mkurnalidze, Luka",GEO,M,,,,1599,0,20,AUG25,1999,i
13644149,"Modebadze, Nikoloz",GEO,M,,,,1629,0,40,AUG25,2009,
13609564,"Modebadze, Tariel",GEO,M,,,,1924,0,20,AUG25,1954,i
13610457,"Modrekiladze, Beka",GEO,M,,,,1726,0,20,AUG25,1995,i
13617630,"Morchadze, Elguja",GEO,M,,,,1837,0,20,AUG25,1969,i
13602535,"Morchiashvili, Bachana",GEO,M,IM,,,2224,18,10,AUG25,1984,
13603590,"Morchiladze, Vakhtang",GEO,M,,,,1906,0,20,AUG25,1989,i
13618385,"Morchilashvili, Saba",GEO,M,,,,1647,0,20,AUG25,2003,i
13617001,"Mskhaladze, Alexandre",GEO,M,,,,1551,0,40,AUG25,2008,i
13635840,"Mtvarelidze, Nutsa",GEO,F,,,,1536,0,40,AUG25,2010,w
13612123,"Mujirishvili, Giorgi",GEO,M,,,,1806,0,20,AUG25,1979,i
13609394,"Mumladze, Maia",GEO,F,,,,1747,0,20,AUG25,1998,wi
13609122,"Muradashvili, Sergo",GEO,M,,,,1715,0,20,AUG25,1997,i
13623486,"Muradovi, Zura",GEO,M,,,,1495,0,40,AUG25,2009,i
13617842,"Museridze, Nana",GEO,F,,,,1821,0,20,AUG25,1964,wi
13616188,"Mustafaev, Ruslan",GEO,M,,,,1686,0,20,AUG25,1999,i
13639552,"Mzevashvili, Luka",GEO,M,,,,1440,0,20,AUG25,2006,
13603396,"Mzhavia, Mariam",GEO,F,,,,1711,0,20,AUG25,1998,wi
13613626,"Nachqebia, Luka",GEO,M,,,,1784,0,20,AUG25,2000,i
13639137,"Nadaraia, Archil",GEO,M,,,,1582,0,20,AUG25,2005,i
13641778,"Nadaraia, Ketevan",GEO,M,,,,1607,0,40,AUG25,2011,
13629298,"Nadiradze, Tamaz",GEO,M,,,,1570,0,20,AUG25,2003,i
13601512,"Nadirashvili, Shalva",GEO,M,,,,2051,0,20,AUG25,1995,i
13609645,"Nagerlishvili, Luka",GEO,M,,,,1704,0,20,AUG25,1996,i
13643843,"Nakashidze, Nini",GEO,F,,,,1425,0,40,AUG25,2011,w
13611615,"Naneishvili, Dali",GEO,F,,,,1803,0,20,AUG25,1999,wi
13639005,"Napetvaridze, Berdia",GEO,M,,,,1535,0,20,AUG25,1977,i
13615866,"Naqopia, Giorgi",GEO,M,,,,1995,9,20,AUG25,2004,
13647709,"Narsia, Sandro",GEO,M,,,,1540,0,40,AUG25,2016,
13606271,"Naskidashvili, Ivane",GEO,M,,,,1639,0,20,AUG25,1999,i
13619527,"Natsauri, Luka",GEO,M,,,,1751,0,20,AUG25,2003,
13602462,"Neilson, Nino",GEO,F,WFM,WFM,,2038,0,20,AUG25,1985,wi
13604481,"Nemsadze, Beka",GEO,M,,,,1952,0,20,AUG25,1992,i
13619250,"Nemsadze, Daviti",GEO,M,FM,,,2134,0,40,AUG25,2008,i
13608193,"Nemsadze, Levan",GEO,M,,,,1805,0,20,AUG25,1998,i
13628445,"Nemsadze, Mikheili",GEO,M,,,,1483,0,20,AUG25,1979,i
13638513,"Nemsitsveridze, Giorgi",GEO,M,,,,1449,0,40,AUG25,2016,
13638521,"Nemsitsveridze, Luka",GEO,M,,,,1497,0,40,AUG25,2015,
13613162,"Neparidze, Giorgi",GEO,M,,,,1613,0,20,AUG25,0,i
13603078,"Nigalidze, Gaioz",GEO,M,IM,,,2338,9,10,AUG25,1989,
13603302,"Nikabadze, Mariam",GEO,F,WFM,WFM,NA,1799,0,20,AUG25,1987,w
13632728,"Nikoladze, Gela",GEO,M,,,,1728,0,20,AUG25,1999,i
13600427,"Nikoladze, Sopio",GEO,F,WIM,WIM,,1947,8,20,AUG25,1973,w
13639013,"Nikolaishvili, Saba",GEO,M,,,,1449,0,20,AUG25,2005,i
13604015,"Nikolashvili, Giorgi",GEO,M,FM,,,2329,0,20,AUG25,1993,i
13602578,"Nikolishvili, Zurab",GEO,M,CM,,,1950,0,20,AUG25,1986,
13620347,"Nizharadze, Luka",GEO,M,,,,1522,0,40,AUG25,2007,i
13646494,"Nozadze, Manuchar",GEO,M,,,,1522,0,20,AUG25,1999,i
13613707,"Nuralova, Irma",GEO,F,,,,1774,0,20,AUG25,1998,wi
13629182,"Nuralovi, Andria",GEO,M,,,,1464,0,40,AUG25,2011,i
13638289,"Oboladze, Beka",GEO,M,,,,1548,0,20,AUG25,2004,i
13608207,"Oboladze, Luka",GEO,M,IM,,,2305,0,20,AUG25,2002,i
13638807,"Ochigava, Nikoloz",GEO,M,,,,1538,0,40,AUG25,2010,i
13609661,"Okhanashvili, Dimitri",GEO,M,,,,1728,0,20,AUG25,1996,i
13639579,"Onashvili, Tevdore",GEO,M,,,,1614,0,40,AUG25,2010,i
13613715,"Oniani, Tamar",GEO,F,,,,1703,0,20,AUG25,2001,wi
13629395,"Onikashvili, Amiran",GEO,M,,,,1594,0,20,AUG25,1993,i
13626450,"Orbeladze, Giorgi",GEO,M,,,,1456,0,40,AUG25,2009,i
13627589,"Orbeladze, Sandro",GEO,M,,,,1508,0,40,AUG25,2010,i
13639021,"Ormotsadze, Dimitri",GEO,M,,,,1608,0,20,AUG25,2006,i
13646796,"Ososhvili, Nikoloz",GEO,M,,,,1591,0,40,AUG25,2010,
13619586,"Otinashvili, Giorgi",GEO,M,,,,1574,0,20,AUG25,2005,i
13605100,"Otkhozoria, Temur",GEO,M,,,,1872,0,20,AUG25,1997,
13624474,"Ovashvili, Tornike",GEO,M,,,,1757,0,20,AUG25,2001,i
13634593,"Oyebade, Alexander",GEO,M,,,,1512,0,40,AUG25,2012,i
13641654,"Paghava, Gabriel",GEO,M,,,,1406,0,40,AUG25,2015,i
13602934,"Paichadze, Luka",GEO,M,GM,,,2517,0,10,AUG25,1991,
13646869,"Pailodze, Davit",GEO,M,,,,1497,0,40,AUG25,2011,
13618741,"Paniani, Albert",GEO,M,,,,1706,0,20,AUG25,2006,i
13602071,"Pantsulaia, Levan",GEO,M,GM,,,2572,0,10,AUG25,1986,
13616730,"Papashvili, Tata",GEO,F,,,,1516,0,20,AUG25,2003,wi
13618903,"Papiashvili, Giorgi",GEO,M,,,,1696,0,20,AUG25,2003,i
13613073,"Partladze, Mariam",GEO,F,,,,1680,0,20,AUG25,2002,wi
13606638,"Pashkuridze, Tamar",GEO,F,,,,1725,0,20,AUG25,1999,wi
13639587,"Patarashvili, Andria",GEO,M,,,,1440,0,40,AUG25,2009,i
13603485,"Patsia, Zviad",GEO,M,,,,2187,0,20,AUG25,1991,
13626035,"Peradze, Davit",GEO,M,,,,1632,0,20,AUG25,2001,i
13639030,"Peradze, Guram",GEO,M,,,,1500,0,20,AUG25,1993,i
13625683,"Pertaia, Alexandre",GEO,M,,,,1510,0,40,AUG25,2007,i
13603493,"Pertaia, Enver",GEO,M,,,,1913,0,20,AUG25,1982,i
13635409,"Petrakov, Bogdan",GEO,M,,,,1529,0,40,AUG25,2007,
13647300,"Petriashvili, Natali",GEO,F,,,,1531,0,40,AUG25,2015,w
13611216,"Petriashvili, Nikoloz",GEO,M,IM,,,2388,0,10,AUG25,2002,
13614576,"Pipia, Ekaterine",GEO,F,,,,1896,0,20,AUG25,2003,wi
13624040,"Pirtskhalaishvili, Lile",GEO,F,,,,1453,0,40,AUG25,2010,wi
13650939,"Pirveli, Tornike",GEO,M,,,,1502,6,40,AUG25,2012,
13639412,"Pkhakadze, Gigi",GEO,M,,,,1575,0,40,AUG25,2007,i
13629530,"Pkhakadze, Giorgi",GEO,M,,,,1533,0,40,AUG25,2011,
13625322,"Pkhakadze, Mate",GEO,M,,,,1570,0,40,AUG25,2010,i
13627040,"Pkhakadze, Sopio",GEO,F,,,,1448,0,20,AUG25,1976,w
13617923,"Pochkhua, Lizi",GEO,F,,,,1605,0,20,AUG25,2006,wi
13614290,"Poladashvili, Khvicha",GEO,M,,,,1939,0,20,AUG25,1968,i
13639048,"Poladashvili, Nikoloz",GEO,M,,,,1567,0,20,AUG25,2003,i
13620010,"Porchkhidze, Lasha",GEO,M,,,,1695,0,20,AUG25,1995,i
13616641,"Prodiashvili, Levan",GEO,M,,,,1865,7,20,AUG25,1986,
13602659,"Purtseladze, Maka",GEO,F,IM,WGM,,2178,0,20,AUG25,1988,w
13640968,"Putkaradze, Nikoloz",GEO,M,,,,1406,0,40,AUG25,2012,
13628720,"Qalabegashvili, Data",GEO,M,,,,1711,0,40,AUG25,2011,i
13601245,"Qalagashvili, Pridon",GEO,M,,,,2042,0,20,AUG25,1965,i
13615408,"Qalichava, Akaki",GEO,M,FM,,,2275,0,20,AUG25,2005,
13640437,"Qalichava, Nikoloz",GEO,M,,,,1452,0,20,AUG25,2004,i
13600842,"Qashashvili, Alexandre",GEO,M,GM,,,2405,0,10,AUG25,1975,i
13619764,"Qaulashvili, Luka",GEO,M,,,,1564,0,20,AUG25,1999,i
13619535,"Qiqishvili, Giorgi",GEO,M,,,,1623,0,20,AUG25,2003,i
13618296,"Qochiashvili, Ani",GEO,F,,,,1582,0,20,AUG25,2006,wi
13643460,"Qubaneishvili, Andria",GEO,M,,,,1531,0,40,AUG25,2016,
13643479,"Qubaneishvili, Tornike",GEO,M,,,,1404,0,20,AUG25,1993,i
13627449,"Quljanishvili, Saba",GEO,M,,,,1463,0,40,AUG25,2009,i
13602250,"Quparadze, Giga",GEO,M,GM,,,2574,0,10,AUG25,1987,
13639960,"Qurashvili, Alexandre",GEO,M,,,,1618,0,20,AUG25,2006,i
13617028,"Qurshubadze, Irakli",GEO,M,,,,1585,0,20,AUG25,2006,i
13601474,"Qveliashvili, Tinatin",GEO,F,,,,2008,0,20,AUG25,1981,wi
13636340,"Rachvelishvili, Andria",GEO,M,,,,1524,0,40,AUG25,2009,i
13622412,"Ramazashvili, Alexandre",GEO,M,,,,1418,0,40,AUG25,2007,i
13640364,"Ramishvili, Alexandre",GEO,M,,,,1402,0,20,AUG25,2005,i
13632973,"Ramishvili, Demetre",GEO,M,,,,1581,0,20,AUG25,2001,i
13619349,"Rapava, Kakha",GEO,M,,,,1710,0,20,AUG25,1964,i
13611178,"Rashoev, Rezo",GEO,M,,,,1637,10,20,AUG25,1962,
13645781,"Ratiani, Tsiala",GEO,F,,,,1672,0,20,AUG25,1978,wi
13622862,"Razmadze, Giorgi",GEO,M,,,,1942,0,20,AUG25,1963,i
13630997,"Rekhviashvili, Akaki",GEO,M,,,,1463,0,20,AUG25,1974,i
13635859,"Rekhviashvili, Mariam",GEO,F,,,,1531,0,40,AUG25,2015,w
13629450,"Rekhviashvili, Mate",GEO,M,,,,1518,0,40,AUG25,2010,i
13622692,"Rekhviashvili, Nini",GEO,F,,,,1580,0,40,AUG25,2008,wi
13622030,"Revishvili, Mariam",GEO,F,,,,1443,0,40,AUG25,2009,wi
13604643,"Rizhamadze, Patman",GEO,F,,,,1992,0,20,AUG25,1992,wi
13629204,"Robakidze, Giorgi",GEO,M,,,,1441,0,40,AUG25,2008,i
13637380,"Rogava, Bichi",GEO,M,,,,1479,0,20,AUG25,1944,i
13612786,"Rogava, Levan",GEO,M,,,,1747,0,20,AUG25,1986,i
13637754,"Rostomashvili, Giorgi",GEO,M,,,,1665,0,20,AUG25,2001,i
13617982,"Rtskhiladze, Avto",GEO,M,,,,1668,0,20,AUG25,2002,i
13639064,"Rtveliashvili, Toma",GEO,M,,,,1711,0,20,AUG25,1999,i
13605410,"Rukhadze, Akaki",GEO,M,,,,1911,0,20,AUG25,1995,i
13620118,"Rukhadze, Alexandre",GEO,M,,,,1923,0,20,AUG25,1985,
13643886,"Rukhadze, Davit",GEO,M,,,,1630,0,20,AUG25,1981,i
13628909,"Rukhadze, Khatia",GEO,F,,,,1452,0,40,AUG25,2010,wi
13625691,"Rukhadze, Luka",GEO,M,,,,1434,0,40,AUG25,2007,i
13644580,"Rukhadze, Tamar",GEO,F,,,,1403,0,40,AUG25,2016,w
13619438,"Rukhadze, Tornike",GEO,M,,,,1637,0,20,AUG25,1988,i
13632027,"Rusiashvili, Giorgi",GEO,M,,,,1732,9,40,AUG25,1976,
13640771,"Rusitashvili, Tea",GEO,F,,,,1692,0,40,AUG25,2013,w
13605119,"Saakov, Alexandr",GEO,M,,,,1968,0,20,AUG25,1979,i
13619802,"Safarov, Deniel",GEO,M,FM,,,2268,0,40,AUG25,2007,
13616404,"Saghinadze, Nika",GEO,M,,,,1735,0,20,AUG25,1992,i
13619543,"Saghinadze, Saba",GEO,M,,,,1736,0,20,AUG25,2002,i
13612280,"Sajaia, Mariam",GEO,F,,,,1697,0,20,AUG25,1999,wi
13623052,"Sajaia, Saba",GEO,M,,,,1539,0,40,AUG25,2007,i
13615513,"Sakhamberidze, Natia",GEO,F,,,,1482,0,20,AUG25,2005,wi
13637002,"Sakhelashvili, Gabriel",GEO,M,,,,1577,0,40,AUG25,2012,
13640992,"Sakhelashvili, Nano",GEO,F,,,,1658,0,40,AUG25,2009,w
13636880,"Sakhelashvili, Sandro",GEO,M,,,,1504,0,40,AUG25,2013,i
13636669,"Sakhokia, Luka",GEO,M,,,,1556,0,40,AUG25,2014,
13637843,"Saltkhutsishvili, Salome",GEO,F,,,,1487,0,40,AUG25,2011,wi
13636995,"Saltkhutsishvili, Sara",GEO,F,,,,1604,0,40,AUG25,2015,w
13636529,"Salukvadze, Akaki",GEO,M,,,,1440,0,40,AUG25,2010,i
13643851,"Salukvadze, Giorgi",GEO,M,,,,1630,0,40,AUG25,2013,
13648691,"Samqurashvili, Akaki",GEO,M,,,,1404,0,40,AUG25,2012,
13623974,"Samqurashvili, Kakha",GEO,M,,,,1679,0,20,AUG25,1975,i
13629212,"Samqurashvili, Zviad",GEO,M,,,,1406,0,40,AUG25,2009,
13631152,"Samsonidze, Davit",GEO,M,,,,1599,0,20,AUG25,1973,i
13614355,"Samushia, Guliver",GEO,M,,,,1800,0,20,AUG25,1953,i
13602756,"Sanadze, Guga",GEO,M,,,,1498,0,20,AUG25,1999,i
13639072,"Sanadze, Nikusha",GEO,M,,,,1482,0,40,AUG25,2007,i
13648438,"Sanadze, Omar",GEO,M,,,,1520,0,20,AUG25,1981,i
13642294,"Sanaia, Luka",GEO,M,,,,1424,0,40,AUG25,2013,
13620860,"Sanikidze, Ana",GEO,F,,,,1590,0,40,AUG25,2008,wi
13625365,"Sanikidze, Gela",GEO,M,,,,1478,0,20,AUG25,1977,i
13615424,"Sanikidze, Giorgi",GEO,M,,,,1814,0,40,AUG25,2007,i
13625349,"Sanikidze, Giorgi",GEO,M,,,,1628,0,20,AUG25,2005,i
13611208,"Sanikidze, Salome",GEO,F,,,,1834,0,20,AUG25,2001,wi
13602608,"Sanikidze, Tornike",GEO,M,GM,,,2413,0,10,AUG25,1989,
13622870,"Sanodze, Gia",GEO,M,,,,1711,0,20,AUG25,1971,i
13625705,"Sardadze, Giorgi",GEO,M,,,,1531,0,40,AUG25,2007,i
13624636,"Sariev, Salih",GEO,M,,,,1601,0,20,AUG25,2006,i
13624881,"Sarishvili, Lizi",GEO,F,,,,1494,0,40,AUG25,2009,wi
13620541,"Sarishvili, Mariam",GEO,F,,,,1684,0,40,AUG25,2008,w
13615874,"Sartania, Giorgi",GEO,M,,,,AGM,1765,0,AUG25,2003,i
13639625,"Sebiskveradze, Saba",GEO,M,,,,1587,0,40,AUG25,2015,
13646508,"Sekhniashvili, Giorgi",GEO,M,,,,1561,0,20,AUG25,2006,i
13621041,"Sekhniashvili, Giorgi",GEO,M,,,,1656,0,20,AUG25,1995,i
13621033,"Sepishvili, Saba",GEO,M,,,,1699,0,40,AUG25,2008,i
13620681,"Sesikashvili, Otar",GEO,M,,,,1726,0,40,AUG25,2008,i
13623362,"Sesitashvili, Luka",GEO,M,,,,1523,0,20,AUG25,2001,i
13637991,"Shainidze, Lasha",GEO,M,,,,1499,0,40,AUG25,2012,
13624709,"Shakarashvili, Levan",GEO,M,,,,1700,0,20,AUG25,1998,i
13600532,"Shalamberidze, Akaki",GEO,M,IM,,,1983,0,20,AUG25,1969,
13601008,"Shamatava, Ana",GEO,F,WFM,WFM,,2081,0,20,AUG25,1996,wi
13625713,"Shamatava, Giorgi",GEO,M,,,,1607,0,40,AUG25,2007,i
13629700,"Shamatava, Ioseb",GEO,M,,,,1545,0,40,AUG25,2010,i
13619950,"Shamatava, Nikolozi",GEO,M,FM,,,2116,0,40,AUG25,2008,
13611496,"Shamugia, Luka",GEO,M,,,,1828,0,20,AUG25,2001,i
13623290,"Shamugia, Nini",GEO,F,,,,1535,0,40,AUG25,2007,wi
13602195,"Shamugia, Shavleg",GEO,M,FM,,,2125,0,20,AUG25,1982,i
13601784,"Shanava, Konstantine",GEO,M,GM,,,2477,0,10,AUG25,1985,i
13619993,"Shapovalovi, Vasiko",GEO,M,,,,2081,0,40,AUG25,2007,
13646451,"Sharashidze, Roland",GEO,M,,,,1647,0,20,AUG25,1978,i
13623222,"Sharia, Niniko",GEO,F,,,,1446,0,20,AUG25,2005,wi
13608258,"Sharikadze, Irakli",GEO,M,,,,1744,0,20,AUG25,1998,i
13622811,"Sharvashidze, Tornike",GEO,M,,,,1510,0,40,AUG25,2008,i
13619411,"Shashviashvili, Ioseb",GEO,M,,,,1932,0,20,AUG25,1966,i
13651960,"Shavgulidze, Giorgi",GEO,M,,,,1410,6,40,AUG25,1986,
13637932,"Shavladze, Davit",GEO,M,,,,1588,8,40,AUG25,2013,
13601261,"Shavtvaladze, Nikoloz",GEO,M,IM,,,2355,0,10,AUG25,1983,i
13621602,"Shengelia, Mate",GEO,M,,,,1764,0,20,AUG25,2003,i
13650041,"Shenheliia, Nino",GEO,F,,,,1440,0,40,AUG25,2009,w
13647512,"Shenheliia, Sofiko",GEO,F,,,,1483,0,40,AUG25,2013,w
13619969,"Sherazadishvili, Ana",GEO,F,,,,1435,0,40,AUG25,2008,wi
13625977,"Shikhashvili, Irakli",GEO,M,,,,1571,0,20,AUG25,1983,i
13633252,"Shogiradze, Genuri",GEO,M,,,,1778,0,20,AUG25,1949,i
13607138,"Shonia, Amiran",GEO,M,,,,1876,0,20,AUG25,1999,i
13632698,"Shonia, Barbare",GEO,F,,,,1438,0,40,AUG25,2013,w
13604716,"Shonia, Giorgi",GEO,M,,,,1848,0,20,AUG25,1995,i
13623303,"Shonia, Nia",GEO,F,,,,1490,0,40,AUG25,2008,wi
13628518,"Shonia, Sergo",GEO,M,,,,1524,0,20,AUG25,2003,i
13633350,"Shubitidze, Barbare",GEO,F,,,,1701,0,40,AUG25,2010,w
13634046,"Shughliashvili, Sopho",GEO,M,,,,1402,0,40,AUG25,2010,
13614932,"Shurghaia, Levan",GEO,M,,,,1912,0,20,AUG25,1971,i
13648470,"Shurghulaia, Tamaz",GEO,M,,,,1669,0,20,AUG25,1980,
13619276,"Shvangiradze, Amiko",GEO,M,,,,1581,0,40,AUG25,2007,i
13639722,"Shvelidze, Davit",GEO,M,,,,1478,0,40,AUG25,2011,
13602799,"Sibashvili, Giorgi",GEO,M,IM,,,2448,0,10,AUG25,1998,
13620410,"Sichinava, Giorgi",GEO,M,,,,1594,0,20,AUG25,2006,i
13623079,"Sichinava, Jumber",GEO,M,,,,1506,0,40,AUG25,2008,i
13620401,"Sichinava, Mariam",GEO,F,,,,1822,0,40,AUG25,2007,wi
13623060,"Sichinava, Mikheil",GEO,M,,,,1582,0,40,AUG25,2007,i
13611194,"Sidamonidze, Anastasia",GEO,F,,,,1839,0,20,AUG25,2002,w
13620800,"Silagadze, Mate",GEO,M,,,,1674,0,40,AUG25,2007,
13628577,"Simsive, Koba",GEO,M,,,,1561,0,20,AUG25,1962,i
13608266,"Sinatashvili, Soso",GEO,M,,,,1778,0,20,AUG25,1998,i
13601318,"Siprashvili, Ivane",GEO,M,,,,1986,0,20,AUG25,1955,i
13633570,"Siradze, Dachi",GEO,M,,,,1419,0,40,AUG25,2012,i
13603973,"Siradze, Salome",GEO,F,,IA,,1914,0,20,AUG25,1991,wi
13603299,"Sirbiladze, Sulkhan",GEO,M,,,,2168,0,20,AUG25,1985,i
13615084,"Skachkov, Vladimer",GEO,M,,,,1884,0,20,AUG25,1965,i
355105450,"Skhiladze, Otar",GEO,M,,,,AFM,1526,5,AUG25,1984,
13634054,"Skhirtladze, Barbare",GEO,F,,,,1472,0,40,AUG25,2010,wi
13641948,"Skripnichenko, Giorgi",GEO,M,,,,1669,0,20,AUG25,1998,i
13615440,"Solomonia, Nino",GEO,F,,,,1533,0,20,AUG25,2005,wi
13641395,"Sopromadze, Giorgi",GEO,M,,,,1510,0,40,AUG25,2011,
13626540,"Sordia, Marta",GEO,F,,,,1603,0,40,AUG25,2010,wi
13632981,"Sosebashvili, Giga",GEO,M,,,,1554,0,20,AUG25,1991,i
13610651,"Stepanova, Olgha",GEO,F,,,,1626,0,20,AUG25,2001,wi
13622420,"Sturua, Tengiz",GEO,M,,,,1525,0,20,AUG25,2006,i
13600095,"Sturua, Zurab",GEO,M,GM,,,2447,0,10,AUG25,1959,i
13635131,"Suarishvili, Nikoloz",GEO,M,,,,1560,0,40,AUG25,2012,i
13622587,"Sudadze, Giorgi",GEO,M,,,,1500,0,20,AUG25,2006,i
13623095,"Sukhiashvili, Davit",GEO,M,,,,1581,0,40,AUG25,2008,i
13637207,"Sukhiashvili, Zurab",GEO,M,,,,1566,0,20,AUG25,1979,i
13611810,"Sulaberidze, Giorgi",GEO,M,,,,1596,0,20,AUG25,1998,
13602284,"Sulashvili, Malkhaz",GEO,M,IM,,,2281,0,10,AUG25,1986,i
13651447,"Sulkhanishvili, Davit",GEO,M,,,,1658,0,40,AUG25,2011,
13640020,"Sulkhanishvili, Elene",GEO,F,,,,1447,0,40,AUG25,2008,wi
13651242,"Sulkhanisvili, Daviti",GEO,M,,,,AFM,1591,0,AUG25,2011,
13639080,"Suqashvili, Luka",GEO,M,,,,1408,0,20,AUG25,1995,i
13618148,"Sutidze, Otar",GEO,M,,,,1683,0,20,AUG25,2003,i
13638661,"Svanadze, Lile",GEO,F,,,,1538,0,40,AUG25,2016,w
13606301,"Svanidze, Archil",GEO,M,,,,1735,0,20,AUG25,1997,i
13634798,"Svanidze, Ioane",GEO,M,,,,1497,0,40,AUG25,2013,
13607774,"Svanidze, Mikheil",GEO,M,,,,1549,0,20,AUG25,1986,i
13609378,"Svanidze, Tamaz",GEO,M,,,,1761,0,20,AUG25,1965,i
13639641,"Tabagari, Nikoloz",GEO,M,,,,1450,0,20,AUG25,2005,i
13630024,"Tabatadze, Erekle",GEO,M,,,,2086,8,40,AUG25,2010,
13625420,"Tabatadze, Gela",GEO,M,,,,1693,0,20,AUG25,1957,i
13641000,"Tabatadze, Tamar",GEO,F,,,,1488,0,40,AUG25,2010,w
355106303,"Tabliashvili, Khvtiso",GEO,M,,,,1581,0,20,AUG25,1993,i
13610821,"Taboridze, Giorgi",GEO,M,,,,1488,0,20,AUG25,1998,i
13608720,"Tabukashvili, Lasha",GEO,M,,,,1712,0,20,AUG25,1997,i
13611003,"Tadumadze, Giorgi",GEO,M,,,,1681,0,20,AUG25,2001,i
13635425,"Takidze, Anri",GEO,M,,,,1442,0,20,AUG25,2006,i
13630300,"Talikadze, Leri",GEO,M,,,,1573,0,20,AUG25,2001,
13646338,"Tamazashvili, Guladi",GEO,M,,,,1550,0,20,AUG25,2000,i
13601911,"Tandashvili, Margalita",GEO,F,,,,1975,0,20,AUG25,1958,wi
13634917,"Targamadze, Alexandre",GEO,M,,,,1462,0,40,AUG25,2012,
13613740,"Tasoshvili, Tamar",GEO,F,,,,1646,4,20,AUG25,2005,w
13638297,"Tatoshvili, Daviti",GEO,M,,,,1612,0,20,AUG25,1999,i
13610830,"Tatoshvili, Nodar",GEO,M,,,,1597,0,20,AUG25,2004,i
13639480,"Tatvidze, Avto",GEO,M,,,,1534,0,20,AUG25,2006,i
13628470,"Tatvidze, Davit",GEO,M,,,,1856,0,40,AUG25,2012,i
13637088,"Tavberidze, Alexandre",GEO,M,,,,1600,0,40,AUG25,2012,
13611712,"Tavzarashvili, Giorgi",GEO,M,,,,1855,0,20,AUG25,1999,i
13601539,"Tchigrachon, David",GEO,M,,,,1729,0,20,AUG25,1965,i
13649213,"Tchkonia, Shota",GEO,M,,,,1860,0,20,AUG25,1957,
13631977,"Tebidze, Bachuki",GEO,M,,,,1504,0,40,AUG25,2010,
13642774,"Tebidze, Tekla",GEO,F,,,,1435,0,40,AUG25,2012,w
13629409,"Tediashvili, Alexandre",GEO,M,,,,1431,0,20,AUG25,2005,i
13618814,"Tedoradze, Tornike",GEO,M,,,,1516,0,20,AUG25,2004,i
13649019,"Tedorashvili, Tornike",GEO,M,,,,1459,0,40,AUG25,2011,
13603515,"Tedoshvili, Ana",GEO,F,,,,1761,0,20,AUG25,1998,wi
24126721,"Ter-Karapetyan, Armen",GEO,M,,,,2015,0,20,AUG25,1986,i
13614517,"Terashvili, Nariman",GEO,M,,,,1960,0,20,AUG25,1955,i
13600486,"Tereladze, Sopio",GEO,F,WIM,WIM,,2119,0,20,AUG25,1972,w
13602829,"Tetradze, Andrey",GEO,M,FM,,,2125,0,20,AUG25,1965,i
13605470,"Tevzadze, Mariam",GEO,F,,,,2016,0,20,AUG25,1993,w
13613855,"Tikurishvili, Davit",GEO,M,FM,,,2210,0,20,AUG25,1972,i
13610481,"Todashvili, Mate",GEO,M,,,,1882,7,20,AUG25,2002,
13632094,"Todua, Andria",GEO,M,,,,1491,0,40,AUG25,2012,
13623338,"Todua, Vasil",GEO,M,,,,1642,0,20,AUG25,2000,i
13626477,"Toidze, Tengiz",GEO,M,,,,2014,0,40,AUG25,2009,
13601814,"Tonoian, Vernard",GEO,M,,,,1962,0,20,AUG25,1992,i
13639188,"Topuridze, Nikoloz",GEO,M,,,,1404,0,40,AUG25,2007,i
13603906,"Tqavadze, Giorgi",GEO,M,,,,AGM,1936,0,AUG25,1979,i
13601113,"Tqebuchava, Zurab",GEO,M,IM,,,2147,0,20,AUG25,1978,i
13640585,"Tqemaladze, Luka",GEO,M,,,,1518,0,40,AUG25,2011,
13608282,"Tqeshelashvili, Davit",GEO,M,,,,2030,0,20,AUG25,1999,i
13613111,"Tqeshelashvili, Giorgi",GEO,M,,,,1938,0,20,AUG25,1976,i
13600737,"Tqeshelashvili, Sopio",GEO,F,WGM,WGM,FA,1917,7,20,AUG25,1979,w
13620690,"Tqeshelashvili, Veronika",GEO,F,,,,1563,0,40,AUG25,2008,wi
13621009,"Tqesheliadze, Giorgi",GEO,M,,,,1687,0,20,AUG25,1991,i
13649922,"Trapaidze, Andro",GEO,M,,,,1570,0,40,AUG25,2010,
13615912,"Tsaguria, Shota",GEO,M,,,,1494,0,20,AUG25,0,i
13619420,"Tsakhnakia, Gogi",GEO,M,,,,1803,0,20,AUG25,1954,i
13612298,"Tsamalashvili, Mariam",GEO,F,,,,1680,0,20,AUG25,2001,wi
13625993,"Tsanatsqenishvili, Giorgi",GEO,M,,,,2084,0,20,AUG25,2005,
13636901,"Tsanava, Archil",GEO,M,,,,1682,0,20,AUG25,2001,
13648330,"Tsanava, Mariam",GEO,F,,,,1442,0,40,AUG25,2012,w
13603434,"Tsatsalashvili, Keti",GEO,F,WGM,WGM,,2220,0,20,AUG25,1992,w
13643312,"Tsenteradze, Levan",GEO,M,,,,1603,0,20,AUG25,1989,i
13604503,"Tsereteli, Kakhaber",GEO,M,,,,1916,0,20,AUG25,1994,i
13602470,"Tsereteli, Tamar",GEO,F,WGM,WGM,,2312,0,20,AUG25,1985,wi
13612565,"Tsereteli, Tornike",GEO,M,,,,1849,0,20,AUG25,2003,i
13603523,"Tsertsvadze, Mariam",GEO,F,,,,1665,0,20,AUG25,1998,wi
13624075,"Tsertsvadze, Saba",GEO,M,,,,1485,0,40,AUG25,2008,i
13647342,"Tsetskhladze, Dachi",GEO,M,,,,1456,0,40,AUG25,2011,
13631241,"Tsetskhladze, Davit",GEO,M,,,,1601,0,20,AUG25,1988,i
13644017,"Tsetskhladze, Davit",GEO,M,,,,1670,0,20,AUG25,1995,
13643134,"Tsetskhladze, Emzar",GEO,M,,,,1443,0,40,AUG25,2008,i
13623834,"Tsetskhladze, Mariam",GEO,F,WFM,WFM,,1883,7,40,AUG25,2009,w
13623567,"Tsetskhladze, Shota",GEO,M,,,,1831,0,40,AUG25,2010,
13623885,"Tsikaridze, Anastasia",GEO,F,,,,1427,0,40,AUG25,2010,wi
13601806,"Tsikarishvili, Nana",GEO,F,,,,1957,0,20,AUG25,1984,wi
13632450,"Tsiklauri, Giorgi",GEO,M,,,,1553,0,40,AUG25,2011,i
13644165,"Tsiklauri, Giorgi",GEO,M,,,,1441,0,20,AUG25,2005,i
13640593,"Tsiklauri, Nikoloz",GEO,M,,,,1419,0,40,AUG25,2010,i
13620991,"Tsikubadze, Lomta",GEO,M,,,,1680,0,20,AUG25,1989,i
13609726,"Tsilosani, Sergo",GEO,M,,,,1690,0,20,AUG25,1996,i
13616196,"Tsipiani, Gierg",GEO,M,,,,1908,0,20,AUG25,1998,i
13602942,"Tsiramua, Nodar",GEO,M,,,,1987,0,20,AUG25,1984,i
13605666,"Tsirekidze, Bakari",GEO,M,,,,1888,0,20,AUG25,1997,i
13619012,"Tsirekidze, Barbare",GEO,F,,,,1654,0,40,AUG25,2007,wi
13622633,"Tsirkvadze, Nikoloz",GEO,M,,,,1547,0,20,AUG25,2006,i
13601920,"Tsitaishvili, Nino",GEO,F,,,,1912,0,20,AUG25,1980,wi
13634275,"Tsiteladze, Roman",GEO,M,,,,1490,0,20,AUG25,2000,
13634410,"Tsitlauri, Ilia",GEO,M,,,,1487,0,40,AUG25,2011,
13632590,"Tsivadze, Revaz",GEO,M,,,,1718,0,40,AUG25,2013,
13647253,"Tsivtsivadze, Dachi",GEO,M,,,,1565,0,40,AUG25,2015,
13628496,"Tsivtsivadze, Nini",GEO,F,,,,1624,0,40,AUG25,2011,w
13608738,"Tskhadadze, Giorgi",GEO,M,,,,1812,0,20,AUG25,1996,
13630059,"Tskhadadze, Nikoloz",GEO,M,,,,1515,3,40,AUG25,2010,
13622439,"Tskhenosanidze, Nikoloz",GEO,M,,,,1604,0,20,AUG25,2006,i
13624237,"Tskhomelidze, Badri",GEO,M,,,,1709,0,20,AUG25,1972,
13637010,"Tskhovrebadze, Alexandre",GEO,M,,,,1477,0,40,AUG25,2017,
13639102,"Tskhvaradze, Luka",GEO,M,,,,1533,0,20,AUG25,2001,i
13616803,"Tskipurishvili, Daviti",GEO,M,,,,1864,0,20,AUG25,2004,i
13604023,"Tskitishvili, Alexandre",GEO,M,,,,2080,17,20,AUG25,1990,
13601890,"Tskitishvili, Giorgi",GEO,M,,,,2270,8,20,AUG25,1953,
13632060,"Tskitishvili, Guram",GEO,M,,,,1564,0,20,AUG25,2006,i
13627457,"Tsobekhia, Malkhaz",GEO,M,,,,1707,0,20,AUG25,1970,i
13623311,"Tsobekhia, Megi",GEO,F,,,,1509,0,40,AUG25,2008,wi
13611895,"Tsomaia, Ekaterine",GEO,F,,,,1733,0,20,AUG25,2001,wi
13605496,"Tsomaia, Merab",GEO,M,,,,1924,0,20,AUG25,1994,i
13611518,"Tsomaia, Nikoloz",GEO,M,FM,,,2109,0,20,AUG25,2000,i
13610341,"Tsomaia, Sergo",GEO,M,,,,1797,0,20,AUG25,1950,i
13627465,"Tsotsolashvili, Alexandre",GEO,M,,,,1483,0,40,AUG25,2008,i
13615939,"Tsotsonava, Elene",GEO,F,WFM,WFM,,1934,0,20,AUG25,2005,wi
13647580,"Tsotsonava, Giorgi",GEO,M,,,,1410,0,40,AUG25,2012,
13625845,"Tsotsonava, Lizi",GEO,F,,,,1501,0,40,AUG25,2007,wi
13634925,"Tsulaia, Giorgi",GEO,M,,,,1680,0,40,AUG25,2014,
13618008,"Tsulaia, Giorgi",GEO,M,,,,1515,0,20,AUG25,2000,i
13617060,"Tsulaia, Luka",GEO,M,,,,1606,0,20,AUG25,2006,i
13621084,"Tsulaia, Mishiko",GEO,M,,,,1452,0,40,AUG25,2009,i
13624326,"Tsuleiskiri, Merab",GEO,M,,,,1578,0,20,AUG25,1968,
13624164,"Tsurtsumia, Demetre",GEO,M,,,,1482,0,40,AUG25,2010,
13624130,"Tsurtsumia, Luka",GEO,M,,,,1764,0,40,AUG25,2009,
13604350,"Tsurtsumia, Romanoz",GEO,M,,,,1959,0,20,AUG25,1958,i
13620916,"Tsverava, Beka",GEO,M,,,,1564,0,40,AUG25,2010,i
13603124,"Tughushi, Ioseb",GEO,M,,,,2066,0,20,AUG25,1990,i
13639420,"Turabelidze, Berdia",GEO,M,,,,1858,0,20,AUG25,1969,i
13625446,"Turkia, Giorgi",GEO,M,,,,1532,0,20,AUG25,2004,i
13624997,"Tushishvili, Tamaz",GEO,M,,,,1885,0,40,AUG25,2009,
13626019,"Tutberidze, Luka",GEO,M,,,,1497,0,20,AUG25,2004,i
13602853,"Tutisani, Noe",GEO,M,IM,,,2330,0,20,AUG25,1998,i
13641905,"Tvildiani, Nikoloz",GEO,M,,,,1556,0,20,AUG25,2000,i
13613456,"Uchumbegashvili, Genadi",GEO,M,,,,1792,0,20,AUG25,1959,i
13605518,"Unapkoshvili, Nani",GEO,F,,,,2003,0,20,AUG25,1995,w
13620983,"Undilashvili, Archil",GEO,M,,,,1747,0,20,AUG25,1992,i
13618784,"Urushadze, Anri",GEO,M,,,,1540,0,20,AUG25,2003,i
13602705,"Urushadze, Davit",GEO,M,,,,2054,0,20,AUG25,1988,i
13623591,"Utkin, Vadim",GEO,M,,,,1624,0,20,AUG25,1999,i
13624717,"Vacharadze, Sopio",GEO,M,,,,1692,0,20,AUG25,1983,i
13630270,"Vacheishvili, Natia",GEO,F,,,,1816,0,20,AUG25,1985,wi
13602560,"Vakhania, Aleksandra",GEO,F,WIM,WIM,NA,2022,0,20,AUG25,1986,w
13605569,"Valishvili, Mariam",GEO,F,,,,1815,0,20,AUG25,1996,wi
13608320,"Varazashvili, Giorgi",GEO,M,,,,1722,0,20,AUG25,2001,i
13633821,"Varsimashvili, Luka",GEO,M,,,,1553,8,40,AUG25,2009,
13635816,"Vartanyan, Iuri",GEO,M,,,,1491,0,40,AUG25,2010,i
13626965,"Vasadze, Alexandre",GEO,M,,,,1444,0,40,AUG25,2010,i
13629760,"Vasadze, Lizi",GEO,F,,,,1477,0,40,AUG25,2010,wi
13629808,"Vasadze, Natia",GEO,F,,,,1573,0,40,AUG25,2007,wi
13624873,"Vashakidze, Elene",GEO,F,,,,1414,0,40,AUG25,2010,wi
13631284,"Vashakidze, Vazha",GEO,M,,,,1480,0,20,AUG25,1988,
13639471,"Vashaqmadze, Davit-Dazmir",GEO,M,,,,1453,0,40,AUG25,2008,i
13600524,"Vepkhvishvili, Varlam",GEO,M,FM,,,1938,0,20,AUG25,1953,i
13604376,"Volkov, Nika",GEO,M,CM,,,2346,0,10,AUG25,1994,
13623370,"Voskanyan, Grigol",GEO,M,,,,2148,0,20,AUG25,1985,i
13641174,"Zakroshvili, Vakhtang",GEO,M,,,,1551,0,20,AUG25,1968,i
13642316,"Zarandia, Andria",GEO,M,,,,1525,0,40,AUG25,2013,
13612093,"Zardiashvili, Akaki",GEO,M,,,,1966,0,20,AUG25,1992,i
13625985,"Zardiashvili, Givi",GEO,M,,,,1582,0,20,AUG25,1959,i
13608339,"Zarginava, Omar",GEO,M,,,,1734,0,20,AUG25,2000,i
13635204,"Zaridze, Barbare",GEO,F,,,,1429,0,40,AUG25,2011,wi
13623869,"Zarkua, Anastasia",GEO,F,,,,1608,0,40,AUG25,2010,wi
13602292,"Zarkua, Davit",GEO,M,IM,,,2389,0,10,AUG25,1987,i
13603825,"Zarkua, Elisabed",GEO,F,,,,1971,0,20,AUG25,1991,wi
13611992,"Zeragia, Rozland",GEO,M,,,,1533,0,20,AUG25,1943,i
13616854,"Zhghenti, Nino",GEO,F,,,,1609,0,20,AUG25,2005,wi
13639439,"Zhorzholiani, Kakha",GEO,M,,,,1597,0,20,AUG25,1975,i
13604031,"Zhorzholiani, Meri",GEO,F,WFM,WFM,FI,2056,0,20,AUG25,1990,wi
13604813,"Zhvania, Luka",GEO,M,,,,1771,0,20,AUG25,1994,i
13623877,"Zoidze, Giorgi",GEO,M,,,,1525,0,40,AUG25,2010,i
13630946,"Zomartova, Ilya",GEO,M,,,,1919,0,40,AUG25,2009,
13646826,"Zurabishvili, Gela",GEO,M,,,,1494,0,40,AUG25,2010,
13618407,"Zurashvili, Zuka",GEO,M,,,,1423,0,40,AUG25,2008,i