[
  {
    "ID Number": "7400640"
  },
  {
    "ID Number": "33100470"
  },
  {
    "ID Number": "33100900"
  },
  {
    "ID Number": "33100780"
  },
  {
    "ID Number": "33101299"
  },
  {
    "ID Number": "33100454"
  },
  {
    "ID Number": "33100527"
  },
  {
    "ID Number": "33100535"
  },
  {
    "ID Number": "2635682"
  },
  {
    "ID Number": "33101116"
  },
  {
    "ID Number": "33100101"
  },
  {
    "ID Number": "33101345"
  },
  {
    "ID Number": "419052"
  },
  {
    "ID Number": "33100748"
  }
]