[
  {
    "ID Number": "7400128"
  },
  {
    "ID Number": "7403798"
  },
  {
    "ID Number": "7414820"
  },
  {
    "ID Number": "7400756"
  },
  {
    "ID Number": "7407220"
  },
  {
    "ID Number": "7401434"
  },
  {
    "ID Number": "7401183"
  },
  {
    "ID Number": "7410905"
  },
  {
    "ID Number": "7402732"
  },
  {
    "ID Number": "7408528"
  },
  {
    "ID Number": "7409451"
  },
  {
    "ID Number": "7400411"
  },
  {
    "ID Number": "7402120"
  },
  {
    "ID Number": "7412240"
  },
  {
    "ID Number": "7405693"
  },
  {
    "ID Number": "7401310"
  },
  {
    "ID Number": "7412100"
  },
  {
    "ID Number": "7402228"
  },
  {
    "ID Number": "7402546"
  },
  {
    "ID Number": "7400934"
  },
  {
    "ID Number": "7400616"
  },
  {
    "ID Number": "7402023"
  },
  {
    "ID Number": "7400322"
  },
  {
    "ID Number": "7409249"
  },
  {
    "ID Number": "7402740"
  },
  {
    "ID Number": "7405022"
  },
  {
    "ID Number": "7410328"
  },
  {
    "ID Number": "7400853"
  },
  {
    "ID Number": "7412797"
  },
  {
    "ID Number": "7403690"
  },
  {
    "ID Number": "7403950"
  },
  {
    "ID Number": "7403011"
  },
  {
    "ID Number": "7408056"
  },
  {
    "ID Number": "7408064"
  },
  {
    "ID Number": "7400241"
  },
  {
    "ID Number": "7404123"
  },
  {
    "ID Number": "7402074"
  },
  {
    "ID Number": "7401680"
  },
  {
    "ID Number": "7402287"
  },
  {
    "ID Number": "7402082"
  },
  {
    "ID Number": "7402996"
  },
  {
    "ID Number": "7405952"
  },
  {
    "ID Number": "7403046"
  },
  {
    "ID Number": "7402236"
  },
  {
    "ID Number": "7402627"
  },
  {
    "ID Number": "7404573"
  },
  {
    "ID Number": "7402848"
  },
  {
    "ID Number": "7401370"
  },
  {
    "ID Number": "7400519"
  },
  {
    "ID Number": "7408013"
  },
  {
    "ID Number": "7414838"
  },
  {
    "ID Number": "7409990"
  },
  {
    "ID Number": "7400969"
  },
  {
    "ID Number": "7405570"
  },
  {
    "ID Number": "7400977"
  },
  {
    "ID Number": "7403054"
  },
  {
    "ID Number": "7400454"
  },
  {
    "ID Number": "7402040"
  },
  {
    "ID Number": "7400179"
  },
  {
    "ID Number": "7403941"
  },
  {
    "ID Number": "7405146"
  },
  {
    "ID Number": "7408560"
  },
  {
    "ID Number": "7412541"
  },
  {
    "ID Number": "7408102"
  },
  {
    "ID Number": "7403186"
  },
  {
    "ID Number": "7405448"
  },
  {
    "ID Number": "7405081"
  },
  {
    "ID Number": "7401752"
  },
  {
    "ID Number": "7402724"
  },
  {
    "ID Number": "7408943"
  },
  {
    "ID Number": "7403151"
  },
  {
    "ID Number": "7400659"
  },
  {
    "ID Number": "7406800"
  },
  {
    "ID Number": "7407530"
  },
  {
    "ID Number": "7402309"
  },
  {
    "ID Number": "7404212"
  },
  {
    "ID Number": "7400993"
  },
  {
    "ID Number": "7406517"
  },
  {
    "ID Number": "7404557"
  },
  {
    "ID Number": "7404794"
  },
  {
    "ID Number": "7400039"
  },
  {
    "ID Number": "7407416"
  },
  {
    "ID Number": "7403372"
  },
  {
    "ID Number": "7400730"
  },
  {
    "ID Number": "7400233"
  },
  {
    "ID Number": "7404999"
  },
  {
    "ID Number": "7405871"
  },
  {
    "ID Number": "7414846"
  },
  {
    "ID Number": "7402333"
  },
  {
    "ID Number": "7401124"
  },
  {
    "ID Number": "7411693"
  },
  {
    "ID Number": "7404506"
  },
  {
    "ID Number": "7404581"
  },
  {
    "ID Number": "7406703"
  },
  {
    "ID Number": "7404611"
  },
  {
    "ID Number": "7402155"
  },
  {
    "ID Number": "7407955"
  },
  {
    "ID Number": "7407238"
  },
  {
    "ID Number": "7414854"
  },
  {
    "ID Number": "7410085"
  },
  {
    "ID Number": "7403402"
  },
  {
    "ID Number": "7407190"
  },
  {
    "ID Number": "7400810"
  },
  {
    "ID Number": "7400330"
  },
  {
    "ID Number": "7402473"
  },
  {
    "ID Number": "7402210"
  },
  {
    "ID Number": "7402775"
  },
  {
    "ID Number": "7402350"
  },
  {
    "ID Number": "7404565"
  },
  {
    "ID Number": "7403348"
  },
  {
    "ID Number": "7400012"
  },
  {
    "ID Number": "7401256"
  },
  {
    "ID Number": "7404948"
  },
  {
    "ID Number": "7402597"
  },
  {
    "ID Number": "7402481"
  },
  {
    "ID Number": "7403674"
  },
  {
    "ID Number": "7402872"
  },
  {
    "ID Number": "7403488"
  },
  {
    "ID Number": "7403496"
  },
  {
    "ID Number": "7401949"
  },
  {
    "ID Number": "7400055"
  },
  {
    "ID Number": "7401531"
  },
  {
    "ID Number": "7404204"
  },
  {
    "ID Number": "7409923"
  },
  {
    "ID Number": "7402708"
  },
  {
    "ID Number": "7407076"
  },
  {
    "ID Number": "7412770"
  },
  {
    "ID Number": "7407599"
  },
  {
    "ID Number": "7400306"
  },
  {
    "ID Number": "7410387"
  },
  {
    "ID Number": "7401426"
  },
  {
    "ID Number": "7400209"
  },
  {
    "ID Number": "7403909"
  },
  {
    "ID Number": "7400284"
  },
  {
    "ID Number": "7408021"
  },
  {
    "ID Number": "7411758"
  },
  {
    "ID Number": "7400195"
  },
  {
    "ID Number": "7405197"
  },
  {
    "ID Number": "7407297"
  },
  {
    "ID Number": "7407815"
  },
  {
    "ID Number": "7402562"
  },
  {
    "ID Number": "7400314"
  },
  {
    "ID Number": "7404875"
  },
  {
    "ID Number": "7402635"
  },
  {
    "ID Number": "7400446"
  },
  {
    "ID Number": "7403291"
  },
  {
    "ID Number": "7409761"
  },
  {
    "ID Number": "7410522"
  },
  {
    "ID Number": "7402694"
  },
  {
    "ID Number": "7400268"
  },
  {
    "ID Number": "7405979"
  },
  {
    "ID Number": "7404727"
  },
  {
    "ID Number": "7404395"
  },
  {
    "ID Number": "7412258"
  },
  {
    "ID Number": "7402880"
  },
  {
    "ID Number": "7408196"
  },
  {
    "ID Number": "7405014"
  },
  {
    "ID Number": "7400764"
  },
  {
    "ID Number": "7410280"
  },
  {
    "ID Number": "7403992"
  },
  {
    "ID Number": "7404000"
  },
  {
    "ID Number": "7403917"
  },
  {
    "ID Number": "7406738"
  },
  {
    "ID Number": "7405464"
  },
  {
    "ID Number": "7400683"
  },
  {
    "ID Number": "7404590"
  },
  {
    "ID Number": "7400845"
  },
  {
    "ID Number": "7400691"
  },
  {
    "ID Number": "7407130"
  },
  {
    "ID Number": "7400713"
  },
  {
    "ID Number": "7401132"
  },
  {
    "ID Number": "7400381"
  },
  {
    "ID Number": "7401736"
  },
  {
    "ID Number": "7403550"
  },
  {
    "ID Number": "7404409"
  },
  {
    "ID Number": "7407289"
  },
  {
    "ID Number": "7407300"
  },
  {
    "ID Number": "7404840"
  },
  {
    "ID Number": "7404905"
  },
  {
    "ID Number": "7400608"
  },
  {
    "ID Number": "7403240"
  },
  {
    "ID Number": "7402066"
  },
  {
    "ID Number": "7412045"
  },
  {
    "ID Number": "7402392"
  },
  {
    "ID Number": "7401280"
  },
  {
    "ID Number": "7402058"
  },
  {
    "ID Number": "7403704"
  },
  {
    "ID Number": "7402538"
  },
  {
    "ID Number": "7404107"
  },
  {
    "ID Number": "7402805"
  },
  {
    "ID Number": "7400101"
  },
  {
    "ID Number": "7404603"
  },
  {
    "ID Number": "7408234"
  },
  {
    "ID Number": "7409192"
  },
  {
    "ID Number": "7400578"
  },
  {
    "ID Number": "7406444"
  },
  {
    "ID Number": "7400500"
  },
  {
    "ID Number": "7412789"
  },
  {
    "ID Number": "7400438"
  },
  {
    "ID Number": "7403135"
  },
  {
    "ID Number": "7410239"
  },
  {
    "ID Number": "7407211"
  },
  {
    "ID Number": "7402406"
  },
  {
    "ID Number": "7406690"
  }
]