[
  {
    "ID Number": "15703720"
  },
  {
    "ID Number": "15702049"
  },
  {
    "ID Number": "15701964"
  },
  {
    "ID Number": "15702413"
  },
  {
    "ID Number": "10801839"
  },
  {
    "ID Number": "15700542"
  },
  {
    "ID Number": "15701778"
  },
  {
    "ID Number": "15704157"
  },
  {
    "ID Number": "15700631"
  },
  {
    "ID Number": "15701905"
  },
  {
    "ID Number": "15704327"
  },
  {
    "ID Number": "15702545"
  },
  {
    "ID Number": "15700283"
  },
  {
    "ID Number": "15700054"
  },
  {
    "ID Number": "15700186"
  },
  {
    "ID Number": "15700356"
  },
  {
    "ID Number": "15704149"
  },
  {
    "ID Number": "15703738"
  },
  {
    "ID Number": "15708144"
  },
  {
    "ID Number": "15701719"
  },
  {
    "ID Number": "15702421"
  },
  {
    "ID Number": "15702316"
  },
  {
    "ID Number": "15702286"
  },
  {
    "ID Number": "15700755"
  },
  {
    "ID Number": "15707687"
  },
  {
    "ID Number": "15707598"
  },
  {
    "ID Number": "10801820"
  },
  {
    "ID Number": "15702081"
  },
  {
    "ID Number": "15708985"
  },
  {
    "ID Number": "15700062"
  },
  {
    "ID Number": "2028948"
  },
  {
    "ID Number": "15700046"
  },
  {
    "ID Number": "15701913"
  },
  {
    "ID Number": "15708250"
  },
  {
    "ID Number": "15700291"
  },
  {
    "ID Number": "15704254"
  },
  {
    "ID Number": "15701107"
  },
  {
    "ID Number": "15700089"
  },
  {
    "ID Number": "15702170"
  },
  {
    "ID Number": "15704521"
  },
  {
    "ID Number": "15707652"
  },
  {
    "ID Number": "15702057"
  },
  {
    "ID Number": "15704432"
  },
  {
    "ID Number": "15701085"
  },
  {
    "ID Number": "15708977"
  },
  {
    "ID Number": "15700194"
  },
  {
    "ID Number": "15700321"
  },
  {
    "ID Number": "15707695"
  },
  {
    "ID Number": "15704661"
  },
  {
    "ID Number": "15704190"
  },
  {
    "ID Number": "15704270"
  },
  {
    "ID Number": "15700119"
  },
  {
    "ID Number": "15704459"
  },
  {
    "ID Number": "15704203"
  },
  {
    "ID Number": "15702928"
  },
  {
    "ID Number": "15702278"
  },
  {
    "ID Number": "15702090"
  },
  {
    "ID Number": "15710530"
  },
  {
    "ID Number": "15700267"
  },
  {
    "ID Number": "15711153"
  },
  {
    "ID Number": "15700739"
  },
  {
    "ID Number": "15704483"
  },
  {
    "ID Number": "15702618"
  },
  {
    "ID Number": "10801804"
  },
  {
    "ID Number": "10801812"
  },
  {
    "ID Number": "15702847"
  },
  {
    "ID Number": "15708500"
  },
  {
    "ID Number": "15708357"
  },
  {
    "ID Number": "15702073"
  },
  {
    "ID Number": "15708853"
  },
  {
    "ID Number": "15707954"
  },
  {
    "ID Number": "15704017"
  },
  {
    "ID Number": "15701735"
  },
  {
    "ID Number": "15700011"
  },
  {
    "ID Number": "15700020"
  },
  {
    "ID Number": "15708195"
  },
  {
    "ID Number": "15708209"
  },
  {
    "ID Number": "15704009"
  },
  {
    "ID Number": "15702804"
  },
  {
    "ID Number": "15700070"
  },
  {
    "ID Number": "15701697"
  },
  {
    "ID Number": "15707601"
  },
  {
    "ID Number": "15708063"
  },
  {
    "ID Number": "15704084"
  },
  {
    "ID Number": "15704173"
  },
  {
    "ID Number": "15702308"
  },
  {
    "ID Number": "15707776"
  },
  {
    "ID Number": "15711269"
  },
  {
    "ID Number": "15704467"
  },
  {
    "ID Number": "15707725"
  },
  {
    "ID Number": "15707490"
  },
  {
    "ID Number": "15702332"
  },
  {
    "ID Number": "15700305"
  },
  {
    "ID Number": "15700097"
  },
  {
    "ID Number": "15701662"
  },
  {
    "ID Number": "15700232"
  },
  {
    "ID Number": "15709507"
  },
  {
    "ID Number": "15708306"
  },
  {
    "ID Number": "15707644"
  },
  {
    "ID Number": "15708020"
  },
  {
    "ID Number": "15704262"
  },
  {
    "ID Number": "15701050"
  },
  {
    "ID Number": "15708373"
  },
  {
    "ID Number": "15700712"
  },
  {
    "ID Number": "15707660"
  },
  {
    "ID Number": "15702502"
  },
  {
    "ID Number": "15702324"
  },
  {
    "ID Number": "15701824"
  },
  {
    "ID Number": "15707873"
  },
  {
    "ID Number": "15709051"
  },
  {
    "ID Number": "15700470"
  },
  {
    "ID Number": "15708233"
  },
  {
    "ID Number": "15700330"
  },
  {
    "ID Number": "15702146"
  },
  {
    "ID Number": "15700950"
  },
  {
    "ID Number": "15700143"
  },
  {
    "ID Number": "15700488"
  },
  {
    "ID Number": "15704530"
  },
  {
    "ID Number": "15711129"
  },
  {
    "ID Number": "15700704"
  },
  {
    "ID Number": "15701611"
  },
  {
    "ID Number": "15702120"
  },
  {
    "ID Number": "15704165"
  },
  {
    "ID Number": "15700690"
  },
  {
    "ID Number": "15702758"
  },
  {
    "ID Number": "15704491"
  },
  {
    "ID Number": "15702510"
  },
  {
    "ID Number": "15701646"
  },
  {
    "ID Number": "15702448"
  },
  {
    "ID Number": "15704181"
  },
  {
    "ID Number": "15702391"
  },
  {
    "ID Number": "15702910"
  },
  {
    "ID Number": "15704033"
  },
  {
    "ID Number": "15702405"
  },
  {
    "ID Number": "15700160"
  },
  {
    "ID Number": "15701930"
  },
  {
    "ID Number": "15700208"
  },
  {
    "ID Number": "15701794"
  },
  {
    "ID Number": "15700313"
  },
  {
    "ID Number": "15701743"
  },
  {
    "ID Number": "15700224"
  },
  {
    "ID Number": "15704475"
  },
  {
    "ID Number": "15704025"
  },
  {
    "ID Number": "15701786"
  },
  {
    "ID Number": "15700135"
  },
  {
    "ID Number": "15700038"
  },
  {
    "ID Number": "15700526"
  },
  {
    "ID Number": "15704513"
  },
  {
    "ID Number": "15708420"
  },
  {
    "ID Number": "15700534"
  },
  {
    "ID Number": "15708381"
  },
  {
    "ID Number": "15707857"
  },
  {
    "ID Number": "15710289"
  },
  {
    "ID Number": "15707504"
  },
  {
    "ID Number": "15702227"
  }
]