[
  {
    "ID Number": "15703720",
    "Name": "Abasimel,Naji Mohammed",
    "Fed": "ETH",
    "Sex": "M",
    "Title": "",
    "WTit": "",
    "OTit": "",
    "Rating": "1806",
    "Gms": "0",
    "K": "40",
    "RatingMonth": "AUG25",
    "B-day": "1991",
    "Flag": "i"
  },
  {
    "ID Number": "15702049",
    "Name": "Abay , Fitsum Desta",
    "Fed": "ETH",
    "Sex": "M",
    "Title": "",
    "WTit": "",
    "OTit": "",
    "Rating": "1984",
    "Gms": "0",
    "K": "40",
    "RatingMonth": "AUG25",
    "B-day": "2000",
    "Flag": "i"
  },
  {
    "ID Number": "15701964",
    "Name": "Abera , Mekdes Demssie",
    "Fed": "ETH",
    "Sex": "F",
    "Title": "",
    "WTit": "",
    "OTit": "",
    "Rating": "1626",
    "Gms": "0",
    "K": "20",
    "RatingMonth": "AUG25",
    "B-day": "1997",
    "Flag": "w"
  },
  {
    "ID Number": "15702413",
    "Name": "Abera Reesom Bisrat",
    "Fed": "ETH",
    "Sex": "M",
    "Title": "",
    "WTit": "",
    "OTit": "",
    "Rating": "1855",
    "Gms": "0",
    "K": "40",
    "RatingMonth": "AUG25",
    "B-day": "1983",
    "Flag": "i"
  },
  {
    "ID Number": "10801839",
    "Name": "Abera, Aydagnuhem Gezachew",
    "Fed": "ETH",
    "Sex": "M",
    "Title": "CM",
    "WTit": "FI",
    "OTit": "",
    "Rating": "2096",
    "Gms": "0",
    "K": "20",
    "RatingMonth": "AUG25",
    "B-day": "1986",
    "Flag": "i"
  },
  {
    "ID Number": "15700542",
    "Name": "Abie, Tilahun Lemma",
    "Fed": "ETH",
    "Sex": "M",
    "Title": "",
    "WTit": "",
    "OTit": "",
    "Rating": "1863",
    "Gms": "0",
    "K": "20",
    "RatingMonth": "AUG25",
    "B-day": "1975",
    "Flag": ""
  },
  {
    "ID Number": "15701778",
    "Name": "Abraha , Yared Kalayou",
    "Fed": "ETH",
    "Sex": "M",
    "Title": "",
    "WTit": "",
    "OTit": "",
    "Rating": "1959",
    "Gms": "0",
    "K": "40",
    "RatingMonth": "AUG25",
    "B-day": "1974",
    "Flag": "i"
  },
  {
    "ID Number": "15704157",
    "Name": "Abrha,Robel Brhane",
    "Fed": "ETH",
    "Sex": "M",
    "Title": "",
    "WTit": "",
    "OTit": "",
    "Rating": "2077",
    "Gms": "0",
    "K": "20",
    "RatingMonth": "AUG25",
    "B-day": "2000",
    "Flag": "i"
  },
  {
    "ID Number": "15700631",
    "Name": "Adebo, Muhaba Detamo",
    "Fed": "ETH",
    "Sex": "M",
    "Title": "CM",
    "WTit": "",
    "OTit": "",
    "Rating": "1950",
    "Gms": "0",
    "K": "20",
    "RatingMonth": "AUG25",
    "B-day": "1988",
    "Flag": "i"
  },
  {
    "ID Number": "15701905",
    "Name": "Adem , Mahmud Seid",
    "Fed": "ETH",
    "Sex": "M",
    "Title": "",
    "WTit": "",
    "OTit": "",
    "Rating": "1773",
    "Gms": "0",
    "K": "40",
    "RatingMonth": "AUG25",
    "B-day": "1998",
    "Flag": "i"
  },
  {
    "ID Number": "15704327",
    "Name": "Agga , Abey Kifle",
    "Fed": "ETH",
    "Sex": "M",
    "Title": "",
    "WTit": "",
    "OTit": "",
    "Rating": "1877",
    "Gms": "0",
    "K": "40",
    "RatingMonth": "AUG25",
    "B-day": "1976",
    "Flag": "i"
  },
  {
    "ID Number": "15702545",
    "Name": "Akmel Nesru Beshir",
    "Fed": "ETH",
    "Sex": "M",
    "Title": "",
    "WTit": "",
    "OTit": "",
    "Rating": "1969",
    "Gms": "0",
    "K": "20",
    "RatingMonth": "AUG25",
    "B-day": "1979",
    "Flag": "i"
  },
  {
    "ID Number": "15700283",
    "Name": "Alemu Huluka, Aschalech",
    "Fed": "ETH",
    "Sex": "F",
    "Title": "",
    "WTit": "",
    "OTit": "",
    "Rating": "1622",
    "Gms": "0",
    "K": "40",
    "RatingMonth": "AUG25",
    "B-day": "1978",
    "Flag": "wi"
  },
  {
    "ID Number": "15700054",
    "Name": "Alemu, Fikreselassie",
    "Fed": "ETH",
    "Sex": "M",
    "Title": "",
    "WTit": "",
    "OTit": "",
    "Rating": "2067",
    "Gms": "0",
    "K": "40",
    "RatingMonth": "AUG25",
    "B-day": "0",
    "Flag": "i"
  },
  {
    "ID Number": "15700186",
    "Name": "Alemu, Haregeweyn Abera",
    "Fed": "ETH",
    "Sex": "F",
    "Title": "",
    "WTit": "",
    "OTit": "",
    "Rating": "1689",
    "Gms": "0",
    "K": "40",
    "RatingMonth": "AUG25",
    "B-day": "1996",
    "Flag": "wi"
  },
  {
    "ID Number": "15700356",
    "Name": "Altaye, Girum Teklewold",
    "Fed": "ETH",
    "Sex": "M",
    "Title": "",
    "WTit": "",
    "OTit": "",
    "Rating": "1956",
    "Gms": "0",
    "K": "20",
    "RatingMonth": "AUG25",
    "B-day": "1980",
    "Flag": ""
  },
  {
    "ID Number": "15704149",
    "Name": "Anjulo,Biruk Fantahun",
    "Fed": "ETH",
    "Sex": "M",
    "Title": "",
    "WTit": "",
    "OTit": "",
    "Rating": "1878",
    "Gms": "0",
    "K": "40",
    "RatingMonth": "AUG25",
    "B-day": "1995",
    "Flag": "i"
  },
  {
    "ID Number": "15703738",
    "Name": "Aregay,Feven Dawit",
    "Fed": "ETH",
    "Sex": "F",
    "Title": "",
    "WTit": "",
    "OTit": "",
    "Rating": "1627",
    "Gms": "0",
    "K": "20",
    "RatingMonth": "AUG25",
    "B-day": "2002",
    "Flag": "wi"
  },
  {
    "ID Number": "15708144",
    "Name": "Arkew , Seyfe Yihenew",
    "Fed": "ETH",
    "Sex": "M",
    "Title": "",
    "WTit": "",
    "OTit": "",
    "Rating": "1722",
    "Gms": "0",
    "K": "40",
    "RatingMonth": "AUG25",
    "B-day": "1994",
    "Flag": "i"
  },
  {
    "ID Number": "15701719",
    "Name": "Aseged,Habtamu sisay",
    "Fed": "ETH",
    "Sex": "M",
    "Title": "",
    "WTit": "",
    "OTit": "",
    "Rating": "1912",
    "Gms": "0",
    "K": "40",
    "RatingMonth": "AUG25",
    "B-day": "1992",
    "Flag": ""
  },
  {
    "ID Number": "15702421",
    "Name": "Asnake,Adugna Girma",
    "Fed": "ETH",
    "Sex": "M",
    "Title": "",
    "WTit": "NA",
    "OTit": "",
    "Rating": "1905",
    "Gms": "0",
    "K": "40",
    "RatingMonth": "AUG25",
    "B-day": "1991",
    "Flag": "i"
  },
  {
    "ID Number": "15702316",
    "Name": "Assefa , Efrem Mesfin",
    "Fed": "ETH",
    "Sex": "M",
    "Title": "",
    "WTit": "",
    "OTit": "",
    "Rating": "2001",
    "Gms": "0",
    "K": "40",
    "RatingMonth": "AUG25",
    "B-day": "1985",
    "Flag": "i"
  },
  {
    "ID Number": "15702286",
    "Name": "Assefu,Yirgalem Addis",
    "Fed": "ETH",
    "Sex": "M",
    "Title": "",
    "WTit": "",
    "OTit": "",
    "Rating": "1903",
    "Gms": "0",
    "K": "40",
    "RatingMonth": "AUG25",
    "B-day": "1982",
    "Flag": ""
  },
  {
    "ID Number": "15700755",
    "Name": "Aster Gebregiorgis",
    "Fed": "ETH",
    "Sex": "F",
    "Title": "",
    "WTit": "",
    "OTit": "",
    "Rating": "1604",
    "Gms": "0",
    "K": "40",
    "RatingMonth": "AUG25",
    "B-day": "1994",
    "Flag": "wi"
  },
  {
    "ID Number": "15707687",
    "Name": "Ayele , Hana Mulugeta",
    "Fed": "ETH",
    "Sex": "F",
    "Title": "",
    "WTit": "",
    "OTit": "",
    "Rating": "1647",
    "Gms": "0",
    "K": "40",
    "RatingMonth": "AUG25",
    "B-day": "2002",
    "Flag": "wi"
  },
  {
    "ID Number": "15707598",
    "Name": "Badene , Habtamu Bayu",
    "Fed": "ETH",
    "Sex": "M",
    "Title": "",
    "WTit": "",
    "OTit": "",
    "Rating": "2043",
    "Gms": "0",
    "K": "20",
    "RatingMonth": "AUG25",
    "B-day": "2003",
    "Flag": "i"
  },
  {
    "ID Number": "10801820",
    "Name": "Bajje, Endashaw Ashame",
    "Fed": "ETH",
    "Sex": "M",
    "Title": "",
    "WTit": "",
    "OTit": "",
    "Rating": "1929",
    "Gms": "0",
    "K": "20",
    "RatingMonth": "AUG25",
    "B-day": "1968",
    "Flag": "i"
  },
  {
    "ID Number": "15702081",
    "Name": "Bantiwalu , Aster Melake",
    "Fed": "ETH",
    "Sex": "F",
    "Title": "",
    "WTit": "",
    "OTit": "",
    "Rating": "1719",
    "Gms": "0",
    "K": "20",
    "RatingMonth": "AUG25",
    "B-day": "1997",
    "Flag": "w"
  },
  {
    "ID Number": "15708985",
    "Name": "Bekele , Miki Abdissa",
    "Fed": "ETH",
    "Sex": "M",
    "Title": "",
    "WTit": "",
    "OTit": "",
    "Rating": "2069",
    "Gms": "0",
    "K": "40",
    "RatingMonth": "AUG25",
    "B-day": "2003",
    "Flag": ""
  },
  {
    "ID Number": "15700062",
    "Name": "Bekele, Abenet",
    "Fed": "ETH",
    "Sex": "M",
    "Title": "",
    "WTit": "",
    "OTit": "",
    "Rating": "2200",
    "Gms": "0",
    "K": "40",
    "RatingMonth": "AUG25",
    "B-day": "0",
    "Flag": "i"
  },
  {
    "ID Number": "2028948",
    "Name": "Belachew, Kebadu M",
    "Fed": "ETH",
    "Sex": "M",
    "Title": "",
    "WTit": "",
    "OTit": "",
    "Rating": "1939",
    "Gms": "0",
    "K": "40",
    "RatingMonth": "AUG25",
    "B-day": "1966",
    "Flag": "i"
  },
  {
    "ID Number": "15700046",
    "Name": "Belachew, Yimam Abera",
    "Fed": "ETH",
    "Sex": "M",
    "Title": "FM",
    "WTit": "",
    "OTit": "",
    "Rating": "2090",
    "Gms": "0",
    "K": "20",
    "RatingMonth": "AUG25",
    "B-day": "1963",
    "Flag": "i"
  },
  {
    "ID Number": "15701913",
    "Name": "Belay , Mekdes Moges",
    "Fed": "ETH",
    "Sex": "F",
    "Title": "WCM",
    "WTit": "WCM",
    "OTit": "",
    "Rating": "1516",
    "Gms": "0",
    "K": "40",
    "RatingMonth": "AUG25",
    "B-day": "2000",
    "Flag": "wi"
  },
  {
    "ID Number": "15708250",
    "Name": "Belayneh , Solomon Gezahegn",
    "Fed": "ETH",
    "Sex": "M",
    "Title": "",
    "WTit": "",
    "OTit": "",
    "Rating": "1946",
    "Gms": "0",
    "K": "40",
    "RatingMonth": "AUG25",
    "B-day": "1977",
    "Flag": "i"
  },
  {
    "ID Number": "15700291",
    "Name": "Berhe, Azeb Asmelash",
    "Fed": "ETH",
    "Sex": "F",
    "Title": "",
    "WTit": "",
    "OTit": "",
    "Rating": "1707",
    "Gms": "0",
    "K": "40",
    "RatingMonth": "AUG25",
    "B-day": "1984",
    "Flag": "wi"
  },
  {
    "ID Number": "15704254",
    "Name": "Berhe,Milat Tekle",
    "Fed": "ETH",
    "Sex": "F",
    "Title": "",
    "WTit": "",
    "OTit": "",
    "Rating": "1483",
    "Gms": "0",
    "K": "40",
    "RatingMonth": "AUG25",
    "B-day": "1995",
    "Flag": "wi"
  },
  {
    "ID Number": "15701107",
    "Name": "Berihe,Adem Tofik",
    "Fed": "ETH",
    "Sex": "M",
    "Title": "",
    "WTit": "",
    "OTit": "",
    "Rating": "AFM",
    "Gms": "1888",
    "K": "0",
    "RatingMonth": "AUG25",
    "B-day": "2003",
    "Flag": "i"
  },
  {
    "ID Number": "15700089",
    "Name": "Bezabeh, Zelalem",
    "Fed": "ETH",
    "Sex": "M",
    "Title": "",
    "WTit": "",
    "OTit": "",
    "Rating": "2038",
    "Gms": "0",
    "K": "40",
    "RatingMonth": "AUG25",
    "B-day": "1965",
    "Flag": "i"
  },
  {
    "ID Number": "15702170",
    "Name": "Birhanu, Tegegn Mehadem",
    "Fed": "ETH",
    "Sex": "M",
    "Title": "",
    "WTit": "",
    "OTit": "",
    "Rating": "2038",
    "Gms": "0",
    "K": "40",
    "RatingMonth": "AUG25",
    "B-day": "1968",
    "Flag": ""
  },
  {
    "ID Number": "15704521",
    "Name": "Bogino , Megersa Gobena",
    "Fed": "ETH",
    "Sex": "M",
    "Title": "",
    "WTit": "",
    "OTit": "",
    "Rating": "1807",
    "Gms": "0",
    "K": "40",
    "RatingMonth": "AUG25",
    "B-day": "1970",
    "Flag": "i"
  },
  {
    "ID Number": "15707652",
    "Name": "Bulcha , Petros Olana",
    "Fed": "ETH",
    "Sex": "M",
    "Title": "",
    "WTit": "",
    "OTit": "",
    "Rating": "1966",
    "Gms": "0",
    "K": "20",
    "RatingMonth": "AUG25",
    "B-day": "2003",
    "Flag": ""
  },
  {
    "ID Number": "15702057",
    "Name": "Ekubamichal,Kibrom Berhe",
    "Fed": "ETH",
    "Sex": "M",
    "Title": "",
    "WTit": "",
    "OTit": "",
    "Rating": "1991",
    "Gms": "0",
    "K": "40",
    "RatingMonth": "AUG25",
    "B-day": "2000",
    "Flag": "i"
  },
  {
    "ID Number": "15704432",
    "Name": "Emana , Amanuel Diriba",
    "Fed": "ETH",
    "Sex": "M",
    "Title": "",
    "WTit": "",
    "OTit": "",
    "Rating": "1776",
    "Gms": "0",
    "K": "40",
    "RatingMonth": "AUG25",
    "B-day": "1994",
    "Flag": "i"
  },
  {
    "ID Number": "15701085",
    "Name": "Enquneh, Eyob",
    "Fed": "ETH",
    "Sex": "M",
    "Title": "",
    "WTit": "",
    "OTit": "",
    "Rating": "1941",
    "Gms": "0",
    "K": "40",
    "RatingMonth": "AUG25",
    "B-day": "1984",
    "Flag": "i"
  },
  {
    "ID Number": "15708977",
    "Name": "Ermias , Caleb Yared",
    "Fed": "ETH",
    "Sex": "M",
    "Title": "",
    "WTit": "",
    "OTit": "",
    "Rating": "ACM",
    "Gms": "1560",
    "K": "0",
    "RatingMonth": "AUG25",
    "B-day": "2010",
    "Flag": "i"
  },
  {
    "ID Number": "15700194",
    "Name": "Eshete , Ruth Leykun",
    "Fed": "ETH",
    "Sex": "F",
    "Title": "",
    "WTit": "",
    "OTit": "",
    "Rating": "1633",
    "Gms": "0",
    "K": "20",
    "RatingMonth": "AUG25",
    "B-day": "1994",
    "Flag": "wi"
  },
  {
    "ID Number": "15700321",
    "Name": "Eshetu, Bizuayehu Haile",
    "Fed": "ETH",
    "Sex": "M",
    "Title": "",
    "WTit": "",
    "OTit": "",
    "Rating": "1935",
    "Gms": "0",
    "K": "40",
    "RatingMonth": "AUG25",
    "B-day": "1983",
    "Flag": "i"
  },
  {
    "ID Number": "15707695",
    "Name": "Fekede , Dagim Tiruneh",
    "Fed": "ETH",
    "Sex": "M",
    "Title": "",
    "WTit": "",
    "OTit": "",
    "Rating": "1794",
    "Gms": "0",
    "K": "40",
    "RatingMonth": "AUG25",
    "B-day": "2004",
    "Flag": "i"
  },
  {
    "ID Number": "15704661",
    "Name": "Gebenom , Baraki Muez",
    "Fed": "ETH",
    "Sex": "M",
    "Title": "",
    "WTit": "",
    "OTit": "",
    "Rating": "1844",
    "Gms": "0",
    "K": "40",
    "RatingMonth": "AUG25",
    "B-day": "1999",
    "Flag": ""
  },
  {
    "ID Number": "15704190",
    "Name": "Gebratsadik , Merhawit Brhane",
    "Fed": "ETH",
    "Sex": "F",
    "Title": "",
    "WTit": "",
    "OTit": "",
    "Rating": "1606",
    "Gms": "0",
    "K": "20",
    "RatingMonth": "AUG25",
    "B-day": "1999",
    "Flag": "wi"
  },
  {
    "ID Number": "15704270",
    "Name": "Gebregiorgis , Habtamu Gebremedhin",
    "Fed": "ETH",
    "Sex": "M",
    "Title": "",
    "WTit": "",
    "OTit": "",
    "Rating": "1900",
    "Gms": "0",
    "K": "20",
    "RatingMonth": "AUG25",
    "B-day": "1990",
    "Flag": "i"
  },
  {
    "ID Number": "15700119",
    "Name": "Gebregziabher, Berhane Gebremichael",
    "Fed": "ETH",
    "Sex": "M",
    "Title": "CM",
    "WTit": "",
    "OTit": "",
    "Rating": "1983",
    "Gms": "0",
    "K": "20",
    "RatingMonth": "AUG25",
    "B-day": "1968",
    "Flag": "i"
  },
  {
    "ID Number": "15704459",
    "Name": "Gebremariam , Temesgen Haileslassie",
    "Fed": "ETH",
    "Sex": "M",
    "Title": "",
    "WTit": "",
    "OTit": "",
    "Rating": "1981",
    "Gms": "0",
    "K": "40",
    "RatingMonth": "AUG25",
    "B-day": "1978",
    "Flag": "i"
  },
  {
    "ID Number": "15704203",
    "Name": "Gebremariam,Tewolde Gebreamlak",
    "Fed": "ETH",
    "Sex": "M",
    "Title": "",
    "WTit": "",
    "OTit": "",
    "Rating": "1795",
    "Gms": "0",
    "K": "40",
    "RatingMonth": "AUG25",
    "B-day": "1987",
    "Flag": "i"
  },
  {
    "ID Number": "15702928",
    "Name": "Gebremedhin,Tsigabu Asay",
    "Fed": "ETH",
    "Sex": "M",
    "Title": "",
    "WTit": "",
    "OTit": "",
    "Rating": "1943",
    "Gms": "0",
    "K": "40",
    "RatingMonth": "AUG25",
    "B-day": "1994",
    "Flag": "i"
  },
  {
    "ID Number": "15702278",
    "Name": "Gebremichael , Dagnachew Mengistu",
    "Fed": "ETH",
    "Sex": "M",
    "Title": "",
    "WTit": "",
    "OTit": "",
    "Rating": "1785",
    "Gms": "0",
    "K": "40",
    "RatingMonth": "AUG25",
    "B-day": "1984",
    "Flag": "i"
  },
  {
    "ID Number": "15702090",
    "Name": "Geleta,Teshome Bekele",
    "Fed": "ETH",
    "Sex": "M",
    "Title": "",
    "WTit": "",
    "OTit": "",
    "Rating": "1810",
    "Gms": "0",
    "K": "40",
    "RatingMonth": "AUG25",
    "B-day": "1974",
    "Flag": "i"
  },
  {
    "ID Number": "15710530",
    "Name": "Gerawerk , Abraham Betrearon",
    "Fed": "ETH",
    "Sex": "M",
    "Title": "",
    "WTit": "",
    "OTit": "",
    "Rating": "1789",
    "Gms": "0",
    "K": "40",
    "RatingMonth": "AUG25",
    "B-day": "2008",
    "Flag": "i"
  },
  {
    "ID Number": "15700267",
    "Name": "Getachew, Michael",
    "Fed": "ETH",
    "Sex": "M",
    "Title": "",
    "WTit": "",
    "OTit": "",
    "Rating": "1943",
    "Gms": "0",
    "K": "40",
    "RatingMonth": "AUG25",
    "B-day": "1982",
    "Flag": "i"
  },
  {
    "ID Number": "15711153",
    "Name": "Gezahagn Girmay Gebrewahid",
    "Fed": "ETH",
    "Sex": "M",
    "Title": "",
    "WTit": "",
    "OTit": "",
    "Rating": "1839",
    "Gms": "0",
    "K": "40",
    "RatingMonth": "AUG25",
    "B-day": "1999",
    "Flag": "i"
  },
  {
    "ID Number": "15700739",
    "Name": "Ghebrehiwet , Haftom Ghebremedhn",
    "Fed": "ETH",
    "Sex": "M",
    "Title": "CM",
    "WTit": "",
    "OTit": "",
    "Rating": "1921",
    "Gms": "0",
    "K": "20",
    "RatingMonth": "AUG25",
    "B-day": "1982",
    "Flag": "i"
  },
  {
    "ID Number": "15704483",
    "Name": "Ghebrehiwet , Hannil Ghebremedhn",
    "Fed": "ETH",
    "Sex": "M",
    "Title": "",
    "WTit": "",
    "OTit": "",
    "Rating": "1965",
    "Gms": "0",
    "K": "40",
    "RatingMonth": "AUG25",
    "B-day": "2000",
    "Flag": "i"
  },
  {
    "ID Number": "15702618",
    "Name": "Gidey , Berhane Tilahun",
    "Fed": "ETH",
    "Sex": "M",
    "Title": "",
    "WTit": "",
    "OTit": "",
    "Rating": "1781",
    "Gms": "0",
    "K": "40",
    "RatingMonth": "AUG25",
    "B-day": "1947",
    "Flag": "i"
  },
  {
    "ID Number": "10801804",
    "Name": "Girmay, Feven Gebremeskel",
    "Fed": "ETH",
    "Sex": "F",
    "Title": "WCM",
    "WTit": "WCM",
    "OTit": "",
    "Rating": "1650",
    "Gms": "0",
    "K": "20",
    "RatingMonth": "AUG25",
    "B-day": "1996",
    "Flag": "wi"
  },
  {
    "ID Number": "10801812",
    "Name": "Girmay, Fiyori Gebremeskel",
    "Fed": "ETH",
    "Sex": "F",
    "Title": "",
    "WTit": "",
    "OTit": "",
    "Rating": "1542",
    "Gms": "0",
    "K": "40",
    "RatingMonth": "AUG25",
    "B-day": "1996",
    "Flag": "wi"
  },
  {
    "ID Number": "15702847",
    "Name": "Gole,Habtamu Ashenafi",
    "Fed": "ETH",
    "Sex": "M",
    "Title": "",
    "WTit": "",
    "OTit": "",
    "Rating": "2029",
    "Gms": "0",
    "K": "20",
    "RatingMonth": "AUG25",
    "B-day": "1995",
    "Flag": "i"
  },
  {
    "ID Number": "15708500",
    "Name": "Gurara , Samrawit Girma",
    "Fed": "ETH",
    "Sex": "F",
    "Title": "",
    "WTit": "",
    "OTit": "",
    "Rating": "1662",
    "Gms": "0",
    "K": "40",
    "RatingMonth": "AUG25",
    "B-day": "2002",
    "Flag": "wi"
  },
  {
    "ID Number": "15708357",
    "Name": "Haile , Abrham Gebre",
    "Fed": "ETH",
    "Sex": "M",
    "Title": "",
    "WTit": "",
    "OTit": "",
    "Rating": "1688",
    "Gms": "0",
    "K": "40",
    "RatingMonth": "AUG25",
    "B-day": "1968",
    "Flag": "i"
  },
  {
    "ID Number": "15702073",
    "Name": "Haile , Lidet Abate",
    "Fed": "ETH",
    "Sex": "F",
    "Title": "",
    "WTit": "",
    "OTit": "",
    "Rating": "1844",
    "Gms": "0",
    "K": "20",
    "RatingMonth": "AUG25",
    "B-day": "1996",
    "Flag": "w"
  },
  {
    "ID Number": "15708853",
    "Name": "Haile , Temesgen Girma",
    "Fed": "ETH",
    "Sex": "M",
    "Title": "",
    "WTit": "",
    "OTit": "",
    "Rating": "1692",
    "Gms": "0",
    "K": "40",
    "RatingMonth": "AUG25",
    "B-day": "1986",
    "Flag": ""
  },
  {
    "ID Number": "15707954",
    "Name": "Haile , Yohannes Sharew",
    "Fed": "ETH",
    "Sex": "M",
    "Title": "",
    "WTit": "",
    "OTit": "",
    "Rating": "1768",
    "Gms": "0",
    "K": "40",
    "RatingMonth": "AUG25",
    "B-day": "1997",
    "Flag": ""
  },
  {
    "ID Number": "15704017",
    "Name": "Hailemariam,Yidnekachew Mesfin",
    "Fed": "ETH",
    "Sex": "M",
    "Title": "",
    "WTit": "",
    "OTit": "",
    "Rating": "1981",
    "Gms": "0",
    "K": "40",
    "RatingMonth": "AUG25",
    "B-day": "1995",
    "Flag": "i"
  },
  {
    "ID Number": "15701735",
    "Name": "Hailu , Melese Gidey",
    "Fed": "ETH",
    "Sex": "M",
    "Title": "",
    "WTit": "",
    "OTit": "",
    "Rating": "1998",
    "Gms": "0",
    "K": "40",
    "RatingMonth": "AUG25",
    "B-day": "1993",
    "Flag": "i"
  },
  {
    "ID Number": "15700011",
    "Name": "Hailu, Wossenyelew",
    "Fed": "ETH",
    "Sex": "M",
    "Title": "",
    "WTit": "",
    "OTit": "",
    "Rating": "2150",
    "Gms": "0",
    "K": "40",
    "RatingMonth": "AUG25",
    "B-day": "0",
    "Flag": "i"
  },
  {
    "ID Number": "15700020",
    "Name": "Haite Giorgis, Shewaseged",
    "Fed": "ETH",
    "Sex": "M",
    "Title": "",
    "WTit": "",
    "OTit": "",
    "Rating": "2200",
    "Gms": "0",
    "K": "40",
    "RatingMonth": "AUG25",
    "B-day": "0",
    "Flag": "i"
  },
  {
    "ID Number": "15708195",
    "Name": "Ismael , Adil Fethi",
    "Fed": "ETH",
    "Sex": "M",
    "Title": "",
    "WTit": "",
    "OTit": "",
    "Rating": "1661",
    "Gms": "0",
    "K": "40",
    "RatingMonth": "AUG25",
    "B-day": "2002",
    "Flag": "i"
  },
  {
    "ID Number": "15708209",
    "Name": "Ismael , Muluka Fethi",
    "Fed": "ETH",
    "Sex": "F",
    "Title": "",
    "WTit": "",
    "OTit": "",
    "Rating": "1761",
    "Gms": "0",
    "K": "40",
    "RatingMonth": "AUG25",
    "B-day": "2006",
    "Flag": "wi"
  },
  {
    "ID Number": "15704009",
    "Name": "Jada,Abenezer Shiferaw",
    "Fed": "ETH",
    "Sex": "M",
    "Title": "",
    "WTit": "",
    "OTit": "",
    "Rating": "1833",
    "Gms": "0",
    "K": "40",
    "RatingMonth": "AUG25",
    "B-day": "1989",
    "Flag": "i"
  },
  {
    "ID Number": "15702804",
    "Name": "Janka,Abraham Zewdie",
    "Fed": "ETH",
    "Sex": "M",
    "Title": "",
    "WTit": "",
    "OTit": "",
    "Rating": "1941",
    "Gms": "0",
    "K": "40",
    "RatingMonth": "AUG25",
    "B-day": "1990",
    "Flag": ""
  },
  {
    "ID Number": "15700070",
    "Name": "Jimma , Desalegn Fekadu",
    "Fed": "ETH",
    "Sex": "M",
    "Title": "CM",
    "WTit": "",
    "OTit": "",
    "Rating": "2042",
    "Gms": "0",
    "K": "20",
    "RatingMonth": "AUG25",
    "B-day": "1976",
    "Flag": ""
  },
  {
    "ID Number": "15701697",
    "Name": "Kahsay, Solomon Gebremedhin",
    "Fed": "ETH",
    "Sex": "M",
    "Title": "",
    "WTit": "",
    "OTit": "",
    "Rating": "1923",
    "Gms": "0",
    "K": "40",
    "RatingMonth": "AUG25",
    "B-day": "1989",
    "Flag": "i"
  },
  {
    "ID Number": "15707601",
    "Name": "Kebede , Biniyam Aklilu",
    "Fed": "ETH",
    "Sex": "M",
    "Title": "",
    "WTit": "",
    "OTit": "",
    "Rating": "1885",
    "Gms": "0",
    "K": "40",
    "RatingMonth": "AUG25",
    "B-day": "2004",
    "Flag": "i"
  },
  {
    "ID Number": "15708063",
    "Name": "Kebede , Yoseph Kifle",
    "Fed": "ETH",
    "Sex": "M",
    "Title": "",
    "WTit": "",
    "OTit": "",
    "Rating": "2110",
    "Gms": "0",
    "K": "20",
    "RatingMonth": "AUG25",
    "B-day": "2002",
    "Flag": ""
  },
  {
    "ID Number": "15704084",
    "Name": "Kebede,Zelalem Tilahun",
    "Fed": "ETH",
    "Sex": "M",
    "Title": "",
    "WTit": "",
    "OTit": "",
    "Rating": "1814",
    "Gms": "0",
    "K": "40",
    "RatingMonth": "AUG25",
    "B-day": "1980",
    "Flag": ""
  },
  {
    "ID Number": "15704173",
    "Name": "Kenea,Endale Mekonnen",
    "Fed": "ETH",
    "Sex": "M",
    "Title": "",
    "WTit": "",
    "OTit": "",
    "Rating": "1876",
    "Gms": "0",
    "K": "20",
    "RatingMonth": "AUG25",
    "B-day": "1963",
    "Flag": "i"
  },
  {
    "ID Number": "15702308",
    "Name": "Keno,Mesfin Dhufere",
    "Fed": "ETH",
    "Sex": "M",
    "Title": "",
    "WTit": "",
    "OTit": "",
    "Rating": "1977",
    "Gms": "0",
    "K": "40",
    "RatingMonth": "AUG25",
    "B-day": "1982",
    "Flag": "i"
  },
  {
    "ID Number": "15707776",
    "Name": "Lema , Bitaniya Ermiyas",
    "Fed": "ETH",
    "Sex": "F",
    "Title": "",
    "WTit": "",
    "OTit": "",
    "Rating": "1590",
    "Gms": "0",
    "K": "40",
    "RatingMonth": "AUG25",
    "B-day": "2003",
    "Flag": "wi"
  },
  {
    "ID Number": "15711269",
    "Name": "Mamo Hanawi Kassahun",
    "Fed": "ETH",
    "Sex": "F",
    "Title": "",
    "WTit": "",
    "OTit": "",
    "Rating": "1436",
    "Gms": "0",
    "K": "40",
    "RatingMonth": "AUG25",
    "B-day": "2008",
    "Flag": "wi"
  },
  {
    "ID Number": "15704467",
    "Name": "Mekonen , Selemawit Kidanemaryam",
    "Fed": "ETH",
    "Sex": "F",
    "Title": "",
    "WTit": "",
    "OTit": "",
    "Rating": "1534",
    "Gms": "0",
    "K": "20",
    "RatingMonth": "AUG25",
    "B-day": "1994",
    "Flag": "wi"
  },
  {
    "ID Number": "15707725",
    "Name": "Mekonnen , Selemawit Sileshi",
    "Fed": "ETH",
    "Sex": "F",
    "Title": "",
    "WTit": "",
    "OTit": "",
    "Rating": "1612",
    "Gms": "0",
    "K": "40",
    "RatingMonth": "AUG25",
    "B-day": "2005",
    "Flag": "wi"
  },
  {
    "ID Number": "15707490",
    "Name": "Melebo , Netsanet Lukas",
    "Fed": "ETH",
    "Sex": "F",
    "Title": "",
    "WTit": "",
    "OTit": "",
    "Rating": "1609",
    "Gms": "0",
    "K": "40",
    "RatingMonth": "AUG25",
    "B-day": "2001",
    "Flag": "wi"
  },
  {
    "ID Number": "15702332",
    "Name": "Melebo,Yenenesh Lukas",
    "Fed": "ETH",
    "Sex": "F",
    "Title": "",
    "WTit": "",
    "OTit": "",
    "Rating": "1644",
    "Gms": "0",
    "K": "20",
    "RatingMonth": "AUG25",
    "B-day": "1997",
    "Flag": "wi"
  },
  {
    "ID Number": "15700305",
    "Name": "Menassie Zeleke, Azeb",
    "Fed": "ETH",
    "Sex": "F",
    "Title": "",
    "WTit": "",
    "OTit": "",
    "Rating": "1619",
    "Gms": "0",
    "K": "40",
    "RatingMonth": "AUG25",
    "B-day": "1981",
    "Flag": "wi"
  },
  {
    "ID Number": "15700097",
    "Name": "Mesfin, Leykun",
    "Fed": "ETH",
    "Sex": "M",
    "Title": "FM",
    "WTit": "",
    "OTit": "",
    "Rating": "2136",
    "Gms": "0",
    "K": "20",
    "RatingMonth": "AUG25",
    "B-day": "1976",
    "Flag": ""
  },
  {
    "ID Number": "15701662",
    "Name": "Moges,Flower Habtu",
    "Fed": "ETH",
    "Sex": "M",
    "Title": "",
    "WTit": "",
    "OTit": "",
    "Rating": "1960",
    "Gms": "0",
    "K": "20",
    "RatingMonth": "AUG25",
    "B-day": "1993",
    "Flag": ""
  },
  {
    "ID Number": "15700232",
    "Name": "Mulugeta, Ashenafi",
    "Fed": "ETH",
    "Sex": "M",
    "Title": "",
    "WTit": "",
    "OTit": "",
    "Rating": "1945",
    "Gms": "0",
    "K": "40",
    "RatingMonth": "AUG25",
    "B-day": "1987",
    "Flag": "i"
  },
  {
    "ID Number": "15709507",
    "Name": "Mussa , Jemal Adem",
    "Fed": "ETH",
    "Sex": "M",
    "Title": "",
    "WTit": "",
    "OTit": "",
    "Rating": "1815",
    "Gms": "0",
    "K": "40",
    "RatingMonth": "AUG25",
    "B-day": "1981",
    "Flag": "i"
  },
  {
    "ID Number": "15708306",
    "Name": "Nega , Eyob Adisa",
    "Fed": "ETH",
    "Sex": "M",
    "Title": "",
    "WTit": "",
    "OTit": "",
    "Rating": "1702",
    "Gms": "0",
    "K": "40",
    "RatingMonth": "AUG25",
    "B-day": "2003",
    "Flag": "i"
  },
  {
    "ID Number": "15707644",
    "Name": "Nega , Yabsira Zerihun",
    "Fed": "ETH",
    "Sex": "F",
    "Title": "",
    "WTit": "",
    "OTit": "",
    "Rating": "1557",
    "Gms": "0",
    "K": "40",
    "RatingMonth": "AUG25",
    "B-day": "2003",
    "Flag": "wi"
  },
  {
    "ID Number": "15708020",
    "Name": "Negi , Henok Tadesse",
    "Fed": "ETH",
    "Sex": "M",
    "Title": "",
    "WTit": "",
    "OTit": "",
    "Rating": "1800",
    "Gms": "0",
    "K": "40",
    "RatingMonth": "AUG25",
    "B-day": "1996",
    "Flag": ""
  },
  {
    "ID Number": "15704262",
    "Name": "Nurye, Haimanot Asefa",
    "Fed": "ETH",
    "Sex": "M",
    "Title": "",
    "WTit": "",
    "OTit": "",
    "Rating": "1740",
    "Gms": "0",
    "K": "40",
    "RatingMonth": "AUG25",
    "B-day": "1979",
    "Flag": "i"
  },
  {
    "ID Number": "15701050",
    "Name": "Reda,Tofik Berhe",
    "Fed": "ETH",
    "Sex": "M",
    "Title": "",
    "WTit": "FI",
    "OTit": "",
    "Rating": "1836",
    "Gms": "0",
    "K": "40",
    "RatingMonth": "AUG25",
    "B-day": "1970",
    "Flag": "i"
  },
  {
    "ID Number": "15708373",
    "Name": "Regassa , Hunde Eba",
    "Fed": "ETH",
    "Sex": "M",
    "Title": "",
    "WTit": "",
    "OTit": "",
    "Rating": "1804",
    "Gms": "0",
    "K": "40",
    "RatingMonth": "AUG25",
    "B-day": "1994",
    "Flag": "i"
  },
  {
    "ID Number": "15700712",
    "Name": "Remel Ramirez",
    "Fed": "ETH",
    "Sex": "M",
    "Title": "",
    "WTit": "",
    "OTit": "",
    "Rating": "1973",
    "Gms": "0",
    "K": "40",
    "RatingMonth": "AUG25",
    "B-day": "1984",
    "Flag": "i"
  },
  {
    "ID Number": "15707660",
    "Name": "Sahle , Kalkidan Shewarega",
    "Fed": "ETH",
    "Sex": "F",
    "Title": "",
    "WTit": "",
    "OTit": "",
    "Rating": "1534",
    "Gms": "0",
    "K": "40",
    "RatingMonth": "AUG25",
    "B-day": "2001",
    "Flag": "wi"
  },
  {
    "ID Number": "15702502",
    "Name": "Samrawit Alemayehu Kebede",
    "Fed": "ETH",
    "Sex": "M",
    "Title": "",
    "WTit": "",
    "OTit": "",
    "Rating": "1427",
    "Gms": "0",
    "K": "40",
    "RatingMonth": "AUG25",
    "B-day": "1997",
    "Flag": "i"
  },
  {
    "ID Number": "15702324",
    "Name": "Seifu,Daniel Fekade",
    "Fed": "ETH",
    "Sex": "M",
    "Title": "",
    "WTit": "",
    "OTit": "",
    "Rating": "1965",
    "Gms": "0",
    "K": "40",
    "RatingMonth": "AUG25",
    "B-day": "1976",
    "Flag": "i"
  },
  {
    "ID Number": "15701824",
    "Name": "Semere , Nega Agegnehu",
    "Fed": "ETH",
    "Sex": "M",
    "Title": "",
    "WTit": "",
    "OTit": "",
    "Rating": "1882",
    "Gms": "0",
    "K": "40",
    "RatingMonth": "AUG25",
    "B-day": "1970",
    "Flag": "i"
  },
  {
    "ID Number": "15707873",
    "Name": "Sheferaw , Eyob Alemu",
    "Fed": "ETH",
    "Sex": "M",
    "Title": "",
    "WTit": "",
    "OTit": "",
    "Rating": "1872",
    "Gms": "0",
    "K": "40",
    "RatingMonth": "AUG25",
    "B-day": "2002",
    "Flag": "i"
  },
  {
    "ID Number": "15709051",
    "Name": "Shiferaw , Leul Abiy",
    "Fed": "ETH",
    "Sex": "M",
    "Title": "",
    "WTit": "",
    "OTit": "",
    "Rating": "1857",
    "Gms": "0",
    "K": "40",
    "RatingMonth": "AUG25",
    "B-day": "1998",
    "Flag": "i"
  },
  {
    "ID Number": "15700470",
    "Name": "Shiferaw, Yalemzewde Mekonnen",
    "Fed": "ETH",
    "Sex": "M",
    "Title": "",
    "WTit": "NI",
    "OTit": "",
    "Rating": "2002",
    "Gms": "0",
    "K": "20",
    "RatingMonth": "AUG25",
    "B-day": "1989",
    "Flag": ""
  },
  {
    "ID Number": "15708233",
    "Name": "Soresa , Zelalem Masresha",
    "Fed": "ETH",
    "Sex": "M",
    "Title": "",
    "WTit": "",
    "OTit": "",
    "Rating": "1778",
    "Gms": "0",
    "K": "40",
    "RatingMonth": "AUG25",
    "B-day": "1997",
    "Flag": ""
  },
  {
    "ID Number": "15700330",
    "Name": "Tadese, Estube Haileselassie",
    "Fed": "ETH",
    "Sex": "M",
    "Title": "CM",
    "WTit": "",
    "OTit": "",
    "Rating": "2097",
    "Gms": "0",
    "K": "20",
    "RatingMonth": "AUG25",
    "B-day": "1991",
    "Flag": "i"
  },
  {
    "ID Number": "15702146",
    "Name": "Tadesse, Sisay Temesgen",
    "Fed": "ETH",
    "Sex": "M",
    "Title": "",
    "WTit": "",
    "OTit": "",
    "Rating": "1925",
    "Gms": "0",
    "K": "40",
    "RatingMonth": "AUG25",
    "B-day": "1987",
    "Flag": "i"
  },
  {
    "ID Number": "15700950",
    "Name": "Tafesse,Yohaness Tesfay",
    "Fed": "ETH",
    "Sex": "M",
    "Title": "",
    "WTit": "",
    "OTit": "",
    "Rating": "1954",
    "Gms": "0",
    "K": "40",
    "RatingMonth": "AUG25",
    "B-day": "1986",
    "Flag": "i"
  },
  {
    "ID Number": "15700143",
    "Name": "Taffese, Abebaw Kebede",
    "Fed": "ETH",
    "Sex": "M",
    "Title": "",
    "WTit": "",
    "OTit": "",
    "Rating": "1921",
    "Gms": "0",
    "K": "40",
    "RatingMonth": "AUG25",
    "B-day": "1965",
    "Flag": ""
  },
  {
    "ID Number": "15700488",
    "Name": "Tawey,Yosef Bereded",
    "Fed": "ETH",
    "Sex": "M",
    "Title": "",
    "WTit": "",
    "OTit": "",
    "Rating": "1917",
    "Gms": "0",
    "K": "40",
    "RatingMonth": "AUG25",
    "B-day": "1992",
    "Flag": "i"
  },
  {
    "ID Number": "15704530",
    "Name": "Tefera , Zenebe Tadesse",
    "Fed": "ETH",
    "Sex": "M",
    "Title": "",
    "WTit": "",
    "OTit": "",
    "Rating": "1714",
    "Gms": "0",
    "K": "40",
    "RatingMonth": "AUG25",
    "B-day": "1987",
    "Flag": "i"
  },
  {
    "ID Number": "15711129",
    "Name": "Teka Yehaysh Araya",
    "Fed": "ETH",
    "Sex": "F",
    "Title": "",
    "WTit": "",
    "OTit": "",
    "Rating": "1868",
    "Gms": "0",
    "K": "40",
    "RatingMonth": "AUG25",
    "B-day": "1996",
    "Flag": "wi"
  },
  {
    "ID Number": "15700704",
    "Name": "Teklay Teshager",
    "Fed": "ETH",
    "Sex": "M",
    "Title": "",
    "WTit": "",
    "OTit": "",
    "Rating": "1924",
    "Gms": "0",
    "K": "40",
    "RatingMonth": "AUG25",
    "B-day": "1981",
    "Flag": "i"
  },
  {
    "ID Number": "15701611",
    "Name": "Tekle, Solomon Mekonnen",
    "Fed": "ETH",
    "Sex": "M",
    "Title": "",
    "WTit": "",
    "OTit": "",
    "Rating": "1753",
    "Gms": "0",
    "K": "40",
    "RatingMonth": "AUG25",
    "B-day": "1982",
    "Flag": "i"
  },
  {
    "ID Number": "15702120",
    "Name": "Teklegiorgis , Henok Yosef",
    "Fed": "ETH",
    "Sex": "M",
    "Title": "",
    "WTit": "",
    "OTit": "",
    "Rating": "1857",
    "Gms": "0",
    "K": "40",
    "RatingMonth": "AUG25",
    "B-day": "1986",
    "Flag": "i"
  },
  {
    "ID Number": "15704165",
    "Name": "Teklehaymanot , Friat Mekonen",
    "Fed": "ETH",
    "Sex": "M",
    "Title": "",
    "WTit": "",
    "OTit": "",
    "Rating": "1787",
    "Gms": "0",
    "K": "40",
    "RatingMonth": "AUG25",
    "B-day": "1996",
    "Flag": ""
  },
  {
    "ID Number": "15700690",
    "Name": "Teklemariam, Hailay Mezgebo",
    "Fed": "ETH",
    "Sex": "M",
    "Title": "",
    "WTit": "",
    "OTit": "",
    "Rating": "1780",
    "Gms": "0",
    "K": "40",
    "RatingMonth": "AUG25",
    "B-day": "1980",
    "Flag": "i"
  },
  {
    "ID Number": "15702758",
    "Name": "Tekulu,Masho Beyene",
    "Fed": "ETH",
    "Sex": "F",
    "Title": "",
    "WTit": "",
    "OTit": "",
    "Rating": "1642",
    "Gms": "0",
    "K": "20",
    "RatingMonth": "AUG25",
    "B-day": "1999",
    "Flag": "wi"
  },
  {
    "ID Number": "15704491",
    "Name": "Temam , Abel Seifu",
    "Fed": "ETH",
    "Sex": "M",
    "Title": "",
    "WTit": "",
    "OTit": "",
    "Rating": "1840",
    "Gms": "0",
    "K": "40",
    "RatingMonth": "AUG25",
    "B-day": "1996",
    "Flag": ""
  },
  {
    "ID Number": "15702510",
    "Name": "Temesgen , Sewalem Wondimeneh",
    "Fed": "ETH",
    "Sex": "F",
    "Title": "",
    "WTit": "",
    "OTit": "",
    "Rating": "1617",
    "Gms": "0",
    "K": "40",
    "RatingMonth": "AUG25",
    "B-day": "2000",
    "Flag": "wi"
  },
  {
    "ID Number": "15701646",
    "Name": "Terefe,Melkamu Sewunet",
    "Fed": "ETH",
    "Sex": "M",
    "Title": "",
    "WTit": "",
    "OTit": "",
    "Rating": "1904",
    "Gms": "0",
    "K": "20",
    "RatingMonth": "AUG25",
    "B-day": "1984",
    "Flag": ""
  },
  {
    "ID Number": "15702448",
    "Name": "Teshome , Wubrist Bekele",
    "Fed": "ETH",
    "Sex": "F",
    "Title": "",
    "WTit": "",
    "OTit": "",
    "Rating": "1596",
    "Gms": "0",
    "K": "40",
    "RatingMonth": "AUG25",
    "B-day": "2002",
    "Flag": "w"
  },
  {
    "ID Number": "15704181",
    "Name": "Teweldemedhn,Mekdes Teklay",
    "Fed": "ETH",
    "Sex": "F",
    "Title": "",
    "WTit": "",
    "OTit": "",
    "Rating": "1635",
    "Gms": "0",
    "K": "40",
    "RatingMonth": "AUG25",
    "B-day": "2006",
    "Flag": "w"
  },
  {
    "ID Number": "15702391",
    "Name": "Tilahun , Abel Mathewos",
    "Fed": "ETH",
    "Sex": "M",
    "Title": "CM",
    "WTit": "FI",
    "OTit": "",
    "Rating": "1944",
    "Gms": "0",
    "K": "20",
    "RatingMonth": "AUG25",
    "B-day": "1989",
    "Flag": ""
  },
  {
    "ID Number": "15702910",
    "Name": "Tilahun , Kidus Mathewos",
    "Fed": "ETH",
    "Sex": "M",
    "Title": "",
    "WTit": "",
    "OTit": "",
    "Rating": "1888",
    "Gms": "0",
    "K": "40",
    "RatingMonth": "AUG25",
    "B-day": "1991",
    "Flag": "i"
  },
  {
    "ID Number": "15704033",
    "Name": "Tilahun,Daniel Tibebu",
    "Fed": "ETH",
    "Sex": "M",
    "Title": "",
    "WTit": "",
    "OTit": "",
    "Rating": "1812",
    "Gms": "0",
    "K": "40",
    "RatingMonth": "AUG25",
    "B-day": "1996",
    "Flag": "i"
  },
  {
    "ID Number": "15702405",
    "Name": "Tolu, Behailu Workneh",
    "Fed": "ETH",
    "Sex": "M",
    "Title": "",
    "WTit": "",
    "OTit": "",
    "Rating": "1960",
    "Gms": "0",
    "K": "20",
    "RatingMonth": "AUG25",
    "B-day": "1991",
    "Flag": "i"
  },
  {
    "ID Number": "15700160",
    "Name": "Tsige, Addisalem Temesgen",
    "Fed": "ETH",
    "Sex": "M",
    "Title": "",
    "WTit": "",
    "OTit": "",
    "Rating": "2060",
    "Gms": "0",
    "K": "20",
    "RatingMonth": "AUG25",
    "B-day": "1981",
    "Flag": ""
  },
  {
    "ID Number": "15701930",
    "Name": "Tsigereda Derso Engda",
    "Fed": "ETH",
    "Sex": "M",
    "Title": "",
    "WTit": "",
    "OTit": "",
    "Rating": "1505",
    "Gms": "0",
    "K": "40",
    "RatingMonth": "AUG25",
    "B-day": "2000",
    "Flag": "i"
  },
  {
    "ID Number": "15700208",
    "Name": "Tulu, Tigist Legesse",
    "Fed": "ETH",
    "Sex": "F",
    "Title": "",
    "WTit": "",
    "OTit": "",
    "Rating": "1644",
    "Gms": "0",
    "K": "40",
    "RatingMonth": "AUG25",
    "B-day": "1994",
    "Flag": "wi"
  },
  {
    "ID Number": "15701794",
    "Name": "Weldeamanuel, Bekele Teshome",
    "Fed": "ETH",
    "Sex": "M",
    "Title": "",
    "WTit": "",
    "OTit": "",
    "Rating": "1739",
    "Gms": "0",
    "K": "40",
    "RatingMonth": "AUG25",
    "B-day": "1964",
    "Flag": "i"
  },
  {
    "ID Number": "15700313",
    "Name": "Weldegebriel , Israel Tekeste",
    "Fed": "ETH",
    "Sex": "F",
    "Title": "",
    "WTit": "",
    "OTit": "",
    "Rating": "1650",
    "Gms": "0",
    "K": "20",
    "RatingMonth": "AUG25",
    "B-day": "1988",
    "Flag": "wi"
  },
  {
    "ID Number": "15701743",
    "Name": "Weldegergs , Shushay Gebrezher",
    "Fed": "ETH",
    "Sex": "M",
    "Title": "",
    "WTit": "",
    "OTit": "",
    "Rating": "1984",
    "Gms": "0",
    "K": "40",
    "RatingMonth": "AUG25",
    "B-day": "1983",
    "Flag": "i"
  },
  {
    "ID Number": "15700224",
    "Name": "Weldemariam , Debesay Yohanes",
    "Fed": "ETH",
    "Sex": "M",
    "Title": "",
    "WTit": "",
    "OTit": "",
    "Rating": "1997",
    "Gms": "0",
    "K": "40",
    "RatingMonth": "AUG25",
    "B-day": "1971",
    "Flag": "i"
  },
  {
    "ID Number": "15704475",
    "Name": "Welearegay , Roza Mehari",
    "Fed": "ETH",
    "Sex": "F",
    "Title": "",
    "WTit": "",
    "OTit": "",
    "Rating": "1497",
    "Gms": "0",
    "K": "40",
    "RatingMonth": "AUG25",
    "B-day": "1999",
    "Flag": "wi"
  },
  {
    "ID Number": "15704025",
    "Name": "Woldeselassie,Ermias Teklemariam",
    "Fed": "ETH",
    "Sex": "M",
    "Title": "",
    "WTit": "",
    "OTit": "",
    "Rating": "1771",
    "Gms": "0",
    "K": "40",
    "RatingMonth": "AUG25",
    "B-day": "1985",
    "Flag": ""
  },
  {
    "ID Number": "15701786",
    "Name": "Woldeyes , Adnew Mesfin",
    "Fed": "ETH",
    "Sex": "M",
    "Title": "",
    "WTit": "",
    "OTit": "",
    "Rating": "1746",
    "Gms": "0",
    "K": "40",
    "RatingMonth": "AUG25",
    "B-day": "1970",
    "Flag": "i"
  },
  {
    "ID Number": "15700135",
    "Name": "Woldeyes, Mekitew Molla",
    "Fed": "ETH",
    "Sex": "M",
    "Title": "",
    "WTit": "",
    "OTit": "",
    "Rating": "1993",
    "Gms": "0",
    "K": "40",
    "RatingMonth": "AUG25",
    "B-day": "1966",
    "Flag": "i"
  },
  {
    "ID Number": "15700038",
    "Name": "Wondimu, Dawit",
    "Fed": "ETH",
    "Sex": "M",
    "Title": "",
    "WTit": "",
    "OTit": "",
    "Rating": "2200",
    "Gms": "0",
    "K": "40",
    "RatingMonth": "AUG25",
    "B-day": "0",
    "Flag": "i"
  },
  {
    "ID Number": "15700526",
    "Name": "Workneh,Damte Demeke",
    "Fed": "ETH",
    "Sex": "M",
    "Title": "",
    "WTit": "",
    "OTit": "",
    "Rating": "1869",
    "Gms": "0",
    "K": "40",
    "RatingMonth": "AUG25",
    "B-day": "1966",
    "Flag": "i"
  },
  {
    "ID Number": "15704513",
    "Name": "Worku , Abeselom Gobeze",
    "Fed": "ETH",
    "Sex": "M",
    "Title": "",
    "WTit": "",
    "OTit": "",
    "Rating": "1650",
    "Gms": "0",
    "K": "40",
    "RatingMonth": "AUG25",
    "B-day": "2003",
    "Flag": "i"
  },
  {
    "ID Number": "15708420",
    "Name": "Yemane , Zeslassie Teklehaymanot",
    "Fed": "ETH",
    "Sex": "M",
    "Title": "",
    "WTit": "",
    "OTit": "",
    "Rating": "1803",
    "Gms": "0",
    "K": "40",
    "RatingMonth": "AUG25",
    "B-day": "1996",
    "Flag": "i"
  },
  {
    "ID Number": "15700534",
    "Name": "Yirga , Nigussie Mitiku",
    "Fed": "ETH",
    "Sex": "M",
    "Title": "",
    "WTit": "",
    "OTit": "",
    "Rating": "1972",
    "Gms": "0",
    "K": "20",
    "RatingMonth": "AUG25",
    "B-day": "1986",
    "Flag": "i"
  },
  {
    "ID Number": "15708381",
    "Name": "Zeleke , Amanuel Tadesse",
    "Fed": "ETH",
    "Sex": "M",
    "Title": "",
    "WTit": "",
    "OTit": "",
    "Rating": "1822",
    "Gms": "0",
    "K": "40",
    "RatingMonth": "AUG25",
    "B-day": "1993",
    "Flag": "i"
  },
  {
    "ID Number": "15707857",
    "Name": "Zenebe , Maraki Endryas",
    "Fed": "ETH",
    "Sex": "M",
    "Title": "",
    "WTit": "",
    "OTit": "",
    "Rating": "1949",
    "Gms": "0",
    "K": "40",
    "RatingMonth": "AUG25",
    "B-day": "2002",
    "Flag": "i"
  },
  {
    "ID Number": "15710289",
    "Name": "Zeru , Yohanes Muluken",
    "Fed": "ETH",
    "Sex": "M",
    "Title": "",
    "WTit": "",
    "OTit": "",
    "Rating": "1752",
    "Gms": "0",
    "K": "40",
    "RatingMonth": "AUG25",
    "B-day": "1994",
    "Flag": "i"
  },
  {
    "ID Number": "15707504",
    "Name": "Zewde , Engidawerk Zerihun",
    "Fed": "ETH",
    "Sex": "F",
    "Title": "",
    "WTit": "",
    "OTit": "",
    "Rating": "1549",
    "Gms": "0",
    "K": "40",
    "RatingMonth": "AUG25",
    "B-day": "2001",
    "Flag": "wi"
  },
  {
    "ID Number": "15702227",
    "Name": "Zewde, Serkalem Zerihun",
    "Fed": "ETH",
    "Sex": "F",
    "Title": "",
    "WTit": "",
    "OTit": "",
    "Rating": "1482",
    "Gms": "0",
    "K": "40",
    "RatingMonth": "AUG25",
    "B-day": "1988",
    "Flag": "wi"
  }
]