[
  {
    "ID Number": "1061143"
  },
  {
    "ID Number": "7501870"
  },
  {
    "ID Number": "7501668"
  },
  {
    "ID Number": "7502478"
  },
  {
    "ID Number": "7501900"
  },
  {
    "ID Number": "7502583"
  },
  {
    "ID Number": "7500084"
  },
  {
    "ID Number": "1018000"
  },
  {
    "ID Number": "7502362"
  },
  {
    "ID Number": "7500211"
  },
  {
    "ID Number": "7501005"
  },
  {
    "ID Number": "7500580"
  },
  {
    "ID Number": "7500980"
  },
  {
    "ID Number": "7500327"
  },
  {
    "ID Number": "7502419"
  },
  {
    "ID Number": "15900061"
  },
  {
    "ID Number": "7500203"
  },
  {
    "ID Number": "7500394"
  },
  {
    "ID Number": "7503024"
  },
  {
    "ID Number": "7502656"
  },
  {
    "ID Number": "7502982"
  },
  {
    "ID Number": "7502095"
  },
  {
    "ID Number": "7502397"
  },
  {
    "ID Number": "7500475"
  },
  {
    "ID Number": "7500289"
  },
  {
    "ID Number": "7501706"
  },
  {
    "ID Number": "7502591"
  },
  {
    "ID Number": "7500033"
  },
  {
    "ID Number": "7502109"
  },
  {
    "ID Number": "7500041"
  },
  {
    "ID Number": "7502559"
  },
  {
    "ID Number": "7502150"
  },
  {
    "ID Number": "7503040"
  },
  {
    "ID Number": "7500645"
  },
  {
    "ID Number": "7501234"
  },
  {
    "ID Number": "7502915"
  },
  {
    "ID Number": "7502753"
  },
  {
    "ID Number": "7500122"
  },
  {
    "ID Number": "7500572"
  },
  {
    "ID Number": "7501617"
  },
  {
    "ID Number": "7500610"
  },
  {
    "ID Number": "7501862"
  },
  {
    "ID Number": "7500254"
  },
  {
    "ID Number": "7501595"
  },
  {
    "ID Number": "7500530"
  },
  {
    "ID Number": "7500335"
  },
  {
    "ID Number": "3902773"
  },
  {
    "ID Number": "7500149"
  },
  {
    "ID Number": "7500076"
  },
  {
    "ID Number": "7501021"
  },
  {
    "ID Number": "7500173"
  },
  {
    "ID Number": "7500432"
  },
  {
    "ID Number": "7502311"
  },
  {
    "ID Number": "7502435"
  },
  {
    "ID Number": "7500190"
  },
  {
    "ID Number": "7502192"
  },
  {
    "ID Number": "7500564"
  },
  {
    "ID Number": "1012169"
  },
  {
    "ID Number": "7501684"
  },
  {
    "ID Number": "7500157"
  },
  {
    "ID Number": "7501641"
  },
  {
    "ID Number": "7500343"
  },
  {
    "ID Number": "7500246"
  },
  {
    "ID Number": "7500270"
  },
  {
    "ID Number": "7500408"
  },
  {
    "ID Number": "7500440"
  },
  {
    "ID Number": "7501307"
  },
  {
    "ID Number": "7501315"
  },
  {
    "ID Number": "7500050"
  },
  {
    "ID Number": "7502699"
  },
  {
    "ID Number": "7503067"
  },
  {
    "ID Number": "7500351"
  },
  {
    "ID Number": "7501013"
  },
  {
    "ID Number": "7503059"
  },
  {
    "ID Number": "7502206"
  },
  {
    "ID Number": "7502214"
  },
  {
    "ID Number": "7500262"
  },
  {
    "ID Number": "7502621"
  },
  {
    "ID Number": "1039830"
  },
  {
    "ID Number": "1020870"
  },
  {
    "ID Number": "7500556"
  },
  {
    "ID Number": "7500181"
  }
]