ID Number,Name,Fed,Sex,Title,WTit,OTit,FOA,Rating,Gms,K,B-day,Flag
3002330,"Abadal, Marcelo",URU,M,,FI,,1911,AUG25,0,20,1979,
3005623,"Abeliano Pons, Sebastian",URU,M,,,,1578,AUG25,0,40,2003,i
3024091,"Acosta Perello, Nicolas",URU,M,,,,1642,AUG25,0,40,1986,i
3021580,"Acosta, Gustavo",URU,M,,,,1822,AUG25,0,40,1969,i
3031462,"Acosta, Rodrigo",URU,M,,,,1656,AUG25,0,40,2004,
3006727,"Acosta, Vicente",URU,M,,,,1849,AUG25,0,20,1989,i
3003361,"Agrasot, Antonio",URU,M,,,,1715,AUG25,0,20,1953,
3009254,"Aguerre, Geronimo",URU,M,,,,1657,AUG25,0,40,2007,i
3029247,"Aguerre, Jose",URU,M,,,,1728,AUG25,8,20,1991,
3004449,"Aguerre, Valentin",URU,M,,,,1822,AUG25,0,20,2002,i
3017044,"Aguiar, Lucia",URU,F,,,,1572,AUG25,0,40,2000,wi
3016650,"Aguilar Acosta, Santiago",URU,M,,,,1602,AUG25,0,20,1993,i
3006689,"Aguilar, Carla",URU,F,,NA,,1534,AUG25,0,20,1976,wi
3034011,"Aguilera, Rensso",URU,M,,,,1505,AUG25,5,40,1988,
3014487,"Aguirre Barreto, Juan",URU,M,,,,1791,AUG25,0,20,1991,i
3011577,"Aguirre, Milagros",URU,F,,,,1669,AUG25,3,40,2006,w
3015815,"Aires Pineiro, Washington",URU,M,,,,1618,AUG25,0,20,1957,i
3002110,"Aires, Washington",URU,M,,,,1684,AUG25,0,20,1954,i
3018911,"Alcalde, Emiliano",URU,M,,,,1540,AUG25,0,40,2000,
3029778,"Alegrette, Manuel",URU,M,,,,1718,AUG25,0,40,2003,
3022226,"Alfonso, Yanier",URU,M,,,,1591,AUG25,0,40,1990,i
3011585,"Allegretti, Nelson",URU,M,,,,1725,AUG25,0,40,1988,
3001130,"Almada, Marcelo",URU,M,,,,2125,AUG25,0,20,1967,i
3002462,"Almandos, Carlos",URU,M,,,,1833,AUG25,4,20,1984,
3029174,"Alonso, Daniel",URU,M,,,,1500,AUG25,0,40,1950,
3017613,"Altesor, Caterina",URU,F,,,,1723,AUG25,0,40,2008,w
3003116,"Altuna, Pedro",URU,M,,,,1688,AUG25,0,20,1978,
3013251,"Alvarez Navarro, Eduardo",URU,M,,,,1813,AUG25,0,20,2003,i
3016579,"Alvarez, Mariano",URU,M,,,,1486,AUG25,0,20,1983,i
3012590,"Alvarez, Mateo",URU,M,,,,1889,AUG25,0,20,1996,
3022641,"Alvarez, Nazareno",URU,M,,,,1731,AUG25,0,40,1999,i
3003590,"Alvarez, Richard Emiliano",URU,M,,,,1798,AUG25,0,20,1996,i
3014002,"Alves, Anaclara",URU,F,,,,1766,AUG25,0,40,2006,w
3013685,"Alzugaray, Ernesto",URU,M,,,,1756,AUG25,0,20,1975,i
3022960,"Amador, Dylan",URU,M,,,,1797,AUG25,0,40,2011,
3022951,"Amador, Isaac",URU,M,,,,1681,AUG25,0,40,2014,
3009947,"Amaral, Francisco",URU,M,,,,1833,AUG25,0,20,2000,i
3014312,"Amaral, Jonathan",URU,M,,SI,,1601,AUG25,2,20,1993,
3010570,"Andrades, Mario",URU,M,,,,1951,AUG25,0,20,1976,i
3007510,"Anza, Vicenzo",URU,M,,,,AIM,AUG25,1830,0,2001,i
3009378,"Aprahamian, Tomas",URU,M,,,,1702,AUG25,0,40,2008,i
3009173,"Aramburu, Gabriel",URU,M,,,,1924,AUG25,5,20,1976,
3017729,"Araque, Silvana",URU,F,,,,1623,AUG25,5,40,2012,w
3002403,"Araya Gonzalez, Hamlet",URU,M,,NI,,1796,AUG25,0,40,1982,
3001199,"Arcos Facio, Mateo",URU,M,FM,,,2098,AUG25,0,20,1992,
3002624,"Arean, Martin",URU,M,,,,1978,AUG25,5,20,1987,
3016102,"Areeb, Jazy",URU,M,,,,1866,AUG25,0,20,2000,i
3016668,"Argain, Agustin",URU,M,,,,1424,AUG25,0,40,2012,i
3008665,"Argimon, Mauricio",URU,M,,,,1580,AUG25,0,40,1988,i
3000389,"Arias Bouzada, Jorge",URU,M,CM,,,2045,AUG25,0,20,1975,
3012328,"Arias, Raul",URU,M,,,,1647,AUG25,0,20,1980,i
3015939,"Arismendi, Lucas",URU,M,,,,1756,AUG25,0,20,2000,i
3012638,"Armanzo, Daniel",URU,M,,,,1759,AUG25,0,40,1997,
3021386,"Arocha, Cristian",URU,M,,,,1593,AUG25,0,40,1988,i
3029590,"Arrarte, Agustin",URU,M,,,,1550,AUG25,0,20,1997,
3034542,"Arrarte, Marcelo",URU,M,,,,1654,AUG25,9,40,2000,
3002667,"Arrieta, Gonzalo",URU,M,,,,1924,AUG25,0,20,1993,i
3021670,"Arrieta, Martin",URU,M,,,,1565,AUG25,0,40,1979,
3009815,"Arriola, Adrian",URU,M,,,,1763,AUG25,0,20,2001,
3012581,"Astor, Andres",URU,M,,,,1620,AUG25,4,40,1985,
3001423,"Augoustis Funti, Alexis",URU,M,CM,,,1960,AUG25,0,20,1993,i
3005011,"Avedisian, Alexander",URU,M,,,,1927,AUG25,0,20,1974,i
3017273,"Avila, Jose Emilio",URU,M,,,,1689,AUG25,0,20,1969,
3027309,"Azambuya, Joel",URU,M,,,,1764,AUG25,0,40,2007,
3008568,"Ballestra Altez, Leonel",URU,M,,,,1836,AUG25,0,20,1990,i
3008398,"Ballestra, Juan",URU,M,,,,1770,AUG25,0,20,1965,i
3022838,"Baptista, Emiliano",URU,M,,,,1507,AUG25,18,40,2009,
3004694,"Barandiaran, Gabriel",URU,M,,,,1865,AUG25,0,20,1958,
3010511,"Baratta, Daniel",URU,M,,,,1527,AUG25,0,20,1981,i
3000567,"Barboza, Mauro",URU,M,,,,1906,AUG25,0,20,1947,
3002489,"Barcos, Luciano",URU,M,,,,1817,AUG25,0,40,1992,
3006018,"Barla, Rafael",URU,M,,,,1855,AUG25,0,20,1960,i
3012450,"Barreiro, Gaston",URU,M,,,,1539,AUG25,0,40,2009,i
3009688,"Barreto, Carlos",URU,M,,,,1790,AUG25,0,20,1981,
3018938,"Barros, Brian",URU,M,,,,1917,AUG25,0,20,2005,
3022722,"Barros, Mathias",URU,M,,,,1810,AUG25,0,40,2007,
3010392,"Batista, Joao",URU,M,,,,1814,AUG25,0,20,1951,i
3000060,"Bauza, Alejandro",URU,M,FM,,,2121,AUG25,5,20,1959,
3002551,"Belbey, Juan",URU,M,,,,1754,AUG25,0,20,1987,
3002853,"Bell, Enrique",URU,M,,,,1870,AUG25,0,20,1974,i
3015190,"Belsito, Ivan",URU,M,,,,1727,AUG25,0,40,2006,
3003108,"Benitez, Andres",URU,M,,,,1994,AUG25,5,20,1988,
3011348,"Benitez, Bruno",URU,M,,,,1605,AUG25,0,40,2007,
3002616,"Benitez, Matias",URU,M,,,,1939,AUG25,0,40,1989,i
3028151,"Bennett, Mateo",URU,M,,,,1452,AUG25,0,40,2006,
3012786,"Bentaberry, Jorge",URU,M,,,,1630,AUG25,0,20,1981,i
3018580,"Bentancor, Alonso",URU,M,,,,1599,AUG25,3,40,2008,
3010996,"Bentancur, Candela",URU,F,,,,1567,AUG25,0,40,2008,w
3010597,"Bentancurt, Juan",URU,M,,,,1804,AUG25,3,20,1954,
3015203,"Bertolotti, Juan Ignacio",URU,M,,,,1549,AUG25,0,40,2012,i
3001849,"Bertucci, Santiago",URU,M,,,,1871,AUG25,0,20,1990,i
3009556,"Bianco, Rocio",URU,F,,,,1499,AUG25,3,40,2006,w
3001938,"Billar, Juan Francisco",URU,M,,,,1761,AUG25,0,20,1940,
3000214,"Blanchard, Marcel",URU,M,,,,1905,AUG25,0,20,1963,i
3033317,"Blanco, Ezequiel",URU,M,,,,1634,AUG25,0,40,1994,
3011321,"Blanco, Rudemar Ernesto",URU,M,,,,1692,AUG25,0,20,1971,
3005054,"Blixen, Federico",URU,M,,,,1698,AUG25,0,40,1955,i
3029158,"Bobba, Pablo",URU,M,,,,1630,AUG25,3,40,1957,
3006859,"Bon, Charles",URU,M,,,,1725,AUG25,0,20,1975,
3000672,"Bonilla, Fernando",URU,M,,,,1772,AUG25,17,20,1971,
3011410,"Bores, Andres",URU,M,,,,1600,AUG25,0,40,1986,i
3012743,"Bores, Felix",URU,M,,,,1880,AUG25,0,20,1986,i
3016471,"Borgiani, Francisco",URU,M,,,,1816,AUG25,0,20,2003,
3016463,"Borgiani, Juan",URU,M,,,,1649,AUG25,0,40,2009,
3016480,"Borgiani, Leonardo",URU,M,,,,1821,AUG25,0,20,1978,
3018148,"Borrelli, Joaquin",URU,M,,,,1457,AUG25,0,40,2015,
3011224,"Bossi, Hugo",URU,M,,,,1494,AUG25,0,20,1956,
3000346,"Bourgeois, William",URU,M,,,,1899,AUG25,0,20,1957,i
3016137,"Braga, Juan",URU,M,,,,1518,AUG25,0,40,2002,
3000397,"Braso, Jorge",URU,M,,,,1983,AUG25,0,20,1960,
3032655,"Braun, Enzo",URU,M,,,,1585,AUG25,0,40,2000,
3000931,"Bril, Luis",URU,M,,,,1797,AUG25,0,20,1952,i
3026833,"Buller, Eduard",URU,M,,,,1695,AUG25,0,40,1962,
3005046,"Busca, Joaquin",URU,M,,,,1891,AUG25,0,20,1997,i
3000362,"Bustelo, Tabare",URU,M,CM,,,2051,AUG25,5,20,1963,
3029620,"Caballero Lavalle, Sofia",URU,F,,,,1437,AUG25,3,20,2006,w
3010953,"Caballero, Tabare",URU,M,,,,1687,AUG25,0,40,2011,
3005585,"Cabanelas, Mariano",URU,M,,,,1729,AUG25,0,20,1980,i
3001814,"Cabrera, Aldo",URU,M,,,,1906,AUG25,0,20,1983,i
2236494,"Cabrera, Fabian",URU,M,,,,1796,AUG25,4,20,1974,
3013243,"Caccia, Marcelo",URU,M,,,,1699,AUG25,0,20,1978,i
3013391,"Caceres, Leon",URU,M,,,,1668,AUG25,0,40,2000,
3005801,"Caillabet, Carlos",URU,M,,,,1603,AUG25,0,20,1948,i
3008983,"Caitano, Martin Joel",URU,M,,,,2140,AUG25,0,20,1996,
3005810,"Calabria, Luis",URU,M,,,,1815,AUG25,0,20,1973,
3029336,"Calderon, Pablo",URU,M,,,,1568,AUG25,0,40,1996,
3023273,"Caminada, Camilo",URU,M,,,,1769,AUG25,5,20,1991,
3019276,"Cammarota, Andres",URU,M,,,,1470,AUG25,0,40,2011,
3018385,"Campero, Gonzalo",URU,M,,,,1869,AUG25,0,20,2003,
3001059,"Campopiano, Julio",URU,M,,,,1876,AUG25,0,20,1976,
3003612,"Campora, Edgardo",URU,M,,IA,,1859,AUG25,0,20,1995,
3011909,"Campos, Fernando",URU,M,,,,1732,AUG25,0,20,1977,i
3034020,"Canias, Federico",URU,M,,,,1775,AUG25,24,40,2011,
3003094,"Cano, Carlos",URU,M,,,,1712,AUG25,0,20,1971,
3016110,"Carballo, Agustin",URU,M,,,,1735,AUG25,0,40,2006,i
3002179,"Carbone, Diego",URU,M,FM,,,2244,AUG25,0,20,1992,
3025640,"Carbone, Matias",URU,M,,,,1762,AUG25,0,40,2004,
3001733,"Carbone, Pablo",URU,M,,,,1929,AUG25,0,20,1982,
3013995,"Cardarelli, Leon",URU,M,,,,1730,AUG25,4,40,2010,
3012905,"Cardelino, Pablo",URU,M,,,,1593,AUG25,0,20,1984,i
3009874,"Cardona, Fernando",URU,M,,,,1561,AUG25,4,40,1965,
3004457,"Cardozo, Camila",URU,F,,,,1723,AUG25,0,20,2002,w
3009084,"Cardozo, Emiliano",URU,M,,,,1801,AUG25,0,20,1997,i
3029387,"Cardozo, Manuel",URU,M,,,,1514,AUG25,0,40,1980,
3031039,"Cardozo, Victor",URU,M,,,,1639,AUG25,0,40,1965,
3012344,"Carlotta Arakelian, Maximo",URU,M,,,,1610,AUG25,0,40,2009,i
3001890,"Carnebia, Aniel",URU,M,,,,1630,AUG25,3,20,1956,
3016366,"Carreras, Pedro",URU,M,,,,1818,AUG25,0,40,2003,
3036316,"Carrion, Brian",URU,M,,,,1680,AUG25,9,40,2007,
3012751,"Caruso, Enrique",URU,M,,,,1573,AUG25,0,40,1949,i
3000311,"Carvalho, Guillermo",URU,M,CM,FI,,2166,AUG25,0,20,1967,i
3004317,"Carvallo, Francisco",URU,M,,,,1598,AUG25,0,40,1980,
3002055,"Casas, Nicolas",URU,M,,FI,,1897,AUG25,0,20,1985,
3019284,"Casasnovas, Thiago",URU,M,,,,1806,AUG25,0,20,1994,
3030571,"Casera, Jonatan",URU,M,,,,1555,AUG25,5,40,2001,
3010805,"Castagnet, Carlos",URU,M,,NA,,1752,AUG25,0,20,1959,
3017354,"Castiglioni, Andres",URU,M,,,,1603,AUG25,0,20,1969,i
3004511,"Castro, Cesar",URU,M,,,,2060,AUG25,0,20,1964,i
3029433,"Castro, Juan",URU,M,,,,1712,AUG25,0,40,1980,i
3026701,"Castro, Santiago",URU,M,,,,AFM,AUG25,1484,0,2004,i
3019314,"Castro, Sofia",URU,F,,,,1632,AUG25,0,40,2005,wi
3018741,"Cattaneo, Bruno",URU,M,,,,1480,AUG25,0,20,1992,i
3010228,"Cayetano, Juan",URU,M,,,,1940,AUG25,0,20,2004,
3008681,"Cerban, Domingo",URU,M,,,,1830,AUG25,0,20,1962,i
3001725,"Cerrato, Alex",URU,M,,,,1961,AUG25,0,20,1963,
3012964,"Chacon Moreno, Danny",URU,M,,,,1632,AUG25,0,20,1987,i
3003639,"Chamlian, Aram",URU,M,,,,1811,AUG25,0,20,1995,
3002268,"Chamlian, Daniel",URU,M,,,,1927,AUG25,0,40,1977,i
3013812,"Charle, Silvia",URU,F,,,,1516,AUG25,0,40,1984,wi
3010902,"Chaves, Sebastian",URU,M,,,,1563,AUG25,0,20,1995,i
3007944,"Chinelli, Gabriel",URU,M,,,,1794,AUG25,0,20,1955,i
3008614,"Chocho, Maikol",URU,M,,,,1747,AUG25,0,40,1988,i
3020185,"Chucarro, Martin",URU,M,,,,1732,AUG25,4,20,2006,
3018326,"Cocco, Marco",URU,M,,,,1634,AUG25,0,40,1999,i
3004384,"Coito, Oscar",URU,M,,,,1695,AUG25,0,20,1994,
3016790,"Collazo, Eugenia",URU,F,,,,1462,AUG25,0,40,2006,wi
3000699,"Colman, Matias",URU,M,,,,2006,AUG25,0,20,1987,i
3021076,"Colnago, Neizen",URU,M,,,,1581,AUG25,0,40,2007,
3017915,"Colosi, Felipe",URU,M,,,,1817,AUG25,0,40,2007,
3001717,"Coppola, Claudio",URU,M,IM,FI,,2200,AUG25,0,20,1992,
3001091,"Corbo, Sixto",URU,M,,,,2028,AUG25,0,20,1981,
3029395,"Correa, Mario",URU,M,,,,1710,AUG25,0,40,1955,
3012700,"Cosse, Leonardo",URU,M,,,,1815,AUG25,0,20,1985,
3009440,"Costa, Maria",URU,F,,,,1551,AUG25,0,40,2008,wi
3018750,"Costa, Milagros",URU,F,,,,1594,AUG25,9,40,2010,w
3014258,"Costabel, Emma",URU,F,,,,1460,AUG25,0,40,2009,w
3019969,"Cristobal, Williams",URU,M,,,,1794,AUG25,0,40,1976,i
3022595,"Crosa, Gonzalo",URU,M,,,,1617,AUG25,0,40,2005,
3005682,"Cuello Toledo, Guzman",URU,M,,,,1944,AUG25,0,20,1980,i
3033554,"Curbelo, Miguel",URU,M,,,,1510,AUG25,0,40,1981,
3031128,"Curbelo, Walter",URU,M,,,,1574,AUG25,0,40,2002,
3000400,"Curi, Gabriel",URU,M,FM,,,2086,AUG25,0,20,1967,
3017249,"Daguerre, Diego",URU,M,,,,1762,AUG25,4,20,1988,
3021297,"Damelles, Marcio",URU,M,,,,1828,AUG25,0,40,1986,
3016129,"Damico, Edgard",URU,M,,,,1864,AUG25,0,20,1969,i
3021084,"Damonte, Fernando",URU,M,,,,1687,AUG25,0,20,1975,
3006298,"Danesse, Flavio",URU,M,,,,1613,AUG25,8,40,1972,
3000940,"Davila Texeira, Mario",URU,M,,,,1887,AUG25,0,20,1956,i
3022862,"De Amores, Thiago",URU,M,,,,1617,AUG25,0,40,2008,
3015270,"de Armas, Yahir",URU,M,,,,1670,AUG25,5,40,2006,
3001440,"De Cuadro, Dionisio",URU,M,,,,1799,AUG25,0,20,1960,
3033970,"de la Fuente, German",URU,M,,,,1533,AUG25,2,40,1991,
3011259,"de la Noval, Yoel",URU,M,,,,1912,AUG25,0,20,1977,i
3005186,"De la Torre, Andres",URU,M,,,,1757,AUG25,0,20,1961,
3002527,"De Leon, Daiana",URU,F,WCM,WCM,,1764,AUG25,4,20,1993,w
3034372,"de Leon, Francisco",URU,M,,,,1574,AUG25,0,40,1991,
3000273,"de Leon, Patricia",URU,F,WFM,WFM,,1929,AUG25,0,20,1994,wi
3006093,"de los Reyes, Mauro",URU,M,,,,1818,AUG25,3,20,1974,
3011739,"De los Santos, Brandon",URU,M,,,,1708,AUG25,0,40,2003,i
3013197,"de los Santos, Hector",URU,M,,,,1796,AUG25,0,20,1988,
3011488,"de los Santos, Nahuel",URU,M,,,,1557,AUG25,4,40,2005,
3028569,"de Oliveira, Julian",URU,M,,,,1610,AUG25,4,40,2010,
3029751,"De Paula, Ithan",URU,M,,,,1589,AUG25,0,40,2012,
3003973,"de San Vicente, Sabrina",URU,F,,AO,,1815,AUG25,0,20,1968,wi
3012573,"De Souza, Miguel",URU,M,,,,1734,AUG25,0,20,1970,i
3002586,"Decuadro, Sebastian",URU,M,,,,2004,AUG25,4,20,1989,
3000737,"Delbono, Ruben",URU,M,,,,1752,AUG25,0,20,1945,i
3031136,"Deleon, Guillermo",URU,M,,,,1531,AUG25,0,40,2007,
3013081,"Deletrain, Luis",URU,M,,,,1696,AUG25,0,40,1975,i
3018644,"Delgado, Nazareno",URU,M,,,,1712,AUG25,0,40,2008,i
3033120,"Dellapiazza, Santiago",URU,M,,,,1553,AUG25,0,20,1994,
3005844,"Deorta, Victor",URU,M,,,,1770,AUG25,0,40,1985,
3024180,"Devitta, Fernando",URU,M,,,,1621,AUG25,3,40,1986,
3009629,"Diano, Gabriel",URU,M,,,,1863,AUG25,0,20,1966,i
3016692,"Diaz Delograsi, Francisco",URU,M,,,,1817,AUG25,4,20,2006,
104019,"Diaz Hollemaert, Nahuel",URU,M,IM,FT,,2459,AUG25,0,10,1976,
3014894,"Diaz Rodas, Gabriel",URU,M,,,,1605,AUG25,0,20,1985,i
3009904,"Diaz Rosas, Alvaro",URU,M,,,,1877,AUG25,0,20,1959,
3034399,"Diaz, Diego",URU,M,,,,1622,AUG25,0,40,2004,
3026728,"Diaz, Santiago",URU,M,,,,1449,AUG25,0,40,2014,
3031144,"Diz, Pablo",URU,M,,,,1606,AUG25,0,40,1985,
3014290,"Domenech, Mateo",URU,M,,,,1837,AUG25,0,40,2006,i
3004600,"Dominguez Orono, Walter",URU,M,,,,1702,AUG25,17,20,1963,
3005178,"Dominguez, Facundo",URU,M,,,,2138,AUG25,0,20,1998,
3034488,"Dominguez, Mauricio",URU,M,,,,1685,AUG25,0,40,1998,
3000303,"Donatti, Alvaro",URU,M,,,,2174,AUG25,0,20,1959,i
3002470,"Donatti, Sofia",URU,F,WCM,WCM,,1831,AUG25,0,20,1994,w
3018733,"Dorta, Federico",URU,M,,,,1645,AUG25,0,40,1986,i
3005240,"Dos Santos, Gustavo Jonathan",URU,M,,,,1804,AUG25,0,20,1984,
3013952,"Dovat, Nicolas",URU,M,,,,1616,AUG25,0,20,1987,
3014339,"Duarte, Horacio",URU,M,,,,1662,AUG25,0,40,1995,
3028038,"Duran, Franco",URU,M,,,,1722,AUG25,0,40,1993,i
3001270,"Durante, Aurelio",URU,M,,,,2004,AUG25,4,20,1962,
3009670,"Dutra, Carmelo",URU,M,,,,1695,AUG25,4,40,1977,
3000150,"El Ters, Antouan",URU,M,,,,2128,AUG25,0,20,1963,
3011275,"Elena, Eduardo",URU,M,,,,1964,AUG25,0,20,2002,
3004970,"Elias, Adriano",URU,M,,,,1830,AUG25,0,20,1969,i
3015882,"Erniaga, Francisco",URU,M,,,,1528,AUG25,0,20,2000,i
3017141,"Errazola, Mauricio",URU,M,,,,1887,AUG25,0,20,2004,
3011780,"Escalada, Fernando",URU,M,,,,1786,AUG25,0,20,1991,
3006751,"Escande, Carlos",URU,M,,,,1710,AUG25,0,20,1977,i
3023680,"Escaris, Lara",URU,F,,,,1400,AUG25,9,40,2013,w
3029379,"Escobal, Jose",URU,M,,,,1510,AUG25,0,20,1984,
3000176,"Escofet, Jaime",URU,M,,,,2028,AUG25,0,20,1951,
3014800,"Espel, Luis",URU,M,,,,1893,AUG25,0,20,1968,i
3007324,"Espindola, Mathias",URU,M,,,,1792,AUG25,0,20,1986,i
3034313,"Espinosa, Gonzalo",URU,M,,,,1508,AUG25,0,40,2008,
3005690,"Esteve, Federico",URU,M,,,,1976,AUG25,5,20,1985,
3031845,"Esteves, Andres",URU,M,,,,1691,AUG25,17,20,1989,
3002888,"Estevez, Pablo",URU,M,,,,1831,AUG25,0,20,1981,i
3005992,"Estevez, Ricardo",URU,M,,,,1903,AUG25,0,20,1941,i
3005593,"Estoyanoff, German",URU,M,,,,1736,AUG25,0,20,1983,
3009980,"Fabra Martinez, Eduardo",URU,M,,,,1755,AUG25,9,20,1974,
3009572,"Fabra, Nahiara",URU,F,,,,1887,AUG25,14,40,2007,w
3019268,"Fabra, Nathaniel",URU,M,,,,1538,AUG25,9,40,2010,
3019454,"Fabra, Rolando",URU,M,,,,1540,AUG25,0,40,1947,i
3022765,"Facal, Joaquin",URU,M,,,,1509,AUG25,0,40,2007,i
3020010,"Fagundez, Enzo",URU,M,,,,1742,AUG25,3,20,1998,
3032795,"Fainerman, Ari",URU,M,,,,1646,AUG25,21,20,2000,
3015980,"Faria, Bruno",URU,M,,,,1641,AUG25,0,40,2006,i
3020223,"Fauci, Bruno",URU,M,,,,1940,AUG25,5,40,2009,
3003914,"Fein, Jorge",URU,M,,,,1759,AUG25,0,20,1964,
3033279,"Feria, Ismael",URU,M,,,,ACM,AUG25,1473,4,2012,
3002705,"Fernandez Rodriguez, Antonio",URU,M,,,,AFM,AUG25,1853,9,1971,
3018547,"Fernandez Tubino, Alvaro",URU,M,,,,1607,AUG25,0,20,1957,
3021068,"Fernandez Van Raap, Marcela",URU,F,,,,1523,AUG25,0,40,1964,w
3014320,"Fernandez, Maia",URU,F,,,,1424,AUG25,0,40,2011,w
3021300,"Fernandez, Mateo",URU,M,,,,1633,AUG25,0,40,2005,i
3030083,"Fernandez, Santiago",URU,M,,,,1558,AUG25,0,40,2016,
3020738,"Fernandez, Sergio Washington",URU,M,,,,1604,AUG25,0,40,2006,
3020649,"Fernando, Johan",URU,M,,,,1492,AUG25,0,40,2009,
3003060,"Ferrari, Carlos",URU,M,,,,1760,AUG25,0,20,1944,
3034704,"Ferreira, Gaston",URU,M,,,,1548,AUG25,0,40,2004,
3008380,"Ferreyra, Dardo",URU,M,,,,1905,AUG25,0,20,1968,i
3023796,"Figueroa Bertola, Juan",URU,M,,,,1549,AUG25,0,40,1989,
3004830,"Figueroa, Alfonso",URU,M,,,,1821,AUG25,0,20,1961,
3026744,"Firpo, Martin",URU,M,,,,1622,AUG25,0,40,2008,
3014738,"Flores Pedreira, Guillermo",URU,M,,,,1839,AUG25,0,20,1991,
3029018,"Fodere, Rafael",URU,M,,,,1448,AUG25,0,40,2015,
3031152,"Font, Andro",URU,M,,,,1756,AUG25,0,40,1984,
3031160,"Font, Bartolo",URU,M,,,,1912,AUG25,0,40,1954,
3013928,"Fontora, Richard",URU,M,,,,1523,AUG25,0,20,1966,
3000788,"Fortes, Gustavo",URU,M,,,,1737,AUG25,8,40,1965,
3004635,"Fossatti, Sebastian",URU,M,,,,1875,AUG25,0,20,1980,i
3003477,"Froste, Juan",URU,M,,,,1711,AUG25,0,40,1978,
3012204,"Froz, Daniel",URU,M,,,,1781,AUG25,3,20,1975,
3008703,"Fuentes, Agustin",URU,M,,,,1714,AUG25,0,20,1989,
3002896,"Fuentes, Fabian",URU,M,,,,1859,AUG25,0,20,1978,
171620,"Gadea, Fernando",URU,M,,,,1888,AUG25,0,20,1965,i
3026850,"Galatro, Victoria",URU,F,,,,1519,AUG25,5,40,1969,w
3012980,"Galli, Lisandro",URU,M,,,,1810,AUG25,0,40,2012,
3010287,"Galvan, Cristian",URU,M,,,,1742,AUG25,0,20,1993,i
3016854,"Gamarra, Ricardo",URU,M,,,,1666,AUG25,0,20,1989,i
3008630,"Gandara, Jorge",URU,M,,,,1731,AUG25,0,20,1948,i
3013111,"Gandelman, Avivit",URU,F,,,,1523,AUG25,0,20,2003,wi
3013200,"Gandelman, Nestor",URU,M,,,,1621,AUG25,0,20,1971,i
3034526,"Garcia Fernandez, Jose",URU,M,,,,1528,AUG25,3,40,2004,
3000435,"Garcia Martinez, Alvaro",URU,M,,,,1994,AUG25,0,20,1966,
3004988,"Garcia Meoni, Fernando",URU,M,,,,1656,AUG25,3,20,1975,
3000869,"Garcia Silveira, Luis",URU,M,,,,2091,AUG25,0,20,1970,
3002365,"Garcia, Axel",URU,M,,,,1858,AUG25,0,20,1993,i
3021416,"Garcia, Danilo",URU,M,,,,1688,AUG25,0,40,1991,i
3015408,"Garcia, Hilario",URU,M,,,,1419,AUG25,0,40,2010,i
3012409,"Garcia, Matias",URU,M,,,,1827,AUG25,0,20,1985,i
3011453,"Garcia, Walter",URU,M,,,,1728,AUG25,0,20,1994,i
3016382,"Gasco, Maximiliano",URU,M,,,,1752,AUG25,0,20,1999,
3003337,"Gatti, Santiago",URU,M,,,,1698,AUG25,0,20,1955,
3017850,"Gende, Federico",URU,M,,,,1653,AUG25,0,20,1994,i
3000532,"Genta, Alejandro",URU,M,,,,2058,AUG25,0,20,1968,
3003884,"Gerali, Sergio",URU,M,,,,1787,AUG25,0,40,1968,i
3011674,"Gereda, Guillermo",URU,M,,,,1483,AUG25,0,20,1976,i
3015866,"Gianneo, Javier",URU,M,,,,1591,AUG25,0,40,1993,
3012514,"Giardello, Santino",URU,M,,,,1604,AUG25,0,40,2010,i
3012530,"Giardello, Sebastian",URU,M,,,,1585,AUG25,0,20,1982,i
3018695,"Gil, Hector",URU,M,,,,1782,AUG25,0,20,1976,
3018423,"Gimenez, Thiago",URU,M,,,,1684,AUG25,0,40,2007,i
3003396,"Goliger, Renato",URU,M,,,,1675,AUG25,0,20,1997,i
3020401,"Gomensoro, Juan",URU,M,,,,1596,AUG25,0,40,1992,i
3018059,"Gomez Melcon, Dario",URU,M,,,,1708,AUG25,0,20,1970,
3006778,"Gomez Troccoli, Martin",URU,M,,,,2026,AUG25,0,20,1996,i
3006069,"Gomez, Ignacio",URU,M,,,,1877,AUG25,0,20,1988,
3033902,"Gomez, Oscar",URU,M,,,,1787,AUG25,0,40,1978,
3016145,"Gonzalez Bodega, Juliana",URU,F,,,,1584,AUG25,0,40,2006,wi
3028186,"Gonzalez Hernandez, Julian",URU,M,,,,1520,AUG25,0,40,2012,
3019675,"Gonzalez Laulhe, Pablo",URU,M,,,,1745,AUG25,0,40,2007,i
3016064,"Gonzalez Martinez, Fabian",URU,M,,,,1688,AUG25,0,20,1993,
3015122,"Gonzalez Paan, Boris",URU,M,,,,1920,AUG25,0,20,1985,i
3020134,"Gonzalez Prestes, Marcos",URU,M,,,,1666,AUG25,0,40,2013,
3017222,"Gonzalez Valenzuela, Federico",URU,M,,,,1757,AUG25,0,20,2002,
3010848,"Gonzalez, Edison",URU,M,,,,1649,AUG25,0,20,1991,i
3011267,"Gonzalez, Jose Luis",URU,M,,,,1733,AUG25,0,20,1955,i
3024288,"Gorin, Fernando",URU,M,,,,1715,AUG25,0,40,1963,
3000494,"Granara Barreto, Sebastian",URU,M,FM,,,2134,AUG25,0,20,1978,i
3022706,"Grassi, Augusto",URU,M,,,,1556,AUG25,0,40,2011,
3022692,"Grassi, Fausto",URU,M,,,,1637,AUG25,0,40,2009,
3006379,"Greiver, Alejandro",URU,M,,,,1842,AUG25,0,20,1999,
3029212,"Grela, Matias",URU,M,,,,1657,AUG25,2,40,1986,
3002063,"Griselka, Diego",URU,M,,,,1840,AUG25,0,20,1971,
3023648,"Guedes, Isabella",URU,F,,,,1530,AUG25,0,40,2012,w
3007812,"Guedikian, Alan Misac",URU,M,,,,1712,AUG25,0,20,2003,i
3004864,"Guelvenzu, Esteban",URU,M,,,,1792,AUG25,0,20,1979,i
3006328,"Guerra, Miguel",URU,M,,,,1671,AUG25,4,20,1954,
3000478,"Guerrero, Alvaro",URU,M,,,,2065,AUG25,0,20,1971,
3002918,"Guisande, Fernando",URU,M,,,,1934,AUG25,0,20,1967,i
3016870,"Gutierrez, Ignacio",URU,M,,,,1612,AUG25,9,20,1982,
3002284,"Gutierrez, Miguel",URU,M,,,,1753,AUG25,0,20,1956,i
3006573,"Gutierrez, Sebastian",URU,M,,,,1722,AUG25,0,40,1998,
3019543,"Gyalog, Hernan",URU,M,,,,1708,AUG25,0,40,1999,
3020002,"Heit, Lucas",URU,M,,,,1677,AUG25,0,40,2003,i
3004538,"Hiriart, Guillermo",URU,M,CM,,,1919,AUG25,0,20,1972,i
3032183,"Hirschfeld, Nicolas",URU,M,,,,1499,AUG25,3,40,2004,
3029859,"Hornos, Marcelo",URU,M,,,,1656,AUG25,4,40,2006,
3002691,"Ibanez, Marcelo",URU,M,,,,1946,AUG25,0,20,1987,i
3002071,"Ibanez, Rodrigo",URU,M,CM,,,2106,AUG25,0,20,1993,
3013987,"Ibarburu, Nahuel",URU,M,,,,1919,AUG25,4,20,1998,
3001458,"Iduate, Guillermo",URU,M,,,,1819,AUG25,0,20,1983,
3020657,"Illescas, Diego",URU,M,,,,1403,AUG25,0,40,2008,
3017630,"Indart, Lucio",URU,M,,,,1591,AUG25,4,40,2011,
3019152,"Inthamoussu, Marcelo",URU,M,,,,1651,AUG25,0,40,1976,
3015319,"Invernizzi, Enzo",URU,M,,,,1532,AUG25,0,40,2009,
1227882,"Iriondo Zamit, Matias",URU,M,,,,1839,AUG25,0,40,1979,
3000044,"Izquierdo, Daniel",URU,M,FM,,,2194,AUG25,0,20,1960,
3001610,"Izquierdo, Sebastian",URU,M,,,,2068,AUG25,0,20,1991,
3014533,"Jachoian, Cesar",URU,M,,,,1571,AUG25,2,40,1963,
3020479,"Juanico, Nicolas",URU,M,,,,1618,AUG25,0,40,1997,
3009114,"Kaciusis, Daniel",URU,M,,,,1615,AUG25,0,20,1960,
3012247,"Kiel, Horacio",URU,M,,,,1748,AUG25,0,20,1985,i
3036260,"Kouyoumdjian, Federico",URU,M,,,,1637,AUG25,8,40,1984,
3018954,"Kouyoumdjian, Renzo",URU,M,,,,1800,AUG25,0,40,2007,
3011062,"Kulik, Martin",URU,M,,,,1614,AUG25,0,40,2010,i
3009530,"Kulik, Nicolas",URU,M,,,,2123,AUG25,5,40,2007,
3001636,"Laenen, Matias",URU,M,,,,1971,AUG25,0,20,1997,
3005887,"Lagomarsino, Gonzalo",URU,M,,,,1769,AUG25,0,20,1974,i
3024830,"Laguna, Andres",URU,M,,,,1630,AUG25,0,40,1972,
3028607,"Lamas, Joaquin",URU,M,,,,1477,AUG25,0,40,2010,
3000222,"Lamas, Pedro",URU,M,,,,2150,AUG25,0,20,1941,i
3010651,"Lanaro, Emilio",URU,M,,,,1809,AUG25,0,20,2002,i
3014541,"Lancibidad, Mathias",URU,M,,,,1516,AUG25,0,20,2001,i
3006832,"Langon, Mauricio",URU,M,,,,1661,AUG25,0,40,1968,
3009394,"Lanzilotta, Filippo",URU,M,,,,1863,AUG25,0,40,2009,
3001750,"Lanzilotta, Marcelo",URU,M,,,,2001,AUG25,0,20,1968,
3026825,"Larrama, Mario",URU,M,,,,1463,AUG25,0,40,1985,i
3003000,"Larrea, Daniela",URU,F,WCM,WCM,,1808,AUG25,0,20,1981,w
3000508,"Larrea, Manuel",URU,M,FM,,,2188,AUG25,0,20,1980,
3004546,"Larrea, Osvaldo",URU,M,,,,1790,AUG25,0,20,1950,
3001520,"Larrosa, Carlos",URU,M,,,,1692,AUG25,0,20,1948,
3015777,"Laurens, Roberto",URU,M,,,,1624,AUG25,3,20,1964,
3001547,"Lauye, Diego",URU,M,,,,1703,AUG25,0,40,1986,
3020410,"Laxalte, Rodrigo",URU,M,,,,1611,AUG25,0,40,1988,i
3004228,"Ledesma, Sebastian",URU,M,,,,1957,AUG25,0,20,1979,i
3012506,"Lema, German",URU,M,,,,1613,AUG25,0,20,1984,i
3014746,"Lemos Silveira, Jose",URU,M,,,,1652,AUG25,0,20,1983,
3019160,"Lemos, Juan",URU,M,,,,1560,AUG25,0,40,2009,
3021793,"Lemos, Santiago",URU,M,,,,1610,AUG25,0,20,1993,
3011070,"Leon Barreto, Rafael",URU,M,,,,1774,AUG25,0,20,1968,i
3008126,"Leon Lacuesta, Diego",URU,M,,,,1630,AUG25,0,20,1964,
3006948,"Leon, Daniel",URU,M,,,,1733,AUG25,0,40,1969,
3002357,"Leon, Maximiliano",URU,M,,,,1810,AUG25,0,20,1985,i
3018105,"Lepra, Camilo",URU,M,,,,1601,AUG25,0,40,2010,i
3006450,"Lezama, Manuel",URU,M,,,,2100,AUG25,0,20,1985,i
3008045,"Lima Abadal, Nicolas",URU,M,,,,1809,AUG25,0,20,1999,
3022170,"Lima, Marcelo",URU,M,,,,1803,AUG25,0,40,1971,i
3003558,"Llabres, Miguel",URU,M,,,,1713,AUG25,0,20,1966,i
3014274,"Llanes, Nicolas",URU,M,,,,1565,AUG25,0,40,2005,i
3031764,"Longui, Gonzalo",URU,M,,,,1406,AUG25,2,40,2004,
3003809,"Lopez Azambuja, Nicolas",URU,M,FM,,,2260,AUG25,0,20,1986,i
3034070,"Lopez Guigou, Juan",URU,M,,,,1679,AUG25,0,40,2002,
3016633,"Lopez Techera, Ivan",URU,M,,,,1599,AUG25,0,40,2005,i
3031217,"Lopez Tugores, Santiago",URU,M,,,,1562,AUG25,0,40,2011,
3018300,"Lopez, Bryan",URU,M,,,,AFM,AUG25,1793,27,2006,
3030814,"Lopez, Franco",URU,M,,,,1661,AUG25,0,40,2007,
3015173,"Lopez, Juan Pablo",URU,M,,,,1750,AUG25,0,40,2003,
3033341,"Lopez, Nestor",URU,M,,,,1933,AUG25,0,40,1948,
3020169,"Lozano, Fabio",URU,M,,,,1431,AUG25,3,20,1985,
3022986,"Lozano, Leandro",URU,M,,,,1435,AUG25,0,40,2015,
3021840,"Lozano, Leonardo",URU,M,,,,1569,AUG25,0,40,1983,
3016897,"Ludzcanoff, Demetrio",URU,M,,,,1519,AUG25,0,20,1974,
3004082,"Lujambio, Marcelo",URU,M,,,,1676,AUG25,0,40,1991,i
3034003,"Luzardo, Martin",URU,M,,,,1543,AUG25,0,40,2012,
3013006,"Macedonio, Mauricio",URU,M,,,,1474,AUG25,0,40,2010,i
3034933,"Machado, Diego",URU,M,,,,1548,AUG25,6,40,1991,
3003930,"Machado, Frank",URU,M,,,,1861,AUG25,0,40,1981,
3035689,"Machado, Jonathan",URU,M,,,,1850,AUG25,0,40,1994,
3022773,"Machado, Sheyla",URU,F,,,,1649,AUG25,0,40,2008,w
3004880,"Machin, Roberto",URU,M,,,,1759,AUG25,0,40,1968,
3000117,"Magaldi, Nelson",URU,M,,,,2037,AUG25,0,20,1942,i
3007570,"Malan, Lucia",URU,F,WCM,WCM,,1926,AUG25,0,20,2002,wi
3009785,"Manteiga, Franco",URU,M,CM,,,1970,AUG25,0,20,2004,
3004066,"Manzanares, Richard",URU,M,,,,1937,AUG25,0,20,1985,i
3019349,"Marchetti, Walter",URU,M,,,,1694,AUG25,0,40,1977,
3027929,"Marco, Ariel",URU,M,,,,1848,AUG25,0,40,2009,
3007170,"Maristan, Agustin",URU,M,,,,1958,AUG25,0,20,1999,i
3007189,"Maristan, Emiliano",URU,M,,,,1821,AUG25,0,20,2000,i
3001555,"Marquez, Luis",URU,M,,,,1742,AUG25,0,20,1957,i
3002780,"Marquez, Uberlindo",URU,M,,,,1546,AUG25,0,20,1945,
3015009,"Marquez, Washington",URU,M,,,,1762,AUG25,0,20,1975,
3017435,"Marquisio, Leonardo",URU,M,,,,1588,AUG25,10,40,2013,
3014827,"Marrero, Gabriel",URU,M,,,,1558,AUG25,0,20,1982,i
3015289,"Martello, Benjamin",URU,M,,,,2101,AUG25,34,40,2007,
3013669,"Martiarena, Fernando",URU,M,,,,1541,AUG25,0,40,1958,
3018890,"Martilotta, Gonzalo",URU,M,,,,1466,AUG25,0,40,2007,i
3011569,"Martinez Araujo, Miguel",URU,M,,,,1633,AUG25,0,40,2006,i
3014037,"Martinez Blanco, Fabian",URU,M,,,,1690,AUG25,0,20,1971,i
3002373,"Martinez Fernandez, Fernando",URU,M,,,,1933,AUG25,0,20,1957,i
3003663,"Martinez Garay, Carlos",URU,M,,,,1918,AUG25,4,20,1987,
3013308,"Martinez Garcia, Santiago",URU,M,,,,1656,AUG25,0,40,2011,i
3024253,"Martinez Suarez, Ignacio",URU,M,,,,1652,AUG25,5,20,2002,
3005704,"Martinez Tagliafico, Sergio",URU,M,,,,1812,AUG25,0,20,1982,
3016358,"Martinez, Alvaro",URU,M,,,,1845,AUG25,0,40,2003,i
3032752,"Martinez, Genaro",URU,M,,,,1669,AUG25,0,40,2010,
3013367,"Martinez, Milton",URU,M,,,,1716,AUG25,0,20,1970,
3019187,"Martinez, Valentino",URU,M,,,,1587,AUG25,0,40,2011,
3014444,"Masoller, Juan",URU,M,,,,1831,AUG25,0,20,1994,i
3005216,"Masoller, Martin",URU,M,,,,1978,AUG25,0,20,1996,
3029271,"Masquil, Elias",URU,M,,,,1419,AUG25,0,40,1996,
3014436,"Mautone, Mateo",URU,M,,,,1493,AUG25,0,20,2002,i
3017036,"Mazzeo, Jose",URU,M,,,,1590,AUG25,10,20,1959,
3024059,"Mazzetti, Jose",URU,M,,,,1478,AUG25,0,40,1972,
3016994,"Medina Rodas, Hugo",URU,M,,,,1725,AUG25,0,40,1981,
3028623,"Medina, Dante",URU,M,,,,1484,AUG25,0,40,2016,
4675789,"Meier, Georg",URU,M,GM,,,2613,AUG25,0,10,1987,
3019616,"Melgar, Mateo",URU,M,,,,1558,AUG25,0,40,2007,
3026795,"Mendez, Ricardo",URU,M,,,,1585,AUG25,0,40,1997,
3000265,"Meneses, Eduardo",URU,M,,,,1771,AUG25,0,20,1962,i
3021106,"Menezes, Emanuel",URU,M,,,,1894,AUG25,0,40,1999,
3009408,"Mercader, Ximena",URU,F,,,,1528,AUG25,0,40,2007,wi
3003370,"Mercado, Renee",URU,M,,,,1648,AUG25,0,20,1937,i
3029506,"Mesones, Nicolas",URU,M,,,,1689,AUG25,0,40,1998,
3005755,"Messonez, Enzo",URU,M,,,,1650,AUG25,0,20,2000,i
3001571,"Michailov, Matias",URU,M,,FI,,2174,AUG25,0,20,1995,i
3015130,"Mila, Rafael",URU,M,,,,1667,AUG25,0,20,1977,i
3018180,"Miladinoff, David",URU,M,,,,1610,AUG25,2,20,1983,
3000800,"Milan, Julio",URU,M,,,,1816,AUG25,0,20,1958,i
3004333,"Milan, Mathias",URU,M,,,,1999,AUG25,0,20,1992,i
3001490,"Milans, Carlos",URU,M,,,,1884,AUG25,0,20,1956,i
3009742,"Miller, Ariel",URU,M,,,,1960,AUG25,5,40,2007,
3003671,"Miraballes Lopez, Andres",URU,M,,,,1803,AUG25,0,20,1997,i
3011941,"Miranda, Alvaro",URU,M,,,,1593,AUG25,0,20,1965,i
3026922,"Miranda, Eddy",URU,M,,,,1733,AUG25,3,40,1992,
103373,"Moccero, Eduardo",URU,M,,FI,,1955,AUG25,0,20,1951,i
3007340,"Moncecchi, Ciro",URU,M,,,,1859,AUG25,5,40,2004,
3007120,"Montoli, Sebastian",URU,M,,,,1910,AUG25,0,20,1997,
3030881,"Montossi Martin, Thiago",URU,M,,,,1659,AUG25,0,40,2012,
3032159,"Moore, Alex",URU,M,,,,1516,AUG25,0,40,1992,
3017281,"Morales Mazzone, Leandro",URU,M,,,,1770,AUG25,0,40,2006,i
3002144,"Morales, Gustavo",URU,M,,,,1563,AUG25,0,40,1970,i
3005577,"Moratorio, Alberto",URU,M,,,,1727,AUG25,0,20,1966,
3022579,"Moreira, Adrian",URU,M,,,,1635,AUG25,0,40,2000,
3003043,"Moreira, Marcelo",URU,M,,,,2090,AUG25,5,20,1982,
3018962,"Moreno Chacon, Mario",URU,M,,,,1632,AUG25,0,20,1979,i
3019012,"Moreno Garcia, David",URU,M,,,,1653,AUG25,0,40,2011,
3008835,"Moreno, Diego",URU,M,,,,2013,AUG25,5,20,2004,
3002101,"Moreno, Nelson",URU,M,,,,1777,AUG25,0,20,1961,i
3031551,"Mosteiro, Martin",URU,M,,,,1598,AUG25,3,40,1993,
3014193,"Mott, Juan",URU,M,,,,1556,AUG25,0,20,1972,
3012352,"Muniz, Facundo",URU,M,,,,1594,AUG25,2,40,2012,
3001768,"Muniz, Gonzalo",URU,M,,FI,,AFM,AUG25,1985,0,1990,
3021939,"Muniz, Pablo",URU,M,,,,1558,AUG25,0,40,1979,
3000486,"Muniz, Rafael",URU,M,FM,FT,,2254,AUG25,5,20,1976,
3001253,"Muzzi, Eduardo",URU,M,CM,,,1984,AUG25,0,20,1981,
3020584,"Nada Macedo, Inti",URU,M,,,,1679,AUG25,0,40,2004,
3002250,"Nakle, Gonzalo",URU,M,,,,1719,AUG25,19,20,1984,
3014096,"Nicolas, Sergio",URU,M,,,,1837,AUG25,0,20,1976,i
3023630,"Nicolini, Bruno",URU,M,,,,1561,AUG25,0,40,2012,
3017125,"Nin, Ignacio",URU,M,,,,1687,AUG25,0,20,1981,
3023397,"Niz, Sebastian",URU,M,,,,1502,AUG25,0,40,1984,i
3033147,"Nunez Capurro, Felipe",URU,M,,,,1585,AUG25,0,40,2005,
3005712,"Nunez de la Rosa, Federico",URU,M,,,,1879,AUG25,0,40,1985,
3000923,"Nunez de la Rosa, Matias",URU,M,,,,2092,AUG25,0,20,1985,
3033511,"Nunez, Bruno",URU,M,,,,1556,AUG25,0,40,2002,
3001334,"Oddone, Cristhian",URU,M,,,,2243,AUG25,0,20,1986,
3003701,"Ojeda, Cristhian",URU,M,,,,1770,AUG25,0,20,1994,i
3024032,"Olaya, Joel",URU,M,,,,1887,AUG25,10,40,1990,
3000281,"Olazarri, Marcelo",URU,M,,,,2179,AUG25,0,20,1965,i
3028330,"Oliva, Valentino",URU,M,,,,1596,AUG25,2,40,2011,
3023206,"Oliveira, Henry",URU,M,,,,1530,AUG25,2,40,1965,
3020690,"Olivera Batista, Santiago",URU,M,,,,1654,AUG25,0,40,2008,
3029743,"Olivera, Ignacio",URU,M,,,,1520,AUG25,0,40,2009,
3016030,"Olivera, Jonathan",URU,M,,,,1678,AUG25,0,40,2005,i
3011127,"Olivera, Omar",URU,M,,,,1484,AUG25,7,20,1953,
3007596,"Olivera, Sergio",URU,M,,,,1647,AUG25,0,20,1972,
3018857,"Olivera, Yohan",URU,M,,,,1665,AUG25,0,20,2002,i
3021122,"Oliveri, Cesar",URU,M,,,,1477,AUG25,0,40,1960,
3022668,"Olmos, Ciro",URU,M,,,,1650,AUG25,0,40,2011,i
3017877,"Olveira, Juan",URU,M,,,,1669,AUG25,0,20,1976,i
3019896,"Omana, Ricardo",URU,M,,,,1710,AUG25,0,20,1975,
3024946,"Onetto, Gaston",URU,M,,,,1716,AUG25,0,20,1987,
3017460,"Orentraich, David",URU,M,,,,1702,AUG25,0,20,1989,i
3030415,"Ortiz, Cristhian",URU,M,,,,1441,AUG25,0,40,1994,
3030423,"Ortiz, Ignacio",URU,M,,,,1625,AUG25,4,40,2005,
3004279,"Ortiz, Soledad",URU,F,,,,1824,AUG25,0,20,1976,wi
3004201,"Osores, Roberto",URU,M,,,,1788,AUG25,0,20,1957,i
3034259,"Osorio, Tiago",URU,M,,,,1611,AUG25,0,40,1994,
3033139,"Osorio, Ximena",URU,F,,,,1560,AUG25,0,40,2003,w
3011313,"Padron, Mariano",URU,M,,,,1822,AUG25,0,20,1993,i
3031640,"Paez, Juan",URU,M,,,,1783,AUG25,0,40,1958,
3016153,"Paiva, Gaston",URU,M,,,,1691,AUG25,0,20,1996,
3029522,"Paiz, Eric",URU,M,,,,1636,AUG25,0,40,1986,
3032132,"Pajon, Nahuel",URU,M,,,,1510,AUG25,3,40,2004,
3010066,"Palacio, Enzo",URU,M,,,,1907,AUG25,0,20,2000,i
3029360,"Paravis, Rodrigo",URU,M,,,,1431,AUG25,0,40,1989,
3004899,"Pascale, Santiago",URU,M,,,,1774,AUG25,0,20,1990,
3016285,"Pascualvaca, Federico",URU,M,,,,1787,AUG25,0,20,1992,
3013014,"Pedrido, Juan",URU,M,,,,1470,AUG25,0,40,2010,i
3011283,"Peinado, Neber",URU,M,,,,1804,AUG25,0,20,1985,i
3006476,"Pelaez, Diego",URU,M,,,,1700,AUG25,4,20,1960,
3004163,"Pena, Alejandro",URU,M,,,,1813,AUG25,0,20,1968,i
3023150,"Pena, Santiago",URU,M,,,,1679,AUG25,5,40,2008,
3021947,"Penaloza, Sebastian",URU,M,,,,1668,AUG25,0,40,1987,
3019900,"Peraza, Luis",URU,M,,,,1608,AUG25,0,20,1989,i
3016757,"Percovich, Alvaro",URU,M,,,,1424,AUG25,0,20,1956,
3008657,"Pereira Braz, Tiago",URU,M,,,,1936,AUG25,0,40,1982,i
3017206,"Pereira Torres, Ruben",URU,M,,,,1678,AUG25,0,40,1990,
3023109,"Pereira, Francisco",URU,M,,,,1489,AUG25,0,40,2009,i
3009220,"Pereira, Gerardo",URU,M,,,,1590,AUG25,0,20,1961,i
3024342,"Pereira, Pablo",URU,M,,,,1558,AUG25,0,20,1991,
3020622,"Pereyra, Camilo",URU,M,,,,1640,AUG25,0,40,1993,i
3021335,"Pereyra, Carlos",URU,M,,,,1677,AUG25,0,40,1993,
3030318,"Perez Bon, Jonathan",URU,M,,,,1677,AUG25,0,40,1991,
3023443,"Perez Mallo, Federico",URU,M,,,,1615,AUG25,7,40,2000,
3018709,"Perez Odizzio, Joaquin",URU,M,,,,1583,AUG25,0,40,2007,i
3014207,"Perez Selios, Luis",URU,M,,,,1771,AUG25,0,20,1960,
3024261,"Perez Taborda, Francisco",URU,M,,,,1555,AUG25,0,40,1989,
3003191,"Perez, Cecilia Manuela",URU,F,WCM,WCM,,1723,AUG25,0,20,1998,wi
3019357,"Perez, Djavan",URU,M,,,,1814,AUG25,0,20,1983,
3001466,"Perez, Jose Luis",URU,M,,,,1703,AUG25,0,20,1962,i
3001806,"Pias Barreto, Horacio",URU,M,,,,1879,AUG25,0,20,1983,i
3018334,"Picart, Maximiliano",URU,M,,,,1726,AUG25,0,40,1995,
3000451,"Pichuaga, Juan Pablo",URU,M,CM,,,2027,AUG25,0,20,1967,i
3012476,"Pietropinto, Carlos",URU,M,,,,1580,AUG25,0,20,1948,i
3021041,"Pimentel, Abraham",URU,M,,,,1829,AUG25,4,40,2007,
3015505,"Pineiro, Francisco",URU,M,,,,1759,AUG25,2,40,1980,
3030989,"Pintos, Juan",URU,M,,,,1482,AUG25,0,40,2009,
3007197,"Pintos, Maximiliano",URU,M,,SI,,1851,AUG25,0,20,1994,
3003493,"Pintos, Miguel",URU,M,,,,1834,AUG25,0,20,1968,i
3005917,"Pintos, Sergio",URU,M,,,,1611,AUG25,0,20,1958,
3019047,"Pirez, Nicolas",URU,M,,,,1673,AUG25,0,20,1999,i
3019608,"Piriz, Facundo",URU,M,,,,1715,AUG25,7,40,2007,
3033201,"Piriz, Martin",URU,M,,,,1531,AUG25,0,40,2003,
3010473,"Pisano, Aaron",URU,M,,,,1698,AUG25,0,20,1999,i
3021653,"Pizarro, Nick",URU,M,,,,1651,AUG25,4,40,2008,
3018970,"Plasencia, Fernando",URU,M,,,,1461,AUG25,0,40,1962,i
3008959,"Podesta, Sofia",URU,F,,,,1695,AUG25,0,40,2007,wi
3029220,"Polito, Evangelina",URU,F,,,,1707,AUG25,19,40,2008,w
3010317,"Ponce Miranda, Luca",URU,M,,,,1794,AUG25,4,20,2004,
3004740,"Ponce, Leonardo",URU,M,,,,1798,AUG25,0,20,1976,i
3019250,"Pons, Rodrigo",URU,M,,,,1570,AUG25,1,40,2007,
3010414,"Popov, Mark",URU,M,,,,1917,AUG25,0,20,1997,
3006140,"Porteiro, Rodrigo",URU,M,,,,1771,AUG25,14,20,1983,
3003485,"Pos, Marcos",URU,M,,,,1844,AUG25,0,20,1979,i
3004643,"Posada, Charlie",URU,M,,,,1778,AUG25,0,40,1991,
3016900,"Poy, Ciro",URU,M,,,,1561,AUG25,0,40,2010,
3013154,"Prado, Juvens",URU,M,,,,1846,AUG25,0,20,1981,i
3028178,"Prandi, Ignacio",URU,M,,,,1494,AUG25,0,40,1991,i
3006484,"Presa, Walter",URU,M,,,,1743,AUG25,0,20,1951,
3006867,"Prestes Marquez, Ernesto Eduardo",URU,M,,,,1895,AUG25,0,20,1985,
3032299,"Provera, Santiago",URU,M,,,,1472,AUG25,1,40,1998,
3006930,"Puchetta, Daniel",URU,M,,,,1682,AUG25,2,20,1973,
3021700,"Punales, Federico",URU,M,,,,1618,AUG25,0,40,1986,i
3024350,"Queirolo, Juan",URU,M,,,,1614,AUG25,0,40,1987,
3004147,"Quevedo, Andreina",URU,F,WFM,WFM,,1865,AUG25,0,20,1999,w
3008754,"Quinteiro, Martin",URU,M,,,,1720,AUG25,0,20,1983,i
3010481,"Quintieri, Mathias",URU,M,,,,1614,AUG25,0,20,1996,
3018415,"Raimondi, Leandro",URU,M,,,,1592,AUG25,0,20,1983,i
3010449,"Ramirez, Agustin",URU,M,,,,1742,AUG25,0,40,2006,i
3014770,"Ramirez, Jose Antonio",URU,M,,FI,,1896,AUG25,0,20,1981,i
3009939,"Ramos Correa, Gabriel",URU,M,,,,1901,AUG25,0,20,1990,i
3009920,"Ramos, Matias",URU,M,,,,1799,AUG25,4,20,1995,
3011380,"Ramos, Valentina",URU,F,,,,1450,AUG25,0,40,2010,wi
3025403,"Rattin, Ulises",URU,M,,,,1715,AUG25,4,40,2005,
3006956,"Recarte, Pablo",URU,M,,,,1664,AUG25,0,20,1955,
3000826,"Recine, Leonel",URU,M,,,,1896,AUG25,0,20,1953,i
3028267,"Redondo, Alvaro",URU,M,,,,1731,AUG25,0,40,1981,i
3007693,"Ressia, Lorenzo",URU,M,,,,1950,AUG25,0,20,2005,
3008916,"Rey, Antonio",URU,M,,,,1633,AUG25,0,20,1986,
3005089,"Rey, Fernando",URU,M,,,,1786,AUG25,0,20,1972,i
3010309,"Reyes, Edinson",URU,M,,,,1650,AUG25,0,20,1978,i
3022811,"Reyes, German",URU,M,,,,1594,AUG25,0,40,2006,i
3028283,"Reyes, Matteo",URU,M,,,,1640,AUG25,4,40,2012,
3006611,"Reyes, Nicolas",URU,M,,,,1642,AUG25,0,40,1997,
3026817,"Reyes, Sebastian",URU,M,,,,1471,AUG25,0,40,2009,
3031330,"Reyna, Emiliano",URU,M,,,,1582,AUG25,1,40,2010,
3034615,"Ricon, Thiago",URU,M,,,,1494,AUG25,0,40,2011,
3006239,"Rios, Juan Pablo",URU,M,,,,1851,AUG25,0,20,1979,i
3013278,"Rivas Puch, Juan",URU,M,,,,1899,AUG25,14,20,1998,
3012735,"Riveiro, Ernesto",URU,M,,,,1412,AUG25,0,40,1977,
3000052,"Rivera, Daniel",URU,M,IM,FT,,2249,AUG25,0,20,1959,i
3028046,"Rivera, Diego",URU,M,,,,1609,AUG25,0,40,1993,
3016587,"Robalez, Cesar",URU,M,,,,1773,AUG25,0,20,1998,
3022218,"Robert, Richard",URU,M,,,,1673,AUG25,0,40,1963,i
3031438,"Robles, Michelle",URU,F,,,,1432,AUG25,8,40,2008,w
3008142,"Rocca, Jose",URU,M,,,,1664,AUG25,0,20,1945,
3028658,"Rocchiccioli, Mateo",URU,M,,,,1436,AUG25,0,40,2016,
101710,"Rodi, Luis Ernesto",URU,M,IM,,,2141,AUG25,16,20,1968,
3004910,"Rodriguez Bernardo, Pablo",URU,M,,,,1880,AUG25,0,40,1972,
3013561,"Rodriguez Berruti, Andres",URU,M,,,,1737,AUG25,0,20,1984,i
3034062,"Rodriguez Bone, Camilo",URU,M,,,,1617,AUG25,0,40,2001,
3012158,"Rodriguez Buela, Martin",URU,M,,,,1950,AUG25,0,20,2006,i
3002950,"Rodriguez Capulla, Camilo",URU,M,,,,1803,AUG25,0,20,1977,
3011208,"Rodriguez de Privitellio, Juan",URU,M,,,,1754,AUG25,0,20,1991,
3005062,"Rodriguez Farias, Eduardo",URU,M,,FI,,1924,AUG25,8,20,1974,
3004759,"Rodriguez Farias, Victor",URU,M,,,,1882,AUG25,0,20,1968,
3024938,"Rodriguez Greco, Ivan",URU,M,,,,1667,AUG25,0,40,2009,i
3002004,"Rodriguez Lazo, Luis",URU,M,,,,1919,AUG25,0,20,1964,
3017117,"Rodriguez Martinez, Jose Fernando",URU,M,,,,1771,AUG25,3,20,1951,
3011682,"Rodriguez Mendieta, Victor",URU,M,,,,1646,AUG25,0,20,1947,i
3034658,"Rodriguez Piastri, Cristian",URU,M,,,,1508,AUG25,1,40,2004,
3030245,"Rodriguez Pricoli, Osvaldo",URU,M,,,,1658,AUG25,0,40,1983,
3021459,"Rodriguez Ramirez, Omar",URU,M,,,,1554,AUG25,0,40,1988,i
3012930,"Rodriguez Ramos, Sebastian",URU,M,,,,1825,AUG25,0,20,1993,
3016951,"Rodriguez Rearden, Jorge",URU,M,,,,1467,AUG25,18,20,1970,
3003353,"Rodriguez Sosa, Gustavo",URU,M,,,,1685,AUG25,17,20,1962,
3000010,"Rodriguez Vila, Andres",URU,M,GM,,,2427,AUG25,9,10,1973,
3001989,"Rodriguez, Ismael",URU,M,,,,1901,AUG25,0,20,1991,i
3008789,"Rodriguez, Leandro",URU,M,,,,1655,AUG25,0,20,1999,i
3016765,"Rodriguez, Roberto Nicolas",URU,M,,,,1551,AUG25,0,40,2007,
3017451,"Rodriguez, Salvador",URU,M,,,,1444,AUG25,0,40,2014,i
3000591,"Rodriguez, Santiago",URU,M,CM,SI,,2231,AUG25,0,20,1983,
3006352,"Roepke, Agustin",URU,M,,,,1789,AUG25,0,20,1977,i
3006360,"Roepke, Sofia",URU,F,WCM,WCM,,1848,AUG25,0,40,2006,wi
3008231,"Roman, Enrique",URU,M,,,,1599,AUG25,0,20,1968,i
3033570,"Romano, Matias",URU,M,,,,1914,AUG25,0,40,1987,
3012336,"Romero, Juan",URU,M,,,,1853,AUG25,0,20,2005,
3021343,"Romero, Luis",URU,M,,,,1714,AUG25,0,40,1984,i
3009661,"Romero, Robert",URU,M,,,,1755,AUG25,0,20,1968,i
3023702,"Rosas, Matias",URU,M,,,,AFM,AUG25,1511,0,1989,
3029263,"Rosas, Maximiliano",URU,M,,,,1462,AUG25,0,40,1995,
3000028,"Roselli Mailhe, Bernardo",URU,M,IM,"SI,FT",,2445,AUG25,5,10,1965,
3007758,"Roselli, Federico",URU,M,,,,1433,AUG25,0,40,2006,
3012603,"Ross Yero, Javier",URU,M,,,,1711,AUG25,0,20,1992,i
3008169,"Rossi, Dantis",URU,M,,,,1681,AUG25,0,20,1953,i
3005933,"Rouiller, Cristopher",URU,M,,,,1721,AUG25,5,20,1991,
3019551,"Rubino, Brian",URU,M,,,,1413,AUG25,0,40,2003,i
3016919,"Rubinstein, Eloi",URU,M,,,,1869,AUG25,4,40,2010,
3030202,"Ruete, Francisco",URU,M,,,,1541,AUG25,0,40,1987,
3001504,"Ruggiero, Alvaro",URU,M,CM,,,1928,AUG25,0,20,1974,
3010660,"Ruiz, Alain",URU,M,,,,1734,AUG25,0,20,2001,
3007405,"Ruiz, Ulises",URU,M,,,,1749,AUG25,0,20,1954,
3000761,"Sabatoni, Atila",URU,M,,,,1890,AUG25,0,20,1977,i
3014380,"Sahagian, Lucas",URU,M,,,,1460,AUG25,3,20,1996,
3001032,"Saint Esteven, Daniel",URU,M,,,,1840,AUG25,0,20,1984,i
3029026,"Saldombide, Lucca",URU,M,,,,1597,AUG25,0,40,2010,
3003876,"Salguero, Rafael",URU,M,,,,1916,AUG25,0,20,1976,
3033384,"Salinas, Matias",URU,M,,,,1518,AUG25,6,40,2009,
3011666,"Salle, Fernando",URU,M,,,,1595,AUG25,0,20,1985,
3023419,"Salsamendi, Flavio",URU,M,,,,1680,AUG25,0,20,1992,
3012174,"Salvat, Marcelo",URU,M,,,,1808,AUG25,0,40,1972,i
3015220,"Sanchez, Martin",URU,M,,,,1623,AUG25,0,40,2009,i
3019560,"Sanchez, Ruben",URU,M,,,,1486,AUG25,0,40,1972,i
3006875,"Sander, Marcos",URU,M,,,,1804,AUG25,0,40,1984,i
3018717,"Sandez, Fabricio",URU,M,,,,ACM,AUG25,1729,0,1985,i
3002608,"Sanguinetti, Luis",URU,M,,,,2199,AUG25,0,20,1991,i
3020495,"Santa Cruz, Nicolas",URU,M,,,,1586,AUG25,0,20,1984,
3010945,"Santana, Sofia",URU,F,,,,1444,AUG25,0,40,2008,w
3033457,"Santin, Ivo",URU,M,,,,1559,AUG25,0,40,2003,
3030385,"Sapriza, Santiago",URU,M,,,,1499,AUG25,0,40,2005,
3011496,"Sardi, Anibal",URU,M,,,,1769,AUG25,0,20,1965,i
3004732,"Sarobe, Raul",URU,M,,,,1859,AUG25,0,20,1948,i
3015742,"Scarani, Manuel",URU,M,,,,1548,AUG25,0,40,1976,
3016072,"Secreti, Martin",URU,M,,,,1759,AUG25,0,20,1993,i
3004945,"Segovia, Marc",URU,M,,,,1662,AUG25,0,20,1965,
3013235,"Segovia, Pablo",URU,M,,,,1455,AUG25,0,20,1989,
3009068,"Sena, Andres",URU,M,,,,1853,AUG25,0,20,1960,
3020959,"Serra, Cecilia",URU,F,,,,1565,AUG25,0,40,1984,w
3005941,"Shih Ferreira, Yin Chieh",URU,M,,,,1668,AUG25,0,20,1990,i
3018571,"Siendra, Facundo",URU,M,,,,1682,AUG25,0,40,2008,i
3011968,"Silberman, Alejandro",URU,M,,,,1874,AUG25,6,20,1968,
3000575,"Silva Rosas, Natalia",URU,F,WCM,WCM,,1907,AUG25,0,20,1979,w
3014681,"Silva Vanoli, Elias",URU,M,,,,1519,AUG25,2,20,2002,
3022919,"Silva, Agustina",URU,F,,,,1762,AUG25,8,40,2009,w
3022900,"Silva, Alexandro",URU,M,,,,1847,AUG25,18,20,1976,
3017346,"Silva, Juan",URU,M,,,,1611,AUG25,0,40,1987,i
3014053,"Silva, Ruben",URU,M,,,,1622,AUG25,0,20,1988,i
3019578,"Silveira Correa, Matias",URU,M,,,,1415,AUG25,0,20,1988,
3001083,"Silveira, Shubert",URU,M,,,,2082,AUG25,0,20,1991,i
3012913,"Silvera, Ignacio",URU,M,,,,1525,AUG25,0,20,2002,i
3029255,"Silvera, Nicolas",URU,M,,,,1678,AUG25,0,40,1992,i
3010201,"Silvera, Pilar",URU,F,,,,1662,AUG25,3,20,2002,w
3009424,"Siri, Lorenzo",URU,M,,,,1432,AUG25,0,40,2006,i
3004171,"Slater, George",URU,M,,,,1908,AUG25,0,40,1986,
3010813,"Socias, Victor",URU,M,,,,1807,AUG25,0,40,1987,
3000753,"Solari, Pablo",URU,M,,,,1800,AUG25,0,20,1972,i
3021718,"Somma, Juan",URU,M,,,,1703,AUG25,0,40,2011,
3020665,"Soria, Xiomara",URU,F,,,,1474,AUG25,0,40,2009,w
3006883,"Sosa Gutierrez, Sebastian",URU,M,,,,1834,AUG25,0,20,1985,i
3000354,"Sosa Macho, Juan Manuel",URU,M,,,,2062,AUG25,0,20,1974,
3018652,"Sosa, Alfredo",URU,M,,,,1752,AUG25,0,40,1998,
3010341,"Sosa, Bruno",URU,M,,,,1665,AUG25,0,20,2003,i
3009360,"Sosa, Ines",URU,F,,,,1513,AUG25,0,20,2003,wi
3015017,"Sosa, Julio",URU,M,,,,1507,AUG25,0,20,1983,i
3003833,"Sosa, Liber",URU,M,,,,1833,AUG25,0,20,1985,
3007103,"Sosa, Miguel",URU,M,,,,1822,AUG25,0,20,1982,i
3029182,"Sotelo, Ignacio",URU,M,,,,1708,AUG25,0,40,1999,i
3015831,"Soto, Joaquin",URU,M,,,,1936,AUG25,0,20,1984,
3001245,"Soto, Nicolas",URU,M,,,,1961,AUG25,0,20,1982,
3028020,"Soto, Pedro",URU,M,,,,1630,AUG25,0,40,1996,
3016927,"Soto, Zelmar",URU,M,,,,1922,AUG25,0,40,1986,
3007634,"Souto, Andres",URU,M,,,,1530,AUG25,0,20,1948,
3013022,"Sozzo, Sebastian",URU,M,,,,1591,AUG25,0,40,2009,i
3033520,"Spoturno, Tomas",URU,M,,,,1524,AUG25,0,40,2001,
3005968,"Stack, Daniel",URU,M,,,,1640,AUG25,0,40,1969,
3019233,"Stefano, Avril",URU,F,,,,AFM,AUG25,1491,0,2003,w
3015246,"Steiner, Matias",URU,M,,,,1828,AUG25,0,20,2005,
3012379,"Suarez, Juan",URU,M,,,,1873,AUG25,0,20,1999,i
3030652,"Suarez, Lucia",URU,F,,,,1559,AUG25,4,40,2011,w
3019020,"Suarez, Nelson",URU,M,,,,1729,AUG25,0,20,1993,i
3031950,"Suarez, Sebastian",URU,M,,,,1697,AUG25,7,40,1980,
3007081,"Suhr, Danny",URU,M,,,,1729,AUG25,0,20,1990,i
3006522,"Svarcas, Anibal",URU,M,,,,1820,AUG25,0,20,1981,i
3003566,"Tabarez, Miguel",URU,M,,,,1707,AUG25,0,20,1971,
3017133,"Tabarez, Vladimir",URU,M,,,,1558,AUG25,0,40,2009,
3023265,"Tachini, Luis",URU,M,,,,1622,AUG25,1,40,2010,
3005259,"Tacoronte, Daniel",URU,M,,,,1697,AUG25,0,40,1980,i
3010678,"Tafernaberry, Matias",URU,M,,,,1873,AUG25,0,20,1983,i
3009866,"Taran, Ignacio",URU,M,,,,1827,AUG25,0,20,1978,i
3032760,"Taranto, Elias",URU,M,,,,1698,AUG25,0,40,1965,
3001237,"Tardugno, Mathias",URU,M,,,,1863,AUG25,0,20,1991,i
3020371,"Taube, David",URU,M,,,,1526,AUG25,6,40,1971,
3014177,"Techeira, Luciano",URU,M,,,,1528,AUG25,0,40,2000,i
3002187,"Techera, Jose",URU,M,,,,1688,AUG25,4,20,1972,
3018288,"Teliz, Enzo",URU,M,,,,1616,AUG25,0,40,1996,
3004260,"Tesija, Gabriel",URU,M,,,,1595,AUG25,0,40,1975,
3019993,"Tessadri, Lucca",URU,M,,,,1710,AUG25,0,40,2007,
3036294,"Thul, Alberto",URU,M,,,,1671,AUG25,5,40,1987,
3021211,"Toker, Jorge",URU,M,,,,1697,AUG25,4,20,1948,
3007502,"Toledo, Javier",URU,M,,,,1872,AUG25,0,20,1971,
3028801,"Toma, Felipe",URU,M,,,,1503,AUG25,3,40,2009,
3021149,"Tonelli, Julian",URU,M,,,,1745,AUG25,0,20,2004,
3014762,"Topolansky, Juan",URU,M,,,,1847,AUG25,0,20,1996,i
3012069,"Torales, Agustin",URU,M,,,,1884,AUG25,0,20,2002,i
3013502,"Torbay, Richard",URU,M,,,,1520,AUG25,3,20,1978,
3014908,"Torres, Eneyer",URU,M,,,,1781,AUG25,0,20,1977,i
3023320,"Tort, Mauricio",URU,M,,,,1714,AUG25,17,40,1988,
3018113,"Tramazzo, Cristian",URU,M,,,,1898,AUG25,0,20,1977,i
3003159,"Tramutolo, Gustavo",URU,M,,,,1786,AUG25,0,20,1957,i
3010830,"Traverso, Luis",URU,M,,,,1657,AUG25,0,20,1980,i
3000974,"Tregarthen, Emiliano",URU,M,,,,2073,AUG25,0,20,1988,i
3034976,"Ugarte, Franco",URU,M,,,,1542,AUG25,9,40,2012,
3001040,"Ulaneo, Matias",URU,M,,,,2060,AUG25,0,20,1990,
3001377,"Ulaneo, Nicolas",URU,M,,,,2157,AUG25,0,20,1987,
3001369,"Ulaneo, Ruben",URU,M,CM,,,2084,AUG25,0,20,1956,
3009564,"Umpierrez, Melina",URU,F,,,,1452,AUG25,0,40,2007,wi
3006913,"Undurraga, Pablo",URU,M,,,,1793,AUG25,0,20,1973,i
3013260,"Urruty, Juan Ignacio",URU,M,,,,1530,AUG25,0,20,1997,
3002098,"Uslenghi, Leonel",URU,M,,,,1775,AUG25,0,20,1968,
3028470,"Vairo, Matias",URU,M,,,,1433,AUG25,0,40,2013,
3021610,"Valiente, Damian",URU,M,,,,1759,AUG25,0,20,1985,
3014100,"Valli, Martin",URU,M,,,,1729,AUG25,0,20,1986,
3019500,"Vaquett, Lautaro",URU,M,,,,1477,AUG25,0,40,2005,
3019446,"Varela Pereira, Martin",URU,M,,,,1439,AUG25,0,40,1981,
3031098,"Varela, Lautaro",URU,M,,,,1636,AUG25,3,40,2009,
3016226,"Varela, Martin",URU,M,,,,1857,AUG25,0,40,2005,i
3019519,"Varela, Mateo",URU,M,,,,1936,AUG25,0,40,2007,
3028593,"Vaselli, Alessio",URU,M,,,,1554,AUG25,0,40,2008,
3009076,"Vassallo, Julio",URU,M,,,,1712,AUG25,0,20,1970,
3007677,"Vassallo, Mariano",URU,M,,,,1797,AUG25,3,40,2005,
3020509,"Vaucher, Timoteo",URU,M,,,,1699,AUG25,0,40,2001,
3001776,"Vaz Lacuesta, Leonardo",URU,M,,,,2151,AUG25,10,20,1991,
3007669,"Vazquez, Facundo",URU,M,IM,,,2332,AUG25,0,20,2004,
3023958,"Vazquez, Ricardo",URU,M,,,,1713,AUG25,3,40,1967,
3021769,"Vega, Jorge",URU,M,,,,1665,AUG25,0,40,1988,i
3018296,"Vendramin, Jose",URU,M,,,,1459,AUG25,0,40,1955,i
3012719,"Vieira, Emiliano",URU,M,,,,1717,AUG25,0,40,1985,
3000990,"Viera, Emilio",URU,M,CM,,,2213,AUG25,0,20,1982,i
3033635,"Vignoli, Emiliano",URU,M,,,,1637,AUG25,0,40,2013,
3021173,"Vigo, Luis",URU,M,,,,1524,AUG25,3,40,2014,
3031080,"Vila, Diego",URU,M,,,,1510,AUG25,0,40,1981,
3017605,"Villa, Ramiro",URU,M,,,,1546,AUG25,0,40,2006,
3030954,"Villalba, Pacha",URU,M,,,,1570,AUG25,2,40,2012,
3001202,"Villarreal, Julio",URU,M,,,,1913,AUG25,0,20,1957,i
3014061,"Villavicencio, Mauricio",URU,M,,,,1695,AUG25,0,20,1977,i
3011402,"Vinas, Matias",URU,M,,,,1721,AUG25,0,20,2001,i
3006158,"Vinella, Marcelo",URU,M,,,,1800,AUG25,5,20,1964,
3000630,"Visillac, Alejandro",URU,M,,,,1864,AUG25,0,20,1964,i
3016056,"Waszuk, Felipe",URU,M,,,,1638,AUG25,0,20,1994,
3031519,"Werle, Carolin",URU,F,,,,1544,AUG25,0,40,2004,w
3020126,"Werle, Julius",URU,M,,,,1602,AUG25,0,40,2011,
3021734,"Wilson, Daniel",URU,M,,,,1461,AUG25,0,40,1970,i
3017494,"Wilson, Martin",URU,M,,,,1496,AUG25,0,40,2013,
3021742,"Wilson, Tomas",URU,M,,,,1602,AUG25,0,40,2005,i
3029166,"Wojciechowski, Alex",URU,M,,,,1739,AUG25,0,40,1980,i
3017230,"Yakes, Nikolai",URU,M,,,,1721,AUG25,0,20,1995,
3016293,"Yanez, Pedro",URU,M,,,,1734,AUG25,0,20,1992,i
3014347,"Young, Carlos",URU,M,,,,1528,AUG25,0,20,1952,i
3014371,"Young, Mateo",URU,M,,,,1594,AUG25,5,20,1991,
3009157,"Zaruski, Julio",URU,M,,,,AFM,AUG25,1900,15,1961,
3002381,"Zas, Gianfranco",URU,M,,,,1715,AUG25,0,20,1984,i
3020592,"Zeballos, Juan Manuel",URU,M,,,,1771,AUG25,0,20,1993,
3017800,"Zerpa, Fabrizio",URU,M,,,,1574,AUG25,0,20,1990,
3001997,"Zoppolo, Cedric",URU,M,,,,1725,AUG25,0,20,1981,