[
  {
    "ID Number": "19602081"
  },
  {
    "ID Number": "19600615"
  },
  {
    "ID Number": "19601484"
  },
  {
    "ID Number": "19600372"
  },
  {
    "ID Number": "19608241"
  },
  {
    "ID Number": "19609558"
  },
  {
    "ID Number": "19604416"
  },
  {
    "ID Number": "19606192"
  },
  {
    "ID Number": "19603720"
  },
  {
    "ID Number": "19608810"
  },
  {
    "ID Number": "19602340"
  },
  {
    "ID Number": "19605226"
  },
  {
    "ID Number": "19600062"
  },
  {
    "ID Number": "19600364"
  },
  {
    "ID Number": "19600399"
  },
  {
    "ID Number": "19601379"
  },
  {
    "ID Number": "19608594"
  },
  {
    "ID Number": "19601972"
  },
  {
    "ID Number": "19605269"
  },
  {
    "ID Number": "19604645"
  },
  {
    "ID Number": "19601131"
  },
  {
    "ID Number": "19600100"
  },
  {
    "ID Number": "19601166"
  },
  {
    "ID Number": "19600135"
  },
  {
    "ID Number": "19609000"
  },
  {
    "ID Number": "19605900"
  },
  {
    "ID Number": "19601034"
  },
  {
    "ID Number": "19600623"
  },
  {
    "ID Number": "19608420"
  },
  {
    "ID Number": "19603428"
  },
  {
    "ID Number": "19601115"
  },
  {
    "ID Number": "19600151"
  },
  {
    "ID Number": "19600909"
  },
  {
    "ID Number": "19601930"
  },
  {
    "ID Number": "19600011"
  },
  {
    "ID Number": "19605633"
  },
  {
    "ID Number": "19601182"
  },
  {
    "ID Number": "19604718"
  },
  {
    "ID Number": "19608624"
  },
  {
    "ID Number": "19606850"
  },
  {
    "ID Number": "19605544"
  },
  {
    "ID Number": "19601719"
  },
  {
    "ID Number": "19607687"
  },
  {
    "ID Number": "19609698"
  },
  {
    "ID Number": "19609230"
  },
  {
    "ID Number": "19608799"
  },
  {
    "ID Number": "19600380"
  },
  {
    "ID Number": "19600518"
  },
  {
    "ID Number": "19601204"
  },
  {
    "ID Number": "19600828"
  },
  {
    "ID Number": "19606591"
  },
  {
    "ID Number": "19609027"
  },
  {
    "ID Number": "19601212"
  },
  {
    "ID Number": "19603460"
  },
  {
    "ID Number": "19609221"
  },
  {
    "ID Number": "19601433"
  },
  {
    "ID Number": "19600089"
  },
  {
    "ID Number": "19600291"
  },
  {
    "ID Number": "19600054"
  },
  {
    "ID Number": "19605790"
  },
  {
    "ID Number": "19600127"
  },
  {
    "ID Number": "19600020"
  },
  {
    "ID Number": "19604491"
  },
  {
    "ID Number": "19604408"
  },
  {
    "ID Number": "19608934"
  },
  {
    "ID Number": "19609353"
  },
  {
    "ID Number": "19604858"
  },
  {
    "ID Number": "19600917"
  },
  {
    "ID Number": "19604505"
  },
  {
    "ID Number": "19601646"
  },
  {
    "ID Number": "19602090"
  },
  {
    "ID Number": "19607237"
  },
  {
    "ID Number": "19601816"
  },
  {
    "ID Number": "19600526"
  },
  {
    "ID Number": "19601441"
  },
  {
    "ID Number": "19609280"
  },
  {
    "ID Number": "19605773"
  },
  {
    "ID Number": "19609051"
  },
  {
    "ID Number": "19607253"
  },
  {
    "ID Number": "19602111"
  },
  {
    "ID Number": "19602057"
  },
  {
    "ID Number": "19609671"
  },
  {
    "ID Number": "19601760"
  },
  {
    "ID Number": "19600704"
  },
  {
    "ID Number": "19603606"
  },
  {
    "ID Number": "19601093"
  },
  {
    "ID Number": "19608411"
  },
  {
    "ID Number": "19601220"
  },
  {
    "ID Number": "19601743"
  },
  {
    "ID Number": "19601395"
  },
  {
    "ID Number": "19601409"
  },
  {
    "ID Number": "19608438"
  },
  {
    "ID Number": "19603533"
  },
  {
    "ID Number": "19606656"
  },
  {
    "ID Number": "19606532"
  },
  {
    "ID Number": "19602120"
  },
  {
    "ID Number": "19601123"
  },
  {
    "ID Number": "19600844"
  },
  {
    "ID Number": "19606800"
  },
  {
    "ID Number": "19608950"
  },
  {
    "ID Number": "19604360"
  },
  {
    "ID Number": "19608861"
  },
  {
    "ID Number": "19601824"
  },
  {
    "ID Number": "19602103"
  },
  {
    "ID Number": "19609400"
  },
  {
    "ID Number": "19609566"
  },
  {
    "ID Number": "19604459"
  },
  {
    "ID Number": "19600860"
  },
  {
    "ID Number": "19600569"
  },
  {
    "ID Number": "19600259"
  },
  {
    "ID Number": "19600593"
  },
  {
    "ID Number": "19606931"
  },
  {
    "ID Number": "19601794"
  },
  {
    "ID Number": "19600097"
  },
  {
    "ID Number": "19606699"
  },
  {
    "ID Number": "19605536"
  },
  {
    "ID Number": "19601190"
  },
  {
    "ID Number": "19604670"
  },
  {
    "ID Number": "19600186"
  },
  {
    "ID Number": "19602049"
  },
  {
    "ID Number": "19600216"
  },
  {
    "ID Number": "19601140"
  },
  {
    "ID Number": "19606290"
  },
  {
    "ID Number": "26030900"
  },
  {
    "ID Number": "19600038"
  },
  {
    "ID Number": "19604688"
  },
  {
    "ID Number": "19600402"
  },
  {
    "ID Number": "19600160"
  },
  {
    "ID Number": "19609035"
  },
  {
    "ID Number": "19609205"
  },
  {
    "ID Number": "19606370"
  }
]