[
  {
    "ID Number": "10304487"
  },
  {
    "ID Number": "10309624"
  },
  {
    "ID Number": "10306595"
  },
  {
    "ID Number": "10306579"
  },
  {
    "ID Number": "10300040"
  },
  {
    "ID Number": "10300503"
  },
  {
    "ID Number": "10300058"
  },
  {
    "ID Number": "10300589"
  },
  {
    "ID Number": "10304606"
  },
  {
    "ID Number": "10304746"
  },
  {
    "ID Number": "10300163"
  },
  {
    "ID Number": "10300180"
  },
  {
    "ID Number": "10304347"
  },
  {
    "ID Number": "10304355"
  },
  {
    "ID Number": "10304312"
  },
  {
    "ID Number": "10306013"
  },
  {
    "ID Number": "10304150"
  },
  {
    "ID Number": "10304185"
  },
  {
    "ID Number": "10304290"
  },
  {
    "ID Number": "10310037"
  },
  {
    "ID Number": "10303162"
  },
  {
    "ID Number": "10304371"
  },
  {
    "ID Number": "10306803"
  },
  {
    "ID Number": "10300740"
  },
  {
    "ID Number": "10306102"
  },
  {
    "ID Number": "10309578"
  },
  {
    "ID Number": "10306838"
  },
  {
    "ID Number": "10302077"
  },
  {
    "ID Number": "10308687"
  },
  {
    "ID Number": "10302085"
  },
  {
    "ID Number": "10309063"
  },
  {
    "ID Number": "10307362"
  },
  {
    "ID Number": "10300228"
  },
  {
    "ID Number": "10300341"
  },
  {
    "ID Number": "10300538"
  },
  {
    "ID Number": "10305459"
  },
  {
    "ID Number": "10305840"
  },
  {
    "ID Number": "10311521"
  },
  {
    "ID Number": "10303260"
  },
  {
    "ID Number": "10305793"
  },
  {
    "ID Number": "10306439"
  },
  {
    "ID Number": "10304541"
  },
  {
    "ID Number": "10301364"
  },
  {
    "ID Number": "10301100"
  },
  {
    "ID Number": "10302875"
  },
  {
    "ID Number": "10303944"
  },
  {
    "ID Number": "10306994"
  },
  {
    "ID Number": "10307893"
  },
  {
    "ID Number": "10308792"
  },
  {
    "ID Number": "10301615"
  },
  {
    "ID Number": "10301445"
  },
  {
    "ID Number": "10307869"
  },
  {
    "ID Number": "10303553"
  },
  {
    "ID Number": "10309926"
  },
  {
    "ID Number": "10307885"
  },
  {
    "ID Number": "10307630"
  },
  {
    "ID Number": "10304738"
  },
  {
    "ID Number": "10300597"
  },
  {
    "ID Number": "10305254"
  },
  {
    "ID Number": "10302093"
  },
  {
    "ID Number": "10303057"
  },
  {
    "ID Number": "10306625"
  },
  {
    "ID Number": "10306218"
  },
  {
    "ID Number": "10308962"
  },
  {
    "ID Number": "10306340"
  },
  {
    "ID Number": "10306714"
  },
  {
    "ID Number": "10307109"
  },
  {
    "ID Number": "10307095"
  },
  {
    "ID Number": "10307087"
  },
  {
    "ID Number": "10304339"
  },
  {
    "ID Number": "10303987"
  },
  {
    "ID Number": "10309446"
  },
  {
    "ID Number": "10311807"
  },
  {
    "ID Number": "10309560"
  },
  {
    "ID Number": "10308547"
  },
  {
    "ID Number": "10301577"
  },
  {
    "ID Number": "10307320"
  },
  {
    "ID Number": "10303766"
  },
  {
    "ID Number": "10303340"
  },
  {
    "ID Number": "10304428"
  },
  {
    "ID Number": "10300511"
  },
  {
    "ID Number": "10300368"
  },
  {
    "ID Number": "10302514"
  },
  {
    "ID Number": "10308474"
  },
  {
    "ID Number": "10301623"
  },
  {
    "ID Number": "10307036"
  },
  {
    "ID Number": "10304169"
  },
  {
    "ID Number": "10308202"
  },
  {
    "ID Number": "10309390"
  },
  {
    "ID Number": "10306757"
  },
  {
    "ID Number": "10303197"
  },
  {
    "ID Number": "10307052"
  },
  {
    "ID Number": "10306358"
  },
  {
    "ID Number": "10303480"
  },
  {
    "ID Number": "10300864"
  },
  {
    "ID Number": "10303472"
  },
  {
    "ID Number": "10304495"
  },
  {
    "ID Number": "10301348"
  },
  {
    "ID Number": "10300848"
  },
  {
    "ID Number": "10306617"
  },
  {
    "ID Number": "10301321"
  },
  {
    "ID Number": "10305904"
  },
  {
    "ID Number": "10305890"
  },
  {
    "ID Number": "10302603"
  },
  {
    "ID Number": "10305998"
  },
  {
    "ID Number": "10304096"
  },
  {
    "ID Number": "10303332"
  },
  {
    "ID Number": "10303405"
  },
  {
    "ID Number": "10303022"
  },
  {
    "ID Number": "10310355"
  },
  {
    "ID Number": "10308482"
  },
  {
    "ID Number": "10300805"
  },
  {
    "ID Number": "10307656"
  },
  {
    "ID Number": "10306587"
  },
  {
    "ID Number": "10300171"
  },
  {
    "ID Number": "10309918"
  },
  {
    "ID Number": "10306951"
  },
  {
    "ID Number": "10303537"
  },
  {
    "ID Number": "10310100"
  },
  {
    "ID Number": "10304657"
  },
  {
    "ID Number": "10306110"
  },
  {
    "ID Number": "10311190"
  },
  {
    "ID Number": "10304274"
  },
  {
    "ID Number": "10309675"
  },
  {
    "ID Number": "10301283"
  },
  {
    "ID Number": "10303634"
  },
  {
    "ID Number": "10300066"
  },
  {
    "ID Number": "10301992"
  },
  {
    "ID Number": "10310070"
  },
  {
    "ID Number": "10306641"
  },
  {
    "ID Number": "10300708"
  },
  {
    "ID Number": "10305580"
  },
  {
    "ID Number": "10306765"
  },
  {
    "ID Number": "10309020"
  },
  {
    "ID Number": "10306072"
  },
  {
    "ID Number": "10306412"
  },
  {
    "ID Number": "10302034"
  },
  {
    "ID Number": "10310193"
  },
  {
    "ID Number": "10307672"
  },
  {
    "ID Number": "10311025"
  },
  {
    "ID Number": "10301585"
  },
  {
    "ID Number": "10300651"
  },
  {
    "ID Number": "10306242"
  },
  {
    "ID Number": "10306005"
  },
  {
    "ID Number": "10304266"
  },
  {
    "ID Number": "10300244"
  },
  {
    "ID Number": "10309896"
  },
  {
    "ID Number": "10306811"
  },
  {
    "ID Number": "10307222"
  },
  {
    "ID Number": "10302867"
  },
  {
    "ID Number": "10305289"
  },
  {
    "ID Number": "10309144"
  },
  {
    "ID Number": "10309152"
  },
  {
    "ID Number": "10308121"
  },
  {
    "ID Number": "10305610"
  },
  {
    "ID Number": "10308245"
  },
  {
    "ID Number": "10310460"
  },
  {
    "ID Number": "10300015"
  },
  {
    "ID Number": "10301186"
  },
  {
    "ID Number": "10301275"
  },
  {
    "ID Number": "10306609"
  },
  {
    "ID Number": "10306420"
  },
  {
    "ID Number": "10307753"
  },
  {
    "ID Number": "10304029"
  },
  {
    "ID Number": "10303049"
  },
  {
    "ID Number": "10300678"
  },
  {
    "ID Number": "10303081"
  },
  {
    "ID Number": "10309993"
  },
  {
    "ID Number": "10310010"
  },
  {
    "ID Number": "10300910"
  },
  {
    "ID Number": "10311130"
  },
  {
    "ID Number": "10308679"
  },
  {
    "ID Number": "10308130"
  },
  {
    "ID Number": "10306510"
  },
  {
    "ID Number": "10307427"
  },
  {
    "ID Number": "10303278"
  },
  {
    "ID Number": "10308717"
  },
  {
    "ID Number": "10308725"
  },
  {
    "ID Number": "10308814"
  },
  {
    "ID Number": "10307990"
  },
  {
    "ID Number": "10307559"
  },
  {
    "ID Number": "10311343"
  },
  {
    "ID Number": "10310690"
  },
  {
    "ID Number": "10311602"
  },
  {
    "ID Number": "10305068"
  },
  {
    "ID Number": "10310045"
  },
  {
    "ID Number": "10301771"
  },
  {
    "ID Number": "10311432"
  },
  {
    "ID Number": "10308423"
  },
  {
    "ID Number": "10301372"
  },
  {
    "ID Number": "10306293"
  },
  {
    "ID Number": "10303561"
  },
  {
    "ID Number": "10301763"
  },
  {
    "ID Number": "10300694"
  },
  {
    "ID Number": "10307478"
  },
  {
    "ID Number": "10308466"
  },
  {
    "ID Number": "10301470"
  },
  {
    "ID Number": "10305670"
  },
  {
    "ID Number": "10300198"
  },
  {
    "ID Number": "10307028"
  },
  {
    "ID Number": "10309870"
  },
  {
    "ID Number": "10310061"
  },
  {
    "ID Number": "10301682"
  },
  {
    "ID Number": "10305882"
  },
  {
    "ID Number": "10304100"
  },
  {
    "ID Number": "10300929"
  },
  {
    "ID Number": "10310720"
  },
  {
    "ID Number": "10301607"
  },
  {
    "ID Number": "10300520"
  },
  {
    "ID Number": "10304568"
  },
  {
    "ID Number": "383266891"
  },
  {
    "ID Number": "10311530"
  },
  {
    "ID Number": "10306935"
  },
  {
    "ID Number": "10304711"
  },
  {
    "ID Number": "10302557"
  },
  {
    "ID Number": "10306820"
  },
  {
    "ID Number": "10303979"
  },
  {
    "ID Number": "10301291"
  },
  {
    "ID Number": "10308008"
  },
  {
    "ID Number": "10301216"
  },
  {
    "ID Number": "10309438"
  },
  {
    "ID Number": "10301739"
  },
  {
    "ID Number": "10307605"
  },
  {
    "ID Number": "10311157"
  },
  {
    "ID Number": "10302042"
  },
  {
    "ID Number": "10305769"
  },
  {
    "ID Number": "10306668"
  },
  {
    "ID Number": "10302131"
  },
  {
    "ID Number": "10300201"
  },
  {
    "ID Number": "10300716"
  },
  {
    "ID Number": "10302905"
  },
  {
    "ID Number": "10306773"
  },
  {
    "ID Number": "10306560"
  },
  {
    "ID Number": "10303642"
  },
  {
    "ID Number": "10300465"
  },
  {
    "ID Number": "10304720"
  },
  {
    "ID Number": "10302824"
  },
  {
    "ID Number": "10303839"
  },
  {
    "ID Number": "10309110"
  },
  {
    "ID Number": "10309004"
  },
  {
    "ID Number": "10301399"
  },
  {
    "ID Number": "10306390"
  },
  {
    "ID Number": "10304070"
  },
  {
    "ID Number": "10300112"
  },
  {
    "ID Number": "10303529"
  },
  {
    "ID Number": "10306781"
  },
  {
    "ID Number": "10308440"
  },
  {
    "ID Number": "10305009"
  },
  {
    "ID Number": "10300082"
  },
  {
    "ID Number": "10302565"
  },
  {
    "ID Number": "10307982"
  },
  {
    "ID Number": "10306633"
  },
  {
    "ID Number": "10306650"
  },
  {
    "ID Number": "10307010"
  },
  {
    "ID Number": "10304207"
  },
  {
    "ID Number": "10301569"
  },
  {
    "ID Number": "10301151"
  }
]