[
  {
    "ID Number": "11900024"
  },
  {
    "ID Number": "11901047"
  },
  {
    "ID Number": "11900717"
  },
  {
    "ID Number": "11900032"
  },
  {
    "ID Number": "11900695"
  },
  {
    "ID Number": "11901560"
  },
  {
    "ID Number": "11900296"
  },
  {
    "ID Number": "11900598"
  },
  {
    "ID Number": "11900741"
  },
  {
    "ID Number": "11900733"
  },
  {
    "ID Number": "11900822"
  },
  {
    "ID Number": "11901462"
  },
  {
    "ID Number": "11901403"
  },
  {
    "ID Number": "11902396"
  },
  {
    "ID Number": "11900687"
  },
  {
    "ID Number": "11900814"
  },
  {
    "ID Number": "361096937"
  },
  {
    "ID Number": "11900890"
  },
  {
    "ID Number": "11901284"
  },
  {
    "ID Number": "11900873"
  },
  {
    "ID Number": "11900571"
  },
  {
    "ID Number": "11900792"
  },
  {
    "ID Number": "11900920"
  },
  {
    "ID Number": "11900326"
  },
  {
    "ID Number": "11900270"
  },
  {
    "ID Number": "11900636"
  },
  {
    "ID Number": "11902493"
  },
  {
    "ID Number": "11900750"
  },
  {
    "ID Number": "11901276"
  },
  {
    "ID Number": "11900083"
  },
  {
    "ID Number": "11900113"
  },
  {
    "ID Number": "11901110"
  },
  {
    "ID Number": "11900946"
  },
  {
    "ID Number": "11900954"
  },
  {
    "ID Number": "11901780"
  },
  {
    "ID Number": "11900806"
  },
  {
    "ID Number": "11900938"
  },
  {
    "ID Number": "11900580"
  },
  {
    "ID Number": "11901454"
  },
  {
    "ID Number": "11900776"
  },
  {
    "ID Number": "11900768"
  },
  {
    "ID Number": "11900253"
  },
  {
    "ID Number": "11901500"
  },
  {
    "ID Number": "11900059"
  },
  {
    "ID Number": "11900199"
  },
  {
    "ID Number": "11900547"
  },
  {
    "ID Number": "11901268"
  },
  {
    "ID Number": "11901012"
  },
  {
    "ID Number": "11902086"
  }
]