[
  {
    "ID Number": "93800053"
  },
  {
    "ID Number": "93800096"
  },
  {
    "ID Number": "93800037"
  },
  {
    "ID Number": "93800347"
  },
  {
    "ID Number": "93800380"
  },
  {
    "ID Number": "93800134"
  },
  {
    "ID Number": "93800010"
  },
  {
    "ID Number": "93800177"
  },
  {
    "ID Number": "93800118"
  },
  {
    "ID Number": "93800150"
  },
  {
    "ID Number": "93800339"
  },
  {
    "ID Number": "93800398"
  },
  {
    "ID Number": "93800088"
  },
  {
    "ID Number": "93800061"
  },
  {
    "ID Number": "2057603"
  },
  {
    "ID Number": "93800045"
  }
]