[
  {
    "ID Number": "12348651"
  },
  {
    "ID Number": "12352160"
  },
  {
    "ID Number": "12313564"
  },
  {
    "ID Number": "12352179"
  },
  {
    "ID Number": "12307750"
  },
  {
    "ID Number": "12314943"
  },
  {
    "ID Number": "12316148"
  },
  {
    "ID Number": "12351555"
  },
  {
    "ID Number": "12337501"
  },
  {
    "ID Number": "12307769"
  },
  {
    "ID Number": "12318027"
  },
  {
    "ID Number": "12365890"
  },
  {
    "ID Number": "12301329"
  },
  {
    "ID Number": "12319732"
  },
  {
    "ID Number": "12300756"
  },
  {
    "ID Number": "12355496"
  },
  {
    "ID Number": "12316385"
  },
  {
    "ID Number": "12315583"
  },
  {
    "ID Number": "12309168"
  },
  {
    "ID Number": "12300160"
  },
  {
    "ID Number": "12314323"
  },
  {
    "ID Number": "12314552"
  },
  {
    "ID Number": "5004870"
  },
  {
    "ID Number": "12316814"
  },
  {
    "ID Number": "12324558"
  },
  {
    "ID Number": "12308013"
  },
  {
    "ID Number": "12307777"
  },
  {
    "ID Number": "12301523"
  },
  {
    "ID Number": "12305685"
  },
  {
    "ID Number": "12310743"
  },
  {
    "ID Number": "12354627"
  },
  {
    "ID Number": "12311863"
  },
  {
    "ID Number": "12310484"
  },
  {
    "ID Number": "12315699"
  },
  {
    "ID Number": "12352748"
  },
  {
    "ID Number": "12332020"
  },
  {
    "ID Number": "12336297"
  },
  {
    "ID Number": "12353906"
  },
  {
    "ID Number": "12303003"
  },
  {
    "ID Number": "12304484"
  },
  {
    "ID Number": "12341444"
  },
  {
    "ID Number": "12302929"
  },
  {
    "ID Number": "12338117"
  },
  {
    "ID Number": "12360023"
  },
  {
    "ID Number": "12301337"
  },
  {
    "ID Number": "12305251"
  },
  {
    "ID Number": "12337609"
  },
  {
    "ID Number": "12310140"
  },
  {
    "ID Number": "12326135"
  },
  {
    "ID Number": "12300241"
  },
  {
    "ID Number": "12325384"
  },
  {
    "ID Number": "12301540"
  },
  {
    "ID Number": "12305707"
  },
  {
    "ID Number": "12318426"
  },
  {
    "ID Number": "12316156"
  },
  {
    "ID Number": "12320366"
  },
  {
    "ID Number": "12316164"
  },
  {
    "ID Number": "12323926"
  },
  {
    "ID Number": "12318035"
  },
  {
    "ID Number": "12320374"
  },
  {
    "ID Number": "12336220"
  },
  {
    "ID Number": "12362956"
  },
  {
    "ID Number": "12332658"
  },
  {
    "ID Number": "12323934"
  },
  {
    "ID Number": "12327018"
  },
  {
    "ID Number": "12349399"
  },
  {
    "ID Number": "12326216"
  },
  {
    "ID Number": "12326224"
  },
  {
    "ID Number": "12301485"
  },
  {
    "ID Number": "12307793"
  },
  {
    "ID Number": "12305715"
  },
  {
    "ID Number": "12352489"
  },
  {
    "ID Number": "12329207"
  },
  {
    "ID Number": "12339954"
  },
  {
    "ID Number": "12316172"
  },
  {
    "ID Number": "12323942"
  },
  {
    "ID Number": "12342726"
  },
  {
    "ID Number": "12320706"
  },
  {
    "ID Number": "12310751"
  },
  {
    "ID Number": "12339962"
  },
  {
    "ID Number": "12362964"
  },
  {
    "ID Number": "12320382"
  },
  {
    "ID Number": "12329487"
  },
  {
    "ID Number": "12319058"
  },
  {
    "ID Number": "12318469"
  },
  {
    "ID Number": "12316784"
  },
  {
    "ID Number": "12362972"
  },
  {
    "ID Number": "12310654"
  },
  {
    "ID Number": "12312967"
  },
  {
    "ID Number": "12301566"
  },
  {
    "ID Number": "12345008"
  },
  {
    "ID Number": "12312231"
  },
  {
    "ID Number": "12336246"
  },
  {
    "ID Number": "12313475"
  },
  {
    "ID Number": "12360252"
  },
  {
    "ID Number": "12329800"
  },
  {
    "ID Number": "12324744"
  },
  {
    "ID Number": "12319066"
  },
  {
    "ID Number": "12320722"
  },
  {
    "ID Number": "12301558"
  },
  {
    "ID Number": "12314650"
  },
  {
    "ID Number": "12333387"
  },
  {
    "ID Number": "12353590"
  },
  {
    "ID Number": "12303380"
  },
  {
    "ID Number": "12300772"
  },
  {
    "ID Number": "12332046"
  },
  {
    "ID Number": "12303402"
  },
  {
    "ID Number": "12320005"
  },
  {
    "ID Number": "12346390"
  },
  {
    "ID Number": "12323250"
  },
  {
    "ID Number": "12340740"
  },
  {
    "ID Number": "12308110"
  },
  {
    "ID Number": "12300705"
  },
  {
    "ID Number": "12361097"
  },
  {
    "ID Number": "12329215"
  },
  {
    "ID Number": "12338818"
  },
  {
    "ID Number": "12309958"
  },
  {
    "ID Number": "12319260"
  },
  {
    "ID Number": "12335908"
  },
  {
    "ID Number": "12329223"
  },
  {
    "ID Number": "12362182"
  },
  {
    "ID Number": "12335169"
  },
  {
    "ID Number": "12351059"
  },
  {
    "ID Number": "12343250"
  },
  {
    "ID Number": "12342750"
  },
  {
    "ID Number": "12320390"
  },
  {
    "ID Number": "12325007"
  },
  {
    "ID Number": "12361380"
  },
  {
    "ID Number": "12362980"
  },
  {
    "ID Number": "12326712"
  },
  {
    "ID Number": "12325244"
  },
  {
    "ID Number": "12318043"
  },
  {
    "ID Number": "12356042"
  },
  {
    "ID Number": "12360139"
  },
  {
    "ID Number": "12335924"
  },
  {
    "ID Number": "12309966"
  },
  {
    "ID Number": "12329495"
  },
  {
    "ID Number": "12313440"
  },
  {
    "ID Number": "12319759"
  },
  {
    "ID Number": "12343269"
  },
  {
    "ID Number": "12303496"
  },
  {
    "ID Number": "12331406"
  },
  {
    "ID Number": "12345067"
  },
  {
    "ID Number": "12303526"
  },
  {
    "ID Number": "12330639"
  },
  {
    "ID Number": "12363006"
  },
  {
    "ID Number": "12345075"
  },
  {
    "ID Number": "12312509"
  },
  {
    "ID Number": "12301353"
  },
  {
    "ID Number": "12339016"
  },
  {
    "ID Number": "12328405"
  },
  {
    "ID Number": "12368466"
  },
  {
    "ID Number": "12304492"
  },
  {
    "ID Number": "12300683"
  },
  {
    "ID Number": "12303550"
  },
  {
    "ID Number": "12345083"
  },
  {
    "ID Number": "12356824"
  },
  {
    "ID Number": "12365068"
  },
  {
    "ID Number": "12328570"
  },
  {
    "ID Number": "12329509"
  },
  {
    "ID Number": "12305898"
  },
  {
    "ID Number": "12347361"
  },
  {
    "ID Number": "12325023"
  },
  {
    "ID Number": "12336300"
  },
  {
    "ID Number": "12336998"
  },
  {
    "ID Number": "12300780"
  },
  {
    "ID Number": "12301361"
  },
  {
    "ID Number": "12340499"
  },
  {
    "ID Number": "12337048"
  },
  {
    "ID Number": "12319538"
  },
  {
    "ID Number": "12304964"
  },
  {
    "ID Number": "12306053"
  },
  {
    "ID Number": "12325040"
  },
  {
    "ID Number": "12313491"
  },
  {
    "ID Number": "12303984"
  },
  {
    "ID Number": "12320056"
  },
  {
    "ID Number": "12306231"
  },
  {
    "ID Number": "12363014"
  },
  {
    "ID Number": "12313335"
  },
  {
    "ID Number": "12300730"
  },
  {
    "ID Number": "12324078"
  },
  {
    "ID Number": "12327417"
  },
  {
    "ID Number": "12365076"
  },
  {
    "ID Number": "12307360"
  },
  {
    "ID Number": "12339040"
  },
  {
    "ID Number": "12348090"
  },
  {
    "ID Number": "12324086"
  },
  {
    "ID Number": "12314331"
  },
  {
    "ID Number": "12347388"
  },
  {
    "ID Number": "12319775"
  },
  {
    "ID Number": "12313505"
  },
  {
    "ID Number": "12300799"
  },
  {
    "ID Number": "12318639"
  },
  {
    "ID Number": "12301590"
  },
  {
    "ID Number": "12303020"
  },
  {
    "ID Number": "12347396"
  },
  {
    "ID Number": "12330027"
  },
  {
    "ID Number": "12302635"
  },
  {
    "ID Number": "12315745"
  },
  {
    "ID Number": "12323969"
  },
  {
    "ID Number": "12368504"
  },
  {
    "ID Number": "12325252"
  },
  {
    "ID Number": "12328286"
  },
  {
    "ID Number": "12318051"
  },
  {
    "ID Number": "12361518"
  },
  {
    "ID Number": "12326798"
  },
  {
    "ID Number": "12316393"
  },
  {
    "ID Number": "12303887"
  },
  {
    "ID Number": "12316636"
  },
  {
    "ID Number": "12329932"
  },
  {
    "ID Number": "12350516"
  },
  {
    "ID Number": "12310506"
  },
  {
    "ID Number": "12335584"
  },
  {
    "ID Number": "12303275"
  },
  {
    "ID Number": "12329231"
  },
  {
    "ID Number": "12300802"
  },
  {
    "ID Number": "12329240"
  },
  {
    "ID Number": "12348120"
  },
  {
    "ID Number": "12332666"
  },
  {
    "ID Number": "12317500"
  },
  {
    "ID Number": "12300292"
  },
  {
    "ID Number": "12303038"
  },
  {
    "ID Number": "12305111"
  },
  {
    "ID Number": "12301477"
  },
  {
    "ID Number": "12327425"
  },
  {
    "ID Number": "12324698"
  },
  {
    "ID Number": "12313513"
  },
  {
    "ID Number": "12306649"
  },
  {
    "ID Number": "12300810"
  },
  {
    "ID Number": "12308714"
  },
  {
    "ID Number": "12300829"
  },
  {
    "ID Number": "12311766"
  },
  {
    "ID Number": "12352497"
  },
  {
    "ID Number": "12352500"
  },
  {
    "ID Number": "12343285"
  },
  {
    "ID Number": "12312568"
  },
  {
    "ID Number": "12326054"
  },
  {
    "ID Number": "12335592"
  },
  {
    "ID Number": "12306495"
  },
  {
    "ID Number": "12325074"
  },
  {
    "ID Number": "12306061"
  },
  {
    "ID Number": "12365106"
  },
  {
    "ID Number": "12342602"
  },
  {
    "ID Number": "12361100"
  },
  {
    "ID Number": "12314749"
  },
  {
    "ID Number": "12325899"
  },
  {
    "ID Number": "12360147"
  },
  {
    "ID Number": "12350370"
  },
  {
    "ID Number": "12301612"
  },
  {
    "ID Number": "12308277"
  },
  {
    "ID Number": "12319805"
  },
  {
    "ID Number": "12307394"
  },
  {
    "ID Number": "12307416"
  },
  {
    "ID Number": "12316202"
  },
  {
    "ID Number": "12342807"
  },
  {
    "ID Number": "12314358"
  },
  {
    "ID Number": "12306240"
  },
  {
    "ID Number": "12351121"
  },
  {
    "ID Number": "12308021"
  },
  {
    "ID Number": "12326569"
  },
  {
    "ID Number": "12325341"
  },
  {
    "ID Number": "12331732"
  },
  {
    "ID Number": "12300250"
  },
  {
    "ID Number": "12302767"
  },
  {
    "ID Number": "12302279"
  },
  {
    "ID Number": "12343293"
  },
  {
    "ID Number": "12352942"
  },
  {
    "ID Number": "12336327"
  },
  {
    "ID Number": "12312266"
  },
  {
    "ID Number": "12303992"
  },
  {
    "ID Number": "12331317"
  },
  {
    "ID Number": "12300284"
  },
  {
    "ID Number": "12302953"
  },
  {
    "ID Number": "12300535"
  },
  {
    "ID Number": "12300837"
  },
  {
    "ID Number": "12303046"
  },
  {
    "ID Number": "12347418"
  },
  {
    "ID Number": "12343749"
  },
  {
    "ID Number": "12319554"
  },
  {
    "ID Number": "12308293"
  },
  {
    "ID Number": "12301639"
  },
  {
    "ID Number": "12303054"
  },
  {
    "ID Number": "12303062"
  },
  {
    "ID Number": "12330701"
  },
  {
    "ID Number": "12340537"
  },
  {
    "ID Number": "12326259"
  },
  {
    "ID Number": "12306070"
  },
  {
    "ID Number": "12314994"
  },
  {
    "ID Number": "12322482"
  },
  {
    "ID Number": "12350010"
  },
  {
    "ID Number": "12368512"
  },
  {
    "ID Number": "12301310"
  },
  {
    "ID Number": "12346470"
  },
  {
    "ID Number": "12307424"
  },
  {
    "ID Number": "12314765"
  },
  {
    "ID Number": "12301647"
  },
  {
    "ID Number": "12332100"
  },
  {
    "ID Number": "12303089"
  },
  {
    "ID Number": "12327565"
  },
  {
    "ID Number": "12344257"
  },
  {
    "ID Number": "12301655"
  },
  {
    "ID Number": "12327069"
  },
  {
    "ID Number": "12308510"
  },
  {
    "ID Number": "12365998"
  },
  {
    "ID Number": "12340405"
  },
  {
    "ID Number": "12301680"
  },
  {
    "ID Number": "12312517"
  },
  {
    "ID Number": "12306088"
  },
  {
    "ID Number": "12329517"
  },
  {
    "ID Number": "12362255"
  },
  {
    "ID Number": "12317667"
  },
  {
    "ID Number": "12300233"
  },
  {
    "ID Number": "12302562"
  },
  {
    "ID Number": "12319570"
  },
  {
    "ID Number": "12345121"
  },
  {
    "ID Number": "12328421"
  },
  {
    "ID Number": "12327077"
  },
  {
    "ID Number": "12363480"
  },
  {
    "ID Number": "12353450"
  },
  {
    "ID Number": "12302651"
  },
  {
    "ID Number": "12307815"
  },
  {
    "ID Number": "12303909"
  },
  {
    "ID Number": "12304506"
  },
  {
    "ID Number": "12319287"
  },
  {
    "ID Number": "12362271"
  },
  {
    "ID Number": "12313521"
  },
  {
    "ID Number": "12362620"
  },
  {
    "ID Number": "12319813"
  },
  {
    "ID Number": "12352985"
  },
  {
    "ID Number": "12329525"
  },
  {
    "ID Number": "12348201"
  },
  {
    "ID Number": "12304514"
  },
  {
    "ID Number": "12362719"
  },
  {
    "ID Number": "12316555"
  },
  {
    "ID Number": "12364789"
  },
  {
    "ID Number": "12317675"
  },
  {
    "ID Number": "12324574"
  },
  {
    "ID Number": "12325449"
  },
  {
    "ID Number": "12330710"
  },
  {
    "ID Number": "12319490"
  },
  {
    "ID Number": "12345466"
  },
  {
    "ID Number": "12334723"
  },
  {
    "ID Number": "12356115"
  },
  {
    "ID Number": "12332810"
  },
  {
    "ID Number": "12316644"
  },
  {
    "ID Number": "12329541"
  },
  {
    "ID Number": "12337102"
  },
  {
    "ID Number": "12319821"
  },
  {
    "ID Number": "12327085"
  },
  {
    "ID Number": "12304638"
  },
  {
    "ID Number": "12325260"
  },
  {
    "ID Number": "12332828"
  },
  {
    "ID Number": "12334316"
  },
  {
    "ID Number": "12352519"
  },
  {
    "ID Number": "12300225"
  },
  {
    "ID Number": "12365130"
  },
  {
    "ID Number": "5023963"
  },
  {
    "ID Number": "12301370"
  },
  {
    "ID Number": "12301710"
  },
  {
    "ID Number": "12328197"
  },
  {
    "ID Number": "12327433"
  },
  {
    "ID Number": "12311880"
  },
  {
    "ID Number": "12328154"
  },
  {
    "ID Number": "12313530"
  },
  {
    "ID Number": "12317691"
  },
  {
    "ID Number": "12334758"
  },
  {
    "ID Number": "12320250"
  },
  {
    "ID Number": "12314544"
  },
  {
    "ID Number": "12301728"
  },
  {
    "ID Number": "12336483"
  },
  {
    "ID Number": "12303976"
  },
  {
    "ID Number": "12331430"
  },
  {
    "ID Number": "12329061"
  },
  {
    "ID Number": "12329754"
  },
  {
    "ID Number": "12318108"
  },
  {
    "ID Number": "12302309"
  },
  {
    "ID Number": "12332690"
  },
  {
    "ID Number": "12306509"
  },
  {
    "ID Number": "12301736"
  },
  {
    "ID Number": "12305588"
  },
  {
    "ID Number": "12316318"
  },
  {
    "ID Number": "12329070"
  },
  {
    "ID Number": "12319120"
  },
  {
    "ID Number": "12300853"
  },
  {
    "ID Number": "12345490"
  },
  {
    "ID Number": "12339610"
  },
  {
    "ID Number": "12307823"
  },
  {
    "ID Number": "12301388"
  },
  {
    "ID Number": "12300110"
  },
  {
    "ID Number": "12329991"
  },
  {
    "ID Number": "12320420"
  },
  {
    "ID Number": "12312797"
  },
  {
    "ID Number": "12361119"
  },
  {
    "ID Number": "12300713"
  },
  {
    "ID Number": "12305740"
  },
  {
    "ID Number": "12316237"
  },
  {
    "ID Number": "12361909"
  },
  {
    "ID Number": "12321451"
  },
  {
    "ID Number": "12304000"
  },
  {
    "ID Number": "12301744"
  },
  {
    "ID Number": "12353035"
  },
  {
    "ID Number": "12301752"
  },
  {
    "ID Number": "12301272"
  },
  {
    "ID Number": "12301760"
  },
  {
    "ID Number": "12300071"
  },
  {
    "ID Number": "12300870"
  },
  {
    "ID Number": "12301779"
  },
  {
    "ID Number": "12310204"
  },
  {
    "ID Number": "12303100"
  },
  {
    "ID Number": "12354414"
  },
  {
    "ID Number": "12300888"
  },
  {
    "ID Number": "12340979"
  },
  {
    "ID Number": "12335622"
  },
  {
    "ID Number": "12325104"
  },
  {
    "ID Number": "12360295"
  },
  {
    "ID Number": "12300527"
  },
  {
    "ID Number": "12317179"
  },
  {
    "ID Number": "12340987"
  },
  {
    "ID Number": "12360155"
  },
  {
    "ID Number": "12309702"
  },
  {
    "ID Number": "12310522"
  },
  {
    "ID Number": "12324582"
  },
  {
    "ID Number": "12319830"
  },
  {
    "ID Number": "12328626"
  },
  {
    "ID Number": "12314790"
  },
  {
    "ID Number": "12317187"
  },
  {
    "ID Number": "12302880"
  },
  {
    "ID Number": "12356913"
  },
  {
    "ID Number": "12312754"
  },
  {
    "ID Number": "12301795"
  },
  {
    "ID Number": "12328430"
  },
  {
    "ID Number": "12320064"
  },
  {
    "ID Number": "12301817"
  },
  {
    "ID Number": "12301809"
  },
  {
    "ID Number": "12300608"
  },
  {
    "ID Number": "12316407"
  },
  {
    "ID Number": "12341711"
  },
  {
    "ID Number": "12353043"
  },
  {
    "ID Number": "12315788"
  },
  {
    "ID Number": "12323977"
  },
  {
    "ID Number": "12323985"
  },
  {
    "ID Number": "12343803"
  },
  {
    "ID Number": "12353051"
  },
  {
    "ID Number": "12350389"
  },
  {
    "ID Number": "12324205"
  },
  {
    "ID Number": "12325910"
  },
  {
    "ID Number": "12329266"
  },
  {
    "ID Number": "12318124"
  },
  {
    "ID Number": "12319597"
  },
  {
    "ID Number": "12349895"
  },
  {
    "ID Number": "12306673"
  },
  {
    "ID Number": "12349917"
  },
  {
    "ID Number": "12319619"
  },
  {
    "ID Number": "12319627"
  },
  {
    "ID Number": "12312819"
  },
  {
    "ID Number": "12342823"
  },
  {
    "ID Number": "12315524"
  },
  {
    "ID Number": "5034167"
  },
  {
    "ID Number": "12345504"
  },
  {
    "ID Number": "12304018"
  },
  {
    "ID Number": "12346527"
  },
  {
    "ID Number": "12323993"
  },
  {
    "ID Number": "12314803"
  },
  {
    "ID Number": "12361143"
  },
  {
    "ID Number": "12301833"
  },
  {
    "ID Number": "12330221"
  },
  {
    "ID Number": "12303631"
  },
  {
    "ID Number": "12339890"
  },
  {
    "ID Number": "12340316"
  },
  {
    "ID Number": "12338834"
  },
  {
    "ID Number": "12304913"
  },
  {
    "ID Number": "12340030"
  },
  {
    "ID Number": "12329835"
  },
  {
    "ID Number": "12320277"
  },
  {
    "ID Number": "12300900"
  },
  {
    "ID Number": "12315800"
  },
  {
    "ID Number": "12313548"
  },
  {
    "ID Number": "12339903"
  },
  {
    "ID Number": "12356123"
  },
  {
    "ID Number": "12304921"
  },
  {
    "ID Number": "12320072"
  },
  {
    "ID Number": "12340049"
  },
  {
    "ID Number": "12304590"
  },
  {
    "ID Number": "12368407"
  },
  {
    "ID Number": "12343323"
  },
  {
    "ID Number": "12302899"
  },
  {
    "ID Number": "12300039"
  },
  {
    "ID Number": "12338842"
  },
  {
    "ID Number": "12325465"
  },
  {
    "ID Number": "12311944"
  },
  {
    "ID Number": "12304034"
  },
  {
    "ID Number": "12304042"
  },
  {
    "ID Number": "12320080"
  },
  {
    "ID Number": "12333522"
  },
  {
    "ID Number": "12365157"
  },
  {
    "ID Number": "12300276"
  },
  {
    "ID Number": "12311464"
  },
  {
    "ID Number": "12332194"
  },
  {
    "ID Number": "12341010"
  },
  {
    "ID Number": "12300675"
  },
  {
    "ID Number": "12355690"
  },
  {
    "ID Number": "12353485"
  },
  {
    "ID Number": "12314820"
  },
  {
    "ID Number": "12324590"
  },
  {
    "ID Number": "12328162"
  },
  {
    "ID Number": "12301493"
  },
  {
    "ID Number": "12303640"
  },
  {
    "ID Number": "12300365"
  },
  {
    "ID Number": "12320781"
  },
  {
    "ID Number": "12361160"
  },
  {
    "ID Number": "12361178"
  },
  {
    "ID Number": "12301396"
  },
  {
    "ID Number": "12312096"
  },
  {
    "ID Number": "12342858"
  },
  {
    "ID Number": "12342866"
  },
  {
    "ID Number": "12315346"
  },
  {
    "ID Number": "12319139"
  },
  {
    "ID Number": "12345148"
  },
  {
    "ID Number": "12329274"
  },
  {
    "ID Number": "12300306"
  },
  {
    "ID Number": "12309745"
  },
  {
    "ID Number": "12324221"
  },
  {
    "ID Number": "12335649"
  },
  {
    "ID Number": "12300322"
  },
  {
    "ID Number": "12318663"
  },
  {
    "ID Number": "12318132"
  },
  {
    "ID Number": "12340057"
  },
  {
    "ID Number": "12368555"
  },
  {
    "ID Number": "12326836"
  },
  {
    "ID Number": "12309346"
  },
  {
    "ID Number": "12301469"
  },
  {
    "ID Number": "12312746"
  },
  {
    "ID Number": "12300080"
  },
  {
    "ID Number": "12303119"
  },
  {
    "ID Number": "12316091"
  },
  {
    "ID Number": "12331449"
  },
  {
    "ID Number": "12335037"
  },
  {
    "ID Number": "12330256"
  },
  {
    "ID Number": "12361186"
  },
  {
    "ID Number": "12340065"
  },
  {
    "ID Number": "12339911"
  },
  {
    "ID Number": "12366846"
  },
  {
    "ID Number": "12355739"
  },
  {
    "ID Number": "12363057"
  },
  {
    "ID Number": "12335657"
  },
  {
    "ID Number": "12363065"
  },
  {
    "ID Number": "12303666"
  },
  {
    "ID Number": "12313556"
  },
  {
    "ID Number": "12321524"
  },
  {
    "ID Number": "12320439"
  },
  {
    "ID Number": "12364819"
  },
  {
    "ID Number": "12342874"
  },
  {
    "ID Number": "12329290"
  },
  {
    "ID Number": "12331244"
  },
  {
    "ID Number": "12332704"
  },
  {
    "ID Number": "12363073"
  },
  {
    "ID Number": "12315354"
  },
  {
    "ID Number": "12332712"
  },
  {
    "ID Number": "12313912"
  },
  {
    "ID Number": "12316695"
  },
  {
    "ID Number": "12346071"
  },
  {
    "ID Number": "12345172"
  },
  {
    "ID Number": "12327115"
  },
  {
    "ID Number": "12335665"
  },
  {
    "ID Number": "12303127"
  },
  {
    "ID Number": "12309354"
  },
  {
    "ID Number": "12302333"
  },
  {
    "ID Number": "12318140"
  },
  {
    "ID Number": "12309362"
  },
  {
    "ID Number": "12362743"
  },
  {
    "ID Number": "12313700"
  },
  {
    "ID Number": "12304069"
  },
  {
    "ID Number": "12300918"
  },
  {
    "ID Number": "12312118"
  },
  {
    "ID Number": "12326283"
  },
  {
    "ID Number": "12330272"
  },
  {
    "ID Number": "12332879"
  },
  {
    "ID Number": "12353108"
  },
  {
    "ID Number": "12320099"
  },
  {
    "ID Number": "12307475"
  },
  {
    "ID Number": "12320790"
  },
  {
    "ID Number": "12304077"
  },
  {
    "ID Number": "12316032"
  },
  {
    "ID Number": "12336823"
  },
  {
    "ID Number": "12314560"
  },
  {
    "ID Number": "12318671"
  },
  {
    "ID Number": "12302902"
  },
  {
    "ID Number": "12304085"
  },
  {
    "ID Number": "12315818"
  },
  {
    "ID Number": "12344346"
  },
  {
    "ID Number": "12321605"
  },
  {
    "ID Number": "12302660"
  },
  {
    "ID Number": "12305006"
  },
  {
    "ID Number": "12341045"
  },
  {
    "ID Number": "12352527"
  },
  {
    "ID Number": "12300195"
  },
  {
    "ID Number": "12300721"
  },
  {
    "ID Number": "12303143"
  },
  {
    "ID Number": "12352314"
  },
  {
    "ID Number": "12321621"
  },
  {
    "ID Number": "12305766"
  },
  {
    "ID Number": "12329592"
  },
  {
    "ID Number": "12315826"
  },
  {
    "ID Number": "12313726"
  },
  {
    "ID Number": "12304093"
  },
  {
    "ID Number": "12312606"
  },
  {
    "ID Number": "12308196"
  },
  {
    "ID Number": "12355755"
  },
  {
    "ID Number": "12301850"
  },
  {
    "ID Number": "5017432"
  },
  {
    "ID Number": "12324612"
  },
  {
    "ID Number": "12352535"
  },
  {
    "ID Number": "12343366"
  },
  {
    "ID Number": "12337757"
  },
  {
    "ID Number": "12321630"
  },
  {
    "ID Number": "12301868"
  },
  {
    "ID Number": "12354708"
  },
  {
    "ID Number": "12311898"
  },
  {
    "ID Number": "12336831"
  },
  {
    "ID Number": "12329304"
  },
  {
    "ID Number": "12349933"
  },
  {
    "ID Number": "12349941"
  },
  {
    "ID Number": "12354775"
  },
  {
    "ID Number": "12349526"
  },
  {
    "ID Number": "12351229"
  },
  {
    "ID Number": "12330035"
  },
  {
    "ID Number": "12318159"
  },
  {
    "ID Number": "12308595"
  },
  {
    "ID Number": "12328308"
  },
  {
    "ID Number": "12300926"
  },
  {
    "ID Number": "12326291"
  },
  {
    "ID Number": "12330302"
  },
  {
    "ID Number": "12318167"
  },
  {
    "ID Number": "12308463"
  },
  {
    "ID Number": "12312142"
  },
  {
    "ID Number": "12326313"
  },
  {
    "ID Number": "12331252"
  },
  {
    "ID Number": "12326321"
  },
  {
    "ID Number": "12318175"
  },
  {
    "ID Number": "12316229"
  },
  {
    "ID Number": "12320447"
  },
  {
    "ID Number": "12326143"
  },
  {
    "ID Number": "12351237"
  },
  {
    "ID Number": "12342912"
  },
  {
    "ID Number": "12308340"
  },
  {
    "ID Number": "12320455"
  },
  {
    "ID Number": "12328316"
  },
  {
    "ID Number": "12329720"
  },
  {
    "ID Number": "12326348"
  },
  {
    "ID Number": "12340103"
  },
  {
    "ID Number": "12301248"
  },
  {
    "ID Number": "12330329"
  },
  {
    "ID Number": "12326356"
  },
  {
    "ID Number": "12307688"
  },
  {
    "ID Number": "12326364"
  },
  {
    "ID Number": "12349542"
  },
  {
    "ID Number": "12300934"
  },
  {
    "ID Number": "12326119"
  },
  {
    "ID Number": "12342939"
  },
  {
    "ID Number": "12330337"
  },
  {
    "ID Number": "12320463"
  },
  {
    "ID Number": "12307483"
  },
  {
    "ID Number": "12320471"
  },
  {
    "ID Number": "12320480"
  },
  {
    "ID Number": "12326372"
  },
  {
    "ID Number": "12318191"
  },
  {
    "ID Number": "12318213"
  },
  {
    "ID Number": "12318221"
  },
  {
    "ID Number": "12329312"
  },
  {
    "ID Number": "12307491"
  },
  {
    "ID Number": "12305782"
  },
  {
    "ID Number": "12368563"
  },
  {
    "ID Number": "12328324"
  },
  {
    "ID Number": "12318230"
  },
  {
    "ID Number": "12311987"
  },
  {
    "ID Number": "12304395"
  },
  {
    "ID Number": "12307505"
  },
  {
    "ID Number": "12358878"
  },
  {
    "ID Number": "12343374"
  },
  {
    "ID Number": "12327441"
  },
  {
    "ID Number": "12320498"
  },
  {
    "ID Number": "12312800"
  },
  {
    "ID Number": "12326380"
  },
  {
    "ID Number": "12326399"
  },
  {
    "ID Number": "12363103"
  },
  {
    "ID Number": "12342955"
  },
  {
    "ID Number": "12306100"
  },
  {
    "ID Number": "12363642"
  },
  {
    "ID Number": "12306118"
  },
  {
    "ID Number": "12342963"
  },
  {
    "ID Number": "12319856"
  },
  {
    "ID Number": "12368580"
  },
  {
    "ID Number": "12326402"
  },
  {
    "ID Number": "12356131"
  },
  {
    "ID Number": "12349623"
  },
  {
    "ID Number": "12302910"
  },
  {
    "ID Number": "12312177"
  },
  {
    "ID Number": "12320501"
  },
  {
    "ID Number": "12345520"
  },
  {
    "ID Number": "12353507"
  },
  {
    "ID Number": "12336289"
  },
  {
    "ID Number": "12327158"
  },
  {
    "ID Number": "12356972"
  },
  {
    "ID Number": "12334340"
  },
  {
    "ID Number": "12306762"
  },
  {
    "ID Number": "12301400"
  },
  {
    "ID Number": "12332232"
  },
  {
    "ID Number": "12300462"
  },
  {
    "ID Number": "12306517"
  },
  {
    "ID Number": "5086388"
  },
  {
    "ID Number": "12305790"
  },
  {
    "ID Number": "12305294"
  },
  {
    "ID Number": "12316717"
  },
  {
    "ID Number": "12302589"
  },
  {
    "ID Number": "12335681"
  },
  {
    "ID Number": "12334111"
  },
  {
    "ID Number": "12305804"
  },
  {
    "ID Number": "12304522"
  },
  {
    "ID Number": "12327174"
  },
  {
    "ID Number": "12311308"
  },
  {
    "ID Number": "12310050"
  },
  {
    "ID Number": "12305413"
  },
  {
    "ID Number": "12306312"
  },
  {
    "ID Number": "12306320"
  },
  {
    "ID Number": "12304409"
  },
  {
    "ID Number": "12335185"
  },
  {
    "ID Number": "12304760"
  },
  {
    "ID Number": "12300152"
  },
  {
    "ID Number": "12300551"
  },
  {
    "ID Number": "12301884"
  },
  {
    "ID Number": "12333794"
  },
  {
    "ID Number": "12301299"
  },
  {
    "ID Number": "12305960"
  },
  {
    "ID Number": "12301892"
  },
  {
    "ID Number": "12311952"
  },
  {
    "ID Number": "12303160"
  },
  {
    "ID Number": "12301906"
  },
  {
    "ID Number": "12301302"
  },
  {
    "ID Number": "12301914"
  },
  {
    "ID Number": "12305812"
  },
  {
    "ID Number": "12305308"
  },
  {
    "ID Number": "12326747"
  },
  {
    "ID Number": "12306347"
  },
  {
    "ID Number": "12320293"
  },
  {
    "ID Number": "12300950"
  },
  {
    "ID Number": "12329100"
  },
  {
    "ID Number": "12300969"
  },
  {
    "ID Number": "12312185"
  },
  {
    "ID Number": "12300977"
  },
  {
    "ID Number": "12332720"
  },
  {
    "ID Number": "12328227"
  },
  {
    "ID Number": "12320820"
  },
  {
    "ID Number": "12361550"
  },
  {
    "ID Number": "12302600"
  },
  {
    "ID Number": "12311634"
  },
  {
    "ID Number": "12304670"
  },
  {
    "ID Number": "12368598"
  },
  {
    "ID Number": "12306576"
  },
  {
    "ID Number": "12300985"
  },
  {
    "ID Number": "12304530"
  },
  {
    "ID Number": "12347558"
  },
  {
    "ID Number": "12300209"
  },
  {
    "ID Number": "12308897"
  },
  {
    "ID Number": "12329118"
  },
  {
    "ID Number": "12310280"
  },
  {
    "ID Number": "12344354"
  },
  {
    "ID Number": "12304107"
  },
  {
    "ID Number": "12337110"
  },
  {
    "ID Number": "12304948"
  },
  {
    "ID Number": "12309753"
  },
  {
    "ID Number": "12358886"
  },
  {
    "ID Number": "12335487"
  },
  {
    "ID Number": "12335495"
  },
  {
    "ID Number": "12318272"
  },
  {
    "ID Number": "12318264"
  },
  {
    "ID Number": "12318302"
  },
  {
    "ID Number": "12320528"
  },
  {
    "ID Number": "12308358"
  },
  {
    "ID Number": "12318329"
  },
  {
    "ID Number": "12304549"
  },
  {
    "ID Number": "12341932"
  },
  {
    "ID Number": "12342440"
  },
  {
    "ID Number": "12315362"
  },
  {
    "ID Number": "12316342"
  },
  {
    "ID Number": "12338869"
  },
  {
    "ID Number": "12339067"
  },
  {
    "ID Number": "12312320"
  },
  {
    "ID Number": "12304115"
  },
  {
    "ID Number": "12345555"
  },
  {
    "ID Number": "12309397"
  },
  {
    "ID Number": "12300098"
  },
  {
    "ID Number": "12331198"
  },
  {
    "ID Number": "12307513"
  },
  {
    "ID Number": "12320137"
  },
  {
    "ID Number": "12357006"
  },
  {
    "ID Number": "12354783"
  },
  {
    "ID Number": "12351296"
  },
  {
    "ID Number": "12361208"
  },
  {
    "ID Number": "12365203"
  },
  {
    "ID Number": "12316822"
  },
  {
    "ID Number": "12363120"
  },
  {
    "ID Number": "12300993"
  },
  {
    "ID Number": "12329622"
  },
  {
    "ID Number": "12301000"
  },
  {
    "ID Number": "12300020"
  },
  {
    "ID Number": "12315079"
  },
  {
    "ID Number": "12311642"
  },
  {
    "ID Number": "12338877"
  },
  {
    "ID Number": "12340120"
  },
  {
    "ID Number": "12361054"
  },
  {
    "ID Number": "12340790"
  },
  {
    "ID Number": "12338680"
  },
  {
    "ID Number": "12316830"
  },
  {
    "ID Number": "12345571"
  },
  {
    "ID Number": "12328235"
  },
  {
    "ID Number": "12344850"
  },
  {
    "ID Number": "12313742"
  },
  {
    "ID Number": "12323160"
  },
  {
    "ID Number": "12348880"
  },
  {
    "ID Number": "12306126"
  },
  {
    "ID Number": "12306134"
  },
  {
    "ID Number": "12300128"
  },
  {
    "ID Number": "12361224"
  },
  {
    "ID Number": "12331686"
  },
  {
    "ID Number": "12317225"
  },
  {
    "ID Number": "12310557"
  },
  {
    "ID Number": "12328146"
  },
  {
    "ID Number": "12355089"
  },
  {
    "ID Number": "12358894"
  },
  {
    "ID Number": "12327603"
  },
  {
    "ID Number": "12315370"
  },
  {
    "ID Number": "12315869"
  },
  {
    "ID Number": "12327581"
  },
  {
    "ID Number": "12301930"
  },
  {
    "ID Number": "12308382"
  },
  {
    "ID Number": "12314390"
  },
  {
    "ID Number": "12332739"
  },
  {
    "ID Number": "12320536"
  },
  {
    "ID Number": "12340243"
  },
  {
    "ID Number": "12363596"
  },
  {
    "ID Number": "12303712"
  },
  {
    "ID Number": "12329746"
  },
  {
    "ID Number": "12300101"
  },
  {
    "ID Number": "12343013"
  },
  {
    "ID Number": "12316474"
  },
  {
    "ID Number": "12327573"
  },
  {
    "ID Number": "12338907"
  },
  {
    "ID Number": "12319171"
  },
  {
    "ID Number": "12302384"
  },
  {
    "ID Number": "12306002"
  },
  {
    "ID Number": "12342459"
  },
  {
    "ID Number": "12363146"
  },
  {
    "ID Number": "12337340"
  },
  {
    "ID Number": "12352349"
  },
  {
    "ID Number": "12304808"
  },
  {
    "ID Number": "12330353"
  },
  {
    "ID Number": "12317233"
  },
  {
    "ID Number": "12317586"
  },
  {
    "ID Number": "12341150"
  },
  {
    "ID Number": "12320145"
  },
  {
    "ID Number": "12357049"
  },
  {
    "ID Number": "12312061"
  },
  {
    "ID Number": "12343919"
  },
  {
    "ID Number": "12315540"
  },
  {
    "ID Number": "12353167"
  },
  {
    "ID Number": "12313750"
  },
  {
    "ID Number": "12349658"
  },
  {
    "ID Number": "12300594"
  },
  {
    "ID Number": "12326445"
  },
  {
    "ID Number": "12330833"
  },
  {
    "ID Number": "12343390"
  },
  {
    "ID Number": "12358908"
  },
  {
    "ID Number": "12365220"
  },
  {
    "ID Number": "12343404"
  },
  {
    "ID Number": "5010497"
  },
  {
    "ID Number": "12365238"
  },
  {
    "ID Number": "12315559"
  },
  {
    "ID Number": "12319651"
  },
  {
    "ID Number": "12330841"
  },
  {
    "ID Number": "12330850"
  },
  {
    "ID Number": "12365254"
  },
  {
    "ID Number": "12303178"
  },
  {
    "ID Number": "12362360"
  },
  {
    "ID Number": "12319660"
  },
  {
    "ID Number": "12312886"
  },
  {
    "ID Number": "12326178"
  },
  {
    "ID Number": "12326453"
  },
  {
    "ID Number": "12354449"
  },
  {
    "ID Number": "12312649"
  },
  {
    "ID Number": "12349950"
  },
  {
    "ID Number": "12318370"
  },
  {
    "ID Number": "12338362"
  },
  {
    "ID Number": "12329770"
  },
  {
    "ID Number": "12318892"
  },
  {
    "ID Number": "12327182"
  },
  {
    "ID Number": "12343412"
  },
  {
    "ID Number": "12302988"
  },
  {
    "ID Number": "12324728"
  },
  {
    "ID Number": "12319180"
  },
  {
    "ID Number": "12308404"
  },
  {
    "ID Number": "12329320"
  },
  {
    "ID Number": "12306150"
  },
  {
    "ID Number": "12330876"
  },
  {
    "ID Number": "12315877"
  },
  {
    "ID Number": "12362786"
  },
  {
    "ID Number": "12317004"
  },
  {
    "ID Number": "12307521"
  },
  {
    "ID Number": "12310573"
  },
  {
    "ID Number": "12349666"
  },
  {
    "ID Number": "12332895"
  },
  {
    "ID Number": "12309931"
  },
  {
    "ID Number": "12336629"
  },
  {
    "ID Number": "12354198"
  },
  {
    "ID Number": "12348392"
  },
  {
    "ID Number": "12353647"
  },
  {
    "ID Number": "12304689"
  },
  {
    "ID Number": "12300446"
  },
  {
    "ID Number": "12301957"
  },
  {
    "ID Number": "12304697"
  },
  {
    "ID Number": "12326470"
  },
  {
    "ID Number": "12301418"
  },
  {
    "ID Number": "12340251"
  },
  {
    "ID Number": "12301035"
  },
  {
    "ID Number": "12309478"
  },
  {
    "ID Number": "12311812"
  },
  {
    "ID Number": "12324892"
  },
  {
    "ID Number": "12301965"
  },
  {
    "ID Number": "12300543"
  },
  {
    "ID Number": "12301973"
  },
  {
    "ID Number": "12332283"
  },
  {
    "ID Number": "12301981"
  },
  {
    "ID Number": "12310310"
  },
  {
    "ID Number": "12304158"
  },
  {
    "ID Number": "12358924"
  },
  {
    "ID Number": "12307548"
  },
  {
    "ID Number": "12300667"
  },
  {
    "ID Number": "12334324"
  },
  {
    "ID Number": "12311995"
  },
  {
    "ID Number": "12313769"
  },
  {
    "ID Number": "12311650"
  },
  {
    "ID Number": "12324019"
  },
  {
    "ID Number": "12324027"
  },
  {
    "ID Number": "12311669"
  },
  {
    "ID Number": "12320161"
  },
  {
    "ID Number": "12343420"
  },
  {
    "ID Number": "12315389"
  },
  {
    "ID Number": "12304565"
  },
  {
    "ID Number": "12315397"
  },
  {
    "ID Number": "12353221"
  },
  {
    "ID Number": "12330884"
  },
  {
    "ID Number": "12315400"
  },
  {
    "ID Number": "12320170"
  },
  {
    "ID Number": "12334898"
  },
  {
    "ID Number": "12300500"
  },
  {
    "ID Number": "12305154"
  },
  {
    "ID Number": "12305820"
  },
  {
    "ID Number": "12304573"
  },
  {
    "ID Number": "12320846"
  },
  {
    "ID Number": "12302830"
  },
  {
    "ID Number": "12343021"
  },
  {
    "ID Number": "12351318"
  },
  {
    "ID Number": "12340570"
  },
  {
    "ID Number": "12368610"
  },
  {
    "ID Number": "12300381"
  },
  {
    "ID Number": "12334154"
  },
  {
    "ID Number": "12365300"
  },
  {
    "ID Number": "12362379"
  },
  {
    "ID Number": "12306169"
  },
  {
    "ID Number": "12312053"
  },
  {
    "ID Number": "12352586"
  },
  {
    "ID Number": "12303186"
  },
  {
    "ID Number": "12326500"
  },
  {
    "ID Number": "12340391"
  },
  {
    "ID Number": "12334162"
  },
  {
    "ID Number": "12368628"
  },
  {
    "ID Number": "12307556"
  },
  {
    "ID Number": "12361259"
  },
  {
    "ID Number": "12334383"
  },
  {
    "ID Number": "12306819"
  },
  {
    "ID Number": "12362387"
  },
  {
    "ID Number": "12343030"
  },
  {
    "ID Number": "12326879"
  },
  {
    "ID Number": "12320560"
  },
  {
    "ID Number": "12362395"
  },
  {
    "ID Number": "12316415"
  },
  {
    "ID Number": "12327468"
  },
  {
    "ID Number": "12368644"
  },
  {
    "ID Number": "12302406"
  },
  {
    "ID Number": "12326518"
  },
  {
    "ID Number": "12365319"
  },
  {
    "ID Number": "12325155"
  },
  {
    "ID Number": "12340278"
  },
  {
    "ID Number": "12343056"
  },
  {
    "ID Number": "12319341"
  },
  {
    "ID Number": "12340286"
  },
  {
    "ID Number": "12336882"
  },
  {
    "ID Number": "12327476"
  },
  {
    "ID Number": "12362794"
  },
  {
    "ID Number": "12326526"
  },
  {
    "ID Number": "12362417"
  },
  {
    "ID Number": "12339784"
  },
  {
    "ID Number": "12319678"
  },
  {
    "ID Number": "12368652"
  },
  {
    "ID Number": "12306177"
  },
  {
    "ID Number": "12316563"
  },
  {
    "ID Number": "12326534"
  },
  {
    "ID Number": "12339075"
  },
  {
    "ID Number": "12346772"
  },
  {
    "ID Number": "12352608"
  },
  {
    "ID Number": "12343072"
  },
  {
    "ID Number": "12301043"
  },
  {
    "ID Number": "12308412"
  },
  {
    "ID Number": "12324914"
  },
  {
    "ID Number": "12320854"
  },
  {
    "ID Number": "12313416"
  },
  {
    "ID Number": "12338923"
  },
  {
    "ID Number": "12351334"
  },
  {
    "ID Number": "12302015"
  },
  {
    "ID Number": "12351369"
  },
  {
    "ID Number": "12362441"
  },
  {
    "ID Number": "12320242"
  },
  {
    "ID Number": "12302821"
  },
  {
    "ID Number": "12363154"
  },
  {
    "ID Number": "12320986"
  },
  {
    "ID Number": "12307572"
  },
  {
    "ID Number": "12341177"
  },
  {
    "ID Number": "12365327"
  },
  {
    "ID Number": "12361976"
  },
  {
    "ID Number": "12307580"
  },
  {
    "ID Number": "12300373"
  },
  {
    "ID Number": "12351377"
  },
  {
    "ID Number": "12343080"
  },
  {
    "ID Number": "12300144"
  },
  {
    "ID Number": "12307912"
  },
  {
    "ID Number": "12368679"
  },
  {
    "ID Number": "12342688"
  },
  {
    "ID Number": "12302813"
  },
  {
    "ID Number": "12300403"
  },
  {
    "ID Number": "12346799"
  },
  {
    "ID Number": "12355909"
  },
  {
    "ID Number": "12308544"
  },
  {
    "ID Number": "12301230"
  },
  {
    "ID Number": "12305022"
  },
  {
    "ID Number": "12300411"
  },
  {
    "ID Number": "12329142"
  },
  {
    "ID Number": "12340367"
  },
  {
    "ID Number": "12317039"
  },
  {
    "ID Number": "12360163"
  },
  {
    "ID Number": "12302040"
  },
  {
    "ID Number": "12317250"
  },
  {
    "ID Number": "12331830"
  },
  {
    "ID Number": "12342033"
  },
  {
    "ID Number": "12314609"
  },
  {
    "ID Number": "12306827"
  },
  {
    "ID Number": "12300616"
  },
  {
    "ID Number": "12316610"
  },
  {
    "ID Number": "12346810"
  },
  {
    "ID Number": "12316628"
  },
  {
    "ID Number": "12356174"
  },
  {
    "ID Number": "12300420"
  },
  {
    "ID Number": "12328170"
  },
  {
    "ID Number": "12336025"
  },
  {
    "ID Number": "12327557"
  },
  {
    "ID Number": "12319872"
  },
  {
    "ID Number": "12312860"
  },
  {
    "ID Number": "12327492"
  },
  {
    "ID Number": "12313777"
  },
  {
    "ID Number": "12302058"
  },
  {
    "ID Number": "12328332"
  },
  {
    "ID Number": "12319201"
  },
  {
    "ID Number": "12316504"
  },
  {
    "ID Number": "12315419"
  },
  {
    "ID Number": "12310875"
  },
  {
    "ID Number": "12365360"
  },
  {
    "ID Number": "12321966"
  },
  {
    "ID Number": "12362468"
  },
  {
    "ID Number": "12300438"
  },
  {
    "ID Number": "12341185"
  },
  {
    "ID Number": "12325295"
  },
  {
    "ID Number": "12316024"
  },
  {
    "ID Number": "12301264"
  },
  {
    "ID Number": "12330930"
  },
  {
    "ID Number": "12316733"
  },
  {
    "ID Number": "12356212"
  },
  {
    "ID Number": "12353531"
  },
  {
    "ID Number": "12316580"
  },
  {
    "ID Number": "12306835"
  },
  {
    "ID Number": "12302570"
  },
  {
    "ID Number": "12343099"
  },
  {
    "ID Number": "12306363"
  },
  {
    "ID Number": "12329789"
  },
  {
    "ID Number": "12328189"
  },
  {
    "ID Number": "12314900"
  },
  {
    "ID Number": "12339490"
  },
  {
    "ID Number": "12301205"
  },
  {
    "ID Number": "12325163"
  },
  {
    "ID Number": "12316253"
  },
  {
    "ID Number": "12307262"
  },
  {
    "ID Number": "12340804"
  },
  {
    "ID Number": "12340812"
  },
  {
    "ID Number": "12304930"
  },
  {
    "ID Number": "12305839"
  },
  {
    "ID Number": "12315931"
  },
  {
    "ID Number": "12320315"
  },
  {
    "ID Number": "12319686"
  },
  {
    "ID Number": "12319031"
  },
  {
    "ID Number": "12325171"
  },
  {
    "ID Number": "12310883"
  },
  {
    "ID Number": "12361321"
  },
  {
    "ID Number": "12325180"
  },
  {
    "ID Number": "12345644"
  },
  {
    "ID Number": "12316512"
  },
  {
    "ID Number": "12315672"
  },
  {
    "ID Number": "12364118"
  },
  {
    "ID Number": "12320579"
  },
  {
    "ID Number": "12353655"
  },
  {
    "ID Number": "12331260"
  },
  {
    "ID Number": "12316873"
  },
  {
    "ID Number": "12320587"
  },
  {
    "ID Number": "12351474"
  },
  {
    "ID Number": "12354899"
  },
  {
    "ID Number": "12312525"
  },
  {
    "ID Number": "12311839"
  },
  {
    "ID Number": "12330981"
  },
  {
    "ID Number": "12320870"
  },
  {
    "ID Number": "12339504"
  },
  {
    "ID Number": "12315427"
  },
  {
    "ID Number": "12329738"
  },
  {
    "ID Number": "12335053"
  },
  {
    "ID Number": "12302619"
  },
  {
    "ID Number": "12312533"
  },
  {
    "ID Number": "12366684"
  },
  {
    "ID Number": "12302074"
  },
  {
    "ID Number": "12324418"
  },
  {
    "ID Number": "12315133"
  },
  {
    "ID Number": "12302627"
  },
  {
    "ID Number": "12334413"
  },
  {
    "ID Number": "12330990"
  },
  {
    "ID Number": "12302090"
  },
  {
    "ID Number": "12303216"
  },
  {
    "ID Number": "12308439"
  },
  {
    "ID Number": "12320188"
  },
  {
    "ID Number": "12366170"
  },
  {
    "ID Number": "12364703"
  },
  {
    "ID Number": "12335525"
  },
  {
    "ID Number": "12317268"
  },
  {
    "ID Number": "12304611"
  },
  {
    "ID Number": "12329177"
  },
  {
    "ID Number": "12331040"
  },
  {
    "ID Number": "12311677"
  },
  {
    "ID Number": "12334928"
  },
  {
    "ID Number": "12335762"
  },
  {
    "ID Number": "12304700"
  },
  {
    "ID Number": "12301078"
  },
  {
    "ID Number": "12301086"
  },
  {
    "ID Number": "12315150"
  },
  {
    "ID Number": "12304450"
  },
  {
    "ID Number": "12306851"
  },
  {
    "ID Number": "12300586"
  },
  {
    "ID Number": "12316520"
  },
  {
    "ID Number": "12300624"
  },
  {
    "ID Number": "12307092"
  },
  {
    "ID Number": "12320897"
  },
  {
    "ID Number": "12315940"
  },
  {
    "ID Number": "12338427"
  },
  {
    "ID Number": "12306037"
  },
  {
    "ID Number": "12312371"
  },
  {
    "ID Number": "12326895"
  },
  {
    "ID Number": "12303330"
  },
  {
    "ID Number": "12320323"
  },
  {
    "ID Number": "12322946"
  },
  {
    "ID Number": "12362484"
  },
  {
    "ID Number": "12306860"
  },
  {
    "ID Number": "12328774"
  },
  {
    "ID Number": "12306401"
  },
  {
    "ID Number": "12306533"
  },
  {
    "ID Number": "12338435"
  },
  {
    "ID Number": "12347140"
  },
  {
    "ID Number": "12306410"
  },
  {
    "ID Number": "12319880"
  },
  {
    "ID Number": "12303780"
  },
  {
    "ID Number": "12307920"
  },
  {
    "ID Number": "12300047"
  },
  {
    "ID Number": "12315958"
  },
  {
    "ID Number": "12329967"
  },
  {
    "ID Number": "12310336"
  },
  {
    "ID Number": "12325198"
  },
  {
    "ID Number": "12368695"
  },
  {
    "ID Number": "12302805"
  },
  {
    "ID Number": "12301116"
  },
  {
    "ID Number": "12302147"
  },
  {
    "ID Number": "12300691"
  },
  {
    "ID Number": "12302481"
  },
  {
    "ID Number": "12311090"
  },
  {
    "ID Number": "12329649"
  },
  {
    "ID Number": "12301434"
  },
  {
    "ID Number": "12300497"
  },
  {
    "ID Number": "12310352"
  },
  {
    "ID Number": "12325619"
  },
  {
    "ID Number": "12342190"
  },
  {
    "ID Number": "12310913"
  },
  {
    "ID Number": "12302155"
  },
  {
    "ID Number": "12300055"
  },
  {
    "ID Number": "12307661"
  },
  {
    "ID Number": "12302163"
  },
  {
    "ID Number": "12303968"
  },
  {
    "ID Number": "12301256"
  },
  {
    "ID Number": "12315516"
  },
  {
    "ID Number": "12315567"
  },
  {
    "ID Number": "12342530"
  },
  {
    "ID Number": "12306908"
  },
  {
    "ID Number": "12340634"
  },
  {
    "ID Number": "12302678"
  },
  {
    "ID Number": "12335797"
  },
  {
    "ID Number": "12314935"
  },
  {
    "ID Number": "12325651"
  },
  {
    "ID Number": "12332950"
  },
  {
    "ID Number": "12355410"
  },
  {
    "ID Number": "12327212"
  },
  {
    "ID Number": "12304794"
  },
  {
    "ID Number": "12310670"
  },
  {
    "ID Number": "12306436"
  },
  {
    "ID Number": "12326615"
  },
  {
    "ID Number": "12306924"
  },
  {
    "ID Number": "12342696"
  },
  {
    "ID Number": "12358940"
  },
  {
    "ID Number": "12334464"
  },
  {
    "ID Number": "12304727"
  },
  {
    "ID Number": "12300489"
  },
  {
    "ID Number": "12310921"
  },
  {
    "ID Number": "5081238"
  },
  {
    "ID Number": "12361461"
  },
  {
    "ID Number": "12327239"
  },
  {
    "ID Number": "12331481"
  },
  {
    "ID Number": "12341312"
  },
  {
    "ID Number": "12314099"
  },
  {
    "ID Number": "12363170"
  },
  {
    "ID Number": "12312037"
  },
  {
    "ID Number": "12335193"
  },
  {
    "ID Number": "12344958"
  },
  {
    "ID Number": "12343447"
  },
  {
    "ID Number": "12308501"
  },
  {
    "ID Number": "12303798"
  },
  {
    "ID Number": "12324663"
  },
  {
    "ID Number": "12341320"
  },
  {
    "ID Number": "12353299"
  },
  {
    "ID Number": "12338958"
  },
  {
    "ID Number": "12326623"
  },
  {
    "ID Number": "12328502"
  },
  {
    "ID Number": "12316598"
  },
  {
    "ID Number": "12346870"
  },
  {
    "ID Number": "12300632"
  },
  {
    "ID Number": "12304379"
  },
  {
    "ID Number": "12327395"
  },
  {
    "ID Number": "12366234"
  },
  {
    "ID Number": "12304174"
  },
  {
    "ID Number": "12345261"
  },
  {
    "ID Number": "12319899"
  },
  {
    "ID Number": "12300519"
  },
  {
    "ID Number": "12301442"
  },
  {
    "ID Number": "12316601"
  },
  {
    "ID Number": "12302775"
  },
  {
    "ID Number": "12310379"
  },
  {
    "ID Number": "12341347"
  },
  {
    "ID Number": "12327247"
  },
  {
    "ID Number": "12303224"
  },
  {
    "ID Number": "12315982"
  },
  {
    "ID Number": "12340839"
  },
  {
    "ID Number": "12318590"
  },
  {
    "ID Number": "12300640"
  },
  {
    "ID Number": "12326925"
  },
  {
    "ID Number": "12325813"
  },
  {
    "ID Number": "12339083"
  },
  {
    "ID Number": "12358959"
  },
  {
    "ID Number": "12312398"
  },
  {
    "ID Number": "12308455"
  },
  {
    "ID Number": "12302180"
  },
  {
    "ID Number": "12332968"
  },
  {
    "ID Number": "12349836"
  },
  {
    "ID Number": "12301140"
  },
  {
    "ID Number": "12320196"
  },
  {
    "ID Number": "12301159"
  },
  {
    "ID Number": "12332313"
  },
  {
    "ID Number": "12305499"
  },
  {
    "ID Number": "12320900"
  },
  {
    "ID Number": "12344001"
  },
  {
    "ID Number": "12345725"
  },
  {
    "ID Number": "12306967"
  },
  {
    "ID Number": "12319376"
  },
  {
    "ID Number": "12344010"
  },
  {
    "ID Number": "12331775"
  },
  {
    "ID Number": "12336688"
  },
  {
    "ID Number": "12318019"
  },
  {
    "ID Number": "12312045"
  },
  {
    "ID Number": "12340308"
  },
  {
    "ID Number": "12327255"
  },
  {
    "ID Number": "12315184"
  },
  {
    "ID Number": "12302686"
  },
  {
    "ID Number": "12332755"
  },
  {
    "ID Number": "12352667"
  },
  {
    "ID Number": "12326640"
  },
  {
    "ID Number": "12320927"
  },
  {
    "ID Number": "12352675"
  },
  {
    "ID Number": "12306223"
  },
  {
    "ID Number": "12328340"
  },
  {
    "ID Number": "12306185"
  },
  {
    "ID Number": "12351520"
  },
  {
    "ID Number": "12303828"
  },
  {
    "ID Number": "12314242"
  },
  {
    "ID Number": "12358975"
  },
  {
    "ID Number": "12300268"
  },
  {
    "ID Number": "12336696"
  },
  {
    "ID Number": "12303364"
  },
  {
    "ID Number": "12302201"
  },
  {
    "ID Number": "12342238"
  },
  {
    "ID Number": "12319902"
  },
  {
    "ID Number": "12301167"
  },
  {
    "ID Number": "12332984"
  },
  {
    "ID Number": "12335142"
  },
  {
    "ID Number": "12356280"
  },
  {
    "ID Number": "12327611"
  },
  {
    "ID Number": "12362832"
  },
  {
    "ID Number": "12326933"
  },
  {
    "ID Number": "12317420"
  },
  {
    "ID Number": "12300659"
  },
  {
    "ID Number": "12333000"
  },
  {
    "ID Number": "12333018"
  },
  {
    "ID Number": "12318957"
  },
  {
    "ID Number": "12320935"
  },
  {
    "ID Number": "12327638"
  },
  {
    "ID Number": "12326658"
  },
  {
    "ID Number": "12332771"
  },
  {
    "ID Number": "12310131"
  },
  {
    "ID Number": "12328529"
  },
  {
    "ID Number": "12339091"
  },
  {
    "ID Number": "12362840"
  },
  {
    "ID Number": "12326941"
  },
  {
    "ID Number": "12314153"
  },
  {
    "ID Number": "12346900"
  },
  {
    "ID Number": "12309907"
  },
  {
    "ID Number": "12361330"
  },
  {
    "ID Number": "12319910"
  },
  {
    "ID Number": "12326950"
  },
  {
    "ID Number": "12320943"
  },
  {
    "ID Number": "12327271"
  },
  {
    "ID Number": "12361348"
  },
  {
    "ID Number": "12306983"
  },
  {
    "ID Number": "12333026"
  },
  {
    "ID Number": "12315990"
  },
  {
    "ID Number": "12325830"
  },
  {
    "ID Number": "12329959"
  },
  {
    "ID Number": "12331783"
  },
  {
    "ID Number": "12362875"
  },
  {
    "ID Number": "12314536"
  },
  {
    "ID Number": "12303240"
  },
  {
    "ID Number": "12358991"
  },
  {
    "ID Number": "12316296"
  },
  {
    "ID Number": "12329193"
  },
  {
    "ID Number": "12302732"
  },
  {
    "ID Number": "5021189"
  },
  {
    "ID Number": "12335827"
  },
  {
    "ID Number": "12320226"
  },
  {
    "ID Number": "12303836"
  },
  {
    "ID Number": "12303844"
  },
  {
    "ID Number": "12316547"
  },
  {
    "ID Number": "12302228"
  },
  {
    "ID Number": "12304735"
  },
  {
    "ID Number": "12340650"
  },
  {
    "ID Number": "12320595"
  },
  {
    "ID Number": "12340685"
  },
  {
    "ID Number": "12328090"
  },
  {
    "ID Number": "12307963"
  },
  {
    "ID Number": "12328103"
  },
  {
    "ID Number": "12312711"
  },
  {
    "ID Number": "12365459"
  },
  {
    "ID Number": "12316440"
  },
  {
    "ID Number": "12306452"
  },
  {
    "ID Number": "12350028"
  },
  {
    "ID Number": "12312401"
  },
  {
    "ID Number": "12340170"
  },
  {
    "ID Number": "12325856"
  },
  {
    "ID Number": "12338770"
  },
  {
    "ID Number": "12325996"
  },
  {
    "ID Number": "12344559"
  },
  {
    "ID Number": "12319708"
  },
  {
    "ID Number": "12310638"
  },
  {
    "ID Number": "12334235"
  },
  {
    "ID Number": "12306479"
  },
  {
    "ID Number": "12301183"
  },
  {
    "ID Number": "12304190"
  },
  {
    "ID Number": "12340375"
  },
  {
    "ID Number": "12363197"
  },
  {
    "ID Number": "12315478"
  },
  {
    "ID Number": "12331791"
  },
  {
    "ID Number": "12326666"
  },
  {
    "ID Number": "12315680"
  },
  {
    "ID Number": "12300217"
  },
  {
    "ID Number": "12302236"
  },
  {
    "ID Number": "12307009"
  },
  {
    "ID Number": "12319244"
  },
  {
    "ID Number": "12353337"
  },
  {
    "ID Number": "12334545"
  },
  {
    "ID Number": "12302252"
  },
  {
    "ID Number": "12304999"
  },
  {
    "ID Number": "12340189"
  },
  {
    "ID Number": "12340197"
  },
  {
    "ID Number": "12301450"
  },
  {
    "ID Number": "12362530"
  },
  {
    "ID Number": "12361038"
  },
  {
    "ID Number": "12326674"
  },
  {
    "ID Number": "12331228"
  },
  {
    "ID Number": "12316008"
  },
  {
    "ID Number": "12343196"
  },
  {
    "ID Number": "12326682"
  },
  {
    "ID Number": "12300179"
  },
  {
    "ID Number": "12306215"
  },
  {
    "ID Number": "12304980"
  },
  {
    "ID Number": "12307025"
  },
  {
    "ID Number": "12328367"
  },
  {
    "ID Number": "12303135"
  },
  {
    "ID Number": "12310930"
  },
  {
    "ID Number": "12316121"
  },
  {
    "ID Number": "12319937"
  },
  {
    "ID Number": "12327301"
  },
  {
    "ID Number": "12343463"
  },
  {
    "ID Number": "12314412"
  },
  {
    "ID Number": "12307718"
  },
  {
    "ID Number": "12342319"
  },
  {
    "ID Number": "12337935"
  },
  {
    "ID Number": "12311502"
  },
  {
    "ID Number": "12310948"
  },
  {
    "ID Number": "12301191"
  },
  {
    "ID Number": "12355992"
  },
  {
    "ID Number": "12340855"
  },
  {
    "ID Number": "12329347"
  },
  {
    "ID Number": "12326690"
  },
  {
    "ID Number": "12349380"
  },
  {
    "ID Number": "12309923"
  },
  {
    "ID Number": "12345270"
  },
  {
    "ID Number": "12352705"
  },
  {
    "ID Number": "12352713"
  },
  {
    "ID Number": "12307726"
  },
  {
    "ID Number": "12329703"
  },
  {
    "ID Number": "12343218"
  },
  {
    "ID Number": "5086329"
  },
  {
    "ID Number": "12319457"
  },
  {
    "ID Number": "12343498"
  },
  {
    "ID Number": "12319945"
  },
  {
    "ID Number": "12335851"
  },
  {
    "ID Number": "12335215"
  },
  {
    "ID Number": "12318400"
  },
  {
    "ID Number": "12343501"
  },
  {
    "ID Number": "12311448"
  },
  {
    "ID Number": "12319295"
  }
]