[
  {
    "ID Number": "16101227"
  },
  {
    "ID Number": "16100417"
  },
  {
    "ID Number": "16100913"
  },
  {
    "ID Number": "16100530"
  },
  {
    "ID Number": "16100735"
  },
  {
    "ID Number": "16100212"
  },
  {
    "ID Number": "16100409"
  },
  {
    "ID Number": "16100239"
  },
  {
    "ID Number": "16101022"
  },
  {
    "ID Number": "16100360"
  },
  {
    "ID Number": "16100891"
  },
  {
    "ID Number": "16100352"
  },
  {
    "ID Number": "16100670"
  },
  {
    "ID Number": "16100069"
  },
  {
    "ID Number": "16100590"
  }
]