[
  {
    "ID Number": "16101227",
    "Name": "Abdalla Mohamed Farah",
    "Fed": "SOM",
    "Sex": "M",
    "Title": "",
    "WTit": "",
    "OTit": "",
    "Rating": "1454",
    "Gms": "0",
    "K": "20",
    "RatingMonth": "SEP25",
    "B-day": "1970",
    "Flag": ""
  },
  {
    "ID Number": "16100417",
    "Name": "Abdulkadir Ahmed Mohamud",
    "Fed": "SOM",
    "Sex": "M",
    "Title": "",
    "WTit": "",
    "OTit": "",
    "Rating": "1794",
    "Gms": "0",
    "K": "20",
    "RatingMonth": "SEP25",
    "B-day": "1965",
    "Flag": "i"
  },
  {
    "ID Number": "16100913",
    "Name": "Abdulkadir Mohamed Warsame",
    "Fed": "SOM",
    "Sex": "M",
    "Title": "CM",
    "WTit": "",
    "OTit": "",
    "Rating": "1905",
    "Gms": "0",
    "K": "20",
    "RatingMonth": "SEP25",
    "B-day": "1993",
    "Flag": ""
  },
  {
    "ID Number": "16100530",
    "Name": "Abdulkadir Nor Mohamud",
    "Fed": "SOM",
    "Sex": "M",
    "Title": "",
    "WTit": "NA",
    "OTit": "",
    "Rating": "1787",
    "Gms": "0",
    "K": "20",
    "RatingMonth": "SEP25",
    "B-day": "1989",
    "Flag": "i"
  },
  {
    "ID Number": "16100735",
    "Name": "Abdullahi Hassan Ali",
    "Fed": "SOM",
    "Sex": "M",
    "Title": "",
    "WTit": "",
    "OTit": "",
    "Rating": "1692",
    "Gms": "0",
    "K": "20",
    "RatingMonth": "SEP25",
    "B-day": "2001",
    "Flag": "i"
  },
  {
    "ID Number": "16100212",
    "Name": "Ali Abdullahi, Farah",
    "Fed": "SOM",
    "Sex": "M",
    "Title": "CM",
    "WTit": "",
    "OTit": "",
    "Rating": "1930",
    "Gms": "0",
    "K": "20",
    "RatingMonth": "SEP25",
    "B-day": "1996",
    "Flag": "i"
  },
  {
    "ID Number": "16100409",
    "Name": "Awil Ahmed Abdi",
    "Fed": "SOM",
    "Sex": "M",
    "Title": "",
    "WTit": "",
    "OTit": "",
    "Rating": "1654",
    "Gms": "0",
    "K": "20",
    "RatingMonth": "SEP25",
    "B-day": "1977",
    "Flag": "i"
  },
  {
    "ID Number": "16100239",
    "Name": "Fidow, Kassim Hassan",
    "Fed": "SOM",
    "Sex": "M",
    "Title": "",
    "WTit": "",
    "OTit": "",
    "Rating": "1777",
    "Gms": "0",
    "K": "20",
    "RatingMonth": "SEP25",
    "B-day": "1969",
    "Flag": "i"
  },
  {
    "ID Number": "16101022",
    "Name": "Hassan Adan Muse",
    "Fed": "SOM",
    "Sex": "M",
    "Title": "",
    "WTit": "",
    "OTit": "",
    "Rating": "1690",
    "Gms": "0",
    "K": "20",
    "RatingMonth": "SEP25",
    "B-day": "1979",
    "Flag": "i"
  },
  {
    "ID Number": "16100360",
    "Name": "Islam Sh.Nour, Kassim",
    "Fed": "SOM",
    "Sex": "M",
    "Title": "",
    "WTit": "",
    "OTit": "",
    "Rating": "1996",
    "Gms": "0",
    "K": "20",
    "RatingMonth": "SEP25",
    "B-day": "1997",
    "Flag": "i"
  },
  {
    "ID Number": "16100891",
    "Name": "Mahad Dahir Muhumad",
    "Fed": "SOM",
    "Sex": "M",
    "Title": "",
    "WTit": "",
    "OTit": "",
    "Rating": "1851",
    "Gms": "0",
    "K": "20",
    "RatingMonth": "SEP25",
    "B-day": "1977",
    "Flag": "i"
  },
  {
    "ID Number": "16100352",
    "Name": "Mohamud, Hussein Ali",
    "Fed": "SOM",
    "Sex": "M",
    "Title": "",
    "WTit": "",
    "OTit": "",
    "Rating": "1786",
    "Gms": "0",
    "K": "20",
    "RatingMonth": "SEP25",
    "B-day": "1995",
    "Flag": "i"
  },
  {
    "ID Number": "16100670",
    "Name": "Mustafa Mohamoud Farah",
    "Fed": "SOM",
    "Sex": "M",
    "Title": "",
    "WTit": "",
    "OTit": "",
    "Rating": "1966",
    "Gms": "0",
    "K": "20",
    "RatingMonth": "SEP25",
    "B-day": "1990",
    "Flag": "i"
  },
  {
    "ID Number": "16100069",
    "Name": "Nor, Mohamed Ahmed",
    "Fed": "SOM",
    "Sex": "M",
    "Title": "",
    "WTit": "",
    "OTit": "",
    "Rating": "1881",
    "Gms": "0",
    "K": "20",
    "RatingMonth": "SEP25",
    "B-day": "0",
    "Flag": "i"
  },
  {
    "ID Number": "16100590",
    "Name": "Rushdi Ramadan Abdow",
    "Fed": "SOM",
    "Sex": "M",
    "Title": "",
    "WTit": "",
    "OTit": "",
    "Rating": "1792",
    "Gms": "0",
    "K": "20",
    "RatingMonth": "SEP25",
    "B-day": "1994",
    "Flag": "i"
  }
]