[
  {
    "ID Number": "4700058",
    "Name": "Adhami, Vangjel",
    "Fed": "ALB",
    "Sex": "M",
    "Title": "",
    "WTit": "",
    "OTit": "",
    "Rating": "2272",
    "Gms": "0",
    "K": "20",
    "RatingMonth": "SEP25",
    "B-day": "1948",
    "Flag": "i"
  },
  {
    "ID Number": "4706617",
    "Name": "Agalliu, Ermir",
    "Fed": "ALB",
    "Sex": "M",
    "Title": "",
    "WTit": "",
    "OTit": "",
    "Rating": "1856",
    "Gms": "0",
    "K": "40",
    "RatingMonth": "SEP25",
    "B-day": "1974",
    "Flag": "i"
  },
  {
    "ID Number": "4702743",
    "Name": "Alia, Ermal",
    "Fed": "ALB",
    "Sex": "M",
    "Title": "",
    "WTit": "",
    "OTit": "",
    "Rating": "1738",
    "Gms": "0",
    "K": "40",
    "RatingMonth": "SEP25",
    "B-day": "1988",
    "Flag": "i"
  },
  {
    "ID Number": "4702182",
    "Name": "Alimadhi, Ilir",
    "Fed": "ALB",
    "Sex": "M",
    "Title": "",
    "WTit": "",
    "OTit": "",
    "Rating": "2006",
    "Gms": "0",
    "K": "20",
    "RatingMonth": "SEP25",
    "B-day": "1982",
    "Flag": "i"
  },
  {
    "ID Number": "4705319",
    "Name": "Alimema, Alvin",
    "Fed": "ALB",
    "Sex": "M",
    "Title": "",
    "WTit": "",
    "OTit": "",
    "Rating": "1575",
    "Gms": "0",
    "K": "40",
    "RatingMonth": "SEP25",
    "B-day": "2011",
    "Flag": "i"
  },
  {
    "ID Number": "4704886",
    "Name": "Alliu Arbi",
    "Fed": "ALB",
    "Sex": "M",
    "Title": "",
    "WTit": "",
    "OTit": "",
    "Rating": "1628",
    "Gms": "0",
    "K": "20",
    "RatingMonth": "SEP25",
    "B-day": "2003",
    "Flag": "i"
  },
  {
    "ID Number": "4706846",
    "Name": "Arapi, Agron",
    "Fed": "ALB",
    "Sex": "M",
    "Title": "",
    "WTit": "",
    "OTit": "",
    "Rating": "1939",
    "Gms": "0",
    "K": "40",
    "RatingMonth": "SEP25",
    "B-day": "1973",
    "Flag": "i"
  },
  {
    "ID Number": "4705840",
    "Name": "Aruci, Ersin",
    "Fed": "ALB",
    "Sex": "M",
    "Title": "",
    "WTit": "",
    "OTit": "",
    "Rating": "1525",
    "Gms": "0",
    "K": "40",
    "RatingMonth": "SEP25",
    "B-day": "2009",
    "Flag": "i"
  },
  {
    "ID Number": "4705068",
    "Name": "Aruci, Nesar",
    "Fed": "ALB",
    "Sex": "M",
    "Title": "",
    "WTit": "",
    "OTit": "",
    "Rating": "1788",
    "Gms": "0",
    "K": "40",
    "RatingMonth": "SEP25",
    "B-day": "2007",
    "Flag": "i"
  },
  {
    "ID Number": "4700066",
    "Name": "Ashiku, Franc",
    "Fed": "ALB",
    "Sex": "M",
    "Title": "IM",
    "WTit": "SI",
    "OTit": "",
    "Rating": "2393",
    "Gms": "0",
    "K": "10",
    "RatingMonth": "SEP25",
    "B-day": "1993",
    "Flag": ""
  },
  {
    "ID Number": "4712412",
    "Name": "Avdija, Genti",
    "Fed": "ALB",
    "Sex": "M",
    "Title": "",
    "WTit": "",
    "OTit": "",
    "Rating": "1599",
    "Gms": "0",
    "K": "40",
    "RatingMonth": "SEP25",
    "B-day": "1985",
    "Flag": ""
  },
  {
    "ID Number": "4700767",
    "Name": "Azemi, Flamur",
    "Fed": "ALB",
    "Sex": "M",
    "Title": "",
    "WTit": "",
    "OTit": "",
    "Rating": "2058",
    "Gms": "0",
    "K": "20",
    "RatingMonth": "SEP25",
    "B-day": "1965",
    "Flag": "i"
  },
  {
    "ID Number": "4711335",
    "Name": "Babamusta, Andi",
    "Fed": "ALB",
    "Sex": "M",
    "Title": "",
    "WTit": "",
    "OTit": "",
    "Rating": "1894",
    "Gms": "0",
    "K": "40",
    "RatingMonth": "SEP25",
    "B-day": "1985",
    "Flag": ""
  },
  {
    "ID Number": "4702085",
    "Name": "Babamusta, Elton",
    "Fed": "ALB",
    "Sex": "M",
    "Title": "",
    "WTit": "",
    "OTit": "",
    "Rating": "1968",
    "Gms": "0",
    "K": "20",
    "RatingMonth": "SEP25",
    "B-day": "1980",
    "Flag": ""
  },
  {
    "ID Number": "4707389",
    "Name": "Babamusta, Esmeralda",
    "Fed": "ALB",
    "Sex": "F",
    "Title": "",
    "WTit": "",
    "OTit": "",
    "Rating": "1652",
    "Gms": "0",
    "K": "40",
    "RatingMonth": "SEP25",
    "B-day": "1986",
    "Flag": "w"
  },
  {
    "ID Number": "4702042",
    "Name": "Bajraktari, Besnik",
    "Fed": "ALB",
    "Sex": "M",
    "Title": "",
    "WTit": "",
    "OTit": "",
    "Rating": "1760",
    "Gms": "0",
    "K": "20",
    "RatingMonth": "SEP25",
    "B-day": "1957",
    "Flag": ""
  },
  {
    "ID Number": "4701682",
    "Name": "Bajraktari, Fatmir",
    "Fed": "ALB",
    "Sex": "M",
    "Title": "",
    "WTit": "NA",
    "OTit": "",
    "Rating": "1818",
    "Gms": "0",
    "K": "20",
    "RatingMonth": "SEP25",
    "B-day": "1977",
    "Flag": ""
  },
  {
    "ID Number": "4700465",
    "Name": "Bajraktari, Hajredin",
    "Fed": "ALB",
    "Sex": "M",
    "Title": "",
    "WTit": "",
    "OTit": "",
    "Rating": "2070",
    "Gms": "0",
    "K": "40",
    "RatingMonth": "SEP25",
    "B-day": "1951",
    "Flag": "i"
  },
  {
    "ID Number": "4703308",
    "Name": "Bajraktari, Tahir",
    "Fed": "ALB",
    "Sex": "M",
    "Title": "",
    "WTit": "",
    "OTit": "",
    "Rating": "1926",
    "Gms": "0",
    "K": "40",
    "RatingMonth": "SEP25",
    "B-day": "1949",
    "Flag": "i"
  },
  {
    "ID Number": "4700333",
    "Name": "Balla, Fjodor",
    "Fed": "ALB",
    "Sex": "M",
    "Title": "",
    "WTit": "",
    "OTit": "",
    "Rating": "2005",
    "Gms": "0",
    "K": "40",
    "RatingMonth": "SEP25",
    "B-day": "1984",
    "Flag": "i"
  },
  {
    "ID Number": "4702808",
    "Name": "Balla, Klea",
    "Fed": "ALB",
    "Sex": "F",
    "Title": "",
    "WTit": "",
    "OTit": "",
    "Rating": "1600",
    "Gms": "0",
    "K": "40",
    "RatingMonth": "SEP25",
    "B-day": "2000",
    "Flag": "wi"
  },
  {
    "ID Number": "4708237",
    "Name": "Baqli, Ndoc",
    "Fed": "ALB",
    "Sex": "M",
    "Title": "",
    "WTit": "",
    "OTit": "",
    "Rating": "1842",
    "Gms": "0",
    "K": "40",
    "RatingMonth": "SEP25",
    "B-day": "1970",
    "Flag": ""
  },
  {
    "ID Number": "4705092",
    "Name": "Baxhia, Irvin",
    "Fed": "ALB",
    "Sex": "M",
    "Title": "",
    "WTit": "",
    "OTit": "",
    "Rating": "1470",
    "Gms": "0",
    "K": "40",
    "RatingMonth": "SEP25",
    "B-day": "2006",
    "Flag": "i"
  },
  {
    "ID Number": "4703251",
    "Name": "Bebi, Thoma",
    "Fed": "ALB",
    "Sex": "M",
    "Title": "",
    "WTit": "NA",
    "OTit": "",
    "Rating": "1816",
    "Gms": "0",
    "K": "20",
    "RatingMonth": "SEP25",
    "B-day": "1991",
    "Flag": "i"
  },
  {
    "ID Number": "4701720",
    "Name": "Bedalli, Erind",
    "Fed": "ALB",
    "Sex": "M",
    "Title": "",
    "WTit": "",
    "OTit": "",
    "Rating": "1932",
    "Gms": "0",
    "K": "20",
    "RatingMonth": "SEP25",
    "B-day": "1983",
    "Flag": "i"
  },
  {
    "ID Number": "4700970",
    "Name": "Bejleri, Medi",
    "Fed": "ALB",
    "Sex": "M",
    "Title": "",
    "WTit": "",
    "OTit": "",
    "Rating": "1999",
    "Gms": "0",
    "K": "20",
    "RatingMonth": "SEP25",
    "B-day": "1945",
    "Flag": "i"
  },
  {
    "ID Number": "4701712",
    "Name": "Bekurti, Mehmet",
    "Fed": "ALB",
    "Sex": "M",
    "Title": "",
    "WTit": "",
    "OTit": "",
    "Rating": "1881",
    "Gms": "0",
    "K": "20",
    "RatingMonth": "SEP25",
    "B-day": "1956",
    "Flag": ""
  },
  {
    "ID Number": "4702190",
    "Name": "Beliu, Luli",
    "Fed": "ALB",
    "Sex": "M",
    "Title": "",
    "WTit": "",
    "OTit": "",
    "Rating": "1968",
    "Gms": "0",
    "K": "40",
    "RatingMonth": "SEP25",
    "B-day": "1960",
    "Flag": "i"
  },
  {
    "ID Number": "4710959",
    "Name": "Bello, Daniel",
    "Fed": "ALB",
    "Sex": "M",
    "Title": "",
    "WTit": "",
    "OTit": "",
    "Rating": "1585",
    "Gms": "0",
    "K": "40",
    "RatingMonth": "SEP25",
    "B-day": "2009",
    "Flag": ""
  },
  {
    "ID Number": "4701542",
    "Name": "Beqiri, Ferdinand",
    "Fed": "ALB",
    "Sex": "M",
    "Title": "",
    "WTit": "",
    "OTit": "",
    "Rating": "1906",
    "Gms": "0",
    "K": "20",
    "RatingMonth": "SEP25",
    "B-day": "1966",
    "Flag": "i"
  },
  {
    "ID Number": "4706250",
    "Name": "Berdellima, Andi",
    "Fed": "ALB",
    "Sex": "M",
    "Title": "",
    "WTit": "NA",
    "OTit": "",
    "Rating": "1657",
    "Gms": "0",
    "K": "40",
    "RatingMonth": "SEP25",
    "B-day": "1995",
    "Flag": "i"
  },
  {
    "ID Number": "4700864",
    "Name": "Berishaj, Giergi",
    "Fed": "ALB",
    "Sex": "M",
    "Title": "",
    "WTit": "",
    "OTit": "",
    "Rating": "1802",
    "Gms": "0",
    "K": "20",
    "RatingMonth": "SEP25",
    "B-day": "1951",
    "Flag": "i"
  },
  {
    "ID Number": "4707648",
    "Name": "Bezhani, Edlir",
    "Fed": "ALB",
    "Sex": "M",
    "Title": "",
    "WTit": "",
    "OTit": "",
    "Rating": "1864",
    "Gms": "0",
    "K": "40",
    "RatingMonth": "SEP25",
    "B-day": "1977",
    "Flag": "i"
  },
  {
    "ID Number": "4703120",
    "Name": "Bezhani, Ferdinand",
    "Fed": "ALB",
    "Sex": "M",
    "Title": "",
    "WTit": "SI",
    "OTit": "",
    "Rating": "2019",
    "Gms": "0",
    "K": "40",
    "RatingMonth": "SEP25",
    "B-day": "1950",
    "Flag": ""
  },
  {
    "ID Number": "4707923",
    "Name": "Bicja, Hasan",
    "Fed": "ALB",
    "Sex": "M",
    "Title": "",
    "WTit": "",
    "OTit": "",
    "Rating": "1702",
    "Gms": "0",
    "K": "40",
    "RatingMonth": "SEP25",
    "B-day": "1994",
    "Flag": "i"
  },
  {
    "ID Number": "4704665",
    "Name": "Boci, Mateu",
    "Fed": "ALB",
    "Sex": "M",
    "Title": "FM",
    "WTit": "",
    "OTit": "",
    "Rating": "2186",
    "Gms": "0",
    "K": "20",
    "RatingMonth": "SEP25",
    "B-day": "2010",
    "Flag": ""
  },
  {
    "ID Number": "4704673",
    "Name": "Boci, Petro",
    "Fed": "ALB",
    "Sex": "M",
    "Title": "",
    "WTit": "FA",
    "OTit": "",
    "Rating": "1905",
    "Gms": "0",
    "K": "20",
    "RatingMonth": "SEP25",
    "B-day": "2004",
    "Flag": ""
  },
  {
    "ID Number": "4700163",
    "Name": "Boshku, Harallamb",
    "Fed": "ALB",
    "Sex": "M",
    "Title": "FM",
    "WTit": "",
    "OTit": "",
    "Rating": "2280",
    "Gms": "0",
    "K": "20",
    "RatingMonth": "SEP25",
    "B-day": "1953",
    "Flag": "i"
  },
  {
    "ID Number": "4701070",
    "Name": "Boshku, Konstantin",
    "Fed": "ALB",
    "Sex": "M",
    "Title": "",
    "WTit": "",
    "OTit": "",
    "Rating": "1825",
    "Gms": "0",
    "K": "40",
    "RatingMonth": "SEP25",
    "B-day": "1989",
    "Flag": "i"
  },
  {
    "ID Number": "4700651",
    "Name": "Braushi, Estref",
    "Fed": "ALB",
    "Sex": "M",
    "Title": "",
    "WTit": "",
    "OTit": "",
    "Rating": "1999",
    "Gms": "0",
    "K": "40",
    "RatingMonth": "SEP25",
    "B-day": "0",
    "Flag": "i"
  },
  {
    "ID Number": "4701739",
    "Name": "Bregu, Riza",
    "Fed": "ALB",
    "Sex": "M",
    "Title": "CM",
    "WTit": "",
    "OTit": "",
    "Rating": "2131",
    "Gms": "9",
    "K": "20",
    "RatingMonth": "SEP25",
    "B-day": "1991",
    "Flag": ""
  },
  {
    "ID Number": "4704479",
    "Name": "Brisku, Sotiraq",
    "Fed": "ALB",
    "Sex": "M",
    "Title": "",
    "WTit": "",
    "OTit": "",
    "Rating": "1589",
    "Gms": "0",
    "K": "40",
    "RatingMonth": "SEP25",
    "B-day": "2008",
    "Flag": ""
  },
  {
    "ID Number": "4702204",
    "Name": "Budakova, Taulant",
    "Fed": "ALB",
    "Sex": "M",
    "Title": "",
    "WTit": "",
    "OTit": "",
    "Rating": "AIM",
    "Gms": "2022",
    "K": "0",
    "RatingMonth": "SEP25",
    "B-day": "1988",
    "Flag": ""
  },
  {
    "ID Number": "821322",
    "Name": "Buli, Vangjel",
    "Fed": "ALB",
    "Sex": "M",
    "Title": "IM",
    "WTit": "",
    "OTit": "",
    "Rating": "2406",
    "Gms": "0",
    "K": "10",
    "RatingMonth": "SEP25",
    "B-day": "1962",
    "Flag": "i"
  },
  {
    "ID Number": "4700198",
    "Name": "Bunjaku, Rijard",
    "Fed": "ALB",
    "Sex": "M",
    "Title": "",
    "WTit": "",
    "OTit": "",
    "Rating": "1939",
    "Gms": "0",
    "K": "20",
    "RatingMonth": "SEP25",
    "B-day": "1979",
    "Flag": "i"
  },
  {
    "ID Number": "4700660",
    "Name": "Bushi, Edmond",
    "Fed": "ALB",
    "Sex": "M",
    "Title": "",
    "WTit": "",
    "OTit": "",
    "Rating": "1874",
    "Gms": "0",
    "K": "20",
    "RatingMonth": "SEP25",
    "B-day": "1956",
    "Flag": "i"
  },
  {
    "ID Number": "4706633",
    "Name": "Bushi, Geraldo",
    "Fed": "ALB",
    "Sex": "M",
    "Title": "",
    "WTit": "NA",
    "OTit": "",
    "Rating": "1876",
    "Gms": "0",
    "K": "20",
    "RatingMonth": "SEP25",
    "B-day": "1998",
    "Flag": ""
  },
  {
    "ID Number": "4706650",
    "Name": "Bushpepa, Alket",
    "Fed": "ALB",
    "Sex": "M",
    "Title": "",
    "WTit": "",
    "OTit": "",
    "Rating": "1897",
    "Gms": "0",
    "K": "40",
    "RatingMonth": "SEP25",
    "B-day": "1983",
    "Flag": "i"
  },
  {
    "ID Number": "4703413",
    "Name": "Cacaj, Skerdi",
    "Fed": "ALB",
    "Sex": "M",
    "Title": "",
    "WTit": "",
    "OTit": "",
    "Rating": "1680",
    "Gms": "0",
    "K": "20",
    "RatingMonth": "SEP25",
    "B-day": "2005",
    "Flag": ""
  },
  {
    "ID Number": "4701259",
    "Name": "Caka, Olta",
    "Fed": "ALB",
    "Sex": "F",
    "Title": "",
    "WTit": "SI,NA",
    "OTit": "",
    "Rating": "1647",
    "Gms": "0",
    "K": "20",
    "RatingMonth": "SEP25",
    "B-day": "1996",
    "Flag": "wi"
  },
  {
    "ID Number": "4704703",
    "Name": "Caku, Kler",
    "Fed": "ALB",
    "Sex": "F",
    "Title": "WFM",
    "WTit": "WFM",
    "OTit": "",
    "Rating": "2010",
    "Gms": "0",
    "K": "40",
    "RatingMonth": "SEP25",
    "B-day": "2010",
    "Flag": "w"
  },
  {
    "ID Number": "4702409",
    "Name": "Cami, Selman",
    "Fed": "ALB",
    "Sex": "M",
    "Title": "",
    "WTit": "",
    "OTit": "",
    "Rating": "1864",
    "Gms": "0",
    "K": "40",
    "RatingMonth": "SEP25",
    "B-day": "1952",
    "Flag": "i"
  },
  {
    "ID Number": "4704924",
    "Name": "Cani, Armando",
    "Fed": "ALB",
    "Sex": "M",
    "Title": "",
    "WTit": "DI,DI",
    "OTit": "",
    "Rating": "1860",
    "Gms": "0",
    "K": "20",
    "RatingMonth": "SEP25",
    "B-day": "1974",
    "Flag": ""
  },
  {
    "ID Number": "4703421",
    "Name": "Cani, Dejvi",
    "Fed": "ALB",
    "Sex": "M",
    "Title": "",
    "WTit": "NA",
    "OTit": "",
    "Rating": "1748",
    "Gms": "0",
    "K": "20",
    "RatingMonth": "SEP25",
    "B-day": "2005",
    "Flag": ""
  },
  {
    "ID Number": "4707230",
    "Name": "Cani, Erdi",
    "Fed": "ALB",
    "Sex": "M",
    "Title": "",
    "WTit": "",
    "OTit": "",
    "Rating": "1846",
    "Gms": "0",
    "K": "40",
    "RatingMonth": "SEP25",
    "B-day": "2013",
    "Flag": ""
  },
  {
    "ID Number": "4705858",
    "Name": "Cani, Niardo",
    "Fed": "ALB",
    "Sex": "M",
    "Title": "",
    "WTit": "",
    "OTit": "",
    "Rating": "1469",
    "Gms": "0",
    "K": "40",
    "RatingMonth": "SEP25",
    "B-day": "2009",
    "Flag": ""
  },
  {
    "ID Number": "4704223",
    "Name": "Capaliku, Markens",
    "Fed": "ALB",
    "Sex": "M",
    "Title": "",
    "WTit": "",
    "OTit": "",
    "Rating": "1820",
    "Gms": "0",
    "K": "40",
    "RatingMonth": "SEP25",
    "B-day": "1998",
    "Flag": ""
  },
  {
    "ID Number": "4701429",
    "Name": "Caushaj, Kastriot",
    "Fed": "ALB",
    "Sex": "M",
    "Title": "",
    "WTit": "",
    "OTit": "",
    "Rating": "1885",
    "Gms": "0",
    "K": "20",
    "RatingMonth": "SEP25",
    "B-day": "1953",
    "Flag": "i"
  },
  {
    "ID Number": "4701801",
    "Name": "Caushi, Alket",
    "Fed": "ALB",
    "Sex": "M",
    "Title": "",
    "WTit": "NA",
    "OTit": "",
    "Rating": "1861",
    "Gms": "0",
    "K": "20",
    "RatingMonth": "SEP25",
    "B-day": "2001",
    "Flag": "i"
  },
  {
    "ID Number": "4702417",
    "Name": "Caushi, Luan",
    "Fed": "ALB",
    "Sex": "M",
    "Title": "",
    "WTit": "",
    "OTit": "",
    "Rating": "1962",
    "Gms": "0",
    "K": "40",
    "RatingMonth": "SEP25",
    "B-day": "1965",
    "Flag": "i"
  },
  {
    "ID Number": "4701151",
    "Name": "Ceka, Shpetim",
    "Fed": "ALB",
    "Sex": "M",
    "Title": "",
    "WTit": "",
    "OTit": "",
    "Rating": "1853",
    "Gms": "0",
    "K": "20",
    "RatingMonth": "SEP25",
    "B-day": "1967",
    "Flag": ""
  },
  {
    "ID Number": "4700228",
    "Name": "Cela, Altin",
    "Fed": "ALB",
    "Sex": "M",
    "Title": "IM",
    "WTit": "",
    "OTit": "",
    "Rating": "2485",
    "Gms": "0",
    "K": "10",
    "RatingMonth": "SEP25",
    "B-day": "1975",
    "Flag": "i"
  },
  {
    "ID Number": "4703650",
    "Name": "Cela, Krojf",
    "Fed": "ALB",
    "Sex": "M",
    "Title": "",
    "WTit": "",
    "OTit": "",
    "Rating": "1822",
    "Gms": "0",
    "K": "40",
    "RatingMonth": "SEP25",
    "B-day": "1984",
    "Flag": "i"
  },
  {
    "ID Number": "4700716",
    "Name": "Cela, Shkelqim",
    "Fed": "ALB",
    "Sex": "M",
    "Title": "FM",
    "WTit": "FT",
    "OTit": "",
    "Rating": "2179",
    "Gms": "0",
    "K": "20",
    "RatingMonth": "SEP25",
    "B-day": "1956",
    "Flag": "i"
  },
  {
    "ID Number": "4700376",
    "Name": "Cika, Agron",
    "Fed": "ALB",
    "Sex": "M",
    "Title": "",
    "WTit": "",
    "OTit": "",
    "Rating": "1972",
    "Gms": "0",
    "K": "20",
    "RatingMonth": "SEP25",
    "B-day": "1955",
    "Flag": ""
  },
  {
    "ID Number": "4702450",
    "Name": "Citozi, Fatmir",
    "Fed": "ALB",
    "Sex": "M",
    "Title": "",
    "WTit": "",
    "OTit": "",
    "Rating": "1764",
    "Gms": "0",
    "K": "40",
    "RatingMonth": "SEP25",
    "B-day": "1947",
    "Flag": "i"
  },
  {
    "ID Number": "4703758",
    "Name": "Cota, Anja",
    "Fed": "ALB",
    "Sex": "F",
    "Title": "",
    "WTit": "",
    "OTit": "",
    "Rating": "1474",
    "Gms": "0",
    "K": "40",
    "RatingMonth": "SEP25",
    "B-day": "2010",
    "Flag": "wi"
  },
  {
    "ID Number": "4700503",
    "Name": "Cucka, Agim",
    "Fed": "ALB",
    "Sex": "M",
    "Title": "",
    "WTit": "",
    "OTit": "",
    "Rating": "2143",
    "Gms": "0",
    "K": "40",
    "RatingMonth": "SEP25",
    "B-day": "0",
    "Flag": "i"
  },
  {
    "ID Number": "4700686",
    "Name": "Cukaj, Marin",
    "Fed": "ALB",
    "Sex": "M",
    "Title": "",
    "WTit": "",
    "OTit": "",
    "Rating": "1856",
    "Gms": "0",
    "K": "20",
    "RatingMonth": "SEP25",
    "B-day": "1982",
    "Flag": "i"
  },
  {
    "ID Number": "4705904",
    "Name": "Dafa, Sirio",
    "Fed": "ALB",
    "Sex": "M",
    "Title": "",
    "WTit": "",
    "OTit": "",
    "Rating": "1926",
    "Gms": "0",
    "K": "20",
    "RatingMonth": "SEP25",
    "B-day": "2006",
    "Flag": ""
  },
  {
    "ID Number": "4701810",
    "Name": "Daka, Ermir",
    "Fed": "ALB",
    "Sex": "M",
    "Title": "",
    "WTit": "",
    "OTit": "",
    "Rating": "1593",
    "Gms": "0",
    "K": "40",
    "RatingMonth": "SEP25",
    "B-day": "1989",
    "Flag": "i"
  },
  {
    "ID Number": "4709268",
    "Name": "Dani, Joni",
    "Fed": "ALB",
    "Sex": "M",
    "Title": "",
    "WTit": "",
    "OTit": "",
    "Rating": "1660",
    "Gms": "0",
    "K": "40",
    "RatingMonth": "SEP25",
    "B-day": "2006",
    "Flag": "i"
  },
  {
    "ID Number": "4704169",
    "Name": "Dano, Rexhep",
    "Fed": "ALB",
    "Sex": "M",
    "Title": "",
    "WTit": "",
    "OTit": "",
    "Rating": "1837",
    "Gms": "0",
    "K": "40",
    "RatingMonth": "SEP25",
    "B-day": "1967",
    "Flag": "i"
  },
  {
    "ID Number": "4704843",
    "Name": "Dano, Rexhep",
    "Fed": "ALB",
    "Sex": "M",
    "Title": "",
    "WTit": "",
    "OTit": "",
    "Rating": "1807",
    "Gms": "0",
    "K": "40",
    "RatingMonth": "SEP25",
    "B-day": "1962",
    "Flag": ""
  },
  {
    "ID Number": "4703227",
    "Name": "Dardha, Eduard",
    "Fed": "ALB",
    "Sex": "M",
    "Title": "",
    "WTit": "",
    "OTit": "",
    "Rating": "1970",
    "Gms": "0",
    "K": "40",
    "RatingMonth": "SEP25",
    "B-day": "1972",
    "Flag": "i"
  },
  {
    "ID Number": "4700821",
    "Name": "Dashi, Vasillaq",
    "Fed": "ALB",
    "Sex": "M",
    "Title": "",
    "WTit": "",
    "OTit": "",
    "Rating": "1812",
    "Gms": "0",
    "K": "20",
    "RatingMonth": "SEP25",
    "B-day": "1950",
    "Flag": "i"
  },
  {
    "ID Number": "4707206",
    "Name": "Dedej, Enri",
    "Fed": "ALB",
    "Sex": "M",
    "Title": "",
    "WTit": "",
    "OTit": "",
    "Rating": "1643",
    "Gms": "0",
    "K": "40",
    "RatingMonth": "SEP25",
    "B-day": "2006",
    "Flag": "i"
  },
  {
    "ID Number": "4705432",
    "Name": "Deliu, Flamur",
    "Fed": "ALB",
    "Sex": "M",
    "Title": "",
    "WTit": "",
    "OTit": "",
    "Rating": "1851",
    "Gms": "0",
    "K": "40",
    "RatingMonth": "SEP25",
    "B-day": "1993",
    "Flag": "i"
  },
  {
    "ID Number": "4706773",
    "Name": "Demiraj, Gazment",
    "Fed": "ALB",
    "Sex": "M",
    "Title": "",
    "WTit": "",
    "OTit": "",
    "Rating": "1785",
    "Gms": "0",
    "K": "40",
    "RatingMonth": "SEP25",
    "B-day": "1975",
    "Flag": "i"
  },
  {
    "ID Number": "4709810",
    "Name": "Derveni, Melis",
    "Fed": "ALB",
    "Sex": "M",
    "Title": "",
    "WTit": "",
    "OTit": "",
    "Rating": "1520",
    "Gms": "2",
    "K": "40",
    "RatingMonth": "SEP25",
    "B-day": "2004",
    "Flag": ""
  },
  {
    "ID Number": "4700236",
    "Name": "Dervishi, Erald",
    "Fed": "ALB",
    "Sex": "M",
    "Title": "GM",
    "WTit": "",
    "OTit": "",
    "Rating": "2520",
    "Gms": "0",
    "K": "10",
    "RatingMonth": "SEP25",
    "B-day": "1979",
    "Flag": "i"
  },
  {
    "ID Number": "4700260",
    "Name": "Dhame, Petraq",
    "Fed": "ALB",
    "Sex": "M",
    "Title": "",
    "WTit": "",
    "OTit": "",
    "Rating": "1982",
    "Gms": "0",
    "K": "20",
    "RatingMonth": "SEP25",
    "B-day": "1987",
    "Flag": "i"
  },
  {
    "ID Number": "4702611",
    "Name": "Didi, Toni",
    "Fed": "ALB",
    "Sex": "M",
    "Title": "",
    "WTit": "NA",
    "OTit": "",
    "Rating": "2023",
    "Gms": "0",
    "K": "40",
    "RatingMonth": "SEP25",
    "B-day": "1995",
    "Flag": "i"
  },
  {
    "ID Number": "4700937",
    "Name": "Disha, Beshim",
    "Fed": "ALB",
    "Sex": "M",
    "Title": "",
    "WTit": "",
    "OTit": "",
    "Rating": "1964",
    "Gms": "0",
    "K": "20",
    "RatingMonth": "SEP25",
    "B-day": "1965",
    "Flag": "i"
  },
  {
    "ID Number": "4700775",
    "Name": "Disha, Besim",
    "Fed": "ALB",
    "Sex": "M",
    "Title": "",
    "WTit": "",
    "OTit": "",
    "Rating": "1917",
    "Gms": "0",
    "K": "40",
    "RatingMonth": "SEP25",
    "B-day": "1965",
    "Flag": ""
  },
  {
    "ID Number": "4704630",
    "Name": "Doda, Arber",
    "Fed": "ALB",
    "Sex": "M",
    "Title": "",
    "WTit": "",
    "OTit": "",
    "Rating": "1489",
    "Gms": "0",
    "K": "40",
    "RatingMonth": "SEP25",
    "B-day": "2005",
    "Flag": "i"
  },
  {
    "ID Number": "4704622",
    "Name": "Doda, Endri",
    "Fed": "ALB",
    "Sex": "M",
    "Title": "",
    "WTit": "",
    "OTit": "",
    "Rating": "1576",
    "Gms": "0",
    "K": "40",
    "RatingMonth": "SEP25",
    "B-day": "2007",
    "Flag": "i"
  },
  {
    "ID Number": "4700554",
    "Name": "Draci, Robert",
    "Fed": "ALB",
    "Sex": "M",
    "Title": "",
    "WTit": "",
    "OTit": "",
    "Rating": "2119",
    "Gms": "0",
    "K": "20",
    "RatingMonth": "SEP25",
    "B-day": "1962",
    "Flag": "i"
  },
  {
    "ID Number": "4701607",
    "Name": "Dritan, Xhana",
    "Fed": "ALB",
    "Sex": "M",
    "Title": "",
    "WTit": "",
    "OTit": "",
    "Rating": "1712",
    "Gms": "0",
    "K": "40",
    "RatingMonth": "SEP25",
    "B-day": "0",
    "Flag": "i"
  },
  {
    "ID Number": "4700694",
    "Name": "Driza, Arta",
    "Fed": "ALB",
    "Sex": "F",
    "Title": "WCM",
    "WTit": "WCM",
    "OTit": "IA",
    "Rating": "1923",
    "Gms": "4",
    "K": "20",
    "RatingMonth": "SEP25",
    "B-day": "1968",
    "Flag": "w"
  },
  {
    "ID Number": "4710746",
    "Name": "Dukni, Noel",
    "Fed": "ALB",
    "Sex": "M",
    "Title": "",
    "WTit": "",
    "OTit": "",
    "Rating": "1508",
    "Gms": "0",
    "K": "40",
    "RatingMonth": "SEP25",
    "B-day": "2016",
    "Flag": ""
  },
  {
    "ID Number": "4701020",
    "Name": "Dule, Krenar",
    "Fed": "ALB",
    "Sex": "M",
    "Title": "",
    "WTit": "",
    "OTit": "",
    "Rating": "1833",
    "Gms": "0",
    "K": "20",
    "RatingMonth": "SEP25",
    "B-day": "1969",
    "Flag": "i"
  },
  {
    "ID Number": "4701402",
    "Name": "Duli, Mehdi",
    "Fed": "ALB",
    "Sex": "M",
    "Title": "",
    "WTit": "",
    "OTit": "",
    "Rating": "1811",
    "Gms": "0",
    "K": "40",
    "RatingMonth": "SEP25",
    "B-day": "1953",
    "Flag": "i"
  },
  {
    "ID Number": "4709527",
    "Name": "Duro, Leonard",
    "Fed": "ALB",
    "Sex": "M",
    "Title": "",
    "WTit": "",
    "OTit": "",
    "Rating": "1658",
    "Gms": "0",
    "K": "40",
    "RatingMonth": "SEP25",
    "B-day": "1978",
    "Flag": ""
  },
  {
    "ID Number": "4705866",
    "Name": "Dushku, Marin",
    "Fed": "ALB",
    "Sex": "M",
    "Title": "",
    "WTit": "",
    "OTit": "",
    "Rating": "1573",
    "Gms": "0",
    "K": "40",
    "RatingMonth": "SEP25",
    "B-day": "2003",
    "Flag": "i"
  },
  {
    "ID Number": "4708032",
    "Name": "Elezi, Elnor",
    "Fed": "ALB",
    "Sex": "M",
    "Title": "",
    "WTit": "",
    "OTit": "",
    "Rating": "1543",
    "Gms": "0",
    "K": "40",
    "RatingMonth": "SEP25",
    "B-day": "1998",
    "Flag": "i"
  },
  {
    "ID Number": "4702530",
    "Name": "Elezi, Xhezair",
    "Fed": "ALB",
    "Sex": "M",
    "Title": "",
    "WTit": "",
    "OTit": "",
    "Rating": "1955",
    "Gms": "7",
    "K": "20",
    "RatingMonth": "SEP25",
    "B-day": "1969",
    "Flag": ""
  },
  {
    "ID Number": "4701550",
    "Name": "Fetahu, Skender",
    "Fed": "ALB",
    "Sex": "M",
    "Title": "",
    "WTit": "",
    "OTit": "",
    "Rating": "1942",
    "Gms": "0",
    "K": "40",
    "RatingMonth": "SEP25",
    "B-day": "1971",
    "Flag": "i"
  },
  {
    "ID Number": "4700490",
    "Name": "Frasheri, Petrit",
    "Fed": "ALB",
    "Sex": "M",
    "Title": "",
    "WTit": "",
    "OTit": "",
    "Rating": "1957",
    "Gms": "0",
    "K": "40",
    "RatingMonth": "SEP25",
    "B-day": "1952",
    "Flag": "i"
  },
  {
    "ID Number": "4704134",
    "Name": "Garunja, Genci",
    "Fed": "ALB",
    "Sex": "M",
    "Title": "",
    "WTit": "",
    "OTit": "",
    "Rating": "1798",
    "Gms": "0",
    "K": "40",
    "RatingMonth": "SEP25",
    "B-day": "1969",
    "Flag": ""
  },
  {
    "ID Number": "4701615",
    "Name": "Gazhdaj, Lazer",
    "Fed": "ALB",
    "Sex": "M",
    "Title": "",
    "WTit": "",
    "OTit": "",
    "Rating": "1824",
    "Gms": "0",
    "K": "20",
    "RatingMonth": "SEP25",
    "B-day": "1985",
    "Flag": ""
  },
  {
    "ID Number": "4701100",
    "Name": "Geske, Bruna",
    "Fed": "ALB",
    "Sex": "F",
    "Title": "WFM",
    "WTit": "WFM",
    "OTit": "SI,NA",
    "Rating": "2006",
    "Gms": "0",
    "K": "20",
    "RatingMonth": "SEP25",
    "B-day": "1995",
    "Flag": "w"
  },
  {
    "ID Number": "4700945",
    "Name": "Giankoula, Romeo",
    "Fed": "ALB",
    "Sex": "M",
    "Title": "",
    "WTit": "",
    "OTit": "",
    "Rating": "1988",
    "Gms": "0",
    "K": "20",
    "RatingMonth": "SEP25",
    "B-day": "1948",
    "Flag": "i"
  },
  {
    "ID Number": "4700856",
    "Name": "Giomemo, Enton",
    "Fed": "ALB",
    "Sex": "M",
    "Title": "",
    "WTit": "",
    "OTit": "",
    "Rating": "1912",
    "Gms": "0",
    "K": "20",
    "RatingMonth": "SEP25",
    "B-day": "1970",
    "Flag": ""
  },
  {
    "ID Number": "4701321",
    "Name": "Gioncaj, Bardhul",
    "Fed": "ALB",
    "Sex": "M",
    "Title": "",
    "WTit": "",
    "OTit": "",
    "Rating": "1683",
    "Gms": "0",
    "K": "40",
    "RatingMonth": "SEP25",
    "B-day": "1952",
    "Flag": "i"
  },
  {
    "ID Number": "4704193",
    "Name": "Gjeli, Neshat",
    "Fed": "ALB",
    "Sex": "M",
    "Title": "",
    "WTit": "",
    "OTit": "",
    "Rating": "1925",
    "Gms": "0",
    "K": "40",
    "RatingMonth": "SEP25",
    "B-day": "1956",
    "Flag": "i"
  },
  {
    "ID Number": "4701445",
    "Name": "Gjergaj, Arben",
    "Fed": "ALB",
    "Sex": "M",
    "Title": "",
    "WTit": "",
    "OTit": "",
    "Rating": "1898",
    "Gms": "0",
    "K": "20",
    "RatingMonth": "SEP25",
    "B-day": "0",
    "Flag": "i"
  },
  {
    "ID Number": "4700147",
    "Name": "Gjergji, Rozana",
    "Fed": "ALB",
    "Sex": "F",
    "Title": "WFM",
    "WTit": "WFM",
    "OTit": "SI",
    "Rating": "1974",
    "Gms": "0",
    "K": "20",
    "RatingMonth": "SEP25",
    "B-day": "1975",
    "Flag": "wi"
  },
  {
    "ID Number": "4710860",
    "Name": "Gjermeni, Bjon",
    "Fed": "ALB",
    "Sex": "M",
    "Title": "",
    "WTit": "",
    "OTit": "",
    "Rating": "1546",
    "Gms": "0",
    "K": "40",
    "RatingMonth": "SEP25",
    "B-day": "2010",
    "Flag": ""
  },
  {
    "ID Number": "4701097",
    "Name": "Gjika, Gent",
    "Fed": "ALB",
    "Sex": "M",
    "Title": "",
    "WTit": "NA",
    "OTit": "",
    "Rating": "1741",
    "Gms": "0",
    "K": "20",
    "RatingMonth": "SEP25",
    "B-day": "1995",
    "Flag": "i"
  },
  {
    "ID Number": "4708377",
    "Name": "Gjika, Mikel",
    "Fed": "ALB",
    "Sex": "M",
    "Title": "",
    "WTit": "",
    "OTit": "",
    "Rating": "1826",
    "Gms": "0",
    "K": "40",
    "RatingMonth": "SEP25",
    "B-day": "1997",
    "Flag": ""
  },
  {
    "ID Number": "4706714",
    "Name": "Gjoka, Shpetim",
    "Fed": "ALB",
    "Sex": "M",
    "Title": "",
    "WTit": "",
    "OTit": "",
    "Rating": "1883",
    "Gms": "0",
    "K": "40",
    "RatingMonth": "SEP25",
    "B-day": "1990",
    "Flag": "i"
  },
  {
    "ID Number": "4700929",
    "Name": "Gjomemo, Enton",
    "Fed": "ALB",
    "Sex": "M",
    "Title": "",
    "WTit": "",
    "OTit": "",
    "Rating": "1986",
    "Gms": "0",
    "K": "20",
    "RatingMonth": "SEP25",
    "B-day": "1970",
    "Flag": "i"
  },
  {
    "ID Number": "4701275",
    "Name": "Gjonaj, Jurgen",
    "Fed": "ALB",
    "Sex": "M",
    "Title": "",
    "WTit": "",
    "OTit": "",
    "Rating": "1923",
    "Gms": "0",
    "K": "20",
    "RatingMonth": "SEP25",
    "B-day": "1996",
    "Flag": "i"
  },
  {
    "ID Number": "4704860",
    "Name": "Gjyzari, Vangjush",
    "Fed": "ALB",
    "Sex": "M",
    "Title": "",
    "WTit": "",
    "OTit": "",
    "Rating": "1875",
    "Gms": "0",
    "K": "20",
    "RatingMonth": "SEP25",
    "B-day": "1994",
    "Flag": ""
  },
  {
    "ID Number": "4709993",
    "Name": "Goxhabelliu, Arjol",
    "Fed": "ALB",
    "Sex": "M",
    "Title": "",
    "WTit": "",
    "OTit": "",
    "Rating": "1587",
    "Gms": "0",
    "K": "40",
    "RatingMonth": "SEP25",
    "B-day": "2006",
    "Flag": "i"
  },
  {
    "ID Number": "4703898",
    "Name": "Grabova, Ervin",
    "Fed": "ALB",
    "Sex": "M",
    "Title": "",
    "WTit": "NA",
    "OTit": "",
    "Rating": "1836",
    "Gms": "0",
    "K": "20",
    "RatingMonth": "SEP25",
    "B-day": "1982",
    "Flag": ""
  },
  {
    "ID Number": "4702239",
    "Name": "Gradeci, Muhamet",
    "Fed": "ALB",
    "Sex": "M",
    "Title": "",
    "WTit": "",
    "OTit": "",
    "Rating": "1838",
    "Gms": "0",
    "K": "40",
    "RatingMonth": "SEP25",
    "B-day": "1943",
    "Flag": "i"
  },
  {
    "ID Number": "4701160",
    "Name": "Gripshi, Bedri",
    "Fed": "ALB",
    "Sex": "M",
    "Title": "",
    "WTit": "",
    "OTit": "",
    "Rating": "1998",
    "Gms": "0",
    "K": "20",
    "RatingMonth": "SEP25",
    "B-day": "1953",
    "Flag": "i"
  },
  {
    "ID Number": "4704207",
    "Name": "Grori, Dorian",
    "Fed": "ALB",
    "Sex": "M",
    "Title": "",
    "WTit": "",
    "OTit": "",
    "Rating": "1902",
    "Gms": "0",
    "K": "40",
    "RatingMonth": "SEP25",
    "B-day": "1985",
    "Flag": "i"
  },
  {
    "ID Number": "4700279",
    "Name": "Gurakuqi, Anton",
    "Fed": "ALB",
    "Sex": "M",
    "Title": "",
    "WTit": "",
    "OTit": "",
    "Rating": "2230",
    "Gms": "0",
    "K": "40",
    "RatingMonth": "SEP25",
    "B-day": "1971",
    "Flag": "i"
  },
  {
    "ID Number": "4702557",
    "Name": "Guri, Adrian",
    "Fed": "ALB",
    "Sex": "M",
    "Title": "",
    "WTit": "",
    "OTit": "",
    "Rating": "1864",
    "Gms": "0",
    "K": "40",
    "RatingMonth": "SEP25",
    "B-day": "2007",
    "Flag": "i"
  },
  {
    "ID Number": "4710061",
    "Name": "Guri, Juan",
    "Fed": "ALB",
    "Sex": "M",
    "Title": "",
    "WTit": "",
    "OTit": "",
    "Rating": "1529",
    "Gms": "0",
    "K": "40",
    "RatingMonth": "SEP25",
    "B-day": "2016",
    "Flag": ""
  },
  {
    "ID Number": "4704118",
    "Name": "Guri, Robert",
    "Fed": "ALB",
    "Sex": "M",
    "Title": "",
    "WTit": "",
    "OTit": "",
    "Rating": "1653",
    "Gms": "0",
    "K": "40",
    "RatingMonth": "SEP25",
    "B-day": "1959",
    "Flag": "i"
  },
  {
    "ID Number": "4700996",
    "Name": "Guxho, Clirim",
    "Fed": "ALB",
    "Sex": "M",
    "Title": "",
    "WTit": "",
    "OTit": "",
    "Rating": "2078",
    "Gms": "0",
    "K": "20",
    "RatingMonth": "SEP25",
    "B-day": "1969",
    "Flag": ""
  },
  {
    "ID Number": "4706803",
    "Name": "Halilaj, Spartak",
    "Fed": "ALB",
    "Sex": "M",
    "Title": "",
    "WTit": "",
    "OTit": "",
    "Rating": "1765",
    "Gms": "0",
    "K": "40",
    "RatingMonth": "SEP25",
    "B-day": "1977",
    "Flag": "i"
  },
  {
    "ID Number": "4700406",
    "Name": "Halili, Pullumb",
    "Fed": "ALB",
    "Sex": "M",
    "Title": "",
    "WTit": "",
    "OTit": "",
    "Rating": "1824",
    "Gms": "0",
    "K": "20",
    "RatingMonth": "SEP25",
    "B-day": "1958",
    "Flag": "i"
  },
  {
    "ID Number": "4705440",
    "Name": "Harusha, Erjon",
    "Fed": "ALB",
    "Sex": "M",
    "Title": "",
    "WTit": "",
    "OTit": "",
    "Rating": "2018",
    "Gms": "0",
    "K": "40",
    "RatingMonth": "SEP25",
    "B-day": "1994",
    "Flag": "i"
  },
  {
    "ID Number": "4705637",
    "Name": "Hasani, Fatjon",
    "Fed": "ALB",
    "Sex": "M",
    "Title": "",
    "WTit": "",
    "OTit": "",
    "Rating": "1569",
    "Gms": "0",
    "K": "40",
    "RatingMonth": "SEP25",
    "B-day": "2002",
    "Flag": "i"
  },
  {
    "ID Number": "4704800",
    "Name": "Haxhia, Ethem",
    "Fed": "ALB",
    "Sex": "M",
    "Title": "",
    "WTit": "",
    "OTit": "",
    "Rating": "1871",
    "Gms": "0",
    "K": "40",
    "RatingMonth": "SEP25",
    "B-day": "1948",
    "Flag": "i"
  },
  {
    "ID Number": "4704150",
    "Name": "Haxhiaj, Etehem",
    "Fed": "ALB",
    "Sex": "M",
    "Title": "",
    "WTit": "",
    "OTit": "",
    "Rating": "1922",
    "Gms": "0",
    "K": "40",
    "RatingMonth": "SEP25",
    "B-day": "1967",
    "Flag": "i"
  },
  {
    "ID Number": "4706196",
    "Name": "Haxhiu, Hektor",
    "Fed": "ALB",
    "Sex": "M",
    "Title": "",
    "WTit": "",
    "OTit": "",
    "Rating": "1522",
    "Gms": "0",
    "K": "40",
    "RatingMonth": "SEP25",
    "B-day": "2011",
    "Flag": "i"
  },
  {
    "ID Number": "4703146",
    "Name": "Haxhiu, Vladimir",
    "Fed": "ALB",
    "Sex": "M",
    "Title": "",
    "WTit": "",
    "OTit": "",
    "Rating": "1795",
    "Gms": "0",
    "K": "40",
    "RatingMonth": "SEP25",
    "B-day": "1976",
    "Flag": "i"
  },
  {
    "ID Number": "4709950",
    "Name": "Hoda, Albes",
    "Fed": "ALB",
    "Sex": "M",
    "Title": "",
    "WTit": "",
    "OTit": "",
    "Rating": "1529",
    "Gms": "0",
    "K": "40",
    "RatingMonth": "SEP25",
    "B-day": "2010",
    "Flag": "i"
  },
  {
    "ID Number": "4702255",
    "Name": "Hoxha, Agim",
    "Fed": "ALB",
    "Sex": "M",
    "Title": "",
    "WTit": "",
    "OTit": "",
    "Rating": "1746",
    "Gms": "0",
    "K": "20",
    "RatingMonth": "SEP25",
    "B-day": "1960",
    "Flag": ""
  },
  {
    "ID Number": "4700210",
    "Name": "Hoxha, Altin",
    "Fed": "ALB",
    "Sex": "M",
    "Title": "",
    "WTit": "",
    "OTit": "",
    "Rating": "1967",
    "Gms": "0",
    "K": "20",
    "RatingMonth": "SEP25",
    "B-day": "1973",
    "Flag": ""
  },
  {
    "ID Number": "4701305",
    "Name": "Hoxha, Ergys",
    "Fed": "ALB",
    "Sex": "M",
    "Title": "",
    "WTit": "",
    "OTit": "",
    "Rating": "1810",
    "Gms": "0",
    "K": "40",
    "RatingMonth": "SEP25",
    "B-day": "1995",
    "Flag": "i"
  },
  {
    "ID Number": "4707613",
    "Name": "Hoxha, Fiona",
    "Fed": "ALB",
    "Sex": "F",
    "Title": "",
    "WTit": "",
    "OTit": "",
    "Rating": "1444",
    "Gms": "0",
    "K": "40",
    "RatingMonth": "SEP25",
    "B-day": "2013",
    "Flag": "w"
  },
  {
    "ID Number": "4713230",
    "Name": "Hoxha, Gazmir",
    "Fed": "ALB",
    "Sex": "M",
    "Title": "",
    "WTit": "",
    "OTit": "",
    "Rating": "1680",
    "Gms": "6",
    "K": "40",
    "RatingMonth": "SEP25",
    "B-day": "1975",
    "Flag": ""
  },
  {
    "ID Number": "4704002",
    "Name": "Hoxha, Myzaljen",
    "Fed": "ALB",
    "Sex": "M",
    "Title": "",
    "WTit": "",
    "OTit": "",
    "Rating": "1858",
    "Gms": "0",
    "K": "20",
    "RatingMonth": "SEP25",
    "B-day": "1956",
    "Flag": ""
  },
  {
    "ID Number": "4705360",
    "Name": "Hoxha, Ndriqim",
    "Fed": "ALB",
    "Sex": "M",
    "Title": "",
    "WTit": "",
    "OTit": "",
    "Rating": "1771",
    "Gms": "0",
    "K": "40",
    "RatingMonth": "SEP25",
    "B-day": "1971",
    "Flag": "i"
  },
  {
    "ID Number": "4709705",
    "Name": "Hoxhaj, Luan",
    "Fed": "ALB",
    "Sex": "M",
    "Title": "",
    "WTit": "",
    "OTit": "",
    "Rating": "1898",
    "Gms": "0",
    "K": "40",
    "RatingMonth": "SEP25",
    "B-day": "1969",
    "Flag": ""
  },
  {
    "ID Number": "4708024",
    "Name": "Hyra, Holgerson",
    "Fed": "ALB",
    "Sex": "M",
    "Title": "",
    "WTit": "",
    "OTit": "",
    "Rating": "1922",
    "Gms": "0",
    "K": "40",
    "RatingMonth": "SEP25",
    "B-day": "1990",
    "Flag": "i"
  },
  {
    "ID Number": "4704347",
    "Name": "Isteri, Daniel",
    "Fed": "ALB",
    "Sex": "M",
    "Title": "",
    "WTit": "",
    "OTit": "",
    "Rating": "1451",
    "Gms": "0",
    "K": "40",
    "RatingMonth": "SEP25",
    "B-day": "2009",
    "Flag": "i"
  },
  {
    "ID Number": "4704517",
    "Name": "Isteri, Marin",
    "Fed": "ALB",
    "Sex": "M",
    "Title": "",
    "WTit": "",
    "OTit": "",
    "Rating": "1454",
    "Gms": "0",
    "K": "20",
    "RatingMonth": "SEP25",
    "B-day": "2006",
    "Flag": "i"
  },
  {
    "ID Number": "4708342",
    "Name": "Isufi, Aron",
    "Fed": "ALB",
    "Sex": "M",
    "Title": "",
    "WTit": "",
    "OTit": "",
    "Rating": "1676",
    "Gms": "0",
    "K": "40",
    "RatingMonth": "SEP25",
    "B-day": "2009",
    "Flag": ""
  },
  {
    "ID Number": "4702263",
    "Name": "Isufi, Elisa",
    "Fed": "ALB",
    "Sex": "F",
    "Title": "",
    "WTit": "",
    "OTit": "",
    "Rating": "1771",
    "Gms": "0",
    "K": "20",
    "RatingMonth": "SEP25",
    "B-day": "2006",
    "Flag": "wi"
  },
  {
    "ID Number": "4700457",
    "Name": "Janaqi, Gentian",
    "Fed": "ALB",
    "Sex": "M",
    "Title": "",
    "WTit": "",
    "OTit": "",
    "Rating": "1924",
    "Gms": "0",
    "K": "40",
    "RatingMonth": "SEP25",
    "B-day": "1978",
    "Flag": "i"
  },
  {
    "ID Number": "4703170",
    "Name": "Jasimi, Alfred",
    "Fed": "ALB",
    "Sex": "M",
    "Title": "",
    "WTit": "",
    "OTit": "",
    "Rating": "1756",
    "Gms": "0",
    "K": "20",
    "RatingMonth": "SEP25",
    "B-day": "1984",
    "Flag": "i"
  },
  {
    "ID Number": "4707052",
    "Name": "Jaupaj, Henri",
    "Fed": "ALB",
    "Sex": "M",
    "Title": "",
    "WTit": "",
    "OTit": "",
    "Rating": "1749",
    "Gms": "0",
    "K": "40",
    "RatingMonth": "SEP25",
    "B-day": "2007",
    "Flag": ""
  },
  {
    "ID Number": "4712420",
    "Name": "Joanidhi, Klevis",
    "Fed": "ALB",
    "Sex": "M",
    "Title": "",
    "WTit": "",
    "OTit": "",
    "Rating": "1695",
    "Gms": "0",
    "K": "40",
    "RatingMonth": "SEP25",
    "B-day": "1987",
    "Flag": ""
  },
  {
    "ID Number": "4702271",
    "Name": "Kabo, Melsed",
    "Fed": "ALB",
    "Sex": "M",
    "Title": "",
    "WTit": "",
    "OTit": "",
    "Rating": "2163",
    "Gms": "0",
    "K": "20",
    "RatingMonth": "SEP25",
    "B-day": "1982",
    "Flag": ""
  },
  {
    "ID Number": "4704819",
    "Name": "Kaci, Zamir",
    "Fed": "ALB",
    "Sex": "M",
    "Title": "",
    "WTit": "NA",
    "OTit": "",
    "Rating": "1919",
    "Gms": "0",
    "K": "20",
    "RatingMonth": "SEP25",
    "B-day": "1989",
    "Flag": "i"
  },
  {
    "ID Number": "4701844",
    "Name": "Kaja, Estref",
    "Fed": "ALB",
    "Sex": "M",
    "Title": "",
    "WTit": "",
    "OTit": "",
    "Rating": "1907",
    "Gms": "0",
    "K": "20",
    "RatingMonth": "SEP25",
    "B-day": "1965",
    "Flag": ""
  },
  {
    "ID Number": "4702379",
    "Name": "Kalemi, Besnik",
    "Fed": "ALB",
    "Sex": "M",
    "Title": "",
    "WTit": "",
    "OTit": "",
    "Rating": "1738",
    "Gms": "0",
    "K": "40",
    "RatingMonth": "SEP25",
    "B-day": "1958",
    "Flag": "i"
  },
  {
    "ID Number": "4704991",
    "Name": "Kaleshi, Patrik",
    "Fed": "ALB",
    "Sex": "M",
    "Title": "",
    "WTit": "",
    "OTit": "",
    "Rating": "1461",
    "Gms": "0",
    "K": "40",
    "RatingMonth": "SEP25",
    "B-day": "2009",
    "Flag": "i"
  },
  {
    "ID Number": "4705220",
    "Name": "Kaleshi, Rexhep",
    "Fed": "ALB",
    "Sex": "M",
    "Title": "",
    "WTit": "",
    "OTit": "",
    "Rating": "1813",
    "Gms": "0",
    "K": "40",
    "RatingMonth": "SEP25",
    "B-day": "1951",
    "Flag": "i"
  },
  {
    "ID Number": "4703928",
    "Name": "Kallari, Emiljano",
    "Fed": "ALB",
    "Sex": "M",
    "Title": "",
    "WTit": "",
    "OTit": "",
    "Rating": "1936",
    "Gms": "0",
    "K": "20",
    "RatingMonth": "SEP25",
    "B-day": "1993",
    "Flag": ""
  },
  {
    "ID Number": "4707214",
    "Name": "Kamberi, Fatjon",
    "Fed": "ALB",
    "Sex": "M",
    "Title": "",
    "WTit": "",
    "OTit": "",
    "Rating": "1801",
    "Gms": "0",
    "K": "40",
    "RatingMonth": "SEP25",
    "B-day": "1985",
    "Flag": "i"
  },
  {
    "ID Number": "4704657",
    "Name": "Kanaj, Ledion",
    "Fed": "ALB",
    "Sex": "M",
    "Title": "",
    "WTit": "",
    "OTit": "",
    "Rating": "1578",
    "Gms": "0",
    "K": "40",
    "RatingMonth": "SEP25",
    "B-day": "2003",
    "Flag": "i"
  },
  {
    "ID Number": "4706781",
    "Name": "Karcini, Elis",
    "Fed": "ALB",
    "Sex": "M",
    "Title": "",
    "WTit": "",
    "OTit": "",
    "Rating": "1554",
    "Gms": "0",
    "K": "40",
    "RatingMonth": "SEP25",
    "B-day": "2002",
    "Flag": "i"
  },
  {
    "ID Number": "4700023",
    "Name": "Karkanaqe, Ilir",
    "Fed": "ALB",
    "Sex": "M",
    "Title": "FM",
    "WTit": "",
    "OTit": "",
    "Rating": "2374",
    "Gms": "0",
    "K": "10",
    "RatingMonth": "SEP25",
    "B-day": "1953",
    "Flag": "i"
  },
  {
    "ID Number": "4702166",
    "Name": "Karralliu, Fuat",
    "Fed": "ALB",
    "Sex": "M",
    "Title": "",
    "WTit": "",
    "OTit": "",
    "Rating": "1966",
    "Gms": "0",
    "K": "40",
    "RatingMonth": "SEP25",
    "B-day": "1958",
    "Flag": "i"
  },
  {
    "ID Number": "4702280",
    "Name": "Kasa, Glen",
    "Fed": "ALB",
    "Sex": "M",
    "Title": "",
    "WTit": "",
    "OTit": "",
    "Rating": "1625",
    "Gms": "0",
    "K": "40",
    "RatingMonth": "SEP25",
    "B-day": "2005",
    "Flag": "i"
  },
  {
    "ID Number": "4703375",
    "Name": "Katana Vladimir",
    "Fed": "ALB",
    "Sex": "M",
    "Title": "",
    "WTit": "",
    "OTit": "",
    "Rating": "1962",
    "Gms": "0",
    "K": "20",
    "RatingMonth": "SEP25",
    "B-day": "1961",
    "Flag": ""
  },
  {
    "ID Number": "4704185",
    "Name": "Katana, Vladimir",
    "Fed": "ALB",
    "Sex": "M",
    "Title": "",
    "WTit": "",
    "OTit": "",
    "Rating": "1924",
    "Gms": "0",
    "K": "40",
    "RatingMonth": "SEP25",
    "B-day": "1961",
    "Flag": "i"
  },
  {
    "ID Number": "4703278",
    "Name": "Katroshi, Ernis",
    "Fed": "ALB",
    "Sex": "M",
    "Title": "",
    "WTit": "",
    "OTit": "",
    "Rating": "1461",
    "Gms": "0",
    "K": "40",
    "RatingMonth": "SEP25",
    "B-day": "2009",
    "Flag": "i"
  },
  {
    "ID Number": "4705548",
    "Name": "Keputa, Mario",
    "Fed": "ALB",
    "Sex": "M",
    "Title": "",
    "WTit": "NA",
    "OTit": "",
    "Rating": "1869",
    "Gms": "0",
    "K": "20",
    "RatingMonth": "SEP25",
    "B-day": "1995",
    "Flag": "i"
  },
  {
    "ID Number": "4700783",
    "Name": "Kerciku, Suzana",
    "Fed": "ALB",
    "Sex": "F",
    "Title": "",
    "WTit": "FA",
    "OTit": "",
    "Rating": "1806",
    "Gms": "0",
    "K": "20",
    "RatingMonth": "SEP25",
    "B-day": "1999",
    "Flag": "w"
  },
  {
    "ID Number": "4703995",
    "Name": "Kina, Fotion",
    "Fed": "ALB",
    "Sex": "M",
    "Title": "",
    "WTit": "",
    "OTit": "",
    "Rating": "1791",
    "Gms": "0",
    "K": "40",
    "RatingMonth": "SEP25",
    "B-day": "1982",
    "Flag": "i"
  },
  {
    "ID Number": "4704878",
    "Name": "Kokoneshi, Sokol",
    "Fed": "ALB",
    "Sex": "M",
    "Title": "",
    "WTit": "",
    "OTit": "",
    "Rating": "1863",
    "Gms": "0",
    "K": "40",
    "RatingMonth": "SEP25",
    "B-day": "1976",
    "Flag": "i"
  },
  {
    "ID Number": "4705149",
    "Name": "Kola, Elvis",
    "Fed": "ALB",
    "Sex": "M",
    "Title": "",
    "WTit": "",
    "OTit": "",
    "Rating": "1940",
    "Gms": "0",
    "K": "20",
    "RatingMonth": "SEP25",
    "B-day": "1984",
    "Flag": ""
  },
  {
    "ID Number": "4700520",
    "Name": "Kolani, Leonard",
    "Fed": "ALB",
    "Sex": "M",
    "Title": "CM",
    "WTit": "SI",
    "OTit": "",
    "Rating": "2213",
    "Gms": "0",
    "K": "20",
    "RatingMonth": "SEP25",
    "B-day": "1958",
    "Flag": "i"
  },
  {
    "ID Number": "4703383",
    "Name": "Kolndreu, Albion",
    "Fed": "ALB",
    "Sex": "M",
    "Title": "",
    "WTit": "",
    "OTit": "",
    "Rating": "1586",
    "Gms": "1",
    "K": "20",
    "RatingMonth": "SEP25",
    "B-day": "1983",
    "Flag": ""
  },
  {
    "ID Number": "4705378",
    "Name": "Konesha, Rruzhdi",
    "Fed": "ALB",
    "Sex": "M",
    "Title": "",
    "WTit": "",
    "OTit": "",
    "Rating": "1786",
    "Gms": "0",
    "K": "40",
    "RatingMonth": "SEP25",
    "B-day": "1964",
    "Flag": "i"
  },
  {
    "ID Number": "4704452",
    "Name": "Konomi, Gloria",
    "Fed": "ALB",
    "Sex": "F",
    "Title": "",
    "WTit": "",
    "OTit": "",
    "Rating": "1418",
    "Gms": "0",
    "K": "40",
    "RatingMonth": "SEP25",
    "B-day": "2009",
    "Flag": "wi"
  },
  {
    "ID Number": "4703910",
    "Name": "Koroveshi, Klement",
    "Fed": "ALB",
    "Sex": "M",
    "Title": "",
    "WTit": "",
    "OTit": "",
    "Rating": "2018",
    "Gms": "0",
    "K": "40",
    "RatingMonth": "SEP25",
    "B-day": "1949",
    "Flag": "i"
  },
  {
    "ID Number": "4703855",
    "Name": "Kosta, Kelvin",
    "Fed": "ALB",
    "Sex": "M",
    "Title": "",
    "WTit": "",
    "OTit": "",
    "Rating": "2070",
    "Gms": "0",
    "K": "40",
    "RatingMonth": "SEP25",
    "B-day": "2007",
    "Flag": ""
  },
  {
    "ID Number": "4702778",
    "Name": "Kote, Aleks",
    "Fed": "ALB",
    "Sex": "M",
    "Title": "",
    "WTit": "",
    "OTit": "",
    "Rating": "AFM",
    "Gms": "1832",
    "K": "0",
    "RatingMonth": "SEP25",
    "B-day": "2009",
    "Flag": ""
  },
  {
    "ID Number": "4704827",
    "Name": "Kotorri, Ermir",
    "Fed": "ALB",
    "Sex": "M",
    "Title": "",
    "WTit": "",
    "OTit": "",
    "Rating": "1635",
    "Gms": "0",
    "K": "40",
    "RatingMonth": "SEP25",
    "B-day": "1988",
    "Flag": "i"
  },
  {
    "ID Number": "4709721",
    "Name": "Kubati, Alen",
    "Fed": "ALB",
    "Sex": "M",
    "Title": "",
    "WTit": "",
    "OTit": "",
    "Rating": "1765",
    "Gms": "0",
    "K": "40",
    "RatingMonth": "SEP25",
    "B-day": "1990",
    "Flag": ""
  },
  {
    "ID Number": "4705009",
    "Name": "Kuci, Jorik",
    "Fed": "ALB",
    "Sex": "M",
    "Title": "",
    "WTit": "",
    "OTit": "",
    "Rating": "1493",
    "Gms": "0",
    "K": "40",
    "RatingMonth": "SEP25",
    "B-day": "2007",
    "Flag": "i"
  },
  {
    "ID Number": "4705602",
    "Name": "Kulla, Ermand",
    "Fed": "ALB",
    "Sex": "M",
    "Title": "",
    "WTit": "",
    "OTit": "",
    "Rating": "1828",
    "Gms": "0",
    "K": "40",
    "RatingMonth": "SEP25",
    "B-day": "1993",
    "Flag": "i"
  },
  {
    "ID Number": "4706994",
    "Name": "Kumanaku, Kreshnik",
    "Fed": "ALB",
    "Sex": "M",
    "Title": "",
    "WTit": "",
    "OTit": "",
    "Rating": "1668",
    "Gms": "0",
    "K": "20",
    "RatingMonth": "SEP25",
    "B-day": "1992",
    "Flag": "i"
  },
  {
    "ID Number": "4703294",
    "Name": "Kurmekaj, Jetmir",
    "Fed": "ALB",
    "Sex": "M",
    "Title": "",
    "WTit": "NA",
    "OTit": "",
    "Rating": "1936",
    "Gms": "0",
    "K": "40",
    "RatingMonth": "SEP25",
    "B-day": "1980",
    "Flag": "i"
  },
  {
    "ID Number": "4702786",
    "Name": "Kurtaga, Baftjar",
    "Fed": "ALB",
    "Sex": "M",
    "Title": "",
    "WTit": "",
    "OTit": "",
    "Rating": "1747",
    "Gms": "0",
    "K": "40",
    "RatingMonth": "SEP25",
    "B-day": "1954",
    "Flag": "i"
  },
  {
    "ID Number": "4705556",
    "Name": "Kurti, Fabjol",
    "Fed": "ALB",
    "Sex": "M",
    "Title": "",
    "WTit": "",
    "OTit": "",
    "Rating": "1698",
    "Gms": "0",
    "K": "40",
    "RatingMonth": "SEP25",
    "B-day": "1987",
    "Flag": "i"
  },
  {
    "ID Number": "4706170",
    "Name": "Lala, Hajri",
    "Fed": "ALB",
    "Sex": "M",
    "Title": "",
    "WTit": "",
    "OTit": "",
    "Rating": "1870",
    "Gms": "0",
    "K": "40",
    "RatingMonth": "SEP25",
    "B-day": "1959",
    "Flag": "i"
  },
  {
    "ID Number": "4707575",
    "Name": "Lala, Juljan",
    "Fed": "ALB",
    "Sex": "M",
    "Title": "",
    "WTit": "",
    "OTit": "",
    "Rating": "1630",
    "Gms": "0",
    "K": "40",
    "RatingMonth": "SEP25",
    "B-day": "1992",
    "Flag": "i"
  },
  {
    "ID Number": "4705416",
    "Name": "Lara, Hergi",
    "Fed": "ALB",
    "Sex": "M",
    "Title": "",
    "WTit": "",
    "OTit": "",
    "Rating": "1541",
    "Gms": "0",
    "K": "40",
    "RatingMonth": "SEP25",
    "B-day": "2007",
    "Flag": "i"
  },
  {
    "ID Number": "4700120",
    "Name": "Larry, Engel",
    "Fed": "ALB",
    "Sex": "M",
    "Title": "",
    "WTit": "",
    "OTit": "",
    "Rating": "1702",
    "Gms": "0",
    "K": "20",
    "RatingMonth": "SEP25",
    "B-day": "1955",
    "Flag": "i"
  },
  {
    "ID Number": "4710479",
    "Name": "Lecini, Medin",
    "Fed": "ALB",
    "Sex": "M",
    "Title": "",
    "WTit": "",
    "OTit": "",
    "Rating": "1687",
    "Gms": "0",
    "K": "40",
    "RatingMonth": "SEP25",
    "B-day": "1992",
    "Flag": ""
  },
  {
    "ID Number": "4702581",
    "Name": "Leka, Bernard",
    "Fed": "ALB",
    "Sex": "M",
    "Title": "",
    "WTit": "SI",
    "OTit": "",
    "Rating": "1906",
    "Gms": "0",
    "K": "40",
    "RatingMonth": "SEP25",
    "B-day": "1951",
    "Flag": "i"
  },
  {
    "ID Number": "4707222",
    "Name": "Leka, Krisel",
    "Fed": "ALB",
    "Sex": "M",
    "Title": "",
    "WTit": "",
    "OTit": "",
    "Rating": "1475",
    "Gms": "0",
    "K": "40",
    "RatingMonth": "SEP25",
    "B-day": "2008",
    "Flag": "i"
  },
  {
    "ID Number": "4708695",
    "Name": "Likaj, Mikail",
    "Fed": "ALB",
    "Sex": "M",
    "Title": "",
    "WTit": "",
    "OTit": "",
    "Rating": "1410",
    "Gms": "0",
    "K": "40",
    "RatingMonth": "SEP25",
    "B-day": "2011",
    "Flag": "i"
  },
  {
    "ID Number": "4705564",
    "Name": "Limaj, Besnik",
    "Fed": "ALB",
    "Sex": "M",
    "Title": "",
    "WTit": "",
    "OTit": "",
    "Rating": "2089",
    "Gms": "0",
    "K": "40",
    "RatingMonth": "SEP25",
    "B-day": "1961",
    "Flag": "i"
  },
  {
    "ID Number": "4701780",
    "Name": "Limanaj, Osman",
    "Fed": "ALB",
    "Sex": "M",
    "Title": "",
    "WTit": "",
    "OTit": "",
    "Rating": "1900",
    "Gms": "0",
    "K": "40",
    "RatingMonth": "SEP25",
    "B-day": "1935",
    "Flag": "i"
  },
  {
    "ID Number": "4708920",
    "Name": "Lisha, Dion",
    "Fed": "ALB",
    "Sex": "M",
    "Title": "",
    "WTit": "",
    "OTit": "",
    "Rating": "1723",
    "Gms": "0",
    "K": "40",
    "RatingMonth": "SEP25",
    "B-day": "2010",
    "Flag": ""
  },
  {
    "ID Number": "4707966",
    "Name": "Llapushi, Marjo",
    "Fed": "ALB",
    "Sex": "M",
    "Title": "",
    "WTit": "",
    "OTit": "",
    "Rating": "1603",
    "Gms": "0",
    "K": "40",
    "RatingMonth": "SEP25",
    "B-day": "1967",
    "Flag": ""
  },
  {
    "ID Number": "4702824",
    "Name": "Lutfija, Klind",
    "Fed": "ALB",
    "Sex": "M",
    "Title": "",
    "WTit": "",
    "OTit": "",
    "Rating": "1533",
    "Gms": "0",
    "K": "20",
    "RatingMonth": "SEP25",
    "B-day": "1987",
    "Flag": ""
  },
  {
    "ID Number": "4706552",
    "Name": "Mala, Desjan",
    "Fed": "ALB",
    "Sex": "M",
    "Title": "",
    "WTit": "",
    "OTit": "",
    "Rating": "1628",
    "Gms": "0",
    "K": "40",
    "RatingMonth": "SEP25",
    "B-day": "2014",
    "Flag": ""
  },
  {
    "ID Number": "4713222",
    "Name": "Malo, Artan",
    "Fed": "ALB",
    "Sex": "M",
    "Title": "",
    "WTit": "",
    "OTit": "",
    "Rating": "1614",
    "Gms": "6",
    "K": "40",
    "RatingMonth": "SEP25",
    "B-day": "1979",
    "Flag": ""
  },
  {
    "ID Number": "4706889",
    "Name": "Malocaj, Ferdinand",
    "Fed": "ALB",
    "Sex": "M",
    "Title": "",
    "WTit": "",
    "OTit": "",
    "Rating": "1711",
    "Gms": "0",
    "K": "40",
    "RatingMonth": "SEP25",
    "B-day": "1966",
    "Flag": ""
  },
  {
    "ID Number": "4700384",
    "Name": "Manaj, Klement",
    "Fed": "ALB",
    "Sex": "M",
    "Title": "",
    "WTit": "",
    "OTit": "",
    "Rating": "2198",
    "Gms": "0",
    "K": "20",
    "RatingMonth": "SEP25",
    "B-day": "0",
    "Flag": "i"
  },
  {
    "ID Number": "4703340",
    "Name": "Margjeka, Ilir",
    "Fed": "ALB",
    "Sex": "M",
    "Title": "",
    "WTit": "",
    "OTit": "",
    "Rating": "1784",
    "Gms": "0",
    "K": "40",
    "RatingMonth": "SEP25",
    "B-day": "1969",
    "Flag": ""
  },
  {
    "ID Number": "4703332",
    "Name": "Margjeka, Shkelqim",
    "Fed": "ALB",
    "Sex": "M",
    "Title": "",
    "WTit": "",
    "OTit": "",
    "Rating": "1814",
    "Gms": "0",
    "K": "20",
    "RatingMonth": "SEP25",
    "B-day": "1967",
    "Flag": ""
  },
  {
    "ID Number": "4701186",
    "Name": "Marko, Pirro",
    "Fed": "ALB",
    "Sex": "M",
    "Title": "",
    "WTit": "",
    "OTit": "",
    "Rating": "1684",
    "Gms": "0",
    "K": "20",
    "RatingMonth": "SEP25",
    "B-day": "2003",
    "Flag": "i"
  },
  {
    "ID Number": "4703634",
    "Name": "Marku, Pashko",
    "Fed": "ALB",
    "Sex": "M",
    "Title": "",
    "WTit": "",
    "OTit": "",
    "Rating": "1899",
    "Gms": "0",
    "K": "40",
    "RatingMonth": "SEP25",
    "B-day": "1958",
    "Flag": "i"
  },
  {
    "ID Number": "4701879",
    "Name": "Masha, Rexhep",
    "Fed": "ALB",
    "Sex": "M",
    "Title": "",
    "WTit": "",
    "OTit": "",
    "Rating": "1898",
    "Gms": "0",
    "K": "20",
    "RatingMonth": "SEP25",
    "B-day": "1966",
    "Flag": ""
  },
  {
    "ID Number": "4702158",
    "Name": "Mashi, Isa",
    "Fed": "ALB",
    "Sex": "M",
    "Title": "",
    "WTit": "",
    "OTit": "",
    "Rating": "1944",
    "Gms": "0",
    "K": "40",
    "RatingMonth": "SEP25",
    "B-day": "1966",
    "Flag": "i"
  },
  {
    "ID Number": "4709918",
    "Name": "Meca, Selim",
    "Fed": "ALB",
    "Sex": "M",
    "Title": "",
    "WTit": "",
    "OTit": "",
    "Rating": "1549",
    "Gms": "0",
    "K": "40",
    "RatingMonth": "SEP25",
    "B-day": "1946",
    "Flag": ""
  },
  {
    "ID Number": "4700600",
    "Name": "Mehmeti, Dritan",
    "Fed": "ALB",
    "Sex": "M",
    "Title": "IM",
    "WTit": "",
    "OTit": "",
    "Rating": "2325",
    "Gms": "0",
    "K": "10",
    "RatingMonth": "SEP25",
    "B-day": "1978",
    "Flag": ""
  },
  {
    "ID Number": "4700244",
    "Name": "Mejdini, Murat",
    "Fed": "ALB",
    "Sex": "M",
    "Title": "",
    "WTit": "",
    "OTit": "",
    "Rating": "1983",
    "Gms": "0",
    "K": "20",
    "RatingMonth": "SEP25",
    "B-day": "1958",
    "Flag": ""
  },
  {
    "ID Number": "4704649",
    "Name": "Meleqi, Kidas",
    "Fed": "ALB",
    "Sex": "M",
    "Title": "",
    "WTit": "",
    "OTit": "",
    "Rating": "1878",
    "Gms": "0",
    "K": "20",
    "RatingMonth": "SEP25",
    "B-day": "2003",
    "Flag": ""
  },
  {
    "ID Number": "4705459",
    "Name": "Mema, John",
    "Fed": "ALB",
    "Sex": "M",
    "Title": "",
    "WTit": "",
    "OTit": "",
    "Rating": "1528",
    "Gms": "0",
    "K": "40",
    "RatingMonth": "SEP25",
    "B-day": "2001",
    "Flag": "i"
  },
  {
    "ID Number": "4700910",
    "Name": "Meta, Bimi",
    "Fed": "ALB",
    "Sex": "M",
    "Title": "",
    "WTit": "",
    "OTit": "",
    "Rating": "1961",
    "Gms": "0",
    "K": "20",
    "RatingMonth": "SEP25",
    "B-day": "1965",
    "Flag": "i"
  },
  {
    "ID Number": "4701887",
    "Name": "Mico, Timoleo",
    "Fed": "ALB",
    "Sex": "M",
    "Title": "",
    "WTit": "",
    "OTit": "",
    "Rating": "AGM",
    "Gms": "2187",
    "K": "0",
    "RatingMonth": "SEP25",
    "B-day": "1998",
    "Flag": "i"
  },
  {
    "ID Number": "4702573",
    "Name": "Mihali, Albi",
    "Fed": "ALB",
    "Sex": "M",
    "Title": "",
    "WTit": "",
    "OTit": "",
    "Rating": "1771",
    "Gms": "0",
    "K": "40",
    "RatingMonth": "SEP25",
    "B-day": "1991",
    "Flag": "i"
  },
  {
    "ID Number": "4702603",
    "Name": "Mihali, Gjergji",
    "Fed": "ALB",
    "Sex": "M",
    "Title": "",
    "WTit": "",
    "OTit": "",
    "Rating": "1841",
    "Gms": "0",
    "K": "40",
    "RatingMonth": "SEP25",
    "B-day": "1959",
    "Flag": ""
  },
  {
    "ID Number": "4700902",
    "Name": "Mihasi, Erald",
    "Fed": "ALB",
    "Sex": "M",
    "Title": "",
    "WTit": "",
    "OTit": "",
    "Rating": "1982",
    "Gms": "0",
    "K": "20",
    "RatingMonth": "SEP25",
    "B-day": "1992",
    "Flag": ""
  },
  {
    "ID Number": "4700252",
    "Name": "Mihasi, Lime",
    "Fed": "ALB",
    "Sex": "M",
    "Title": "",
    "WTit": "NA",
    "OTit": "",
    "Rating": "1917",
    "Gms": "0",
    "K": "20",
    "RatingMonth": "SEP25",
    "B-day": "1967",
    "Flag": ""
  },
  {
    "ID Number": "4700732",
    "Name": "Mikeli, Leonard",
    "Fed": "ALB",
    "Sex": "M",
    "Title": "",
    "WTit": "",
    "OTit": "",
    "Rating": "2277",
    "Gms": "0",
    "K": "40",
    "RatingMonth": "SEP25",
    "B-day": "1935",
    "Flag": "i"
  },
  {
    "ID Number": "4709853",
    "Name": "Molla, Klevis",
    "Fed": "ALB",
    "Sex": "M",
    "Title": "",
    "WTit": "",
    "OTit": "",
    "Rating": "1788",
    "Gms": "0",
    "K": "40",
    "RatingMonth": "SEP25",
    "B-day": "1991",
    "Flag": ""
  },
  {
    "ID Number": "4700015",
    "Name": "Muco, Fatos",
    "Fed": "ALB",
    "Sex": "M",
    "Title": "IM",
    "WTit": "FT",
    "OTit": "",
    "Rating": "2420",
    "Gms": "0",
    "K": "10",
    "RatingMonth": "SEP25",
    "B-day": "1949",
    "Flag": "i"
  },
  {
    "ID Number": "4704070",
    "Name": "Myftari, Robert",
    "Fed": "ALB",
    "Sex": "M",
    "Title": "",
    "WTit": "",
    "OTit": "",
    "Rating": "1789",
    "Gms": "0",
    "K": "40",
    "RatingMonth": "SEP25",
    "B-day": "1978",
    "Flag": "i"
  },
  {
    "ID Number": "4705807",
    "Name": "Ndreko, Ailin",
    "Fed": "ALB",
    "Sex": "F",
    "Title": "WCM",
    "WTit": "WCM",
    "OTit": "",
    "Rating": "1807",
    "Gms": "0",
    "K": "40",
    "RatingMonth": "SEP25",
    "B-day": "2012",
    "Flag": "w"
  },
  {
    "ID Number": "4700589",
    "Name": "Ndreu, Donald",
    "Fed": "ALB",
    "Sex": "M",
    "Title": "",
    "WTit": "",
    "OTit": "",
    "Rating": "1887",
    "Gms": "0",
    "K": "20",
    "RatingMonth": "SEP25",
    "B-day": "1998",
    "Flag": ""
  },
  {
    "ID Number": "4709535",
    "Name": "Ndrevataj, Edi",
    "Fed": "ALB",
    "Sex": "M",
    "Title": "",
    "WTit": "",
    "OTit": "",
    "Rating": "1667",
    "Gms": "0",
    "K": "40",
    "RatingMonth": "SEP25",
    "B-day": "1998",
    "Flag": "i"
  },
  {
    "ID Number": "4710509",
    "Name": "Nebiaj, Erjon",
    "Fed": "ALB",
    "Sex": "M",
    "Title": "",
    "WTit": "",
    "OTit": "",
    "Rating": "1443",
    "Gms": "0",
    "K": "40",
    "RatingMonth": "SEP25",
    "B-day": "1991",
    "Flag": ""
  },
  {
    "ID Number": "4709691",
    "Name": "Nebiaj, Nertil",
    "Fed": "ALB",
    "Sex": "M",
    "Title": "",
    "WTit": "",
    "OTit": "",
    "Rating": "1526",
    "Gms": "0",
    "K": "40",
    "RatingMonth": "SEP25",
    "B-day": "1987",
    "Flag": ""
  },
  {
    "ID Number": "4703537",
    "Name": "Neziri, Dejan",
    "Fed": "ALB",
    "Sex": "M",
    "Title": "",
    "WTit": "",
    "OTit": "",
    "Rating": "1821",
    "Gms": "0",
    "K": "40",
    "RatingMonth": "SEP25",
    "B-day": "2006",
    "Flag": "i"
  },
  {
    "ID Number": "4701461",
    "Name": "Noka, Gezim",
    "Fed": "ALB",
    "Sex": "M",
    "Title": "",
    "WTit": "",
    "OTit": "",
    "Rating": "2136",
    "Gms": "0",
    "K": "20",
    "RatingMonth": "SEP25",
    "B-day": "1985",
    "Flag": "i"
  },
  {
    "ID Number": "4707133",
    "Name": "Nuha, Adrian",
    "Fed": "ALB",
    "Sex": "M",
    "Title": "",
    "WTit": "",
    "OTit": "",
    "Rating": "1818",
    "Gms": "0",
    "K": "40",
    "RatingMonth": "SEP25",
    "B-day": "1957",
    "Flag": "i"
  },
  {
    "ID Number": "4707591",
    "Name": "Nurka, Ajki",
    "Fed": "ALB",
    "Sex": "M",
    "Title": "",
    "WTit": "",
    "OTit": "",
    "Rating": "1480",
    "Gms": "0",
    "K": "40",
    "RatingMonth": "SEP25",
    "B-day": "2013",
    "Flag": "i"
  },
  {
    "ID Number": "4708016",
    "Name": "Olldashi, Mersin",
    "Fed": "ALB",
    "Sex": "M",
    "Title": "",
    "WTit": "",
    "OTit": "",
    "Rating": "1601",
    "Gms": "0",
    "K": "40",
    "RatingMonth": "SEP25",
    "B-day": "1953",
    "Flag": "i"
  },
  {
    "ID Number": "4703804",
    "Name": "Omeri, Eklea",
    "Fed": "ALB",
    "Sex": "F",
    "Title": "WCM",
    "WTit": "WCM",
    "OTit": "",
    "Rating": "1867",
    "Gms": "0",
    "K": "40",
    "RatingMonth": "SEP25",
    "B-day": "2008",
    "Flag": "w"
  },
  {
    "ID Number": "4703790",
    "Name": "Omeri, Korado",
    "Fed": "ALB",
    "Sex": "M",
    "Title": "",
    "WTit": "NA",
    "OTit": "",
    "Rating": "1753",
    "Gms": "0",
    "K": "40",
    "RatingMonth": "SEP25",
    "B-day": "1998",
    "Flag": "i"
  },
  {
    "ID Number": "4702026",
    "Name": "Osmani, Adlir",
    "Fed": "ALB",
    "Sex": "M",
    "Title": "",
    "WTit": "",
    "OTit": "",
    "Rating": "1856",
    "Gms": "0",
    "K": "40",
    "RatingMonth": "SEP25",
    "B-day": "0",
    "Flag": "i"
  },
  {
    "ID Number": "4701003",
    "Name": "Paci, Aleksander",
    "Fed": "ALB",
    "Sex": "M",
    "Title": "CM",
    "WTit": "",
    "OTit": "",
    "Rating": "2107",
    "Gms": "0",
    "K": "20",
    "RatingMonth": "SEP25",
    "B-day": "1958",
    "Flag": "i"
  },
  {
    "ID Number": "4707761",
    "Name": "Paja, Valdete",
    "Fed": "ALB",
    "Sex": "F",
    "Title": "",
    "WTit": "",
    "OTit": "",
    "Rating": "1546",
    "Gms": "0",
    "K": "20",
    "RatingMonth": "SEP25",
    "B-day": "1970",
    "Flag": "w"
  },
  {
    "ID Number": "4702000",
    "Name": "Paloka, David",
    "Fed": "ALB",
    "Sex": "M",
    "Title": "",
    "WTit": "",
    "OTit": "",
    "Rating": "1813",
    "Gms": "0",
    "K": "20",
    "RatingMonth": "SEP25",
    "B-day": "1989",
    "Flag": "i"
  },
  {
    "ID Number": "4704851",
    "Name": "Papajani, Roland",
    "Fed": "ALB",
    "Sex": "M",
    "Title": "",
    "WTit": "",
    "OTit": "",
    "Rating": "1692",
    "Gms": "0",
    "K": "40",
    "RatingMonth": "SEP25",
    "B-day": "1950",
    "Flag": "i"
  },
  {
    "ID Number": "4701178",
    "Name": "Pasko, Llambi",
    "Fed": "ALB",
    "Sex": "M",
    "Title": "IM",
    "WTit": "SI",
    "OTit": "",
    "Rating": "2393",
    "Gms": "0",
    "K": "10",
    "RatingMonth": "SEP25",
    "B-day": "1991",
    "Flag": ""
  },
  {
    "ID Number": "4700708",
    "Name": "Pasku, Roela",
    "Fed": "ALB",
    "Sex": "F",
    "Title": "WFM",
    "WTit": "WFM",
    "OTit": "",
    "Rating": "1944",
    "Gms": "0",
    "K": "20",
    "RatingMonth": "SEP25",
    "B-day": "1990",
    "Flag": "wi"
  },
  {
    "ID Number": "4700880",
    "Name": "Pasku, Sotir",
    "Fed": "ALB",
    "Sex": "M",
    "Title": "",
    "WTit": "",
    "OTit": "",
    "Rating": "2032",
    "Gms": "0",
    "K": "20",
    "RatingMonth": "SEP25",
    "B-day": "1955",
    "Flag": ""
  },
  {
    "ID Number": "4700368",
    "Name": "Pellumbi, Hysni",
    "Fed": "ALB",
    "Sex": "M",
    "Title": "",
    "WTit": "",
    "OTit": "",
    "Rating": "2182",
    "Gms": "0",
    "K": "20",
    "RatingMonth": "SEP25",
    "B-day": "0",
    "Flag": "i"
  },
  {
    "ID Number": "4704746",
    "Name": "Pepaj, Leonard",
    "Fed": "ALB",
    "Sex": "M",
    "Title": "",
    "WTit": "",
    "OTit": "",
    "Rating": "1813",
    "Gms": "0",
    "K": "40",
    "RatingMonth": "SEP25",
    "B-day": "1966",
    "Flag": "i"
  },
  {
    "ID Number": "4710134",
    "Name": "Perihana, Sebi",
    "Fed": "ALB",
    "Sex": "F",
    "Title": "",
    "WTit": "",
    "OTit": "",
    "Rating": "1411",
    "Gms": "0",
    "K": "40",
    "RatingMonth": "SEP25",
    "B-day": "2012",
    "Flag": "w"
  },
  {
    "ID Number": "4700619",
    "Name": "Petritaj, Ferdinando",
    "Fed": "ALB",
    "Sex": "M",
    "Title": "",
    "WTit": "",
    "OTit": "",
    "Rating": "2144",
    "Gms": "0",
    "K": "20",
    "RatingMonth": "SEP25",
    "B-day": "1963",
    "Flag": ""
  },
  {
    "ID Number": "4701704",
    "Name": "Petritaj, Fotjon",
    "Fed": "ALB",
    "Sex": "M",
    "Title": "",
    "WTit": "",
    "OTit": "",
    "Rating": "2248",
    "Gms": "0",
    "K": "20",
    "RatingMonth": "SEP25",
    "B-day": "1982",
    "Flag": ""
  },
  {
    "ID Number": "4701895",
    "Name": "Petro, Nertil",
    "Fed": "ALB",
    "Sex": "M",
    "Title": "",
    "WTit": "",
    "OTit": "",
    "Rating": "1860",
    "Gms": "0",
    "K": "20",
    "RatingMonth": "SEP25",
    "B-day": "1987",
    "Flag": "i"
  },
  {
    "ID Number": "4703480",
    "Name": "Pjetracaj, Florian",
    "Fed": "ALB",
    "Sex": "M",
    "Title": "",
    "WTit": "",
    "OTit": "",
    "Rating": "1590",
    "Gms": "0",
    "K": "40",
    "RatingMonth": "SEP25",
    "B-day": "2004",
    "Flag": "i"
  },
  {
    "ID Number": "4710452",
    "Name": "Polo, Krist",
    "Fed": "ALB",
    "Sex": "M",
    "Title": "",
    "WTit": "",
    "OTit": "",
    "Rating": "1733",
    "Gms": "0",
    "K": "40",
    "RatingMonth": "SEP25",
    "B-day": "1995",
    "Flag": "i"
  },
  {
    "ID Number": "4704126",
    "Name": "Precaj, Xhoana",
    "Fed": "ALB",
    "Sex": "F",
    "Title": "",
    "WTit": "",
    "OTit": "",
    "Rating": "1573",
    "Gms": "0",
    "K": "40",
    "RatingMonth": "SEP25",
    "B-day": "2001",
    "Flag": "wi"
  },
  {
    "ID Number": "4705122",
    "Name": "Preza, Agim",
    "Fed": "ALB",
    "Sex": "M",
    "Title": "",
    "WTit": "",
    "OTit": "",
    "Rating": "1999",
    "Gms": "0",
    "K": "40",
    "RatingMonth": "SEP25",
    "B-day": "1954",
    "Flag": "i"
  },
  {
    "ID Number": "4700511",
    "Name": "Prifti, Viktor",
    "Fed": "ALB",
    "Sex": "M",
    "Title": "",
    "WTit": "",
    "OTit": "",
    "Rating": "1989",
    "Gms": "0",
    "K": "40",
    "RatingMonth": "SEP25",
    "B-day": "1954",
    "Flag": "i"
  },
  {
    "ID Number": "4704789",
    "Name": "Proda, Enea",
    "Fed": "ALB",
    "Sex": "M",
    "Title": "",
    "WTit": "",
    "OTit": "",
    "Rating": "1650",
    "Gms": "0",
    "K": "40",
    "RatingMonth": "SEP25",
    "B-day": "1991",
    "Flag": "i"
  },
  {
    "ID Number": "4702832",
    "Name": "Protoduari, Ledion",
    "Fed": "ALB",
    "Sex": "M",
    "Title": "",
    "WTit": "",
    "OTit": "",
    "Rating": "1473",
    "Gms": "0",
    "K": "40",
    "RatingMonth": "SEP25",
    "B-day": "2010",
    "Flag": "i"
  },
  {
    "ID Number": "4700287",
    "Name": "Pustina, Adrian",
    "Fed": "ALB",
    "Sex": "M",
    "Title": "",
    "WTit": "",
    "OTit": "",
    "Rating": "2058",
    "Gms": "0",
    "K": "20",
    "RatingMonth": "SEP25",
    "B-day": "1963",
    "Flag": "i"
  },
  {
    "ID Number": "4700082",
    "Name": "Pustina, Ylvi",
    "Fed": "ALB",
    "Sex": "M",
    "Title": "",
    "WTit": "",
    "OTit": "",
    "Rating": "2289",
    "Gms": "0",
    "K": "20",
    "RatingMonth": "SEP25",
    "B-day": "1935",
    "Flag": "i"
  },
  {
    "ID Number": "4700074",
    "Name": "Qendro, Llambi",
    "Fed": "ALB",
    "Sex": "M",
    "Title": "IM",
    "WTit": "",
    "OTit": "",
    "Rating": "2271",
    "Gms": "0",
    "K": "10",
    "RatingMonth": "SEP25",
    "B-day": "1953",
    "Flag": ""
  },
  {
    "ID Number": "4704371",
    "Name": "Qerimi, Aron",
    "Fed": "ALB",
    "Sex": "M",
    "Title": "",
    "WTit": "",
    "OTit": "",
    "Rating": "1591",
    "Gms": "0",
    "K": "40",
    "RatingMonth": "SEP25",
    "B-day": "2008",
    "Flag": ""
  },
  {
    "ID Number": "4702794",
    "Name": "Qojle, Albion",
    "Fed": "ALB",
    "Sex": "M",
    "Title": "",
    "WTit": "",
    "OTit": "",
    "Rating": "1465",
    "Gms": "0",
    "K": "20",
    "RatingMonth": "SEP25",
    "B-day": "2006",
    "Flag": "i"
  },
  {
    "ID Number": "303043153",
    "Name": "Qorrolli, Ridvan",
    "Fed": "ALB",
    "Sex": "M",
    "Title": "",
    "WTit": "",
    "OTit": "",
    "Rating": "AIM",
    "Gms": "1941",
    "K": "0",
    "RatingMonth": "SEP25",
    "B-day": "1976",
    "Flag": "i"
  },
  {
    "ID Number": "4700171",
    "Name": "Rama, Lorenc",
    "Fed": "ALB",
    "Sex": "M",
    "Title": "FM",
    "WTit": "SI",
    "OTit": "",
    "Rating": "2168",
    "Gms": "10",
    "K": "20",
    "RatingMonth": "SEP25",
    "B-day": "1964",
    "Flag": ""
  },
  {
    "ID Number": "4705262",
    "Name": "Ramaj, Dea",
    "Fed": "ALB",
    "Sex": "F",
    "Title": "",
    "WTit": "",
    "OTit": "",
    "Rating": "1548",
    "Gms": "0",
    "K": "40",
    "RatingMonth": "SEP25",
    "B-day": "2010",
    "Flag": "w"
  },
  {
    "ID Number": "4703669",
    "Name": "Ramaj, Ergit",
    "Fed": "ALB",
    "Sex": "M",
    "Title": "",
    "WTit": "",
    "OTit": "",
    "Rating": "2124",
    "Gms": "10",
    "K": "40",
    "RatingMonth": "SEP25",
    "B-day": "2008",
    "Flag": ""
  },
  {
    "ID Number": "4706340",
    "Name": "Ramaj, Perparim",
    "Fed": "ALB",
    "Sex": "M",
    "Title": "",
    "WTit": "",
    "OTit": "",
    "Rating": "1897",
    "Gms": "0",
    "K": "40",
    "RatingMonth": "SEP25",
    "B-day": "1955",
    "Flag": "i"
  },
  {
    "ID Number": "4701054",
    "Name": "Ranxha, Mark",
    "Fed": "ALB",
    "Sex": "M",
    "Title": "",
    "WTit": "",
    "OTit": "",
    "Rating": "1796",
    "Gms": "0",
    "K": "40",
    "RatingMonth": "SEP25",
    "B-day": "1960",
    "Flag": "i"
  },
  {
    "ID Number": "4705157",
    "Name": "Revaj, Kastriot",
    "Fed": "ALB",
    "Sex": "M",
    "Title": "",
    "WTit": "",
    "OTit": "",
    "Rating": "1800",
    "Gms": "0",
    "K": "20",
    "RatingMonth": "SEP25",
    "B-day": "1953",
    "Flag": "i"
  },
  {
    "ID Number": "4705831",
    "Name": "Roko, Laert",
    "Fed": "ALB",
    "Sex": "M",
    "Title": "",
    "WTit": "",
    "OTit": "",
    "Rating": "1568",
    "Gms": "0",
    "K": "40",
    "RatingMonth": "SEP25",
    "B-day": "2007",
    "Flag": "i"
  },
  {
    "ID Number": "4700848",
    "Name": "Saliasi, Aurel",
    "Fed": "ALB",
    "Sex": "M",
    "Title": "",
    "WTit": "",
    "OTit": "",
    "Rating": "1977",
    "Gms": "0",
    "K": "40",
    "RatingMonth": "SEP25",
    "B-day": "0",
    "Flag": "i"
  },
  {
    "ID Number": "4701410",
    "Name": "Salihaj, Ferit",
    "Fed": "ALB",
    "Sex": "M",
    "Title": "",
    "WTit": "",
    "OTit": "",
    "Rating": "1854",
    "Gms": "0",
    "K": "20",
    "RatingMonth": "SEP25",
    "B-day": "1962",
    "Flag": ""
  },
  {
    "ID Number": "4703499",
    "Name": "Salihaj, Lambjon",
    "Fed": "ALB",
    "Sex": "M",
    "Title": "",
    "WTit": "NA",
    "OTit": "",
    "Rating": "1859",
    "Gms": "0",
    "K": "20",
    "RatingMonth": "SEP25",
    "B-day": "2001",
    "Flag": ""
  },
  {
    "ID Number": "4705572",
    "Name": "Samarxhiu, Endri",
    "Fed": "ALB",
    "Sex": "M",
    "Title": "",
    "WTit": "",
    "OTit": "",
    "Rating": "1752",
    "Gms": "0",
    "K": "40",
    "RatingMonth": "SEP25",
    "B-day": "1985",
    "Flag": "i"
  },
  {
    "ID Number": "4707915",
    "Name": "Samarxhiu, Petrit",
    "Fed": "ALB",
    "Sex": "M",
    "Title": "",
    "WTit": "",
    "OTit": "",
    "Rating": "1824",
    "Gms": "0",
    "K": "40",
    "RatingMonth": "SEP25",
    "B-day": "1995",
    "Flag": "i"
  },
  {
    "ID Number": "4700031",
    "Name": "Seitaj, Ilir",
    "Fed": "ALB",
    "Sex": "M",
    "Title": "IM",
    "WTit": "",
    "OTit": "",
    "Rating": "2305",
    "Gms": "0",
    "K": "10",
    "RatingMonth": "SEP25",
    "B-day": "1957",
    "Flag": ""
  },
  {
    "ID Number": "4701569",
    "Name": "Sejdiaj, Idajet",
    "Fed": "ALB",
    "Sex": "M",
    "Title": "",
    "WTit": "",
    "OTit": "",
    "Rating": "1686",
    "Gms": "0",
    "K": "40",
    "RatingMonth": "SEP25",
    "B-day": "1948",
    "Flag": "i"
  },
  {
    "ID Number": "4704568",
    "Name": "Senjo, Dionis",
    "Fed": "ALB",
    "Sex": "M",
    "Title": "",
    "WTit": "",
    "OTit": "",
    "Rating": "1504",
    "Gms": "0",
    "K": "40",
    "RatingMonth": "SEP25",
    "B-day": "2011",
    "Flag": "i"
  },
  {
    "ID Number": "4700597",
    "Name": "Shabanaj, Alda",
    "Fed": "ALB",
    "Sex": "F",
    "Title": "WFM",
    "WTit": "WFM",
    "OTit": "",
    "Rating": "1898",
    "Gms": "0",
    "K": "20",
    "RatingMonth": "SEP25",
    "B-day": "1983",
    "Flag": "wi"
  },
  {
    "ID Number": "4700562",
    "Name": "Shabanaj, Eglantina",
    "Fed": "ALB",
    "Sex": "F",
    "Title": "WCM",
    "WTit": "WCM",
    "OTit": "",
    "Rating": "1904",
    "Gms": "0",
    "K": "20",
    "RatingMonth": "SEP25",
    "B-day": "1979",
    "Flag": "w"
  },
  {
    "ID Number": "4701348",
    "Name": "Shabanaj, Lefter",
    "Fed": "ALB",
    "Sex": "M",
    "Title": "",
    "WTit": "",
    "OTit": "",
    "Rating": "1673",
    "Gms": "0",
    "K": "20",
    "RatingMonth": "SEP25",
    "B-day": "1945",
    "Flag": ""
  },
  {
    "ID Number": "4701224",
    "Name": "Shabanaj, Saimir",
    "Fed": "ALB",
    "Sex": "M",
    "Title": "",
    "WTit": "",
    "OTit": "",
    "Rating": "2105",
    "Gms": "0",
    "K": "20",
    "RatingMonth": "SEP25",
    "B-day": "1986",
    "Flag": "i"
  },
  {
    "ID Number": "4704614",
    "Name": "Shabani, Ridrin",
    "Fed": "ALB",
    "Sex": "M",
    "Title": "",
    "WTit": "",
    "OTit": "",
    "Rating": "1792",
    "Gms": "0",
    "K": "40",
    "RatingMonth": "SEP25",
    "B-day": "1987",
    "Flag": "i"
  },
  {
    "ID Number": "4701798",
    "Name": "Shabhnaj, Lefter",
    "Fed": "ALB",
    "Sex": "M",
    "Title": "",
    "WTit": "",
    "OTit": "",
    "Rating": "1769",
    "Gms": "0",
    "K": "20",
    "RatingMonth": "SEP25",
    "B-day": "1945",
    "Flag": "i"
  },
  {
    "ID Number": "4709748",
    "Name": "Shehu, Ersi",
    "Fed": "ALB",
    "Sex": "M",
    "Title": "",
    "WTit": "",
    "OTit": "",
    "Rating": "1725",
    "Gms": "0",
    "K": "40",
    "RatingMonth": "SEP25",
    "B-day": "2007",
    "Flag": ""
  },
  {
    "ID Number": "4700449",
    "Name": "Shehu, Ervin",
    "Fed": "ALB",
    "Sex": "M",
    "Title": "",
    "WTit": "",
    "OTit": "",
    "Rating": "1817",
    "Gms": "0",
    "K": "20",
    "RatingMonth": "SEP25",
    "B-day": "1973",
    "Flag": ""
  },
  {
    "ID Number": "4702018",
    "Name": "Sherifaj, Lorenc",
    "Fed": "ALB",
    "Sex": "M",
    "Title": "",
    "WTit": "",
    "OTit": "",
    "Rating": "1966",
    "Gms": "0",
    "K": "40",
    "RatingMonth": "SEP25",
    "B-day": "1982",
    "Flag": "i"
  },
  {
    "ID Number": "4705874",
    "Name": "Sherollari, Semion",
    "Fed": "ALB",
    "Sex": "M",
    "Title": "",
    "WTit": "",
    "OTit": "",
    "Rating": "1580",
    "Gms": "0",
    "K": "40",
    "RatingMonth": "SEP25",
    "B-day": "2008",
    "Flag": ""
  },
  {
    "ID Number": "4702034",
    "Name": "Shkurta, Xhulio",
    "Fed": "ALB",
    "Sex": "M",
    "Title": "",
    "WTit": "",
    "OTit": "",
    "Rating": "1916",
    "Gms": "0",
    "K": "20",
    "RatingMonth": "SEP25",
    "B-day": "1998",
    "Flag": "i"
  },
  {
    "ID Number": "4708075",
    "Name": "Shollaj, Thanasi",
    "Fed": "ALB",
    "Sex": "M",
    "Title": "",
    "WTit": "",
    "OTit": "",
    "Rating": "1574",
    "Gms": "0",
    "K": "40",
    "RatingMonth": "SEP25",
    "B-day": "2007",
    "Flag": "i"
  },
  {
    "ID Number": "4701399",
    "Name": "Shpati, Ted",
    "Fed": "ALB",
    "Sex": "M",
    "Title": "",
    "WTit": "",
    "OTit": "",
    "Rating": "2078",
    "Gms": "0",
    "K": "20",
    "RatingMonth": "SEP25",
    "B-day": "1999",
    "Flag": "i"
  },
  {
    "ID Number": "4701984",
    "Name": "Shqau, Olta",
    "Fed": "ALB",
    "Sex": "F",
    "Title": "",
    "WTit": "NA",
    "OTit": "",
    "Rating": "1572",
    "Gms": "0",
    "K": "20",
    "RatingMonth": "SEP25",
    "B-day": "2002",
    "Flag": "wi"
  },
  {
    "ID Number": "4709683",
    "Name": "Shtiza, Brendon",
    "Fed": "ALB",
    "Sex": "M",
    "Title": "",
    "WTit": "",
    "OTit": "",
    "Rating": "1692",
    "Gms": "0",
    "K": "40",
    "RatingMonth": "SEP25",
    "B-day": "2009",
    "Flag": ""
  },
  {
    "ID Number": "4701585",
    "Name": "Shuqja, Klean",
    "Fed": "ALB",
    "Sex": "F",
    "Title": "WFM",
    "WTit": "WFM",
    "OTit": "",
    "Rating": "2059",
    "Gms": "9",
    "K": "20",
    "RatingMonth": "SEP25",
    "B-day": "2006",
    "Flag": "w"
  },
  {
    "ID Number": "4708091",
    "Name": "Shyti, Boris",
    "Fed": "ALB",
    "Sex": "M",
    "Title": "",
    "WTit": "",
    "OTit": "",
    "Rating": "1661",
    "Gms": "0",
    "K": "40",
    "RatingMonth": "SEP25",
    "B-day": "2006",
    "Flag": "i"
  },
  {
    "ID Number": "4703596",
    "Name": "Sinanaj, Ennio",
    "Fed": "ALB",
    "Sex": "M",
    "Title": "",
    "WTit": "NA",
    "OTit": "",
    "Rating": "1913",
    "Gms": "0",
    "K": "20",
    "RatingMonth": "SEP25",
    "B-day": "1996",
    "Flag": ""
  },
  {
    "ID Number": "4710495",
    "Name": "Sinani, Asim",
    "Fed": "ALB",
    "Sex": "M",
    "Title": "",
    "WTit": "",
    "OTit": "",
    "Rating": "1742",
    "Gms": "0",
    "K": "40",
    "RatingMonth": "SEP25",
    "B-day": "1985",
    "Flag": ""
  },
  {
    "ID Number": "4702972",
    "Name": "Sinojmeri, Agim",
    "Fed": "ALB",
    "Sex": "M",
    "Title": "",
    "WTit": "SI",
    "OTit": "",
    "Rating": "2059",
    "Gms": "0",
    "K": "40",
    "RatingMonth": "SEP25",
    "B-day": "1960",
    "Flag": "i"
  },
  {
    "ID Number": "4706021",
    "Name": "Skuqi, Uran",
    "Fed": "ALB",
    "Sex": "M",
    "Title": "",
    "WTit": "",
    "OTit": "",
    "Rating": "1848",
    "Gms": "0",
    "K": "40",
    "RatingMonth": "SEP25",
    "B-day": "1941",
    "Flag": "i"
  },
  {
    "ID Number": "4702514",
    "Name": "Spahi, Edvis",
    "Fed": "ALB",
    "Sex": "M",
    "Title": "",
    "WTit": "",
    "OTit": "",
    "Rating": "1928",
    "Gms": "7",
    "K": "40",
    "RatingMonth": "SEP25",
    "B-day": "1977",
    "Flag": ""
  },
  {
    "ID Number": "4708334",
    "Name": "Spahiu, Agim",
    "Fed": "ALB",
    "Sex": "M",
    "Title": "",
    "WTit": "",
    "OTit": "",
    "Rating": "1941",
    "Gms": "0",
    "K": "20",
    "RatingMonth": "SEP25",
    "B-day": "1969",
    "Flag": ""
  },
  {
    "ID Number": "4704053",
    "Name": "Spahiu, Mikael",
    "Fed": "ALB",
    "Sex": "M",
    "Title": "",
    "WTit": "",
    "OTit": "",
    "Rating": "1560",
    "Gms": "0",
    "K": "20",
    "RatingMonth": "SEP25",
    "B-day": "2005",
    "Flag": ""
  },
  {
    "ID Number": "4701577",
    "Name": "Spiru, Devid",
    "Fed": "ALB",
    "Sex": "M",
    "Title": "",
    "WTit": "",
    "OTit": "",
    "Rating": "1784",
    "Gms": "0",
    "K": "20",
    "RatingMonth": "SEP25",
    "B-day": "2000",
    "Flag": "i"
  },
  {
    "ID Number": "4709446",
    "Name": "Stafa, Sidrit",
    "Fed": "ALB",
    "Sex": "M",
    "Title": "",
    "WTit": "",
    "OTit": "",
    "Rating": "1682",
    "Gms": "0",
    "K": "40",
    "RatingMonth": "SEP25",
    "B-day": "2009",
    "Flag": "i"
  },
  {
    "ID Number": "4706013",
    "Name": "Stavri, Gligor",
    "Fed": "ALB",
    "Sex": "M",
    "Title": "",
    "WTit": "",
    "OTit": "",
    "Rating": "1924",
    "Gms": "0",
    "K": "20",
    "RatingMonth": "SEP25",
    "B-day": "1956",
    "Flag": ""
  },
  {
    "ID Number": "4700635",
    "Name": "Sula, Avni",
    "Fed": "ALB",
    "Sex": "M",
    "Title": "",
    "WTit": "",
    "OTit": "",
    "Rating": "2010",
    "Gms": "0",
    "K": "20",
    "RatingMonth": "SEP25",
    "B-day": "1960",
    "Flag": ""
  },
  {
    "ID Number": "4700040",
    "Name": "Sula, Zeqir",
    "Fed": "ALB",
    "Sex": "M",
    "Title": "FM",
    "WTit": "",
    "OTit": "",
    "Rating": "2272",
    "Gms": "0",
    "K": "20",
    "RatingMonth": "SEP25",
    "B-day": "1949",
    "Flag": "i"
  },
  {
    "ID Number": "4701089",
    "Name": "Sullolari, Saip",
    "Fed": "ALB",
    "Sex": "M",
    "Title": "",
    "WTit": "",
    "OTit": "",
    "Rating": "2135",
    "Gms": "0",
    "K": "40",
    "RatingMonth": "SEP25",
    "B-day": "1957",
    "Flag": "i"
  },
  {
    "ID Number": "4703154",
    "Name": "Sumzaku, Endrit",
    "Fed": "ALB",
    "Sex": "M",
    "Title": "",
    "WTit": "",
    "OTit": "",
    "Rating": "1643",
    "Gms": "0",
    "K": "40",
    "RatingMonth": "SEP25",
    "B-day": "1987",
    "Flag": "i"
  },
  {
    "ID Number": "4705599",
    "Name": "Tafa, Ezel",
    "Fed": "ALB",
    "Sex": "M",
    "Title": "",
    "WTit": "",
    "OTit": "",
    "Rating": "1936",
    "Gms": "0",
    "K": "40",
    "RatingMonth": "SEP25",
    "B-day": "1975",
    "Flag": "i"
  },
  {
    "ID Number": "4702735",
    "Name": "Tani, Florian",
    "Fed": "ALB",
    "Sex": "M",
    "Title": "",
    "WTit": "",
    "OTit": "",
    "Rating": "1786",
    "Gms": "0",
    "K": "40",
    "RatingMonth": "SEP25",
    "B-day": "1990",
    "Flag": ""
  },
  {
    "ID Number": "4700422",
    "Name": "Tare, M.",
    "Fed": "ALB",
    "Sex": "M",
    "Title": "",
    "WTit": "",
    "OTit": "",
    "Rating": "2085",
    "Gms": "0",
    "K": "20",
    "RatingMonth": "SEP25",
    "B-day": "0",
    "Flag": "i"
  },
  {
    "ID Number": "4702352",
    "Name": "Tashi, Josif",
    "Fed": "ALB",
    "Sex": "M",
    "Title": "",
    "WTit": "",
    "OTit": "",
    "Rating": "1713",
    "Gms": "0",
    "K": "20",
    "RatingMonth": "SEP25",
    "B-day": "1947",
    "Flag": ""
  },
  {
    "ID Number": "4701470",
    "Name": "Tavasja, Elvis",
    "Fed": "ALB",
    "Sex": "M",
    "Title": "",
    "WTit": "",
    "OTit": "",
    "Rating": "AFM",
    "Gms": "2087",
    "K": "0",
    "RatingMonth": "SEP25",
    "B-day": "1986",
    "Flag": "i"
  },
  {
    "ID Number": "4703189",
    "Name": "Telegrafi, Adi",
    "Fed": "ALB",
    "Sex": "M",
    "Title": "",
    "WTit": "",
    "OTit": "",
    "Rating": "1929",
    "Gms": "0",
    "K": "40",
    "RatingMonth": "SEP25",
    "B-day": "1979",
    "Flag": "i"
  },
  {
    "ID Number": "4703502",
    "Name": "Temali, Erion",
    "Fed": "ALB",
    "Sex": "M",
    "Title": "",
    "WTit": "DI",
    "OTit": "",
    "Rating": "1767",
    "Gms": "0",
    "K": "40",
    "RatingMonth": "SEP25",
    "B-day": "1981",
    "Flag": ""
  },
  {
    "ID Number": "4706358",
    "Name": "Troshani, Henri",
    "Fed": "ALB",
    "Sex": "M",
    "Title": "",
    "WTit": "",
    "OTit": "",
    "Rating": "1412",
    "Gms": "0",
    "K": "40",
    "RatingMonth": "SEP25",
    "B-day": "2014",
    "Flag": ""
  },
  {
    "ID Number": "4701356",
    "Name": "Tusha, Ruzhdi",
    "Fed": "ALB",
    "Sex": "M",
    "Title": "",
    "WTit": "",
    "OTit": "",
    "Rating": "1738",
    "Gms": "0",
    "K": "20",
    "RatingMonth": "SEP25",
    "B-day": "1965",
    "Flag": ""
  },
  {
    "ID Number": "4701496",
    "Name": "Vasili, Marinel",
    "Fed": "ALB",
    "Sex": "M",
    "Title": "",
    "WTit": "",
    "OTit": "",
    "Rating": "1770",
    "Gms": "0",
    "K": "20",
    "RatingMonth": "SEP25",
    "B-day": "2002",
    "Flag": "i"
  },
  {
    "ID Number": "4701330",
    "Name": "Vata, Oltion",
    "Fed": "ALB",
    "Sex": "M",
    "Title": "",
    "WTit": "",
    "OTit": "",
    "Rating": "2127",
    "Gms": "0",
    "K": "20",
    "RatingMonth": "SEP25",
    "B-day": "1995",
    "Flag": "i"
  },
  {
    "ID Number": "4700392",
    "Name": "Veizaj, Mendim",
    "Fed": "ALB",
    "Sex": "M",
    "Title": "",
    "WTit": "",
    "OTit": "",
    "Rating": "2030",
    "Gms": "0",
    "K": "40",
    "RatingMonth": "SEP25",
    "B-day": "1935",
    "Flag": "i"
  },
  {
    "ID Number": "4706080",
    "Name": "Vela, Fabio",
    "Fed": "ALB",
    "Sex": "M",
    "Title": "",
    "WTit": "",
    "OTit": "",
    "Rating": "1695",
    "Gms": "0",
    "K": "40",
    "RatingMonth": "SEP25",
    "B-day": "1999",
    "Flag": "i"
  },
  {
    "ID Number": "4701526",
    "Name": "Veleshnja, Ajet",
    "Fed": "ALB",
    "Sex": "M",
    "Title": "",
    "WTit": "",
    "OTit": "",
    "Rating": "1973",
    "Gms": "0",
    "K": "20",
    "RatingMonth": "SEP25",
    "B-day": "1957",
    "Flag": ""
  },
  {
    "ID Number": "4701313",
    "Name": "Veleshnja, Zino",
    "Fed": "ALB",
    "Sex": "M",
    "Title": "FM",
    "WTit": "",
    "OTit": "",
    "Rating": "2199",
    "Gms": "3",
    "K": "20",
    "RatingMonth": "SEP25",
    "B-day": "2001",
    "Flag": ""
  },
  {
    "ID Number": "4702549",
    "Name": "Vito, Deni",
    "Fed": "ALB",
    "Sex": "M",
    "Title": "",
    "WTit": "",
    "OTit": "",
    "Rating": "1541",
    "Gms": "0",
    "K": "40",
    "RatingMonth": "SEP25",
    "B-day": "2005",
    "Flag": "i"
  },
  {
    "ID Number": "4704061",
    "Name": "Vladi, Denis",
    "Fed": "ALB",
    "Sex": "M",
    "Title": "",
    "WTit": "",
    "OTit": "",
    "Rating": "1755",
    "Gms": "0",
    "K": "40",
    "RatingMonth": "SEP25",
    "B-day": "1979",
    "Flag": "i"
  },
  {
    "ID Number": "4703553",
    "Name": "Vocaj, Agim",
    "Fed": "ALB",
    "Sex": "M",
    "Title": "",
    "WTit": "",
    "OTit": "",
    "Rating": "1917",
    "Gms": "0",
    "K": "40",
    "RatingMonth": "SEP25",
    "B-day": "1966",
    "Flag": "i"
  },
  {
    "ID Number": "4703529",
    "Name": "Vogli, Erjon",
    "Fed": "ALB",
    "Sex": "M",
    "Title": "",
    "WTit": "",
    "OTit": "",
    "Rating": "1753",
    "Gms": "0",
    "K": "20",
    "RatingMonth": "SEP25",
    "B-day": "2003",
    "Flag": "i"
  },
  {
    "ID Number": "4700155",
    "Name": "Vuji, Albana",
    "Fed": "ALB",
    "Sex": "F",
    "Title": "",
    "WTit": "",
    "OTit": "",
    "Rating": "2070",
    "Gms": "0",
    "K": "40",
    "RatingMonth": "SEP25",
    "B-day": "1969",
    "Flag": "wi"
  },
  {
    "ID Number": "4706030",
    "Name": "Xhakoni, Hamza",
    "Fed": "ALB",
    "Sex": "M",
    "Title": "",
    "WTit": "",
    "OTit": "",
    "Rating": "1883",
    "Gms": "0",
    "K": "40",
    "RatingMonth": "SEP25",
    "B-day": "1957",
    "Flag": "i"
  },
  {
    "ID Number": "4705114",
    "Name": "Xhembulla, Aleksander",
    "Fed": "ALB",
    "Sex": "M",
    "Title": "FM",
    "WTit": "",
    "OTit": "",
    "Rating": "2260",
    "Gms": "7",
    "K": "20",
    "RatingMonth": "SEP25",
    "B-day": "2006",
    "Flag": ""
  },
  {
    "ID Number": "4701232",
    "Name": "Xhilaga, Vladimir",
    "Fed": "ALB",
    "Sex": "M",
    "Title": "",
    "WTit": "",
    "OTit": "",
    "Rating": "1873",
    "Gms": "0",
    "K": "40",
    "RatingMonth": "SEP25",
    "B-day": "1982",
    "Flag": "i"
  },
  {
    "ID Number": "4700678",
    "Name": "Yzeiraj, Diamant",
    "Fed": "ALB",
    "Sex": "M",
    "Title": "",
    "WTit": "",
    "OTit": "",
    "Rating": "1826",
    "Gms": "0",
    "K": "20",
    "RatingMonth": "SEP25",
    "B-day": "1993",
    "Flag": ""
  },
  {
    "ID Number": "4700104",
    "Name": "Zadrima, Aldo",
    "Fed": "ALB",
    "Sex": "M",
    "Title": "",
    "WTit": "FT,SI",
    "OTit": "",
    "Rating": "2255",
    "Gms": "0",
    "K": "20",
    "RatingMonth": "SEP25",
    "B-day": "1948",
    "Flag": "i"
  },
  {
    "ID Number": "4700546",
    "Name": "Zarkaj, Artur",
    "Fed": "ALB",
    "Sex": "M",
    "Title": "",
    "WTit": "",
    "OTit": "",
    "Rating": "2043",
    "Gms": "0",
    "K": "40",
    "RatingMonth": "SEP25",
    "B-day": "1961",
    "Flag": "i"
  },
  {
    "ID Number": "4703936",
    "Name": "Zavalani, Gjergj",
    "Fed": "ALB",
    "Sex": "M",
    "Title": "",
    "WTit": "",
    "OTit": "",
    "Rating": "1861",
    "Gms": "0",
    "K": "40",
    "RatingMonth": "SEP25",
    "B-day": "1954",
    "Flag": "i"
  },
  {
    "ID Number": "4701062",
    "Name": "Zefi, Xhon",
    "Fed": "ALB",
    "Sex": "M",
    "Title": "",
    "WTit": "",
    "OTit": "",
    "Rating": "1864",
    "Gms": "0",
    "K": "20",
    "RatingMonth": "SEP25",
    "B-day": "1964",
    "Flag": "i"
  },
  {
    "ID Number": "4700350",
    "Name": "Zekaj, Dritan",
    "Fed": "ALB",
    "Sex": "M",
    "Title": "",
    "WTit": "",
    "OTit": "",
    "Rating": "2006",
    "Gms": "0",
    "K": "20",
    "RatingMonth": "SEP25",
    "B-day": "1979",
    "Flag": "i"
  },
  {
    "ID Number": "4700961",
    "Name": "Zenaj, Aleksander",
    "Fed": "ALB",
    "Sex": "M",
    "Title": "",
    "WTit": "",
    "OTit": "",
    "Rating": "1857",
    "Gms": "0",
    "K": "40",
    "RatingMonth": "SEP25",
    "B-day": "1979",
    "Flag": ""
  },
  {
    "ID Number": "4706609",
    "Name": "Zeneli, Klendi",
    "Fed": "ALB",
    "Sex": "M",
    "Title": "CM",
    "WTit": "",
    "OTit": "",
    "Rating": "2265",
    "Gms": "17",
    "K": "20",
    "RatingMonth": "SEP25",
    "B-day": "2004",
    "Flag": ""
  },
  {
    "ID Number": "4702867",
    "Name": "Zenuni, Petrit",
    "Fed": "ALB",
    "Sex": "M",
    "Title": "",
    "WTit": "SI,NA",
    "OTit": "",
    "Rating": "1742",
    "Gms": "0",
    "K": "20",
    "RatingMonth": "SEP25",
    "B-day": "1969",
    "Flag": "i"
  },
  {
    "ID Number": "4705165",
    "Name": "Zhupa, Ilir",
    "Fed": "ALB",
    "Sex": "M",
    "Title": "",
    "WTit": "",
    "OTit": "",
    "Rating": "1871",
    "Gms": "0",
    "K": "20",
    "RatingMonth": "SEP25",
    "B-day": "1981",
    "Flag": ""
  },
  {
    "ID Number": "4710665",
    "Name": "Ziso, Fabjol",
    "Fed": "ALB",
    "Sex": "M",
    "Title": "",
    "WTit": "",
    "OTit": "",
    "Rating": "1585",
    "Gms": "0",
    "K": "40",
    "RatingMonth": "SEP25",
    "B-day": "2000",
    "Flag": "i"
  },
  {
    "ID Number": "4707540",
    "Name": "Zotaj, Pellumb",
    "Fed": "ALB",
    "Sex": "M",
    "Title": "",
    "WTit": "",
    "OTit": "",
    "Rating": "1868",
    "Gms": "0",
    "K": "40",
    "RatingMonth": "SEP25",
    "B-day": "1959",
    "Flag": ""
  },
  {
    "ID Number": "4705424",
    "Name": "Zoto, Ansi",
    "Fed": "ALB",
    "Sex": "M",
    "Title": "",
    "WTit": "",
    "OTit": "",
    "Rating": "1537",
    "Gms": "0",
    "K": "40",
    "RatingMonth": "SEP25",
    "B-day": "2014",
    "Flag": ""
  }
]