[
  {
    "ID Number": "4700058"
  },
  {
    "ID Number": "4706617"
  },
  {
    "ID Number": "4702743"
  },
  {
    "ID Number": "4702182"
  },
  {
    "ID Number": "4705319"
  },
  {
    "ID Number": "4704886"
  },
  {
    "ID Number": "4706846"
  },
  {
    "ID Number": "4705840"
  },
  {
    "ID Number": "4705068"
  },
  {
    "ID Number": "4700066"
  },
  {
    "ID Number": "4712412"
  },
  {
    "ID Number": "4700767"
  },
  {
    "ID Number": "4711335"
  },
  {
    "ID Number": "4702085"
  },
  {
    "ID Number": "4707389"
  },
  {
    "ID Number": "4702042"
  },
  {
    "ID Number": "4701682"
  },
  {
    "ID Number": "4700465"
  },
  {
    "ID Number": "4703308"
  },
  {
    "ID Number": "4700333"
  },
  {
    "ID Number": "4702808"
  },
  {
    "ID Number": "4708237"
  },
  {
    "ID Number": "4705092"
  },
  {
    "ID Number": "4703251"
  },
  {
    "ID Number": "4701720"
  },
  {
    "ID Number": "4700970"
  },
  {
    "ID Number": "4701712"
  },
  {
    "ID Number": "4702190"
  },
  {
    "ID Number": "4710959"
  },
  {
    "ID Number": "4701542"
  },
  {
    "ID Number": "4706250"
  },
  {
    "ID Number": "4700864"
  },
  {
    "ID Number": "4707648"
  },
  {
    "ID Number": "4703120"
  },
  {
    "ID Number": "4707923"
  },
  {
    "ID Number": "4704665"
  },
  {
    "ID Number": "4704673"
  },
  {
    "ID Number": "4700163"
  },
  {
    "ID Number": "4701070"
  },
  {
    "ID Number": "4700651"
  },
  {
    "ID Number": "4701739"
  },
  {
    "ID Number": "4704479"
  },
  {
    "ID Number": "4702204"
  },
  {
    "ID Number": "821322"
  },
  {
    "ID Number": "4700198"
  },
  {
    "ID Number": "4700660"
  },
  {
    "ID Number": "4706633"
  },
  {
    "ID Number": "4706650"
  },
  {
    "ID Number": "4703413"
  },
  {
    "ID Number": "4701259"
  },
  {
    "ID Number": "4704703"
  },
  {
    "ID Number": "4702409"
  },
  {
    "ID Number": "4704924"
  },
  {
    "ID Number": "4703421"
  },
  {
    "ID Number": "4707230"
  },
  {
    "ID Number": "4705858"
  },
  {
    "ID Number": "4704223"
  },
  {
    "ID Number": "4701429"
  },
  {
    "ID Number": "4701801"
  },
  {
    "ID Number": "4702417"
  },
  {
    "ID Number": "4701151"
  },
  {
    "ID Number": "4700228"
  },
  {
    "ID Number": "4703650"
  },
  {
    "ID Number": "4700716"
  },
  {
    "ID Number": "4700376"
  },
  {
    "ID Number": "4702450"
  },
  {
    "ID Number": "4703758"
  },
  {
    "ID Number": "4700503"
  },
  {
    "ID Number": "4700686"
  },
  {
    "ID Number": "4705904"
  },
  {
    "ID Number": "4701810"
  },
  {
    "ID Number": "4709268"
  },
  {
    "ID Number": "4704169"
  },
  {
    "ID Number": "4704843"
  },
  {
    "ID Number": "4703227"
  },
  {
    "ID Number": "4700821"
  },
  {
    "ID Number": "4707206"
  },
  {
    "ID Number": "4705432"
  },
  {
    "ID Number": "4706773"
  },
  {
    "ID Number": "4709810"
  },
  {
    "ID Number": "4700236"
  },
  {
    "ID Number": "4700260"
  },
  {
    "ID Number": "4702611"
  },
  {
    "ID Number": "4700937"
  },
  {
    "ID Number": "4700775"
  },
  {
    "ID Number": "4704630"
  },
  {
    "ID Number": "4704622"
  },
  {
    "ID Number": "4700554"
  },
  {
    "ID Number": "4701607"
  },
  {
    "ID Number": "4700694"
  },
  {
    "ID Number": "4710746"
  },
  {
    "ID Number": "4701020"
  },
  {
    "ID Number": "4701402"
  },
  {
    "ID Number": "4709527"
  },
  {
    "ID Number": "4705866"
  },
  {
    "ID Number": "4708032"
  },
  {
    "ID Number": "4702530"
  },
  {
    "ID Number": "4701550"
  },
  {
    "ID Number": "4700490"
  },
  {
    "ID Number": "4704134"
  },
  {
    "ID Number": "4701615"
  },
  {
    "ID Number": "4701100"
  },
  {
    "ID Number": "4700945"
  },
  {
    "ID Number": "4700856"
  },
  {
    "ID Number": "4701321"
  },
  {
    "ID Number": "4704193"
  },
  {
    "ID Number": "4701445"
  },
  {
    "ID Number": "4700147"
  },
  {
    "ID Number": "4710860"
  },
  {
    "ID Number": "4701097"
  },
  {
    "ID Number": "4708377"
  },
  {
    "ID Number": "4706714"
  },
  {
    "ID Number": "4700929"
  },
  {
    "ID Number": "4701275"
  },
  {
    "ID Number": "4704860"
  },
  {
    "ID Number": "4709993"
  },
  {
    "ID Number": "4703898"
  },
  {
    "ID Number": "4702239"
  },
  {
    "ID Number": "4701160"
  },
  {
    "ID Number": "4704207"
  },
  {
    "ID Number": "4700279"
  },
  {
    "ID Number": "4702557"
  },
  {
    "ID Number": "4710061"
  },
  {
    "ID Number": "4704118"
  },
  {
    "ID Number": "4700996"
  },
  {
    "ID Number": "4706803"
  },
  {
    "ID Number": "4700406"
  },
  {
    "ID Number": "4705440"
  },
  {
    "ID Number": "4705637"
  },
  {
    "ID Number": "4704800"
  },
  {
    "ID Number": "4704150"
  },
  {
    "ID Number": "4706196"
  },
  {
    "ID Number": "4703146"
  },
  {
    "ID Number": "4709950"
  },
  {
    "ID Number": "4702255"
  },
  {
    "ID Number": "4700210"
  },
  {
    "ID Number": "4701305"
  },
  {
    "ID Number": "4707613"
  },
  {
    "ID Number": "4704002"
  },
  {
    "ID Number": "4705360"
  },
  {
    "ID Number": "4709705"
  },
  {
    "ID Number": "4708024"
  },
  {
    "ID Number": "4704347"
  },
  {
    "ID Number": "4704517"
  },
  {
    "ID Number": "4708342"
  },
  {
    "ID Number": "4702263"
  },
  {
    "ID Number": "4700457"
  },
  {
    "ID Number": "4703170"
  },
  {
    "ID Number": "4707052"
  },
  {
    "ID Number": "4712420"
  },
  {
    "ID Number": "4702271"
  },
  {
    "ID Number": "4704819"
  },
  {
    "ID Number": "4701844"
  },
  {
    "ID Number": "4702379"
  },
  {
    "ID Number": "4704991"
  },
  {
    "ID Number": "4705220"
  },
  {
    "ID Number": "4703928"
  },
  {
    "ID Number": "4707214"
  },
  {
    "ID Number": "4704657"
  },
  {
    "ID Number": "4706781"
  },
  {
    "ID Number": "4700023"
  },
  {
    "ID Number": "4702166"
  },
  {
    "ID Number": "4702280"
  },
  {
    "ID Number": "4703375"
  },
  {
    "ID Number": "4704185"
  },
  {
    "ID Number": "4703278"
  },
  {
    "ID Number": "4705548"
  },
  {
    "ID Number": "4700783"
  },
  {
    "ID Number": "4703995"
  },
  {
    "ID Number": "4704878"
  },
  {
    "ID Number": "4705149"
  },
  {
    "ID Number": "4700520"
  },
  {
    "ID Number": "4703383"
  },
  {
    "ID Number": "4705378"
  },
  {
    "ID Number": "4704452"
  },
  {
    "ID Number": "4703910"
  },
  {
    "ID Number": "4703855"
  },
  {
    "ID Number": "4702778"
  },
  {
    "ID Number": "4704827"
  },
  {
    "ID Number": "4709721"
  },
  {
    "ID Number": "4705009"
  },
  {
    "ID Number": "4705602"
  },
  {
    "ID Number": "4706994"
  },
  {
    "ID Number": "4703294"
  },
  {
    "ID Number": "4702786"
  },
  {
    "ID Number": "4705556"
  },
  {
    "ID Number": "4706170"
  },
  {
    "ID Number": "4707575"
  },
  {
    "ID Number": "4705416"
  },
  {
    "ID Number": "4700120"
  },
  {
    "ID Number": "4710479"
  },
  {
    "ID Number": "4702581"
  },
  {
    "ID Number": "4707222"
  },
  {
    "ID Number": "4708695"
  },
  {
    "ID Number": "4705564"
  },
  {
    "ID Number": "4701780"
  },
  {
    "ID Number": "4708920"
  },
  {
    "ID Number": "4707966"
  },
  {
    "ID Number": "4702824"
  },
  {
    "ID Number": "4706552"
  },
  {
    "ID Number": "4706889"
  },
  {
    "ID Number": "4700384"
  },
  {
    "ID Number": "4703340"
  },
  {
    "ID Number": "4703332"
  },
  {
    "ID Number": "4701186"
  },
  {
    "ID Number": "4703634"
  },
  {
    "ID Number": "4701879"
  },
  {
    "ID Number": "4702158"
  },
  {
    "ID Number": "4709918"
  },
  {
    "ID Number": "4700600"
  },
  {
    "ID Number": "4700244"
  },
  {
    "ID Number": "4704649"
  },
  {
    "ID Number": "4705459"
  },
  {
    "ID Number": "4700910"
  },
  {
    "ID Number": "4701887"
  },
  {
    "ID Number": "4702573"
  },
  {
    "ID Number": "4702603"
  },
  {
    "ID Number": "4700902"
  },
  {
    "ID Number": "4700252"
  },
  {
    "ID Number": "4700732"
  },
  {
    "ID Number": "4709853"
  },
  {
    "ID Number": "4700015"
  },
  {
    "ID Number": "4704070"
  },
  {
    "ID Number": "4705807"
  },
  {
    "ID Number": "4700589"
  },
  {
    "ID Number": "4709535"
  },
  {
    "ID Number": "4710509"
  },
  {
    "ID Number": "4709691"
  },
  {
    "ID Number": "4703537"
  },
  {
    "ID Number": "4701461"
  },
  {
    "ID Number": "4707133"
  },
  {
    "ID Number": "4707591"
  },
  {
    "ID Number": "4708016"
  },
  {
    "ID Number": "4703804"
  },
  {
    "ID Number": "4703790"
  },
  {
    "ID Number": "4702026"
  },
  {
    "ID Number": "4701003"
  },
  {
    "ID Number": "4707761"
  },
  {
    "ID Number": "4702000"
  },
  {
    "ID Number": "4704851"
  },
  {
    "ID Number": "4701178"
  },
  {
    "ID Number": "4700708"
  },
  {
    "ID Number": "4700880"
  },
  {
    "ID Number": "4700368"
  },
  {
    "ID Number": "4704746"
  },
  {
    "ID Number": "4710134"
  },
  {
    "ID Number": "4700619"
  },
  {
    "ID Number": "4701704"
  },
  {
    "ID Number": "4701895"
  },
  {
    "ID Number": "4703480"
  },
  {
    "ID Number": "4710452"
  },
  {
    "ID Number": "4704126"
  },
  {
    "ID Number": "4705122"
  },
  {
    "ID Number": "4700511"
  },
  {
    "ID Number": "4704789"
  },
  {
    "ID Number": "4704231"
  },
  {
    "ID Number": "4702832"
  },
  {
    "ID Number": "4700287"
  },
  {
    "ID Number": "4700082"
  },
  {
    "ID Number": "4700074"
  },
  {
    "ID Number": "4704371"
  },
  {
    "ID Number": "4702794"
  },
  {
    "ID Number": "303043153"
  },
  {
    "ID Number": "4700171"
  },
  {
    "ID Number": "4705262"
  },
  {
    "ID Number": "4703669"
  },
  {
    "ID Number": "4706340"
  },
  {
    "ID Number": "4701054"
  },
  {
    "ID Number": "4705157"
  },
  {
    "ID Number": "4705831"
  },
  {
    "ID Number": "4700848"
  },
  {
    "ID Number": "4701410"
  },
  {
    "ID Number": "4703499"
  },
  {
    "ID Number": "4705572"
  },
  {
    "ID Number": "4707915"
  },
  {
    "ID Number": "4700031"
  },
  {
    "ID Number": "4701569"
  },
  {
    "ID Number": "4704568"
  },
  {
    "ID Number": "4700597"
  },
  {
    "ID Number": "4700562"
  },
  {
    "ID Number": "4701348"
  },
  {
    "ID Number": "4701224"
  },
  {
    "ID Number": "4704614"
  },
  {
    "ID Number": "4701798"
  },
  {
    "ID Number": "4709748"
  },
  {
    "ID Number": "4700449"
  },
  {
    "ID Number": "4702018"
  },
  {
    "ID Number": "4705874"
  },
  {
    "ID Number": "4702034"
  },
  {
    "ID Number": "4708075"
  },
  {
    "ID Number": "4701399"
  },
  {
    "ID Number": "4701984"
  },
  {
    "ID Number": "4709683"
  },
  {
    "ID Number": "4701585"
  },
  {
    "ID Number": "4708091"
  },
  {
    "ID Number": "4703596"
  },
  {
    "ID Number": "4710495"
  },
  {
    "ID Number": "4702972"
  },
  {
    "ID Number": "4706021"
  },
  {
    "ID Number": "4708334"
  },
  {
    "ID Number": "4704053"
  },
  {
    "ID Number": "4701577"
  },
  {
    "ID Number": "4709446"
  },
  {
    "ID Number": "4706013"
  },
  {
    "ID Number": "4700635"
  },
  {
    "ID Number": "4700040"
  },
  {
    "ID Number": "4701089"
  },
  {
    "ID Number": "4703154"
  },
  {
    "ID Number": "4705599"
  },
  {
    "ID Number": "4702735"
  },
  {
    "ID Number": "4700422"
  },
  {
    "ID Number": "4702352"
  },
  {
    "ID Number": "4701470"
  },
  {
    "ID Number": "4703189"
  },
  {
    "ID Number": "4703502"
  },
  {
    "ID Number": "4706358"
  },
  {
    "ID Number": "4701356"
  },
  {
    "ID Number": "4701496"
  },
  {
    "ID Number": "4701330"
  },
  {
    "ID Number": "4700392"
  },
  {
    "ID Number": "4706080"
  },
  {
    "ID Number": "4701526"
  },
  {
    "ID Number": "4701313"
  },
  {
    "ID Number": "4702549"
  },
  {
    "ID Number": "4704061"
  },
  {
    "ID Number": "4703553"
  },
  {
    "ID Number": "4703529"
  },
  {
    "ID Number": "4700155"
  },
  {
    "ID Number": "4706030"
  },
  {
    "ID Number": "4705114"
  },
  {
    "ID Number": "4701232"
  },
  {
    "ID Number": "4700678"
  },
  {
    "ID Number": "4700104"
  },
  {
    "ID Number": "4700546"
  },
  {
    "ID Number": "4703936"
  },
  {
    "ID Number": "4701062"
  },
  {
    "ID Number": "4700350"
  },
  {
    "ID Number": "4700961"
  },
  {
    "ID Number": "4706609"
  },
  {
    "ID Number": "4702867"
  },
  {
    "ID Number": "4705165"
  },
  {
    "ID Number": "4710665"
  },
  {
    "ID Number": "4707540"
  },
  {
    "ID Number": "4705424"
  }
]