[
  {
    "ID Number": "5605571"
  },
  {
    "ID Number": "5604761"
  },
  {
    "ID Number": "5604940"
  },
  {
    "ID Number": "5604834"
  },
  {
    "ID Number": "5604990"
  },
  {
    "ID Number": "5604427"
  },
  {
    "ID Number": "5602998"
  },
  {
    "ID Number": "5605938"
  },
  {
    "ID Number": "5600383"
  },
  {
    "ID Number": "26042380"
  },
  {
    "ID Number": "5600766"
  },
  {
    "ID Number": "5600138"
  },
  {
    "ID Number": "5601894"
  },
  {
    "ID Number": "5601096"
  },
  {
    "ID Number": "5600740"
  },
  {
    "ID Number": "5601967"
  },
  {
    "ID Number": "5602238"
  },
  {
    "ID Number": "5602220"
  },
  {
    "ID Number": "5605830"
  },
  {
    "ID Number": "5602920"
  },
  {
    "ID Number": "5605784"
  },
  {
    "ID Number": "5603099"
  },
  {
    "ID Number": "5605709"
  },
  {
    "ID Number": "5604737"
  },
  {
    "ID Number": "5601487"
  },
  {
    "ID Number": "5601711"
  },
  {
    "ID Number": "5602980"
  },
  {
    "ID Number": "5605733"
  },
  {
    "ID Number": "5602769"
  },
  {
    "ID Number": "5601657"
  },
  {
    "ID Number": "5605695"
  },
  {
    "ID Number": "5602262"
  },
  {
    "ID Number": "5600502"
  },
  {
    "ID Number": "5603897"
  },
  {
    "ID Number": "5602017"
  },
  {
    "ID Number": "5602351"
  },
  {
    "ID Number": "5604133"
  },
  {
    "ID Number": "5604745"
  },
  {
    "ID Number": "5605121"
  },
  {
    "ID Number": "5601673"
  },
  {
    "ID Number": "5600987"
  },
  {
    "ID Number": "5605903"
  },
  {
    "ID Number": "5600316"
  },
  {
    "ID Number": "5605776"
  },
  {
    "ID Number": "444251"
  },
  {
    "ID Number": "5601061"
  },
  {
    "ID Number": "5603366"
  },
  {
    "ID Number": "5605156"
  },
  {
    "ID Number": "5605210"
  },
  {
    "ID Number": "914207"
  },
  {
    "ID Number": "5603684"
  },
  {
    "ID Number": "5603862"
  },
  {
    "ID Number": "5603390"
  },
  {
    "ID Number": "5604389"
  },
  {
    "ID Number": "5605008"
  },
  {
    "ID Number": "2894942"
  },
  {
    "ID Number": "5601100"
  },
  {
    "ID Number": "5600707"
  },
  {
    "ID Number": "5600898"
  },
  {
    "ID Number": "5604672"
  },
  {
    "ID Number": "5602076"
  },
  {
    "ID Number": "5602173"
  },
  {
    "ID Number": "5602530"
  },
  {
    "ID Number": "5602165"
  },
  {
    "ID Number": "5602149"
  },
  {
    "ID Number": "5602955"
  },
  {
    "ID Number": "5601452"
  },
  {
    "ID Number": "5601819"
  },
  {
    "ID Number": "5602777"
  },
  {
    "ID Number": "5600715"
  },
  {
    "ID Number": "5604680"
  },
  {
    "ID Number": "5604893"
  },
  {
    "ID Number": "5600278"
  },
  {
    "ID Number": "5603315"
  },
  {
    "ID Number": "5603773"
  },
  {
    "ID Number": "5600090"
  },
  {
    "ID Number": "5604915"
  },
  {
    "ID Number": "5600693"
  },
  {
    "ID Number": "5604087"
  },
  {
    "ID Number": "14906546"
  },
  {
    "ID Number": "5604311"
  },
  {
    "ID Number": "5603650"
  },
  {
    "ID Number": "5600596"
  },
  {
    "ID Number": "5602572"
  },
  {
    "ID Number": "5601720"
  },
  {
    "ID Number": "5604753"
  },
  {
    "ID Number": "5602360"
  },
  {
    "ID Number": "5604362"
  },
  {
    "ID Number": "783846"
  },
  {
    "ID Number": "5603412"
  },
  {
    "ID Number": "5600022"
  },
  {
    "ID Number": "5601746"
  },
  {
    "ID Number": "5604982"
  },
  {
    "ID Number": "5603072"
  },
  {
    "ID Number": "5602386"
  },
  {
    "ID Number": "55607900"
  },
  {
    "ID Number": "5602459"
  },
  {
    "ID Number": "5602629"
  },
  {
    "ID Number": "5603463"
  },
  {
    "ID Number": "5601797"
  },
  {
    "ID Number": "5603250"
  },
  {
    "ID Number": "5605652"
  },
  {
    "ID Number": "5603285"
  },
  {
    "ID Number": "5603005"
  },
  {
    "ID Number": "5605032"
  },
  {
    "ID Number": "5602653"
  },
  {
    "ID Number": "5602521"
  },
  {
    "ID Number": "5601878"
  },
  {
    "ID Number": "5604168"
  },
  {
    "ID Number": "5602548"
  },
  {
    "ID Number": "5601983"
  },
  {
    "ID Number": "5604540"
  },
  {
    "ID Number": "727067"
  },
  {
    "ID Number": "5600189"
  },
  {
    "ID Number": "5604206"
  },
  {
    "ID Number": "5601274"
  },
  {
    "ID Number": "5604907"
  },
  {
    "ID Number": "5605555"
  },
  {
    "ID Number": "6363318"
  },
  {
    "ID Number": "5602335"
  },
  {
    "ID Number": "5602327"
  },
  {
    "ID Number": "5602556"
  },
  {
    "ID Number": "5601851"
  },
  {
    "ID Number": "5604931"
  },
  {
    "ID Number": "5600359"
  },
  {
    "ID Number": "5600731"
  },
  {
    "ID Number": "5602130"
  },
  {
    "ID Number": "5601118"
  },
  {
    "ID Number": "5605164"
  },
  {
    "ID Number": "5604109"
  },
  {
    "ID Number": "5600030"
  },
  {
    "ID Number": "5605318"
  },
  {
    "ID Number": "5602564"
  },
  {
    "ID Number": "5603803"
  },
  {
    "ID Number": "5600413"
  },
  {
    "ID Number": "5600405"
  },
  {
    "ID Number": "5601290"
  },
  {
    "ID Number": "5600480"
  },
  {
    "ID Number": "5600200"
  },
  {
    "ID Number": "5602246"
  },
  {
    "ID Number": "5605520"
  },
  {
    "ID Number": "5601215"
  },
  {
    "ID Number": "5603382"
  },
  {
    "ID Number": "5605768"
  },
  {
    "ID Number": "5604702"
  },
  {
    "ID Number": "5604648"
  },
  {
    "ID Number": "1400541"
  },
  {
    "ID Number": "5604850"
  },
  {
    "ID Number": "5602254"
  },
  {
    "ID Number": "5602289"
  },
  {
    "ID Number": "5600391"
  },
  {
    "ID Number": "5604869"
  },
  {
    "ID Number": "919969"
  },
  {
    "ID Number": "5603439"
  },
  {
    "ID Number": "5604478"
  },
  {
    "ID Number": "5605024"
  },
  {
    "ID Number": "5602947"
  },
  {
    "ID Number": "5604486"
  },
  {
    "ID Number": "5600464"
  },
  {
    "ID Number": "5602637"
  },
  {
    "ID Number": "5604885"
  },
  {
    "ID Number": "5400120"
  },
  {
    "ID Number": "5601932"
  },
  {
    "ID Number": "5603544"
  },
  {
    "ID Number": "5600243"
  },
  {
    "ID Number": "5604613"
  },
  {
    "ID Number": "5604281"
  },
  {
    "ID Number": "5603153"
  },
  {
    "ID Number": "5603447"
  },
  {
    "ID Number": "5600545"
  },
  {
    "ID Number": "5604770"
  },
  {
    "ID Number": "5605644"
  },
  {
    "ID Number": "5605440"
  },
  {
    "ID Number": "5603471"
  },
  {
    "ID Number": "5604729"
  },
  {
    "ID Number": "5603080"
  },
  {
    "ID Number": "5600375"
  },
  {
    "ID Number": "5600618"
  }
]