[
  {
    "ID Number": "8415595"
  },
  {
    "ID Number": "8407908"
  },
  {
    "ID Number": "8407584"
  },
  {
    "ID Number": "8409650"
  },
  {
    "ID Number": "8407916"
  },
  {
    "ID Number": "8409374"
  },
  {
    "ID Number": "8402361"
  },
  {
    "ID Number": "8407975"
  },
  {
    "ID Number": "8414319"
  },
  {
    "ID Number": "8414289"
  },
  {
    "ID Number": "8410607"
  },
  {
    "ID Number": "8411360"
  },
  {
    "ID Number": "8413169"
  },
  {
    "ID Number": "8405441"
  },
  {
    "ID Number": "8403066"
  },
  {
    "ID Number": "8415641"
  },
  {
    "ID Number": "8410658"
  },
  {
    "ID Number": "8405077"
  },
  {
    "ID Number": "8415102"
  },
  {
    "ID Number": "8407924"
  },
  {
    "ID Number": "8403180"
  },
  {
    "ID Number": "8409447"
  },
  {
    "ID Number": "8405719"
  },
  {
    "ID Number": "8401977"
  },
  {
    "ID Number": "8406499"
  },
  {
    "ID Number": "8409064"
  },
  {
    "ID Number": "8406197"
  },
  {
    "ID Number": "8408599"
  },
  {
    "ID Number": "8402051"
  },
  {
    "ID Number": "8407460"
  },
  {
    "ID Number": "8413290"
  },
  {
    "ID Number": "8407126"
  },
  {
    "ID Number": "8410291"
  },
  {
    "ID Number": "8410402"
  },
  {
    "ID Number": "8406464"
  },
  {
    "ID Number": "8400970"
  },
  {
    "ID Number": "8402809"
  },
  {
    "ID Number": "8403511"
  },
  {
    "ID Number": "8411107"
  },
  {
    "ID Number": "8400407"
  },
  {
    "ID Number": "8401985"
  },
  {
    "ID Number": "8415030"
  },
  {
    "ID Number": "8414335"
  },
  {
    "ID Number": "8414696"
  },
  {
    "ID Number": "8408327"
  },
  {
    "ID Number": "8408335"
  },
  {
    "ID Number": "8406073"
  },
  {
    "ID Number": "8402388"
  },
  {
    "ID Number": "8405433"
  },
  {
    "ID Number": "8402370"
  },
  {
    "ID Number": "8404844"
  },
  {
    "ID Number": "8410666"
  },
  {
    "ID Number": "8414343"
  },
  {
    "ID Number": "8409552"
  },
  {
    "ID Number": "8406510"
  },
  {
    "ID Number": "8409820"
  },
  {
    "ID Number": "8400598"
  },
  {
    "ID Number": "8400997"
  },
  {
    "ID Number": "8412944"
  },
  {
    "ID Number": "8405166"
  },
  {
    "ID Number": "8404534"
  },
  {
    "ID Number": "8414106"
  },
  {
    "ID Number": "8401683"
  },
  {
    "ID Number": "8402981"
  },
  {
    "ID Number": "8400415"
  },
  {
    "ID Number": "8405956"
  },
  {
    "ID Number": "8401128"
  },
  {
    "ID Number": "8400938"
  },
  {
    "ID Number": "8401004"
  },
  {
    "ID Number": "8409749"
  },
  {
    "ID Number": "8406545"
  },
  {
    "ID Number": "8410828"
  },
  {
    "ID Number": "8403120"
  },
  {
    "ID Number": "8401390"
  },
  {
    "ID Number": "8409501"
  },
  {
    "ID Number": "8406200"
  },
  {
    "ID Number": "8415293"
  },
  {
    "ID Number": "8405085"
  },
  {
    "ID Number": "8408726"
  },
  {
    "ID Number": "8411476"
  },
  {
    "ID Number": "8404925"
  },
  {
    "ID Number": "8406936"
  },
  {
    "ID Number": "8414467"
  },
  {
    "ID Number": "8411271"
  },
  {
    "ID Number": "8401136"
  },
  {
    "ID Number": "8402264"
  },
  {
    "ID Number": "8405964"
  },
  {
    "ID Number": "8409668"
  },
  {
    "ID Number": "8400040"
  },
  {
    "ID Number": "8406154"
  },
  {
    "ID Number": "8407380"
  },
  {
    "ID Number": "8409536"
  },
  {
    "ID Number": "8408645"
  },
  {
    "ID Number": "8402922"
  },
  {
    "ID Number": "8400644"
  },
  {
    "ID Number": "8407657"
  },
  {
    "ID Number": "8406561"
  },
  {
    "ID Number": "8400490"
  },
  {
    "ID Number": "8404984"
  },
  {
    "ID Number": "8413711"
  },
  {
    "ID Number": "8413720"
  },
  {
    "ID Number": "8402086"
  },
  {
    "ID Number": "8401241"
  },
  {
    "ID Number": "8404992"
  },
  {
    "ID Number": "8411689"
  },
  {
    "ID Number": "8405727"
  },
  {
    "ID Number": "8408807"
  },
  {
    "ID Number": "8407940"
  },
  {
    "ID Number": "8413819"
  },
  {
    "ID Number": "8407290"
  },
  {
    "ID Number": "8400121"
  },
  {
    "ID Number": "8400423"
  },
  {
    "ID Number": "8400431"
  },
  {
    "ID Number": "8401705"
  },
  {
    "ID Number": "8401250"
  },
  {
    "ID Number": "8414262"
  },
  {
    "ID Number": "8400946"
  },
  {
    "ID Number": "8402094"
  },
  {
    "ID Number": "8406480"
  },
  {
    "ID Number": "8400300"
  },
  {
    "ID Number": "8409129"
  },
  {
    "ID Number": "8400601"
  },
  {
    "ID Number": "8401667"
  },
  {
    "ID Number": "8400482"
  },
  {
    "ID Number": "8408750"
  },
  {
    "ID Number": "8403074"
  },
  {
    "ID Number": "8401594"
  },
  {
    "ID Number": "8407649"
  },
  {
    "ID Number": "8400741"
  },
  {
    "ID Number": "8402817"
  },
  {
    "ID Number": "8409137"
  },
  {
    "ID Number": "8408920"
  },
  {
    "ID Number": "8406308"
  },
  {
    "ID Number": "8407525"
  },
  {
    "ID Number": "8404860"
  },
  {
    "ID Number": "8409951"
  },
  {
    "ID Number": "8413916"
  },
  {
    "ID Number": "8412960"
  },
  {
    "ID Number": "8406359"
  },
  {
    "ID Number": "8407479"
  },
  {
    "ID Number": "8406219"
  },
  {
    "ID Number": "8415625"
  },
  {
    "ID Number": "8414521"
  },
  {
    "ID Number": "8406022"
  },
  {
    "ID Number": "8401152"
  },
  {
    "ID Number": "8410453"
  },
  {
    "ID Number": "8410550"
  },
  {
    "ID Number": "8401403"
  },
  {
    "ID Number": "8409242"
  },
  {
    "ID Number": "8405174"
  },
  {
    "ID Number": "8400776"
  },
  {
    "ID Number": "8402396"
  },
  {
    "ID Number": "8404372"
  },
  {
    "ID Number": "8403023"
  },
  {
    "ID Number": "8403058"
  },
  {
    "ID Number": "8410763"
  },
  {
    "ID Number": "8404933"
  },
  {
    "ID Number": "8400695"
  },
  {
    "ID Number": "8402892"
  },
  {
    "ID Number": "8405557"
  },
  {
    "ID Number": "8402400"
  },
  {
    "ID Number": "8406723"
  },
  {
    "ID Number": "8401160"
  },
  {
    "ID Number": "8407398"
  },
  {
    "ID Number": "8402426"
  },
  {
    "ID Number": "8400709"
  },
  {
    "ID Number": "8413738"
  },
  {
    "ID Number": "8404763"
  },
  {
    "ID Number": "8407800"
  },
  {
    "ID Number": "8410100"
  },
  {
    "ID Number": "8409897"
  },
  {
    "ID Number": "8408947"
  },
  {
    "ID Number": "8406316"
  },
  {
    "ID Number": "8410046"
  },
  {
    "ID Number": "8402108"
  },
  {
    "ID Number": "8405271"
  },
  {
    "ID Number": "8415307"
  },
  {
    "ID Number": "8406120"
  },
  {
    "ID Number": "8400016"
  },
  {
    "ID Number": "8405743"
  },
  {
    "ID Number": "8405093"
  },
  {
    "ID Number": "8401349"
  },
  {
    "ID Number": "8410054"
  },
  {
    "ID Number": "8411018"
  },
  {
    "ID Number": "8411654"
  },
  {
    "ID Number": "8400172"
  },
  {
    "ID Number": "8401381"
  },
  {
    "ID Number": "8401748"
  },
  {
    "ID Number": "8403449"
  },
  {
    "ID Number": "8400318"
  },
  {
    "ID Number": "8411573"
  },
  {
    "ID Number": "8405620"
  },
  {
    "ID Number": "8408408"
  },
  {
    "ID Number": "8409250"
  },
  {
    "ID Number": "8406812"
  },
  {
    "ID Number": "2212552"
  },
  {
    "ID Number": "8400784"
  },
  {
    "ID Number": "8406600"
  },
  {
    "ID Number": "8412243"
  },
  {
    "ID Number": "8411140"
  },
  {
    "ID Number": "8409633"
  },
  {
    "ID Number": "8407746"
  },
  {
    "ID Number": "8405972"
  },
  {
    "ID Number": "8401810"
  },
  {
    "ID Number": "8408297"
  },
  {
    "ID Number": "8406618"
  },
  {
    "ID Number": "8410461"
  },
  {
    "ID Number": "8407541"
  },
  {
    "ID Number": "8415897"
  },
  {
    "ID Number": "8409773"
  },
  {
    "ID Number": "8406740"
  },
  {
    "ID Number": "8408130"
  },
  {
    "ID Number": "8405468"
  },
  {
    "ID Number": "8402930"
  },
  {
    "ID Number": "8407665"
  },
  {
    "ID Number": "8406235"
  },
  {
    "ID Number": "8411387"
  },
  {
    "ID Number": "8411395"
  },
  {
    "ID Number": "8405760"
  },
  {
    "ID Number": "8409145"
  },
  {
    "ID Number": "8402434"
  },
  {
    "ID Number": "8407355"
  },
  {
    "ID Number": "8400032"
  },
  {
    "ID Number": "8400075"
  },
  {
    "ID Number": "8413894"
  },
  {
    "ID Number": "8406421"
  },
  {
    "ID Number": "8401063"
  },
  {
    "ID Number": "8412642"
  },
  {
    "ID Number": "8408610"
  },
  {
    "ID Number": "8412669"
  },
  {
    "ID Number": "8404291"
  },
  {
    "ID Number": "8403082"
  },
  {
    "ID Number": "8400113"
  },
  {
    "ID Number": "8414505"
  },
  {
    "ID Number": "8401942"
  },
  {
    "ID Number": "8406871"
  },
  {
    "ID Number": "8400806"
  },
  {
    "ID Number": "8404640"
  },
  {
    "ID Number": "8408890"
  },
  {
    "ID Number": "8408815"
  },
  {
    "ID Number": "8409455"
  },
  {
    "ID Number": "8411298"
  },
  {
    "ID Number": "8410216"
  },
  {
    "ID Number": "8400059"
  },
  {
    "ID Number": "8400334"
  },
  {
    "ID Number": "8407410"
  },
  {
    "ID Number": "8405301"
  },
  {
    "ID Number": "8402442"
  },
  {
    "ID Number": "8408459"
  },
  {
    "ID Number": "8403090"
  },
  {
    "ID Number": "8406715"
  },
  {
    "ID Number": "8400512"
  },
  {
    "ID Number": "8407606"
  },
  {
    "ID Number": "8406324"
  },
  {
    "ID Number": "8410836"
  },
  {
    "ID Number": "8405344"
  },
  {
    "ID Number": "8408416"
  },
  {
    "ID Number": "8401489"
  },
  {
    "ID Number": "8400261"
  },
  {
    "ID Number": "8413177"
  },
  {
    "ID Number": "8400814"
  },
  {
    "ID Number": "8400342"
  },
  {
    "ID Number": "8401268"
  },
  {
    "ID Number": "8400822"
  },
  {
    "ID Number": "8404720"
  },
  {
    "ID Number": "8409196"
  },
  {
    "ID Number": "8405115"
  },
  {
    "ID Number": "8404976"
  },
  {
    "ID Number": "8403309"
  },
  {
    "ID Number": "8403554"
  },
  {
    "ID Number": "8405182"
  },
  {
    "ID Number": "8403457"
  },
  {
    "ID Number": "8408440"
  },
  {
    "ID Number": "8406243"
  },
  {
    "ID Number": "8412448"
  },
  {
    "ID Number": "8408424"
  },
  {
    "ID Number": "8412731"
  },
  {
    "ID Number": "8400520"
  },
  {
    "ID Number": "8414238"
  },
  {
    "ID Number": "8408629"
  },
  {
    "ID Number": "8401020"
  },
  {
    "ID Number": "8408696"
  },
  {
    "ID Number": "8411085"
  },
  {
    "ID Number": "8414360"
  },
  {
    "ID Number": "8405980"
  },
  {
    "ID Number": "8410062"
  },
  {
    "ID Number": "8411158"
  },
  {
    "ID Number": "8410135"
  },
  {
    "ID Number": "8400610"
  },
  {
    "ID Number": "8408637"
  },
  {
    "ID Number": "8401411"
  },
  {
    "ID Number": "8400830"
  },
  {
    "ID Number": "8402868"
  },
  {
    "ID Number": "8400555"
  },
  {
    "ID Number": "8405352"
  },
  {
    "ID Number": "8409153"
  },
  {
    "ID Number": "8406650"
  },
  {
    "ID Number": "8400296"
  },
  {
    "ID Number": "8400148"
  },
  {
    "ID Number": "8400849"
  },
  {
    "ID Number": "8413746"
  },
  {
    "ID Number": "8415706"
  },
  {
    "ID Number": "8413185"
  },
  {
    "ID Number": "8408220"
  },
  {
    "ID Number": "8400105"
  },
  {
    "ID Number": "8410569"
  },
  {
    "ID Number": "8406685"
  },
  {
    "ID Number": "8414874"
  },
  {
    "ID Number": "8413932"
  },
  {
    "ID Number": "8414173"
  },
  {
    "ID Number": "8401098"
  },
  {
    "ID Number": "8408238"
  },
  {
    "ID Number": "8411409"
  },
  {
    "ID Number": "8411417"
  },
  {
    "ID Number": "8404577"
  },
  {
    "ID Number": "8411808"
  },
  {
    "ID Number": "8412952"
  },
  {
    "ID Number": "8400857"
  },
  {
    "ID Number": "8410577"
  },
  {
    "ID Number": "8400865"
  },
  {
    "ID Number": "8409919"
  },
  {
    "ID Number": "8400628"
  },
  {
    "ID Number": "8402248"
  },
  {
    "ID Number": "8401950"
  },
  {
    "ID Number": "8405611"
  },
  {
    "ID Number": "8411328"
  },
  {
    "ID Number": "8407827"
  },
  {
    "ID Number": "8405808"
  },
  {
    "ID Number": "8401675"
  },
  {
    "ID Number": "8408262"
  },
  {
    "ID Number": "8404500"
  },
  {
    "ID Number": "8408165"
  },
  {
    "ID Number": "8413754"
  },
  {
    "ID Number": "8400474"
  },
  {
    "ID Number": "8400547"
  },
  {
    "ID Number": "8402167"
  },
  {
    "ID Number": "8401772"
  },
  {
    "ID Number": "8402183"
  },
  {
    "ID Number": "8414475"
  },
  {
    "ID Number": "8400164"
  },
  {
    "ID Number": "8411719"
  },
  {
    "ID Number": "8409439"
  },
  {
    "ID Number": "8400873"
  },
  {
    "ID Number": "8412863"
  },
  {
    "ID Number": "8400067"
  },
  {
    "ID Number": "8406251"
  },
  {
    "ID Number": "8405409"
  },
  {
    "ID Number": "8413940"
  },
  {
    "ID Number": "8400288"
  },
  {
    "ID Number": "8405220"
  },
  {
    "ID Number": "8408483"
  },
  {
    "ID Number": "8408246"
  },
  {
    "ID Number": "8404208"
  },
  {
    "ID Number": "8405999"
  },
  {
    "ID Number": "8410674"
  },
  {
    "ID Number": "8404798"
  },
  {
    "ID Number": "8407010"
  },
  {
    "ID Number": "8408068"
  },
  {
    "ID Number": "8413061"
  },
  {
    "ID Number": "8409269"
  },
  {
    "ID Number": "8411670"
  },
  {
    "ID Number": "8409030"
  },
  {
    "ID Number": "8410844"
  },
  {
    "ID Number": "8410364"
  },
  {
    "ID Number": "8408939"
  },
  {
    "ID Number": "8407215"
  },
  {
    "ID Number": "8414181"
  },
  {
    "ID Number": "8405646"
  },
  {
    "ID Number": "8412839"
  },
  {
    "ID Number": "8410852"
  },
  {
    "ID Number": "8408823"
  },
  {
    "ID Number": "8414645"
  },
  {
    "ID Number": "8412723"
  },
  {
    "ID Number": "8410259"
  },
  {
    "ID Number": "8402337"
  },
  {
    "ID Number": "8415862"
  },
  {
    "ID Number": "8409692"
  },
  {
    "ID Number": "8412618"
  },
  {
    "ID Number": "8412600"
  },
  {
    "ID Number": "8400377"
  },
  {
    "ID Number": "8402973"
  },
  {
    "ID Number": "8414394"
  },
  {
    "ID Number": "8400881"
  },
  {
    "ID Number": "8411700"
  },
  {
    "ID Number": "8409307"
  },
  {
    "ID Number": "8401861"
  },
  {
    "ID Number": "8403473"
  },
  {
    "ID Number": "8405123"
  },
  {
    "ID Number": "8413886"
  },
  {
    "ID Number": "8400385"
  },
  {
    "ID Number": "8403481"
  },
  {
    "ID Number": "8401284"
  },
  {
    "ID Number": "8406693"
  },
  {
    "ID Number": "8413789"
  },
  {
    "ID Number": "8410267"
  },
  {
    "ID Number": "8411646"
  },
  {
    "ID Number": "8405212"
  },
  {
    "ID Number": "8406332"
  },
  {
    "ID Number": "8401829"
  },
  {
    "ID Number": "8409048"
  },
  {
    "ID Number": "8415005"
  },
  {
    "ID Number": "8410372"
  },
  {
    "ID Number": "8405875"
  },
  {
    "ID Number": "8407894"
  },
  {
    "ID Number": "8400369"
  },
  {
    "ID Number": "8406340"
  },
  {
    "ID Number": "8404585"
  },
  {
    "ID Number": "8404020"
  },
  {
    "ID Number": "8415480"
  },
  {
    "ID Number": "8405328"
  },
  {
    "ID Number": "8402027"
  },
  {
    "ID Number": "8401179"
  },
  {
    "ID Number": "8405948"
  },
  {
    "ID Number": "8414750"
  },
  {
    "ID Number": "8404895"
  },
  {
    "ID Number": "8402485"
  },
  {
    "ID Number": "8401500"
  },
  {
    "ID Number": "8404950"
  },
  {
    "ID Number": "8401420"
  },
  {
    "ID Number": "8400393"
  },
  {
    "ID Number": "8406774"
  },
  {
    "ID Number": "8409277"
  },
  {
    "ID Number": "8406260"
  },
  {
    "ID Number": "8409935"
  },
  {
    "ID Number": "8402965"
  },
  {
    "ID Number": "8409226"
  },
  {
    "ID Number": "8411093"
  },
  {
    "ID Number": "8405379"
  },
  {
    "ID Number": "8410283"
  },
  {
    "ID Number": "8408432"
  },
  {
    "ID Number": "8405689"
  },
  {
    "ID Number": "8410160"
  },
  {
    "ID Number": "8413860"
  },
  {
    "ID Number": "8401187"
  },
  {
    "ID Number": "8403031"
  },
  {
    "ID Number": "8400440"
  },
  {
    "ID Number": "8414971"
  },
  {
    "ID Number": "8405565"
  },
  {
    "ID Number": "8405573"
  },
  {
    "ID Number": "8406006"
  },
  {
    "ID Number": "8406847"
  },
  {
    "ID Number": "8413797"
  },
  {
    "ID Number": "8402230"
  },
  {
    "ID Number": "8404232"
  },
  {
    "ID Number": "8406707"
  },
  {
    "ID Number": "8405387"
  },
  {
    "ID Number": "8400504"
  },
  {
    "ID Number": "8405204"
  },
  {
    "ID Number": "8411425"
  },
  {
    "ID Number": "8406766"
  },
  {
    "ID Number": "8415609"
  },
  {
    "ID Number": "8406278"
  },
  {
    "ID Number": "8405360"
  },
  {
    "ID Number": "8400253"
  },
  {
    "ID Number": "8400458"
  },
  {
    "ID Number": "8409943"
  },
  {
    "ID Number": "8406405"
  },
  {
    "ID Number": "8401110"
  },
  {
    "ID Number": "8400920"
  },
  {
    "ID Number": "8410860"
  },
  {
    "ID Number": "8409056"
  },
  {
    "ID Number": "8415153"
  },
  {
    "ID Number": "8409285"
  },
  {
    "ID Number": "8403040"
  },
  {
    "ID Number": "8403015"
  },
  {
    "ID Number": "8407762"
  },
  {
    "ID Number": "8403171"
  },
  {
    "ID Number": "8402833"
  },
  {
    "ID Number": "8406472"
  },
  {
    "ID Number": "8400024"
  },
  {
    "ID Number": "8405239"
  },
  {
    "ID Number": "8411840"
  },
  {
    "ID Number": "8411859"
  },
  {
    "ID Number": "8407100"
  },
  {
    "ID Number": "8410780"
  },
  {
    "ID Number": "8402132"
  },
  {
    "ID Number": "8410593"
  },
  {
    "ID Number": "8405069"
  },
  {
    "ID Number": "8414904"
  },
  {
    "ID Number": "8400083"
  },
  {
    "ID Number": "8415900"
  },
  {
    "ID Number": "8413215"
  },
  {
    "ID Number": "8400091"
  },
  {
    "ID Number": "8409021"
  },
  {
    "ID Number": "8407738"
  },
  {
    "ID Number": "8405697"
  },
  {
    "ID Number": "8409978"
  },
  {
    "ID Number": "8406367"
  },
  {
    "ID Number": "8415846"
  },
  {
    "ID Number": "8400911"
  },
  {
    "ID Number": "8407576"
  }
]