[
  {
    "ID Number": "10810781"
  },
  {
    "ID Number": "10815244"
  },
  {
    "ID Number": "10816496"
  },
  {
    "ID Number": "10819495"
  },
  {
    "ID Number": "10820752"
  },
  {
    "ID Number": "10814892"
  },
  {
    "ID Number": "10812148"
  },
  {
    "ID Number": "10816020"
  },
  {
    "ID Number": "10801634"
  },
  {
    "ID Number": "554001358"
  },
  {
    "ID Number": "10832459"
  },
  {
    "ID Number": "10839321"
  },
  {
    "ID Number": "10828109"
  },
  {
    "ID Number": "10811869"
  },
  {
    "ID Number": "10802061"
  },
  {
    "ID Number": "10895388"
  },
  {
    "ID Number": "10803122"
  },
  {
    "ID Number": "10831738"
  },
  {
    "ID Number": "10802444"
  },
  {
    "ID Number": "10811451"
  },
  {
    "ID Number": "10803670"
  },
  {
    "ID Number": "10811427"
  },
  {
    "ID Number": "10801502"
  },
  {
    "ID Number": "10800107"
  },
  {
    "ID Number": "10805915"
  },
  {
    "ID Number": "10833382"
  },
  {
    "ID Number": "10828354"
  },
  {
    "ID Number": "10827986"
  },
  {
    "ID Number": "10894411"
  },
  {
    "ID Number": "14318024"
  },
  {
    "ID Number": "10827749"
  },
  {
    "ID Number": "10800565"
  },
  {
    "ID Number": "10827226"
  },
  {
    "ID Number": "10862439"
  },
  {
    "ID Number": "10800131"
  },
  {
    "ID Number": "10839682"
  },
  {
    "ID Number": "10800816"
  },
  {
    "ID Number": "10807055"
  },
  {
    "ID Number": "10828818"
  },
  {
    "ID Number": "10839330"
  },
  {
    "ID Number": "10841792"
  },
  {
    "ID Number": "10840966"
  },
  {
    "ID Number": "10843760"
  },
  {
    "ID Number": "10826742"
  },
  {
    "ID Number": "10818316"
  },
  {
    "ID Number": "10816062"
  },
  {
    "ID Number": "10823859"
  },
  {
    "ID Number": "10800573"
  },
  {
    "ID Number": "10811532"
  },
  {
    "ID Number": "10818677"
  },
  {
    "ID Number": "10802711"
  },
  {
    "ID Number": "10832637"
  },
  {
    "ID Number": "10818383"
  },
  {
    "ID Number": "10809759"
  },
  {
    "ID Number": "10829563"
  },
  {
    "ID Number": "10811877"
  },
  {
    "ID Number": "10834605"
  },
  {
    "ID Number": "10806830"
  },
  {
    "ID Number": "10813810"
  },
  {
    "ID Number": "10811214"
  },
  {
    "ID Number": "10817522"
  },
  {
    "ID Number": "10841709"
  },
  {
    "ID Number": "10827471"
  },
  {
    "ID Number": "10841261"
  },
  {
    "ID Number": "10827587"
  },
  {
    "ID Number": "10829326"
  },
  {
    "ID Number": "10802339"
  },
  {
    "ID Number": "10823875"
  },
  {
    "ID Number": "10809457"
  },
  {
    "ID Number": "10830987"
  },
  {
    "ID Number": "10809198"
  },
  {
    "ID Number": "10830618"
  },
  {
    "ID Number": "10808108"
  },
  {
    "ID Number": "10895418"
  },
  {
    "ID Number": "10811192"
  },
  {
    "ID Number": "10811184"
  },
  {
    "ID Number": "10807799"
  },
  {
    "ID Number": "10835059"
  },
  {
    "ID Number": "10800964"
  },
  {
    "ID Number": "10800972"
  },
  {
    "ID Number": "10813284"
  },
  {
    "ID Number": "10893776"
  },
  {
    "ID Number": "10811559"
  },
  {
    "ID Number": "10818405"
  },
  {
    "ID Number": "10844325"
  },
  {
    "ID Number": "10802940"
  },
  {
    "ID Number": "10894454"
  },
  {
    "ID Number": "10803009"
  },
  {
    "ID Number": "10822755"
  },
  {
    "ID Number": "10821074"
  },
  {
    "ID Number": "10812512"
  },
  {
    "ID Number": "10820914"
  },
  {
    "ID Number": "10887237"
  },
  {
    "ID Number": "10817085"
  },
  {
    "ID Number": "10894497"
  },
  {
    "ID Number": "10815228"
  },
  {
    "ID Number": "10846255"
  },
  {
    "ID Number": "10809813"
  },
  {
    "ID Number": "10813640"
  },
  {
    "ID Number": "10819460"
  },
  {
    "ID Number": "10824065"
  },
  {
    "ID Number": "10840230"
  },
  {
    "ID Number": "10835822"
  },
  {
    "ID Number": "10815503"
  },
  {
    "ID Number": "10808523"
  },
  {
    "ID Number": "10807764"
  },
  {
    "ID Number": "10806504"
  },
  {
    "ID Number": "10825606"
  },
  {
    "ID Number": "10806989"
  },
  {
    "ID Number": "2004348"
  },
  {
    "ID Number": "10811176"
  },
  {
    "ID Number": "10821554"
  },
  {
    "ID Number": "10820302"
  },
  {
    "ID Number": "10809376"
  },
  {
    "ID Number": "10826874"
  },
  {
    "ID Number": "10800999"
  },
  {
    "ID Number": "10805397"
  },
  {
    "ID Number": "10805389"
  },
  {
    "ID Number": "10801626"
  },
  {
    "ID Number": "10811605"
  },
  {
    "ID Number": "10803637"
  },
  {
    "ID Number": "10818669"
  },
  {
    "ID Number": "10808396"
  },
  {
    "ID Number": "10803998"
  },
  {
    "ID Number": "10830820"
  },
  {
    "ID Number": "10823883"
  },
  {
    "ID Number": "10801006"
  },
  {
    "ID Number": "10803491"
  },
  {
    "ID Number": "10806601"
  },
  {
    "ID Number": "10815406"
  },
  {
    "ID Number": "10897763"
  },
  {
    "ID Number": "10812199"
  },
  {
    "ID Number": "10824596"
  },
  {
    "ID Number": "10820841"
  },
  {
    "ID Number": "10813020"
  },
  {
    "ID Number": "10841547"
  },
  {
    "ID Number": "10834311"
  },
  {
    "ID Number": "10853669"
  },
  {
    "ID Number": "10801073"
  },
  {
    "ID Number": "10845666"
  },
  {
    "ID Number": "10813659"
  },
  {
    "ID Number": "10813381"
  },
  {
    "ID Number": "10819649"
  },
  {
    "ID Number": "10819630"
  },
  {
    "ID Number": "10856366"
  },
  {
    "ID Number": "10805990"
  },
  {
    "ID Number": "554004691"
  },
  {
    "ID Number": "10813446"
  },
  {
    "ID Number": "10840214"
  },
  {
    "ID Number": "10892559"
  },
  {
    "ID Number": "10802983"
  },
  {
    "ID Number": "10800794"
  },
  {
    "ID Number": "10827790"
  },
  {
    "ID Number": "10806075"
  },
  {
    "ID Number": "10831045"
  },
  {
    "ID Number": "10849025"
  },
  {
    "ID Number": "10813985"
  },
  {
    "ID Number": "10813934"
  },
  {
    "ID Number": "10800190"
  },
  {
    "ID Number": "10814418"
  },
  {
    "ID Number": "10808957"
  },
  {
    "ID Number": "10841466"
  },
  {
    "ID Number": "10814531"
  },
  {
    "ID Number": "10820701"
  },
  {
    "ID Number": "10802541"
  },
  {
    "ID Number": "10814582"
  },
  {
    "ID Number": "10814507"
  },
  {
    "ID Number": "10803289"
  },
  {
    "ID Number": "10826890"
  },
  {
    "ID Number": "10827277"
  },
  {
    "ID Number": "10890726"
  },
  {
    "ID Number": "10831800"
  },
  {
    "ID Number": "10818707"
  },
  {
    "ID Number": "10808426"
  },
  {
    "ID Number": "10824545"
  },
  {
    "ID Number": "10831525"
  },
  {
    "ID Number": "10841750"
  },
  {
    "ID Number": "10800255"
  },
  {
    "ID Number": "10837736"
  },
  {
    "ID Number": "10835750"
  },
  {
    "ID Number": "10806865"
  },
  {
    "ID Number": "10828265"
  },
  {
    "ID Number": "10839038"
  },
  {
    "ID Number": "10831940"
  },
  {
    "ID Number": "10800891"
  },
  {
    "ID Number": "10800875"
  },
  {
    "ID Number": "10831622"
  },
  {
    "ID Number": "10819282"
  },
  {
    "ID Number": "10820485"
  },
  {
    "ID Number": "10810790"
  },
  {
    "ID Number": "10811885"
  },
  {
    "ID Number": "10811354"
  },
  {
    "ID Number": "10815058"
  },
  {
    "ID Number": "10823832"
  },
  {
    "ID Number": "10819916"
  },
  {
    "ID Number": "10844350"
  },
  {
    "ID Number": "10826769"
  },
  {
    "ID Number": "10847960"
  },
  {
    "ID Number": "10847979"
  },
  {
    "ID Number": "10804820"
  },
  {
    "ID Number": "10804900"
  },
  {
    "ID Number": "10899057"
  },
  {
    "ID Number": "10827340"
  },
  {
    "ID Number": "10804544"
  },
  {
    "ID Number": "10801405"
  },
  {
    "ID Number": "10827811"
  },
  {
    "ID Number": "10893148"
  },
  {
    "ID Number": "10896210"
  },
  {
    "ID Number": "10819800"
  },
  {
    "ID Number": "10830707"
  },
  {
    "ID Number": "10816810"
  },
  {
    "ID Number": "10807012"
  },
  {
    "ID Number": "10810773"
  },
  {
    "ID Number": "10827374"
  },
  {
    "ID Number": "10819380"
  },
  {
    "ID Number": "10809244"
  },
  {
    "ID Number": "10809287"
  },
  {
    "ID Number": "10814868"
  },
  {
    "ID Number": "10808019"
  },
  {
    "ID Number": "10807497"
  },
  {
    "ID Number": "10817301"
  },
  {
    "ID Number": "10843868"
  },
  {
    "ID Number": "10803734"
  },
  {
    "ID Number": "10833196"
  },
  {
    "ID Number": "10817506"
  },
  {
    "ID Number": "10811443"
  },
  {
    "ID Number": "10823727"
  },
  {
    "ID Number": "10823557"
  },
  {
    "ID Number": "10837981"
  },
  {
    "ID Number": "10835334"
  },
  {
    "ID Number": "10802142"
  },
  {
    "ID Number": "10802240"
  },
  {
    "ID Number": "10811060"
  },
  {
    "ID Number": "10844333"
  },
  {
    "ID Number": "10893849"
  },
  {
    "ID Number": "10811400"
  },
  {
    "ID Number": "10820035"
  },
  {
    "ID Number": "10815082"
  },
  {
    "ID Number": "10808620"
  },
  {
    "ID Number": "10840940"
  },
  {
    "ID Number": "10819770"
  },
  {
    "ID Number": "10820230"
  },
  {
    "ID Number": "10829725"
  },
  {
    "ID Number": "10831533"
  },
  {
    "ID Number": "10831053"
  },
  {
    "ID Number": "10802436"
  },
  {
    "ID Number": "10819681"
  },
  {
    "ID Number": "10802568"
  },
  {
    "ID Number": "10844503"
  },
  {
    "ID Number": "10812849"
  },
  {
    "ID Number": "10832700"
  },
  {
    "ID Number": "10809015"
  },
  {
    "ID Number": "10809627"
  },
  {
    "ID Number": "10825770"
  },
  {
    "ID Number": "10803319"
  },
  {
    "ID Number": "10801529"
  },
  {
    "ID Number": "10801766"
  },
  {
    "ID Number": "10802746"
  },
  {
    "ID Number": "10805540"
  },
  {
    "ID Number": "10827129"
  },
  {
    "ID Number": "10818340"
  },
  {
    "ID Number": "10817972"
  },
  {
    "ID Number": "10815589"
  },
  {
    "ID Number": "10814949"
  },
  {
    "ID Number": "10813853"
  },
  {
    "ID Number": "10800166"
  },
  {
    "ID Number": "10805680"
  },
  {
    "ID Number": "10826912"
  },
  {
    "ID Number": "10838899"
  },
  {
    "ID Number": "10802096"
  },
  {
    "ID Number": "10826920"
  },
  {
    "ID Number": "10815953"
  },
  {
    "ID Number": "10818715"
  },
  {
    "ID Number": "10843906"
  },
  {
    "ID Number": "10811125"
  },
  {
    "ID Number": "10841563"
  },
  {
    "ID Number": "10819452"
  },
  {
    "ID Number": "10827269"
  },
  {
    "ID Number": "10811036"
  },
  {
    "ID Number": "10831029"
  },
  {
    "ID Number": "10818723"
  },
  {
    "ID Number": "10820175"
  },
  {
    "ID Number": "10833340"
  },
  {
    "ID Number": "10843914"
  },
  {
    "ID Number": "10823930"
  },
  {
    "ID Number": "10821180"
  },
  {
    "ID Number": "10809163"
  },
  {
    "ID Number": "10815708"
  },
  {
    "ID Number": "10835253"
  },
  {
    "ID Number": "10826939"
  },
  {
    "ID Number": "10826564"
  },
  {
    "ID Number": "10810129"
  },
  {
    "ID Number": "10896260"
  },
  {
    "ID Number": "10809236"
  },
  {
    "ID Number": "10808841"
  },
  {
    "ID Number": "10806318"
  },
  {
    "ID Number": "10832939"
  },
  {
    "ID Number": "10808540"
  },
  {
    "ID Number": "10804714"
  },
  {
    "ID Number": "10847693"
  },
  {
    "ID Number": "10806873"
  },
  {
    "ID Number": "10800026"
  },
  {
    "ID Number": "10808388"
  },
  {
    "ID Number": "10823743"
  },
  {
    "ID Number": "10812520"
  },
  {
    "ID Number": "10803769"
  },
  {
    "ID Number": "10802606"
  },
  {
    "ID Number": "10809090"
  },
  {
    "ID Number": "10871063"
  },
  {
    "ID Number": "10822364"
  },
  {
    "ID Number": "10801758"
  },
  {
    "ID Number": "10803262"
  },
  {
    "ID Number": "10831703"
  },
  {
    "ID Number": "10809023"
  },
  {
    "ID Number": "10802401"
  },
  {
    "ID Number": "10810803"
  },
  {
    "ID Number": "10809546"
  },
  {
    "ID Number": "10839062"
  },
  {
    "ID Number": "10836012"
  },
  {
    "ID Number": "10816224"
  },
  {
    "ID Number": "10835040"
  },
  {
    "ID Number": "10808159"
  },
  {
    "ID Number": "10801570"
  },
  {
    "ID Number": "10811680"
  },
  {
    "ID Number": "10843612"
  },
  {
    "ID Number": "10832149"
  },
  {
    "ID Number": "10828664"
  },
  {
    "ID Number": "10818448"
  },
  {
    "ID Number": "10818456"
  },
  {
    "ID Number": "10811460"
  },
  {
    "ID Number": "10800034"
  },
  {
    "ID Number": "10800867"
  },
  {
    "ID Number": "10802576"
  },
  {
    "ID Number": "10831347"
  },
  {
    "ID Number": "10801685"
  },
  {
    "ID Number": "10842357"
  },
  {
    "ID Number": "10826955"
  },
  {
    "ID Number": "10806164"
  },
  {
    "ID Number": "10815023"
  },
  {
    "ID Number": "10802487"
  },
  {
    "ID Number": "10839402"
  },
  {
    "ID Number": "10896252"
  },
  {
    "ID Number": "10817492"
  },
  {
    "ID Number": "10807519"
  },
  {
    "ID Number": "10810676"
  },
  {
    "ID Number": "10817336"
  },
  {
    "ID Number": "10837000"
  },
  {
    "ID Number": "10827927"
  },
  {
    "ID Number": "10827420"
  },
  {
    "ID Number": "10809651"
  },
  {
    "ID Number": "10822550"
  },
  {
    "ID Number": "10806210"
  },
  {
    "ID Number": "10839410"
  },
  {
    "ID Number": "10827030"
  },
  {
    "ID Number": "10830561"
  },
  {
    "ID Number": "10806725"
  },
  {
    "ID Number": "10838457"
  },
  {
    "ID Number": "10814922"
  },
  {
    "ID Number": "10822305"
  },
  {
    "ID Number": "10816593"
  },
  {
    "ID Number": "10830758"
  },
  {
    "ID Number": "10832785"
  },
  {
    "ID Number": "10829474"
  },
  {
    "ID Number": "10843949"
  },
  {
    "ID Number": "10843957"
  },
  {
    "ID Number": "10814566"
  },
  {
    "ID Number": "10812091"
  },
  {
    "ID Number": "10844384"
  },
  {
    "ID Number": "10830979"
  },
  {
    "ID Number": "10805796"
  },
  {
    "ID Number": "554003725"
  },
  {
    "ID Number": "10837582"
  },
  {
    "ID Number": "10841717"
  },
  {
    "ID Number": "10827722"
  },
  {
    "ID Number": "10833145"
  },
  {
    "ID Number": "10815422"
  },
  {
    "ID Number": "10827854"
  },
  {
    "ID Number": "10827978"
  },
  {
    "ID Number": "10807667"
  },
  {
    "ID Number": "10808930"
  },
  {
    "ID Number": "10802347"
  },
  {
    "ID Number": "10808698"
  },
  {
    "ID Number": "10821392"
  },
  {
    "ID Number": "10812679"
  },
  {
    "ID Number": "10811257"
  },
  {
    "ID Number": "10841571"
  },
  {
    "ID Number": "10833625"
  },
  {
    "ID Number": "10835792"
  },
  {
    "ID Number": "10820078"
  },
  {
    "ID Number": "10832734"
  },
  {
    "ID Number": "10814965"
  },
  {
    "ID Number": "10823948"
  },
  {
    "ID Number": "10802274"
  },
  {
    "ID Number": "10812776"
  },
  {
    "ID Number": "10819436"
  },
  {
    "ID Number": "10800263"
  },
  {
    "ID Number": "10843981"
  },
  {
    "ID Number": "10805419"
  },
  {
    "ID Number": "10801731"
  },
  {
    "ID Number": "10801774"
  },
  {
    "ID Number": "10823646"
  },
  {
    "ID Number": "10841580"
  },
  {
    "ID Number": "10822585"
  },
  {
    "ID Number": "10802886"
  },
  {
    "ID Number": "10841598"
  },
  {
    "ID Number": "10801863"
  },
  {
    "ID Number": "10823158"
  },
  {
    "ID Number": "10808264"
  },
  {
    "ID Number": "10835113"
  },
  {
    "ID Number": "10820507"
  },
  {
    "ID Number": "10896201"
  },
  {
    "ID Number": "10837744"
  },
  {
    "ID Number": "10802088"
  },
  {
    "ID Number": "10820531"
  },
  {
    "ID Number": "10819444"
  },
  {
    "ID Number": "10812695"
  },
  {
    "ID Number": "10808973"
  },
  {
    "ID Number": "10802797"
  },
  {
    "ID Number": "10813756"
  },
  {
    "ID Number": "10822496"
  },
  {
    "ID Number": "10831312"
  },
  {
    "ID Number": "10810994"
  },
  {
    "ID Number": "10832696"
  },
  {
    "ID Number": "10813330"
  },
  {
    "ID Number": "10804919"
  },
  {
    "ID Number": "10815724"
  },
  {
    "ID Number": "10827862"
  },
  {
    "ID Number": "10827048"
  },
  {
    "ID Number": "10807853"
  },
  {
    "ID Number": "10843361"
  },
  {
    "ID Number": "10844430"
  },
  {
    "ID Number": "10823611"
  },
  {
    "ID Number": "10834427"
  },
  {
    "ID Number": "10842942"
  },
  {
    "ID Number": "10811320"
  },
  {
    "ID Number": "10803572"
  },
  {
    "ID Number": "10801952"
  },
  {
    "ID Number": "10839623"
  },
  {
    "ID Number": "10816127"
  },
  {
    "ID Number": "10812750"
  },
  {
    "ID Number": "10842896"
  },
  {
    "ID Number": "10842454"
  },
  {
    "ID Number": "403903"
  },
  {
    "ID Number": "10808353"
  },
  {
    "ID Number": "10810730"
  },
  {
    "ID Number": "10806709"
  },
  {
    "ID Number": "10828206"
  },
  {
    "ID Number": "10802720"
  },
  {
    "ID Number": "10821015"
  },
  {
    "ID Number": "10822275"
  },
  {
    "ID Number": "10833986"
  },
  {
    "ID Number": "10800492"
  },
  {
    "ID Number": "10803882"
  },
  {
    "ID Number": "10839461"
  },
  {
    "ID Number": "10810986"
  },
  {
    "ID Number": "10814981"
  },
  {
    "ID Number": "10831509"
  },
  {
    "ID Number": "10820787"
  },
  {
    "ID Number": "10843299"
  },
  {
    "ID Number": "10832815"
  },
  {
    "ID Number": "10849220"
  },
  {
    "ID Number": "10844406"
  },
  {
    "ID Number": "10826572"
  },
  {
    "ID Number": "10802053"
  },
  {
    "ID Number": "10827773"
  },
  {
    "ID Number": "10827102"
  },
  {
    "ID Number": "10806016"
  },
  {
    "ID Number": "10809430"
  },
  {
    "ID Number": "10800549"
  },
  {
    "ID Number": "10839968"
  },
  {
    "ID Number": "10827889"
  },
  {
    "ID Number": "10801251"
  },
  {
    "ID Number": "10808655"
  },
  {
    "ID Number": "10826971"
  },
  {
    "ID Number": "10813420"
  },
  {
    "ID Number": "10807438"
  },
  {
    "ID Number": "10844058"
  },
  {
    "ID Number": "10814078"
  },
  {
    "ID Number": "10828362"
  },
  {
    "ID Number": "10836586"
  },
  {
    "ID Number": "10814647"
  },
  {
    "ID Number": "10815600"
  },
  {
    "ID Number": "10823697"
  },
  {
    "ID Number": "10829504"
  },
  {
    "ID Number": "10808809"
  },
  {
    "ID Number": "10803408"
  },
  {
    "ID Number": "10806121"
  },
  {
    "ID Number": "10839569"
  },
  {
    "ID Number": "10849246"
  },
  {
    "ID Number": "10826980"
  },
  {
    "ID Number": "10843620"
  },
  {
    "ID Number": "10823425"
  },
  {
    "ID Number": "10841741"
  },
  {
    "ID Number": "10801871"
  },
  {
    "ID Number": "10802258"
  },
  {
    "ID Number": "10806342"
  },
  {
    "ID Number": "10810935"
  },
  {
    "ID Number": "10833870"
  },
  {
    "ID Number": "10802169"
  },
  {
    "ID Number": "10844074"
  },
  {
    "ID Number": "10805214"
  },
  {
    "ID Number": "10831320"
  },
  {
    "ID Number": "10804218"
  },
  {
    "ID Number": "10811613"
  },
  {
    "ID Number": "10808191"
  },
  {
    "ID Number": "10806032"
  },
  {
    "ID Number": "10805745"
  },
  {
    "ID Number": "10821872"
  },
  {
    "ID Number": "10815848"
  },
  {
    "ID Number": "10810722"
  },
  {
    "ID Number": "10816097"
  },
  {
    "ID Number": "10829180"
  },
  {
    "ID Number": "10802320"
  },
  {
    "ID Number": "10835946"
  },
  {
    "ID Number": "10827005"
  },
  {
    "ID Number": "10802134"
  },
  {
    "ID Number": "10802851"
  },
  {
    "ID Number": "10826858"
  },
  {
    "ID Number": "10840788"
  },
  {
    "ID Number": "10802614"
  },
  {
    "ID Number": "10817484"
  },
  {
    "ID Number": "10813489"
  },
  {
    "ID Number": "10830332"
  },
  {
    "ID Number": "10822631"
  },
  {
    "ID Number": "10800743"
  },
  {
    "ID Number": "10833064"
  },
  {
    "ID Number": "10801146"
  },
  {
    "ID Number": "10803661"
  },
  {
    "ID Number": "10808361"
  },
  {
    "ID Number": "10832505"
  },
  {
    "ID Number": "10804285"
  },
  {
    "ID Number": "10824421"
  },
  {
    "ID Number": "10897801"
  },
  {
    "ID Number": "10802207"
  },
  {
    "ID Number": "10814990"
  },
  {
    "ID Number": "10827900"
  },
  {
    "ID Number": "10819940"
  },
  {
    "ID Number": "10814850"
  },
  {
    "ID Number": "10806172"
  },
  {
    "ID Number": "10844104"
  },
  {
    "ID Number": "10805087"
  },
  {
    "ID Number": "10805095"
  },
  {
    "ID Number": "10810170"
  },
  {
    "ID Number": "10802185"
  },
  {
    "ID Number": "10809074"
  },
  {
    "ID Number": "10813063"
  },
  {
    "ID Number": "10832599"
  },
  {
    "ID Number": "10838660"
  },
  {
    "ID Number": "10836152"
  },
  {
    "ID Number": "10811478"
  },
  {
    "ID Number": "10839100"
  },
  {
    "ID Number": "10818286"
  },
  {
    "ID Number": "10801049"
  },
  {
    "ID Number": "10801022"
  },
  {
    "ID Number": "10809325"
  },
  {
    "ID Number": "10828672"
  },
  {
    "ID Number": "10810471"
  },
  {
    "ID Number": "10810480"
  },
  {
    "ID Number": "10810498"
  },
  {
    "ID Number": "10801057"
  },
  {
    "ID Number": "10809210"
  },
  {
    "ID Number": "10800387"
  },
  {
    "ID Number": "10817905"
  },
  {
    "ID Number": "10813241"
  },
  {
    "ID Number": "10808094"
  },
  {
    "ID Number": "10810870"
  },
  {
    "ID Number": "10833609"
  },
  {
    "ID Number": "10824715"
  },
  {
    "ID Number": "10892389"
  },
  {
    "ID Number": "10808469"
  },
  {
    "ID Number": "10828583"
  },
  {
    "ID Number": "10844112"
  },
  {
    "ID Number": "10808868"
  },
  {
    "ID Number": "10833277"
  },
  {
    "ID Number": "10833307"
  },
  {
    "ID Number": "10803700"
  },
  {
    "ID Number": "10800824"
  },
  {
    "ID Number": "10842810"
  },
  {
    "ID Number": "10824014"
  },
  {
    "ID Number": "10815627"
  },
  {
    "ID Number": "10803696"
  },
  {
    "ID Number": "10800360"
  },
  {
    "ID Number": "10806024"
  },
  {
    "ID Number": "10833463"
  },
  {
    "ID Number": "10808140"
  },
  {
    "ID Number": "10805532"
  },
  {
    "ID Number": "554003741"
  },
  {
    "ID Number": "10811419"
  },
  {
    "ID Number": "10801545"
  },
  {
    "ID Number": "10803556"
  },
  {
    "ID Number": "10801383"
  },
  {
    "ID Number": "10844120"
  },
  {
    "ID Number": "10801421"
  },
  {
    "ID Number": "10833765"
  },
  {
    "ID Number": "10827706"
  },
  {
    "ID Number": "10808795"
  },
  {
    "ID Number": "10839500"
  },
  {
    "ID Number": "10801790"
  },
  {
    "ID Number": "10810889"
  },
  {
    "ID Number": "10813748"
  },
  {
    "ID Number": "10801367"
  },
  {
    "ID Number": "10835717"
  },
  {
    "ID Number": "10813764"
  },
  {
    "ID Number": "10841601"
  },
  {
    "ID Number": "10891099"
  },
  {
    "ID Number": "10814426"
  },
  {
    "ID Number": "46641718"
  },
  {
    "ID Number": "10809040"
  },
  {
    "ID Number": "10890670"
  },
  {
    "ID Number": "10811524"
  },
  {
    "ID Number": "10801642"
  },
  {
    "ID Number": "10839518"
  },
  {
    "ID Number": "10809490"
  },
  {
    "ID Number": "10800328"
  },
  {
    "ID Number": "10869638"
  },
  {
    "ID Number": "10823166"
  },
  {
    "ID Number": "10835539"
  },
  {
    "ID Number": "10828079"
  },
  {
    "ID Number": "10827013"
  },
  {
    "ID Number": "10808884"
  },
  {
    "ID Number": "10808132"
  },
  {
    "ID Number": "10801693"
  },
  {
    "ID Number": "10818502"
  },
  {
    "ID Number": "10826556"
  },
  {
    "ID Number": "10839240"
  },
  {
    "ID Number": "10844201"
  },
  {
    "ID Number": "10844198"
  },
  {
    "ID Number": "10815090"
  },
  {
    "ID Number": "10808906"
  },
  {
    "ID Number": "10844414"
  },
  {
    "ID Number": "10815899"
  },
  {
    "ID Number": "10818510"
  },
  {
    "ID Number": "10803505"
  },
  {
    "ID Number": "10801510"
  },
  {
    "ID Number": "10823905"
  },
  {
    "ID Number": "10835083"
  },
  {
    "ID Number": "10808590"
  },
  {
    "ID Number": "10835156"
  },
  {
    "ID Number": "10827382"
  },
  {
    "ID Number": "10839534"
  },
  {
    "ID Number": "10838554"
  },
  {
    "ID Number": "10801553"
  },
  {
    "ID Number": "10802177"
  },
  {
    "ID Number": "10882359"
  },
  {
    "ID Number": "10824057"
  },
  {
    "ID Number": "10833358"
  },
  {
    "ID Number": "10837752"
  },
  {
    "ID Number": "10801391"
  },
  {
    "ID Number": "10805648"
  },
  {
    "ID Number": "10827099"
  }
]