[
  {
    "ID Number": "8800286"
  },
  {
    "ID Number": "8800995"
  },
  {
    "ID Number": "8800545"
  },
  {
    "ID Number": "8800758"
  },
  {
    "ID Number": "8800251"
  },
  {
    "ID Number": "8800081"
  },
  {
    "ID Number": "8800243"
  },
  {
    "ID Number": "8800588"
  },
  {
    "ID Number": "8800278"
  },
  {
    "ID Number": "8801789"
  },
  {
    "ID Number": "8800936"
  },
  {
    "ID Number": "8800715"
  },
  {
    "ID Number": "8800448"
  },
  {
    "ID Number": "8800723"
  },
  {
    "ID Number": "8801274"
  },
  {
    "ID Number": "8800200"
  },
  {
    "ID Number": "8800022"
  },
  {
    "ID Number": "8800030"
  },
  {
    "ID Number": "8800820"
  },
  {
    "ID Number": "8800910"
  },
  {
    "ID Number": "14346877"
  },
  {
    "ID Number": "8800332"
  },
  {
    "ID Number": "8800049"
  },
  {
    "ID Number": "8801584"
  },
  {
    "ID Number": "8800294"
  },
  {
    "ID Number": "8800103"
  },
  {
    "ID Number": "8800405"
  },
  {
    "ID Number": "8801207"
  },
  {
    "ID Number": "8800880"
  },
  {
    "ID Number": "8802041"
  },
  {
    "ID Number": "8800162"
  },
  {
    "ID Number": "8800430"
  },
  {
    "ID Number": "8800979"
  },
  {
    "ID Number": "8800871"
  },
  {
    "ID Number": "8801312"
  },
  {
    "ID Number": "8801002"
  },
  {
    "ID Number": "8801908"
  },
  {
    "ID Number": "8800014"
  },
  {
    "ID Number": "8801061"
  },
  {
    "ID Number": "8801576"
  },
  {
    "ID Number": "8800111"
  },
  {
    "ID Number": "8800570"
  },
  {
    "ID Number": "8800987"
  },
  {
    "ID Number": "8801568"
  },
  {
    "ID Number": "8800057"
  },
  {
    "ID Number": "14901510"
  },
  {
    "ID Number": "8801355"
  },
  {
    "ID Number": "8802424"
  },
  {
    "ID Number": "8800170"
  },
  {
    "ID Number": "8801070"
  },
  {
    "ID Number": "8801258"
  },
  {
    "ID Number": "8800154"
  },
  {
    "ID Number": "8800219"
  },
  {
    "ID Number": "8800367"
  },
  {
    "ID Number": "8801185"
  },
  {
    "ID Number": "8802408"
  },
  {
    "ID Number": "8801339"
  },
  {
    "ID Number": "8800421"
  },
  {
    "ID Number": "8800600"
  },
  {
    "ID Number": "8801231"
  },
  {
    "ID Number": "8800090"
  },
  {
    "ID Number": "8801142"
  },
  {
    "ID Number": "8800804"
  },
  {
    "ID Number": "8801398"
  },
  {
    "ID Number": "8802440"
  },
  {
    "ID Number": "8800189"
  },
  {
    "ID Number": "8800766"
  },
  {
    "ID Number": "8800308"
  },
  {
    "ID Number": "8800634"
  },
  {
    "ID Number": "8800065"
  },
  {
    "ID Number": "8801380"
  },
  {
    "ID Number": "8800464"
  },
  {
    "ID Number": "8800499"
  },
  {
    "ID Number": "8801444"
  },
  {
    "ID Number": "8800227"
  },
  {
    "ID Number": "8800197"
  },
  {
    "ID Number": "8801479"
  },
  {
    "ID Number": "8800812"
  },
  {
    "ID Number": "8800952"
  },
  {
    "ID Number": "11102357"
  },
  {
    "ID Number": "8800650"
  },
  {
    "ID Number": "8800855"
  },
  {
    "ID Number": "8800707"
  },
  {
    "ID Number": "8800928"
  },
  {
    "ID Number": "8800898"
  },
  {
    "ID Number": "8800839"
  }
]