[
  {
    "ID Number": "22600264"
  },
  {
    "ID Number": "22602356"
  },
  {
    "ID Number": "22600515"
  },
  {
    "ID Number": "22601350"
  },
  {
    "ID Number": "22600302"
  },
  {
    "ID Number": "22601244"
  },
  {
    "ID Number": "22601201"
  },
  {
    "ID Number": "22600531"
  },
  {
    "ID Number": "22600159"
  },
  {
    "ID Number": "22601090"
  },
  {
    "ID Number": "22600086"
  },
  {
    "ID Number": "22601180"
  },
  {
    "ID Number": "22600876"
  },
  {
    "ID Number": "22600639"
  },
  {
    "ID Number": "22600752"
  },
  {
    "ID Number": "22601236"
  },
  {
    "ID Number": "22600167"
  },
  {
    "ID Number": "22600035"
  },
  {
    "ID Number": "22600728"
  },
  {
    "ID Number": "22600078"
  },
  {
    "ID Number": "22600744"
  },
  {
    "ID Number": "22601511"
  },
  {
    "ID Number": "22600124"
  },
  {
    "ID Number": "22602259"
  },
  {
    "ID Number": "22600590"
  },
  {
    "ID Number": "22601406"
  },
  {
    "ID Number": "22600760"
  },
  {
    "ID Number": "22600132"
  },
  {
    "ID Number": "22600795"
  },
  {
    "ID Number": "22602666"
  },
  {
    "ID Number": "22602348"
  },
  {
    "ID Number": "22600671"
  },
  {
    "ID Number": "22600140"
  },
  {
    "ID Number": "22600230"
  },
  {
    "ID Number": "22600701"
  },
  {
    "ID Number": "22601147"
  },
  {
    "ID Number": "22600108"
  },
  {
    "ID Number": "22600647"
  },
  {
    "ID Number": "22602976"
  },
  {
    "ID Number": "22602380"
  },
  {
    "ID Number": "22600850"
  },
  {
    "ID Number": "22600892"
  },
  {
    "ID Number": "22600485"
  },
  {
    "ID Number": "22601775"
  },
  {
    "ID Number": "22600736"
  },
  {
    "ID Number": "22600540"
  },
  {
    "ID Number": "22600477"
  },
  {
    "ID Number": "22600523"
  },
  {
    "ID Number": "22603506"
  },
  {
    "ID Number": "22600906"
  },
  {
    "ID Number": "22600914"
  },
  {
    "ID Number": "22600094"
  },
  {
    "ID Number": "22601708"
  },
  {
    "ID Number": "22600043"
  },
  {
    "ID Number": "22601287"
  },
  {
    "ID Number": "22601368"
  },
  {
    "ID Number": "22600558"
  },
  {
    "ID Number": "22600116"
  },
  {
    "ID Number": "22600019"
  },
  {
    "ID Number": "22600299"
  },
  {
    "ID Number": "22601058"
  },
  {
    "ID Number": "22600213"
  },
  {
    "ID Number": "22601910"
  },
  {
    "ID Number": "22600663"
  },
  {
    "ID Number": "22600418"
  }
]