[
  {
    "ID Number": "14200937",
    "Name": "Gareyev, Timur",
    "Fed": "NON",
    "Sex": "M",
    "Title": "GM",
    "WTit": "",
    "OTit": "",
    "FOA": "2568",
    "Rating": "AUG25",
    "Gms": "0",
    "K": "10",
    "B-day": "1988",
    "Flag": ""
  },
  {
    "ID Number": "2086484",
    "Name": "Harriott, Tyrell",
    "Fed": "NON",
    "Sex": "M",
    "Title": "",
    "WTit": "",
    "OTit": "",
    "FOA": "AIM",
    "Rating": "AUG25",
    "Gms": "1966",
    "K": "0",
    "B-day": "1978",
    "Flag": "i"
  },
  {
    "ID Number": "6500617",
    "Name": "Ramirez, Alejandro",
    "Fed": "NON",
    "Sex": "M",
    "Title": "GM",
    "WTit": "",
    "OTit": "",
    "FOA": "2579",
    "Rating": "AUG25",
    "Gms": "0",
    "K": "10",
    "B-day": "1988",
    "Flag": "i"
  }
]