ID Number,Name,Fed,Sex,Title,WTit,OTit,FOA,Rating,Gms,K,B-day,Flag
701424,"Abel, Lajos",HUN,M,IM,,,2197,AUG25,0,20,1944,i
765139,"Acs, Marton",HUN,M,,,,2105,AUG25,0,20,2001,i
708020,"Acs, Peter",HUN,M,GM,FT,,2537,AUG25,0,10,1981,i
727709,"Aczel, Gergely",HUN,M,GM,,,2394,AUG25,8,10,1991,
796557,"Aczel-Szabo, Csongor",HUN,M,,,,1525,AUG25,0,20,2006,i
17008280,"Adam, Vivien",HUN,F,,,,1602,AUG25,0,40,2009,wi
719471,"Adam, Zoltan",HUN,M,,,,1861,AUG25,0,20,1965,i
786152,"Adamicska, Daniel",HUN,M,,,,1650,AUG25,0,20,1998,i
733466,"Ag, Norbert Dr.",HUN,M,FM,,,2340,AUG25,0,20,1987,i
724521,"Akots, Gabor",HUN,M,FM,,,2202,AUG25,0,20,1985,i
759023,"Albert, Janos Dr.",HUN,M,,,,1976,AUG25,0,20,1952,i
705810,"Albert, Kornelia",HUN,F,WFM,WFM,,1996,AUG25,0,20,1977,w
17014441,"Albrecht, Akos",HUN,M,,,,1970,AUG25,0,20,2004,
17003458,"Alexandrov, Igor",HUN,M,,,,1903,AUG25,0,20,1969,i
799319,"Alexandrov, Ilya",HUN,M,,,,1567,AUG25,0,20,2002,i
795194,"Alexandrova, Angelina",HUN,F,,,,1757,AUG25,0,20,2006,w
702293,"Almasi, Zoltan",HUN,M,GM,,,2585,AUG25,0,10,1976,i
736007,"Amstadt, Aron",HUN,M,FM,,,2311,AUG25,0,20,1996,i
752061,"Andok, Aron",HUN,M,,,,1803,AUG25,0,20,1992,i
778605,"Andok, Peter",HUN,M,,,,1868,AUG25,0,20,1986,i
24104701,"Andreeva, Elena",HUN,F,,,,1872,AUG25,0,20,1990,w
735663,"Andriska, Zsolt",HUN,M,,,,1885,AUG25,0,20,1976,
726710,"Angyan, Gyorgy",HUN,M,,,,1970,AUG25,0,20,1975,i
796603,"Antal, Daniel",HUN,M,,,,1774,AUG25,0,40,2009,
717312,"Antal, Gergely",HUN,M,GM,FT,,2462,AUG25,0,10,1985,
738581,"Antal, Tibor Kende",HUN,M,FM,,,2371,AUG25,0,20,1998,i
17004730,"Apro, Barnabas",HUN,M,,,,1987,AUG25,0,40,2008,i
17003385,"Aranyasz, Robert",HUN,M,,,,1639,AUG25,0,20,1963,i
754749,"Aranyi, Jozsef",HUN,M,,,,1660,AUG25,0,20,1940,i
783137,"Aranyi, Laszlo",HUN,M,,,,1802,AUG25,0,20,1968,i
774847,"Astafieva, Nasty",HUN,F,,,,1861,AUG25,0,20,1993,wi
726443,"Ats, Laszlo Gyorgy",HUN,M,,,,1992,AUG25,0,20,1975,
17013089,"Aux, Liliana Alexandra",HUN,F,,FA,,1563,AUG25,0,20,2002,wi
17009049,"B.Garai, Etelka",HUN,F,,,,1559,AUG25,0,20,2006,wi
17009030,"B.Garai, Lehel",HUN,M,,,,1777,AUG25,0,40,2008,i
722170,"Baber, Balazs",HUN,M,,,,2031,AUG25,0,20,1989,i
702617,"Babits, Andras",HUN,M,,,,2055,AUG25,0,20,1941,i
750115,"Bagi, Istvan",HUN,M,,,,1760,AUG25,0,20,1964,i
723754,"Bagi, Lajos",HUN,M,,,,1914,AUG25,0,20,1960,i
742570,"Bagi, Mate",HUN,M,IM,,,2323,AUG25,0,20,1995,i
719820,"Bagoly, Janos",HUN,M,,,,1990,AUG25,0,20,1964,i
709000,"Bai, Attila",HUN,M,,,,2153,AUG25,0,20,1967,i
17018455,"Bajer, Mate",HUN,M,,,,1671,AUG25,0,20,1986,i
17001595,"Baki, Bence",HUN,M,,,,1879,AUG25,0,40,2010,
770620,"Bako, Martin",HUN,M,,,,1906,AUG25,0,20,2004,i
770639,"Bako, Milan",HUN,M,,,,1755,AUG25,0,20,2004,i
750557,"Bakos, Andras",HUN,M,,,,1951,AUG25,0,20,1973,i
765147,"Bakos, Balazs",HUN,M,,,,AIM,AUG25,1881,0,2003,
769347,"Bakos, Balint",HUN,M,,,,1477,AUG25,0,20,2003,i
720712,"Balazs, Adorjan",HUN,M,,,,1977,AUG25,0,20,1951,i
722812,"Balazs, Andras",HUN,M,,,,1929,AUG25,0,20,1953,i
740799,"Balazs, Andras Dr.",HUN,M,,,,1866,AUG25,0,20,1946,i
17018439,"Balazs, Marcell",HUN,M,,,,1837,AUG25,0,20,2004,i
17003490,"Balazs, Szabina Zoe",HUN,F,WCM,WCM,,1674,AUG25,0,40,2010,w
799645,"Balazs, Sztella Anna",HUN,F,,,,1689,AUG25,0,40,2008,w
721018,"Balazs-Szalai, Renata",HUN,F,,,,1904,AUG25,0,20,1996,w
17005736,"Balint, Laszlo Dr.",HUN,M,,,,1868,AUG25,0,20,1988,i
718050,"Balint, Vilmos",HUN,M,FM,,,2100,AUG25,0,20,1983,
775789,"Balo, Lajos",HUN,M,,,,1780,AUG25,0,20,1964,i
731277,"Balo, Tamas",HUN,M,,,,2144,AUG25,0,20,1990,i
728446,"Balog, Imre",HUN,M,GM,,,2572,AUG25,0,10,1991,
17028868,"Balog, Iuliu Cristian",HUN,M,,,,1499,AUG25,0,20,1985,
42228948,"Balog, Ronaldo",HUN,M,,,,1543,AUG25,0,40,2018,
772089,"Balogh, Anett",HUN,F,,,,1593,AUG25,0,20,1993,wi
17019753,"Balogh, Attila",HUN,M,,,,1638,AUG25,0,20,1976,
785199,"Balogh, Balint",HUN,M,,,,1746,AUG25,0,20,2000,i
17001501,"Balogh, Borbala",HUN,F,,,,1629,AUG25,0,40,2011,wi
718939,"Balogh, Csaba",HUN,M,GM,,,2640,AUG25,0,10,1987,
728780,"Balogh, Csaba",HUN,M,,,,1823,AUG25,0,20,1976,i
721883,"Balogh, David",HUN,M,CM,,,2117,AUG25,0,20,1993,i
17020573,"Balogh, Erik Zsigmond",HUN,M,,,,1796,AUG25,0,40,2008,
765694,"Balogh, Eszter",HUN,F,,,,1755,AUG25,0,20,2001,wi
715379,"Balogh, Geza",HUN,M,,,,1733,AUG25,0,20,1963,i
798070,"Balogh, Jozsef",HUN,M,,,,1897,AUG25,0,20,1973,i
707821,"Balogh, Pal",HUN,M,,,,1855,AUG25,0,20,1949,i
756946,"Balogh, Tibor",HUN,M,,,,1843,AUG25,0,20,1962,i
719579,"Balogh, Viktor",HUN,M,,,,2179,AUG25,0,20,1983,
722570,"Bandy, Attila",HUN,M,FM,,,2299,AUG25,0,20,1979,i
771163,"Bangha, Otto Peter",HUN,M,,,,1776,AUG25,0,20,2005,i
730378,"Bankos, Henrietta",HUN,F,,,,1851,AUG25,0,20,1987,wi
723630,"Banszegi, Attila",HUN,M,,,,1953,AUG25,0,20,1964,
722413,"Banusz, Tamas",HUN,M,GM,,,2593,AUG25,0,10,1989,i
17019605,"Banyai, Miklos",HUN,M,,,,1895,AUG25,0,20,2006,i
736880,"Banyai, Miklos Jr. Dr.",HUN,M,,,,1825,AUG25,0,20,1974,i
709026,"Barabas, Tibor",HUN,M,,,,1986,AUG25,0,20,1969,i
17019141,"Barak, Peter Balint",HUN,M,,,,1530,AUG25,0,40,2013,i
17018269,"Barak, Peter Kalman",HUN,M,,,,1609,AUG25,0,20,1974,i
737895,"Baranya, Sandor",HUN,M,,,,1709,AUG25,0,20,1957,i
767085,"Baranyi, Pal",HUN,M,,,,1901,AUG25,0,20,1950,i
763381,"Barasits, Balint",HUN,M,,,,1914,AUG25,0,20,2001,
726532,"Barbarics, Tamas",HUN,M,,,,2025,AUG25,0,20,1984,i
777749,"Barcza, Lora",HUN,F,,,,1780,AUG25,0,20,2005,wi
17024099,"Bardos, Bercel Istvan",HUN,M,,,,1557,AUG25,0,40,2011,
17026512,"Bardos, Istvan",HUN,M,,,,1404,AUG25,0,20,1965,
737364,"Barla, Janos",HUN,M,,,,1813,AUG25,0,20,1947,i
17015618,"Barna, Peter",HUN,M,,,,1756,AUG25,0,40,2007,
700819,"Barnoth, Robert",HUN,M,,,,1868,AUG25,0,20,1997,
768464,"Bartok, David Dominik",HUN,M,,,,1898,AUG25,0,20,2004,i
735213,"Bartok-Csato, Gyorgy",HUN,M,,,,1879,AUG25,0,20,1956,i
759198,"Bartuszek, Andras",HUN,M,,,,1756,AUG25,0,20,1955,
707287,"Barva, Attila Dr.",HUN,M,FM,,,2395,AUG25,0,20,1976,i
787060,"Baski, Barnabas",HUN,M,,,,2154,AUG25,0,20,2004,i
17010276,"Bator, Gyorgy",HUN,M,,,,1611,AUG25,0,20,1998,
742694,"Bauer, Attila",HUN,M,,,,1783,AUG25,0,20,1977,i
711330,"Becskei, Zoltan",HUN,M,FM,,,2258,AUG25,0,20,1995,i
723541,"Bednay, Bence",HUN,M,FM,,,2195,AUG25,0,20,1989,i
17019346,"Bedo, Benjamin",HUN,M,,,,1654,AUG25,0,20,2001,i
792101,"Bedo, Endre",HUN,M,,,,1836,AUG25,0,20,1972,i
701017,"Bekefi, Laszlo",HUN,M,FM,,,2257,AUG25,0,20,1960,i
729973,"Bekesi, Janos",HUN,M,,,,1848,AUG25,0,20,1966,i
17010632,"Bencsics, Benedek",HUN,M,,,,AFM,AUG25,1677,0,2008,i
768928,"Bencze, Balazs Dominik",HUN,M,,,,1872,AUG25,0,20,2002,i
740802,"Bencze, Zsolt",HUN,M,,,,1899,AUG25,0,20,1994,i
17010691,"Bende, Eniko Tunde",HUN,F,,,,1693,AUG25,0,40,2009,wi
731803,"Bene, Zoltan",HUN,M,,,,2114,AUG25,0,20,1980,
721433,"Benedeczky, Lehel Dr.",HUN,M,,,,2010,AUG25,0,20,1998,i
17022835,"Benedek, Barnabas",HUN,M,,,,1687,AUG25,0,20,2001,i
1230263,"Benedek, Istvan",HUN,M,CM,,,2089,AUG25,0,20,2000,i
753939,"Benyeda, Tibor",HUN,M,,,,1615,AUG25,0,20,1967,
717592,"Berci, Gyula",HUN,M,,,,1960,AUG25,0,20,1957,i
722960,"Berczes, David",HUN,M,GM,,,2469,AUG25,0,10,1990,
775223,"Berczi, Peter",HUN,M,,,,2005,AUG25,0,20,2002,i
17023491,"Berdo, Balazs",HUN,M,,,,1818,AUG25,0,20,2003,
17008441,"Berecz, Balint",HUN,M,,,,1403,AUG25,0,40,2011,i
796085,"Berecz, Kristof",HUN,M,,,,1767,AUG25,0,40,2008,i
17014182,"Bereczki, Bence",HUN,M,,,,1562,AUG25,0,40,2008,i
17014204,"Bereczki, Kevin",HUN,M,,,,1562,AUG25,0,40,2011,i
17018838,"Beres, Ferenc",HUN,M,,,,1662,AUG25,0,20,1957,
745480,"Berkes, Bence",HUN,M,,,,1891,AUG25,0,20,1994,i
718572,"Berkes, Ferenc",HUN,M,GM,,,2664,AUG25,0,10,1985,i
781789,"Bernath, Bence",HUN,M,,,,2034,AUG25,0,20,2004,i
718629,"Bernath, Robert",HUN,M,,,,2004,AUG25,0,20,1965,i
17023815,"Berta, Domos",HUN,M,,,,1713,AUG25,0,20,2006,i
17031435,"Berta, Istvan",HUN,M,,,,1839,AUG25,0,20,1968,
713775,"Berta, Sandor",HUN,M,,,,1992,AUG25,0,20,1997,i
708615,"Berta, Tibor",HUN,M,,,,2072,AUG25,0,20,1961,i
789690,"Besenyei, Zsolt",HUN,M,,,,1643,AUG25,0,20,1965,i
17000955,"Beznicza, Mira",HUN,F,,,,1740,AUG25,0,40,2009,wi
781185,"Bialko, Balazs",HUN,M,,,,1560,AUG25,0,20,2002,i
763527,"Bibliak, Gabor",HUN,M,,,,1762,AUG25,0,20,1951,i
17012872,"Bihary, Soma Botond",HUN,M,,,,1609,AUG25,0,40,2011,
725455,"Bihercz, Gabor",HUN,M,,,,2092,AUG25,0,20,1994,
17010012,"Bikszegi, Jozsef",HUN,M,,,,1612,AUG25,0,20,1961,i
715883,"Binder, Tamas",HUN,M,FM,,,2321,AUG25,0,20,1976,
17006627,"Biro, Beata",HUN,F,,,,1733,AUG25,0,40,2010,wi
17011655,"Biro, Csilla",HUN,F,,,,1507,AUG25,0,40,2012,wi
796646,"Biro, Lorant",HUN,M,,,,1434,AUG25,0,40,2007,i
798851,"Biro, Peter",HUN,M,,,,1591,AUG25,0,20,1949,i
725404,"Biro, Zsolt",HUN,M,,,,1968,AUG25,0,20,1977,i
17026237,"Blake-Gyeresy, Alfred",HUN,M,,,,1689,AUG25,0,40,2009,
17007569,"Bod, Marton",HUN,M,,,,1789,AUG25,0,40,2011,
701084,"Bodi, Tibor",HUN,M,FM,,,2261,AUG25,0,20,1996,
762075,"Bodnar, Mate",HUN,M,,NA,,1939,AUG25,0,20,2000,i
739286,"Bodo, Bence",HUN,M,,,,2242,AUG25,0,20,1995,i
784672,"Bodo, Boglarka",HUN,F,,,,1776,AUG25,0,20,2006,wi
707350,"Bodo, Norbert",HUN,M,FM,,,2427,AUG25,0,10,1975,i
790303,"Bodrogi, Bendeguz",HUN,M,IM,,,2145,AUG25,0,40,2008,
707600,"Bodrogi, Laszlo",HUN,M,,,,1877,AUG25,0,20,1950,
707040,"Bodrogi, Mihaly",HUN,M,,,,1842,AUG25,0,20,1947,i
718327,"Boer, Levente",HUN,M,,,,2249,AUG25,0,20,1982,i
17002966,"Bogadics, Istvan",HUN,M,,,,1710,AUG25,0,20,1980,i
736457,"Bogar, Attila",HUN,M,,,,1836,AUG25,0,20,1987,i
796166,"Bogdan, Gyorgy",HUN,M,,,,1506,AUG25,0,20,1955,i
723088,"Bogi, Kornel Andras",HUN,M,,,,1872,AUG25,0,20,1978,
17000939,"Bognar, Barna",HUN,M,,,,1663,AUG25,0,20,1974,i
709760,"Bognar, Csaba Dr.",HUN,M,FM,FI,,2055,AUG25,0,20,1980,
17004756,"Bognar, Ferenc Mate",HUN,M,,,,1637,AUG25,0,20,1993,i
714810,"Bohati, Tamas",HUN,M,,,,2194,AUG25,0,20,1991,i
17007658,"Bokorovics, Bertalan",HUN,M,,,,2159,AUG25,0,20,2004,i
710458,"Bokros, Albert",HUN,M,IM,FST,,2489,AUG25,0,10,1982,i
710784,"Bokros, Istvan",HUN,M,,,,1964,AUG25,0,20,1957,
736279,"Bokros, Norbert",HUN,M,,,,2004,AUG25,0,20,1990,i
729043,"Bolkeny, Gabor",HUN,M,,,,1900,AUG25,0,20,1982,
777692,"Bolyki, Istvan",HUN,M,,,,1891,AUG25,0,20,2003,i
705500,"Bordas, Gyula",HUN,M,,,,1797,AUG25,0,20,1962,
773808,"Borhy, Gyorgy Szilard",HUN,M,,,,1706,AUG25,0,20,1974,i
770787,"Borhy, Marcell",HUN,M,IM,,,2372,AUG25,0,20,2005,i
720500,"Boricsev, Oleg",HUN,M,IM,,,2164,AUG25,0,20,1968,i
17023602,"Borinszkij, Viktor",HUN,M,,,,1536,AUG25,0,20,1995,i
703036,"Borocz, Istvan",HUN,M,IM,,,2311,AUG25,0,20,1970,i
17008409,"Borocz, Lorinc",HUN,M,,,,1979,AUG25,0,40,2008,i
704091,"Boros, Daniel",HUN,M,,,,2175,AUG25,0,20,1975,i
722340,"Boros, Denes",HUN,M,GM,,,2474,AUG25,0,10,1988,i
17018170,"Boros, Jozsef",HUN,M,,,,1737,AUG25,0,20,1981,i
778770,"Boros, Krisztian",HUN,M,,,,1842,AUG25,0,20,2002,
17014360,"Boros, Krisztian Levente",HUN,M,,,,1879,AUG25,0,20,2003,i
17035473,"Bors, Boglarka Rebecca",HUN,F,,,,1592,AUG25,0,40,2018,w
701939,"Borsavolgyi, Tamas",HUN,M,FM,,,2112,AUG25,0,20,1964,i
778222,"Borsfai, Attila",HUN,M,,,,1864,AUG25,0,20,1966,i
733261,"Borus, Andras",HUN,M,,,,1903,AUG25,0,20,1958,i
787361,"Borzsei, Andras",HUN,M,,,,1889,AUG25,0,40,2007,
790095,"Botlik, Bela",HUN,M,,,,1989,AUG25,0,20,1969,i
701696,"Botos, Arpad Szilveszter",HUN,M,,,,1852,AUG25,0,20,1997,i
720895,"Botos, Jozsef",HUN,M,,,,1916,AUG25,0,20,1951,i
728055,"Botos, Krisztian",HUN,M,,,,1978,AUG25,0,20,1982,i
17016576,"Boveiri, Danial",HUN,M,,,,1761,AUG25,0,20,2003,
745529,"Bozay, Gergely",HUN,M,,,,1796,AUG25,0,20,1974,i
785792,"Bozsoki, Daniel",HUN,M,,,,1676,AUG25,0,20,2004,i
17017980,"Brandschott, Benedek Marcell",HUN,M,,,,1672,AUG25,0,20,2001,
17025680,"Brocsko, Balazs",HUN,M,,,,1555,AUG25,0,40,2009,
793418,"Broderick, Tamas",HUN,M,,,,1919,AUG25,0,20,2006,
17016509,"Bucsi, Jozsef",HUN,M,,,,1875,AUG25,0,20,1973,i
17015111,"Budai, Akos",HUN,M,,,,2015,AUG25,0,20,1996,
746290,"Budai, Istvan",HUN,M,,,,1750,AUG25,0,20,1956,i
17021626,"Budavari, Gergely",HUN,M,,,,1715,AUG25,0,40,2007,
751030,"Bujdoso, Barnabas Jr.",HUN,M,,,,1741,AUG25,0,20,1994,i
707449,"Bujdoso, Bela",HUN,M,,,,1947,AUG25,0,20,1967,i
788686,"Burda, Barna",HUN,M,,,,1993,AUG25,0,20,2000,i
787787,"Burek, Marton",HUN,M,,,,1740,AUG25,0,20,2002,i
719188,"Burghardt, Jozsef",HUN,M,CM,,,2013,AUG25,0,20,1969,
789518,"Buri, Kata",HUN,F,,,,1791,AUG25,0,20,2005,wi
786497,"Buri, Petra Zsuzsanna",HUN,F,,,,1768,AUG25,0,20,2006,w
701769,"Burinda, Gabor Jr.",HUN,M,,,,1951,AUG25,0,20,1997,i
751820,"Buzas, Bertalan",HUN,M,FM,,,2255,AUG25,0,20,2000,
725064,"Chereches, Marius-Cristian",HUN,M,FM,,,2064,AUG25,0,20,1973,i
723835,"Cs. Kovacs, Laszlo",HUN,M,,,,1888,AUG25,0,20,1959,i
738522,"Csabai, Viktor",HUN,M,,,,1974,AUG25,0,20,1986,
17026148,"Csak, Zoltan Barnabas",HUN,M,,,,1682,AUG25,0,40,2007,
701440,"Csala, Imre",HUN,M,FM,,,2041,AUG25,0,20,1947,i
742830,"Csanyi, Jozsef",HUN,M,,,,1647,AUG25,0,20,1944,i
17030552,"Csanyi, Simon",HUN,M,,,,1522,AUG25,0,40,2011,
17013461,"Csapodi, Domonkos",HUN,M,,,,1533,AUG25,0,20,2006,
721115,"Csaszar, Gyula Dr.",HUN,M,,,,1879,AUG25,0,20,1954,
762873,"Csatari, Dominik",HUN,M,,,,1860,AUG25,0,20,2000,i
773883,"Csatari, Laszlo",HUN,M,,,,1811,AUG25,0,20,1998,i
702170,"Csati, Oliver",HUN,M,,,,2053,AUG25,0,20,1997,i
728411,"Csatlos, Bela",HUN,M,,,,2099,AUG25,0,20,1990,i
712434,"Csatlos, Bela Sr.",HUN,M,,,,1843,AUG25,0,20,1967,i
734969,"Csatlos, Roland",HUN,M,,,,1974,AUG25,0,20,1995,i
730890,"Csavajda, Peter",HUN,M,,,,2003,AUG25,0,20,1989,i
774065,"Cseke, Viktoria",HUN,F,,,,1744,AUG25,0,20,2002,w
720470,"Cselenyi, Balazs",HUN,M,,,,2196,AUG25,0,20,1983,i
751049,"Csendi, Balazs",HUN,M,,,,2066,AUG25,0,20,1998,i
797030,"Csernyik, Mark",HUN,M,CM,,,2005,AUG25,0,40,2009,
797049,"Csernyik, Zoltan",HUN,M,,,,1521,AUG25,0,20,1977,i
17006309,"Cserpes, Gabor Janos",HUN,M,,,,AIM,AUG25,1722,0,2009,
762202,"Csibi, Geza",HUN,M,,,,1843,AUG25,0,20,1965,i
796751,"Csidey, Csongor",HUN,M,,,,1979,AUG25,0,20,2005,i
798789,"Csihon, Zsolt",HUN,M,,,,1535,AUG25,0,40,2008,i
775126,"Csiki, Endre",HUN,M,IM,,,2212,AUG25,0,20,2005,i
17000602,"Csiki, Laszlo Levente",HUN,M,,,,1722,AUG25,0,20,2006,i
790761,"Csikos, Adam",HUN,M,,,,1556,AUG25,0,20,1999,
707678,"Csikos, Mihaly",HUN,M,CM,,,1927,AUG25,0,20,1960,i
735310,"Csirke, Istvan",HUN,M,,,,1838,AUG25,0,20,1944,i
777870,"Csirkes, Andras",HUN,M,,NA,,1803,AUG25,0,20,1999,i
721557,"Csiszar, Albert",HUN,M,,,,1791,AUG25,0,20,1957,
705276,"Csiszar, Csaba",HUN,M,IM,,,2351,AUG25,0,10,1972,i
725242,"Csiszar, Viktoria",HUN,F,,,,1947,AUG25,0,20,1982,wi
17011477,"Csiszar, Vivien",HUN,F,,,,1584,AUG25,0,40,2012,wi
707910,"Csiszar, Zoltan",HUN,M,FM,,,2300,AUG25,0,20,1975,i
763942,"Csizmadia, Csaba",HUN,M,,,,1971,AUG25,0,20,1974,i
773646,"Csokas, Kalman",HUN,M,,,,1754,AUG25,0,20,1958,i
706825,"Csoke, Krisztian",HUN,M,FM,,,2244,AUG25,0,20,1976,i
721069,"Csolig, Robert",HUN,M,,,,2059,AUG25,0,20,1977,i
716529,"Csonka, Attila Istvan",HUN,M,IM,,,2317,AUG25,0,10,1979,i
742910,"Csonka, Balazs",HUN,M,IM,FT,,2429,AUG25,0,10,1997,
700576,"Csonkics, Tunde",HUN,F,WGM,WGM,,1998,AUG25,0,20,1958,wi
17004420,"Csontos, Aron",HUN,M,FM,,,1896,AUG25,0,40,2009,
742929,"Csorba, Rudolf",HUN,M,,,,1761,AUG25,0,20,1950,i
741485,"Csore, Laszlo",HUN,M,,,,1732,AUG25,0,20,1959,i
710040,"Csukerda, Attila",HUN,M,,,,2008,AUG25,0,20,1968,i
702854,"Csukerda, Bence",HUN,M,,,,1781,AUG25,0,20,1995,i
711446,"Csuri, Laszlo",HUN,M,FM,,,1948,AUG25,0,20,1955,i
760390,"Csuta, Akos Koppany",HUN,M,,,,2051,AUG25,0,20,1999,i
764027,"Czajner, Gabor",HUN,M,,,,1913,AUG25,0,20,1998,i
705268,"Czebe, Attila",HUN,M,GM,,,2350,AUG25,0,10,1975,
716995,"Czegledi, Laszlo",HUN,M,FM,,,2084,AUG25,0,20,1968,i
702323,"Czegledi, Zsolt",HUN,M,FM,,,2050,AUG25,0,20,1959,
17020581,"Czibere, Tamas",HUN,M,,,,1702,AUG25,0,20,1995,i
17013852,"Czibula, Istvan",HUN,M,,,,1744,AUG25,0,40,2010,i
703940,"Czibulka, Zoltan Dr.",HUN,M,,,,1860,AUG25,0,20,1951,
742937,"Czigler, Dezso Zoltan",HUN,M,,,,1810,AUG25,0,20,1979,i
752177,"Czina, Peter",HUN,M,,,,1997,AUG25,0,20,2001,i
17020280,"Czombos, Oliver",HUN,M,,,,1764,AUG25,0,40,2012,i
706078,"Czuczai, Jeno Dr.",HUN,M,CM,,,1905,AUG25,0,20,1966,
759708,"Czumbel, Peter",HUN,M,,,,1982,AUG25,0,20,2002,
752495,"Czupor, Attila",HUN,M,FM,,,2188,AUG25,0,20,2000,i
17002850,"Dan, Abraham",HUN,M,,,,1510,AUG25,0,40,2009,i
767247,"Dan, Daniel",HUN,M,,,,1828,AUG25,0,20,1986,i
17003830,"Dan, Manuel",HUN,M,,,,1538,AUG25,0,40,2011,i
730718,"Dani, Ferenc",HUN,M,,,,1782,AUG25,0,20,1953,
717304,"Dani, Peter",HUN,M,,,,1941,AUG25,0,20,1967,i
714267,"Dankhazi, Andras",HUN,M,FM,,,2328,AUG25,0,20,1998,
717576,"Darazs, Zoltan",HUN,M,,,,2063,AUG25,0,20,1975,
17023890,"Dardai, Daniel",HUN,M,,,,1753,AUG25,0,20,1990,i
788376,"Daroczi, Donat",HUN,M,FM,,,2223,AUG25,0,20,2005,
709344,"Deak, Ferenc",HUN,M,,,,2209,AUG25,0,20,1980,i
702838,"Deak, Sandor",HUN,M,FM,,,2240,AUG25,0,20,1958,i
17000246,"Deak-Sala, Daniel",HUN,M,,,,AFM,AUG25,1669,0,2009,
759538,"Debreceni, Mate",HUN,M,,,,1974,AUG25,0,20,1993,i
742961,"Decsei, Sandor",HUN,M,,,,1746,AUG25,0,20,1953,i
742970,"Deli, Kristof",HUN,M,,IA,,1873,AUG25,0,20,1988,
778079,"Demeter, Dorina",HUN,F,WIM,WIM,NA,2131,AUG25,0,20,2005,w
712230,"Demeter, Vilmos",HUN,M,,,,1912,AUG25,0,20,1949,i
718521,"Demjen, Attila",HUN,M,,,,1953,AUG25,0,20,1974,
786047,"Demjen, Mark",HUN,M,,,,2033,AUG25,0,20,2003,
799025,"Denes, Mark",HUN,M,,,,1513,AUG25,0,40,2008,i
722430,"Dibusz, Ferenc",HUN,M,,,,2123,AUG25,0,20,1968,i
767409,"Diller, Denis",HUN,M,,,,1992,AUG25,0,20,2004,i
764906,"Diller, Kevin",HUN,M,,,,1726,AUG25,0,20,2001,i
788287,"Divald, Tamas",HUN,M,,,,1916,AUG25,0,20,2001,i
718696,"Dobai, Szabolcs",HUN,M,,,,2216,AUG25,0,20,1980,i
744280,"Dobo, Gyula",HUN,M,,,,2162,AUG25,0,20,1991,i
701602,"Dobos, Jozsef",HUN,M,IM,,,2171,AUG25,0,20,1961,i
742996,"Dobroczy, Viktor",HUN,M,,,,1917,AUG25,0,20,1992,i
760960,"Dobrontei, David Bence",HUN,M,,,,1720,AUG25,0,20,1998,
932353,"Dolnik-Domany, Zsofia",HUN,F,WIM,WIM,,2186,AUG25,0,20,1988,wi
717789,"Domany, Mihaly",HUN,M,,,,2148,AUG25,0,20,1968,i
717088,"Dombai, Istvan",HUN,M,CM,,,2109,AUG25,0,20,1980,i
778478,"Domokos, Balint",HUN,M,,,,1624,AUG25,0,20,2000,i
731145,"Domonkos, Daniel",HUN,M,,,,1977,AUG25,0,20,1989,i
734241,"Domonkos, Jozsef",HUN,M,,,,1747,AUG25,0,20,1962,i
738450,"Donka, Dorottya Bianka",HUN,F,,,,1684,AUG25,0,20,1998,wi
711845,"Donka, Mate Salamon",HUN,M,,,,1861,AUG25,0,20,1997,i
705101,"Donka, Peter",HUN,M,FM,,,2044,AUG25,0,20,1963,
777897,"Donka, Simeon Barnabas",HUN,M,,,,1822,AUG25,0,20,2004,i
700860,"Dory, Jeno",HUN,M,IM,,,2166,AUG25,0,20,1951,
725080,"Dostan, Janos",HUN,M,FM,,,2101,AUG25,0,20,1957,i
733555,"Drinoczi, Peter",HUN,M,,,,2093,AUG25,0,20,1981,i
775819,"Dudas, Bence",HUN,M,,,,1476,AUG25,0,20,2004,i
728306,"Dudas, Eszter",HUN,F,WIM,WIM,,2099,AUG25,0,20,1991,wi
701319,"Dudas, Janos",HUN,M,IM,,,2320,AUG25,0,20,1973,i
739359,"Dudas, Zoltan",HUN,M,,,,1827,AUG25,0,20,1984,i
711853,"Dudics, Zoltan Alex",HUN,M,,,,1865,AUG25,0,20,1996,i
34184934,"Dudin, Gleb",HUN,M,GM,,,2470,AUG25,10,10,2004,
702668,"Eberth, Zoltan Bela",HUN,M,CM,NA,,2050,AUG25,0,20,1969,
719340,"Ecsedi, Sandor",HUN,M,,,,1867,AUG25,0,20,1956,i
787167,"Egeto, Tamas",HUN,M,,,,1711,AUG25,0,20,2000,i
738506,"Egresi, Mate",HUN,M,FM,,,2380,AUG25,0,10,1999,
707619,"Egri, Laszlo",HUN,M,CM,,,1989,AUG25,0,20,1970,i
703397,"Egri, Laszlo Jr.",HUN,M,,,,2146,AUG25,0,20,1998,i
756261,"Egri, Zsolt",HUN,M,,,,1820,AUG25,0,20,2000,i
704105,"Egyed, Andras",HUN,M,FM,,,2237,AUG25,0,20,1963,i
738697,"Egyed, Gabor",HUN,M,,,,2118,AUG25,0,20,1995,i
703664,"Egyed, Judit",HUN,F,WFM,WFM,,1929,AUG25,0,20,2000,wi
741450,"Egyed, Viktoria",HUN,F,,,,1907,AUG25,0,20,1998,wi
734330,"Elekes, Lajos",HUN,M,,,,1517,AUG25,0,20,1958,i
743089,"Emmer, Adam",HUN,M,,,,1911,AUG25,0,20,1988,i
706574,"Emodi, Barnabas",HUN,M,FM,,,2308,AUG25,0,20,1973,i
701181,"Emodi, Gyula",HUN,M,IM,,,2189,AUG25,0,20,1950,i
711144,"Erdei, Lajos Jr.",HUN,M,,,,1951,AUG25,0,20,1989,i
727458,"Erdos, Boglarka",HUN,F,WFM,WFM,,2228,AUG25,0,20,1992,wi
719650,"Erdos, Janos",HUN,M,,,,1977,AUG25,0,20,1979,i
719978,"Erdos, Viktor",HUN,M,GM,FT,,2579,AUG25,0,10,1987,
760404,"Erky, Tamas",HUN,M,,,,1835,AUG25,0,20,1997,i
741752,"Eros, Janos",HUN,M,,,,1651,AUG25,0,20,1958,i
795267,"Eros, Vivien",HUN,F,,,,1758,AUG25,0,40,2009,wi
763446,"Erseki, Aron",HUN,M,,,,1849,AUG25,0,20,2003,
760340,"Erseki, Tamara",HUN,F,WFM,WFM,,1959,AUG25,0,20,2001,wi
715590,"Ezsol, Miklos",HUN,M,FM,,,2324,AUG25,0,20,1974,i
796794,"Fabian, Peter",HUN,M,,,,1574,AUG25,0,20,1977,i
737445,"Fabian-Lakos, Csaba",HUN,M,,,,1819,AUG25,0,20,1961,
745588,"Faklya, Laszlo",HUN,M,,,,1775,AUG25,0,20,1950,i
17016746,"Fan, Xiaotong",HUN,M,,,,1560,AUG25,0,40,2014,i
701327,"Fancsy, Imre",HUN,M,IM,,,2317,AUG25,0,10,1974,i
701190,"Farago, Sandor",HUN,M,IM,,,2134,AUG25,0,20,1956,
729434,"Farkas, Adam",HUN,M,,FI,,2067,AUG25,0,20,1986,i
17028299,"Farkas, Adam",HUN,M,,,,1524,AUG25,0,40,2007,
703737,"Farkas, Akos",HUN,M,,,,1883,AUG25,0,20,1999,i
782793,"Farkas, Attila",HUN,M,,,,1825,AUG25,0,20,1985,i
789720,"Farkas, Boglarka",HUN,F,,NA,,1650,AUG25,0,20,2005,wi
769240,"Farkas, Boldizsar",HUN,M,,,,1771,AUG25,0,20,2002,i
764914,"Farkas, Csaba",HUN,M,,,,1915,AUG25,0,20,2000,
701840,"Farkas, Gyula",HUN,M,FM,,,2108,AUG25,0,20,1958,
765929,"Farkas, Istvan",HUN,M,,,,2030,AUG25,0,20,1999,i
711390,"Farkas, Lajos Dr.",HUN,M,,,,2140,AUG25,0,20,1968,i
790389,"Farkas, Otto Jr.",HUN,M,,,,1884,AUG25,0,20,2006,i
17034132,"Farkas, Ramona",HUN,F,,,,1506,AUG25,0,40,2008,w
703850,"Farkas, Richard",HUN,M,FM,,,2276,AUG25,0,20,1997,i
770574,"Farkas, Sandor",HUN,M,,,,1870,AUG25,0,20,1969,i
704059,"Farkas, Szabolcs",HUN,M,,,,1933,AUG25,0,20,1994,i
17012279,"Farkas, Viktor Maxim",HUN,M,,,,1716,AUG25,0,40,2011,i
797260,"Farkas, Virag",HUN,F,,,,1780,AUG25,0,40,2008,w
17030854,"Fazekas, Artur",HUN,M,,,,1822,AUG25,0,20,2006,i
758647,"Fazekas, Gyorgy",HUN,M,,,,1647,AUG25,0,20,1940,i
770655,"Fazekas, Istvan",HUN,M,,,,1799,AUG25,0,20,2004,i
795119,"Fecske, Csaba",HUN,M,,,,1894,AUG25,0,20,2005,i
703826,"Feher, Attila",HUN,M,,,,2144,AUG25,0,20,1966,i
17009693,"Feher, Botond",HUN,M,,,,1878,AUG25,0,40,2011,
17023432,"Feher, Laszlo",HUN,M,,,,1768,AUG25,0,20,1987,i
723991,"Feher, Tamas",HUN,M,,,,2129,AUG25,0,20,1975,i
714917,"Feig, Janos",HUN,M,,,,1628,AUG25,0,20,1938,
703699,"Fekete, Albert",HUN,M,FM,,,2120,AUG25,0,20,1966,
713791,"Fekete, Alex",HUN,M,,,,1840,AUG25,0,20,1995,i
793353,"Fekete, Arpad",HUN,M,,,,1648,AUG25,0,20,1982,i
17028493,"Fekete, Balazs",HUN,M,,,,1569,AUG25,0,20,1996,
789860,"Fekete, Laszlo",HUN,M,,,,1808,AUG25,0,20,2003,i
757136,"Fekete, Laszlo",HUN,M,,,,1770,AUG25,0,20,1973,i
713805,"Fekete, Martin",HUN,M,,,,1906,AUG25,0,20,1998,i
759724,"Felde, Bence",HUN,M,,,,1933,AUG25,0,20,1997,i
723789,"Fellegi, Zoltan",HUN,M,,,,1969,AUG25,0,20,1982,
727172,"Felmery, Mate",HUN,M,,,,2123,AUG25,0,20,1997,i
727733,"Fenyes, Gabor",HUN,M,,,,1995,AUG25,0,20,1974,i
781657,"Fenyvesi, Lajos",HUN,M,,,,1701,AUG25,0,20,1942,i
711934,"Ferencz, Miklos",HUN,M,,,,2053,AUG25,0,20,1961,i
17023343,"Ferencz, Rafael",HUN,M,,,,1621,AUG25,0,20,1990,i
764442,"Ferenczi, Bela Istvan",HUN,M,,,,1793,AUG25,0,20,1948,i
17012805,"Ferenczy, Nora",HUN,F,,,,1720,AUG25,0,40,2012,w
17000327,"Ferku, Donat",HUN,M,,,,AIM,AUG25,1886,0,2009,
739170,"Finszter, Mate",HUN,M,FM,,,2215,AUG25,0,20,1992,i
780162,"Flasko, Adam",HUN,M,,,,1741,AUG25,0,20,2005,i
741850,"Fodor, Balazs",HUN,M,,,,2146,AUG25,0,20,1999,i
791636,"Fodor, Gabor",HUN,M,,,,1765,AUG25,0,20,1961,i
769487,"Fodor, Kornel",HUN,M,,,,1955,AUG25,0,20,2004,
723762,"Fodor, Tamas Jr.",HUN,M,GM,FI,,2504,AUG25,0,10,1991,i
729469,"Foki, Robert",HUN,M,,,,1822,AUG25,0,20,1956,i
794708,"Foldes, Marton Gabor",HUN,M,FM,,,2049,AUG25,0,40,2009,
17019338,"Foldesi, Adam Gabor",HUN,M,,,,1478,AUG25,0,20,1996,i
704210,"Foldi, Martin",HUN,M,,,,1945,AUG25,0,20,1997,i
773867,"Follardt, Lorinc",HUN,M,,,,1913,AUG25,0,20,2003,i
769878,"Forgacs, Andras",HUN,M,,,,1911,AUG25,0,20,2003,i
17017017,"Forgacs, Andras",HUN,M,,,,1730,AUG25,0,20,1991,i
715387,"Forgacs, Attila",HUN,M,,,,2121,AUG25,0,20,1964,i
773654,"Forgacs, Attila Jr.",HUN,M,FM,,,2139,AUG25,0,20,2004,i
701610,"Forgacs, Jozsef",HUN,M,FM,,,2226,AUG25,0,20,1956,i
709115,"Forster, Tamas",HUN,M,,,,1977,AUG25,0,20,1976,i
17005876,"Frank, Balint",HUN,M,,,,1878,AUG25,0,40,2007,i
726281,"Frank, Jozsef",HUN,M,,,,1963,AUG25,0,20,1952,i
17035830,"Frecska, Peter",HUN,M,,,,1586,AUG25,0,40,2011,
772038,"Fridrik, Richard",HUN,M,,,,1861,AUG25,0,20,1988,i
738549,"Fridvalszki, Richard",HUN,M,,,,1998,AUG25,0,20,1977,i
711942,"Frink, Szabolcs",HUN,M,,,,2004,AUG25,0,20,1974,i
787515,"Fule, Simon",HUN,M,FM,,,2219,AUG25,0,20,2006,i
709212,"Fulop, Csaba",HUN,M,,,,1989,AUG25,0,20,1970,i
17003938,"Fulop, Julia Paula",HUN,F,,,,1584,AUG25,0,40,2009,wi
790435,"Fulop, Peter Benjamin",HUN,M,,,,1844,AUG25,0,20,2005,i
781983,"Furi, Janos",HUN,M,,,,1824,AUG25,0,20,1974,i
701858,"Fusthy, Zsolt",HUN,M,FM,,,2196,AUG25,0,20,1963,i
713341,"Gaal, Miklos",HUN,M,,,,1745,AUG25,0,20,1965,i
777765,"Gaal, Zsoka",HUN,F,WGM,WGM,,2182,AUG25,2,40,2007,w
787205,"Gabula, Adam",HUN,M,,NA,,1953,AUG25,0,20,2004,
17015600,"Gajdacs, Jonathan",HUN,M,,,,1699,AUG25,0,40,2009,i
787574,"Gal, Andras",HUN,M,,,,1704,AUG25,0,20,2006,i
704237,"Gal, Cintia",HUN,F,,,,1810,AUG25,0,20,1995,wi
721921,"Gal, Peter",HUN,M,,,,2059,AUG25,0,20,1984,i
17010500,"Galfi, Levente",HUN,M,,,,1743,AUG25,0,20,2006,i
723509,"Galko, Tibor",HUN,M,,AO,,1844,AUG25,7,20,1960,
707244,"Galyas, Miklos",HUN,M,GM,FT,,2409,AUG25,0,10,1978,i
730475,"Ganze, Laszlo",HUN,M,,,,1911,AUG25,0,20,1950,
709751,"Gara, Anita",HUN,F,IM,WGM,,2260,AUG25,0,20,1983,wi
717444,"Gara, Ticia",HUN,F,WGM,WGM,,2340,AUG25,0,20,1984,wi
747688,"Gaspar, David",HUN,M,,,,2022,AUG25,0,20,1996,i
759546,"Gaspar, Muriel Aranka",HUN,F,,,,1642,AUG25,0,20,1985,w
743240,"Gasparics, Akos",HUN,M,,,,1998,AUG25,0,20,1988,i
17001986,"Gathi, Donat",HUN,M,,,,2157,AUG25,0,40,2007,
701963,"Gazda, Istvan",HUN,M,,,,2039,AUG25,0,20,1967,i
785091,"Geher, Koppany",HUN,M,,,,2125,AUG25,0,20,2003,
706205,"Gelle, Istvan",HUN,M,FM,,,2139,AUG25,0,20,1969,i
17000181,"Gencsi, David Sandor",HUN,M,,,,1766,AUG25,0,40,2009,i
711179,"Gerda, Emil",HUN,M,,,,1806,AUG25,0,20,1957,i
743283,"Gerecs, Istvan",HUN,M,,,,1896,AUG25,0,20,1942,i
774766,"Geresdi-Horvath, Agoston",HUN,M,,,,1667,AUG25,0,20,2001,i
730157,"Gergacz, Attila",HUN,M,IM,,,2292,AUG25,0,20,1990,i
785741,"Gergely, Daniel",HUN,M,,,,1678,AUG25,0,20,2005,i
791610,"Gergely, Laszlo Geza",HUN,M,,,,1737,AUG25,0,20,1965,i
791903,"Giang, Tran Nam",HUN,M,FM,,,2071,AUG25,0,40,2009,i
712779,"Gledura, Benjamin",HUN,M,GM,,,2553,AUG25,0,10,1999,
709948,"Goblyos, Gyorgy",HUN,M,,,,2061,AUG25,0,20,1968,
774642,"Gocza, Adam",HUN,M,,NA,,1975,AUG25,0,20,1999,
17021820,"Golya, David",HUN,M,,,,1573,AUG25,0,40,2014,
17014719,"Golya, Mate",HUN,M,,,,1728,AUG25,0,40,2009,
775029,"Gombocz, Ferenc Jr.",HUN,M,FM,,,2160,AUG25,0,20,2005,i
763314,"Gombocz, Zsofia",HUN,F,WFM,WFM,,2018,AUG25,0,20,2003,wi
17029970,"Gonda, Timea Eva",HUN,F,,,,1646,AUG25,0,40,2016,w
17018331,"Gondor, Jakab",HUN,M,,,,1746,AUG25,0,20,2005,i
763411,"Gorcsi, Gabor",HUN,M,FM,,,2202,AUG25,0,20,2000,i
17026750,"Grafik, Martin",HUN,M,,,,1579,AUG25,0,20,2005,
4130804,"Grigoriants, Sergey",HUN,M,GM,,,2503,AUG25,0,10,1983,
764175,"Grimm, Balazs",HUN,M,,,,1741,AUG25,0,20,2000,i
740080,"Grimm, Daniel",HUN,M,FM,,,2329,AUG25,0,20,1995,i
740098,"Grimm, Gyorgy",HUN,M,,NA,,2151,AUG25,0,20,1997,i
1706144,"Grimsholm, Ola",HUN,M,,,,2031,AUG25,0,20,1979,i
703710,"Gruz, Janos",HUN,M,,,,1857,AUG25,0,20,1952,i
721581,"Guba, Miklos",HUN,M,,,,2141,AUG25,0,20,1973,i
705063,"Gubics, Peter",HUN,M,,,,2121,AUG25,0,20,1970,i
786713,"Gulacsi, Donat Ferenc",HUN,M,,,,1895,AUG25,0,40,2007,i
723061,"Gunyecz, Zoltan Dr.",HUN,M,,AO,,1944,AUG25,0,20,1968,i
768952,"Guraly, Laszlo Andras",HUN,M,,,,1867,AUG25,0,20,1985,i
17023912,"Gut, Kende David",HUN,M,,,,1591,AUG25,0,40,2015,
740837,"Guth, Gyula",HUN,M,,,,1732,AUG25,0,20,1944,i
775320,"Gyenes, Mate",HUN,M,CM,,,2131,AUG25,0,20,2005,
17018609,"Gyenge, Attila",HUN,M,,,,1694,AUG25,0,20,1969,i
731587,"Gyomber, Tamas",HUN,M,,IA,,ACM,AUG25,1959,0,1985,i
790176,"Gyongyi, Eszter",HUN,F,,,,1518,AUG25,0,20,2004,wi
17034124,"Gyongyosi, Gergo",HUN,M,,,,1684,AUG25,0,40,2010,
761842,"Gyorffy, Peter Pal",HUN,M,,,,1945,AUG25,0,20,1996,i
17012260,"Gyorfi, Adam",HUN,M,,,,1924,AUG25,0,40,2009,
712515,"Gyorfi, Norbert",HUN,M,,,,1830,AUG25,0,20,1985,i
17008514,"Gyorgy, Balazs",HUN,M,,,,1655,AUG25,0,40,2011,
740764,"Gyorgy, Gergely",HUN,M,,,,1879,AUG25,0,20,1959,i
17015928,"Gyori, Balint",HUN,M,,,,1706,AUG25,0,40,2011,i
741604,"Gyori, Barnabas",HUN,M,,,,1795,AUG25,0,20,1996,
17015936,"Gyori, Gabor",HUN,M,,,,1800,AUG25,0,40,2011,i
720909,"Gyorke, Zoltan",HUN,M,,,,1980,AUG25,0,20,1956,i
793264,"Gyurika, Tamas",HUN,M,,,,1900,AUG25,0,20,2005,i
731927,"Gyurkovics, Bence Dr.",HUN,M,,,,2195,AUG25,0,20,1987,i
701874,"Gyurkovics, Miklos",HUN,M,,,,1931,AUG25,0,20,1955,
723150,"Hadrik, Csaba",HUN,M,,,,1894,AUG25,0,20,1962,i
766984,"Hajdo, Hanna",HUN,F,,,,1804,AUG25,0,20,2004,wi
707627,"Hajdu, Istvan",HUN,M,CM,,,1962,AUG25,0,20,1951,i
736562,"Hajdu, Istvan",HUN,M,,,,1879,AUG25,0,20,1959,i
791890,"Hajdu, Marton Abris",HUN,M,,,,1856,AUG25,0,40,2010,i
728454,"Hajdu, Sandor",HUN,M,,,,1887,AUG25,0,20,1986,i
726460,"Hajdu, Zoltan",HUN,M,,,,1827,AUG25,0,20,1969,i
717754,"Hajnal, Zoltan",HUN,M,IM,,,2346,AUG25,0,20,1980,i
726400,"Halak, Miklos",HUN,M,FM,,,2197,AUG25,0,20,1993,i
704903,"Halasz, Attila",HUN,M,,,,2069,AUG25,0,20,1968,
712183,"Hallossy, Tibor",HUN,M,,,,1980,AUG25,0,20,1976,
755583,"Halmai, Attila",HUN,M,,,,1708,AUG25,7,20,1972,
778184,"Halmai, Florian Dr.",HUN,M,,,,1636,AUG25,0,20,1958,i
17017408,"Halmavanszki, Dora",HUN,F,,,,1627,AUG25,0,20,2006,w
733598,"Halmi, Bence",HUN,M,,,,1959,AUG25,0,20,1992,i
731676,"Hando, Vilmos",HUN,M,FM,,,2364,AUG25,0,20,1991,i
17009995,"Hangay, Oliver",HUN,M,,,,1948,AUG25,0,40,2012,i
17005264,"Hangyal, Anna",HUN,F,,,,1671,AUG25,0,40,2012,w
17005280,"Hangyal, Dora",HUN,F,,,,1799,AUG25,0,40,2010,w
766640,"Harangozo, Tamas",HUN,M,,,,1819,AUG25,0,20,1997,i
700622,"Hardicsay, Peter",HUN,M,IM,FT,,2121,AUG25,0,20,1952,
17001870,"Harkanyi, Adam",HUN,M,,,,1813,AUG25,0,20,2004,i
17001889,"Harkanyi, Gergely",HUN,M,,,,1893,AUG25,0,20,2006,
786160,"Hartung, Kornel",HUN,M,,,,1734,AUG25,0,20,1977,i
732630,"Hartveg, Janos",HUN,M,,,,1656,AUG25,0,20,1957,
773573,"Haselbach, David",HUN,M,,NA,,2081,AUG25,0,20,2000,i
712523,"Haszon, Abel",HUN,M,,,,1914,AUG25,0,20,1995,
733610,"Haszon, David",HUN,M,FM,,,2264,AUG25,0,20,1993,
704784,"Haszon, Kamilla Sara",HUN,F,,,,2005,AUG25,0,20,1997,w
733628,"Hatala, Csaba Laszlo",HUN,M,,,,1968,AUG25,0,20,1993,i
789372,"Hatzi, Evelin",HUN,F,,,,1612,AUG25,0,20,2000,wi
775657,"Hausznek, Jozsef",HUN,M,,,,1739,AUG25,0,20,1956,i
704814,"Havanecz, Bianka",HUN,F,WIM,WIM,,2189,AUG25,0,20,1994,wi
750174,"Havas, Peter",HUN,M,,,,1758,AUG25,0,20,1968,i
750182,"Havashazi, Szabolcs",HUN,M,,,,1840,AUG25,0,20,1997,i
17005680,"Havasi, Gergely Bulcsu",HUN,M,,,,2002,AUG25,0,40,2009,
760293,"Havasi, Gergo",HUN,M,IM,,,2302,AUG25,0,20,2001,i
17005671,"Havasi, Huba Laszlo",HUN,M,,,,1939,AUG25,0,40,2009,
17005663,"Havasi, Mate Pal",HUN,M,,,,1863,AUG25,0,40,2009,
17012732,"Hegedus, Bernat",HUN,M,,,,1768,AUG25,0,40,2013,
771414,"Hegedus, Dominik",HUN,M,,,,1935,AUG25,0,20,2003,
717720,"Hegedus, Gyorgy",HUN,M,,,,2087,AUG25,0,20,1953,i
712620,"Hegedus, Gyula",HUN,M,,,,2003,AUG25,0,20,1969,i
773760,"Hegedus, Luca",HUN,F,,,,1857,AUG25,0,20,2005,wi
735710,"Hegedus, Rafael",HUN,M,,,,2045,AUG25,0,20,1952,i
731439,"Hegedus, Roland",HUN,M,,,,1828,AUG25,0,20,1978,i
17013615,"Hegedus, Zsombor",HUN,M,,,,1821,AUG25,0,40,2012,
716855,"Hera, Imre Jr.",HUN,M,GM,,,2598,AUG25,0,10,1986,i
760420,"Hercsel, Peter",HUN,M,,,,1704,AUG25,0,20,1997,i
711187,"Hercz, Richard",HUN,M,,,,1927,AUG25,0,20,1996,i
17004071,"Herczeg, Benedek",HUN,M,,,,1646,AUG25,0,40,2011,i
728950,"Herczeg, Laszlo",HUN,M,,,,1827,AUG25,0,20,1955,i
795216,"Herczeg, Marcell",HUN,M,,,,1934,AUG25,0,40,2008,
769991,"Herczegfalvi, Zoltan",HUN,M,,,,1792,AUG25,0,20,1982,i
752304,"Herka, Dominik",HUN,M,,IA,,1894,AUG25,0,20,1999,i
701106,"Herpai, Jozsef",HUN,M,,,,2030,AUG25,0,20,1956,i
786179,"Herpai, Jozsef Matyas",HUN,M,CM,,,2054,AUG25,0,40,2007,i
774855,"Hideg, Ferenc Bendeguz",HUN,M,,,,1798,AUG25,0,20,1999,i
791377,"Hideg, Gergo Benedek",HUN,M,,,,1683,AUG25,0,20,2002,i
795534,"Hideg, Istvan Benjamin",HUN,M,,,,1650,AUG25,0,20,2004,i
723010,"Hidegh, Eszter",HUN,F,,,,1965,AUG25,0,20,1985,wi
720704,"Hidegh, Gabor",HUN,M,,,,2114,AUG25,0,20,1987,i
17029406,"Hidegh, Gergely Bela",HUN,M,,,,1435,AUG25,0,20,1982,i
783390,"Hidegh, Lajos",HUN,M,,,,1972,AUG25,0,20,1962,i
713120,"Himinecz, Gyorgy",HUN,M,,,,1947,AUG25,0,20,1957,i
759996,"Hips, Frigyes Zsolt Dr.",HUN,M,,,,1677,AUG25,0,20,1968,i
12400149,"Hoang, Thanh Trang",HUN,F,GM,WGM,,2330,AUG25,0,10,1980,wi
708194,"Hogye, Imre",HUN,M,,,,2068,AUG25,0,20,1968,i
710156,"Holczl, Attila",HUN,M,,,,1948,AUG25,0,20,1950,i
791555,"Homolya, Daniel",HUN,M,,,,1597,AUG25,0,20,2006,i
783757,"Homolya, Gabor",HUN,M,,,,1704,AUG25,0,20,1974,i
701459,"Honos, Attila",HUN,M,FM,,,2134,AUG25,0,20,1958,i
708380,"Honsch, Pal",HUN,M,,,,2033,AUG25,0,20,1944,i
761249,"Horanyi, Bence",HUN,M,,,,1644,AUG25,0,20,2000,i
708003,"Horvath, Adam",HUN,M,GM,,,2494,AUG25,0,10,1981,i
727768,"Horvath, Adam",HUN,M,,,,1952,AUG25,0,20,1989,
755745,"Horvath, Adam",HUN,M,,,,1816,AUG25,0,20,1994,i
17020824,"Horvath, Adel",HUN,F,,,,1809,AUG25,0,40,2013,w
723096,"Horvath, Attila",HUN,M,,,,2089,AUG25,0,20,1979,i
17029856,"Horvath, Attila",HUN,M,,,,1849,AUG25,0,20,1963,i
712310,"Horvath, Attila Bela",HUN,M,,,,2005,AUG25,0,20,1995,i
758280,"Horvath, Balazs",HUN,M,,,,1980,AUG25,0,20,2001,
700118,"Horvath, Csaba",HUN,M,GM,,,2536,AUG25,0,10,1968,i
719382,"Horvath, Csaba",HUN,M,CM,"AO,FI,IA",,2209,AUG25,0,20,1980,i
759988,"Horvath, Csaba",HUN,M,,,,1893,AUG25,0,20,1953,i
704890,"Horvath, David",HUN,M,IM,,,2352,AUG25,0,20,1995,i
747483,"Horvath, Gergely",HUN,M,,,,2023,AUG25,0,20,1993,
765333,"Horvath, Gyorgy",HUN,M,,,,1932,AUG25,0,20,1953,i
736163,"Horvath, Gyorgy Attila",HUN,M,,,,1948,AUG25,0,20,1953,i
723410,"Horvath, Gyula",HUN,M,,,,1840,AUG25,0,20,1955,
712329,"Horvath, Ilona Klara",HUN,F,,,,1899,AUG25,0,20,1996,wi
727482,"Horvath, Imre",HUN,M,,,,1857,AUG25,0,20,1946,
796441,"Horvath, Jozsef",HUN,M,,,,1506,AUG25,0,20,2000,i
765830,"Horvath, Jozsef",HUN,M,,,,1707,AUG25,0,20,1959,i
704121,"Horvath, Julia",HUN,F,WIM,WIM,,2075,AUG25,0,20,1960,w
703214,"Horvath, Kalman",HUN,M,,,,2052,AUG25,0,20,1962,i
17015286,"Horvath, Karolina",HUN,F,,,,1638,AUG25,0,40,2012,w
720828,"Horvath, Karoly",HUN,M,,,,2152,AUG25,0,20,1981,i
740136,"Horvath, Kristof",HUN,M,,,,2157,AUG25,0,20,2000,
726931,"Horvath, Laszlo",HUN,M,,,,1827,AUG25,0,20,1968,i
713406,"Horvath, Laszlo",HUN,M,,,,1850,AUG25,0,20,1950,i
17017114,"Horvath, Matyas Sandor",HUN,M,,,,1782,AUG25,0,40,2010,i
702714,"Horvath, Miklos",HUN,M,FM,,,2158,AUG25,0,20,1962,
728462,"Horvath, Orsolya",HUN,F,,,,1911,AUG25,0,20,1988,wi
700843,"Horvath, Peter",HUN,M,GM,,,2331,AUG25,0,20,1972,i
708291,"Horvath, Peter",HUN,M,,,,1928,AUG25,0,20,1971,
796298,"Horvath, Tamas",HUN,M,,,,1605,AUG25,0,40,2009,i
788694,"Horvath, Zoltan",HUN,M,,,,1896,AUG25,0,20,1979,i
17009073,"Hotea, Brigitta",HUN,F,,,,1769,AUG25,0,20,1992,wi
774804,"Hrubos, Viktor",HUN,M,,,,AFM,AUG25,1863,0,1982,
17014140,"Hugyecz, Barnabas",HUN,M,,,,1863,AUG25,0,40,2010,
17020131,"Hugyecz, Marton",HUN,M,,,,1649,AUG25,0,40,2013,
735744,"Hunko, Gyorgy",HUN,M,,,,1810,AUG25,0,20,1957,
17017742,"Hunyak, Levente",HUN,M,,,,1464,AUG25,0,40,2012,i
34103740,"Hurkovszkij, Vladyslav",HUN,M,,,,1964,AUG25,0,40,2008,
731447,"Igaz, Geza",HUN,M,,,,1707,AUG25,0,20,1957,i
17018234,"Ilko-Toth, Andras",HUN,M,,,,1940,AUG25,0,40,2014,
17018595,"Illes, Andras",HUN,M,,,,1799,AUG25,0,40,2009,
17014697,"Illes-Nagy, Adam",HUN,M,,,,1404,AUG25,0,40,2014,i
17012813,"Illes-Nagy, Nora",HUN,F,,,,1662,AUG25,0,40,2012,w
762881,"Inges, Zeno",HUN,M,,,,1942,AUG25,0,20,1998,i
700703,"Istvandi, Lajos",HUN,M,IM,,,2260,AUG25,0,20,1967,i
726958,"Istvanovszki, Martin",HUN,M,FM,,,2345,AUG25,0,20,1992,i
798576,"Ivan, Reka Gyongyver",HUN,F,,,,1880,AUG25,0,20,2004,wi
711861,"Ivan-Gal, Hanna Krisztina",HUN,F,WFM,WFM,,2108,AUG25,0,20,1998,wi
702234,"Izsak, Gyula",HUN,M,IM,,,2487,AUG25,0,10,1973,i
777676,"Jaczkovics, Szilvia",HUN,F,,,,1653,AUG25,0,20,1981,w
709727,"Jakab, Attila",HUN,M,IM,,,2420,AUG25,0,10,1984,
755869,"Jakabo, Judit Dr.",HUN,F,,,,1661,AUG25,0,20,1948,wi
730173,"Jakobei, Jozsef",HUN,M,,,,1858,AUG25,0,20,1970,i
715077,"Jambor, Balazs",HUN,M,,,,1642,AUG25,0,20,1978,i
17025346,"Jambrik, Adam",HUN,M,,,,1523,AUG25,0,40,2009,i
706124,"Jamrich, Gyorgy",HUN,M,FM,,,2194,AUG25,0,20,1973,i
17014271,"Janosi, Bence",HUN,M,,,,1805,AUG25,0,40,2010,i
798991,"Janzso, Levente",HUN,M,,,,1591,AUG25,0,20,2006,i
767948,"Jaro, Benjamin",HUN,M,,NA,,1989,AUG25,0,20,2005,i
17006066,"Javorek, Jozsef",HUN,M,,,,1584,AUG25,0,20,1968,i
740861,"Jehn, Csaba",HUN,M,,,,1890,AUG25,0,20,1963,i
777943,"Jenei, Jazmin",HUN,F,,,,1811,AUG25,0,20,2003,wi
777978,"Jenei, Judit",HUN,F,,,,1793,AUG25,0,20,2003,wi
751103,"Jenet, Barnabas",HUN,M,,,,1701,AUG25,0,20,1944,i
753564,"Jeszenszky, Jozsef",HUN,M,,AO,,1940,AUG25,0,20,1985,
17025664,"John, Tamas Miklos",HUN,M,,,,1791,AUG25,0,20,2000,
17019710,"Jokai, Bence",HUN,M,,,,1808,AUG25,0,40,2010,i
777889,"Jonas, Benedek Gabor",HUN,M,,,,1671,AUG25,0,20,2003,i
711748,"Jonas, Zsolt",HUN,M,,,,2076,AUG25,0,20,1973,i
789020,"Jonizs, Zoltan",HUN,M,,,,1789,AUG25,0,20,1976,i
717231,"Joo, Gabor",HUN,M,,,,1987,AUG25,0,20,1978,i
778346,"Juhasz, Agoston",HUN,M,IM,,,2215,AUG25,0,20,2005,
724270,"Juhasz, Armin",HUN,M,IM,FT,,2304,AUG25,0,20,1998,i
703079,"Juhasz, Bela",HUN,M,FM,,,2116,AUG25,0,20,1952,i
705020,"Juhasz, Bence",HUN,M,,,,1888,AUG25,0,20,1996,i
17003784,"Juhasz, Edmond",HUN,M,,,,1671,AUG25,0,40,2010,i
733652,"Juhasz, Gabor",HUN,M,,,,1835,AUG25,0,20,1961,i
17018064,"Juhasz, Istvan Tuvsindzsargal",HUN,M,,,,1715,AUG25,0,20,1999,
768499,"Juhasz, Judit",HUN,F,WFM,WFM,,2037,AUG25,0,20,2004,w
738808,"Juhasz, Kristof",HUN,M,IM,,,2386,AUG25,0,20,1994,i
720445,"Juhasz, Laszlo",HUN,M,,,,2092,AUG25,0,20,1970,
740160,"Juhasz, Matyas Peter",HUN,M,,,,1743,AUG25,0,20,1995,i
761885,"Juhasz, Mihaly Jr",HUN,M,,,,1827,AUG25,0,20,1985,i
796743,"Juhasz, Tamas",HUN,M,,NA,,1851,AUG25,0,20,1996,i
765368,"Juhasz, Zoltan",HUN,M,,,,AIM,AUG25,2095,0,1973,
743607,"Jurasits, Miklos",HUN,M,,,,1749,AUG25,0,20,1970,i
705071,"Justyak, Gabor",HUN,M,,,,1821,AUG25,0,20,1991,i
778559,"Kacsandi, Lili Fruzsina",HUN,F,,,,1823,AUG25,0,20,2003,wi
790672,"Kacziba, Sandor",HUN,M,,,,1502,AUG25,0,20,1979,i
705098,"Kaczur, Florian",HUN,M,IM,,,2491,AUG25,0,10,1998,i
737925,"Kaczvinszki, Viktor",HUN,M,,,,1710,AUG25,0,20,1974,i
700770,"Kadar, Gabor",HUN,M,FM,,,2043,AUG25,0,20,1934,i
787116,"Kadi, Richard",HUN,M,,,,1866,AUG25,0,20,1977,i
703257,"Kahn, Evarth Dr.",HUN,M,IM,,,2115,AUG25,0,20,1972,
711888,"Kajtar, Dora",HUN,F,,,,1736,AUG25,0,20,1995,w
741540,"Kajtar, Gergo",HUN,M,,,,1882,AUG25,0,20,1998,i
705446,"Kakuk, Sandor",HUN,M,,,,1998,AUG25,0,20,1968,i
761460,"Kalasz, Robert",HUN,M,,,,1871,AUG25,8,20,1980,
735515,"Kalla, Tibor",HUN,M,,,,1983,AUG25,0,20,1974,i
17001455,"Kalnai, Borbala",HUN,F,,,,1630,AUG25,0,20,2006,wi
768324,"Kaloczi, Kristof",HUN,M,,,,2032,AUG25,0,20,2001,i
716308,"Kaman, Attila",HUN,M,,,,2127,AUG25,0,20,1953,i
17028116,"Kamuthy, Mate",HUN,M,,,,ACM,AUG25,1414,0,2011,
751499,"Kantor, Gergely",HUN,M,GM,,,2510,AUG25,0,10,1999,
17019982,"Kantor, Katalin",HUN,F,,NA,,1527,AUG25,0,20,1998,wi
707503,"Kanyadi, Zoltan",HUN,M,,,,1922,AUG25,0,20,1968,
731706,"Kapas, Robert",HUN,M,,IA,,1903,AUG25,0,20,1979,i
762490,"Kapitz, Dominik",HUN,M,,,,1910,AUG25,0,20,2001,i
795488,"Karacsonyi, Bank",HUN,M,,,,2033,AUG25,8,40,2010,
764620,"Karacsonyi, Gellert",HUN,M,IM,,,2393,AUG25,9,20,2004,
769584,"Karacsonyi, Kata",HUN,F,WFM,WFM,,1978,AUG25,8,20,2006,w
743658,"Karacsonyi, Laszlo",HUN,M,,,,1863,AUG25,0,20,1959,i
781894,"Karacsonyi, Luca",HUN,F,,,,2007,AUG25,8,40,2008,w
760773,"Kardics, Janos",HUN,M,,,,1806,AUG25,0,20,1956,i
799343,"Kardos, Levente",HUN,M,,,,1755,AUG25,0,20,2006,i
705390,"Karikas, Marianna",HUN,F,,NA,,1849,AUG25,0,20,1995,wi
723673,"Kariko, Lajos",HUN,M,,,,1831,AUG25,0,20,1975,i
17008360,"Karman, Gergely",HUN,M,,,,1651,AUG25,0,40,2011,i
17013259,"Karman, Laszlo",HUN,M,,,,1496,AUG25,0,20,1972,i
17013070,"Karman, Mihaly",HUN,M,,,,1422,AUG25,0,40,2013,i
747793,"Karolyi, Jozsef",HUN,M,,,,1707,AUG25,0,20,1967,
17029988,"Karolyi, Mihaly",HUN,M,,,,1664,AUG25,0,40,2016,
743674,"Karpati, Bank",HUN,M,,,,1897,AUG25,0,20,1995,i
743682,"Karpati, Gabor",HUN,M,,,,1931,AUG25,0,20,1963,i
740195,"Karpati, Kende Vajk",HUN,M,,,,1889,AUG25,0,20,1998,i
17007585,"Kasa, Barnabas",HUN,M,,,,1727,AUG25,0,40,2010,
796689,"Kasnya, Peter",HUN,M,,,,1681,AUG25,0,40,2007,i
727288,"Kassay, Krisztian",HUN,M,,,,2170,AUG25,0,20,1998,i
751138,"Kassay, Lilla",HUN,F,WFM,WFM,,2129,AUG25,0,20,1999,w
17030242,"Kasza, Zsombor",HUN,M,,,,1575,AUG25,0,40,2008,
752410,"Kaszas, Kristof",HUN,M,,,,1892,AUG25,0,20,1997,i
747157,"Katona, Jozsef",HUN,M,,,,1761,AUG25,0,20,1953,
730742,"Katona, Peter",HUN,M,,,,1859,AUG25,0,20,1987,
712337,"Kaufmann, Attila",HUN,M,,,,1993,AUG25,0,20,1956,i
763250,"Kaufmann, Kristof",HUN,M,,,,1646,AUG25,0,20,2003,i
727989,"Kaufmann, Peter",HUN,M,,,,1973,AUG25,0,20,2000,i
739650,"Keki, Jozsef",HUN,M,,,,1601,AUG25,0,20,1993,
730190,"Kele, Karoly",HUN,M,,,,1979,AUG25,0,20,1961,i
17015391,"Kelemen, Csaba Herkules",HUN,M,,,,1719,AUG25,0,20,1994,i
754072,"Kelemen, David",HUN,M,,,,2083,AUG25,0,20,2002,
720836,"Kelemen, Gyorgy",HUN,M,,,,1997,AUG25,0,20,1965,i
724149,"Kelemen, Imre",HUN,M,,,,1971,AUG25,0,20,1975,i
769886,"Kelemen, Szabolcs",HUN,M,,,,1932,AUG25,0,20,2004,i
755494,"Kelemen-Fekete, Agnes",HUN,F,,,,1860,AUG25,0,20,1998,wi
17003660,"Kellermann, Botond",HUN,M,,,,1687,AUG25,0,40,2010,i
743704,"Kemendi, Daniel",HUN,M,,,,1904,AUG25,9,20,1995,
702366,"Kende, Gyorgy Dr.",HUN,M,CM,,,2072,AUG25,0,20,1949,i
707570,"Kerek, Csaba",HUN,M,,,,2336,AUG25,0,20,1980,i
707562,"Kerek, Krisztian",HUN,M,,,,2058,AUG25,0,20,1979,
724939,"Keresztes, Mark",HUN,M,,,,1974,AUG25,0,20,1985,i
719919,"Keresztes, Richard",HUN,M,FM,,,2321,AUG25,0,20,1985,i
717479,"Keresztes, Zoltan",HUN,M,,,,1998,AUG25,0,20,1957,i
17024404,"Kertesz, Adam",HUN,M,,,,1465,AUG25,0,40,2014,
778397,"Kertesz, Aron Borsa",HUN,M,,,,1880,AUG25,0,20,2006,
740217,"Kertesz, Matyas Armin",HUN,M,,,,1639,AUG25,0,20,2000,i
779318,"Kerti, Janos",HUN,M,,,,1722,AUG25,0,20,1985,i
702072,"Keschitz, Gyorgy",HUN,M,FM,,,2156,AUG25,0,20,1966,i
705721,"Keseru, Tibor",HUN,M,,,,AGM,AUG25,1935,0,1991,i
717746,"Keszi, Janos",HUN,M,,,,2064,AUG25,0,20,1955,i
13301446,"Khechumyan, Gagik",HUN,M,,,,2085,AUG25,0,20,1957,i
17023440,"Kiczing, Ambrus Sebestyen",HUN,M,,,,1629,AUG25,0,40,2013,i
17017190,"Kincses, Emma",HUN,F,WCM,WCM,,1684,AUG25,0,40,2011,w
766690,"Kiraly, Barnabas",HUN,M,,,,1810,AUG25,0,20,2003,i
787159,"Kiraly, Kata",HUN,F,,,,1608,AUG25,0,20,2002,wi
795224,"Kiraly, Lilla Virag",HUN,F,,,,1812,AUG25,0,40,2007,w
747599,"Kiripolszky, Tamas",HUN,M,,,,1914,AUG25,0,20,1963,i
705780,"Kis, Bela",HUN,M,,,,2051,AUG25,0,20,1964,i
799050,"Kis, Vanda Liana",HUN,F,,,,1510,AUG25,0,20,2006,wi
787280,"Kis-Bank, Andras",HUN,M,,,,1466,AUG25,0,20,2006,i
772623,"Kis-Bank, Tamas",HUN,M,,,,1834,AUG25,0,20,1972,i
718963,"Kiss, Akos",HUN,M,,,,2012,AUG25,0,20,1983,i
758892,"Kiss, Albert",HUN,M,,,,1804,AUG25,0,20,1986,i
726982,"Kiss, Balazs",HUN,M,,,,1938,AUG25,0,20,1981,i
17026474,"Kiss, Balint",HUN,M,,,,1567,AUG25,0,40,2007,i
17005230,"Kiss, Benedek",HUN,M,,,,1836,AUG25,0,20,2005,i
775002,"Kiss, Eniko",HUN,F,WCM,WCM,,1822,AUG25,0,20,2004,wi
723266,"Kiss, Ferenc",HUN,M,,,,1914,AUG25,0,20,1949,i
706841,"Kiss, Gergely",HUN,M,FM,,,2150,AUG25,0,20,1975,
17026482,"Kiss, Gergely",HUN,M,,,,1549,AUG25,0,20,2005,i
747602,"Kiss, Gergely Dr.",HUN,M,,,,2120,AUG25,0,20,1994,i
17004306,"Kiss, Inez",HUN,F,,,,1591,AUG25,0,40,2011,wi
727636,"Kiss, Lajos",HUN,M,,,,2104,AUG25,0,20,1990,i
770418,"Kiss, Laszlo",HUN,M,,,,1942,AUG25,0,20,1982,i
17025486,"Kiss, Lena",HUN,F,,,,1460,AUG25,0,40,2015,w
725560,"Kiss, Levente",HUN,M,,,,2007,AUG25,0,20,1987,i
17025478,"Kiss, Lotti",HUN,F,,,,1447,AUG25,0,40,2015,w
17006716,"Kiss, Mate Botond",HUN,M,,,,1599,AUG25,0,40,2013,
701475,"Kiss, Pal",HUN,M,IM,,,2221,AUG25,0,20,1963,i
768634,"Kiss, Rebeka Anna",HUN,F,,FA,,1904,AUG25,0,20,2001,w
708690,"Kiss, Robert",HUN,M,,,,2088,AUG25,0,20,1971,i
17015421,"Kiss, Villo",HUN,F,,,,1429,AUG25,0,40,2015,wi
770604,"Kiss, Zoltan Zsolt",HUN,M,,,,1930,AUG25,0,20,1981,i
705420,"Kladiva, Istvan",HUN,M,,,,1924,AUG25,0,20,1956,i
710792,"Knisch, Gabor",HUN,M,,,,1899,AUG25,0,20,1947,i
17033861,"Kocsi, Aron Vencel",HUN,M,,,,1620,AUG25,0,40,2008,
779598,"Kocsis, Akos",HUN,M,,,,1699,AUG25,0,20,2005,i
17025745,"Kocsis, Benedek",HUN,M,,,,1610,AUG25,0,20,2005,
706272,"Kocsis, Soma",HUN,M,,,,1756,AUG25,0,20,1989,i
786616,"Kocsis, Tamas",HUN,M,,,,1574,AUG25,0,20,1974,i
757861,"Kocsis, Tihamer",HUN,M,,,,1885,AUG25,0,20,1986,i
783889,"Kocsmar, Akos",HUN,M,,,,1947,AUG25,0,20,2006,
703281,"Koczka, Zsolt",HUN,M,FM,,,2277,AUG25,0,20,1974,i
723460,"Koczo, Kristof",HUN,M,FM,,,2091,AUG25,0,20,1987,
726788,"Kohalmi, Endre Jr.",HUN,M,,,,1972,AUG25,0,20,1990,i
714410,"Kokeny, Gabor",HUN,M,CM,,,2109,AUG25,0,20,1988,i
759740,"Kokeny, Norbert Adrian",HUN,M,FM,,,2265,AUG25,0,20,2002,i
798410,"Kolimar, Kristof Pal",HUN,M,FM,,,2160,AUG25,0,40,2008,
17009910,"Kollar, Balazs",HUN,M,,,,1624,AUG25,0,40,2011,
17017432,"Koller, Jozsef",HUN,M,,,,1635,AUG25,0,20,1955,
712949,"Kolozsvary, Miklos",HUN,M,,,,1587,AUG25,0,20,1952,i
756644,"Koltai, Daniel",HUN,M,,,,1881,AUG25,0,20,2000,i
739014,"Komjathy, Andras",HUN,M,,,,2072,AUG25,0,20,1992,i
789631,"Komocsin, Kont",HUN,M,,,,1702,AUG25,0,20,1996,i
17030846,"Koncz, Boldizsar",HUN,M,,,,1632,AUG25,7,40,2011,
798290,"Koncz, Regina",HUN,F,,,,1624,AUG25,0,20,2006,wi
796042,"Koncz, Zoltan",HUN,M,,,,1558,AUG25,0,20,1977,i
707945,"Konig, Balazs",HUN,M,,,,2079,AUG25,0,20,1972,
741795,"Konkoly, Sandor",HUN,M,,,,1661,AUG25,0,20,1951,i
721280,"Konnyu, Janos",HUN,M,IM,,,2243,AUG25,0,20,1985,
714437,"Konya, Attila",HUN,M,,,,1897,AUG25,0,20,1966,i
734080,"Konya, Balazs",HUN,M,,,,1995,AUG25,0,20,1987,i
785911,"Konyves, Almos",HUN,M,FM,,,2080,AUG25,0,40,2007,i
791334,"Konyves, Gabor",HUN,M,,,,1831,AUG25,0,20,1997,i
798983,"Koran, Katalin Anna",HUN,F,,,,1467,AUG25,0,40,2007,wi
762156,"Korcz, Sandor",HUN,M,,,,1879,AUG25,0,20,1994,i
730483,"Kormos, Adam",HUN,M,,,,2071,AUG25,0,20,1988,
755133,"Kormos, Jozsef",HUN,M,,,,1863,AUG25,0,20,1955,i
765589,"Korodi, Mihaly",HUN,M,,,,1761,AUG25,0,20,1936,
703605,"Koronghy, Gyula",HUN,M,,,,1984,AUG25,0,20,1944,i
706671,"Korpa, Bence",HUN,M,GM,,,2475,AUG25,0,10,1998,i
17007470,"Kosa, Andras Jozsef",HUN,M,,,,1816,AUG25,0,20,1985,i
725498,"Kosa, Gergely",HUN,M,,,,1961,AUG25,0,20,1982,
719170,"Kosa, Peter",HUN,M,,,,2125,AUG25,0,20,1979,i
17001471,"Kosi, Kornel Aron",HUN,M,,,,1627,AUG25,0,40,2008,i
793922,"Kosik, Zente",HUN,M,,,,1653,AUG25,0,40,2009,i
797707,"Kossela, Peter",HUN,M,,,,2000,AUG25,0,40,2008,i
17001072,"Koszo, Ferenc",HUN,M,,,,1593,AUG25,0,20,1963,
768600,"Koszta, Benedek",HUN,M,,,,1944,AUG25,0,20,2004,i
713457,"Koszta, Mihaly",HUN,M,,,,1716,AUG25,0,20,1949,i
779725,"Koteljarto, Aron",HUN,M,,,,1759,AUG25,0,20,2006,i
717380,"Kovacs, Adrian",HUN,M,CM,,,2176,AUG25,0,20,1981,i
17014964,"Kovacs, Agnes",HUN,F,,,,1421,AUG25,0,40,2012,w
796310,"Kovacs, Akos",HUN,M,,,,1466,AUG25,0,40,2010,i
752037,"Kovacs, Apollo",HUN,M,,,,2093,AUG25,0,20,1994,
700894,"Kovacs, Arthur Dr.",HUN,M,,,,AFM,AUG25,1953,0,1969,i
706868,"Kovacs, Daniel",HUN,M,,,,2003,AUG25,0,20,1994,
726664,"Kovacs, David",HUN,M,,,,2069,AUG25,0,20,1988,i
17020301,"Kovacs, David Akos",HUN,M,,,,ACM,AUG25,1569,0,2004,i
702889,"Kovacs, Elod",HUN,M,FM,,,2104,AUG25,0,20,1968,i
716219,"Kovacs, Gabor",HUN,M,IM,,,2405,AUG25,0,10,1977,i
769193,"Kovacs, Gabor Etele",HUN,M,,FA,,1995,AUG25,0,20,2002,
722308,"Kovacs, Geza",HUN,M,,,,2021,AUG25,0,20,1969,i
701890,"Kovacs, Istvan",HUN,M,,,,2120,AUG25,0,20,1955,i
769215,"Kovacs, Judit",HUN,F,,,,2018,AUG25,0,20,2002,wi
739383,"Kovacs, K. Arpad",HUN,M,,,,1909,AUG25,0,20,1954,i
733210,"Kovacs, Klara",HUN,F,WIM,WIM,IA,2053,AUG25,0,20,1994,w
799831,"Kovacs, Kristof",HUN,M,,,,2219,AUG25,0,40,2010,
735299,"Kovacs, Lajos",HUN,M,,,,2136,AUG25,0,20,1994,
710199,"Kovacs, Laszlo",HUN,M,,,,1853,AUG25,0,20,1966,i
17018730,"Kovacs, Mate",HUN,M,,,,1651,AUG25,0,40,2012,i
779938,"Kovacs, Mate Koppany",HUN,M,,,,1841,AUG25,0,20,1998,i
712558,"Kovacs, Miklos",HUN,M,,,,1915,AUG25,0,20,1996,i
760455,"Kovacs, Milan",HUN,M,,,,1948,AUG25,0,20,2000,i
790702,"Kovacs, Reka",HUN,F,WCM,WCM,,1832,AUG25,0,40,2008,w
714976,"Kovacs, Sandor",HUN,M,,,,1649,AUG25,0,20,1968,i
716898,"Kovacs, Tamas",HUN,M,,NA,,2105,AUG25,0,20,1977,i
720771,"Kovacs, Tibor",HUN,M,,,,1781,AUG25,0,20,1958,i
796344,"Kovacs, Veronika",HUN,F,,,,1708,AUG25,0,40,2007,w
17025230,"Kovacs, Zente Peter",HUN,M,,,,1580,AUG25,0,40,2010,i
781290,"Kovacs, Zsigmond",HUN,M,,,,1541,AUG25,0,20,1982,
733369,"Kovacs, Zsolt",HUN,M,,,,2132,AUG25,0,20,1990,i
769290,"Kovacsy, Barnabas",HUN,M,FM,,,2145,AUG25,0,20,2003,
753157,"Kovago, Istvan",HUN,M,,,,1920,AUG25,0,20,1967,i
731463,"Kovalcsik, Zoltan Mihaly",HUN,M,,,,1815,AUG25,0,20,1964,i
753246,"Kozak, Adam",HUN,M,GM,,,2492,AUG25,0,10,2002,
17030951,"Kozak, Adam",HUN,M,,,,1553,AUG25,3,40,2016,
17033500,"Kozak, Levente",HUN,M,,,,1455,AUG25,5,40,2018,
1201840,"Kozma, Edit",HUN,F,WFM,WFM,,1778,AUG25,0,20,1961,wi
743909,"Kozma, Gabor",HUN,M,,,,2009,AUG25,0,20,1990,i
701807,"Kozma, Karoly",HUN,M,FM,,,2117,AUG25,0,20,1970,i
17006376,"Kozma, Zsolt",HUN,M,,,,1804,AUG25,0,20,1969,i
730858,"Kozma, Zsolt Dr.",HUN,M,,,,1781,AUG25,0,20,1993,
782416,"Kozsik, Bende Barnabas",HUN,M,,,,1891,AUG25,0,20,2005,i
17030102,"Kralik, Gabor Janos",HUN,M,,,,1834,AUG25,7,20,1978,
6521762,"Kramar, Adam",HUN,M,,,,1436,AUG25,0,40,2011,
6520197,"Kramar, David",HUN,M,,,,1846,AUG25,0,40,2008,
774227,"Kratzmajer, Akos Gyorgy",HUN,M,,,,2001,AUG25,0,20,2004,i
777773,"Kreiter, Lilla",HUN,F,,,,1593,AUG25,0,20,2006,wi
794422,"Kresz, Adam",HUN,M,,,,2185,AUG25,0,20,2002,i
701718,"Krizsany, Laszlo",HUN,M,IM,,,2330,AUG25,0,10,1971,i
760056,"Krstulovic, Alex",HUN,M,IM,,,2322,AUG25,0,20,2003,i
706248,"Krutti, Valer",HUN,M,IM,,,2289,AUG25,0,20,1966,i
17020891,"Kulcsar, Jozsef",HUN,M,,,,1620,AUG25,0,20,1991,i
17020883,"Kulcsar, Tamas",HUN,M,,,,1515,AUG25,0,20,1995,i
769061,"Kunos, Zoltan",HUN,M,,,,2010,AUG25,0,20,1998,i
17010209,"Kunovits, Jozsef",HUN,M,,,,1703,AUG25,0,20,1990,i
706892,"Kurcsics, Mate",HUN,M,,,,2018,AUG25,0,20,1996,i
726028,"Kurics, Laszlo",HUN,M,,,,1945,AUG25,0,20,1980,i
791113,"Kurucz, Gergely",HUN,M,,,,1724,AUG25,0,20,1995,i
702900,"Kustar, Sandor",HUN,M,IM,,,2326,AUG25,0,20,1968,
756075,"Kutas, Lajos Jr.",HUN,M,,,,1933,AUG25,0,20,1988,i
766437,"Lakatos, Tamas",HUN,M,,,,1998,AUG25,0,20,2004,i
751600,"Lako, Istvan",HUN,M,,,,1772,AUG25,0,20,1986,
17012910,"Lako, Istvan Jr.",HUN,M,,,,1496,AUG25,0,40,2010,
17012902,"Lako, Peter",HUN,M,,,,1757,AUG25,0,40,2013,
17023424,"Lako, Samuel",HUN,M,,,,1482,AUG25,0,40,2016,
705128,"Lakos, Nikoletta",HUN,F,WGM,WGM,,2195,AUG25,0,20,1978,wi
757250,"Lamik, Janos",HUN,M,,NA,,AIM,AUG25,1906,0,1986,i
718416,"Landenberger, Laszlo",HUN,M,,,,1852,AUG25,0,20,1954,i
17004136,"Lang, Bence",HUN,M,,,,1694,AUG25,0,40,2010,
745820,"Lang, Krisztian",HUN,M,,,,1584,AUG25,0,20,1978,i
726672,"Lantos, Attila",HUN,M,,,,1954,AUG25,0,20,1968,i
795526,"Laskai, Gabor",HUN,M,,,,1905,AUG25,0,40,2007,
787400,"Laszlo, Balazs",HUN,M,,,,1802,AUG25,0,20,2006,i
17021995,"Laszlo, Botond",HUN,M,,,,1608,AUG25,9,40,2015,
789810,"Laszlo, Csaba",HUN,M,,NA,,AIM,AUG25,1972,0,2002,i
709050,"Laszlo, Imre",HUN,M,,AO,,2020,AUG25,0,20,1975,
703621,"Laszlo, Janos",HUN,M,FM,,,2131,AUG25,0,20,1966,
17005612,"Lauko, Denes",HUN,M,,,,1686,AUG25,0,40,2008,i
741345,"Laza, Szabolcs",HUN,M,,,,1989,AUG25,0,20,1998,
17028540,"Lazar, Zoltan",HUN,M,,,,1615,AUG25,0,20,1980,i
723894,"Lazarne Vajda, Szidonia",HUN,F,IM,WGM,FT,2335,AUG25,0,20,1979,wi
17006350,"Lazsadi, Blanka Anna",HUN,F,,,,1560,AUG25,0,40,2010,wi
797545,"Lazsadi, Kerka Lilla",HUN,F,,,,1852,AUG25,0,40,2008,wi
4648013,"Lehocz, Jozsef",HUN,M,,,,1973,AUG25,0,20,1972,
799270,"Lehocz, Jozsef Jr.",HUN,M,,,,2154,AUG25,0,40,2010,
703303,"Leko, Peter",HUN,M,GM,,,2738,AUG25,0,10,1979,i
768758,"Lendvai, Oliver",HUN,M,,,,AFM,AUG25,1609,0,2005,i
727806,"Lengyel, Istvan",HUN,M,,,,1959,AUG25,0,20,1986,i
726184,"Lengyel, Istvan",HUN,M,,,,1914,AUG25,0,20,1957,i
726486,"Lengyel, Laszlo",HUN,M,,,,2026,AUG25,0,20,1982,
728616,"Lengyel, Sandor",HUN,M,,,,1800,AUG25,0,20,1961,i
769070,"Leszko, Bence",HUN,M,FM,,,2240,AUG25,0,20,2003,
721247,"Leviczky, Tibor",HUN,M,FM,,,2255,AUG25,0,20,1984,i
798720,"Librecz, Lenard",HUN,M,,,,1889,AUG25,9,40,2009,
725102,"Ligart, Tamas",HUN,M,FM,,,2126,AUG25,0,20,1982,i
17015758,"Lingg, Erich Otto",HUN,M,,,,1842,AUG25,0,20,1950,i
777153,"Lippai, Tibor",HUN,M,,,,1657,AUG25,0,20,2002,i
756083,"Lippert, Ferenc",HUN,M,,,,1696,AUG25,0,20,1982,
700320,"Liptay, Laszlo Dr.",HUN,M,IM,,,2233,AUG25,0,20,1937,i
17005140,"Litavecz, Gabor Dr.",HUN,M,,,,1774,AUG25,0,20,1979,i
731595,"Lizak, Peter",HUN,M,IM,,,2423,AUG25,0,10,1991,i
734616,"Lorand, Norbert",HUN,M,FM,,,2169,AUG25,0,20,1993,
718408,"Lorincz, Otto",HUN,M,,,,1893,AUG25,0,20,1949,i
770442,"Losonczi, Marcell",HUN,M,FM,,,2136,AUG25,0,20,2004,i
701645,"Lovas, Daniel Dr.",HUN,M,,,,1945,AUG25,0,20,1954,
718173,"Lovas, Zsolt",HUN,M,,,,1981,AUG25,0,20,1961,i
17024560,"Lovasi, Boldizsar",HUN,M,,,,1449,AUG25,0,40,2013,i
17024552,"Lovasi, Vendel",HUN,M,,,,1563,AUG25,0,40,2015,i
789500,"Lovaszi, Szabolcs",HUN,M,,,,1747,AUG25,0,20,2004,i
767190,"Lukacs, Albert",HUN,M,,,,1886,AUG25,0,20,1965,
774260,"Lukacs, Anna Kata",HUN,F,,,,1860,AUG25,0,20,2003,wi
734110,"Lukacs, Daniel",HUN,M,,,,2025,AUG25,0,20,1990,i
768987,"Lukacs, Imre",HUN,M,,,,1809,AUG25,0,20,1975,
731196,"Lukacs, Laszlo",HUN,M,,,,1812,AUG25,0,20,1954,i
17007410,"Lukacs, Levente",HUN,M,,,,1566,AUG25,0,40,2012,
17023823,"Macsai, Karoly",HUN,M,,,,1702,AUG25,0,20,1967,
17027136,"Madarasz, Hunor",HUN,M,,,,1823,AUG25,0,40,2011,
17030056,"Mago, Zsolt",HUN,M,,,,1563,AUG25,0,20,1994,
723118,"Magyar, Andras",HUN,M,,,,2309,AUG25,0,20,1986,i
790192,"Magyar, Erik Ferenc",HUN,M,,,,AFM,AUG25,1884,0,2006,i
724440,"Magyar, Istvan Dr.",HUN,M,,,,1908,AUG25,0,20,1971,i
703311,"Magyar, Otto",HUN,M,FM,,,2129,AUG25,0,20,1959,i
756202,"Magyary, Istvan Gellert",HUN,M,,,,1601,AUG25,0,20,2000,i
752428,"Majnay, Peter",HUN,M,,,,1930,AUG25,0,20,1998,i
761940,"Major, Norbert",HUN,M,,,,1797,AUG25,0,20,1982,i
761036,"Major, Robert",HUN,M,,,,1934,AUG25,0,20,2001,i
17001781,"Majorits, Erik",HUN,M,,,,1618,AUG25,0,20,2005,i
794872,"Majorits, Gyula",HUN,M,,,,1549,AUG25,0,20,1978,i
796107,"Majorits, Jazmin",HUN,F,,,,1643,AUG25,0,20,2003,wi
767310,"Majoros, Rozsa Evelin",HUN,F,,FA,,1926,AUG25,0,20,2004,w
705691,"Majzik, Levente",HUN,M,,,,2226,AUG25,0,20,1968,i
784192,"Makai, Jozsef",HUN,M,,,,1728,AUG25,0,20,1980,i
790206,"Makay, Mark Janos",HUN,M,,,,2043,AUG25,0,40,2007,
730998,"Manfay, Mate",HUN,M,,,,2140,AUG25,0,20,1987,
708232,"Maraczi, Erno",HUN,M,,,,2095,AUG25,0,20,1946,i
785261,"Marcz, Tade",HUN,M,,,,1629,AUG25,0,20,2006,i
773719,"Margl, Roland",HUN,M,FM,,,2283,AUG25,0,20,2000,
789739,"Marjanovic, Alex",HUN,M,,,,2046,AUG25,0,40,2008,
750930,"Marjanovic, Annamaria",HUN,F,WGM,WGM,,2241,AUG25,0,20,2001,w
731994,"Marjanovic, Gyorgy",HUN,M,,,,1971,AUG25,0,20,1973,
771074,"Markus, Jozsef",HUN,M,,,,1766,AUG25,0,20,1953,i
789470,"Markus, Molli Amina",HUN,F,WCM,WCM,,1917,AUG25,0,40,2007,w
773530,"Marosvolgyi, Ferenc",HUN,M,,,,1870,AUG25,0,20,1953,i
17022738,"Marsov, Mikhail",HUN,M,,,,1630,AUG25,0,40,2012,i
713864,"Marta, Dominik",HUN,M,,,,2109,AUG25,0,20,1999,
724157,"Martini, Balazs",HUN,M,FM,,,2260,AUG25,0,20,1976,i
747190,"Marton, Attila",HUN,M,,,,1862,AUG25,0,20,1996,i
763349,"Marton, David",HUN,M,,,,1705,AUG25,0,20,2001,
708739,"Marton, Jozsef",HUN,M,,,,1958,AUG25,0,20,1963,i
17004063,"Marton, Zoltan",HUN,M,,,,1764,AUG25,0,20,2004,
17013135,"Marton-John, Almos Kiran",HUN,M,,,,1855,AUG25,0,40,2014,
717096,"Mate, Balazs",HUN,M,,,,1977,AUG25,0,20,1976,
17020107,"Mate, Bende",HUN,M,,,,1666,AUG25,0,20,2005,i
758981,"Mate, Maria",HUN,F,,,,1862,AUG25,0,20,1970,wi
736724,"Matota, Kornel Dr.",HUN,M,,,,1939,AUG25,0,20,1973,
735779,"Matuska, Miklos",HUN,M,,,,1985,AUG25,0,20,1966,i
786551,"Matyas, Imre Dr.",HUN,M,,,,1848,AUG25,0,20,1974,i
17019788,"Matyas-Martinovics, Zolta",HUN,M,,,,1482,AUG25,0,40,2013,
17005167,"Matyassy, Lazar",HUN,M,FM,,,2086,AUG25,0,40,2009,
780278,"Matyi, Attila",HUN,M,,,,1912,AUG25,0,20,1997,i
732796,"Mausz, Antal",HUN,M,,,,1839,AUG25,0,20,1933,i
711535,"Mede, Istvan",HUN,M,FM,,,2244,AUG25,0,20,1977,i
741809,"Medve, Mark",HUN,M,,,,2099,AUG25,0,20,1997,
725862,"Medvegy, Judit",HUN,F,,,,1993,AUG25,0,20,1984,wi
17006473,"Medvegy, Maria",HUN,F,,,,1472,AUG25,0,40,2013,wi
708402,"Medvegy, Zoltan Dr.",HUN,M,GM,,,2507,AUG25,0,10,1979,i
724980,"Medvegyne Balogh, Emese",HUN,F,WFM,WFM,,2096,AUG25,0,20,1983,wi
789461,"Megyaszai, Balazs",HUN,M,,,,2040,AUG25,0,40,2008,i
799637,"Megyeri, Martin",HUN,M,,,,AFM,AUG25,1755,0,2009,i
716715,"Meixner, Ferenc",HUN,M,,,,2065,AUG25,0,20,1962,i
17023777,"Menczel-Kiss, Nandor",HUN,M,,,,1609,AUG25,0,40,2013,i
702935,"Menyhart, Tibor",HUN,M,FM,,,2073,AUG25,0,20,1967,i
718670,"Merena, Laszlo",HUN,M,,,,1746,AUG25,0,20,1956,
725587,"Mester, Attila",HUN,M,,,,2036,AUG25,0,20,1974,i
704008,"Mester, Gyula",HUN,M,FM,,,2284,AUG25,0,20,1974,
700720,"Meszaros, Andras",HUN,M,IM,FST,,2208,AUG25,0,20,1956,i
17002931,"Meszaros, Andras",HUN,M,,,,1741,AUG25,0,20,1953,i
706043,"Meszaros, Attila",HUN,M,,,,1897,AUG25,0,20,1965,i
750328,"Meszaros, Daniel",HUN,M,,,,1977,AUG25,0,20,1998,
750336,"Meszaros, Edmond Vilmos",HUN,M,,,,1672,AUG25,0,20,1998,
701653,"Meszaros, Gyula",HUN,M,IM,,,2279,AUG25,0,20,1967,i
732257,"Meszaros, Pal",HUN,M,,,,1780,AUG25,0,20,1951,i
749702,"Meszaros, Szilveszter",HUN,M,,FA,,1674,AUG25,0,20,1978,i
717410,"Meszaros, Tamas",HUN,M,IM,,,2395,AUG25,0,10,1985,i
747742,"Meszaros, Vilmos",HUN,M,,,,1939,AUG25,0,20,1967,
17012775,"Meszaros-Csonka, David",HUN,M,,,,1752,AUG25,0,40,2012,i
17012783,"Meszaros-Csonka, Mate",HUN,M,,,,1455,AUG25,0,40,2008,i
724076,"Mezei, Csaba",HUN,M,,,,1946,AUG25,0,20,1962,i
719021,"Mihalik, Agoston",HUN,M,,,,2092,AUG25,0,20,1985,i
735787,"Mihaljevic, Branko",HUN,M,,,,1930,AUG25,0,20,1952,i
17002990,"Mihaly, Ferenc",HUN,M,,,,1691,AUG25,0,20,1951,i
754862,"Mihaly, Zoltan",HUN,M,,,,1879,AUG25,0,20,1959,i
708747,"Mihalyfi, Gabor",HUN,M,,,,1915,AUG25,0,20,1961,i
700916,"Mihok, Laszlo",HUN,M,FM,FT,,1994,AUG25,0,20,1954,
728012,"Mihok, Oliver",HUN,M,GM,,,2415,AUG25,0,10,1993,i
743585,"Mihok-Juhasz, Barbara",HUN,F,WIM,WIM,,2143,AUG25,0,20,1995,wi
17015316,"Miko, Biborka",HUN,F,,,,1655,AUG25,0,40,2013,wi
711357,"Miko, Valer",HUN,M,,,,2014,AUG25,0,20,1977,i
714186,"Mile, Kalmanne",HUN,F,,,,1786,AUG25,0,20,1946,wi
707856,"Mincsovics, Miklos",HUN,M,,,,2201,AUG25,0,20,1976,i
17014298,"Minga-Nagy, Abel Inti",HUN,M,,,,1951,AUG25,0,40,2013,
715085,"Minorics, Tibor",HUN,M,,,,1816,AUG25,0,20,1965,i
14119102,"Mintenko, Heorhiy",HUN,M,,,,1915,AUG25,8,20,1961,
737240,"Miricz, Eniko",HUN,F,,,,1775,AUG25,0,20,1993,wi
769827,"Mirza, Solyom",HUN,M,,,,2002,AUG25,0,20,1997,i
758710,"Miseta, Nora Dr.",HUN,F,,NA,,1832,AUG25,0,20,1998,wi
763276,"Miszler, Levente",HUN,M,FM,,,2221,AUG25,0,20,2001,
736759,"Mitric, Milutin",HUN,M,,,,1865,AUG25,0,20,1955,i
17016266,"Mizik, Gergo",HUN,M,,,,1466,AUG25,0,40,2012,
729671,"Mizik, Tamas dr.",HUN,M,,NA,,1995,AUG25,0,20,1975,i
736767,"Mizik, Zsolt",HUN,M,,,,2068,AUG25,0,20,1977,
734276,"Mocza, Attila",HUN,M,,,,AFM,AUG25,1932,0,1985,
790516,"Moczar, Peter",HUN,M,,,,1665,AUG25,0,20,2003,i
776246,"Moder, Istvan",HUN,M,,,,1842,AUG25,0,20,1972,i
715603,"Mokcsay, Robert",HUN,M,FM,,,2197,AUG25,0,20,1973,i
769657,"Molnar, Adam",HUN,M,,,,1699,AUG25,0,20,1999,i
17015189,"Molnar, Aron",HUN,M,,,,1466,AUG25,0,40,2011,i
708925,"Molnar, Aurel",HUN,M,,,,2102,AUG25,0,20,1973,i
772496,"Molnar, Aurel Jr.",HUN,M,,,,1945,AUG25,0,20,2004,i
704318,"Molnar, Bela",HUN,M,IM,FT,,2247,AUG25,0,20,1965,i
17003873,"Molnar, Dalma Reka",HUN,F,,,,1600,AUG25,0,40,2010,wi
798533,"Molnar, Daniel Zsolt",HUN,M,,,,1717,AUG25,0,40,2008,i
735981,"Molnar, Gabor",HUN,M,,,,1939,AUG25,0,20,1984,i
748846,"Molnar, Gabor",HUN,M,,,,1979,AUG25,0,20,1989,i
744174,"Molnar, Gyula",HUN,M,,,,1770,AUG25,0,20,1953,i
723355,"Molnar, Janos",HUN,M,,,,1820,AUG25,0,20,1969,i
8401080,"Molnar, Jozsef",HUN,M,,,,2139,AUG25,0,20,1972,i
718815,"Molnar, Krisztian",HUN,M,,,,1957,AUG25,0,20,1972,
703885,"Molnar, Laszlo",HUN,M,,,,2120,AUG25,0,20,1970,i
724483,"Molnar, Laszlo",HUN,M,,,,2142,AUG25,0,20,1984,i
17009715,"Molnar, Lidia Emilia",HUN,F,,,,1680,AUG25,0,40,2007,wi
783471,"Molnar, Liza Dorottya",HUN,F,,,,1830,AUG25,0,20,2005,wi
777919,"Molnar, Mark Daniel",HUN,M,,,,1806,AUG25,0,20,2004,i
710962,"Molnar, Marton Marcello",HUN,M,,,,2055,AUG25,0,20,1971,i
777900,"Molnar, Mozes David",HUN,M,,,,1822,AUG25,0,20,2003,i
749729,"Molnar, Sandor",HUN,M,,,,1898,AUG25,0,20,1955,i
716871,"Molnar, Tamas",HUN,M,,,,1929,AUG25,0,20,1975,i
754552,"Molnar, Tibor",HUN,M,,,,1895,AUG25,0,20,1974,i
787108,"Molnar, Zsolt",HUN,M,,,,1773,AUG25,0,20,1967,i
17007631,"Molnar-Saska, Tamas",HUN,M,,,,1578,AUG25,0,40,2012,i
761338,"Monduk, Ferenc",HUN,M,,,,1932,AUG25,0,20,2001,i
775509,"Monduk, Laszlo",HUN,M,,,,1804,AUG25,0,20,2003,i
17013046,"Morovan-Szabo, Lorinc",HUN,M,,,,1862,AUG25,0,40,2012,
719595,"Mozsar, Laszlo",HUN,M,,,,2061,AUG25,0,20,1968,i
719960,"Muhari, Istvan",HUN,M,,,,2169,AUG25,0,20,1982,i
737860,"Muranyi, Geza",HUN,M,,,,1664,AUG25,0,20,1959,i
779490,"Muranyi, Peter",HUN,M,,,,1961,AUG25,0,20,2006,i
702749,"Murin, Janos",HUN,M,,,,2053,AUG25,0,20,1948,i
17016959,"Murphy, Simon",HUN,M,,,,1641,AUG25,0,40,2010,i
716332,"Nadassy, Attila",HUN,M,,,,1932,AUG25,0,20,1969,i
707589,"Nadhazi, Imre",HUN,M,,,,1874,AUG25,0,20,1992,i
17025494,"Nagy, Andras Jr.",HUN,M,,,,1671,AUG25,0,20,1985,i
17028825,"Nagy, Anna Fruzsina",HUN,F,,,,1464,AUG25,0,40,2009,w
733717,"Nagy, Aron",HUN,M,,,,2086,AUG25,0,20,1988,i
718220,"Nagy, Bela",HUN,M,,,,1974,AUG25,0,20,1958,i
718920,"Nagy, Bence",HUN,M,FM,,,2226,AUG25,14,20,1983,
17034701,"Nagy, Bence",HUN,M,,,,1838,AUG25,0,20,2001,
777188,"Nagy, Bettina",HUN,F,,,,1719,AUG25,0,20,2003,wi
784974,"Nagy, Daniel",HUN,M,,,,1846,AUG25,0,20,2006,i
17023190,"Nagy, David Zoltan",HUN,M,,,,1417,AUG25,7,40,2014,
17018420,"Nagy, Dominik",HUN,M,,,,1871,AUG25,0,40,2007,i
773433,"Nagy, Ferenc",HUN,M,,,,1918,AUG25,0,20,2001,i
737119,"Nagy, Gabor",HUN,M,GM,,,2508,AUG25,9,10,1994,
720844,"Nagy, Gabor Dr.",HUN,M,,,,1859,AUG25,0,20,1975,i
17010284,"Nagy, Gergely",HUN,M,,,,1646,AUG25,0,20,1999,
718904,"Nagy, Hunor",HUN,M,,,,1941,AUG25,0,20,1982,i
760471,"Nagy, Istvan Miklos",HUN,M,,,,1864,AUG25,0,20,1999,i
727059,"Nagy, Jozsef",HUN,M,,,,AIM,AUG25,1854,0,1964,i
706280,"Nagy, Kalman",HUN,M,,,,2044,AUG25,0,20,1951,i
738921,"Nagy, Kristof",HUN,M,,,,2178,AUG25,0,20,1993,i
726729,"Nagy, Lajos",HUN,M,,,,1862,AUG25,0,20,1957,i
710083,"Nagy, Laszlo",HUN,M,,,,1639,AUG25,0,20,1937,i
17010268,"Nagy, Levente Laszlo",HUN,M,,,,1710,AUG25,0,40,2010,
760935,"Nagy, Lorenzo",HUN,M,,,,1775,AUG25,0,20,2002,i
709549,"Nagy, Miklos",HUN,M,,,,1981,AUG25,0,20,1952,
752630,"Nagy, Noemi",HUN,F,,FA,,1893,AUG25,0,20,1995,w
17024455,"Nagy, Norbert",HUN,M,,,,1724,AUG25,0,40,2015,
759791,"Nagy, Peter",HUN,M,,,,1771,AUG25,0,20,1989,
765082,"Nagy, Tamas",HUN,M,,,,1937,AUG25,0,20,1994,i
704997,"Nagy, Zoltan",HUN,M,FM,,,2170,AUG25,0,20,1956,i
17023394,"Nagy, Zoltan Andras",HUN,M,,,,1465,AUG25,7,40,1981,
746754,"Nagy, Zsolt",HUN,M,,,,1886,AUG25,0,20,1977,i
735345,"Nagy, Zsolt",HUN,M,,,,1775,AUG25,0,20,1973,i
17010217,"Nagy, Zsolt",HUN,M,,,,1678,AUG25,0,20,1975,i
458023,"Nagy-Miticzky, Mark",HUN,M,,,,1896,AUG25,0,20,1997,i
706361,"Nagyajtai, Gabor",HUN,M,,,,2118,AUG25,0,20,1969,i
741116,"Nagybiro, Laszlo",HUN,M,,,,2026,AUG25,0,20,1997,
12982016,"Nandin-Erdene, Davaademberel",HUN,F,WFM,WFM,,1802,AUG25,0,40,2008,wi
763764,"Nemes, Peter Jr.",HUN,M,,,,1894,AUG25,0,20,1980,i
733407,"Nemeth, Attila Janos",HUN,M,,,,1970,AUG25,0,20,1967,
763837,"Nemeth, Balint",HUN,M,,,,1860,AUG25,0,20,2001,i
17002621,"Nemeth, Benjamin",HUN,M,,,,1503,AUG25,0,20,2005,i
17025834,"Nemeth, David Istvan",HUN,M,,,,1587,AUG25,0,20,1996,i
737631,"Nemeth, Denes",HUN,M,,,,2225,AUG25,0,20,1993,i
711055,"Nemeth, Gergely",HUN,M,,,,2030,AUG25,0,20,1996,
795453,"Nemeth, Mark",HUN,M,,,,1764,AUG25,0,20,2006,
720232,"Nemeth, Miklos",HUN,M,IM,,,2430,AUG25,0,10,1986,
734128,"Nemeth, Miklos",HUN,M,,,,2104,AUG25,0,20,1990,i
700657,"Nemeth, Zoltan",HUN,M,IM,,,2187,AUG25,0,20,1959,i
750352,"Nemeth, Zoltan",HUN,M,,,,1560,AUG25,0,20,1988,i
17034531,"Nemeth-Nagy, Kristof",HUN,M,,,,AFM,AUG25,1429,0,2010,
711993,"Nemeti, Kornel",HUN,M,,,,2088,AUG25,0,20,1997,i
744239,"Neszmenyi, Zoltan",HUN,M,,,,1915,AUG25,0,20,1990,i
707970,"Ngo Tan, Don",HUN,M,FM,,,2164,AUG25,0,20,1998,i
714038,"Nguyen, Thanh Do",HUN,M,,,,1864,AUG25,0,20,1960,i
17006732,"Niksz, Norbert",HUN,M,,,,1623,AUG25,0,20,1974,i
737640,"Nizak, Andras",HUN,M,,,,1932,AUG25,0,20,1970,i
4900782,"Nomin-Erdene, Davaademberel",HUN,F,IM,WGM,,2250,AUG25,0,20,2000,w
17014310,"Novak, Csanad Mihaly",HUN,M,,,,1579,AUG25,0,40,2014,i
17017840,"Novak, Mihaly",HUN,M,,,,1628,AUG25,0,20,1976,i
734438,"Novaky, Csaba",HUN,M,,,,2021,AUG25,0,20,1988,i
782408,"Nyers, Daniel",HUN,M,,,,1625,AUG25,0,20,2002,i
17019532,"Nyitrai, Florian",HUN,M,,,,1501,AUG25,0,40,2010,i
738263,"Nyoger, Istvan",HUN,M,,,,1912,AUG25,0,20,1986,i
790141,"Nyuli, Leila",HUN,F,,NA,,1549,AUG25,0,20,2006,wi
705950,"Oberfrank, Istvan Sr.",HUN,M,,,,1748,AUG25,0,20,1944,
729728,"Olah, Jozsef",HUN,M,,,,1887,AUG25,0,20,1960,i
703354,"Olah, Zsigmond",HUN,M,,,,2005,AUG25,0,20,1953,i
17012767,"Olajos, Eszter",HUN,F,,,,1700,AUG25,0,40,2009,w
767018,"Olle, Rebeka Sara",HUN,F,,,,1747,AUG25,0,20,2003,wi
709921,"Oltean, Gusztav",HUN,M,,,,1993,AUG25,0,20,1962,i
770280,"Ongut, Tamas Gunes",HUN,M,FM,,,2152,AUG25,0,20,2003,
795739,"Onodi, Miklos",HUN,M,,,,1990,AUG25,0,40,2010,
784915,"Onodi, Tamas",HUN,M,,,,2223,AUG25,0,20,2006,i
17006481,"Oros, Rajmund",HUN,M,,,,1611,AUG25,0,40,2008,i
760498,"Orosz, Andras",HUN,M,FM,,,2205,AUG25,0,20,1997,i
702390,"Orosz, Andras",HUN,M,,,,2186,AUG25,0,20,1966,i
782424,"Orosz, Zsuzsanna",HUN,F,,,,1832,AUG25,0,20,1976,wi
702099,"Orso, Janos",HUN,M,FM,,,2059,AUG25,0,20,1954,i
700290,"Orso, Miklos",HUN,M,IM,FT,,2280,AUG25,0,20,1956,i
17028710,"Orsos, Kristof",HUN,M,,,,1635,AUG25,0,40,2008,i
755214,"Osgyani, Sandor",HUN,M,,,,1852,AUG25,0,20,1959,i
741078,"Paal, Andras",HUN,M,,,,1990,AUG25,0,20,1990,i
706710,"Paal-Szucs, Attila",HUN,M,,,,2036,AUG25,0,20,1970,i
714631,"Pajor, Csaba",HUN,M,,,,1710,AUG25,0,20,1964,i
790222,"Pakozdi, Artur Ferenc",HUN,M,,,,1529,AUG25,0,40,2008,i
702528,"Paksa, Rudolf",HUN,M,FM,,,1917,AUG25,0,20,1954,i
778400,"Paksai, Nikolett",HUN,F,,,,1572,AUG25,0,40,2008,wi
718769,"Pal, Ferenc",HUN,M,,,,1743,AUG25,0,20,1959,
704016,"Pal, Geza",HUN,M,,,,2130,AUG25,0,20,1947,i
765090,"Pal, Istvan",HUN,M,,,,1898,AUG25,0,20,2004,i
769908,"Palczert, Botond",HUN,M,,,,1946,AUG25,0,20,2003,i
782297,"Palczert, Hajnalka",HUN,F,,,,1650,AUG25,0,20,2005,wi
784958,"Palczert, Matyas",HUN,M,FM,,,2348,AUG25,0,20,2007,
774677,"Palkovics, Balazs",HUN,M,,NA,,1864,AUG25,0,20,2000,
719862,"Palla, Gyorgy",HUN,M,,,,1954,AUG25,0,20,1947,i
715255,"Pallagi, Janos",HUN,M,,,,1981,AUG25,0,20,1960,i
759422,"Palocz, Katalin",HUN,F,,,,1593,AUG25,0,20,1966,wi
723851,"Palotai, Bendeguz Dr.",HUN,M,,,,2078,AUG25,0,20,1997,
752223,"Palvolgyi, Peter",HUN,M,,,,1966,AUG25,0,20,1987,i
799556,"Panda, Barnabas",HUN,M,,,,2030,AUG25,0,40,2009,i
725323,"Pap, Gyula",HUN,M,GM,,,2525,AUG25,0,10,1991,i
17022681,"Pap, Kende",HUN,M,,,,1547,AUG25,0,40,2010,
17027012,"Pap, Marko",HUN,M,,,,1718,AUG25,0,40,2010,
727083,"Pap, Peter",HUN,M,CM,,,2126,AUG25,0,20,1984,i
17014689,"Papai, Mate",HUN,M,,,,1970,AUG25,0,40,2012,
718246,"Papista, Akos",HUN,M,,,,2131,AUG25,0,20,1981,
728470,"Papp, Abel",HUN,M,,,,2130,AUG25,0,20,1992,i
727539,"Papp, Balazs",HUN,M,,,,2069,AUG25,0,20,1980,i
788384,"Papp, Bence",HUN,M,FM,,,2168,AUG25,0,20,2003,i
17011809,"Papp, Bence",HUN,M,,,,AFM,AUG25,1830,0,2010,
703362,"Papp, Csaba Dr.",HUN,M,,,,1998,AUG25,0,20,1964,i
718602,"Papp, Gabor",HUN,M,GM,,,2567,AUG25,0,10,1987,i
709557,"Papp, Gellert",HUN,M,FM,,,2209,AUG25,0,20,1977,i
776718,"Papp, Istvan",HUN,M,,,,1854,AUG25,0,20,1954,i
718238,"Papp, Jozsef",HUN,M,,,,1945,AUG25,0,20,1958,i
17013704,"Papp, Kinga",HUN,F,,,,1517,AUG25,3,40,2008,w
751243,"Papp, Levente",HUN,M,FM,,,2400,AUG25,0,10,2001,
17015561,"Papp, Lorinc",HUN,M,,,,1840,AUG25,8,20,2006,
779270,"Papp, Marcell Imre",HUN,M,,,,1698,AUG25,0,20,2005,i
739049,"Papp, Petra",HUN,F,WGM,WGM,FT,2305,AUG25,0,20,1993,w
725447,"Papp, Tamas",HUN,M,FM,,,2161,AUG25,0,20,1989,i
740772,"Papp, Zsolt Dr.",HUN,M,,,,1959,AUG25,0,20,1961,i
10802622,"Parikh, Pranjal Ameetkumar",HUN,F,,,,1612,AUG25,0,20,2002,wi
760781,"Parragi, Istvan",HUN,M,,,,AIM,AUG25,1961,0,1996,
790834,"Pasti, Anna",HUN,F,,,,1899,AUG25,0,20,2003,wi
785857,"Pasti, Aron",HUN,M,IM,,,2227,AUG25,0,20,2006,
799173,"Pasti, Zsombor",HUN,M,,,,1986,AUG25,0,40,2009,
706779,"Paszler, Jozsef",HUN,M,,,,2104,AUG25,0,20,1961,i
774723,"Pasztor, Balazs",HUN,M,IM,,,2381,AUG25,0,20,2006,
704989,"Pasztor, Ferenc",HUN,M,FM,,,2165,AUG25,0,20,1958,i
710334,"Pasztor, Lorant",HUN,M,,,,1936,AUG25,0,20,1974,i
768391,"Patai, Jozsef",HUN,M,,,,1899,AUG25,0,20,1966,i
768430,"Patai, Peter",HUN,M,,,,1941,AUG25,0,20,1999,i
768405,"Patai, Tamas",HUN,M,,,,1854,AUG25,0,20,1994,i
718610,"Pataki, Gyozo",HUN,M,IM,,,2365,AUG25,0,20,1983,i
785385,"Pater, Peter",HUN,M,,,,1943,AUG25,0,20,2006,
762083,"Pecsi, Roland",HUN,M,,,,1859,AUG25,0,20,1995,i
17028256,"Penaranda, Jay Jay",HUN,M,,,,1937,AUG25,0,20,1990,
708216,"Percze, Janos",HUN,M,,,,2062,AUG25,0,20,1966,i
786454,"Peredi, Oliver",HUN,M,,,,1993,AUG25,0,20,2004,i
705985,"Peredy, Ferenc",HUN,M,IM,,,2145,AUG25,0,20,1972,i
726583,"Peregi, Zsolt",HUN,M,,,,1993,AUG25,0,20,1971,i
731064,"Peresznyak, Peter",HUN,M,,,,1895,AUG25,0,20,1978,i
17008590,"Pergel, Bence",HUN,M,,,,1554,AUG25,0,40,2012,
707953,"Pergel, Laszlo",HUN,M,FM,AO,,2152,AUG25,0,20,1979,
771279,"Persanyi, Barnabas",HUN,M,FM,,,2247,AUG25,0,20,2004,i
772194,"Pesti, Mate",HUN,M,,,,1923,AUG25,0,20,2002,
703451,"Pesztericz, Laszlo",HUN,M,FM,,,2137,AUG25,0,20,1953,i
780758,"Petervari, Szabolcs",HUN,M,,,,1991,AUG25,0,20,2005,
17018692,"Petnehazi, Peter",HUN,M,,,,1505,AUG25,0,20,2004,i
17024153,"Peto, Kira Melitta",HUN,F,,,,1424,AUG25,0,40,2012,w
794686,"Petrecz, Akos",HUN,M,,,,1617,AUG25,0,40,2008,i
724653,"Petro, Jozsef",HUN,M,,,,1882,AUG25,0,20,1992,i
777994,"Petroczy, Zoltan",HUN,M,,,,1807,AUG25,0,20,2005,i
758558,"Pilmayer, Katalin Viola",HUN,F,,,,1728,AUG25,0,20,1986,wi
781304,"Pinter, Szabolcs Peter",HUN,M,,,,1807,AUG25,0,20,1998,i
761370,"Pinter, Tamas",HUN,M,,,,1797,AUG25,0,20,1981,
764329,"Piri, Tamas",HUN,M,,,,1802,AUG25,0,20,2000,i
702773,"Piroska, Istvan",HUN,M,,,,2113,AUG25,0,20,1957,i
763934,"Pocsik, Gergo",HUN,M,,,,1741,AUG25,0,20,1993,i
785369,"Pogany, Zsombor",HUN,M,,,,2094,AUG25,0,20,2002,i
777846,"Polenszki, Peter Andras",HUN,M,,,,1771,AUG25,0,20,2000,i
700070,"Polgar, Judit",HUN,F,GM,,,2736,AUG25,0,10,1976,wi
17018447,"Polgar, Mark",HUN,M,,,,1686,AUG25,0,40,2011,i
769169,"Polyanszky-Tamasi, Zoltan Dr.",HUN,M,,"AO,FA",,1882,AUG25,0,20,1975,i
758817,"Polyik, Peter",HUN,M,FM,,,2169,AUG25,0,20,2000,i
17014212,"Porcza, Antal Otto Dr.",HUN,M,,,,1521,AUG25,0,20,1945,i
17001820,"Porkolab, Izsak",HUN,M,,,,1554,AUG25,0,40,2007,i
17002664,"Porpaczy, Marton",HUN,M,,,,1612,AUG25,0,40,2009,i
757330,"Posfai, Zoltan",HUN,M,,,,1831,AUG25,0,20,1949,i
716758,"Pota, Lajos",HUN,M,,,,1776,AUG25,0,20,1949,i
17024676,"Pozer, Aurel",HUN,M,,,,1633,AUG25,0,40,2008,i
729760,"Pram, Imre",HUN,M,,,,2004,AUG25,0,20,1970,i
715441,"Prantner, Janos Jr.",HUN,M,,,,2005,AUG25,0,20,1947,i
736848,"Presznyak, Istvan",HUN,M,,,,1995,AUG25,0,20,1969,i
769738,"Pribelszky, Bence",HUN,M,IM,,,2325,AUG25,0,20,2003,
768677,"Prohaszka, Gyula Imre",HUN,M,,,,1688,AUG25,0,20,2003,i
726265,"Prohaszka, Peter",HUN,M,GM,FT,,2577,AUG25,0,10,1992,
789011,"Pulveri, Laszlo",HUN,M,,,,1681,AUG25,0,20,1970,i
793493,"Purak, Zoltan",HUN,M,,,,1859,AUG25,0,20,1971,i
17003202,"Puskas, Mihaly",HUN,M,,,,1829,AUG25,0,40,2008,
17019931,"Puskasne Dr. Kisbodri, Cecilia",HUN,F,,AO,,1525,AUG25,0,20,1976,wi
774340,"Rabi-Nagy, Daniel",HUN,M,,,,1797,AUG25,0,20,2002,
702560,"Rabovszky, Gyorgy",HUN,M,,,,1846,AUG25,0,20,1955,i
751375,"Racz, Bence",HUN,M,,,,1796,AUG25,0,20,1997,i
777960,"Racz, David Larion",HUN,M,,,,1806,AUG25,0,20,2002,i
767034,"Radacsi, Marton",HUN,M,,,,1795,AUG25,0,20,2000,i
771287,"Radai, Balazs",HUN,M,,,,1849,AUG25,0,20,2004,
726702,"Radnai, Adam",HUN,M,FM,FT,,2141,AUG25,0,20,1989,
726435,"Raibl, Zoltan",HUN,M,,,,1954,AUG25,0,20,1975,
735817,"Rakaczki, Csaba",HUN,M,,,,2024,AUG25,0,20,1976,i
710571,"Rakaczki, Zoltan",HUN,M,,,,2042,AUG25,0,20,1982,i
734446,"Rakos, Adam",HUN,M,,,,2048,AUG25,0,20,1993,i
937266,"Rapport, Jovana",HUN,F,WGM,WGM,FT,2218,AUG25,0,20,1992,wi
738590,"Rapport, Richard",HUN,M,GM,,,2630,AUG25,0,10,1996,
789917,"Reisinger, Rita",HUN,F,,,,1681,AUG25,0,20,1992,wi
763713,"Rekasi, Tibor",HUN,M,,,,AFM,AUG25,1801,0,1977,i
728403,"Rekasi, Zsolt",HUN,M,,,,1836,AUG25,0,20,1970,i
17005949,"Ress, Amira",HUN,F,,,,1738,AUG25,0,40,2009,w
732001,"Ress, Tamas",HUN,M,FM,,,2220,AUG25,0,20,1989,
17013445,"Restar, Laszlo Dr.",HUN,M,,,,1824,AUG25,0,20,1986,i
703478,"Restas, Peter",HUN,M,FM,,,2059,AUG25,0,20,1956,i
744514,"Reszler, J. Robert",HUN,M,,,,1986,AUG25,0,20,1976,i
758000,"Retkes, Peter",HUN,M,,,,1995,AUG25,0,20,1997,i
760609,"Retkes, Sandor",HUN,M,,,,1915,AUG25,0,20,1967,i
771295,"Reviczki, Roland",HUN,M,CM,,,2030,AUG25,0,20,2004,
727407,"Reznak, Attila",HUN,M,FM,,,2282,AUG25,0,20,1991,i
700010,"Ribli, Zoltan",HUN,M,GM,,,2532,AUG25,0,10,1951,i
767964,"Ronai, Akos Balazs",HUN,M,CM,,,2150,AUG25,0,20,2004,
797006,"Roszjar, Szabolcs",HUN,M,,,,1687,AUG25,0,20,2002,i
794775,"Roth, Kornel",HUN,M,,,,2094,AUG25,0,20,1988,i
767492,"Rozsa, Miklos",HUN,M,,,,1615,AUG25,0,20,1996,i
705560,"Rozsa, Peter",HUN,M,,,,2021,AUG25,0,20,1969,i
702404,"Rozsa, Sandor",HUN,M,,,,1910,AUG25,0,20,1955,
705713,"Ruck, Robert",HUN,M,GM,,,2518,AUG25,0,10,1977,
797677,"Ruck, Samuel",HUN,M,,,,1635,AUG25,0,40,2008,i
706973,"Ruck, Tamas",HUN,M,FM,,,2331,AUG25,0,20,1974,i
737690,"Runda, Mate Bence",HUN,M,,,,1876,AUG25,0,20,1992,i
716740,"Ruppaner, Janos",HUN,M,,,,1996,AUG25,0,20,1954,
711365,"Ruska, Zoltan",HUN,M,,,,1906,AUG25,0,20,1974,i
759236,"Ruska, Zoltan Jr.",HUN,M,,,,1623,AUG25,0,20,2001,i
797669,"Saar, Istvan Harry",HUN,M,,,,1534,AUG25,0,20,1966,i
793892,"Saar, Patrik",HUN,M,,,,1935,AUG25,0,20,2000,
783706,"Sagi, Bence",HUN,M,,,,2106,AUG25,0,20,2003,
17009219,"Salamon, Laszlo",HUN,M,,,,2095,AUG25,0,40,2008,
17001340,"Salamon, Zsigmond",HUN,M,,,,1767,AUG25,0,20,2004,i
705608,"Salanki, Endre",HUN,M,,,,2269,AUG25,0,20,1941,i
17005019,"Sallai, Marton",HUN,M,,,,1730,AUG25,0,40,2010,i
716430,"Saller, Imre",HUN,M,,,,1872,AUG25,0,20,1943,i
790001,"Sandor, Anna Luca",HUN,F,,,,1561,AUG25,0,20,2005,wi
779350,"Sandor, Viktor",HUN,M,,,,1831,AUG25,0,20,1981,i
720143,"Sardy, Peter Dr.",HUN,M,FM,,,2304,AUG25,0,20,1978,i
775096,"Sarmasi, Peter",HUN,M,,AO,,1908,AUG25,0,20,1987,i
716618,"Sarok, Peter",HUN,M,,,,2145,AUG25,0,20,1968,
732419,"Sarosi, Attila",HUN,M,,,,1655,AUG25,0,20,1966,i
756342,"Sarvari, Peter",HUN,M,,,,1757,AUG25,0,20,1967,i
705462,"Sarvari, Robert",HUN,M,,,,1986,AUG25,0,20,1938,i
17019818,"Sary, Gabor",HUN,M,,,,1689,AUG25,0,20,1990,i
17013666,"Schmidt, Aron",HUN,M,,,,1726,AUG25,0,40,2010,
761990,"Schmidt, Jozsef",HUN,M,,,,1555,AUG25,0,20,1950,i
17026563,"Schmidt, Konrad",HUN,M,,,,1410,AUG25,0,40,2012,i
17012678,"Schmied, Erik Rajmund",HUN,M,,,,1799,AUG25,0,40,2009,
716090,"Schmikli, Laszlo",HUN,M,FM,,,2165,AUG25,0,20,1969,i
721530,"Schneider, Veronika",HUN,F,WGM,WGM,,2237,AUG25,0,20,1987,wi
17002273,"Schrenk, Jazmin",HUN,F,,,,1545,AUG25,0,40,2008,wi
775363,"Schwarczenberger, Csongor",HUN,M,,,,1844,AUG25,0,20,2005,i
725528,"Sebestyen, Gabor",HUN,M,,,,2150,AUG25,0,20,1980,i
766879,"Sebestyen, Laszlo Jr",HUN,M,,,,1586,AUG25,0,20,1982,i
793159,"Selim, Tareq Dr.",HUN,M,,,,AIM,AUG25,1847,7,1962,
730653,"Selley, Gabor",HUN,M,,,,1813,AUG25,0,20,1989,i
17017220,"Seres, Barnabas",HUN,M,,,,1917,AUG25,0,40,2010,
701386,"Seres, Bela",HUN,M,FM,,,2003,AUG25,0,20,1962,
701254,"Seres, Lajos",HUN,M,GM,,,2362,AUG25,0,10,1973,i
722839,"Seres, Sandor",HUN,M,,,,1980,AUG25,0,20,1946,i
17031117,"Seres, Zoltan",HUN,M,,,,1643,AUG25,0,20,1978,i
794295,"Serfozo, Adam",HUN,M,,,,1902,AUG25,0,20,1978,
700401,"Shan, He Jia Rita",HUN,F,,,,1845,AUG25,0,20,1998,wi
17003504,"Shen, Yiyun",HUN,M,,,,1543,AUG25,0,40,2011,i
17019133,"Sido, Sara",HUN,F,,,,1457,AUG25,0,40,2013,wi
17008778,"Sijer, Laszlo",HUN,M,,,,1734,AUG25,0,20,1995,i
744646,"Sike, Tamas",HUN,M,,,,2049,AUG25,0,20,1995,i
769312,"Siklodi, Kristof Karoly",HUN,M,,,,1819,AUG25,0,20,1983,i
700380,"Siklosi, Zoltan",HUN,M,IM,,,2247,AUG25,0,20,1955,i
709468,"Sillye, Kalman",HUN,M,,,,2000,AUG25,0,20,1960,i
754498,"Simon, Attila",HUN,M,,,,1930,AUG25,0,20,1994,
17020786,"Simon, Balint",HUN,M,,,,1743,AUG25,0,40,2007,i
721654,"Simon, Istvan",HUN,M,,,,1677,AUG25,0,20,1960,i
712159,"Simon, Lili",HUN,F,,,,2066,AUG25,0,20,2000,wi
785555,"Simon, Milan Gabor",HUN,M,,,,1705,AUG25,0,40,2007,i
17003580,"Simon, Ors Attila",HUN,M,,,,1732,AUG25,0,20,2005,i
17030196,"Simon, Rudolf",HUN,M,,,,1462,AUG25,0,20,2006,
17014808,"Simon, Tibor",HUN,M,,,,1474,AUG25,0,20,1992,i
17000424,"Simon, Virag Boglarka",HUN,F,,,,1702,AUG25,0,40,2007,wi
739731,"Simonics, Peter",HUN,M,,,,1958,AUG25,0,20,1990,
17014840,"Sinoros-Szabo, Daniel",HUN,M,,,,1928,AUG25,0,40,2011,
17014859,"Sinoros-Szabo, Mate",HUN,M,,,,1990,AUG25,0,40,2011,
720631,"Sipos, Istvan",HUN,M,IM,,,2446,AUG25,0,10,1987,i
17014239,"Sipos, Stefania",HUN,F,WCM,WCM,,1835,AUG25,6,20,2006,w
4189302,"Sjugirov, Sanan",HUN,M,GM,,,2620,AUG25,0,10,1993,i
17020433,"Slemmer, Hunor",HUN,M,,,,1755,AUG25,0,40,2012,i
4107799,"Sofrygin, Alexey",HUN,M,FM,,,2263,AUG25,0,20,1957,i
708267,"Solty, Laszlo",HUN,M,,,,2144,AUG25,0,20,1974,
790737,"Solymosi, Zsolt",HUN,M,,,,1759,AUG25,0,20,1981,i
710695,"Solyom, Sandor",HUN,M,,,,1780,AUG25,0,20,1966,i
798878,"Somlai, Almos Gellert",HUN,M,,,,1515,AUG25,0,40,2009,i
700495,"Somlai, Laszlo",HUN,M,,,,2313,AUG25,0,20,1970,i
17010225,"Somlan, Benjamin",HUN,M,,,,1771,AUG25,0,20,1992,i
788902,"Somlan, Gellert",HUN,M,,,,1627,AUG25,0,20,2003,i
17009081,"Somlan, Lorant Gyorgy",HUN,M,,,,1705,AUG25,0,20,1993,i
735833,"Somlan, Robert Dr.",HUN,M,,,,1986,AUG25,0,20,1966,i
744697,"Somody, Robert",HUN,M,,,,1992,AUG25,0,20,1991,i
17019362,"Somogyi, Laura",HUN,F,,,,1602,AUG25,0,20,2004,wi
793841,"Somos, Mate",HUN,M,,,,1845,AUG25,0,20,2000,
701394,"Soos, Arpad",HUN,M,IM,,,2271,AUG25,0,20,1970,
784265,"Soros, Patrik",HUN,M,,,,1749,AUG25,0,20,1998,i
17018498,"Starkey, Daniel Artur",HUN,M,,,,1730,AUG25,0,20,1994,i
795828,"Steiner, Botond",HUN,M,,,,1966,AUG25,0,40,2007,
767743,"Stermenszky, Tamas",HUN,M,,,,1962,AUG25,0,20,1984,i
763896,"Stern, Tibor",HUN,M,,,,2127,AUG25,0,20,1974,i
712590,"Strasser, Zsolt",HUN,M,,,,1856,AUG25,0,20,1990,i
738573,"Straubinger, Daniel Dr.",HUN,M,FM,,,2252,AUG25,0,20,1994,i
741094,"Suba, Gergely",HUN,M,,,,1853,AUG25,0,20,1980,i
713732,"Suhajda, Attila",HUN,M,,,,2004,AUG25,0,20,1993,i
711250,"Suhajda, Sandor",HUN,M,,,,1855,AUG25,0,20,1951,i
769762,"Sulyok, Eszter",HUN,F,,,,1934,AUG25,0,20,2005,wi
706060,"Suranyi, Pal",HUN,M,,,,2053,AUG25,15,20,1972,
709034,"Suto, Gabor",HUN,M,FM,,,2069,AUG25,0,20,1974,
17011744,"Suto, Sandor Tamas",HUN,M,,,,1775,AUG25,0,20,1997,i
762911,"Szabo - Thomka, Daniel",HUN,M,,,,1874,AUG25,0,20,1992,i
17008077,"Szabo, Abel",HUN,M,,,,1988,AUG25,0,20,2006,i
787310,"Szabo, Andrea Erzsebet",HUN,F,,,,1718,AUG25,0,20,2001,wi
727105,"Szabo, Balazs",HUN,M,FM,,,2317,AUG25,0,20,1987,
782700,"Szabo, Balazs",HUN,M,,,,1841,AUG25,0,20,1989,i
733776,"Szabo, Bence",HUN,M,IM,FT,,2375,AUG25,0,20,1994,i
799840,"Szabo, Bence Peter",HUN,M,,,,1623,AUG25,0,20,2002,
744760,"Szabo, Csaba",HUN,M,,,,1878,AUG25,0,20,1974,i
17016339,"Szabo, Daniel",HUN,M,,,,1565,AUG25,0,40,2008,
705047,"Szabo, Ervin",HUN,M,,,,1909,AUG25,0,20,1948,i
734535,"Szabo, Gabor",HUN,M,,,,1950,AUG25,0,20,1974,i
749095,"Szabo, Gyozo Laszlo",HUN,M,,,,1771,AUG25,0,20,1958,i
728853,"Szabo, Istvan",HUN,M,,,,1855,AUG25,0,20,1961,i
744794,"Szabo, Kristof",HUN,M,,,,2040,AUG25,0,20,1992,
722901,"Szabo, Krisztian",HUN,M,GM,FST,,2541,AUG25,0,10,1989,i
735655,"Szabo, Krisztian",HUN,M,,,,1843,AUG25,0,20,1980,i
728713,"Szabo, Laszlo",HUN,M,,,,1932,AUG25,0,20,1944,
17014085,"Szabo, Laszlo E",HUN,M,,,,1659,AUG25,0,20,1983,
787914,"Szabo, Laszlo Jr.",HUN,M,,,,1782,AUG25,0,20,1987,i
725358,"Szabo, Leon",HUN,M,,,,2148,AUG25,0,20,1992,
708534,"Szabo, Levente Edvard",HUN,M,,,,1885,AUG25,0,20,1996,i
793361,"Szabo, Martin",HUN,M,,,,1958,AUG25,0,20,2002,i
787086,"Szabo, Marton Mihaly",HUN,M,FM,,,2166,AUG25,0,20,2001,i
792071,"Szabo, Matyas Pal",HUN,M,,,,1848,AUG25,0,20,1999,i
17007267,"Szabo, Norbert",HUN,M,,,,1849,AUG25,0,20,1986,i
769819,"Szabo, Pal",HUN,M,,,,1900,AUG25,0,20,1974,i
792390,"Szabo, Peter F.",HUN,M,,,,1784,AUG25,0,20,2004,i
732753,"Szabo, Peter Imre dr.",HUN,M,,,,1974,AUG25,0,20,1986,i
739065,"Szabo, Richard",HUN,M,,,,2179,AUG25,0,20,1992,i
786586,"Szabo, Richard",HUN,M,,,,1653,AUG25,0,20,1954,i
798550,"Szabo, Vilmos Nandor",HUN,M,,,,1483,AUG25,0,40,2009,i
17006821,"Szabo, Vince David",HUN,M,,,,1837,AUG25,0,40,2010,i
719269,"Szabo, Virag",HUN,F,,,,1972,AUG25,0,20,1983,wi
797138,"Szabo-Toth, Gabor",HUN,M,CM,,,1915,AUG25,0,40,2009,i
701270,"Szabolcsi, Janos",HUN,M,IM,,,2319,AUG25,0,20,1952,i
711691,"Szajbely, Zsigmond",HUN,M,FM,,,2326,AUG25,0,20,1998,
753840,"Szakal, Bela",HUN,M,,,,1835,AUG25,0,20,1958,i
739324,"Szakaly, Balazs",HUN,M,,,,1982,AUG25,0,20,1984,i
17001811,"Szakaly, Sarolta Reka",HUN,F,,,,1457,AUG25,0,20,2004,wi
17004039,"Szakmary, Domonkos",HUN,M,,,,1947,AUG25,0,40,2009,
17015588,"Szakolczai, Alex",HUN,M,,,,1536,AUG25,0,40,2014,i
724378,"Szalai, Kornel",HUN,M,IM,,,2414,AUG25,0,10,1986,i
760536,"Szalai, Krisztian",HUN,M,,,,1800,AUG25,0,20,1996,i
17025036,"Szalai, Mate",HUN,M,,,,1564,AUG25,0,40,2008,i
700347,"Szalanczi, Emil",HUN,M,IM,,,1974,AUG25,0,20,1953,
775886,"Szalanczi, Flora",HUN,F,,,,1795,AUG25,0,20,2002,wi
784923,"Szalay-Ocsak, Bank",HUN,M,FM,,,2050,AUG25,0,20,2006,
770744,"Szalovszky, Viktoria",HUN,F,,,,1684,AUG25,0,20,2003,wi
17003210,"Szamko, Balint",HUN,M,,,,1434,AUG25,0,40,2010,i
17003229,"Szamko, Hanna",HUN,F,,,,1700,AUG25,0,20,2006,wi
719056,"Szamoskozi, Gabor",HUN,M,FM,,,2254,AUG25,0,20,1983,i
762555,"Szaniszlo, Janos",HUN,M,,,,1834,AUG25,0,20,1979,i
17023165,"Szantai, Andras",HUN,M,,,,1722,AUG25,0,40,2014,
17014760,"Szantai, Milan",HUN,M,,,,1526,AUG25,0,40,2009,
17037646,"Szaraz, Richard",HUN,M,,,,1467,AUG25,7,40,1994,
17029198,"Szarka, Robert",HUN,M,,,,1599,AUG25,0,20,1982,i
735574,"Szarka, Szilard",HUN,M,,,,1922,AUG25,0,20,1975,i
17004187,"Szarvas, Nora",HUN,F,,,,1951,AUG25,0,40,2009,w
710245,"Szava, Miklos",HUN,M,,AO,,2101,AUG25,0,20,1971,i
710466,"Szeberenyi, Adam",HUN,M,IM,,,2277,AUG25,0,20,1983,i
732834,"Szecsei, Janos",HUN,M,,,,1684,AUG25,0,20,1935,i
364105360,"Szecsko, Donat",HUN,M,,,,1698,AUG25,0,20,1996,i
751707,"Szegedi, Zoltan",HUN,M,,,,1888,AUG25,0,20,1990,i
1267698,"Szegedy, Matyas",HUN,M,,,,2077,AUG25,0,40,2008,
714836,"Szego, Krisztian",HUN,M,,,,1846,AUG25,0,20,1972,i
17005221,"Szeifert, Laszlo",HUN,M,,,,1552,AUG25,0,40,2009,
17027497,"Szeifert, Pal",HUN,M,,,,1447,AUG25,0,40,2012,
725935,"Szekely, Ferenc",HUN,M,,,,2151,AUG25,0,20,1988,i
17019540,"Szekely-Simon, Abel",HUN,M,,,,1521,AUG25,0,40,2013,
785580,"Szekeres, Janos",HUN,M,,,,1923,AUG25,0,20,1998,i
757438,"Szekeres, Szilvia",HUN,F,,,,1581,AUG25,0,20,1971,wi
703907,"Szekeres, Tibor",HUN,M,CM,,,2131,AUG25,0,20,1952,i
705675,"Szelenyi, Norbert",HUN,M,FM,,,2204,AUG25,0,20,1970,i
17038111,"Szell, Kristof",HUN,M,,,,1638,AUG25,7,40,2008,
712264,"Szente Varga, Fruzsina",HUN,F,WFM,WFM,,2055,AUG25,0,20,1996,w
738000,"Szentgyorgyi, Sandor",HUN,M,,,,1875,AUG25,0,20,1983,
17018293,"Szentmiklosi, Eszter",HUN,F,,,,1478,AUG25,0,40,2014,wi
17018307,"Szentmiklosi, Peter",HUN,M,,,,1536,AUG25,5,40,2012,
710806,"Szigeti, Mihaly",HUN,M,,,,1775,AUG25,0,20,1958,i
733792,"Szijarto, Andras",HUN,M,,,,2007,AUG25,9,20,1987,
754013,"Szijarto, Zsolt",HUN,M,,,,1945,AUG25,0,20,1977,i
797073,"Szikszai, Bertalan",HUN,M,FM,,,2191,AUG25,0,20,2007,
736945,"Szilagyi, Gyula",HUN,M,,,,1858,AUG25,0,20,1954,i
17001749,"Szilagyi, Laszlo",HUN,M,,,,1807,AUG25,0,20,1999,i
768910,"Szilagyi, Norbert",HUN,M,,,,2031,AUG25,0,20,2004,i
768090,"Szilagyi, Samuel Attila",HUN,M,,,,1844,AUG25,0,20,1974,i
722596,"Szilagyi, Sandor",HUN,M,,,,1826,AUG25,0,20,1943,i
717614,"Szilagyi, Zsolt",HUN,M,FM,,,2353,AUG25,0,20,1983,i
736104,"Szilvasi, Marcell",HUN,M,,,,1956,AUG25,0,20,1990,i
723908,"Szitas, Gabor",HUN,M,,,,2064,AUG25,0,20,1966,i
780790,"Szivak, Andras",HUN,M,,,,1872,AUG25,0,20,2004,i
720933,"Szobi, Geza",HUN,M,,,,1866,AUG25,0,20,1956,
17011442,"Szoke, David",HUN,M,,,,1686,AUG25,0,20,1992,
778389,"Szoke, Kristof",HUN,M,,,,1759,AUG25,0,20,2005,i
795500,"Szoke, Nora",HUN,F,,,,1814,AUG25,0,20,2006,w
17014492,"Szollosi, Balazs",HUN,M,,,,1702,AUG25,0,40,2012,
769304,"Szonyi, Bence",HUN,M,,,,1825,AUG25,0,20,1977,i
763985,"Szucs, Edina",HUN,F,WCM,WCM,,1960,AUG25,0,20,2000,wi
765457,"Szucs, Richard",HUN,M,,,,1705,AUG25,0,20,1976,i
755613,"Szucs, Robert",HUN,M,,,,1852,AUG25,0,20,1981,i
799084,"Szucs, Vivien",HUN,F,,,,1413,AUG25,0,40,2007,wi
738093,"Szucs, Zoltan",HUN,M,,,,1776,AUG25,0,20,1966,i
703400,"Szuhai, Balazs",HUN,M,,,,AIM,AUG25,1978,0,1949,i
769800,"Szuhai, Beata Barbara",HUN,F,,,,1867,AUG25,0,20,1999,wi
751871,"Szukics, Adam",HUN,M,,,,2054,AUG25,0,20,1999,
724734,"Szulics, Imre",HUN,M,,,,1738,AUG25,0,20,1946,i
736953,"Szunyogh, Istvan",HUN,M,,,,1882,AUG25,0,20,1963,i
702412,"Szurovszky, Elek",HUN,M,FM,,,2004,AUG25,0,20,1944,i
17009731,"Tagai, Marton",HUN,M,,,,1867,AUG25,0,40,2011,
728500,"Takacs, Balazs",HUN,M,IM,,,2310,AUG25,0,20,1987,i
717517,"Talaber, Istvan",HUN,M,,,,1800,AUG25,0,20,1954,i
776971,"Talas, Gabor",HUN,M,,,,1608,AUG25,0,20,1952,i
17025508,"Tallo, Laszlo",HUN,M,,,,AFM,AUG25,1658,0,1974,
17029589,"Tallo, Zeteny",HUN,M,,,,1628,AUG25,0,40,2010,
17009340,"Tamas, Gergo",HUN,M,,,,1599,AUG25,0,40,2009,
739537,"Tamas, Kornel",HUN,M,,,,2027,AUG25,0,20,1995,i
702145,"Tamassy, Zoltan",HUN,M,,,,2082,AUG25,0,20,1961,
783749,"Tancsa, Tamas",HUN,M,FM,,,2223,AUG25,0,40,2007,
791474,"Tancz, Janos",HUN,M,,,,1688,AUG25,0,20,2006,i
761117,"Tanczos, Dezso",HUN,M,,,,1831,AUG25,0,20,1960,i
796492,"Tapodi, Martin",HUN,M,,,,1740,AUG25,0,20,2005,i
788406,"Tapodi, Norman Lajos",HUN,M,,,,2053,AUG25,0,20,2003,i
17004365,"Tar, Zsombor Jozsef",HUN,M,,,,1653,AUG25,0,40,2008,i
765465,"Tari, Jozsef",HUN,M,,,,1761,AUG25,0,20,1947,i
17002893,"Tarsoly, Csanad",HUN,M,,,,1412,AUG25,0,40,2009,i
703770,"Taskovits, Istvan",HUN,M,FM,,,2243,AUG25,0,20,1958,i
727130,"Teglas, Balazs",HUN,M,,,,2121,AUG25,9,20,1989,
718513,"Teglas, Marton",HUN,M,,,,2137,AUG25,0,20,1979,i
762563,"Teglas, Matyas",HUN,M,,,,1948,AUG25,0,20,1998,i
708780,"Terbe, Julianna",HUN,F,WIM,WIM,FI,2196,AUG25,0,20,1997,wi
708801,"Terbe, Zsuzsanna",HUN,F,WIM,WIM,,2082,AUG25,0,20,1997,wi
17014190,"Teremy, Alex",HUN,M,,,,1565,AUG25,0,20,1989,i
716502,"Timar, Jozsef",HUN,M,,,,1869,AUG25,0,20,1970,i
714771,"Tiraszi, Zoltan",HUN,M,,,,1627,AUG25,0,20,1958,i
735590,"Tiszoczki, Gabor",HUN,M,,,,1864,AUG25,0,20,1974,i
729019,"To, Nhat Minh",HUN,M,IM,FT,,2310,AUG25,0,10,1991,
17024919,"Toaso, Balint",HUN,M,,SI,,1801,AUG25,0,20,1981,i
727563,"Todor, Attila",HUN,M,,,,1909,AUG25,0,20,1962,i
731749,"Todor, Sandor",HUN,M,,AO,,1807,AUG25,0,20,1957,i
778303,"Tofalusi, Adam",HUN,M,,,,1827,AUG25,0,20,2000,i
712043,"Tofalusi, Mihaly",HUN,M,,,,1806,AUG25,0,20,1942,i
738816,"Tokai-Kiss, Akos",HUN,M,,,,1987,AUG25,0,20,1989,i
755001,"Toldy, Emil",HUN,M,,,,1894,AUG25,0,20,1993,i
792233,"Tolnai, Jozsef",HUN,M,,,,1702,AUG25,0,20,1959,i
700126,"Tolnai, Tibor",HUN,M,GM,,,2440,AUG25,0,10,1964,i
789984,"Tompa, Zoltan",HUN,M,,,,1632,AUG25,0,20,2003,
782998,"Topercer, Marton",HUN,M,,,,1723,AUG25,0,20,2004,i
761613,"Tordai, Akos",HUN,M,,,,1885,AUG25,0,20,1997,i
776866,"Toreky, Zsombor",HUN,M,,,,1723,AUG25,0,20,2002,i
795925,"Torma, Kevin Mark",HUN,M,,,,1459,AUG25,0,40,2007,i
733040,"Tornyai, Jeno",HUN,M,,,,1818,AUG25,0,20,1951,i
17007119,"Torok, Balazs",HUN,M,,,,1451,AUG25,0,40,2009,i
17018080,"Torok, Gergo",HUN,M,,,,1433,AUG25,0,40,2008,i
17018072,"Torok, Gyula",HUN,M,,,,1482,AUG25,0,40,2008,
17015103,"Torok, Kinga",HUN,F,,,,1450,AUG25,3,40,2014,w
784320,"Torok, Laszlo",HUN,M,,,,1773,AUG25,0,20,1955,i
719102,"Torok, Marton Dr.",HUN,M,,,,1896,AUG25,8,20,1982,
17024986,"Torok, Peter",HUN,M,,,,1692,AUG25,0,40,2009,i
17007097,"Torok, Rita",HUN,F,,,,1469,AUG25,3,40,2011,w
715026,"Torok, Tamas Titusz",HUN,M,,,,1982,AUG25,0,20,1957,i
17007127,"Torok, Vilmos",HUN,M,,,,1718,AUG25,7,40,2012,
755680,"Toth, Balazs",HUN,M,,,,1899,AUG25,0,20,1978,i
714550,"Toth, Balazs",HUN,M,,,,1828,AUG25,0,20,1994,i
17023513,"Toth, Balint",HUN,M,,,,1551,AUG25,0,20,2004,i
790540,"Toth, Barnabas",HUN,M,,,,1908,AUG25,0,40,2009,
751316,"Toth, Benjamin",HUN,M,,,,1639,AUG25,7,40,1987,
783951,"Toth, Benjamin Patrik",HUN,M,,,,ACM,AUG25,1545,0,2005,i
784656,"Toth, Csongor",HUN,M,,,,1617,AUG25,0,20,2006,i
725943,"Toth, Daniel",HUN,M,FM,,,2231,AUG25,0,20,1989,i
719838,"Toth, Daniel",HUN,M,,,,2040,AUG25,0,20,1982,
730777,"Toth, David dr.",HUN,M,,,,2076,AUG25,0,20,1990,i
726559,"Toth, Ervin",HUN,M,IM,,,2457,AUG25,0,10,1990,i
784508,"Toth, Gergely",HUN,M,,,,1715,AUG25,0,40,2007,i
769851,"Toth, Gyorgy Dr.",HUN,M,,,,1898,AUG25,0,20,1983,i
715239,"Toth, Istvan",HUN,M,,,,1885,AUG25,0,20,1956,i
741884,"Toth, Janos",HUN,M,,,,1789,AUG25,0,20,1957,i
17018552,"Toth, Kalman",HUN,M,,,,1687,AUG25,0,20,1953,
17003857,"Toth, Kincso",HUN,F,,,,1830,AUG25,0,20,2003,wi
17007143,"Toth, Kinga",HUN,F,,,,1551,AUG25,6,40,2010,w
740390,"Toth, Krisztian",HUN,M,,,,1837,AUG25,0,20,1993,i
17000084,"Toth, Lili",HUN,F,WFM,WFM,,1897,AUG25,0,40,2009,w
724130,"Toth, Lili Dr.",HUN,F,WIM,WIM,,2139,AUG25,0,20,1986,wi
708348,"Toth, Mate Jozsef",HUN,M,,,,1910,AUG25,0,20,1951,i
773670,"Toth, Nikoletta",HUN,F,WFM,WFM,,1864,AUG25,0,20,2005,wi
17008093,"Toth, Peter Tamas",HUN,M,,,,1662,AUG25,5,20,1971,
787922,"Toth, Sandor",HUN,M,,,,1727,AUG25,0,20,1933,i
745022,"Toth, Sandor Sr.",HUN,M,,,,1792,AUG25,0,20,1954,
723436,"Toth, Tamas",HUN,M,,,,1909,AUG25,0,20,1972,i
777242,"Toth, Tibor",HUN,M,,,,1980,AUG25,0,20,2002,i
733822,"Toth, Tibor",HUN,M,,,,2057,AUG25,9,20,1987,
736210,"Toth, Tihamer",HUN,M,,,,2057,AUG25,0,20,1954,i
787680,"Toth, Timea",HUN,F,,,,1545,AUG25,0,40,2009,wi
711985,"Toth-Goczo, Melinda",HUN,F,WIM,WIM,,2103,AUG25,0,20,1983,wi
729990,"Toviskes, Antal",HUN,M,,,,2012,AUG25,0,20,1985,
710822,"Trajber, Csaba Dr.",HUN,M,,,,2063,AUG25,0,20,1963,i
727946,"Trajber, Daniel",HUN,M,,,,2093,AUG25,0,20,1991,i
790630,"Tran, David",HUN,M,,,,2012,AUG25,0,40,2007,i
714062,"Truong, Duc Huong",HUN,M,,,,1843,AUG25,0,20,1965,i
767506,"Tumo, Bence",HUN,M,,,,1851,AUG25,0,20,1998,
734365,"Turay, Gabor",HUN,M,,,,1879,AUG25,0,20,1949,i
17028850,"Turcsanyi, Andras",HUN,M,,,,1600,AUG25,0,40,2008,i
17007135,"Turcsanyi, Vendel Tamas",HUN,M,,,,1636,AUG25,7,40,2011,
791784,"Turcsanyi, Vince Gergo",HUN,M,FM,,,2151,AUG25,0,40,2008,
17006724,"Turjanicza, Boldizsar",HUN,M,,,,1543,AUG25,0,20,2006,i
727555,"Turoczi, Peter",HUN,M,,,,1639,AUG25,0,20,1979,
774529,"Udvardi, Zalan",HUN,M,FM,,,2241,AUG25,0,20,2001,
758663,"Ugroczky, Peter",HUN,M,FM,,,2253,AUG25,0,20,2000,i
17008158,"Ugyan, Julianna",HUN,F,,,,1504,AUG25,0,20,1969,wi
767930,"Uj, Imre Attila",HUN,M,,,,1986,AUG25,0,20,1966,i
710881,"Urban, Balazs",HUN,M,,,,1764,AUG25,0,20,1958,i
715115,"Ust, Jozsef",HUN,M,,,,1805,AUG25,0,20,1973,i
738530,"Uzonyi, David",HUN,M,,,,2051,AUG25,0,20,1993,
764795,"Vaczi, Zoltan",HUN,M,,,,1700,AUG25,0,20,1968,i
17011159,"Vadkerti, Bori",HUN,F,,,,1517,AUG25,0,40,2011,wi
17002184,"Vadkerti, Vince",HUN,M,,,,1768,AUG25,0,40,2009,i
722111,"Vagyi, Erik",HUN,M,,,,2057,AUG25,0,20,1971,i
1210980,"Vajda, Albert Sr.",HUN,M,,"AO,NA",,2025,AUG25,0,20,1953,i
788821,"Vakles, Gyorgy",HUN,M,,,,1828,AUG25,0,20,1981,i
707732,"Vamos, Viktor",HUN,M,,,,2149,AUG25,0,20,1983,i
759929,"Vanczak, Tamas",HUN,M,IM,,,2305,AUG25,0,20,2002,
17030897,"Varadi, Aron",HUN,M,,,,1424,AUG25,0,40,2010,i
719528,"Varadi, Viktor",HUN,M,IM,,,2318,AUG25,0,20,1983,
700460,"Varasdy, Imre",HUN,M,IM,,,2325,AUG25,0,20,1952,i
17013224,"Varga, Adam",HUN,M,,,,1497,AUG25,0,40,2007,i
741124,"Varga, Barnabas",HUN,M,,,,1894,AUG25,0,20,1961,i
17005205,"Varga, Boldizsar",HUN,M,,,,2000,AUG25,0,40,2009,i
724335,"Varga, Csaba Zoltan",HUN,M,FM,,,2185,AUG25,0,20,1991,
767786,"Varga, Daniel",HUN,M,,,,1667,AUG25,0,20,2001,i
784125,"Varga, Gabor",HUN,M,,,,1988,AUG25,0,20,2005,
770914,"Varga, Jozsef",HUN,M,,,,1747,AUG25,0,20,1961,i
706752,"Varga, Laszlo",HUN,M,,,,2116,AUG25,0,20,1968,i
753173,"Varga, Laszlo",HUN,M,,,,1786,AUG25,0,20,1966,i
759112,"Varga, Laszlo Jr.",HUN,M,,,,1664,AUG25,0,20,1989,i
778656,"Varga, Marcell",HUN,M,,,,2051,AUG25,0,20,2002,
745162,"Varga, Marcell",HUN,M,,,,1662,AUG25,0,20,1948,i
795682,"Varga, Mira Adel",HUN,F,,,,1549,AUG25,0,20,2006,wi
702439,"Varga, Peter",HUN,M,IM,AO,,2361,AUG25,0,20,1974,i
784109,"Varga, Szilvia",HUN,F,,,,1636,AUG25,0,20,2001,w
727580,"Varga, Tibor",HUN,M,,,,1998,AUG25,0,20,1987,i
700509,"Varga, Zoltan",HUN,M,GM,FT,,2364,AUG25,0,10,1970,i
717509,"Varga, Zsolt",HUN,M,,,,1872,AUG25,0,20,1968,
17034116,"Vargacz, Norbert",HUN,M,,,,1579,AUG25,0,20,1980,
702811,"Vargyas, Zoltan",HUN,M,,,,1968,AUG25,0,20,1953,i
17005752,"Varhegyi, Abel",HUN,M,,,,1742,AUG25,0,20,2002,
17002508,"Varkonyi, Balint",HUN,M,,,,1473,AUG25,0,40,2007,i
794414,"Varkonyi, Peter",HUN,M,,,,1877,AUG25,0,20,1981,
723746,"Varro, Miklos",HUN,M,,,,1786,AUG25,0,20,1969,i
769975,"Vas, Richard",HUN,M,,,,1635,AUG25,0,20,2000,i
777803,"Vas, Vince",HUN,M,,,,1939,AUG25,0,20,2003,i
17019966,"Vasarhelyi, Szurina",HUN,F,,,,1416,AUG25,0,40,2014,w
745189,"Vaszi, Albert",HUN,M,,,,1808,AUG25,0,20,1944,i
782610,"Veress, Gaspar",HUN,M,,,,1802,AUG25,0,20,1991,
723720,"Vertetics, Attila",HUN,M,IM,,,2522,AUG25,0,10,1985,i
774537,"Vesz, Marcell",HUN,M,,,,1628,AUG25,0,20,1997,i
730270,"Veszpremi, Andras",HUN,M,FM,,,2238,AUG25,0,20,1992,i
700479,"Videki, Sandor",HUN,M,IM,AO,,2383,AUG25,0,20,1966,i
738360,"Vigh, Andor",HUN,M,,,,1828,AUG25,0,20,1939,i
17007488,"Vilagi, Ferenc",HUN,M,,,,1873,AUG25,0,20,1999,i
17010233,"Vincze, Tamas",HUN,M,,,,1609,AUG25,0,20,1978,i
727610,"Vinkovics, Sandor",HUN,M,,,,2001,AUG25,0,20,1968,i
725374,"Virag, Attila Aba",HUN,M,,,,2239,AUG25,0,20,1989,i
778206,"Virag, Balint",HUN,M,,,,2100,AUG25,0,20,2004,
735205,"Virag, Csilla",HUN,F,,,,1944,AUG25,0,20,1990,wi
785806,"Virag, Tamas",HUN,M,,,,1815,AUG25,0,20,2000,i
733024,"Virganc, Roland",HUN,M,,,,1908,AUG25,0,20,1990,i
711020,"Vitai, Tamas",HUN,M,,,,1832,AUG25,0,20,1987,
725749,"Vitalyos, Marton",HUN,M,,,,2054,AUG25,0,20,1996,i
764400,"Vodila, Martin Botond",HUN,M,FM,,,2226,AUG25,0,20,2002,i
784737,"Vollopich, Marcell",HUN,M,,,,1583,AUG25,0,20,2004,i
725129,"Volosin, Vladimir",HUN,M,FM,,,2165,AUG25,0,20,1955,
715336,"Vrona, Mihail",HUN,M,,,,1944,AUG25,0,20,1952,i
726850,"Vucko, Jozsef",HUN,M,,,,1956,AUG25,0,20,1958,i
17016606,"Wang, Luomeng",HUN,F,,,,1859,AUG25,0,40,2012,w
752274,"Werner, Anna",HUN,F,,,,2035,AUG25,0,20,1998,w
713082,"Wirth, Adam",HUN,M,,,,1941,AUG25,0,20,1992,i
773522,"Xiao Hu, Chen",HUN,M,,,,1758,AUG25,0,20,1998,i
17017467,"Yue, Erfei",HUN,M,,,,1873,AUG25,0,20,1992,
710946,"Zadori, Janos",HUN,M,,,,1765,AUG25,0,20,1939,i
721263,"Zalai, Mihaly Dr.",HUN,M,,,,1997,AUG25,0,20,1983,i
722146,"Zambo, Zoltan Istvan",HUN,M,FM,"FI,NA",,2206,AUG25,0,20,1983,i
749397,"Zauer, Gabor",HUN,M,,,,1863,AUG25,0,20,1965,i
745251,"Zelei, Imre",HUN,M,,,,1938,AUG25,0,20,1986,
741515,"Zelena, Tamas",HUN,M,,,,1933,AUG25,0,20,1992,
735337,"Zentai, Peter",HUN,M,FM,,,2350,AUG25,0,20,1987,i
17027799,"Zhao, Yichen",HUN,M,,,,1606,AUG25,0,40,2014,
789526,"Zlotov, Viktor",HUN,M,,,,1725,AUG25,0,20,2001,i
725986,"Zoltan, Andras",HUN,M,,,,1758,AUG25,0,20,1958,i
753017,"Zsamboki, Janos",HUN,M,,,,1689,AUG25,0,20,1998,i
745278,"Zsigrai, Ildiko Klara",HUN,F,,,,1784,AUG25,0,20,1997,wi
17001064,"Zsikla, Milan",HUN,M,,,,1635,AUG25,0,20,2005,i
17003920,"Zsirmik, Zsombor",HUN,M,,,,1696,AUG25,0,40,2008,i