[
  {
    "ID Number": "14306328"
  },
  {
    "ID Number": "17900085"
  },
  {
    "ID Number": "17900182"
  },
  {
    "ID Number": "17900069"
  },
  {
    "ID Number": "17900107"
  },
  {
    "ID Number": "17900018"
  },
  {
    "ID Number": "17900280"
  },
  {
    "ID Number": "17900522"
  },
  {
    "ID Number": "17900077"
  },
  {
    "ID Number": "17900026"
  },
  {
    "ID Number": "17900034"
  },
  {
    "ID Number": "17900042"
  },
  {
    "ID Number": "17900093"
  },
  {
    "ID Number": "17900115"
  },
  {
    "ID Number": "17900050"
  }
]