[
  {
    "ID Number": "14306328",
    "Name": "Aguilar, Fernando",
    "Fed": "SOL",
    "Sex": "M",
    "Title": "",
    "WTit": "",
    "OTit": "",
    "FOA": "1955",
    "Rating": "AUG25",
    "Gms": "0",
    "K": "40",
    "B-day": "1942",
    "Flag": "i"
  },
  {
    "ID Number": "17900085",
    "Name": "Baiango, James Tepuke",
    "Fed": "SOL",
    "Sex": "M",
    "Title": "",
    "WTit": "",
    "OTit": "",
    "FOA": "1861",
    "Rating": "AUG25",
    "Gms": "0",
    "K": "40",
    "B-day": "1988",
    "Flag": "i"
  },
  {
    "ID Number": "17900182",
    "Name": "Kaituu, Chris",
    "Fed": "SOL",
    "Sex": "M",
    "Title": "",
    "WTit": "",
    "OTit": "",
    "FOA": "1890",
    "Rating": "AUG25",
    "Gms": "0",
    "K": "40",
    "B-day": "1988",
    "Flag": "i"
  },
  {
    "ID Number": "17900069",
    "Name": "Lui, Danny",
    "Fed": "SOL",
    "Sex": "M",
    "Title": "",
    "WTit": "",
    "OTit": "",
    "FOA": "1876",
    "Rating": "AUG25",
    "Gms": "0",
    "K": "40",
    "B-day": "1990",
    "Flag": "i"
  },
  {
    "ID Number": "17900107",
    "Name": "Lui, Junior",
    "Fed": "SOL",
    "Sex": "M",
    "Title": "",
    "WTit": "",
    "OTit": "",
    "FOA": "1819",
    "Rating": "AUG25",
    "Gms": "0",
    "K": "40",
    "B-day": "1993",
    "Flag": "i"
  },
  {
    "ID Number": "17900018",
    "Name": "Maruia, Budds",
    "Fed": "SOL",
    "Sex": "M",
    "Title": "",
    "WTit": "",
    "OTit": "",
    "FOA": "1780",
    "Rating": "AUG25",
    "Gms": "0",
    "K": "40",
    "B-day": "1979",
    "Flag": "i"
  },
  {
    "ID Number": "17900280",
    "Name": "Ngiumoana, Leslie",
    "Fed": "SOL",
    "Sex": "M",
    "Title": "",
    "WTit": "",
    "OTit": "",
    "FOA": "1792",
    "Rating": "AUG25",
    "Gms": "0",
    "K": "40",
    "B-day": "1984",
    "Flag": "i"
  },
  {
    "ID Number": "17900522",
    "Name": "Resture, Fred",
    "Fed": "SOL",
    "Sex": "M",
    "Title": "",
    "WTit": "",
    "OTit": "",
    "FOA": "1854",
    "Rating": "AUG25",
    "Gms": "0",
    "K": "40",
    "B-day": "1994",
    "Flag": "i"
  },
  {
    "ID Number": "17900077",
    "Name": "Sanga, Kelly",
    "Fed": "SOL",
    "Sex": "M",
    "Title": "",
    "WTit": "",
    "OTit": "",
    "FOA": "1795",
    "Rating": "AUG25",
    "Gms": "0",
    "K": "40",
    "B-day": "1984",
    "Flag": "i"
  },
  {
    "ID Number": "17900026",
    "Name": "Tangaibasa, Brandon",
    "Fed": "SOL",
    "Sex": "M",
    "Title": "",
    "WTit": "",
    "OTit": "",
    "FOA": "1959",
    "Rating": "AUG25",
    "Gms": "0",
    "K": "40",
    "B-day": "1987",
    "Flag": "i"
  },
  {
    "ID Number": "17900034",
    "Name": "Tepuke, Price",
    "Fed": "SOL",
    "Sex": "M",
    "Title": "",
    "WTit": "",
    "OTit": "",
    "FOA": "1822",
    "Rating": "AUG25",
    "Gms": "0",
    "K": "40",
    "B-day": "1982",
    "Flag": "i"
  },
  {
    "ID Number": "17900042",
    "Name": "Tesua, Scarden",
    "Fed": "SOL",
    "Sex": "M",
    "Title": "",
    "WTit": "",
    "OTit": "",
    "FOA": "1840",
    "Rating": "AUG25",
    "Gms": "0",
    "K": "40",
    "B-day": "1980",
    "Flag": "i"
  },
  {
    "ID Number": "17900093",
    "Name": "Tewawa, Jack",
    "Fed": "SOL",
    "Sex": "M",
    "Title": "",
    "WTit": "",
    "OTit": "",
    "FOA": "1700",
    "Rating": "AUG25",
    "Gms": "0",
    "K": "40",
    "B-day": "1981",
    "Flag": "i"
  },
  {
    "ID Number": "17900115",
    "Name": "Tii, John",
    "Fed": "SOL",
    "Sex": "M",
    "Title": "",
    "WTit": "",
    "OTit": "",
    "FOA": "1752",
    "Rating": "AUG25",
    "Gms": "0",
    "K": "40",
    "B-day": "1984",
    "Flag": "i"
  },
  {
    "ID Number": "17900050",
    "Name": "Tuata, Takika",
    "Fed": "SOL",
    "Sex": "M",
    "Title": "",
    "WTit": "",
    "OTit": "",
    "FOA": "1813",
    "Rating": "AUG25",
    "Gms": "0",
    "K": "40",
    "B-day": "1978",
    "Flag": "i"
  }
]