ID Number,Name,Fed,Sex,Title,WTit,OTit,Rating,Gms,K,RatingMonth,B-day,Flag
2515725,"Abdul Jalil, Ali",IRL,M,,,,1718,0,20,AUG25,1996,i
2516330,"Agarwal, Riyansh",IRL,M,,,,1627,0,40,AUG25,2013,
2501805,"Aherne, John P.",IRL,M,,,,1887,0,20,AUG25,1964,i
2515440,"Ahmad, Ameen",IRL,M,,,,1588,0,20,AUG25,1997,i
2533111,"Alangara, Micheal",IRL,M,,,,1486,0,20,AUG25,1987,
2512831,"Alexandru, Valentin Florin",IRL,M,,,,1794,0,20,AUG25,1978,i
2529726,"Ali, Zaki",IRL,M,,,,1491,0,20,AUG25,2003,i
2513269,"Alkevicius, Arunas",IRL,M,,,,1846,0,20,AUG25,1981,i
457370,"Allen, John P",IRL,M,,,,1761,0,20,AUG25,1963,
2525011,"Allsop, Rhys",IRL,M,,,,1638,0,20,AUG25,2006,
2532247,"Almodovar, Raul Minguez",IRL,M,,,,1622,0,20,AUG25,1997,i
2539373,"Alsaid, Moayad",IRL,M,,,,1446,0,40,AUG25,2007,
2503611,"Alvarado Rivera, Alejandro",IRL,M,,,,1864,0,20,AUG25,1978,i
2523531,"Andhurthi, Sreeyan",IRL,M,,,,1722,0,40,AUG25,2015,
2505762,"Annesley, Gareth",IRL,M,,,,1948,0,20,AUG25,1972,i
5206049,"Arellano, Robert",IRL,M,,NI,,AGM,2159,0,AUG25,1976,
2510340,"Armstrong, Chris",IRL,M,,,,1743,0,20,AUG25,1964,i
2511983,"Arshakyan, Arman",IRL,M,,,,1686,0,40,AUG25,2009,i
2513706,"Arshakyan, Hayk",IRL,M,,,,1752,0,20,AUG25,1983,i
2524201,"Arun, Nitish",IRL,M,,,,1896,0,40,AUG25,2012,
2501430,"Astaneh Lopez, Alex",IRL,M,IM,,,2488,0,10,AUG25,1987,i
2512270,"Avetisyan, Gagik",IRL,M,,,,1766,0,20,AUG25,2005,i
2512289,"Avetisyan, Hayk",IRL,M,,,,1648,0,40,AUG25,2009,i
2512750,"Avetisyan, Karen",IRL,M,,,,1631,0,20,AUG25,1977,
2500914,"Baburin, Alexander",IRL,M,GM,,,2485,0,10,AUG25,1967,i
2514559,"Baczkowski, Emilliana",IRL,F,,,,1626,0,20,AUG25,2006,wi
2508281,"Baczkowski, Piotr",IRL,M,,,,1619,0,20,AUG25,2001,
2508290,"Baczkowski, Stefan",IRL,M,,,,1717,0,20,AUG25,1958,
2524600,"Banerjee, Aharshi",IRL,M,,,,1534,0,40,AUG25,2011,
2518520,"Baranowski, Lukasz",IRL,M,,,,1767,0,20,AUG25,1986,i
2513838,"Barbals, Gatis",IRL,M,,,,1800,0,20,AUG25,1987,
2517604,"Barnes, Oliver",IRL,M,,,,1847,0,40,AUG25,2009,
2509938,"Barrett, Conor",IRL,M,,,,1776,0,20,AUG25,1995,i
2523019,"Barrett, Ronan",IRL,M,,,,1588,0,20,AUG25,2001,
2521580,"Barry, Kieran",IRL,M,,,,1563,0,20,AUG25,1968,i
2529190,"Barsila, Denis",IRL,M,,,,1497,0,20,AUG25,1981,
2530627,"Bartczak, Filip",IRL,M,,,,1418,0,20,AUG25,1970,
2523558,"Bartczak, Korneliusz",IRL,M,,,,1957,0,40,AUG25,2012,
2513781,"Batsuuri, Lkham",IRL,M,,,,1764,0,20,AUG25,1978,i
2533413,"Bautista, Philip",IRL,M,,,,1873,0,20,AUG25,1974,
2507552,"Beatty, Ross",IRL,M,,,,1864,0,20,AUG25,2001,i
2528657,"Beirne, Cormac",IRL,M,,,,1551,0,20,AUG25,2001,i
2526476,"Beirne-Bowden, Danny",IRL,M,,,,1672,0,40,AUG25,2008,
2529165,"Belko, Tibor",IRL,M,,,,1610,0,20,AUG25,2005,i
2510901,"Belton, Liam",IRL,M,,,,1771,0,20,AUG25,2003,
2501384,"Bennett, Eric",IRL,M,,,,1934,11,20,AUG25,1977,
2512572,"Bergin, Cian",IRL,M,,,,1712,0,20,AUG25,2002,
2526948,"Berkery, Rory",IRL,M,,,,1565,0,20,AUG25,1997,
2504103,"Bermingham, Tony",IRL,M,,,,1882,0,20,AUG25,1953,i
2503182,"Berney, Mark",IRL,M,,,,1974,0,20,AUG25,1994,i
33427020,Bhattacharjee Krish,IRL,M,,,,ACM,1603,0,AUG25,2015,
2537133,"Bhavanibhatla, Saurya Shrihan",IRL,M,,,,1651,0,40,AUG25,2012,
2531593,"Bhutada, Sarang",IRL,M,,,,1477,0,20,AUG25,1997,i
2512297,"Binu Daniel, Nived",IRL,M,,,,1562,0,40,AUG25,2007,i
2503204,"Bissett, Vincent",IRL,M,,,,1889,0,20,AUG25,1968,i
2518155,"Biswal, Saiansh",IRL,M,,,,1630,0,40,AUG25,2014,
2514532,"Black, Leslie",IRL,M,,,,1722,0,20,AUG25,1972,i
2507560,"Boland, Dylan",IRL,M,,,,1911,0,20,AUG25,1999,i
2512505,"Boldijar, Nicu",IRL,M,,,,1709,0,20,AUG25,1974,i
2519372,"Bondarau, Dan",IRL,M,,,,1612,0,40,AUG25,2010,i
2534100,"Booysen, Dylan",IRL,M,,,,1532,0,20,AUG25,2001,
2525615,"Bornot, Jose Miguel Sanche",IRL,M,,,,1731,0,20,AUG25,1979,
2504456,"Bourached, Anthony",IRL,M,,,,1921,0,20,AUG25,1993,i
2511380,"Bourached, Eid",IRL,M,,,,1577,0,20,AUG25,1950,i
2520842,"Bourached, Eve",IRL,F,,,,1608,0,20,AUG25,1981,w
2529734,"Bowman, Charlie",IRL,M,,,,1495,0,20,AUG25,2000,
2533812,"Boyd, Jacob",IRL,M,,,,1555,0,40,AUG25,2012,
2533243,"Boyd, Jonathan",IRL,M,,,,1750,0,20,AUG25,1982,
2533820,"Boyd, Joshua",IRL,M,,,,1506,0,40,AUG25,2011,
2516349,"Boyle, Conal",IRL,M,,,,1775,0,20,AUG25,1995,i
3600238,"Bradley, John",IRL,M,,,,1908,0,20,AUG25,1960,i
2508028,"Bradley, Michael",IRL,M,,,,1630,0,20,AUG25,1971,
2513714,"Brady, Fearghal",IRL,M,,,,1705,0,40,AUG25,2008,i
2534118,"Brady, John",IRL,M,,,,1473,0,20,AUG25,2003,
2500124,"Brady, Stephen",IRL,M,FM,,,2260,0,20,AUG25,1969,i
416525,"Brady, Vince",IRL,M,,,,1637,0,20,AUG25,1948,i
2518570,"Braine, Harry",IRL,M,,,,1821,0,40,AUG25,2009,
2523060,"Brannigan, Owen",IRL,M,,,,1665,0,20,AUG25,2005,i
2512823,"Bratkov, Pavel",IRL,M,,,,1963,0,20,AUG25,1990,i
2521385,"Brennan, Andrew",IRL,M,,,,1743,0,20,AUG25,2004,i
2523078,"Briggs, Dylan",IRL,M,,,,1645,0,20,AUG25,2003,i
2524457,"Bronnikova, Alla",IRL,F,,,,1675,0,20,AUG25,1965,w
2511088,"Brophy, Karl",IRL,M,,,,1584,0,20,AUG25,1974,i
2512700,"Brozynski, Patryk",IRL,M,CM,,,1957,0,40,AUG25,2008,
2508095,"Buckley, Brendan",IRL,M,,,,1906,0,20,AUG25,1969,i
2505916,"Buckley, Colm",IRL,M,,,,1896,0,20,AUG25,1972,i
2503239,"Buckley, Gerard",IRL,M,,,,1857,0,20,AUG25,1977,i
2504260,"Buckley, John",IRL,M,,,,1961,0,20,AUG25,1970,i
2513552,"Bueckert, Diana",IRL,F,,,,1573,0,40,AUG25,2008,wi
2513560,"Bueckert, Lucy",IRL,F,,,,1615,0,40,AUG25,2008,wi
2501520,"Burke, Kevin A.",IRL,M,,,,1853,0,20,AUG25,1979,i
2500582,"Burniston, Michael",IRL,M,,,,1626,0,20,AUG25,1945,i
2517647,"Bustamante, Maxim",IRL,M,,,,1642,0,40,AUG25,2010,i
2508788,"Byrne, Alex",IRL,M,,,,1986,0,20,AUG25,2002,i
2505770,"Cairns, John",IRL,M,,,,1999,0,20,AUG25,1969,i
2523574,"Caliendo, Brian",IRL,M,,,,1609,0,20,AUG25,1977,i
2511096,"Callaghan, Michael",IRL,M,,,,1664,0,20,AUG25,2005,i
2526190,"Callinan, Eoin",IRL,M,,,,1770,0,20,AUG25,1999,i
2518392,"Campbell, Andrew",IRL,M,,,,1936,0,20,AUG25,2006,
1148184,"Campbell, Karina",IRL,F,WFM,WFM,,1791,0,20,AUG25,1994,wi
2518406,"Campbell, Peter",IRL,M,,,,1638,0,20,AUG25,1976,
2533421,"Caning, Egbert",IRL,M,,,,1612,0,20,AUG25,1970,
2513072,"Carolan, James",IRL,M,,,,1564,0,20,AUG25,1992,i
2523000,"Carr, David",IRL,M,,,,1617,0,20,AUG25,2001,i
2510243,"Carroll, Peter",IRL,M,FM,,,2064,0,20,AUG25,2002,
2502178,"Casey, Eoghan",IRL,M,,,,1903,0,20,AUG25,1982,i
2502020,"Cassidy, John",IRL,M,,,,1876,0,20,AUG25,1972,i
2500191,"Cassidy, Paul L.",IRL,M,,,,1845,0,20,AUG25,1942,i
2512068,"Castle, Aoife",IRL,F,,,,1684,0,20,AUG25,2002,wi
2533154,"Ceban, Bogdan",IRL,M,,,,1543,0,40,AUG25,2013,i
2513374,"Cesar, Paulo",IRL,M,,,,1722,0,20,AUG25,1985,i
2529742,"Chadefaux, Thomas",IRL,M,,,,1615,0,20,AUG25,1980,i
2521814,"Cheon, Elijah",IRL,M,,,,1668,0,20,AUG25,2001,i
2522012,"Choi, Matthew",IRL,M,,,,1669,0,20,AUG25,2003,i
2503620,"Cichonski, Bartlomiej",IRL,M,,,,1974,0,20,AUG25,1984,i
2526638,"Cinnsealach, Oisin",IRL,M,,,,1687,0,20,AUG25,1996,
2530600,"Clancy, Stephen",IRL,M,,,,1745,0,20,AUG25,1997,
2518317,"Cochrane, Daniel",IRL,M,,,,1615,0,20,AUG25,2002,i
2528304,"Cogelja, Mihovil Niko",IRL,M,,,,AFM,1825,38,AUG25,2011,
2514818,"Cole, Ethan",IRL,M,,,,1896,0,40,AUG25,2012,
2504537,"Coleman, Pat",IRL,M,,,,1777,0,20,AUG25,1970,
2518228,"Coleman, Rory",IRL,M,,,,1645,0,20,AUG25,1985,i
2512300,"Collins, Adam",IRL,M,CM,,,2160,5,20,AUG25,2005,
2502364,"Collins, Mark A.",IRL,M,,,,1966,0,20,AUG25,1983,i
2501198,"Collins, Sam E.",IRL,M,IM,,,2377,0,10,AUG25,1982,
2524260,"Comley, Jamie",IRL,M,,,,1855,0,40,AUG25,2007,
2526204,"Commiskey, Oisin",IRL,M,,,,1572,0,40,AUG25,2011,i
2516799,"Connell, Kris",IRL,M,,,,1804,0,20,AUG25,2006,i
2532344,"Connolly, Andrew",IRL,M,,,,1716,0,20,AUG25,2004,
2508320,"Connolly, Eoin",IRL,M,,,,1781,0,20,AUG25,1996,i
2520478,"Conway, Dylan",IRL,M,,,,1594,0,20,AUG25,2001,i
368178551,"Copeland, Dean",IRL,M,,,,1843,0,20,AUG25,2001,
2516977,"Corr, David",IRL,M,,,,1725,0,20,AUG25,1974,
2527820,"Corr, Freddie",IRL,M,,,,1439,0,40,AUG25,2012,
2526646,"Corr, Jonah",IRL,M,,,,1514,0,40,AUG25,2008,
2529750,"Corry, Shane",IRL,M,,,,1517,0,20,AUG25,1997,i
2504294,"Cosgrove, Pat",IRL,M,,,,1630,0,20,AUG25,1957,i
2516454,"Coulton Dillon, Luke",IRL,M,,,,1687,0,20,AUG25,1999,i
2502380,"Courtney, John",IRL,M,,,,2029,0,20,AUG25,1995,i
2503670,"Creighton, Terry",IRL,M,,,,1846,0,20,AUG25,1969,i
2500973,"Crichton, Martin",IRL,M,,,,1954,0,20,AUG25,1965,i
2527804,"Crothers, Toby",IRL,M,,,,1709,0,40,AUG25,2008,
2518864,"Crotty, Tiernan",IRL,M,,,,1663,0,40,AUG25,2007,i
2512580,"Crowley, James",IRL,M,FM,,,1760,0,20,AUG25,2005,i
2523957,"Crummey, James",IRL,M,,,,1732,0,20,AUG25,2000,
2506033,"Cullen, Ben",IRL,M,,,,1881,0,20,AUG25,1996,i
2514052,"Cullen, Stephen",IRL,M,,,,1767,0,20,AUG25,1975,i
2525780,"Cummins, Finn",IRL,M,,,,1844,0,40,AUG25,2007,
2515733,"Cummins, Harry",IRL,M,,,,1659,0,20,AUG25,2001,i
2504600,"Curran, Garrett",IRL,M,,,,1926,0,20,AUG25,1974,i
2519593,"Da Silva, Gabriel",IRL,M,,,,1740,0,20,AUG25,1993,i
2500434,"Daly, Colm",IRL,M,FM,,,2080,0,20,AUG25,1967,
2521407,"Daly, Tim",IRL,M,,,,1779,0,20,AUG25,2002,i
2500060,"Delaney, John",IRL,M,FM,,,2174,0,20,AUG25,1962,i
2501570,"Delaney, Killian",IRL,M,FM,,,2183,0,20,AUG25,1985,
2502208,"Delaney, Rory",IRL,M,,,,1972,0,20,AUG25,1988,i
2501058,"Dempsey, Paul",IRL,M,,,,2141,0,20,AUG25,1982,i
2517280,"Devine, Daniel",IRL,M,,,,1617,0,40,AUG25,2013,i
2520125,"Devine, Michael",IRL,M,,,,1581,0,20,AUG25,1982,i
2514826,"Devine, Shane",IRL,M,,,,1770,0,20,AUG25,1990,i
2501422,"Dignam, Matthew",IRL,M,,,,2013,0,20,AUG25,1988,
2511649,"Dimitrov, Nikolai",IRL,M,,,,1603,0,20,AUG25,1955,i
2527618,"Docherty, Aidan",IRL,M,,,,1547,0,20,AUG25,2005,i
2518538,"Doherty, Kalin",IRL,M,,,,1645,0,20,AUG25,2005,i
2517205,"Dolia, Samarth",IRL,M,,,,1413,0,40,AUG25,2014,i
2502445,"Donohoe, Eugene",IRL,M,,,,1731,0,20,AUG25,1953,i
2527146,"Doody, Odhran",IRL,M,,,,1623,0,40,AUG25,2009,i
2517221,"Doolin, Bedhbh",IRL,F,,,,1608,0,40,AUG25,2011,w
2517230,"Doolin, Nemhain",IRL,F,,,,1649,0,40,AUG25,2011,w
2518872,"Doris, Stephen",IRL,M,,,,1737,0,20,AUG25,2003,i
456039,"Dorman, Orla",IRL,F,,,,1723,0,20,AUG25,2003,w
2530287,"Dorman-Larmour, Isaac",IRL,M,,,,1433,0,40,AUG25,2011,
2511967,"Dornford-Smith, Adrian",IRL,M,,,,ACM,1633,0,AUG25,1965,i
2515148,"Dorrian, Christopher",IRL,M,,NA,,1663,0,20,AUG25,1979,
2515873,"Dougherty, Matthew",IRL,M,,,,1807,0,20,AUG25,1999,i
2507919,"Doyle, Gavin",IRL,M,,,,1784,0,20,AUG25,1986,i
2500876,"Doyle, Hugh",IRL,M,,,,2035,0,20,AUG25,1995,i
2510219,"Doyle, Peter",IRL,M,,,,1635,0,20,AUG25,1962,i
2521202,"Doyle, Robert",IRL,M,,,,1635,0,20,AUG25,1994,
2519046,"Du Berry, Ross",IRL,M,,,,1795,0,20,AUG25,2000,
2522675,"Duan, Yinan",IRL,M,,,,1848,0,40,AUG25,2012,
2518236,"Duberry, Ross",IRL,M,,,,1614,0,20,AUG25,2004,i
2501708,"Duffy, Seamus",IRL,M,,,,1962,0,20,AUG25,1963,i
2531933,"Dumigan, Owen",IRL,M,,,,1628,0,20,AUG25,1996,
2532166,"Dunne, Eoin",IRL,M,,,,1660,0,20,AUG25,2006,
2508346,"Dunne, John P.",IRL,M,,,,1707,0,20,AUG25,1994,i
2525020,"Dunne, Jude",IRL,M,,,,1444,0,20,AUG25,2005,i
2507269,"Dunne, Thomas Junior",IRL,M,,,,AIM,1817,0,AUG25,1992,
2529700,"Dunseath, Christopher",IRL,M,,,,1490,0,20,AUG25,2000,
2531402,"Duppalapudi, Shreyansh",IRL,M,,,,1599,0,40,AUG25,2014,
2507927,"Dwyer, Daniel",IRL,M,,,,1827,0,20,AUG25,2005,i
2517043,"D`arcy, Elian",IRL,M,,,,1551,0,20,AUG25,2001,i
2524562,"D`introno, Jules",IRL,M,,,,1509,0,20,AUG25,2001,i
2521822,"Edens, Jack",IRL,M,,,,1851,0,20,AUG25,2002,
2501732,"Egan, Colm",IRL,M,,,,1811,0,20,AUG25,1942,i
2534061,"El Baradie, Adam",IRL,M,,,,1419,0,40,AUG25,2014,
2532174,"Elioutin, Daniel Afanasiev",IRL,M,,,,1509,0,40,AUG25,2015,
2532182,"Elioutin, Michael Afanasiev",IRL,M,,,,1500,0,40,AUG25,2015,
2515695,"Evans, Damian",IRL,M,,,,1690,0,20,AUG25,1974,i
2512467,"Fagan, Kevin",IRL,M,,,,1687,0,20,AUG25,1989,i
2502496,"Fagan, Leon",IRL,M,,,,1981,0,20,AUG25,1974,i
2525836,"Fagan, Rordan",IRL,M,,,,1963,0,40,AUG25,2011,i
2506203,"Faleschini, Sasha-Ettore",IRL,M,,,,1944,0,20,AUG25,2002,i
2532395,"Fang, Yiming",IRL,M,,,,1598,0,40,AUG25,2014,
2526247,"Farrell, Alan",IRL,M,,,,1528,0,20,AUG25,1967,
2510359,"Farrelly, Eoin",IRL,M,,,,1763,0,20,AUG25,2004,i
2517787,"Faustino Lawlor, Elias",IRL,M,,,,1825,0,40,AUG25,2009,
2518279,"Faustino Lawlor, Levi",IRL,M,,,,1630,0,40,AUG25,2013,
2519054,"Fearnhead, George",IRL,M,,,,1819,0,20,AUG25,2003,i
2509342,"Ferguson, Dayna",IRL,F,,,,1765,0,20,AUG25,2004,wi
2518325,"Ferris, Liam",IRL,M,,,,1891,0,20,AUG25,1997,i
2524015,"Finnegan, Skyla",IRL,F,,,,1558,0,40,AUG25,2010,wi
2526255,"Fintha, Oliver",IRL,M,,,,1600,0,40,AUG25,2008,i
2501350,"Fitzpatrick, Brian",IRL,M,,,,2010,0,20,AUG25,1976,i
2521024,"Fitzpatrick, Conor",IRL,M,,,,1563,0,20,AUG25,1995,i
2512513,"Fitzpatrick, Daniel",IRL,M,,,,1714,0,20,AUG25,1996,i
2504774,"Fitzpatrick, David",IRL,M,,,,1668,0,20,AUG25,1980,i
2505886,"Fitzpatrick, Kevin",IRL,M,,,,1619,0,20,AUG25,1955,i
2511908,"Fitzsimons, Adam",IRL,M,,,,1833,0,40,AUG25,2008,i
2501961,"Fitzsimons, David",IRL,M,IM,,,2244,0,20,AUG25,1991,
2502526,"Fitzsimons, Pat",IRL,M,,,,1857,0,20,AUG25,1961,i
2535742,"Flynn, Colum",IRL,M,,,,1762,0,20,AUG25,2000,
2513099,"Flynn, Isaac",IRL,M,,,,1772,0,20,AUG25,2003,i
2509393,"Flynn, Jacob",IRL,M,CM,,,2107,0,20,AUG25,2001,
2511517,"Flynn-Connolly, Ruairi",IRL,M,,,,1745,0,20,AUG25,2003,i
2525453,"Foster, Ben",IRL,M,,,,1641,0,40,AUG25,2007,
2521768,"Fuchs, Eric",IRL,M,,,,1472,0,20,AUG25,1968,i
2520869,"Furlong, Adam",IRL,M,,,,1686,0,20,AUG25,2002,i
2503310,"Gahan, Edward",IRL,M,,,,1774,0,20,AUG25,1970,i
2512556,"Gallagher, Brian",IRL,M,,,,1831,0,20,AUG25,1993,
2506629,"Gallagher, Brian",IRL,M,,,,1780,0,20,AUG25,1961,i
2526271,"Gallagher, Cian",IRL,M,,,,1589,0,20,AUG25,1990,
2507820,"Galligan, Kevin",IRL,M,,,,1528,0,20,AUG25,1994,i
2521466,"Galligan, Theo",IRL,M,,,,1589,0,40,AUG25,2008,i
2531429,"Galvin, Sebastian",IRL,M,,,,1701,0,20,AUG25,2006,i
2511592,"Gamage, Vihanga",IRL,M,,,,1784,0,20,AUG25,1997,i
2515156,"Gamble, George",IRL,M,,,,1425,0,20,AUG25,1978,
2533073,"Ganja, Naga",IRL,M,,,,1580,0,20,AUG25,1979,
2517477,"Gannon, Sean",IRL,M,,,,1801,0,40,AUG25,2008,i
2534320,"Garcia, Liam Kelly",IRL,M,,,,1443,0,40,AUG25,2007,
2515024,"Gardner, Neil",IRL,M,,,,1681,0,20,AUG25,1974,
2516985,"Garvin, David",IRL,M,,,,1658,0,20,AUG25,1964,
2540134,"Gaston, Caleb",IRL,M,,,,1739,0,40,AUG25,2009,
2507838,"Gaughan, Allen",IRL,M,,,,1645,0,20,AUG25,1983,
2509164,"Geaney-O`brien, David",IRL,M,,,,1959,0,20,AUG25,1998,i
12809780,"Gedvilaite, Monika",IRL,F,WFM,WFM,,2065,0,20,AUG25,1984,wi
1202260,"Gelip, Ioana",IRL,F,WFM,WFM,,2065,0,20,AUG25,1995,wi
2520877,"Gevorkyan, David",IRL,M,,,,1743,0,20,AUG25,2004,i
2503336,"Gibson, John F.",IRL,M,,,,1876,0,20,AUG25,1948,i
2500531,"Gillen, Adrian",IRL,M,,,,2213,0,20,AUG25,1977,i
2500850,"Gillen, Stephen",IRL,M,,,,2129,0,20,AUG25,1977,i
2523310,"Gillespie, Peter",IRL,M,,,,1588,0,20,AUG25,2000,i
2508613,"Gilligan, Michael",IRL,M,,,,1699,0,20,AUG25,1991,i
2529807,"Gilmore, Alan",IRL,M,,,,1674,0,20,AUG25,1957,i
2515792,"Glendinning, Calum",IRL,M,,,,1803,0,20,AUG25,2005,
2518546,"Godson O`doherty, James",IRL,M,,,,1570,0,20,AUG25,2005,i
2520486,"Gohery, Daire",IRL,M,,,,1784,0,20,AUG25,1981,i
1148290,"Gora, Antonina",IRL,F,WCM,WCM,,1861,0,20,AUG25,1997,wi
2514648,"Gormally Whittaker, Dylan",IRL,M,,,,1678,0,40,AUG25,2010,i
2514834,"Gormley, Cathan",IRL,M,,,,1887,0,20,AUG25,1998,i
2520281,"Goslin, Darragh",IRL,M,,,,1665,0,20,AUG25,1986,i
2509407,"Goss, Alex",IRL,M,,,,1883,0,20,AUG25,2000,
2518414,"Gouk, Timothy",IRL,M,,,,1425,0,40,AUG25,2007,i
2510855,"Gould, Richard",IRL,M,,,,1817,0,20,AUG25,1980,
2509172,"Govers, Eoin",IRL,M,,,,1876,0,20,AUG25,1983,i
2519690,"Govindaraju, Darun",IRL,M,,,,1872,0,40,AUG25,2010,
2500590,"Graham, Gerry",IRL,M,,,,1865,0,20,AUG25,1962,
2538555,"Graham, Stevie",IRL,M,,,,1550,0,20,AUG25,1993,
2525607,"Greenan, Darragh",IRL,M,,,,1641,0,40,AUG25,2014,
2526514,"Greenan, David",IRL,M,,,,1594,0,40,AUG25,2012,
2508885,"Greenan, Paul",IRL,M,,,,1676,0,20,AUG25,1969,
2530473,"Greene, Matthew",IRL,M,,,,1512,0,20,AUG25,1992,
2520133,"Grey, Tom",IRL,M,,,,1748,0,20,AUG25,2002,
2502054,"Griffiths, Ryan Rhys",IRL,M,FM,,,2276,0,20,AUG25,1993,i
2529327,"Gu, Austin Haoen",IRL,M,,,,1502,0,40,AUG25,2017,
2518252,"Gubala, Max",IRL,M,,,,1675,0,40,AUG25,2008,i
14115115,"Gubanov, Oleg",IRL,M,IM,,,2162,0,20,AUG25,1987,
2529688,"Guerin, Steven",IRL,M,,,,1638,0,20,AUG25,1994,i
2518058,"Gunn, Conor",IRL,M,,,,1863,0,20,AUG25,2001,i
2515806,"Gunning, Joe",IRL,M,,,,1625,0,20,AUG25,1946,i
2520508,"Gupta, Prisha",IRL,F,,,,1507,0,40,AUG25,2011,w
2510790,"Gupta, Utkarsh",IRL,M,,,,1899,0,20,AUG25,2004,i
2503727,"Hackett, Joe",IRL,M,,,,1810,0,20,AUG25,1955,i
2505460,"Hackett, Len",IRL,M,,,,1865,0,20,AUG25,1975,
2510502,"Hackett, William",IRL,M,,,,1648,0,20,AUG25,2004,i
2512912,"Hakhumyan, Aram",IRL,M,,,,1584,0,20,AUG25,1979,i
2511991,"Hakhumyan, Arsen",IRL,M,,,,1588,0,40,AUG25,2010,
2505967,"Halley, Mark",IRL,M,,,,1891,0,20,AUG25,1991,i
2510235,"Halpenny, John",IRL,M,,,,1579,0,20,AUG25,1987,i
2513030,"Hand, Joseph",IRL,M,,,,1608,0,20,AUG25,2004,i
2536447,"Hanna, Patrick",IRL,M,,,,1511,0,40,AUG25,2013,
2509415,"Haque, Muhtarim-Ul",IRL,M,,,,2015,0,20,AUG25,2004,i
2509334,"Haque, Mustakim-Ul",IRL,M,,,,1998,0,20,AUG25,2002,
2500256,"Harding, Tim D",IRL,M,CM,,,1913,0,20,AUG25,1948,i
2536382,"Harpur, Adam",IRL,M,,,,1629,0,20,AUG25,1989,
2513196,"Harrington, Eoin",IRL,M,,,,1728,0,20,AUG25,2002,i
2511924,"Harris, Dexter",IRL,M,,,,1642,0,40,AUG25,2008,i
2511916,"Harris, Ross",IRL,M,,,,1815,0,20,AUG25,1976,i
2524040,"Hart, Diarmuid",IRL,M,,,,1486,0,20,AUG25,2005,i
2533081,"Hassan, Ali Abul",IRL,M,,,,1758,0,20,AUG25,1979,
2507595,"Hayden, Luke",IRL,M,,,,1804,0,20,AUG25,1996,i
2502569,"Hayes, Peter J.",IRL,M,,,,1894,0,20,AUG25,1983,i
2511290,"He, Andrew",IRL,M,,,,1623,0,40,AUG25,2007,i
2500965,"Healy, John",IRL,M,,,,1916,0,20,AUG25,1983,i
2503018,"Hearne, Sarah-Jane",IRL,F,WCM,WCM,,1707,0,20,AUG25,1995,wi
2509253,"Hegarty, Conall",IRL,M,,,,1840,0,20,AUG25,1993,i
2508141,"Hegarty, Fintan",IRL,M,,,,1848,0,20,AUG25,1986,i
2511398,"Hehir, Paul",IRL,M,,,,1786,0,20,AUG25,1992,i
2500990,"Heidenfeld, Mark",IRL,M,IM,,,2298,0,10,AUG25,1968,i
2529343,"Heron, Lorcan",IRL,M,,,,1683,0,40,AUG25,2011,
2522039,"Hickey Paco, Orqo",IRL,M,,,,1645,0,20,AUG25,2001,i
2507153,"Higgins, Michael",IRL,M,,,,1932,0,20,AUG25,2001,i
2514982,"Higgins, Stephen",IRL,M,,,,1678,0,20,AUG25,1971,i
2513846,"Hill, David",IRL,M,,,,1794,0,20,AUG25,1972,i
2507234,"Hogan, Douglas",IRL,M,,,,1879,0,20,AUG25,1973,i
2518554,"Holahan, Paddy",IRL,M,,,,1817,0,20,AUG25,1966,i
2514133,"Holcroft, Bailey",IRL,M,,,,1643,0,20,AUG25,2001,i
2525356,"Holland, Alfie",IRL,M,,,,1774,0,40,AUG25,2010,i
2504847,"Honner, Mervyn",IRL,M,,,,1647,0,20,AUG25,1964,i
2515059,"Hood, Michael",IRL,M,,,,1645,0,20,AUG25,1968,
2526310,"Horrigan, James",IRL,M,,,,1502,0,40,AUG25,2010,
2534339,"Hovhannisyan, Vahan",IRL,M,,,,1406,0,20,AUG25,1980,
2525879,"Huang, Kevin",IRL,M,,,,1447,0,40,AUG25,2009,
2528665,"Huang, Shen Qi",IRL,M,,,,1511,0,40,AUG25,2010,
2046105,"Hughes, John L",IRL,M,,,,2103,0,20,AUG25,1996,
2505690,"Hughes, Padraig",IRL,M,,,,1917,0,20,AUG25,2001,
2509423,"Hunter, Dave",IRL,M,,,,1639,0,20,AUG25,1968,i
2509431,"Hunter, Eoin",IRL,M,,,,1689,0,20,AUG25,2004,i
2508362,"Hunter, Sean",IRL,M,,,,1804,0,20,AUG25,2003,i
14189208,"Hushpit, Lukian",IRL,M,,,,1952,0,40,AUG25,2009,i
2513277,"Igras, Greg",IRL,M,,,,1851,0,20,AUG25,1972,i
2514311,"Ivanov, Andrey A.",IRL,M,CM,,,2060,0,40,AUG25,2011,
2502585,"Jackson, Carl",IRL,M,,,,1918,0,20,AUG25,1982,i
2528398,"Jagic, Jakov",IRL,M,,,,1780,24,40,AUG25,2012,
2530759,"Jagic, Karlo",IRL,M,,,,1455,22,40,AUG25,2013,
2526794,"Jain, Arsh",IRL,M,,,,1560,0,40,AUG25,2010,
2511703,"Jamison, Brendan",IRL,M,,,,AFM,1944,0,AUG25,1979,
2533430,"Jansen, Jade",IRL,M,,,,1539,0,20,AUG25,1985,
2525461,"Jennings, Dara",IRL,M,,,,1762,0,20,AUG25,1997,i
2507188,"Jennings, Ted",IRL,M,,,,1771,0,20,AUG25,1951,i
2525895,"Jensen, Ciara",IRL,F,,,,1579,0,40,AUG25,2012,wi
628859,"Jessel, Stephen",IRL,M,FM,,,2237,0,20,AUG25,1986,
2522730,"Jiang, Enda",IRL,M,,,,1556,0,40,AUG25,2014,
2509032,"Jocius, Donatas",IRL,M,,,,1842,0,20,AUG25,1985,
2504081,"John, Tom",IRL,M,,,,1881,0,20,AUG25,1975,
2513994,"Johnston, Gary",IRL,M,,,,1638,0,20,AUG25,1979,i
2514222,"Johnston, Owen",IRL,M,,,,1650,0,20,AUG25,2002,i
2538563,"Johnston, Tom",IRL,M,,,,1431,0,20,AUG25,1963,
2510324,"Jordan, Felix",IRL,M,,,,1749,0,20,AUG25,2005,i
2500655,"Joyce, John",IRL,M,,,,1916,0,20,AUG25,1970,
2513315,"Kaczorowski, Ryszard",IRL,M,,,,1845,11,20,AUG25,1958,
2501007,"Kalam, Abul",IRL,M,,,,1874,0,20,AUG25,1974,i
2510600,"Kalista, Sebastian",IRL,M,,,,1684,0,20,AUG25,1979,i
2515075,"Kamal, Taufik",IRL,M,,,,1808,0,40,AUG25,2007,i
2513005,"Kandasamy, Venkatesan",IRL,M,,NI,,1620,0,20,AUG25,1977,i
2517418,"Kandru, Yuvan Sree",IRL,M,,,,1711,0,20,AUG25,2006,
2515741,"Kannan, Sanjay",IRL,M,,,,1729,0,20,AUG25,1993,i
45004714,"Kanyamarala, Tarun",IRL,M,IM,,,2316,0,20,AUG25,2004,
45004722,"Kanyamarala, Trisha",IRL,F,WIM,WIM,,2249,0,20,AUG25,2005,w
2526999,"Kardkovacs, Akos",IRL,M,,,,1655,0,40,AUG25,2011,
2523973,"Karpagavinayagam, Karthikeya",IRL,M,,,,1759,0,40,AUG25,2010,
2518171,"Karthikeyan, Pranav",IRL,M,,,,1770,0,40,AUG25,2011,
24290670,"Kashanin, Daniil",IRL,M,,,,1653,0,40,AUG25,2008,i
2510006,"Kavanagh, James",IRL,M,,,,1796,0,20,AUG25,2003,i
2527634,"Keating, Andrew",IRL,M,,,,1800,0,20,AUG25,1995,i
2505703,"Keating, Thomas",IRL,M,,,,1794,0,20,AUG25,1999,i
2526328,"Keegan, Philip",IRL,M,,,,1560,0,20,AUG25,1990,
2516853,"Keenan, Cathal",IRL,M,,,,2042,0,20,AUG25,2003,
2540576,"Keenan, Cian",IRL,M,,,,1661,0,20,AUG25,1999,
2513986,"Keenan, Colin",IRL,M,,,,1653,0,20,AUG25,1980,i
2518880,"Keenan, Mark",IRL,M,,,,1794,0,20,AUG25,1992,i
2518333,"Keers, Shane",IRL,M,,,,1662,0,20,AUG25,1989,i
2520885,"Kelly, Brendan",IRL,M,,,,1546,0,20,AUG25,1990,i
2513218,"Kelly, Christopher",IRL,M,,,,1831,0,20,AUG25,1959,i
2515903,"Kelly, Craig",IRL,M,,,,1578,0,20,AUG25,1982,i
2532425,"Kelly, Ronan",IRL,M,,,,1557,0,40,AUG25,2016,
2512521,"Kennedy, Jamie",IRL,M,,,,1668,0,20,AUG25,2004,i
2501120,"Kennedy, John",IRL,M,,,,1975,0,20,AUG25,1982,i
2530058,"Kennedy, John",IRL,M,,,,1552,0,40,AUG25,2009,
2509440,"Kenny, William",IRL,M,,,,1813,0,20,AUG25,1999,i
2527928,"Kerslake, Dylan",IRL,M,,,,1464,0,20,AUG25,1991,i
2527936,"Kerslake, Robert",IRL,M,,,,1539,0,20,AUG25,1996,i
2518848,"Kesare, Aarav",IRL,M,,,,1649,0,40,AUG25,2010,
2511975,"Khanzharov, Edward",IRL,M,,NA,,1753,0,20,AUG25,2000,
2520443,"Kinch, Sean",IRL,M,,,,1563,0,20,AUG25,2003,
2503379,"King, Melvyn",IRL,M,,,,1950,0,20,AUG25,1945,i
2526336,"Kiwanuka, Robert Dr",IRL,M,,,,1548,0,20,AUG25,1986,i
2535424,"Kizuk, Szymon",IRL,M,,,,1527,0,20,AUG25,1974,
2534347,"Kolev, Stefan",IRL,M,,,,1685,0,20,AUG25,2002,
2514230,"Kolman, Maks",IRL,M,,,,1518,0,20,AUG25,1993,i
2514141,"Koush, Nikita",IRL,M,,,,1733,0,20,AUG25,2002,i
2509261,"Kozlovs, Andrejs",IRL,M,,,,1798,0,20,AUG25,2000,i
2512858,"Krasevskis, Alvis",IRL,M,,,,1730,0,20,AUG25,1999,
2504901,"Kremerts, Romans",IRL,M,,,,1692,0,20,AUG25,1963,i
2525917,"Kumar, Adhvik",IRL,M,,,,1486,0,40,AUG25,2015,
14162261,"Kushko, Dmitriy",IRL,M,IM,,,2212,11,20,AUG25,2004,
2517760,"Kuvsincikov, Arthur",IRL,M,,,,1739,0,40,AUG25,2009,i
2533448,"Lagutin, Nelsonre",IRL,M,,,,1886,0,20,AUG25,1979,
2524848,"Landmark, Gabriel",IRL,M,,,,1770,0,40,AUG25,2007,
368179924,"Lane, Alan",IRL,M,,,,1650,0,20,AUG25,1991,
2520893,"Lang, Sam",IRL,M,,,,1733,0,20,AUG25,1999,i
2505789,"Lavery, Damien",IRL,M,,NA,,1804,0,20,AUG25,1977,i
2513323,"Lavery, Robert",IRL,M,,,,1822,0,20,AUG25,1986,i
2518260,"Lawless, Eoin",IRL,M,,,,1612,0,20,AUG25,1975,i
2518244,"Lawless, Trish",IRL,F,,,,1558,0,20,AUG25,1982,wi
2508052,"Lawrence, Simon",IRL,M,,,,1840,0,20,AUG25,1970,
2511762,"Leavy, Paul A.",IRL,M,,,,1735,0,20,AUG25,1981,i
2503883,"Lee, Shane",IRL,M,,,,1873,0,20,AUG25,1975,i
2526808,"Leopardas, Gaius",IRL,M,,,,1660,0,20,AUG25,2006,i
2524112,"Leopold, Conor",IRL,M,,,,1510,0,40,AUG25,2010,i
2508524,"Li, Henry",IRL,M,FM,,,2225,0,20,AUG25,2002,i
2514150,"Liddane, Fionn",IRL,M,,,,1834,0,20,AUG25,1999,i
2511193,"Liddy, Stephen",IRL,M,,,,1799,0,20,AUG25,1988,i
2513102,"Lievens, Karel",IRL,M,,,,1717,0,40,AUG25,2007,i
2523086,"Liszewski, Mikolaj",IRL,M,,,,1655,0,20,AUG25,1994,i
2534428,"Litvinas, Kajus",IRL,M,,,,1603,0,40,AUG25,2013,
2519844,"Liu, Jackie",IRL,M,,,,1569,0,20,AUG25,1979,i
2514656,"Liu, Jason",IRL,M,CM,,,2142,0,40,AUG25,2009,
2517191,"Liu, Murray",IRL,M,,,,1643,0,40,AUG25,2015,
2513110,"Liu, Wenle",IRL,M,,,,1565,0,40,AUG25,2009,i
2519852,"Loane, Edward",IRL,M,,,,1591,0,20,AUG25,1975,
2526360,"Lobzhanidze, Data",IRL,M,,,,1937,0,20,AUG25,2001,i
2512726,"Lohan, Martin",IRL,M,,,,1799,0,20,AUG25,1953,i
21801088,"Lokasto, Mariusz",IRL,M,,,,1869,0,20,AUG25,1977,i
2518767,"Long, Tadhg",IRL,M,,,,1801,0,40,AUG25,2009,i
2518198,"Lorigan, Maxim",IRL,M,,,,1710,0,40,AUG25,2012,
2501562,"Loughran, John",IRL,M,,FA,,1848,0,20,AUG25,1960,i
2539276,"Lowe, Arran",IRL,M,,,,1645,0,20,AUG25,1991,
2529769,"Lowry, Conor",IRL,M,,,,1629,0,20,AUG25,2004,i
2501597,"Lowry-O`Reilly, Hannah",IRL,F,WFM,WFM,,1790,0,20,AUG25,1988,wi
2518074,"Luka, Jude",IRL,M,,,,1731,0,20,AUG25,2002,i
2500671,"Lynch, Daniel",IRL,M,,,,1655,0,20,AUG25,1983,i
2518899,"Lynch, Fionn",IRL,M,,,,1509,0,20,AUG25,2004,i
2501252,"Lynch, Peter J.",IRL,M,,,,1809,0,20,AUG25,1947,i
2500698,"Lyons, Brendan",IRL,M,,,,1971,0,20,AUG25,1963,i
2500647,"MacElligott, Gerard",IRL,M,CM,NA,,1967,0,20,AUG25,1956,i
2514338,"Machowski, Hubert",IRL,M,,,,1477,0,40,AUG25,2008,i
2536315,"Madane, Ketan",IRL,M,,,,1565,0,20,AUG25,1990,
2512262,"Mag Ruairc, Conor",IRL,M,,,,1763,0,20,AUG25,2005,i
2520257,"Maguire, Tallann",IRL,M,,,,1708,0,20,AUG25,1998,
2509563,"Maher, Conor",IRL,M,,,,1931,0,20,AUG25,1999,i
2518902,"Maher, James",IRL,M,,,,1528,0,20,AUG25,1992,i
2512785,"Mahmoud, Jamal",IRL,M,,,,1487,0,20,AUG25,1994,i
2529718,"Majury, Henry",IRL,M,,,,1473,0,40,AUG25,2009,i
3600289,"Mallaghan, Danny",IRL,M,,,,1675,0,20,AUG25,1962,i
2529181,"Malone, Aidan",IRL,M,,,,1525,0,40,AUG25,2009,i
2527650,"Malone, Archie",IRL,M,,,,1531,0,40,AUG25,2007,i
2513676,"Mancosu, Aliseo",IRL,M,,,,1665,0,20,AUG25,2005,
2511533,"Mancosu, Marco",IRL,M,,NI,,1751,0,20,AUG25,1976,
2523027,"Manning, Darragh",IRL,M,,,,1446,0,20,AUG25,2004,i
2507625,"Manojlovic, Anastasija",IRL,F,,,,1722,0,20,AUG25,1998,wi
2507633,"Manojlovic, Mihailo",IRL,M,,,,1968,0,20,AUG25,2000,i
2514907,"Mark, Seidman",IRL,M,,,,1472,0,20,AUG25,1958,i
2537826,"Marrivada, Shreyas",IRL,M,,,,1542,0,40,AUG25,2015,
2525046,"Marshall, Andrew",IRL,M,,,,1524,0,40,AUG25,2008,i
2504340,"Martin, Seamus",IRL,M,,,,1606,0,20,AUG25,1968,i
2520168,"Matevosyan, Zara",IRL,F,,,,1659,0,40,AUG25,2009,wi
2520516,"Mathew, Thomas",IRL,M,,,,1560,0,20,AUG25,1997,i
14138611,"Mats, Diana",IRL,F,,,,1962,0,20,AUG25,1999,wi
2511401,"Matthews, Gabriel",IRL,M,,,,1878,0,20,AUG25,1958,i
2527723,"Maturu, Samhith",IRL,M,,,,1552,0,40,AUG25,2010,i
2527731,"Maturu, Sankeerth",IRL,M,,,,1560,0,40,AUG25,2013,i
2527332,"Mayrs, Alex",IRL,M,,,,1515,0,20,AUG25,2002,i
2527103,"Mayrs, Richard",IRL,M,,,,1645,0,20,AUG25,1975,i
2523094,"McAnespy, Ferdia",IRL,M,,,,1619,0,20,AUG25,2004,i
2513234,"McBrien, Dylan",IRL,M,,,,1548,0,20,AUG25,2003,i
2518015,"McBurney, Alan",IRL,M,,,,1540,0,20,AUG25,1974,
2503891,"McCabe, Shane",IRL,M,,,,1844,0,20,AUG25,1968,i
2525224,"McCallion, Adam",IRL,M,,,,1564,0,20,AUG25,1998,i
2510049,"McCann, David",IRL,M,,,,1799,0,20,AUG25,1994,i
2521881,"McCarter, Albert",IRL,M,,,,1599,0,20,AUG25,1943,i
2520788,"McCarthy, Bernie",IRL,F,,,,1487,0,20,AUG25,1969,wi
2523108,"McCarthy, Peter",IRL,M,,,,1526,0,40,AUG25,2008,i
2518449,"McClean, Caleb",IRL,M,,,,1982,0,40,AUG25,2008,
2518481,"McClean, Jacob",IRL,M,,,,1544,0,40,AUG25,2009,
2515563,"McClean, Richard",IRL,M,,,,1482,0,20,AUG25,1952,
2515571,"McClurg, Rebecca",IRL,F,,,,1440,0,20,AUG25,1988,wi
2512149,"McCluskey,Michael",IRL,M,,,,1667,0,20,AUG25,1992,i
2513331,"McConkey, Louie",IRL,M,,,,1761,0,20,AUG25,2003,i
2514915,"McConnell, Alan",IRL,M,,,,1659,0,20,AUG25,1974,i
2520796,"McConnell, Jonah",IRL,M,,,,1597,0,20,AUG25,2005,i
2533197,"McConnell, Rory",IRL,M,,,,1645,0,20,AUG25,2003,
2504995,"McCormick, Damien",IRL,M,,,,1714,0,20,AUG25,1972,i
2516292,"McCormick, Polly",IRL,F,,,,1627,0,40,AUG25,2012,wi
2526700,"McCroskery, Max",IRL,M,,,,1693,0,40,AUG25,2010,
2521067,"McDermott, Malo",IRL,M,,,,1918,0,40,AUG25,2008,
2522233,"McDonnell Ryan, Lorcan",IRL,M,,,,1830,0,40,AUG25,2009,i
2500787,"McDonnell, James J.",IRL,M,,,,1898,0,20,AUG25,1954,i
2510375,"McGill, Derek",IRL,M,,,,1801,0,20,AUG25,1957,i
2513242,"McGlade, Emmet",IRL,M,,,,1835,0,20,AUG25,2003,i
2523116,"McGowan, Will",IRL,M,,,,1563,0,20,AUG25,2004,i
2506866,"McGrath, Brian",IRL,M,,,,1626,0,20,AUG25,1983,i
2519895,"McGrath, Mark",IRL,M,,,,1846,0,20,AUG25,2006,
2507315,"McGrath, Tom",IRL,M,,,,1638,0,20,AUG25,2000,i
2500507,"McHugh, Kevin",IRL,M,,,,1955,0,20,AUG25,1963,i
2525097,"McIlroy, Ben",IRL,M,,,,1852,0,40,AUG25,2007,
2525100,"McIlroy, Gerard",IRL,M,,,,1791,0,20,AUG25,1969,
2524350,"McInerney, Kevin",IRL,M,,,,1564,0,40,AUG25,2014,i
2511347,"McKenna, Michael",IRL,M,,,,1512,0,20,AUG25,1983,i
2513730,"McKenna, Peter",IRL,M,,,,1650,0,20,AUG25,1996,i
2524635,"McKeown, Alex",IRL,M,,,,1514,0,40,AUG25,2015,
2513340,"McKillen, Pat",IRL,M,,,,1710,0,20,AUG25,1967,i
2531305,"McKimm, Michael",IRL,M,,,,1628,0,20,AUG25,1968,
2518457,"McKnight, Louis",IRL,M,,,,1493,0,20,AUG25,1981,
470791,"McLaughlin, Noel S",IRL,M,,,,1890,0,20,AUG25,1972,
2533162,"McManus, Myles",IRL,M,,,,1707,0,20,AUG25,1999,i
2501481,"McMorrow, John",IRL,M,,FA,,1933,0,20,AUG25,1988,i
2521482,"McNab, Carson",IRL,M,,,,1567,0,20,AUG25,1967,
2521490,"McNab, Peter",IRL,M,,,,1455,0,40,AUG25,2009,
2526522,"McNamara, Jj",IRL,M,,,,1681,0,20,AUG25,1998,
2524147,"McPeake, Michael",IRL,M,,,,1458,0,20,AUG25,2006,i
2501503,"McPhillips, Karl",IRL,M,FM,,,2120,0,20,AUG25,1988,i
2529475,"McQuillan, Rory",IRL,M,,,,1537,0,20,AUG25,1993,i
2535327,"McWhinney, Ashley",IRL,M,,,,1664,0,20,AUG25,1996,
2524031,"Mead, Oliver",IRL,M,,,,1719,0,40,AUG25,2008,
2536455,"Megadi-Walia, Rohan",IRL,M,,,,1636,0,40,AUG25,2016,
2509571,"Melaugh, Gavin",IRL,M,,,,1995,0,20,AUG25,2003,
2509580,"Melaugh, Shane",IRL,M,CM,,,2112,9,20,AUG25,2001,
2510804,"Menon, Sanjay",IRL,M,,,,1757,0,20,AUG25,2005,i
2502755,"Menzies, Colin",IRL,M,FM,,,2173,0,20,AUG25,1988,i
2502275,"Meskens, Stephan",IRL,M,,,,1900,0,20,AUG25,1969,i
2518910,"Mgbemena, Chima",IRL,M,,,,1907,0,20,AUG25,1985,i
2533200,"Micheal, Aarin",IRL,M,,,,1498,0,40,AUG25,2018,
2507480,"Miller, Jacob",IRL,M,,,,1931,0,20,AUG25,1993,i
2523124,"Miller, Joseph",IRL,M,,,,1714,0,20,AUG25,1993,i
2534924,"Minihane, Dylan",IRL,M,,,,1732,0,40,AUG25,2007,
2504219,"Minnock, Eoin",IRL,M,,,,1848,0,20,AUG25,1998,i
2503999,"Mirza, Diana",IRL,F,WFM,WFM,,1888,0,20,AUG25,2000,wi
2503093,"Mirza, Gabriel",IRL,M,,,,1681,7,20,AUG25,1966,
2517337,"Mitchell, John",IRL,M,,,,1649,0,20,AUG25,1985,i
2528754,"Mohamed, Mohamed Abbasher",IRL,M,,,,1697,0,20,AUG25,1970,
10206558,Mohammad Mahbub Parouare,IRL,M,,,,1890,0,20,AUG25,1984,
2515660,"Mohan, Ganesh",IRL,M,,,,1696,0,20,AUG25,1988,i
2527081,"Monaghan, James",IRL,M,,,,ACM,1629,0,AUG25,1988,
2508168,"Monahan, Mark",IRL,M,,,,1891,0,20,AUG25,1990,i
2527294,"Moore, Fiachra",IRL,M,,,,1699,0,40,AUG25,2009,
2510294,"Moran, Darragh",IRL,M,,,,1839,0,20,AUG25,2002,
2511100,"Moran, Hugh",IRL,M,,,,1746,0,20,AUG25,2003,i
2501872,"Moran, Stephen",IRL,M,,,,2100,0,20,AUG25,1990,i
2514486,"Moreland, Desmond",IRL,M,,,,1768,0,20,AUG25,1970,
2516365,"Moreland, Matthew",IRL,M,,,,1591,0,20,AUG25,2005,i
3600378,"Morgan, Stephen",IRL,M,,,,1764,0,20,AUG25,1972,i
2524368,"Morris, Sam",IRL,M,,,,1606,0,20,AUG25,2001,
2513137,"Morrison, Carl",IRL,M,,,,1653,0,40,AUG25,2007,i
2527340,"Morrison, Jim",IRL,M,,,,1409,0,20,AUG25,1953,
2513145,"Morrison, Ryan",IRL,M,,,,1422,0,40,AUG25,2009,i
2500230,"Morriss, Pete",IRL,M,,,,1978,0,20,AUG25,1947,i
2512254,"Morrow, Richard",IRL,M,,,,1785,0,20,AUG25,1985,i
2517426,"Moull, Arthur",IRL,M,,,,1807,0,20,AUG25,2005,
2534703,"Mounsey, Hamish",IRL,M,,,,1536,0,20,AUG25,1996,
2500728,"Mueller, Jan",IRL,M,,,,2150,0,20,AUG25,1990,i
2528479,"Mulcahy, Eoghan",IRL,M,,,,1779,0,40,AUG25,2009,
2517086,"Mullen, Joseph",IRL,M,,,,1599,0,20,AUG25,1996,i
2536870,"Mulligan, Dean",IRL,M,,,,1682,0,20,AUG25,2003,
2507498,"Mulligan, Scott",IRL,M,,,,1999,0,20,AUG25,1999,i
2515598,"Mullins, Niki",IRL,M,,,,1835,0,20,AUG25,1977,
2523132,"Mulot, Yannick",IRL,M,,,,1545,0,20,AUG25,2005,
2516950,"Mulqueen, John Kane",IRL,M,,,,1711,0,20,AUG25,1987,i
33391998,"Mulukutla, Ayaansh",IRL,M,,,,1690,0,40,AUG25,2015,
2512866,"Mulvey, James",IRL,M,,,,1531,0,20,AUG25,2002,
2520907,"Munkhzul, Dulguun",IRL,M,,,,1534,0,20,AUG25,2000,i
2503603,"Murchadha, Oissine",IRL,M,CM,NA,,1873,0,20,AUG25,1996,
2522250,"Murphy, Cathal",IRL,M,,,,1575,0,40,AUG25,2009,
2084309,"Murphy, Cathal J",IRL,M,,,,1677,0,20,AUG25,1969,i
421669,"Murphy, Conor E",IRL,M,IM,,,2325,0,20,AUG25,1999,i
2501783,"Murphy, Dara",IRL,M,,,,1845,0,20,AUG25,1991,i
2521989,"Murphy, David",IRL,M,,,,1562,0,20,AUG25,2002,
2521423,"Murphy, Joe",IRL,M,,,,1654,0,20,AUG25,1999,i
2526735,"Murphy, Paul",IRL,M,,,,1680,0,20,AUG25,1993,i
2518465,"Murphy, Peter",IRL,M,,,,1607,0,40,AUG25,2009,
2512742,"Murphy, Sean J.",IRL,M,,,,2004,0,20,AUG25,2003,
2512963,"Murray, Benjamin",IRL,M,,,,1874,0,20,AUG25,2006,
2531771,"Murray, Ciaran",IRL,M,,,,1659,0,20,AUG25,1993,
2501511,"Murray, David",IRL,M,,,,2112,0,20,AUG25,1984,i
2508958,"Murray, Sam",IRL,M,,,,1745,0,20,AUG25,1996,
2539381,"Murtagh, Kevin",IRL,M,,,,1599,0,20,AUG25,2004,
2507501,"Murtagh, Robert",IRL,M,,,,1758,0,20,AUG25,1989,i
2535262,"Nancarrow, Paul",IRL,M,,,,1643,0,40,AUG25,2009,
2529408,"Nazarov, Mykhailo",IRL,M,,,,1738,0,40,AUG25,2013,
2510170,"Neaga, Bogdan",IRL,M,,,,1863,0,20,AUG25,1976,i
2511304,"Neely, Pauraic",IRL,M,,,,1681,0,20,AUG25,1998,i
2520320,"Nelson, Jacob",IRL,M,,,,1732,0,20,AUG25,2005,i
2512041,"Nemeth, Zalan",IRL,M,FM,,,2081,0,20,AUG25,2002,
2505819,"Newman, Mark",IRL,M,,"SI,LSI",,1833,0,20,AUG25,1963,i
2505665,"Ni Mhuireagain, Eibhia",IRL,F,WCM,WCM,"NI,NA",1685,0,20,AUG25,2000,wi
2516896,"Nichenametla V, Advaith",IRL,M,,,,1865,0,40,AUG25,2010,
2506424,"Nikrow, Shahram",IRL,M,,,,1837,0,20,AUG25,1968,
404500,"Nixon, Rodney J",IRL,M,,,,1895,0,20,AUG25,1955,i
2509466,"Nolan, Conor",IRL,M,,,,1874,0,20,AUG25,2001,
2510260,"Nolan, Dermot",IRL,M,,,,1886,0,20,AUG25,2000,
2506912,"Nolan, Sean",IRL,M,,,,1905,0,20,AUG25,1973,i
2503786,"Noone, Joe",IRL,M,,,,1933,0,20,AUG25,1954,i
14511584,"Novak, Vjekoslav",IRL,M,,NA,,1764,0,20,AUG25,1976,
2525950,"Nowak, Krzysztof",IRL,M,,NA,,1716,0,20,AUG25,1983,
2512165,"O Connor, Hugh",IRL,M,,,,1753,0,20,AUG25,1992,i
415375,"O Grady, Gary P.",IRL,M,,,,1908,0,20,AUG25,1968,i
2512157,"O Hanlon, Joe",IRL,M,,,,1657,0,20,AUG25,0,
2500620,"O'Cinneide, Mel",IRL,M,,,,2135,0,20,AUG25,1965,i
2500493,"O'Connell, Gerard",IRL,M,,,,2052,0,20,AUG25,1958,i
2501112,"O'Connor, Jonathan",IRL,M,,,,2128,0,20,AUG25,1963,i
2515830,"Obasi, Gerard",IRL,M,,,,1717,0,20,AUG25,1987,i
2537958,"Oconnor, Jamie S",IRL,M,,,,1467,0,40,AUG25,2014,
2518031,"ODonoghue, Maurice",IRL,M,,,,1516,0,20,AUG25,1986,i
2517108,"Okubanjo, Segun",IRL,M,,,,1750,0,20,AUG25,2002,
2521997,"ORourke, Emmet",IRL,M,,,,1878,0,20,AUG25,2002,
2500035,"Orr, Mark J L",IRL,M,IM,,,2088,0,20,AUG25,1955,i
2509652,"O`brien, George",IRL,M,,,,1906,0,20,AUG25,1963,i
2516640,"O`connell, Charlie",IRL,M,,,,1670,0,20,AUG25,2005,i
2502852,"O`Connell, David",IRL,M,,,,1863,0,20,AUG25,1982,i
2505860,"O`Connell, Denis",IRL,M,,,,1773,0,20,AUG25,1963,
2516659,"O`connell, Elliot",IRL,M,,,,1690,0,20,AUG25,2005,i
2500515,"O`Connell, Kevin J.",IRL,M,FM,,,2302,0,20,AUG25,1949,i
2518120,"O`connor, Alex",IRL,M,,,,1760,0,20,AUG25,2001,i
2501740,"O`Connor, Eddie",IRL,M,,,,1996,0,20,AUG25,1956,i
2518473,"O`Connor, Paul",IRL,M,,"SI,NA",,1519,0,20,AUG25,1964,
2514249,"O`cuilleanain, Oisin",IRL,M,,,,2056,0,20,AUG25,2004,
2512530,"O`daly, Liam",IRL,M,,,,1684,0,20,AUG25,1961,i
2511797,"O`danachair, Donal",IRL,M,,,,1666,0,20,AUG25,1953,i
2504243,"O`Donnell, Conor",IRL,M,FM,,,2195,0,20,AUG25,1999,i
2501880,"O`Donoghue, Denis J.",IRL,M,,,,1952,0,20,AUG25,1983,i
2505550,"O`Donovan, Paul",IRL,M,,,,1801,0,20,AUG25,1962,i
2514923,"O`fee, James",IRL,M,,,,1741,0,20,AUG25,1948,
2502283,"O`Flaherty, Kevin",IRL,M,,,,AIM,1909,0,AUG25,1988,i
2508214,"O`Gorman, Alice",IRL,F,,,,1914,0,20,AUG25,2000,wi
2509601,"O`gorman, Brian",IRL,M,,,,1684,0,20,AUG25,1969,
2508249,"O`Gorman, Tom",IRL,M,IM,,,2352,0,20,AUG25,2002,
2511410,"O`hanlon, Pat",IRL,M,,,,1917,0,20,AUG25,1958,i
2505126,"O`Higgins, Niall",IRL,M,,NA,,1764,0,20,AUG25,1973,i
2509482,"O`kearney, Aaron",IRL,M,,,,AFM,1759,0,AUG25,1973,i
2509490,"O`kelly, David",IRL,M,,,,1710,0,20,AUG25,1956,
2511118,"O`laoide, Liam",IRL,M,,,,1731,0,20,AUG25,2004,i
2506190,"O`Mahoney, Keegan",IRL,M,,,,1874,0,20,AUG25,1995,i
2520915,"O`mahony, Cian",IRL,M,,,,1559,0,20,AUG25,1994,i
2505843,"O`Molloy, Eamonn",IRL,M,,,,1838,0,20,AUG25,1981,i
2507692,"O`Neill, Paul Sean",IRL,M,,,,1868,0,20,AUG25,1997,
2511550,"O`neill, Sam",IRL,M,,,,1835,0,20,AUG25,1994,
2509504,"O`neill, Sean Conor",IRL,M,,,,1560,0,20,AUG25,1963,i
2512769,"O`reilly, Ciaran",IRL,M,,,,1765,0,20,AUG25,1991,i
2517540,"O`reilly, Conor",IRL,M,,,,1976,0,40,AUG25,2008,
2510596,"O`reilly, Gerard",IRL,M,,,,1693,0,20,AUG25,1960,i
2521300,"O`rourke, Alex",IRL,M,,,,1685,0,20,AUG25,2005,
2512386,"O`sullivan, Aidan",IRL,M,,,,1743,0,20,AUG25,1991,i
2526409,"O`sullivan, Christy",IRL,M,,,,1886,0,20,AUG25,1967,i
2518082,"O`sullivan, Oisin",IRL,M,,,,1825,0,20,AUG25,2000,i
2513684,Padraig Crowe,IRL,M,,,,1451,0,20,AUG25,1958,i
2512882,"Paibir, Atharva",IRL,M,,,,1963,0,40,AUG25,2007,
417068,"Pakenham, John H",IRL,M,,,,1733,0,20,AUG25,1942,i
29982847,"Palihawadana, Aken Pinitha",IRL,M,,,,ACM,1441,0,AUG25,2015,
2531607,"Panicher, Bhargav",IRL,M,,,,1500,0,20,AUG25,2003,
2512009,"Paronyan, Alik",IRL,M,,,,1515,0,40,AUG25,2009,
2512564,"Paronyan, Vahe",IRL,M,,,,1822,0,20,AUG25,1976,
2518503,"Patterson, Calvin",IRL,M,,,,1843,0,40,AUG25,2007,
2518511,"Patterson, Jake",IRL,M,,,,1750,0,20,AUG25,1998,
2511711,"Pavlov, Mikhail",IRL,M,,,,1767,0,20,AUG25,1988,i
2511576,"Pawlowski, Grzegorz",IRL,M,,,,1915,0,20,AUG25,1977,i
2534860,"Pender, Jack",IRL,M,,,,1603,0,20,AUG25,2002,
2509520,"Peoples, Jonathon",IRL,M,,,,1899,0,20,AUG25,2000,i
2511428,"Phelan, Leo",IRL,M,,,,1847,0,20,AUG25,2003,i
2516160,"Philip, Tom Joshua",IRL,M,,,,1599,0,40,AUG25,2011,
2526417,"Phillips, Matthew",IRL,M,,,,1722,0,20,AUG25,1979,i
2507129,"Pilkiewicz, Nicholas",IRL,M,,,,1846,0,20,AUG25,1979,i
34160388,"Pinas, Ihor",IRL,M,,,,1845,0,40,AUG25,2012,i
2516101,"Pinkasevich, Martin",IRL,M,,,,1767,0,20,AUG25,2004,i
2516373,"Podean, Sett",IRL,M,,,,1591,0,20,AUG25,1994,i
2536463,"Popa, Troy",IRL,M,,,,1528,0,40,AUG25,2012,
2536390,"Popescu, Gabriel Marius",IRL,M,,,,1713,0,20,AUG25,1975,
2524066,"Poulton, Zack",IRL,M,,,,1440,0,40,AUG25,2008,i
2514516,"Power, Diarmuid",IRL,M,,,,1566,0,20,AUG25,2006,i
2521083,"Prabhith, Ayaan",IRL,M,,,,ACM,1604,0,AUG25,2012,
2511754,"Prasad, Hari",IRL,M,,,,1647,0,20,AUG25,1997,i
2514931,"Proctor, Richard",IRL,M,,,,1618,0,20,AUG25,1954,
2533774,"Prokopenko, Bohdan",IRL,M,,,,1606,0,40,AUG25,2011,
2520265,"Prykhodchenko, Serhii",IRL,M,,,,1686,0,20,AUG25,1957,i
2511312,"Przyborski, Oskar",IRL,M,,,,1634,0,20,AUG25,1980,i
14546604,"Putar, Lara",IRL,F,WFM,WFM,,1855,0,40,AUG25,2007,wi
14546612,"Putar, Leon",IRL,M,,,,1819,0,20,AUG25,2005,i
14557517,"Putar, Slavko",IRL,M,,NI,,1744,0,20,AUG25,1974,i
2503166,"Quigley, John",IRL,M,,,,1771,0,20,AUG25,1959,
2536471,"Quigley, Shane",IRL,M,,,,1872,0,20,AUG25,1991,
2510464,"Quigley,Colm",IRL,M,,,,1949,0,20,AUG25,1955,i
2500817,"Quinn, Ciaran",IRL,M,,,,1863,0,20,AUG25,1960,
2500450,"Quinn, Mark",IRL,M,IM,,,2262,0,20,AUG25,1976,i
2519470,"Quinn, Ronan",IRL,M,,,,1543,0,20,AUG25,1972,i
2501643,"Quinn, Rory",IRL,M,FM,,,1930,0,20,AUG25,1978,
2531526,"Rai, Oleksii",IRL,M,,,,1705,0,40,AUG25,2010,
2527553,"Ramalingam, Vanjinathan",IRL,M,,,,1599,0,20,AUG25,1983,i
2527120,"Ramasamy, Thirukumaran",IRL,M,,,,1588,4,20,AUG25,1983,
2513358,"Razbadauskas, Modestas",IRL,M,,,,1870,0,20,AUG25,1980,
2526565,"Redmond, Gavin",IRL,M,,,,1753,0,20,AUG25,2006,i
66800315,"Redmond, Joshua",IRL,M,,,,AFM,1792,0,AUG25,2002,i
2517558,"Reilly, Charlie",IRL,M,,,,1703,0,40,AUG25,2007,
2502313,"Reilly, Gerard",IRL,M,,,,1785,0,20,AUG25,1989,i
2515679,"Reis, David",IRL,M,,,,1603,0,20,AUG25,1988,i
368178515,"Remenyik, David",IRL,M,,,,1823,0,20,AUG25,2004,i
2512793,"Renji, Rafael Ninan",IRL,M,,,,1704,0,40,AUG25,2009,i
2520338,"Rerot, Pierre",IRL,M,,,,1669,0,20,AUG25,1986,i
2501392,"Reynolds, Pat",IRL,M,,,,1933,0,20,AUG25,0,i
2520346,"Riaz, Hamza",IRL,M,,,,1670,0,20,AUG25,1995,i
2529491,"Riley, Elliot",IRL,M,,,,1512,0,40,AUG25,2007,
2517973,"Rippon, Lorcan",IRL,M,,,,1519,0,40,AUG25,2012,i
2520206,"Rippon, Saoirse",IRL,F,,,,1555,0,40,AUG25,2010,wi
2505207,"Rivera, Franco",IRL,M,,,,1936,0,20,AUG25,1962,i
2501074,"Roberts, Danny",IRL,M,,,,1963,0,20,AUG25,0,
2520672,"Robinson, Craig",IRL,M,,,,1637,0,20,AUG25,2001,i
2513625,"Roche, Mark",IRL,M,,,,1609,0,20,AUG25,1970,
2520931,"Roe, Evan",IRL,M,,,,1606,0,20,AUG25,2003,i
2527529,"Rolleston, Robert",IRL,M,,,,1694,0,20,AUG25,1968,
2527812,"Rollins, John",IRL,M,,,,1435,0,20,AUG25,1955,
2537397,"Rosti, Rudolf",IRL,M,,,,1410,0,20,AUG25,2005,
2512548,"Rowan, Ciaran",IRL,M,,,,1582,0,20,AUG25,2001,i
2503506,"Ruane, Ciaran",IRL,M,,,,1909,0,20,AUG25,1980,i
2509318,"Ruchko, Denis",IRL,M,,,,1945,0,20,AUG25,2003,
2533901,"Rudroju, Aarav",IRL,M,,,,1540,0,40,AUG25,2015,
2537982,"Rupesh, Ashwin",IRL,M,,,,1445,0,40,AUG25,2012,
2512173,"Rush, Stephen",IRL,M,,,,1998,0,20,AUG25,1990,i
2511690,"Rushe, Adam",IRL,M,,FA,,1902,0,20,AUG25,2001,
2535661,"Ryan Smith, Charlie",IRL,M,,,,1559,0,40,AUG25,2013,
2503972,"Ryan, John",IRL,M,,,,1631,0,20,AUG25,1968,i
2516705,"Ryan, Joshua",IRL,M,,,,1756,0,20,AUG25,2004,
2503026,"Rynne, Christopher",IRL,M,,,,1578,0,20,AUG25,1961,i
306104996,"Saab, Wajeb",IRL,M,,,,1661,0,20,AUG25,1992,i
2515458,"Said, Amjad",IRL,M,,,,1608,0,20,AUG25,1973,i
2526018,"Salin, Rohan",IRL,M,,,,1753,0,40,AUG25,2009,
34147885,"Salmin, Vitaliy",IRL,M,,,,1780,0,20,AUG25,1995,
2523159,"Sammon Fernandes, Kyle-Henrique",IRL,M,,,,ACM,1616,0,AUG25,2013,
2517990,"Sandrey, Jade",IRL,F,,,,1783,0,20,AUG25,2001,w
2526573,"Sargesson, Ryan",IRL,M,,,,1719,0,20,AUG25,1998,i
2525054,"Saulters, Josh",IRL,M,,,,1495,0,20,AUG25,1999,i
2511240,"Scallan, Cillian",IRL,M,,,,1504,0,20,AUG25,2005,i
2507528,"Scallan, Fiachra",IRL,M,,,,1935,0,20,AUG25,2001,
2507900,"Scallan, Nick",IRL,M,,,,1688,0,20,AUG25,1968,i
2536498,"Scanlan Gleeson, Theo",IRL,M,,,,1507,0,40,AUG25,2013,
2526034,"Scanlon, Adam",IRL,M,,,,1542,0,40,AUG25,2007,
2501104,"Scannell, Stephen P.",IRL,M,,,,2070,0,20,AUG25,1957,
2516713,"Scarry, James",IRL,M,,,,1722,0,20,AUG25,1994,i
2501406,"Schmidt, Martin",IRL,M,,,,2087,0,20,AUG25,1963,i
2504405,"Scott, Peter",IRL,M,,,,1690,0,20,AUG25,1953,i
2507986,"Scott, Sarah",IRL,F,,,,1885,0,20,AUG25,1999,wi
2504413,"Scott, Shay",IRL,M,,,,1713,0,20,AUG25,1944,i
2527588,"Scully, Eoin",IRL,M,,,,1588,0,20,AUG25,1991,
2513749,"Shahumyan, Albert",IRL,M,,,,1641,0,40,AUG25,2007,i
2523329,"Shankar, Ronith",IRL,M,,,,1683,0,40,AUG25,2012,
2516926,"Sheahan, Ben",IRL,M,,,,1953,0,40,AUG25,2007,
2516284,"Sheahan, Gavin",IRL,M,,,,2145,0,40,AUG25,2009,
2513161,"Sheahan, Michael",IRL,M,,,,1551,0,20,AUG25,1965,i
2513048,"Sheahan, Richard",IRL,M,,,,1600,0,20,AUG25,2005,i
2517850,"Sheehan, Conor",IRL,M,,,,1738,0,40,AUG25,2009,
2531615,"Sheehan, Niall",IRL,M,,,,1556,0,20,AUG25,1996,i
2507994,"Sheehy, Padraig",IRL,M,,,,1839,0,20,AUG25,1999,i
2513366,"Sheerin, Michael",IRL,M,,,,1900,0,20,AUG25,1997,
2522276,"Shelley, Bill",IRL,M,,,,1630,0,40,AUG25,2007,i
2514214,"Shindgi, Sumanth",IRL,M,,,,1612,0,20,AUG25,1988,i
2509539,"Sidney, Will",IRL,M,CM,,,1866,0,20,AUG25,2002,
2533138,"Siller-Aziz, Namo",IRL,M,,,,1755,0,40,AUG25,2007,i
2529432,"Singh Bakshi, Jugraj",IRL,M,,,,1666,0,40,AUG25,2012,
2529440,"Singh Mithra, Japneet",IRL,M,,,,1532,0,40,AUG25,2012,
2515105,"Singh, Aaditya",IRL,M,,,,1529,0,40,AUG25,2010,i
2520524,"Singh, Param",IRL,M,,,,1554,0,20,AUG25,1995,i
2534436,"Singh, Tavnoor",IRL,M,,,,1503,0,20,AUG25,2001,
2518589,"Singhal, Atharv",IRL,M,,,,1534,0,40,AUG25,2010,i
2516721,"Singhal, Vivaan",IRL,M,,,,1651,0,40,AUG25,2010,i
2528584,"Siruk, Danyil",IRL,M,,,,1624,0,40,AUG25,2015,
2500833,"Smith, Andrew Philip",IRL,M,FM,,,2110,0,20,AUG25,1959,i
2501589,"Smith, Derek",IRL,M,,,,1903,0,20,AUG25,1969,i
2536510,"Smith, Eoghan",IRL,M,,,,1677,0,20,AUG25,1976,
2528045,"Smylie, Sam",IRL,M,,,,1669,0,20,AUG25,2005,
2518368,"Smyth, Peter",IRL,M,,,,1599,0,20,AUG25,1990,i
11611383,"Solomatina, Jana",IRL,F,,,,1687,0,20,AUG25,2005,wi
2533006,"Song, Rayman",IRL,M,,,,1409,0,40,AUG25,2015,
2513765,"Spackman, Conor",IRL,M,,,,1754,0,20,AUG25,1980,
2526050,"Spence, Beckett",IRL,M,,,,1788,0,40,AUG25,2009,
2502941,"Spring, Eoin",IRL,M,,,,1650,0,20,AUG25,1983,i
2532212,"Sridharan, Athipan Thiyada",IRL,M,,,,1768,0,20,AUG25,1998,i
2518651,"Srivastav, Shubham",IRL,M,,,,1850,0,20,AUG25,1987,i
2502330,"Stassen, Walter F. C.",IRL,M,,,,1875,0,20,AUG25,1971,i
2515180,"Sterrett, Geoff",IRL,M,,,,1616,0,20,AUG25,1983,
2530929,"Stinson, Conor",IRL,M,,,,1777,0,20,AUG25,1993,
2529793,"Stinson, William James",IRL,M,,,,1780,0,20,AUG25,1954,
2529777,"Stokes, Barry",IRL,M,,,,1443,0,20,AUG25,1992,i
2520818,"Storey, William",IRL,M,,,,1672,0,20,AUG25,1960,i
2514869,"Suitor, Cian",IRL,M,,,,1477,0,40,AUG25,2010,
2516934,"Sutton, Ronan",IRL,M,,NA,,1612,0,20,AUG25,1999,i
2534053,"Swann, William",IRL,M,,,,1518,0,40,AUG25,2013,
2526751,"Symington, Calum",IRL,M,,,,1443,0,20,AUG25,1995,i
2518597,"Syms, Thomas",IRL,M,,,,1586,0,40,AUG25,2013,
2529246,"Szczech, Daniel",IRL,M,,,,1602,0,20,AUG25,1981,i
2520826,"Tahmankar, Advait",IRL,M,,,,1586,0,40,AUG25,2014,
2533456,"Tamburello, Antonio",IRL,M,,,,1475,0,20,AUG25,1995,
2528690,"Tan, Caelan",IRL,M,,,,1566,0,40,AUG25,2010,i
2536030,"Tang, Hezhang",IRL,F,,,,1425,0,40,AUG25,2012,w
2529831,"Tanner, Michael",IRL,M,,,,1493,0,20,AUG25,1944,
2517116,"Tanner-Wall, Alex",IRL,M,,,,1762,0,20,AUG25,2000,i
2511452,"Tempany, Max",IRL,M,,,,1714,0,20,AUG25,2003,i
2505630,"Thee, Bernd",IRL,M,,,,1906,0,20,AUG25,1958,i
2516390,"Thoke, Amol Mohan",IRL,M,,,,1577,0,20,AUG25,1982,
2518600,"Thomas, Alivia",IRL,F,,,,1581,0,40,AUG25,2009,wi
2523140,"Thompson, Harry",IRL,M,,,,1620,0,20,AUG25,2005,i
2512874,"Tiernan, Matthew",IRL,M,,,,1608,0,20,AUG25,2002,i
2508664,"Tirziman, Rudolf",IRL,M,,,,1908,0,20,AUG25,1998,i
2521504,"Todd, Oliver",IRL,M,,,,1595,0,20,AUG25,2006,
2514877,"Toogood, Ben",IRL,M,,,,1672,0,20,AUG25,2006,i
2537508,"Torrens, Alister",IRL,M,,,,1547,0,20,AUG25,1975,
2537516,"Torrens, Saphira",IRL,F,,,,1569,0,40,AUG25,2010,w
2528053,"Torres, Wenceslao",IRL,M,,,,1572,0,20,AUG25,1958,i
2512904,"Tracey, Jonathan",IRL,M,,,,1872,0,20,AUG25,2003,i
2526433,"Trela, Simon",IRL,M,,,,1789,0,20,AUG25,2006,i
2523523,"Tripathi, Anayraj",IRL,M,,,,1845,0,40,AUG25,2009,
2531577,"Trivedi, Vedant",IRL,M,,,,1549,0,40,AUG25,2013,i
2500680,"Troughton, Nial",IRL,M,,,,1746,0,20,AUG25,1979,i
651081709,"Tureshbayev, Anuar",IRL,M,CM,,,2210,6,40,AUG25,2011,
2520010,"Twomey, Alice",IRL,F,,,,1759,0,20,AUG25,1999,wi
2501937,"Twomey, Pat",IRL,M,,,,1856,0,20,AUG25,1950,i
2533464,"Ubando, Erish",IRL,M,,,,1507,0,20,AUG25,1984,
2516128,"Valdez, Fred",IRL,M,,,,1875,0,20,AUG25,1992,i
2522926,"Vanjinathan, Ilankathir",IRL,M,,,,1435,0,40,AUG25,2016,
2512602,"Venkatesan, Kavin",IRL,M,FM,,,2168,0,40,AUG25,2008,
2536323,"Venus, Junel",IRL,M,,,,1866,0,20,AUG25,2001,
2516942,"Verlekar, Vivaan",IRL,M,,,,1822,0,40,AUG25,2012,i
2512840,"Verma, Ritik",IRL,M,,,,1663,0,20,AUG25,1997,i
2518147,"Vincent, Jonathan",IRL,M,,,,1782,0,20,AUG25,1997,
2517388,"Voogt, Declan",IRL,M,,,,AIM,1777,0,AUG25,2004,
2518856,"Voogt, Kealen",IRL,M,,,,1585,0,20,AUG25,2006,i
2515865,"Wafflart, Aaron",IRL,M,,,,1720,0,20,AUG25,1998,i
2534223,"Walker, Jamie",IRL,M,,,,1551,0,20,AUG25,2001,
2501244,"Wall, Gavin",IRL,M,IM,,,2337,0,20,AUG25,1968,i
2503875,"Walsh, David W.",IRL,M,,,,1766,0,20,AUG25,1961,i
2517132,"Walsh, Harry",IRL,M,,,,1749,0,20,AUG25,2001,i
2511320,"Wang, Eric",IRL,M,,,,1641,0,40,AUG25,2007,i
2522950,"Wang, George",IRL,M,,,,1441,0,40,AUG25,2014,
2511339,"Wang, Zhengjun",IRL,M,,,,1804,0,20,AUG25,2006,i
2528215,"Ward, Eimhin",IRL,M,,,,1651,0,20,AUG25,2001,i
2500523,"Waters, Michael",IRL,M,,,,2097,0,20,AUG25,1972,i
2510910,"Watkins, Mark R.",IRL,M,,NA,,1742,0,20,AUG25,1977,
2513404,"Weiss, Gabriel",IRL,M,,,,1722,0,20,AUG25,1970,i
2514257,"Weissblech, Leeor",IRL,M,,,,1678,0,40,AUG25,2007,i
2513960,"Wesolowski, Andrzej",IRL,M,,,,1682,0,20,AUG25,1977,
2504448,"Whalley, Anthony",IRL,M,,,,1848,0,20,AUG25,1974,i
2520800,"Whearty, Josh",IRL,M,,,,1478,0,40,AUG25,2007,
2500809,"Whelan, Niall P.",IRL,M,,,,1697,0,20,AUG25,1960,
2520354,"White, George",IRL,M,,,,1649,0,40,AUG25,2015,
2520362,"White, Nicole",IRL,F,,,,1688,0,40,AUG25,2013,w
2518929,"Whyte, Shane",IRL,M,,,,1588,0,20,AUG25,2002,i
2523337,"Wijayaratne, Ashen",IRL,M,,,,1605,0,40,AUG25,2007,i
2520060,"Williams, Henry T.",IRL,M,,NA,,1630,0,20,AUG25,2001,i
2515199,"Wilson, Owen",IRL,M,,,,1591,0,20,AUG25,1938,i
2514940,"Wilson, Walter",IRL,M,,,,1696,0,20,AUG25,1947,i
2514524,"Wong, James",IRL,M,,,,1736,0,20,AUG25,2002,
2518023,"Wood, Ryan",IRL,M,,,,1743,0,20,AUG25,1995,i
2521512,"Woodhouse, Nathan",IRL,M,,,,1579,0,20,AUG25,1980,
2518201,"Woods, Christopher",IRL,M,,,,1980,0,40,AUG25,2009,
2518384,"Woods, Yannick",IRL,M,,,,1797,0,40,AUG25,2011,
2518660,"Worbey, Jennifer",IRL,F,,,,1515,0,20,AUG25,1982,w
2518783,"Worbey, Leah",IRL,F,,,,1598,0,40,AUG25,2007,w
2536528,"Wyatt, James",IRL,M,,,,1533,0,20,AUG25,1999,
2529580,"Wyatt, John",IRL,M,,,,1590,0,20,AUG25,1990,
2519496,"Wylie, Dylan",IRL,M,,,,1521,0,20,AUG25,1992,i
2533170,"Ye, Zhanting",IRL,M,,,,1722,0,40,AUG25,2011,i
2533235,"Ye, Zhanting K.",IRL,M,,,,1870,21,40,AUG25,2009,
2511665,"Young, Patrick",IRL,M,,,,1812,0,20,AUG25,1995,i
2515580,"Zachary, Gary",IRL,M,,,,1590,0,20,AUG25,1980,i
2520370,"Zadesenets, Yaroslav",IRL,M,,,,1690,0,20,AUG25,1982,i
2520389,"Zak, Tal",IRL,M,,,,1575,0,40,AUG25,2012,i
2536536,"Zakharov, Andrew",IRL,M,,,,1578,0,40,AUG25,2012,
2520958,"Zaletel, Ronan",IRL,M,,,,1649,0,20,AUG25,2004,i
2511959,"Zelenchuk, Daniil",IRL,M,,,,1942,0,20,AUG25,2003,i
2511940,"Zelenchuk, Dmitry",IRL,M,,,,1602,0,20,AUG25,1977,i
2522993,"Zhang, Daniel",IRL,M,,,,1658,0,40,AUG25,2014,
2533472,"Zhang, Quintus",IRL,M,,,,1453,0,40,AUG25,2012,
2524996,"Zitong, Ma",IRL,M,,,,1748,0,40,AUG25,2010,