[
  {
    "ID Number": "15900746"
  },
  {
    "ID Number": "15901106"
  },
  {
    "ID Number": "15900487"
  },
  {
    "ID Number": "15900495"
  },
  {
    "ID Number": "15900371"
  },
  {
    "ID Number": "1007220"
  },
  {
    "ID Number": "15900312"
  },
  {
    "ID Number": "15901114"
  },
  {
    "ID Number": "15900452"
  },
  {
    "ID Number": "15900509"
  },
  {
    "ID Number": "15900908"
  },
  {
    "ID Number": "15900851"
  },
  {
    "ID Number": "15900738"
  },
  {
    "ID Number": "15900045"
  },
  {
    "ID Number": "3910512"
  },
  {
    "ID Number": "15900770"
  },
  {
    "ID Number": "15900762"
  },
  {
    "ID Number": "15900711"
  }
]