[
  {
    "ID Number": "4925432"
  },
  {
    "ID Number": "4901606"
  },
  {
    "ID Number": "4903552"
  },
  {
    "ID Number": "4901223"
  },
  {
    "ID Number": "4900278"
  },
  {
    "ID Number": "4905130"
  },
  {
    "ID Number": "4905261"
  },
  {
    "ID Number": "4902629"
  },
  {
    "ID Number": "4919351"
  },
  {
    "ID Number": "4922948"
  },
  {
    "ID Number": "4918746"
  },
  {
    "ID Number": "4906314"
  },
  {
    "ID Number": "4918720"
  },
  {
    "ID Number": "4902785"
  },
  {
    "ID Number": "4906012"
  },
  {
    "ID Number": "4901487"
  },
  {
    "ID Number": "4925785"
  },
  {
    "ID Number": "4903641"
  },
  {
    "ID Number": "4903560"
  },
  {
    "ID Number": "4902548"
  },
  {
    "ID Number": "4909321"
  },
  {
    "ID Number": "4901177"
  },
  {
    "ID Number": "4900367"
  },
  {
    "ID Number": "4903536"
  },
  {
    "ID Number": "4903250"
  },
  {
    "ID Number": "4903650"
  },
  {
    "ID Number": "4903161"
  },
  {
    "ID Number": "4910079"
  },
  {
    "ID Number": "4919580"
  },
  {
    "ID Number": "4902661"
  },
  {
    "ID Number": "4913442"
  },
  {
    "ID Number": "4907795"
  },
  {
    "ID Number": "4903510"
  },
  {
    "ID Number": "4918762"
  },
  {
    "ID Number": "4926943"
  },
  {
    "ID Number": "4926552"
  },
  {
    "ID Number": "4928032"
  },
  {
    "ID Number": "4903110"
  },
  {
    "ID Number": "4903501"
  },
  {
    "ID Number": "4905970"
  },
  {
    "ID Number": "4926536"
  },
  {
    "ID Number": "4900600"
  },
  {
    "ID Number": "4903676"
  },
  {
    "ID Number": "4901339"
  },
  {
    "ID Number": "4908880"
  },
  {
    "ID Number": "4909011"
  },
  {
    "ID Number": "4904060"
  },
  {
    "ID Number": "4902947"
  },
  {
    "ID Number": "4904206"
  },
  {
    "ID Number": "4903293"
  },
  {
    "ID Number": "4926528"
  },
  {
    "ID Number": "4906519"
  },
  {
    "ID Number": "4920503"
  },
  {
    "ID Number": "4926226"
  },
  {
    "ID Number": "4901657"
  },
  {
    "ID Number": "4901380"
  },
  {
    "ID Number": "4919041"
  },
  {
    "ID Number": "4927060"
  },
  {
    "ID Number": "4902904"
  },
  {
    "ID Number": "4909437"
  },
  {
    "ID Number": "4928601"
  },
  {
    "ID Number": "4906616"
  },
  {
    "ID Number": "4904001"
  },
  {
    "ID Number": "4908856"
  },
  {
    "ID Number": "4903200"
  },
  {
    "ID Number": "4902491"
  },
  {
    "ID Number": "4930240"
  },
  {
    "ID Number": "4903064"
  },
  {
    "ID Number": "4902084"
  },
  {
    "ID Number": "4903358"
  },
  {
    "ID Number": "4905873"
  },
  {
    "ID Number": "4919548"
  },
  {
    "ID Number": "4923090"
  },
  {
    "ID Number": "4911229"
  },
  {
    "ID Number": "4906624"
  },
  {
    "ID Number": "4901681"
  },
  {
    "ID Number": "4928016"
  },
  {
    "ID Number": "4905148"
  },
  {
    "ID Number": "4918479"
  },
  {
    "ID Number": "4925203"
  },
  {
    "ID Number": "4924045"
  },
  {
    "ID Number": "4907507"
  },
  {
    "ID Number": "4923561"
  },
  {
    "ID Number": "4904281"
  },
  {
    "ID Number": "4901150"
  },
  {
    "ID Number": "4908244"
  },
  {
    "ID Number": "4915321"
  },
  {
    "ID Number": "4922360"
  },
  {
    "ID Number": "4922824"
  },
  {
    "ID Number": "4904885"
  },
  {
    "ID Number": "4925696"
  },
  {
    "ID Number": "4903021"
  },
  {
    "ID Number": "4903331"
  },
  {
    "ID Number": "4925602"
  },
  {
    "ID Number": "4900847"
  },
  {
    "ID Number": "4901142"
  },
  {
    "ID Number": "4901592"
  },
  {
    "ID Number": "4905997"
  },
  {
    "ID Number": "4903404"
  },
  {
    "ID Number": "4906772"
  },
  {
    "ID Number": "4909577"
  },
  {
    "ID Number": "4919637"
  },
  {
    "ID Number": "4923553"
  },
  {
    "ID Number": "4905881"
  },
  {
    "ID Number": "4907884"
  },
  {
    "ID Number": "4902360"
  },
  {
    "ID Number": "4902920"
  },
  {
    "ID Number": "4906110"
  },
  {
    "ID Number": "4901436"
  },
  {
    "ID Number": "4922980"
  },
  {
    "ID Number": "4900880"
  },
  {
    "ID Number": "4909232"
  },
  {
    "ID Number": "4908775"
  },
  {
    "ID Number": "4900561"
  },
  {
    "ID Number": "4903080"
  },
  {
    "ID Number": "4922840"
  },
  {
    "ID Number": "4919645"
  },
  {
    "ID Number": "4901479"
  },
  {
    "ID Number": "4900260"
  },
  {
    "ID Number": "4900189"
  },
  {
    "ID Number": "4900677"
  },
  {
    "ID Number": "4903013"
  },
  {
    "ID Number": "4928709"
  },
  {
    "ID Number": "4900502"
  },
  {
    "ID Number": "4925181"
  },
  {
    "ID Number": "4905903"
  },
  {
    "ID Number": "4902165"
  },
  {
    "ID Number": "4904311"
  },
  {
    "ID Number": "4909062"
  },
  {
    "ID Number": "4919220"
  },
  {
    "ID Number": "4900553"
  },
  {
    "ID Number": "4902009"
  },
  {
    "ID Number": "4910192"
  },
  {
    "ID Number": "4902602"
  },
  {
    "ID Number": "4915038"
  },
  {
    "ID Number": "30913039"
  },
  {
    "ID Number": "4908201"
  },
  {
    "ID Number": "4906888"
  },
  {
    "ID Number": "4904010"
  },
  {
    "ID Number": "4920961"
  },
  {
    "ID Number": "4902173"
  },
  {
    "ID Number": "4907574"
  },
  {
    "ID Number": "4915984"
  },
  {
    "ID Number": "4912217"
  },
  {
    "ID Number": "4919017"
  },
  {
    "ID Number": "4902319"
  },
  {
    "ID Number": "4901746"
  },
  {
    "ID Number": "4901541"
  },
  {
    "ID Number": "4913787"
  },
  {
    "ID Number": "4905474"
  },
  {
    "ID Number": "4925351"
  },
  {
    "ID Number": "4903692"
  },
  {
    "ID Number": "4920767"
  },
  {
    "ID Number": "4901126"
  },
  {
    "ID Number": "4905156"
  },
  {
    "ID Number": "4904737"
  },
  {
    "ID Number": "4901037"
  },
  {
    "ID Number": "4925815"
  },
  {
    "ID Number": "4903706"
  },
  {
    "ID Number": "4925580"
  },
  {
    "ID Number": "4902459"
  },
  {
    "ID Number": "4904338"
  },
  {
    "ID Number": "4906322"
  },
  {
    "ID Number": "4903714"
  },
  {
    "ID Number": "4900103"
  },
  {
    "ID Number": "4926544"
  },
  {
    "ID Number": "4907094"
  },
  {
    "ID Number": "4907558"
  },
  {
    "ID Number": "4901916"
  },
  {
    "ID Number": "4923537"
  },
  {
    "ID Number": "4902483"
  },
  {
    "ID Number": "4900642"
  },
  {
    "ID Number": "4918789"
  },
  {
    "ID Number": "4906004"
  },
  {
    "ID Number": "4906780"
  },
  {
    "ID Number": "4923120"
  },
  {
    "ID Number": "2076608"
  },
  {
    "ID Number": "4907329"
  },
  {
    "ID Number": "4907930"
  },
  {
    "ID Number": "4901860"
  },
  {
    "ID Number": "4902572"
  },
  {
    "ID Number": "4907310"
  },
  {
    "ID Number": "4922832"
  },
  {
    "ID Number": "4922034"
  },
  {
    "ID Number": "13200860"
  },
  {
    "ID Number": "4911164"
  },
  {
    "ID Number": "4902092"
  },
  {
    "ID Number": "4903145"
  },
  {
    "ID Number": "4922220"
  },
  {
    "ID Number": "4909275"
  },
  {
    "ID Number": "4901193"
  },
  {
    "ID Number": "4907949"
  },
  {
    "ID Number": "4924029"
  },
  {
    "ID Number": "4906799"
  },
  {
    "ID Number": "4906527"
  },
  {
    "ID Number": "4926021"
  },
  {
    "ID Number": "4902335"
  },
  {
    "ID Number": "4903749"
  },
  {
    "ID Number": "4904346"
  },
  {
    "ID Number": "4905083"
  },
  {
    "ID Number": "4906020"
  },
  {
    "ID Number": "4905385"
  },
  {
    "ID Number": "4900693"
  },
  {
    "ID Number": "4904354"
  },
  {
    "ID Number": "4928512"
  },
  {
    "ID Number": "4905512"
  },
  {
    "ID Number": "4909399"
  },
  {
    "ID Number": "4925866"
  },
  {
    "ID Number": "4904362"
  },
  {
    "ID Number": "4904028"
  },
  {
    "ID Number": "4906535"
  },
  {
    "ID Number": "4905652"
  },
  {
    "ID Number": "4904370"
  },
  {
    "ID Number": "4921801"
  },
  {
    "ID Number": "4903439"
  },
  {
    "ID Number": "4906446"
  },
  {
    "ID Number": "4925360"
  },
  {
    "ID Number": "4923197"
  },
  {
    "ID Number": "4906250"
  },
  {
    "ID Number": "4925831"
  },
  {
    "ID Number": "4919033"
  },
  {
    "ID Number": "4920023"
  },
  {
    "ID Number": "4922654"
  },
  {
    "ID Number": "4915100"
  },
  {
    "ID Number": "4919840"
  },
  {
    "ID Number": "4908023"
  },
  {
    "ID Number": "4905601"
  },
  {
    "ID Number": "4929047"
  },
  {
    "ID Number": "4906942"
  },
  {
    "ID Number": "4919866"
  },
  {
    "ID Number": "4920635"
  },
  {
    "ID Number": "4905628"
  },
  {
    "ID Number": "4918991"
  },
  {
    "ID Number": "4913728"
  },
  {
    "ID Number": "4928822"
  },
  {
    "ID Number": "4903773"
  },
  {
    "ID Number": "4920325"
  },
  {
    "ID Number": "4922859"
  },
  {
    "ID Number": "4902106"
  },
  {
    "ID Number": "4900243"
  },
  {
    "ID Number": "4928415"
  },
  {
    "ID Number": "4905717"
  },
  {
    "ID Number": "4928768"
  },
  {
    "ID Number": "4923065"
  },
  {
    "ID Number": "4903757"
  },
  {
    "ID Number": "4902513"
  },
  {
    "ID Number": "4906268"
  },
  {
    "ID Number": "4925564"
  },
  {
    "ID Number": "4903285"
  },
  {
    "ID Number": "4909240"
  },
  {
    "ID Number": "4910605"
  },
  {
    "ID Number": "4926935"
  },
  {
    "ID Number": "4926323"
  },
  {
    "ID Number": "4924916"
  },
  {
    "ID Number": "4921798"
  },
  {
    "ID Number": "4920740"
  },
  {
    "ID Number": "4900324"
  },
  {
    "ID Number": "4903072"
  },
  {
    "ID Number": "4907272"
  },
  {
    "ID Number": "4908104"
  },
  {
    "ID Number": "4921089"
  },
  {
    "ID Number": "4902777"
  },
  {
    "ID Number": "4913752"
  },
  {
    "ID Number": "4907124"
  },
  {
    "ID Number": "4925335"
  },
  {
    "ID Number": "4925114"
  },
  {
    "ID Number": "4926455"
  },
  {
    "ID Number": "4901444"
  },
  {
    "ID Number": "4905520"
  },
  {
    "ID Number": "4924193"
  },
  {
    "ID Number": "4930339"
  },
  {
    "ID Number": "4909127"
  },
  {
    "ID Number": "4902327"
  },
  {
    "ID Number": "4923871"
  },
  {
    "ID Number": "4901240"
  },
  {
    "ID Number": "4927206"
  },
  {
    "ID Number": "4909348"
  },
  {
    "ID Number": "4923111"
  },
  {
    "ID Number": "4904133"
  },
  {
    "ID Number": "4928830"
  },
  {
    "ID Number": "4908406"
  },
  {
    "ID Number": "4906306"
  },
  {
    "ID Number": "4900979"
  },
  {
    "ID Number": "4928881"
  },
  {
    "ID Number": "4910141"
  },
  {
    "ID Number": "4920953"
  },
  {
    "ID Number": "4912101"
  },
  {
    "ID Number": "4905695"
  },
  {
    "ID Number": "4922867"
  },
  {
    "ID Number": "4904079"
  },
  {
    "ID Number": "4903544"
  },
  {
    "ID Number": "4904800"
  },
  {
    "ID Number": "4900634"
  },
  {
    "ID Number": "4914856"
  },
  {
    "ID Number": "13205447"
  },
  {
    "ID Number": "4903307"
  },
  {
    "ID Number": "4927281"
  },
  {
    "ID Number": "4925424"
  },
  {
    "ID Number": "4922999"
  },
  {
    "ID Number": "4908147"
  },
  {
    "ID Number": "4902130"
  },
  {
    "ID Number": "4923529"
  },
  {
    "ID Number": "4919700"
  },
  {
    "ID Number": "4902980"
  },
  {
    "ID Number": "4901304"
  },
  {
    "ID Number": "4900375"
  },
  {
    "ID Number": "4920651"
  },
  {
    "ID Number": "4923014"
  },
  {
    "ID Number": "4900480"
  },
  {
    "ID Number": "4906926"
  },
  {
    "ID Number": "4901002"
  },
  {
    "ID Number": "4918827"
  },
  {
    "ID Number": "4922565"
  },
  {
    "ID Number": "4902475"
  },
  {
    "ID Number": "4926650"
  },
  {
    "ID Number": "4906829"
  },
  {
    "ID Number": "4926633"
  },
  {
    "ID Number": "4902963"
  },
  {
    "ID Number": "4927303"
  },
  {
    "ID Number": "4904435"
  },
  {
    "ID Number": "4925319"
  },
  {
    "ID Number": "4915534"
  },
  {
    "ID Number": "4929845"
  },
  {
    "ID Number": "4928849"
  },
  {
    "ID Number": "4900766"
  },
  {
    "ID Number": "4904443"
  },
  {
    "ID Number": "4901045"
  },
  {
    "ID Number": "4909917"
  },
  {
    "ID Number": "4900073"
  },
  {
    "ID Number": "4923790"
  },
  {
    "ID Number": "4908767"
  },
  {
    "ID Number": "4908139"
  },
  {
    "ID Number": "4902157"
  },
  {
    "ID Number": "4902912"
  },
  {
    "ID Number": "4925440"
  },
  {
    "ID Number": "4929780"
  },
  {
    "ID Number": "4926374"
  },
  {
    "ID Number": "4928300"
  },
  {
    "ID Number": "4921119"
  },
  {
    "ID Number": "4909615"
  },
  {
    "ID Number": "4918665"
  },
  {
    "ID Number": "4902866"
  },
  {
    "ID Number": "4900154"
  },
  {
    "ID Number": "4907876"
  },
  {
    "ID Number": "4920341"
  },
  {
    "ID Number": "4922697"
  },
  {
    "ID Number": "4909569"
  },
  {
    "ID Number": "4900049"
  },
  {
    "ID Number": "4909259"
  },
  {
    "ID Number": "4919467"
  },
  {
    "ID Number": "4926196"
  },
  {
    "ID Number": "4924622"
  },
  {
    "ID Number": "4906276"
  },
  {
    "ID Number": "4903790"
  },
  {
    "ID Number": "4913701"
  },
  {
    "ID Number": "4926315"
  },
  {
    "ID Number": "4925858"
  },
  {
    "ID Number": "4930320"
  },
  {
    "ID Number": "4903803"
  },
  {
    "ID Number": "4925548"
  },
  {
    "ID Number": "4909178"
  },
  {
    "ID Number": "4902726"
  },
  {
    "ID Number": "4920929"
  },
  {
    "ID Number": "4929810"
  },
  {
    "ID Number": "4922590"
  },
  {
    "ID Number": "4900332"
  },
  {
    "ID Number": "4924657"
  },
  {
    "ID Number": "4901053"
  },
  {
    "ID Number": "4920988"
  },
  {
    "ID Number": "4903811"
  },
  {
    "ID Number": "4903129"
  },
  {
    "ID Number": "4905679"
  },
  {
    "ID Number": "4910494"
  },
  {
    "ID Number": "4902122"
  },
  {
    "ID Number": "4927397"
  },
  {
    "ID Number": "4904460"
  },
  {
    "ID Number": "4921968"
  },
  {
    "ID Number": "4903820"
  },
  {
    "ID Number": "4910532"
  },
  {
    "ID Number": "4902971"
  },
  {
    "ID Number": "4906977"
  },
  {
    "ID Number": "4920120"
  },
  {
    "ID Number": "4921909"
  },
  {
    "ID Number": "4900057"
  },
  {
    "ID Number": "4928504"
  },
  {
    "ID Number": "4922956"
  },
  {
    "ID Number": "4924673"
  },
  {
    "ID Number": "4902858"
  },
  {
    "ID Number": "4919726"
  },
  {
    "ID Number": "4926480"
  },
  {
    "ID Number": "4907760"
  },
  {
    "ID Number": "4900014"
  },
  {
    "ID Number": "4902289"
  },
  {
    "ID Number": "4901347"
  },
  {
    "ID Number": "4909445"
  },
  {
    "ID Number": "4902211"
  },
  {
    "ID Number": "4924398"
  },
  {
    "ID Number": "4908015"
  },
  {
    "ID Number": "4905377"
  },
  {
    "ID Number": "4928253"
  },
  {
    "ID Number": "4903838"
  },
  {
    "ID Number": "4902840"
  },
  {
    "ID Number": "4903846"
  },
  {
    "ID Number": "4910222"
  },
  {
    "ID Number": "4925823"
  },
  {
    "ID Number": "4904052"
  },
  {
    "ID Number": "4920805"
  },
  {
    "ID Number": "4903854"
  },
  {
    "ID Number": "4925050"
  },
  {
    "ID Number": "4922204"
  },
  {
    "ID Number": "4914210"
  },
  {
    "ID Number": "4921232"
  },
  {
    "ID Number": "4922786"
  },
  {
    "ID Number": "4923693"
  },
  {
    "ID Number": "4919076"
  },
  {
    "ID Number": "4926269"
  },
  {
    "ID Number": "4910052"
  },
  {
    "ID Number": "4919084"
  },
  {
    "ID Number": "4900863"
  },
  {
    "ID Number": "4904494"
  },
  {
    "ID Number": "4900758"
  },
  {
    "ID Number": "4902831"
  },
  {
    "ID Number": "4925343"
  },
  {
    "ID Number": "4906420"
  },
  {
    "ID Number": "4904516"
  },
  {
    "ID Number": "4923359"
  },
  {
    "ID Number": "4926641"
  },
  {
    "ID Number": "4904532"
  },
  {
    "ID Number": "4924495"
  },
  {
    "ID Number": "4924320"
  },
  {
    "ID Number": "4923030"
  },
  {
    "ID Number": "4918878"
  },
  {
    "ID Number": "4902890"
  },
  {
    "ID Number": "4920660"
  },
  {
    "ID Number": "4926900"
  },
  {
    "ID Number": "4905423"
  },
  {
    "ID Number": "4901584"
  },
  {
    "ID Number": "4900200"
  },
  {
    "ID Number": "4926013"
  },
  {
    "ID Number": "4901070"
  },
  {
    "ID Number": "4901266"
  },
  {
    "ID Number": "4909097"
  },
  {
    "ID Number": "4903382"
  },
  {
    "ID Number": "4928857"
  },
  {
    "ID Number": "4910613"
  },
  {
    "ID Number": "4906551"
  },
  {
    "ID Number": "4922913"
  },
  {
    "ID Number": "4904540"
  },
  {
    "ID Number": "4925661"
  },
  {
    "ID Number": "4926498"
  },
  {
    "ID Number": "4905270"
  },
  {
    "ID Number": "4906691"
  },
  {
    "ID Number": "4902815"
  },
  {
    "ID Number": "4901878"
  },
  {
    "ID Number": "4923022"
  },
  {
    "ID Number": "4919939"
  },
  {
    "ID Number": "4900081"
  },
  {
    "ID Number": "4922735"
  },
  {
    "ID Number": "4927885"
  },
  {
    "ID Number": "4924690"
  },
  {
    "ID Number": "4927010"
  },
  {
    "ID Number": "4914244"
  },
  {
    "ID Number": "4924932"
  },
  {
    "ID Number": "4903900"
  },
  {
    "ID Number": "4904567"
  },
  {
    "ID Number": "4907370"
  },
  {
    "ID Number": "4910036"
  },
  {
    "ID Number": "4915488"
  },
  {
    "ID Number": "4907906"
  },
  {
    "ID Number": "4909291"
  },
  {
    "ID Number": "4924665"
  },
  {
    "ID Number": "4908430"
  },
  {
    "ID Number": "4905989"
  },
  {
    "ID Number": "4907825"
  },
  {
    "ID Number": "4900774"
  },
  {
    "ID Number": "4906713"
  },
  {
    "ID Number": "4904044"
  },
  {
    "ID Number": "4902688"
  },
  {
    "ID Number": "4914970"
  },
  {
    "ID Number": "4903374"
  },
  {
    "ID Number": "4904095"
  },
  {
    "ID Number": "4906217"
  },
  {
    "ID Number": "4923006"
  },
  {
    "ID Number": "4903919"
  },
  {
    "ID Number": "4925807"
  },
  {
    "ID Number": "4904575"
  },
  {
    "ID Number": "4926145"
  },
  {
    "ID Number": "4901932"
  },
  {
    "ID Number": "4907817"
  },
  {
    "ID Number": "4901690"
  },
  {
    "ID Number": "4922891"
  },
  {
    "ID Number": "4903340"
  },
  {
    "ID Number": "4905636"
  },
  {
    "ID Number": "4901355"
  },
  {
    "ID Number": "4903153"
  },
  {
    "ID Number": "4910583"
  },
  {
    "ID Number": "4904613"
  },
  {
    "ID Number": "4925378"
  },
  {
    "ID Number": "4902394"
  },
  {
    "ID Number": "4908090"
  },
  {
    "ID Number": "4903323"
  },
  {
    "ID Number": "4906039"
  },
  {
    "ID Number": "4906160"
  },
  {
    "ID Number": "4902696"
  },
  {
    "ID Number": "4905180"
  },
  {
    "ID Number": "4905555"
  },
  {
    "ID Number": "4902076"
  },
  {
    "ID Number": "4907493"
  },
  {
    "ID Number": "4928091"
  },
  {
    "ID Number": "4924428"
  },
  {
    "ID Number": "13204114"
  },
  {
    "ID Number": "4926463"
  },
  {
    "ID Number": "4922875"
  },
  {
    "ID Number": "4900790"
  },
  {
    "ID Number": "4903943"
  },
  {
    "ID Number": "4907337"
  },
  {
    "ID Number": "4906462"
  },
  {
    "ID Number": "4930274"
  },
  {
    "ID Number": "4902378"
  },
  {
    "ID Number": "4906730"
  },
  {
    "ID Number": "4924681"
  },
  {
    "ID Number": "4900855"
  },
  {
    "ID Number": "4905911"
  },
  {
    "ID Number": "4901363"
  },
  {
    "ID Number": "4906047"
  },
  {
    "ID Number": "4900219"
  },
  {
    "ID Number": "4909909"
  },
  {
    "ID Number": "4906381"
  },
  {
    "ID Number": "4908007"
  },
  {
    "ID Number": "4907035"
  },
  {
    "ID Number": "4922344"
  },
  {
    "ID Number": "4907043"
  },
  {
    "ID Number": "4909712"
  },
  {
    "ID Number": "4915224"
  },
  {
    "ID Number": "4923170"
  },
  {
    "ID Number": "4909305"
  },
  {
    "ID Number": "4905920"
  },
  {
    "ID Number": "4905938"
  },
  {
    "ID Number": "4901533"
  },
  {
    "ID Number": "4900030"
  },
  {
    "ID Number": "4911393"
  },
  {
    "ID Number": "4901614"
  },
  {
    "ID Number": "4928644"
  },
  {
    "ID Number": "4926986"
  },
  {
    "ID Number": "4906080"
  },
  {
    "ID Number": "4907868"
  },
  {
    "ID Number": "4907361"
  },
  {
    "ID Number": "4901207"
  },
  {
    "ID Number": "4902017"
  },
  {
    "ID Number": "4908961"
  },
  {
    "ID Number": "4925467"
  },
  {
    "ID Number": "4909372"
  },
  {
    "ID Number": "4920473"
  },
  {
    "ID Number": "4900510"
  },
  {
    "ID Number": "4900340"
  },
  {
    "ID Number": "4906470"
  },
  {
    "ID Number": "4903234"
  },
  {
    "ID Number": "4925068"
  },
  {
    "ID Number": "4907400"
  },
  {
    "ID Number": "4907280"
  },
  {
    "ID Number": "4903528"
  },
  {
    "ID Number": "4926366"
  },
  {
    "ID Number": "4907051"
  },
  {
    "ID Number": "4912012"
  },
  {
    "ID Number": "4926994"
  },
  {
    "ID Number": "4905458"
  },
  {
    "ID Number": "4902556"
  },
  {
    "ID Number": "4900146"
  },
  {
    "ID Number": "4915780"
  },
  {
    "ID Number": "4928814"
  },
  {
    "ID Number": "4900111"
  },
  {
    "ID Number": "4906233"
  },
  {
    "ID Number": "4904125"
  },
  {
    "ID Number": "4903005"
  },
  {
    "ID Number": "4909313"
  },
  {
    "ID Number": "4919025"
  },
  {
    "ID Number": "4901789"
  },
  {
    "ID Number": "4906292"
  },
  {
    "ID Number": "4904850"
  },
  {
    "ID Number": "4914309"
  },
  {
    "ID Number": "4919947"
  },
  {
    "ID Number": "4900499"
  },
  {
    "ID Number": "4904630"
  },
  {
    "ID Number": "4904087"
  },
  {
    "ID Number": "4914570"
  },
  {
    "ID Number": "4923669"
  },
  {
    "ID Number": "4912136"
  },
  {
    "ID Number": "4914074"
  },
  {
    "ID Number": "4926870"
  },
  {
    "ID Number": "4905199"
  },
  {
    "ID Number": "4902955"
  },
  {
    "ID Number": "4904796"
  },
  {
    "ID Number": "4925106"
  },
  {
    "ID Number": "4902300"
  },
  {
    "ID Number": "4912039"
  },
  {
    "ID Number": "4902718"
  },
  {
    "ID Number": "4908058"
  },
  {
    "ID Number": "4925173"
  },
  {
    "ID Number": "4903412"
  },
  {
    "ID Number": "4930258"
  },
  {
    "ID Number": "4903242"
  },
  {
    "ID Number": "4925084"
  },
  {
    "ID Number": "4900740"
  },
  {
    "ID Number": "4928873"
  },
  {
    "ID Number": "4925572"
  },
  {
    "ID Number": "4907060"
  },
  {
    "ID Number": "4923707"
  },
  {
    "ID Number": "4920830"
  },
  {
    "ID Number": "4906870"
  },
  {
    "ID Number": "4920481"
  },
  {
    "ID Number": "4902467"
  },
  {
    "ID Number": "4915690"
  },
  {
    "ID Number": "4907540"
  },
  {
    "ID Number": "4928717"
  },
  {
    "ID Number": "4903099"
  },
  {
    "ID Number": "4904036"
  },
  {
    "ID Number": "4905440"
  },
  {
    "ID Number": "4920066"
  },
  {
    "ID Number": "4913710"
  },
  {
    "ID Number": "4902440"
  },
  {
    "ID Number": "4915453"
  },
  {
    "ID Number": "4922883"
  },
  {
    "ID Number": "4906586"
  },
  {
    "ID Number": "4922905"
  },
  {
    "ID Number": "4924185"
  },
  {
    "ID Number": "4918924"
  },
  {
    "ID Number": "4902521"
  },
  {
    "ID Number": "4906594"
  },
  {
    "ID Number": "4927362"
  },
  {
    "ID Number": "4913957"
  },
  {
    "ID Number": "4924720"
  },
  {
    "ID Number": "4921224"
  },
  {
    "ID Number": "4904982"
  },
  {
    "ID Number": "4920910"
  },
  {
    "ID Number": "4906225"
  },
  {
    "ID Number": "4910435"
  },
  {
    "ID Number": "4906357"
  },
  {
    "ID Number": "4918657"
  },
  {
    "ID Number": "4900596"
  },
  {
    "ID Number": "4905407"
  },
  {
    "ID Number": "4922778"
  },
  {
    "ID Number": "4914929"
  },
  {
    "ID Number": "4901738"
  },
  {
    "ID Number": "4900413"
  },
  {
    "ID Number": "4924711"
  },
  {
    "ID Number": "4929918"
  },
  {
    "ID Number": "4900944"
  },
  {
    "ID Number": "4902637"
  },
  {
    "ID Number": "4921046"
  },
  {
    "ID Number": "4912365"
  },
  {
    "ID Number": "4928121"
  },
  {
    "ID Number": "4923049"
  },
  {
    "ID Number": "4910575"
  },
  {
    "ID Number": "4926218"
  },
  {
    "ID Number": "4901673"
  },
  {
    "ID Number": "4902505"
  },
  {
    "ID Number": "4903315"
  },
  {
    "ID Number": "4928245"
  },
  {
    "ID Number": "4926293"
  },
  {
    "ID Number": "4908120"
  },
  {
    "ID Number": "4903188"
  },
  {
    "ID Number": "4900235"
  },
  {
    "ID Number": "4908163"
  },
  {
    "ID Number": "4906861"
  },
  {
    "ID Number": "4925076"
  },
  {
    "ID Number": "4925157"
  },
  {
    "ID Number": "4914953"
  },
  {
    "ID Number": "4903218"
  },
  {
    "ID Number": "4922506"
  },
  {
    "ID Number": "4919114"
  },
  {
    "ID Number": "4903390"
  },
  {
    "ID Number": "4926250"
  },
  {
    "ID Number": "4926277"
  },
  {
    "ID Number": "4904141"
  },
  {
    "ID Number": "4924363"
  },
  {
    "ID Number": "4908422"
  },
  {
    "ID Number": "4927621"
  },
  {
    "ID Number": "4900227"
  },
  {
    "ID Number": "4906055"
  },
  {
    "ID Number": "2054906"
  },
  {
    "ID Number": "4918959"
  },
  {
    "ID Number": "4922816"
  },
  {
    "ID Number": "4900952"
  },
  {
    "ID Number": "4901452"
  },
  {
    "ID Number": "4905962"
  },
  {
    "ID Number": "4905202"
  },
  {
    "ID Number": "4903471"
  },
  {
    "ID Number": "4905490"
  },
  {
    "ID Number": "4907078"
  },
  {
    "ID Number": "4904702"
  },
  {
    "ID Number": "4904710"
  },
  {
    "ID Number": "4909380"
  },
  {
    "ID Number": "4909674"
  }
]