ID Number,Name,Fed,Sex,Title,WTit,OTit,Rating,Gms,K,RatingMonth,B-day,Flag
4829603,"Aaiad, Salman Kareem",IRQ,M,,,,1644,0,20,SEP25,1972,
4801628,"Abaeji, Sinan Younus Abdulrazzaq",IRQ,M,CM,,,1959,0,20,SEP25,1971,
4804937,Abbas Hussein kzar,IRQ,M,CM,,,2017,0,20,SEP25,1997,
4806778,"Abbas, Abdul Zahra Abbas",IRQ,M,,,,1764,0,20,SEP25,1962,i
4840372,"Abbas, Ahmed Najat",IRQ,M,,,,1736,0,40,SEP25,2009,
4800109,"Abbas, B H",IRQ,M,,,,2153,0,20,SEP25,1955,i
4829956,"Abbas, Hussein Abbas",IRQ,M,,,,1621,0,40,SEP25,2003,i
4831128,"Abbas, Mohammed Azeez",IRQ,M,,,,1795,0,40,SEP25,1996,i
4808452,"Abbass Wanass, Fadhel",IRQ,M,,,,1804,0,20,SEP25,1958,i
4810228,Abd AL Muhaimen Abbas Abdalzahra,IRQ,M,,,,1738,0,40,SEP25,1999,i
4814061,"Abdalhamed, Shahir Jasim",IRQ,M,,,,1810,0,20,SEP25,1968,i
4800451,"Abdul Adhim, Muneer",IRQ,M,,,,2149,0,20,SEP25,1971,i
4810252,Abdul Ameer AL-Hamamy,IRQ,M,,,,1908,0,40,SEP25,1940,i
4829794,ABDUL AZEEZ SALIM HUSSEIN ALFARSANI,IRQ,M,,,,1639,0,40,SEP25,1992,
4800613,"Abdul Hadi, Maftool Mhere",IRQ,M,CM,,,2235,0,20,SEP25,1965,i
4829840,ABDUL JABBAR HUSSEIN MOSLEH ALLTHAWL,IRQ,M,,,,1500,0,40,SEP25,1967,
4800389,"Abdul Satar, A.A.",IRQ,M,,,,2199,0,20,SEP25,1963,i
4800052,"Abdul Satar, M A",IRQ,M,CM,,,2240,0,40,SEP25,0,i
4800290,"Abdul Wahaab, Farked",IRQ,M,,,,2126,0,20,SEP25,1950,i
4802330,"Abdul, Ameer Gated",IRQ,M,,,,1782,0,20,SEP25,1969,
4802519,"Abdul-Kareem, Faisal",IRQ,M,,NA,,1876,0,40,SEP25,1949,i
4801016,"Abdul-Karem, Sharef",IRQ,M,,,,2050,0,40,SEP25,1961,i
4825659,"Abdula, Awas Rasool",IRQ,M,,,,1478,0,40,SEP25,2012,
4840682,"Abdulazeez, Mohammed Sadeq",IRQ,M,,,,1787,5,40,SEP25,1999,
4812212,Abdulkarim Abdulqadr Ahmad,IRQ,M,,,,1908,0,40,SEP25,1958,i
4800397,"Abdulkhaliq, Ahmed Abdulhassan",IRQ,M,,,,1830,0,20,SEP25,1971,i
4800176,"Abdulla, A.",IRQ,M,FM,,,2320,0,20,SEP25,0,i
4811674,"Abdulla, Basim Makee",IRQ,M,,,,1474,0,40,SEP25,2004,i
4812433,"Abdullah , Layth Ahmed",IRQ,M,,,,1879,0,20,SEP25,1991,
4827619,"Abdullah, Ahmed Abdulghani",IRQ,M,,,,1671,2,40,SEP25,1998,
4828186,"Abdullah, Ahmed Razzaq",IRQ,M,,,,1743,0,40,SEP25,2002,i
4815831,"Abdullah, Alaa Mamdoh",IRQ,M,,,,1500,0,40,SEP25,2006,i
4834267,"Abdullah, Ali Sadi",IRQ,M,,,,1543,0,40,SEP25,2007,i
4814932,"Abdullah, Hasan Ismael",IRQ,M,,,,1566,0,40,SEP25,1997,i
4813936,"Abdullah, Hasan Othman",IRQ,M,,,,1552,0,40,SEP25,2004,i
4814940,"Abdullah, Hikmat Nahi",IRQ,M,,,,1417,0,40,SEP25,1996,i
4830210,"Abdullah, Khaled Ali",IRQ,M,,,,1691,0,40,SEP25,2002,i
4826787,"Abdullah, Khaled Nasser",IRQ,M,,,,1657,0,40,SEP25,2007,i
4824040,"Abdullah, Mohammed Khaleel",IRQ,M,,,,1799,0,40,SEP25,2000,i
4812727,"Abdullah, Muhammed Mahdi",IRQ,M,,,,1491,0,40,SEP25,2005,i
4817567,"Abdullah, Mustafa Abdurazzaq",IRQ,M,,,,1544,0,40,SEP25,2002,i
4817575,"Abdullah, Nazar Qasim",IRQ,M,,,,1681,0,40,SEP25,2001,i
4829964,"Abdullah, Raad Saadoon",IRQ,M,,,,1569,0,40,SEP25,2002,i
4824776,"Abdullah, Sinan Kareem",IRQ,M,,,,ACM,1688,0,SEP25,2007,i
4818172,"Abdullahgailan, Abdulkhaliq",IRQ,M,,,,1846,0,40,SEP25,1994,i
4845161,"Abdulmaged, Riyadh Abdulmged",IRQ,M,,,,1645,5,40,SEP25,2004,
4826965,"Abdulmalik, Essmat Qader",IRQ,M,,,,1794,0,40,SEP25,2000,
4813723,"Abdulraheem, Ramel Hussein Al G",IRQ,M,,,,1650,0,40,SEP25,1970,i
4829719,"Abdulrahman Mohammed, Hussein",IRQ,M,,,,1616,0,40,SEP25,2006,i
4831560,"Abdulrahman, Alaa Salih",IRQ,M,,,,1760,0,20,SEP25,2001,
4814380,"Abdulrahman, Hasan Younis",IRQ,M,,,,1654,0,20,SEP25,2003,i
4814622,"Abdulrahman, Omar Taha",IRQ,M,,,,1659,0,40,SEP25,1996,i
4838793,Abdulwadoud Jameel K Al-Mashhadani,IRQ,M,,,,1591,0,40,SEP25,2004,
4801849,"Abdulwahhab, Ahmed Abdulsattar A",IRQ,M,FM,,,2098,0,20,SEP25,1975,
4815823,Abdurrazzaq Faiq Abdulla Naqeshbandi,IRQ,M,,NI,,1741,0,40,SEP25,1994,i
4804040,"Abdwl Karim, Ahmad",IRQ,M,,,,1980,0,20,SEP25,1971,i
4810830,AbuAlfadhil Abass Saad,IRQ,M,,,,1530,0,40,SEP25,1998,i
4822978,"Adel, Hassan Mahmood",IRQ,M,,,,1681,0,40,SEP25,1965,i
4839250,"Adel, Tahseen Khalil",IRQ,M,,,,1866,0,40,SEP25,2008,
4813731,"Adham, Hameed Jabbar AL-Aqbi",IRQ,M,,,,1753,0,20,SEP25,2005,i
4829816,ADIL YASIR FOUAD AL-BAZOONI,IRQ,M,,,,1596,0,40,SEP25,1997,
4800079,"Adil, Ali Jalal",IRQ,M,FM,,,2070,0,20,SEP25,1952,
4800559,"Adil. Hameed, Mohammad",IRQ,M,,,,2041,0,40,SEP25,1976,i
4814118,"Adnan, Ibrahim Khalil",IRQ,M,,,,1659,0,40,SEP25,1961,i
4802454,"Adnan, Mutashar",IRQ,M,,,,1968,0,20,SEP25,1969,i
4800303,"Adnan,Habib Hana",IRQ,M,CM,,,2220,0,20,SEP25,1968,i
4811232,"Ahamed Ouda , Mohoes",IRQ,M,,,,1642,0,40,SEP25,2001,i
4800443,"Ahmad, Abdul Khaliq",IRQ,M,FM,,,2222,0,20,SEP25,1963,i
4808118,"Ahmad, Al-Qudsi",IRQ,M,,,,1624,0,40,SEP25,1992,i
4802225,"Ahmad, Ali",IRQ,M,,,,1970,0,40,SEP25,1973,i
4814398,"Ahmad, Hasan Younis",IRQ,M,,,,1630,0,20,SEP25,2004,i
4804481,"Ahmad, Mohammed Nehad",IRQ,M,,,,1899,0,40,SEP25,1989,i
4814029,"Ahmad, Omed Mohammed",IRQ,M,,,,1678,0,40,SEP25,1996,i
4829727,"Ahmed Azhar, Fadhel",IRQ,M,,,,1762,0,40,SEP25,2003,i
4812026,Ahmed Farhad Ali,IRQ,M,,,,1744,0,20,SEP25,2000,i
4810686,Ahmed gawad Hammood,IRQ,M,,,,1873,0,40,SEP25,1952,i
4810767,Ahmed Haider Sadiq,IRQ,M,,,,1737,0,20,SEP25,2001,i
4802691,Ahmed Ibrahem Ahmed,IRQ,M,,,,1981,0,40,SEP25,1948,i
4833473,Ahmed Ibrahim khalil,IRQ,M,,,,1504,0,40,SEP25,1981,i
4829735,"Ahmed Mohammed, Hussein",IRQ,M,,,,1665,0,40,SEP25,1997,i
4802292,"Ahmed, Abdlkadham",IRQ,M,,,,2042,0,20,SEP25,1971,i
4820401,"Ahmed, Abdul Fattah Ahmed",IRQ,M,,,,1680,0,40,SEP25,1990,i
4833635,"Ahmed, Abdulrahman Hussein",IRQ,M,,,,1691,1,20,SEP25,1989,
4812352,"Ahmed, Adil Abdullah",IRQ,M,,,,1543,0,40,SEP25,1995,i
4826108,"Ahmed, Ali Nasir",IRQ,M,,,,1781,0,20,SEP25,1996,i
4816773,"Ahmed, Atyah Allaw",IRQ,M,,,,1630,0,40,SEP25,1967,i
4840712,"Ahmed, Ayad Ali",IRQ,M,,,,ACM,1592,0,SEP25,1994,
4838610,"Ahmed, Bassem Muhammad",IRQ,M,,,,1658,0,40,SEP25,2002,i
4829883,"Ahmed, Dlshad Rostam",IRQ,M,,,,1567,0,40,SEP25,2001,i
4843789,"Ahmed, Estabrak Nadhem",IRQ,M,,,,1620,1,40,SEP25,2006,
4833767,"Ahmed, Faisal Meteab",IRQ,M,,,,1722,0,40,SEP25,1972,i
4839277,"Ahmed, Firas Yasen",IRQ,M,,,,1707,0,40,SEP25,2007,i
4835123,"Ahmed, Hasan Mhmood",IRQ,M,,,,1641,0,40,SEP25,1968,i
4825608,"Ahmed, Hussein Abd",IRQ,M,,,,1632,0,40,SEP25,2004,i
4802322,"Ahmed, Hussein kazar",IRQ,M,,,,1938,0,20,SEP25,1992,i
4802071,"Ahmed, J.Majeed",IRQ,M,,,,2023,0,20,SEP25,1976,i
4842537,"Ahmed, Jalal Shahat",IRQ,M,,,,1634,1,40,SEP25,2003,
4828445,"Ahmed, Jasim Haji",IRQ,M,,,,1611,0,40,SEP25,1996,i
4808134,"Ahmed, Jawad",IRQ,M,,,,1814,0,40,SEP25,0,i
4808509,"Ahmed, Jaza Jamal",IRQ,M,IM,,,2128,0,20,SEP25,2003,
4836634,"Ahmed, Mishaal Saud",IRQ,M,,,,1672,0,40,SEP25,2008,
4816781,"Ahmed, Mohammed Abdulla",IRQ,M,,,,1614,0,40,SEP25,1973,i
4803191,"Ahmed, Nasir",IRQ,M,,,,1900,0,20,SEP25,1964,i
4839188,"Ahmed, Omid Adil",IRQ,M,,,,1840,0,40,SEP25,2000,i
4806204,"Ahmed, Qutayba Yunis",IRQ,M,CM,,,1894,4,20,SEP25,2000,
4836650,"Ahmed, Sabah Kazim",IRQ,M,,,,1477,0,40,SEP25,2004,i
4844289,"Ahmed, Sherwan Ahmed",IRQ,M,,,,1451,0,40,SEP25,2012,
4831136,"Ahmed, Yacine Nedah",IRQ,M,,,,1795,0,40,SEP25,1998,i
4833643,"Ahmed,Kadhim Mousa",IRQ,M,,,,1760,0,40,SEP25,2000,
4817680,"Ahmid, Ali Naser",IRQ,M,,,,1540,0,40,SEP25,1996,i
4830121,"Ailin, Omed Ali",IRQ,F,,,,1448,0,40,SEP25,2015,w
4813014,"Akar, Omiad Saber",IRQ,M,,,,1702,0,20,SEP25,2004,i
4800230,"Akrawi, Samir",IRQ,M,FM,,,2064,0,20,SEP25,1970,
4802179,"Al -Rubaye, Hasan Abed Shahwaz",IRQ,M,,,,1870,0,20,SEP25,1968,
4807235,"Al Falahi, Ziad Tarik Mohammad",IRQ,M,,,,1558,0,20,SEP25,1973,i
4807766,"Al Harith, Emad Nawaf",IRQ,M,,,,1820,0,20,SEP25,2002,i
4810538,Al Hasan Dhamir Jabar Al Yhya,IRQ,M,,,,1640,0,20,SEP25,2006,i
4810490,Al Hussein Dhamir Jabar Al Yhya,IRQ,M,,,,1579,0,20,SEP25,2006,i
4811380,Al Jassani Abdulrazaq,IRQ,M,,,,1576,0,40,SEP25,1935,i
4816510,"Al Khider, Dildar Dawod Sulaiman",IRQ,M,,,,1803,0,40,SEP25,1995,i
4813910,"Al Rashid, Qays Abduljabar Naji",IRQ,M,,,,1812,0,40,SEP25,1963,
4800192,"Al-Ali, Hussein Ali Hussein",IRQ,M,IM,,,2127,0,10,SEP25,1968,
4804929,"AL-ALI, Sally Abbas Abdulzahra",IRQ,F,WFM,WFM,,1957,0,20,SEP25,2001,w
4800028,"Al-Atar, S Salim",IRQ,M,FM,,,2310,0,20,SEP25,0,i
4800427,"AL-Bahadly, Amjad Ali Mohammed",IRQ,M,FM,,,2146,0,20,SEP25,1968,i
4801008,"Al-Dawoodi, Nazar Mohsin Hussein",IRQ,M,,,,2045,0,40,SEP25,1961,i
4800664,"Al-dori, Salman Ahmed Salman",IRQ,M,,"LSI,SI",,2140,0,40,SEP25,1958,i
4806700,"Al-Fayyadh, Yamama Asif Abdula",IRQ,F,WCM,WCM,,1797,0,20,SEP25,2001,w
4806476,"Al-Fayyadh, Zainab Asif Abdulah",IRQ,F,,,,1771,0,20,SEP25,1990,w
4801091,"Al-Hariri, Zainab O.",IRQ,M,,,,2180,0,40,SEP25,1958,i
4803922,"Al-Hasnawi, Haider",IRQ,M,,,,1890,0,40,SEP25,0,i
4805984,"Al-Hasnawi, Zainal Abdeen Farhan Naseer",IRQ,M,,,,1788,0,20,SEP25,1997,i
4806042,"Al-Khalidi, Aisha Ali Ahmed",IRQ,F,WCM,WCM,,1771,0,20,SEP25,1996,wi
4800168,"Al-Khattab, Ghassan M. Ali Ajmed",IRQ,M,FM,,,1940,0,20,SEP25,1956,
4801954,"Al-Lami, Rana Saad Abdulhussein",IRQ,F,,,,1868,0,20,SEP25,1990,wi
4809190,"Al-Nakash, Rami Abdulrazak Hussein",IRQ,M,,,,1872,0,20,SEP25,1991,
4801113,"Al-Omari, Dalya",IRQ,F,WCM,WCM,,2056,0,40,SEP25,1966,wi
4800745,"Al-Qazzaz, Rabeea Qasim Mohammed",IRQ,M,CM,,,2236,0,20,SEP25,1956,i
4803132,"Al-Rajab, Maha Layth Ismael",IRQ,F,WCM,WCM,,1846,0,20,SEP25,1989,wi
4801067,"Al-Rufaye, Iman Hasan Mohammed",IRQ,F,WIM,WIM,,2002,0,20,SEP25,1982,wi
4801075,"Al-Rufei, Ahmed H.",IRQ,M,CM,,,2220,0,40,SEP25,1980,i
4800087,"Al-Saadi, Jumaa A.Gatea",IRQ,M,FM,,,2077,0,20,SEP25,1961,i
4814452,"Al-Saffar, Abdullah Ammar Ahmed",IRQ,M,,,,1908,0,40,SEP25,2009,
4801040,"Al-Saffar, Araz Basim Mohammed S",IRQ,M,IM,,,2383,0,10,SEP25,1984,
4800605,"Al-Sahlanee, Hayder A. Jaafar",IRQ,M,FM,,,2138,0,20,SEP25,1966,i
4801458,"Al-Turaihi, Dhari Satea Saeed",IRQ,M,,,,1757,0,20,SEP25,1954,
4837037,"Alaa, Faris Hazzaa",IRQ,M,,,,1591,0,40,SEP25,1973,i
4823001,"Alaa, Jalil Hasoon",IRQ,M,,,,1737,0,40,SEP25,1975,i
4815840,"Alaa, Mamdoh Jamal",IRQ,M,,,,1656,0,40,SEP25,1976,i
4812395,"Alalwan, Sajjad Abbas Khudhair",IRQ,M,,,,1860,0,20,SEP25,1993,
4838700,"Alan, Dhyaa Sadiq",IRQ,M,,,,1671,0,40,SEP25,2008,
4825454,"Alan, Jamal Mohammed Ali",IRQ,M,,,,1872,0,40,SEP25,1985,i
4813022,"Alan, Omiad Saber",IRQ,M,,,,1640,0,20,SEP25,2006,i
4806727,"Alatia, Abdullah",IRQ,M,,"NI,NA",,1762,0,20,SEP25,1998,
10602348,Albadri Sattar,IRQ,M,CM,,,2067,0,20,SEP25,1966,
4808436,"ALbarbari ,Vin Kamal Jalal Adin",IRQ,F,WCM,WCM,,1731,0,20,SEP25,2000,wi
4801776,"ALBARBARI,KAREEN KAMAL JALALADIN",IRQ,F,WFM,WFM,,1818,0,20,SEP25,1992,w
4801237,"Albarbary, Niwar Jaafar Jalaladeen",IRQ,M,,,,1939,0,20,SEP25,1986,i
4801768,Albrait Youel Eliya,IRQ,M,,,,2133,0,40,SEP25,1952,i
4801180,"Albu-Salih, Khalid Khudhair Khalaf",IRQ,M,,,,2042,0,20,SEP25,1956,i
4809548,"Aleqeen, Dhamir Jabar",IRQ,F,,,,1524,0,20,SEP25,2004,wi
4810171,Ali Abbas hameed,IRQ,M,,,,1717,0,20,SEP25,1998,i
4808738,"Ali Abbas, Abdulzahra",IRQ,M,,,,1696,0,20,SEP25,2003,i
4811569,Ali Adnan Younus,IRQ,M,,,,1807,0,20,SEP25,1963,
4809262,Ali Ahmed Abbas,IRQ,M,,,,1594,0,40,SEP25,2002,i
4808746,"Ali Ahmed, Attiyah",IRQ,M,,,,1649,0,20,SEP25,1999,i
4810511,Ali Al mortdha Hussein Kadhim,IRQ,M,,,,1474,0,40,SEP25,2007,i
4812034,Ali Farhad Ali,IRQ,M,,,,1853,0,20,SEP25,2001,
4810139,Ali Firas Qassim,IRQ,M,,,,2016,0,20,SEP25,2006,
4801997,Ali Gatee,IRQ,M,,,,1863,0,20,SEP25,1970,i
4830873,"Ali Hadi, Abdali",IRQ,M,,,,1660,0,40,SEP25,1982,
4810791,Ali Jasim Ibrahim,IRQ,M,,,,1623,0,40,SEP25,2000,i
4806050,ali khalid khudhair,IRQ,M,,,,1775,0,20,SEP25,1996,i
4810457,Ali Najib kadhim,IRQ,M,,,,1653,2,40,SEP25,2005,
4802870,Ali Noor Hadi,IRQ,M,,,,1885,0,20,SEP25,1977,
4812123,Ali Sabih Ahmed,IRQ,M,,,,1632,0,40,SEP25,1999,i
4812131,Ali Salah Mahdi,IRQ,M,,,,1492,0,40,SEP25,2009,i
4831454,Ali Sami Rajab AL-Bakara,IRQ,M,,,,1493,0,40,SEP25,1997,i
4807340,"Ali Sattar, Hussein",IRQ,M,,,,1651,0,40,SEP25,0,i
4801504,Ali Talib Jassam,IRQ,M,,,,1914,0,40,SEP25,1990,i
4834224,"Ali Yaseen Abbas, Al-Maliki",IRQ,M,,,,1599,0,40,SEP25,1989,i
4817702,ALI ZAIN Al ABDIN HAMEED AL-MUSAWI,IRQ,M,,,,AFM,1982,0,SEP25,2007,
4828844,"Ali, Abdulkareem Hasan",IRQ,M,,,,1639,0,40,SEP25,2009,
4836065,"Ali, Abdulrahman Ibrahim",IRQ,M,,,,1561,0,40,SEP25,2004,i
4816471,"Ali, Abdulsalam Jalaladeen",IRQ,M,,,,1531,0,40,SEP25,2005,i
4813740,"Ali, Abdulsalam Tayeh Aborkeeba",IRQ,M,,,,1649,0,40,SEP25,1989,i
4815718,"Ali, Abed Al-Hussien Kareem",IRQ,M,,,,1652,0,40,SEP25,1995,i
4817443,"Ali, Ahamed Mezhir",IRQ,M,,,,1695,0,40,SEP25,2010,
4806093,"Ali, Ahmed",IRQ,M,,,,2065,0,20,SEP25,1973,i
4804511,"Ali, Ahmed Ali",IRQ,M,,FA,,1859,0,20,SEP25,1976,i
4814401,"Ali, Basem Mouhsin",IRQ,M,,,,1924,0,20,SEP25,1997,i
4842553,"Ali, Bashar Salim",IRQ,M,,,,1793,2,40,SEP25,2004,
4817451,"Ali, Dawood Hasan",IRQ,M,,,,1765,0,20,SEP25,1985,i
4816609,"Ali, Dhiaa Ali",IRQ,M,,,,1866,0,40,SEP25,1984,i
4818571,"Ali, Dlshad Hasan",IRQ,M,,,,1453,0,40,SEP25,2013,
4826680,"Ali, Firas Fathe",IRQ,M,,,,1719,0,40,SEP25,2007,i
4804023,"Ali, Gataa Hussein",IRQ,M,,,,1919,0,20,SEP25,1970,
4800214,"Ali, Ghazi Al-Saadi",IRQ,M,FM,,,1967,0,20,SEP25,1964,
4826205,"Ali, Hayder Alaa",IRQ,M,,,,1698,0,40,SEP25,2006,i
4814037,"Ali, Hussein Abdullah",IRQ,M,,,,1583,0,40,SEP25,1996,i
4814991,"Ali, Hussein Ali Itaimah",IRQ,M,,,,1684,0,20,SEP25,1988,i
4829786,"Ali, Hussein Ayyal",IRQ,M,,,,1793,0,40,SEP25,1989,i
4824601,"Ali, Hussein Kadhim",IRQ,M,,,,1860,0,40,SEP25,1995,i
4837045,"Ali, Hussein Nasser",IRQ,M,,,,1695,0,40,SEP25,2007,
4813758,"Ali, Jabar Shahbith",IRQ,M,,,,1683,0,40,SEP25,1999,i
4846532,"Ali, Jasim Mohammed",IRQ,M,,,,1674,5,40,SEP25,2002,
4803540,"Ali, Mohamed Kareem",IRQ,M,,,,1860,0,20,SEP25,1956,i
4826817,"Ali, Mohammed Duhaim",IRQ,M,,,,1582,0,40,SEP25,1987,i
4837053,"Ali, Mohsen Kazem",IRQ,M,,,,1662,0,40,SEP25,2004,i
4830300,"Ali, Muayad Abduljabbar",IRQ,M,,,,1649,0,40,SEP25,1998,
4846540,"Ali, Munther Hamed",IRQ,M,,,,1480,5,40,SEP25,2004,
4840461,"Ali, Murshid Khorshid",IRQ,M,,,,1530,0,40,SEP25,1972,
4835964,"Ali, Mustafa Mohammed",IRQ,M,,,,1561,0,40,SEP25,2017,i
4829190,"Ali, Naji Abdullah",IRQ,M,,,,1671,0,40,SEP25,1997,i
4818466,"Ali, Namat Murtada",IRQ,M,,,,1720,0,40,SEP25,1988,i
4814320,"Ali, Nazar Abass",IRQ,M,,,,1617,0,40,SEP25,1997,i
4831616,"Ali, Nazar Shareef",IRQ,M,,,,1733,1,40,SEP25,2003,
4806107,"Ali, Nsaif Jasim",IRQ,M,,,,1860,0,40,SEP25,1967,i
4827023,"Ali, Omar",IRQ,M,,,,1779,0,40,SEP25,2000,
4812867,"Ali, Radhi Monshd",IRQ,M,,,,1736,0,40,SEP25,1997,i
4802004,"Ali, Rashid Mohammed Amin",IRQ,M,,,,1962,0,20,SEP25,1976,i
4815416,"Ali, Razzaq Shohait",IRQ,M,,,,1536,0,40,SEP25,1993,i
4812743,"Ali, Ridha Salih Oliwry",IRQ,M,,,,1431,0,40,SEP25,2007,i
4823761,"Ali, Salam Abudalkhaliq",IRQ,M,,,,1779,0,40,SEP25,1997,i
4806506,"Ali, Sattar Nasser",IRQ,M,,,,1809,0,20,SEP25,1998,i
4820827,"Ali, Shihab Ahmed",IRQ,M,,,,1601,0,40,SEP25,2013,i
4833856,"Ali, Surdash Hassan",IRQ,M,,,,1641,0,40,SEP25,2006,i
4833015,"Ali, Tahseen Muhammad",IRQ,M,,,,1847,0,40,SEP25,2001,i
4829557,"Ali, Wassam Hatam",IRQ,M,,,,1728,0,40,SEP25,2010,
4828852,"Ali, Wissam Karim",IRQ,M,,,,1701,0,40,SEP25,2010,i
4816374,"Almojtaba, Munaf Jalal",IRQ,M,,,,1720,0,40,SEP25,1997,i
4801920,"Alothman ,Ali Layth Ahmed",IRQ,M,FM,,,2159,0,20,SEP25,1987,
4833783,"Alqasim, Ahmed Qasim",IRQ,M,,,,1610,0,40,SEP25,2008,i
4809068,Alwaeli Basil,IRQ,M,,,,1723,0,20,SEP25,2001,i
4805127,"Alwaeli, Looay",IRQ,M,,NA,,1843,0,20,SEP25,1987,
4802560,"Aly, Gaten",IRQ,M,,,,2080,0,40,SEP25,0,i
4805135,"Amal, Majid Khudhair",IRQ,F,,,,1668,0,20,SEP25,1999,wi
4822110,"Amar, Abdulsaid Madhmoom",IRQ,M,,,,1680,0,40,SEP25,1977,i
4803086,"Amar,, Kahtan",IRQ,M,,,,1778,0,40,SEP25,1970,i
4801580,"Ameen, A.M.",IRQ,M,,,,2019,0,40,SEP25,1957,i
4816633,"Ameen, Mohamed Edan",IRQ,M,,,,1959,0,40,SEP25,2009,
4825705,"Ameer, Adnan Dhiaa",IRQ,M,,,,1823,0,40,SEP25,1988,i
4827333,"Ameer, Hayder Jawad Mubarak",IRQ,M,,,,1976,0,20,SEP25,2000,
4830717,"Ameer, Muayed Kadhim",IRQ,M,,,,1604,0,40,SEP25,1966,i
4813766,"Ameer, Sadi Mohamed",IRQ,M,,,,1486,0,40,SEP25,1997,i
4807537,"Ameer,Dhafer Abdulameer",IRQ,M,CM,,,1854,0,20,SEP25,2005,
4811186,Amer Abdulmeer Hantosh,IRQ,M,,,,1518,0,40,SEP25,1968,i
4808320,Amer Ahmed Dhiab,IRQ,M,,,,1758,0,40,SEP25,1972,i
4810899,Amer Hameed Kwair,IRQ,M,,NA,,1807,0,20,SEP25,1971,i
4801512,"Amer, A.Naser",IRQ,M,,,,2145,0,40,SEP25,0,i
4808762,"Amer, Mansee Mohammed",IRQ,M,,,,1860,0,40,SEP25,1971,i
4814959,"Amer, Mohammed Ali",IRQ,M,,,,1436,0,40,SEP25,1998,i
4842847,"Amer, Najm Abboud",IRQ,M,,,,1834,0,40,SEP25,1971,
4804074,Amjad M Alwan,IRQ,M,,,,1957,0,20,SEP25,1982,i
4840739,"Amjad, Abdulqader Naji",IRQ,M,,,,1800,0,40,SEP25,2004,
4803175,"Amjad, Mohammed",IRQ,M,,,,2054,0,40,SEP25,0,i
4825225,"Amjed Ahmed, Ali",IRQ,M,,,,1450,0,40,SEP25,2009,i
4802349,Amjed Alaa Abbas,IRQ,M,,NA,,1881,0,20,SEP25,1990,i
4800370,AMMAR ABDULJABBAR OLEIWI AL KHAZAALI,IRQ,M,,,,1969,0,20,SEP25,1967,
4813863,Ammar Imad Khaleel Alothman,IRQ,M,,,,1866,0,40,SEP25,2000,i
4812174,Ammar Mobammed Abdul Aziz,IRQ,M,,,,1735,0,40,SEP25,1996,i
4831624,"Ammar, Abdulrazaq Sakran",IRQ,M,,,,AFM,1599,0,SEP25,2006,i
4807014,"Ammar, Abedalkader",IRQ,M,,,,1880,0,40,SEP25,0,i
4804520,"Ammar, Fadhel Abed",IRQ,M,,,,1855,0,20,SEP25,1972,i
4811712,"Ammar, Ismail Tariq",IRQ,M,,,,1472,0,20,SEP25,2003,i
4818261,"Ammar, Majid Jalil",IRQ,M,,,,1744,0,40,SEP25,1991,i
4821076,"Ammar, Qahtan Mahmood",IRQ,M,,,,1644,0,40,SEP25,1971,i
4812700,"Ammar,Hasan Abed Magsoosi",IRQ,M,,,,1754,0,40,SEP25,1969,i
4800761,"Ammer, Nafia",IRQ,M,,,,2150,0,40,SEP25,1961,i
4831632,"Anas, Ismat Shukur",IRQ,M,,,,1476,0,40,SEP25,2013,i
4817265,"Anas, Wajeeh Abdulrahman",IRQ,M,,,,1659,0,40,SEP25,1989,i
4805151,"Aos, Hassan Ibrahim",IRQ,M,,,,1895,0,20,SEP25,1984,
4829980,"Aqeel, Ahmed Hatem",IRQ,M,,,,1661,0,40,SEP25,1997,
4800400,"Aram, Abdulla  Fattah",IRQ,M,,,,1770,0,20,SEP25,1961,i
4802543,"Ares, Saber Majeed",IRQ,M,,,,1942,0,20,SEP25,1972,
4839293,"Arez, Namir Khaleel",IRQ,M,,,,1803,0,40,SEP25,2010,
4803680,"Ari, Ahmad Mohammed",IRQ,M,,,,2014,0,20,SEP25,1963,
4815009,"Arif, Ahmed Hassan Itaimah",IRQ,M,,,,1482,0,40,SEP25,2006,i
4814681,"Arikar, Omiad Saber",IRQ,M,,,,AFM,1499,0,SEP25,2012,
4803035,"Arqam, Zaki",IRQ,M,,,,1873,0,40,SEP25,0,i
4801385,"Arselan, Kadir",IRQ,M,,,,2075,0,40,SEP25,0,i
4829654,"Arshad, Fareed Thabit",IRQ,M,,,,1729,0,40,SEP25,2007,i
4802411,"Ary, Ahmed",IRQ,M,,,,1988,0,40,SEP25,0,i
4813227,"Arya, Latif Najib",IRQ,M,,,,1731,0,40,SEP25,2006,i
4813235,"Aryan, Ali Ehsan",IRQ,M,CM,,,2098,0,20,SEP25,1998,
4833864,"Aryas, Ismail Kareem",IRQ,M,,,,1454,0,40,SEP25,2012,i
4830148,"Aryaz, Omed Ali",IRQ,M,,,,1553,0,40,SEP25,2015,
4803566,"Asad, Mohamed Ali",IRQ,M,,,,1954,0,40,SEP25,1966,i
4815432,"Asal, Nawar Ahmed",IRQ,F,,,,1634,0,20,SEP25,2005,wi
4808142,"Aseel, Dhafer Abdulameer",IRQ,M,,,,1600,0,20,SEP25,2003,i
4808398,Asif Abdullah Fayyadh,IRQ,M,,,,1737,0,40,SEP25,1957,i
4810279,Aso Osman Hama Rasheed,IRQ,M,,,,1936,0,40,SEP25,1978,i
4800184,"Ater, G. Hermiz",IRQ,M,FM,,,2315,0,20,SEP25,0,i
4801822,"Auday, Basim Habboush",IRQ,M,,,,2055,0,40,SEP25,1970,i
4816498,"Avraz , Ibrahim Ahmed",IRQ,M,,,,1701,0,40,SEP25,1987,i
4825420,"Awad, Amer",IRQ,M,,,,1521,0,40,SEP25,1996,i
4811496,Awat Mohammed Amin Ibrahim,IRQ,M,,,,1762,0,20,SEP25,1984,i
4831888,"Aws, Riadh Falah",IRQ,M,,,,1704,0,40,SEP25,1994,i
4810422,Ayab Dhafer abdulameer,IRQ,M,,,,1518,0,20,SEP25,2001,i
4803582,"Ayad, Hameed Hashem",IRQ,M,,,,1911,0,20,SEP25,1959,i
4814630,"Ayad, Saady Naji",IRQ,M,,,,1686,0,40,SEP25,1964,i
4816501,"Aydil, Dawod Sulaiman",IRQ,M,,,,1618,0,40,SEP25,1996,i
4831330,"Aydya, Awder Abdullah",IRQ,M,,,,1635,0,40,SEP25,2014,
4839307,"Ayham, Khaled Talal",IRQ,M,,,,1481,0,40,SEP25,2010,i
4830474,"Ayhem, Haleem",IRQ,M,,,,1595,0,40,SEP25,2012,
4814410,"Ayman, Kadhim Yousif",IRQ,M,,,,1758,0,20,SEP25,2001,
4814479,"Aymen, Falah Sabah",IRQ,M,,,,1544,0,40,SEP25,2005,i
4828046,"Azad, Ali Mohmmed",IRQ,M,,,,1735,0,40,SEP25,1971,i
4813952,"Azez, Ali Hussein",IRQ,M,,,,1676,0,40,SEP25,1967,i
4801636,"Aziz, Jawad Kadhim",IRQ,M,,,,1936,0,20,SEP25,1957,i
4803710,"Aziz, Majeed Al-Rufaye",IRQ,M,,,,1885,0,20,SEP25,1965,i
4811950,BADER SALAH NOORI,IRQ,M,,,,1515,0,40,SEP25,2009,i
4810988,Badir Hasib,IRQ,M,,,,1943,0,40,SEP25,1956,i
4818318,Badr Husamuldeen Rifaat,IRQ,M,,,,1551,0,40,SEP25,2012,i
4802233,"Badry, Abdul Jabbar",IRQ,M,,NA,,1896,0,20,SEP25,1987,i
4810163,Baean Noori Najem,IRQ,F,,,,1465,0,20,SEP25,2005,wi
4807804,"Bahdeen, Mohammed Karam",IRQ,M,,,,1909,0,40,SEP25,1982,i
4803450,Bahman Omer Hama,IRQ,M,,,,1814,0,20,SEP25,1982,
4816250,"Bahoz, Shaxawan Mohammed",IRQ,M,,,,1624,0,40,SEP25,2002,i
4816269,"Bahra, Sameer Anwer",IRQ,F,,,,1536,0,40,SEP25,2009,w
4815807,"Bahra, Taib Rashid",IRQ,F,,,,1641,0,40,SEP25,1976,w
4819802,"Bahroz, Mohammed Nasraden",IRQ,M,,,,1708,0,40,SEP25,1981,
4805933,Bahzad Zeenaldeen Mawlud,IRQ,M,,,,2093,0,20,SEP25,1984,i
4818342,"Bakhtiar, Qarany Sulaiman",IRQ,M,,,,1879,0,40,SEP25,1980,
4807111,"Bakhtiyar,hama Salih Ahmed",IRQ,M,,,,1778,0,20,SEP25,1985,
4806220,Baktiar Hamd Mohammed,IRQ,M,,,,1812,0,20,SEP25,1980,
4813499,"Balen, Qasm Osman",IRQ,M,,,,1429,0,40,SEP25,2005,i
4829220,"Balqeis, Mohammed Ali Mahdi",IRQ,F,,,,1458,0,40,SEP25,2013,w
4830962,"Baneel, Nabeel Aziz",IRQ,M,,,,1488,0,40,SEP25,2010,i
4817729,BAQER HAMEED KHALAF AL-MUSAWI,IRQ,M,CM,,,1974,0,40,SEP25,2009,
4804546,"Baqir, Abd Al Adil",IRQ,M,,FA,,1867,0,20,SEP25,1973,
4839315,"Baqir, Rashid Jawad",IRQ,M,,,,1560,0,40,SEP25,2010,
4829239,"Bariq, Lueai Abdulwahid",IRQ,M,,,,1899,0,40,SEP25,1999,i
4815858,"Basel, Ammar Saleh Ahmed",IRQ,M,,,,1651,0,40,SEP25,1996,i
4829522,"Bashar, Raed Hamid",IRQ,M,,,,1797,0,40,SEP25,2002,i
4809831,Bashir Fahim Hawza,IRQ,M,,,,1636,0,20,SEP25,1992,i
4800699,Basim Jbara Masood Beni Zaid,IRQ,M,CM,,,2030,0,20,SEP25,1966,i
4805160,"Basim, Hinde",IRQ,M,,,,1890,0,20,SEP25,1972,i
4812530,"Basim, Mohamed Saleh",IRQ,M,,,,1834,0,40,SEP25,1952,i
4804090,"Basm, Shakr",IRQ,M,,,,2079,0,40,SEP25,1974,i
4805666,"Bassam Arzwky, Hamead",IRQ,M,,,,2086,0,20,SEP25,1972,i
4830725,"Bassam, Awad Shehab",IRQ,M,,,,1661,0,40,SEP25,1986,i
4831039,"Batool, Aliwi Abd",IRQ,F,,,,1606,0,40,SEP25,2001,w
4801083,"Batty, Ramiz A.",IRQ,M,,,,2115,0,40,SEP25,1983,i
4820193,"Bawan, Mahmood Mohammed",IRQ,M,,,,1656,0,20,SEP25,2006,
4818946,"Bawer, Samir Aziz",IRQ,M,,,,1517,0,40,SEP25,2004,i
4838874,"Bayad, Othman Arab",IRQ,M,,,,1595,0,40,SEP25,2008,i
4805917,Bazhar Worya Mohammed,IRQ,F,,,,1843,0,40,SEP25,1975,wi
4806247,Bestoon Abdulkhaleq Assaf,IRQ,M,,,,1888,0,20,SEP25,1982,i
4807030,"Bewar, Jafer",IRQ,M,,,,1893,0,20,SEP25,1988,i
4800591,"Bitrus, Waadalla",IRQ,M,,,,2151,0,40,SEP25,0,i
4811658,Bootan Sherzad Qader,IRQ,M,,,,1902,0,40,SEP25,1985,i
4817877,"Chako, Mohammed Anwer",IRQ,M,,,,1649,0,40,SEP25,1969,i
4801296,chiya mder hamad,IRQ,M,,,,1957,0,20,SEP25,1987,
4839480,"Dahen, Soran Azad",IRQ,M,,,,1671,0,40,SEP25,2012,
4805925,Dana Jamal Qadir,IRQ,M,,,,1939,0,20,SEP25,1993,i
4814070,"Dana, Dawd Ali",IRQ,M,,,,1764,0,40,SEP25,1984,i
4816277,"Dana, Rebar Kadhim",IRQ,M,,,,1520,0,40,SEP25,1996,i
4801156,"Danar, Jamal Qadir Ghaffoori",IRQ,M,,,,1932,0,20,SEP25,1990,
4820436,"Daniar, Nasraw Mustafa",IRQ,M,,,,1807,0,40,SEP25,2009,
4801571,"Danon, O.",IRQ,M,,,,2154,0,40,SEP25,1956,i
4815190,"Darawan, Rasul Othman",IRQ,M,,,,1604,0,40,SEP25,1987,i
4801300,Darya Modeer Hamad,IRQ,M,,,,1916,0,20,SEP25,1986,i
4808789,Daryan Arpak Worya Mohammed Qanee,IRQ,M,,,,1687,0,20,SEP25,2005,i
4822617,"Dawan, Nasraw Mustafa",IRQ,M,,,,1745,0,40,SEP25,2013,
4821610,"Dawood, Salman Hassoni",IRQ,M,,,,1762,0,40,SEP25,1998,i
4816811,"Delshad Gudarzi, Ahmed",IRQ,M,,,,1633,0,40,SEP25,1982,i
4801830,"Delshad, Ismail Ibrahim",IRQ,M,,,,2014,0,20,SEP25,1982,i
4816820,"Delshad, Mohammed Jawad",IRQ,M,,,,1648,0,40,SEP25,2006,i
4807120,"Dhaher, Habib",IRQ,M,,,,1784,0,40,SEP25,1963,i
4809793,Dhaia AbdulRazaq Chalob,IRQ,M,,,,1726,0,40,SEP25,1995,i
4822161,"Dhaif, Jasim Tahir",IRQ,M,,,,1712,0,40,SEP25,1987,i
4810090,Dhyaa A. k. AL-sandooq,IRQ,M,,,,1806,0,20,SEP25,1986,i
4819500,"Diako, Edris Ali",IRQ,M,,,,1585,0,40,SEP25,2000,i
4831985,"Diar, Abubakr Rahman",IRQ,M,,,,1652,0,40,SEP25,2001,
4818687,"Didan, Dlshad Hasan",IRQ,F,,,,1484,0,40,SEP25,2006,wi
4807359,"Didar , Mohammed Zhaher Hassan",IRQ,M,CM,,,2160,0,20,SEP25,1984,i
4813642,"Dilwar, Amjad Sarhan",IRQ,M,,,,1613,0,40,SEP25,1988,i
4811500,Dishad Mohammed Jawad,IRQ,M,,,,1649,0,40,SEP25,1967,i
4827759,"Diyary, Fouad Muhammed",IRQ,M,,,,1433,0,40,SEP25,2013,i
4803116,DLPAK ISMAEL IBRAHIM,IRQ,F,WIM,WIM,,1900,0,20,SEP25,1988,w
4805780,Dlsoz Omer Sedeeq,IRQ,M,,,,1856,0,20,SEP25,1972,i
4808770,"Dyar, Bakir Bahram",IRQ,M,,,,1521,0,40,SEP25,2003,i
4817370,"Dyar, Jaza Bakir",IRQ,M,CM,,,1933,0,20,SEP25,1996,
4801806,"Ehab, Mazin Elias",IRQ,M,CM,,,2268,0,20,SEP25,1987,i
4804449,"Eilais, Maher H.",IRQ,M,,,,1837,0,20,SEP25,1969,i
4801105,"El-aboody, Sanaa",IRQ,F,WFM,WFM,,2173,0,40,SEP25,1966,wi
4807570,"Emad , Nwaf Rashed",IRQ,M,,,,1892,0,20,SEP25,1972,i
4807820,"Emad, Ghanim Fatohi",IRQ,M,,,,1735,0,20,SEP25,1960,i
4833880,"Emad, Mohammed Othman",IRQ,M,,,,1639,0,40,SEP25,2003,i
4806514,"Emad, Mohsan Moosa",IRQ,M,,,,1897,0,20,SEP25,1977,
4811542,Enzar Sharif Salih,IRQ,M,,,,1780,0,40,SEP25,1982,i
4803779,"Esam, Naama Lafta",IRQ,M,,,,1879,0,20,SEP25,1964,
4802462,"Esmaeil, Azad",IRQ,M,,,,1882,0,40,SEP25,1991,i
4827040,"Esmat, Qader Hasan",IRQ,M,,,,1590,0,40,SEP25,1976,
4815726,"Essa, Zghair Jlaiwi",IRQ,M,,,,1678,0,40,SEP25,1977,i
4829255,"Eyman, Mohammed Ali Mahdi",IRQ,F,,,,1454,0,40,SEP25,2013,w
4802080,"Ezat, Ameen",IRQ,M,,,,2027,0,20,SEP25,0,i
4812581,"Fadhil, Abdalfatah",IRQ,M,,,,1697,0,40,SEP25,1963,i
4832213,"Fadhl, Abbas Wsheel",IRQ,M,,,,1528,0,40,SEP25,1966,i
4839021,"Fadhl, Abdulameer Hamzah",IRQ,M,,,,1467,0,40,SEP25,1986,i
4809084,Faez Falih Ali,IRQ,M,,,,1840,0,40,SEP25,1987,i
4840747,"Fahad, Mahdi Naji",IRQ,M,,,,1606,0,40,SEP25,2004,
4825250,"Fahad, Mohammed Duhbian",IRQ,M,,,,1704,11,20,SEP25,2001,
4802390,"Fahim, Athab",IRQ,M,,FA,,1917,0,20,SEP25,1972,i
4814010,Faisal Raad Ahmed Rashad,IRQ,M,,,,1760,0,40,SEP25,1991,i
4808991,"Fakhralddin, Mohammed Khudhur",IRQ,M,,,,1792,0,40,SEP25,1967,i
4806581,"Fakhri, Layth Munadhil",IRQ,M,,,,1700,0,40,SEP25,1991,i
4800478,"Fakhry, Afshin",IRQ,M,,,,2070,0,20,SEP25,0,i
4830881,"Falah Mansour, Ghalab",IRQ,M,,,,1452,0,40,SEP25,1968,
4820584,"Falah, Lateef Salih",IRQ,M,,,,1708,0,40,SEP25,1962,i
4803396,"Faris, A-.Ameer",IRQ,M,,,,1921,0,20,SEP25,1956,i
4823087,"Faris, Hassan Frais",IRQ,M,,,,1859,0,40,SEP25,1972,i
4801032,"Faris, Kedher",IRQ,M,,,,2118,0,40,SEP25,1953,i
4815017,"Farooq, Saadallah Salem",IRQ,M,,,,1864,0,20,SEP25,1989,i
4834275,"Farouk, Baraa Saeed",IRQ,M,,,,1421,0,40,SEP25,2009,i
4833805,"Farqad, Talab Neama",IRQ,M,,,,1588,0,40,SEP25,1990,i
4800125,"Fati, F. M.",IRQ,F,WCM,WCM,,2005,0,20,SEP25,0,wi
4812158,Fatma Salah Mahdi,IRQ,F,,,,1527,0,40,SEP25,2007,wi
4803213,FIRAS FORAT HUSSEIN,IRQ,M,,,,1837,0,20,SEP25,1971,i
4815874,"Firas, Khalaf Edo",IRQ,M,,,,1732,0,40,SEP25,1995,i
4801962,"Firas, Qassim Abbas",IRQ,M,,,,1946,0,20,SEP25,1974,
4800788,"Firas, Sabah",IRQ,M,,,,2064,0,20,SEP25,1974,i
4806123,"Foad, Matlb",IRQ,M,,,,1744,0,40,SEP25,0,i
4800117,"Frmesk, W Mohammed Qani",IRQ,F,WCM,WCM,,1975,0,20,SEP25,1966,wi
4807367,"Gada , Yaseen Khudhair",IRQ,F,,,,1512,0,40,SEP25,1999,wi
4818709,"Gala, Mohamad Tahir",IRQ,F,,,,1568,0,40,SEP25,2009,w
4817885,"Gardin, Kareem Abdullah",IRQ,M,,,,1555,0,40,SEP25,1984,i
4825020,"Ghaith, Ahmed Natiq",IRQ,M,,,,1756,2,20,SEP25,2006,
4810953,Ghanm Abd Khanjer,IRQ,M,,,,1791,0,40,SEP25,1968,i
4803264,"Ghazala, Zena Basil",IRQ,F,WFM,WFM,,1870,0,20,SEP25,1988,wi
4802241,"Ghelan, Abdul Latif",IRQ,M,,,,1942,0,20,SEP25,1988,i
4815459,"Ghezel, Nawar Ahmed",IRQ,F,,,,1514,0,40,SEP25,2011,w
4830032,"Gofran, Baqer Abd Aladel",IRQ,M,,,,1461,0,40,SEP25,2004,i
4830164,"Gofran, Baqir Abd Al Adil",IRQ,F,,,,1522,0,20,SEP25,2004,w
4804570,"Goran, Hamed Abdull",IRQ,M,,,,1800,0,40,SEP25,1993,i
4816846,"Goran, Qahhar Othman",IRQ,M,,,,1684,0,40,SEP25,1987,i
4806140,"Habeeb, Kairullah Lafta",IRQ,M,,,,AFM,1875,0,SEP25,1968,i
4808800,"Hadhi, Ahmed Attiyah",IRQ,M,,,,1689,0,20,SEP25,2001,i
4818032,"Hadi, Ahmed Hadi",IRQ,M,,,,1706,0,40,SEP25,1992,i
4818350,"Haidar, Namek Muhammasalh",IRQ,M,,,,1890,0,40,SEP25,1978,i
4811240,"Haider Abdaljabar, Khadhair",IRQ,M,,,,1835,0,40,SEP25,1970,i
4812182,Haider Mohsen Abbass,IRQ,M,,,,1623,0,40,SEP25,1970,i
4831659,"Haider, Ahmed Jabbar",IRQ,M,,,,1630,0,40,SEP25,2003,i
4814657,"Haider, Haroon Kareem",IRQ,M,,,,1516,0,40,SEP25,1996,i
4816668,"Haider, Khadhim Tooba",IRQ,M,,,,1689,0,40,SEP25,1968,i
4815025,"Haifaa, Maithem Abdalkadhim",IRQ,M,,,,1568,0,40,SEP25,1991,i
4808460,Haitham Abbas Al-Chnani,IRQ,M,,,,1816,0,20,SEP25,1970,i
4809602,"Haitham, Ali Namoos",IRQ,M,,,,1915,0,20,SEP25,1968,i
4816854,"Haitham, Badr Hossein",IRQ,M,,,,1684,0,40,SEP25,1972,i
4828909,"Haitham, Karim Hussein",IRQ,M,,,,1782,0,40,SEP25,1971,i
4834054,"Haiytham, Ahmed Shakir",IRQ,M,,,,1730,0,40,SEP25,2009,
4809637,Hakar Dalzar Hma Salah,IRQ,M,,,,1512,0,20,SEP25,2005,i
4812662,"Hakeem, Adhim Hussein",IRQ,M,,,,1476,0,40,SEP25,2005,i
4801911,"Haleem, H. A. AL-Jebawy",IRQ,M,,,,1953,0,20,SEP25,1963,i
4813049,"Halgurd, Rushdi Mustafa",IRQ,M,,,,1670,0,40,SEP25,1981,i
4806549,"Halmat, Bahjat",IRQ,M,,,,1848,0,40,SEP25,1997,i
4802136,"Hamandi, Mohammed Nawfel Karim",IRQ,M,CM,,,2010,0,20,SEP25,1985,i
4838386,"Hamed, Maher Hamed",IRQ,M,,,,1586,1,40,SEP25,2009,
4802721,"Hameed Khlaf Lafta, Al-Musawi",IRQ,M,,,,1912,0,20,SEP25,1974,i
4811070,Hameed Sarmed Abdalhamed,IRQ,M,,,,1784,0,20,SEP25,2001,i
4800940,"Hameed, Amir",IRQ,M,,,,2122,0,20,SEP25,1968,i
4813774,"Hameed, Jabar Sultan",IRQ,M,,,,1645,0,20,SEP25,1960,i
4801903,"Hamid, A. Sattar",IRQ,M,,,,1842,0,20,SEP25,1962,
4802624,"Hamid, Amir",IRQ,M,,,,1801,0,40,SEP25,1971,i
4804155,"Hamid, Amr",IRQ,M,,,,1930,0,20,SEP25,1971,i
4802632,"Hamid, Taleb",IRQ,M,,,,1869,0,40,SEP25,1994,i
4829280,"Hamza, Ibrahim Hamza",IRQ,M,,,,1669,0,40,SEP25,2015,i
4845277,"Hamzah, Jamal Ali",IRQ,M,,,,1742,6,40,SEP25,2000,
4810350,Hana Hawar Khaleel,IRQ,F,,,,1440,0,20,SEP25,1999,wi
4801164,Hana Jamal  Qadir Ghaffoori,IRQ,M,,,,1945,0,40,SEP25,1984,i
4814339,"Hana, Nameer Mohammed",IRQ,F,,,,1470,0,40,SEP25,2009,wi
4843991,"Hani, Radhwan Oday Almutari",IRQ,M,,,,1599,8,40,SEP25,2011,
4800133,"Hanna, D. M",IRQ,F,WCM,WCM,,2005,0,20,SEP25,0,wi
4807286,"Harem, Kasim Hassan",IRQ,M,,,,1848,0,40,SEP25,0,i
4831667,"Harith, Aouf Abdulrahman",IRQ,M,,,,1572,0,40,SEP25,2006,i
4827058,"Haron, Braa",IRQ,M,,,,1717,0,40,SEP25,2009,i
4803167,"Harreth, Salim Wali",IRQ,M,,,,2099,0,20,SEP25,1975,i
4807847,Hasan Sabir Obed,IRQ,M,,,,1788,0,20,SEP25,1996,i
4811100,Hasan Salama Saleh,IRQ,M,,,,1768,0,40,SEP25,1972,i
4804589,"Hasan, Abd Al Jabbar",IRQ,M,,,,1879,0,20,SEP25,1949,i
4826256,"Hasan, Abdulkareem Hasan",IRQ,M,,,,1500,3,40,SEP25,2016,
4826590,"Hasan, Adel Hussein",IRQ,M,,,,1926,0,20,SEP25,2003,
4800583,"Hasan, Dafar",IRQ,M,,,,2188,0,20,SEP25,0,i
4830750,"Hasan, Falih Hasan Al-Khailani",IRQ,M,,,,1771,0,40,SEP25,1993,i
4804180,"Hasan, Hemn",IRQ,M,,,,1930,0,20,SEP25,1982,i
4839323,"Hasan, Husain Kadhym",IRQ,M,,,,1650,0,40,SEP25,2008,i
4842952,"Hasan, Khalid Saleh",IRQ,M,,,,1472,2,40,SEP25,2001,
4826604,"Hasan, Mousa Hasan",IRQ,M,,,,1712,0,40,SEP25,1997,
4814800,"Hasan, Saber Abdullah Hasan",IRQ,M,,,,1933,0,40,SEP25,1993,i
4816404,"Hasan, Shadahan Ebaid",IRQ,M,,,,1874,0,40,SEP25,1975,i
4838734,"Hasan, Shawqi Abdulzahra",IRQ,M,,,,1563,2,40,SEP25,2004,
4837088,"Hasanain Jasim, Al-Dulaimi",IRQ,M,,,,1636,0,40,SEP25,1983,i
4807383,"Hasanen , Haleem Hussein",IRQ,M,,,,1792,0,20,SEP25,2003,i
4811984,HASANIN SALMAN MAHDI,IRQ,M,,,,1819,0,40,SEP25,1973,i
4806824,Hasnein Fadhil Nasir,IRQ,M,,,,1892,0,20,SEP25,1998,i
4807391,"Hassan , Sabre Abed",IRQ,M,,,,1757,0,40,SEP25,1996,i
4825268,"Hassan Rabah, Ali",IRQ,M,,,,1572,0,40,SEP25,2005,i
4815548,Hassan Wael Lateef,IRQ,M,,,,1517,0,40,SEP25,2007,i
4807146,"Hassan, Ahmed Aziz",IRQ,M,,,,1823,0,40,SEP25,1964,i
4828577,"Hassan, Basil Abdulqader",IRQ,M,,,,1717,0,40,SEP25,1982,i
4831373,"Hassan, Falah Hassan",IRQ,M,,,,1765,1,40,SEP25,2000,
4819454,"Hassan, Hamed Jaber",IRQ,M,,,,1703,0,40,SEP25,1989,i
4825470,"Hassan, Kazem Aizaldeen Hmid",IRQ,M,,,,1806,0,40,SEP25,2001,i
4803221,"Hassan, Mezhir Rasheed",IRQ,M,,,,1882,0,40,SEP25,1994,i
4808819,"Hassan, Shadhan",IRQ,M,,,,1898,0,40,SEP25,1975,
4814665,"Hassoon, Naji Abdullah",IRQ,M,,,,1705,0,20,SEP25,1957,i
4831675,"Hatam, Abd Alkareem Farag",IRQ,M,,,,1696,0,40,SEP25,1982,
4816021,"Hawbash, Haidar Osman",IRQ,M,,,,1763,0,40,SEP25,1999,i
4814169,"Hawre, Kamal Mohammed",IRQ,M,,,,1596,0,40,SEP25,1988,i
4803728,Hayder Farhan Al- Hasnawi,IRQ,M,,NA,,1964,0,20,SEP25,1992,i
4823524,"Hayder, Akram Jabbar",IRQ,M,,,,1704,0,40,SEP25,1996,i
4843819,"Hayder, Ammar Sattar",IRQ,M,,,,1634,6,40,SEP25,2002,
4800710,"Hayder, Aziz",IRQ,M,,,,2159,0,20,SEP25,1980,i
4802381,"Hayder, Hassan Shyaa",IRQ,M,CM,,,1970,0,20,SEP25,1979,
4823532,"Hayder, Ihsan Abbas",IRQ,M,,,,1727,0,40,SEP25,1987,i
4805380,"Hayder, Kathan Mahmood",IRQ,M,,,,1675,0,20,SEP25,1971,i
4806972,"Hayder, Sabar Ali",IRQ,M,,,,1881,0,40,SEP25,1981,i
4819462,"Hayder, Shakr Swari",IRQ,M,,,,1809,0,40,SEP25,1999,i
4802730,Hazim Moter Mohammed,IRQ,M,,,,1953,0,20,SEP25,1949,i
4812360,"Hazim, Fadhil Hussein",IRQ,M,,,,1648,0,40,SEP25,1969,i
4813782,"Hazim, Merza Hamza",IRQ,M,,,,1833,0,20,SEP25,1968,i
4815033,"Hendrin, Jaleel Lbrahim",IRQ,M,,,,1874,0,40,SEP25,1982,i
4813065,"Herish, Raouf Mahmood",IRQ,M,,,,1825,0,40,SEP25,1979,i
4811399,Hesham Saleem Shalol,IRQ,M,,,,1885,0,40,SEP25,1970,i
4813995,"Hevi, Hewa Mohmmed",IRQ,F,,,,1599,0,40,SEP25,1997,wi
4812409,Hewa Kareem Khurshid,IRQ,M,,,,1765,0,40,SEP25,1984,i
4813618,"Hidayat, Ahmed Mohammed",IRQ,M,,,,1642,0,40,SEP25,1985,i
4812778,"Hna, Namer Mohammed",IRQ,F,,,,1411,0,40,SEP25,2009,wi
4814096,"Hogr, Kheder Abdulrahman",IRQ,M,,,,1569,0,40,SEP25,1996,i
4800354,"Hudhaifa M., Saeed Mustafa",IRQ,M,,,,1828,0,20,SEP25,1956,i
4817427,Husam Hasan Kareem Resen,IRQ,M,,,,1633,0,40,SEP25,1985,i
4823150,"Husam, Ismail Khuder",IRQ,M,,,,1684,0,40,SEP25,1987,i
4815475,"Husam, Yaseen Khallawi",IRQ,M,,,,1571,0,20,SEP25,1984,i
4813898,"Husham, Hamed Hussein",IRQ,M,,,,1778,0,20,SEP25,1967,i
4811739,"Husham, Namir Mohammad",IRQ,M,,,,1675,2,20,SEP25,2004,
4810716,Hussain alwan shandokh,IRQ,M,,NA,,1818,0,40,SEP25,1949,i
4816536,"Hussein , Abd Hamo",IRQ,M,,,,1659,0,40,SEP25,1996,i
4807596,"Hussein Ali , Madhrood",IRQ,M,,,,1834,0,20,SEP25,1968,i
4810392,Hussein Ismael Ibrahim,IRQ,M,,,,1685,0,40,SEP25,2001,i
4802098,Hussein Kadhim Hasan,IRQ,M,,,,2089,0,40,SEP25,1968,i
4802675,"Hussein Kzar, HamId",IRQ,M,,,,1924,0,20,SEP25,1994,i
4811445,Hussein Mohsin Ghyadh,IRQ,M,,,,1782,0,20,SEP25,1979,i
4810414,Hussein Saeed Abbas,IRQ,M,,,,1763,0,20,SEP25,2005,i
4815971,"Hussein, Abd Alftah Y",IRQ,M,,,,1951,0,20,SEP25,2004,
4834097,"Hussein, Abd Ali Jasem",IRQ,M,,,,1745,0,40,SEP25,1971,i
4834100,"Hussein, Abdullah Hussein",IRQ,M,,,,1821,0,40,SEP25,1966,i
4834070,"Hussein, Abdullah Obaid",IRQ,M,,,,1774,0,40,SEP25,1971,i
4816056,"Hussein, Adnan Qadir",IRQ,M,,,,1627,0,40,SEP25,1998,i
4823974,"Hussein, Ahmed Nasser",IRQ,M,,,,1595,0,40,SEP25,2005,i
4801431,"Hussein, Ali Hadi",IRQ,M,,,,2104,0,40,SEP25,1948,i
4846613,"Hussein, Ali Khalid",IRQ,M,,,,1621,5,40,SEP25,2009,
4813456,"Hussein, Ali Mohsen",IRQ,M,,,,1520,0,40,SEP25,1953,i
4806565,"Hussein, Alwan",IRQ,M,,,,1862,0,40,SEP25,1959,i
4801741,"Hussein, Hantoosh",IRQ,M,,,,2123,0,20,SEP25,0,i
4808827,"Hussein, Jasim Mohammed",IRQ,M,,,,1654,0,40,SEP25,2003,i
4826329,"Hussein, Kamal Kadhim",IRQ,M,,,,1703,0,40,SEP25,2002,i
4818954,"Hussein, Maher Nadham",IRQ,M,,,,1428,0,40,SEP25,2008,i
4826620,"Hussein, Mohammed Edan",IRQ,M,,,,1519,0,40,SEP25,2001,i
4833813,"Hussein, Murtadha Shallal",IRQ,M,,,,1627,0,40,SEP25,2000,i
4840763,"Hussein, Nori Mohammed",IRQ,M,,,,1568,0,40,SEP25,2009,
4801253,"Hussein, Sabeh",IRQ,M,,,,2133,0,20,SEP25,0,
4818385,"Hussein, Shakr Muhammad",IRQ,M,,,,1714,0,40,SEP25,1970,i
4845307,"Hussien, Talib Habib",IRQ,M,,,,1668,6,40,SEP25,2004,
4815947,"Ibraheem, Abd Alftah Yonis",IRQ,M,,,,1767,0,20,SEP25,1999,i
4813073,"Ibrahim, Adnan Khalil",IRQ,M,,,,1608,0,20,SEP25,2002,i
4818490,"Ibrahim, Ali Hussein",IRQ,M,,,,1492,0,40,SEP25,1991,i
4803124,"Ibrahim, Ghilan A",IRQ,M,,,,2050,0,40,SEP25,0,i
4800460,"Ibrahim, Khalil Majeed",IRQ,M,,,,2047,0,20,SEP25,1952,i
4823540,"Ibrahim, Maad Ahmedsamim",IRQ,M,,,,1661,0,40,SEP25,1986,
4834283,"Ibrahim, Mohaimn Abdulrhman",IRQ,M,,,,1679,0,40,SEP25,2003,i
4827830,"Ibrahim, Mohammed Salim",IRQ,M,,,,1757,9,20,SEP25,2001,
4820614,"Ibrahim, Mohsen Mohammed",IRQ,M,,,,1767,0,20,SEP25,1977,i
4816870,"Ibrahim, Yaseen Ibrahim",IRQ,M,,,,1734,0,40,SEP25,1987,i
4800621,Ihsan Kadhim Mahmood Al-Tameei,IRQ,M,,,,2128,0,40,SEP25,1964,i
4800672,"Imad, Rasheed",IRQ,M,,,,2078,0,20,SEP25,1953,i
4834844,"Iman, Mahdi Ahmed",IRQ,M,,,,1513,0,40,SEP25,1967,i
4813650,"Ismael, Hussein Ali",IRQ,M,,,,1672,0,40,SEP25,1987,i
4800800,"Ismael, Namir Mohammed Ismael",IRQ,M,CM,,,1940,0,20,SEP25,1971,
4811755,"Ismail, Khalel Tariq",IRQ,M,,,,1774,0,20,SEP25,2006,
4800796,"Issa, Mohi Al-Dein",IRQ,M,,,,2043,0,20,SEP25,1962,i
4807871,"Jaafer, Hayder A. Jaafer",IRQ,M,,,,1890,0,20,SEP25,1996,i
4807154,"Jabar, Namiq Aziz",IRQ,M,,,,1767,0,40,SEP25,1979,i
4817508,"Jabbar, Naser Issa",IRQ,M,,,,AIM,1914,0,SEP25,1978,
4803256,"Jabbar, Raheem Balhawi",IRQ,M,,,,1827,0,20,SEP25,1949,i
4800990,"Jabbar, Ryidh",IRQ,M,CM,,,2255,0,40,SEP25,1962,i
4800338,"Jabbar, Toyfeeq",IRQ,M,,,,2153,0,20,SEP25,1959,i
4800265,"Jabir, S.",IRQ,M,,,,2180,0,20,SEP25,0,i
4800974,"Jabr, Jwad Majeed",IRQ,M,,FA,,1873,0,20,SEP25,1961,
4810724,Jafar hamad witwit,IRQ,M,,,,1881,0,40,SEP25,1944,i
4804007,"Jalal Al Deen, Dalin",IRQ,F,,,,1637,0,20,SEP25,1997,wi
4801148,"Jalal, Hazhar",IRQ,M,,,,AGM,2046,0,SEP25,1987,
4808290,Jamal Kadhum Khalaf,IRQ,M,,,,1802,0,20,SEP25,1961,i
4801024,"Jamal, Khreshi Obeid",IRQ,M,,,,2048,0,20,SEP25,1953,i
4825276,"Janaat Mohammed, Modhafer",IRQ,F,,,,1440,0,40,SEP25,2008,w
4800362,"Jarow, Ayad",IRQ,M,,,,2173,0,20,SEP25,0,i
4811062,Jasim Wisam Hashim,IRQ,M,,,,1748,0,40,SEP25,1982,i
4800281,"Jasim, Hussein Mayoof.",IRQ,M,CM,,,2109,0,20,SEP25,1967,
4821718,"Jasim, Mohammed Suhail",IRQ,M,,,,1775,0,20,SEP25,1967,i
4803370,"Jassim, Hussein saeed",IRQ,M,,,,1981,0,20,SEP25,1965,i
4811275,"Jawad Khadim, Motasher",IRQ,M,,,,1598,0,40,SEP25,1969,i
4829301,"Jawad, Kadhim Alamary",IRQ,M,,,,1592,0,40,SEP25,1966,i
4802284,"Jwad, Waleed Aziz",IRQ,M,FM,,,2114,0,20,SEP25,1991,i
369104991,"Kadhim Dhahir, Ali",IRQ,M,,,,AFM,1558,0,SEP25,1976,
4800419,"Kadhim Mahmood, Najeeb",IRQ,M,,,,1998,0,20,SEP25,1962,i
4803310,"Kaka Khan, Ismail Ibrahim",IRQ,M,,,,1914,0,20,SEP25,1960,
4801172,Kamal JalalAdin Mustafa,IRQ,M,,,,2082,0,40,SEP25,1965,i
4818393,"Kamaran, Wrya Qaneih",IRQ,M,,,,1837,0,40,SEP25,1970,
4802420,"Kameran, Aziz Meran",IRQ,M,,,,1885,0,20,SEP25,1970,
4844190,"Kani, Rawaz Tayed",IRQ,F,,,,1541,0,40,SEP25,2015,w
4825780,"Karar, Radhi Manshid",IRQ,M,,,,1611,0,40,SEP25,1992,i
12527513,"Kardo Ako, Mohammad",IRQ,M,,,,1957,0,20,SEP25,1980,
4811160,Kareem Mohesn Ali,IRQ,M,,,,1710,0,40,SEP25,1961,i
4839196,"Kareem, Hasan Hussein",IRQ,M,,,,1544,0,40,SEP25,1977,
4800346,"Karim, Raad",IRQ,M,,,,2173,0,20,SEP25,1961,i
4836782,"Karrar, Hayder Joodi",IRQ,M,,,,1456,0,40,SEP25,2008,
4838130,"Karzan, Ali Mohammed",IRQ,M,,,,1508,0,40,SEP25,2016,
4819560,"Karzan, Muhammed Sino",IRQ,M,,,,1579,0,40,SEP25,1979,i
4800311,"Kashush, H. Abdul Kareem",IRQ,M,CM,,,1826,0,20,SEP25,1959,
4803388,"Kasib, Abdul A.Humadi",IRQ,M,,,,1785,0,20,SEP25,1955,i
4806867,"Kawa, Ramadhan",IRQ,M,,,,1903,0,20,SEP25,1977,i
4814592,"Kawan, Sabir Saeed",IRQ,M,,,,1908,0,20,SEP25,1980,i
4813090,"Kaziwa, Salah Abdullah",IRQ,F,,,,1555,0,20,SEP25,2000,wi
4802101,"Keldun, Muslim",IRQ,M,,,,2039,0,40,SEP25,0,i
4814045,"Khabat, Laiaq Zorab",IRQ,M,,,,1840,0,40,SEP25,1978,i
4816692,"Khaled, Abd Alrzaq Hussein",IRQ,M,,,,1823,0,40,SEP25,1967,i
4821890,"Khaleel, Ibrahim Adnan",IRQ,M,,,,1548,0,40,SEP25,1995,i
4807073,"Khalel, Ali Abdulkarem",IRQ,M,,,,1777,0,20,SEP25,1969,i
4809734,Khalid Hassan Mustafa,IRQ,M,,,,1628,0,40,SEP25,1986,i
4828097,"Khalid, Baqi Sharif",IRQ,M,,,,1612,0,40,SEP25,1967,i
4815483,"Khalid, Munshid Naser",IRQ,M,,,,1710,0,40,SEP25,1962,i
4817273,"Khalid, Shamoon Polis",IRQ,M,,,,1740,0,40,SEP25,1978,i
4826710,"Khalid, Walid Khalid",IRQ,M,,,,1536,0,40,SEP25,2000,i
4801610,"Khalil, Kareem",IRQ,M,,,,2162,0,20,SEP25,0,i
4800486,"Khayri,Faisl Sahib",IRQ,M,,,,2183,0,20,SEP25,1965,i
4816919,"Khdir, Ahmed Hadi",IRQ,M,,,,1648,1,40,SEP25,1967,
4809807,Khedir Majed Khedhir,IRQ,M,,,,1744,0,20,SEP25,1998,i
4811453,Khilood Kh.M.Jassim,IRQ,F,,,,1422,0,40,SEP25,2002,wi
4805453,"Khlaif, J. Imad",IRQ,M,,,,1787,0,20,SEP25,1967,i
4806468,Khudhair Shuaib Adham,IRQ,M,,,,1876,0,40,SEP25,1950,i
4836790,"Khudhair, Abdulkarim Khudhair",IRQ,M,,,,1695,0,40,SEP25,2004,i
4818270,"Kifah, Saleem Ayoob",IRQ,M,,,,1664,0,40,SEP25,1968,
4820622,"Krekor, Yas Yosifa",IRQ,M,,,,1642,0,40,SEP25,1985,i
4801059,"Laith, Kasib",IRQ,M,FM,,,2069,0,20,SEP25,1986,
4814177,"Lana, Hawar Khaleel",IRQ,F,,,,1506,0,40,SEP25,2004,wi
4813103,"Lania, Salah Abdullah",IRQ,F,,,,1590,0,20,SEP25,1999,w
4810376,lara sattar naser,IRQ,F,,,,1460,0,40,SEP25,2004,wi
4816285,"Lara, Samir Anwar",IRQ,F,,,,1462,0,40,SEP25,2011,w
4838157,"Lare, Latif Amin",IRQ,M,,,,1599,0,40,SEP25,2010,
4804651,"Lawen, Mohammed",IRQ,F,,,,1700,0,40,SEP25,1994,wi
4818008,"Lawin, Mohammed Taher",IRQ,M,,,,1865,0,40,SEP25,2011,
4803353,Layth Yhyh Hafedh,IRQ,M,,,,1810,0,20,SEP25,1974,i
4837126,"Layth, Dheyaa Lazim",IRQ,M,,,,1633,0,40,SEP25,1982,i
4837134,"Layth, Hasanain Jasim",IRQ,M,,,,1520,0,40,SEP25,2009,i
4801598,"Lwai, K. Abdul",IRQ,M,,,,1860,0,40,SEP25,1987,i
4800095,"Madhi, S Abdulrazak",IRQ,M,IM,,,2192,0,20,SEP25,1949,i
4806425,"Mahamad, Nizar",IRQ,M,,,,1975,0,40,SEP25,1980,i
4802128,"Mahammed, Nawfal",IRQ,M,,,,2094,0,40,SEP25,0,i
4800435,Mahdi Attiyah Abdullah,IRQ,M,,,,2069,0,20,SEP25,1968,
4839030,"Mahdi, Abbas Mohamed",IRQ,M,,,,1571,0,40,SEP25,1973,i
4820886,"Mahdi, Abrahim Hassan",IRQ,M,,,,1806,0,40,SEP25,1997,i
4842570,"Mahdi, Ali Jassem",IRQ,M,,,,1712,0,40,SEP25,2003,
4802250,"Maher, Mahdi",IRQ,M,,,,1956,0,40,SEP25,1989,i
4808568,"Mahmood, Hussein Ali",IRQ,M,,,,1711,0,20,SEP25,2001,i
4831829,"Mahmood, Salar Akram",IRQ,M,,,,1498,0,40,SEP25,1996,i
4815734,"Mahmood, Shihab Salman",IRQ,M,,,,1476,0,40,SEP25,1982,i
4829573,"Maithem, Hasan Hamza",IRQ,M,,,,1746,0,40,SEP25,1995,i
4804660,"Majad, Hamid Mozan",IRQ,M,,,,1855,0,20,SEP25,1958,
4812549,"Majed, Ibrahim Abdala",IRQ,M,,,,1701,0,40,SEP25,1960,i
4825160,Majid Al-Saedi,IRQ,M,,,,1617,0,40,SEP25,2000,i
4807405,"Majid, Aziz Abd",IRQ,M,,,,2096,0,40,SEP25,1964,i
4829581,"Majid, Khaidher Abass",IRQ,M,,,,1867,0,40,SEP25,1952,i
4802578,"Majid, Khudhair Khalaf Albu-Salih",IRQ,M,,,,1835,0,20,SEP25,1967,
4821173,"Majid, Latif Thjil",IRQ,M,,,,1768,0,40,SEP25,1981,i
4806409,"Majid, Raheem",IRQ,M,,,,1680,0,20,SEP25,1965,i
4809343,"Malak, Mahdi Attiyah",IRQ,F,,,,1540,0,40,SEP25,2008,w
4809351,"Malak, Mazin Kareem",IRQ,M,,,,1499,0,40,SEP25,2002,i
4825438,"Malih Hussein, Majid",IRQ,M,,,,1450,0,40,SEP25,1976,i
4815890,"Mamdoh, Alaa Mamdoh",IRQ,M,,,,1549,0,40,SEP25,2008,i
4805852,Marwa Mohammed Khalaf,IRQ,F,,,,1558,0,20,SEP25,1985,wi
4812190,Marwan Issa Kardi,IRQ,M,,,,1822,0,20,SEP25,1993,i
4814053,"Marwan, Ali Rasheed",IRQ,M,,,,1909,0,40,SEP25,1992,i
4813596,"Marwan, Hama Xalb Ahmed",IRQ,M,,,,1668,0,40,SEP25,1989,i
4807413,Maryam Asif Abdullah,IRQ,F,,,,1662,0,20,SEP25,1995,wi
4820444,"Masood, Khalid Mohammed",IRQ,M,,,,1739,2,40,SEP25,1970,
4813278,"Masoud, Muhiadin Gaffar",IRQ,M,,,,1884,0,40,SEP25,1975,i
4810112,Maytham Mohammed Abdul Al Rahma,IRQ,M,,,,1859,0,40,SEP25,1972,i
4835174,Maytham Sadon Abdulsahib Al-Ruaiawi,IRQ,M,,,,1601,0,40,SEP25,1992,i
4802110,"Maythem, Naom Salih",IRQ,M,,NA,,1935,0,20,SEP25,1973,i
4814347,"Mazen, Zhear",IRQ,M,,,,1641,0,40,SEP25,1964,i
4801288,"Mazin, Adham Tawfeeq",IRQ,M,,,,1805,0,20,SEP25,1962,
4813790,"Mazin, Zuhair Noori",IRQ,M,,,,1501,0,40,SEP25,1964,i
4836197,"Maziyar, Marewan Hameed",IRQ,M,,,,1607,0,40,SEP25,2010,
4807316,"Mazn , Bayad Abdulqader",IRQ,M,,,,1902,0,20,SEP25,1998,i
4806417,"Medht , Dhari",IRQ,M,,,,1857,0,40,SEP25,0,i
4815254,"Meer, Kamal Hama",IRQ,M,,,,1741,0,40,SEP25,1999,i
4823575,"Meeran, Sabah Ali",IRQ,M,,,,1685,0,40,SEP25,1986,i
4814827,"Merdeen, Sami Hassan",IRQ,M,,,,1757,0,40,SEP25,1997,i
4811763,"Methaq, Ameer Burhan",IRQ,M,,,,1676,0,20,SEP25,2004,i
4845013,"Mhamad, Ayoob Mahmoud",IRQ,M,,,,1653,0,40,SEP25,2006,
4814134,"Mimoon, Ghazi Azeez",IRQ,M,,,,1738,0,40,SEP25,1968,i
4812670,"Mina, Haleem Hussein",IRQ,F,,,,1424,0,40,SEP25,2009,wi
4808835,"Mina, Wajdi Hussein",IRQ,F,,,,1531,0,20,SEP25,1996,wi
4813286,"Miran, Jalal Mohammed",IRQ,M,,,,1897,0,40,SEP25,1980,i
4807421,"Moazaz , Dhahir Habeeb",IRQ,M,FM,,,2171,9,20,SEP25,2003,
4819527,"Mobin, Baram Mohammad",IRQ,M,,,,1572,0,40,SEP25,1999,i
4834089,"Moemel, Haider Mohammed",IRQ,M,,,,1565,0,40,SEP25,2010,i
4806174,"Mofeed, Hameed",IRQ,M,,,,1977,0,40,SEP25,0,i
4800885,"Mohamad, Jabbar",IRQ,M,,,,2029,0,20,SEP25,1967,i
4816706,"Mohamed, Basim Ali",IRQ,M,,,,1582,0,40,SEP25,1997,i
4800044,Mohammad Ali Al-Khawaja,IRQ,M,FM,,,2226,0,20,SEP25,1957,i
4810732,Mohammad kariem dgaim,IRQ,M,,,,1896,0,40,SEP25,1992,i
4838432,"Mohammad, Mahmood Othman",IRQ,M,,,,1756,6,40,SEP25,1955,
4804694,"Mohammad, Rajab",IRQ,M,,,,1863,0,40,SEP25,1965,i
4811771,"Mohammad, Samir Salih",IRQ,M,,,,1501,0,40,SEP25,2005,i
4807430,"Mohammed , Hamzia Abbas",IRQ,M,,,,1866,0,20,SEP25,1990,
4801261,MOHAMMED ABDULLAH SALEH MERZA,IRQ,M,,,,1966,5,20,SEP25,1973,
4811518,Mohammed Abdulrahman,IRQ,M,,,,1766,0,40,SEP25,1967,i
4808843,"Mohammed Al-Sadik, Firas Qassim",IRQ,M,,,,1639,0,20,SEP25,1999,i
4811577,Mohammed Ali Adnan,IRQ,M,,,,1930,0,20,SEP25,1999,i
4801792,Mohammed Ali MahdiAl-Kinani,IRQ,M,CM,,,1981,0,20,SEP25,1965,
4811992,MOHAMMED ALI SHARHAN,IRQ,M,,,,1653,0,40,SEP25,1994,i
4803000,"Mohammed Ameen, Jwan Jamal M.A.",IRQ,F,WCM,WCM,,1885,0,20,SEP25,1972,wi
4811089,Mohammed Emad Nowaf,IRQ,M,,,,1444,0,40,SEP25,2004,i
4810481,Mohammed Ghlib Ali,IRQ,M,,,,1474,0,40,SEP25,2003,i
4833430,Mohammed Hussein Sabeeh Al-allaq,IRQ,M,,,,1402,0,40,SEP25,1967,i
4811585,Mohammed Jasim Abd Mohammed,IRQ,M,,,,1782,0,40,SEP25,1962,i
4808673,"Mohammed Khaleel, Majeed",IRQ,M,,,,AIM,1768,0,SEP25,1987,
4810783,Mohammed Moeaid Salah,IRQ,M,,,,1685,0,40,SEP25,1997,i
4802144,"Mohammed Qane,Jannar Worya",IRQ,F,WFM,WFM,,1939,0,20,SEP25,1977,wi
4803400,Mohammed Rashid Kaka Sur,IRQ,M,,,,1960,0,40,SEP25,1965,i
4810430,Mohammed Salih Oieiwi,IRQ,M,,,,1534,0,20,SEP25,2003,i
4805283,Mohammed Tareq Abbood Al-Latoof,IRQ,M,,,,1877,0,20,SEP25,1990,i
4808851,"Mohammed, Abbas Mohammed",IRQ,M,,,,1757,0,20,SEP25,1959,i
4814967,"Mohammed, Abdel-Elah Hadi",IRQ,M,,,,1503,0,40,SEP25,1987,i
4825624,"Mohammed, Adnan",IRQ,M,,,,1744,0,20,SEP25,2004,i
4814185,"Mohammed, Ako Mohammed",IRQ,M,,,,1617,0,40,SEP25,1991,i
4836464,"Mohammed, Ali Jawad Kadhim",IRQ,M,,,,1894,0,20,SEP25,2006,
4838190,"Mohammed, Ali Khdhir",IRQ,M,,,,1767,0,40,SEP25,1993,
4846648,"Mohammed, Bahaa Mohsin",IRQ,M,,,,1803,6,40,SEP25,2006,
4825136,"Mohammed, Bassam Faraj Allah",IRQ,M,,,,1814,0,20,SEP25,1981,i
4843126,"Mohammed, Bestun",IRQ,M,,,,1639,0,40,SEP25,2016,
4840208,"Mohammed, Diyar Dlshad",IRQ,M,,,,1615,0,40,SEP25,2010,
4842588,"Mohammed, Falah Hasan",IRQ,M,,,,1478,10,40,SEP25,2009,
4839358,"Mohammed, Hayder Hadi",IRQ,M,,,,1516,0,40,SEP25,2009,i
4814282,"Mohammed, Hemn Hasan",IRQ,M,,,,1674,0,40,SEP25,2007,i
4821238,"Mohammed, Hussein Kareem",IRQ,M,,,,1595,0,40,SEP25,1992,
4825489,"Mohammed, Ibrahim Saber",IRQ,M,,,,1744,0,40,SEP25,1990,i
4820657,"Mohammed, Ihsan Rashid",IRQ,M,,,,1748,0,40,SEP25,2008,i
4805208,"Mohammed, Ismael",IRQ,M,,,,1843,0,20,SEP25,1986,i
4822358,"Mohammed, Jasim Dhadan",IRQ,M,,,,1818,0,20,SEP25,1987,
4817656,"Mohammed, Jassem Abdul Jabbar",IRQ,M,,,,1650,0,40,SEP25,2000,i
4826426,"Mohammed, Kadhim Abid",IRQ,M,,,,1818,0,20,SEP25,1987,i
4812611,"Mohammed, Kareem Dgheem",IRQ,M,,,,1896,0,20,SEP25,1992,
4837207,"Mohammed, Karim Ahmed",IRQ,M,,,,1479,0,40,SEP25,1984,i
4823591,"Mohammed, Khalid Mohammed",IRQ,M,,,,1446,0,40,SEP25,1990,i
4802799,"Mohammed, Latif Hamid",IRQ,M,CM,,,2023,0,20,SEP25,1989,
4814525,"Mohammed, Majid Noori",IRQ,M,,,,1542,0,40,SEP25,2006,i
4836529,"Mohammed, Najmaldin Abdullah",IRQ,M,,,,1527,0,40,SEP25,1994,i
4836367,"Mohammed, Omar Ali",IRQ,M,,,,1658,0,40,SEP25,2006,
4821246,"Mohammed, Qasim Abdulsalam",IRQ,M,,,,1624,0,40,SEP25,1988,i
4813820,"Mohammed, Radhi Manshid",IRQ,M,,,,1527,0,40,SEP25,1994,i
4834321,"Mohammed, Rubad Naef",IRQ,M,,,,1482,0,40,SEP25,2008,i
4837150,"Mohammed, Saad Khazal",IRQ,M,,,,1662,0,40,SEP25,2003,i
4805216,"Mohammed, Sabri",IRQ,M,,,,1933,0,40,SEP25,1968,i
4832647,"Mohammed, Salh Mirxan",IRQ,M,,,,1735,0,40,SEP25,2002,
4812832,"Mohammed, Sameer Saleh Hasan",IRQ,M,,,,1561,0,40,SEP25,2005,i
4814878,"Mohammed, Sami Majeed",IRQ,M,,,,1587,0,40,SEP25,1992,i
4833970,"Mohammed, Sarmad Faris",IRQ,M,,,,1603,0,40,SEP25,2014,i
4826892,"Mohammed, Waleed Ali",IRQ,M,,,,AFM,1803,0,SEP25,1997,i
4817419,"Mohammed, Waleed Ghalib",IRQ,M,,,,1770,0,40,SEP25,2003,i
4814843,"Mohammed, Yakdahan Saleh",IRQ,M,,,,1840,0,40,SEP25,1989,i
4823605,"Mohammed, Zaghir Lieibi Yasin",IRQ,M,,,,1619,0,40,SEP25,1965,i
4808860,"Mohmmaed, Jasim Mohammed",IRQ,M,,,,1878,0,40,SEP25,2000,i
4838653,"Mohmmed, Hazim Suod",IRQ,M,,,,1655,0,40,SEP25,2001,i
4834330,"Mohmmed, Muqdad Abdulillah",IRQ,M,,,,1662,0,40,SEP25,2008,i
4814428,"Mohsin, Abdalrahman Ibrahim",IRQ,M,,,,1710,0,20,SEP25,2003,i
4820665,"Mokhles, Abdulmohsin Daraj",IRQ,M,,,,1846,0,40,SEP25,1983,i
4814355,MOMEN DHIA KHALIL,IRQ,M,,,,1924,0,20,SEP25,1998,
4828283,"Montadhir, Mohammed Yaas",IRQ,M,,,,1714,0,40,SEP25,2001,i
4806590,"Montdhar, Kreem",IRQ,F,,,,1532,0,40,SEP25,1995,wi
4800893,"Mortadha, Mohammad",IRQ,M,,,,2113,0,20,SEP25,1980,i
4810503,Mortdha Jawad Kadhim,IRQ,M,,,,1405,0,40,SEP25,2003,i
4807022,mosa omran,IRQ,M,,,,1799,0,40,SEP25,1955,i
4846664,"Mostafa, Faris Abdalghani",IRQ,M,,,,1858,5,40,SEP25,2003,
4838475,"Mostafa, Mohammed Hussiun",IRQ,M,,,,1605,2,40,SEP25,2005,
4816145,Mousa Mazin Adil,IRQ,M,,,,1678,0,40,SEP25,2008,
4834755,"Muayad Tahreer, Muayad",IRQ,M,,,,ACM,1570,0,SEP25,2004,i
4800273,"Muayad, S. Mahdi",IRQ,M,,,,2199,0,20,SEP25,1961,i
4826744,"Muayed, Jumah Lefta",IRQ,M,,,,1501,0,40,SEP25,1967,i
4817915,"Mudhee, Ahlyah Jasim",IRQ,M,,,,1570,0,40,SEP25,1962,i
4801660,"Muhammad Ali, A.",IRQ,M,CM,,,2227,0,40,SEP25,0,i
4817796,"Muhammad, Ayman Salih",IRQ,M,,,,1656,0,40,SEP25,2000,i
4830180,"Muhammad, Farouk Ayed Hamad",IRQ,M,,,,1750,0,40,SEP25,1974,i
4833597,"Muhammed Riyadh, Khalefah",IRQ,M,,,,1720,0,40,SEP25,1994,i
4802268,"Muhammed, Chalop",IRQ,M,,,,2055,0,40,SEP25,1986,i
4825314,"Muhanned Manhel, Zuhair",IRQ,M,,,,1818,3,40,SEP25,2011,
4800982,"Muhhsun, Yosif",IRQ,M,,,,2003,0,20,SEP25,0,i
4801539,"Muhmed, R.Jebara",IRQ,M,,,,1969,0,20,SEP25,0,i
4801695,Muhseen Abdullah Mohammed,IRQ,M,CM,NA,,2185,0,20,SEP25,1989,
4803159,"Muhsen, Dhuha M",IRQ,F,WFM,WFM,,1930,0,20,SEP25,1990,wi
4838904,"Muhsin, Ahmed Muhsin",IRQ,M,,,,1417,0,40,SEP25,2009,
4813677,"Muhsin, Sadiq Muhsin",IRQ,M,,,,1705,0,40,SEP25,1987,i
4805070,"Muhssen, Fared Saleh",IRQ,M,,,,1898,0,20,SEP25,1949,i
4834348,"Mujahid, Khaleel Mudhin",IRQ,M,,,,1663,0,40,SEP25,2003,i
4837177,"Mujtaba, Athir Jabbar",IRQ,M,,,,1533,0,40,SEP25,2008,i
4815050,"Mujtaba, Mazin Adel",IRQ,M,,,,1666,0,40,SEP25,2010,i
4801199,"Munder, Neama",IRQ,M,,,,2185,0,40,SEP25,0,i
4839110,"Muntadher, , Mohammed Kadhim",IRQ,M,,,,1715,0,40,SEP25,2001,i
4807456,"Muntaha , Hussein Ali",IRQ,M,,,,1626,0,20,SEP25,1997,i
4800729,"Muntasir, Abdul Baqy",IRQ,M,,,,2074,0,40,SEP25,1970,i
4815998,"Muntedher, Zyad Naeem",IRQ,M,,,,1494,0,40,SEP25,2002,i
4842600,"Muqtada, Nije Jassm",IRQ,M,,,,1647,0,40,SEP25,2004,
4845404,"Murtadha, Hasan Dawood",IRQ,M,,,,1541,5,40,SEP25,2005,
4839064,"Murtadha, Hassan Abdulameer",IRQ,M,,,,1697,0,40,SEP25,2009,i
4827368,"Murtadha, Kadhim Tahir",IRQ,M,,,,1886,0,20,SEP25,2002,
4802829,"Murtadha, Mhammad Hamadi",IRQ,M,,,,1860,0,40,SEP25,1983,i
4821777,"Musab, Shakir Mahmood",IRQ,M,,,,1580,0,40,SEP25,1990,i
4810775,Muslim Kareem Abbas,IRQ,M,,,,1584,0,40,SEP25,1999,i
4839382,"Mustaf, Khaled Talal",IRQ,M,,,,1574,0,40,SEP25,2009,i
4809173,Mustafa Abdul Razaq Razzaq,IRQ,M,,,,1656,0,40,SEP25,1990,i
4819250,Mustafa Adnan Mustafa Abdulaali,IRQ,M,,,,1698,0,20,SEP25,1991,
4809874,Mustafa Basim Abod,IRQ,M,,,,1832,0,20,SEP25,1999,i
4811615,Mustafa Falah Abd Alhamid,IRQ,M,,,,1532,0,40,SEP25,2003,i
4812247,Mustafa Hamid Jaafar Mafrachi,IRQ,M,,,,1594,0,40,SEP25,1975,i
4810406,Mustafa Jabar Nasir,IRQ,M,,,,1516,0,40,SEP25,2001,i
4807928,MUSTAFA KAMAL JALALDEEN AL-BARBA,IRQ,M,,,,1848,0,20,SEP25,2003,i
4809815,Mustafa Naji Kareem,IRQ,M,,,,1949,0,20,SEP25,1993,i
4813502,"Mustafa, Essa Omer",IRQ,M,,,,1761,0,40,SEP25,1998,i
4831942,"Mustafa, Firas Fathi",IRQ,M,,,,ACM,1656,0,SEP25,2010,i
4814584,"Mustafa, Gawad Kadhum",IRQ,M,,,,1784,0,40,SEP25,1969,i
4829379,"Mustafa, Hassan Hamed",IRQ,M,,,,1519,0,20,SEP25,1991,
4812425,"Mustafa, Hussein Zgha",IRQ,M,,,,1888,0,40,SEP25,1990,i
4830776,"Mustafa, Jamal Mohammed Ali",IRQ,M,,,,1668,0,40,SEP25,1984,i
4812387,"Mustafa, Jasim Hadi",IRQ,M,,,,1532,0,40,SEP25,1992,i
4827384,"Mustafa, Jumaah Sharhan",IRQ,M,,,,1750,0,40,SEP25,1988,i
4845439,"Mustafa, Khalid Suhail",IRQ,M,,,,1543,5,40,SEP25,2003,
4834372,"Mustafa, Mazen Atallah",IRQ,M,,,,1453,0,40,SEP25,2008,i
4814436,"Mustafa, Mohammed Dahham",IRQ,M,,,,1416,0,40,SEP25,1997,i
4827597,"Mustafa, Nabil Ibrahim",IRQ,M,,,,1697,0,40,SEP25,2005,i
4819357,"Mustafa, Qais Jalal",IRQ,M,,,,1853,0,40,SEP25,1991,i
4845455,"Mustafa, Salam Ridha",IRQ,M,,,,1682,7,40,SEP25,2003,
4812689,"Mustafa, Sarmad Abd Alhamid",IRQ,M,,,,1436,0,40,SEP25,2007,i
4816293,"Mustafa, Taha Abdullah",IRQ,M,,,,1663,0,40,SEP25,1976,i
4838742,"Mustafa, Thear Muslim",IRQ,M,,,,1661,0,40,SEP25,2008,
4814673,"Muwafaq, Yaseen Abdulateef",IRQ,M,,,,1712,0,40,SEP25,1968,i
4813146,"Mwafiq, Hassan Mohammed",IRQ,M,,,,1714,0,40,SEP25,1954,i
4831950,"Mylad, Riadh Falah",IRQ,M,,,,1759,0,40,SEP25,2002,i
4806255,"Nabaa, Sami Abbas Al-Attraqchi",IRQ,F,WCM,WCM,,1891,0,20,SEP25,2003,wi
4806980,"Nabeel, Aziz youkhana",IRQ,M,,,,1968,2,20,SEP25,1976,
4801466,"Naeem, Amar",IRQ,M,,,,2078,0,40,SEP25,0,i
4800702,"Naeim, Sh. Toama",IRQ,M,,,,2087,0,20,SEP25,1969,i
4801415,"Nafia, Saddam Kadhim",IRQ,M,,,,1856,0,20,SEP25,1969,
4811356,"Nagah, Hassan Abbas",IRQ,M,,,,1899,0,40,SEP25,1971,i
4800320,"Nagem,Abd M.Issa,",IRQ,M,CM,,,2134,0,20,SEP25,1954,i
4812298,Najdat Farouq Abdullkarim,IRQ,M,,,,1674,0,20,SEP25,1969,i
4811593,Najim karim Saleam,IRQ,M,,,,1835,0,20,SEP25,1949,i
4834380,"Nali, Mohammed Ali",IRQ,M,,,,1939,0,40,SEP25,2007,
4801890,"Nameer, Noor. Al-Deen",IRQ,M,CM,,,2109,0,20,SEP25,1972,i
4819888,"Naramseen, Francis Gollo",IRQ,M,,,,1591,0,40,SEP25,1971,i
4816943,"Nareeman, Qahhar Othman",IRQ,M,,,,1668,0,40,SEP25,1983,i
4800222,"Naseer,Flaiih Hassan",IRQ,M,,,,2164,0,20,SEP25,1962,i
4805976,Nashoan Mohammed,IRQ,M,,,,1991,0,20,SEP25,1970,
4831721,"Nashwan, Saleh Ali",IRQ,M,,,,1627,0,40,SEP25,1986,i
4800907,"Nasir, G. Algum",IRQ,M,,,,1969,0,40,SEP25,1969,i
4812336,Nasraw Mustafa Mohammed,IRQ,M,,,,1702,0,40,SEP25,1975,
4812948,"Nasser, Hussein Alwan",IRQ,M,,,,1839,0,40,SEP25,1973,i
4814363,"Nawar, Ahmed Mahmood",IRQ,M,,,,1717,0,20,SEP25,1978,
4829549,"Nawar, Nabeel Abdulla",IRQ,M,,,,1601,0,40,SEP25,1986,
4800753,"Nazar, Husson",IRQ,M,,,,2123,0,20,SEP25,1959,i
4806883,"Nazar, Jamil Khalid",IRQ,M,,,,AFM,1843,16,SEP25,1978,
4817192,"Nhen, Zana Ismail",IRQ,M,,,,AFM,1556,0,SEP25,2004,i
4800770,"Nidal, Mustafa",IRQ,M,,,,1944,0,20,SEP25,1958,
4815904,"Nihad, Ramadhan Ibrahim",IRQ,M,,,,1513,0,40,SEP25,1997,i
4809394,"Nihad, Sabah Noori",IRQ,F,,,,1742,0,20,SEP25,2005,w
4813510,"Nma, Qasim Osman",IRQ,F,,,,1443,0,40,SEP25,2003,wi
4800249,"Noah, A .H. Al-Ali",IRQ,M,IM,,,2190,0,10,SEP25,1970,i
1504690,"Nomat, Emil-Lion",IRQ,M,,,,1860,0,20,SEP25,1973,
4808967,"Nooralhuda, Hussein Ali",IRQ,F,,,,1588,0,20,SEP25,2004,wi
4806620,"Noori, Sabah Nori",IRQ,M,IM,,,1908,0,20,SEP25,2000,i
4812239,Noorulzahra Dhafer Abdulameer,IRQ,F,,,,1474,0,40,SEP25,2009,w
4813529,"Nozhanad, Essa Ali",IRQ,M,,,,1747,0,40,SEP25,1987,i
4816951,"Nvar, Sardar Othman",IRQ,F,,,,1585,0,40,SEP25,2007,wi
4800680,"Obada, Ahmad AzeezJawad",IRQ,M,IM,,,2255,0,10,SEP25,1981,
4830059,"Ola, Safir Khudhair",IRQ,M,,,,1509,0,40,SEP25,1987,i
4802276,"Omar, Abdul Razak",IRQ,M,,,,1991,0,20,SEP25,1970,i
4829042,"Omar, Ahmed Hassooni",IRQ,M,,,,1696,0,40,SEP25,1991,i
4807677,"Omar, Haitham Mohammed",IRQ,M,,,,1821,0,20,SEP25,1983,i
4801644,"Omar, Ibrahim Hussain Al-anssary",IRQ,M,,,,2144,0,20,SEP25,1975,i
4831730,"Omar, Ismat Shukur",IRQ,M,,,,1542,0,40,SEP25,2010,
4840224,"Omar, Mohammed Farooq",IRQ,M,,,,1662,0,40,SEP25,2004,
4825640,"Omar, Mustafa Jamal",IRQ,M,,,,1797,0,40,SEP25,2002,i
4806638,"Omar, Noori Nagim",IRQ,M,,,,1610,0,20,SEP25,2000,i
4820258,"Omed, Abbas Mohammed",IRQ,M,,,,1656,0,40,SEP25,1995,i
4821912,"Omer , Nayef Rashid",IRQ,M,,,,1713,0,20,SEP25,1994,
4815912,"Omer, Abduisalam Jalalaldeen",IRQ,M,,,,1522,0,40,SEP25,2005,i
4813154,"Omiad, Saber Abdullah",IRQ,M,,,,1790,0,20,SEP25,1973,i
4826752,"Osama, Fathi Ali",IRQ,M,,,,ACM,1476,0,SEP25,1974,i
4833791,"Ozbk, Yldrem Abbas",IRQ,M,,,,1671,0,40,SEP25,2009,i
4800141,"Paiman, Jamal Mohamed Amin  PAIMAN",IRQ,F,WCM,WCM,,2005,0,20,SEP25,1962,wi
4814533,"Pari, Pishtiwan Ahmed",IRQ,F,,,,1479,0,40,SEP25,2009,w
4838211,"Parsa, Hemin Hussein",IRQ,M,,,,1481,0,40,SEP25,2012,
4814193,"Parwa, Pshtiwan Ahmed",IRQ,F,,,,1762,0,40,SEP25,2007,w
4838220,"Pasha, Hemin Hussein",IRQ,M,,,,1554,0,40,SEP25,2013,
4809777,Pashing Taha Abdullah,IRQ,M,,,,1671,0,40,SEP25,2000,i
4813308,"Pavel, Aras Hama Law",IRQ,M,,,,1603,0,40,SEP25,1995,
4832663,"Pavel, Bootan Sherzad",IRQ,M,,,,1496,0,40,SEP25,2011,
4840666,"Pavlin, Kaywan Salm",IRQ,M,,,,1527,0,40,SEP25,2011,
4820371,"Paywand, Mahmood Mohammed",IRQ,M,,,,1972,0,40,SEP25,2010,
4812441,"Paywand, Shakir Sherko",IRQ,M,,,,1684,0,40,SEP25,1980,i
4811534,Peshang pshtiwan Ahmed,IRQ,M,,,,1558,0,20,SEP25,2003,i
4816960,"Peshawa, Pshtiwan Ahmed",IRQ,M,,,,1473,0,40,SEP25,2012,
4809653,Pola Azad Saber,IRQ,M,,,,1875,0,20,SEP25,2005,
4802012,Qadiri,IRQ,M,,,,2163,0,40,SEP25,0,i
4808681,"Qahhar Mohammed, Ismael",IRQ,M,,,,1697,0,20,SEP25,1964,i
4802888,"Qambar, Salah Noori Qambar",IRQ,M,,,,1978,0,20,SEP25,1977,
4802152,"Qanee, Khatozen Werya",IRQ,F,WCM,WCM,,1992,0,40,SEP25,1973,wi
4811097,Qasim Jabir Burhan,IRQ,M,,,,1729,0,40,SEP25,1940,i
4811020,Qutaiba Sadeq Yair Almajbool,IRQ,M,,,,AFM,1666,0,SEP25,1989,
4823621,"Raad, Muttair Faraj",IRQ,M,,,,1642,0,40,SEP25,1971,i
4809645,Rabar Bakhtyar Hama Saleh,IRQ,M,,,,1695,0,20,SEP25,2000,
4809696,Rabeea Al-Shahwani,IRQ,M,,,,1695,0,40,SEP25,2002,i
4806212,"Rabeea, Sabah Nori",IRQ,M,FM,,,2112,0,20,SEP25,2002,
4801857,"Raed, H. Hammed",IRQ,M,,,,2017,0,20,SEP25,1982,i
4820690,"Raed, Khalel Khamas",IRQ,M,,,,1802,0,40,SEP25,1992,i
4807685,"Rafea, Sabri Fayyadh",IRQ,M,,,,1870,0,20,SEP25,1964,i
4807987,"Rafi, Salim",IRQ,M,,,,1566,0,40,SEP25,1998,i
4831403,"Rahand, Awder Abdullh",IRQ,M,,,,1758,0,40,SEP25,2016,
4817249,"Rahand, Hawraman Werya",IRQ,M,,,,1682,0,40,SEP25,2001,i
4835050,"Rameen, Nareeman Noori",IRQ,M,,,,1467,0,40,SEP25,2013,
4800966,RAMZI KHAZAAL AHMED AL - DAHWI,IRQ,M,,,,1933,0,20,SEP25,1962,i
4806646,"Rasan, Khabat . Sherko",IRQ,M,,,,1648,0,40,SEP25,2001,i
4838661,"Rashid, Karim Mirza",IRQ,M,,,,1607,0,40,SEP25,1958,i
4815769,"Rasol, Adnan Mohsen",IRQ,M,,,,1427,0,40,SEP25,1994,i
4824717,"Rasoul, Salman Jmoah",IRQ,M,,,,1836,0,20,SEP25,1997,i
4820703,"Rasul, Salman Juma",IRQ,M,,,,1648,0,40,SEP25,1995,i
4809432,"Rataj , Saad Mohsin",IRQ,F,,,,1579,0,40,SEP25,2009,wi
4843185,"Ravin, Abdalkaliq Hassan",IRQ,M,,,,1605,0,40,SEP25,2014,
4814711,"Rawa, Fakhraddin Awdl",IRQ,M,,,,1513,0,40,SEP25,2006,i
4807200,"Rawa, Mahmood Ahmed",IRQ,M,,,,1726,0,40,SEP25,1995,i
4817923,"Rawa, Marewan Jalal",IRQ,M,,,,1453,0,40,SEP25,1996,i
4808002,"Rawa, Riyad Gorg",IRQ,M,,,,1854,0,40,SEP25,1985,i
4825837,"Rawan, Hussein Kadhim",IRQ,M,,,,1540,0,40,SEP25,2016,
4820282,"Rawand, Ahmad Rasul",IRQ,M,,,,1830,0,40,SEP25,1995,i
4803442,"Rawand,Hamid Abdullah",IRQ,M,,,,1978,0,20,SEP25,1990,
4806654,"Rawaz, Omar Hama",IRQ,M,,,,1941,0,20,SEP25,1991,
4819535,"Raz, Rawaz Tayeb",IRQ,F,,,,1562,0,40,SEP25,2012,w
4811135,Razag Mousa Amer,IRQ,M,,,,1753,0,40,SEP25,1953,i
4808649,"Rebaz, Nasir Jamal",IRQ,M,,,,2067,0,20,SEP25,2001,
4817281,"Reber , M Salih Abdulrahman",IRQ,M,,,,1572,0,40,SEP25,1983,i
4821432,"Rebin, Khalid Ahmed",IRQ,M,,,,1842,0,40,SEP25,1993,i
4820290,"Rebin, Nabaz Hamed",IRQ,M,,,,1848,0,20,SEP25,2005,
4833902,"Redyar, Mahmood Abdullah",IRQ,M,,,,1605,0,40,SEP25,2008,i
4825497,"Rezdar, Farman Khalil",IRQ,M,,,,1551,0,40,SEP25,2007,i
4802187,Ridha Abdul Sada Khudhair Al-juhaishi,IRQ,M,,FA,,1880,0,20,SEP25,1969,
4808908,"Riham, Saad Mohsin",IRQ,F,,,,1582,0,20,SEP25,1998,wi
4810147,Roqaa Jawad Khadhim,IRQ,M,,,,1431,0,40,SEP25,2004,i
4816323,"Roz, Samir Anwar",IRQ,F,,,,1578,0,40,SEP25,2007,wi
4814720,"Roziya, Fakhraddin Awdl",IRQ,F,,,,1542,0,40,SEP25,2007,wi
4808916,"Ruaa , Saeed Hashosh",IRQ,F,,,,1630,0,40,SEP25,1997,wi
4810589,Ruaa Osam Nasir,IRQ,F,,,,1426,0,40,SEP25,2004,wi
4811291,"Rudha Ouda, Mohoes",IRQ,M,,,,1401,0,40,SEP25,2004,i
4815068,"Rukaya, Omar Ibrahim",IRQ,F,,,,1452,0,40,SEP25,2008,wi
4834852,"Ruqayah, Muhammad Jwad",IRQ,M,,,,1460,0,40,SEP25,2006,i
4807529,Ruwaida Saad Mohsin Al Naseri,IRQ,F,,,,1723,0,20,SEP25,2001,wi
4813537,"Rzgar, Sherko Shaker",IRQ,M,,,,1641,0,40,SEP25,1968,i
4800036,Saad A.I.Sarsam,IRQ,M,IM,,,2336,0,10,SEP25,1966,
4805950,Saad Slman Matrood,IRQ,M,,,,1888,0,20,SEP25,1991,i
4816994,"Saadullah, Ali Salih",IRQ,M,,,,1584,0,40,SEP25,1978,i
4812964,"Saba, Jamal Mohammed Abo ALQamachi",IRQ,F,,,,1734,0,20,SEP25,1992,w
4806280,"Sabah, Hadi",IRQ,M,,,,1586,0,20,SEP25,1958,i
4802160,"Sabah, Moslem Raneen",IRQ,F,,,,1934,0,40,SEP25,0,wi
4830415,"Sabah, Noori Qambir",IRQ,M,,,,1566,0,20,SEP25,1966,
4805445,"Sabah, Saad",IRQ,M,,,,1893,0,40,SEP25,0,i
4804341,"Sabbag, Ghadeer Muneer Toma",IRQ,M,,,,1925,0,20,SEP25,1970,i
4807057,"Saber, Abdullaziz",IRQ,M,,,,1770,0,40,SEP25,1993,i
4802918,"Sabry Abd , Mohammed",IRQ,M,,,,1942,0,20,SEP25,1968,
4827139,"Sadeq, Ali Mohammed",IRQ,M,,,,1430,0,40,SEP25,1974,
4801423,"Sadiq, Ali",IRQ,M,,,,2023,0,20,SEP25,1983,i
4806999,"Sadiq, Mohsen Hamid",IRQ,M,,,,1780,0,20,SEP25,1951,i
4824725,"Sadiq, Saadi Hassan",IRQ,M,,,,1514,0,40,SEP25,2002,i
4803272,Saeed  Abbas Kadhim,IRQ,M,,,,1966,0,20,SEP25,1973,
4802942,"Saeed, Jaafar Shlaka",IRQ,M,,,,1886,0,20,SEP25,1958,
4816730,"Saeed, Salim Mohamed",IRQ,M,,,,1679,0,40,SEP25,1965,i
4840810,"Safaa, Abbass Jasim",IRQ,M,,,,1713,0,40,SEP25,1964,
4814851,"Safad, Mudhafar Mohammed",IRQ,M,,,,1605,0,40,SEP25,1987,i
4809866,Safi Ramzi Safi,IRQ,M,,,,1684,0,20,SEP25,1997,i
4838513,"Safwa, Ali Layth",IRQ,M,,,,1484,0,40,SEP25,2013,
4817290,"Sagvan, Kareem Taha",IRQ,M,,,,1723,0,40,SEP25,1987,i
4815513,"Said, Salim Mohammed",IRQ,M,,,,1635,0,40,SEP25,1965,i
4815106,Saieb-Khalil Khalil,IRQ,M,,,,1869,0,40,SEP25,1955,i
4831462,Saif Aldeen Ahmed Mahgoob AL-Gburi,IRQ,M,,,,1409,0,40,SEP25,2000,i
4815777,"Saif, Ahmed Khalaf",IRQ,M,,,,1592,0,40,SEP25,1984,i
4830016,"Saif, Ali Yasir",IRQ,M,,,,1684,0,40,SEP25,1994,i
4818784,"Saif, Atheer Saeed",IRQ,M,,,,1567,0,40,SEP25,1977,i
4815785,"Saif, Munther Sami",IRQ,M,,,,1637,0,40,SEP25,1992,i
4826655,"Saif, Muslm Chef",IRQ,M,,,,1668,0,40,SEP25,2001,
4819470,"Saif, Salman Al Tememy",IRQ,M,,,,1778,0,20,SEP25,1995,i
4839404,"Saif, Sudain Alaa",IRQ,M,,,,1582,0,40,SEP25,2010,
4810740,Sajad Alla Abass,IRQ,M,,,,1665,0,40,SEP25,1999,i
4831187,"Sajad, Ahmed Kadem",IRQ,M,,,,1686,0,40,SEP25,1999,i
4829611,"Sajad, Omar Shouker",IRQ,M,,,,1627,0,40,SEP25,2002,i
4808657,"Sajael, Hakim Jaweed",IRQ,M,,,,1522,0,40,SEP25,1998,i
4814371,"Sajjad, Salah Hasan",IRQ,M,,,,1742,0,40,SEP25,1996,i
4805259,"Salah, Abed",IRQ,M,,,,1898,0,40,SEP25,1975,i
4800915,"Salah, Jadaan",IRQ,M,,,,2019,0,40,SEP25,1963,i
4834003,"Salah, Mohammed Bassam",IRQ,M,,,,1541,0,40,SEP25,2013,i
4825896,"Salam, Mahmood",IRQ,M,,,,1770,0,40,SEP25,1963,i
4818202,"Salam, Naser Bejung",IRQ,M,,,,1572,0,40,SEP25,1967,i
4813600,"Salar, Mohammed Rasheed",IRQ,M,,,,1769,0,20,SEP25,1985,i
4819985,"Salar, Samir Anwar",IRQ,F,,,,1553,0,40,SEP25,2013,w
4832965,"Salh, Shamal Muhammad",IRQ,M,,,,1559,0,40,SEP25,2004,i
4800575,"Salih, Akar Ali Salih",IRQ,M,FM,,,2212,0,20,SEP25,1990,
4809955,"Salih, Hussein Salama Salih",IRQ,M,,FA,,1779,0,40,SEP25,1967,i
4801555,"Salim, A.",IRQ,M,,,,2172,0,40,SEP25,1969,i
4801520,"Salim, Ghaidan Saya Khan",IRQ,M,,,,2011,0,40,SEP25,1967,i
4814002,"Salim, Mohammed Jasim",IRQ,M,,,,1741,0,40,SEP25,1972,i
4813715,"Salim, Oudha Erayer",IRQ,M,,,,1653,0,40,SEP25,1967,i
4806905,"Salman Mohamad, Qaseem Sulaiman",IRQ,M,,,,1943,0,40,SEP25,1984,i
4815076,"Salwan, Hussein Ali Itaimah",IRQ,M,,,,1711,0,40,SEP25,1994,i
4844750,"Sama, Shirzad Saber",IRQ,F,,,,1473,0,40,SEP25,2011,w
4818156,"Saman, Alias Barakat",IRQ,M,,,,1609,0,40,SEP25,1985,i
4813464,"Sameer, Abdullah Khudadad",IRQ,M,,,,1712,0,20,SEP25,1967,i
4840828,"Samer, Barakat Salim",IRQ,M,,,,1670,2,40,SEP25,2006,
4800010,"Samer, M. Ibrahim",IRQ,M,FM,,,2354,0,20,SEP25,0,i
4819489,"Samer, Mohammed Hasan",IRQ,M,,,,1760,0,40,SEP25,1988,i
4821920,"Sami , Saher Saleem Al-Chalabi",IRQ,M,,,,1603,0,40,SEP25,1954,i
4801326,"Sami, Abbas Mohammed AL-Attraqchi",IRQ,M,,,,1840,0,40,SEP25,1966,i
4820304,"Sami, Jalal Mohammed",IRQ,M,,,,1890,0,40,SEP25,1989,i
4802926,"Sami, Sama",IRQ,F,,,,1613,0,20,SEP25,1996,wi
4826523,Samir Salim Mohammed Raouf Attar,IRQ,M,,,,AFM,1828,0,SEP25,1955,
4814738,"Samir, Anwar Mohammed",IRQ,M,,,,1612,0,20,SEP25,1982,i
4803876,"Samir, Ibrahim",IRQ,M,,,,1929,0,20,SEP25,1971,i
4820720,"Samr, Mohammed",IRQ,M,,,,1776,0,40,SEP25,2000,i
4843215,"San, Hawzhin Fazil",IRQ,M,,,,1568,0,40,SEP25,2013,
4804961,"San,Taha Ali",IRQ,M,,,,1960,0,20,SEP25,1999,i
4831420,"Sano, Soran Mohammed",IRQ,M,,,,1513,0,40,SEP25,2012,
4809610,Sara Masood Abdullah,IRQ,F,WCM,WCM,,1860,0,20,SEP25,2002,w
4840534,"Sarbarz, Sherko Dilshad",IRQ,M,,,,1773,0,40,SEP25,2009,
4818792,"Sarezh, Dlshad Hasan",IRQ,F,,,,1545,0,40,SEP25,2005,wi
4820312,"Sarkan, Tofik Hama Karim",IRQ,M,,,,1614,0,40,SEP25,1972,
4813383,"Sarkar, Omar Ali",IRQ,M,,,,1561,0,20,SEP25,1988,i
4807219,"Sarkawat, Hamad Mohammed",IRQ,M,,,,1920,0,20,SEP25,1982,
4812956,SARKUOT MOHAMMED QASIM,IRQ,M,,,,1811,0,20,SEP25,1988,
4802357,Sarmad L Ismael,IRQ,M,,,,AFM,1841,0,SEP25,1967,i
4801814,"Sarmad, Akram Rauof",IRQ,M,,,,2175,0,40,SEP25,1960,i
4808037,"Sarmad, Mohammed Qaseem Sulaiman",IRQ,M,,,,1951,0,40,SEP25,1972,i
4832116,"Sarwar, Omar Hama Ameen",IRQ,M,,,,1559,0,40,SEP25,1993,
4831438,"Saryan, Soran Mohammed",IRQ,M,,,,1717,0,40,SEP25,2009,
4831446,"Sasan, Noori Hakim",IRQ,M,,,,1606,0,40,SEP25,1984,
4809033,"Sattar J Al-isawi, Abdullah",IRQ,M,,,,2017,0,20,SEP25,1994,i
4801121,"Sattar, Jaber Al-Isawi",IRQ,M,,,,2060,0,20,SEP25,1964,i
4804813,"Sawsan, Mohesn",IRQ,F,,,,1660,0,20,SEP25,1970,wi
4801474,"Sa`ad, Maha",IRQ,M,,,,1612,0,40,SEP25,1987,i
4819578,"Sezar , Safar Mosa",IRQ,M,,,,1431,0,40,SEP25,2005,i
4844467,"Shad, Najaat Abdullah",IRQ,M,,,,1640,0,40,SEP25,2011,
4814541,"Shadi, Fouad Mohammed",IRQ,M,,,,1512,0,40,SEP25,2010,
4818210,"Shaho, Qader Mahammed",IRQ,M,,,,1542,0,40,SEP25,1994,i
4812310,Shahram Hayder Faiaq,IRQ,M,,,,1514,3,20,SEP25,1977,
4800630,shakir hammood zghayer,IRQ,M,,,,2021,0,20,SEP25,1960,i
4800877,"Shakir, Rezyag",IRQ,M,,,,2153,0,20,SEP25,1942,i
4816579,"Shalyar, Kamal Jalaladeen",IRQ,M,,,,1419,0,40,SEP25,2008,i
4810368,"Shang, Masood Abdullah Jabari",IRQ,F,,,,1544,0,20,SEP25,1999,wi
4819993,"Shara, Azad Ibrahim",IRQ,F,,,,1588,0,40,SEP25,2000,wi
4836243,"Sharo, Samir Asaad",IRQ,M,,,,1923,0,20,SEP25,2006,
4802438,"Shayan, Sabri.Mohmood",IRQ,M,,,,2099,0,20,SEP25,1975,
4844629,"Shayar, Danar Mostafa",IRQ,M,,,,1416,0,40,SEP25,2013,
4803949,"Sherawan, Mohammed",IRQ,M,,,,1924,0,20,SEP25,1933,i
4801202,Shihab Ahmad Jasim Alhasan,IRQ,M,,,,1937,0,20,SEP25,1969,i
4800532,"Shiltagh, Hussein",IRQ,M,,,,2102,0,20,SEP25,0,i
4805828,Shkar Hamid Abdullah,IRQ,M,,,,1831,0,20,SEP25,2000,i
4832132,"Shko, Taha Taib",IRQ,M,,,,1675,0,40,SEP25,1998,
4812069,Shvan Ameen Ali,IRQ,M,,,,1740,0,40,SEP25,1978,i
4823737,"Shvan, Abdullah Hama Said",IRQ,M,,,,1755,0,40,SEP25,1991,i
4825144,Sinan Hassan Ali Al-Naqshbandi,IRQ,M,,,,1531,0,40,SEP25,1968,i
4831764,"Siraj, Firas Sabah Nor",IRQ,M,,,,1454,0,40,SEP25,2010,i
4828143,"Sivan, Sarkan Tofiq",IRQ,M,,,,AIM,1773,0,SEP25,2010,
4844475,"Siver, Salar Hamza",IRQ,M,,,,1714,0,40,SEP25,2009,
4804821,"Sonia, Taha Ali",IRQ,F,,,,1773,0,20,SEP25,1991,wi
4800656,SORAN AZAD SAMAD,IRQ,M,,,,1993,0,40,SEP25,1985,
4805267,"Subhi, Sabre",IRQ,M,,,,1884,0,40,SEP25,1972,i
4815939,"Subhy, Sabry Mohammed",IRQ,M,,,,1806,0,40,SEP25,1972,i
4806301,Sufian Younus Abdulrazzaq,IRQ,M,,,,1975,0,20,SEP25,1988,i
4818326,Suhad Sabah Noori Shahwani,IRQ,F,,,,1436,0,40,SEP25,2012,wi
4804015,"Suhaila, M. Mohsin,",IRQ,F,WCM,WCM,,1795,0,40,SEP25,1998,wi
4815602,Suheeb Mohammed Mohsen,IRQ,M,,,,1894,0,40,SEP25,1985,i
4834860,"Sumaya, Jasim Mohsin",IRQ,M,,,,1515,0,40,SEP25,1998,i
4803825,"Surood, Taha",IRQ,M,,,,2021,0,20,SEP25,1985,i
4830369,"Svin, Sarkan Tofiq",IRQ,M,,,,1507,0,40,SEP25,2007,
4828011,"Taba, Pishtiwan Abdulwahid",IRQ,F,,,,1503,0,40,SEP25,2001,wi
4808355,Taha Ali Saeed,IRQ,M,,,,1645,0,40,SEP25,1954,i
4812000,TAHA MOHAMED ABBAS,IRQ,M,,,,1438,0,40,SEP25,2003,i
4820975,Taha Samr Ahmed,IRQ,M,,,,1431,0,40,SEP25,2015,
4800150,"Taha Yasen, Mohammed",IRQ,M,FM,,,2357,0,10,SEP25,1973,i
4817842,"Taha, Habeeb Kairullah Lafta",IRQ,M,,,,1456,0,40,SEP25,2009,i
4802551,"Taha, Jalal Abdullah",IRQ,M,,,,1887,0,20,SEP25,1969,i
4802950,"Tahseen Abdullah, Nabeel",IRQ,M,,,,1932,0,20,SEP25,1971,i
4807006,"Tahseen, Ahmed",IRQ,M,,,,1741,0,40,SEP25,1985,i
4800958,"Taleb, Salem Hatam",IRQ,M,,,,1989,0,20,SEP25,1963,i
4809505,"Taqwa, Ossama",IRQ,M,,,,1553,0,40,SEP25,2002,i
4820754,"Taraq, Samr",IRQ,M,,,,1595,1,40,SEP25,2011,
4803833,Tariq Tumma Selman,IRQ,M,,NA,,1856,0,20,SEP25,1972,i
4800257,"Tariq, A.",IRQ,M,CM,,,2232,0,20,SEP25,0,i
4806190,"Tariq, Saeed",IRQ,M,,,,1745,0,20,SEP25,1957,i
4830334,"Tariq, Zuhair Tariq",IRQ,M,,,,1572,0,40,SEP25,2007,i
4836111,"Tegan, Samr Abdularahman",IRQ,M,,,,1581,0,40,SEP25,2012,
4830202,"Tejan, Samer Abdel Rahman",IRQ,M,,,,1612,0,40,SEP25,2014,
4807723,"Thaer , Abdulkadhim Ismaeel",IRQ,M,,,,1950,0,20,SEP25,1976,i
4808924,"Thamer, Abbas Abdulzahra",IRQ,M,,,,1815,0,40,SEP25,0,i
4805291,"Thamr, Majid Khudhair",IRQ,M,,,,1839,0,40,SEP25,1993,i
4809238,Tho Afaqr Mohammed Ali,IRQ,M,,,,1720,0,20,SEP25,1984,
4808665,"Thu Al Faqar, Ali Ahmed",IRQ,M,,,,1801,0,20,SEP25,2001,i
4809521,"Tiba, Mahdi Attiyah",IRQ,F,,,,1768,0,20,SEP25,2006,wi
4839463,"Tuka, Salih Talal",IRQ,F,,,,1427,0,40,SEP25,2013,wi
4817028,"Umed, Ahmed Mohmmed",IRQ,M,,,,1629,0,40,SEP25,1978,i
4834399,"Usaid, Khozan Abdl Wahhab",IRQ,M,,,,1497,0,40,SEP25,2007,i
4819225,"Usama, Raaid Fuad",IRQ,M,,,,1551,0,40,SEP25,2003,i
4814860,"Vaver, Ismil Taha",IRQ,M,,,,1952,0,20,SEP25,1996,
4823800,"Wael, Abdulahad Hameed",IRQ,M,,,,1666,0,20,SEP25,1992,
4824750,"Wael, Monem Hussein",IRQ,M,,,,1915,0,40,SEP25,1963,i
4800494,"Waheed, Ayad",IRQ,M,,,,1972,0,20,SEP25,1966,i
4839161,"Waleed Khaled, Fadhel",IRQ,M,,,,1615,0,40,SEP25,2004,i
4815130,"Waleed, Ahmed Mohammed",IRQ,M,,,,1749,0,40,SEP25,1963,i
4820940,"Waleed, Hamed Jabir",IRQ,M,,,,1701,0,40,SEP25,1983,i
4814304,"Wali, Sleman Merahmed",IRQ,M,,,,1864,0,40,SEP25,1982,i
4800508,"Wamidh,Tariq Jawad",IRQ,M,,,,2111,0,20,SEP25,1977,i
4813170,"Waseem, Raad Najeeb",IRQ,M,,,,1779,1,20,SEP25,1986,
4829590,"Wassam, Hatam Kadhim",IRQ,M,,,,1490,0,40,SEP25,1976,i
4801652,"Wassem J., Yousif",IRQ,M,,,,2196,0,40,SEP25,1961,i
4809823,Wesam Shakr Rzeij,IRQ,M,,,,1645,0,40,SEP25,1977,i
4809530,"Widad, Sabah Noori",IRQ,F,,,,1740,1,20,SEP25,2004,w
4813405,"Wria, Osman Adullah",IRQ,M,,,,1918,0,40,SEP25,1970,i
4812220,Yad Abdulkarim Abdulqadr,IRQ,M,,,,1717,0,40,SEP25,1990,
4829930,"Yad, Hussin Asaad",IRQ,M,,,,1572,0,40,SEP25,2006,i
4831853,"Yad, Peshraw Abduljabar",IRQ,M,,,,1497,0,40,SEP25,2003,i
4818830,"Yahiya, Dlshad Hasan",IRQ,M,,,,1674,0,40,SEP25,2010,
4834402,"Yahya, Mahmoud Usamah",IRQ,M,,,,1480,1,40,SEP25,2011,
4842618,"Yahya, Mustafa Yassen",IRQ,M,,,,1487,2,40,SEP25,2003,
4808428,"Yar, Byad Abdulqader",IRQ,F,WCM,WCM,,1628,0,40,SEP25,2005,wi
4833910,"Yaran, Aza Hasib",IRQ,M,,,,1489,0,40,SEP25,2007,i
4808932,"Yaseen Khudhair, Abd",IRQ,M,,,,1818,0,40,SEP25,1963,i
4844025,"Yaseen, Ayad Faieq",IRQ,M,,,,1589,6,40,SEP25,2006,
4816331,"Yashar, Didar Mohammed",IRQ,M,,,,1627,0,40,SEP25,2008,i
4839218,"Yasir, Fakhri Muhammed Ameen",IRQ,M,,,,1802,0,40,SEP25,2002,i
4834194,"Yasser Ammar, Hammadi",IRQ,M,,,,1733,0,40,SEP25,2005,i
4801865,"Yassir, I. Kaied",IRQ,M,,,,2067,0,20,SEP25,1985,i
4805305,"Younis, Ali Hussein",IRQ,M,,,,1731,0,20,SEP25,1965,i
4808096,"Younis, Mohammed Nasif",IRQ,M,,,,1896,0,40,SEP25,1976,i
4825390,"Yousef, Mofeed Hameed",IRQ,M,,,,1686,0,40,SEP25,2008,i
4810384,Yousif Abd Al Hadi Salih,IRQ,M,,,,1592,0,40,SEP25,2000,i
4812077,yousif farhad Ali,IRQ,M,,,,1688,0,20,SEP25,2002,
4810473,Yousif Najib Kadhim,IRQ,M,,,,1575,0,40,SEP25,2007,i
4801547,"Yousif, M.Abdulla",IRQ,M,,,,2097,0,40,SEP25,0,i
4836049,"Yousif, Mustafa Abdulrazzaq",IRQ,M,,,,1733,1,20,SEP25,2005,
4840259,"Yousif, Omed Hameed",IRQ,M,,,,1778,0,40,SEP25,2010,
4816587,"Yousif, Ramadhan Sulaiman",IRQ,M,,,,1614,0,40,SEP25,2011,i
4801563,"Yunos, S.",IRQ,M,,,,2194,0,40,SEP25,1971,i
4811607,Zahid Sarmad Abd Alhamid,IRQ,M,,,,1648,0,40,SEP25,2003,i
4812840,"Zahraa, Ali Hussein",IRQ,M,,,,1428,0,40,SEP25,1998,i
4809564,"Zahraa, Hussein",IRQ,M,,,,1422,0,40,SEP25,2007,i
4825926,"Zahraa, Hussein Kadhim",IRQ,M,,,,1420,0,40,SEP25,2012,
4809572,"Zahraa, Mohammed Abbas",IRQ,M,,,,1545,0,20,SEP25,1998,i
4811623,Zaid Alaa Chaseb,IRQ,M,CM,,,1955,0,20,SEP25,2005,
4839420,"Zaid, Abd Almalik",IRQ,M,,,,1566,4,40,SEP25,2009,
4815092,"Zaid, Omar Ibrahim",IRQ,M,,,,1590,0,40,SEP25,2011,i
4817869,"Zakaria, Mazen Karim",IRQ,M,,,,1541,0,40,SEP25,2008,i
4813413,"Zanyar, Qadir Ahmed",IRQ,M,,,,1849,0,40,SEP25,1999,
4811011,Zghair Mustafa Husein,IRQ,M,,,,1902,0,40,SEP25,1985,i
4822862,"Zhanin, Nasraw Mustafa",IRQ,F,,,,1656,0,40,SEP25,2012,w
4838815,"Zheeno, Niyazi Taha",IRQ,F,,,,1459,0,40,SEP25,1985,wi
4830377,"Zhirwan, Noraldin Abubakr",IRQ,M,,,,1865,0,40,SEP25,2007,
4818857,"Zhyar, Sardar Othman",IRQ,M,,,,1468,0,40,SEP25,2009,i
4817559,"Zohair, Baqir Dakhil",IRQ,M,,,,1891,0,40,SEP25,1992,i
4803361,Zozek Salah Mohammed,IRQ,M,FM,,,2205,0,20,SEP25,1986,
4803280,"Zozik, S. Mohammed",IRQ,M,,,,2116,0,40,SEP25,0,i
4802535,"Zrng, Salah Mohammed",IRQ,M,,,,2037,0,20,SEP25,1984,i
4807480,"Zuhair , Hameed Mohammed",IRQ,M,,,,1891,0,40,SEP25,1964,i