[
  {
    "ID Number": "11201177",
    "Name": "A.lateef, Ahmad",
    "Fed": "BRN",
    "Sex": "M",
    "Title": "",
    "WTit": "",
    "OTit": "",
    "FOA": "1971",
    "Rating": "AUG25",
    "Gms": "0",
    "K": "20",
    "B-day": "0",
    "Flag": "i"
  },
  {
    "ID Number": "11202483",
    "Name": "A.lateef, Ahmed Ahmed",
    "Fed": "BRN",
    "Sex": "M",
    "Title": "",
    "WTit": "",
    "OTit": "",
    "FOA": "1617",
    "Rating": "AUG25",
    "Gms": "0",
    "K": "20",
    "B-day": "1996",
    "Flag": "i"
  },
  {
    "ID Number": "11200545",
    "Name": "Abbas, Ali",
    "Fed": "BRN",
    "Sex": "M",
    "Title": "",
    "WTit": "",
    "OTit": "",
    "FOA": "1925",
    "Rating": "AUG25",
    "Gms": "9",
    "K": "20",
    "B-day": "1973",
    "Flag": ""
  },
  {
    "ID Number": "11205628",
    "Name": "Abbas, Mohamed",
    "Fed": "BRN",
    "Sex": "M",
    "Title": "",
    "WTit": "",
    "OTit": "",
    "FOA": "1425",
    "Rating": "AUG25",
    "Gms": "0",
    "K": "20",
    "B-day": "1993",
    "Flag": "i"
  },
  {
    "ID Number": "11208074",
    "Name": "Abbas, Mohammed Mansoor",
    "Fed": "BRN",
    "Sex": "M",
    "Title": "",
    "WTit": "",
    "OTit": "",
    "FOA": "1424",
    "Rating": "AUG25",
    "Gms": "4",
    "K": "40",
    "B-day": "2012",
    "Flag": ""
  },
  {
    "ID Number": "11203315",
    "Name": "Abdulghafoor, Salman",
    "Fed": "BRN",
    "Sex": "M",
    "Title": "",
    "WTit": "",
    "OTit": "",
    "FOA": "1598",
    "Rating": "AUG25",
    "Gms": "0",
    "K": "20",
    "B-day": "1991",
    "Flag": "i"
  },
  {
    "ID Number": "11206462",
    "Name": "Abdulla Nayel",
    "Fed": "BRN",
    "Sex": "M",
    "Title": "",
    "WTit": "",
    "OTit": "",
    "FOA": "1413",
    "Rating": "AUG25",
    "Gms": "5",
    "K": "40",
    "B-day": "2010",
    "Flag": ""
  },
  {
    "ID Number": "11208023",
    "Name": "Abdulla, Abdulla",
    "Fed": "BRN",
    "Sex": "M",
    "Title": "",
    "WTit": "",
    "OTit": "",
    "FOA": "1420",
    "Rating": "AUG25",
    "Gms": "0",
    "K": "20",
    "B-day": "1990",
    "Flag": "i"
  },
  {
    "ID Number": "11201185",
    "Name": "Abdulla, Hameed",
    "Fed": "BRN",
    "Sex": "M",
    "Title": "",
    "WTit": "",
    "OTit": "",
    "FOA": "1525",
    "Rating": "AUG25",
    "Gms": "0",
    "K": "20",
    "B-day": "0",
    "Flag": ""
  },
  {
    "ID Number": "11200570",
    "Name": "Abdulla, Mohammed",
    "Fed": "BRN",
    "Sex": "M",
    "Title": "",
    "WTit": "",
    "OTit": "",
    "FOA": "1641",
    "Rating": "AUG25",
    "Gms": "0",
    "K": "20",
    "B-day": "0",
    "Flag": "i"
  },
  {
    "ID Number": "11204990",
    "Name": "Abdulla, Ronin",
    "Fed": "BRN",
    "Sex": "M",
    "Title": "",
    "WTit": "",
    "OTit": "",
    "FOA": "1810",
    "Rating": "AUG25",
    "Gms": "0",
    "K": "40",
    "B-day": "2008",
    "Flag": ""
  },
  {
    "ID Number": "11207396",
    "Name": "Abdulla, Yusuf",
    "Fed": "BRN",
    "Sex": "M",
    "Title": "",
    "WTit": "",
    "OTit": "",
    "FOA": "1595",
    "Rating": "AUG25",
    "Gms": "0",
    "K": "20",
    "B-day": "1990",
    "Flag": "i"
  },
  {
    "ID Number": "11200758",
    "Name": "Abdullah, Waheed",
    "Fed": "BRN",
    "Sex": "M",
    "Title": "",
    "WTit": "",
    "OTit": "",
    "FOA": "1564",
    "Rating": "AUG25",
    "Gms": "0",
    "K": "20",
    "B-day": "0",
    "Flag": "i"
  },
  {
    "ID Number": "11204648",
    "Name": "Abdulrahman, Osama",
    "Fed": "BRN",
    "Sex": "M",
    "Title": "",
    "WTit": "",
    "OTit": "",
    "FOA": "1477",
    "Rating": "AUG25",
    "Gms": "0",
    "K": "20",
    "B-day": "2006",
    "Flag": "i"
  },
  {
    "ID Number": "11204540",
    "Name": "Abu Baker, Khaled",
    "Fed": "BRN",
    "Sex": "M",
    "Title": "",
    "WTit": "",
    "OTit": "",
    "FOA": "1528",
    "Rating": "AUG25",
    "Gms": "0",
    "K": "20",
    "B-day": "1977",
    "Flag": "i"
  },
  {
    "ID Number": "11206896",
    "Name": "Adam, Abdulrahman",
    "Fed": "BRN",
    "Sex": "M",
    "Title": "",
    "WTit": "",
    "OTit": "",
    "FOA": "1426",
    "Rating": "AUG25",
    "Gms": "0",
    "K": "40",
    "B-day": "2010",
    "Flag": "i"
  },
  {
    "ID Number": "11205920",
    "Name": "Ahmadi, Meisam",
    "Fed": "BRN",
    "Sex": "M",
    "Title": "",
    "WTit": "",
    "OTit": "",
    "FOA": "1570",
    "Rating": "AUG25",
    "Gms": "7",
    "K": "40",
    "B-day": "2006",
    "Flag": ""
  },
  {
    "ID Number": "11202882",
    "Name": "Ahmed Ebrahim Hasan",
    "Fed": "BRN",
    "Sex": "M",
    "Title": "",
    "WTit": "DI,NA",
    "OTit": "",
    "FOA": "AFM",
    "Rating": "AUG25",
    "Gms": "1713",
    "K": "0",
    "B-day": "1984",
    "Flag": "i"
  },
  {
    "ID Number": "11210303",
    "Name": "Ahmed Neaman Alhasan",
    "Fed": "BRN",
    "Sex": "M",
    "Title": "",
    "WTit": "",
    "OTit": "",
    "FOA": "1755",
    "Rating": "AUG25",
    "Gms": "10",
    "K": "40",
    "B-day": "1998",
    "Flag": ""
  },
  {
    "ID Number": "11204303",
    "Name": "Ahmed, Abukabeer",
    "Fed": "BRN",
    "Sex": "M",
    "Title": "",
    "WTit": "",
    "OTit": "",
    "FOA": "1563",
    "Rating": "AUG25",
    "Gms": "0",
    "K": "20",
    "B-day": "1999",
    "Flag": "i"
  },
  {
    "ID Number": "11201819",
    "Name": "Ahmed, Hashim Hashim",
    "Fed": "BRN",
    "Sex": "M",
    "Title": "",
    "WTit": "",
    "OTit": "",
    "FOA": "1735",
    "Rating": "AUG25",
    "Gms": "0",
    "K": "20",
    "B-day": "1980",
    "Flag": "i"
  },
  {
    "ID Number": "11204249",
    "Name": "Ahmed, Nader",
    "Fed": "BRN",
    "Sex": "M",
    "Title": "",
    "WTit": "",
    "OTit": "",
    "FOA": "1633",
    "Rating": "AUG25",
    "Gms": "0",
    "K": "20",
    "B-day": "1997",
    "Flag": "i"
  },
  {
    "ID Number": "11205270",
    "Name": "Ahmed, Najla",
    "Fed": "BRN",
    "Sex": "F",
    "Title": "",
    "WTit": "NA",
    "OTit": "",
    "FOA": "1467",
    "Rating": "AUG25",
    "Gms": "9",
    "K": "20",
    "B-day": "2000",
    "Flag": "w"
  },
  {
    "ID Number": "11200081",
    "Name": "Al Afoo, Shaker",
    "Fed": "BRN",
    "Sex": "M",
    "Title": "FM",
    "WTit": "FT",
    "OTit": "",
    "FOA": "2166",
    "Rating": "AUG25",
    "Gms": "0",
    "K": "20",
    "B-day": "1969",
    "Flag": "i"
  },
  {
    "ID Number": "11202297",
    "Name": "Al Aradi, Mohamed",
    "Fed": "BRN",
    "Sex": "M",
    "Title": "",
    "WTit": "",
    "OTit": "",
    "FOA": "1770",
    "Rating": "AUG25",
    "Gms": "0",
    "K": "20",
    "B-day": "1991",
    "Flag": "i"
  },
  {
    "ID Number": "11207930",
    "Name": "Al Arayedh, Daniyah",
    "Fed": "BRN",
    "Sex": "F",
    "Title": "",
    "WTit": "",
    "OTit": "",
    "FOA": "1466",
    "Rating": "AUG25",
    "Gms": "5",
    "K": "40",
    "B-day": "2011",
    "Flag": "w"
  },
  {
    "ID Number": "11202300",
    "Name": "Al Jamri, Maleeha",
    "Fed": "BRN",
    "Sex": "F",
    "Title": "",
    "WTit": "NI,IA",
    "OTit": "",
    "FOA": "1584",
    "Rating": "AUG25",
    "Gms": "0",
    "K": "20",
    "B-day": "1991",
    "Flag": "wi"
  },
  {
    "ID Number": "11201851",
    "Name": "Al Jowder, Isa",
    "Fed": "BRN",
    "Sex": "M",
    "Title": "",
    "WTit": "",
    "OTit": "",
    "FOA": "1602",
    "Rating": "AUG25",
    "Gms": "0",
    "K": "20",
    "B-day": "2003",
    "Flag": "i"
  },
  {
    "ID Number": "11202319",
    "Name": "Al Jowder, Jassim",
    "Fed": "BRN",
    "Sex": "M",
    "Title": "",
    "WTit": "",
    "OTit": "",
    "FOA": "1405",
    "Rating": "AUG25",
    "Gms": "0",
    "K": "20",
    "B-day": "2005",
    "Flag": "i"
  },
  {
    "ID Number": "11206640",
    "Name": "Al Khalifa, Sh. Khaled",
    "Fed": "BRN",
    "Sex": "M",
    "Title": "",
    "WTit": "",
    "OTit": "",
    "FOA": "1443",
    "Rating": "AUG25",
    "Gms": "0",
    "K": "20",
    "B-day": "2004",
    "Flag": "i"
  },
  {
    "ID Number": "11201517",
    "Name": "Al Mahmood, Salman",
    "Fed": "BRN",
    "Sex": "M",
    "Title": "",
    "WTit": "",
    "OTit": "",
    "FOA": "1790",
    "Rating": "AUG25",
    "Gms": "0",
    "K": "20",
    "B-day": "2004",
    "Flag": "i"
  },
  {
    "ID Number": "11203358",
    "Name": "AL Najem, Mamdooh",
    "Fed": "BRN",
    "Sex": "M",
    "Title": "",
    "WTit": "",
    "OTit": "",
    "FOA": "1416",
    "Rating": "AUG25",
    "Gms": "0",
    "K": "20",
    "B-day": "1987",
    "Flag": "i"
  },
  {
    "ID Number": "11203668",
    "Name": "Al Sahaf, Ali",
    "Fed": "BRN",
    "Sex": "M",
    "Title": "",
    "WTit": "NA",
    "OTit": "",
    "FOA": "1520",
    "Rating": "AUG25",
    "Gms": "0",
    "K": "20",
    "B-day": "2001",
    "Flag": "i"
  },
  {
    "ID Number": "11200030",
    "Name": "Al Sulaiti, Ali",
    "Fed": "BRN",
    "Sex": "M",
    "Title": "",
    "WTit": "FI",
    "OTit": "",
    "FOA": "1839",
    "Rating": "AUG25",
    "Gms": "0",
    "K": "20",
    "B-day": "1973",
    "Flag": "i"
  },
  {
    "ID Number": "11200162",
    "Name": "Al-Ghasra, Ahmed",
    "Fed": "BRN",
    "Sex": "M",
    "Title": "",
    "WTit": "",
    "OTit": "",
    "FOA": "1666",
    "Rating": "AUG25",
    "Gms": "9",
    "K": "20",
    "B-day": "1989",
    "Flag": ""
  },
  {
    "ID Number": "11200057",
    "Name": "Al-Ghasra, Ali",
    "Fed": "BRN",
    "Sex": "M",
    "Title": "CM",
    "WTit": "",
    "OTit": "",
    "FOA": "1940",
    "Rating": "AUG25",
    "Gms": "0",
    "K": "20",
    "B-day": "1986",
    "Flag": ""
  },
  {
    "ID Number": "11200170",
    "Name": "Al-Ghasra, Osama",
    "Fed": "BRN",
    "Sex": "M",
    "Title": "",
    "WTit": "",
    "OTit": "",
    "FOA": "1797",
    "Rating": "AUG25",
    "Gms": "8",
    "K": "20",
    "B-day": "1993",
    "Flag": ""
  },
  {
    "ID Number": "11203005",
    "Name": "Al-Madani, Ebrahim",
    "Fed": "BRN",
    "Sex": "M",
    "Title": "",
    "WTit": "",
    "OTit": "",
    "FOA": "1642",
    "Rating": "AUG25",
    "Gms": "0",
    "K": "20",
    "B-day": "1987",
    "Flag": "i"
  },
  {
    "ID Number": "11201959",
    "Name": "Al-Saboori,Khalil",
    "Fed": "BRN",
    "Sex": "M",
    "Title": "",
    "WTit": "",
    "OTit": "",
    "FOA": "1719",
    "Rating": "AUG25",
    "Gms": "0",
    "K": "20",
    "B-day": "1990",
    "Flag": "i"
  },
  {
    "ID Number": "11208201",
    "Name": "AlAbbas, Ali",
    "Fed": "BRN",
    "Sex": "M",
    "Title": "",
    "WTit": "",
    "OTit": "",
    "FOA": "ACM",
    "Rating": "AUG25",
    "Gms": "1542",
    "K": "6",
    "B-day": "2013",
    "Flag": ""
  },
  {
    "ID Number": "11200723",
    "Name": "Alafoo, Zainab",
    "Fed": "BRN",
    "Sex": "F",
    "Title": "WCM",
    "WTit": "WCM",
    "OTit": "",
    "FOA": "1537",
    "Rating": "AUG25",
    "Gms": "0",
    "K": "20",
    "B-day": "2002",
    "Flag": "wi"
  },
  {
    "ID Number": "11207663",
    "Name": "Alamiri, KHALIFA",
    "Fed": "BRN",
    "Sex": "M",
    "Title": "",
    "WTit": "",
    "OTit": "",
    "FOA": "1585",
    "Rating": "AUG25",
    "Gms": "0",
    "K": "20",
    "B-day": "1991",
    "Flag": "i"
  },
  {
    "ID Number": "11205644",
    "Name": "Alammadi, Ahmed",
    "Fed": "BRN",
    "Sex": "M",
    "Title": "",
    "WTit": "",
    "OTit": "",
    "FOA": "1620",
    "Rating": "AUG25",
    "Gms": "0",
    "K": "20",
    "B-day": "1978",
    "Flag": "i"
  },
  {
    "ID Number": "11207060",
    "Name": "Alasfoor, Hasan",
    "Fed": "BRN",
    "Sex": "M",
    "Title": "",
    "WTit": "",
    "OTit": "",
    "FOA": "ACM",
    "Rating": "AUG25",
    "Gms": "1465",
    "K": "10",
    "B-day": "2011",
    "Flag": ""
  },
  {
    "ID Number": "11204168",
    "Name": "Alatewi, Mohamad",
    "Fed": "BRN",
    "Sex": "M",
    "Title": "",
    "WTit": "",
    "OTit": "",
    "FOA": "1437",
    "Rating": "AUG25",
    "Gms": "0",
    "K": "20",
    "B-day": "1971",
    "Flag": "i"
  },
  {
    "ID Number": "11204338",
    "Name": "Alatoom, Ibrahim",
    "Fed": "BRN",
    "Sex": "M",
    "Title": "",
    "WTit": "",
    "OTit": "",
    "FOA": "1621",
    "Rating": "AUG25",
    "Gms": "0",
    "K": "20",
    "B-day": "1993",
    "Flag": "i"
  },
  {
    "ID Number": "11200774",
    "Name": "Alattar, Majed",
    "Fed": "BRN",
    "Sex": "M",
    "Title": "",
    "WTit": "",
    "OTit": "",
    "FOA": "1637",
    "Rating": "AUG25",
    "Gms": "0",
    "K": "20",
    "B-day": "1971",
    "Flag": "i"
  },
  {
    "ID Number": "11203579",
    "Name": "Albinkhalil, Faisal",
    "Fed": "BRN",
    "Sex": "M",
    "Title": "",
    "WTit": "",
    "OTit": "",
    "FOA": "1488",
    "Rating": "AUG25",
    "Gms": "0",
    "K": "20",
    "B-day": "1993",
    "Flag": "i"
  },
  {
    "ID Number": "11201126",
    "Name": "AlBurshaid, Ebrahim",
    "Fed": "BRN",
    "Sex": "M",
    "Title": "",
    "WTit": "",
    "OTit": "",
    "FOA": "1734",
    "Rating": "AUG25",
    "Gms": "0",
    "K": "20",
    "B-day": "1988",
    "Flag": "i"
  },
  {
    "ID Number": "11207981",
    "Name": "AlGhadhwi, Abdurahman",
    "Fed": "BRN",
    "Sex": "M",
    "Title": "",
    "WTit": "",
    "OTit": "",
    "FOA": "1708",
    "Rating": "AUG25",
    "Gms": "0",
    "K": "20",
    "B-day": "1999",
    "Flag": "i"
  },
  {
    "ID Number": "11204346",
    "Name": "Ali, Ali Adel",
    "Fed": "BRN",
    "Sex": "M",
    "Title": "",
    "WTit": "",
    "OTit": "",
    "FOA": "1479",
    "Rating": "AUG25",
    "Gms": "0",
    "K": "20",
    "B-day": "1996",
    "Flag": "i"
  },
  {
    "ID Number": "11204559",
    "Name": "Ali, Salah",
    "Fed": "BRN",
    "Sex": "M",
    "Title": "",
    "WTit": "",
    "OTit": "",
    "FOA": "1649",
    "Rating": "AUG25",
    "Gms": "0",
    "K": "20",
    "B-day": "1969",
    "Flag": "i"
  },
  {
    "ID Number": "11205911",
    "Name": "Ali, Samer Alaradi",
    "Fed": "BRN",
    "Sex": "M",
    "Title": "",
    "WTit": "",
    "OTit": "",
    "FOA": "1467",
    "Rating": "AUG25",
    "Gms": "0",
    "K": "20",
    "B-day": "2006",
    "Flag": "i"
  },
  {
    "ID Number": "11204877",
    "Name": "Ali, Sayed Hashim",
    "Fed": "BRN",
    "Sex": "M",
    "Title": "",
    "WTit": "",
    "OTit": "",
    "FOA": "1475",
    "Rating": "AUG25",
    "Gms": "0",
    "K": "40",
    "B-day": "2010",
    "Flag": ""
  },
  {
    "ID Number": "11204885",
    "Name": "Ali, Sayed Mohammed",
    "Fed": "BRN",
    "Sex": "M",
    "Title": "",
    "WTit": "",
    "OTit": "",
    "FOA": "1522",
    "Rating": "AUG25",
    "Gms": "0",
    "K": "40",
    "B-day": "2011",
    "Flag": "i"
  },
  {
    "ID Number": "11204605",
    "Name": "Alkhaja, Abdulla",
    "Fed": "BRN",
    "Sex": "M",
    "Title": "",
    "WTit": "",
    "OTit": "",
    "FOA": "1602",
    "Rating": "AUG25",
    "Gms": "0",
    "K": "20",
    "B-day": "1995",
    "Flag": "i"
  },
  {
    "ID Number": "11208830",
    "Name": "Alkhamiry, Mohammed",
    "Fed": "BRN",
    "Sex": "M",
    "Title": "",
    "WTit": "",
    "OTit": "",
    "FOA": "1417",
    "Rating": "AUG25",
    "Gms": "0",
    "K": "40",
    "B-day": "2007",
    "Flag": ""
  },
  {
    "ID Number": "11205792",
    "Name": "Almajed, Mohamed",
    "Fed": "BRN",
    "Sex": "M",
    "Title": "",
    "WTit": "",
    "OTit": "",
    "FOA": "1561",
    "Rating": "AUG25",
    "Gms": "0",
    "K": "20",
    "B-day": "2000",
    "Flag": "i"
  },
  {
    "ID Number": "11205423",
    "Name": "Almajed, Sayed Hashem",
    "Fed": "BRN",
    "Sex": "M",
    "Title": "",
    "WTit": "",
    "OTit": "",
    "FOA": "1546",
    "Rating": "AUG25",
    "Gms": "0",
    "K": "20",
    "B-day": "2001",
    "Flag": "i"
  },
  {
    "ID Number": "11206900",
    "Name": "Almerbati, Abdulrahman",
    "Fed": "BRN",
    "Sex": "M",
    "Title": "",
    "WTit": "",
    "OTit": "",
    "FOA": "1731",
    "Rating": "AUG25",
    "Gms": "0",
    "K": "20",
    "B-day": "1987",
    "Flag": ""
  },
  {
    "ID Number": "11204710",
    "Name": "Almurbati, Yaser",
    "Fed": "BRN",
    "Sex": "M",
    "Title": "",
    "WTit": "",
    "OTit": "",
    "FOA": "1414",
    "Rating": "AUG25",
    "Gms": "0",
    "K": "20",
    "B-day": "1987",
    "Flag": "i"
  },
  {
    "ID Number": "11205474",
    "Name": "Almusawi, Mahmood",
    "Fed": "BRN",
    "Sex": "M",
    "Title": "",
    "WTit": "",
    "OTit": "",
    "FOA": "1519",
    "Rating": "AUG25",
    "Gms": "5",
    "K": "40",
    "B-day": "2011",
    "Flag": ""
  },
  {
    "ID Number": "11205458",
    "Name": "Almusawi, Maram",
    "Fed": "BRN",
    "Sex": "F",
    "Title": "WCM",
    "WTit": "WCM",
    "OTit": "",
    "FOA": "1672",
    "Rating": "AUG25",
    "Gms": "6",
    "K": "40",
    "B-day": "2008",
    "Flag": "w"
  },
  {
    "ID Number": "11206667",
    "Name": "Almutawa, Abdulrazaq",
    "Fed": "BRN",
    "Sex": "M",
    "Title": "",
    "WTit": "",
    "OTit": "",
    "FOA": "1571",
    "Rating": "AUG25",
    "Gms": "0",
    "K": "20",
    "B-day": "1997",
    "Flag": "i"
  },
  {
    "ID Number": "11204370",
    "Name": "Almutawa, Jassim",
    "Fed": "BRN",
    "Sex": "M",
    "Title": "",
    "WTit": "",
    "OTit": "",
    "FOA": "1490",
    "Rating": "AUG25",
    "Gms": "7",
    "K": "20",
    "B-day": "1995",
    "Flag": ""
  },
  {
    "ID Number": "11206730",
    "Name": "Alnajem, Meshal",
    "Fed": "BRN",
    "Sex": "M",
    "Title": "",
    "WTit": "",
    "OTit": "",
    "FOA": "1490",
    "Rating": "AUG25",
    "Gms": "0",
    "K": "20",
    "B-day": "1994",
    "Flag": "i"
  },
  {
    "ID Number": "11205563",
    "Name": "Alqari, Husain",
    "Fed": "BRN",
    "Sex": "M",
    "Title": "",
    "WTit": "",
    "OTit": "",
    "FOA": "1486",
    "Rating": "AUG25",
    "Gms": "0",
    "K": "20",
    "B-day": "1998",
    "Flag": "i"
  },
  {
    "ID Number": "11207019",
    "Name": "Alsalman, Zainab",
    "Fed": "BRN",
    "Sex": "F",
    "Title": "",
    "WTit": "",
    "OTit": "",
    "FOA": "1529",
    "Rating": "AUG25",
    "Gms": "0",
    "K": "40",
    "B-day": "2007",
    "Flag": "w"
  },
  {
    "ID Number": "11208066",
    "Name": "Alsari, Ali",
    "Fed": "BRN",
    "Sex": "M",
    "Title": "",
    "WTit": "",
    "OTit": "",
    "FOA": "1509",
    "Rating": "AUG25",
    "Gms": "0",
    "K": "20",
    "B-day": "2004",
    "Flag": "i"
  },
  {
    "ID Number": "11206187",
    "Name": "AlSari,Yusuf",
    "Fed": "BRN",
    "Sex": "M",
    "Title": "",
    "WTit": "",
    "OTit": "",
    "FOA": "1568",
    "Rating": "AUG25",
    "Gms": "8",
    "K": "20",
    "B-day": "2002",
    "Flag": ""
  },
  {
    "ID Number": "11207523",
    "Name": "Alshabib,Zainab",
    "Fed": "BRN",
    "Sex": "F",
    "Title": "",
    "WTit": "DI,NA",
    "OTit": "",
    "FOA": "1678",
    "Rating": "AUG25",
    "Gms": "0",
    "K": "20",
    "B-day": "1999",
    "Flag": "wi"
  },
  {
    "ID Number": "11205539",
    "Name": "Alsharafi, Abdulaziz",
    "Fed": "BRN",
    "Sex": "M",
    "Title": "",
    "WTit": "",
    "OTit": "",
    "FOA": "1434",
    "Rating": "AUG25",
    "Gms": "0",
    "K": "20",
    "B-day": "2002",
    "Flag": "i"
  },
  {
    "ID Number": "11205547",
    "Name": "Alsharafi, Khaled",
    "Fed": "BRN",
    "Sex": "M",
    "Title": "",
    "WTit": "",
    "OTit": "",
    "FOA": "1441",
    "Rating": "AUG25",
    "Gms": "0",
    "K": "20",
    "B-day": "1998",
    "Flag": "i"
  },
  {
    "ID Number": "11209119",
    "Name": "Alshawoosh, Mohammed",
    "Fed": "BRN",
    "Sex": "M",
    "Title": "",
    "WTit": "",
    "OTit": "",
    "FOA": "1522",
    "Rating": "AUG25",
    "Gms": "0",
    "K": "40",
    "B-day": "2010",
    "Flag": ""
  },
  {
    "ID Number": "11208554",
    "Name": "Alshehabi, Shehab",
    "Fed": "BRN",
    "Sex": "M",
    "Title": "",
    "WTit": "",
    "OTit": "",
    "FOA": "1453",
    "Rating": "AUG25",
    "Gms": "0",
    "K": "20",
    "B-day": "1999",
    "Flag": ""
  },
  {
    "ID Number": "11205520",
    "Name": "Altaif, Ali",
    "Fed": "BRN",
    "Sex": "M",
    "Title": "",
    "WTit": "",
    "OTit": "",
    "FOA": "1458",
    "Rating": "AUG25",
    "Gms": "0",
    "K": "20",
    "B-day": "1998",
    "Flag": "i"
  },
  {
    "ID Number": "11209291",
    "Name": "AlWardi, Hussain",
    "Fed": "BRN",
    "Sex": "M",
    "Title": "",
    "WTit": "",
    "OTit": "",
    "FOA": "1776",
    "Rating": "AUG25",
    "Gms": "0",
    "K": "40",
    "B-day": "2007",
    "Flag": ""
  },
  {
    "ID Number": "11205598",
    "Name": "Alzayer, Abdulla",
    "Fed": "BRN",
    "Sex": "M",
    "Title": "",
    "WTit": "",
    "OTit": "",
    "FOA": "1631",
    "Rating": "AUG25",
    "Gms": "7",
    "K": "20",
    "B-day": "2001",
    "Flag": ""
  },
  {
    "ID Number": "11201550",
    "Name": "Amini, Ali",
    "Fed": "BRN",
    "Sex": "M",
    "Title": "",
    "WTit": "",
    "OTit": "",
    "FOA": "1717",
    "Rating": "AUG25",
    "Gms": "0",
    "K": "20",
    "B-day": "1964",
    "Flag": "i"
  },
  {
    "ID Number": "11201584",
    "Name": "Amini, Hossein Ali",
    "Fed": "BRN",
    "Sex": "M",
    "Title": "",
    "WTit": "",
    "OTit": "",
    "FOA": "1898",
    "Rating": "AUG25",
    "Gms": "0",
    "K": "20",
    "B-day": "0",
    "Flag": "i"
  },
  {
    "ID Number": "11205024",
    "Name": "Asadalla, Mohamed",
    "Fed": "BRN",
    "Sex": "M",
    "Title": "",
    "WTit": "",
    "OTit": "",
    "FOA": "1487",
    "Rating": "AUG25",
    "Gms": "0",
    "K": "20",
    "B-day": "1991",
    "Flag": "i"
  },
  {
    "ID Number": "11206519",
    "Name": "Ayoob Asad",
    "Fed": "BRN",
    "Sex": "M",
    "Title": "",
    "WTit": "NA",
    "OTit": "",
    "FOA": "1493",
    "Rating": "AUG25",
    "Gms": "0",
    "K": "20",
    "B-day": "1997",
    "Flag": "i"
  },
  {
    "ID Number": "11206713",
    "Name": "Aysha Mutaywea",
    "Fed": "BRN",
    "Sex": "F",
    "Title": "",
    "WTit": "",
    "OTit": "",
    "FOA": "1547",
    "Rating": "AUG25",
    "Gms": "0",
    "K": "20",
    "B-day": "0",
    "Flag": "wi"
  },
  {
    "ID Number": "11200243",
    "Name": "Ayyad, Husain",
    "Fed": "BRN",
    "Sex": "M",
    "Title": "FM",
    "WTit": "FI",
    "OTit": "",
    "FOA": "2093",
    "Rating": "AUG25",
    "Gms": "10",
    "K": "20",
    "B-day": "1986",
    "Flag": ""
  },
  {
    "ID Number": "11200235",
    "Name": "Ayyad, Maher",
    "Fed": "BRN",
    "Sex": "M",
    "Title": "FM",
    "WTit": "FI",
    "OTit": "",
    "FOA": "2041",
    "Rating": "AUG25",
    "Gms": "9",
    "K": "20",
    "B-day": "1978",
    "Flag": ""
  },
  {
    "ID Number": "11201673",
    "Name": "Bagalay, Henry",
    "Fed": "BRN",
    "Sex": "M",
    "Title": "",
    "WTit": "",
    "OTit": "",
    "FOA": "1698",
    "Rating": "AUG25",
    "Gms": "0",
    "K": "20",
    "B-day": "1968",
    "Flag": "i"
  },
  {
    "ID Number": "11202629",
    "Name": "Bala, Vatusia",
    "Fed": "BRN",
    "Sex": "F",
    "Title": "",
    "WTit": "",
    "OTit": "",
    "FOA": "1624",
    "Rating": "AUG25",
    "Gms": "0",
    "K": "20",
    "B-day": "2004",
    "Flag": "wi"
  },
  {
    "ID Number": "11200189",
    "Name": "Baqer, Taher",
    "Fed": "BRN",
    "Sex": "M",
    "Title": "",
    "WTit": "",
    "OTit": "",
    "FOA": "1620",
    "Rating": "AUG25",
    "Gms": "0",
    "K": "20",
    "B-day": "0",
    "Flag": "i"
  },
  {
    "ID Number": "11203773",
    "Name": "Basem, Ayman",
    "Fed": "BRN",
    "Sex": "M",
    "Title": "",
    "WTit": "",
    "OTit": "",
    "FOA": "1629",
    "Rating": "AUG25",
    "Gms": "0",
    "K": "20",
    "B-day": "2004",
    "Flag": "i"
  },
  {
    "ID Number": "11204133",
    "Name": "Basem, Waleed",
    "Fed": "BRN",
    "Sex": "M",
    "Title": "",
    "WTit": "",
    "OTit": "",
    "FOA": "1692",
    "Rating": "AUG25",
    "Gms": "0",
    "K": "20",
    "B-day": "1997",
    "Flag": "i"
  },
  {
    "ID Number": "11202360",
    "Name": "Bayoneta, Richard",
    "Fed": "BRN",
    "Sex": "M",
    "Title": "",
    "WTit": "",
    "OTit": "",
    "FOA": "2053",
    "Rating": "AUG25",
    "Gms": "0",
    "K": "20",
    "B-day": "0",
    "Flag": "i"
  },
  {
    "ID Number": "11204184",
    "Name": "Binzaiman, Ayman",
    "Fed": "BRN",
    "Sex": "M",
    "Title": "",
    "WTit": "NA",
    "OTit": "",
    "FOA": "AFM",
    "Rating": "AUG25",
    "Gms": "1531",
    "K": "0",
    "B-day": "1985",
    "Flag": ""
  },
  {
    "ID Number": "11200359",
    "Name": "Bu Khammas, Abdulla",
    "Fed": "BRN",
    "Sex": "M",
    "Title": "",
    "WTit": "",
    "OTit": "",
    "FOA": "1723",
    "Rating": "AUG25",
    "Gms": "0",
    "K": "20",
    "B-day": "0",
    "Flag": "i"
  },
  {
    "ID Number": "11208198",
    "Name": "Buhasan, Faisal",
    "Fed": "BRN",
    "Sex": "M",
    "Title": "",
    "WTit": "",
    "OTit": "",
    "FOA": "1601",
    "Rating": "AUG25",
    "Gms": "9",
    "K": "40",
    "B-day": "2011",
    "Flag": ""
  },
  {
    "ID Number": "11205873",
    "Name": "Buhusain, Yaser",
    "Fed": "BRN",
    "Sex": "M",
    "Title": "",
    "WTit": "",
    "OTit": "",
    "FOA": "1403",
    "Rating": "AUG25",
    "Gms": "0",
    "K": "20",
    "B-day": "2000",
    "Flag": ""
  },
  {
    "ID Number": "11200634",
    "Name": "BuKhalaf, Hussain",
    "Fed": "BRN",
    "Sex": "M",
    "Title": "",
    "WTit": "",
    "OTit": "",
    "FOA": "1829",
    "Rating": "AUG25",
    "Gms": "6",
    "K": "20",
    "B-day": "1995",
    "Flag": ""
  },
  {
    "ID Number": "11200367",
    "Name": "Bukhalaf, Khalaf",
    "Fed": "BRN",
    "Sex": "M",
    "Title": "",
    "WTit": "",
    "OTit": "",
    "FOA": "1806",
    "Rating": "AUG25",
    "Gms": "10",
    "K": "20",
    "B-day": "1994",
    "Flag": ""
  },
  {
    "ID Number": "11200596",
    "Name": "Bukhalaf, Khalil",
    "Fed": "BRN",
    "Sex": "M",
    "Title": "FM",
    "WTit": "",
    "OTit": "",
    "FOA": "1904",
    "Rating": "AUG25",
    "Gms": "0",
    "K": "20",
    "B-day": "1994",
    "Flag": "i"
  },
  {
    "ID Number": "11200600",
    "Name": "Bukhalaf, Mansoor",
    "Fed": "BRN",
    "Sex": "M",
    "Title": "",
    "WTit": "DI",
    "OTit": "",
    "FOA": "1854",
    "Rating": "AUG25",
    "Gms": "0",
    "K": "20",
    "B-day": "1992",
    "Flag": "i"
  },
  {
    "ID Number": "11209917",
    "Name": "Danial Mohamed Alkhalidi",
    "Fed": "BRN",
    "Sex": "M",
    "Title": "",
    "WTit": "",
    "OTit": "",
    "FOA": "1554",
    "Rating": "AUG25",
    "Gms": "0",
    "K": "40",
    "B-day": "2011",
    "Flag": ""
  },
  {
    "ID Number": "11201258",
    "Name": "Darwish, Hashim",
    "Fed": "BRN",
    "Sex": "M",
    "Title": "",
    "WTit": "FI",
    "OTit": "",
    "FOA": "1855",
    "Rating": "AUG25",
    "Gms": "8",
    "K": "20",
    "B-day": "1984",
    "Flag": ""
  },
  {
    "ID Number": "11204524",
    "Name": "Dashti, Sarah",
    "Fed": "BRN",
    "Sex": "F",
    "Title": "",
    "WTit": "",
    "OTit": "",
    "FOA": "1480",
    "Rating": "AUG25",
    "Gms": "6",
    "K": "40",
    "B-day": "2011",
    "Flag": "w"
  },
  {
    "ID Number": "11205113",
    "Name": "Ebrahim, Isa",
    "Fed": "BRN",
    "Sex": "M",
    "Title": "",
    "WTit": "",
    "OTit": "",
    "FOA": "1554",
    "Rating": "AUG25",
    "Gms": "0",
    "K": "20",
    "B-day": "1990",
    "Flag": ""
  },
  {
    "ID Number": "11202190",
    "Name": "Ebrahim, Khalil",
    "Fed": "BRN",
    "Sex": "M",
    "Title": "",
    "WTit": "",
    "OTit": "",
    "FOA": "1966",
    "Rating": "AUG25",
    "Gms": "0",
    "K": "20",
    "B-day": "1983",
    "Flag": "i"
  },
  {
    "ID Number": "11201908",
    "Name": "Ebrahim, Mahmood",
    "Fed": "BRN",
    "Sex": "M",
    "Title": "",
    "WTit": "",
    "OTit": "",
    "FOA": "1795",
    "Rating": "AUG25",
    "Gms": "0",
    "K": "20",
    "B-day": "1982",
    "Flag": "i"
  },
  {
    "ID Number": "11204087",
    "Name": "Faqihi, Abdulaziz",
    "Fed": "BRN",
    "Sex": "M",
    "Title": "",
    "WTit": "",
    "OTit": "",
    "FOA": "1787",
    "Rating": "AUG25",
    "Gms": "10",
    "K": "20",
    "B-day": "2006",
    "Flag": ""
  },
  {
    "ID Number": "11207965",
    "Name": "Fardan, Yousif",
    "Fed": "BRN",
    "Sex": "M",
    "Title": "",
    "WTit": "",
    "OTit": "",
    "FOA": "1440",
    "Rating": "AUG25",
    "Gms": "0",
    "K": "20",
    "B-day": "2002",
    "Flag": ""
  },
  {
    "ID Number": "11201215",
    "Name": "Felisilda, Lou",
    "Fed": "BRN",
    "Sex": "M",
    "Title": "",
    "WTit": "",
    "OTit": "",
    "FOA": "1579",
    "Rating": "AUG25",
    "Gms": "0",
    "K": "20",
    "B-day": "0",
    "Flag": "i"
  },
  {
    "ID Number": "11203030",
    "Name": "Foud, Haider",
    "Fed": "BRN",
    "Sex": "M",
    "Title": "",
    "WTit": "",
    "OTit": "",
    "FOA": "1747",
    "Rating": "AUG25",
    "Gms": "0",
    "K": "20",
    "B-day": "1989",
    "Flag": "i"
  },
  {
    "ID Number": "11208350",
    "Name": "Hamad,Mohamed",
    "Fed": "BRN",
    "Sex": "M",
    "Title": "",
    "WTit": "",
    "OTit": "",
    "FOA": "1443",
    "Rating": "AUG25",
    "Gms": "5",
    "K": "40",
    "B-day": "1997",
    "Flag": ""
  },
  {
    "ID Number": "11201398",
    "Name": "Hamirwasia, Arpit",
    "Fed": "BRN",
    "Sex": "M",
    "Title": "",
    "WTit": "",
    "OTit": "",
    "FOA": "1782",
    "Rating": "AUG25",
    "Gms": "0",
    "K": "20",
    "B-day": "1997",
    "Flag": "i"
  },
  {
    "ID Number": "11203161",
    "Name": "Hammadi, Halima",
    "Fed": "BRN",
    "Sex": "F",
    "Title": "",
    "WTit": "",
    "OTit": "",
    "FOA": "1417",
    "Rating": "AUG25",
    "Gms": "0",
    "K": "20",
    "B-day": "2001",
    "Flag": "wi"
  },
  {
    "ID Number": "11206004",
    "Name": "Hasan Majed, Mohammed",
    "Fed": "BRN",
    "Sex": "M",
    "Title": "",
    "WTit": "",
    "OTit": "",
    "FOA": "1431",
    "Rating": "AUG25",
    "Gms": "0",
    "K": "40",
    "B-day": "2008",
    "Flag": "i"
  },
  {
    "ID Number": "11206268",
    "Name": "Hasan, Zaki",
    "Fed": "BRN",
    "Sex": "M",
    "Title": "",
    "WTit": "",
    "OTit": "",
    "FOA": "1532",
    "Rating": "AUG25",
    "Gms": "8",
    "K": "20",
    "B-day": "2003",
    "Flag": ""
  },
  {
    "ID Number": "11206551",
    "Name": "Hassan Yusuf Sayed Sharaf",
    "Fed": "BRN",
    "Sex": "M",
    "Title": "",
    "WTit": "",
    "OTit": "",
    "FOA": "1497",
    "Rating": "AUG25",
    "Gms": "0",
    "K": "40",
    "B-day": "2014",
    "Flag": "i"
  },
  {
    "ID Number": "11203064",
    "Name": "Helal, Qasim",
    "Fed": "BRN",
    "Sex": "M",
    "Title": "",
    "WTit": "",
    "OTit": "",
    "FOA": "1533",
    "Rating": "AUG25",
    "Gms": "0",
    "K": "20",
    "B-day": "1995",
    "Flag": "i"
  },
  {
    "ID Number": "11205768",
    "Name": "Husain, Sabt",
    "Fed": "BRN",
    "Sex": "M",
    "Title": "",
    "WTit": "",
    "OTit": "",
    "FOA": "1422",
    "Rating": "AUG25",
    "Gms": "0",
    "K": "20",
    "B-day": "1987",
    "Flag": "i"
  },
  {
    "ID Number": "11205709",
    "Name": "Hussam, Almahoozi",
    "Fed": "BRN",
    "Sex": "M",
    "Title": "",
    "WTit": "",
    "OTit": "",
    "FOA": "1536",
    "Rating": "AUG25",
    "Gms": "0",
    "K": "20",
    "B-day": "1988",
    "Flag": "i"
  },
  {
    "ID Number": "11203331",
    "Name": "Jalili, Abdulrahman",
    "Fed": "BRN",
    "Sex": "M",
    "Title": "",
    "WTit": "",
    "OTit": "",
    "FOA": "1788",
    "Rating": "AUG25",
    "Gms": "0",
    "K": "20",
    "B-day": "2000",
    "Flag": "i"
  },
  {
    "ID Number": "11200073",
    "Name": "Janahi, Zeyad",
    "Fed": "BRN",
    "Sex": "M",
    "Title": "FM",
    "WTit": "",
    "OTit": "",
    "FOA": "2005",
    "Rating": "AUG25",
    "Gms": "11",
    "K": "20",
    "B-day": "1979",
    "Flag": ""
  },
  {
    "ID Number": "11204273",
    "Name": "Jawad, Jad Tareq",
    "Fed": "BRN",
    "Sex": "M",
    "Title": "",
    "WTit": "",
    "OTit": "",
    "FOA": "1436",
    "Rating": "AUG25",
    "Gms": "0",
    "K": "40",
    "B-day": "2013",
    "Flag": ""
  },
  {
    "ID Number": "11200626",
    "Name": "Jawad, Mohammed",
    "Fed": "BRN",
    "Sex": "M",
    "Title": "",
    "WTit": "",
    "OTit": "",
    "FOA": "1900",
    "Rating": "AUG25",
    "Gms": "0",
    "K": "20",
    "B-day": "0",
    "Flag": "i"
  },
  {
    "ID Number": "11205741",
    "Name": "Joudi Mansoor AlFaraj",
    "Fed": "BRN",
    "Sex": "F",
    "Title": "",
    "WTit": "",
    "OTit": "",
    "FOA": "1503",
    "Rating": "AUG25",
    "Gms": "6",
    "K": "40",
    "B-day": "2013",
    "Flag": "w"
  },
  {
    "ID Number": "11203595",
    "Name": "Kareem, Manassaki",
    "Fed": "BRN",
    "Sex": "M",
    "Title": "",
    "WTit": "",
    "OTit": "",
    "FOA": "1549",
    "Rating": "AUG25",
    "Gms": "0",
    "K": "40",
    "B-day": "2008",
    "Flag": "i"
  },
  {
    "ID Number": "11205776",
    "Name": "Laith, Alkhalili",
    "Fed": "BRN",
    "Sex": "M",
    "Title": "",
    "WTit": "",
    "OTit": "",
    "FOA": "1501",
    "Rating": "AUG25",
    "Gms": "0",
    "K": "20",
    "B-day": "1990",
    "Flag": "i"
  },
  {
    "ID Number": "11206764",
    "Name": "Mahdi, Aburowais",
    "Fed": "BRN",
    "Sex": "M",
    "Title": "",
    "WTit": "",
    "OTit": "",
    "FOA": "1476",
    "Rating": "AUG25",
    "Gms": "0",
    "K": "20",
    "B-day": "1996",
    "Flag": "i"
  },
  {
    "ID Number": "11209038",
    "Name": "Maitham, Ali",
    "Fed": "BRN",
    "Sex": "M",
    "Title": "",
    "WTit": "",
    "OTit": "",
    "FOA": "1405",
    "Rating": "AUG25",
    "Gms": "0",
    "K": "40",
    "B-day": "2010",
    "Flag": "i"
  },
  {
    "ID Number": "11201967",
    "Name": "Malinis, Henry",
    "Fed": "BRN",
    "Sex": "M",
    "Title": "",
    "WTit": "",
    "OTit": "",
    "FOA": "1722",
    "Rating": "AUG25",
    "Gms": "0",
    "K": "20",
    "B-day": "1978",
    "Flag": "i"
  },
  {
    "ID Number": "11203021",
    "Name": "Marhoon, Ali",
    "Fed": "BRN",
    "Sex": "M",
    "Title": "",
    "WTit": "",
    "OTit": "",
    "FOA": "1718",
    "Rating": "AUG25",
    "Gms": "0",
    "K": "20",
    "B-day": "1991",
    "Flag": "i"
  },
  {
    "ID Number": "11202955",
    "Name": "Marwan Al Binali",
    "Fed": "BRN",
    "Sex": "M",
    "Title": "",
    "WTit": "",
    "OTit": "",
    "FOA": "1670",
    "Rating": "AUG25",
    "Gms": "0",
    "K": "40",
    "B-day": "2007",
    "Flag": ""
  },
  {
    "ID Number": "11210184",
    "Name": "Mohamed Ali Albuainain",
    "Fed": "BRN",
    "Sex": "M",
    "Title": "",
    "WTit": "",
    "OTit": "",
    "FOA": "1459",
    "Rating": "AUG25",
    "Gms": "5",
    "K": "40",
    "B-day": "2002",
    "Flag": ""
  },
  {
    "ID Number": "11209046",
    "Name": "Mohamed, Ameer",
    "Fed": "BRN",
    "Sex": "M",
    "Title": "",
    "WTit": "",
    "OTit": "",
    "FOA": "1452",
    "Rating": "AUG25",
    "Gms": "0",
    "K": "20",
    "B-day": "1973",
    "Flag": "i"
  },
  {
    "ID Number": "11200421",
    "Name": "Mohamed, Sheer",
    "Fed": "BRN",
    "Sex": "M",
    "Title": "",
    "WTit": "",
    "OTit": "",
    "FOA": "1802",
    "Rating": "AUG25",
    "Gms": "0",
    "K": "20",
    "B-day": "1972",
    "Flag": "i"
  },
  {
    "ID Number": "11204265",
    "Name": "Monther, Alfardan",
    "Fed": "BRN",
    "Sex": "M",
    "Title": "CM",
    "WTit": "",
    "OTit": "",
    "FOA": "1624",
    "Rating": "AUG25",
    "Gms": "0",
    "K": "20",
    "B-day": "1980",
    "Flag": "i"
  },
  {
    "ID Number": "11203242",
    "Name": "Mosa, Hamad",
    "Fed": "BRN",
    "Sex": "M",
    "Title": "",
    "WTit": "",
    "OTit": "",
    "FOA": "1618",
    "Rating": "AUG25",
    "Gms": "6",
    "K": "20",
    "B-day": "2000",
    "Flag": ""
  },
  {
    "ID Number": "11204435",
    "Name": "Murtadha, Husan",
    "Fed": "BRN",
    "Sex": "M",
    "Title": "",
    "WTit": "",
    "OTit": "",
    "FOA": "1480",
    "Rating": "AUG25",
    "Gms": "0",
    "K": "40",
    "B-day": "2010",
    "Flag": "i"
  },
  {
    "ID Number": "11204443",
    "Name": "Murtadha, Hussain",
    "Fed": "BRN",
    "Sex": "M",
    "Title": "",
    "WTit": "",
    "OTit": "",
    "FOA": "1469",
    "Rating": "AUG25",
    "Gms": "0",
    "K": "40",
    "B-day": "2007",
    "Flag": "i"
  },
  {
    "ID Number": "11200898",
    "Name": "Mustafa Husain, Hani",
    "Fed": "BRN",
    "Sex": "M",
    "Title": "",
    "WTit": "",
    "OTit": "",
    "FOA": "1689",
    "Rating": "AUG25",
    "Gms": "0",
    "K": "20",
    "B-day": "0",
    "Flag": "i"
  },
  {
    "ID Number": "11200103",
    "Name": "Mutaywea, Aysha",
    "Fed": "BRN",
    "Sex": "F",
    "Title": "",
    "WTit": "",
    "OTit": "",
    "FOA": "1862",
    "Rating": "AUG25",
    "Gms": "0",
    "K": "20",
    "B-day": "1986",
    "Flag": "wi"
  },
  {
    "ID Number": "11205385",
    "Name": "Obaid, Abdulrahman",
    "Fed": "BRN",
    "Sex": "M",
    "Title": "",
    "WTit": "",
    "OTit": "",
    "FOA": "1506",
    "Rating": "AUG25",
    "Gms": "0",
    "K": "20",
    "B-day": "2006",
    "Flag": "i"
  },
  {
    "ID Number": "11205369",
    "Name": "Obaid, Dania",
    "Fed": "BRN",
    "Sex": "F",
    "Title": "",
    "WTit": "",
    "OTit": "",
    "FOA": "1432",
    "Rating": "AUG25",
    "Gms": "0",
    "K": "40",
    "B-day": "2010",
    "Flag": "wi"
  },
  {
    "ID Number": "11205377",
    "Name": "Obaid, Sondos",
    "Fed": "BRN",
    "Sex": "F",
    "Title": "",
    "WTit": "",
    "OTit": "",
    "FOA": "1518",
    "Rating": "AUG25",
    "Gms": "4",
    "K": "40",
    "B-day": "2007",
    "Flag": "w"
  },
  {
    "ID Number": "11205512",
    "Name": "Omran, Hasan",
    "Fed": "BRN",
    "Sex": "M",
    "Title": "",
    "WTit": "",
    "OTit": "",
    "FOA": "1474",
    "Rating": "AUG25",
    "Gms": "0",
    "K": "20",
    "B-day": "1998",
    "Flag": "i"
  },
  {
    "ID Number": "11202718",
    "Name": "Pranesh, J.r.",
    "Fed": "BRN",
    "Sex": "M",
    "Title": "",
    "WTit": "",
    "OTit": "",
    "FOA": "1585",
    "Rating": "AUG25",
    "Gms": "0",
    "K": "40",
    "B-day": "2007",
    "Flag": "i"
  },
  {
    "ID Number": "11205784",
    "Name": "Qusay, Akhalili",
    "Fed": "BRN",
    "Sex": "M",
    "Title": "",
    "WTit": "",
    "OTit": "",
    "FOA": "1479",
    "Rating": "AUG25",
    "Gms": "0",
    "K": "20",
    "B-day": "1977",
    "Flag": "i"
  },
  {
    "ID Number": "11201428",
    "Name": "Raghavan, Siddharth",
    "Fed": "BRN",
    "Sex": "M",
    "Title": "",
    "WTit": "",
    "OTit": "",
    "FOA": "1724",
    "Rating": "AUG25",
    "Gms": "0",
    "K": "20",
    "B-day": "1998",
    "Flag": "i"
  },
  {
    "ID Number": "11208058",
    "Name": "Rajab, Nooh",
    "Fed": "BRN",
    "Sex": "M",
    "Title": "",
    "WTit": "",
    "OTit": "",
    "FOA": "1551",
    "Rating": "AUG25",
    "Gms": "8",
    "K": "40",
    "B-day": "2010",
    "Flag": ""
  },
  {
    "ID Number": "11201770",
    "Name": "Rodulph, Llorca",
    "Fed": "BRN",
    "Sex": "M",
    "Title": "",
    "WTit": "",
    "OTit": "",
    "FOA": "1770",
    "Rating": "AUG25",
    "Gms": "0",
    "K": "20",
    "B-day": "1979",
    "Flag": "i"
  },
  {
    "ID Number": "11200413",
    "Name": "Rouquier, Burhan",
    "Fed": "BRN",
    "Sex": "M",
    "Title": "",
    "WTit": "",
    "OTit": "",
    "FOA": "1731",
    "Rating": "AUG25",
    "Gms": "0",
    "K": "20",
    "B-day": "1985",
    "Flag": "i"
  },
  {
    "ID Number": "11206241",
    "Name": "Saeed Marzooq Albonni",
    "Fed": "BRN",
    "Sex": "M",
    "Title": "",
    "WTit": "",
    "OTit": "",
    "FOA": "1525",
    "Rating": "AUG25",
    "Gms": "0",
    "K": "40",
    "B-day": "2007",
    "Flag": "i"
  },
  {
    "ID Number": "11210028",
    "Name": "Saud Saad Albinkhalil",
    "Fed": "BRN",
    "Sex": "M",
    "Title": "",
    "WTit": "",
    "OTit": "",
    "FOA": "1439",
    "Rating": "AUG25",
    "Gms": "1",
    "K": "20",
    "B-day": "2000",
    "Flag": ""
  },
  {
    "ID Number": "11201789",
    "Name": "Shaker, Musab",
    "Fed": "BRN",
    "Sex": "M",
    "Title": "CM",
    "WTit": "",
    "OTit": "",
    "FOA": "1689",
    "Rating": "AUG25",
    "Gms": "10",
    "K": "20",
    "B-day": "1986",
    "Flag": ""
  },
  {
    "ID Number": "11205679",
    "Name": "Sharaf, Hawra",
    "Fed": "BRN",
    "Sex": "F",
    "Title": "WCM",
    "WTit": "WCM",
    "OTit": "",
    "FOA": "1588",
    "Rating": "AUG25",
    "Gms": "0",
    "K": "20",
    "B-day": "2003",
    "Flag": "w"
  },
  {
    "ID Number": "11209054",
    "Name": "Shubber, Sayed Mahmood",
    "Fed": "BRN",
    "Sex": "M",
    "Title": "",
    "WTit": "",
    "OTit": "",
    "FOA": "1703",
    "Rating": "AUG25",
    "Gms": "8",
    "K": "20",
    "B-day": "2001",
    "Flag": ""
  },
  {
    "ID Number": "11201444",
    "Name": "Sridhar, Pranav",
    "Fed": "BRN",
    "Sex": "M",
    "Title": "",
    "WTit": "",
    "OTit": "",
    "FOA": "1750",
    "Rating": "AUG25",
    "Gms": "0",
    "K": "20",
    "B-day": "1998",
    "Flag": "i"
  },
  {
    "ID Number": "11210010",
    "Name": "Tamer Alhadi",
    "Fed": "BRN",
    "Sex": "M",
    "Title": "",
    "WTit": "",
    "OTit": "",
    "FOA": "1521",
    "Rating": "AUG25",
    "Gms": "0",
    "K": "20",
    "B-day": "2006",
    "Flag": ""
  },
  {
    "ID Number": "11205814",
    "Name": "Taqi, Mohamed",
    "Fed": "BRN",
    "Sex": "M",
    "Title": "",
    "WTit": "NA",
    "OTit": "",
    "FOA": "1641",
    "Rating": "AUG25",
    "Gms": "0",
    "K": "20",
    "B-day": "2005",
    "Flag": ""
  },
  {
    "ID Number": "11203951",
    "Name": "Taqi, Sayed Mohamed",
    "Fed": "BRN",
    "Sex": "M",
    "Title": "",
    "WTit": "",
    "OTit": "",
    "FOA": "1604",
    "Rating": "AUG25",
    "Gms": "0",
    "K": "20",
    "B-day": "1995",
    "Flag": "i"
  },
  {
    "ID Number": "11205245",
    "Name": "Tissir, Hamza",
    "Fed": "BRN",
    "Sex": "M",
    "Title": "",
    "WTit": "",
    "OTit": "",
    "FOA": "1638",
    "Rating": "AUG25",
    "Gms": "0",
    "K": "40",
    "B-day": "2015",
    "Flag": ""
  },
  {
    "ID Number": "11205610",
    "Name": "Tulefat, Tefla",
    "Fed": "BRN",
    "Sex": "F",
    "Title": "",
    "WTit": "",
    "OTit": "",
    "FOA": "1405",
    "Rating": "AUG25",
    "Gms": "0",
    "K": "20",
    "B-day": "1998",
    "Flag": "w"
  },
  {
    "ID Number": "11209135",
    "Name": "Turki, Faraj",
    "Fed": "BRN",
    "Sex": "M",
    "Title": "",
    "WTit": "",
    "OTit": "",
    "FOA": "1460",
    "Rating": "AUG25",
    "Gms": "0",
    "K": "40",
    "B-day": "2009",
    "Flag": "i"
  },
  {
    "ID Number": "11200642",
    "Name": "Waheed, Khalid",
    "Fed": "BRN",
    "Sex": "M",
    "Title": "",
    "WTit": "",
    "OTit": "",
    "FOA": "1630",
    "Rating": "AUG25",
    "Gms": "0",
    "K": "20",
    "B-day": "1986",
    "Flag": "i"
  },
  {
    "ID Number": "11205857",
    "Name": "Yaqoob, Wafa",
    "Fed": "BRN",
    "Sex": "F",
    "Title": "WCM",
    "WTit": "WCM",
    "OTit": "NA",
    "FOA": "1439",
    "Rating": "AUG25",
    "Gms": "0",
    "K": "20",
    "B-day": "1989",
    "Flag": "wi"
  },
  {
    "ID Number": "11206861",
    "Name": "Yaser, Abdulla",
    "Fed": "BRN",
    "Sex": "M",
    "Title": "",
    "WTit": "",
    "OTit": "",
    "FOA": "1562",
    "Rating": "AUG25",
    "Gms": "0",
    "K": "20",
    "B-day": "2001",
    "Flag": ""
  },
  {
    "ID Number": "11206632",
    "Name": "Yusuf Ahmed Alsaegh",
    "Fed": "BRN",
    "Sex": "M",
    "Title": "",
    "WTit": "",
    "OTit": "",
    "FOA": "1448",
    "Rating": "AUG25",
    "Gms": "4",
    "K": "40",
    "B-day": "2009",
    "Flag": ""
  },
  {
    "ID Number": "11205636",
    "Name": "Yusuf, Al Asfoor",
    "Fed": "BRN",
    "Sex": "M",
    "Title": "",
    "WTit": "",
    "OTit": "",
    "FOA": "1482",
    "Rating": "AUG25",
    "Gms": "0",
    "K": "20",
    "B-day": "1973",
    "Flag": "i"
  }
]