[
  {
    "ID Number": "11201177",
    "Name": "A.lateef, Ahmad",
    "Fed": "BRN",
    "Sex": "M",
    "Title": "",
    "WTit": "",
    "OTit": "",
    "Rating": "1963",
    "Gms": "0",
    "K": "20",
    "RatingMonth": "SEP25",
    "B-day": "0",
    "Flag": "i"
  },
  {
    "ID Number": "11202483",
    "Name": "A.lateef, Ahmed Ahmed",
    "Fed": "BRN",
    "Sex": "M",
    "Title": "",
    "WTit": "",
    "OTit": "",
    "Rating": "1573",
    "Gms": "0",
    "K": "20",
    "RatingMonth": "SEP25",
    "B-day": "1996",
    "Flag": "i"
  },
  {
    "ID Number": "11209895",
    "Name": "Aamer Mohamed Alghazali",
    "Fed": "BRN",
    "Sex": "M",
    "Title": "",
    "WTit": "",
    "OTit": "",
    "Rating": "1445",
    "Gms": "0",
    "K": "40",
    "RatingMonth": "SEP25",
    "B-day": "1996",
    "Flag": ""
  },
  {
    "ID Number": "11200545",
    "Name": "Abbas, Ali",
    "Fed": "BRN",
    "Sex": "M",
    "Title": "",
    "WTit": "",
    "OTit": "",
    "Rating": "1867",
    "Gms": "0",
    "K": "20",
    "RatingMonth": "SEP25",
    "B-day": "1973",
    "Flag": ""
  },
  {
    "ID Number": "11205628",
    "Name": "Abbas, Mohamed",
    "Fed": "BRN",
    "Sex": "M",
    "Title": "",
    "WTit": "",
    "OTit": "",
    "Rating": "1513",
    "Gms": "0",
    "K": "20",
    "RatingMonth": "SEP25",
    "B-day": "1993",
    "Flag": "i"
  },
  {
    "ID Number": "11201185",
    "Name": "Abdulla, Hameed",
    "Fed": "BRN",
    "Sex": "M",
    "Title": "",
    "WTit": "",
    "OTit": "",
    "Rating": "1584",
    "Gms": "0",
    "K": "20",
    "RatingMonth": "SEP25",
    "B-day": "0",
    "Flag": "i"
  },
  {
    "ID Number": "11200570",
    "Name": "Abdulla, Mohammed",
    "Fed": "BRN",
    "Sex": "M",
    "Title": "",
    "WTit": "",
    "OTit": "",
    "Rating": "1616",
    "Gms": "0",
    "K": "20",
    "RatingMonth": "SEP25",
    "B-day": "0",
    "Flag": "i"
  },
  {
    "ID Number": "11204990",
    "Name": "Abdulla, Ronin",
    "Fed": "BRN",
    "Sex": "M",
    "Title": "",
    "WTit": "",
    "OTit": "",
    "Rating": "1732",
    "Gms": "0",
    "K": "40",
    "RatingMonth": "SEP25",
    "B-day": "2008",
    "Flag": ""
  },
  {
    "ID Number": "11207396",
    "Name": "Abdulla, Yusuf",
    "Fed": "BRN",
    "Sex": "M",
    "Title": "",
    "WTit": "",
    "OTit": "",
    "Rating": "1539",
    "Gms": "0",
    "K": "40",
    "RatingMonth": "SEP25",
    "B-day": "1990",
    "Flag": "i"
  },
  {
    "ID Number": "11204540",
    "Name": "Abu Baker, Khaled",
    "Fed": "BRN",
    "Sex": "M",
    "Title": "",
    "WTit": "",
    "OTit": "",
    "Rating": "1429",
    "Gms": "0",
    "K": "20",
    "RatingMonth": "SEP25",
    "B-day": "1977",
    "Flag": "i"
  },
  {
    "ID Number": "11202882",
    "Name": "Ahmed Ebrahim Hasan",
    "Fed": "BRN",
    "Sex": "M",
    "Title": "",
    "WTit": "DI,NA",
    "OTit": "",
    "Rating": "AFM",
    "Gms": "1662",
    "K": "0",
    "RatingMonth": "SEP25",
    "B-day": "1984",
    "Flag": "i"
  },
  {
    "ID Number": "11210303",
    "Name": "Ahmed Neaman Alhasan",
    "Fed": "BRN",
    "Sex": "M",
    "Title": "",
    "WTit": "",
    "OTit": "",
    "Rating": "1590",
    "Gms": "0",
    "K": "40",
    "RatingMonth": "SEP25",
    "B-day": "1998",
    "Flag": ""
  },
  {
    "ID Number": "11204249",
    "Name": "Ahmed, Nader",
    "Fed": "BRN",
    "Sex": "M",
    "Title": "",
    "WTit": "",
    "OTit": "",
    "Rating": "1512",
    "Gms": "0",
    "K": "20",
    "RatingMonth": "SEP25",
    "B-day": "1997",
    "Flag": "i"
  },
  {
    "ID Number": "11205270",
    "Name": "Ahmed, Najla",
    "Fed": "BRN",
    "Sex": "F",
    "Title": "",
    "WTit": "NA",
    "OTit": "",
    "Rating": "1517",
    "Gms": "0",
    "K": "20",
    "RatingMonth": "SEP25",
    "B-day": "2000",
    "Flag": "w"
  },
  {
    "ID Number": "11202297",
    "Name": "Al Aradi, Mohamed",
    "Fed": "BRN",
    "Sex": "M",
    "Title": "",
    "WTit": "",
    "OTit": "",
    "Rating": "1537",
    "Gms": "0",
    "K": "20",
    "RatingMonth": "SEP25",
    "B-day": "1991",
    "Flag": "i"
  },
  {
    "ID Number": "11202300",
    "Name": "Al Jamri, Maleeha",
    "Fed": "BRN",
    "Sex": "F",
    "Title": "",
    "WTit": "NI,IA",
    "OTit": "",
    "Rating": "1584",
    "Gms": "0",
    "K": "20",
    "RatingMonth": "SEP25",
    "B-day": "1991",
    "Flag": "wi"
  },
  {
    "ID Number": "11201851",
    "Name": "Al Jowder, Isa",
    "Fed": "BRN",
    "Sex": "M",
    "Title": "",
    "WTit": "",
    "OTit": "",
    "Rating": "1471",
    "Gms": "0",
    "K": "20",
    "RatingMonth": "SEP25",
    "B-day": "2003",
    "Flag": "i"
  },
  {
    "ID Number": "11202319",
    "Name": "Al Jowder, Jassim",
    "Fed": "BRN",
    "Sex": "M",
    "Title": "",
    "WTit": "",
    "OTit": "",
    "Rating": "1410",
    "Gms": "0",
    "K": "20",
    "RatingMonth": "SEP25",
    "B-day": "2005",
    "Flag": "i"
  },
  {
    "ID Number": "11206640",
    "Name": "Al Khalifa, Sh. Khaled",
    "Fed": "BRN",
    "Sex": "M",
    "Title": "",
    "WTit": "",
    "OTit": "",
    "Rating": "1522",
    "Gms": "0",
    "K": "40",
    "RatingMonth": "SEP25",
    "B-day": "2004",
    "Flag": "i"
  },
  {
    "ID Number": "11203927",
    "Name": "Al Mahmood, Rashid",
    "Fed": "BRN",
    "Sex": "M",
    "Title": "",
    "WTit": "",
    "OTit": "",
    "Rating": "1542",
    "Gms": "0",
    "K": "20",
    "RatingMonth": "SEP25",
    "B-day": "1999",
    "Flag": "i"
  },
  {
    "ID Number": "11201517",
    "Name": "Al Mahmood, Salman",
    "Fed": "BRN",
    "Sex": "M",
    "Title": "",
    "WTit": "",
    "OTit": "",
    "Rating": "1754",
    "Gms": "0",
    "K": "20",
    "RatingMonth": "SEP25",
    "B-day": "2004",
    "Flag": "i"
  },
  {
    "ID Number": "11203358",
    "Name": "AL Najem, Mamdooh",
    "Fed": "BRN",
    "Sex": "M",
    "Title": "",
    "WTit": "",
    "OTit": "",
    "Rating": "1588",
    "Gms": "0",
    "K": "40",
    "RatingMonth": "SEP25",
    "B-day": "1987",
    "Flag": "i"
  },
  {
    "ID Number": "11203668",
    "Name": "Al Sahaf, Ali",
    "Fed": "BRN",
    "Sex": "M",
    "Title": "",
    "WTit": "NA",
    "OTit": "",
    "Rating": "1538",
    "Gms": "0",
    "K": "20",
    "RatingMonth": "SEP25",
    "B-day": "2001",
    "Flag": "i"
  },
  {
    "ID Number": "11200030",
    "Name": "Al Sulaiti, Ali",
    "Fed": "BRN",
    "Sex": "M",
    "Title": "",
    "WTit": "FI",
    "OTit": "",
    "Rating": "2101",
    "Gms": "0",
    "K": "20",
    "RatingMonth": "SEP25",
    "B-day": "1973",
    "Flag": "i"
  },
  {
    "ID Number": "11200162",
    "Name": "Al-Ghasra, Ahmed",
    "Fed": "BRN",
    "Sex": "M",
    "Title": "",
    "WTit": "",
    "OTit": "",
    "Rating": "1708",
    "Gms": "0",
    "K": "20",
    "RatingMonth": "SEP25",
    "B-day": "1989",
    "Flag": "i"
  },
  {
    "ID Number": "11200057",
    "Name": "Al-Ghasra, Ali",
    "Fed": "BRN",
    "Sex": "M",
    "Title": "CM",
    "WTit": "",
    "OTit": "",
    "Rating": "1947",
    "Gms": "0",
    "K": "20",
    "RatingMonth": "SEP25",
    "B-day": "1986",
    "Flag": ""
  },
  {
    "ID Number": "11200170",
    "Name": "Al-Ghasra, Osama",
    "Fed": "BRN",
    "Sex": "M",
    "Title": "",
    "WTit": "",
    "OTit": "",
    "Rating": "1801",
    "Gms": "0",
    "K": "20",
    "RatingMonth": "SEP25",
    "B-day": "1993",
    "Flag": "i"
  },
  {
    "ID Number": "11203005",
    "Name": "Al-Madani, Ebrahim",
    "Fed": "BRN",
    "Sex": "M",
    "Title": "",
    "WTit": "",
    "OTit": "",
    "Rating": "1529",
    "Gms": "0",
    "K": "20",
    "RatingMonth": "SEP25",
    "B-day": "1987",
    "Flag": "i"
  },
  {
    "ID Number": "11201959",
    "Name": "Al-Saboori,Khalil",
    "Fed": "BRN",
    "Sex": "M",
    "Title": "",
    "WTit": "",
    "OTit": "",
    "Rating": "1788",
    "Gms": "0",
    "K": "20",
    "RatingMonth": "SEP25",
    "B-day": "1990",
    "Flag": "i"
  },
  {
    "ID Number": "11202947",
    "Name": "Alaa, Al Rayash",
    "Fed": "BRN",
    "Sex": "M",
    "Title": "",
    "WTit": "",
    "OTit": "",
    "Rating": "1733",
    "Gms": "0",
    "K": "20",
    "RatingMonth": "SEP25",
    "B-day": "1985",
    "Flag": "i"
  },
  {
    "ID Number": "11208201",
    "Name": "AlAbbas, Ali",
    "Fed": "BRN",
    "Sex": "M",
    "Title": "",
    "WTit": "",
    "OTit": "",
    "Rating": "ACM",
    "Gms": "1554",
    "K": "1",
    "RatingMonth": "SEP25",
    "B-day": "2013",
    "Flag": ""
  },
  {
    "ID Number": "11207060",
    "Name": "Alasfoor, Hasan",
    "Fed": "BRN",
    "Sex": "M",
    "Title": "",
    "WTit": "",
    "OTit": "",
    "Rating": "ACM",
    "Gms": "1578",
    "K": "0",
    "RatingMonth": "SEP25",
    "B-day": "2011",
    "Flag": ""
  },
  {
    "ID Number": "11204338",
    "Name": "Alatoom, Ibrahim",
    "Fed": "BRN",
    "Sex": "M",
    "Title": "",
    "WTit": "",
    "OTit": "",
    "Rating": "1594",
    "Gms": "0",
    "K": "20",
    "RatingMonth": "SEP25",
    "B-day": "1993",
    "Flag": "i"
  },
  {
    "ID Number": "11200774",
    "Name": "Alattar, Majed",
    "Fed": "BRN",
    "Sex": "M",
    "Title": "",
    "WTit": "",
    "OTit": "",
    "Rating": "1552",
    "Gms": "0",
    "K": "20",
    "RatingMonth": "SEP25",
    "B-day": "1971",
    "Flag": "i"
  },
  {
    "ID Number": "11203579",
    "Name": "Albinkhalil, Faisal",
    "Fed": "BRN",
    "Sex": "M",
    "Title": "",
    "WTit": "",
    "OTit": "",
    "Rating": "1508",
    "Gms": "0",
    "K": "20",
    "RatingMonth": "SEP25",
    "B-day": "1993",
    "Flag": ""
  },
  {
    "ID Number": "11206977",
    "Name": "Albuainain, Ali",
    "Fed": "BRN",
    "Sex": "M",
    "Title": "",
    "WTit": "",
    "OTit": "",
    "Rating": "1614",
    "Gms": "0",
    "K": "40",
    "RatingMonth": "SEP25",
    "B-day": "2004",
    "Flag": ""
  },
  {
    "ID Number": "11201126",
    "Name": "AlBurshaid, Ebrahim",
    "Fed": "BRN",
    "Sex": "M",
    "Title": "",
    "WTit": "",
    "OTit": "",
    "Rating": "1792",
    "Gms": "0",
    "K": "20",
    "RatingMonth": "SEP25",
    "B-day": "1988",
    "Flag": "i"
  },
  {
    "ID Number": "11207981",
    "Name": "AlGhadhwi, Abdurahman",
    "Fed": "BRN",
    "Sex": "M",
    "Title": "",
    "WTit": "",
    "OTit": "",
    "Rating": "1501",
    "Gms": "0",
    "K": "40",
    "RatingMonth": "SEP25",
    "B-day": "1999",
    "Flag": "i"
  },
  {
    "ID Number": "11208090",
    "Name": "Algosaibi, Khalifa",
    "Fed": "BRN",
    "Sex": "M",
    "Title": "",
    "WTit": "",
    "OTit": "",
    "Rating": "1582",
    "Gms": "0",
    "K": "40",
    "RatingMonth": "SEP25",
    "B-day": "1998",
    "Flag": "i"
  },
  {
    "ID Number": "11206659",
    "Name": "Alhirmi, Mohamed",
    "Fed": "BRN",
    "Sex": "M",
    "Title": "",
    "WTit": "",
    "OTit": "",
    "Rating": "1435",
    "Gms": "0",
    "K": "40",
    "RatingMonth": "SEP25",
    "B-day": "1996",
    "Flag": "i"
  },
  {
    "ID Number": "11203757",
    "Name": "Ali, Ali",
    "Fed": "BRN",
    "Sex": "M",
    "Title": "",
    "WTit": "",
    "OTit": "",
    "Rating": "1688",
    "Gms": "0",
    "K": "20",
    "RatingMonth": "SEP25",
    "B-day": "1996",
    "Flag": "i"
  },
  {
    "ID Number": "11205911",
    "Name": "Ali, Samer Alaradi",
    "Fed": "BRN",
    "Sex": "M",
    "Title": "",
    "WTit": "",
    "OTit": "",
    "Rating": "1472",
    "Gms": "0",
    "K": "40",
    "RatingMonth": "SEP25",
    "B-day": "2006",
    "Flag": "i"
  },
  {
    "ID Number": "11204877",
    "Name": "Ali, Sayed Hashim",
    "Fed": "BRN",
    "Sex": "M",
    "Title": "",
    "WTit": "",
    "OTit": "",
    "Rating": "1573",
    "Gms": "5",
    "K": "40",
    "RatingMonth": "SEP25",
    "B-day": "2010",
    "Flag": ""
  },
  {
    "ID Number": "11204885",
    "Name": "Ali, Sayed Mohammed",
    "Fed": "BRN",
    "Sex": "M",
    "Title": "",
    "WTit": "",
    "OTit": "",
    "Rating": "1412",
    "Gms": "0",
    "K": "40",
    "RatingMonth": "SEP25",
    "B-day": "2011",
    "Flag": "i"
  },
  {
    "ID Number": "11209224",
    "Name": "Ali, Yusuf Mujtaba",
    "Fed": "BRN",
    "Sex": "M",
    "Title": "",
    "WTit": "",
    "OTit": "",
    "Rating": "1681",
    "Gms": "0",
    "K": "40",
    "RatingMonth": "SEP25",
    "B-day": "2021",
    "Flag": ""
  },
  {
    "ID Number": "11204605",
    "Name": "Alkhaja, Abdulla",
    "Fed": "BRN",
    "Sex": "M",
    "Title": "",
    "WTit": "",
    "OTit": "",
    "Rating": "1588",
    "Gms": "0",
    "K": "20",
    "RatingMonth": "SEP25",
    "B-day": "1995",
    "Flag": "i"
  },
  {
    "ID Number": "11208830",
    "Name": "Alkhamiry, Mohammed",
    "Fed": "BRN",
    "Sex": "M",
    "Title": "",
    "WTit": "",
    "OTit": "",
    "Rating": "1480",
    "Gms": "4",
    "K": "40",
    "RatingMonth": "SEP25",
    "B-day": "2007",
    "Flag": ""
  },
  {
    "ID Number": "11205792",
    "Name": "Almajed, Mohamed",
    "Fed": "BRN",
    "Sex": "M",
    "Title": "",
    "WTit": "",
    "OTit": "",
    "Rating": "1596",
    "Gms": "0",
    "K": "20",
    "RatingMonth": "SEP25",
    "B-day": "2000",
    "Flag": "i"
  },
  {
    "ID Number": "11206900",
    "Name": "Almerbati, Abdulrahman",
    "Fed": "BRN",
    "Sex": "M",
    "Title": "",
    "WTit": "",
    "OTit": "",
    "Rating": "1529",
    "Gms": "0",
    "K": "20",
    "RatingMonth": "SEP25",
    "B-day": "1987",
    "Flag": "i"
  },
  {
    "ID Number": "11205466",
    "Name": "Almusawi, Ali",
    "Fed": "BRN",
    "Sex": "M",
    "Title": "",
    "WTit": "",
    "OTit": "",
    "Rating": "1445",
    "Gms": "3",
    "K": "40",
    "RatingMonth": "SEP25",
    "B-day": "2010",
    "Flag": ""
  },
  {
    "ID Number": "11205474",
    "Name": "Almusawi, Mahmood",
    "Fed": "BRN",
    "Sex": "M",
    "Title": "",
    "WTit": "",
    "OTit": "",
    "Rating": "1573",
    "Gms": "4",
    "K": "40",
    "RatingMonth": "SEP25",
    "B-day": "2011",
    "Flag": ""
  },
  {
    "ID Number": "11205458",
    "Name": "Almusawi, Maram",
    "Fed": "BRN",
    "Sex": "F",
    "Title": "WCM",
    "WTit": "WCM",
    "OTit": "",
    "Rating": "1582",
    "Gms": "6",
    "K": "40",
    "RatingMonth": "SEP25",
    "B-day": "2008",
    "Flag": "w"
  },
  {
    "ID Number": "11204370",
    "Name": "Almutawa, Jassim",
    "Fed": "BRN",
    "Sex": "M",
    "Title": "",
    "WTit": "",
    "OTit": "",
    "Rating": "1514",
    "Gms": "0",
    "K": "20",
    "RatingMonth": "SEP25",
    "B-day": "1995",
    "Flag": ""
  },
  {
    "ID Number": "11206730",
    "Name": "Alnajem, Meshal",
    "Fed": "BRN",
    "Sex": "M",
    "Title": "",
    "WTit": "",
    "OTit": "",
    "Rating": "1465",
    "Gms": "0",
    "K": "40",
    "RatingMonth": "SEP25",
    "B-day": "1994",
    "Flag": "i"
  },
  {
    "ID Number": "11207507",
    "Name": "Alqallaf, Ali",
    "Fed": "BRN",
    "Sex": "M",
    "Title": "",
    "WTit": "",
    "OTit": "",
    "Rating": "1478",
    "Gms": "2",
    "K": "40",
    "RatingMonth": "SEP25",
    "B-day": "2015",
    "Flag": ""
  },
  {
    "ID Number": "11207493",
    "Name": "Alqallaf, Yusuf",
    "Fed": "BRN",
    "Sex": "M",
    "Title": "",
    "WTit": "",
    "OTit": "",
    "Rating": "1486",
    "Gms": "0",
    "K": "40",
    "RatingMonth": "SEP25",
    "B-day": "1982",
    "Flag": ""
  },
  {
    "ID Number": "11207280",
    "Name": "Alsabaie, Salah",
    "Fed": "BRN",
    "Sex": "M",
    "Title": "",
    "WTit": "",
    "OTit": "",
    "Rating": "1422",
    "Gms": "0",
    "K": "40",
    "RatingMonth": "SEP25",
    "B-day": "2002",
    "Flag": "i"
  },
  {
    "ID Number": "11205148",
    "Name": "Alsalman, Reem",
    "Fed": "BRN",
    "Sex": "F",
    "Title": "",
    "WTit": "",
    "OTit": "",
    "Rating": "1465",
    "Gms": "4",
    "K": "40",
    "RatingMonth": "SEP25",
    "B-day": "2011",
    "Flag": "w"
  },
  {
    "ID Number": "11207019",
    "Name": "Alsalman, Zainab",
    "Fed": "BRN",
    "Sex": "F",
    "Title": "",
    "WTit": "",
    "OTit": "",
    "Rating": "1437",
    "Gms": "0",
    "K": "40",
    "RatingMonth": "SEP25",
    "B-day": "2007",
    "Flag": "w"
  },
  {
    "ID Number": "11208066",
    "Name": "Alsari, Ali",
    "Fed": "BRN",
    "Sex": "M",
    "Title": "",
    "WTit": "",
    "OTit": "",
    "Rating": "1483",
    "Gms": "0",
    "K": "40",
    "RatingMonth": "SEP25",
    "B-day": "2004",
    "Flag": "i"
  },
  {
    "ID Number": "11206187",
    "Name": "AlSari,Yusuf",
    "Fed": "BRN",
    "Sex": "M",
    "Title": "",
    "WTit": "",
    "OTit": "",
    "Rating": "1625",
    "Gms": "0",
    "K": "20",
    "RatingMonth": "SEP25",
    "B-day": "2002",
    "Flag": ""
  },
  {
    "ID Number": "11207523",
    "Name": "Alshabib,Zainab",
    "Fed": "BRN",
    "Sex": "F",
    "Title": "",
    "WTit": "DI,NA",
    "OTit": "",
    "Rating": "1543",
    "Gms": "0",
    "K": "40",
    "RatingMonth": "SEP25",
    "B-day": "1999",
    "Flag": "wi"
  },
  {
    "ID Number": "11208554",
    "Name": "Alshehabi, Shehab",
    "Fed": "BRN",
    "Sex": "M",
    "Title": "",
    "WTit": "",
    "OTit": "",
    "Rating": "1621",
    "Gms": "0",
    "K": "40",
    "RatingMonth": "SEP25",
    "B-day": "1999",
    "Flag": ""
  },
  {
    "ID Number": "11205520",
    "Name": "Altaif, Ali",
    "Fed": "BRN",
    "Sex": "M",
    "Title": "",
    "WTit": "",
    "OTit": "",
    "Rating": "1566",
    "Gms": "0",
    "K": "20",
    "RatingMonth": "SEP25",
    "B-day": "1998",
    "Flag": "i"
  },
  {
    "ID Number": "11209291",
    "Name": "AlWardi, Hussain",
    "Fed": "BRN",
    "Sex": "M",
    "Title": "",
    "WTit": "",
    "OTit": "",
    "Rating": "1672",
    "Gms": "5",
    "K": "40",
    "RatingMonth": "SEP25",
    "B-day": "2007",
    "Flag": ""
  },
  {
    "ID Number": "11205598",
    "Name": "Alzayer, Abdulla",
    "Fed": "BRN",
    "Sex": "M",
    "Title": "",
    "WTit": "",
    "OTit": "",
    "Rating": "1700",
    "Gms": "0",
    "K": "20",
    "RatingMonth": "SEP25",
    "B-day": "2001",
    "Flag": ""
  },
  {
    "ID Number": "11201550",
    "Name": "Amini, Ali",
    "Fed": "BRN",
    "Sex": "M",
    "Title": "",
    "WTit": "",
    "OTit": "",
    "Rating": "1776",
    "Gms": "0",
    "K": "20",
    "RatingMonth": "SEP25",
    "B-day": "1964",
    "Flag": "i"
  },
  {
    "ID Number": "11201584",
    "Name": "Amini, Hossein Ali",
    "Fed": "BRN",
    "Sex": "M",
    "Title": "",
    "WTit": "",
    "OTit": "",
    "Rating": "1698",
    "Gms": "0",
    "K": "20",
    "RatingMonth": "SEP25",
    "B-day": "0",
    "Flag": "i"
  },
  {
    "ID Number": "11205024",
    "Name": "Asadalla, Mohamed",
    "Fed": "BRN",
    "Sex": "M",
    "Title": "",
    "WTit": "",
    "OTit": "",
    "Rating": "1515",
    "Gms": "0",
    "K": "20",
    "RatingMonth": "SEP25",
    "B-day": "1991",
    "Flag": "i"
  },
  {
    "ID Number": "11203862",
    "Name": "Ashraf, Hasan",
    "Fed": "BRN",
    "Sex": "M",
    "Title": "",
    "WTit": "",
    "OTit": "",
    "Rating": "1559",
    "Gms": "0",
    "K": "20",
    "RatingMonth": "SEP25",
    "B-day": "1992",
    "Flag": "i"
  },
  {
    "ID Number": "11206519",
    "Name": "Ayoob Asad",
    "Fed": "BRN",
    "Sex": "M",
    "Title": "",
    "WTit": "NA",
    "OTit": "",
    "Rating": "1493",
    "Gms": "0",
    "K": "20",
    "RatingMonth": "SEP25",
    "B-day": "1997",
    "Flag": "i"
  },
  {
    "ID Number": "11200243",
    "Name": "Ayyad, Husain",
    "Fed": "BRN",
    "Sex": "M",
    "Title": "FM",
    "WTit": "FI",
    "OTit": "",
    "Rating": "2151",
    "Gms": "0",
    "K": "20",
    "RatingMonth": "SEP25",
    "B-day": "1986",
    "Flag": ""
  },
  {
    "ID Number": "11200235",
    "Name": "Ayyad, Maher",
    "Fed": "BRN",
    "Sex": "M",
    "Title": "FM",
    "WTit": "FI",
    "OTit": "",
    "Rating": "2051",
    "Gms": "0",
    "K": "20",
    "RatingMonth": "SEP25",
    "B-day": "1978",
    "Flag": ""
  },
  {
    "ID Number": "11201673",
    "Name": "Bagalay, Henry",
    "Fed": "BRN",
    "Sex": "M",
    "Title": "",
    "WTit": "",
    "OTit": "",
    "Rating": "1689",
    "Gms": "0",
    "K": "20",
    "RatingMonth": "SEP25",
    "B-day": "1968",
    "Flag": "i"
  },
  {
    "ID Number": "11202629",
    "Name": "Bala, Vatusia",
    "Fed": "BRN",
    "Sex": "F",
    "Title": "",
    "WTit": "",
    "OTit": "",
    "Rating": "1475",
    "Gms": "0",
    "K": "20",
    "RatingMonth": "SEP25",
    "B-day": "2004",
    "Flag": "wi"
  },
  {
    "ID Number": "11203773",
    "Name": "Basem, Ayman",
    "Fed": "BRN",
    "Sex": "M",
    "Title": "",
    "WTit": "",
    "OTit": "",
    "Rating": "1595",
    "Gms": "0",
    "K": "20",
    "RatingMonth": "SEP25",
    "B-day": "2004",
    "Flag": "i"
  },
  {
    "ID Number": "11202360",
    "Name": "Bayoneta, Richard",
    "Fed": "BRN",
    "Sex": "M",
    "Title": "",
    "WTit": "",
    "OTit": "",
    "Rating": "2010",
    "Gms": "0",
    "K": "20",
    "RatingMonth": "SEP25",
    "B-day": "0",
    "Flag": "i"
  },
  {
    "ID Number": "11204184",
    "Name": "Binzaiman, Ayman",
    "Fed": "BRN",
    "Sex": "M",
    "Title": "",
    "WTit": "NA",
    "OTit": "",
    "Rating": "AFM",
    "Gms": "1597",
    "K": "0",
    "RatingMonth": "SEP25",
    "B-day": "1985",
    "Flag": ""
  },
  {
    "ID Number": "11202785",
    "Name": "Brian, Howard",
    "Fed": "BRN",
    "Sex": "M",
    "Title": "",
    "WTit": "",
    "OTit": "",
    "Rating": "1549",
    "Gms": "0",
    "K": "20",
    "RatingMonth": "SEP25",
    "B-day": "0",
    "Flag": "i"
  },
  {
    "ID Number": "11200359",
    "Name": "Bu Khammas, Abdulla",
    "Fed": "BRN",
    "Sex": "M",
    "Title": "",
    "WTit": "",
    "OTit": "",
    "Rating": "1816",
    "Gms": "0",
    "K": "20",
    "RatingMonth": "SEP25",
    "B-day": "0",
    "Flag": "i"
  },
  {
    "ID Number": "11208198",
    "Name": "Buhasan, Faisal",
    "Fed": "BRN",
    "Sex": "M",
    "Title": "",
    "WTit": "",
    "OTit": "",
    "Rating": "1497",
    "Gms": "4",
    "K": "40",
    "RatingMonth": "SEP25",
    "B-day": "2011",
    "Flag": ""
  },
  {
    "ID Number": "11203790",
    "Name": "Bukhalaf, Adnan Husain",
    "Fed": "BRN",
    "Sex": "M",
    "Title": "",
    "WTit": "",
    "OTit": "",
    "Rating": "1428",
    "Gms": "0",
    "K": "20",
    "RatingMonth": "SEP25",
    "B-day": "2004",
    "Flag": "i"
  },
  {
    "ID Number": "11200634",
    "Name": "BuKhalaf, Hussain",
    "Fed": "BRN",
    "Sex": "M",
    "Title": "",
    "WTit": "",
    "OTit": "",
    "Rating": "1782",
    "Gms": "0",
    "K": "20",
    "RatingMonth": "SEP25",
    "B-day": "1995",
    "Flag": ""
  },
  {
    "ID Number": "11200367",
    "Name": "Bukhalaf, Khalaf",
    "Fed": "BRN",
    "Sex": "M",
    "Title": "",
    "WTit": "",
    "OTit": "",
    "Rating": "1806",
    "Gms": "0",
    "K": "20",
    "RatingMonth": "SEP25",
    "B-day": "1994",
    "Flag": ""
  },
  {
    "ID Number": "11200596",
    "Name": "Bukhalaf, Khalil",
    "Fed": "BRN",
    "Sex": "M",
    "Title": "FM",
    "WTit": "",
    "OTit": "",
    "Rating": "1912",
    "Gms": "0",
    "K": "20",
    "RatingMonth": "SEP25",
    "B-day": "1994",
    "Flag": "i"
  },
  {
    "ID Number": "11200600",
    "Name": "Bukhalaf, Mansoor",
    "Fed": "BRN",
    "Sex": "M",
    "Title": "",
    "WTit": "DI",
    "OTit": "",
    "Rating": "1821",
    "Gms": "0",
    "K": "20",
    "RatingMonth": "SEP25",
    "B-day": "1992",
    "Flag": "i"
  },
  {
    "ID Number": "11201258",
    "Name": "Darwish, Hashim",
    "Fed": "BRN",
    "Sex": "M",
    "Title": "",
    "WTit": "FI",
    "OTit": "",
    "Rating": "1843",
    "Gms": "0",
    "K": "20",
    "RatingMonth": "SEP25",
    "B-day": "1984",
    "Flag": "i"
  },
  {
    "ID Number": "11204524",
    "Name": "Dashti, Sarah",
    "Fed": "BRN",
    "Sex": "F",
    "Title": "",
    "WTit": "",
    "OTit": "",
    "Rating": "1430",
    "Gms": "5",
    "K": "40",
    "RatingMonth": "SEP25",
    "B-day": "2011",
    "Flag": "w"
  },
  {
    "ID Number": "11201649",
    "Name": "Devishree, Murali",
    "Fed": "BRN",
    "Sex": "F",
    "Title": "",
    "WTit": "",
    "OTit": "",
    "Rating": "1550",
    "Gms": "0",
    "K": "20",
    "RatingMonth": "SEP25",
    "B-day": "2000",
    "Flag": "wi"
  },
  {
    "ID Number": "11203510",
    "Name": "Ebrahim, Haitham",
    "Fed": "BRN",
    "Sex": "M",
    "Title": "",
    "WTit": "",
    "OTit": "",
    "Rating": "1611",
    "Gms": "0",
    "K": "20",
    "RatingMonth": "SEP25",
    "B-day": "1977",
    "Flag": "i"
  },
  {
    "ID Number": "11203234",
    "Name": "Ebrahim, Hussain",
    "Fed": "BRN",
    "Sex": "M",
    "Title": "",
    "WTit": "",
    "OTit": "",
    "Rating": "1629",
    "Gms": "0",
    "K": "20",
    "RatingMonth": "SEP25",
    "B-day": "2000",
    "Flag": "i"
  },
  {
    "ID Number": "11205113",
    "Name": "Ebrahim, Isa",
    "Fed": "BRN",
    "Sex": "M",
    "Title": "",
    "WTit": "",
    "OTit": "",
    "Rating": "1493",
    "Gms": "0",
    "K": "20",
    "RatingMonth": "SEP25",
    "B-day": "1990",
    "Flag": "i"
  },
  {
    "ID Number": "11201908",
    "Name": "Ebrahim, Mahmood",
    "Fed": "BRN",
    "Sex": "M",
    "Title": "",
    "WTit": "",
    "OTit": "",
    "Rating": "1795",
    "Gms": "0",
    "K": "20",
    "RatingMonth": "SEP25",
    "B-day": "1982",
    "Flag": "i"
  },
  {
    "ID Number": "11204087",
    "Name": "Faqihi, Abdulaziz",
    "Fed": "BRN",
    "Sex": "M",
    "Title": "",
    "WTit": "",
    "OTit": "",
    "Rating": "1716",
    "Gms": "0",
    "K": "20",
    "RatingMonth": "SEP25",
    "B-day": "2006",
    "Flag": ""
  },
  {
    "ID Number": "11207965",
    "Name": "Fardan, Yousif",
    "Fed": "BRN",
    "Sex": "M",
    "Title": "",
    "WTit": "",
    "OTit": "",
    "Rating": "1613",
    "Gms": "0",
    "K": "20",
    "RatingMonth": "SEP25",
    "B-day": "2002",
    "Flag": ""
  },
  {
    "ID Number": "11201215",
    "Name": "Felisilda, Lou",
    "Fed": "BRN",
    "Sex": "M",
    "Title": "",
    "WTit": "",
    "OTit": "",
    "Rating": "1668",
    "Gms": "0",
    "K": "20",
    "RatingMonth": "SEP25",
    "B-day": "0",
    "Flag": "i"
  },
  {
    "ID Number": "11203030",
    "Name": "Foud, Haider",
    "Fed": "BRN",
    "Sex": "M",
    "Title": "",
    "WTit": "",
    "OTit": "",
    "Rating": "1652",
    "Gms": "0",
    "K": "20",
    "RatingMonth": "SEP25",
    "B-day": "1989",
    "Flag": ""
  },
  {
    "ID Number": "11202092",
    "Name": "Gautham, Krishna",
    "Fed": "BRN",
    "Sex": "M",
    "Title": "",
    "WTit": "",
    "OTit": "",
    "Rating": "1415",
    "Gms": "0",
    "K": "20",
    "RatingMonth": "SEP25",
    "B-day": "0",
    "Flag": "i"
  },
  {
    "ID Number": "11201398",
    "Name": "Hamirwasia, Arpit",
    "Fed": "BRN",
    "Sex": "M",
    "Title": "",
    "WTit": "",
    "OTit": "",
    "Rating": "1771",
    "Gms": "0",
    "K": "20",
    "RatingMonth": "SEP25",
    "B-day": "1997",
    "Flag": "i"
  },
  {
    "ID Number": "11203153",
    "Name": "Hammadi, Braah",
    "Fed": "BRN",
    "Sex": "F",
    "Title": "",
    "WTit": "",
    "OTit": "",
    "Rating": "1576",
    "Gms": "0",
    "K": "20",
    "RatingMonth": "SEP25",
    "B-day": "1999",
    "Flag": "wi"
  },
  {
    "ID Number": "11203161",
    "Name": "Hammadi, Halima",
    "Fed": "BRN",
    "Sex": "F",
    "Title": "",
    "WTit": "",
    "OTit": "",
    "Rating": "1509",
    "Gms": "0",
    "K": "20",
    "RatingMonth": "SEP25",
    "B-day": "2001",
    "Flag": "wi"
  },
  {
    "ID Number": "11206004",
    "Name": "Hasan Majed, Mohammed",
    "Fed": "BRN",
    "Sex": "M",
    "Title": "",
    "WTit": "",
    "OTit": "",
    "Rating": "1431",
    "Gms": "0",
    "K": "40",
    "RatingMonth": "SEP25",
    "B-day": "2008",
    "Flag": "i"
  },
  {
    "ID Number": "11206268",
    "Name": "Hasan, Zaki",
    "Fed": "BRN",
    "Sex": "M",
    "Title": "",
    "WTit": "",
    "OTit": "",
    "Rating": "1596",
    "Gms": "0",
    "K": "20",
    "RatingMonth": "SEP25",
    "B-day": "2003",
    "Flag": ""
  },
  {
    "ID Number": "11206349",
    "Name": "Hatim Alhamad",
    "Fed": "BRN",
    "Sex": "M",
    "Title": "",
    "WTit": "",
    "OTit": "",
    "Rating": "1443",
    "Gms": "0",
    "K": "40",
    "RatingMonth": "SEP25",
    "B-day": "2006",
    "Flag": "i"
  },
  {
    "ID Number": "11203064",
    "Name": "Helal, Qasim",
    "Fed": "BRN",
    "Sex": "M",
    "Title": "",
    "WTit": "",
    "OTit": "",
    "Rating": "1538",
    "Gms": "0",
    "K": "20",
    "RatingMonth": "SEP25",
    "B-day": "1995",
    "Flag": "i"
  },
  {
    "ID Number": "11205768",
    "Name": "Husain, Sabt",
    "Fed": "BRN",
    "Sex": "M",
    "Title": "",
    "WTit": "",
    "OTit": "",
    "Rating": "1468",
    "Gms": "0",
    "K": "20",
    "RatingMonth": "SEP25",
    "B-day": "1987",
    "Flag": ""
  },
  {
    "ID Number": "11206195",
    "Name": "Hussain Waheed",
    "Fed": "BRN",
    "Sex": "M",
    "Title": "",
    "WTit": "",
    "OTit": "",
    "Rating": "1544",
    "Gms": "6",
    "K": "40",
    "RatingMonth": "SEP25",
    "B-day": "2008",
    "Flag": ""
  },
  {
    "ID Number": "11203994",
    "Name": "Jameel, Komail",
    "Fed": "BRN",
    "Sex": "M",
    "Title": "",
    "WTit": "",
    "OTit": "",
    "Rating": "1590",
    "Gms": "0",
    "K": "20",
    "RatingMonth": "SEP25",
    "B-day": "1997",
    "Flag": "i"
  },
  {
    "ID Number": "11200073",
    "Name": "Janahi, Zeyad",
    "Fed": "BRN",
    "Sex": "M",
    "Title": "FM",
    "WTit": "",
    "OTit": "",
    "Rating": "2102",
    "Gms": "0",
    "K": "20",
    "RatingMonth": "SEP25",
    "B-day": "1979",
    "Flag": ""
  },
  {
    "ID Number": "11204273",
    "Name": "Jawad, Jad Tareq",
    "Fed": "BRN",
    "Sex": "M",
    "Title": "",
    "WTit": "",
    "OTit": "",
    "Rating": "1437",
    "Gms": "0",
    "K": "40",
    "RatingMonth": "SEP25",
    "B-day": "2013",
    "Flag": ""
  },
  {
    "ID Number": "11200626",
    "Name": "Jawad, Mohammed",
    "Fed": "BRN",
    "Sex": "M",
    "Title": "",
    "WTit": "",
    "OTit": "",
    "Rating": "1876",
    "Gms": "0",
    "K": "20",
    "RatingMonth": "SEP25",
    "B-day": "0",
    "Flag": "i"
  },
  {
    "ID Number": "11203595",
    "Name": "Kareem, Manassaki",
    "Fed": "BRN",
    "Sex": "M",
    "Title": "",
    "WTit": "",
    "OTit": "",
    "Rating": "1569",
    "Gms": "0",
    "K": "40",
    "RatingMonth": "SEP25",
    "B-day": "2008",
    "Flag": "i"
  },
  {
    "ID Number": "11206209",
    "Name": "Khalid Yateem",
    "Fed": "BRN",
    "Sex": "M",
    "Title": "",
    "WTit": "",
    "OTit": "",
    "Rating": "1456",
    "Gms": "0",
    "K": "20",
    "RatingMonth": "SEP25",
    "B-day": "1990",
    "Flag": "i"
  },
  {
    "ID Number": "11204826",
    "Name": "Mahdi, Abdulaziz",
    "Fed": "BRN",
    "Sex": "M",
    "Title": "",
    "WTit": "",
    "OTit": "",
    "Rating": "1465",
    "Gms": "0",
    "K": "20",
    "RatingMonth": "SEP25",
    "B-day": "2003",
    "Flag": "i"
  },
  {
    "ID Number": "11206764",
    "Name": "Mahdi, Aburowais",
    "Fed": "BRN",
    "Sex": "M",
    "Title": "",
    "WTit": "",
    "OTit": "",
    "Rating": "1443",
    "Gms": "0",
    "K": "40",
    "RatingMonth": "SEP25",
    "B-day": "1996",
    "Flag": ""
  },
  {
    "ID Number": "11203102",
    "Name": "Mahfouz, Zain",
    "Fed": "BRN",
    "Sex": "F",
    "Title": "",
    "WTit": "",
    "OTit": "",
    "Rating": "1492",
    "Gms": "0",
    "K": "20",
    "RatingMonth": "SEP25",
    "B-day": "2000",
    "Flag": "wi"
  },
  {
    "ID Number": "11204150",
    "Name": "Mahmood Abdulla, Abdulla",
    "Fed": "BRN",
    "Sex": "M",
    "Title": "",
    "WTit": "",
    "OTit": "",
    "Rating": "1433",
    "Gms": "0",
    "K": "40",
    "RatingMonth": "SEP25",
    "B-day": "1994",
    "Flag": ""
  },
  {
    "ID Number": "11204109",
    "Name": "Mahmood, Yusuf",
    "Fed": "BRN",
    "Sex": "M",
    "Title": "",
    "WTit": "",
    "OTit": "",
    "Rating": "1560",
    "Gms": "0",
    "K": "20",
    "RatingMonth": "SEP25",
    "B-day": "1980",
    "Flag": "i"
  },
  {
    "ID Number": "11204117",
    "Name": "Maki, Mohamed",
    "Fed": "BRN",
    "Sex": "M",
    "Title": "",
    "WTit": "",
    "OTit": "",
    "Rating": "1655",
    "Gms": "0",
    "K": "20",
    "RatingMonth": "SEP25",
    "B-day": "1978",
    "Flag": "i"
  },
  {
    "ID Number": "11203021",
    "Name": "Marhoon, Ali",
    "Fed": "BRN",
    "Sex": "M",
    "Title": "",
    "WTit": "",
    "OTit": "",
    "Rating": "1663",
    "Gms": "0",
    "K": "20",
    "RatingMonth": "SEP25",
    "B-day": "1991",
    "Flag": ""
  },
  {
    "ID Number": "11202394",
    "Name": "Maroof, Salman",
    "Fed": "BRN",
    "Sex": "M",
    "Title": "",
    "WTit": "",
    "OTit": "",
    "Rating": "1453",
    "Gms": "0",
    "K": "40",
    "RatingMonth": "SEP25",
    "B-day": "2005",
    "Flag": "i"
  },
  {
    "ID Number": "11202955",
    "Name": "Marwan Al Binali",
    "Fed": "BRN",
    "Sex": "M",
    "Title": "",
    "WTit": "",
    "OTit": "",
    "Rating": "1540",
    "Gms": "0",
    "K": "40",
    "RatingMonth": "SEP25",
    "B-day": "2007",
    "Flag": ""
  },
  {
    "ID Number": "11205245",
    "Name": "Mohamed, Hamza",
    "Fed": "BRN",
    "Sex": "M",
    "Title": "",
    "WTit": "",
    "OTit": "",
    "Rating": "1547",
    "Gms": "0",
    "K": "40",
    "RatingMonth": "SEP25",
    "B-day": "2015",
    "Flag": ""
  },
  {
    "ID Number": "11209640",
    "Name": "Mohamed, Jaafar Abdulnabi",
    "Fed": "BRN",
    "Sex": "M",
    "Title": "",
    "WTit": "",
    "OTit": "",
    "Rating": "1431",
    "Gms": "0",
    "K": "40",
    "RatingMonth": "SEP25",
    "B-day": "1984",
    "Flag": ""
  },
  {
    "ID Number": "11200421",
    "Name": "Mohamed, Sheer",
    "Fed": "BRN",
    "Sex": "M",
    "Title": "",
    "WTit": "",
    "OTit": "",
    "Rating": "1912",
    "Gms": "0",
    "K": "20",
    "RatingMonth": "SEP25",
    "B-day": "1972",
    "Flag": "i"
  },
  {
    "ID Number": "11204265",
    "Name": "Monther, Alfardan",
    "Fed": "BRN",
    "Sex": "M",
    "Title": "CM",
    "WTit": "",
    "OTit": "",
    "Rating": "1700",
    "Gms": "0",
    "K": "20",
    "RatingMonth": "SEP25",
    "B-day": "1980",
    "Flag": ""
  },
  {
    "ID Number": "11202416",
    "Name": "Moraes, David",
    "Fed": "BRN",
    "Sex": "M",
    "Title": "",
    "WTit": "",
    "OTit": "",
    "Rating": "1410",
    "Gms": "0",
    "K": "20",
    "RatingMonth": "SEP25",
    "B-day": "2002",
    "Flag": "i"
  },
  {
    "ID Number": "11203242",
    "Name": "Mosa, Hamad",
    "Fed": "BRN",
    "Sex": "M",
    "Title": "",
    "WTit": "",
    "OTit": "",
    "Rating": "1588",
    "Gms": "0",
    "K": "20",
    "RatingMonth": "SEP25",
    "B-day": "2000",
    "Flag": ""
  },
  {
    "ID Number": "11200898",
    "Name": "Mustafa Husain, Hani",
    "Fed": "BRN",
    "Sex": "M",
    "Title": "",
    "WTit": "",
    "OTit": "",
    "Rating": "1636",
    "Gms": "0",
    "K": "20",
    "RatingMonth": "SEP25",
    "B-day": "0",
    "Flag": "i"
  },
  {
    "ID Number": "11204206",
    "Name": "Mustafa, Malik",
    "Fed": "BRN",
    "Sex": "M",
    "Title": "",
    "WTit": "",
    "OTit": "",
    "Rating": "1468",
    "Gms": "0",
    "K": "20",
    "RatingMonth": "SEP25",
    "B-day": "1998",
    "Flag": "i"
  },
  {
    "ID Number": "11204052",
    "Name": "Nada, Al Shaikh",
    "Fed": "BRN",
    "Sex": "F",
    "Title": "",
    "WTit": "",
    "OTit": "",
    "Rating": "1423",
    "Gms": "0",
    "K": "20",
    "RatingMonth": "SEP25",
    "B-day": "1981",
    "Flag": "wi"
  },
  {
    "ID Number": "11204060",
    "Name": "Nasser A, Alomari",
    "Fed": "BRN",
    "Sex": "M",
    "Title": "",
    "WTit": "",
    "OTit": "",
    "Rating": "1525",
    "Gms": "0",
    "K": "20",
    "RatingMonth": "SEP25",
    "B-day": "1999",
    "Flag": "i"
  },
  {
    "ID Number": "11209925",
    "Name": "Noor Mohammed Abdulsamad",
    "Fed": "BRN",
    "Sex": "M",
    "Title": "",
    "WTit": "",
    "OTit": "",
    "Rating": "1432",
    "Gms": "0",
    "K": "40",
    "RatingMonth": "SEP25",
    "B-day": "1996",
    "Flag": ""
  },
  {
    "ID Number": "11205385",
    "Name": "Obaid, Abdulrahman",
    "Fed": "BRN",
    "Sex": "M",
    "Title": "",
    "WTit": "",
    "OTit": "",
    "Rating": "1599",
    "Gms": "0",
    "K": "40",
    "RatingMonth": "SEP25",
    "B-day": "2006",
    "Flag": "i"
  },
  {
    "ID Number": "11205369",
    "Name": "Obaid, Dania",
    "Fed": "BRN",
    "Sex": "F",
    "Title": "",
    "WTit": "",
    "OTit": "",
    "Rating": "1489",
    "Gms": "1",
    "K": "40",
    "RatingMonth": "SEP25",
    "B-day": "2010",
    "Flag": "w"
  },
  {
    "ID Number": "11205377",
    "Name": "Obaid, Sondos",
    "Fed": "BRN",
    "Sex": "F",
    "Title": "",
    "WTit": "",
    "OTit": "",
    "Rating": "1453",
    "Gms": "3",
    "K": "40",
    "RatingMonth": "SEP25",
    "B-day": "2007",
    "Flag": "w"
  },
  {
    "ID Number": "11205512",
    "Name": "Omran, Hasan",
    "Fed": "BRN",
    "Sex": "M",
    "Title": "",
    "WTit": "",
    "OTit": "",
    "Rating": "1638",
    "Gms": "0",
    "K": "40",
    "RatingMonth": "SEP25",
    "B-day": "1998",
    "Flag": "i"
  },
  {
    "ID Number": "11202718",
    "Name": "Pranesh, J.r.",
    "Fed": "BRN",
    "Sex": "M",
    "Title": "",
    "WTit": "",
    "OTit": "",
    "Rating": "1555",
    "Gms": "0",
    "K": "40",
    "RatingMonth": "SEP25",
    "B-day": "2007",
    "Flag": "i"
  },
  {
    "ID Number": "11208058",
    "Name": "Rajab, Nooh",
    "Fed": "BRN",
    "Sex": "M",
    "Title": "",
    "WTit": "",
    "OTit": "",
    "Rating": "1725",
    "Gms": "4",
    "K": "40",
    "RatingMonth": "SEP25",
    "B-day": "2010",
    "Flag": ""
  },
  {
    "ID Number": "11202165",
    "Name": "Ramon, Salonga",
    "Fed": "BRN",
    "Sex": "M",
    "Title": "",
    "WTit": "",
    "OTit": "",
    "Rating": "1659",
    "Gms": "0",
    "K": "20",
    "RatingMonth": "SEP25",
    "B-day": "0",
    "Flag": "i"
  },
  {
    "ID Number": "11201770",
    "Name": "Rodulph, Llorca",
    "Fed": "BRN",
    "Sex": "M",
    "Title": "",
    "WTit": "",
    "OTit": "",
    "Rating": "1731",
    "Gms": "0",
    "K": "20",
    "RatingMonth": "SEP25",
    "B-day": "1979",
    "Flag": ""
  },
  {
    "ID Number": "11200413",
    "Name": "Rouquier, Burhan",
    "Fed": "BRN",
    "Sex": "M",
    "Title": "",
    "WTit": "",
    "OTit": "",
    "Rating": "1860",
    "Gms": "0",
    "K": "20",
    "RatingMonth": "SEP25",
    "B-day": "1985",
    "Flag": "i"
  },
  {
    "ID Number": "11206241",
    "Name": "Saeed Marzooq Albonni",
    "Fed": "BRN",
    "Sex": "M",
    "Title": "",
    "WTit": "",
    "OTit": "",
    "Rating": "1527",
    "Gms": "0",
    "K": "40",
    "RatingMonth": "SEP25",
    "B-day": "2007",
    "Flag": ""
  },
  {
    "ID Number": "11203250",
    "Name": "Salah, Aya",
    "Fed": "BRN",
    "Sex": "F",
    "Title": "",
    "WTit": "",
    "OTit": "",
    "Rating": "1527",
    "Gms": "0",
    "K": "20",
    "RatingMonth": "SEP25",
    "B-day": "2001",
    "Flag": "wi"
  },
  {
    "ID Number": "11206799",
    "Name": "Sayed, Hasan Alhashimi",
    "Fed": "BRN",
    "Sex": "M",
    "Title": "",
    "WTit": "",
    "OTit": "",
    "Rating": "1563",
    "Gms": "0",
    "K": "40",
    "RatingMonth": "SEP25",
    "B-day": "2001",
    "Flag": ""
  },
  {
    "ID Number": "11201789",
    "Name": "Shaker, Musab",
    "Fed": "BRN",
    "Sex": "M",
    "Title": "CM",
    "WTit": "",
    "OTit": "",
    "Rating": "1672",
    "Gms": "0",
    "K": "20",
    "RatingMonth": "SEP25",
    "B-day": "1986",
    "Flag": ""
  },
  {
    "ID Number": "11206373",
    "Name": "Shams Abdulmajeed",
    "Fed": "BRN",
    "Sex": "F",
    "Title": "",
    "WTit": "",
    "OTit": "",
    "Rating": "1433",
    "Gms": "0",
    "K": "40",
    "RatingMonth": "SEP25",
    "B-day": "2007",
    "Flag": "w"
  },
  {
    "ID Number": "11204834",
    "Name": "Shamsuddin, Shuaib",
    "Fed": "BRN",
    "Sex": "M",
    "Title": "",
    "WTit": "",
    "OTit": "",
    "Rating": "1591",
    "Gms": "0",
    "K": "20",
    "RatingMonth": "SEP25",
    "B-day": "1973",
    "Flag": "i"
  },
  {
    "ID Number": "11205679",
    "Name": "Sharaf, Hawra",
    "Fed": "BRN",
    "Sex": "F",
    "Title": "WCM",
    "WTit": "WCM",
    "OTit": "",
    "Rating": "1580",
    "Gms": "0",
    "K": "20",
    "RatingMonth": "SEP25",
    "B-day": "2003",
    "Flag": "wi"
  },
  {
    "ID Number": "11209054",
    "Name": "Shubber, Sayed Mahmood",
    "Fed": "BRN",
    "Sex": "M",
    "Title": "",
    "WTit": "",
    "OTit": "",
    "Rating": "1650",
    "Gms": "0",
    "K": "40",
    "RatingMonth": "SEP25",
    "B-day": "2001",
    "Flag": ""
  },
  {
    "ID Number": "11201444",
    "Name": "Sridhar, Pranav",
    "Fed": "BRN",
    "Sex": "M",
    "Title": "",
    "WTit": "",
    "OTit": "",
    "Rating": "1827",
    "Gms": "0",
    "K": "20",
    "RatingMonth": "SEP25",
    "B-day": "1998",
    "Flag": "i"
  },
  {
    "ID Number": "11200383",
    "Name": "Taher, Mohamed",
    "Fed": "BRN",
    "Sex": "M",
    "Title": "",
    "WTit": "",
    "OTit": "",
    "Rating": "1788",
    "Gms": "0",
    "K": "20",
    "RatingMonth": "SEP25",
    "B-day": "0",
    "Flag": "i"
  },
  {
    "ID Number": "11210010",
    "Name": "Tamer Alhadi",
    "Fed": "BRN",
    "Sex": "M",
    "Title": "",
    "WTit": "",
    "OTit": "",
    "Rating": "1518",
    "Gms": "0",
    "K": "40",
    "RatingMonth": "SEP25",
    "B-day": "2006",
    "Flag": ""
  },
  {
    "ID Number": "11205814",
    "Name": "Taqi, Mohamed",
    "Fed": "BRN",
    "Sex": "M",
    "Title": "",
    "WTit": "NA",
    "OTit": "",
    "Rating": "1637",
    "Gms": "0",
    "K": "20",
    "RatingMonth": "SEP25",
    "B-day": "2005",
    "Flag": ""
  },
  {
    "ID Number": "11203951",
    "Name": "Taqi, Sayed Mohamed",
    "Fed": "BRN",
    "Sex": "M",
    "Title": "",
    "WTit": "",
    "OTit": "",
    "Rating": "1560",
    "Gms": "0",
    "K": "20",
    "RatingMonth": "SEP25",
    "B-day": "1995",
    "Flag": "i"
  },
  {
    "ID Number": "11203170",
    "Name": "Tareq, Rana",
    "Fed": "BRN",
    "Sex": "F",
    "Title": "",
    "WTit": "",
    "OTit": "",
    "Rating": "1530",
    "Gms": "0",
    "K": "20",
    "RatingMonth": "SEP25",
    "B-day": "2000",
    "Flag": "wi"
  },
  {
    "ID Number": "11204141",
    "Name": "Tissir, Maryam",
    "Fed": "BRN",
    "Sex": "F",
    "Title": "",
    "WTit": "",
    "OTit": "",
    "Rating": "1438",
    "Gms": "0",
    "K": "40",
    "RatingMonth": "SEP25",
    "B-day": "2012",
    "Flag": "w"
  },
  {
    "ID Number": "11205610",
    "Name": "Tulefat, Tefla",
    "Fed": "BRN",
    "Sex": "F",
    "Title": "",
    "WTit": "",
    "OTit": "",
    "Rating": "1468",
    "Gms": "0",
    "K": "20",
    "RatingMonth": "SEP25",
    "B-day": "1998",
    "Flag": "wi"
  },
  {
    "ID Number": "11200642",
    "Name": "Waheed, Khalid",
    "Fed": "BRN",
    "Sex": "M",
    "Title": "",
    "WTit": "",
    "OTit": "",
    "Rating": "1578",
    "Gms": "0",
    "K": "40",
    "RatingMonth": "SEP25",
    "B-day": "1986",
    "Flag": "i"
  },
  {
    "ID Number": "11203960",
    "Name": "Waheed, Salman",
    "Fed": "BRN",
    "Sex": "M",
    "Title": "",
    "WTit": "",
    "OTit": "",
    "Rating": "1419",
    "Gms": "0",
    "K": "20",
    "RatingMonth": "SEP25",
    "B-day": "2001",
    "Flag": "i"
  },
  {
    "ID Number": "11204583",
    "Name": "Yaqoob, Ahmed",
    "Fed": "BRN",
    "Sex": "M",
    "Title": "",
    "WTit": "",
    "OTit": "",
    "Rating": "1463",
    "Gms": "0",
    "K": "20",
    "RatingMonth": "SEP25",
    "B-day": "2000",
    "Flag": "i"
  },
  {
    "ID Number": "11205857",
    "Name": "Yaqoob, Wafa",
    "Fed": "BRN",
    "Sex": "F",
    "Title": "WCM",
    "WTit": "WCM",
    "OTit": "NA",
    "Rating": "1439",
    "Gms": "0",
    "K": "20",
    "RatingMonth": "SEP25",
    "B-day": "1989",
    "Flag": "wi"
  },
  {
    "ID Number": "11206861",
    "Name": "Yaser, Abdulla",
    "Fed": "BRN",
    "Sex": "M",
    "Title": "",
    "WTit": "",
    "OTit": "",
    "Rating": "1552",
    "Gms": "0",
    "K": "40",
    "RatingMonth": "SEP25",
    "B-day": "2001",
    "Flag": ""
  },
  {
    "ID Number": "11206632",
    "Name": "Yusuf Ahmed Alsaegh",
    "Fed": "BRN",
    "Sex": "M",
    "Title": "",
    "WTit": "",
    "OTit": "",
    "Rating": "1488",
    "Gms": "19",
    "K": "40",
    "RatingMonth": "SEP25",
    "B-day": "2009",
    "Flag": ""
  }
]