[
  {
    "ID Number": "11201177"
  },
  {
    "ID Number": "11202483"
  },
  {
    "ID Number": "11209895"
  },
  {
    "ID Number": "11200545"
  },
  {
    "ID Number": "11205628"
  },
  {
    "ID Number": "11206462"
  },
  {
    "ID Number": "11201185"
  },
  {
    "ID Number": "11200570"
  },
  {
    "ID Number": "11204990"
  },
  {
    "ID Number": "11207396"
  },
  {
    "ID Number": "11204540"
  },
  {
    "ID Number": "11202882"
  },
  {
    "ID Number": "11210303"
  },
  {
    "ID Number": "11204249"
  },
  {
    "ID Number": "11205270"
  },
  {
    "ID Number": "11202297"
  },
  {
    "ID Number": "11202300"
  },
  {
    "ID Number": "11201851"
  },
  {
    "ID Number": "11202319"
  },
  {
    "ID Number": "11206640"
  },
  {
    "ID Number": "11203927"
  },
  {
    "ID Number": "11201517"
  },
  {
    "ID Number": "11203358"
  },
  {
    "ID Number": "11203668"
  },
  {
    "ID Number": "11200030"
  },
  {
    "ID Number": "11200162"
  },
  {
    "ID Number": "11200057"
  },
  {
    "ID Number": "11200170"
  },
  {
    "ID Number": "11203005"
  },
  {
    "ID Number": "11201959"
  },
  {
    "ID Number": "11202947"
  },
  {
    "ID Number": "11208201"
  },
  {
    "ID Number": "11207060"
  },
  {
    "ID Number": "11204338"
  },
  {
    "ID Number": "11200774"
  },
  {
    "ID Number": "11203579"
  },
  {
    "ID Number": "11206977"
  },
  {
    "ID Number": "11201126"
  },
  {
    "ID Number": "11207981"
  },
  {
    "ID Number": "11208090"
  },
  {
    "ID Number": "11206659"
  },
  {
    "ID Number": "11203757"
  },
  {
    "ID Number": "11205911"
  },
  {
    "ID Number": "11204877"
  },
  {
    "ID Number": "11204885"
  },
  {
    "ID Number": "11209224"
  },
  {
    "ID Number": "11204605"
  },
  {
    "ID Number": "11208830"
  },
  {
    "ID Number": "11205792"
  },
  {
    "ID Number": "11206900"
  },
  {
    "ID Number": "11205466"
  },
  {
    "ID Number": "11205474"
  },
  {
    "ID Number": "11205458"
  },
  {
    "ID Number": "11204370"
  },
  {
    "ID Number": "11206730"
  },
  {
    "ID Number": "11207507"
  },
  {
    "ID Number": "11207493"
  },
  {
    "ID Number": "11207280"
  },
  {
    "ID Number": "11205148"
  },
  {
    "ID Number": "11207019"
  },
  {
    "ID Number": "11208066"
  },
  {
    "ID Number": "11206187"
  },
  {
    "ID Number": "11207523"
  },
  {
    "ID Number": "11208554"
  },
  {
    "ID Number": "11205520"
  },
  {
    "ID Number": "11209291"
  },
  {
    "ID Number": "11205598"
  },
  {
    "ID Number": "11201550"
  },
  {
    "ID Number": "11201584"
  },
  {
    "ID Number": "11205024"
  },
  {
    "ID Number": "11203862"
  },
  {
    "ID Number": "11206519"
  },
  {
    "ID Number": "11200243"
  },
  {
    "ID Number": "11200235"
  },
  {
    "ID Number": "11201673"
  },
  {
    "ID Number": "11202629"
  },
  {
    "ID Number": "11203773"
  },
  {
    "ID Number": "11202360"
  },
  {
    "ID Number": "11204184"
  },
  {
    "ID Number": "11202785"
  },
  {
    "ID Number": "11200359"
  },
  {
    "ID Number": "11208198"
  },
  {
    "ID Number": "11203790"
  },
  {
    "ID Number": "11200634"
  },
  {
    "ID Number": "11200367"
  },
  {
    "ID Number": "11200596"
  },
  {
    "ID Number": "11200600"
  },
  {
    "ID Number": "11201258"
  },
  {
    "ID Number": "11204524"
  },
  {
    "ID Number": "11201649"
  },
  {
    "ID Number": "11203510"
  },
  {
    "ID Number": "11203234"
  },
  {
    "ID Number": "11205113"
  },
  {
    "ID Number": "11201908"
  },
  {
    "ID Number": "11204087"
  },
  {
    "ID Number": "11207965"
  },
  {
    "ID Number": "11201215"
  },
  {
    "ID Number": "11203030"
  },
  {
    "ID Number": "11202092"
  },
  {
    "ID Number": "11201398"
  },
  {
    "ID Number": "11203153"
  },
  {
    "ID Number": "11203161"
  },
  {
    "ID Number": "11206004"
  },
  {
    "ID Number": "11206268"
  },
  {
    "ID Number": "11206349"
  },
  {
    "ID Number": "11203064"
  },
  {
    "ID Number": "11205768"
  },
  {
    "ID Number": "11203994"
  },
  {
    "ID Number": "11200073"
  },
  {
    "ID Number": "11204273"
  },
  {
    "ID Number": "11200626"
  },
  {
    "ID Number": "11205741"
  },
  {
    "ID Number": "11203595"
  },
  {
    "ID Number": "11206209"
  },
  {
    "ID Number": "11204826"
  },
  {
    "ID Number": "11206764"
  },
  {
    "ID Number": "11203102"
  },
  {
    "ID Number": "11204150"
  },
  {
    "ID Number": "11204109"
  },
  {
    "ID Number": "11204117"
  },
  {
    "ID Number": "11203021"
  },
  {
    "ID Number": "11202394"
  },
  {
    "ID Number": "11202955"
  },
  {
    "ID Number": "11209640"
  },
  {
    "ID Number": "11200421"
  },
  {
    "ID Number": "11204265"
  },
  {
    "ID Number": "11202416"
  },
  {
    "ID Number": "11203242"
  },
  {
    "ID Number": "11200898"
  },
  {
    "ID Number": "11204206"
  },
  {
    "ID Number": "11204052"
  },
  {
    "ID Number": "11204060"
  },
  {
    "ID Number": "11209925"
  },
  {
    "ID Number": "11205385"
  },
  {
    "ID Number": "11205369"
  },
  {
    "ID Number": "11205377"
  },
  {
    "ID Number": "11205512"
  },
  {
    "ID Number": "11202718"
  },
  {
    "ID Number": "11208058"
  },
  {
    "ID Number": "11202165"
  },
  {
    "ID Number": "11201770"
  },
  {
    "ID Number": "11200413"
  },
  {
    "ID Number": "11206241"
  },
  {
    "ID Number": "11203250"
  },
  {
    "ID Number": "11206799"
  },
  {
    "ID Number": "11201789"
  },
  {
    "ID Number": "11206373"
  },
  {
    "ID Number": "11204834"
  },
  {
    "ID Number": "11205679"
  },
  {
    "ID Number": "11209054"
  },
  {
    "ID Number": "11201444"
  },
  {
    "ID Number": "11200383"
  },
  {
    "ID Number": "11210010"
  },
  {
    "ID Number": "11205814"
  },
  {
    "ID Number": "11203951"
  },
  {
    "ID Number": "11203170"
  },
  {
    "ID Number": "11205245"
  },
  {
    "ID Number": "11204141"
  },
  {
    "ID Number": "11205610"
  },
  {
    "ID Number": "11200642"
  },
  {
    "ID Number": "11203960"
  },
  {
    "ID Number": "11204583"
  },
  {
    "ID Number": "11205857"
  },
  {
    "ID Number": "11206861"
  }
]