[
  {
    "ID Number": "6502938"
  },
  {
    "ID Number": "2330725"
  },
  {
    "ID Number": "2300591"
  },
  {
    "ID Number": "2311496"
  },
  {
    "ID Number": "2315483"
  },
  {
    "ID Number": "2311593"
  },
  {
    "ID Number": "2317109"
  },
  {
    "ID Number": "2316390"
  },
  {
    "ID Number": "2308118"
  },
  {
    "ID Number": "2319314"
  },
  {
    "ID Number": "2320762"
  },
  {
    "ID Number": "2323532"
  },
  {
    "ID Number": "2329786"
  },
  {
    "ID Number": "2307090"
  },
  {
    "ID Number": "2315912"
  },
  {
    "ID Number": "2333511"
  },
  {
    "ID Number": "2330180"
  },
  {
    "ID Number": "2326531"
  },
  {
    "ID Number": "2300630"
  },
  {
    "ID Number": "2329255"
  },
  {
    "ID Number": "2316404"
  },
  {
    "ID Number": "2307987"
  },
  {
    "ID Number": "2325144"
  },
  {
    "ID Number": "2310147"
  },
  {
    "ID Number": "2304821"
  },
  {
    "ID Number": "2318776"
  },
  {
    "ID Number": "2315238"
  },
  {
    "ID Number": "2329867"
  },
  {
    "ID Number": "2334356"
  },
  {
    "ID Number": "2332507"
  },
  {
    "ID Number": "2333503"
  },
  {
    "ID Number": "2305054"
  },
  {
    "ID Number": "2316455"
  },
  {
    "ID Number": "2326221"
  },
  {
    "ID Number": "1725033"
  },
  {
    "ID Number": "2320770"
  },
  {
    "ID Number": "2324873"
  },
  {
    "ID Number": "2305399"
  },
  {
    "ID Number": "2301121"
  },
  {
    "ID Number": "2301032"
  },
  {
    "ID Number": "2310511"
  },
  {
    "ID Number": "2308142"
  },
  {
    "ID Number": "2302756"
  },
  {
    "ID Number": "2300036"
  },
  {
    "ID Number": "2300826"
  },
  {
    "ID Number": "2311852"
  },
  {
    "ID Number": "2324067"
  },
  {
    "ID Number": "2300435"
  },
  {
    "ID Number": "2335492"
  },
  {
    "ID Number": "2301288"
  },
  {
    "ID Number": "2301059"
  },
  {
    "ID Number": "2331438"
  },
  {
    "ID Number": "2300320"
  },
  {
    "ID Number": "2314967"
  },
  {
    "ID Number": "2308150"
  },
  {
    "ID Number": "2323940"
  },
  {
    "ID Number": "2328178"
  },
  {
    "ID Number": "2318423"
  },
  {
    "ID Number": "2323818"
  },
  {
    "ID Number": "2305437"
  },
  {
    "ID Number": "2309874"
  },
  {
    "ID Number": "2318849"
  },
  {
    "ID Number": "2329620"
  },
  {
    "ID Number": "2320746"
  },
  {
    "ID Number": "2306166"
  },
  {
    "ID Number": "2318946"
  },
  {
    "ID Number": "2327104"
  },
  {
    "ID Number": "2313464"
  },
  {
    "ID Number": "2322889"
  },
  {
    "ID Number": "2301423"
  },
  {
    "ID Number": "2301156"
  },
  {
    "ID Number": "2325292"
  },
  {
    "ID Number": "2308169"
  },
  {
    "ID Number": "2301261"
  },
  {
    "ID Number": "2332183"
  },
  {
    "ID Number": "2329972"
  },
  {
    "ID Number": "2327074"
  },
  {
    "ID Number": "2332388"
  },
  {
    "ID Number": "2318156"
  },
  {
    "ID Number": "2301300"
  },
  {
    "ID Number": "2302691"
  },
  {
    "ID Number": "2302306"
  },
  {
    "ID Number": "2332590"
  },
  {
    "ID Number": "2301393"
  },
  {
    "ID Number": "2302829"
  },
  {
    "ID Number": "2305445"
  },
  {
    "ID Number": "2303540"
  },
  {
    "ID Number": "2302837"
  },
  {
    "ID Number": "2316811"
  },
  {
    "ID Number": "2327228"
  },
  {
    "ID Number": "2301342"
  },
  {
    "ID Number": "2322943"
  },
  {
    "ID Number": "2301407"
  },
  {
    "ID Number": "2323540"
  },
  {
    "ID Number": "2311860"
  },
  {
    "ID Number": "2310597"
  },
  {
    "ID Number": "2310600"
  },
  {
    "ID Number": "2304554"
  },
  {
    "ID Number": "2320576"
  },
  {
    "ID Number": "2322455"
  },
  {
    "ID Number": "2330008"
  },
  {
    "ID Number": "2333449"
  },
  {
    "ID Number": "2331489"
  },
  {
    "ID Number": "2323451"
  },
  {
    "ID Number": "2316633"
  },
  {
    "ID Number": "2323028"
  },
  {
    "ID Number": "2301458"
  },
  {
    "ID Number": "2304848"
  },
  {
    "ID Number": "2317028"
  },
  {
    "ID Number": "2316501"
  },
  {
    "ID Number": "2327139"
  },
  {
    "ID Number": "2312182"
  },
  {
    "ID Number": "2312190"
  },
  {
    "ID Number": "2317958"
  },
  {
    "ID Number": "2318067"
  },
  {
    "ID Number": "2306913"
  },
  {
    "ID Number": "2335522"
  },
  {
    "ID Number": "2335735"
  },
  {
    "ID Number": "2311879"
  },
  {
    "ID Number": "2311240"
  },
  {
    "ID Number": "2319250"
  },
  {
    "ID Number": "2300834"
  },
  {
    "ID Number": "2301563"
  },
  {
    "ID Number": "2312310"
  },
  {
    "ID Number": "2326990"
  },
  {
    "ID Number": "2302039"
  },
  {
    "ID Number": "2309475"
  },
  {
    "ID Number": "2325306"
  },
  {
    "ID Number": "2326892"
  },
  {
    "ID Number": "2301539"
  },
  {
    "ID Number": "2317966"
  },
  {
    "ID Number": "2300974"
  },
  {
    "ID Number": "2311542"
  },
  {
    "ID Number": "2301954"
  },
  {
    "ID Number": "2329794"
  },
  {
    "ID Number": "2300303"
  },
  {
    "ID Number": "2323320"
  },
  {
    "ID Number": "2307030"
  },
  {
    "ID Number": "2309483"
  },
  {
    "ID Number": "2314215"
  },
  {
    "ID Number": "2315432"
  },
  {
    "ID Number": "2317486"
  },
  {
    "ID Number": "2312573"
  },
  {
    "ID Number": "2304856"
  },
  {
    "ID Number": "2317060"
  },
  {
    "ID Number": "2312506"
  },
  {
    "ID Number": "2318105"
  },
  {
    "ID Number": "2305224"
  },
  {
    "ID Number": "2315939"
  },
  {
    "ID Number": "2302233"
  },
  {
    "ID Number": "2322544"
  },
  {
    "ID Number": "2321726"
  },
  {
    "ID Number": "2305313"
  },
  {
    "ID Number": "2303566"
  },
  {
    "ID Number": "2305461"
  },
  {
    "ID Number": "2333740"
  },
  {
    "ID Number": "2317117"
  },
  {
    "ID Number": "2318636"
  },
  {
    "ID Number": "2315807"
  },
  {
    "ID Number": "2335085"
  },
  {
    "ID Number": "2301113"
  },
  {
    "ID Number": "1400185"
  },
  {
    "ID Number": "2324075"
  },
  {
    "ID Number": "2301792"
  },
  {
    "ID Number": "2309491"
  },
  {
    "ID Number": "2330644"
  },
  {
    "ID Number": "2329263"
  },
  {
    "ID Number": "2321068"
  },
  {
    "ID Number": "2311631"
  },
  {
    "ID Number": "2322471"
  },
  {
    "ID Number": "2310627"
  },
  {
    "ID Number": "2332396"
  },
  {
    "ID Number": "2311399"
  },
  {
    "ID Number": "2324784"
  },
  {
    "ID Number": "14142805"
  },
  {
    "ID Number": "2316846"
  },
  {
    "ID Number": "2325845"
  },
  {
    "ID Number": "2322978"
  },
  {
    "ID Number": "2332302"
  },
  {
    "ID Number": "2300893"
  },
  {
    "ID Number": "2327147"
  },
  {
    "ID Number": "2301628"
  },
  {
    "ID Number": "2304627"
  },
  {
    "ID Number": "2330148"
  },
  {
    "ID Number": "2301644"
  },
  {
    "ID Number": "2331527"
  },
  {
    "ID Number": "2306654"
  },
  {
    "ID Number": "2320860"
  },
  {
    "ID Number": "2300990"
  },
  {
    "ID Number": "2324458"
  },
  {
    "ID Number": "2301105"
  },
  {
    "ID Number": "2301652"
  },
  {
    "ID Number": "2307715"
  },
  {
    "ID Number": "2314061"
  },
  {
    "ID Number": "2332698"
  },
  {
    "ID Number": "2300150"
  },
  {
    "ID Number": "2330806"
  },
  {
    "ID Number": "2307197"
  },
  {
    "ID Number": "2309505"
  },
  {
    "ID Number": "2309220"
  },
  {
    "ID Number": "2320584"
  },
  {
    "ID Number": "2301660"
  },
  {
    "ID Number": "2314975"
  },
  {
    "ID Number": "2316536"
  },
  {
    "ID Number": "2302314"
  },
  {
    "ID Number": "2322277"
  },
  {
    "ID Number": "2328801"
  },
  {
    "ID Number": "2301822"
  },
  {
    "ID Number": "2301784"
  },
  {
    "ID Number": "2320789"
  },
  {
    "ID Number": "2330628"
  },
  {
    "ID Number": "2325373"
  },
  {
    "ID Number": "2330954"
  },
  {
    "ID Number": "2326116"
  },
  {
    "ID Number": "2318059"
  },
  {
    "ID Number": "2304635"
  },
  {
    "ID Number": "2321769"
  },
  {
    "ID Number": "2334860"
  },
  {
    "ID Number": "2300214"
  },
  {
    "ID Number": "1701550"
  },
  {
    "ID Number": "2325462"
  },
  {
    "ID Number": "2301997"
  },
  {
    "ID Number": "2303590"
  },
  {
    "ID Number": "2308240"
  },
  {
    "ID Number": "2326230"
  },
  {
    "ID Number": "2335794"
  },
  {
    "ID Number": "2333678"
  },
  {
    "ID Number": "2300885"
  },
  {
    "ID Number": "2303124"
  },
  {
    "ID Number": "2325594"
  },
  {
    "ID Number": "2319292"
  },
  {
    "ID Number": "2315963"
  },
  {
    "ID Number": "2307227"
  },
  {
    "ID Number": "2300842"
  },
  {
    "ID Number": "2330636"
  },
  {
    "ID Number": "2329158"
  },
  {
    "ID Number": "2320878"
  },
  {
    "ID Number": "2326485"
  },
  {
    "ID Number": "2300788"
  },
  {
    "ID Number": "2329751"
  },
  {
    "ID Number": "2303604"
  },
  {
    "ID Number": "2302020"
  },
  {
    "ID Number": "2319853"
  },
  {
    "ID Number": "2302055"
  },
  {
    "ID Number": "2302063"
  },
  {
    "ID Number": "2302098"
  },
  {
    "ID Number": "2313596"
  },
  {
    "ID Number": "2310406"
  },
  {
    "ID Number": "2328704"
  },
  {
    "ID Number": "2302080"
  },
  {
    "ID Number": "2325047"
  },
  {
    "ID Number": "2302179"
  },
  {
    "ID Number": "2300559"
  },
  {
    "ID Number": "2319306"
  },
  {
    "ID Number": "2311283"
  },
  {
    "ID Number": "2302276"
  },
  {
    "ID Number": "2315262"
  },
  {
    "ID Number": "2326400"
  },
  {
    "ID Number": "2322862"
  },
  {
    "ID Number": "2301385"
  },
  {
    "ID Number": "2300249"
  },
  {
    "ID Number": "2300699"
  },
  {
    "ID Number": "2302241"
  },
  {
    "ID Number": "2304651"
  },
  {
    "ID Number": "2322790"
  },
  {
    "ID Number": "2307596"
  },
  {
    "ID Number": "2318164"
  },
  {
    "ID Number": "2320894"
  },
  {
    "ID Number": "2332140"
  },
  {
    "ID Number": "2304864"
  },
  {
    "ID Number": "2329344"
  },
  {
    "ID Number": "2323664"
  },
  {
    "ID Number": "2326280"
  },
  {
    "ID Number": "2331926"
  },
  {
    "ID Number": "2325110"
  },
  {
    "ID Number": "2309980"
  },
  {
    "ID Number": "2302209"
  },
  {
    "ID Number": "2320681"
  },
  {
    "ID Number": "2305526"
  },
  {
    "ID Number": "2311550"
  },
  {
    "ID Number": "2330482"
  },
  {
    "ID Number": "2310473"
  },
  {
    "ID Number": "2310520"
  },
  {
    "ID Number": "2333694"
  },
  {
    "ID Number": "2311674"
  },
  {
    "ID Number": "2325560"
  },
  {
    "ID Number": "2300206"
  },
  {
    "ID Number": "2307871"
  },
  {
    "ID Number": "2323044"
  },
  {
    "ID Number": "2314002"
  },
  {
    "ID Number": "2303620"
  },
  {
    "ID Number": "2314339"
  },
  {
    "ID Number": "2306719"
  },
  {
    "ID Number": "2301350"
  },
  {
    "ID Number": "2307278"
  },
  {
    "ID Number": "2308940"
  },
  {
    "ID Number": "2302411"
  },
  {
    "ID Number": "2322463"
  },
  {
    "ID Number": "2304872"
  },
  {
    "ID Number": "2329808"
  },
  {
    "ID Number": "2332280"
  },
  {
    "ID Number": "2316650"
  },
  {
    "ID Number": "2324008"
  },
  {
    "ID Number": "2321637"
  },
  {
    "ID Number": "2330059"
  },
  {
    "ID Number": "2327058"
  },
  {
    "ID Number": "2300915"
  },
  {
    "ID Number": "2324482"
  },
  {
    "ID Number": "2322145"
  },
  {
    "ID Number": "2311917"
  },
  {
    "ID Number": "2318385"
  },
  {
    "ID Number": "2334232"
  },
  {
    "ID Number": "2300354"
  },
  {
    "ID Number": "2328410"
  },
  {
    "ID Number": "2302519"
  },
  {
    "ID Number": "2324318"
  },
  {
    "ID Number": "2300931"
  },
  {
    "ID Number": "2312220"
  },
  {
    "ID Number": "2302853"
  },
  {
    "ID Number": "2313944"
  },
  {
    "ID Number": "2301776"
  },
  {
    "ID Number": "2310538"
  },
  {
    "ID Number": "2316560"
  },
  {
    "ID Number": "2314010"
  },
  {
    "ID Number": "2326833"
  },
  {
    "ID Number": "2328810"
  },
  {
    "ID Number": "2317052"
  },
  {
    "ID Number": "2305992"
  },
  {
    "ID Number": "2306956"
  },
  {
    "ID Number": "2319055"
  },
  {
    "ID Number": "2333716"
  },
  {
    "ID Number": "2323206"
  },
  {
    "ID Number": "2315190"
  },
  {
    "ID Number": "2319438"
  },
  {
    "ID Number": "2314665"
  },
  {
    "ID Number": "2309572"
  },
  {
    "ID Number": "2301830"
  },
  {
    "ID Number": "2319233"
  },
  {
    "ID Number": "2300664"
  },
  {
    "ID Number": "2300907"
  },
  {
    "ID Number": "2300494"
  },
  {
    "ID Number": "2301369"
  },
  {
    "ID Number": "2303647"
  },
  {
    "ID Number": "2312611"
  },
  {
    "ID Number": "2301075"
  },
  {
    "ID Number": "2324822"
  },
  {
    "ID Number": "2302551"
  },
  {
    "ID Number": "2330504"
  },
  {
    "ID Number": "2330016"
  },
  {
    "ID Number": "2306069"
  },
  {
    "ID Number": "2319446"
  },
  {
    "ID Number": "2311569"
  },
  {
    "ID Number": "2315866"
  },
  {
    "ID Number": "2302861"
  },
  {
    "ID Number": "2323109"
  },
  {
    "ID Number": "2333970"
  },
  {
    "ID Number": "2323460"
  },
  {
    "ID Number": "2316412"
  },
  {
    "ID Number": "2323478"
  },
  {
    "ID Number": "2311100"
  },
  {
    "ID Number": "2326957"
  },
  {
    "ID Number": "2320690"
  },
  {
    "ID Number": "2301865"
  },
  {
    "ID Number": "2303655"
  },
  {
    "ID Number": "2329077"
  },
  {
    "ID Number": "2332906"
  },
  {
    "ID Number": "2315890"
  },
  {
    "ID Number": "2330032"
  },
  {
    "ID Number": "2302594"
  },
  {
    "ID Number": "2317605"
  },
  {
    "ID Number": "2311461"
  },
  {
    "ID Number": "2302608"
  },
  {
    "ID Number": "2314223"
  },
  {
    "ID Number": "2305593"
  },
  {
    "ID Number": "2303680"
  },
  {
    "ID Number": "2324881"
  },
  {
    "ID Number": "2323419"
  },
  {
    "ID Number": "2328267"
  },
  {
    "ID Number": "2312875"
  },
  {
    "ID Number": "2317532"
  },
  {
    "ID Number": "2309998"
  },
  {
    "ID Number": "2315041"
  },
  {
    "ID Number": "2314118"
  },
  {
    "ID Number": "2303701"
  },
  {
    "ID Number": "2318261"
  },
  {
    "ID Number": "2316609"
  },
  {
    "ID Number": "2323915"
  },
  {
    "ID Number": "2311534"
  },
  {
    "ID Number": "2319551"
  },
  {
    "ID Number": "2335611"
  },
  {
    "ID Number": "370243352"
  },
  {
    "ID Number": "2316218"
  },
  {
    "ID Number": "2327503"
  },
  {
    "ID Number": "2325632"
  },
  {
    "ID Number": "2311488"
  },
  {
    "ID Number": "2311127"
  },
  {
    "ID Number": "2306093"
  },
  {
    "ID Number": "2332310"
  },
  {
    "ID Number": "2325128"
  },
  {
    "ID Number": "2315084"
  },
  {
    "ID Number": "2312883"
  },
  {
    "ID Number": "2316668"
  },
  {
    "ID Number": "2323010"
  },
  {
    "ID Number": "2300672"
  },
  {
    "ID Number": "2300044"
  },
  {
    "ID Number": "2325802"
  },
  {
    "ID Number": "2307324"
  },
  {
    "ID Number": "2313227"
  },
  {
    "ID Number": "2335182"
  },
  {
    "ID Number": "2308916"
  },
  {
    "ID Number": "2319675"
  },
  {
    "ID Number": "2330814"
  },
  {
    "ID Number": "2305615"
  },
  {
    "ID Number": "2310481"
  },
  {
    "ID Number": "2332035"
  },
  {
    "ID Number": "2301253"
  },
  {
    "ID Number": "2317540"
  },
  {
    "ID Number": "2328330"
  },
  {
    "ID Number": "2317125"
  },
  {
    "ID Number": "2329816"
  },
  {
    "ID Number": "2311992"
  },
  {
    "ID Number": "2321904"
  },
  {
    "ID Number": "2309068"
  },
  {
    "ID Number": "2304902"
  },
  {
    "ID Number": "2301709"
  },
  {
    "ID Number": "2309076"
  },
  {
    "ID Number": "2302250"
  },
  {
    "ID Number": "2329417"
  },
  {
    "ID Number": "2013576"
  },
  {
    "ID Number": "2321700"
  },
  {
    "ID Number": "2301270"
  },
  {
    "ID Number": "2335662"
  },
  {
    "ID Number": "2326256"
  },
  {
    "ID Number": "2307065"
  },
  {
    "ID Number": "2319462"
  },
  {
    "ID Number": "2303000"
  },
  {
    "ID Number": "2301431"
  },
  {
    "ID Number": "2313782"
  },
  {
    "ID Number": "2305917"
  },
  {
    "ID Number": "2305860"
  },
  {
    "ID Number": "2316676"
  },
  {
    "ID Number": "2318172"
  },
  {
    "ID Number": "2331071"
  },
  {
    "ID Number": "2327023"
  },
  {
    "ID Number": "2320614"
  },
  {
    "ID Number": "2301067"
  },
  {
    "ID Number": "2303019"
  },
  {
    "ID Number": "2324415"
  },
  {
    "ID Number": "2303728"
  },
  {
    "ID Number": "2304694"
  },
  {
    "ID Number": "2301490"
  },
  {
    "ID Number": "2325039"
  },
  {
    "ID Number": "2306760"
  },
  {
    "ID Number": "2305623"
  },
  {
    "ID Number": "2325390"
  },
  {
    "ID Number": "2306425"
  },
  {
    "ID Number": "2303108"
  },
  {
    "ID Number": "2318210"
  },
  {
    "ID Number": "2307910"
  },
  {
    "ID Number": "2314673"
  },
  {
    "ID Number": "2316471"
  },
  {
    "ID Number": "2310082"
  },
  {
    "ID Number": "2315149"
  },
  {
    "ID Number": "2309300"
  },
  {
    "ID Number": "2308380"
  },
  {
    "ID Number": "2318539"
  },
  {
    "ID Number": "2310244"
  },
  {
    "ID Number": "2303051"
  },
  {
    "ID Number": "2330385"
  },
  {
    "ID Number": "2303060"
  },
  {
    "ID Number": "2300338"
  },
  {
    "ID Number": "2311224"
  },
  {
    "ID Number": "2301717"
  },
  {
    "ID Number": "2303116"
  },
  {
    "ID Number": "2316706"
  },
  {
    "ID Number": "2324253"
  },
  {
    "ID Number": "2323672"
  },
  {
    "ID Number": "2308398"
  },
  {
    "ID Number": "2300125"
  },
  {
    "ID Number": "2301881"
  },
  {
    "ID Number": "2316587"
  },
  {
    "ID Number": "2321300"
  },
  {
    "ID Number": "2332051"
  },
  {
    "ID Number": "2309092"
  },
  {
    "ID Number": "2332361"
  },
  {
    "ID Number": "2304708"
  },
  {
    "ID Number": "2304937"
  },
  {
    "ID Number": "2321688"
  },
  {
    "ID Number": "2307073"
  },
  {
    "ID Number": "2326426"
  },
  {
    "ID Number": "2319179"
  },
  {
    "ID Number": "2313413"
  },
  {
    "ID Number": "2309106"
  },
  {
    "ID Number": "2302705"
  },
  {
    "ID Number": "2313960"
  },
  {
    "ID Number": "2303205"
  },
  {
    "ID Number": "2302365"
  },
  {
    "ID Number": "2308002"
  },
  {
    "ID Number": "2303221"
  },
  {
    "ID Number": "2305666"
  },
  {
    "ID Number": "2319870"
  },
  {
    "ID Number": "2303248"
  },
  {
    "ID Number": "2309327"
  },
  {
    "ID Number": "2310970"
  },
  {
    "ID Number": "2321947"
  },
  {
    "ID Number": "2302373"
  },
  {
    "ID Number": "2330890"
  },
  {
    "ID Number": "2330660"
  },
  {
    "ID Number": "2323370"
  },
  {
    "ID Number": "2300567"
  },
  {
    "ID Number": "2316374"
  },
  {
    "ID Number": "2303272"
  },
  {
    "ID Number": "2321084"
  },
  {
    "ID Number": "2307928"
  },
  {
    "ID Number": "2331306"
  },
  {
    "ID Number": "2300419"
  },
  {
    "ID Number": "2324148"
  },
  {
    "ID Number": "2301687"
  },
  {
    "ID Number": "2312530"
  },
  {
    "ID Number": "2305674"
  },
  {
    "ID Number": "2305194"
  },
  {
    "ID Number": "2307936"
  },
  {
    "ID Number": "2304716"
  },
  {
    "ID Number": "2305062"
  },
  {
    "ID Number": "2329638"
  },
  {
    "ID Number": "2323125"
  },
  {
    "ID Number": "2317192"
  },
  {
    "ID Number": "2318342"
  },
  {
    "ID Number": "2303299"
  },
  {
    "ID Number": "2301130"
  },
  {
    "ID Number": "2303302"
  },
  {
    "ID Number": "2301318"
  },
  {
    "ID Number": "2321530"
  },
  {
    "ID Number": "2310260"
  },
  {
    "ID Number": "2319225"
  },
  {
    "ID Number": "2301326"
  },
  {
    "ID Number": "2308460"
  },
  {
    "ID Number": "2328500"
  },
  {
    "ID Number": "2300940"
  },
  {
    "ID Number": "2318113"
  },
  {
    "ID Number": "2304953"
  },
  {
    "ID Number": "2806231"
  },
  {
    "ID Number": "2315475"
  },
  {
    "ID Number": "2308843"
  },
  {
    "ID Number": "2308010"
  },
  {
    "ID Number": "2318180"
  },
  {
    "ID Number": "2323052"
  },
  {
    "ID Number": "2328356"
  },
  {
    "ID Number": "2327279"
  },
  {
    "ID Number": "2310007"
  },
  {
    "ID Number": "2331403"
  },
  {
    "ID Number": "2300370"
  },
  {
    "ID Number": "2320630"
  },
  {
    "ID Number": "2306794"
  },
  {
    "ID Number": "1404679"
  },
  {
    "ID Number": "2300141"
  },
  {
    "ID Number": "2305682"
  },
  {
    "ID Number": "2304724"
  },
  {
    "ID Number": "2303752"
  },
  {
    "ID Number": "2309335"
  },
  {
    "ID Number": "2302268"
  },
  {
    "ID Number": "2324547"
  },
  {
    "ID Number": "2315823"
  },
  {
    "ID Number": "2310988"
  },
  {
    "ID Number": "2315076"
  },
  {
    "ID Number": "2319667"
  },
  {
    "ID Number": "2300656"
  },
  {
    "ID Number": "2302225"
  },
  {
    "ID Number": "2320134"
  },
  {
    "ID Number": "2310732"
  },
  {
    "ID Number": "2332604"
  },
  {
    "ID Number": "2324423"
  },
  {
    "ID Number": "2300362"
  },
  {
    "ID Number": "2304961"
  },
  {
    "ID Number": "2333317"
  },
  {
    "ID Number": "2301377"
  },
  {
    "ID Number": "2312417"
  },
  {
    "ID Number": "2303361"
  },
  {
    "ID Number": "2302764"
  },
  {
    "ID Number": "2313499"
  },
  {
    "ID Number": "2308533"
  },
  {
    "ID Number": "2325780"
  },
  {
    "ID Number": "2325764"
  },
  {
    "ID Number": "2300966"
  },
  {
    "ID Number": "2329573"
  },
  {
    "ID Number": "2302870"
  },
  {
    "ID Number": "2300729"
  },
  {
    "ID Number": "2319934"
  },
  {
    "ID Number": "2319683"
  },
  {
    "ID Number": "2321351"
  },
  {
    "ID Number": "2319268"
  },
  {
    "ID Number": "2311798"
  },
  {
    "ID Number": "2301806"
  },
  {
    "ID Number": "2303779"
  },
  {
    "ID Number": "2309114"
  },
  {
    "ID Number": "2328607"
  },
  {
    "ID Number": "2303787"
  },
  {
    "ID Number": "2312484"
  },
  {
    "ID Number": "2325225"
  },
  {
    "ID Number": "2305283"
  },
  {
    "ID Number": "2306921"
  },
  {
    "ID Number": "2309629"
  },
  {
    "ID Number": "2318075"
  },
  {
    "ID Number": "2302128"
  },
  {
    "ID Number": "2303442"
  },
  {
    "ID Number": "2307553"
  },
  {
    "ID Number": "2304970"
  },
  {
    "ID Number": "2315874"
  },
  {
    "ID Number": "2310287"
  },
  {
    "ID Number": "2313391"
  },
  {
    "ID Number": "2313383"
  },
  {
    "ID Number": "2306484"
  },
  {
    "ID Number": "2327759"
  },
  {
    "ID Number": "2328070"
  },
  {
    "ID Number": "2325640"
  },
  {
    "ID Number": "2303809"
  },
  {
    "ID Number": "2303817"
  },
  {
    "ID Number": "2321521"
  },
  {
    "ID Number": "2306034"
  },
  {
    "ID Number": "2303469"
  },
  {
    "ID Number": "1427075"
  },
  {
    "ID Number": "2328836"
  },
  {
    "ID Number": "2303485"
  },
  {
    "ID Number": "2315343"
  },
  {
    "ID Number": "2333406"
  },
  {
    "ID Number": "2333465"
  },
  {
    "ID Number": "2323150"
  },
  {
    "ID Number": "2303507"
  },
  {
    "ID Number": "2310015"
  },
  {
    "ID Number": "2313910"
  },
  {
    "ID Number": "2323290"
  },
  {
    "ID Number": "2323494"
  },
  {
    "ID Number": "2303523"
  },
  {
    "ID Number": "2303515"
  },
  {
    "ID Number": "2330075"
  },
  {
    "ID Number": "2328658"
  },
  {
    "ID Number": "2313510"
  },
  {
    "ID Number": "2330520"
  },
  {
    "ID Number": "2300451"
  },
  {
    "ID Number": "2323389"
  },
  {
    "ID Number": "2330539"
  },
  {
    "ID Number": "2316765"
  },
  {
    "ID Number": "2300010"
  },
  {
    "ID Number": "2329182"
  },
  {
    "ID Number": "2313200"
  },
  {
    "ID Number": "2331705"
  },
  {
    "ID Number": "2312042"
  },
  {
    "ID Number": "2327830"
  },
  {
    "ID Number": "2325071"
  },
  {
    "ID Number": "2317974"
  },
  {
    "ID Number": "2302403"
  },
  {
    "ID Number": "2301148"
  },
  {
    "ID Number": "2320045"
  },
  {
    "ID Number": "2311070"
  },
  {
    "ID Number": "2325659"
  },
  {
    "ID Number": "2303957"
  },
  {
    "ID Number": "2330199"
  },
  {
    "ID Number": "2311453"
  },
  {
    "ID Number": "2302772"
  },
  {
    "ID Number": "2316102"
  },
  {
    "ID Number": "2328348"
  },
  {
    "ID Number": "2310821"
  },
  {
    "ID Number": "2301016"
  },
  {
    "ID Number": "2313553"
  },
  {
    "ID Number": "2320401"
  },
  {
    "ID Number": "2313014"
  },
  {
    "ID Number": "2306638"
  },
  {
    "ID Number": "2302780"
  },
  {
    "ID Number": "2320118"
  },
  {
    "ID Number": "2323524"
  },
  {
    "ID Number": "2303990"
  },
  {
    "ID Number": "2306816"
  },
  {
    "ID Number": "2310740"
  },
  {
    "ID Number": "2308568"
  },
  {
    "ID Number": "2303078"
  },
  {
    "ID Number": "2306824"
  },
  {
    "ID Number": "2326000"
  },
  {
    "ID Number": "2318091"
  },
  {
    "ID Number": "2333333"
  },
  {
    "ID Number": "2301202"
  },
  {
    "ID Number": "2335549"
  },
  {
    "ID Number": "2320142"
  },
  {
    "ID Number": "2302721"
  },
  {
    "ID Number": "2303825"
  },
  {
    "ID Number": "2314487"
  },
  {
    "ID Number": "2317095"
  },
  {
    "ID Number": "2309130"
  },
  {
    "ID Number": "2325055"
  },
  {
    "ID Number": "2316722"
  },
  {
    "ID Number": "2301725"
  },
  {
    "ID Number": "2315785"
  },
  {
    "ID Number": "2300028"
  },
  {
    "ID Number": "2317575"
  },
  {
    "ID Number": "2302136"
  },
  {
    "ID Number": "2309645"
  },
  {
    "ID Number": "2303841"
  },
  {
    "ID Number": "2323427"
  },
  {
    "ID Number": "2316544"
  },
  {
    "ID Number": "2317990"
  },
  {
    "ID Number": "14132907"
  },
  {
    "ID Number": "14121093"
  },
  {
    "ID Number": "305650"
  },
  {
    "ID Number": "2304058"
  },
  {
    "ID Number": "2328763"
  },
  {
    "ID Number": "2308860"
  },
  {
    "ID Number": "2301040"
  },
  {
    "ID Number": "2313243"
  },
  {
    "ID Number": "2314606"
  },
  {
    "ID Number": "2326213"
  },
  {
    "ID Number": "2304090"
  },
  {
    "ID Number": "2332175"
  },
  {
    "ID Number": "2326469"
  },
  {
    "ID Number": "2301768"
  },
  {
    "ID Number": "2311410"
  },
  {
    "ID Number": "2320100"
  },
  {
    "ID Number": "2327171"
  },
  {
    "ID Number": "2319845"
  },
  {
    "ID Number": "2302900"
  },
  {
    "ID Number": "2311054"
  },
  {
    "ID Number": "10601279"
  },
  {
    "ID Number": "2334887"
  },
  {
    "ID Number": "2304139"
  },
  {
    "ID Number": "2306972"
  },
  {
    "ID Number": "2331446"
  },
  {
    "ID Number": "2332205"
  },
  {
    "ID Number": "2314894"
  },
  {
    "ID Number": "2333309"
  },
  {
    "ID Number": "2333538"
  },
  {
    "ID Number": "2322480"
  },
  {
    "ID Number": "2313057"
  },
  {
    "ID Number": "2300168"
  },
  {
    "ID Number": "2315904"
  },
  {
    "ID Number": "2316340"
  },
  {
    "ID Number": "2304767"
  },
  {
    "ID Number": "2317087"
  },
  {
    "ID Number": "2319608"
  },
  {
    "ID Number": "2305305"
  },
  {
    "ID Number": "2334399"
  },
  {
    "ID Number": "2302888"
  },
  {
    "ID Number": "2322030"
  },
  {
    "ID Number": "2311003"
  },
  {
    "ID Number": "2304163"
  },
  {
    "ID Number": "2314169"
  },
  {
    "ID Number": "2321610"
  },
  {
    "ID Number": "2321483"
  },
  {
    "ID Number": "2302004"
  },
  {
    "ID Number": "2317044"
  },
  {
    "ID Number": "2302977"
  },
  {
    "ID Number": "2320720"
  },
  {
    "ID Number": "2307448"
  },
  {
    "ID Number": "2309726"
  },
  {
    "ID Number": "2313766"
  },
  {
    "ID Number": "2327007"
  },
  {
    "ID Number": "2304180"
  },
  {
    "ID Number": "2309734"
  },
  {
    "ID Number": "2302926"
  },
  {
    "ID Number": "2319861"
  },
  {
    "ID Number": "2303850"
  },
  {
    "ID Number": "2302217"
  },
  {
    "ID Number": "2309238"
  },
  {
    "ID Number": "2302144"
  },
  {
    "ID Number": "2323591"
  },
  {
    "ID Number": "2320738"
  },
  {
    "ID Number": "2301849"
  },
  {
    "ID Number": "2328852"
  },
  {
    "ID Number": "2304210"
  },
  {
    "ID Number": "2310830"
  },
  {
    "ID Number": "2304783"
  },
  {
    "ID Number": "2302195"
  },
  {
    "ID Number": "2313278"
  },
  {
    "ID Number": "2320967"
  },
  {
    "ID Number": "2312077"
  },
  {
    "ID Number": "2304228"
  },
  {
    "ID Number": "2306042"
  },
  {
    "ID Number": "2322854"
  },
  {
    "ID Number": "2303868"
  },
  {
    "ID Number": "2304996"
  },
  {
    "ID Number": "2300397"
  },
  {
    "ID Number": "2301008"
  },
  {
    "ID Number": "2306140"
  },
  {
    "ID Number": "2303884"
  },
  {
    "ID Number": "2303892"
  },
  {
    "ID Number": "2301024"
  },
  {
    "ID Number": "2334577"
  },
  {
    "ID Number": "2311585"
  },
  {
    "ID Number": "2306018"
  },
  {
    "ID Number": "2305020"
  },
  {
    "ID Number": "2316943"
  },
  {
    "ID Number": "2330440"
  },
  {
    "ID Number": "2318148"
  },
  {
    "ID Number": "2330776"
  },
  {
    "ID Number": "2330687"
  },
  {
    "ID Number": "2318393"
  },
  {
    "ID Number": "2322668"
  },
  {
    "ID Number": "2310031"
  },
  {
    "ID Number": "2319691"
  },
  {
    "ID Number": "2331969"
  },
  {
    "ID Number": "2331977"
  },
  {
    "ID Number": "2309467"
  },
  {
    "ID Number": "2312379"
  },
  {
    "ID Number": "2310325"
  },
  {
    "ID Number": "2313804"
  },
  {
    "ID Number": "2300087"
  },
  {
    "ID Number": "2323060"
  },
  {
    "ID Number": "2304295"
  },
  {
    "ID Number": "2306557"
  },
  {
    "ID Number": "2318768"
  },
  {
    "ID Number": "2308649"
  },
  {
    "ID Number": "2316757"
  },
  {
    "ID Number": "2325667"
  },
  {
    "ID Number": "2301229"
  },
  {
    "ID Number": "2316617"
  },
  {
    "ID Number": "2312441"
  },
  {
    "ID Number": "2300117"
  },
  {
    "ID Number": "2304791"
  },
  {
    "ID Number": "2326841"
  },
  {
    "ID Number": "2318997"
  },
  {
    "ID Number": "2304325"
  },
  {
    "ID Number": "2312093"
  },
  {
    "ID Number": "2310040"
  },
  {
    "ID Number": "2328860"
  },
  {
    "ID Number": "2329115"
  },
  {
    "ID Number": "2313090"
  },
  {
    "ID Number": "2318369"
  },
  {
    "ID Number": "2314550"
  },
  {
    "ID Number": "2331586"
  },
  {
    "ID Number": "2306867"
  },
  {
    "ID Number": "2326175"
  },
  {
    "ID Number": "2311089"
  },
  {
    "ID Number": "2304376"
  },
  {
    "ID Number": "2310341"
  },
  {
    "ID Number": "2302152"
  },
  {
    "ID Number": "2310759"
  },
  {
    "ID Number": "2318547"
  },
  {
    "ID Number": "2330695"
  },
  {
    "ID Number": "2327317"
  },
  {
    "ID Number": "2308673"
  },
  {
    "ID Number": "2304929"
  },
  {
    "ID Number": "2300265"
  },
  {
    "ID Number": "2304384"
  },
  {
    "ID Number": "2319896"
  },
  {
    "ID Number": "2331284"
  },
  {
    "ID Number": "2318040"
  },
  {
    "ID Number": "2300923"
  },
  {
    "ID Number": "2307693"
  },
  {
    "ID Number": "2324814"
  },
  {
    "ID Number": "2317915"
  },
  {
    "ID Number": "2310350"
  },
  {
    "ID Number": "2300982"
  },
  {
    "ID Number": "2300958"
  },
  {
    "ID Number": "2307812"
  },
  {
    "ID Number": "2307731"
  },
  {
    "ID Number": "2302462"
  },
  {
    "ID Number": "2306590"
  },
  {
    "ID Number": "2328259"
  },
  {
    "ID Number": "2306875"
  },
  {
    "ID Number": "2310090"
  },
  {
    "ID Number": "2300109"
  },
  {
    "ID Number": "2324776"
  },
  {
    "ID Number": "2308703"
  },
  {
    "ID Number": "2312425"
  },
  {
    "ID Number": "2314576"
  },
  {
    "ID Number": "2314916"
  },
  {
    "ID Number": "2324636"
  },
  {
    "ID Number": "2301695"
  },
  {
    "ID Number": "2315726"
  },
  {
    "ID Number": "2309203"
  },
  {
    "ID Number": "2320797"
  },
  {
    "ID Number": "2311810"
  },
  {
    "ID Number": "2320622"
  },
  {
    "ID Number": "2316013"
  },
  {
    "ID Number": "2311038"
  },
  {
    "ID Number": "2300869"
  },
  {
    "ID Number": "2304406"
  },
  {
    "ID Number": "2300060"
  },
  {
    "ID Number": "2300753"
  },
  {
    "ID Number": "2302454"
  },
  {
    "ID Number": "2300524"
  },
  {
    "ID Number": "2304422"
  },
  {
    "ID Number": "2301091"
  },
  {
    "ID Number": "2309777"
  },
  {
    "ID Number": "2300281"
  },
  {
    "ID Number": "2317940"
  },
  {
    "ID Number": "2309181"
  },
  {
    "ID Number": "2327627"
  },
  {
    "ID Number": "2323230"
  },
  {
    "ID Number": "2307626"
  },
  {
    "ID Number": "2310864"
  },
  {
    "ID Number": "2332272"
  },
  {
    "ID Number": "2325675"
  },
  {
    "ID Number": "2300222"
  },
  {
    "ID Number": "2311771"
  },
  {
    "ID Number": "2334259"
  },
  {
    "ID Number": "2302934"
  },
  {
    "ID Number": "2323265"
  },
  {
    "ID Number": "2315793"
  },
  {
    "ID Number": "2329948"
  },
  {
    "ID Number": "2300818"
  },
  {
    "ID Number": "2308738"
  },
  {
    "ID Number": "2304481"
  },
  {
    "ID Number": "2304805"
  },
  {
    "ID Number": "2310767"
  },
  {
    "ID Number": "2307790"
  },
  {
    "ID Number": "2324725"
  },
  {
    "ID Number": "2304813"
  },
  {
    "ID Number": "2318199"
  },
  {
    "ID Number": "2334585"
  },
  {
    "ID Number": "2301334"
  },
  {
    "ID Number": "2326817"
  },
  {
    "ID Number": "2318830"
  },
  {
    "ID Number": "2332370"
  },
  {
    "ID Number": "2301903"
  },
  {
    "ID Number": "2322927"
  },
  {
    "ID Number": "2308924"
  },
  {
    "ID Number": "2300478"
  },
  {
    "ID Number": "2321033"
  },
  {
    "ID Number": "2318644"
  },
  {
    "ID Number": "2329646"
  },
  {
    "ID Number": "2303914"
  },
  {
    "ID Number": "2314037"
  },
  {
    "ID Number": "2300400"
  },
  {
    "ID Number": "2307529"
  },
  {
    "ID Number": "2309270"
  },
  {
    "ID Number": "2304520"
  },
  {
    "ID Number": "2321343"
  },
  {
    "ID Number": "2316447"
  },
  {
    "ID Number": "2323443"
  },
  {
    "ID Number": "2302160"
  },
  {
    "ID Number": "2332191"
  },
  {
    "ID Number": "2328062"
  },
  {
    "ID Number": "2329760"
  },
  {
    "ID Number": "2323346"
  },
  {
    "ID Number": "2327341"
  },
  {
    "ID Number": "2332329"
  },
  {
    "ID Number": "2321246"
  },
  {
    "ID Number": "2316781"
  },
  {
    "ID Number": "2323354"
  }
]