[
  {
    "ID Number": "3100995"
  },
  {
    "ID Number": "3102289"
  },
  {
    "ID Number": "3104265"
  },
  {
    "ID Number": "3105903"
  },
  {
    "ID Number": "3103609"
  },
  {
    "ID Number": "3104460"
  },
  {
    "ID Number": "3107795"
  },
  {
    "ID Number": "3102726"
  },
  {
    "ID Number": "3101681"
  },
  {
    "ID Number": "3100197"
  },
  {
    "ID Number": "3106373"
  },
  {
    "ID Number": "3100979"
  },
  {
    "ID Number": "3100669"
  },
  {
    "ID Number": "3104567"
  },
  {
    "ID Number": "3107809"
  },
  {
    "ID Number": "3100227"
  },
  {
    "ID Number": "3106390"
  },
  {
    "ID Number": "3109852"
  },
  {
    "ID Number": "3105342"
  },
  {
    "ID Number": "3107540"
  },
  {
    "ID Number": "3102548"
  },
  {
    "ID Number": "3105148"
  },
  {
    "ID Number": "3106101"
  },
  {
    "ID Number": "3100111"
  },
  {
    "ID Number": "3101380"
  },
  {
    "ID Number": "3109577"
  },
  {
    "ID Number": "3112535"
  },
  {
    "ID Number": "3101045"
  },
  {
    "ID Number": "3100057"
  },
  {
    "ID Number": "3107043"
  },
  {
    "ID Number": "3100510"
  },
  {
    "ID Number": "3103641"
  },
  {
    "ID Number": "3107450"
  },
  {
    "ID Number": "3105466"
  },
  {
    "ID Number": "3100251"
  },
  {
    "ID Number": "3100928"
  },
  {
    "ID Number": "3110087"
  },
  {
    "ID Number": "3102556"
  },
  {
    "ID Number": "3102068"
  },
  {
    "ID Number": "3107507"
  },
  {
    "ID Number": "3100103"
  },
  {
    "ID Number": "3112772"
  },
  {
    "ID Number": "3110664"
  },
  {
    "ID Number": "3102750"
  },
  {
    "ID Number": "3100154"
  },
  {
    "ID Number": "3106110"
  },
  {
    "ID Number": "3109151"
  },
  {
    "ID Number": "3107051"
  },
  {
    "ID Number": "3109283"
  },
  {
    "ID Number": "3101886"
  },
  {
    "ID Number": "3100634"
  },
  {
    "ID Number": "3101428"
  },
  {
    "ID Number": "3100243"
  },
  {
    "ID Number": "3105806"
  },
  {
    "ID Number": "3102386"
  },
  {
    "ID Number": "3105911"
  },
  {
    "ID Number": "3100570"
  },
  {
    "ID Number": "3103218"
  },
  {
    "ID Number": "3100600"
  },
  {
    "ID Number": "3103927"
  },
  {
    "ID Number": "3100162"
  },
  {
    "ID Number": "3108791"
  },
  {
    "ID Number": "3106918"
  },
  {
    "ID Number": "3108520"
  },
  {
    "ID Number": "3101894"
  },
  {
    "ID Number": "3106977"
  },
  {
    "ID Number": "3100685"
  },
  {
    "ID Number": "3112195"
  },
  {
    "ID Number": "3111148"
  },
  {
    "ID Number": "3101720"
  },
  {
    "ID Number": "3101711"
  },
  {
    "ID Number": "3101576"
  },
  {
    "ID Number": "3112560"
  },
  {
    "ID Number": "3101940"
  },
  {
    "ID Number": "3106128"
  },
  {
    "ID Number": "3105644"
  },
  {
    "ID Number": "3108562"
  },
  {
    "ID Number": "3107205"
  },
  {
    "ID Number": "3102122"
  },
  {
    "ID Number": "3108120"
  },
  {
    "ID Number": "3101959"
  },
  {
    "ID Number": "3113493"
  },
  {
    "ID Number": "3100308"
  },
  {
    "ID Number": "3104532"
  },
  {
    "ID Number": "3106519"
  },
  {
    "ID Number": "3101908"
  },
  {
    "ID Number": "3100502"
  },
  {
    "ID Number": "3106748"
  },
  {
    "ID Number": "3115950"
  },
  {
    "ID Number": "3102378"
  },
  {
    "ID Number": "3101916"
  },
  {
    "ID Number": "3100065"
  },
  {
    "ID Number": "3108317"
  },
  {
    "ID Number": "3109143"
  },
  {
    "ID Number": "3101347"
  },
  {
    "ID Number": "3102777"
  },
  {
    "ID Number": "3107884"
  },
  {
    "ID Number": "3109453"
  },
  {
    "ID Number": "3110117"
  },
  {
    "ID Number": "3103226"
  },
  {
    "ID Number": "3108244"
  },
  {
    "ID Number": "3105164"
  },
  {
    "ID Number": "3106845"
  },
  {
    "ID Number": "3102130"
  },
  {
    "ID Number": "3105440"
  },
  {
    "ID Number": "3113000"
  },
  {
    "ID Number": "3100715"
  },
  {
    "ID Number": "3109550"
  },
  {
    "ID Number": "3109984"
  },
  {
    "ID Number": "3106098"
  },
  {
    "ID Number": "3112861"
  },
  {
    "ID Number": "3102564"
  },
  {
    "ID Number": "3114368"
  },
  {
    "ID Number": "3109771"
  },
  {
    "ID Number": "3100138"
  },
  {
    "ID Number": "3110680"
  },
  {
    "ID Number": "3111733"
  },
  {
    "ID Number": "3106292"
  },
  {
    "ID Number": "3107914"
  },
  {
    "ID Number": "3106136"
  },
  {
    "ID Number": "2031566"
  },
  {
    "ID Number": "3100731"
  },
  {
    "ID Number": "3101134"
  },
  {
    "ID Number": "3106632"
  },
  {
    "ID Number": "3101924"
  },
  {
    "ID Number": "3110028"
  },
  {
    "ID Number": "3102572"
  },
  {
    "ID Number": "3100286"
  },
  {
    "ID Number": "3101100"
  },
  {
    "ID Number": "3101746"
  },
  {
    "ID Number": "3101797"
  },
  {
    "ID Number": "3100383"
  },
  {
    "ID Number": "3104940"
  },
  {
    "ID Number": "3100030"
  },
  {
    "ID Number": "3109933"
  },
  {
    "ID Number": "3112578"
  },
  {
    "ID Number": "3102033"
  },
  {
    "ID Number": "3101665"
  },
  {
    "ID Number": "3101584"
  },
  {
    "ID Number": "3108210"
  },
  {
    "ID Number": "3108228"
  },
  {
    "ID Number": "3108201"
  },
  {
    "ID Number": "3102785"
  },
  {
    "ID Number": "3106721"
  },
  {
    "ID Number": "3106713"
  },
  {
    "ID Number": "3103790"
  },
  {
    "ID Number": "3103820"
  },
  {
    "ID Number": "3105075"
  },
  {
    "ID Number": "3108511"
  },
  {
    "ID Number": "3109003"
  },
  {
    "ID Number": "3101975"
  },
  {
    "ID Number": "3100642"
  },
  {
    "ID Number": "3102467"
  },
  {
    "ID Number": "3108325"
  },
  {
    "ID Number": "3111407"
  },
  {
    "ID Number": "3101622"
  },
  {
    "ID Number": "3106144"
  },
  {
    "ID Number": "3112705"
  },
  {
    "ID Number": "3113019"
  },
  {
    "ID Number": "3113205"
  },
  {
    "ID Number": "3101800"
  },
  {
    "ID Number": "3109011"
  },
  {
    "ID Number": "3107892"
  },
  {
    "ID Number": "3105237"
  },
  {
    "ID Number": "3101037"
  },
  {
    "ID Number": "3100421"
  },
  {
    "ID Number": "3118428"
  },
  {
    "ID Number": "3113477"
  },
  {
    "ID Number": "3101983"
  },
  {
    "ID Number": "3105369"
  },
  {
    "ID Number": "3109763"
  },
  {
    "ID Number": "3102246"
  },
  {
    "ID Number": "3112802"
  },
  {
    "ID Number": "3106888"
  },
  {
    "ID Number": "3100766"
  },
  {
    "ID Number": "3102076"
  },
  {
    "ID Number": "3114392"
  },
  {
    "ID Number": "3114686"
  },
  {
    "ID Number": "3101029"
  },
  {
    "ID Number": "3105172"
  },
  {
    "ID Number": "3100774"
  },
  {
    "ID Number": "3106780"
  },
  {
    "ID Number": "3109798"
  },
  {
    "ID Number": "3113116"
  },
  {
    "ID Number": "3100448"
  },
  {
    "ID Number": "3104362"
  },
  {
    "ID Number": "3102084"
  },
  {
    "ID Number": "3118266"
  },
  {
    "ID Number": "3102807"
  },
  {
    "ID Number": "3104699"
  },
  {
    "ID Number": "3102092"
  },
  {
    "ID Number": "3117561"
  },
  {
    "ID Number": "3106837"
  },
  {
    "ID Number": "3106640"
  },
  {
    "ID Number": "3104583"
  },
  {
    "ID Number": "3102165"
  },
  {
    "ID Number": "3110788"
  },
  {
    "ID Number": "3101991"
  },
  {
    "ID Number": "3100782"
  },
  {
    "ID Number": "3104443"
  },
  {
    "ID Number": "3107477"
  },
  {
    "ID Number": "3105334"
  },
  {
    "ID Number": "3101126"
  },
  {
    "ID Number": "3105970"
  },
  {
    "ID Number": "3104338"
  },
  {
    "ID Number": "3107299"
  },
  {
    "ID Number": "3116557"
  },
  {
    "ID Number": "3116484"
  },
  {
    "ID Number": "3105245"
  },
  {
    "ID Number": "3106039"
  },
  {
    "ID Number": "3101207"
  },
  {
    "ID Number": "3107574"
  },
  {
    "ID Number": "3108570"
  },
  {
    "ID Number": "3107744"
  },
  {
    "ID Number": "3105660"
  },
  {
    "ID Number": "3109356"
  },
  {
    "ID Number": "3100529"
  },
  {
    "ID Number": "3101142"
  },
  {
    "ID Number": "3102149"
  },
  {
    "ID Number": "3102009"
  },
  {
    "ID Number": "3113523"
  },
  {
    "ID Number": "3104133"
  },
  {
    "ID Number": "3111504"
  },
  {
    "ID Number": "3107582"
  },
  {
    "ID Number": "3100391"
  },
  {
    "ID Number": "3105873"
  },
  {
    "ID Number": "3107426"
  },
  {
    "ID Number": "3104257"
  },
  {
    "ID Number": "3101010"
  },
  {
    "ID Number": "3102653"
  },
  {
    "ID Number": "3110648"
  },
  {
    "ID Number": "3107302"
  },
  {
    "ID Number": "3105504"
  },
  {
    "ID Number": "3101274"
  },
  {
    "ID Number": "3100260"
  },
  {
    "ID Number": "3100316"
  },
  {
    "ID Number": "3101401"
  },
  {
    "ID Number": "3105814"
  },
  {
    "ID Number": "3110141"
  },
  {
    "ID Number": "3102050"
  },
  {
    "ID Number": "3101606"
  },
  {
    "ID Number": "3105180"
  },
  {
    "ID Number": "3101703"
  },
  {
    "ID Number": "3100146"
  },
  {
    "ID Number": "3102173"
  },
  {
    "ID Number": "3117421"
  },
  {
    "ID Number": "3100987"
  },
  {
    "ID Number": "3100324"
  },
  {
    "ID Number": "3110800"
  },
  {
    "ID Number": "3103048"
  },
  {
    "ID Number": "3107310"
  },
  {
    "ID Number": "3105628"
  },
  {
    "ID Number": "3109380"
  },
  {
    "ID Number": "3109399"
  },
  {
    "ID Number": "3112799"
  },
  {
    "ID Number": "3102114"
  },
  {
    "ID Number": "3100081"
  },
  {
    "ID Number": "3104591"
  },
  {
    "ID Number": "3100340"
  },
  {
    "ID Number": "3104346"
  },
  {
    "ID Number": "3104001"
  },
  {
    "ID Number": "3109976"
  },
  {
    "ID Number": "3110958"
  },
  {
    "ID Number": "3105610"
  },
  {
    "ID Number": "3105199"
  },
  {
    "ID Number": "3104923"
  },
  {
    "ID Number": "3105539"
  },
  {
    "ID Number": "3108937"
  },
  {
    "ID Number": "3103439"
  },
  {
    "ID Number": "3104010"
  },
  {
    "ID Number": "3106381"
  },
  {
    "ID Number": "3100278"
  },
  {
    "ID Number": "3112586"
  },
  {
    "ID Number": "3104850"
  },
  {
    "ID Number": "3103510"
  },
  {
    "ID Number": "3110400"
  },
  {
    "ID Number": "3109470"
  },
  {
    "ID Number": "3110060"
  },
  {
    "ID Number": "3109780"
  },
  {
    "ID Number": "6402151"
  },
  {
    "ID Number": "3100413"
  },
  {
    "ID Number": "3111784"
  },
  {
    "ID Number": "3111180"
  },
  {
    "ID Number": "3100480"
  },
  {
    "ID Number": "3112594"
  },
  {
    "ID Number": "3104672"
  },
  {
    "ID Number": "3103366"
  },
  {
    "ID Number": "3112357"
  },
  {
    "ID Number": "3112489"
  },
  {
    "ID Number": "3112470"
  },
  {
    "ID Number": "3105920"
  },
  {
    "ID Number": "3110850"
  },
  {
    "ID Number": "3101371"
  },
  {
    "ID Number": "3104907"
  },
  {
    "ID Number": "3100618"
  },
  {
    "ID Number": "3100812"
  },
  {
    "ID Number": "3108198"
  },
  {
    "ID Number": "3109755"
  },
  {
    "ID Number": "3113035"
  },
  {
    "ID Number": "3109062"
  },
  {
    "ID Number": "3100499"
  },
  {
    "ID Number": "3100820"
  },
  {
    "ID Number": "3109801"
  },
  {
    "ID Number": "3100839"
  },
  {
    "ID Number": "3101762"
  },
  {
    "ID Number": "3101657"
  },
  {
    "ID Number": "3100561"
  },
  {
    "ID Number": "3103846"
  },
  {
    "ID Number": "3106586"
  },
  {
    "ID Number": "3106675"
  },
  {
    "ID Number": "3103447"
  },
  {
    "ID Number": "3102483"
  },
  {
    "ID Number": "3106152"
  },
  {
    "ID Number": "3112780"
  },
  {
    "ID Number": "3107604"
  },
  {
    "ID Number": "3100472"
  },
  {
    "ID Number": "3109682"
  },
  {
    "ID Number": "3109690"
  },
  {
    "ID Number": "3107612"
  },
  {
    "ID Number": "3109097"
  },
  {
    "ID Number": "3104516"
  },
  {
    "ID Number": "3108449"
  },
  {
    "ID Number": "3105601"
  },
  {
    "ID Number": "3105962"
  },
  {
    "ID Number": "3111628"
  },
  {
    "ID Number": "6424643"
  },
  {
    "ID Number": "3104028"
  },
  {
    "ID Number": "3101789"
  },
  {
    "ID Number": "3107078"
  },
  {
    "ID Number": "3104273"
  },
  {
    "ID Number": "3105784"
  },
  {
    "ID Number": "3100464"
  },
  {
    "ID Number": "3112446"
  },
  {
    "ID Number": "3112080"
  },
  {
    "ID Number": "3101177"
  },
  {
    "ID Number": "3102017"
  },
  {
    "ID Number": "3105490"
  },
  {
    "ID Number": "3103579"
  },
  {
    "ID Number": "3109402"
  },
  {
    "ID Number": "3102599"
  },
  {
    "ID Number": "3109461"
  },
  {
    "ID Number": "3103595"
  },
  {
    "ID Number": "3106160"
  },
  {
    "ID Number": "3106055"
  },
  {
    "ID Number": "3110818"
  },
  {
    "ID Number": "3113418"
  },
  {
    "ID Number": "3116875"
  },
  {
    "ID Number": "3102106"
  },
  {
    "ID Number": "3109810"
  },
  {
    "ID Number": "3102440"
  },
  {
    "ID Number": "3101673"
  },
  {
    "ID Number": "3103994"
  },
  {
    "ID Number": "3110575"
  },
  {
    "ID Number": "3109640"
  },
  {
    "ID Number": "3103889"
  },
  {
    "ID Number": "3102971"
  },
  {
    "ID Number": "3105946"
  },
  {
    "ID Number": "3101444"
  },
  {
    "ID Number": "3105253"
  },
  {
    "ID Number": "3109496"
  },
  {
    "ID Number": "3104176"
  },
  {
    "ID Number": "3104036"
  },
  {
    "ID Number": "3112110"
  },
  {
    "ID Number": "3111440"
  },
  {
    "ID Number": "3113540"
  },
  {
    "ID Number": "3104230"
  },
  {
    "ID Number": "3102327"
  },
  {
    "ID Number": "3100898"
  },
  {
    "ID Number": "3106047"
  },
  {
    "ID Number": "3116239"
  },
  {
    "ID Number": "3102181"
  },
  {
    "ID Number": "3106179"
  },
  {
    "ID Number": "3106810"
  },
  {
    "ID Number": "3104079"
  },
  {
    "ID Number": "3101312"
  },
  {
    "ID Number": "3107760"
  },
  {
    "ID Number": "3102203"
  },
  {
    "ID Number": "3113140"
  },
  {
    "ID Number": "3106756"
  },
  {
    "ID Number": "3103781"
  },
  {
    "ID Number": "3111547"
  },
  {
    "ID Number": "3103668"
  },
  {
    "ID Number": "3104141"
  },
  {
    "ID Number": "3114139"
  },
  {
    "ID Number": "3100855"
  },
  {
    "ID Number": "3109348"
  },
  {
    "ID Number": "3107442"
  },
  {
    "ID Number": "3102343"
  },
  {
    "ID Number": "3108171"
  },
  {
    "ID Number": "3101185"
  },
  {
    "ID Number": "3110036"
  },
  {
    "ID Number": "3107116"
  },
  {
    "ID Number": "3100120"
  },
  {
    "ID Number": "3100189"
  },
  {
    "ID Number": "3101282"
  },
  {
    "ID Number": "3105261"
  },
  {
    "ID Number": "3100090"
  },
  {
    "ID Number": "3106306"
  },
  {
    "ID Number": "3102424"
  },
  {
    "ID Number": "3109364"
  },
  {
    "ID Number": "3105792"
  },
  {
    "ID Number": "3108341"
  },
  {
    "ID Number": "3113914"
  },
  {
    "ID Number": "3118703"
  },
  {
    "ID Number": "3100049"
  },
  {
    "ID Number": "3100863"
  },
  {
    "ID Number": "3108155"
  },
  {
    "ID Number": "3100936"
  },
  {
    "ID Number": "3102351"
  },
  {
    "ID Number": "3101967"
  },
  {
    "ID Number": "3104044"
  },
  {
    "ID Number": "3113906"
  },
  {
    "ID Number": "3108040"
  },
  {
    "ID Number": "3104320"
  },
  {
    "ID Number": "3100294"
  },
  {
    "ID Number": "3107680"
  },
  {
    "ID Number": "3102505"
  },
  {
    "ID Number": "3107671"
  },
  {
    "ID Number": "3103900"
  },
  {
    "ID Number": "3107710"
  },
  {
    "ID Number": "3100871"
  },
  {
    "ID Number": "3100022"
  },
  {
    "ID Number": "3100170"
  },
  {
    "ID Number": "3105121"
  },
  {
    "ID Number": "3104095"
  },
  {
    "ID Number": "3102254"
  },
  {
    "ID Number": "3102670"
  },
  {
    "ID Number": "3107787"
  },
  {
    "ID Number": "3110567"
  },
  {
    "ID Number": "3105202"
  },
  {
    "ID Number": "3101304"
  },
  {
    "ID Number": "3100430"
  },
  {
    "ID Number": "3114856"
  },
  {
    "ID Number": "3107949"
  },
  {
    "ID Number": "3102432"
  },
  {
    "ID Number": "3110770"
  },
  {
    "ID Number": "3100014"
  },
  {
    "ID Number": "3103528"
  },
  {
    "ID Number": "3102718"
  },
  {
    "ID Number": "3112055"
  },
  {
    "ID Number": "3111482"
  },
  {
    "ID Number": "3103188"
  },
  {
    "ID Number": "3105520"
  },
  {
    "ID Number": "3111660"
  },
  {
    "ID Number": "3100650"
  },
  {
    "ID Number": "3111164"
  },
  {
    "ID Number": "3105067"
  },
  {
    "ID Number": "3110206"
  },
  {
    "ID Number": "3106349"
  },
  {
    "ID Number": "3107841"
  },
  {
    "ID Number": "3102688"
  },
  {
    "ID Number": "3111717"
  },
  {
    "ID Number": "3107655"
  },
  {
    "ID Number": "3102360"
  },
  {
    "ID Number": "3110982"
  },
  {
    "ID Number": "3103110"
  },
  {
    "ID Number": "3102866"
  },
  {
    "ID Number": "3101193"
  },
  {
    "ID Number": "3113450"
  },
  {
    "ID Number": "3104354"
  },
  {
    "ID Number": "3100235"
  },
  {
    "ID Number": "3103277"
  },
  {
    "ID Number": "3101355"
  },
  {
    "ID Number": "3101851"
  },
  {
    "ID Number": "4401328"
  },
  {
    "ID Number": "3105423"
  },
  {
    "ID Number": "3105474"
  },
  {
    "ID Number": "3102874"
  },
  {
    "ID Number": "3100910"
  },
  {
    "ID Number": "3102882"
  },
  {
    "ID Number": "3111679"
  },
  {
    "ID Number": "3111644"
  },
  {
    "ID Number": "3105326"
  },
  {
    "ID Number": "3103714"
  },
  {
    "ID Number": "3108490"
  },
  {
    "ID Number": "3112810"
  },
  {
    "ID Number": "3105598"
  },
  {
    "ID Number": "3104435"
  },
  {
    "ID Number": "3100456"
  },
  {
    "ID Number": "3103773"
  },
  {
    "ID Number": "3101460"
  }
]