ID Number,Name,Fed,Sex,Title,WTit,OTit,Rating,Gms,K,RatingMonth,B-day,Flag
13022849,Aung Bhone Thu Kha,MYA,M,,,,1412,0,40,SEP25,2014,
13015540,Aung Kaday Paing,MYA,M,,,,1741,0,20,SEP25,2000,i
13009087,Aung Kaung Myat,MYA,M,,,,1840,0,20,SEP25,2004,i
13025104,Aung Kaung Myat Moe,MYA,M,,,,1634,0,40,SEP25,2012,
13020382,Aung Khant Thu,MYA,M,,,,1782,0,40,SEP25,2008,
13003267,Aung Min Khant,MYA,M,,,,1918,0,20,SEP25,2000,i
13025686,Aung Myint Myat A,MYA,M,,,,1565,0,40,SEP25,2007,i
13026500,Aung Myo Win,MYA,M,,,,1520,0,20,SEP25,1996,
13015168,Aung Paing Soe,MYA,M,,,,1795,0,20,SEP25,1996,i
13018248,Aung Phone Maw,MYA,M,,,,1853,0,20,SEP25,2003,i
13000063,Aung Thant Zin,MYA,M,FM,,,2278,0,20,SEP25,1960,i
13008315,Aung Thu,MYA,M,,,,2035,0,20,SEP25,1988,
13003682,Aung Zaw Win Htike,MYA,M,,,,2070,0,20,SEP25,1971,
6200281,"Aung, Kyaw Moe",MYA,M,,,,2030,0,20,SEP25,1975,i
13004565,Aye Ko,MYA,M,,,,2020,0,20,SEP25,1964,i
13006703,Ba Kyaw,MYA,M,,,,1927,0,20,SEP25,1962,i
13026046,Bhone Myat Thit,MYA,M,,,,1466,4,40,SEP25,2011,
13024540,Bhone Sett Ti,MYA,M,,,,1548,0,40,SEP25,2012,i
13007459,Chan Nyein Aung,MYA,M,,NA,,1925,0,20,SEP25,1996,i
13005057,Chan Tun Lin,MYA,M,,,,1972,0,20,SEP25,1981,
13021575,Chit Khine,MYA,M,,,,1502,0,20,SEP25,1993,i
13001280,Chit Ko Ko A,MYA,M,,,,2162,0,20,SEP25,1965,
13015451,Chit Ko Naing,MYA,M,,,,1885,0,20,SEP25,1999,i
13008323,Chit Ye Thu,MYA,M,,,,AGM,1642,18,SEP25,1984,
13021613,Eant Phone Shan,MYA,M,,,,1543,0,40,SEP25,2012,
13004140,Ei Chaint Chaint,MYA,F,,,,1620,0,20,SEP25,1999,wi
13002929,Ei Kyawt San,MYA,F,WFM,WFM,,2008,0,20,SEP25,1985,wi
13001817,Han Min Soe,MYA,M,,,,2096,0,20,SEP25,1978,
13012720,Hein Aung Khant,MYA,M,,,,1773,0,20,SEP25,2006,i
13015311,Hein Htet,MYA,M,,,,1932,0,20,SEP25,2003,i
13026976,Hein Htet A,MYA,M,,,,1576,0,40,SEP25,2011,
13019236,Hein Myat Aung,MYA,M,,,,1811,0,40,SEP25,2010,
13021630,Hein Myat Thu,MYA,M,,,,1730,0,40,SEP25,2010,
13002589,Hla Than,MYA,M,,,,1932,0,20,SEP25,1966,
13004611,Hlaing Min Thant,MYA,M,,,,2077,0,20,SEP25,1984,i
13007475,Hlyan Bhone Htet,MYA,M,,,,1799,0,20,SEP25,2000,i
13004620,Hnin Pwint Phyu,MYA,F,,,,1767,0,20,SEP25,1996,wi
13015354,Hsu Hsu Paing,MYA,F,,,,1593,0,20,SEP25,2000,wi
13024248,Hsu Lwin Tun,MYA,F,,,,1646,0,40,SEP25,2015,w
13023101,Hsu Thiri May,MYA,F,,,,1517,0,40,SEP25,2010,w
13007777,Htain Win,MYA,M,,,,1936,0,20,SEP25,1957,i
13001795,Htay Min Lwin,MYA,M,,,,2133,0,20,SEP25,1978,
13024892,Htay Win Zaw,MYA,M,,,,1666,0,40,SEP25,2009,
13001701,Htet Htet Than Sein,MYA,F,,,,1709,0,20,SEP25,1999,wi
13010654,Htet Htet Win,MYA,F,,NI,,1707,0,20,SEP25,1997,w
13001744,Htet Naing,MYA,M,,,,1810,0,20,SEP25,2002,i
13011553,Htet Zaw Phone,MYA,M,,,,1970,0,20,SEP25,2000,i
13001361,Htun Htun Than,MYA,M,FM,,,2317,0,20,SEP25,1970,i
13023942,Htut Oo Lu,MYA,M,,,,1602,0,40,SEP25,2014,
13015346,Inn Jyin Khaing,MYA,F,,,,1590,0,20,SEP25,2000,wi
13014927,Jony Maxel,MYA,M,,,,1920,0,20,SEP25,1966,i
13006070,Kaung Mon Thar,MYA,M,,,,1716,0,40,SEP25,2007,i
13015257,Kaung Myat,MYA,M,,,,1456,0,40,SEP25,2009,i
13003321,Kaung Myat Thu,MYA,M,,,,1973,0,20,SEP25,1997,i
13015532,Kaung Myat Thu A,MYA,M,,,,1786,0,20,SEP25,1999,i
13007505,Khaing Khaing,MYA,F,,,,1874,0,20,SEP25,2000,wi
13021702,Khant Ti Kyi,MYA,M,,,,1659,0,40,SEP25,2015,
13000314,Khin Ko,MYA,M,,,,2069,0,20,SEP25,1958,i
13008773,Khin Maung Cho,MYA,M,,,,1924,0,20,SEP25,1962,i
13001248,"Khin, Than",MYA,M,,,,2186,0,20,SEP25,1964,i
13020390,Khine Linn Tun,MYA,M,,,,1428,0,40,SEP25,2013,
13000390,Ko Ko Ohn,MYA,M,FM,,,2021,18,20,SEP25,1964,
13014960,Ko Oo,MYA,M,,,,1981,0,20,SEP25,1984,i
13017640,Kyaw Hlaing A,MYA,M,,,,1932,0,20,SEP25,1992,
13025171,Kyaw Htut Khaung,MYA,M,,,,1707,0,40,SEP25,2014,
13012525,Kyaw Kyaw Oo A,MYA,M,,,,2045,0,20,SEP25,1970,
13004115,Kyaw Kyaw Tun,MYA,M,,,,1941,0,20,SEP25,1998,i
13002007,Kyaw Lay Htaik,MYA,M,FM,NA,,2261,0,20,SEP25,1981,i
13012541,Kyaw Myat Aung,MYA,M,FM,,,2069,0,20,SEP25,2005,
13015273,Kyaw Pyae Sone Hein,MYA,M,,,,1596,0,40,SEP25,2007,i
13019996,Kyaw Thuta,MYA,M,,,,1485,0,40,SEP25,2008,i
13004239,Kyaw Zay Ya,MYA,M,,,,1877,0,20,SEP25,1980,
13009745,Kyaw Zin Latt,MYA,M,,,,2180,0,20,SEP25,1982,i
13009753,Kyaw Zin Thant,MYA,M,,,,1702,0,20,SEP25,1997,i
13008382,Kyaw Zin Tun,MYA,M,,,,2069,0,20,SEP25,1983,
13007530,Kyaw Zin Win,MYA,M,,,,1966,0,20,SEP25,1997,i
13008633,La Min Aung,MYA,M,,,,1683,0,20,SEP25,1995,i
13008170,La Min Tun,MYA,M,,,,1939,0,20,SEP25,1989,
13009761,Laing Htang,MYA,M,,,,2108,0,20,SEP25,1992,
13024655,Lewis Moezac,MYA,M,,,,1543,0,40,SEP25,2017,
13022490,Lin Lin Htet,MYA,F,,"DI,NA",,1459,0,20,SEP25,2005,w
13026208,Lin Thet Nyi Thu,MYA,M,,,,1635,4,20,SEP25,2005,
13001884,Linn Minn Htike,MYA,M,,NA,,2218,0,20,SEP25,1986,
13023977,Linn Phone Myat,MYA,M,CM,,,2048,0,40,SEP25,2009,
13020005,Lu Maw Hein,MYA,M,,,,1656,0,20,SEP25,2006,i
13013793,Lwin Paing Soe,MYA,M,,,,1755,0,20,SEP25,1999,i
13015133,Mar Mar Aung,MYA,F,,,,1639,0,20,SEP25,2004,wi
13000233,Maung Maung Lwin,MYA,M,FM,,,2016,0,20,SEP25,1961,
13001698,"Maung, Maung Kyaw Zaw Hein",MYA,M,FM,,,2019,0,20,SEP25,2000,i
13002961,May Hsett Lwin,MYA,F,FM,,,2064,0,20,SEP25,1984,w
13002970,May Hsu Lwin,MYA,F,FM,,,2048,0,20,SEP25,1984,w
13012568,May Kinsanar Htun,MYA,F,,,,1727,0,20,SEP25,2001,wi
13024671,May Mahar,MYA,F,,,,1459,0,40,SEP25,2014,w
13025627,May Phoo Zum,MYA,F,,,,1539,0,40,SEP25,2009,w
13018191,Min Amarawatti,MYA,F,,,,1577,0,40,SEP25,2011,w
13007548,Min Htet Oo,MYA,M,,,,1779,0,20,SEP25,1999,i
13022431,Min Ko Ko,MYA,M,,,,2173,0,20,SEP25,1990,
13024000,Min Min,MYA,M,,,,1934,0,20,SEP25,1980,
13015524,Moe Zaw Oo,MYA,M,,,,2198,0,20,SEP25,1977,i
13015320,Mya Sabal,MYA,F,,,,1719,0,20,SEP25,2000,wi
13008730,Myat Min A,MYA,M,,,,2085,0,20,SEP25,1980,i
13027697,Myat Thu A,MYA,M,,,,2040,0,20,SEP25,1986,
13000322,Myint Han,MYA,M,IM,,,2265,0,20,SEP25,1962,
13007947,Myint Swe,MYA,M,,,,1994,0,20,SEP25,1965,i
13025678,Myint Thaw Khant,MYA,M,,,,1567,0,40,SEP25,2012,
13011928,Myint Thein A,MYA,M,,,,1909,0,20,SEP25,1958,i
13004697,Myint Thi Ha Kyaw,MYA,M,,,,2029,0,20,SEP25,1978,i
13002422,Myo Htut Aung A,MYA,M,FM,,,2128,0,20,SEP25,1977,
13003968,Myo Kyaw Hlaing,MYA,M,,,,2029,0,20,SEP25,1971,
13011952,Myo Myint Maung,MYA,M,,,,1922,0,20,SEP25,2002,i
13009281,Myo Myint Swe,MYA,M,,,,1761,0,20,SEP25,2004,i
13007955,Myo Swe,MYA,M,,,,2220,0,20,SEP25,1967,i
13003348,Myo Thiha Lwin,MYA,M,,,,1843,0,20,SEP25,1998,i
13006860,Myo Tint,MYA,M,,,,1983,0,20,SEP25,1958,i
13010883,Myo Zaw Tun,MYA,M,,,,1918,0,20,SEP25,1982,
13000071,"Myo, Naing",MYA,M,IM,,,2307,0,20,SEP25,1964,
13002899,Nan M K Khine Hlyan,MYA,F,WFM,WFM,NA,1966,0,20,SEP25,1989,wi
13004158,Nang Theint Nandar,MYA,F,,,,1593,0,20,SEP25,1999,wi
13004255,Nay Lin Tun,MYA,M,CM,,,2039,8,20,SEP25,2003,
13004387,Nay Win Aung,MYA,M,,,,2168,0,20,SEP25,1979,i
13024914,Nyan Bhone Htet,MYA,M,,,,1936,0,40,SEP25,2011,
13024930,Nyan Lin Htin,MYA,M,,,,1739,0,40,SEP25,2008,
13015001,Nyan Swan Pyae,MYA,M,,,,1673,0,40,SEP25,2009,
13011308,Nyi Myo Aung,MYA,M,,,,2050,0,20,SEP25,1985,
13026089,Nyi Nyi Aung,MYA,M,,,,1736,0,20,SEP25,1981,
13002481,Nyi Nyi Lwin,MYA,M,,,,2206,0,20,SEP25,1965,
13007750,Oak Kar Pyae Sone,MYA,M,,,,1767,0,40,SEP25,2007,i
13015605,Oak Soe Kyaw,MYA,M,,,,1518,0,40,SEP25,2012,
13007343,Ohn Kyaw,MYA,M,,,,1986,0,20,SEP25,1962,i
13007416,Ohnmar Soe,MYA,F,,,,1776,0,20,SEP25,1965,w
13016172,Pai Zay Yar Ko,MYA,M,,,,1710,0,20,SEP25,2004,i
13024701,Paing Htoo Sett,MYA,M,,,,1460,0,40,SEP25,2016,
13002996,Paing Moe Myint,MYA,M,FM,,,2045,0,20,SEP25,1991,
13015486,Paing Phyo Zin,MYA,M,,,,1618,0,20,SEP25,2000,i
13026194,Pyae Phyo Kyaw C,MYA,M,,,,1465,4,20,SEP25,2004,
13023799,Pyi Wa Tun,MYA,M,,,,1823,0,20,SEP25,1974,i
13015478,Ready Aung,MYA,M,,,,1751,0,20,SEP25,2002,i
13012282,Sai Han Htoo Aung,MYA,M,,,,1699,0,20,SEP25,2006,
13012290,Sai Han Thiha,MYA,M,FM,FI,,2143,15,40,SEP25,2007,
13026070,San Hlaing,MYA,M,,,,1881,0,20,SEP25,1961,
13015621,San Htun Aung,MYA,M,,,,1931,0,20,SEP25,1999,i
13011316,San Min Hlaing,MYA,M,,,,2005,0,20,SEP25,1985,i
13001272,San Thit Lwin,MYA,M,FM,,,2232,0,20,SEP25,1972,i
13003631,Sandar Khine Aung,MYA,F,,,,1534,0,20,SEP25,2000,wi
13023292,Saung Wutt Hmone Oo,MYA,F,,,,1599,0,40,SEP25,2016,w
13022458,Saw Aye Chan Min,MYA,M,,,,1904,0,40,SEP25,2007,
13006401,"Saw, Win Aung",MYA,M,,,,2106,0,20,SEP25,1980,
13023713,Shin Nadi Aung,MYA,F,,,,1478,0,40,SEP25,2015,w
13026003,Shin Thant Peti,MYA,M,,,,1716,0,20,SEP25,2002,
13015516,Shwe Chin Ba Than,MYA,M,,,,1741,0,20,SEP25,1994,i
13004280,Shwe Nadi,MYA,M,,,,1662,0,20,SEP25,2000,i
13011022,Shwe Naing Htun,MYA,M,,,,2119,0,20,SEP25,1979,i
13024744,Shwe Yee Poe Eaint,MYA,F,,,,1586,0,40,SEP25,2014,w
13007726,Si Thu Lwin,MYA,M,,,,2011,0,20,SEP25,1997,i
13018132,Sithu Naing,MYA,M,,,,1781,0,20,SEP25,2000,
13005260,Soe Win Naing,MYA,M,,,,2073,0,20,SEP25,1983,i
13005251,Su Laet Nandar,MYA,F,,,,1852,0,20,SEP25,2003,wi
13019830,Su San Thi Han,MYA,F,,,,1439,0,40,SEP25,2015,wi
13027948,Than Htike A,MYA,M,,,,1872,0,20,SEP25,1974,
13026186,Than Kyawe Phone Hlaing,MYA,M,,,,1505,0,20,SEP25,1999,
13007394,Than Win,MYA,M,,,,1846,0,20,SEP25,1953,i
13001353,"Than, Min Hlaing",MYA,M,,,,2181,0,20,SEP25,1976,
13013564,"Thant, Zin Oo",MYA,M,,,,1862,0,20,SEP25,1981,i
13007203,Thaw Dar Chan Aye,MYA,M,,,,1966,0,20,SEP25,1980,i
13004034,Thaw Zin Htet,MYA,M,,,,1935,0,20,SEP25,1999,i
13007998,Thet Naing Win,MYA,M,,,,2132,0,20,SEP25,1973,i
13004093,Thet Naung,MYA,M,FM,NA,,2320,0,20,SEP25,1982,i
13013904,Thi Ha Zaw A,MYA,M,,,,1657,0,40,SEP25,2008,i
13015770,Thone Diay Aung,MYA,F,,,,1408,0,40,SEP25,2010,wi
13015079,Thoon Thiri San,MYA,F,,,,1419,0,40,SEP25,2010,wi
13027786,Thuriya,MYA,M,,,,1614,0,40,SEP25,2010,
13002872,Tin Lay Shwe,MYA,F,WFM,WFM,,2023,0,20,SEP25,1981,wi
13025660,Tin Tun Aung,MYA,M,,,,2031,0,20,SEP25,1976,
13000241,Tin Tun Zaw,MYA,M,,,,1993,0,20,SEP25,1979,
13024752,Toe Ghon Shein Linn,MYA,M,,,,1732,0,40,SEP25,2015,
13010360,Toe Lwin,MYA,M,,,,1980,0,20,SEP25,1954,i
13024078,Toe Naing A,MYA,M,,,,2019,0,20,SEP25,1968,
13005987,Tun Min Latt,MYA,M,,,,2032,0,20,SEP25,1976,i
13004131,Tun Naung,MYA,M,,,,1787,0,20,SEP25,2000,
13025821,Tun Tun Oo B,MYA,M,,,,1751,0,20,SEP25,1987,
13027689,Tun Tun Oo C,MYA,M,,,,2019,0,20,SEP25,1977,
13012347,Tun Zar Ni Kyaw,MYA,M,,NA,,1841,0,20,SEP25,1980,
13004816,Wai Phyo,MYA,M,,,,2054,0,20,SEP25,1982,
13009290,Wanna Htay,MYA,M,,,,1571,0,20,SEP25,2005,i
13003658,Win Naing,MYA,M,,,,1978,0,20,SEP25,1966,i
13007297,Win Thein S,MYA,M,,,,1902,0,20,SEP25,1963,i
13003100,"Win, Tun",MYA,M,FM,,,2190,0,20,SEP25,1979,i
13006550,"Win, Tun Oo",MYA,M,,,,2035,0,20,SEP25,1977,
13007637,Wint Ohmmar Kyaw,MYA,F,,,,1855,0,20,SEP25,1998,wi
13002783,"Wynn, Zaw Htun",MYA,M,IM,"FT,NA",,2391,0,10,SEP25,1982,i
13024728,Xavier Moezac,MYA,M,,,,1645,0,40,SEP25,2015,
13025546,Yar Zar Kyaw,MYA,M,,,,1860,0,20,SEP25,1987,
13025406,Yaw Chang,MYA,M,,,,1630,0,20,SEP25,2002,
13025058,Yaw Min Wun,MYA,M,,,,1593,0,40,SEP25,2010,
13024477,Ye Thura Hein,MYA,M,,,,1667,0,40,SEP25,2012,
13013947,Ye Yint Naing Tint,MYA,M,,,,1443,0,40,SEP25,2009,i
13023276,Ywun Poe Mel,MYA,F,,,,1573,0,40,SEP25,2015,w
13022504,Zar Ni Aung,MYA,M,,,,2010,0,40,SEP25,2009,
13000195,Zaw Oo,MYA,M,FM,,,2224,0,20,SEP25,1974,
13013955,Zaw Ye Htut,MYA,M,CM,,,1870,0,40,SEP25,2007,
13014900,"Zaw, Min Naing A",MYA,M,,,,2070,0,20,SEP25,1968,
13001655,"Zaw, Win",MYA,M,,,,1980,0,20,SEP25,1954,i
13008595,Zay Yar Min,MYA,M,,,,1684,0,20,SEP25,1983,
13003410,Zayar Soe,MYA,M,,,,1958,0,20,SEP25,1979,
13002252,Zeyar,MYA,M,,,,2139,0,20,SEP25,1973,
13013700,"Zin, Min",MYA,M,,,,1990,0,20,SEP25,1979,i
13003844,Zwe Thura Aung,MYA,M,,,,1981,0,20,SEP25,2000,i
13020064,Zwe Wai Yan Lin,MYA,M,,,,1861,0,40,SEP25,2009,