[
  {
    "ID Number": "3700569"
  },
  {
    "ID Number": "3722570"
  },
  {
    "ID Number": "3700577"
  },
  {
    "ID Number": "3717771"
  },
  {
    "ID Number": "3701905"
  },
  {
    "ID Number": "3700224"
  },
  {
    "ID Number": "3710165"
  },
  {
    "ID Number": "3720438"
  },
  {
    "ID Number": "3713318"
  },
  {
    "ID Number": "3713172"
  },
  {
    "ID Number": "3717208"
  },
  {
    "ID Number": "3716325"
  },
  {
    "ID Number": "3709809"
  },
  {
    "ID Number": "3711943"
  },
  {
    "ID Number": "3704572"
  },
  {
    "ID Number": "3717739"
  },
  {
    "ID Number": "3702820"
  },
  {
    "ID Number": "3724123"
  },
  {
    "ID Number": "3705757"
  },
  {
    "ID Number": "3705765"
  },
  {
    "ID Number": "3711889"
  },
  {
    "ID Number": "3714888"
  },
  {
    "ID Number": "3708748"
  },
  {
    "ID Number": "3705480"
  },
  {
    "ID Number": "3717062"
  },
  {
    "ID Number": "3700836"
  },
  {
    "ID Number": "3701697"
  },
  {
    "ID Number": "3702952"
  },
  {
    "ID Number": "3709175"
  },
  {
    "ID Number": "3715450"
  },
  {
    "ID Number": "3705021"
  },
  {
    "ID Number": "3705013"
  },
  {
    "ID Number": "3702413"
  },
  {
    "ID Number": "3708756"
  },
  {
    "ID Number": "3708926"
  },
  {
    "ID Number": "3700194"
  },
  {
    "ID Number": "3701166"
  },
  {
    "ID Number": "3703037"
  },
  {
    "ID Number": "3718603"
  },
  {
    "ID Number": "3706370"
  },
  {
    "ID Number": "3708403"
  },
  {
    "ID Number": "3708420"
  },
  {
    "ID Number": "3706460"
  },
  {
    "ID Number": "3701328"
  },
  {
    "ID Number": "3710645"
  },
  {
    "ID Number": "3712664"
  },
  {
    "ID Number": "3701581"
  },
  {
    "ID Number": "3719600"
  },
  {
    "ID Number": "3723836"
  },
  {
    "ID Number": "3712761"
  },
  {
    "ID Number": "3703061"
  },
  {
    "ID Number": "3701980"
  },
  {
    "ID Number": "3710254"
  },
  {
    "ID Number": "3705064"
  },
  {
    "ID Number": "3705501"
  },
  {
    "ID Number": "3717410"
  },
  {
    "ID Number": "3715221"
  },
  {
    "ID Number": "3715230"
  },
  {
    "ID Number": "3700992"
  },
  {
    "ID Number": "3706753"
  },
  {
    "ID Number": "3706745"
  },
  {
    "ID Number": "3714004"
  },
  {
    "ID Number": "3703452"
  },
  {
    "ID Number": "3716635"
  },
  {
    "ID Number": "3711633"
  },
  {
    "ID Number": "3710750"
  },
  {
    "ID Number": "3702073"
  },
  {
    "ID Number": "3702081"
  },
  {
    "ID Number": "3702090"
  },
  {
    "ID Number": "3701131"
  },
  {
    "ID Number": "3709752"
  },
  {
    "ID Number": "3713245"
  },
  {
    "ID Number": "3702340"
  },
  {
    "ID Number": "3700488"
  },
  {
    "ID Number": "3712435"
  },
  {
    "ID Number": "3716341"
  },
  {
    "ID Number": "3704289"
  },
  {
    "ID Number": "3717070"
  },
  {
    "ID Number": "3712044"
  },
  {
    "ID Number": "3701611"
  },
  {
    "ID Number": "3701620"
  },
  {
    "ID Number": "3714330"
  },
  {
    "ID Number": "3714322"
  },
  {
    "ID Number": "3713806"
  },
  {
    "ID Number": "3709647"
  },
  {
    "ID Number": "3700011"
  },
  {
    "ID Number": "3714713"
  },
  {
    "ID Number": "3700917"
  },
  {
    "ID Number": "3701247"
  },
  {
    "ID Number": "3706362"
  },
  {
    "ID Number": "3714250"
  },
  {
    "ID Number": "3719502"
  },
  {
    "ID Number": "3701174"
  },
  {
    "ID Number": "113265258"
  },
  {
    "ID Number": "3712788"
  },
  {
    "ID Number": "3706389"
  },
  {
    "ID Number": "3711528"
  },
  {
    "ID Number": "3713792"
  },
  {
    "ID Number": "3709248"
  },
  {
    "ID Number": "3703568"
  },
  {
    "ID Number": "3706826"
  },
  {
    "ID Number": "3715981"
  },
  {
    "ID Number": "3701948"
  },
  {
    "ID Number": "3721167"
  },
  {
    "ID Number": "3712605"
  },
  {
    "ID Number": "3710262"
  },
  {
    "ID Number": "3705315"
  },
  {
    "ID Number": "3701719"
  },
  {
    "ID Number": "3705633"
  },
  {
    "ID Number": "3700410"
  },
  {
    "ID Number": "3702103"
  },
  {
    "ID Number": "3701182"
  },
  {
    "ID Number": "3704300"
  },
  {
    "ID Number": "3707270"
  },
  {
    "ID Number": "3704432"
  },
  {
    "ID Number": "3700232"
  },
  {
    "ID Number": "3702570"
  },
  {
    "ID Number": "3712796"
  },
  {
    "ID Number": "3714586"
  },
  {
    "ID Number": "3718271"
  },
  {
    "ID Number": "3702960"
  },
  {
    "ID Number": "3707962"
  },
  {
    "ID Number": "3701999"
  },
  {
    "ID Number": "3705110"
  },
  {
    "ID Number": "3715973"
  },
  {
    "ID Number": "3712800"
  },
  {
    "ID Number": "3716988"
  },
  {
    "ID Number": "3716368"
  },
  {
    "ID Number": "3705510"
  },
  {
    "ID Number": "3700585"
  },
  {
    "ID Number": "3703355"
  },
  {
    "ID Number": "3713997"
  },
  {
    "ID Number": "3704530"
  },
  {
    "ID Number": "3702499"
  },
  {
    "ID Number": "3700470"
  },
  {
    "ID Number": "3700879"
  },
  {
    "ID Number": "3703460"
  },
  {
    "ID Number": "3703924"
  },
  {
    "ID Number": "3701972"
  },
  {
    "ID Number": "3700402"
  },
  {
    "ID Number": "3714616"
  },
  {
    "ID Number": "3717852"
  },
  {
    "ID Number": "3701557"
  },
  {
    "ID Number": "3710769"
  },
  {
    "ID Number": "3710777"
  },
  {
    "ID Number": "3708411"
  },
  {
    "ID Number": "3717089"
  },
  {
    "ID Number": "3716627"
  },
  {
    "ID Number": "3700950"
  },
  {
    "ID Number": "3720004"
  },
  {
    "ID Number": "3716562"
  },
  {
    "ID Number": "3718387"
  },
  {
    "ID Number": "3700216"
  },
  {
    "ID Number": "3705544"
  },
  {
    "ID Number": "3717879"
  },
  {
    "ID Number": "3701409"
  },
  {
    "ID Number": "3704602"
  },
  {
    "ID Number": "3707970"
  },
  {
    "ID Number": "3709833"
  },
  {
    "ID Number": "3710653"
  },
  {
    "ID Number": "3703762"
  },
  {
    "ID Number": "3721124"
  },
  {
    "ID Number": "3718239"
  },
  {
    "ID Number": "3707032"
  },
  {
    "ID Number": "3700593"
  },
  {
    "ID Number": "3706729"
  },
  {
    "ID Number": "3701484"
  },
  {
    "ID Number": "3709744"
  },
  {
    "ID Number": "3706419"
  },
  {
    "ID Number": "3706800"
  },
  {
    "ID Number": "3716007"
  },
  {
    "ID Number": "3720063"
  },
  {
    "ID Number": "3703118"
  },
  {
    "ID Number": "3712222"
  },
  {
    "ID Number": "3719421"
  },
  {
    "ID Number": "3702766"
  },
  {
    "ID Number": "3724255"
  },
  {
    "ID Number": "3700542"
  },
  {
    "ID Number": "3721159"
  },
  {
    "ID Number": "3721140"
  },
  {
    "ID Number": "3703576"
  },
  {
    "ID Number": "3709698"
  },
  {
    "ID Number": "3716570"
  },
  {
    "ID Number": "3700763"
  },
  {
    "ID Number": "3713938"
  },
  {
    "ID Number": "3703029"
  },
  {
    "ID Number": "3709914"
  },
  {
    "ID Number": "3711811"
  },
  {
    "ID Number": "3708764"
  },
  {
    "ID Number": "3717909"
  },
  {
    "ID Number": "3711170"
  },
  {
    "ID Number": "3700518"
  },
  {
    "ID Number": "3715310"
  },
  {
    "ID Number": "3707415"
  },
  {
    "ID Number": "3700364"
  },
  {
    "ID Number": "3701000"
  },
  {
    "ID Number": "3700267"
  },
  {
    "ID Number": "3700380"
  },
  {
    "ID Number": "3708098"
  },
  {
    "ID Number": "3703363"
  },
  {
    "ID Number": "3701336"
  },
  {
    "ID Number": "3715000"
  },
  {
    "ID Number": "3704254"
  },
  {
    "ID Number": "3700321"
  },
  {
    "ID Number": "3712095"
  },
  {
    "ID Number": "3709701"
  },
  {
    "ID Number": "3717372"
  },
  {
    "ID Number": "3715922"
  },
  {
    "ID Number": "3716996"
  },
  {
    "ID Number": "3704491"
  },
  {
    "ID Number": "3715884"
  },
  {
    "ID Number": "3700780"
  },
  {
    "ID Number": "3701514"
  },
  {
    "ID Number": "3503631"
  },
  {
    "ID Number": "3706885"
  },
  {
    "ID Number": "3709795"
  },
  {
    "ID Number": "3713679"
  },
  {
    "ID Number": "3718816"
  },
  {
    "ID Number": "3703258"
  },
  {
    "ID Number": "3718972"
  },
  {
    "ID Number": "3701255"
  },
  {
    "ID Number": "3703088"
  },
  {
    "ID Number": "3702715"
  },
  {
    "ID Number": "3723909"
  },
  {
    "ID Number": "3719910"
  },
  {
    "ID Number": "3713580"
  },
  {
    "ID Number": "3717216"
  },
  {
    "ID Number": "3701034"
  },
  {
    "ID Number": "3705641"
  },
  {
    "ID Number": "3720675"
  },
  {
    "ID Number": "3708705"
  },
  {
    "ID Number": "3705048"
  },
  {
    "ID Number": "3701050"
  },
  {
    "ID Number": "3721620"
  },
  {
    "ID Number": "3718549"
  },
  {
    "ID Number": "3702987"
  },
  {
    "ID Number": "3716724"
  },
  {
    "ID Number": "3705749"
  },
  {
    "ID Number": "3719510"
  },
  {
    "ID Number": "3715078"
  },
  {
    "ID Number": "3710998"
  },
  {
    "ID Number": "3712915"
  },
  {
    "ID Number": "3708195"
  },
  {
    "ID Number": "3714926"
  },
  {
    "ID Number": "3709477"
  },
  {
    "ID Number": "3717674"
  },
  {
    "ID Number": "3718247"
  },
  {
    "ID Number": "3700607"
  },
  {
    "ID Number": "3700313"
  },
  {
    "ID Number": "3709043"
  },
  {
    "ID Number": "3720284"
  },
  {
    "ID Number": "3702120"
  },
  {
    "ID Number": "3716023"
  },
  {
    "ID Number": "3703410"
  },
  {
    "ID Number": "3720012"
  },
  {
    "ID Number": "3712850"
  },
  {
    "ID Number": "3706877"
  },
  {
    "ID Number": "3701190"
  },
  {
    "ID Number": "3701069"
  },
  {
    "ID Number": "3702588"
  },
  {
    "ID Number": "3719324"
  },
  {
    "ID Number": "3707210"
  },
  {
    "ID Number": "3711544"
  },
  {
    "ID Number": "3705030"
  },
  {
    "ID Number": "3700135"
  },
  {
    "ID Number": "3716414"
  },
  {
    "ID Number": "3712141"
  },
  {
    "ID Number": "3700399"
  },
  {
    "ID Number": "3702057"
  },
  {
    "ID Number": "3700887"
  },
  {
    "ID Number": "3700208"
  },
  {
    "ID Number": "3709485"
  },
  {
    "ID Number": "3712036"
  },
  {
    "ID Number": "3711200"
  },
  {
    "ID Number": "3715663"
  },
  {
    "ID Number": "3720470"
  },
  {
    "ID Number": "3711218"
  },
  {
    "ID Number": "3700925"
  },
  {
    "ID Number": "3700810"
  },
  {
    "ID Number": "3721043"
  },
  {
    "ID Number": "3701964"
  },
  {
    "ID Number": "3700615"
  },
  {
    "ID Number": "3701565"
  },
  {
    "ID Number": "3700100"
  },
  {
    "ID Number": "3714535"
  },
  {
    "ID Number": "3711226"
  },
  {
    "ID Number": "3715337"
  },
  {
    "ID Number": "3708896"
  },
  {
    "ID Number": "3709213"
  },
  {
    "ID Number": "3706761"
  },
  {
    "ID Number": "3705170"
  },
  {
    "ID Number": "3709850"
  },
  {
    "ID Number": "3708136"
  },
  {
    "ID Number": "3702626"
  },
  {
    "ID Number": "3700437"
  },
  {
    "ID Number": "3702855"
  },
  {
    "ID Number": "3705552"
  },
  {
    "ID Number": "3707202"
  },
  {
    "ID Number": "3708888"
  },
  {
    "ID Number": "3708780"
  },
  {
    "ID Number": "3714640"
  },
  {
    "ID Number": "3717100"
  },
  {
    "ID Number": "3712249"
  },
  {
    "ID Number": "3708390"
  },
  {
    "ID Number": "3706281"
  },
  {
    "ID Number": "3714012"
  },
  {
    "ID Number": "3714195"
  },
  {
    "ID Number": "3716171"
  },
  {
    "ID Number": "3700372"
  },
  {
    "ID Number": "3700119"
  },
  {
    "ID Number": "3713539"
  },
  {
    "ID Number": "3720020"
  },
  {
    "ID Number": "3717313"
  },
  {
    "ID Number": "3719928"
  },
  {
    "ID Number": "3720969"
  },
  {
    "ID Number": "3700348"
  },
  {
    "ID Number": "3712389"
  },
  {
    "ID Number": "3717003"
  },
  {
    "ID Number": "3710661"
  },
  {
    "ID Number": "3708730"
  },
  {
    "ID Number": "3707431"
  },
  {
    "ID Number": "3722520"
  },
  {
    "ID Number": "3700933"
  },
  {
    "ID Number": "3702774"
  },
  {
    "ID Number": "3716090"
  },
  {
    "ID Number": "3702510"
  },
  {
    "ID Number": "3713970"
  },
  {
    "ID Number": "3708071"
  },
  {
    "ID Number": "3705242"
  },
  {
    "ID Number": "3703789"
  },
  {
    "ID Number": "3707997"
  },
  {
    "ID Number": "3706770"
  },
  {
    "ID Number": "3700623"
  },
  {
    "ID Number": "3703983"
  },
  {
    "ID Number": "3712940"
  },
  {
    "ID Number": "3707199"
  },
  {
    "ID Number": "3700895"
  },
  {
    "ID Number": "3715965"
  },
  {
    "ID Number": "3711234"
  },
  {
    "ID Number": "3701204"
  },
  {
    "ID Number": "3701093"
  },
  {
    "ID Number": "3702928"
  },
  {
    "ID Number": "3716643"
  },
  {
    "ID Number": "3711935"
  },
  {
    "ID Number": "3715680"
  },
  {
    "ID Number": "3708357"
  },
  {
    "ID Number": "3701158"
  },
  {
    "ID Number": "3702227"
  },
  {
    "ID Number": "3706842"
  },
  {
    "ID Number": "3703584"
  },
  {
    "ID Number": "3714845"
  },
  {
    "ID Number": "3712966"
  },
  {
    "ID Number": "3704742"
  },
  {
    "ID Number": "3721760"
  },
  {
    "ID Number": "3715477"
  },
  {
    "ID Number": "3720918"
  },
  {
    "ID Number": "3705250"
  },
  {
    "ID Number": "3705269"
  },
  {
    "ID Number": "3702529"
  },
  {
    "ID Number": "3700828"
  },
  {
    "ID Number": "3715698"
  },
  {
    "ID Number": "3701212"
  },
  {
    "ID Number": "3701921"
  },
  {
    "ID Number": "3705188"
  },
  {
    "ID Number": "3705714"
  },
  {
    "ID Number": "3705790"
  },
  {
    "ID Number": "3701140"
  },
  {
    "ID Number": "3701727"
  },
  {
    "ID Number": "3704769"
  },
  {
    "ID Number": "3702634"
  },
  {
    "ID Number": "3701638"
  },
  {
    "ID Number": "3715418"
  },
  {
    "ID Number": "3706974"
  },
  {
    "ID Number": "3700976"
  },
  {
    "ID Number": "3701018"
  },
  {
    "ID Number": "3502325"
  },
  {
    "ID Number": "3701425"
  },
  {
    "ID Number": "3700631"
  },
  {
    "ID Number": "3702359"
  },
  {
    "ID Number": "3716600"
  },
  {
    "ID Number": "3717437"
  },
  {
    "ID Number": "3701344"
  },
  {
    "ID Number": "3720039"
  },
  {
    "ID Number": "3713440"
  },
  {
    "ID Number": "3706982"
  },
  {
    "ID Number": "3717356"
  },
  {
    "ID Number": "3720683"
  },
  {
    "ID Number": "3710840"
  },
  {
    "ID Number": "3712982"
  },
  {
    "ID Number": "3715426"
  },
  {
    "ID Number": "3700461"
  },
  {
    "ID Number": "3700640"
  },
  {
    "ID Number": "3713652"
  },
  {
    "ID Number": "3700151"
  },
  {
    "ID Number": "3711153"
  },
  {
    "ID Number": "3700305"
  },
  {
    "ID Number": "3705625"
  },
  {
    "ID Number": "3705617"
  },
  {
    "ID Number": "3717747"
  },
  {
    "ID Number": "3706915"
  },
  {
    "ID Number": "3706567"
  },
  {
    "ID Number": "3717429"
  },
  {
    "ID Number": "3705056"
  },
  {
    "ID Number": "3701298"
  },
  {
    "ID Number": "3700038"
  },
  {
    "ID Number": "3701352"
  },
  {
    "ID Number": "3700178"
  },
  {
    "ID Number": "3707440"
  },
  {
    "ID Number": "3702324"
  },
  {
    "ID Number": "3700844"
  },
  {
    "ID Number": "3701107"
  },
  {
    "ID Number": "3706133"
  },
  {
    "ID Number": "3713911"
  },
  {
    "ID Number": "3700127"
  },
  {
    "ID Number": "3719758"
  },
  {
    "ID Number": "3715035"
  },
  {
    "ID Number": "3718034"
  },
  {
    "ID Number": "3704793"
  },
  {
    "ID Number": "3716449"
  },
  {
    "ID Number": "3708799"
  },
  {
    "ID Number": "3704823"
  },
  {
    "ID Number": "3705404"
  },
  {
    "ID Number": "3715302"
  },
  {
    "ID Number": "3717836"
  },
  {
    "ID Number": "3709655"
  },
  {
    "ID Number": "3705196"
  },
  {
    "ID Number": "3701646"
  },
  {
    "ID Number": "3702871"
  },
  {
    "ID Number": "3705200"
  },
  {
    "ID Number": "3703304"
  },
  {
    "ID Number": "3701506"
  },
  {
    "ID Number": "3706907"
  },
  {
    "ID Number": "3707350"
  },
  {
    "ID Number": "3717399"
  },
  {
    "ID Number": "3717682"
  },
  {
    "ID Number": "3710793"
  },
  {
    "ID Number": "3711668"
  },
  {
    "ID Number": "3703100"
  },
  {
    "ID Number": "3703371"
  },
  {
    "ID Number": "3707466"
  },
  {
    "ID Number": "3707474"
  },
  {
    "ID Number": "3713725"
  },
  {
    "ID Number": "3721779"
  },
  {
    "ID Number": "3724182"
  },
  {
    "ID Number": "3724190"
  },
  {
    "ID Number": "3714721"
  },
  {
    "ID Number": "3701930"
  },
  {
    "ID Number": "3706788"
  },
  {
    "ID Number": "3705218"
  },
  {
    "ID Number": "3701433"
  },
  {
    "ID Number": "3700526"
  },
  {
    "ID Number": "3722406"
  },
  {
    "ID Number": "3705234"
  },
  {
    "ID Number": "3705803"
  },
  {
    "ID Number": "3702596"
  },
  {
    "ID Number": "3704840"
  },
  {
    "ID Number": "3709779"
  },
  {
    "ID Number": "3719391"
  },
  {
    "ID Number": "3716457"
  },
  {
    "ID Number": "3711579"
  },
  {
    "ID Number": "3703134"
  },
  {
    "ID Number": "3717666"
  },
  {
    "ID Number": "3706893"
  },
  {
    "ID Number": "3720241"
  },
  {
    "ID Number": "3720250"
  },
  {
    "ID Number": "3700658"
  },
  {
    "ID Number": "3700666"
  },
  {
    "ID Number": "3703150"
  },
  {
    "ID Number": "3708829"
  },
  {
    "ID Number": "3708845"
  },
  {
    "ID Number": "3708900"
  },
  {
    "ID Number": "3705226"
  },
  {
    "ID Number": "3720977"
  },
  {
    "ID Number": "3710505"
  },
  {
    "ID Number": "3704238"
  },
  {
    "ID Number": "3723895"
  },
  {
    "ID Number": "3706575"
  },
  {
    "ID Number": "3710807"
  },
  {
    "ID Number": "3703045"
  },
  {
    "ID Number": "3709132"
  },
  {
    "ID Number": "3700968"
  },
  {
    "ID Number": "3704262"
  },
  {
    "ID Number": "3711951"
  },
  {
    "ID Number": "3724000"
  },
  {
    "ID Number": "3708322"
  },
  {
    "ID Number": "3716015"
  },
  {
    "ID Number": "3701654"
  },
  {
    "ID Number": "3700240"
  },
  {
    "ID Number": "3709876"
  },
  {
    "ID Number": "3704033"
  },
  {
    "ID Number": "3711293"
  },
  {
    "ID Number": "3713750"
  },
  {
    "ID Number": "3708802"
  },
  {
    "ID Number": "3704858"
  },
  {
    "ID Number": "3717658"
  },
  {
    "ID Number": "3700909"
  },
  {
    "ID Number": "3703681"
  },
  {
    "ID Number": "3708942"
  },
  {
    "ID Number": "3707121"
  },
  {
    "ID Number": "3706923"
  },
  {
    "ID Number": "3700275"
  },
  {
    "ID Number": "3714675"
  },
  {
    "ID Number": "3716147"
  },
  {
    "ID Number": "3701522"
  },
  {
    "ID Number": "3713490"
  },
  {
    "ID Number": "3705277"
  },
  {
    "ID Number": "3708470"
  },
  {
    "ID Number": "3712257"
  },
  {
    "ID Number": "3909166"
  },
  {
    "ID Number": "3910857"
  },
  {
    "ID Number": "3712532"
  },
  {
    "ID Number": "3722287"
  },
  {
    "ID Number": "3715485"
  },
  {
    "ID Number": "3721515"
  },
  {
    "ID Number": "3717348"
  },
  {
    "ID Number": "3713164"
  },
  {
    "ID Number": "3714500"
  },
  {
    "ID Number": "3721000"
  },
  {
    "ID Number": "3717755"
  },
  {
    "ID Number": "3714985"
  },
  {
    "ID Number": "3706940"
  },
  {
    "ID Number": "3709736"
  },
  {
    "ID Number": "3705587"
  },
  {
    "ID Number": "3701026"
  },
  {
    "ID Number": "3701077"
  },
  {
    "ID Number": "3700852"
  },
  {
    "ID Number": "3700550"
  },
  {
    "ID Number": "3714055"
  },
  {
    "ID Number": "3713342"
  },
  {
    "ID Number": "3706796"
  },
  {
    "ID Number": "3701956"
  },
  {
    "ID Number": "3720225"
  },
  {
    "ID Number": "3703606"
  },
  {
    "ID Number": "3717976"
  },
  {
    "ID Number": "3719782"
  },
  {
    "ID Number": "3718298"
  },
  {
    "ID Number": "3720047"
  },
  {
    "ID Number": "3701786"
  },
  {
    "ID Number": "3718018"
  },
  {
    "ID Number": "3721949"
  },
  {
    "ID Number": "3703053"
  },
  {
    "ID Number": "3714110"
  },
  {
    "ID Number": "3714101"
  },
  {
    "ID Number": "3714624"
  },
  {
    "ID Number": "3711790"
  },
  {
    "ID Number": "3702898"
  },
  {
    "ID Number": "3704394"
  },
  {
    "ID Number": "3703720"
  },
  {
    "ID Number": "3716619"
  },
  {
    "ID Number": "3708497"
  },
  {
    "ID Number": "3709612"
  },
  {
    "ID Number": "3712281"
  },
  {
    "ID Number": "3711722"
  },
  {
    "ID Number": "3701492"
  },
  {
    "ID Number": "3720101"
  },
  {
    "ID Number": "3713733"
  },
  {
    "ID Number": "3714950"
  },
  {
    "ID Number": "3711692"
  },
  {
    "ID Number": "3702367"
  },
  {
    "ID Number": "3705358"
  },
  {
    "ID Number": "3700054"
  },
  {
    "ID Number": "3715787"
  },
  {
    "ID Number": "3704297"
  },
  {
    "ID Number": "3721906"
  },
  {
    "ID Number": "3701301"
  },
  {
    "ID Number": "3700062"
  },
  {
    "ID Number": "3709728"
  },
  {
    "ID Number": "3705994"
  },
  {
    "ID Number": "3705340"
  },
  {
    "ID Number": "3701263"
  },
  {
    "ID Number": "3701530"
  },
  {
    "ID Number": "3704890"
  },
  {
    "ID Number": "3703215"
  },
  {
    "ID Number": "3703614"
  },
  {
    "ID Number": "3701360"
  },
  {
    "ID Number": "3507831"
  },
  {
    "ID Number": "3702014"
  },
  {
    "ID Number": "3712176"
  },
  {
    "ID Number": "3715272"
  },
  {
    "ID Number": "3715264"
  },
  {
    "ID Number": "3715329"
  },
  {
    "ID Number": "3701271"
  },
  {
    "ID Number": "3701280"
  },
  {
    "ID Number": "3714390"
  },
  {
    "ID Number": "3710726"
  },
  {
    "ID Number": "3711307"
  },
  {
    "ID Number": "3716490"
  },
  {
    "ID Number": "3700429"
  },
  {
    "ID Number": "3702375"
  },
  {
    "ID Number": "3706850"
  },
  {
    "ID Number": "3700330"
  },
  {
    "ID Number": "3721914"
  },
  {
    "ID Number": "3715795"
  },
  {
    "ID Number": "3713024"
  },
  {
    "ID Number": "3701123"
  },
  {
    "ID Number": "3715957"
  },
  {
    "ID Number": "3720152"
  },
  {
    "ID Number": "3705102"
  },
  {
    "ID Number": "3707490"
  },
  {
    "ID Number": "3713296"
  },
  {
    "ID Number": "3705099"
  },
  {
    "ID Number": "3705293"
  },
  {
    "ID Number": "3722376"
  },
  {
    "ID Number": "3719189"
  },
  {
    "ID Number": "3713385"
  },
  {
    "ID Number": "3703002"
  },
  {
    "ID Number": "3700445"
  },
  {
    "ID Number": "3701085"
  },
  {
    "ID Number": "3700534"
  },
  {
    "ID Number": "3709094"
  },
  {
    "ID Number": "3711714"
  },
  {
    "ID Number": "3705595"
  },
  {
    "ID Number": "3709221"
  },
  {
    "ID Number": "3716503"
  },
  {
    "ID Number": "3716511"
  },
  {
    "ID Number": "3700259"
  },
  {
    "ID Number": "3707105"
  },
  {
    "ID Number": "3700143"
  },
  {
    "ID Number": "3706648"
  },
  {
    "ID Number": "3702650"
  },
  {
    "ID Number": "3700356"
  },
  {
    "ID Number": "3724115"
  },
  {
    "ID Number": "3703509"
  },
  {
    "ID Number": "3701115"
  },
  {
    "ID Number": "3702553"
  },
  {
    "ID Number": "3714209"
  },
  {
    "ID Number": "3714160"
  },
  {
    "ID Number": "3701794"
  },
  {
    "ID Number": "3702880"
  },
  {
    "ID Number": "3702260"
  },
  {
    "ID Number": "3713598"
  },
  {
    "ID Number": "3705676"
  },
  {
    "ID Number": "3701476"
  },
  {
    "ID Number": "3723887"
  },
  {
    "ID Number": "3700674"
  },
  {
    "ID Number": "3702669"
  },
  {
    "ID Number": "3708969"
  },
  {
    "ID Number": "3713199"
  },
  {
    "ID Number": "3703223"
  },
  {
    "ID Number": "3703231"
  },
  {
    "ID Number": "3701808"
  },
  {
    "ID Number": "3711340"
  },
  {
    "ID Number": "3713407"
  },
  {
    "ID Number": "3709884"
  },
  {
    "ID Number": "3701662"
  },
  {
    "ID Number": "3701670"
  },
  {
    "ID Number": "3717470"
  },
  {
    "ID Number": "3702065"
  },
  {
    "ID Number": "3712702"
  },
  {
    "ID Number": "3701220"
  },
  {
    "ID Number": "3708373"
  },
  {
    "ID Number": "3709086"
  },
  {
    "ID Number": "3718123"
  },
  {
    "ID Number": "3713644"
  },
  {
    "ID Number": "3702332"
  },
  {
    "ID Number": "3703851"
  },
  {
    "ID Number": "3710270"
  },
  {
    "ID Number": "3709060"
  },
  {
    "ID Number": "3713814"
  },
  {
    "ID Number": "3713822"
  },
  {
    "ID Number": "3703517"
  },
  {
    "ID Number": "3712362"
  },
  {
    "ID Number": "3722643"
  },
  {
    "ID Number": "3715442"
  },
  {
    "ID Number": "3700682"
  },
  {
    "ID Number": "3722910"
  },
  {
    "ID Number": "3710947"
  },
  {
    "ID Number": "3707067"
  },
  {
    "ID Number": "3717720"
  },
  {
    "ID Number": "3700941"
  },
  {
    "ID Number": "3713709"
  },
  {
    "ID Number": "3708047"
  },
  {
    "ID Number": "3701883"
  },
  {
    "ID Number": "3709116"
  },
  {
    "ID Number": "3702677"
  },
  {
    "ID Number": "3717488"
  },
  {
    "ID Number": "3712192"
  },
  {
    "ID Number": "3712206"
  },
  {
    "ID Number": "3705137"
  },
  {
    "ID Number": "3711331"
  },
  {
    "ID Number": "3700070"
  },
  {
    "ID Number": "3700046"
  },
  {
    "ID Number": "3701689"
  },
  {
    "ID Number": "3700690"
  },
  {
    "ID Number": "3702154"
  },
  {
    "ID Number": "3701816"
  },
  {
    "ID Number": "3703436"
  },
  {
    "ID Number": "3720985"
  },
  {
    "ID Number": "3713717"
  },
  {
    "ID Number": "3712818"
  },
  {
    "ID Number": "3711315"
  },
  {
    "ID Number": "3719014"
  },
  {
    "ID Number": "3720896"
  },
  {
    "ID Number": "3714969"
  },
  {
    "ID Number": "3704149"
  },
  {
    "ID Number": "3700089"
  },
  {
    "ID Number": "3718468"
  },
  {
    "ID Number": "3714748"
  },
  {
    "ID Number": "3710890"
  },
  {
    "ID Number": "3709426"
  },
  {
    "ID Number": "3712826"
  },
  {
    "ID Number": "3701824"
  },
  {
    "ID Number": "3702022"
  },
  {
    "ID Number": "3711781"
  },
  {
    "ID Number": "3700160"
  },
  {
    "ID Number": "3706737"
  },
  {
    "ID Number": "3714683"
  },
  {
    "ID Number": "3705323"
  },
  {
    "ID Number": "3705668"
  },
  {
    "ID Number": "3707130"
  },
  {
    "ID Number": "3703525"
  },
  {
    "ID Number": "3719170"
  },
  {
    "ID Number": "3701840"
  },
  {
    "ID Number": "3714314"
  },
  {
    "ID Number": "3710785"
  },
  {
    "ID Number": "3714373"
  },
  {
    "ID Number": "3717844"
  },
  {
    "ID Number": "3713105"
  },
  {
    "ID Number": "3701239"
  },
  {
    "ID Number": "3709434"
  },
  {
    "ID Number": "3706257"
  },
  {
    "ID Number": "3706265"
  },
  {
    "ID Number": "3702464"
  },
  {
    "ID Number": "3700984"
  },
  {
    "ID Number": "3702561"
  },
  {
    "ID Number": "3711609"
  },
  {
    "ID Number": "3722929"
  },
  {
    "ID Number": "3717925"
  },
  {
    "ID Number": "3703282"
  },
  {
    "ID Number": "3711617"
  },
  {
    "ID Number": "3710955"
  },
  {
    "ID Number": "3710696"
  },
  {
    "ID Number": "3700020"
  },
  {
    "ID Number": "3723763"
  },
  {
    "ID Number": "3700860"
  },
  {
    "ID Number": "3719820"
  },
  {
    "ID Number": "3707911"
  },
  {
    "ID Number": "3714527"
  },
  {
    "ID Number": "3701867"
  },
  {
    "ID Number": "3702308"
  },
  {
    "ID Number": "3700283"
  },
  {
    "ID Number": "3717020"
  },
  {
    "ID Number": "3712737"
  },
  {
    "ID Number": "3718174"
  },
  {
    "ID Number": "3711358"
  },
  {
    "ID Number": "3717461"
  },
  {
    "ID Number": "3713202"
  },
  {
    "ID Number": "3700712"
  },
  {
    "ID Number": "3701573"
  },
  {
    "ID Number": "3711323"
  },
  {
    "ID Number": "3719561"
  },
  {
    "ID Number": "3700739"
  },
  {
    "ID Number": "3711773"
  },
  {
    "ID Number": "3719596"
  },
  {
    "ID Number": "3700704"
  },
  {
    "ID Number": "3700453"
  },
  {
    "ID Number": "3700801"
  },
  {
    "ID Number": "3700720"
  },
  {
    "ID Number": "3700747"
  },
  {
    "ID Number": "3708128"
  },
  {
    "ID Number": "3705579"
  },
  {
    "ID Number": "3712753"
  },
  {
    "ID Number": "3707148"
  },
  {
    "ID Number": "3714489"
  },
  {
    "ID Number": "3704998"
  },
  {
    "ID Number": "3705005"
  },
  {
    "ID Number": "3717224"
  },
  {
    "ID Number": "3722422"
  },
  {
    "ID Number": "3701859"
  },
  {
    "ID Number": "3701450"
  },
  {
    "ID Number": "3700798"
  },
  {
    "ID Number": "3719022"
  },
  {
    "ID Number": "3716554"
  },
  {
    "ID Number": "3704203"
  },
  {
    "ID Number": "3710211"
  },
  {
    "ID Number": "3723496"
  },
  {
    "ID Number": "3703274"
  },
  {
    "ID Number": "3703266"
  },
  {
    "ID Number": "3711820"
  },
  {
    "ID Number": "3716970"
  },
  {
    "ID Number": "3705412"
  },
  {
    "ID Number": "3706451"
  },
  {
    "ID Number": "3700755"
  },
  {
    "ID Number": "3717038"
  },
  {
    "ID Number": "3717046"
  },
  {
    "ID Number": "3704564"
  },
  {
    "ID Number": "3707156"
  },
  {
    "ID Number": "3711145"
  },
  {
    "ID Number": "3721698"
  },
  {
    "ID Number": "3709620"
  },
  {
    "ID Number": "3702030"
  },
  {
    "ID Number": "3703630"
  },
  {
    "ID Number": "3704220"
  },
  {
    "ID Number": "3700496"
  },
  {
    "ID Number": "3714217"
  },
  {
    "ID Number": "3701379"
  },
  {
    "ID Number": "3708918"
  }
]