[
  {
    "ID Number": "7127030"
  },
  {
    "ID Number": "7109229"
  },
  {
    "ID Number": "7128762"
  },
  {
    "ID Number": "7125623"
  },
  {
    "ID Number": "7128193"
  },
  {
    "ID Number": "7116004"
  },
  {
    "ID Number": "7118279"
  },
  {
    "ID Number": "7100574"
  },
  {
    "ID Number": "7119453"
  },
  {
    "ID Number": "7127804"
  },
  {
    "ID Number": "7106017"
  },
  {
    "ID Number": "7131585"
  },
  {
    "ID Number": "7100736"
  },
  {
    "ID Number": "7128061"
  },
  {
    "ID Number": "7103760"
  },
  {
    "ID Number": "7103069"
  },
  {
    "ID Number": "7103883"
  },
  {
    "ID Number": "7103891"
  },
  {
    "ID Number": "7132085"
  },
  {
    "ID Number": "7131470"
  },
  {
    "ID Number": "7123752"
  },
  {
    "ID Number": "7125682"
  },
  {
    "ID Number": "7105401"
  },
  {
    "ID Number": "7103611"
  },
  {
    "ID Number": "7123019"
  },
  {
    "ID Number": "7126620"
  },
  {
    "ID Number": "7131216"
  },
  {
    "ID Number": "7135645"
  },
  {
    "ID Number": "7108869"
  },
  {
    "ID Number": "7131518"
  },
  {
    "ID Number": "7135700"
  },
  {
    "ID Number": "7106246"
  },
  {
    "ID Number": "7129106"
  },
  {
    "ID Number": "7105185"
  },
  {
    "ID Number": "7108109"
  },
  {
    "ID Number": "7109636"
  },
  {
    "ID Number": "7120893"
  },
  {
    "ID Number": "7122357"
  },
  {
    "ID Number": "7126069"
  },
  {
    "ID Number": "7135696"
  },
  {
    "ID Number": "7106297"
  },
  {
    "ID Number": "7112254"
  },
  {
    "ID Number": "7105215"
  },
  {
    "ID Number": "7123418"
  },
  {
    "ID Number": "7101457"
  },
  {
    "ID Number": "7115709"
  },
  {
    "ID Number": "7109830"
  },
  {
    "ID Number": "7124368"
  },
  {
    "ID Number": "7112343"
  },
  {
    "ID Number": "7105711"
  },
  {
    "ID Number": "7109962"
  },
  {
    "ID Number": "7118589"
  },
  {
    "ID Number": "7104294"
  },
  {
    "ID Number": "7125879"
  },
  {
    "ID Number": "7133014"
  },
  {
    "ID Number": "7135670"
  },
  {
    "ID Number": "7100639"
  },
  {
    "ID Number": "7132794"
  },
  {
    "ID Number": "7130678"
  },
  {
    "ID Number": "7109040"
  },
  {
    "ID Number": "7127456"
  },
  {
    "ID Number": "7127537"
  },
  {
    "ID Number": "7117272"
  },
  {
    "ID Number": "7117140"
  },
  {
    "ID Number": "7124775"
  },
  {
    "ID Number": "7108770"
  },
  {
    "ID Number": "7126808"
  },
  {
    "ID Number": "7103018"
  },
  {
    "ID Number": "7104308"
  },
  {
    "ID Number": "7127103"
  },
  {
    "ID Number": "7138857"
  },
  {
    "ID Number": "7140762"
  },
  {
    "ID Number": "7133065"
  },
  {
    "ID Number": "7118511"
  },
  {
    "ID Number": "7108834"
  },
  {
    "ID Number": "7103743"
  },
  {
    "ID Number": "7138067"
  },
  {
    "ID Number": "7103905"
  },
  {
    "ID Number": "7117477"
  },
  {
    "ID Number": "7105428"
  },
  {
    "ID Number": "7140487"
  },
  {
    "ID Number": "7100485"
  },
  {
    "ID Number": "7131437"
  },
  {
    "ID Number": "7135718"
  },
  {
    "ID Number": "7117930"
  },
  {
    "ID Number": "7115610"
  },
  {
    "ID Number": "7116187"
  },
  {
    "ID Number": "7116640"
  },
  {
    "ID Number": "7128657"
  },
  {
    "ID Number": "7120915"
  },
  {
    "ID Number": "7130805"
  },
  {
    "ID Number": "7130813"
  },
  {
    "ID Number": "7104235"
  },
  {
    "ID Number": "7103913"
  },
  {
    "ID Number": "7127642"
  },
  {
    "ID Number": "7102585"
  },
  {
    "ID Number": "7123116"
  },
  {
    "ID Number": "7101686"
  },
  {
    "ID Number": "7120931"
  },
  {
    "ID Number": "7110820"
  },
  {
    "ID Number": "7126603"
  },
  {
    "ID Number": "7130015"
  },
  {
    "ID Number": "7141068"
  },
  {
    "ID Number": "7108800"
  },
  {
    "ID Number": "7104936"
  },
  {
    "ID Number": "7123043"
  },
  {
    "ID Number": "7112408"
  },
  {
    "ID Number": "7120834"
  },
  {
    "ID Number": "7103255"
  },
  {
    "ID Number": "7104332"
  },
  {
    "ID Number": "7134126"
  },
  {
    "ID Number": "7131330"
  },
  {
    "ID Number": "7102895"
  },
  {
    "ID Number": "7131429"
  },
  {
    "ID Number": "7125461"
  },
  {
    "ID Number": "7109598"
  },
  {
    "ID Number": "7105436"
  },
  {
    "ID Number": "7122853"
  },
  {
    "ID Number": "7123485"
  },
  {
    "ID Number": "7117302"
  },
  {
    "ID Number": "7105223"
  },
  {
    "ID Number": "7140509"
  },
  {
    "ID Number": "7118430"
  },
  {
    "ID Number": "7123434"
  },
  {
    "ID Number": "7110570"
  },
  {
    "ID Number": "7106041"
  },
  {
    "ID Number": "7117744"
  },
  {
    "ID Number": "7119658"
  },
  {
    "ID Number": "7103689"
  },
  {
    "ID Number": "7122454"
  },
  {
    "ID Number": "7112130"
  },
  {
    "ID Number": "7117710"
  },
  {
    "ID Number": "7123787"
  },
  {
    "ID Number": "7122381"
  },
  {
    "ID Number": "7109792"
  },
  {
    "ID Number": "7139365"
  },
  {
    "ID Number": "7102518"
  },
  {
    "ID Number": "7100663"
  },
  {
    "ID Number": "7134894"
  },
  {
    "ID Number": "7105444"
  },
  {
    "ID Number": "7109067"
  },
  {
    "ID Number": "7130244"
  },
  {
    "ID Number": "7109849"
  },
  {
    "ID Number": "7141033"
  },
  {
    "ID Number": "7100892"
  },
  {
    "ID Number": "7117205"
  },
  {
    "ID Number": "7118791"
  },
  {
    "ID Number": "7102380"
  },
  {
    "ID Number": "7103417"
  },
  {
    "ID Number": "7105452"
  },
  {
    "ID Number": "7101570"
  },
  {
    "ID Number": "7120885"
  },
  {
    "ID Number": "7136153"
  },
  {
    "ID Number": "7125747"
  },
  {
    "ID Number": "7102011"
  },
  {
    "ID Number": "7124619"
  },
  {
    "ID Number": "7111525"
  },
  {
    "ID Number": "7118376"
  },
  {
    "ID Number": "7127847"
  },
  {
    "ID Number": "7134878"
  },
  {
    "ID Number": "7122934"
  },
  {
    "ID Number": "7130180"
  },
  {
    "ID Number": "7130066"
  },
  {
    "ID Number": "7102682"
  },
  {
    "ID Number": "7126972"
  },
  {
    "ID Number": "7122047"
  },
  {
    "ID Number": "7122209"
  },
  {
    "ID Number": "7125658"
  },
  {
    "ID Number": "7106203"
  },
  {
    "ID Number": "7140908"
  },
  {
    "ID Number": "7133510"
  },
  {
    "ID Number": "7108990"
  },
  {
    "ID Number": "7117752"
  },
  {
    "ID Number": "7117698"
  },
  {
    "ID Number": "7101015"
  },
  {
    "ID Number": "7108710"
  },
  {
    "ID Number": "7111738"
  },
  {
    "ID Number": "7100094"
  },
  {
    "ID Number": "7138083"
  },
  {
    "ID Number": "7102950"
  },
  {
    "ID Number": "7139144"
  },
  {
    "ID Number": "7123957"
  },
  {
    "ID Number": "7105746"
  },
  {
    "ID Number": "7131909"
  },
  {
    "ID Number": "7131623"
  },
  {
    "ID Number": "7102968"
  },
  {
    "ID Number": "7107030"
  },
  {
    "ID Number": "7130414"
  },
  {
    "ID Number": "7140525"
  },
  {
    "ID Number": "7130961"
  },
  {
    "ID Number": "7117159"
  },
  {
    "ID Number": "7110871"
  },
  {
    "ID Number": "7105355"
  },
  {
    "ID Number": "7110200"
  },
  {
    "ID Number": "7137664"
  },
  {
    "ID Number": "7100922"
  },
  {
    "ID Number": "7103085"
  },
  {
    "ID Number": "7122446"
  },
  {
    "ID Number": "7135300"
  },
  {
    "ID Number": "7117680"
  },
  {
    "ID Number": "7130848"
  },
  {
    "ID Number": "7108036"
  },
  {
    "ID Number": "7108443"
  },
  {
    "ID Number": "7106955"
  },
  {
    "ID Number": "7126360"
  },
  {
    "ID Number": "7125186"
  },
  {
    "ID Number": "7112866"
  },
  {
    "ID Number": "7107331"
  },
  {
    "ID Number": "7103000"
  },
  {
    "ID Number": "7103956"
  },
  {
    "ID Number": "7112491"
  },
  {
    "ID Number": "7117299"
  },
  {
    "ID Number": "7102577"
  },
  {
    "ID Number": "7124252"
  },
  {
    "ID Number": "7118082"
  },
  {
    "ID Number": "7106068"
  },
  {
    "ID Number": "7122659"
  },
  {
    "ID Number": "7130341"
  },
  {
    "ID Number": "7121938"
  },
  {
    "ID Number": "7125593"
  },
  {
    "ID Number": "7110901"
  },
  {
    "ID Number": "7108893"
  },
  {
    "ID Number": "7122527"
  },
  {
    "ID Number": "7135874"
  },
  {
    "ID Number": "7107595"
  },
  {
    "ID Number": "7123442"
  },
  {
    "ID Number": "7136048"
  },
  {
    "ID Number": "7127901"
  },
  {
    "ID Number": "7103441"
  },
  {
    "ID Number": "7102488"
  },
  {
    "ID Number": "7119550"
  },
  {
    "ID Number": "7141017"
  },
  {
    "ID Number": "7120680"
  },
  {
    "ID Number": "7129424"
  },
  {
    "ID Number": "7101511"
  },
  {
    "ID Number": "7139934"
  },
  {
    "ID Number": "7110537"
  },
  {
    "ID Number": "7112262"
  },
  {
    "ID Number": "7134932"
  },
  {
    "ID Number": "7101244"
  },
  {
    "ID Number": "7101554"
  },
  {
    "ID Number": "7135882"
  },
  {
    "ID Number": "7133294"
  },
  {
    "ID Number": "7100914"
  },
  {
    "ID Number": "7134320"
  },
  {
    "ID Number": "7127499"
  },
  {
    "ID Number": "7124660"
  },
  {
    "ID Number": "7125208"
  },
  {
    "ID Number": "7113072"
  },
  {
    "ID Number": "7100396"
  },
  {
    "ID Number": "7118724"
  },
  {
    "ID Number": "7120923"
  },
  {
    "ID Number": "7114613"
  },
  {
    "ID Number": "7141025"
  },
  {
    "ID Number": "7113404"
  },
  {
    "ID Number": "7132620"
  },
  {
    "ID Number": "7132638"
  },
  {
    "ID Number": "7112718"
  },
  {
    "ID Number": "7110340"
  },
  {
    "ID Number": "7105495"
  },
  {
    "ID Number": "7107471"
  },
  {
    "ID Number": "7105509"
  },
  {
    "ID Number": "7116624"
  },
  {
    "ID Number": "7104324"
  },
  {
    "ID Number": "7130333"
  },
  {
    "ID Number": "7118201"
  },
  {
    "ID Number": "7135220"
  },
  {
    "ID Number": "7108206"
  },
  {
    "ID Number": "7117310"
  },
  {
    "ID Number": "7117779"
  },
  {
    "ID Number": "7103964"
  },
  {
    "ID Number": "7118732"
  },
  {
    "ID Number": "7137800"
  },
  {
    "ID Number": "7118252"
  },
  {
    "ID Number": "7120729"
  },
  {
    "ID Number": "7112556"
  },
  {
    "ID Number": "7112327"
  },
  {
    "ID Number": "7133995"
  },
  {
    "ID Number": "7108672"
  },
  {
    "ID Number": "7110545"
  },
  {
    "ID Number": "7127200"
  },
  {
    "ID Number": "7127120"
  },
  {
    "ID Number": "7118740"
  },
  {
    "ID Number": "7107501"
  },
  {
    "ID Number": "7115695"
  },
  {
    "ID Number": "7118554"
  },
  {
    "ID Number": "7122470"
  },
  {
    "ID Number": "7105053"
  },
  {
    "ID Number": "7105517"
  },
  {
    "ID Number": "7105525"
  },
  {
    "ID Number": "7106777"
  },
  {
    "ID Number": "7112530"
  },
  {
    "ID Number": "7112955"
  },
  {
    "ID Number": "7111924"
  },
  {
    "ID Number": "7103590"
  },
  {
    "ID Number": "7113870"
  },
  {
    "ID Number": "7118490"
  },
  {
    "ID Number": "7129408"
  },
  {
    "ID Number": "7105533"
  },
  {
    "ID Number": "7112696"
  },
  {
    "ID Number": "7120800"
  },
  {
    "ID Number": "7119992"
  },
  {
    "ID Number": "7112971"
  },
  {
    "ID Number": "7118759"
  },
  {
    "ID Number": "7125178"
  },
  {
    "ID Number": "7106483"
  },
  {
    "ID Number": "7106165"
  },
  {
    "ID Number": "7126123"
  },
  {
    "ID Number": "7126182"
  },
  {
    "ID Number": "7112629"
  },
  {
    "ID Number": "7115261"
  },
  {
    "ID Number": "7119470"
  },
  {
    "ID Number": "7118953"
  },
  {
    "ID Number": "7134061"
  },
  {
    "ID Number": "7105541"
  },
  {
    "ID Number": "7102135"
  },
  {
    "ID Number": "7134983"
  },
  {
    "ID Number": "7110553"
  },
  {
    "ID Number": "7117787"
  },
  {
    "ID Number": "7123183"
  },
  {
    "ID Number": "7118503"
  },
  {
    "ID Number": "7101333"
  },
  {
    "ID Number": "7109890"
  },
  {
    "ID Number": "7105550"
  },
  {
    "ID Number": "7118481"
  },
  {
    "ID Number": "7112815"
  },
  {
    "ID Number": "7125003"
  },
  {
    "ID Number": "7107102"
  },
  {
    "ID Number": "7125631"
  },
  {
    "ID Number": "7107650"
  },
  {
    "ID Number": "7134975"
  },
  {
    "ID Number": "7130295"
  },
  {
    "ID Number": "7105002"
  },
  {
    "ID Number": "7118350"
  },
  {
    "ID Number": "7109105"
  },
  {
    "ID Number": "7122268"
  },
  {
    "ID Number": "7105061"
  },
  {
    "ID Number": "7126263"
  },
  {
    "ID Number": "7105142"
  },
  {
    "ID Number": "7100264"
  },
  {
    "ID Number": "7101325"
  },
  {
    "ID Number": "7132590"
  },
  {
    "ID Number": "7112114"
  },
  {
    "ID Number": "7118988"
  },
  {
    "ID Number": "7102690"
  },
  {
    "ID Number": "7103131"
  },
  {
    "ID Number": "7115300"
  },
  {
    "ID Number": "7119500"
  },
  {
    "ID Number": "7139675"
  },
  {
    "ID Number": "7110995"
  },
  {
    "ID Number": "7124783"
  },
  {
    "ID Number": "7117132"
  },
  {
    "ID Number": "7103140"
  },
  {
    "ID Number": "7111711"
  },
  {
    "ID Number": "7109288"
  },
  {
    "ID Number": "7100833"
  },
  {
    "ID Number": "7118406"
  },
  {
    "ID Number": "7126336"
  },
  {
    "ID Number": "7102526"
  },
  {
    "ID Number": "7123035"
  },
  {
    "ID Number": "7123396"
  },
  {
    "ID Number": "7104804"
  },
  {
    "ID Number": "7102976"
  },
  {
    "ID Number": "7109199"
  },
  {
    "ID Number": "7134991"
  },
  {
    "ID Number": "7130473"
  },
  {
    "ID Number": "7102046"
  },
  {
    "ID Number": "7137303"
  },
  {
    "ID Number": "7102437"
  },
  {
    "ID Number": "7119305"
  },
  {
    "ID Number": "7117647"
  },
  {
    "ID Number": "7125925"
  },
  {
    "ID Number": "7137729"
  },
  {
    "ID Number": "7140436"
  },
  {
    "ID Number": "7127740"
  },
  {
    "ID Number": "7139870"
  },
  {
    "ID Number": "7122985"
  },
  {
    "ID Number": "7105983"
  },
  {
    "ID Number": "7106408"
  },
  {
    "ID Number": "7137516"
  },
  {
    "ID Number": "7100060"
  },
  {
    "ID Number": "7120583"
  },
  {
    "ID Number": "7100078"
  },
  {
    "ID Number": "7127430"
  },
  {
    "ID Number": "7138385"
  },
  {
    "ID Number": "7103832"
  },
  {
    "ID Number": "7139063"
  },
  {
    "ID Number": "7116047"
  },
  {
    "ID Number": "7137877"
  },
  {
    "ID Number": "7126271"
  },
  {
    "ID Number": "7137478"
  },
  {
    "ID Number": "7113846"
  },
  {
    "ID Number": "7137540"
  },
  {
    "ID Number": "7136013"
  },
  {
    "ID Number": "7113498"
  },
  {
    "ID Number": "7135726"
  },
  {
    "ID Number": "7100744"
  },
  {
    "ID Number": "7100035"
  },
  {
    "ID Number": "7108478"
  },
  {
    "ID Number": "7106360"
  },
  {
    "ID Number": "7109130"
  },
  {
    "ID Number": "7113528"
  },
  {
    "ID Number": "7139101"
  },
  {
    "ID Number": "7127189"
  },
  {
    "ID Number": "7108192"
  },
  {
    "ID Number": "7128878"
  },
  {
    "ID Number": "7138644"
  },
  {
    "ID Number": "7112785"
  },
  {
    "ID Number": "7109806"
  },
  {
    "ID Number": "7137524"
  },
  {
    "ID Number": "7104227"
  },
  {
    "ID Number": "7127561"
  },
  {
    "ID Number": "7128371"
  },
  {
    "ID Number": "7106521"
  },
  {
    "ID Number": "7102097"
  },
  {
    "ID Number": "7126522"
  },
  {
    "ID Number": "7125887"
  },
  {
    "ID Number": "7105312"
  },
  {
    "ID Number": "7137656"
  },
  {
    "ID Number": "7114893"
  },
  {
    "ID Number": "7101392"
  },
  {
    "ID Number": "7126417"
  },
  {
    "ID Number": "7126255"
  },
  {
    "ID Number": "7107749"
  },
  {
    "ID Number": "7127634"
  },
  {
    "ID Number": "7112246"
  },
  {
    "ID Number": "7126077"
  },
  {
    "ID Number": "7102623"
  },
  {
    "ID Number": "7117523"
  },
  {
    "ID Number": "7124600"
  },
  {
    "ID Number": "7105339"
  },
  {
    "ID Number": "7128002"
  },
  {
    "ID Number": "7105231"
  },
  {
    "ID Number": "7137605"
  },
  {
    "ID Number": "7111983"
  },
  {
    "ID Number": "7105894"
  },
  {
    "ID Number": "7106807"
  },
  {
    "ID Number": "7104243"
  },
  {
    "ID Number": "7109725"
  },
  {
    "ID Number": "7130880"
  },
  {
    "ID Number": "7127448"
  },
  {
    "ID Number": "7131143"
  },
  {
    "ID Number": "7105843"
  },
  {
    "ID Number": "7128274"
  },
  {
    "ID Number": "7100850"
  },
  {
    "ID Number": "7136170"
  },
  {
    "ID Number": "7131526"
  },
  {
    "ID Number": "7106076"
  },
  {
    "ID Number": "7101171"
  },
  {
    "ID Number": "7138768"
  },
  {
    "ID Number": "7124210"
  },
  {
    "ID Number": "7111495"
  },
  {
    "ID Number": "7120826"
  },
  {
    "ID Number": "7124791"
  },
  {
    "ID Number": "7107676"
  },
  {
    "ID Number": "7134347"
  },
  {
    "ID Number": "7112920"
  },
  {
    "ID Number": "7101694"
  },
  {
    "ID Number": "7122560"
  },
  {
    "ID Number": "7108974"
  },
  {
    "ID Number": "7101708"
  },
  {
    "ID Number": "7113080"
  },
  {
    "ID Number": "7126107"
  },
  {
    "ID Number": "7125828"
  },
  {
    "ID Number": "7122543"
  },
  {
    "ID Number": "7102348"
  },
  {
    "ID Number": "7126719"
  },
  {
    "ID Number": "7102810"
  },
  {
    "ID Number": "7120710"
  },
  {
    "ID Number": "7137494"
  },
  {
    "ID Number": "7130910"
  },
  {
    "ID Number": "7108818"
  },
  {
    "ID Number": "7117639"
  },
  {
    "ID Number": "7134304"
  },
  {
    "ID Number": "7109431"
  },
  {
    "ID Number": "7100523"
  },
  {
    "ID Number": "7107609"
  },
  {
    "ID Number": "7107617"
  },
  {
    "ID Number": "7135823"
  },
  {
    "ID Number": "7103980"
  },
  {
    "ID Number": "7113293"
  },
  {
    "ID Number": "7121849"
  },
  {
    "ID Number": "7117493"
  },
  {
    "ID Number": "7111061"
  },
  {
    "ID Number": "7109385"
  },
  {
    "ID Number": "7137532"
  },
  {
    "ID Number": "7140789"
  },
  {
    "ID Number": "7122128"
  },
  {
    "ID Number": "7112700"
  },
  {
    "ID Number": "7108524"
  },
  {
    "ID Number": "7124937"
  },
  {
    "ID Number": "7125526"
  },
  {
    "ID Number": "7129440"
  },
  {
    "ID Number": "7125496"
  },
  {
    "ID Number": "7128630"
  },
  {
    "ID Number": "7100817"
  },
  {
    "ID Number": "7100876"
  },
  {
    "ID Number": "7134851"
  },
  {
    "ID Number": "7118341"
  },
  {
    "ID Number": "7139233"
  },
  {
    "ID Number": "7139241"
  },
  {
    "ID Number": "7112947"
  },
  {
    "ID Number": "7122942"
  },
  {
    "ID Number": "7112823"
  },
  {
    "ID Number": "7113110"
  },
  {
    "ID Number": "7102020"
  },
  {
    "ID Number": "7117620"
  },
  {
    "ID Number": "7124295"
  },
  {
    "ID Number": "7112793"
  },
  {
    "ID Number": "7100299"
  },
  {
    "ID Number": "7137630"
  },
  {
    "ID Number": "7102119"
  },
  {
    "ID Number": "7118457"
  },
  {
    "ID Number": "7117604"
  },
  {
    "ID Number": "7117329"
  },
  {
    "ID Number": "7109423"
  },
  {
    "ID Number": "7109741"
  },
  {
    "ID Number": "7130597"
  },
  {
    "ID Number": "7109857"
  },
  {
    "ID Number": "7131992"
  },
  {
    "ID Number": "7141092"
  },
  {
    "ID Number": "7106653"
  },
  {
    "ID Number": "7111070"
  },
  {
    "ID Number": "7124945"
  },
  {
    "ID Number": "7100540"
  },
  {
    "ID Number": "7117337"
  },
  {
    "ID Number": "7124236"
  },
  {
    "ID Number": "7112319"
  },
  {
    "ID Number": "7101090"
  },
  {
    "ID Number": "7127057"
  },
  {
    "ID Number": "7104006"
  },
  {
    "ID Number": "7124309"
  },
  {
    "ID Number": "7104464"
  },
  {
    "ID Number": "7117701"
  },
  {
    "ID Number": "7104472"
  },
  {
    "ID Number": "7115946"
  },
  {
    "ID Number": "7124430"
  },
  {
    "ID Number": "7120010"
  },
  {
    "ID Number": "7118880"
  },
  {
    "ID Number": "7110685"
  },
  {
    "ID Number": "7104944"
  },
  {
    "ID Number": "7129602"
  },
  {
    "ID Number": "7124279"
  },
  {
    "ID Number": "7123450"
  },
  {
    "ID Number": "7112572"
  },
  {
    "ID Number": "7100302"
  },
  {
    "ID Number": "7128754"
  },
  {
    "ID Number": "7100582"
  },
  {
    "ID Number": "7100698"
  },
  {
    "ID Number": "7104014"
  },
  {
    "ID Number": "7128029"
  },
  {
    "ID Number": "7127170"
  },
  {
    "ID Number": "7107480"
  },
  {
    "ID Number": "7102143"
  },
  {
    "ID Number": "7101252"
  },
  {
    "ID Number": "7113579"
  },
  {
    "ID Number": "7119518"
  },
  {
    "ID Number": "7134797"
  },
  {
    "ID Number": "7112807"
  },
  {
    "ID Number": "7124880"
  },
  {
    "ID Number": "7112270"
  },
  {
    "ID Number": "7111150"
  },
  {
    "ID Number": "7117795"
  },
  {
    "ID Number": "7116110"
  },
  {
    "ID Number": "7133200"
  },
  {
    "ID Number": "7107137"
  },
  {
    "ID Number": "7133987"
  },
  {
    "ID Number": "7137486"
  },
  {
    "ID Number": "7102836"
  },
  {
    "ID Number": "7141394"
  },
  {
    "ID Number": "7141165"
  },
  {
    "ID Number": "7127049"
  },
  {
    "ID Number": "7125038"
  },
  {
    "ID Number": "7101031"
  },
  {
    "ID Number": "7101716"
  },
  {
    "ID Number": "7108826"
  },
  {
    "ID Number": "7120516"
  },
  {
    "ID Number": "7110677"
  },
  {
    "ID Number": "7117809"
  },
  {
    "ID Number": "7134312"
  },
  {
    "ID Number": "7129696"
  },
  {
    "ID Number": "7108613"
  },
  {
    "ID Number": "7101406"
  },
  {
    "ID Number": "7112297"
  },
  {
    "ID Number": "7135807"
  },
  {
    "ID Number": "7109660"
  },
  {
    "ID Number": "7108214"
  },
  {
    "ID Number": "7133855"
  },
  {
    "ID Number": "7125100"
  },
  {
    "ID Number": "7127243"
  },
  {
    "ID Number": "7139845"
  },
  {
    "ID Number": "7127081"
  },
  {
    "ID Number": "7137141"
  },
  {
    "ID Number": "7108915"
  },
  {
    "ID Number": "7131011"
  },
  {
    "ID Number": "7140207"
  },
  {
    "ID Number": "7141130"
  },
  {
    "ID Number": "7133170"
  },
  {
    "ID Number": "7101724"
  },
  {
    "ID Number": "7120494"
  },
  {
    "ID Number": "7113811"
  },
  {
    "ID Number": "7132298"
  },
  {
    "ID Number": "7125836"
  },
  {
    "ID Number": "7105592"
  },
  {
    "ID Number": "7101279"
  },
  {
    "ID Number": "7136099"
  },
  {
    "ID Number": "7124961"
  },
  {
    "ID Number": "7100221"
  },
  {
    "ID Number": "7101066"
  },
  {
    "ID Number": "7104286"
  },
  {
    "ID Number": "7118899"
  },
  {
    "ID Number": "7105932"
  },
  {
    "ID Number": "7113218"
  },
  {
    "ID Number": "7113650"
  },
  {
    "ID Number": "7101473"
  },
  {
    "ID Number": "7122411"
  },
  {
    "ID Number": "7107889"
  },
  {
    "ID Number": "7105606"
  },
  {
    "ID Number": "7123612"
  },
  {
    "ID Number": "7107552"
  },
  {
    "ID Number": "7120664"
  },
  {
    "ID Number": "7100620"
  },
  {
    "ID Number": "7106106"
  },
  {
    "ID Number": "7137117"
  },
  {
    "ID Number": "7117167"
  },
  {
    "ID Number": "7141386"
  },
  {
    "ID Number": "7111169"
  },
  {
    "ID Number": "7124864"
  },
  {
    "ID Number": "7104340"
  },
  {
    "ID Number": "7129670"
  },
  {
    "ID Number": "7102429"
  },
  {
    "ID Number": "7122438"
  },
  {
    "ID Number": "7135017"
  },
  {
    "ID Number": "7109326"
  },
  {
    "ID Number": "7135297"
  },
  {
    "ID Number": "7109164"
  },
  {
    "ID Number": "7137257"
  },
  {
    "ID Number": "7107757"
  },
  {
    "ID Number": "7104049"
  },
  {
    "ID Number": "7121920"
  },
  {
    "ID Number": "7141408"
  },
  {
    "ID Number": "7101040"
  },
  {
    "ID Number": "7116306"
  },
  {
    "ID Number": "7129840"
  },
  {
    "ID Number": "7124333"
  },
  {
    "ID Number": "7126000"
  },
  {
    "ID Number": "7101864"
  },
  {
    "ID Number": "7107692"
  },
  {
    "ID Number": "7131232"
  },
  {
    "ID Number": "7130627"
  },
  {
    "ID Number": "7107048"
  },
  {
    "ID Number": "7125801"
  },
  {
    "ID Number": "7100515"
  },
  {
    "ID Number": "7129874"
  },
  {
    "ID Number": "7103735"
  },
  {
    "ID Number": "7118090"
  },
  {
    "ID Number": "7132107"
  },
  {
    "ID Number": "7134282"
  },
  {
    "ID Number": "7100230"
  },
  {
    "ID Number": "7113153"
  },
  {
    "ID Number": "7134274"
  },
  {
    "ID Number": "7116616"
  },
  {
    "ID Number": "7138199"
  },
  {
    "ID Number": "7138121"
  },
  {
    "ID Number": "7112858"
  },
  {
    "ID Number": "7102941"
  },
  {
    "ID Number": "7131054"
  },
  {
    "ID Number": "7134100"
  },
  {
    "ID Number": "7134088"
  },
  {
    "ID Number": "7125950"
  },
  {
    "ID Number": "7130325"
  },
  {
    "ID Number": "7123094"
  },
  {
    "ID Number": "7102054"
  },
  {
    "ID Number": "7111541"
  },
  {
    "ID Number": "7131810"
  },
  {
    "ID Number": "7135289"
  },
  {
    "ID Number": "7100868"
  },
  {
    "ID Number": "7107412"
  },
  {
    "ID Number": "7127790"
  },
  {
    "ID Number": "7135149"
  },
  {
    "ID Number": "7105851"
  },
  {
    "ID Number": "7106742"
  },
  {
    "ID Number": "7102496"
  },
  {
    "ID Number": "7126859"
  },
  {
    "ID Number": "7128118"
  },
  {
    "ID Number": "7101538"
  },
  {
    "ID Number": "7102909"
  },
  {
    "ID Number": "7135106"
  },
  {
    "ID Number": "7120737"
  },
  {
    "ID Number": "7101449"
  },
  {
    "ID Number": "7104170"
  },
  {
    "ID Number": "7100566"
  },
  {
    "ID Number": "7111932"
  },
  {
    "ID Number": "7123680"
  },
  {
    "ID Number": "7130384"
  },
  {
    "ID Number": "7100957"
  },
  {
    "ID Number": "7106130"
  },
  {
    "ID Number": "7137290"
  },
  {
    "ID Number": "7118325"
  },
  {
    "ID Number": "7130856"
  },
  {
    "ID Number": "7102062"
  },
  {
    "ID Number": "7106033"
  },
  {
    "ID Number": "7122373"
  },
  {
    "ID Number": "7100604"
  },
  {
    "ID Number": "7100400"
  },
  {
    "ID Number": "7130350"
  },
  {
    "ID Number": "7106831"
  },
  {
    "ID Number": "7113200"
  },
  {
    "ID Number": "7102917"
  },
  {
    "ID Number": "7115555"
  },
  {
    "ID Number": "7116039"
  },
  {
    "ID Number": "7111193"
  },
  {
    "ID Number": "7141122"
  },
  {
    "ID Number": "7105614"
  },
  {
    "ID Number": "7126042"
  },
  {
    "ID Number": "7102216"
  },
  {
    "ID Number": "7140967"
  },
  {
    "ID Number": "7118538"
  },
  {
    "ID Number": "7124406"
  },
  {
    "ID Number": "7134142"
  },
  {
    "ID Number": "7135319"
  },
  {
    "ID Number": "7126751"
  },
  {
    "ID Number": "7118210"
  },
  {
    "ID Number": "7100108"
  },
  {
    "ID Number": "7138903"
  },
  {
    "ID Number": "7100680"
  },
  {
    "ID Number": "7128088"
  },
  {
    "ID Number": "7118228"
  },
  {
    "ID Number": "7112645"
  },
  {
    "ID Number": "365104803"
  },
  {
    "ID Number": "7124511"
  },
  {
    "ID Number": "7133278"
  },
  {
    "ID Number": "7101732"
  },
  {
    "ID Number": "7117221"
  },
  {
    "ID Number": "7122594"
  },
  {
    "ID Number": "7100310"
  },
  {
    "ID Number": "7111681"
  },
  {
    "ID Number": "7118198"
  },
  {
    "ID Number": "7100825"
  },
  {
    "ID Number": "7101376"
  },
  {
    "ID Number": "7135564"
  },
  {
    "ID Number": "7129041"
  },
  {
    "ID Number": "7112386"
  },
  {
    "ID Number": "7104456"
  },
  {
    "ID Number": "7123159"
  },
  {
    "ID Number": "7125739"
  },
  {
    "ID Number": "7100329"
  },
  {
    "ID Number": "7118163"
  },
  {
    "ID Number": "7135858"
  },
  {
    "ID Number": "7118937"
  },
  {
    "ID Number": "7109733"
  },
  {
    "ID Number": "7124260"
  },
  {
    "ID Number": "7118864"
  },
  {
    "ID Number": "7106351"
  },
  {
    "ID Number": "7114745"
  },
  {
    "ID Number": "7117612"
  },
  {
    "ID Number": "7105860"
  },
  {
    "ID Number": "7123663"
  },
  {
    "ID Number": "7130171"
  },
  {
    "ID Number": "7135963"
  },
  {
    "ID Number": "7102356"
  },
  {
    "ID Number": "7115245"
  },
  {
    "ID Number": "7103646"
  },
  {
    "ID Number": "7125585"
  },
  {
    "ID Number": "7118074"
  },
  {
    "ID Number": "7105371"
  },
  {
    "ID Number": "7140096"
  },
  {
    "ID Number": "7101384"
  },
  {
    "ID Number": "7100132"
  },
  {
    "ID Number": "7104855"
  },
  {
    "ID Number": "7102500"
  },
  {
    "ID Number": "7135173"
  },
  {
    "ID Number": "7111380"
  },
  {
    "ID Number": "7104740"
  },
  {
    "ID Number": "7128479"
  },
  {
    "ID Number": "7140797"
  },
  {
    "ID Number": "7100183"
  },
  {
    "ID Number": "7124449"
  },
  {
    "ID Number": "7122080"
  },
  {
    "ID Number": "7141297"
  },
  {
    "ID Number": "365111094"
  },
  {
    "ID Number": "7112734"
  },
  {
    "ID Number": "7108125"
  },
  {
    "ID Number": "7110740"
  },
  {
    "ID Number": "7112777"
  },
  {
    "ID Number": "7140894"
  },
  {
    "ID Number": "7120745"
  },
  {
    "ID Number": "7101295"
  },
  {
    "ID Number": "7112980"
  },
  {
    "ID Number": "7102925"
  },
  {
    "ID Number": "7121768"
  },
  {
    "ID Number": "7110251"
  },
  {
    "ID Number": "7137559"
  },
  {
    "ID Number": "7116250"
  },
  {
    "ID Number": "7126140"
  },
  {
    "ID Number": "7141246"
  },
  {
    "ID Number": "7120940"
  },
  {
    "ID Number": "7109563"
  },
  {
    "ID Number": "7140550"
  },
  {
    "ID Number": "7115490"
  },
  {
    "ID Number": "7134967"
  },
  {
    "ID Number": "7127090"
  },
  {
    "ID Number": "7120656"
  },
  {
    "ID Number": "7120877"
  },
  {
    "ID Number": "7119054"
  },
  {
    "ID Number": "7115440"
  },
  {
    "ID Number": "7110286"
  },
  {
    "ID Number": "7134436"
  },
  {
    "ID Number": "7126115"
  },
  {
    "ID Number": "7126921"
  },
  {
    "ID Number": "7112726"
  },
  {
    "ID Number": "7122144"
  },
  {
    "ID Number": "7110332"
  },
  {
    "ID Number": "7109628"
  },
  {
    "ID Number": "7135890"
  },
  {
    "ID Number": "7101902"
  },
  {
    "ID Number": "7115253"
  },
  {
    "ID Number": "7130864"
  },
  {
    "ID Number": "7123361"
  },
  {
    "ID Number": "7140533"
  },
  {
    "ID Number": "7100086"
  },
  {
    "ID Number": "7139420"
  },
  {
    "ID Number": "7112394"
  },
  {
    "ID Number": "7124910"
  },
  {
    "ID Number": "7109440"
  },
  {
    "ID Number": "7109555"
  },
  {
    "ID Number": "7134290"
  },
  {
    "ID Number": "7138962"
  },
  {
    "ID Number": "7100418"
  },
  {
    "ID Number": "7128525"
  },
  {
    "ID Number": "7109709"
  },
  {
    "ID Number": "7125666"
  },
  {
    "ID Number": "7128320"
  },
  {
    "ID Number": "7104375"
  },
  {
    "ID Number": "7138156"
  },
  {
    "ID Number": "7118147"
  },
  {
    "ID Number": "7119330"
  },
  {
    "ID Number": "7108753"
  },
  {
    "ID Number": "7102470"
  },
  {
    "ID Number": "7124724"
  },
  {
    "ID Number": "7133057"
  },
  {
    "ID Number": "7133073"
  },
  {
    "ID Number": "7128231"
  },
  {
    "ID Number": "7124520"
  },
  {
    "ID Number": "7129262"
  },
  {
    "ID Number": "7115563"
  },
  {
    "ID Number": "7102003"
  },
  {
    "ID Number": "7124872"
  },
  {
    "ID Number": "7128509"
  },
  {
    "ID Number": "7118872"
  },
  {
    "ID Number": "7126743"
  },
  {
    "ID Number": "7106602"
  },
  {
    "ID Number": "7115458"
  },
  {
    "ID Number": "7125011"
  },
  {
    "ID Number": "7133944"
  },
  {
    "ID Number": "7134517"
  },
  {
    "ID Number": "7109113"
  },
  {
    "ID Number": "7131941"
  },
  {
    "ID Number": "7102127"
  },
  {
    "ID Number": "7129971"
  },
  {
    "ID Number": "7133146"
  },
  {
    "ID Number": "7112939"
  },
  {
    "ID Number": "7112181"
  },
  {
    "ID Number": "7124651"
  },
  {
    "ID Number": "7134908"
  },
  {
    "ID Number": "7110367"
  },
  {
    "ID Number": "7104782"
  },
  {
    "ID Number": "7118180"
  },
  {
    "ID Number": "7109466"
  },
  {
    "ID Number": "7127383"
  },
  {
    "ID Number": "7103476"
  },
  {
    "ID Number": "7107684"
  },
  {
    "ID Number": "7120702"
  },
  {
    "ID Number": "7129980"
  },
  {
    "ID Number": "7109873"
  },
  {
    "ID Number": "7129580"
  },
  {
    "ID Number": "7112289"
  },
  {
    "ID Number": "7111720"
  },
  {
    "ID Number": "7123060"
  },
  {
    "ID Number": "7116659"
  },
  {
    "ID Number": "7113099"
  },
  {
    "ID Number": "7126344"
  },
  {
    "ID Number": "7100949"
  },
  {
    "ID Number": "7101180"
  },
  {
    "ID Number": "7140800"
  },
  {
    "ID Number": "7117485"
  },
  {
    "ID Number": "7139179"
  },
  {
    "ID Number": "7105207"
  },
  {
    "ID Number": "7111975"
  },
  {
    "ID Number": "7128290"
  },
  {
    "ID Number": "7104898"
  },
  {
    "ID Number": "7140045"
  },
  {
    "ID Number": "7109903"
  },
  {
    "ID Number": "7103042"
  },
  {
    "ID Number": "7112904"
  },
  {
    "ID Number": "7134258"
  },
  {
    "ID Number": "7117736"
  },
  {
    "ID Number": "7141173"
  },
  {
    "ID Number": "7106335"
  },
  {
    "ID Number": "7109148"
  },
  {
    "ID Number": "7109172"
  },
  {
    "ID Number": "7124759"
  },
  {
    "ID Number": "7134860"
  },
  {
    "ID Number": "7107633"
  },
  {
    "ID Number": "7109180"
  },
  {
    "ID Number": "7121105"
  },
  {
    "ID Number": "7112548"
  },
  {
    "ID Number": "7141351"
  },
  {
    "ID Number": "7109814"
  },
  {
    "ID Number": "7104383"
  },
  {
    "ID Number": "7101988"
  },
  {
    "ID Number": "7109350"
  },
  {
    "ID Number": "7112238"
  },
  {
    "ID Number": "7102860"
  },
  {
    "ID Number": "7104820"
  },
  {
    "ID Number": "7112483"
  },
  {
    "ID Number": "7112998"
  },
  {
    "ID Number": "7123388"
  },
  {
    "ID Number": "7124546"
  },
  {
    "ID Number": "7100442"
  },
  {
    "ID Number": "7107560"
  },
  {
    "ID Number": "7101023"
  },
  {
    "ID Number": "7128258"
  },
  {
    "ID Number": "7132840"
  },
  {
    "ID Number": "7137702"
  },
  {
    "ID Number": "7132980"
  },
  {
    "ID Number": "7139136"
  },
  {
    "ID Number": "7123736"
  },
  {
    "ID Number": "7104219"
  },
  {
    "ID Number": "7125992"
  },
  {
    "ID Number": "7105738"
  },
  {
    "ID Number": "7101929"
  },
  {
    "ID Number": "7102992"
  },
  {
    "ID Number": "7117230"
  },
  {
    "ID Number": "7119119"
  },
  {
    "ID Number": "7127332"
  },
  {
    "ID Number": "7132603"
  },
  {
    "ID Number": "7112599"
  },
  {
    "ID Number": "7141211"
  },
  {
    "ID Number": "7139896"
  },
  {
    "ID Number": "7117531"
  },
  {
    "ID Number": "7112602"
  },
  {
    "ID Number": "7119429"
  },
  {
    "ID Number": "7139250"
  },
  {
    "ID Number": "7127910"
  },
  {
    "ID Number": "7107820"
  },
  {
    "ID Number": "7127855"
  },
  {
    "ID Number": "7132387"
  },
  {
    "ID Number": "7122276"
  },
  {
    "ID Number": "7132280"
  },
  {
    "ID Number": "7101414"
  },
  {
    "ID Number": "7128100"
  },
  {
    "ID Number": "7125224"
  },
  {
    "ID Number": "7101201"
  },
  {
    "ID Number": "7138911"
  },
  {
    "ID Number": "7104677"
  },
  {
    "ID Number": "7109300"
  },
  {
    "ID Number": "7137885"
  },
  {
    "ID Number": "7127626"
  },
  {
    "ID Number": "7113960"
  },
  {
    "ID Number": "7110952"
  },
  {
    "ID Number": "7117035"
  },
  {
    "ID Number": "7112831"
  },
  {
    "ID Number": "7101112"
  },
  {
    "ID Number": "7105029"
  },
  {
    "ID Number": "7134266"
  },
  {
    "ID Number": "7120974"
  },
  {
    "ID Number": "7105126"
  },
  {
    "ID Number": "7100710"
  },
  {
    "ID Number": "7128207"
  },
  {
    "ID Number": "7125607"
  },
  {
    "ID Number": "7101740"
  },
  {
    "ID Number": "7100337"
  },
  {
    "ID Number": "7124589"
  },
  {
    "ID Number": "7101422"
  },
  {
    "ID Number": "7134339"
  },
  {
    "ID Number": "7106270"
  },
  {
    "ID Number": "7101759"
  },
  {
    "ID Number": "7109768"
  },
  {
    "ID Number": "7123779"
  },
  {
    "ID Number": "7122420"
  },
  {
    "ID Number": "7108486"
  },
  {
    "ID Number": "7106645"
  },
  {
    "ID Number": "7106173"
  },
  {
    "ID Number": "7130040"
  },
  {
    "ID Number": "7123213"
  },
  {
    "ID Number": "7130643"
  },
  {
    "ID Number": "7141335"
  },
  {
    "ID Number": "7128150"
  },
  {
    "ID Number": "7109083"
  },
  {
    "ID Number": "7131763"
  },
  {
    "ID Number": "7122110"
  },
  {
    "ID Number": "7103654"
  },
  {
    "ID Number": "7103565"
  },
  {
    "ID Number": "7111282"
  },
  {
    "ID Number": "7102151"
  },
  {
    "ID Number": "7127944"
  },
  {
    "ID Number": "7124325"
  },
  {
    "ID Number": "7132786"
  },
  {
    "ID Number": "7135610"
  },
  {
    "ID Number": "7118171"
  },
  {
    "ID Number": "7101767"
  },
  {
    "ID Number": "7103573"
  },
  {
    "ID Number": "7125550"
  },
  {
    "ID Number": "7122861"
  },
  {
    "ID Number": "7137923"
  },
  {
    "ID Number": "7101775"
  },
  {
    "ID Number": "7126085"
  },
  {
    "ID Number": "7108907"
  },
  {
    "ID Number": "7101163"
  },
  {
    "ID Number": "7118260"
  },
  {
    "ID Number": "7118465"
  },
  {
    "ID Number": "7131445"
  },
  {
    "ID Number": "7121962"
  },
  {
    "ID Number": "7122349"
  },
  {
    "ID Number": "7134355"
  },
  {
    "ID Number": "7109571"
  },
  {
    "ID Number": "7111592"
  },
  {
    "ID Number": "7123345"
  },
  {
    "ID Number": "7138237"
  },
  {
    "ID Number": "7111339"
  },
  {
    "ID Number": "7123868"
  },
  {
    "ID Number": "7133227"
  },
  {
    "ID Number": "7123876"
  },
  {
    "ID Number": "7138326"
  },
  {
    "ID Number": "7101783"
  },
  {
    "ID Number": "7112661"
  },
  {
    "ID Number": "7101074"
  },
  {
    "ID Number": "7134460"
  },
  {
    "ID Number": "7127677"
  },
  {
    "ID Number": "7108842"
  },
  {
    "ID Number": "7135866"
  },
  {
    "ID Number": "7135815"
  },
  {
    "ID Number": "7125135"
  },
  {
    "ID Number": "7119151"
  },
  {
    "ID Number": "7134827"
  },
  {
    "ID Number": "7111533"
  },
  {
    "ID Number": "7135025"
  },
  {
    "ID Number": "7116420"
  },
  {
    "ID Number": "7119178"
  },
  {
    "ID Number": "7101155"
  },
  {
    "ID Number": "7103263"
  },
  {
    "ID Number": "7133820"
  },
  {
    "ID Number": "7127421"
  },
  {
    "ID Number": "7117590"
  },
  {
    "ID Number": "7111304"
  },
  {
    "ID Number": "7112513"
  },
  {
    "ID Number": "7141114"
  },
  {
    "ID Number": "7111703"
  },
  {
    "ID Number": "7134657"
  },
  {
    "ID Number": "7112505"
  },
  {
    "ID Number": "7102070"
  },
  {
    "ID Number": "7116438"
  },
  {
    "ID Number": "7139403"
  },
  {
    "ID Number": "7127111"
  },
  {
    "ID Number": "7127316"
  },
  {
    "ID Number": "7119712"
  },
  {
    "ID Number": "7134398"
  },
  {
    "ID Number": "7127812"
  },
  {
    "ID Number": "7132875"
  },
  {
    "ID Number": "7120958"
  },
  {
    "ID Number": "7120796"
  },
  {
    "ID Number": "7109156"
  },
  {
    "ID Number": "7130988"
  },
  {
    "ID Number": "7130023"
  },
  {
    "ID Number": "7124414"
  },
  {
    "ID Number": "7130309"
  },
  {
    "ID Number": "7105649"
  },
  {
    "ID Number": "7134215"
  },
  {
    "ID Number": "7105703"
  },
  {
    "ID Number": "7104839"
  },
  {
    "ID Number": "7101309"
  },
  {
    "ID Number": "7109822"
  },
  {
    "ID Number": "7135734"
  },
  {
    "ID Number": "7100213"
  },
  {
    "ID Number": "7141289"
  },
  {
    "ID Number": "7113196"
  },
  {
    "ID Number": "7112890"
  },
  {
    "ID Number": "7108044"
  },
  {
    "ID Number": "7105657"
  },
  {
    "ID Number": "7125895"
  },
  {
    "ID Number": "7123639"
  },
  {
    "ID Number": "7100590"
  },
  {
    "ID Number": "7124570"
  },
  {
    "ID Number": "7125640"
  },
  {
    "ID Number": "7110944"
  },
  {
    "ID Number": "7137346"
  },
  {
    "ID Number": "7104618"
  },
  {
    "ID Number": "7119208"
  },
  {
    "ID Number": "7115237"
  },
  {
    "ID Number": "7112912"
  },
  {
    "ID Number": "7112211"
  },
  {
    "ID Number": "7137931"
  },
  {
    "ID Number": "7127650"
  },
  {
    "ID Number": "7117922"
  },
  {
    "ID Number": "7138300"
  },
  {
    "ID Number": "3210030"
  },
  {
    "ID Number": "7100981"
  },
  {
    "ID Number": "7110235"
  },
  {
    "ID Number": "7110308"
  },
  {
    "ID Number": "7100256"
  },
  {
    "ID Number": "7122101"
  },
  {
    "ID Number": "7137214"
  },
  {
    "ID Number": "7127154"
  },
  {
    "ID Number": "7125542"
  },
  {
    "ID Number": "7108583"
  },
  {
    "ID Number": "7138270"
  },
  {
    "ID Number": "7118139"
  },
  {
    "ID Number": "7130236"
  },
  {
    "ID Number": "7141149"
  },
  {
    "ID Number": "7120192"
  },
  {
    "ID Number": "7106025"
  },
  {
    "ID Number": "7109520"
  },
  {
    "ID Number": "7114982"
  },
  {
    "ID Number": "7137443"
  },
  {
    "ID Number": "7132735"
  },
  {
    "ID Number": "7129416"
  },
  {
    "ID Number": "7107110"
  },
  {
    "ID Number": "7128266"
  },
  {
    "ID Number": "7129238"
  },
  {
    "ID Number": "7108010"
  },
  {
    "ID Number": "7124996"
  },
  {
    "ID Number": "7140991"
  },
  {
    "ID Number": "7139390"
  },
  {
    "ID Number": "7129432"
  },
  {
    "ID Number": "7107544"
  },
  {
    "ID Number": "7114419"
  },
  {
    "ID Number": "7138296"
  },
  {
    "ID Number": "7100906"
  },
  {
    "ID Number": "7100531"
  },
  {
    "ID Number": "7132441"
  },
  {
    "ID Number": "7115750"
  },
  {
    "ID Number": "7122870"
  },
  {
    "ID Number": "7123760"
  },
  {
    "ID Number": "7101805"
  },
  {
    "ID Number": "7106319"
  },
  {
    "ID Number": "7102780"
  },
  {
    "ID Number": "7101589"
  },
  {
    "ID Number": "7127227"
  },
  {
    "ID Number": "7104260"
  },
  {
    "ID Number": "7134134"
  },
  {
    "ID Number": "7112190"
  },
  {
    "ID Number": "7122675"
  },
  {
    "ID Number": "7101503"
  },
  {
    "ID Number": "7135459"
  },
  {
    "ID Number": "7133588"
  },
  {
    "ID Number": "7125771"
  },
  {
    "ID Number": "7130317"
  },
  {
    "ID Number": "7125470"
  },
  {
    "ID Number": "7124341"
  },
  {
    "ID Number": "7109989"
  },
  {
    "ID Number": "7101198"
  },
  {
    "ID Number": "7117990"
  },
  {
    "ID Number": "7125615"
  },
  {
    "ID Number": "7122616"
  },
  {
    "ID Number": "7125852"
  },
  {
    "ID Number": "7133251"
  },
  {
    "ID Number": "7125500"
  },
  {
    "ID Number": "7109920"
  },
  {
    "ID Number": "7133669"
  },
  {
    "ID Number": "7100116"
  },
  {
    "ID Number": "7132034"
  },
  {
    "ID Number": "7104120"
  },
  {
    "ID Number": "7137583"
  },
  {
    "ID Number": "7133120"
  },
  {
    "ID Number": "7105720"
  },
  {
    "ID Number": "7122578"
  },
  {
    "ID Number": "7104391"
  },
  {
    "ID Number": "7133090"
  },
  {
    "ID Number": "7100191"
  },
  {
    "ID Number": "7104138"
  },
  {
    "ID Number": "7103530"
  },
  {
    "ID Number": "7133545"
  },
  {
    "ID Number": "7139187"
  },
  {
    "ID Number": "7110189"
  },
  {
    "ID Number": "7100647"
  },
  {
    "ID Number": "7133650"
  },
  {
    "ID Number": "7128045"
  },
  {
    "ID Number": "7135270"
  },
  {
    "ID Number": "7133596"
  },
  {
    "ID Number": "7134592"
  },
  {
    "ID Number": "7124686"
  },
  {
    "ID Number": "7134541"
  },
  {
    "ID Number": "7101007"
  },
  {
    "ID Number": "7103050"
  },
  {
    "ID Number": "7102755"
  },
  {
    "ID Number": "7100426"
  },
  {
    "ID Number": "7116632"
  },
  {
    "ID Number": "7112564"
  },
  {
    "ID Number": "7112688"
  },
  {
    "ID Number": "7129300"
  },
  {
    "ID Number": "7101465"
  },
  {
    "ID Number": "7104146"
  },
  {
    "ID Number": "7105576"
  },
  {
    "ID Number": "7113439"
  },
  {
    "ID Number": "7129939"
  },
  {
    "ID Number": "7137567"
  },
  {
    "ID Number": "7108788"
  },
  {
    "ID Number": "7117817"
  },
  {
    "ID Number": "7104154"
  },
  {
    "ID Number": "7103867"
  },
  {
    "ID Number": "7102089"
  },
  {
    "ID Number": "7104995"
  },
  {
    "ID Number": "7109512"
  },
  {
    "ID Number": "7112335"
  },
  {
    "ID Number": "7115997"
  },
  {
    "ID Number": "7127340"
  },
  {
    "ID Number": "7104197"
  },
  {
    "ID Number": "7100469"
  },
  {
    "ID Number": "7100973"
  },
  {
    "ID Number": "7115717"
  },
  {
    "ID Number": "7112467"
  },
  {
    "ID Number": "7108605"
  },
  {
    "ID Number": "7132220"
  },
  {
    "ID Number": "7122179"
  },
  {
    "ID Number": "7101937"
  },
  {
    "ID Number": "7103344"
  },
  {
    "ID Number": "7121237"
  },
  {
    "ID Number": "7117540"
  },
  {
    "ID Number": "7105827"
  },
  {
    "ID Number": "7100370"
  },
  {
    "ID Number": "7120648"
  },
  {
    "ID Number": "7122071"
  },
  {
    "ID Number": "7115989"
  },
  {
    "ID Number": "7116519"
  },
  {
    "ID Number": "7120869"
  },
  {
    "ID Number": "7105070"
  },
  {
    "ID Number": "7107528"
  },
  {
    "ID Number": "7100795"
  },
  {
    "ID Number": "7111347"
  },
  {
    "ID Number": "7105916"
  },
  {
    "ID Number": "7109644"
  },
  {
    "ID Number": "7124732"
  },
  {
    "ID Number": "7108680"
  },
  {
    "ID Number": "7113102"
  },
  {
    "ID Number": "7118945"
  },
  {
    "ID Number": "7100493"
  },
  {
    "ID Number": "7101368"
  },
  {
    "ID Number": "7137869"
  },
  {
    "ID Number": "7100728"
  },
  {
    "ID Number": "7125577"
  },
  {
    "ID Number": "7100701"
  },
  {
    "ID Number": "7118244"
  },
  {
    "ID Number": "7130210"
  },
  {
    "ID Number": "7126034"
  },
  {
    "ID Number": "7100752"
  },
  {
    "ID Number": "7119682"
  },
  {
    "ID Number": "7119216"
  },
  {
    "ID Number": "7112033"
  },
  {
    "ID Number": "7108958"
  },
  {
    "ID Number": "7101813"
  },
  {
    "ID Number": "7101821"
  },
  {
    "ID Number": "7103875"
  },
  {
    "ID Number": "7122608"
  },
  {
    "ID Number": "7122195"
  },
  {
    "ID Number": "7100809"
  },
  {
    "ID Number": "7125976"
  },
  {
    "ID Number": "7104979"
  },
  {
    "ID Number": "7122012"
  },
  {
    "ID Number": "7108494"
  },
  {
    "ID Number": "7113161"
  },
  {
    "ID Number": "7108621"
  },
  {
    "ID Number": "7123175"
  },
  {
    "ID Number": "7134240"
  },
  {
    "ID Number": "7101651"
  },
  {
    "ID Number": "7105380"
  },
  {
    "ID Number": "7111355"
  },
  {
    "ID Number": "7101139"
  },
  {
    "ID Number": "7127936"
  },
  {
    "ID Number": "7137737"
  },
  {
    "ID Number": "7122586"
  },
  {
    "ID Number": "7132050"
  },
  {
    "ID Number": "7111630"
  },
  {
    "ID Number": "7116012"
  },
  {
    "ID Number": "7135653"
  },
  {
    "ID Number": "7105304"
  },
  {
    "ID Number": "7102704"
  },
  {
    "ID Number": "7131089"
  },
  {
    "ID Number": "7113625"
  },
  {
    "ID Number": "7131593"
  },
  {
    "ID Number": "7139268"
  },
  {
    "ID Number": "7113471"
  },
  {
    "ID Number": "7109237"
  },
  {
    "ID Number": "7122055"
  },
  {
    "ID Number": "7141106"
  },
  {
    "ID Number": "7108982"
  },
  {
    "ID Number": "7100655"
  },
  {
    "ID Number": "7105100"
  },
  {
    "ID Number": "7127715"
  },
  {
    "ID Number": "7105347"
  },
  {
    "ID Number": "7119810"
  },
  {
    "ID Number": "7134665"
  },
  {
    "ID Number": "7100353"
  },
  {
    "ID Number": "7103352"
  },
  {
    "ID Number": "7101341"
  },
  {
    "ID Number": "7127766"
  },
  {
    "ID Number": "7138202"
  },
  {
    "ID Number": "7122039"
  },
  {
    "ID Number": "7124244"
  },
  {
    "ID Number": "7102879"
  },
  {
    "ID Number": "7130163"
  },
  {
    "ID Number": "7139454"
  },
  {
    "ID Number": "7116861"
  },
  {
    "ID Number": "7108133"
  },
  {
    "ID Number": "7135769"
  },
  {
    "ID Number": "7105878"
  },
  {
    "ID Number": "7141076"
  },
  {
    "ID Number": "7116551"
  },
  {
    "ID Number": "7131267"
  },
  {
    "ID Number": "7101830"
  },
  {
    "ID Number": "7117825"
  },
  {
    "ID Number": "7116560"
  },
  {
    "ID Number": "7100175"
  },
  {
    "ID Number": "7115636"
  },
  {
    "ID Number": "7112610"
  },
  {
    "ID Number": "7130406"
  },
  {
    "ID Number": "7134770"
  },
  {
    "ID Number": "7127278"
  },
  {
    "ID Number": "7121830"
  },
  {
    "ID Number": "7132352"
  },
  {
    "ID Number": "7135114"
  },
  {
    "ID Number": "7112122"
  },
  {
    "ID Number": "7123477"
  },
  {
    "ID Number": "7126824"
  },
  {
    "ID Number": "7123108"
  },
  {
    "ID Number": "7101058"
  },
  {
    "ID Number": "7100612"
  },
  {
    "ID Number": "7127723"
  },
  {
    "ID Number": "7103360"
  },
  {
    "ID Number": "365105319"
  },
  {
    "ID Number": "7105487"
  },
  {
    "ID Number": "7100345"
  },
  {
    "ID Number": "7112521"
  },
  {
    "ID Number": "7124953"
  },
  {
    "ID Number": "7127758"
  },
  {
    "ID Number": "7101546"
  },
  {
    "ID Number": "7109970"
  },
  {
    "ID Number": "7102798"
  },
  {
    "ID Number": "7131097"
  },
  {
    "ID Number": "7112475"
  },
  {
    "ID Number": "7130368"
  },
  {
    "ID Number": "7100884"
  },
  {
    "ID Number": "7100558"
  },
  {
    "ID Number": "7127529"
  },
  {
    "ID Number": "7125674"
  },
  {
    "ID Number": "7106491"
  },
  {
    "ID Number": "7110898"
  },
  {
    "ID Number": "7100272"
  },
  {
    "ID Number": "7126026"
  },
  {
    "ID Number": "7124821"
  },
  {
    "ID Number": "7137907"
  },
  {
    "ID Number": "7114460"
  },
  {
    "ID Number": "7127928"
  },
  {
    "ID Number": "7131780"
  },
  {
    "ID Number": "7135580"
  },
  {
    "ID Number": "7102402"
  },
  {
    "ID Number": "7111517"
  },
  {
    "ID Number": "7112637"
  },
  {
    "ID Number": "7105045"
  },
  {
    "ID Number": "7109075"
  },
  {
    "ID Number": "7100019"
  },
  {
    "ID Number": "7100760"
  },
  {
    "ID Number": "7125151"
  },
  {
    "ID Number": "7117558"
  },
  {
    "ID Number": "7118473"
  },
  {
    "ID Number": "7102542"
  },
  {
    "ID Number": "7129777"
  },
  {
    "ID Number": "7100280"
  },
  {
    "ID Number": "7113129"
  },
  {
    "ID Number": "7139098"
  },
  {
    "ID Number": "7108508"
  },
  {
    "ID Number": "7125844"
  },
  {
    "ID Number": "7125860"
  },
  {
    "ID Number": "7123817"
  },
  {
    "ID Number": "7114281"
  },
  {
    "ID Number": "7103034"
  },
  {
    "ID Number": "7113480"
  },
  {
    "ID Number": "7117833"
  },
  {
    "ID Number": "7139640"
  },
  {
    "ID Number": "7134053"
  },
  {
    "ID Number": "7108745"
  },
  {
    "ID Number": "7135181"
  },
  {
    "ID Number": "7107129"
  },
  {
    "ID Number": "7127960"
  },
  {
    "ID Number": "7100361"
  },
  {
    "ID Number": "7115199"
  },
  {
    "ID Number": "7137613"
  },
  {
    "ID Number": "7130090"
  },
  {
    "ID Number": "7105290"
  },
  {
    "ID Number": "7131860"
  },
  {
    "ID Number": "7110197"
  },
  {
    "ID Number": "7134622"
  },
  {
    "ID Number": "7100388"
  },
  {
    "ID Number": "7137460"
  },
  {
    "ID Number": "7134649"
  },
  {
    "ID Number": "7105835"
  },
  {
    "ID Number": "7112432"
  },
  {
    "ID Number": "7110448"
  },
  {
    "ID Number": "7131682"
  },
  {
    "ID Number": "7124457"
  },
  {
    "ID Number": "7109865"
  },
  {
    "ID Number": "7126549"
  },
  {
    "ID Number": "7108451"
  },
  {
    "ID Number": "7107587"
  },
  {
    "ID Number": "7102607"
  },
  {
    "ID Number": "7125917"
  },
  {
    "ID Number": "7122535"
  },
  {
    "ID Number": "7112009"
  },
  {
    "ID Number": "7126875"
  },
  {
    "ID Number": "7123140"
  },
  {
    "ID Number": "7105673"
  },
  {
    "ID Number": "7124473"
  },
  {
    "ID Number": "7117850"
  },
  {
    "ID Number": "7117582"
  },
  {
    "ID Number": "7118120"
  },
  {
    "ID Number": "7113188"
  },
  {
    "ID Number": "7135424"
  },
  {
    "ID Number": "7108460"
  },
  {
    "ID Number": "7129955"
  },
  {
    "ID Number": "7137095"
  },
  {
    "ID Number": "7107986"
  },
  {
    "ID Number": "7110430"
  },
  {
    "ID Number": "7112360"
  },
  {
    "ID Number": "7115644"
  },
  {
    "ID Number": "7114583"
  },
  {
    "ID Number": "7119909"
  },
  {
    "ID Number": "7106238"
  },
  {
    "ID Number": "7110294"
  },
  {
    "ID Number": "7101260"
  },
  {
    "ID Number": "7132301"
  },
  {
    "ID Number": "7112149"
  },
  {
    "ID Number": "7100965"
  },
  {
    "ID Number": "7127553"
  },
  {
    "ID Number": "7123167"
  },
  {
    "ID Number": "7122551"
  },
  {
    "ID Number": "7101120"
  },
  {
    "ID Number": "7124481"
  },
  {
    "ID Number": "7110413"
  },
  {
    "ID Number": "7121083"
  },
  {
    "ID Number": "7110405"
  },
  {
    "ID Number": "7119283"
  },
  {
    "ID Number": "7109032"
  },
  {
    "ID Number": "7131577"
  },
  {
    "ID Number": "7139659"
  },
  {
    "ID Number": "7139284"
  },
  {
    "ID Number": "7112300"
  },
  {
    "ID Number": "7101430"
  },
  {
    "ID Number": "7111649"
  },
  {
    "ID Number": "7131968"
  },
  {
    "ID Number": "7101350"
  },
  {
    "ID Number": "7141300"
  },
  {
    "ID Number": "7102828"
  },
  {
    "ID Number": "7131844"
  },
  {
    "ID Number": "7124490"
  }
]