[
  {
    "ID Number": "14426269"
  },
  {
    "ID Number": "14401509"
  },
  {
    "ID Number": "14410001"
  },
  {
    "ID Number": "14402394"
  },
  {
    "ID Number": "14405822"
  },
  {
    "ID Number": "14402769"
  },
  {
    "ID Number": "14410788"
  },
  {
    "ID Number": "14409097"
  },
  {
    "ID Number": "14407094"
  },
  {
    "ID Number": "14408970"
  },
  {
    "ID Number": "14408651"
  },
  {
    "ID Number": "14408023"
  },
  {
    "ID Number": "14405466"
  },
  {
    "ID Number": "14400685"
  },
  {
    "ID Number": "14401282"
  },
  {
    "ID Number": "14416417"
  },
  {
    "ID Number": "14406608"
  },
  {
    "ID Number": "14400499"
  },
  {
    "ID Number": "14400880"
  },
  {
    "ID Number": "14404710"
  },
  {
    "ID Number": "14424398"
  },
  {
    "ID Number": "14401614"
  },
  {
    "ID Number": "14403498"
  },
  {
    "ID Number": "14408880"
  },
  {
    "ID Number": "14405113"
  },
  {
    "ID Number": "14409542"
  },
  {
    "ID Number": "14400715"
  },
  {
    "ID Number": "14403358"
  },
  {
    "ID Number": "14406080"
  },
  {
    "ID Number": "14422328"
  },
  {
    "ID Number": "14403137"
  },
  {
    "ID Number": "14413922"
  },
  {
    "ID Number": "14403463"
  },
  {
    "ID Number": "14403684"
  },
  {
    "ID Number": "14415445"
  },
  {
    "ID Number": "14415437"
  },
  {
    "ID Number": "14401533"
  },
  {
    "ID Number": "14421739"
  },
  {
    "ID Number": "14414635"
  },
  {
    "ID Number": "904422"
  },
  {
    "ID Number": "14404419"
  },
  {
    "ID Number": "14414937"
  },
  {
    "ID Number": "14414945"
  },
  {
    "ID Number": "14406888"
  },
  {
    "ID Number": "14401096"
  },
  {
    "ID Number": "14417618"
  },
  {
    "ID Number": "14409410"
  },
  {
    "ID Number": "14401215"
  },
  {
    "ID Number": "14410010"
  },
  {
    "ID Number": "14403064"
  },
  {
    "ID Number": "14405474"
  },
  {
    "ID Number": "14405679"
  },
  {
    "ID Number": "14411482"
  },
  {
    "ID Number": "14407175"
  },
  {
    "ID Number": "14423863"
  },
  {
    "ID Number": "14407760"
  },
  {
    "ID Number": "14400987"
  },
  {
    "ID Number": "14430118"
  },
  {
    "ID Number": "14402904"
  },
  {
    "ID Number": "14411156"
  },
  {
    "ID Number": "14406748"
  },
  {
    "ID Number": "14402912"
  },
  {
    "ID Number": "926710"
  },
  {
    "ID Number": "14437023"
  },
  {
    "ID Number": "14417138"
  },
  {
    "ID Number": "14405741"
  },
  {
    "ID Number": "14401134"
  },
  {
    "ID Number": "14406870"
  },
  {
    "ID Number": "14418606"
  },
  {
    "ID Number": "14406136"
  },
  {
    "ID Number": "14417502"
  },
  {
    "ID Number": "14417510"
  },
  {
    "ID Number": "14405482"
  },
  {
    "ID Number": "14400472"
  },
  {
    "ID Number": "14407779"
  },
  {
    "ID Number": "14409429"
  },
  {
    "ID Number": "14400936"
  },
  {
    "ID Number": "14419475"
  },
  {
    "ID Number": "14405270"
  },
  {
    "ID Number": "14403919"
  },
  {
    "ID Number": "14407213"
  },
  {
    "ID Number": "14413612"
  },
  {
    "ID Number": "14413604"
  },
  {
    "ID Number": "14435314"
  },
  {
    "ID Number": "14434784"
  },
  {
    "ID Number": "14401118"
  },
  {
    "ID Number": "14405130"
  },
  {
    "ID Number": "14409801"
  },
  {
    "ID Number": "927252"
  },
  {
    "ID Number": "14436582"
  },
  {
    "ID Number": "14400294"
  },
  {
    "ID Number": "14402700"
  },
  {
    "ID Number": "14403579"
  },
  {
    "ID Number": "14400782"
  },
  {
    "ID Number": "14417146"
  },
  {
    "ID Number": "14412519"
  },
  {
    "ID Number": "14405164"
  },
  {
    "ID Number": "14400316"
  },
  {
    "ID Number": "14407230"
  },
  {
    "ID Number": "14505207"
  },
  {
    "ID Number": "14409089"
  },
  {
    "ID Number": "932000"
  },
  {
    "ID Number": "14404680"
  },
  {
    "ID Number": "14414791"
  },
  {
    "ID Number": "14436540"
  },
  {
    "ID Number": "14400839"
  },
  {
    "ID Number": "14402734"
  },
  {
    "ID Number": "14400235"
  },
  {
    "ID Number": "14407108"
  },
  {
    "ID Number": "14425475"
  },
  {
    "ID Number": "14415828"
  },
  {
    "ID Number": "14402262"
  },
  {
    "ID Number": "14413930"
  },
  {
    "ID Number": "14400464"
  },
  {
    "ID Number": "14433125"
  },
  {
    "ID Number": "14401495"
  },
  {
    "ID Number": "14404370"
  },
  {
    "ID Number": "14414813"
  },
  {
    "ID Number": "14409674"
  },
  {
    "ID Number": "14436370"
  },
  {
    "ID Number": "14442175"
  },
  {
    "ID Number": "14401991"
  },
  {
    "ID Number": "14409658"
  },
  {
    "ID Number": "14418720"
  },
  {
    "ID Number": "14400863"
  },
  {
    "ID Number": "14402106"
  },
  {
    "ID Number": "14401193"
  },
  {
    "ID Number": "14404001"
  },
  {
    "ID Number": "14405172"
  },
  {
    "ID Number": "14411180"
  },
  {
    "ID Number": "14401380"
  },
  {
    "ID Number": "14400790"
  },
  {
    "ID Number": "14408007"
  },
  {
    "ID Number": "14406470"
  },
  {
    "ID Number": "14419165"
  },
  {
    "ID Number": "14423456"
  },
  {
    "ID Number": "14400324"
  },
  {
    "ID Number": "14400219"
  },
  {
    "ID Number": "14407701"
  },
  {
    "ID Number": "14413450"
  },
  {
    "ID Number": "14439590"
  },
  {
    "ID Number": "14400910"
  },
  {
    "ID Number": "14403250"
  },
  {
    "ID Number": "14421038"
  },
  {
    "ID Number": "14417170"
  },
  {
    "ID Number": "14403935"
  },
  {
    "ID Number": "14425335"
  },
  {
    "ID Number": "319104993"
  },
  {
    "ID Number": "14406152"
  },
  {
    "ID Number": "14422778"
  },
  {
    "ID Number": "14419319"
  },
  {
    "ID Number": "14412071"
  },
  {
    "ID Number": "14417499"
  },
  {
    "ID Number": "14413469"
  },
  {
    "ID Number": "14403366"
  },
  {
    "ID Number": "14403293"
  },
  {
    "ID Number": "14403510"
  },
  {
    "ID Number": "14418614"
  },
  {
    "ID Number": "14421895"
  },
  {
    "ID Number": "14425343"
  },
  {
    "ID Number": "14411628"
  },
  {
    "ID Number": "14407710"
  },
  {
    "ID Number": "14402483"
  },
  {
    "ID Number": "14400634"
  },
  {
    "ID Number": "14403528"
  },
  {
    "ID Number": "14402408"
  },
  {
    "ID Number": "14411636"
  },
  {
    "ID Number": "14411644"
  },
  {
    "ID Number": "14411652"
  },
  {
    "ID Number": "14402440"
  },
  {
    "ID Number": "14404834"
  },
  {
    "ID Number": "14430371"
  },
  {
    "ID Number": "14401800"
  },
  {
    "ID Number": "14429926"
  },
  {
    "ID Number": "14431947"
  },
  {
    "ID Number": "14405180"
  },
  {
    "ID Number": "14403153"
  },
  {
    "ID Number": "14415860"
  },
  {
    "ID Number": "14407299"
  },
  {
    "ID Number": "14420937"
  },
  {
    "ID Number": "14410710"
  },
  {
    "ID Number": "14409313"
  },
  {
    "ID Number": "14425297"
  },
  {
    "ID Number": "14422999"
  },
  {
    "ID Number": "14403609"
  },
  {
    "ID Number": "14407957"
  },
  {
    "ID Number": "14400022"
  },
  {
    "ID Number": "14400090"
  },
  {
    "ID Number": "14436760"
  },
  {
    "ID Number": "14403994"
  },
  {
    "ID Number": "14409437"
  },
  {
    "ID Number": "14400979"
  },
  {
    "ID Number": "14422794"
  },
  {
    "ID Number": "14401622"
  },
  {
    "ID Number": "14401878"
  },
  {
    "ID Number": "14408031"
  },
  {
    "ID Number": "14404656"
  },
  {
    "ID Number": "14408996"
  },
  {
    "ID Number": "14415410"
  },
  {
    "ID Number": "920274"
  },
  {
    "ID Number": "14400081"
  },
  {
    "ID Number": "14414244"
  },
  {
    "ID Number": "931616"
  },
  {
    "ID Number": "935417"
  },
  {
    "ID Number": "14402785"
  },
  {
    "ID Number": "14400260"
  },
  {
    "ID Number": "14405857"
  },
  {
    "ID Number": "14405865"
  },
  {
    "ID Number": "14400693"
  },
  {
    "ID Number": "14405296"
  },
  {
    "ID Number": "14427133"
  },
  {
    "ID Number": "14402599"
  },
  {
    "ID Number": "14421151"
  },
  {
    "ID Number": "14407787"
  },
  {
    "ID Number": "14436590"
  },
  {
    "ID Number": "14413213"
  },
  {
    "ID Number": "14402122"
  },
  {
    "ID Number": "14420910"
  },
  {
    "ID Number": "14400405"
  },
  {
    "ID Number": "14412012"
  },
  {
    "ID Number": "14412128"
  },
  {
    "ID Number": "14408660"
  },
  {
    "ID Number": "929646"
  },
  {
    "ID Number": "14415739"
  },
  {
    "ID Number": "14417855"
  },
  {
    "ID Number": "14413477"
  },
  {
    "ID Number": "14407124"
  },
  {
    "ID Number": "14420392"
  },
  {
    "ID Number": "14418126"
  },
  {
    "ID Number": "14406969"
  },
  {
    "ID Number": "14402548"
  },
  {
    "ID Number": "14419939"
  },
  {
    "ID Number": "14401932"
  },
  {
    "ID Number": "14417200"
  },
  {
    "ID Number": "14411539"
  },
  {
    "ID Number": "14402220"
  },
  {
    "ID Number": "14410958"
  },
  {
    "ID Number": "14401703"
  },
  {
    "ID Number": "14406551"
  },
  {
    "ID Number": "14400103"
  },
  {
    "ID Number": "916072"
  },
  {
    "ID Number": "9204096"
  },
  {
    "ID Number": "14400570"
  },
  {
    "ID Number": "14401894"
  },
  {
    "ID Number": "14403897"
  },
  {
    "ID Number": "14407329"
  },
  {
    "ID Number": "14410869"
  },
  {
    "ID Number": "14404729"
  },
  {
    "ID Number": "14436442"
  },
  {
    "ID Number": "14412403"
  },
  {
    "ID Number": "14404893"
  },
  {
    "ID Number": "14415763"
  },
  {
    "ID Number": "14400529"
  },
  {
    "ID Number": "14413825"
  },
  {
    "ID Number": "14427320"
  },
  {
    "ID Number": "14423553"
  },
  {
    "ID Number": "14409615"
  },
  {
    "ID Number": "14408546"
  },
  {
    "ID Number": "933643"
  },
  {
    "ID Number": "14424452"
  },
  {
    "ID Number": "14405300"
  },
  {
    "ID Number": "14436256"
  },
  {
    "ID Number": "14400120"
  },
  {
    "ID Number": "14407795"
  },
  {
    "ID Number": "14409640"
  },
  {
    "ID Number": "14406993"
  },
  {
    "ID Number": "14413051"
  },
  {
    "ID Number": "14403072"
  },
  {
    "ID Number": "14403536"
  },
  {
    "ID Number": "14410729"
  },
  {
    "ID Number": "14404516"
  },
  {
    "ID Number": "14431459"
  },
  {
    "ID Number": "923869"
  },
  {
    "ID Number": "14404907"
  },
  {
    "ID Number": "14424169"
  },
  {
    "ID Number": "14418436"
  },
  {
    "ID Number": "14400227"
  },
  {
    "ID Number": "14422883"
  },
  {
    "ID Number": "14419327"
  },
  {
    "ID Number": "14404028"
  },
  {
    "ID Number": "14413310"
  },
  {
    "ID Number": "14403544"
  },
  {
    "ID Number": "14400855"
  },
  {
    "ID Number": "14409151"
  },
  {
    "ID Number": "14405792"
  },
  {
    "ID Number": "902268"
  },
  {
    "ID Number": "14426463"
  },
  {
    "ID Number": "14430177"
  },
  {
    "ID Number": "14430185"
  },
  {
    "ID Number": "14414295"
  },
  {
    "ID Number": "14409550"
  },
  {
    "ID Number": "14400430"
  },
  {
    "ID Number": "14415097"
  },
  {
    "ID Number": "14422166"
  },
  {
    "ID Number": "14401916"
  },
  {
    "ID Number": "14403625"
  },
  {
    "ID Number": "14423278"
  },
  {
    "ID Number": "14423286"
  },
  {
    "ID Number": "14407337"
  },
  {
    "ID Number": "14403552"
  },
  {
    "ID Number": "14413680"
  },
  {
    "ID Number": "14418363"
  },
  {
    "ID Number": "14410800"
  },
  {
    "ID Number": "14405920"
  },
  {
    "ID Number": "14407345"
  },
  {
    "ID Number": "14403188"
  },
  {
    "ID Number": "14428377"
  },
  {
    "ID Number": "14410206"
  },
  {
    "ID Number": "14424908"
  },
  {
    "ID Number": "14406683"
  },
  {
    "ID Number": "14431858"
  },
  {
    "ID Number": "14409348"
  },
  {
    "ID Number": "14402475"
  },
  {
    "ID Number": "14413191"
  },
  {
    "ID Number": "14404613"
  },
  {
    "ID Number": "14412802"
  },
  {
    "ID Number": "14401746"
  },
  {
    "ID Number": "14409445"
  },
  {
    "ID Number": "14402025"
  },
  {
    "ID Number": "14406624"
  },
  {
    "ID Number": "14422298"
  },
  {
    "ID Number": "14406730"
  },
  {
    "ID Number": "14401207"
  },
  {
    "ID Number": "14402556"
  },
  {
    "ID Number": "14400138"
  },
  {
    "ID Number": "14401517"
  },
  {
    "ID Number": "14403633"
  },
  {
    "ID Number": "14409003"
  },
  {
    "ID Number": "14403455"
  },
  {
    "ID Number": "14403641"
  },
  {
    "ID Number": "14402300"
  },
  {
    "ID Number": "14400383"
  },
  {
    "ID Number": "14427338"
  },
  {
    "ID Number": "14415780"
  },
  {
    "ID Number": "14401789"
  },
  {
    "ID Number": "14406004"
  },
  {
    "ID Number": "14404737"
  },
  {
    "ID Number": "14407353"
  },
  {
    "ID Number": "14407809"
  },
  {
    "ID Number": "14406780"
  },
  {
    "ID Number": "14404923"
  },
  {
    "ID Number": "14432234"
  },
  {
    "ID Number": "14404842"
  },
  {
    "ID Number": "14432366"
  },
  {
    "ID Number": "14406020"
  },
  {
    "ID Number": "14401320"
  },
  {
    "ID Number": "14405520"
  },
  {
    "ID Number": "14404273"
  },
  {
    "ID Number": "14403315"
  },
  {
    "ID Number": "14401576"
  },
  {
    "ID Number": "14407965"
  },
  {
    "ID Number": "14405342"
  },
  {
    "ID Number": "14404281"
  },
  {
    "ID Number": "14404036"
  },
  {
    "ID Number": "14401223"
  },
  {
    "ID Number": "14418258"
  },
  {
    "ID Number": "14423316"
  },
  {
    "ID Number": "14403951"
  },
  {
    "ID Number": "14428865"
  },
  {
    "ID Number": "14401711"
  },
  {
    "ID Number": "14405539"
  },
  {
    "ID Number": "14401231"
  },
  {
    "ID Number": "14405768"
  },
  {
    "ID Number": "14403900"
  },
  {
    "ID Number": "14431572"
  },
  {
    "ID Number": "14428202"
  },
  {
    "ID Number": "14422352"
  },
  {
    "ID Number": "14411687"
  },
  {
    "ID Number": "14409518"
  },
  {
    "ID Number": "14427168"
  },
  {
    "ID Number": "14419920"
  },
  {
    "ID Number": "14405962"
  },
  {
    "ID Number": "14415488"
  },
  {
    "ID Number": "14423626"
  },
  {
    "ID Number": "14428156"
  },
  {
    "ID Number": "14407817"
  },
  {
    "ID Number": "14413620"
  },
  {
    "ID Number": "14406195"
  },
  {
    "ID Number": "14402041"
  },
  {
    "ID Number": "14413442"
  },
  {
    "ID Number": "14429098"
  },
  {
    "ID Number": "14411695"
  },
  {
    "ID Number": "14421046"
  },
  {
    "ID Number": "14429721"
  },
  {
    "ID Number": "14417880"
  },
  {
    "ID Number": "14416255"
  },
  {
    "ID Number": "14406799"
  },
  {
    "ID Number": "14428784"
  },
  {
    "ID Number": "14412020"
  },
  {
    "ID Number": "14406632"
  },
  {
    "ID Number": "14410214"
  },
  {
    "ID Number": "14404044"
  },
  {
    "ID Number": "14420090"
  },
  {
    "ID Number": "14409020"
  },
  {
    "ID Number": "14403226"
  },
  {
    "ID Number": "14431580"
  },
  {
    "ID Number": "14402050"
  },
  {
    "ID Number": "14406802"
  },
  {
    "ID Number": "14417898"
  },
  {
    "ID Number": "14404850"
  },
  {
    "ID Number": "14430878"
  },
  {
    "ID Number": "14405644"
  },
  {
    "ID Number": "14404770"
  },
  {
    "ID Number": "14403331"
  },
  {
    "ID Number": "934348"
  },
  {
    "ID Number": "14410222"
  },
  {
    "ID Number": "14407833"
  },
  {
    "ID Number": "14404303"
  },
  {
    "ID Number": "14405970"
  },
  {
    "ID Number": "14410494"
  },
  {
    "ID Number": "14438895"
  },
  {
    "ID Number": "14425882"
  },
  {
    "ID Number": "922633"
  },
  {
    "ID Number": "14403340"
  },
  {
    "ID Number": "14425890"
  },
  {
    "ID Number": "14422530"
  },
  {
    "ID Number": "14412845"
  },
  {
    "ID Number": "14427966"
  },
  {
    "ID Number": "14402572"
  },
  {
    "ID Number": "14403650"
  },
  {
    "ID Number": "14407035"
  },
  {
    "ID Number": "14401266"
  },
  {
    "ID Number": "14405067"
  },
  {
    "ID Number": "14403668"
  },
  {
    "ID Number": "14423634"
  },
  {
    "ID Number": "14411229"
  },
  {
    "ID Number": "14434806"
  },
  {
    "ID Number": "14400677"
  },
  {
    "ID Number": "14426285"
  },
  {
    "ID Number": "916080"
  },
  {
    "ID Number": "14400847"
  },
  {
    "ID Number": "14405199"
  },
  {
    "ID Number": "14415704"
  },
  {
    "ID Number": "14402068"
  },
  {
    "ID Number": "14409453"
  },
  {
    "ID Number": "14425696"
  },
  {
    "ID Number": "14424711"
  },
  {
    "ID Number": "14409356"
  },
  {
    "ID Number": "14403129"
  },
  {
    "ID Number": "14403080"
  },
  {
    "ID Number": "14419041"
  },
  {
    "ID Number": "14406489"
  },
  {
    "ID Number": "14418304"
  },
  {
    "ID Number": "14403790"
  },
  {
    "ID Number": "14432552"
  },
  {
    "ID Number": "14428016"
  },
  {
    "ID Number": "14402165"
  },
  {
    "ID Number": "14400600"
  },
  {
    "ID Number": "14402653"
  },
  {
    "ID Number": "14413086"
  },
  {
    "ID Number": "14423561"
  },
  {
    "ID Number": "14406411"
  },
  {
    "ID Number": "14437767"
  },
  {
    "ID Number": "14412918"
  },
  {
    "ID Number": "14406918"
  },
  {
    "ID Number": "14411504"
  },
  {
    "ID Number": "14427001"
  },
  {
    "ID Number": "14402530"
  },
  {
    "ID Number": "14412721"
  },
  {
    "ID Number": "915319"
  },
  {
    "ID Number": "14414031"
  },
  {
    "ID Number": "14402297"
  },
  {
    "ID Number": "14431351"
  },
  {
    "ID Number": "14408040"
  },
  {
    "ID Number": "14410311"
  },
  {
    "ID Number": "14423340"
  },
  {
    "ID Number": "14406560"
  },
  {
    "ID Number": "14408058"
  },
  {
    "ID Number": "14401444"
  },
  {
    "ID Number": "14405776"
  },
  {
    "ID Number": "14404931"
  },
  {
    "ID Number": "14425033"
  },
  {
    "ID Number": "14409224"
  },
  {
    "ID Number": "14400812"
  },
  {
    "ID Number": "14400154"
  },
  {
    "ID Number": "14415062"
  },
  {
    "ID Number": "14418770"
  },
  {
    "ID Number": "14400545"
  },
  {
    "ID Number": "14404060"
  },
  {
    "ID Number": "14405873"
  },
  {
    "ID Number": "14428407"
  },
  {
    "ID Number": "14411717"
  },
  {
    "ID Number": "14409836"
  },
  {
    "ID Number": "14401673"
  },
  {
    "ID Number": "14404079"
  },
  {
    "ID Number": "14412780"
  },
  {
    "ID Number": "14424010"
  },
  {
    "ID Number": "14409844"
  },
  {
    "ID Number": "14401851"
  },
  {
    "ID Number": "14427303"
  },
  {
    "ID Number": "14409984"
  },
  {
    "ID Number": "14409283"
  },
  {
    "ID Number": "14411725"
  },
  {
    "ID Number": "14401126"
  },
  {
    "ID Number": "14422123"
  },
  {
    "ID Number": "14401274"
  },
  {
    "ID Number": "14422115"
  },
  {
    "ID Number": "14405652"
  },
  {
    "ID Number": "14401452"
  },
  {
    "ID Number": "14418630"
  },
  {
    "ID Number": "14406829"
  },
  {
    "ID Number": "14409232"
  },
  {
    "ID Number": "14403013"
  },
  {
    "ID Number": "926019"
  },
  {
    "ID Number": "14407850"
  },
  {
    "ID Number": "14424924"
  },
  {
    "ID Number": "14439883"
  },
  {
    "ID Number": "14440695"
  },
  {
    "ID Number": "14408228"
  },
  {
    "ID Number": "14400340"
  },
  {
    "ID Number": "14411024"
  },
  {
    "ID Number": "14427079"
  },
  {
    "ID Number": "14400952"
  },
  {
    "ID Number": "14407132"
  },
  {
    "ID Number": "14404230"
  },
  {
    "ID Number": "14402980"
  },
  {
    "ID Number": "14402076"
  },
  {
    "ID Number": "14401312"
  },
  {
    "ID Number": "14408570"
  },
  {
    "ID Number": "14402343"
  },
  {
    "ID Number": "14402360"
  },
  {
    "ID Number": "14428210"
  },
  {
    "ID Number": "14428229"
  },
  {
    "ID Number": "14401347"
  },
  {
    "ID Number": "14414368"
  },
  {
    "ID Number": "14402084"
  },
  {
    "ID Number": "14423081"
  },
  {
    "ID Number": "14411890"
  },
  {
    "ID Number": "14430703"
  },
  {
    "ID Number": "14419335"
  },
  {
    "ID Number": "14407744"
  },
  {
    "ID Number": "14401525"
  },
  {
    "ID Number": "14410524"
  },
  {
    "ID Number": "14410532"
  },
  {
    "ID Number": "14415607"
  },
  {
    "ID Number": "14418568"
  },
  {
    "ID Number": "14428237"
  },
  {
    "ID Number": "14417936"
  },
  {
    "ID Number": "14442493"
  },
  {
    "ID Number": "14429195"
  },
  {
    "ID Number": "14427478"
  },
  {
    "ID Number": "14401541"
  },
  {
    "ID Number": "14410230"
  },
  {
    "ID Number": "14400162"
  },
  {
    "ID Number": "14401010"
  },
  {
    "ID Number": "14414414"
  },
  {
    "ID Number": "14414856"
  },
  {
    "ID Number": "14437031"
  },
  {
    "ID Number": "14407370"
  },
  {
    "ID Number": "14400111"
  },
  {
    "ID Number": "14434814"
  },
  {
    "ID Number": "14434822"
  },
  {
    "ID Number": "14402327"
  },
  {
    "ID Number": "14409585"
  },
  {
    "ID Number": "14428890"
  },
  {
    "ID Number": "14517990"
  },
  {
    "ID Number": "14412039"
  },
  {
    "ID Number": "14435012"
  },
  {
    "ID Number": "905321"
  },
  {
    "ID Number": "14405237"
  },
  {
    "ID Number": "14404095"
  },
  {
    "ID Number": "14400243"
  },
  {
    "ID Number": "14404176"
  },
  {
    "ID Number": "14412586"
  },
  {
    "ID Number": "14407892"
  },
  {
    "ID Number": "14431378"
  },
  {
    "ID Number": "14407981"
  },
  {
    "ID Number": "14412594"
  },
  {
    "ID Number": "14416999"
  },
  {
    "ID Number": "922684"
  },
  {
    "ID Number": "14416328"
  },
  {
    "ID Number": "14405938"
  },
  {
    "ID Number": "14405946"
  },
  {
    "ID Number": "14404966"
  },
  {
    "ID Number": "14403323"
  },
  {
    "ID Number": "14423367"
  },
  {
    "ID Number": "14417685"
  },
  {
    "ID Number": "14409631"
  },
  {
    "ID Number": "904872"
  },
  {
    "ID Number": "14409178"
  },
  {
    "ID Number": "14403986"
  },
  {
    "ID Number": "14401720"
  },
  {
    "ID Number": "14419602"
  },
  {
    "ID Number": "14416182"
  },
  {
    "ID Number": "14421569"
  },
  {
    "ID Number": "14409593"
  },
  {
    "ID Number": "14442060"
  },
  {
    "ID Number": "14402491"
  },
  {
    "ID Number": "14441772"
  },
  {
    "ID Number": "14410540"
  },
  {
    "ID Number": "14420104"
  },
  {
    "ID Number": "14412055"
  },
  {
    "ID Number": "913979"
  },
  {
    "ID Number": "14407418"
  },
  {
    "ID Number": "14412250"
  },
  {
    "ID Number": "14410117"
  },
  {
    "ID Number": "14413531"
  },
  {
    "ID Number": "14401550"
  },
  {
    "ID Number": "14402416"
  },
  {
    "ID Number": "14406322"
  },
  {
    "ID Number": "14412080"
  },
  {
    "ID Number": "14414880"
  },
  {
    "ID Number": "14422557"
  },
  {
    "ID Number": "14408120"
  },
  {
    "ID Number": "14419254"
  },
  {
    "ID Number": "14408902"
  },
  {
    "ID Number": "14424738"
  },
  {
    "ID Number": "14411938"
  },
  {
    "ID Number": "14423308"
  },
  {
    "ID Number": "14423294"
  },
  {
    "ID Number": "14404869"
  },
  {
    "ID Number": "14423022"
  },
  {
    "ID Number": "14418215"
  },
  {
    "ID Number": "14430290"
  },
  {
    "ID Number": "14419203"
  },
  {
    "ID Number": "14408066"
  },
  {
    "ID Number": "14407426"
  },
  {
    "ID Number": "14401835"
  },
  {
    "ID Number": "14409186"
  },
  {
    "ID Number": "14407043"
  },
  {
    "ID Number": "14407434"
  },
  {
    "ID Number": "14412268"
  },
  {
    "ID Number": "14407442"
  },
  {
    "ID Number": "14406179"
  },
  {
    "ID Number": "14402661"
  },
  {
    "ID Number": "14403820"
  },
  {
    "ID Number": "14416425"
  },
  {
    "ID Number": "14415151"
  },
  {
    "ID Number": "14403692"
  },
  {
    "ID Number": "14414473"
  },
  {
    "ID Number": "14407140"
  },
  {
    "ID Number": "14402190"
  },
  {
    "ID Number": "14406314"
  },
  {
    "ID Number": "14402874"
  },
  {
    "ID Number": "14409992"
  },
  {
    "ID Number": "907723"
  },
  {
    "ID Number": "14415631"
  },
  {
    "ID Number": "14409461"
  },
  {
    "ID Number": "14407450"
  },
  {
    "ID Number": "14407477"
  },
  {
    "ID Number": "14400197"
  },
  {
    "ID Number": "14406896"
  },
  {
    "ID Number": "14415267"
  },
  {
    "ID Number": "14404702"
  },
  {
    "ID Number": "14420031"
  },
  {
    "ID Number": "14405245"
  },
  {
    "ID Number": "14413493"
  },
  {
    "ID Number": "14401037"
  },
  {
    "ID Number": "14404206"
  },
  {
    "ID Number": "14401185"
  },
  {
    "ID Number": "14426412"
  },
  {
    "ID Number": "14411105"
  },
  {
    "ID Number": "14415801"
  },
  {
    "ID Number": "14404320"
  },
  {
    "ID Number": "14411512"
  },
  {
    "ID Number": "14406381"
  },
  {
    "ID Number": "908045"
  },
  {
    "ID Number": "14400928"
  },
  {
    "ID Number": "14412900"
  },
  {
    "ID Number": "14436060"
  },
  {
    "ID Number": "14418819"
  },
  {
    "ID Number": "904228"
  },
  {
    "ID Number": "14402645"
  },
  {
    "ID Number": "14545080"
  },
  {
    "ID Number": "14435152"
  },
  {
    "ID Number": "14407485"
  },
  {
    "ID Number": "14400332"
  },
  {
    "ID Number": "934160"
  },
  {
    "ID Number": "14414201"
  },
  {
    "ID Number": "14404648"
  },
  {
    "ID Number": "14428610"
  },
  {
    "ID Number": "14402211"
  },
  {
    "ID Number": "14411326"
  },
  {
    "ID Number": "14409895"
  },
  {
    "ID Number": "14405709"
  },
  {
    "ID Number": "14404451"
  },
  {
    "ID Number": "14407159"
  },
  {
    "ID Number": "14410583"
  },
  {
    "ID Number": "14401819"
  },
  {
    "ID Number": "14413817"
  },
  {
    "ID Number": "14402793"
  },
  {
    "ID Number": "14423979"
  },
  {
    "ID Number": "14405954"
  },
  {
    "ID Number": "14404460"
  },
  {
    "ID Number": "14425912"
  },
  {
    "ID Number": "14425920"
  },
  {
    "ID Number": "14402866"
  },
  {
    "ID Number": "14412837"
  },
  {
    "ID Number": "14413302"
  },
  {
    "ID Number": "14400073"
  },
  {
    "ID Number": "14407493"
  },
  {
    "ID Number": "14402939"
  },
  {
    "ID Number": "14401460"
  },
  {
    "ID Number": "14401398"
  },
  {
    "ID Number": "14407515"
  },
  {
    "ID Number": "921130"
  },
  {
    "ID Number": "14431220"
  },
  {
    "ID Number": "14415240"
  },
  {
    "ID Number": "14408414"
  },
  {
    "ID Number": "14418843"
  },
  {
    "ID Number": "14404214"
  },
  {
    "ID Number": "14402114"
  },
  {
    "ID Number": "14440857"
  },
  {
    "ID Number": "14401584"
  },
  {
    "ID Number": "14402947"
  },
  {
    "ID Number": "14604434"
  },
  {
    "ID Number": "14408139"
  },
  {
    "ID Number": "14419505"
  },
  {
    "ID Number": "14404338"
  },
  {
    "ID Number": "14412098"
  },
  {
    "ID Number": "14433290"
  },
  {
    "ID Number": "14406527"
  },
  {
    "ID Number": "14441055"
  },
  {
    "ID Number": "14422220"
  },
  {
    "ID Number": "14405555"
  },
  {
    "ID Number": "14412047"
  },
  {
    "ID Number": "14401100"
  },
  {
    "ID Number": "14419726"
  },
  {
    "ID Number": "14401649"
  },
  {
    "ID Number": "14406276"
  },
  {
    "ID Number": "14405369"
  },
  {
    "ID Number": "14421160"
  },
  {
    "ID Number": "14401169"
  },
  {
    "ID Number": "14401363"
  },
  {
    "ID Number": "14428911"
  },
  {
    "ID Number": "14406438"
  },
  {
    "ID Number": "14421518"
  },
  {
    "ID Number": "14423812"
  },
  {
    "ID Number": "14401657"
  },
  {
    "ID Number": "14413760"
  },
  {
    "ID Number": "14401665"
  },
  {
    "ID Number": "14412101"
  },
  {
    "ID Number": "14401681"
  },
  {
    "ID Number": "14412063"
  },
  {
    "ID Number": "14404117"
  },
  {
    "ID Number": "901512"
  },
  {
    "ID Number": "14429950"
  },
  {
    "ID Number": "14422964"
  },
  {
    "ID Number": "14428334"
  },
  {
    "ID Number": "14403200"
  },
  {
    "ID Number": "2606160"
  },
  {
    "ID Number": "14412896"
  },
  {
    "ID Number": "14400065"
  },
  {
    "ID Number": "14400014"
  },
  {
    "ID Number": "14403242"
  },
  {
    "ID Number": "14408716"
  },
  {
    "ID Number": "14408724"
  },
  {
    "ID Number": "14425289"
  },
  {
    "ID Number": "14406659"
  },
  {
    "ID Number": "14404125"
  },
  {
    "ID Number": "14409291"
  },
  {
    "ID Number": "14409038"
  },
  {
    "ID Number": "14410249"
  },
  {
    "ID Number": "14412276"
  },
  {
    "ID Number": "14402130"
  },
  {
    "ID Number": "14419220"
  },
  {
    "ID Number": "14400561"
  },
  {
    "ID Number": "14437929"
  },
  {
    "ID Number": "14402149"
  },
  {
    "ID Number": "14413507"
  },
  {
    "ID Number": "14420929"
  },
  {
    "ID Number": "14418860"
  },
  {
    "ID Number": "14413337"
  },
  {
    "ID Number": "14403099"
  },
  {
    "ID Number": "14404974"
  },
  {
    "ID Number": "14432250"
  },
  {
    "ID Number": "14401797"
  },
  {
    "ID Number": "14413140"
  },
  {
    "ID Number": "14403714"
  },
  {
    "ID Number": "14402459"
  },
  {
    "ID Number": "14401886"
  },
  {
    "ID Number": "14406578"
  },
  {
    "ID Number": "14407906"
  },
  {
    "ID Number": "14429900"
  },
  {
    "ID Number": "14429462"
  },
  {
    "ID Number": "14404982"
  },
  {
    "ID Number": "14404486"
  },
  {
    "ID Number": "14422972"
  },
  {
    "ID Number": "14422930"
  },
  {
    "ID Number": "14407531"
  },
  {
    "ID Number": "14425521"
  },
  {
    "ID Number": "14422956"
  },
  {
    "ID Number": "14401908"
  },
  {
    "ID Number": "14401045"
  },
  {
    "ID Number": "14413078"
  },
  {
    "ID Number": "14430053"
  },
  {
    "ID Number": "14400278"
  },
  {
    "ID Number": "14404540"
  },
  {
    "ID Number": "14414848"
  },
  {
    "ID Number": "14416662"
  },
  {
    "ID Number": "14411741"
  },
  {
    "ID Number": "14405121"
  },
  {
    "ID Number": "14405075"
  },
  {
    "ID Number": "14431645"
  },
  {
    "ID Number": "14402807"
  },
  {
    "ID Number": "14422450"
  },
  {
    "ID Number": "14406446"
  },
  {
    "ID Number": "14402467"
  },
  {
    "ID Number": "14403269"
  },
  {
    "ID Number": "14400413"
  },
  {
    "ID Number": "14402718"
  },
  {
    "ID Number": "14411750"
  },
  {
    "ID Number": "14405571"
  },
  {
    "ID Number": "14402955"
  },
  {
    "ID Number": "14419343"
  },
  {
    "ID Number": "14425947"
  },
  {
    "ID Number": "14429624"
  },
  {
    "ID Number": "14406497"
  },
  {
    "ID Number": "14415186"
  },
  {
    "ID Number": "14409267"
  },
  {
    "ID Number": "14411555"
  },
  {
    "ID Number": "14421585"
  },
  {
    "ID Number": "14412888"
  },
  {
    "ID Number": "9217902"
  },
  {
    "ID Number": "935930"
  },
  {
    "ID Number": "14411334"
  },
  {
    "ID Number": "14414511"
  },
  {
    "ID Number": "14405717"
  },
  {
    "ID Number": "14418460"
  },
  {
    "ID Number": "14405008"
  },
  {
    "ID Number": "14401479"
  },
  {
    "ID Number": "14416441"
  },
  {
    "ID Number": "14410257"
  },
  {
    "ID Number": "14408287"
  },
  {
    "ID Number": "924750"
  },
  {
    "ID Number": "14400510"
  },
  {
    "ID Number": "14404400"
  },
  {
    "ID Number": "14550202"
  },
  {
    "ID Number": "14401304"
  },
  {
    "ID Number": "930075"
  },
  {
    "ID Number": "14432285"
  },
  {
    "ID Number": "14405016"
  },
  {
    "ID Number": "14402882"
  },
  {
    "ID Number": "14402696"
  },
  {
    "ID Number": "14404664"
  },
  {
    "ID Number": "14410184"
  },
  {
    "ID Number": "14403030"
  },
  {
    "ID Number": "14405024"
  },
  {
    "ID Number": "14402319"
  },
  {
    "ID Number": "14410095"
  },
  {
    "ID Number": "909017"
  },
  {
    "ID Number": "14411970"
  },
  {
    "ID Number": "14410265"
  },
  {
    "ID Number": "14440814"
  },
  {
    "ID Number": "14413035"
  },
  {
    "ID Number": "14415690"
  },
  {
    "ID Number": "924164"
  },
  {
    "ID Number": "930849"
  },
  {
    "ID Number": "14412969"
  },
  {
    "ID Number": "14419114"
  },
  {
    "ID Number": "14407914"
  },
  {
    "ID Number": "905445"
  },
  {
    "ID Number": "14409739"
  },
  {
    "ID Number": "14414520"
  },
  {
    "ID Number": "14437783"
  },
  {
    "ID Number": "14411369"
  },
  {
    "ID Number": "14401770"
  },
  {
    "ID Number": "14406454"
  },
  {
    "ID Number": "921157"
  },
  {
    "ID Number": "14441870"
  },
  {
    "ID Number": "14402335"
  },
  {
    "ID Number": "14417731"
  },
  {
    "ID Number": "14405440"
  },
  {
    "ID Number": "14419351"
  },
  {
    "ID Number": "14424886"
  },
  {
    "ID Number": "14407574"
  },
  {
    "ID Number": "14411377"
  },
  {
    "ID Number": "14413639"
  },
  {
    "ID Number": "14403056"
  },
  {
    "ID Number": "14402432"
  },
  {
    "ID Number": "14407922"
  },
  {
    "ID Number": "14416204"
  },
  {
    "ID Number": "14413264"
  },
  {
    "ID Number": "14411393"
  },
  {
    "ID Number": "14408015"
  },
  {
    "ID Number": "14400286"
  },
  {
    "ID Number": "14405032"
  },
  {
    "ID Number": "14407728"
  },
  {
    "ID Number": "14419513"
  },
  {
    "ID Number": "14416310"
  },
  {
    "ID Number": "14423359"
  },
  {
    "ID Number": "14400766"
  },
  {
    "ID Number": "14404524"
  },
  {
    "ID Number": "14413175"
  },
  {
    "ID Number": "14400251"
  },
  {
    "ID Number": "14401983"
  },
  {
    "ID Number": "14400448"
  },
  {
    "ID Number": "14402602"
  },
  {
    "ID Number": "14421224"
  },
  {
    "ID Number": "14402289"
  },
  {
    "ID Number": "922927"
  },
  {
    "ID Number": "14401410"
  },
  {
    "ID Number": "14433176"
  },
  {
    "ID Number": "14406667"
  },
  {
    "ID Number": "14411067"
  },
  {
    "ID Number": "14428946"
  },
  {
    "ID Number": "14408074"
  },
  {
    "ID Number": "14411776"
  },
  {
    "ID Number": "14403838"
  },
  {
    "ID Number": "14402173"
  },
  {
    "ID Number": "14431416"
  },
  {
    "ID Number": "14413523"
  },
  {
    "ID Number": "14417421"
  },
  {
    "ID Number": "14412870"
  },
  {
    "ID Number": "14412730"
  },
  {
    "ID Number": "14406675"
  },
  {
    "ID Number": "14413566"
  },
  {
    "ID Number": "14406535"
  },
  {
    "ID Number": "14406292"
  },
  {
    "ID Number": "14439719"
  },
  {
    "ID Number": "14403285"
  },
  {
    "ID Number": "14403846"
  },
  {
    "ID Number": "14415810"
  },
  {
    "ID Number": "14422085"
  },
  {
    "ID Number": "14400588"
  },
  {
    "ID Number": "14401959"
  },
  {
    "ID Number": "14408945"
  },
  {
    "ID Number": "14406721"
  },
  {
    "ID Number": "14424436"
  },
  {
    "ID Number": "14401177"
  },
  {
    "ID Number": "14408333"
  },
  {
    "ID Number": "14412624"
  },
  {
    "ID Number": "14437503"
  },
  {
    "ID Number": "14436493"
  },
  {
    "ID Number": "14401290"
  },
  {
    "ID Number": "914932"
  },
  {
    "ID Number": "14415313"
  },
  {
    "ID Number": "14423324"
  },
  {
    "ID Number": "14422581"
  },
  {
    "ID Number": "14400944"
  },
  {
    "ID Number": "14401967"
  },
  {
    "ID Number": "14411520"
  },
  {
    "ID Number": "904317"
  },
  {
    "ID Number": "14407949"
  },
  {
    "ID Number": "14404133"
  },
  {
    "ID Number": "14405989"
  },
  {
    "ID Number": "14416212"
  },
  {
    "ID Number": "14407590"
  },
  {
    "ID Number": "14407604"
  },
  {
    "ID Number": "14402505"
  },
  {
    "ID Number": "14415682"
  },
  {
    "ID Number": "14405458"
  },
  {
    "ID Number": "14422417"
  },
  {
    "ID Number": "14413272"
  },
  {
    "ID Number": "901563"
  },
  {
    "ID Number": "14431424"
  },
  {
    "ID Number": "14408341"
  },
  {
    "ID Number": "14406586"
  },
  {
    "ID Number": "14409372"
  },
  {
    "ID Number": "14405040"
  },
  {
    "ID Number": "14418932"
  },
  {
    "ID Number": "14421062"
  },
  {
    "ID Number": "14410648"
  },
  {
    "ID Number": "14406403"
  },
  {
    "ID Number": "14406900"
  },
  {
    "ID Number": "14413094"
  },
  {
    "ID Number": "14409933"
  },
  {
    "ID Number": "14409070"
  },
  {
    "ID Number": "929328"
  },
  {
    "ID Number": "14401690"
  },
  {
    "ID Number": "14417570"
  },
  {
    "ID Number": "14408953"
  },
  {
    "ID Number": "14401975"
  },
  {
    "ID Number": "14400553"
  },
  {
    "ID Number": "14406861"
  },
  {
    "ID Number": "14419530"
  },
  {
    "ID Number": "14403854"
  },
  {
    "ID Number": "14403862"
  },
  {
    "ID Number": "14419882"
  },
  {
    "ID Number": "14438348"
  },
  {
    "ID Number": "14418940"
  },
  {
    "ID Number": "14418959"
  },
  {
    "ID Number": "14429233"
  },
  {
    "ID Number": "941581"
  },
  {
    "ID Number": "14407639"
  },
  {
    "ID Number": "14439301"
  },
  {
    "ID Number": "14400642"
  },
  {
    "ID Number": "14421100"
  },
  {
    "ID Number": "14426404"
  },
  {
    "ID Number": "14400804"
  },
  {
    "ID Number": "14421070"
  },
  {
    "ID Number": "14402009"
  },
  {
    "ID Number": "14410664"
  },
  {
    "ID Number": "14410737"
  },
  {
    "ID Number": "14406950"
  },
  {
    "ID Number": "14404753"
  },
  {
    "ID Number": "14409275"
  },
  {
    "ID Number": "14400650"
  },
  {
    "ID Number": "14406594"
  },
  {
    "ID Number": "14402351"
  },
  {
    "ID Number": "14418622"
  },
  {
    "ID Number": "14402378"
  },
  {
    "ID Number": "14407647"
  },
  {
    "ID Number": "14403870"
  },
  {
    "ID Number": "934356"
  },
  {
    "ID Number": "14410745"
  },
  {
    "ID Number": "14404630"
  },
  {
    "ID Number": "14435225"
  },
  {
    "ID Number": "14414562"
  },
  {
    "ID Number": "14403889"
  },
  {
    "ID Number": "14409763"
  },
  {
    "ID Number": "14411997"
  },
  {
    "ID Number": "14408740"
  },
  {
    "ID Number": "14412160"
  },
  {
    "ID Number": "14400707"
  },
  {
    "ID Number": "14405253"
  },
  {
    "ID Number": "932027"
  },
  {
    "ID Number": "14403749"
  },
  {
    "ID Number": "14402610"
  },
  {
    "ID Number": "922692"
  },
  {
    "ID Number": "902969"
  },
  {
    "ID Number": "14405083"
  },
  {
    "ID Number": "921190"
  },
  {
    "ID Number": "14402513"
  },
  {
    "ID Number": "14412284"
  },
  {
    "ID Number": "14407655"
  },
  {
    "ID Number": "14412411"
  },
  {
    "ID Number": "14414554"
  },
  {
    "ID Number": "14435187"
  },
  {
    "ID Number": "14401088"
  },
  {
    "ID Number": "14404354"
  },
  {
    "ID Number": "14434873"
  },
  {
    "ID Number": "14435942"
  },
  {
    "ID Number": "14402203"
  },
  {
    "ID Number": "14402424"
  },
  {
    "ID Number": "14400820"
  },
  {
    "ID Number": "14416450"
  },
  {
    "ID Number": "928950"
  },
  {
    "ID Number": "14404532"
  },
  {
    "ID Number": "14401371"
  },
  {
    "ID Number": "912050"
  },
  {
    "ID Number": "14431106"
  },
  {
    "ID Number": "14412861"
  },
  {
    "ID Number": "14419467"
  },
  {
    "ID Number": "14440784"
  },
  {
    "ID Number": "14439727"
  },
  {
    "ID Number": "14415208"
  },
  {
    "ID Number": "14410044"
  },
  {
    "ID Number": "14400359"
  },
  {
    "ID Number": "14400189"
  },
  {
    "ID Number": "14412004"
  },
  {
    "ID Number": "14411784"
  },
  {
    "ID Number": "14412187"
  },
  {
    "ID Number": "14418177"
  },
  {
    "ID Number": "14437791"
  },
  {
    "ID Number": "14401401"
  },
  {
    "ID Number": "919918"
  },
  {
    "ID Number": "14411440"
  },
  {
    "ID Number": "14406330"
  },
  {
    "ID Number": "14412942"
  },
  {
    "ID Number": "14404249"
  },
  {
    "ID Number": "14427281"
  },
  {
    "ID Number": "14409399"
  },
  {
    "ID Number": "14438038"
  },
  {
    "ID Number": "14423049"
  },
  {
    "ID Number": "14400898"
  },
  {
    "ID Number": "14406926"
  },
  {
    "ID Number": "14412667"
  },
  {
    "ID Number": "14428679"
  },
  {
    "ID Number": "921718"
  },
  {
    "ID Number": "14412934"
  },
  {
    "ID Number": "14404591"
  },
  {
    "ID Number": "14404605"
  },
  {
    "ID Number": "14405407"
  },
  {
    "ID Number": "921173"
  },
  {
    "ID Number": "14406128"
  },
  {
    "ID Number": "14409488"
  },
  {
    "ID Number": "14418240"
  },
  {
    "ID Number": "14402017"
  },
  {
    "ID Number": "14401053"
  },
  {
    "ID Number": "14412977"
  },
  {
    "ID Number": "14403102"
  },
  {
    "ID Number": "14411458"
  },
  {
    "ID Number": "14413434"
  },
  {
    "ID Number": "14401070"
  },
  {
    "ID Number": "14403110"
  },
  {
    "ID Number": "14419548"
  },
  {
    "ID Number": "14410362"
  },
  {
    "ID Number": "14400871"
  },
  {
    "ID Number": "14410281"
  },
  {
    "ID Number": "14402750"
  },
  {
    "ID Number": "14405059"
  },
  {
    "ID Number": "14402890"
  },
  {
    "ID Number": "14406349"
  },
  {
    "ID Number": "14438046"
  },
  {
    "ID Number": "14420058"
  },
  {
    "ID Number": "14406225"
  },
  {
    "ID Number": "14412241"
  },
  {
    "ID Number": "14413647"
  },
  {
    "ID Number": "14417090"
  },
  {
    "ID Number": "14414600"
  },
  {
    "ID Number": "14411466"
  },
  {
    "ID Number": "14414899"
  },
  {
    "ID Number": "14413540"
  },
  {
    "ID Number": "14406462"
  },
  {
    "ID Number": "14407671"
  },
  {
    "ID Number": "14407680"
  },
  {
    "ID Number": "14406039"
  },
  {
    "ID Number": "14403374"
  },
  {
    "ID Number": "14416840"
  },
  {
    "ID Number": "14406977"
  },
  {
    "ID Number": "900273"
  },
  {
    "ID Number": "14430037"
  },
  {
    "ID Number": "14425955"
  },
  {
    "ID Number": "14418010"
  },
  {
    "ID Number": "14400669"
  },
  {
    "ID Number": "14412985"
  },
  {
    "ID Number": "14436515"
  },
  {
    "ID Number": "14412810"
  },
  {
    "ID Number": "14404583"
  },
  {
    "ID Number": "14417596"
  },
  {
    "ID Number": "14409526"
  },
  {
    "ID Number": "14405610"
  },
  {
    "ID Number": "14408392"
  },
  {
    "ID Number": "14403196"
  },
  {
    "ID Number": "14409208"
  },
  {
    "ID Number": "4701631"
  },
  {
    "ID Number": "14413809"
  },
  {
    "ID Number": "14400901"
  },
  {
    "ID Number": "14403447"
  },
  {
    "ID Number": "14400308"
  },
  {
    "ID Number": "14420864"
  },
  {
    "ID Number": "14437813"
  },
  {
    "ID Number": "14436523"
  },
  {
    "ID Number": "14412233"
  },
  {
    "ID Number": "14413280"
  },
  {
    "ID Number": "14404494"
  },
  {
    "ID Number": "14402998"
  },
  {
    "ID Number": "14423464"
  },
  {
    "ID Number": "14401738"
  },
  {
    "ID Number": "14429918"
  },
  {
    "ID Number": "14403048"
  },
  {
    "ID Number": "14428423"
  },
  {
    "ID Number": "14402629"
  }
]