[
  {
    "ID Number": "4319591"
  },
  {
    "ID Number": "4326350"
  },
  {
    "ID Number": "4326806"
  },
  {
    "ID Number": "4320662"
  },
  {
    "ID Number": "4320670"
  },
  {
    "ID Number": "4309707"
  },
  {
    "ID Number": "4323920"
  },
  {
    "ID Number": "4330854"
  },
  {
    "ID Number": "4305370"
  },
  {
    "ID Number": "4319397"
  },
  {
    "ID Number": "4301528"
  },
  {
    "ID Number": "4326105"
  },
  {
    "ID Number": "4331168"
  },
  {
    "ID Number": "4331176"
  },
  {
    "ID Number": "4314131"
  },
  {
    "ID Number": "4304802"
  },
  {
    "ID Number": "4303636"
  },
  {
    "ID Number": "4330994"
  },
  {
    "ID Number": "4303083"
  },
  {
    "ID Number": "4317262"
  },
  {
    "ID Number": "4325419"
  },
  {
    "ID Number": "4318110"
  },
  {
    "ID Number": "4321219"
  },
  {
    "ID Number": "4310462"
  },
  {
    "ID Number": "4313003"
  },
  {
    "ID Number": "4310268"
  },
  {
    "ID Number": "4330374"
  },
  {
    "ID Number": "4314255"
  },
  {
    "ID Number": "4306210"
  },
  {
    "ID Number": "4329007"
  },
  {
    "ID Number": "4309545"
  },
  {
    "ID Number": "4312171"
  },
  {
    "ID Number": "4311116"
  },
  {
    "ID Number": "4324951"
  },
  {
    "ID Number": "4317629"
  },
  {
    "ID Number": "4325923"
  },
  {
    "ID Number": "4321502"
  },
  {
    "ID Number": "467600"
  },
  {
    "ID Number": "4306953"
  },
  {
    "ID Number": "4304462"
  },
  {
    "ID Number": "4321030"
  },
  {
    "ID Number": "4317742"
  },
  {
    "ID Number": "4319427"
  },
  {
    "ID Number": "4312708"
  },
  {
    "ID Number": "4301315"
  },
  {
    "ID Number": "4318129"
  },
  {
    "ID Number": "4305965"
  },
  {
    "ID Number": "4329260"
  },
  {
    "ID Number": "4311981"
  },
  {
    "ID Number": "4311990"
  },
  {
    "ID Number": "4322002"
  },
  {
    "ID Number": "4304047"
  },
  {
    "ID Number": "4306872"
  },
  {
    "ID Number": "4315570"
  },
  {
    "ID Number": "4301382"
  },
  {
    "ID Number": "4318137"
  },
  {
    "ID Number": "4319435"
  },
  {
    "ID Number": "4302699"
  },
  {
    "ID Number": "4305337"
  },
  {
    "ID Number": "4306791"
  },
  {
    "ID Number": "4314905"
  },
  {
    "ID Number": "4313291"
  },
  {
    "ID Number": "4301889"
  },
  {
    "ID Number": "4317220"
  },
  {
    "ID Number": "4301340"
  },
  {
    "ID Number": "4315243"
  },
  {
    "ID Number": "110105368"
  },
  {
    "ID Number": "4301404"
  },
  {
    "ID Number": "4303423"
  },
  {
    "ID Number": "4329902"
  },
  {
    "ID Number": "4317700"
  },
  {
    "ID Number": "4300920"
  },
  {
    "ID Number": "4307321"
  },
  {
    "ID Number": "4308239"
  },
  {
    "ID Number": "4307801"
  },
  {
    "ID Number": "4310101"
  },
  {
    "ID Number": "14307405"
  },
  {
    "ID Number": "4320808"
  },
  {
    "ID Number": "4300238"
  },
  {
    "ID Number": "4304683"
  },
  {
    "ID Number": "4324854"
  },
  {
    "ID Number": "4325940"
  },
  {
    "ID Number": "4303539"
  },
  {
    "ID Number": "110000016"
  },
  {
    "ID Number": "4309073"
  },
  {
    "ID Number": "4321693"
  },
  {
    "ID Number": "4309898"
  },
  {
    "ID Number": "4311493"
  },
  {
    "ID Number": "4325605"
  },
  {
    "ID Number": "4309332"
  },
  {
    "ID Number": "4305981"
  },
  {
    "ID Number": "4300874"
  },
  {
    "ID Number": "4308859"
  },
  {
    "ID Number": "4320816"
  },
  {
    "ID Number": "4308034"
  },
  {
    "ID Number": "4313011"
  },
  {
    "ID Number": "4314271"
  },
  {
    "ID Number": "4330080"
  },
  {
    "ID Number": "4307143"
  },
  {
    "ID Number": "4319940"
  },
  {
    "ID Number": "4306350"
  },
  {
    "ID Number": "4325737"
  },
  {
    "ID Number": "4309081"
  },
  {
    "ID Number": "4310276"
  },
  {
    "ID Number": "4319966"
  },
  {
    "ID Number": "4320514"
  },
  {
    "ID Number": "4319974"
  },
  {
    "ID Number": "4310527"
  },
  {
    "ID Number": "4304152"
  },
  {
    "ID Number": "4318072"
  },
  {
    "ID Number": "4307062"
  },
  {
    "ID Number": "4317718"
  },
  {
    "ID Number": "4325745"
  },
  {
    "ID Number": "4325702"
  },
  {
    "ID Number": "4330382"
  },
  {
    "ID Number": "4307470"
  },
  {
    "ID Number": "4310535"
  },
  {
    "ID Number": "4302893"
  },
  {
    "ID Number": "110033509"
  },
  {
    "ID Number": "4311540"
  },
  {
    "ID Number": "4313488"
  },
  {
    "ID Number": "4305590"
  },
  {
    "ID Number": "4323823"
  },
  {
    "ID Number": "4320824"
  },
  {
    "ID Number": "4320832"
  },
  {
    "ID Number": "4310071"
  },
  {
    "ID Number": "4300645"
  },
  {
    "ID Number": "4314611"
  },
  {
    "ID Number": "4305418"
  },
  {
    "ID Number": "4300556"
  },
  {
    "ID Number": "4300840"
  },
  {
    "ID Number": "4307402"
  },
  {
    "ID Number": "4310047"
  },
  {
    "ID Number": "4307720"
  },
  {
    "ID Number": "4300793"
  },
  {
    "ID Number": "4303210"
  },
  {
    "ID Number": "4301463"
  },
  {
    "ID Number": "4313704"
  },
  {
    "ID Number": "4301218"
  },
  {
    "ID Number": "4303911"
  },
  {
    "ID Number": "4307305"
  },
  {
    "ID Number": "4328884"
  },
  {
    "ID Number": "4314301"
  },
  {
    "ID Number": "4302850"
  },
  {
    "ID Number": "4301722"
  },
  {
    "ID Number": "4316886"
  },
  {
    "ID Number": "4307330"
  },
  {
    "ID Number": "4307453"
  },
  {
    "ID Number": "4321685"
  },
  {
    "ID Number": "4313585"
  },
  {
    "ID Number": "4330102"
  },
  {
    "ID Number": "4328892"
  },
  {
    "ID Number": "4324919"
  },
  {
    "ID Number": "4307976"
  },
  {
    "ID Number": "4315383"
  },
  {
    "ID Number": "453480"
  },
  {
    "ID Number": "4330927"
  },
  {
    "ID Number": "4313143"
  },
  {
    "ID Number": "4321642"
  },
  {
    "ID Number": "4312198"
  },
  {
    "ID Number": "4300106"
  },
  {
    "ID Number": "4301692"
  },
  {
    "ID Number": "4306244"
  },
  {
    "ID Number": "4317947"
  },
  {
    "ID Number": "4303652"
  },
  {
    "ID Number": "4300572"
  },
  {
    "ID Number": "4300157"
  },
  {
    "ID Number": "4319370"
  },
  {
    "ID Number": "4305787"
  },
  {
    "ID Number": "4308271"
  },
  {
    "ID Number": "4308280"
  },
  {
    "ID Number": "4302052"
  },
  {
    "ID Number": "4300858"
  },
  {
    "ID Number": "4302060"
  },
  {
    "ID Number": "4308344"
  },
  {
    "ID Number": "4314336"
  },
  {
    "ID Number": "4317823"
  },
  {
    "ID Number": "4313364"
  },
  {
    "ID Number": "4331184"
  },
  {
    "ID Number": "4329015"
  },
  {
    "ID Number": "4314352"
  },
  {
    "ID Number": "4311949"
  },
  {
    "ID Number": "4313020"
  },
  {
    "ID Number": "4326504"
  },
  {
    "ID Number": "4312740"
  },
  {
    "ID Number": "4331990"
  },
  {
    "ID Number": "4317190"
  },
  {
    "ID Number": "4304128"
  },
  {
    "ID Number": "4311566"
  },
  {
    "ID Number": "4326288"
  },
  {
    "ID Number": "4317254"
  },
  {
    "ID Number": "4301749"
  },
  {
    "ID Number": "4314816"
  },
  {
    "ID Number": "4312635"
  },
  {
    "ID Number": "4321740"
  },
  {
    "ID Number": "4316541"
  },
  {
    "ID Number": "4307054"
  },
  {
    "ID Number": "4313623"
  },
  {
    "ID Number": "4325621"
  },
  {
    "ID Number": "4317335"
  },
  {
    "ID Number": "4301358"
  },
  {
    "ID Number": "4300467"
  },
  {
    "ID Number": "4313739"
  },
  {
    "ID Number": "4307437"
  },
  {
    "ID Number": "4301536"
  },
  {
    "ID Number": "4306880"
  },
  {
    "ID Number": "4310292"
  },
  {
    "ID Number": "4310608"
  },
  {
    "ID Number": "4315170"
  },
  {
    "ID Number": "4302460"
  },
  {
    "ID Number": "4305116"
  },
  {
    "ID Number": "4319770"
  },
  {
    "ID Number": "4300122"
  },
  {
    "ID Number": "4317572"
  },
  {
    "ID Number": "4321529"
  },
  {
    "ID Number": "4322371"
  },
  {
    "ID Number": "4305604"
  },
  {
    "ID Number": "4305612"
  },
  {
    "ID Number": "4317840"
  },
  {
    "ID Number": "4300700"
  },
  {
    "ID Number": "4300866"
  },
  {
    "ID Number": "4303474"
  },
  {
    "ID Number": "4317548"
  },
  {
    "ID Number": "4302729"
  },
  {
    "ID Number": "4302273"
  },
  {
    "ID Number": "4301579"
  },
  {
    "ID Number": "4303962"
  },
  {
    "ID Number": "4307275"
  },
  {
    "ID Number": "4300947"
  },
  {
    "ID Number": "4330870"
  },
  {
    "ID Number": "4329236"
  },
  {
    "ID Number": "4302478"
  },
  {
    "ID Number": "4300114"
  },
  {
    "ID Number": "4306813"
  },
  {
    "ID Number": "4314964"
  },
  {
    "ID Number": "4317041"
  },
  {
    "ID Number": "4314972"
  },
  {
    "ID Number": "4310837"
  },
  {
    "ID Number": "4318234"
  },
  {
    "ID Number": "4303547"
  },
  {
    "ID Number": "4321545"
  },
  {
    "ID Number": "4311450"
  },
  {
    "ID Number": "4301110"
  },
  {
    "ID Number": "4319672"
  },
  {
    "ID Number": "4325486"
  },
  {
    "ID Number": "4308867"
  },
  {
    "ID Number": "4317580"
  },
  {
    "ID Number": "4300505"
  },
  {
    "ID Number": "12417246"
  },
  {
    "ID Number": "4308808"
  },
  {
    "ID Number": "4308794"
  },
  {
    "ID Number": "405647"
  },
  {
    "ID Number": "4300769"
  },
  {
    "ID Number": "4325494"
  },
  {
    "ID Number": "4306821"
  },
  {
    "ID Number": "4313119"
  },
  {
    "ID Number": "4306554"
  },
  {
    "ID Number": "4300025"
  },
  {
    "ID Number": "4317017"
  },
  {
    "ID Number": "4309170"
  },
  {
    "ID Number": "4313305"
  },
  {
    "ID Number": "4300629"
  },
  {
    "ID Number": "4325648"
  },
  {
    "ID Number": "4328078"
  },
  {
    "ID Number": "4308379"
  },
  {
    "ID Number": "4300777"
  },
  {
    "ID Number": "4321553"
  },
  {
    "ID Number": "4329864"
  },
  {
    "ID Number": "4320905"
  },
  {
    "ID Number": "4307615"
  },
  {
    "ID Number": "4307623"
  },
  {
    "ID Number": "4309553"
  },
  {
    "ID Number": "4318250"
  },
  {
    "ID Number": "4318269"
  },
  {
    "ID Number": "4330110"
  },
  {
    "ID Number": "4330129"
  },
  {
    "ID Number": "4307070"
  },
  {
    "ID Number": "4321120"
  },
  {
    "ID Number": "4306104"
  },
  {
    "ID Number": "4300424"
  },
  {
    "ID Number": "4328906"
  },
  {
    "ID Number": "4304233"
  },
  {
    "ID Number": "4303865"
  },
  {
    "ID Number": "4304586"
  },
  {
    "ID Number": "4313160"
  },
  {
    "ID Number": "4313178"
  },
  {
    "ID Number": "4314379"
  },
  {
    "ID Number": "4314387"
  },
  {
    "ID Number": "4321049"
  },
  {
    "ID Number": "4306325"
  },
  {
    "ID Number": "4320026"
  },
  {
    "ID Number": "4310616"
  },
  {
    "ID Number": "4304942"
  },
  {
    "ID Number": "4325869"
  },
  {
    "ID Number": "4304950"
  },
  {
    "ID Number": "4302508"
  },
  {
    "ID Number": "4305795"
  },
  {
    "ID Number": "4330765"
  },
  {
    "ID Number": "4305809"
  },
  {
    "ID Number": "4310624"
  },
  {
    "ID Number": "4324986"
  },
  {
    "ID Number": "4318153"
  },
  {
    "ID Number": "4324994"
  },
  {
    "ID Number": "4313771"
  },
  {
    "ID Number": "4317394"
  },
  {
    "ID Number": "4310233"
  },
  {
    "ID Number": "4305426"
  },
  {
    "ID Number": "4313313"
  },
  {
    "ID Number": "4303806"
  },
  {
    "ID Number": "4301501"
  },
  {
    "ID Number": "4304020"
  },
  {
    "ID Number": "4308883"
  },
  {
    "ID Number": "4331621"
  },
  {
    "ID Number": "4303482"
  },
  {
    "ID Number": "4303555"
  },
  {
    "ID Number": "4316614"
  },
  {
    "ID Number": "4331672"
  },
  {
    "ID Number": "4304535"
  },
  {
    "ID Number": "4325001"
  },
  {
    "ID Number": "4311922"
  },
  {
    "ID Number": "4325877"
  },
  {
    "ID Number": "4317726"
  },
  {
    "ID Number": "4304659"
  },
  {
    "ID Number": "4320786"
  },
  {
    "ID Number": "4312627"
  },
  {
    "ID Number": "4311124"
  },
  {
    "ID Number": "4308956"
  },
  {
    "ID Number": "4330234"
  },
  {
    "ID Number": "4324900"
  },
  {
    "ID Number": "4310802"
  },
  {
    "ID Number": "4303369"
  },
  {
    "ID Number": "4303296"
  },
  {
    "ID Number": "4301480"
  },
  {
    "ID Number": "4314123"
  },
  {
    "ID Number": "4310241"
  },
  {
    "ID Number": "110033465"
  },
  {
    "ID Number": "4301757"
  },
  {
    "ID Number": "4321618"
  },
  {
    "ID Number": "4304594"
  },
  {
    "ID Number": "4307631"
  },
  {
    "ID Number": "4323980"
  },
  {
    "ID Number": "4321472"
  },
  {
    "ID Number": "4321057"
  },
  {
    "ID Number": "4305442"
  },
  {
    "ID Number": "4309570"
  },
  {
    "ID Number": "4320913"
  },
  {
    "ID Number": "4304250"
  },
  {
    "ID Number": "4300084"
  },
  {
    "ID Number": "4319486"
  },
  {
    "ID Number": "4305620"
  },
  {
    "ID Number": "4324579"
  },
  {
    "ID Number": "4330340"
  },
  {
    "ID Number": "4324862"
  },
  {
    "ID Number": "4310640"
  },
  {
    "ID Number": "4308085"
  },
  {
    "ID Number": "4311612"
  },
  {
    "ID Number": "4325028"
  },
  {
    "ID Number": "4309740"
  },
  {
    "ID Number": "4331680"
  },
  {
    "ID Number": "4321480"
  },
  {
    "ID Number": "4306090"
  },
  {
    "ID Number": "4324161"
  },
  {
    "ID Number": "110105330"
  },
  {
    "ID Number": "3219445"
  },
  {
    "ID Number": "4317149"
  },
  {
    "ID Number": "4324820"
  },
  {
    "ID Number": "4328086"
  },
  {
    "ID Number": "4325427"
  },
  {
    "ID Number": "4300602"
  },
  {
    "ID Number": "4301994"
  },
  {
    "ID Number": "4300599"
  },
  {
    "ID Number": "4307348"
  },
  {
    "ID Number": "4318080"
  },
  {
    "ID Number": "4328574"
  },
  {
    "ID Number": "4311108"
  },
  {
    "ID Number": "4307208"
  },
  {
    "ID Number": "4304489"
  },
  {
    "ID Number": "4326148"
  },
  {
    "ID Number": "4314557"
  },
  {
    "ID Number": "4314581"
  },
  {
    "ID Number": "4317050"
  },
  {
    "ID Number": "4311736"
  },
  {
    "ID Number": "4305345"
  },
  {
    "ID Number": "4318277"
  },
  {
    "ID Number": "4312023"
  },
  {
    "ID Number": "4313640"
  },
  {
    "ID Number": "4332008"
  },
  {
    "ID Number": "4310098"
  },
  {
    "ID Number": "4303229"
  },
  {
    "ID Number": "4306570"
  },
  {
    "ID Number": "4325036"
  },
  {
    "ID Number": "4313453"
  },
  {
    "ID Number": "4304608"
  },
  {
    "ID Number": "4310055"
  },
  {
    "ID Number": "4321960"
  },
  {
    "ID Number": "4322010"
  },
  {
    "ID Number": "4326628"
  },
  {
    "ID Number": "4309561"
  },
  {
    "ID Number": "4322231"
  },
  {
    "ID Number": "4306597"
  },
  {
    "ID Number": "4306600"
  },
  {
    "ID Number": "4326156"
  },
  {
    "ID Number": "4316894"
  },
  {
    "ID Number": "4322380"
  },
  {
    "ID Number": "4317920"
  },
  {
    "ID Number": "4306015"
  },
  {
    "ID Number": "4309952"
  },
  {
    "ID Number": "4321979"
  },
  {
    "ID Number": "4330757"
  },
  {
    "ID Number": "4320069"
  },
  {
    "ID Number": "4304284"
  },
  {
    "ID Number": "4316908"
  },
  {
    "ID Number": "4325893"
  },
  {
    "ID Number": "4304497"
  },
  {
    "ID Number": "4325052"
  },
  {
    "ID Number": "4317009"
  },
  {
    "ID Number": "4318293"
  },
  {
    "ID Number": "4304500"
  },
  {
    "ID Number": "4321987"
  },
  {
    "ID Number": "4310543"
  },
  {
    "ID Number": "4321634"
  },
  {
    "ID Number": "4303300"
  },
  {
    "ID Number": "4316959"
  },
  {
    "ID Number": "4306139"
  },
  {
    "ID Number": "4315251"
  },
  {
    "ID Number": "4325079"
  },
  {
    "ID Number": "4325087"
  },
  {
    "ID Number": "4325095"
  },
  {
    "ID Number": "4316665"
  },
  {
    "ID Number": "30924880"
  },
  {
    "ID Number": "4325753"
  },
  {
    "ID Number": "4313097"
  },
  {
    "ID Number": "4309766"
  },
  {
    "ID Number": "4308387"
  },
  {
    "ID Number": "4300971"
  },
  {
    "ID Number": "4322568"
  },
  {
    "ID Number": "4313372"
  },
  {
    "ID Number": "4308824"
  },
  {
    "ID Number": "4310160"
  },
  {
    "ID Number": "4309413"
  },
  {
    "ID Number": "4313801"
  },
  {
    "ID Number": "4304977"
  },
  {
    "ID Number": "4308441"
  },
  {
    "ID Number": "4328876"
  },
  {
    "ID Number": "4324021"
  },
  {
    "ID Number": "4317785"
  },
  {
    "ID Number": "4303490"
  },
  {
    "ID Number": "4314220"
  },
  {
    "ID Number": "4314859"
  },
  {
    "ID Number": "4320107"
  },
  {
    "ID Number": "4311140"
  },
  {
    "ID Number": "8614059"
  },
  {
    "ID Number": "4328965"
  },
  {
    "ID Number": "4307887"
  },
  {
    "ID Number": "4313348"
  },
  {
    "ID Number": "4318196"
  },
  {
    "ID Number": "4309960"
  },
  {
    "ID Number": "4315413"
  },
  {
    "ID Number": "4312970"
  },
  {
    "ID Number": "4316967"
  },
  {
    "ID Number": "8614237"
  },
  {
    "ID Number": "4313593"
  },
  {
    "ID Number": "4320123"
  },
  {
    "ID Number": "4307895"
  },
  {
    "ID Number": "4329279"
  },
  {
    "ID Number": "4312546"
  },
  {
    "ID Number": "4316681"
  },
  {
    "ID Number": "4324277"
  },
  {
    "ID Number": "4313186"
  },
  {
    "ID Number": "4317521"
  },
  {
    "ID Number": "4305469"
  },
  {
    "ID Number": "4311523"
  },
  {
    "ID Number": "4308905"
  },
  {
    "ID Number": "4314239"
  },
  {
    "ID Number": "4317076"
  },
  {
    "ID Number": "4326822"
  },
  {
    "ID Number": "4305477"
  },
  {
    "ID Number": "4307445"
  },
  {
    "ID Number": "4300386"
  },
  {
    "ID Number": "4306635"
  },
  {
    "ID Number": "4317327"
  },
  {
    "ID Number": "4303148"
  },
  {
    "ID Number": "4300785"
  },
  {
    "ID Number": "4311094"
  },
  {
    "ID Number": "4320140"
  },
  {
    "ID Number": "4319680"
  },
  {
    "ID Number": "4301277"
  },
  {
    "ID Number": "4305639"
  },
  {
    "ID Number": "4306970"
  },
  {
    "ID Number": "4314867"
  },
  {
    "ID Number": "4307984"
  },
  {
    "ID Number": "4311531"
  },
  {
    "ID Number": "4316975"
  },
  {
    "ID Number": "4315073"
  },
  {
    "ID Number": "4317408"
  },
  {
    "ID Number": "4312643"
  },
  {
    "ID Number": "4305728"
  },
  {
    "ID Number": "4306147"
  },
  {
    "ID Number": "4307992"
  },
  {
    "ID Number": "4321235"
  },
  {
    "ID Number": "4311370"
  },
  {
    "ID Number": "4322584"
  },
  {
    "ID Number": "4310853"
  },
  {
    "ID Number": "4300653"
  },
  {
    "ID Number": "4306856"
  },
  {
    "ID Number": "4313062"
  },
  {
    "ID Number": "4317416"
  },
  {
    "ID Number": "4317858"
  },
  {
    "ID Number": "4321871"
  },
  {
    "ID Number": "4301137"
  },
  {
    "ID Number": "4314433"
  },
  {
    "ID Number": "4301145"
  },
  {
    "ID Number": "4326440"
  },
  {
    "ID Number": "4304985"
  },
  {
    "ID Number": "4305140"
  },
  {
    "ID Number": "4305485"
  },
  {
    "ID Number": "4314743"
  },
  {
    "ID Number": "4308190"
  },
  {
    "ID Number": "4330021"
  },
  {
    "ID Number": "4300394"
  },
  {
    "ID Number": "4301803"
  },
  {
    "ID Number": "4311086"
  },
  {
    "ID Number": "4300270"
  },
  {
    "ID Number": "4319508"
  },
  {
    "ID Number": "4303245"
  },
  {
    "ID Number": "4324935"
  },
  {
    "ID Number": "4300823"
  },
  {
    "ID Number": "4302559"
  },
  {
    "ID Number": "4317599"
  },
  {
    "ID Number": "4307119"
  },
  {
    "ID Number": "4312651"
  },
  {
    "ID Number": "4305736"
  },
  {
    "ID Number": "4314441"
  },
  {
    "ID Number": "4317750"
  },
  {
    "ID Number": "4305000"
  },
  {
    "ID Number": "4300181"
  },
  {
    "ID Number": "4302567"
  },
  {
    "ID Number": "4321243"
  },
  {
    "ID Number": "2401312"
  },
  {
    "ID Number": "4312066"
  },
  {
    "ID Number": "4307372"
  },
  {
    "ID Number": "4314450"
  },
  {
    "ID Number": "4325532"
  },
  {
    "ID Number": "4313410"
  },
  {
    "ID Number": "4301390"
  },
  {
    "ID Number": "4302095"
  },
  {
    "ID Number": "4316738"
  },
  {
    "ID Number": "4321162"
  },
  {
    "ID Number": "2601958"
  },
  {
    "ID Number": "4321316"
  },
  {
    "ID Number": "4325478"
  },
  {
    "ID Number": "4320778"
  },
  {
    "ID Number": "4319737"
  },
  {
    "ID Number": "4309120"
  },
  {
    "ID Number": "4311027"
  },
  {
    "ID Number": "4302737"
  },
  {
    "ID Number": "4305914"
  },
  {
    "ID Number": "4326750"
  },
  {
    "ID Number": "4324005"
  },
  {
    "ID Number": "4307577"
  },
  {
    "ID Number": "4321197"
  },
  {
    "ID Number": "4314158"
  },
  {
    "ID Number": "4324293"
  },
  {
    "ID Number": "4311752"
  },
  {
    "ID Number": "4317866"
  },
  {
    "ID Number": "4313496"
  },
  {
    "ID Number": "4321251"
  },
  {
    "ID Number": "4306694"
  },
  {
    "ID Number": "4319907"
  },
  {
    "ID Number": "4303776"
  },
  {
    "ID Number": "4321499"
  },
  {
    "ID Number": "4307224"
  },
  {
    "ID Number": "4302311"
  },
  {
    "ID Number": "4311833"
  },
  {
    "ID Number": "4307763"
  },
  {
    "ID Number": "4300319"
  },
  {
    "ID Number": "4304012"
  },
  {
    "ID Number": "4331443"
  },
  {
    "ID Number": "4305647"
  },
  {
    "ID Number": "4314921"
  },
  {
    "ID Number": "4313151"
  },
  {
    "ID Number": "4301064"
  },
  {
    "ID Number": "4305019"
  },
  {
    "ID Number": "4305027"
  },
  {
    "ID Number": "4305035"
  },
  {
    "ID Number": "4319834"
  },
  {
    "ID Number": "4331060"
  },
  {
    "ID Number": "4308204"
  },
  {
    "ID Number": "4321138"
  },
  {
    "ID Number": "4330781"
  },
  {
    "ID Number": "4317203"
  },
  {
    "ID Number": "4310713"
  },
  {
    "ID Number": "4322177"
  },
  {
    "ID Number": "4305574"
  },
  {
    "ID Number": "4309987"
  },
  {
    "ID Number": "4320174"
  },
  {
    "ID Number": "4304519"
  },
  {
    "ID Number": "4325141"
  },
  {
    "ID Number": "1208438"
  },
  {
    "ID Number": "4317734"
  },
  {
    "ID Number": "4331257"
  },
  {
    "ID Number": "4309090"
  },
  {
    "ID Number": "4307232"
  },
  {
    "ID Number": "4305051"
  },
  {
    "ID Number": "4330692"
  },
  {
    "ID Number": "4304110"
  },
  {
    "ID Number": "4320476"
  },
  {
    "ID Number": "4317211"
  },
  {
    "ID Number": "4328841"
  },
  {
    "ID Number": "4305493"
  },
  {
    "ID Number": "4324838"
  },
  {
    "ID Number": "4311388"
  },
  {
    "ID Number": "4302206"
  },
  {
    "ID Number": "4319699"
  },
  {
    "ID Number": "4308832"
  },
  {
    "ID Number": "4315421"
  },
  {
    "ID Number": "4304764"
  },
  {
    "ID Number": "15800016"
  },
  {
    "ID Number": "4312988"
  },
  {
    "ID Number": "4304780"
  },
  {
    "ID Number": "4322185"
  },
  {
    "ID Number": "4300696"
  },
  {
    "ID Number": "4305841"
  },
  {
    "ID Number": "4310870"
  },
  {
    "ID Number": "4310250"
  },
  {
    "ID Number": "4301366"
  },
  {
    "ID Number": "4321189"
  },
  {
    "ID Number": "4312082"
  },
  {
    "ID Number": "4312090"
  },
  {
    "ID Number": "4312104"
  },
  {
    "ID Number": "4321383"
  },
  {
    "ID Number": "33398453"
  },
  {
    "ID Number": "4330684"
  },
  {
    "ID Number": "4331451"
  },
  {
    "ID Number": "4305850"
  },
  {
    "ID Number": "4310721"
  },
  {
    "ID Number": "4303997"
  },
  {
    "ID Number": "4304306"
  },
  {
    "ID Number": "4304314"
  },
  {
    "ID Number": "4307283"
  },
  {
    "ID Number": "4314620"
  },
  {
    "ID Number": "4318030"
  },
  {
    "ID Number": "4302940"
  },
  {
    "ID Number": "4302958"
  },
  {
    "ID Number": "35081136"
  },
  {
    "ID Number": "4332024"
  },
  {
    "ID Number": "4313658"
  },
  {
    "ID Number": "4326482"
  },
  {
    "ID Number": "4329244"
  },
  {
    "ID Number": "4311248"
  },
  {
    "ID Number": "4310314"
  },
  {
    "ID Number": "4331974"
  },
  {
    "ID Number": "4326407"
  },
  {
    "ID Number": "4309693"
  },
  {
    "ID Number": "4330749"
  },
  {
    "ID Number": "4314760"
  },
  {
    "ID Number": "4300998"
  },
  {
    "ID Number": "4312244"
  },
  {
    "ID Number": "4329295"
  },
  {
    "ID Number": "4306783"
  },
  {
    "ID Number": "4301420"
  },
  {
    "ID Number": "4305396"
  },
  {
    "ID Number": "4321391"
  },
  {
    "ID Number": "4330145"
  },
  {
    "ID Number": "4304730"
  },
  {
    "ID Number": "4326032"
  },
  {
    "ID Number": "4324692"
  },
  {
    "ID Number": "4304837"
  },
  {
    "ID Number": "4321405"
  },
  {
    "ID Number": "4331478"
  },
  {
    "ID Number": "4305353"
  },
  {
    "ID Number": "4308522"
  },
  {
    "ID Number": "4310896"
  },
  {
    "ID Number": "4314689"
  },
  {
    "ID Number": "4318846"
  },
  {
    "ID Number": "4303946"
  },
  {
    "ID Number": "4321260"
  },
  {
    "ID Number": "4306490"
  },
  {
    "ID Number": "4328728"
  },
  {
    "ID Number": "4317971"
  },
  {
    "ID Number": "4308000"
  },
  {
    "ID Number": "4330269"
  },
  {
    "ID Number": "4310128"
  },
  {
    "ID Number": "4302354"
  },
  {
    "ID Number": "4300610"
  },
  {
    "ID Number": "4305760"
  },
  {
    "ID Number": "4320964"
  },
  {
    "ID Number": "4307089"
  },
  {
    "ID Number": "4325508"
  },
  {
    "ID Number": "4316797"
  },
  {
    "ID Number": "4325150"
  },
  {
    "ID Number": "4331362"
  },
  {
    "ID Number": "4322690"
  },
  {
    "ID Number": "4307860"
  },
  {
    "ID Number": "4314930"
  },
  {
    "ID Number": "4302079"
  },
  {
    "ID Number": "4318048"
  },
  {
    "ID Number": "4320190"
  },
  {
    "ID Number": "4304667"
  },
  {
    "ID Number": "4321901"
  },
  {
    "ID Number": "4313461"
  },
  {
    "ID Number": "4313437"
  },
  {
    "ID Number": "4321073"
  },
  {
    "ID Number": "4332032"
  },
  {
    "ID Number": "4321669"
  },
  {
    "ID Number": "4330277"
  },
  {
    "ID Number": "4329945"
  },
  {
    "ID Number": "4313836"
  },
  {
    "ID Number": "4329112"
  },
  {
    "ID Number": "4330323"
  },
  {
    "ID Number": "4307879"
  },
  {
    "ID Number": "4313240"
  },
  {
    "ID Number": "4324064"
  },
  {
    "ID Number": "4302974"
  },
  {
    "ID Number": "4304373"
  },
  {
    "ID Number": "4303717"
  },
  {
    "ID Number": "4314875"
  },
  {
    "ID Number": "4318188"
  },
  {
    "ID Number": "4300190"
  },
  {
    "ID Number": "4320581"
  },
  {
    "ID Number": "4308840"
  },
  {
    "ID Number": "4312619"
  },
  {
    "ID Number": "4301935"
  },
  {
    "ID Number": "4313844"
  },
  {
    "ID Number": "4309030"
  },
  {
    "ID Number": "4330307"
  },
  {
    "ID Number": "4313852"
  },
  {
    "ID Number": "110033474"
  },
  {
    "ID Number": "4306392"
  },
  {
    "ID Number": "4325176"
  },
  {
    "ID Number": "110033563"
  },
  {
    "ID Number": "4315189"
  },
  {
    "ID Number": "4300718"
  },
  {
    "ID Number": "4307666"
  },
  {
    "ID Number": "4308212"
  },
  {
    "ID Number": "4300963"
  },
  {
    "ID Number": "4305671"
  },
  {
    "ID Number": "4304845"
  },
  {
    "ID Number": "4300548"
  },
  {
    "ID Number": "4319176"
  },
  {
    "ID Number": "4312120"
  },
  {
    "ID Number": "4303512"
  },
  {
    "ID Number": "4304098"
  },
  {
    "ID Number": "4301854"
  },
  {
    "ID Number": "4328434"
  },
  {
    "ID Number": "4313534"
  },
  {
    "ID Number": "4306422"
  },
  {
    "ID Number": "4331630"
  },
  {
    "ID Number": "4317602"
  },
  {
    "ID Number": "4315332"
  },
  {
    "ID Number": "4325184"
  },
  {
    "ID Number": "4313879"
  },
  {
    "ID Number": "4313887"
  },
  {
    "ID Number": "4310918"
  },
  {
    "ID Number": "4317874"
  },
  {
    "ID Number": "4305680"
  },
  {
    "ID Number": "4308220"
  },
  {
    "ID Number": "4315219"
  },
  {
    "ID Number": "4315260"
  },
  {
    "ID Number": "4319753"
  },
  {
    "ID Number": "4306503"
  },
  {
    "ID Number": "4320972"
  },
  {
    "ID Number": "4328817"
  },
  {
    "ID Number": "4328027"
  },
  {
    "ID Number": "4311280"
  },
  {
    "ID Number": "4317793"
  },
  {
    "ID Number": "4311647"
  },
  {
    "ID Number": "4329821"
  },
  {
    "ID Number": "4302087"
  },
  {
    "ID Number": "4313895"
  },
  {
    "ID Number": "4302591"
  },
  {
    "ID Number": "4301927"
  },
  {
    "ID Number": "4302168"
  },
  {
    "ID Number": "35814420"
  },
  {
    "ID Number": "4314247"
  },
  {
    "ID Number": "4322207"
  },
  {
    "ID Number": "448630"
  },
  {
    "ID Number": "4330331"
  },
  {
    "ID Number": "4315448"
  },
  {
    "ID Number": "4307780"
  },
  {
    "ID Number": "4303733"
  },
  {
    "ID Number": "4317807"
  },
  {
    "ID Number": "4309790"
  },
  {
    "ID Number": "4317238"
  },
  {
    "ID Number": "4312139"
  },
  {
    "ID Number": "4323572"
  },
  {
    "ID Number": "4302605"
  },
  {
    "ID Number": "4322339"
  },
  {
    "ID Number": "4303261"
  },
  {
    "ID Number": "4317165"
  },
  {
    "ID Number": "4319338"
  },
  {
    "ID Number": "4309243"
  },
  {
    "ID Number": "4325567"
  },
  {
    "ID Number": "4321081"
  },
  {
    "ID Number": "4312660"
  },
  {
    "ID Number": "4309650"
  },
  {
    "ID Number": "4308930"
  },
  {
    "ID Number": "4314565"
  },
  {
    "ID Number": "4319567"
  },
  {
    "ID Number": "4312570"
  },
  {
    "ID Number": "4323955"
  },
  {
    "ID Number": "4308395"
  },
  {
    "ID Number": "4312279"
  },
  {
    "ID Number": "4324943"
  },
  {
    "ID Number": "25007408"
  },
  {
    "ID Number": "4301293"
  },
  {
    "ID Number": "4303628"
  },
  {
    "ID Number": "4318099"
  },
  {
    "ID Number": "4304004"
  },
  {
    "ID Number": "4313909"
  },
  {
    "ID Number": "4316991"
  },
  {
    "ID Number": "4312848"
  },
  {
    "ID Number": "4312821"
  },
  {
    "ID Number": "4328990"
  },
  {
    "ID Number": "4315197"
  },
  {
    "ID Number": "4311299"
  },
  {
    "ID Number": "4318323"
  },
  {
    "ID Number": "4310446"
  },
  {
    "ID Number": "4312589"
  },
  {
    "ID Number": "4326245"
  },
  {
    "ID Number": "4310063"
  },
  {
    "ID Number": "4320271"
  },
  {
    "ID Number": "4320280"
  },
  {
    "ID Number": "4312830"
  },
  {
    "ID Number": "4324897"
  },
  {
    "ID Number": "4316290"
  },
  {
    "ID Number": "4329031"
  },
  {
    "ID Number": "4328850"
  },
  {
    "ID Number": "4311760"
  },
  {
    "ID Number": "4317661"
  },
  {
    "ID Number": "4323629"
  },
  {
    "ID Number": "4328779"
  },
  {
    "ID Number": "4323637"
  },
  {
    "ID Number": "4318340"
  },
  {
    "ID Number": "4300904"
  },
  {
    "ID Number": "4309995"
  },
  {
    "ID Number": "4323963"
  },
  {
    "ID Number": "4317998"
  },
  {
    "ID Number": "4325214"
  },
  {
    "ID Number": "4304438"
  },
  {
    "ID Number": "4307011"
  },
  {
    "ID Number": "4317882"
  },
  {
    "ID Number": "4319869"
  },
  {
    "ID Number": "4320301"
  },
  {
    "ID Number": "4319265"
  },
  {
    "ID Number": "4318358"
  },
  {
    "ID Number": "4313607"
  },
  {
    "ID Number": "4300513"
  },
  {
    "ID Number": "4300149"
  },
  {
    "ID Number": "4302036"
  },
  {
    "ID Number": "4311272"
  },
  {
    "ID Number": "4305086"
  },
  {
    "ID Number": "4317068"
  },
  {
    "ID Number": "4319346"
  },
  {
    "ID Number": "4301188"
  },
  {
    "ID Number": "4305892"
  },
  {
    "ID Number": "4320603"
  },
  {
    "ID Number": "4324056"
  },
  {
    "ID Number": "4317890"
  },
  {
    "ID Number": "4311191"
  },
  {
    "ID Number": "4319214"
  },
  {
    "ID Number": "4306414"
  },
  {
    "ID Number": "4304039"
  },
  {
    "ID Number": "4300815"
  },
  {
    "ID Number": "4304748"
  },
  {
    "ID Number": "4326091"
  },
  {
    "ID Number": "4324803"
  },
  {
    "ID Number": "4309154"
  },
  {
    "ID Number": "4312678"
  },
  {
    "ID Number": "4311515"
  },
  {
    "ID Number": "4321413"
  },
  {
    "ID Number": "4305949"
  },
  {
    "ID Number": "4315138"
  },
  {
    "ID Number": "4315146"
  },
  {
    "ID Number": "4305531"
  },
  {
    "ID Number": "4306295"
  },
  {
    "ID Number": "4301099"
  },
  {
    "ID Number": "4314476"
  },
  {
    "ID Number": "4329325"
  },
  {
    "ID Number": "4318986"
  },
  {
    "ID Number": "4306902"
  },
  {
    "ID Number": "4313925"
  },
  {
    "ID Number": "4317351"
  },
  {
    "ID Number": "4309200"
  },
  {
    "ID Number": "4309103"
  },
  {
    "ID Number": "4311779"
  },
  {
    "ID Number": "4309502"
  },
  {
    "ID Number": "4309510"
  },
  {
    "ID Number": "4330170"
  },
  {
    "ID Number": "4330188"
  },
  {
    "ID Number": "4308174"
  },
  {
    "ID Number": "4316924"
  },
  {
    "ID Number": "4316932"
  },
  {
    "ID Number": "4305094"
  },
  {
    "ID Number": "4320310"
  },
  {
    "ID Number": "4319877"
  },
  {
    "ID Number": "4328213"
  },
  {
    "ID Number": "4317360"
  },
  {
    "ID Number": "4311582"
  },
  {
    "ID Number": "4314492"
  },
  {
    "ID Number": "4325460"
  },
  {
    "ID Number": "4325249"
  },
  {
    "ID Number": "4317246"
  },
  {
    "ID Number": "4319702"
  },
  {
    "ID Number": "4304616"
  },
  {
    "ID Number": "4304624"
  },
  {
    "ID Number": "4310365"
  },
  {
    "ID Number": "4322290"
  },
  {
    "ID Number": "4302621"
  },
  {
    "ID Number": "4317432"
  },
  {
    "ID Number": "4311655"
  },
  {
    "ID Number": "4314530"
  },
  {
    "ID Number": "4310373"
  },
  {
    "ID Number": "4309537"
  },
  {
    "ID Number": "4330196"
  },
  {
    "ID Number": "4303814"
  },
  {
    "ID Number": "4323912"
  },
  {
    "ID Number": "4328787"
  },
  {
    "ID Number": "4313615"
  },
  {
    "ID Number": "4326849"
  },
  {
    "ID Number": "4301170"
  },
  {
    "ID Number": "4321286"
  },
  {
    "ID Number": "4326636"
  },
  {
    "ID Number": "4317440"
  },
  {
    "ID Number": "4315235"
  },
  {
    "ID Number": "4325273"
  },
  {
    "ID Number": "4307682"
  },
  {
    "ID Number": "4329627"
  },
  {
    "ID Number": "4313950"
  },
  {
    "ID Number": "4313968"
  },
  {
    "ID Number": "4319885"
  },
  {
    "ID Number": "4325761"
  },
  {
    "ID Number": "4313135"
  },
  {
    "ID Number": "4311930"
  },
  {
    "ID Number": "4313542"
  },
  {
    "ID Number": "4306309"
  },
  {
    "ID Number": "4305183"
  },
  {
    "ID Number": "4312880"
  },
  {
    "ID Number": "4306317"
  },
  {
    "ID Number": "4316916"
  },
  {
    "ID Number": "4311663"
  },
  {
    "ID Number": "4305701"
  },
  {
    "ID Number": "4311302"
  },
  {
    "ID Number": "4310810"
  },
  {
    "ID Number": "4322673"
  },
  {
    "ID Number": "4327640"
  },
  {
    "ID Number": "4328043"
  },
  {
    "ID Number": "4323904"
  },
  {
    "ID Number": "4312147"
  },
  {
    "ID Number": "4312899"
  },
  {
    "ID Number": "4318064"
  },
  {
    "ID Number": "4309588"
  },
  {
    "ID Number": "4313976"
  },
  {
    "ID Number": "4317912"
  },
  {
    "ID Number": "4310012"
  },
  {
    "ID Number": "4313127"
  },
  {
    "ID Number": "4310381"
  },
  {
    "ID Number": "4311051"
  },
  {
    "ID Number": "4329503"
  },
  {
    "ID Number": "4313984"
  },
  {
    "ID Number": "4317610"
  },
  {
    "ID Number": "4329457"
  },
  {
    "ID Number": "4304632"
  },
  {
    "ID Number": "4304861"
  },
  {
    "ID Number": "4307704"
  },
  {
    "ID Number": "4303903"
  },
  {
    "ID Number": "4304853"
  },
  {
    "ID Number": "4320395"
  },
  {
    "ID Number": "4328426"
  },
  {
    "ID Number": "4320409"
  },
  {
    "ID Number": "4314000"
  },
  {
    "ID Number": "4314514"
  },
  {
    "ID Number": "4311850"
  },
  {
    "ID Number": "4304543"
  },
  {
    "ID Number": "4303830"
  },
  {
    "ID Number": "4311914"
  },
  {
    "ID Number": "4329252"
  },
  {
    "ID Number": "4310039"
  },
  {
    "ID Number": "4306759"
  },
  {
    "ID Number": "4312910"
  },
  {
    "ID Number": "4311060"
  },
  {
    "ID Number": "4329341"
  },
  {
    "ID Number": "4307267"
  },
  {
    "ID Number": "4316851"
  },
  {
    "ID Number": "4313445"
  },
  {
    "ID Number": "4328795"
  },
  {
    "ID Number": "4323815"
  },
  {
    "ID Number": "4329643"
  },
  {
    "ID Number": "4325338"
  },
  {
    "ID Number": "4319001"
  },
  {
    "ID Number": "4315006"
  },
  {
    "ID Number": "4312295"
  },
  {
    "ID Number": "4321995"
  },
  {
    "ID Number": "4311132"
  },
  {
    "ID Number": "4320433"
  },
  {
    "ID Number": "4302672"
  },
  {
    "ID Number": "4302680"
  },
  {
    "ID Number": "4313666"
  },
  {
    "ID Number": "4305582"
  },
  {
    "ID Number": "4320441"
  }
]