[
  {
    "ID Number": "6607411"
  },
  {
    "ID Number": "6610820"
  },
  {
    "ID Number": "6608469"
  },
  {
    "ID Number": "6629474"
  },
  {
    "ID Number": "6611133"
  },
  {
    "ID Number": "6603238"
  },
  {
    "ID Number": "6600719"
  },
  {
    "ID Number": "6635768"
  },
  {
    "ID Number": "6600522"
  },
  {
    "ID Number": "6616607"
  },
  {
    "ID Number": "6615821"
  },
  {
    "ID Number": "6612121"
  },
  {
    "ID Number": "6612741"
  },
  {
    "ID Number": "6631460"
  },
  {
    "ID Number": "6606806"
  },
  {
    "ID Number": "6600727"
  },
  {
    "ID Number": "6604374"
  },
  {
    "ID Number": "6601480"
  },
  {
    "ID Number": "6606660"
  },
  {
    "ID Number": "6601219"
  },
  {
    "ID Number": "6623140"
  },
  {
    "ID Number": "6608248"
  },
  {
    "ID Number": "6604242"
  },
  {
    "ID Number": "6623000"
  },
  {
    "ID Number": "6633153"
  },
  {
    "ID Number": "6630715"
  },
  {
    "ID Number": "6616739"
  },
  {
    "ID Number": "6614752"
  },
  {
    "ID Number": "6600743"
  },
  {
    "ID Number": "6611095"
  },
  {
    "ID Number": "6612458"
  },
  {
    "ID Number": "6618529"
  },
  {
    "ID Number": "6616437"
  },
  {
    "ID Number": "6603548"
  },
  {
    "ID Number": "6600425"
  },
  {
    "ID Number": "6600140"
  },
  {
    "ID Number": "6601502"
  },
  {
    "ID Number": "6601227"
  },
  {
    "ID Number": "6607403"
  },
  {
    "ID Number": "6612660"
  },
  {
    "ID Number": "6607691"
  },
  {
    "ID Number": "6627340"
  },
  {
    "ID Number": "6615554"
  },
  {
    "ID Number": "6608493"
  },
  {
    "ID Number": "6608116"
  },
  {
    "ID Number": "6624251"
  },
  {
    "ID Number": "6604021"
  },
  {
    "ID Number": "6628419"
  },
  {
    "ID Number": "6624448"
  },
  {
    "ID Number": "6612580"
  },
  {
    "ID Number": "6600050"
  },
  {
    "ID Number": "6629245"
  },
  {
    "ID Number": "6600336"
  },
  {
    "ID Number": "6604390"
  },
  {
    "ID Number": "6600069"
  },
  {
    "ID Number": "6600778"
  },
  {
    "ID Number": "6602495"
  },
  {
    "ID Number": "6614620"
  },
  {
    "ID Number": "6627510"
  },
  {
    "ID Number": "6607918"
  },
  {
    "ID Number": "6608930"
  },
  {
    "ID Number": "6600530"
  },
  {
    "ID Number": "6600247"
  },
  {
    "ID Number": "6631258"
  },
  {
    "ID Number": "6607381"
  },
  {
    "ID Number": "6607675"
  },
  {
    "ID Number": "6611648"
  },
  {
    "ID Number": "6624758"
  },
  {
    "ID Number": "6600433"
  },
  {
    "ID Number": "6615490"
  },
  {
    "ID Number": "6601359"
  },
  {
    "ID Number": "6617409"
  },
  {
    "ID Number": "6619240"
  },
  {
    "ID Number": "6615325"
  },
  {
    "ID Number": "6622780"
  },
  {
    "ID Number": "6601545"
  },
  {
    "ID Number": "6603947"
  },
  {
    "ID Number": "6614248"
  },
  {
    "ID Number": "6614256"
  },
  {
    "ID Number": "6613969"
  },
  {
    "ID Number": "6607632"
  },
  {
    "ID Number": "6621945"
  },
  {
    "ID Number": "6626661"
  },
  {
    "ID Number": "6614698"
  },
  {
    "ID Number": "6604757"
  },
  {
    "ID Number": "6613888"
  },
  {
    "ID Number": "6609279"
  },
  {
    "ID Number": "6612954"
  },
  {
    "ID Number": "6619843"
  },
  {
    "ID Number": "6619932"
  },
  {
    "ID Number": "6608825"
  },
  {
    "ID Number": "6615473"
  },
  {
    "ID Number": "6602509"
  },
  {
    "ID Number": "6624596"
  },
  {
    "ID Number": "6601561"
  },
  {
    "ID Number": "6611320"
  },
  {
    "ID Number": "6621252"
  },
  {
    "ID Number": "6617883"
  },
  {
    "ID Number": "6600786"
  },
  {
    "ID Number": "6526454"
  },
  {
    "ID Number": "6600794"
  },
  {
    "ID Number": "6614361"
  },
  {
    "ID Number": "6605400"
  },
  {
    "ID Number": "6600620"
  },
  {
    "ID Number": "6605656"
  },
  {
    "ID Number": "6600611"
  },
  {
    "ID Number": "6606369"
  },
  {
    "ID Number": "3911853"
  },
  {
    "ID Number": "6600476"
  },
  {
    "ID Number": "6615457"
  },
  {
    "ID Number": "6617468"
  },
  {
    "ID Number": "6605460"
  },
  {
    "ID Number": "6606687"
  },
  {
    "ID Number": "6619185"
  },
  {
    "ID Number": "6624898"
  },
  {
    "ID Number": "6613306"
  },
  {
    "ID Number": "6617247"
  },
  {
    "ID Number": "3800997"
  },
  {
    "ID Number": "6601596"
  },
  {
    "ID Number": "6627250"
  },
  {
    "ID Number": "6605664"
  },
  {
    "ID Number": "6620655"
  },
  {
    "ID Number": "6608213"
  },
  {
    "ID Number": "6606318"
  },
  {
    "ID Number": "6606296"
  },
  {
    "ID Number": "6627285"
  },
  {
    "ID Number": "6610501"
  },
  {
    "ID Number": "6615015"
  },
  {
    "ID Number": "6613195"
  },
  {
    "ID Number": "6601588"
  },
  {
    "ID Number": "6624405"
  },
  {
    "ID Number": "6624286"
  },
  {
    "ID Number": "6617379"
  },
  {
    "ID Number": "6609309"
  },
  {
    "ID Number": "6630626"
  },
  {
    "ID Number": "6629105"
  },
  {
    "ID Number": "6600166"
  },
  {
    "ID Number": "6630944"
  },
  {
    "ID Number": "6619380"
  },
  {
    "ID Number": "6600565"
  },
  {
    "ID Number": "6620477"
  },
  {
    "ID Number": "6613764"
  },
  {
    "ID Number": "6608345"
  },
  {
    "ID Number": "6600808"
  },
  {
    "ID Number": "6619215"
  },
  {
    "ID Number": "6603297"
  },
  {
    "ID Number": "6600816"
  },
  {
    "ID Number": "6628907"
  },
  {
    "ID Number": "6630073"
  },
  {
    "ID Number": "6609317"
  },
  {
    "ID Number": "6620590"
  },
  {
    "ID Number": "6604951"
  },
  {
    "ID Number": "6600603"
  },
  {
    "ID Number": "6600085"
  },
  {
    "ID Number": "6602533"
  },
  {
    "ID Number": "6626068"
  },
  {
    "ID Number": "6619100"
  },
  {
    "ID Number": "6609651"
  },
  {
    "ID Number": "6620310"
  },
  {
    "ID Number": "6603351"
  },
  {
    "ID Number": "6600646"
  },
  {
    "ID Number": "6600298"
  },
  {
    "ID Number": "6616305"
  },
  {
    "ID Number": "6630120"
  },
  {
    "ID Number": "6612342"
  },
  {
    "ID Number": "6622623"
  },
  {
    "ID Number": "6607705"
  },
  {
    "ID Number": "6619479"
  },
  {
    "ID Number": "6602134"
  },
  {
    "ID Number": "6629679"
  },
  {
    "ID Number": "6622640"
  },
  {
    "ID Number": "6616208"
  },
  {
    "ID Number": "3535916"
  },
  {
    "ID Number": "6626599"
  },
  {
    "ID Number": "6625320"
  },
  {
    "ID Number": "6608809"
  },
  {
    "ID Number": "6600093"
  },
  {
    "ID Number": "6628540"
  },
  {
    "ID Number": "6625150"
  },
  {
    "ID Number": "6618219"
  },
  {
    "ID Number": "6612865"
  },
  {
    "ID Number": "6603050"
  },
  {
    "ID Number": "6613616"
  },
  {
    "ID Number": "6619363"
  },
  {
    "ID Number": "6623727"
  },
  {
    "ID Number": "6629733"
  },
  {
    "ID Number": "6627854"
  },
  {
    "ID Number": "6622771"
  },
  {
    "ID Number": "6600107"
  },
  {
    "ID Number": "6602541"
  },
  {
    "ID Number": "6604439"
  },
  {
    "ID Number": "6613349"
  },
  {
    "ID Number": "6605010"
  },
  {
    "ID Number": "6613357"
  },
  {
    "ID Number": "6613187"
  },
  {
    "ID Number": "6608329"
  },
  {
    "ID Number": "6603904"
  },
  {
    "ID Number": "6619550"
  },
  {
    "ID Number": "6634249"
  },
  {
    "ID Number": "6600832"
  },
  {
    "ID Number": "6602150"
  },
  {
    "ID Number": "6606750"
  },
  {
    "ID Number": "6601634"
  },
  {
    "ID Number": "6600441"
  },
  {
    "ID Number": "6603068"
  },
  {
    "ID Number": "6614957"
  },
  {
    "ID Number": "6600840"
  },
  {
    "ID Number": "6625169"
  },
  {
    "ID Number": "6615244"
  },
  {
    "ID Number": "6604854"
  },
  {
    "ID Number": "6600174"
  },
  {
    "ID Number": "6609686"
  },
  {
    "ID Number": "6610862"
  },
  {
    "ID Number": "6626939"
  },
  {
    "ID Number": "6621937"
  },
  {
    "ID Number": "6614728"
  },
  {
    "ID Number": "6605206"
  },
  {
    "ID Number": "6605214"
  },
  {
    "ID Number": "6605222"
  },
  {
    "ID Number": "6606490"
  },
  {
    "ID Number": "6613047"
  },
  {
    "ID Number": "6618260"
  },
  {
    "ID Number": "6612997"
  },
  {
    "ID Number": "6627420"
  },
  {
    "ID Number": "6605532"
  },
  {
    "ID Number": "6605613"
  },
  {
    "ID Number": "6619720"
  },
  {
    "ID Number": "6618278"
  },
  {
    "ID Number": "6613152"
  },
  {
    "ID Number": "6616046"
  },
  {
    "ID Number": "6600875"
  },
  {
    "ID Number": "6608175"
  },
  {
    "ID Number": "6620370"
  },
  {
    "ID Number": "6613284"
  },
  {
    "ID Number": "6619487"
  },
  {
    "ID Number": "6630049"
  },
  {
    "ID Number": "6617050"
  },
  {
    "ID Number": "6603076"
  },
  {
    "ID Number": "6623549"
  },
  {
    "ID Number": "6605354"
  },
  {
    "ID Number": "6614094"
  },
  {
    "ID Number": "6627153"
  },
  {
    "ID Number": "6609333"
  },
  {
    "ID Number": "6602568"
  },
  {
    "ID Number": "6614434"
  },
  {
    "ID Number": "6627498"
  },
  {
    "ID Number": "6612920"
  },
  {
    "ID Number": "6607500"
  },
  {
    "ID Number": "6607519"
  },
  {
    "ID Number": "6607497"
  },
  {
    "ID Number": "6608647"
  },
  {
    "ID Number": "6606598"
  },
  {
    "ID Number": "6608230"
  },
  {
    "ID Number": "6625983"
  },
  {
    "ID Number": "6606334"
  },
  {
    "ID Number": "6618987"
  },
  {
    "ID Number": "6618863"
  },
  {
    "ID Number": "6628443"
  },
  {
    "ID Number": "6603831"
  },
  {
    "ID Number": "6603840"
  },
  {
    "ID Number": "6620388"
  },
  {
    "ID Number": "6607942"
  },
  {
    "ID Number": "6600344"
  },
  {
    "ID Number": "6608612"
  },
  {
    "ID Number": "6608620"
  },
  {
    "ID Number": "3910288"
  },
  {
    "ID Number": "6609074"
  },
  {
    "ID Number": "6613144"
  },
  {
    "ID Number": "6611087"
  },
  {
    "ID Number": "6611079"
  },
  {
    "ID Number": "6603599"
  },
  {
    "ID Number": "6626408"
  },
  {
    "ID Number": "6613209"
  },
  {
    "ID Number": "6617735"
  },
  {
    "ID Number": "6608655"
  },
  {
    "ID Number": "6613560"
  },
  {
    "ID Number": "6602592"
  },
  {
    "ID Number": "6602304"
  },
  {
    "ID Number": "6606903"
  },
  {
    "ID Number": "6613926"
  },
  {
    "ID Number": "6600891"
  },
  {
    "ID Number": "6608817"
  },
  {
    "ID Number": "6608477"
  },
  {
    "ID Number": "6614043"
  },
  {
    "ID Number": "6603602"
  },
  {
    "ID Number": "6623468"
  },
  {
    "ID Number": "6603092"
  },
  {
    "ID Number": "6613403"
  },
  {
    "ID Number": "6616526"
  },
  {
    "ID Number": "6617859"
  },
  {
    "ID Number": "6605630"
  },
  {
    "ID Number": "6603858"
  },
  {
    "ID Number": "6600042"
  },
  {
    "ID Number": "6627196"
  },
  {
    "ID Number": "6603610"
  },
  {
    "ID Number": "6614680"
  },
  {
    "ID Number": "6600123"
  },
  {
    "ID Number": "6608523"
  },
  {
    "ID Number": "6606938"
  },
  {
    "ID Number": "6616186"
  },
  {
    "ID Number": "6616127"
  },
  {
    "ID Number": "6612199"
  },
  {
    "ID Number": "6623034"
  },
  {
    "ID Number": "6604617"
  },
  {
    "ID Number": "6617212"
  },
  {
    "ID Number": "6611486"
  },
  {
    "ID Number": "6633030"
  },
  {
    "ID Number": "6605419"
  },
  {
    "ID Number": "6603629"
  },
  {
    "ID Number": "6622810"
  },
  {
    "ID Number": "6613683"
  },
  {
    "ID Number": "6601324"
  },
  {
    "ID Number": "6634923"
  },
  {
    "ID Number": "6601170"
  },
  {
    "ID Number": "6603505"
  },
  {
    "ID Number": "6612326"
  },
  {
    "ID Number": "6601693"
  },
  {
    "ID Number": "6601707"
  },
  {
    "ID Number": "6633161"
  },
  {
    "ID Number": "6601715"
  },
  {
    "ID Number": "6604463"
  },
  {
    "ID Number": "6606075"
  },
  {
    "ID Number": "6621902"
  },
  {
    "ID Number": "6604838"
  },
  {
    "ID Number": "6604625"
  },
  {
    "ID Number": "6604633"
  },
  {
    "ID Number": "6608515"
  },
  {
    "ID Number": "6610455"
  },
  {
    "ID Number": "6615767"
  },
  {
    "ID Number": "6600204"
  },
  {
    "ID Number": "6607233"
  },
  {
    "ID Number": "6608132"
  },
  {
    "ID Number": "6615791"
  },
  {
    "ID Number": "6617824"
  },
  {
    "ID Number": "6633293"
  },
  {
    "ID Number": "6601723"
  },
  {
    "ID Number": "6616674"
  },
  {
    "ID Number": "6613977"
  },
  {
    "ID Number": "6602410"
  },
  {
    "ID Number": "6621104"
  },
  {
    "ID Number": "6601260"
  },
  {
    "ID Number": "6612253"
  },
  {
    "ID Number": "6610153"
  },
  {
    "ID Number": "6616445"
  },
  {
    "ID Number": "6627862"
  },
  {
    "ID Number": "6619029"
  },
  {
    "ID Number": "6613993"
  },
  {
    "ID Number": "6614973"
  },
  {
    "ID Number": "6600328"
  },
  {
    "ID Number": "6604129"
  },
  {
    "ID Number": "6612784"
  },
  {
    "ID Number": "6635750"
  },
  {
    "ID Number": "6612962"
  },
  {
    "ID Number": "6600352"
  },
  {
    "ID Number": "6611672"
  },
  {
    "ID Number": "6611125"
  },
  {
    "ID Number": "6632971"
  },
  {
    "ID Number": "6600913"
  },
  {
    "ID Number": "6608531"
  },
  {
    "ID Number": "6602894"
  },
  {
    "ID Number": "6610161"
  },
  {
    "ID Number": "6615678"
  },
  {
    "ID Number": "6626637"
  },
  {
    "ID Number": "6621988"
  },
  {
    "ID Number": "6615430"
  },
  {
    "ID Number": "6603653"
  },
  {
    "ID Number": "6621570"
  },
  {
    "ID Number": "6607276"
  },
  {
    "ID Number": "6611770"
  },
  {
    "ID Number": "6607640"
  },
  {
    "ID Number": "6605516"
  },
  {
    "ID Number": "6605508"
  },
  {
    "ID Number": "6602002"
  },
  {
    "ID Number": "6614019"
  },
  {
    "ID Number": "6600921"
  },
  {
    "ID Number": "6617077"
  },
  {
    "ID Number": "6617310"
  },
  {
    "ID Number": "523009926"
  },
  {
    "ID Number": "6613128"
  },
  {
    "ID Number": "6623816"
  },
  {
    "ID Number": "6625487"
  },
  {
    "ID Number": "6621554"
  },
  {
    "ID Number": "6608639"
  },
  {
    "ID Number": "6608167"
  },
  {
    "ID Number": "6622070"
  },
  {
    "ID Number": "6602916"
  },
  {
    "ID Number": "6610536"
  },
  {
    "ID Number": "6606814"
  },
  {
    "ID Number": "6607284"
  },
  {
    "ID Number": "6601090"
  },
  {
    "ID Number": "6607470"
  },
  {
    "ID Number": "6600379"
  },
  {
    "ID Number": "6615627"
  },
  {
    "ID Number": "6623107"
  },
  {
    "ID Number": "6606954"
  },
  {
    "ID Number": "6604064"
  },
  {
    "ID Number": "6614108"
  },
  {
    "ID Number": "6619053"
  },
  {
    "ID Number": "6633935"
  },
  {
    "ID Number": "6615058"
  },
  {
    "ID Number": "6616640"
  },
  {
    "ID Number": "6612547"
  },
  {
    "ID Number": "6627676"
  },
  {
    "ID Number": "6630979"
  },
  {
    "ID Number": "6632491"
  },
  {
    "ID Number": "6604145"
  },
  {
    "ID Number": "6601766"
  },
  {
    "ID Number": "6609767"
  },
  {
    "ID Number": "6600360"
  },
  {
    "ID Number": "6633170"
  },
  {
    "ID Number": "6616267"
  },
  {
    "ID Number": "6609791"
  },
  {
    "ID Number": "6605982"
  },
  {
    "ID Number": "6601774"
  },
  {
    "ID Number": "6613659"
  },
  {
    "ID Number": "6613640"
  },
  {
    "ID Number": "6614906"
  },
  {
    "ID Number": "6601456"
  },
  {
    "ID Number": "6625681"
  },
  {
    "ID Number": "6630014"
  },
  {
    "ID Number": "6603793"
  },
  {
    "ID Number": "6606970"
  },
  {
    "ID Number": "6605770"
  },
  {
    "ID Number": "6611680"
  },
  {
    "ID Number": "6611664"
  },
  {
    "ID Number": "6612334"
  },
  {
    "ID Number": "6624006"
  },
  {
    "ID Number": "6635849"
  },
  {
    "ID Number": "6600212"
  },
  {
    "ID Number": "6626700"
  },
  {
    "ID Number": "6611044"
  },
  {
    "ID Number": "6614213"
  },
  {
    "ID Number": "6622267"
  },
  {
    "ID Number": "6606377"
  },
  {
    "ID Number": "6603300"
  },
  {
    "ID Number": "6614744"
  },
  {
    "ID Number": "6604498"
  },
  {
    "ID Number": "6614647"
  },
  {
    "ID Number": "6602185"
  },
  {
    "ID Number": "6602070"
  },
  {
    "ID Number": "6611060"
  },
  {
    "ID Number": "6605478"
  },
  {
    "ID Number": "6630871"
  },
  {
    "ID Number": "6626947"
  },
  {
    "ID Number": "6627234"
  },
  {
    "ID Number": "6600930"
  },
  {
    "ID Number": "6606237"
  },
  {
    "ID Number": "6607845"
  },
  {
    "ID Number": "6615198"
  },
  {
    "ID Number": "6604048"
  },
  {
    "ID Number": "6610528"
  },
  {
    "ID Number": "6622330"
  },
  {
    "ID Number": "6616704"
  },
  {
    "ID Number": "6633048"
  },
  {
    "ID Number": "6603807"
  },
  {
    "ID Number": "6613462"
  },
  {
    "ID Number": "6618286"
  },
  {
    "ID Number": "6605281"
  },
  {
    "ID Number": "6625673"
  },
  {
    "ID Number": "6613780"
  },
  {
    "ID Number": "6623271"
  },
  {
    "ID Number": "6619118"
  },
  {
    "ID Number": "6600514"
  },
  {
    "ID Number": "6615759"
  },
  {
    "ID Number": "6601790"
  },
  {
    "ID Number": "6618502"
  },
  {
    "ID Number": "6601286"
  },
  {
    "ID Number": "6628877"
  },
  {
    "ID Number": "6602932"
  },
  {
    "ID Number": "6616291"
  },
  {
    "ID Number": "6606520"
  },
  {
    "ID Number": "6601804"
  },
  {
    "ID Number": "6614116"
  },
  {
    "ID Number": "6619568"
  },
  {
    "ID Number": "6625665"
  },
  {
    "ID Number": "6614205"
  },
  {
    "ID Number": "6608353"
  },
  {
    "ID Number": "6610188"
  },
  {
    "ID Number": "6600948"
  },
  {
    "ID Number": "6618316"
  },
  {
    "ID Number": "6608442"
  },
  {
    "ID Number": "6624049"
  },
  {
    "ID Number": "6601812"
  },
  {
    "ID Number": "6619509"
  },
  {
    "ID Number": "6611842"
  },
  {
    "ID Number": "6601391"
  },
  {
    "ID Number": "6618650"
  },
  {
    "ID Number": "6624723"
  },
  {
    "ID Number": "6609848"
  },
  {
    "ID Number": "6601820"
  },
  {
    "ID Number": "6605303"
  },
  {
    "ID Number": "6631177"
  },
  {
    "ID Number": "6617565"
  },
  {
    "ID Number": "6608256"
  },
  {
    "ID Number": "6609856"
  },
  {
    "ID Number": "6602681"
  },
  {
    "ID Number": "4413369"
  },
  {
    "ID Number": "6632505"
  },
  {
    "ID Number": "6624855"
  },
  {
    "ID Number": "6600077"
  },
  {
    "ID Number": "6605320"
  },
  {
    "ID Number": "6619274"
  },
  {
    "ID Number": "6602690"
  },
  {
    "ID Number": "6613071"
  },
  {
    "ID Number": "6613080"
  },
  {
    "ID Number": "6600387"
  },
  {
    "ID Number": "6618294"
  },
  {
    "ID Number": "6631452"
  },
  {
    "ID Number": "6631398"
  },
  {
    "ID Number": "6632980"
  },
  {
    "ID Number": "6626750"
  },
  {
    "ID Number": "6626769"
  },
  {
    "ID Number": "6608094"
  },
  {
    "ID Number": "6617557"
  },
  {
    "ID Number": "6600395"
  },
  {
    "ID Number": "6616895"
  },
  {
    "ID Number": "6624715"
  },
  {
    "ID Number": "6605273"
  },
  {
    "ID Number": "6607926"
  },
  {
    "ID Number": "6601065"
  },
  {
    "ID Number": "6626882"
  },
  {
    "ID Number": "6610960"
  },
  {
    "ID Number": "6610994"
  },
  {
    "ID Number": "6617387"
  },
  {
    "ID Number": "6616020"
  },
  {
    "ID Number": "6619649"
  },
  {
    "ID Number": "6629962"
  },
  {
    "ID Number": "6610439"
  },
  {
    "ID Number": "6604510"
  },
  {
    "ID Number": "6600956"
  },
  {
    "ID Number": "6610102"
  },
  {
    "ID Number": "6606504"
  },
  {
    "ID Number": "6602380"
  },
  {
    "ID Number": "6621848"
  },
  {
    "ID Number": "6605737"
  },
  {
    "ID Number": "6604765"
  },
  {
    "ID Number": "6602320"
  },
  {
    "ID Number": "6615783"
  },
  {
    "ID Number": "6632777"
  },
  {
    "ID Number": "6607454"
  },
  {
    "ID Number": "6602940"
  },
  {
    "ID Number": "6621376"
  },
  {
    "ID Number": "6600964"
  },
  {
    "ID Number": "6613624"
  },
  {
    "ID Number": "6600972"
  },
  {
    "ID Number": "6622160"
  },
  {
    "ID Number": "6615406"
  },
  {
    "ID Number": "6614736"
  },
  {
    "ID Number": "6613055"
  },
  {
    "ID Number": "6604773"
  },
  {
    "ID Number": "6612040"
  },
  {
    "ID Number": "6616275"
  },
  {
    "ID Number": "6618413"
  },
  {
    "ID Number": "6615341"
  },
  {
    "ID Number": "6607748"
  },
  {
    "ID Number": "6609899"
  },
  {
    "ID Number": "6606253"
  },
  {
    "ID Number": "6601464"
  },
  {
    "ID Number": "6614540"
  },
  {
    "ID Number": "6616143"
  },
  {
    "ID Number": "6606067"
  },
  {
    "ID Number": "6622291"
  },
  {
    "ID Number": "6600999"
  },
  {
    "ID Number": "6615252"
  },
  {
    "ID Number": "6614442"
  },
  {
    "ID Number": "6608027"
  },
  {
    "ID Number": "6606830"
  },
  {
    "ID Number": "6618880"
  },
  {
    "ID Number": "6626653"
  },
  {
    "ID Number": "6615619"
  },
  {
    "ID Number": "6615600"
  },
  {
    "ID Number": "6619444"
  },
  {
    "ID Number": "6100538"
  },
  {
    "ID Number": "6625339"
  },
  {
    "ID Number": "6617620"
  },
  {
    "ID Number": "6602231"
  },
  {
    "ID Number": "6613799"
  },
  {
    "ID Number": "6602703"
  },
  {
    "ID Number": "6615023"
  },
  {
    "ID Number": "6615953"
  },
  {
    "ID Number": "6617336"
  },
  {
    "ID Number": "6601073"
  },
  {
    "ID Number": "6620647"
  },
  {
    "ID Number": "6601006"
  },
  {
    "ID Number": "6627765"
  },
  {
    "ID Number": "6601014"
  },
  {
    "ID Number": "6601316"
  },
  {
    "ID Number": "6626904"
  },
  {
    "ID Number": "6604811"
  },
  {
    "ID Number": "6617492"
  },
  {
    "ID Number": "6617093"
  },
  {
    "ID Number": "6634672"
  },
  {
    "ID Number": "6611141"
  },
  {
    "ID Number": "6602240"
  },
  {
    "ID Number": "6613950"
  },
  {
    "ID Number": "6620566"
  },
  {
    "ID Number": "6629482"
  },
  {
    "ID Number": "6604650"
  },
  {
    "ID Number": "6627102"
  },
  {
    "ID Number": "6622240"
  },
  {
    "ID Number": "6615694"
  },
  {
    "ID Number": "6613454"
  },
  {
    "ID Number": "6621732"
  },
  {
    "ID Number": "6602096"
  },
  {
    "ID Number": "6618790"
  },
  {
    "ID Number": "6608272"
  },
  {
    "ID Number": "6610978"
  },
  {
    "ID Number": "6608264"
  },
  {
    "ID Number": "6605052"
  },
  {
    "ID Number": "6601022"
  },
  {
    "ID Number": "6602711"
  },
  {
    "ID Number": "6619940"
  },
  {
    "ID Number": "6604889"
  },
  {
    "ID Number": "6604102"
  },
  {
    "ID Number": "6601901"
  },
  {
    "ID Number": "6616852"
  },
  {
    "ID Number": "6617107"
  },
  {
    "ID Number": "6617115"
  },
  {
    "ID Number": "3903508"
  },
  {
    "ID Number": "6609147"
  },
  {
    "ID Number": "6602975"
  },
  {
    "ID Number": "6601987"
  },
  {
    "ID Number": "6610498"
  },
  {
    "ID Number": "6610463"
  },
  {
    "ID Number": "6602991"
  },
  {
    "ID Number": "6629504"
  },
  {
    "ID Number": "6632998"
  },
  {
    "ID Number": "6610471"
  },
  {
    "ID Number": "6622992"
  },
  {
    "ID Number": "6606709"
  },
  {
    "ID Number": "6601910"
  },
  {
    "ID Number": "6629431"
  },
  {
    "ID Number": "6604684"
  },
  {
    "ID Number": "3508684"
  },
  {
    "ID Number": "6607683"
  },
  {
    "ID Number": "6601030"
  },
  {
    "ID Number": "6605370"
  },
  {
    "ID Number": "6600280"
  },
  {
    "ID Number": "6616666"
  },
  {
    "ID Number": "6604706"
  },
  {
    "ID Number": "6632092"
  },
  {
    "ID Number": "6603769"
  },
  {
    "ID Number": "6603726"
  },
  {
    "ID Number": "6612814"
  },
  {
    "ID Number": "6602347"
  },
  {
    "ID Number": "6600417"
  },
  {
    "ID Number": "6604560"
  },
  {
    "ID Number": "6604846"
  },
  {
    "ID Number": "6606695"
  },
  {
    "ID Number": "6600131"
  },
  {
    "ID Number": "6605290"
  },
  {
    "ID Number": "6615546"
  },
  {
    "ID Number": "6622712"
  },
  {
    "ID Number": "6602401"
  },
  {
    "ID Number": "6614051"
  },
  {
    "ID Number": "6615171"
  },
  {
    "ID Number": "6606784"
  },
  {
    "ID Number": "6609171"
  },
  {
    "ID Number": "6615716"
  },
  {
    "ID Number": "6611150"
  },
  {
    "ID Number": "6627625"
  },
  {
    "ID Number": "6600220"
  },
  {
    "ID Number": "6614965"
  },
  {
    "ID Number": "6607721"
  },
  {
    "ID Number": "6605648"
  },
  {
    "ID Number": "6605621"
  },
  {
    "ID Number": "6631479"
  },
  {
    "ID Number": "6601294"
  },
  {
    "ID Number": "6615333"
  },
  {
    "ID Number": "6619681"
  },
  {
    "ID Number": "6606199"
  },
  {
    "ID Number": "6600581"
  },
  {
    "ID Number": "6609180"
  },
  {
    "ID Number": "6610447"
  },
  {
    "ID Number": "6601448"
  },
  {
    "ID Number": "6604200"
  },
  {
    "ID Number": "6611222"
  },
  {
    "ID Number": "6628621"
  },
  {
    "ID Number": "6617573"
  },
  {
    "ID Number": "6608426"
  },
  {
    "ID Number": "6606229"
  },
  {
    "ID Number": "6601928"
  },
  {
    "ID Number": "6618308"
  },
  {
    "ID Number": "6621325"
  },
  {
    "ID Number": "6616283"
  },
  {
    "ID Number": "6613381"
  },
  {
    "ID Number": "6602762"
  },
  {
    "ID Number": "6601243"
  },
  {
    "ID Number": "6612709"
  },
  {
    "ID Number": "6612717"
  },
  {
    "ID Number": "6602770"
  },
  {
    "ID Number": "6614787"
  },
  {
    "ID Number": "6615813"
  },
  {
    "ID Number": "6604781"
  },
  {
    "ID Number": "6620663"
  },
  {
    "ID Number": "6629857"
  },
  {
    "ID Number": "6600239"
  },
  {
    "ID Number": "6601308"
  },
  {
    "ID Number": "6603122"
  },
  {
    "ID Number": "6629997"
  },
  {
    "ID Number": "6622283"
  },
  {
    "ID Number": "6603130"
  },
  {
    "ID Number": "6614388"
  },
  {
    "ID Number": "6614450"
  },
  {
    "ID Number": "6601049"
  },
  {
    "ID Number": "6600492"
  },
  {
    "ID Number": "6627315"
  },
  {
    "ID Number": "6613756"
  },
  {
    "ID Number": "6625460"
  },
  {
    "ID Number": "6604722"
  },
  {
    "ID Number": "6620400"
  },
  {
    "ID Number": "6618553"
  },
  {
    "ID Number": "6605567"
  },
  {
    "ID Number": "6605559"
  },
  {
    "ID Number": "6614469"
  },
  {
    "ID Number": "6621341"
  },
  {
    "ID Number": "6604056"
  },
  {
    "ID Number": "6621082"
  },
  {
    "ID Number": "6603149"
  },
  {
    "ID Number": "6610510"
  },
  {
    "ID Number": "6628460"
  },
  {
    "ID Number": "6628060"
  },
  {
    "ID Number": "6610765"
  },
  {
    "ID Number": "6601332"
  },
  {
    "ID Number": "6625568"
  },
  {
    "ID Number": "6603289"
  },
  {
    "ID Number": "6617840"
  },
  {
    "ID Number": "6629830"
  },
  {
    "ID Number": "6602290"
  },
  {
    "ID Number": "6612911"
  },
  {
    "ID Number": "6607730"
  },
  {
    "ID Number": "6624510"
  },
  {
    "ID Number": "6611451"
  },
  {
    "ID Number": "6603475"
  },
  {
    "ID Number": "6606636"
  },
  {
    "ID Number": "6614914"
  },
  {
    "ID Number": "6616534"
  },
  {
    "ID Number": "6623301"
  },
  {
    "ID Number": "6607616"
  },
  {
    "ID Number": "6607241"
  },
  {
    "ID Number": "6607438"
  },
  {
    "ID Number": "6605486"
  },
  {
    "ID Number": "6605494"
  },
  {
    "ID Number": "6604099"
  },
  {
    "ID Number": "6608159"
  },
  {
    "ID Number": "6612822"
  },
  {
    "ID Number": "6612830"
  },
  {
    "ID Number": "6632084"
  },
  {
    "ID Number": "6618448"
  }
]