ID Number,Name,Fed,Sex,Title,WTit,OTit,Rating,Gms,K,RatingMonth,B-day,Flag
2520079,"Abdullayev, Rustem",IRL,M,,,,1935,0,40,AUG25,1986,i
2536986,"Abiltarov, Emir",IRL,M,,,,ACM,1685,0,AUG25,2009,
2516772,"Agarwal, Naisha",IRL,F,,,,1622,0,40,AUG25,2009,w
2516330,"Agarwal, Riyansh",IRL,M,,,,1667,0,40,AUG25,2013,
2501805,"Aherne, John P.",IRL,M,,,,1907,0,20,AUG25,1964,
2533111,"Alangara, Micheal",IRL,M,,,,1506,3,40,AUG25,1987,
457370,"Allen, John P",IRL,M,,,,1785,0,20,AUG25,1963,
2525011,"Allsop, Rhys",IRL,M,,,,1592,0,20,AUG25,2006,
2531887,"Amo Leon, Liher",IRL,M,,,,1560,0,40,AUG25,2013,
2520648,"Amo, Hugo",IRL,M,,,,1576,0,20,AUG25,1977,
2535750,"Amrolan, Jayden",IRL,M,,,,1499,4,40,AUG25,2013,
2519550,"Anand, Yathrik",IRL,M,,,,1523,0,40,AUG25,2013,
2514036,"Anderson, Paul",IRL,M,,,,1588,0,20,AUG25,1962,i
2523949,"Anderson, Ryan",IRL,M,,,,1706,0,40,AUG25,2006,
2523531,"Andhurthi, Sreeyan",IRL,M,,,,1936,0,40,AUG25,2015,
2513854,"Andrikopoulous, Panagiotis",IRL,M,,,,1642,0,20,AUG25,1983,i
2505762,"Annesley, Gareth",IRL,M,,,,1932,0,20,AUG25,1972,
2510251,"Antohi, Marius",IRL,M,,,,1823,0,20,AUG25,1982,
5206049,"Arellano, Robert",IRL,M,,NI,,AGM,2114,0,AUG25,1976,
2510340,"Armstrong, Chris",IRL,M,,,,1620,4,20,AUG25,1964,
2524201,"Arun, Nitish",IRL,M,,,,1972,7,40,AUG25,2012,
2524210,"Arun, Rahul",IRL,M,,,,1719,0,40,AUG25,2009,
2501430,"Astaneh Lopez, Alex",IRL,M,IM,,,2377,0,10,AUG25,1987,i
2512270,"Avetisyan, Gagik",IRL,M,,,,1728,0,40,AUG25,2005,i
2512750,"Avetisyan, Karen",IRL,M,,,,1630,0,20,AUG25,1977,
2539390,"Aziz, Miro",IRL,M,,,,1834,2,40,AUG25,2014,
2523540,"Babak, Oleh",IRL,M,,,,1560,0,40,AUG25,2013,
2536099,"Babii, Sergiu Florin",IRL,M,,,,1471,0,40,AUG25,1988,
2500914,"Baburin, Alexander",IRL,M,GM,,,2402,0,10,AUG25,1967,i
2508281,"Baczkowski, Piotr",IRL,M,,,,1704,0,20,AUG25,2001,
2508290,"Baczkowski, Stefan",IRL,M,,,,1682,0,20,AUG25,1958,
2507250,"Baird, David",IRL,M,,,,1722,0,20,AUG25,1953,
2527626,"Balic, Ivan",IRL,M,,,,1543,0,40,AUG25,1988,i
2539080,"Ballis, Jakob",IRL,M,,,,1796,0,40,AUG25,2004,
2524600,"Banerjee, Aharshi",IRL,M,,,,1628,7,40,AUG25,2011,
2520966,"Bansal, Naivedya",IRL,M,,,,1632,0,20,AUG25,1997,i
2518520,"Baranowski, Lukasz",IRL,M,,,,1721,0,20,AUG25,1986,
2513838,"Barbals, Gatis",IRL,M,,,,1805,0,20,AUG25,1987,
2517604,"Barnes, Oliver",IRL,M,,,,1947,0,40,AUG25,2009,
2535904,"Barrett, Eric",IRL,M,,,,1577,0,40,AUG25,2010,
2523019,"Barrett, Ronan",IRL,M,,,,1502,0,40,AUG25,2001,
2500175,"Barry, Colm",IRL,M,,,,2223,0,20,AUG25,1959,i
2521580,"Barry, Kieran",IRL,M,,,,1547,0,40,AUG25,1968,i
2529190,"Barsila, Denis",IRL,M,,,,1465,0,20,AUG25,1981,
2523558,"Bartczak, Korneliusz",IRL,M,,,,1889,0,40,AUG25,2012,
2534363,"Bartkiv, Taras",IRL,M,,,,1661,0,40,AUG25,2007,
2513781,"Batsuuri, Lkham",IRL,M,,,,1769,0,20,AUG25,1978,i
2533413,"Bautista, Philip",IRL,M,,,,1817,0,40,AUG25,1974,
2507544,"Beatty, Desmond",IRL,M,,,,1677,0,40,AUG25,1961,i
2507552,"Beatty, Ross",IRL,M,,,,1818,0,20,AUG25,2001,i
2501449,"Beckett, Brian",IRL,M,,,,1890,0,20,AUG25,1950,i
2526476,"Beirne-Bowden, Danny",IRL,M,,,,1697,0,40,AUG25,2008,
2510901,"Belton, Liam",IRL,M,,,,1780,0,40,AUG25,2003,
2501384,"Bennett, Eric",IRL,M,,,,1846,9,20,AUG25,1977,
2500604,"Benson, Nicola",IRL,F,,,,1625,0,20,AUG25,1958,wi
2501821,"Benson, Oisin P.",IRL,M,,,,1972,0,20,AUG25,1992,i
2512572,"Bergin, Cian",IRL,M,,,,1815,0,20,AUG25,2002,
2527197,"Bermingham, Adam D.",IRL,M,,,,1648,0,20,AUG25,1981,
2529297,"Bermingham, Erica",IRL,F,,,,1466,0,40,AUG25,2015,w
2532824,"Bharadwaj, Aarvi",IRL,F,,,,1639,0,40,AUG25,2017,w
2531372,"Bharambe, Nevan",IRL,M,,,,1493,4,40,AUG25,2015,
33427020,Bhattacharjee Krish,IRL,M,,,,ACM,1557,4,AUG25,2015,
2535912,"Bhushan, Addhrit",IRL,M,,,,1463,1,40,AUG25,2012,
2535920,"Bhushan, Adhiraj",IRL,M,,,,1478,2,40,AUG25,2012,
2526778,"Bicev, Yan",IRL,M,,,,1648,0,40,AUG25,2008,i
2527995,"Birendra, Claudio",IRL,M,,,,1598,0,40,AUG25,2002,i
2503204,"Bissett, Vincent",IRL,M,,,,1897,0,20,AUG25,1968,i
2518155,"Biswal, Saiansh",IRL,M,,,,1715,0,40,AUG25,2014,
2514532,"Black, Leslie",IRL,M,,,,1620,0,40,AUG25,1972,i
2507560,"Boland, Dylan",IRL,M,,,,1851,0,20,AUG25,1999,i
2512505,"Boldijar, Nicu",IRL,M,,,,1813,0,20,AUG25,1974,i
2527847,"Boomer, James",IRL,M,,,,1476,0,40,AUG25,1968,
2534100,"Booysen, Dylan",IRL,M,,,,1513,0,40,AUG25,2001,
2525615,"Bornot, Jose Miguel Sanche",IRL,M,,,,1741,0,40,AUG25,1979,i
2504456,"Bourached, Anthony",IRL,M,,,,1923,0,20,AUG25,1993,
2520842,"Bourached, Eve",IRL,F,,,,1532,0,40,AUG25,1981,wi
2529734,"Bowman, Charlie",IRL,M,,,,1653,0,40,AUG25,2000,
2533812,"Boyd, Jacob",IRL,M,,,,1672,0,40,AUG25,2012,
2533243,"Boyd, Jonathan",IRL,M,,,,1682,0,40,AUG25,1982,
2533820,"Boyd, Joshua",IRL,M,,,,1565,0,40,AUG25,2011,
2501830,"Boyle, Bernard",IRL,M,,,,1864,0,20,AUG25,1956,i
2524503,"Bradley, Seamus",IRL,M,,,,1781,0,40,AUG25,2003,i
2513714,"Brady, Fearghal",IRL,M,,,,1731,0,40,AUG25,2008,i
2534118,"Brady, John",IRL,M,,,,1591,0,40,AUG25,2003,
2500124,"Brady, Stephen",IRL,M,FM,,,2247,0,20,AUG25,1969,
416525,"Brady, Vince",IRL,M,,,,1583,0,20,AUG25,1948,i
2518570,"Braine, Harry",IRL,M,,,,1907,0,40,AUG25,2009,
2523930,"Brearley, Thierry",IRL,M,,,,1470,0,40,AUG25,1965,
2504111,"Brehhov, Martin",IRL,M,,,,1876,0,20,AUG25,1979,
2531054,"Briggs, Maslen",IRL,M,,,,1556,2,40,AUG25,2012,
2524457,"Bronnikova, Alla",IRL,F,,,,1912,0,40,AUG25,1965,w
2522055,"Brophy, Matthew",IRL,M,,,,1780,0,20,AUG25,1991,i
2512700,"Brozynski, Patryk",IRL,M,CM,,,1930,0,40,AUG25,2008,i
2508095,"Buckley, Brendan",IRL,M,,,,1971,0,20,AUG25,1969,i
2505916,"Buckley, Colm",IRL,M,,,,1900,0,20,AUG25,1972,i
2518112,"Buckley, Declan",IRL,M,,,,1632,0,40,AUG25,2006,
2503239,"Buckley, Gerard",IRL,M,,,,1832,0,20,AUG25,1977,
2513552,"Bueckert, Diana",IRL,F,,,,1614,0,40,AUG25,2008,wi
2536102,"Bulfin, Lugh",IRL,M,,,,1522,0,40,AUG25,2008,
2531666,"Burke, Aoibhin",IRL,F,,,,1576,0,40,AUG25,2005,wi
2504278,"Burke, James",IRL,M,,,,1803,0,20,AUG25,1959,
2501520,"Burke, Kevin A.",IRL,M,,,,1866,0,20,AUG25,1979,i
2522063,"Butler, Jp",IRL,M,,,,1655,0,20,AUG25,1976,
2508788,"Byrne, Alex",IRL,M,,,,1971,0,20,AUG25,2002,i
2525062,"Byrne, Henry",IRL,M,,,,1756,0,20,AUG25,2001,i
2537079,"Byrne, Ronan",IRL,M,,,,1460,0,40,AUG25,1977,
2505770,"Cairns, John",IRL,M,,,,2034,0,20,AUG25,1969,i
2523574,"Caliendo, Brian",IRL,M,,,,1718,0,40,AUG25,1977,i
2511096,"Callaghan, Michael",IRL,M,,,,1803,0,40,AUG25,2005,i
2518392,"Campbell, Andrew",IRL,M,,,,1914,10,20,AUG25,2006,
1148184,"Campbell, Karina",IRL,F,WFM,WFM,,1826,0,20,AUG25,1994,wi
2518406,"Campbell, Peter",IRL,M,,,,1619,3,20,AUG25,1976,
2513072,"Carolan, James",IRL,M,,,,1619,0,20,AUG25,1992,i
2523000,"Carr, David",IRL,M,,,,1726,0,20,AUG25,2001,i
2535939,"Carrara, Nicolas Pasich",IRL,M,,,,1469,0,40,AUG25,2006,
2527227,"Carreira, Diego",IRL,M,,,,1671,0,40,AUG25,2008,
2510243,"Carroll, Peter",IRL,M,FM,,,1993,0,20,AUG25,2002,i
2500213,"Carton, Patrick",IRL,M,,,,1925,0,20,AUG25,1959,i
2502178,"Casey, Eoghan",IRL,M,,,,1891,0,20,AUG25,1982,i
2502020,"Cassidy, John",IRL,M,,,,1870,0,20,AUG25,1972,
2507226,"Cassidy, Sydney",IRL,M,,,,1709,0,20,AUG25,1950,
2522365,"Catacutan, Elijah Patrick",IRL,M,,,,1600,0,40,AUG25,2011,
2529866,"Catacutan, Lauren",IRL,F,,,,1431,0,40,AUG25,2013,w
2531070,"Chandrasekar, Devah",IRL,M,,,,1599,3,40,AUG25,2013,
2532336,"Chawanda, Washington",IRL,M,,,,1525,0,40,AUG25,1980,i
2521814,"Cheon, Elijah",IRL,M,,,,1748,0,20,AUG25,2001,i
2525135,"Chopra, Yashul",IRL,M,,,,1569,0,40,AUG25,2001,i
2503620,"Cichonski, Bartlomiej",IRL,M,,,,1974,0,20,AUG25,1984,i
2526638,"Cinnsealach, Oisin",IRL,M,,,,1676,4,40,AUG25,1996,
2539420,"Clancy, Declan",IRL,M,,,,1747,6,40,AUG25,2010,
2530600,"Clancy, Stephen",IRL,M,,,,1763,3,40,AUG25,1997,
2518317,"Cochrane, Daniel",IRL,M,,,,1644,0,20,AUG25,2002,i
2528304,"Cogelja, Mihovil Niko",IRL,M,,,,AFM,1835,6,AUG25,2011,
2514818,"Cole, Ethan",IRL,M,,,,1930,10,40,AUG25,2012,
2504537,"Coleman, Pat",IRL,M,,,,1780,0,20,AUG25,1970,i
2526492,"Colgan, Joe",IRL,M,,,,1775,0,40,AUG25,2009,i
2512300,"Collins, Adam",IRL,M,CM,,,2157,5,20,AUG25,2005,
2501198,"Collins, Sam E.",IRL,M,IM,,,2434,0,10,AUG25,1982,
2524260,"Comley, Jamie",IRL,M,,,,1859,3,40,AUG25,2007,
2516799,"Connell, Kris",IRL,M,,,,1729,0,20,AUG25,2006,i
2532344,"Connolly, Andrew",IRL,M,,,,1829,0,40,AUG25,2004,i
2508320,"Connolly, Eoin",IRL,M,,,,1758,0,40,AUG25,1996,i
2507412,"Connolly, John W.",IRL,M,,,,1753,0,40,AUG25,1996,i
2520559,"Conroy, Eoghan",IRL,M,,,,1600,0,40,AUG25,2008,i
2520478,"Conway, Dylan",IRL,M,,,,1791,0,20,AUG25,2001,i
2538237,"Cooney, Yann",IRL,M,,,,1508,0,40,AUG25,2012,
2534193,"Cooper, Neil",IRL,M,,,,1583,0,40,AUG25,1960,
368178551,"Copeland, Dean",IRL,M,,,,1861,0,20,AUG25,2001,
2512629,"Cornes, Brendan",IRL,M,,,,1855,0,20,AUG25,1955,i
2516977,"Corr, David",IRL,M,,,,1706,7,40,AUG25,1974,
2527820,"Corr, Freddie",IRL,M,,,,1486,2,40,AUG25,2012,
2526646,"Corr, Jonah",IRL,M,,,,1511,7,40,AUG25,2008,
2529750,"Corry, Shane",IRL,M,,,,1589,0,40,AUG25,1997,i
2504294,"Cosgrove, Pat",IRL,M,,,,1667,0,40,AUG25,1957,
2503670,"Creighton, Terry",IRL,M,,,,1870,0,20,AUG25,1969,i
2500973,"Crichton, Martin",IRL,M,,,,1903,0,20,AUG25,1965,i
2527804,"Crothers, Toby",IRL,M,,,,1684,3,40,AUG25,2008,
2529513,"Crowe, John",IRL,M,,,,1626,0,40,AUG25,1985,
2512580,"Crowley, James",IRL,M,FM,,,1963,0,40,AUG25,2005,
2523957,"Crummey, James",IRL,M,,,,1875,0,40,AUG25,2000,
2528789,"Cruz Leo, Jaime",IRL,M,,,,1707,0,40,AUG25,2001,
2521547,"Cucu, Marian",IRL,M,,,,1763,0,40,AUG25,1971,
2506033,"Cullen, Ben",IRL,M,,,,1927,0,20,AUG25,1996,i
2526654,"Cullen, Michael",IRL,M,,,,1533,7,40,AUG25,1991,
2504146,"Cullen, Sean",IRL,M,,,,1767,0,20,AUG25,1964,
2525780,"Cummins, Finn",IRL,M,,,,1815,0,40,AUG25,2007,
2512084,"Cummins, Sean",IRL,M,,,,1899,0,20,AUG25,1996,
2533537,"Curran, Cameron",IRL,M,,,,1606,3,40,AUG25,2004,
2504600,"Curran, Garrett",IRL,M,,,,1969,0,20,AUG25,1974,i
2519593,"Da Silva, Gabriel",IRL,M,,,,1691,0,20,AUG25,1993,
2500434,"Daly, Colm",IRL,M,FM,,,2072,0,20,AUG25,1967,
2521407,"Daly, Tim",IRL,M,,,,1745,0,20,AUG25,2002,i
2534207,"Dawson, John",IRL,M,,,,1728,0,40,AUG25,1998,
2502062,"De Jonge, Henk",IRL,M,,,,1934,6,20,AUG25,1963,
2533340,"Deekonda, Rithvik",IRL,M,,,,1732,0,40,AUG25,2011,
2532760,"Deignan, Oisin",IRL,M,,,,1651,0,40,AUG25,2003,
2500060,"Delaney, John",IRL,M,FM,,,2098,0,20,AUG25,1962,
2501570,"Delaney, Killian",IRL,M,FM,,,2160,0,20,AUG25,1985,
2501058,"Dempsey, Paul",IRL,M,,,,2138,0,20,AUG25,1982,i
2517280,"Devine, Daniel",IRL,M,,,,1669,0,40,AUG25,2013,i
2520125,"Devine, Michael",IRL,M,,,,1606,4,40,AUG25,1982,
2514826,"Devine, Shane",IRL,M,,,,1745,5,40,AUG25,1990,
2501422,"Dignam, Matthew",IRL,M,,,,2013,0,20,AUG25,1988,
2511649,"Dimitrov, Nikolai",IRL,M,,,,1618,2,20,AUG25,1955,
2519038,"Dineen, Ryan",IRL,M,,,,1582,1,40,AUG25,1979,
2527502,"Diskin, Cathal",IRL,M,,,,1494,0,40,AUG25,2004,
2505754,"Divilly, Paddy",IRL,M,,,,1693,0,20,AUG25,1945,i
2504669,"Dobbyn, Andrew",IRL,M,,,,1665,0,20,AUG25,1941,i
2525143,"Dobrynin, Maxim",IRL,M,,,,1808,0,40,AUG25,2005,
2517205,"Dolia, Samarth",IRL,M,,,,1544,0,40,AUG25,2014,
2524740,"Donlon, Edward",IRL,M,,,,1566,0,40,AUG25,1991,
2502445,"Donohoe, Eugene",IRL,M,,,,1735,0,20,AUG25,1953,
2527146,"Doody, Odhran",IRL,M,,,,1647,0,40,AUG25,2009,
2517221,"Doolin, Bedhbh",IRL,F,,,,1634,0,40,AUG25,2011,w
2517230,"Doolin, Nemhain",IRL,F,,,,1759,0,40,AUG25,2011,w
601152,"Doran, Niall",IRL,M,,,,1802,0,20,AUG25,1974,i
456039,"Dorman, Orla",IRL,F,,,,1689,0,20,AUG25,2003,wi
2511967,"Dornford-Smith, Adrian",IRL,M,,,,ACM,1542,0,AUG25,1965,
2515148,"Dorrian, Christopher",IRL,M,,NA,,1681,0,20,AUG25,1979,
2515873,"Dougherty, Matthew",IRL,M,,,,1760,0,40,AUG25,1999,i
2520397,"Douglas, James",IRL,M,,,,1696,0,40,AUG25,2003,i
2538016,"Douglas, Jason Clement",IRL,M,,,,1633,0,40,AUG25,1972,
2531917,"Doxey, Mark",IRL,M,,,,1620,0,40,AUG25,1960,
2500329,"Doyle, Anthony",IRL,M,,,,1992,0,20,AUG25,1949,i
2524759,"Doyle, Frank",IRL,M,,,,1536,0,40,AUG25,1976,
2507919,"Doyle, Gavin",IRL,M,,,,1778,0,20,AUG25,1986,i
2521202,"Doyle, Robert",IRL,M,,,,1737,0,40,AUG25,1994,
2513080,"Dragic, Zoran",IRL,M,,,,1714,0,20,AUG25,1975,i
2516063,"Drapiewski, Grzegorz",IRL,M,,,,1800,0,20,AUG25,1988,
2519046,"Du Berry, Ross",IRL,M,,,,1730,3,20,AUG25,2000,
2522675,"Duan, Yinan",IRL,M,,,,1774,0,40,AUG25,2012,
2519623,"Dubose, Craig",IRL,M,,,,1545,0,40,AUG25,1979,
2525151,"Duddy, Ruairi Jude",IRL,M,,,,1695,0,40,AUG25,2006,i
2524546,"Duff, Woody",IRL,M,,,,1414,0,40,AUG25,2011,i
2526840,"Duffy, Philip",IRL,M,,,,1622,0,40,AUG25,2006,
2501708,"Duffy, Seamus",IRL,M,,,,1962,0,20,AUG25,1963,i
2531933,"Dumigan, Owen",IRL,M,,,,1538,3,20,AUG25,1996,
2532166,"Dunne, Eoin",IRL,M,,,,1673,0,40,AUG25,2006,i
2507269,"Dunne, Thomas Junior",IRL,M,,,,AIM,1931,0,AUG25,1992,
2529700,"Dunseath, Christopher",IRL,M,,,,1636,4,40,AUG25,2000,
2531402,"Duppalapudi, Shreyansh",IRL,M,,,,1493,0,40,AUG25,2014,
2536110,"Durnin, Sean",IRL,M,,,,1659,0,40,AUG25,2002,
2507927,"Dwyer, Daniel",IRL,M,,,,1879,0,40,AUG25,2005,i
2504715,"Earls, Dermot",IRL,M,,,,1620,0,20,AUG25,1955,
2521822,"Edens, Jack",IRL,M,,,,1819,9,20,AUG25,2002,
2501732,"Egan, Colm",IRL,M,,,,1824,0,20,AUG25,1942,i
2534061,"El Baradie, Adam",IRL,M,,,,1576,5,40,AUG25,2014,
2532174,"Elioutin, Daniel Afanasiev",IRL,M,,,,1462,0,40,AUG25,2015,
2532182,"Elioutin, Michael Afanasiev",IRL,M,,,,1410,0,40,AUG25,2015,
2512467,"Fagan, Kevin",IRL,M,,,,1668,0,20,AUG25,1989,i
2502496,"Fagan, Leon",IRL,M,,,,1879,0,20,AUG25,1974,i
2525836,"Fagan, Rordan",IRL,M,,,,1746,0,40,AUG25,2011,i
2506203,"Faleschini, Sasha-Ettore",IRL,M,,,,1950,0,20,AUG25,2002,i
2532395,"Fang, Yiming",IRL,M,,,,1620,0,40,AUG25,2014,
2533855,"Farrell, Dave",IRL,M,,,,1491,0,40,AUG25,1970,
2510359,"Farrelly, Eoin",IRL,M,,,,1831,0,20,AUG25,2004,
2517787,"Faustino Lawlor, Elias",IRL,M,,,,1848,0,40,AUG25,2009,
2524767,"Fearon, Jake",IRL,M,,,,1773,0,40,AUG25,1999,
2541084,"Feeney, George",IRL,M,,,,1680,6,40,AUG25,2006,
2509342,"Ferguson, Dayna",IRL,F,,,,1765,0,20,AUG25,2004,wi
2518325,"Ferris, Liam",IRL,M,,,,1827,0,20,AUG25,1997,i
2532271,"Finnegan, Adrian",IRL,M,,,,1631,0,40,AUG25,1997,i
2526255,"Fintha, Oliver",IRL,M,,,,1644,0,40,AUG25,2008,i
2520745,"Fiolek, Dorian",IRL,M,,,,1682,0,20,AUG25,2003,i
2521024,"Fitzpatrick, Conor",IRL,M,,,,1648,0,20,AUG25,1995,i
2512513,"Fitzpatrick, Daniel",IRL,M,,,,1671,0,20,AUG25,1996,i
2504774,"Fitzpatrick, David",IRL,M,,,,1764,0,20,AUG25,1980,
2505886,"Fitzpatrick, Kevin",IRL,M,,,,1750,0,20,AUG25,1955,i
2501961,"Fitzsimons, David",IRL,M,IM,,,2277,0,20,AUG25,1991,
2502526,"Fitzsimons, Pat",IRL,M,,,,1813,0,20,AUG25,1961,
2535742,"Flynn, Colum",IRL,M,,,,1685,0,40,AUG25,2000,
2509393,"Flynn, Jacob",IRL,M,CM,,,2226,0,20,AUG25,2001,
2507803,"Flynn, Seamus",IRL,M,,,,1619,0,40,AUG25,1994,i
2505444,"Foenander, Phillip",IRL,M,,,,1760,0,20,AUG25,1952,i
2525453,"Foster, Ben",IRL,M,,,,1556,0,40,AUG25,2007,
2500736,"Fox, Anthony",IRL,M,,,,2039,0,20,AUG25,1960,i
2519666,"Frost, Robert",IRL,M,,,,1742,0,40,AUG25,1989,
2521768,"Fuchs, Eric",IRL,M,,,,1540,0,20,AUG25,1968,i
2520869,"Furlong, Adam",IRL,M,,,,1591,0,20,AUG25,2002,i
2503310,"Gahan, Edward",IRL,M,,,,1775,0,20,AUG25,1970,i
368110760,"Gallagher, Aaron",IRL,M,,,,1553,0,40,AUG25,1993,i
2512556,"Gallagher, Brian",IRL,M,,,,1838,0,20,AUG25,1993,
2518791,"Gallagher, Dominic",IRL,M,,,,1812,0,20,AUG25,1991,i
2519682,"Gallagher, Fergal",IRL,M,,,,1517,0,40,AUG25,1974,
2507161,"Gallagher, Matthew",IRL,M,,,,1785,0,20,AUG25,2002,i
2513692,"Gallagher, Noel Edward",IRL,M,,,,1693,0,20,AUG25,1970,i
2501619,"Galligan, Brian",IRL,M,,,,2023,0,20,AUG25,1972,i
2511592,"Gamage, Vihanga",IRL,M,,,,1740,0,20,AUG25,1997,i
2517477,"Gannon, Sean",IRL,M,,,,1688,0,40,AUG25,2008,i
2515024,"Gardner, Neil",IRL,M,,,,1733,4,40,AUG25,1974,
2516985,"Garvin, David",IRL,M,,,,1660,4,40,AUG25,1964,
2507838,"Gaughan, Allen",IRL,M,,,,1619,0,40,AUG25,1983,
2509164,"Geaney-O`brien, David",IRL,M,,,,1953,14,20,AUG25,1998,
1202260,"Gelip, Ioana",IRL,F,WFM,WFM,,2096,0,20,AUG25,1995,wi
2538253,"Gettins, Mathew",IRL,M,,,,1599,0,40,AUG25,1995,
2520877,"Gevorkyan, David",IRL,M,,,,1729,0,20,AUG25,2004,i
2500531,"Gillen, Adrian",IRL,M,,,,2206,0,20,AUG25,1977,i
2508613,"Gilligan, Michael",IRL,M,,,,1681,0,20,AUG25,1991,
2513951,"Gilmore, Adrian",IRL,M,,,,1756,0,20,AUG25,1964,
2532352,"Gilvarry, Myles D",IRL,M,,,,1822,0,40,AUG25,1958,i
2539705,"Giurgila, Brendan",IRL,M,,,,1547,0,40,AUG25,2002,
2520214,"Gleeson, Eavan",IRL,F,,,,1598,0,40,AUG25,1990,wi
2515792,"Glendinning, Calum",IRL,M,,,,1713,0,40,AUG25,2005,
1148290,"Gora, Antonina",IRL,F,WCM,WCM,,1827,0,20,AUG25,1997,wi
2518309,"Gorman, Dean",IRL,M,,,,1901,6,20,AUG25,1974,
2514834,"Gormley, Cathan",IRL,M,,,,1800,0,20,AUG25,1998,i
2509407,"Goss, Alex",IRL,M,,,,1869,0,20,AUG25,2000,
2510855,"Gould, Richard",IRL,M,,,,1773,0,20,AUG25,1980,i
2527901,"Gourley, Darren",IRL,M,,,,1553,0,40,AUG25,1986,
2527910,"Gourley, Jake",IRL,M,,,,1575,0,40,AUG25,2011,
2519690,"Govindaraju, Darun",IRL,M,,,,2025,0,40,AUG25,2010,
2516837,"Grant, Cian",IRL,M,,,,1611,0,40,AUG25,2001,i
2525607,"Greenan, Darragh",IRL,M,,,,1731,0,40,AUG25,2014,
2526514,"Greenan, David",IRL,M,,,,1522,0,40,AUG25,2012,
2508885,"Greenan, Paul",IRL,M,,,,1816,0,40,AUG25,1969,
2530473,"Greene, Matthew",IRL,M,,,,1675,4,40,AUG25,1992,
2520133,"Grey, Tom",IRL,M,,,,1826,0,20,AUG25,2002,
2529327,"Gu, Austin Haoen",IRL,M,,,,1423,0,40,AUG25,2017,
14115115,"Gubanov, Oleg",IRL,M,IM,,,2168,0,20,AUG25,1987,
2529688,"Guerin, Steven",IRL,M,,,,1734,0,40,AUG25,1994,
2505681,"Guinan, Cian",IRL,M,,,,1830,0,20,AUG25,1999,i
2505738,"Guinan, Sean",IRL,M,,,,1788,0,20,AUG25,1997,i
2515806,"Gunning, Joe",IRL,M,,,,1595,7,20,AUG25,1946,
2520508,"Gupta, Prisha",IRL,F,,,,1588,0,40,AUG25,2011,w
2510790,"Gupta, Utkarsh",IRL,M,,,,1847,0,20,AUG25,2004,i
2527260,"Guy, Hugh",IRL,M,,,,1554,0,40,AUG25,1974,
2505460,"Hackett, Len",IRL,M,,,,1747,3,20,AUG25,1975,
2511991,"Hakhumyan, Arsen",IRL,M,,,,1613,0,40,AUG25,2010,
2529025,"Hakiem, Alayham",IRL,M,,,,1477,0,40,AUG25,2010,
2510588,"Hakobyan, Aram",IRL,M,,,,1869,4,40,AUG25,1976,
2533570,"Hall, Seb",IRL,M,,,,1721,0,40,AUG25,2001,
2510235,"Halpenny, John",IRL,M,,,,1641,0,20,AUG25,1987,
2539217,"Hania, Jelmer",IRL,M,,,,1578,0,40,AUG25,1969,
2538059,"Hanna, Patrick",IRL,M,,,,1565,4,40,AUG25,2014,
2510510,"Haque, Mahfuzul",IRL,M,,,,1581,0,20,AUG25,1972,i
2509415,"Haque, Muhtarim-Ul",IRL,M,,,,2064,0,20,AUG25,2004,
2509334,"Haque, Mustakim-Ul",IRL,M,,,,1997,0,20,AUG25,2002,
2514001,"Harding, John",IRL,M,,,,1726,0,40,AUG25,1945,i
2500256,"Harding, Tim D",IRL,M,CM,,,1891,0,20,AUG25,1948,
2525178,"Harkin, John Paul",IRL,M,,,,1787,0,20,AUG25,2001,
2536331,"Harmon, Peter",IRL,M,,,,1727,0,40,AUG25,2007,
2519739,"Harney, Alex",IRL,M,,,,1826,0,40,AUG25,2005,
2536382,"Harpur, Adam",IRL,M,,,,1538,0,40,AUG25,1989,
2513196,"Harrington, Eoin",IRL,M,,,,1789,0,20,AUG25,2002,
2511924,"Harris, Dexter",IRL,M,,,,1464,0,40,AUG25,2008,i
2525186,"Harris, Leroy",IRL,M,,,,1831,0,20,AUG25,1992,
2511916,"Harris, Ross",IRL,M,,,,1920,0,20,AUG25,1976,i
2533081,"Hassan, Ali Abul",IRL,M,,,,1796,0,40,AUG25,1979,
2528010,"Hassett, Jacob",IRL,M,,,,1606,0,40,AUG25,2009,i
2524449,"Hatton, David",IRL,M,,,,1621,0,20,AUG25,1995,i
2529122,"Haughey, Caolan",IRL,M,,,,1643,0,40,AUG25,1996,i
2507595,"Hayden, Luke",IRL,M,,,,1752,0,20,AUG25,1996,i
2502569,"Hayes, Peter J.",IRL,M,,,,1971,0,20,AUG25,1983,
2519402,"Heald, Michael",IRL,M,,,,1641,0,40,AUG25,1942,i
2500965,"Healy, John",IRL,M,,,,1922,0,20,AUG25,1983,
2503018,"Hearne, Sarah-Jane",IRL,F,WCM,WCM,,1722,0,20,AUG25,1995,wi
2509253,"Hegarty, Conall",IRL,M,,,,1893,0,20,AUG25,1993,i
2508141,"Hegarty, Fintan",IRL,M,,,,1755,0,20,AUG25,1986,i
2511398,"Hehir, Paul",IRL,M,,,,1839,0,20,AUG25,1992,i
2500990,"Heidenfeld, Mark",IRL,M,IM,,,2367,0,20,AUG25,1968,i
2536919,"Henry, William",IRL,M,,,,1444,6,40,AUG25,2013,
2529343,"Heron, Lorcan",IRL,M,,,,1636,0,40,AUG25,2011,
2528908,"Herring, Jack",IRL,M,,,,1789,0,40,AUG25,1991,i
2515040,"Hill, Daniel",IRL,M,,,,1565,3,20,AUG25,2004,
2513846,"Hill, David",IRL,M,,,,1744,2,20,AUG25,1972,
2507234,"Hogan, Douglas",IRL,M,,,,1853,0,20,AUG25,1973,i
2504847,"Honner, Mervyn",IRL,M,,,,1673,0,20,AUG25,1964,
2526310,"Horrigan, James",IRL,M,,,,1526,0,40,AUG25,2010,
2536404,"Houlihan, Alex",IRL,M,,,,1564,0,40,AUG25,2009,
2534339,"Hovhannisyan, Vahan",IRL,M,,,,1511,0,40,AUG25,1980,
2533588,"Hrynchenko, Dmytro",IRL,M,,,,1617,0,40,AUG25,2004,
2525879,"Huang, Kevin",IRL,M,,,,1530,0,40,AUG25,2009,
2528665,"Huang, Shen Qi",IRL,M,,,,1475,0,40,AUG25,2010,
2046105,"Hughes, John L",IRL,M,,,,2128,0,20,AUG25,1996,
2505690,"Hughes, Padraig",IRL,M,,,,1882,0,20,AUG25,2001,
2525496,"Hulleman, Leon",IRL,M,,,,1888,0,40,AUG25,1993,i
2509431,"Hunter, Eoin",IRL,M,,,,1632,0,20,AUG25,2004,i
2508362,"Hunter, Sean",IRL,M,,,,1764,0,20,AUG25,2003,i
14189208,"Hushpit, Lukian",IRL,M,,,,1979,0,40,AUG25,2009,
2541114,"Ibrahim, Hazim",IRL,M,,,,1635,5,40,AUG25,2008,
2513277,"Igras, Greg",IRL,M,,,,1741,0,40,AUG25,1972,
2514311,"Ivanov, Andrey A.",IRL,M,CM,,,2029,0,40,AUG25,2011,
2529203,"Iwasaki, Luke",IRL,M,,,,1753,0,40,AUG25,2008,i
2525070,"Jablonski, Radoslaw",IRL,M,,,,1427,0,40,AUG25,1992,i
2502585,"Jackson, Carl",IRL,M,,,,2033,0,20,AUG25,1982,i
2525208,"Jackson, David",IRL,M,,,,1734,4,40,AUG25,1960,
2502593,"Jackson, Peter D.",IRL,M,,,,1861,0,20,AUG25,1953,i
2528398,"Jagic, Jakov",IRL,M,,,,1788,3,40,AUG25,2012,
2530759,"Jagic, Karlo",IRL,M,,,,1546,2,40,AUG25,2013,
2535491,"Jagtap, Adhish",IRL,M,,,,1443,7,40,AUG25,2016,
2526794,"Jain, Arsh",IRL,M,,,,1533,0,40,AUG25,2010,
2523396,"Jain, Tushar",IRL,M,,,,1707,0,40,AUG25,1994,
2533871,"Jaishankar, Siddharth",IRL,M,,,,1508,0,40,AUG25,2012,
2511703,"Jamison, Brendan",IRL,M,,,,AFM,1845,0,AUG25,1979,
343111919,"Jeffers, David",IRL,M,,,,AFM,1891,4,AUG25,2004,
2525461,"Jennings, Dara",IRL,M,,,,1809,0,40,AUG25,1997,i
2509628,"Jennings, Oliver",IRL,M,,,,1527,0,20,AUG25,2004,i
2525895,"Jensen, Ciara",IRL,F,,,,1466,0,40,AUG25,2012,wi
628859,"Jessel, Stephen",IRL,M,FM,,,2286,0,20,AUG25,1986,i
2509032,"Jocius, Donatas",IRL,M,,,,1841,0,20,AUG25,1985,i
2504081,"John, Tom",IRL,M,,,,1825,0,20,AUG25,1975,
2502607,"Johnson, G. Christopher",IRL,M,,,,1928,0,20,AUG25,1962,i
2513994,"Johnston, Gary",IRL,M,,,,1671,0,20,AUG25,1979,
2514222,"Johnston, Owen",IRL,M,,,,1687,0,20,AUG25,2002,i
2513200,"Joshi, Rohan",IRL,M,,,,1869,0,40,AUG25,1990,i
2500655,"Joyce, John",IRL,M,,,,1966,0,20,AUG25,1970,
2505975,"Joyce, Stephen",IRL,M,,,,1676,0,40,AUG25,1969,
2501007,"Kalam, Abul",IRL,M,,,,1881,0,20,AUG25,1974,i
2510600,"Kalista, Sebastian",IRL,M,,,,1671,0,20,AUG25,1979,i
2517418,"Kandru, Yuvan Sree",IRL,M,,,,1748,0,40,AUG25,2006,i
45004714,"Kanyamarala, Tarun",IRL,M,IM,,,2297,0,20,AUG25,2004,
45004722,"Kanyamarala, Trisha",IRL,F,WIM,WIM,,2135,0,20,AUG25,2005,w
2533596,"Karmashov, Oleksandr",IRL,M,,,,1440,0,40,AUG25,2001,
2518171,"Karthikeyan, Pranav",IRL,M,,,,1693,0,40,AUG25,2011,
2510006,"Kavanagh, James",IRL,M,,,,1809,0,20,AUG25,2003,i
2536358,"Kavanagh, Kurt",IRL,M,,,,1457,0,40,AUG25,2007,
2527634,"Keating, Andrew",IRL,M,,,,1801,0,40,AUG25,1995,i
2516853,"Keenan, Cathal",IRL,M,,,,2023,0,20,AUG25,2003,
2513986,"Keenan, Colin",IRL,M,,,,1622,0,20,AUG25,1980,
2510286,"Keenan, John",IRL,M,,,,1671,0,20,AUG25,1999,i
2513897,"Kehoe, John",IRL,M,,,,1771,0,20,AUG25,1969,i
2535823,"Kejriwal, Prisha",IRL,F,,,,1451,0,40,AUG25,2014,w
2528401,"Kelleher, Sean",IRL,M,,,,1630,7,40,AUG25,2012,
2520885,"Kelly, Brendan",IRL,M,,,,1633,0,40,AUG25,1990,i
2513218,"Kelly, Christopher",IRL,M,,,,1765,4,20,AUG25,1959,
2518945,"Kelly, Colin",IRL,M,,,,1618,0,40,AUG25,1966,
2523701,"Kelly, Deasun",IRL,M,,,,1563,0,40,AUG25,2004,i
2539713,"Kelly, Hugh",IRL,M,,,,1615,0,40,AUG25,2006,
2509377,"Kelly, John C.",IRL,M,,,,1908,0,20,AUG25,1978,
2540622,"Kelly, Lorcan",IRL,M,,,,1645,0,40,AUG25,2009,
2507951,"Kelly, Martin",IRL,M,,,,1639,0,40,AUG25,1952,i
2532425,"Kelly, Ronan",IRL,M,,,,1566,4,40,AUG25,2016,
2528924,"Kelly, Stephen",IRL,M,,,,1815,0,40,AUG25,1984,
2534568,"Kennedy, Aidan",IRL,M,,,,1503,0,40,AUG25,2008,
2501120,"Kennedy, John",IRL,M,,,,2019,0,20,AUG25,1982,i
2530775,"Kenny, Ruadhan",IRL,M,,,,1693,0,40,AUG25,2009,
2539721,"Kenny, Thomas",IRL,M,,,,1576,0,40,AUG25,1964,
2509440,"Kenny, William",IRL,M,,,,1824,0,20,AUG25,1999,i
2534371,"Keogh, Adrian",IRL,M,,,,1537,0,40,AUG25,2012,
2500264,"Keogh, Eamon",IRL,M,,,,1996,0,20,AUG25,1944,i
2524813,"Keogh, Gerard",IRL,M,,,,1571,0,40,AUG25,1995,i
2531453,"Keogh, Senan",IRL,M,,,,1481,3,40,AUG25,2011,
2534398,"Kerney, Eamon",IRL,M,,,,1679,0,40,AUG25,2005,
2521229,"Kerrigan, Ryan",IRL,M,,,,1828,6,40,AUG25,2011,
2518848,"Kesare, Aarav",IRL,M,,,,1752,0,40,AUG25,2010,
2511975,"Khanzharov, Edward",IRL,M,,NA,,1773,7,20,AUG25,2000,
66800323,"Kildea, Robbie",IRL,M,,,,1840,0,20,AUG25,2001,i
2500949,"Killane, Jack",IRL,M,,,,1875,0,20,AUG25,1940,i
2520443,"Kinch, Sean",IRL,M,,,,1664,0,20,AUG25,2003,
2508389,"Kirby, Con",IRL,M,,,,1784,0,40,AUG25,2006,i
2535424,"Kizuk, Szymon",IRL,M,,,,1555,0,40,AUG25,1974,
2524163,"Koeller, Peter",IRL,M,,,,1751,0,40,AUG25,1967,
2534347,"Kolev, Stefan",IRL,M,,,,1687,0,40,AUG25,2002,
2529360,"Kramek, Igor",IRL,M,,,,1620,3,40,AUG25,2012,
2504901,"Kremerts, Romans",IRL,M,,,,1744,0,20,AUG25,1963,i
2525917,"Kumar, Adhvik",IRL,M,,,,1470,0,40,AUG25,2015,
2537109,"Kumorek, Thomas",IRL,M,,,,1637,0,40,AUG25,2000,
2532921,"Kunder, Agasthya",IRL,M,,,,1508,3,40,AUG25,2015,
2516969,"Kurochkin, Iaromir",IRL,M,,,,1856,0,40,AUG25,2013,
2527286,"Kurochkin, Nikodim",IRL,M,,,,1533,0,40,AUG25,2017,
14162261,"Kushko, Dmitriy",IRL,M,IM,,,2285,0,20,AUG25,2004,i
2523264,"Lacy, John C",IRL,M,,,,1671,0,40,AUG25,1940,
2524848,"Landmark, Gabriel",IRL,M,,,,1898,4,40,AUG25,2007,
368179924,"Lane, Alan",IRL,M,,,,1656,0,20,AUG25,1991,
2514028,"Largey, Paddy",IRL,M,,,,1601,0,40,AUG25,1953,
2520583,"Latorre, Leo",IRL,M,,,,ACM,1421,0,AUG25,1983,
2513323,"Lavery, Robert",IRL,M,,,,1817,4,20,AUG25,1986,
2511762,"Leavy, Paul A.",IRL,M,,,,1772,0,20,AUG25,1981,i
2503883,"Lee, Shane",IRL,M,,,,1846,0,20,AUG25,1975,
2533600,"Leo, Pablo Cruz",IRL,M,,,,1616,0,40,AUG25,2003,
2527448,"Leslie, Joshua",IRL,M,,,,1759,0,40,AUG25,1995,
2508524,"Li, Henry",IRL,M,FM,,,2206,0,20,AUG25,2002,i
2520222,"Li, Stella",IRL,F,,,,1667,0,40,AUG25,2012,wi
2513102,"Lievens, Karel",IRL,M,,,,1713,0,40,AUG25,2007,i
2522098,"Lin, Zien",IRL,M,,,,1702,0,20,AUG25,1998,i
2523086,"Liszewski, Mikolaj",IRL,M,,,,1664,0,20,AUG25,1994,
2519844,"Liu, Jackie",IRL,M,,,,1654,0,20,AUG25,1979,i
2514656,"Liu, Jason",IRL,M,CM,,,2056,0,40,AUG25,2009,
2517191,"Liu, Murray",IRL,M,,,,1689,0,40,AUG25,2015,
2513110,"Liu, Wenle",IRL,M,,,,1726,0,40,AUG25,2009,i
2519852,"Loane, Edward",IRL,M,,,,1691,0,40,AUG25,1975,
2512726,"Lohan, Martin",IRL,M,,,,1843,0,20,AUG25,1953,i
21801088,"Lokasto, Mariusz",IRL,M,,,,1878,0,20,AUG25,1977,i
2518198,"Lorigan, Maxim",IRL,M,,,,1743,0,40,AUG25,2012,i
2501562,"Loughran, John",IRL,M,,FA,,1765,0,20,AUG25,1960,
2539276,"Lowe, Arran",IRL,M,,,,1721,0,40,AUG25,1991,
2518066,"Lubberding, Hans Henning",IRL,M,,,,1618,0,40,AUG25,1987,i
2504006,"Lucey, John",IRL,M,,,,1669,1,40,AUG25,1966,
2518074,"Luka, Jude",IRL,M,,,,1698,0,40,AUG25,2002,i
2529629,"Lynch, David",IRL,M,,,,1439,0,40,AUG25,1970,i
2519135,"Lynch, Denis",IRL,M,,,,1654,0,40,AUG25,1985,i
2501252,"Lynch, Peter J.",IRL,M,,,,1661,0,20,AUG25,1947,
2527456,"Lynch, Sean-Pol",IRL,M,,,,1551,0,40,AUG25,1977,i
2519143,"Mabhena, Vladimir",IRL,M,,,,1542,0,40,AUG25,1983,i
2500647,"MacElligott, Gerard",IRL,M,CM,NA,,1929,0,20,AUG25,1956,i
2514338,"Machowski, Hubert",IRL,M,,,,1708,4,40,AUG25,2008,
2532018,"Maguire, Dermot",IRL,M,,NA,,1557,0,40,AUG25,1973,
2520257,"Maguire, Tallann",IRL,M,,,,1643,0,40,AUG25,1998,
2532026,"Mahdi, Amir",IRL,M,,,,1548,0,40,AUG25,2014,
3600289,"Mallaghan, Danny",IRL,M,,,,1915,0,20,AUG25,1962,
2536137,"Mallett, Adam",IRL,M,,,,1537,0,40,AUG25,2008,
2539004,"Malubay, Angelo Jay",IRL,M,,,,1737,0,40,AUG25,1991,
2513676,"Mancosu, Aliseo",IRL,M,,,,1629,0,40,AUG25,2005,
2511533,"Mancosu, Marco",IRL,M,,NI,,1668,0,20,AUG25,1976,
2535971,"Maniraj, Shasini",IRL,F,,,,1566,0,40,AUG25,2012,w
2507633,"Manojlovic, Mihailo",IRL,M,,,,1968,0,20,AUG25,2000,i
2535564,"Mariya Boby, Angel",IRL,F,,,,1688,5,40,AUG25,2013,w
2504340,"Martin, Seamus",IRL,M,,,,1526,0,20,AUG25,1968,
2525526,"Martinez, Liam",IRL,M,,,,1672,0,40,AUG25,2000,i
2522101,"Martinez, Ricardo",IRL,M,,,,1521,0,40,AUG25,1991,i
2505797,"Masterson, John",IRL,M,,,,1911,0,20,AUG25,1972,i
14138611,"Mats, Diana",IRL,F,,,,2023,0,20,AUG25,1999,wi
2511401,"Matthews, Gabriel",IRL,M,,,,1865,0,20,AUG25,1958,i
2539225,"May, Peter",IRL,M,,,,1839,5,40,AUG25,1965,
2527103,"Mayrs, Richard",IRL,M,,,,1672,0,40,AUG25,1975,i
2524856,"Mazur, Ryszard",IRL,M,,,,1675,0,40,AUG25,2008,i
2528029,"McAleavey, Christopher",IRL,M,,,,1638,0,40,AUG25,2000,i
2523094,"McAnespy, Ferdia",IRL,M,,,,1543,0,20,AUG25,2004,i
2536145,"McBrien, Cillian",IRL,M,,,,1473,0,40,AUG25,2008,
2513234,"McBrien, Dylan",IRL,M,,,,1761,0,20,AUG25,2003,
2518015,"McBurney, Alan",IRL,M,,,,1541,0,40,AUG25,1974,
2500760,"McCabe, Darren",IRL,M,,,,2072,0,20,AUG25,1986,i
2503891,"McCabe, Shane",IRL,M,,,,1865,0,20,AUG25,1968,i
2525224,"McCallion, Adam",IRL,M,,,,1591,0,40,AUG25,1998,i
2507340,"McCarrick, Clare",IRL,F,,,,1541,0,40,AUG25,1996,w
2506823,"McCarrick, Pat",IRL,M,,,,1706,0,40,AUG25,1962,
2520788,"McCarthy, Bernie",IRL,F,,,,1434,0,40,AUG25,1969,w
2500710,"McCarthy, Tim",IRL,M,,,,1962,0,20,AUG25,1957,i
2525232,"McClay, Declan Patrick",IRL,M,,,,1646,0,40,AUG25,2007,
2518449,"McClean, Caleb",IRL,M,,,,2048,5,40,AUG25,2008,
2515563,"McClean, Richard",IRL,M,,,,1426,0,40,AUG25,1952,
2533197,"McConnell, Rory",IRL,M,,,,1649,0,40,AUG25,2003,
2516292,"McCormick, Polly",IRL,F,,,,1552,0,40,AUG25,2012,wi
2519194,"McCoy, Adam",IRL,M,,,,1807,0,20,AUG25,2003,
2527111,"McCracken, David",IRL,M,,,,1707,0,40,AUG25,1964,
2526700,"McCroskery, Max",IRL,M,,,,1527,0,40,AUG25,2010,
2537117,"McCurdy, John",IRL,M,,,,1630,0,40,AUG25,1968,
2525240,"McCuster, Eunan",IRL,M,,,,1482,0,40,AUG25,2004,i
2521067,"McDermott, Malo",IRL,M,,,,1802,0,40,AUG25,2008,
2522233,"McDonnell Ryan, Lorcan",IRL,M,,,,1797,0,40,AUG25,2009,i
2500787,"McDonnell, James J.",IRL,M,,,,1716,0,20,AUG25,1954,
2507277,"McDonnell, Joseph A.",IRL,M,,,,1779,0,40,AUG25,1964,i
2523400,"McDonnell, Oisin",IRL,M,,,,1549,0,40,AUG25,2001,
2516888,"McGlone, Ciaran",IRL,M,,,,1735,0,20,AUG25,1999,i
2523116,"McGowan, Will",IRL,M,,,,1576,0,20,AUG25,2004,i
2519895,"McGrath, Mark",IRL,M,,,,1890,6,20,AUG25,2006,
2500507,"McHugh, Kevin",IRL,M,,,,1968,0,20,AUG25,1963,i
2525097,"McIlroy, Ben",IRL,M,,,,1844,0,40,AUG25,2007,
2525100,"McIlroy, Gerard",IRL,M,,,,1852,0,20,AUG25,1969,
2527960,"McKee, Declan",IRL,M,,,,1801,0,40,AUG25,1998,
2511347,"McKenna, Michael",IRL,M,,,,1586,0,20,AUG25,1983,i
2508648,"McKenna-Carroll, Ruairi",IRL,M,,,,1679,0,20,AUG25,1995,i
2524635,"McKeown, Alex",IRL,M,,,,1561,9,40,AUG25,2015,
2501287,"McKeown, Paul",IRL,M,,"FI,IA",,2077,0,20,AUG25,1966,i
2513340,"McKillen, Pat",IRL,M,,,,1605,0,20,AUG25,1967,
2531305,"McKimm, Michael",IRL,M,,,,1540,0,40,AUG25,1968,
2518457,"McKnight, Louis",IRL,M,,,,1555,0,40,AUG25,1981,
470791,"McLaughlin, Noel S",IRL,M,,,,1944,0,20,AUG25,1972,i
2523795,"McLean, Darren",IRL,M,,,,1667,0,40,AUG25,1990,i
2526816,"McMahon, Conor",IRL,M,,,,1500,0,40,AUG25,1961,
2501481,"McMorrow, John",IRL,M,,FA,,1992,0,20,AUG25,1988,i
2521890,"McNab, Julia",IRL,F,,,,1419,0,40,AUG25,2010,w
2521490,"McNab, Peter",IRL,M,,,,1437,0,40,AUG25,2009,
2526522,"McNamara, Jj",IRL,M,,,,1679,0,40,AUG25,1998,
343421962,"McNamara, John J",IRL,M,,,,1620,0,20,AUG25,1998,i
2501503,"McPhillips, Karl",IRL,M,FM,,,2178,0,20,AUG25,1988,i
2524031,"Mead, Oliver",IRL,M,,,,1762,0,40,AUG25,2008,
2536455,"Megadi-Walia, Rohan",IRL,M,,,,1500,2,40,AUG25,2016,
2536153,"Meikle, Max",IRL,M,,,,1755,0,40,AUG25,1994,
2509571,"Melaugh, Gavin",IRL,M,,,,1991,0,20,AUG25,2003,
2509580,"Melaugh, Shane",IRL,M,CM,,,2048,0,20,AUG25,2001,
841790,"Melling, Jonathon",IRL,M,,FI,,1862,0,20,AUG25,1980,
2530821,"Melling, Liam",IRL,M,,,,1542,0,40,AUG25,2012,
2501775,"Menon Jayadev, Poornima",IRL,F,WFM,WFM,,1882,0,20,AUG25,1992,wi
2502755,"Menzies, Colin",IRL,M,FM,,,2186,0,20,AUG25,1988,i
2502275,"Meskens, Stephan",IRL,M,,,,1886,0,20,AUG25,1969,i
2518910,"Mgbemena, Chima",IRL,M,,,,1756,0,40,AUG25,1985,
2511479,"Mihaylova, Aliona",IRL,F,,,,1780,5,20,AUG25,2002,w
2507480,"Miller, Jacob",IRL,M,,,,1977,0,20,AUG25,1993,i
2534045,"Miller, Rory",IRL,M,,,,1437,0,40,AUG25,2011,
2523493,"Miller, Ryan",IRL,M,,,,1635,0,40,AUG25,2001,i
2516594,"Milligan, Kyle",IRL,M,,,,1604,0,20,AUG25,1995,i
2534924,"Minihane, Dylan",IRL,M,,,,1769,0,40,AUG25,2007,
2503999,"Mirza, Diana",IRL,F,WFM,WFM,,1881,0,20,AUG25,2000,wi
2503093,"Mirza, Gabriel",IRL,M,,,,1756,0,20,AUG25,1966,i
2528754,"Mohamed, Mohamed Abbasher",IRL,M,,,,1710,0,40,AUG25,1970,
10206558,Mohammad Mahbub Parouare,IRL,M,,,,1874,0,20,AUG25,1984,
2529394,"Mohi, Jusjeet Singh",IRL,M,,,,1436,0,40,AUG25,2016,
2504227,"Moloney, Ian",IRL,M,,,,1907,0,20,AUG25,1961,i
2527081,"Monaghan, James",IRL,M,,,,ACM,1554,0,AUG25,1988,
2527294,"Moore, Fiachra",IRL,M,,,,1720,0,40,AUG25,2009,
2507110,"Moore, Samuel",IRL,M,,,,1765,0,20,AUG25,1954,
2510294,"Moran, Darragh",IRL,M,,,,1876,0,20,AUG25,2002,i
2533766,"Moran, Dylan",IRL,M,,,,1450,0,40,AUG25,2006,
2511100,"Moran, Hugh",IRL,M,,,,1741,0,20,AUG25,2003,i
2527308,"Moran, Liam",IRL,M,,,,1560,3,40,AUG25,2013,
2501872,"Moran, Stephen",IRL,M,,,,2122,0,20,AUG25,1990,i
2514486,"Moreland, Desmond",IRL,M,,,,1795,0,20,AUG25,1970,
2516365,"Moreland, Matthew",IRL,M,,,,1658,0,40,AUG25,2005,
2506084,"Morris, Stephen B.",IRL,M,,,,1979,0,40,AUG25,1965,
2512254,"Morrow, Richard",IRL,M,,,,1871,0,20,AUG25,1985,i
2517426,"Moull, Arthur",IRL,M,,,,1898,0,40,AUG25,2005,
2534703,"Mounsey, Hamish",IRL,M,,,,1559,1,40,AUG25,1996,
2536870,"Mulligan, Dean",IRL,M,,,,1522,0,40,AUG25,2003,
2507498,"Mulligan, Scott",IRL,M,,,,2028,0,20,AUG25,1999,i
2515598,"Mullins, Niki",IRL,M,,,,1852,0,40,AUG25,1977,
33391998,"Mulukutla, Ayaansh",IRL,M,,,,1780,0,40,AUG25,2015,
2503603,"Murchadha, Oissine",IRL,M,CM,NA,,1939,0,20,AUG25,1996,
2509458,"Murphy, Adam",IRL,M,,,,1791,0,20,AUG25,2004,i
2522250,"Murphy, Cathal",IRL,M,,,,1643,0,40,AUG25,2009,
2084309,"Murphy, Cathal J",IRL,M,,,,1620,0,20,AUG25,1969,
421669,"Murphy, Conor E",IRL,M,IM,,,2287,0,20,AUG25,1999,i
2501783,"Murphy, Dara",IRL,M,,,,1932,0,20,AUG25,1991,i
2521423,"Murphy, Joe",IRL,M,,,,1807,0,20,AUG25,1999,i
2526735,"Murphy, Paul",IRL,M,,,,1706,0,40,AUG25,1993,i
2518465,"Murphy, Peter",IRL,M,,,,1556,8,40,AUG25,2009,
2506092,"Murphy, Ronan J.",IRL,M,,,,1606,0,40,AUG25,1975,
2512742,"Murphy, Sean J.",IRL,M,,,,1957,0,20,AUG25,2003,i
2512963,"Murray, Benjamin",IRL,M,,,,1866,0,40,AUG25,2006,i
2531771,"Murray, Ciaran",IRL,M,,,,1590,0,40,AUG25,1993,
2501511,"Murray, David",IRL,M,,,,2042,0,20,AUG25,1984,i
2501490,"Murray, Jim G.",IRL,M,,,,1885,0,20,AUG25,1951,i
2508958,"Murray, Sam",IRL,M,,,,1788,0,20,AUG25,1996,i
2539381,"Murtagh, Kevin",IRL,M,,,,1790,0,40,AUG25,2004,
2507501,"Murtagh, Robert",IRL,M,,,,1881,0,20,AUG25,1989,
2535262,"Nancarrow, Paul",IRL,M,,,,1594,0,40,AUG25,2009,
2509199,"Naughton, James",IRL,M,,,,2045,0,20,AUG25,2004,
2533375,"Naujokaitis, Egidijus",IRL,M,,,,1620,0,40,AUG25,1983,
2529408,"Nazarov, Mykhailo",IRL,M,,,,1638,1,40,AUG25,2013,
2510170,"Neaga, Bogdan",IRL,M,,,,1884,0,40,AUG25,1976,i
2531780,"Nebuvailo, Volodymyr",IRL,M,,,,1790,0,40,AUG25,1958,
2511304,"Neely, Pauraic",IRL,M,,,,1713,0,20,AUG25,1998,i
2520320,"Nelson, Jacob",IRL,M,,,,1722,0,40,AUG25,2005,
2512041,"Nemeth, Zalan",IRL,M,FM,,,2150,9,20,AUG25,2002,
2505819,"Newman, Mark",IRL,M,,"SI,LSI",,1810,0,20,AUG25,1963,
2535769,"Nguyen, Trung Kien",IRL,M,,,,1787,0,40,AUG25,2003,
2505665,"Ni Mhuireagain, Eibhia",IRL,F,WCM,WCM,"NI,NA",1743,0,20,AUG25,2000,wi
2516896,"Nichenametla V, Advaith",IRL,M,,,,1680,0,40,AUG25,2010,
2527677,"Nicolaidou, Evangelia",IRL,M,,,,1603,0,40,AUG25,1996,i
2516624,"Nielsen, Robert",IRL,M,,,,1722,0,20,AUG25,1991,
2506424,"Nikrow, Shahram",IRL,M,,,,1816,0,20,AUG25,1968,i
404500,"Nixon, Rodney J",IRL,M,,,,2005,0,20,AUG25,1955,i
2539748,"Noel, Adam",IRL,M,,,,1671,0,40,AUG25,2004,
2509466,"Nolan, Conor",IRL,M,,,,1936,0,20,AUG25,2001,
2510260,"Nolan, Dermot",IRL,M,,,,1883,0,20,AUG25,2000,
2506912,"Nolan, Sean",IRL,M,,,,1771,0,20,AUG25,1973,
14511584,"Novak, Vjekoslav",IRL,M,,NA,,1730,0,20,AUG25,1976,
2525950,"Nowak, Krzysztof",IRL,M,,NA,,1580,0,20,AUG25,1983,
2529238,"Nykl, Remi",IRL,M,,,,1801,0,40,AUG25,2007,i
2512165,"O Connor, Hugh",IRL,M,,,,1807,0,20,AUG25,1992,i
415375,"O Grady, Gary P.",IRL,M,,,,1919,0,20,AUG25,1968,i
2512157,"O Hanlon, Joe",IRL,M,,,,1737,0,20,AUG25,0,
2500620,"O'Cinneide, Mel",IRL,M,,,,2083,0,20,AUG25,1965,
2501112,"O'Connor, Jonathan",IRL,M,,,,2162,0,20,AUG25,1963,
2515822,"Obasi, David",IRL,M,,,,1768,0,20,AUG25,1992,i
2515830,"Obasi, Gerard",IRL,M,,,,1751,0,20,AUG25,1987,i
2518813,"OBrien, James Joseph",IRL,M,,,,1617,0,40,AUG25,2012,
2540711,"Ogbuchi, Ike",IRL,M,,,,1547,0,40,AUG25,1994,
2526530,"Ojha, Vikas",IRL,M,,,,1702,0,40,AUG25,1998,i
2517108,"Okubanjo, Segun",IRL,M,,,,1799,0,20,AUG25,2002,
2521997,"ORourke, Emmet",IRL,M,,,,1896,0,40,AUG25,2002,
2500035,"Orr, Mark J L",IRL,M,IM,,,2010,0,20,AUG25,1955,
2539284,"Osakwe, Frank",IRL,M,,,,1831,0,40,AUG25,1979,
2513870,"Ovakimyan, Aram",IRL,M,,,,1746,0,20,AUG25,2004,i
2522110,"Owen, Kevin",IRL,M,,,,1768,0,20,AUG25,1993,i
2505096,"O`Boyle, Donal",IRL,M,,,,1821,0,20,AUG25,1960,
2524899,"O`briain, Colm",IRL,M,,,,1529,0,40,AUG25,2001,
2509652,"O`brien, George",IRL,M,,,,1877,0,20,AUG25,1963,
2534088,"O`brien, Owen",IRL,M,,,,1548,0,40,AUG25,2014,
2539020,"O`brien, Pearse",IRL,M,,,,1621,0,40,AUG25,1979,
2514494,"O`brien, Reuben",IRL,M,,,,1572,0,40,AUG25,2012,
2507170,"O`Caolaidhe, Cormac",IRL,M,,,,1687,0,20,AUG25,1963,
2516640,"O`connell, Charlie",IRL,M,,,,1722,0,40,AUG25,2005,i
2502852,"O`Connell, David",IRL,M,,,,1867,0,20,AUG25,1982,i
2505860,"O`Connell, Denis",IRL,M,,,,1804,0,20,AUG25,1963,i
2524198,"O`connell, Joseph",IRL,M,,,,1525,0,40,AUG25,1994,
2507676,"O`Connell, Michael Joseph",IRL,M,,,,1612,0,20,AUG25,1952,i
2525798,"O`connell, Philip",IRL,M,,,,1690,0,40,AUG25,1958,
2501740,"O`Connor, Eddie",IRL,M,,,,2032,0,20,AUG25,1956,i
2518473,"O`Connor, Paul",IRL,M,,"SI,NA",,1540,0,20,AUG25,1964,
2514249,"O`cuilleanain, Oisin",IRL,M,,,,2048,0,20,AUG25,2004,
2512530,"O`daly, Liam",IRL,M,,,,1743,0,20,AUG25,1961,
2511797,"O`danachair, Donal",IRL,M,,,,1763,0,20,AUG25,1953,i
2504243,"O`Donnell, Conor",IRL,M,FM,,,2182,0,20,AUG25,1999,
2503956,"O`Donnell, Mike",IRL,M,,,,1839,0,20,AUG25,1978,
2501880,"O`Donoghue, Denis J.",IRL,M,,,,1963,0,20,AUG25,1983,
2505550,"O`Donovan, Paul",IRL,M,,,,1880,5,20,AUG25,1962,
2506440,"O`Driscoll, David",IRL,M,,,,1676,0,40,AUG25,0,i
2500272,"O`Dwyer, Fergal",IRL,M,,,,1941,0,20,AUG25,1965,i
2514923,"O`fee, James",IRL,M,,,,1743,0,40,AUG25,1948,
2502283,"O`Flaherty, Kevin",IRL,M,,,,AIM,1929,0,AUG25,1988,i
2508214,"O`Gorman, Alice",IRL,F,,,,1941,0,20,AUG25,2000,wi
2509601,"O`gorman, Brian",IRL,M,,,,1762,0,20,AUG25,1969,i
2508249,"O`Gorman, Tom",IRL,M,IM,,,2272,0,20,AUG25,2002,
2511410,"O`hanlon, Pat",IRL,M,,,,1837,0,20,AUG25,1958,i
2525690,"O`hare, Daniel",IRL,M,,,,1637,0,40,AUG25,1998,i
2505126,"O`Higgins, Niall",IRL,M,,NA,,1773,0,20,AUG25,1973,
2509482,"O`kearney, Aaron",IRL,M,,,,AFM,1782,0,AUG25,1973,i
2532360,"O`keeffe, Nicholas",IRL,M,,,,1605,0,40,AUG25,2003,i
2511118,"O`laoide, Liam",IRL,M,,,,1822,0,20,AUG25,2004,i
2539292,"O`mahoney, Colm",IRL,M,,,,1407,0,40,AUG25,1991,
2506190,"O`Mahoney, Keegan",IRL,M,,,,1901,0,20,AUG25,1995,i
2505843,"O`Molloy, Eamonn",IRL,M,,,,1939,0,20,AUG25,1981,i
2534010,"O`neill, Eoghan",IRL,M,,,,1501,0,40,AUG25,1995,
2534177,"O`neill, Kian",IRL,M,,,,1569,0,40,AUG25,2001,
2528533,"O`neill, Matthew",IRL,M,,,,1706,2,40,AUG25,2011,
2507692,"O`Neill, Paul Sean",IRL,M,,,,1926,0,20,AUG25,1997,
2511550,"O`neill, Sam",IRL,M,,,,1902,0,20,AUG25,1994,i
2509504,"O`neill, Sean Conor",IRL,M,,,,1702,0,20,AUG25,1963,i
2525976,"O`regan, Cathal",IRL,M,,,,1719,0,40,AUG25,2001,i
2512769,"O`reilly, Ciaran",IRL,M,,,,1712,0,20,AUG25,1991,i
2517540,"O`reilly, Conor",IRL,M,,,,1826,0,40,AUG25,2008,
2510596,"O`reilly, Gerard",IRL,M,,,,1753,0,20,AUG25,1960,i
2521300,"O`rourke, Alex",IRL,M,,,,1659,3,40,AUG25,2005,
2512386,"O`sullivan, Aidan",IRL,M,,,,1765,0,40,AUG25,1991,i
2518082,"O`sullivan, Oisin",IRL,M,,,,1750,5,20,AUG25,2000,
2512882,"Paibir, Atharva",IRL,M,,,,1826,0,40,AUG25,2007,
29982847,"Palihawadana, Aken Pinitha",IRL,M,,,,ACM,1693,6,AUG25,2015,
2538580,"Park, Brendan",IRL,M,,,,1616,5,40,AUG25,1982,
2512564,"Paronyan, Vahe",IRL,M,,,,1804,0,20,AUG25,1976,
2522128,"Parsons, Charlie",IRL,M,,,,1726,0,20,AUG25,2004,i
2535858,"Patil, Kaivalya",IRL,M,,,,1468,5,40,AUG25,2015,
2518503,"Patterson, Calvin",IRL,M,,,,1722,0,40,AUG25,2007,
2518511,"Patterson, Jake",IRL,M,,,,1814,0,40,AUG25,1998,
2529157,"Patton, Ryan",IRL,M,,,,1690,0,40,AUG25,2006,i
2511711,"Pavlov, Mikhail",IRL,M,,,,1722,0,20,AUG25,1988,i
2527030,"Pawlowski, Piotr",IRL,M,,,,1795,0,40,AUG25,2003,i
2509520,"Peoples, Jonathon",IRL,M,,,,1945,0,20,AUG25,2000,i
2528134,"Perkin, Kenny",IRL,M,,,,1667,0,40,AUG25,2010,
2536013,"Pesca, Sean",IRL,M,,,,1620,0,40,AUG25,2008,
2516675,"Phelan, Adam",IRL,M,,,,2007,0,20,AUG25,1999,i
2540738,"Phillips, Eduard",IRL,M,,,,1852,0,40,AUG25,2008,
34160388,"Pinas, Ihor",IRL,M,,,,1746,0,40,AUG25,2012,i
2516101,"Pinkasevich, Martin",IRL,M,,,,1728,0,20,AUG25,2004,i
2510200,"Piotrowski, Bemol",IRL,M,,,,1597,0,20,AUG25,1988,i
2524643,"Pittam, Alex",IRL,M,,,,1601,0,40,AUG25,2006,i
32083483,"Plaza Reino, Agustin",IRL,M,,,,1875,0,20,AUG25,2000,i
24537225,"Plaza Reino, Mateo",IRL,M,,,,1611,0,40,AUG25,2005,i
24511951,"Plaza Reino, Mercedes",IRL,F,,,,1803,0,20,AUG25,2002,wi
2509903,"Polyulya, Dariia",IRL,F,,,,1930,0,20,AUG25,1986,wi
2532280,"Powell, Charlie",IRL,M,,,,1620,0,40,AUG25,2005,
2532298,"Powell, Jack",IRL,M,,,,1552,0,40,AUG25,2008,
2532301,"Powell, Shea",IRL,M,,,,1536,0,40,AUG25,2000,
2521075,"Power Daly, Fionn",IRL,M,,,,1657,0,40,AUG25,2013,i
2521083,"Prabhith, Ayaan",IRL,M,,,,ACM,1612,0,AUG25,2012,
2532980,"Pradeep Kumar, Yuvan",IRL,M,,,,1596,0,40,AUG25,2011,
2540010,"Prakash, Shrimadh",IRL,M,,,,1649,5,40,AUG25,2010,
2539306,"Prenderville, Dylan",IRL,M,,,,1726,0,40,AUG25,2009,
2534282,"Preteau, Gerald",IRL,M,,,,1451,0,40,AUG25,1959,
2514931,"Proctor, Richard",IRL,M,,,,1634,0,20,AUG25,1954,
2533774,"Prokopenko, Bohdan",IRL,M,,,,1812,3,40,AUG25,2011,
2520265,"Prykhodchenko, Serhii",IRL,M,,,,1736,0,40,AUG25,1957,
2535386,"Puchkov, Vladislav",IRL,M,,,,1880,0,40,AUG25,1977,
14546604,"Putar, Lara",IRL,F,WFM,WFM,,1866,0,40,AUG25,2007,wi
14546612,"Putar, Leon",IRL,M,,,,1902,0,20,AUG25,2005,i
14557517,"Putar, Slavko",IRL,M,,NI,,1729,0,20,AUG25,1974,i
2535874,"Qiao, Jingxuan",IRL,M,,,,1629,0,40,AUG25,2014,
2510464,"Quigley,Colm",IRL,M,,,,1912,0,20,AUG25,1955,i
2500817,"Quinn, Ciaran",IRL,M,,,,1971,0,20,AUG25,1960,
2500450,"Quinn, Mark",IRL,M,IM,,,2374,0,20,AUG25,1976,i
2530490,"Quinn, Pearse",IRL,M,,,,1614,0,40,AUG25,2002,i
2519470,"Quinn, Ronan",IRL,M,,,,1571,5,40,AUG25,1972,
2501643,"Quinn, Rory",IRL,M,FM,,,2059,0,20,AUG25,1978,
2527766,"Quinn, Sean",IRL,M,,,,1465,0,40,AUG25,1995,
2531526,"Rai, Oleksii",IRL,M,,,,1794,3,40,AUG25,2010,
2514664,"Rajan, Renji",IRL,M,,,,1447,0,20,AUG25,1979,i
2527553,"Ramalingam, Vanjinathan",IRL,M,,,,1533,0,40,AUG25,1983,
2527120,"Ramasamy, Thirukumaran",IRL,M,,,,1534,0,20,AUG25,1983,
2513528,"Rampalli, Shashank",IRL,M,,,,1765,0,20,AUG25,1991,i
2508176,"Rawlinson, Jason",IRL,M,,,,1845,0,20,AUG25,1974,i
2513358,"Razbadauskas, Modestas",IRL,M,,,,1817,0,20,AUG25,1980,
2532069,"Reaney, Paul",IRL,M,,NA,,1703,4,40,AUG25,1988,
2514079,"Redden, Tony",IRL,M,,,,1605,0,20,AUG25,1953,i
2500051,"Redmond, John P.",IRL,M,,,,2163,0,20,AUG25,1967,i
2526425,"Reich, Adrienne",IRL,F,,,,1666,0,40,AUG25,1997,w
2505185,"Reid, Joseph",IRL,M,,,,1859,0,20,AUG25,1963,i
2511142,"Reidy, Diarmuid",IRL,M,,,,1836,0,20,AUG25,1995,i
2524589,"Reilly, Ben",IRL,M,,,,1414,0,40,AUG25,1947,
2517558,"Reilly, Charlie",IRL,M,,,,1809,0,40,AUG25,2007,
2502313,"Reilly, Gerard",IRL,M,,,,1771,0,20,AUG25,1989,i
2503484,"Reilly, Paul",IRL,M,,,,1875,0,20,AUG25,1962,
2509911,"Reilly, Philip",IRL,M,,,,1969,0,20,AUG25,1961,i
2518961,"Reinhardt, Sean",IRL,M,,,,1516,0,40,AUG25,1958,
2514389,"Renji, Nathan Jacob",IRL,M,,,,1741,0,40,AUG25,2011,
2512793,"Renji, Rafael Ninan",IRL,M,,,,1759,0,40,AUG25,2009,i
2520338,"Rerot, Pierre",IRL,M,,,,1694,0,40,AUG25,1986,
2501392,"Reynolds, Pat",IRL,M,,,,1881,0,20,AUG25,0,
2529491,"Riley, Elliot",IRL,M,,,,1498,0,40,AUG25,2007,
2505207,"Rivera, Franco",IRL,M,,,,1746,0,20,AUG25,1962,
2501074,"Roberts, Danny",IRL,M,,,,1958,6,20,AUG25,0,
2520672,"Robinson, Craig",IRL,M,,,,1620,0,20,AUG25,2001,i
2527529,"Rolleston, Robert",IRL,M,,,,1677,0,40,AUG25,1968,i
2516918,"Rong, Ray",IRL,M,,,,1642,0,40,AUG25,2009,i
2512548,"Rowan, Ciaran",IRL,M,,,,1721,0,20,AUG25,2001,i
2509318,"Ruchko, Denis",IRL,M,,,,1905,0,20,AUG25,2003,
2533901,"Rudroju, Aarav",IRL,M,,,,1560,0,40,AUG25,2015,
2511690,"Rushe, Adam",IRL,M,,FA,,1839,0,20,AUG25,2001,
2535661,"Ryan Smith, Charlie",IRL,M,,,,1733,6,40,AUG25,2013,
2524953,"Ryan, Daniel",IRL,M,,,,1672,0,40,AUG25,2006,i
2503972,"Ryan, John",IRL,M,,,,1664,0,20,AUG25,1968,i
2500426,"Ryan, Joseph",IRL,M,FM,,,2217,0,20,AUG25,1968,
2516705,"Ryan, Joshua",IRL,M,,,,1849,0,20,AUG25,2004,
2510995,"Ryder, Kynesha",IRL,F,,,,1774,0,20,AUG25,2001,wi
306104996,"Saab, Wajeb",IRL,M,,,,1662,0,20,AUG25,1992,i
2526018,"Salin, Rohan",IRL,M,,,,1753,0,40,AUG25,2009,
34147885,"Salmin, Vitaliy",IRL,M,,,,1823,0,20,AUG25,1995,
2523159,"Sammon Fernandes, Kyle-Henrique",IRL,M,,,,ACM,1741,2,AUG25,2013,
2517990,"Sandrey, Jade",IRL,F,,,,1765,0,20,AUG25,2001,w
2519992,"Santos, Leonardo",IRL,M,,,,1491,0,40,AUG25,1989,
2539764,"Sanuj, Ayaan",IRL,M,,,,1686,4,40,AUG25,2013,
2526573,"Sargesson, Ryan",IRL,M,,,,1787,0,20,AUG25,1998,
2518090,"Savignano, Andrea",IRL,M,,,,1765,0,20,AUG25,1985,
2520702,"Sawant, Sanket",IRL,M,,,,1647,0,40,AUG25,1986,i
2507528,"Scallan, Fiachra",IRL,M,,,,1867,0,20,AUG25,2001,i
2501104,"Scannell, Stephen P.",IRL,M,,,,2043,5,20,AUG25,1957,
2516713,"Scarry, James",IRL,M,,,,1712,0,20,AUG25,1994,i
2534029,"Schwarz, Michael",IRL,M,,,,1518,0,40,AUG25,1963,
2507986,"Scott, Sarah",IRL,F,,,,1844,4,20,AUG25,1999,w
2504413,"Scott, Shay",IRL,M,,,,1663,0,20,AUG25,1944,
2527588,"Scully, Eoin",IRL,M,,,,1513,0,40,AUG25,1991,
2514354,"Sen, Santo",IRL,M,,,,1689,0,40,AUG25,2008,i
2531810,"Senthilnathan, Chirag",IRL,M,,,,1436,0,40,AUG25,2017,
2527782,"Serhiy, Zabraniuk",IRL,M,,,,1628,0,40,AUG25,2007,i
2522861,"Sethiya, Kaushal",IRL,M,,,,1496,0,40,AUG25,2013,
2518775,"Shambharkar, Ashish",IRL,M,,,,1592,7,40,AUG25,1984,
2523329,"Shankar, Ronith",IRL,M,,,,1662,0,40,AUG25,2012,
2534665,"Sharma, Eva",IRL,F,,,,1474,0,40,AUG25,2013,w
2516926,"Sheahan, Ben",IRL,M,,,,1925,0,40,AUG25,2007,
2516284,"Sheahan, Gavin",IRL,M,,,,1927,0,40,AUG25,2009,
2506459,"Shearan, John",IRL,M,,,,1561,0,40,AUG25,1972,
2517850,"Sheehan, Conor",IRL,M,,,,1835,12,40,AUG25,2009,
2507994,"Sheehy, Padraig",IRL,M,,,,1873,0,20,AUG25,1999,i
2513366,"Sheerin, Michael",IRL,M,,,,1747,0,20,AUG25,1997,i
2505258,"Sheridan, Tristan",IRL,M,,,,1906,0,20,AUG25,1979,i
2525119,"Shiels, Shane",IRL,M,,,,1663,0,40,AUG25,2004,i
2524961,"Shimamura, Miho",IRL,F,,,,1443,0,40,AUG25,2000,wi
2527790,"Shivanna, Goutham",IRL,M,,,,1651,0,40,AUG25,1992,
2500108,"Short, Stephen",IRL,M,,,,1984,0,20,AUG25,1961,i
2509539,"Sidney, Will",IRL,M,CM,,,1877,0,20,AUG25,2002,
2533138,"Siller-Aziz, Namo",IRL,M,,,,1697,8,40,AUG25,2007,
2508656,"Silva, Carlos",IRL,M,,,,1836,0,20,AUG25,1996,i
2529432,"Singh Bakshi, Jugraj",IRL,M,,,,1470,0,40,AUG25,2012,
2518589,"Singhal, Atharv",IRL,M,,,,1662,0,40,AUG25,2010,i
2516721,"Singhal, Vivaan",IRL,M,,,,1695,0,40,AUG25,2010,i
2511444,"Sinnott, Ollie",IRL,M,,,,1750,0,20,AUG25,1976,i
2528584,"Siruk, Danyil",IRL,M,,,,1506,0,40,AUG25,2015,
2534444,"Skora, Micha",IRL,M,,,,1480,0,40,AUG25,2000,
2540754,"Skorobogatko, Oleksandre",IRL,M,,,,1797,0,40,AUG25,1973,
2500833,"Smith, Andrew Philip",IRL,M,FM,,,2000,0,20,AUG25,1959,
2501589,"Smith, Derek",IRL,M,,,,1903,0,20,AUG25,1969,
2530503,"Smith, Paul",IRL,M,,,,1510,0,40,AUG25,1963,i
2528045,"Smylie, Sam",IRL,M,,,,1630,4,40,AUG25,2005,
2518368,"Smyth, Peter",IRL,M,,,,1419,0,20,AUG25,1990,i
11611383,"Solomatina, Jana",IRL,F,,,,1683,0,40,AUG25,2005,wi
2533006,"Song, Rayman",IRL,M,,,,1438,0,40,AUG25,2015,
2534452,"Sowerby, Conor",IRL,M,,,,1530,0,40,AUG25,2006,
2513765,"Spackman, Conor",IRL,M,,,,1756,0,20,AUG25,1980,
2526050,"Spence, Beckett",IRL,M,,,,1782,0,40,AUG25,2009,i
2532212,"Sridharan, Athipan Thiyada",IRL,M,,,,1706,0,40,AUG25,1998,i
2502330,"Stassen, Walter F. C.",IRL,M,,,,1834,0,20,AUG25,1971,i
2527880,"Stokes, Joseph",IRL,M,,,,1792,0,40,AUG25,2013,
2520940,"Stone, Blake",IRL,M,,,,1697,0,40,AUG25,2003,
2500779,"Stuart, Robert",IRL,M,,,,2115,0,20,AUG25,1965,i
2539330,"Su, Tengle Alvin",IRL,M,,,,1458,0,40,AUG25,2013,
2513633,"Surowka, Michal",IRL,M,,,,1812,3,40,AUG25,1978,
2516934,"Sutton, Ronan",IRL,M,,NA,,1753,0,40,AUG25,1999,i
2515628,"Sweeney, John",IRL,M,,,,1630,0,20,AUG25,1972,i
2524970,"Sweetman, Hugo",IRL,M,,,,1525,0,40,AUG25,2012,i
2526751,"Symington, Calum",IRL,M,,,,1480,0,40,AUG25,1995,i
2518597,"Syms, Thomas",IRL,M,,,,1509,0,40,AUG25,2013,
2529246,"Szczech, Daniel",IRL,M,,,,1674,0,40,AUG25,1981,
2503549,"Taaffe, Paul",IRL,M,,,,1876,0,20,AUG25,1966,
2520826,"Tahmankar, Advait",IRL,M,,,,1482,0,40,AUG25,2014,
2537419,"Tahmasebi, Mahmoud",IRL,M,,,,1757,0,40,AUG25,1990,
2533456,"Tamburello, Antonio",IRL,M,,,,1496,0,40,AUG25,1995,
2536161,"Tang, Luna",IRL,F,,,,1518,0,40,AUG25,2012,w
2529831,"Tanner, Michael",IRL,M,,,,1533,0,40,AUG25,1944,
2511452,"Tempany, Max",IRL,M,,,,1710,0,20,AUG25,2003,i
2516390,"Thoke, Amol Mohan",IRL,M,,,,1637,0,20,AUG25,1982,
2533960,"Thoke, Shlok Amol",IRL,M,,,,1420,0,40,AUG25,2012,
2535688,"Thomas Boby, Aiden",IRL,M,,,,AFM,1780,7,AUG25,2015,
2518600,"Thomas, Alivia",IRL,F,,,,1801,0,40,AUG25,2009,wi
2539039,"Thompson, Emanuel",IRL,M,,,,1437,0,40,AUG25,1998,
2527987,"Thompson, Nathan",IRL,M,,,,1866,0,40,AUG25,1999,i
2520605,"Thorball, Nicolai Alexander",IRL,M,,,,1824,0,40,AUG25,1993,
2508664,"Tirziman, Rudolf",IRL,M,,,,1923,0,20,AUG25,1998,i
2521504,"Todd, Oliver",IRL,M,,,,1549,0,40,AUG25,2006,i
368180110,"Tong, Oisin",IRL,M,,,,1607,0,20,AUG25,2000,i
2535882,"Toolan, Rossa Donovan",IRL,M,,,,1511,0,40,AUG25,2016,
2534479,"Tormey, Shane",IRL,M,,,,1530,0,40,AUG25,2008,
2537508,"Torrens, Alister",IRL,M,,,,1630,0,40,AUG25,1975,
2537516,"Torrens, Saphira",IRL,F,,,,1737,0,40,AUG25,2010,w
2528053,"Torres, Wenceslao",IRL,M,,,,1543,0,40,AUG25,1958,i
2526433,"Trela, Simon",IRL,M,,,,1640,0,40,AUG25,2006,i
2523523,"Tripathi, Anayraj",IRL,M,,,,1700,0,40,AUG25,2009,
2500680,"Troughton, Nial",IRL,M,,,,1736,0,20,AUG25,1979,i
2534290,"Trujillo, Iris",IRL,F,,,,1615,0,40,AUG25,1986,w
2509750,"Tryfinopoulos, Giorgos",IRL,M,,,,1489,0,40,AUG25,1980,
651081709,"Tureshbayev, Anuar",IRL,M,CM,,,2218,8,40,AUG25,2011,
2501937,"Twomey, Pat",IRL,M,,,,1914,0,20,AUG25,1950,i
2533464,"Ubando, Erish",IRL,M,,,,1478,0,40,AUG25,1984,
2529572,"Ufarte, Jose",IRL,M,,,,1489,0,40,AUG25,1969,i
2519330,"Ulbrych, Stanislaw",IRL,M,,,,1523,0,40,AUG25,2009,i
2516128,"Valdez, Fred",IRL,M,,,,1896,0,20,AUG25,1992,i
2504251,"Valters, Harijs",IRL,M,,,,1815,0,20,AUG25,1968,
2522926,"Vanjinathan, Ilankathir",IRL,M,,,,1522,7,40,AUG25,2016,
2512602,"Venkatesan, Kavin",IRL,M,FM,,,2195,0,40,AUG25,2008,
2536374,"Venskus, Dominykas",IRL,M,,,,1549,0,40,AUG25,2006,
2536323,"Venus, Junel",IRL,M,,,,1652,0,40,AUG25,2001,
2533910,"Vercammen, Wouter",IRL,M,,,,1455,0,40,AUG25,1994,
2516942,"Verlekar, Vivaan",IRL,M,,,,1746,0,40,AUG25,2012,
2512840,"Verma, Ritik",IRL,M,,,,1732,0,40,AUG25,1997,i
2517388,"Voogt, Declan",IRL,M,,,,AIM,1739,0,AUG25,2004,
2515865,"Wafflart, Aaron",IRL,M,,,,1737,0,20,AUG25,1998,i
2533650,"Wahba, Ahmed",IRL,M,,,,1814,0,40,AUG25,1987,
2540789,"Wainwright, Owen",IRL,M,,,,1480,0,40,AUG25,2013,
2534223,"Walker, Jamie",IRL,M,,,,1569,0,40,AUG25,2001,
2501244,"Wall, Gavin",IRL,M,IM,,,2152,0,20,AUG25,1968,i
2512432,"Wallace, Theo",IRL,M,,,,1684,0,20,AUG25,1992,i
2532239,"Walsh, Fred",IRL,M,,,,1479,0,40,AUG25,1996,
2511320,"Wang, Eric",IRL,M,,,,1708,0,40,AUG25,2007,i
2513480,"Wang, Zhengjn",IRL,M,,,,1752,0,40,AUG25,2006,i
2528215,"Ward, Eimhin",IRL,M,,,,1609,0,40,AUG25,2001,i
2500523,"Waters, Michael",IRL,M,,,,2107,0,20,AUG25,1972,i
2513404,"Weiss, Gabriel",IRL,M,,,,1839,0,20,AUG25,1970,i
2501090,"Welsh, Michael",IRL,M,,,,2016,0,20,AUG25,1961,i
2513960,"Wesolowski, Andrzej",IRL,M,,,,1737,0,20,AUG25,1977,
2504448,"Whalley, Anthony",IRL,M,,,,1843,0,20,AUG25,1974,i
2520800,"Whearty, Josh",IRL,M,,,,1468,0,40,AUG25,2007,
2509229,"White, Alan",IRL,M,,,,1726,0,20,AUG25,1975,
2520354,"White, George",IRL,M,,,,1676,0,40,AUG25,2015,
2525305,"White, James",IRL,M,,,,1705,0,40,AUG25,1997,i
2520362,"White, Nicole",IRL,F,,,,1660,0,40,AUG25,2013,w
2526930,"Whyte, David",IRL,M,,,,1713,0,40,AUG25,1990,i
2520060,"Williams, Henry T.",IRL,M,,NA,,1672,0,40,AUG25,2001,
2514524,"Wong, James",IRL,M,,,,1701,0,20,AUG25,2002,
2505347,"Woodhouse, Ray",IRL,M,,,,1902,0,20,AUG25,1954,i
2518201,"Woods, Christopher",IRL,M,,,,2007,0,40,AUG25,2009,
2518384,"Woods, Yannick",IRL,M,,,,1868,0,40,AUG25,2011,
2518660,"Worbey, Jennifer",IRL,F,,,,1506,0,40,AUG25,1982,w
2518783,"Worbey, Leah",IRL,F,,,,1585,0,40,AUG25,2007,w
2536528,"Wyatt, James",IRL,M,,,,1514,0,40,AUG25,1999,
2519496,"Wylie, Dylan",IRL,M,,,,1621,0,40,AUG25,1992,i
2531232,"Wyse, Mick",IRL,M,,,,1636,0,40,AUG25,2010,
2539349,"Xu, Philip Chang",IRL,M,,,,1700,0,40,AUG25,2011,
2539357,"Xu, William Hui",IRL,M,,,,1471,0,40,AUG25,2010,
2533170,"Ye, Zhanting",IRL,M,,,,1829,0,40,AUG25,2011,
2533235,"Ye, Zhanting K.",IRL,M,,,,1748,7,40,AUG25,2009,
2520230,"Yu, Ai Tong",IRL,F,,,,1643,0,40,AUG25,2011,wi
2521970,"Yu, Boris",IRL,M,,,,1518,0,20,AUG25,2002,i
2515580,"Zachary, Gary",IRL,M,,,,1452,0,40,AUG25,1980,i
2536536,"Zakharov, Andrew",IRL,M,,,,1745,0,40,AUG25,2012,
2531585,"Zalli, Amirsad",IRL,M,,,,1637,0,40,AUG25,1996,
2527871,"Zalnieriunas, Paulius",IRL,M,,,,1696,0,40,AUG25,2005,i
2540100,"Zamiar, Nikodem",IRL,M,,,,1686,0,40,AUG25,2011,
2511959,"Zelenchuk, Daniil",IRL,M,,,,1922,0,20,AUG25,2003,
2533472,"Zhang, Quintus",IRL,M,,,,1490,0,40,AUG25,2012,
2524996,"Zitong, Ma",IRL,M,,,,1776,0,40,AUG25,2010,i
2536170,"Zou, Nuoheng",IRL,M,,,,1510,0,40,AUG25,2008,
2514974,"Zukowski, Piotr",IRL,M,,,,1781,0,20,AUG25,1973,i