ID Number,Name,Fed,Sex,Title,WTit,OTit,Rating,Gms,K,RatingMonth,B-day,Flag
9319930,"Aamer Saeed, Alyileili",UAE,M,,,,1638,10,40,SEP25,2011,
9322760,Abdalaziz Shamlan Busmah,UAE,M,,,,1423,0,40,SEP25,2009,i
9319573,"Abdalla Khalifa, Alketbi",UAE,M,,,,1487,0,40,SEP25,2007,i
9326812,Abdalla Mohd Alketbi,UAE,M,,,,1433,0,40,SEP25,2008,i
9327088,Abdalla Rashid Alnaqbi,UAE,M,,,,1465,0,40,SEP25,2010,
9316655,"Abdalla, Yahya Alhammadi",UAE,M,,,,1680,0,20,SEP25,2006,i
9326758,Abdelaziz Alshamsi,UAE,M,,,,1612,0,20,SEP25,2004,
9334149,Abdelaziz Ibrahim Al-Ali,UAE,M,,,,1475,0,20,SEP25,1990,i
9314466,Abdelaziz Saleh,UAE,M,,NA,,1721,0,20,SEP25,2003,i
9319069,"Abdelqadir Abdalla, Almulla",UAE,M,,NA,,1424,0,20,SEP25,1965,i
9328319,Abdelrahim Alblooshi,UAE,M,,,,1575,0,20,SEP25,1989,i
9323341,Abdelrahman Mohamed Al Hammadi,UAE,M,,,,1578,0,40,SEP25,2010,
9300210,"Abdul, Majeed Mohamad",UAE,M,FM,,,2103,0,20,SEP25,1974,i
9327819,Abdulaziz Ahmed Alhammadi,UAE,M,,,,1560,0,20,SEP25,2001,i
9300260,"Abdulaziz, Abdulla",UAE,M,,,,1791,0,20,SEP25,1996,i
9310240,"Abdulaziz, Saleh",UAE,M,,,,1530,0,20,SEP25,0,i
9301640,"Abdulkarim, Ali",UAE,M,,,,1924,0,20,SEP25,1990,i
9318194,"Abdulla Abdulrahim, Khouri",UAE,M,,,,1423,0,40,SEP25,2009,i
9319980,"Abdulla Adel, Alsheaili",UAE,M,,,,ACM,1510,7,SEP25,2010,
9320652,"Abdulla Ahmed, Alnuaimi",UAE,M,,,,1425,0,20,SEP25,1998,i
9325220,Abdulla Ali Aldhaheri,UAE,M,,,,1451,0,20,SEP25,1989,i
9329617,Abdulla Ali Almansoori,UAE,M,,,,1454,0,40,SEP25,2015,
9314512,Abdulla Aref,UAE,M,,,,1605,0,20,SEP25,2001,i
9328980,Abdulla Ateeq Alremaeithi,UAE,M,,,,1757,27,40,SEP25,2009,
9329404,Abdulla Ebrahim Almarzooqi,UAE,M,,,,1518,0,20,SEP25,2006,i
9320792,Abdulla Jassim Abdulla,UAE,M,,,,1467,0,20,SEP25,1973,i
9319948,"Abdulla Jassim, Albusmait",UAE,M,,,,1458,0,40,SEP25,2009,i
9308393,Abdulla M Hamed AlNeyadi,UAE,M,,,,1617,0,20,SEP25,2004,i
9318623,Abdulla Mahmood Abdulla Mohammad,UAE,M,,,,1642,0,40,SEP25,2007,i
9328076,Abdulla Majed Albedwawi,UAE,M,,,,1423,0,20,SEP25,1996,i
9323333,Abdulla Mohamed Al Hammadi,UAE,M,,,,1433,0,20,SEP25,2005,i
9331697,Abdulla Mohamed Kamal,UAE,M,,,,1481,0,40,SEP25,2013,i
9317074,"Abdulla Mohammad, Hussain",UAE,M,,,,1538,0,20,SEP25,2005,i
9329153,Abdulla Musabbeh Alkaabi,UAE,M,,,,1558,8,20,SEP25,1996,
9324577,Abdulla Younes Alkhemeiri,UAE,M,,,,1579,10,40,SEP25,2008,
9302824,"Abdulla, Abdulwahab",UAE,M,,,,1881,0,20,SEP25,1996,i
9301283,"Abdulla, Al Tahir",UAE,M,,,,1967,0,20,SEP25,1987,i
9302328,"Abdulla, Al-Hamed",UAE,M,,,,1867,0,20,SEP25,1999,i
9311882,"Abdulla, Alhosani",UAE,M,,,,1538,0,20,SEP25,0,
9302336,"Abdulla, Ali",UAE,M,,FA,,1772,0,20,SEP25,1996,
9301216,"Abdulla, Mohamed Saleh",UAE,M,,,,1858,0,20,SEP25,1996,i
9306293,"Abdulla, Rashed",UAE,M,,,,1687,0,20,SEP25,2000,i
9306307,"Abdulla, Shaeri",UAE,M,,,,1765,0,20,SEP25,1998,i
9334610,Abdullah Nasser Saeed Alsaadi,UAE,M,,,,1514,0,20,SEP25,2002,
9301550,"Abdullah, Al Hamed",UAE,M,,,,1842,0,20,SEP25,1999,i
9304207,"Abdulrahim, Mahdi",UAE,M,,SI,,1585,0,20,SEP25,1966,i
9308946,"Abdulrahim, Salem",UAE,M,,,,1829,11,20,SEP25,2002,
9327622,Abdulrahman Alfadhli,UAE,M,,,,1603,0,20,SEP25,1995,i
9335048,Abdulrahman Mohamed Alzaabi,UAE,M,,,,1413,6,40,SEP25,2014,
9310258,"Abdulrahman Mohammad, Al Taher",UAE,M,FM,,,1999,11,20,SEP25,2006,
9332952,Abdulrahman Saleh Al-Ali,UAE,M,,,,1477,0,40,SEP25,2017,
9331778,Abdulrahman Sami Al-Ali,UAE,M,,,,1529,12,40,SEP25,2010,
9333533,Abdulrahman Shehab Khanji,UAE,M,,,,1685,7,20,SEP25,1992,
9324020,Abdulrahman Sultan Jumaa,UAE,M,,,,1466,0,40,SEP25,2009,i
9302930,"Abeer, Ali",UAE,F,WCM,WCM,NA,1597,0,20,SEP25,1996,w
9322744,Abla Sawayeh Alkaabi,UAE,F,,,,1516,0,20,SEP25,1972,wi
9316418,"Abrar Mohammed, Almaazmi",UAE,F,,,,1511,0,40,SEP25,2008,wi
9321780,Ahad Saeed Alyileili,UAE,F,,,,1438,0,40,SEP25,2009,wi
9328734,Ahlam Ali Abdulkarim,UAE,F,,NA,,1465,0,20,SEP25,1990,wi
9313338,Ahlam Rashed,UAE,F,WIM,WIM,,1777,8,20,SEP25,2006,w
9326448,AHLAM SALIM ALMAZROUEI,UAE,F,,,,1439,0,40,SEP25,2009,wi
9302301,Ahmad M Saleh Alzarouni,UAE,M,,,,1780,0,20,SEP25,1995,i
9334220,Ahmad Omar Ali Bin Haider,UAE,M,,,,1601,0,20,SEP25,2005,
9321934,Ahmad Seifollah Shamsaei,UAE,M,,,,1469,0,20,SEP25,2005,i
9319042,Ahmad Y M Karimi,UAE,M,,,,1401,0,40,SEP25,2009,i
9310622,"Ahmad, Al Romaithi",UAE,M,,,,1952,7,20,SEP25,0,
9327061,Ahmed Ali Bamatraf,UAE,M,,,,1559,0,40,SEP25,2009,
9320881,Ahmed Eissa Al Madhaani,UAE,M,,,,1486,0,20,SEP25,1987,i
9320539,"Ahmed Hassan, Alhammadi",UAE,M,,,,1429,0,40,SEP25,2011,i
9325743,Ahmed Khaleifa AlBedwawi,UAE,M,,,,ACM,1542,0,SEP25,2011,
9319905,"Ahmed Khalfan, Alhefeiti",UAE,M,,,,1426,0,40,SEP25,2009,i
9326162,AHMED KHAMIS ALMAZROUEI,UAE,M,,,,1467,0,40,SEP25,2011,
9313419,Ahmed Mohamed Abdulla,UAE,M,,,,1590,0,20,SEP25,2004,i
9323325,Ahmed Mohamed Al Hammadi,UAE,M,,,,1408,0,40,SEP25,2011,i
9314261,Ahmed Mohamed Qayed,UAE,M,,,,1621,0,20,SEP25,1998,i
9324496,Ahmed Mohammad Showain,UAE,M,,,,1501,0,40,SEP25,2007,i
9322086,Ahmed Obaid Al Shamsi,UAE,M,,,,1705,0,40,SEP25,2007,
9313370,Ahmed Rashed Al Hefeti,UAE,M,,,,1786,0,20,SEP25,2002,i
9320865,Ahmed Rashed Marshool,UAE,M,,,,1464,0,40,SEP25,2010,
9316310,Ahmed Rashed Mohd R Alshamsi,UAE,M,,,,1539,0,20,SEP25,2006,i
9318631,"Ahmed Waqqas, Alawlaqi",UAE,M,,,,1666,0,20,SEP25,2006,
9324585,Ahmed Younes Alkhemeiri,UAE,M,,,,1638,9,40,SEP25,2013,
9301771,"Ahmed, Al Zarouni",UAE,M,,,,1609,0,20,SEP25,1995,i
9301798,"Ahmed, Allan",UAE,M,,,,1884,0,20,SEP25,1994,i
9303677,"Ahmed, Fareed",UAE,M,FM,,,1983,0,20,SEP25,1998,
9300449,"Ahmed, Fayez",UAE,M,,,,1921,0,20,SEP25,1978,i
9323988,Ahoud Eisa Mohamed,UAE,F,,,,1672,10,40,SEP25,2011,w
9333436,Aisha Ahmed Yousif Alzaabi,UAE,F,,,,1407,6,40,SEP25,2014,w
9314741,Aisha Mohamed Al Muaini,UAE,F,,,,1670,0,20,SEP25,2006,w
9324143,Aisha Nasser AlZarooni,UAE,F,,NA,,1511,0,40,SEP25,2007,wi
9328335,Aishah Mohamed Almarashda,UAE,F,,,,1531,0,40,SEP25,2016,wi
9303391,"Al Ahbabai, Jumah",UAE,M,,,,1821,0,20,SEP25,0,i
9307028,"Al Ali, Aisha Saif",UAE,F,,,,1675,0,20,SEP25,2004,w
9300090,"Al Amery, Haitham",UAE,M,,NA,,1817,0,20,SEP25,1991,i
9308598,"Al Amoudy, Ahmad",UAE,M,,,,1737,0,20,SEP25,0,i
9308601,"Al Amoudy, Khalifa",UAE,M,,,,1662,0,20,SEP25,0,i
9308610,"Al Amoudy, Saif",UAE,M,,,,1703,0,20,SEP25,0,i
9311084,"Al Ansi , Amin",UAE,M,,,,1996,0,20,SEP25,0,i
9303553,"Al Awadhi, Abdulla",UAE,M,,,,1596,0,20,SEP25,0,i
9309594,"Al Darmaky, Saif",UAE,M,,,,1555,0,20,SEP25,0,i
9309608,"Al Darmaky, Sultan",UAE,M,,,,1749,7,20,SEP25,2004,
9305335,"Al Dhaffari, Salma",UAE,F,WFM,WFM,,1605,7,20,SEP25,1995,w
9313460,"Al Dhahri, Khaled",UAE,M,,,,1467,0,20,SEP25,2004,i
9302204,"Al Hamed, Saif Idrees",UAE,M,,,,1750,0,20,SEP25,1999,i
9309896,"Al Hosani, Hamda",UAE,F,,,,1483,0,20,SEP25,0,wi
9308733,"Al Hosani, Omran",UAE,M,IM,,,2200,8,20,SEP25,2002,
9311378,"Al Hosani, Saeed",UAE,M,,,,1732,0,20,SEP25,2003,i
9309900,"Al Hosani, Sara",UAE,F,,,,1521,0,20,SEP25,0,wi
9307044,"Al Hosni, Aisha Hassan",UAE,F,,,,1491,0,20,SEP25,1978,w
9304541,"Al Kalbani, Wadima",UAE,F,WFM,WFM,,1619,0,20,SEP25,2000,w
9317457,"Al Khoori, Noora Mahmood Abdulla",UAE,F,,,,1526,5,40,SEP25,2008,w
9300317,"Al Khouri, Ismaeil E",UAE,M,,,,2036,0,20,SEP25,1979,i
9311874,"Al Maamari, Naser Darwish",UAE,M,,,,1845,0,20,SEP25,0,i
9305734,"Al Maamari, Wafia Darwish",UAE,F,WFM,WFM,,1889,0,20,SEP25,2003,w
9305378,"Al Mansouri, Mohammed",UAE,M,,,,1810,0,20,SEP25,1996,i
9304495,"Al Mansouri, Moza",UAE,F,WFM,WFM,,1698,9,20,SEP25,2000,w
9315225,"Al Mazrouae,Abdulrahman",UAE,M,,,,1498,0,20,SEP25,0,i
9315683,Al Mazrouei Khalid Abdullah,UAE,M,,,,1580,0,20,SEP25,2004,i
9302557,"Al Mheiri, Jumaa Ahmmed",UAE,M,,,,1842,0,20,SEP25,1985,i
9323228,AL Reem AL Hamadi,UAE,F,,,,1415,2,40,SEP25,2012,w
9325182,Al Reem Mubarak Almheiri,UAE,F,,,,1422,0,40,SEP25,2010,w
9314296,"Al Shamsi, Hamad Naseer",UAE,M,,,,1723,10,40,SEP25,2007,
9304193,"Al Shamsi, Kaltham Mubarak",UAE,F,,,,1622,0,20,SEP25,1999,wi
9302840,"Al Taher, Hisham",UAE,M,,,,1886,0,20,SEP25,1979,i
9316078,"Al Zaabi, Talal",UAE,M,,,,1715,0,20,SEP25,1970,i
9302913,"Al Zadjali, Maram",UAE,F,,,,1716,0,20,SEP25,1998,wi
9314881,"Al-Blooshi, Hamad Essa",UAE,M,CM,,,1770,10,40,SEP25,2007,
9313478,"Al-Dhaheri, Matar",UAE,M,,,,1480,0,20,SEP25,2003,i
9307109,"Al-Hammadi, Fatima Hussein",UAE,F,,,,1662,0,20,SEP25,2000,wi
9307117,"Al-Hammadi, Manal Hussein",UAE,F,,NA,,1439,0,20,SEP25,2003,wi
9307478,"Al-Hammadi, Maryam Hussein",UAE,F,,,,1611,0,20,SEP25,0,wi
9306951,"Al-Hammadi, Mona H",UAE,F,,,,1593,0,20,SEP25,0,wi
9301631,"Al-Harmoudi, Mona",UAE,F,WIM,WIM,,1780,0,20,SEP25,1979,wi
9307133,"Al-Jaber, Hayat Hassan",UAE,F,,,,1401,0,20,SEP25,1981,wi
9300520,"Al-Kaabi, Abdulla",UAE,M,,,,1982,0,20,SEP25,1993,i
9307001,"Al-Maghbali, Shama",UAE,F,WCM,WCM,,1726,0,20,SEP25,1997,wi
9300597,"Al-Mallahi, Hamad",UAE,M,,,,1677,0,20,SEP25,1999,i
9307494,"Al-Marshool, Saeed",UAE,M,,,,1527,0,20,SEP25,2003,i
9303219,"Al-marzouqi, Abdulla M",UAE,M,CM,,,1969,17,20,SEP25,1993,
9308423,"Al-Neeyadi, Soroor",UAE,M,,,,1703,0,20,SEP25,0,i
9307524,"Al-Neyadi, Suroor",UAE,M,,,,1760,0,20,SEP25,2001,i
9313494,"Al-Nuimi, Zaafrana",UAE,F,,,,1543,0,20,SEP25,2003,wi
9307559,"Al-Shamsi, Ousha",UAE,F,,NA,,1594,0,20,SEP25,2001,wi
9308474,"Al-Shamsi, Shama",UAE,F,,,,1677,0,20,SEP25,0,wi
9307583,"Al-Zaabi, Sultan",UAE,M,CM,NA,,1924,0,20,SEP25,2002,i
9302972,"Al-Zarouni, Aisha",UAE,F,,,,1811,0,20,SEP25,0,wi
9301194,"Al-Zarouni, Kholoud Essa",UAE,F,WIM,WIM,,1864,0,20,SEP25,1992,wi
9300660,"Al-Zaruoni, Fahad",UAE,M,CM,,,1759,0,20,SEP25,1998,i
9309063,"Alali, Ali",UAE,M,,,,1545,0,20,SEP25,2005,i
9303227,"Alan, Ibrahim A",UAE,M,,,,1848,0,20,SEP25,1994,i
9304185,"Aldaheri, Sheikha",UAE,F,,,,1687,0,20,SEP25,1998,wi
9318020,"Alghala Ali, Alali",UAE,F,,,,1417,0,40,SEP25,2010,wi
9319166,"Alhammadi, Khalifa Mohamed",UAE,M,,,,1671,0,40,SEP25,2009,
9325085,Alhanoof Jasem AlSuwaidi,UAE,F,,,,1433,0,40,SEP25,2012,wi
9313826,"Alharmoudi, Suhail M Ismail",UAE,M,,,,1544,0,20,SEP25,2002,i
9300465,"AlHuwar, Jasem",UAE,M,FM,,,2185,0,20,SEP25,1979,i
9320164,"Ali Hamdan, Alsheraifi",UAE,M,,,,1856,0,20,SEP25,2002,i
9313362,Ali Mohamed Al zeaabi,UAE,M,,,,1572,0,20,SEP25,2003,i
9327754,Ali Rashed Alqemzi,UAE,M,,,,1452,0,40,SEP25,2008,i
9304762,"Ali Rashid, Ali",UAE,M,,,,1806,0,20,SEP25,1997,i
9331140,Ali Saif Alhassani,UAE,M,,,,1472,0,20,SEP25,2006,i
9304347,"Ali, Abdulaziz",UAE,M,,,,1873,0,20,SEP25,1999,
9300538,"Ali, Abdulkhaleq",UAE,M,,,,1969,0,20,SEP25,1980,i
9312293,"Ali, M Alkindi",UAE,M,,,,1830,0,20,SEP25,2000,i
9308245,"Ali, Rashid Ghanem",UAE,M,,,,1849,0,20,SEP25,0,i
9315934,Alia ali Mabkhout Y Almenhali,UAE,F,,,,1422,0,40,SEP25,2008,wi
9321870,Alia Khaled,UAE,F,,NA,,1693,0,20,SEP25,1977,w
9333258,Alia Saud Nasser Marzooq,UAE,F,,,,1614,0,40,SEP25,2013,w
9320172,"Alia Sulaiman, Alnuaimi",UAE,F,,,,1419,0,20,SEP25,2004,wi
9301941,"Alia, Ali",UAE,F,,,,1581,0,20,SEP25,1999,wi
9310304,"Alia, Sarhan Al Muaini",UAE,F,,,,1462,0,20,SEP25,0,wi
9327860,Aliya Fahed Alharazi,UAE,F,,,,1440,15,40,SEP25,2013,w
9325093,Aljazi Jasem AlSuwaidi,UAE,F,,,,1412,0,40,SEP25,2012,wi
9300279,"Alkhouri, Husain",UAE,M,,,,2242,0,20,SEP25,0,i
9309381,"Almaamari , Zainab Darwish",UAE,F,WCM,WCM,NA,1822,9,20,SEP25,2006,w
9327720,"Almahmoud, Salim Ali",UAE,M,,,,1600,0,20,SEP25,1997,i
9309390,"Almahri , Muhra Abdulla",UAE,F,,,,1523,0,20,SEP25,2000,wi
9307214,"Almaini, Aishah Sarhan",UAE,F,,,,1639,0,20,SEP25,2002,w
9301666,"Almulla, Mohammed A.r.",UAE,M,,,,2008,0,20,SEP25,0,i
9309420,"Alnaimi, Gheith",UAE,M,,,,1581,0,20,SEP25,2006,i
9311769,"Alnuaimi, Ahmed M.",UAE,M,,IA,,1561,0,20,SEP25,1994,i
9309543,"Alshamsi, Salem Fadel",UAE,M,,,,1570,0,20,SEP25,2005,i
9304258,"Altaher , Tarek Ali M",UAE,M,,,,1947,0,20,SEP25,1974,i
9304045,"ALTaher, Saeed Tarek",UAE,M,,NA,,1729,0,20,SEP25,2001,i
9303995,"ALTaher, Salman Tarek",UAE,M,,IA,,1711,0,20,SEP25,1998,i
9317163,"Alya Abdalla, Al Ali",UAE,F,,,,1478,0,20,SEP25,2003,wi
9320415,"Alya Ali, Alali",UAE,F,,,,1435,0,40,SEP25,2011,wi
9315586,alyazia Humaid alhasani,UAE,F,,,,1474,1,20,SEP25,2003,w
9309527,Amal Fadel S M Alshamsi,UAE,F,WCM,WCM,,1644,3,20,SEP25,2003,w
9315900,Amira ali Mabkhout Y Almenhali,UAE,F,,,,1465,0,40,SEP25,2010,wi
9327487,Ammar Abdalla,UAE,M,,,,1548,0,40,SEP25,2011,
9312331,"Ammar, Sedrani",UAE,M,FM,,,2145,11,20,SEP25,2004,
9320466,Amna Sami Ali,UAE,F,,,,1473,0,40,SEP25,2007,wi
9330771,Amna Saqer Almarri,UAE,F,,,,1570,8,40,SEP25,2013,w
9320156,"Amnah Abdullaziz, Alblooshi",UAE,F,,,,1494,0,40,SEP25,2007,wi
9315764,"Anas Ali, Al-Mansoori",UAE,M,,,,1572,7,20,SEP25,2006,
9313575,"Anood, Ahmad",UAE,F,,,,1724,0,20,SEP25,2006,wi
9323996,Anoud Eisa Mohamed,UAE,F,,,,1783,11,40,SEP25,2011,w
9308660,"Anwer, Mohammad",UAE,M,,,,1414,0,20,SEP25,0,i
9319204,"Ashoori, Mohamed Hassan",UAE,M,,,,1438,0,20,SEP25,2002,i
9331956,Asya Saeed Bin Drai,UAE,F,,,,1473,0,40,SEP25,2010,wi
9314016,Ayesha Hassan Al Hosani,UAE,F,,NA,,1504,0,20,SEP25,1978,wi
9309535,Aysha Nasser H Alshamsi,UAE,F,,,,1521,0,20,SEP25,2004,wi
9317520,Azza Abdulla Alshamsi,UAE,F,,,,1441,0,20,SEP25,2001,wi
9321845,Bakheet Salem Al Rashdi,UAE,M,,,,1744,0,20,SEP25,1987,i
9316248,Bandar G A A H Alshimmari,UAE,M,,,,1419,0,40,SEP25,2009,i
9304843,"Bashaer, Khalil",UAE,F,WCM,WCM,,1587,0,20,SEP25,1998,w
9320270,"Dalal Ebrahim, Alblooshi",UAE,F,,,,1548,0,40,SEP25,2008,wi
9314423,Dana Ali Jaber,UAE,F,,,,1404,0,20,SEP25,2006,wi
9300589,"Dawood, Abdulla",UAE,M,,,,1698,0,20,SEP25,1994,i
9304177,"Dhaheri, Soltan",UAE,M,,,,1810,11,20,SEP25,1996,
9314300,"Ebrahim Qayed , Ahmad",UAE,M,,,,1515,0,20,SEP25,2001,i
9311408,"Ebrahim, Ahmed Ebrahim",UAE,M,,,,1582,0,20,SEP25,0,i
9316116,"Eisa Mohmood, Alkhoori",UAE,M,CM,,,1776,0,40,SEP25,2007,
9306250,"Esa, A H Almarazeeq",UAE,M,,,,1882,0,20,SEP25,1995,i
9309632,"Essa, Shahad",UAE,M,,,,1534,0,20,SEP25,0,i
9331026,Fadhila Ahmed Alblooshi,UAE,F,,,,1401,0,40,SEP25,2009,wi
9324267,Fahad Abdulaziz Al-Ali,UAE,M,,,,1550,26,40,SEP25,2011,
9333681,Fahad Mejadam,UAE,M,,,,1437,0,40,SEP25,2015,
9301232,"Faisal, Abdulla Kashwani",UAE,M,FM,,,2124,11,20,SEP25,1985,
9303758,"Faisal, Ali",UAE,M,,,,1748,0,20,SEP25,2001,
9309640,"Faraj, Mariam",UAE,F,,,,1424,0,20,SEP25,0,wi
9327398,Fatima Mohd Rashid,UAE,F,,,,1409,0,40,SEP25,2010,w
9316400,Fatima Saleh Jasim,UAE,F,,,,1410,0,40,SEP25,2008,wi
9317147,"Fatima, Al Wahabi",UAE,F,,,,1627,0,20,SEP25,2004,wi
9312420,"Fatima, Saif Al-Ali",UAE,F,WCM,WCM,,1606,0,20,SEP25,2006,w
9317767,"Fatma Faisal, Albutehi",UAE,F,,,,1403,0,40,SEP25,2008,w
9306366,"Fatma, Obaid",UAE,F,,,,1502,0,20,SEP25,1996,wi
9316809,Fay Saleh Mohamad,UAE,F,,,,1674,0,20,SEP25,2004,wi
9309152,Ghaith Saeed Alnuaimi,UAE,M,,,,1769,10,20,SEP25,2006,
9316574,"Ghaith, Ahmed",UAE,M,,,,1644,0,20,SEP25,2004,i
9314415,Ghala Ali Essa,UAE,F,,,,1457,0,20,SEP25,0,wi
9321756,Ghala Aman Ali,UAE,F,,NA,,1525,0,40,SEP25,2007,wi
9320105,"Ghaliah Mohamed, Almaeeni",UAE,F,,,,1451,0,40,SEP25,2009,w
9322418,Ghalya Naser AlNuaimi,UAE,F,,,,1457,0,20,SEP25,2005,wi
9317996,"Ghanim Abdalla, Kashwani",UAE,M,,,,1596,0,20,SEP25,1987,
9305246,"Gharib, Alia Ali",UAE,F,,,,1850,0,20,SEP25,1991,wi
9325204,Habtoor Mohammed Al Habtoor,UAE,M,,,,1438,0,20,SEP25,1991,i
9330020,Hafsa Eisa Mohamed,UAE,F,,,,1487,7,40,SEP25,2016,w
9312455,"Haitham, Alkindi",UAE,M,,,,1713,0,20,SEP25,2004,i
9327681,Hajar Omair Aldhalei,UAE,F,,,,1510,0,40,SEP25,2007,wi
9319492,Hala Gamal Amin,UAE,F,,,,1634,0,40,SEP25,2009,w
9335790,Hamad Adel Rashed,UAE,M,,,,1429,0,40,SEP25,2013,
9311793,"Hamad Ahmad, Alkaabi",UAE,M,,,,1757,0,20,SEP25,2001,i
9315560,Hamad Ahmed Al Ali,UAE,M,,,,1416,0,20,SEP25,0,i
9324186,Hamad Ali ALshezawi,UAE,M,,,,1573,0,20,SEP25,1994,i
9313095,Hamad Bader,UAE,M,,,,1862,1,20,SEP25,2004,
9329072,Hamad Belal Alshehhi,UAE,M,,NA,,1483,0,20,SEP25,1981,
9329463,Hamad Esam Alblooshi,UAE,M,,,,1479,0,40,SEP25,2012,
9313397,Hamad Essam,UAE,M,,,,1940,7,20,SEP25,2004,
9320180,"Hamad Hamdan, Alsheraifi",UAE,M,,,,1602,0,20,SEP25,1998,
9310711,Hamad M A M Al Ali,UAE,M,,,,1650,0,20,SEP25,2002,i
9324712,HAMAD MOHAMED ALMARASHDA,UAE,M,,,,1492,0,40,SEP25,2010,
9329129,Hamad Mubarak Alremeithi,UAE,M,,,,1456,0,20,SEP25,1998,
9329315,Hamad Omar Aljaberi,UAE,M,,,,1412,0,40,SEP25,2013,i
9322710,Hamad Shuaib Al Kaff,UAE,M,,,,1632,9,40,SEP25,2009,
9301372,"Hamad, Abdul Razzaq",UAE,M,,,,1792,0,20,SEP25,0,
9302026,"Hamad, Abdullah",UAE,M,,,,1551,0,20,SEP25,1999,i
9320261,"Hamda Ebrahim, Alblooshi",UAE,F,,,,1403,0,40,SEP25,2007,wi
9335021,Hamda Mohamed Alzaabi,UAE,F,,,,1438,3,40,SEP25,2017,w
9304894,"Hamda, Sarhan",UAE,F,,,,1533,0,20,SEP25,2001,wi
9333134,Hamdan Abdalla Mohammed AlNaqbi,UAE,M,,,,1443,0,40,SEP25,2011,
9318003,"Hamdan Edrees, Alhamed",UAE,M,,,,1792,11,40,SEP25,2007,
9333290,Hamdan Hassan Mohammed Hassan,UAE,M,,,,1522,0,40,SEP25,2008,
9328815,Hamdan Jabir Al Ali,UAE,M,,,,1403,2,40,SEP25,2011,
9324720,HAMDAN MOHAMED ALMARASHDA,UAE,M,,,,1408,0,40,SEP25,2013,
9329560,Hamdan Mohammed Al Ali,UAE,M,,,,1428,6,40,SEP25,2015,
9319700,"Hamdan Obaid, Alsuwaidi",UAE,M,,,,1417,0,40,SEP25,2009,i
9303804,"Hamdan, Marshool",UAE,M,FM,,,1884,0,20,SEP25,1998,i
9307664,"Hamdan, Saeed Ali",UAE,M,,,,1525,0,20,SEP25,2004,i
9323040,Hamed Abdulla AlYammahi,UAE,M,,,,1406,0,40,SEP25,2010,i
9328173,Hamed Alhasani,UAE,M,,,,1513,0,40,SEP25,2009,i
9325166,Hamed Mubarak Al Mheri,UAE,M,,,,1412,0,40,SEP25,2013,i
9307672,"Hamed, Ahmed Yousef",UAE,M,,NA,,1547,0,20,SEP25,2003,
9319506,Haneen Gamal Amin,UAE,F,,,,1447,6,40,SEP25,2008,w
9308067,Hareb Nasser Hareb Alshamsi,UAE,M,,,,1808,0,20,SEP25,2003,i
9329471,Hasan Esam Alblooshi,UAE,M,,,,1453,7,40,SEP25,2011,
9327517,Hashim Mohamed,UAE,M,,,,1451,0,40,SEP25,2009,
9332596,Hasna Rashid Al Ketbi,UAE,F,,,,1405,0,40,SEP25,2011,w
9330100,Hassan Ahmed Alhmoudi,UAE,M,,,,1621,0,40,SEP25,2015,
9317066,"Hassan Essa, Alblooshi",UAE,M,,,,1443,0,20,SEP25,2005,
9303278,"Hassan Malalla, Khaled",UAE,M,,,,1692,0,20,SEP25,1994,i
9319662,"Hassan Rashid, Almaeeni",UAE,M,,,,1428,0,40,SEP25,2007,i
9300481,"Hassan, Abdullah",UAE,M,IM,,,2261,0,20,SEP25,1986,i
9317350,Hayam Saeed Alshamsi,UAE,F,,,,1489,0,20,SEP25,2002,wi
9314822,Hazza Salah Mohammed,UAE,M,,,,1645,0,40,SEP25,2007,i
9320962,HEND RADMAN MOHAMMED,UAE,F,,,,1470,0,40,SEP25,2011,wi
9306404,"Hind, Faraj",UAE,F,,,,1566,0,20,SEP25,2003,wi
9316353,Hmouda A H BinHmouda,UAE,M,,,,1542,0,40,SEP25,2007,i
9321012,Hour Naser Al Nuaimi,UAE,F,,,,1435,0,40,SEP25,2010,w
9328874,Humaid Abdalla Alshamsi,UAE,M,,,,1430,0,40,SEP25,2013,i
9300147,Humaid Abdulla Ali,UAE,M,,,,1743,0,20,SEP25,1989,i
9319409,"Humaid Abdulla, Alzahmi",UAE,M,,,,1490,0,40,SEP25,2009,
9326510,HUMAID AHMED ALBLOOSHI,UAE,M,,,,1498,0,20,SEP25,2004,i
9331204,Humaid Eissa Alblooshi,UAE,M,,,,1594,7,20,SEP25,1997,
9318054,"Humaidan Mohamed, Alzaabi",UAE,M,,,,1842,10,40,SEP25,2009,
9324968,Humoud Rashid Alghafri,UAE,M,,,,1417,0,40,SEP25,2010,i
9325530,Husam Khalid Radwan,UAE,M,,,,1416,0,20,SEP25,1970,
9328181,Hussain Alhasani,UAE,M,,,,1414,0,40,SEP25,2011,i
9301038,"Ibrahim, Ismail",UAE,M,,,,2101,0,20,SEP25,1986,i
9326502,ISMAIL MOHAMMED ALBLOOSHI,UAE,M,,,,1464,0,20,SEP25,2003,i
9301046,"Issa, Mohammed",UAE,M,,,,1636,0,20,SEP25,1974,
9315772,"Jamal, Amin Omer",UAE,M,,,,1665,0,20,SEP25,1967,i
9317708,Jawaher Saleh Alali,UAE,F,,,,1467,0,20,SEP25,2005,wi
9304932,"Jawaher, Khalil",UAE,F,,NA,,1454,0,20,SEP25,2000,w
9303286,"Jehad, Aysha",UAE,F,,,,1705,0,20,SEP25,1995,wi
9317694,Jouri Saleh Alali,UAE,F,,,,1407,0,20,SEP25,2004,wi
9317740,Jumah Mohamed Jumah,UAE,M,,,,1549,0,40,SEP25,2008,i
9303294,"Jumma, Al Mmouhairi",UAE,M,,,,1958,0,20,SEP25,1985,i
9315527,Kaltham Anwar,UAE,F,,,,1651,0,20,SEP25,2002,wi
9328092,Khadija Shamlan Alnuaimi,UAE,F,,,,1412,0,20,SEP25,2005,w
9333797,Khaled Mohammad Ghazizadeh,UAE,M,,,,1477,0,40,SEP25,2013,
9322140,Khaled Omar Almeqbaali,UAE,M,,,,1414,0,20,SEP25,2006,i
9307575,Khaled Tarek AlTaher,UAE,M,,NA,,1632,0,20,SEP25,2006,i
9304940,"Khaled, Ahmed Y.",UAE,M,,,,1725,0,20,SEP25,1998,
9322370,Khalel Jaber Alahbabi,UAE,M,,,,1404,0,40,SEP25,2010,i
9318852,"Khalfan Ali, Almansoori",UAE,M,,,,1449,0,40,SEP25,2009,
9332782,Khalid Ahmed AlNaqbi,UAE,M,,,,1465,0,40,SEP25,2013,
9326677,KHALID ALHAWAY,UAE,M,,,,1497,0,40,SEP25,2013,
9300775,Khalid AlShaali,UAE,M,,,,2111,0,20,SEP25,0,i
9333517,Khalid Fahad Al Mahmoud,UAE,M,,,,1533,0,20,SEP25,2001,i
9334157,Khalid Ibrahim Murad Aziz,UAE,M,,,,1515,0,40,SEP25,2010,
9324658,KHALID NASSER,UAE,M,,,,1558,0,40,SEP25,2007,i
9306994,"Khalid Radwan, Alia",UAE,F,,,,1442,0,20,SEP25,0,wi
9306005,"Khalid, Hussain Musallam",UAE,M,,,,1531,0,20,SEP25,1997,i
9327495,Khalifa Abdalla,UAE,M,,,,1447,0,40,SEP25,2010,
9315853,"Khalifa Essa, Albalooshi",UAE,M,,,,1936,0,20,SEP25,2004,
9331255,Khalifa Talal Al Belushi,UAE,M,,,,1520,9,40,SEP25,2010,
9311971,"Khalifa, Amer",UAE,M,,,,1545,0,20,SEP25,0,i
9312552,"Khalifah, Khaled",UAE,M,CM,,,1912,2,20,SEP25,2006,
9309950,"Khalil, Hanan",UAE,F,,,,1628,0,20,SEP25,2005,wi
9309993,"Khalil, Reem",UAE,F,,,,1534,0,20,SEP25,0,wi
9301518,"Khouri, Ahmed Abbas",UAE,M,FM,,,1918,0,20,SEP25,1990,i
9301526,"Khouri, Ibrahim Mohamed",UAE,M,FM,,,2102,8,20,SEP25,1991,
9330925,Latifa Saleh Alali,UAE,F,,,,1541,6,40,SEP25,2014,w
9318267,"Latifa Sami, Alzarouni",UAE,F,,,,1419,0,20,SEP25,2006,wi
9312579,"Latifah, Darmaki",UAE,F,,,,1551,0,20,SEP25,2006,w
9315837,"Lootah, Feddah Mohamad",UAE,F,,,,1484,0,20,SEP25,1982,wi
9329447,Lulwa Khalifa Alhammadi,UAE,F,,,,1510,5,40,SEP25,2008,w
9324887,Mahfoudh Mohamed Alaghbari,UAE,M,,,,1521,0,40,SEP25,2009,i
9304967,"Mahmoud, Ahmed",UAE,M,,,,1745,0,20,SEP25,1995,i
9332553,Mahra Fahad AlQubaisi,UAE,F,,,,1603,0,40,SEP25,2014,w
9313249,"Mahra Ibrahim, Al Zaabi",UAE,F,,,,1491,0,40,SEP25,2007,wi
9315373,Mahra Mallah AlRomaithi,UAE,F,WCM,WCM,,1455,0,40,SEP25,2007,wi
9334475,Mahra Rashid Abdullah,UAE,F,,,,1499,0,40,SEP25,2015,w
9314024,Maitha Easa Al Teneji,UAE,F,,,,1643,0,20,SEP25,2003,wi
9304975,"Majed Ali, Abdouli",UAE,M,,IA,,1810,0,20,SEP25,1998,i
9308318,"Majed, Mosallam",UAE,M,,,,1618,0,20,SEP25,0,i
9319964,"Majid Abdalla, Alqaydi",UAE,M,,,,1551,0,40,SEP25,2009,i
9322779,Mana Shamlan Busamah,UAE,M,,,,1405,0,40,SEP25,2007,i
9327592,Mansoor Abdulmajeed,UAE,M,,,,1537,0,20,SEP25,2004,i
9336168,Mansoor Ibrahim AlHammadi,UAE,M,,,,1420,3,40,SEP25,2010,
9314938,Mansoor Khaled Saqr,UAE,M,,,,1513,0,40,SEP25,2007,
9332979,Mansoor Marwan Al Marzooqi,UAE,M,,,,1429,0,40,SEP25,2016,
9318771,"Mansour Omar, Almeqbaali",UAE,M,,,,1453,0,40,SEP25,2009,i
9301402,"Mansour, Abbas",UAE,M,,,,1820,0,20,SEP25,1988,i
9307893,"Mansour, Mohamed Khoori",UAE,M,,,,1778,0,20,SEP25,0,i
9320342,"Maria Rashid, Almaeeni",UAE,F,,,,1412,0,40,SEP25,2011,wi
9325301,Mariam Abdulrahman Al Hammadi,UAE,F,,,,1441,0,20,SEP25,1976,wi
9332278,Mariam Khalid Al Nuaimi,UAE,F,,,,1510,4,40,SEP25,2016,w
9316426,"Mariam Mohammed, Almaeeni",UAE,F,,,,1590,0,40,SEP25,2008,w
9306480,"Mariam, Essa",UAE,F,WCM,WCM,,1714,0,20,SEP25,2001,w
9312978,"Marshool, Abdullah",UAE,M,,,,1423,0,20,SEP25,0,i
9306498,"Marwa, Abdelbasad",UAE,F,,,,1588,0,20,SEP25,2003,wi
9301410,"Marwan, Abdulwahab",UAE,M,FM,,,2022,0,20,SEP25,1990,i
9320148,"Maryam Abdulaziz, Alblooshi",UAE,F,,,,1594,0,40,SEP25,2008,wi
9319484,"Maryam Radman, Bin Syad",UAE,F,,,,1425,0,40,SEP25,2009,wi
9331948,Matar Saeed Matar,UAE,M,,,,1449,0,40,SEP25,2007,i
9332731,Mayed Abdelaziz AlNaqbi,UAE,M,,,,1515,0,40,SEP25,2007,i
9303871,Mayed AlRashedi,UAE,M,FM,,,1911,0,20,SEP25,1999,i
9321993,Mayed Arif ALHamoudi,UAE,M,,,,1408,0,40,SEP25,2007,i
9314040,Maysoon Ali Jaber AlAli,UAE,F,,,,1467,0,20,SEP25,2004,wi
9315543,Meera Ibrahim Al Zaabi,UAE,F,,,,1591,0,40,SEP25,2008,wi
9329455,Meera Khalifa Alhammadi,UAE,F,,,,1448,5,40,SEP25,2009,w
9333240,Meera Saqr Almarri,UAE,F,,,,1490,0,40,SEP25,2012,w
9318305,Meera Saqr Mohammed,UAE,F,,,,1518,0,20,SEP25,2006,wi
9318119,Mera Abdulaziz Aidarous,UAE,F,,,,1499,6,40,SEP25,2008,w
9316086,"Mesfer, Al Mesafri",UAE,M,,,,1623,0,40,SEP25,2008,
9311530,"Mira, Husain Al Hammadi",UAE,F,,,,1515,0,20,SEP25,0,wi
9303898,"Mira, Sarhan",UAE,F,,,,1586,0,20,SEP25,0,wi
9330127,Mohamed Abdalla Alzarooni,UAE,M,,,,1458,0,40,SEP25,2010,
9319972,"Mohamed Abdalla, Alqaydi",UAE,M,,,,1497,0,20,SEP25,2006,i
9321810,Mohamed AbdulWahed,UAE,M,,,,1605,0,20,SEP25,1985,i
9317864,"Mohamed Ahmed, Alzarooni",UAE,M,,,,1477,0,40,SEP25,2009,i
9335102,Mohamed AlMaeeni,UAE,M,,,,1585,9,40,SEP25,2017,
9330941,Mohamed Hasan Alfardan,UAE,M,,,,1444,9,40,SEP25,2007,
9322329,Mohamed Masoud Sharafat,UAE,M,,,,1528,0,20,SEP25,2003,i
9324640,MOHAMED NASSER,UAE,M,,,,1454,0,40,SEP25,2012,i
9335765,Mohamed Rashid Alyamahi,UAE,F,,,,1413,0,40,SEP25,2011,w
9314946,Mohamed Saeed Laily,UAE,M,CM,,,1958,1,20,SEP25,2005,
9334211,Mohamed Sulaiman AlShehhi,UAE,M,,,,1536,0,20,SEP25,2004,i
9320768,Mohamed Sultan Al Taher,UAE,M,,,,1464,0,40,SEP25,2009,
9325930,Mohamed Yousuf Al-Ali,UAE,M,,,,1925,11,40,SEP25,2011,
9301704,"Mohamed, Eissa",UAE,M,,,,1835,0,20,SEP25,1988,i
9300767,"Mohamed, Hossein",UAE,M,FM,,,2177,0,20,SEP25,0,i
9306552,"Mohamed, Marshool",UAE,M,,,,1796,0,20,SEP25,2000,i
9302816,"Mohamed, Moussa",UAE,M,,,,1757,10,20,SEP25,0,
9317830,"Mohammad Abdulrahman, Alawadhi",UAE,M,,,,1866,8,20,SEP25,2006,
9314474,Mohammad Anwar,UAE,M,,,,1406,0,20,SEP25,2004,i
9328866,Mohammad Anwar Baloochi,UAE,M,,,,1404,0,40,SEP25,2010,
9333789,Mohammad Jamal AlBlooshi,UAE,M,,,,1622,0,20,SEP25,2004,i
9324470,Mohammad Sultan Showain,UAE,M,,,,1437,0,40,SEP25,2009,i
9310460,"Mohammad, Ahmed Yousef",UAE,M,,,,1456,0,20,SEP25,0,
9308962,"Mohammad, Saleh",UAE,M,,,,1575,0,20,SEP25,0,i
9322884,Mohammed Abdulla Almazrouei,UAE,M,,,,1579,0,20,SEP25,2000,i
9331344,Mohammed Abdullah Farzaneh,UAE,M,,,,1441,0,40,SEP25,2010,i
9328912,Mohammed Ahmed Alhashmi,UAE,M,,,,1420,0,40,SEP25,2010,
9328190,Mohammed Alhasani,UAE,M,,,,1489,0,20,SEP25,2006,i
9309683,"Mohammed Ali, Hassan",UAE,M,,,,1537,0,20,SEP25,0,i
9312994,"Mohammed Ali, Sultan",UAE,M,,,,1523,0,20,SEP25,0,i
9328297,Mohammed Hamad Alkhemeiri,UAE,M,,,,1500,0,40,SEP25,2007,
9329374,Mohammed Omar Aljaberi,UAE,M,,,,1450,0,40,SEP25,2010,i
9317392,Mohammed Saeed Alshamsi,UAE,M,,,,1723,10,20,SEP25,2006,
9331190,Mohammed Saeed M.A Alshamsi,UAE,M,,,,1539,0,20,SEP25,2006,i
9313281,"Mohammed, Ahmed",UAE,M,,,,1407,0,20,SEP25,0,i
9309691,"Mohammed, Ghalia",UAE,F,,,,1586,0,20,SEP25,2004,wi
9300503,"Mohd, A. Altaher",UAE,M,,,,1968,0,20,SEP25,0,i
9308709,"Mosallam, Mohammad",UAE,M,,,,1673,9,20,SEP25,2003,
9307010,Mouza Almaamari,UAE,F,,IA,,1633,0,20,SEP25,1999,wi
9315390,Mouza Nasser AlShamsi,UAE,F,,,,1536,5,40,SEP25,2009,w
9319557,"Mouza Saeed, Albedwawi",UAE,F,,,,1410,0,20,SEP25,2006,wi
9308075,"Mouza, Darwish Almemari",UAE,F,,,,1587,0,20,SEP25,0,wi
9322396,Muna Ali AlNuaimi,UAE,F,,,,1430,0,40,SEP25,2011,w
9300970,"Murad, Abdulla",UAE,M,,,,1863,0,20,SEP25,1995,i
9326790,Musabeh Mohamed,UAE,M,,,,1414,0,40,SEP25,2009,i
9331611,Nahyan Mohammed AlMazrui,UAE,M,,,,1509,0,40,SEP25,2013,
9332090,Nahyan Salim Al Kalbani,UAE,M,,,,1549,0,40,SEP25,2008,i
9330267,Naser Adel Almaazmi,UAE,M,,,,1455,0,40,SEP25,2009,i
9336613,Nasser Mansoor Marzooq,UAE,M,,,,1542,0,20,SEP25,1987,
9330119,Nassir Abdalla Alzarooni,UAE,M,,,,1516,2,40,SEP25,2014,
9321802,Nawaf Abdulwahed,UAE,M,,,,1627,0,20,SEP25,1983,i
9315756,"Nawaf Ali, Al-Mansoori",UAE,M,,FA,,1673,0,20,SEP25,2002,
9306587,"Nawaf, Abdulrazzaq",UAE,M,,,,1544,0,20,SEP25,2003,i
9300988,"Noman, Shaima",UAE,F,,,,1552,0,20,SEP25,2000,wi
9317406,Noof Khalfan Alshamsi,UAE,F,,,,1406,0,20,SEP25,2006,wi
9328769,Noor Anwar Albastaki,UAE,F,,NA,,1420,0,20,SEP25,2003,wi
9314350,Nora Mohamed Yousuf,UAE,F,,,,1565,0,20,SEP25,0,wi
9316000,Nouf Humaid Nasser AlHasni,UAE,F,,,,1452,0,20,SEP25,2001,wi
9335730,Nouf Saif Ahmed,UAE,F,,,,1408,0,40,SEP25,2015,w
9301500,"Nouman, Amna",UAE,F,WIM,WIM,,1868,0,20,SEP25,1996,wi
9310517,Nour Saleh Jasim,UAE,F,,"NI,FA",,1539,0,20,SEP25,2004,wi
9318496,"Nour Talal, Al Khazraji",UAE,F,,,,1458,0,40,SEP25,2008,wi
9317651,Noura Abdulrahim Khoori,UAE,F,,,,1402,0,20,SEP25,2006,wi
9328823,Obaid Omar Alshamsi,UAE,M,,,,1458,1,40,SEP25,2014,
9300996,"Obaid, Jawaher",UAE,F,,,,1535,0,20,SEP25,1997,wi
9320628,"Omar Abdulaziz, Alblooshi",UAE,M,,,,1405,0,40,SEP25,2009,i
9333665,Omar Alhashmi,UAE,M,,,,1490,0,20,SEP25,1993,
9327053,Omar Ali Bamatraf,UAE,M,,,,1466,0,40,SEP25,2011,
9329218,Omar Awad Aljaberi,UAE,M,,,,1415,0,20,SEP25,1982,i
9329960,Omar Ayoub Abbas,UAE,M,,,,1471,0,20,SEP25,2006,
9315420,Omar Mamoun AlMarzouqi,UAE,M,,,,1521,0,20,SEP25,0,i
9310525,"Omar Mohammad, Al Taher",UAE,M,,,,1596,0,20,SEP25,2004,i
9318038,"Omar Rashed, Alshehhi",UAE,M,,,,1765,0,20,SEP25,1984,i
9316701,"Omar, Alhosani",UAE,M,,,,1432,0,20,SEP25,2005,i
9300244,"Omar, Noaman",UAE,M,IM,,,2274,0,20,SEP25,1991,
9300155,"Othman, A. Moussa",UAE,M,FM,,,2055,11,20,SEP25,1975,
9300112,"Othman, Rabeea",UAE,M,,,,AFM,1918,0,SEP25,1972,i
9334033,Qasayed Ahmed Mohammed Alshehhi,UAE,F,,,,1460,9,40,SEP25,2014,w
9313630,"Qayed, Shirin",UAE,F,,,,1520,0,40,SEP25,2007,wi
9320644,"Rashed Abubaker, Alhemeiri",UAE,M,,,,1833,0,40,SEP25,2009,
9317058,"Rashed Ahmad, Alhajjaj",UAE,M,,,,1609,0,40,SEP25,2007,i
9329498,Rashed Matar Alremeithi,UAE,M,,,,1419,0,40,SEP25,2008,i
9314075,Rashed Mohamed Al kendi,UAE,M,,,,1769,0,20,SEP25,1999,i
9308113,"Rashid , Shaeri",UAE,M,,,,1581,0,20,SEP25,0,i
9319778,Rashid Hamdan Alketbi,UAE,M,,,,1537,0,20,SEP25,2005,i
9321020,Rashid Husain Alhammadi,UAE,M,,,,1871,11,40,SEP25,2012,
9322337,Rashid Masoud Sharafat,UAE,M,,,,1436,0,40,SEP25,2010,i
9330194,Rashid Mohamed Alali,UAE,M,,,,1474,0,40,SEP25,2013,
9318810,"Rashid Nasser, Al Shamsi",UAE,M,,,,1437,0,40,SEP25,2008,i
9308350,"Rashid, Mosallam",UAE,M,,,,1624,0,20,SEP25,0,i
9316612,"Rashid,Arif",UAE,M,,,,1572,0,40,SEP25,2007,i
9313486,Rawan Sbaa Saeed AlNuaimi,UAE,F,,,,1549,0,20,SEP25,2004,wi
9329110,Rawda Almansoori,UAE,F,,,,1502,0,40,SEP25,2007,w
9306145,"Rayan, Mohammad Ali Hassan",UAE,F,,,,1566,0,20,SEP25,2004,w
9326740,Reem Alsaqqaf,UAE,F,,,,1552,13,40,SEP25,2007,w
9326170,REEM KHAMIS ALMAZROUEI,UAE,F,,,,1438,0,40,SEP25,2009,wi
9302964,"Reem, Al Zadjali",UAE,M,,,,1608,0,20,SEP25,1996,i
9307788,"Rodha, Faraj",UAE,F,,,,1545,0,20,SEP25,0,wi
9314318,"Rouda Essa, Alserkal",UAE,F,WGM,WGM,,2006,0,40,SEP25,2009,w
9306897,"Roush, Ali Gholoum",UAE,M,,,,1960,0,20,SEP25,0,i
9328939,Rowdah Ghalib Alafeefi,UAE,F,,,,1513,6,40,SEP25,2013,w
9322388,Saad Jaber Alahbabi,UAE,M,,,,1539,0,40,SEP25,2011,i
9320830,Saeed M Nami,UAE,M,,,,1645,10,20,SEP25,2006,
9322736,Saeed Saif AlRatouq,UAE,M,,,,1432,0,20,SEP25,1989,
9301453,"Saeed, Ishaq",UAE,M,IM,,,2232,0,20,SEP25,1993,i
9305947,"Saeed, Marshool",UAE,M,,,,1503,0,20,SEP25,1995,i
9311025,"Saeed, Omar",UAE,M,,NA,,1569,0,20,SEP25,0,i
9309748,"Saeed, Rashed",UAE,M,,,,1475,0,20,SEP25,0,i
9328971,Saif Ghalib Alafeefi,UAE,M,,,,1493,7,40,SEP25,2015,
9319808,"Saif Hasan, Alzaabi",UAE,M,,,,1523,0,20,SEP25,2003,i
9305084,"Saif M., Al-Olama",UAE,M,,,,1711,0,20,SEP25,2001,i
9332766,Saif Muhannad AlHosani,UAE,M,,,,1430,0,40,SEP25,2012,i
9316256,Saif Salah M N Haidara,UAE,M,,,,1492,0,20,SEP25,2006,i
9320067,"Saif Salem, Almeqbaali",UAE,M,,,,1408,0,40,SEP25,2010,i
9316604,"Saif, Ahmed",UAE,M,,,,1954,0,20,SEP25,2002,
9324305,Sakina Aziz Karam,UAE,F,,,,1420,0,20,SEP25,1990,wi
9309209,Salama Saeed Dawood S Alnaimi,UAE,F,,,,1577,0,20,SEP25,2004,wi
9333061,Saleh Abdulla Saleh Mohamed,UAE,M,,,,1572,0,20,SEP25,2006,
9315748,"Saleh Jasim, Al-Blooshi",UAE,M,,,,1481,0,20,SEP25,2006,i
9303073,"Saleh, Alamri",UAE,M,,,,1623,0,20,SEP25,1993,i
9300139,"Saleh, Nabil",UAE,M,FM,,,2072,0,20,SEP25,1974,i
9300058,"Saleh, Nagueb",UAE,M,CM,,,2079,0,20,SEP25,1969,i
9301097,"Saleh, Naif",UAE,M,CM,,,1884,0,20,SEP25,1995,i
9301607,"Saleh, Nora Mohd",UAE,F,WIM,WIM,,1890,0,20,SEP25,1989,wi
9328793,Salem Ahmed AlMheiri,UAE,M,,,,1578,0,40,SEP25,2016,
9325824,Salem Muhsan Shuaib,UAE,M,,,,1467,0,40,SEP25,2007,
9334351,Salem Saeed AlZaabi,UAE,M,,,,1495,0,20,SEP25,2001,
9328491,Salem Sarhan Almaeeni,UAE,M,,,,1603,0,40,SEP25,2008,
9324488,Salem Sultan Showain,UAE,M,,,,1439,0,40,SEP25,2007,i
9301348,"Salem, A.R. Saleh",UAE,M,GM,,,2653,0,10,SEP25,1993,
9307796,"Salem, Ahmed Salem",UAE,M,,,,1915,0,20,SEP25,2002,
9302689,"Salem, Amna",UAE,F,,,,1801,0,20,SEP25,1974,wi
9320814,Salim H M Alrimawi,UAE,M,,,,1530,0,20,SEP25,1972,i
9317856,"Salim Jasim, Alblooshi",UAE,M,,,,ACM,1782,0,SEP25,2010,
9315365,Salma Ahmed ALMeheri,UAE,F,,,,1431,0,40,SEP25,2008,wi
9332057,Salman Bakhit Mohamed,UAE,M,,,,1611,0,20,SEP25,2006,i
9325042,Saoud Ahmed AlKaabi,UAE,M,,,,1513,0,40,SEP25,2012,
9325611,Saqar Essa Khamis,UAE,M,,,,1780,10,40,SEP25,2014,
9318240,Sara Ahmad Ibrahim,UAE,F,,,,1537,0,40,SEP25,2008,wi
9323767,Saud Ahmed Almaazmi,UAE,M,,,,1459,0,40,SEP25,2008,i
9324976,Saud Bader Huwair Alzarooni,UAE,M,,,,1677,10,40,SEP25,2007,
9300457,"Saud, Mohamed",UAE,M,,,,1988,0,20,SEP25,1979,i
9323953,Shahd Qasem Bani Abdulkarim,UAE,F,,,,1401,0,40,SEP25,2007,wi
9305343,shaikha Abdallah Aldhaheri,UAE,F,,,,1737,0,20,SEP25,1998,wi
9322426,Shaikha Naser AlNuaimi,UAE,F,,,,1405,0,40,SEP25,2011,w
9320083,"Shaikha Nasser, Alshamsi",UAE,F,,,,1475,0,40,SEP25,2011,w
9332421,Shaikha Salim Al Mazrouei,UAE,F,,,,1553,0,40,SEP25,2016,w
9313656,"Shaikha, Anwar",UAE,F,,,,1441,0,20,SEP25,0,wi
9301879,"Shakari, Saeed Yousuf",UAE,M,,SI,,1836,0,20,SEP25,1988,i
9314342,Shamma Al Serkal,UAE,F,,NA,,1531,0,20,SEP25,2002,wi
9314326,Shamma Habib Al Beloshi,UAE,F,,,,1514,0,20,SEP25,0,wi
9329765,Shamma Khalfan Alsuwaidi,UAE,F,,,,1532,7,40,SEP25,2010,w
9333428,Shamma Sultan Alqubaisi,UAE,F,,,,1423,0,40,SEP25,2015,w
9306668,"Shamma, Ali",UAE,F,,,,1556,0,20,SEP25,2001,wi
9313893,Shams M khalifa Al Rubaei,UAE,F,,,,1515,0,20,SEP25,2004,wi
9328629,Shamsa Ahmad Ruwaila,UAE,F,,,,1430,0,40,SEP25,2012,wi
9331913,"Shamsa, Al Ryiami",UAE,F,,,,1439,0,40,SEP25,2015,w
9312030,"Shamsa, Amer",UAE,F,,,,1525,0,40,SEP25,2007,w
9331930,"Sharif, Khaled Alawi",UAE,M,,,,1519,13,40,SEP25,2013,
9325573,Sheikha Abdulla Almeraikhi,UAE,F,,,,1404,6,40,SEP25,2009,w
9309845,"Sheikha, Abdulaziz",UAE,F,,,,1547,0,20,SEP25,0,wi
9312811,"Shoog, Ahmed",UAE,F,,,,1505,0,20,SEP25,2005,wi
9320440,Shouq Aman Ali,UAE,F,,,,1443,0,40,SEP25,2008,wi
9328149,Skander Ali Alblooshi,UAE,M,,,,1454,0,40,SEP25,2015,
9316680,"Soud, Jaber",UAE,M,,,,1987,10,40,SEP25,2008,
9308989,"Soud, Mosallam",UAE,M,,,,1570,0,20,SEP25,0,i
9330305,Suhail Ali Alnaqbi,UAE,M,,,,1639,0,20,SEP25,1993,i
9300228,"Suhail, Abdurahim",UAE,M,CM,,,2216,0,20,SEP25,1971,i
9328785,Sultan Ahmed AlMheiri,UAE,M,,,,1587,9,40,SEP25,2013,
9317015,"Sultan Ali, Alsuwadi",UAE,M,,,,1416,0,20,SEP25,2004,i
9309551,Sultan Fadel Saeed M Alshamsi,UAE,M,,,,1530,0,20,SEP25,2001,i
9319735,"Sultan Jabir, Alzarooni",UAE,M,,,,1697,10,40,SEP25,2011,
9324704,SULTAN JASIM ALBLOOSHI,UAE,M,,,,1434,0,40,SEP25,2013,
9324232,Sultan Khaled Alhosani,UAE,M,,,,1623,23,40,SEP25,2012,
9321837,Sultan Mahmoud Al Mahri,UAE,M,,,,1855,0,20,SEP25,1986,i
9314997,Sultan Mohamed Qayed,UAE,M,,,,1532,0,20,SEP25,2000,i
9324844,Sultan Muammar Al-Ali,UAE,M,,,,1434,0,40,SEP25,2009,i
9319727,"Sultan Obaid, Alsuwaidi",UAE,M,,,,1432,0,40,SEP25,2010,
9312048,"Sultan, Amer",UAE,M,,,,1639,0,20,SEP25,0,i
9306684,"Sultan, Fareed",UAE,M,,NA,,1740,0,20,SEP25,2000,
9303332,"Sultan, Haifa",UAE,F,,,,1809,0,20,SEP25,0,wi
9301143,"Sultan, Ibrahim",UAE,M,IM,,,2026,11,20,SEP25,1997,
9304010,"Sultan, Marshool",UAE,M,,,,1734,0,20,SEP25,1997,i
9316850,"Talal Mohammed, Al Blooshi",UAE,M,,,,1604,0,40,SEP25,2008,
9315730,"Talal, Ahmad",UAE,M,,,,1684,0,20,SEP25,1970,i
9304029,"Talal, Al-Hammadi",UAE,M,,,,1810,0,20,SEP25,2000,i
9307362,"Talal, M. Alhammadi",UAE,M,,,,1744,0,20,SEP25,2000,i
9300201,"Taleb, Moussa",UAE,M,GM,,,2306,0,10,SEP25,1978,i
9300287,"Tareq, H. Omran",UAE,M,,,,2054,0,20,SEP25,0,i
9304681,"Taryam, Taryam Matar",UAE,M,,,,1959,0,20,SEP25,0,i
9300180,"Tayeb, Suhail",UAE,M,CM,,,2082,0,20,SEP25,1967,i
9328165,Thani Faisal Alkhoori,UAE,M,,,,1442,1,40,SEP25,2014,
9315284,"Tower,Nora",UAE,F,,NA,,1498,0,20,SEP25,0,wi
9300074,"Wahib, Jafer",UAE,M,,,,2149,0,20,SEP25,0,i
9301887,"Waleed, Yousif",UAE,M,,,,1939,0,20,SEP25,0,
9302271,"Walid, Anwar",UAE,M,,,,1834,0,20,SEP25,1996,
9313885,Warda M khalifa AlRubaei,UAE,F,,,,1437,0,20,SEP25,2005,wi
9322701,Yahya Shuaib Al Kaff,UAE,M,,,,1921,0,40,SEP25,2007,
9300953,"Yahya, Mohamed Saleh",UAE,M,FM,,,2036,0,20,SEP25,1988,i
9315292,"Yaser,Nora",UAE,F,,,,1543,0,20,SEP25,0,wi
9305173,"Yasmin, Ali",UAE,F,,,,1668,3,20,SEP25,2002,w
9312056,"Yousef, Jasem",UAE,M,,,,1593,0,20,SEP25,2001,i
9316639,"Yousif, Alhammadi",UAE,M,,,,1485,0,40,SEP25,2007,i
9314288,Zafarana Sbaa ALNeaimi,UAE,F,,,,1551,0,20,SEP25,2004,wi
9321764,Zainab Muhammed Khalid,UAE,F,,,,1476,0,40,SEP25,2008,w
9319921,"Zayed Abdalla, Alqaydi",UAE,M,,,,1502,0,20,SEP25,2005,i
9317821,"Zayed Ali, Almarzooqi",UAE,M,,,,1486,0,20,SEP25,2004,i
9316990,"Zayed Ali, Alsuwaidi",UAE,M,,,,1402,0,20,SEP25,2006,i
9315403,Zayed Mallah AlRemeithi,UAE,F,,,,1482,0,20,SEP25,2006,wi
9329536,Zayed Mohammed Al Ali,UAE,M,,,,1498,9,40,SEP25,2016,
9303340,"Zayed, Ali Al-hamed",UAE,M,,,,1949,10,20,SEP25,1991,
9315810,"Zayed, Alsedrani",UAE,M,,,,1554,0,20,SEP25,2005,i
9311459,"Zayed, Marshool",UAE,M,,,,1403,0,20,SEP25,0,i
9310592,"Zayed, Sultan Al Taher",UAE,M,,NA,,1800,11,20,SEP25,2006,
9323848,Zayid Faisal Albalushi,UAE,M,,,,1412,0,40,SEP25,2008,i
9309780,"Ziyad, Uhood",UAE,F,,,,1612,0,20,SEP25,0,wi