[
  {
    "ID Number": "12601756"
  },
  {
    "ID Number": "12601071"
  },
  {
    "ID Number": "12603937"
  },
  {
    "ID Number": "12602280"
  },
  {
    "ID Number": "12602680"
  },
  {
    "ID Number": "12600563"
  },
  {
    "ID Number": "12600202"
  },
  {
    "ID Number": "12601713"
  },
  {
    "ID Number": "12601098"
  },
  {
    "ID Number": "12600750"
  },
  {
    "ID Number": "12600598"
  },
  {
    "ID Number": "12601381"
  },
  {
    "ID Number": "12600822"
  },
  {
    "ID Number": "12601322"
  },
  {
    "ID Number": "12600784"
  },
  {
    "ID Number": "12602574"
  },
  {
    "ID Number": "12601853"
  },
  {
    "ID Number": "12602531"
  },
  {
    "ID Number": "12603090"
  },
  {
    "ID Number": "12601942"
  },
  {
    "ID Number": "12600431"
  },
  {
    "ID Number": "12602914"
  },
  {
    "ID Number": "12601179"
  },
  {
    "ID Number": "12600326"
  },
  {
    "ID Number": "12602540"
  },
  {
    "ID Number": "12600377"
  },
  {
    "ID Number": "12602256"
  },
  {
    "ID Number": "12603589"
  },
  {
    "ID Number": "12600954"
  },
  {
    "ID Number": "12600580"
  },
  {
    "ID Number": "12601241"
  },
  {
    "ID Number": "12600148"
  },
  {
    "ID Number": "12601675"
  },
  {
    "ID Number": "12600156"
  },
  {
    "ID Number": "12601411"
  },
  {
    "ID Number": "12603724"
  },
  {
    "ID Number": "12600393"
  },
  {
    "ID Number": "12600474"
  },
  {
    "ID Number": "12601837"
  },
  {
    "ID Number": "12600318"
  },
  {
    "ID Number": "12601829"
  },
  {
    "ID Number": "12600423"
  },
  {
    "ID Number": "12602086"
  },
  {
    "ID Number": "12600857"
  },
  {
    "ID Number": "12601110"
  },
  {
    "ID Number": "12602558"
  },
  {
    "ID Number": "12600172"
  },
  {
    "ID Number": "12600482"
  },
  {
    "ID Number": "12601543"
  },
  {
    "ID Number": "12603686"
  },
  {
    "ID Number": "12601470"
  },
  {
    "ID Number": "12602035"
  },
  {
    "ID Number": "12603740"
  },
  {
    "ID Number": "12601489"
  },
  {
    "ID Number": "12603279"
  },
  {
    "ID Number": "12600989"
  },
  {
    "ID Number": "12601330"
  },
  {
    "ID Number": "12601659"
  },
  {
    "ID Number": "12600334"
  },
  {
    "ID Number": "12600261"
  },
  {
    "ID Number": "12600911"
  },
  {
    "ID Number": "12603570"
  },
  {
    "ID Number": "12603015"
  },
  {
    "ID Number": "12600768"
  },
  {
    "ID Number": "12600083"
  },
  {
    "ID Number": "12601012"
  },
  {
    "ID Number": "12602612"
  },
  {
    "ID Number": "12600350"
  },
  {
    "ID Number": "12601799"
  },
  {
    "ID Number": "12601870"
  },
  {
    "ID Number": "12601861"
  },
  {
    "ID Number": "12600300"
  },
  {
    "ID Number": "12602728"
  },
  {
    "ID Number": "12602639"
  },
  {
    "ID Number": "12601748"
  },
  {
    "ID Number": "12600830"
  },
  {
    "ID Number": "12602507"
  },
  {
    "ID Number": "12601225"
  },
  {
    "ID Number": "12604020"
  },
  {
    "ID Number": "12601101"
  },
  {
    "ID Number": "12600059"
  },
  {
    "ID Number": "12600458"
  },
  {
    "ID Number": "12600555"
  },
  {
    "ID Number": "12603554"
  },
  {
    "ID Number": "12602930"
  },
  {
    "ID Number": "12600962"
  },
  {
    "ID Number": "12603287"
  },
  {
    "ID Number": "12603899"
  },
  {
    "ID Number": "12601497"
  },
  {
    "ID Number": "12602736"
  },
  {
    "ID Number": "12602787"
  },
  {
    "ID Number": "12602604"
  },
  {
    "ID Number": "12600407"
  },
  {
    "ID Number": "12600792"
  },
  {
    "ID Number": "12603562"
  },
  {
    "ID Number": "12601691"
  },
  {
    "ID Number": "12603139"
  },
  {
    "ID Number": "12601896"
  },
  {
    "ID Number": "12600199"
  },
  {
    "ID Number": "12600881"
  },
  {
    "ID Number": "12601500"
  },
  {
    "ID Number": "12600237"
  },
  {
    "ID Number": "12600253"
  },
  {
    "ID Number": "12603988"
  },
  {
    "ID Number": "12600903"
  },
  {
    "ID Number": "12602124"
  },
  {
    "ID Number": "12602213"
  },
  {
    "ID Number": "12601535"
  },
  {
    "ID Number": "12600873"
  },
  {
    "ID Number": "12600288"
  },
  {
    "ID Number": "12602264"
  },
  {
    "ID Number": "12601810"
  },
  {
    "ID Number": "12602906"
  },
  {
    "ID Number": "12603732"
  },
  {
    "ID Number": "12602590"
  },
  {
    "ID Number": "12602027"
  },
  {
    "ID Number": "12603961"
  },
  {
    "ID Number": "12603163"
  },
  {
    "ID Number": "12601586"
  },
  {
    "ID Number": "12601403"
  },
  {
    "ID Number": "12600105"
  },
  {
    "ID Number": "12603198"
  },
  {
    "ID Number": "12601900"
  },
  {
    "ID Number": "12600210"
  },
  {
    "ID Number": "12600229"
  },
  {
    "ID Number": "12602841"
  },
  {
    "ID Number": "12601136"
  },
  {
    "ID Number": "12603155"
  },
  {
    "ID Number": "12600385"
  },
  {
    "ID Number": "12601632"
  },
  {
    "ID Number": "12603376"
  },
  {
    "ID Number": "12600733"
  },
  {
    "ID Number": "12603872"
  },
  {
    "ID Number": "12600113"
  },
  {
    "ID Number": "12601845"
  },
  {
    "ID Number": "12601217"
  },
  {
    "ID Number": "12600970"
  },
  {
    "ID Number": "12601969"
  },
  {
    "ID Number": "12601160"
  },
  {
    "ID Number": "12603511"
  }
]