ID Number,Name,Fed,Sex,Title,WTit,OTit,Rating,Gms,K,RatingMonth,B-day,Flag
13017934,Ar Kar Min Than,MYA,M,,,,2186,0,20,AUG25,1977,i
13022849,Aung Bhone Thu Kha,MYA,M,,,,1629,0,40,AUG25,2014,
13024566,Aung Hein Khant,MYA,M,,,,1490,0,40,AUG25,2014,
13024175,Aung Kaung Khant A,MYA,M,,,,1692,0,40,AUG25,2008,
13009087,Aung Kaung Myat,MYA,M,,,,1824,0,20,AUG25,2004,i
13025104,Aung Kaung Myat Moe,MYA,M,,,,1865,8,40,AUG25,2012,
13025880,Aung Kaung Thant Oo,MYA,M,,,,1752,0,40,AUG25,2008,
13027450,Aung Khant Phyo,MYA,M,,,,1594,8,40,AUG25,2010,
13020382,Aung Khant Thu,MYA,M,,,,1687,8,40,AUG25,2008,
13023918,Aung Ko Thet,MYA,M,,,,1904,0,40,AUG25,1982,i
13023810,Aung Kyaw Moe A,MYA,M,,,,1915,0,40,AUG25,1974,
13003267,Aung Min Khant,MYA,M,,,,1903,0,20,AUG25,2000,i
13025422,Aung Mingalar Hein,MYA,M,,,,1746,0,40,AUG25,2011,i
13025686,Aung Myint Myat A,MYA,M,,,,1555,0,40,AUG25,2007,
13024205,Aung Myint SDG,MYA,M,,,,1897,0,40,AUG25,1960,i
13012100,Aung Naing Toe,MYA,M,,,,1953,0,40,AUG25,1976,i
13018248,Aung Phone Maw,MYA,M,,,,1745,0,20,AUG25,2003,
13007858,Aung Soe Lwin,MYA,M,,,,1937,2,20,AUG25,1978,
13008722,Aung Soe Moe,MYA,M,,,,2003,0,40,AUG25,1979,
13023926,Aung Soe Moe A,MYA,M,,,,1933,9,40,AUG25,1977,
13009435,Aung Thike,MYA,M,,,,1999,0,40,AUG25,1964,i
13009370,Aung Thinn,MYA,M,,,,2091,8,40,AUG25,1991,
13008315,Aung Thu,MYA,M,,,,2012,0,20,AUG25,1988,i
13021605,Aung Thurein Lin,MYA,M,,,,1604,0,40,AUG25,2013,
13003682,Aung Zaw Win Htike,MYA,M,,,,2038,0,20,AUG25,1971,i
13006088,"Aung, Aung B",MYA,M,,,,1833,5,40,AUG25,1964,
13027247,"Aung, Aung D",MYA,M,,,,1965,0,40,AUG25,2002,
13006142,"Aung, Naing",MYA,M,,,,2197,7,20,AUG25,1977,
13000969,"Aung, Paing Soe",MYA,M,,,,2044,0,20,AUG25,1978,i
13004565,Aye Ko,MYA,M,,,,1999,0,20,AUG25,1964,i
13009389,Aye Ko A,MYA,M,,,,1917,0,40,AUG25,1968,
13023756,Aye Min Soe,MYA,M,,,,1773,0,40,AUG25,1985,i
13004301,Aye Thandar Aung,MYA,F,,,,1930,0,20,AUG25,1998,wi
13006703,Ba Kyaw,MYA,M,,,,1941,0,20,AUG25,1962,i
13024540,Bhone Sett Ti,MYA,M,,,,1540,3,40,AUG25,2012,
13023934,Bo Bo San,MYA,M,,,,1795,0,40,AUG25,1976,i
13010794,Chan Myae Thu,MYA,M,,,,1773,0,40,AUG25,1992,
13007459,Chan Nyein Aung,MYA,M,,NA,,1914,0,20,AUG25,1996,
13005057,Chan Tun Lin,MYA,M,,,,1948,0,20,AUG25,1981,
13021575,Chit Khine,MYA,M,,,,1543,0,20,AUG25,1993,i
13001280,Chit Ko Ko A,MYA,M,,,,2202,8,10,AUG25,1965,
13015451,Chit Ko Naing,MYA,M,,,,1885,0,20,AUG25,1999,i
13026798,Chit Su Tun,MYA,F,,,,1589,5,40,AUG25,2018,w
13008323,Chit Ye Thu,MYA,M,,,,AGM,1747,35,AUG25,1984,
13021613,Eant Phone Shan,MYA,M,,,,1688,0,40,AUG25,2012,
13004140,Ei Chaint Chaint,MYA,F,,,,1663,0,20,AUG25,1999,wi
13015370,Ei Ei Chaw,MYA,F,,,,1789,0,20,AUG25,1998,wi
13002929,Ei Kyawt San,MYA,F,WFM,WFM,,2077,0,20,AUG25,1985,wi
13022580,Ei Shwe Zin Oo,MYA,F,,,,1845,0,40,AUG25,2004,wi
13025120,Ent Htoo Thit,MYA,M,,,,1613,4,40,AUG25,2015,
13023829,Gaday Soe,MYA,M,,,,1862,0,40,AUG25,1980,i
13004590,Hai Maung Maung,MYA,M,,,,2008,0,20,AUG25,1986,
13001817,Han Min Soe,MYA,M,,,,2239,9,20,AUG25,1978,
13004883,"Han, Zar Win",MYA,M,,,,1909,0,40,AUG25,1983,i
13013742,Hay Mar Hnin Zaw,MYA,F,,,,1857,0,40,AUG25,1991,w
13012720,Hein Aung Khant,MYA,M,,,,1773,0,40,AUG25,2006,i
13024345,Hein Htet Zaw,MYA,M,,,,1880,0,40,AUG25,1991,
13026445,Hein Min Tun,MYA,M,,,,1607,0,40,AUG25,2002,
13019236,Hein Myat Aung,MYA,M,,,,1650,0,40,AUG25,2010,
13021630,Hein Myat Thu,MYA,M,,,,1710,0,40,AUG25,2010,
13019805,Hein Thant,MYA,M,,,,1446,0,40,AUG25,2012,i
13008331,Hla Min Tun,MYA,M,,,,1972,0,20,AUG25,1983,i
13023837,Hla Myo A,MYA,M,,,,1838,0,40,AUG25,1968,i
13002589,Hla Than,MYA,M,,,,1972,6,20,AUG25,1966,
13004611,Hlaing Min Thant,MYA,M,,,,2063,0,20,AUG25,1984,
13007475,Hlyan Bhone Htet,MYA,M,,,,1810,0,20,AUG25,2000,i
13004620,Hnin Pwint Phyu,MYA,F,,,,1740,0,20,AUG25,1996,wi
13026151,Hpone Myat Paing,MYA,M,,,,1799,0,40,AUG25,2006,
13026160,Hpone Myint Paing,MYA,M,,,,1797,0,40,AUG25,2006,
13024612,Hpone Pyae Pai Mhu,MYA,M,,,,1631,0,40,AUG25,2010,
13024248,Hsu Lwin Tun,MYA,F,,,,1556,1,40,AUG25,2015,w
13023101,Hsu Thiri May,MYA,F,,,,1655,0,40,AUG25,2010,w
13007777,Htain Win,MYA,M,,,,1829,0,20,AUG25,1957,
13001795,Htay Min Lwin,MYA,M,,,,2178,8,20,AUG25,1978,
13024892,Htay Win Zaw,MYA,M,,,,1775,5,40,AUG25,2009,
13016725,Htet Aung Hlaing,MYA,M,,,,2151,0,20,AUG25,1977,i
13001701,Htet Htet Than Sein,MYA,F,,,,1722,0,20,AUG25,1999,wi
13010654,Htet Htet Win,MYA,F,,NI,,1736,0,20,AUG25,1997,w
13026178,Htet Myat Lwin A,MYA,M,,,,1670,0,40,AUG25,2008,
13011553,Htet Zaw Phone,MYA,M,,,,2046,0,20,AUG25,2000,
13027263,"Htin, Kyaw",MYA,M,,,,1766,0,40,AUG25,1970,
13003240,Htoo Maung Maung,MYA,M,,,,1776,0,40,AUG25,1969,
13025619,Htoo Oakar Lwin,MYA,M,,,,1543,0,40,AUG25,2018,
13027107,Htun Htun,MYA,M,,,,1764,0,40,AUG25,1969,
13001361,Htun Htun Than,MYA,M,FM,,,2336,0,10,AUG25,1970,i
13001370,Htun Lynn Kyaw,MYA,M,FM,,,2296,0,10,AUG25,1974,i
13023942,Htut Oo Lu,MYA,M,,,,1617,7,40,AUG25,2014,
13014927,Jony Maxel,MYA,M,,,,1915,0,20,AUG25,1966,i
13014196,Kaung Khant,MYA,M,,,,1786,0,40,AUG25,2006,
13006070,Kaung Mon Thar,MYA,M,,,,1692,0,40,AUG25,2007,i
13003321,Kaung Myat Thu,MYA,M,,,,1979,0,20,AUG25,1997,i
13015532,Kaung Myat Thu A,MYA,M,,,,1816,0,20,AUG25,1999,i
13023845,Kee Tam Shing,MYA,M,,,,1803,0,40,AUG25,1986,i
13007505,Khaing Khaing,MYA,F,,,,1849,0,20,AUG25,2000,wi
13018272,Khant Ko Ko,MYA,M,,,,1808,0,40,AUG25,2005,
13026658,Khant Nyi Htoo,MYA,M,,,,1633,0,40,AUG25,2015,
13021702,Khant Ti Kyi,MYA,M,,,,1647,0,40,AUG25,2015,
13021710,Khant Ye Yint,MYA,M,,,,1789,0,40,AUG25,2008,
13023853,Khe Kee Ling,MYA,M,,,,1918,0,40,AUG25,1979,i
13003941,Khin Htwe A,MYA,M,,,,1967,0,20,AUG25,1981,i
13000314,Khin Ko,MYA,M,,,,2126,0,20,AUG25,1958,i
13008773,Khin Maung Cho,MYA,M,,,,1941,0,20,AUG25,1962,i
13004638,Khin Maung Lay,MYA,M,,,,1938,0,20,AUG25,1964,i
13001248,"Khin, Than",MYA,M,,,,2207,0,20,AUG25,1964,i
13020390,Khine Linn Tun,MYA,M,,,,1604,0,40,AUG25,2013,
13000390,Ko Ko Ohn,MYA,M,FM,,,2018,14,20,AUG25,1964,
13014960,Ko Oo,MYA,M,,,,1977,0,20,AUG25,1984,i
13024647,Kyal Sin Aung,MYA,M,,,,1701,0,40,AUG25,2010,
13017640,Kyaw Hlaing A,MYA,M,,,,2026,7,20,AUG25,1992,
13025171,Kyaw Htut Khaung,MYA,M,,,,1720,0,40,AUG25,2014,
13023764,Kyaw Kyaw,MYA,M,,,,1890,6,40,AUG25,1957,
13012517,Kyaw Kyaw Khaing A,MYA,M,,,,1893,0,40,AUG25,1985,
13012525,Kyaw Kyaw Oo A,MYA,M,,,,2182,8,20,AUG25,1970,
13004115,Kyaw Kyaw Tun,MYA,M,,,,1944,0,20,AUG25,1998,i
13002007,Kyaw Lay Htaik,MYA,M,FM,NA,,2250,0,20,AUG25,1981,i
13007149,Kyaw Min Htay,MYA,M,,,,1889,0,20,AUG25,1994,i
13003399,Kyaw Min Oo,MYA,M,,,,1899,8,20,AUG25,1965,
13012541,Kyaw Myat Aung,MYA,M,FM,,,2132,8,20,AUG25,2005,
13000721,Kyaw Oo,MYA,M,,,,1883,0,20,AUG25,1962,
13023950,Kyaw Phone,MYA,M,,,,1945,0,40,AUG25,1969,i
13018256,Kyaw Soe Hein,MYA,M,,,,1862,0,40,AUG25,2004,
13004662,Kyaw Soe Moe,MYA,M,,,,1874,0,20,AUG25,1969,i
13025180,Kyaw Thiha,MYA,M,,,,1645,4,40,AUG25,2012,
13006770,Kyaw Thu Win,MYA,M,,,,2046,0,20,AUG25,1981,i
13019996,Kyaw Thuta,MYA,M,,,,1711,0,40,AUG25,2008,i
13024264,Kyaw Wai Yan Min,MYA,M,,,,1749,0,40,AUG25,1989,
13002023,Kyaw Zaw,MYA,M,,,,1766,0,40,AUG25,1976,
13004239,Kyaw Zay Ya,MYA,M,,,,1843,0,20,AUG25,1980,
13008374,Kyaw Zayar Lin,MYA,M,,,,2004,9,20,AUG25,1981,
13009745,Kyaw Zin Latt,MYA,M,,,,2144,0,20,AUG25,1982,i
13008382,Kyaw Zin Tun,MYA,M,,,,1952,0,40,AUG25,1983,
13007530,Kyaw Zin Win,MYA,M,,,,1966,0,20,AUG25,1997,i
13027271,"Kyaw, Lin Naing",MYA,M,,,,2200,0,40,AUG25,1981,
13014730,"Kyaw, Nay Toe",MYA,M,,,,2099,0,40,AUG25,1972,i
13027280,"Kyaw, Oo",MYA,M,,,,1781,0,40,AUG25,1962,
13008170,La Min Tun,MYA,M,,,,1832,3,40,AUG25,1989,
13001108,"La, Pyae Min",MYA,M,,,,1876,0,40,AUG25,1980,
13009761,Laing Htang,MYA,M,,,,2080,0,20,AUG25,1992,
13024655,Lewis Moezac,MYA,M,,,,1631,2,40,AUG25,2017,
13023969,Lin Htet Aung A,MYA,M,,,,1841,0,40,AUG25,1984,i
13018051,Lin Htet Naung,MYA,M,,,,1847,9,40,AUG25,2000,
13022490,Lin Lin Htet,MYA,F,,"DI,NA",,1525,1,40,AUG25,2005,w
13003186,Lin Naing Oo,MYA,M,,,,1981,0,20,AUG25,1970,i
13026208,Lin Thet Nyi Thu,MYA,M,,,,1673,0,40,AUG25,2005,
13001884,Linn Minn Htike,MYA,M,,NA,,2177,0,20,AUG25,1986,i
13024663,Linn Myat Aung A,MYA,M,,,,1533,0,40,AUG25,2016,
13023977,Linn Phone Myat,MYA,M,CM,,,2070,8,40,AUG25,2009,
13023985,Lwin Ko Latt,MYA,M,,,,1957,0,40,AUG25,1976,i
13013793,Lwin Paing Soe,MYA,M,,,,1759,0,20,AUG25,1999,i
13006800,Maung Maung Latt,MYA,M,,,,2014,0,20,AUG25,1961,
13000233,Maung Maung Lwin,MYA,M,FM,,,1990,0,20,AUG25,1961,
13009800,Maung Maung Myint A,MYA,M,,,,1705,0,20,AUG25,1969,
13001698,"Maung, Maung Kyaw Zaw Hein",MYA,M,FM,,,2019,0,20,AUG25,2000,i
13017241,Maw Shay,MYA,M,,,,1762,7,40,AUG25,1993,
13002961,May Hsett Lwin,MYA,F,FM,,,2069,0,20,AUG25,1984,w
13002970,May Hsu Lwin,MYA,F,FM,,,1998,0,20,AUG25,1984,wi
13012568,May Kinsanar Htun,MYA,F,,,,1748,0,20,AUG25,2001,wi
13024671,May Mahar,MYA,F,,,,1431,10,40,AUG25,2014,w
13025627,May Phoo Zum,MYA,F,,,,1575,0,40,AUG25,2009,w
13027298,"May, Hsu Lwin",MYA,M,,,,1991,0,40,AUG25,1984,
13018191,Min Amarawatti,MYA,F,,,,1617,7,40,AUG25,2011,w
13023993,Min Aung Soe,MYA,M,,,,1755,0,40,AUG25,1988,i
13025414,Min Bhone Kyaw,MYA,M,,,,1781,0,40,AUG25,2005,i
13007548,Min Htet Oo,MYA,M,,,,1777,0,20,AUG25,1999,i
13022431,Min Ko Ko,MYA,M,,,,2195,0,20,AUG25,1990,
13024000,Min Min,MYA,M,,,,1907,6,40,AUG25,1980,
13003569,Min Min Oo A,MYA,M,,,,1926,0,40,AUG25,1979,i
13006274,"Min, Zaw",MYA,M,,,,1878,0,40,AUG25,1967,i
13024019,Moe Aye,MYA,M,,,,1816,0,40,AUG25,1974,i
13014986,Moe Thu Aung,MYA,F,,,,1488,0,40,AUG25,2007,wi
13003895,Moe Win Kyaw,MYA,M,,,,2064,7,20,AUG25,1997,
13015524,Moe Zaw Oo,MYA,M,,,,2127,0,20,AUG25,1977,i
13027301,"Moe, Win Kyaw",MYA,M,,,,2088,0,40,AUG25,1997,
13001230,Moun Moun Latt,MYA,M,,,,2201,0,10,AUG25,1969,i
13022440,Mun Pee,MYA,M,,,,1964,0,40,AUG25,1990,i
13014056,Mya Win,MYA,M,,,,1992,0,20,AUG25,1960,
13008730,Myat Min A,MYA,M,,,,2143,0,20,AUG25,1980,i
13024400,Myat Min Thu A,MYA,M,,,,1790,0,40,AUG25,1984,
13022989,Myat Thiri May,MYA,M,,,,1471,0,40,AUG25,2013,
13005111,Myint Aung,MYA,M,,,,1940,0,20,AUG25,1953,i
13000322,Myint Han,MYA,M,IM,,,2237,8,20,AUG25,1962,
13007947,Myint Swe,MYA,M,,,,2013,6,20,AUG25,1965,
13025678,Myint Thaw Khant,MYA,M,,,,1576,4,40,AUG25,2012,
13011928,Myint Thein A,MYA,M,,,,1902,0,20,AUG25,1958,i
13004697,Myint Thi Ha Kyaw,MYA,M,,,,2024,0,20,AUG25,1978,i
13014595,Myint Tun Naing,MYA,M,,,,1919,0,40,AUG25,1987,
13005367,"Myint, Oo A",MYA,M,,,,2095,0,20,AUG25,1969,i
13001930,Myo Htet,MYA,M,,,,2165,0,20,AUG25,1982,
13002422,Myo Htut Aung A,MYA,M,FM,,,2100,0,20,AUG25,1977,i
13003968,Myo Kyaw Hlaing,MYA,M,,,,2114,7,20,AUG25,1971,
13009060,Myo Min Aung,MYA,M,FM,NA,,2135,0,20,AUG25,1985,i
13004700,Myo Min Htike,MYA,M,,,,1975,0,20,AUG25,1977,i
13026585,Myo Myat Thuya Hlaing,MYA,M,,,,1619,0,40,AUG25,2010,
13011952,Myo Myint Maung,MYA,M,,,,1942,0,20,AUG25,2002,i
13009281,Myo Myint Swe,MYA,M,,,,1801,0,20,AUG25,2004,i
13019635,Myo Myo Thu,MYA,F,,,,1780,0,40,AUG25,2009,w
13007955,Myo Swe,MYA,M,,,,2232,0,20,AUG25,1967,i
13021893,Myo Than Htike,MYA,M,,,,2009,0,20,AUG25,1989,
13003348,Myo Thiha Lwin,MYA,M,,,,1842,7,20,AUG25,1998,
13006860,Myo Tint,MYA,M,,,,1960,0,20,AUG25,1958,i
13026704,Myo Win A,MYA,M,,,,1736,0,40,AUG25,1973,
13010883,Myo Zaw Tun,MYA,M,,,,1857,0,40,AUG25,1982,i
13015435,Myo Zin Hein,MYA,M,,,,1736,0,20,AUG25,2001,i
13006312,"Myo, Min Oo",MYA,M,,,,2091,0,40,AUG25,1988,i
13000071,"Myo, Naing",MYA,M,IM,,,2208,8,20,AUG25,1964,
103266117,"Myo, Zeya Oo",MYA,M,,,,AIM,1663,0,AUG25,1975,i
13024027,Naine Khant,MYA,M,,,,1945,0,40,AUG25,1981,i
13002899,Nan M K Khine Hlyan,MYA,F,WFM,WFM,NA,1996,0,20,AUG25,1989,wi
13014110,Nanda Tin Htut,MYA,M,,,,1881,0,40,AUG25,1986,
13009958,Nay Htet Min,MYA,M,,,,1943,0,40,AUG25,1990,
13024280,Nay Lin Naing,MYA,M,,,,1786,0,40,AUG25,1985,
13004255,Nay Lin Tun,MYA,M,CM,,,2075,0,20,AUG25,2003,
13003747,Nay Moe,MYA,M,,,,1948,0,20,AUG25,1960,i
13009044,Nay Myo Aung,MYA,M,,,,1915,0,20,AUG25,1988,i
13000110,"Nay Oo Kyaw, Tun",MYA,M,IM,FT,,2371,0,10,AUG25,1975,i
13004387,Nay Win Aung,MYA,M,,,,2118,8,20,AUG25,1979,
13025503,Nay Zar Min,MYA,M,,,,1782,0,40,AUG25,1980,
13005413,"Nay, Win Aung",MYA,M,,,,2012,0,40,AUG25,1979,
13024914,Nyan Bhone Htet,MYA,M,,,,1804,0,40,AUG25,2011,
13008307,Nyan Lin,MYA,M,,,,1506,0,20,AUG25,1994,i
13009192,Nyan Lin Htet,MYA,M,,,,1909,0,40,AUG25,1995,i
13026933,Nyan Lin Htet A,MYA,M,,,,1676,0,40,AUG25,2006,
13024930,Nyan Lin Htin,MYA,M,,,,1789,0,40,AUG25,2008,
13015001,Nyan Swan Pyae,MYA,M,,,,1562,0,40,AUG25,2009,
13025538,Nyein Aye Zaw,MYA,M,,,,1738,0,40,AUG25,2007,i
13007181,Nyein Myat Tun,MYA,M,,,,1786,0,40,AUG25,1992,
13011308,Nyi Myo Aung,MYA,M,,,,2119,8,20,AUG25,1985,
13026089,Nyi Nyi Aung,MYA,M,,,,1828,7,40,AUG25,1981,
13019899,Nyi Nyi Han,MYA,M,,,,1676,0,20,AUG25,1998,i
13002481,Nyi Nyi Lwin,MYA,M,,,,2113,8,20,AUG25,1965,
13024957,Nyi Waiyan Htet,MYA,M,,,,1456,0,40,AUG25,2010,
13015796,Nyi Win Tun,MYA,M,,,,1761,0,20,AUG25,1999,
13014790,"Nyi, Myo Aung",MYA,M,,,,1974,0,40,AUG25,1985,
13027310,"Nyi, Nyi Lwin",MYA,M,,,,2090,0,40,AUG25,1965,
13007750,Oak Kar Pyae Sone,MYA,M,,,,1772,0,40,AUG25,2007,i
13024159,Oak Soe Khant,MYA,M,,,,1620,0,40,AUG25,2008,
13015605,Oak Soe Kyaw,MYA,M,,,,1640,0,40,AUG25,2012,
13026429,Oakkar Moe Myint,MYA,M,,,,1605,6,40,AUG25,2014,
13007343,Ohn Kyaw,MYA,M,,,,2040,0,20,AUG25,1962,i
13014803,"Ohn, Kyaw",MYA,M,,,,2039,0,40,AUG25,1962,i
13007416,Ohnmar Soe,MYA,F,,,,1747,4,20,AUG25,1965,w
13016172,Pai Zay Yar Ko,MYA,M,,,,1749,0,20,AUG25,2004,i
13024701,Paing Htoo Sett,MYA,M,,,,1453,8,40,AUG25,2016,
13002996,Paing Moe Myint,MYA,M,FM,,,2072,0,20,AUG25,1991,
13024710,Phone Say Thaw,MYA,M,,,,1766,4,40,AUG25,2011,
13002791,Phyo Chit,MYA,M,FM,,,2177,0,20,AUG25,1975,i
13024035,Phyo Htet Aung,MYA,M,,,,1874,0,40,AUG25,1985,i
13017055,Phyo La Pyae Wunn,MYA,M,,,,2002,0,20,AUG25,1981,
13024299,Phyo Wai Lin,MYA,M,,,,1992,0,40,AUG25,1991,
13012045,Pyae Phyo Aung A,MYA,M,,,,2105,0,20,AUG25,1985,i
13021907,Pyae Phyo Aung C,MYA,M,,,,1886,0,20,AUG25,1984,i
13021885,Pyae Phyo Kyaw B,MYA,M,,,,1426,0,20,AUG25,1992,i
13013858,Pyae Phyo Maung,MYA,M,,,,1874,0,20,AUG25,1990,i
13023861,Pyae Phyoe,MYA,M,,,,1919,0,40,AUG25,1983,i
13010069,Pyae Sone Aung,MYA,M,,,,1678,0,40,AUG25,1995,i
13013866,Sai Aung Khun Pha,MYA,M,,,,1928,0,40,AUG25,2006,i
13012282,Sai Han Htoo Aung,MYA,M,,,,1757,0,40,AUG25,2006,i
13012290,Sai Han Thiha,MYA,M,FM,FI,,2113,6,40,AUG25,2007,
13012304,Sai Tun Lin Kyaw,MYA,M,,,,1844,0,20,AUG25,1983,i
13026070,San Hlaing,MYA,M,,,,1843,0,40,AUG25,1961,
13011316,San Min Hlaing,MYA,M,,,,2018,0,20,AUG25,1985,i
13027336,San Naing,MYA,M,,,,1970,0,40,AUG25,1971,
13001272,San Thit Lwin,MYA,M,FM,,,2227,0,20,AUG25,1972,i
13004247,Sann Minn,MYA,M,,,,1970,6,20,AUG25,1969,
13023292,Saung Wutt Hmone Oo,MYA,F,,,,1693,0,40,AUG25,2016,w
13025872,Saw Anderson,MYA,M,,,,1913,0,40,AUG25,1989,
13022458,Saw Aye Chan Min,MYA,M,,,,1820,6,40,AUG25,2007,
13002902,Saw Kyaw Nyein,MYA,M,FM,,,1923,0,20,AUG25,1949,i
13024426,Saw Tun Aung,MYA,M,,,,1721,0,40,AUG25,1968,
13006401,"Saw, Win Aung",MYA,M,,,,2119,9,20,AUG25,1980,
13023713,Shin Nadi Aung,MYA,F,,,,1492,0,40,AUG25,2015,w
13026003,Shin Thant Peti,MYA,M,,,,1787,8,40,AUG25,2002,
13019023,Shin Yati Aung,MYA,F,,,,1621,0,40,AUG25,2012,w
13015516,Shwe Chin Ba Than,MYA,M,,,,1853,0,20,AUG25,1994,i
13004280,Shwe Nadi,MYA,M,,,,1680,0,20,AUG25,2000,i
13011022,Shwe Naing Htun,MYA,M,,,,2069,0,20,AUG25,1979,i
13024744,Shwe Yee Poe Eaint,MYA,F,,,,1520,3,40,AUG25,2014,w
13005294,Si Thu Aung,MYA,M,,,,1834,0,20,AUG25,1998,
13007726,Si Thu Lwin,MYA,M,,,,2038,0,20,AUG25,1997,i
13018132,Sithu Naing,MYA,M,,,,1722,0,40,AUG25,2000,
13024434,Soe Lwin Tun,MYA,M,,,,1986,0,40,AUG25,1987,
13005260,Soe Win Naing,MYA,M,,,,1975,0,20,AUG25,1983,
13024990,Su Lae Nandar,MYA,F,,,,1535,0,40,AUG25,2009,w
13005251,Su Laet Nandar,MYA,F,,,,1861,0,20,AUG25,2003,wi
13021826,Su Wutt Yee,MYA,F,,,,1705,0,40,AUG25,2009,w
13027085,Tain Wah Maung,MYA,M,,,,1772,0,40,AUG25,1991,
13027018,Te Kyi Khant,MYA,M,,,,1474,2,40,AUG25,2015,
13024760,Tha Scit,MYA,M,,,,1625,0,40,AUG25,2016,
13012762,Than Kyaw Toe,MYA,M,,,,1854,0,20,AUG25,1966,i
13026186,Than Kyawe Phone Hlaing,MYA,M,,,,1540,0,40,AUG25,1999,
13024043,Than Soe Aung A,MYA,M,,,,1889,6,40,AUG25,1980,
13027905,Than Soe B,MYA,M,,,,1767,8,40,AUG25,1970,
13007394,Than Win,MYA,M,,,,1814,0,20,AUG25,1953,
13001264,"Than, Htike Soe",MYA,M,,,,2236,0,40,AUG25,1975,
13001353,"Than, Min Hlaing",MYA,M,,,,2124,8,20,AUG25,1976,
13013564,"Thant, Zin Oo",MYA,M,,,,1895,0,20,AUG25,1981,i
13026909,Thar Khit,MYA,M,,,,1515,5,40,AUG25,2010,
13027131,Thaung Htike A,MYA,M,,,,1909,0,40,AUG25,1969,
13007203,Thaw Dar Chan Aye,MYA,M,,,,1979,0,20,AUG25,1980,i
13019740,Thaw Thaw Zin,MYA,F,,,,1692,0,40,AUG25,1998,wi
13004034,Thaw Zin Htet,MYA,M,,,,1954,0,20,AUG25,1999,i
13005901,Thaw Zin Htet A,MYA,M,,,,1917,0,40,AUG25,1983,i
13026550,Thaw Zin Win Htut,MYA,M,,,,1604,0,40,AUG25,2012,
13008250,Thein Htwe Naing,MYA,M,,,,2100,0,20,AUG25,1985,i
13003020,Thein Naing Oo,MYA,M,,,,2029,0,20,AUG25,1981,i
13003178,Thein Win Oo,MYA,M,,,,1919,9,40,AUG25,1974,
13026437,Theinga Sitt Naing,MYA,M,,,,1446,2,40,AUG25,2015,
13024850,Theint Thazin,MYA,F,,,,1452,6,40,AUG25,2007,w
13026712,Thet Hninn Khaine,MYA,M,,,,1785,0,40,AUG25,1978,
13005928,Thet Htut Win,MYA,M,,,,1902,0,40,AUG25,1985,
13007998,Thet Naing Win,MYA,M,,,,2074,0,20,AUG25,1973,i
13004093,Thet Naung,MYA,M,FM,NA,,2263,0,20,AUG25,1982,
13010328,Thi Ha Zaw,MYA,M,,,,1954,0,20,AUG25,1984,i
13013904,Thi Ha Zaw A,MYA,M,,,,1753,0,40,AUG25,2008,i
13004107,Thi Han Soe,MYA,M,,,,2022,0,20,AUG25,1987,i
13003437,Thiha Kyaw,MYA,M,,,,1975,0,20,AUG25,1995,i
13014080,Thiha Kyaw A,MYA,M,,,,1955,6,20,AUG25,1978,
13022687,Thiha Oo,MYA,M,,,,1840,0,40,AUG25,2003,
13024051,Thiha Zaw A,MYA,M,,,,2071,0,40,AUG25,1988,i
13021915,Thura Aung,MYA,M,,,,2067,0,20,AUG25,1979,i
13008846,Thura Aung Zaw,MYA,M,,,,1989,0,20,AUG25,1981,i
13007220,Thura Kyaw,MYA,M,,,,2068,0,20,AUG25,1987,i
13026640,Thwin Htoo Aung,MYA,M,,,,1649,0,40,AUG25,2013,
13012657,Ti Nyein Khant Thu,MYA,M,,,,1727,0,40,AUG25,1999,i
13023705,Tin Aung Hein,MYA,M,,,,1847,0,40,AUG25,1992,i
13002872,Tin Lay Shwe,MYA,F,WFM,WFM,,2036,0,20,AUG25,1981,wi
13000705,Tin Maung Aye,MYA,M,,,,1891,0,20,AUG25,1959,i
13015044,Tin Maung Tun A,MYA,M,,,,2126,0,40,AUG25,1978,i
13008005,Tin Oo,MYA,M,,,,2081,7,20,AUG25,1970,
13025660,Tin Tun Aung,MYA,M,,,,1817,0,40,AUG25,1976,
13000241,Tin Tun Zaw,MYA,M,,,,2024,7,20,AUG25,1979,
13023608,Tin Yi Latt,MYA,M,,,,1999,0,40,AUG25,1984,i
13024060,Tint Swe,MYA,M,,,,1881,0,40,AUG25,1963,i
13027913,Tint Swe A,MYA,M,,,,1687,6,40,AUG25,1962,
13024752,Toe Ghon Shein Linn,MYA,M,,,,1615,7,40,AUG25,2015,
13010360,Toe Lwin,MYA,M,,,,2033,0,20,AUG25,1954,i
13024078,Toe Naing A,MYA,M,,,,2054,0,40,AUG25,1968,
13005987,Tun Min Latt,MYA,M,,,,1953,0,20,AUG25,1976,i
13004131,Tun Naung,MYA,M,,,,1825,0,20,AUG25,2000,i
13013220,Tun Oo Maung,MYA,M,,,,1869,8,40,AUG25,1979,
13022466,Tun Tun Oo A,MYA,M,,,,2021,0,20,AUG25,1997,i
13025821,Tun Tun Oo B,MYA,M,,,,1798,0,40,AUG25,1987,
13024086,Tun Yin,MYA,M,,,,1845,0,40,AUG25,1965,i
13012347,Tun Zar Ni Kyaw,MYA,M,,NA,,1940,0,20,AUG25,1980,
13004816,Wai Phyo,MYA,M,,,,2143,0,20,AUG25,1982,i
13024094,Wai Thu,MYA,M,,,,1815,0,40,AUG25,1985,i
13009290,Wanna Htay,MYA,M,,,,1467,0,40,AUG25,2005,i
13024116,Win Aung C,MYA,M,,,,1983,0,40,AUG25,1968,i
13007114,Win Htut Aung,MYA,M,,,,1991,0,20,AUG25,1973,
13007645,Win Htut Aung B,MYA,M,,,,1927,0,20,AUG25,1980,
13023888,Win Myat Aung,MYA,M,,,,1465,0,40,AUG25,2005,i
13027093,Win Myint Aung,MYA,M,,,,1748,0,40,AUG25,1966,
13021923,Win Myint D,MYA,M,,,,2003,0,20,AUG25,1989,i
13003658,Win Naing,MYA,M,,,,1951,0,20,AUG25,1966,i
13007297,Win Thein S,MYA,M,,,,1927,0,20,AUG25,1963,i
13003100,"Win, Tun",MYA,M,FM,,,2271,0,20,AUG25,1979,i
13006550,"Win, Tun Oo",MYA,M,,,,2085,0,20,AUG25,1977,i
13007637,Wint Ohmmar Kyaw,MYA,F,,,,1878,0,20,AUG25,1998,wi
13002783,"Wynn, Zaw Htun",MYA,M,IM,"FT,NA",,2411,0,10,AUG25,1982,i
13024728,Xavier Moezac,MYA,M,,,,1550,4,40,AUG25,2015,
13023772,Yan Lin Naing,MYA,M,,,,1843,0,40,AUG25,1983,i
13025546,Yar Zar Kyaw,MYA,M,,,,1811,0,40,AUG25,1987,
13025406,Yaw Chang,MYA,M,,,,1724,0,40,AUG25,2002,i
13025058,Yaw Min Wun,MYA,M,,,,1682,5,40,AUG25,2010,
13007629,Ye Ko Ko,MYA,M,,,,1869,0,20,AUG25,1988,i
13004476,Ye Lin Htike,MYA,M,,,,2100,0,20,AUG25,1980,i
13023780,Ye Man Wint Kyaw,MYA,M,,,,1940,0,40,AUG25,1999,i
13021931,Ye Min Htike,MYA,M,,NA,,1940,0,20,AUG25,1976,i
13008064,Ye Naing Tun,MYA,M,,,,2022,0,20,AUG25,1988,i
13024477,Ye Thura Hein,MYA,M,,,,1640,0,40,AUG25,2012,
13024124,Ye Thwin,MYA,M,,,,1995,0,40,AUG25,1980,i
13026810,Ye Win Aung A,MYA,M,,,,1962,5,40,AUG25,1975,
13013947,Ye Yint Naing Tint,MYA,M,,,,1876,0,40,AUG25,2009,
13014889,"Ye, Naing Tun",MYA,M,,,,1951,0,40,AUG25,1968,i
13026313,Yun Myat Nandi,MYA,F,,,,1403,1,40,AUG25,2018,w
13023276,Ywun Poe Mel,MYA,F,,,,1533,0,40,AUG25,2015,w
13022504,Zar Ni Aung,MYA,M,,,,1852,15,40,AUG25,2009,
13017110,Zaw Htay,MYA,M,,,,1722,0,40,AUG25,1982,
13023187,Zaw Min Oo,MYA,M,,,,1602,0,40,AUG25,2010,
13027140,Zaw Myo Aung,MYA,M,,,,1784,0,40,AUG25,1984,
13000195,Zaw Oo,MYA,M,FM,,,2237,9,10,AUG25,1974,
13023870,Zaw Win Hlaing,MYA,M,,,,1900,0,40,AUG25,1977,i
13013955,Zaw Ye Htut,MYA,M,CM,,,1944,14,40,AUG25,2007,
13004859,Zaw Zaw Min,MYA,M,,,,1945,0,20,AUG25,1983,i
13001574,"Zaw, Htet",MYA,M,,,,1653,0,20,AUG25,1982,i
13014900,"Zaw, Min Naing A",MYA,M,,,,2044,0,40,AUG25,1968,
13001655,"Zaw, Win",MYA,M,,,,1975,0,20,AUG25,1954,
13005022,"Zaw, Zaw Min",MYA,M,,,,2005,0,40,AUG25,1983,i
13021567,Zay Lynn Htet,MYA,M,,,,1432,0,20,AUG25,2003,i
13008595,Zay Yar Min,MYA,M,,,,1637,3,40,AUG25,1983,
13003410,Zayar Soe,MYA,M,,,,1994,8,20,AUG25,1979,
13002252,Zeyar,MYA,M,,,,2109,7,20,AUG25,1973,
13015052,Zin Win Nyo,MYA,M,,,,1776,0,20,AUG25,2002,i
13013700,"Zin, Min",MYA,M,,,,1990,0,20,AUG25,1979,i
13003844,Zwe Thura Aung,MYA,M,,,,1983,0,20,AUG25,2000,i
13020064,Zwe Wai Yan Lin,MYA,M,,,,1791,0,40,AUG25,2009,
13026283,Zwe Ye Yint,MYA,M,,,,1483,0,40,AUG25,2010,