[
  {
    "ID Number": "20509910",
    "Name": "Ahmed Aryan",
    "Fed": "MAW",
    "Sex": "M",
    "Title": "",
    "WTit": "",
    "OTit": "",
    "Rating": "1713",
    "Gms": "0",
    "K": "40",
    "RatingMonth": "SEP25",
    "B-day": "2008",
    "Flag": ""
  },
  {
    "ID Number": "20502001",
    "Name": "Banda Austin",
    "Fed": "MAW",
    "Sex": "M",
    "Title": "",
    "WTit": "",
    "OTit": "",
    "Rating": "1821",
    "Gms": "0",
    "K": "40",
    "RatingMonth": "SEP25",
    "B-day": "1977",
    "Flag": "i"
  },
  {
    "ID Number": "20504411",
    "Name": "Banda Bob",
    "Fed": "MAW",
    "Sex": "M",
    "Title": "",
    "WTit": "",
    "OTit": "",
    "Rating": "1867",
    "Gms": "0",
    "K": "40",
    "RatingMonth": "SEP25",
    "B-day": "1986",
    "Flag": "i"
  },
  {
    "ID Number": "20501838",
    "Name": "BANDA Davie Mfiti",
    "Fed": "MAW",
    "Sex": "M",
    "Title": "",
    "WTit": "",
    "OTit": "",
    "Rating": "1875",
    "Gms": "0",
    "K": "40",
    "RatingMonth": "SEP25",
    "B-day": "1977",
    "Flag": "i"
  },
  {
    "ID Number": "20501714",
    "Name": "Banda Lonjezo",
    "Fed": "MAW",
    "Sex": "M",
    "Title": "",
    "WTit": "",
    "OTit": "",
    "Rating": "1750",
    "Gms": "0",
    "K": "40",
    "RatingMonth": "SEP25",
    "B-day": "1994",
    "Flag": "i"
  },
  {
    "ID Number": "20501641",
    "Name": "Banda Lumbani Benedicto",
    "Fed": "MAW",
    "Sex": "M",
    "Title": "",
    "WTit": "",
    "OTit": "",
    "Rating": "1939",
    "Gms": "0",
    "K": "20",
    "RatingMonth": "SEP25",
    "B-day": "1992",
    "Flag": "i"
  },
  {
    "ID Number": "20506392",
    "Name": "Banda Mandala",
    "Fed": "MAW",
    "Sex": "M",
    "Title": "",
    "WTit": "",
    "OTit": "",
    "Rating": "1674",
    "Gms": "0",
    "K": "40",
    "RatingMonth": "SEP25",
    "B-day": "2002",
    "Flag": "i"
  },
  {
    "ID Number": "20505507",
    "Name": "Banda Michael",
    "Fed": "MAW",
    "Sex": "M",
    "Title": "",
    "WTit": "",
    "OTit": "",
    "Rating": "1654",
    "Gms": "0",
    "K": "40",
    "RatingMonth": "SEP25",
    "B-day": "1978",
    "Flag": "i"
  },
  {
    "ID Number": "20506953",
    "Name": "Banda Naomi",
    "Fed": "MAW",
    "Sex": "F",
    "Title": "",
    "WTit": "",
    "OTit": "",
    "Rating": "1435",
    "Gms": "0",
    "K": "40",
    "RatingMonth": "SEP25",
    "B-day": "2011",
    "Flag": "wi"
  },
  {
    "ID Number": "20511434",
    "Name": "Banda Sangwani",
    "Fed": "MAW",
    "Sex": "M",
    "Title": "",
    "WTit": "",
    "OTit": "",
    "Rating": "1676",
    "Gms": "0",
    "K": "40",
    "RatingMonth": "SEP25",
    "B-day": "1991",
    "Flag": ""
  },
  {
    "ID Number": "20505230",
    "Name": "Banda Tapiwa",
    "Fed": "MAW",
    "Sex": "F",
    "Title": "",
    "WTit": "",
    "OTit": "",
    "Rating": "1536",
    "Gms": "0",
    "K": "20",
    "RatingMonth": "SEP25",
    "B-day": "1989",
    "Flag": "wi"
  },
  {
    "ID Number": "20506180",
    "Name": "Banda wilson",
    "Fed": "MAW",
    "Sex": "M",
    "Title": "",
    "WTit": "",
    "OTit": "",
    "Rating": "1848",
    "Gms": "0",
    "K": "40",
    "RatingMonth": "SEP25",
    "B-day": "1984",
    "Flag": "i"
  },
  {
    "ID Number": "20500025",
    "Name": "Banda, Francis Msume",
    "Fed": "MAW",
    "Sex": "M",
    "Title": "",
    "WTit": "",
    "OTit": "",
    "Rating": "1863",
    "Gms": "0",
    "K": "20",
    "RatingMonth": "SEP25",
    "B-day": "1977",
    "Flag": "i"
  },
  {
    "ID Number": "20507615",
    "Name": "Bema masauko",
    "Fed": "MAW",
    "Sex": "M",
    "Title": "",
    "WTit": "",
    "OTit": "",
    "Rating": "1705",
    "Gms": "0",
    "K": "40",
    "RatingMonth": "SEP25",
    "B-day": "1978",
    "Flag": "i"
  },
  {
    "ID Number": "20507780",
    "Name": "Bias Stanley",
    "Fed": "MAW",
    "Sex": "M",
    "Title": "",
    "WTit": "",
    "OTit": "",
    "Rating": "1893",
    "Gms": "0",
    "K": "40",
    "RatingMonth": "SEP25",
    "B-day": "2002",
    "Flag": "i"
  },
  {
    "ID Number": "20501218",
    "Name": "Biyasi Stanley",
    "Fed": "MAW",
    "Sex": "M",
    "Title": "",
    "WTit": "",
    "OTit": "",
    "Rating": "1790",
    "Gms": "0",
    "K": "20",
    "RatingMonth": "SEP25",
    "B-day": "1985",
    "Flag": ""
  },
  {
    "ID Number": "20508280",
    "Name": "Biziwiki Elizabeth",
    "Fed": "MAW",
    "Sex": "F",
    "Title": "",
    "WTit": "",
    "OTit": "",
    "Rating": "1529",
    "Gms": "0",
    "K": "40",
    "RatingMonth": "SEP25",
    "B-day": "2006",
    "Flag": "wi"
  },
  {
    "ID Number": "20507070",
    "Name": "Brian Trapence",
    "Fed": "MAW",
    "Sex": "M",
    "Title": "",
    "WTit": "",
    "OTit": "",
    "Rating": "1755",
    "Gms": "0",
    "K": "40",
    "RatingMonth": "SEP25",
    "B-day": "2000",
    "Flag": ""
  },
  {
    "ID Number": "20507062",
    "Name": "Caroline Trapence",
    "Fed": "MAW",
    "Sex": "F",
    "Title": "",
    "WTit": "",
    "OTit": "",
    "Rating": "1624",
    "Gms": "0",
    "K": "20",
    "RatingMonth": "SEP25",
    "B-day": "2004",
    "Flag": "wi"
  },
  {
    "ID Number": "20502230",
    "Name": "Chafulumira Vincent",
    "Fed": "MAW",
    "Sex": "M",
    "Title": "",
    "WTit": "",
    "OTit": "",
    "Rating": "1860",
    "Gms": "0",
    "K": "40",
    "RatingMonth": "SEP25",
    "B-day": "1991",
    "Flag": "i"
  },
  {
    "ID Number": "20504268",
    "Name": "Chakana Clement",
    "Fed": "MAW",
    "Sex": "M",
    "Title": "",
    "WTit": "",
    "OTit": "",
    "Rating": "1760",
    "Gms": "0",
    "K": "40",
    "RatingMonth": "SEP25",
    "B-day": "1985",
    "Flag": "i"
  },
  {
    "ID Number": "20509030",
    "Name": "Chakanyuka Chifundo",
    "Fed": "MAW",
    "Sex": "M",
    "Title": "",
    "WTit": "",
    "OTit": "",
    "Rating": "1745",
    "Gms": "0",
    "K": "40",
    "RatingMonth": "SEP25",
    "B-day": "1973",
    "Flag": ""
  },
  {
    "ID Number": "20507631",
    "Name": "Chakuluntha Yamikani",
    "Fed": "MAW",
    "Sex": "M",
    "Title": "",
    "WTit": "",
    "OTit": "",
    "Rating": "1814",
    "Gms": "0",
    "K": "40",
    "RatingMonth": "SEP25",
    "B-day": "2002",
    "Flag": ""
  },
  {
    "ID Number": "20506139",
    "Name": "Chasweka Robert",
    "Fed": "MAW",
    "Sex": "M",
    "Title": "",
    "WTit": "",
    "OTit": "",
    "Rating": "1748",
    "Gms": "0",
    "K": "40",
    "RatingMonth": "SEP25",
    "B-day": "1977",
    "Flag": "i"
  },
  {
    "ID Number": "20500351",
    "Name": "Chazemba Lucy",
    "Fed": "MAW",
    "Sex": "F",
    "Title": "",
    "WTit": "",
    "OTit": "",
    "Rating": "1430",
    "Gms": "0",
    "K": "20",
    "RatingMonth": "SEP25",
    "B-day": "1989",
    "Flag": "wi"
  },
  {
    "ID Number": "20505205",
    "Name": "Chibwe chifuniro",
    "Fed": "MAW",
    "Sex": "M",
    "Title": "",
    "WTit": "",
    "OTit": "",
    "Rating": "1854",
    "Gms": "0",
    "K": "40",
    "RatingMonth": "SEP25",
    "B-day": "1985",
    "Flag": "i"
  },
  {
    "ID Number": "20505280",
    "Name": "Chigowo Amos",
    "Fed": "MAW",
    "Sex": "M",
    "Title": "",
    "WTit": "",
    "OTit": "",
    "Rating": "1901",
    "Gms": "0",
    "K": "20",
    "RatingMonth": "SEP25",
    "B-day": "1993",
    "Flag": "i"
  },
  {
    "ID Number": "20500270",
    "Name": "Chihana Ackim",
    "Fed": "MAW",
    "Sex": "M",
    "Title": "",
    "WTit": "",
    "OTit": "",
    "Rating": "1741",
    "Gms": "0",
    "K": "40",
    "RatingMonth": "SEP25",
    "B-day": "1984",
    "Flag": "i"
  },
  {
    "ID Number": "20501161",
    "Name": "Chikalira Symon",
    "Fed": "MAW",
    "Sex": "M",
    "Title": "",
    "WTit": "",
    "OTit": "",
    "Rating": "1666",
    "Gms": "0",
    "K": "40",
    "RatingMonth": "SEP25",
    "B-day": "1998",
    "Flag": ""
  },
  {
    "ID Number": "20502214",
    "Name": "ChiKhwaya Mike",
    "Fed": "MAW",
    "Sex": "M",
    "Title": "",
    "WTit": "",
    "OTit": "",
    "Rating": "1708",
    "Gms": "0",
    "K": "40",
    "RatingMonth": "SEP25",
    "B-day": "1986",
    "Flag": "i"
  },
  {
    "ID Number": "20503660",
    "Name": "Chikometsa Mafuno",
    "Fed": "MAW",
    "Sex": "M",
    "Title": "",
    "WTit": "",
    "OTit": "",
    "Rating": "1839",
    "Gms": "0",
    "K": "40",
    "RatingMonth": "SEP25",
    "B-day": "1992",
    "Flag": "i"
  },
  {
    "ID Number": "20506716",
    "Name": "Chilikumtima Pokera",
    "Fed": "MAW",
    "Sex": "M",
    "Title": "",
    "WTit": "",
    "OTit": "",
    "Rating": "1526",
    "Gms": "0",
    "K": "40",
    "RatingMonth": "SEP25",
    "B-day": "2004",
    "Flag": "i"
  },
  {
    "ID Number": "20500726",
    "Name": "Chima Gershom",
    "Fed": "MAW",
    "Sex": "M",
    "Title": "",
    "WTit": "",
    "OTit": "",
    "Rating": "1686",
    "Gms": "0",
    "K": "40",
    "RatingMonth": "SEP25",
    "B-day": "1972",
    "Flag": "i"
  },
  {
    "ID Number": "20501951",
    "Name": "Chimkute Ronald",
    "Fed": "MAW",
    "Sex": "M",
    "Title": "",
    "WTit": "",
    "OTit": "",
    "Rating": "1896",
    "Gms": "0",
    "K": "20",
    "RatingMonth": "SEP25",
    "B-day": "1990",
    "Flag": ""
  },
  {
    "ID Number": "16400046",
    "Name": "Chimthere, Alfred Charles",
    "Fed": "MAW",
    "Sex": "M",
    "Title": "CM",
    "WTit": "FI",
    "OTit": "",
    "Rating": "2026",
    "Gms": "0",
    "K": "20",
    "RatingMonth": "SEP25",
    "B-day": "1981",
    "Flag": "i"
  },
  {
    "ID Number": "20500807",
    "Name": "Chindole Khama",
    "Fed": "MAW",
    "Sex": "M",
    "Title": "",
    "WTit": "",
    "OTit": "",
    "Rating": "1922",
    "Gms": "0",
    "K": "20",
    "RatingMonth": "SEP25",
    "B-day": "1983",
    "Flag": "i"
  },
  {
    "ID Number": "20504578",
    "Name": "Ching'ombe, Evance",
    "Fed": "MAW",
    "Sex": "M",
    "Title": "",
    "WTit": "",
    "OTit": "",
    "Rating": "1747",
    "Gms": "0",
    "K": "20",
    "RatingMonth": "SEP25",
    "B-day": "0",
    "Flag": "i"
  },
  {
    "ID Number": "20500246",
    "Name": "Chingati Wilson",
    "Fed": "MAW",
    "Sex": "M",
    "Title": "",
    "WTit": "",
    "OTit": "",
    "Rating": "1860",
    "Gms": "0",
    "K": "20",
    "RatingMonth": "SEP25",
    "B-day": "1985",
    "Flag": ""
  },
  {
    "ID Number": "20506554",
    "Name": "Chinkunda Zico",
    "Fed": "MAW",
    "Sex": "M",
    "Title": "",
    "WTit": "",
    "OTit": "",
    "Rating": "1844",
    "Gms": "0",
    "K": "40",
    "RatingMonth": "SEP25",
    "B-day": "1997",
    "Flag": "i"
  },
  {
    "ID Number": "20504390",
    "Name": "Chinyama Harold",
    "Fed": "MAW",
    "Sex": "M",
    "Title": "",
    "WTit": "",
    "OTit": "",
    "Rating": "1763",
    "Gms": "0",
    "K": "40",
    "RatingMonth": "SEP25",
    "B-day": "1990",
    "Flag": "i"
  },
  {
    "ID Number": "20508034",
    "Name": "Chiombankhanga precious",
    "Fed": "MAW",
    "Sex": "M",
    "Title": "",
    "WTit": "",
    "OTit": "",
    "Rating": "1751",
    "Gms": "0",
    "K": "40",
    "RatingMonth": "SEP25",
    "B-day": "1983",
    "Flag": "i"
  },
  {
    "ID Number": "20500882",
    "Name": "Chiona, Richard",
    "Fed": "MAW",
    "Sex": "M",
    "Title": "",
    "WTit": "",
    "OTit": "",
    "Rating": "1904",
    "Gms": "0",
    "K": "20",
    "RatingMonth": "SEP25",
    "B-day": "1984",
    "Flag": ""
  },
  {
    "ID Number": "16400119",
    "Name": "Chipanga, Chiletso",
    "Fed": "MAW",
    "Sex": "M",
    "Title": "CM",
    "WTit": "",
    "OTit": "",
    "Rating": "2028",
    "Gms": "8",
    "K": "20",
    "RatingMonth": "SEP25",
    "B-day": "1987",
    "Flag": ""
  },
  {
    "ID Number": "20502397",
    "Name": "Chirwa Ephet",
    "Fed": "MAW",
    "Sex": "M",
    "Title": "",
    "WTit": "",
    "OTit": "",
    "Rating": "1701",
    "Gms": "0",
    "K": "40",
    "RatingMonth": "SEP25",
    "B-day": "1986",
    "Flag": "i"
  },
  {
    "ID Number": "20501323",
    "Name": "Chirwa Innocent",
    "Fed": "MAW",
    "Sex": "M",
    "Title": "",
    "WTit": "",
    "OTit": "",
    "Rating": "1732",
    "Gms": "0",
    "K": "20",
    "RatingMonth": "SEP25",
    "B-day": "1998",
    "Flag": ""
  },
  {
    "ID Number": "20501234",
    "Name": "Chirwa Wasoka",
    "Fed": "MAW",
    "Sex": "M",
    "Title": "",
    "WTit": "",
    "OTit": "",
    "Rating": "1759",
    "Gms": "0",
    "K": "40",
    "RatingMonth": "SEP25",
    "B-day": "1982",
    "Flag": "i"
  },
  {
    "ID Number": "20501498",
    "Name": "Chisale Mary",
    "Fed": "MAW",
    "Sex": "F",
    "Title": "",
    "WTit": "",
    "OTit": "",
    "Rating": "1416",
    "Gms": "0",
    "K": "40",
    "RatingMonth": "SEP25",
    "B-day": "1997",
    "Flag": "w"
  },
  {
    "ID Number": "20506732",
    "Name": "Chisunkha Emanuel",
    "Fed": "MAW",
    "Sex": "M",
    "Title": "",
    "WTit": "",
    "OTit": "",
    "Rating": "1689",
    "Gms": "0",
    "K": "20",
    "RatingMonth": "SEP25",
    "B-day": "1995",
    "Flag": ""
  },
  {
    "ID Number": "20500289",
    "Name": "Chitedze Laymond",
    "Fed": "MAW",
    "Sex": "M",
    "Title": "",
    "WTit": "",
    "OTit": "",
    "Rating": "1782",
    "Gms": "0",
    "K": "40",
    "RatingMonth": "SEP25",
    "B-day": "1985",
    "Flag": "i"
  },
  {
    "ID Number": "20504543",
    "Name": "Chiumia Blessings",
    "Fed": "MAW",
    "Sex": "M",
    "Title": "",
    "WTit": "",
    "OTit": "",
    "Rating": "1761",
    "Gms": "0",
    "K": "40",
    "RatingMonth": "SEP25",
    "B-day": "2002",
    "Flag": "i"
  },
  {
    "ID Number": "20500530",
    "Name": "Chiwambo Stansford",
    "Fed": "MAW",
    "Sex": "M",
    "Title": "CM",
    "WTit": "",
    "OTit": "",
    "Rating": "2018",
    "Gms": "8",
    "K": "20",
    "RatingMonth": "SEP25",
    "B-day": "1986",
    "Flag": ""
  },
  {
    "ID Number": "20501684",
    "Name": "Chiwaya Charles",
    "Fed": "MAW",
    "Sex": "M",
    "Title": "",
    "WTit": "",
    "OTit": "",
    "Rating": "1752",
    "Gms": "0",
    "K": "40",
    "RatingMonth": "SEP25",
    "B-day": "1971",
    "Flag": "i"
  },
  {
    "ID Number": "20507224",
    "Name": "Chiwaya Samuel",
    "Fed": "MAW",
    "Sex": "M",
    "Title": "",
    "WTit": "",
    "OTit": "",
    "Rating": "1776",
    "Gms": "0",
    "K": "40",
    "RatingMonth": "SEP25",
    "B-day": "1996",
    "Flag": "i"
  },
  {
    "ID Number": "20505477",
    "Name": "Chizala Daniel",
    "Fed": "MAW",
    "Sex": "M",
    "Title": "",
    "WTit": "",
    "OTit": "",
    "Rating": "1677",
    "Gms": "0",
    "K": "40",
    "RatingMonth": "SEP25",
    "B-day": "1979",
    "Flag": "i"
  },
  {
    "ID Number": "20500769",
    "Name": "Chotsaine Diston",
    "Fed": "MAW",
    "Sex": "M",
    "Title": "",
    "WTit": "",
    "OTit": "",
    "Rating": "1762",
    "Gms": "0",
    "K": "40",
    "RatingMonth": "SEP25",
    "B-day": "1988",
    "Flag": "i"
  },
  {
    "ID Number": "20504020",
    "Name": "DAMUZA EUZEBIOUS",
    "Fed": "MAW",
    "Sex": "M",
    "Title": "",
    "WTit": "",
    "OTit": "",
    "Rating": "1800",
    "Gms": "0",
    "K": "40",
    "RatingMonth": "SEP25",
    "B-day": "1990",
    "Flag": "i"
  },
  {
    "ID Number": "20505337",
    "Name": "Dutt Dakshesh",
    "Fed": "MAW",
    "Sex": "M",
    "Title": "",
    "WTit": "",
    "OTit": "",
    "Rating": "ACM",
    "Gms": "1632",
    "K": "0",
    "RatingMonth": "SEP25",
    "B-day": "2005",
    "Flag": "i"
  },
  {
    "ID Number": "20505329",
    "Name": "Dutt Lakshita",
    "Fed": "MAW",
    "Sex": "F",
    "Title": "",
    "WTit": "",
    "OTit": "",
    "Rating": "1578",
    "Gms": "0",
    "K": "40",
    "RatingMonth": "SEP25",
    "B-day": "2008",
    "Flag": "wi"
  },
  {
    "ID Number": "20502109",
    "Name": "Foster Ken",
    "Fed": "MAW",
    "Sex": "M",
    "Title": "",
    "WTit": "LSI",
    "OTit": "",
    "Rating": "1918",
    "Gms": "0",
    "K": "20",
    "RatingMonth": "SEP25",
    "B-day": "1985",
    "Flag": ""
  },
  {
    "ID Number": "20507577",
    "Name": "Ghambi Chrispine",
    "Fed": "MAW",
    "Sex": "M",
    "Title": "",
    "WTit": "",
    "OTit": "",
    "Rating": "1629",
    "Gms": "0",
    "K": "40",
    "RatingMonth": "SEP25",
    "B-day": "2003",
    "Flag": "i"
  },
  {
    "ID Number": "20505949",
    "Name": "Gondwe Brian",
    "Fed": "MAW",
    "Sex": "M",
    "Title": "",
    "WTit": "",
    "OTit": "",
    "Rating": "1714",
    "Gms": "0",
    "K": "40",
    "RatingMonth": "SEP25",
    "B-day": "1994",
    "Flag": "i"
  },
  {
    "ID Number": "20503881",
    "Name": "Gondwe Mvuche Josephy",
    "Fed": "MAW",
    "Sex": "M",
    "Title": "",
    "WTit": "",
    "OTit": "",
    "Rating": "1862",
    "Gms": "0",
    "K": "20",
    "RatingMonth": "SEP25",
    "B-day": "1978",
    "Flag": "i"
  },
  {
    "ID Number": "16400186",
    "Name": "Gondwe, Vitumbiko",
    "Fed": "MAW",
    "Sex": "F",
    "Title": "",
    "WTit": "",
    "OTit": "",
    "Rating": "1580",
    "Gms": "0",
    "K": "20",
    "RatingMonth": "SEP25",
    "B-day": "1992",
    "Flag": "wi"
  },
  {
    "ID Number": "20505108",
    "Name": "Gwede Patrick",
    "Fed": "MAW",
    "Sex": "M",
    "Title": "",
    "WTit": "",
    "OTit": "",
    "Rating": "1789",
    "Gms": "0",
    "K": "20",
    "RatingMonth": "SEP25",
    "B-day": "1980",
    "Flag": "i"
  },
  {
    "ID Number": "20504241",
    "Name": "Halison Ishmael",
    "Fed": "MAW",
    "Sex": "M",
    "Title": "",
    "WTit": "",
    "OTit": "",
    "Rating": "1842",
    "Gms": "0",
    "K": "20",
    "RatingMonth": "SEP25",
    "B-day": "1999",
    "Flag": "i"
  },
  {
    "ID Number": "20506996",
    "Name": "Hara Maurine",
    "Fed": "MAW",
    "Sex": "F",
    "Title": "",
    "WTit": "",
    "OTit": "",
    "Rating": "1713",
    "Gms": "0",
    "K": "40",
    "RatingMonth": "SEP25",
    "B-day": "2003",
    "Flag": "wi"
  },
  {
    "ID Number": "20507275",
    "Name": "Harawa Joshua",
    "Fed": "MAW",
    "Sex": "M",
    "Title": "",
    "WTit": "",
    "OTit": "",
    "Rating": "1825",
    "Gms": "0",
    "K": "40",
    "RatingMonth": "SEP25",
    "B-day": "2000",
    "Flag": "i"
  },
  {
    "ID Number": "20501340",
    "Name": "Harawa Wanangwa",
    "Fed": "MAW",
    "Sex": "M",
    "Title": "",
    "WTit": "",
    "OTit": "",
    "Rating": "1777",
    "Gms": "0",
    "K": "40",
    "RatingMonth": "SEP25",
    "B-day": "2001",
    "Flag": "i"
  },
  {
    "ID Number": "20506902",
    "Name": "Howahowa Gift",
    "Fed": "MAW",
    "Sex": "M",
    "Title": "",
    "WTit": "",
    "OTit": "",
    "Rating": "1769",
    "Gms": "0",
    "K": "20",
    "RatingMonth": "SEP25",
    "B-day": "1981",
    "Flag": ""
  },
  {
    "ID Number": "20500742",
    "Name": "Ibrahim Jonathan",
    "Fed": "MAW",
    "Sex": "M",
    "Title": "",
    "WTit": "",
    "OTit": "",
    "Rating": "1912",
    "Gms": "0",
    "K": "20",
    "RatingMonth": "SEP25",
    "B-day": "1986",
    "Flag": ""
  },
  {
    "ID Number": "20506970",
    "Name": "Jailos Rachel",
    "Fed": "MAW",
    "Sex": "F",
    "Title": "WCM",
    "WTit": "WCM",
    "OTit": "",
    "Rating": "1600",
    "Gms": "0",
    "K": "40",
    "RatingMonth": "SEP25",
    "B-day": "2010",
    "Flag": "w"
  },
  {
    "ID Number": "20506899",
    "Name": "Jailoss Asher",
    "Fed": "MAW",
    "Sex": "M",
    "Title": "",
    "WTit": "",
    "OTit": "",
    "Rating": "1620",
    "Gms": "0",
    "K": "40",
    "RatingMonth": "SEP25",
    "B-day": "2009",
    "Flag": ""
  },
  {
    "ID Number": "20507186",
    "Name": "Jailoss Rachel",
    "Fed": "MAW",
    "Sex": "F",
    "Title": "",
    "WTit": "",
    "OTit": "",
    "Rating": "1476",
    "Gms": "0",
    "K": "40",
    "RatingMonth": "SEP25",
    "B-day": "2010",
    "Flag": "wi"
  },
  {
    "ID Number": "20500890",
    "Name": "Jailoss, Peter",
    "Fed": "MAW",
    "Sex": "M",
    "Title": "",
    "WTit": "",
    "OTit": "",
    "Rating": "1834",
    "Gms": "0",
    "K": "20",
    "RatingMonth": "SEP25",
    "B-day": "1985",
    "Flag": "i"
  },
  {
    "ID Number": "20500378",
    "Name": "Jambo Agness",
    "Fed": "MAW",
    "Sex": "F",
    "Title": "",
    "WTit": "",
    "OTit": "",
    "Rating": "1491",
    "Gms": "0",
    "K": "40",
    "RatingMonth": "SEP25",
    "B-day": "1994",
    "Flag": "wi"
  },
  {
    "ID Number": "16400054",
    "Name": "Jambo, Linda",
    "Fed": "MAW",
    "Sex": "F",
    "Title": "WFM",
    "WTit": "WFM",
    "OTit": "",
    "Rating": "1580",
    "Gms": "0",
    "K": "20",
    "RatingMonth": "SEP25",
    "B-day": "1987",
    "Flag": "w"
  },
  {
    "ID Number": "20506252",
    "Name": "Jere Joseph",
    "Fed": "MAW",
    "Sex": "M",
    "Title": "",
    "WTit": "",
    "OTit": "",
    "Rating": "1825",
    "Gms": "0",
    "K": "20",
    "RatingMonth": "SEP25",
    "B-day": "1986",
    "Flag": "i"
  },
  {
    "ID Number": "20500491",
    "Name": "Jere Newton",
    "Fed": "MAW",
    "Sex": "M",
    "Title": "",
    "WTit": "",
    "OTit": "",
    "Rating": "1848",
    "Gms": "0",
    "K": "20",
    "RatingMonth": "SEP25",
    "B-day": "1981",
    "Flag": "i"
  },
  {
    "ID Number": "20501889",
    "Name": "Jere Stepples",
    "Fed": "MAW",
    "Sex": "M",
    "Title": "",
    "WTit": "",
    "OTit": "",
    "Rating": "1641",
    "Gms": "0",
    "K": "40",
    "RatingMonth": "SEP25",
    "B-day": "1967",
    "Flag": "i"
  },
  {
    "ID Number": "20501692",
    "Name": "Jimu Fidelis",
    "Fed": "MAW",
    "Sex": "M",
    "Title": "",
    "WTit": "",
    "OTit": "",
    "Rating": "1846",
    "Gms": "0",
    "K": "20",
    "RatingMonth": "SEP25",
    "B-day": "1992",
    "Flag": ""
  },
  {
    "ID Number": "20510225",
    "Name": "Joseph Joselyne",
    "Fed": "MAW",
    "Sex": "F",
    "Title": "",
    "WTit": "",
    "OTit": "",
    "Rating": "1488",
    "Gms": "0",
    "K": "40",
    "RatingMonth": "SEP25",
    "B-day": "2004",
    "Flag": "wi"
  },
  {
    "ID Number": "20501978",
    "Name": "Juma Stanley",
    "Fed": "MAW",
    "Sex": "M",
    "Title": "",
    "WTit": "",
    "OTit": "",
    "Rating": "1773",
    "Gms": "0",
    "K": "40",
    "RatingMonth": "SEP25",
    "B-day": "1986",
    "Flag": "i"
  },
  {
    "ID Number": "20507470",
    "Name": "Kabuluzi Heath",
    "Fed": "MAW",
    "Sex": "M",
    "Title": "",
    "WTit": "",
    "OTit": "",
    "Rating": "1807",
    "Gms": "0",
    "K": "40",
    "RatingMonth": "SEP25",
    "B-day": "2000",
    "Flag": "i"
  },
  {
    "ID Number": "20507488",
    "Name": "Kachedzula Laston",
    "Fed": "MAW",
    "Sex": "M",
    "Title": "",
    "WTit": "",
    "OTit": "",
    "Rating": "1765",
    "Gms": "0",
    "K": "40",
    "RatingMonth": "SEP25",
    "B-day": "1976",
    "Flag": "i"
  },
  {
    "ID Number": "20500440",
    "Name": "Kadaluka Gift",
    "Fed": "MAW",
    "Sex": "M",
    "Title": "",
    "WTit": "",
    "OTit": "",
    "Rating": "1776",
    "Gms": "0",
    "K": "40",
    "RatingMonth": "SEP25",
    "B-day": "1989",
    "Flag": "i"
  },
  {
    "ID Number": "20502389",
    "Name": "Kadzakalowa Haggai",
    "Fed": "MAW",
    "Sex": "M",
    "Title": "",
    "WTit": "",
    "OTit": "",
    "Rating": "1696",
    "Gms": "0",
    "K": "40",
    "RatingMonth": "SEP25",
    "B-day": "1974",
    "Flag": "i"
  },
  {
    "ID Number": "20510101",
    "Name": "Kakota praise",
    "Fed": "MAW",
    "Sex": "M",
    "Title": "",
    "WTit": "",
    "OTit": "",
    "Rating": "1542",
    "Gms": "0",
    "K": "40",
    "RatingMonth": "SEP25",
    "B-day": "2000",
    "Flag": ""
  },
  {
    "ID Number": "20507330",
    "Name": "Kalamba promise",
    "Fed": "MAW",
    "Sex": "M",
    "Title": "",
    "WTit": "",
    "OTit": "",
    "Rating": "1569",
    "Gms": "0",
    "K": "40",
    "RatingMonth": "SEP25",
    "B-day": "2002",
    "Flag": ""
  },
  {
    "ID Number": "20506112",
    "Name": "Kalambo Praise",
    "Fed": "MAW",
    "Sex": "M",
    "Title": "",
    "WTit": "",
    "OTit": "",
    "Rating": "1929",
    "Gms": "0",
    "K": "20",
    "RatingMonth": "SEP25",
    "B-day": "2002",
    "Flag": ""
  },
  {
    "ID Number": "20502842",
    "Name": "KALIBA Andrew",
    "Fed": "MAW",
    "Sex": "M",
    "Title": "",
    "WTit": "",
    "OTit": "",
    "Rating": "1799",
    "Gms": "0",
    "K": "40",
    "RatingMonth": "SEP25",
    "B-day": "2001",
    "Flag": "i"
  },
  {
    "ID Number": "20504470",
    "Name": "Kalima Reuben",
    "Fed": "MAW",
    "Sex": "M",
    "Title": "",
    "WTit": "",
    "OTit": "",
    "Rating": "1627",
    "Gms": "0",
    "K": "40",
    "RatingMonth": "SEP25",
    "B-day": "1963",
    "Flag": "i"
  },
  {
    "ID Number": "20505574",
    "Name": "Kaliwo Tamara",
    "Fed": "MAW",
    "Sex": "F",
    "Title": "",
    "WTit": "",
    "OTit": "",
    "Rating": "1463",
    "Gms": "0",
    "K": "40",
    "RatingMonth": "SEP25",
    "B-day": "2009",
    "Flag": "w"
  },
  {
    "ID Number": "20500610",
    "Name": "Kalua Emmanuel",
    "Fed": "MAW",
    "Sex": "M",
    "Title": "",
    "WTit": "",
    "OTit": "",
    "Rating": "1837",
    "Gms": "0",
    "K": "20",
    "RatingMonth": "SEP25",
    "B-day": "1986",
    "Flag": ""
  },
  {
    "ID Number": "20505469",
    "Name": "Kalumbi",
    "Fed": "MAW",
    "Sex": "M",
    "Title": "",
    "WTit": "",
    "OTit": "",
    "Rating": "1867",
    "Gms": "0",
    "K": "40",
    "RatingMonth": "SEP25",
    "B-day": "1990",
    "Flag": "i"
  },
  {
    "ID Number": "20505744",
    "Name": "Kamala Promise",
    "Fed": "MAW",
    "Sex": "M",
    "Title": "",
    "WTit": "",
    "OTit": "",
    "Rating": "1705",
    "Gms": "0",
    "K": "40",
    "RatingMonth": "SEP25",
    "B-day": "1995",
    "Flag": "i"
  },
  {
    "ID Number": "20505825",
    "Name": "KAMANGA BLESSINGS DALITSO",
    "Fed": "MAW",
    "Sex": "M",
    "Title": "",
    "WTit": "",
    "OTit": "",
    "Rating": "1708",
    "Gms": "0",
    "K": "40",
    "RatingMonth": "SEP25",
    "B-day": "2002",
    "Flag": "i"
  },
  {
    "ID Number": "20505957",
    "Name": "Kambadzo Felix",
    "Fed": "MAW",
    "Sex": "M",
    "Title": "",
    "WTit": "",
    "OTit": "",
    "Rating": "1768",
    "Gms": "0",
    "K": "40",
    "RatingMonth": "SEP25",
    "B-day": "1990",
    "Flag": "i"
  },
  {
    "ID Number": "20504322",
    "Name": "Kambale Robert",
    "Fed": "MAW",
    "Sex": "M",
    "Title": "",
    "WTit": "",
    "OTit": "",
    "Rating": "1779",
    "Gms": "0",
    "K": "40",
    "RatingMonth": "SEP25",
    "B-day": "1991",
    "Flag": "i"
  },
  {
    "ID Number": "20501633",
    "Name": "Kamowa James",
    "Fed": "MAW",
    "Sex": "M",
    "Title": "",
    "WTit": "",
    "OTit": "",
    "Rating": "2020",
    "Gms": "0",
    "K": "20",
    "RatingMonth": "SEP25",
    "B-day": "1973",
    "Flag": "i"
  },
  {
    "ID Number": "20504250",
    "Name": "Kamowatimwa, Phillip",
    "Fed": "MAW",
    "Sex": "M",
    "Title": "",
    "WTit": "",
    "OTit": "",
    "Rating": "1538",
    "Gms": "0",
    "K": "20",
    "RatingMonth": "SEP25",
    "B-day": "1980",
    "Flag": "i"
  },
  {
    "ID Number": "20504225",
    "Name": "Kamwana Simeon",
    "Fed": "MAW",
    "Sex": "M",
    "Title": "",
    "WTit": "",
    "OTit": "",
    "Rating": "1575",
    "Gms": "0",
    "K": "40",
    "RatingMonth": "SEP25",
    "B-day": "1997",
    "Flag": "i"
  },
  {
    "ID Number": "20503776",
    "Name": "Kamwendo Maxwell",
    "Fed": "MAW",
    "Sex": "M",
    "Title": "",
    "WTit": "NA",
    "OTit": "",
    "Rating": "1878",
    "Gms": "0",
    "K": "40",
    "RatingMonth": "SEP25",
    "B-day": "1993",
    "Flag": "i"
  },
  {
    "ID Number": "20500785",
    "Name": "Kamwendo Precious",
    "Fed": "MAW",
    "Sex": "M",
    "Title": "",
    "WTit": "",
    "OTit": "",
    "Rating": "2002",
    "Gms": "0",
    "K": "20",
    "RatingMonth": "SEP25",
    "B-day": "1991",
    "Flag": ""
  },
  {
    "ID Number": "20503385",
    "Name": "Kamwendo, Patrick",
    "Fed": "MAW",
    "Sex": "M",
    "Title": "",
    "WTit": "",
    "OTit": "",
    "Rating": "1798",
    "Gms": "0",
    "K": "20",
    "RatingMonth": "SEP25",
    "B-day": "1978",
    "Flag": "i"
  },
  {
    "ID Number": "20508646",
    "Name": "Kankhwala Francis",
    "Fed": "MAW",
    "Sex": "M",
    "Title": "",
    "WTit": "",
    "OTit": "",
    "Rating": "1576",
    "Gms": "0",
    "K": "40",
    "RatingMonth": "SEP25",
    "B-day": "1984",
    "Flag": "i"
  },
  {
    "ID Number": "20500629",
    "Name": "Kanyenda Kondwani",
    "Fed": "MAW",
    "Sex": "M",
    "Title": "",
    "WTit": "",
    "OTit": "",
    "Rating": "1883",
    "Gms": "0",
    "K": "40",
    "RatingMonth": "SEP25",
    "B-day": "1984",
    "Flag": "i"
  },
  {
    "ID Number": "20500319",
    "Name": "Kanyinji Overton",
    "Fed": "MAW",
    "Sex": "M",
    "Title": "",
    "WTit": "",
    "OTit": "",
    "Rating": "1824",
    "Gms": "0",
    "K": "20",
    "RatingMonth": "SEP25",
    "B-day": "1985",
    "Flag": ""
  },
  {
    "ID Number": "20500572",
    "Name": "Kaonga, Emmanuel",
    "Fed": "MAW",
    "Sex": "M",
    "Title": "",
    "WTit": "",
    "OTit": "",
    "Rating": "1942",
    "Gms": "0",
    "K": "40",
    "RatingMonth": "SEP25",
    "B-day": "1995",
    "Flag": "i"
  },
  {
    "ID Number": "20505116",
    "Name": "Kapalamula Martha",
    "Fed": "MAW",
    "Sex": "F",
    "Title": "",
    "WTit": "",
    "OTit": "",
    "Rating": "1492",
    "Gms": "4",
    "K": "20",
    "RatingMonth": "SEP25",
    "B-day": "1997",
    "Flag": "w"
  },
  {
    "ID Number": "20508107",
    "Name": "Kapasa Moses",
    "Fed": "MAW",
    "Sex": "M",
    "Title": "",
    "WTit": "",
    "OTit": "",
    "Rating": "1539",
    "Gms": "0",
    "K": "40",
    "RatingMonth": "SEP25",
    "B-day": "2004",
    "Flag": "i"
  },
  {
    "ID Number": "20505981",
    "Name": "Kapena Good son",
    "Fed": "MAW",
    "Sex": "M",
    "Title": "",
    "WTit": "",
    "OTit": "",
    "Rating": "1811",
    "Gms": "0",
    "K": "40",
    "RatingMonth": "SEP25",
    "B-day": "1979",
    "Flag": "i"
  },
  {
    "ID Number": "20501072",
    "Name": "Kapende Charles",
    "Fed": "MAW",
    "Sex": "M",
    "Title": "",
    "WTit": "",
    "OTit": "",
    "Rating": "1811",
    "Gms": "0",
    "K": "20",
    "RatingMonth": "SEP25",
    "B-day": "1983",
    "Flag": ""
  },
  {
    "ID Number": "20505833",
    "Name": "Kapende Shalom",
    "Fed": "MAW",
    "Sex": "F",
    "Title": "",
    "WTit": "",
    "OTit": "",
    "Rating": "1575",
    "Gms": "0",
    "K": "20",
    "RatingMonth": "SEP25",
    "B-day": "2006",
    "Flag": "wi"
  },
  {
    "ID Number": "20504012",
    "Name": "KAPYEPYE KUJALIWA",
    "Fed": "MAW",
    "Sex": "M",
    "Title": "",
    "WTit": "",
    "OTit": "",
    "Rating": "1856",
    "Gms": "0",
    "K": "40",
    "RatingMonth": "SEP25",
    "B-day": "1975",
    "Flag": "i"
  },
  {
    "ID Number": "20504330",
    "Name": "Kasunga William Leo",
    "Fed": "MAW",
    "Sex": "M",
    "Title": "",
    "WTit": "",
    "OTit": "",
    "Rating": "1786",
    "Gms": "0",
    "K": "40",
    "RatingMonth": "SEP25",
    "B-day": "1981",
    "Flag": "i"
  },
  {
    "ID Number": "20508530",
    "Name": "Katande Moses",
    "Fed": "MAW",
    "Sex": "M",
    "Title": "",
    "WTit": "",
    "OTit": "",
    "Rating": "1796",
    "Gms": "0",
    "K": "40",
    "RatingMonth": "SEP25",
    "B-day": "2004",
    "Flag": ""
  },
  {
    "ID Number": "16400089",
    "Name": "Kaunda, Kajani",
    "Fed": "MAW",
    "Sex": "M",
    "Title": "",
    "WTit": "",
    "OTit": "",
    "Rating": "1932",
    "Gms": "0",
    "K": "20",
    "RatingMonth": "SEP25",
    "B-day": "1970",
    "Flag": ""
  },
  {
    "ID Number": "20509928",
    "Name": "Kawamba Ulunji",
    "Fed": "MAW",
    "Sex": "M",
    "Title": "",
    "WTit": "",
    "OTit": "",
    "Rating": "1717",
    "Gms": "0",
    "K": "40",
    "RatingMonth": "SEP25",
    "B-day": "2007",
    "Flag": "i"
  },
  {
    "ID Number": "20504063",
    "Name": "Kayira Darwin",
    "Fed": "MAW",
    "Sex": "M",
    "Title": "",
    "WTit": "",
    "OTit": "",
    "Rating": "1829",
    "Gms": "0",
    "K": "40",
    "RatingMonth": "SEP25",
    "B-day": "1998",
    "Flag": "i"
  },
  {
    "ID Number": "20511370",
    "Name": "Kayira Ian",
    "Fed": "MAW",
    "Sex": "M",
    "Title": "",
    "WTit": "",
    "OTit": "",
    "Rating": "1672",
    "Gms": "0",
    "K": "40",
    "RatingMonth": "SEP25",
    "B-day": "2004",
    "Flag": ""
  },
  {
    "ID Number": "20510241",
    "Name": "Keys John",
    "Fed": "MAW",
    "Sex": "M",
    "Title": "",
    "WTit": "",
    "OTit": "",
    "Rating": "1434",
    "Gms": "0",
    "K": "40",
    "RatingMonth": "SEP25",
    "B-day": "1962",
    "Flag": ""
  },
  {
    "ID Number": "20505752",
    "Name": "Khanyawah Blessings",
    "Fed": "MAW",
    "Sex": "M",
    "Title": "",
    "WTit": "",
    "OTit": "",
    "Rating": "1755",
    "Gms": "0",
    "K": "40",
    "RatingMonth": "SEP25",
    "B-day": "1982",
    "Flag": "i"
  },
  {
    "ID Number": "20507097",
    "Name": "Khanyela madaliso",
    "Fed": "MAW",
    "Sex": "F",
    "Title": "",
    "WTit": "",
    "OTit": "",
    "Rating": "1516",
    "Gms": "0",
    "K": "40",
    "RatingMonth": "SEP25",
    "B-day": "1992",
    "Flag": "wi"
  },
  {
    "ID Number": "20504217",
    "Name": "Khechi Chikondi",
    "Fed": "MAW",
    "Sex": "M",
    "Title": "",
    "WTit": "",
    "OTit": "",
    "Rating": "1758",
    "Gms": "0",
    "K": "40",
    "RatingMonth": "SEP25",
    "B-day": "1995",
    "Flag": "i"
  },
  {
    "ID Number": "20503369",
    "Name": "Khonje Frank",
    "Fed": "MAW",
    "Sex": "M",
    "Title": "",
    "WTit": "",
    "OTit": "",
    "Rating": "1850",
    "Gms": "0",
    "K": "20",
    "RatingMonth": "SEP25",
    "B-day": "1988",
    "Flag": "i"
  },
  {
    "ID Number": "20509693",
    "Name": "Khunga Christopher",
    "Fed": "MAW",
    "Sex": "M",
    "Title": "",
    "WTit": "",
    "OTit": "",
    "Rating": "1730",
    "Gms": "0",
    "K": "40",
    "RatingMonth": "SEP25",
    "B-day": "1987",
    "Flag": "i"
  },
  {
    "ID Number": "14305569",
    "Name": "Khuphwathea, Paul C.",
    "Fed": "MAW",
    "Sex": "M",
    "Title": "CM",
    "WTit": "DI",
    "OTit": "",
    "Rating": "1696",
    "Gms": "0",
    "K": "20",
    "RatingMonth": "SEP25",
    "B-day": "1978",
    "Flag": ""
  },
  {
    "ID Number": "20504497",
    "Name": "Kondowe Daniel",
    "Fed": "MAW",
    "Sex": "M",
    "Title": "",
    "WTit": "",
    "OTit": "",
    "Rating": "1751",
    "Gms": "0",
    "K": "40",
    "RatingMonth": "SEP25",
    "B-day": "2008",
    "Flag": ""
  },
  {
    "ID Number": "20505760",
    "Name": "Kondowe McJoe",
    "Fed": "MAW",
    "Sex": "M",
    "Title": "",
    "WTit": "",
    "OTit": "",
    "Rating": "1823",
    "Gms": "0",
    "K": "40",
    "RatingMonth": "SEP25",
    "B-day": "1983",
    "Flag": "i"
  },
  {
    "ID Number": "20502117",
    "Name": "Kopa Pilirani",
    "Fed": "MAW",
    "Sex": "M",
    "Title": "",
    "WTit": "",
    "OTit": "",
    "Rating": "1855",
    "Gms": "0",
    "K": "20",
    "RatingMonth": "SEP25",
    "B-day": "1985",
    "Flag": "i"
  },
  {
    "ID Number": "20501935",
    "Name": "Kulesi Eddie",
    "Fed": "MAW",
    "Sex": "M",
    "Title": "",
    "WTit": "",
    "OTit": "",
    "Rating": "1766",
    "Gms": "0",
    "K": "20",
    "RatingMonth": "SEP25",
    "B-day": "1983",
    "Flag": "i"
  },
  {
    "ID Number": "20507372",
    "Name": "Kumwenda Chiza",
    "Fed": "MAW",
    "Sex": "M",
    "Title": "",
    "WTit": "",
    "OTit": "",
    "Rating": "1699",
    "Gms": "0",
    "K": "40",
    "RatingMonth": "SEP25",
    "B-day": "1990",
    "Flag": "i"
  },
  {
    "ID Number": "20510080",
    "Name": "Kumwenda Temwa",
    "Fed": "MAW",
    "Sex": "F",
    "Title": "",
    "WTit": "",
    "OTit": "",
    "Rating": "1594",
    "Gms": "0",
    "K": "40",
    "RatingMonth": "SEP25",
    "B-day": "2008",
    "Flag": "w"
  },
  {
    "ID Number": "20502338",
    "Name": "Kumwenda Tina",
    "Fed": "MAW",
    "Sex": "F",
    "Title": "",
    "WTit": "",
    "OTit": "",
    "Rating": "1497",
    "Gms": "0",
    "K": "20",
    "RatingMonth": "SEP25",
    "B-day": "2001",
    "Flag": "wi"
  },
  {
    "ID Number": "20506589",
    "Name": "Kungande Clement",
    "Fed": "MAW",
    "Sex": "M",
    "Title": "",
    "WTit": "",
    "OTit": "",
    "Rating": "1780",
    "Gms": "0",
    "K": "40",
    "RatingMonth": "SEP25",
    "B-day": "1992",
    "Flag": "i"
  },
  {
    "ID Number": "20501919",
    "Name": "Kuntembwe McPherry",
    "Fed": "MAW",
    "Sex": "M",
    "Title": "",
    "WTit": "",
    "OTit": "",
    "Rating": "1880",
    "Gms": "0",
    "K": "40",
    "RatingMonth": "SEP25",
    "B-day": "1989",
    "Flag": "i"
  },
  {
    "ID Number": "20507518",
    "Name": "Laison Chisomo",
    "Fed": "MAW",
    "Sex": "M",
    "Title": "",
    "WTit": "",
    "OTit": "",
    "Rating": "1676",
    "Gms": "0",
    "K": "40",
    "RatingMonth": "SEP25",
    "B-day": "1990",
    "Flag": "i"
  },
  {
    "ID Number": "20508425",
    "Name": "Lakudzala Shadreck",
    "Fed": "MAW",
    "Sex": "M",
    "Title": "",
    "WTit": "",
    "OTit": "",
    "Rating": "1855",
    "Gms": "0",
    "K": "40",
    "RatingMonth": "SEP25",
    "B-day": "1971",
    "Flag": "i"
  },
  {
    "ID Number": "20500734",
    "Name": "Lambiki Mathews",
    "Fed": "MAW",
    "Sex": "M",
    "Title": "",
    "WTit": "",
    "OTit": "",
    "Rating": "1697",
    "Gms": "0",
    "K": "40",
    "RatingMonth": "SEP25",
    "B-day": "1990",
    "Flag": ""
  },
  {
    "ID Number": "20505779",
    "Name": "Lefu Martin",
    "Fed": "MAW",
    "Sex": "M",
    "Title": "",
    "WTit": "",
    "OTit": "",
    "Rating": "1788",
    "Gms": "0",
    "K": "40",
    "RatingMonth": "SEP25",
    "B-day": "1992",
    "Flag": "i"
  },
  {
    "ID Number": "20511388",
    "Name": "Liwonde Leephos",
    "Fed": "MAW",
    "Sex": "M",
    "Title": "",
    "WTit": "",
    "OTit": "",
    "Rating": "1837",
    "Gms": "0",
    "K": "40",
    "RatingMonth": "SEP25",
    "B-day": "2008",
    "Flag": ""
  },
  {
    "ID Number": "20503687",
    "Name": "Longwe Emmanuel",
    "Fed": "MAW",
    "Sex": "M",
    "Title": "",
    "WTit": "",
    "OTit": "",
    "Rating": "1846",
    "Gms": "0",
    "K": "40",
    "RatingMonth": "SEP25",
    "B-day": "1980",
    "Flag": "i"
  },
  {
    "ID Number": "20507690",
    "Name": "Longwe Winston",
    "Fed": "MAW",
    "Sex": "M",
    "Title": "",
    "WTit": "",
    "OTit": "",
    "Rating": "1858",
    "Gms": "0",
    "K": "20",
    "RatingMonth": "SEP25",
    "B-day": "2002",
    "Flag": ""
  },
  {
    "ID Number": "20505523",
    "Name": "Luhanga Vincent P",
    "Fed": "MAW",
    "Sex": "M",
    "Title": "",
    "WTit": "",
    "OTit": "",
    "Rating": "1817",
    "Gms": "0",
    "K": "20",
    "RatingMonth": "SEP25",
    "B-day": "1988",
    "Flag": "i"
  },
  {
    "ID Number": "20500092",
    "Name": "Lumbani, Chimwemwe",
    "Fed": "MAW",
    "Sex": "M",
    "Title": "",
    "WTit": "",
    "OTit": "",
    "Rating": "1848",
    "Gms": "0",
    "K": "40",
    "RatingMonth": "SEP25",
    "B-day": "1983",
    "Flag": "i"
  },
  {
    "ID Number": "20505787",
    "Name": "Lyson Chifuniro",
    "Fed": "MAW",
    "Sex": "M",
    "Title": "",
    "WTit": "",
    "OTit": "",
    "Rating": "1617",
    "Gms": "0",
    "K": "40",
    "RatingMonth": "SEP25",
    "B-day": "1987",
    "Flag": "i"
  },
  {
    "ID Number": "20503806",
    "Name": "Maannett Chikondi",
    "Fed": "MAW",
    "Sex": "M",
    "Title": "",
    "WTit": "",
    "OTit": "",
    "Rating": "1892",
    "Gms": "0",
    "K": "40",
    "RatingMonth": "SEP25",
    "B-day": "1995",
    "Flag": "i"
  },
  {
    "ID Number": "20504209",
    "Name": "MacJessie Ryan",
    "Fed": "MAW",
    "Sex": "M",
    "Title": "",
    "WTit": "",
    "OTit": "",
    "Rating": "1751",
    "Gms": "0",
    "K": "40",
    "RatingMonth": "SEP25",
    "B-day": "1991",
    "Flag": "i"
  },
  {
    "ID Number": "20507089",
    "Name": "Madalitso Samantha Akumbesi Khanyera",
    "Fed": "MAW",
    "Sex": "F",
    "Title": "",
    "WTit": "",
    "OTit": "",
    "Rating": "1519",
    "Gms": "0",
    "K": "40",
    "RatingMonth": "SEP25",
    "B-day": "1992",
    "Flag": "wi"
  },
  {
    "ID Number": "20504403",
    "Name": "Magombo Kondwani",
    "Fed": "MAW",
    "Sex": "M",
    "Title": "",
    "WTit": "",
    "OTit": "",
    "Rating": "1766",
    "Gms": "0",
    "K": "20",
    "RatingMonth": "SEP25",
    "B-day": "1980",
    "Flag": "i"
  },
  {
    "ID Number": "20506210",
    "Name": "Mahata Dennis",
    "Fed": "MAW",
    "Sex": "M",
    "Title": "",
    "WTit": "",
    "OTit": "",
    "Rating": "1582",
    "Gms": "0",
    "K": "40",
    "RatingMonth": "SEP25",
    "B-day": "1995",
    "Flag": "i"
  },
  {
    "ID Number": "20501781",
    "Name": "Malipa Chikondi",
    "Fed": "MAW",
    "Sex": "M",
    "Title": "",
    "WTit": "",
    "OTit": "",
    "Rating": "1624",
    "Gms": "0",
    "K": "40",
    "RatingMonth": "SEP25",
    "B-day": "1990",
    "Flag": "i"
  },
  {
    "ID Number": "20502095",
    "Name": "Maliro Dan",
    "Fed": "MAW",
    "Sex": "M",
    "Title": "",
    "WTit": "",
    "OTit": "",
    "Rating": "1951",
    "Gms": "0",
    "K": "20",
    "RatingMonth": "SEP25",
    "B-day": "1990",
    "Flag": "i"
  },
  {
    "ID Number": "20509685",
    "Name": "Malola Marlon",
    "Fed": "MAW",
    "Sex": "M",
    "Title": "",
    "WTit": "",
    "OTit": "",
    "Rating": "1625",
    "Gms": "0",
    "K": "40",
    "RatingMonth": "SEP25",
    "B-day": "1990",
    "Flag": ""
  },
  {
    "ID Number": "20508611",
    "Name": "Malomboza Blessings",
    "Fed": "MAW",
    "Sex": "M",
    "Title": "",
    "WTit": "",
    "OTit": "",
    "Rating": "1842",
    "Gms": "0",
    "K": "40",
    "RatingMonth": "SEP25",
    "B-day": "1997",
    "Flag": "i"
  },
  {
    "ID Number": "20506546",
    "Name": "Maluwa Davie",
    "Fed": "MAW",
    "Sex": "M",
    "Title": "",
    "WTit": "",
    "OTit": "",
    "Rating": "1653",
    "Gms": "0",
    "K": "40",
    "RatingMonth": "SEP25",
    "B-day": "1992",
    "Flag": "i"
  },
  {
    "ID Number": "20504195",
    "Name": "Maluwa Gavily",
    "Fed": "MAW",
    "Sex": "M",
    "Title": "",
    "WTit": "",
    "OTit": "",
    "Rating": "1765",
    "Gms": "0",
    "K": "40",
    "RatingMonth": "SEP25",
    "B-day": "1990",
    "Flag": "i"
  },
  {
    "ID Number": "20500700",
    "Name": "Mambulasa Martin",
    "Fed": "MAW",
    "Sex": "M",
    "Title": "",
    "WTit": "",
    "OTit": "",
    "Rating": "1695",
    "Gms": "0",
    "K": "40",
    "RatingMonth": "SEP25",
    "B-day": "1982",
    "Flag": "i"
  },
  {
    "ID Number": "20502133",
    "Name": "Manda Godwell",
    "Fed": "MAW",
    "Sex": "M",
    "Title": "",
    "WTit": "",
    "OTit": "",
    "Rating": "1919",
    "Gms": "0",
    "K": "20",
    "RatingMonth": "SEP25",
    "B-day": "1992",
    "Flag": "i"
  },
  {
    "ID Number": "20505493",
    "Name": "Manjamkhosi Lucious Chimwemwe",
    "Fed": "MAW",
    "Sex": "M",
    "Title": "",
    "WTit": "",
    "OTit": "",
    "Rating": "1715",
    "Gms": "0",
    "K": "40",
    "RatingMonth": "SEP25",
    "B-day": "1984",
    "Flag": "i"
  },
  {
    "ID Number": "20507445",
    "Name": "Marko Kervin",
    "Fed": "MAW",
    "Sex": "M",
    "Title": "",
    "WTit": "",
    "OTit": "",
    "Rating": "1629",
    "Gms": "0",
    "K": "40",
    "RatingMonth": "SEP25",
    "B-day": "2002",
    "Flag": "i"
  },
  {
    "ID Number": "20505876",
    "Name": "Maseya Grey",
    "Fed": "MAW",
    "Sex": "M",
    "Title": "",
    "WTit": "",
    "OTit": "",
    "Rating": "1762",
    "Gms": "0",
    "K": "40",
    "RatingMonth": "SEP25",
    "B-day": "2003",
    "Flag": "i"
  },
  {
    "ID Number": "20506856",
    "Name": "Mathuka Ekari",
    "Fed": "MAW",
    "Sex": "M",
    "Title": "",
    "WTit": "",
    "OTit": "",
    "Rating": "1669",
    "Gms": "0",
    "K": "40",
    "RatingMonth": "SEP25",
    "B-day": "1992",
    "Flag": "i"
  },
  {
    "ID Number": "20508760",
    "Name": "Matola Afiki",
    "Fed": "MAW",
    "Sex": "M",
    "Title": "",
    "WTit": "",
    "OTit": "",
    "Rating": "1680",
    "Gms": "0",
    "K": "40",
    "RatingMonth": "SEP25",
    "B-day": "1972",
    "Flag": "i"
  },
  {
    "ID Number": "20501943",
    "Name": "Matola Ernest",
    "Fed": "MAW",
    "Sex": "M",
    "Title": "",
    "WTit": "",
    "OTit": "",
    "Rating": "1931",
    "Gms": "0",
    "K": "20",
    "RatingMonth": "SEP25",
    "B-day": "1990",
    "Flag": ""
  },
  {
    "ID Number": "20504276",
    "Name": "Matundu Richard",
    "Fed": "MAW",
    "Sex": "M",
    "Title": "",
    "WTit": "",
    "OTit": "",
    "Rating": "1713",
    "Gms": "12",
    "K": "20",
    "RatingMonth": "SEP25",
    "B-day": "1990",
    "Flag": ""
  },
  {
    "ID Number": "20500238",
    "Name": "Mawango Davie",
    "Fed": "MAW",
    "Sex": "M",
    "Title": "",
    "WTit": "",
    "OTit": "",
    "Rating": "1918",
    "Gms": "0",
    "K": "20",
    "RatingMonth": "SEP25",
    "B-day": "1985",
    "Flag": "i"
  },
  {
    "ID Number": "20504284",
    "Name": "Mawiliga Frank",
    "Fed": "MAW",
    "Sex": "M",
    "Title": "",
    "WTit": "",
    "OTit": "",
    "Rating": "1823",
    "Gms": "0",
    "K": "40",
    "RatingMonth": "SEP25",
    "B-day": "1979",
    "Flag": "i"
  },
  {
    "ID Number": "20502141",
    "Name": "Mazuma Stain",
    "Fed": "MAW",
    "Sex": "M",
    "Title": "",
    "WTit": "",
    "OTit": "",
    "Rating": "1779",
    "Gms": "0",
    "K": "40",
    "RatingMonth": "SEP25",
    "B-day": "1995",
    "Flag": "i"
  },
  {
    "ID Number": "20500661",
    "Name": "Mbale Charles",
    "Fed": "MAW",
    "Sex": "M",
    "Title": "",
    "WTit": "",
    "OTit": "",
    "Rating": "1711",
    "Gms": "0",
    "K": "40",
    "RatingMonth": "SEP25",
    "B-day": "1985",
    "Flag": "i"
  },
  {
    "ID Number": "16400143",
    "Name": "Mbedza, Richard",
    "Fed": "MAW",
    "Sex": "M",
    "Title": "CM",
    "WTit": "",
    "OTit": "",
    "Rating": "1925",
    "Gms": "0",
    "K": "20",
    "RatingMonth": "SEP25",
    "B-day": "1973",
    "Flag": ""
  },
  {
    "ID Number": "20506520",
    "Name": "Mbendera Martin",
    "Fed": "MAW",
    "Sex": "M",
    "Title": "",
    "WTit": "",
    "OTit": "",
    "Rating": "1804",
    "Gms": "0",
    "K": "40",
    "RatingMonth": "SEP25",
    "B-day": "1997",
    "Flag": ""
  },
  {
    "ID Number": "20500335",
    "Name": "Mbewe Ulemu",
    "Fed": "MAW",
    "Sex": "F",
    "Title": "",
    "WTit": "",
    "OTit": "",
    "Rating": "1538",
    "Gms": "0",
    "K": "40",
    "RatingMonth": "SEP25",
    "B-day": "1999",
    "Flag": "wi"
  },
  {
    "ID Number": "20505388",
    "Name": "Mbwana MacDonald",
    "Fed": "MAW",
    "Sex": "M",
    "Title": "",
    "WTit": "",
    "OTit": "",
    "Rating": "1826",
    "Gms": "0",
    "K": "40",
    "RatingMonth": "SEP25",
    "B-day": "1987",
    "Flag": "i"
  },
  {
    "ID Number": "20500106",
    "Name": "Mbwana, Leonard",
    "Fed": "MAW",
    "Sex": "M",
    "Title": "",
    "WTit": "",
    "OTit": "",
    "Rating": "1797",
    "Gms": "0",
    "K": "40",
    "RatingMonth": "SEP25",
    "B-day": "1983",
    "Flag": "i"
  },
  {
    "ID Number": "20505264",
    "Name": "Mdala Richard",
    "Fed": "MAW",
    "Sex": "M",
    "Title": "",
    "WTit": "",
    "OTit": "",
    "Rating": "1762",
    "Gms": "0",
    "K": "40",
    "RatingMonth": "SEP25",
    "B-day": "1992",
    "Flag": "i"
  },
  {
    "ID Number": "20505680",
    "Name": "Mfune Samuel",
    "Fed": "MAW",
    "Sex": "M",
    "Title": "",
    "WTit": "",
    "OTit": "",
    "Rating": "1647",
    "Gms": "0",
    "K": "40",
    "RatingMonth": "SEP25",
    "B-day": "1987",
    "Flag": "i"
  },
  {
    "ID Number": "20500033",
    "Name": "Mfune, Petros",
    "Fed": "MAW",
    "Sex": "M",
    "Title": "CM",
    "WTit": "",
    "OTit": "",
    "Rating": "1989",
    "Gms": "0",
    "K": "20",
    "RatingMonth": "SEP25",
    "B-day": "1982",
    "Flag": ""
  },
  {
    "ID Number": "20501196",
    "Name": "Mhango Adrian",
    "Fed": "MAW",
    "Sex": "M",
    "Title": "",
    "WTit": "",
    "OTit": "",
    "Rating": "1687",
    "Gms": "0",
    "K": "20",
    "RatingMonth": "SEP25",
    "B-day": "1996",
    "Flag": ""
  },
  {
    "ID Number": "20500904",
    "Name": "Mhango Kelusi",
    "Fed": "MAW",
    "Sex": "M",
    "Title": "",
    "WTit": "",
    "OTit": "",
    "Rating": "1751",
    "Gms": "0",
    "K": "20",
    "RatingMonth": "SEP25",
    "B-day": "1988",
    "Flag": ""
  },
  {
    "ID Number": "20508409",
    "Name": "Mhango Orbet",
    "Fed": "MAW",
    "Sex": "M",
    "Title": "",
    "WTit": "",
    "OTit": "",
    "Rating": "1725",
    "Gms": "0",
    "K": "40",
    "RatingMonth": "SEP25",
    "B-day": "2004",
    "Flag": ""
  },
  {
    "ID Number": "20503849",
    "Name": "Mhango Vicas",
    "Fed": "MAW",
    "Sex": "M",
    "Title": "",
    "WTit": "NA",
    "OTit": "",
    "Rating": "1726",
    "Gms": "0",
    "K": "40",
    "RatingMonth": "SEP25",
    "B-day": "1980",
    "Flag": ""
  },
  {
    "ID Number": "20504560",
    "Name": "Mhinji Jacob",
    "Fed": "MAW",
    "Sex": "M",
    "Title": "",
    "WTit": "",
    "OTit": "",
    "Rating": "1741",
    "Gms": "0",
    "K": "20",
    "RatingMonth": "SEP25",
    "B-day": "1984",
    "Flag": ""
  },
  {
    "ID Number": "20501080",
    "Name": "Mhone Shadreck",
    "Fed": "MAW",
    "Sex": "M",
    "Title": "",
    "WTit": "",
    "OTit": "",
    "Rating": "1823",
    "Gms": "0",
    "K": "20",
    "RatingMonth": "SEP25",
    "B-day": "1984",
    "Flag": "i"
  },
  {
    "ID Number": "20507526",
    "Name": "Mizere Mpilo",
    "Fed": "MAW",
    "Sex": "M",
    "Title": "",
    "WTit": "",
    "OTit": "",
    "Rating": "1801",
    "Gms": "0",
    "K": "40",
    "RatingMonth": "SEP25",
    "B-day": "1979",
    "Flag": "i"
  },
  {
    "ID Number": "20501650",
    "Name": "Mkamanga Rumbani",
    "Fed": "MAW",
    "Sex": "M",
    "Title": "",
    "WTit": "",
    "OTit": "",
    "Rating": "1818",
    "Gms": "0",
    "K": "20",
    "RatingMonth": "SEP25",
    "B-day": "1982",
    "Flag": ""
  },
  {
    "ID Number": "20500505",
    "Name": "Mkandawire Moses",
    "Fed": "MAW",
    "Sex": "M",
    "Title": "",
    "WTit": "",
    "OTit": "",
    "Rating": "1686",
    "Gms": "0",
    "K": "20",
    "RatingMonth": "SEP25",
    "B-day": "1989",
    "Flag": ""
  },
  {
    "ID Number": "20500645",
    "Name": "Mkandawire Sungani",
    "Fed": "MAW",
    "Sex": "M",
    "Title": "",
    "WTit": "",
    "OTit": "",
    "Rating": "1811",
    "Gms": "0",
    "K": "40",
    "RatingMonth": "SEP25",
    "B-day": "1982",
    "Flag": "i"
  },
  {
    "ID Number": "20501676",
    "Name": "Mkumba John",
    "Fed": "MAW",
    "Sex": "M",
    "Title": "",
    "WTit": "",
    "OTit": "",
    "Rating": "1815",
    "Gms": "0",
    "K": "20",
    "RatingMonth": "SEP25",
    "B-day": "1980",
    "Flag": ""
  },
  {
    "ID Number": "20508042",
    "Name": "Mkwezalamba Elija",
    "Fed": "MAW",
    "Sex": "M",
    "Title": "",
    "WTit": "",
    "OTit": "",
    "Rating": "1738",
    "Gms": "0",
    "K": "40",
    "RatingMonth": "SEP25",
    "B-day": "1998",
    "Flag": ""
  },
  {
    "ID Number": "20506791",
    "Name": "Mlanjira Tupochele",
    "Fed": "MAW",
    "Sex": "M",
    "Title": "",
    "WTit": "",
    "OTit": "",
    "Rating": "1693",
    "Gms": "0",
    "K": "40",
    "RatingMonth": "SEP25",
    "B-day": "2002",
    "Flag": "i"
  },
  {
    "ID Number": "20511159",
    "Name": "Moffat Lucas",
    "Fed": "MAW",
    "Sex": "M",
    "Title": "",
    "WTit": "",
    "OTit": "",
    "Rating": "1590",
    "Gms": "0",
    "K": "40",
    "RatingMonth": "SEP25",
    "B-day": "2010",
    "Flag": ""
  },
  {
    "ID Number": "20511396",
    "Name": "Moswoya Herbert",
    "Fed": "MAW",
    "Sex": "M",
    "Title": "",
    "WTit": "",
    "OTit": "",
    "Rating": "1684",
    "Gms": "0",
    "K": "40",
    "RatingMonth": "SEP25",
    "B-day": "1974",
    "Flag": ""
  },
  {
    "ID Number": "20506473",
    "Name": "Moyo John",
    "Fed": "MAW",
    "Sex": "M",
    "Title": "",
    "WTit": "",
    "OTit": "",
    "Rating": "1610",
    "Gms": "0",
    "K": "40",
    "RatingMonth": "SEP25",
    "B-day": "2003",
    "Flag": ""
  },
  {
    "ID Number": "20500793",
    "Name": "Mphande Mayeso",
    "Fed": "MAW",
    "Sex": "M",
    "Title": "",
    "WTit": "",
    "OTit": "",
    "Rating": "1855",
    "Gms": "0",
    "K": "40",
    "RatingMonth": "SEP25",
    "B-day": "1981",
    "Flag": "i"
  },
  {
    "ID Number": "20506759",
    "Name": "Mphungu Davie",
    "Fed": "MAW",
    "Sex": "M",
    "Title": "",
    "WTit": "",
    "OTit": "",
    "Rating": "1813",
    "Gms": "0",
    "K": "40",
    "RatingMonth": "SEP25",
    "B-day": "1995",
    "Flag": "i"
  },
  {
    "ID Number": "20500220",
    "Name": "Mphungu, Gerrard",
    "Fed": "MAW",
    "Sex": "M",
    "Title": "FM",
    "WTit": "",
    "OTit": "",
    "Rating": "2074",
    "Gms": "0",
    "K": "20",
    "RatingMonth": "SEP25",
    "B-day": "1990",
    "Flag": ""
  },
  {
    "ID Number": "20500840",
    "Name": "Mpighu Steve",
    "Fed": "MAW",
    "Sex": "M",
    "Title": "",
    "WTit": "",
    "OTit": "",
    "Rating": "1750",
    "Gms": "0",
    "K": "20",
    "RatingMonth": "SEP25",
    "B-day": "1982",
    "Flag": "i"
  },
  {
    "ID Number": "20501960",
    "Name": "Mpinganjira Stanley Frank",
    "Fed": "MAW",
    "Sex": "M",
    "Title": "",
    "WTit": "",
    "OTit": "",
    "Rating": "1846",
    "Gms": "0",
    "K": "20",
    "RatingMonth": "SEP25",
    "B-day": "1980",
    "Flag": ""
  },
  {
    "ID Number": "16400100",
    "Name": "Mpinganjira, Ellen",
    "Fed": "MAW",
    "Sex": "F",
    "Title": "WCM",
    "WTit": "WCM",
    "OTit": "NA",
    "Rating": "1543",
    "Gms": "0",
    "K": "20",
    "RatingMonth": "SEP25",
    "B-day": "1988",
    "Flag": "w"
  },
  {
    "ID Number": "20508050",
    "Name": "Msapato Gift",
    "Fed": "MAW",
    "Sex": "M",
    "Title": "",
    "WTit": "",
    "OTit": "",
    "Rating": "1671",
    "Gms": "0",
    "K": "40",
    "RatingMonth": "SEP25",
    "B-day": "1996",
    "Flag": "i"
  },
  {
    "ID Number": "20505094",
    "Name": "Msendema Willard",
    "Fed": "MAW",
    "Sex": "M",
    "Title": "",
    "WTit": "",
    "OTit": "",
    "Rating": "1824",
    "Gms": "0",
    "K": "20",
    "RatingMonth": "SEP25",
    "B-day": "1992",
    "Flag": ""
  },
  {
    "ID Number": "20502087",
    "Name": "Msikiimodzi Mailosi",
    "Fed": "MAW",
    "Sex": "M",
    "Title": "",
    "WTit": "",
    "OTit": "",
    "Rating": "1885",
    "Gms": "0",
    "K": "20",
    "RatingMonth": "SEP25",
    "B-day": "1979",
    "Flag": ""
  },
  {
    "ID Number": "20510233",
    "Name": "Msiska Malumbo",
    "Fed": "MAW",
    "Sex": "M",
    "Title": "",
    "WTit": "",
    "OTit": "",
    "Rating": "1689",
    "Gms": "0",
    "K": "40",
    "RatingMonth": "SEP25",
    "B-day": "1993",
    "Flag": "i"
  },
  {
    "ID Number": "16400194",
    "Name": "Msiska, Royce",
    "Fed": "MAW",
    "Sex": "F",
    "Title": "",
    "WTit": "",
    "OTit": "",
    "Rating": "1484",
    "Gms": "0",
    "K": "20",
    "RatingMonth": "SEP25",
    "B-day": "1975",
    "Flag": "wi"
  },
  {
    "ID Number": "20506287",
    "Name": "Msowoya Charles",
    "Fed": "MAW",
    "Sex": "M",
    "Title": "",
    "WTit": "",
    "OTit": "",
    "Rating": "1653",
    "Gms": "0",
    "K": "40",
    "RatingMonth": "SEP25",
    "B-day": "2004",
    "Flag": "i"
  },
  {
    "ID Number": "20505655",
    "Name": "Msowoya Emmanuel",
    "Fed": "MAW",
    "Sex": "M",
    "Title": "",
    "WTit": "NA",
    "OTit": "",
    "Rating": "1772",
    "Gms": "0",
    "K": "20",
    "RatingMonth": "SEP25",
    "B-day": "1993",
    "Flag": ""
  },
  {
    "ID Number": "20501846",
    "Name": "MSOWOYA Mike",
    "Fed": "MAW",
    "Sex": "M",
    "Title": "",
    "WTit": "",
    "OTit": "",
    "Rating": "1824",
    "Gms": "0",
    "K": "20",
    "RatingMonth": "SEP25",
    "B-day": "1982",
    "Flag": "i"
  },
  {
    "ID Number": "20500602",
    "Name": "Msukwa Kezzie Jr",
    "Fed": "MAW",
    "Sex": "M",
    "Title": "",
    "WTit": "",
    "OTit": "",
    "Rating": "1575",
    "Gms": "0",
    "K": "40",
    "RatingMonth": "SEP25",
    "B-day": "2007",
    "Flag": "i"
  },
  {
    "ID Number": "20507593",
    "Name": "Msukwa Nova",
    "Fed": "MAW",
    "Sex": "M",
    "Title": "",
    "WTit": "",
    "OTit": "",
    "Rating": "1503",
    "Gms": "0",
    "K": "40",
    "RatingMonth": "SEP25",
    "B-day": "1966",
    "Flag": "i"
  },
  {
    "ID Number": "20500203",
    "Name": "Msukwa, Kezzie",
    "Fed": "MAW",
    "Sex": "M",
    "Title": "",
    "WTit": "",
    "OTit": "",
    "Rating": "1774",
    "Gms": "0",
    "K": "20",
    "RatingMonth": "SEP25",
    "B-day": "1966",
    "Flag": "i"
  },
  {
    "ID Number": "20500459",
    "Name": "Msukwa, Tupokiwe",
    "Fed": "MAW",
    "Sex": "F",
    "Title": "WCM",
    "WTit": "WCM",
    "OTit": "",
    "Rating": "1700",
    "Gms": "0",
    "K": "20",
    "RatingMonth": "SEP25",
    "B-day": "1998",
    "Flag": "w"
  },
  {
    "ID Number": "20507844",
    "Name": "Mtaba Chifunilo",
    "Fed": "MAW",
    "Sex": "M",
    "Title": "",
    "WTit": "",
    "OTit": "",
    "Rating": "1811",
    "Gms": "0",
    "K": "40",
    "RatingMonth": "SEP25",
    "B-day": "1997",
    "Flag": "i"
  },
  {
    "ID Number": "20507011",
    "Name": "Mtambo Knowledge",
    "Fed": "MAW",
    "Sex": "M",
    "Title": "",
    "WTit": "",
    "OTit": "",
    "Rating": "1689",
    "Gms": "0",
    "K": "40",
    "RatingMonth": "SEP25",
    "B-day": "1985",
    "Flag": ""
  },
  {
    "ID Number": "20505086",
    "Name": "Mtandika Alinafe",
    "Fed": "MAW",
    "Sex": "M",
    "Title": "",
    "WTit": "",
    "OTit": "",
    "Rating": "1699",
    "Gms": "0",
    "K": "40",
    "RatingMonth": "SEP25",
    "B-day": "1993",
    "Flag": "i"
  },
  {
    "ID Number": "20503830",
    "Name": "Mtumbuka Moses",
    "Fed": "MAW",
    "Sex": "M",
    "Title": "",
    "WTit": "",
    "OTit": "",
    "Rating": "1756",
    "Gms": "0",
    "K": "20",
    "RatingMonth": "SEP25",
    "B-day": "1980",
    "Flag": ""
  },
  {
    "ID Number": "20500688",
    "Name": "Mtuwa Stanley",
    "Fed": "MAW",
    "Sex": "M",
    "Title": "",
    "WTit": "",
    "OTit": "",
    "Rating": "1866",
    "Gms": "0",
    "K": "40",
    "RatingMonth": "SEP25",
    "B-day": "1977",
    "Flag": "i"
  },
  {
    "ID Number": "20501811",
    "Name": "Mukiwa Miracle",
    "Fed": "MAW",
    "Sex": "F",
    "Title": "",
    "WTit": "",
    "OTit": "",
    "Rating": "1434",
    "Gms": "0",
    "K": "40",
    "RatingMonth": "SEP25",
    "B-day": "1996",
    "Flag": "wi"
  },
  {
    "ID Number": "20500599",
    "Name": "Mumba Isaac",
    "Fed": "MAW",
    "Sex": "M",
    "Title": "",
    "WTit": "",
    "OTit": "",
    "Rating": "1761",
    "Gms": "0",
    "K": "40",
    "RatingMonth": "SEP25",
    "B-day": "1967",
    "Flag": "i"
  },
  {
    "ID Number": "20501250",
    "Name": "Munthali Tumbikani",
    "Fed": "MAW",
    "Sex": "M",
    "Title": "",
    "WTit": "",
    "OTit": "",
    "Rating": "1806",
    "Gms": "0",
    "K": "40",
    "RatingMonth": "SEP25",
    "B-day": "1997",
    "Flag": "i"
  },
  {
    "ID Number": "20506104",
    "Name": "Munthali Wongani",
    "Fed": "MAW",
    "Sex": "M",
    "Title": "",
    "WTit": "",
    "OTit": "",
    "Rating": "1618",
    "Gms": "0",
    "K": "40",
    "RatingMonth": "SEP25",
    "B-day": "1979",
    "Flag": "i"
  },
  {
    "ID Number": "20509936",
    "Name": "Mwafulirwa Aaron",
    "Fed": "MAW",
    "Sex": "M",
    "Title": "",
    "WTit": "",
    "OTit": "",
    "Rating": "1629",
    "Gms": "0",
    "K": "40",
    "RatingMonth": "SEP25",
    "B-day": "1990",
    "Flag": ""
  },
  {
    "ID Number": "16400160",
    "Name": "Mwagomba, Fishan",
    "Fed": "MAW",
    "Sex": "M",
    "Title": "",
    "WTit": "",
    "OTit": "",
    "Rating": "1964",
    "Gms": "0",
    "K": "20",
    "RatingMonth": "SEP25",
    "B-day": "1995",
    "Flag": ""
  },
  {
    "ID Number": "20500912",
    "Name": "Mwakikunga Boniface",
    "Fed": "MAW",
    "Sex": "M",
    "Title": "",
    "WTit": "NA",
    "OTit": "",
    "Rating": "1693",
    "Gms": "0",
    "K": "20",
    "RatingMonth": "SEP25",
    "B-day": "1989",
    "Flag": ""
  },
  {
    "ID Number": "20506767",
    "Name": "Mwale Chawezi",
    "Fed": "MAW",
    "Sex": "M",
    "Title": "",
    "WTit": "",
    "OTit": "",
    "Rating": "1774",
    "Gms": "0",
    "K": "40",
    "RatingMonth": "SEP25",
    "B-day": "1996",
    "Flag": "i"
  },
  {
    "ID Number": "20501110",
    "Name": "Mwale Chikwiya",
    "Fed": "MAW",
    "Sex": "M",
    "Title": "",
    "WTit": "",
    "OTit": "",
    "Rating": "1864",
    "Gms": "0",
    "K": "40",
    "RatingMonth": "SEP25",
    "B-day": "1985",
    "Flag": "i"
  },
  {
    "ID Number": "20505183",
    "Name": "Mwale Zex",
    "Fed": "MAW",
    "Sex": "M",
    "Title": "",
    "WTit": "",
    "OTit": "",
    "Rating": "1850",
    "Gms": "0",
    "K": "20",
    "RatingMonth": "SEP25",
    "B-day": "1994",
    "Flag": "i"
  },
  {
    "ID Number": "16400127",
    "Name": "Mwale, Chuma",
    "Fed": "MAW",
    "Sex": "M",
    "Title": "",
    "WTit": "",
    "OTit": "",
    "Rating": "1974",
    "Gms": "0",
    "K": "40",
    "RatingMonth": "SEP25",
    "B-day": "1990",
    "Flag": "i"
  },
  {
    "ID Number": "20500254",
    "Name": "Mwale, George",
    "Fed": "MAW",
    "Sex": "M",
    "Title": "CM",
    "WTit": "",
    "OTit": "",
    "Rating": "2032",
    "Gms": "0",
    "K": "20",
    "RatingMonth": "SEP25",
    "B-day": "1993",
    "Flag": ""
  },
  {
    "ID Number": "16400135",
    "Name": "Mwale, Joseph",
    "Fed": "MAW",
    "Sex": "M",
    "Title": "FM",
    "WTit": "",
    "OTit": "",
    "Rating": "2217",
    "Gms": "14",
    "K": "20",
    "RatingMonth": "SEP25",
    "B-day": "1993",
    "Flag": ""
  },
  {
    "ID Number": "20507607",
    "Name": "Mwamakula Emmanuel",
    "Fed": "MAW",
    "Sex": "M",
    "Title": "",
    "WTit": "",
    "OTit": "",
    "Rating": "1644",
    "Gms": "0",
    "K": "40",
    "RatingMonth": "SEP25",
    "B-day": "1980",
    "Flag": "i"
  },
  {
    "ID Number": "20503865",
    "Name": "Mwangupili Francisco",
    "Fed": "MAW",
    "Sex": "M",
    "Title": "",
    "WTit": "NA",
    "OTit": "",
    "Rating": "1852",
    "Gms": "0",
    "K": "20",
    "RatingMonth": "SEP25",
    "B-day": "1994",
    "Flag": ""
  },
  {
    "ID Number": "20506805",
    "Name": "Mwangupili Lusekelo",
    "Fed": "MAW",
    "Sex": "M",
    "Title": "",
    "WTit": "",
    "OTit": "",
    "Rating": "1738",
    "Gms": "0",
    "K": "20",
    "RatingMonth": "SEP25",
    "B-day": "1998",
    "Flag": "i"
  },
  {
    "ID Number": "20504179",
    "Name": "Mwangupili, Franscisco",
    "Fed": "MAW",
    "Sex": "M",
    "Title": "",
    "WTit": "",
    "OTit": "",
    "Rating": "1874",
    "Gms": "0",
    "K": "20",
    "RatingMonth": "SEP25",
    "B-day": "1994",
    "Flag": "i"
  },
  {
    "ID Number": "20501269",
    "Name": "Mwanza Moses",
    "Fed": "MAW",
    "Sex": "M",
    "Title": "",
    "WTit": "",
    "OTit": "",
    "Rating": "1806",
    "Gms": "0",
    "K": "40",
    "RatingMonth": "SEP25",
    "B-day": "1995",
    "Flag": "i"
  },
  {
    "ID Number": "16400020",
    "Name": "Mwanza, Malama",
    "Fed": "MAW",
    "Sex": "M",
    "Title": "",
    "WTit": "",
    "OTit": "",
    "Rating": "1997",
    "Gms": "0",
    "K": "20",
    "RatingMonth": "SEP25",
    "B-day": "0",
    "Flag": ""
  },
  {
    "ID Number": "20507747",
    "Name": "Mwapenya Joshua",
    "Fed": "MAW",
    "Sex": "M",
    "Title": "",
    "WTit": "",
    "OTit": "",
    "Rating": "1663",
    "Gms": "0",
    "K": "40",
    "RatingMonth": "SEP25",
    "B-day": "2004",
    "Flag": "i"
  },
  {
    "ID Number": "20502079",
    "Name": "Mwasangwale Mwiza",
    "Fed": "MAW",
    "Sex": "M",
    "Title": "",
    "WTit": "",
    "OTit": "",
    "Rating": "1675",
    "Gms": "0",
    "K": "40",
    "RatingMonth": "SEP25",
    "B-day": "1993",
    "Flag": "i"
  },
  {
    "ID Number": "20500513",
    "Name": "Mwazozo Hope",
    "Fed": "MAW",
    "Sex": "M",
    "Title": "",
    "WTit": "NA",
    "OTit": "",
    "Rating": "1911",
    "Gms": "8",
    "K": "20",
    "RatingMonth": "SEP25",
    "B-day": "1991",
    "Flag": ""
  },
  {
    "ID Number": "20503920",
    "Name": "Mweghama Wakisa",
    "Fed": "MAW",
    "Sex": "M",
    "Title": "",
    "WTit": "",
    "OTit": "",
    "Rating": "1809",
    "Gms": "0",
    "K": "40",
    "RatingMonth": "SEP25",
    "B-day": "1982",
    "Flag": "i"
  },
  {
    "ID Number": "20503261",
    "Name": "Mwiba Jonathane",
    "Fed": "MAW",
    "Sex": "M",
    "Title": "",
    "WTit": "",
    "OTit": "",
    "Rating": "1733",
    "Gms": "0",
    "K": "40",
    "RatingMonth": "SEP25",
    "B-day": "1977",
    "Flag": "i"
  },
  {
    "ID Number": "20503377",
    "Name": "Mzia, Wezzie",
    "Fed": "MAW",
    "Sex": "F",
    "Title": "",
    "WTit": "",
    "OTit": "",
    "Rating": "1467",
    "Gms": "0",
    "K": "40",
    "RatingMonth": "SEP25",
    "B-day": "1996",
    "Flag": "wi"
  },
  {
    "ID Number": "20507798",
    "Name": "Mzuma innocent",
    "Fed": "MAW",
    "Sex": "M",
    "Title": "",
    "WTit": "",
    "OTit": "",
    "Rating": "1699",
    "Gms": "0",
    "K": "40",
    "RatingMonth": "SEP25",
    "B-day": "1996",
    "Flag": "i"
  },
  {
    "ID Number": "20511124",
    "Name": "Nakali Henry",
    "Fed": "MAW",
    "Sex": "M",
    "Title": "",
    "WTit": "",
    "OTit": "",
    "Rating": "1616",
    "Gms": "0",
    "K": "40",
    "RatingMonth": "SEP25",
    "B-day": "2015",
    "Flag": ""
  },
  {
    "ID Number": "20507755",
    "Name": "Namalomba Weston",
    "Fed": "MAW",
    "Sex": "M",
    "Title": "",
    "WTit": "",
    "OTit": "",
    "Rating": "1689",
    "Gms": "0",
    "K": "40",
    "RatingMonth": "SEP25",
    "B-day": "2002",
    "Flag": "i"
  },
  {
    "ID Number": "20505817",
    "Name": "Namangale Alain",
    "Fed": "MAW",
    "Sex": "M",
    "Title": "",
    "WTit": "",
    "OTit": "",
    "Rating": "1661",
    "Gms": "0",
    "K": "20",
    "RatingMonth": "SEP25",
    "B-day": "2002",
    "Flag": ""
  },
  {
    "ID Number": "20501790",
    "Name": "Namangale, Susan",
    "Fed": "MAW",
    "Sex": "F",
    "Title": "",
    "WTit": "SI,NI,AO,NA",
    "OTit": "",
    "Rating": "1499",
    "Gms": "0",
    "K": "20",
    "RatingMonth": "SEP25",
    "B-day": "1976",
    "Flag": "w"
  },
  {
    "ID Number": "20501099",
    "Name": "Nanthambwe Hubert",
    "Fed": "MAW",
    "Sex": "M",
    "Title": "",
    "WTit": "",
    "OTit": "",
    "Rating": "1886",
    "Gms": "0",
    "K": "20",
    "RatingMonth": "SEP25",
    "B-day": "1994",
    "Flag": "i"
  },
  {
    "ID Number": "20503393",
    "Name": "Nathaniel, Charles",
    "Fed": "MAW",
    "Sex": "M",
    "Title": "",
    "WTit": "",
    "OTit": "",
    "Rating": "1729",
    "Gms": "0",
    "K": "40",
    "RatingMonth": "SEP25",
    "B-day": "1979",
    "Flag": "i"
  },
  {
    "ID Number": "20505604",
    "Name": "Nazonse Fredrick",
    "Fed": "MAW",
    "Sex": "M",
    "Title": "",
    "WTit": "",
    "OTit": "",
    "Rating": "1739",
    "Gms": "0",
    "K": "40",
    "RatingMonth": "SEP25",
    "B-day": "1992",
    "Flag": "i"
  },
  {
    "ID Number": "20504420",
    "Name": "Ndipita Mark",
    "Fed": "MAW",
    "Sex": "M",
    "Title": "",
    "WTit": "",
    "OTit": "",
    "Rating": "1828",
    "Gms": "0",
    "K": "20",
    "RatingMonth": "SEP25",
    "B-day": "1980",
    "Flag": "i"
  },
  {
    "ID Number": "20502044",
    "Name": "Ndovie, Vitumbiko",
    "Fed": "MAW",
    "Sex": "M",
    "Title": "",
    "WTit": "",
    "OTit": "",
    "Rating": "1658",
    "Gms": "0",
    "K": "40",
    "RatingMonth": "SEP25",
    "B-day": "1981",
    "Flag": "i"
  },
  {
    "ID Number": "20500122",
    "Name": "Ngugama, Magret",
    "Fed": "MAW",
    "Sex": "F",
    "Title": "",
    "WTit": "LSI,NI,FA",
    "OTit": "",
    "Rating": "1585",
    "Gms": "0",
    "K": "20",
    "RatingMonth": "SEP25",
    "B-day": "1973",
    "Flag": "wi"
  },
  {
    "ID Number": "20501447",
    "Name": "Ngwira Davis Paul",
    "Fed": "MAW",
    "Sex": "M",
    "Title": "",
    "WTit": "",
    "OTit": "",
    "Rating": "1830",
    "Gms": "0",
    "K": "20",
    "RatingMonth": "SEP25",
    "B-day": "1999",
    "Flag": "i"
  },
  {
    "ID Number": "20500580",
    "Name": "Ngwira Robert",
    "Fed": "MAW",
    "Sex": "M",
    "Title": "",
    "WTit": "",
    "OTit": "",
    "Rating": "1865",
    "Gms": "0",
    "K": "20",
    "RatingMonth": "SEP25",
    "B-day": "1993",
    "Flag": "i"
  },
  {
    "ID Number": "20510187",
    "Name": "Ngwira Sheriff",
    "Fed": "MAW",
    "Sex": "M",
    "Title": "",
    "WTit": "",
    "OTit": "",
    "Rating": "1641",
    "Gms": "0",
    "K": "40",
    "RatingMonth": "SEP25",
    "B-day": "2008",
    "Flag": ""
  },
  {
    "ID Number": "20502370",
    "Name": "Njolomole Dumile",
    "Fed": "MAW",
    "Sex": "M",
    "Title": "",
    "WTit": "",
    "OTit": "",
    "Rating": "1693",
    "Gms": "0",
    "K": "40",
    "RatingMonth": "SEP25",
    "B-day": "1990",
    "Flag": "i"
  },
  {
    "ID Number": "20507763",
    "Name": "Nkhani Harrison",
    "Fed": "MAW",
    "Sex": "M",
    "Title": "",
    "WTit": "",
    "OTit": "",
    "Rating": "1854",
    "Gms": "0",
    "K": "40",
    "RatingMonth": "SEP25",
    "B-day": "2004",
    "Flag": "i"
  },
  {
    "ID Number": "20500327",
    "Name": "Nkhoma, Desiderata",
    "Fed": "MAW",
    "Sex": "F",
    "Title": "",
    "WTit": "",
    "OTit": "",
    "Rating": "1654",
    "Gms": "0",
    "K": "20",
    "RatingMonth": "SEP25",
    "B-day": "1993",
    "Flag": "wi"
  },
  {
    "ID Number": "20501722",
    "Name": "Nkhomango Clever",
    "Fed": "MAW",
    "Sex": "M",
    "Title": "",
    "WTit": "",
    "OTit": "",
    "Rating": "1832",
    "Gms": "0",
    "K": "40",
    "RatingMonth": "SEP25",
    "B-day": "1991",
    "Flag": "i"
  },
  {
    "ID Number": "20508581",
    "Name": "Nkhuna Mzati",
    "Fed": "MAW",
    "Sex": "M",
    "Title": "",
    "WTit": "",
    "OTit": "",
    "Rating": "1645",
    "Gms": "0",
    "K": "40",
    "RatingMonth": "SEP25",
    "B-day": "2004",
    "Flag": "i"
  },
  {
    "ID Number": "20501897",
    "Name": "Nkhwazi Sam",
    "Fed": "MAW",
    "Sex": "M",
    "Title": "",
    "WTit": "",
    "OTit": "",
    "Rating": "1913",
    "Gms": "0",
    "K": "40",
    "RatingMonth": "SEP25",
    "B-day": "1979",
    "Flag": "i"
  },
  {
    "ID Number": "20508751",
    "Name": "Nkomera Grey",
    "Fed": "MAW",
    "Sex": "M",
    "Title": "",
    "WTit": "",
    "OTit": "",
    "Rating": "1664",
    "Gms": "0",
    "K": "40",
    "RatingMonth": "SEP25",
    "B-day": "1984",
    "Flag": "i"
  },
  {
    "ID Number": "20506082",
    "Name": "Nkoola John",
    "Fed": "MAW",
    "Sex": "M",
    "Title": "",
    "WTit": "",
    "OTit": "",
    "Rating": "1540",
    "Gms": "0",
    "K": "40",
    "RatingMonth": "SEP25",
    "B-day": "1996",
    "Flag": "i"
  },
  {
    "ID Number": "20508069",
    "Name": "Nsapato Griffin",
    "Fed": "MAW",
    "Sex": "M",
    "Title": "",
    "WTit": "",
    "OTit": "",
    "Rating": "1729",
    "Gms": "0",
    "K": "40",
    "RatingMonth": "SEP25",
    "B-day": "2002",
    "Flag": "i"
  },
  {
    "ID Number": "20500556",
    "Name": "Ntenjere George",
    "Fed": "MAW",
    "Sex": "M",
    "Title": "",
    "WTit": "",
    "OTit": "",
    "Rating": "1751",
    "Gms": "0",
    "K": "40",
    "RatingMonth": "SEP25",
    "B-day": "1976",
    "Flag": "i"
  },
  {
    "ID Number": "20501200",
    "Name": "Nthara Bright",
    "Fed": "MAW",
    "Sex": "M",
    "Title": "",
    "WTit": "",
    "OTit": "",
    "Rating": "1857",
    "Gms": "0",
    "K": "20",
    "RatingMonth": "SEP25",
    "B-day": "1974",
    "Flag": "i"
  },
  {
    "ID Number": "20500920",
    "Name": "Nyakanyaka Dalitso",
    "Fed": "MAW",
    "Sex": "M",
    "Title": "",
    "WTit": "",
    "OTit": "",
    "Rating": "1663",
    "Gms": "0",
    "K": "40",
    "RatingMonth": "SEP25",
    "B-day": "1997",
    "Flag": "i"
  },
  {
    "ID Number": "20501927",
    "Name": "Nyama Peter",
    "Fed": "MAW",
    "Sex": "M",
    "Title": "",
    "WTit": "",
    "OTit": "",
    "Rating": "1970",
    "Gms": "0",
    "K": "20",
    "RatingMonth": "SEP25",
    "B-day": "1991",
    "Flag": ""
  },
  {
    "ID Number": "20500041",
    "Name": "Nyambalo, Joseph Xavier",
    "Fed": "MAW",
    "Sex": "M",
    "Title": "CM",
    "WTit": "",
    "OTit": "",
    "Rating": "2010",
    "Gms": "0",
    "K": "20",
    "RatingMonth": "SEP25",
    "B-day": "1991",
    "Flag": ""
  },
  {
    "ID Number": "20506945",
    "Name": "Nyamilandu Martin",
    "Fed": "MAW",
    "Sex": "M",
    "Title": "",
    "WTit": "",
    "OTit": "",
    "Rating": "1597",
    "Gms": "0",
    "K": "40",
    "RatingMonth": "SEP25",
    "B-day": "1999",
    "Flag": "i"
  },
  {
    "ID Number": "20504373",
    "Name": "Nyirenda Emmanuel",
    "Fed": "MAW",
    "Sex": "M",
    "Title": "",
    "WTit": "",
    "OTit": "",
    "Rating": "1896",
    "Gms": "0",
    "K": "40",
    "RatingMonth": "SEP25",
    "B-day": "1990",
    "Flag": "i"
  },
  {
    "ID Number": "20500300",
    "Name": "Nyirenda Misheck",
    "Fed": "MAW",
    "Sex": "M",
    "Title": "",
    "WTit": "",
    "OTit": "",
    "Rating": "1887",
    "Gms": "0",
    "K": "20",
    "RatingMonth": "SEP25",
    "B-day": "1983",
    "Flag": "i"
  },
  {
    "ID Number": "20502206",
    "Name": "Nyirenda Mphatso",
    "Fed": "MAW",
    "Sex": "M",
    "Title": "",
    "WTit": "",
    "OTit": "",
    "Rating": "1750",
    "Gms": "0",
    "K": "40",
    "RatingMonth": "SEP25",
    "B-day": "1991",
    "Flag": "i"
  },
  {
    "ID Number": "20507771",
    "Name": "Nyoni blessings",
    "Fed": "MAW",
    "Sex": "M",
    "Title": "",
    "WTit": "",
    "OTit": "",
    "Rating": "1725",
    "Gms": "0",
    "K": "40",
    "RatingMonth": "SEP25",
    "B-day": "2002",
    "Flag": ""
  },
  {
    "ID Number": "20507437",
    "Name": "Ottoman waza",
    "Fed": "MAW",
    "Sex": "M",
    "Title": "",
    "WTit": "",
    "OTit": "",
    "Rating": "1609",
    "Gms": "0",
    "K": "40",
    "RatingMonth": "SEP25",
    "B-day": "1976",
    "Flag": "i"
  },
  {
    "ID Number": "20507500",
    "Name": "Pasulani Olesi",
    "Fed": "MAW",
    "Sex": "M",
    "Title": "",
    "WTit": "",
    "OTit": "",
    "Rating": "1726",
    "Gms": "0",
    "K": "40",
    "RatingMonth": "SEP25",
    "B-day": "1973",
    "Flag": "i"
  },
  {
    "ID Number": "20508638",
    "Name": "Patel A Aaliya",
    "Fed": "MAW",
    "Sex": "F",
    "Title": "",
    "WTit": "",
    "OTit": "",
    "Rating": "1608",
    "Gms": "0",
    "K": "40",
    "RatingMonth": "SEP25",
    "B-day": "2013",
    "Flag": "wi"
  },
  {
    "ID Number": "20510306",
    "Name": "Patil vijaykumar Shivasai",
    "Fed": "MAW",
    "Sex": "M",
    "Title": "",
    "WTit": "",
    "OTit": "",
    "Rating": "1550",
    "Gms": "7",
    "K": "40",
    "RatingMonth": "SEP25",
    "B-day": "2010",
    "Flag": ""
  },
  {
    "ID Number": "20502150",
    "Name": "Paul Alfred",
    "Fed": "MAW",
    "Sex": "M",
    "Title": "",
    "WTit": "",
    "OTit": "",
    "Rating": "1802",
    "Gms": "0",
    "K": "40",
    "RatingMonth": "SEP25",
    "B-day": "1985",
    "Flag": "i"
  },
  {
    "ID Number": "20501900",
    "Name": "Pemba Mayamiko",
    "Fed": "MAW",
    "Sex": "M",
    "Title": "",
    "WTit": "",
    "OTit": "",
    "Rating": "1822",
    "Gms": "0",
    "K": "40",
    "RatingMonth": "SEP25",
    "B-day": "1986",
    "Flag": "i"
  },
  {
    "ID Number": "20508662",
    "Name": "Phiri Beston",
    "Fed": "MAW",
    "Sex": "M",
    "Title": "",
    "WTit": "",
    "OTit": "",
    "Rating": "1559",
    "Gms": "0",
    "K": "40",
    "RatingMonth": "SEP25",
    "B-day": "2012",
    "Flag": "i"
  },
  {
    "ID Number": "20508670",
    "Name": "Phiri Blessings",
    "Fed": "MAW",
    "Sex": "M",
    "Title": "",
    "WTit": "",
    "OTit": "",
    "Rating": "1678",
    "Gms": "0",
    "K": "40",
    "RatingMonth": "SEP25",
    "B-day": "2007",
    "Flag": ""
  },
  {
    "ID Number": "20504047",
    "Name": "Phiri Chawanangwa",
    "Fed": "MAW",
    "Sex": "M",
    "Title": "",
    "WTit": "",
    "OTit": "",
    "Rating": "1819",
    "Gms": "0",
    "K": "40",
    "RatingMonth": "SEP25",
    "B-day": "1999",
    "Flag": ""
  },
  {
    "ID Number": "20506090",
    "Name": "Phiri Juzza",
    "Fed": "MAW",
    "Sex": "M",
    "Title": "",
    "WTit": "",
    "OTit": "",
    "Rating": "1670",
    "Gms": "0",
    "K": "20",
    "RatingMonth": "SEP25",
    "B-day": "1983",
    "Flag": ""
  },
  {
    "ID Number": "20500947",
    "Name": "Phiri Luhanga Vincent",
    "Fed": "MAW",
    "Sex": "M",
    "Title": "",
    "WTit": "NA",
    "OTit": "",
    "Rating": "1700",
    "Gms": "0",
    "K": "20",
    "RatingMonth": "SEP25",
    "B-day": "1990",
    "Flag": ""
  },
  {
    "ID Number": "20501730",
    "Name": "Phiri Patrick",
    "Fed": "MAW",
    "Sex": "M",
    "Title": "",
    "WTit": "",
    "OTit": "",
    "Rating": "1600",
    "Gms": "0",
    "K": "40",
    "RatingMonth": "SEP25",
    "B-day": "1998",
    "Flag": "i"
  },
  {
    "ID Number": "20507674",
    "Name": "Phiri Rebecca",
    "Fed": "MAW",
    "Sex": "M",
    "Title": "",
    "WTit": "",
    "OTit": "",
    "Rating": "1625",
    "Gms": "0",
    "K": "40",
    "RatingMonth": "SEP25",
    "B-day": "2006",
    "Flag": "i"
  },
  {
    "ID Number": "20500653",
    "Name": "Phiri Thom Kamija",
    "Fed": "MAW",
    "Sex": "M",
    "Title": "",
    "WTit": "",
    "OTit": "",
    "Rating": "1759",
    "Gms": "0",
    "K": "20",
    "RatingMonth": "SEP25",
    "B-day": "1980",
    "Flag": "i"
  },
  {
    "ID Number": "20504152",
    "Name": "Phiri, Aaron",
    "Fed": "MAW",
    "Sex": "M",
    "Title": "",
    "WTit": "",
    "OTit": "",
    "Rating": "1941",
    "Gms": "0",
    "K": "20",
    "RatingMonth": "SEP25",
    "B-day": "1980",
    "Flag": ""
  },
  {
    "ID Number": "20510950",
    "Name": "Pondamali Peace",
    "Fed": "MAW",
    "Sex": "M",
    "Title": "",
    "WTit": "",
    "OTit": "",
    "Rating": "1759",
    "Gms": "0",
    "K": "40",
    "RatingMonth": "SEP25",
    "B-day": "2010",
    "Flag": ""
  },
  {
    "ID Number": "20508727",
    "Name": "PRECIOUS DAMSON",
    "Fed": "MAW",
    "Sex": "M",
    "Title": "",
    "WTit": "",
    "OTit": "",
    "Rating": "1914",
    "Gms": "0",
    "K": "40",
    "RatingMonth": "SEP25",
    "B-day": "2000",
    "Flag": "i"
  },
  {
    "ID Number": "20506511",
    "Name": "Psyelera James",
    "Fed": "MAW",
    "Sex": "M",
    "Title": "",
    "WTit": "",
    "OTit": "",
    "Rating": "1808",
    "Gms": "0",
    "K": "40",
    "RatingMonth": "SEP25",
    "B-day": "1985",
    "Flag": "i"
  },
  {
    "ID Number": "20508590",
    "Name": "Saka Titus",
    "Fed": "MAW",
    "Sex": "M",
    "Title": "",
    "WTit": "",
    "OTit": "",
    "Rating": "1716",
    "Gms": "0",
    "K": "40",
    "RatingMonth": "SEP25",
    "B-day": "2005",
    "Flag": "i"
  },
  {
    "ID Number": "20507208",
    "Name": "Saka Vincent",
    "Fed": "MAW",
    "Sex": "M",
    "Title": "",
    "WTit": "",
    "OTit": "",
    "Rating": "1736",
    "Gms": "0",
    "K": "40",
    "RatingMonth": "SEP25",
    "B-day": "1978",
    "Flag": "i"
  },
  {
    "ID Number": "20500262",
    "Name": "Salanjira Innocent",
    "Fed": "MAW",
    "Sex": "M",
    "Title": "",
    "WTit": "",
    "OTit": "",
    "Rating": "1831",
    "Gms": "0",
    "K": "40",
    "RatingMonth": "SEP25",
    "B-day": "1979",
    "Flag": "i"
  },
  {
    "ID Number": "20506694",
    "Name": "Salima Praise",
    "Fed": "MAW",
    "Sex": "M",
    "Title": "",
    "WTit": "",
    "OTit": "",
    "Rating": "1665",
    "Gms": "0",
    "K": "40",
    "RatingMonth": "SEP25",
    "B-day": "2004",
    "Flag": "i"
  },
  {
    "ID Number": "20502192",
    "Name": "Sambo Ebernezer",
    "Fed": "MAW",
    "Sex": "M",
    "Title": "",
    "WTit": "",
    "OTit": "",
    "Rating": "1852",
    "Gms": "0",
    "K": "40",
    "RatingMonth": "SEP25",
    "B-day": "1982",
    "Flag": "i"
  },
  {
    "ID Number": "20503156",
    "Name": "SANGA Yewo",
    "Fed": "MAW",
    "Sex": "M",
    "Title": "",
    "WTit": "",
    "OTit": "",
    "Rating": "1507",
    "Gms": "0",
    "K": "40",
    "RatingMonth": "SEP25",
    "B-day": "2006",
    "Flag": "i"
  },
  {
    "ID Number": "20506627",
    "Name": "Shaba Martin",
    "Fed": "MAW",
    "Sex": "M",
    "Title": "",
    "WTit": "",
    "OTit": "",
    "Rating": "1865",
    "Gms": "0",
    "K": "20",
    "RatingMonth": "SEP25",
    "B-day": "2002",
    "Flag": ""
  },
  {
    "ID Number": "20507623",
    "Name": "Shaba Vitumbiko",
    "Fed": "MAW",
    "Sex": "M",
    "Title": "",
    "WTit": "",
    "OTit": "",
    "Rating": "1758",
    "Gms": "0",
    "K": "40",
    "RatingMonth": "SEP25",
    "B-day": "1993",
    "Flag": "i"
  },
  {
    "ID Number": "20504136",
    "Name": "Shakazulu, Ernesto",
    "Fed": "MAW",
    "Sex": "M",
    "Title": "",
    "WTit": "",
    "OTit": "",
    "Rating": "1666",
    "Gms": "0",
    "K": "20",
    "RatingMonth": "SEP25",
    "B-day": "1989",
    "Flag": ""
  },
  {
    "ID Number": "20500149",
    "Name": "Sharra, Leonard",
    "Fed": "MAW",
    "Sex": "M",
    "Title": "",
    "WTit": "FI",
    "OTit": "",
    "Rating": "1876",
    "Gms": "0",
    "K": "20",
    "RatingMonth": "SEP25",
    "B-day": "1972",
    "Flag": ""
  },
  {
    "ID Number": "20505175",
    "Name": "Shora Castro",
    "Fed": "MAW",
    "Sex": "M",
    "Title": "",
    "WTit": "",
    "OTit": "",
    "Rating": "1780",
    "Gms": "0",
    "K": "40",
    "RatingMonth": "SEP25",
    "B-day": "1996",
    "Flag": "i"
  },
  {
    "ID Number": "20505353",
    "Name": "Shriyan santosh Priyasha",
    "Fed": "MAW",
    "Sex": "F",
    "Title": "",
    "WTit": "",
    "OTit": "",
    "Rating": "1755",
    "Gms": "0",
    "K": "20",
    "RatingMonth": "SEP25",
    "B-day": "2006",
    "Flag": "wi"
  },
  {
    "ID Number": "20502249",
    "Name": "Sikwese Lightwell",
    "Fed": "MAW",
    "Sex": "M",
    "Title": "",
    "WTit": "",
    "OTit": "",
    "Rating": "1758",
    "Gms": "0",
    "K": "40",
    "RatingMonth": "SEP25",
    "B-day": "1997",
    "Flag": "i"
  },
  {
    "ID Number": "20500718",
    "Name": "Simwaba, Anne",
    "Fed": "MAW",
    "Sex": "F",
    "Title": "",
    "WTit": "",
    "OTit": "",
    "Rating": "1553",
    "Gms": "0",
    "K": "20",
    "RatingMonth": "SEP25",
    "B-day": "2005",
    "Flag": "w"
  },
  {
    "ID Number": "20503679",
    "Name": "Siu Davie",
    "Fed": "MAW",
    "Sex": "M",
    "Title": "",
    "WTit": "",
    "OTit": "",
    "Rating": "1763",
    "Gms": "0",
    "K": "40",
    "RatingMonth": "SEP25",
    "B-day": "1982",
    "Flag": "i"
  },
  {
    "ID Number": "20506643",
    "Name": "Soko Joseph",
    "Fed": "MAW",
    "Sex": "M",
    "Title": "",
    "WTit": "",
    "OTit": "",
    "Rating": "1573",
    "Gms": "0",
    "K": "40",
    "RatingMonth": "SEP25",
    "B-day": "1990",
    "Flag": "i"
  },
  {
    "ID Number": "20500548",
    "Name": "Soko Seko",
    "Fed": "MAW",
    "Sex": "M",
    "Title": "",
    "WTit": "",
    "OTit": "",
    "Rating": "1895",
    "Gms": "0",
    "K": "20",
    "RatingMonth": "SEP25",
    "B-day": "1983",
    "Flag": ""
  },
  {
    "ID Number": "20506821",
    "Name": "Songwe Steve",
    "Fed": "MAW",
    "Sex": "M",
    "Title": "",
    "WTit": "",
    "OTit": "",
    "Rating": "1665",
    "Gms": "0",
    "K": "40",
    "RatingMonth": "SEP25",
    "B-day": "2000",
    "Flag": "i"
  },
  {
    "ID Number": "20506775",
    "Name": "Sports Jasper",
    "Fed": "MAW",
    "Sex": "M",
    "Title": "",
    "WTit": "",
    "OTit": "",
    "Rating": "1722",
    "Gms": "0",
    "K": "40",
    "RatingMonth": "SEP25",
    "B-day": "2000",
    "Flag": "i"
  },
  {
    "ID Number": "20508166",
    "Name": "Subili Mathews",
    "Fed": "MAW",
    "Sex": "M",
    "Title": "",
    "WTit": "",
    "OTit": "",
    "Rating": "1783",
    "Gms": "0",
    "K": "40",
    "RatingMonth": "SEP25",
    "B-day": "2004",
    "Flag": "i"
  },
  {
    "ID Number": "20506988",
    "Name": "Tadeyo Charity",
    "Fed": "MAW",
    "Sex": "F",
    "Title": "",
    "WTit": "",
    "OTit": "",
    "Rating": "1488",
    "Gms": "0",
    "K": "20",
    "RatingMonth": "SEP25",
    "B-day": "2002",
    "Flag": "w"
  },
  {
    "ID Number": "20504381",
    "Name": "Tambadzo Felix",
    "Fed": "MAW",
    "Sex": "M",
    "Title": "",
    "WTit": "",
    "OTit": "",
    "Rating": "1860",
    "Gms": "0",
    "K": "40",
    "RatingMonth": "SEP25",
    "B-day": "1992",
    "Flag": "i"
  },
  {
    "ID Number": "20500564",
    "Name": "Tembo Artwell",
    "Fed": "MAW",
    "Sex": "M",
    "Title": "",
    "WTit": "",
    "OTit": "",
    "Rating": "1761",
    "Gms": "0",
    "K": "40",
    "RatingMonth": "SEP25",
    "B-day": "1976",
    "Flag": "i"
  },
  {
    "ID Number": "20506635",
    "Name": "Tembo chimango",
    "Fed": "MAW",
    "Sex": "M",
    "Title": "",
    "WTit": "",
    "OTit": "",
    "Rating": "1579",
    "Gms": "0",
    "K": "40",
    "RatingMonth": "SEP25",
    "B-day": "2004",
    "Flag": "i"
  },
  {
    "ID Number": "20507160",
    "Name": "Tembo Patrick",
    "Fed": "MAW",
    "Sex": "M",
    "Title": "",
    "WTit": "",
    "OTit": "",
    "Rating": "1727",
    "Gms": "0",
    "K": "40",
    "RatingMonth": "SEP25",
    "B-day": "2002",
    "Flag": "i"
  },
  {
    "ID Number": "20507712",
    "Name": "Thawani Willie",
    "Fed": "MAW",
    "Sex": "M",
    "Title": "",
    "WTit": "",
    "OTit": "",
    "Rating": "1695",
    "Gms": "0",
    "K": "40",
    "RatingMonth": "SEP25",
    "B-day": "2002",
    "Flag": "i"
  },
  {
    "ID Number": "20508735",
    "Name": "TIKITA CLAIGH",
    "Fed": "MAW",
    "Sex": "M",
    "Title": "",
    "WTit": "",
    "OTit": "",
    "Rating": "1751",
    "Gms": "0",
    "K": "40",
    "RatingMonth": "SEP25",
    "B-day": "1988",
    "Flag": "i"
  },
  {
    "ID Number": "20506783",
    "Name": "Tikita Cligh",
    "Fed": "MAW",
    "Sex": "M",
    "Title": "",
    "WTit": "",
    "OTit": "",
    "Rating": "1726",
    "Gms": "0",
    "K": "40",
    "RatingMonth": "SEP25",
    "B-day": "1989",
    "Flag": "i"
  },
  {
    "ID Number": "20503628",
    "Name": "Tsanzo Leo",
    "Fed": "MAW",
    "Sex": "M",
    "Title": "",
    "WTit": "",
    "OTit": "",
    "Rating": "1798",
    "Gms": "0",
    "K": "40",
    "RatingMonth": "SEP25",
    "B-day": "1988",
    "Flag": "i"
  },
  {
    "ID Number": "20502168",
    "Name": "Tsanzo Leo",
    "Fed": "MAW",
    "Sex": "M",
    "Title": "",
    "WTit": "",
    "OTit": "",
    "Rating": "1792",
    "Gms": "0",
    "K": "40",
    "RatingMonth": "SEP25",
    "B-day": "1987",
    "Flag": "i"
  },
  {
    "ID Number": "20500360",
    "Name": "Tumpale Mhango",
    "Fed": "MAW",
    "Sex": "F",
    "Title": "",
    "WTit": "",
    "OTit": "",
    "Rating": "1411",
    "Gms": "0",
    "K": "40",
    "RatingMonth": "SEP25",
    "B-day": "1993",
    "Flag": "wi"
  },
  {
    "ID Number": "20502176",
    "Name": "Valeta Charles",
    "Fed": "MAW",
    "Sex": "M",
    "Title": "",
    "WTit": "",
    "OTit": "",
    "Rating": "1793",
    "Gms": "0",
    "K": "40",
    "RatingMonth": "SEP25",
    "B-day": "1980",
    "Flag": "i"
  },
  {
    "ID Number": "20503288",
    "Name": "Waliyala, Rafik",
    "Fed": "MAW",
    "Sex": "M",
    "Title": "",
    "WTit": "",
    "OTit": "",
    "Rating": "1682",
    "Gms": "0",
    "K": "40",
    "RatingMonth": "SEP25",
    "B-day": "2002",
    "Flag": "i"
  },
  {
    "ID Number": "20504101",
    "Name": "Walumbe, Bywell",
    "Fed": "MAW",
    "Sex": "M",
    "Title": "",
    "WTit": "",
    "OTit": "",
    "Rating": "1786",
    "Gms": "0",
    "K": "20",
    "RatingMonth": "SEP25",
    "B-day": "1992",
    "Flag": "i"
  },
  {
    "ID Number": "20507194",
    "Name": "White Chisomo",
    "Fed": "MAW",
    "Sex": "M",
    "Title": "",
    "WTit": "",
    "OTit": "",
    "Rating": "1755",
    "Gms": "0",
    "K": "20",
    "RatingMonth": "SEP25",
    "B-day": "2000",
    "Flag": ""
  },
  {
    "ID Number": "20508182",
    "Name": "Zuze Kondwani",
    "Fed": "MAW",
    "Sex": "M",
    "Title": "",
    "WTit": "",
    "OTit": "",
    "Rating": "1636",
    "Gms": "0",
    "K": "40",
    "RatingMonth": "SEP25",
    "B-day": "2002",
    "Flag": "i"
  }
]