ID Number,Name,Fed,Sex,Title,WTit,OTit,Rating,Gms,K,RatingMonth,B-day,Flag
15012484,"Abazi, Behar",MKD,M,,,,1799,0,20,AUG25,1994,
15007499,"Abdiji, Alit",MKD,M,,,,1871,0,20,AUG25,1975,
15007901,"Abdilamiti, Abdilamit",MKD,M,,,,1869,0,20,AUG25,1962,i
15014061,"Abdurahman, Ahmet Selim",MKD,M,,,,1594,0,40,AUG25,2015,i
15015041,"Achkoski, Petar",MKD,M,,,,1471,0,40,AUG25,2010,i
15020665,"Ademi, Egzon",MKD,M,,,,1627,0,40,AUG25,1991,
15018482,"Adzimitreski, Luka",MKD,M,,,,1536,0,40,AUG25,2010,
15020673,"Agic, Onur",MKD,M,,,,1635,0,40,AUG25,2014,
15010430,"Ahchiev, Borislav",MKD,M,,,,1673,0,20,AUG25,1953,
15012913,"Ahmedi, Eshtref",MKD,M,,,,1480,0,40,AUG25,1950,
15005518,"Ahmedi, Ismail",MKD,M,,,,1850,0,20,AUG25,1969,
15012506,"Ahmeti, Besnik",MKD,M,,,,1772,0,20,AUG25,1972,i
15011020,"Ahmeti, Remzi",MKD,M,,,,1617,0,20,AUG25,1982,i
15019888,"Ajdari, Besnik",MKD,M,,,,2066,0,40,AUG25,2000,
15020690,"Ajdo, Ali",MKD,M,,,,1506,0,40,AUG25,2014,
15006247,"Ajradinoska, Indzi",MKD,F,,,,1785,0,20,AUG25,2006,w
15002713,"Ajrula, Adnan",MKD,M,,,,1846,0,20,AUG25,1961,
15012514,"Ajvazi, Ibrahim",MKD,M,,,,1744,0,20,AUG25,1998,i
15011550,"Akbiyik, Fatih",MKD,M,,,,1756,0,40,AUG25,2010,i
15016870,"Alarova, Lile",MKD,F,,,,1768,0,40,AUG25,1961,wi
15001962,"Aleksovski, Aleksandar",MKD,M,,,,AFM,1827,0,AUG25,1969,
15015971,"Aleksovski, Josip",MKD,M,,,,1618,0,40,AUG25,1980,
15012522,"Alija, Adnan",MKD,M,,,,1981,0,20,AUG25,1964,i
15010716,"Aliji, Besart",MKD,M,,,,1592,0,20,AUG25,2002,i
15012832,"Alili, Ajan",MKD,M,,,,1631,0,40,AUG25,2013,i
15019772,"Aliti, Safet",MKD,M,,,,1868,0,40,AUG25,1966,
15020606,"Aliu, Besir",MKD,M,,,,1466,0,40,AUG25,2009,
15019950,"Aliu, Ridvan",MKD,M,,,,1527,0,40,AUG25,1968,
15009963,"Aljakoski, Aleksandar",MKD,M,,,,1720,0,40,AUG25,1979,
15012921,"Ameti, Besim",MKD,M,,,,1608,0,20,AUG25,1994,i
15010953,"Ameti, Halit",MKD,M,,,,1779,0,20,AUG25,1982,i
15018539,"Andonoski, Andrej",MKD,M,,,,1530,0,40,AUG25,2014,
15020010,"Andonoski, Dino",MKD,M,,,,1539,0,40,AUG25,2012,
15011615,"Andonoski, Marko",MKD,M,,,,1439,0,40,AUG25,2010,i
15013120,"Andonov, Dushko",MKD,M,,,,1686,0,20,AUG25,1986,
15014991,"Andonov, Ivan",MKD,M,,,,1554,0,20,AUG25,2003,i
15015009,"Andonov, Jane",MKD,M,,,,1656,0,40,AUG25,2008,i
15007235,"Andonov, Kiril",MKD,M,,,,1879,0,20,AUG25,2002,
15012999,"Andonov, Mitko",MKD,M,,,,1540,0,40,AUG25,1979,
15018261,"Andonov, Slobodan",MKD,M,,,,1702,0,20,AUG25,1983,
15000966,"Andonov, Todor",MKD,M,,,,1916,0,20,AUG25,1959,
15014525,"Andonovski, Dragan",MKD,M,,,,1543,0,20,AUG25,1958,i
15000427,"Andonovski, Ljubisa",MKD,M,FM,,,2177,0,20,AUG25,1960,
15017354,"Andonovski, Vojdan",MKD,M,,,,1534,0,40,AUG25,2010,i
15001857,"Andreeski, Daniel",MKD,M,,,,AIM,2067,0,AUG25,1983,i
15007413,"Anevski, Vladimir",MKD,M,,,,1474,0,20,AUG25,1978,i
15015050,"Angelov, Done",MKD,M,,,,1689,0,20,AUG25,2006,
15021106,"Angelov, Dragi",MKD,M,,,,1765,0,40,AUG25,1966,
15004414,"Angjelkoska, Jana",MKD,F,,,,1752,0,20,AUG25,2003,w
15002390,"Angjelkoski, Metodija",MKD,M,,,,1848,0,20,AUG25,1975,
15003523,"Angjelovski, Daniel",MKD,M,,,,1950,0,20,AUG25,1979,
15014002,"Angjelovski, Luka",MKD,M,,,,1554,0,40,AUG25,2010,
15016617,"Angjelovski, Zharko",MKD,M,,,,1612,0,40,AUG25,1981,i
15013499,"Apostoloski, Dino",MKD,M,,,,1816,0,40,AUG25,2005,
15004384,"Apostolov, Aleksandar",MKD,M,,,,1776,0,20,AUG25,1976,i
15005526,"Arslanovic, Edin",MKD,M,,,,1776,0,20,AUG25,1974,
15010597,"Arsllani, Zuri",MKD,M,,NA,,1609,0,20,AUG25,1979,i
15008967,"Arsov, Filip",MKD,M,,,,1752,0,20,AUG25,2002,i
15006417,"Arsovski, Kristijan",MKD,M,,,,1580,0,20,AUG25,1986,i
15006166,"Ashimoski, Dejan",MKD,M,,,,1535,0,20,AUG25,2000,i
15004759,"Aslani, Emrush",MKD,M,,,,2000,0,20,AUG25,1978,
15011054,"Asllani, Rahim",MKD,M,,,,1791,0,20,AUG25,1987,
15015610,"Atalko, Berat",MKD,M,,,,1586,0,40,AUG25,2012,
15004155,"Atanasov, Aco",MKD,M,,,,2005,0,20,AUG25,1958,
15008657,"Atanasov, Antonio",MKD,M,,,,1662,0,20,AUG25,1998,i
15016510,"Atanasov, David",MKD,M,,,,1546,0,40,AUG25,2008,i
15019390,"Atanasov, Jane",MKD,M,,,,1757,0,40,AUG25,1954,
15002632,"Atanasov, K.Sande",MKD,M,,,,1807,0,20,AUG25,1959,i
15008665,"Atanasov, Martin",MKD,M,,,,1596,0,20,AUG25,2002,i
15001539,"Atanasov, Sande",MKD,M,,,,1874,0,20,AUG25,1959,
15016501,"Atanasov, Trajche",MKD,M,,,,1691,0,20,AUG25,1975,
15002721,"Atanasovski, Blazhe",MKD,M,,,,1839,0,20,AUG25,1960,i
15019900,"Atanasovski, David",MKD,M,,,,1540,0,40,AUG25,2015,
15016218,"Atanasovski, Ivan",MKD,M,,,,1469,0,40,AUG25,2009,
15005089,Avdii Agron,MKD,M,,,,1848,0,20,AUG25,1978,i
15009696,"Avduli, Lulzim",MKD,M,,,,1674,0,20,AUG25,1985,i
15016099,"Avramoski, Aleksandar",MKD,M,,,,1463,0,40,AUG25,2011,
15016056,"Azizi, Abdulaziz",MKD,M,,,,1852,0,40,AUG25,1971,
15017788,"Badarovski, Damjan",MKD,M,,,,1611,0,40,AUG25,2000,i
15001024,"Balov, Darko",MKD,M,,,,2053,7,20,AUG25,1977,
15017745,"Bashic, Branislav",MKD,M,,,,1630,0,20,AUG25,1954,
15004163,"Batkoski, Igor",MKD,M,,,,1706,0,20,AUG25,1974,
15002780,"Batkoski, Nenad",MKD,M,,,,1874,7,20,AUG25,1958,
15004970,"Bayrami, Uzeir",MKD,M,,,,1885,0,20,AUG25,1954,
15016374,"Bebekovski, Mario",MKD,M,,,,1431,0,40,AUG25,2008,
15009700,"Bekteshi, Zubi",MKD,M,,,,1582,0,20,AUG25,1985,i
15004988,Berovic Hivzo,MKD,M,,,,1838,0,20,AUG25,1968,i
15004589,Bilinski Nikola,MKD,M,,,,1748,0,20,AUG25,1984,i
15006182,"Bislimov, Agim",MKD,M,,,,1555,0,20,AUG25,1993,i
15008398,"Bitolkoski, Hristijan",MKD,M,,,,1528,0,20,AUG25,1997,
15011534,"Blazevski, Damjan",MKD,M,,,,1746,0,20,AUG25,1996,i
15020282,"Blazheski, Zoran",MKD,M,,,,1563,0,40,AUG25,1958,
15017583,"Blazhevski, Slaven",MKD,M,,,,1537,0,40,AUG25,2011,i
15005470,"Bogdanovski, Petar",MKD,M,,,,1801,0,20,AUG25,1980,
15000206,"Bogdanovski, Vlatko",MKD,M,GM,FT,,2359,0,10,AUG25,1964,i
15006549,"Bogoevska, Anastasija",MKD,F,,,,1500,0,20,AUG25,2004,wi
15000435,"Bogoevski, Jani",MKD,M,FM,,,2132,0,20,AUG25,1960,
15004457,Bogukjanin Mirza,MKD,M,,,,2044,0,20,AUG25,1984,i
15014088,"Bojadjiev, Boris",MKD,M,,,,1730,0,20,AUG25,1950,
15019080,"Bojadjiev, Kostantin",MKD,M,,,,1514,0,40,AUG25,1982,
15010635,"Bojkovski, Matej",MKD,M,,,,1764,0,40,AUG25,2006,i
15005976,"Boneski, Nikola",MKD,M,,,,1609,0,20,AUG25,2005,i
15005968,"Boneski,Aleksandar",MKD,M,,,,1530,0,20,AUG25,2004,i
15008860,"Boshkovski, Nikola",MKD,M,,,,1901,0,40,AUG25,2007,i
15005534,"Bozhinoski,Mile",MKD,M,,,,1525,0,40,AUG25,2007,i
15017346,"Bozhinovski, Andrej",MKD,M,,,,1628,0,40,AUG25,2011,
15011909,"Bozhinovski, Miloe",MKD,M,,,,1808,0,20,AUG25,1962,
15009718,"Braimi, Erdin",MKD,M,,,,1768,0,20,AUG25,1987,
15017036,"Brajanovski, Nikola",MKD,M,,,,1629,0,40,AUG25,1983,i
15001164,"Brankovic, Dusan",MKD,M,,,,2091,0,20,AUG25,1946,i
15007480,"Brezovska Ristovska, Vera",MKD,F,,,,1473,0,20,AUG25,1951,wi
15001377,"Brzovski, Tomica",MKD,M,,,,1826,0,20,AUG25,1962,
15000907,"Bujukliev, Nikola",MKD,M,,,,1985,0,20,AUG25,1969,i
15005666,"Bukovski,Aleksandar",MKD,M,,,,1971,0,20,AUG25,1984,i
15005593,"Bukovski,Mile",MKD,M,,,,1912,0,20,AUG25,1954,i
15014037,"Burns, Elisaveta",MKD,F,,,,1723,0,40,AUG25,2011,w
15017087,"Burns, Joshua Benjamin",MKD,M,,,,1465,0,40,AUG25,2017,
15014533,"Burns, Kayla",MKD,F,,,,1509,0,40,AUG25,2013,w
15013820,"Burns, Michael",MKD,M,,,,2047,0,40,AUG25,2009,
15003825,"Buzharovski, Vlatko",MKD,M,,,,1783,0,20,AUG25,1967,
15002799,"Cakonchev, Hristijan",MKD,M,,,,1900,0,20,AUG25,1998,
15004945,"Capeski, Ivan",MKD,M,,,,1676,0,20,AUG25,2006,i
15005801,"Caro,Mimin",MKD,M,,,,1629,0,20,AUG25,2003,i
15016170,"Ceka, Abdullah",MKD,M,,,,1567,0,40,AUG25,2007,i
15017869,"Cekovski, Rade",MKD,M,,,,1558,0,40,AUG25,1993,i
15006972,"Celeski, Nikola",MKD,M,,,,1597,0,40,AUG25,2005,i
15007570,"Changovski, Petar",MKD,M,,,,1487,0,40,AUG25,2005,i
15019020,"Chapanova, Jovana",MKD,F,,,,1577,0,40,AUG25,2012,w
15013448,"Chavdarovski, Ilija",MKD,M,,,,1521,0,40,AUG25,1978,
15019403,"Chochkovski, Viktor",MKD,M,,,,1690,0,40,AUG25,1993,
15004996,Cholovic Hakija,MKD,M,,,,1981,0,20,AUG25,1964,i
15020363,"Choneski, Mihail",MKD,M,,,,1499,0,40,AUG25,2011,
15000400,"Cokreva, Gordana",MKD,F,,,,1872,0,20,AUG25,1988,wi
15007260,"Colak, Shain",MKD,M,,,,1524,0,40,AUG25,2008,i
15000729,"Colovic, Aleksandar",MKD,M,GM,,,2395,0,10,AUG25,1976,i
15016935,"Cvetanovska, Andrea",MKD,F,,,,1457,0,40,AUG25,2015,wi
15008681,"Cvetanovski, Filip",MKD,M,,,,1597,0,20,AUG25,1999,i
15019993,"Cvetkoski, Vlado",MKD,M,,,,1474,0,40,AUG25,1963,
15010899,"Cvetkov, Kiril",MKD,M,,,,1618,0,20,AUG25,2000,i
15007332,"Cvetkovski, Filip",MKD,M,,,,1504,0,40,AUG25,2007,i
15005259,"Cvetkovski, Gjorgji",MKD,M,,,,1608,0,40,AUG25,2008,i
15020002,"Cvetkovski, Petar",MKD,M,,,,1452,0,40,AUG25,2016,
15001202,"Cvetkovski, Slobodan",MKD,M,,,,1785,0,20,AUG25,1959,
15004465,"Cvetkovski, Zdravko",MKD,M,,,,1744,0,20,AUG25,1980,i
15013170,"Dachev, Slobodan",MKD,M,,,,1849,0,20,AUG25,1965,
15001920,"Damceski, Marjan",MKD,M,,,,1948,0,20,AUG25,1982,
15016390,"Dameska, Maja",MKD,F,,,,1613,0,40,AUG25,2013,w
15007146,"Dameski, Blagoja",MKD,M,,,,1851,0,20,AUG25,1944,i
15013502,"Dameski, Vasko",MKD,M,,,,1858,0,20,AUG25,1974,
15004708,Danchevski Gorast,MKD,M,,,,1737,0,20,AUG25,2001,i
15000311,"Danchevski, Orce",MKD,M,IM,,,2279,0,10,AUG25,1970,i
15008363,"Daralijovski, Tode",MKD,M,,,,1599,0,20,AUG25,1957,i
15017559,"Davidovikj, Ognen",MKD,M,,,,1476,0,40,AUG25,2010,i
15006069,"Davitkova, Jovana",MKD,F,,,,1651,0,40,AUG25,2008,w
15016633,"Davitkovski, Rade",MKD,M,,,,1730,0,40,AUG25,1951,i
15015963,"Dejanovski, Oliver",MKD,M,,NA,,1489,0,40,AUG25,1973,
15013138,"Delev, Slobodan",MKD,M,,,,1588,0,40,AUG25,1962,
15003299,"Dema, Drilon",MKD,M,,,,1860,0,20,AUG25,1993,i
15001580,"Dema, Ramiz",MKD,M,,,,1959,0,20,AUG25,1962,
15007936,"Denjali, Shenazi",MKD,M,,,,1890,0,20,AUG25,1975,i
15014819,"Denkovska, Dafina",MKD,F,,,,1421,0,40,AUG25,2013,wi
15012425,"Denkovski, David",MKD,M,,,,1488,0,40,AUG25,2009,i
15020991,"Derkoski, Zlatko",MKD,M,,,,1826,0,40,AUG25,1983,
15018083,"Dermendjiev, Aleksej",MKD,M,,,,1466,0,40,AUG25,2004,i
15016145,"Dervishi, Leard",MKD,M,,,,1555,0,40,AUG25,2010,i
15016803,"Dervishi, Rian",MKD,M,,,,1528,0,40,AUG25,2009,i
15014010,"Despotovski, Viktor",MKD,M,,,,1435,0,40,AUG25,2010,
15004775,Dimitrijevic Blagoja,MKD,M,,,,1927,0,20,AUG25,1956,i
15000869,"Dimitrovski, Josip",MKD,M,,,,2143,0,20,AUG25,1961,
15003973,"Dimkovski, Stojancho",MKD,M,,,,2131,0,20,AUG25,1997,
15001288,"Dimov, Daniel",MKD,M,,,,1927,0,20,AUG25,1983,i
15013189,"Dimov, Petar",MKD,M,,,,1847,0,20,AUG25,1976,
15002730,"Dimov, Trajce",MKD,M,,,,1803,0,20,AUG25,1981,i
15005364,"Dimov,Lazo",MKD,M,,,,1986,0,20,AUG25,1950,i
15008592,"Dimovski, Blagoj",MKD,M,,,,1597,0,20,AUG25,1997,i
15000095,"Dinev, Dejan",MKD,M,FM,,,2218,0,10,AUG25,1969,
15011259,"Divanisov, Matej",MKD,M,,,,1602,0,40,AUG25,2014,
15017460,"Dodevski, Milan",MKD,M,,,,1487,0,40,AUG25,2010,
15006611,"Dodovski, Jakov",MKD,M,,,,1492,0,40,AUG25,2005,i
15009076,"Dojchinov, Dimitar",MKD,M,,,,1844,0,20,AUG25,1997,i
15017184,"Dojchinovski, Nikola",MKD,M,,,,1503,0,40,AUG25,2010,
15010643,"Doko, Ahmedan",MKD,M,,,,1852,0,20,AUG25,1960,i
15017974,"Dolgoski, David",MKD,M,,,,1437,0,40,AUG25,2013,
15017931,"Donev, Metodi",MKD,M,,,,1664,0,40,AUG25,2006,i
15014800,"Donevski, Andrej",MKD,M,,,,1404,0,40,AUG25,2009,i
15017524,"Drangovski, Boris",MKD,M,,,,1435,0,40,AUG25,2015,
15007103,"Drmac, Stefan",MKD,M,,,,1557,0,20,AUG25,2004,i
15019624,"Drobarov, Aleksandar",MKD,M,,,,1573,0,40,AUG25,1979,
15019632,"Drobarov, Nace",MKD,M,,,,1542,0,40,AUG25,1969,
15020045,"Drobniji, Zahar",MKD,M,,,,1427,0,40,AUG25,2014,
15002012,"Drpljanin, Elmaz",MKD,M,,,,2063,0,20,AUG25,1959,i
15019063,"Dukoski, David",MKD,M,,,,1447,0,40,AUG25,2003,
15013146,"Dumalovski, Nikola",MKD,M,,,,1741,0,20,AUG25,1979,
15014711,"Durlov, Kristijan",MKD,M,,,,1656,0,20,AUG25,1994,
15020894,"Dushkov, Nikola",MKD,M,,,,1687,0,40,AUG25,1999,
1126377,"Dutka, Justyna",MKD,F,,,,1895,0,20,AUG25,1987,w
15004074,"Dzika, Zoran",MKD,M,,,,1837,0,20,AUG25,1968,i
15004902,"Eftovska, Lea",MKD,F,,,,1865,0,20,AUG25,2003,w
15004910,"Eftovski, Mateo",MKD,M,,,,2100,0,20,AUG25,2003,
15004732,"Eftovski, Sashko",MKD,M,,,,2068,7,20,AUG25,1968,
15011046,"Elezi, Florim",MKD,M,,,,1742,0,20,AUG25,1979,i
15012956,"Elmazi, Naser",MKD,M,,,,1680,0,20,AUG25,1987,i
15018903,"Emini, Endrit",MKD,M,,,,1641,0,40,AUG25,2004,
15019730,"Esati, Jeton",MKD,M,,,,1812,0,40,AUG25,1988,
15008045,"Etemi, Muharrem",MKD,M,,,,1780,0,20,AUG25,1960,
15006999,"Farmakoski, Georg",MKD,M,,,,1634,0,40,AUG25,2007,i
15004791,"Fazlija, Seljajdin",MKD,M,,,,1962,0,20,AUG25,1968,i
15019896,"Fejzula, Eren",MKD,M,,,,1534,0,40,AUG25,2008,
15015440,"Fejzullahu, Jon",MKD,M,,,,1527,0,40,AUG25,2014,
15011062,"Ferati, Xhelal",MKD,M,,,,1805,0,20,AUG25,1968,
15009084,"Fetaji, Meli",MKD,M,,,,1564,0,20,AUG25,2000,i
15021009,"Fidanoski, Josif",MKD,M,,,,1543,0,40,AUG25,1959,
15014576,"Filipche, Sofija",MKD,F,,,,1454,0,40,AUG25,2013,w
15004627,Fotevski Risto,MKD,M,,,,1899,0,20,AUG25,1956,i
15002802,"Gaberov, Toshe",MKD,M,,,,1701,0,20,AUG25,1954,i
15011348,"Gacev, Goce",MKD,M,,,,1927,0,20,AUG25,1965,i
15019799,"Gafuri, Kjenan",MKD,M,,,,1817,0,40,AUG25,1978,
15014070,"Gagachev, Dimitar",MKD,M,,,,1402,0,40,AUG25,2007,i
15011143,"Gajdarovski, Stefan",MKD,M,,,,1603,0,40,AUG25,1986,i
15005330,"Galeski, Andrej",MKD,M,,,,1517,0,20,AUG25,2004,i
15003337,"Galeski, Gosho",MKD,M,,,,1694,0,20,AUG25,2002,i
15016293,"Galevski, Andrej",MKD,M,,,,1410,0,40,AUG25,2010,i
15013057,"Galovska, Magdalena",MKD,F,,,,1511,0,20,AUG25,2004,wi
15009211,"Ganiu, Ismail",MKD,M,,,,1819,0,20,AUG25,1947,i
15016064,"Gavranche, Kiril",MKD,M,,,,1447,0,20,AUG25,1970,
15002357,"Gavrilov, Igor",MKD,M,,,,AIM,1912,0,AUG25,1986,i
15002420,"Gecovski, Goce",MKD,M,,,,1973,0,20,AUG25,1965,
2903024,"Georgiev, Vladimir",MKD,M,GM,FST,,2535,0,10,AUG25,1975,i
15012662,"Georgievski, David",MKD,M,,,,1527,0,40,AUG25,2005,i
15000532,"Georgievski, Vanco",MKD,M,FM,,,2149,0,20,AUG25,1947,i
15018296,"Gerovski, Vladimir",MKD,M,,,,1794,0,20,AUG25,1949,
15011810,"Gigovski, Mihail",MKD,M,,,,1444,0,40,AUG25,2015,
15014835,"Gilev, Martin",MKD,M,,,,1576,0,40,AUG25,2005,i
15015130,"Gjakovski, Marko",MKD,M,,,,1789,0,40,AUG25,2008,
15002748,"Gjeorgjievski, Done",MKD,M,,,,1848,0,20,AUG25,1997,i
15019217,"Gjorgiev, Darko",MKD,M,,,,1442,0,40,AUG25,2009,
15011925,"Gjorgiev, Luka",MKD,M,,,,1606,0,40,AUG25,2010,i
15005178,Gjorgjevikj Nebojsha,MKD,M,,,,1702,0,20,AUG25,1988,i
15003663,"Gjorgjevski, Aleksandar",MKD,M,,,,1735,0,20,AUG25,2000,i
15014959,"Gjorgjevski, Andrej",MKD,M,,,,1708,0,20,AUG25,1996,i
15001644,"Gjorgjevski, Janco",MKD,M,,NA,,1800,9,20,AUG25,1963,
15006174,"Gjorgjevski, Mosha",MKD,M,,,,1662,0,20,AUG25,1970,
15015149,"Gjorgjieska, Simona",MKD,F,,,,1486,0,40,AUG25,2011,w
15013812,"Gjorgjieska, Teodora",MKD,F,,,,1555,0,40,AUG25,2009,w
15001229,"Gjorgjieski, Dejan",MKD,M,,,,2163,0,20,AUG25,1975,
15001989,"Gjorgjiev, Goce",MKD,M,,,,2097,0,20,AUG25,1979,
15019276,"Gjorgjievski, A David",MKD,M,,,,1473,0,40,AUG25,2011,
15013758,"Gjorgjievski, David",MKD,M,,,,1566,0,40,AUG25,2008,i
15005607,"Gjorgjievski, Nikolche",MKD,M,,,,1858,0,20,AUG25,1970,
15000389,"Gjorgjievski, Stevco",MKD,M,,,,2080,0,20,AUG25,1956,
15020070,"Gjorgjioski, Hristijan",MKD,M,,,,1625,0,40,AUG25,2002,
15003531,"Gjorshev, Ljupcho",MKD,M,,,,1908,0,20,AUG25,1956,
15009122,"Gjorshevski, Dimche",MKD,M,,,,1716,0,20,AUG25,1987,i
15009025,"Gjunej, Ljulzim",MKD,M,,,,1721,0,20,AUG25,1969,i
15013847,"Glavinac, Darijan",MKD,M,,,,1747,7,40,AUG25,2007,
15001881,"Glavinac, Goran",MKD,M,,,,2024,7,20,AUG25,1975,
15018652,"Gligorov, Dimitar",MKD,M,,,,1939,0,40,AUG25,1990,
15004570,"Gligurovski, Aleksandar",MKD,M,,,,1909,0,20,AUG25,1986,
15016471,"Gocev, Martin",MKD,M,,,,1573,0,40,AUG25,2014,i
15003043,"Golubovic, Tomislav",MKD,M,,,,1756,7,20,AUG25,1960,
15019667,"Gonev, Ljame",MKD,M,,,,1764,0,40,AUG25,1970,
15002250,"Gotovusa, Goran",MKD,M,,,,2049,0,20,AUG25,1986,
15019675,"Gramatikov, Miki",MKD,M,,,,1595,0,40,AUG25,1983,
15012859,"Grashkoski, Leonid",MKD,M,,NA,,1633,0,20,AUG25,2004,
15009947,"Grashkoski, Luka",MKD,M,,,,1588,0,20,AUG25,2002,i
15008568,"Gruevski, Damjan",MKD,M,,,,1477,0,20,AUG25,2002,i
15011933,"Gulaboski, Oliver",MKD,M,,,,1625,0,20,AUG25,1977,i
15017079,"Gulaboski, Stefan",MKD,M,,,,1488,0,40,AUG25,2001,i
15000443,"Hadzi - Manev, Ljubomir",MKD,M,FM,NA,,1913,0,20,AUG25,1944,
15013413,"Hadzinikolov, Risto",MKD,M,,,,1595,0,40,AUG25,1980,
15018024,"Hajrullai, Korab",MKD,M,,,,1601,0,40,AUG25,2011,
15019853,"Hajrullai, Mal",MKD,M,,,,1530,0,40,AUG25,2005,
15005577,"Haliti, Fadil",MKD,M,,,,1877,0,20,AUG25,1958,i
15018911,"Haliti, Fitim",MKD,M,,,,1700,0,40,AUG25,1990,
15018920,"Haliti, Jeton",MKD,M,,,,1718,0,40,AUG25,1989,
15015165,"Hristoski, Darin",MKD,M,,,,1476,0,40,AUG25,2010,i
15008495,"Hristovski, Marjan",MKD,M,,,,1855,0,20,AUG25,2004,
15001148,"Hristovski, Srdzan",MKD,M,,,,2143,0,20,AUG25,1960,i
15003990,"Hristovski, Trajche",MKD,M,,,,1792,0,20,AUG25,1951,
15019349,"Husejini, Furkan",MKD,M,,,,1431,0,40,AUG25,2017,
15012808,"Husejini, Sundus",MKD,F,,,,1572,0,40,AUG25,2013,wi
15005097,Ibrahimi Haqim,MKD,M,,,,1574,0,20,AUG25,1955,i
15009238,"Ibrahimi, Abdulkader",MKD,M,,,,1902,0,20,AUG25,1961,i
15008061,"Ibrahimi, Besnik",MKD,M,,NA,,1808,0,20,AUG25,1981,
15007944,"Ibrahimi, Reshat",MKD,M,,,,1873,0,20,AUG25,1966,i
15007952,"Ibrahimi, Suejd",MKD,M,,,,1871,0,20,AUG25,1987,i
15017966,"Ibraimi, Asmir",MKD,M,,,,1488,0,40,AUG25,2001,
15005003,"Ibraimi, Ibrahim",MKD,M,,,,1861,0,20,AUG25,1954,i
15016161,"Ibraimov, Efe",MKD,M,,,,1874,0,40,AUG25,2008,
15012352,"Idrizi, Andrin",MKD,M,,,,1613,0,20,AUG25,2006,
15019870,"Idrizi, Fis",MKD,M,,,,1505,0,40,AUG25,2005,
15012948,"Idrizi, Hamdi",MKD,M,,,,1820,0,20,AUG25,1969,
15008436,"Idrizi, Naser",MKD,M,,,,1780,0,20,AUG25,1959,i
15008240,"Ilazi, Mirsat",MKD,M,,,,1672,0,20,AUG25,1983,i
15000540,"Ilic, Ljubomir",MKD,M,FM,,,2101,0,20,AUG25,1956,
15001520,"Ilic, Mihajlo",MKD,M,,,,2061,0,20,AUG25,1955,i
15001350,"Ilic, Zoran",MKD,M,FM,FA,,2212,0,20,AUG25,1963,i
15008339,"Ilieska, Elena",MKD,F,,,,1498,0,20,AUG25,2000,wi
15002640,"Iliev, Dusko",MKD,M,,,,1680,0,40,AUG25,0,
15000591,"Ilievski, Borce",MKD,M,,,,1931,0,20,AUG25,1935,i
15016072,"Ilievski, Branko",MKD,M,,,,1641,0,40,AUG25,1987,i
15000346,"Ilievski, Dimitar",MKD,M,IM,,,2203,0,20,AUG25,1941,i
15017621,"Ilievski, Elisej",MKD,M,,,,1549,0,40,AUG25,2011,i
15011950,"Ilievski, Filip",MKD,M,,,,1642,0,40,AUG25,2005,i
15014797,"Ilioski, Hristijan",MKD,M,,,,1476,0,20,AUG25,2003,i
15017982,"Iljazi, Adnan",MKD,M,,,,1510,0,20,AUG25,1998,
15014541,"Ilkoski, Dimitar",MKD,M,,,,1745,0,40,AUG25,2012,i
15010740,"Iloski, Ilija",MKD,M,,,,1556,0,20,AUG25,1983,i
15008088,"Imeri, Adnan",MKD,M,,,,1614,0,20,AUG25,1968,i
15015890,"Imeri, Arberon",MKD,M,,,,1446,0,40,AUG25,2015,
15018474,"Imeri, Drin",MKD,M,,,,1499,0,40,AUG25,2011,
15010767,"Imeri, Imer",MKD,M,,,,1653,0,20,AUG25,2003,i
15018946,"Imeri, Meriton",MKD,M,,,,1794,0,40,AUG25,1987,
15002934,"Imeri, Nazmidin",MKD,M,,,,1929,0,20,AUG25,1965,i
15016188,"Imerov, Sali",MKD,M,,,,1847,0,20,AUG25,1983,
15012549,"Imerov, Sejfi",MKD,M,,,,1746,0,20,AUG25,1995,
15009246,"Iseni, Avdi",MKD,M,,,,1642,0,20,AUG25,1965,i
15021050,"Iseni, Enes",MKD,M,,,,1453,0,40,AUG25,2015,
15019357,"Iseni, Selver",MKD,M,,,,1760,0,20,AUG25,2001,
15010996,"Iseni, Shpat",MKD,M,,,,1627,0,20,AUG25,1997,
15016196,"Islami, Kujtim",MKD,M,,,,1566,0,40,AUG25,1994,i
15005941,"Ismaili, Admirim",MKD,M,,,,1813,0,20,AUG25,2004,i
15009254,"Ismaili, Asip",MKD,M,,,,1844,0,20,AUG25,1958,
15002659,"Ismaili, Vahidin",MKD,M,,FA,,AFM,1928,0,AUG25,1974,
15003647,"Ismani, Dehar",MKD,M,,,,1860,0,20,AUG25,1964,i
15009742,"Ismani, Malik",MKD,M,,,,1652,0,20,AUG25,1958,i
15019748,"Ismani, Tair",MKD,M,,,,1571,0,40,AUG25,1958,
15009262,"Isufi, Rahman",MKD,M,,,,1768,0,20,AUG25,1967,i
2934310,"Ivanov, Andrey",MKD,M,,,,1898,0,40,AUG25,2010,
15015939,"Ivanov, Bojan",MKD,M,,,,1739,0,40,AUG25,2000,i
15019942,"Ivanov, Gorazd",MKD,M,,,,1417,0,40,AUG25,2005,
2949938,"Ivanov, Vasil A",MKD,M,,,,1439,0,40,AUG25,2016,
15016668,"Ivanovski, Blazhe",MKD,M,,,,1771,0,40,AUG25,1979,i
15015882,"Ivanovski, Ferco",MKD,M,,,,1567,0,20,AUG25,1962,
15014770,"Ivanovski, Ivan",MKD,M,,,,1647,0,20,AUG25,2002,i
15021041,"Ivanovski, Ivica",MKD,M,,,,1674,0,40,AUG25,1968,
15015211,"Ivanovski, Jovan",MKD,M,,,,1564,0,40,AUG25,2009,
15004805,"Ivanovski, Miroslav",MKD,M,,,,1765,0,20,AUG25,1948,
15015866,"Ivanovski, Sande",MKD,M,,,,1479,0,20,AUG25,1949,
15020339,"Izeroski, Faton",MKD,M,,,,1637,0,40,AUG25,1993,
15002942,"Izeti, Zekirija",MKD,M,,,,1868,0,20,AUG25,1956,
15005615,"Jachev,Kire",MKD,M,,,,1779,0,20,AUG25,1960,i
15000214,"Jacimovic, Dragoljub",MKD,M,GM,DI,,2336,0,10,AUG25,1964,
15011267,"Jakimov, Dragi",MKD,M,,,,1674,16,40,AUG25,2009,
15010791,"Jakimova, Bonita",MKD,F,,,,1494,0,40,AUG25,2007,w
15014614,"Jakimovski, Dimitar",MKD,M,,,,1518,0,40,AUG25,2007,i
15012891,"Jakimovski, Sreten",MKD,M,,,,1570,0,20,AUG25,1986,i
15017893,"Jakopetrevski, Stefan",MKD,M,,,,1627,0,40,AUG25,2010,
15012930,"Jakupi, Premtim",MKD,M,,,,1619,0,20,AUG25,2000,
937320,"Jancev, Valentin",MKD,M,,,,1782,0,20,AUG25,1973,
15014649,"Jancheski, Metodija",MKD,M,,,,1656,0,20,AUG25,1965,i
15005135,"Janeski, Leon",MKD,M,,,,1576,0,40,AUG25,2005,i
15007383,"Janevski, Boris",MKD,M,,,,1765,7,20,AUG25,1960,
15009440,"Janevski, Matej",MKD,M,,,,1643,0,40,AUG25,2006,
15010457,"Janevski, Nikola",MKD,M,,,,1619,0,40,AUG25,2011,i
15011968,"Janinski, Kiril",MKD,M,,,,1609,0,20,AUG25,1992,i
15000931,"Jankov, Dejan",MKD,M,,,,2063,0,20,AUG25,1969,i
15002101,"Jankov, Saso",MKD,M,,,,1933,7,20,AUG25,1972,
15004007,"Jankuloski, Mitko",MKD,M,,,,1693,0,20,AUG25,1981,i
15011208,"Jankulovski, Dusan",MKD,M,,,,1758,0,20,AUG25,1975,i
15021084,"jashari, besmir",MKD,M,,,,1642,0,40,AUG25,1986,
15012905,"Jashari, Hamza",MKD,M,,,,1812,0,20,AUG25,1999,i
15008223,"Jashari, Harun",MKD,M,,,,1930,0,20,AUG25,1959,i
15008096,"Jashari, Lirim",MKD,M,,,,1830,0,20,AUG25,1991,
15005585,"Jashari, Nasir",MKD,M,,,,1851,0,20,AUG25,1964,
15001865,"Jazadzievski, Miodrag",MKD,M,,,,2098,0,20,AUG25,1971,
15010880,"Jevtimov, Aleksandar",MKD,M,,,,1575,0,20,AUG25,1987,
15011984,"Jolevski, Aleksandar",MKD,M,,,,1632,0,20,AUG25,1976,i
15013073,"Jolevski, Ivan",MKD,M,,,,1549,0,20,AUG25,1963,
15010570,"Jonuzi, Arlind",MKD,M,,,,1860,0,20,AUG25,1990,
15004481,Jordanov Nikola,MKD,M,,,,1736,0,20,AUG25,2003,i
15011666,"Jordanov, Darko",MKD,M,,,,1650,0,20,AUG25,1991,
15015912,"Jordanov, Donche",MKD,M,,,,1903,0,40,AUG25,1948,i
15004473,"Jordanov, Mihail",MKD,M,,,,2085,0,20,AUG25,2004,
15003671,"Jordanovski, Goce",MKD,M,,,,1817,0,20,AUG25,1956,
15018148,"Jordanovski, Kristijan",MKD,M,,,,1784,0,40,AUG25,2013,
15009530,"Josevski, Konstantin",MKD,M,,,,1635,0,40,AUG25,2011,
15013367,"Joshevski, Stefan",MKD,M,,,,1649,0,20,AUG25,1997,i
15013197,"Jovandzikov, Boris",MKD,M,,,,1816,0,20,AUG25,1952,
15009068,"Jovanoski, Aleksandar",MKD,M,,,,1573,0,20,AUG25,2003,i
15002438,"Jovanoski, Gjorgji",MKD,M,,,,1833,0,20,AUG25,1978,i
15007472,"Jovanoski, Goran",MKD,M,,,,1815,0,20,AUG25,1977,i
15016358,"Jovanoski, Mihail",MKD,M,,,,1545,0,40,AUG25,2010,
15000737,"Jovanoski, Vasko",MKD,M,,,,2026,0,20,AUG25,1956,i
15009548,"Jovanovska, Tamara",MKD,F,,,,1590,0,40,AUG25,2009,wi
15014924,"Jovanovski, Andrej",MKD,M,,,,1495,0,40,AUG25,2006,i
15019683,"Jovanovski, Damjan",MKD,M,,,,1670,0,40,AUG25,2008,
15018555,"Jovanovski, Davor",MKD,M,,,,1620,0,40,AUG25,1987,i
15018202,"Jovanovski, Jovan",MKD,M,,,,1530,0,40,AUG25,2017,
15006409,"Jovanovski, Matej",MKD,M,,,,1669,0,40,AUG25,2006,i
15008266,"Jovanovski, Teodor",MKD,M,,,,2030,0,20,AUG25,2005,
15017940,"Jovanovski, Vlado",MKD,M,,,,1763,0,20,AUG25,1968,
15006344,"Jovanovski, Zoran",MKD,M,,,,1849,0,20,AUG25,1956,
15008274,"Jovanovski, Zoran B",MKD,M,,,,AFM,1721,0,AUG25,1986,
15003680,"Jovchev, Riste",MKD,M,,,,1918,0,20,AUG25,2000,i
15019071,"Joveski, Vasko",MKD,M,,,,1500,0,40,AUG25,1994,
15018830,"Jusufi, Ermal",MKD,M,,,,1634,0,40,AUG25,2005,i
15014231,"Kaba, Fatjon",MKD,M,,,,1681,0,20,AUG25,2002,i
15000052,"Kachakovski, Dimitar",MKD,M,FM,,,1988,0,20,AUG25,1964,i
15012557,"Kadriov, Shukri",MKD,M,,,,1781,0,20,AUG25,1968,
15008452,"Kajevski Velevski, Miro",MKD,M,,,,1421,0,40,AUG25,2009,i
15014290,"Kalanoski, Milovan",MKD,M,,,,1756,0,20,AUG25,1967,
15012964,"Kalev, Boris",MKD,M,,NA,,1690,0,20,AUG25,1989,
15006948,"Kalin, Andrei",MKD,M,,,,1711,0,40,AUG25,2009,i
15005194,Kalisi Nazim,MKD,M,,,,2210,0,20,AUG25,1964,i
15021017,"Kamberi, Bekim",MKD,M,,,,1488,0,40,AUG25,1987,
15015793,"Kamberi, Djeljalj",MKD,M,,,,1617,0,40,AUG25,1960,i
15005100,"Kamberi, Feti",MKD,M,,,,1780,0,20,AUG25,1992,
15018580,"Kamberi, Kadri",MKD,M,,,,1799,0,40,AUG25,1954,
15011380,"Kamnar, Daniel",MKD,M,,,,1614,0,40,AUG25,2011,i
15019837,"Kanzoski, Safiudin",MKD,M,,,,2074,0,40,AUG25,1997,
15011992,"Karanfilov, Hristo",MKD,M,,,,1447,0,40,AUG25,2013,
15007251,"Karapalevski, Bojan",MKD,M,,,,1780,0,20,AUG25,2001,i
15012000,"Karapalevski, Gjorgi",MKD,M,,,,1555,0,40,AUG25,2005,i
15003574,"Karapetrov, Gjorgji",MKD,M,,,,1680,0,20,AUG25,1955,
15002950,"Karatrajkov, Nikola",MKD,M,,,,1880,0,20,AUG25,1946,i
15002969,"Karemani, Zemri",MKD,M,,,,1854,0,20,AUG25,1966,
15010139,"Kareski, Stefan",MKD,M,,,,1757,0,20,AUG25,1995,i
15012620,"Kavazov, Kristijan",MKD,M,,,,2022,0,40,AUG25,2010,
15011372,"Keckaroski, Filip",MKD,M,,,,1784,0,20,AUG25,1984,
15013308,"Kikiritkov, Ilija",MKD,M,,,,1702,0,20,AUG25,1982,i
15008401,"Kimoski, Voislav",MKD,M,,,,1633,0,20,AUG25,1959,i
15003698,"Kiprijanov, Tosho",MKD,M,,,,1971,0,20,AUG25,1983,i
15000265,"Kiroski, Toni",MKD,M,IM,,,2182,0,20,AUG25,1968,
15017710,"Kirov, Antonio",MKD,M,,,,1581,0,20,AUG25,1969,
15001270,"Kizov, Atanas",MKD,M,IM,,,2325,0,10,AUG25,1973,
15001369,"Kizov, Vladimir",MKD,M,,,,2109,0,20,AUG25,1975,i
15013227,"Kjimov, Krste",MKD,M,,,,1616,0,20,AUG25,2003,i
15005356,"Kjosev, Stefan",MKD,M,,,,1594,0,20,AUG25,2006,i
15004325,"Kjosev, Vlatko",MKD,M,,,,1752,0,20,AUG25,1979,i
15013235,"Kjupov, Gjorgji",MKD,M,,,,1661,0,40,AUG25,1972,
15020037,"Klaposki, Dimitar",MKD,M,,,,1596,0,40,AUG25,2009,
15014746,"Klokanovski, Marijan",MKD,M,,,,1456,0,40,AUG25,2007,i
15004643,Kocev Vasil,MKD,M,,,,1803,0,20,AUG25,1969,i
15009157,"Kocev, Aleksandar",MKD,M,,,,1607,0,20,AUG25,2000,
15019659,"Kocev, Mitko",MKD,M,,,,1518,0,40,AUG25,1992,
15017753,"Kocev, Zoran",MKD,M,,,,1530,0,40,AUG25,1955,
15013200,"Kochev, Slavcho",MKD,M,,,,1796,0,20,AUG25,1979,
15004090,"Kochovski, Oliver",MKD,M,,,,1779,0,20,AUG25,1996,i
15013359,"Koleski, Blagoja",MKD,M,,,,1714,0,20,AUG25,1953,
15018628,"Kolev, Joco",MKD,M,,,,1768,0,40,AUG25,1972,
15016544,"Kolevski, Stojanche",MKD,M,,,,1510,0,20,AUG25,1951,
15010945,"Koloski, Andon",MKD,M,,,,1738,0,20,AUG25,1973,
15000060,"Konstantinov, Aleksandar",MKD,M,FM,,,2068,0,20,AUG25,1998,i
15000630,"Koskoska, Gabriela",MKD,F,WIM,WIM,FI,2013,0,20,AUG25,1969,w
15006689,"Koskoski, Andrej",MKD,M,,,,1462,0,40,AUG25,2006,i
15013456,"Kostadinov, Zoran",MKD,M,,,,1752,0,20,AUG25,1971,i
15002373,"Kostadinovski, Zoran",MKD,M,,,,1898,0,20,AUG25,1970,i
15019985,Kosteski Trajche,MKD,M,,,,1747,0,40,AUG25,1964,
15003620,"Kosteski, Mile",MKD,M,,,,1764,0,20,AUG25,2002,i
15012883,"Kostikj, Miomir",MKD,M,,,,1957,0,20,AUG25,1956,i
15016927,"Kostov, Andrej",MKD,M,,,,1617,0,40,AUG25,1996,i
15004104,"Kostovski, Ljupcho",MKD,M,,,,2123,0,20,AUG25,1950,i
15004821,Koteski Aleksandar,MKD,M,,,,1924,0,20,AUG25,1965,i
15018890,"Kotevski, Nikola",MKD,M,,,,1685,0,20,AUG25,1976,
15004660,Kotlarovski Igor,MKD,M,,,,1929,0,20,AUG25,1978,i
15016455,"Kotusheska, Jovana",MKD,F,,,,1492,0,40,AUG25,2012,w
15004430,Kovachevski Georgi,MKD,M,,,,1788,0,20,AUG25,1973,i
15000664,"Kralevski, Aleksander",MKD,M,FM,,,2143,0,20,AUG25,1956,
15005011,"Kromov, Ile",MKD,M,,,,1738,7,20,AUG25,1948,
15000958,"Krstev, Emil",MKD,M,,,,1991,0,20,AUG25,1962,i
15016366,"Krstev, Vlatko",MKD,M,,,,1579,0,40,AUG25,2009,
15008100,"Krstevski, Andrej",MKD,M,,,,1743,0,20,AUG25,2000,i
15009769,"Krstevski, Pavel",MKD,M,,,,1815,9,40,AUG25,2012,
15004899,"Krstevski, Vladimir",MKD,M,,,,1706,8,20,AUG25,1975,
15001237,"Krstevski, Vlatko",MKD,M,,,,2080,0,20,AUG25,1964,i
15014738,"Krstinovski, Petar",MKD,M,,,,1537,0,40,AUG25,2005,i
15014045,"Krumov, Jovan",MKD,M,,,,1545,0,40,AUG25,2011,
15016463,"Krumova, Ina",MKD,F,,,,1490,0,40,AUG25,2015,wi
937380,"Kukov, Tode",MKD,M,,,,1990,7,20,AUG25,1987,
15000915,"Kukutanov, Gorgi",MKD,M,,,,2006,0,40,AUG25,0,i
15016420,"Kulevska, Marija",MKD,F,,,,1440,0,40,AUG25,2010,w
15007030,"Kumbaroski, Gerasim",MKD,M,,,,1586,0,40,AUG25,2009,i
15018687,"Kurtovic, Madzit",MKD,M,,,,1620,0,40,AUG25,1968,
15002543,"Kutirov, Matej",MKD,M,,,,1561,0,20,AUG25,2000,i
15000010,"Kutirov, Rolando",MKD,M,GM,DI,,2200,0,20,AUG25,1962,i
352144580,"Kuzmanoski, Oliver",MKD,M,,,,1699,0,20,AUG25,1975,
15007375,"Kuzmanoski, Zoran",MKD,M,,,,1682,0,20,AUG25,1996,i
15019098,"Lajmanovski, Aleksandar",MKD,M,,,,1554,0,40,AUG25,1939,
15001695,"Lakinska, Simona",MKD,F,,,,1870,0,20,AUG25,1999,wi
15010511,"Lakinski, Simeon",MKD,M,,,,1522,0,40,AUG25,2008,
15020657,"Latifi, Mevlan",MKD,M,,,,1623,0,40,AUG25,1959,
15018180,"Lazarev, Vedran",MKD,M,,,,1522,0,40,AUG25,2010,i
15012476,"Lazarevska, Ana",MKD,F,,,,1596,0,40,AUG25,2005,wi
15004651,Lazarevski Zoran,MKD,M,,,,1901,0,20,AUG25,1964,i
15006328,"Lazarov, Krste",MKD,M,,,,1632,0,20,AUG25,2004,i
15007081,"Lazarova, Jovana",MKD,F,,,,1598,0,20,AUG25,2003,wi
15018059,"Lazevski, Damjan",MKD,M,,,,1543,0,40,AUG25,2013,
15000770,"Lazov, Toni",MKD,M,IM,,,2425,0,10,AUG25,2000,
15007073,"Lazovski, Kristijan",MKD,M,,,,1830,0,40,AUG25,2008,i
15004880,"Lika, Jakup",MKD,M,,,,1989,0,20,AUG25,1955,i
15008932,"Limani, Adem",MKD,M,,,,1787,0,40,AUG25,1967,
15008215,"Limani, Safet",MKD,M,,,,1824,0,20,AUG25,1964,i
15011364,"Linkinoski, Borce",MKD,M,,,,1708,0,20,AUG25,1985,
15010066,"Ljamalari, Aziz",MKD,M,,,,1698,0,20,AUG25,1967,i
15014347,"Lloga, Drilon",MKD,M,,,,1779,0,20,AUG25,1991,i
15005348,"Loshkov, Konstantin",MKD,M,,,,1597,0,20,AUG25,1984,
15010830,"Lozanovski, Andrej",MKD,M,,,,1805,0,40,AUG25,2007,
15012018,"Lukaroski, Filip",MKD,M,,,,1523,0,20,AUG25,1994,
15019780,"Luma, Berat",MKD,M,,,,1559,0,40,AUG25,1993,
15007006,"Lusheska, Elena",MKD,F,,,,1449,0,40,AUG25,2007,w
15007014,"Lusheska, Emilija",MKD,F,,,,1490,0,40,AUG25,2009,wi
15005275,"Lusheski, Konstantin",MKD,M,,NA,,1958,0,20,AUG25,2005,i
15013006,"Macevski, Aco",MKD,M,,,,1689,0,20,AUG25,1975,i
15012565,"Mahmuti, Aziz",MKD,M,,,,1744,0,20,AUG25,1953,
15012573,"Maksuti, Blerim",MKD,M,,,,1806,0,20,AUG25,1992,i
15015920,"Malinov, Dejanco",MKD,M,,,,1559,0,20,AUG25,1978,
15019616,"Manasiev, Boris",MKD,M,,,,1533,0,40,AUG25,1956,
15019608,"Manasiev, Ljupcho",MKD,M,,,,1745,0,40,AUG25,1988,
15021130,"Manasiev, Zvonimir",MKD,M,,,,1894,0,40,AUG25,1968,
15003370,"Maneski, David",MKD,M,,,,1887,0,20,AUG25,2000,i
15004490,Manev Vanche,MKD,M,,,,1922,0,20,AUG25,1957,i
15013987,"Manev, Marko",MKD,M,,,,1511,0,40,AUG25,2010,i
15003590,"Manova, Ivana",MKD,F,WFM,WFM,,1873,0,20,AUG25,2001,w
15014282,"Marinoski, Jovo",MKD,M,,,,1633,0,20,AUG25,1966,i
15018075,"Markovski, Gabriel",MKD,M,,,,1541,0,40,AUG25,2013,
15019411,"Markovski, Goran",MKD,M,,,,1653,0,40,AUG25,1989,
15012034,"Markovski, Marko",MKD,M,,,,1766,0,40,AUG25,2007,
15019420,"Markovski, Miodrag",MKD,M,,,,1644,0,40,AUG25,1963,
15018172,"Markovski, Misho",MKD,M,,,,1682,0,20,AUG25,1988,
15013839,"Markovski, Nikola",MKD,M,,,,1551,0,40,AUG25,2005,i
15002233,"Markovski, Velo",MKD,M,,,,1897,0,20,AUG25,1958,
15012743,"Markusheski, David",MKD,M,,,,1679,0,40,AUG25,2010,
15012794,"Markusheski, Mihail",MKD,M,,,,1689,0,40,AUG25,2008,
15002063,"Martinov, Levko",MKD,M,,,,1981,0,20,AUG25,1953,i
15008428,"Mateski, Dragan",MKD,M,,,,1585,0,20,AUG25,1958,i
15006115,"Mateski, Julian",MKD,M,,,,1585,0,40,AUG25,2007,i
15006123,"Mateski, Stefan",MKD,M,,,,1513,0,40,AUG25,2008,i
15013219,"Mechev, Petar",MKD,M,,,,1722,0,20,AUG25,1998,i
15000982,"Medarski, Nikola",MKD,M,,,,1903,0,20,AUG25,1941,i
15012387,"Melnik, Stefan",MKD,M,,,,1705,0,40,AUG25,2008,i
15004201,"Memedi, Agim",MKD,M,,,,1809,0,20,AUG25,1976,i
15014312,"Mena, Arsllan",MKD,M,,,,1641,0,20,AUG25,1989,i
15010562,"Mena, Rilind",MKD,M,,,,1930,0,20,AUG25,1992,
15001261,"Menkinoski, Riste",MKD,M,FM,NA,,2200,0,20,AUG25,1978,
15005119,"Merdjanoski, Voislav",MKD,M,,FA,,1782,0,20,AUG25,1965,i
15014177,"Merko, Agron",MKD,M,,,,1717,0,20,AUG25,1970,i
15011410,"Merko, Veron",MKD,M,,,,1543,0,20,AUG25,2000,i
15018245,"Mickoski, Jovan",MKD,M,,,,1520,0,40,AUG25,2014,i
15000583,"Micov, Vladimir",MKD,M,,,,2125,0,20,AUG25,1954,
15007065,"Miftari, Hedon",MKD,M,,,,1926,0,20,AUG25,2003,i
15019713,"Miftari, Mefail",MKD,M,,,,1854,0,40,AUG25,1958,
15008347,"Mihajlov, Hristo",MKD,M,,,,1651,0,20,AUG25,1963,
15004503,"Mihajlovski, Blazho",MKD,M,,,,1804,0,20,AUG25,1952,i
15003051,"Mihajlovski, Petre",MKD,M,,,,1968,0,20,AUG25,1977,i
15003892,"Mihov, Filip",MKD,M,,,,2189,0,20,AUG25,2000,
15020843,"Mijalkovski, Nikola",MKD,M,,,,1461,0,40,AUG25,2012,
15004511,"Milanoski, Antonio",MKD,M,,,,1435,0,20,AUG25,1998,i
15018792,"Milanovski, Mihail",MKD,M,,,,1555,0,40,AUG25,2014,
15008487,"Milenkoski, Mile",MKD,M,,,,1895,0,20,AUG25,1968,i
15009840,"Milev, Darko",MKD,M,,,,1647,0,20,AUG25,2001,
15001245,"Milic, Goran",MKD,M,,,,2199,0,20,AUG25,1969,i
15005682,"Milkov,Dimitar",MKD,M,,,,1624,0,20,AUG25,2001,i
15014681,"Milkovski, Gjorgji",MKD,M,,,,1632,0,20,AUG25,2003,
15016587,"Milojkov, Nikola",MKD,M,,,,1480,0,40,AUG25,2008,
15000508,"Milosiev, Todor",MKD,M,,,,2149,0,20,AUG25,1949,i
15012603,"Minovski, Blagoja",MKD,M,,,,1930,0,40,AUG25,2011,
15003205,"Minovski, Gjorgji",MKD,M,,IO,,1965,0,20,AUG25,1983,i
15012310,"Mirchevski, Darjan",MKD,M,,,,1476,0,40,AUG25,2011,i
15012441,"Mirkov, Kristijan",MKD,M,,,,1516,0,40,AUG25,2008,i
15008231,"Mirta, Ilber",MKD,M,,,,1851,0,20,AUG25,1965,
15016790,"Misheski, Pavel",MKD,M,,,,1470,0,40,AUG25,2011,
15016552,"Mishev, Mitko",MKD,M,,,,1693,0,40,AUG25,1968,
15021149,"Mishovski, Vancho",MKD,M,,,,1650,0,40,AUG25,1988,
15002861,"Miskoski, Misko",MKD,M,,,,1787,0,20,AUG25,1986,
15016919,"Mitev, Vancho",MKD,M,,,,1723,0,40,AUG25,1978,
15007294,"Mitevski, Marko",MKD,M,,,,1659,0,40,AUG25,2007,i
15000354,"Mitkov, Marjan",MKD,M,IM,,,2314,0,20,AUG25,1969,i
15000290,"Mitkov, Nikola",MKD,M,GM,FT,,2463,0,10,AUG25,1971,i
15000150,"Mitkovski, Zarko",MKD,M,,,,2134,0,20,AUG25,1975,i
15016684,"Mitovski, Petar",MKD,M,,,,1670,0,40,AUG25,2006,
15020126,"Mitreski, Filip",MKD,M,,,,1434,0,40,AUG25,2011,
15012042,"Mitrevski, Dimitar",MKD,M,,,,1623,0,40,AUG25,2005,i
15003736,"Mladenov, Gorazd",MKD,M,,,,1665,0,20,AUG25,1995,i
15017338,"Mladenovikj Kmetovikj, Marko",MKD,M,,,,1497,0,40,AUG25,2013,
15016307,"Molkoski, Dimitri",MKD,M,,,,1468,0,40,AUG25,2010,
15005569,"Morina, Naim",MKD,M,,,,1876,0,20,AUG25,1960,i
15006964,"Mucha, Libert",MKD,M,,,,1528,0,40,AUG25,2009,i
15012816,"Muharemi, Mevlan",MKD,M,,,,1749,0,20,AUG25,1959,i
15002330,"Mukaetov, Zoran",MKD,M,,,,1919,0,20,AUG25,1951,
15015785,"Murati, Musli",MKD,M,,,,1595,0,40,AUG25,1964,
15010937,"Mustafa, Naser",MKD,M,,,,1683,0,20,AUG25,1973,
15003221,"Mustafi, Mehaz",MKD,M,,,,1914,0,20,AUG25,1959,
15010872,"Mustafi, Sejfulla",MKD,M,,,,1736,0,20,AUG25,1963,
15016889,"Nacov, Bojan",MKD,M,,,,1572,0,40,AUG25,2007,
15013111,"Najdeski, Blagojche",MKD,M,,,,1910,0,20,AUG25,1967,
15013650,"Nakevski, Boris",MKD,M,,,,1750,0,20,AUG25,1948,
15017117,"Nakevski, Todor",MKD,M,,,,1461,0,40,AUG25,1954,
15006301,"Nakov, Mihajlo",MKD,M,,,,1525,0,40,AUG25,2007,i
15021025,"Nakovski, Blagoja",MKD,M,,,,1579,0,40,AUG25,1958,
15012050,"Nasev, Emil",MKD,M,,,,1665,0,20,AUG25,1973,
15007847,"Naskov, Aleks",MKD,M,,,,1909,0,20,AUG25,2002,
15007855,"Naskov, Malachi",MKD,M,,,,1817,0,40,AUG25,2009,
15014266,"Nasufi, Rustem",MKD,M,,,,1605,0,20,AUG25,1977,i
15008622,"Naumovski, Damjan",MKD,M,,,,1678,0,20,AUG25,2000,i
15001652,"Naunov, Dragan",MKD,M,,,,1933,0,20,AUG25,1959,i
15020380,"Nebiu, Gzim",MKD,M,,,,1624,0,40,AUG25,1991,
15010368,"Nechova, Ana Marija",MKD,F,,,,1621,0,40,AUG25,2005,wi
15005283,"Nedelkoski, Filip",MKD,M,,,,1740,0,20,AUG25,1999,i
15012069,"Nedelkovski, Andrej",MKD,M,,,,1875,0,40,AUG25,2007,
15011399,"Nedev, Ivan",MKD,M,,,,1698,0,20,AUG25,1986,
15010406,"Nedev, Trajche",MKD,M,,,,1891,0,20,AUG25,1980,
15000605,"Nedev, Trajko",MKD,M,GM,FST,,2430,0,10,AUG25,1973,i
15005380,"Nesimi, Florian",MKD,M,,,,1950,0,20,AUG25,1980,i
15020622,"Neziri, Arsim",MKD,M,,,,1873,0,40,AUG25,1986,
15011011,"Neziri, Muhamet",MKD,M,,,,1706,0,20,AUG25,1980,i
15006450,"Nikoloski, Aleksandar",MKD,M,,,,1622,0,40,AUG25,2006,i
15000044,"Nikoloski, Kire",MKD,M,,FA,,2093,0,20,AUG25,1976,
15015998,"Nikolov, Bogdan",MKD,M,,,,1800,0,40,AUG25,1948,i
15021157,"Nikolov, Goce",MKD,M,,,,1720,0,40,AUG25,1968,
15002764,"Nikolov, Kole",MKD,M,,,,1849,0,20,AUG25,1952,
15010783,"Nikolov, Nikola",MKD,M,,,,1661,0,20,AUG25,2004,
15021165,"Nikolov, Sande",MKD,M,,,,1550,0,40,AUG25,1959,
15000133,"Nikolovska, Dragana",MKD,F,,IA,,1831,0,20,AUG25,1996,w
15009572,"Nikolovska, Olivera",MKD,F,,,,1630,0,40,AUG25,2008,wi
15005933,"Nikolovski, Branko Nikola",MKD,M,,,,1812,0,20,AUG25,2005,i
15014584,"Nikolovski, Damjan",MKD,M,,,,1499,0,40,AUG25,2014,
15011682,"Nikolovski, Dario",MKD,M,,,,1412,0,40,AUG25,2010,i
15007197,"Nikolovski, David",MKD,M,,,,1933,0,20,AUG25,1999,
15019640,"Nikolovski, Davor",MKD,M,,,,1424,0,40,AUG25,2015,
15005399,"Nikolovski, Kiril",MKD,M,,,,1967,9,40,AUG25,2009,
15007456,"Nikolovski, Ljupcho",MKD,M,,,,1439,0,40,AUG25,1965,
15003060,"Nikolovski, Martin",MKD,M,,,,1982,0,20,AUG25,1994,i
15006093,"Nikolovski, Mihail",MKD,M,,,,1864,0,40,AUG25,2008,
15002314,"Nikolovski, Nikola",MKD,M,IM,NA,,2364,0,10,AUG25,1998,
15009467,"Nikolovski, Stefan",MKD,M,,,,1582,0,20,AUG25,2002,i
15012077,"Nolevski, Aleksandar",MKD,M,,,,1799,0,20,AUG25,1975,
15005461,"Noveski,Zoran",MKD,M,,,,1913,0,20,AUG25,1966,i
15015629,"Nuhiu, Irsal",MKD,M,,,,1536,0,40,AUG25,2010,i
15001482,"Nuneski, Daniel",MKD,M,,,,1756,0,20,AUG25,1985,
15008509,"Ognenovski, Martin",MKD,M,,,,1549,0,20,AUG25,1991,i
15008843,"Ognjanovska, Delfina",MKD,F,,,,1608,0,40,AUG25,2009,w
15000419,"Organdziev, Oliver",MKD,M,FM,FA,,2342,0,20,AUG25,1967,i
15003744,"Orovchanec, Nikola",MKD,M,,,,1954,0,20,AUG25,1949,i
15018270,"Osmani, Agron",MKD,M,,,,1716,0,40,AUG25,1961,
15006352,"Osmani, Faredin",MKD,M,,,,1955,0,20,AUG25,1972,
15005496,"Osmani, Kjani",MKD,M,,,,1963,0,20,AUG25,1965,i
15009874,"Osmani, Naser",MKD,M,,,,1764,0,20,AUG25,1979,i
15010627,"Osmani, Nimetulla",MKD,M,,,,1827,0,20,AUG25,1965,
15009270,"Osmani, Sejfullah",MKD,M,,,,1851,0,20,AUG25,1971,i
15018938,"Osmani, Xheladin",MKD,M,,,,1443,0,40,AUG25,1980,
15002187,"Pancevski, Filip",MKD,M,IM,,,2418,0,10,AUG25,1988,
15008410,"Pancevski, Velche",MKD,M,,,,1504,0,20,AUG25,1955,i
15002225,"Panev, Zoran",MKD,M,,,,1837,0,40,AUG25,1988,i
15015033,"Panevski, Darko",MKD,M,,,,1708,0,20,AUG25,2004,i
15016951,"Panov, Bojan",MKD,M,,,,1449,0,40,AUG25,2015,i
15021173,"Panov, Ljupcho",MKD,M,,,,1891,0,40,AUG25,1990,
15006271,"Pavkovski, Nikola",MKD,M,,,,1583,0,40,AUG25,2007,i
15010031,"Pavleski, Blagojche",MKD,M,,,,1561,0,20,AUG25,2003,
15009114,"Pavleski, Dragan",MKD,M,,,,1648,0,20,AUG25,1953,i
15016447,"Pavleski, Nikola",MKD,M,,,,2004,0,40,AUG25,2008,
15020096,"Pavleski, Toni",MKD,M,,,,1505,0,40,AUG25,1970,
15009998,"Pavlov, Zlatko",MKD,M,,,,1884,0,20,AUG25,1981,i
15017273,"Pavlovski, Dimitrij",MKD,M,,,,1592,0,40,AUG25,2010,
15016706,"Pavlovski, Jordan Sashko",MKD,M,,,,1777,0,40,AUG25,1979,i
15005054,"Pazevski, Simon",MKD,M,,,,1904,0,20,AUG25,1948,
15003540,"Pecev, Aleksandar",MKD,M,,,,1808,0,20,AUG25,1995,i
15012972,"Pecev, Zvonko",MKD,M,,NA,,1622,0,20,AUG25,1966,
15001660,"Peev, Kosta",MKD,M,,,,1899,0,20,AUG25,1997,
15003302,"Pejchinoski, Dejan",MKD,M,,,,1794,0,20,AUG25,1997,i
15003396,"Pejchinoski, Nikola",MKD,M,,,,1725,0,20,AUG25,1998,i
15008290,"Pendovski, Nikola",MKD,M,,,,1711,0,40,AUG25,1952,
15017818,"Peroski, Ivan",MKD,M,,,,1409,0,40,AUG25,2013,i
15004422,Peshevski Matej,MKD,M,,,,1609,0,40,AUG25,2005,i
15004228,"Peshevski, Borche",MKD,M,,,,1900,0,20,AUG25,1976,i
15005690,"Peshov,Mite",MKD,M,,,,1599,0,20,AUG25,1949,i
15010392,"Petkashinov, Stojan",MKD,M,,,,1892,0,40,AUG25,1970,
15006751,"Petkovska, Sara",MKD,F,,,,1408,0,40,AUG25,2006,wi
15017028,"Petkovski, Cane",MKD,M,,,,1566,0,40,AUG25,1952,i
15015394,"Petkovski, Filip",MKD,M,,,,1546,4,40,AUG25,2010,
15000273,"Petkovski, Vlatko",MKD,M,FM,,,2033,0,20,AUG25,1961,i
15006280,"Petreski, Leonid",MKD,M,,,,1990,0,20,AUG25,2005,i
15001440,"Petrov, Georgi",MKD,M,,,,2076,0,20,AUG25,1963,
15001717,"Petrov, Saravco",MKD,M,,,,2014,0,20,AUG25,1964,
15004392,"Petrov, Vancho",MKD,M,,,,1832,0,20,AUG25,1971,
15003078,"Petrovic, Lazar",MKD,M,,,,1810,0,20,AUG25,2002,i
15002551,"Petrovska, Katerina",MKD,F,,,,1809,0,20,AUG25,1984,w
15002403,"Petrovski, Aleksandar",MKD,M,,,,2221,0,20,AUG25,1960,i
15009645,"Petrovski, Drage",MKD,M,,,,1855,0,20,AUG25,1954,i
15000249,"Petrovski, Igor",MKD,M,,,,2193,0,20,AUG25,1994,i
15012107,"Petrovski, Ivan",MKD,M,,,,2014,0,40,AUG25,2008,
15019101,"Petrovski, Lj Bojan",MKD,M,,,,1680,0,40,AUG25,2000,
15007839,"Petrovski, Nikola",MKD,M,,,,1736,0,40,AUG25,2012,i
15019187,"Petrovski, Nikolcho",MKD,M,,,,1469,0,20,AUG25,1985,
15010988,"Petrovski, Oliver",MKD,M,,,,1794,0,20,AUG25,1974,i
15005046,"Petrovski, Stojanche",MKD,M,,NA,,1746,0,20,AUG25,1976,
15017826,"Pirganoski, Kristijan",MKD,M,,,,1430,0,40,AUG25,2008,i
15018806,"Pop - Nikolova, Katja",MKD,F,,,,1416,0,40,AUG25,2015,w
15002381,"Popagjoski, Ljupco",MKD,M,,,,1838,0,20,AUG25,1982,
15012298,"Popchanovski, Bojan",MKD,M,,,,1463,0,20,AUG25,1996,i
15008533,"Popchevski, Darko",MKD,M,,,,1890,0,20,AUG25,1997,
15009939,"Popchevski, Zoran",MKD,M,,NA,,1740,0,20,AUG25,1971,
15013723,"Popov, Hristijan",MKD,M,,,,1728,0,40,AUG25,2008,
15001075,"Popovski, Branko",MKD,M,,,,1823,0,20,AUG25,1971,i
15007871,"Popovski, Martin",MKD,M,,,,1585,0,20,AUG25,1997,i
15010007,"Popovski, Pancho",MKD,M,,,,1777,0,20,AUG25,1971,i
15019225,"Popristovski, Kosta",MKD,M,,,,1499,0,40,AUG25,2013,
15010198,"Prisagjanec, Mile",MKD,M,,,,1625,0,20,AUG25,1946,i
15007154,"Prisagjanec, Stefan",MKD,M,,,,1672,0,20,AUG25,1943,
15005062,"Prodanoski, Gjorgji",MKD,M,,,,1732,0,20,AUG25,1950,i
15008380,"Purcov, Pando",MKD,M,,,,1728,0,20,AUG25,1952,i
15016269,"Puroski, Jovan",MKD,M,,,,1644,0,40,AUG25,2011,
15004600,Radeski Dragan,MKD,M,,,,1884,0,20,AUG25,1972,i
15021190,"Radeski, Darko",MKD,M,,,,1553,0,40,AUG25,1982,
15001750,"Radicevski, Ljupco",MKD,M,,,,1987,0,20,AUG25,1967,
15007774,"Radonjanin, Nikola",MKD,M,,,,1811,9,40,AUG25,2010,
15012131,"Rajchevski, Slobodan",MKD,M,,,,1655,0,20,AUG25,1952,
15010210,"Rajchovski, Lazar",MKD,M,,,,1850,0,20,AUG25,1969,
15008118,"Rakipi, Shaban",MKD,M,,,,1851,0,20,AUG25,2000,i
15009688,"Ramadani, Bekim",MKD,M,,,,1612,0,20,AUG25,1991,i
15013685,"Ramadani, Hajdar",MKD,M,,,,1629,0,40,AUG25,1951,
15020614,"Ramadani, Lirim",MKD,M,,,,1667,0,40,AUG25,2001,
15009289,"Ramadani, Shaban",MKD,M,,,,1897,0,20,AUG25,1966,i
15002870,"Ranic, Viktor",MKD,M,,,,1915,7,20,AUG25,1959,
15010970,"Rexhepi, Leotrim",MKD,M,,,,1721,0,20,AUG25,2003,i
15010910,"Rexhepi, Mirsad",MKD,M,,,,1621,0,20,AUG25,1996,i
15010929,"Rexhepi, Sadam",MKD,M,,,,1896,0,20,AUG25,1998,i
15018873,"Rexhepi, Shpetim",MKD,M,,,,1644,0,40,AUG25,1999,
15003752,"Risteski, Aleksandar",MKD,M,,,,1822,0,20,AUG25,1994,i
15013340,"Risteski, Daniel",MKD,M,,,,1497,0,20,AUG25,1988,i
15005267,"Risteski, Emil",MKD,M,IM,,,2351,0,20,AUG25,2004,
15014894,"Risteski, Ljuben",MKD,M,,,,1835,0,20,AUG25,1957,
15003760,"Ristic, Zhivko",MKD,M,,,,1853,0,20,AUG25,1947,i
15020860,"Ristov, Ljupce",MKD,M,,,,1414,0,40,AUG25,2012,
15004180,"Ristovski, Pavle",MKD,M,,,,1856,7,20,AUG25,1961,
15008371,"Rizovski, Blagojche",MKD,M,,,,1591,0,20,AUG25,1971,i
15006018,"Rizvani, Miljot",MKD,M,,NA,,1778,0,20,AUG25,1981,
4148843,"Romanov, Evgeny",MKD,M,GM,,,2481,0,10,AUG25,1988,i
15011291,"Rovchanin, Filip",MKD,M,,,,1482,0,40,AUG25,2005,i
15019918,"Sadiki, Ismail",MKD,M,,,,1786,0,40,AUG25,1966,
15001997,"Sadiki, Nedzmedin",MKD,M,,,,2053,0,20,AUG25,1968,
15017770,"Saiti, Dashmir",MKD,M,,,,1624,0,40,AUG25,1987,i
15004848,Sali Sahmedin,MKD,M,,,,1975,0,20,AUG25,1978,i
15005836,"Sali, Elmir",MKD,M,,,,1599,0,20,AUG25,2001,i
15013995,"Salihi, Endrit",MKD,M,,,,1433,0,40,AUG25,2011,i
15014665,"Salihi, Erdi",MKD,M,,,,1445,0,40,AUG25,2014,i
15005372,"Salihi, Shpend",MKD,M,,,,2126,0,20,AUG25,1957,i
15005704,"Salihi, Visar",MKD,M,,,,1717,0,20,AUG25,1989,i
15009726,"Salihu, Vigan",MKD,M,,,,1770,0,20,AUG25,1985,i
15010058,"Salija, Sali",MKD,M,,,,1825,0,40,AUG25,1977,i
15007529,"Salija, Xhemajil",MKD,M,,,,1925,0,20,AUG25,1974,i
15009297,"Saliu, Rezart",MKD,M,,,,1679,0,20,AUG25,2001,i
15005020,"Sallmani, Ahmet",MKD,M,,,,1810,0,20,AUG25,1965,
15008207,"Sallmani, Olti",MKD,M,,,,1621,0,40,AUG25,2011,i
15008754,"Samojlovski, Stojan",MKD,M,,,,1503,0,20,AUG25,1997,i
15005410,"Savevski, Stefan",MKD,M,,,,1642,0,20,AUG25,1998,i
15007782,"Seizov, Doncho",MKD,M,,,,1495,0,40,AUG25,2010,i
15008827,"Sekovski, Ivica",MKD,M,,,,1589,0,20,AUG25,2000,i
15016137,"Selimi, Albion",MKD,M,,,,1600,0,40,AUG25,2009,i
15020304,"Selimi, Bashkim",MKD,M,,,,1872,0,40,AUG25,1979,
15007979,"Selimi, Fejzulla",MKD,M,,,,1687,0,20,AUG25,1987,i
15001490,"Selkovski, Zarko",MKD,M,,,,1932,0,20,AUG25,1968,i
15008924,"Selmani, Azbi",MKD,M,,,,1714,0,20,AUG25,1977,i
15008983,"Selmani, Berat",MKD,M,,,,1815,0,20,AUG25,1994,i
15013561,"Seydi, Jusuf",MKD,M,,,,1757,0,40,AUG25,1992,i
15007987,"Shabani, Agron",MKD,M,,,,1859,0,20,AUG25,1977,
15005038,"Shabani, Ibraim",MKD,M,,,,1885,0,20,AUG25,1952,
15009319,"Shabani, Musli",MKD,M,,,,1712,0,20,AUG25,1975,i
15007995,"Shabani, Nexhmedin",MKD,M,,,,1933,0,20,AUG25,1957,i
15019721,"Shabani, Selman",MKD,M,,,,1605,0,40,AUG25,1985,
15005550,"Shakiri, Zejnulla",MKD,M,,,,1822,0,20,AUG25,1976,
15007219,"Shakirovski, Fazli",MKD,M,,,,1915,0,20,AUG25,1965,
15001830,"Shapkaroski, Goce",MKD,M,,,,1993,0,20,AUG25,1983,
15014452,"Shapkaroski, Jane",MKD,M,,,,1828,0,20,AUG25,1988,
15016285,"Shapkaroski, Mihail",MKD,M,,,,1437,0,40,AUG25,2012,i
15008010,"Shaqiri, Jeton",MKD,M,,,,1688,0,40,AUG25,1977,
15011038,"Shaqiri, Skender",MKD,M,,,,1785,0,20,AUG25,1987,i
15021033,"Sheji, Dardan",MKD,M,,,,1471,0,40,AUG25,2016,
15002888,"Shemshiji, Agim",MKD,M,,IA,,1976,0,20,AUG25,1980,
15020630,"Shenazi, Alija",MKD,M,,,,1589,0,40,AUG25,1972,
15012174,"Shestakoski, Zharko",MKD,M,,,,1552,0,20,AUG25,1987,i
15007324,"Shlakeski, Hristijan",MKD,M,,,,1565,0,40,AUG25,2009,i
15016749,"Shterijov, Ljubcho",MKD,M,,,,1845,0,40,AUG25,1960,i
15009670,"Shterijov, Stojanche",MKD,M,,,,1728,0,20,AUG25,1963,i
15017761,"Shumanov, Blagoj",MKD,M,,,,1820,0,20,AUG25,1965,
15009955,"Siljanovski, Dimche",MKD,M,,,,1996,0,20,AUG25,1969,i
15008789,"Siljanovski, Mihail",MKD,M,,,,1527,0,20,AUG25,2000,i
15000923,"Simeonov, Angel",MKD,M,,,,2078,0,20,AUG25,0,
15001792,"Simeonov, Mirko",MKD,M,,,,1977,0,20,AUG25,1978,
15000788,"Simjanovski, Saso",MKD,M,,,,2195,0,20,AUG25,1969,i
15009394,"Simonoski, Luka",MKD,M,,,,1566,0,40,AUG25,2013,
15015947,"Simonov, Stevce",MKD,M,,,,1662,0,40,AUG25,1979,i
15017052,"Simonovski, Dimitar",MKD,M,,,,1928,0,40,AUG25,2010,
15000028,"Simovski, Goran",MKD,M,,,,2087,0,20,AUG25,1964,
15008355,"Sinadinoski, Ivan",MKD,M,,,,1462,0,40,AUG25,2010,
15005674,"Sinatkas,Andreas",MKD,M,,,,1916,0,20,AUG25,1957,i
15013286,"Skerlevski, David",MKD,M,,,,1581,0,20,AUG25,1998,i
15018105,"Skerlevski, Dushko",MKD,M,,,,1773,0,20,AUG25,1966,
15014975,"Slavev, Matej",MKD,M,,,,1480,0,40,AUG25,2009,i
15007243,"Smileski, Jovan",MKD,M,,,,1551,0,20,AUG25,1999,i
15010074,"Smilevski, Blagoj",MKD,M,,,,1749,0,20,AUG25,1963,
15003485,"Smilevski, Kiril",MKD,M,,,,1800,0,20,AUG25,1942,i
15015513,"Smilevski, Nikola",MKD,M,,,,1599,0,40,AUG25,2009,
15009661,"Smolikj, Momchilo",MKD,M,,,,1808,0,20,AUG25,1949,
15004856,"Sotirov, Dimitar",MKD,M,,,,1806,0,40,AUG25,1961,
15000478,"Spasenovski, Savo",MKD,M,,SI,,AFM,2139,0,AUG25,1955,i
15010147,"Spaskovski, Kiril",MKD,M,,,,1497,0,40,AUG25,2012,i
15003787,"Spasov, Aleksandar",MKD,M,,,,1876,0,20,AUG25,1991,
15007790,"Spasov, Igor Aleksandar",MKD,M,,,,1784,0,40,AUG25,2010,i
15007430,"Spasov, Vancho",MKD,M,,,,1859,0,20,AUG25,1951,
15010384,"Spasovski, Lazo",MKD,M,,,,1788,0,20,AUG25,1955,
15020061,"Spasovski, Mile",MKD,M,,,,1550,0,40,AUG25,1965,
15008282,"Spasovski, Nikola",MKD,M,,,,1696,0,20,AUG25,1995,i
15014126,"Spirkovski, Zoran",MKD,M,,,,1610,0,20,AUG25,1993,i
15013278,"Srbinovski, Goran",MKD,M,,,,1585,0,20,AUG25,1997,
15000303,"Stamenkov, Vanco",MKD,M,IM,,,2246,0,20,AUG25,1961,
15015831,"Stamenkovski, Lazo",MKD,M,,NA,,1836,0,20,AUG25,1961,
15018091,"Stamenkovski, Vlado",MKD,M,,,,1435,0,40,AUG25,1956,
15013472,"Stameski, Hristijan",MKD,M,,,,1528,0,20,AUG25,2004,i
15013162,"Stamkov, Martin",MKD,M,,,,1575,0,40,AUG25,2000,i
15004864,Stanchev Mitko,MKD,M,,,,1823,0,20,AUG25,1972,i
15009823,"Stankovic, Sanja",MKD,F,,,,1679,0,40,AUG25,1983,w
15018563,"Stankovic, Sergej",MKD,M,,,,1422,9,40,AUG25,2017,
15008444,"Stankovic, Srdjan",MKD,M,,,,1747,9,20,AUG25,1985,
15009327,"Stankovski, Stefan",MKD,M,,,,1480,0,40,AUG25,2006,i
15000257,"Stanojoski, Zvonko",MKD,M,GM,FT,,2356,0,10,AUG25,1964,
15005640,"Stavrov, Dimitar",MKD,M,,,,AGM,1799,0,AUG25,1998,i
15009386,"Stefanoski, Daniel",MKD,M,,,,1835,0,40,AUG25,2012,
15014274,"Stefanoski, Zdravko",MKD,M,,,,1510,0,20,AUG25,1949,i
15021211,"Stefanov, Mihail M",MKD,M,,,,1721,0,40,AUG25,1948,
15016897,"Stefanovski, Dimitar",MKD,M,,,,1497,0,40,AUG25,1993,
15000320,"Stefanovski, Dushan",MKD,M,FM,,,2226,0,20,AUG25,1961,i
15014762,"Stefanovski, Stefan",MKD,M,,,,1447,0,40,AUG25,2008,i
15004635,"Stefanovski, Trajko",MKD,M,,,,1617,0,20,AUG25,1963,i
15014932,"Stefanovski, Z. Hristijan",MKD,M,,,,1513,0,40,AUG25,2006,
15005240,"Stepanovski, Aleksandar",MKD,M,,,,1995,0,20,AUG25,1957,i
15015955,"Stevanovski, Nikola",MKD,M,,,,1609,0,40,AUG25,1978,i
15008320,"Stevkov, Ian",MKD,M,,,,1565,0,40,AUG25,2011,i
15008460,"Stevkov, Ilija",MKD,M,,,,1479,0,20,AUG25,1977,i
15007634,"Stevkov, Nikola",MKD,M,,,,1565,0,40,AUG25,2009,i
15002209,"Stoilkovski, Jordan",MKD,M,,,,1771,0,20,AUG25,1958,
15015858,"Stoilkovski, Zoran",MKD,M,,,,1645,0,40,AUG25,1987,i
15017958,"Stoilov, Ivan",MKD,M,,,,1518,0,40,AUG25,1953,
15020851,"Stoilov, Martin",MKD,M,,,,1453,0,40,AUG25,2012,
15019209,"Stoilovski, Zoran",MKD,M,,,,1460,0,40,AUG25,1987,
15021220,"Stoimirovski, Vlatko",MKD,M,,,,1767,0,40,AUG25,1988,
15000699,"Stojanov, Jovan",MKD,M,,,,2159,0,20,AUG25,1971,
15004252,"Stojanov, Ptolomej Petar",MKD,M,,,,1946,0,20,AUG25,1999,i
15012190,"Stojanovikj, Marko",MKD,M,,,,1614,0,40,AUG25,2013,
15012204,"Stojanovski, Blagoj",MKD,M,,,,1521,0,20,AUG25,1993,i
15011437,"Stojanovski, Damjan",MKD,M,,,,1518,0,20,AUG25,1999,i
15000796,"Stojanovski, Dejan",MKD,M,IM,FT,,2494,0,10,AUG25,1984,
15004937,"Stojanovski, Marko",MKD,M,,,,2093,0,20,AUG25,1981,i
15005755,"Stojanovski, Marko Z",MKD,M,,,,1576,0,20,AUG25,2002,i
15002675,"Stojanovski, Valentin",MKD,M,,,,1871,0,20,AUG25,1961,
15005445,"Stojanovski, Viktor",MKD,M,,,,1851,0,20,AUG25,1986,i
15002900,"Stojanovski, Zoran",MKD,M,,,,1870,0,20,AUG25,1964,
15014789,"Stojceski, Cane",MKD,M,,,,1618,0,20,AUG25,1964,i
15000192,"Stojcevski, Zoran",MKD,M,FM,IA,,2295,0,20,AUG25,1971,i
15010244,"Stojcheski, Aleksandar",MKD,M,,,,1921,0,40,AUG25,2008,
15011631,"Stojcheski, Goran",MKD,M,,,,1528,0,20,AUG25,1969,
15001067,"Stojchev, Goce",MKD,M,,,,2189,0,20,AUG25,1976,
15011607,"Stojchevski, Dime",MKD,M,,,,1527,0,40,AUG25,2007,i
15007286,"Stojchevski, Martin",MKD,M,,,,1815,0,20,AUG25,1997,i
15017907,"Stojilkov, Ivan",MKD,M,,,,1580,0,20,AUG25,2006,
15004260,"Stojkoski, Acko",MKD,M,,,,1949,0,20,AUG25,1966,
15012212,"Stojkoski, Leonid",MKD,M,,,,1570,0,20,AUG25,1998,i
15017672,"Stojkov, Kristijan",MKD,M,,,,1543,0,40,AUG25,2012,
15002594,"Stojkovska, Monika",MKD,F,WFM,WFM,,1940,0,20,AUG25,1993,w
15012239,"Stojkovski, Pece",MKD,M,,,,1705,0,20,AUG25,1983,i
15013979,"Stojkovski, Stilijan",MKD,M,,,,1618,0,40,AUG25,2011,
15004538,"Stojmanovski, Toni",MKD,M,,,,1956,0,20,AUG25,1969,i
15004716,"Stojov, Sasho",MKD,M,,,,1917,0,20,AUG25,1964,i
15008304,"Stolevski, Kristijan",MKD,M,,,,1749,0,20,AUG25,1996,i
15000761,"Stosevski, Ilija",MKD,M,,,,2043,0,20,AUG25,1947,
15008673,"Strezovski, Filip",MKD,M,,,,1654,0,20,AUG25,1997,i
15013014,"Su, Erol",MKD,M,,,,1670,0,20,AUG25,1976,
15002241,"Suajibi, Dritan",MKD,M,,,,2008,0,20,AUG25,1986,i
15007278,"Suklevski, Blazhe",MKD,M,,,,1655,0,20,AUG25,2003,i
15008916,"Sulejmani, Bekim",MKD,M,,,,1847,0,20,AUG25,1977,
15021068,"Sulejmani, Emir",MKD,M,,,,1403,0,40,AUG25,2012,
15004139,"Sulejmani, Shaim",MKD,M,,,,1754,0,20,AUG25,1953,
15017729,"Sulejmani, Xhelal",MKD,M,,,,1876,0,40,AUG25,1970,
15003922,"Surlovski, Dushko",MKD,M,,,,1919,0,20,AUG25,1952,
15007138,"Tabakovski, Dino",MKD,M,,,,1785,0,20,AUG25,2005,
15001105,"Tairi, Asip",MKD,M,,,,1950,0,20,AUG25,1957,i
15001679,"Tairi, Krenar",MKD,M,,,,1975,0,20,AUG25,1996,i
15018857,"Tairi, Xhemail",MKD,M,,,,1685,0,40,AUG25,1986,i
15004333,"Taleski, Vaso",MKD,M,,,,1862,0,20,AUG25,1958,
15016943,"Talevski, Martin",MKD,M,,,,1645,0,40,AUG25,1995,i
15001113,"Tancev, Zoran",MKD,M,,,,2296,0,20,AUG25,1978,i
15016900,"Tancevski, Bozhidar",MKD,M,,,,1495,0,40,AUG25,2009,
15012980,"Tancevski, Krste",MKD,M,,,,1560,0,20,AUG25,1984,
15013154,"Tanchev, Borche",MKD,M,,,,1879,0,20,AUG25,1972,
15020274,"Tanchev, Hristijan",MKD,M,,,,1461,0,40,AUG25,2019,
15016528,"Tanchev, Jovan",MKD,M,,,,1489,0,40,AUG25,2015,
15014720,"Tanchev, Pero",MKD,M,,,,1605,0,20,AUG25,1969,i
15016315,"Tankoski, Krste",MKD,M,,,,1564,0,40,AUG25,2010,
15018954,"Tanurovski, Gjorgji",MKD,M,,,,1630,0,40,AUG25,1954,
15019241,"Taravari, Ensar",MKD,M,,,,1452,0,40,AUG25,2017,
15009653,"Tasevski, Aleksandar",MKD,M,,,,1710,0,20,AUG25,2001,i
15003795,"Tasevski, Daniel",MKD,M,,,,AFM,1757,7,AUG25,1989,
15016560,"Tashev, Martin",MKD,M,,,,1714,0,40,AUG25,1985,i
15019195,"Tasheva, Zorica",MKD,F,,,,1554,0,40,AUG25,1960,w
15000800,"Tashevski, Atanas",MKD,M,,,,1841,7,20,AUG25,1958,
15017010,"Tashkovski, Martin",MKD,M,,,,1578,0,40,AUG25,2009,
15013251,"Tefov, Dame",MKD,M,,,,1577,0,40,AUG25,2005,i
15015823,"Temelkoski, Stojance",MKD,M,,,,2041,0,40,AUG25,1960,
15011356,"Temelkov, Aleksandar",MKD,M,,,,1759,0,20,AUG25,1997,
15001385,"Temkov, Blagoja",MKD,M,,,,1791,0,20,AUG25,1974,
15019373,"Tenev, Lukijan",MKD,M,,,,1504,0,40,AUG25,2014,
15003809,"Tevdovski, Zoran",MKD,M,,,,1842,0,20,AUG25,1981,
15020088,"Todoroski, Darko",MKD,M,,,,1784,0,40,AUG25,1985,
15012840,"Todorovski, Aleksandar",MKD,M,,,,1745,0,20,AUG25,1996,i
15002144,"Todorovski, Ilija",MKD,M,,,,1944,0,20,AUG25,1947,
15000710,"Todorovski, Tome",MKD,M,,,,2080,0,20,AUG25,1953,
15018210,"Todorovski, Vedran",MKD,M,,,,1581,0,40,AUG25,2006,i
15003930,"Todorovski, Vlado",MKD,M,,,,1935,0,20,AUG25,1940,i
15012867,"Todosiev, Mitko",MKD,M,,,,1620,0,20,AUG25,1953,
15006867,"Tomanovski, Dimitar",MKD,M,,,,1621,0,20,AUG25,2004,i
15005488,"Tomoski,Tode",MKD,M,,,,1773,0,20,AUG25,1954,i
15019322,"Tomov, Vancho",MKD,M,,,,1693,0,40,AUG25,1961,
15016986,"Tomova, Katja",MKD,F,,,,1485,0,40,AUG25,2015,wi
15013391,"Tomovski, Ilija",MKD,M,,,,1590,0,20,AUG25,1989,i
15008746,"Tonevski, Hristijan",MKD,M,,,,1509,0,20,AUG25,1995,i
15003566,"Topalov, Nikola",MKD,M,,,,1575,0,20,AUG25,1948,
15014886,"Tosev, Nikola",MKD,M,,,,1588,0,20,AUG25,1981,i
15001210,"Trajanoska, Kalina",MKD,F,,,,1712,0,20,AUG25,1996,wi
15001954,"Trajanovski, Ratko",MKD,M,,,,2054,0,20,AUG25,1965,i
15006875,"Trajanovski, Zoki",MKD,M,,,,1459,0,40,AUG25,2005,i
15001504,"Trajkoski, Goran",MKD,M,,,,1747,0,20,AUG25,1977,i
15000575,"Trajkoski, Slave",MKD,M,FM,,,2153,0,20,AUG25,1957,i
15005070,"Trajkov, Vancho",MKD,M,,,,1569,0,20,AUG25,1969,
15011240,"Trajkova, Lana",MKD,F,,,,1440,0,40,AUG25,2010,w
15012247,"Trajkovska, Marija",MKD,F,,,,1422,0,20,AUG25,2002,wi
15001822,"Trajkovska, Sanja",MKD,F,,,,1904,0,20,AUG25,1981,wi
15010864,"Trajkovski, Irinej",MKD,M,,,,1435,0,40,AUG25,2013,i
15015483,"Trajkovski, Mario",MKD,M,,,,1540,0,40,AUG25,2006,i
15014622,"Trajkovski, Martin",MKD,M,,,,1505,0,40,AUG25,2003,
15000567,"Trajkovski, Mile",MKD,M,,,,1968,0,20,AUG25,1955,
15015688,"Trajkovski, Teodor",MKD,M,,,,1450,0,40,AUG25,2010,i
15004341,"Trajkovski, Vladica",MKD,M,,,,1980,0,20,AUG25,1978,i
15003949,"Treneski, Slave",MKD,M,,,,1792,0,20,AUG25,1956,i
15009335,"Trimcevski, Darko",MKD,M,,,,1668,0,20,AUG25,2002,i
15000451,"Trkaljanov, Vladimir",MKD,M,FM,,,2114,0,20,AUG25,1955,i
15009971,"Trpchev, Mitar",MKD,M,,,,1659,0,20,AUG25,1961,i
15016129,"Trpenovski, Nikola",MKD,M,,,,1575,0,20,AUG25,1968,
15009149,"Trpkovski, Pavel",MKD,M,,,,1460,0,40,AUG25,2007,
15013103,"Turturov, Jovan",MKD,M,,,,1411,0,40,AUG25,1976,
15003507,"Ugrinovski, Kiro",MKD,M,,,,1923,0,20,AUG25,1965,i
15013332,"Ujgunoski, Mario",MKD,M,,,,1449,0,40,AUG25,2005,i
15006425,"Ukshini, Valon",MKD,M,,,,1917,0,20,AUG25,1993,i
15019829,"Useini, Labinot",MKD,M,,,,1905,0,40,AUG25,1992,
15006190,"Usejni, Ljabinot",MKD,M,,,,1785,0,20,AUG25,1992,i
15013294,"Usovic, Goran",MKD,M,,,,1583,0,20,AUG25,1969,
15003086,"Vasilevski, Igor",MKD,M,,,,1860,0,20,AUG25,1974,i
15005437,"Vasilevski,Igor A",MKD,M,,,,1574,0,20,AUG25,1971,i
15002020,"Veleska, Viktorija",MKD,F,,,,1708,0,20,AUG25,1990,w
15010228,"Veleski, Dimche",MKD,M,,,,1743,0,20,AUG25,1976,
15002217,"Veleski, Ljupco",MKD,M,,,,1765,0,20,AUG25,1958,
15001008,"Veleski, Robert",MKD,M,FM,,,2187,0,20,AUG25,1972,
15010422,"Veleva, Ilijana",MKD,F,,,,1625,0,40,AUG25,2013,w
15006441,"Veleva, Teodora",MKD,F,,NA,,1575,0,20,AUG25,2006,w
15014495,"Velichkov, Ilon",MKD,M,,,,1523,0,40,AUG25,2015,
15005658,"Velichkovski,Milan",MKD,M,,,,1926,0,20,AUG25,1997,i
15008908,"Velija, Florim",MKD,M,,,,1790,0,20,AUG25,1978,
15005453,"Veliu, Blerim",MKD,M,,,,1804,0,20,AUG25,1979,i
15003604,"Veljanoski, Andrej",MKD,M,FM,,,2270,9,20,AUG25,2004,
15006263,"Veljkovic, Nikola",MKD,M,,,,1570,0,20,AUG25,2000,i
15008177,"Velkoska, Ivana",MKD,F,,,,1567,0,40,AUG25,2010,wi
15005992,"Velkoski, Ivan",MKD,M,,,,1887,0,20,AUG25,2006,
15006905,"Velkoski, Stojan",MKD,M,,,,2061,0,20,AUG25,2005,
15013480,"Velkov, Ilija",MKD,M,,,,1750,0,40,AUG25,2008,
15004546,"Velkovski, Ilcho",MKD,M,,,,1794,0,20,AUG25,1964,i
15003000,"Velkovski, Kristijan",MKD,M,,,,1861,0,20,AUG25,2003,i
15005623,"Velkovski, Stoislav",MKD,M,,,,1823,0,20,AUG25,1950,i
15004694,"Velkovski, Zoran",MKD,M,,,,1691,0,20,AUG25,1985,i
15003035,"Vesovski, Zoran",MKD,M,,,,1727,0,20,AUG25,1963,i
15009343,"Vexhiu, Xhunet",MKD,M,,,,1817,0,20,AUG25,1979,i
15016579,"Vidichek, Filip",MKD,M,,,,1650,0,40,AUG25,2011,
15015807,"Vidikjevski, Vancho",MKD,M,,,,1913,0,20,AUG25,1967,
15001040,"Vladimirov, Vladimir",MKD,M,,NA,,2102,0,20,AUG25,1970,
15003582,"Vlahovic, Velimir",MKD,M,,,,1705,0,20,AUG25,2004,i
15014223,"Vlakeski, Dimitar",MKD,M,,,,1664,0,20,AUG25,2004,
15012824,"Voca, Enis",MKD,M,,,,1630,0,40,AUG25,2013,
15006255,"Vojneski, Gorazd",MKD,M,,,,1495,0,40,AUG25,2008,i
15013537,"Vojnovski, Goran",MKD,M,,,,1846,0,20,AUG25,1970,
15020169,"Volcheski, Strasho",MKD,M,,,,1433,0,40,AUG25,2013,
15010619,"Vrenezi, Alim",MKD,M,,,,1666,0,20,AUG25,1983,i
15014320,"Vrenezi, Evzi",MKD,M,,,,1689,0,20,AUG25,1973,i
15011070,"Vuckovski, Mihajlo",MKD,M,,,,1746,0,40,AUG25,1956,
15014983,"Vukashinovikj, Jovan",MKD,M,,,,1833,0,40,AUG25,2015,
15001512,"Vukelic, Zvonimir",MKD,M,,,,1881,0,20,AUG25,1942,i
15013960,"Vukovic, Maksimilijan",MKD,M,,,,1840,0,40,AUG25,2005,i
15012581,"Xhaferi, Nexhat",MKD,M,,,,1849,0,20,AUG25,1966,i
15009351,"Xheladini, Valton",MKD,M,,,,1917,0,20,AUG25,2006,
15008126,"Xhelili, Sali",MKD,M,,,,1803,0,20,AUG25,1963,
15014940,"Zafiroski, Nenad",MKD,M,,,,1692,0,40,AUG25,2005,i
15004724,Zafirov Mite,MKD,M,,,,1850,0,20,AUG25,1955,
15011321,"Zafirov, Marko",MKD,M,,,,1537,0,40,AUG25,2013,
15001709,"Zafirovski, Tode",MKD,M,,,,2038,0,20,AUG25,1958,i
15020142,"Zahariev, Vasko",MKD,M,,,,1804,0,40,AUG25,1978,
15009360,"Zaharievski, Toni",MKD,M,,,,1800,0,20,AUG25,1970,i
15002489,"Zashev, Aleksandar",MKD,M,,,,1891,0,40,AUG25,1970,
15021238,"Zashev, Zvonko",MKD,M,,,,1518,0,40,AUG25,1966,
15020134,"Zdraveska, Ilina",MKD,F,,,,1455,0,40,AUG25,2013,w
15004279,"Zdraveski, Aco",MKD,M,,,,1672,0,40,AUG25,1954,
15013324,"Zdravkoski, Milorad",MKD,M,,,,1495,0,20,AUG25,1961,i
15004562,Zdravkovski Ivo,MKD,M,,,,1881,0,20,AUG25,1967,i
15006387,"Zeca, Skrielj",MKD,M,,,,1826,0,20,AUG25,1962,
15009858,"Zelenikovski, Metodi",MKD,M,,,,1728,0,20,AUG25,1993,i
15009734,"Zendeli, Nehas",MKD,M,,,,1893,0,20,AUG25,1982,i
15008029,"Zendeli, Selami",MKD,M,,,,1755,0,20,AUG25,1955,i
15007510,"Zendeli, Selver",MKD,M,,,,1762,0,20,AUG25,1983,
15006379,"Zenuni, Sabri",MKD,M,,,,2028,0,20,AUG25,1968,
15006026,"Zenuni, Salim",MKD,M,,,,1808,0,20,AUG25,1962,
15018865,"Zeqiri, Astrit",MKD,M,,,,1677,0,40,AUG25,1997,i
15008134,"Zeqiri, Isa",MKD,M,,,,1788,0,20,AUG25,1961,i
15021076,"Zeqirov, Meqail",MKD,M,,,,1508,0,40,AUG25,1966,
15004872,Zhezhov Anton,MKD,M,,,,1614,0,20,AUG25,1997,i
15001318,"Zhezhov, Emil",MKD,M,,,,AFM,1736,0,AUG25,1969,
15007588,"Zhezhovska, Monika",MKD,F,WFM,WFM,,1957,0,40,AUG25,2008,w
15008479,"Zhezhovski, Marjan",MKD,M,,,,1699,0,20,AUG25,1970,
15018253,"Zhungulov, Bobo",MKD,M,,,,1541,0,40,AUG25,2009,i
15004295,"Ziberi, Said",MKD,M,,,,2129,0,20,AUG25,1963,i
15002268,"Zigic, Gjuro",MKD,M,,,,1741,0,20,AUG25,1963,i
15006468,"Zimberi, Fatmir",MKD,M,,,,1861,0,20,AUG25,1982,i
15019314,"Zlatanovski, Jakov",MKD,M,,,,1473,0,40,AUG25,2013,
15005402,"Zlatkov, Anton",MKD,M,FM,,,2348,0,20,AUG25,2007,
15005500,"Zlatkov, Dimitar",MKD,M,,,,1731,0,20,AUG25,1971,i
15006484,"Zlatkova, Ana",MKD,F,,,,1530,0,40,AUG25,2007,wi
15016153,"Zoev, Josif",MKD,M,,,,1455,0,40,AUG25,2008,
15005127,"Zrmanovska, Mihaela",MKD,F,,,,1591,0,20,AUG25,2006,wi
15008142,"Zulbehari, Enver",MKD,M,,,,1726,0,20,AUG25,1956,i
15008150,"Zulbehari, Muhamet",MKD,M,,,,2049,0,20,AUG25,1969,i
15011526,"Zumberi, Mumin",MKD,M,,,,1791,0,20,AUG25,1982,i
15004961,"Zvezdakoski, Matej",MKD,M,,,,1974,0,20,AUG25,2005,