[
  {
    "ID Number": "19602081"
  },
  {
    "ID Number": "19600615"
  },
  {
    "ID Number": "19601484"
  },
  {
    "ID Number": "19600372"
  },
  {
    "ID Number": "19608241"
  },
  {
    "ID Number": "19604416"
  },
  {
    "ID Number": "19606192"
  },
  {
    "ID Number": "19600488"
  },
  {
    "ID Number": "19603720"
  },
  {
    "ID Number": "19602340"
  },
  {
    "ID Number": "19605226"
  },
  {
    "ID Number": "19600062"
  },
  {
    "ID Number": "19601891"
  },
  {
    "ID Number": "19600364"
  },
  {
    "ID Number": "19600399"
  },
  {
    "ID Number": "19601379"
  },
  {
    "ID Number": "19604645"
  },
  {
    "ID Number": "19600470"
  },
  {
    "ID Number": "19601131"
  },
  {
    "ID Number": "19607326"
  },
  {
    "ID Number": "19600100"
  },
  {
    "ID Number": "19601166"
  },
  {
    "ID Number": "19600135"
  },
  {
    "ID Number": "19605900"
  },
  {
    "ID Number": "19606486"
  },
  {
    "ID Number": "19601034"
  },
  {
    "ID Number": "19600623"
  },
  {
    "ID Number": "19601476"
  },
  {
    "ID Number": "19602189"
  },
  {
    "ID Number": "19608420"
  },
  {
    "ID Number": "19603428"
  },
  {
    "ID Number": "19601115"
  },
  {
    "ID Number": "19600151"
  },
  {
    "ID Number": "19600909"
  },
  {
    "ID Number": "19601069"
  },
  {
    "ID Number": "19601930"
  },
  {
    "ID Number": "19600011"
  },
  {
    "ID Number": "19604653"
  },
  {
    "ID Number": "19607040"
  },
  {
    "ID Number": "19601719"
  },
  {
    "ID Number": "19607687"
  },
  {
    "ID Number": "19609698"
  },
  {
    "ID Number": "19601506"
  },
  {
    "ID Number": "19600518"
  },
  {
    "ID Number": "19601204"
  },
  {
    "ID Number": "19600828"
  },
  {
    "ID Number": "19606680"
  },
  {
    "ID Number": "19600178"
  },
  {
    "ID Number": "19607091"
  },
  {
    "ID Number": "19609027"
  },
  {
    "ID Number": "19601212"
  },
  {
    "ID Number": "19603460"
  },
  {
    "ID Number": "19609221"
  },
  {
    "ID Number": "19601433"
  },
  {
    "ID Number": "19600089"
  },
  {
    "ID Number": "19600291"
  },
  {
    "ID Number": "19600054"
  },
  {
    "ID Number": "19605790"
  },
  {
    "ID Number": "19600127"
  },
  {
    "ID Number": "19605609"
  },
  {
    "ID Number": "19600020"
  },
  {
    "ID Number": "19611420"
  },
  {
    "ID Number": "19603754"
  },
  {
    "ID Number": "19604858"
  },
  {
    "ID Number": "19600917"
  },
  {
    "ID Number": "19604505"
  },
  {
    "ID Number": "19602090"
  },
  {
    "ID Number": "19607237"
  },
  {
    "ID Number": "19600526"
  },
  {
    "ID Number": "19605650"
  },
  {
    "ID Number": "19601441"
  },
  {
    "ID Number": "19609280"
  },
  {
    "ID Number": "19605773"
  },
  {
    "ID Number": "19609051"
  },
  {
    "ID Number": "19602111"
  },
  {
    "ID Number": "19601549"
  },
  {
    "ID Number": "19609671"
  },
  {
    "ID Number": "19603606"
  },
  {
    "ID Number": "19601751"
  },
  {
    "ID Number": "19601093"
  },
  {
    "ID Number": "19608411"
  },
  {
    "ID Number": "19601743"
  },
  {
    "ID Number": "19601395"
  },
  {
    "ID Number": "19605684"
  },
  {
    "ID Number": "19601409"
  },
  {
    "ID Number": "19603410"
  },
  {
    "ID Number": "19603533"
  },
  {
    "ID Number": "19606656"
  },
  {
    "ID Number": "19606532"
  },
  {
    "ID Number": "19602120"
  },
  {
    "ID Number": "19600330"
  },
  {
    "ID Number": "19600410"
  },
  {
    "ID Number": "19601670"
  },
  {
    "ID Number": "19601123"
  },
  {
    "ID Number": "19600844"
  },
  {
    "ID Number": "19606800"
  },
  {
    "ID Number": "19606087"
  },
  {
    "ID Number": "19604360"
  },
  {
    "ID Number": "19605730"
  },
  {
    "ID Number": "19601824"
  },
  {
    "ID Number": "19605005"
  },
  {
    "ID Number": "19601107"
  },
  {
    "ID Number": "19603690"
  },
  {
    "ID Number": "19604971"
  },
  {
    "ID Number": "19604394"
  },
  {
    "ID Number": "19603614"
  },
  {
    "ID Number": "19604459"
  },
  {
    "ID Number": "19606117"
  },
  {
    "ID Number": "19600569"
  },
  {
    "ID Number": "19600755"
  },
  {
    "ID Number": "19600259"
  },
  {
    "ID Number": "19606109"
  },
  {
    "ID Number": "19600593"
  },
  {
    "ID Number": "19602073"
  },
  {
    "ID Number": "19606931"
  },
  {
    "ID Number": "19601794"
  },
  {
    "ID Number": "19600097"
  },
  {
    "ID Number": "19600429"
  },
  {
    "ID Number": "19604378"
  },
  {
    "ID Number": "19600631"
  },
  {
    "ID Number": "19606699"
  },
  {
    "ID Number": "19605536"
  },
  {
    "ID Number": "19601190"
  },
  {
    "ID Number": "19604670"
  },
  {
    "ID Number": "19600186"
  },
  {
    "ID Number": "19601530"
  },
  {
    "ID Number": "19600216"
  },
  {
    "ID Number": "19601140"
  },
  {
    "ID Number": "19606290"
  },
  {
    "ID Number": "26030900"
  },
  {
    "ID Number": "19600836"
  },
  {
    "ID Number": "19600038"
  },
  {
    "ID Number": "19605420"
  },
  {
    "ID Number": "19600402"
  },
  {
    "ID Number": "19600160"
  },
  {
    "ID Number": "19609035"
  },
  {
    "ID Number": "19606370"
  }
]