[
  {
    "ID Number": "9800069",
    "Name": "Hoareau, Benjamin",
    "Fed": "SEY",
    "Sex": "M",
    "Title": "CM",
    "WTit": "",
    "OTit": "",
    "Rating": "1861",
    "Gms": "0",
    "K": "20",
    "RatingMonth": "AUG25",
    "B-day": "1982",
    "Flag": "i"
  },
  {
    "ID Number": "9800352",
    "Name": "Kate, Timothy",
    "Fed": "SEY",
    "Sex": "M",
    "Title": "",
    "WTit": "",
    "OTit": "",
    "Rating": "1767",
    "Gms": "0",
    "K": "20",
    "RatingMonth": "AUG25",
    "B-day": "1997",
    "Flag": "i"
  },
  {
    "ID Number": "9800158",
    "Name": "Meier, Peter",
    "Fed": "SEY",
    "Sex": "M",
    "Title": "CM",
    "WTit": "",
    "OTit": "",
    "Rating": "2103",
    "Gms": "0",
    "K": "20",
    "RatingMonth": "AUG25",
    "B-day": "1985",
    "Flag": "i"
  },
  {
    "ID Number": "9800174",
    "Name": "Pillay, Ragul",
    "Fed": "SEY",
    "Sex": "M",
    "Title": "CM",
    "WTit": "",
    "OTit": "",
    "Rating": "1627",
    "Gms": "0",
    "K": "20",
    "RatingMonth": "AUG25",
    "B-day": "1994",
    "Flag": "i"
  },
  {
    "ID Number": "9800816",
    "Name": "Pillay, Viswarajan",
    "Fed": "SEY",
    "Sex": "M",
    "Title": "",
    "WTit": "",
    "OTit": "",
    "Rating": "1699",
    "Gms": "0",
    "K": "20",
    "RatingMonth": "AUG25",
    "B-day": "2001",
    "Flag": ""
  },
  {
    "ID Number": "24613959",
    "Name": "Stratonowitsch, Andre",
    "Fed": "SEY",
    "Sex": "M",
    "Title": "FM",
    "WTit": "",
    "OTit": "",
    "Rating": "2137",
    "Gms": "0",
    "K": "20",
    "RatingMonth": "AUG25",
    "B-day": "1986",
    "Flag": "i"
  }
]