[
  {
    "ID Number": "12102709",
    "Name": "Ahmad, Saif",
    "Fed": "QAT",
    "Sex": "M",
    "Title": "",
    "WTit": "",
    "OTit": "",
    "FOA": "1549",
    "Rating": "AUG25",
    "Gms": "0",
    "K": "40",
    "B-day": "2008",
    "Flag": ""
  },
  {
    "ID Number": "121105446",
    "Name": "Al Hitmi, Mubarak",
    "Fed": "QAT",
    "Sex": "M",
    "Title": "",
    "WTit": "",
    "OTit": "",
    "FOA": "1477",
    "Rating": "AUG25",
    "Gms": "0",
    "K": "40",
    "B-day": "1974",
    "Flag": ""
  },
  {
    "ID Number": "12100242",
    "Name": "Al Qassabi, Mansour",
    "Fed": "QAT",
    "Sex": "M",
    "Title": "",
    "WTit": "",
    "OTit": "",
    "FOA": "2099",
    "Rating": "AUG25",
    "Gms": "0",
    "K": "20",
    "B-day": "1978",
    "Flag": "i"
  },
  {
    "ID Number": "12102741",
    "Name": "Al-Ghanem, Tameem",
    "Fed": "QAT",
    "Sex": "M",
    "Title": "",
    "WTit": "",
    "OTit": "",
    "FOA": "1437",
    "Rating": "AUG25",
    "Gms": "0",
    "K": "40",
    "B-day": "2005",
    "Flag": "i"
  },
  {
    "ID Number": "12102636",
    "Name": "Al-Hammadi, Amer",
    "Fed": "QAT",
    "Sex": "M",
    "Title": "",
    "WTit": "",
    "OTit": "",
    "FOA": "1454",
    "Rating": "AUG25",
    "Gms": "0",
    "K": "40",
    "B-day": "2013",
    "Flag": "i"
  },
  {
    "ID Number": "12102628",
    "Name": "Al-Hammadi, Asma",
    "Fed": "QAT",
    "Sex": "F",
    "Title": "",
    "WTit": "",
    "OTit": "",
    "FOA": "1403",
    "Rating": "AUG25",
    "Gms": "0",
    "K": "40",
    "B-day": "2015",
    "Flag": "w"
  },
  {
    "ID Number": "12101001",
    "Name": "Al-Hor, Salih",
    "Fed": "QAT",
    "Sex": "M",
    "Title": "",
    "WTit": "",
    "OTit": "",
    "FOA": "1816",
    "Rating": "AUG25",
    "Gms": "0",
    "K": "20",
    "B-day": "2000",
    "Flag": "i"
  },
  {
    "ID Number": "12102881",
    "Name": "Al-Hothi, Bader",
    "Fed": "QAT",
    "Sex": "M",
    "Title": "",
    "WTit": "",
    "OTit": "",
    "FOA": "1410",
    "Rating": "AUG25",
    "Gms": "0",
    "K": "40",
    "B-day": "2011",
    "Flag": ""
  },
  {
    "ID Number": "12102385",
    "Name": "Al-Janahi, Ibrahim",
    "Fed": "QAT",
    "Sex": "M",
    "Title": "",
    "WTit": "",
    "OTit": "",
    "FOA": "1637",
    "Rating": "AUG25",
    "Gms": "0",
    "K": "40",
    "B-day": "2011",
    "Flag": ""
  },
  {
    "ID Number": "12100625",
    "Name": "Al-Khelaifi, Aisha",
    "Fed": "QAT",
    "Sex": "F",
    "Title": "WCM",
    "WTit": "WCM",
    "OTit": "NA",
    "FOA": "1740",
    "Rating": "AUG25",
    "Gms": "0",
    "K": "20",
    "B-day": "1992",
    "Flag": "wi"
  },
  {
    "ID Number": "12100145",
    "Name": "Al-Khelaifi, Kholoud",
    "Fed": "QAT",
    "Sex": "F",
    "Title": "WCM",
    "WTit": "WCM",
    "OTit": "",
    "FOA": "1624",
    "Rating": "AUG25",
    "Gms": "0",
    "K": "20",
    "B-day": "1991",
    "Flag": "wi"
  },
  {
    "ID Number": "12100048",
    "Name": "Al-Khelaifi, Salama",
    "Fed": "QAT",
    "Sex": "F",
    "Title": "WFM",
    "WTit": "WFM",
    "OTit": "",
    "FOA": "1796",
    "Rating": "AUG25",
    "Gms": "0",
    "K": "20",
    "B-day": "1991",
    "Flag": "wi"
  },
  {
    "ID Number": "12100633",
    "Name": "Al-Khulaifi, Ghada",
    "Fed": "QAT",
    "Sex": "F",
    "Title": "WCM",
    "WTit": "WCM",
    "OTit": "",
    "FOA": "1696",
    "Rating": "AUG25",
    "Gms": "0",
    "K": "20",
    "B-day": "1995",
    "Flag": "wi"
  },
  {
    "ID Number": "12102679",
    "Name": "Al-Kuwari, Hamad",
    "Fed": "QAT",
    "Sex": "M",
    "Title": "CM",
    "WTit": "",
    "OTit": "",
    "FOA": "1657",
    "Rating": "AUG25",
    "Gms": "0",
    "K": "40",
    "B-day": "2010",
    "Flag": ""
  },
  {
    "ID Number": "12102687",
    "Name": "Al-Kuwari, Turki",
    "Fed": "QAT",
    "Sex": "M",
    "Title": "",
    "WTit": "",
    "OTit": "",
    "FOA": "1592",
    "Rating": "AUG25",
    "Gms": "0",
    "K": "40",
    "B-day": "2007",
    "Flag": ""
  },
  {
    "ID Number": "12102407",
    "Name": "Al-Mansouri, Fahad",
    "Fed": "QAT",
    "Sex": "M",
    "Title": "",
    "WTit": "",
    "OTit": "",
    "FOA": "1509",
    "Rating": "AUG25",
    "Gms": "0",
    "K": "40",
    "B-day": "2007",
    "Flag": ""
  },
  {
    "ID Number": "12100340",
    "Name": "Al-Marri, Omar",
    "Fed": "QAT",
    "Sex": "M",
    "Title": "",
    "WTit": "",
    "OTit": "",
    "FOA": "2111",
    "Rating": "AUG25",
    "Gms": "0",
    "K": "20",
    "B-day": "0",
    "Flag": "i"
  },
  {
    "ID Number": "12100307",
    "Name": "Al-Modiahki, Ali",
    "Fed": "QAT",
    "Sex": "M",
    "Title": "",
    "WTit": "",
    "OTit": "",
    "FOA": "2091",
    "Rating": "AUG25",
    "Gms": "0",
    "K": "20",
    "B-day": "1987",
    "Flag": "i"
  },
  {
    "ID Number": "12100030",
    "Name": "Al-Mudahka, Mohd",
    "Fed": "QAT",
    "Sex": "M",
    "Title": "GM",
    "WTit": "IO",
    "OTit": "",
    "FOA": "2455",
    "Rating": "AUG25",
    "Gms": "0",
    "K": "10",
    "B-day": "1974",
    "Flag": ""
  },
  {
    "ID Number": "12102598",
    "Name": "Al-Naimi, Ali",
    "Fed": "QAT",
    "Sex": "M",
    "Title": "",
    "WTit": "",
    "OTit": "",
    "FOA": "1431",
    "Rating": "AUG25",
    "Gms": "0",
    "K": "40",
    "B-day": "1990",
    "Flag": "i"
  },
  {
    "ID Number": "12102059",
    "Name": "Al-Qassabi, Layan",
    "Fed": "QAT",
    "Sex": "F",
    "Title": "",
    "WTit": "",
    "OTit": "",
    "FOA": "1482",
    "Rating": "AUG25",
    "Gms": "0",
    "K": "40",
    "B-day": "2010",
    "Flag": "w"
  },
  {
    "ID Number": "12102024",
    "Name": "Al-Qassabi, Mohammed",
    "Fed": "QAT",
    "Sex": "M",
    "Title": "",
    "WTit": "",
    "OTit": "",
    "FOA": "1527",
    "Rating": "AUG25",
    "Gms": "0",
    "K": "40",
    "B-day": "2007",
    "Flag": ""
  },
  {
    "ID Number": "12102040",
    "Name": "Al-Qassabi, Rawda",
    "Fed": "QAT",
    "Sex": "F",
    "Title": "",
    "WTit": "",
    "OTit": "",
    "FOA": "1430",
    "Rating": "AUG25",
    "Gms": "0",
    "K": "40",
    "B-day": "2009",
    "Flag": "w"
  },
  {
    "ID Number": "12101036",
    "Name": "Al-Saadi, Ali",
    "Fed": "QAT",
    "Sex": "M",
    "Title": "",
    "WTit": "",
    "OTit": "",
    "FOA": "1550",
    "Rating": "AUG25",
    "Gms": "0",
    "K": "20",
    "B-day": "2004",
    "Flag": "i"
  },
  {
    "ID Number": "12100196",
    "Name": "Al-Sayed, Mohammed",
    "Fed": "QAT",
    "Sex": "M",
    "Title": "GM",
    "WTit": "",
    "OTit": "",
    "FOA": "2480",
    "Rating": "AUG25",
    "Gms": "0",
    "K": "10",
    "B-day": "1981",
    "Flag": "i"
  },
  {
    "ID Number": "12102857",
    "Name": "Al-Shaer, Ali",
    "Fed": "QAT",
    "Sex": "M",
    "Title": "",
    "WTit": "",
    "OTit": "",
    "FOA": "1611",
    "Rating": "AUG25",
    "Gms": "0",
    "K": "40",
    "B-day": "2006",
    "Flag": "i"
  },
  {
    "ID Number": "12102547",
    "Name": "AlFahdawi, Lugien",
    "Fed": "QAT",
    "Sex": "F",
    "Title": "",
    "WTit": "",
    "OTit": "",
    "FOA": "1495",
    "Rating": "AUG25",
    "Gms": "0",
    "K": "40",
    "B-day": "2014",
    "Flag": "w"
  },
  {
    "ID Number": "12102415",
    "Name": "AlJamaat, Khaled",
    "Fed": "QAT",
    "Sex": "M",
    "Title": "",
    "WTit": "",
    "OTit": "",
    "FOA": "1837",
    "Rating": "AUG25",
    "Gms": "0",
    "K": "40",
    "B-day": "2015",
    "Flag": ""
  },
  {
    "ID Number": "12102067",
    "Name": "AlQahtani Khalifa",
    "Fed": "QAT",
    "Sex": "M",
    "Title": "",
    "WTit": "",
    "OTit": "",
    "FOA": "1614",
    "Rating": "AUG25",
    "Gms": "0",
    "K": "40",
    "B-day": "1990",
    "Flag": "i"
  },
  {
    "ID Number": "12100293",
    "Name": "Aziz, Husain",
    "Fed": "QAT",
    "Sex": "M",
    "Title": "IM",
    "WTit": "",
    "OTit": "",
    "FOA": "2354",
    "Rating": "AUG25",
    "Gms": "0",
    "K": "10",
    "B-day": "1985",
    "Flag": ""
  },
  {
    "ID Number": "447010096",
    "Name": "Djerbi, Mohamed",
    "Fed": "QAT",
    "Sex": "M",
    "Title": "",
    "WTit": "",
    "OTit": "",
    "FOA": "1458",
    "Rating": "AUG25",
    "Gms": "0",
    "K": "40",
    "B-day": "2016",
    "Flag": ""
  },
  {
    "ID Number": "12102032",
    "Name": "Erfan Mohamad Firdaus",
    "Fed": "QAT",
    "Sex": "M",
    "Title": "CM",
    "WTit": "",
    "OTit": "",
    "FOA": "1809",
    "Rating": "AUG25",
    "Gms": "0",
    "K": "40",
    "B-day": "2009",
    "Flag": ""
  },
  {
    "ID Number": "12100986",
    "Name": "Ghanem, Al Shamari",
    "Fed": "QAT",
    "Sex": "M",
    "Title": "",
    "WTit": "",
    "OTit": "",
    "FOA": "1802",
    "Rating": "AUG25",
    "Gms": "0",
    "K": "20",
    "B-day": "2001",
    "Flag": "i"
  },
  {
    "ID Number": "12102180",
    "Name": "Khalid Abdulrahman AlKhulaifi",
    "Fed": "QAT",
    "Sex": "M",
    "Title": "",
    "WTit": "",
    "OTit": "",
    "FOA": "1616",
    "Rating": "AUG25",
    "Gms": "0",
    "K": "20",
    "B-day": "1978",
    "Flag": "i"
  },
  {
    "ID Number": "12100277",
    "Name": "Salem, Ali Abdulla",
    "Fed": "QAT",
    "Sex": "M",
    "Title": "",
    "WTit": "",
    "OTit": "",
    "FOA": "2264",
    "Rating": "AUG25",
    "Gms": "0",
    "K": "20",
    "B-day": "0",
    "Flag": "i"
  },
  {
    "ID Number": "12100072",
    "Name": "Yousuf M M Al Mutawa",
    "Fed": "QAT",
    "Sex": "M",
    "Title": "",
    "WTit": "",
    "OTit": "",
    "FOA": "2136",
    "Rating": "AUG25",
    "Gms": "0",
    "K": "20",
    "B-day": "1975",
    "Flag": "i"
  },
  {
    "ID Number": "8600546",
    "Name": "Zhu, Chen",
    "Fed": "QAT",
    "Sex": "F",
    "Title": "GM",
    "WTit": "",
    "OTit": "",
    "FOA": "2280",
    "Rating": "AUG25",
    "Gms": "0",
    "K": "10",
    "B-day": "1976",
    "Flag": "w"
  }
]