[
  {
    "ID Number": "5507669"
  },
  {
    "ID Number": "5511348"
  },
  {
    "ID Number": "5551757"
  },
  {
    "ID Number": "5502993"
  },
  {
    "ID Number": "5512913"
  },
  {
    "ID Number": "5500222"
  },
  {
    "ID Number": "5538939"
  },
  {
    "ID Number": "5538386"
  },
  {
    "ID Number": "5529506"
  },
  {
    "ID Number": "5530709"
  },
  {
    "ID Number": "5522013"
  },
  {
    "ID Number": "5522366"
  },
  {
    "ID Number": "5527333"
  },
  {
    "ID Number": "5503558"
  },
  {
    "ID Number": "5542464"
  },
  {
    "ID Number": "5542472"
  },
  {
    "ID Number": "5534054"
  },
  {
    "ID Number": "5540577"
  },
  {
    "ID Number": "5531152"
  },
  {
    "ID Number": "5511364"
  },
  {
    "ID Number": "5509769"
  },
  {
    "ID Number": "5518350"
  },
  {
    "ID Number": "5523516"
  },
  {
    "ID Number": "5509262"
  },
  {
    "ID Number": "5531314"
  },
  {
    "ID Number": "5501199"
  },
  {
    "ID Number": "5512794"
  },
  {
    "ID Number": "5552893"
  },
  {
    "ID Number": "5554098"
  },
  {
    "ID Number": "5554101"
  },
  {
    "ID Number": "5531144"
  },
  {
    "ID Number": "5517680"
  },
  {
    "ID Number": "5550980"
  },
  {
    "ID Number": "5523559"
  },
  {
    "ID Number": "5514592"
  },
  {
    "ID Number": "5516080"
  },
  {
    "ID Number": "5533449"
  },
  {
    "ID Number": "5517311"
  },
  {
    "ID Number": "5536138"
  },
  {
    "ID Number": "5531497"
  },
  {
    "ID Number": "5522978"
  },
  {
    "ID Number": "5547067"
  },
  {
    "ID Number": "5507812"
  },
  {
    "ID Number": "5562678"
  },
  {
    "ID Number": "5538041"
  },
  {
    "ID Number": "5523800"
  },
  {
    "ID Number": "5550092"
  },
  {
    "ID Number": "5505470"
  },
  {
    "ID Number": "5538831"
  },
  {
    "ID Number": "5510643"
  },
  {
    "ID Number": "5520509"
  },
  {
    "ID Number": "5541298"
  },
  {
    "ID Number": "5504864"
  },
  {
    "ID Number": "5552532"
  },
  {
    "ID Number": "5551773"
  },
  {
    "ID Number": "5513600"
  },
  {
    "ID Number": "5500419"
  },
  {
    "ID Number": "5520886"
  },
  {
    "ID Number": "5548497"
  },
  {
    "ID Number": "5522153"
  },
  {
    "ID Number": "5550777"
  },
  {
    "ID Number": "5532639"
  },
  {
    "ID Number": "5561922"
  },
  {
    "ID Number": "5535816"
  },
  {
    "ID Number": "5505674"
  },
  {
    "ID Number": "5547156"
  },
  {
    "ID Number": "5507316"
  },
  {
    "ID Number": "5521602"
  },
  {
    "ID Number": "5507146"
  },
  {
    "ID Number": "5509602"
  },
  {
    "ID Number": "5517524"
  },
  {
    "ID Number": "5514720"
  },
  {
    "ID Number": "5526450"
  },
  {
    "ID Number": "5518474"
  },
  {
    "ID Number": "5514711"
  },
  {
    "ID Number": "5549760"
  },
  {
    "ID Number": "5502497"
  },
  {
    "ID Number": "5551781"
  },
  {
    "ID Number": "5551005"
  },
  {
    "ID Number": "5538947"
  },
  {
    "ID Number": "5501776"
  },
  {
    "ID Number": "5512212"
  },
  {
    "ID Number": "5502500"
  },
  {
    "ID Number": "5536154"
  },
  {
    "ID Number": "5531969"
  },
  {
    "ID Number": "5551013"
  },
  {
    "ID Number": "5514606"
  },
  {
    "ID Number": "5551021"
  },
  {
    "ID Number": "5544947"
  },
  {
    "ID Number": "5555582"
  },
  {
    "ID Number": "5522005"
  },
  {
    "ID Number": "5537991"
  },
  {
    "ID Number": "5512077"
  },
  {
    "ID Number": "5506360"
  },
  {
    "ID Number": "5505283"
  },
  {
    "ID Number": "5552761"
  },
  {
    "ID Number": "5502977"
  },
  {
    "ID Number": "5561353"
  },
  {
    "ID Number": "5547164"
  },
  {
    "ID Number": "5505895"
  },
  {
    "ID Number": "5505690"
  },
  {
    "ID Number": "5506379"
  },
  {
    "ID Number": "5513049"
  },
  {
    "ID Number": "5529522"
  },
  {
    "ID Number": "5529409"
  },
  {
    "ID Number": "5539153"
  },
  {
    "ID Number": "5560047"
  },
  {
    "ID Number": "5540437"
  },
  {
    "ID Number": "5536170"
  },
  {
    "ID Number": "5544939"
  },
  {
    "ID Number": "5507375"
  },
  {
    "ID Number": "5511330"
  },
  {
    "ID Number": "5522943"
  },
  {
    "ID Number": "5501628"
  },
  {
    "ID Number": "5503019"
  },
  {
    "ID Number": "5500850"
  },
  {
    "ID Number": "5513685"
  },
  {
    "ID Number": "5558956"
  },
  {
    "ID Number": "5500320"
  },
  {
    "ID Number": "5501245"
  },
  {
    "ID Number": "5522854"
  },
  {
    "ID Number": "5551030"
  },
  {
    "ID Number": "5539145"
  },
  {
    "ID Number": "5518652"
  },
  {
    "ID Number": "5510155"
  },
  {
    "ID Number": "5500338"
  },
  {
    "ID Number": "5535298"
  },
  {
    "ID Number": "5540852"
  },
  {
    "ID Number": "5526469"
  },
  {
    "ID Number": "5526493"
  },
  {
    "ID Number": "5509823"
  },
  {
    "ID Number": "5532663"
  },
  {
    "ID Number": "5511372"
  },
  {
    "ID Number": "5521017"
  },
  {
    "ID Number": "5552567"
  },
  {
    "ID Number": "5531802"
  },
  {
    "ID Number": "5555590"
  },
  {
    "ID Number": "5504872"
  },
  {
    "ID Number": "5504341"
  },
  {
    "ID Number": "5552940"
  },
  {
    "ID Number": "5512069"
  },
  {
    "ID Number": "5534119"
  },
  {
    "ID Number": "5533953"
  },
  {
    "ID Number": "5537703"
  },
  {
    "ID Number": "5537711"
  },
  {
    "ID Number": "5505704"
  },
  {
    "ID Number": "5505305"
  },
  {
    "ID Number": "5511232"
  },
  {
    "ID Number": "5535654"
  },
  {
    "ID Number": "5507073"
  },
  {
    "ID Number": "5550513"
  },
  {
    "ID Number": "5544327"
  },
  {
    "ID Number": "5505712"
  },
  {
    "ID Number": "5506905"
  },
  {
    "ID Number": "5521513"
  },
  {
    "ID Number": "5539587"
  },
  {
    "ID Number": "5532698"
  },
  {
    "ID Number": "5541123"
  },
  {
    "ID Number": "600229"
  },
  {
    "ID Number": "5510805"
  },
  {
    "ID Number": "5519888"
  },
  {
    "ID Number": "5531845"
  },
  {
    "ID Number": "5534658"
  },
  {
    "ID Number": "5541131"
  },
  {
    "ID Number": "5546150"
  },
  {
    "ID Number": "5546214"
  },
  {
    "ID Number": "5558700"
  },
  {
    "ID Number": "5523915"
  },
  {
    "ID Number": "5513537"
  },
  {
    "ID Number": "5506913"
  },
  {
    "ID Number": "5511747"
  },
  {
    "ID Number": "5538971"
  },
  {
    "ID Number": "5539455"
  },
  {
    "ID Number": "5539501"
  },
  {
    "ID Number": "5563437"
  },
  {
    "ID Number": "5562686"
  },
  {
    "ID Number": "5530113"
  },
  {
    "ID Number": "5502012"
  },
  {
    "ID Number": "5552486"
  },
  {
    "ID Number": "5538980"
  },
  {
    "ID Number": "5508509"
  },
  {
    "ID Number": "5503531"
  },
  {
    "ID Number": "5505739"
  },
  {
    "ID Number": "5525330"
  },
  {
    "ID Number": "5524610"
  },
  {
    "ID Number": "5556368"
  },
  {
    "ID Number": "5547911"
  },
  {
    "ID Number": "5504899"
  },
  {
    "ID Number": "5513928"
  },
  {
    "ID Number": "5514630"
  },
  {
    "ID Number": "5530717"
  },
  {
    "ID Number": "5545021"
  },
  {
    "ID Number": "5515998"
  },
  {
    "ID Number": "5510414"
  },
  {
    "ID Number": "5530296"
  },
  {
    "ID Number": "5503043"
  },
  {
    "ID Number": "5544360"
  },
  {
    "ID Number": "5551587"
  },
  {
    "ID Number": "5552591"
  },
  {
    "ID Number": "5552605"
  },
  {
    "ID Number": "5502020"
  },
  {
    "ID Number": "5506425"
  },
  {
    "ID Number": "5501261"
  },
  {
    "ID Number": "5507820"
  },
  {
    "ID Number": "5529026"
  },
  {
    "ID Number": "5529433"
  },
  {
    "ID Number": "5509718"
  },
  {
    "ID Number": "5515270"
  },
  {
    "ID Number": "5522749"
  },
  {
    "ID Number": "5500362"
  },
  {
    "ID Number": "5507677"
  },
  {
    "ID Number": "5547237"
  },
  {
    "ID Number": "5519926"
  },
  {
    "ID Number": "5538467"
  },
  {
    "ID Number": "5535441"
  },
  {
    "ID Number": "5507944"
  },
  {
    "ID Number": "5515831"
  },
  {
    "ID Number": "5500389"
  },
  {
    "ID Number": "5555310"
  },
  {
    "ID Number": "5539234"
  },
  {
    "ID Number": "5503884"
  },
  {
    "ID Number": "5558727"
  },
  {
    "ID Number": "5519730"
  },
  {
    "ID Number": "5544912"
  },
  {
    "ID Number": "5526710"
  },
  {
    "ID Number": "5532094"
  },
  {
    "ID Number": "5558735"
  },
  {
    "ID Number": "5550211"
  },
  {
    "ID Number": "5530407"
  },
  {
    "ID Number": "5561540"
  },
  {
    "ID Number": "5508088"
  },
  {
    "ID Number": "5507839"
  },
  {
    "ID Number": "5500397"
  },
  {
    "ID Number": "5547245"
  },
  {
    "ID Number": "5555604"
  },
  {
    "ID Number": "5530130"
  },
  {
    "ID Number": "5539765"
  },
  {
    "ID Number": "5549892"
  },
  {
    "ID Number": "5549795"
  },
  {
    "ID Number": "5523052"
  },
  {
    "ID Number": "5509831"
  },
  {
    "ID Number": "5557925"
  },
  {
    "ID Number": "5557950"
  },
  {
    "ID Number": "5511143"
  },
  {
    "ID Number": "5531462"
  },
  {
    "ID Number": "5524873"
  },
  {
    "ID Number": "5556392"
  },
  {
    "ID Number": "5535433"
  },
  {
    "ID Number": "5564476"
  },
  {
    "ID Number": "5526701"
  },
  {
    "ID Number": "5536057"
  },
  {
    "ID Number": "5507367"
  },
  {
    "ID Number": "5548969"
  },
  {
    "ID Number": "5501296"
  },
  {
    "ID Number": "5503400"
  },
  {
    "ID Number": "5537142"
  },
  {
    "ID Number": "5513405"
  },
  {
    "ID Number": "5504910"
  },
  {
    "ID Number": "5546389"
  },
  {
    "ID Number": "5539102"
  },
  {
    "ID Number": "5538998"
  },
  {
    "ID Number": "5513030"
  },
  {
    "ID Number": "5526809"
  },
  {
    "ID Number": "5540640"
  },
  {
    "ID Number": "5550530"
  },
  {
    "ID Number": "5539161"
  },
  {
    "ID Number": "5535689"
  },
  {
    "ID Number": "5519527"
  },
  {
    "ID Number": "5517559"
  },
  {
    "ID Number": "5561442"
  },
  {
    "ID Number": "5514797"
  },
  {
    "ID Number": "5533309"
  },
  {
    "ID Number": "5544882"
  },
  {
    "ID Number": "5557089"
  },
  {
    "ID Number": "5507308"
  },
  {
    "ID Number": "5501962"
  },
  {
    "ID Number": "5539480"
  },
  {
    "ID Number": "5535336"
  },
  {
    "ID Number": "5512182"
  },
  {
    "ID Number": "5551064"
  },
  {
    "ID Number": "5562708"
  },
  {
    "ID Number": "5541441"
  },
  {
    "ID Number": "5523630"
  },
  {
    "ID Number": "5556775"
  },
  {
    "ID Number": "5556783"
  },
  {
    "ID Number": "5529441"
  },
  {
    "ID Number": "5509840"
  },
  {
    "ID Number": "5509858"
  },
  {
    "ID Number": "5511267"
  },
  {
    "ID Number": "5544394"
  },
  {
    "ID Number": "5530830"
  },
  {
    "ID Number": "5561965"
  },
  {
    "ID Number": "5561973"
  },
  {
    "ID Number": "5550912"
  },
  {
    "ID Number": "5522528"
  },
  {
    "ID Number": "5519225"
  },
  {
    "ID Number": "5517800"
  },
  {
    "ID Number": "5537150"
  },
  {
    "ID Number": "5506930"
  },
  {
    "ID Number": "5510309"
  },
  {
    "ID Number": "5549809"
  },
  {
    "ID Number": "5557666"
  },
  {
    "ID Number": "5507553"
  },
  {
    "ID Number": "5500311"
  },
  {
    "ID Number": "5560187"
  },
  {
    "ID Number": "5500010"
  },
  {
    "ID Number": "5510384"
  },
  {
    "ID Number": "5551080"
  },
  {
    "ID Number": "5524903"
  },
  {
    "ID Number": "5502560"
  },
  {
    "ID Number": "5509866"
  },
  {
    "ID Number": "5549175"
  },
  {
    "ID Number": "5500460"
  },
  {
    "ID Number": "5554179"
  },
  {
    "ID Number": "5530555"
  },
  {
    "ID Number": "5500370"
  },
  {
    "ID Number": "5552656"
  },
  {
    "ID Number": "5535948"
  },
  {
    "ID Number": "5545048"
  },
  {
    "ID Number": "5511011"
  },
  {
    "ID Number": "5532736"
  },
  {
    "ID Number": "5531527"
  },
  {
    "ID Number": "5530946"
  },
  {
    "ID Number": "5514657"
  },
  {
    "ID Number": "5557097"
  },
  {
    "ID Number": "5519802"
  },
  {
    "ID Number": "5502179"
  },
  {
    "ID Number": "5543380"
  },
  {
    "ID Number": "5506620"
  },
  {
    "ID Number": "5536278"
  },
  {
    "ID Number": "5512085"
  },
  {
    "ID Number": "5518415"
  },
  {
    "ID Number": "5506050"
  },
  {
    "ID Number": "5513693"
  },
  {
    "ID Number": "5508657"
  },
  {
    "ID Number": "5508649"
  },
  {
    "ID Number": "5510031"
  },
  {
    "ID Number": "5508614"
  },
  {
    "ID Number": "5516013"
  },
  {
    "ID Number": "5552664"
  },
  {
    "ID Number": "5529166"
  },
  {
    "ID Number": "5555159"
  },
  {
    "ID Number": "5530423"
  },
  {
    "ID Number": "5501318"
  },
  {
    "ID Number": "5556414"
  },
  {
    "ID Number": "5506638"
  },
  {
    "ID Number": "5556961"
  },
  {
    "ID Number": "5528526"
  },
  {
    "ID Number": "5506069"
  },
  {
    "ID Number": "5503639"
  },
  {
    "ID Number": "5504171"
  },
  {
    "ID Number": "5561981"
  },
  {
    "ID Number": "5533295"
  },
  {
    "ID Number": "5507340"
  },
  {
    "ID Number": "5532744"
  },
  {
    "ID Number": "5534739"
  },
  {
    "ID Number": "5536073"
  },
  {
    "ID Number": "5517702"
  },
  {
    "ID Number": "5545544"
  },
  {
    "ID Number": "5531535"
  },
  {
    "ID Number": "5507502"
  },
  {
    "ID Number": "5511429"
  },
  {
    "ID Number": "5501733"
  },
  {
    "ID Number": "5507286"
  },
  {
    "ID Number": "5545323"
  },
  {
    "ID Number": "5531543"
  },
  {
    "ID Number": "5525756"
  },
  {
    "ID Number": "5507510"
  },
  {
    "ID Number": "5524911"
  },
  {
    "ID Number": "5511313"
  },
  {
    "ID Number": "5537584"
  },
  {
    "ID Number": "5509777"
  },
  {
    "ID Number": "5536294"
  },
  {
    "ID Number": "5560152"
  },
  {
    "ID Number": "5553776"
  },
  {
    "ID Number": "5525500"
  },
  {
    "ID Number": "5501989"
  },
  {
    "ID Number": "5507529"
  },
  {
    "ID Number": "5557968"
  },
  {
    "ID Number": "5523591"
  },
  {
    "ID Number": "5547962"
  },
  {
    "ID Number": "5536308"
  },
  {
    "ID Number": "5544319"
  },
  {
    "ID Number": "5546680"
  },
  {
    "ID Number": "5508100"
  },
  {
    "ID Number": "5547318"
  },
  {
    "ID Number": "5531861"
  },
  {
    "ID Number": "5508134"
  },
  {
    "ID Number": "5517400"
  },
  {
    "ID Number": "5529204"
  },
  {
    "ID Number": "5544335"
  },
  {
    "ID Number": "5502616"
  },
  {
    "ID Number": "5506956"
  },
  {
    "ID Number": "5544246"
  },
  {
    "ID Number": "5550343"
  },
  {
    "ID Number": "5541450"
  },
  {
    "ID Number": "5508142"
  },
  {
    "ID Number": "5511879"
  },
  {
    "ID Number": "5500478"
  },
  {
    "ID Number": "5524628"
  },
  {
    "ID Number": "5519136"
  },
  {
    "ID Number": "5512441"
  },
  {
    "ID Number": "5509793"
  },
  {
    "ID Number": "5530083"
  },
  {
    "ID Number": "5515475"
  },
  {
    "ID Number": "5557976"
  },
  {
    "ID Number": "5557984"
  },
  {
    "ID Number": "5524814"
  },
  {
    "ID Number": "5511453"
  },
  {
    "ID Number": "5545951"
  },
  {
    "ID Number": "5519250"
  },
  {
    "ID Number": "5551951"
  },
  {
    "ID Number": "5500303"
  },
  {
    "ID Number": "5503655"
  },
  {
    "ID Number": "5509629"
  },
  {
    "ID Number": "5503906"
  },
  {
    "ID Number": "5502373"
  },
  {
    "ID Number": "5516200"
  },
  {
    "ID Number": "5536065"
  },
  {
    "ID Number": "5544866"
  },
  {
    "ID Number": "5534461"
  },
  {
    "ID Number": "5536332"
  },
  {
    "ID Number": "5535891"
  },
  {
    "ID Number": "5560632"
  },
  {
    "ID Number": "5502969"
  },
  {
    "ID Number": "5509874"
  },
  {
    "ID Number": "5518555"
  },
  {
    "ID Number": "5530440"
  },
  {
    "ID Number": "5536901"
  },
  {
    "ID Number": "5558719"
  },
  {
    "ID Number": "5500427"
  },
  {
    "ID Number": "5518520"
  },
  {
    "ID Number": "5508665"
  },
  {
    "ID Number": "5500184"
  },
  {
    "ID Number": "5501822"
  },
  {
    "ID Number": "5507707"
  },
  {
    "ID Number": "5509890"
  },
  {
    "ID Number": "5500486"
  },
  {
    "ID Number": "5537967"
  },
  {
    "ID Number": "5541166"
  },
  {
    "ID Number": "5550386"
  },
  {
    "ID Number": "5503272"
  },
  {
    "ID Number": "5537762"
  },
  {
    "ID Number": "5531870"
  },
  {
    "ID Number": "5519179"
  },
  {
    "ID Number": "5545552"
  },
  {
    "ID Number": "5530075"
  },
  {
    "ID Number": "5504473"
  },
  {
    "ID Number": "5518660"
  },
  {
    "ID Number": "5501377"
  },
  {
    "ID Number": "5500494"
  },
  {
    "ID Number": "5522323"
  },
  {
    "ID Number": "5509785"
  },
  {
    "ID Number": "5545579"
  },
  {
    "ID Number": "5536367"
  },
  {
    "ID Number": "5510163"
  },
  {
    "ID Number": "5514207"
  },
  {
    "ID Number": "5518679"
  },
  {
    "ID Number": "5513545"
  },
  {
    "ID Number": "5513251"
  },
  {
    "ID Number": "5555647"
  },
  {
    "ID Number": "5564590"
  },
  {
    "ID Number": "5564611"
  },
  {
    "ID Number": "5502470"
  },
  {
    "ID Number": "5547385"
  },
  {
    "ID Number": "5562082"
  },
  {
    "ID Number": "5533597"
  },
  {
    "ID Number": "5554195"
  },
  {
    "ID Number": "5534216"
  },
  {
    "ID Number": "5548578"
  },
  {
    "ID Number": "5557151"
  },
  {
    "ID Number": "5558379"
  },
  {
    "ID Number": "5551501"
  },
  {
    "ID Number": "5500079"
  },
  {
    "ID Number": "5537770"
  },
  {
    "ID Number": "5500508"
  },
  {
    "ID Number": "5562651"
  },
  {
    "ID Number": "5562694"
  },
  {
    "ID Number": "5547776"
  },
  {
    "ID Number": "5540020"
  },
  {
    "ID Number": "5540496"
  },
  {
    "ID Number": "5507570"
  },
  {
    "ID Number": "5534860"
  },
  {
    "ID Number": "5529581"
  },
  {
    "ID Number": "5546630"
  },
  {
    "ID Number": "5546648"
  },
  {
    "ID Number": "5515637"
  },
  {
    "ID Number": "5529107"
  },
  {
    "ID Number": "5555868"
  },
  {
    "ID Number": "5518490"
  },
  {
    "ID Number": "5506433"
  },
  {
    "ID Number": "5539625"
  },
  {
    "ID Number": "5538106"
  },
  {
    "ID Number": "5532787"
  },
  {
    "ID Number": "5562732"
  },
  {
    "ID Number": "5535611"
  },
  {
    "ID Number": "5545609"
  },
  {
    "ID Number": "5519829"
  },
  {
    "ID Number": "5505801"
  },
  {
    "ID Number": "5550823"
  },
  {
    "ID Number": "5552710"
  },
  {
    "ID Number": "5550831"
  },
  {
    "ID Number": "5513375"
  },
  {
    "ID Number": "5502306"
  },
  {
    "ID Number": "5546028"
  },
  {
    "ID Number": "5541484"
  },
  {
    "ID Number": "5507359"
  },
  {
    "ID Number": "5525047"
  },
  {
    "ID Number": "5526868"
  },
  {
    "ID Number": "5526892"
  },
  {
    "ID Number": "5503060"
  },
  {
    "ID Number": "5548900"
  },
  {
    "ID Number": "5550408"
  },
  {
    "ID Number": "5555485"
  },
  {
    "ID Number": "5534879"
  },
  {
    "ID Number": "5534887"
  },
  {
    "ID Number": "5554209"
  },
  {
    "ID Number": "5562988"
  },
  {
    "ID Number": "5555400"
  },
  {
    "ID Number": "5506980"
  },
  {
    "ID Number": "5508177"
  },
  {
    "ID Number": "5517257"
  },
  {
    "ID Number": "5535700"
  },
  {
    "ID Number": "5529131"
  },
  {
    "ID Number": "5507332"
  },
  {
    "ID Number": "5539633"
  },
  {
    "ID Number": "5518687"
  },
  {
    "ID Number": "5523940"
  },
  {
    "ID Number": "5528003"
  },
  {
    "ID Number": "5558514"
  },
  {
    "ID Number": "5520711"
  },
  {
    "ID Number": "5529972"
  },
  {
    "ID Number": "5558522"
  },
  {
    "ID Number": "5513421"
  },
  {
    "ID Number": "5539536"
  },
  {
    "ID Number": "5531390"
  },
  {
    "ID Number": "5554225"
  },
  {
    "ID Number": "5522080"
  },
  {
    "ID Number": "5515440"
  },
  {
    "ID Number": "5504554"
  },
  {
    "ID Number": "5555663"
  },
  {
    "ID Number": "5502195"
  },
  {
    "ID Number": "5531640"
  },
  {
    "ID Number": "5558425"
  },
  {
    "ID Number": "5504589"
  },
  {
    "ID Number": "5505038"
  },
  {
    "ID Number": "5509335"
  },
  {
    "ID Number": "5515386"
  },
  {
    "ID Number": "5562775"
  },
  {
    "ID Number": "5550939"
  },
  {
    "ID Number": "5504058"
  },
  {
    "ID Number": "5508185"
  },
  {
    "ID Number": "5511844"
  },
  {
    "ID Number": "5500249"
  },
  {
    "ID Number": "5537932"
  },
  {
    "ID Number": "5506271"
  },
  {
    "ID Number": "5525446"
  },
  {
    "ID Number": "5547431"
  },
  {
    "ID Number": "5507324"
  },
  {
    "ID Number": "5514967"
  },
  {
    "ID Number": "5548047"
  },
  {
    "ID Number": "5512700"
  },
  {
    "ID Number": "5536391"
  },
  {
    "ID Number": "5538246"
  },
  {
    "ID Number": "5530024"
  },
  {
    "ID Number": "5506476"
  },
  {
    "ID Number": "5539463"
  },
  {
    "ID Number": "5557194"
  },
  {
    "ID Number": "5511178"
  },
  {
    "ID Number": "5551161"
  },
  {
    "ID Number": "5547440"
  },
  {
    "ID Number": "5535727"
  },
  {
    "ID Number": "5501393"
  },
  {
    "ID Number": "5531888"
  },
  {
    "ID Number": "5507448"
  },
  {
    "ID Number": "5557534"
  },
  {
    "ID Number": "5535735"
  },
  {
    "ID Number": "5510627"
  },
  {
    "ID Number": "5506697"
  },
  {
    "ID Number": "5562945"
  },
  {
    "ID Number": "5530156"
  },
  {
    "ID Number": "5512018"
  },
  {
    "ID Number": "5525462"
  },
  {
    "ID Number": "5558310"
  },
  {
    "ID Number": "5548411"
  },
  {
    "ID Number": "5529140"
  },
  {
    "ID Number": "5540518"
  },
  {
    "ID Number": "5548055"
  },
  {
    "ID Number": "5502209"
  },
  {
    "ID Number": "5540739"
  },
  {
    "ID Number": "5529255"
  },
  {
    "ID Number": "5558603"
  },
  {
    "ID Number": "5529654"
  },
  {
    "ID Number": "5526612"
  },
  {
    "ID Number": "5555671"
  },
  {
    "ID Number": "5547849"
  },
  {
    "ID Number": "5515696"
  },
  {
    "ID Number": "5514428"
  },
  {
    "ID Number": "5513456"
  },
  {
    "ID Number": "5535956"
  },
  {
    "ID Number": "5557542"
  },
  {
    "ID Number": "5538289"
  },
  {
    "ID Number": "5535743"
  },
  {
    "ID Number": "5502080"
  },
  {
    "ID Number": "5550580"
  },
  {
    "ID Number": "5518806"
  },
  {
    "ID Number": "5511534"
  },
  {
    "ID Number": "5507251"
  },
  {
    "ID Number": "5555515"
  },
  {
    "ID Number": "5507979"
  },
  {
    "ID Number": "5527562"
  },
  {
    "ID Number": "5543126"
  },
  {
    "ID Number": "5536413"
  },
  {
    "ID Number": "5517591"
  },
  {
    "ID Number": "5517362"
  },
  {
    "ID Number": "5534976"
  },
  {
    "ID Number": "5530636"
  },
  {
    "ID Number": "5561990"
  },
  {
    "ID Number": "5557569"
  },
  {
    "ID Number": "5506492"
  },
  {
    "ID Number": "5531667"
  },
  {
    "ID Number": "5555680"
  },
  {
    "ID Number": "5555698"
  },
  {
    "ID Number": "5555264"
  },
  {
    "ID Number": "5506190"
  },
  {
    "ID Number": "5530571"
  },
  {
    "ID Number": "5530660"
  },
  {
    "ID Number": "5523150"
  },
  {
    "ID Number": "5562740"
  },
  {
    "ID Number": "5558751"
  },
  {
    "ID Number": "5558743"
  },
  {
    "ID Number": "5500583"
  },
  {
    "ID Number": "5503728"
  },
  {
    "ID Number": "5511550"
  },
  {
    "ID Number": "5503434"
  },
  {
    "ID Number": "5531675"
  },
  {
    "ID Number": "5505445"
  },
  {
    "ID Number": "5507464"
  },
  {
    "ID Number": "5515351"
  },
  {
    "ID Number": "5554772"
  },
  {
    "ID Number": "5519780"
  },
  {
    "ID Number": "5501032"
  },
  {
    "ID Number": "5502640"
  },
  {
    "ID Number": "5519764"
  },
  {
    "ID Number": "5519837"
  },
  {
    "ID Number": "5535859"
  },
  {
    "ID Number": "5552915"
  },
  {
    "ID Number": "5529263"
  },
  {
    "ID Number": "5504627"
  },
  {
    "ID Number": "5504643"
  },
  {
    "ID Number": "5528267"
  },
  {
    "ID Number": "5502659"
  },
  {
    "ID Number": "5549299"
  },
  {
    "ID Number": "5561370"
  },
  {
    "ID Number": "5536430"
  },
  {
    "ID Number": "5537983"
  },
  {
    "ID Number": "5505348"
  },
  {
    "ID Number": "5532817"
  },
  {
    "ID Number": "5501423"
  },
  {
    "ID Number": "5519640"
  },
  {
    "ID Number": "5503108"
  },
  {
    "ID Number": "5523958"
  },
  {
    "ID Number": "5563313"
  },
  {
    "ID Number": "5508215"
  },
  {
    "ID Number": "5506999"
  },
  {
    "ID Number": "5513286"
  },
  {
    "ID Number": "5514517"
  },
  {
    "ID Number": "5550840"
  },
  {
    "ID Number": "5523710"
  },
  {
    "ID Number": "5561388"
  },
  {
    "ID Number": "5519144"
  },
  {
    "ID Number": "5500885"
  },
  {
    "ID Number": "5516633"
  },
  {
    "ID Number": "5513901"
  },
  {
    "ID Number": "5517761"
  },
  {
    "ID Number": "5505097"
  },
  {
    "ID Number": "5537053"
  },
  {
    "ID Number": "5561337"
  },
  {
    "ID Number": "5500591"
  },
  {
    "ID Number": "5509165"
  },
  {
    "ID Number": "5516641"
  },
  {
    "ID Number": "5519845"
  },
  {
    "ID Number": "5536952"
  },
  {
    "ID Number": "5505844"
  },
  {
    "ID Number": "5515874"
  },
  {
    "ID Number": "5562619"
  },
  {
    "ID Number": "5537029"
  },
  {
    "ID Number": "5541581"
  },
  {
    "ID Number": "5500605"
  },
  {
    "ID Number": "5507472"
  },
  {
    "ID Number": "5535751"
  },
  {
    "ID Number": "5553237"
  },
  {
    "ID Number": "5542901"
  },
  {
    "ID Number": "5543754"
  },
  {
    "ID Number": "5508240"
  },
  {
    "ID Number": "5500044"
  },
  {
    "ID Number": "5525136"
  },
  {
    "ID Number": "5544424"
  },
  {
    "ID Number": "5552117"
  },
  {
    "ID Number": "5504236"
  },
  {
    "ID Number": "5509947"
  },
  {
    "ID Number": "5555710"
  },
  {
    "ID Number": "5505356"
  },
  {
    "ID Number": "5540305"
  },
  {
    "ID Number": "5505364"
  },
  {
    "ID Number": "5518482"
  },
  {
    "ID Number": "5554250"
  },
  {
    "ID Number": "5507863"
  },
  {
    "ID Number": "5559995"
  },
  {
    "ID Number": "5501750"
  },
  {
    "ID Number": "5555728"
  },
  {
    "ID Number": "5531020"
  },
  {
    "ID Number": "5510260"
  },
  {
    "ID Number": "5515181"
  },
  {
    "ID Number": "5532825"
  },
  {
    "ID Number": "5507189"
  },
  {
    "ID Number": "5515297"
  },
  {
    "ID Number": "5511216"
  },
  {
    "ID Number": "5555221"
  },
  {
    "ID Number": "5532833"
  },
  {
    "ID Number": "5558620"
  },
  {
    "ID Number": "5528160"
  },
  {
    "ID Number": "5521661"
  },
  {
    "ID Number": "5523532"
  },
  {
    "ID Number": "5519853"
  },
  {
    "ID Number": "5508274"
  },
  {
    "ID Number": "5560454"
  },
  {
    "ID Number": "5530202"
  },
  {
    "ID Number": "5509696"
  },
  {
    "ID Number": "5540755"
  },
  {
    "ID Number": "5562244"
  },
  {
    "ID Number": "5535018"
  },
  {
    "ID Number": "5536731"
  },
  {
    "ID Number": "5511291"
  },
  {
    "ID Number": "5552133"
  },
  {
    "ID Number": "5555205"
  },
  {
    "ID Number": "5500630"
  },
  {
    "ID Number": "5508282"
  },
  {
    "ID Number": "5556210"
  },
  {
    "ID Number": "5541301"
  },
  {
    "ID Number": "5508606"
  },
  {
    "ID Number": "5530539"
  },
  {
    "ID Number": "5512239"
  },
  {
    "ID Number": "5549345"
  },
  {
    "ID Number": "5546109"
  },
  {
    "ID Number": "5500648"
  },
  {
    "ID Number": "5501040"
  },
  {
    "ID Number": "5555736"
  },
  {
    "ID Number": "5562015"
  },
  {
    "ID Number": "5501440"
  },
  {
    "ID Number": "5560780"
  },
  {
    "ID Number": "5550955"
  },
  {
    "ID Number": "5539021"
  },
  {
    "ID Number": "5519721"
  },
  {
    "ID Number": "5548330"
  },
  {
    "ID Number": "5505160"
  },
  {
    "ID Number": "5519713"
  },
  {
    "ID Number": "5535360"
  },
  {
    "ID Number": "5531403"
  },
  {
    "ID Number": "5539030"
  },
  {
    "ID Number": "5530806"
  },
  {
    "ID Number": "5560020"
  },
  {
    "ID Number": "5502063"
  },
  {
    "ID Number": "5502055"
  },
  {
    "ID Number": "5502403"
  },
  {
    "ID Number": "5549361"
  },
  {
    "ID Number": "5547512"
  },
  {
    "ID Number": "5536103"
  },
  {
    "ID Number": "5523702"
  },
  {
    "ID Number": "5531705"
  },
  {
    "ID Number": "5521300"
  },
  {
    "ID Number": "5550106"
  },
  {
    "ID Number": "5544777"
  },
  {
    "ID Number": "5539048"
  },
  {
    "ID Number": "5542669"
  },
  {
    "ID Number": "5550335"
  },
  {
    "ID Number": "5503515"
  },
  {
    "ID Number": "5525160"
  },
  {
    "ID Number": "5539056"
  },
  {
    "ID Number": "5535034"
  },
  {
    "ID Number": "5536456"
  },
  {
    "ID Number": "5504112"
  },
  {
    "ID Number": "5505879"
  },
  {
    "ID Number": "5549558"
  },
  {
    "ID Number": "5548934"
  },
  {
    "ID Number": "5539064"
  },
  {
    "ID Number": "5518440"
  },
  {
    "ID Number": "5531713"
  },
  {
    "ID Number": "5529298"
  },
  {
    "ID Number": "5500672"
  },
  {
    "ID Number": "5502276"
  },
  {
    "ID Number": "5554365"
  },
  {
    "ID Number": "5511135"
  },
  {
    "ID Number": "5540550"
  },
  {
    "ID Number": "5555566"
  },
  {
    "ID Number": "5539293"
  },
  {
    "ID Number": "5535778"
  },
  {
    "ID Number": "5515483"
  },
  {
    "ID Number": "5543797"
  },
  {
    "ID Number": "5502764"
  },
  {
    "ID Number": "5503752"
  },
  {
    "ID Number": "5516528"
  },
  {
    "ID Number": "5523273"
  },
  {
    "ID Number": "5508720"
  },
  {
    "ID Number": "5537495"
  },
  {
    "ID Number": "5558506"
  },
  {
    "ID Number": "5547547"
  },
  {
    "ID Number": "5562023"
  },
  {
    "ID Number": "5500060"
  },
  {
    "ID Number": "5540364"
  },
  {
    "ID Number": "5503140"
  },
  {
    "ID Number": "5537096"
  },
  {
    "ID Number": "5549655"
  },
  {
    "ID Number": "5549663"
  },
  {
    "ID Number": "5550440"
  },
  {
    "ID Number": "5507723"
  },
  {
    "ID Number": "5536472"
  },
  {
    "ID Number": "5536464"
  },
  {
    "ID Number": "5551595"
  },
  {
    "ID Number": "5515491"
  },
  {
    "ID Number": "5515521"
  },
  {
    "ID Number": "5523281"
  },
  {
    "ID Number": "5507995"
  },
  {
    "ID Number": "5511615"
  },
  {
    "ID Number": "5501148"
  },
  {
    "ID Number": "5548187"
  },
  {
    "ID Number": "5531616"
  },
  {
    "ID Number": "5506751"
  },
  {
    "ID Number": "5507561"
  },
  {
    "ID Number": "5501156"
  },
  {
    "ID Number": "5501164"
  },
  {
    "ID Number": "5502322"
  },
  {
    "ID Number": "5530792"
  },
  {
    "ID Number": "5543142"
  },
  {
    "ID Number": "5507413"
  },
  {
    "ID Number": "5510767"
  },
  {
    "ID Number": "5508312"
  },
  {
    "ID Number": "5562996"
  },
  {
    "ID Number": "5503000"
  },
  {
    "ID Number": "5501059"
  },
  {
    "ID Number": "5501652"
  },
  {
    "ID Number": "5548438"
  },
  {
    "ID Number": "5551250"
  },
  {
    "ID Number": "5501660"
  },
  {
    "ID Number": "5522200"
  },
  {
    "ID Number": "5517737"
  },
  {
    "ID Number": "5548942"
  },
  {
    "ID Number": "5508339"
  },
  {
    "ID Number": "5531608"
  },
  {
    "ID Number": "5556740"
  },
  {
    "ID Number": "5523729"
  },
  {
    "ID Number": "5513707"
  },
  {
    "ID Number": "5502772"
  },
  {
    "ID Number": "5502420"
  },
  {
    "ID Number": "5507740"
  },
  {
    "ID Number": "5541573"
  },
  {
    "ID Number": "5555892"
  },
  {
    "ID Number": "5531918"
  },
  {
    "ID Number": "5510422"
  },
  {
    "ID Number": "5521866"
  },
  {
    "ID Number": "5563135"
  },
  {
    "ID Number": "5514258"
  },
  {
    "ID Number": "5516900"
  },
  {
    "ID Number": "5556473"
  },
  {
    "ID Number": "5519152"
  },
  {
    "ID Number": "5564484"
  },
  {
    "ID Number": "5503779"
  },
  {
    "ID Number": "5503507"
  },
  {
    "ID Number": "5518512"
  },
  {
    "ID Number": "5506280"
  },
  {
    "ID Number": "5504252"
  },
  {
    "ID Number": "5512816"
  },
  {
    "ID Number": "5540089"
  },
  {
    "ID Number": "5535093"
  },
  {
    "ID Number": "5507766"
  },
  {
    "ID Number": "5550114"
  },
  {
    "ID Number": "5503183"
  },
  {
    "ID Number": "5528690"
  },
  {
    "ID Number": "5552842"
  },
  {
    "ID Number": "5539188"
  },
  {
    "ID Number": "5505542"
  },
  {
    "ID Number": "5552869"
  },
  {
    "ID Number": "5553954"
  },
  {
    "ID Number": "5502799"
  },
  {
    "ID Number": "5515203"
  },
  {
    "ID Number": "5535786"
  },
  {
    "ID Number": "5531578"
  },
  {
    "ID Number": "45114226"
  },
  {
    "ID Number": "5509653"
  },
  {
    "ID Number": "5553113"
  },
  {
    "ID Number": "5507774"
  },
  {
    "ID Number": "5521971"
  },
  {
    "ID Number": "5513812"
  },
  {
    "ID Number": "5523737"
  },
  {
    "ID Number": "5551269"
  },
  {
    "ID Number": "5556520"
  },
  {
    "ID Number": "5501490"
  },
  {
    "ID Number": "5562031"
  },
  {
    "ID Number": "5503191"
  },
  {
    "ID Number": "5508630"
  },
  {
    "ID Number": "5511186"
  },
  {
    "ID Number": "5554560"
  },
  {
    "ID Number": "5544998"
  },
  {
    "ID Number": "5514096"
  },
  {
    "ID Number": "5501075"
  },
  {
    "ID Number": "5507235"
  },
  {
    "ID Number": "5522722"
  },
  {
    "ID Number": "5509998"
  },
  {
    "ID Number": "5555140"
  },
  {
    "ID Number": "5557356"
  },
  {
    "ID Number": "5551277"
  },
  {
    "ID Number": "5505216"
  },
  {
    "ID Number": "5505941"
  },
  {
    "ID Number": "5500869"
  },
  {
    "ID Number": "5502462"
  },
  {
    "ID Number": "5522501"
  },
  {
    "ID Number": "5503981"
  },
  {
    "ID Number": "5556767"
  },
  {
    "ID Number": "5543886"
  },
  {
    "ID Number": "5536553"
  },
  {
    "ID Number": "5521823"
  },
  {
    "ID Number": "5511631"
  },
  {
    "ID Number": "5555760"
  },
  {
    "ID Number": "5550050"
  },
  {
    "ID Number": "5525217"
  },
  {
    "ID Number": "5532922"
  },
  {
    "ID Number": "5501601"
  },
  {
    "ID Number": "5555574"
  },
  {
    "ID Number": "5521475"
  },
  {
    "ID Number": "5531420"
  },
  {
    "ID Number": "5539676"
  },
  {
    "ID Number": "5541026"
  },
  {
    "ID Number": "5550858"
  },
  {
    "ID Number": "5563020"
  },
  {
    "ID Number": "5552885"
  },
  {
    "ID Number": "5536570"
  },
  {
    "ID Number": "5505232"
  },
  {
    "ID Number": "5531560"
  },
  {
    "ID Number": "5555779"
  },
  {
    "ID Number": "5562287"
  },
  {
    "ID Number": "5554357"
  },
  {
    "ID Number": "5514479"
  },
  {
    "ID Number": "5532302"
  },
  {
    "ID Number": "5538416"
  },
  {
    "ID Number": "5500052"
  },
  {
    "ID Number": "5511682"
  },
  {
    "ID Number": "5507138"
  },
  {
    "ID Number": "5543908"
  },
  {
    "ID Number": "5533260"
  },
  {
    "ID Number": "5536596"
  },
  {
    "ID Number": "5530679"
  },
  {
    "ID Number": "5514100"
  },
  {
    "ID Number": "5530326"
  },
  {
    "ID Number": "5510465"
  },
  {
    "ID Number": "5538165"
  },
  {
    "ID Number": "5539072"
  },
  {
    "ID Number": "5539080"
  },
  {
    "ID Number": "5536618"
  },
  {
    "ID Number": "5507480"
  },
  {
    "ID Number": "5534267"
  },
  {
    "ID Number": "5534259"
  },
  {
    "ID Number": "5539307"
  },
  {
    "ID Number": "5504732"
  },
  {
    "ID Number": "5531365"
  },
  {
    "ID Number": "5538181"
  },
  {
    "ID Number": "5558786"
  },
  {
    "ID Number": "5505550"
  },
  {
    "ID Number": "5535158"
  },
  {
    "ID Number": "5510368"
  },
  {
    "ID Number": "5500745"
  },
  {
    "ID Number": "5511151"
  },
  {
    "ID Number": "5517664"
  },
  {
    "ID Number": "5513235"
  },
  {
    "ID Number": "5513510"
  },
  {
    "ID Number": "5505984"
  },
  {
    "ID Number": "5522706"
  },
  {
    "ID Number": "5508428"
  },
  {
    "ID Number": "5503990"
  },
  {
    "ID Number": "5519128"
  },
  {
    "ID Number": "5554373"
  },
  {
    "ID Number": "5548713"
  },
  {
    "ID Number": "5530580"
  },
  {
    "ID Number": "5522145"
  },
  {
    "ID Number": "5529689"
  },
  {
    "ID Number": "5531985"
  },
  {
    "ID Number": "5510147"
  },
  {
    "ID Number": "5552427"
  },
  {
    "ID Number": "5529964"
  },
  {
    "ID Number": "5521033"
  },
  {
    "ID Number": "5551315"
  },
  {
    "ID Number": "5510015"
  },
  {
    "ID Number": "5550602"
  },
  {
    "ID Number": "5541239"
  },
  {
    "ID Number": "5535166"
  },
  {
    "ID Number": "5538823"
  },
  {
    "ID Number": "5548217"
  },
  {
    "ID Number": "5530270"
  },
  {
    "ID Number": "5518571"
  },
  {
    "ID Number": "5546117"
  },
  {
    "ID Number": "5513227"
  },
  {
    "ID Number": "5505259"
  },
  {
    "ID Number": "5523869"
  },
  {
    "ID Number": "5533058"
  },
  {
    "ID Number": "5507782"
  },
  {
    "ID Number": "5530490"
  },
  {
    "ID Number": "5502438"
  },
  {
    "ID Number": "5500753"
  },
  {
    "ID Number": "5521009"
  },
  {
    "ID Number": "5541646"
  },
  {
    "ID Number": "5549930"
  },
  {
    "ID Number": "5520827"
  },
  {
    "ID Number": "5501679"
  },
  {
    "ID Number": "5506000"
  },
  {
    "ID Number": "5510333"
  },
  {
    "ID Number": "5530741"
  },
  {
    "ID Number": "5530733"
  },
  {
    "ID Number": "5512000"
  },
  {
    "ID Number": "5541654"
  },
  {
    "ID Number": "5500141"
  },
  {
    "ID Number": "5541042"
  },
  {
    "ID Number": "5557941"
  },
  {
    "ID Number": "5555108"
  },
  {
    "ID Number": "5504279"
  },
  {
    "ID Number": "5537975"
  },
  {
    "ID Number": "5517770"
  },
  {
    "ID Number": "5541743"
  },
  {
    "ID Number": "5552273"
  },
  {
    "ID Number": "5547814"
  },
  {
    "ID Number": "5500176"
  },
  {
    "ID Number": "5523400"
  },
  {
    "ID Number": "5557607"
  },
  {
    "ID Number": "5507294"
  },
  {
    "ID Number": "5554047"
  },
  {
    "ID Number": "5541069"
  },
  {
    "ID Number": "5537509"
  },
  {
    "ID Number": "5546320"
  },
  {
    "ID Number": "5514681"
  },
  {
    "ID Number": "5513243"
  },
  {
    "ID Number": "5531438"
  },
  {
    "ID Number": "5525250"
  },
  {
    "ID Number": "5501539"
  },
  {
    "ID Number": "5527570"
  },
  {
    "ID Number": "5531470"
  },
  {
    "ID Number": "5536642"
  },
  {
    "ID Number": "5508444"
  },
  {
    "ID Number": "5529000"
  },
  {
    "ID Number": "5506867"
  },
  {
    "ID Number": "5538190"
  },
  {
    "ID Number": "5502845"
  },
  {
    "ID Number": "5531047"
  },
  {
    "ID Number": "5509610"
  },
  {
    "ID Number": "5520371"
  },
  {
    "ID Number": "5544270"
  },
  {
    "ID Number": "5512751"
  },
  {
    "ID Number": "5541280"
  },
  {
    "ID Number": "5561221"
  },
  {
    "ID Number": "5555078"
  },
  {
    "ID Number": "5500770"
  },
  {
    "ID Number": "5555809"
  },
  {
    "ID Number": "5503213"
  },
  {
    "ID Number": "5501105"
  },
  {
    "ID Number": "5516730"
  },
  {
    "ID Number": "5554446"
  },
  {
    "ID Number": "5500095"
  },
  {
    "ID Number": "5552303"
  },
  {
    "ID Number": "5501113"
  },
  {
    "ID Number": "5555060"
  },
  {
    "ID Number": "5505410"
  },
  {
    "ID Number": "5506115"
  },
  {
    "ID Number": "5509742"
  },
  {
    "ID Number": "5548748"
  },
  {
    "ID Number": "5557410"
  },
  {
    "ID Number": "5560560"
  },
  {
    "ID Number": "5552753"
  },
  {
    "ID Number": "5502268"
  },
  {
    "ID Number": "5561310"
  },
  {
    "ID Number": "5523427"
  },
  {
    "ID Number": "5523435"
  },
  {
    "ID Number": "5546192"
  },
  {
    "ID Number": "5550629"
  },
  {
    "ID Number": "5500451"
  },
  {
    "ID Number": "5526620"
  },
  {
    "ID Number": "5536685"
  },
  {
    "ID Number": "5507537"
  },
  {
    "ID Number": "5509700"
  },
  {
    "ID Number": "5562368"
  },
  {
    "ID Number": "5541352"
  },
  {
    "ID Number": "5533252"
  },
  {
    "ID Number": "5503248"
  },
  {
    "ID Number": "5560799"
  },
  {
    "ID Number": "5554608"
  },
  {
    "ID Number": "5555000"
  },
  {
    "ID Number": "5556511"
  },
  {
    "ID Number": "5548632"
  },
  {
    "ID Number": "5525284"
  },
  {
    "ID Number": "5535808"
  },
  {
    "ID Number": "5525489"
  },
  {
    "ID Number": "5527058"
  },
  {
    "ID Number": "5525454"
  },
  {
    "ID Number": "5548764"
  },
  {
    "ID Number": "5554489"
  },
  {
    "ID Number": "5536847"
  },
  {
    "ID Number": "5500907"
  },
  {
    "ID Number": "5500796"
  },
  {
    "ID Number": "5551684"
  },
  {
    "ID Number": "5507790"
  },
  {
    "ID Number": "5504015"
  },
  {
    "ID Number": "5512034"
  },
  {
    "ID Number": "5525292"
  },
  {
    "ID Number": "5532973"
  },
  {
    "ID Number": "5503833"
  },
  {
    "ID Number": "5552346"
  },
  {
    "ID Number": "5509688"
  },
  {
    "ID Number": "5516439"
  },
  {
    "ID Number": "5512948"
  },
  {
    "ID Number": "5503345"
  },
  {
    "ID Number": "5563011"
  },
  {
    "ID Number": "5515017"
  },
  {
    "ID Number": "5515084"
  },
  {
    "ID Number": "5515220"
  },
  {
    "ID Number": "5500206"
  },
  {
    "ID Number": "5510139"
  },
  {
    "ID Number": "5510112"
  },
  {
    "ID Number": "5510120"
  },
  {
    "ID Number": "5525322"
  },
  {
    "ID Number": "5523770"
  },
  {
    "ID Number": "5517508"
  },
  {
    "ID Number": "5537177"
  },
  {
    "ID Number": "5500923"
  },
  {
    "ID Number": "5541328"
  },
  {
    "ID Number": "5508479"
  },
  {
    "ID Number": "5506336"
  },
  {
    "ID Number": "5508487"
  },
  {
    "ID Number": "5557615"
  },
  {
    "ID Number": "5504813"
  },
  {
    "ID Number": "5517516"
  },
  {
    "ID Number": "5507588"
  },
  {
    "ID Number": "5503256"
  },
  {
    "ID Number": "5513596"
  },
  {
    "ID Number": "5510198"
  },
  {
    "ID Number": "5562791"
  },
  {
    "ID Number": "5504830"
  },
  {
    "ID Number": "5505429"
  },
  {
    "ID Number": "5552745"
  },
  {
    "ID Number": "5506220"
  },
  {
    "ID Number": "5546982"
  },
  {
    "ID Number": "5546990"
  },
  {
    "ID Number": "5508495"
  },
  {
    "ID Number": "5554080"
  }
]