[
  {
    "ID Number": "22900152",
    "Name": "Engonga Avomo, Pedro Manuel Envo",
    "Fed": "GEQ",
    "Sex": "M",
    "Title": "",
    "WTit": "",
    "OTit": "",
    "FOA": "1741",
    "Rating": "AUG25",
    "Gms": "0",
    "K": "20",
    "B-day": "1991",
    "Flag": "i"
  },
  {
    "ID Number": "54585775",
    "Name": "Mompel Ferruz, Xavier",
    "Fed": "GEQ",
    "Sex": "M",
    "Title": "FM",
    "WTit": "",
    "OTit": "",
    "FOA": "2181",
    "Rating": "AUG25",
    "Gms": "0",
    "K": "40",
    "B-day": "2010",
    "Flag": ""
  },
  {
    "ID Number": "22900063",
    "Name": "Varela Escudero, Felipe",
    "Fed": "GEQ",
    "Sex": "M",
    "Title": "",
    "WTit": "NI,SI",
    "OTit": "",
    "FOA": "1644",
    "Rating": "AUG25",
    "Gms": "0",
    "K": "20",
    "B-day": "1980",
    "Flag": ""
  }
]