[
  {
    "ID Number": "5604940",
    "Name": "Abela, Jamie",
    "Fed": "MLT",
    "Sex": "M",
    "Title": "",
    "WTit": "",
    "OTit": "",
    "Rating": "1453",
    "Gms": "0",
    "K": "40",
    "RatingMonth": "AUG25",
    "B-day": "2010",
    "Flag": "i"
  },
  {
    "ID Number": "5602106",
    "Name": "Agius Fernandez, Ralph",
    "Fed": "MLT",
    "Sex": "M",
    "Title": "",
    "WTit": "",
    "OTit": "",
    "Rating": "1798",
    "Gms": "0",
    "K": "20",
    "RatingMonth": "AUG25",
    "B-day": "1988",
    "Flag": "i"
  },
  {
    "ID Number": "5604834",
    "Name": "Ahmad Costa, Miguel",
    "Fed": "MLT",
    "Sex": "M",
    "Title": "",
    "WTit": "",
    "OTit": "",
    "Rating": "1605",
    "Gms": "0",
    "K": "40",
    "RatingMonth": "AUG25",
    "B-day": "2010",
    "Flag": "i"
  },
  {
    "ID Number": "5603226",
    "Name": "Amouri, Bilel",
    "Fed": "MLT",
    "Sex": "M",
    "Title": "",
    "WTit": "",
    "OTit": "",
    "Rating": "1546",
    "Gms": "0",
    "K": "20",
    "RatingMonth": "AUG25",
    "B-day": "1993",
    "Flag": "i"
  },
  {
    "ID Number": "5601134",
    "Name": "Ancilleri, Lawrence",
    "Fed": "MLT",
    "Sex": "M",
    "Title": "",
    "WTit": "",
    "OTit": "",
    "Rating": "1624",
    "Gms": "0",
    "K": "20",
    "RatingMonth": "AUG25",
    "B-day": "0",
    "Flag": "i"
  },
  {
    "ID Number": "5604427",
    "Name": "Aquilina, Elias",
    "Fed": "MLT",
    "Sex": "M",
    "Title": "",
    "WTit": "",
    "OTit": "",
    "Rating": "1690",
    "Gms": "0",
    "K": "40",
    "RatingMonth": "AUG25",
    "B-day": "2010",
    "Flag": "i"
  },
  {
    "ID Number": "5602998",
    "Name": "Aquilina, Louis",
    "Fed": "MLT",
    "Sex": "M",
    "Title": "",
    "WTit": "",
    "OTit": "",
    "Rating": "1680",
    "Gms": "0",
    "K": "20",
    "RatingMonth": "AUG25",
    "B-day": "1964",
    "Flag": "i"
  },
  {
    "ID Number": "26042380",
    "Name": "Attard, Leopold",
    "Fed": "MLT",
    "Sex": "M",
    "Title": "",
    "WTit": "",
    "OTit": "",
    "Rating": "2000",
    "Gms": "0",
    "K": "20",
    "RatingMonth": "AUG25",
    "B-day": "2001",
    "Flag": "i"
  },
  {
    "ID Number": "5600766",
    "Name": "Attard, Stephen",
    "Fed": "MLT",
    "Sex": "M",
    "Title": "",
    "WTit": "",
    "OTit": "",
    "Rating": "1588",
    "Gms": "0",
    "K": "20",
    "RatingMonth": "AUG25",
    "B-day": "1963",
    "Flag": "i"
  },
  {
    "ID Number": "5600138",
    "Name": "Azzopardi, Ray",
    "Fed": "MLT",
    "Sex": "M",
    "Title": "",
    "WTit": "",
    "OTit": "",
    "Rating": "1745",
    "Gms": "0",
    "K": "20",
    "RatingMonth": "AUG25",
    "B-day": "1961",
    "Flag": "i"
  },
  {
    "ID Number": "5605679",
    "Name": "Azzopardi, Thomas",
    "Fed": "MLT",
    "Sex": "M",
    "Title": "",
    "WTit": "",
    "OTit": "",
    "Rating": "1464",
    "Gms": "0",
    "K": "40",
    "RatingMonth": "AUG25",
    "B-day": "2016",
    "Flag": "i"
  },
  {
    "ID Number": "5605687",
    "Name": "Babii, Kyrylo",
    "Fed": "MLT",
    "Sex": "M",
    "Title": "",
    "WTit": "",
    "OTit": "",
    "Rating": "1968",
    "Gms": "0",
    "K": "20",
    "RatingMonth": "AUG25",
    "B-day": "2001",
    "Flag": ""
  },
  {
    "ID Number": "5601894",
    "Name": "Baker, John",
    "Fed": "MLT",
    "Sex": "M",
    "Title": "",
    "WTit": "",
    "OTit": "",
    "Rating": "1777",
    "Gms": "0",
    "K": "20",
    "RatingMonth": "AUG25",
    "B-day": "1948",
    "Flag": "i"
  },
  {
    "ID Number": "5603323",
    "Name": "Berba, Ricky",
    "Fed": "MLT",
    "Sex": "M",
    "Title": "",
    "WTit": "",
    "OTit": "",
    "Rating": "1706",
    "Gms": "0",
    "K": "20",
    "RatingMonth": "AUG25",
    "B-day": "1985",
    "Flag": "i"
  },
  {
    "ID Number": "5605113",
    "Name": "Bianchi, Max",
    "Fed": "MLT",
    "Sex": "M",
    "Title": "",
    "WTit": "",
    "OTit": "",
    "Rating": "1441",
    "Gms": "0",
    "K": "40",
    "RatingMonth": "AUG25",
    "B-day": "2013",
    "Flag": ""
  },
  {
    "ID Number": "5602238",
    "Name": "Bilunov, Ignat",
    "Fed": "MLT",
    "Sex": "M",
    "Title": "",
    "WTit": "",
    "OTit": "",
    "Rating": "1624",
    "Gms": "0",
    "K": "20",
    "RatingMonth": "AUG25",
    "B-day": "2004",
    "Flag": ""
  },
  {
    "ID Number": "5602220",
    "Name": "Bilunov, Ivan",
    "Fed": "MLT",
    "Sex": "M",
    "Title": "",
    "WTit": "",
    "OTit": "",
    "Rating": "1644",
    "Gms": "0",
    "K": "20",
    "RatingMonth": "AUG25",
    "B-day": "2002",
    "Flag": "i"
  },
  {
    "ID Number": "5602920",
    "Name": "Bonnici, Kyle",
    "Fed": "MLT",
    "Sex": "M",
    "Title": "",
    "WTit": "",
    "OTit": "",
    "Rating": "1673",
    "Gms": "0",
    "K": "20",
    "RatingMonth": "AUG25",
    "B-day": "1992",
    "Flag": "i"
  },
  {
    "ID Number": "5605784",
    "Name": "Borda, Matthias",
    "Fed": "MLT",
    "Sex": "M",
    "Title": "",
    "WTit": "",
    "OTit": "",
    "Rating": "1660",
    "Gms": "0",
    "K": "40",
    "RatingMonth": "AUG25",
    "B-day": "2012",
    "Flag": ""
  },
  {
    "ID Number": "5605717",
    "Name": "Borg Barthet, Jacques",
    "Fed": "MLT",
    "Sex": "M",
    "Title": "",
    "WTit": "",
    "OTit": "",
    "Rating": "1467",
    "Gms": "0",
    "K": "40",
    "RatingMonth": "AUG25",
    "B-day": "2013",
    "Flag": "i"
  },
  {
    "ID Number": "5600065",
    "Name": "Borg, Andrew",
    "Fed": "MLT",
    "Sex": "M",
    "Title": "FM",
    "WTit": "FI",
    "OTit": "",
    "Rating": "2117",
    "Gms": "0",
    "K": "20",
    "RatingMonth": "AUG25",
    "B-day": "1962",
    "Flag": "i"
  },
  {
    "ID Number": "5604737",
    "Name": "Briffa, Zachary",
    "Fed": "MLT",
    "Sex": "M",
    "Title": "",
    "WTit": "",
    "OTit": "",
    "Rating": "1515",
    "Gms": "0",
    "K": "40",
    "RatingMonth": "AUG25",
    "B-day": "2011",
    "Flag": ""
  },
  {
    "ID Number": "5602840",
    "Name": "Brown, Paul",
    "Fed": "MLT",
    "Sex": "M",
    "Title": "",
    "WTit": "",
    "OTit": "",
    "Rating": "1690",
    "Gms": "0",
    "K": "20",
    "RatingMonth": "AUG25",
    "B-day": "1974",
    "Flag": "i"
  },
  {
    "ID Number": "5601487",
    "Name": "Buckle, Adam",
    "Fed": "MLT",
    "Sex": "M",
    "Title": "",
    "WTit": "",
    "OTit": "",
    "Rating": "1562",
    "Gms": "0",
    "K": "20",
    "RatingMonth": "AUG25",
    "B-day": "2000",
    "Flag": "i"
  },
  {
    "ID Number": "5606128",
    "Name": "Bugeja, Alexander",
    "Fed": "MLT",
    "Sex": "M",
    "Title": "",
    "WTit": "",
    "OTit": "",
    "Rating": "1452",
    "Gms": "0",
    "K": "40",
    "RatingMonth": "AUG25",
    "B-day": "2012",
    "Flag": ""
  },
  {
    "ID Number": "5601711",
    "Name": "Buhagiar, Luke",
    "Fed": "MLT",
    "Sex": "M",
    "Title": "",
    "WTit": "",
    "OTit": "",
    "Rating": "1761",
    "Gms": "0",
    "K": "20",
    "RatingMonth": "AUG25",
    "B-day": "1993",
    "Flag": "i"
  },
  {
    "ID Number": "5602980",
    "Name": "Busuttil Naudi, Stephen",
    "Fed": "MLT",
    "Sex": "M",
    "Title": "",
    "WTit": "",
    "OTit": "",
    "Rating": "1401",
    "Gms": "0",
    "K": "20",
    "RatingMonth": "AUG25",
    "B-day": "1953",
    "Flag": ""
  },
  {
    "ID Number": "5605733",
    "Name": "Calleja Falzon, Benjamin",
    "Fed": "MLT",
    "Sex": "M",
    "Title": "",
    "WTit": "",
    "OTit": "",
    "Rating": "1578",
    "Gms": "0",
    "K": "40",
    "RatingMonth": "AUG25",
    "B-day": "2012",
    "Flag": ""
  },
  {
    "ID Number": "5602890",
    "Name": "Calleja Urry, Martin",
    "Fed": "MLT",
    "Sex": "M",
    "Title": "",
    "WTit": "",
    "OTit": "",
    "Rating": "1505",
    "Gms": "0",
    "K": "20",
    "RatingMonth": "AUG25",
    "B-day": "1990",
    "Flag": "i"
  },
  {
    "ID Number": "5602769",
    "Name": "Calleja Urry, Nick",
    "Fed": "MLT",
    "Sex": "M",
    "Title": "",
    "WTit": "",
    "OTit": "",
    "Rating": "1533",
    "Gms": "0",
    "K": "40",
    "RatingMonth": "AUG25",
    "B-day": "2011",
    "Flag": "i"
  },
  {
    "ID Number": "5605792",
    "Name": "Callus, Matthew",
    "Fed": "MLT",
    "Sex": "M",
    "Title": "",
    "WTit": "",
    "OTit": "",
    "Rating": "1438",
    "Gms": "0",
    "K": "40",
    "RatingMonth": "AUG25",
    "B-day": "2012",
    "Flag": ""
  },
  {
    "ID Number": "5601657",
    "Name": "Camilleri, Marcel",
    "Fed": "MLT",
    "Sex": "M",
    "Title": "",
    "WTit": "",
    "OTit": "",
    "Rating": "1656",
    "Gms": "0",
    "K": "20",
    "RatingMonth": "AUG25",
    "B-day": "1951",
    "Flag": "i"
  },
  {
    "ID Number": "5602262",
    "Name": "Camilleri, Tony Ray",
    "Fed": "MLT",
    "Sex": "M",
    "Title": "",
    "WTit": "",
    "OTit": "",
    "Rating": "1714",
    "Gms": "0",
    "K": "20",
    "RatingMonth": "AUG25",
    "B-day": "1994",
    "Flag": "i"
  },
  {
    "ID Number": "5600502",
    "Name": "Caruana Pulpan, Oana",
    "Fed": "MLT",
    "Sex": "F",
    "Title": "WFM",
    "WTit": "WFM",
    "OTit": "FI",
    "Rating": "1914",
    "Gms": "0",
    "K": "20",
    "RatingMonth": "AUG25",
    "B-day": "1978",
    "Flag": "wi"
  },
  {
    "ID Number": "5602157",
    "Name": "Cassar Manghi, Paolo",
    "Fed": "MLT",
    "Sex": "M",
    "Title": "",
    "WTit": "",
    "OTit": "",
    "Rating": "1703",
    "Gms": "0",
    "K": "20",
    "RatingMonth": "AUG25",
    "B-day": "1997",
    "Flag": "i"
  },
  {
    "ID Number": "5604052",
    "Name": "Cassar, Joseph",
    "Fed": "MLT",
    "Sex": "M",
    "Title": "",
    "WTit": "",
    "OTit": "",
    "Rating": "1705",
    "Gms": "0",
    "K": "20",
    "RatingMonth": "AUG25",
    "B-day": "2002",
    "Flag": "i"
  },
  {
    "ID Number": "5603897",
    "Name": "Cassar, Kyle",
    "Fed": "MLT",
    "Sex": "M",
    "Title": "",
    "WTit": "",
    "OTit": "",
    "Rating": "1440",
    "Gms": "0",
    "K": "40",
    "RatingMonth": "AUG25",
    "B-day": "2009",
    "Flag": "i"
  },
  {
    "ID Number": "5602351",
    "Name": "Catania, Jake",
    "Fed": "MLT",
    "Sex": "M",
    "Title": "",
    "WTit": "",
    "OTit": "",
    "Rating": "1629",
    "Gms": "0",
    "K": "20",
    "RatingMonth": "AUG25",
    "B-day": "2004",
    "Flag": "i"
  },
  {
    "ID Number": "5604133",
    "Name": "Cauchi, Noah",
    "Fed": "MLT",
    "Sex": "M",
    "Title": "",
    "WTit": "",
    "OTit": "",
    "Rating": "1773",
    "Gms": "0",
    "K": "40",
    "RatingMonth": "AUG25",
    "B-day": "2008",
    "Flag": "i"
  },
  {
    "ID Number": "5604745",
    "Name": "Chetcuti, Michele",
    "Fed": "MLT",
    "Sex": "M",
    "Title": "",
    "WTit": "",
    "OTit": "",
    "Rating": "1552",
    "Gms": "0",
    "K": "40",
    "RatingMonth": "AUG25",
    "B-day": "2013",
    "Flag": "i"
  },
  {
    "ID Number": "5605121",
    "Name": "Chircop, Jerome Anthony",
    "Fed": "MLT",
    "Sex": "M",
    "Title": "",
    "WTit": "",
    "OTit": "",
    "Rating": "1540",
    "Gms": "0",
    "K": "40",
    "RatingMonth": "AUG25",
    "B-day": "2011",
    "Flag": "i"
  },
  {
    "ID Number": "5602025",
    "Name": "Chircop, Raymond",
    "Fed": "MLT",
    "Sex": "M",
    "Title": "",
    "WTit": "",
    "OTit": "",
    "Rating": "1824",
    "Gms": "0",
    "K": "20",
    "RatingMonth": "AUG25",
    "B-day": "1957",
    "Flag": "i"
  },
  {
    "ID Number": "444251",
    "Name": "Dahl, Baard",
    "Fed": "MLT",
    "Sex": "M",
    "Title": "",
    "WTit": "",
    "OTit": "",
    "Rating": "2169",
    "Gms": "0",
    "K": "20",
    "RatingMonth": "AUG25",
    "B-day": "1970",
    "Flag": "i"
  },
  {
    "ID Number": "5602831",
    "Name": "Dalli, Jake",
    "Fed": "MLT",
    "Sex": "M",
    "Title": "",
    "WTit": "",
    "OTit": "",
    "Rating": "1522",
    "Gms": "0",
    "K": "20",
    "RatingMonth": "AUG25",
    "B-day": "1992",
    "Flag": "i"
  },
  {
    "ID Number": "5601061",
    "Name": "Darmanin, Jake",
    "Fed": "MLT",
    "Sex": "M",
    "Title": "CM",
    "WTit": "",
    "OTit": "",
    "Rating": "2115",
    "Gms": "0",
    "K": "20",
    "RatingMonth": "AUG25",
    "B-day": "1994",
    "Flag": "i"
  },
  {
    "ID Number": "5605156",
    "Name": "Demicoli, Jack",
    "Fed": "MLT",
    "Sex": "M",
    "Title": "",
    "WTit": "",
    "OTit": "",
    "Rating": "1627",
    "Gms": "0",
    "K": "40",
    "RatingMonth": "AUG25",
    "B-day": "2013",
    "Flag": "i"
  },
  {
    "ID Number": "5603862",
    "Name": "Dobbin, Andrei",
    "Fed": "MLT",
    "Sex": "M",
    "Title": "",
    "WTit": "",
    "OTit": "",
    "Rating": "1748",
    "Gms": "0",
    "K": "20",
    "RatingMonth": "AUG25",
    "B-day": "2005",
    "Flag": ""
  },
  {
    "ID Number": "5605008",
    "Name": "Falzon, Thomas",
    "Fed": "MLT",
    "Sex": "M",
    "Title": "",
    "WTit": "",
    "OTit": "",
    "Rating": "1558",
    "Gms": "0",
    "K": "40",
    "RatingMonth": "AUG25",
    "B-day": "2009",
    "Flag": "i"
  },
  {
    "ID Number": "2894942",
    "Name": "Farah, Alberto",
    "Fed": "MLT",
    "Sex": "M",
    "Title": "",
    "WTit": "",
    "OTit": "",
    "Rating": "1911",
    "Gms": "0",
    "K": "20",
    "RatingMonth": "AUG25",
    "B-day": "1985",
    "Flag": "i"
  },
  {
    "ID Number": "5601100",
    "Name": "Farrugia, Alex",
    "Fed": "MLT",
    "Sex": "M",
    "Title": "",
    "WTit": "",
    "OTit": "",
    "Rating": "1722",
    "Gms": "0",
    "K": "20",
    "RatingMonth": "AUG25",
    "B-day": "1967",
    "Flag": "i"
  },
  {
    "ID Number": "5600626",
    "Name": "Farrugia, Chris",
    "Fed": "MLT",
    "Sex": "M",
    "Title": "",
    "WTit": "",
    "OTit": "",
    "Rating": "1824",
    "Gms": "0",
    "K": "20",
    "RatingMonth": "AUG25",
    "B-day": "1990",
    "Flag": "i"
  },
  {
    "ID Number": "5600707",
    "Name": "Farrugia, Eliot",
    "Fed": "MLT",
    "Sex": "M",
    "Title": "",
    "WTit": "",
    "OTit": "",
    "Rating": "ACM",
    "Gms": "1648",
    "K": "0",
    "RatingMonth": "AUG25",
    "B-day": "1988",
    "Flag": "i"
  },
  {
    "ID Number": "5600898",
    "Name": "Farrugia, Jamie",
    "Fed": "MLT",
    "Sex": "F",
    "Title": "WFM",
    "WTit": "WFM",
    "OTit": "",
    "Rating": "1795",
    "Gms": "0",
    "K": "20",
    "RatingMonth": "AUG25",
    "B-day": "1999",
    "Flag": "wi"
  },
  {
    "ID Number": "5602661",
    "Name": "Farrugia, Matteo",
    "Fed": "MLT",
    "Sex": "M",
    "Title": "",
    "WTit": "",
    "OTit": "",
    "Rating": "1683",
    "Gms": "0",
    "K": "20",
    "RatingMonth": "AUG25",
    "B-day": "2001",
    "Flag": "i"
  },
  {
    "ID Number": "5602076",
    "Name": "Filipovic, Damjan",
    "Fed": "MLT",
    "Sex": "M",
    "Title": "",
    "WTit": "",
    "OTit": "",
    "Rating": "1700",
    "Gms": "0",
    "K": "20",
    "RatingMonth": "AUG25",
    "B-day": "2003",
    "Flag": "i"
  },
  {
    "ID Number": "5601533",
    "Name": "Fisher, Dominic",
    "Fed": "MLT",
    "Sex": "M",
    "Title": "",
    "WTit": "",
    "OTit": "",
    "Rating": "2069",
    "Gms": "0",
    "K": "20",
    "RatingMonth": "AUG25",
    "B-day": "1974",
    "Flag": "i"
  },
  {
    "ID Number": "5602173",
    "Name": "Fleri, Luke",
    "Fed": "MLT",
    "Sex": "M",
    "Title": "",
    "WTit": "",
    "OTit": "",
    "Rating": "1753",
    "Gms": "0",
    "K": "40",
    "RatingMonth": "AUG25",
    "B-day": "2007",
    "Flag": "i"
  },
  {
    "ID Number": "5602165",
    "Name": "Fleri, Matthew",
    "Fed": "MLT",
    "Sex": "M",
    "Title": "",
    "WTit": "",
    "OTit": "",
    "Rating": "1836",
    "Gms": "0",
    "K": "40",
    "RatingMonth": "AUG25",
    "B-day": "2007",
    "Flag": "i"
  },
  {
    "ID Number": "5601452",
    "Name": "Gatt, Matthias",
    "Fed": "MLT",
    "Sex": "M",
    "Title": "",
    "WTit": "NI",
    "OTit": "",
    "Rating": "1936",
    "Gms": "0",
    "K": "20",
    "RatingMonth": "AUG25",
    "B-day": "2003",
    "Flag": ""
  },
  {
    "ID Number": "5600715",
    "Name": "Gauci, David",
    "Fed": "MLT",
    "Sex": "M",
    "Title": "",
    "WTit": "",
    "OTit": "",
    "Rating": "ACM",
    "Gms": "1563",
    "K": "0",
    "RatingMonth": "AUG25",
    "B-day": "1976",
    "Flag": "i"
  },
  {
    "ID Number": "5604680",
    "Name": "Gauci, Gabriel",
    "Fed": "MLT",
    "Sex": "M",
    "Title": "",
    "WTit": "",
    "OTit": "",
    "Rating": "1600",
    "Gms": "0",
    "K": "40",
    "RatingMonth": "AUG25",
    "B-day": "2011",
    "Flag": ""
  },
  {
    "ID Number": "5604893",
    "Name": "Gauci, Joe",
    "Fed": "MLT",
    "Sex": "M",
    "Title": "",
    "WTit": "",
    "OTit": "",
    "Rating": "1684",
    "Gms": "0",
    "K": "20",
    "RatingMonth": "AUG25",
    "B-day": "1959",
    "Flag": ""
  },
  {
    "ID Number": "5600278",
    "Name": "Gauci, Joseph",
    "Fed": "MLT",
    "Sex": "M",
    "Title": "CM",
    "WTit": "",
    "OTit": "",
    "Rating": "2074",
    "Gms": "0",
    "K": "20",
    "RatingMonth": "AUG25",
    "B-day": "1959",
    "Flag": "i"
  },
  {
    "ID Number": "5602378",
    "Name": "Geertsen, Poul",
    "Fed": "MLT",
    "Sex": "M",
    "Title": "",
    "WTit": "",
    "OTit": "",
    "Rating": "1744",
    "Gms": "0",
    "K": "20",
    "RatingMonth": "AUG25",
    "B-day": "1963",
    "Flag": "i"
  },
  {
    "ID Number": "5603315",
    "Name": "Ghitza, Elena",
    "Fed": "MLT",
    "Sex": "F",
    "Title": "",
    "WTit": "SI",
    "OTit": "",
    "Rating": "ACM",
    "Gms": "1751",
    "K": "0",
    "RatingMonth": "AUG25",
    "B-day": "1980",
    "Flag": "w"
  },
  {
    "ID Number": "5603773",
    "Name": "Grech, Gabriel",
    "Fed": "MLT",
    "Sex": "M",
    "Title": "",
    "WTit": "",
    "OTit": "",
    "Rating": "1488",
    "Gms": "0",
    "K": "40",
    "RatingMonth": "AUG25",
    "B-day": "2009",
    "Flag": ""
  },
  {
    "ID Number": "5600693",
    "Name": "Grech, Michael",
    "Fed": "MLT",
    "Sex": "M",
    "Title": "",
    "WTit": "",
    "OTit": "",
    "Rating": "1483",
    "Gms": "0",
    "K": "20",
    "RatingMonth": "AUG25",
    "B-day": "0",
    "Flag": "i"
  },
  {
    "ID Number": "5604087",
    "Name": "Grima Bongailas, Isaac",
    "Fed": "MLT",
    "Sex": "M",
    "Title": "",
    "WTit": "",
    "OTit": "",
    "Rating": "ACM",
    "Gms": "1633",
    "K": "0",
    "RatingMonth": "AUG25",
    "B-day": "2010",
    "Flag": "i"
  },
  {
    "ID Number": "5604311",
    "Name": "Gusarov, Mark Mikhail",
    "Fed": "MLT",
    "Sex": "M",
    "Title": "",
    "WTit": "",
    "OTit": "",
    "Rating": "1558",
    "Gms": "0",
    "K": "40",
    "RatingMonth": "AUG25",
    "B-day": "2011",
    "Flag": ""
  },
  {
    "ID Number": "5604222",
    "Name": "Hamido Lema, Abdelmalik",
    "Fed": "MLT",
    "Sex": "M",
    "Title": "",
    "WTit": "",
    "OTit": "",
    "Rating": "1649",
    "Gms": "0",
    "K": "20",
    "RatingMonth": "AUG25",
    "B-day": "1987",
    "Flag": "i"
  },
  {
    "ID Number": "5600596",
    "Name": "Ibrahim, Ayman",
    "Fed": "MLT",
    "Sex": "M",
    "Title": "",
    "WTit": "",
    "OTit": "",
    "Rating": "1631",
    "Gms": "0",
    "K": "20",
    "RatingMonth": "AUG25",
    "B-day": "1966",
    "Flag": ""
  },
  {
    "ID Number": "5602319",
    "Name": "Ihebulu, Jacob",
    "Fed": "MLT",
    "Sex": "M",
    "Title": "",
    "WTit": "",
    "OTit": "",
    "Rating": "1419",
    "Gms": "0",
    "K": "20",
    "RatingMonth": "AUG25",
    "B-day": "2005",
    "Flag": "i"
  },
  {
    "ID Number": "5602971",
    "Name": "Jancic, Nikola",
    "Fed": "MLT",
    "Sex": "M",
    "Title": "",
    "WTit": "",
    "OTit": "",
    "Rating": "1593",
    "Gms": "0",
    "K": "20",
    "RatingMonth": "AUG25",
    "B-day": "2002",
    "Flag": "i"
  },
  {
    "ID Number": "5602360",
    "Name": "Jorgensen, Kristian Sylvest",
    "Fed": "MLT",
    "Sex": "M",
    "Title": "",
    "WTit": "",
    "OTit": "",
    "Rating": "1736",
    "Gms": "0",
    "K": "20",
    "RatingMonth": "AUG25",
    "B-day": "1973",
    "Flag": "i"
  },
  {
    "ID Number": "5604362",
    "Name": "Kang Di Benedetto, Leonardo Nils",
    "Fed": "MLT",
    "Sex": "M",
    "Title": "",
    "WTit": "",
    "OTit": "",
    "Rating": "1636",
    "Gms": "0",
    "K": "40",
    "RatingMonth": "AUG25",
    "B-day": "2010",
    "Flag": ""
  },
  {
    "ID Number": "5602440",
    "Name": "Kondo, Haruaki",
    "Fed": "MLT",
    "Sex": "M",
    "Title": "",
    "WTit": "",
    "OTit": "",
    "Rating": "1512",
    "Gms": "0",
    "K": "40",
    "RatingMonth": "AUG25",
    "B-day": "2009",
    "Flag": "i"
  },
  {
    "ID Number": "783846",
    "Name": "Kosik, Vince",
    "Fed": "MLT",
    "Sex": "M",
    "Title": "",
    "WTit": "",
    "OTit": "",
    "Rating": "1889",
    "Gms": "0",
    "K": "40",
    "RatingMonth": "AUG25",
    "B-day": "2007",
    "Flag": ""
  },
  {
    "ID Number": "5604150",
    "Name": "Kovorotnij, Vladimir",
    "Fed": "MLT",
    "Sex": "M",
    "Title": "",
    "WTit": "",
    "OTit": "",
    "Rating": "1500",
    "Gms": "0",
    "K": "20",
    "RatingMonth": "AUG25",
    "B-day": "1984",
    "Flag": "i"
  },
  {
    "ID Number": "5601746",
    "Name": "Licari, Claude",
    "Fed": "MLT",
    "Sex": "M",
    "Title": "",
    "WTit": "",
    "OTit": "",
    "Rating": "1680",
    "Gms": "0",
    "K": "20",
    "RatingMonth": "AUG25",
    "B-day": "1979",
    "Flag": "i"
  },
  {
    "ID Number": "5604982",
    "Name": "Lin, Ziyang",
    "Fed": "MLT",
    "Sex": "M",
    "Title": "",
    "WTit": "",
    "OTit": "",
    "Rating": "1672",
    "Gms": "0",
    "K": "40",
    "RatingMonth": "AUG25",
    "B-day": "2009",
    "Flag": ""
  },
  {
    "ID Number": "5602386",
    "Name": "Lombard, Olivier",
    "Fed": "MLT",
    "Sex": "M",
    "Title": "",
    "WTit": "",
    "OTit": "",
    "Rating": "1954",
    "Gms": "0",
    "K": "20",
    "RatingMonth": "AUG25",
    "B-day": "1985",
    "Flag": "i"
  },
  {
    "ID Number": "55607900",
    "Name": "Lukin, Vladimir",
    "Fed": "MLT",
    "Sex": "M",
    "Title": "",
    "WTit": "",
    "OTit": "",
    "Rating": "1840",
    "Gms": "0",
    "K": "20",
    "RatingMonth": "AUG25",
    "B-day": "1978",
    "Flag": ""
  },
  {
    "ID Number": "5602475",
    "Name": "Malazarte, Maire Bernafe",
    "Fed": "MLT",
    "Sex": "F",
    "Title": "",
    "WTit": "",
    "OTit": "",
    "Rating": "1527",
    "Gms": "0",
    "K": "20",
    "RatingMonth": "AUG25",
    "B-day": "1986",
    "Flag": "wi"
  },
  {
    "ID Number": "5602629",
    "Name": "Mallia, Thomas",
    "Fed": "MLT",
    "Sex": "M",
    "Title": "",
    "WTit": "",
    "OTit": "",
    "Rating": "1471",
    "Gms": "0",
    "K": "20",
    "RatingMonth": "AUG25",
    "B-day": "2002",
    "Flag": "i"
  },
  {
    "ID Number": "5601797",
    "Name": "Marinkovic, Milan",
    "Fed": "MLT",
    "Sex": "M",
    "Title": "",
    "WTit": "",
    "OTit": "",
    "Rating": "1742",
    "Gms": "0",
    "K": "20",
    "RatingMonth": "AUG25",
    "B-day": "1975",
    "Flag": "i"
  },
  {
    "ID Number": "5605652",
    "Name": "McKellar, John",
    "Fed": "MLT",
    "Sex": "M",
    "Title": "",
    "WTit": "",
    "OTit": "",
    "Rating": "1536",
    "Gms": "0",
    "K": "20",
    "RatingMonth": "AUG25",
    "B-day": "1959",
    "Flag": ""
  },
  {
    "ID Number": "5603005",
    "Name": "Micallef, Jacob Leigh",
    "Fed": "MLT",
    "Sex": "M",
    "Title": "",
    "WTit": "",
    "OTit": "",
    "Rating": "1582",
    "Gms": "0",
    "K": "40",
    "RatingMonth": "AUG25",
    "B-day": "2008",
    "Flag": "i"
  },
  {
    "ID Number": "5602653",
    "Name": "Mizzi, Adrian",
    "Fed": "MLT",
    "Sex": "M",
    "Title": "",
    "WTit": "",
    "OTit": "",
    "Rating": "1574",
    "Gms": "0",
    "K": "20",
    "RatingMonth": "AUG25",
    "B-day": "1974",
    "Flag": "i"
  },
  {
    "ID Number": "5602521",
    "Name": "Mizzi, Jack",
    "Fed": "MLT",
    "Sex": "M",
    "Title": "CM",
    "WTit": "",
    "OTit": "",
    "Rating": "2081",
    "Gms": "10",
    "K": "20",
    "RatingMonth": "AUG25",
    "B-day": "2006",
    "Flag": ""
  },
  {
    "ID Number": "5601878",
    "Name": "Mizzi, Steve",
    "Fed": "MLT",
    "Sex": "M",
    "Title": "",
    "WTit": "",
    "OTit": "",
    "Rating": "1698",
    "Gms": "0",
    "K": "20",
    "RatingMonth": "AUG25",
    "B-day": "2000",
    "Flag": "i"
  },
  {
    "ID Number": "5601983",
    "Name": "Muscat, Isaac",
    "Fed": "MLT",
    "Sex": "M",
    "Title": "",
    "WTit": "",
    "OTit": "",
    "Rating": "1470",
    "Gms": "0",
    "K": "20",
    "RatingMonth": "AUG25",
    "B-day": "2003",
    "Flag": "i"
  },
  {
    "ID Number": "5600723",
    "Name": "Naumann, Jutta",
    "Fed": "MLT",
    "Sex": "F",
    "Title": "",
    "WTit": "",
    "OTit": "",
    "Rating": "1710",
    "Gms": "0",
    "K": "20",
    "RatingMonth": "AUG25",
    "B-day": "1949",
    "Flag": "wi"
  },
  {
    "ID Number": "727067",
    "Name": "Novak, Attila Robert",
    "Fed": "MLT",
    "Sex": "M",
    "Title": "CM",
    "WTit": "SI,NA",
    "OTit": "",
    "Rating": "2105",
    "Gms": "0",
    "K": "20",
    "RatingMonth": "AUG25",
    "B-day": "1984",
    "Flag": ""
  },
  {
    "ID Number": "5605067",
    "Name": "Ozsoy, Ozgun",
    "Fed": "MLT",
    "Sex": "M",
    "Title": "",
    "WTit": "",
    "OTit": "",
    "Rating": "1410",
    "Gms": "0",
    "K": "40",
    "RatingMonth": "AUG25",
    "B-day": "2015",
    "Flag": ""
  },
  {
    "ID Number": "5600189",
    "Name": "Pace, Colin",
    "Fed": "MLT",
    "Sex": "M",
    "Title": "CM",
    "WTit": "FI",
    "OTit": "",
    "Rating": "2008",
    "Gms": "0",
    "K": "20",
    "RatingMonth": "AUG25",
    "B-day": "1979",
    "Flag": ""
  },
  {
    "ID Number": "5604206",
    "Name": "Pace, Dante",
    "Fed": "MLT",
    "Sex": "M",
    "Title": "",
    "WTit": "",
    "OTit": "",
    "Rating": "1490",
    "Gms": "0",
    "K": "40",
    "RatingMonth": "AUG25",
    "B-day": "2011",
    "Flag": "i"
  },
  {
    "ID Number": "5605555",
    "Name": "Padron Gonzalez, Alexander Ariel",
    "Fed": "MLT",
    "Sex": "M",
    "Title": "",
    "WTit": "",
    "OTit": "",
    "Rating": "1617",
    "Gms": "0",
    "K": "20",
    "RatingMonth": "AUG25",
    "B-day": "1991",
    "Flag": "i"
  },
  {
    "ID Number": "6363318",
    "Name": "Pala, Onurcan",
    "Fed": "MLT",
    "Sex": "M",
    "Title": "",
    "WTit": "",
    "OTit": "",
    "Rating": "1795",
    "Gms": "0",
    "K": "20",
    "RatingMonth": "AUG25",
    "B-day": "1991",
    "Flag": ""
  },
  {
    "ID Number": "5602335",
    "Name": "Pantovic, Andrej Million",
    "Fed": "MLT",
    "Sex": "M",
    "Title": "",
    "WTit": "",
    "OTit": "",
    "Rating": "1556",
    "Gms": "0",
    "K": "40",
    "RatingMonth": "AUG25",
    "B-day": "2007",
    "Flag": "i"
  },
  {
    "ID Number": "5602327",
    "Name": "Pantovic, Ema Sintayu",
    "Fed": "MLT",
    "Sex": "F",
    "Title": "",
    "WTit": "",
    "OTit": "",
    "Rating": "1499",
    "Gms": "0",
    "K": "20",
    "RatingMonth": "AUG25",
    "B-day": "2004",
    "Flag": "wi"
  },
  {
    "ID Number": "5602556",
    "Name": "Paris, Kieran",
    "Fed": "MLT",
    "Sex": "M",
    "Title": "",
    "WTit": "",
    "OTit": "",
    "Rating": "1565",
    "Gms": "0",
    "K": "20",
    "RatingMonth": "AUG25",
    "B-day": "2004",
    "Flag": "i"
  },
  {
    "ID Number": "5601851",
    "Name": "Portelli, Martina",
    "Fed": "MLT",
    "Sex": "F",
    "Title": "WCM",
    "WTit": "WCM",
    "OTit": "",
    "Rating": "1448",
    "Gms": "0",
    "K": "20",
    "RatingMonth": "AUG25",
    "B-day": "2000",
    "Flag": "wi"
  },
  {
    "ID Number": "5604931",
    "Name": "Portelli, Matthew",
    "Fed": "MLT",
    "Sex": "M",
    "Title": "",
    "WTit": "",
    "OTit": "",
    "Rating": "2054",
    "Gms": "0",
    "K": "40",
    "RatingMonth": "AUG25",
    "B-day": "2011",
    "Flag": ""
  },
  {
    "ID Number": "5600359",
    "Name": "Psaila, Clarence",
    "Fed": "MLT",
    "Sex": "M",
    "Title": "FM",
    "WTit": "FA",
    "OTit": "",
    "Rating": "1927",
    "Gms": "0",
    "K": "20",
    "RatingMonth": "AUG25",
    "B-day": "1984",
    "Flag": "i"
  },
  {
    "ID Number": "5602130",
    "Name": "Psaila, Ocean",
    "Fed": "MLT",
    "Sex": "M",
    "Title": "",
    "WTit": "",
    "OTit": "",
    "Rating": "1487",
    "Gms": "0",
    "K": "40",
    "RatingMonth": "AUG25",
    "B-day": "2007",
    "Flag": "i"
  },
  {
    "ID Number": "5601118",
    "Name": "Refalo, Ian",
    "Fed": "MLT",
    "Sex": "M",
    "Title": "",
    "WTit": "",
    "OTit": "",
    "Rating": "1768",
    "Gms": "0",
    "K": "20",
    "RatingMonth": "AUG25",
    "B-day": "1965",
    "Flag": "i"
  },
  {
    "ID Number": "5605164",
    "Name": "Refalo, John",
    "Fed": "MLT",
    "Sex": "M",
    "Title": "",
    "WTit": "",
    "OTit": "",
    "Rating": "1715",
    "Gms": "0",
    "K": "40",
    "RatingMonth": "AUG25",
    "B-day": "2013",
    "Flag": ""
  },
  {
    "ID Number": "5600030",
    "Name": "Richards, John",
    "Fed": "MLT",
    "Sex": "M",
    "Title": "",
    "WTit": "",
    "OTit": "",
    "Rating": "1817",
    "Gms": "0",
    "K": "20",
    "RatingMonth": "AUG25",
    "B-day": "1966",
    "Flag": "i"
  },
  {
    "ID Number": "5602564",
    "Name": "Rocens, Andrejs",
    "Fed": "MLT",
    "Sex": "M",
    "Title": "",
    "WTit": "",
    "OTit": "",
    "Rating": "1666",
    "Gms": "0",
    "K": "20",
    "RatingMonth": "AUG25",
    "B-day": "1989",
    "Flag": "i"
  },
  {
    "ID Number": "5605016",
    "Name": "Rossi, Carlo",
    "Fed": "MLT",
    "Sex": "M",
    "Title": "",
    "WTit": "",
    "OTit": "",
    "Rating": "1638",
    "Gms": "0",
    "K": "40",
    "RatingMonth": "AUG25",
    "B-day": "2007",
    "Flag": "i"
  },
  {
    "ID Number": "5602513",
    "Name": "Sablovskis, Linas",
    "Fed": "MLT",
    "Sex": "M",
    "Title": "",
    "WTit": "",
    "OTit": "",
    "Rating": "1595",
    "Gms": "0",
    "K": "20",
    "RatingMonth": "AUG25",
    "B-day": "1987",
    "Flag": "i"
  },
  {
    "ID Number": "5600405",
    "Name": "Said, Oliver",
    "Fed": "MLT",
    "Sex": "M",
    "Title": "",
    "WTit": "",
    "OTit": "",
    "Rating": "1897",
    "Gms": "0",
    "K": "20",
    "RatingMonth": "AUG25",
    "B-day": "1985",
    "Flag": "i"
  },
  {
    "ID Number": "5601290",
    "Name": "Saliba, Karl",
    "Fed": "MLT",
    "Sex": "M",
    "Title": "",
    "WTit": "",
    "OTit": "",
    "Rating": "1705",
    "Gms": "0",
    "K": "20",
    "RatingMonth": "AUG25",
    "B-day": "1987",
    "Flag": "i"
  },
  {
    "ID Number": "5600480",
    "Name": "Saliba, Luke",
    "Fed": "MLT",
    "Sex": "M",
    "Title": "",
    "WTit": "",
    "OTit": "",
    "Rating": "1772",
    "Gms": "0",
    "K": "20",
    "RatingMonth": "AUG25",
    "B-day": "1992",
    "Flag": ""
  },
  {
    "ID Number": "5600499",
    "Name": "Saliba, Matthew",
    "Fed": "MLT",
    "Sex": "M",
    "Title": "",
    "WTit": "",
    "OTit": "",
    "Rating": "1837",
    "Gms": "0",
    "K": "20",
    "RatingMonth": "AUG25",
    "B-day": "0",
    "Flag": "i"
  },
  {
    "ID Number": "5600200",
    "Name": "Sammut Briffa, Peter",
    "Fed": "MLT",
    "Sex": "M",
    "Title": "CM",
    "WTit": "FI",
    "OTit": "",
    "Rating": "1942",
    "Gms": "0",
    "K": "20",
    "RatingMonth": "AUG25",
    "B-day": "1964",
    "Flag": "i"
  },
  {
    "ID Number": "5602246",
    "Name": "Sammut, John",
    "Fed": "MLT",
    "Sex": "M",
    "Title": "",
    "WTit": "",
    "OTit": "",
    "Rating": "1593",
    "Gms": "0",
    "K": "20",
    "RatingMonth": "AUG25",
    "B-day": "1967",
    "Flag": "i"
  },
  {
    "ID Number": "5601215",
    "Name": "Schembri, Christian",
    "Fed": "MLT",
    "Sex": "M",
    "Title": "",
    "WTit": "",
    "OTit": "",
    "Rating": "1681",
    "Gms": "0",
    "K": "20",
    "RatingMonth": "AUG25",
    "B-day": "0",
    "Flag": "i"
  },
  {
    "ID Number": "5603382",
    "Name": "Schembri, Mathias",
    "Fed": "MLT",
    "Sex": "M",
    "Title": "",
    "WTit": "",
    "OTit": "",
    "Rating": "1478",
    "Gms": "0",
    "K": "20",
    "RatingMonth": "AUG25",
    "B-day": "2003",
    "Flag": "i"
  },
  {
    "ID Number": "5604842",
    "Name": "Serracino-Inglott, Maximilian",
    "Fed": "MLT",
    "Sex": "M",
    "Title": "",
    "WTit": "",
    "OTit": "",
    "Rating": "1570",
    "Gms": "0",
    "K": "20",
    "RatingMonth": "AUG25",
    "B-day": "2003",
    "Flag": "i"
  },
  {
    "ID Number": "5604702",
    "Name": "Sigona, Raffaele",
    "Fed": "MLT",
    "Sex": "M",
    "Title": "",
    "WTit": "",
    "OTit": "",
    "Rating": "1546",
    "Gms": "0",
    "K": "20",
    "RatingMonth": "AUG25",
    "B-day": "2006",
    "Flag": "i"
  },
  {
    "ID Number": "5603293",
    "Name": "Simion, Aurel Marian",
    "Fed": "MLT",
    "Sex": "M",
    "Title": "",
    "WTit": "",
    "OTit": "",
    "Rating": "1452",
    "Gms": "0",
    "K": "20",
    "RatingMonth": "AUG25",
    "B-day": "1986",
    "Flag": "i"
  },
  {
    "ID Number": "5605369",
    "Name": "Spiteri, Julian",
    "Fed": "MLT",
    "Sex": "M",
    "Title": "",
    "WTit": "",
    "OTit": "",
    "Rating": "1494",
    "Gms": "0",
    "K": "40",
    "RatingMonth": "AUG25",
    "B-day": "2013",
    "Flag": "i"
  },
  {
    "ID Number": "5603021",
    "Name": "Spiteri, Michael",
    "Fed": "MLT",
    "Sex": "M",
    "Title": "",
    "WTit": "",
    "OTit": "",
    "Rating": "1474",
    "Gms": "0",
    "K": "40",
    "RatingMonth": "AUG25",
    "B-day": "2007",
    "Flag": "i"
  },
  {
    "ID Number": "5603013",
    "Name": "Spiteri, Neil",
    "Fed": "MLT",
    "Sex": "M",
    "Title": "",
    "WTit": "",
    "OTit": "",
    "Rating": "1639",
    "Gms": "0",
    "K": "20",
    "RatingMonth": "AUG25",
    "B-day": "1977",
    "Flag": "i"
  },
  {
    "ID Number": "5604850",
    "Name": "Spiteri, Samuel",
    "Fed": "MLT",
    "Sex": "M",
    "Title": "",
    "WTit": "",
    "OTit": "",
    "Rating": "1416",
    "Gms": "0",
    "K": "40",
    "RatingMonth": "AUG25",
    "B-day": "2013",
    "Flag": "i"
  },
  {
    "ID Number": "5602254",
    "Name": "Stagno, Matteo",
    "Fed": "MLT",
    "Sex": "M",
    "Title": "",
    "WTit": "",
    "OTit": "",
    "Rating": "1788",
    "Gms": "0",
    "K": "20",
    "RatingMonth": "AUG25",
    "B-day": "2005",
    "Flag": "i"
  },
  {
    "ID Number": "5602289",
    "Name": "Stagno, Milena",
    "Fed": "MLT",
    "Sex": "F",
    "Title": "WCM",
    "WTit": "WCM",
    "OTit": "",
    "Rating": "1667",
    "Gms": "0",
    "K": "20",
    "RatingMonth": "AUG25",
    "B-day": "2006",
    "Flag": "wi"
  },
  {
    "ID Number": "5600391",
    "Name": "Stefanovic, Bora",
    "Fed": "MLT",
    "Sex": "M",
    "Title": "",
    "WTit": "",
    "OTit": "",
    "Rating": "1831",
    "Gms": "0",
    "K": "20",
    "RatingMonth": "AUG25",
    "B-day": "0",
    "Flag": "i"
  },
  {
    "ID Number": "5604869",
    "Name": "Stellato, Adrian",
    "Fed": "MLT",
    "Sex": "M",
    "Title": "",
    "WTit": "",
    "OTit": "",
    "Rating": "1548",
    "Gms": "0",
    "K": "40",
    "RatingMonth": "AUG25",
    "B-day": "2012",
    "Flag": "i"
  },
  {
    "ID Number": "919969",
    "Name": "Stevanovic, Nenad",
    "Fed": "MLT",
    "Sex": "M",
    "Title": "",
    "WTit": "",
    "OTit": "",
    "Rating": "1832",
    "Gms": "0",
    "K": "20",
    "RatingMonth": "AUG25",
    "B-day": "1980",
    "Flag": "i"
  },
  {
    "ID Number": "5604478",
    "Name": "Strojek, Lars",
    "Fed": "MLT",
    "Sex": "M",
    "Title": "",
    "WTit": "",
    "OTit": "",
    "Rating": "1596",
    "Gms": "0",
    "K": "40",
    "RatingMonth": "AUG25",
    "B-day": "2010",
    "Flag": ""
  },
  {
    "ID Number": "5602947",
    "Name": "Thake, Conrad",
    "Fed": "MLT",
    "Sex": "M",
    "Title": "CM",
    "WTit": "",
    "OTit": "",
    "Rating": "1822",
    "Gms": "0",
    "K": "20",
    "RatingMonth": "AUG25",
    "B-day": "1963",
    "Flag": ""
  },
  {
    "ID Number": "5603129",
    "Name": "Thekow, Marc",
    "Fed": "MLT",
    "Sex": "M",
    "Title": "",
    "WTit": "",
    "OTit": "",
    "Rating": "1494",
    "Gms": "0",
    "K": "20",
    "RatingMonth": "AUG25",
    "B-day": "1985",
    "Flag": "i"
  },
  {
    "ID Number": "5600464",
    "Name": "Thornton, Filipina",
    "Fed": "MLT",
    "Sex": "F",
    "Title": "WFM",
    "WTit": "WFM",
    "OTit": "FI,NA",
    "Rating": "1824",
    "Gms": "0",
    "K": "20",
    "RatingMonth": "AUG25",
    "B-day": "1977",
    "Flag": "w"
  },
  {
    "ID Number": "5602637",
    "Name": "Thornton, Hayley",
    "Fed": "MLT",
    "Sex": "F",
    "Title": "",
    "WTit": "",
    "OTit": "",
    "Rating": "1516",
    "Gms": "0",
    "K": "40",
    "RatingMonth": "AUG25",
    "B-day": "2011",
    "Flag": "w"
  },
  {
    "ID Number": "5602858",
    "Name": "Turin, Laurent",
    "Fed": "MLT",
    "Sex": "M",
    "Title": "",
    "WTit": "",
    "OTit": "",
    "Rating": "1689",
    "Gms": "0",
    "K": "20",
    "RatingMonth": "AUG25",
    "B-day": "1984",
    "Flag": "i"
  },
  {
    "ID Number": "5400120",
    "Name": "Unger, Manfred",
    "Fed": "MLT",
    "Sex": "M",
    "Title": "",
    "WTit": "",
    "OTit": "",
    "Rating": "1978",
    "Gms": "0",
    "K": "20",
    "RatingMonth": "AUG25",
    "B-day": "1963",
    "Flag": ""
  },
  {
    "ID Number": "5602670",
    "Name": "Vassallo, Andrea Karl",
    "Fed": "MLT",
    "Sex": "M",
    "Title": "",
    "WTit": "",
    "OTit": "",
    "Rating": "1573",
    "Gms": "0",
    "K": "20",
    "RatingMonth": "AUG25",
    "B-day": "1999",
    "Flag": "i"
  },
  {
    "ID Number": "5600243",
    "Name": "Vella, Duncan",
    "Fed": "MLT",
    "Sex": "M",
    "Title": "CM",
    "WTit": "FI,SI,IA",
    "OTit": "",
    "Rating": "1873",
    "Gms": "0",
    "K": "20",
    "RatingMonth": "AUG25",
    "B-day": "1971",
    "Flag": ""
  },
  {
    "ID Number": "5604613",
    "Name": "Vella, Wayne",
    "Fed": "MLT",
    "Sex": "M",
    "Title": "",
    "WTit": "",
    "OTit": "",
    "Rating": "1455",
    "Gms": "0",
    "K": "40",
    "RatingMonth": "AUG25",
    "B-day": "2011",
    "Flag": "i"
  },
  {
    "ID Number": "503070",
    "Name": "Verkasalo, Tommi",
    "Fed": "MLT",
    "Sex": "M",
    "Title": "FM",
    "WTit": "",
    "OTit": "",
    "Rating": "2078",
    "Gms": "0",
    "K": "20",
    "RatingMonth": "AUG25",
    "B-day": "1982",
    "Flag": "i"
  },
  {
    "ID Number": "5605180",
    "Name": "Wang, Fanrui",
    "Fed": "MLT",
    "Sex": "M",
    "Title": "",
    "WTit": "",
    "OTit": "",
    "Rating": "1491",
    "Gms": "0",
    "K": "40",
    "RatingMonth": "AUG25",
    "B-day": "2016",
    "Flag": ""
  },
  {
    "ID Number": "5604281",
    "Name": "Wang, Yunlong",
    "Fed": "MLT",
    "Sex": "F",
    "Title": "",
    "WTit": "",
    "OTit": "",
    "Rating": "1481",
    "Gms": "0",
    "K": "40",
    "RatingMonth": "AUG25",
    "B-day": "2012",
    "Flag": "wi"
  },
  {
    "ID Number": "5600545",
    "Name": "Xuereb, Andre",
    "Fed": "MLT",
    "Sex": "M",
    "Title": "",
    "WTit": "",
    "OTit": "",
    "Rating": "1855",
    "Gms": "0",
    "K": "20",
    "RatingMonth": "AUG25",
    "B-day": "1991",
    "Flag": "i"
  },
  {
    "ID Number": "5603471",
    "Name": "Zammit, Jacob",
    "Fed": "MLT",
    "Sex": "M",
    "Title": "",
    "WTit": "",
    "OTit": "",
    "Rating": "1821",
    "Gms": "0",
    "K": "20",
    "RatingMonth": "AUG25",
    "B-day": "2004",
    "Flag": ""
  },
  {
    "ID Number": "5602343",
    "Name": "Zammit, Luke",
    "Fed": "MLT",
    "Sex": "M",
    "Title": "",
    "WTit": "",
    "OTit": "",
    "Rating": "1660",
    "Gms": "0",
    "K": "20",
    "RatingMonth": "AUG25",
    "B-day": "2004",
    "Flag": "i"
  },
  {
    "ID Number": "5603080",
    "Name": "Zangrilli, Leonardo",
    "Fed": "MLT",
    "Sex": "M",
    "Title": "",
    "WTit": "",
    "OTit": "",
    "Rating": "1519",
    "Gms": "0",
    "K": "40",
    "RatingMonth": "AUG25",
    "B-day": "2010",
    "Flag": "i"
  },
  {
    "ID Number": "5606250",
    "Name": "Zarb, Mark",
    "Fed": "MLT",
    "Sex": "M",
    "Title": "",
    "WTit": "",
    "OTit": "",
    "Rating": "1509",
    "Gms": "0",
    "K": "40",
    "RatingMonth": "AUG25",
    "B-day": "2014",
    "Flag": ""
  },
  {
    "ID Number": "5600375",
    "Name": "Zerafa, Patrick",
    "Fed": "MLT",
    "Sex": "M",
    "Title": "FM",
    "WTit": "",
    "OTit": "",
    "Rating": "2001",
    "Gms": "0",
    "K": "20",
    "RatingMonth": "AUG25",
    "B-day": "1988",
    "Flag": ""
  },
  {
    "ID Number": "5600618",
    "Name": "Zerafa, Robert",
    "Fed": "MLT",
    "Sex": "M",
    "Title": "CM",
    "WTit": "",
    "OTit": "",
    "Rating": "2105",
    "Gms": "0",
    "K": "20",
    "RatingMonth": "AUG25",
    "B-day": "1989",
    "Flag": ""
  }
]