[
  {
    "ID Number": "5604940"
  },
  {
    "ID Number": "5602106"
  },
  {
    "ID Number": "5604834"
  },
  {
    "ID Number": "5603226"
  },
  {
    "ID Number": "5601134"
  },
  {
    "ID Number": "5604427"
  },
  {
    "ID Number": "5602998"
  },
  {
    "ID Number": "26042380"
  },
  {
    "ID Number": "5600766"
  },
  {
    "ID Number": "5600138"
  },
  {
    "ID Number": "5605679"
  },
  {
    "ID Number": "5605687"
  },
  {
    "ID Number": "5601894"
  },
  {
    "ID Number": "5603323"
  },
  {
    "ID Number": "5605113"
  },
  {
    "ID Number": "5602238"
  },
  {
    "ID Number": "5602220"
  },
  {
    "ID Number": "5602920"
  },
  {
    "ID Number": "5605784"
  },
  {
    "ID Number": "5605717"
  },
  {
    "ID Number": "5600065"
  },
  {
    "ID Number": "5604737"
  },
  {
    "ID Number": "5602840"
  },
  {
    "ID Number": "5601487"
  },
  {
    "ID Number": "5606128"
  },
  {
    "ID Number": "5601711"
  },
  {
    "ID Number": "5602980"
  },
  {
    "ID Number": "5605733"
  },
  {
    "ID Number": "5602890"
  },
  {
    "ID Number": "5602769"
  },
  {
    "ID Number": "5605792"
  },
  {
    "ID Number": "5601657"
  },
  {
    "ID Number": "5602262"
  },
  {
    "ID Number": "5600502"
  },
  {
    "ID Number": "5602157"
  },
  {
    "ID Number": "5604052"
  },
  {
    "ID Number": "5603897"
  },
  {
    "ID Number": "5602351"
  },
  {
    "ID Number": "5604133"
  },
  {
    "ID Number": "5604745"
  },
  {
    "ID Number": "5605121"
  },
  {
    "ID Number": "5602025"
  },
  {
    "ID Number": "444251"
  },
  {
    "ID Number": "5602831"
  },
  {
    "ID Number": "5601061"
  },
  {
    "ID Number": "5605156"
  },
  {
    "ID Number": "5603862"
  },
  {
    "ID Number": "5605008"
  },
  {
    "ID Number": "2894942"
  },
  {
    "ID Number": "5601100"
  },
  {
    "ID Number": "5600626"
  },
  {
    "ID Number": "5600707"
  },
  {
    "ID Number": "5600898"
  },
  {
    "ID Number": "5602661"
  },
  {
    "ID Number": "5602076"
  },
  {
    "ID Number": "5601533"
  },
  {
    "ID Number": "5602173"
  },
  {
    "ID Number": "5602165"
  },
  {
    "ID Number": "5601452"
  },
  {
    "ID Number": "5600715"
  },
  {
    "ID Number": "5604680"
  },
  {
    "ID Number": "5604893"
  },
  {
    "ID Number": "5600278"
  },
  {
    "ID Number": "5602378"
  },
  {
    "ID Number": "5603315"
  },
  {
    "ID Number": "5603773"
  },
  {
    "ID Number": "5600693"
  },
  {
    "ID Number": "5604087"
  },
  {
    "ID Number": "5604311"
  },
  {
    "ID Number": "5604222"
  },
  {
    "ID Number": "5600596"
  },
  {
    "ID Number": "5602319"
  },
  {
    "ID Number": "5602971"
  },
  {
    "ID Number": "5602360"
  },
  {
    "ID Number": "5604362"
  },
  {
    "ID Number": "5602440"
  },
  {
    "ID Number": "783846"
  },
  {
    "ID Number": "5604150"
  },
  {
    "ID Number": "5601746"
  },
  {
    "ID Number": "5604982"
  },
  {
    "ID Number": "5602386"
  },
  {
    "ID Number": "55607900"
  },
  {
    "ID Number": "5602475"
  },
  {
    "ID Number": "5602629"
  },
  {
    "ID Number": "5601797"
  },
  {
    "ID Number": "5605652"
  },
  {
    "ID Number": "5603005"
  },
  {
    "ID Number": "5602653"
  },
  {
    "ID Number": "5602521"
  },
  {
    "ID Number": "5601878"
  },
  {
    "ID Number": "5601983"
  },
  {
    "ID Number": "5600723"
  },
  {
    "ID Number": "727067"
  },
  {
    "ID Number": "5605067"
  },
  {
    "ID Number": "5600189"
  },
  {
    "ID Number": "5604206"
  },
  {
    "ID Number": "5605555"
  },
  {
    "ID Number": "6363318"
  },
  {
    "ID Number": "5602335"
  },
  {
    "ID Number": "5602327"
  },
  {
    "ID Number": "5602556"
  },
  {
    "ID Number": "5601851"
  },
  {
    "ID Number": "5604931"
  },
  {
    "ID Number": "5600359"
  },
  {
    "ID Number": "5602130"
  },
  {
    "ID Number": "5601118"
  },
  {
    "ID Number": "5605164"
  },
  {
    "ID Number": "5600030"
  },
  {
    "ID Number": "5602564"
  },
  {
    "ID Number": "5605016"
  },
  {
    "ID Number": "5602513"
  },
  {
    "ID Number": "5600405"
  },
  {
    "ID Number": "5601290"
  },
  {
    "ID Number": "5600480"
  },
  {
    "ID Number": "5600499"
  },
  {
    "ID Number": "5600200"
  },
  {
    "ID Number": "5602246"
  },
  {
    "ID Number": "5601215"
  },
  {
    "ID Number": "5603382"
  },
  {
    "ID Number": "5604842"
  },
  {
    "ID Number": "5604702"
  },
  {
    "ID Number": "5603293"
  },
  {
    "ID Number": "5605369"
  },
  {
    "ID Number": "5603021"
  },
  {
    "ID Number": "5603013"
  },
  {
    "ID Number": "5604850"
  },
  {
    "ID Number": "5602254"
  },
  {
    "ID Number": "5602289"
  },
  {
    "ID Number": "5600391"
  },
  {
    "ID Number": "5604869"
  },
  {
    "ID Number": "919969"
  },
  {
    "ID Number": "5604478"
  },
  {
    "ID Number": "5602947"
  },
  {
    "ID Number": "5603129"
  },
  {
    "ID Number": "5600464"
  },
  {
    "ID Number": "5602637"
  },
  {
    "ID Number": "5602858"
  },
  {
    "ID Number": "5400120"
  },
  {
    "ID Number": "5602670"
  },
  {
    "ID Number": "5600243"
  },
  {
    "ID Number": "5604613"
  },
  {
    "ID Number": "503070"
  },
  {
    "ID Number": "5605180"
  },
  {
    "ID Number": "5604281"
  },
  {
    "ID Number": "5600545"
  },
  {
    "ID Number": "5603471"
  },
  {
    "ID Number": "5602343"
  },
  {
    "ID Number": "5603080"
  },
  {
    "ID Number": "5606250"
  },
  {
    "ID Number": "5600375"
  },
  {
    "ID Number": "5600618"
  }
]