[
  {
    "ID Number": "16301072",
    "Name": "Asanaka, Louis",
    "Fed": "TPE",
    "Sex": "M",
    "Title": "",
    "WTit": "",
    "OTit": "",
    "FOA": "1779",
    "Rating": "AUG25",
    "Gms": "0",
    "K": "20",
    "B-day": "2003",
    "Flag": "i"
  },
  {
    "ID Number": "16301242",
    "Name": "Asanaka, Luca",
    "Fed": "TPE",
    "Sex": "M",
    "Title": "",
    "WTit": "",
    "OTit": "",
    "FOA": "1595",
    "Rating": "AUG25",
    "Gms": "0",
    "K": "40",
    "B-day": "2006",
    "Flag": "i"
  },
  {
    "ID Number": "16301447",
    "Name": "Azim, Risa Lee",
    "Fed": "TPE",
    "Sex": "F",
    "Title": "",
    "WTit": "",
    "OTit": "",
    "FOA": "1475",
    "Rating": "AUG25",
    "Gms": "0",
    "K": "40",
    "B-day": "2003",
    "Flag": "wi"
  },
  {
    "ID Number": "16301188",
    "Name": "Bai, Adelard",
    "Fed": "TPE",
    "Sex": "M",
    "Title": "IM",
    "WTit": "",
    "OTit": "",
    "FOA": "2415",
    "Rating": "AUG25",
    "Gms": "27",
    "K": "10",
    "B-day": "2007",
    "Flag": ""
  },
  {
    "ID Number": "16300254",
    "Name": "Camhi, David",
    "Fed": "TPE",
    "Sex": "M",
    "Title": "",
    "WTit": "",
    "OTit": "",
    "FOA": "1686",
    "Rating": "AUG25",
    "Gms": "0",
    "K": "20",
    "B-day": "1972",
    "Flag": ""
  },
  {
    "ID Number": "16301145",
    "Name": "Chan,Ming-Hsuan Ian",
    "Fed": "TPE",
    "Sex": "M",
    "Title": "",
    "WTit": "",
    "OTit": "",
    "FOA": "1649",
    "Rating": "AUG25",
    "Gms": "0",
    "K": "40",
    "B-day": "2000",
    "Flag": "i"
  },
  {
    "ID Number": "16305043",
    "Name": "Chang, Chia-Wei",
    "Fed": "TPE",
    "Sex": "M",
    "Title": "",
    "WTit": "",
    "OTit": "",
    "FOA": "1697",
    "Rating": "AUG25",
    "Gms": "0",
    "K": "40",
    "B-day": "2009",
    "Flag": ""
  },
  {
    "ID Number": "16305159",
    "Name": "Chang, Ching-Ting",
    "Fed": "TPE",
    "Sex": "M",
    "Title": "",
    "WTit": "",
    "OTit": "",
    "FOA": "AFM",
    "Rating": "AUG25",
    "Gms": "1726",
    "K": "0",
    "B-day": "2005",
    "Flag": "i"
  },
  {
    "ID Number": "16305558",
    "Name": "Chang, Chung Min",
    "Fed": "TPE",
    "Sex": "M",
    "Title": "",
    "WTit": "",
    "OTit": "",
    "FOA": "1629",
    "Rating": "AUG25",
    "Gms": "13",
    "K": "40",
    "B-day": "2011",
    "Flag": ""
  },
  {
    "ID Number": "16301455",
    "Name": "Chang, Meng-Yu",
    "Fed": "TPE",
    "Sex": "F",
    "Title": "",
    "WTit": "",
    "OTit": "",
    "FOA": "1532",
    "Rating": "AUG25",
    "Gms": "0",
    "K": "40",
    "B-day": "2007",
    "Flag": "wi"
  },
  {
    "ID Number": "16300572",
    "Name": "Chang, Shih-Hsiung",
    "Fed": "TPE",
    "Sex": "M",
    "Title": "CM",
    "WTit": "",
    "OTit": "",
    "FOA": "1752",
    "Rating": "AUG25",
    "Gms": "0",
    "K": "20",
    "B-day": "1972",
    "Flag": "i"
  },
  {
    "ID Number": "16301706",
    "Name": "Chang, Wei-Chen",
    "Fed": "TPE",
    "Sex": "M",
    "Title": "",
    "WTit": "",
    "OTit": "",
    "FOA": "1732",
    "Rating": "AUG25",
    "Gms": "0",
    "K": "40",
    "B-day": "2001",
    "Flag": "i"
  },
  {
    "ID Number": "16305329",
    "Name": "Chao, Andrew Tzu Chun",
    "Fed": "TPE",
    "Sex": "M",
    "Title": "",
    "WTit": "",
    "OTit": "",
    "FOA": "1477",
    "Rating": "AUG25",
    "Gms": "6",
    "K": "40",
    "B-day": "2014",
    "Flag": ""
  },
  {
    "ID Number": "16304616",
    "Name": "Chao, Tzu-Chi Angie",
    "Fed": "TPE",
    "Sex": "F",
    "Title": "",
    "WTit": "",
    "OTit": "",
    "FOA": "1483",
    "Rating": "AUG25",
    "Gms": "4",
    "K": "40",
    "B-day": "2010",
    "Flag": "w"
  },
  {
    "ID Number": "16304438",
    "Name": "Chao, Tzu-Yi Anderson",
    "Fed": "TPE",
    "Sex": "M",
    "Title": "",
    "WTit": "",
    "OTit": "",
    "FOA": "1559",
    "Rating": "AUG25",
    "Gms": "0",
    "K": "40",
    "B-day": "2007",
    "Flag": "i"
  },
  {
    "ID Number": "16305868",
    "Name": "Chen Yong-Ye",
    "Fed": "TPE",
    "Sex": "M",
    "Title": "",
    "WTit": "",
    "OTit": "",
    "FOA": "1622",
    "Rating": "AUG25",
    "Gms": "2",
    "K": "40",
    "B-day": "2015",
    "Flag": ""
  },
  {
    "ID Number": "16305825",
    "Name": "Chen, Bowie",
    "Fed": "TPE",
    "Sex": "M",
    "Title": "",
    "WTit": "",
    "OTit": "",
    "FOA": "1575",
    "Rating": "AUG25",
    "Gms": "2",
    "K": "40",
    "B-day": "1997",
    "Flag": ""
  },
  {
    "ID Number": "16301633",
    "Name": "Chen, Chi",
    "Fed": "TPE",
    "Sex": "F",
    "Title": "",
    "WTit": "NI",
    "OTit": "",
    "FOA": "1766",
    "Rating": "AUG25",
    "Gms": "0",
    "K": "20",
    "B-day": "2000",
    "Flag": "w"
  },
  {
    "ID Number": "16302460",
    "Name": "Chen, Chia-Chien",
    "Fed": "TPE",
    "Sex": "M",
    "Title": "",
    "WTit": "",
    "OTit": "",
    "FOA": "1615",
    "Rating": "AUG25",
    "Gms": "0",
    "K": "40",
    "B-day": "2008",
    "Flag": "i"
  },
  {
    "ID Number": "16300181",
    "Name": "Chen, I-Chen",
    "Fed": "TPE",
    "Sex": "F",
    "Title": "WFM",
    "WTit": "WFM",
    "OTit": "",
    "FOA": "1701",
    "Rating": "AUG25",
    "Gms": "4",
    "K": "20",
    "B-day": "1981",
    "Flag": "w"
  },
  {
    "ID Number": "16304128",
    "Name": "Chen, Jun-Wei",
    "Fed": "TPE",
    "Sex": "M",
    "Title": "",
    "WTit": "",
    "OTit": "",
    "FOA": "2162",
    "Rating": "AUG25",
    "Gms": "27",
    "K": "40",
    "B-day": "2012",
    "Flag": ""
  },
  {
    "ID Number": "16301579",
    "Name": "Chen, Kai-Chun",
    "Fed": "TPE",
    "Sex": "M",
    "Title": "",
    "WTit": "",
    "OTit": "",
    "FOA": "1654",
    "Rating": "AUG25",
    "Gms": "0",
    "K": "20",
    "B-day": "2006",
    "Flag": "i"
  },
  {
    "ID Number": "16301951",
    "Name": "Chen, Kuan Chin",
    "Fed": "TPE",
    "Sex": "M",
    "Title": "",
    "WTit": "",
    "OTit": "",
    "FOA": "1471",
    "Rating": "AUG25",
    "Gms": "0",
    "K": "40",
    "B-day": "2004",
    "Flag": "i"
  },
  {
    "ID Number": "16302044",
    "Name": "Chen, Matthew Ryan",
    "Fed": "TPE",
    "Sex": "M",
    "Title": "",
    "WTit": "",
    "OTit": "",
    "FOA": "1511",
    "Rating": "AUG25",
    "Gms": "0",
    "K": "40",
    "B-day": "2006",
    "Flag": "i"
  },
  {
    "ID Number": "16300106",
    "Name": "Chen, Peng-An",
    "Fed": "TPE",
    "Sex": "F",
    "Title": "",
    "WTit": "",
    "OTit": "",
    "FOA": "1732",
    "Rating": "AUG25",
    "Gms": "0",
    "K": "40",
    "B-day": "1994",
    "Flag": "wi"
  },
  {
    "ID Number": "16300270",
    "Name": "Chen, Pin-Hung",
    "Fed": "TPE",
    "Sex": "M",
    "Title": "",
    "WTit": "",
    "OTit": "",
    "FOA": "1819",
    "Rating": "AUG25",
    "Gms": "0",
    "K": "20",
    "B-day": "1997",
    "Flag": "i"
  },
  {
    "ID Number": "16303164",
    "Name": "Chen, Pin-I",
    "Fed": "TPE",
    "Sex": "F",
    "Title": "",
    "WTit": "",
    "OTit": "",
    "FOA": "1577",
    "Rating": "AUG25",
    "Gms": "0",
    "K": "40",
    "B-day": "2012",
    "Flag": "w"
  },
  {
    "ID Number": "16305493",
    "Name": "Chen, Pin-Jui",
    "Fed": "TPE",
    "Sex": "M",
    "Title": "",
    "WTit": "",
    "OTit": "",
    "FOA": "1580",
    "Rating": "AUG25",
    "Gms": "0",
    "K": "40",
    "B-day": "2014",
    "Flag": ""
  },
  {
    "ID Number": "16301552",
    "Name": "Chen, Po-Han",
    "Fed": "TPE",
    "Sex": "M",
    "Title": "",
    "WTit": "",
    "OTit": "",
    "FOA": "1627",
    "Rating": "AUG25",
    "Gms": "0",
    "K": "40",
    "B-day": "2005",
    "Flag": "i"
  },
  {
    "ID Number": "16301722",
    "Name": "Chen, Shih-Ti",
    "Fed": "TPE",
    "Sex": "M",
    "Title": "",
    "WTit": "",
    "OTit": "",
    "FOA": "1554",
    "Rating": "AUG25",
    "Gms": "0",
    "K": "40",
    "B-day": "2005",
    "Flag": "i"
  },
  {
    "ID Number": "16300289",
    "Name": "Chen, Yan-Fong",
    "Fed": "TPE",
    "Sex": "M",
    "Title": "",
    "WTit": "",
    "OTit": "",
    "FOA": "1853",
    "Rating": "AUG25",
    "Gms": "0",
    "K": "20",
    "B-day": "1998",
    "Flag": "i"
  },
  {
    "ID Number": "16303989",
    "Name": "Chen, Yen-Chi",
    "Fed": "TPE",
    "Sex": "M",
    "Title": "",
    "WTit": "",
    "OTit": "",
    "FOA": "1543",
    "Rating": "AUG25",
    "Gms": "2",
    "K": "40",
    "B-day": "2012",
    "Flag": ""
  },
  {
    "ID Number": "16303156",
    "Name": "Chen, Yung-Hao",
    "Fed": "TPE",
    "Sex": "M",
    "Title": "",
    "WTit": "",
    "OTit": "",
    "FOA": "AIM",
    "Rating": "AUG25",
    "Gms": "1735",
    "K": "12",
    "B-day": "2009",
    "Flag": ""
  },
  {
    "ID Number": "16301021",
    "Name": "Chen,Yen-Liang Jones",
    "Fed": "TPE",
    "Sex": "M",
    "Title": "",
    "WTit": "",
    "OTit": "",
    "FOA": "1746",
    "Rating": "AUG25",
    "Gms": "0",
    "K": "40",
    "B-day": "1977",
    "Flag": "i"
  },
  {
    "ID Number": "16301471",
    "Name": "Cheng, Chen Li- Andrew",
    "Fed": "TPE",
    "Sex": "M",
    "Title": "",
    "WTit": "",
    "OTit": "",
    "FOA": "ACM",
    "Rating": "AUG25",
    "Gms": "1614",
    "K": "0",
    "B-day": "2003",
    "Flag": "i"
  },
  {
    "ID Number": "16301463",
    "Name": "Cheng, Chen Yu- Alexander",
    "Fed": "TPE",
    "Sex": "M",
    "Title": "",
    "WTit": "",
    "OTit": "",
    "FOA": "AGM",
    "Rating": "AUG25",
    "Gms": "1788",
    "K": "0",
    "B-day": "2003",
    "Flag": "i"
  },
  {
    "ID Number": "16301480",
    "Name": "Cheng, Cheng Chien- Andy",
    "Fed": "TPE",
    "Sex": "M",
    "Title": "",
    "WTit": "",
    "OTit": "",
    "FOA": "1441",
    "Rating": "AUG25",
    "Gms": "0",
    "K": "40",
    "B-day": "2007",
    "Flag": "i"
  },
  {
    "ID Number": "16301110",
    "Name": "Cheng, Chun-Yuan",
    "Fed": "TPE",
    "Sex": "M",
    "Title": "",
    "WTit": "",
    "OTit": "",
    "FOA": "1726",
    "Rating": "AUG25",
    "Gms": "0",
    "K": "40",
    "B-day": "2002",
    "Flag": "i"
  },
  {
    "ID Number": "16305361",
    "Name": "Cheng, Shu-Tsai",
    "Fed": "TPE",
    "Sex": "M",
    "Title": "",
    "WTit": "",
    "OTit": "",
    "FOA": "1555",
    "Rating": "AUG25",
    "Gms": "0",
    "K": "40",
    "B-day": "2017",
    "Flag": ""
  },
  {
    "ID Number": "16302745",
    "Name": "Cheng, Yu Chen (Ethan)",
    "Fed": "TPE",
    "Sex": "M",
    "Title": "",
    "WTit": "",
    "OTit": "",
    "FOA": "1653",
    "Rating": "AUG25",
    "Gms": "9",
    "K": "40",
    "B-day": "2011",
    "Flag": ""
  },
  {
    "ID Number": "16304489",
    "Name": "Cheng, Yun-Tung",
    "Fed": "TPE",
    "Sex": "F",
    "Title": "",
    "WTit": "",
    "OTit": "",
    "FOA": "1426",
    "Rating": "AUG25",
    "Gms": "0",
    "K": "40",
    "B-day": "2014",
    "Flag": "w"
  },
  {
    "ID Number": "170104999",
    "Name": "Chien, Philip Yuan Ho",
    "Fed": "TPE",
    "Sex": "M",
    "Title": "",
    "WTit": "",
    "OTit": "",
    "FOA": "1439",
    "Rating": "AUG25",
    "Gms": "0",
    "K": "40",
    "B-day": "1993",
    "Flag": "i"
  },
  {
    "ID Number": "16305485",
    "Name": "Chiu, Hung-Chuan",
    "Fed": "TPE",
    "Sex": "M",
    "Title": "",
    "WTit": "",
    "OTit": "",
    "FOA": "1705",
    "Rating": "AUG25",
    "Gms": "3",
    "K": "40",
    "B-day": "2015",
    "Flag": ""
  },
  {
    "ID Number": "16305191",
    "Name": "Chiu, Po-Han",
    "Fed": "TPE",
    "Sex": "M",
    "Title": "",
    "WTit": "",
    "OTit": "",
    "FOA": "1527",
    "Rating": "AUG25",
    "Gms": "0",
    "K": "40",
    "B-day": "2008",
    "Flag": "i"
  },
  {
    "ID Number": "16300840",
    "Name": "Cho, Hung-Ling",
    "Fed": "TPE",
    "Sex": "F",
    "Title": "WCM",
    "WTit": "WCM",
    "OTit": "",
    "FOA": "1737",
    "Rating": "AUG25",
    "Gms": "0",
    "K": "20",
    "B-day": "2002",
    "Flag": "w"
  },
  {
    "ID Number": "16301064",
    "Name": "Chu, Su Yan",
    "Fed": "TPE",
    "Sex": "M",
    "Title": "",
    "WTit": "",
    "OTit": "",
    "FOA": "1572",
    "Rating": "AUG25",
    "Gms": "0",
    "K": "40",
    "B-day": "2004",
    "Flag": "i"
  },
  {
    "ID Number": "16301129",
    "Name": "Chuang, James",
    "Fed": "TPE",
    "Sex": "M",
    "Title": "",
    "WTit": "",
    "OTit": "",
    "FOA": "1639",
    "Rating": "AUG25",
    "Gms": "0",
    "K": "20",
    "B-day": "2002",
    "Flag": "i"
  },
  {
    "ID Number": "16305396",
    "Name": "Chuang, Kai-Jui",
    "Fed": "TPE",
    "Sex": "M",
    "Title": "",
    "WTit": "",
    "OTit": "",
    "FOA": "1708",
    "Rating": "AUG25",
    "Gms": "5",
    "K": "40",
    "B-day": "2011",
    "Flag": ""
  },
  {
    "ID Number": "16302842",
    "Name": "Chuang, Matthew",
    "Fed": "TPE",
    "Sex": "M",
    "Title": "",
    "WTit": "",
    "OTit": "",
    "FOA": "1666",
    "Rating": "AUG25",
    "Gms": "0",
    "K": "40",
    "B-day": "2006",
    "Flag": "i"
  },
  {
    "ID Number": "16305957",
    "Name": "Chuang, Ruei-En",
    "Fed": "TPE",
    "Sex": "F",
    "Title": "",
    "WTit": "",
    "OTit": "",
    "FOA": "1610",
    "Rating": "AUG25",
    "Gms": "6",
    "K": "40",
    "B-day": "2012",
    "Flag": "w"
  },
  {
    "ID Number": "16306015",
    "Name": "Chung, Frederick H.",
    "Fed": "TPE",
    "Sex": "M",
    "Title": "",
    "WTit": "",
    "OTit": "",
    "FOA": "1609",
    "Rating": "AUG25",
    "Gms": "8",
    "K": "40",
    "B-day": "2013",
    "Flag": ""
  },
  {
    "ID Number": "16300955",
    "Name": "Gao,Yi-Ping",
    "Fed": "TPE",
    "Sex": "F",
    "Title": "WFM",
    "WTit": "WFM",
    "OTit": "",
    "FOA": "1866",
    "Rating": "AUG25",
    "Gms": "0",
    "K": "40",
    "B-day": "1976",
    "Flag": "wi"
  },
  {
    "ID Number": "16300050",
    "Name": "Hicks, Robert Paul",
    "Fed": "TPE",
    "Sex": "M",
    "Title": "",
    "WTit": "",
    "OTit": "",
    "FOA": "2028",
    "Rating": "AUG25",
    "Gms": "0",
    "K": "40",
    "B-day": "1958",
    "Flag": "i"
  },
  {
    "ID Number": "16300599",
    "Name": "Ho, Jei-Chen",
    "Fed": "TPE",
    "Sex": "M",
    "Title": "FM",
    "WTit": "",
    "OTit": "",
    "FOA": "1960",
    "Rating": "AUG25",
    "Gms": "0",
    "K": "20",
    "B-day": "2000",
    "Flag": "i"
  },
  {
    "ID Number": "16306163",
    "Name": "Hong, Tsai-Lung",
    "Fed": "TPE",
    "Sex": "M",
    "Title": "",
    "WTit": "",
    "OTit": "",
    "FOA": "1508",
    "Rating": "AUG25",
    "Gms": "8",
    "K": "40",
    "B-day": "1966",
    "Flag": ""
  },
  {
    "ID Number": "16305574",
    "Name": "Hsia, Ho-Hsuan",
    "Fed": "TPE",
    "Sex": "M",
    "Title": "",
    "WTit": "",
    "OTit": "",
    "FOA": "1645",
    "Rating": "AUG25",
    "Gms": "12",
    "K": "40",
    "B-day": "2009",
    "Flag": ""
  },
  {
    "ID Number": "16303571",
    "Name": "Hsieh, Chris Shih-Yu",
    "Fed": "TPE",
    "Sex": "M",
    "Title": "",
    "WTit": "",
    "OTit": "",
    "FOA": "1582",
    "Rating": "AUG25",
    "Gms": "0",
    "K": "40",
    "B-day": "2013",
    "Flag": "i"
  },
  {
    "ID Number": "16303229",
    "Name": "Hsieh, Chun-Wei",
    "Fed": "TPE",
    "Sex": "M",
    "Title": "",
    "WTit": "",
    "OTit": "",
    "FOA": "1760",
    "Rating": "AUG25",
    "Gms": "6",
    "K": "40",
    "B-day": "2010",
    "Flag": ""
  },
  {
    "ID Number": "16305906",
    "Name": "Hsieh, Min-Han",
    "Fed": "TPE",
    "Sex": "M",
    "Title": "",
    "WTit": "",
    "OTit": "",
    "FOA": "1567",
    "Rating": "AUG25",
    "Gms": "6",
    "K": "40",
    "B-day": "2002",
    "Flag": ""
  },
  {
    "ID Number": "16302079",
    "Name": "Hsieh, Ming Tse",
    "Fed": "TPE",
    "Sex": "M",
    "Title": "",
    "WTit": "",
    "OTit": "",
    "FOA": "1521",
    "Rating": "AUG25",
    "Gms": "0",
    "K": "20",
    "B-day": "2006",
    "Flag": "i"
  },
  {
    "ID Number": "16301013",
    "Name": "Hsieh, Wen-Chin",
    "Fed": "TPE",
    "Sex": "M",
    "Title": "",
    "WTit": "DI",
    "OTit": "",
    "FOA": "1455",
    "Rating": "AUG25",
    "Gms": "0",
    "K": "20",
    "B-day": "2000",
    "Flag": "i"
  },
  {
    "ID Number": "16304985",
    "Name": "Hsieh, Yi-Li",
    "Fed": "TPE",
    "Sex": "M",
    "Title": "",
    "WTit": "",
    "OTit": "",
    "FOA": "1438",
    "Rating": "AUG25",
    "Gms": "10",
    "K": "40",
    "B-day": "2016",
    "Flag": ""
  },
  {
    "ID Number": "16305922",
    "Name": "Hsin, Kai-En",
    "Fed": "TPE",
    "Sex": "M",
    "Title": "",
    "WTit": "",
    "OTit": "",
    "FOA": "1530",
    "Rating": "AUG25",
    "Gms": "8",
    "K": "40",
    "B-day": "2010",
    "Flag": ""
  },
  {
    "ID Number": "16304527",
    "Name": "Hsu, Che",
    "Fed": "TPE",
    "Sex": "M",
    "Title": "",
    "WTit": "",
    "OTit": "",
    "FOA": "AFM",
    "Rating": "AUG25",
    "Gms": "1774",
    "K": "5",
    "B-day": "2007",
    "Flag": ""
  },
  {
    "ID Number": "170104504",
    "Name": "Hsu, Che-Chi",
    "Fed": "TPE",
    "Sex": "M",
    "Title": "",
    "WTit": "",
    "OTit": "",
    "FOA": "1645",
    "Rating": "AUG25",
    "Gms": "9",
    "K": "40",
    "B-day": "2000",
    "Flag": ""
  },
  {
    "ID Number": "16301420",
    "Name": "Hsu, Chuan-Chia",
    "Fed": "TPE",
    "Sex": "M",
    "Title": "",
    "WTit": "",
    "OTit": "",
    "FOA": "1835",
    "Rating": "AUG25",
    "Gms": "0",
    "K": "40",
    "B-day": "1996",
    "Flag": "i"
  },
  {
    "ID Number": "16300823",
    "Name": "Hsu, Hsuan-Ming",
    "Fed": "TPE",
    "Sex": "M",
    "Title": "CM",
    "WTit": "",
    "OTit": "",
    "FOA": "1997",
    "Rating": "AUG25",
    "Gms": "0",
    "K": "20",
    "B-day": "2002",
    "Flag": ""
  },
  {
    "ID Number": "16305132",
    "Name": "Hsu, Ning",
    "Fed": "TPE",
    "Sex": "F",
    "Title": "",
    "WTit": "",
    "OTit": "",
    "FOA": "1534",
    "Rating": "AUG25",
    "Gms": "0",
    "K": "40",
    "B-day": "2009",
    "Flag": "w"
  },
  {
    "ID Number": "16301595",
    "Name": "Hsu, Yu-Wei",
    "Fed": "TPE",
    "Sex": "M",
    "Title": "",
    "WTit": "",
    "OTit": "",
    "FOA": "1504",
    "Rating": "AUG25",
    "Gms": "0",
    "K": "40",
    "B-day": "2004",
    "Flag": "i"
  },
  {
    "ID Number": "16300513",
    "Name": "Hu, Ting-Rey",
    "Fed": "TPE",
    "Sex": "M",
    "Title": "",
    "WTit": "",
    "OTit": "",
    "FOA": "1744",
    "Rating": "AUG25",
    "Gms": "0",
    "K": "40",
    "B-day": "1996",
    "Flag": "i"
  },
  {
    "ID Number": "16303555",
    "Name": "Huang, Aaron Yu-Hsi",
    "Fed": "TPE",
    "Sex": "M",
    "Title": "",
    "WTit": "",
    "OTit": "",
    "FOA": "1636",
    "Rating": "AUG25",
    "Gms": "0",
    "K": "40",
    "B-day": "2013",
    "Flag": ""
  },
  {
    "ID Number": "16303504",
    "Name": "Huang, Cheng-Liang Joshua",
    "Fed": "TPE",
    "Sex": "M",
    "Title": "",
    "WTit": "",
    "OTit": "",
    "FOA": "1558",
    "Rating": "AUG25",
    "Gms": "0",
    "K": "40",
    "B-day": "2004",
    "Flag": "i"
  },
  {
    "ID Number": "16305698",
    "Name": "Huang, Chun-Yang",
    "Fed": "TPE",
    "Sex": "M",
    "Title": "",
    "WTit": "",
    "OTit": "",
    "FOA": "1671",
    "Rating": "AUG25",
    "Gms": "0",
    "K": "40",
    "B-day": "2009",
    "Flag": ""
  },
  {
    "ID Number": "16304519",
    "Name": "Huang, Da-Xuan",
    "Fed": "TPE",
    "Sex": "M",
    "Title": "",
    "WTit": "",
    "OTit": "",
    "FOA": "1545",
    "Rating": "AUG25",
    "Gms": "0",
    "K": "40",
    "B-day": "2011",
    "Flag": "i"
  },
  {
    "ID Number": "16305353",
    "Name": "Huang, Hao-Xuan",
    "Fed": "TPE",
    "Sex": "M",
    "Title": "",
    "WTit": "",
    "OTit": "",
    "FOA": "1536",
    "Rating": "AUG25",
    "Gms": "4",
    "K": "40",
    "B-day": "2012",
    "Flag": ""
  },
  {
    "ID Number": "16301714",
    "Name": "Huang, Huan-Ting",
    "Fed": "TPE",
    "Sex": "M",
    "Title": "",
    "WTit": "",
    "OTit": "",
    "FOA": "1640",
    "Rating": "AUG25",
    "Gms": "0",
    "K": "20",
    "B-day": "2005",
    "Flag": "i"
  },
  {
    "ID Number": "16300408",
    "Name": "Huang, Jimmy Ching-Chih",
    "Fed": "TPE",
    "Sex": "M",
    "Title": "",
    "WTit": "",
    "OTit": "",
    "FOA": "1943",
    "Rating": "AUG25",
    "Gms": "0",
    "K": "20",
    "B-day": "1983",
    "Flag": "i"
  },
  {
    "ID Number": "16305701",
    "Name": "Huang, Kai-En",
    "Fed": "TPE",
    "Sex": "M",
    "Title": "",
    "WTit": "",
    "OTit": "",
    "FOA": "1561",
    "Rating": "AUG25",
    "Gms": "0",
    "K": "40",
    "B-day": "2007",
    "Flag": ""
  },
  {
    "ID Number": "16306040",
    "Name": "Huang, Morris",
    "Fed": "TPE",
    "Sex": "M",
    "Title": "",
    "WTit": "",
    "OTit": "",
    "FOA": "1576",
    "Rating": "AUG25",
    "Gms": "7",
    "K": "40",
    "B-day": "2007",
    "Flag": ""
  },
  {
    "ID Number": "16304390",
    "Name": "Huang, Yi-Xin Alexis",
    "Fed": "TPE",
    "Sex": "F",
    "Title": "",
    "WTit": "",
    "OTit": "",
    "FOA": "1608",
    "Rating": "AUG25",
    "Gms": "0",
    "K": "40",
    "B-day": "2010",
    "Flag": "wi"
  },
  {
    "ID Number": "16305752",
    "Name": "Huang, Yu-Wei",
    "Fed": "TPE",
    "Sex": "M",
    "Title": "",
    "WTit": "",
    "OTit": "",
    "FOA": "1640",
    "Rating": "AUG25",
    "Gms": "0",
    "K": "40",
    "B-day": "2011",
    "Flag": ""
  },
  {
    "ID Number": "16303610",
    "Name": "Huang, Zi-Chen",
    "Fed": "TPE",
    "Sex": "M",
    "Title": "",
    "WTit": "",
    "OTit": "",
    "FOA": "1931",
    "Rating": "AUG25",
    "Gms": "0",
    "K": "40",
    "B-day": "2008",
    "Flag": ""
  },
  {
    "ID Number": "16302362",
    "Name": "Huang,Chia-Le",
    "Fed": "TPE",
    "Sex": "M",
    "Title": "",
    "WTit": "",
    "OTit": "",
    "FOA": "1462",
    "Rating": "AUG25",
    "Gms": "0",
    "K": "40",
    "B-day": "2004",
    "Flag": "i"
  },
  {
    "ID Number": "16303121",
    "Name": "Huang,Hsuan-Chen",
    "Fed": "TPE",
    "Sex": "M",
    "Title": "",
    "WTit": "",
    "OTit": "",
    "FOA": "1805",
    "Rating": "AUG25",
    "Gms": "15",
    "K": "20",
    "B-day": "2006",
    "Flag": ""
  },
  {
    "ID Number": "16301404",
    "Name": "Hung, Chen-Yi",
    "Fed": "TPE",
    "Sex": "M",
    "Title": "",
    "WTit": "",
    "OTit": "",
    "FOA": "1471",
    "Rating": "AUG25",
    "Gms": "0",
    "K": "40",
    "B-day": "2003",
    "Flag": "i"
  },
  {
    "ID Number": "16306120",
    "Name": "Hung, Chia-Chien",
    "Fed": "TPE",
    "Sex": "M",
    "Title": "",
    "WTit": "",
    "OTit": "",
    "FOA": "1590",
    "Rating": "AUG25",
    "Gms": "9",
    "K": "40",
    "B-day": "2004",
    "Flag": ""
  },
  {
    "ID Number": "2036550",
    "Name": "Hung, Daniel",
    "Fed": "TPE",
    "Sex": "M",
    "Title": "",
    "WTit": "",
    "OTit": "",
    "FOA": "2059",
    "Rating": "AUG25",
    "Gms": "0",
    "K": "20",
    "B-day": "1992",
    "Flag": ""
  },
  {
    "ID Number": "16304926",
    "Name": "Hung, I-Hsuan",
    "Fed": "TPE",
    "Sex": "M",
    "Title": "",
    "WTit": "",
    "OTit": "",
    "FOA": "1617",
    "Rating": "AUG25",
    "Gms": "2",
    "K": "40",
    "B-day": "2014",
    "Flag": ""
  },
  {
    "ID Number": "16300386",
    "Name": "Hung, Jeffery",
    "Fed": "TPE",
    "Sex": "M",
    "Title": "",
    "WTit": "",
    "OTit": "",
    "FOA": "1928",
    "Rating": "AUG25",
    "Gms": "0",
    "K": "40",
    "B-day": "1996",
    "Flag": "i"
  },
  {
    "ID Number": "16303237",
    "Name": "Hung, Jian-Ru",
    "Fed": "TPE",
    "Sex": "M",
    "Title": "",
    "WTit": "",
    "OTit": "",
    "FOA": "1539",
    "Rating": "AUG25",
    "Gms": "3",
    "K": "40",
    "B-day": "2012",
    "Flag": ""
  },
  {
    "ID Number": "30998450",
    "Name": "Hung, Shengchen",
    "Fed": "TPE",
    "Sex": "M",
    "Title": "",
    "WTit": "",
    "OTit": "",
    "FOA": "1873",
    "Rating": "AUG25",
    "Gms": "13",
    "K": "40",
    "B-day": "2010",
    "Flag": ""
  },
  {
    "ID Number": "16302184",
    "Name": "Hung,Chen-Ting",
    "Fed": "TPE",
    "Sex": "M",
    "Title": "",
    "WTit": "",
    "OTit": "",
    "FOA": "1863",
    "Rating": "AUG25",
    "Gms": "0",
    "K": "20",
    "B-day": "2003",
    "Flag": "i"
  },
  {
    "ID Number": "16300920",
    "Name": "Hwang, Chyi",
    "Fed": "TPE",
    "Sex": "F",
    "Title": "",
    "WTit": "",
    "OTit": "",
    "FOA": "1623",
    "Rating": "AUG25",
    "Gms": "0",
    "K": "20",
    "B-day": "2000",
    "Flag": "wi"
  },
  {
    "ID Number": "16304497",
    "Name": "Ings, Andrew Stephen",
    "Fed": "TPE",
    "Sex": "M",
    "Title": "",
    "WTit": "",
    "OTit": "",
    "FOA": "1582",
    "Rating": "AUG25",
    "Gms": "0",
    "K": "40",
    "B-day": "1968",
    "Flag": ""
  },
  {
    "ID Number": "8603103",
    "Name": "Joe Yueh, Wei Po",
    "Fed": "TPE",
    "Sex": "M",
    "Title": "",
    "WTit": "NI,FI",
    "OTit": "",
    "FOA": "AGM",
    "Rating": "AUG25",
    "Gms": "1952",
    "K": "0",
    "B-day": "1976",
    "Flag": "i"
  },
  {
    "ID Number": "16304829",
    "Name": "Kan, Audric",
    "Fed": "TPE",
    "Sex": "M",
    "Title": "",
    "WTit": "",
    "OTit": "",
    "FOA": "ACM",
    "Rating": "AUG25",
    "Gms": "1523",
    "K": "0",
    "B-day": "2009",
    "Flag": ""
  },
  {
    "ID Number": "16300866",
    "Name": "Kao, Chen-Chieh",
    "Fed": "TPE",
    "Sex": "M",
    "Title": "",
    "WTit": "",
    "OTit": "",
    "FOA": "1529",
    "Rating": "AUG25",
    "Gms": "0",
    "K": "40",
    "B-day": "2004",
    "Flag": "i"
  },
  {
    "ID Number": "16306171",
    "Name": "Keng, Po-Wen",
    "Fed": "TPE",
    "Sex": "M",
    "Title": "",
    "WTit": "",
    "OTit": "",
    "FOA": "1602",
    "Rating": "AUG25",
    "Gms": "8",
    "K": "40",
    "B-day": "2008",
    "Flag": ""
  },
  {
    "ID Number": "16304918",
    "Name": "Ko, Yu-Cheng",
    "Fed": "TPE",
    "Sex": "M",
    "Title": "",
    "WTit": "",
    "OTit": "",
    "FOA": "1677",
    "Rating": "AUG25",
    "Gms": "0",
    "K": "40",
    "B-day": "2008",
    "Flag": ""
  },
  {
    "ID Number": "16302990",
    "Name": "Kung, Darren",
    "Fed": "TPE",
    "Sex": "M",
    "Title": "",
    "WTit": "",
    "OTit": "",
    "FOA": "1581",
    "Rating": "AUG25",
    "Gms": "0",
    "K": "40",
    "B-day": "2006",
    "Flag": "i"
  },
  {
    "ID Number": "16305256",
    "Name": "Kung, Fan- Hsuan",
    "Fed": "TPE",
    "Sex": "F",
    "Title": "",
    "WTit": "",
    "OTit": "",
    "FOA": "1457",
    "Rating": "AUG25",
    "Gms": "0",
    "K": "40",
    "B-day": "2015",
    "Flag": "w"
  },
  {
    "ID Number": "16304012",
    "Name": "Lai, Amelia Hobbs Yu-Tong",
    "Fed": "TPE",
    "Sex": "F",
    "Title": "",
    "WTit": "",
    "OTit": "",
    "FOA": "1506",
    "Rating": "AUG25",
    "Gms": "0",
    "K": "40",
    "B-day": "2008",
    "Flag": "wi"
  },
  {
    "ID Number": "16305787",
    "Name": "Lai, Heng-Chia",
    "Fed": "TPE",
    "Sex": "M",
    "Title": "",
    "WTit": "",
    "OTit": "",
    "FOA": "1529",
    "Rating": "AUG25",
    "Gms": "7",
    "K": "40",
    "B-day": "2008",
    "Flag": ""
  },
  {
    "ID Number": "16303644",
    "Name": "Lai, Hong-Yi",
    "Fed": "TPE",
    "Sex": "M",
    "Title": "",
    "WTit": "",
    "OTit": "",
    "FOA": "1784",
    "Rating": "AUG25",
    "Gms": "9",
    "K": "40",
    "B-day": "2007",
    "Flag": ""
  },
  {
    "ID Number": "16305302",
    "Name": "Lai, Yun-Cheng",
    "Fed": "TPE",
    "Sex": "M",
    "Title": "",
    "WTit": "",
    "OTit": "",
    "FOA": "1498",
    "Rating": "AUG25",
    "Gms": "10",
    "K": "40",
    "B-day": "2017",
    "Flag": ""
  },
  {
    "ID Number": "16300580",
    "Name": "Lee , Tung-Jung",
    "Fed": "TPE",
    "Sex": "M",
    "Title": "",
    "WTit": "",
    "OTit": "",
    "FOA": "1697",
    "Rating": "AUG25",
    "Gms": "7",
    "K": "20",
    "B-day": "0",
    "Flag": ""
  },
  {
    "ID Number": "16304870",
    "Name": "Lee, Chien-Hua",
    "Fed": "TPE",
    "Sex": "M",
    "Title": "",
    "WTit": "",
    "OTit": "",
    "FOA": "1439",
    "Rating": "AUG25",
    "Gms": "4",
    "K": "40",
    "B-day": "1973",
    "Flag": ""
  },
  {
    "ID Number": "16300335",
    "Name": "Lee, Hsuan-Ting",
    "Fed": "TPE",
    "Sex": "M",
    "Title": "",
    "WTit": "",
    "OTit": "",
    "FOA": "AIM",
    "Rating": "AUG25",
    "Gms": "1708",
    "K": "0",
    "B-day": "0",
    "Flag": "i"
  },
  {
    "ID Number": "16301340",
    "Name": "Lee, Kuan-Ting",
    "Fed": "TPE",
    "Sex": "M",
    "Title": "",
    "WTit": "",
    "OTit": "",
    "FOA": "1717",
    "Rating": "AUG25",
    "Gms": "0",
    "K": "20",
    "B-day": "2005",
    "Flag": "i"
  },
  {
    "ID Number": "16304306",
    "Name": "Lee, Su-Ting",
    "Fed": "TPE",
    "Sex": "F",
    "Title": "",
    "WTit": "",
    "OTit": "",
    "FOA": "1581",
    "Rating": "AUG25",
    "Gms": "0",
    "K": "40",
    "B-day": "2011",
    "Flag": "wi"
  },
  {
    "ID Number": "16302036",
    "Name": "Lee, Wei-Ting",
    "Fed": "TPE",
    "Sex": "M",
    "Title": "",
    "WTit": "",
    "OTit": "",
    "FOA": "1405",
    "Rating": "AUG25",
    "Gms": "0",
    "K": "40",
    "B-day": "2009",
    "Flag": "i"
  },
  {
    "ID Number": "16303938",
    "Name": "Lee, Yang-Pei",
    "Fed": "TPE",
    "Sex": "F",
    "Title": "",
    "WTit": "",
    "OTit": "",
    "FOA": "1454",
    "Rating": "AUG25",
    "Gms": "0",
    "K": "40",
    "B-day": "2012",
    "Flag": "wi"
  },
  {
    "ID Number": "16303261",
    "Name": "Lee, Yi-Wei",
    "Fed": "TPE",
    "Sex": "M",
    "Title": "",
    "WTit": "",
    "OTit": "",
    "FOA": "1601",
    "Rating": "AUG25",
    "Gms": "0",
    "K": "40",
    "B-day": "2008",
    "Flag": "i"
  },
  {
    "ID Number": "16301358",
    "Name": "Lee, Yu-Ting",
    "Fed": "TPE",
    "Sex": "M",
    "Title": "",
    "WTit": "",
    "OTit": "",
    "FOA": "1660",
    "Rating": "AUG25",
    "Gms": "0",
    "K": "40",
    "B-day": "2007",
    "Flag": "i"
  },
  {
    "ID Number": "16302826",
    "Name": "Li, Westtland",
    "Fed": "TPE",
    "Sex": "M",
    "Title": "",
    "WTit": "",
    "OTit": "",
    "FOA": "1599",
    "Rating": "AUG25",
    "Gms": "0",
    "K": "20",
    "B-day": "2006",
    "Flag": "i"
  },
  {
    "ID Number": "16301510",
    "Name": "Li, Yuan-Long",
    "Fed": "TPE",
    "Sex": "M",
    "Title": "",
    "WTit": "",
    "OTit": "",
    "FOA": "1763",
    "Rating": "AUG25",
    "Gms": "0",
    "K": "40",
    "B-day": "2000",
    "Flag": "i"
  },
  {
    "ID Number": "16300491",
    "Name": "Liang , Yu Hsiang",
    "Fed": "TPE",
    "Sex": "M",
    "Title": "",
    "WTit": "",
    "OTit": "",
    "FOA": "1894",
    "Rating": "AUG25",
    "Gms": "0",
    "K": "40",
    "B-day": "0",
    "Flag": "i"
  },
  {
    "ID Number": "170273220",
    "Name": "Liang, Ethan Ruei-En",
    "Fed": "TPE",
    "Sex": "M",
    "Title": "",
    "WTit": "",
    "OTit": "",
    "FOA": "1524",
    "Rating": "AUG25",
    "Gms": "0",
    "K": "40",
    "B-day": "2007",
    "Flag": "i"
  },
  {
    "ID Number": "16300122",
    "Name": "Liao, Chun-Che Tim",
    "Fed": "TPE",
    "Sex": "M",
    "Title": "",
    "WTit": "",
    "OTit": "",
    "FOA": "1834",
    "Rating": "AUG25",
    "Gms": "0",
    "K": "40",
    "B-day": "1991",
    "Flag": "i"
  },
  {
    "ID Number": "16300343",
    "Name": "Liao, Jo-Kai",
    "Fed": "TPE",
    "Sex": "M",
    "Title": "",
    "WTit": "",
    "OTit": "",
    "FOA": "1776",
    "Rating": "AUG25",
    "Gms": "0",
    "K": "20",
    "B-day": "2000",
    "Flag": "i"
  },
  {
    "ID Number": "16300459",
    "Name": "Liao, Jo-Yu",
    "Fed": "TPE",
    "Sex": "F",
    "Title": "",
    "WTit": "",
    "OTit": "",
    "FOA": "1678",
    "Rating": "AUG25",
    "Gms": "0",
    "K": "20",
    "B-day": "1998",
    "Flag": "wi"
  },
  {
    "ID Number": "16303911",
    "Name": "Liao, Yi-Cen",
    "Fed": "TPE",
    "Sex": "M",
    "Title": "",
    "WTit": "",
    "OTit": "",
    "FOA": "1572",
    "Rating": "AUG25",
    "Gms": "0",
    "K": "40",
    "B-day": "2010",
    "Flag": ""
  },
  {
    "ID Number": "16301161",
    "Name": "Liao, Yu-Chieh",
    "Fed": "TPE",
    "Sex": "M",
    "Title": "",
    "WTit": "",
    "OTit": "",
    "FOA": "1835",
    "Rating": "AUG25",
    "Gms": "0",
    "K": "40",
    "B-day": "1998",
    "Flag": "i"
  },
  {
    "ID Number": "16305264",
    "Name": "Lien, Pei Jung",
    "Fed": "TPE",
    "Sex": "F",
    "Title": "",
    "WTit": "",
    "OTit": "",
    "FOA": "1459",
    "Rating": "AUG25",
    "Gms": "3",
    "K": "40",
    "B-day": "2011",
    "Flag": "w"
  },
  {
    "ID Number": "16304560",
    "Name": "Lillywhite, Ray Lowell",
    "Fed": "TPE",
    "Sex": "M",
    "Title": "",
    "WTit": "",
    "OTit": "",
    "FOA": "1627",
    "Rating": "AUG25",
    "Gms": "0",
    "K": "40",
    "B-day": "1987",
    "Flag": ""
  },
  {
    "ID Number": "16302818",
    "Name": "Lin, Benjamin",
    "Fed": "TPE",
    "Sex": "M",
    "Title": "",
    "WTit": "",
    "OTit": "",
    "FOA": "1615",
    "Rating": "AUG25",
    "Gms": "0",
    "K": "40",
    "B-day": "2008",
    "Flag": "i"
  },
  {
    "ID Number": "16300076",
    "Name": "Lin, Chieh-Sheng Jason",
    "Fed": "TPE",
    "Sex": "M",
    "Title": "",
    "WTit": "",
    "OTit": "",
    "FOA": "1866",
    "Rating": "AUG25",
    "Gms": "0",
    "K": "20",
    "B-day": "1994",
    "Flag": "i"
  },
  {
    "ID Number": "16300173",
    "Name": "Lin, Chung-Yu Lee",
    "Fed": "TPE",
    "Sex": "M",
    "Title": "",
    "WTit": "NI,NA",
    "OTit": "",
    "FOA": "1841",
    "Rating": "AUG25",
    "Gms": "0",
    "K": "20",
    "B-day": "1992",
    "Flag": "i"
  },
  {
    "ID Number": "16301749",
    "Name": "Lin, Ethan",
    "Fed": "TPE",
    "Sex": "M",
    "Title": "",
    "WTit": "",
    "OTit": "",
    "FOA": "1600",
    "Rating": "AUG25",
    "Gms": "0",
    "K": "40",
    "B-day": "2004",
    "Flag": "i"
  },
  {
    "ID Number": "16305680",
    "Name": "Lin, Hsin-Peng",
    "Fed": "TPE",
    "Sex": "M",
    "Title": "",
    "WTit": "",
    "OTit": "",
    "FOA": "1670",
    "Rating": "AUG25",
    "Gms": "0",
    "K": "40",
    "B-day": "2012",
    "Flag": ""
  },
  {
    "ID Number": "16304896",
    "Name": "Lin, James Yu",
    "Fed": "TPE",
    "Sex": "M",
    "Title": "",
    "WTit": "",
    "OTit": "",
    "FOA": "1629",
    "Rating": "AUG25",
    "Gms": "0",
    "K": "40",
    "B-day": "2005",
    "Flag": "i"
  },
  {
    "ID Number": "16302451",
    "Name": "Lin, Leon Brian",
    "Fed": "TPE",
    "Sex": "M",
    "Title": "",
    "WTit": "",
    "OTit": "",
    "FOA": "ACM",
    "Rating": "AUG25",
    "Gms": "1590",
    "K": "5",
    "B-day": "2010",
    "Flag": ""
  },
  {
    "ID Number": "16305477",
    "Name": "Lin, Min-Hao",
    "Fed": "TPE",
    "Sex": "M",
    "Title": "",
    "WTit": "",
    "OTit": "",
    "FOA": "1589",
    "Rating": "AUG25",
    "Gms": "14",
    "K": "40",
    "B-day": "2011",
    "Flag": ""
  },
  {
    "ID Number": "16301528",
    "Name": "Lin, Sen-Sen",
    "Fed": "TPE",
    "Sex": "F",
    "Title": "",
    "WTit": "",
    "OTit": "",
    "FOA": "1437",
    "Rating": "AUG25",
    "Gms": "0",
    "K": "40",
    "B-day": "2003",
    "Flag": "wi"
  },
  {
    "ID Number": "16301234",
    "Name": "Lin, Shan-Yin",
    "Fed": "TPE",
    "Sex": "M",
    "Title": "",
    "WTit": "",
    "OTit": "",
    "FOA": "1612",
    "Rating": "AUG25",
    "Gms": "0",
    "K": "40",
    "B-day": "2006",
    "Flag": "i"
  },
  {
    "ID Number": "16301609",
    "Name": "Lin, Shu- Hung",
    "Fed": "TPE",
    "Sex": "M",
    "Title": "",
    "WTit": "",
    "OTit": "",
    "FOA": "1620",
    "Rating": "AUG25",
    "Gms": "0",
    "K": "40",
    "B-day": "2001",
    "Flag": "i"
  },
  {
    "ID Number": "16302478",
    "Name": "Lin, Siang",
    "Fed": "TPE",
    "Sex": "M",
    "Title": "",
    "WTit": "",
    "OTit": "",
    "FOA": "1498",
    "Rating": "AUG25",
    "Gms": "0",
    "K": "40",
    "B-day": "2003",
    "Flag": "i"
  },
  {
    "ID Number": "16305248",
    "Name": "Lin, Wei- Hua",
    "Fed": "TPE",
    "Sex": "M",
    "Title": "",
    "WTit": "",
    "OTit": "",
    "FOA": "1755",
    "Rating": "AUG25",
    "Gms": "0",
    "K": "40",
    "B-day": "1992",
    "Flag": "i"
  },
  {
    "ID Number": "16302605",
    "Name": "Lin, Yu Liang",
    "Fed": "TPE",
    "Sex": "M",
    "Title": "",
    "WTit": "",
    "OTit": "",
    "FOA": "1681",
    "Rating": "AUG25",
    "Gms": "0",
    "K": "40",
    "B-day": "2000",
    "Flag": "i"
  },
  {
    "ID Number": "16301692",
    "Name": "Lin, Yu-Cheng",
    "Fed": "TPE",
    "Sex": "M",
    "Title": "",
    "WTit": "",
    "OTit": "",
    "FOA": "1592",
    "Rating": "AUG25",
    "Gms": "0",
    "K": "40",
    "B-day": "2002",
    "Flag": "i"
  },
  {
    "ID Number": "16305469",
    "Name": "Lin, Yu-Fei",
    "Fed": "TPE",
    "Sex": "M",
    "Title": "",
    "WTit": "",
    "OTit": "",
    "FOA": "1632",
    "Rating": "AUG25",
    "Gms": "5",
    "K": "40",
    "B-day": "2016",
    "Flag": ""
  },
  {
    "ID Number": "16300149",
    "Name": "Lin, Yu-Tong Elaine",
    "Fed": "TPE",
    "Sex": "F",
    "Title": "WCM",
    "WTit": "WCM",
    "OTit": "",
    "FOA": "1724",
    "Rating": "AUG25",
    "Gms": "0",
    "K": "20",
    "B-day": "1994",
    "Flag": "wi"
  },
  {
    "ID Number": "16304810",
    "Name": "Lin, Yung-Jhe",
    "Fed": "TPE",
    "Sex": "M",
    "Title": "",
    "WTit": "",
    "OTit": "",
    "FOA": "1548",
    "Rating": "AUG25",
    "Gms": "0",
    "K": "40",
    "B-day": "2007",
    "Flag": "i"
  },
  {
    "ID Number": "16302729",
    "Name": "Liu, Cheng Che",
    "Fed": "TPE",
    "Sex": "M",
    "Title": "",
    "WTit": "",
    "OTit": "",
    "FOA": "1514",
    "Rating": "AUG25",
    "Gms": "0",
    "K": "40",
    "B-day": "2006",
    "Flag": "i"
  },
  {
    "ID Number": "16301374",
    "Name": "Liu, Liu, Ponder",
    "Fed": "TPE",
    "Sex": "M",
    "Title": "",
    "WTit": "",
    "OTit": "",
    "FOA": "1702",
    "Rating": "AUG25",
    "Gms": "0",
    "K": "40",
    "B-day": "2002",
    "Flag": "i"
  },
  {
    "ID Number": "16306112",
    "Name": "Liu, Owen YC",
    "Fed": "TPE",
    "Sex": "M",
    "Title": "",
    "WTit": "",
    "OTit": "",
    "FOA": "1673",
    "Rating": "AUG25",
    "Gms": "7",
    "K": "40",
    "B-day": "2009",
    "Flag": ""
  },
  {
    "ID Number": "16301439",
    "Name": "Liu, Po-Kan",
    "Fed": "TPE",
    "Sex": "M",
    "Title": "",
    "WTit": "",
    "OTit": "",
    "FOA": "1777",
    "Rating": "AUG25",
    "Gms": "0",
    "K": "20",
    "B-day": "1989",
    "Flag": "i"
  },
  {
    "ID Number": "16300416",
    "Name": "Liu, Yeh Yang",
    "Fed": "TPE",
    "Sex": "M",
    "Title": "CM",
    "WTit": "NI",
    "OTit": "",
    "FOA": "2051",
    "Rating": "AUG25",
    "Gms": "0",
    "K": "20",
    "B-day": "1986",
    "Flag": ""
  },
  {
    "ID Number": "16302052",
    "Name": "Liu, Yu-Ping",
    "Fed": "TPE",
    "Sex": "M",
    "Title": "",
    "WTit": "",
    "OTit": "",
    "FOA": "1814",
    "Rating": "AUG25",
    "Gms": "0",
    "K": "20",
    "B-day": "2002",
    "Flag": "i"
  },
  {
    "ID Number": "16300157",
    "Name": "Liu, Yung Hung",
    "Fed": "TPE",
    "Sex": "M",
    "Title": "",
    "WTit": "",
    "OTit": "",
    "FOA": "1920",
    "Rating": "AUG25",
    "Gms": "0",
    "K": "40",
    "B-day": "1992",
    "Flag": "i"
  },
  {
    "ID Number": "16300688",
    "Name": "Loftus, John",
    "Fed": "TPE",
    "Sex": "M",
    "Title": "",
    "WTit": "NI",
    "OTit": "",
    "FOA": "1867",
    "Rating": "AUG25",
    "Gms": "0",
    "K": "40",
    "B-day": "0",
    "Flag": "i"
  },
  {
    "ID Number": "16300351",
    "Name": "Lu, Chia-Hsin",
    "Fed": "TPE",
    "Sex": "M",
    "Title": "",
    "WTit": "",
    "OTit": "",
    "FOA": "1842",
    "Rating": "AUG25",
    "Gms": "0",
    "K": "40",
    "B-day": "1996",
    "Flag": "i"
  },
  {
    "ID Number": "16301544",
    "Name": "Lu, Jia-En",
    "Fed": "TPE",
    "Sex": "M",
    "Title": "",
    "WTit": "",
    "OTit": "",
    "FOA": "1746",
    "Rating": "AUG25",
    "Gms": "0",
    "K": "20",
    "B-day": "2004",
    "Flag": "i"
  },
  {
    "ID Number": "16304047",
    "Name": "Lu, Jie-Xin",
    "Fed": "TPE",
    "Sex": "F",
    "Title": "",
    "WTit": "",
    "OTit": "",
    "FOA": "1469",
    "Rating": "AUG25",
    "Gms": "0",
    "K": "20",
    "B-day": "2005",
    "Flag": "w"
  },
  {
    "ID Number": "16301501",
    "Name": "Lu, Li-Hsuan",
    "Fed": "TPE",
    "Sex": "M",
    "Title": "",
    "WTit": "",
    "OTit": "",
    "FOA": "1650",
    "Rating": "AUG25",
    "Gms": "0",
    "K": "40",
    "B-day": "2001",
    "Flag": "i"
  },
  {
    "ID Number": "16301960",
    "Name": "Lu, Li-Yang",
    "Fed": "TPE",
    "Sex": "M",
    "Title": "",
    "WTit": "",
    "OTit": "",
    "FOA": "1519",
    "Rating": "AUG25",
    "Gms": "0",
    "K": "40",
    "B-day": "2004",
    "Flag": "i"
  },
  {
    "ID Number": "16303091",
    "Name": "Lu, Yun-Ru",
    "Fed": "TPE",
    "Sex": "F",
    "Title": "",
    "WTit": "",
    "OTit": "",
    "FOA": "1578",
    "Rating": "AUG25",
    "Gms": "0",
    "K": "40",
    "B-day": "2006",
    "Flag": "wi"
  },
  {
    "ID Number": "16304888",
    "Name": "Ma, Chun-Yu",
    "Fed": "TPE",
    "Sex": "M",
    "Title": "",
    "WTit": "",
    "OTit": "",
    "FOA": "1566",
    "Rating": "AUG25",
    "Gms": "0",
    "K": "40",
    "B-day": "2004",
    "Flag": "i"
  },
  {
    "ID Number": "16300203",
    "Name": "Min, Po-Yen",
    "Fed": "TPE",
    "Sex": "M",
    "Title": "",
    "WTit": "",
    "OTit": "",
    "FOA": "1989",
    "Rating": "AUG25",
    "Gms": "0",
    "K": "20",
    "B-day": "2000",
    "Flag": "i"
  },
  {
    "ID Number": "16306082",
    "Name": "Mok, Varick",
    "Fed": "TPE",
    "Sex": "M",
    "Title": "",
    "WTit": "",
    "OTit": "",
    "FOA": "1551",
    "Rating": "AUG25",
    "Gms": "5",
    "K": "40",
    "B-day": "2011",
    "Flag": ""
  },
  {
    "ID Number": "16304934",
    "Name": "Murray, Tristan Alexander",
    "Fed": "TPE",
    "Sex": "M",
    "Title": "",
    "WTit": "",
    "OTit": "",
    "FOA": "AFM",
    "Rating": "AUG25",
    "Gms": "1718",
    "K": "12",
    "B-day": "2009",
    "Flag": ""
  },
  {
    "ID Number": "16300378",
    "Name": "Norales Arauz, Samuel",
    "Fed": "TPE",
    "Sex": "M",
    "Title": "FM",
    "WTit": "",
    "OTit": "",
    "FOA": "2070",
    "Rating": "AUG25",
    "Gms": "0",
    "K": "20",
    "B-day": "1975",
    "Flag": "i"
  },
  {
    "ID Number": "16305400",
    "Name": "OO, Ke Chien",
    "Fed": "TPE",
    "Sex": "F",
    "Title": "",
    "WTit": "",
    "OTit": "",
    "FOA": "1564",
    "Rating": "AUG25",
    "Gms": "4",
    "K": "40",
    "B-day": "2017",
    "Flag": "w"
  },
  {
    "ID Number": "16301080",
    "Name": "Peng, Shih-Shiuan",
    "Fed": "TPE",
    "Sex": "M",
    "Title": "",
    "WTit": "",
    "OTit": "",
    "FOA": "1779",
    "Rating": "AUG25",
    "Gms": "0",
    "K": "20",
    "B-day": "2004",
    "Flag": "i"
  },
  {
    "ID Number": "16303407",
    "Name": "Phurailatpam, Numit",
    "Fed": "TPE",
    "Sex": "M",
    "Title": "",
    "WTit": "",
    "OTit": "",
    "FOA": "1446",
    "Rating": "AUG25",
    "Gms": "0",
    "K": "40",
    "B-day": "2009",
    "Flag": "i"
  },
  {
    "ID Number": "16305655",
    "Name": "Pu, Jing",
    "Fed": "TPE",
    "Sex": "M",
    "Title": "",
    "WTit": "",
    "OTit": "",
    "FOA": "1638",
    "Rating": "AUG25",
    "Gms": "9",
    "K": "40",
    "B-day": "2013",
    "Flag": ""
  },
  {
    "ID Number": "16305647",
    "Name": "Pu, Yu",
    "Fed": "TPE",
    "Sex": "M",
    "Title": "",
    "WTit": "",
    "OTit": "",
    "FOA": "1604",
    "Rating": "AUG25",
    "Gms": "5",
    "K": "40",
    "B-day": "2008",
    "Flag": ""
  },
  {
    "ID Number": "16300262",
    "Name": "Sewambar, Ashwin",
    "Fed": "TPE",
    "Sex": "M",
    "Title": "",
    "WTit": "",
    "OTit": "",
    "FOA": "2128",
    "Rating": "AUG25",
    "Gms": "0",
    "K": "20",
    "B-day": "0",
    "Flag": "i"
  },
  {
    "ID Number": "16301978",
    "Name": "Shaw, An",
    "Fed": "TPE",
    "Sex": "M",
    "Title": "",
    "WTit": "",
    "OTit": "",
    "FOA": "1512",
    "Rating": "AUG25",
    "Gms": "0",
    "K": "40",
    "B-day": "2004",
    "Flag": "i"
  },
  {
    "ID Number": "16301382",
    "Name": "Shaw, Ya-Fu",
    "Fed": "TPE",
    "Sex": "M",
    "Title": "",
    "WTit": "",
    "OTit": "",
    "FOA": "1604",
    "Rating": "AUG25",
    "Gms": "0",
    "K": "40",
    "B-day": "2006",
    "Flag": "i"
  },
  {
    "ID Number": "16300211",
    "Name": "Shiau, Suen-Wen",
    "Fed": "TPE",
    "Sex": "M",
    "Title": "CM",
    "WTit": "",
    "OTit": "",
    "FOA": "1872",
    "Rating": "AUG25",
    "Gms": "0",
    "K": "20",
    "B-day": "1997",
    "Flag": "i"
  },
  {
    "ID Number": "16300360",
    "Name": "Shiau, Yi Jeng",
    "Fed": "TPE",
    "Sex": "F",
    "Title": "",
    "WTit": "",
    "OTit": "",
    "FOA": "1686",
    "Rating": "AUG25",
    "Gms": "0",
    "K": "40",
    "B-day": "1994",
    "Flag": "wi"
  },
  {
    "ID Number": "16300653",
    "Name": "Shih, Ching-An",
    "Fed": "TPE",
    "Sex": "F",
    "Title": "WFM",
    "WTit": "WFM",
    "OTit": "",
    "FOA": "1753",
    "Rating": "AUG25",
    "Gms": "0",
    "K": "20",
    "B-day": "2001",
    "Flag": "w"
  },
  {
    "ID Number": "16301102",
    "Name": "Shih, Lu-Chung",
    "Fed": "TPE",
    "Sex": "M",
    "Title": "",
    "WTit": "",
    "OTit": "",
    "FOA": "1742",
    "Rating": "AUG25",
    "Gms": "0",
    "K": "20",
    "B-day": "2002",
    "Flag": ""
  },
  {
    "ID Number": "16300645",
    "Name": "Shih, Yu-An",
    "Fed": "TPE",
    "Sex": "M",
    "Title": "",
    "WTit": "",
    "OTit": "",
    "FOA": "1748",
    "Rating": "AUG25",
    "Gms": "0",
    "K": "20",
    "B-day": "1999",
    "Flag": "i"
  },
  {
    "ID Number": "16306260",
    "Name": "Shiu, Bo-Shiun",
    "Fed": "TPE",
    "Sex": "M",
    "Title": "",
    "WTit": "",
    "OTit": "",
    "FOA": "1603",
    "Rating": "AUG25",
    "Gms": "6",
    "K": "40",
    "B-day": "2011",
    "Flag": ""
  },
  {
    "ID Number": "16302419",
    "Name": "Siao, Zih-Ci",
    "Fed": "TPE",
    "Sex": "M",
    "Title": "",
    "WTit": "",
    "OTit": "",
    "FOA": "1558",
    "Rating": "AUG25",
    "Gms": "0",
    "K": "40",
    "B-day": "2004",
    "Flag": "i"
  },
  {
    "ID Number": "16305230",
    "Name": "Simpson, Rainen Yi-Fan",
    "Fed": "TPE",
    "Sex": "M",
    "Title": "",
    "WTit": "",
    "OTit": "",
    "FOA": "1803",
    "Rating": "AUG25",
    "Gms": "2",
    "K": "40",
    "B-day": "2010",
    "Flag": ""
  },
  {
    "ID Number": "3203824",
    "Name": "Song, Raymond",
    "Fed": "TPE",
    "Sex": "M",
    "Title": "GM",
    "WTit": "",
    "OTit": "",
    "FOA": "2498",
    "Rating": "AUG25",
    "Gms": "0",
    "K": "10",
    "B-day": "1994",
    "Flag": ""
  },
  {
    "ID Number": "16304691",
    "Name": "Su, Yi-Ruei",
    "Fed": "TPE",
    "Sex": "M",
    "Title": "",
    "WTit": "",
    "OTit": "",
    "FOA": "1646",
    "Rating": "AUG25",
    "Gms": "2",
    "K": "40",
    "B-day": "2014",
    "Flag": ""
  },
  {
    "ID Number": "16303466",
    "Name": "Sun, Chang-Jyu",
    "Fed": "TPE",
    "Sex": "M",
    "Title": "",
    "WTit": "",
    "OTit": "",
    "FOA": "1698",
    "Rating": "AUG25",
    "Gms": "5",
    "K": "40",
    "B-day": "2010",
    "Flag": ""
  },
  {
    "ID Number": "16300750",
    "Name": "Teng, An-Ru Angie",
    "Fed": "TPE",
    "Sex": "F",
    "Title": "",
    "WTit": "",
    "OTit": "",
    "FOA": "1569",
    "Rating": "AUG25",
    "Gms": "0",
    "K": "20",
    "B-day": "1969",
    "Flag": "w"
  },
  {
    "ID Number": "16305337",
    "Name": "Tsai, Chia-Chen",
    "Fed": "TPE",
    "Sex": "M",
    "Title": "",
    "WTit": "",
    "OTit": "",
    "FOA": "1684",
    "Rating": "AUG25",
    "Gms": "8",
    "K": "40",
    "B-day": "2008",
    "Flag": ""
  },
  {
    "ID Number": "16304110",
    "Name": "Tsai, Chieh-Yu",
    "Fed": "TPE",
    "Sex": "M",
    "Title": "",
    "WTit": "",
    "OTit": "",
    "FOA": "1735",
    "Rating": "AUG25",
    "Gms": "0",
    "K": "40",
    "B-day": "2007",
    "Flag": "i"
  },
  {
    "ID Number": "16305345",
    "Name": "Tsai, Nien-Yu",
    "Fed": "TPE",
    "Sex": "M",
    "Title": "",
    "WTit": "",
    "OTit": "",
    "FOA": "1577",
    "Rating": "AUG25",
    "Gms": "0",
    "K": "40",
    "B-day": "2011",
    "Flag": "i"
  },
  {
    "ID Number": "16302087",
    "Name": "Tsai, Sophie Yi-Hsuan",
    "Fed": "TPE",
    "Sex": "F",
    "Title": "WCM",
    "WTit": "WCM",
    "OTit": "",
    "FOA": "1715",
    "Rating": "AUG25",
    "Gms": "0",
    "K": "40",
    "B-day": "2008",
    "Flag": "w"
  },
  {
    "ID Number": "16304330",
    "Name": "Tsai, Tien-Zuei David",
    "Fed": "TPE",
    "Sex": "M",
    "Title": "",
    "WTit": "",
    "OTit": "",
    "FOA": "1809",
    "Rating": "AUG25",
    "Gms": "0",
    "K": "40",
    "B-day": "1981",
    "Flag": ""
  },
  {
    "ID Number": "16300246",
    "Name": "Tseng, Woei Haw",
    "Fed": "TPE",
    "Sex": "M",
    "Title": "",
    "WTit": "",
    "OTit": "",
    "FOA": "1802",
    "Rating": "AUG25",
    "Gms": "0",
    "K": "20",
    "B-day": "1995",
    "Flag": "i"
  },
  {
    "ID Number": "16303245",
    "Name": "Tseng, You-Liang",
    "Fed": "TPE",
    "Sex": "M",
    "Title": "",
    "WTit": "",
    "OTit": "",
    "FOA": "1486",
    "Rating": "AUG25",
    "Gms": "0",
    "K": "40",
    "B-day": "2012",
    "Flag": "i"
  },
  {
    "ID Number": "16302850",
    "Name": "Tsou, Z-Hao",
    "Fed": "TPE",
    "Sex": "M",
    "Title": "",
    "WTit": "",
    "OTit": "",
    "FOA": "1570",
    "Rating": "AUG25",
    "Gms": "0",
    "K": "40",
    "B-day": "2002",
    "Flag": "i"
  },
  {
    "ID Number": "16302176",
    "Name": "Tsou,Chia-Lun",
    "Fed": "TPE",
    "Sex": "M",
    "Title": "",
    "WTit": "",
    "OTit": "",
    "FOA": "1614",
    "Rating": "AUG25",
    "Gms": "0",
    "K": "40",
    "B-day": "2003",
    "Flag": "i"
  },
  {
    "ID Number": "16300696",
    "Name": "Utriainen, Tapani",
    "Fed": "TPE",
    "Sex": "M",
    "Title": "",
    "WTit": "",
    "OTit": "",
    "FOA": "1869",
    "Rating": "AUG25",
    "Gms": "0",
    "K": "40",
    "B-day": "0",
    "Flag": ""
  },
  {
    "ID Number": "16300564",
    "Name": "Wang , Jonathan",
    "Fed": "TPE",
    "Sex": "M",
    "Title": "",
    "WTit": "",
    "OTit": "",
    "FOA": "1774",
    "Rating": "AUG25",
    "Gms": "0",
    "K": "40",
    "B-day": "1997",
    "Flag": ""
  },
  {
    "ID Number": "16305795",
    "Name": "Wang Jian",
    "Fed": "TPE",
    "Sex": "F",
    "Title": "",
    "WTit": "",
    "OTit": "",
    "FOA": "1559",
    "Rating": "AUG25",
    "Gms": "0",
    "K": "40",
    "B-day": "2000",
    "Flag": "w"
  },
  {
    "ID Number": "16301030",
    "Name": "Wang Yi-An Albert",
    "Fed": "TPE",
    "Sex": "M",
    "Title": "",
    "WTit": "",
    "OTit": "",
    "FOA": "1564",
    "Rating": "AUG25",
    "Gms": "0",
    "K": "40",
    "B-day": "2003",
    "Flag": "i"
  },
  {
    "ID Number": "16300629",
    "Name": "Wang, Avery Hsiang-Wen",
    "Fed": "TPE",
    "Sex": "M",
    "Title": "",
    "WTit": "",
    "OTit": "",
    "FOA": "1704",
    "Rating": "AUG25",
    "Gms": "0",
    "K": "40",
    "B-day": "1999",
    "Flag": "i"
  },
  {
    "ID Number": "16304632",
    "Name": "Wang, Chang-Hui",
    "Fed": "TPE",
    "Sex": "M",
    "Title": "",
    "WTit": "",
    "OTit": "",
    "FOA": "1772",
    "Rating": "AUG25",
    "Gms": "9",
    "K": "20",
    "B-day": "1995",
    "Flag": ""
  },
  {
    "ID Number": "16300912",
    "Name": "Wang, Emily Anne Yi-An",
    "Fed": "TPE",
    "Sex": "F",
    "Title": "",
    "WTit": "",
    "OTit": "",
    "FOA": "1404",
    "Rating": "AUG25",
    "Gms": "0",
    "K": "40",
    "B-day": "2001",
    "Flag": "wi"
  },
  {
    "ID Number": "16300874",
    "Name": "Wang, Fang-Chieh",
    "Fed": "TPE",
    "Sex": "M",
    "Title": "",
    "WTit": "",
    "OTit": "",
    "FOA": "1588",
    "Rating": "AUG25",
    "Gms": "0",
    "K": "40",
    "B-day": "2004",
    "Flag": "i"
  },
  {
    "ID Number": "16302648",
    "Name": "Wang, Hsi Hao",
    "Fed": "TPE",
    "Sex": "M",
    "Title": "",
    "WTit": "",
    "OTit": "",
    "FOA": "1489",
    "Rating": "AUG25",
    "Gms": "0",
    "K": "40",
    "B-day": "2004",
    "Flag": "i"
  },
  {
    "ID Number": "16300238",
    "Name": "Wang, Hsin Jung",
    "Fed": "TPE",
    "Sex": "F",
    "Title": "",
    "WTit": "",
    "OTit": "",
    "FOA": "1837",
    "Rating": "AUG25",
    "Gms": "0",
    "K": "40",
    "B-day": "1992",
    "Flag": "wi"
  },
  {
    "ID Number": "16303598",
    "Name": "Wang, Kuan-Jung",
    "Fed": "TPE",
    "Sex": "M",
    "Title": "",
    "WTit": "",
    "OTit": "",
    "FOA": "1780",
    "Rating": "AUG25",
    "Gms": "0",
    "K": "40",
    "B-day": "2008",
    "Flag": ""
  },
  {
    "ID Number": "16300483",
    "Name": "Wang, Mi",
    "Fed": "TPE",
    "Sex": "F",
    "Title": "WCM",
    "WTit": "WCM",
    "OTit": "",
    "FOA": "1744",
    "Rating": "AUG25",
    "Gms": "0",
    "K": "20",
    "B-day": "1998",
    "Flag": "w"
  },
  {
    "ID Number": "16301676",
    "Name": "Wang, Po-Kai",
    "Fed": "TPE",
    "Sex": "M",
    "Title": "",
    "WTit": "",
    "OTit": "",
    "FOA": "1462",
    "Rating": "AUG25",
    "Gms": "0",
    "K": "40",
    "B-day": "2003",
    "Flag": "i"
  },
  {
    "ID Number": "16301757",
    "Name": "Wang, Shao-Chi",
    "Fed": "TPE",
    "Sex": "M",
    "Title": "",
    "WTit": "",
    "OTit": "",
    "FOA": "1438",
    "Rating": "AUG25",
    "Gms": "0",
    "K": "40",
    "B-day": "2005",
    "Flag": "i"
  },
  {
    "ID Number": "16300602",
    "Name": "Wang, Ting-Hao",
    "Fed": "TPE",
    "Sex": "M",
    "Title": "",
    "WTit": "",
    "OTit": "",
    "FOA": "1891",
    "Rating": "AUG25",
    "Gms": "0",
    "K": "20",
    "B-day": "2000",
    "Flag": ""
  },
  {
    "ID Number": "16303296",
    "Name": "Wang, Tzu-Chin",
    "Fed": "TPE",
    "Sex": "F",
    "Title": "",
    "WTit": "",
    "OTit": "",
    "FOA": "1417",
    "Rating": "AUG25",
    "Gms": "0",
    "K": "40",
    "B-day": "2010",
    "Flag": "wi"
  },
  {
    "ID Number": "16303458",
    "Name": "Wang, Wei-Jun",
    "Fed": "TPE",
    "Sex": "M",
    "Title": "",
    "WTit": "",
    "OTit": "",
    "FOA": "1560",
    "Rating": "AUG25",
    "Gms": "0",
    "K": "40",
    "B-day": "2002",
    "Flag": "i"
  },
  {
    "ID Number": "16304551",
    "Name": "Wang, Yi-Kai Ethan",
    "Fed": "TPE",
    "Sex": "M",
    "Title": "",
    "WTit": "",
    "OTit": "",
    "FOA": "1709",
    "Rating": "AUG25",
    "Gms": "0",
    "K": "40",
    "B-day": "2007",
    "Flag": ""
  },
  {
    "ID Number": "16302630",
    "Name": "Wang, Yu Sen",
    "Fed": "TPE",
    "Sex": "M",
    "Title": "",
    "WTit": "",
    "OTit": "",
    "FOA": "1956",
    "Rating": "AUG25",
    "Gms": "6",
    "K": "40",
    "B-day": "2008",
    "Flag": ""
  },
  {
    "ID Number": "16303741",
    "Name": "Wang, Yu-Cheng",
    "Fed": "TPE",
    "Sex": "M",
    "Title": "",
    "WTit": "",
    "OTit": "",
    "FOA": "1513",
    "Rating": "AUG25",
    "Gms": "0",
    "K": "40",
    "B-day": "2011",
    "Flag": "i"
  },
  {
    "ID Number": "16304543",
    "Name": "Wang, Yu-Chi Xavier",
    "Fed": "TPE",
    "Sex": "M",
    "Title": "",
    "WTit": "",
    "OTit": "",
    "FOA": "1545",
    "Rating": "AUG25",
    "Gms": "4",
    "K": "40",
    "B-day": "2012",
    "Flag": ""
  },
  {
    "ID Number": "16303580",
    "Name": "Wang, Yushin Andrea",
    "Fed": "TPE",
    "Sex": "F",
    "Title": "",
    "WTit": "",
    "OTit": "",
    "FOA": "1754",
    "Rating": "AUG25",
    "Gms": "7",
    "K": "40",
    "B-day": "2009",
    "Flag": "w"
  },
  {
    "ID Number": "16304640",
    "Name": "Wang, Zi-Jie",
    "Fed": "TPE",
    "Sex": "M",
    "Title": "",
    "WTit": "",
    "OTit": "",
    "FOA": "1566",
    "Rating": "AUG25",
    "Gms": "8",
    "K": "20",
    "B-day": "1995",
    "Flag": ""
  },
  {
    "ID Number": "16301560",
    "Name": "Wang, Zihan Eva",
    "Fed": "TPE",
    "Sex": "F",
    "Title": "",
    "WTit": "",
    "OTit": "",
    "FOA": "1525",
    "Rating": "AUG25",
    "Gms": "0",
    "K": "20",
    "B-day": "2004",
    "Flag": "wi"
  },
  {
    "ID Number": "16305876",
    "Name": "Wei Yi-Chen",
    "Fed": "TPE",
    "Sex": "M",
    "Title": "",
    "WTit": "",
    "OTit": "",
    "FOA": "1611",
    "Rating": "AUG25",
    "Gms": "7",
    "K": "40",
    "B-day": "2008",
    "Flag": ""
  },
  {
    "ID Number": "16304322",
    "Name": "Weng, Yu-Hsin",
    "Fed": "TPE",
    "Sex": "F",
    "Title": "WCM",
    "WTit": "WCM",
    "OTit": "",
    "FOA": "1661",
    "Rating": "AUG25",
    "Gms": "0",
    "K": "20",
    "B-day": "2001",
    "Flag": "w"
  },
  {
    "ID Number": "16300858",
    "Name": "Willnecker, Olaf",
    "Fed": "TPE",
    "Sex": "M",
    "Title": "",
    "WTit": "",
    "OTit": "",
    "FOA": "1917",
    "Rating": "AUG25",
    "Gms": "0",
    "K": "20",
    "B-day": "1962",
    "Flag": "i"
  },
  {
    "ID Number": "16301005",
    "Name": "Wong, Linda Jane",
    "Fed": "TPE",
    "Sex": "F",
    "Title": "WCM",
    "WTit": "WCM",
    "OTit": "",
    "FOA": "1619",
    "Rating": "AUG25",
    "Gms": "10",
    "K": "20",
    "B-day": "1980",
    "Flag": "w"
  },
  {
    "ID Number": "16301536",
    "Name": "Wu, Bing-Shen",
    "Fed": "TPE",
    "Sex": "M",
    "Title": "",
    "WTit": "",
    "OTit": "",
    "FOA": "1851",
    "Rating": "AUG25",
    "Gms": "0",
    "K": "20",
    "B-day": "2006",
    "Flag": ""
  },
  {
    "ID Number": "16304500",
    "Name": "Wu, Chen- Hao",
    "Fed": "TPE",
    "Sex": "M",
    "Title": "",
    "WTit": "",
    "OTit": "",
    "FOA": "1818",
    "Rating": "AUG25",
    "Gms": "16",
    "K": "40",
    "B-day": "2012",
    "Flag": ""
  },
  {
    "ID Number": "3830691",
    "Name": "Wu, Henry",
    "Fed": "TPE",
    "Sex": "M",
    "Title": "",
    "WTit": "",
    "OTit": "",
    "FOA": "1557",
    "Rating": "AUG25",
    "Gms": "0",
    "K": "40",
    "B-day": "2003",
    "Flag": "i"
  },
  {
    "ID Number": "16300904",
    "Name": "Wu, Ingrid",
    "Fed": "TPE",
    "Sex": "F",
    "Title": "",
    "WTit": "",
    "OTit": "",
    "FOA": "1581",
    "Rating": "AUG25",
    "Gms": "0",
    "K": "20",
    "B-day": "2005",
    "Flag": "wi"
  },
  {
    "ID Number": "16304250",
    "Name": "Wu, Jhuo-Han",
    "Fed": "TPE",
    "Sex": "M",
    "Title": "",
    "WTit": "",
    "OTit": "",
    "FOA": "1697",
    "Rating": "AUG25",
    "Gms": "6",
    "K": "40",
    "B-day": "2009",
    "Flag": ""
  },
  {
    "ID Number": "16305086",
    "Name": "Wu, Kuan-Chieh",
    "Fed": "TPE",
    "Sex": "M",
    "Title": "",
    "WTit": "",
    "OTit": "",
    "FOA": "1710",
    "Rating": "AUG25",
    "Gms": "0",
    "K": "40",
    "B-day": "2007",
    "Flag": ""
  },
  {
    "ID Number": "16301323",
    "Name": "Wu, Oliver",
    "Fed": "TPE",
    "Sex": "M",
    "Title": "",
    "WTit": "",
    "OTit": "",
    "FOA": "1856",
    "Rating": "AUG25",
    "Gms": "0",
    "K": "20",
    "B-day": "2005",
    "Flag": "i"
  },
  {
    "ID Number": "16304780",
    "Name": "Wu, Pei-Ti",
    "Fed": "TPE",
    "Sex": "M",
    "Title": "",
    "WTit": "",
    "OTit": "",
    "FOA": "1786",
    "Rating": "AUG25",
    "Gms": "15",
    "K": "20",
    "B-day": "1999",
    "Flag": ""
  },
  {
    "ID Number": "16304268",
    "Name": "Wu, Pei-Xuan",
    "Fed": "TPE",
    "Sex": "F",
    "Title": "",
    "WTit": "",
    "OTit": "",
    "FOA": "1525",
    "Rating": "AUG25",
    "Gms": "4",
    "K": "40",
    "B-day": "2010",
    "Flag": "w"
  },
  {
    "ID Number": "16302060",
    "Name": "Wu, Po Han",
    "Fed": "TPE",
    "Sex": "M",
    "Title": "",
    "WTit": "",
    "OTit": "",
    "FOA": "1504",
    "Rating": "AUG25",
    "Gms": "0",
    "K": "40",
    "B-day": "2008",
    "Flag": "i"
  },
  {
    "ID Number": "16304713",
    "Name": "Wu, Po-Hua",
    "Fed": "TPE",
    "Sex": "M",
    "Title": "",
    "WTit": "",
    "OTit": "",
    "FOA": "1739",
    "Rating": "AUG25",
    "Gms": "9",
    "K": "40",
    "B-day": "2015",
    "Flag": ""
  },
  {
    "ID Number": "16301684",
    "Name": "Wu, Po-Sheng",
    "Fed": "TPE",
    "Sex": "M",
    "Title": "",
    "WTit": "",
    "OTit": "",
    "FOA": "1632",
    "Rating": "AUG25",
    "Gms": "0",
    "K": "40",
    "B-day": "2003",
    "Flag": "i"
  },
  {
    "ID Number": "16305116",
    "Name": "Wu, Tansi Tung",
    "Fed": "TPE",
    "Sex": "F",
    "Title": "",
    "WTit": "",
    "OTit": "",
    "FOA": "1498",
    "Rating": "AUG25",
    "Gms": "7",
    "K": "40",
    "B-day": "2011",
    "Flag": "w"
  },
  {
    "ID Number": "16301617",
    "Name": "Wu, William",
    "Fed": "TPE",
    "Sex": "M",
    "Title": "",
    "WTit": "",
    "OTit": "",
    "FOA": "1794",
    "Rating": "AUG25",
    "Gms": "0",
    "K": "40",
    "B-day": "2001",
    "Flag": "i"
  },
  {
    "ID Number": "16301668",
    "Name": "Yang, Chen-Yu",
    "Fed": "TPE",
    "Sex": "M",
    "Title": "",
    "WTit": "",
    "OTit": "",
    "FOA": "1718",
    "Rating": "AUG25",
    "Gms": "0",
    "K": "40",
    "B-day": "2004",
    "Flag": "i"
  },
  {
    "ID Number": "16303636",
    "Name": "Yang, Cheng-Yan",
    "Fed": "TPE",
    "Sex": "M",
    "Title": "",
    "WTit": "",
    "OTit": "",
    "FOA": "1600",
    "Rating": "AUG25",
    "Gms": "0",
    "K": "40",
    "B-day": "2007",
    "Flag": "i"
  },
  {
    "ID Number": "16300440",
    "Name": "Yang, Ching Wei Austin",
    "Fed": "TPE",
    "Sex": "M",
    "Title": "FM",
    "WTit": "",
    "OTit": "",
    "FOA": "2137",
    "Rating": "AUG25",
    "Gms": "0",
    "K": "20",
    "B-day": "1998",
    "Flag": ""
  },
  {
    "ID Number": "16300980",
    "Name": "Yang, Jen-Han Owen",
    "Fed": "TPE",
    "Sex": "M",
    "Title": "",
    "WTit": "",
    "OTit": "",
    "FOA": "1507",
    "Rating": "AUG25",
    "Gms": "0",
    "K": "40",
    "B-day": "2000",
    "Flag": "i"
  },
  {
    "ID Number": "16300998",
    "Name": "Yang, Sheng-Han Rex",
    "Fed": "TPE",
    "Sex": "M",
    "Title": "",
    "WTit": "",
    "OTit": "",
    "FOA": "1636",
    "Rating": "AUG25",
    "Gms": "0",
    "K": "40",
    "B-day": "2000",
    "Flag": "i"
  },
  {
    "ID Number": "16301048",
    "Name": "Yang, Sung-Jui",
    "Fed": "TPE",
    "Sex": "M",
    "Title": "",
    "WTit": "FI",
    "OTit": "",
    "FOA": "1932",
    "Rating": "AUG25",
    "Gms": "0",
    "K": "20",
    "B-day": "1991",
    "Flag": ""
  },
  {
    "ID Number": "16301269",
    "Name": "Yang, Tzu-Kuei",
    "Fed": "TPE",
    "Sex": "M",
    "Title": "",
    "WTit": "",
    "OTit": "",
    "FOA": "1549",
    "Rating": "AUG25",
    "Gms": "0",
    "K": "40",
    "B-day": "2005",
    "Flag": "i"
  },
  {
    "ID Number": "16305175",
    "Name": "Yang, Ya-Cheng",
    "Fed": "TPE",
    "Sex": "M",
    "Title": "",
    "WTit": "",
    "OTit": "",
    "FOA": "1678",
    "Rating": "AUG25",
    "Gms": "5",
    "K": "40",
    "B-day": "2010",
    "Flag": ""
  },
  {
    "ID Number": "16304764",
    "Name": "Yang, Yu-Hua",
    "Fed": "TPE",
    "Sex": "M",
    "Title": "",
    "WTit": "",
    "OTit": "",
    "FOA": "1473",
    "Rating": "AUG25",
    "Gms": "0",
    "K": "40",
    "B-day": "2006",
    "Flag": "i"
  },
  {
    "ID Number": "16300220",
    "Name": "Yang, Yuan-Han",
    "Fed": "TPE",
    "Sex": "M",
    "Title": "",
    "WTit": "",
    "OTit": "",
    "FOA": "1870",
    "Rating": "AUG25",
    "Gms": "0",
    "K": "20",
    "B-day": "1989",
    "Flag": "i"
  },
  {
    "ID Number": "16302443",
    "Name": "Yang, Yun-Jui",
    "Fed": "TPE",
    "Sex": "M",
    "Title": "",
    "WTit": "",
    "OTit": "",
    "FOA": "1407",
    "Rating": "AUG25",
    "Gms": "0",
    "K": "40",
    "B-day": "2010",
    "Flag": "i"
  },
  {
    "ID Number": "16303318",
    "Name": "Yao, Hong-Yu",
    "Fed": "TPE",
    "Sex": "M",
    "Title": "",
    "WTit": "",
    "OTit": "",
    "FOA": "1546",
    "Rating": "AUG25",
    "Gms": "0",
    "K": "40",
    "B-day": "2009",
    "Flag": "i"
  },
  {
    "ID Number": "16301650",
    "Name": "Yao, Jia-You",
    "Fed": "TPE",
    "Sex": "M",
    "Title": "",
    "WTit": "",
    "OTit": "",
    "FOA": "1721",
    "Rating": "AUG25",
    "Gms": "0",
    "K": "40",
    "B-day": "2007",
    "Flag": "i"
  },
  {
    "ID Number": "16305140",
    "Name": "Yeh, Hsin-Tso",
    "Fed": "TPE",
    "Sex": "M",
    "Title": "",
    "WTit": "",
    "OTit": "",
    "FOA": "1720",
    "Rating": "AUG25",
    "Gms": "0",
    "K": "40",
    "B-day": "2006",
    "Flag": ""
  },
  {
    "ID Number": "16304802",
    "Name": "Yen, Yu-En",
    "Fed": "TPE",
    "Sex": "M",
    "Title": "",
    "WTit": "",
    "OTit": "",
    "FOA": "1616",
    "Rating": "AUG25",
    "Gms": "13",
    "K": "40",
    "B-day": "2012",
    "Flag": ""
  },
  {
    "ID Number": "16305566",
    "Name": "Yen, Yu-Ting",
    "Fed": "TPE",
    "Sex": "M",
    "Title": "",
    "WTit": "",
    "OTit": "",
    "FOA": "AFM",
    "Rating": "AUG25",
    "Gms": "1570",
    "K": "15",
    "B-day": "2003",
    "Flag": ""
  },
  {
    "ID Number": "16305604",
    "Name": "Ying, Jerome Chiachan",
    "Fed": "TPE",
    "Sex": "M",
    "Title": "",
    "WTit": "",
    "OTit": "",
    "FOA": "1649",
    "Rating": "AUG25",
    "Gms": "0",
    "K": "40",
    "B-day": "2008",
    "Flag": "i"
  },
  {
    "ID Number": "16304454",
    "Name": "Young, John Hao-En",
    "Fed": "TPE",
    "Sex": "M",
    "Title": "",
    "WTit": "",
    "OTit": "",
    "FOA": "1492",
    "Rating": "AUG25",
    "Gms": "0",
    "K": "40",
    "B-day": "2006",
    "Flag": "i"
  },
  {
    "ID Number": "16300971",
    "Name": "Yu, Chen Yu",
    "Fed": "TPE",
    "Sex": "M",
    "Title": "",
    "WTit": "",
    "OTit": "",
    "FOA": "1784",
    "Rating": "AUG25",
    "Gms": "0",
    "K": "20",
    "B-day": "2005",
    "Flag": ""
  },
  {
    "ID Number": "16305167",
    "Name": "Yu, Ethan Yi-Cheng",
    "Fed": "TPE",
    "Sex": "M",
    "Title": "",
    "WTit": "",
    "OTit": "",
    "FOA": "1737",
    "Rating": "AUG25",
    "Gms": "0",
    "K": "40",
    "B-day": "2008",
    "Flag": "i"
  },
  {
    "ID Number": "16302699",
    "Name": "Yu, Jian Sia",
    "Fed": "TPE",
    "Sex": "M",
    "Title": "",
    "WTit": "",
    "OTit": "",
    "FOA": "1610",
    "Rating": "AUG25",
    "Gms": "0",
    "K": "40",
    "B-day": "2007",
    "Flag": "i"
  },
  {
    "ID Number": "16304594",
    "Name": "Yu, Raphael Si-Wei",
    "Fed": "TPE",
    "Sex": "M",
    "Title": "",
    "WTit": "",
    "OTit": "",
    "FOA": "1537",
    "Rating": "AUG25",
    "Gms": "0",
    "K": "40",
    "B-day": "2013",
    "Flag": "i"
  },
  {
    "ID Number": "16300165",
    "Name": "Yueh, Elsa Wei Chung",
    "Fed": "TPE",
    "Sex": "F",
    "Title": "",
    "WTit": "NI,FI,SI,IA",
    "OTit": "",
    "FOA": "1769",
    "Rating": "AUG25",
    "Gms": "0",
    "K": "40",
    "B-day": "1983",
    "Flag": "wi"
  }
]