[
  {
    "ID Number": "10502840"
  },
  {
    "ID Number": "10504443"
  },
  {
    "ID Number": "10501975"
  },
  {
    "ID Number": "10500260"
  },
  {
    "ID Number": "10502203"
  },
  {
    "ID Number": "10502785"
  },
  {
    "ID Number": "10503846"
  },
  {
    "ID Number": "10500634"
  },
  {
    "ID Number": "10503811"
  },
  {
    "ID Number": "10500324"
  },
  {
    "ID Number": "10500235"
  },
  {
    "ID Number": "10503200"
  },
  {
    "ID Number": "10501690"
  },
  {
    "ID Number": "10500650"
  },
  {
    "ID Number": "10504435"
  },
  {
    "ID Number": "10502670"
  },
  {
    "ID Number": "10500308"
  },
  {
    "ID Number": "10500332"
  },
  {
    "ID Number": "10500340"
  },
  {
    "ID Number": "10500359"
  },
  {
    "ID Number": "10500391"
  },
  {
    "ID Number": "10500405"
  },
  {
    "ID Number": "10500731"
  },
  {
    "ID Number": "10503110"
  },
  {
    "ID Number": "10503277"
  },
  {
    "ID Number": "10503048"
  },
  {
    "ID Number": "10503170"
  },
  {
    "ID Number": "10503285"
  },
  {
    "ID Number": "10500677"
  },
  {
    "ID Number": "10503072"
  },
  {
    "ID Number": "10502149"
  },
  {
    "ID Number": "10503153"
  },
  {
    "ID Number": "10501053"
  },
  {
    "ID Number": "10500170"
  },
  {
    "ID Number": "10500456"
  },
  {
    "ID Number": "10500073"
  },
  {
    "ID Number": "10502629"
  },
  {
    "ID Number": "10503129"
  },
  {
    "ID Number": "10502823"
  },
  {
    "ID Number": "10500588"
  },
  {
    "ID Number": "10500740"
  },
  {
    "ID Number": "10503382"
  },
  {
    "ID Number": "10500057"
  },
  {
    "ID Number": "10503650"
  },
  {
    "ID Number": "10501665"
  },
  {
    "ID Number": "10502181"
  },
  {
    "ID Number": "10502904"
  },
  {
    "ID Number": "10500464"
  },
  {
    "ID Number": "10500480"
  },
  {
    "ID Number": "10500499"
  },
  {
    "ID Number": "10500103"
  },
  {
    "ID Number": "10500111"
  },
  {
    "ID Number": "10503307"
  },
  {
    "ID Number": "10503234"
  },
  {
    "ID Number": "10500502"
  },
  {
    "ID Number": "10502882"
  },
  {
    "ID Number": "10502394"
  },
  {
    "ID Number": "10503145"
  },
  {
    "ID Number": "10502963"
  },
  {
    "ID Number": "10501673"
  },
  {
    "ID Number": "10500189"
  },
  {
    "ID Number": "10502971"
  },
  {
    "ID Number": "10500758"
  },
  {
    "ID Number": "10500413"
  },
  {
    "ID Number": "10500065"
  },
  {
    "ID Number": "10500553"
  },
  {
    "ID Number": "10503447"
  },
  {
    "ID Number": "10500219"
  },
  {
    "ID Number": "10503528"
  },
  {
    "ID Number": "10502858"
  },
  {
    "ID Number": "10502122"
  },
  {
    "ID Number": "10502130"
  },
  {
    "ID Number": "10504478"
  }
]