[
  {
    "ID Number": "6372260"
  },
  {
    "ID Number": "51623560"
  },
  {
    "ID Number": "6313680"
  },
  {
    "ID Number": "44568541"
  },
  {
    "ID Number": "34568808"
  },
  {
    "ID Number": "44506945"
  },
  {
    "ID Number": "44543204"
  },
  {
    "ID Number": "6306675"
  },
  {
    "ID Number": "6303692"
  },
  {
    "ID Number": "6307833"
  },
  {
    "ID Number": "6335691"
  },
  {
    "ID Number": "51686686"
  },
  {
    "ID Number": "6351123"
  },
  {
    "ID Number": "44524749"
  },
  {
    "ID Number": "34530908"
  },
  {
    "ID Number": "26356023"
  },
  {
    "ID Number": "6328326"
  },
  {
    "ID Number": "6384528"
  },
  {
    "ID Number": "6359787"
  },
  {
    "ID Number": "44566727"
  },
  {
    "ID Number": "525034260"
  },
  {
    "ID Number": "6309240"
  },
  {
    "ID Number": "6352260"
  },
  {
    "ID Number": "34594264"
  },
  {
    "ID Number": "26325101"
  },
  {
    "ID Number": "44591918"
  },
  {
    "ID Number": "6312446"
  },
  {
    "ID Number": "26308436"
  },
  {
    "ID Number": "51645025"
  },
  {
    "ID Number": "44598238"
  },
  {
    "ID Number": "6305059"
  },
  {
    "ID Number": "6331769"
  },
  {
    "ID Number": "6361226"
  },
  {
    "ID Number": "6338267"
  },
  {
    "ID Number": "34560556"
  },
  {
    "ID Number": "34550321"
  },
  {
    "ID Number": "6339611"
  },
  {
    "ID Number": "6358918"
  },
  {
    "ID Number": "26373815"
  },
  {
    "ID Number": "26352370"
  },
  {
    "ID Number": "34590013"
  },
  {
    "ID Number": "6309283"
  },
  {
    "ID Number": "6374808"
  },
  {
    "ID Number": "34561200"
  },
  {
    "ID Number": "51698269"
  },
  {
    "ID Number": "34518088"
  },
  {
    "ID Number": "34583904"
  },
  {
    "ID Number": "6301282"
  },
  {
    "ID Number": "34573100"
  },
  {
    "ID Number": "6325556"
  },
  {
    "ID Number": "6372953"
  },
  {
    "ID Number": "26345846"
  },
  {
    "ID Number": "44557914"
  },
  {
    "ID Number": "34559825"
  },
  {
    "ID Number": "6391800"
  },
  {
    "ID Number": "6343279"
  },
  {
    "ID Number": "34558454"
  },
  {
    "ID Number": "34565868"
  },
  {
    "ID Number": "34593853"
  },
  {
    "ID Number": "44528752"
  },
  {
    "ID Number": "6348874"
  },
  {
    "ID Number": "34531092"
  },
  {
    "ID Number": "34525505"
  },
  {
    "ID Number": "34525513"
  },
  {
    "ID Number": "34518096"
  },
  {
    "ID Number": "26319802"
  },
  {
    "ID Number": "34589171"
  },
  {
    "ID Number": "51676168"
  },
  {
    "ID Number": "6319173"
  },
  {
    "ID Number": "6396798"
  },
  {
    "ID Number": "34561218"
  },
  {
    "ID Number": "51620294"
  },
  {
    "ID Number": "34542400"
  },
  {
    "ID Number": "6301649"
  },
  {
    "ID Number": "34501762"
  },
  {
    "ID Number": "6378102"
  },
  {
    "ID Number": "34528970"
  },
  {
    "ID Number": "6323073"
  },
  {
    "ID Number": "6372961"
  },
  {
    "ID Number": "6332404"
  },
  {
    "ID Number": "6332935"
  },
  {
    "ID Number": "44507810"
  },
  {
    "ID Number": "6301398"
  },
  {
    "ID Number": "6328377"
  },
  {
    "ID Number": "34597603"
  },
  {
    "ID Number": "34572716"
  },
  {
    "ID Number": "6380638"
  },
  {
    "ID Number": "34509542"
  },
  {
    "ID Number": "6302416"
  },
  {
    "ID Number": "6300758"
  },
  {
    "ID Number": "51603578"
  },
  {
    "ID Number": "6349439"
  },
  {
    "ID Number": "34560572"
  },
  {
    "ID Number": "6385079"
  },
  {
    "ID Number": "34542612"
  },
  {
    "ID Number": "44560486"
  },
  {
    "ID Number": "34519521"
  },
  {
    "ID Number": "34520589"
  },
  {
    "ID Number": "6316093"
  },
  {
    "ID Number": "6304265"
  },
  {
    "ID Number": "6326005"
  },
  {
    "ID Number": "6300766"
  },
  {
    "ID Number": "6316263"
  },
  {
    "ID Number": "34577050"
  },
  {
    "ID Number": "34593314"
  },
  {
    "ID Number": "34558462"
  },
  {
    "ID Number": "6372996"
  },
  {
    "ID Number": "13415034"
  },
  {
    "ID Number": "44594054"
  },
  {
    "ID Number": "6301428"
  },
  {
    "ID Number": "34556915"
  },
  {
    "ID Number": "4170539"
  },
  {
    "ID Number": "26303000"
  },
  {
    "ID Number": "6388515"
  },
  {
    "ID Number": "26387069"
  },
  {
    "ID Number": "6328393"
  },
  {
    "ID Number": "6300529"
  },
  {
    "ID Number": "13401858"
  },
  {
    "ID Number": "26384892"
  },
  {
    "ID Number": "44593830"
  },
  {
    "ID Number": "44592515"
  },
  {
    "ID Number": "34516573"
  },
  {
    "ID Number": "6318975"
  },
  {
    "ID Number": "44581025"
  },
  {
    "ID Number": "34576541"
  },
  {
    "ID Number": "44556926"
  },
  {
    "ID Number": "6397298"
  },
  {
    "ID Number": "34512667"
  },
  {
    "ID Number": "6314465"
  },
  {
    "ID Number": "34570047"
  },
  {
    "ID Number": "6318762"
  },
  {
    "ID Number": "6371167"
  },
  {
    "ID Number": "34550364"
  },
  {
    "ID Number": "44512546"
  },
  {
    "ID Number": "6309330"
  },
  {
    "ID Number": "44557396"
  },
  {
    "ID Number": "6379656"
  },
  {
    "ID Number": "51621444"
  },
  {
    "ID Number": "51645084"
  },
  {
    "ID Number": "34511580"
  },
  {
    "ID Number": "51648067"
  },
  {
    "ID Number": "34590943"
  },
  {
    "ID Number": "44558007"
  },
  {
    "ID Number": "34563261"
  },
  {
    "ID Number": "34563270"
  },
  {
    "ID Number": "6353711"
  },
  {
    "ID Number": "34523693"
  },
  {
    "ID Number": "525025996"
  },
  {
    "ID Number": "34584684"
  },
  {
    "ID Number": "26354861"
  },
  {
    "ID Number": "6391303"
  },
  {
    "ID Number": "34568875"
  },
  {
    "ID Number": "34573631"
  },
  {
    "ID Number": "51603586"
  },
  {
    "ID Number": "6303048"
  },
  {
    "ID Number": "34553541"
  },
  {
    "ID Number": "34576304"
  },
  {
    "ID Number": "6373011"
  },
  {
    "ID Number": "44560001"
  },
  {
    "ID Number": "6309348"
  },
  {
    "ID Number": "14000385"
  },
  {
    "ID Number": "34598030"
  },
  {
    "ID Number": "26311321"
  },
  {
    "ID Number": "6317898"
  },
  {
    "ID Number": "44565712"
  },
  {
    "ID Number": "34563571"
  },
  {
    "ID Number": "6359620"
  },
  {
    "ID Number": "5901227"
  },
  {
    "ID Number": "6306713"
  },
  {
    "ID Number": "6300022"
  },
  {
    "ID Number": "26358727"
  },
  {
    "ID Number": "34590447"
  },
  {
    "ID Number": "6306721"
  },
  {
    "ID Number": "6324142"
  },
  {
    "ID Number": "51693208"
  },
  {
    "ID Number": "525034081"
  },
  {
    "ID Number": "6357890"
  },
  {
    "ID Number": "34511598"
  },
  {
    "ID Number": "6330525"
  },
  {
    "ID Number": "34553550"
  },
  {
    "ID Number": "34519572"
  },
  {
    "ID Number": "34581537"
  },
  {
    "ID Number": "6318916"
  },
  {
    "ID Number": "6321623"
  },
  {
    "ID Number": "6323111"
  },
  {
    "ID Number": "44539827"
  },
  {
    "ID Number": "44542291"
  },
  {
    "ID Number": "51676273"
  },
  {
    "ID Number": "34550380"
  },
  {
    "ID Number": "44518978"
  },
  {
    "ID Number": "44524838"
  },
  {
    "ID Number": "34594426"
  },
  {
    "ID Number": "44591683"
  },
  {
    "ID Number": "34526528"
  },
  {
    "ID Number": "26385090"
  },
  {
    "ID Number": "26325128"
  },
  {
    "ID Number": "44512570"
  },
  {
    "ID Number": "6302777"
  },
  {
    "ID Number": "51676184"
  },
  {
    "ID Number": "34598170"
  },
  {
    "ID Number": "6324878"
  },
  {
    "ID Number": "44542305"
  },
  {
    "ID Number": "6343759"
  },
  {
    "ID Number": "6366562"
  },
  {
    "ID Number": "44566964"
  },
  {
    "ID Number": "44566956"
  },
  {
    "ID Number": "6373046"
  },
  {
    "ID Number": "6319270"
  },
  {
    "ID Number": "51678187"
  },
  {
    "ID Number": "34559892"
  },
  {
    "ID Number": "6364020"
  },
  {
    "ID Number": "6351158"
  },
  {
    "ID Number": "6335756"
  },
  {
    "ID Number": "6340539"
  },
  {
    "ID Number": "44512082"
  },
  {
    "ID Number": "6396402"
  },
  {
    "ID Number": "6393420"
  },
  {
    "ID Number": "6342914"
  },
  {
    "ID Number": "6301037"
  },
  {
    "ID Number": "44542607"
  },
  {
    "ID Number": "4130189"
  },
  {
    "ID Number": "51668270"
  },
  {
    "ID Number": "44596138"
  },
  {
    "ID Number": "2907178"
  },
  {
    "ID Number": "6335764"
  },
  {
    "ID Number": "6319297"
  },
  {
    "ID Number": "6386911"
  },
  {
    "ID Number": "6332706"
  },
  {
    "ID Number": "6340873"
  },
  {
    "ID Number": "145216075"
  },
  {
    "ID Number": "34524193"
  },
  {
    "ID Number": "34535845"
  },
  {
    "ID Number": "34518134"
  },
  {
    "ID Number": "34540326"
  },
  {
    "ID Number": "34523766"
  },
  {
    "ID Number": "44596936"
  },
  {
    "ID Number": "51621169"
  },
  {
    "ID Number": "44519427"
  },
  {
    "ID Number": "34573267"
  },
  {
    "ID Number": "44598017"
  },
  {
    "ID Number": "26381206"
  },
  {
    "ID Number": "34527419"
  },
  {
    "ID Number": "6306632"
  },
  {
    "ID Number": "34522000"
  },
  {
    "ID Number": "34594434"
  },
  {
    "ID Number": "34554106"
  },
  {
    "ID Number": "51615878"
  },
  {
    "ID Number": "6357741"
  },
  {
    "ID Number": "6337783"
  },
  {
    "ID Number": "44524870"
  },
  {
    "ID Number": "51629682"
  },
  {
    "ID Number": "26313405"
  },
  {
    "ID Number": "44541457"
  },
  {
    "ID Number": "34594604"
  },
  {
    "ID Number": "6350984"
  },
  {
    "ID Number": "6346928"
  },
  {
    "ID Number": "6346120"
  },
  {
    "ID Number": "6305075"
  },
  {
    "ID Number": "26374064"
  },
  {
    "ID Number": "44531060"
  },
  {
    "ID Number": "34540830"
  },
  {
    "ID Number": "6319343"
  },
  {
    "ID Number": "44575971"
  },
  {
    "ID Number": "34565930"
  },
  {
    "ID Number": "6362907"
  },
  {
    "ID Number": "6312578"
  },
  {
    "ID Number": "6316875"
  },
  {
    "ID Number": "34573747"
  },
  {
    "ID Number": "6361099"
  },
  {
    "ID Number": "6358756"
  },
  {
    "ID Number": "6306187"
  },
  {
    "ID Number": "51615703"
  },
  {
    "ID Number": "34557431"
  },
  {
    "ID Number": "6346146"
  },
  {
    "ID Number": "6336612"
  },
  {
    "ID Number": "26303981"
  },
  {
    "ID Number": "34525777"
  },
  {
    "ID Number": "6338623"
  },
  {
    "ID Number": "34561226"
  },
  {
    "ID Number": "51648075"
  },
  {
    "ID Number": "44535716"
  },
  {
    "ID Number": "34533265"
  },
  {
    "ID Number": "6307159"
  },
  {
    "ID Number": "525004549"
  },
  {
    "ID Number": "34563768"
  },
  {
    "ID Number": "6349471"
  },
  {
    "ID Number": "26372576"
  },
  {
    "ID Number": "26387093"
  },
  {
    "ID Number": "34532625"
  },
  {
    "ID Number": "6361102"
  },
  {
    "ID Number": "26390574"
  },
  {
    "ID Number": "6340890"
  },
  {
    "ID Number": "6371876"
  },
  {
    "ID Number": "44591608"
  },
  {
    "ID Number": "34542620"
  },
  {
    "ID Number": "26383268"
  },
  {
    "ID Number": "6375120"
  },
  {
    "ID Number": "6394574"
  },
  {
    "ID Number": "44526687"
  },
  {
    "ID Number": "44536496"
  },
  {
    "ID Number": "6373062"
  },
  {
    "ID Number": "51681358"
  },
  {
    "ID Number": "51699257"
  },
  {
    "ID Number": "74502131"
  },
  {
    "ID Number": "6306071"
  },
  {
    "ID Number": "51685191"
  },
  {
    "ID Number": "26383276"
  },
  {
    "ID Number": "6302726"
  },
  {
    "ID Number": "34579982"
  },
  {
    "ID Number": "6330584"
  },
  {
    "ID Number": "34520830"
  },
  {
    "ID Number": "34520848"
  },
  {
    "ID Number": "44551479"
  },
  {
    "ID Number": "6305997"
  },
  {
    "ID Number": "6333192"
  },
  {
    "ID Number": "6309216"
  },
  {
    "ID Number": "44529597"
  },
  {
    "ID Number": "6361250"
  },
  {
    "ID Number": "44581068"
  },
  {
    "ID Number": "44558082"
  },
  {
    "ID Number": "44566743"
  },
  {
    "ID Number": "6332714"
  },
  {
    "ID Number": "6395317"
  },
  {
    "ID Number": "34506462"
  },
  {
    "ID Number": "51600854"
  },
  {
    "ID Number": "34568468"
  },
  {
    "ID Number": "6325866"
  },
  {
    "ID Number": "44514611"
  },
  {
    "ID Number": "34518657"
  },
  {
    "ID Number": "6363458"
  },
  {
    "ID Number": "26309602"
  },
  {
    "ID Number": "525012495"
  },
  {
    "ID Number": "44557418"
  },
  {
    "ID Number": "34563296"
  },
  {
    "ID Number": "34564543"
  },
  {
    "ID Number": "34532080"
  },
  {
    "ID Number": "6303072"
  },
  {
    "ID Number": "44523416"
  },
  {
    "ID Number": "34544127"
  },
  {
    "ID Number": "6310532"
  },
  {
    "ID Number": "44512210"
  },
  {
    "ID Number": "44577699"
  },
  {
    "ID Number": "146243282"
  },
  {
    "ID Number": "51602296"
  },
  {
    "ID Number": "6391311"
  },
  {
    "ID Number": "34524215"
  },
  {
    "ID Number": "6387004"
  },
  {
    "ID Number": "6353800"
  },
  {
    "ID Number": "51674572"
  },
  {
    "ID Number": "44507089"
  },
  {
    "ID Number": "6312594"
  },
  {
    "ID Number": "6361277"
  },
  {
    "ID Number": "6313876"
  },
  {
    "ID Number": "6300960"
  },
  {
    "ID Number": "34591680"
  },
  {
    "ID Number": "6356494"
  },
  {
    "ID Number": "26391481"
  },
  {
    "ID Number": "26363704"
  },
  {
    "ID Number": "44560079"
  },
  {
    "ID Number": "34565973"
  },
  {
    "ID Number": "34595171"
  },
  {
    "ID Number": "6318398"
  },
  {
    "ID Number": "6332722"
  },
  {
    "ID Number": "6330630"
  },
  {
    "ID Number": "6335810"
  },
  {
    "ID Number": "6312608"
  },
  {
    "ID Number": "6361293"
  },
  {
    "ID Number": "6302947"
  },
  {
    "ID Number": "26301555"
  },
  {
    "ID Number": "6319505"
  },
  {
    "ID Number": "6336485"
  },
  {
    "ID Number": "26357658"
  },
  {
    "ID Number": "51640074"
  },
  {
    "ID Number": "6383408"
  },
  {
    "ID Number": "6393462"
  },
  {
    "ID Number": "51649330"
  },
  {
    "ID Number": "44562047"
  },
  {
    "ID Number": "6365051"
  },
  {
    "ID Number": "6375383"
  },
  {
    "ID Number": "6333230"
  },
  {
    "ID Number": "44582439"
  },
  {
    "ID Number": "26354683"
  },
  {
    "ID Number": "6323154"
  },
  {
    "ID Number": "44547030"
  },
  {
    "ID Number": "6396020"
  },
  {
    "ID Number": "34514643"
  },
  {
    "ID Number": "34593322"
  },
  {
    "ID Number": "6351174"
  },
  {
    "ID Number": "34576622"
  },
  {
    "ID Number": "6349544"
  },
  {
    "ID Number": "34504680"
  },
  {
    "ID Number": "34528440"
  },
  {
    "ID Number": "525010468"
  },
  {
    "ID Number": "26387123"
  },
  {
    "ID Number": "6304290"
  },
  {
    "ID Number": "6309500"
  },
  {
    "ID Number": "6372228"
  },
  {
    "ID Number": "44504543"
  },
  {
    "ID Number": "34587934"
  },
  {
    "ID Number": "525026585"
  },
  {
    "ID Number": "44555776"
  },
  {
    "ID Number": "44500858"
  },
  {
    "ID Number": "6369146"
  },
  {
    "ID Number": "34514368"
  },
  {
    "ID Number": "34558322"
  },
  {
    "ID Number": "44532806"
  },
  {
    "ID Number": "34559736"
  },
  {
    "ID Number": "44507852"
  },
  {
    "ID Number": "34544143"
  },
  {
    "ID Number": "26346079"
  },
  {
    "ID Number": "6339441"
  },
  {
    "ID Number": "44558163"
  },
  {
    "ID Number": "34533010"
  },
  {
    "ID Number": "6375391"
  },
  {
    "ID Number": "26330237"
  },
  {
    "ID Number": "6300308"
  },
  {
    "ID Number": "6373100"
  },
  {
    "ID Number": "6305113"
  },
  {
    "ID Number": "6355374"
  },
  {
    "ID Number": "6393470"
  },
  {
    "ID Number": "6393489"
  },
  {
    "ID Number": "34520902"
  },
  {
    "ID Number": "6327923"
  },
  {
    "ID Number": "51685833"
  },
  {
    "ID Number": "34528458"
  },
  {
    "ID Number": "26385112"
  },
  {
    "ID Number": "26395967"
  },
  {
    "ID Number": "6355030"
  },
  {
    "ID Number": "44592124"
  },
  {
    "ID Number": "6347380"
  },
  {
    "ID Number": "6330665"
  },
  {
    "ID Number": "34576649"
  },
  {
    "ID Number": "6373666"
  },
  {
    "ID Number": "6343325"
  },
  {
    "ID Number": "6305849"
  },
  {
    "ID Number": "6321569"
  },
  {
    "ID Number": "44541147"
  },
  {
    "ID Number": "34525815"
  },
  {
    "ID Number": "44530684"
  },
  {
    "ID Number": "34562273"
  },
  {
    "ID Number": "6378226"
  },
  {
    "ID Number": "6390765"
  },
  {
    "ID Number": "6370241"
  },
  {
    "ID Number": "6378242"
  },
  {
    "ID Number": "34558179"
  },
  {
    "ID Number": "6301770"
  },
  {
    "ID Number": "34595406"
  },
  {
    "ID Number": "6369987"
  },
  {
    "ID Number": "44512732"
  },
  {
    "ID Number": "44589166"
  },
  {
    "ID Number": "34573356"
  },
  {
    "ID Number": "6313922"
  },
  {
    "ID Number": "6395023"
  },
  {
    "ID Number": "6357776"
  },
  {
    "ID Number": "6310630"
  },
  {
    "ID Number": "44505175"
  },
  {
    "ID Number": "44505116"
  },
  {
    "ID Number": "26310872"
  },
  {
    "ID Number": "6319602"
  },
  {
    "ID Number": "6314538"
  },
  {
    "ID Number": "26389495"
  },
  {
    "ID Number": "51671557"
  },
  {
    "ID Number": "34553711"
  },
  {
    "ID Number": "34595546"
  },
  {
    "ID Number": "44505728"
  },
  {
    "ID Number": "6315577"
  },
  {
    "ID Number": "44523327"
  },
  {
    "ID Number": "337294798"
  },
  {
    "ID Number": "6328636"
  },
  {
    "ID Number": "34567534"
  },
  {
    "ID Number": "6364063"
  },
  {
    "ID Number": "34595554"
  },
  {
    "ID Number": "51608200"
  },
  {
    "ID Number": "44539380"
  },
  {
    "ID Number": "34593918"
  },
  {
    "ID Number": "34520945"
  },
  {
    "ID Number": "34564594"
  },
  {
    "ID Number": "26302330"
  },
  {
    "ID Number": "6383416"
  },
  {
    "ID Number": "44583885"
  },
  {
    "ID Number": "6307353"
  },
  {
    "ID Number": "34516239"
  },
  {
    "ID Number": "34542957"
  },
  {
    "ID Number": "26349973"
  },
  {
    "ID Number": "34518231"
  },
  {
    "ID Number": "6383424"
  },
  {
    "ID Number": "26361183"
  },
  {
    "ID Number": "6393500"
  },
  {
    "ID Number": "44517599"
  },
  {
    "ID Number": "6302181"
  },
  {
    "ID Number": "34547517"
  },
  {
    "ID Number": "6302696"
  },
  {
    "ID Number": "6383742"
  },
  {
    "ID Number": "34505733"
  },
  {
    "ID Number": "6396275"
  },
  {
    "ID Number": "6317383"
  },
  {
    "ID Number": "6391320"
  },
  {
    "ID Number": "6309577"
  },
  {
    "ID Number": "51695073"
  },
  {
    "ID Number": "51695189"
  },
  {
    "ID Number": "34541390"
  },
  {
    "ID Number": "145217573"
  },
  {
    "ID Number": "26311259"
  },
  {
    "ID Number": "525001671"
  },
  {
    "ID Number": "51691418"
  },
  {
    "ID Number": "51666731"
  },
  {
    "ID Number": "12515914"
  },
  {
    "ID Number": "51615819"
  },
  {
    "ID Number": "6390188"
  },
  {
    "ID Number": "34537570"
  },
  {
    "ID Number": "51645190"
  },
  {
    "ID Number": "34535454"
  },
  {
    "ID Number": "26348926"
  },
  {
    "ID Number": "44504888"
  },
  {
    "ID Number": "6356575"
  },
  {
    "ID Number": "6397093"
  },
  {
    "ID Number": "34504290"
  },
  {
    "ID Number": "26376598"
  },
  {
    "ID Number": "6339786"
  },
  {
    "ID Number": "6323200"
  },
  {
    "ID Number": "6381200"
  },
  {
    "ID Number": "26348764"
  },
  {
    "ID Number": "26351757"
  },
  {
    "ID Number": "51603934"
  },
  {
    "ID Number": "6315607"
  },
  {
    "ID Number": "44554800"
  },
  {
    "ID Number": "44554818"
  },
  {
    "ID Number": "51646927"
  },
  {
    "ID Number": "26369834"
  },
  {
    "ID Number": "6319661"
  },
  {
    "ID Number": "44569955"
  },
  {
    "ID Number": "26368188"
  },
  {
    "ID Number": "6322506"
  },
  {
    "ID Number": "6337848"
  },
  {
    "ID Number": "26387140"
  },
  {
    "ID Number": "6351727"
  },
  {
    "ID Number": "44581203"
  },
  {
    "ID Number": "34564624"
  },
  {
    "ID Number": "6328679"
  },
  {
    "ID Number": "34505792"
  },
  {
    "ID Number": "34562940"
  },
  {
    "ID Number": "6333290"
  },
  {
    "ID Number": "44506759"
  },
  {
    "ID Number": "6343341"
  },
  {
    "ID Number": "34559086"
  },
  {
    "ID Number": "34513043"
  },
  {
    "ID Number": "6302220"
  },
  {
    "ID Number": "6388655"
  },
  {
    "ID Number": "51696240"
  },
  {
    "ID Number": "6310737"
  },
  {
    "ID Number": "44524676"
  },
  {
    "ID Number": "34595589"
  },
  {
    "ID Number": "6326170"
  },
  {
    "ID Number": "51620405"
  },
  {
    "ID Number": "26351749"
  },
  {
    "ID Number": "44568339"
  },
  {
    "ID Number": "44506783"
  },
  {
    "ID Number": "44507186"
  },
  {
    "ID Number": "44503008"
  },
  {
    "ID Number": "6396836"
  },
  {
    "ID Number": "34566058"
  },
  {
    "ID Number": "34566066"
  },
  {
    "ID Number": "44591586"
  },
  {
    "ID Number": "6306144"
  },
  {
    "ID Number": "34565400"
  },
  {
    "ID Number": "34564632"
  },
  {
    "ID Number": "26334216"
  },
  {
    "ID Number": "44536810"
  },
  {
    "ID Number": "44505817"
  },
  {
    "ID Number": "44505825"
  },
  {
    "ID Number": "44518102"
  },
  {
    "ID Number": "44541155"
  },
  {
    "ID Number": "44504918"
  },
  {
    "ID Number": "34502149"
  },
  {
    "ID Number": "34580166"
  },
  {
    "ID Number": "6351522"
  },
  {
    "ID Number": "6391338"
  },
  {
    "ID Number": "26319730"
  },
  {
    "ID Number": "34563326"
  },
  {
    "ID Number": "6343368"
  },
  {
    "ID Number": "44521960"
  },
  {
    "ID Number": "6341004"
  },
  {
    "ID Number": "26346109"
  },
  {
    "ID Number": "34520970"
  },
  {
    "ID Number": "6312721"
  },
  {
    "ID Number": "6304974"
  },
  {
    "ID Number": "26315335"
  },
  {
    "ID Number": "34505237"
  },
  {
    "ID Number": "6363350"
  },
  {
    "ID Number": "6303986"
  },
  {
    "ID Number": "6326200"
  },
  {
    "ID Number": "6394639"
  },
  {
    "ID Number": "6391842"
  },
  {
    "ID Number": "6318525"
  },
  {
    "ID Number": "34565140"
  },
  {
    "ID Number": "44555792"
  },
  {
    "ID Number": "34520988"
  },
  {
    "ID Number": "44555806"
  },
  {
    "ID Number": "6333397"
  },
  {
    "ID Number": "44507860"
  },
  {
    "ID Number": "6330827"
  },
  {
    "ID Number": "6370993"
  },
  {
    "ID Number": "34562338"
  },
  {
    "ID Number": "6301819"
  },
  {
    "ID Number": "6387284"
  },
  {
    "ID Number": "34525025"
  },
  {
    "ID Number": "34544208"
  },
  {
    "ID Number": "26362392"
  },
  {
    "ID Number": "6310770"
  },
  {
    "ID Number": "6325289"
  },
  {
    "ID Number": "34559108"
  },
  {
    "ID Number": "51641542"
  },
  {
    "ID Number": "34564659"
  },
  {
    "ID Number": "34548661"
  },
  {
    "ID Number": "44547102"
  },
  {
    "ID Number": "6375413"
  },
  {
    "ID Number": "34573895"
  },
  {
    "ID Number": "44537697"
  },
  {
    "ID Number": "26359111"
  },
  {
    "ID Number": "34593942"
  },
  {
    "ID Number": "6351786"
  },
  {
    "ID Number": "26313634"
  },
  {
    "ID Number": "6378293"
  },
  {
    "ID Number": "34542574"
  },
  {
    "ID Number": "34590102"
  },
  {
    "ID Number": "34509046"
  },
  {
    "ID Number": "34551620"
  },
  {
    "ID Number": "6303811"
  },
  {
    "ID Number": "44523491"
  },
  {
    "ID Number": "34522158"
  },
  {
    "ID Number": "34522166"
  },
  {
    "ID Number": "26304287"
  },
  {
    "ID Number": "6348157"
  },
  {
    "ID Number": "6347410"
  },
  {
    "ID Number": "26385759"
  },
  {
    "ID Number": "6348998"
  },
  {
    "ID Number": "34513060"
  },
  {
    "ID Number": "6396844"
  },
  {
    "ID Number": "6313361"
  },
  {
    "ID Number": "51619040"
  },
  {
    "ID Number": "34511792"
  },
  {
    "ID Number": "51610140"
  },
  {
    "ID Number": "6353967"
  },
  {
    "ID Number": "6315933"
  },
  {
    "ID Number": "6339832"
  },
  {
    "ID Number": "6330843"
  },
  {
    "ID Number": "34574786"
  },
  {
    "ID Number": "6305164"
  },
  {
    "ID Number": "6336426"
  },
  {
    "ID Number": "34535489"
  },
  {
    "ID Number": "26346036"
  },
  {
    "ID Number": "6339468"
  },
  {
    "ID Number": "6306519"
  },
  {
    "ID Number": "34506748"
  },
  {
    "ID Number": "6321771"
  },
  {
    "ID Number": "6341020"
  },
  {
    "ID Number": "44545207"
  },
  {
    "ID Number": "51634147"
  },
  {
    "ID Number": "6313370"
  },
  {
    "ID Number": "51620421"
  },
  {
    "ID Number": "6374190"
  },
  {
    "ID Number": "6349005"
  },
  {
    "ID Number": "26319446"
  },
  {
    "ID Number": "6352375"
  },
  {
    "ID Number": "44590997"
  },
  {
    "ID Number": "34531211"
  },
  {
    "ID Number": "6378323"
  },
  {
    "ID Number": "44546548"
  },
  {
    "ID Number": "6300502"
  },
  {
    "ID Number": "44508158"
  },
  {
    "ID Number": "34506128"
  },
  {
    "ID Number": "34514392"
  },
  {
    "ID Number": "6325769"
  },
  {
    "ID Number": "44536402"
  },
  {
    "ID Number": "6389210"
  },
  {
    "ID Number": "44556071"
  },
  {
    "ID Number": "6339840"
  },
  {
    "ID Number": "6330444"
  },
  {
    "ID Number": "6356133"
  },
  {
    "ID Number": "6333451"
  },
  {
    "ID Number": "6301894"
  },
  {
    "ID Number": "6353983"
  },
  {
    "ID Number": "6391370"
  },
  {
    "ID Number": "6323243"
  },
  {
    "ID Number": "34576681"
  },
  {
    "ID Number": "44550367"
  },
  {
    "ID Number": "34530444"
  },
  {
    "ID Number": "44545673"
  },
  {
    "ID Number": "6319793"
  },
  {
    "ID Number": "6330860"
  },
  {
    "ID Number": "51617129"
  },
  {
    "ID Number": "44564597"
  },
  {
    "ID Number": "6306098"
  },
  {
    "ID Number": "6301878"
  },
  {
    "ID Number": "51645297"
  },
  {
    "ID Number": "34534768"
  },
  {
    "ID Number": "26372657"
  },
  {
    "ID Number": "26374153"
  },
  {
    "ID Number": "34564667"
  },
  {
    "ID Number": "6341667"
  },
  {
    "ID Number": "51621584"
  },
  {
    "ID Number": "34561455"
  },
  {
    "ID Number": "6327320"
  },
  {
    "ID Number": "34561234"
  },
  {
    "ID Number": "6303854"
  },
  {
    "ID Number": "26396815"
  },
  {
    "ID Number": "44531605"
  },
  {
    "ID Number": "6317871"
  },
  {
    "ID Number": "6391389"
  },
  {
    "ID Number": "6346995"
  },
  {
    "ID Number": "34509917"
  },
  {
    "ID Number": "6367810"
  },
  {
    "ID Number": "6382070"
  },
  {
    "ID Number": "44512899"
  },
  {
    "ID Number": "6303862"
  },
  {
    "ID Number": "6336698"
  },
  {
    "ID Number": "34595678"
  },
  {
    "ID Number": "6342965"
  },
  {
    "ID Number": "6333494"
  },
  {
    "ID Number": "51618052"
  },
  {
    "ID Number": "26364441"
  },
  {
    "ID Number": "26364450"
  },
  {
    "ID Number": "6354017"
  },
  {
    "ID Number": "51607719"
  },
  {
    "ID Number": "26311038"
  },
  {
    "ID Number": "26348349"
  },
  {
    "ID Number": "26322455"
  },
  {
    "ID Number": "6319831"
  },
  {
    "ID Number": "6335950"
  },
  {
    "ID Number": "34538992"
  },
  {
    "ID Number": "6365264"
  },
  {
    "ID Number": "44524587"
  },
  {
    "ID Number": "44583648"
  },
  {
    "ID Number": "26326302"
  },
  {
    "ID Number": "6354963"
  },
  {
    "ID Number": "6344178"
  },
  {
    "ID Number": "34560718"
  },
  {
    "ID Number": "34588590"
  },
  {
    "ID Number": "6373216"
  },
  {
    "ID Number": "6309640"
  },
  {
    "ID Number": "6342124"
  },
  {
    "ID Number": "26309742"
  },
  {
    "ID Number": "6370691"
  },
  {
    "ID Number": "51644835"
  },
  {
    "ID Number": "34554270"
  },
  {
    "ID Number": "6391397"
  },
  {
    "ID Number": "44568894"
  },
  {
    "ID Number": "51671638"
  },
  {
    "ID Number": "6303889"
  },
  {
    "ID Number": "6304540"
  },
  {
    "ID Number": "51642670"
  },
  {
    "ID Number": "34576690"
  },
  {
    "ID Number": "6349722"
  },
  {
    "ID Number": "44529279"
  },
  {
    "ID Number": "6317456"
  },
  {
    "ID Number": "6309658"
  },
  {
    "ID Number": "6384463"
  },
  {
    "ID Number": "6322565"
  },
  {
    "ID Number": "44505035"
  },
  {
    "ID Number": "34563920"
  },
  {
    "ID Number": "6327974"
  },
  {
    "ID Number": "34594710"
  },
  {
    "ID Number": "34594728"
  },
  {
    "ID Number": "26318806"
  },
  {
    "ID Number": "51630397"
  },
  {
    "ID Number": "26333058"
  },
  {
    "ID Number": "34588663"
  },
  {
    "ID Number": "34533273"
  },
  {
    "ID Number": "34596488"
  },
  {
    "ID Number": "51603365"
  },
  {
    "ID Number": "26393220"
  },
  {
    "ID Number": "34548700"
  },
  {
    "ID Number": "6305873"
  },
  {
    "ID Number": "6365884"
  },
  {
    "ID Number": "6313965"
  },
  {
    "ID Number": "6335969"
  },
  {
    "ID Number": "6318436"
  },
  {
    "ID Number": "6394876"
  },
  {
    "ID Number": "34500863"
  },
  {
    "ID Number": "51678209"
  },
  {
    "ID Number": "51631717"
  },
  {
    "ID Number": "34517502"
  },
  {
    "ID Number": "6362672"
  },
  {
    "ID Number": "34573968"
  },
  {
    "ID Number": "26366584"
  },
  {
    "ID Number": "34555323"
  },
  {
    "ID Number": "6383459"
  },
  {
    "ID Number": "44552971"
  },
  {
    "ID Number": "34566643"
  },
  {
    "ID Number": "44546912"
  },
  {
    "ID Number": "44597363"
  },
  {
    "ID Number": "6317995"
  },
  {
    "ID Number": "6390196"
  },
  {
    "ID Number": "6325823"
  },
  {
    "ID Number": "6303900"
  },
  {
    "ID Number": "26311100"
  },
  {
    "ID Number": "26385767"
  },
  {
    "ID Number": "34546995"
  },
  {
    "ID Number": "6302386"
  },
  {
    "ID Number": "44534302"
  },
  {
    "ID Number": "44539410"
  },
  {
    "ID Number": "34527427"
  },
  {
    "ID Number": "6396488"
  },
  {
    "ID Number": "6396860"
  },
  {
    "ID Number": "6351549"
  },
  {
    "ID Number": "6308430"
  },
  {
    "ID Number": "44591560"
  },
  {
    "ID Number": "34511890"
  },
  {
    "ID Number": "6373674"
  },
  {
    "ID Number": "34573976"
  },
  {
    "ID Number": "44539428"
  },
  {
    "ID Number": "26357763"
  },
  {
    "ID Number": "6325459"
  },
  {
    "ID Number": "34590951"
  },
  {
    "ID Number": "44517637"
  },
  {
    "ID Number": "34566163"
  },
  {
    "ID Number": "44514956"
  },
  {
    "ID Number": "6322573"
  },
  {
    "ID Number": "6397573"
  },
  {
    "ID Number": "6375626"
  },
  {
    "ID Number": "34563482"
  },
  {
    "ID Number": "44543832"
  },
  {
    "ID Number": "6319939"
  },
  {
    "ID Number": "34522867"
  },
  {
    "ID Number": "6330916"
  },
  {
    "ID Number": "44553447"
  },
  {
    "ID Number": "44524595"
  },
  {
    "ID Number": "6392989"
  },
  {
    "ID Number": "51623684"
  },
  {
    "ID Number": "34570284"
  },
  {
    "ID Number": "26301776"
  },
  {
    "ID Number": "51640570"
  },
  {
    "ID Number": "6318002"
  },
  {
    "ID Number": "51687984"
  },
  {
    "ID Number": "51687992"
  },
  {
    "ID Number": "6374891"
  },
  {
    "ID Number": "6395058"
  },
  {
    "ID Number": "6309682"
  },
  {
    "ID Number": "6375987"
  },
  {
    "ID Number": "34528393"
  },
  {
    "ID Number": "51621606"
  },
  {
    "ID Number": "13402153"
  },
  {
    "ID Number": "34543066"
  },
  {
    "ID Number": "6306659"
  },
  {
    "ID Number": "26369605"
  },
  {
    "ID Number": "26391899"
  },
  {
    "ID Number": "34525106"
  },
  {
    "ID Number": "26345757"
  },
  {
    "ID Number": "34519912"
  },
  {
    "ID Number": "6305202"
  },
  {
    "ID Number": "44509073"
  },
  {
    "ID Number": "6301525"
  },
  {
    "ID Number": "6359841"
  },
  {
    "ID Number": "6359850"
  },
  {
    "ID Number": "6370519"
  },
  {
    "ID Number": "44539851"
  },
  {
    "ID Number": "44597967"
  },
  {
    "ID Number": "6328881"
  },
  {
    "ID Number": "26365731"
  },
  {
    "ID Number": "6391885"
  },
  {
    "ID Number": "6372325"
  },
  {
    "ID Number": "26362600"
  },
  {
    "ID Number": "44589190"
  },
  {
    "ID Number": "34509968"
  },
  {
    "ID Number": "6304141"
  },
  {
    "ID Number": "6335985"
  },
  {
    "ID Number": "6305776"
  },
  {
    "ID Number": "51624656"
  },
  {
    "ID Number": "34572198"
  },
  {
    "ID Number": "51684683"
  },
  {
    "ID Number": "6348173"
  },
  {
    "ID Number": "34537740"
  },
  {
    "ID Number": "6324959"
  },
  {
    "ID Number": "6304362"
  },
  {
    "ID Number": "6300359"
  },
  {
    "ID Number": "26303639"
  },
  {
    "ID Number": "51638460"
  },
  {
    "ID Number": "51681757"
  },
  {
    "ID Number": "6366740"
  },
  {
    "ID Number": "6301495"
  },
  {
    "ID Number": "6391419"
  },
  {
    "ID Number": "44599790"
  },
  {
    "ID Number": "6346006"
  },
  {
    "ID Number": "6349765"
  },
  {
    "ID Number": "6302319"
  },
  {
    "ID Number": "44590792"
  },
  {
    "ID Number": "6349773"
  },
  {
    "ID Number": "6351204"
  },
  {
    "ID Number": "34500880"
  },
  {
    "ID Number": "44539436"
  },
  {
    "ID Number": "6303870"
  },
  {
    "ID Number": "6310915"
  },
  {
    "ID Number": "6382738"
  },
  {
    "ID Number": "44507267"
  },
  {
    "ID Number": "44576099"
  },
  {
    "ID Number": "34525122"
  },
  {
    "ID Number": "44593643"
  },
  {
    "ID Number": "34591257"
  },
  {
    "ID Number": "51621533"
  },
  {
    "ID Number": "34565582"
  },
  {
    "ID Number": "44535767"
  },
  {
    "ID Number": "6305229"
  },
  {
    "ID Number": "44569963"
  },
  {
    "ID Number": "26348187"
  },
  {
    "ID Number": "51640600"
  },
  {
    "ID Number": "44545703"
  },
  {
    "ID Number": "6307230"
  },
  {
    "ID Number": "26390671"
  },
  {
    "ID Number": "44537158"
  },
  {
    "ID Number": "6316522"
  },
  {
    "ID Number": "6343414"
  },
  {
    "ID Number": "6328008"
  },
  {
    "ID Number": "525019945"
  },
  {
    "ID Number": "44535007"
  },
  {
    "ID Number": "34597140"
  },
  {
    "ID Number": "34580298"
  },
  {
    "ID Number": "6385460"
  },
  {
    "ID Number": "6302670"
  },
  {
    "ID Number": "51641160"
  },
  {
    "ID Number": "6379923"
  },
  {
    "ID Number": "6338364"
  },
  {
    "ID Number": "44537050"
  },
  {
    "ID Number": "44558449"
  },
  {
    "ID Number": "6306330"
  },
  {
    "ID Number": "6333591"
  },
  {
    "ID Number": "44542151"
  },
  {
    "ID Number": "51616696"
  },
  {
    "ID Number": "34588221"
  },
  {
    "ID Number": "6323308"
  },
  {
    "ID Number": "34588230"
  },
  {
    "ID Number": "34576720"
  },
  {
    "ID Number": "6340660"
  },
  {
    "ID Number": "6303978"
  },
  {
    "ID Number": "6305644"
  },
  {
    "ID Number": "6395422"
  },
  {
    "ID Number": "6350526"
  },
  {
    "ID Number": "6305652"
  },
  {
    "ID Number": "6318045"
  },
  {
    "ID Number": "44507291"
  },
  {
    "ID Number": "44569319"
  },
  {
    "ID Number": "6309747"
  },
  {
    "ID Number": "34582878"
  },
  {
    "ID Number": "51634864"
  },
  {
    "ID Number": "44512023"
  },
  {
    "ID Number": "44502702"
  },
  {
    "ID Number": "6305881"
  },
  {
    "ID Number": "6363369"
  },
  {
    "ID Number": "6377530"
  },
  {
    "ID Number": "6327656"
  },
  {
    "ID Number": "6379931"
  },
  {
    "ID Number": "6301487"
  },
  {
    "ID Number": "51621576"
  },
  {
    "ID Number": "6306284"
  },
  {
    "ID Number": "26322293"
  },
  {
    "ID Number": "6368298"
  },
  {
    "ID Number": "34544240"
  },
  {
    "ID Number": "34500057"
  },
  {
    "ID Number": "44588917"
  },
  {
    "ID Number": "26318008"
  },
  {
    "ID Number": "6304001"
  },
  {
    "ID Number": "26385007"
  },
  {
    "ID Number": "6304010"
  },
  {
    "ID Number": "34502378"
  },
  {
    "ID Number": "51616971"
  },
  {
    "ID Number": "6302491"
  },
  {
    "ID Number": "6308465"
  },
  {
    "ID Number": "44593864"
  },
  {
    "ID Number": "34560750"
  },
  {
    "ID Number": "34530231"
  },
  {
    "ID Number": "6314660"
  },
  {
    "ID Number": "6328016"
  },
  {
    "ID Number": "6373348"
  },
  {
    "ID Number": "51614030"
  },
  {
    "ID Number": "44505019"
  },
  {
    "ID Number": "34500820"
  },
  {
    "ID Number": "6356591"
  },
  {
    "ID Number": "6332447"
  },
  {
    "ID Number": "6352006"
  },
  {
    "ID Number": "34566929"
  },
  {
    "ID Number": "4153979"
  },
  {
    "ID Number": "26343070"
  },
  {
    "ID Number": "26365774"
  },
  {
    "ID Number": "34569260"
  },
  {
    "ID Number": "44523564"
  },
  {
    "ID Number": "34507833"
  },
  {
    "ID Number": "34568069"
  },
  {
    "ID Number": "6326307"
  },
  {
    "ID Number": "26318865"
  },
  {
    "ID Number": "6334750"
  },
  {
    "ID Number": "6336760"
  },
  {
    "ID Number": "6321860"
  },
  {
    "ID Number": "26338009"
  },
  {
    "ID Number": "6304036"
  },
  {
    "ID Number": "74500953"
  },
  {
    "ID Number": "34537872"
  },
  {
    "ID Number": "525032860"
  },
  {
    "ID Number": "6301100"
  },
  {
    "ID Number": "51643529"
  },
  {
    "ID Number": "44536631"
  },
  {
    "ID Number": "51683768"
  },
  {
    "ID Number": "34550720"
  },
  {
    "ID Number": "51650754"
  },
  {
    "ID Number": "44539460"
  },
  {
    "ID Number": "6379974"
  },
  {
    "ID Number": "34256792"
  },
  {
    "ID Number": "34512560"
  },
  {
    "ID Number": "51605260"
  },
  {
    "ID Number": "6341039"
  },
  {
    "ID Number": "6305253"
  },
  {
    "ID Number": "6398952"
  },
  {
    "ID Number": "6336027"
  },
  {
    "ID Number": "34529390"
  },
  {
    "ID Number": "34503480"
  },
  {
    "ID Number": "6336779"
  },
  {
    "ID Number": "6362133"
  },
  {
    "ID Number": "6349854"
  },
  {
    "ID Number": "26391511"
  },
  {
    "ID Number": "6304494"
  },
  {
    "ID Number": "26383721"
  },
  {
    "ID Number": "6327354"
  },
  {
    "ID Number": "34561501"
  },
  {
    "ID Number": "34563652"
  },
  {
    "ID Number": "34561196"
  },
  {
    "ID Number": "34588442"
  },
  {
    "ID Number": "201820"
  },
  {
    "ID Number": "34560025"
  },
  {
    "ID Number": "34564012"
  },
  {
    "ID Number": "34511962"
  },
  {
    "ID Number": "26384582"
  },
  {
    "ID Number": "6324983"
  },
  {
    "ID Number": "6374921"
  },
  {
    "ID Number": "6315950"
  },
  {
    "ID Number": "6304087"
  },
  {
    "ID Number": "34568700"
  },
  {
    "ID Number": "6300928"
  },
  {
    "ID Number": "6358233"
  },
  {
    "ID Number": "6367844"
  },
  {
    "ID Number": "44500203"
  },
  {
    "ID Number": "34534458"
  },
  {
    "ID Number": "6336035"
  },
  {
    "ID Number": "6350828"
  },
  {
    "ID Number": "6304389"
  },
  {
    "ID Number": "34502416"
  },
  {
    "ID Number": "6382320"
  },
  {
    "ID Number": "34559795"
  },
  {
    "ID Number": "44524609"
  },
  {
    "ID Number": "51693240"
  },
  {
    "ID Number": "26347490"
  },
  {
    "ID Number": "26362660"
  },
  {
    "ID Number": "6305270"
  },
  {
    "ID Number": "44505990"
  },
  {
    "ID Number": "6363628"
  },
  {
    "ID Number": "6373364"
  },
  {
    "ID Number": "34531289"
  },
  {
    "ID Number": "6373380"
  },
  {
    "ID Number": "44515588"
  },
  {
    "ID Number": "34504044"
  },
  {
    "ID Number": "6371973"
  },
  {
    "ID Number": "34527435"
  },
  {
    "ID Number": "6311032"
  },
  {
    "ID Number": "6378439"
  },
  {
    "ID Number": "6325378"
  },
  {
    "ID Number": "6358250"
  },
  {
    "ID Number": "26346303"
  },
  {
    "ID Number": "26356147"
  },
  {
    "ID Number": "44513046"
  },
  {
    "ID Number": "6381383"
  },
  {
    "ID Number": "44535872"
  },
  {
    "ID Number": "6365310"
  },
  {
    "ID Number": "6300553"
  },
  {
    "ID Number": "6351239"
  },
  {
    "ID Number": "6306403"
  },
  {
    "ID Number": "44581483"
  },
  {
    "ID Number": "44538936"
  },
  {
    "ID Number": "6304168"
  },
  {
    "ID Number": "44539479"
  },
  {
    "ID Number": "51644657"
  },
  {
    "ID Number": "6354971"
  },
  {
    "ID Number": "44577672"
  },
  {
    "ID Number": "26368501"
  },
  {
    "ID Number": "51684349"
  },
  {
    "ID Number": "26312867"
  },
  {
    "ID Number": "6301568"
  },
  {
    "ID Number": "34553495"
  },
  {
    "ID Number": "34529080"
  },
  {
    "ID Number": "6325688"
  },
  {
    "ID Number": "6304982"
  },
  {
    "ID Number": "34575251"
  },
  {
    "ID Number": "6305768"
  },
  {
    "ID Number": "44504969"
  },
  {
    "ID Number": "44536259"
  },
  {
    "ID Number": "6307400"
  },
  {
    "ID Number": "44507356"
  },
  {
    "ID Number": "6336060"
  },
  {
    "ID Number": "34517910"
  },
  {
    "ID Number": "51613034"
  },
  {
    "ID Number": "44592825"
  },
  {
    "ID Number": "6330223"
  },
  {
    "ID Number": "6348211"
  },
  {
    "ID Number": "34566244"
  },
  {
    "ID Number": "44549377"
  },
  {
    "ID Number": "44507364"
  },
  {
    "ID Number": "34526838"
  },
  {
    "ID Number": "6337309"
  },
  {
    "ID Number": "26317192"
  },
  {
    "ID Number": "6397670"
  },
  {
    "ID Number": "13401238"
  },
  {
    "ID Number": "51679965"
  },
  {
    "ID Number": "6332757"
  },
  {
    "ID Number": "44536836"
  },
  {
    "ID Number": "44550073"
  },
  {
    "ID Number": "34583246"
  },
  {
    "ID Number": "34586024"
  },
  {
    "ID Number": "6395066"
  },
  {
    "ID Number": "34594760"
  },
  {
    "ID Number": "413364"
  },
  {
    "ID Number": "34512012"
  },
  {
    "ID Number": "6338402"
  },
  {
    "ID Number": "6302017"
  },
  {
    "ID Number": "44508441"
  },
  {
    "ID Number": "44544731"
  },
  {
    "ID Number": "51620049"
  },
  {
    "ID Number": "44546319"
  },
  {
    "ID Number": "6356230"
  },
  {
    "ID Number": "6300634"
  },
  {
    "ID Number": "6306594"
  },
  {
    "ID Number": "26323451"
  },
  {
    "ID Number": "34587942"
  },
  {
    "ID Number": "26383659"
  },
  {
    "ID Number": "6359531"
  },
  {
    "ID Number": "44551614"
  },
  {
    "ID Number": "44551622"
  },
  {
    "ID Number": "51643570"
  },
  {
    "ID Number": "34528830"
  },
  {
    "ID Number": "6375472"
  },
  {
    "ID Number": "44565798"
  },
  {
    "ID Number": "6397697"
  },
  {
    "ID Number": "14202875"
  },
  {
    "ID Number": "44541198"
  },
  {
    "ID Number": "6336108"
  },
  {
    "ID Number": "6336116"
  },
  {
    "ID Number": "6338410"
  },
  {
    "ID Number": "51650762"
  },
  {
    "ID Number": "6340156"
  },
  {
    "ID Number": "26381800"
  },
  {
    "ID Number": "44548303"
  },
  {
    "ID Number": "44585004"
  },
  {
    "ID Number": "34513205"
  },
  {
    "ID Number": "34575260"
  },
  {
    "ID Number": "34576460"
  },
  {
    "ID Number": "34502505"
  },
  {
    "ID Number": "6336809"
  },
  {
    "ID Number": "34563350"
  },
  {
    "ID Number": "6329055"
  },
  {
    "ID Number": "34560785"
  },
  {
    "ID Number": "44560222"
  },
  {
    "ID Number": "6333710"
  },
  {
    "ID Number": "34523510"
  },
  {
    "ID Number": "44513089"
  },
  {
    "ID Number": "6374948"
  },
  {
    "ID Number": "26362775"
  },
  {
    "ID Number": "6327699"
  },
  {
    "ID Number": "14116731"
  },
  {
    "ID Number": "44523793"
  },
  {
    "ID Number": "6307612"
  },
  {
    "ID Number": "6302823"
  },
  {
    "ID Number": "26391090"
  },
  {
    "ID Number": "6369219"
  },
  {
    "ID Number": "44544790"
  },
  {
    "ID Number": "44581521"
  },
  {
    "ID Number": "26302438"
  },
  {
    "ID Number": "51699915"
  },
  {
    "ID Number": "51620561"
  },
  {
    "ID Number": "44511434"
  },
  {
    "ID Number": "34506896"
  },
  {
    "ID Number": "34525610"
  },
  {
    "ID Number": "34548262"
  },
  {
    "ID Number": "6301886"
  },
  {
    "ID Number": "34519971"
  },
  {
    "ID Number": "34593667"
  },
  {
    "ID Number": "525006134"
  },
  {
    "ID Number": "34532366"
  },
  {
    "ID Number": "51622580"
  },
  {
    "ID Number": "6357377"
  },
  {
    "ID Number": "6332471"
  },
  {
    "ID Number": "6375235"
  },
  {
    "ID Number": "44509065"
  },
  {
    "ID Number": "51615789"
  },
  {
    "ID Number": "51620936"
  },
  {
    "ID Number": "51615800"
  },
  {
    "ID Number": "34558632"
  },
  {
    "ID Number": "34542710"
  },
  {
    "ID Number": "44523572"
  },
  {
    "ID Number": "26348136"
  },
  {
    "ID Number": "6331084"
  },
  {
    "ID Number": "34562648"
  },
  {
    "ID Number": "6322689"
  },
  {
    "ID Number": "6352189"
  },
  {
    "ID Number": "26361051"
  },
  {
    "ID Number": "6331092"
  },
  {
    "ID Number": "6362192"
  },
  {
    "ID Number": "44523890"
  },
  {
    "ID Number": "6340431"
  },
  {
    "ID Number": "6366864"
  },
  {
    "ID Number": "13603221"
  },
  {
    "ID Number": "34531815"
  },
  {
    "ID Number": "44523580"
  },
  {
    "ID Number": "6303129"
  },
  {
    "ID Number": "26314061"
  },
  {
    "ID Number": "44553471"
  },
  {
    "ID Number": "26381222"
  },
  {
    "ID Number": "51639211"
  },
  {
    "ID Number": "6349994"
  },
  {
    "ID Number": "34527486"
  },
  {
    "ID Number": "34524231"
  },
  {
    "ID Number": "44515049"
  },
  {
    "ID Number": "6367879"
  },
  {
    "ID Number": "6359671"
  },
  {
    "ID Number": "26343193"
  },
  {
    "ID Number": "44528582"
  },
  {
    "ID Number": "6357628"
  },
  {
    "ID Number": "34597425"
  },
  {
    "ID Number": "6309836"
  },
  {
    "ID Number": "44543450"
  },
  {
    "ID Number": "6304990"
  },
  {
    "ID Number": "51684373"
  },
  {
    "ID Number": "44542399"
  },
  {
    "ID Number": "24698016"
  },
  {
    "ID Number": "6364233"
  },
  {
    "ID Number": "34527958"
  },
  {
    "ID Number": "6309844"
  },
  {
    "ID Number": "26372746"
  },
  {
    "ID Number": "44562527"
  },
  {
    "ID Number": "6309852"
  },
  {
    "ID Number": "26301849"
  },
  {
    "ID Number": "6329098"
  },
  {
    "ID Number": "26314088"
  },
  {
    "ID Number": "6318096"
  },
  {
    "ID Number": "6364926"
  },
  {
    "ID Number": "6370306"
  },
  {
    "ID Number": "6361145"
  },
  {
    "ID Number": "26394871"
  },
  {
    "ID Number": "34549161"
  },
  {
    "ID Number": "34580492"
  },
  {
    "ID Number": "6369782"
  },
  {
    "ID Number": "6365965"
  },
  {
    "ID Number": "34562354"
  },
  {
    "ID Number": "6368336"
  },
  {
    "ID Number": "51643618"
  },
  {
    "ID Number": "6394906"
  },
  {
    "ID Number": "44517483"
  },
  {
    "ID Number": "44537816"
  },
  {
    "ID Number": "44575289"
  },
  {
    "ID Number": "6323405"
  },
  {
    "ID Number": "34596526"
  },
  {
    "ID Number": "26314100"
  },
  {
    "ID Number": "26314118"
  },
  {
    "ID Number": "525033166"
  },
  {
    "ID Number": "6392490"
  },
  {
    "ID Number": "6347851"
  },
  {
    "ID Number": "34527311"
  },
  {
    "ID Number": "44500254"
  },
  {
    "ID Number": "34527966"
  },
  {
    "ID Number": "6338437"
  },
  {
    "ID Number": "26346060"
  },
  {
    "ID Number": "34532030"
  },
  {
    "ID Number": "34569405"
  },
  {
    "ID Number": "6300642"
  },
  {
    "ID Number": "6360602"
  },
  {
    "ID Number": "44516711"
  },
  {
    "ID Number": "44506147"
  },
  {
    "ID Number": "6314074"
  },
  {
    "ID Number": "34595880"
  },
  {
    "ID Number": "44543360"
  },
  {
    "ID Number": "6341047"
  },
  {
    "ID Number": "26358816"
  },
  {
    "ID Number": "6327427"
  },
  {
    "ID Number": "34517308"
  },
  {
    "ID Number": "6320325"
  },
  {
    "ID Number": "34542728"
  },
  {
    "ID Number": "51639254"
  },
  {
    "ID Number": "51643634"
  },
  {
    "ID Number": "26303710"
  },
  {
    "ID Number": "51678721"
  },
  {
    "ID Number": "6390927"
  },
  {
    "ID Number": "26356783"
  },
  {
    "ID Number": "6348459"
  },
  {
    "ID Number": "51646978"
  },
  {
    "ID Number": "34542418"
  },
  {
    "ID Number": "34544003"
  },
  {
    "ID Number": "6356710"
  },
  {
    "ID Number": "44539495"
  },
  {
    "ID Number": "44515618"
  },
  {
    "ID Number": "6322719"
  },
  {
    "ID Number": "6384200"
  },
  {
    "ID Number": "6305318"
  },
  {
    "ID Number": "6360980"
  },
  {
    "ID Number": "51680041"
  },
  {
    "ID Number": "51691612"
  },
  {
    "ID Number": "34558365"
  },
  {
    "ID Number": "34529489"
  },
  {
    "ID Number": "6311180"
  },
  {
    "ID Number": "26301911"
  },
  {
    "ID Number": "51650800"
  },
  {
    "ID Number": "34544011"
  },
  {
    "ID Number": "44524510"
  },
  {
    "ID Number": "34543155"
  },
  {
    "ID Number": "34591443"
  },
  {
    "ID Number": "44588925"
  },
  {
    "ID Number": "44588763"
  },
  {
    "ID Number": "6323413"
  },
  {
    "ID Number": "44519893"
  },
  {
    "ID Number": "34505423"
  },
  {
    "ID Number": "6342744"
  },
  {
    "ID Number": "44524617"
  },
  {
    "ID Number": "44543263"
  },
  {
    "ID Number": "34512128"
  },
  {
    "ID Number": "34502629"
  },
  {
    "ID Number": "34596542"
  },
  {
    "ID Number": "44551304"
  },
  {
    "ID Number": "44504314"
  },
  {
    "ID Number": "26337169"
  },
  {
    "ID Number": "34569448"
  },
  {
    "ID Number": "34521208"
  },
  {
    "ID Number": "34552510"
  },
  {
    "ID Number": "26381850"
  },
  {
    "ID Number": "34548386"
  },
  {
    "ID Number": "44506228"
  },
  {
    "ID Number": "6388353"
  },
  {
    "ID Number": "6375510"
  },
  {
    "ID Number": "6378544"
  },
  {
    "ID Number": "6339530"
  },
  {
    "ID Number": "6301797"
  },
  {
    "ID Number": "26365898"
  },
  {
    "ID Number": "6363679"
  },
  {
    "ID Number": "6306845"
  },
  {
    "ID Number": "44569629"
  },
  {
    "ID Number": "26395444"
  },
  {
    "ID Number": "26318040"
  },
  {
    "ID Number": "6318142"
  },
  {
    "ID Number": "26318962"
  },
  {
    "ID Number": "26347253"
  },
  {
    "ID Number": "6359990"
  },
  {
    "ID Number": "34502645"
  },
  {
    "ID Number": "34569464"
  },
  {
    "ID Number": "34563377"
  },
  {
    "ID Number": "6399827"
  },
  {
    "ID Number": "6309925"
  },
  {
    "ID Number": "44513267"
  },
  {
    "ID Number": "44589867"
  },
  {
    "ID Number": "6363261"
  },
  {
    "ID Number": "34566325"
  },
  {
    "ID Number": "44541538"
  },
  {
    "ID Number": "34566333"
  },
  {
    "ID Number": "34586113"
  },
  {
    "ID Number": "6307175"
  },
  {
    "ID Number": "6313574"
  },
  {
    "ID Number": "26369486"
  },
  {
    "ID Number": "6359876"
  },
  {
    "ID Number": "6309933"
  },
  {
    "ID Number": "6393136"
  },
  {
    "ID Number": "6300588"
  },
  {
    "ID Number": "51622610"
  },
  {
    "ID Number": "6342140"
  },
  {
    "ID Number": "44507437"
  },
  {
    "ID Number": "26326493"
  },
  {
    "ID Number": "34571531"
  },
  {
    "ID Number": "6349137"
  },
  {
    "ID Number": "34544305"
  },
  {
    "ID Number": "6336159"
  },
  {
    "ID Number": "6391494"
  },
  {
    "ID Number": "6350046"
  },
  {
    "ID Number": "34560262"
  },
  {
    "ID Number": "51629623"
  },
  {
    "ID Number": "34504893"
  },
  {
    "ID Number": "6370080"
  },
  {
    "ID Number": "51638037"
  },
  {
    "ID Number": "26374218"
  },
  {
    "ID Number": "34560807"
  },
  {
    "ID Number": "34590625"
  },
  {
    "ID Number": "44568584"
  },
  {
    "ID Number": "26370476"
  },
  {
    "ID Number": "51645580"
  },
  {
    "ID Number": "6354327"
  },
  {
    "ID Number": "6320430"
  },
  {
    "ID Number": "44517173"
  },
  {
    "ID Number": "6312322"
  },
  {
    "ID Number": "6305334"
  },
  {
    "ID Number": "51643707"
  },
  {
    "ID Number": "34525211"
  },
  {
    "ID Number": "34578412"
  },
  {
    "ID Number": "6309950"
  },
  {
    "ID Number": "34599304"
  },
  {
    "ID Number": "6374050"
  },
  {
    "ID Number": "6395082"
  },
  {
    "ID Number": "6373437"
  },
  {
    "ID Number": "6301517"
  },
  {
    "ID Number": "34550887"
  },
  {
    "ID Number": "44566816"
  },
  {
    "ID Number": "6301193"
  },
  {
    "ID Number": "44514727"
  },
  {
    "ID Number": "6372244"
  },
  {
    "ID Number": "51682036"
  },
  {
    "ID Number": "6373445"
  },
  {
    "ID Number": "6397786"
  },
  {
    "ID Number": "34556397"
  },
  {
    "ID Number": "34554521"
  },
  {
    "ID Number": "6387047"
  },
  {
    "ID Number": "6365370"
  },
  {
    "ID Number": "6327737"
  },
  {
    "ID Number": "34577742"
  },
  {
    "ID Number": "6393748"
  },
  {
    "ID Number": "525005740"
  },
  {
    "ID Number": "6375251"
  },
  {
    "ID Number": "6351590"
  },
  {
    "ID Number": "34565078"
  },
  {
    "ID Number": "44576188"
  },
  {
    "ID Number": "6388698"
  },
  {
    "ID Number": "6388701"
  },
  {
    "ID Number": "44512350"
  },
  {
    "ID Number": "44511388"
  },
  {
    "ID Number": "6304486"
  },
  {
    "ID Number": "51685779"
  },
  {
    "ID Number": "6391516"
  },
  {
    "ID Number": "51629950"
  },
  {
    "ID Number": "6306853"
  },
  {
    "ID Number": "26376717"
  },
  {
    "ID Number": "34595929"
  },
  {
    "ID Number": "6309976"
  },
  {
    "ID Number": "525031724"
  },
  {
    "ID Number": "51628651"
  },
  {
    "ID Number": "34573500"
  },
  {
    "ID Number": "6366929"
  },
  {
    "ID Number": "34590935"
  },
  {
    "ID Number": "34583661"
  },
  {
    "ID Number": "34595937"
  },
  {
    "ID Number": "26384957"
  },
  {
    "ID Number": "6392580"
  },
  {
    "ID Number": "6314767"
  },
  {
    "ID Number": "6317626"
  },
  {
    "ID Number": "26343622"
  },
  {
    "ID Number": "34575510"
  },
  {
    "ID Number": "6364772"
  },
  {
    "ID Number": "6371841"
  },
  {
    "ID Number": "6352553"
  },
  {
    "ID Number": "34527338"
  },
  {
    "ID Number": "6309984"
  },
  {
    "ID Number": "6309992"
  },
  {
    "ID Number": "34572295"
  },
  {
    "ID Number": "6317197"
  },
  {
    "ID Number": "6395490"
  },
  {
    "ID Number": "6383700"
  },
  {
    "ID Number": "51617277"
  },
  {
    "ID Number": "6359884"
  },
  {
    "ID Number": "51628619"
  },
  {
    "ID Number": "51625407"
  },
  {
    "ID Number": "26343223"
  },
  {
    "ID Number": "34558373"
  },
  {
    "ID Number": "26385236"
  },
  {
    "ID Number": "6303285"
  },
  {
    "ID Number": "6307442"
  },
  {
    "ID Number": "6310001"
  },
  {
    "ID Number": "6370110"
  },
  {
    "ID Number": "6324525"
  },
  {
    "ID Number": "44527381"
  },
  {
    "ID Number": "6384226"
  },
  {
    "ID Number": "44506317"
  },
  {
    "ID Number": "44515723"
  },
  {
    "ID Number": "6314163"
  },
  {
    "ID Number": "6306870"
  },
  {
    "ID Number": "34538100"
  },
  {
    "ID Number": "26314240"
  },
  {
    "ID Number": "51614529"
  },
  {
    "ID Number": "51637960"
  },
  {
    "ID Number": "44539517"
  },
  {
    "ID Number": "6351840"
  },
  {
    "ID Number": "6360386"
  },
  {
    "ID Number": "6301010"
  },
  {
    "ID Number": "34583963"
  },
  {
    "ID Number": "34529519"
  },
  {
    "ID Number": "34550291"
  },
  {
    "ID Number": "6316638"
  },
  {
    "ID Number": "6318169"
  },
  {
    "ID Number": "34504567"
  },
  {
    "ID Number": "6375685"
  },
  {
    "ID Number": "51622181"
  },
  {
    "ID Number": "6350852"
  },
  {
    "ID Number": "51673401"
  },
  {
    "ID Number": "34563385"
  },
  {
    "ID Number": "6384471"
  },
  {
    "ID Number": "26350580"
  },
  {
    "ID Number": "26347040"
  },
  {
    "ID Number": "6397816"
  },
  {
    "ID Number": "34535020"
  },
  {
    "ID Number": "6361927"
  },
  {
    "ID Number": "26362988"
  },
  {
    "ID Number": "26347059"
  },
  {
    "ID Number": "34533753"
  },
  {
    "ID Number": "51607948"
  },
  {
    "ID Number": "34563032"
  },
  {
    "ID Number": "34529896"
  },
  {
    "ID Number": "34591338"
  },
  {
    "ID Number": "44530781"
  },
  {
    "ID Number": "34596569"
  },
  {
    "ID Number": "6345972"
  },
  {
    "ID Number": "6305016"
  },
  {
    "ID Number": "13705563"
  },
  {
    "ID Number": "44542763"
  },
  {
    "ID Number": "44506309"
  },
  {
    "ID Number": "525006177"
  },
  {
    "ID Number": "6314813"
  },
  {
    "ID Number": "26393972"
  },
  {
    "ID Number": "44573707"
  },
  {
    "ID Number": "6367607"
  },
  {
    "ID Number": "34586563"
  },
  {
    "ID Number": "34572562"
  },
  {
    "ID Number": "34502769"
  },
  {
    "ID Number": "6359213"
  },
  {
    "ID Number": "6356559"
  },
  {
    "ID Number": "6326480"
  },
  {
    "ID Number": "6332080"
  },
  {
    "ID Number": "6307493"
  },
  {
    "ID Number": "26306549"
  },
  {
    "ID Number": "6359221"
  },
  {
    "ID Number": "34576827"
  },
  {
    "ID Number": "6305814"
  },
  {
    "ID Number": "13445090"
  },
  {
    "ID Number": "24286923"
  },
  {
    "ID Number": "34559400"
  },
  {
    "ID Number": "34525270"
  },
  {
    "ID Number": "51650835"
  },
  {
    "ID Number": "6313019"
  },
  {
    "ID Number": "51604744"
  },
  {
    "ID Number": "6387217"
  },
  {
    "ID Number": "6342167"
  },
  {
    "ID Number": "6372490"
  },
  {
    "ID Number": "34590978"
  },
  {
    "ID Number": "44517440"
  },
  {
    "ID Number": "525010484"
  },
  {
    "ID Number": "6303110"
  },
  {
    "ID Number": "26306948"
  },
  {
    "ID Number": "6303730"
  },
  {
    "ID Number": "6344968"
  },
  {
    "ID Number": "26363003"
  },
  {
    "ID Number": "26320991"
  },
  {
    "ID Number": "6357830"
  },
  {
    "ID Number": "34504575"
  },
  {
    "ID Number": "26356309"
  },
  {
    "ID Number": "44505248"
  },
  {
    "ID Number": "34563814"
  },
  {
    "ID Number": "51616360"
  },
  {
    "ID Number": "34588744"
  },
  {
    "ID Number": "6320597"
  },
  {
    "ID Number": "6314171"
  },
  {
    "ID Number": "6331297"
  },
  {
    "ID Number": "6359698"
  },
  {
    "ID Number": "6302548"
  },
  {
    "ID Number": "6300570"
  },
  {
    "ID Number": "34576843"
  },
  {
    "ID Number": "6320619"
  },
  {
    "ID Number": "44549385"
  },
  {
    "ID Number": "6364780"
  },
  {
    "ID Number": "26321017"
  },
  {
    "ID Number": "44507461"
  },
  {
    "ID Number": "44589883"
  },
  {
    "ID Number": "44531346"
  },
  {
    "ID Number": "525033220"
  },
  {
    "ID Number": "34561838"
  },
  {
    "ID Number": "6372821"
  },
  {
    "ID Number": "44507470"
  },
  {
    "ID Number": "34596011"
  },
  {
    "ID Number": "6344984"
  },
  {
    "ID Number": "6326528"
  },
  {
    "ID Number": "6372830"
  },
  {
    "ID Number": "34584358"
  },
  {
    "ID Number": "6373470"
  },
  {
    "ID Number": "6394663"
  },
  {
    "ID Number": "44556780"
  },
  {
    "ID Number": "6357938"
  },
  {
    "ID Number": "51623730"
  },
  {
    "ID Number": "6304656"
  },
  {
    "ID Number": "34557270"
  },
  {
    "ID Number": "51604787"
  },
  {
    "ID Number": "34592679"
  },
  {
    "ID Number": "51623986"
  },
  {
    "ID Number": "6391540"
  },
  {
    "ID Number": "44577079"
  },
  {
    "ID Number": "34518924"
  },
  {
    "ID Number": "6301479"
  },
  {
    "ID Number": "26310708"
  },
  {
    "ID Number": "6310109"
  },
  {
    "ID Number": "6310117"
  },
  {
    "ID Number": "44565810"
  },
  {
    "ID Number": "26314363"
  },
  {
    "ID Number": "6305393"
  },
  {
    "ID Number": "26387263"
  },
  {
    "ID Number": "6305407"
  },
  {
    "ID Number": "26368366"
  },
  {
    "ID Number": "6346022"
  },
  {
    "ID Number": "26386836"
  },
  {
    "ID Number": "26311143"
  },
  {
    "ID Number": "6300405"
  },
  {
    "ID Number": "6301444"
  },
  {
    "ID Number": "44537417"
  },
  {
    "ID Number": "6311393"
  },
  {
    "ID Number": "6313035"
  },
  {
    "ID Number": "6357679"
  },
  {
    "ID Number": "6364942"
  },
  {
    "ID Number": "44555873"
  },
  {
    "ID Number": "6307248"
  },
  {
    "ID Number": "6370144"
  },
  {
    "ID Number": "44523610"
  },
  {
    "ID Number": "26311542"
  },
  {
    "ID Number": "6314821"
  },
  {
    "ID Number": "26374706"
  },
  {
    "ID Number": "6303625"
  },
  {
    "ID Number": "6360823"
  },
  {
    "ID Number": "51644894"
  },
  {
    "ID Number": "6329330"
  },
  {
    "ID Number": "26385805"
  },
  {
    "ID Number": "6300057"
  },
  {
    "ID Number": "44541252"
  },
  {
    "ID Number": "6343082"
  },
  {
    "ID Number": "6310125"
  },
  {
    "ID Number": "6302467"
  },
  {
    "ID Number": "6336906"
  },
  {
    "ID Number": "525027840"
  },
  {
    "ID Number": "26314380"
  },
  {
    "ID Number": "6356389"
  },
  {
    "ID Number": "6304060"
  },
  {
    "ID Number": "6335420"
  },
  {
    "ID Number": "44539541"
  },
  {
    "ID Number": "525025945"
  },
  {
    "ID Number": "6390986"
  },
  {
    "ID Number": "6350100"
  },
  {
    "ID Number": "34596038"
  },
  {
    "ID Number": "51619547"
  },
  {
    "ID Number": "44583680"
  },
  {
    "ID Number": "34533109"
  },
  {
    "ID Number": "6331351"
  },
  {
    "ID Number": "34538267"
  },
  {
    "ID Number": "6323871"
  },
  {
    "ID Number": "44546017"
  },
  {
    "ID Number": "26391600"
  },
  {
    "ID Number": "34572325"
  },
  {
    "ID Number": "6349188"
  },
  {
    "ID Number": "34555056"
  },
  {
    "ID Number": "6391745"
  },
  {
    "ID Number": "6314210"
  },
  {
    "ID Number": "51623579"
  },
  {
    "ID Number": "34520651"
  },
  {
    "ID Number": "34533303"
  },
  {
    "ID Number": "34576851"
  },
  {
    "ID Number": "6328075"
  },
  {
    "ID Number": "6354521"
  },
  {
    "ID Number": "6364799"
  },
  {
    "ID Number": "6351743"
  },
  {
    "ID Number": "34597263"
  },
  {
    "ID Number": "6351603"
  },
  {
    "ID Number": "34526218"
  },
  {
    "ID Number": "44509766"
  },
  {
    "ID Number": "34568719"
  },
  {
    "ID Number": "44566824"
  },
  {
    "ID Number": "6365418"
  },
  {
    "ID Number": "26360454"
  },
  {
    "ID Number": "6384340"
  },
  {
    "ID Number": "34506446"
  },
  {
    "ID Number": "34556567"
  },
  {
    "ID Number": "26321130"
  },
  {
    "ID Number": "6320678"
  },
  {
    "ID Number": "51622033"
  },
  {
    "ID Number": "34588760"
  },
  {
    "ID Number": "6335438"
  },
  {
    "ID Number": "44581815"
  },
  {
    "ID Number": "26330113"
  },
  {
    "ID Number": "74501801"
  },
  {
    "ID Number": "34566422"
  },
  {
    "ID Number": "6329381"
  },
  {
    "ID Number": "51644908"
  },
  {
    "ID Number": "6325327"
  },
  {
    "ID Number": "34504133"
  },
  {
    "ID Number": "51601966"
  },
  {
    "ID Number": "44544944"
  },
  {
    "ID Number": "34577769"
  },
  {
    "ID Number": "6351328"
  },
  {
    "ID Number": "34502866"
  },
  {
    "ID Number": "34521860"
  },
  {
    "ID Number": "51677822"
  },
  {
    "ID Number": "34503625"
  },
  {
    "ID Number": "26381249"
  },
  {
    "ID Number": "26326604"
  },
  {
    "ID Number": "6304052"
  },
  {
    "ID Number": "44507488"
  },
  {
    "ID Number": "44528191"
  },
  {
    "ID Number": "6374611"
  },
  {
    "ID Number": "6303323"
  },
  {
    "ID Number": "51644916"
  },
  {
    "ID Number": "6336914"
  },
  {
    "ID Number": "6303153"
  },
  {
    "ID Number": "44595808"
  },
  {
    "ID Number": "34538305"
  },
  {
    "ID Number": "34550968"
  },
  {
    "ID Number": "6383521"
  },
  {
    "ID Number": "6303463"
  },
  {
    "ID Number": "51684039"
  },
  {
    "ID Number": "44558848"
  },
  {
    "ID Number": "6311482"
  },
  {
    "ID Number": "34583424"
  },
  {
    "ID Number": "6307132"
  },
  {
    "ID Number": "6337058"
  },
  {
    "ID Number": "34576860"
  },
  {
    "ID Number": "6349196"
  },
  {
    "ID Number": "34544372"
  },
  {
    "ID Number": "34525688"
  },
  {
    "ID Number": "34596054"
  },
  {
    "ID Number": "6382142"
  },
  {
    "ID Number": "6383181"
  },
  {
    "ID Number": "6357415"
  },
  {
    "ID Number": "6391559"
  },
  {
    "ID Number": "26351595"
  },
  {
    "ID Number": "44506880"
  },
  {
    "ID Number": "6354564"
  },
  {
    "ID Number": "34596070"
  },
  {
    "ID Number": "6350135"
  },
  {
    "ID Number": "44588631"
  },
  {
    "ID Number": "6378668"
  },
  {
    "ID Number": "6322824"
  },
  {
    "ID Number": "6351638"
  },
  {
    "ID Number": "44515111"
  },
  {
    "ID Number": "44555067"
  },
  {
    "ID Number": "6363776"
  },
  {
    "ID Number": "6322832"
  },
  {
    "ID Number": "34513337"
  },
  {
    "ID Number": "6306004"
  },
  {
    "ID Number": "51667347"
  },
  {
    "ID Number": "6310150"
  },
  {
    "ID Number": "34513434"
  },
  {
    "ID Number": "6332498"
  },
  {
    "ID Number": "34577173"
  },
  {
    "ID Number": "6374093"
  },
  {
    "ID Number": "44539550"
  },
  {
    "ID Number": "6341918"
  },
  {
    "ID Number": "34551000"
  },
  {
    "ID Number": "26389533"
  },
  {
    "ID Number": "525010344"
  },
  {
    "ID Number": "26323540"
  },
  {
    "ID Number": "6381707"
  },
  {
    "ID Number": "34582274"
  },
  {
    "ID Number": "6301380"
  },
  {
    "ID Number": "6305695"
  },
  {
    "ID Number": "34590684"
  },
  {
    "ID Number": "34570683"
  },
  {
    "ID Number": "6367011"
  },
  {
    "ID Number": "34507116"
  },
  {
    "ID Number": "34503676"
  },
  {
    "ID Number": "44576420"
  },
  {
    "ID Number": "6348572"
  },
  {
    "ID Number": "44576439"
  },
  {
    "ID Number": "44507526"
  },
  {
    "ID Number": "34560858"
  },
  {
    "ID Number": "6307310"
  },
  {
    "ID Number": "525020080"
  },
  {
    "ID Number": "6325114"
  },
  {
    "ID Number": "6316689"
  },
  {
    "ID Number": "6350151"
  },
  {
    "ID Number": "34555404"
  },
  {
    "ID Number": "26342936"
  },
  {
    "ID Number": "34588612"
  },
  {
    "ID Number": "6323502"
  },
  {
    "ID Number": "6302599"
  },
  {
    "ID Number": "34505130"
  },
  {
    "ID Number": "26390701"
  },
  {
    "ID Number": "34593470"
  },
  {
    "ID Number": "44549717"
  },
  {
    "ID Number": "44539703"
  },
  {
    "ID Number": "51619571"
  },
  {
    "ID Number": "34550216"
  },
  {
    "ID Number": "6302408"
  },
  {
    "ID Number": "34591087"
  },
  {
    "ID Number": "6315330"
  },
  {
    "ID Number": "44551410"
  },
  {
    "ID Number": "34561951"
  },
  {
    "ID Number": "6322409"
  },
  {
    "ID Number": "44508670"
  },
  {
    "ID Number": "51625253"
  },
  {
    "ID Number": "34548920"
  },
  {
    "ID Number": "34562036"
  },
  {
    "ID Number": "6362362"
  },
  {
    "ID Number": "26369672"
  },
  {
    "ID Number": "26304554"
  },
  {
    "ID Number": "6378706"
  },
  {
    "ID Number": "34588876"
  },
  {
    "ID Number": "26305852"
  },
  {
    "ID Number": "6315348"
  },
  {
    "ID Number": "6301959"
  },
  {
    "ID Number": "26347571"
  },
  {
    "ID Number": "6303188"
  },
  {
    "ID Number": "6303218"
  },
  {
    "ID Number": "6304710"
  },
  {
    "ID Number": "6334849"
  },
  {
    "ID Number": "6300596"
  },
  {
    "ID Number": "34500170"
  },
  {
    "ID Number": "6393985"
  },
  {
    "ID Number": "6303480"
  },
  {
    "ID Number": "44550901"
  },
  {
    "ID Number": "51671883"
  },
  {
    "ID Number": "34566449"
  },
  {
    "ID Number": "44576242"
  },
  {
    "ID Number": "26379376"
  },
  {
    "ID Number": "44522169"
  },
  {
    "ID Number": "34596992"
  },
  {
    "ID Number": "6370578"
  },
  {
    "ID Number": "26354152"
  },
  {
    "ID Number": "44561237"
  },
  {
    "ID Number": "44577737"
  },
  {
    "ID Number": "44582714"
  },
  {
    "ID Number": "51645777"
  },
  {
    "ID Number": "6388710"
  },
  {
    "ID Number": "26363160"
  },
  {
    "ID Number": "44528183"
  },
  {
    "ID Number": "6370586"
  },
  {
    "ID Number": "6380271"
  },
  {
    "ID Number": "6305440"
  },
  {
    "ID Number": "44576455"
  },
  {
    "ID Number": "34552545"
  },
  {
    "ID Number": "34521305"
  },
  {
    "ID Number": "34502947"
  },
  {
    "ID Number": "51643820"
  },
  {
    "ID Number": "6345174"
  },
  {
    "ID Number": "6345190"
  },
  {
    "ID Number": "26382938"
  },
  {
    "ID Number": "51637944"
  },
  {
    "ID Number": "26326639"
  },
  {
    "ID Number": "44543689"
  },
  {
    "ID Number": "34594841"
  },
  {
    "ID Number": "44528132"
  },
  {
    "ID Number": "51614014"
  },
  {
    "ID Number": "34539263"
  },
  {
    "ID Number": "34512616"
  },
  {
    "ID Number": "6303196"
  },
  {
    "ID Number": "6311571"
  },
  {
    "ID Number": "525014919"
  },
  {
    "ID Number": "44505132"
  },
  {
    "ID Number": "34507124"
  },
  {
    "ID Number": "34572686"
  },
  {
    "ID Number": "26326663"
  },
  {
    "ID Number": "44574525"
  },
  {
    "ID Number": "6346634"
  },
  {
    "ID Number": "6301290"
  },
  {
    "ID Number": "44515120"
  },
  {
    "ID Number": "6301045"
  },
  {
    "ID Number": "13405039"
  },
  {
    "ID Number": "13403036"
  },
  {
    "ID Number": "6314880"
  },
  {
    "ID Number": "6316034"
  },
  {
    "ID Number": "26370000"
  },
  {
    "ID Number": "6308864"
  },
  {
    "ID Number": "6371884"
  },
  {
    "ID Number": "51671905"
  },
  {
    "ID Number": "6318231"
  },
  {
    "ID Number": "34526447"
  },
  {
    "ID Number": "6306055"
  },
  {
    "ID Number": "51608502"
  },
  {
    "ID Number": "6330320"
  },
  {
    "ID Number": "6375294"
  },
  {
    "ID Number": "34540342"
  },
  {
    "ID Number": "26345935"
  },
  {
    "ID Number": "26342944"
  },
  {
    "ID Number": "6306420"
  },
  {
    "ID Number": "26351633"
  },
  {
    "ID Number": "34527346"
  },
  {
    "ID Number": "34560866"
  },
  {
    "ID Number": "26356210"
  },
  {
    "ID Number": "6343090"
  },
  {
    "ID Number": "51680491"
  },
  {
    "ID Number": "26316536"
  },
  {
    "ID Number": "6359906"
  },
  {
    "ID Number": "6323529"
  },
  {
    "ID Number": "6334865"
  },
  {
    "ID Number": "26341387"
  },
  {
    "ID Number": "6380875"
  },
  {
    "ID Number": "34588817"
  },
  {
    "ID Number": "44539606"
  },
  {
    "ID Number": "34576878"
  },
  {
    "ID Number": "26365375"
  },
  {
    "ID Number": "6328121"
  },
  {
    "ID Number": "51605066"
  },
  {
    "ID Number": "34516891"
  },
  {
    "ID Number": "6318851"
  },
  {
    "ID Number": "51687046"
  },
  {
    "ID Number": "6378722"
  },
  {
    "ID Number": "6388132"
  },
  {
    "ID Number": "6330339"
  },
  {
    "ID Number": "44507984"
  },
  {
    "ID Number": "51615797"
  },
  {
    "ID Number": "34518967"
  },
  {
    "ID Number": "6380301"
  },
  {
    "ID Number": "6346693"
  },
  {
    "ID Number": "44522096"
  },
  {
    "ID Number": "6354610"
  },
  {
    "ID Number": "6329551"
  },
  {
    "ID Number": "6391575"
  },
  {
    "ID Number": "44581939"
  },
  {
    "ID Number": "26319063"
  },
  {
    "ID Number": "51695618"
  },
  {
    "ID Number": "26345897"
  },
  {
    "ID Number": "34528903"
  },
  {
    "ID Number": "6323537"
  },
  {
    "ID Number": "6387454"
  },
  {
    "ID Number": "525004360"
  },
  {
    "ID Number": "6361579"
  },
  {
    "ID Number": "6338488"
  },
  {
    "ID Number": "34558713"
  },
  {
    "ID Number": "34596135"
  },
  {
    "ID Number": "6315372"
  },
  {
    "ID Number": "34513345"
  },
  {
    "ID Number": "6351654"
  },
  {
    "ID Number": "34528229"
  },
  {
    "ID Number": "6352634"
  },
  {
    "ID Number": "26372843"
  },
  {
    "ID Number": "6315380"
  },
  {
    "ID Number": "6300545"
  },
  {
    "ID Number": "6343112"
  },
  {
    "ID Number": "51619601"
  },
  {
    "ID Number": "34505946"
  },
  {
    "ID Number": "44549415"
  },
  {
    "ID Number": "6353312"
  },
  {
    "ID Number": "51687003"
  },
  {
    "ID Number": "6393993"
  },
  {
    "ID Number": "44593805"
  },
  {
    "ID Number": "6398782"
  },
  {
    "ID Number": "6396674"
  },
  {
    "ID Number": "26310040"
  },
  {
    "ID Number": "6327508"
  },
  {
    "ID Number": "34559558"
  },
  {
    "ID Number": "34559566"
  },
  {
    "ID Number": "6363334"
  },
  {
    "ID Number": "6341110"
  },
  {
    "ID Number": "6350577"
  },
  {
    "ID Number": "6320902"
  },
  {
    "ID Number": "44532857"
  },
  {
    "ID Number": "6323570"
  },
  {
    "ID Number": "26383012"
  },
  {
    "ID Number": "6366422"
  },
  {
    "ID Number": "6390323"
  },
  {
    "ID Number": "44598718"
  },
  {
    "ID Number": "34556389"
  },
  {
    "ID Number": "26323010"
  },
  {
    "ID Number": "34533532"
  },
  {
    "ID Number": "26383446"
  },
  {
    "ID Number": "6303765"
  },
  {
    "ID Number": "44536143"
  },
  {
    "ID Number": "6356400"
  },
  {
    "ID Number": "6392105"
  },
  {
    "ID Number": "6373771"
  },
  {
    "ID Number": "26312980"
  },
  {
    "ID Number": "525010336"
  },
  {
    "ID Number": "34570730"
  },
  {
    "ID Number": "6300871"
  },
  {
    "ID Number": "6393829"
  },
  {
    "ID Number": "51684780"
  },
  {
    "ID Number": "525013262"
  },
  {
    "ID Number": "44553129"
  },
  {
    "ID Number": "6306977"
  },
  {
    "ID Number": "6318266"
  },
  {
    "ID Number": "6304788"
  },
  {
    "ID Number": "44556969"
  },
  {
    "ID Number": "34553762"
  },
  {
    "ID Number": "44504683"
  },
  {
    "ID Number": "26341913"
  },
  {
    "ID Number": "44523637"
  },
  {
    "ID Number": "51692643"
  },
  {
    "ID Number": "44541295"
  },
  {
    "ID Number": "44559070"
  },
  {
    "ID Number": "26361779"
  },
  {
    "ID Number": "6393837"
  },
  {
    "ID Number": "51631512"
  },
  {
    "ID Number": "34527079"
  },
  {
    "ID Number": "44559712"
  },
  {
    "ID Number": "6302513"
  },
  {
    "ID Number": "6314937"
  },
  {
    "ID Number": "6335462"
  },
  {
    "ID Number": "6327516"
  },
  {
    "ID Number": "6374654"
  },
  {
    "ID Number": "6367666"
  },
  {
    "ID Number": "6331475"
  },
  {
    "ID Number": "44518870"
  },
  {
    "ID Number": "6387071"
  },
  {
    "ID Number": "44523807"
  },
  {
    "ID Number": "26388197"
  },
  {
    "ID Number": "44555105"
  },
  {
    "ID Number": "6392628"
  },
  {
    "ID Number": "44513577"
  },
  {
    "ID Number": "26372851"
  },
  {
    "ID Number": "26314690"
  },
  {
    "ID Number": "51648334"
  },
  {
    "ID Number": "44560370"
  },
  {
    "ID Number": "51686058"
  },
  {
    "ID Number": "34524835"
  },
  {
    "ID Number": "6302785"
  },
  {
    "ID Number": "26370123"
  },
  {
    "ID Number": "44537883"
  },
  {
    "ID Number": "44544316"
  },
  {
    "ID Number": "6381839"
  },
  {
    "ID Number": "6304818"
  },
  {
    "ID Number": "44535813"
  },
  {
    "ID Number": "6335179"
  },
  {
    "ID Number": "44523254"
  },
  {
    "ID Number": "6336345"
  },
  {
    "ID Number": "26310333"
  },
  {
    "ID Number": "6389783"
  },
  {
    "ID Number": "6383572"
  },
  {
    "ID Number": "26331012"
  },
  {
    "ID Number": "51673126"
  },
  {
    "ID Number": "6380395"
  },
  {
    "ID Number": "44546289"
  },
  {
    "ID Number": "34573089"
  },
  {
    "ID Number": "26321394"
  },
  {
    "ID Number": "6341195"
  },
  {
    "ID Number": "6323600"
  },
  {
    "ID Number": "6318983"
  },
  {
    "ID Number": "525019120"
  },
  {
    "ID Number": "51622050"
  },
  {
    "ID Number": "6311709"
  },
  {
    "ID Number": "51622068"
  },
  {
    "ID Number": "6334180"
  },
  {
    "ID Number": "51693372"
  },
  {
    "ID Number": "6395562"
  },
  {
    "ID Number": "34535195"
  },
  {
    "ID Number": "6325335"
  },
  {
    "ID Number": "6371582"
  },
  {
    "ID Number": "26364140"
  },
  {
    "ID Number": "51619636"
  },
  {
    "ID Number": "6322140"
  },
  {
    "ID Number": "6345409"
  },
  {
    "ID Number": "34582924"
  },
  {
    "ID Number": "6302572"
  },
  {
    "ID Number": "6375910"
  },
  {
    "ID Number": "6329632"
  },
  {
    "ID Number": "6355269"
  },
  {
    "ID Number": "6378765"
  },
  {
    "ID Number": "34505954"
  },
  {
    "ID Number": "34561650"
  },
  {
    "ID Number": "26382008"
  },
  {
    "ID Number": "6353525"
  },
  {
    "ID Number": "6338496"
  },
  {
    "ID Number": "34596780"
  },
  {
    "ID Number": "34549196"
  },
  {
    "ID Number": "26366096"
  },
  {
    "ID Number": "44588313"
  },
  {
    "ID Number": "6305938"
  },
  {
    "ID Number": "34558853"
  },
  {
    "ID Number": "26341930"
  },
  {
    "ID Number": "6350224"
  },
  {
    "ID Number": "34523189"
  },
  {
    "ID Number": "6307205"
  },
  {
    "ID Number": "6303307"
  },
  {
    "ID Number": "26347598"
  },
  {
    "ID Number": "6380409"
  },
  {
    "ID Number": "34500235"
  },
  {
    "ID Number": "6301266"
  },
  {
    "ID Number": "51621479"
  },
  {
    "ID Number": "6300510"
  },
  {
    "ID Number": "26382024"
  },
  {
    "ID Number": "6368107"
  },
  {
    "ID Number": "51606054"
  },
  {
    "ID Number": "6300278"
  },
  {
    "ID Number": "26369133"
  },
  {
    "ID Number": "26356201"
  },
  {
    "ID Number": "6318673"
  },
  {
    "ID Number": "44568932"
  },
  {
    "ID Number": "34505679"
  },
  {
    "ID Number": "44507607"
  },
  {
    "ID Number": "44582790"
  },
  {
    "ID Number": "6390110"
  },
  {
    "ID Number": "6366104"
  },
  {
    "ID Number": "6315429"
  },
  {
    "ID Number": "44504489"
  },
  {
    "ID Number": "51623862"
  },
  {
    "ID Number": "6300065"
  },
  {
    "ID Number": "6349250"
  },
  {
    "ID Number": "6350240"
  },
  {
    "ID Number": "6360645"
  },
  {
    "ID Number": "34547169"
  },
  {
    "ID Number": "34533370"
  },
  {
    "ID Number": "34594345"
  },
  {
    "ID Number": "6310257"
  },
  {
    "ID Number": "44534345"
  },
  {
    "ID Number": "51652714"
  },
  {
    "ID Number": "26313014"
  },
  {
    "ID Number": "34534377"
  },
  {
    "ID Number": "525000292"
  },
  {
    "ID Number": "26311704"
  },
  {
    "ID Number": "6390129"
  },
  {
    "ID Number": "6304850"
  },
  {
    "ID Number": "34505571"
  },
  {
    "ID Number": "34507213"
  },
  {
    "ID Number": "6304869"
  },
  {
    "ID Number": "6303331"
  },
  {
    "ID Number": "525004069"
  },
  {
    "ID Number": "26314703"
  },
  {
    "ID Number": "6361617"
  },
  {
    "ID Number": "44511965"
  },
  {
    "ID Number": "6304893"
  },
  {
    "ID Number": "44532709"
  },
  {
    "ID Number": "51617412"
  },
  {
    "ID Number": "6310273"
  },
  {
    "ID Number": "34503021"
  },
  {
    "ID Number": "34573550"
  },
  {
    "ID Number": "34544712"
  },
  {
    "ID Number": "34516255"
  },
  {
    "ID Number": "6304915"
  },
  {
    "ID Number": "6350275"
  },
  {
    "ID Number": "44579268"
  },
  {
    "ID Number": "44510870"
  },
  {
    "ID Number": "26302535"
  },
  {
    "ID Number": "6310281"
  },
  {
    "ID Number": "44576765"
  },
  {
    "ID Number": "6300952"
  },
  {
    "ID Number": "6342531"
  },
  {
    "ID Number": "44504268"
  },
  {
    "ID Number": "6391621"
  },
  {
    "ID Number": "6355277"
  },
  {
    "ID Number": "6367097"
  },
  {
    "ID Number": "51643936"
  },
  {
    "ID Number": "6363865"
  },
  {
    "ID Number": "1433512"
  },
  {
    "ID Number": "6323634"
  },
  {
    "ID Number": "34554769"
  },
  {
    "ID Number": "6374719"
  },
  {
    "ID Number": "34561188"
  },
  {
    "ID Number": "6304451"
  },
  {
    "ID Number": "6377343"
  },
  {
    "ID Number": "44578830"
  },
  {
    "ID Number": "26310996"
  },
  {
    "ID Number": "44578849"
  },
  {
    "ID Number": "6383297"
  },
  {
    "ID Number": "6353347"
  },
  {
    "ID Number": "6368204"
  },
  {
    "ID Number": "6392784"
  },
  {
    "ID Number": "6306314"
  },
  {
    "ID Number": "525000314"
  },
  {
    "ID Number": "6306250"
  },
  {
    "ID Number": "51612500"
  },
  {
    "ID Number": "51612518"
  },
  {
    "ID Number": "34536493"
  },
  {
    "ID Number": "6368409"
  },
  {
    "ID Number": "6307574"
  },
  {
    "ID Number": "26393310"
  },
  {
    "ID Number": "34503048"
  },
  {
    "ID Number": "6335110"
  },
  {
    "ID Number": "34567259"
  },
  {
    "ID Number": "6325157"
  },
  {
    "ID Number": "6346740"
  },
  {
    "ID Number": "26310171"
  },
  {
    "ID Number": "6348297"
  },
  {
    "ID Number": "6302807"
  },
  {
    "ID Number": "6345506"
  },
  {
    "ID Number": "44551053"
  },
  {
    "ID Number": "6330363"
  },
  {
    "ID Number": "6374689"
  },
  {
    "ID Number": "6374697"
  },
  {
    "ID Number": "26351706"
  },
  {
    "ID Number": "6342540"
  },
  {
    "ID Number": "34500278"
  },
  {
    "ID Number": "6306985"
  },
  {
    "ID Number": "26379260"
  },
  {
    "ID Number": "55742653"
  },
  {
    "ID Number": "34503056"
  },
  {
    "ID Number": "6395112"
  },
  {
    "ID Number": "44559151"
  },
  {
    "ID Number": "6311830"
  },
  {
    "ID Number": "51645904"
  },
  {
    "ID Number": "26385309"
  },
  {
    "ID Number": "6301150"
  },
  {
    "ID Number": "6334326"
  },
  {
    "ID Number": "6321127"
  },
  {
    "ID Number": "6304923"
  },
  {
    "ID Number": "34508902"
  },
  {
    "ID Number": "44593325"
  },
  {
    "ID Number": "51680556"
  },
  {
    "ID Number": "525034570"
  },
  {
    "ID Number": "6342833"
  },
  {
    "ID Number": "44564783"
  },
  {
    "ID Number": "6350593"
  },
  {
    "ID Number": "34526013"
  },
  {
    "ID Number": "6303412"
  },
  {
    "ID Number": "6359744"
  },
  {
    "ID Number": "6372031"
  },
  {
    "ID Number": "51645912"
  },
  {
    "ID Number": "6311873"
  },
  {
    "ID Number": "26324172"
  },
  {
    "ID Number": "6361170"
  },
  {
    "ID Number": "44519001"
  },
  {
    "ID Number": "6310338"
  },
  {
    "ID Number": "34598260"
  },
  {
    "ID Number": "34572368"
  },
  {
    "ID Number": "51637880"
  },
  {
    "ID Number": "26323591"
  },
  {
    "ID Number": "44515677"
  },
  {
    "ID Number": "44568517"
  },
  {
    "ID Number": "6371892"
  },
  {
    "ID Number": "51608057"
  },
  {
    "ID Number": "6304958"
  },
  {
    "ID Number": "26356910"
  },
  {
    "ID Number": "34590382"
  },
  {
    "ID Number": "26391414"
  },
  {
    "ID Number": "44567014"
  },
  {
    "ID Number": "6302505"
  },
  {
    "ID Number": "26318520"
  },
  {
    "ID Number": "26331152"
  },
  {
    "ID Number": "51649845"
  },
  {
    "ID Number": "34506322"
  },
  {
    "ID Number": "34586318"
  },
  {
    "ID Number": "44537891"
  },
  {
    "ID Number": "34586326"
  },
  {
    "ID Number": "51687070"
  },
  {
    "ID Number": "44582080"
  },
  {
    "ID Number": "34500960"
  },
  {
    "ID Number": "34597000"
  },
  {
    "ID Number": "26352559"
  },
  {
    "ID Number": "6372910"
  },
  {
    "ID Number": "6305040"
  },
  {
    "ID Number": "44504977"
  },
  {
    "ID Number": "44547560"
  },
  {
    "ID Number": "26308991"
  },
  {
    "ID Number": "6336353"
  },
  {
    "ID Number": "44533810"
  },
  {
    "ID Number": "525010395"
  },
  {
    "ID Number": "51698129"
  },
  {
    "ID Number": "51643952"
  },
  {
    "ID Number": "6372929"
  },
  {
    "ID Number": "6378803"
  },
  {
    "ID Number": "6363881"
  },
  {
    "ID Number": "6373577"
  },
  {
    "ID Number": "26350602"
  },
  {
    "ID Number": "26369796"
  },
  {
    "ID Number": "51622076"
  },
  {
    "ID Number": "525025317"
  },
  {
    "ID Number": "6336361"
  },
  {
    "ID Number": "44592418"
  },
  {
    "ID Number": "34588361"
  },
  {
    "ID Number": "44549172"
  },
  {
    "ID Number": "6341152"
  },
  {
    "ID Number": "34524096"
  },
  {
    "ID Number": "51618249"
  },
  {
    "ID Number": "34567283"
  },
  {
    "ID Number": "34517324"
  },
  {
    "ID Number": "26381176"
  },
  {
    "ID Number": "44575661"
  },
  {
    "ID Number": "34598243"
  },
  {
    "ID Number": "34564888"
  },
  {
    "ID Number": "6342841"
  },
  {
    "ID Number": "26385902"
  },
  {
    "ID Number": "44586159"
  },
  {
    "ID Number": "6375570"
  },
  {
    "ID Number": "6375723"
  },
  {
    "ID Number": "51673940"
  },
  {
    "ID Number": "6381901"
  },
  {
    "ID Number": "6325947"
  },
  {
    "ID Number": "34594558"
  },
  {
    "ID Number": "44556985"
  },
  {
    "ID Number": "26310910"
  },
  {
    "ID Number": "525010450"
  },
  {
    "ID Number": "34526188"
  },
  {
    "ID Number": "26382482"
  },
  {
    "ID Number": "34503110"
  },
  {
    "ID Number": "44539649"
  },
  {
    "ID Number": "6340857"
  },
  {
    "ID Number": "26391686"
  },
  {
    "ID Number": "6346812"
  },
  {
    "ID Number": "6329837"
  },
  {
    "ID Number": "6349285"
  },
  {
    "ID Number": "6335500"
  },
  {
    "ID Number": "51640953"
  },
  {
    "ID Number": "26322862"
  },
  {
    "ID Number": "51611490"
  },
  {
    "ID Number": "6356630"
  },
  {
    "ID Number": "6315461"
  },
  {
    "ID Number": "6357946"
  },
  {
    "ID Number": "34564055"
  },
  {
    "ID Number": "44513720"
  },
  {
    "ID Number": "6303447"
  },
  {
    "ID Number": "6351875"
  },
  {
    "ID Number": "34594574"
  },
  {
    "ID Number": "26337940"
  },
  {
    "ID Number": "34528679"
  },
  {
    "ID Number": "6394698"
  },
  {
    "ID Number": "51645963"
  },
  {
    "ID Number": "51611686"
  },
  {
    "ID Number": "34500316"
  },
  {
    "ID Number": "6321224"
  },
  {
    "ID Number": "34549528"
  },
  {
    "ID Number": "6347681"
  },
  {
    "ID Number": "6346839"
  },
  {
    "ID Number": "6396704"
  },
  {
    "ID Number": "6361200"
  },
  {
    "ID Number": "34528334"
  },
  {
    "ID Number": "6362524"
  },
  {
    "ID Number": "6386229"
  },
  {
    "ID Number": "6304940"
  },
  {
    "ID Number": "44568029"
  },
  {
    "ID Number": "6305512"
  },
  {
    "ID Number": "2044846"
  },
  {
    "ID Number": "34533567"
  },
  {
    "ID Number": "26387220"
  },
  {
    "ID Number": "34558942"
  },
  {
    "ID Number": "34533311"
  },
  {
    "ID Number": "34583734"
  },
  {
    "ID Number": "6347274"
  },
  {
    "ID Number": "6348840"
  },
  {
    "ID Number": "34558802"
  },
  {
    "ID Number": "26309050"
  },
  {
    "ID Number": "6305520"
  },
  {
    "ID Number": "26314878"
  },
  {
    "ID Number": "44533659"
  },
  {
    "ID Number": "6381944"
  },
  {
    "ID Number": "34505601"
  },
  {
    "ID Number": "34529578"
  },
  {
    "ID Number": "26364220"
  },
  {
    "ID Number": "6318495"
  },
  {
    "ID Number": "26310210"
  },
  {
    "ID Number": "6308317"
  },
  {
    "ID Number": "6307035"
  },
  {
    "ID Number": "34571345"
  },
  {
    "ID Number": "26356317"
  },
  {
    "ID Number": "6339387"
  },
  {
    "ID Number": "34534210"
  },
  {
    "ID Number": "26363402"
  },
  {
    "ID Number": "44517629"
  },
  {
    "ID Number": "6391087"
  },
  {
    "ID Number": "51620740"
  },
  {
    "ID Number": "51619733"
  },
  {
    "ID Number": "6372937"
  },
  {
    "ID Number": "34570900"
  },
  {
    "ID Number": "34570918"
  },
  {
    "ID Number": "6331637"
  },
  {
    "ID Number": "34505008"
  },
  {
    "ID Number": "26390787"
  },
  {
    "ID Number": "6322425"
  },
  {
    "ID Number": "6386350"
  },
  {
    "ID Number": "6375596"
  },
  {
    "ID Number": "6336396"
  },
  {
    "ID Number": "145216066"
  },
  {
    "ID Number": "6394116"
  },
  {
    "ID Number": "44542488"
  },
  {
    "ID Number": "34554840"
  },
  {
    "ID Number": "2026651"
  },
  {
    "ID Number": "6345743"
  },
  {
    "ID Number": "26387239"
  },
  {
    "ID Number": "26355370"
  },
  {
    "ID Number": "34596631"
  },
  {
    "ID Number": "6303641"
  },
  {
    "ID Number": "44598858"
  },
  {
    "ID Number": "34544470"
  },
  {
    "ID Number": "6391648"
  },
  {
    "ID Number": "44500882"
  },
  {
    "ID Number": "26319667"
  },
  {
    "ID Number": "74500279"
  },
  {
    "ID Number": "51646005"
  },
  {
    "ID Number": "44506619"
  },
  {
    "ID Number": "26348810"
  },
  {
    "ID Number": "525019309"
  },
  {
    "ID Number": "34567372"
  },
  {
    "ID Number": "34544488"
  },
  {
    "ID Number": "4671678"
  },
  {
    "ID Number": "6370195"
  },
  {
    "ID Number": "34533583"
  },
  {
    "ID Number": "6342850"
  },
  {
    "ID Number": "6307590"
  },
  {
    "ID Number": "44552912"
  },
  {
    "ID Number": "6313280"
  },
  {
    "ID Number": "6305954"
  },
  {
    "ID Number": "6316050"
  },
  {
    "ID Number": "6373712"
  },
  {
    "ID Number": "6388604"
  },
  {
    "ID Number": "51610256"
  },
  {
    "ID Number": "6304613"
  },
  {
    "ID Number": "6323006"
  },
  {
    "ID Number": "6335535"
  },
  {
    "ID Number": "26356945"
  },
  {
    "ID Number": "6310400"
  },
  {
    "ID Number": "34512420"
  },
  {
    "ID Number": "44555210"
  },
  {
    "ID Number": "26343240"
  },
  {
    "ID Number": "6300170"
  },
  {
    "ID Number": "6342400"
  },
  {
    "ID Number": "6345760"
  },
  {
    "ID Number": "6329969"
  },
  {
    "ID Number": "6306020"
  },
  {
    "ID Number": "6373593"
  },
  {
    "ID Number": "6335675"
  },
  {
    "ID Number": "44576463"
  },
  {
    "ID Number": "44536461"
  },
  {
    "ID Number": "34528954"
  },
  {
    "ID Number": "6373607"
  },
  {
    "ID Number": "26351838"
  },
  {
    "ID Number": "6392113"
  },
  {
    "ID Number": "6372627"
  },
  {
    "ID Number": "6343520"
  },
  {
    "ID Number": "34551263"
  },
  {
    "ID Number": "26349868"
  },
  {
    "ID Number": "26382121"
  },
  {
    "ID Number": "6315046"
  },
  {
    "ID Number": "6363342"
  },
  {
    "ID Number": "34527370"
  },
  {
    "ID Number": "34513400"
  },
  {
    "ID Number": "6326960"
  },
  {
    "ID Number": "51630338"
  },
  {
    "ID Number": "6301142"
  },
  {
    "ID Number": "51620782"
  },
  {
    "ID Number": "34552596"
  },
  {
    "ID Number": "34571361"
  },
  {
    "ID Number": "525019325"
  },
  {
    "ID Number": "44507755"
  },
  {
    "ID Number": "6305474"
  },
  {
    "ID Number": "6381987"
  },
  {
    "ID Number": "6318339"
  },
  {
    "ID Number": "26301083"
  },
  {
    "ID Number": "6363130"
  },
  {
    "ID Number": "44531362"
  },
  {
    "ID Number": "6370853"
  },
  {
    "ID Number": "44509790"
  },
  {
    "ID Number": "51646048"
  },
  {
    "ID Number": "6307272"
  },
  {
    "ID Number": "6356478"
  },
  {
    "ID Number": "26343606"
  },
  {
    "ID Number": "26329492"
  },
  {
    "ID Number": "6327524"
  },
  {
    "ID Number": "6357261"
  },
  {
    "ID Number": "34578846"
  },
  {
    "ID Number": "6353207"
  },
  {
    "ID Number": "34536523"
  },
  {
    "ID Number": "44529104"
  },
  {
    "ID Number": "34512462"
  },
  {
    "ID Number": "6324762"
  },
  {
    "ID Number": "44577702"
  },
  {
    "ID Number": "6324770"
  },
  {
    "ID Number": "26333457"
  },
  {
    "ID Number": "44508883"
  },
  {
    "ID Number": "44557809"
  },
  {
    "ID Number": "34567402"
  },
  {
    "ID Number": "6328318"
  },
  {
    "ID Number": "34573330"
  },
  {
    "ID Number": "26382130"
  },
  {
    "ID Number": "6302920"
  },
  {
    "ID Number": "51619822"
  },
  {
    "ID Number": "44551193"
  },
  {
    "ID Number": "26363534"
  },
  {
    "ID Number": "44507798"
  },
  {
    "ID Number": "44518072"
  },
  {
    "ID Number": "34588124"
  },
  {
    "ID Number": "34525467"
  },
  {
    "ID Number": "6302998"
  },
  {
    "ID Number": "44506643"
  },
  {
    "ID Number": "6362591"
  },
  {
    "ID Number": "34512470"
  },
  {
    "ID Number": "44536780"
  },
  {
    "ID Number": "44538090"
  },
  {
    "ID Number": "34507400"
  },
  {
    "ID Number": "34541322"
  },
  {
    "ID Number": "34548343"
  },
  {
    "ID Number": "6315500"
  },
  {
    "ID Number": "34530860"
  },
  {
    "ID Number": "44591870"
  },
  {
    "ID Number": "6303340"
  },
  {
    "ID Number": "6300260"
  },
  {
    "ID Number": "34572120"
  },
  {
    "ID Number": "6351883"
  },
  {
    "ID Number": "6330029"
  },
  {
    "ID Number": "26359510"
  },
  {
    "ID Number": "26362058"
  },
  {
    "ID Number": "6359370"
  },
  {
    "ID Number": "26363542"
  },
  {
    "ID Number": "6336540"
  },
  {
    "ID Number": "34588990"
  },
  {
    "ID Number": "6322433"
  },
  {
    "ID Number": "26384876"
  },
  {
    "ID Number": "51646064"
  },
  {
    "ID Number": "34528628"
  },
  {
    "ID Number": "6354904"
  },
  {
    "ID Number": "34578862"
  },
  {
    "ID Number": "6318363"
  },
  {
    "ID Number": "6310443"
  },
  {
    "ID Number": "6358896"
  },
  {
    "ID Number": "34585095"
  },
  {
    "ID Number": "44513780"
  },
  {
    "ID Number": "44542860"
  },
  {
    "ID Number": "34592610"
  },
  {
    "ID Number": "26353296"
  },
  {
    "ID Number": "6302718"
  },
  {
    "ID Number": "13400193"
  },
  {
    "ID Number": "26367220"
  },
  {
    "ID Number": "44542496"
  },
  {
    "ID Number": "6351476"
  },
  {
    "ID Number": "51685795"
  },
  {
    "ID Number": "6395139"
  },
  {
    "ID Number": "6332846"
  },
  {
    "ID Number": "6300030"
  },
  {
    "ID Number": "6387535"
  },
  {
    "ID Number": "44537760"
  },
  {
    "ID Number": "6341179"
  },
  {
    "ID Number": "44537301"
  },
  {
    "ID Number": "34556656"
  },
  {
    "ID Number": "6305962"
  },
  {
    "ID Number": "26326825"
  },
  {
    "ID Number": "6355021"
  },
  {
    "ID Number": "34546944"
  },
  {
    "ID Number": "6307086"
  },
  {
    "ID Number": "44115725"
  },
  {
    "ID Number": "44559259"
  },
  {
    "ID Number": "6373623"
  },
  {
    "ID Number": "26327147"
  },
  {
    "ID Number": "6331742"
  },
  {
    "ID Number": "6361021"
  },
  {
    "ID Number": "51615754"
  },
  {
    "ID Number": "44576390"
  },
  {
    "ID Number": "34560980"
  },
  {
    "ID Number": "51647036"
  },
  {
    "ID Number": "6392482"
  },
  {
    "ID Number": "6362605"
  },
  {
    "ID Number": "44533675"
  },
  {
    "ID Number": "6349374"
  },
  {
    "ID Number": "6366180"
  },
  {
    "ID Number": "6345883"
  },
  {
    "ID Number": "51621320"
  },
  {
    "ID Number": "51696096"
  },
  {
    "ID Number": "6345891"
  },
  {
    "ID Number": "51668696"
  },
  {
    "ID Number": "525017195"
  },
  {
    "ID Number": "34540024"
  },
  {
    "ID Number": "26321882"
  },
  {
    "ID Number": "6374565"
  },
  {
    "ID Number": "6312160"
  },
  {
    "ID Number": "26385848"
  },
  {
    "ID Number": "34555439"
  },
  {
    "ID Number": "6342558"
  },
  {
    "ID Number": "34583238"
  },
  {
    "ID Number": "51650614"
  },
  {
    "ID Number": "6321470"
  },
  {
    "ID Number": "34526072"
  },
  {
    "ID Number": "6363946"
  },
  {
    "ID Number": "6361722"
  },
  {
    "ID Number": "51617781"
  },
  {
    "ID Number": "44515251"
  },
  {
    "ID Number": "6353169"
  },
  {
    "ID Number": "34594183"
  },
  {
    "ID Number": "51629585"
  },
  {
    "ID Number": "6359418"
  },
  {
    "ID Number": "6305601"
  }
]