[
  {
    "ID Number": "17501164"
  },
  {
    "ID Number": "17500753"
  },
  {
    "ID Number": "17500737"
  },
  {
    "ID Number": "17500052"
  },
  {
    "ID Number": "17501091"
  },
  {
    "ID Number": "17500150"
  },
  {
    "ID Number": "17500800"
  },
  {
    "ID Number": "17501180"
  },
  {
    "ID Number": "17500028"
  },
  {
    "ID Number": "17500745"
  },
  {
    "ID Number": "17500664"
  },
  {
    "ID Number": "17501300"
  },
  {
    "ID Number": "17501318"
  },
  {
    "ID Number": "17501245"
  },
  {
    "ID Number": "17500621"
  },
  {
    "ID Number": "17500338"
  },
  {
    "ID Number": "17500354"
  },
  {
    "ID Number": "17500036"
  },
  {
    "ID Number": "17500907"
  },
  {
    "ID Number": "17500729"
  },
  {
    "ID Number": "17500680"
  },
  {
    "ID Number": "17500419"
  },
  {
    "ID Number": "17501229"
  },
  {
    "ID Number": "17501423"
  },
  {
    "ID Number": "17500702"
  },
  {
    "ID Number": "17501415"
  }
]