[
  {
    "ID Number": "8408394"
  },
  {
    "ID Number": "8405450"
  },
  {
    "ID Number": "8407908"
  },
  {
    "ID Number": "8408467"
  },
  {
    "ID Number": "8409374"
  },
  {
    "ID Number": "8402361"
  },
  {
    "ID Number": "8407975"
  },
  {
    "ID Number": "8410607"
  },
  {
    "ID Number": "8411360"
  },
  {
    "ID Number": "8413169"
  },
  {
    "ID Number": "8405441"
  },
  {
    "ID Number": "8407703"
  },
  {
    "ID Number": "8407924"
  },
  {
    "ID Number": "8400199"
  },
  {
    "ID Number": "8406499"
  },
  {
    "ID Number": "8414572"
  },
  {
    "ID Number": "8408599"
  },
  {
    "ID Number": "8409315"
  },
  {
    "ID Number": "8415315"
  },
  {
    "ID Number": "8404151"
  },
  {
    "ID Number": "8407126"
  },
  {
    "ID Number": "8415129"
  },
  {
    "ID Number": "8410291"
  },
  {
    "ID Number": "8410402"
  },
  {
    "ID Number": "8406464"
  },
  {
    "ID Number": "8400970"
  },
  {
    "ID Number": "8403511"
  },
  {
    "ID Number": "8411107"
  },
  {
    "ID Number": "8409099"
  },
  {
    "ID Number": "8401985"
  },
  {
    "ID Number": "8414653"
  },
  {
    "ID Number": "8414335"
  },
  {
    "ID Number": "8408327"
  },
  {
    "ID Number": "8406073"
  },
  {
    "ID Number": "8402388"
  },
  {
    "ID Number": "8404844"
  },
  {
    "ID Number": "8410666"
  },
  {
    "ID Number": "8406510"
  },
  {
    "ID Number": "8409820"
  },
  {
    "ID Number": "8405166"
  },
  {
    "ID Number": "8415587"
  },
  {
    "ID Number": "8401128"
  },
  {
    "ID Number": "8400938"
  },
  {
    "ID Number": "8409234"
  },
  {
    "ID Number": "8401004"
  },
  {
    "ID Number": "8410828"
  },
  {
    "ID Number": "8412545"
  },
  {
    "ID Number": "8404925"
  },
  {
    "ID Number": "8401136"
  },
  {
    "ID Number": "8405964"
  },
  {
    "ID Number": "8400040"
  },
  {
    "ID Number": "8408645"
  },
  {
    "ID Number": "8400644"
  },
  {
    "ID Number": "8406561"
  },
  {
    "ID Number": "8413720"
  },
  {
    "ID Number": "8402086"
  },
  {
    "ID Number": "8404992"
  },
  {
    "ID Number": "8408807"
  },
  {
    "ID Number": "8407940"
  },
  {
    "ID Number": "8413819"
  },
  {
    "ID Number": "8403546"
  },
  {
    "ID Number": "8401705"
  },
  {
    "ID Number": "8401250"
  },
  {
    "ID Number": "8414556"
  },
  {
    "ID Number": "8414262"
  },
  {
    "ID Number": "8400946"
  },
  {
    "ID Number": "8405425"
  },
  {
    "ID Number": "8400300"
  },
  {
    "ID Number": "8409129"
  },
  {
    "ID Number": "8401667"
  },
  {
    "ID Number": "8400482"
  },
  {
    "ID Number": "8408750"
  },
  {
    "ID Number": "8403074"
  },
  {
    "ID Number": "8401594"
  },
  {
    "ID Number": "8400741"
  },
  {
    "ID Number": "8409137"
  },
  {
    "ID Number": "8415099"
  },
  {
    "ID Number": "8404470"
  },
  {
    "ID Number": "8412960"
  },
  {
    "ID Number": "8406359"
  },
  {
    "ID Number": "8407479"
  },
  {
    "ID Number": "8406219"
  },
  {
    "ID Number": "8414521"
  },
  {
    "ID Number": "8401152"
  },
  {
    "ID Number": "8410453"
  },
  {
    "ID Number": "8410550"
  },
  {
    "ID Number": "8400776"
  },
  {
    "ID Number": "8403023"
  },
  {
    "ID Number": "8404933"
  },
  {
    "ID Number": "8400695"
  },
  {
    "ID Number": "8405557"
  },
  {
    "ID Number": "8402400"
  },
  {
    "ID Number": "8406723"
  },
  {
    "ID Number": "8402540"
  },
  {
    "ID Number": "8401160"
  },
  {
    "ID Number": "8407398"
  },
  {
    "ID Number": "8402426"
  },
  {
    "ID Number": "8400709"
  },
  {
    "ID Number": "8404763"
  },
  {
    "ID Number": "8407800"
  },
  {
    "ID Number": "8408947"
  },
  {
    "ID Number": "8406316"
  },
  {
    "ID Number": "8410046"
  },
  {
    "ID Number": "8402108"
  },
  {
    "ID Number": "8408971"
  },
  {
    "ID Number": "8406120"
  },
  {
    "ID Number": "8400016"
  },
  {
    "ID Number": "8410054"
  },
  {
    "ID Number": "8408157"
  },
  {
    "ID Number": "8400172"
  },
  {
    "ID Number": "8415382"
  },
  {
    "ID Number": "8402680"
  },
  {
    "ID Number": "8401381"
  },
  {
    "ID Number": "8412006"
  },
  {
    "ID Number": "8401918"
  },
  {
    "ID Number": "8401748"
  },
  {
    "ID Number": "8403449"
  },
  {
    "ID Number": "8400318"
  },
  {
    "ID Number": "8404569"
  },
  {
    "ID Number": "8406812"
  },
  {
    "ID Number": "2212552"
  },
  {
    "ID Number": "8414599"
  },
  {
    "ID Number": "8408602"
  },
  {
    "ID Number": "8406600"
  },
  {
    "ID Number": "8412243"
  },
  {
    "ID Number": "8409633"
  },
  {
    "ID Number": "8415510"
  },
  {
    "ID Number": "8408378"
  },
  {
    "ID Number": "8406235"
  },
  {
    "ID Number": "8411395"
  },
  {
    "ID Number": "8407363"
  },
  {
    "ID Number": "8407355"
  },
  {
    "ID Number": "8400032"
  },
  {
    "ID Number": "8406421"
  },
  {
    "ID Number": "8414530"
  },
  {
    "ID Number": "8401063"
  },
  {
    "ID Number": "8408610"
  },
  {
    "ID Number": "8412669"
  },
  {
    "ID Number": "8404291"
  },
  {
    "ID Number": "8403082"
  },
  {
    "ID Number": "8406871"
  },
  {
    "ID Number": "8408890"
  },
  {
    "ID Number": "8408815"
  },
  {
    "ID Number": "8400059"
  },
  {
    "ID Number": "8407410"
  },
  {
    "ID Number": "8403090"
  },
  {
    "ID Number": "8408580"
  },
  {
    "ID Number": "8406715"
  },
  {
    "ID Number": "8400512"
  },
  {
    "ID Number": "8407606"
  },
  {
    "ID Number": "8410836"
  },
  {
    "ID Number": "8405344"
  },
  {
    "ID Number": "8401489"
  },
  {
    "ID Number": "8400261"
  },
  {
    "ID Number": "8400342"
  },
  {
    "ID Number": "8401268"
  },
  {
    "ID Number": "8404720"
  },
  {
    "ID Number": "8404976"
  },
  {
    "ID Number": "8403309"
  },
  {
    "ID Number": "8403554"
  },
  {
    "ID Number": "8403457"
  },
  {
    "ID Number": "8400520"
  },
  {
    "ID Number": "8408491"
  },
  {
    "ID Number": "8408629"
  },
  {
    "ID Number": "8401020"
  },
  {
    "ID Number": "8408696"
  },
  {
    "ID Number": "8405980"
  },
  {
    "ID Number": "8410062"
  },
  {
    "ID Number": "8415501"
  },
  {
    "ID Number": "8400610"
  },
  {
    "ID Number": "8408637"
  },
  {
    "ID Number": "8401411"
  },
  {
    "ID Number": "8400830"
  },
  {
    "ID Number": "8402868"
  },
  {
    "ID Number": "8400555"
  },
  {
    "ID Number": "8400296"
  },
  {
    "ID Number": "8400148"
  },
  {
    "ID Number": "8408173"
  },
  {
    "ID Number": "8408360"
  },
  {
    "ID Number": "8400849"
  },
  {
    "ID Number": "8413746"
  },
  {
    "ID Number": "8408220"
  },
  {
    "ID Number": "8410518"
  },
  {
    "ID Number": "8410569"
  },
  {
    "ID Number": "8414173"
  },
  {
    "ID Number": "8401098"
  },
  {
    "ID Number": "8408238"
  },
  {
    "ID Number": "8411409"
  },
  {
    "ID Number": "8404577"
  },
  {
    "ID Number": "8400857"
  },
  {
    "ID Number": "8410577"
  },
  {
    "ID Number": "8401950"
  },
  {
    "ID Number": "8411328"
  },
  {
    "ID Number": "8407827"
  },
  {
    "ID Number": "8405808"
  },
  {
    "ID Number": "8401675"
  },
  {
    "ID Number": "8408262"
  },
  {
    "ID Number": "8400474"
  },
  {
    "ID Number": "8400547"
  },
  {
    "ID Number": "8401772"
  },
  {
    "ID Number": "8402183"
  },
  {
    "ID Number": "8414475"
  },
  {
    "ID Number": "8409439"
  },
  {
    "ID Number": "8412863"
  },
  {
    "ID Number": "8406251"
  },
  {
    "ID Number": "8405409"
  },
  {
    "ID Number": "8408483"
  },
  {
    "ID Number": "8408246"
  },
  {
    "ID Number": "8404208"
  },
  {
    "ID Number": "8405999"
  },
  {
    "ID Number": "8404216"
  },
  {
    "ID Number": "8403562"
  },
  {
    "ID Number": "8408068"
  },
  {
    "ID Number": "8404518"
  },
  {
    "ID Number": "8410364"
  },
  {
    "ID Number": "8412839"
  },
  {
    "ID Number": "8408823"
  },
  {
    "ID Number": "8404224"
  },
  {
    "ID Number": "8410259"
  },
  {
    "ID Number": "8402337"
  },
  {
    "ID Number": "8412618"
  },
  {
    "ID Number": "8400377"
  },
  {
    "ID Number": "8408653"
  },
  {
    "ID Number": "8414394"
  },
  {
    "ID Number": "8408998"
  },
  {
    "ID Number": "8406693"
  },
  {
    "ID Number": "8410267"
  },
  {
    "ID Number": "8406332"
  },
  {
    "ID Number": "8415005"
  },
  {
    "ID Number": "8410372"
  },
  {
    "ID Number": "8408190"
  },
  {
    "ID Number": "8400369"
  },
  {
    "ID Number": "8404020"
  },
  {
    "ID Number": "8405328"
  },
  {
    "ID Number": "8401500"
  },
  {
    "ID Number": "8401420"
  },
  {
    "ID Number": "8400393"
  },
  {
    "ID Number": "8415498"
  },
  {
    "ID Number": "8408122"
  },
  {
    "ID Number": "8410283"
  },
  {
    "ID Number": "8408432"
  },
  {
    "ID Number": "8410160"
  },
  {
    "ID Number": "8403031"
  },
  {
    "ID Number": "8400440"
  },
  {
    "ID Number": "8415536"
  },
  {
    "ID Number": "8408181"
  },
  {
    "ID Number": "8404232"
  },
  {
    "ID Number": "8406707"
  },
  {
    "ID Number": "8405387"
  },
  {
    "ID Number": "8400504"
  },
  {
    "ID Number": "8415366"
  },
  {
    "ID Number": "8406766"
  },
  {
    "ID Number": "8406278"
  },
  {
    "ID Number": "8405360"
  },
  {
    "ID Number": "8400253"
  },
  {
    "ID Number": "8400458"
  },
  {
    "ID Number": "8406405"
  },
  {
    "ID Number": "8400920"
  },
  {
    "ID Number": "8403015"
  },
  {
    "ID Number": "8407762"
  },
  {
    "ID Number": "8402833"
  },
  {
    "ID Number": "8406472"
  },
  {
    "ID Number": "8400024"
  },
  {
    "ID Number": "8411840"
  },
  {
    "ID Number": "8411859"
  },
  {
    "ID Number": "8407100"
  },
  {
    "ID Number": "8410780"
  },
  {
    "ID Number": "8402132"
  },
  {
    "ID Number": "8406790"
  },
  {
    "ID Number": "8413215"
  },
  {
    "ID Number": "8400091"
  },
  {
    "ID Number": "8407738"
  },
  {
    "ID Number": "8405697"
  },
  {
    "ID Number": "8409978"
  },
  {
    "ID Number": "8406367"
  },
  {
    "ID Number": "8404682"
  },
  {
    "ID Number": "8400911"
  },
  {
    "ID Number": "8407576"
  }
]