[
  {
    "ID Number": "5400210",
    "Name": "Angles d'Auriac, Bernard",
    "Fed": "MNC",
    "Sex": "M",
    "Title": "",
    "WTit": "",
    "OTit": "",
    "FOA": "1787",
    "Rating": "AUG25",
    "Gms": "0",
    "K": "20",
    "B-day": "1930",
    "Flag": "i"
  },
  {
    "ID Number": "20697465",
    "Name": "Apap, Hugo",
    "Fed": "MNC",
    "Sex": "M",
    "Title": "",
    "WTit": "",
    "OTit": "",
    "FOA": "2076",
    "Rating": "AUG25",
    "Gms": "0",
    "K": "20",
    "B-day": "1999",
    "Flag": "i"
  },
  {
    "ID Number": "20694229",
    "Name": "Apap, Titouan",
    "Fed": "MNC",
    "Sex": "M",
    "Title": "",
    "WTit": "",
    "OTit": "",
    "FOA": "1837",
    "Rating": "AUG25",
    "Gms": "0",
    "K": "20",
    "B-day": "2000",
    "Flag": "i"
  },
  {
    "ID Number": "2810115",
    "Name": "Aronin, Pavel",
    "Fed": "MNC",
    "Sex": "M",
    "Title": "",
    "WTit": "",
    "OTit": "",
    "FOA": "2013",
    "Rating": "AUG25",
    "Gms": "0",
    "K": "20",
    "B-day": "1979",
    "Flag": "i"
  },
  {
    "ID Number": "12500283",
    "Name": "Bagheri, Amir",
    "Fed": "MNC",
    "Sex": "M",
    "Title": "GM",
    "WTit": "FT",
    "OTit": "",
    "FOA": "2439",
    "Rating": "AUG25",
    "Gms": "0",
    "K": "10",
    "B-day": "1978",
    "Flag": "i"
  },
  {
    "ID Number": "5400740",
    "Name": "Berezovska , Svetlana",
    "Fed": "MNC",
    "Sex": "F",
    "Title": "WCM",
    "WTit": "WCM",
    "OTit": "NI,NA",
    "FOA": "1776",
    "Rating": "AUG25",
    "Gms": "0",
    "K": "20",
    "B-day": "1971",
    "Flag": "w"
  },
  {
    "ID Number": "5400651",
    "Name": "Berezovsky, Fiorina",
    "Fed": "MNC",
    "Sex": "F",
    "Title": "WCM",
    "WTit": "WCM",
    "OTit": "",
    "FOA": "1871",
    "Rating": "AUG25",
    "Gms": "0",
    "K": "40",
    "B-day": "2007",
    "Flag": "w"
  },
  {
    "ID Number": "4646215",
    "Name": "Berezovsky, Igor",
    "Fed": "MNC",
    "Sex": "M",
    "Title": "IM",
    "WTit": "",
    "OTit": "",
    "FOA": "2374",
    "Rating": "AUG25",
    "Gms": "0",
    "K": "20",
    "B-day": "1971",
    "Flag": "i"
  },
  {
    "ID Number": "5400643",
    "Name": "Berezovsky, Jonathan",
    "Fed": "MNC",
    "Sex": "M",
    "Title": "",
    "WTit": "",
    "OTit": "",
    "FOA": "1493",
    "Rating": "AUG25",
    "Gms": "0",
    "K": "40",
    "B-day": "2005",
    "Flag": "i"
  },
  {
    "ID Number": "26080192",
    "Name": "Berthaut, Alexandre",
    "Fed": "MNC",
    "Sex": "M",
    "Title": "",
    "WTit": "",
    "OTit": "",
    "FOA": "1980",
    "Rating": "AUG25",
    "Gms": "0",
    "K": "20",
    "B-day": "1998",
    "Flag": ""
  },
  {
    "ID Number": "134104992",
    "Name": "Bosov, Kirill",
    "Fed": "MNC",
    "Sex": "M",
    "Title": "",
    "WTit": "",
    "OTit": "",
    "FOA": "1681",
    "Rating": "AUG25",
    "Gms": "0",
    "K": "20",
    "B-day": "2002",
    "Flag": "i"
  },
  {
    "ID Number": "5402190",
    "Name": "Bozzo , Antonio",
    "Fed": "MNC",
    "Sex": "M",
    "Title": "",
    "WTit": "",
    "OTit": "",
    "FOA": "1615",
    "Rating": "AUG25",
    "Gms": "0",
    "K": "40",
    "B-day": "1991",
    "Flag": "i"
  },
  {
    "ID Number": "5400090",
    "Name": "Bussacchini, Michel",
    "Fed": "MNC",
    "Sex": "M",
    "Title": "",
    "WTit": "",
    "OTit": "",
    "FOA": "1858",
    "Rating": "AUG25",
    "Gms": "0",
    "K": "20",
    "B-day": "1967",
    "Flag": ""
  },
  {
    "ID Number": "26076918",
    "Name": "Cahen, Alexis",
    "Fed": "MNC",
    "Sex": "M",
    "Title": "",
    "WTit": "",
    "OTit": "",
    "FOA": "AIM",
    "Rating": "AUG25",
    "Gms": "2082",
    "K": "6",
    "B-day": "2000",
    "Flag": ""
  },
  {
    "ID Number": "5401500",
    "Name": "Carr , Alexandre",
    "Fed": "MNC",
    "Sex": "M",
    "Title": "",
    "WTit": "",
    "OTit": "",
    "FOA": "1638",
    "Rating": "AUG25",
    "Gms": "0",
    "K": "40",
    "B-day": "2010",
    "Flag": "i"
  },
  {
    "ID Number": "652032531",
    "Name": "Charrier, Francois",
    "Fed": "MNC",
    "Sex": "M",
    "Title": "",
    "WTit": "",
    "OTit": "",
    "FOA": "1709",
    "Rating": "AUG25",
    "Gms": "0",
    "K": "40",
    "B-day": "2014",
    "Flag": ""
  },
  {
    "ID Number": "676446",
    "Name": "Chung, Mathilde",
    "Fed": "MNC",
    "Sex": "F",
    "Title": "WFM",
    "WTit": "WFM",
    "OTit": "",
    "FOA": "1981",
    "Rating": "AUG25",
    "Gms": "0",
    "K": "20",
    "B-day": "1999",
    "Flag": "w"
  },
  {
    "ID Number": "5401623",
    "Name": "Churchill , Lukas",
    "Fed": "MNC",
    "Sex": "M",
    "Title": "",
    "WTit": "",
    "OTit": "",
    "FOA": "1535",
    "Rating": "AUG25",
    "Gms": "0",
    "K": "40",
    "B-day": "2008",
    "Flag": "i"
  },
  {
    "ID Number": "5401054",
    "Name": "Cotterchio, Dante",
    "Fed": "MNC",
    "Sex": "M",
    "Title": "",
    "WTit": "",
    "OTit": "",
    "FOA": "1408",
    "Rating": "AUG25",
    "Gms": "0",
    "K": "40",
    "B-day": "2012",
    "Flag": "i"
  },
  {
    "ID Number": "36007293",
    "Name": "Cuttoli, Alexandre",
    "Fed": "MNC",
    "Sex": "M",
    "Title": "",
    "WTit": "",
    "OTit": "",
    "FOA": "1957",
    "Rating": "AUG25",
    "Gms": "0",
    "K": "20",
    "B-day": "2005",
    "Flag": "i"
  },
  {
    "ID Number": "5401097",
    "Name": "Dinoni, David",
    "Fed": "MNC",
    "Sex": "M",
    "Title": "",
    "WTit": "",
    "OTit": "",
    "FOA": "1539",
    "Rating": "AUG25",
    "Gms": "0",
    "K": "20",
    "B-day": "1957",
    "Flag": "i"
  },
  {
    "ID Number": "5401542",
    "Name": "Dornbusch, Anna",
    "Fed": "MNC",
    "Sex": "F",
    "Title": "",
    "WTit": "",
    "OTit": "",
    "FOA": "1408",
    "Rating": "AUG25",
    "Gms": "0",
    "K": "40",
    "B-day": "2016",
    "Flag": "w"
  },
  {
    "ID Number": "14107449",
    "Name": "Dornbusch, Tatiana",
    "Fed": "MNC",
    "Sex": "F",
    "Title": "WGM",
    "WTit": "WGM",
    "OTit": "FI",
    "FOA": "2172",
    "Rating": "AUG25",
    "Gms": "0",
    "K": "20",
    "B-day": "1982",
    "Flag": "w"
  },
  {
    "ID Number": "601926",
    "Name": "Dubois, Martine",
    "Fed": "MNC",
    "Sex": "F",
    "Title": "WIM",
    "WTit": "WIM",
    "OTit": "NA",
    "FOA": "1803",
    "Rating": "AUG25",
    "Gms": "0",
    "K": "20",
    "B-day": "1959",
    "Flag": "w"
  },
  {
    "ID Number": "806404",
    "Name": "Efimov, Igor",
    "Fed": "MNC",
    "Sex": "M",
    "Title": "GM",
    "WTit": "FST",
    "OTit": "",
    "FOA": "2370",
    "Rating": "AUG25",
    "Gms": "0",
    "K": "10",
    "B-day": "1960",
    "Flag": ""
  },
  {
    "ID Number": "654876",
    "Name": "Engel, Norbert",
    "Fed": "MNC",
    "Sex": "M",
    "Title": "",
    "WTit": "",
    "OTit": "",
    "FOA": "1720",
    "Rating": "AUG25",
    "Gms": "0",
    "K": "20",
    "B-day": "1950",
    "Flag": ""
  },
  {
    "ID Number": "5401275",
    "Name": "Fournier, Benjamin",
    "Fed": "MNC",
    "Sex": "M",
    "Title": "",
    "WTit": "",
    "OTit": "",
    "FOA": "1909",
    "Rating": "AUG25",
    "Gms": "0",
    "K": "20",
    "B-day": "2001",
    "Flag": "i"
  },
  {
    "ID Number": "5400929",
    "Name": "Gaillard Kellyan",
    "Fed": "MNC",
    "Sex": "M",
    "Title": "",
    "WTit": "",
    "OTit": "",
    "FOA": "1407",
    "Rating": "AUG25",
    "Gms": "0",
    "K": "40",
    "B-day": "2011",
    "Flag": "i"
  },
  {
    "ID Number": "5400074",
    "Name": "Gentilleau, Jean-Philippe",
    "Fed": "MNC",
    "Sex": "M",
    "Title": "FM",
    "WTit": "",
    "OTit": "",
    "FOA": "2176",
    "Rating": "AUG25",
    "Gms": "0",
    "K": "20",
    "B-day": "1965",
    "Flag": "i"
  },
  {
    "ID Number": "5401267",
    "Name": "Gerbaudo, Pascal",
    "Fed": "MNC",
    "Sex": "M",
    "Title": "",
    "WTit": "",
    "OTit": "",
    "FOA": "1773",
    "Rating": "AUG25",
    "Gms": "0",
    "K": "20",
    "B-day": "1967",
    "Flag": "i"
  },
  {
    "ID Number": "5401526",
    "Name": "Golubeva, Alina",
    "Fed": "MNC",
    "Sex": "F",
    "Title": "",
    "WTit": "",
    "OTit": "",
    "FOA": "1478",
    "Rating": "AUG25",
    "Gms": "0",
    "K": "40",
    "B-day": "2011",
    "Flag": "w"
  },
  {
    "ID Number": "26087464",
    "Name": "Jamalov, Adam",
    "Fed": "MNC",
    "Sex": "M",
    "Title": "",
    "WTit": "",
    "OTit": "",
    "FOA": "1837",
    "Rating": "AUG25",
    "Gms": "0",
    "K": "20",
    "B-day": "2003",
    "Flag": "i"
  },
  {
    "ID Number": "6401074",
    "Name": "Jose de Ribbegren, Kenia",
    "Fed": "MNC",
    "Sex": "F",
    "Title": "WCM",
    "WTit": "WCM",
    "OTit": "",
    "FOA": "1815",
    "Rating": "AUG25",
    "Gms": "0",
    "K": "20",
    "B-day": "1985",
    "Flag": "w"
  },
  {
    "ID Number": "5401658",
    "Name": "Karpov , Gregory",
    "Fed": "MNC",
    "Sex": "M",
    "Title": "",
    "WTit": "",
    "OTit": "",
    "FOA": "1523",
    "Rating": "AUG25",
    "Gms": "0",
    "K": "40",
    "B-day": "2012",
    "Flag": ""
  },
  {
    "ID Number": "5401844",
    "Name": "kavetska valeriia",
    "Fed": "MNC",
    "Sex": "F",
    "Title": "",
    "WTit": "",
    "OTit": "",
    "FOA": "1408",
    "Rating": "AUG25",
    "Gms": "0",
    "K": "40",
    "B-day": "2009",
    "Flag": "wi"
  },
  {
    "ID Number": "36018180",
    "Name": "Kien, Clovis",
    "Fed": "MNC",
    "Sex": "M",
    "Title": "",
    "WTit": "",
    "OTit": "",
    "FOA": "1920",
    "Rating": "AUG25",
    "Gms": "0",
    "K": "20",
    "B-day": "2005",
    "Flag": "i"
  },
  {
    "ID Number": "36052400",
    "Name": "Kien, Lancelot",
    "Fed": "MNC",
    "Sex": "M",
    "Title": "",
    "WTit": "",
    "OTit": "",
    "FOA": "1633",
    "Rating": "AUG25",
    "Gms": "0",
    "K": "40",
    "B-day": "2007",
    "Flag": "i"
  },
  {
    "ID Number": "5401321",
    "Name": "Kriuchkov , Nikita",
    "Fed": "MNC",
    "Sex": "M",
    "Title": "",
    "WTit": "",
    "OTit": "",
    "FOA": "1583",
    "Rating": "AUG25",
    "Gms": "0",
    "K": "40",
    "B-day": "2014",
    "Flag": ""
  },
  {
    "ID Number": "4698746",
    "Name": "Krulich, Roman",
    "Fed": "MNC",
    "Sex": "M",
    "Title": "CM",
    "WTit": "",
    "OTit": "",
    "FOA": "2215",
    "Rating": "AUG25",
    "Gms": "0",
    "K": "20",
    "B-day": "1963",
    "Flag": "i"
  },
  {
    "ID Number": "5400406",
    "Name": "Lamblin, Alexandre",
    "Fed": "MNC",
    "Sex": "M",
    "Title": "",
    "WTit": "",
    "OTit": "",
    "FOA": "1685",
    "Rating": "AUG25",
    "Gms": "0",
    "K": "40",
    "B-day": "2005",
    "Flag": "i"
  },
  {
    "ID Number": "5400376",
    "Name": "Lamblin, Jean",
    "Fed": "MNC",
    "Sex": "M",
    "Title": "",
    "WTit": "",
    "OTit": "",
    "FOA": "2005",
    "Rating": "AUG25",
    "Gms": "0",
    "K": "20",
    "B-day": "2001",
    "Flag": "i"
  },
  {
    "ID Number": "652058930",
    "Name": "Lea, Melissa",
    "Fed": "MNC",
    "Sex": "F",
    "Title": "",
    "WTit": "",
    "OTit": "",
    "FOA": "1560",
    "Rating": "AUG25",
    "Gms": "0",
    "K": "40",
    "B-day": "2013",
    "Flag": "w"
  },
  {
    "ID Number": "5400147",
    "Name": "Lebel, Patrick",
    "Fed": "MNC",
    "Sex": "M",
    "Title": "CM",
    "WTit": "",
    "OTit": "",
    "FOA": "2075",
    "Rating": "AUG25",
    "Gms": "0",
    "K": "20",
    "B-day": "1949",
    "Flag": "i"
  },
  {
    "ID Number": "602019",
    "Name": "Lebel-Arias, Julia",
    "Fed": "MNC",
    "Sex": "F",
    "Title": "WIM",
    "WTit": "WIM",
    "OTit": "",
    "FOA": "1746",
    "Rating": "AUG25",
    "Gms": "0",
    "K": "20",
    "B-day": "1944",
    "Flag": "w"
  },
  {
    "ID Number": "600180",
    "Name": "Levacic, Damir",
    "Fed": "MNC",
    "Sex": "M",
    "Title": "IM",
    "WTit": "FT",
    "OTit": "",
    "FOA": "2092",
    "Rating": "AUG25",
    "Gms": "0",
    "K": "20",
    "B-day": "1959",
    "Flag": ""
  },
  {
    "ID Number": "633747",
    "Name": "Levacic, Melissa",
    "Fed": "MNC",
    "Sex": "F",
    "Title": "WCM",
    "WTit": "WCM",
    "OTit": "",
    "FOA": "1938",
    "Rating": "AUG25",
    "Gms": "0",
    "K": "20",
    "B-day": "1985",
    "Flag": "wi"
  },
  {
    "ID Number": "20652194",
    "Name": "Lherbon De Lussats, Jean",
    "Fed": "MNC",
    "Sex": "M",
    "Title": "",
    "WTit": "",
    "OTit": "",
    "FOA": "1490",
    "Rating": "AUG25",
    "Gms": "0",
    "K": "20",
    "B-day": "1952",
    "Flag": ""
  },
  {
    "ID Number": "5400724",
    "Name": "Li, Dominique",
    "Fed": "MNC",
    "Sex": "M",
    "Title": "FM",
    "WTit": "FI",
    "OTit": "",
    "FOA": "2087",
    "Rating": "AUG25",
    "Gms": "0",
    "K": "20",
    "B-day": "2002",
    "Flag": "i"
  },
  {
    "ID Number": "5400422",
    "Name": "Lomandong, Marc-Antoine",
    "Fed": "MNC",
    "Sex": "M",
    "Title": "",
    "WTit": "",
    "OTit": "",
    "FOA": "1995",
    "Rating": "AUG25",
    "Gms": "0",
    "K": "20",
    "B-day": "2003",
    "Flag": "i"
  },
  {
    "ID Number": "5400384",
    "Name": "Lomandong, Noela-Joyce",
    "Fed": "MNC",
    "Sex": "F",
    "Title": "WFM",
    "WTit": "WFM",
    "OTit": "",
    "FOA": "1908",
    "Rating": "AUG25",
    "Gms": "0",
    "K": "20",
    "B-day": "2001",
    "Flag": "wi"
  },
  {
    "ID Number": "5401003",
    "Name": "Lusher , Mark",
    "Fed": "MNC",
    "Sex": "M",
    "Title": "",
    "WTit": "",
    "OTit": "",
    "FOA": "1719",
    "Rating": "AUG25",
    "Gms": "0",
    "K": "20",
    "B-day": "1970",
    "Flag": "i"
  },
  {
    "ID Number": "611808",
    "Name": "Maiffret, Patrick",
    "Fed": "MNC",
    "Sex": "M",
    "Title": "",
    "WTit": "",
    "OTit": "",
    "FOA": "1842",
    "Rating": "AUG25",
    "Gms": "0",
    "K": "20",
    "B-day": "1956",
    "Flag": ""
  },
  {
    "ID Number": "20603762",
    "Name": "Mattei, Jean-charles",
    "Fed": "MNC",
    "Sex": "M",
    "Title": "",
    "WTit": "",
    "OTit": "",
    "FOA": "1791",
    "Rating": "AUG25",
    "Gms": "0",
    "K": "20",
    "B-day": "1948",
    "Flag": "i"
  },
  {
    "ID Number": "1301225",
    "Name": "Meylan, Andre",
    "Fed": "MNC",
    "Sex": "M",
    "Title": "CM",
    "WTit": "",
    "OTit": "",
    "FOA": "2075",
    "Rating": "AUG25",
    "Gms": "0",
    "K": "20",
    "B-day": "1995",
    "Flag": ""
  },
  {
    "ID Number": "5402930",
    "Name": "Mihalev , Philippe",
    "Fed": "MNC",
    "Sex": "M",
    "Title": "",
    "WTit": "",
    "OTit": "",
    "FOA": "1478",
    "Rating": "AUG25",
    "Gms": "0",
    "K": "40",
    "B-day": "2014",
    "Flag": ""
  },
  {
    "ID Number": "623830",
    "Name": "Nelis, Jean-Francois",
    "Fed": "MNC",
    "Sex": "M",
    "Title": "",
    "WTit": "",
    "OTit": "",
    "FOA": "2038",
    "Rating": "AUG25",
    "Gms": "0",
    "K": "20",
    "B-day": "1968",
    "Flag": "i"
  },
  {
    "ID Number": "5400945",
    "Name": "Nenasheva Nataliya",
    "Fed": "MNC",
    "Sex": "F",
    "Title": "",
    "WTit": "",
    "OTit": "",
    "FOA": "1617",
    "Rating": "AUG25",
    "Gms": "0",
    "K": "20",
    "B-day": "1987",
    "Flag": "wi"
  },
  {
    "ID Number": "5400880",
    "Name": "Pugachev , Sergej",
    "Fed": "MNC",
    "Sex": "M",
    "Title": "",
    "WTit": "",
    "OTit": "",
    "FOA": "1487",
    "Rating": "AUG25",
    "Gms": "0",
    "K": "40",
    "B-day": "2009",
    "Flag": "i"
  },
  {
    "ID Number": "5400023",
    "Name": "Rapaire, Jean-Michel",
    "Fed": "MNC",
    "Sex": "M",
    "Title": "",
    "WTit": "",
    "OTit": "",
    "FOA": "1829",
    "Rating": "AUG25",
    "Gms": "0",
    "K": "20",
    "B-day": "1965",
    "Flag": "i"
  },
  {
    "ID Number": "5400040",
    "Name": "Ribbegren, Karl Johan",
    "Fed": "MNC",
    "Sex": "M",
    "Title": "",
    "WTit": "",
    "OTit": "",
    "FOA": "2082",
    "Rating": "AUG25",
    "Gms": "0",
    "K": "20",
    "B-day": "1955",
    "Flag": "i"
  },
  {
    "ID Number": "5401550",
    "Name": "Ribbegren, Kimberly",
    "Fed": "MNC",
    "Sex": "F",
    "Title": "",
    "WTit": "",
    "OTit": "",
    "FOA": "1467",
    "Rating": "AUG25",
    "Gms": "0",
    "K": "40",
    "B-day": "2016",
    "Flag": "w"
  },
  {
    "ID Number": "26091305",
    "Name": "Rubsamen, Anais",
    "Fed": "MNC",
    "Sex": "F",
    "Title": "",
    "WTit": "",
    "OTit": "",
    "FOA": "1784",
    "Rating": "AUG25",
    "Gms": "0",
    "K": "20",
    "B-day": "2003",
    "Flag": "wi"
  },
  {
    "ID Number": "5401070",
    "Name": "Samorukov, Boris",
    "Fed": "MNC",
    "Sex": "M",
    "Title": "",
    "WTit": "",
    "OTit": "",
    "FOA": "1410",
    "Rating": "AUG25",
    "Gms": "0",
    "K": "40",
    "B-day": "2011",
    "Flag": ""
  },
  {
    "ID Number": "5401062",
    "Name": "Samorukov, Egor",
    "Fed": "MNC",
    "Sex": "M",
    "Title": "",
    "WTit": "",
    "OTit": "",
    "FOA": "1541",
    "Rating": "AUG25",
    "Gms": "0",
    "K": "40",
    "B-day": "2008",
    "Flag": "i"
  },
  {
    "ID Number": "5402808",
    "Name": "Savich , Svetlana",
    "Fed": "MNC",
    "Sex": "F",
    "Title": "",
    "WTit": "",
    "OTit": "",
    "FOA": "1628",
    "Rating": "AUG25",
    "Gms": "0",
    "K": "40",
    "B-day": "1972",
    "Flag": "wi"
  },
  {
    "ID Number": "5401240",
    "Name": "Stoyanov, Victor",
    "Fed": "MNC",
    "Sex": "M",
    "Title": "",
    "WTit": "",
    "OTit": "",
    "FOA": "1651",
    "Rating": "AUG25",
    "Gms": "0",
    "K": "40",
    "B-day": "2014",
    "Flag": ""
  },
  {
    "ID Number": "5401429",
    "Name": "Subkhanberdin , Michelle",
    "Fed": "MNC",
    "Sex": "F",
    "Title": "",
    "WTit": "",
    "OTit": "",
    "FOA": "1447",
    "Rating": "AUG25",
    "Gms": "0",
    "K": "40",
    "B-day": "2013",
    "Flag": "wi"
  },
  {
    "ID Number": "5401208",
    "Name": "Subkhanberdin, Janibek",
    "Fed": "MNC",
    "Sex": "M",
    "Title": "",
    "WTit": "",
    "OTit": "",
    "FOA": "1548",
    "Rating": "AUG25",
    "Gms": "0",
    "K": "40",
    "B-day": "2008",
    "Flag": "i"
  },
  {
    "ID Number": "5400716",
    "Name": "Thoreux-Josso, Aaron",
    "Fed": "MNC",
    "Sex": "M",
    "Title": "",
    "WTit": "",
    "OTit": "",
    "FOA": "1645",
    "Rating": "AUG25",
    "Gms": "0",
    "K": "40",
    "B-day": "2007",
    "Flag": ""
  },
  {
    "ID Number": "5400813",
    "Name": "Thoreux-Josso, Ambre",
    "Fed": "MNC",
    "Sex": "F",
    "Title": "",
    "WTit": "",
    "OTit": "",
    "FOA": "1524",
    "Rating": "AUG25",
    "Gms": "0",
    "K": "40",
    "B-day": "2009",
    "Flag": "w"
  },
  {
    "ID Number": "5402204",
    "Name": "To, Nam",
    "Fed": "MNC",
    "Sex": "M",
    "Title": "",
    "WTit": "",
    "OTit": "",
    "FOA": "1476",
    "Rating": "AUG25",
    "Gms": "0",
    "K": "40",
    "B-day": "1983",
    "Flag": "i"
  },
  {
    "ID Number": "551059266",
    "Name": "To, Nam Long",
    "Fed": "MNC",
    "Sex": "M",
    "Title": "",
    "WTit": "",
    "OTit": "",
    "FOA": "1755",
    "Rating": "AUG25",
    "Gms": "0",
    "K": "40",
    "B-day": "2012",
    "Flag": ""
  },
  {
    "ID Number": "824909",
    "Name": "Tortorella, Giancarlo",
    "Fed": "MNC",
    "Sex": "M",
    "Title": "",
    "WTit": "",
    "OTit": "",
    "FOA": "1886",
    "Rating": "AUG25",
    "Gms": "0",
    "K": "20",
    "B-day": "1968",
    "Flag": ""
  },
  {
    "ID Number": "5400503",
    "Name": "Tripodi, redolphe",
    "Fed": "MNC",
    "Sex": "M",
    "Title": "",
    "WTit": "",
    "OTit": "",
    "FOA": "1812",
    "Rating": "AUG25",
    "Gms": "0",
    "K": "20",
    "B-day": "1975",
    "Flag": "i"
  },
  {
    "ID Number": "200999",
    "Name": "Van Hoolandt, Patrick",
    "Fed": "MNC",
    "Sex": "M",
    "Title": "FM",
    "WTit": "",
    "OTit": "",
    "FOA": "1980",
    "Rating": "AUG25",
    "Gms": "0",
    "K": "20",
    "B-day": "1958",
    "Flag": ""
  },
  {
    "ID Number": "606340",
    "Name": "Verdier, Patrice",
    "Fed": "MNC",
    "Sex": "M",
    "Title": "FM",
    "WTit": "",
    "OTit": "",
    "FOA": "2101",
    "Rating": "AUG25",
    "Gms": "0",
    "K": "20",
    "B-day": "1962",
    "Flag": "i"
  },
  {
    "ID Number": "5403162",
    "Name": "Vicefield , Joshua",
    "Fed": "MNC",
    "Sex": "M",
    "Title": "",
    "WTit": "",
    "OTit": "",
    "FOA": "1449",
    "Rating": "AUG25",
    "Gms": "0",
    "K": "40",
    "B-day": "2017",
    "Flag": ""
  },
  {
    "ID Number": "5400619",
    "Name": "Vigny, Arthur",
    "Fed": "MNC",
    "Sex": "M",
    "Title": "",
    "WTit": "",
    "OTit": "",
    "FOA": "1683",
    "Rating": "AUG25",
    "Gms": "0",
    "K": "20",
    "B-day": "1996",
    "Flag": "i"
  },
  {
    "ID Number": "650609",
    "Name": "Vigny, Philippe",
    "Fed": "MNC",
    "Sex": "M",
    "Title": "",
    "WTit": "",
    "OTit": "",
    "FOA": "1836",
    "Rating": "AUG25",
    "Gms": "0",
    "K": "20",
    "B-day": "1964",
    "Flag": "i"
  },
  {
    "ID Number": "654183",
    "Name": "Villegas, Pierre",
    "Fed": "MNC",
    "Sex": "M",
    "Title": "IM",
    "WTit": "FI,NA",
    "OTit": "",
    "FOA": "2373",
    "Rating": "AUG25",
    "Gms": "0",
    "K": "10",
    "B-day": "1992",
    "Flag": ""
  },
  {
    "ID Number": "4121082",
    "Name": "Zvereva, Marija",
    "Fed": "MNC",
    "Sex": "F",
    "Title": "WIM",
    "WTit": "WIM",
    "OTit": "",
    "FOA": "2035",
    "Rating": "AUG25",
    "Gms": "0",
    "K": "20",
    "B-day": "1978",
    "Flag": "w"
  }
]