[
  {
    "ID Number": "5400210"
  },
  {
    "ID Number": "20697465"
  },
  {
    "ID Number": "20694229"
  },
  {
    "ID Number": "2810115"
  },
  {
    "ID Number": "12500283"
  },
  {
    "ID Number": "5400740"
  },
  {
    "ID Number": "5400651"
  },
  {
    "ID Number": "4646215"
  },
  {
    "ID Number": "5400643"
  },
  {
    "ID Number": "26080192"
  },
  {
    "ID Number": "134104992"
  },
  {
    "ID Number": "5402190"
  },
  {
    "ID Number": "5400090"
  },
  {
    "ID Number": "26076918"
  },
  {
    "ID Number": "5401500"
  },
  {
    "ID Number": "652032531"
  },
  {
    "ID Number": "676446"
  },
  {
    "ID Number": "5401623"
  },
  {
    "ID Number": "5401054"
  },
  {
    "ID Number": "36007293"
  },
  {
    "ID Number": "5401097"
  },
  {
    "ID Number": "5401542"
  },
  {
    "ID Number": "14107449"
  },
  {
    "ID Number": "601926"
  },
  {
    "ID Number": "806404"
  },
  {
    "ID Number": "654876"
  },
  {
    "ID Number": "5401275"
  },
  {
    "ID Number": "5400929"
  },
  {
    "ID Number": "5400074"
  },
  {
    "ID Number": "5401267"
  },
  {
    "ID Number": "5401526"
  },
  {
    "ID Number": "26087464"
  },
  {
    "ID Number": "6401074"
  },
  {
    "ID Number": "5401658"
  },
  {
    "ID Number": "5401844"
  },
  {
    "ID Number": "36018180"
  },
  {
    "ID Number": "36052400"
  },
  {
    "ID Number": "5401321"
  },
  {
    "ID Number": "4698746"
  },
  {
    "ID Number": "5400406"
  },
  {
    "ID Number": "5400376"
  },
  {
    "ID Number": "652058930"
  },
  {
    "ID Number": "5400147"
  },
  {
    "ID Number": "602019"
  },
  {
    "ID Number": "600180"
  },
  {
    "ID Number": "633747"
  },
  {
    "ID Number": "20652194"
  },
  {
    "ID Number": "5400724"
  },
  {
    "ID Number": "5400422"
  },
  {
    "ID Number": "5400384"
  },
  {
    "ID Number": "5401003"
  },
  {
    "ID Number": "611808"
  },
  {
    "ID Number": "20603762"
  },
  {
    "ID Number": "1301225"
  },
  {
    "ID Number": "5402930"
  },
  {
    "ID Number": "623830"
  },
  {
    "ID Number": "5400945"
  },
  {
    "ID Number": "5400880"
  },
  {
    "ID Number": "5400023"
  },
  {
    "ID Number": "5400040"
  },
  {
    "ID Number": "5401550"
  },
  {
    "ID Number": "26091305"
  },
  {
    "ID Number": "5401070"
  },
  {
    "ID Number": "5401062"
  },
  {
    "ID Number": "5402808"
  },
  {
    "ID Number": "5401240"
  },
  {
    "ID Number": "5401429"
  },
  {
    "ID Number": "5401208"
  },
  {
    "ID Number": "5400716"
  },
  {
    "ID Number": "5400813"
  },
  {
    "ID Number": "5402204"
  },
  {
    "ID Number": "551059266"
  },
  {
    "ID Number": "824909"
  },
  {
    "ID Number": "5400503"
  },
  {
    "ID Number": "200999"
  },
  {
    "ID Number": "606340"
  },
  {
    "ID Number": "5403162"
  },
  {
    "ID Number": "5400619"
  },
  {
    "ID Number": "650609"
  },
  {
    "ID Number": "654183"
  },
  {
    "ID Number": "4121082"
  }
]