[
  {
    "ID Number": "7403798"
  },
  {
    "ID Number": "7405707"
  },
  {
    "ID Number": "7401183"
  },
  {
    "ID Number": "7402732"
  },
  {
    "ID Number": "7409451"
  },
  {
    "ID Number": "7400411"
  },
  {
    "ID Number": "7412240"
  },
  {
    "ID Number": "7401310"
  },
  {
    "ID Number": "7402830"
  },
  {
    "ID Number": "7402228"
  },
  {
    "ID Number": "7408250"
  },
  {
    "ID Number": "7400616"
  },
  {
    "ID Number": "7402023"
  },
  {
    "ID Number": "7409249"
  },
  {
    "ID Number": "7402740"
  },
  {
    "ID Number": "2018764"
  },
  {
    "ID Number": "7403380"
  },
  {
    "ID Number": "7400241"
  },
  {
    "ID Number": "7404123"
  },
  {
    "ID Number": "7403283"
  },
  {
    "ID Number": "7402074"
  },
  {
    "ID Number": "7401680"
  },
  {
    "ID Number": "7402287"
  },
  {
    "ID Number": "7402295"
  },
  {
    "ID Number": "7402082"
  },
  {
    "ID Number": "7402996"
  },
  {
    "ID Number": "7402104"
  },
  {
    "ID Number": "7403046"
  },
  {
    "ID Number": "7402236"
  },
  {
    "ID Number": "7402627"
  },
  {
    "ID Number": "7402848"
  },
  {
    "ID Number": "7400519"
  },
  {
    "ID Number": "7400969"
  },
  {
    "ID Number": "7404867"
  },
  {
    "ID Number": "7402040"
  },
  {
    "ID Number": "7400179"
  },
  {
    "ID Number": "7400020"
  },
  {
    "ID Number": "7401760"
  },
  {
    "ID Number": "7401752"
  },
  {
    "ID Number": "7402724"
  },
  {
    "ID Number": "7403801"
  },
  {
    "ID Number": "7402759"
  },
  {
    "ID Number": "7400659"
  },
  {
    "ID Number": "7406800"
  },
  {
    "ID Number": "7407530"
  },
  {
    "ID Number": "7402309"
  },
  {
    "ID Number": "7400993"
  },
  {
    "ID Number": "7406517"
  },
  {
    "ID Number": "7400039"
  },
  {
    "ID Number": "7407416"
  },
  {
    "ID Number": "7400730"
  },
  {
    "ID Number": "7400233"
  },
  {
    "ID Number": "7405456"
  },
  {
    "ID Number": "7404999"
  },
  {
    "ID Number": "7411685"
  },
  {
    "ID Number": "7402317"
  },
  {
    "ID Number": "7400489"
  },
  {
    "ID Number": "7404506"
  },
  {
    "ID Number": "7406703"
  },
  {
    "ID Number": "7402600"
  },
  {
    "ID Number": "7402155"
  },
  {
    "ID Number": "7406002"
  },
  {
    "ID Number": "7407238"
  },
  {
    "ID Number": "7400810"
  },
  {
    "ID Number": "7400330"
  },
  {
    "ID Number": "7402473"
  },
  {
    "ID Number": "7402210"
  },
  {
    "ID Number": "7402775"
  },
  {
    "ID Number": "7402350"
  },
  {
    "ID Number": "7404565"
  },
  {
    "ID Number": "7400187"
  },
  {
    "ID Number": "7400012"
  },
  {
    "ID Number": "7401256"
  },
  {
    "ID Number": "7404948"
  },
  {
    "ID Number": "7402597"
  },
  {
    "ID Number": "7402481"
  },
  {
    "ID Number": "7403674"
  },
  {
    "ID Number": "7402872"
  },
  {
    "ID Number": "7403488"
  },
  {
    "ID Number": "7403496"
  },
  {
    "ID Number": "7401949"
  },
  {
    "ID Number": "7412410"
  },
  {
    "ID Number": "7400055"
  },
  {
    "ID Number": "7403062"
  },
  {
    "ID Number": "7400527"
  },
  {
    "ID Number": "7407076"
  },
  {
    "ID Number": "7405200"
  },
  {
    "ID Number": "7400306"
  },
  {
    "ID Number": "7401426"
  },
  {
    "ID Number": "7403909"
  },
  {
    "ID Number": "7408021"
  },
  {
    "ID Number": "7402163"
  },
  {
    "ID Number": "7400195"
  },
  {
    "ID Number": "7402902"
  },
  {
    "ID Number": "7400314"
  },
  {
    "ID Number": "7404875"
  },
  {
    "ID Number": "7402635"
  },
  {
    "ID Number": "7400446"
  },
  {
    "ID Number": "7403291"
  },
  {
    "ID Number": "7403143"
  },
  {
    "ID Number": "7410522"
  },
  {
    "ID Number": "7401795"
  },
  {
    "ID Number": "7400268"
  },
  {
    "ID Number": "7412444"
  },
  {
    "ID Number": "7404395"
  },
  {
    "ID Number": "7402880"
  },
  {
    "ID Number": "7408196"
  },
  {
    "ID Number": "7405014"
  },
  {
    "ID Number": "7400764"
  },
  {
    "ID Number": "7404000"
  },
  {
    "ID Number": "7404751"
  },
  {
    "ID Number": "7405464"
  },
  {
    "ID Number": "7402376"
  },
  {
    "ID Number": "7400683"
  },
  {
    "ID Number": "7400845"
  },
  {
    "ID Number": "7400691"
  },
  {
    "ID Number": "7400713"
  },
  {
    "ID Number": "7400381"
  },
  {
    "ID Number": "7401736"
  },
  {
    "ID Number": "7403550"
  },
  {
    "ID Number": "7404409"
  },
  {
    "ID Number": "7402589"
  },
  {
    "ID Number": "7400608"
  },
  {
    "ID Number": "7403240"
  },
  {
    "ID Number": "7402066"
  },
  {
    "ID Number": "7402392"
  },
  {
    "ID Number": "7402058"
  },
  {
    "ID Number": "7402538"
  },
  {
    "ID Number": "7404107"
  },
  {
    "ID Number": "7400101"
  },
  {
    "ID Number": "7405529"
  },
  {
    "ID Number": "7400578"
  },
  {
    "ID Number": "7400500"
  },
  {
    "ID Number": "7400438"
  },
  {
    "ID Number": "7401116"
  },
  {
    "ID Number": "7402406"
  }
]