[
  {
    "ID Number": "2859025"
  },
  {
    "ID Number": "2856859"
  },
  {
    "ID Number": "2819937"
  },
  {
    "ID Number": "2824205"
  },
  {
    "ID Number": "2863324"
  },
  {
    "ID Number": "2839784"
  },
  {
    "ID Number": "2835584"
  },
  {
    "ID Number": "2841843"
  },
  {
    "ID Number": "2849674"
  },
  {
    "ID Number": "2885492"
  },
  {
    "ID Number": "2854910"
  },
  {
    "ID Number": "2814900"
  },
  {
    "ID Number": "2847680"
  },
  {
    "ID Number": "2863855"
  },
  {
    "ID Number": "2854503"
  },
  {
    "ID Number": "2815087"
  },
  {
    "ID Number": "2821893"
  },
  {
    "ID Number": "2858304"
  },
  {
    "ID Number": "2834499"
  },
  {
    "ID Number": "2817004"
  },
  {
    "ID Number": "2846756"
  },
  {
    "ID Number": "2800462"
  },
  {
    "ID Number": "2806185"
  },
  {
    "ID Number": "2877074"
  },
  {
    "ID Number": "2810891"
  },
  {
    "ID Number": "2859220"
  },
  {
    "ID Number": "2871785"
  },
  {
    "ID Number": "2814471"
  },
  {
    "ID Number": "2800683"
  },
  {
    "ID Number": "2882930"
  },
  {
    "ID Number": "2856808"
  },
  {
    "ID Number": "2855488"
  },
  {
    "ID Number": "2808749"
  },
  {
    "ID Number": "2814501"
  },
  {
    "ID Number": "2821125"
  },
  {
    "ID Number": "2827352"
  },
  {
    "ID Number": "2829452"
  },
  {
    "ID Number": "2859483"
  },
  {
    "ID Number": "2840162"
  },
  {
    "ID Number": "2878542"
  },
  {
    "ID Number": "2806746"
  },
  {
    "ID Number": "2861313"
  },
  {
    "ID Number": "2865130"
  },
  {
    "ID Number": "4144198"
  },
  {
    "ID Number": "4138147"
  },
  {
    "ID Number": "2824574"
  },
  {
    "ID Number": "2841029"
  },
  {
    "ID Number": "2816040"
  },
  {
    "ID Number": "2804956"
  },
  {
    "ID Number": "2851245"
  },
  {
    "ID Number": "2865025"
  },
  {
    "ID Number": "2825643"
  },
  {
    "ID Number": "2811642"
  },
  {
    "ID Number": "2812967"
  },
  {
    "ID Number": "2803275"
  },
  {
    "ID Number": "2875420"
  },
  {
    "ID Number": "2821311"
  },
  {
    "ID Number": "2840111"
  },
  {
    "ID Number": "2821745"
  },
  {
    "ID Number": "2811685"
  },
  {
    "ID Number": "2813106"
  },
  {
    "ID Number": "2812550"
  },
  {
    "ID Number": "2850702"
  },
  {
    "ID Number": "2813718"
  },
  {
    "ID Number": "2830418"
  },
  {
    "ID Number": "2839890"
  },
  {
    "ID Number": "2801973"
  },
  {
    "ID Number": "2823012"
  },
  {
    "ID Number": "2849828"
  },
  {
    "ID Number": "2809842"
  },
  {
    "ID Number": "34388540"
  },
  {
    "ID Number": "2857022"
  },
  {
    "ID Number": "2855100"
  },
  {
    "ID Number": "2867125"
  },
  {
    "ID Number": "2852659"
  },
  {
    "ID Number": "2827557"
  },
  {
    "ID Number": "2851237"
  },
  {
    "ID Number": "2826682"
  },
  {
    "ID Number": "2809575"
  },
  {
    "ID Number": "2817144"
  },
  {
    "ID Number": "2810905"
  },
  {
    "ID Number": "2837609"
  },
  {
    "ID Number": "2814498"
  },
  {
    "ID Number": "2868911"
  },
  {
    "ID Number": "2825953"
  },
  {
    "ID Number": "2855470"
  },
  {
    "ID Number": "2853787"
  },
  {
    "ID Number": "2864312"
  },
  {
    "ID Number": "2838869"
  },
  {
    "ID Number": "2822091"
  },
  {
    "ID Number": "2829045"
  },
  {
    "ID Number": "2860015"
  },
  {
    "ID Number": "2843730"
  },
  {
    "ID Number": "2887401"
  },
  {
    "ID Number": "2801868"
  },
  {
    "ID Number": "2826208"
  },
  {
    "ID Number": "2838583"
  },
  {
    "ID Number": "2838591"
  },
  {
    "ID Number": "2885603"
  },
  {
    "ID Number": "2808390"
  },
  {
    "ID Number": "2862271"
  },
  {
    "ID Number": "2852101"
  },
  {
    "ID Number": "2849739"
  },
  {
    "ID Number": "2815052"
  },
  {
    "ID Number": "2861437"
  },
  {
    "ID Number": "2837544"
  },
  {
    "ID Number": "2872897"
  },
  {
    "ID Number": "2836068"
  },
  {
    "ID Number": "2880806"
  },
  {
    "ID Number": "2865610"
  },
  {
    "ID Number": "2881136"
  },
  {
    "ID Number": "2861526"
  },
  {
    "ID Number": "2855992"
  },
  {
    "ID Number": "2803895"
  },
  {
    "ID Number": "2867150"
  },
  {
    "ID Number": "2812738"
  },
  {
    "ID Number": "2872358"
  },
  {
    "ID Number": "2839415"
  },
  {
    "ID Number": "2819252"
  },
  {
    "ID Number": "2847337"
  },
  {
    "ID Number": "2847728"
  },
  {
    "ID Number": "14104954"
  },
  {
    "ID Number": "2866161"
  },
  {
    "ID Number": "2810301"
  },
  {
    "ID Number": "2883341"
  },
  {
    "ID Number": "2809974"
  },
  {
    "ID Number": "2874679"
  },
  {
    "ID Number": "2801019"
  },
  {
    "ID Number": "2856123"
  },
  {
    "ID Number": "2879905"
  },
  {
    "ID Number": "2846470"
  },
  {
    "ID Number": "2872110"
  },
  {
    "ID Number": "2872536"
  },
  {
    "ID Number": "2804107"
  },
  {
    "ID Number": "2806339"
  },
  {
    "ID Number": "2821222"
  },
  {
    "ID Number": "2803879"
  },
  {
    "ID Number": "2809460"
  },
  {
    "ID Number": "2813572"
  },
  {
    "ID Number": "2807696"
  },
  {
    "ID Number": "2816130"
  },
  {
    "ID Number": "2812690"
  },
  {
    "ID Number": "2828588"
  },
  {
    "ID Number": "2825732"
  },
  {
    "ID Number": "2881101"
  },
  {
    "ID Number": "2861259"
  },
  {
    "ID Number": "2835924"
  },
  {
    "ID Number": "2813840"
  },
  {
    "ID Number": "2863626"
  },
  {
    "ID Number": "2850877"
  },
  {
    "ID Number": "2818094"
  },
  {
    "ID Number": "2832500"
  },
  {
    "ID Number": "2809958"
  },
  {
    "ID Number": "2802210"
  },
  {
    "ID Number": "2877872"
  },
  {
    "ID Number": "2825538"
  },
  {
    "ID Number": "2855585"
  },
  {
    "ID Number": "2846390"
  },
  {
    "ID Number": "2815745"
  },
  {
    "ID Number": "2834553"
  },
  {
    "ID Number": "2803305"
  },
  {
    "ID Number": "2853043"
  },
  {
    "ID Number": "2840014"
  },
  {
    "ID Number": "2815915"
  },
  {
    "ID Number": "2847949"
  },
  {
    "ID Number": "2810662"
  },
  {
    "ID Number": "2804506"
  },
  {
    "ID Number": "2886332"
  },
  {
    "ID Number": "24142654"
  },
  {
    "ID Number": "2876590"
  },
  {
    "ID Number": "2849100"
  },
  {
    "ID Number": "2809508"
  },
  {
    "ID Number": "55869874"
  },
  {
    "ID Number": "2843340"
  },
  {
    "ID Number": "2870894"
  },
  {
    "ID Number": "2860465"
  },
  {
    "ID Number": "2815222"
  },
  {
    "ID Number": "2810913"
  },
  {
    "ID Number": "2853833"
  },
  {
    "ID Number": "2863863"
  },
  {
    "ID Number": "2857758"
  },
  {
    "ID Number": "2851946"
  },
  {
    "ID Number": "2863405"
  },
  {
    "ID Number": "2848341"
  },
  {
    "ID Number": "2857073"
  },
  {
    "ID Number": "2817349"
  },
  {
    "ID Number": "2856204"
  },
  {
    "ID Number": "2847965"
  },
  {
    "ID Number": "2840618"
  },
  {
    "ID Number": "2824620"
  },
  {
    "ID Number": "2853884"
  },
  {
    "ID Number": "2800667"
  },
  {
    "ID Number": "2807840"
  },
  {
    "ID Number": "2848309"
  },
  {
    "ID Number": "2820510"
  },
  {
    "ID Number": "2832879"
  },
  {
    "ID Number": "2823888"
  },
  {
    "ID Number": "2848759"
  },
  {
    "ID Number": "2807203"
  },
  {
    "ID Number": "2823357"
  },
  {
    "ID Number": "2854155"
  },
  {
    "ID Number": "2842580"
  },
  {
    "ID Number": "2856263"
  },
  {
    "ID Number": "2805308"
  },
  {
    "ID Number": "2810123"
  },
  {
    "ID Number": "2800861"
  },
  {
    "ID Number": "2871521"
  },
  {
    "ID Number": "2868695"
  },
  {
    "ID Number": "2864592"
  },
  {
    "ID Number": "2832054"
  },
  {
    "ID Number": "2840456"
  },
  {
    "ID Number": "34449850"
  },
  {
    "ID Number": "2845610"
  },
  {
    "ID Number": "2852632"
  },
  {
    "ID Number": "2801639"
  },
  {
    "ID Number": "2845563"
  },
  {
    "ID Number": "2826674"
  },
  {
    "ID Number": "2806665"
  },
  {
    "ID Number": "2856387"
  },
  {
    "ID Number": "2823438"
  },
  {
    "ID Number": "2814307"
  },
  {
    "ID Number": "2855372"
  },
  {
    "ID Number": "2873060"
  },
  {
    "ID Number": "2872994"
  },
  {
    "ID Number": "2821583"
  },
  {
    "ID Number": "2834049"
  },
  {
    "ID Number": "2828464"
  },
  {
    "ID Number": "2853400"
  },
  {
    "ID Number": "14171635"
  },
  {
    "ID Number": "2802660"
  },
  {
    "ID Number": "2842750"
  },
  {
    "ID Number": "2805391"
  },
  {
    "ID Number": "2829665"
  },
  {
    "ID Number": "2856190"
  },
  {
    "ID Number": "2800209"
  },
  {
    "ID Number": "2862387"
  },
  {
    "ID Number": "2824256"
  },
  {
    "ID Number": "2874555"
  },
  {
    "ID Number": "2848767"
  },
  {
    "ID Number": "2804085"
  },
  {
    "ID Number": "2850583"
  },
  {
    "ID Number": "2849046"
  },
  {
    "ID Number": "2803968"
  },
  {
    "ID Number": "2823225"
  },
  {
    "ID Number": "2815613"
  },
  {
    "ID Number": "2873753"
  },
  {
    "ID Number": "2826046"
  },
  {
    "ID Number": "2860651"
  },
  {
    "ID Number": "2866498"
  },
  {
    "ID Number": "2857987"
  },
  {
    "ID Number": "2820439"
  },
  {
    "ID Number": "2841754"
  },
  {
    "ID Number": "2874997"
  },
  {
    "ID Number": "2874105"
  },
  {
    "ID Number": "2834014"
  },
  {
    "ID Number": "2841410"
  },
  {
    "ID Number": "2840502"
  },
  {
    "ID Number": "2848511"
  },
  {
    "ID Number": "2857375"
  },
  {
    "ID Number": "2816733"
  },
  {
    "ID Number": "2814226"
  },
  {
    "ID Number": "2857928"
  },
  {
    "ID Number": "2874717"
  },
  {
    "ID Number": "2835126"
  },
  {
    "ID Number": "2813068"
  },
  {
    "ID Number": "2813530"
  },
  {
    "ID Number": "2867176"
  },
  {
    "ID Number": "2811588"
  },
  {
    "ID Number": "2828570"
  },
  {
    "ID Number": "2830000"
  },
  {
    "ID Number": "2800055"
  },
  {
    "ID Number": "2813378"
  },
  {
    "ID Number": "2828162"
  },
  {
    "ID Number": "2816555"
  },
  {
    "ID Number": "2816270"
  },
  {
    "ID Number": "2856824"
  },
  {
    "ID Number": "2870096"
  },
  {
    "ID Number": "2826569"
  },
  {
    "ID Number": "2879433"
  },
  {
    "ID Number": "2829673"
  },
  {
    "ID Number": "2859866"
  },
  {
    "ID Number": "2809265"
  },
  {
    "ID Number": "2852470"
  },
  {
    "ID Number": "2846217"
  },
  {
    "ID Number": "2805863"
  },
  {
    "ID Number": "2805138"
  },
  {
    "ID Number": "2812371"
  },
  {
    "ID Number": "2858541"
  },
  {
    "ID Number": "371281895"
  },
  {
    "ID Number": "2872021"
  },
  {
    "ID Number": "2864320"
  },
  {
    "ID Number": "2859491"
  },
  {
    "ID Number": "2839679"
  },
  {
    "ID Number": "2806282"
  },
  {
    "ID Number": "2815770"
  },
  {
    "ID Number": "2856948"
  },
  {
    "ID Number": "2825384"
  },
  {
    "ID Number": "2837412"
  },
  {
    "ID Number": "2834944"
  },
  {
    "ID Number": "2827824"
  },
  {
    "ID Number": "2803216"
  },
  {
    "ID Number": "2886502"
  },
  {
    "ID Number": "2828030"
  },
  {
    "ID Number": "2834707"
  },
  {
    "ID Number": "2879590"
  },
  {
    "ID Number": "2803640"
  },
  {
    "ID Number": "2840006"
  },
  {
    "ID Number": "2806991"
  },
  {
    "ID Number": "4101057"
  },
  {
    "ID Number": "2802350"
  },
  {
    "ID Number": "2841088"
  },
  {
    "ID Number": "2840553"
  },
  {
    "ID Number": "2869357"
  },
  {
    "ID Number": "2802457"
  },
  {
    "ID Number": "2810603"
  },
  {
    "ID Number": "2807394"
  },
  {
    "ID Number": "2821346"
  },
  {
    "ID Number": "2856310"
  },
  {
    "ID Number": "2850761"
  },
  {
    "ID Number": "2844885"
  },
  {
    "ID Number": "2816342"
  },
  {
    "ID Number": "2825309"
  },
  {
    "ID Number": "2856972"
  },
  {
    "ID Number": "2807939"
  },
  {
    "ID Number": "2871343"
  },
  {
    "ID Number": "2865084"
  },
  {
    "ID Number": "2803186"
  },
  {
    "ID Number": "2866781"
  },
  {
    "ID Number": "2804530"
  },
  {
    "ID Number": "2870703"
  },
  {
    "ID Number": "24165956"
  },
  {
    "ID Number": "2819546"
  },
  {
    "ID Number": "2832968"
  },
  {
    "ID Number": "2801132"
  },
  {
    "ID Number": "2813114"
  },
  {
    "ID Number": "2877732"
  },
  {
    "ID Number": "2874687"
  },
  {
    "ID Number": "2813327"
  },
  {
    "ID Number": "2801809"
  },
  {
    "ID Number": "2817012"
  },
  {
    "ID Number": "2828880"
  },
  {
    "ID Number": "2831368"
  },
  {
    "ID Number": "2854465"
  },
  {
    "ID Number": "2836173"
  },
  {
    "ID Number": "2859769"
  },
  {
    "ID Number": "2825740"
  },
  {
    "ID Number": "2870134"
  },
  {
    "ID Number": "2856425"
  },
  {
    "ID Number": "2857286"
  },
  {
    "ID Number": "2816490"
  },
  {
    "ID Number": "2863227"
  },
  {
    "ID Number": "2806002"
  },
  {
    "ID Number": "2859823"
  },
  {
    "ID Number": "2822300"
  },
  {
    "ID Number": "2815540"
  },
  {
    "ID Number": "2821109"
  },
  {
    "ID Number": "2816431"
  },
  {
    "ID Number": "2853310"
  },
  {
    "ID Number": "2861674"
  },
  {
    "ID Number": "2853809"
  },
  {
    "ID Number": "2812428"
  },
  {
    "ID Number": "2862220"
  },
  {
    "ID Number": "2851202"
  },
  {
    "ID Number": "2851792"
  },
  {
    "ID Number": "2861410"
  },
  {
    "ID Number": "2818418"
  },
  {
    "ID Number": "2860538"
  },
  {
    "ID Number": "2878208"
  },
  {
    "ID Number": "2871246"
  },
  {
    "ID Number": "2877031"
  },
  {
    "ID Number": "2846861"
  },
  {
    "ID Number": "2847035"
  },
  {
    "ID Number": "2826402"
  },
  {
    "ID Number": "2886987"
  },
  {
    "ID Number": "2873591"
  },
  {
    "ID Number": "2863065"
  },
  {
    "ID Number": "2853256"
  },
  {
    "ID Number": "2874075"
  },
  {
    "ID Number": "2861968"
  },
  {
    "ID Number": "2827310"
  },
  {
    "ID Number": "2812240"
  },
  {
    "ID Number": "2859700"
  },
  {
    "ID Number": "2864789"
  },
  {
    "ID Number": "2825678"
  },
  {
    "ID Number": "2881764"
  },
  {
    "ID Number": "2859610"
  },
  {
    "ID Number": "2812029"
  },
  {
    "ID Number": "2842629"
  },
  {
    "ID Number": "2802058"
  },
  {
    "ID Number": "2855003"
  },
  {
    "ID Number": "2814340"
  },
  {
    "ID Number": "2857081"
  },
  {
    "ID Number": "2803917"
  },
  {
    "ID Number": "2839822"
  },
  {
    "ID Number": "2815923"
  },
  {
    "ID Number": "2840081"
  },
  {
    "ID Number": "2869462"
  },
  {
    "ID Number": "2858657"
  },
  {
    "ID Number": "2875519"
  },
  {
    "ID Number": "2809605"
  },
  {
    "ID Number": "2808676"
  },
  {
    "ID Number": "2844575"
  },
  {
    "ID Number": "2863677"
  },
  {
    "ID Number": "2816105"
  },
  {
    "ID Number": "2837889"
  },
  {
    "ID Number": "2842157"
  },
  {
    "ID Number": "2839903"
  },
  {
    "ID Number": "2813491"
  },
  {
    "ID Number": "2886731"
  },
  {
    "ID Number": "2857103"
  },
  {
    "ID Number": "2871319"
  },
  {
    "ID Number": "2855461"
  },
  {
    "ID Number": "2812770"
  },
  {
    "ID Number": "2804549"
  },
  {
    "ID Number": "2886960"
  },
  {
    "ID Number": "2855429"
  },
  {
    "ID Number": "2861275"
  },
  {
    "ID Number": "2803607"
  },
  {
    "ID Number": "2837250"
  },
  {
    "ID Number": "2840847"
  },
  {
    "ID Number": "2805324"
  },
  {
    "ID Number": "2812444"
  },
  {
    "ID Number": "2881560"
  },
  {
    "ID Number": "2846535"
  },
  {
    "ID Number": "2836530"
  },
  {
    "ID Number": "2830906"
  },
  {
    "ID Number": "2834006"
  },
  {
    "ID Number": "2821214"
  },
  {
    "ID Number": "2810506"
  },
  {
    "ID Number": "44189869"
  },
  {
    "ID Number": "2801191"
  },
  {
    "ID Number": "4169638"
  },
  {
    "ID Number": "2879492"
  },
  {
    "ID Number": "34105600"
  },
  {
    "ID Number": "2885654"
  },
  {
    "ID Number": "2816571"
  },
  {
    "ID Number": "2850940"
  },
  {
    "ID Number": "2808439"
  },
  {
    "ID Number": "2845784"
  },
  {
    "ID Number": "2832917"
  },
  {
    "ID Number": "2814706"
  },
  {
    "ID Number": "2810964"
  },
  {
    "ID Number": "2801850"
  },
  {
    "ID Number": "2840324"
  },
  {
    "ID Number": "2843404"
  },
  {
    "ID Number": "2829479"
  },
  {
    "ID Number": "2821001"
  },
  {
    "ID Number": "2806649"
  },
  {
    "ID Number": "2879263"
  },
  {
    "ID Number": "2847930"
  },
  {
    "ID Number": "2854082"
  },
  {
    "ID Number": "2874881"
  },
  {
    "ID Number": "2840979"
  },
  {
    "ID Number": "2829266"
  },
  {
    "ID Number": "2885158"
  },
  {
    "ID Number": "2861631"
  },
  {
    "ID Number": "2861500"
  },
  {
    "ID Number": "2876612"
  },
  {
    "ID Number": "2862786"
  },
  {
    "ID Number": "2835231"
  },
  {
    "ID Number": "2810417"
  },
  {
    "ID Number": "2879484"
  },
  {
    "ID Number": "2851660"
  },
  {
    "ID Number": "2838230"
  },
  {
    "ID Number": "2814790"
  },
  {
    "ID Number": "2882868"
  },
  {
    "ID Number": "2882850"
  },
  {
    "ID Number": "2881284"
  },
  {
    "ID Number": "2811634"
  },
  {
    "ID Number": "2845652"
  },
  {
    "ID Number": "2807181"
  },
  {
    "ID Number": "2818671"
  },
  {
    "ID Number": "2858274"
  },
  {
    "ID Number": "2870061"
  },
  {
    "ID Number": "2855216"
  },
  {
    "ID Number": "2861232"
  },
  {
    "ID Number": "2839997"
  },
  {
    "ID Number": "2824582"
  },
  {
    "ID Number": "2860368"
  },
  {
    "ID Number": "2846209"
  },
  {
    "ID Number": "2835185"
  },
  {
    "ID Number": "44100493"
  },
  {
    "ID Number": "2839440"
  },
  {
    "ID Number": "2814102"
  },
  {
    "ID Number": "2882876"
  },
  {
    "ID Number": "2877708"
  },
  {
    "ID Number": "2816504"
  },
  {
    "ID Number": "2872056"
  },
  {
    "ID Number": "2819619"
  },
  {
    "ID Number": "2844192"
  },
  {
    "ID Number": "2835550"
  },
  {
    "ID Number": "2857995"
  },
  {
    "ID Number": "2814994"
  },
  {
    "ID Number": "2827387"
  },
  {
    "ID Number": "2818728"
  },
  {
    "ID Number": "2852900"
  },
  {
    "ID Number": "2841258"
  },
  {
    "ID Number": "2835762"
  },
  {
    "ID Number": "2837404"
  },
  {
    "ID Number": "2849313"
  },
  {
    "ID Number": "2863243"
  },
  {
    "ID Number": "2824345"
  },
  {
    "ID Number": "2847094"
  },
  {
    "ID Number": "2846594"
  },
  {
    "ID Number": "2817616"
  },
  {
    "ID Number": "2813777"
  },
  {
    "ID Number": "2817713"
  },
  {
    "ID Number": "2833247"
  },
  {
    "ID Number": "2833590"
  },
  {
    "ID Number": "2804565"
  },
  {
    "ID Number": "2851210"
  },
  {
    "ID Number": "2861640"
  },
  {
    "ID Number": "2853183"
  },
  {
    "ID Number": "2838958"
  },
  {
    "ID Number": "2816660"
  },
  {
    "ID Number": "2881411"
  },
  {
    "ID Number": "2857499"
  },
  {
    "ID Number": "2830795"
  },
  {
    "ID Number": "2821931"
  },
  {
    "ID Number": "2801957"
  },
  {
    "ID Number": "2805243"
  },
  {
    "ID Number": "2860481"
  },
  {
    "ID Number": "2864002"
  },
  {
    "ID Number": "2808757"
  },
  {
    "ID Number": "2859114"
  },
  {
    "ID Number": "2860201"
  },
  {
    "ID Number": "2862794"
  },
  {
    "ID Number": "2824795"
  },
  {
    "ID Number": "2821028"
  },
  {
    "ID Number": "2820447"
  },
  {
    "ID Number": "2845946"
  },
  {
    "ID Number": "2880741"
  },
  {
    "ID Number": "2804816"
  },
  {
    "ID Number": "2845628"
  },
  {
    "ID Number": "2802155"
  },
  {
    "ID Number": "2856301"
  },
  {
    "ID Number": "2816849"
  },
  {
    "ID Number": "2817446"
  },
  {
    "ID Number": "2175061"
  },
  {
    "ID Number": "2867095"
  },
  {
    "ID Number": "2841312"
  },
  {
    "ID Number": "2807092"
  },
  {
    "ID Number": "2867052"
  },
  {
    "ID Number": "2803682"
  },
  {
    "ID Number": "2860503"
  },
  {
    "ID Number": "2860660"
  },
  {
    "ID Number": "2808862"
  },
  {
    "ID Number": "2824817"
  },
  {
    "ID Number": "2815974"
  },
  {
    "ID Number": "2829924"
  },
  {
    "ID Number": "2857472"
  },
  {
    "ID Number": "2861267"
  },
  {
    "ID Number": "2818736"
  },
  {
    "ID Number": "2820714"
  },
  {
    "ID Number": "2812843"
  },
  {
    "ID Number": "2840677"
  },
  {
    "ID Number": "2882302"
  },
  {
    "ID Number": "2856042"
  },
  {
    "ID Number": "2845660"
  },
  {
    "ID Number": "2820366"
  },
  {
    "ID Number": "2823128"
  },
  {
    "ID Number": "2839750"
  },
  {
    "ID Number": "2823136"
  },
  {
    "ID Number": "2860708"
  },
  {
    "ID Number": "2864339"
  },
  {
    "ID Number": "2879573"
  },
  {
    "ID Number": "2839920"
  },
  {
    "ID Number": "2815311"
  },
  {
    "ID Number": "2820234"
  },
  {
    "ID Number": "2853051"
  },
  {
    "ID Number": "2839660"
  },
  {
    "ID Number": "2871823"
  },
  {
    "ID Number": "2872633"
  },
  {
    "ID Number": "2876493"
  },
  {
    "ID Number": "2811804"
  },
  {
    "ID Number": "2815630"
  },
  {
    "ID Number": "2834065"
  },
  {
    "ID Number": "2846837"
  },
  {
    "ID Number": "2866544"
  },
  {
    "ID Number": "2829118"
  },
  {
    "ID Number": "2808528"
  },
  {
    "ID Number": "2812401"
  },
  {
    "ID Number": "2873702"
  },
  {
    "ID Number": "2853060"
  },
  {
    "ID Number": "2845725"
  },
  {
    "ID Number": "2817918"
  },
  {
    "ID Number": "2849747"
  },
  {
    "ID Number": "2802813"
  },
  {
    "ID Number": "2873486"
  },
  {
    "ID Number": "2817764"
  },
  {
    "ID Number": "2817357"
  },
  {
    "ID Number": "2839245"
  },
  {
    "ID Number": "2826640"
  },
  {
    "ID Number": "2804557"
  },
  {
    "ID Number": "2869012"
  },
  {
    "ID Number": "2882310"
  },
  {
    "ID Number": "2872609"
  },
  {
    "ID Number": "2835819"
  },
  {
    "ID Number": "2840413"
  },
  {
    "ID Number": "2844648"
  },
  {
    "ID Number": "2853752"
  },
  {
    "ID Number": "2856271"
  },
  {
    "ID Number": "2825449"
  },
  {
    "ID Number": "2846713"
  },
  {
    "ID Number": "2854961"
  },
  {
    "ID Number": "2843420"
  },
  {
    "ID Number": "2821664"
  },
  {
    "ID Number": "2821753"
  },
  {
    "ID Number": "2833395"
  },
  {
    "ID Number": "2870126"
  },
  {
    "ID Number": "2883872"
  },
  {
    "ID Number": "2878100"
  },
  {
    "ID Number": "2805677"
  },
  {
    "ID Number": "2800438"
  },
  {
    "ID Number": "2803747"
  },
  {
    "ID Number": "2818620"
  },
  {
    "ID Number": "2801078"
  },
  {
    "ID Number": "2829061"
  },
  {
    "ID Number": "2835940"
  },
  {
    "ID Number": "2809010"
  },
  {
    "ID Number": "2839741"
  },
  {
    "ID Number": "2805219"
  },
  {
    "ID Number": "2803356"
  },
  {
    "ID Number": "2865750"
  },
  {
    "ID Number": "2874148"
  },
  {
    "ID Number": "2842971"
  },
  {
    "ID Number": "2835720"
  },
  {
    "ID Number": "2806932"
  },
  {
    "ID Number": "2836793"
  },
  {
    "ID Number": "2844745"
  },
  {
    "ID Number": "2851652"
  },
  {
    "ID Number": "2873630"
  },
  {
    "ID Number": "2814005"
  },
  {
    "ID Number": "2804182"
  },
  {
    "ID Number": "2820650"
  },
  {
    "ID Number": "2859564"
  },
  {
    "ID Number": "2880016"
  },
  {
    "ID Number": "2813785"
  },
  {
    "ID Number": "2812053"
  },
  {
    "ID Number": "2801841"
  },
  {
    "ID Number": "2846977"
  },
  {
    "ID Number": "2816512"
  },
  {
    "ID Number": "2821320"
  },
  {
    "ID Number": "2865483"
  },
  {
    "ID Number": "2822199"
  },
  {
    "ID Number": "2839610"
  },
  {
    "ID Number": "2835681"
  },
  {
    "ID Number": "2802112"
  },
  {
    "ID Number": "2834162"
  },
  {
    "ID Number": "2826577"
  },
  {
    "ID Number": "2860198"
  },
  {
    "ID Number": "2807904"
  },
  {
    "ID Number": "2853248"
  },
  {
    "ID Number": "2816776"
  },
  {
    "ID Number": "2867486"
  },
  {
    "ID Number": "2813912"
  },
  {
    "ID Number": "2838567"
  },
  {
    "ID Number": "2847957"
  },
  {
    "ID Number": "2823152"
  },
  {
    "ID Number": "2803496"
  },
  {
    "ID Number": "2807734"
  },
  {
    "ID Number": "2809729"
  },
  {
    "ID Number": "2864630"
  },
  {
    "ID Number": "2806800"
  },
  {
    "ID Number": "2859670"
  },
  {
    "ID Number": "2805090"
  },
  {
    "ID Number": "2812673"
  },
  {
    "ID Number": "2812592"
  },
  {
    "ID Number": "2861828"
  },
  {
    "ID Number": "2877937"
  },
  {
    "ID Number": "2804670"
  },
  {
    "ID Number": "2855542"
  },
  {
    "ID Number": "2817624"
  },
  {
    "ID Number": "2807912"
  },
  {
    "ID Number": "2861402"
  },
  {
    "ID Number": "2853906"
  },
  {
    "ID Number": "2826186"
  },
  {
    "ID Number": "2805707"
  },
  {
    "ID Number": "2822792"
  },
  {
    "ID Number": "2803860"
  },
  {
    "ID Number": "2826267"
  },
  {
    "ID Number": "2840146"
  },
  {
    "ID Number": "2879883"
  },
  {
    "ID Number": "2843455"
  },
  {
    "ID Number": "2849666"
  },
  {
    "ID Number": "2834448"
  },
  {
    "ID Number": "2804140"
  },
  {
    "ID Number": "4176677"
  },
  {
    "ID Number": "2807297"
  },
  {
    "ID Number": "2818140"
  },
  {
    "ID Number": "2803321"
  },
  {
    "ID Number": "2846608"
  },
  {
    "ID Number": "2856336"
  },
  {
    "ID Number": "2874920"
  },
  {
    "ID Number": "2869403"
  },
  {
    "ID Number": "2807289"
  },
  {
    "ID Number": "2846284"
  },
  {
    "ID Number": "2809834"
  },
  {
    "ID Number": "2853760"
  },
  {
    "ID Number": "2810425"
  },
  {
    "ID Number": "2813416"
  },
  {
    "ID Number": "2813394"
  },
  {
    "ID Number": "2821273"
  },
  {
    "ID Number": "2815532"
  },
  {
    "ID Number": "2813688"
  },
  {
    "ID Number": "2815320"
  },
  {
    "ID Number": "2820200"
  },
  {
    "ID Number": "2841789"
  },
  {
    "ID Number": "2844753"
  },
  {
    "ID Number": "2839059"
  },
  {
    "ID Number": "2804964"
  },
  {
    "ID Number": "2848740"
  },
  {
    "ID Number": "2834456"
  },
  {
    "ID Number": "2815877"
  },
  {
    "ID Number": "2800551"
  },
  {
    "ID Number": "2842009"
  },
  {
    "ID Number": "2853949"
  },
  {
    "ID Number": "2803984"
  },
  {
    "ID Number": "2800039"
  },
  {
    "ID Number": "2857090"
  },
  {
    "ID Number": "2857120"
  },
  {
    "ID Number": "2819716"
  },
  {
    "ID Number": "2806070"
  },
  {
    "ID Number": "2863170"
  },
  {
    "ID Number": "2873478"
  },
  {
    "ID Number": "2817365"
  },
  {
    "ID Number": "4167554"
  },
  {
    "ID Number": "2802759"
  },
  {
    "ID Number": "2855046"
  },
  {
    "ID Number": "2810700"
  },
  {
    "ID Number": "2875977"
  },
  {
    "ID Number": "2817926"
  },
  {
    "ID Number": "2808684"
  },
  {
    "ID Number": "2800020"
  },
  {
    "ID Number": "2854872"
  },
  {
    "ID Number": "2875802"
  },
  {
    "ID Number": "2862638"
  },
  {
    "ID Number": "2812703"
  },
  {
    "ID Number": "2811995"
  },
  {
    "ID Number": "2814862"
  },
  {
    "ID Number": "2871416"
  },
  {
    "ID Number": "13503391"
  },
  {
    "ID Number": "2877414"
  },
  {
    "ID Number": "2874024"
  },
  {
    "ID Number": "2802104"
  },
  {
    "ID Number": "2844001"
  },
  {
    "ID Number": "2857049"
  },
  {
    "ID Number": "2818426"
  },
  {
    "ID Number": "2832410"
  },
  {
    "ID Number": "2807327"
  },
  {
    "ID Number": "2826593"
  },
  {
    "ID Number": "2880679"
  },
  {
    "ID Number": "2863375"
  },
  {
    "ID Number": "2825759"
  },
  {
    "ID Number": "2860392"
  },
  {
    "ID Number": "2861852"
  },
  {
    "ID Number": "2864797"
  },
  {
    "ID Number": "2807360"
  },
  {
    "ID Number": "2846500"
  },
  {
    "ID Number": "2884038"
  },
  {
    "ID Number": "2815842"
  },
  {
    "ID Number": "2814056"
  },
  {
    "ID Number": "2804026"
  },
  {
    "ID Number": "2821613"
  },
  {
    "ID Number": "2837676"
  },
  {
    "ID Number": "2839830"
  },
  {
    "ID Number": "2850559"
  },
  {
    "ID Number": "2817179"
  },
  {
    "ID Number": "2843471"
  },
  {
    "ID Number": "2810018"
  },
  {
    "ID Number": "2870649"
  },
  {
    "ID Number": "2883597"
  },
  {
    "ID Number": "2801698"
  },
  {
    "ID Number": "2873109"
  },
  {
    "ID Number": "2810239"
  },
  {
    "ID Number": "2869144"
  },
  {
    "ID Number": "2857529"
  },
  {
    "ID Number": "2866692"
  },
  {
    "ID Number": "2874466"
  },
  {
    "ID Number": "2878240"
  },
  {
    "ID Number": "2853272"
  },
  {
    "ID Number": "2854520"
  },
  {
    "ID Number": "2812541"
  },
  {
    "ID Number": "2853744"
  },
  {
    "ID Number": "2871114"
  },
  {
    "ID Number": "2803615"
  },
  {
    "ID Number": "2848627"
  },
  {
    "ID Number": "2801485"
  },
  {
    "ID Number": "2848864"
  },
  {
    "ID Number": "2821630"
  },
  {
    "ID Number": "2837285"
  },
  {
    "ID Number": "2825686"
  },
  {
    "ID Number": "2879921"
  },
  {
    "ID Number": "2855089"
  },
  {
    "ID Number": "2828634"
  },
  {
    "ID Number": "2853523"
  },
  {
    "ID Number": "2857812"
  },
  {
    "ID Number": "2825805"
  },
  {
    "ID Number": "2821087"
  },
  {
    "ID Number": "2845490"
  },
  {
    "ID Number": "2836637"
  },
  {
    "ID Number": "2819732"
  },
  {
    "ID Number": "2854074"
  },
  {
    "ID Number": "2833816"
  },
  {
    "ID Number": "2820544"
  },
  {
    "ID Number": "2803224"
  },
  {
    "ID Number": "2871459"
  },
  {
    "ID Number": "2841169"
  },
  {
    "ID Number": "2878453"
  },
  {
    "ID Number": "2858380"
  },
  {
    "ID Number": "2837528"
  },
  {
    "ID Number": "2804697"
  },
  {
    "ID Number": "2825473"
  },
  {
    "ID Number": "2810026"
  },
  {
    "ID Number": "2863707"
  },
  {
    "ID Number": "2805758"
  },
  {
    "ID Number": "2871599"
  },
  {
    "ID Number": "2857715"
  },
  {
    "ID Number": "2875284"
  },
  {
    "ID Number": "2879832"
  },
  {
    "ID Number": "2860406"
  },
  {
    "ID Number": "2813130"
  },
  {
    "ID Number": "2859726"
  },
  {
    "ID Number": "2830973"
  },
  {
    "ID Number": "2812975"
  },
  {
    "ID Number": "2832550"
  },
  {
    "ID Number": "2831937"
  },
  {
    "ID Number": "2877490"
  },
  {
    "ID Number": "2854686"
  },
  {
    "ID Number": "2875438"
  },
  {
    "ID Number": "2833727"
  },
  {
    "ID Number": "2822776"
  },
  {
    "ID Number": "2827182"
  },
  {
    "ID Number": "2809451"
  },
  {
    "ID Number": "2863715"
  },
  {
    "ID Number": "2868997"
  },
  {
    "ID Number": "2826488"
  },
  {
    "ID Number": "2827379"
  },
  {
    "ID Number": "2860996"
  },
  {
    "ID Number": "2830345"
  },
  {
    "ID Number": "2803828"
  },
  {
    "ID Number": "2817632"
  },
  {
    "ID Number": "2874792"
  },
  {
    "ID Number": "2807459"
  },
  {
    "ID Number": "2860511"
  },
  {
    "ID Number": "2803470"
  },
  {
    "ID Number": "2880776"
  },
  {
    "ID Number": "2818434"
  },
  {
    "ID Number": "2804883"
  },
  {
    "ID Number": "2817276"
  },
  {
    "ID Number": "2819503"
  },
  {
    "ID Number": "2816865"
  },
  {
    "ID Number": "2843846"
  },
  {
    "ID Number": "2849607"
  },
  {
    "ID Number": "2856875"
  },
  {
    "ID Number": "2812274"
  },
  {
    "ID Number": "2807467"
  },
  {
    "ID Number": "2822970"
  },
  {
    "ID Number": "2809761"
  },
  {
    "ID Number": "2810140"
  },
  {
    "ID Number": "2850273"
  },
  {
    "ID Number": "2832232"
  },
  {
    "ID Number": "2807580"
  },
  {
    "ID Number": "2834880"
  },
  {
    "ID Number": "2871610"
  },
  {
    "ID Number": "2856930"
  },
  {
    "ID Number": "2850508"
  },
  {
    "ID Number": "2863456"
  },
  {
    "ID Number": "2864347"
  },
  {
    "ID Number": "2804930"
  },
  {
    "ID Number": "2875632"
  },
  {
    "ID Number": "2855224"
  },
  {
    "ID Number": "2886472"
  },
  {
    "ID Number": "2883813"
  },
  {
    "ID Number": "2822180"
  },
  {
    "ID Number": "2866684"
  },
  {
    "ID Number": "2813939"
  },
  {
    "ID Number": "2818442"
  },
  {
    "ID Number": "2800284"
  },
  {
    "ID Number": "4132025"
  },
  {
    "ID Number": "2822083"
  },
  {
    "ID Number": "2871793"
  },
  {
    "ID Number": "2800799"
  },
  {
    "ID Number": "2819414"
  },
  {
    "ID Number": "2808633"
  },
  {
    "ID Number": "2812436"
  },
  {
    "ID Number": "2818906"
  },
  {
    "ID Number": "2833840"
  },
  {
    "ID Number": "2820374"
  },
  {
    "ID Number": "2820382"
  },
  {
    "ID Number": "2850664"
  },
  {
    "ID Number": "2803100"
  },
  {
    "ID Number": "2864142"
  },
  {
    "ID Number": "2827913"
  },
  {
    "ID Number": "2805359"
  },
  {
    "ID Number": "2846454"
  },
  {
    "ID Number": "2806690"
  },
  {
    "ID Number": "2885530"
  },
  {
    "ID Number": "2801094"
  },
  {
    "ID Number": "2814927"
  },
  {
    "ID Number": "2803941"
  },
  {
    "ID Number": "2837820"
  },
  {
    "ID Number": "2854996"
  },
  {
    "ID Number": "2875454"
  },
  {
    "ID Number": "2807769"
  },
  {
    "ID Number": "2802481"
  },
  {
    "ID Number": "2823276"
  },
  {
    "ID Number": "2811456"
  },
  {
    "ID Number": "2802910"
  },
  {
    "ID Number": "2818744"
  },
  {
    "ID Number": "2887428"
  },
  {
    "ID Number": "2867184"
  },
  {
    "ID Number": "2816393"
  },
  {
    "ID Number": "2817160"
  },
  {
    "ID Number": "2843625"
  },
  {
    "ID Number": "2849321"
  },
  {
    "ID Number": "2836700"
  },
  {
    "ID Number": "2836149"
  },
  {
    "ID Number": "2804808"
  },
  {
    "ID Number": "2821400"
  },
  {
    "ID Number": "2855895"
  },
  {
    "ID Number": "2802260"
  },
  {
    "ID Number": "2879280"
  },
  {
    "ID Number": "2846543"
  },
  {
    "ID Number": "2801108"
  },
  {
    "ID Number": "2832798"
  },
  {
    "ID Number": "2887274"
  },
  {
    "ID Number": "2849178"
  },
  {
    "ID Number": "2814196"
  },
  {
    "ID Number": "2834537"
  },
  {
    "ID Number": "2816482"
  },
  {
    "ID Number": "2872447"
  },
  {
    "ID Number": "2846993"
  },
  {
    "ID Number": "2863758"
  },
  {
    "ID Number": "2814064"
  },
  {
    "ID Number": "2835177"
  },
  {
    "ID Number": "2813238"
  },
  {
    "ID Number": "2842068"
  },
  {
    "ID Number": "2845768"
  },
  {
    "ID Number": "2854643"
  },
  {
    "ID Number": "2815168"
  },
  {
    "ID Number": "2807971"
  },
  {
    "ID Number": "2820188"
  },
  {
    "ID Number": "2808250"
  },
  {
    "ID Number": "2814773"
  },
  {
    "ID Number": "2806193"
  },
  {
    "ID Number": "2819376"
  },
  {
    "ID Number": "2860635"
  },
  {
    "ID Number": "2805340"
  },
  {
    "ID Number": "2859467"
  },
  {
    "ID Number": "2856751"
  },
  {
    "ID Number": "2860520"
  },
  {
    "ID Number": "2864401"
  },
  {
    "ID Number": "2853620"
  },
  {
    "ID Number": "2805766"
  },
  {
    "ID Number": "2839814"
  },
  {
    "ID Number": "2839156"
  },
  {
    "ID Number": "2842335"
  },
  {
    "ID Number": "2886871"
  },
  {
    "ID Number": "2808471"
  },
  {
    "ID Number": "2813181"
  },
  {
    "ID Number": "2879786"
  },
  {
    "ID Number": "2845539"
  },
  {
    "ID Number": "2837579"
  },
  {
    "ID Number": "2809281"
  },
  {
    "ID Number": "2808846"
  },
  {
    "ID Number": "2874164"
  },
  {
    "ID Number": "14102072"
  },
  {
    "ID Number": "2808412"
  },
  {
    "ID Number": "2845580"
  },
  {
    "ID Number": "2802015"
  },
  {
    "ID Number": "2868415"
  },
  {
    "ID Number": "4123204"
  },
  {
    "ID Number": "2839709"
  },
  {
    "ID Number": "2812320"
  },
  {
    "ID Number": "2837137"
  },
  {
    "ID Number": "2816873"
  },
  {
    "ID Number": "2800802"
  },
  {
    "ID Number": "2804425"
  },
  {
    "ID Number": "2879700"
  },
  {
    "ID Number": "2856280"
  },
  {
    "ID Number": "2814986"
  },
  {
    "ID Number": "2806444"
  },
  {
    "ID Number": "2845679"
  },
  {
    "ID Number": "2802961"
  },
  {
    "ID Number": "2859513"
  },
  {
    "ID Number": "2842700"
  },
  {
    "ID Number": "2814846"
  },
  {
    "ID Number": "2813971"
  },
  {
    "ID Number": "2841657"
  },
  {
    "ID Number": "2879824"
  },
  {
    "ID Number": "2834464"
  },
  {
    "ID Number": "2839857"
  },
  {
    "ID Number": "2836076"
  },
  {
    "ID Number": "2861186"
  },
  {
    "ID Number": "2807807"
  },
  {
    "ID Number": "2882329"
  },
  {
    "ID Number": "2820986"
  },
  {
    "ID Number": "2830230"
  },
  {
    "ID Number": "2837323"
  },
  {
    "ID Number": "2852837"
  },
  {
    "ID Number": "2867192"
  },
  {
    "ID Number": "2861798"
  },
  {
    "ID Number": "2811812"
  },
  {
    "ID Number": "2804786"
  },
  {
    "ID Number": "2820145"
  },
  {
    "ID Number": "2869365"
  },
  {
    "ID Number": "2802066"
  },
  {
    "ID Number": "2803372"
  },
  {
    "ID Number": "2838044"
  },
  {
    "ID Number": "2817047"
  },
  {
    "ID Number": "2819880"
  },
  {
    "ID Number": "2867737"
  },
  {
    "ID Number": "2870002"
  },
  {
    "ID Number": "2843013"
  },
  {
    "ID Number": "2839881"
  },
  {
    "ID Number": "371281939"
  },
  {
    "ID Number": "2839512"
  },
  {
    "ID Number": "2819392"
  },
  {
    "ID Number": "2809869"
  },
  {
    "ID Number": "2803097"
  },
  {
    "ID Number": "2805936"
  },
  {
    "ID Number": "2847469"
  },
  {
    "ID Number": "2814587"
  },
  {
    "ID Number": "24141143"
  },
  {
    "ID Number": "2837757"
  },
  {
    "ID Number": "2879948"
  },
  {
    "ID Number": "2832518"
  },
  {
    "ID Number": "2858282"
  },
  {
    "ID Number": "2806223"
  },
  {
    "ID Number": "2820579"
  },
  {
    "ID Number": "2813742"
  },
  {
    "ID Number": "2846160"
  },
  {
    "ID Number": "2814200"
  },
  {
    "ID Number": "2856913"
  },
  {
    "ID Number": "2857014"
  },
  {
    "ID Number": "2803925"
  },
  {
    "ID Number": "2878160"
  },
  {
    "ID Number": "2808897"
  },
  {
    "ID Number": "2849844"
  },
  {
    "ID Number": "2864100"
  },
  {
    "ID Number": "2815036"
  },
  {
    "ID Number": "2815338"
  },
  {
    "ID Number": "2815346"
  },
  {
    "ID Number": "2815451"
  },
  {
    "ID Number": "2841894"
  },
  {
    "ID Number": "2853540"
  },
  {
    "ID Number": "2856760"
  },
  {
    "ID Number": "2811952"
  },
  {
    "ID Number": "2837161"
  },
  {
    "ID Number": "2844818"
  },
  {
    "ID Number": "2844761"
  },
  {
    "ID Number": "2825619"
  },
  {
    "ID Number": "2867206"
  },
  {
    "ID Number": "2823071"
  },
  {
    "ID Number": "2806827"
  },
  {
    "ID Number": "2850362"
  },
  {
    "ID Number": "2837340"
  },
  {
    "ID Number": "2816334"
  },
  {
    "ID Number": "2831171"
  },
  {
    "ID Number": "2800403"
  },
  {
    "ID Number": "2823195"
  },
  {
    "ID Number": "2834189"
  },
  {
    "ID Number": "2809788"
  },
  {
    "ID Number": "2863154"
  },
  {
    "ID Number": "2807343"
  },
  {
    "ID Number": "2808218"
  },
  {
    "ID Number": "2851717"
  },
  {
    "ID Number": "2815354"
  },
  {
    "ID Number": "2809486"
  },
  {
    "ID Number": "2843773"
  },
  {
    "ID Number": "2812126"
  },
  {
    "ID Number": "2816245"
  },
  {
    "ID Number": "2845407"
  },
  {
    "ID Number": "2858770"
  },
  {
    "ID Number": "2822059"
  },
  {
    "ID Number": "2854953"
  },
  {
    "ID Number": "2846071"
  },
  {
    "ID Number": "2844699"
  },
  {
    "ID Number": "2820196"
  },
  {
    "ID Number": "2815400"
  },
  {
    "ID Number": "2853302"
  },
  {
    "ID Number": "2826747"
  },
  {
    "ID Number": "2824183"
  },
  {
    "ID Number": "2866080"
  },
  {
    "ID Number": "2816288"
  },
  {
    "ID Number": "2824949"
  },
  {
    "ID Number": "2808170"
  },
  {
    "ID Number": "2843960"
  },
  {
    "ID Number": "2810530"
  },
  {
    "ID Number": "2848783"
  },
  {
    "ID Number": "2808943"
  },
  {
    "ID Number": "2810476"
  },
  {
    "ID Number": "2863936"
  },
  {
    "ID Number": "2824213"
  },
  {
    "ID Number": "2836025"
  },
  {
    "ID Number": "2810166"
  },
  {
    "ID Number": "2863847"
  },
  {
    "ID Number": "2802082"
  },
  {
    "ID Number": "2834650"
  },
  {
    "ID Number": "2847507"
  },
  {
    "ID Number": "2805561"
  },
  {
    "ID Number": "2882795"
  },
  {
    "ID Number": "2818825"
  },
  {
    "ID Number": "2803208"
  },
  {
    "ID Number": "2838770"
  },
  {
    "ID Number": "2816458"
  },
  {
    "ID Number": "2815109"
  },
  {
    "ID Number": "2818345"
  },
  {
    "ID Number": "2804603"
  },
  {
    "ID Number": "2820226"
  },
  {
    "ID Number": "2842190"
  },
  {
    "ID Number": "2815869"
  },
  {
    "ID Number": "2814250"
  },
  {
    "ID Number": "2815460"
  },
  {
    "ID Number": "2832984"
  },
  {
    "ID Number": "2882256"
  },
  {
    "ID Number": "2863588"
  },
  {
    "ID Number": "2854597"
  },
  {
    "ID Number": "2844621"
  },
  {
    "ID Number": "2825457"
  },
  {
    "ID Number": "2811944"
  },
  {
    "ID Number": "2809680"
  },
  {
    "ID Number": "2814110"
  },
  {
    "ID Number": "2802252"
  },
  {
    "ID Number": "2807122"
  },
  {
    "ID Number": "2887231"
  },
  {
    "ID Number": "2812894"
  },
  {
    "ID Number": "2842696"
  },
  {
    "ID Number": "2832496"
  },
  {
    "ID Number": "2880474"
  },
  {
    "ID Number": "2841142"
  },
  {
    "ID Number": "2821176"
  },
  {
    "ID Number": "2805995"
  },
  {
    "ID Number": "2803330"
  },
  {
    "ID Number": "2877716"
  },
  {
    "ID Number": "4142110"
  },
  {
    "ID Number": "2854066"
  },
  {
    "ID Number": "2840154"
  },
  {
    "ID Number": "2804271"
  },
  {
    "ID Number": "2812177"
  },
  {
    "ID Number": "2861682"
  },
  {
    "ID Number": "2808480"
  },
  {
    "ID Number": "2830094"
  },
  {
    "ID Number": "2807211"
  },
  {
    "ID Number": "2815508"
  },
  {
    "ID Number": "24164879"
  },
  {
    "ID Number": "2840952"
  },
  {
    "ID Number": "2831902"
  },
  {
    "ID Number": "2802902"
  },
  {
    "ID Number": "2808064"
  },
  {
    "ID Number": "2859815"
  },
  {
    "ID Number": "2815389"
  },
  {
    "ID Number": "2805073"
  },
  {
    "ID Number": "2849860"
  },
  {
    "ID Number": "2849925"
  },
  {
    "ID Number": "2861038"
  },
  {
    "ID Number": "2813262"
  },
  {
    "ID Number": "2826437"
  },
  {
    "ID Number": "2813270"
  },
  {
    "ID Number": "2863138"
  },
  {
    "ID Number": "2802139"
  },
  {
    "ID Number": "2803844"
  },
  {
    "ID Number": "2826291"
  },
  {
    "ID Number": "2852519"
  },
  {
    "ID Number": "2872064"
  },
  {
    "ID Number": "2860490"
  },
  {
    "ID Number": "2815729"
  },
  {
    "ID Number": "2802597"
  },
  {
    "ID Number": "2813513"
  },
  {
    "ID Number": "2841240"
  },
  {
    "ID Number": "2871769"
  },
  {
    "ID Number": "2875349"
  },
  {
    "ID Number": "2818477"
  },
  {
    "ID Number": "2825333"
  },
  {
    "ID Number": "2801167"
  },
  {
    "ID Number": "2871920"
  },
  {
    "ID Number": "2824973"
  },
  {
    "ID Number": "2839873"
  },
  {
    "ID Number": "2804441"
  },
  {
    "ID Number": "2805952"
  },
  {
    "ID Number": "2820668"
  },
  {
    "ID Number": "2803020"
  },
  {
    "ID Number": "2828928"
  },
  {
    "ID Number": "2800900"
  },
  {
    "ID Number": "2862352"
  },
  {
    "ID Number": "2864800"
  },
  {
    "ID Number": "2846772"
  },
  {
    "ID Number": "2818353"
  },
  {
    "ID Number": "2808188"
  },
  {
    "ID Number": "2865661"
  },
  {
    "ID Number": "2861755"
  },
  {
    "ID Number": "2856506"
  },
  {
    "ID Number": "2864355"
  },
  {
    "ID Number": "2801175"
  },
  {
    "ID Number": "2848775"
  },
  {
    "ID Number": "2856867"
  },
  {
    "ID Number": "2849836"
  },
  {
    "ID Number": "2813025"
  },
  {
    "ID Number": "2808005"
  },
  {
    "ID Number": "2862557"
  },
  {
    "ID Number": "2842688"
  },
  {
    "ID Number": "2824981"
  },
  {
    "ID Number": "2836351"
  },
  {
    "ID Number": "2866200"
  },
  {
    "ID Number": "2811723"
  },
  {
    "ID Number": "2801892"
  },
  {
    "ID Number": "2811391"
  },
  {
    "ID Number": "2887193"
  },
  {
    "ID Number": "2822172"
  },
  {
    "ID Number": "2825996"
  },
  {
    "ID Number": "2815281"
  },
  {
    "ID Number": "2835487"
  },
  {
    "ID Number": "2871661"
  },
  {
    "ID Number": "2829053"
  },
  {
    "ID Number": "2822806"
  },
  {
    "ID Number": "2815010"
  },
  {
    "ID Number": "2866145"
  },
  {
    "ID Number": "2817691"
  },
  {
    "ID Number": "2834480"
  },
  {
    "ID Number": "2844702"
  },
  {
    "ID Number": "2832542"
  },
  {
    "ID Number": "2818230"
  },
  {
    "ID Number": "2816520"
  },
  {
    "ID Number": "2887185"
  },
  {
    "ID Number": "2841649"
  },
  {
    "ID Number": "2813050"
  },
  {
    "ID Number": "2812185"
  },
  {
    "ID Number": "2835304"
  },
  {
    "ID Number": "2822067"
  },
  {
    "ID Number": "2847027"
  },
  {
    "ID Number": "2816067"
  },
  {
    "ID Number": "2813734"
  },
  {
    "ID Number": "2809192"
  },
  {
    "ID Number": "2843552"
  },
  {
    "ID Number": "2816075"
  },
  {
    "ID Number": "2863464"
  },
  {
    "ID Number": "2862000"
  },
  {
    "ID Number": "2875853"
  },
  {
    "ID Number": "2871637"
  },
  {
    "ID Number": "2814099"
  },
  {
    "ID Number": "2818973"
  },
  {
    "ID Number": "2858835"
  },
  {
    "ID Number": "2823470"
  },
  {
    "ID Number": "2887711"
  },
  {
    "ID Number": "2845911"
  },
  {
    "ID Number": "2857383"
  },
  {
    "ID Number": "2857510"
  },
  {
    "ID Number": "2827433"
  },
  {
    "ID Number": "2801914"
  },
  {
    "ID Number": "2814293"
  },
  {
    "ID Number": "2803569"
  },
  {
    "ID Number": "371281868"
  },
  {
    "ID Number": "2849275"
  },
  {
    "ID Number": "2822237"
  },
  {
    "ID Number": "2830108"
  },
  {
    "ID Number": "2809427"
  },
  {
    "ID Number": "2800071"
  },
  {
    "ID Number": "2845954"
  },
  {
    "ID Number": "2863731"
  },
  {
    "ID Number": "2877082"
  },
  {
    "ID Number": "2876159"
  },
  {
    "ID Number": "2868164"
  },
  {
    "ID Number": "2807548"
  },
  {
    "ID Number": "2839474"
  },
  {
    "ID Number": "2847744"
  },
  {
    "ID Number": "2820269"
  },
  {
    "ID Number": "2859122"
  },
  {
    "ID Number": "2860783"
  },
  {
    "ID Number": "2851261"
  },
  {
    "ID Number": "2809290"
  },
  {
    "ID Number": "2876183"
  },
  {
    "ID Number": "2859971"
  },
  {
    "ID Number": "2804166"
  },
  {
    "ID Number": "2843994"
  },
  {
    "ID Number": "2844940"
  },
  {
    "ID Number": "2862948"
  },
  {
    "ID Number": "2825783"
  },
  {
    "ID Number": "2855160"
  },
  {
    "ID Number": "2879310"
  },
  {
    "ID Number": "2804646"
  },
  {
    "ID Number": "2848635"
  },
  {
    "ID Number": "2804620"
  },
  {
    "ID Number": "2806908"
  },
  {
    "ID Number": "2877473"
  },
  {
    "ID Number": "2826828"
  },
  {
    "ID Number": "2816296"
  },
  {
    "ID Number": "2803585"
  },
  {
    "ID Number": "2816784"
  },
  {
    "ID Number": "2849364"
  },
  {
    "ID Number": "2809052"
  },
  {
    "ID Number": "2843803"
  },
  {
    "ID Number": "2819961"
  },
  {
    "ID Number": "2815788"
  },
  {
    "ID Number": "2855984"
  },
  {
    "ID Number": "2874911"
  },
  {
    "ID Number": "2859947"
  },
  {
    "ID Number": "2825023"
  },
  {
    "ID Number": "2873460"
  },
  {
    "ID Number": "2811111"
  },
  {
    "ID Number": "2821966"
  },
  {
    "ID Number": "2812665"
  },
  {
    "ID Number": "2840480"
  },
  {
    "ID Number": "2840944"
  },
  {
    "ID Number": "2856255"
  },
  {
    "ID Number": "2878739"
  },
  {
    "ID Number": "2861020"
  },
  {
    "ID Number": "2825422"
  },
  {
    "ID Number": "2826810"
  },
  {
    "ID Number": "2837897"
  },
  {
    "ID Number": "2824124"
  },
  {
    "ID Number": "2828944"
  },
  {
    "ID Number": "2828952"
  },
  {
    "ID Number": "2815133"
  },
  {
    "ID Number": "2807017"
  },
  {
    "ID Number": "34150606"
  },
  {
    "ID Number": "2861208"
  },
  {
    "ID Number": "2807106"
  },
  {
    "ID Number": "14114895"
  },
  {
    "ID Number": "2836661"
  },
  {
    "ID Number": "2882710"
  },
  {
    "ID Number": "2814560"
  },
  {
    "ID Number": "2814633"
  },
  {
    "ID Number": "2809532"
  },
  {
    "ID Number": "2839849"
  },
  {
    "ID Number": "2842076"
  },
  {
    "ID Number": "2826275"
  },
  {
    "ID Number": "2835134"
  },
  {
    "ID Number": "2818361"
  },
  {
    "ID Number": "2806142"
  },
  {
    "ID Number": "2849950"
  },
  {
    "ID Number": "2840251"
  },
  {
    "ID Number": "2856050"
  },
  {
    "ID Number": "2870070"
  },
  {
    "ID Number": "2816768"
  },
  {
    "ID Number": "2821117"
  },
  {
    "ID Number": "2810808"
  },
  {
    "ID Number": "2825040"
  },
  {
    "ID Number": "2850117"
  },
  {
    "ID Number": "2841126"
  },
  {
    "ID Number": "2850109"
  },
  {
    "ID Number": "2846080"
  },
  {
    "ID Number": "2818949"
  },
  {
    "ID Number": "2800675"
  },
  {
    "ID Number": "2814170"
  },
  {
    "ID Number": "2850907"
  },
  {
    "ID Number": "2814161"
  },
  {
    "ID Number": "2841878"
  },
  {
    "ID Number": "2844710"
  },
  {
    "ID Number": "2883384"
  },
  {
    "ID Number": "34188611"
  },
  {
    "ID Number": "2872145"
  },
  {
    "ID Number": "2802090"
  },
  {
    "ID Number": "2864525"
  },
  {
    "ID Number": "2835029"
  },
  {
    "ID Number": "2836475"
  },
  {
    "ID Number": "2855704"
  },
  {
    "ID Number": "2886391"
  },
  {
    "ID Number": "2843412"
  },
  {
    "ID Number": "2861810"
  },
  {
    "ID Number": "2834430"
  },
  {
    "ID Number": "2864371"
  },
  {
    "ID Number": "2859475"
  },
  {
    "ID Number": "2816199"
  },
  {
    "ID Number": "2828502"
  },
  {
    "ID Number": "2846632"
  },
  {
    "ID Number": "2816890"
  },
  {
    "ID Number": "2847990"
  },
  {
    "ID Number": "2871173"
  },
  {
    "ID Number": "2847833"
  },
  {
    "ID Number": "2843897"
  },
  {
    "ID Number": "2813408"
  },
  {
    "ID Number": "2818752"
  },
  {
    "ID Number": "2837455"
  },
  {
    "ID Number": "2826887"
  },
  {
    "ID Number": "2800500"
  },
  {
    "ID Number": "2840170"
  },
  {
    "ID Number": "2802996"
  },
  {
    "ID Number": "2836238"
  },
  {
    "ID Number": "2843226"
  },
  {
    "ID Number": "3236293"
  },
  {
    "ID Number": "2832534"
  },
  {
    "ID Number": "2823926"
  },
  {
    "ID Number": "2807645"
  },
  {
    "ID Number": "2822032"
  },
  {
    "ID Number": "2883422"
  },
  {
    "ID Number": "2863332"
  },
  {
    "ID Number": "2873648"
  },
  {
    "ID Number": "2825066"
  },
  {
    "ID Number": "2825074"
  },
  {
    "ID Number": "2823632"
  },
  {
    "ID Number": "2874938"
  },
  {
    "ID Number": "2836840"
  },
  {
    "ID Number": "2845326"
  },
  {
    "ID Number": "2861470"
  },
  {
    "ID Number": "2887266"
  },
  {
    "ID Number": "2827697"
  },
  {
    "ID Number": "2839261"
  },
  {
    "ID Number": "2812614"
  },
  {
    "ID Number": "2825481"
  },
  {
    "ID Number": "2800446"
  },
  {
    "ID Number": "2839636"
  },
  {
    "ID Number": "2886707"
  },
  {
    "ID Number": "2813750"
  },
  {
    "ID Number": "2825082"
  },
  {
    "ID Number": "2807408"
  },
  {
    "ID Number": "2816636"
  },
  {
    "ID Number": "2814242"
  },
  {
    "ID Number": "2880695"
  },
  {
    "ID Number": "2882370"
  },
  {
    "ID Number": "2813661"
  },
  {
    "ID Number": "2878879"
  },
  {
    "ID Number": "2879530"
  },
  {
    "ID Number": "2857367"
  },
  {
    "ID Number": "2830787"
  },
  {
    "ID Number": "2818647"
  },
  {
    "ID Number": "2807165"
  },
  {
    "ID Number": "2885514"
  },
  {
    "ID Number": "2878119"
  },
  {
    "ID Number": "2825090"
  },
  {
    "ID Number": "2835967"
  },
  {
    "ID Number": "2869330"
  },
  {
    "ID Number": "2818027"
  },
  {
    "ID Number": "2837730"
  },
  {
    "ID Number": "2812398"
  },
  {
    "ID Number": "2811472"
  },
  {
    "ID Number": "2873966"
  },
  {
    "ID Number": "2854341"
  },
  {
    "ID Number": "2862379"
  },
  {
    "ID Number": "2815567"
  },
  {
    "ID Number": "2809060"
  },
  {
    "ID Number": "2821974"
  },
  {
    "ID Number": "2806584"
  },
  {
    "ID Number": "2806258"
  },
  {
    "ID Number": "2804840"
  },
  {
    "ID Number": "2804344"
  },
  {
    "ID Number": "2830175"
  },
  {
    "ID Number": "2846241"
  },
  {
    "ID Number": "2804875"
  },
  {
    "ID Number": "2863642"
  },
  {
    "ID Number": "2877619"
  },
  {
    "ID Number": "2865807"
  },
  {
    "ID Number": "2810190"
  },
  {
    "ID Number": "2870177"
  },
  {
    "ID Number": "2837862"
  },
  {
    "ID Number": "2848724"
  },
  {
    "ID Number": "2827174"
  },
  {
    "ID Number": "2873192"
  },
  {
    "ID Number": "2808234"
  },
  {
    "ID Number": "2881705"
  },
  {
    "ID Number": "2850354"
  },
  {
    "ID Number": "2800993"
  },
  {
    "ID Number": "2864380"
  },
  {
    "ID Number": "2822075"
  },
  {
    "ID Number": "2816806"
  },
  {
    "ID Number": "2834111"
  },
  {
    "ID Number": "2844214"
  },
  {
    "ID Number": "2869349"
  },
  {
    "ID Number": "2838389"
  },
  {
    "ID Number": "2850214"
  },
  {
    "ID Number": "2842416"
  },
  {
    "ID Number": "2809699"
  },
  {
    "ID Number": "2835711"
  },
  {
    "ID Number": "2832739"
  },
  {
    "ID Number": "2817381"
  },
  {
    "ID Number": "2853779"
  },
  {
    "ID Number": "2837269"
  },
  {
    "ID Number": "2883350"
  },
  {
    "ID Number": "2813807"
  },
  {
    "ID Number": "14188660"
  },
  {
    "ID Number": "2805367"
  },
  {
    "ID Number": "2864533"
  },
  {
    "ID Number": "2853280"
  },
  {
    "ID Number": "2808544"
  },
  {
    "ID Number": "2885565"
  },
  {
    "ID Number": "2845920"
  },
  {
    "ID Number": "2886715"
  },
  {
    "ID Number": "2858843"
  },
  {
    "ID Number": "2811154"
  },
  {
    "ID Number": "2844850"
  },
  {
    "ID Number": "2850290"
  },
  {
    "ID Number": "2847981"
  },
  {
    "ID Number": "2800047"
  },
  {
    "ID Number": "2825775"
  },
  {
    "ID Number": "2825791"
  },
  {
    "ID Number": "2860384"
  },
  {
    "ID Number": "2869055"
  },
  {
    "ID Number": "2857502"
  },
  {
    "ID Number": "2882060"
  },
  {
    "ID Number": "2857146"
  },
  {
    "ID Number": "2806843"
  },
  {
    "ID Number": "2826615"
  },
  {
    "ID Number": "2804336"
  },
  {
    "ID Number": "2845636"
  },
  {
    "ID Number": "2879514"
  },
  {
    "ID Number": "2846462"
  },
  {
    "ID Number": "2863421"
  },
  {
    "ID Number": "2802589"
  },
  {
    "ID Number": "2815834"
  },
  {
    "ID Number": "2846179"
  },
  {
    "ID Number": "2803836"
  },
  {
    "ID Number": "2826534"
  },
  {
    "ID Number": "2828251"
  },
  {
    "ID Number": "2829690"
  },
  {
    "ID Number": "2844680"
  },
  {
    "ID Number": "2850150"
  },
  {
    "ID Number": "2815150"
  },
  {
    "ID Number": "2822210"
  },
  {
    "ID Number": "2831392"
  },
  {
    "ID Number": "2825104"
  },
  {
    "ID Number": "2814820"
  },
  {
    "ID Number": "2834820"
  },
  {
    "ID Number": "2806851"
  },
  {
    "ID Number": "2822890"
  },
  {
    "ID Number": "2806576"
  },
  {
    "ID Number": "2804298"
  },
  {
    "ID Number": "2804158"
  },
  {
    "ID Number": "2825120"
  },
  {
    "ID Number": "2837870"
  },
  {
    "ID Number": "2802228"
  },
  {
    "ID Number": "2853299"
  },
  {
    "ID Number": "2849135"
  },
  {
    "ID Number": "2857430"
  },
  {
    "ID Number": "2813696"
  },
  {
    "ID Number": "2831511"
  },
  {
    "ID Number": "2887738"
  },
  {
    "ID Number": "2818981"
  },
  {
    "ID Number": "2873540"
  },
  {
    "ID Number": "2873524"
  },
  {
    "ID Number": "2873567"
  },
  {
    "ID Number": "2811170"
  },
  {
    "ID Number": "2802171"
  },
  {
    "ID Number": "2875497"
  },
  {
    "ID Number": "2811189"
  },
  {
    "ID Number": "2875985"
  },
  {
    "ID Number": "2820609"
  },
  {
    "ID Number": "2828189"
  },
  {
    "ID Number": "2865645"
  },
  {
    "ID Number": "2859033"
  },
  {
    "ID Number": "2802074"
  },
  {
    "ID Number": "2846152"
  },
  {
    "ID Number": "2808269"
  },
  {
    "ID Number": "2870215"
  },
  {
    "ID Number": "2812720"
  },
  {
    "ID Number": "2822245"
  },
  {
    "ID Number": "2828740"
  },
  {
    "ID Number": "2859076"
  },
  {
    "ID Number": "2816750"
  },
  {
    "ID Number": "2811570"
  },
  {
    "ID Number": "2819791"
  },
  {
    "ID Number": "2809141"
  },
  {
    "ID Number": "2803445"
  },
  {
    "ID Number": "2821052"
  },
  {
    "ID Number": "2828804"
  },
  {
    "ID Number": "2860961"
  },
  {
    "ID Number": "2803992"
  },
  {
    "ID Number": "2846616"
  },
  {
    "ID Number": "2840880"
  },
  {
    "ID Number": "2882833"
  },
  {
    "ID Number": "2815079"
  },
  {
    "ID Number": "2871300"
  },
  {
    "ID Number": "2830485"
  },
  {
    "ID Number": "2814803"
  },
  {
    "ID Number": "2817470"
  },
  {
    "ID Number": "2826127"
  },
  {
    "ID Number": "2826135"
  },
  {
    "ID Number": "2855038"
  },
  {
    "ID Number": "2817322"
  },
  {
    "ID Number": "2863235"
  },
  {
    "ID Number": "2840960"
  },
  {
    "ID Number": "2872692"
  },
  {
    "ID Number": "2875357"
  },
  {
    "ID Number": "2844966"
  },
  {
    "ID Number": "2860449"
  },
  {
    "ID Number": "2806860"
  },
  {
    "ID Number": "2812487"
  },
  {
    "ID Number": "2806290"
  },
  {
    "ID Number": "2848570"
  },
  {
    "ID Number": "2826895"
  },
  {
    "ID Number": "2845466"
  },
  {
    "ID Number": "2839628"
  },
  {
    "ID Number": "2836629"
  },
  {
    "ID Number": "2845300"
  },
  {
    "ID Number": "2825937"
  },
  {
    "ID Number": "371282346"
  },
  {
    "ID Number": "2858754"
  },
  {
    "ID Number": "2814625"
  },
  {
    "ID Number": "2839865"
  },
  {
    "ID Number": "2877155"
  },
  {
    "ID Number": "2816938"
  },
  {
    "ID Number": "2858010"
  },
  {
    "ID Number": "2825465"
  },
  {
    "ID Number": "2844281"
  },
  {
    "ID Number": "2855054"
  },
  {
    "ID Number": "2825368"
  },
  {
    "ID Number": "2828227"
  },
  {
    "ID Number": "2807777"
  },
  {
    "ID Number": "2808021"
  },
  {
    "ID Number": "2817063"
  },
  {
    "ID Number": "2862883"
  },
  {
    "ID Number": "2832046"
  },
  {
    "ID Number": "2878747"
  },
  {
    "ID Number": "2816920"
  },
  {
    "ID Number": "2811880"
  },
  {
    "ID Number": "2855496"
  },
  {
    "ID Number": "2834030"
  },
  {
    "ID Number": "2864363"
  },
  {
    "ID Number": "2833557"
  },
  {
    "ID Number": "2877546"
  },
  {
    "ID Number": "2874652"
  },
  {
    "ID Number": "2877775"
  },
  {
    "ID Number": "2813300"
  },
  {
    "ID Number": "2866471"
  },
  {
    "ID Number": "2816628"
  },
  {
    "ID Number": "2805855"
  },
  {
    "ID Number": "2800624"
  },
  {
    "ID Number": "2839792"
  },
  {
    "ID Number": "2802198"
  },
  {
    "ID Number": "2813017"
  },
  {
    "ID Number": "2803518"
  },
  {
    "ID Number": "2849917"
  },
  {
    "ID Number": "2886065"
  },
  {
    "ID Number": "2869284"
  },
  {
    "ID Number": "2822938"
  },
  {
    "ID Number": "2808994"
  },
  {
    "ID Number": "2817152"
  },
  {
    "ID Number": "2884283"
  },
  {
    "ID Number": "2815800"
  },
  {
    "ID Number": "2805685"
  },
  {
    "ID Number": "2886340"
  },
  {
    "ID Number": "2860805"
  },
  {
    "ID Number": "2830574"
  },
  {
    "ID Number": "2863685"
  },
  {
    "ID Number": "2859912"
  },
  {
    "ID Number": "2808374"
  },
  {
    "ID Number": "2834057"
  },
  {
    "ID Number": "2800810"
  },
  {
    "ID Number": "2813556"
  },
  {
    "ID Number": "2808072"
  },
  {
    "ID Number": "2811324"
  },
  {
    "ID Number": "2874091"
  },
  {
    "ID Number": "2821079"
  },
  {
    "ID Number": "2877384"
  },
  {
    "ID Number": "2858665"
  },
  {
    "ID Number": "2872048"
  },
  {
    "ID Number": "2845890"
  },
  {
    "ID Number": "2801582"
  },
  {
    "ID Number": "2864398"
  },
  {
    "ID Number": "2847221"
  },
  {
    "ID Number": "2841436"
  },
  {
    "ID Number": "2876540"
  },
  {
    "ID Number": "2881039"
  },
  {
    "ID Number": "2821575"
  },
  {
    "ID Number": "2831910"
  },
  {
    "ID Number": "2820617"
  },
  {
    "ID Number": "2827956"
  },
  {
    "ID Number": "2839954"
  },
  {
    "ID Number": "2807947"
  },
  {
    "ID Number": "2850737"
  },
  {
    "ID Number": "2843951"
  },
  {
    "ID Number": "2819643"
  },
  {
    "ID Number": "2867249"
  },
  {
    "ID Number": "2856360"
  },
  {
    "ID Number": "2882078"
  },
  {
    "ID Number": "2817071"
  },
  {
    "ID Number": "2818515"
  },
  {
    "ID Number": "2857154"
  },
  {
    "ID Number": "2827280"
  },
  {
    "ID Number": "2873150"
  },
  {
    "ID Number": "2802848"
  },
  {
    "ID Number": "2828987"
  },
  {
    "ID Number": "2845571"
  },
  {
    "ID Number": "2845253"
  },
  {
    "ID Number": "2810077"
  },
  {
    "ID Number": "2860937"
  },
  {
    "ID Number": "2801280"
  },
  {
    "ID Number": "2833700"
  },
  {
    "ID Number": "2834472"
  },
  {
    "ID Number": "2822288"
  },
  {
    "ID Number": "2836220"
  },
  {
    "ID Number": "2877104"
  },
  {
    "ID Number": "2838168"
  },
  {
    "ID Number": "2820323"
  },
  {
    "ID Number": "2848660"
  },
  {
    "ID Number": "2811790"
  },
  {
    "ID Number": "2802163"
  },
  {
    "ID Number": "2802627"
  },
  {
    "ID Number": "2810484"
  },
  {
    "ID Number": "2829355"
  },
  {
    "ID Number": "2879972"
  },
  {
    "ID Number": "2839911"
  },
  {
    "ID Number": "2822296"
  },
  {
    "ID Number": "2811871"
  },
  {
    "ID Number": "2845059"
  },
  {
    "ID Number": "2861496"
  },
  {
    "ID Number": "2840871"
  },
  {
    "ID Number": "2816610"
  },
  {
    "ID Number": "2852810"
  },
  {
    "ID Number": "2838877"
  },
  {
    "ID Number": "2827190"
  },
  {
    "ID Number": "2858630"
  },
  {
    "ID Number": "2844958"
  },
  {
    "ID Number": "2861518"
  },
  {
    "ID Number": "2852624"
  },
  {
    "ID Number": "2860910"
  },
  {
    "ID Number": "2809702"
  },
  {
    "ID Number": "2869071"
  },
  {
    "ID Number": "2862336"
  },
  {
    "ID Number": "2849399"
  },
  {
    "ID Number": "4145348"
  },
  {
    "ID Number": "2846551"
  },
  {
    "ID Number": "2848708"
  },
  {
    "ID Number": "2811979"
  },
  {
    "ID Number": "2804700"
  },
  {
    "ID Number": "2812932"
  },
  {
    "ID Number": "2861593"
  },
  {
    "ID Number": "2832623"
  },
  {
    "ID Number": "2805928"
  },
  {
    "ID Number": "2859092"
  },
  {
    "ID Number": "2854880"
  },
  {
    "ID Number": "2856417"
  },
  {
    "ID Number": "2864495"
  },
  {
    "ID Number": "4106482"
  },
  {
    "ID Number": "2837668"
  },
  {
    "ID Number": "2825660"
  },
  {
    "ID Number": "2804948"
  },
  {
    "ID Number": "2855410"
  },
  {
    "ID Number": "2841207"
  },
  {
    "ID Number": "2813955"
  },
  {
    "ID Number": "2886421"
  },
  {
    "ID Number": "2811332"
  },
  {
    "ID Number": "2876329"
  },
  {
    "ID Number": "2881586"
  },
  {
    "ID Number": "2877830"
  },
  {
    "ID Number": "2877899"
  },
  {
    "ID Number": "2842360"
  },
  {
    "ID Number": "2800314"
  },
  {
    "ID Number": "2800632"
  },
  {
    "ID Number": "2856557"
  },
  {
    "ID Number": "2805839"
  },
  {
    "ID Number": "2849305"
  },
  {
    "ID Number": "2864711"
  },
  {
    "ID Number": "2824264"
  },
  {
    "ID Number": "2821435"
  },
  {
    "ID Number": "2812061"
  },
  {
    "ID Number": "2827476"
  },
  {
    "ID Number": "2813831"
  },
  {
    "ID Number": "2809494"
  },
  {
    "ID Number": "2821419"
  },
  {
    "ID Number": "2863839"
  },
  {
    "ID Number": "2810581"
  },
  {
    "ID Number": "2828243"
  },
  {
    "ID Number": "2847795"
  },
  {
    "ID Number": "2823594"
  },
  {
    "ID Number": "2872617"
  },
  {
    "ID Number": "2817489"
  },
  {
    "ID Number": "2835533"
  },
  {
    "ID Number": "2809931"
  },
  {
    "ID Number": "14100126"
  },
  {
    "ID Number": "2808080"
  },
  {
    "ID Number": "2875900"
  },
  {
    "ID Number": "2821354"
  },
  {
    "ID Number": "4169930"
  },
  {
    "ID Number": "2881900"
  },
  {
    "ID Number": "2822695"
  },
  {
    "ID Number": "2849267"
  },
  {
    "ID Number": "2825180"
  },
  {
    "ID Number": "2815826"
  },
  {
    "ID Number": "2801663"
  },
  {
    "ID Number": "2801671"
  },
  {
    "ID Number": "2863871"
  },
  {
    "ID Number": "2820706"
  },
  {
    "ID Number": "2819023"
  },
  {
    "ID Number": "2838397"
  },
  {
    "ID Number": "2800730"
  },
  {
    "ID Number": "2848988"
  },
  {
    "ID Number": "2811740"
  },
  {
    "ID Number": "2836041"
  },
  {
    "ID Number": "2818523"
  },
  {
    "ID Number": "2880229"
  },
  {
    "ID Number": "2870797"
  },
  {
    "ID Number": "2871386"
  },
  {
    "ID Number": "2864169"
  },
  {
    "ID Number": "2837200"
  },
  {
    "ID Number": "2813947"
  },
  {
    "ID Number": "2801990"
  },
  {
    "ID Number": "2811251"
  },
  {
    "ID Number": "2823578"
  },
  {
    "ID Number": "2816946"
  },
  {
    "ID Number": "2816970"
  },
  {
    "ID Number": "2844311"
  },
  {
    "ID Number": "2870665"
  },
  {
    "ID Number": "2808790"
  },
  {
    "ID Number": "2800101"
  },
  {
    "ID Number": "2815435"
  },
  {
    "ID Number": "2822881"
  },
  {
    "ID Number": "2820242"
  },
  {
    "ID Number": "2863472"
  },
  {
    "ID Number": "2802724"
  },
  {
    "ID Number": "2839687"
  },
  {
    "ID Number": "2875276"
  },
  {
    "ID Number": "2878992"
  },
  {
    "ID Number": "2820218"
  },
  {
    "ID Number": "2861364"
  },
  {
    "ID Number": "2841355"
  },
  {
    "ID Number": "2867559"
  },
  {
    "ID Number": "2819287"
  },
  {
    "ID Number": "2819244"
  },
  {
    "ID Number": "2847655"
  },
  {
    "ID Number": "2824086"
  },
  {
    "ID Number": "2820250"
  },
  {
    "ID Number": "2806983"
  },
  {
    "ID Number": "2805030"
  },
  {
    "ID Number": "2803283"
  },
  {
    "ID Number": "4130715"
  },
  {
    "ID Number": "2846730"
  },
  {
    "ID Number": "2816474"
  },
  {
    "ID Number": "2815664"
  },
  {
    "ID Number": "2803160"
  },
  {
    "ID Number": "2803798"
  },
  {
    "ID Number": "2816598"
  },
  {
    "ID Number": "2807254"
  },
  {
    "ID Number": "2879476"
  },
  {
    "ID Number": "2860929"
  },
  {
    "ID Number": "2828197"
  },
  {
    "ID Number": "2816229"
  },
  {
    "ID Number": "2801795"
  },
  {
    "ID Number": "2853469"
  },
  {
    "ID Number": "2831279"
  },
  {
    "ID Number": "2819015"
  },
  {
    "ID Number": "2802767"
  },
  {
    "ID Number": "2846446"
  },
  {
    "ID Number": "2807750"
  },
  {
    "ID Number": "2800454"
  },
  {
    "ID Number": "2833468"
  },
  {
    "ID Number": "2843919"
  },
  {
    "ID Number": "2860112"
  },
  {
    "ID Number": "2871602"
  },
  {
    "ID Number": "2825961"
  },
  {
    "ID Number": "2821559"
  },
  {
    "ID Number": "2814595"
  },
  {
    "ID Number": "24104434"
  },
  {
    "ID Number": "2816989"
  },
  {
    "ID Number": "2845199"
  },
  {
    "ID Number": "2845105"
  },
  {
    "ID Number": "2844796"
  },
  {
    "ID Number": "2872790"
  },
  {
    "ID Number": "2802007"
  },
  {
    "ID Number": "2849003"
  },
  {
    "ID Number": "2801787"
  },
  {
    "ID Number": "2849682"
  },
  {
    "ID Number": "2843463"
  },
  {
    "ID Number": "2839407"
  },
  {
    "ID Number": "2816237"
  },
  {
    "ID Number": "2804069"
  },
  {
    "ID Number": "2822911"
  },
  {
    "ID Number": "2855240"
  },
  {
    "ID Number": "2809370"
  },
  {
    "ID Number": "2808609"
  },
  {
    "ID Number": "2860180"
  },
  {
    "ID Number": "2825546"
  },
  {
    "ID Number": "2807831"
  },
  {
    "ID Number": "2847922"
  },
  {
    "ID Number": "2855453"
  },
  {
    "ID Number": "2821532"
  },
  {
    "ID Number": "2863812"
  },
  {
    "ID Number": "2866196"
  },
  {
    "ID Number": "2856832"
  },
  {
    "ID Number": "2844044"
  },
  {
    "ID Number": "2813653"
  },
  {
    "ID Number": "14188309"
  },
  {
    "ID Number": "2858649"
  },
  {
    "ID Number": "2863219"
  },
  {
    "ID Number": "2859661"
  },
  {
    "ID Number": "2860740"
  },
  {
    "ID Number": "2808099"
  },
  {
    "ID Number": "2800926"
  },
  {
    "ID Number": "2842483"
  },
  {
    "ID Number": "2887169"
  },
  {
    "ID Number": "2814960"
  },
  {
    "ID Number": "2828359"
  },
  {
    "ID Number": "2808803"
  },
  {
    "ID Number": "2825503"
  },
  {
    "ID Number": "2879000"
  },
  {
    "ID Number": "2811529"
  },
  {
    "ID Number": "2810611"
  },
  {
    "ID Number": "2810620"
  },
  {
    "ID Number": "2817292"
  },
  {
    "ID Number": "2877724"
  },
  {
    "ID Number": "2834219"
  },
  {
    "ID Number": "2876396"
  },
  {
    "ID Number": "2834936"
  },
  {
    "ID Number": "2874059"
  },
  {
    "ID Number": "2885735"
  },
  {
    "ID Number": "2882353"
  },
  {
    "ID Number": "2827263"
  },
  {
    "ID Number": "2887177"
  },
  {
    "ID Number": "2828200"
  },
  {
    "ID Number": "2858320"
  },
  {
    "ID Number": "2817098"
  },
  {
    "ID Number": "2806428"
  },
  {
    "ID Number": "2838370"
  },
  {
    "ID Number": "2853868"
  },
  {
    "ID Number": "2812584"
  },
  {
    "ID Number": "2808668"
  },
  {
    "ID Number": "2852616"
  },
  {
    "ID Number": "2823586"
  },
  {
    "ID Number": "2828715"
  },
  {
    "ID Number": "2828707"
  },
  {
    "ID Number": "2868970"
  },
  {
    "ID Number": "2829142"
  },
  {
    "ID Number": "2880377"
  },
  {
    "ID Number": "2800128"
  },
  {
    "ID Number": "2871858"
  },
  {
    "ID Number": "2818124"
  },
  {
    "ID Number": "2820900"
  },
  {
    "ID Number": "2829240"
  },
  {
    "ID Number": "2874610"
  },
  {
    "ID Number": "2862328"
  },
  {
    "ID Number": "34392041"
  },
  {
    "ID Number": "34127895"
  },
  {
    "ID Number": "2803240"
  },
  {
    "ID Number": "2862891"
  },
  {
    "ID Number": "2851121"
  },
  {
    "ID Number": "2842386"
  },
  {
    "ID Number": "2824493"
  },
  {
    "ID Number": "2843668"
  },
  {
    "ID Number": "2841517"
  },
  {
    "ID Number": "2838427"
  },
  {
    "ID Number": "2871572"
  },
  {
    "ID Number": "2863111"
  },
  {
    "ID Number": "2809893"
  },
  {
    "ID Number": "2825651"
  },
  {
    "ID Number": "2823993"
  },
  {
    "ID Number": "2828995"
  },
  {
    "ID Number": "4187440"
  },
  {
    "ID Number": "2821885"
  },
  {
    "ID Number": "13512595"
  },
  {
    "ID Number": "2885590"
  },
  {
    "ID Number": "2825295"
  },
  {
    "ID Number": "2814315"
  },
  {
    "ID Number": "2827522"
  },
  {
    "ID Number": "2808455"
  },
  {
    "ID Number": "2827875"
  },
  {
    "ID Number": "2814935"
  },
  {
    "ID Number": "2838800"
  },
  {
    "ID Number": "2858690"
  },
  {
    "ID Number": "2876450"
  },
  {
    "ID Number": "2869152"
  },
  {
    "ID Number": "2849127"
  },
  {
    "ID Number": "2801710"
  },
  {
    "ID Number": "2801442"
  },
  {
    "ID Number": "2850303"
  },
  {
    "ID Number": "2860350"
  },
  {
    "ID Number": "2816997"
  },
  {
    "ID Number": "2865734"
  },
  {
    "ID Number": "2816024"
  },
  {
    "ID Number": "2810280"
  },
  {
    "ID Number": "2821567"
  },
  {
    "ID Number": "2862255"
  },
  {
    "ID Number": "2823349"
  },
  {
    "ID Number": "2862778"
  },
  {
    "ID Number": "2824388"
  },
  {
    "ID Number": "2811545"
  },
  {
    "ID Number": "2856131"
  },
  {
    "ID Number": "2841428"
  },
  {
    "ID Number": "2867303"
  },
  {
    "ID Number": "2868059"
  },
  {
    "ID Number": "2834790"
  },
  {
    "ID Number": "2843366"
  },
  {
    "ID Number": "2826410"
  },
  {
    "ID Number": "2804255"
  },
  {
    "ID Number": "2864070"
  },
  {
    "ID Number": "2882566"
  },
  {
    "ID Number": "2823519"
  },
  {
    "ID Number": "2806878"
  },
  {
    "ID Number": "2814366"
  },
  {
    "ID Number": "2805910"
  },
  {
    "ID Number": "2851504"
  },
  {
    "ID Number": "2872030"
  },
  {
    "ID Number": "2848139"
  },
  {
    "ID Number": "2842785"
  },
  {
    "ID Number": "2806096"
  },
  {
    "ID Number": "2801876"
  },
  {
    "ID Number": "2806401"
  },
  {
    "ID Number": "2807041"
  },
  {
    "ID Number": "2871580"
  },
  {
    "ID Number": "2853108"
  },
  {
    "ID Number": "2881152"
  },
  {
    "ID Number": "2874806"
  },
  {
    "ID Number": "2813211"
  },
  {
    "ID Number": "2815494"
  },
  {
    "ID Number": "2844559"
  },
  {
    "ID Number": "2850540"
  },
  {
    "ID Number": "2879930"
  },
  {
    "ID Number": "2815044"
  },
  {
    "ID Number": "2853132"
  },
  {
    "ID Number": "2808919"
  },
  {
    "ID Number": "2817420"
  },
  {
    "ID Number": "2810573"
  },
  {
    "ID Number": "2821249"
  },
  {
    "ID Number": "2801302"
  },
  {
    "ID Number": "2835053"
  },
  {
    "ID Number": "2863723"
  },
  {
    "ID Number": "2877848"
  },
  {
    "ID Number": "2869268"
  },
  {
    "ID Number": "2826240"
  },
  {
    "ID Number": "2825872"
  },
  {
    "ID Number": "2829215"
  },
  {
    "ID Number": "2854775"
  },
  {
    "ID Number": "2873656"
  },
  {
    "ID Number": "2815060"
  },
  {
    "ID Number": "2814536"
  },
  {
    "ID Number": "2858290"
  },
  {
    "ID Number": "2886758"
  },
  {
    "ID Number": "2853736"
  },
  {
    "ID Number": "2815680"
  },
  {
    "ID Number": "2856239"
  },
  {
    "ID Number": "2844184"
  },
  {
    "ID Number": "2839024"
  },
  {
    "ID Number": "2822431"
  },
  {
    "ID Number": "2814269"
  },
  {
    "ID Number": "2804611"
  },
  {
    "ID Number": "2880652"
  },
  {
    "ID Number": "2815818"
  },
  {
    "ID Number": "2877805"
  },
  {
    "ID Number": "2825244"
  },
  {
    "ID Number": "2847310"
  },
  {
    "ID Number": "2886634"
  },
  {
    "ID Number": "2859599"
  },
  {
    "ID Number": "2803488"
  },
  {
    "ID Number": "2807114"
  },
  {
    "ID Number": "2806410"
  },
  {
    "ID Number": "2816300"
  },
  {
    "ID Number": "2823900"
  },
  {
    "ID Number": "2835495"
  },
  {
    "ID Number": "2873737"
  },
  {
    "ID Number": "2852772"
  },
  {
    "ID Number": "2843447"
  },
  {
    "ID Number": "2803003"
  },
  {
    "ID Number": "2820412"
  },
  {
    "ID Number": "2851474"
  },
  {
    "ID Number": "2880270"
  },
  {
    "ID Number": "2823950"
  },
  {
    "ID Number": "2814285"
  },
  {
    "ID Number": "2856298"
  },
  {
    "ID Number": "2838672"
  },
  {
    "ID Number": "2887436"
  },
  {
    "ID Number": "2877929"
  },
  {
    "ID Number": "2846101"
  },
  {
    "ID Number": "2834774"
  },
  {
    "ID Number": "2825260"
  },
  {
    "ID Number": "2844800"
  },
  {
    "ID Number": "2802341"
  },
  {
    "ID Number": "2821206"
  },
  {
    "ID Number": "2818604"
  },
  {
    "ID Number": "2875268"
  },
  {
    "ID Number": "2885069"
  },
  {
    "ID Number": "2810093"
  },
  {
    "ID Number": "2807661"
  },
  {
    "ID Number": "2800640"
  },
  {
    "ID Number": "2847264"
  },
  {
    "ID Number": "2848279"
  },
  {
    "ID Number": "2853841"
  },
  {
    "ID Number": "2840340"
  },
  {
    "ID Number": "2803461"
  },
  {
    "ID Number": "2817187"
  },
  {
    "ID Number": "2819775"
  },
  {
    "ID Number": "2835592"
  },
  {
    "ID Number": "2844036"
  },
  {
    "ID Number": "2845857"
  },
  {
    "ID Number": "2851016"
  },
  {
    "ID Number": "24101940"
  },
  {
    "ID Number": "2810220"
  },
  {
    "ID Number": "2849712"
  },
  {
    "ID Number": "2806177"
  },
  {
    "ID Number": "2827760"
  },
  {
    "ID Number": "2807963"
  },
  {
    "ID Number": "2807670"
  },
  {
    "ID Number": "2871742"
  },
  {
    "ID Number": "2827506"
  },
  {
    "ID Number": "2877740"
  },
  {
    "ID Number": "2886740"
  },
  {
    "ID Number": "2820927"
  },
  {
    "ID Number": "2818531"
  },
  {
    "ID Number": "2840448"
  },
  {
    "ID Number": "2816113"
  },
  {
    "ID Number": "14108852"
  },
  {
    "ID Number": "2824159"
  },
  {
    "ID Number": "2800659"
  },
  {
    "ID Number": "2860953"
  },
  {
    "ID Number": "2804727"
  },
  {
    "ID Number": "2801612"
  },
  {
    "ID Number": "2826216"
  },
  {
    "ID Number": "2822750"
  },
  {
    "ID Number": "2883554"
  },
  {
    "ID Number": "2828294"
  },
  {
    "ID Number": "2831996"
  },
  {
    "ID Number": "2849879"
  },
  {
    "ID Number": "2847213"
  },
  {
    "ID Number": "2880989"
  },
  {
    "ID Number": "2805197"
  },
  {
    "ID Number": "2846322"
  },
  {
    "ID Number": "2879891"
  },
  {
    "ID Number": "2810549"
  },
  {
    "ID Number": "2833298"
  },
  {
    "ID Number": "2856000"
  },
  {
    "ID Number": "2810107"
  },
  {
    "ID Number": "371281920"
  },
  {
    "ID Number": "2862425"
  },
  {
    "ID Number": "2800705"
  },
  {
    "ID Number": "2880768"
  },
  {
    "ID Number": "2870681"
  },
  {
    "ID Number": "2807521"
  },
  {
    "ID Number": "2832992"
  },
  {
    "ID Number": "2820897"
  },
  {
    "ID Number": "2870045"
  },
  {
    "ID Number": "2837102"
  },
  {
    "ID Number": "2836440"
  },
  {
    "ID Number": "2817870"
  },
  {
    "ID Number": "2853116"
  },
  {
    "ID Number": "2861623"
  },
  {
    "ID Number": "2859904"
  }
]