[
  {
    "ID Number": "2515725"
  },
  {
    "ID Number": "2516330"
  },
  {
    "ID Number": "2501805"
  },
  {
    "ID Number": "2515440"
  },
  {
    "ID Number": "2533111"
  },
  {
    "ID Number": "2512831"
  },
  {
    "ID Number": "2529726"
  },
  {
    "ID Number": "2513269"
  },
  {
    "ID Number": "457370"
  },
  {
    "ID Number": "2525011"
  },
  {
    "ID Number": "2532247"
  },
  {
    "ID Number": "2539373"
  },
  {
    "ID Number": "2503611"
  },
  {
    "ID Number": "2523531"
  },
  {
    "ID Number": "2505762"
  },
  {
    "ID Number": "5206049"
  },
  {
    "ID Number": "2510340"
  },
  {
    "ID Number": "2511983"
  },
  {
    "ID Number": "2513706"
  },
  {
    "ID Number": "2524201"
  },
  {
    "ID Number": "2501430"
  },
  {
    "ID Number": "2512270"
  },
  {
    "ID Number": "2512289"
  },
  {
    "ID Number": "2512750"
  },
  {
    "ID Number": "2500914"
  },
  {
    "ID Number": "2514559"
  },
  {
    "ID Number": "2508281"
  },
  {
    "ID Number": "2508290"
  },
  {
    "ID Number": "2524600"
  },
  {
    "ID Number": "2518520"
  },
  {
    "ID Number": "2513838"
  },
  {
    "ID Number": "2517604"
  },
  {
    "ID Number": "2509938"
  },
  {
    "ID Number": "2523019"
  },
  {
    "ID Number": "2521580"
  },
  {
    "ID Number": "2529190"
  },
  {
    "ID Number": "2530627"
  },
  {
    "ID Number": "2523558"
  },
  {
    "ID Number": "2513781"
  },
  {
    "ID Number": "2533413"
  },
  {
    "ID Number": "2507552"
  },
  {
    "ID Number": "2528657"
  },
  {
    "ID Number": "2526476"
  },
  {
    "ID Number": "2529165"
  },
  {
    "ID Number": "2510901"
  },
  {
    "ID Number": "2501384"
  },
  {
    "ID Number": "2512572"
  },
  {
    "ID Number": "2526948"
  },
  {
    "ID Number": "2504103"
  },
  {
    "ID Number": "2503182"
  },
  {
    "ID Number": "33427020"
  },
  {
    "ID Number": "2537133"
  },
  {
    "ID Number": "2531593"
  },
  {
    "ID Number": "2512297"
  },
  {
    "ID Number": "2503204"
  },
  {
    "ID Number": "2518155"
  },
  {
    "ID Number": "2514532"
  },
  {
    "ID Number": "2507560"
  },
  {
    "ID Number": "2512505"
  },
  {
    "ID Number": "2519372"
  },
  {
    "ID Number": "2534100"
  },
  {
    "ID Number": "2525615"
  },
  {
    "ID Number": "2504456"
  },
  {
    "ID Number": "2511380"
  },
  {
    "ID Number": "2520842"
  },
  {
    "ID Number": "2529734"
  },
  {
    "ID Number": "2533812"
  },
  {
    "ID Number": "2533243"
  },
  {
    "ID Number": "2533820"
  },
  {
    "ID Number": "2516349"
  },
  {
    "ID Number": "3600238"
  },
  {
    "ID Number": "2508028"
  },
  {
    "ID Number": "2513714"
  },
  {
    "ID Number": "2534118"
  },
  {
    "ID Number": "2500124"
  },
  {
    "ID Number": "416525"
  },
  {
    "ID Number": "2518570"
  },
  {
    "ID Number": "2523060"
  },
  {
    "ID Number": "2512823"
  },
  {
    "ID Number": "2521385"
  },
  {
    "ID Number": "2523078"
  },
  {
    "ID Number": "2524457"
  },
  {
    "ID Number": "2511088"
  },
  {
    "ID Number": "2512700"
  },
  {
    "ID Number": "2508095"
  },
  {
    "ID Number": "2505916"
  },
  {
    "ID Number": "2503239"
  },
  {
    "ID Number": "2504260"
  },
  {
    "ID Number": "2513552"
  },
  {
    "ID Number": "2513560"
  },
  {
    "ID Number": "2501520"
  },
  {
    "ID Number": "2500582"
  },
  {
    "ID Number": "2517647"
  },
  {
    "ID Number": "2508788"
  },
  {
    "ID Number": "2505770"
  },
  {
    "ID Number": "2523574"
  },
  {
    "ID Number": "2511096"
  },
  {
    "ID Number": "2526190"
  },
  {
    "ID Number": "2518392"
  },
  {
    "ID Number": "1148184"
  },
  {
    "ID Number": "2518406"
  },
  {
    "ID Number": "2533421"
  },
  {
    "ID Number": "2513072"
  },
  {
    "ID Number": "2523000"
  },
  {
    "ID Number": "2510243"
  },
  {
    "ID Number": "2502178"
  },
  {
    "ID Number": "2502020"
  },
  {
    "ID Number": "2500191"
  },
  {
    "ID Number": "2512068"
  },
  {
    "ID Number": "2533154"
  },
  {
    "ID Number": "2513374"
  },
  {
    "ID Number": "2529742"
  },
  {
    "ID Number": "2521814"
  },
  {
    "ID Number": "2522012"
  },
  {
    "ID Number": "2503620"
  },
  {
    "ID Number": "2526638"
  },
  {
    "ID Number": "2530600"
  },
  {
    "ID Number": "2518317"
  },
  {
    "ID Number": "2528304"
  },
  {
    "ID Number": "2514818"
  },
  {
    "ID Number": "2504537"
  },
  {
    "ID Number": "2518228"
  },
  {
    "ID Number": "2512300"
  },
  {
    "ID Number": "2502364"
  },
  {
    "ID Number": "2501198"
  },
  {
    "ID Number": "2524260"
  },
  {
    "ID Number": "2526204"
  },
  {
    "ID Number": "2516799"
  },
  {
    "ID Number": "2532344"
  },
  {
    "ID Number": "2508320"
  },
  {
    "ID Number": "2520478"
  },
  {
    "ID Number": "368178551"
  },
  {
    "ID Number": "2516977"
  },
  {
    "ID Number": "2527820"
  },
  {
    "ID Number": "2526646"
  },
  {
    "ID Number": "2529750"
  },
  {
    "ID Number": "2504294"
  },
  {
    "ID Number": "2516454"
  },
  {
    "ID Number": "2502380"
  },
  {
    "ID Number": "2503670"
  },
  {
    "ID Number": "2500973"
  },
  {
    "ID Number": "2527804"
  },
  {
    "ID Number": "2518864"
  },
  {
    "ID Number": "2512580"
  },
  {
    "ID Number": "2523957"
  },
  {
    "ID Number": "2506033"
  },
  {
    "ID Number": "2514052"
  },
  {
    "ID Number": "2525780"
  },
  {
    "ID Number": "2515733"
  },
  {
    "ID Number": "2504600"
  },
  {
    "ID Number": "2519593"
  },
  {
    "ID Number": "2500434"
  },
  {
    "ID Number": "2521407"
  },
  {
    "ID Number": "2500060"
  },
  {
    "ID Number": "2501570"
  },
  {
    "ID Number": "2502208"
  },
  {
    "ID Number": "2501058"
  },
  {
    "ID Number": "2517280"
  },
  {
    "ID Number": "2520125"
  },
  {
    "ID Number": "2514826"
  },
  {
    "ID Number": "2501422"
  },
  {
    "ID Number": "2511649"
  },
  {
    "ID Number": "2527618"
  },
  {
    "ID Number": "2518538"
  },
  {
    "ID Number": "2517205"
  },
  {
    "ID Number": "2502445"
  },
  {
    "ID Number": "2527146"
  },
  {
    "ID Number": "2517221"
  },
  {
    "ID Number": "2517230"
  },
  {
    "ID Number": "2518872"
  },
  {
    "ID Number": "456039"
  },
  {
    "ID Number": "2530287"
  },
  {
    "ID Number": "2511967"
  },
  {
    "ID Number": "2515148"
  },
  {
    "ID Number": "2515873"
  },
  {
    "ID Number": "2507919"
  },
  {
    "ID Number": "2500876"
  },
  {
    "ID Number": "2510219"
  },
  {
    "ID Number": "2521202"
  },
  {
    "ID Number": "2519046"
  },
  {
    "ID Number": "2522675"
  },
  {
    "ID Number": "2518236"
  },
  {
    "ID Number": "2501708"
  },
  {
    "ID Number": "2531933"
  },
  {
    "ID Number": "2532166"
  },
  {
    "ID Number": "2508346"
  },
  {
    "ID Number": "2525020"
  },
  {
    "ID Number": "2507269"
  },
  {
    "ID Number": "2529700"
  },
  {
    "ID Number": "2531402"
  },
  {
    "ID Number": "2507927"
  },
  {
    "ID Number": "2517043"
  },
  {
    "ID Number": "2524562"
  },
  {
    "ID Number": "2521822"
  },
  {
    "ID Number": "2501732"
  },
  {
    "ID Number": "2534061"
  },
  {
    "ID Number": "2532174"
  },
  {
    "ID Number": "2532182"
  },
  {
    "ID Number": "2515695"
  },
  {
    "ID Number": "2512467"
  },
  {
    "ID Number": "2502496"
  },
  {
    "ID Number": "2525836"
  },
  {
    "ID Number": "2506203"
  },
  {
    "ID Number": "2532395"
  },
  {
    "ID Number": "2526247"
  },
  {
    "ID Number": "2510359"
  },
  {
    "ID Number": "2517787"
  },
  {
    "ID Number": "2518279"
  },
  {
    "ID Number": "2519054"
  },
  {
    "ID Number": "2509342"
  },
  {
    "ID Number": "2518325"
  },
  {
    "ID Number": "2524015"
  },
  {
    "ID Number": "2526255"
  },
  {
    "ID Number": "2501350"
  },
  {
    "ID Number": "2521024"
  },
  {
    "ID Number": "2512513"
  },
  {
    "ID Number": "2504774"
  },
  {
    "ID Number": "2505886"
  },
  {
    "ID Number": "2511908"
  },
  {
    "ID Number": "2501961"
  },
  {
    "ID Number": "2502526"
  },
  {
    "ID Number": "2535742"
  },
  {
    "ID Number": "2513099"
  },
  {
    "ID Number": "2509393"
  },
  {
    "ID Number": "2511517"
  },
  {
    "ID Number": "2525453"
  },
  {
    "ID Number": "2521768"
  },
  {
    "ID Number": "2520869"
  },
  {
    "ID Number": "2503310"
  },
  {
    "ID Number": "2512556"
  },
  {
    "ID Number": "2506629"
  },
  {
    "ID Number": "2526271"
  },
  {
    "ID Number": "2507820"
  },
  {
    "ID Number": "2521466"
  },
  {
    "ID Number": "2531429"
  },
  {
    "ID Number": "2511592"
  },
  {
    "ID Number": "2515156"
  },
  {
    "ID Number": "2533073"
  },
  {
    "ID Number": "2517477"
  },
  {
    "ID Number": "2534320"
  },
  {
    "ID Number": "2515024"
  },
  {
    "ID Number": "2516985"
  },
  {
    "ID Number": "2540134"
  },
  {
    "ID Number": "2507838"
  },
  {
    "ID Number": "2509164"
  },
  {
    "ID Number": "12809780"
  },
  {
    "ID Number": "1202260"
  },
  {
    "ID Number": "2520877"
  },
  {
    "ID Number": "2503336"
  },
  {
    "ID Number": "2500531"
  },
  {
    "ID Number": "2500850"
  },
  {
    "ID Number": "2523310"
  },
  {
    "ID Number": "2508613"
  },
  {
    "ID Number": "2529807"
  },
  {
    "ID Number": "2515792"
  },
  {
    "ID Number": "2518546"
  },
  {
    "ID Number": "2520486"
  },
  {
    "ID Number": "1148290"
  },
  {
    "ID Number": "2514648"
  },
  {
    "ID Number": "2514834"
  },
  {
    "ID Number": "2520281"
  },
  {
    "ID Number": "2509407"
  },
  {
    "ID Number": "2518414"
  },
  {
    "ID Number": "2510855"
  },
  {
    "ID Number": "2509172"
  },
  {
    "ID Number": "2519690"
  },
  {
    "ID Number": "2500590"
  },
  {
    "ID Number": "2538555"
  },
  {
    "ID Number": "2525607"
  },
  {
    "ID Number": "2526514"
  },
  {
    "ID Number": "2508885"
  },
  {
    "ID Number": "2530473"
  },
  {
    "ID Number": "2520133"
  },
  {
    "ID Number": "2502054"
  },
  {
    "ID Number": "2529327"
  },
  {
    "ID Number": "2518252"
  },
  {
    "ID Number": "14115115"
  },
  {
    "ID Number": "2529688"
  },
  {
    "ID Number": "2518058"
  },
  {
    "ID Number": "2515806"
  },
  {
    "ID Number": "2520508"
  },
  {
    "ID Number": "2510790"
  },
  {
    "ID Number": "2503727"
  },
  {
    "ID Number": "2505460"
  },
  {
    "ID Number": "2510502"
  },
  {
    "ID Number": "2512912"
  },
  {
    "ID Number": "2511991"
  },
  {
    "ID Number": "2505967"
  },
  {
    "ID Number": "2510235"
  },
  {
    "ID Number": "2513030"
  },
  {
    "ID Number": "2536447"
  },
  {
    "ID Number": "2509415"
  },
  {
    "ID Number": "2509334"
  },
  {
    "ID Number": "2500256"
  },
  {
    "ID Number": "2536382"
  },
  {
    "ID Number": "2513196"
  },
  {
    "ID Number": "2511924"
  },
  {
    "ID Number": "2511916"
  },
  {
    "ID Number": "2524040"
  },
  {
    "ID Number": "2533081"
  },
  {
    "ID Number": "2507595"
  },
  {
    "ID Number": "2502569"
  },
  {
    "ID Number": "2511290"
  },
  {
    "ID Number": "2500965"
  },
  {
    "ID Number": "2503018"
  },
  {
    "ID Number": "2509253"
  },
  {
    "ID Number": "2508141"
  },
  {
    "ID Number": "2511398"
  },
  {
    "ID Number": "2500990"
  },
  {
    "ID Number": "2529343"
  },
  {
    "ID Number": "2522039"
  },
  {
    "ID Number": "2507153"
  },
  {
    "ID Number": "2514982"
  },
  {
    "ID Number": "2513846"
  },
  {
    "ID Number": "2507234"
  },
  {
    "ID Number": "2518554"
  },
  {
    "ID Number": "2514133"
  },
  {
    "ID Number": "2525356"
  },
  {
    "ID Number": "2504847"
  },
  {
    "ID Number": "2515059"
  },
  {
    "ID Number": "2526310"
  },
  {
    "ID Number": "2534339"
  },
  {
    "ID Number": "2525879"
  },
  {
    "ID Number": "2528665"
  },
  {
    "ID Number": "2046105"
  },
  {
    "ID Number": "2505690"
  },
  {
    "ID Number": "2509423"
  },
  {
    "ID Number": "2509431"
  },
  {
    "ID Number": "2508362"
  },
  {
    "ID Number": "14189208"
  },
  {
    "ID Number": "2513277"
  },
  {
    "ID Number": "2514311"
  },
  {
    "ID Number": "2502585"
  },
  {
    "ID Number": "2528398"
  },
  {
    "ID Number": "2530759"
  },
  {
    "ID Number": "2526794"
  },
  {
    "ID Number": "2511703"
  },
  {
    "ID Number": "2533430"
  },
  {
    "ID Number": "2525461"
  },
  {
    "ID Number": "2507188"
  },
  {
    "ID Number": "2525895"
  },
  {
    "ID Number": "628859"
  },
  {
    "ID Number": "2522730"
  },
  {
    "ID Number": "2509032"
  },
  {
    "ID Number": "2504081"
  },
  {
    "ID Number": "2513994"
  },
  {
    "ID Number": "2514222"
  },
  {
    "ID Number": "2538563"
  },
  {
    "ID Number": "2510324"
  },
  {
    "ID Number": "2500655"
  },
  {
    "ID Number": "2513315"
  },
  {
    "ID Number": "2501007"
  },
  {
    "ID Number": "2510600"
  },
  {
    "ID Number": "2515075"
  },
  {
    "ID Number": "2513005"
  },
  {
    "ID Number": "2517418"
  },
  {
    "ID Number": "2515741"
  },
  {
    "ID Number": "45004714"
  },
  {
    "ID Number": "45004722"
  },
  {
    "ID Number": "2526999"
  },
  {
    "ID Number": "2523973"
  },
  {
    "ID Number": "2518171"
  },
  {
    "ID Number": "24290670"
  },
  {
    "ID Number": "2510006"
  },
  {
    "ID Number": "2527634"
  },
  {
    "ID Number": "2505703"
  },
  {
    "ID Number": "2526328"
  },
  {
    "ID Number": "2516853"
  },
  {
    "ID Number": "2540576"
  },
  {
    "ID Number": "2513986"
  },
  {
    "ID Number": "2518880"
  },
  {
    "ID Number": "2518333"
  },
  {
    "ID Number": "2520885"
  },
  {
    "ID Number": "2513218"
  },
  {
    "ID Number": "2515903"
  },
  {
    "ID Number": "2532425"
  },
  {
    "ID Number": "2512521"
  },
  {
    "ID Number": "2501120"
  },
  {
    "ID Number": "2530058"
  },
  {
    "ID Number": "2509440"
  },
  {
    "ID Number": "2527928"
  },
  {
    "ID Number": "2527936"
  },
  {
    "ID Number": "2518848"
  },
  {
    "ID Number": "2511975"
  },
  {
    "ID Number": "2520443"
  },
  {
    "ID Number": "2503379"
  },
  {
    "ID Number": "2526336"
  },
  {
    "ID Number": "2535424"
  },
  {
    "ID Number": "2534347"
  },
  {
    "ID Number": "2514230"
  },
  {
    "ID Number": "2514141"
  },
  {
    "ID Number": "2509261"
  },
  {
    "ID Number": "2512858"
  },
  {
    "ID Number": "2504901"
  },
  {
    "ID Number": "2525917"
  },
  {
    "ID Number": "14162261"
  },
  {
    "ID Number": "2517760"
  },
  {
    "ID Number": "2533448"
  },
  {
    "ID Number": "2524848"
  },
  {
    "ID Number": "368179924"
  },
  {
    "ID Number": "2520893"
  },
  {
    "ID Number": "2505789"
  },
  {
    "ID Number": "2513323"
  },
  {
    "ID Number": "2518260"
  },
  {
    "ID Number": "2518244"
  },
  {
    "ID Number": "2508052"
  },
  {
    "ID Number": "2511762"
  },
  {
    "ID Number": "2503883"
  },
  {
    "ID Number": "2526808"
  },
  {
    "ID Number": "2524112"
  },
  {
    "ID Number": "2508524"
  },
  {
    "ID Number": "2514150"
  },
  {
    "ID Number": "2511193"
  },
  {
    "ID Number": "2513102"
  },
  {
    "ID Number": "2523086"
  },
  {
    "ID Number": "2534428"
  },
  {
    "ID Number": "2519844"
  },
  {
    "ID Number": "2514656"
  },
  {
    "ID Number": "2517191"
  },
  {
    "ID Number": "2513110"
  },
  {
    "ID Number": "2519852"
  },
  {
    "ID Number": "2526360"
  },
  {
    "ID Number": "2512726"
  },
  {
    "ID Number": "21801088"
  },
  {
    "ID Number": "2518767"
  },
  {
    "ID Number": "2518198"
  },
  {
    "ID Number": "2501562"
  },
  {
    "ID Number": "2539276"
  },
  {
    "ID Number": "2529769"
  },
  {
    "ID Number": "2501597"
  },
  {
    "ID Number": "2518074"
  },
  {
    "ID Number": "2500671"
  },
  {
    "ID Number": "2518899"
  },
  {
    "ID Number": "2501252"
  },
  {
    "ID Number": "2500698"
  },
  {
    "ID Number": "2500647"
  },
  {
    "ID Number": "2514338"
  },
  {
    "ID Number": "2536315"
  },
  {
    "ID Number": "2512262"
  },
  {
    "ID Number": "2520257"
  },
  {
    "ID Number": "2509563"
  },
  {
    "ID Number": "2518902"
  },
  {
    "ID Number": "2512785"
  },
  {
    "ID Number": "2529718"
  },
  {
    "ID Number": "3600289"
  },
  {
    "ID Number": "2529181"
  },
  {
    "ID Number": "2527650"
  },
  {
    "ID Number": "2513676"
  },
  {
    "ID Number": "2511533"
  },
  {
    "ID Number": "2523027"
  },
  {
    "ID Number": "2507625"
  },
  {
    "ID Number": "2507633"
  },
  {
    "ID Number": "2514907"
  },
  {
    "ID Number": "2537826"
  },
  {
    "ID Number": "2525046"
  },
  {
    "ID Number": "2504340"
  },
  {
    "ID Number": "2520168"
  },
  {
    "ID Number": "2520516"
  },
  {
    "ID Number": "14138611"
  },
  {
    "ID Number": "2511401"
  },
  {
    "ID Number": "2527723"
  },
  {
    "ID Number": "2527731"
  },
  {
    "ID Number": "2527332"
  },
  {
    "ID Number": "2527103"
  },
  {
    "ID Number": "2523094"
  },
  {
    "ID Number": "2513234"
  },
  {
    "ID Number": "2518015"
  },
  {
    "ID Number": "2503891"
  },
  {
    "ID Number": "2525224"
  },
  {
    "ID Number": "2510049"
  },
  {
    "ID Number": "2521881"
  },
  {
    "ID Number": "2520788"
  },
  {
    "ID Number": "2523108"
  },
  {
    "ID Number": "2518449"
  },
  {
    "ID Number": "2518481"
  },
  {
    "ID Number": "2515563"
  },
  {
    "ID Number": "2515571"
  },
  {
    "ID Number": "2512149"
  },
  {
    "ID Number": "2513331"
  },
  {
    "ID Number": "2514915"
  },
  {
    "ID Number": "2520796"
  },
  {
    "ID Number": "2533197"
  },
  {
    "ID Number": "2504995"
  },
  {
    "ID Number": "2516292"
  },
  {
    "ID Number": "2526700"
  },
  {
    "ID Number": "2521067"
  },
  {
    "ID Number": "2522233"
  },
  {
    "ID Number": "2500787"
  },
  {
    "ID Number": "2510375"
  },
  {
    "ID Number": "2513242"
  },
  {
    "ID Number": "2523116"
  },
  {
    "ID Number": "2506866"
  },
  {
    "ID Number": "2519895"
  },
  {
    "ID Number": "2507315"
  },
  {
    "ID Number": "2500507"
  },
  {
    "ID Number": "2525097"
  },
  {
    "ID Number": "2525100"
  },
  {
    "ID Number": "2524350"
  },
  {
    "ID Number": "2511347"
  },
  {
    "ID Number": "2513730"
  },
  {
    "ID Number": "2524635"
  },
  {
    "ID Number": "2513340"
  },
  {
    "ID Number": "2531305"
  },
  {
    "ID Number": "2518457"
  },
  {
    "ID Number": "470791"
  },
  {
    "ID Number": "2533162"
  },
  {
    "ID Number": "2501481"
  },
  {
    "ID Number": "2521482"
  },
  {
    "ID Number": "2521490"
  },
  {
    "ID Number": "2526522"
  },
  {
    "ID Number": "2524147"
  },
  {
    "ID Number": "2501503"
  },
  {
    "ID Number": "2529475"
  },
  {
    "ID Number": "2535327"
  },
  {
    "ID Number": "2524031"
  },
  {
    "ID Number": "2536455"
  },
  {
    "ID Number": "2509571"
  },
  {
    "ID Number": "2509580"
  },
  {
    "ID Number": "2510804"
  },
  {
    "ID Number": "2502755"
  },
  {
    "ID Number": "2502275"
  },
  {
    "ID Number": "2518910"
  },
  {
    "ID Number": "2533200"
  },
  {
    "ID Number": "2507480"
  },
  {
    "ID Number": "2523124"
  },
  {
    "ID Number": "2534924"
  },
  {
    "ID Number": "2504219"
  },
  {
    "ID Number": "2503999"
  },
  {
    "ID Number": "2503093"
  },
  {
    "ID Number": "2517337"
  },
  {
    "ID Number": "2528754"
  },
  {
    "ID Number": "10206558"
  },
  {
    "ID Number": "2515660"
  },
  {
    "ID Number": "2527081"
  },
  {
    "ID Number": "2508168"
  },
  {
    "ID Number": "2527294"
  },
  {
    "ID Number": "2510294"
  },
  {
    "ID Number": "2511100"
  },
  {
    "ID Number": "2501872"
  },
  {
    "ID Number": "2514486"
  },
  {
    "ID Number": "2516365"
  },
  {
    "ID Number": "3600378"
  },
  {
    "ID Number": "2524368"
  },
  {
    "ID Number": "2513137"
  },
  {
    "ID Number": "2527340"
  },
  {
    "ID Number": "2513145"
  },
  {
    "ID Number": "2500230"
  },
  {
    "ID Number": "2512254"
  },
  {
    "ID Number": "2517426"
  },
  {
    "ID Number": "2534703"
  },
  {
    "ID Number": "2500728"
  },
  {
    "ID Number": "2528479"
  },
  {
    "ID Number": "2517086"
  },
  {
    "ID Number": "2536870"
  },
  {
    "ID Number": "2507498"
  },
  {
    "ID Number": "2515598"
  },
  {
    "ID Number": "2523132"
  },
  {
    "ID Number": "2516950"
  },
  {
    "ID Number": "33391998"
  },
  {
    "ID Number": "2512866"
  },
  {
    "ID Number": "2520907"
  },
  {
    "ID Number": "2503603"
  },
  {
    "ID Number": "2522250"
  },
  {
    "ID Number": "2084309"
  },
  {
    "ID Number": "421669"
  },
  {
    "ID Number": "2501783"
  },
  {
    "ID Number": "2521989"
  },
  {
    "ID Number": "2521423"
  },
  {
    "ID Number": "2526735"
  },
  {
    "ID Number": "2518465"
  },
  {
    "ID Number": "2512742"
  },
  {
    "ID Number": "2512963"
  },
  {
    "ID Number": "2531771"
  },
  {
    "ID Number": "2501511"
  },
  {
    "ID Number": "2508958"
  },
  {
    "ID Number": "2539381"
  },
  {
    "ID Number": "2507501"
  },
  {
    "ID Number": "2535262"
  },
  {
    "ID Number": "2529408"
  },
  {
    "ID Number": "2510170"
  },
  {
    "ID Number": "2511304"
  },
  {
    "ID Number": "2520320"
  },
  {
    "ID Number": "2512041"
  },
  {
    "ID Number": "2505819"
  },
  {
    "ID Number": "2505665"
  },
  {
    "ID Number": "2516896"
  },
  {
    "ID Number": "2506424"
  },
  {
    "ID Number": "404500"
  },
  {
    "ID Number": "2509466"
  },
  {
    "ID Number": "2510260"
  },
  {
    "ID Number": "2506912"
  },
  {
    "ID Number": "2503786"
  },
  {
    "ID Number": "14511584"
  },
  {
    "ID Number": "2525950"
  },
  {
    "ID Number": "2512165"
  },
  {
    "ID Number": "415375"
  },
  {
    "ID Number": "2512157"
  },
  {
    "ID Number": "2500620"
  },
  {
    "ID Number": "2500493"
  },
  {
    "ID Number": "2501112"
  },
  {
    "ID Number": "2515830"
  },
  {
    "ID Number": "2537958"
  },
  {
    "ID Number": "2518031"
  },
  {
    "ID Number": "2517108"
  },
  {
    "ID Number": "2521997"
  },
  {
    "ID Number": "2500035"
  },
  {
    "ID Number": "2509652"
  },
  {
    "ID Number": "2516640"
  },
  {
    "ID Number": "2502852"
  },
  {
    "ID Number": "2505860"
  },
  {
    "ID Number": "2516659"
  },
  {
    "ID Number": "2500515"
  },
  {
    "ID Number": "2518120"
  },
  {
    "ID Number": "2501740"
  },
  {
    "ID Number": "2518473"
  },
  {
    "ID Number": "2514249"
  },
  {
    "ID Number": "2512530"
  },
  {
    "ID Number": "2511797"
  },
  {
    "ID Number": "2504243"
  },
  {
    "ID Number": "2501880"
  },
  {
    "ID Number": "2505550"
  },
  {
    "ID Number": "2514923"
  },
  {
    "ID Number": "2502283"
  },
  {
    "ID Number": "2508214"
  },
  {
    "ID Number": "2509601"
  },
  {
    "ID Number": "2508249"
  },
  {
    "ID Number": "2511410"
  },
  {
    "ID Number": "2505126"
  },
  {
    "ID Number": "2509482"
  },
  {
    "ID Number": "2509490"
  },
  {
    "ID Number": "2511118"
  },
  {
    "ID Number": "2506190"
  },
  {
    "ID Number": "2520915"
  },
  {
    "ID Number": "2505843"
  },
  {
    "ID Number": "2507692"
  },
  {
    "ID Number": "2511550"
  },
  {
    "ID Number": "2509504"
  },
  {
    "ID Number": "2512769"
  },
  {
    "ID Number": "2517540"
  },
  {
    "ID Number": "2510596"
  },
  {
    "ID Number": "2521300"
  },
  {
    "ID Number": "2512386"
  },
  {
    "ID Number": "2526409"
  },
  {
    "ID Number": "2518082"
  },
  {
    "ID Number": "2513684"
  },
  {
    "ID Number": "2512882"
  },
  {
    "ID Number": "417068"
  },
  {
    "ID Number": "29982847"
  },
  {
    "ID Number": "2531607"
  },
  {
    "ID Number": "2512009"
  },
  {
    "ID Number": "2512564"
  },
  {
    "ID Number": "2518503"
  },
  {
    "ID Number": "2518511"
  },
  {
    "ID Number": "2511711"
  },
  {
    "ID Number": "2511576"
  },
  {
    "ID Number": "2534860"
  },
  {
    "ID Number": "2509520"
  },
  {
    "ID Number": "2511428"
  },
  {
    "ID Number": "2516160"
  },
  {
    "ID Number": "2526417"
  },
  {
    "ID Number": "2507129"
  },
  {
    "ID Number": "34160388"
  },
  {
    "ID Number": "2516101"
  },
  {
    "ID Number": "2516373"
  },
  {
    "ID Number": "2536463"
  },
  {
    "ID Number": "2536390"
  },
  {
    "ID Number": "2524066"
  },
  {
    "ID Number": "2514516"
  },
  {
    "ID Number": "2521083"
  },
  {
    "ID Number": "2511754"
  },
  {
    "ID Number": "2514931"
  },
  {
    "ID Number": "2533774"
  },
  {
    "ID Number": "2520265"
  },
  {
    "ID Number": "2511312"
  },
  {
    "ID Number": "14546604"
  },
  {
    "ID Number": "14546612"
  },
  {
    "ID Number": "14557517"
  },
  {
    "ID Number": "2503166"
  },
  {
    "ID Number": "2536471"
  },
  {
    "ID Number": "2510464"
  },
  {
    "ID Number": "2500817"
  },
  {
    "ID Number": "2500450"
  },
  {
    "ID Number": "2519470"
  },
  {
    "ID Number": "2501643"
  },
  {
    "ID Number": "2531526"
  },
  {
    "ID Number": "2527553"
  },
  {
    "ID Number": "2527120"
  },
  {
    "ID Number": "2513358"
  },
  {
    "ID Number": "2526565"
  },
  {
    "ID Number": "66800315"
  },
  {
    "ID Number": "2517558"
  },
  {
    "ID Number": "2502313"
  },
  {
    "ID Number": "2515679"
  },
  {
    "ID Number": "368178515"
  },
  {
    "ID Number": "2512793"
  },
  {
    "ID Number": "2520338"
  },
  {
    "ID Number": "2501392"
  },
  {
    "ID Number": "2520346"
  },
  {
    "ID Number": "2529491"
  },
  {
    "ID Number": "2517973"
  },
  {
    "ID Number": "2520206"
  },
  {
    "ID Number": "2505207"
  },
  {
    "ID Number": "2501074"
  },
  {
    "ID Number": "2520672"
  },
  {
    "ID Number": "2513625"
  },
  {
    "ID Number": "2520931"
  },
  {
    "ID Number": "2527529"
  },
  {
    "ID Number": "2527812"
  },
  {
    "ID Number": "2537397"
  },
  {
    "ID Number": "2512548"
  },
  {
    "ID Number": "2503506"
  },
  {
    "ID Number": "2509318"
  },
  {
    "ID Number": "2533901"
  },
  {
    "ID Number": "2537982"
  },
  {
    "ID Number": "2512173"
  },
  {
    "ID Number": "2511690"
  },
  {
    "ID Number": "2535661"
  },
  {
    "ID Number": "2503972"
  },
  {
    "ID Number": "2516705"
  },
  {
    "ID Number": "2503026"
  },
  {
    "ID Number": "306104996"
  },
  {
    "ID Number": "2515458"
  },
  {
    "ID Number": "2526018"
  },
  {
    "ID Number": "34147885"
  },
  {
    "ID Number": "2523159"
  },
  {
    "ID Number": "2517990"
  },
  {
    "ID Number": "2526573"
  },
  {
    "ID Number": "2525054"
  },
  {
    "ID Number": "2511240"
  },
  {
    "ID Number": "2507528"
  },
  {
    "ID Number": "2507900"
  },
  {
    "ID Number": "2536498"
  },
  {
    "ID Number": "2526034"
  },
  {
    "ID Number": "2501104"
  },
  {
    "ID Number": "2516713"
  },
  {
    "ID Number": "2501406"
  },
  {
    "ID Number": "2504405"
  },
  {
    "ID Number": "2507986"
  },
  {
    "ID Number": "2504413"
  },
  {
    "ID Number": "2527588"
  },
  {
    "ID Number": "2513749"
  },
  {
    "ID Number": "2523329"
  },
  {
    "ID Number": "2516926"
  },
  {
    "ID Number": "2516284"
  },
  {
    "ID Number": "2513161"
  },
  {
    "ID Number": "2513048"
  },
  {
    "ID Number": "2517850"
  },
  {
    "ID Number": "2531615"
  },
  {
    "ID Number": "2507994"
  },
  {
    "ID Number": "2513366"
  },
  {
    "ID Number": "2522276"
  },
  {
    "ID Number": "2514214"
  },
  {
    "ID Number": "2509539"
  },
  {
    "ID Number": "2533138"
  },
  {
    "ID Number": "2529432"
  },
  {
    "ID Number": "2529440"
  },
  {
    "ID Number": "2515105"
  },
  {
    "ID Number": "2520524"
  },
  {
    "ID Number": "2534436"
  },
  {
    "ID Number": "2518589"
  },
  {
    "ID Number": "2516721"
  },
  {
    "ID Number": "2528584"
  },
  {
    "ID Number": "2500833"
  },
  {
    "ID Number": "2501589"
  },
  {
    "ID Number": "2536510"
  },
  {
    "ID Number": "2528045"
  },
  {
    "ID Number": "2518368"
  },
  {
    "ID Number": "11611383"
  },
  {
    "ID Number": "2533006"
  },
  {
    "ID Number": "2513765"
  },
  {
    "ID Number": "2526050"
  },
  {
    "ID Number": "2502941"
  },
  {
    "ID Number": "2532212"
  },
  {
    "ID Number": "2518651"
  },
  {
    "ID Number": "2502330"
  },
  {
    "ID Number": "2515180"
  },
  {
    "ID Number": "2530929"
  },
  {
    "ID Number": "2529793"
  },
  {
    "ID Number": "2529777"
  },
  {
    "ID Number": "2520818"
  },
  {
    "ID Number": "2514869"
  },
  {
    "ID Number": "2516934"
  },
  {
    "ID Number": "2534053"
  },
  {
    "ID Number": "2526751"
  },
  {
    "ID Number": "2518597"
  },
  {
    "ID Number": "2529246"
  },
  {
    "ID Number": "2520826"
  },
  {
    "ID Number": "2533456"
  },
  {
    "ID Number": "2528690"
  },
  {
    "ID Number": "2536030"
  },
  {
    "ID Number": "2529831"
  },
  {
    "ID Number": "2517116"
  },
  {
    "ID Number": "2511452"
  },
  {
    "ID Number": "2505630"
  },
  {
    "ID Number": "2516390"
  },
  {
    "ID Number": "2518600"
  },
  {
    "ID Number": "2523140"
  },
  {
    "ID Number": "2512874"
  },
  {
    "ID Number": "2508664"
  },
  {
    "ID Number": "2521504"
  },
  {
    "ID Number": "2514877"
  },
  {
    "ID Number": "2537508"
  },
  {
    "ID Number": "2537516"
  },
  {
    "ID Number": "2528053"
  },
  {
    "ID Number": "2512904"
  },
  {
    "ID Number": "2526433"
  },
  {
    "ID Number": "2523523"
  },
  {
    "ID Number": "2531577"
  },
  {
    "ID Number": "2500680"
  },
  {
    "ID Number": "651081709"
  },
  {
    "ID Number": "2520010"
  },
  {
    "ID Number": "2501937"
  },
  {
    "ID Number": "2533464"
  },
  {
    "ID Number": "2516128"
  },
  {
    "ID Number": "2522926"
  },
  {
    "ID Number": "2512602"
  },
  {
    "ID Number": "2536323"
  },
  {
    "ID Number": "2516942"
  },
  {
    "ID Number": "2512840"
  },
  {
    "ID Number": "2518147"
  },
  {
    "ID Number": "2517388"
  },
  {
    "ID Number": "2518856"
  },
  {
    "ID Number": "2515865"
  },
  {
    "ID Number": "2534223"
  },
  {
    "ID Number": "2501244"
  },
  {
    "ID Number": "2503875"
  },
  {
    "ID Number": "2517132"
  },
  {
    "ID Number": "2511320"
  },
  {
    "ID Number": "2522950"
  },
  {
    "ID Number": "2511339"
  },
  {
    "ID Number": "2528215"
  },
  {
    "ID Number": "2500523"
  },
  {
    "ID Number": "2510910"
  },
  {
    "ID Number": "2513404"
  },
  {
    "ID Number": "2514257"
  },
  {
    "ID Number": "2513960"
  },
  {
    "ID Number": "2504448"
  },
  {
    "ID Number": "2520800"
  },
  {
    "ID Number": "2500809"
  },
  {
    "ID Number": "2520354"
  },
  {
    "ID Number": "2520362"
  },
  {
    "ID Number": "2518929"
  },
  {
    "ID Number": "2523337"
  },
  {
    "ID Number": "2520060"
  },
  {
    "ID Number": "2515199"
  },
  {
    "ID Number": "2514940"
  },
  {
    "ID Number": "2514524"
  },
  {
    "ID Number": "2518023"
  },
  {
    "ID Number": "2521512"
  },
  {
    "ID Number": "2518201"
  },
  {
    "ID Number": "2518384"
  },
  {
    "ID Number": "2518660"
  },
  {
    "ID Number": "2518783"
  },
  {
    "ID Number": "2536528"
  },
  {
    "ID Number": "2529580"
  },
  {
    "ID Number": "2519496"
  },
  {
    "ID Number": "2533170"
  },
  {
    "ID Number": "2533235"
  },
  {
    "ID Number": "2511665"
  },
  {
    "ID Number": "2515580"
  },
  {
    "ID Number": "2520370"
  },
  {
    "ID Number": "2520389"
  },
  {
    "ID Number": "2536536"
  },
  {
    "ID Number": "2520958"
  },
  {
    "ID Number": "2511959"
  },
  {
    "ID Number": "2511940"
  },
  {
    "ID Number": "2522993"
  },
  {
    "ID Number": "2533472"
  },
  {
    "ID Number": "2524996"
  }
]