[
  {
    "ID Number": "6002862"
  },
  {
    "ID Number": "6013210"
  },
  {
    "ID Number": "6008984"
  },
  {
    "ID Number": "6011900"
  },
  {
    "ID Number": "6011284"
  },
  {
    "ID Number": "6012930"
  },
  {
    "ID Number": "6002200"
  },
  {
    "ID Number": "6017487"
  },
  {
    "ID Number": "45075166"
  },
  {
    "ID Number": "35028855"
  },
  {
    "ID Number": "6015530"
  },
  {
    "ID Number": "6006000"
  },
  {
    "ID Number": "6011080"
  },
  {
    "ID Number": "6001637"
  },
  {
    "ID Number": "6004407"
  },
  {
    "ID Number": "6002846"
  },
  {
    "ID Number": "6015417"
  },
  {
    "ID Number": "6006396"
  },
  {
    "ID Number": "6009824"
  },
  {
    "ID Number": "6000398"
  },
  {
    "ID Number": "6002218"
  },
  {
    "ID Number": "6001912"
  },
  {
    "ID Number": "6005420"
  },
  {
    "ID Number": "6008178"
  },
  {
    "ID Number": "6001300"
  },
  {
    "ID Number": "6011128"
  },
  {
    "ID Number": "6015905"
  },
  {
    "ID Number": "6008313"
  },
  {
    "ID Number": "6016278"
  },
  {
    "ID Number": "6019145"
  },
  {
    "ID Number": "6013775"
  },
  {
    "ID Number": "6001467"
  },
  {
    "ID Number": "2090473"
  },
  {
    "ID Number": "6000991"
  },
  {
    "ID Number": "6007139"
  },
  {
    "ID Number": "6011934"
  },
  {
    "ID Number": "6014089"
  },
  {
    "ID Number": "6014445"
  },
  {
    "ID Number": "6013856"
  },
  {
    "ID Number": "6005730"
  },
  {
    "ID Number": "6006647"
  },
  {
    "ID Number": "6015042"
  },
  {
    "ID Number": "6005233"
  },
  {
    "ID Number": "6006400"
  },
  {
    "ID Number": "6008933"
  },
  {
    "ID Number": "6006027"
  },
  {
    "ID Number": "6006493"
  },
  {
    "ID Number": "6001750"
  },
  {
    "ID Number": "6005012"
  },
  {
    "ID Number": "6007872"
  },
  {
    "ID Number": "6017290"
  },
  {
    "ID Number": "6015484"
  },
  {
    "ID Number": "6013600"
  },
  {
    "ID Number": "6010423"
  },
  {
    "ID Number": "6007155"
  },
  {
    "ID Number": "6004377"
  },
  {
    "ID Number": "6007880"
  },
  {
    "ID Number": "6005373"
  },
  {
    "ID Number": "6010008"
  },
  {
    "ID Number": "6011861"
  },
  {
    "ID Number": "6010334"
  },
  {
    "ID Number": "6017924"
  },
  {
    "ID Number": "6003052"
  },
  {
    "ID Number": "6002285"
  },
  {
    "ID Number": "6013686"
  },
  {
    "ID Number": "6002056"
  },
  {
    "ID Number": "6007465"
  },
  {
    "ID Number": "6012710"
  },
  {
    "ID Number": "6016421"
  },
  {
    "ID Number": "6007678"
  },
  {
    "ID Number": "6018025"
  },
  {
    "ID Number": "6015778"
  },
  {
    "ID Number": "6013619"
  },
  {
    "ID Number": "6011454"
  },
  {
    "ID Number": "6008925"
  },
  {
    "ID Number": "6013406"
  },
  {
    "ID Number": "6009417"
  },
  {
    "ID Number": "6002773"
  },
  {
    "ID Number": "6010040"
  },
  {
    "ID Number": "66202450"
  },
  {
    "ID Number": "6010628"
  },
  {
    "ID Number": "6009816"
  },
  {
    "ID Number": "2093472"
  },
  {
    "ID Number": "6012795"
  },
  {
    "ID Number": "6013104"
  },
  {
    "ID Number": "6001602"
  },
  {
    "ID Number": "6005853"
  },
  {
    "ID Number": "6007899"
  },
  {
    "ID Number": "6011217"
  },
  {
    "ID Number": "6016014"
  },
  {
    "ID Number": "6003680"
  },
  {
    "ID Number": "6006124"
  },
  {
    "ID Number": "6002420"
  },
  {
    "ID Number": "6004644"
  },
  {
    "ID Number": "6000495"
  },
  {
    "ID Number": "6000401"
  },
  {
    "ID Number": "66202353"
  },
  {
    "ID Number": "6008852"
  },
  {
    "ID Number": "6009727"
  },
  {
    "ID Number": "331059520"
  },
  {
    "ID Number": "6018742"
  },
  {
    "ID Number": "6008437"
  },
  {
    "ID Number": "6018483"
  },
  {
    "ID Number": "6009514"
  },
  {
    "ID Number": "6012493"
  },
  {
    "ID Number": "6016766"
  },
  {
    "ID Number": "6001718"
  },
  {
    "ID Number": "6002188"
  },
  {
    "ID Number": "6002005"
  },
  {
    "ID Number": "6009409"
  },
  {
    "ID Number": "6006094"
  },
  {
    "ID Number": "6002706"
  },
  {
    "ID Number": "6008801"
  },
  {
    "ID Number": "6004180"
  },
  {
    "ID Number": "6001165"
  },
  {
    "ID Number": "6010687"
  },
  {
    "ID Number": "6005756"
  },
  {
    "ID Number": "6002234"
  },
  {
    "ID Number": "6005470"
  },
  {
    "ID Number": "66200512"
  },
  {
    "ID Number": "6002552"
  },
  {
    "ID Number": "6007260"
  },
  {
    "ID Number": "6012264"
  },
  {
    "ID Number": "6002510"
  },
  {
    "ID Number": "6008135"
  },
  {
    "ID Number": "6003257"
  },
  {
    "ID Number": "66202310"
  },
  {
    "ID Number": "6002536"
  },
  {
    "ID Number": "6017436"
  },
  {
    "ID Number": "6012833"
  },
  {
    "ID Number": "6019706"
  },
  {
    "ID Number": "6002404"
  },
  {
    "ID Number": "6005926"
  },
  {
    "ID Number": "6016693"
  },
  {
    "ID Number": "6012000"
  },
  {
    "ID Number": "6004202"
  },
  {
    "ID Number": "66204909"
  },
  {
    "ID Number": "6014801"
  },
  {
    "ID Number": "6005896"
  },
  {
    "ID Number": "6014844"
  },
  {
    "ID Number": "6005900"
  },
  {
    "ID Number": "6005349"
  },
  {
    "ID Number": "6015948"
  },
  {
    "ID Number": "6017509"
  },
  {
    "ID Number": "6009921"
  },
  {
    "ID Number": "6006698"
  },
  {
    "ID Number": "6002374"
  },
  {
    "ID Number": "6004393"
  },
  {
    "ID Number": "6003648"
  },
  {
    "ID Number": "6007937"
  },
  {
    "ID Number": "6012531"
  },
  {
    "ID Number": "6004660"
  },
  {
    "ID Number": "6004873"
  },
  {
    "ID Number": "6010113"
  },
  {
    "ID Number": "66200458"
  },
  {
    "ID Number": "6001025"
  },
  {
    "ID Number": "6003800"
  },
  {
    "ID Number": "6010865"
  },
  {
    "ID Number": "6006507"
  },
  {
    "ID Number": "6006515"
  },
  {
    "ID Number": "6016960"
  },
  {
    "ID Number": "6004806"
  },
  {
    "ID Number": "6002013"
  },
  {
    "ID Number": "6002021"
  },
  {
    "ID Number": "6001220"
  },
  {
    "ID Number": "6016561"
  },
  {
    "ID Number": "6000436"
  },
  {
    "ID Number": "6001521"
  },
  {
    "ID Number": "66203430"
  },
  {
    "ID Number": "6011985"
  },
  {
    "ID Number": "6004431"
  },
  {
    "ID Number": "6001238"
  },
  {
    "ID Number": "6004725"
  },
  {
    "ID Number": "6010261"
  },
  {
    "ID Number": "6010393"
  },
  {
    "ID Number": "6008062"
  },
  {
    "ID Number": "6009360"
  },
  {
    "ID Number": "6000770"
  },
  {
    "ID Number": "6004733"
  },
  {
    "ID Number": "6012884"
  },
  {
    "ID Number": "6003583"
  },
  {
    "ID Number": "6019498"
  },
  {
    "ID Number": "6012469"
  },
  {
    "ID Number": "6013201"
  },
  {
    "ID Number": "6012477"
  },
  {
    "ID Number": "6012582"
  },
  {
    "ID Number": "6013945"
  },
  {
    "ID Number": "6002935"
  },
  {
    "ID Number": "6001742"
  },
  {
    "ID Number": "6012116"
  },
  {
    "ID Number": "6012590"
  },
  {
    "ID Number": "6002226"
  },
  {
    "ID Number": "6006299"
  },
  {
    "ID Number": "6013198"
  },
  {
    "ID Number": "6007732"
  },
  {
    "ID Number": "6006450"
  },
  {
    "ID Number": "6008097"
  },
  {
    "ID Number": "6013805"
  },
  {
    "ID Number": "6009719"
  },
  {
    "ID Number": "6003885"
  },
  {
    "ID Number": "6002315"
  },
  {
    "ID Number": "6006736"
  },
  {
    "ID Number": "6008836"
  },
  {
    "ID Number": "66200180"
  },
  {
    "ID Number": "6012965"
  },
  {
    "ID Number": "6016570"
  },
  {
    "ID Number": "6008690"
  },
  {
    "ID Number": "6011721"
  },
  {
    "ID Number": "6008402"
  },
  {
    "ID Number": "6017240"
  },
  {
    "ID Number": "6013295"
  },
  {
    "ID Number": "6010555"
  },
  {
    "ID Number": "6009115"
  },
  {
    "ID Number": "6002889"
  },
  {
    "ID Number": "6010911"
  },
  {
    "ID Number": "66200369"
  },
  {
    "ID Number": "6012620"
  },
  {
    "ID Number": "6003770"
  },
  {
    "ID Number": "6011497"
  },
  {
    "ID Number": "6015956"
  },
  {
    "ID Number": "66201365"
  },
  {
    "ID Number": "6006744"
  },
  {
    "ID Number": "66204372"
  },
  {
    "ID Number": "6015972"
  },
  {
    "ID Number": "6016456"
  },
  {
    "ID Number": "6001360"
  },
  {
    "ID Number": "6002501"
  },
  {
    "ID Number": "6005632"
  },
  {
    "ID Number": "6005780"
  },
  {
    "ID Number": "6003176"
  },
  {
    "ID Number": "6001122"
  },
  {
    "ID Number": "462462"
  },
  {
    "ID Number": "6010512"
  },
  {
    "ID Number": "6005055"
  },
  {
    "ID Number": "6006760"
  },
  {
    "ID Number": "6016600"
  },
  {
    "ID Number": "6006434"
  },
  {
    "ID Number": "6002390"
  },
  {
    "ID Number": "6008828"
  },
  {
    "ID Number": "2408015"
  },
  {
    "ID Number": "6006175"
  },
  {
    "ID Number": "6004423"
  },
  {
    "ID Number": "6011462"
  },
  {
    "ID Number": "66201730"
  },
  {
    "ID Number": "331059692"
  },
  {
    "ID Number": "6012680"
  },
  {
    "ID Number": "6006426"
  },
  {
    "ID Number": "6003737"
  },
  {
    "ID Number": "6002951"
  },
  {
    "ID Number": "24123200"
  },
  {
    "ID Number": "6008895"
  },
  {
    "ID Number": "6000312"
  },
  {
    "ID Number": "6000665"
  },
  {
    "ID Number": "6015581"
  },
  {
    "ID Number": "6016782"
  },
  {
    "ID Number": "6007970"
  },
  {
    "ID Number": "6004911"
  },
  {
    "ID Number": "6012906"
  },
  {
    "ID Number": "6002293"
  },
  {
    "ID Number": "6006892"
  },
  {
    "ID Number": "6006248"
  },
  {
    "ID Number": "66203287"
  },
  {
    "ID Number": "6000045"
  },
  {
    "ID Number": "6009328"
  },
  {
    "ID Number": "6010318"
  },
  {
    "ID Number": "6011152"
  },
  {
    "ID Number": "6001998"
  },
  {
    "ID Number": "6002170"
  },
  {
    "ID Number": "6002447"
  },
  {
    "ID Number": "6002455"
  },
  {
    "ID Number": "6017878"
  },
  {
    "ID Number": "6004920"
  },
  {
    "ID Number": "6003591"
  },
  {
    "ID Number": "6010890"
  },
  {
    "ID Number": "6000681"
  },
  {
    "ID Number": "6016200"
  },
  {
    "ID Number": "6017738"
  },
  {
    "ID Number": "6004652"
  },
  {
    "ID Number": "6003010"
  },
  {
    "ID Number": "6003281"
  },
  {
    "ID Number": "6000690"
  },
  {
    "ID Number": "2229560"
  },
  {
    "ID Number": "6009980"
  },
  {
    "ID Number": "6002544"
  },
  {
    "ID Number": "6015182"
  },
  {
    "ID Number": "6004369"
  },
  {
    "ID Number": "6017860"
  },
  {
    "ID Number": "1450468"
  },
  {
    "ID Number": "6005241"
  },
  {
    "ID Number": "6006230"
  },
  {
    "ID Number": "6016820"
  },
  {
    "ID Number": "6007996"
  },
  {
    "ID Number": "30950767"
  },
  {
    "ID Number": "6001440"
  },
  {
    "ID Number": "6010644"
  },
  {
    "ID Number": "6001890"
  },
  {
    "ID Number": "6014178"
  },
  {
    "ID Number": "6014160"
  },
  {
    "ID Number": "6008704"
  },
  {
    "ID Number": "6019307"
  },
  {
    "ID Number": "6012981"
  },
  {
    "ID Number": "6018173"
  },
  {
    "ID Number": "6008356"
  },
  {
    "ID Number": "6004385"
  },
  {
    "ID Number": "66202850"
  },
  {
    "ID Number": "66202906"
  },
  {
    "ID Number": "66202434"
  },
  {
    "ID Number": "6006159"
  },
  {
    "ID Number": "66203210"
  },
  {
    "ID Number": "66203201"
  },
  {
    "ID Number": "362105342"
  },
  {
    "ID Number": "6003958"
  },
  {
    "ID Number": "6006213"
  },
  {
    "ID Number": "6007341"
  },
  {
    "ID Number": "6013570"
  },
  {
    "ID Number": "6013562"
  },
  {
    "ID Number": "6010580"
  },
  {
    "ID Number": "6006809"
  },
  {
    "ID Number": "6011209"
  },
  {
    "ID Number": "6001424"
  },
  {
    "ID Number": "6002110"
  },
  {
    "ID Number": "6014496"
  },
  {
    "ID Number": "6000207"
  },
  {
    "ID Number": "6009999"
  },
  {
    "ID Number": "6013660"
  },
  {
    "ID Number": "6003044"
  },
  {
    "ID Number": "6009735"
  },
  {
    "ID Number": "6005330"
  },
  {
    "ID Number": "6005225"
  },
  {
    "ID Number": "6012272"
  },
  {
    "ID Number": "6013341"
  },
  {
    "ID Number": "6002650"
  },
  {
    "ID Number": "6011764"
  },
  {
    "ID Number": "6002790"
  },
  {
    "ID Number": "6005535"
  },
  {
    "ID Number": "6003796"
  },
  {
    "ID Number": "6002978"
  },
  {
    "ID Number": "6002196"
  },
  {
    "ID Number": "6010350"
  },
  {
    "ID Number": "6010792"
  },
  {
    "ID Number": "6002161"
  },
  {
    "ID Number": "6012868"
  },
  {
    "ID Number": "6007244"
  },
  {
    "ID Number": "6011519"
  },
  {
    "ID Number": "6015611"
  },
  {
    "ID Number": "6008666"
  },
  {
    "ID Number": "6002340"
  },
  {
    "ID Number": "6002900"
  },
  {
    "ID Number": "6014852"
  },
  {
    "ID Number": "6003206"
  },
  {
    "ID Number": "6009832"
  },
  {
    "ID Number": "6014968"
  },
  {
    "ID Number": "6004717"
  },
  {
    "ID Number": "6014372"
  },
  {
    "ID Number": "6009387"
  },
  {
    "ID Number": "6017010"
  },
  {
    "ID Number": "6010695"
  },
  {
    "ID Number": "6008429"
  },
  {
    "ID Number": "6000185"
  },
  {
    "ID Number": "6004610"
  },
  {
    "ID Number": "6001114"
  },
  {
    "ID Number": "6015085"
  },
  {
    "ID Number": "6003486"
  },
  {
    "ID Number": "6015409"
  },
  {
    "ID Number": "66201330"
  },
  {
    "ID Number": "6008496"
  },
  {
    "ID Number": "6003001"
  },
  {
    "ID Number": "6003338"
  },
  {
    "ID Number": "6000118"
  },
  {
    "ID Number": "6020003"
  },
  {
    "ID Number": "6015131"
  },
  {
    "ID Number": "6004695"
  },
  {
    "ID Number": "6012418"
  },
  {
    "ID Number": "6006442"
  },
  {
    "ID Number": "6017452"
  },
  {
    "ID Number": "6007767"
  },
  {
    "ID Number": "6013422"
  },
  {
    "ID Number": "6004792"
  },
  {
    "ID Number": "6005160"
  },
  {
    "ID Number": "6009123"
  },
  {
    "ID Number": "6002277"
  },
  {
    "ID Number": "6002803"
  },
  {
    "ID Number": "6004245"
  },
  {
    "ID Number": "6010784"
  },
  {
    "ID Number": "6003036"
  },
  {
    "ID Number": "6010091"
  },
  {
    "ID Number": "6010849"
  },
  {
    "ID Number": "6009557"
  },
  {
    "ID Number": "6007120"
  },
  {
    "ID Number": "6015026"
  },
  {
    "ID Number": "6001246"
  },
  {
    "ID Number": "6001394"
  },
  {
    "ID Number": "6005683"
  },
  {
    "ID Number": "6010547"
  },
  {
    "ID Number": "6002811"
  },
  {
    "ID Number": "66201055"
  },
  {
    "ID Number": "6018491"
  },
  {
    "ID Number": "6009050"
  },
  {
    "ID Number": "6009948"
  },
  {
    "ID Number": "6005993"
  },
  {
    "ID Number": "6017568"
  },
  {
    "ID Number": "6017444"
  },
  {
    "ID Number": "6017681"
  },
  {
    "ID Number": "6014976"
  },
  {
    "ID Number": "6010253"
  },
  {
    "ID Number": "6018459"
  },
  {
    "ID Number": "6019749"
  },
  {
    "ID Number": "6004571"
  },
  {
    "ID Number": "6010326"
  },
  {
    "ID Number": "6012370"
  },
  {
    "ID Number": "6012388"
  },
  {
    "ID Number": "6002560"
  },
  {
    "ID Number": "6010989"
  },
  {
    "ID Number": "6011527"
  },
  {
    "ID Number": "6004270"
  },
  {
    "ID Number": "6011870"
  },
  {
    "ID Number": "6014070"
  },
  {
    "ID Number": "6008887"
  },
  {
    "ID Number": "6018050"
  },
  {
    "ID Number": "6016650"
  },
  {
    "ID Number": "6005357"
  },
  {
    "ID Number": "6009131"
  },
  {
    "ID Number": "6011357"
  },
  {
    "ID Number": "6004008"
  },
  {
    "ID Number": "6015298"
  },
  {
    "ID Number": "6013279"
  },
  {
    "ID Number": "6004415"
  },
  {
    "ID Number": "6005489"
  },
  {
    "ID Number": "6017703"
  },
  {
    "ID Number": "6014291"
  },
  {
    "ID Number": "6016472"
  },
  {
    "ID Number": "6017320"
  },
  {
    "ID Number": "6002579"
  },
  {
    "ID Number": "6007848"
  },
  {
    "ID Number": "6007856"
  },
  {
    "ID Number": "6006850"
  },
  {
    "ID Number": "6012809"
  },
  {
    "ID Number": "6000541"
  },
  {
    "ID Number": "6015891"
  },
  {
    "ID Number": "6014488"
  },
  {
    "ID Number": "6004598"
  },
  {
    "ID Number": "6013082"
  },
  {
    "ID Number": "6003710"
  },
  {
    "ID Number": "6002927"
  },
  {
    "ID Number": "6015824"
  },
  {
    "ID Number": "6008267"
  },
  {
    "ID Number": "6019641"
  },
  {
    "ID Number": "6007902"
  },
  {
    "ID Number": "30936047"
  },
  {
    "ID Number": "6013953"
  },
  {
    "ID Number": "6005250"
  },
  {
    "ID Number": "6008240"
  },
  {
    "ID Number": "6009689"
  },
  {
    "ID Number": "6012167"
  },
  {
    "ID Number": "6006264"
  },
  {
    "ID Number": "6013414"
  },
  {
    "ID Number": "6007783"
  },
  {
    "ID Number": "6004504"
  },
  {
    "ID Number": "6008275"
  },
  {
    "ID Number": "6008283"
  },
  {
    "ID Number": "6016405"
  },
  {
    "ID Number": "6004679"
  },
  {
    "ID Number": "6017339"
  },
  {
    "ID Number": "6007759"
  },
  {
    "ID Number": "6006167"
  },
  {
    "ID Number": "6007112"
  },
  {
    "ID Number": "6015549"
  },
  {
    "ID Number": "6015700"
  },
  {
    "ID Number": "6008569"
  }
]