[
  {
    "ID Number": "1093541"
  },
  {
    "ID Number": "1060660"
  },
  {
    "ID Number": "1078224"
  },
  {
    "ID Number": "1012975"
  },
  {
    "ID Number": "1034146"
  },
  {
    "ID Number": "1029355"
  },
  {
    "ID Number": "1055011"
  },
  {
    "ID Number": "1079379"
  },
  {
    "ID Number": "1019716"
  },
  {
    "ID Number": "1049330"
  },
  {
    "ID Number": "1084380"
  },
  {
    "ID Number": "1068253"
  },
  {
    "ID Number": "1053760"
  },
  {
    "ID Number": "11515090"
  },
  {
    "ID Number": "1072668"
  },
  {
    "ID Number": "1020307"
  },
  {
    "ID Number": "1099795"
  },
  {
    "ID Number": "1055240"
  },
  {
    "ID Number": "1027824"
  },
  {
    "ID Number": "1056115"
  },
  {
    "ID Number": "40101959"
  },
  {
    "ID Number": "1092162"
  },
  {
    "ID Number": "1069543"
  },
  {
    "ID Number": "40103439"
  },
  {
    "ID Number": "40109992"
  },
  {
    "ID Number": "1068849"
  },
  {
    "ID Number": "1005987"
  },
  {
    "ID Number": "1039040"
  },
  {
    "ID Number": "1071319"
  },
  {
    "ID Number": "1022318"
  },
  {
    "ID Number": "1024442"
  },
  {
    "ID Number": "40101002"
  },
  {
    "ID Number": "40119564"
  },
  {
    "ID Number": "40102157"
  },
  {
    "ID Number": "1015460"
  },
  {
    "ID Number": "1059165"
  },
  {
    "ID Number": "40104842"
  },
  {
    "ID Number": "1046187"
  },
  {
    "ID Number": "1038052"
  },
  {
    "ID Number": "1068016"
  },
  {
    "ID Number": "1022067"
  },
  {
    "ID Number": "40108350"
  },
  {
    "ID Number": "1002511"
  },
  {
    "ID Number": "1099760"
  },
  {
    "ID Number": "1051008"
  },
  {
    "ID Number": "1048139"
  },
  {
    "ID Number": "1091905"
  },
  {
    "ID Number": "1063782"
  },
  {
    "ID Number": "1001183"
  },
  {
    "ID Number": "1011634"
  },
  {
    "ID Number": "1050249"
  },
  {
    "ID Number": "1030108"
  },
  {
    "ID Number": "1062859"
  },
  {
    "ID Number": "1022229"
  },
  {
    "ID Number": "1072919"
  },
  {
    "ID Number": "1037161"
  },
  {
    "ID Number": "1014064"
  },
  {
    "ID Number": "40102424"
  },
  {
    "ID Number": "1009311"
  },
  {
    "ID Number": "1042327"
  },
  {
    "ID Number": "40118827"
  },
  {
    "ID Number": "1054520"
  },
  {
    "ID Number": "40102874"
  },
  {
    "ID Number": "40118517"
  },
  {
    "ID Number": "1096630"
  },
  {
    "ID Number": "1057812"
  },
  {
    "ID Number": "1022997"
  },
  {
    "ID Number": "40110494"
  },
  {
    "ID Number": "1092723"
  },
  {
    "ID Number": "1089811"
  },
  {
    "ID Number": "1014358"
  },
  {
    "ID Number": "40106748"
  },
  {
    "ID Number": "1003020"
  },
  {
    "ID Number": "1067478"
  },
  {
    "ID Number": "1016164"
  },
  {
    "ID Number": "1000306"
  },
  {
    "ID Number": "1017063"
  },
  {
    "ID Number": "1019872"
  },
  {
    "ID Number": "1099671"
  },
  {
    "ID Number": "1027883"
  },
  {
    "ID Number": "1087460"
  },
  {
    "ID Number": "1028367"
  },
  {
    "ID Number": "1048716"
  },
  {
    "ID Number": "1044850"
  },
  {
    "ID Number": "1046454"
  },
  {
    "ID Number": "40100162"
  },
  {
    "ID Number": "1080237"
  },
  {
    "ID Number": "40100170"
  },
  {
    "ID Number": "1010999"
  },
  {
    "ID Number": "1019287"
  },
  {
    "ID Number": "40111091"
  },
  {
    "ID Number": "1084836"
  },
  {
    "ID Number": "1024191"
  },
  {
    "ID Number": "1022776"
  },
  {
    "ID Number": "1082892"
  },
  {
    "ID Number": "1094548"
  },
  {
    "ID Number": "1049020"
  },
  {
    "ID Number": "1049283"
  },
  {
    "ID Number": "1093584"
  },
  {
    "ID Number": "1005154"
  },
  {
    "ID Number": "40109917"
  },
  {
    "ID Number": "1067680"
  },
  {
    "ID Number": "1010069"
  },
  {
    "ID Number": "1095307"
  },
  {
    "ID Number": "40102220"
  },
  {
    "ID Number": "1018060"
  },
  {
    "ID Number": "1093720"
  },
  {
    "ID Number": "1081993"
  },
  {
    "ID Number": "40119874"
  },
  {
    "ID Number": "40110915"
  },
  {
    "ID Number": "40118797"
  },
  {
    "ID Number": "1051377"
  },
  {
    "ID Number": "1048473"
  },
  {
    "ID Number": "1021834"
  },
  {
    "ID Number": "1019465"
  },
  {
    "ID Number": "1017691"
  },
  {
    "ID Number": "1010697"
  },
  {
    "ID Number": "1092243"
  },
  {
    "ID Number": "1014374"
  },
  {
    "ID Number": "1068679"
  },
  {
    "ID Number": "1002406"
  },
  {
    "ID Number": "1008153"
  },
  {
    "ID Number": "1014420"
  },
  {
    "ID Number": "1044044"
  },
  {
    "ID Number": "1042386"
  },
  {
    "ID Number": "40115321"
  },
  {
    "ID Number": "1072226"
  },
  {
    "ID Number": "1010735"
  },
  {
    "ID Number": "1089250"
  },
  {
    "ID Number": "1013637"
  },
  {
    "ID Number": "1094637"
  },
  {
    "ID Number": "1016199"
  },
  {
    "ID Number": "1060708"
  },
  {
    "ID Number": "1008137"
  },
  {
    "ID Number": "1087177"
  },
  {
    "ID Number": "1098160"
  },
  {
    "ID Number": "1099337"
  },
  {
    "ID Number": "1093010"
  },
  {
    "ID Number": "1048805"
  },
  {
    "ID Number": "1050761"
  },
  {
    "ID Number": "40110036"
  },
  {
    "ID Number": "1032550"
  },
  {
    "ID Number": "1039709"
  },
  {
    "ID Number": "1074369"
  },
  {
    "ID Number": "1094831"
  },
  {
    "ID Number": "1060970"
  },
  {
    "ID Number": "1050729"
  },
  {
    "ID Number": "1048120"
  },
  {
    "ID Number": "1077970"
  },
  {
    "ID Number": "1068792"
  },
  {
    "ID Number": "1097261"
  },
  {
    "ID Number": "1056360"
  },
  {
    "ID Number": "1033026"
  },
  {
    "ID Number": "1042130"
  },
  {
    "ID Number": "1028235"
  },
  {
    "ID Number": "1059807"
  },
  {
    "ID Number": "1017918"
  },
  {
    "ID Number": "1068440"
  },
  {
    "ID Number": "1005677"
  },
  {
    "ID Number": "1046489"
  },
  {
    "ID Number": "107105230"
  },
  {
    "ID Number": "40102262"
  },
  {
    "ID Number": "1098136"
  },
  {
    "ID Number": "1005006"
  },
  {
    "ID Number": "1059696"
  },
  {
    "ID Number": "40101860"
  },
  {
    "ID Number": "40101126"
  },
  {
    "ID Number": "1046284"
  },
  {
    "ID Number": "1000543"
  },
  {
    "ID Number": "1059319"
  },
  {
    "ID Number": "1091204"
  },
  {
    "ID Number": "40101231"
  },
  {
    "ID Number": "40108694"
  },
  {
    "ID Number": "1006479"
  },
  {
    "ID Number": "1097148"
  },
  {
    "ID Number": "1023721"
  },
  {
    "ID Number": "1056638"
  },
  {
    "ID Number": "452572"
  },
  {
    "ID Number": "1013106"
  },
  {
    "ID Number": "1005324"
  },
  {
    "ID Number": "1049623"
  },
  {
    "ID Number": "40104966"
  },
  {
    "ID Number": "1006100"
  },
  {
    "ID Number": "40110052"
  },
  {
    "ID Number": "1052594"
  },
  {
    "ID Number": "1024884"
  },
  {
    "ID Number": "1007971"
  },
  {
    "ID Number": "1011030"
  },
  {
    "ID Number": "1037226"
  },
  {
    "ID Number": "1003909"
  },
  {
    "ID Number": "1069195"
  },
  {
    "ID Number": "1023756"
  },
  {
    "ID Number": "1024205"
  },
  {
    "ID Number": "1058827"
  },
  {
    "ID Number": "1072242"
  },
  {
    "ID Number": "1069020"
  },
  {
    "ID Number": "1027344"
  },
  {
    "ID Number": "1096389"
  },
  {
    "ID Number": "1097326"
  },
  {
    "ID Number": "1002210"
  },
  {
    "ID Number": "1002147"
  },
  {
    "ID Number": "1012770"
  },
  {
    "ID Number": "1092421"
  },
  {
    "ID Number": "1060163"
  },
  {
    "ID Number": "1085816"
  },
  {
    "ID Number": "1039679"
  },
  {
    "ID Number": "1062174"
  },
  {
    "ID Number": "1024299"
  },
  {
    "ID Number": "40110060"
  },
  {
    "ID Number": "1032798"
  },
  {
    "ID Number": "1068300"
  },
  {
    "ID Number": "40110095"
  },
  {
    "ID Number": "1024957"
  },
  {
    "ID Number": "1012967"
  },
  {
    "ID Number": "1006452"
  },
  {
    "ID Number": "1098497"
  },
  {
    "ID Number": "1045652"
  },
  {
    "ID Number": "1087991"
  },
  {
    "ID Number": "1052055"
  },
  {
    "ID Number": "40119998"
  },
  {
    "ID Number": "1057901"
  },
  {
    "ID Number": "1093762"
  },
  {
    "ID Number": "40111016"
  },
  {
    "ID Number": "1056735"
  },
  {
    "ID Number": "1006304"
  },
  {
    "ID Number": "1025015"
  },
  {
    "ID Number": "1048910"
  },
  {
    "ID Number": "40110087"
  },
  {
    "ID Number": "1003771"
  },
  {
    "ID Number": "40100839"
  },
  {
    "ID Number": "1005103"
  },
  {
    "ID Number": "1033875"
  },
  {
    "ID Number": "1057979"
  },
  {
    "ID Number": "40100197"
  },
  {
    "ID Number": "1055038"
  },
  {
    "ID Number": "1057847"
  },
  {
    "ID Number": "445126"
  },
  {
    "ID Number": "1011804"
  },
  {
    "ID Number": "1093886"
  },
  {
    "ID Number": "1060961"
  },
  {
    "ID Number": "1094297"
  },
  {
    "ID Number": "40109070"
  },
  {
    "ID Number": "1091719"
  },
  {
    "ID Number": "1086545"
  },
  {
    "ID Number": "1053531"
  },
  {
    "ID Number": "1089439"
  },
  {
    "ID Number": "1028375"
  },
  {
    "ID Number": "1067834"
  },
  {
    "ID Number": "1004093"
  },
  {
    "ID Number": "1098594"
  },
  {
    "ID Number": "1004689"
  },
  {
    "ID Number": "40111636"
  },
  {
    "ID Number": "40105962"
  },
  {
    "ID Number": "40102858"
  },
  {
    "ID Number": "40100448"
  },
  {
    "ID Number": "1036262"
  },
  {
    "ID Number": "40102513"
  },
  {
    "ID Number": "611832"
  },
  {
    "ID Number": "1084046"
  },
  {
    "ID Number": "1088653"
  },
  {
    "ID Number": "1074334"
  },
  {
    "ID Number": "40109283"
  },
  {
    "ID Number": "1072803"
  },
  {
    "ID Number": "1069357"
  },
  {
    "ID Number": "1094750"
  },
  {
    "ID Number": "1089730"
  },
  {
    "ID Number": "40101487"
  },
  {
    "ID Number": "40101142"
  },
  {
    "ID Number": "1095790"
  },
  {
    "ID Number": "1097768"
  },
  {
    "ID Number": "1019449"
  },
  {
    "ID Number": "1038460"
  },
  {
    "ID Number": "1014536"
  },
  {
    "ID Number": "1005138"
  },
  {
    "ID Number": "40109623"
  },
  {
    "ID Number": "1090909"
  },
  {
    "ID Number": "1054856"
  },
  {
    "ID Number": "40100480"
  },
  {
    "ID Number": "1083031"
  },
  {
    "ID Number": "1085654"
  },
  {
    "ID Number": "40104125"
  },
  {
    "ID Number": "1084496"
  },
  {
    "ID Number": "1091387"
  },
  {
    "ID Number": "1095897"
  },
  {
    "ID Number": "40100430"
  },
  {
    "ID Number": "1082167"
  },
  {
    "ID Number": "40101177"
  },
  {
    "ID Number": "1053361"
  },
  {
    "ID Number": "24116068"
  },
  {
    "ID Number": "40110508"
  },
  {
    "ID Number": "40110192"
  },
  {
    "ID Number": "1088688"
  },
  {
    "ID Number": "40110680"
  },
  {
    "ID Number": "1013394"
  },
  {
    "ID Number": "1063162"
  },
  {
    "ID Number": "1010158"
  },
  {
    "ID Number": "1097504"
  },
  {
    "ID Number": "1073850"
  },
  {
    "ID Number": "1025147"
  },
  {
    "ID Number": "1037145"
  },
  {
    "ID Number": "40109291"
  },
  {
    "ID Number": "1036475"
  },
  {
    "ID Number": "1019945"
  },
  {
    "ID Number": "1008323"
  },
  {
    "ID Number": "1087746"
  },
  {
    "ID Number": "1004140"
  },
  {
    "ID Number": "1000330"
  },
  {
    "ID Number": "1068806"
  },
  {
    "ID Number": "1057472"
  },
  {
    "ID Number": "1097091"
  },
  {
    "ID Number": "40120643"
  },
  {
    "ID Number": "40102840"
  },
  {
    "ID Number": "1032488"
  },
  {
    "ID Number": "1084194"
  },
  {
    "ID Number": "13602888"
  },
  {
    "ID Number": "1091760"
  },
  {
    "ID Number": "1003844"
  },
  {
    "ID Number": "1054449"
  },
  {
    "ID Number": "1017292"
  },
  {
    "ID Number": "1021133"
  },
  {
    "ID Number": "1049240"
  },
  {
    "ID Number": "1029487"
  },
  {
    "ID Number": "1011120"
  },
  {
    "ID Number": "1094890"
  },
  {
    "ID Number": "1092561"
  },
  {
    "ID Number": "1045415"
  },
  {
    "ID Number": "1054430"
  },
  {
    "ID Number": "40110923"
  },
  {
    "ID Number": "40111083"
  },
  {
    "ID Number": "1078674"
  },
  {
    "ID Number": "1053914"
  },
  {
    "ID Number": "1005944"
  },
  {
    "ID Number": "1013718"
  },
  {
    "ID Number": "1005120"
  },
  {
    "ID Number": "1039857"
  },
  {
    "ID Number": "1083805"
  },
  {
    "ID Number": "40109305"
  },
  {
    "ID Number": "1041940"
  },
  {
    "ID Number": "24600857"
  },
  {
    "ID Number": "1092146"
  },
  {
    "ID Number": "1048481"
  },
  {
    "ID Number": "1012266"
  },
  {
    "ID Number": "1015745"
  },
  {
    "ID Number": "1000713"
  },
  {
    "ID Number": "1032305"
  },
  {
    "ID Number": "1011391"
  },
  {
    "ID Number": "1060945"
  },
  {
    "ID Number": "40103757"
  },
  {
    "ID Number": "1071815"
  },
  {
    "ID Number": "1014102"
  },
  {
    "ID Number": "1046713"
  },
  {
    "ID Number": "1025295"
  },
  {
    "ID Number": "1007599"
  },
  {
    "ID Number": "1046802"
  },
  {
    "ID Number": "1047981"
  },
  {
    "ID Number": "1042335"
  },
  {
    "ID Number": "1019228"
  },
  {
    "ID Number": "1036076"
  },
  {
    "ID Number": "1005669"
  },
  {
    "ID Number": "1004387"
  },
  {
    "ID Number": "1014110"
  },
  {
    "ID Number": "1031597"
  },
  {
    "ID Number": "1040685"
  },
  {
    "ID Number": "40110257"
  },
  {
    "ID Number": "40104184"
  },
  {
    "ID Number": "40105288"
  },
  {
    "ID Number": "1054589"
  },
  {
    "ID Number": "40101258"
  },
  {
    "ID Number": "1040553"
  },
  {
    "ID Number": "1085875"
  },
  {
    "ID Number": "1005839"
  },
  {
    "ID Number": "1081942"
  },
  {
    "ID Number": "1003291"
  },
  {
    "ID Number": "1029215"
  },
  {
    "ID Number": "1043587"
  },
  {
    "ID Number": "40105822"
  },
  {
    "ID Number": "1027425"
  },
  {
    "ID Number": "1027433"
  },
  {
    "ID Number": "1099132"
  },
  {
    "ID Number": "40117065"
  },
  {
    "ID Number": "1018329"
  },
  {
    "ID Number": "1010344"
  },
  {
    "ID Number": "1012550"
  },
  {
    "ID Number": "1091336"
  },
  {
    "ID Number": "40101185"
  },
  {
    "ID Number": "40120686"
  },
  {
    "ID Number": "1089587"
  },
  {
    "ID Number": "1091239"
  },
  {
    "ID Number": "40107353"
  },
  {
    "ID Number": "1004026"
  },
  {
    "ID Number": "1096192"
  },
  {
    "ID Number": "40110273"
  },
  {
    "ID Number": "1094165"
  },
  {
    "ID Number": "40100243"
  },
  {
    "ID Number": "40102122"
  },
  {
    "ID Number": "1025465"
  },
  {
    "ID Number": "1002708"
  },
  {
    "ID Number": "1062328"
  },
  {
    "ID Number": "40101703"
  },
  {
    "ID Number": "1091310"
  },
  {
    "ID Number": "1025481"
  },
  {
    "ID Number": "1010182"
  },
  {
    "ID Number": "1048937"
  },
  {
    "ID Number": "1094092"
  },
  {
    "ID Number": "1008820"
  },
  {
    "ID Number": "1059025"
  },
  {
    "ID Number": "1037595"
  },
  {
    "ID Number": "1088408"
  },
  {
    "ID Number": "1016431"
  },
  {
    "ID Number": "1091352"
  },
  {
    "ID Number": "1058720"
  },
  {
    "ID Number": "1072595"
  },
  {
    "ID Number": "1082914"
  },
  {
    "ID Number": "1084941"
  },
  {
    "ID Number": "1033689"
  },
  {
    "ID Number": "1068750"
  },
  {
    "ID Number": "40102300"
  },
  {
    "ID Number": "1025520"
  },
  {
    "ID Number": "40110109"
  },
  {
    "ID Number": "1023888"
  },
  {
    "ID Number": "40109933"
  },
  {
    "ID Number": "1022563"
  },
  {
    "ID Number": "1072579"
  },
  {
    "ID Number": "1034219"
  },
  {
    "ID Number": "1040634"
  },
  {
    "ID Number": "1025562"
  },
  {
    "ID Number": "1088661"
  },
  {
    "ID Number": "1014668"
  },
  {
    "ID Number": "1056611"
  },
  {
    "ID Number": "1068814"
  },
  {
    "ID Number": "1000845"
  },
  {
    "ID Number": "40109500"
  },
  {
    "ID Number": "40121208"
  },
  {
    "ID Number": "1007432"
  },
  {
    "ID Number": "1035002"
  },
  {
    "ID Number": "1096460"
  },
  {
    "ID Number": "1040839"
  },
  {
    "ID Number": "40121216"
  },
  {
    "ID Number": "1011588"
  },
  {
    "ID Number": "1084950"
  },
  {
    "ID Number": "40110290"
  },
  {
    "ID Number": "204374"
  },
  {
    "ID Number": "1099213"
  },
  {
    "ID Number": "1024256"
  },
  {
    "ID Number": "1039776"
  },
  {
    "ID Number": "1016300"
  },
  {
    "ID Number": "1023365"
  },
  {
    "ID Number": "1085662"
  },
  {
    "ID Number": "1054163"
  },
  {
    "ID Number": "1054783"
  },
  {
    "ID Number": "1054759"
  },
  {
    "ID Number": "1031759"
  },
  {
    "ID Number": "1096621"
  },
  {
    "ID Number": "1087940"
  },
  {
    "ID Number": "40111059"
  },
  {
    "ID Number": "1093665"
  },
  {
    "ID Number": "1013009"
  },
  {
    "ID Number": "1058487"
  },
  {
    "ID Number": "499358"
  },
  {
    "ID Number": "1006460"
  },
  {
    "ID Number": "1005073"
  },
  {
    "ID Number": "1007459"
  },
  {
    "ID Number": "40121224"
  },
  {
    "ID Number": "1082930"
  },
  {
    "ID Number": "1084020"
  },
  {
    "ID Number": "1084011"
  },
  {
    "ID Number": "1081691"
  },
  {
    "ID Number": "1015729"
  },
  {
    "ID Number": "1014706"
  },
  {
    "ID Number": "1085921"
  },
  {
    "ID Number": "1019686"
  },
  {
    "ID Number": "1087134"
  },
  {
    "ID Number": "1070207"
  },
  {
    "ID Number": "1070231"
  },
  {
    "ID Number": "1082647"
  },
  {
    "ID Number": "40120082"
  },
  {
    "ID Number": "1051504"
  },
  {
    "ID Number": "1007998"
  },
  {
    "ID Number": "1034103"
  },
  {
    "ID Number": "1021265"
  },
  {
    "ID Number": "1048945"
  },
  {
    "ID Number": "1059505"
  },
  {
    "ID Number": "1038257"
  },
  {
    "ID Number": "1089293"
  },
  {
    "ID Number": "1087690"
  },
  {
    "ID Number": "1098667"
  },
  {
    "ID Number": "40119467"
  },
  {
    "ID Number": "1027123"
  },
  {
    "ID Number": "1008803"
  },
  {
    "ID Number": "1054660"
  },
  {
    "ID Number": "1080458"
  },
  {
    "ID Number": "40106306"
  },
  {
    "ID Number": "1060031"
  },
  {
    "ID Number": "1099701"
  },
  {
    "ID Number": "1040960"
  },
  {
    "ID Number": "1083937"
  },
  {
    "ID Number": "40108848"
  },
  {
    "ID Number": "1008439"
  },
  {
    "ID Number": "40101169"
  },
  {
    "ID Number": "1019988"
  },
  {
    "ID Number": "1085905"
  },
  {
    "ID Number": "16265084"
  },
  {
    "ID Number": "1069284"
  },
  {
    "ID Number": "1038095"
  },
  {
    "ID Number": "1053159"
  },
  {
    "ID Number": "1085492"
  },
  {
    "ID Number": "40110885"
  },
  {
    "ID Number": "40110893"
  },
  {
    "ID Number": "40110907"
  },
  {
    "ID Number": "40120147"
  },
  {
    "ID Number": "40102327"
  },
  {
    "ID Number": "1089838"
  },
  {
    "ID Number": "1032852"
  },
  {
    "ID Number": "1010107"
  },
  {
    "ID Number": "40114937"
  },
  {
    "ID Number": "40106608"
  },
  {
    "ID Number": "1034804"
  },
  {
    "ID Number": "40110826"
  },
  {
    "ID Number": "40118401"
  },
  {
    "ID Number": "1038508"
  },
  {
    "ID Number": "1091980"
  },
  {
    "ID Number": "40106543"
  },
  {
    "ID Number": "40106144"
  },
  {
    "ID Number": "1007319"
  },
  {
    "ID Number": "40118126"
  },
  {
    "ID Number": "1025759"
  },
  {
    "ID Number": "1029975"
  },
  {
    "ID Number": "1092170"
  },
  {
    "ID Number": "1070215"
  },
  {
    "ID Number": "1038346"
  },
  {
    "ID Number": "40107183"
  },
  {
    "ID Number": "40110958"
  },
  {
    "ID Number": "1043366"
  },
  {
    "ID Number": "1058363"
  },
  {
    "ID Number": "40105075"
  },
  {
    "ID Number": "40105830"
  },
  {
    "ID Number": "40102335"
  },
  {
    "ID Number": "1054422"
  },
  {
    "ID Number": "40109895"
  },
  {
    "ID Number": "40105890"
  },
  {
    "ID Number": "40120740"
  },
  {
    "ID Number": "40107418"
  },
  {
    "ID Number": "1039628"
  },
  {
    "ID Number": "1016474"
  },
  {
    "ID Number": "1043293"
  },
  {
    "ID Number": "204730"
  },
  {
    "ID Number": "1099930"
  },
  {
    "ID Number": "1040723"
  },
  {
    "ID Number": "40111776"
  },
  {
    "ID Number": "1021176"
  },
  {
    "ID Number": "40102050"
  },
  {
    "ID Number": "1022490"
  },
  {
    "ID Number": "1018477"
  },
  {
    "ID Number": "1025791"
  },
  {
    "ID Number": "40101304"
  },
  {
    "ID Number": "1087185"
  },
  {
    "ID Number": "1097725"
  },
  {
    "ID Number": "1081896"
  },
  {
    "ID Number": "1008978"
  },
  {
    "ID Number": "208019"
  },
  {
    "ID Number": "1025848"
  },
  {
    "ID Number": "1030540"
  },
  {
    "ID Number": "1073338"
  },
  {
    "ID Number": "40120155"
  },
  {
    "ID Number": "1011430"
  },
  {
    "ID Number": "1052977"
  },
  {
    "ID Number": "1054457"
  },
  {
    "ID Number": "1018507"
  },
  {
    "ID Number": "1073915"
  },
  {
    "ID Number": "40111873"
  },
  {
    "ID Number": "40109135"
  },
  {
    "ID Number": "40110117"
  },
  {
    "ID Number": "1086510"
  },
  {
    "ID Number": "40102343"
  },
  {
    "ID Number": "1095072"
  },
  {
    "ID Number": "1083449"
  },
  {
    "ID Number": "1027158"
  },
  {
    "ID Number": "1061631"
  },
  {
    "ID Number": "1061275"
  },
  {
    "ID Number": "1060643"
  },
  {
    "ID Number": "1000063"
  },
  {
    "ID Number": "107105259"
  },
  {
    "ID Number": "1086260"
  },
  {
    "ID Number": "1011154"
  },
  {
    "ID Number": "1057499"
  },
  {
    "ID Number": "1014862"
  },
  {
    "ID Number": "40110990"
  },
  {
    "ID Number": "1064126"
  },
  {
    "ID Number": "1010115"
  },
  {
    "ID Number": "1000756"
  },
  {
    "ID Number": "1025899"
  },
  {
    "ID Number": "1060767"
  },
  {
    "ID Number": "1091867"
  },
  {
    "ID Number": "1095200"
  },
  {
    "ID Number": "1050230"
  },
  {
    "ID Number": "1011162"
  },
  {
    "ID Number": "1020609"
  },
  {
    "ID Number": "1051725"
  },
  {
    "ID Number": "1019708"
  },
  {
    "ID Number": "40121232"
  },
  {
    "ID Number": "1062581"
  },
  {
    "ID Number": "1013483"
  },
  {
    "ID Number": "1048490"
  },
  {
    "ID Number": "1072196"
  },
  {
    "ID Number": "1085085"
  },
  {
    "ID Number": "1072722"
  },
  {
    "ID Number": "40109550"
  },
  {
    "ID Number": "1060490"
  },
  {
    "ID Number": "1013971"
  },
  {
    "ID Number": "1036203"
  },
  {
    "ID Number": "1018566"
  },
  {
    "ID Number": "1046560"
  },
  {
    "ID Number": "1047361"
  },
  {
    "ID Number": "1021125"
  },
  {
    "ID Number": "40101975"
  },
  {
    "ID Number": "40121240"
  },
  {
    "ID Number": "1210947"
  },
  {
    "ID Number": "42210852"
  },
  {
    "ID Number": "1084259"
  },
  {
    "ID Number": "40121720"
  },
  {
    "ID Number": "40121534"
  },
  {
    "ID Number": "1004239"
  },
  {
    "ID Number": "107210639"
  },
  {
    "ID Number": "1000403"
  },
  {
    "ID Number": "1004760"
  },
  {
    "ID Number": "40109976"
  },
  {
    "ID Number": "1007564"
  },
  {
    "ID Number": "40102610"
  },
  {
    "ID Number": "1006622"
  },
  {
    "ID Number": "1098624"
  },
  {
    "ID Number": "1022946"
  },
  {
    "ID Number": "1054988"
  },
  {
    "ID Number": "40109216"
  },
  {
    "ID Number": "40101215"
  },
  {
    "ID Number": "40101070"
  },
  {
    "ID Number": "1019554"
  },
  {
    "ID Number": "1034529"
  },
  {
    "ID Number": "1044621"
  },
  {
    "ID Number": "1064002"
  },
  {
    "ID Number": "1072315"
  },
  {
    "ID Number": "1058126"
  },
  {
    "ID Number": "40110222"
  },
  {
    "ID Number": "40109640"
  },
  {
    "ID Number": "1042874"
  },
  {
    "ID Number": "40105121"
  },
  {
    "ID Number": "40100847"
  },
  {
    "ID Number": "1099094"
  },
  {
    "ID Number": "1016334"
  },
  {
    "ID Number": "1091450"
  },
  {
    "ID Number": "1025996"
  },
  {
    "ID Number": "1090720"
  },
  {
    "ID Number": "1091883"
  },
  {
    "ID Number": "1032283"
  },
  {
    "ID Number": "1069470"
  },
  {
    "ID Number": "1046578"
  },
  {
    "ID Number": "1046586"
  },
  {
    "ID Number": "1010450"
  },
  {
    "ID Number": "16207017"
  },
  {
    "ID Number": "1059661"
  },
  {
    "ID Number": "1012215"
  },
  {
    "ID Number": "1053230"
  },
  {
    "ID Number": "1093312"
  },
  {
    "ID Number": "1052624"
  },
  {
    "ID Number": "1014889"
  },
  {
    "ID Number": "1085760"
  },
  {
    "ID Number": "1029142"
  },
  {
    "ID Number": "1058401"
  },
  {
    "ID Number": "1007815"
  },
  {
    "ID Number": "1097393"
  },
  {
    "ID Number": "1042998"
  },
  {
    "ID Number": "1043250"
  },
  {
    "ID Number": "1099442"
  },
  {
    "ID Number": "1071580"
  },
  {
    "ID Number": "1092138"
  },
  {
    "ID Number": "1068709"
  },
  {
    "ID Number": "1033956"
  },
  {
    "ID Number": "1016369"
  },
  {
    "ID Number": "1062085"
  },
  {
    "ID Number": "40121259"
  },
  {
    "ID Number": "1084682"
  },
  {
    "ID Number": "1032631"
  },
  {
    "ID Number": "1046594"
  },
  {
    "ID Number": "1055348"
  },
  {
    "ID Number": "1052063"
  },
  {
    "ID Number": "40101649"
  },
  {
    "ID Number": "1058134"
  },
  {
    "ID Number": "1087860"
  },
  {
    "ID Number": "1073451"
  },
  {
    "ID Number": "1047230"
  },
  {
    "ID Number": "40121267"
  },
  {
    "ID Number": "40120090"
  },
  {
    "ID Number": "1039261"
  },
  {
    "ID Number": "1018680"
  },
  {
    "ID Number": "1004735"
  },
  {
    "ID Number": "1048759"
  },
  {
    "ID Number": "1002430"
  },
  {
    "ID Number": "40104443"
  },
  {
    "ID Number": "1031155"
  },
  {
    "ID Number": "40103145"
  },
  {
    "ID Number": "1084658"
  },
  {
    "ID Number": "1009508"
  },
  {
    "ID Number": "1046730"
  },
  {
    "ID Number": "1040090"
  },
  {
    "ID Number": "1001108"
  },
  {
    "ID Number": "1026119"
  },
  {
    "ID Number": "1009818"
  },
  {
    "ID Number": "1012908"
  },
  {
    "ID Number": "1005561"
  },
  {
    "ID Number": "1019481"
  },
  {
    "ID Number": "40121283"
  },
  {
    "ID Number": "1093053"
  },
  {
    "ID Number": "40110940"
  },
  {
    "ID Number": "13504444"
  },
  {
    "ID Number": "34604812"
  },
  {
    "ID Number": "40121461"
  },
  {
    "ID Number": "1094408"
  },
  {
    "ID Number": "40108325"
  },
  {
    "ID Number": "1009931"
  },
  {
    "ID Number": "1013246"
  },
  {
    "ID Number": "1012916"
  },
  {
    "ID Number": "1030787"
  },
  {
    "ID Number": "1032178"
  },
  {
    "ID Number": "1065882"
  },
  {
    "ID Number": "1091972"
  },
  {
    "ID Number": "1002473"
  },
  {
    "ID Number": "1040650"
  },
  {
    "ID Number": "1094645"
  },
  {
    "ID Number": "1092499"
  },
  {
    "ID Number": "1007246"
  },
  {
    "ID Number": "1063910"
  },
  {
    "ID Number": "1084755"
  },
  {
    "ID Number": "1091131"
  },
  {
    "ID Number": "1011570"
  },
  {
    "ID Number": "1052047"
  },
  {
    "ID Number": "1006894"
  },
  {
    "ID Number": "1016385"
  },
  {
    "ID Number": "1052691"
  },
  {
    "ID Number": "1019511"
  },
  {
    "ID Number": "40109925"
  },
  {
    "ID Number": "1019384"
  },
  {
    "ID Number": "1090380"
  },
  {
    "ID Number": "1005642"
  },
  {
    "ID Number": "1030205"
  },
  {
    "ID Number": "14400030"
  },
  {
    "ID Number": "40107060"
  },
  {
    "ID Number": "1006118"
  },
  {
    "ID Number": "1052772"
  },
  {
    "ID Number": "1096320"
  },
  {
    "ID Number": "1068881"
  },
  {
    "ID Number": "1099221"
  },
  {
    "ID Number": "1026771"
  },
  {
    "ID Number": "40108317"
  },
  {
    "ID Number": "1072625"
  },
  {
    "ID Number": "1004220"
  },
  {
    "ID Number": "1085441"
  },
  {
    "ID Number": "1092928"
  },
  {
    "ID Number": "1096257"
  },
  {
    "ID Number": "1028626"
  },
  {
    "ID Number": "1033743"
  },
  {
    "ID Number": "1026275"
  },
  {
    "ID Number": "40106403"
  },
  {
    "ID Number": "40109909"
  },
  {
    "ID Number": "1095765"
  },
  {
    "ID Number": "1007858"
  },
  {
    "ID Number": "1055852"
  },
  {
    "ID Number": "1008048"
  },
  {
    "ID Number": "1018779"
  },
  {
    "ID Number": "1011316"
  },
  {
    "ID Number": "40101495"
  },
  {
    "ID Number": "1008897"
  },
  {
    "ID Number": "40101967"
  },
  {
    "ID Number": "1095846"
  },
  {
    "ID Number": "1017900"
  },
  {
    "ID Number": "1032879"
  },
  {
    "ID Number": "1026356"
  },
  {
    "ID Number": "1095781"
  },
  {
    "ID Number": "1095919"
  },
  {
    "ID Number": "1087401"
  },
  {
    "ID Number": "1059335"
  },
  {
    "ID Number": "1055070"
  },
  {
    "ID Number": "1055003"
  },
  {
    "ID Number": "1095838"
  },
  {
    "ID Number": "40104885"
  },
  {
    "ID Number": "1068598"
  },
  {
    "ID Number": "1002899"
  },
  {
    "ID Number": "1091840"
  },
  {
    "ID Number": "1040952"
  },
  {
    "ID Number": "1000012"
  },
  {
    "ID Number": "40104524"
  },
  {
    "ID Number": "1000918"
  },
  {
    "ID Number": "1058398"
  },
  {
    "ID Number": "40101762"
  },
  {
    "ID Number": "1026380"
  },
  {
    "ID Number": "1026399"
  },
  {
    "ID Number": "1098306"
  },
  {
    "ID Number": "1090143"
  },
  {
    "ID Number": "1008013"
  },
  {
    "ID Number": "1001493"
  },
  {
    "ID Number": "1057871"
  },
  {
    "ID Number": "1057952"
  },
  {
    "ID Number": "1074482"
  },
  {
    "ID Number": "1074490"
  },
  {
    "ID Number": "1012800"
  },
  {
    "ID Number": "1066994"
  },
  {
    "ID Number": "1050842"
  },
  {
    "ID Number": "1088041"
  },
  {
    "ID Number": "1031260"
  },
  {
    "ID Number": "1052560"
  },
  {
    "ID Number": "40111547"
  },
  {
    "ID Number": "1076787"
  },
  {
    "ID Number": "21510784"
  },
  {
    "ID Number": "1006924"
  },
  {
    "ID Number": "1057626"
  },
  {
    "ID Number": "1001728"
  },
  {
    "ID Number": "1015478"
  },
  {
    "ID Number": "40108929"
  },
  {
    "ID Number": "40106691"
  },
  {
    "ID Number": "1097172"
  },
  {
    "ID Number": "1078259"
  },
  {
    "ID Number": "1005618"
  },
  {
    "ID Number": "1007262"
  },
  {
    "ID Number": "40100022"
  },
  {
    "ID Number": "1090135"
  },
  {
    "ID Number": "1078747"
  },
  {
    "ID Number": "1074849"
  },
  {
    "ID Number": "1012843"
  },
  {
    "ID Number": "40105580"
  },
  {
    "ID Number": "1049771"
  },
  {
    "ID Number": "1002600"
  },
  {
    "ID Number": "40110125"
  },
  {
    "ID Number": "40109518"
  },
  {
    "ID Number": "1028936"
  },
  {
    "ID Number": "1009583"
  },
  {
    "ID Number": "1068466"
  },
  {
    "ID Number": "1028073"
  },
  {
    "ID Number": "1048970"
  },
  {
    "ID Number": "1020102"
  },
  {
    "ID Number": "1028049"
  },
  {
    "ID Number": "1084712"
  },
  {
    "ID Number": "40107248"
  },
  {
    "ID Number": "1004670"
  },
  {
    "ID Number": "1030809"
  },
  {
    "ID Number": "1008684"
  },
  {
    "ID Number": "1901893"
  },
  {
    "ID Number": "1036254"
  },
  {
    "ID Number": "1028863"
  },
  {
    "ID Number": "1015010"
  },
  {
    "ID Number": "1020110"
  },
  {
    "ID Number": "1003720"
  },
  {
    "ID Number": "40121291"
  },
  {
    "ID Number": "40121305"
  },
  {
    "ID Number": "1086731"
  },
  {
    "ID Number": "1091891"
  },
  {
    "ID Number": "1048988"
  },
  {
    "ID Number": "1001787"
  },
  {
    "ID Number": "1052853"
  },
  {
    "ID Number": "40113655"
  },
  {
    "ID Number": "1008595"
  },
  {
    "ID Number": "1021338"
  },
  {
    "ID Number": "1018850"
  },
  {
    "ID Number": "1019260"
  },
  {
    "ID Number": "1039717"
  },
  {
    "ID Number": "1027964"
  },
  {
    "ID Number": "40109658"
  },
  {
    "ID Number": "1005855"
  },
  {
    "ID Number": "1084445"
  },
  {
    "ID Number": "40102009"
  },
  {
    "ID Number": "1039687"
  },
  {
    "ID Number": "1046055"
  },
  {
    "ID Number": "1004115"
  },
  {
    "ID Number": "1052934"
  },
  {
    "ID Number": "1007831"
  },
  {
    "ID Number": "40110834"
  },
  {
    "ID Number": "1022938"
  },
  {
    "ID Number": "1033840"
  },
  {
    "ID Number": "1049364"
  },
  {
    "ID Number": "1015753"
  },
  {
    "ID Number": "1026607"
  },
  {
    "ID Number": "1053620"
  },
  {
    "ID Number": "1000470"
  },
  {
    "ID Number": "1001116"
  },
  {
    "ID Number": "40101207"
  },
  {
    "ID Number": "1059629"
  },
  {
    "ID Number": "1015311"
  },
  {
    "ID Number": "1028693"
  },
  {
    "ID Number": "1048503"
  },
  {
    "ID Number": "1026623"
  },
  {
    "ID Number": "1002988"
  },
  {
    "ID Number": "40101088"
  },
  {
    "ID Number": "222011"
  },
  {
    "ID Number": "1064061"
  },
  {
    "ID Number": "1060058"
  },
  {
    "ID Number": "1011510"
  },
  {
    "ID Number": "40119289"
  },
  {
    "ID Number": "40102130"
  },
  {
    "ID Number": "1044605"
  },
  {
    "ID Number": "1039784"
  },
  {
    "ID Number": "1039792"
  },
  {
    "ID Number": "1051563"
  },
  {
    "ID Number": "1052020"
  },
  {
    "ID Number": "40119980"
  },
  {
    "ID Number": "1044680"
  },
  {
    "ID Number": "40104605"
  },
  {
    "ID Number": "1068407"
  },
  {
    "ID Number": "1015796"
  },
  {
    "ID Number": "1036394"
  },
  {
    "ID Number": "40101100"
  },
  {
    "ID Number": "40103382"
  },
  {
    "ID Number": "1005596"
  },
  {
    "ID Number": "40121321"
  },
  {
    "ID Number": "1008161"
  },
  {
    "ID Number": "1085735"
  },
  {
    "ID Number": "1048112"
  },
  {
    "ID Number": "1018957"
  },
  {
    "ID Number": "1093711"
  },
  {
    "ID Number": "40101991"
  },
  {
    "ID Number": "1020854"
  },
  {
    "ID Number": "1054236"
  },
  {
    "ID Number": "1019414"
  },
  {
    "ID Number": "1068512"
  },
  {
    "ID Number": "1013858"
  },
  {
    "ID Number": "1058274"
  },
  {
    "ID Number": "1009940"
  },
  {
    "ID Number": "40120163"
  },
  {
    "ID Number": "1078798"
  },
  {
    "ID Number": "1012665"
  },
  {
    "ID Number": "1038389"
  },
  {
    "ID Number": "1034995"
  },
  {
    "ID Number": "1013076"
  },
  {
    "ID Number": "40107825"
  },
  {
    "ID Number": "1035967"
  },
  {
    "ID Number": "1068423"
  },
  {
    "ID Number": "1060759"
  },
  {
    "ID Number": "40102181"
  },
  {
    "ID Number": "1097199"
  },
  {
    "ID Number": "1019821"
  },
  {
    "ID Number": "1002783"
  },
  {
    "ID Number": "1051075"
  },
  {
    "ID Number": "1010000"
  },
  {
    "ID Number": "1099256"
  },
  {
    "ID Number": "40121330"
  },
  {
    "ID Number": "1078623"
  },
  {
    "ID Number": "1060538"
  },
  {
    "ID Number": "40101720"
  },
  {
    "ID Number": "1012673"
  },
  {
    "ID Number": "40102165"
  },
  {
    "ID Number": "1009877"
  },
  {
    "ID Number": "1000268"
  },
  {
    "ID Number": "40107876"
  },
  {
    "ID Number": "40101614"
  },
  {
    "ID Number": "1012576"
  },
  {
    "ID Number": "40108295"
  },
  {
    "ID Number": "1004166"
  },
  {
    "ID Number": "1020196"
  },
  {
    "ID Number": "1073710"
  },
  {
    "ID Number": "40111571"
  },
  {
    "ID Number": "40104664"
  },
  {
    "ID Number": "1095773"
  },
  {
    "ID Number": "1035282"
  },
  {
    "ID Number": "4631307"
  },
  {
    "ID Number": "1026917"
  },
  {
    "ID Number": "40103242"
  },
  {
    "ID Number": "1063790"
  },
  {
    "ID Number": "1026933"
  },
  {
    "ID Number": "1044001"
  },
  {
    "ID Number": "1098519"
  },
  {
    "ID Number": "1054775"
  },
  {
    "ID Number": "40118428"
  },
  {
    "ID Number": "40120031"
  },
  {
    "ID Number": "1088580"
  },
  {
    "ID Number": "1026968"
  },
  {
    "ID Number": "1014080"
  },
  {
    "ID Number": "1055542"
  },
  {
    "ID Number": "1098780"
  },
  {
    "ID Number": "1004271"
  },
  {
    "ID Number": "1097075"
  },
  {
    "ID Number": "40109399"
  },
  {
    "ID Number": "1016482"
  },
  {
    "ID Number": "1010204"
  },
  {
    "ID Number": "1082566"
  },
  {
    "ID Number": "1060503"
  },
  {
    "ID Number": "1072854"
  },
  {
    "ID Number": "1000764"
  },
  {
    "ID Number": "1085824"
  },
  {
    "ID Number": "40110001"
  },
  {
    "ID Number": "1068776"
  },
  {
    "ID Number": "1059378"
  },
  {
    "ID Number": "1055267"
  },
  {
    "ID Number": "1005634"
  },
  {
    "ID Number": "1048333"
  },
  {
    "ID Number": "1094505"
  },
  {
    "ID Number": "1047558"
  },
  {
    "ID Number": "1050265"
  },
  {
    "ID Number": "1008293"
  },
  {
    "ID Number": "1030256"
  },
  {
    "ID Number": "40118398"
  },
  {
    "ID Number": "1024175"
  },
  {
    "ID Number": "1048104"
  },
  {
    "ID Number": "1050036"
  },
  {
    "ID Number": "1084577"
  },
  {
    "ID Number": "1053787"
  },
  {
    "ID Number": "1036335"
  },
  {
    "ID Number": "1059815"
  },
  {
    "ID Number": "1028332"
  },
  {
    "ID Number": "1004182"
  },
  {
    "ID Number": "40121348"
  },
  {
    "ID Number": "1014188"
  },
  {
    "ID Number": "1007009"
  },
  {
    "ID Number": "1213261"
  },
  {
    "ID Number": "1006088"
  },
  {
    "ID Number": "1080369"
  },
  {
    "ID Number": "1013319"
  },
  {
    "ID Number": "1088734"
  },
  {
    "ID Number": "40110761"
  },
  {
    "ID Number": "40115712"
  },
  {
    "ID Number": "40109526"
  },
  {
    "ID Number": "1058959"
  },
  {
    "ID Number": "1021729"
  },
  {
    "ID Number": "40102777"
  },
  {
    "ID Number": "1002864"
  },
  {
    "ID Number": "40108619"
  },
  {
    "ID Number": "1002589"
  },
  {
    "ID Number": "1010840"
  },
  {
    "ID Number": "40101096"
  },
  {
    "ID Number": "1085930"
  },
  {
    "ID Number": "1003887"
  },
  {
    "ID Number": "40101460"
  },
  {
    "ID Number": "1092375"
  },
  {
    "ID Number": "1005480"
  },
  {
    "ID Number": "1090500"
  },
  {
    "ID Number": "1088009"
  },
  {
    "ID Number": "1039016"
  },
  {
    "ID Number": "1006347"
  },
  {
    "ID Number": "1003038"
  },
  {
    "ID Number": "1037528"
  },
  {
    "ID Number": "1073826"
  },
  {
    "ID Number": "40101037"
  },
  {
    "ID Number": "40102386"
  },
  {
    "ID Number": "1086871"
  },
  {
    "ID Number": "40109739"
  },
  {
    "ID Number": "40107175"
  },
  {
    "ID Number": "1012207"
  },
  {
    "ID Number": "1024280"
  },
  {
    "ID Number": "1091743"
  },
  {
    "ID Number": "1041444"
  },
  {
    "ID Number": "1036432"
  }
]