[
  {
    "ID Number": "13017934"
  },
  {
    "ID Number": "13022849"
  },
  {
    "ID Number": "13024566"
  },
  {
    "ID Number": "13024175"
  },
  {
    "ID Number": "13009087"
  },
  {
    "ID Number": "13025104"
  },
  {
    "ID Number": "13025880"
  },
  {
    "ID Number": "13027450"
  },
  {
    "ID Number": "13020382"
  },
  {
    "ID Number": "13023918"
  },
  {
    "ID Number": "13023810"
  },
  {
    "ID Number": "13003267"
  },
  {
    "ID Number": "13025422"
  },
  {
    "ID Number": "13025686"
  },
  {
    "ID Number": "13024205"
  },
  {
    "ID Number": "13012100"
  },
  {
    "ID Number": "13018248"
  },
  {
    "ID Number": "13007858"
  },
  {
    "ID Number": "13008722"
  },
  {
    "ID Number": "13023926"
  },
  {
    "ID Number": "13009435"
  },
  {
    "ID Number": "13009370"
  },
  {
    "ID Number": "13008315"
  },
  {
    "ID Number": "13021605"
  },
  {
    "ID Number": "13003682"
  },
  {
    "ID Number": "13006088"
  },
  {
    "ID Number": "13027247"
  },
  {
    "ID Number": "13006142"
  },
  {
    "ID Number": "13000969"
  },
  {
    "ID Number": "13004565"
  },
  {
    "ID Number": "13009389"
  },
  {
    "ID Number": "13023756"
  },
  {
    "ID Number": "13004301"
  },
  {
    "ID Number": "13006703"
  },
  {
    "ID Number": "13024540"
  },
  {
    "ID Number": "13023934"
  },
  {
    "ID Number": "13010794"
  },
  {
    "ID Number": "13007459"
  },
  {
    "ID Number": "13005057"
  },
  {
    "ID Number": "13021575"
  },
  {
    "ID Number": "13001280"
  },
  {
    "ID Number": "13015451"
  },
  {
    "ID Number": "13026798"
  },
  {
    "ID Number": "13008323"
  },
  {
    "ID Number": "13021613"
  },
  {
    "ID Number": "13004140"
  },
  {
    "ID Number": "13015370"
  },
  {
    "ID Number": "13002929"
  },
  {
    "ID Number": "13022580"
  },
  {
    "ID Number": "13025120"
  },
  {
    "ID Number": "13023829"
  },
  {
    "ID Number": "13004590"
  },
  {
    "ID Number": "13001817"
  },
  {
    "ID Number": "13004883"
  },
  {
    "ID Number": "13013742"
  },
  {
    "ID Number": "13012720"
  },
  {
    "ID Number": "13024345"
  },
  {
    "ID Number": "13026445"
  },
  {
    "ID Number": "13019236"
  },
  {
    "ID Number": "13021630"
  },
  {
    "ID Number": "13019805"
  },
  {
    "ID Number": "13008331"
  },
  {
    "ID Number": "13023837"
  },
  {
    "ID Number": "13002589"
  },
  {
    "ID Number": "13004611"
  },
  {
    "ID Number": "13007475"
  },
  {
    "ID Number": "13004620"
  },
  {
    "ID Number": "13026151"
  },
  {
    "ID Number": "13026160"
  },
  {
    "ID Number": "13024612"
  },
  {
    "ID Number": "13024248"
  },
  {
    "ID Number": "13023101"
  },
  {
    "ID Number": "13007777"
  },
  {
    "ID Number": "13001795"
  },
  {
    "ID Number": "13024892"
  },
  {
    "ID Number": "13016725"
  },
  {
    "ID Number": "13001701"
  },
  {
    "ID Number": "13010654"
  },
  {
    "ID Number": "13026178"
  },
  {
    "ID Number": "13011553"
  },
  {
    "ID Number": "13027263"
  },
  {
    "ID Number": "13003240"
  },
  {
    "ID Number": "13025619"
  },
  {
    "ID Number": "13027107"
  },
  {
    "ID Number": "13001361"
  },
  {
    "ID Number": "13001370"
  },
  {
    "ID Number": "13023942"
  },
  {
    "ID Number": "13014927"
  },
  {
    "ID Number": "13014196"
  },
  {
    "ID Number": "13006070"
  },
  {
    "ID Number": "13003321"
  },
  {
    "ID Number": "13015532"
  },
  {
    "ID Number": "13023845"
  },
  {
    "ID Number": "13007505"
  },
  {
    "ID Number": "13018272"
  },
  {
    "ID Number": "13026658"
  },
  {
    "ID Number": "13021702"
  },
  {
    "ID Number": "13021710"
  },
  {
    "ID Number": "13023853"
  },
  {
    "ID Number": "13003941"
  },
  {
    "ID Number": "13000314"
  },
  {
    "ID Number": "13008773"
  },
  {
    "ID Number": "13004638"
  },
  {
    "ID Number": "13001248"
  },
  {
    "ID Number": "13020390"
  },
  {
    "ID Number": "13000390"
  },
  {
    "ID Number": "13014960"
  },
  {
    "ID Number": "13024647"
  },
  {
    "ID Number": "13017640"
  },
  {
    "ID Number": "13025171"
  },
  {
    "ID Number": "13023764"
  },
  {
    "ID Number": "13012517"
  },
  {
    "ID Number": "13012525"
  },
  {
    "ID Number": "13004115"
  },
  {
    "ID Number": "13002007"
  },
  {
    "ID Number": "13007149"
  },
  {
    "ID Number": "13003399"
  },
  {
    "ID Number": "13012541"
  },
  {
    "ID Number": "13000721"
  },
  {
    "ID Number": "13023950"
  },
  {
    "ID Number": "13018256"
  },
  {
    "ID Number": "13004662"
  },
  {
    "ID Number": "13025180"
  },
  {
    "ID Number": "13006770"
  },
  {
    "ID Number": "13019996"
  },
  {
    "ID Number": "13024264"
  },
  {
    "ID Number": "13002023"
  },
  {
    "ID Number": "13004239"
  },
  {
    "ID Number": "13008374"
  },
  {
    "ID Number": "13009745"
  },
  {
    "ID Number": "13008382"
  },
  {
    "ID Number": "13007530"
  },
  {
    "ID Number": "13027271"
  },
  {
    "ID Number": "13014730"
  },
  {
    "ID Number": "13027280"
  },
  {
    "ID Number": "13008170"
  },
  {
    "ID Number": "13001108"
  },
  {
    "ID Number": "13009761"
  },
  {
    "ID Number": "13024655"
  },
  {
    "ID Number": "13023969"
  },
  {
    "ID Number": "13018051"
  },
  {
    "ID Number": "13022490"
  },
  {
    "ID Number": "13003186"
  },
  {
    "ID Number": "13026208"
  },
  {
    "ID Number": "13001884"
  },
  {
    "ID Number": "13024663"
  },
  {
    "ID Number": "13023977"
  },
  {
    "ID Number": "13023985"
  },
  {
    "ID Number": "13013793"
  },
  {
    "ID Number": "13006800"
  },
  {
    "ID Number": "13000233"
  },
  {
    "ID Number": "13009800"
  },
  {
    "ID Number": "13001698"
  },
  {
    "ID Number": "13017241"
  },
  {
    "ID Number": "13002961"
  },
  {
    "ID Number": "13002970"
  },
  {
    "ID Number": "13012568"
  },
  {
    "ID Number": "13024671"
  },
  {
    "ID Number": "13025627"
  },
  {
    "ID Number": "13027298"
  },
  {
    "ID Number": "13018191"
  },
  {
    "ID Number": "13023993"
  },
  {
    "ID Number": "13025414"
  },
  {
    "ID Number": "13007548"
  },
  {
    "ID Number": "13022431"
  },
  {
    "ID Number": "13024000"
  },
  {
    "ID Number": "13003569"
  },
  {
    "ID Number": "13006274"
  },
  {
    "ID Number": "13024019"
  },
  {
    "ID Number": "13014986"
  },
  {
    "ID Number": "13003895"
  },
  {
    "ID Number": "13015524"
  },
  {
    "ID Number": "13027301"
  },
  {
    "ID Number": "13001230"
  },
  {
    "ID Number": "13022440"
  },
  {
    "ID Number": "13014056"
  },
  {
    "ID Number": "13008730"
  },
  {
    "ID Number": "13024400"
  },
  {
    "ID Number": "13022989"
  },
  {
    "ID Number": "13005111"
  },
  {
    "ID Number": "13000322"
  },
  {
    "ID Number": "13007947"
  },
  {
    "ID Number": "13025678"
  },
  {
    "ID Number": "13011928"
  },
  {
    "ID Number": "13004697"
  },
  {
    "ID Number": "13014595"
  },
  {
    "ID Number": "13005367"
  },
  {
    "ID Number": "13001930"
  },
  {
    "ID Number": "13002422"
  },
  {
    "ID Number": "13003968"
  },
  {
    "ID Number": "13009060"
  },
  {
    "ID Number": "13004700"
  },
  {
    "ID Number": "13026585"
  },
  {
    "ID Number": "13011952"
  },
  {
    "ID Number": "13009281"
  },
  {
    "ID Number": "13019635"
  },
  {
    "ID Number": "13007955"
  },
  {
    "ID Number": "13021893"
  },
  {
    "ID Number": "13003348"
  },
  {
    "ID Number": "13006860"
  },
  {
    "ID Number": "13026704"
  },
  {
    "ID Number": "13010883"
  },
  {
    "ID Number": "13015435"
  },
  {
    "ID Number": "13006312"
  },
  {
    "ID Number": "13000071"
  },
  {
    "ID Number": "103266117"
  },
  {
    "ID Number": "13024027"
  },
  {
    "ID Number": "13002899"
  },
  {
    "ID Number": "13014110"
  },
  {
    "ID Number": "13009958"
  },
  {
    "ID Number": "13024280"
  },
  {
    "ID Number": "13004255"
  },
  {
    "ID Number": "13003747"
  },
  {
    "ID Number": "13009044"
  },
  {
    "ID Number": "13000110"
  },
  {
    "ID Number": "13004387"
  },
  {
    "ID Number": "13025503"
  },
  {
    "ID Number": "13005413"
  },
  {
    "ID Number": "13024914"
  },
  {
    "ID Number": "13008307"
  },
  {
    "ID Number": "13009192"
  },
  {
    "ID Number": "13026933"
  },
  {
    "ID Number": "13024930"
  },
  {
    "ID Number": "13015001"
  },
  {
    "ID Number": "13025538"
  },
  {
    "ID Number": "13007181"
  },
  {
    "ID Number": "13011308"
  },
  {
    "ID Number": "13026089"
  },
  {
    "ID Number": "13019899"
  },
  {
    "ID Number": "13002481"
  },
  {
    "ID Number": "13024957"
  },
  {
    "ID Number": "13015796"
  },
  {
    "ID Number": "13014790"
  },
  {
    "ID Number": "13027310"
  },
  {
    "ID Number": "13007750"
  },
  {
    "ID Number": "13024159"
  },
  {
    "ID Number": "13015605"
  },
  {
    "ID Number": "13026429"
  },
  {
    "ID Number": "13007343"
  },
  {
    "ID Number": "13014803"
  },
  {
    "ID Number": "13007416"
  },
  {
    "ID Number": "13016172"
  },
  {
    "ID Number": "13024701"
  },
  {
    "ID Number": "13002996"
  },
  {
    "ID Number": "13024710"
  },
  {
    "ID Number": "13002791"
  },
  {
    "ID Number": "13024035"
  },
  {
    "ID Number": "13017055"
  },
  {
    "ID Number": "13024299"
  },
  {
    "ID Number": "13012045"
  },
  {
    "ID Number": "13021907"
  },
  {
    "ID Number": "13021885"
  },
  {
    "ID Number": "13013858"
  },
  {
    "ID Number": "13023861"
  },
  {
    "ID Number": "13010069"
  },
  {
    "ID Number": "13013866"
  },
  {
    "ID Number": "13012282"
  },
  {
    "ID Number": "13012290"
  },
  {
    "ID Number": "13012304"
  },
  {
    "ID Number": "13026070"
  },
  {
    "ID Number": "13011316"
  },
  {
    "ID Number": "13027336"
  },
  {
    "ID Number": "13001272"
  },
  {
    "ID Number": "13004247"
  },
  {
    "ID Number": "13023292"
  },
  {
    "ID Number": "13025872"
  },
  {
    "ID Number": "13022458"
  },
  {
    "ID Number": "13002902"
  },
  {
    "ID Number": "13024426"
  },
  {
    "ID Number": "13006401"
  },
  {
    "ID Number": "13023713"
  },
  {
    "ID Number": "13026003"
  },
  {
    "ID Number": "13019023"
  },
  {
    "ID Number": "13015516"
  },
  {
    "ID Number": "13004280"
  },
  {
    "ID Number": "13011022"
  },
  {
    "ID Number": "13024744"
  },
  {
    "ID Number": "13005294"
  },
  {
    "ID Number": "13007726"
  },
  {
    "ID Number": "13018132"
  },
  {
    "ID Number": "13024434"
  },
  {
    "ID Number": "13005260"
  },
  {
    "ID Number": "13024990"
  },
  {
    "ID Number": "13005251"
  },
  {
    "ID Number": "13021826"
  },
  {
    "ID Number": "13027085"
  },
  {
    "ID Number": "13027018"
  },
  {
    "ID Number": "13024760"
  },
  {
    "ID Number": "13012762"
  },
  {
    "ID Number": "13026186"
  },
  {
    "ID Number": "13024043"
  },
  {
    "ID Number": "13027905"
  },
  {
    "ID Number": "13007394"
  },
  {
    "ID Number": "13001264"
  },
  {
    "ID Number": "13001353"
  },
  {
    "ID Number": "13013564"
  },
  {
    "ID Number": "13026909"
  },
  {
    "ID Number": "13027131"
  },
  {
    "ID Number": "13007203"
  },
  {
    "ID Number": "13019740"
  },
  {
    "ID Number": "13004034"
  },
  {
    "ID Number": "13005901"
  },
  {
    "ID Number": "13026550"
  },
  {
    "ID Number": "13008250"
  },
  {
    "ID Number": "13003020"
  },
  {
    "ID Number": "13003178"
  },
  {
    "ID Number": "13026437"
  },
  {
    "ID Number": "13024850"
  },
  {
    "ID Number": "13026712"
  },
  {
    "ID Number": "13005928"
  },
  {
    "ID Number": "13007998"
  },
  {
    "ID Number": "13004093"
  },
  {
    "ID Number": "13010328"
  },
  {
    "ID Number": "13013904"
  },
  {
    "ID Number": "13004107"
  },
  {
    "ID Number": "13003437"
  },
  {
    "ID Number": "13014080"
  },
  {
    "ID Number": "13022687"
  },
  {
    "ID Number": "13024051"
  },
  {
    "ID Number": "13021915"
  },
  {
    "ID Number": "13008846"
  },
  {
    "ID Number": "13007220"
  },
  {
    "ID Number": "13026640"
  },
  {
    "ID Number": "13012657"
  },
  {
    "ID Number": "13023705"
  },
  {
    "ID Number": "13002872"
  },
  {
    "ID Number": "13000705"
  },
  {
    "ID Number": "13015044"
  },
  {
    "ID Number": "13008005"
  },
  {
    "ID Number": "13025660"
  },
  {
    "ID Number": "13000241"
  },
  {
    "ID Number": "13023608"
  },
  {
    "ID Number": "13024060"
  },
  {
    "ID Number": "13027913"
  },
  {
    "ID Number": "13024752"
  },
  {
    "ID Number": "13010360"
  },
  {
    "ID Number": "13024078"
  },
  {
    "ID Number": "13005987"
  },
  {
    "ID Number": "13004131"
  },
  {
    "ID Number": "13013220"
  },
  {
    "ID Number": "13022466"
  },
  {
    "ID Number": "13025821"
  },
  {
    "ID Number": "13024086"
  },
  {
    "ID Number": "13012347"
  },
  {
    "ID Number": "13004816"
  },
  {
    "ID Number": "13024094"
  },
  {
    "ID Number": "13009290"
  },
  {
    "ID Number": "13024116"
  },
  {
    "ID Number": "13007114"
  },
  {
    "ID Number": "13007645"
  },
  {
    "ID Number": "13023888"
  },
  {
    "ID Number": "13027093"
  },
  {
    "ID Number": "13021923"
  },
  {
    "ID Number": "13003658"
  },
  {
    "ID Number": "13007297"
  },
  {
    "ID Number": "13003100"
  },
  {
    "ID Number": "13006550"
  },
  {
    "ID Number": "13007637"
  },
  {
    "ID Number": "13002783"
  },
  {
    "ID Number": "13024728"
  },
  {
    "ID Number": "13023772"
  },
  {
    "ID Number": "13025546"
  },
  {
    "ID Number": "13025406"
  },
  {
    "ID Number": "13025058"
  },
  {
    "ID Number": "13007629"
  },
  {
    "ID Number": "13004476"
  },
  {
    "ID Number": "13023780"
  },
  {
    "ID Number": "13021931"
  },
  {
    "ID Number": "13008064"
  },
  {
    "ID Number": "13024477"
  },
  {
    "ID Number": "13024124"
  },
  {
    "ID Number": "13026810"
  },
  {
    "ID Number": "13013947"
  },
  {
    "ID Number": "13014889"
  },
  {
    "ID Number": "13026313"
  },
  {
    "ID Number": "13023276"
  },
  {
    "ID Number": "13022504"
  },
  {
    "ID Number": "13017110"
  },
  {
    "ID Number": "13023187"
  },
  {
    "ID Number": "13027140"
  },
  {
    "ID Number": "13000195"
  },
  {
    "ID Number": "13023870"
  },
  {
    "ID Number": "13013955"
  },
  {
    "ID Number": "13004859"
  },
  {
    "ID Number": "13001574"
  },
  {
    "ID Number": "13014900"
  },
  {
    "ID Number": "13001655"
  },
  {
    "ID Number": "13005022"
  },
  {
    "ID Number": "13021567"
  },
  {
    "ID Number": "13008595"
  },
  {
    "ID Number": "13003410"
  },
  {
    "ID Number": "13002252"
  },
  {
    "ID Number": "13015052"
  },
  {
    "ID Number": "13013700"
  },
  {
    "ID Number": "13003844"
  },
  {
    "ID Number": "13020064"
  },
  {
    "ID Number": "13026283"
  }
]