[
  {
    "ID Number": "116293686"
  },
  {
    "ID Number": "11518928"
  },
  {
    "ID Number": "11521791"
  },
  {
    "ID Number": "11513284"
  },
  {
    "ID Number": "11519711"
  },
  {
    "ID Number": "11500719"
  },
  {
    "ID Number": "11518251"
  },
  {
    "ID Number": "11520116"
  },
  {
    "ID Number": "11523646"
  },
  {
    "ID Number": "11524359"
  },
  {
    "ID Number": "11513780"
  },
  {
    "ID Number": "11523760"
  },
  {
    "ID Number": "11520710"
  },
  {
    "ID Number": "11506148"
  },
  {
    "ID Number": "11504366"
  },
  {
    "ID Number": "11504943"
  },
  {
    "ID Number": "11508833"
  },
  {
    "ID Number": "11513330"
  },
  {
    "ID Number": "11513152"
  },
  {
    "ID Number": "11522950"
  },
  {
    "ID Number": "11512687"
  },
  {
    "ID Number": "11510820"
  },
  {
    "ID Number": "11518596"
  },
  {
    "ID Number": "11518669"
  },
  {
    "ID Number": "11503750"
  },
  {
    "ID Number": "11517255"
  },
  {
    "ID Number": "11517328"
  },
  {
    "ID Number": "11517310"
  },
  {
    "ID Number": "11519193"
  },
  {
    "ID Number": "11519843"
  },
  {
    "ID Number": "11510838"
  },
  {
    "ID Number": "11525207"
  },
  {
    "ID Number": "11510846"
  },
  {
    "ID Number": "11524634"
  },
  {
    "ID Number": "11524642"
  },
  {
    "ID Number": "11523786"
  },
  {
    "ID Number": "11500050"
  },
  {
    "ID Number": "11518936"
  },
  {
    "ID Number": "11504250"
  },
  {
    "ID Number": "11525363"
  },
  {
    "ID Number": "11510889"
  },
  {
    "ID Number": "11503327"
  },
  {
    "ID Number": "11521120"
  },
  {
    "ID Number": "11514817"
  },
  {
    "ID Number": "215223760"
  },
  {
    "ID Number": "11519185"
  },
  {
    "ID Number": "11506881"
  },
  {
    "ID Number": "11504072"
  },
  {
    "ID Number": "11513020"
  },
  {
    "ID Number": "11522330"
  },
  {
    "ID Number": "11517417"
  },
  {
    "ID Number": "11502967"
  },
  {
    "ID Number": "11515520"
  },
  {
    "ID Number": "11525410"
  },
  {
    "ID Number": "11512466"
  },
  {
    "ID Number": "11500034"
  },
  {
    "ID Number": "11501740"
  },
  {
    "ID Number": "11507390"
  },
  {
    "ID Number": "11507110"
  },
  {
    "ID Number": "11503718"
  },
  {
    "ID Number": "11507403"
  },
  {
    "ID Number": "11507411"
  },
  {
    "ID Number": "11507870"
  },
  {
    "ID Number": "11509376"
  },
  {
    "ID Number": "11507810"
  },
  {
    "ID Number": "11517875"
  },
  {
    "ID Number": "11504048"
  },
  {
    "ID Number": "11504684"
  },
  {
    "ID Number": "11508302"
  },
  {
    "ID Number": "11515678"
  },
  {
    "ID Number": "11502037"
  },
  {
    "ID Number": "11500646"
  },
  {
    "ID Number": "11504030"
  },
  {
    "ID Number": "11500379"
  },
  {
    "ID Number": "11501243"
  },
  {
    "ID Number": "11504870"
  },
  {
    "ID Number": "11519266"
  },
  {
    "ID Number": "11501219"
  },
  {
    "ID Number": "11519258"
  },
  {
    "ID Number": "11520124"
  },
  {
    "ID Number": "11518944"
  },
  {
    "ID Number": "11518952"
  },
  {
    "ID Number": "11518960"
  },
  {
    "ID Number": "11518979"
  },
  {
    "ID Number": "11518987"
  },
  {
    "ID Number": "11504811"
  },
  {
    "ID Number": "11513039"
  },
  {
    "ID Number": "11514264"
  },
  {
    "ID Number": "11514272"
  },
  {
    "ID Number": "11500247"
  },
  {
    "ID Number": "11513381"
  },
  {
    "ID Number": "11513390"
  },
  {
    "ID Number": "11500522"
  },
  {
    "ID Number": "11501669"
  },
  {
    "ID Number": "11511532"
  },
  {
    "ID Number": "11501863"
  },
  {
    "ID Number": "11505850"
  },
  {
    "ID Number": "11525134"
  },
  {
    "ID Number": "11515511"
  },
  {
    "ID Number": "11506784"
  },
  {
    "ID Number": "11519169"
  },
  {
    "ID Number": "11521139"
  },
  {
    "ID Number": "11519274"
  },
  {
    "ID Number": "11505559"
  },
  {
    "ID Number": "11512784"
  },
  {
    "ID Number": "11512873"
  },
  {
    "ID Number": "11512539"
  },
  {
    "ID Number": "11515619"
  },
  {
    "ID Number": "11503319"
  },
  {
    "ID Number": "11524570"
  },
  {
    "ID Number": "11506954"
  },
  {
    "ID Number": "11503742"
  },
  {
    "ID Number": "11525061"
  },
  {
    "ID Number": "11510560"
  },
  {
    "ID Number": "11519746"
  },
  {
    "ID Number": "11513160"
  },
  {
    "ID Number": "11501731"
  },
  {
    "ID Number": "11523824"
  },
  {
    "ID Number": "11504579"
  },
  {
    "ID Number": "11513438"
  },
  {
    "ID Number": "11524502"
  },
  {
    "ID Number": "11504390"
  },
  {
    "ID Number": "11501227"
  },
  {
    "ID Number": "11517301"
  },
  {
    "ID Number": "11520736"
  },
  {
    "ID Number": "11500077"
  },
  {
    "ID Number": "11511923"
  },
  {
    "ID Number": "11517921"
  },
  {
    "ID Number": "11503467"
  },
  {
    "ID Number": "11519479"
  },
  {
    "ID Number": "11505010"
  },
  {
    "ID Number": "11512482"
  },
  {
    "ID Number": "11510579"
  },
  {
    "ID Number": "11513764"
  },
  {
    "ID Number": "11520949"
  },
  {
    "ID Number": "11508566"
  },
  {
    "ID Number": "11503165"
  },
  {
    "ID Number": "11511320"
  },
  {
    "ID Number": "11500115"
  },
  {
    "ID Number": "11508884"
  },
  {
    "ID Number": "11513047"
  },
  {
    "ID Number": "11500433"
  },
  {
    "ID Number": "11512032"
  },
  {
    "ID Number": "11522968"
  },
  {
    "ID Number": "11514493"
  },
  {
    "ID Number": "7600542"
  },
  {
    "ID Number": "11524715"
  },
  {
    "ID Number": "11524723"
  },
  {
    "ID Number": "11503157"
  },
  {
    "ID Number": "11516640"
  },
  {
    "ID Number": "11502991"
  },
  {
    "ID Number": "11513829"
  },
  {
    "ID Number": "11516518"
  },
  {
    "ID Number": "11504099"
  },
  {
    "ID Number": "11507225"
  },
  {
    "ID Number": "11515201"
  },
  {
    "ID Number": "11525436"
  },
  {
    "ID Number": "11520108"
  },
  {
    "ID Number": "11520477"
  },
  {
    "ID Number": "11522607"
  },
  {
    "ID Number": "11519819"
  },
  {
    "ID Number": "11507152"
  },
  {
    "ID Number": "11501545"
  },
  {
    "ID Number": "11518995"
  },
  {
    "ID Number": "11507268"
  },
  {
    "ID Number": "11518570"
  },
  {
    "ID Number": "11522356"
  },
  {
    "ID Number": "11522755"
  },
  {
    "ID Number": "11507896"
  },
  {
    "ID Number": "11522240"
  },
  {
    "ID Number": "11522976"
  },
  {
    "ID Number": "11523883"
  },
  {
    "ID Number": "11504110"
  },
  {
    "ID Number": "11502843"
  },
  {
    "ID Number": "11503106"
  },
  {
    "ID Number": "11514051"
  },
  {
    "ID Number": "11501073"
  },
  {
    "ID Number": "11515961"
  },
  {
    "ID Number": "11506288"
  },
  {
    "ID Number": "11524324"
  },
  {
    "ID Number": "11512121"
  },
  {
    "ID Number": "11521198"
  },
  {
    "ID Number": "11517050"
  },
  {
    "ID Number": "11517042"
  },
  {
    "ID Number": "11507187"
  },
  {
    "ID Number": "11520787"
  },
  {
    "ID Number": "116293668"
  },
  {
    "ID Number": "11512407"
  },
  {
    "ID Number": "11518260"
  },
  {
    "ID Number": "11502924"
  },
  {
    "ID Number": "11506636"
  },
  {
    "ID Number": "11503661"
  },
  {
    "ID Number": "11519355"
  },
  {
    "ID Number": "11502100"
  },
  {
    "ID Number": "11507438"
  },
  {
    "ID Number": "11507454"
  },
  {
    "ID Number": "11511931"
  },
  {
    "ID Number": "11506628"
  },
  {
    "ID Number": "11506610"
  },
  {
    "ID Number": "11513969"
  },
  {
    "ID Number": "11519002"
  },
  {
    "ID Number": "11523891"
  },
  {
    "ID Number": "11500182"
  },
  {
    "ID Number": "11502177"
  },
  {
    "ID Number": "11524758"
  },
  {
    "ID Number": "11522399"
  },
  {
    "ID Number": "11511010"
  },
  {
    "ID Number": "11511958"
  },
  {
    "ID Number": "11513489"
  },
  {
    "ID Number": "11510730"
  },
  {
    "ID Number": "11500190"
  },
  {
    "ID Number": "11523905"
  },
  {
    "ID Number": "11514000"
  },
  {
    "ID Number": "11501898"
  },
  {
    "ID Number": "11502940"
  },
  {
    "ID Number": "11520205"
  },
  {
    "ID Number": "11500271"
  },
  {
    "ID Number": "11524774"
  },
  {
    "ID Number": "11523158"
  },
  {
    "ID Number": "11505435"
  },
  {
    "ID Number": "11523468"
  },
  {
    "ID Number": "11501405"
  },
  {
    "ID Number": "116293677"
  },
  {
    "ID Number": "116293695"
  },
  {
    "ID Number": "11502975"
  },
  {
    "ID Number": "11514230"
  },
  {
    "ID Number": "11519215"
  },
  {
    "ID Number": "11510749"
  },
  {
    "ID Number": "11500700"
  },
  {
    "ID Number": "11523913"
  },
  {
    "ID Number": "11522364"
  },
  {
    "ID Number": "11511087"
  },
  {
    "ID Number": "11501880"
  },
  {
    "ID Number": "11501723"
  },
  {
    "ID Number": "11501642"
  },
  {
    "ID Number": "11510412"
  },
  {
    "ID Number": "11517778"
  },
  {
    "ID Number": "11507918"
  },
  {
    "ID Number": "11521465"
  },
  {
    "ID Number": "11517395"
  },
  {
    "ID Number": "11519029"
  },
  {
    "ID Number": "11519037"
  },
  {
    "ID Number": "11507780"
  },
  {
    "ID Number": "11501847"
  },
  {
    "ID Number": "11521112"
  },
  {
    "ID Number": "11511060"
  },
  {
    "ID Number": "11502800"
  },
  {
    "ID Number": "11513837"
  },
  {
    "ID Number": "11513055"
  },
  {
    "ID Number": "11507195"
  },
  {
    "ID Number": "11505052"
  },
  {
    "ID Number": "11514060"
  },
  {
    "ID Number": "11521236"
  },
  {
    "ID Number": "11504463"
  },
  {
    "ID Number": "11512130"
  },
  {
    "ID Number": "11510617"
  },
  {
    "ID Number": "11516070"
  },
  {
    "ID Number": "11518243"
  },
  {
    "ID Number": "11511001"
  },
  {
    "ID Number": "11523387"
  },
  {
    "ID Number": "11518057"
  },
  {
    "ID Number": "11510854"
  },
  {
    "ID Number": "11504447"
  },
  {
    "ID Number": "11519584"
  },
  {
    "ID Number": "11525509"
  },
  {
    "ID Number": "11519762"
  },
  {
    "ID Number": "11507217"
  },
  {
    "ID Number": "11507462"
  },
  {
    "ID Number": "11500808"
  },
  {
    "ID Number": "11518618"
  },
  {
    "ID Number": "11523930"
  },
  {
    "ID Number": "11514450"
  },
  {
    "ID Number": "11506792"
  },
  {
    "ID Number": "11507489"
  },
  {
    "ID Number": "11507497"
  },
  {
    "ID Number": "11519665"
  },
  {
    "ID Number": "11524529"
  },
  {
    "ID Number": "11502592"
  },
  {
    "ID Number": "11523093"
  },
  {
    "ID Number": "11503440"
  },
  {
    "ID Number": "11506326"
  },
  {
    "ID Number": "11514809"
  },
  {
    "ID Number": "11525517"
  },
  {
    "ID Number": "11502983"
  },
  {
    "ID Number": "11507942"
  },
  {
    "ID Number": "11519495"
  },
  {
    "ID Number": "11519525"
  },
  {
    "ID Number": "11507381"
  },
  {
    "ID Number": "11519428"
  },
  {
    "ID Number": "11504145"
  },
  {
    "ID Number": "11506547"
  },
  {
    "ID Number": "11507969"
  },
  {
    "ID Number": "11518880"
  },
  {
    "ID Number": "11506563"
  },
  {
    "ID Number": "11521104"
  },
  {
    "ID Number": "11511028"
  },
  {
    "ID Number": "11525533"
  },
  {
    "ID Number": "11513519"
  },
  {
    "ID Number": "11513527"
  },
  {
    "ID Number": "11519088"
  },
  {
    "ID Number": "11523964"
  },
  {
    "ID Number": "11500310"
  },
  {
    "ID Number": "11511036"
  },
  {
    "ID Number": "11502754"
  },
  {
    "ID Number": "11504161"
  },
  {
    "ID Number": "11523727"
  },
  {
    "ID Number": "11510765"
  },
  {
    "ID Number": "11506164"
  },
  {
    "ID Number": "11510773"
  },
  {
    "ID Number": "11510650"
  },
  {
    "ID Number": "11507004"
  },
  {
    "ID Number": "11506733"
  },
  {
    "ID Number": "11518413"
  },
  {
    "ID Number": "11520442"
  },
  {
    "ID Number": "11514965"
  },
  {
    "ID Number": "11513535"
  },
  {
    "ID Number": "11523972"
  },
  {
    "ID Number": "11503033"
  },
  {
    "ID Number": "11519282"
  },
  {
    "ID Number": "11512911"
  },
  {
    "ID Number": "11513730"
  },
  {
    "ID Number": "11506229"
  },
  {
    "ID Number": "11517379"
  },
  {
    "ID Number": "11507039"
  },
  {
    "ID Number": "11521740"
  },
  {
    "ID Number": "11518910"
  },
  {
    "ID Number": "11521058"
  },
  {
    "ID Number": "11524243"
  },
  {
    "ID Number": "11523166"
  },
  {
    "ID Number": "11519932"
  },
  {
    "ID Number": "11525541"
  },
  {
    "ID Number": "11519177"
  },
  {
    "ID Number": "11500867"
  },
  {
    "ID Number": "11501626"
  },
  {
    "ID Number": "11525550"
  },
  {
    "ID Number": "11517360"
  },
  {
    "ID Number": "11519592"
  },
  {
    "ID Number": "11517824"
  },
  {
    "ID Number": "11518030"
  },
  {
    "ID Number": "11519738"
  },
  {
    "ID Number": "11514760"
  },
  {
    "ID Number": "11513810"
  },
  {
    "ID Number": "11502576"
  },
  {
    "ID Number": "11503394"
  },
  {
    "ID Number": "11513543"
  },
  {
    "ID Number": "11507276"
  },
  {
    "ID Number": "11524006"
  },
  {
    "ID Number": "11524014"
  },
  {
    "ID Number": "11516895"
  },
  {
    "ID Number": "11516879"
  },
  {
    "ID Number": "11512199"
  },
  {
    "ID Number": "11521597"
  },
  {
    "ID Number": "11521600"
  },
  {
    "ID Number": "11507284"
  },
  {
    "ID Number": "11504293"
  },
  {
    "ID Number": "11511591"
  },
  {
    "ID Number": "11519045"
  },
  {
    "ID Number": "11505974"
  },
  {
    "ID Number": "11511982"
  },
  {
    "ID Number": "11523140"
  },
  {
    "ID Number": "11513187"
  },
  {
    "ID Number": "11512024"
  },
  {
    "ID Number": "11519240"
  },
  {
    "ID Number": "11506539"
  },
  {
    "ID Number": "11517344"
  },
  {
    "ID Number": "11523018"
  },
  {
    "ID Number": "11524065"
  },
  {
    "ID Number": "11518626"
  },
  {
    "ID Number": "11506083"
  },
  {
    "ID Number": "11500280"
  },
  {
    "ID Number": "11513578"
  },
  {
    "ID Number": "3400085"
  },
  {
    "ID Number": "11503017"
  },
  {
    "ID Number": "11502118"
  },
  {
    "ID Number": "11508000"
  },
  {
    "ID Number": "11507098"
  },
  {
    "ID Number": "11506270"
  },
  {
    "ID Number": "11501855"
  },
  {
    "ID Number": "11508442"
  },
  {
    "ID Number": "11508019"
  },
  {
    "ID Number": "11508027"
  },
  {
    "ID Number": "11501553"
  },
  {
    "ID Number": "11506377"
  },
  {
    "ID Number": "11508612"
  },
  {
    "ID Number": "11506156"
  },
  {
    "ID Number": "11505494"
  },
  {
    "ID Number": "11518324"
  },
  {
    "ID Number": "11517263"
  },
  {
    "ID Number": "11517271"
  },
  {
    "ID Number": "11506199"
  },
  {
    "ID Number": "11524073"
  },
  {
    "ID Number": "11517700"
  },
  {
    "ID Number": "11502673"
  },
  {
    "ID Number": "11502894"
  },
  {
    "ID Number": "11517735"
  },
  {
    "ID Number": "11503351"
  },
  {
    "ID Number": "11503564"
  },
  {
    "ID Number": "11503343"
  },
  {
    "ID Number": "11506849"
  },
  {
    "ID Number": "11512997"
  },
  {
    "ID Number": "11513004"
  },
  {
    "ID Number": "11522550"
  },
  {
    "ID Number": "11517891"
  },
  {
    "ID Number": "11517905"
  },
  {
    "ID Number": "11507748"
  },
  {
    "ID Number": "11520060"
  },
  {
    "ID Number": "11506350"
  },
  {
    "ID Number": "11510781"
  },
  {
    "ID Number": "11513608"
  },
  {
    "ID Number": "11514710"
  },
  {
    "ID Number": "11516208"
  },
  {
    "ID Number": "11524839"
  },
  {
    "ID Number": "11517247"
  },
  {
    "ID Number": "11507330"
  },
  {
    "ID Number": "11508639"
  },
  {
    "ID Number": "11508124"
  },
  {
    "ID Number": "11505710"
  },
  {
    "ID Number": "11501782"
  },
  {
    "ID Number": "11506180"
  },
  {
    "ID Number": "11524847"
  },
  {
    "ID Number": "11519363"
  },
  {
    "ID Number": "11506679"
  },
  {
    "ID Number": "11506687"
  },
  {
    "ID Number": "11503734"
  },
  {
    "ID Number": "11520655"
  },
  {
    "ID Number": "11524090"
  },
  {
    "ID Number": "11517450"
  },
  {
    "ID Number": "11505729"
  },
  {
    "ID Number": "11501677"
  },
  {
    "ID Number": "11517468"
  },
  {
    "ID Number": "11513080"
  },
  {
    "ID Number": "11507446"
  },
  {
    "ID Number": "11518561"
  },
  {
    "ID Number": "11502860"
  },
  {
    "ID Number": "11518383"
  },
  {
    "ID Number": "11512580"
  },
  {
    "ID Number": "11507012"
  },
  {
    "ID Number": "11507020"
  },
  {
    "ID Number": "11519770"
  },
  {
    "ID Number": "11518294"
  },
  {
    "ID Number": "11502762"
  },
  {
    "ID Number": "11518693"
  },
  {
    "ID Number": "11508663"
  },
  {
    "ID Number": "11503580"
  },
  {
    "ID Number": "11513012"
  },
  {
    "ID Number": "11511249"
  },
  {
    "ID Number": "11515350"
  },
  {
    "ID Number": "11524103"
  },
  {
    "ID Number": "11502509"
  },
  {
    "ID Number": "11502770"
  },
  {
    "ID Number": "11502550"
  },
  {
    "ID Number": "11507632"
  },
  {
    "ID Number": "11517190"
  },
  {
    "ID Number": "11513624"
  },
  {
    "ID Number": "11513098"
  },
  {
    "ID Number": "11513110"
  },
  {
    "ID Number": "11513632"
  },
  {
    "ID Number": "11513101"
  },
  {
    "ID Number": "11513640"
  },
  {
    "ID Number": "11502088"
  },
  {
    "ID Number": "11507640"
  },
  {
    "ID Number": "11512253"
  },
  {
    "ID Number": "11512261"
  },
  {
    "ID Number": "11512270"
  },
  {
    "ID Number": "11507659"
  },
  {
    "ID Number": "11516216"
  },
  {
    "ID Number": "11518367"
  },
  {
    "ID Number": "11518642"
  },
  {
    "ID Number": "11518308"
  },
  {
    "ID Number": "11519053"
  },
  {
    "ID Number": "11505109"
  },
  {
    "ID Number": "11511419"
  },
  {
    "ID Number": "11524286"
  },
  {
    "ID Number": "11500328"
  },
  {
    "ID Number": "11500166"
  },
  {
    "ID Number": "11501790"
  },
  {
    "ID Number": "11507080"
  },
  {
    "ID Number": "11520507"
  },
  {
    "ID Number": "11521759"
  },
  {
    "ID Number": "11506075"
  },
  {
    "ID Number": "11502231"
  },
  {
    "ID Number": "11511842"
  },
  {
    "ID Number": "11524855"
  },
  {
    "ID Number": "11521724"
  },
  {
    "ID Number": "11504196"
  },
  {
    "ID Number": "11507578"
  },
  {
    "ID Number": "11506598"
  },
  {
    "ID Number": "11506580"
  },
  {
    "ID Number": "11500085"
  },
  {
    "ID Number": "11524235"
  },
  {
    "ID Number": "11518600"
  },
  {
    "ID Number": "11517883"
  },
  {
    "ID Number": "11519800"
  },
  {
    "ID Number": "11513071"
  },
  {
    "ID Number": "11506482"
  },
  {
    "ID Number": "11504200"
  },
  {
    "ID Number": "11504340"
  },
  {
    "ID Number": "11505869"
  },
  {
    "ID Number": "11502240"
  },
  {
    "ID Number": "11524146"
  },
  {
    "ID Number": "11503416"
  },
  {
    "ID Number": "11520817"
  },
  {
    "ID Number": "11511729"
  },
  {
    "ID Number": "11523026"
  },
  {
    "ID Number": "11505567"
  },
  {
    "ID Number": "11511257"
  },
  {
    "ID Number": "11503459"
  },
  {
    "ID Number": "11512474"
  },
  {
    "ID Number": "11522429"
  },
  {
    "ID Number": "11515643"
  },
  {
    "ID Number": "11508175"
  },
  {
    "ID Number": "11519150"
  },
  {
    "ID Number": "11502436"
  },
  {
    "ID Number": "11503610"
  },
  {
    "ID Number": "11503629"
  },
  {
    "ID Number": "11503572"
  },
  {
    "ID Number": "11511397"
  },
  {
    "ID Number": "11501448"
  },
  {
    "ID Number": "11523310"
  },
  {
    "ID Number": "11503556"
  },
  {
    "ID Number": "11512504"
  },
  {
    "ID Number": "11507705"
  },
  {
    "ID Number": "11501812"
  },
  {
    "ID Number": "11500336"
  },
  {
    "ID Number": "11500093"
  },
  {
    "ID Number": "11518707"
  },
  {
    "ID Number": "11203633"
  },
  {
    "ID Number": "11502142"
  },
  {
    "ID Number": "11502150"
  },
  {
    "ID Number": "11518022"
  },
  {
    "ID Number": "11504935"
  },
  {
    "ID Number": "11507721"
  },
  {
    "ID Number": "11523670"
  },
  {
    "ID Number": "11504862"
  },
  {
    "ID Number": "11514957"
  },
  {
    "ID Number": "11525630"
  },
  {
    "ID Number": "11513675"
  },
  {
    "ID Number": "11521678"
  },
  {
    "ID Number": "11519681"
  },
  {
    "ID Number": "11524189"
  },
  {
    "ID Number": "11517387"
  },
  {
    "ID Number": "11517930"
  },
  {
    "ID Number": "11522623"
  },
  {
    "ID Number": "11522348"
  },
  {
    "ID Number": "11512865"
  },
  {
    "ID Number": "11522321"
  },
  {
    "ID Number": "11500255"
  },
  {
    "ID Number": "11512334"
  },
  {
    "ID Number": "11512342"
  },
  {
    "ID Number": "11512040"
  },
  {
    "ID Number": "11513691"
  },
  {
    "ID Number": "11513195"
  },
  {
    "ID Number": "11510803"
  },
  {
    "ID Number": "11505095"
  },
  {
    "ID Number": "11504986"
  },
  {
    "ID Number": "11504951"
  },
  {
    "ID Number": "11504960"
  },
  {
    "ID Number": "11510935"
  },
  {
    "ID Number": "11502169"
  },
  {
    "ID Number": "11502835"
  },
  {
    "ID Number": "11500131"
  },
  {
    "ID Number": "11508191"
  },
  {
    "ID Number": "11502398"
  },
  {
    "ID Number": "11517336"
  },
  {
    "ID Number": "11502711"
  },
  {
    "ID Number": "11508213"
  },
  {
    "ID Number": "11504358"
  },
  {
    "ID Number": "11519061"
  },
  {
    "ID Number": "11506458"
  },
  {
    "ID Number": "11502185"
  },
  {
    "ID Number": "11508221"
  },
  {
    "ID Number": "11508698"
  },
  {
    "ID Number": "11505931"
  },
  {
    "ID Number": "11518871"
  },
  {
    "ID Number": "11522259"
  },
  {
    "ID Number": "11506601"
  },
  {
    "ID Number": "11513713"
  },
  {
    "ID Number": "11520639"
  },
  {
    "ID Number": "11520620"
  },
  {
    "ID Number": "11507683"
  },
  {
    "ID Number": "11522984"
  },
  {
    "ID Number": "11511834"
  },
  {
    "ID Number": "11501707"
  }
]