[
  {
    "ID Number": "8535299"
  },
  {
    "ID Number": "8536392"
  },
  {
    "ID Number": "8540411"
  },
  {
    "ID Number": "8540489"
  },
  {
    "ID Number": "8519633"
  },
  {
    "ID Number": "8518866"
  },
  {
    "ID Number": "8539340"
  },
  {
    "ID Number": "8516197"
  },
  {
    "ID Number": "8508623"
  },
  {
    "ID Number": "8524009"
  },
  {
    "ID Number": "8504563"
  },
  {
    "ID Number": "8511748"
  },
  {
    "ID Number": "8516189"
  },
  {
    "ID Number": "8511691"
  },
  {
    "ID Number": "8514089"
  },
  {
    "ID Number": "8524548"
  },
  {
    "ID Number": "8533571"
  },
  {
    "ID Number": "8514780"
  },
  {
    "ID Number": "8511144"
  },
  {
    "ID Number": "8530530"
  },
  {
    "ID Number": "8550662"
  },
  {
    "ID Number": "8508364"
  },
  {
    "ID Number": "8548374"
  },
  {
    "ID Number": "8514445"
  },
  {
    "ID Number": "8521832"
  },
  {
    "ID Number": "8536465"
  },
  {
    "ID Number": "8509697"
  },
  {
    "ID Number": "8508801"
  },
  {
    "ID Number": "8526567"
  },
  {
    "ID Number": "8518904"
  },
  {
    "ID Number": "8514100"
  },
  {
    "ID Number": "8505470"
  },
  {
    "ID Number": "8547076"
  },
  {
    "ID Number": "8501017"
  },
  {
    "ID Number": "8530157"
  },
  {
    "ID Number": "8536929"
  },
  {
    "ID Number": "8514410"
  },
  {
    "ID Number": "8518912"
  },
  {
    "ID Number": "8500371"
  },
  {
    "ID Number": "8530521"
  },
  {
    "ID Number": "8508992"
  },
  {
    "ID Number": "8508607"
  },
  {
    "ID Number": "8515832"
  },
  {
    "ID Number": "8528896"
  },
  {
    "ID Number": "8501572"
  },
  {
    "ID Number": "8503672"
  },
  {
    "ID Number": "8522987"
  },
  {
    "ID Number": "8503680"
  },
  {
    "ID Number": "8503699"
  },
  {
    "ID Number": "8512787"
  },
  {
    "ID Number": "8506302"
  },
  {
    "ID Number": "8508461"
  },
  {
    "ID Number": "8500339"
  },
  {
    "ID Number": "8506477"
  },
  {
    "ID Number": "8559104"
  },
  {
    "ID Number": "8548811"
  },
  {
    "ID Number": "8514380"
  },
  {
    "ID Number": "8514399"
  },
  {
    "ID Number": "8501238"
  },
  {
    "ID Number": "8513368"
  },
  {
    "ID Number": "8503613"
  },
  {
    "ID Number": "8510717"
  },
  {
    "ID Number": "8502544"
  },
  {
    "ID Number": "8538042"
  },
  {
    "ID Number": "8510792"
  },
  {
    "ID Number": "8511233"
  },
  {
    "ID Number": "8507732"
  },
  {
    "ID Number": "8544336"
  },
  {
    "ID Number": "8505489"
  },
  {
    "ID Number": "8543542"
  },
  {
    "ID Number": "8518343"
  },
  {
    "ID Number": "8521271"
  },
  {
    "ID Number": "8545596"
  },
  {
    "ID Number": "8500258"
  },
  {
    "ID Number": "8542228"
  },
  {
    "ID Number": "8514801"
  },
  {
    "ID Number": "8522499"
  },
  {
    "ID Number": "8511470"
  },
  {
    "ID Number": "8538166"
  },
  {
    "ID Number": "8512310"
  },
  {
    "ID Number": "8528578"
  },
  {
    "ID Number": "8517894"
  },
  {
    "ID Number": "8540250"
  },
  {
    "ID Number": "8514356"
  },
  {
    "ID Number": "8556237"
  },
  {
    "ID Number": "8540454"
  },
  {
    "ID Number": "8515859"
  },
  {
    "ID Number": "8500720"
  },
  {
    "ID Number": "8513899"
  },
  {
    "ID Number": "8513880"
  },
  {
    "ID Number": "8503737"
  },
  {
    "ID Number": "8532001"
  },
  {
    "ID Number": "8500240"
  },
  {
    "ID Number": "8527741"
  },
  {
    "ID Number": "8514143"
  },
  {
    "ID Number": "8536210"
  },
  {
    "ID Number": "8527563"
  },
  {
    "ID Number": "8512353"
  },
  {
    "ID Number": "8508569"
  },
  {
    "ID Number": "8505853"
  },
  {
    "ID Number": "8509727"
  },
  {
    "ID Number": "8534780"
  },
  {
    "ID Number": "8502994"
  },
  {
    "ID Number": "8531102"
  },
  {
    "ID Number": "8504393"
  },
  {
    "ID Number": "8500444"
  },
  {
    "ID Number": "8518785"
  },
  {
    "ID Number": "8556342"
  },
  {
    "ID Number": "8519641"
  },
  {
    "ID Number": "8509743"
  },
  {
    "ID Number": "8501769"
  },
  {
    "ID Number": "8505497"
  },
  {
    "ID Number": "8510458"
  },
  {
    "ID Number": "8506329"
  },
  {
    "ID Number": "8506337"
  },
  {
    "ID Number": "8537950"
  },
  {
    "ID Number": "8543682"
  },
  {
    "ID Number": "8535574"
  },
  {
    "ID Number": "8507104"
  },
  {
    "ID Number": "8529345"
  },
  {
    "ID Number": "8511381"
  },
  {
    "ID Number": "8501777"
  },
  {
    "ID Number": "8500886"
  },
  {
    "ID Number": "8518823"
  },
  {
    "ID Number": "8518831"
  },
  {
    "ID Number": "8524505"
  },
  {
    "ID Number": "8503010"
  },
  {
    "ID Number": "8508100"
  },
  {
    "ID Number": "8512795"
  },
  {
    "ID Number": "8550760"
  },
  {
    "ID Number": "8507333"
  },
  {
    "ID Number": "8501793"
  },
  {
    "ID Number": "8515778"
  },
  {
    "ID Number": "8514119"
  },
  {
    "ID Number": "8515808"
  },
  {
    "ID Number": "21510768"
  },
  {
    "ID Number": "8526389"
  },
  {
    "ID Number": "8574200"
  },
  {
    "ID Number": "8552088"
  },
  {
    "ID Number": "8511993"
  },
  {
    "ID Number": "8512000"
  },
  {
    "ID Number": "8509034"
  },
  {
    "ID Number": "8513490"
  },
  {
    "ID Number": "8516103"
  },
  {
    "ID Number": "8505519"
  },
  {
    "ID Number": "8506051"
  },
  {
    "ID Number": "8510660"
  },
  {
    "ID Number": "8510652"
  },
  {
    "ID Number": "8503052"
  },
  {
    "ID Number": "8522944"
  },
  {
    "ID Number": "8515581"
  },
  {
    "ID Number": "8512990"
  },
  {
    "ID Number": "8511438"
  },
  {
    "ID Number": "8524742"
  },
  {
    "ID Number": "8535728"
  },
  {
    "ID Number": "8518149"
  },
  {
    "ID Number": "8546886"
  },
  {
    "ID Number": "8533520"
  },
  {
    "ID Number": "8515182"
  },
  {
    "ID Number": "8524670"
  },
  {
    "ID Number": "8532800"
  },
  {
    "ID Number": "8549346"
  },
  {
    "ID Number": "8514054"
  },
  {
    "ID Number": "8504580"
  },
  {
    "ID Number": "8508488"
  },
  {
    "ID Number": "8517878"
  },
  {
    "ID Number": "8501009"
  },
  {
    "ID Number": "8503788"
  },
  {
    "ID Number": "8510180"
  },
  {
    "ID Number": "8507058"
  },
  {
    "ID Number": "8503796"
  },
  {
    "ID Number": "8503060"
  },
  {
    "ID Number": "8502633"
  },
  {
    "ID Number": "8503800"
  },
  {
    "ID Number": "8512019"
  },
  {
    "ID Number": "8528519"
  },
  {
    "ID Number": "8517932"
  },
  {
    "ID Number": "8517142"
  },
  {
    "ID Number": "8508844"
  },
  {
    "ID Number": "8512396"
  },
  {
    "ID Number": "8517320"
  },
  {
    "ID Number": "8556768"
  },
  {
    "ID Number": "8544603"
  },
  {
    "ID Number": "8506167"
  },
  {
    "ID Number": "8540640"
  },
  {
    "ID Number": "8528357"
  },
  {
    "ID Number": "8512825"
  },
  {
    "ID Number": "8545367"
  },
  {
    "ID Number": "8549613"
  },
  {
    "ID Number": "8506159"
  },
  {
    "ID Number": "8526630"
  },
  {
    "ID Number": "8533679"
  },
  {
    "ID Number": "8506019"
  },
  {
    "ID Number": "8552304"
  },
  {
    "ID Number": "8543038"
  },
  {
    "ID Number": "8500177"
  },
  {
    "ID Number": "8543720"
  },
  {
    "ID Number": "8522545"
  },
  {
    "ID Number": "8544476"
  },
  {
    "ID Number": "8528926"
  },
  {
    "ID Number": "8501246"
  },
  {
    "ID Number": "8525005"
  },
  {
    "ID Number": "8528535"
  },
  {
    "ID Number": "8528527"
  },
  {
    "ID Number": "8527245"
  },
  {
    "ID Number": "8507244"
  },
  {
    "ID Number": "8523410"
  },
  {
    "ID Number": "8536430"
  },
  {
    "ID Number": "8540977"
  },
  {
    "ID Number": "8504784"
  },
  {
    "ID Number": "8501408"
  },
  {
    "ID Number": "8529078"
  },
  {
    "ID Number": "8524815"
  },
  {
    "ID Number": "8501491"
  },
  {
    "ID Number": "8548919"
  },
  {
    "ID Number": "8500061"
  },
  {
    "ID Number": "8500436"
  },
  {
    "ID Number": "8521328"
  },
  {
    "ID Number": "8543151"
  },
  {
    "ID Number": "8512981"
  },
  {
    "ID Number": "8533814"
  },
  {
    "ID Number": "8514852"
  },
  {
    "ID Number": "8512965"
  },
  {
    "ID Number": "8518513"
  },
  {
    "ID Number": "8503133"
  },
  {
    "ID Number": "8509794"
  },
  {
    "ID Number": "8542970"
  },
  {
    "ID Number": "8523908"
  },
  {
    "ID Number": "8503877"
  },
  {
    "ID Number": "8509093"
  },
  {
    "ID Number": "8549362"
  },
  {
    "ID Number": "8531366"
  },
  {
    "ID Number": "8522804"
  },
  {
    "ID Number": "8514500"
  },
  {
    "ID Number": "8532460"
  },
  {
    "ID Number": "8533989"
  },
  {
    "ID Number": "8503907"
  },
  {
    "ID Number": "8500150"
  },
  {
    "ID Number": "8506922"
  },
  {
    "ID Number": "8529728"
  },
  {
    "ID Number": "8532370"
  },
  {
    "ID Number": "8504415"
  },
  {
    "ID Number": "8503915"
  },
  {
    "ID Number": "8503923"
  },
  {
    "ID Number": "8504482"
  },
  {
    "ID Number": "8503095"
  },
  {
    "ID Number": "8503109"
  },
  {
    "ID Number": "8506930"
  },
  {
    "ID Number": "8553866"
  },
  {
    "ID Number": "8526907"
  },
  {
    "ID Number": "8504644"
  },
  {
    "ID Number": "8539642"
  },
  {
    "ID Number": "8538964"
  },
  {
    "ID Number": "8535671"
  },
  {
    "ID Number": "8536368"
  },
  {
    "ID Number": "8536406"
  },
  {
    "ID Number": "8500541"
  },
  {
    "ID Number": "8500894"
  },
  {
    "ID Number": "8535744"
  },
  {
    "ID Number": "8512086"
  },
  {
    "ID Number": "8512094"
  },
  {
    "ID Number": "8512108"
  },
  {
    "ID Number": "8512078"
  },
  {
    "ID Number": "8509298"
  },
  {
    "ID Number": "8503125"
  },
  {
    "ID Number": "8528373"
  },
  {
    "ID Number": "8507228"
  },
  {
    "ID Number": "8503940"
  },
  {
    "ID Number": "8526168"
  },
  {
    "ID Number": "8500967"
  },
  {
    "ID Number": "8503958"
  },
  {
    "ID Number": "8509115"
  },
  {
    "ID Number": "8543801"
  },
  {
    "ID Number": "8543810"
  },
  {
    "ID Number": "8536732"
  },
  {
    "ID Number": "8530378"
  },
  {
    "ID Number": "8559449"
  },
  {
    "ID Number": "8512841"
  },
  {
    "ID Number": "8533172"
  },
  {
    "ID Number": "8510377"
  },
  {
    "ID Number": "8503141"
  },
  {
    "ID Number": "8510539"
  },
  {
    "ID Number": "8524203"
  },
  {
    "ID Number": "8519102"
  },
  {
    "ID Number": "8538760"
  },
  {
    "ID Number": "8509085"
  },
  {
    "ID Number": "8512167"
  },
  {
    "ID Number": "8519790"
  },
  {
    "ID Number": "8502250"
  },
  {
    "ID Number": "8507554"
  },
  {
    "ID Number": "8505675"
  },
  {
    "ID Number": "8539782"
  },
  {
    "ID Number": "8511896"
  },
  {
    "ID Number": "8511888"
  },
  {
    "ID Number": "8538387"
  },
  {
    "ID Number": "8554927"
  },
  {
    "ID Number": "8507643"
  },
  {
    "ID Number": "8503966"
  },
  {
    "ID Number": "8519803"
  },
  {
    "ID Number": "8521433"
  },
  {
    "ID Number": "8548803"
  },
  {
    "ID Number": "8513023"
  },
  {
    "ID Number": "8515468"
  },
  {
    "ID Number": "8507210"
  },
  {
    "ID Number": "8507201"
  },
  {
    "ID Number": "8503150"
  },
  {
    "ID Number": "8508674"
  },
  {
    "ID Number": "8512370"
  },
  {
    "ID Number": "8504725"
  },
  {
    "ID Number": "8509263"
  },
  {
    "ID Number": "8503168"
  },
  {
    "ID Number": "8506620"
  },
  {
    "ID Number": "8510920"
  },
  {
    "ID Number": "8517789"
  },
  {
    "ID Number": "8509573"
  },
  {
    "ID Number": "8549800"
  },
  {
    "ID Number": "8512477"
  },
  {
    "ID Number": "8518165"
  },
  {
    "ID Number": "8509840"
  },
  {
    "ID Number": "8532168"
  },
  {
    "ID Number": "8514704"
  },
  {
    "ID Number": "8520003"
  },
  {
    "ID Number": "8504598"
  },
  {
    "ID Number": "8523495"
  },
  {
    "ID Number": "8506132"
  },
  {
    "ID Number": "8510687"
  },
  {
    "ID Number": "8513074"
  },
  {
    "ID Number": "8509581"
  },
  {
    "ID Number": "8505845"
  },
  {
    "ID Number": "8507538"
  },
  {
    "ID Number": "8508240"
  },
  {
    "ID Number": "8528306"
  },
  {
    "ID Number": "8503974"
  },
  {
    "ID Number": "8511462"
  },
  {
    "ID Number": "8509859"
  },
  {
    "ID Number": "8525919"
  },
  {
    "ID Number": "8526702"
  },
  {
    "ID Number": "8506124"
  },
  {
    "ID Number": "8503982"
  },
  {
    "ID Number": "8522421"
  },
  {
    "ID Number": "8512124"
  },
  {
    "ID Number": "8507180"
  },
  {
    "ID Number": "8503176"
  },
  {
    "ID Number": "8514720"
  },
  {
    "ID Number": "8504547"
  },
  {
    "ID Number": "8508640"
  },
  {
    "ID Number": "8527512"
  },
  {
    "ID Number": "8521441"
  },
  {
    "ID Number": "8544239"
  },
  {
    "ID Number": "8536848"
  },
  {
    "ID Number": "8536856"
  },
  {
    "ID Number": "8536805"
  },
  {
    "ID Number": "8522502"
  },
  {
    "ID Number": "8504253"
  },
  {
    "ID Number": "8526931"
  },
  {
    "ID Number": "8526842"
  },
  {
    "ID Number": "8501319"
  },
  {
    "ID Number": "8512132"
  },
  {
    "ID Number": "8512159"
  },
  {
    "ID Number": "8549257"
  },
  {
    "ID Number": "8535710"
  },
  {
    "ID Number": "8510938"
  },
  {
    "ID Number": "8528268"
  },
  {
    "ID Number": "8521875"
  },
  {
    "ID Number": "8539448"
  },
  {
    "ID Number": "8508879"
  },
  {
    "ID Number": "8501076"
  },
  {
    "ID Number": "8501203"
  },
  {
    "ID Number": "8517150"
  },
  {
    "ID Number": "8513171"
  },
  {
    "ID Number": "8502200"
  },
  {
    "ID Number": "8524858"
  },
  {
    "ID Number": "8506388"
  },
  {
    "ID Number": "8527555"
  },
  {
    "ID Number": "8574545"
  },
  {
    "ID Number": "8546991"
  },
  {
    "ID Number": "8519145"
  },
  {
    "ID Number": "8520976"
  },
  {
    "ID Number": "8519838"
  },
  {
    "ID Number": "8504008"
  },
  {
    "ID Number": "8515077"
  },
  {
    "ID Number": "8513511"
  },
  {
    "ID Number": "8513120"
  },
  {
    "ID Number": "8504423"
  },
  {
    "ID Number": "8523428"
  },
  {
    "ID Number": "8551928"
  },
  {
    "ID Number": "8530432"
  },
  {
    "ID Number": "8504016"
  },
  {
    "ID Number": "8517347"
  },
  {
    "ID Number": "8548366"
  },
  {
    "ID Number": "8542961"
  },
  {
    "ID Number": "8532990"
  },
  {
    "ID Number": "8552096"
  },
  {
    "ID Number": "8508003"
  },
  {
    "ID Number": "8559538"
  },
  {
    "ID Number": "8544883"
  },
  {
    "ID Number": "8509336"
  },
  {
    "ID Number": "8504032"
  },
  {
    "ID Number": "8512752"
  },
  {
    "ID Number": "8545561"
  },
  {
    "ID Number": "8508585"
  },
  {
    "ID Number": "8510946"
  },
  {
    "ID Number": "8511187"
  },
  {
    "ID Number": "8520577"
  },
  {
    "ID Number": "8525064"
  },
  {
    "ID Number": "8524769"
  },
  {
    "ID Number": "8508127"
  },
  {
    "ID Number": "8552240"
  },
  {
    "ID Number": "108110674"
  },
  {
    "ID Number": "108217699"
  },
  {
    "ID Number": "8503222"
  },
  {
    "ID Number": "8528349"
  },
  {
    "ID Number": "8537330"
  },
  {
    "ID Number": "8516464"
  },
  {
    "ID Number": "8516871"
  },
  {
    "ID Number": "8536279"
  },
  {
    "ID Number": "8507970"
  },
  {
    "ID Number": "8574553"
  },
  {
    "ID Number": "8512183"
  },
  {
    "ID Number": "8540772"
  },
  {
    "ID Number": "8521921"
  },
  {
    "ID Number": "8501874"
  },
  {
    "ID Number": "8540241"
  },
  {
    "ID Number": "8522847"
  },
  {
    "ID Number": "8527075"
  },
  {
    "ID Number": "8556822"
  },
  {
    "ID Number": "8507449"
  },
  {
    "ID Number": "8528624"
  },
  {
    "ID Number": "8513600"
  },
  {
    "ID Number": "8501327"
  },
  {
    "ID Number": "8517401"
  },
  {
    "ID Number": "8515069"
  },
  {
    "ID Number": "8535507"
  },
  {
    "ID Number": "8506078"
  },
  {
    "ID Number": "8509905"
  },
  {
    "ID Number": "8551120"
  },
  {
    "ID Number": "8522430"
  },
  {
    "ID Number": "8559120"
  },
  {
    "ID Number": "8559937"
  },
  {
    "ID Number": "8509913"
  },
  {
    "ID Number": "8517428"
  },
  {
    "ID Number": "8503257"
  },
  {
    "ID Number": "8522880"
  },
  {
    "ID Number": "8516529"
  },
  {
    "ID Number": "8510210"
  },
  {
    "ID Number": "8539855"
  },
  {
    "ID Number": "8514070"
  },
  {
    "ID Number": "8530610"
  },
  {
    "ID Number": "8538417"
  },
  {
    "ID Number": "8509930"
  },
  {
    "ID Number": "8521123"
  },
  {
    "ID Number": "8511349"
  },
  {
    "ID Number": "8514534"
  },
  {
    "ID Number": "8535680"
  },
  {
    "ID Number": "8507490"
  },
  {
    "ID Number": "8503265"
  },
  {
    "ID Number": "8542368"
  },
  {
    "ID Number": "8545081"
  },
  {
    "ID Number": "8514488"
  },
  {
    "ID Number": "8515204"
  },
  {
    "ID Number": "8509883"
  },
  {
    "ID Number": "8500037"
  },
  {
    "ID Number": "8500959"
  },
  {
    "ID Number": "8506213"
  },
  {
    "ID Number": "8504059"
  },
  {
    "ID Number": "8526940"
  },
  {
    "ID Number": "8503630"
  },
  {
    "ID Number": "8507589"
  },
  {
    "ID Number": "8540624"
  },
  {
    "ID Number": "8506264"
  },
  {
    "ID Number": "8558884"
  },
  {
    "ID Number": "8512051"
  },
  {
    "ID Number": "8546924"
  },
  {
    "ID Number": "8513430"
  },
  {
    "ID Number": "8503648"
  },
  {
    "ID Number": "8514453"
  },
  {
    "ID Number": "8548935"
  },
  {
    "ID Number": "8523436"
  },
  {
    "ID Number": "8550425"
  },
  {
    "ID Number": "8527253"
  },
  {
    "ID Number": "8538930"
  },
  {
    "ID Number": "8511632"
  },
  {
    "ID Number": "8514542"
  },
  {
    "ID Number": "8510164"
  },
  {
    "ID Number": "8543178"
  },
  {
    "ID Number": "8509948"
  },
  {
    "ID Number": "8543100"
  },
  {
    "ID Number": "8528918"
  },
  {
    "ID Number": "8511705"
  },
  {
    "ID Number": "8515395"
  },
  {
    "ID Number": "8501416"
  },
  {
    "ID Number": "8515697"
  },
  {
    "ID Number": "8548820"
  },
  {
    "ID Number": "8524939"
  },
  {
    "ID Number": "8506400"
  },
  {
    "ID Number": "8506850"
  },
  {
    "ID Number": "8546266"
  },
  {
    "ID Number": "8554552"
  },
  {
    "ID Number": "8525315"
  },
  {
    "ID Number": "8544140"
  },
  {
    "ID Number": "8506108"
  },
  {
    "ID Number": "8559155"
  },
  {
    "ID Number": "8517436"
  },
  {
    "ID Number": "8545600"
  },
  {
    "ID Number": "8543240"
  },
  {
    "ID Number": "8512191"
  },
  {
    "ID Number": "8536996"
  },
  {
    "ID Number": "8508682"
  },
  {
    "ID Number": "8541370"
  },
  {
    "ID Number": "8517827"
  },
  {
    "ID Number": "8511640"
  },
  {
    "ID Number": "8518173"
  },
  {
    "ID Number": "8513139"
  },
  {
    "ID Number": "8515034"
  },
  {
    "ID Number": "8523827"
  },
  {
    "ID Number": "8539200"
  },
  {
    "ID Number": "8526435"
  },
  {
    "ID Number": "8529760"
  },
  {
    "ID Number": "8522839"
  },
  {
    "ID Number": "8514496"
  },
  {
    "ID Number": "8537038"
  },
  {
    "ID Number": "8512850"
  },
  {
    "ID Number": "8539308"
  },
  {
    "ID Number": "8523460"
  },
  {
    "ID Number": "8509662"
  },
  {
    "ID Number": "8508615"
  },
  {
    "ID Number": "8549176"
  },
  {
    "ID Number": "8528551"
  },
  {
    "ID Number": "8529698"
  },
  {
    "ID Number": "8532362"
  },
  {
    "ID Number": "8506698"
  },
  {
    "ID Number": "8503885"
  },
  {
    "ID Number": "8556890"
  },
  {
    "ID Number": "8510326"
  },
  {
    "ID Number": "8537062"
  },
  {
    "ID Number": "8509530"
  },
  {
    "ID Number": "8515956"
  },
  {
    "ID Number": "8514658"
  },
  {
    "ID Number": "8517452"
  },
  {
    "ID Number": "8502307"
  },
  {
    "ID Number": "8519978"
  },
  {
    "ID Number": "8540225"
  },
  {
    "ID Number": "8515026"
  },
  {
    "ID Number": "8512698"
  },
  {
    "ID Number": "8543127"
  },
  {
    "ID Number": "8542554"
  },
  {
    "ID Number": "8508577"
  },
  {
    "ID Number": "8513996"
  },
  {
    "ID Number": "8513767"
  },
  {
    "ID Number": "8513082"
  },
  {
    "ID Number": "8509506"
  },
  {
    "ID Number": "8509620"
  },
  {
    "ID Number": "8506035"
  },
  {
    "ID Number": "8545820"
  },
  {
    "ID Number": "8504555"
  },
  {
    "ID Number": "8539111"
  },
  {
    "ID Number": "8510156"
  },
  {
    "ID Number": "8503303"
  },
  {
    "ID Number": "8503311"
  },
  {
    "ID Number": "8515263"
  },
  {
    "ID Number": "8509042"
  },
  {
    "ID Number": "8505942"
  },
  {
    "ID Number": "8517177"
  },
  {
    "ID Number": "8519536"
  },
  {
    "ID Number": "8517185"
  },
  {
    "ID Number": "8519307"
  },
  {
    "ID Number": "8506140"
  },
  {
    "ID Number": "8507929"
  },
  {
    "ID Number": "8500215"
  },
  {
    "ID Number": "8514127"
  },
  {
    "ID Number": "8530696"
  },
  {
    "ID Number": "8543496"
  },
  {
    "ID Number": "8521867"
  },
  {
    "ID Number": "8505993"
  },
  {
    "ID Number": "8500142"
  },
  {
    "ID Number": "8555133"
  },
  {
    "ID Number": "8528080"
  },
  {
    "ID Number": "8502315"
  },
  {
    "ID Number": "8518300"
  },
  {
    "ID Number": "8513465"
  },
  {
    "ID Number": "8514364"
  },
  {
    "ID Number": "8507384"
  },
  {
    "ID Number": "8502137"
  },
  {
    "ID Number": "8502811"
  },
  {
    "ID Number": "8523681"
  },
  {
    "ID Number": "8503320"
  },
  {
    "ID Number": "8533008"
  },
  {
    "ID Number": "8545588"
  },
  {
    "ID Number": "8504377"
  },
  {
    "ID Number": "8509980"
  },
  {
    "ID Number": "8536244"
  },
  {
    "ID Number": "8521565"
  },
  {
    "ID Number": "8543186"
  },
  {
    "ID Number": "8515662"
  },
  {
    "ID Number": "8509050"
  },
  {
    "ID Number": "8502129"
  },
  {
    "ID Number": "8525412"
  },
  {
    "ID Number": "8512205"
  },
  {
    "ID Number": "8509026"
  },
  {
    "ID Number": "8513252"
  },
  {
    "ID Number": "8500630"
  },
  {
    "ID Number": "8505810"
  },
  {
    "ID Number": "8540268"
  },
  {
    "ID Number": "8509182"
  },
  {
    "ID Number": "8509433"
  },
  {
    "ID Number": "8505985"
  },
  {
    "ID Number": "8507678"
  },
  {
    "ID Number": "8504601"
  },
  {
    "ID Number": "108105351"
  },
  {
    "ID Number": "8509158"
  },
  {
    "ID Number": "8512400"
  },
  {
    "ID Number": "8513090"
  },
  {
    "ID Number": "8519323"
  },
  {
    "ID Number": "8510989"
  },
  {
    "ID Number": "8521484"
  },
  {
    "ID Number": "8507783"
  },
  {
    "ID Number": "8511179"
  },
  {
    "ID Number": "8529396"
  },
  {
    "ID Number": "8506418"
  },
  {
    "ID Number": "8521603"
  },
  {
    "ID Number": "8559163"
  },
  {
    "ID Number": "8507830"
  },
  {
    "ID Number": "8536759"
  },
  {
    "ID Number": "8536945"
  },
  {
    "ID Number": "8500231"
  },
  {
    "ID Number": "8502323"
  },
  {
    "ID Number": "8516600"
  },
  {
    "ID Number": "8501521"
  },
  {
    "ID Number": "8522812"
  },
  {
    "ID Number": "8512442"
  },
  {
    "ID Number": "8514097"
  },
  {
    "ID Number": "8523207"
  },
  {
    "ID Number": "8504113"
  },
  {
    "ID Number": "8506701"
  },
  {
    "ID Number": "8501351"
  },
  {
    "ID Number": "8519331"
  },
  {
    "ID Number": "8504121"
  },
  {
    "ID Number": "8536813"
  },
  {
    "ID Number": "8511489"
  },
  {
    "ID Number": "8508321"
  },
  {
    "ID Number": "8521590"
  },
  {
    "ID Number": "8508526"
  },
  {
    "ID Number": "8547092"
  },
  {
    "ID Number": "8529965"
  },
  {
    "ID Number": "8513619"
  },
  {
    "ID Number": "8514429"
  },
  {
    "ID Number": "8515735"
  },
  {
    "ID Number": "8508534"
  },
  {
    "ID Number": "8518084"
  },
  {
    "ID Number": "8509069"
  },
  {
    "ID Number": "8500134"
  },
  {
    "ID Number": "8513546"
  },
  {
    "ID Number": "8511918"
  },
  {
    "ID Number": "8515905"
  },
  {
    "ID Number": "8543461"
  },
  {
    "ID Number": "8513279"
  },
  {
    "ID Number": "8504130"
  },
  {
    "ID Number": "8543402"
  },
  {
    "ID Number": "8506523"
  },
  {
    "ID Number": "8544824"
  },
  {
    "ID Number": "8505977"
  },
  {
    "ID Number": "8508542"
  },
  {
    "ID Number": "8506710"
  },
  {
    "ID Number": "8521930"
  },
  {
    "ID Number": "8536066"
  },
  {
    "ID Number": "8512493"
  },
  {
    "ID Number": "8507317"
  },
  {
    "ID Number": "8502358"
  },
  {
    "ID Number": "8508119"
  },
  {
    "ID Number": "8503397"
  },
  {
    "ID Number": "8534551"
  },
  {
    "ID Number": "8541469"
  },
  {
    "ID Number": "8507716"
  },
  {
    "ID Number": "8535280"
  },
  {
    "ID Number": "8503400"
  },
  {
    "ID Number": "8519366"
  },
  {
    "ID Number": "8506280"
  },
  {
    "ID Number": "8537909"
  },
  {
    "ID Number": "8537925"
  },
  {
    "ID Number": "8537917"
  },
  {
    "ID Number": "8507562"
  },
  {
    "ID Number": "8534136"
  },
  {
    "ID Number": "8517797"
  },
  {
    "ID Number": "8550417"
  },
  {
    "ID Number": "8501092"
  },
  {
    "ID Number": "8511519"
  },
  {
    "ID Number": "8517860"
  },
  {
    "ID Number": "8500940"
  },
  {
    "ID Number": "8536830"
  },
  {
    "ID Number": "8536678"
  },
  {
    "ID Number": "8511802"
  },
  {
    "ID Number": "8545910"
  },
  {
    "ID Number": "8500290"
  },
  {
    "ID Number": "8541426"
  },
  {
    "ID Number": "8543275"
  },
  {
    "ID Number": "8525960"
  },
  {
    "ID Number": "8543623"
  },
  {
    "ID Number": "8511390"
  },
  {
    "ID Number": "8549320"
  },
  {
    "ID Number": "8512884"
  },
  {
    "ID Number": "8504512"
  },
  {
    "ID Number": "8558531"
  },
  {
    "ID Number": "8536597"
  },
  {
    "ID Number": "8507899"
  },
  {
    "ID Number": "8542201"
  },
  {
    "ID Number": "8526680"
  },
  {
    "ID Number": "8521450"
  },
  {
    "ID Number": "8523657"
  },
  {
    "ID Number": "8550085"
  },
  {
    "ID Number": "8505969"
  },
  {
    "ID Number": "8501165"
  },
  {
    "ID Number": "8536910"
  },
  {
    "ID Number": "8504156"
  },
  {
    "ID Number": "8508313"
  },
  {
    "ID Number": "8503435"
  },
  {
    "ID Number": "8503427"
  },
  {
    "ID Number": "8508380"
  },
  {
    "ID Number": "8500266"
  },
  {
    "ID Number": "8506736"
  },
  {
    "ID Number": "8531897"
  },
  {
    "ID Number": "8512418"
  },
  {
    "ID Number": "8511250"
  },
  {
    "ID Number": "8504768"
  },
  {
    "ID Number": "8510032"
  },
  {
    "ID Number": "8508011"
  },
  {
    "ID Number": "8533598"
  },
  {
    "ID Number": "8533601"
  },
  {
    "ID Number": "8503460"
  },
  {
    "ID Number": "8513422"
  },
  {
    "ID Number": "8500487"
  },
  {
    "ID Number": "8508593"
  },
  {
    "ID Number": "8521050"
  },
  {
    "ID Number": "8536821"
  },
  {
    "ID Number": "8507473"
  },
  {
    "ID Number": "8522200"
  },
  {
    "ID Number": "8527415"
  },
  {
    "ID Number": "8509646"
  },
  {
    "ID Number": "8513112"
  },
  {
    "ID Number": "8503478"
  },
  {
    "ID Number": "8554650"
  },
  {
    "ID Number": "8514968"
  },
  {
    "ID Number": "8511497"
  },
  {
    "ID Number": "8501084"
  },
  {
    "ID Number": "8513384"
  },
  {
    "ID Number": "8501181"
  },
  {
    "ID Number": "8503486"
  },
  {
    "ID Number": "8516952"
  },
  {
    "ID Number": "8501424"
  },
  {
    "ID Number": "8528462"
  },
  {
    "ID Number": "8510040"
  },
  {
    "ID Number": "8505837"
  },
  {
    "ID Number": "8529493"
  },
  {
    "ID Number": "8521310"
  },
  {
    "ID Number": "8548730"
  },
  {
    "ID Number": "8506566"
  },
  {
    "ID Number": "8516847"
  },
  {
    "ID Number": "8500428"
  },
  {
    "ID Number": "8508860"
  },
  {
    "ID Number": "8509239"
  },
  {
    "ID Number": "8506272"
  },
  {
    "ID Number": "8512906"
  },
  {
    "ID Number": "8535701"
  },
  {
    "ID Number": "8527610"
  },
  {
    "ID Number": "8501254"
  },
  {
    "ID Number": "8539723"
  },
  {
    "ID Number": "8518190"
  },
  {
    "ID Number": "8511020"
  },
  {
    "ID Number": "8511039"
  },
  {
    "ID Number": "8518319"
  },
  {
    "ID Number": "8513244"
  },
  {
    "ID Number": "8517614"
  },
  {
    "ID Number": "8515638"
  },
  {
    "ID Number": "8536708"
  },
  {
    "ID Number": "8529353"
  },
  {
    "ID Number": "8514194"
  },
  {
    "ID Number": "8525170"
  },
  {
    "ID Number": "8525358"
  },
  {
    "ID Number": "8500789"
  },
  {
    "ID Number": "8510067"
  },
  {
    "ID Number": "8559775"
  },
  {
    "ID Number": "8501190"
  },
  {
    "ID Number": "8502439"
  },
  {
    "ID Number": "8502447"
  },
  {
    "ID Number": "8502455"
  },
  {
    "ID Number": "8504539"
  },
  {
    "ID Number": "8500797"
  },
  {
    "ID Number": "8530270"
  },
  {
    "ID Number": "8529523"
  },
  {
    "ID Number": "8541205"
  },
  {
    "ID Number": "8529060"
  },
  {
    "ID Number": "8538727"
  },
  {
    "ID Number": "8509603"
  },
  {
    "ID Number": "8555370"
  },
  {
    "ID Number": "8510482"
  },
  {
    "ID Number": "8510342"
  },
  {
    "ID Number": "8508720"
  },
  {
    "ID Number": "8508739"
  },
  {
    "ID Number": "8503508"
  },
  {
    "ID Number": "8500851"
  },
  {
    "ID Number": "8538735"
  },
  {
    "ID Number": "8507961"
  },
  {
    "ID Number": "8511098"
  },
  {
    "ID Number": "8502900"
  },
  {
    "ID Number": "8505624"
  },
  {
    "ID Number": "8512515"
  },
  {
    "ID Number": "8513376"
  },
  {
    "ID Number": "8504202"
  },
  {
    "ID Number": "8513414"
  },
  {
    "ID Number": "8530556"
  },
  {
    "ID Number": "8526249"
  },
  {
    "ID Number": "8537356"
  },
  {
    "ID Number": "8501220"
  },
  {
    "ID Number": "8539669"
  },
  {
    "ID Number": "8536511"
  },
  {
    "ID Number": "8558124"
  },
  {
    "ID Number": "8508224"
  },
  {
    "ID Number": "8515409"
  },
  {
    "ID Number": "8511730"
  },
  {
    "ID Number": "8515794"
  },
  {
    "ID Number": "8532729"
  },
  {
    "ID Number": "8532737"
  },
  {
    "ID Number": "8512060"
  },
  {
    "ID Number": "8538662"
  },
  {
    "ID Number": "8507864"
  },
  {
    "ID Number": "8555141"
  },
  {
    "ID Number": "8502471"
  },
  {
    "ID Number": "8529590"
  },
  {
    "ID Number": "8511080"
  },
  {
    "ID Number": "8512248"
  },
  {
    "ID Number": "8511616"
  },
  {
    "ID Number": "8504679"
  },
  {
    "ID Number": "8501483"
  },
  {
    "ID Number": "8505772"
  },
  {
    "ID Number": "8523371"
  },
  {
    "ID Number": "8503516"
  },
  {
    "ID Number": "8500169"
  },
  {
    "ID Number": "8508550"
  },
  {
    "ID Number": "8508283"
  },
  {
    "ID Number": "8503524"
  },
  {
    "ID Number": "8507627"
  },
  {
    "ID Number": "8510725"
  },
  {
    "ID Number": "8505640"
  },
  {
    "ID Number": "8502056"
  },
  {
    "ID Number": "8500754"
  },
  {
    "ID Number": "8524637"
  },
  {
    "ID Number": "8537402"
  },
  {
    "ID Number": "8512914"
  },
  {
    "ID Number": "8522553"
  },
  {
    "ID Number": "8506485"
  },
  {
    "ID Number": "8511950"
  },
  {
    "ID Number": "8502480"
  },
  {
    "ID Number": "8530335"
  },
  {
    "ID Number": "8515158"
  },
  {
    "ID Number": "8508020"
  },
  {
    "ID Number": "8514585"
  },
  {
    "ID Number": "8531749"
  },
  {
    "ID Number": "8536503"
  },
  {
    "ID Number": "8524564"
  },
  {
    "ID Number": "8551936"
  },
  {
    "ID Number": "8533660"
  },
  {
    "ID Number": "8506493"
  },
  {
    "ID Number": "8513856"
  },
  {
    "ID Number": "8510407"
  },
  {
    "ID Number": "8510490"
  },
  {
    "ID Number": "8513104"
  },
  {
    "ID Number": "8512930"
  },
  {
    "ID Number": "8500223"
  },
  {
    "ID Number": "8533946"
  },
  {
    "ID Number": "8502510"
  },
  {
    "ID Number": "8510954"
  },
  {
    "ID Number": "8536490"
  },
  {
    "ID Number": "8510504"
  },
  {
    "ID Number": "8537291"
  },
  {
    "ID Number": "8536554"
  },
  {
    "ID Number": "8510415"
  },
  {
    "ID Number": "8529574"
  },
  {
    "ID Number": "8540608"
  },
  {
    "ID Number": "8530548"
  },
  {
    "ID Number": "8517037"
  },
  {
    "ID Number": "8531889"
  },
  {
    "ID Number": "8511624"
  },
  {
    "ID Number": "8530319"
  },
  {
    "ID Number": "8527725"
  },
  {
    "ID Number": "8513325"
  },
  {
    "ID Number": "8512450"
  },
  {
    "ID Number": "8503575"
  },
  {
    "ID Number": "8507350"
  },
  {
    "ID Number": "8538956"
  },
  {
    "ID Number": "8519994"
  },
  {
    "ID Number": "8549826"
  },
  {
    "ID Number": "8528594"
  },
  {
    "ID Number": "8523134"
  },
  {
    "ID Number": "8513147"
  },
  {
    "ID Number": "8509441"
  },
  {
    "ID Number": "8530076"
  },
  {
    "ID Number": "8531277"
  },
  {
    "ID Number": "8573883"
  },
  {
    "ID Number": "8546878"
  },
  {
    "ID Number": "8513333"
  },
  {
    "ID Number": "8507511"
  },
  {
    "ID Number": "8542244"
  },
  {
    "ID Number": "8548960"
  },
  {
    "ID Number": "8514160"
  },
  {
    "ID Number": "8520011"
  },
  {
    "ID Number": "8524963"
  },
  {
    "ID Number": "8524572"
  },
  {
    "ID Number": "8555877"
  },
  {
    "ID Number": "8555001"
  },
  {
    "ID Number": "8516936"
  },
  {
    "ID Number": "8516146"
  },
  {
    "ID Number": "8549249"
  },
  {
    "ID Number": "8520020"
  },
  {
    "ID Number": "8508348"
  },
  {
    "ID Number": "8504229"
  },
  {
    "ID Number": "8519862"
  },
  {
    "ID Number": "8549532"
  },
  {
    "ID Number": "8544204"
  },
  {
    "ID Number": "8544271"
  },
  {
    "ID Number": "8502536"
  },
  {
    "ID Number": "8525501"
  },
  {
    "ID Number": "8540705"
  },
  {
    "ID Number": "8518203"
  },
  {
    "ID Number": "8510091"
  },
  {
    "ID Number": "8508747"
  },
  {
    "ID Number": "8556857"
  },
  {
    "ID Number": "8556725"
  },
  {
    "ID Number": "8521492"
  },
  {
    "ID Number": "8510113"
  },
  {
    "ID Number": "8506507"
  },
  {
    "ID Number": "8513341"
  },
  {
    "ID Number": "8555117"
  },
  {
    "ID Number": "8512256"
  },
  {
    "ID Number": "8513740"
  },
  {
    "ID Number": "8525196"
  },
  {
    "ID Number": "8524904"
  },
  {
    "ID Number": "8525072"
  },
  {
    "ID Number": "8509654"
  },
  {
    "ID Number": "8514879"
  },
  {
    "ID Number": "8510288"
  },
  {
    "ID Number": "8512272"
  },
  {
    "ID Number": "8522960"
  },
  {
    "ID Number": "8523606"
  },
  {
    "ID Number": "8512388"
  },
  {
    "ID Number": "8512469"
  },
  {
    "ID Number": "8521131"
  },
  {
    "ID Number": "8529124"
  },
  {
    "ID Number": "8553378"
  },
  {
    "ID Number": "8520070"
  },
  {
    "ID Number": "8512035"
  },
  {
    "ID Number": "8531170"
  },
  {
    "ID Number": "8545669"
  },
  {
    "ID Number": "8543321"
  }
]