[
  {
    "ID Number": "15209229"
  },
  {
    "ID Number": "15205886"
  },
  {
    "ID Number": "15213790"
  },
  {
    "ID Number": "15219585"
  },
  {
    "ID Number": "15205797"
  },
  {
    "ID Number": "15211150"
  },
  {
    "ID Number": "15200388"
  },
  {
    "ID Number": "15208885"
  },
  {
    "ID Number": "15200906"
  },
  {
    "ID Number": "15200540"
  },
  {
    "ID Number": "15205983"
  },
  {
    "ID Number": "15205894"
  },
  {
    "ID Number": "15210766"
  },
  {
    "ID Number": "15209288"
  },
  {
    "ID Number": "15201252"
  },
  {
    "ID Number": "15220982"
  },
  {
    "ID Number": "15211347"
  },
  {
    "ID Number": "15211525"
  },
  {
    "ID Number": "15204430"
  },
  {
    "ID Number": "15221180"
  },
  {
    "ID Number": "15209539"
  },
  {
    "ID Number": "15209504"
  },
  {
    "ID Number": "15209482"
  },
  {
    "ID Number": "15200051"
  },
  {
    "ID Number": "15211045"
  },
  {
    "ID Number": "15209490"
  },
  {
    "ID Number": "15214001"
  },
  {
    "ID Number": "15200930"
  },
  {
    "ID Number": "15221890"
  },
  {
    "ID Number": "15201163"
  },
  {
    "ID Number": "15218660"
  },
  {
    "ID Number": "15212386"
  },
  {
    "ID Number": "15211797"
  },
  {
    "ID Number": "15205975"
  },
  {
    "ID Number": "15200515"
  },
  {
    "ID Number": "15210030"
  },
  {
    "ID Number": "15210065"
  },
  {
    "ID Number": "15211169"
  },
  {
    "ID Number": "15220958"
  },
  {
    "ID Number": "15210871"
  },
  {
    "ID Number": "15212521"
  },
  {
    "ID Number": "15210138"
  },
  {
    "ID Number": "15211509"
  },
  {
    "ID Number": "15204340"
  },
  {
    "ID Number": "15205738"
  },
  {
    "ID Number": "15218074"
  },
  {
    "ID Number": "15200825"
  },
  {
    "ID Number": "15200701"
  },
  {
    "ID Number": "15201422"
  },
  {
    "ID Number": "15200230"
  },
  {
    "ID Number": "14320878"
  },
  {
    "ID Number": "15206262"
  },
  {
    "ID Number": "15205444"
  },
  {
    "ID Number": "15210600"
  },
  {
    "ID Number": "15206041"
  },
  {
    "ID Number": "15213609"
  },
  {
    "ID Number": "15219879"
  },
  {
    "ID Number": "15212211"
  },
  {
    "ID Number": "15210634"
  },
  {
    "ID Number": "15219933"
  },
  {
    "ID Number": "15213536"
  },
  {
    "ID Number": "15200264"
  },
  {
    "ID Number": "15205657"
  },
  {
    "ID Number": "15201783"
  },
  {
    "ID Number": "15204740"
  },
  {
    "ID Number": "15219976"
  },
  {
    "ID Number": "15208923"
  },
  {
    "ID Number": "15200477"
  },
  {
    "ID Number": "15211410"
  },
  {
    "ID Number": "15211177"
  },
  {
    "ID Number": "15218384"
  },
  {
    "ID Number": "15218333"
  },
  {
    "ID Number": "15200019"
  },
  {
    "ID Number": "15206360"
  },
  {
    "ID Number": "15204413"
  },
  {
    "ID Number": "15214699"
  },
  {
    "ID Number": "15210707"
  },
  {
    "ID Number": "15210375"
  },
  {
    "ID Number": "15210669"
  },
  {
    "ID Number": "15209369"
  },
  {
    "ID Number": "15210995"
  },
  {
    "ID Number": "15202020"
  },
  {
    "ID Number": "15200485"
  },
  {
    "ID Number": "15205681"
  },
  {
    "ID Number": "15209644"
  },
  {
    "ID Number": "15208915"
  },
  {
    "ID Number": "15219950"
  },
  {
    "ID Number": "15200035"
  },
  {
    "ID Number": "15220850"
  },
  {
    "ID Number": "15220842"
  },
  {
    "ID Number": "15213560"
  },
  {
    "ID Number": "15212254"
  },
  {
    "ID Number": "15212122"
  },
  {
    "ID Number": "15212734"
  },
  {
    "ID Number": "15211541"
  },
  {
    "ID Number": "15201228"
  },
  {
    "ID Number": "15209024"
  },
  {
    "ID Number": "15208036"
  },
  {
    "ID Number": "15201805"
  },
  {
    "ID Number": "15209415"
  },
  {
    "ID Number": "15218481"
  },
  {
    "ID Number": "15200442"
  },
  {
    "ID Number": "15220940"
  },
  {
    "ID Number": "15213528"
  },
  {
    "ID Number": "15201120"
  },
  {
    "ID Number": "15214370"
  },
  {
    "ID Number": "15215750"
  },
  {
    "ID Number": "15200493"
  },
  {
    "ID Number": "15205932"
  },
  {
    "ID Number": "15200370"
  },
  {
    "ID Number": "15205789"
  },
  {
    "ID Number": "15213480"
  },
  {
    "ID Number": "15218597"
  },
  {
    "ID Number": "15200159"
  },
  {
    "ID Number": "15203751"
  },
  {
    "ID Number": "15218180"
  },
  {
    "ID Number": "15200507"
  },
  {
    "ID Number": "15200612"
  },
  {
    "ID Number": "15205649"
  },
  {
    "ID Number": "15220974"
  },
  {
    "ID Number": "15200876"
  },
  {
    "ID Number": "15200833"
  },
  {
    "ID Number": "15212270"
  },
  {
    "ID Number": "15211010"
  },
  {
    "ID Number": "15200574"
  },
  {
    "ID Number": "15221903"
  },
  {
    "ID Number": "15221342"
  },
  {
    "ID Number": "15208877"
  }
]