[
  {
    "ID Number": "21300402",
    "Name": "Balene Cekwane",
    "Fed": "LES",
    "Sex": "M",
    "Title": "",
    "WTit": "",
    "OTit": "",
    "FOA": "1738",
    "Rating": "AUG25",
    "Gms": "0",
    "K": "20",
    "B-day": "1998",
    "Flag": "i"
  },
  {
    "ID Number": "21302782",
    "Name": "Boitumelo Sethabathaba",
    "Fed": "LES",
    "Sex": "F",
    "Title": "",
    "WTit": "",
    "OTit": "",
    "FOA": "1509",
    "Rating": "AUG25",
    "Gms": "0",
    "K": "20",
    "B-day": "2000",
    "Flag": "w"
  },
  {
    "ID Number": "21301441",
    "Name": "Bokang, Motsamai",
    "Fed": "LES",
    "Sex": "M",
    "Title": "",
    "WTit": "",
    "OTit": "",
    "FOA": "1695",
    "Rating": "AUG25",
    "Gms": "0",
    "K": "20",
    "B-day": "2005",
    "Flag": "i"
  },
  {
    "ID Number": "21302898",
    "Name": "George Mahommed",
    "Fed": "LES",
    "Sex": "M",
    "Title": "",
    "WTit": "",
    "OTit": "",
    "FOA": "1852",
    "Rating": "AUG25",
    "Gms": "0",
    "K": "40",
    "B-day": "2008",
    "Flag": "i"
  },
  {
    "ID Number": "21300380",
    "Name": "Joang Molapo",
    "Fed": "LES",
    "Sex": "M",
    "Title": "CM",
    "WTit": "",
    "OTit": "",
    "FOA": "1694",
    "Rating": "AUG25",
    "Gms": "0",
    "K": "20",
    "B-day": "1965",
    "Flag": "i"
  },
  {
    "ID Number": "21302855",
    "Name": "Kananelo Nkalimeng",
    "Fed": "LES",
    "Sex": "M",
    "Title": "",
    "WTit": "",
    "OTit": "",
    "FOA": "1585",
    "Rating": "AUG25",
    "Gms": "0",
    "K": "20",
    "B-day": "2000",
    "Flag": "i"
  },
  {
    "ID Number": "21303622",
    "Name": "Karabo Mokete",
    "Fed": "LES",
    "Sex": "M",
    "Title": "",
    "WTit": "",
    "OTit": "",
    "FOA": "1537",
    "Rating": "AUG25",
    "Gms": "0",
    "K": "20",
    "B-day": "2001",
    "Flag": "i"
  },
  {
    "ID Number": "21301220",
    "Name": "Karabo Motsohi",
    "Fed": "LES",
    "Sex": "M",
    "Title": "",
    "WTit": "",
    "OTit": "",
    "FOA": "1543",
    "Rating": "AUG25",
    "Gms": "0",
    "K": "20",
    "B-day": "2006",
    "Flag": "i"
  },
  {
    "ID Number": "21303614",
    "Name": "Katleho Earnest Borotho",
    "Fed": "LES",
    "Sex": "M",
    "Title": "",
    "WTit": "",
    "OTit": "",
    "FOA": "1636",
    "Rating": "AUG25",
    "Gms": "0",
    "K": "20",
    "B-day": "2005",
    "Flag": "i"
  },
  {
    "ID Number": "21300496",
    "Name": "Katleho Nyofane",
    "Fed": "LES",
    "Sex": "M",
    "Title": "",
    "WTit": "",
    "OTit": "",
    "FOA": "1732",
    "Rating": "AUG25",
    "Gms": "0",
    "K": "20",
    "B-day": "1998",
    "Flag": "i"
  },
  {
    "ID Number": "21303088",
    "Name": "Katleho Phakisi",
    "Fed": "LES",
    "Sex": "M",
    "Title": "",
    "WTit": "",
    "OTit": "",
    "FOA": "1569",
    "Rating": "AUG25",
    "Gms": "0",
    "K": "40",
    "B-day": "2008",
    "Flag": "i"
  },
  {
    "ID Number": "21301310",
    "Name": "Kemohele, Koetle",
    "Fed": "LES",
    "Sex": "M",
    "Title": "",
    "WTit": "",
    "OTit": "",
    "FOA": "AFM",
    "Rating": "AUG25",
    "Gms": "1707",
    "K": "0",
    "B-day": "1999",
    "Flag": "i"
  },
  {
    "ID Number": "14317176",
    "Name": "Khalema, Sechaba",
    "Fed": "LES",
    "Sex": "M",
    "Title": "",
    "WTit": "",
    "OTit": "",
    "FOA": "1839",
    "Rating": "AUG25",
    "Gms": "0",
    "K": "20",
    "B-day": "1996",
    "Flag": "i"
  },
  {
    "ID Number": "21302243",
    "Name": "Khama, Letsatsi",
    "Fed": "LES",
    "Sex": "M",
    "Title": "",
    "WTit": "",
    "OTit": "",
    "FOA": "1623",
    "Rating": "AUG25",
    "Gms": "0",
    "K": "20",
    "B-day": "2001",
    "Flag": ""
  },
  {
    "ID Number": "21300020",
    "Name": "Klaas, Tokelo",
    "Fed": "LES",
    "Sex": "M",
    "Title": "CM",
    "WTit": "",
    "OTit": "",
    "FOA": "1875",
    "Rating": "AUG25",
    "Gms": "0",
    "K": "20",
    "B-day": "1996",
    "Flag": "i"
  },
  {
    "ID Number": "14317206",
    "Name": "Latela, Kananelo",
    "Fed": "LES",
    "Sex": "M",
    "Title": "",
    "WTit": "",
    "OTit": "",
    "FOA": "1861",
    "Rating": "AUG25",
    "Gms": "0",
    "K": "20",
    "B-day": "1996",
    "Flag": "i"
  },
  {
    "ID Number": "21300119",
    "Name": "Leboela, Maboloko",
    "Fed": "LES",
    "Sex": "F",
    "Title": "WCM",
    "WTit": "WCM",
    "OTit": "",
    "FOA": "1663",
    "Rating": "AUG25",
    "Gms": "0",
    "K": "20",
    "B-day": "1997",
    "Flag": "wi"
  },
  {
    "ID Number": "21300542",
    "Name": "Lehlohonolo Sekhoto",
    "Fed": "LES",
    "Sex": "M",
    "Title": "",
    "WTit": "NA",
    "OTit": "",
    "FOA": "1657",
    "Rating": "AUG25",
    "Gms": "0",
    "K": "20",
    "B-day": "1996",
    "Flag": "i"
  },
  {
    "ID Number": "14317281",
    "Name": "Lekau, Ramokotjo",
    "Fed": "LES",
    "Sex": "M",
    "Title": "",
    "WTit": "",
    "OTit": "",
    "FOA": "1703",
    "Rating": "AUG25",
    "Gms": "0",
    "K": "20",
    "B-day": "1991",
    "Flag": "i"
  },
  {
    "ID Number": "21301506",
    "Name": "Lephoto, Kopano",
    "Fed": "LES",
    "Sex": "M",
    "Title": "",
    "WTit": "",
    "OTit": "",
    "FOA": "1557",
    "Rating": "AUG25",
    "Gms": "0",
    "K": "20",
    "B-day": "1988",
    "Flag": "i"
  },
  {
    "ID Number": "21304335",
    "Name": "Letsie Thesele",
    "Fed": "LES",
    "Sex": "M",
    "Title": "",
    "WTit": "",
    "OTit": "",
    "FOA": "1414",
    "Rating": "AUG25",
    "Gms": "0",
    "K": "20",
    "B-day": "1996",
    "Flag": "i"
  },
  {
    "ID Number": "21301719",
    "Name": "Letsoara, Mpeke",
    "Fed": "LES",
    "Sex": "M",
    "Title": "",
    "WTit": "",
    "OTit": "",
    "FOA": "1572",
    "Rating": "AUG25",
    "Gms": "0",
    "K": "20",
    "B-day": "1997",
    "Flag": "i"
  },
  {
    "ID Number": "21301247",
    "Name": "Libe, Sofonea",
    "Fed": "LES",
    "Sex": "M",
    "Title": "",
    "WTit": "",
    "OTit": "",
    "FOA": "1655",
    "Rating": "AUG25",
    "Gms": "0",
    "K": "20",
    "B-day": "1997",
    "Flag": "i"
  },
  {
    "ID Number": "21300372",
    "Name": "Lieketseng Makhalemele",
    "Fed": "LES",
    "Sex": "F",
    "Title": "",
    "WTit": "NA",
    "OTit": "",
    "FOA": "ACM",
    "Rating": "AUG25",
    "Gms": "1489",
    "K": "0",
    "B-day": "1997",
    "Flag": "wi"
  },
  {
    "ID Number": "21302715",
    "Name": "Machoba, Hlompho",
    "Fed": "LES",
    "Sex": "M",
    "Title": "",
    "WTit": "",
    "OTit": "",
    "FOA": "1629",
    "Rating": "AUG25",
    "Gms": "0",
    "K": "20",
    "B-day": "2002",
    "Flag": "i"
  },
  {
    "ID Number": "14317230",
    "Name": "Mafube, Masilo",
    "Fed": "LES",
    "Sex": "M",
    "Title": "",
    "WTit": "",
    "OTit": "",
    "FOA": "1765",
    "Rating": "AUG25",
    "Gms": "0",
    "K": "20",
    "B-day": "1984",
    "Flag": "i"
  },
  {
    "ID Number": "21301603",
    "Name": "Malaka, Sekhoane",
    "Fed": "LES",
    "Sex": "M",
    "Title": "",
    "WTit": "",
    "OTit": "",
    "FOA": "1584",
    "Rating": "AUG25",
    "Gms": "0",
    "K": "20",
    "B-day": "1999",
    "Flag": "i"
  },
  {
    "ID Number": "21301255",
    "Name": "Malehloa, Likhomo",
    "Fed": "LES",
    "Sex": "F",
    "Title": "",
    "WTit": "",
    "OTit": "",
    "FOA": "1548",
    "Rating": "AUG25",
    "Gms": "0",
    "K": "20",
    "B-day": "1999",
    "Flag": "wi"
  },
  {
    "ID Number": "21300852",
    "Name": "Maseru Matsumunyane",
    "Fed": "LES",
    "Sex": "M",
    "Title": "",
    "WTit": "",
    "OTit": "",
    "FOA": "1664",
    "Rating": "AUG25",
    "Gms": "0",
    "K": "20",
    "B-day": "1995",
    "Flag": "i"
  },
  {
    "ID Number": "21301646",
    "Name": "Mashato, Phetetso",
    "Fed": "LES",
    "Sex": "M",
    "Title": "",
    "WTit": "",
    "OTit": "",
    "FOA": "1567",
    "Rating": "AUG25",
    "Gms": "0",
    "K": "20",
    "B-day": "1997",
    "Flag": "i"
  },
  {
    "ID Number": "21303428",
    "Name": "Mathaba Maraisane",
    "Fed": "LES",
    "Sex": "M",
    "Title": "",
    "WTit": "",
    "OTit": "",
    "FOA": "1474",
    "Rating": "AUG25",
    "Gms": "0",
    "K": "20",
    "B-day": "1997",
    "Flag": "i"
  },
  {
    "ID Number": "21300178",
    "Name": "McPherson, Naleli",
    "Fed": "LES",
    "Sex": "F",
    "Title": "",
    "WTit": "",
    "OTit": "",
    "FOA": "1538",
    "Rating": "AUG25",
    "Gms": "0",
    "K": "20",
    "B-day": "1998",
    "Flag": "wi"
  },
  {
    "ID Number": "21300488",
    "Name": "Mfundisi Nhlapo",
    "Fed": "LES",
    "Sex": "M",
    "Title": "",
    "WTit": "",
    "OTit": "",
    "FOA": "1524",
    "Rating": "AUG25",
    "Gms": "0",
    "K": "20",
    "B-day": "1999",
    "Flag": "i"
  },
  {
    "ID Number": "21303703",
    "Name": "Mochela Mphuthi",
    "Fed": "LES",
    "Sex": "M",
    "Title": "",
    "WTit": "",
    "OTit": "",
    "FOA": "1585",
    "Rating": "AUG25",
    "Gms": "0",
    "K": "20",
    "B-day": "2005",
    "Flag": "i"
  },
  {
    "ID Number": "21300453",
    "Name": "Mohale Lebona",
    "Fed": "LES",
    "Sex": "M",
    "Title": "",
    "WTit": "",
    "OTit": "",
    "FOA": "1680",
    "Rating": "AUG25",
    "Gms": "0",
    "K": "20",
    "B-day": "1999",
    "Flag": "i"
  },
  {
    "ID Number": "21301875",
    "Name": "Mohapi, Thuso",
    "Fed": "LES",
    "Sex": "M",
    "Title": "",
    "WTit": "",
    "OTit": "",
    "FOA": "1645",
    "Rating": "AUG25",
    "Gms": "0",
    "K": "20",
    "B-day": "2002",
    "Flag": "i"
  },
  {
    "ID Number": "21301794",
    "Name": "Mohapi, Tsukulu",
    "Fed": "LES",
    "Sex": "M",
    "Title": "",
    "WTit": "",
    "OTit": "",
    "FOA": "1403",
    "Rating": "AUG25",
    "Gms": "0",
    "K": "20",
    "B-day": "1986",
    "Flag": "i"
  },
  {
    "ID Number": "14317265",
    "Name": "Mohatlane, Liteboho",
    "Fed": "LES",
    "Sex": "M",
    "Title": "",
    "WTit": "",
    "OTit": "",
    "FOA": "1794",
    "Rating": "AUG25",
    "Gms": "0",
    "K": "20",
    "B-day": "1994",
    "Flag": "i"
  },
  {
    "ID Number": "21300674",
    "Name": "Mojakisane Lebakae",
    "Fed": "LES",
    "Sex": "M",
    "Title": "",
    "WTit": "",
    "OTit": "",
    "FOA": "1515",
    "Rating": "AUG25",
    "Gms": "0",
    "K": "40",
    "B-day": "2009",
    "Flag": "i"
  },
  {
    "ID Number": "21301620",
    "Name": "Mokoteli, Setsabelo",
    "Fed": "LES",
    "Sex": "M",
    "Title": "",
    "WTit": "",
    "OTit": "",
    "FOA": "1653",
    "Rating": "AUG25",
    "Gms": "0",
    "K": "20",
    "B-day": "2000",
    "Flag": "i"
  },
  {
    "ID Number": "21300470",
    "Name": "Monaheng Motlomelo",
    "Fed": "LES",
    "Sex": "M",
    "Title": "",
    "WTit": "FA",
    "OTit": "",
    "FOA": "1665",
    "Rating": "AUG25",
    "Gms": "0",
    "K": "20",
    "B-day": "1995",
    "Flag": "i"
  },
  {
    "ID Number": "21300895",
    "Name": "Monyake Doti",
    "Fed": "LES",
    "Sex": "M",
    "Title": "",
    "WTit": "",
    "OTit": "",
    "FOA": "1699",
    "Rating": "AUG25",
    "Gms": "0",
    "K": "20",
    "B-day": "1996",
    "Flag": "i"
  },
  {
    "ID Number": "14317249",
    "Name": "Moseli, Phera",
    "Fed": "LES",
    "Sex": "M",
    "Title": "",
    "WTit": "",
    "OTit": "",
    "FOA": "1708",
    "Rating": "AUG25",
    "Gms": "0",
    "K": "20",
    "B-day": "1985",
    "Flag": "i"
  },
  {
    "ID Number": "21302626",
    "Name": "Motalingoane, Caesar",
    "Fed": "LES",
    "Sex": "M",
    "Title": "",
    "WTit": "",
    "OTit": "",
    "FOA": "1567",
    "Rating": "AUG25",
    "Gms": "0",
    "K": "20",
    "B-day": "2005",
    "Flag": "i"
  },
  {
    "ID Number": "21301948",
    "Name": "Motlomelo, Lihloela",
    "Fed": "LES",
    "Sex": "M",
    "Title": "",
    "WTit": "",
    "OTit": "",
    "FOA": "1632",
    "Rating": "AUG25",
    "Gms": "0",
    "K": "20",
    "B-day": "2003",
    "Flag": "i"
  },
  {
    "ID Number": "21300151",
    "Name": "Motsoko Makhetha",
    "Fed": "LES",
    "Sex": "M",
    "Title": "",
    "WTit": "",
    "OTit": "",
    "FOA": "1702",
    "Rating": "AUG25",
    "Gms": "0",
    "K": "20",
    "B-day": "1996",
    "Flag": "i"
  },
  {
    "ID Number": "21300291",
    "Name": "Mphetole Mona",
    "Fed": "LES",
    "Sex": "M",
    "Title": "",
    "WTit": "SI",
    "OTit": "",
    "FOA": "1590",
    "Rating": "AUG25",
    "Gms": "0",
    "K": "20",
    "B-day": "1995",
    "Flag": "i"
  },
  {
    "ID Number": "21300879",
    "Name": "Mphoto Molapo",
    "Fed": "LES",
    "Sex": "M",
    "Title": "",
    "WTit": "",
    "OTit": "",
    "FOA": "1652",
    "Rating": "AUG25",
    "Gms": "0",
    "K": "20",
    "B-day": "1996",
    "Flag": "i"
  },
  {
    "ID Number": "21300500",
    "Name": "Ngakana Nzema",
    "Fed": "LES",
    "Sex": "M",
    "Title": "",
    "WTit": "",
    "OTit": "",
    "FOA": "1710",
    "Rating": "AUG25",
    "Gms": "0",
    "K": "20",
    "B-day": "1999",
    "Flag": "i"
  },
  {
    "ID Number": "21304319",
    "Name": "Ntai Relebohile",
    "Fed": "LES",
    "Sex": "M",
    "Title": "",
    "WTit": "",
    "OTit": "",
    "FOA": "1410",
    "Rating": "AUG25",
    "Gms": "0",
    "K": "20",
    "B-day": "1998",
    "Flag": "i"
  },
  {
    "ID Number": "21301921",
    "Name": "Ntsielo, Bonolo",
    "Fed": "LES",
    "Sex": "F",
    "Title": "",
    "WTit": "",
    "OTit": "",
    "FOA": "1589",
    "Rating": "AUG25",
    "Gms": "0",
    "K": "40",
    "B-day": "2008",
    "Flag": "wi"
  },
  {
    "ID Number": "21304254",
    "Name": "Nyane mojalefa",
    "Fed": "LES",
    "Sex": "M",
    "Title": "",
    "WTit": "",
    "OTit": "",
    "FOA": "1632",
    "Rating": "AUG25",
    "Gms": "0",
    "K": "20",
    "B-day": "1999",
    "Flag": "i"
  },
  {
    "ID Number": "21300437",
    "Name": "Palamo Makhele",
    "Fed": "LES",
    "Sex": "M",
    "Title": "",
    "WTit": "",
    "OTit": "",
    "FOA": "1606",
    "Rating": "AUG25",
    "Gms": "0",
    "K": "20",
    "B-day": "1985",
    "Flag": "i"
  },
  {
    "ID Number": "21302537",
    "Name": "Phate, Mohanoe",
    "Fed": "LES",
    "Sex": "M",
    "Title": "",
    "WTit": "",
    "OTit": "",
    "FOA": "1578",
    "Rating": "AUG25",
    "Gms": "0",
    "K": "20",
    "B-day": "2000",
    "Flag": "i"
  },
  {
    "ID Number": "21304459",
    "Name": "Rabolinyane Tumelo",
    "Fed": "LES",
    "Sex": "M",
    "Title": "",
    "WTit": "",
    "OTit": "",
    "FOA": "1536",
    "Rating": "AUG25",
    "Gms": "0",
    "K": "40",
    "B-day": "2007",
    "Flag": "i"
  },
  {
    "ID Number": "14317311",
    "Name": "Ramakabane, Refuoe",
    "Fed": "LES",
    "Sex": "M",
    "Title": "",
    "WTit": "",
    "OTit": "",
    "FOA": "1696",
    "Rating": "AUG25",
    "Gms": "0",
    "K": "20",
    "B-day": "1983",
    "Flag": "i"
  },
  {
    "ID Number": "14317192",
    "Name": "Seboka, Bakoena",
    "Fed": "LES",
    "Sex": "M",
    "Title": "",
    "WTit": "",
    "OTit": "",
    "FOA": "1663",
    "Rating": "AUG25",
    "Gms": "0",
    "K": "20",
    "B-day": "1997",
    "Flag": "i"
  },
  {
    "ID Number": "21301514",
    "Name": "Sehlabaka, Rethabile",
    "Fed": "LES",
    "Sex": "M",
    "Title": "",
    "WTit": "",
    "OTit": "",
    "FOA": "1756",
    "Rating": "AUG25",
    "Gms": "0",
    "K": "20",
    "B-day": "1996",
    "Flag": "i"
  },
  {
    "ID Number": "21303096",
    "Name": "Sekhonyana Relebohile",
    "Fed": "LES",
    "Sex": "M",
    "Title": "",
    "WTit": "",
    "OTit": "",
    "FOA": "1511",
    "Rating": "AUG25",
    "Gms": "0",
    "K": "20",
    "B-day": "2003",
    "Flag": "i"
  },
  {
    "ID Number": "21300011",
    "Name": "Selatela, Khiba",
    "Fed": "LES",
    "Sex": "M",
    "Title": "",
    "WTit": "",
    "OTit": "",
    "FOA": "1750",
    "Rating": "AUG25",
    "Gms": "0",
    "K": "20",
    "B-day": "1996",
    "Flag": "i"
  },
  {
    "ID Number": "21301433",
    "Name": "Sello, Tholoana",
    "Fed": "LES",
    "Sex": "M",
    "Title": "",
    "WTit": "",
    "OTit": "",
    "FOA": "1552",
    "Rating": "AUG25",
    "Gms": "0",
    "K": "20",
    "B-day": "2001",
    "Flag": "i"
  },
  {
    "ID Number": "21303398",
    "Name": "Senohe Chaka",
    "Fed": "LES",
    "Sex": "M",
    "Title": "",
    "WTit": "",
    "OTit": "",
    "FOA": "1486",
    "Rating": "AUG25",
    "Gms": "0",
    "K": "20",
    "B-day": "2005",
    "Flag": "i"
  },
  {
    "ID Number": "21302960",
    "Name": "Setipe Tsepo",
    "Fed": "LES",
    "Sex": "M",
    "Title": "",
    "WTit": "",
    "OTit": "",
    "FOA": "1568",
    "Rating": "AUG25",
    "Gms": "0",
    "K": "20",
    "B-day": "2005",
    "Flag": "i"
  },
  {
    "ID Number": "21303380",
    "Name": "Siyabonga Sibeko",
    "Fed": "LES",
    "Sex": "M",
    "Title": "",
    "WTit": "",
    "OTit": "",
    "FOA": "1470",
    "Rating": "AUG25",
    "Gms": "0",
    "K": "20",
    "B-day": "2005",
    "Flag": "i"
  },
  {
    "ID Number": "21303533",
    "Name": "Soro Mzwandile",
    "Fed": "LES",
    "Sex": "M",
    "Title": "",
    "WTit": "",
    "OTit": "",
    "FOA": "1667",
    "Rating": "AUG25",
    "Gms": "0",
    "K": "20",
    "B-day": "2001",
    "Flag": "i"
  },
  {
    "ID Number": "21300720",
    "Name": "Teboho Lelimo",
    "Fed": "LES",
    "Sex": "M",
    "Title": "",
    "WTit": "",
    "OTit": "",
    "FOA": "1534",
    "Rating": "AUG25",
    "Gms": "0",
    "K": "20",
    "B-day": "2003",
    "Flag": "i"
  },
  {
    "ID Number": "21301379",
    "Name": "Teboho Makhele",
    "Fed": "LES",
    "Sex": "M",
    "Title": "",
    "WTit": "",
    "OTit": "",
    "FOA": "1702",
    "Rating": "AUG25",
    "Gms": "0",
    "K": "20",
    "B-day": "2000",
    "Flag": "i"
  },
  {
    "ID Number": "21300429",
    "Name": "Thabang Maepe",
    "Fed": "LES",
    "Sex": "M",
    "Title": "",
    "WTit": "",
    "OTit": "",
    "FOA": "1785",
    "Rating": "AUG25",
    "Gms": "0",
    "K": "20",
    "B-day": "1998",
    "Flag": "i"
  },
  {
    "ID Number": "21301549",
    "Name": "Thabang, Mphane",
    "Fed": "LES",
    "Sex": "M",
    "Title": "",
    "WTit": "",
    "OTit": "",
    "FOA": "1759",
    "Rating": "AUG25",
    "Gms": "0",
    "K": "20",
    "B-day": "2002",
    "Flag": "i"
  },
  {
    "ID Number": "21304432",
    "Name": "Thamae Letile",
    "Fed": "LES",
    "Sex": "M",
    "Title": "",
    "WTit": "",
    "OTit": "",
    "FOA": "1508",
    "Rating": "AUG25",
    "Gms": "0",
    "K": "40",
    "B-day": "2007",
    "Flag": "i"
  },
  {
    "ID Number": "21300550",
    "Name": "Theko, Khanyapa",
    "Fed": "LES",
    "Sex": "M",
    "Title": "",
    "WTit": "",
    "OTit": "",
    "FOA": "1824",
    "Rating": "AUG25",
    "Gms": "0",
    "K": "20",
    "B-day": "1997",
    "Flag": "i"
  },
  {
    "ID Number": "21301930",
    "Name": "Thetsane, Nteboheleng",
    "Fed": "LES",
    "Sex": "F",
    "Title": "",
    "WTit": "",
    "OTit": "",
    "FOA": "1494",
    "Rating": "AUG25",
    "Gms": "0",
    "K": "40",
    "B-day": "2008",
    "Flag": "wi"
  },
  {
    "ID Number": "21301298",
    "Name": "Tlotlisang Motlhokoa",
    "Fed": "LES",
    "Sex": "M",
    "Title": "",
    "WTit": "",
    "OTit": "",
    "FOA": "1495",
    "Rating": "AUG25",
    "Gms": "0",
    "K": "20",
    "B-day": "2002",
    "Flag": "i"
  },
  {
    "ID Number": "21302197",
    "Name": "Tsephe, Lebajoa",
    "Fed": "LES",
    "Sex": "M",
    "Title": "",
    "WTit": "",
    "OTit": "",
    "FOA": "1881",
    "Rating": "AUG25",
    "Gms": "0",
    "K": "20",
    "B-day": "2005",
    "Flag": "i"
  },
  {
    "ID Number": "21301387",
    "Name": "Tsepo Tjamela",
    "Fed": "LES",
    "Sex": "M",
    "Title": "",
    "WTit": "",
    "OTit": "",
    "FOA": "1552",
    "Rating": "AUG25",
    "Gms": "0",
    "K": "20",
    "B-day": "1998",
    "Flag": "i"
  },
  {
    "ID Number": "21301069",
    "Name": "Tsiu Matsepe",
    "Fed": "LES",
    "Sex": "M",
    "Title": "",
    "WTit": "",
    "OTit": "",
    "FOA": "1710",
    "Rating": "AUG25",
    "Gms": "0",
    "K": "20",
    "B-day": "1999",
    "Flag": "i"
  },
  {
    "ID Number": "21304440",
    "Name": "Tumisang Sepipi",
    "Fed": "LES",
    "Sex": "M",
    "Title": "",
    "WTit": "",
    "OTit": "",
    "FOA": "1543",
    "Rating": "AUG25",
    "Gms": "0",
    "K": "20",
    "B-day": "2005",
    "Flag": "i"
  }
]