ID Number,Name,Fed,Sex,Title,WTit,OTit,FOA,Rating,Gms,K,B-day,Flag
8616779,"Bai, Changlin",CHN,M,,,,1900,AUG25,0,40,2007,i
8602280,"Bai, Jinshi",CHN,M,GM,,,2537,AUG25,0,10,1999,
8647445,"Bai, Moxuan",CHN,M,,,,1736,AUG25,0,40,2015,
8608717,"Bai, Xue",CHN,F,,,,2070,AUG25,13,20,2003,w
8605750,"Bao, Qilin",CHN,M,IM,,,2320,AUG25,0,20,1993,i
8641730,"Bei, Er",CHN,M,,,,1798,AUG25,0,20,2006,
8601445,"Bu, Xiangzhi",CHN,M,GM,,,2715,AUG25,4,10,1985,
8616930,Cai Youyang,CHN,F,,,,1971,AUG25,0,20,2004,wi
8614318,"Cai, Boheng",CHN,F,WFM,WFM,,1846,AUG25,0,20,2005,wi
8618402,"Cai, Chaoruo",CHN,M,CM,NA,,2109,AUG25,0,20,1986,i
8604312,"Cai, Jiaying",CHN,F,,,,2104,AUG25,0,20,1992,wi
8619522,"Cai, Jinru",CHN,F,,,,1748,AUG25,0,20,2006,wi
8657041,"Cai, Qingmu",CHN,F,,,,1594,AUG25,0,40,2014,wi
8635005,"Cai, Shibang",CHN,M,,,,1525,AUG25,0,40,2008,i
8620989,"Cai, Ying",CHN,F,,,,1821,AUG25,0,20,1974,w
8618364,"Cai, Yulun",CHN,M,,,,1737,AUG25,0,20,2006,i
8652120,"Cao, Ban",CHN,M,,,,1858,AUG25,7,40,2013,
8643539,"Cao, Jiahui",CHN,F,,,,1621,AUG25,9,40,2010,w
8627568,"Cao, Qingfeng",CHN,M,IM,,,2326,AUG25,0,20,2008,
8655669,"Cao, Yusen",CHN,M,,,,1668,AUG25,0,40,2010,
8658056,"Cha, Ersen",CHN,M,,,,1541,AUG25,0,40,2012,
8616329,Chen Xinyue,CHN,F,,,,1767,AUG25,0,20,2004,wi
8650187,"Chen, Anqi",CHN,F,,,,1414,AUG25,0,40,2010,w
8655677,"Chen, Baize",CHN,M,,,,1631,AUG25,0,40,2011,i
8600767,"Chen, Fan",CHN,M,FM,,,2288,AUG25,0,20,1971,i
8647887,"Chen, Hao(GD)",CHN,M,,SI,,1638,AUG25,0,20,2000,i
8625450,"Chen, Hongsen",CHN,M,IM,,,1864,AUG25,2,20,2006,
8647402,"Chen, Jiacheng",CHN,M,,,,1540,AUG25,0,40,2011,i
8655243,"Chen, Junda",CHN,M,,,,1639,AUG25,0,40,2007,
8625620,"Chen, Junze",CHN,M,,,,1489,AUG25,0,40,2009,i
8620954,"Chen, KaiLin",CHN,M,,,,2091,AUG25,8,40,2007,
8646627,"Chen, Lexing",CHN,M,,,,1659,AUG25,0,40,2011,i
8644233,"Chen, Linfeng",CHN,M,,,,1409,AUG25,0,40,2013,i
8627967,"Chen, lvheng",CHN,M,,,,1907,AUG25,0,20,2005,i
8618151,"Chen, Minghao",CHN,M,,,,1910,AUG25,0,20,1996,i
8626073,"Chen, Muxi",CHN,M,,,,2020,AUG25,26,40,2011,
8620814,"Chen, Muye",CHN,M,CM,,,1792,AUG25,0,40,2008,i
8625638,"Chen, Ningze",CHN,M,,,,1547,AUG25,0,40,2009,i
8603863,"Chen, Peng",CHN,M,IM,FT,,2373,AUG25,0,10,1994,
8614733,"Chen, Qi b",CHN,M,IM,,,2411,AUG25,0,10,2000,
8620350,"Chen, Qianru",CHN,F,,,,1565,AUG25,0,20,2006,wi
8650098,"Chen, Qinran",CHN,F,,,,1537,AUG25,0,40,2016,w
8657050,"Chen, Sihan(SH)",CHN,F,,,,1572,AUG25,0,40,2013,wi
8647399,"Chen, Tianwen",CHN,M,,,,1669,AUG25,6,40,2016,
8637601,"Chen, Wanyu",CHN,F,,,,1518,AUG25,0,40,2009,wi
8655693,"Chen, Xianlin",CHN,M,,,,1946,AUG25,17,40,2014,
8626383,"Chen, Xin",CHN,M,,,,1761,AUG25,0,20,2004,i
8602360,"Chen, Yang",CHN,M,,,,2113,AUG25,0,20,1990,i
8671966,"Chen, Yian(Sh)",CHN,F,,,,1640,AUG25,6,40,2013,w
8620946,"Chen, Yining",CHN,F,FM,WIM,,2146,AUG25,0,40,2009,w
8618860,"Chen, Yuan",CHN,M,,,,2161,AUG25,13,40,2007,
8623341,"Chen, Yumeng",CHN,F,,,,1654,AUG25,0,20,2006,wi
8628068,"Chen, Yunqi",CHN,F,,,,1769,AUG25,7,20,2006,w
8662916,"Chen, Yunyang",CHN,F,,,,1631,AUG25,0,40,2017,w
8618739,"Chen, Zhenze",CHN,M,,,,1432,AUG25,0,40,2010,i
8619549,"Chen, Zhi",CHN,M,,,,2120,AUG25,13,40,2007,
8655081,"Chen, Zhihan",CHN,F,WCM,WCM,,1676,AUG25,0,40,2016,w
8624470,"Chen, Zhiyuan",CHN,M,,,,1751,AUG25,0,40,2010,i
8640432,"Chen, Zimu(JS)",CHN,M,,,,1944,AUG25,0,40,2011,i
8616426,"Chen,Zihang",CHN,M,,,,1720,AUG25,0,40,2007,i
8643482,"Cheng, Gongpu",CHN,M,,,,1829,AUG25,9,40,2011,
8642869,"Cheng, Zihan",CHN,M,,,,1939,AUG25,0,40,2010,i
8616485,"Chi, Yi",CHN,M,,,,1918,AUG25,0,20,2002,i
8610061,"Chu, Jiamin",CHN,M,CM,,,2138,AUG25,0,20,1993,
8605653,"Chu, Ruotong",CHN,F,WIM,WIM,,2102,AUG25,0,20,2001,w
8605661,"Chu, Weichao",CHN,M,IM,,,2323,AUG25,0,20,1996,
8633444,"Cong, Dingzhou",CHN,M,FM,,,1907,AUG25,0,40,2011,
8636915,"Cong, Ronggang",CHN,M,,,,1718,AUG25,0,20,1982,i
8631360,"Cui, Yiteng",CHN,M,,,,1662,AUG25,0,40,2010,i
8623988,"Cui, Youran",CHN,F,,,,1528,AUG25,0,40,2009,wi
8608156,"Dai, Changren",CHN,M,GM,,,2429,AUG25,3,10,1999,
8608369,"Dai, Wenzhi",CHN,M,,,,1904,AUG25,0,20,2001,
8627878,"Deng, Haoyou",CHN,M,,,,1660,AUG25,0,20,1999,
8640572,"Deng, Mingtong",CHN,F,,,,1601,AUG25,7,40,2013,w
8614369,"Deng, Tianle",CHN,M,,,,2071,AUG25,0,20,2003,i
8647690,"Ding, Aima",CHN,F,,,,1510,AUG25,8,40,2014,w
8609705,"Ding, Jie",CHN,M,,,,AIM,AUG25,1531,0,1968,i
8620431,"Ding, Jun",CHN,M,,,,1964,AUG25,0,20,1990,i
8603677,"Ding, Liren",CHN,M,GM,,,2757,AUG25,7,10,1992,
8618445,"Ding, Shirui",CHN,F,,,,1871,AUG25,18,20,2006,w
8621187,"Ding, Xingyi",CHN,F,,,,1554,AUG25,0,40,2010,wi
8602972,"Ding, Yixin",CHN,F,WGM,WGM,,2322,AUG25,0,10,1991,wi
8637407,"Ding, Yudan",CHN,F,,,,1706,AUG25,0,20,2005,wi
8652422,"Ding, Zhiyuan",CHN,M,,,,1887,AUG25,9,40,2013,
8624003,"Dong, Hanze",CHN,M,,,,1455,AUG25,0,40,2008,i
8626960,"Dong, Hongfu",CHN,M,,,,2090,AUG25,0,40,2010,i
8619573,"Dong, Yanbei",CHN,F,,,,1402,AUG25,0,40,2007,wi
8632596,"Dou, Zhi",CHN,M,,,,1558,AUG25,0,40,2010,i
8621268,"Du, Chunhui",CHN,M,FM,FI,,2273,AUG25,0,20,1987,
8610282,"Du, Yuxin",CHN,F,,,,2002,AUG25,0,20,2001,w
8635145,"Enhe, Naqing",CHN,M,,,,1508,AUG25,0,40,2012,i
8654794,"Fan, Boren",CHN,M,,,,1710,AUG25,5,40,2011,
8639809,"Fan, Jingyi",CHN,M,,,,2068,AUG25,0,40,2009,i
8647542,"Fan, Sizhuo",CHN,M,,,,1710,AUG25,9,40,2010,
8643032,"Fan, Yupan",CHN,M,,,,1557,AUG25,0,40,2012,
8619590,"Fan, Zhiming",CHN,M,,,,1528,AUG25,0,20,2004,i
8637024,"Fang, Sun",CHN,M,,,,1762,AUG25,0,20,1999,
8638845,"Fang, Tianyang",CHN,M,,,,1580,AUG25,0,40,2009,
8604746,"Fang, Yan",CHN,M,IM,FI,,2341,AUG25,0,20,1996,i
8605840,"Fang, Yuxiang",CHN,M,GM,,,2467,AUG25,0,10,1996,i
8628416,"Feng, Jiayi",CHN,M,,,,1594,AUG25,0,40,2009,i
8614741,"Feng, Jieming",CHN,M,,,,1624,AUG25,0,20,2005,i
8641110,"Feng, Kuixiu",CHN,M,,,,1773,AUG25,8,40,2014,
8614911,"Feng, Xuan",CHN,M,,,,1855,AUG25,0,20,2003,i
8624046,"Feng, Yiming",CHN,M,,,,1679,AUG25,0,20,2005,i
8624054,"Feng, Yuanbo",CHN,M,,,,1756,AUG25,0,40,2010,i
8608105,"Fu, Yuting",CHN,F,,,,1894,AUG25,0,20,1997,wi
8618178,"Gang, Taoga",CHN,M,,,,1872,AUG25,0,20,1989,i
8608873,"Gao, Hanxue",CHN,F,,,,1872,AUG25,0,20,2001,wi
8607770,"Gao, Kai",CHN,M,,,,1987,AUG25,12,20,2001,
8615411,"Gao, Linhao",CHN,M,,,,1875,AUG25,0,20,2004,i
8635889,"Gao, Muziyan",CHN,F,WIM,WIM,,2027,AUG25,0,40,2011,w
8602387,"Gao, Rui",CHN,M,GM,,,2475,AUG25,0,10,1992,i
8649057,"Gao, Ruoya",CHN,F,WCM,WCM,,1891,AUG25,0,40,2015,w
8609926,"Gao, Yuheng",CHN,M,,,,1743,AUG25,0,20,2005,i
8645841,"Ge, Yixuan",CHN,F,,,,1515,AUG25,0,40,2010,wi
8647798,"Geng, Jiayi",CHN,M,,,,1943,AUG25,0,20,2001,
8640688,"Gong, Bonuonuo",CHN,M,,,,1705,AUG25,8,40,2011,
8662584,"Gong, Jian",CHN,M,,,,1480,AUG25,0,20,1979,
8614563,"Gong, Qiming",CHN,M,,,,AIM,AUG25,1782,0,2004,i
8621500,"Gong, Sunjia",CHN,M,,,,1752,AUG25,0,40,2007,i
8620229,"Gong, Sunle",CHN,M,IM,,,2380,AUG25,0,20,2009,
8648280,"Gong, Yiming",CHN,M,,,,1951,AUG25,9,40,2012,
8614954,"Gu, Jiazhen",CHN,M,,,,1993,AUG25,0,20,2004,i
8658250,"Gu, Jingrui",CHN,M,,,,1790,AUG25,0,40,2016,
8660344,"Gu, Peizhi",CHN,M,,,,1720,AUG25,0,40,2016,
8603995,"Gu, Tianlu",CHN,F,WIM,WIM,,2161,AUG25,0,20,1997,wi
8622680,"Gu, Xianghan",CHN,M,,,,1899,AUG25,0,20,2006,
8602611,"Gu, Xiaobing",CHN,F,WGM,WGM,,2181,AUG25,0,20,1985,wi
8638810,"Guo, Hanxi",CHN,F,,,,1741,AUG25,0,40,2011,wi
8604002,"Guo, Qi",CHN,F,IM,WGM,,2338,AUG25,0,10,1995,wi
8673470,"Guo, Shangwei",CHN,M,,,,1755,AUG25,9,40,1995,
8609640,"Guo, Shuo",CHN,F,,,,1909,AUG25,0,20,2001,wi
8643865,"Guo, Tailai",CHN,M,,,,1561,AUG25,0,40,2016,i
8618720,"Guo, Xiao",CHN,M,,,,1793,AUG25,0,40,2007,i
8627479,"Guo, Youlin",CHN,M,,,,1449,AUG25,0,40,2008,i
8601143,"Guo, Yu",CHN,M,,,,2307,AUG25,0,10,0,i
8614962,"Guo, Yuhan",CHN,F,,,,1761,AUG25,0,20,2003,wi
8655090,"Guo, Ziming",CHN,M,,,,1777,AUG25,0,40,2016,
8617120,"Ha,Yihan",CHN,F,,,,1962,AUG25,0,20,2006,wi
8635161,"Hai, Ri",CHN,M,,,,1630,AUG25,0,40,2007,i
8648956,"Han, Nuoze",CHN,M,,,,1426,AUG25,0,40,2010,i
8621039,"Han, Zongrun",CHN,M,,,,1473,AUG25,0,40,2008,i
8650101,"Hao, Qingshi",CHN,M,,,,1702,AUG25,11,40,2015,
8620911,"He, Canzhou",CHN,M,,,,1804,AUG25,0,40,2007,i
8621004,"He, Jiacheng",CHN,M,,,,1441,AUG25,0,40,2008,i
8642427,"He, Junchen",CHN,M,,,,1906,AUG25,13,20,2002,
8640190,"He, Yi",CHN,F,,,,1618,AUG25,0,40,2010,wi
8613974,"He, Yichen",CHN,M,,,,1950,AUG25,0,20,2006,i
8621055,"He, Yuze",CHN,M,,,,1672,AUG25,0,40,2008,i
8642630,"He, Zirui",CHN,M,,,,1459,AUG25,0,40,2010,i
8655740,"He, Ziyu",CHN,F,,,,1813,AUG25,9,40,2011,w
8657823,"Hong, Liang",CHN,M,,,,1582,AUG25,0,40,2009,i
8641560,"Hong, Mingren",CHN,M,,,,2045,AUG25,0,40,2011,
8606129,"Hong, Xing",CHN,F,,FI,,2086,AUG25,0,20,1998,w
8602980,"Hou, Yifan",CHN,F,GM,WGM,,2519,AUG25,27,10,1994,w
8619492,"Hou, Yifan b",CHN,M,,,,2262,AUG25,0,20,2005,
8662258,"Hou, Ying",CHN,F,,,,1464,AUG25,0,20,1999,w
8624070,"Hou, Yixuan",CHN,M,,,,1604,AUG25,0,40,2010,i
8627029,"Hu, Delu",CHN,M,,,,1614,AUG25,0,40,2008,i
8602557,"Hu, Xi",CHN,M,,,,2213,AUG25,0,20,1987,i
8609993,"Hu, Yu A.",CHN,F,,,,2045,AUG25,13,20,1999,w
8622795,"Hu, Zhening",CHN,M,,,,1995,AUG25,9,40,2007,
8615446,"Hu,Zhiheng",CHN,M,,,,2210,AUG25,0,20,1998,i
8657033,"Huan, Xiaoxiao",CHN,M,,,,1472,AUG25,0,40,2013,i
8657025,"Huan, Yixiang",CHN,M,,,,1493,AUG25,0,40,2011,i
8673950,"Huang, Huanwen",CHN,M,,,,1499,AUG25,6,40,2014,
8609535,"Huang, Mofei",CHN,F,,,,1975,AUG25,0,20,1999,wi
8602689,"Huang, Qian",CHN,F,WGM,WGM,,2316,AUG25,0,10,1986,w
8610134,"Huang, Renjie",CHN,M,,,,2374,AUG25,9,20,2004,
8605505,"Huang, Siyuan",CHN,M,,,,1986,AUG25,0,20,0,i
8650780,"Huang, Xiran",CHN,F,,,,1529,AUG25,7,40,2012,w
8650799,"Huang, Xizhan",CHN,M,,,,1621,AUG25,7,40,2015,
8618089,"Huang, Yake",CHN,M,,,,1988,AUG25,0,20,1986,i
8619484,"Huang, Yannuo",CHN,M,,,,1588,AUG25,0,20,2005,i
8655766,"Huang, Yiduo",CHN,M,,,,1676,AUG25,0,40,2014,
8621543,"Huang, Yishi",CHN,M,CM,,,1735,AUG25,0,40,2008,i
8655324,"Huang, Zixin",CHN,F,,,,1621,AUG25,2,40,2015,w
8612919,"Huang, Zixiu",CHN,M,,,,1951,AUG25,0,20,0,i
8634831,"Huang, Ziyi",CHN,M,,,,1814,AUG25,0,40,2009,i
8634947,"Huang, Ziyu",CHN,F,,,,1747,AUG25,0,40,2009,wi
8655464,"Hui, Chenhao",CHN,M,,,,1652,AUG25,0,40,2012,
8653275,"Ji, Mingxuan",CHN,M,,,,1774,AUG25,9,40,2013,
8625719,"Jia, Huixian",CHN,F,,,,1419,AUG25,0,20,2006,wi
8673560,"Jia, Shouheng",CHN,M,,,,1527,AUG25,5,40,2015,
8655308,"Jia, Yixuan",CHN,M,,,,1620,AUG25,6,40,2012,
8647488,"Jiang, Aize",CHN,F,,,,1451,AUG25,0,40,2014,wi
8677310,"Jiang, Fuyan",CHN,M,,,,1637,AUG25,5,40,2017,
8631930,"Jiang, Haochen",CHN,M,IM,,,2496,AUG25,2,10,2011,
8673616,"Jiang, Kaixi",CHN,M,,,,1682,AUG25,5,40,2018,
8649596,"Jiang, Lechuan",CHN,M,,,,1705,AUG25,6,40,2015,
8640653,"Jiang, Liu",CHN,M,,,,2002,AUG25,0,40,2012,
8612927,"Jiang, Qinyu",CHN,M,,,,2073,AUG25,0,20,2005,i
8638381,"Jiang, Qiushuo",CHN,M,,,,1472,AUG25,6,40,2012,
8627215,"Jiang, Tianyu",CHN,F,,,,2183,AUG25,0,40,2010,w
8647496,"Jiang, Yanze",CHN,M,,,,1440,AUG25,0,40,2015,i
8611050,"Jiang, Zhaoyi",CHN,F,WCM,WCM,FI,1945,AUG25,0,20,1999,wi
8653305,"Jiang, Zixian",CHN,F,,,,1589,AUG25,7,40,2013,w
8614490,"Jin, Haonan",CHN,M,,,,1556,AUG25,0,40,2007,i
8663696,"Jin, Haoyang",CHN,M,,,,1683,AUG25,7,40,2016,
8640491,"Jin, Hongtao",CHN,M,FM,,,2045,AUG25,0,40,2010,
8631409,"Jin, Yuchen",CHN,M,,,,1693,AUG25,0,40,2010,i
8616868,"Jin, Yueheng",CHN,M,IM,,,2054,AUG25,3,40,2008,
8673853,"Jin, Yuxin",CHN,M,,,,1738,AUG25,6,40,2018,
8669287,"Jin, Ziyi",CHN,M,,,,1636,AUG25,6,40,2015,
8619514,"Jing, Wenhang",CHN,M,,,,1783,AUG25,0,20,2006,i
8603006,"Ju, Wenjun",CHN,F,GM,WGM,,2489,AUG25,1,10,1991,w
8620318,"Kadeliding, Alimujiang",CHN,M,,,,1719,AUG25,0,20,1995,i
8627452,"Ke, Jingwen",CHN,M,,,,1543,AUG25,0,20,2006,i
8620849,"Kong, Jinghan",CHN,F,,,,1737,AUG25,0,20,2006,wi
8622167,"Kong, Weichao",CHN,M,,,,1539,AUG25,0,40,2007,i
8622175,"Kong, Weiran",CHN,M,,,,1641,AUG25,0,40,2007,i
8638241,"Kong, Xiangdong",CHN,M,,,,1822,AUG25,0,20,1995,i
8632200,"Kong, Xiangrui",CHN,M,,,,2477,AUG25,6,10,2009,
8600988,"Kuang, Yinghui",CHN,F,WIM,WIM,,2202,AUG25,0,20,1979,wi
8627860,"kuerban, kureyishi",CHN,M,,,,ACM,AUG25,1758,0,2004,
8604193,"Lan, Zilun",CHN,M,,,,2261,AUG25,0,20,1995,
8605114,"Lei, Tingjie",CHN,F,GM,WGM,,2478,AUG25,2,10,1997,w
8650810,"Lei, Zihang",CHN,M,,,,1464,AUG25,5,40,2011,
8626200,"Leng, Siyan",CHN,M,,,,1729,AUG25,0,20,1990,
8616299,Li Yihao,CHN,M,,,,1875,AUG25,0,40,2008,i
8620997,"Li, Ande",CHN,M,,,,1785,AUG25,0,40,2008,
8602786,"Li, Bo",CHN,M,IM,,,2235,AUG25,0,20,1985,
8604436,"Li, Chao b",CHN,M,GM,,,2684,AUG25,0,10,1989,
8669511,"Li, Chengyue",CHN,M,,,,1714,AUG25,8,40,2015,
8622272,"Li, Deyang",CHN,M,,,,1872,AUG25,0,20,2006,
8607508,"Li, Di",CHN,M,GM,,,2440,AUG25,2,10,1999,
8610371,"Li, Erze",CHN,M,,,,1974,AUG25,0,20,1998,i
8625603,"Li, Guocheng",CHN,M,,,,1650,AUG25,0,40,2009,i
8619999,"Li, Guohao",CHN,M,,,,2268,AUG25,0,20,2003,
8668949,"Li, Haoting",CHN,M,,,,1770,AUG25,7,40,2015,
8621195,"Li, Haotong",CHN,M,,,,1627,AUG25,0,40,2008,i
8656770,"Li, Haoyang(SH)",CHN,M,,,,1619,AUG25,0,40,2014,i
8621560,"Li, Haoyi",CHN,M,,,,1719,AUG25,0,40,2007,i
8602182,"Li, Hong",CHN,M,FM,,,2311,AUG25,0,20,1987,i
8624097,"Li, Huilin",CHN,F,,,,1556,AUG25,0,20,2005,wi
8624100,"Li, Junhe",CHN,M,,,,1701,AUG25,0,20,2004,i
8654689,"Li, Junyi",CHN,M,,,,1771,AUG25,0,20,1999,i
8647550,"Li, Linyan",CHN,M,,,,1556,AUG25,0,40,2010,i
8624127,"Li, Qiuchen",CHN,M,,,,1441,AUG25,0,20,2004,i
8642923,"Li, Ran",CHN,F,,,,1769,AUG25,0,20,2000,wi
8600643,"Li, Ruofan",CHN,F,IM,WGM,FT,2263,AUG25,0,10,1978,wi
8618712,"Li, Shanglin",CHN,M,,,,2247,AUG25,0,40,2008,i
1631454,"Li, Shenyue",CHN,F,,FI,,1980,AUG25,0,20,1997,wi
8676852,"Li, Shicheng",CHN,M,,,,1779,AUG25,7,40,2014,
8600678,"Li, Shilong",CHN,M,GM,,,2517,AUG25,0,10,1977,
8627134,"Li, Shutong",CHN,F,,,,1612,AUG25,9,40,2009,w
8647186,"Li, Sibei",CHN,F,,,,1621,AUG25,0,40,2009,wi
8638926,"Li, Sichen",CHN,M,,,,1867,AUG25,0,40,2011,
8658439,"Li, Weilong",CHN,M,,,,1819,AUG25,0,40,2014,
8609748,"Li, Wenxiang",CHN,M,,,,2162,AUG25,0,20,2002,
8677271,"Li, Ximing",CHN,M,,,,1647,AUG25,9,40,2012,
8622477,"Li, Xinyang",CHN,F,,,,1677,AUG25,0,40,2007,wi
8605912,"Li, Xueyi",CHN,F,WGM,WGM,,2076,AUG25,56,20,1993,w
8641501,"Li, Yage",CHN,M,,,,2264,AUG25,0,40,2009,
8609357,"Li, Yankai",CHN,M,IM,,,2351,AUG25,0,20,1997,i
8628653,"Li, Yimin",CHN,M,,,,1867,AUG25,0,20,2001,i
8637393,"Li, Yingjie",CHN,M,,,,1825,AUG25,0,20,2006,i
8624135,"Li, Yingxuan",CHN,F,,,,1725,AUG25,0,40,2007,wi
8639418,"Li, Yirui",CHN,M,,,,1517,AUG25,0,40,2007,i
8627282,"Li, Yixi",CHN,F,,,,1632,AUG25,0,20,2006,wi
8636435,"Li, Yixin",CHN,M,,,,1969,AUG25,0,20,1998,
8655502,"Li, Yukai",CHN,M,,,,1739,AUG25,0,20,1995,i
8635927,"Li, Yuxuan",CHN,F,,,,1516,AUG25,0,40,2012,wi
8608237,"Li, Zhaoyang",CHN,M,,,,2072,AUG25,0,20,1999,i
8603898,"Li, Zhenyu",CHN,M,,FI,,2180,AUG25,0,20,1992,
8605629,"Li, Zhuoling",CHN,F,WFM,WFM,,2202,AUG25,0,20,1998,wi
8618461,"Li, Ziang",CHN,M,,,,1916,AUG25,0,20,2006,i
8621551,"Li, Ziheng",CHN,M,,,,1575,AUG25,0,40,2009,i
8624500,"Li, Zimeng",CHN,F,,,,1760,AUG25,0,20,2006,wi
8625700,"Li, Zimo",CHN,M,,,,1676,AUG25,0,40,2008,i
8619727,"Li, Zining",CHN,M,,,,1756,AUG25,0,20,2006,i
8650667,"Li, Ziyan",CHN,M,,,,1440,AUG25,3,40,2012,
8614997,"Li,Lewei",CHN,F,,,,1824,AUG25,0,20,2006,wi
8610401,"Li,Xinyu",CHN,F,WFM,WFM,,2067,AUG25,0,20,2002,wi
8618470,"Liang, Chenchen",CHN,M,,,,1847,AUG25,0,20,2006,i
8638799,"Liang, Chenzhuo",CHN,F,,,,1532,AUG25,0,40,2014,wi
8657076,"Liang, Haining",CHN,M,,,,1468,AUG25,0,40,2010,i
8640955,"Liang, Hanzhe",CHN,F,,,,1670,AUG25,0,40,2010,w
8622370,"Liang, Jingcheng",CHN,M,,,,1563,AUG25,0,20,2006,i
8666806,"Liang, Ruoyan",CHN,F,,,,1457,AUG25,6,40,2012,w
8600562,"Liang, Zhihua",CHN,F,WIM,WIM,FT,2186,AUG25,0,20,1970,wi
8672997,"Liang, Zhixi",CHN,F,,,,1423,AUG25,6,40,2013,w
8605637,"Liao, Rui",CHN,F,,,,1933,AUG25,0,20,1998,wi
8616990,Lin Zhaochen,CHN,M,,,,1930,AUG25,0,20,1999,i
8628408,"Lin, Boyou",CHN,M,,,,1626,AUG25,0,40,2008,i
8602298,"Lin, Chen",CHN,M,GM,,,2493,AUG25,0,10,1988,i
8641510,"Lin, Dianqi",CHN,M,,,,1891,AUG25,0,40,2008,i
8625921,"Lin, Haoyang",CHN,M,,,,1776,AUG25,0,40,2007,i
8645612,"Lin, Qihan",CHN,M,,,,1828,AUG25,0,40,2008,
8631514,"Lin, Shimeng",CHN,F,,,,1827,AUG25,0,20,2006,wi
8609659,"Lin, Yi",CHN,M,IM,,,2295,AUG25,0,20,2003,i
8663246,"Lin, Zhengyuan",CHN,F,,,,1576,AUG25,0,40,2012,w
8640343,"Ling, Guohan",CHN,M,,,,1750,AUG25,9,40,2010,
8624151,"Ling, Zhuokai",CHN,M,,,,1593,AUG25,0,20,2004,i
8606340,"Liu, Chang",CHN,M,,,,2479,AUG25,0,10,1995,i
8646490,"Liu, Chengxi",CHN,F,,,,1588,AUG25,0,40,2012,wi
8621489,"Liu, Chenyu",CHN,M,,,,1780,AUG25,0,40,2008,i
8647585,"Liu, Chenyuan",CHN,M,,,,1732,AUG25,7,40,2011,
8620016,"Liu, Chuan",CHN,M,,,,1870,AUG25,0,20,2006,i
8662487,"Liu, Dijia",CHN,F,,,,1615,AUG25,7,40,2013,w
8630836,"Liu, Enlin",CHN,M,,,,1633,AUG25,5,40,2011,
8657980,"Liu, Entong",CHN,F,,,,1470,AUG25,4,40,2014,w
8625930,"Liu, Fengshuo",CHN,M,,,,1715,AUG25,0,40,2008,i
8603901,"Liu, Guanchu",CHN,M,IM,,,2437,AUG25,0,10,1994,i
8634971,"Liu, Haoling",CHN,M,,,,2049,AUG25,0,40,2008,
8643601,"Liu, Hongkuan",CHN,M,,,,1842,AUG25,0,40,2009,
8603502,"Liu, Hongtao",CHN,M,,,,2202,AUG25,0,20,1993,i
8604789,"Liu, Hongyan",CHN,F,,FA,,2050,AUG25,0,20,1994,wi
8624160,"Liu, Jiapeng",CHN,M,,,,1635,AUG25,0,20,2002,i
8643229,"Liu, Jingyu",CHN,F,,,,1664,AUG25,8,40,2012,w
8638160,"Liu, Jiyuan",CHN,M,,,,1543,AUG25,0,40,2007,i
8618488,"Liu, Kaiyi",CHN,M,,,,1942,AUG25,0,20,2004,i
8608121,"Liu, Manli",CHN,F,WIM,WIM,FI,2083,AUG25,0,20,1996,w
8620644,"Liu, Meng",CHN,M,,,,1967,AUG25,0,20,1999,
8618186,"Liu, Mide",CHN,M,,,,1934,AUG25,0,40,2008,i
8619409,"Liu, Qianyu",CHN,F,,,,1801,AUG25,0,20,1988,wi
8603294,"Liu, Qingnan",CHN,M,GM,,,2537,AUG25,0,10,1992,i
8650977,"Liu, Ruhao",CHN,M,,,,1855,AUG25,5,20,2004,
8613869,"Liu, Suhui",CHN,F,,,,1748,AUG25,0,20,2000,wi
8665494,"Liu, Taiqi",CHN,M,,,,1528,AUG25,0,40,2017,
8654808,"Liu, Tianyue",CHN,M,,,,2060,AUG25,0,20,1985,i
8603260,"Liu, Xi",CHN,M,,,,2095,AUG25,0,20,1991,i
8602409,"Liu, Xianglin",CHN,F,,,,2117,AUG25,0,20,1980,wi
8625948,"Liu, Xiaokun",CHN,M,,,,1642,AUG25,0,40,2007,i
8621748,"Liu, Xinrui",CHN,F,,,,1561,AUG25,0,40,2009,wi
8624194,"Liu, Xinyu",CHN,F,,,,1536,AUG25,0,20,2001,wi
8608962,"Liu, Yan",CHN,M,GM,,,2427,AUG25,2,10,2000,
8655227,"Liu, Yangboya(SZ)",CHN,M,,,,1708,AUG25,0,20,1994,i
8643660,"Liu, Yian",CHN,M,,,,1588,AUG25,0,40,2014,
8620296,"Liu, Yinuo",CHN,M,,,,1610,AUG25,0,40,2008,i
8658129,"Liu, Yuchen(SC)",CHN,M,,,,1593,AUG25,6,40,2014,
8608989,"Liu, Yujia",CHN,F,,,,1916,AUG25,0,20,0,wi
8610487,"Liu, Yutong",CHN,M,,,,1871,AUG25,0,20,2003,i
8662495,"Liu, Yutong(SZ)",CHN,F,,,,1609,AUG25,8,40,2012,w
8605963,"Liu, Zexu",CHN,M,,,,2251,AUG25,0,20,1995,i
8607818,"Liu, Zezhou",CHN,M,,NI,,1695,AUG25,0,20,1998,i
8609381,"Liu, Zhaoqi",CHN,M,IM,FT,,2201,AUG25,0,20,1998,
8640327,"Liu, Zhengcheng",CHN,M,,,,1983,AUG25,17,40,2012,
8619352,"Liu, Zhuocheng",CHN,M,,,,1617,AUG25,0,40,2008,i
8627118,"Liu, Zhuolu",CHN,M,,,,1571,AUG25,0,40,2011,
8668906,"Liu, Zhuxi",CHN,M,,,,1546,AUG25,6,40,2016,
8626430,"Liu, Zimin",CHN,M,,,,1728,AUG25,0,20,2006,i
8615055,"Liu,Youyin",CHN,F,,,,1812,AUG25,0,20,2003,wi
8619336,"Long, Aoxue",CHN,F,,,,1515,AUG25,0,40,2008,wi
8625611,"Long, Enze",CHN,M,,,,1663,AUG25,0,40,2007,i
8613125,"Long, Siyu",CHN,F,,,,1816,AUG25,0,20,2005,wi
8603928,"Lou, Yiping",CHN,M,IM,,,2433,AUG25,0,10,1991,
8627207,"Lu, Di",CHN,M,,,,1711,AUG25,0,20,1992,i
8614555,"Lu, Juncheng",CHN,M,,,,1885,AUG25,0,20,2004,i
8610495,"Lu, Kaiyan",CHN,M,,,,1797,AUG25,0,20,0,i
8618020,"Lu, Miaoyi",CHN,F,IM,WGM,,2171,AUG25,0,40,2010,w
8603332,"Lu, Shanglei",CHN,M,GM,,,2659,AUG25,0,10,1995,
8638250,"Lu, Weiyang",CHN,M,,,,1832,AUG25,8,40,2014,
8640815,"Lu, Yichen",CHN,F,,,,1587,AUG25,6,40,2013,w
8626316,"Lu, Yitong",CHN,M,,,,1592,AUG25,0,40,2008,i
8657963,"Lu, Zijun",CHN,M,,,,1436,AUG25,0,40,2011,i
8614580,"Luo, Aojie",CHN,M,CM,,,1902,AUG25,0,20,2004,i
8640963,"Luo, Chenyu",CHN,M,,,,1528,AUG25,0,40,2012,i
8651191,"Luo, Mian",CHN,M,,,,1570,AUG25,6,40,2012,
8656134,"Luo, Shenghang",CHN,M,,,,1468,AUG25,7,40,2015,
8626324,"Luo, Sijia",CHN,M,,,,1584,AUG25,0,20,2003,i
8628149,"Luo, Xinyun",CHN,F,,,,1705,AUG25,0,20,2005,wi
8677280,"Luo, Yijie",CHN,M,,,,1565,AUG25,7,40,2011,
8647380,"Luo, Zhenzhen",CHN,F,,,,1582,AUG25,5,40,2014,w
8628424,"Luo, Zifei",CHN,M,,,,1656,AUG25,0,40,2008,i
8656266,"Lv, Ruiqi",CHN,M,,,,1855,AUG25,16,40,2014,
8672458,"Lyu, Youxun",CHN,M,,,,1640,AUG25,0,40,2014,
8610533,"Ma, Lin",CHN,M,,,,2115,AUG25,0,20,2002,i
8603154,"Ma, Qun",CHN,M,GM,,,2598,AUG25,10,10,1991,
8656940,"Ma, Ruihan",CHN,M,,,,1742,AUG25,9,40,2014,
8613150,"Ma, Ruiting",CHN,M,,,,1747,AUG25,0,20,2003,i
8631760,"Ma, Ruiyi",CHN,M,,,,1694,AUG25,0,40,2007,i
8624208,"Ma, Xinyi",CHN,F,,,,1481,AUG25,0,20,2002,wi
8658919,"Ma, Yujie",CHN,M,,,,1756,AUG25,0,20,2004,
8607206,"Ma, Zhonghan",CHN,M,IM,,,2474,AUG25,0,10,1995,i
8623503,"Mao, Yifan",CHN,M,,,,1531,AUG25,0,20,2006,i
8609039,"Men, Jiayi",CHN,F,WCM,WCM,,1809,AUG25,0,20,2001,wi
8631891,"Meng, Yihan",CHN,M,IM,,,2277,AUG25,0,40,2009,
8674035,"Meng, Zuoning",CHN,F,,,,1433,AUG25,6,40,2013,w
8647640,"Mi, Shuoyu",CHN,M,,,,1586,AUG25,9,40,2010,
8618496,"Miao, Zhun",CHN,M,,,,1698,AUG25,0,20,2006,i
8649413,"Miao, ZiXin",CHN,M,,,,1768,AUG25,8,40,2011,
8602778,"Mu, Ke",CHN,M,IM,FT,,2314,AUG25,0,20,1987,i
8636001,"Mu, Wangxueyao",CHN,F,WFM,WFM,,1907,AUG25,9,40,2011,w
8659133,Namuhan,CHN,F,,,,1431,AUG25,0,40,2010,w
8601160,"Ni, Hua",CHN,M,GM,,,2579,AUG25,0,10,1983,i
8608466,"Ni, Shiqun",CHN,F,WGM,WGM,,2258,AUG25,0,20,1997,w
8605610,"Nie, Xin",CHN,F,,,,2120,AUG25,0,20,1997,wi
8607222,"Nie, Xinyang",CHN,M,IM,,,2374,AUG25,11,20,2000,
8614750,"Ning, Kaiyu",CHN,F,WIM,WIM,,2287,AUG25,0,20,2004,wi
8631425,"Ning, Yangxiao",CHN,M,,,,1842,AUG25,0,40,2009,i
8655367,"Ouyang, Zishuo",CHN,M,,,,1721,AUG25,7,40,2014,
8655626,"Pan, Yongfei",CHN,F,,,,1903,AUG25,0,20,1983,w
8624224,"Pan, Yucheng",CHN,M,,,,1752,AUG25,0,20,2005,i
8606374,"Pang, Bo",CHN,M,,,,1946,AUG25,0,20,1998,
8623856,"Pang, Sen",CHN,M,,,,1506,AUG25,0,20,2004,i
8609950,"Pang, Tao",CHN,M,GM,,,2340,AUG25,0,20,2001,
8609047,"Peng, Hongchi",CHN,M,,,,2323,AUG25,0,20,2002,
8640416,"Peng, Jingyi(GD)",CHN,F,,,,1777,AUG25,9,40,2014,w
8658099,"Peng, Lilong",CHN,M,,,,1594,AUG25,0,40,2014,i
8638632,"Peng, Shiyang",CHN,F,,,,1656,AUG25,13,40,2013,w
8605220,"Peng, Tianlu",CHN,F,,SI,,1965,AUG25,8,20,1993,w
8610541,"Peng, Wei",CHN,F,,,,1717,AUG25,0,20,0,wi
8643130,"Peng, Xiaolu",CHN,F,,,,1511,AUG25,7,40,2011,w
8607680,"Peng, Xinbei",CHN,F,,,,1781,AUG25,0,20,1999,wi
8655871,"Peng, Xinting",CHN,F,,,,1485,AUG25,0,40,2014,wi
8610550,"Peng, Xiongjian",CHN,M,GM,,,2367,AUG25,11,20,2000,
8633118,"Pi, Aiying",CHN,F,,,,1797,AUG25,9,40,2011,w
8662509,"Pi, Chongxi",CHN,M,,,,1678,AUG25,0,40,2015,
8632197,"Pian, Junyao",CHN,F,,,,1868,AUG25,9,40,2008,w
8609900,"Piao, Yuanjing",CHN,F,,,,1695,AUG25,0,20,2004,wi
8624232,"Piao, Yufei",CHN,M,,,,1595,AUG25,0,20,2006,i
8663793,"Pu, Yilin",CHN,M,,,,1726,AUG25,5,40,2015,
8649146,"Qian, Qipeng",CHN,M,,,,1905,AUG25,0,40,2015,
331105249,"Qiao, Haobo",CHN,M,,,,ACM,AUG25,1489,0,2016,
8664196,"Qiao, Haoyan",CHN,M,,,,1720,AUG25,6,40,2016,
8627487,"Qin, Chonghui",CHN,M,,,,1597,AUG25,0,40,2009,i
8624585,"Qin, Lan",CHN,F,,,,1450,AUG25,0,40,2010,wi
8636893,"Qin, Yixuan",CHN,M,,,,1449,AUG25,0,40,2009,i
8606137,"Qiu, Mengjie",CHN,F,WIM,WIM,,2086,AUG25,0,20,1995,wi
8676550,"Qiu, Tianyu",CHN,M,,,,1710,AUG25,8,40,2014,
8603030,"Qiu, Tong",CHN,M,,,,2287,AUG25,0,20,1990,i
8639850,"Qu, Haoming",CHN,M,,,,1905,AUG25,0,40,2012,
8603944,"Qu, Yanqiao",CHN,M,,,,2161,AUG25,0,20,1991,i
8622426,"Ren, Xiang",CHN,M,,,,1767,AUG25,0,40,2007,i
8608709,"Ren, Xiaoyi",CHN,F,WIM,WIM,,2189,AUG25,0,20,1996,wi
8630143,"Ren, Yibai",CHN,M,,,,1814,AUG25,7,40,2009,
8640912,"Ruan, Jiaming",CHN,M,,,,1744,AUG25,0,40,2013,i
8620156,"Ruan, Zhicheng",CHN,M,,,,1847,AUG25,0,20,2005,i
8618011,"Rui, Yueyue",CHN,F,,,,1551,AUG25,0,40,2007,wi
8624496,"Sha, Qingzhong",CHN,M,,,,1716,AUG25,0,20,2006,i
8651418,"ShangGuan, ZhengChen",CHN,M,,,,1604,AUG25,7,40,2013,
8611092,"Shao, Wenbin",CHN,M,,,,2195,AUG25,0,20,1997,
8607281,"Shao, Xinzhe",CHN,M,,,,1978,AUG25,0,20,2000,i
8657440,"She, Sicheng",CHN,M,,,,1727,AUG25,0,40,2017,i
8659788,"Shen, Delin",CHN,M,,,,1818,AUG25,0,20,2002,
8641021,"Shen, Fuyan",CHN,M,,,,2022,AUG25,0,40,2011,
8640718,"Shen, Houlin",CHN,M,,,,1659,AUG25,0,40,2014,
8617961,"Shen, Shiyan",CHN,M,,,,1964,AUG25,0,20,2006,i
8628637,"Shen, Sicen",CHN,M,,,,1554,AUG25,0,40,2010,i
8644560,"Shen, Xiaojun",CHN,M,,,,1653,AUG25,0,20,1985,i
8603162,"Shen, Yang",CHN,F,IM,WGM,FT,2331,AUG25,0,10,1989,wi
8655596,"Shen, Zicheng",CHN,M,,,,1634,AUG25,0,40,2014,
8659354,"Shi, Chunxi",CHN,M,,,,1473,AUG25,0,40,2013,
8658960,"Shi, Hankun(SH)",CHN,M,,,,1626,AUG25,0,40,2017,
8625409,"Shi, Jiashuo",CHN,M,,,,1730,AUG25,0,40,2008,i
8658927,"Shi, Junyan",CHN,M,,,,1835,AUG25,0,40,2014,
8608253,"Shi, Kecheng",CHN,M,,,,2181,AUG25,0,20,0,i
8636028,"Shi, Yige",CHN,F,,,,1846,AUG25,9,40,2011,w
8621411,"Shi, Zhanran",CHN,M,,,,1623,AUG25,0,20,2004,i
8665532,"Shi, Ziyu",CHN,M,,,,1562,AUG25,0,40,2009,
8624267,"Shu, Wanting",CHN,F,,,,1508,AUG25,0,40,2008,wi
8640750,"Song, Junteng",CHN,M,,,,1571,AUG25,8,40,2010,
8620865,"Song, Linxuan",CHN,M,,,,1683,AUG25,0,40,2008,i
8668973,"Song, Yiguan",CHN,M,,,,1635,AUG25,7,40,2015,
8650195,"Song, Yihang",CHN,M,,,,1901,AUG25,9,40,2014,
8624275,"Song, Yixuan",CHN,M,,,,1556,AUG25,0,40,2007,i
8638900,"Song, Yiyang",CHN,F,,,,1469,AUG25,0,40,2010,w
8614300,"Song, Yuxin",CHN,F,IM,WGM,,2373,AUG25,0,20,2005,w
8650080,"Song, Yuzhen",CHN,F,,,,1595,AUG25,8,40,2014,w
8616434,"Su, Shangkai",CHN,M,,,,1708,AUG25,0,20,2005,i
8609870,"Su, Zijin",CHN,M,,,,1761,AUG25,0,20,2003,i
8622990,"Sun, Chao",CHN,M,,,,2030,AUG25,0,20,2002,i
8621330,"Sun, Furong",CHN,F,,,,1972,AUG25,0,20,1986,wi
8605378,"Sun, Guo Yun",CHN,M,,,,2056,AUG25,0,20,1994,i
8631433,"Sun, Haiyang",CHN,M,,,,1608,AUG25,0,40,2010,i
8655065,"Sun, Hanyu",CHN,M,,,,1801,AUG25,0,20,2005,i
8609420,"Sun, Jiajun",CHN,M,,,,1964,AUG25,0,20,0,i
8649499,"Sun, Kaichen",CHN,M,,,,1770,AUG25,0,20,2006,
8626111,"Sun, Mingyang",CHN,M,,NA,,AIM,AUG25,1697,0,1990,
8614776,"Sun, Yidi",CHN,M,,,,2140,AUG25,0,20,2004,i
8614520,"Sun, Yucan",CHN,F,WCM,WCM,,1722,AUG25,0,20,2006,wi
8647410,"Sun, Yucan(SD)",CHN,F,,,,1591,AUG25,0,40,2014,wi
8603642,"Tan, Zhongyi",CHN,F,GM,WGM,,2457,AUG25,0,10,1991,w
8631441,"Tang, Enqi",CHN,M,,,,1826,AUG25,0,40,2010,i
8618917,"Tang, Jiakai",CHN,M,,,,1663,AUG25,0,20,2002,i
8620830,"Tang, Keran",CHN,M,,,,1921,AUG25,0,20,2002,
8648620,"Tang, Xinzhi",CHN,M,,,,1775,AUG25,0,20,2002,
8609977,"Teng, Jiarong",CHN,M,,,,2079,AUG25,0,20,1997,i
8647569,"Teng, Yican",CHN,M,,,,1565,AUG25,0,40,2010,i
8647631,"Tian, Guanzhong",CHN,M,,,,1618,AUG25,0,40,2009,i
8603383,"Tian, Jialin",CHN,M,,,,1989,AUG25,0,20,1994,
8639744,"Tian, Shenglin",CHN,M,,,,1697,AUG25,9,40,2016,
8602417,"Tian, Tian",CHN,F,WGM,WGM,FT,2050,AUG25,0,20,1983,w
8639868,"Tong, Yiyi",CHN,F,,,,1597,AUG25,0,40,2012,wi
8654700,"Wan, Hao",CHN,M,,,,1481,AUG25,0,40,2016,i
8628793,"Wan, Lexuan",CHN,M,,,,1662,AUG25,0,20,2006,i
8614296,"Wan, Qian",CHN,F,WFM,WFM,,1940,AUG25,0,20,2005,wi
8658951,"Wan, Yuan",CHN,M,,,,1709,AUG25,0,40,2017,
8603189,"Wan, Yunguo",CHN,M,GM,,,2515,AUG25,0,10,1990,
8616906,Wang Jun,CHN,M,,,,1786,AUG25,0,20,2000,i
8627517,"Wang, Benchi",CHN,M,,,,1836,AUG25,0,20,2006,i
8618585,"Wang, Bingfei",CHN,M,,,,1866,AUG25,12,20,2005,
8618968,"Wang, Bowen(CHN)",CHN,M,,,,1680,AUG25,0,40,2007,i
8601020,"Wang, Chen",CHN,M,IM,,,2470,AUG25,0,10,1993,i
8631638,"Wang, Chuqiao",CHN,F,WIM,WIM,,2327,AUG25,0,20,2008,w
8636052,"Wang, Deng",CHN,F,,,,1499,AUG25,6,40,2012,w
8603197,"Wang, Doudou",CHN,F,WIM,WIM,FT,2110,AUG25,0,20,1988,wi
8650225,"Wang, Fudong",CHN,M,,,,1451,AUG25,0,40,2009,
8646139,"Wang, Hanzhang",CHN,F,,,,1556,AUG25,0,40,2012,w
8602883,"Wang, Hao",CHN,M,GM,,,2639,AUG25,7,10,1989,
8631859,"Wang, Hao(ZJ)",CHN,M,IM,,,2170,AUG25,0,20,2005,
8609128,"Wang, Jiaqi",CHN,M,,,,2084,AUG25,0,20,0,i
8631301,"Wang, Jiayi",CHN,M,,,,1614,AUG25,0,40,2007,i
8642575,"Wang, Jiyan",CHN,M,,,,1833,AUG25,0,40,2010,
8604070,"Wang, Jue",CHN,F,WGM,WGM,,2378,AUG25,0,10,1995,wi
8663289,"Wang, Leyi",CHN,F,,,,1553,AUG25,8,40,2013,w
8628742,"Wang, Luhan",CHN,M,,,,1525,AUG25,0,40,2009,i
8624305,"Wang, Mingyu(06)",CHN,M,,,,1656,AUG25,0,20,2006,i
8625050,"Wang, Puxuan",CHN,M,,,,1814,AUG25,9,40,2009,
8604282,"Wang, Qibiao",CHN,M,,FT,,2232,AUG25,0,20,0,i
8605351,"Wang, Qin Ke",CHN,F,,,,1949,AUG25,0,20,1992,wi
8636060,"Wang, Qinxuanyi",CHN,F,,,,2082,AUG25,0,40,2011,w
8601003,"Wang, Rui",CHN,M,GM,,,2379,AUG25,0,20,1978,
8647623,"Wang, Ruiyan",CHN,M,,,,1738,AUG25,0,40,2008,i
8605262,"Wang, Shanshan",CHN,F,,FI,,1968,AUG25,0,20,1984,w
8610665,"Wang, Shixu B",CHN,M,IM,,,2345,AUG25,2,20,2001,
8676577,"Wang, Shunkai",CHN,M,,,,1592,AUG25,6,40,2016,
8620148,"Wang, Shunshun",CHN,F,,,,1762,AUG25,0,40,2007,w
8642800,"Wang, Taorong",CHN,M,,,,1713,AUG25,0,40,2009,
8622221,"Wang, Tiansheng",CHN,M,,,,1798,AUG25,0,20,2004,i
8650659,"Wang, Wenxuan",CHN,M,,,,1757,AUG25,0,20,2004,
8642796,"Wang, Xiangyi",CHN,F,,,,1678,AUG25,8,40,2013,w
8628106,"Wang, Xiaozhi",CHN,M,,,,1921,AUG25,9,40,2007,
8656835,"Wang, Xicheng",CHN,M,,,,1680,AUG25,0,40,2014,i
8651892,"Wang, Xuhang",CHN,M,,,,1537,AUG25,8,40,2010,
8617848,"Wang, Xuwen",CHN,F,,,,1911,AUG25,0,20,2005,wi
8617996,"Wang, Yanbin",CHN,M,IM,,,2373,AUG25,0,20,2002,i
8625646,"Wang, Yang",CHN,M,,,,1703,AUG25,0,20,2006,i
8615616,"Wang, Yifan(ZH)",CHN,M,,,,1741,AUG25,0,20,2004,i
8628610,"Wang, Yijun",CHN,M,,,,1733,AUG25,0,40,2009,i
8631450,"Wang, Yiming",CHN,M,,,,1555,AUG25,0,40,2013,
8624321,"Wang, Yinuo(LN)",CHN,M,,,,1956,AUG25,9,40,2010,
8640181,"Wang, Yixiao(SD)",CHN,F,,,,1822,AUG25,0,20,2003,wi
8606021,"Wang, Yiye",CHN,M,IM,,,2401,AUG25,0,10,1998,i
8618593,"Wang, Youxu",CHN,M,,,,1659,AUG25,0,20,2006,i
8601097,"Wang, Yu A.",CHN,F,IM,WGM,,2223,AUG25,0,20,1982,w
8601429,"Wang, Yue",CHN,M,GM,,,2641,AUG25,2,10,1987,
8631310,"Wang, Yuehan",CHN,F,,,,1828,AUG25,0,40,2007,wi
8628785,"Wang, Yuezhou",CHN,M,,,,1756,AUG25,0,40,2007,i
8655235,"Wang, Yufan(GD)",CHN,M,,,,1567,AUG25,4,40,2011,
8607966,"Wang, Yukun",CHN,M,FM,,,2155,AUG25,0,20,2000,i
8624518,"Wang, Yuxuan",CHN,M,,,,1595,AUG25,0,40,2007,i
8657580,"Wang, Yuxuan(SH)",CHN,M,,,,1850,AUG25,0,40,2017,
8640157,"Wang, Zhonghao",CHN,M,,,,1525,AUG25,9,40,2011,
8626855,"Wang, Zian",CHN,M,,,,1592,AUG25,0,40,2009,i
8614350,"Wang, Zideng",CHN,M,CM,,,1938,AUG25,0,20,2004,i
8620342,"Wang, Zifan",CHN,M,,,,1804,AUG25,0,20,2004,i
8614385,"Wang, Zihao",CHN,M,,,,1939,AUG25,0,20,2001,
8647771,"Wang, Zihao(SH)",CHN,M,,,,1958,AUG25,17,40,2012,
8619034,"Wang, Zijian",CHN,M,,,,2104,AUG25,0,20,2004,i
8644500,"Wang, Zimo(BJ)",CHN,M,,,,1553,AUG25,0,40,2009,i
8656738,"Wang, Zirui(SH)",CHN,M,,,,1630,AUG25,0,40,2014,i
8613362,"Wang, Zixu",CHN,M,,,,2095,AUG25,0,20,0,i
8636974,"Wang, Zixuan(SD)",CHN,M,,,,1553,AUG25,0,40,2013,
8621497,"Wang, Ziyou",CHN,M,,,,1815,AUG25,0,40,2008,i
8617880,"Wang,Yifan(Q)",CHN,M,,,,1867,AUG25,0,40,2007,i
8615187,"Wang,Ze",CHN,M,,,,1930,AUG25,0,20,2001,i
8622256,"Wayile, Jialade",CHN,M,,"NI,NI",,1903,AUG25,0,20,1996,i
8620938,"Wei, Jianzhou",CHN,M,CM,,,1837,AUG25,0,40,2009,i
8616787,"Wei, Yaqing",CHN,F,WCM,WCM,,1730,AUG25,0,40,2007,wi
8603405,"Wei, Yi",CHN,M,GM,,,2695,AUG25,2,10,1999,
8600171,"Wei, Yuyang",CHN,M,,,,2107,AUG25,0,20,1996,i
8658013,"Wei, Zhuocheng",CHN,M,,,,1469,AUG25,0,40,2015,
8603430,"Wen, Gehua",CHN,M,CM,,,2115,AUG25,0,20,1994,
8602956,"Wen, Yang",CHN,M,GM,,,2596,AUG25,0,10,1988,i
8612676,"Wen, Yili",CHN,F,,,,1934,AUG25,0,20,2004,wi
331059502,"Weng, Yanghuan",CHN,M,,,,1641,AUG25,0,40,2009,i
8628823,"Wu, Beien",CHN,F,,,,1526,AUG25,0,40,2007,wi
8659214,"Wu, Entong",CHN,M,,,,1551,AUG25,0,40,2011,
8625417,"Wu, Kaige",CHN,M,,,,1519,AUG25,0,40,2011,i
8628130,"Wu, Shuang",CHN,F,,,,1632,AUG25,0,20,2006,wi
8641170,"Wu, Shuang(HLJ)",CHN,F,WCM,WCM,,1846,AUG25,0,40,2012,w
8606048,"Wu, Sibo",CHN,M,,FI,,2133,AUG25,0,20,1995,i
8642044,"Wu, Sinian",CHN,F,,,,1617,AUG25,0,40,2014,w
8618615,"Wu, Wenda",CHN,M,,,,1815,AUG25,0,20,2004,i
8631379,"Wu, Yinan",CHN,M,,,,1953,AUG25,0,40,2012,
8639906,"Wu, Yiting",CHN,F,,,,1786,AUG25,8,40,2013,w
8625387,"Wu, Yixing",CHN,M,IM,,,2327,AUG25,1,20,2007,
8643075,"Wu, Yufei",CHN,F,,,,1556,AUG25,8,40,2009,w
8614687,"Wu, Ziyang",CHN,M,,,,1732,AUG25,0,20,2004,i
8618623,"Xi, Qi",CHN,M,,,,2296,AUG25,11,20,2003,
8653755,"Xia, Jinnan",CHN,M,,,,1842,AUG25,7,40,2013,
8639582,"Xia, Miaoyan",CHN,F,,,,1685,AUG25,8,40,2012,w
8607621,"Xian, Junhao",CHN,M,,,,2065,AUG25,0,20,1996,i
8608547,"Xiang, Zeyu",CHN,M,IM,,,2335,AUG25,0,20,1999,i
8645337,"Xiao, Baijing",CHN,F,,,,1473,AUG25,5,40,2011,w
8627851,"Xiao, Jiewen",CHN,M,,,,1914,AUG25,0,20,2006,i
8609160,"Xiao, Junyuan",CHN,M,,,,2081,AUG25,0,20,1998,i
8649286,"Xiao, Ruhan",CHN,M,,,,1669,AUG25,4,40,2012,
8622388,"Xiao, Tong(QD)",CHN,M,GM,,,2414,AUG25,3,10,2008,
8606161,"Xiao, Yiyi",CHN,F,WGM,WGM,,2207,AUG25,0,20,1996,w
8650802,"Xiao, Zijun",CHN,M,,,,1679,AUG25,6,40,2013,
8637750,"Xie, Chujun",CHN,M,,,,1825,AUG25,0,40,2011,
8619107,"Xie, Kaifan",CHN,M,IM,,,2300,AUG25,2,20,2008,
8680590,"Xie, Xinao",CHN,M,,,,1500,AUG25,5,40,2014,
8653798,"Xie, Yuchen",CHN,M,,,,1468,AUG25,8,40,2010,
8653771,"Xie, Yuyang",CHN,M,,,,1739,AUG25,6,40,2013,
8625484,"Xiong, Junyi",CHN,M,,,,1739,AUG25,0,40,2009,i
8613478,"Xiong, Yinian",CHN,F,,,,1699,AUG25,0,20,2005,wi
8617970,"Xiong, Youcheng",CHN,M,,,,1792,AUG25,0,20,2006,i
8603693,"Xiu, Deshun",CHN,M,GM,,,2439,AUG25,0,10,1989,i
8641757,"Xu, Chang(CQ)",CHN,M,,,,1840,AUG25,0,40,2010,i
8606099,"Xu, Fei",CHN,F,,,,1976,AUG25,0,20,1990,wi
8604096,"Xu, Huahua",CHN,F,WIM,WIM,FA,2129,AUG25,0,20,1994,wi
8617953,"Xu, Jihan",CHN,M,,,,1704,AUG25,0,40,2008,i
8611130,"Xu, Junwei",CHN,M,,,,2309,AUG25,0,20,2004,
8606790,"Xu, Minghui",CHN,M,IM,,,2253,AUG25,0,20,1999,
8629269,"Xu, Pengmo",CHN,M,,,,2075,AUG25,0,40,2008,
8653801,"Xu, Sinan",CHN,M,,,,1766,AUG25,8,40,2012,
8608288,"Xu, Xiangyu",CHN,M,GM,,,2544,AUG25,2,10,1999,
8624780,"Xu, Yang",CHN,M,,,,2159,AUG25,0,20,1989,i
5800781,"Xu, Yaping",CHN,F,,SI,,2022,AUG25,0,20,1965,wi
8605564,"Xu, Yi",CHN,M,GM,,,2458,AUG25,6,10,1998,
8627410,"Xu, Yiming",CHN,M,,,,1896,AUG25,0,20,2003,
8604940,"Xu, Yinglun",CHN,M,GM,FT,,2537,AUG25,2,10,1996,
8601089,"Xu, Yuanyuan",CHN,F,WGM,WGM,,2281,AUG25,0,20,1981,wi
8614466,"Xu, Yuze",CHN,F,WFM,WFM,,2027,AUG25,0,20,2004,wi
8611572,"Xu, Zhihang",CHN,M,IM,,,2404,AUG25,0,10,2001,i
331110418,"Xu, Zhiqin",CHN,M,,,,1642,AUG25,0,40,2008,i
63100630,"Xu, Ziyuan",CHN,M,,,,2088,AUG25,54,40,2008,
8626464,"Xue, Fanli",CHN,M,,,,1635,AUG25,0,20,2006,i
8625492,"Xue, Haowen",CHN,M,GM,,,2416,AUG25,6,10,2008,
8626480,"Xue, Tianhao",CHN,F,WFM,WFM,,1753,AUG25,11,40,2013,w
8648603,"Yan, Shaodong",CHN,M,,,,1675,AUG25,0,20,1998,
8615250,"Yan, Tianqi",CHN,F,WIM,WIM,,2118,AUG25,0,20,2002,w
8618658,"Yan, Xile",CHN,M,,,,1656,AUG25,0,40,2007,i
8626499,"Yan, Yi",CHN,M,,,,1458,AUG25,0,40,2007,i
8647518,"Yang, Chengyou",CHN,M,,,,1625,AUG25,0,40,2014,i
8602948,"Yang, Hainan",CHN,M,IM,FT,,2357,AUG25,0,10,1989,i
8623899,"Yang, Jingsen",CHN,M,,,,1675,AUG25,0,40,2007,i
8624348,"Yang, Junchi",CHN,M,,,,1605,AUG25,0,20,2006,i
8654085,"Yang, Le",CHN,F,,,,1694,AUG25,40,40,2012,w
8603758,"Yang, Qindong",CHN,M,,,,2136,AUG25,0,20,1996,
8674019,"Yang, Shunying",CHN,F,,,,1554,AUG25,5,40,2014,w
8631166,"Yang, Siyuan",CHN,M,,,,1835,AUG25,0,40,2009,
8623155,"Yang, Ximing",CHN,F,,,,1683,AUG25,0,20,2005,w
8659850,"Yang, Xingrui",CHN,M,,,,1582,AUG25,7,40,2014,
8608601,"Yang, Yijing",CHN,F,WCM,WCM,,1952,AUG25,0,20,2001,w
8640947,"Yang, Zhe",CHN,F,,,,1503,AUG25,0,40,2011,wi
331059530,"Yang, Zibai",CHN,M,,,,1595,AUG25,0,40,2009,i
8615624,"Yang, Zicheng",CHN,M,,,,1675,AUG25,0,20,2004,i
8641528,"Yang, ZiLong",CHN,M,FM,,,2092,AUG25,0,40,2012,
8625441,"Yao, Jingyu",CHN,M,,,,1614,AUG25,0,40,2008,i
8630291,"Yao, Weibo",CHN,F,,,,1527,AUG25,0,40,2009,wi
8661138,"Yao, Yichen",CHN,M,,,,1671,AUG25,6,40,2014,
8626049,"Yao, Yifei",CHN,F,,,,1492,AUG25,0,40,2008,wi
8611157,"Yao, Yuan",CHN,M,,,,2015,AUG25,0,20,1989,i
8630305,"Yao, Zihan",CHN,M,,,,1700,AUG25,0,40,2007,i
8600015,"Ye, Rongguang",CHN,M,GM,,,2361,AUG25,0,10,1963,i
8642877,"Yelipan, Aliken",CHN,M,,,,1513,AUG25,0,20,1996,i
8649120,"Yi, Ruiyu",CHN,F,,,,1558,AUG25,0,40,2015,w
8669899,"Yi, Zeyang",CHN,M,,,,1573,AUG25,7,40,2015,
8650497,Yibule,CHN,M,,,,1602,AUG25,0,40,2011,
8640483,"Yin, Zijun",CHN,M,,,,1559,AUG25,6,40,2012,
8622663,"Yu, Bo",CHN,M,,,,1791,AUG25,0,20,1985,i
331105454,"Yu, Changhao",CHN,M,,,,2037,AUG25,11,20,2001,
8608555,"Yu, Chaojie",CHN,M,,,,2181,AUG25,0,20,1995,i
8619174,"Yu, Dongqi",CHN,M,,,,1653,AUG25,0,20,2003,i
8609667,"Yu, Kaifeng",CHN,M,FM,,,2244,AUG25,0,20,2003,i
8603090,"Yu, Ruiyuan",CHN,M,GM,,,2486,AUG25,0,10,1991,i
8600660,"Yu, Shaoteng",CHN,M,GM,,,2502,AUG25,0,10,1979,i
8647674,"Yu, Sicheng",CHN,M,,,,1619,AUG25,0,40,2012,i
8603820,"Yu, Yangyi",CHN,M,GM,,,2706,AUG25,7,10,1994,
8609861,"Yu, Yangyi",CHN,M,,,,2544,AUG25,0,10,1988,i
8628165,"Yu, Yanming",CHN,M,,,,1753,AUG25,7,40,2009,
8640335,"Yu, Yaochen",CHN,F,WFM,WFM,,1841,AUG25,0,40,2008,wi
8625689,"Yu, Yifan",CHN,F,,,,1571,AUG25,0,20,2006,wi
8647453,"Yu, Yiqi",CHN,M,,,,1502,AUG25,0,40,2013,
8641340,"Yu, Yuexi",CHN,F,,,,1958,AUG25,0,40,2008,w
8649138,"Yu, Zechen",CHN,M,,,,1891,AUG25,0,40,2014,
8641064,"Yu, Zhenghuan",CHN,M,,,,1733,AUG25,0,40,2007,
8643776,"Yu, Zhongbo",CHN,M,,,,ACM,AUG25,1568,0,2016,i
8625670,"Yu, Zili",CHN,M,,,,1564,AUG25,0,40,2007,i
8657092,"Yu, Zixiao",CHN,M,,,,1546,AUG25,0,40,2016,
8631468,"Yu, Ziyue",CHN,M,,,,1506,AUG25,0,40,2011,i
8641668,"Yu,Shi",CHN,M,,,,1899,AUG25,0,40,2011,
8609772,"Yuan, Qingyu",CHN,M,,,,AGM,AUG25,2379,0,1996,
8649464,"Yuan, Shunzhe",CHN,M,,,,1727,AUG25,7,40,2015,
8608415,"Yuan, Ye",CHN,F,,,,2201,AUG25,0,20,2000,wi
8619190,"Yue, Jiongchen",CHN,M,,,,1671,AUG25,0,40,2007,i
8673080,"Yue, Shenhai",CHN,M,,,,1450,AUG25,6,40,2015,
8626030,"Zang, Xingyi",CHN,F,,,,1594,AUG25,0,40,2008,wi
8603847,"Zeng, Chongsheng",CHN,M,GM,,,2481,AUG25,0,10,1993,
8614407,"Zeng, Lingqi",CHN,M,,,,1867,AUG25,0,20,2001,i
8655405,"Zeng, Lingqi(GD)",CHN,M,,,,1821,AUG25,0,20,2001,
8645914,"Zeng, Yimin",CHN,M,,,,1601,AUG25,4,40,2011,
8673187,"Zeng, Yishen",CHN,M,,,,1522,AUG25,5,40,2012,
8658137,"Zeng, Zhijia",CHN,F,,,,1419,AUG25,0,40,2013,wi
8666202,"Zha, Haoyun",CHN,M,,,,1534,AUG25,8,40,2012,
8600201,"Zhai, Mo",CHN,F,WGM,WGM,,2314,AUG25,0,10,1996,w
8635056,"Zhang, Bohan",CHN,F,,,,1648,AUG25,0,40,2011,wi
8654417,"Zhang, Boqin",CHN,M,,,,1583,AUG25,9,40,2012,
3244571,"Zhang, Chenghan",CHN,M,,,,1917,AUG25,0,20,2006,i
8657998,"Zhang, Deyun",CHN,M,,,,1597,AUG25,0,40,2014,
8616590,"Zhang, Di",CHN,M,,,,2196,AUG25,0,40,2007,
8616493,"Zhang, Fuhan",CHN,M,,,,2072,AUG25,0,20,2004,i
8638071,"Zhang, Haixin",CHN,M,,,,1727,AUG25,0,40,2009,i
8638993,"Zhang, Hanrui",CHN,M,,,,1491,AUG25,6,40,2009,
8641552,"Zhang, Haoxuan",CHN,M,,,,2015,AUG25,0,40,2013,
8643172,"Zhang, Haoxuan(ZJ)",CHN,M,,,,2043,AUG25,8,40,2012,
8640980,"Zhang, Hongya",CHN,M,,,,1888,AUG25,8,40,2014,
8606560,"Zhang, Jiabao",CHN,M,,,,2134,AUG25,0,20,1998,i
8662401,"Zhang, Jiachen(GD)",CHN,M,,,,1546,AUG25,1,40,2013,
8640777,"Zhang, Jiakun",CHN,M,,,,1574,AUG25,0,40,2010,i
8655103,"Zhang, Jianning",CHN,F,,,,1664,AUG25,0,40,2014,w
8624364,"Zhang, Jing(NMG)",CHN,M,,,,1420,AUG25,0,20,2004,i
8624372,"Zhang, Jinghan",CHN,M,,,,1627,AUG25,0,20,2006,i
8620784,"Zhang, Keyu",CHN,M,,,,1655,AUG25,0,40,2007,i
8608032,"Zhang, Lanlin",CHN,F,WIM,WIM,,2214,AUG25,0,20,1999,w
8662223,"Zhang, Lingjun",CHN,M,,,,1453,AUG25,0,40,2017,
8646163,"Zhang, Mingen",CHN,F,,,,1510,AUG25,9,40,2009,w
8600970,"Zhang, Pengxiang",CHN,M,GM,,,2566,AUG25,0,10,1980,
8625433,"Zhang, Qijie",CHN,M,,,,1564,AUG25,0,40,2009,i
8647577,"Zhang, Qili",CHN,M,,,,1525,AUG25,0,40,2010,i
8625425,"Zhang, Rongyu",CHN,F,,,,1590,AUG25,0,20,2006,wi
8645264,"Zhang, Ruijia",CHN,M,,,,1916,AUG25,0,20,2003,
8646660,"Zhang, Wenzhao",CHN,M,,,,1529,AUG25,0,40,2009,i
8610894,"Zhang, Xiao",CHN,F,WIM,WIM,,2019,AUG25,0,20,2003,w
8604037,"Zhang, Xiaopeng",CHN,M,FM,,,2315,AUG25,0,20,1993,i
8603219,"Zhang, Xiaowen",CHN,F,WGM,WGM,,2265,AUG25,0,20,1989,wi
8625476,"Zhang, Xican",CHN,M,,,,1712,AUG25,0,40,2010,i
8603235,"Zhang, Xuan",CHN,M,FM,,,2243,AUG25,0,20,1986,i
8632561,"Zhang, Xujia",CHN,M,,,,1586,AUG25,8,40,2012,
8656380,"Zhang, Yangming",CHN,M,,,,1645,AUG25,6,40,2016,
8617740,"Zhang, Yifan(A)",CHN,M,,,,1977,AUG25,0,20,2004,i
8643571,"Zhang, Yixin(JS)",CHN,M,,,,1680,AUG25,8,40,2012,
8657106,"Zhang, Youyu",CHN,M,,,,1615,AUG25,0,40,2017,
8630925,"Zhang, Yuanxiao",CHN,M,,,,1720,AUG25,0,40,2009,i
8635706,"Zhang, Yuchen",CHN,M,,,,1758,AUG25,0,40,2011,i
8658897,"Zhang, Yuzhe",CHN,M,,,,ACM,AUG25,1518,0,2001,
8674582,"Zhang, Zhengxuan",CHN,M,,,,1548,AUG25,7,40,2017,
8618399,"Zhang, Zhi",CHN,M,,,,1929,AUG25,0,40,2008,i
8647615,"Zhang, Zhirui",CHN,M,,,,1702,AUG25,14,40,2015,
8600694,"Zhang, Zhong",CHN,M,GM,,,2535,AUG25,0,10,1978,i
8609470,"Zhang, Ziji",CHN,M,IM,,,2339,AUG25,0,20,1996,i
8611513,"Zhao, Chenxi",CHN,M,IM,,,2308,AUG25,0,20,2002,i
8659877,"Zhao, Hongyu",CHN,M,,,,1621,AUG25,6,40,2016,
8602522,"Zhao, Jun",CHN,M,GM,FT,,2547,AUG25,0,10,1986,i
8609489,"Zhao, Juncheng",CHN,M,,,,1975,AUG25,0,20,2000,i
8649766,"Zhao, Liming",CHN,M,,,,1964,AUG25,0,40,2013,
8608040,"Zhao, Shengxin",CHN,F,WFM,WFM,,2109,AUG25,0,20,2001,w
8641226,"Zhao, Shuxing",CHN,F,,,,1609,AUG25,0,40,2012,wi
8619867,"Zhao, Sidi",CHN,M,,,,1545,AUG25,0,20,2003,i
8661162,"Zhao, Sihan",CHN,M,,,,1651,AUG25,0,40,2013,
8641072,"Zhao, Xu",CHN,M,,,,1615,AUG25,7,40,2013,
8601283,"Zhao, Xue",CHN,F,GM,WGM,,2383,AUG25,0,10,1985,w
8620040,"Zhao, Yihan",CHN,M,,,,1986,AUG25,0,20,2005,i
8609497,"Zhao, Yuanhe",CHN,M,IM,,,2356,AUG25,3,10,2000,
8626260,"Zhao, Yunqing",CHN,F,WIM,WIM,,1951,AUG25,0,40,2010,w
8625913,"Zhao, Zhihan",CHN,M,,,,1777,AUG25,0,20,2006,i
8608342,"Zhao, Zhouqiao",CHN,M,FM,,,2247,AUG25,0,20,1994,i
8658757,"Zheng, Leran",CHN,M,,,,AIM,AUG25,1769,9,2010,
8644438,"Zheng, Qin",CHN,M,,,,1523,AUG25,0,40,2012,i
8642540,"Zheng, Qingyu",CHN,F,,,,1646,AUG25,0,40,2012,wi
8662622,"Zheng, Yanchen",CHN,M,,,,1731,AUG25,8,20,2005,
8649707,"Zheng, Yijin",CHN,F,,,,1632,AUG25,1,40,2015,w
8635862,"Zhi, Jingyi",CHN,F,,,,1608,AUG25,7,40,2009,w
8618887,"Zhong, Kangmin",CHN,M,FM,,,2147,AUG25,11,20,2004,
8640378,"Zhong, Taoyu",CHN,M,,,,1755,AUG25,0,40,2010,
8617066,Zhou Shujun,CHN,F,,,,1822,AUG25,0,20,2004,wi
8656568,"Zhou, Chen(GD)",CHN,M,,,,1499,AUG25,1,40,2013,
8660166,"Zhou, Chuanyi",CHN,M,,,,1962,AUG25,8,40,2016,
8602905,"Zhou, Guijue",CHN,F,WIM,WIM,NA,2114,AUG25,0,20,1985,w
8647526,"Zhou, Guoyu",CHN,M,,,,1939,AUG25,9,40,2014,
8621063,"Zhou, Haocheng",CHN,M,,,,1839,AUG25,0,20,2004,i
8657793,"Zhou, Mingyu",CHN,M,,,,1521,AUG25,5,40,2011,
8632120,"Zhou, Minyang",CHN,M,,,,1510,AUG25,0,40,2012,
8656754,"Zhou, Ruihao",CHN,M,,,,1666,AUG25,0,40,2014,i
8623325,"Zhou, Runyi",CHN,M,,,,2301,AUG25,0,20,2007,
8622116,"Zhou, Shumeng",CHN,F,,,,1786,AUG25,0,40,2008,w
8664170,"Zhou, Siyuan",CHN,M,,,,1674,AUG25,7,40,2015,
8652880,"Zhou, Weifan",CHN,M,,,,1802,AUG25,0,40,2012,i
8601674,"Zhou, Weiqi",CHN,M,GM,,,2590,AUG25,0,10,1986,i
8624461,"Zhou, Xiangru",CHN,M,CM,,,1678,AUG25,0,40,2007,i
8620822,"Zhou, Xin",CHN,M,,,,1998,AUG25,0,20,2003,i
8635366,"Zhou, Yichen",CHN,M,,,,1969,AUG25,0,40,2009,
8625468,"Zhou, Yikuan",CHN,M,,,,1688,AUG25,0,40,2007,i
8620482,"Zhou, Yunliang",CHN,M,,,,1648,AUG25,0,20,2001,i
8626421,"Zhou, Yuxu",CHN,M,CM,,,2112,AUG25,0,40,2010,
8648077,"Zhou, Zilin",CHN,M,,,,1467,AUG25,0,40,2013,i
8610975,"Zhou, Zirun",CHN,F,,,,2099,AUG25,0,20,0,wi
8628645,"Zhou, Zitong",CHN,F,,,,1593,AUG25,0,40,2007,wi
8649219,"Zhu, Chunxi",CHN,F,,,,1729,AUG25,6,40,2016,w
8626286,"Zhu, Guancheng",CHN,M,,,,1627,AUG25,0,40,2008,i
8611211,"Zhu, Hengyi",CHN,M,,,,2149,AUG25,0,20,2004,i
8647968,"Zhu, Jiahe",CHN,F,,,,1596,AUG25,2,40,2017,w
8608059,"Zhu, Jiner",CHN,F,GM,WGM,,2425,AUG25,0,10,2002,w
8624607,"Zhu, Kunyi",CHN,M,,,,1741,AUG25,0,20,1995,i
8622841,"Zhu, Wenhui",CHN,F,,,,1579,AUG25,0,20,2005,wi
8607435,"Zhu, Yi",CHN,M,FM,,,2218,AUG25,0,20,2001,i
8609292,"Zhu, Yilun",CHN,M,,,,2208,AUG25,0,20,1992,i
8604770,"Zhu, Ying",CHN,F,,,,1999,AUG25,0,20,1994,wi
8658005,"Zhu, Yunyang",CHN,M,,,,1503,AUG25,5,40,2014,
8674027,"Zhu, Yuyang",CHN,M,,,,1525,AUG25,7,40,2015,
8647801,"Zhu, Zile",CHN,F,,,,1679,AUG25,0,20,2005,wi
260290,"Zhu, Zimo",CHN,M,,,,1627,AUG25,0,40,2011,i
8625697,"Zhuo, Zhihan",CHN,F,,,,1502,AUG25,0,20,2006,wi
8626022,"Zong, Shaolei",CHN,M,,,,1659,AUG25,0,40,2009,i
8610959,"Zou, Chen",CHN,M,IM,,,2337,AUG25,0,20,2001,i
8608202,"Zou, Xinyi",CHN,F,,,,1764,AUG25,0,20,2001,wi
8641447,"Zuo, Junyu",CHN,M,,,,2034,AUG25,9,40,2014,
8614610,"Zuo, Yifan",CHN,M,CM,,,2256,AUG25,0,20,2005,
8654786,"Zuo, Yifeng",CHN,M,,,,1401,AUG25,0,40,2017,