ID Number,Name,Fed,Sex,Title,WTit,OTit,Rating,Gms,K,RatingMonth,B-day,Flag
8616779,"Bai, Changlin",CHN,M,,,,1900,0,40,SEP25,2007,i
8602280,"Bai, Jinshi",CHN,M,GM,,,2537,0,10,SEP25,1999,
8647445,"Bai, Moxuan",CHN,M,,,,1773,10,40,SEP25,2015,
8608717,"Bai, Xue",CHN,F,,,,2070,0,20,SEP25,2003,w
8605750,"Bao, Qilin",CHN,M,IM,,,2320,0,20,SEP25,1993,i
8641730,"Bei, Er",CHN,M,,,,1820,8,20,SEP25,2006,
8601445,"Bu, Xiangzhi",CHN,M,GM,,,2715,0,10,SEP25,1985,
8616930,Cai Youyang,CHN,F,,,,1971,0,20,SEP25,2004,wi
8614318,"Cai, Boheng",CHN,F,WFM,WFM,,1846,0,20,SEP25,2005,wi
8618402,"Cai, Chaoruo",CHN,M,CM,NA,,2109,0,20,SEP25,1986,i
8604312,"Cai, Jiaying",CHN,F,,,,2104,0,20,SEP25,1992,wi
8619522,"Cai, Jinru",CHN,F,,,,1748,0,20,SEP25,2006,wi
8657041,"Cai, Qingmu",CHN,F,,,,1594,0,40,SEP25,2014,wi
8635005,"Cai, Shibang",CHN,M,,,,1525,0,40,SEP25,2008,i
8620989,"Cai, Ying",CHN,F,,,,1821,0,20,SEP25,1974,w
8618364,"Cai, Yulun",CHN,M,,,,1737,0,20,SEP25,2006,i
8652120,"Cao, Ban",CHN,M,,,,1855,0,40,SEP25,2013,
8643539,"Cao, Jiahui",CHN,F,,,,1620,0,40,SEP25,2010,w
8627568,"Cao, Qingfeng",CHN,M,IM,,,2257,18,20,SEP25,2008,
8655669,"Cao, Yusen",CHN,M,,,,1668,0,40,SEP25,2010,
8658056,"Cha, Ersen",CHN,M,,,,1541,0,40,SEP25,2012,i
8616329,Chen Xinyue,CHN,F,,,,1767,0,20,SEP25,2004,wi
8650187,"Chen, Anqi",CHN,F,,,,1413,0,40,SEP25,2010,w
8655677,"Chen, Baize",CHN,M,,,,1631,0,40,SEP25,2011,i
8600767,"Chen, Fan",CHN,M,FM,,,2288,0,20,SEP25,1971,i
8647887,"Chen, Hao(GD)",CHN,M,,SI,,1632,4,20,SEP25,2000,
8625450,"Chen, Hongsen",CHN,M,IM,,,1864,0,20,SEP25,2006,
8647402,"Chen, Jiacheng",CHN,M,,,,1540,0,40,SEP25,2011,i
8655243,"Chen, Junda",CHN,M,,,,1639,0,40,SEP25,2007,i
8625620,"Chen, Junze",CHN,M,,,,1489,0,40,SEP25,2009,i
8620954,"Chen, KaiLin",CHN,M,FM,,,2091,0,40,SEP25,2007,
8646627,"Chen, Lexing",CHN,M,,,,1659,0,40,SEP25,2011,i
8644233,"Chen, Linfeng",CHN,M,,,,1409,0,40,SEP25,2013,i
8627967,"Chen, lvheng",CHN,M,,,,1907,0,20,SEP25,2005,i
8618151,"Chen, Minghao",CHN,M,,,,1910,0,20,SEP25,1996,i
8626073,"Chen, Muxi",CHN,M,,,,2020,0,40,SEP25,2011,
8620814,"Chen, Muye",CHN,M,CM,,,1792,0,40,SEP25,2008,i
8625638,"Chen, Ningze",CHN,M,,,,1547,0,40,SEP25,2009,i
8603863,"Chen, Peng",CHN,M,IM,FT,,2373,0,10,SEP25,1994,
8614733,"Chen, Qi b",CHN,M,IM,,,2411,0,10,SEP25,2000,
8620350,"Chen, Qianru",CHN,F,,,,1565,0,20,SEP25,2006,wi
8650098,"Chen, Qinran",CHN,F,,,,1537,0,40,SEP25,2016,w
8657050,"Chen, Sihan(SH)",CHN,F,,,,1572,0,40,SEP25,2013,wi
8647399,"Chen, Tianwen",CHN,M,,,,1669,0,40,SEP25,2016,
8637601,"Chen, Wanyu",CHN,F,,,,1518,0,40,SEP25,2009,wi
8655693,"Chen, Xianlin",CHN,M,,,,1946,0,40,SEP25,2014,
8626383,"Chen, Xin",CHN,M,,,,1761,0,20,SEP25,2004,i
8602360,"Chen, Yang",CHN,M,,,,2113,0,20,SEP25,1990,i
8671966,"Chen, Yian(Sh)",CHN,F,,,,1640,0,40,SEP25,2013,w
8620946,"Chen, Yining",CHN,F,FM,WIM,,2146,0,40,SEP25,2009,w
8618860,"Chen, Yuan",CHN,M,,,,2161,0,40,SEP25,2007,
8623341,"Chen, Yumeng",CHN,F,,,,1654,0,20,SEP25,2006,wi
8628068,"Chen, Yunqi",CHN,F,,,,1775,6,20,SEP25,2006,w
8662916,"Chen, Yunyang",CHN,F,,,,1629,0,40,SEP25,2017,w
8674140,"Chen, Yuxuan(GD)",CHN,M,,,,1740,8,40,SEP25,2014,
8645957,"Chen, Zhe(GD)",CHN,M,,,,1901,9,20,SEP25,2003,
8618739,"Chen, Zhenze",CHN,M,,,,1432,0,40,SEP25,2010,i
8619549,"Chen, Zhi",CHN,M,,,,2120,0,40,SEP25,2007,
8655081,"Chen, Zhihan",CHN,F,WCM,WCM,,1675,0,40,SEP25,2016,w
8624470,"Chen, Zhiyuan",CHN,M,,,,1751,0,40,SEP25,2010,i
8640432,"Chen, Zimu(JS)",CHN,M,,,,1944,0,40,SEP25,2011,i
8616426,"Chen,Zihang",CHN,M,,,,1720,0,40,SEP25,2007,i
8643482,"Cheng, Gongpu",CHN,M,,,,1829,0,40,SEP25,2011,
8642869,"Cheng, Zihan",CHN,M,,,,1939,0,40,SEP25,2010,i
8616485,"Chi, Yi",CHN,M,,,,1918,0,20,SEP25,2002,i
8610061,"Chu, Jiamin",CHN,M,CM,,,2138,0,20,SEP25,1993,
8605653,"Chu, Ruotong",CHN,F,WIM,WIM,,2102,0,20,SEP25,2001,w
8605661,"Chu, Weichao",CHN,M,IM,,,2323,0,20,SEP25,1996,
8633444,"Cong, Dingzhou",CHN,M,FM,,,1907,0,40,SEP25,2011,
8636915,"Cong, Ronggang",CHN,M,,,,1718,0,20,SEP25,1982,i
8631360,"Cui, Yiteng",CHN,M,,,,1662,0,40,SEP25,2010,i
8623988,"Cui, Youran",CHN,F,,,,1528,0,40,SEP25,2009,wi
8608156,"Dai, Changren",CHN,M,GM,,,2429,0,10,SEP25,1999,
8608369,"Dai, Wenzhi",CHN,M,,,,1904,0,20,SEP25,2001,
8627878,"Deng, Haoyou",CHN,M,,,,1660,0,20,SEP25,1999,
8629110,"Deng, Liang",CHN,M,,,,1744,8,20,SEP25,1987,
8640572,"Deng, Mingtong",CHN,F,,,,1601,0,40,SEP25,2013,w
8614369,"Deng, Tianle",CHN,M,,,,2071,0,20,SEP25,2003,i
8647690,"Ding, Aima",CHN,F,,,,1510,0,40,SEP25,2014,w
8609705,"Ding, Jie",CHN,M,,,,AIM,1531,0,SEP25,1968,i
8620431,"Ding, Jun",CHN,M,,,,1964,0,20,SEP25,1990,i
8603677,"Ding, Liren",CHN,M,GM,,,2757,0,10,SEP25,1992,
8618445,"Ding, Shirui",CHN,F,,,,1871,0,20,SEP25,2006,w
8621187,"Ding, Xingyi",CHN,F,,,,1554,0,40,SEP25,2010,wi
8602972,"Ding, Yixin",CHN,F,WGM,WGM,,2322,0,10,SEP25,1991,wi
8637407,"Ding, Yudan",CHN,F,,,,1706,0,20,SEP25,2005,wi
8652422,"Ding, Zhiyuan",CHN,M,,,,1886,0,40,SEP25,2013,
8624003,"Dong, Hanze",CHN,M,,,,1455,0,40,SEP25,2008,i
8626960,"Dong, Hongfu",CHN,M,,,,2272,18,40,SEP25,2010,
8610274,"Dong, Nanxi",CHN,F,,,,1850,8,20,SEP25,0,w
8619573,"Dong, Yanbei",CHN,F,,,,1402,0,40,SEP25,2007,wi
8632596,"Dou, Zhi",CHN,M,,,,1558,0,40,SEP25,2010,i
8621268,"Du, Chunhui",CHN,M,FM,FI,,2273,0,20,SEP25,1987,
8665923,"Du, Fuzi",CHN,F,,,,1443,0,40,SEP25,2016,w
8610282,"Du, Yuxin",CHN,F,,,,2002,0,20,SEP25,2001,w
8635145,"Enhe, Naqing",CHN,M,,,,1508,0,40,SEP25,2012,i
8654794,"Fan, Boren",CHN,M,,,,1710,0,40,SEP25,2011,
8639809,"Fan, Jingyi",CHN,M,,,,2068,0,40,SEP25,2009,i
8640386,"Fan, Jinxuan",CHN,M,,,,1750,10,40,SEP25,2012,
8641536,"Fan, Shuhan",CHN,F,,,,1682,7,40,SEP25,2014,w
8647542,"Fan, Sizhuo",CHN,M,,,,1710,0,40,SEP25,2010,
8643032,"Fan, Yupan",CHN,M,,,,1595,5,40,SEP25,2012,
8619590,"Fan, Zhiming",CHN,M,,,,1528,0,20,SEP25,2004,i
8637024,"Fang, Sun",CHN,M,,,,1762,0,20,SEP25,1999,
8638845,"Fang, Tianyang",CHN,M,,,,1580,0,40,SEP25,2009,
8604746,"Fang, Yan",CHN,M,IM,FI,,2341,0,20,SEP25,1996,i
8605840,"Fang, Yuxiang",CHN,M,GM,,,2467,0,10,SEP25,1996,i
8628416,"Feng, Jiayi",CHN,M,,,,1594,0,40,SEP25,2009,i
8614741,"Feng, Jieming",CHN,M,,,,1624,0,20,SEP25,2005,i
8641110,"Feng, Kuixiu",CHN,M,,,,1911,7,40,SEP25,2014,
8614911,"Feng, Xuan",CHN,M,,,,1855,0,20,SEP25,2003,i
8624046,"Feng, Yiming",CHN,M,,,,1679,0,20,SEP25,2005,i
8624054,"Feng, Yuanbo",CHN,M,,,,1756,0,40,SEP25,2010,i
8608105,"Fu, Yuting",CHN,F,,,,1856,8,20,SEP25,1997,w
8618178,"Gang, Taoga",CHN,M,,,,1872,0,20,SEP25,1989,i
8608873,"Gao, Hanxue",CHN,F,,,,1872,0,20,SEP25,2001,wi
8607770,"Gao, Kai",CHN,M,,,,1987,0,20,SEP25,2001,
8615411,"Gao, Linhao",CHN,M,,,,1875,0,20,SEP25,2004,i
8635889,"Gao, Muziyan",CHN,F,WIM,WIM,,2027,0,40,SEP25,2011,w
8602387,"Gao, Rui",CHN,M,GM,,,2475,0,10,SEP25,1992,i
8649057,"Gao, Ruoya",CHN,F,WCM,WCM,,1891,0,40,SEP25,2015,w
8609926,"Gao, Yuheng",CHN,M,,,,1743,0,20,SEP25,2005,i
8645841,"Ge, Yixuan",CHN,F,,,,1519,0,40,SEP25,2010,wi
8647798,"Geng, Jiayi",CHN,M,,,,1943,0,20,SEP25,2001,
8640688,"Gong, Bonuonuo",CHN,M,,,,1727,7,40,SEP25,2011,
8662584,"Gong, Jian",CHN,M,,,,1475,5,20,SEP25,1979,
8614563,"Gong, Qiming",CHN,M,,,,AIM,1782,0,SEP25,2004,i
8621500,"Gong, Sunjia",CHN,M,,,,1752,0,40,SEP25,2007,i
8620229,"Gong, Sunle",CHN,M,IM,,,2380,0,20,SEP25,2009,
8648280,"Gong, Yiming",CHN,M,,,,1951,0,40,SEP25,2012,
8614954,"Gu, Jiazhen",CHN,M,,,,1993,0,20,SEP25,2004,i
8658250,"Gu, Jingrui",CHN,M,,,,1790,0,40,SEP25,2016,i
8660344,"Gu, Peizhi",CHN,M,,,,1720,0,40,SEP25,2016,
8603995,"Gu, Tianlu",CHN,F,WIM,WIM,,2161,0,20,SEP25,1997,wi
8622680,"Gu, Xianghan",CHN,M,,,,1899,0,20,SEP25,2006,i
8602611,"Gu, Xiaobing",CHN,F,WGM,WGM,,2181,0,20,SEP25,1985,wi
8638810,"Guo, Hanxi",CHN,F,,,,1741,0,40,SEP25,2011,wi
8604002,"Guo, Qi",CHN,F,IM,WGM,,2338,0,10,SEP25,1995,wi
8673470,"Guo, Shangwei",CHN,M,,,,1756,0,20,SEP25,1995,
8609640,"Guo, Shuo",CHN,F,,,,1909,0,20,SEP25,2001,wi
8643865,"Guo, Tailai",CHN,M,,,,1695,9,40,SEP25,2016,
8618720,"Guo, Xiao",CHN,M,,,,1793,0,40,SEP25,2007,i
8627479,"Guo, Youlin",CHN,M,,,,1449,0,40,SEP25,2008,i
8601143,"Guo, Yu",CHN,M,,,,2307,0,10,SEP25,0,i
8614962,"Guo, Yuhan",CHN,F,,,,1761,0,20,SEP25,2003,wi
8655090,"Guo, Ziming",CHN,M,,,,1777,0,40,SEP25,2016,
8617120,"Ha,Yihan",CHN,F,,,,1962,0,20,SEP25,2006,wi
8635161,"Hai, Ri",CHN,M,,,,1630,0,40,SEP25,2007,i
8648956,"Han, Nuoze",CHN,M,,,,1426,0,40,SEP25,2010,i
8621039,"Han, Zongrun",CHN,M,,,,1473,0,40,SEP25,2008,i
8650101,"Hao, Qingshi",CHN,M,,,,1702,0,40,SEP25,2015,
8620911,"He, Canzhou",CHN,M,,,,1804,0,40,SEP25,2007,i
8621004,"He, Jiacheng",CHN,M,,,,1441,0,40,SEP25,2008,i
8642427,"He, Junchen",CHN,M,,,,1906,0,20,SEP25,2002,
8640190,"He, Yi",CHN,F,,,,1618,0,40,SEP25,2010,wi
8613974,"He, Yichen",CHN,M,,,,1950,0,20,SEP25,2006,i
8621055,"He, Yuze",CHN,M,,,,1672,0,40,SEP25,2008,i
8642630,"He, Zirui",CHN,M,,,,1459,0,40,SEP25,2010,i
8655740,"He, Ziyu",CHN,F,,,,1813,0,40,SEP25,2011,w
8657823,"Hong, Liang",CHN,M,,,,1582,0,40,SEP25,2009,i
8641560,"Hong, Mingren",CHN,M,,,,2045,0,40,SEP25,2011,
8669201,"Hong, Ruomu",CHN,M,,,,1740,9,40,SEP25,2016,
8606129,"Hong, Xing",CHN,F,,FI,,2086,0,20,SEP25,1998,w
8602980,"Hou, Yifan",CHN,F,GM,WGM,,2519,0,10,SEP25,1994,w
8619492,"Hou, Yifan b",CHN,M,,,,2262,0,20,SEP25,2005,
8662258,"Hou, Ying",CHN,F,,,,1517,0,20,SEP25,1999,w
8624070,"Hou, Yixuan",CHN,M,,,,1604,0,40,SEP25,2010,i
8627029,"Hu, Delu",CHN,M,,,,1614,0,40,SEP25,2008,i
8663661,"Hu, Runchu",CHN,M,,,,1621,0,40,SEP25,2015,
8602557,"Hu, Xi",CHN,M,,,,2213,0,20,SEP25,1987,i
8609993,"Hu, Yu A.",CHN,F,,,,2045,0,20,SEP25,1999,w
8622795,"Hu, Zhening",CHN,M,,,,1995,0,40,SEP25,2007,
8656614,"Hu, Zixuan",CHN,M,,,,1606,9,40,SEP25,2015,
8615446,"Hu,Zhiheng",CHN,M,,,,2210,0,20,SEP25,1998,i
8657033,"Huan, Xiaoxiao",CHN,M,,,,1467,1,40,SEP25,2013,
8657025,"Huan, Yixiang",CHN,M,,,,1501,2,40,SEP25,2011,
8673950,"Huang, Huanwen",CHN,M,,,,1499,0,40,SEP25,2014,
8609535,"Huang, Mofei",CHN,F,,,,1975,0,20,SEP25,1999,wi
8602689,"Huang, Qian",CHN,F,WGM,WGM,,2316,0,10,SEP25,1986,w
8610134,"Huang, Renjie",CHN,M,,,,2374,0,20,SEP25,2004,
8605505,"Huang, Siyuan",CHN,M,,,,1986,0,20,SEP25,0,i
8650780,"Huang, Xiran",CHN,F,,,,1536,0,40,SEP25,2012,w
8650799,"Huang, Xizhan",CHN,M,,,,1620,0,40,SEP25,2015,
8618089,"Huang, Yake",CHN,M,,,,1988,0,20,SEP25,1986,i
8619484,"Huang, Yannuo",CHN,M,,,,1588,0,20,SEP25,2005,i
8655766,"Huang, Yiduo",CHN,M,,,,1674,0,40,SEP25,2014,
8621543,"Huang, Yishi",CHN,M,CM,,,1735,0,40,SEP25,2008,i
8655324,"Huang, Zixin",CHN,F,,,,1622,0,40,SEP25,2015,w
8612919,"Huang, Zixiu",CHN,M,,,,1951,0,20,SEP25,0,i
8634831,"Huang, Ziyi",CHN,M,,,,1814,0,40,SEP25,2009,i
8634947,"Huang, Ziyu",CHN,F,,,,1747,0,40,SEP25,2009,wi
8655464,"Hui, Chenhao",CHN,M,,,,1608,7,40,SEP25,2012,
8641404,"Ji, Linghui",CHN,M,,,,1778,9,40,SEP25,1994,
8653275,"Ji, Mingxuan",CHN,M,,,,1775,0,40,SEP25,2013,
8625719,"Jia, Huixian",CHN,F,,,,1419,0,20,SEP25,2006,wi
8673560,"Jia, Shouheng",CHN,M,,,,1527,0,40,SEP25,2015,
8655308,"Jia, Yixuan",CHN,M,,,,1621,0,40,SEP25,2012,
8647488,"Jiang, Aize",CHN,F,,,,1451,0,40,SEP25,2014,wi
8677310,"Jiang, Fuyan",CHN,M,,,,1636,0,40,SEP25,2017,
8631930,"Jiang, Haochen",CHN,M,IM,,,2496,0,10,SEP25,2011,
8673616,"Jiang, Kaixi",CHN,M,,,,1681,0,40,SEP25,2018,
8649596,"Jiang, Lechuan",CHN,M,,,,1718,0,40,SEP25,2015,
8640653,"Jiang, Liu",CHN,M,,,,2001,0,40,SEP25,2012,
8612927,"Jiang, Qinyu",CHN,M,,,,2073,0,20,SEP25,2005,i
8638381,"Jiang, Qiushuo",CHN,M,,,,1472,0,40,SEP25,2012,
8665460,"Jiang, Ruiqi",CHN,M,,,,1642,8,40,SEP25,2011,
8627215,"Jiang, Tianyu",CHN,F,,,,2183,0,40,SEP25,2010,w
8671028,"Jiang, Xintian",CHN,F,,,,1550,5,40,SEP25,2013,w
8647496,"Jiang, Yanze",CHN,M,,,,1440,0,40,SEP25,2015,i
8611050,"Jiang, Zhaoyi",CHN,F,WCM,WCM,FI,1945,0,20,SEP25,1999,wi
8653305,"Jiang, Zixian",CHN,F,,,,1589,0,40,SEP25,2013,w
8614490,"Jin, Haonan",CHN,M,,,,1556,0,40,SEP25,2007,i
8663696,"Jin, Haoyang",CHN,M,,,,1683,0,40,SEP25,2016,
8640491,"Jin, Hongtao",CHN,M,FM,,,2045,0,40,SEP25,2010,
8631409,"Jin, Yuchen",CHN,M,,,,1693,0,40,SEP25,2010,i
8616868,"Jin, Yueheng",CHN,M,IM,,,2054,0,40,SEP25,2008,
8673853,"Jin, Yuxin",CHN,M,,,,1741,0,40,SEP25,2018,
8669287,"Jin, Ziyi",CHN,M,,,,1586,0,40,SEP25,2015,
8619514,"Jing, Wenhang",CHN,M,,,,1783,0,20,SEP25,2006,i
8603006,"Ju, Wenjun",CHN,F,GM,WGM,,2489,0,10,SEP25,1991,w
8620318,"Kadeliding, Alimujiang",CHN,M,,,,1719,0,20,SEP25,1995,i
8627452,"Ke, Jingwen",CHN,M,,,,1543,0,20,SEP25,2006,i
8620849,"Kong, Jinghan",CHN,F,,,,1737,0,20,SEP25,2006,wi
8622167,"Kong, Weichao",CHN,M,,,,1539,0,40,SEP25,2007,i
8622175,"Kong, Weiran",CHN,M,,,,1641,0,40,SEP25,2007,i
8638241,"Kong, Xiangdong",CHN,M,,,,1822,0,20,SEP25,1995,i
8632200,"Kong, Xiangrui",CHN,M,,,,2477,0,10,SEP25,2009,
8600988,"Kuang, Yinghui",CHN,F,WIM,WIM,,2202,0,20,SEP25,1979,wi
8627860,"kuerban, kureyishi",CHN,M,,,,ACM,1758,0,SEP25,2004,i
8604193,"Lan, Zilun",CHN,M,,,,2261,0,20,SEP25,1995,
8605114,"Lei, Tingjie",CHN,F,GM,WGM,,2478,0,10,SEP25,1997,w
8650810,"Lei, Zihang",CHN,M,,,,1464,0,40,SEP25,2011,
8626200,"Leng, Siyan",CHN,M,,,,1729,0,20,SEP25,1990,i
8616299,Li Yihao,CHN,M,,,,1875,0,40,SEP25,2008,i
8620997,"Li, Ande",CHN,M,,,,1785,0,40,SEP25,2008,i
8602786,"Li, Bo",CHN,M,IM,,,2235,0,20,SEP25,1985,
8604436,"Li, Chao b",CHN,M,GM,,,2684,0,10,SEP25,1989,i
8672431,"Li, Chengfei",CHN,M,,,,1466,3,40,SEP25,2016,
8669511,"Li, Chengyue",CHN,M,,,,1714,0,40,SEP25,2015,
8622272,"Li, Deyang",CHN,M,,,,1872,0,20,SEP25,2006,i
8607508,"Li, Di",CHN,M,GM,,,2440,0,10,SEP25,1999,
8610371,"Li, Erze",CHN,M,,,,1974,0,20,SEP25,1998,i
8625603,"Li, Guocheng",CHN,M,,,,1650,0,40,SEP25,2009,i
8619999,"Li, Guohao",CHN,M,,,,2268,0,20,SEP25,2003,
8668949,"Li, Haoting",CHN,M,,,,1772,0,40,SEP25,2015,
8621195,"Li, Haotong",CHN,M,,,,1627,0,40,SEP25,2008,i
8656770,"Li, Haoyang(SH)",CHN,M,,,,1619,0,40,SEP25,2014,i
8621560,"Li, Haoyi",CHN,M,,,,1719,0,40,SEP25,2007,i
8602182,"Li, Hong",CHN,M,FM,,,2311,0,20,SEP25,1987,i
8624097,"Li, Huilin",CHN,F,,,,1556,0,20,SEP25,2005,wi
8630801,"Li, Jiahong",CHN,M,,,,1853,7,20,SEP25,2006,
8624100,"Li, Junhe",CHN,M,,,,1701,0,20,SEP25,2004,i
8654689,"Li, Junyi",CHN,M,,,,1771,0,20,SEP25,1999,i
8647550,"Li, Linyan",CHN,M,,,,1556,0,40,SEP25,2010,i
8676763,"Li, Mingkai",CHN,M,,,,1447,7,40,SEP25,2016,
8624127,"Li, Qiuchen",CHN,M,,,,1441,0,20,SEP25,2004,i
8642923,"Li, Ran",CHN,F,,,,1769,0,20,SEP25,2000,wi
8600643,"Li, Ruofan",CHN,F,IM,WGM,FT,2263,0,10,SEP25,1978,wi
8618712,"Li, Shanglin",CHN,M,,,,2247,0,40,SEP25,2008,i
1631454,"Li, Shenyue",CHN,F,,FI,,1980,0,20,SEP25,1997,wi
8676852,"Li, Shicheng",CHN,M,,,,1783,0,40,SEP25,2014,
8600678,"Li, Shilong",CHN,M,GM,,,2517,0,10,SEP25,1977,
8627134,"Li, Shutong",CHN,F,,,,1613,0,40,SEP25,2009,w
8647186,"Li, Sibei",CHN,F,,,,1621,0,40,SEP25,2009,wi
8638926,"Li, Sichen",CHN,M,,,,1867,0,40,SEP25,2011,i
8658439,"Li, Weilong",CHN,M,,,,1819,0,40,SEP25,2014,
8609748,"Li, Wenxiang",CHN,M,,,,2197,8,20,SEP25,2002,
8672814,"Li, Xiaopeng",CHN,M,,,,1931,9,40,SEP25,1981,
8677271,"Li, Ximing",CHN,M,,,,1647,0,40,SEP25,2012,
8622477,"Li, Xinyang",CHN,F,,,,1677,0,40,SEP25,2007,wi
8605912,"Li, Xueyi",CHN,F,WGM,WGM,,2076,0,20,SEP25,1993,w
8641501,"Li, Yage",CHN,M,,,,2264,0,40,SEP25,2009,
8609357,"Li, Yankai",CHN,M,IM,,,2351,0,20,SEP25,1997,i
8628653,"Li, Yimin",CHN,M,,,,1867,0,20,SEP25,2001,i
8637393,"Li, Yingjie",CHN,M,,,,1825,0,20,SEP25,2006,i
8624135,"Li, Yingxuan",CHN,F,,,,1725,0,40,SEP25,2007,wi
8639418,"Li, Yirui",CHN,M,,,,1517,0,40,SEP25,2007,i
8627282,"Li, Yixi",CHN,F,,,,1632,0,20,SEP25,2006,wi
8636435,"Li, Yixin",CHN,M,,,,1969,0,20,SEP25,1998,
8655502,"Li, Yukai",CHN,M,,,,1739,0,20,SEP25,1995,i
8635927,"Li, Yuxuan",CHN,F,,,,1516,0,40,SEP25,2012,wi
8608237,"Li, Zhaoyang",CHN,M,,,,2072,0,20,SEP25,1999,i
8603898,"Li, Zhenyu",CHN,M,,FI,,2180,0,20,SEP25,1992,
8683344,"Li, Zhiyao",CHN,M,,,,1889,7,40,SEP25,1993,
8605629,"Li, Zhuoling",CHN,F,WFM,WFM,,2202,0,20,SEP25,1998,wi
8618461,"Li, Ziang",CHN,M,,,,1916,0,20,SEP25,2006,i
8621551,"Li, Ziheng",CHN,M,,,,1575,0,40,SEP25,2009,i
8624500,"Li, Zimeng",CHN,F,,,,1760,0,20,SEP25,2006,wi
8625700,"Li, Zimo",CHN,M,,,,1676,0,40,SEP25,2008,i
8619727,"Li, Zining",CHN,M,,,,1756,0,20,SEP25,2006,i
8650667,"Li, Ziyan",CHN,M,,,,1440,0,40,SEP25,2012,
8614997,"Li,Lewei",CHN,F,,,,1824,0,20,SEP25,2006,wi
8610401,"Li,Xinyu",CHN,F,WFM,WFM,,2035,9,20,SEP25,2002,w
8618470,"Liang, Chenchen",CHN,M,,,,1847,0,20,SEP25,2006,i
8638799,"Liang, Chenzhuo",CHN,F,,,,1532,0,40,SEP25,2014,wi
8657076,"Liang, Haining",CHN,M,,,,1468,0,40,SEP25,2010,i
8640955,"Liang, Hanzhe",CHN,F,,,,1682,9,40,SEP25,2010,w
8622370,"Liang, Jingcheng",CHN,M,,,,1563,0,20,SEP25,2006,i
8666806,"Liang, Ruoyan",CHN,F,,,,1466,0,40,SEP25,2012,w
8663742,"Liang, Zhencheng",CHN,M,,,,1620,4,40,SEP25,2016,
8600562,"Liang, Zhihua",CHN,F,WIM,WIM,FT,2186,0,20,SEP25,1970,wi
8672997,"Liang, Zhixi",CHN,F,,,,1423,0,40,SEP25,2013,w
8662444,"Liang, Zhuobin",CHN,M,,,,1597,4,20,SEP25,1985,
8605637,"Liao, Rui",CHN,F,,,,1933,0,20,SEP25,1998,wi
8616990,Lin Zhaochen,CHN,M,,,,1930,0,20,SEP25,1999,i
8628408,"Lin, Boyou",CHN,M,,,,1626,0,40,SEP25,2008,i
8602298,"Lin, Chen",CHN,M,GM,,,2493,0,10,SEP25,1988,i
8641510,"Lin, Dianqi",CHN,M,,,,1891,0,40,SEP25,2008,i
8625921,"Lin, Haoyang",CHN,M,,,,1776,0,40,SEP25,2007,i
8670285,"Lin, Junyi(ZJ)",CHN,M,,,,1785,9,40,SEP25,2013,
8645612,"Lin, Qihan",CHN,M,,,,1828,0,40,SEP25,2008,i
8631514,"Lin, Shimeng",CHN,F,,,,1827,0,20,SEP25,2006,wi
8609659,"Lin, Yi",CHN,M,IM,,,2295,0,20,SEP25,2003,i
8663246,"Lin, Zhengyuan",CHN,F,,,,1576,0,40,SEP25,2012,w
8640343,"Ling, Guohan",CHN,M,,,,1750,0,40,SEP25,2010,
8624151,"Ling, Zhuokai",CHN,M,,,,1593,0,20,SEP25,2004,i
8606340,"Liu, Chang",CHN,M,,,,2479,0,10,SEP25,1995,i
8646490,"Liu, Chengxi",CHN,F,,,,1588,0,40,SEP25,2012,wi
8685398,"Liu, Chenjia",CHN,M,,,,1660,5,40,SEP25,2002,
8621489,"Liu, Chenyu",CHN,M,,,,1780,0,40,SEP25,2008,i
8647585,"Liu, Chenyuan",CHN,M,,,,1732,0,40,SEP25,2011,
8620016,"Liu, Chuan",CHN,M,,,,1870,0,20,SEP25,2006,i
8662487,"Liu, Dijia",CHN,F,,,,1615,0,40,SEP25,2013,w
8630836,"Liu, Enlin",CHN,M,,,,1633,0,40,SEP25,2011,
8657980,"Liu, Entong",CHN,F,,,,1469,0,40,SEP25,2014,w
8625930,"Liu, Fengshuo",CHN,M,,,,1715,0,40,SEP25,2008,i
8603901,"Liu, Guanchu",CHN,M,IM,,,2437,0,10,SEP25,1994,i
8634971,"Liu, Haoling",CHN,M,,,,2049,0,40,SEP25,2008,
8643601,"Liu, Hongkuan",CHN,M,,,,1842,0,40,SEP25,2009,
8603502,"Liu, Hongtao",CHN,M,,,,2202,0,20,SEP25,1993,i
8604789,"Liu, Hongyan",CHN,F,,FA,,2050,0,20,SEP25,1994,wi
8624160,"Liu, Jiapeng",CHN,M,,,,1635,0,20,SEP25,2002,i
8643229,"Liu, Jingyu",CHN,F,,,,1696,7,40,SEP25,2012,w
8638160,"Liu, Jiyuan",CHN,M,,,,1543,0,40,SEP25,2007,i
8618488,"Liu, Kaiyi",CHN,M,,,,1942,0,20,SEP25,2004,i
8608121,"Liu, Manli",CHN,F,WIM,WIM,FI,2083,0,20,SEP25,1996,w
8620644,"Liu, Meng",CHN,M,,,,1967,0,20,SEP25,1999,
8618186,"Liu, Mide",CHN,M,,,,1934,0,40,SEP25,2008,i
8659338,"Liu, Mosheng",CHN,M,,SI,,1584,5,20,SEP25,1998,
8619409,"Liu, Qianyu",CHN,F,,,,1801,0,20,SEP25,1988,wi
8603294,"Liu, Qingnan",CHN,M,GM,,,2537,0,10,SEP25,1992,i
8650977,"Liu, Ruhao",CHN,M,,,,1943,15,20,SEP25,2004,
8613869,"Liu, Suhui",CHN,F,,,,1748,0,20,SEP25,2000,wi
8665494,"Liu, Taiqi",CHN,M,,,,1528,0,40,SEP25,2017,
8654808,"Liu, Tianyue",CHN,M,,,,2060,0,20,SEP25,1985,i
8603260,"Liu, Xi",CHN,M,,,,2095,0,20,SEP25,1991,i
8602409,"Liu, Xianglin",CHN,F,,,,2117,0,20,SEP25,1980,wi
8625948,"Liu, Xiaokun",CHN,M,,,,1642,0,40,SEP25,2007,i
8621748,"Liu, Xinrui",CHN,F,,,,1561,0,40,SEP25,2009,wi
8624194,"Liu, Xinyu",CHN,F,,,,1536,0,20,SEP25,2001,wi
8646619,"Liu, Xuanyu(SD)",CHN,M,,,,1668,5,40,SEP25,2010,
8608962,"Liu, Yan",CHN,M,GM,,,2427,0,10,SEP25,2000,
8655227,"Liu, Yangboya(SZ)",CHN,M,,,,1708,0,20,SEP25,1994,i
8643660,"Liu, Yian",CHN,M,,,,1588,0,40,SEP25,2014,
8620296,"Liu, Yinuo",CHN,M,,,,1610,0,40,SEP25,2008,i
8658129,"Liu, Yuchen(SC)",CHN,M,,,,1593,0,40,SEP25,2014,
8608989,"Liu, Yujia",CHN,F,,,,1916,0,20,SEP25,0,wi
8610487,"Liu, Yutong",CHN,M,,,,1871,0,20,SEP25,2003,i
8662495,"Liu, Yutong(SZ)",CHN,F,,,,1609,6,40,SEP25,2012,w
8605963,"Liu, Zexu",CHN,M,,,,2251,0,20,SEP25,1995,i
8607818,"Liu, Zezhou",CHN,M,,NI,,1695,0,20,SEP25,1998,i
8609381,"Liu, Zhaoqi",CHN,M,IM,FT,,2201,0,20,SEP25,1998,
8640327,"Liu, Zhengcheng",CHN,M,,,,1984,7,40,SEP25,2012,
8619352,"Liu, Zhuocheng",CHN,M,,,,1617,0,40,SEP25,2008,i
8627118,"Liu, Zhuolu",CHN,M,,,,1571,0,40,SEP25,2011,i
8668906,"Liu, Zhuxi",CHN,M,,,,1546,0,40,SEP25,2016,
8626430,"Liu, Zimin",CHN,M,,,,1728,0,20,SEP25,2006,i
8615055,"Liu,Youyin",CHN,F,,,,1812,0,20,SEP25,2003,wi
8619336,"Long, Aoxue",CHN,F,,,,1515,0,40,SEP25,2008,wi
8625611,"Long, Enze",CHN,M,,,,1663,0,40,SEP25,2007,i
8613125,"Long, Siyu",CHN,F,,,,1816,0,20,SEP25,2005,wi
8603928,"Lou, Yiping",CHN,M,IM,,,2433,0,10,SEP25,1991,
8627207,"Lu, Di",CHN,M,,,,1701,2,20,SEP25,1992,
8614555,"Lu, Juncheng",CHN,M,,,,1885,0,20,SEP25,2004,i
8610495,"Lu, Kaiyan",CHN,M,,,,1797,0,20,SEP25,0,i
8618020,"Lu, Miaoyi",CHN,F,IM,WGM,,2221,6,40,SEP25,2010,w
8603332,"Lu, Shanglei",CHN,M,GM,,,2659,0,10,SEP25,1995,
8638250,"Lu, Weiyang",CHN,M,,,,1832,0,40,SEP25,2014,
8640815,"Lu, Yichen",CHN,F,,,,1586,0,40,SEP25,2013,w
8626316,"Lu, Yitong",CHN,M,,,,1592,0,40,SEP25,2008,i
8657963,"Lu, Zijun",CHN,M,,,,1436,0,40,SEP25,2011,i
8614580,"Luo, Aojie",CHN,M,CM,,,1902,0,20,SEP25,2004,i
8640963,"Luo, Chenyu",CHN,M,,,,1694,9,40,SEP25,2012,
8651191,"Luo, Mian",CHN,M,,,,1570,0,40,SEP25,2012,
8656134,"Luo, Shenghang",CHN,M,,,,1472,0,40,SEP25,2015,
8626324,"Luo, Sijia",CHN,M,,,,1584,0,20,SEP25,2003,i
8628149,"Luo, Xinyun",CHN,F,,,,1705,0,20,SEP25,2005,wi
8677280,"Luo, Yijie",CHN,M,,,,1565,0,40,SEP25,2011,
8647380,"Luo, Zhenzhen",CHN,F,,,,1614,7,40,SEP25,2014,w
8628424,"Luo, Zifei",CHN,M,,,,1656,0,40,SEP25,2008,i
8656266,"Lv, Ruiqi",CHN,M,,,,1864,7,40,SEP25,2014,
8672458,"Lyu, Youxun",CHN,M,,,,1640,0,40,SEP25,2014,
8610533,"Ma, Lin",CHN,M,,,,2115,0,20,SEP25,2002,i
8603154,"Ma, Qun",CHN,M,GM,,,2598,0,10,SEP25,1991,
8656940,"Ma, Ruihan",CHN,M,,,,1740,0,40,SEP25,2014,
8613150,"Ma, Ruiting",CHN,M,,,,1747,0,20,SEP25,2003,i
8631760,"Ma, Ruiyi",CHN,M,,,,1694,0,40,SEP25,2007,i
8624208,"Ma, Xinyi",CHN,F,,,,1481,0,20,SEP25,2002,wi
8658919,"Ma, Yujie",CHN,M,,,,1756,0,20,SEP25,2004,i
8607206,"Ma, Zhonghan",CHN,M,IM,,,2474,0,10,SEP25,1995,i
8623503,"Mao, Yifan",CHN,M,,,,1531,0,20,SEP25,2006,i
8609039,"Men, Jiayi",CHN,F,WCM,WCM,,1809,0,20,SEP25,2001,wi
8631891,"Meng, Yihan",CHN,M,IM,,,2277,0,40,SEP25,2009,
8674035,"Meng, Zuoning",CHN,F,,,,1433,0,40,SEP25,2013,w
8647640,"Mi, Shuoyu",CHN,M,,,,1606,6,40,SEP25,2010,
8618496,"Miao, Zhun",CHN,M,,,,1698,0,20,SEP25,2006,i
8649413,"Miao, ZiXin",CHN,M,,,,1768,0,40,SEP25,2011,
8602778,"Mu, Ke",CHN,M,IM,FT,,2314,0,20,SEP25,1987,i
8636001,"Mu, Wangxueyao",CHN,F,WFM,WFM,,1907,0,40,SEP25,2011,w
8659133,Namuhan,CHN,F,,,,1431,0,40,SEP25,2010,wi
8601160,"Ni, Hua",CHN,M,GM,,,2579,0,10,SEP25,1983,i
8608466,"Ni, Shiqun",CHN,F,WGM,WGM,,2258,0,20,SEP25,1997,w
8605610,"Nie, Xin",CHN,F,,,,2120,0,20,SEP25,1997,wi
8607222,"Nie, Xinyang",CHN,M,IM,,,2369,18,20,SEP25,2000,
8614750,"Ning, Kaiyu",CHN,F,WIM,WIM,,2287,0,20,SEP25,2004,wi
8631425,"Ning, Yangxiao",CHN,M,,,,1842,0,40,SEP25,2009,i
8655367,"Ouyang, Zishuo",CHN,M,,,,1721,0,40,SEP25,2014,
8655626,"Pan, Yongfei",CHN,F,,,,1903,0,20,SEP25,1983,w
8624224,"Pan, Yucheng",CHN,M,,,,1752,0,20,SEP25,2005,i
8606374,"Pang, Bo",CHN,M,,,,1946,0,20,SEP25,1998,i
8623856,"Pang, Sen",CHN,M,,,,1506,0,20,SEP25,2004,i
8609950,"Pang, Tao",CHN,M,GM,,,2340,0,20,SEP25,2001,
8609047,"Peng, Hongchi",CHN,M,,,,2323,0,20,SEP25,2002,
8640416,"Peng, Jingyi(GD)",CHN,F,,,,1777,0,40,SEP25,2014,w
8658099,"Peng, Lilong",CHN,M,,,,1594,0,40,SEP25,2014,i
8638632,"Peng, Shiyang",CHN,F,,,,1657,0,40,SEP25,2013,w
8605220,"Peng, Tianlu",CHN,F,,SI,,1960,8,20,SEP25,1993,w
8610541,"Peng, Wei",CHN,F,,,,1717,0,20,SEP25,0,wi
8643130,"Peng, Xiaolu",CHN,F,,,,1515,0,40,SEP25,2011,w
8607680,"Peng, Xinbei",CHN,F,,,,1781,0,20,SEP25,1999,wi
8655871,"Peng, Xinting",CHN,F,,,,1485,0,40,SEP25,2014,wi
8610550,"Peng, Xiongjian",CHN,M,GM,,,2368,9,20,SEP25,2000,
8633118,"Pi, Aiying",CHN,F,,,,1797,0,40,SEP25,2011,w
8662509,"Pi, Chongxi",CHN,M,,,,1678,0,40,SEP25,2015,
8632197,"Pian, Junyao",CHN,F,,,,1868,0,40,SEP25,2008,w
8609900,"Piao, Yuanjing",CHN,F,,,,1695,0,20,SEP25,2004,wi
8624232,"Piao, Yufei",CHN,M,,,,1595,0,20,SEP25,2006,i
8663793,"Pu, Yilin",CHN,M,,,,1726,0,40,SEP25,2015,
8649146,"Qian, Qipeng",CHN,M,,,,1904,0,40,SEP25,2015,
331105249,"Qiao, Haobo",CHN,M,,,,ACM,1488,0,SEP25,2016,
8664196,"Qiao, Haoyan",CHN,M,,,,1719,0,40,SEP25,2016,
8627487,"Qin, Chonghui",CHN,M,,,,1597,0,40,SEP25,2009,i
8672920,"Qin, Jiaze",CHN,M,,,,1516,7,40,SEP25,2014,
8624585,"Qin, Lan",CHN,F,,,,1450,0,40,SEP25,2010,wi
8636893,"Qin, Yixuan",CHN,M,,,,1449,0,40,SEP25,2009,i
8606137,"Qiu, Mengjie",CHN,F,WIM,WIM,,2086,0,20,SEP25,1995,wi
8676550,"Qiu, Tianyu",CHN,M,,,,1710,0,40,SEP25,2014,
8603030,"Qiu, Tong",CHN,M,,,,2287,0,20,SEP25,1990,i
8639850,"Qu, Haoming",CHN,M,,,,1905,0,40,SEP25,2012,
8603944,"Qu, Yanqiao",CHN,M,,,,2161,0,20,SEP25,1991,i
8673675,"Qu, Yuhang",CHN,M,,,,1515,5,40,SEP25,2015,
8622426,"Ren, Xiang",CHN,M,,,,1767,0,40,SEP25,2007,i
8608709,"Ren, Xiaoyi",CHN,F,WIM,WIM,,2189,0,20,SEP25,1996,wi
8630143,"Ren, Yibai",CHN,M,,,,1814,0,40,SEP25,2009,
8640912,"Ruan, Jiaming",CHN,M,,,,1744,0,40,SEP25,2013,i
8620156,"Ruan, Zhicheng",CHN,M,,,,1847,0,20,SEP25,2005,i
8618011,"Rui, Yueyue",CHN,F,,,,1551,0,40,SEP25,2007,wi
8624496,"Sha, Qingzhong",CHN,M,,,,1716,0,20,SEP25,2006,i
8666040,"Shan, Qixuan",CHN,M,,,,1582,8,40,SEP25,2012,
8651418,"ShangGuan, ZhengChen",CHN,M,,,,1604,0,40,SEP25,2013,
8611092,"Shao, Wenbin",CHN,M,,,,2195,0,20,SEP25,1997,
8607281,"Shao, Xinzhe",CHN,M,,,,1978,0,20,SEP25,2000,i
8657440,"She, Sicheng",CHN,M,,,,1725,0,40,SEP25,2017,i
8659788,"Shen, Delin",CHN,M,,,,1818,0,20,SEP25,2002,i
8641021,"Shen, Fuyan",CHN,M,,,,2022,0,40,SEP25,2011,
8640718,"Shen, Houlin",CHN,M,,,,1788,10,40,SEP25,2014,
8617961,"Shen, Shiyan",CHN,M,,,,1964,0,20,SEP25,2006,i
8628637,"Shen, Sicen",CHN,M,,,,1554,0,40,SEP25,2010,i
8644560,"Shen, Xiaojun",CHN,M,,,,1653,0,20,SEP25,1985,i
8603162,"Shen, Yang",CHN,F,IM,WGM,FT,2331,0,10,SEP25,1989,wi
8655596,"Shen, Zicheng",CHN,M,,,,1634,0,40,SEP25,2014,
8659354,"Shi, Chunxi",CHN,M,,,,1473,0,40,SEP25,2013,
8658960,"Shi, Hankun(SH)",CHN,M,,,,1615,0,40,SEP25,2017,i
8625409,"Shi, Jiashuo",CHN,M,,,,1730,0,40,SEP25,2008,i
8658927,"Shi, Junyan",CHN,M,,,,1834,0,40,SEP25,2014,i
8608253,"Shi, Kecheng",CHN,M,,,,2181,0,20,SEP25,0,i
8636028,"Shi, Yige",CHN,F,,,,1846,0,40,SEP25,2011,w
8621411,"Shi, Zhanran",CHN,M,,,,1623,0,20,SEP25,2004,i
8665532,"Shi, Ziyu",CHN,M,,,,1562,0,40,SEP25,2009,
8624267,"Shu, Wanting",CHN,F,,,,1508,0,40,SEP25,2008,wi
8640750,"Song, Junteng",CHN,M,,,,1571,0,40,SEP25,2010,
8620865,"Song, Linxuan",CHN,M,,,,1683,0,40,SEP25,2008,i
8668973,"Song, Yiguan",CHN,M,,,,1640,0,40,SEP25,2015,
8650195,"Song, Yihang",CHN,M,,,,1901,0,40,SEP25,2014,
8624275,"Song, Yixuan",CHN,M,,,,1556,0,40,SEP25,2007,i
8638900,"Song, Yiyang",CHN,F,,,,1469,0,40,SEP25,2010,w
8614300,"Song, Yuxin",CHN,F,IM,WGM,,2373,0,20,SEP25,2005,w
8650080,"Song, Yuzhen",CHN,F,,,,1595,0,40,SEP25,2014,w
8616434,"Su, Shangkai",CHN,M,,,,1708,0,20,SEP25,2005,i
8609870,"Su, Zijin",CHN,M,,,,1761,0,20,SEP25,2003,i
8622990,"Sun, Chao",CHN,M,,,,2030,0,20,SEP25,2002,i
8621330,"Sun, Furong",CHN,F,,,,1972,0,20,SEP25,1986,wi
8605378,"Sun, Guo Yun",CHN,M,,,,2056,0,20,SEP25,1994,i
8631433,"Sun, Haiyang",CHN,M,,,,1608,0,40,SEP25,2010,i
8655065,"Sun, Hanyu",CHN,M,,,,1801,0,20,SEP25,2005,i
8609420,"Sun, Jiajun",CHN,M,,,,1964,0,20,SEP25,0,i
8649499,"Sun, Kaichen",CHN,M,,,,1770,0,20,SEP25,2006,
8626111,"Sun, Mingyang",CHN,M,,NA,,AIM,1663,4,SEP25,1990,
8622353,"Sun, Pengxiang",CHN,M,,,,1793,4,20,SEP25,2001,
8614776,"Sun, Yidi",CHN,M,,,,2140,0,20,SEP25,2004,i
8614520,"Sun, Yucan",CHN,F,WCM,WCM,,1722,0,20,SEP25,2006,wi
8647410,"Sun, Yucan(SD)",CHN,F,,,,1591,0,40,SEP25,2014,wi
8621217,"Suo, Niya",CHN,F,,,,1648,8,20,SEP25,2005,w
8667195,"Tan, Zhiyuan",CHN,M,,,,1500,3,40,SEP25,2008,
8603642,"Tan, Zhongyi",CHN,F,GM,WGM,,2457,0,10,SEP25,1991,w
8631441,"Tang, Enqi",CHN,M,,,,1826,0,40,SEP25,2010,i
8618917,"Tang, Jiakai",CHN,M,,,,1663,0,20,SEP25,2002,i
8620830,"Tang, Keran",CHN,M,,,,1921,0,20,SEP25,2002,
8648620,"Tang, Xinzhi",CHN,M,,,,1775,0,20,SEP25,2002,
8609977,"Teng, Jiarong",CHN,M,,,,2080,11,20,SEP25,1997,
8647569,"Teng, Yican",CHN,M,,,,1565,0,40,SEP25,2010,i
8647631,"Tian, Guanzhong",CHN,M,,,,1618,0,40,SEP25,2009,i
8603383,"Tian, Jialin",CHN,M,,,,1989,0,20,SEP25,1994,i
8639744,"Tian, Shenglin",CHN,M,,,,1697,0,40,SEP25,2016,
8602417,"Tian, Tian",CHN,F,WGM,WGM,FT,2050,0,20,SEP25,1983,w
8628262,"Tian, Yuxiang",CHN,M,,,,1752,8,20,SEP25,2005,
8650764,"Tong, Xiaojun",CHN,M,,,,1424,0,40,SEP25,2015,
8639868,"Tong, Yiyi",CHN,F,,,,1597,0,40,SEP25,2012,wi
8654700,"Wan, Hao",CHN,M,,,,1481,0,40,SEP25,2016,i
8628793,"Wan, Lexuan",CHN,M,,,,1662,0,20,SEP25,2006,i
8614296,"Wan, Qian",CHN,F,WFM,WFM,,1940,0,20,SEP25,2005,wi
8658951,"Wan, Yuan",CHN,M,,,,1709,0,40,SEP25,2017,i
8603189,"Wan, Yunguo",CHN,M,GM,,,2509,11,10,SEP25,1990,
8616906,Wang Jun,CHN,M,,,,1786,0,20,SEP25,2000,i
8627517,"Wang, Benchi",CHN,M,,,,1836,0,20,SEP25,2006,i
8618585,"Wang, Bingfei",CHN,M,,,,1866,0,20,SEP25,2005,
8618968,"Wang, Bowen(CHN)",CHN,M,,,,1680,0,40,SEP25,2007,i
8601020,"Wang, Chen",CHN,M,IM,,,2470,0,10,SEP25,1993,i
8631638,"Wang, Chuqiao",CHN,F,WIM,WIM,,2318,9,20,SEP25,2008,w
8636052,"Wang, Deng",CHN,F,,,,1503,0,40,SEP25,2012,w
8603197,"Wang, Doudou",CHN,F,WIM,WIM,FT,2110,0,20,SEP25,1988,wi
8650225,"Wang, Fudong",CHN,M,,,,1451,0,40,SEP25,2009,
8646139,"Wang, Hanzhang",CHN,F,,,,1556,0,40,SEP25,2012,w
8602883,"Wang, Hao",CHN,M,GM,,,2639,0,10,SEP25,1989,
8631859,"Wang, Hao(ZJ)",CHN,M,IM,,,2170,0,20,SEP25,2005,
8609128,"Wang, Jiaqi",CHN,M,,,,2084,0,20,SEP25,0,i
8631301,"Wang, Jiayi",CHN,M,,,,1614,0,40,SEP25,2007,i
8642575,"Wang, Jiyan",CHN,M,,,,1832,0,40,SEP25,2010,
8604070,"Wang, Jue",CHN,F,WGM,WGM,,2378,0,10,SEP25,1995,wi
8663289,"Wang, Leyi",CHN,F,,,,1552,0,40,SEP25,2013,w
8628742,"Wang, Luhan",CHN,M,,,,1525,0,40,SEP25,2009,i
8624305,"Wang, Mingyu(06)",CHN,M,,,,1656,0,20,SEP25,2006,i
8625050,"Wang, Puxuan",CHN,M,,,,1814,0,40,SEP25,2009,
8604282,"Wang, Qibiao",CHN,M,,FT,,2232,0,20,SEP25,0,i
8605351,"Wang, Qin Ke",CHN,F,,,,1949,0,20,SEP25,1992,wi
8636060,"Wang, Qinxuanyi",CHN,F,,,,2082,0,40,SEP25,2011,w
8601003,"Wang, Rui",CHN,M,GM,,,2379,0,20,SEP25,1978,
8647623,"Wang, Ruiyan",CHN,M,,,,1738,0,40,SEP25,2008,i
8605262,"Wang, Shanshan",CHN,F,,FI,,1968,0,20,SEP25,1984,wi
8610665,"Wang, Shixu B",CHN,M,IM,,,2345,0,20,SEP25,2001,
8676577,"Wang, Shunkai",CHN,M,,,,1592,0,40,SEP25,2016,
8620148,"Wang, Shunshun",CHN,F,,,,1762,0,40,SEP25,2007,w
8642800,"Wang, Taorong",CHN,M,,,,1713,0,40,SEP25,2009,
8622221,"Wang, Tiansheng",CHN,M,,,,1798,0,20,SEP25,2004,i
8650659,"Wang, Wenxuan",CHN,M,,,,1757,0,20,SEP25,2004,
8642796,"Wang, Xiangyi",CHN,F,,,,1678,0,40,SEP25,2013,w
8628106,"Wang, Xiaozhi",CHN,M,,,,1920,0,40,SEP25,2007,
8656835,"Wang, Xicheng",CHN,M,,,,1680,0,40,SEP25,2014,i
8651892,"Wang, Xuhang",CHN,M,,,,1537,0,40,SEP25,2010,
8617848,"Wang, Xuwen",CHN,F,,,,1911,0,20,SEP25,2005,wi
8617996,"Wang, Yanbin",CHN,M,IM,,,2373,0,20,SEP25,2002,i
8625646,"Wang, Yang",CHN,M,,,,1703,0,20,SEP25,2006,i
8615616,"Wang, Yifan(ZH)",CHN,M,,,,1741,0,20,SEP25,2004,i
8628610,"Wang, Yijun",CHN,M,,,,1733,0,40,SEP25,2009,i
8631450,"Wang, Yiming",CHN,M,,,,1556,0,40,SEP25,2013,
8624321,"Wang, Yinuo(LN)",CHN,M,,,,1955,0,40,SEP25,2010,
8640181,"Wang, Yixiao(SD)",CHN,F,,,,1822,0,20,SEP25,2003,wi
8606021,"Wang, Yiye",CHN,M,IM,,,2401,0,10,SEP25,1998,i
8618593,"Wang, Youxu",CHN,M,,,,1659,0,20,SEP25,2006,i
8601097,"Wang, Yu A.",CHN,F,IM,WGM,,2223,0,20,SEP25,1982,w
8601429,"Wang, Yue",CHN,M,GM,,,2641,0,10,SEP25,1987,
8631310,"Wang, Yuehan",CHN,F,,,,1828,0,40,SEP25,2007,wi
8628785,"Wang, Yuezhou",CHN,M,,,,1756,0,40,SEP25,2007,i
8655235,"Wang, Yufan(GD)",CHN,M,,,,1567,0,40,SEP25,2011,
8607966,"Wang, Yukun",CHN,M,FM,,,2155,0,20,SEP25,2000,i
8624518,"Wang, Yuxuan",CHN,M,,,,1595,0,40,SEP25,2007,i
8657580,"Wang, Yuxuan(SH)",CHN,M,,,,1850,0,40,SEP25,2017,
8673101,"Wang, Zecheng",CHN,M,,,,1431,6,40,SEP25,2012,
8640157,"Wang, Zhonghao",CHN,M,,,,1525,0,40,SEP25,2011,
8626855,"Wang, Zian",CHN,M,,,,1592,0,40,SEP25,2009,i
8614350,"Wang, Zideng",CHN,M,CM,,,1938,0,20,SEP25,2004,i
8620342,"Wang, Zifan",CHN,M,,,,1804,0,20,SEP25,2004,i
8614385,"Wang, Zihao",CHN,M,,,,1939,0,20,SEP25,2001,
8647771,"Wang, Zihao(SH)",CHN,M,,,,1958,0,40,SEP25,2012,
8619034,"Wang, Zijian",CHN,M,,,,2104,0,20,SEP25,2004,i
8644500,"Wang, Zimo(BJ)",CHN,M,,,,1553,0,40,SEP25,2009,i
8656738,"Wang, Zirui(SH)",CHN,M,,,,1630,0,40,SEP25,2014,i
8613362,"Wang, Zixu",CHN,M,,,,2095,0,20,SEP25,0,i
8636974,"Wang, Zixuan(SD)",CHN,M,,,,1553,0,40,SEP25,2013,i
8621497,"Wang, Ziyou",CHN,M,,,,1815,0,40,SEP25,2008,i
8617880,"Wang,Yifan(Q)",CHN,M,,,,1867,0,40,SEP25,2007,i
8615187,"Wang,Ze",CHN,M,,,,1930,0,20,SEP25,2001,i
8622256,"Wayile, Jialade",CHN,M,,"NI,NI",,1903,0,20,SEP25,1996,i
8620938,"Wei, Jianzhou",CHN,M,CM,,,1837,0,40,SEP25,2009,i
8616787,"Wei, Yaqing",CHN,F,WCM,WCM,,1730,0,40,SEP25,2007,wi
8603405,"Wei, Yi",CHN,M,GM,,,2695,0,10,SEP25,1999,
8600171,"Wei, Yuyang",CHN,M,,,,2084,9,20,SEP25,1996,
8658013,"Wei, Zhuocheng",CHN,M,,,,1469,0,40,SEP25,2015,i
8603430,"Wen, Gehua",CHN,M,CM,,,2115,0,20,SEP25,1994,
8602956,"Wen, Yang",CHN,M,GM,,,2596,0,10,SEP25,1988,i
8612676,"Wen, Yili",CHN,F,,,,1934,0,20,SEP25,2004,wi
331059502,"Weng, Yanghuan",CHN,M,,,,1641,0,40,SEP25,2009,i
8628823,"Wu, Beien",CHN,F,,,,1526,0,40,SEP25,2007,wi
8659214,"Wu, Entong",CHN,M,,,,1552,0,40,SEP25,2011,
8625417,"Wu, Kaige",CHN,M,,,,1519,0,40,SEP25,2011,i
8628130,"Wu, Shuang",CHN,F,,,,1632,0,20,SEP25,2006,wi
8641170,"Wu, Shuang(HLJ)",CHN,F,WCM,WCM,,1846,0,40,SEP25,2012,w
8606048,"Wu, Sibo",CHN,M,,FI,,2133,0,20,SEP25,1995,i
8642044,"Wu, Sinian",CHN,F,,,,1616,0,40,SEP25,2014,w
8618615,"Wu, Wenda",CHN,M,,,,1815,0,20,SEP25,2004,i
8631379,"Wu, Yinan",CHN,M,,,,1953,0,40,SEP25,2012,
8639906,"Wu, Yiting",CHN,F,,,,1730,8,40,SEP25,2013,w
8625387,"Wu, Yixing",CHN,M,IM,,,2327,0,20,SEP25,2007,
8640599,"Wu, Yuetong",CHN,F,,,,1621,8,40,SEP25,2011,w
8643075,"Wu, Yufei",CHN,F,,,,1556,0,40,SEP25,2009,w
8614687,"Wu, Ziyang",CHN,M,,,,1732,0,20,SEP25,2004,i
8669368,Wu.Yulin,CHN,M,,,,1681,9,40,SEP25,2015,
8618623,"Xi, Qi",CHN,M,,,,2296,0,20,SEP25,2003,
8653755,"Xia, Jinnan",CHN,M,,,,1842,8,40,SEP25,2013,
8639582,"Xia, Miaoyan",CHN,F,,,,1685,0,40,SEP25,2012,w
8607621,"Xian, Junhao",CHN,M,,,,2065,0,20,SEP25,1996,i
8608547,"Xiang, Zeyu",CHN,M,IM,,,2335,0,20,SEP25,1999,i
8645337,"Xiao, Baijing",CHN,F,,,,1483,0,40,SEP25,2011,w
8627851,"Xiao, Jiewen",CHN,M,,,,1914,0,20,SEP25,2006,i
8609160,"Xiao, Junyuan",CHN,M,,,,2081,0,20,SEP25,1998,i
8649286,"Xiao, Ruhan",CHN,M,,,,1669,0,40,SEP25,2012,
8622388,"Xiao, Tong(QD)",CHN,M,GM,,,2414,0,10,SEP25,2008,
8606161,"Xiao, Yiyi",CHN,F,WGM,WGM,,2207,0,20,SEP25,1996,w
8650802,"Xiao, Zijun",CHN,M,,,,1679,0,40,SEP25,2013,
8637750,"Xie, Chujun",CHN,M,,,,1824,0,40,SEP25,2011,
8619107,"Xie, Kaifan",CHN,M,IM,,,2300,0,20,SEP25,2008,
8680590,"Xie, Xinao",CHN,M,,,,1504,0,40,SEP25,2014,
8653798,"Xie, Yuchen",CHN,M,,,,1468,0,40,SEP25,2010,
8653771,"Xie, Yuyang",CHN,M,,,,1729,0,40,SEP25,2013,
8625484,"Xiong, Junyi",CHN,M,,,,1739,0,40,SEP25,2009,i
8613478,"Xiong, Yinian",CHN,F,,,,1699,0,20,SEP25,2005,wi
8617970,"Xiong, Youcheng",CHN,M,,,,1792,0,20,SEP25,2006,i
8603693,"Xiu, Deshun",CHN,M,GM,,,2439,0,10,SEP25,1989,i
8641757,"Xu, Chang(CQ)",CHN,M,,,,1897,18,40,SEP25,2010,
8606099,"Xu, Fei",CHN,F,,,,1976,0,20,SEP25,1990,wi
8604096,"Xu, Huahua",CHN,F,WIM,WIM,FA,2129,0,20,SEP25,1994,wi
8617953,"Xu, Jihan",CHN,M,,,,1704,0,40,SEP25,2008,i
8611130,"Xu, Junwei",CHN,M,,,,2309,0,20,SEP25,2004,
8606790,"Xu, Minghui",CHN,M,IM,,,2253,0,20,SEP25,1999,
8629269,"Xu, Pengmo",CHN,M,,,,2044,9,40,SEP25,2008,
8653801,"Xu, Sinan",CHN,M,,,,1766,0,40,SEP25,2012,
8643318,"Xu, Wei",CHN,M,,,,2024,9,20,SEP25,1996,
8608288,"Xu, Xiangyu",CHN,M,GM,,,2544,0,10,SEP25,1999,
8624780,"Xu, Yang",CHN,M,,,,2159,0,20,SEP25,1989,i
5800781,"Xu, Yaping",CHN,F,,SI,,2022,0,20,SEP25,1965,wi
8605564,"Xu, Yi",CHN,M,GM,,,2458,0,10,SEP25,1998,
8627410,"Xu, Yiming",CHN,M,,,,1899,4,20,SEP25,2003,
8604940,"Xu, Yinglun",CHN,M,GM,FT,,2537,0,10,SEP25,1996,
8601089,"Xu, Yuanyuan",CHN,F,WGM,WGM,,2281,0,20,SEP25,1981,wi
8614466,"Xu, Yuze",CHN,F,WFM,WFM,,2027,0,20,SEP25,2004,wi
8611572,"Xu, Zhihang",CHN,M,IM,,,2404,0,10,SEP25,2001,i
331110418,"Xu, Zhiqin",CHN,M,,,,1642,0,40,SEP25,2008,i
63100630,"Xu, Ziyuan",CHN,M,,,,2088,0,40,SEP25,2008,
8626464,"Xue, Fanli",CHN,M,,,,1635,0,20,SEP25,2006,i
8625492,"Xue, Haowen",CHN,M,GM,,,2407,11,10,SEP25,2008,
8626480,"Xue, Tianhao",CHN,F,WFM,WFM,,1753,0,40,SEP25,2013,w
8667578,"Yan, Jiayue",CHN,M,,,,1535,8,40,SEP25,2011,
8648603,"Yan, Shaodong",CHN,M,,,,1675,0,20,SEP25,1998,i
8615250,"Yan, Tianqi",CHN,F,WIM,WIM,,2118,0,20,SEP25,2002,w
8618658,"Yan, Xile",CHN,M,,,,1656,0,40,SEP25,2007,i
8626499,"Yan, Yi",CHN,M,,,,1458,0,40,SEP25,2007,i
8658080,"Yan, Zhaoxin",CHN,M,,,,1613,6,40,SEP25,2013,
8647518,"Yang, Chengyou",CHN,M,,,,1625,0,40,SEP25,2014,i
8602948,"Yang, Hainan",CHN,M,IM,FT,,2357,0,10,SEP25,1989,i
8623899,"Yang, Jingsen",CHN,M,,,,1675,0,40,SEP25,2007,i
8624348,"Yang, Junchi",CHN,M,,,,1605,0,20,SEP25,2006,i
8654085,"Yang, Le",CHN,F,,,,1694,0,40,SEP25,2012,w
8603758,"Yang, Qindong",CHN,M,,,,2136,0,20,SEP25,1996,
8674019,"Yang, Shunying",CHN,F,,,,1553,0,40,SEP25,2014,w
8631166,"Yang, Siyuan",CHN,M,,,,1835,0,40,SEP25,2009,
8623155,"Yang, Ximing",CHN,F,,,,1683,0,20,SEP25,2005,w
8659850,"Yang, Xingrui",CHN,M,,,,1582,0,40,SEP25,2014,
8608601,"Yang, Yijing",CHN,F,WCM,WCM,,1952,0,20,SEP25,2001,w
8640947,"Yang, Zhe",CHN,F,,,,1503,0,40,SEP25,2011,wi
331059530,"Yang, Zibai",CHN,M,,,,1595,0,40,SEP25,2009,i
8615624,"Yang, Zicheng",CHN,M,,,,1675,0,20,SEP25,2004,i
8641528,"Yang, ZiLong",CHN,M,FM,,,2227,10,40,SEP25,2012,
8625441,"Yao, Jingyu",CHN,M,,,,1614,0,40,SEP25,2008,i
8630291,"Yao, Weibo",CHN,F,,,,1527,0,40,SEP25,2009,wi
8661138,"Yao, Yichen",CHN,M,,,,1672,0,40,SEP25,2014,
8626049,"Yao, Yifei",CHN,F,,,,1492,0,40,SEP25,2008,wi
8611157,"Yao, Yuan",CHN,M,,,,2015,0,20,SEP25,1989,i
8630305,"Yao, Zihan",CHN,M,,,,1700,0,40,SEP25,2007,i
8674469,"Ye, Peilin",CHN,M,,,,2025,9,40,SEP25,2005,
8600015,"Ye, Rongguang",CHN,M,GM,,,2361,0,10,SEP25,1963,i
8657785,"Ye, Weitao",CHN,M,,NA,,1529,8,40,SEP25,1977,
8642877,"Yelipan, Aliken",CHN,M,,,,1513,0,20,SEP25,1996,i
8649120,"Yi, Ruiyu",CHN,F,,,,1559,0,40,SEP25,2015,w
8669899,"Yi, Zeyang",CHN,M,,,,1573,0,40,SEP25,2015,
8650497,Yibule,CHN,M,,,,1602,0,40,SEP25,2011,i
8640483,"Yin, Zijun",CHN,M,,,,1559,0,40,SEP25,2012,
8622663,"Yu, Bo",CHN,M,,,,1791,0,20,SEP25,1985,i
331105454,"Yu, Changhao",CHN,M,,,,2037,0,20,SEP25,2001,
8608555,"Yu, Chaojie",CHN,M,,,,2181,0,20,SEP25,1995,i
8619174,"Yu, Dongqi",CHN,M,,,,1653,0,20,SEP25,2003,i
8609667,"Yu, Kaifeng",CHN,M,FM,,,2244,0,20,SEP25,2003,i
8603090,"Yu, Ruiyuan",CHN,M,GM,,,2486,0,10,SEP25,1991,i
8600660,"Yu, Shaoteng",CHN,M,GM,,,2502,0,10,SEP25,1979,i
8635684,"Yu, Shuxiao",CHN,M,,,,2311,11,20,SEP25,2011,
8647674,"Yu, Sicheng",CHN,M,,,,1619,0,40,SEP25,2012,i
8603820,"Yu, Yangyi",CHN,M,GM,,,2706,0,10,SEP25,1994,
8609861,"Yu, Yangyi",CHN,M,,,,2544,0,10,SEP25,1988,i
8628165,"Yu, Yanming",CHN,M,,,,1753,0,40,SEP25,2009,
8640335,"Yu, Yaochen",CHN,F,WFM,WFM,,1841,0,40,SEP25,2008,wi
8625689,"Yu, Yifan",CHN,F,,,,1571,0,20,SEP25,2006,wi
8647453,"Yu, Yiqi",CHN,M,,,,1501,0,40,SEP25,2013,i
8641340,"Yu, Yuexi",CHN,F,,,,1958,0,40,SEP25,2008,w
8649138,"Yu, Zechen",CHN,M,FM,,,1891,0,40,SEP25,2014,
8641064,"Yu, Zhenghuan",CHN,M,,,,1733,0,40,SEP25,2007,
8643776,"Yu, Zhongbo",CHN,M,,,,ACM,1520,3,SEP25,2016,
8625670,"Yu, Zili",CHN,M,,,,1564,0,40,SEP25,2007,i
8657092,"Yu, Zixiao",CHN,M,,,,1542,0,40,SEP25,2016,
8631468,"Yu, Ziyue",CHN,M,,,,1506,0,40,SEP25,2011,i
8641668,"Yu,Shi",CHN,M,,,,1900,0,40,SEP25,2011,
8609772,"Yuan, Qingyu",CHN,M,,,,AGM,2379,0,SEP25,1996,
8649464,"Yuan, Shunzhe",CHN,M,,,,1728,0,40,SEP25,2015,
8608415,"Yuan, Ye",CHN,F,,,,2201,0,20,SEP25,2000,wi
8619190,"Yue, Jiongchen",CHN,M,,,,1671,0,40,SEP25,2007,i
8673080,"Yue, Shenhai",CHN,M,,,,1427,0,40,SEP25,2015,
8626030,"Zang, Xingyi",CHN,F,,,,1594,0,40,SEP25,2008,wi
8603847,"Zeng, Chongsheng",CHN,M,GM,,,2500,11,10,SEP25,1993,
8614407,"Zeng, Lingqi",CHN,M,,,,1867,0,20,SEP25,2001,i
8655405,"Zeng, Lingqi(GD)",CHN,M,,,,1821,0,20,SEP25,2001,
8645914,"Zeng, Yimin",CHN,M,,,,1600,0,40,SEP25,2011,
8673187,"Zeng, Yishen",CHN,M,,,,1522,0,40,SEP25,2012,
8646554,"Zeng, Zhanyi",CHN,M,,,,1512,6,40,SEP25,2007,
8658137,"Zeng, Zhijia",CHN,F,,,,1419,0,40,SEP25,2013,wi
8666202,"Zha, Haoyun",CHN,M,,,,1534,0,40,SEP25,2012,
8600201,"Zhai, Mo",CHN,F,WGM,WGM,,2314,0,10,SEP25,1996,w
8635056,"Zhang, Bohan",CHN,F,,,,1648,0,40,SEP25,2011,wi
8654417,"Zhang, Boqin",CHN,M,,,,1583,0,40,SEP25,2012,
3244571,"Zhang, Chenghan",CHN,M,,,,1917,0,20,SEP25,2006,i
8657998,"Zhang, Deyun",CHN,M,,,,1597,0,40,SEP25,2014,i
8616590,"Zhang, Di",CHN,M,,,,2196,0,40,SEP25,2007,
8616493,"Zhang, Fuhan",CHN,M,,,,2072,0,20,SEP25,2004,i
8638071,"Zhang, Haixin",CHN,M,,,,1727,0,40,SEP25,2009,i
8638993,"Zhang, Hanrui",CHN,M,,,,1490,0,40,SEP25,2009,
8641552,"Zhang, Haoxuan",CHN,M,,,,2015,0,40,SEP25,2013,
8643172,"Zhang, Haoxuan(ZJ)",CHN,M,FM,,,2043,0,40,SEP25,2012,
8640980,"Zhang, Hongya",CHN,M,,,,1996,11,40,SEP25,2014,
8606560,"Zhang, Jiabao",CHN,M,,,,2134,0,20,SEP25,1998,i
8662401,"Zhang, Jiachen(GD)",CHN,M,,,,1545,0,40,SEP25,2013,
8640777,"Zhang, Jiakun",CHN,M,,,,1574,0,40,SEP25,2010,i
8655103,"Zhang, Jianning",CHN,F,,,,1664,0,40,SEP25,2014,w
8624364,"Zhang, Jing(NMG)",CHN,M,,,,1420,0,20,SEP25,2004,i
8624372,"Zhang, Jinghan",CHN,M,,,,1627,0,20,SEP25,2006,i
8644810,"Zhang, Jingran",CHN,M,,,,1906,11,40,SEP25,2012,
8620784,"Zhang, Keyu",CHN,M,,,,1655,0,40,SEP25,2007,i
8608032,"Zhang, Lanlin",CHN,F,WIM,WIM,,2235,9,20,SEP25,1999,w
8662223,"Zhang, Lingjun",CHN,M,,,,1453,0,40,SEP25,2017,
8646163,"Zhang, Mingen",CHN,F,,,,1510,0,40,SEP25,2009,w
8674590,"Zhang, Ninghao",CHN,M,,,,1414,0,40,SEP25,2017,
8600970,"Zhang, Pengxiang",CHN,M,GM,,,2566,0,10,SEP25,1980,
8625433,"Zhang, Qijie",CHN,M,,,,1564,0,40,SEP25,2009,i
8647577,"Zhang, Qili",CHN,M,,,,1525,0,40,SEP25,2010,i
8625425,"Zhang, Rongyu",CHN,F,,,,1590,0,20,SEP25,2006,wi
8645264,"Zhang, Ruijia",CHN,M,,,,1916,0,20,SEP25,2003,
8646660,"Zhang, Wenzhao",CHN,M,,,,1529,0,40,SEP25,2009,i
8610894,"Zhang, Xiao",CHN,F,WIM,WIM,,2019,0,20,SEP25,2003,w
8604037,"Zhang, Xiaopeng",CHN,M,FM,,,2315,0,20,SEP25,1993,i
8603219,"Zhang, Xiaowen",CHN,F,WGM,WGM,,2265,0,20,SEP25,1989,wi
8625476,"Zhang, Xican",CHN,M,,,,1712,0,40,SEP25,2010,i
8603235,"Zhang, Xuan",CHN,M,FM,,,2243,0,20,SEP25,1986,i
8632561,"Zhang, Xujia",CHN,M,,,,1586,0,40,SEP25,2012,
8656380,"Zhang, Yangming",CHN,M,,,,1709,4,40,SEP25,2016,
8617740,"Zhang, Yifan(A)",CHN,M,,,,1977,0,20,SEP25,2004,i
8643571,"Zhang, Yixin(JS)",CHN,M,,,,1680,0,40,SEP25,2012,
8657106,"Zhang, Youyu",CHN,M,,,,1618,0,40,SEP25,2017,
8630925,"Zhang, Yuanxiao",CHN,M,,,,1720,0,40,SEP25,2009,i
8635706,"Zhang, Yuchen",CHN,M,,,,1758,0,40,SEP25,2011,i
8658897,"Zhang, Yuzhe",CHN,M,,,,ACM,1518,0,SEP25,2001,i
8674574,"Zhang, Zhenghang",CHN,M,,,,1588,0,40,SEP25,2017,
8674582,"Zhang, Zhengxuan",CHN,M,,,,1573,0,40,SEP25,2017,
8618399,"Zhang, Zhi",CHN,M,,,,1929,0,40,SEP25,2008,i
8647615,"Zhang, Zhirui",CHN,M,,,,1702,0,40,SEP25,2015,
8600694,"Zhang, Zhong",CHN,M,GM,,,2535,0,10,SEP25,1978,i
8609470,"Zhang, Ziji",CHN,M,IM,,,2339,0,20,SEP25,1996,i
8611513,"Zhao, Chenxi",CHN,M,IM,,,2308,0,20,SEP25,2002,i
8659877,"Zhao, Hongyu",CHN,M,,,,1700,8,40,SEP25,2016,
8602522,"Zhao, Jun",CHN,M,GM,FT,,2547,0,10,SEP25,1986,i
8609489,"Zhao, Juncheng",CHN,M,,,,1975,0,20,SEP25,2000,i
8649766,"Zhao, Liming",CHN,M,,,,1964,0,40,SEP25,2013,
8608040,"Zhao, Shengxin",CHN,F,WFM,WFM,,2109,0,20,SEP25,2001,w
8641226,"Zhao, Shuxing",CHN,F,,,,1609,0,40,SEP25,2012,wi
8619867,"Zhao, Sidi",CHN,M,,,,1545,0,20,SEP25,2003,i
8661162,"Zhao, Sihan",CHN,M,,,,1651,0,40,SEP25,2013,
8641072,"Zhao, Xu",CHN,M,,,,1619,0,40,SEP25,2013,
8601283,"Zhao, Xue",CHN,F,GM,WGM,,2383,0,10,SEP25,1985,w
8620040,"Zhao, Yihan",CHN,M,,,,1986,0,20,SEP25,2005,i
8672903,"Zhao, Yina",CHN,F,,,,1410,7,40,SEP25,2011,w
8609497,"Zhao, Yuanhe",CHN,M,IM,,,2356,0,10,SEP25,2000,
8626260,"Zhao, Yunqing",CHN,F,WIM,WIM,,2036,11,40,SEP25,2010,w
8674116,"Zhao, Zexuan",CHN,M,,,,1485,7,40,SEP25,2013,
8625913,"Zhao, Zhihan",CHN,M,,,,1777,0,20,SEP25,2006,i
8608342,"Zhao, Zhouqiao",CHN,M,FM,,,2247,0,20,SEP25,1994,i
8674108,"Zheng, Jun",CHN,M,,,,1626,9,40,SEP25,2013,
8658757,"Zheng, Leran",CHN,M,,,,AIM,1825,7,SEP25,2010,
8644438,"Zheng, Qin",CHN,M,,,,1523,0,40,SEP25,2012,i
8642540,"Zheng, Qingyu",CHN,F,,,,1646,0,40,SEP25,2012,wi
8684278,"Zheng, Shulin",CHN,M,,,,1741,6,40,SEP25,1999,
8662622,"Zheng, Yanchen",CHN,M,,,,1731,0,20,SEP25,2005,
8649707,"Zheng, Yijin",CHN,F,,,,1632,0,40,SEP25,2015,w
8635862,"Zhi, Jingyi",CHN,F,,,,1608,0,40,SEP25,2009,w
8618887,"Zhong, Kangmin",CHN,M,FM,,,2147,0,20,SEP25,2004,
8640378,"Zhong, Taoyu",CHN,M,,,,1755,0,40,SEP25,2010,
8617066,Zhou Shujun,CHN,F,,,,1822,0,20,SEP25,2004,wi
8656568,"Zhou, Chen(GD)",CHN,M,,,,1499,0,40,SEP25,2013,
8660166,"Zhou, Chuanyi",CHN,M,,,,1962,0,40,SEP25,2016,
8602905,"Zhou, Guijue",CHN,F,WIM,WIM,NA,2114,0,20,SEP25,1985,w
8647526,"Zhou, Guoyu",CHN,M,,,,1939,0,40,SEP25,2014,
8621063,"Zhou, Haocheng",CHN,M,,,,1839,0,20,SEP25,2004,i
8657793,"Zhou, Mingyu",CHN,M,,,,1521,0,40,SEP25,2011,
8632120,"Zhou, Minyang",CHN,M,,,,1510,0,40,SEP25,2012,i
8677255,"Zhou, Penghan",CHN,M,,,,1593,9,40,SEP25,2014,
8656754,"Zhou, Ruihao",CHN,M,,,,1661,0,40,SEP25,2014,i
8623325,"Zhou, Runyi",CHN,M,,,,2301,0,20,SEP25,2007,
8622116,"Zhou, Shumeng",CHN,F,,,,1786,0,40,SEP25,2008,w
8664170,"Zhou, Siyuan",CHN,M,,,,1679,0,40,SEP25,2015,
8652880,"Zhou, Weifan",CHN,M,,,,1802,0,40,SEP25,2012,i
8601674,"Zhou, Weiqi",CHN,M,GM,,,2590,0,10,SEP25,1986,i
8624461,"Zhou, Xiangru",CHN,M,CM,,,1678,0,40,SEP25,2007,i
8620822,"Zhou, Xin",CHN,M,,,,1998,0,20,SEP25,2003,i
8635366,"Zhou, Yichen",CHN,M,,,,1969,0,40,SEP25,2009,i
8625468,"Zhou, Yikuan",CHN,M,,,,1688,0,40,SEP25,2007,i
8620482,"Zhou, Yunliang",CHN,M,,,,1648,0,20,SEP25,2001,i
8626421,"Zhou, Yuxu",CHN,M,CM,,,2112,0,40,SEP25,2010,
8648077,"Zhou, Zilin",CHN,M,,,,1467,0,40,SEP25,2013,i
8610975,"Zhou, Zirun",CHN,F,,,,2099,0,20,SEP25,0,wi
8628645,"Zhou, Zitong",CHN,F,,,,1593,0,40,SEP25,2007,wi
8625093,"Zhu, Chenxi",CHN,M,,,,1793,10,40,SEP25,2009,
8649219,"Zhu, Chunxi",CHN,F,,,,1726,0,40,SEP25,2016,w
8626286,"Zhu, Guancheng",CHN,M,,,,1627,0,40,SEP25,2008,i
8611211,"Zhu, Hengyi",CHN,M,,,,2149,0,20,SEP25,2004,i
8647968,"Zhu, Jiahe",CHN,F,,,,1589,0,40,SEP25,2017,w
8608059,"Zhu, Jiner",CHN,F,GM,WGM,,2425,0,10,SEP25,2002,w
8624607,"Zhu, Kunyi",CHN,M,,,,1741,0,20,SEP25,1995,i
8622841,"Zhu, Wenhui",CHN,F,,,,1579,0,20,SEP25,2005,wi
8607435,"Zhu, Yi",CHN,M,FM,,,2218,0,20,SEP25,2001,i
8609292,"Zhu, Yilun",CHN,M,,,,2208,0,20,SEP25,1992,i
8604770,"Zhu, Ying",CHN,F,,,,1999,0,20,SEP25,1994,wi
8608580,"Zhu, Yingjie",CHN,M,,,,1852,9,40,SEP25,0,
8658005,"Zhu, Yunyang",CHN,M,,,,1502,0,40,SEP25,2014,
8674027,"Zhu, Yuyang",CHN,M,,,,1526,0,40,SEP25,2015,
8647801,"Zhu, Zile",CHN,F,,,,1679,0,20,SEP25,2005,wi
260290,"Zhu, Zimo",CHN,M,,,,1627,0,40,SEP25,2011,i
8625697,"Zhuo, Zhihan",CHN,F,,,,1502,0,20,SEP25,2006,wi
8626022,"Zong, Shaolei",CHN,M,,,,1659,0,40,SEP25,2009,i
8610959,"Zou, Chen",CHN,M,IM,,,2337,0,20,SEP25,2001,i
8672440,"Zou, Weirong",CHN,F,,,,1467,7,40,SEP25,2013,w
8608202,"Zou, Xinyi",CHN,F,,,,1764,0,20,SEP25,2001,wi
8641447,"Zuo, Junyu",CHN,M,,,,2006,8,40,SEP25,2014,
8614610,"Zuo, Yifan",CHN,M,CM,,,2256,0,20,SEP25,2005,
8654786,"Zuo, Yifeng",CHN,M,,,,1401,0,40,SEP25,2017,