[
  {
    "ID Number": "16900219",
    "Name": "Alegre, Fabio Costa",
    "Fed": "STP",
    "Sex": "M",
    "Title": "",
    "WTit": "",
    "OTit": "",
    "FOA": "1998",
    "Rating": "AUG25",
    "Gms": "0",
    "K": "20",
    "B-day": "2001",
    "Flag": "i"
  },
  {
    "ID Number": "16901541",
    "Name": "Cravid, Junior",
    "Fed": "STP",
    "Sex": "M",
    "Title": "",
    "WTit": "",
    "OTit": "",
    "FOA": "1623",
    "Rating": "AUG25",
    "Gms": "0",
    "K": "20",
    "B-day": "2005",
    "Flag": ""
  },
  {
    "ID Number": "16900014",
    "Name": "Da Costa Moreira, Euler Joarce",
    "Fed": "STP",
    "Sex": "M",
    "Title": "",
    "WTit": "",
    "OTit": "",
    "FOA": "1846",
    "Rating": "AUG25",
    "Gms": "0",
    "K": "20",
    "B-day": "1980",
    "Flag": "i"
  },
  {
    "ID Number": "16900359",
    "Name": "das Neves, Wilter Afonso",
    "Fed": "STP",
    "Sex": "M",
    "Title": "",
    "WTit": "",
    "OTit": "",
    "FOA": "1691",
    "Rating": "AUG25",
    "Gms": "0",
    "K": "20",
    "B-day": "2001",
    "Flag": "i"
  },
  {
    "ID Number": "16900049",
    "Name": "Espirito Santo, Waldyr",
    "Fed": "STP",
    "Sex": "M",
    "Title": "CM",
    "WTit": "LSI,SI,FA",
    "OTit": "",
    "FOA": "1951",
    "Rating": "AUG25",
    "Gms": "0",
    "K": "20",
    "B-day": "1986",
    "Flag": "i"
  },
  {
    "ID Number": "16900200",
    "Name": "Lima, Izidora Lourenco",
    "Fed": "STP",
    "Sex": "F",
    "Title": "WCM",
    "WTit": "WCM",
    "OTit": "",
    "FOA": "1518",
    "Rating": "AUG25",
    "Gms": "0",
    "K": "20",
    "B-day": "2004",
    "Flag": "wi"
  },
  {
    "ID Number": "1908316",
    "Name": "Pereira, Sergio",
    "Fed": "STP",
    "Sex": "M",
    "Title": "",
    "WTit": "",
    "OTit": "",
    "FOA": "1925",
    "Rating": "AUG25",
    "Gms": "0",
    "K": "20",
    "B-day": "1979",
    "Flag": ""
  },
  {
    "ID Number": "16900090",
    "Name": "Rita, Jeorciley",
    "Fed": "STP",
    "Sex": "M",
    "Title": "",
    "WTit": "",
    "OTit": "",
    "FOA": "1951",
    "Rating": "AUG25",
    "Gms": "0",
    "K": "20",
    "B-day": "2001",
    "Flag": "i"
  },
  {
    "ID Number": "16900057",
    "Name": "Rita, Jose",
    "Fed": "STP",
    "Sex": "M",
    "Title": "",
    "WTit": "NA",
    "OTit": "",
    "FOA": "1800",
    "Rating": "AUG25",
    "Gms": "0",
    "K": "20",
    "B-day": "1968",
    "Flag": "i"
  }
]