[
  {
    "ID Number": "3700569"
  },
  {
    "ID Number": "3722570"
  },
  {
    "ID Number": "3717771"
  },
  {
    "ID Number": "3701905"
  },
  {
    "ID Number": "3720829"
  },
  {
    "ID Number": "3710165"
  },
  {
    "ID Number": "3713318"
  },
  {
    "ID Number": "3713172"
  },
  {
    "ID Number": "3716325"
  },
  {
    "ID Number": "3709809"
  },
  {
    "ID Number": "3709817"
  },
  {
    "ID Number": "3704572"
  },
  {
    "ID Number": "3717739"
  },
  {
    "ID Number": "3702820"
  },
  {
    "ID Number": "3708160"
  },
  {
    "ID Number": "3705757"
  },
  {
    "ID Number": "3705765"
  },
  {
    "ID Number": "3711889"
  },
  {
    "ID Number": "3714888"
  },
  {
    "ID Number": "3722171"
  },
  {
    "ID Number": "3711625"
  },
  {
    "ID Number": "3710980"
  },
  {
    "ID Number": "3705480"
  },
  {
    "ID Number": "3717062"
  },
  {
    "ID Number": "3700836"
  },
  {
    "ID Number": "3724018"
  },
  {
    "ID Number": "3715450"
  },
  {
    "ID Number": "3708977"
  },
  {
    "ID Number": "3725464"
  },
  {
    "ID Number": "3705021"
  },
  {
    "ID Number": "3705013"
  },
  {
    "ID Number": "3717151"
  },
  {
    "ID Number": "3700194"
  },
  {
    "ID Number": "3701166"
  },
  {
    "ID Number": "3718603"
  },
  {
    "ID Number": "3708403"
  },
  {
    "ID Number": "3708420"
  },
  {
    "ID Number": "3706460"
  },
  {
    "ID Number": "3705331"
  },
  {
    "ID Number": "3712664"
  },
  {
    "ID Number": "3701581"
  },
  {
    "ID Number": "3719600"
  },
  {
    "ID Number": "3712761"
  },
  {
    "ID Number": "3705064"
  },
  {
    "ID Number": "3715221"
  },
  {
    "ID Number": "3715230"
  },
  {
    "ID Number": "3708187"
  },
  {
    "ID Number": "3706753"
  },
  {
    "ID Number": "3706745"
  },
  {
    "ID Number": "3714004"
  },
  {
    "ID Number": "3703452"
  },
  {
    "ID Number": "3716635"
  },
  {
    "ID Number": "3702081"
  },
  {
    "ID Number": "3702090"
  },
  {
    "ID Number": "3709752"
  },
  {
    "ID Number": "3713245"
  },
  {
    "ID Number": "3700488"
  },
  {
    "ID Number": "3712435"
  },
  {
    "ID Number": "3716341"
  },
  {
    "ID Number": "3715116"
  },
  {
    "ID Number": "3704289"
  },
  {
    "ID Number": "3701611"
  },
  {
    "ID Number": "3715493"
  },
  {
    "ID Number": "3714322"
  },
  {
    "ID Number": "3713806"
  },
  {
    "ID Number": "3709647"
  },
  {
    "ID Number": "3714713"
  },
  {
    "ID Number": "3701247"
  },
  {
    "ID Number": "3714250"
  },
  {
    "ID Number": "3712770"
  },
  {
    "ID Number": "3706044"
  },
  {
    "ID Number": "3711528"
  },
  {
    "ID Number": "3713792"
  },
  {
    "ID Number": "3709248"
  },
  {
    "ID Number": "3703568"
  },
  {
    "ID Number": "3706826"
  },
  {
    "ID Number": "3702731"
  },
  {
    "ID Number": "3715981"
  },
  {
    "ID Number": "3712605"
  },
  {
    "ID Number": "3701719"
  },
  {
    "ID Number": "3705633"
  },
  {
    "ID Number": "3707270"
  },
  {
    "ID Number": "3704432"
  },
  {
    "ID Number": "3700232"
  },
  {
    "ID Number": "3725154"
  },
  {
    "ID Number": "3718271"
  },
  {
    "ID Number": "3701999"
  },
  {
    "ID Number": "3705110"
  },
  {
    "ID Number": "3716988"
  },
  {
    "ID Number": "3716368"
  },
  {
    "ID Number": "3700585"
  },
  {
    "ID Number": "3700470"
  },
  {
    "ID Number": "3703460"
  },
  {
    "ID Number": "3703924"
  },
  {
    "ID Number": "3707571"
  },
  {
    "ID Number": "3712613"
  },
  {
    "ID Number": "3710769"
  },
  {
    "ID Number": "3710777"
  },
  {
    "ID Number": "3719693"
  },
  {
    "ID Number": "3708985"
  },
  {
    "ID Number": "3716562"
  },
  {
    "ID Number": "3704602"
  },
  {
    "ID Number": "3707970"
  },
  {
    "ID Number": "3703762"
  },
  {
    "ID Number": "3721124"
  },
  {
    "ID Number": "3715914"
  },
  {
    "ID Number": "3718239"
  },
  {
    "ID Number": "3707032"
  },
  {
    "ID Number": "3706729"
  },
  {
    "ID Number": "3722120"
  },
  {
    "ID Number": "3703118"
  },
  {
    "ID Number": "3712222"
  },
  {
    "ID Number": "3719421"
  },
  {
    "ID Number": "3719642"
  },
  {
    "ID Number": "3721159"
  },
  {
    "ID Number": "3721140"
  },
  {
    "ID Number": "3713938"
  },
  {
    "ID Number": "3709914"
  },
  {
    "ID Number": "3708764"
  },
  {
    "ID Number": "3711170"
  },
  {
    "ID Number": "3715310"
  },
  {
    "ID Number": "3707415"
  },
  {
    "ID Number": "3700364"
  },
  {
    "ID Number": "3700267"
  },
  {
    "ID Number": "3701336"
  },
  {
    "ID Number": "3715000"
  },
  {
    "ID Number": "3725499"
  },
  {
    "ID Number": "3717372"
  },
  {
    "ID Number": "3715922"
  },
  {
    "ID Number": "3704491"
  },
  {
    "ID Number": "3715884"
  },
  {
    "ID Number": "3701514"
  },
  {
    "ID Number": "3715205"
  },
  {
    "ID Number": "3503631"
  },
  {
    "ID Number": "3709795"
  },
  {
    "ID Number": "3713679"
  },
  {
    "ID Number": "3718816"
  },
  {
    "ID Number": "3716074"
  },
  {
    "ID Number": "3701255"
  },
  {
    "ID Number": "3703088"
  },
  {
    "ID Number": "3702715"
  },
  {
    "ID Number": "3713580"
  },
  {
    "ID Number": "3701034"
  },
  {
    "ID Number": "3710874"
  },
  {
    "ID Number": "3714918"
  },
  {
    "ID Number": "3710246"
  },
  {
    "ID Number": "3708705"
  },
  {
    "ID Number": "3701050"
  },
  {
    "ID Number": "3708993"
  },
  {
    "ID Number": "3721620"
  },
  {
    "ID Number": "3718549"
  },
  {
    "ID Number": "3720721"
  },
  {
    "ID Number": "3705749"
  },
  {
    "ID Number": "3715078"
  },
  {
    "ID Number": "3706303"
  },
  {
    "ID Number": "3712915"
  },
  {
    "ID Number": "3714926"
  },
  {
    "ID Number": "3709477"
  },
  {
    "ID Number": "3718247"
  },
  {
    "ID Number": "3700607"
  },
  {
    "ID Number": "3709043"
  },
  {
    "ID Number": "3716023"
  },
  {
    "ID Number": "3703410"
  },
  {
    "ID Number": "3701190"
  },
  {
    "ID Number": "3701069"
  },
  {
    "ID Number": "3719324"
  },
  {
    "ID Number": "3711544"
  },
  {
    "ID Number": "3700135"
  },
  {
    "ID Number": "3712141"
  },
  {
    "ID Number": "3702057"
  },
  {
    "ID Number": "3700887"
  },
  {
    "ID Number": "3722325"
  },
  {
    "ID Number": "3700208"
  },
  {
    "ID Number": "3709485"
  },
  {
    "ID Number": "3712036"
  },
  {
    "ID Number": "3721647"
  },
  {
    "ID Number": "3715663"
  },
  {
    "ID Number": "3720470"
  },
  {
    "ID Number": "3711218"
  },
  {
    "ID Number": "3700925"
  },
  {
    "ID Number": "3721043"
  },
  {
    "ID Number": "3701964"
  },
  {
    "ID Number": "3714535"
  },
  {
    "ID Number": "3711226"
  },
  {
    "ID Number": "3715337"
  },
  {
    "ID Number": "3708896"
  },
  {
    "ID Number": "3706761"
  },
  {
    "ID Number": "3705170"
  },
  {
    "ID Number": "3700437"
  },
  {
    "ID Number": "3708888"
  },
  {
    "ID Number": "3708780"
  },
  {
    "ID Number": "3714640"
  },
  {
    "ID Number": "3717100"
  },
  {
    "ID Number": "3712249"
  },
  {
    "ID Number": "3721655"
  },
  {
    "ID Number": "3706281"
  },
  {
    "ID Number": "3714012"
  },
  {
    "ID Number": "3714195"
  },
  {
    "ID Number": "3716171"
  },
  {
    "ID Number": "3713539"
  },
  {
    "ID Number": "3719928"
  },
  {
    "ID Number": "3700348"
  },
  {
    "ID Number": "3725502"
  },
  {
    "ID Number": "3708730"
  },
  {
    "ID Number": "3721850"
  },
  {
    "ID Number": "3707431"
  },
  {
    "ID Number": "3703770"
  },
  {
    "ID Number": "3723780"
  },
  {
    "ID Number": "3714411"
  },
  {
    "ID Number": "3713970"
  },
  {
    "ID Number": "3707997"
  },
  {
    "ID Number": "3703983"
  },
  {
    "ID Number": "3707199"
  },
  {
    "ID Number": "3711234"
  },
  {
    "ID Number": "3702928"
  },
  {
    "ID Number": "3701158"
  },
  {
    "ID Number": "3702227"
  },
  {
    "ID Number": "3714845"
  },
  {
    "ID Number": "3715507"
  },
  {
    "ID Number": "3712966"
  },
  {
    "ID Number": "3704742"
  },
  {
    "ID Number": "3721760"
  },
  {
    "ID Number": "3715477"
  },
  {
    "ID Number": "3717321"
  },
  {
    "ID Number": "3720918"
  },
  {
    "ID Number": "3705250"
  },
  {
    "ID Number": "3702529"
  },
  {
    "ID Number": "3701212"
  },
  {
    "ID Number": "3702634"
  },
  {
    "ID Number": "3700976"
  },
  {
    "ID Number": "3701018"
  },
  {
    "ID Number": "3722333"
  },
  {
    "ID Number": "3502325"
  },
  {
    "ID Number": "3712680"
  },
  {
    "ID Number": "3717437"
  },
  {
    "ID Number": "3701344"
  },
  {
    "ID Number": "3720039"
  },
  {
    "ID Number": "3712974"
  },
  {
    "ID Number": "3717356"
  },
  {
    "ID Number": "3720691"
  },
  {
    "ID Number": "3710840"
  },
  {
    "ID Number": "3722635"
  },
  {
    "ID Number": "3713652"
  },
  {
    "ID Number": "3709868"
  },
  {
    "ID Number": "3711153"
  },
  {
    "ID Number": "3700305"
  },
  {
    "ID Number": "3705625"
  },
  {
    "ID Number": "3705617"
  },
  {
    "ID Number": "3725510"
  },
  {
    "ID Number": "3717747"
  },
  {
    "ID Number": "3717429"
  },
  {
    "ID Number": "3700038"
  },
  {
    "ID Number": "3714934"
  },
  {
    "ID Number": "3701352"
  },
  {
    "ID Number": "3700844"
  },
  {
    "ID Number": "3701107"
  },
  {
    "ID Number": "3713911"
  },
  {
    "ID Number": "3707040"
  },
  {
    "ID Number": "3715035"
  },
  {
    "ID Number": "3718034"
  },
  {
    "ID Number": "3716449"
  },
  {
    "ID Number": "3708799"
  },
  {
    "ID Number": "3715302"
  },
  {
    "ID Number": "3717836"
  },
  {
    "ID Number": "3702871"
  },
  {
    "ID Number": "3701506"
  },
  {
    "ID Number": "3707350"
  },
  {
    "ID Number": "3717682"
  },
  {
    "ID Number": "3710793"
  },
  {
    "ID Number": "3703371"
  },
  {
    "ID Number": "3707466"
  },
  {
    "ID Number": "3707474"
  },
  {
    "ID Number": "3713725"
  },
  {
    "ID Number": "3721779"
  },
  {
    "ID Number": "3700526"
  },
  {
    "ID Number": "3722406"
  },
  {
    "ID Number": "3711056"
  },
  {
    "ID Number": "3712958"
  },
  {
    "ID Number": "3709779"
  },
  {
    "ID Number": "3716457"
  },
  {
    "ID Number": "3711579"
  },
  {
    "ID Number": "3703134"
  },
  {
    "ID Number": "3717666"
  },
  {
    "ID Number": "3720241"
  },
  {
    "ID Number": "3720250"
  },
  {
    "ID Number": "3700658"
  },
  {
    "ID Number": "3700666"
  },
  {
    "ID Number": "3716104"
  },
  {
    "ID Number": "3708845"
  },
  {
    "ID Number": "3708900"
  },
  {
    "ID Number": "3705226"
  },
  {
    "ID Number": "3710505"
  },
  {
    "ID Number": "3704238"
  },
  {
    "ID Number": "3706575"
  },
  {
    "ID Number": "3710807"
  },
  {
    "ID Number": "3708322"
  },
  {
    "ID Number": "3716015"
  },
  {
    "ID Number": "3701654"
  },
  {
    "ID Number": "3711293"
  },
  {
    "ID Number": "3713750"
  },
  {
    "ID Number": "3708802"
  },
  {
    "ID Number": "3704858"
  },
  {
    "ID Number": "3708942"
  },
  {
    "ID Number": "3710858"
  },
  {
    "ID Number": "3707121"
  },
  {
    "ID Number": "3706923"
  },
  {
    "ID Number": "3700275"
  },
  {
    "ID Number": "3714675"
  },
  {
    "ID Number": "3716147"
  },
  {
    "ID Number": "3712893"
  },
  {
    "ID Number": "3713490"
  },
  {
    "ID Number": "3705277"
  },
  {
    "ID Number": "3708470"
  },
  {
    "ID Number": "3909166"
  },
  {
    "ID Number": "3910857"
  },
  {
    "ID Number": "3712532"
  },
  {
    "ID Number": "3722287"
  },
  {
    "ID Number": "3715485"
  },
  {
    "ID Number": "3713164"
  },
  {
    "ID Number": "3721000"
  },
  {
    "ID Number": "3706940"
  },
  {
    "ID Number": "3709736"
  },
  {
    "ID Number": "3705587"
  },
  {
    "ID Number": "3701026"
  },
  {
    "ID Number": "3700550"
  },
  {
    "ID Number": "3707695"
  },
  {
    "ID Number": "3714055"
  },
  {
    "ID Number": "3713342"
  },
  {
    "ID Number": "3719774"
  },
  {
    "ID Number": "3717976"
  },
  {
    "ID Number": "3719782"
  },
  {
    "ID Number": "3720047"
  },
  {
    "ID Number": "3701786"
  },
  {
    "ID Number": "3718743"
  },
  {
    "ID Number": "3721949"
  },
  {
    "ID Number": "3714110"
  },
  {
    "ID Number": "3714101"
  },
  {
    "ID Number": "3714624"
  },
  {
    "ID Number": "3711790"
  },
  {
    "ID Number": "3704394"
  },
  {
    "ID Number": "3716619"
  },
  {
    "ID Number": "3712281"
  },
  {
    "ID Number": "3711722"
  },
  {
    "ID Number": "3713733"
  },
  {
    "ID Number": "3701301"
  },
  {
    "ID Number": "3700062"
  },
  {
    "ID Number": "3709728"
  },
  {
    "ID Number": "3701263"
  },
  {
    "ID Number": "3701530"
  },
  {
    "ID Number": "3704890"
  },
  {
    "ID Number": "3703215"
  },
  {
    "ID Number": "3701360"
  },
  {
    "ID Number": "3507831"
  },
  {
    "ID Number": "3702014"
  },
  {
    "ID Number": "3712176"
  },
  {
    "ID Number": "3712184"
  },
  {
    "ID Number": "3715272"
  },
  {
    "ID Number": "3715264"
  },
  {
    "ID Number": "3701271"
  },
  {
    "ID Number": "3701280"
  },
  {
    "ID Number": "3714390"
  },
  {
    "ID Number": "3710726"
  },
  {
    "ID Number": "3707059"
  },
  {
    "ID Number": "3706850"
  },
  {
    "ID Number": "3719790"
  },
  {
    "ID Number": "3700330"
  },
  {
    "ID Number": "3715957"
  },
  {
    "ID Number": "3720152"
  },
  {
    "ID Number": "3705102"
  },
  {
    "ID Number": "3705099"
  },
  {
    "ID Number": "3705293"
  },
  {
    "ID Number": "3719189"
  },
  {
    "ID Number": "3703002"
  },
  {
    "ID Number": "3700445"
  },
  {
    "ID Number": "3711714"
  },
  {
    "ID Number": "3723364"
  },
  {
    "ID Number": "3716503"
  },
  {
    "ID Number": "3716511"
  },
  {
    "ID Number": "3707105"
  },
  {
    "ID Number": "3700143"
  },
  {
    "ID Number": "3706648"
  },
  {
    "ID Number": "3703509"
  },
  {
    "ID Number": "3701115"
  },
  {
    "ID Number": "3709019"
  },
  {
    "ID Number": "3702553"
  },
  {
    "ID Number": "3714209"
  },
  {
    "ID Number": "3714160"
  },
  {
    "ID Number": "3709930"
  },
  {
    "ID Number": "3713598"
  },
  {
    "ID Number": "3701476"
  },
  {
    "ID Number": "3708969"
  },
  {
    "ID Number": "3717984"
  },
  {
    "ID Number": "3713199"
  },
  {
    "ID Number": "3709884"
  },
  {
    "ID Number": "3725391"
  },
  {
    "ID Number": "3712702"
  },
  {
    "ID Number": "3701220"
  },
  {
    "ID Number": "3718123"
  },
  {
    "ID Number": "3713644"
  },
  {
    "ID Number": "3703851"
  },
  {
    "ID Number": "3710270"
  },
  {
    "ID Number": "3709060"
  },
  {
    "ID Number": "3713814"
  },
  {
    "ID Number": "3713822"
  },
  {
    "ID Number": "3721825"
  },
  {
    "ID Number": "3700682"
  },
  {
    "ID Number": "3707067"
  },
  {
    "ID Number": "3700941"
  },
  {
    "ID Number": "3713709"
  },
  {
    "ID Number": "3709116"
  },
  {
    "ID Number": "3714144"
  },
  {
    "ID Number": "3713571"
  },
  {
    "ID Number": "3700690"
  },
  {
    "ID Number": "3702154"
  },
  {
    "ID Number": "3720810"
  },
  {
    "ID Number": "3703436"
  },
  {
    "ID Number": "3720985"
  },
  {
    "ID Number": "3713717"
  },
  {
    "ID Number": "3712818"
  },
  {
    "ID Number": "3711315"
  },
  {
    "ID Number": "3714969"
  },
  {
    "ID Number": "3713741"
  },
  {
    "ID Number": "3718468"
  },
  {
    "ID Number": "3710890"
  },
  {
    "ID Number": "3709426"
  },
  {
    "ID Number": "3700160"
  },
  {
    "ID Number": "3701840"
  },
  {
    "ID Number": "3714314"
  },
  {
    "ID Number": "3710785"
  },
  {
    "ID Number": "3714373"
  },
  {
    "ID Number": "3717844"
  },
  {
    "ID Number": "3713105"
  },
  {
    "ID Number": "3709434"
  },
  {
    "ID Number": "3707555"
  },
  {
    "ID Number": "3707750"
  },
  {
    "ID Number": "3702561"
  },
  {
    "ID Number": "3711609"
  },
  {
    "ID Number": "3717925"
  },
  {
    "ID Number": "3711617"
  },
  {
    "ID Number": "3710696"
  },
  {
    "ID Number": "3700020"
  },
  {
    "ID Number": "3723763"
  },
  {
    "ID Number": "3703096"
  },
  {
    "ID Number": "3700860"
  },
  {
    "ID Number": "3715833"
  },
  {
    "ID Number": "3707911"
  },
  {
    "ID Number": "3702308"
  },
  {
    "ID Number": "3712737"
  },
  {
    "ID Number": "3711358"
  },
  {
    "ID Number": "3717461"
  },
  {
    "ID Number": "3713202"
  },
  {
    "ID Number": "3700712"
  },
  {
    "ID Number": "3701573"
  },
  {
    "ID Number": "3711323"
  },
  {
    "ID Number": "3714756"
  },
  {
    "ID Number": "3711773"
  },
  {
    "ID Number": "3719596"
  },
  {
    "ID Number": "3700704"
  },
  {
    "ID Number": "3725529"
  },
  {
    "ID Number": "3712753"
  },
  {
    "ID Number": "3707148"
  },
  {
    "ID Number": "3714489"
  },
  {
    "ID Number": "3704998"
  },
  {
    "ID Number": "3705005"
  },
  {
    "ID Number": "3722422"
  },
  {
    "ID Number": "3713288"
  },
  {
    "ID Number": "3725448"
  },
  {
    "ID Number": "3701859"
  },
  {
    "ID Number": "3700798"
  },
  {
    "ID Number": "3719022"
  },
  {
    "ID Number": "3716554"
  },
  {
    "ID Number": "3704203"
  },
  {
    "ID Number": "3710211"
  },
  {
    "ID Number": "3703266"
  },
  {
    "ID Number": "3711820"
  },
  {
    "ID Number": "3716970"
  },
  {
    "ID Number": "3705412"
  },
  {
    "ID Number": "3700755"
  },
  {
    "ID Number": "3707156"
  },
  {
    "ID Number": "3714594"
  },
  {
    "ID Number": "3721698"
  },
  {
    "ID Number": "3704220"
  },
  {
    "ID Number": "3700496"
  },
  {
    "ID Number": "3714217"
  },
  {
    "ID Number": "3708918"
  },
  {
    "ID Number": "3717291"
  }
]