ID Number,Name,Fed,Sex,Title,WTit,OTit,Rating,Gms,K,RatingMonth,B-day,Flag
13431595,"Abasov, Anar",AZE,M,,,,1524,0,40,SEP25,2007,i
13448374,"Abasov, Elgun",AZE,M,,,,1513,0,40,SEP25,2009,
54153972,"Abasov, Farid",AZE,M,,,,1566,0,40,SEP25,2007,i
13402960,"Abasov, Nijat",AZE,M,GM,FST,,2559,0,10,SEP25,1995,
13477773,"Abasov, Rizvan",AZE,M,,,,1538,0,40,SEP25,2018,
13419781,"Abasov, Yusif",AZE,M,,,,1791,7,40,SEP25,2008,
13420470,"Abaszada, Suada",AZE,F,,,,1567,0,40,SEP25,2009,wi
13488210,"Abbasli, Aydin",AZE,M,,,,1650,0,40,SEP25,1999,
13448803,"Abbasli, Karim",AZE,M,,,,1608,6,40,SEP25,2012,
13442546,"Abbasli, Saleh",AZE,M,,,,1477,0,40,SEP25,2010,i
13402277,"Abbasov, Amil",AZE,M,,,,2073,0,20,SEP25,1995,
13457780,"Abbasov, Aykhan",AZE,M,,,,1507,0,40,SEP25,2009,i
13417487,"Abbasov, Azad",AZE,M,,,,1747,0,20,SEP25,2005,i
13481916,"Abbasov, Emil",AZE,M,,,,1712,0,40,SEP25,2008,
13400665,"Abbasov, Farid",AZE,M,GM,FT,,2451,0,10,SEP25,1979,i
13463039,"Abbasov, Farid",AZE,M,,,,1458,0,40,SEP25,2013,i
13445898,"Abbasov, Ibrahim",AZE,M,,,,1413,0,40,SEP25,2013,i
13405233,"Abbasov, Mehman",AZE,M,,,,1867,0,20,SEP25,1970,i
13462270,"Abbasov, Nijat",AZE,M,,,,1514,0,20,SEP25,2004,i
13442147,"Abbasov, Rovshan",AZE,M,,,,1609,0,20,SEP25,1973,i
13416707,"Abbasov, Sadig",AZE,M,,,,1686,0,40,SEP25,2007,i
13401777,"Abbasov, Vusal",AZE,M,FM,,,2169,0,20,SEP25,1987,i
13410300,"Abbasova, Aynur",AZE,F,,,,1673,5,20,SEP25,1999,w
13410059,"Abbasova, Sadagat",AZE,F,,,,1768,0,20,SEP25,2003,wi
13423193,"Abbasova, Zarifa",AZE,F,,,,1581,0,40,SEP25,2009,wi
13458604,"Abbassoy, Javad",AZE,M,,,,1477,0,40,SEP25,2015,
13458612,"Abbassoy, Toghrul",AZE,M,,,,1559,0,40,SEP25,2015,
13424467,"Abbaszada, Madina",AZE,F,,,,1449,0,40,SEP25,2007,w
13424475,"Abbaszada, Maryam",AZE,F,,,,1478,12,40,SEP25,2011,w
13416715,"Abbaszade, Agshin",AZE,M,,,,1489,0,40,SEP25,2006,i
13454498,"Abbaszade, Elmir",AZE,M,,,,1635,0,40,SEP25,2007,i
13425340,"Abdinova, Narmin",AZE,F,,,,2045,14,40,SEP25,2008,w
13416502,"Abdulbaghiyev, Rufat",AZE,M,,,,1952,14,20,SEP25,2003,
13453866,"Abdulkarim, Murad",AZE,M,,,,1435,0,40,SEP25,2006,i
13425439,"Abdulkarimli, Eljan",AZE,M,,,,1961,14,40,SEP25,2007,
13401807,"Abdulla, Khayala",AZE,F,WGM,WGM,,2147,0,20,SEP25,1993,wi
13464906,"Abdulla, Tunjay",AZE,M,,,,1411,0,40,SEP25,2011,i
13429604,"Abdullabayli, Rajab",AZE,M,,,,1706,0,40,SEP25,2008,i
13401700,"Abdullaev, Mahish",AZE,M,,,,2276,0,20,SEP25,1986,i
13443089,"Abdullayev, Abdulla",AZE,M,,,,1565,0,40,SEP25,2009,
13451022,"Abdullayev, Ahmad",AZE,M,,,,1571,0,40,SEP25,2012,
13409123,"Abdullayev, Asaf",AZE,M,,,,1973,0,20,SEP25,1961,i
13411152,"Abdullayev, Beytulla",AZE,M,,,,1668,0,20,SEP25,1950,i
13403087,"Abdullayev, Elshad",AZE,M,,,,2063,0,20,SEP25,1991,
13449664,"Abdullayev, Huseyn",AZE,M,,,,1582,0,40,SEP25,2009,i
13420100,"Abdullayev, Kamal",AZE,M,,,,1486,0,20,SEP25,2004,
13456997,"Abdullayev, Mikayil Ali",AZE,M,,,,1460,0,40,SEP25,2015,
13452967,"Abdullayev, Orkhan",AZE,M,,,,1462,0,40,SEP25,1988,i
13465830,"Abdullayev, Rasul",AZE,M,,,,1438,0,40,SEP25,2014,i
13452282,"Abdullayev, Rasul",AZE,M,,,,1411,0,40,SEP25,2010,i
13432796,"Abdullayev, Raul",AZE,M,,,,1708,0,40,SEP25,2008,
13459465,"Abdullayev, Royal",AZE,M,,,,1484,0,40,SEP25,2012,
13403818,"Abdullayev, Shami",AZE,M,,,,2030,0,20,SEP25,1994,
13415832,"Abdullayev, Tarlan",AZE,M,,,,1627,0,20,SEP25,2002,i
13428080,"Abdullayev, Tofig",AZE,M,,,,1479,0,40,SEP25,2005,i
13420119,"Abdullayeva, Fidan",AZE,F,,,,1453,0,40,SEP25,2007,wi
13470876,"Abdullayeva, Humay",AZE,F,,,,1539,0,40,SEP25,2008,wi
13431935,"Abdullayeva, Sama",AZE,F,,,,1494,0,20,SEP25,2003,wi
13456920,"Abdullazade, Beyrak",AZE,M,,,,1637,0,40,SEP25,2007,i
13402498,"Abdulov, Gulamhuseyn",AZE,M,,,,1896,0,20,SEP25,1964,i
13402714,"Abdulov, Orkhan",AZE,M,IM,,,2219,0,20,SEP25,1988,
13459538,"Abdurahmanli, Malak",AZE,F,,,,1420,0,40,SEP25,2009,wi
13464183,"Abdurahmanov, Emin",AZE,M,,,,1459,0,20,SEP25,2003,i
13474626,"Abilov, Ali",AZE,M,,,,1464,0,40,SEP25,1990,i
13405390,"Abishli, Oghuz",AZE,M,,,,1992,0,20,SEP25,2000,i
13466933,"Abishov, Fariz",AZE,M,,,,AGM,1593,0,SEP25,2005,
13465899,"Abishov, Jamil",AZE,M,,,,1536,0,20,SEP25,2002,i
13458027,"Abiyeva, Zeynab",AZE,F,,,,1591,0,40,SEP25,2009,wi
13452878,"Abtalibli, Yusif",AZE,M,,,,1449,0,40,SEP25,2011,i
13473190,"Abusheva, Daniz",AZE,F,,,,1475,0,40,SEP25,2012,w
13456725,"Adigozalli, Ismayil",AZE,M,,,,1420,0,40,SEP25,2010,i
13461168,"Adigozalov, Salman",AZE,M,,,,1571,0,40,SEP25,2008,i
13469940,"Afandi, Sadagul",AZE,F,,,,1582,7,40,SEP25,2014,w
13477099,"Afandiyev, Rashad",AZE,M,,,,1464,0,40,SEP25,2012,
13473042,"Aghabayli, Aykhan",AZE,M,,,,AFM,1569,0,SEP25,2005,
13475444,"Aghabayov, Nihat",AZE,M,,,,1499,0,40,SEP25,2014,
13455575,"Aghajanov, Eldar",AZE,M,,,,1529,4,40,SEP25,2014,
13412647,"Aghalarov, Daim",AZE,M,,,,1748,0,40,SEP25,1986,
13481665,"Aghalarov, Mirmahmud",AZE,M,,,,1618,0,40,SEP25,1989,
13423711,"Aghali, Nahid",AZE,M,,,,1741,0,40,SEP25,2008,i
13457756,"Aghamaliyev, Toghrul",AZE,M,,,,1443,0,40,SEP25,2008,i
13455729,"Aghamirzayeva, Rena",AZE,F,,,,1459,0,40,SEP25,2011,wi
13454390,"Aghammadov, Karim",AZE,M,,,,1704,0,40,SEP25,2011,
13402854,"Aghasiyev, Kamal",AZE,M,IM,FT,,2308,0,10,SEP25,1988,i
13402374,"Aghasiyeva, Fidan",AZE,F,WIM,WIM,,2069,0,20,SEP25,1987,wi
13453157,"Aghasiyeva, Maltam",AZE,F,,,,1641,0,40,SEP25,1990,wi
13452509,"Aghaverdiyeva, Maryam",AZE,F,WCM,WCM,,1918,14,40,SEP25,2010,w
13459058,"Aghayev, Elchin",AZE,M,,,,1686,7,40,SEP25,2007,
13424696,"Aghayev, Ismayil",AZE,M,,,,1602,0,20,SEP25,2004,i
13422014,"Aghayev, Nail",AZE,M,,,,1675,0,20,SEP25,2006,
13417266,"Aghayev, Nariman",AZE,M,,,,1646,0,40,SEP25,2005,i
13424270,"Aghayev, Nihad",AZE,M,,,,1633,0,40,SEP25,2005,i
13402048,"Aghayev, Nijat",AZE,M,IM,,,2307,0,20,SEP25,1990,i
13420801,"Aghayev, Samad",AZE,M,,,,1530,0,40,SEP25,2006,i
13476505,"Aghayev, Suad",AZE,M,,,,1457,9,40,SEP25,2012,
13435396,"Aghayeva, Guldana",AZE,F,,,,1533,11,40,SEP25,2011,w
13424092,"Aghayeva, Gulsanam",AZE,F,,,,1547,0,40,SEP25,2006,wi
13427881,"Aghayeva, Gunel",AZE,F,,,,1491,0,20,SEP25,2003,wi
13474570,"Aghazada, Ali",AZE,M,,,,1581,0,40,SEP25,2009,
13433148,"Aghazada, Arif",AZE,M,,,,1417,0,40,SEP25,2010,i
13425641,"Aghazada, Aykhan",AZE,M,,,,1546,0,40,SEP25,2007,i
13458434,"Aghazada, Aykhan",AZE,M,,,,1450,0,40,SEP25,2013,i
13425650,"Aghazada, Khayal",AZE,M,,,,1441,0,40,SEP25,2005,i
13462261,"Aghazada, Mirmehdi",AZE,M,,,,1666,0,20,SEP25,1992,i
13463853,"Aghazada, Omar",AZE,M,,,,1559,0,40,SEP25,2015,
13456750,"Aghazada, Shukur",AZE,M,,,,1463,0,40,SEP25,2012,
13468162,"Aghazada, Vugar Oktay",AZE,M,,,,1452,0,20,SEP25,1994,i
13456369,"Aghazada,Mirnamig",AZE,M,,,,1765,0,40,SEP25,2012,
13412795,"Ahadzade, Hajiali",AZE,M,,,,1823,0,20,SEP25,2004,i
13405640,"Ahadzade, Kanan",AZE,M,,,,1988,7,20,SEP25,2001,
13469282,"Ahadzade, Yusif",AZE,M,,,,1554,16,40,SEP25,2015,
13431552,"Ahmad, Khagan",AZE,M,IM,,,2302,7,20,SEP25,2011,
13418092,"Ahmadli, Hasan",AZE,M,,,,1703,0,20,SEP25,2004,i
13451502,"Ahmadli, Mehriban",AZE,F,WCM,WCM,,1576,0,40,SEP25,2015,w
13462687,"Ahmadli, Nihad",AZE,M,,,,1893,13,40,SEP25,2013,
13433946,"Ahmadli, Nihad",AZE,M,,,,1524,0,40,SEP25,2010,
13462970,"Ahmadli, Oghuz",AZE,M,,,,1423,0,40,SEP25,2011,
13468588,"Ahmadli, Shahbaz",AZE,M,,,,1543,0,40,SEP25,2008,i
13462695,"Ahmadli, Tunjay",AZE,M,,,,1460,0,40,SEP25,2015,
13471406,"Ahmadli, Ulvi",AZE,M,,,,1562,0,40,SEP25,2014,
13475142,"Ahmadov, Aladdin",AZE,M,,,,1432,0,40,SEP25,2016,
13419480,"Ahmadov, Emin",AZE,M,,,,1555,0,40,SEP25,2008,i
13402200,"Ahmadov, Fariz",AZE,M,,,,2007,0,20,SEP25,1988,
13488058,"Ahmadov, Hikmat",AZE,M,,,,1506,0,40,SEP25,2014,
13413392,"Ahmadov, Murad",AZE,M,,,,1778,0,20,SEP25,2003,i
13435205,"Ahmadov, Museyib",AZE,M,,,,1548,0,40,SEP25,2008,i
13484508,"Ahmadov, Omar",AZE,M,,,,1481,3,40,SEP25,2013,
13424017,"Ahmadov, Orkhan",AZE,M,,,,1777,0,20,SEP25,2006,i
13430386,"Ahmadov, Ramil",AZE,M,,,,1646,0,20,SEP25,2004,i
13422642,"Ahmadov, Ramil",AZE,M,,,,1588,0,40,SEP25,2006,i
13425668,"Ahmadov, Real",AZE,M,,,,1608,0,40,SEP25,2005,i
13422863,"Ahmadov, Rovnag",AZE,M,,,,1555,0,40,SEP25,2008,i
13435655,"Ahmadov, Shirvan",AZE,M,,,,1627,0,20,SEP25,1969,i
13403435,"Ahmadov, Vusal",AZE,M,,,,1807,0,20,SEP25,1981,
13405403,"Ahmadova, Fatima",AZE,F,,,,1777,0,20,SEP25,1998,wi
13413201,"Ahmadova, Irada",AZE,F,,,,1765,0,20,SEP25,2001,wi
13413228,"Ahmadova, Raya",AZE,F,,,,1635,0,20,SEP25,2002,wi
13413414,"Ahmadova, Yegana",AZE,F,,,,1678,0,20,SEP25,2004,wi
13413007,"Ahmadzada, Ahmad",AZE,M,GM,,,2426,7,10,SEP25,2004,
13423754,"Ahmadzada, Huseyn",AZE,M,,,,1675,0,40,SEP25,2009,i
13473301,"Ahmadzada, Rahman",AZE,M,,,,1402,0,40,SEP25,2003,i
13423215,"Akbarov, Nihat",AZE,M,,,,1510,0,40,SEP25,2005,i
13455923,"Akbarzade, Sahib",AZE,M,,,,1476,0,40,SEP25,2011,
13425102,"Akhmedov, Novruz",AZE,M,,,,1729,0,40,SEP25,2006,i
13445863,"Akhundlu, Irada",AZE,F,,,,1421,0,40,SEP25,2012,wi
13418556,"Akhundov, Akif",AZE,M,,,,1667,0,20,SEP25,2003,i
13442465,"Akhundov, Ali",AZE,M,,,,1461,0,40,SEP25,2010,i
13410032,"Akhundov, Teymuraz",AZE,M,FM,,,2210,0,20,SEP25,2002,i
13419897,"Akhundova, Nargiz",AZE,F,,,,1580,0,20,SEP25,2004,wi
13481568,"Akhundzada, Chingiz",AZE,M,,,,1692,0,40,SEP25,2003,i
13470825,"Akhundzada, Nihad",AZE,M,,,,1463,0,40,SEP25,2011,
13475169,"Akhundzade, Asim",AZE,M,,,,1641,0,40,SEP25,2015,
13464930,"Alakbarli, Deniz",AZE,M,,,,1570,0,40,SEP25,2012,
13431560,"Alakbarli, Inji",AZE,F,,,,1451,0,40,SEP25,2011,w
13461117,"Alakbarli, Zeynab",AZE,F,,,,1438,0,40,SEP25,2015,w
13415972,"Alakbarov, Emin",AZE,M,,,,1829,0,20,SEP25,2001,
13416243,"Alasgarli, Ibrahim",AZE,M,,,,1610,0,20,SEP25,2005,i
13401262,"Aleskerov, Faik",AZE,M,,,,2347,0,20,SEP25,1985,i
13424343,"Ali, Ahad",AZE,M,,,,1689,0,20,SEP25,2004,i
13476696,"Ali, Huseyn",AZE,M,,,,1450,0,40,SEP25,2011,
13475010,"Ali, Ilyas",AZE,M,,,,1463,3,40,SEP25,2013,
13458140,"Ali, Turgut",AZE,M,,,,1451,0,40,SEP25,2015,
13423096,"Alibayov, Vali",AZE,M,,,,1726,0,20,SEP25,1974,i
13440594,"Alihummatov, Ravan",AZE,M,,,,1420,0,40,SEP25,2011,i
13426940,"Alili, Murad",AZE,M,,,,1528,0,40,SEP25,2007,i
13461044,"Alimammadzada, Emin",AZE,M,,,,1522,0,40,SEP25,2013,i
13455630,"Alipashali, Fateh",AZE,M,,,,1524,0,40,SEP25,2013,
13463861,"Alisoy, Mesud",AZE,M,,,,1588,0,40,SEP25,2013,
13460277,"Alistanov, Ilham",AZE,M,,,,1574,0,40,SEP25,2011,
13428977,"Aliyarli, Khan",AZE,M,,,,AIM,1486,0,SEP25,2005,i
13429108,"Aliyarli, Said",AZE,M,,,,AIM,1515,0,SEP25,2007,i
13438220,"Aliyev, Abdurrashid",AZE,M,,,,1466,0,40,SEP25,2010,i
13405411,"Aliyev, Adnan",AZE,M,,,,1849,0,20,SEP25,2002,i
13471090,"Aliyev, Ahmadagha",AZE,M,,,,1549,0,40,SEP25,2001,
13456385,"Aliyev, Akbar",AZE,M,,,,AFM,1544,0,SEP25,2013,i
13416723,"Aliyev, Ali",AZE,M,,,,1776,0,20,SEP25,2004,i
13418580,"Aliyev, Ali",AZE,M,,,,1706,0,20,SEP25,2001,i
13476033,"Aliyev, Ali Imran",AZE,M,,,,1617,0,20,SEP25,1999,
13410520,"Aliyev, Aqshin",AZE,M,,,,1792,0,20,SEP25,2000,i
13427733,"Aliyev, Asgar",AZE,M,,,,1536,0,40,SEP25,2008,i
13424254,"Aliyev, Aykhan",AZE,M,,,,1898,0,20,SEP25,2005,
13464922,"Aliyev, Davud Fuad",AZE,M,,,,1596,0,40,SEP25,2013,i
13402617,"Aliyev, Elnur",AZE,M,CM,,,2157,0,20,SEP25,1987,
13404032,"Aliyev, Eltun",AZE,M,,,,1786,0,20,SEP25,1999,i
13472615,"Aliyev, Farhad",AZE,M,,,,1423,0,40,SEP25,1993,i
13416154,"Aliyev, Farid",AZE,M,,,,1672,0,40,SEP25,2006,i
13420259,"Aliyev, Farid",AZE,M,,,,1505,0,20,SEP25,1997,i
13469797,"Aliyev, Farid Samir",AZE,M,,,,1516,0,40,SEP25,2008,i
13451936,"Aliyev, Fuad Eldeniz",AZE,M,,,,1651,0,40,SEP25,2008,i
13474782,"Aliyev, Hamid",AZE,M,,,,1646,0,40,SEP25,2008,i
13411101,"Aliyev, Huseyn",AZE,M,,,,1513,0,20,SEP25,1954,i
13433741,"Aliyev, Ilgar",AZE,M,,,,1569,7,40,SEP25,2010,
13474790,"Aliyev, Jalal",AZE,M,,,,1543,0,40,SEP25,2000,i
13474340,"Aliyev, Javad",AZE,M,,,,1444,0,40,SEP25,2015,
13451812,"Aliyev, Javid",AZE,M,,,,1495,0,40,SEP25,2012,
13489402,"Aliyev, Javid Ulfat",AZE,M,,,,1516,8,40,SEP25,2013,
13442872,"Aliyev, Kenan",AZE,M,,,,1553,0,40,SEP25,2011,i
13416049,"Aliyev, Maqsud",AZE,M,,,,1815,0,20,SEP25,2002,i
13446932,"Aliyev, Nihad",AZE,M,,,,1530,0,40,SEP25,2010,i
13463918,"Aliyev, Omar Rafig",AZE,M,,,,1541,6,40,SEP25,2014,
13409166,"Aliyev, Orkhan",AZE,M,,,,1642,0,20,SEP25,1996,
13410970,"Aliyev, Rahim",AZE,M,,,,1859,0,20,SEP25,2004,i
13474430,"Aliyev, Ramil",AZE,M,,,,1508,0,40,SEP25,1984,
13401084,"Aliyev, Rasim",AZE,M,FM,,,2119,0,20,SEP25,1979,i
13404610,"Aliyev, Rasul",AZE,M,,,,1602,0,20,SEP25,1993,
13409980,"Aliyev, Ravan",AZE,M,IM,,,2194,0,20,SEP25,2002,
13479245,"Aliyev, Ravan",AZE,M,,,,1439,0,40,SEP25,2011,
13415131,"Aliyev, Rufat",AZE,M,,,,1729,0,40,SEP25,1987,
13436511,"Aliyev, Sabir",AZE,M,,,,1626,0,20,SEP25,1972,i
13462199,"Aliyev, Sadig Rashad",AZE,M,,,,1522,0,40,SEP25,2010,i
13433628,"Aliyev, Samir",AZE,M,,,,1775,0,20,SEP25,1972,i
13415263,"Aliyev, Sanan",AZE,M,CM,,,1806,0,40,SEP25,2005,i
13430424,"Aliyev, Seyfulla",AZE,M,,,,1900,0,20,SEP25,1985,i
13429655,"Aliyev, Shahin",AZE,M,,,,1542,0,40,SEP25,2008,i
13465880,"Aliyev, Suleyman",AZE,M,,,,1497,0,40,SEP25,2013,i
13418564,"Aliyev, Toghrul",AZE,M,,,,1759,0,40,SEP25,2005,i
13424777,"Aliyev, Yagub",AZE,M,,,,1495,0,40,SEP25,2009,i
13465309,"Aliyev, Yusif Elshad",AZE,M,,,,1458,0,40,SEP25,2010,i
13475576,"Aliyev, Ziya",AZE,M,,,,1443,0,40,SEP25,2009,i
13454722,"Aliyev, Ziya",AZE,M,,,,1503,0,40,SEP25,2014,
13435191,"Aliyeva, Aisha",AZE,F,,,,1582,0,40,SEP25,2009,wi
13471597,"Aliyeva, Ayan Aslan",AZE,F,,,,1451,4,40,SEP25,2010,w
13474979,"Aliyeva, Ayla",AZE,F,,,,1610,0,40,SEP25,2012,w
13419447,"Aliyeva, Aysha",AZE,F,,,,1482,0,40,SEP25,2009,wi
13422804,"Aliyeva, Sevil",AZE,F,,,,1449,0,20,SEP25,1996,wi
13449834,"Aliyeva, Tarana",AZE,F,,,,1478,0,20,SEP25,1988,wi
13430718,"Alizada, Agshin",AZE,M,,,,AFM,2030,0,SEP25,2009,
13458442,"Alizada, Alisa",AZE,M,,,,1432,0,40,SEP25,2012,i
13412655,"Alizada, Aykhan Natig",AZE,M,,,,1792,0,20,SEP25,2003,i
13410016,"Alizada, Aykhan Zafar",AZE,M,,,,1514,2,40,SEP25,2003,
13415450,"Alizada, Aysel",AZE,F,,,,1638,0,20,SEP25,2003,wi
13408313,"Alizada, Fidan",AZE,F,,,,1651,0,20,SEP25,2002,wi
13429345,"Alizada, Nijat",AZE,M,,,,1466,0,40,SEP25,2007,i
13473670,"Alizada, Nizami",AZE,M,,,,1670,0,40,SEP25,1997,i
13424491,"Alizada, Pasham",AZE,M,,,,2040,14,40,SEP25,2011,
13436686,"Alizada, Rasul",AZE,M,,,,1492,0,40,SEP25,2011,i
13463683,"Alizada, Said",AZE,M,,,,1451,0,40,SEP25,2012,
13471171,"Alizada, Said Orkhan",AZE,M,,,,ACM,1455,6,SEP25,2012,
13433059,"Alizada, Uzeyir",AZE,M,,,,1627,0,40,SEP25,2007,i
13471562,"Alizada, Vugar",AZE,M,,,,1431,0,40,SEP25,2017,
13448927,"Alizada, Vugar",AZE,M,,,,1593,0,40,SEP25,1966,i
13484346,"Alizade, Isa",AZE,M,,,,1415,0,40,SEP25,2015,
13400959,"Alizadeh, Fikret",AZE,M,,,,2194,0,20,SEP25,1951,i
13456512,"Alkhasov, Shamistan",AZE,M,,,,1578,0,40,SEP25,2007,i
13423401,"Allahguluyev, Nihat",AZE,M,,,,1479,0,20,SEP25,2003,i
13463624,"Allahveranov, Nurlan",AZE,M,,,,1543,0,20,SEP25,2003,i
13415042,"Allahverdiyev, Ali",AZE,M,,,,1728,0,40,SEP25,1989,i
13400347,"Allahverdiyev, Anar",AZE,M,IM,,,2377,0,10,SEP25,1975,
13432737,"Allahverdiyev, Aydin",AZE,M,,,,1689,0,20,SEP25,2005,
13477471,"Allahverdiyev, Farid",AZE,M,,,,1486,0,40,SEP25,2015,
13431650,"Allahverdiyev, Huseyn",AZE,M,,,,1489,0,40,SEP25,2009,i
13441701,"Allahverdiyev, Khanlar Anar",AZE,M,,,,1722,13,40,SEP25,2012,
13474375,"Allahverdiyev, Mahammadali",AZE,M,,,,1552,4,40,SEP25,2015,
13432389,"Allahverdiyev, Murad",AZE,M,,,,1662,0,40,SEP25,2005,i
13473069,"Allahverdiyev, Ramil",AZE,M,,,,1555,0,40,SEP25,2010,i
13413473,"Allahverdiyev, Zahid",AZE,M,,,,1811,0,40,SEP25,2007,i
13412590,"Allahverdiyeva, Ayan",AZE,F,WIM,WIM,,2068,0,20,SEP25,2005,w
13417258,"Allahverdiyeva, Ayan",AZE,F,,NA,,1533,0,20,SEP25,2003,wi
13425587,"Allahverdiyeva, Gulshan",AZE,F,,,,1531,0,40,SEP25,2008,wi
13447351,"Allahverdiyeva, Gunel",AZE,F,,,,1538,0,40,SEP25,2005,wi
13406515,"Allahyarov, Said",AZE,M,,,,1954,0,20,SEP25,1995,i
13402447,"Allajov, Ramil",AZE,M,,,,2096,0,20,SEP25,1985,
13487833,"Almammadov, Samir",AZE,M,,,,1762,0,40,SEP25,2007,
13423975,"Amirov, Fariz",AZE,M,,,,1818,0,20,SEP25,1993,i
13424033,"Amrahli, Ali",AZE,M,,,,1607,0,40,SEP25,2002,i
13414356,"Amraliyev, Rufat",AZE,M,,,,1593,0,20,SEP25,2000,i
13405101,"Amrayeva, Aytan",AZE,F,WFM,WFM,,2043,0,20,SEP25,1997,wi
13418718,"Anjuta, Seymur",AZE,M,,,,1632,0,20,SEP25,2004,i
13432630,"Asadli, Eltaj",AZE,M,,,,1733,0,40,SEP25,2007,
13473379,"Asadli, Karim",AZE,M,,,,1519,0,40,SEP25,2014,i
13455842,"Asadli, Mehdi",AZE,M,,,,1409,0,40,SEP25,2011,i
13417940,"Asadli, Toghrul",AZE,M,,,,1810,7,40,SEP25,2007,
13405764,"Asadli, Vugar",AZE,M,GM,,,2487,0,10,SEP25,2001,
13437062,"Asadli, Yagub",AZE,M,,,,1515,8,40,SEP25,2013,
13473018,"Asadov, Burhan",AZE,M,,,,1550,0,40,SEP25,2009,i
13432397,"Asadov, Farrukh",AZE,M,,,,1639,0,40,SEP25,2005,i
13452916,"Asadov, Igbal",AZE,M,,,,1705,0,20,SEP25,1987,
13410237,"Asadov, Jabrayil",AZE,M,,,,1919,0,20,SEP25,1999,i
13428454,"Asadullayeva, Malak",AZE,F,,,,1409,0,40,SEP25,2010,wi
13465740,"Asgarli, Javanshir",AZE,M,,,,1454,0,40,SEP25,2005,
13436015,"Asgarli, Nagi",AZE,M,,,,1521,0,40,SEP25,2011,i
13435620,"Asgarli, Rauf",AZE,M,,,,1455,0,40,SEP25,1996,
13474367,"Asgarov, Ali",AZE,M,,,,1404,0,40,SEP25,2015,
13457454,"Asgarov, Anar",AZE,M,,,,1601,0,40,SEP25,2016,
13463934,"Asgarov, Kamil",AZE,M,,,,1543,11,20,SEP25,1982,
13453645,"Asgarov, Mahammad",AZE,M,,,,1766,0,20,SEP25,2006,
13476343,"Asgarov, Mahammad",AZE,M,,,,1574,0,40,SEP25,2008,
13401734,"Asgarov, Mushfig",AZE,M,,,,2124,0,20,SEP25,1988,
13417819,"Asgarov, Nihad",AZE,M,,,,1906,0,20,SEP25,2004,i
13451782,"Asgarov, Sahib",AZE,M,,,,AFM,1671,0,SEP25,2008,i
13436007,"Asgarov, Turab",AZE,M,,,,1451,0,40,SEP25,2010,i
13422987,"Asgarov, Vugar Gulagha",AZE,M,,,,1641,0,20,SEP25,1984,i
13450514,"Asgarova, Sona",AZE,F,,,,1480,0,40,SEP25,2010,wi
13403451,"Asgarova, Turan",AZE,F,,,,1942,0,20,SEP25,1991,w
13406973,"Asgarzada, Ali",AZE,M,,,,1701,0,40,SEP25,1996,
13465864,"Asgarzade, Davud",AZE,M,,,,1426,0,40,SEP25,2011,i
13453394,"Ashurbayov, Arif",AZE,M,,,,AFM,1494,0,SEP25,2007,i
13428730,"Ashurbeyli, Nabatkhanim",AZE,F,,,,1476,0,20,SEP25,2004,wi
13403095,"Askarov, Bunyad",AZE,M,,,,2009,0,40,SEP25,1990,i
13482033,"Askarov, Teymur",AZE,M,,,,1574,0,40,SEP25,2010,
13481100,"Aslanli, Ramal",AZE,M,,,,1423,0,40,SEP25,2012,
13408925,"Aslanov, Farid",AZE,M,CM,,,1916,0,20,SEP25,2002,i
13431188,"Aslanov, Fuad",AZE,M,,,,1660,0,20,SEP25,1975,i
13461699,"Aslanov, Jamil",AZE,M,,,,1456,0,40,SEP25,2008,i
13418521,"Aslanov, Pasha",AZE,M,,,,1648,0,20,SEP25,2004,i
13412620,"Aslanov, Umid",AZE,M,FM,,,2061,7,20,SEP25,2006,
13457136,"Aslanova, Banuchichak",AZE,F,,,,1482,0,40,SEP25,2009,wi
13410547,"Atakishiyev, Elmar",AZE,M,IM,,,2241,0,20,SEP25,2004,
13471015,"Atakishiyev, Novruz",AZE,M,,,,1466,0,40,SEP25,2009,i
13405195,"Atayev, Huseyn",AZE,M,,,,1696,0,20,SEP25,1997,i
13449117,"Aydinli, Ibrahim",AZE,M,,,,1527,0,40,SEP25,2011,i
13425811,"Azadaliyev, Jahandar",AZE,M,FM,,,2070,0,40,SEP25,2010,
13435779,"Azadaliyev, Seyhun",AZE,M,,,,1788,0,20,SEP25,1983,i
13424408,"Azimov, Rashad",AZE,M,,,,1611,0,20,SEP25,2001,i
13406701,"Azimov, Soltan",AZE,M,,,,1839,0,20,SEP25,1995,i
13453424,"Azimov, Yasin",AZE,M,CM,,,2052,0,40,SEP25,2014,
13420798,"Azimzada, Mahammad",AZE,M,,,,1740,0,40,SEP25,2009,
13403842,"Azimzade, Anar",AZE,M,,,,1730,0,20,SEP25,1979,i
13426753,"Azimzade, Nijat",AZE,M,,,,1581,0,40,SEP25,2005,i
13415050,"Azizbayli, Atabay",AZE,M,,,,1649,0,20,SEP25,1988,
13456261,"Azizli, Nurlan",AZE,M,,,,1983,14,40,SEP25,2014,
13402986,"Babaev, Eldeniz",AZE,M,,,,1964,0,20,SEP25,1972,
34337873,"Babashov, Miryusif",AZE,M,,,,1505,0,40,SEP25,2010,
13481380,"Babasoy, Kanan",AZE,M,,,,1609,0,40,SEP25,2017,
13467883,"Babayev, Aghahuseyn",AZE,M,,,,1528,0,40,SEP25,2010,
13449109,"Babayev, Ahmad",AZE,M,,,,1867,0,20,SEP25,1982,i
13418785,"Babayev, Araz",AZE,M,,,,1786,0,20,SEP25,1976,i
13450085,"Babayev, Kamran",AZE,M,,,,1910,7,40,SEP25,2014,
13404580,"Babayev, Khayal",AZE,M,,,,1912,0,20,SEP25,0,i
13464124,"Babayev, Rustam",AZE,M,,,,1464,0,40,SEP25,1986,
13401432,"Babayev, Talib",AZE,M,IM,,,2219,0,20,SEP25,1971,i
13451049,"Babayev, Tunar",AZE,M,,,,1663,0,40,SEP25,2008,i
13439421,"Babayev, Tunar",AZE,M,,,,1477,0,40,SEP25,2007,i
13401351,"Babayev, Tural",AZE,M,,,,1949,0,40,SEP25,1983,
13425820,"Babayev, Turan",AZE,M,,,,1530,0,40,SEP25,2006,i
13440993,"Babayev, Yusif",AZE,M,,,,1498,0,40,SEP25,2012,
13416626,"Babayeva, Nasrin",AZE,F,WFM,WFM,,1893,0,40,SEP25,2005,w
13413554,"Babazada, Khazar",AZE,M,IM,,,2304,14,20,SEP25,2005,
13434942,"Babazade, Akbar",AZE,M,,,,1524,0,40,SEP25,2010,i
13473999,"Babazade, Elvin",AZE,M,,,,1675,0,40,SEP25,2003,i
13475711,"Babazade, Farid",AZE,M,,,,1512,0,40,SEP25,2012,
13401947,"Babazade, Javidan",AZE,M,,,,1964,0,20,SEP25,1997,i
13452894,"Babazade, Khadija",AZE,F,,,,1464,0,40,SEP25,2014,wi
13426710,"Badirli, Uzeyir",AZE,M,,,,1690,0,20,SEP25,2004,i
13409468,"Baghirli, Emil",AZE,M,,,,1674,0,20,SEP25,1997,i
13412086,"Baghirli, Rufat",AZE,M,,,,1640,0,20,SEP25,1998,i
13466852,"Baghirov, Fuad",AZE,M,,,,1523,0,40,SEP25,2011,
13438450,"Baghirov, Ibrahim",AZE,M,,,,1653,0,40,SEP25,2007,i
13472275,"Baghirov, Ibrahim Madat",AZE,M,,,,1485,0,40,SEP25,2009,
13404318,"Baghirov, Javanshir",AZE,M,,,,1981,0,20,SEP25,1990,i
13428152,"Baghirov, Jovdat",AZE,M,,,,1494,0,20,SEP25,1975,i
13450255,"Baghirov, Mahammad",AZE,M,,,,2034,6,40,SEP25,2009,
13473980,"Baghirov, Nizami",AZE,M,,,,1539,0,40,SEP25,2001,i
13433369,"Baghirov, Orkhan",AZE,M,,,,1967,0,40,SEP25,2008,
13402170,"Baghirov, Ramis",AZE,M,,,,1722,0,20,SEP25,1958,i
13424718,"Baghirov, Shahbaz",AZE,M,,,,1510,0,20,SEP25,1957,i
13403753,"Baghirova, Khatun",AZE,F,WFM,WFM,,1911,0,20,SEP25,1997,wi
13484435,"Baghirzade, Jamil",AZE,M,,,,1508,6,40,SEP25,2014,
13418440,"Baghirzade, Kanan",AZE,M,,,,1641,0,20,SEP25,2002,i
13457292,"Baghirzade, Urfan",AZE,M,,,,1476,0,40,SEP25,2010,i
13402838,"Baghishov, Anar",AZE,M,,,,1893,0,20,SEP25,1987,
13410121,"Bairamov, Sharafaddin",AZE,M,,,,1908,0,20,SEP25,1951,i
13400223,"Bajarani, Ilgar",AZE,M,IM,FST,,2237,0,20,SEP25,1965,i
13400622,"Bajarani, Kubra",AZE,F,WFM,WFM,,2144,0,20,SEP25,1974,wi
13403028,"Bajarani, Ulvi",AZE,M,GM,NA,,2479,0,10,SEP25,1995,i
13441094,"Bakhishova, Maryam",AZE,F,,,,1488,0,40,SEP25,2012,wi
13429230,"Bakhshiyev, Habib",AZE,M,,,,1706,0,20,SEP25,1994,i
13448218,"Bakhshiyev, Nihat",AZE,M,,,,1510,0,40,SEP25,2007,
13446037,"Bakhshizada, Asnad",AZE,F,,,,1671,0,40,SEP25,2013,w
13415859,"Bakhtiyev, Ahmad",AZE,M,,,,1608,0,40,SEP25,2006,i
13422774,"Bakikhanov, Fail",AZE,M,,,,1563,7,20,SEP25,2003,
13468812,"Bakirli, Matin",AZE,M,,,,1640,0,40,SEP25,2016,
13450581,"Bakirov, Omar",AZE,M,,,,1561,0,40,SEP25,2008,
13401785,"Baladjaev, Gara",AZE,M,FM,,,2304,0,20,SEP25,1987,i
13406396,"Balajayeva, Khanim",AZE,F,IM,WGM,,2291,0,20,SEP25,2001,w
13416391,"Balayev, Zaur",AZE,M,,,,1927,0,20,SEP25,2004,
13406809,"Bashirli, Nail",AZE,M,IM,,,2264,0,20,SEP25,2000,i
13429990,"Bashirli, Saadat",AZE,F,WCM,WCM,,1890,0,40,SEP25,2011,w
13430637,"Bashirli, Vahid",AZE,M,,,,1650,0,40,SEP25,2008,i
13426400,"Bayram, Banu",AZE,F,,,,1510,0,40,SEP25,2007,wi
13429868,"Bayramli, Rafael",AZE,M,,,,1663,0,40,SEP25,2011,i
13459015,"Bayramli, Ramazan",AZE,M,,,,1450,0,40,SEP25,2012,i
13456431,"Bayramli, Zamig",AZE,M,,,,1493,0,40,SEP25,2009,i
13408526,"Bayramov, Aladdin",AZE,M,,,,1629,0,20,SEP25,1951,i
13416995,"Bayramov, Azar",AZE,M,,,,1746,0,20,SEP25,1992,i
13400525,"Bayramov, Elkhan",AZE,M,,,,2081,0,20,SEP25,1997,
13406655,"Bayramov, Elvin",AZE,M,FM,,,2143,0,20,SEP25,1997,
13425447,"Bayramov, Emil",AZE,M,,,,1443,0,20,SEP25,1984,i
13455788,"Bayramov, Hasan",AZE,M,,,,1479,0,40,SEP25,2010,i
13423924,"Bayramov, Munir",AZE,M,,,,1672,0,40,SEP25,2007,
13438000,"Bayramov, Sabir",AZE,M,,,,1471,0,40,SEP25,2008,i
13438018,"Bayramov, Saleh",AZE,M,,,,1501,0,40,SEP25,2009,i
13421778,"Bayramov, Ulvi",AZE,M,,,,1681,0,20,SEP25,2003,i
13400916,"Bayramov, Vugar",AZE,M,,,,2181,0,20,SEP25,1971,i
13405080,"Bayramov, Zaur",AZE,M,FM,,,2179,0,20,SEP25,1998,i
13416308,"Bayramzada, Namiq",AZE,M,,,,1713,0,20,SEP25,2004,i
13441647,"Bebirov, Kenan",AZE,M,,,,1583,0,40,SEP25,1999,i
13468600,"Behbudov, Toghrul",AZE,M,,,,1509,0,20,SEP25,1995,
13442422,"Behbudov, Zaur",AZE,M,,,,1450,0,40,SEP25,2009,i
13413015,"Beydullayeva, Govhar",AZE,F,WGM,WGM,,2247,0,20,SEP25,2003,w
13430815,"Binnatzada, Davud",AZE,M,,,,1578,0,40,SEP25,2007,i
13482866,"Bozan, Resul",AZE,M,,,,1464,0,40,SEP25,2012,
13416065,"Budagova, Leyla",AZE,F,WCM,WCM,,1790,0,40,SEP25,2008,w
13475800,"Bulkin, Deniel",AZE,M,,,,1511,7,40,SEP25,2014,
13450751,"Bullayev, Ilham",AZE,M,,,,1433,0,20,SEP25,1991,i
13402587,"Bunyadov, Tamerlan",AZE,M,,,,1934,0,20,SEP25,2000,i
13415930,"Bunyadov, Tamerlan",AZE,M,,,,1686,0,40,SEP25,1975,
13410210,"Bunyatov, Rustam",AZE,M,FM,,,2285,0,20,SEP25,1999,i
13446940,"Burzu, Sarhad",AZE,M,,,,1452,0,40,SEP25,2014,
13457306,"Chadirji, Kaan Toprak",AZE,M,,,,1455,0,40,SEP25,2014,
13404385,"Dadashov, Zamig",AZE,M,,,,1783,0,20,SEP25,1981,
13415964,"Dalgi, Azad",AZE,M,,,,1814,0,20,SEP25,1993,i
13404393,"Damirbayli, Tabriz",AZE,M,,,,1968,0,20,SEP25,1992,
13457721,"Dashdamirli, Mehdi",AZE,M,,,,1434,0,40,SEP25,2012,
13401149,"Davidov, Samir",AZE,M,,,,2221,0,20,SEP25,1986,i
13447580,"Davidov, Yahya",AZE,M,,,,AFM,1513,5,SEP25,2008,
13447203,"Davidzada, Kanan",AZE,M,,,,1599,12,40,SEP25,2009,
13422316,"Davudov, Tunar",AZE,M,CM,,,2242,14,40,SEP25,2009,
13476203,"Ddadashov, Isa",AZE,M,,,,1546,0,40,SEP25,2010,
13401076,"Dolkhanov, Nazim",AZE,M,,,,1648,0,40,SEP25,1958,i
13431811,"Dovlatzade, Daniz",AZE,F,,,,1493,0,40,SEP25,2007,wi
13459040,"Dunyamali, Yagub",AZE,M,,,,1644,0,40,SEP25,2011,
13453815,"Dunyamaliyev, Farid",AZE,M,,,,1726,0,40,SEP25,2011,
13458159,"Dunyamaliyev, Rasul",AZE,M,,,,1636,5,40,SEP25,2014,
13424661,"Dunyamaliyev, Shahin",AZE,M,,,,1585,0,40,SEP25,2005,i
13402935,"Durarbayli, Vasif",AZE,M,GM,,,2560,0,10,SEP25,1992,
13465759,"Dushdurlu, Mahmud",AZE,M,,,,1488,0,40,SEP25,2012,
13485296,"Dushdurov, Javad",AZE,M,,,,1419,0,40,SEP25,2018,
13462520,"Eldarli, Mahammad",AZE,M,,,,1402,0,40,SEP25,2012,i
13412825,"Elyar, Gulamhuseynli",AZE,M,,,,1853,0,20,SEP25,0,i
13486390,"Eryighit, Fatih",AZE,M,,,,1480,4,40,SEP25,2013,
13413562,"Eynullayev, Altay",AZE,M,FM,,,2097,0,20,SEP25,2004,i
13413570,"Eynullayev, Atilla",AZE,M,FM,,,2112,0,20,SEP25,2004,i
13421581,"Eyvazli, Aghagulu",AZE,M,,,,1535,0,40,SEP25,2007,i
13463900,"Eyvazli, Kenan",AZE,M,,,,1458,11,40,SEP25,2015,
13471040,"Eyvazov, Farkhad",AZE,M,,,,1472,0,40,SEP25,2000,i
13461443,"Eyvazov, Hasan Khagani",AZE,M,,,,1473,7,40,SEP25,2013,
13415530,"Eyvazov, Rasim",AZE,M,,,,1731,0,20,SEP25,1973,
13470140,"Eyvazzada, Vagif",AZE,M,,,,1466,2,40,SEP25,2012,
13436562,"Eyyublu, Toghrul",AZE,M,,,,1511,0,40,SEP25,2011,i
13401882,"Eyyubov, Zeynal",AZE,M,FM,,,2114,0,20,SEP25,1981,i
13461087,"Farajli, Nadir",AZE,M,,,,1432,0,40,SEP25,2011,
13424866,"Farajov, Ali",AZE,M,,,,1530,0,40,SEP25,2008,i
13459406,"Farajov, Faraj",AZE,M,,,,1637,0,40,SEP25,2012,
13407015,"Farajov, Ibrahim",AZE,M,,,,1757,0,20,SEP25,1996,i
13410571,"Farhadli, Farhad",AZE,M,,,,1957,9,20,SEP25,2003,
13457217,"Farhadli, Tunar",AZE,M,,,,1502,0,40,SEP25,2012,i
13433601,"Farhadov, Ali",AZE,M,,,,AFM,1790,0,SEP25,2008,
13415727,"Farhadov, Mikayil",AZE,M,,,,1761,0,20,SEP25,2003,
13471899,"Farzaliyev, Aykhan",AZE,M,,,,1505,3,40,SEP25,2009,
13414127,"Farzaliyev, Kanan",AZE,M,,,,1967,0,20,SEP25,1988,i
13433679,"Farzaliyeva, Shams",AZE,F,,,,1693,0,20,SEP25,2006,w
13459228,"Farziyeva, Yasaman",AZE,F,,,,1406,0,40,SEP25,2013,w
13418955,"Farzullazade, Azhdar",AZE,M,,,,1624,0,20,SEP25,2003,i
13434616,"Fatali, Ibrahim",AZE,M,,,,1488,0,40,SEP25,2009,i
13474812,"Fataliyev, Ilyas",AZE,M,,,,1724,0,40,SEP25,1996,i
13423223,"Fataliyev, Shamil",AZE,M,,,,1821,0,20,SEP25,2000,i
13403052,"Fataliyeva, Ulviyya",AZE,F,IM,WGM,,2228,0,20,SEP25,1996,w
13417380,"Fatalizade, Nijat",AZE,M,,,,1708,0,20,SEP25,2004,i
13471511,"Fatalizade, Rasul",AZE,M,,,,1530,0,40,SEP25,2004,i
13444786,"Fatullayev, Emin",AZE,M,,,,1530,6,20,SEP25,2005,
13445200,"Fatullayev, Gulu",AZE,M,,,,1518,0,40,SEP25,2008,i
13428993,"Fehruzov, Emil",AZE,M,,,,1641,14,40,SEP25,2009,
13415549,"Feyziyev, Mirmusa",AZE,M,,,,1888,0,20,SEP25,2004,i
13414461,"Feyzullayev, Tofig",AZE,M,,,,1937,0,20,SEP25,2000,i
13411888,"Feyzullayeva, Shabnam",AZE,F,,,,1720,0,20,SEP25,2003,wi
13404865,"Firidunlu, Lala",AZE,F,,,,1869,0,20,SEP25,1998,wi
13418416,"Gabulov, Ilkin",AZE,M,,,,1720,0,40,SEP25,2008,i
13404938,"Gadimbayli, Abdulla",AZE,M,GM,,,2443,0,10,SEP25,2002,i
13417509,"Gadimov, Emil",AZE,M,,,,2002,0,20,SEP25,2004,
13484370,"Gadirli, Gadir",AZE,M,,,,1585,0,40,SEP25,2012,
13400720,"Gadirov, Ilgar",AZE,M,,,,2051,0,40,SEP25,1968,i
13455400,"Gadirov, Yusif",AZE,M,,,,1486,0,40,SEP25,2014,i
13400053,"Gadjily, Raouf",AZE,M,IM,IA,,2418,0,10,SEP25,1972,i
13437143,"Gafarli, Nuray",AZE,F,,,,1463,0,40,SEP25,2010,w
13490818,"Gafarli, Ziya",AZE,M,,,,1578,7,40,SEP25,2006,
13404741,"Gafarov, Joshgun",AZE,M,,,,1498,0,40,SEP25,1994,i
13482602,"Gafarov, Mirjalal",AZE,M,,,,1442,0,20,SEP25,2005,
13419048,"Gafarov, Niyazi",AZE,M,,,,1753,0,40,SEP25,2007,
13472860,"Gahramanov, Nikbin",AZE,M,,,,1673,0,40,SEP25,2011,
13469738,"Gahramanov, Suleyman",AZE,M,,,,1468,0,40,SEP25,2009,i
13453254,"Ganbarli, Ali",AZE,M,,,,1460,0,40,SEP25,2014,
13459341,"Ganbarli, Davud",AZE,M,,,,1438,0,40,SEP25,2016,
13424785,"Ganbarli, Huseyn",AZE,M,,,,1653,0,40,SEP25,2009,i
13436449,"Ganbarli, Nigar",AZE,F,,,,1567,0,40,SEP25,2011,w
13456326,"Ganbarov, Elton",AZE,M,,,,1459,0,40,SEP25,2006,i
13485911,"Ganbarov, Rasul",AZE,M,,,,1514,0,40,SEP25,2016,
13485903,"Ganbarov, Sadig",AZE,M,,,,1449,0,40,SEP25,2014,
13454927,"Ganbarov, Yusif",AZE,M,,,,1616,0,40,SEP25,2014,
13441159,"Ganili, Mahammad",AZE,M,,,,1469,0,40,SEP25,2010,i
13475860,"Ganizada, Nurlan",AZE,M,,,,1626,5,40,SEP25,2016,
13454986,"Ganizade, Rashad",AZE,M,,,,1448,0,40,SEP25,2008,i
13433890,"Ganjaliyev, Emin",AZE,M,,,,1674,0,40,SEP25,2010,
13465791,"Garaisali, Murad",AZE,M,,,,1620,12,40,SEP25,2012,
13449214,"Garakhanov, Shamsi",AZE,M,,,,2020,7,40,SEP25,2012,
13435647,"Garashli, Garash",AZE,M,,,,1602,0,40,SEP25,2007,i
13417398,"Garayev, Ilyas",AZE,M,,,,1800,0,20,SEP25,2004,
13406671,"Garayev, Kanan",AZE,M,IM,,,2228,0,20,SEP25,2002,
13418912,"Garayev, Khagani",AZE,M,,,,1763,0,20,SEP25,2005,i
13454153,"Garayev, Omar",AZE,M,,,,1721,5,40,SEP25,2012,
13471104,"Garayev, Rahman",AZE,M,,,,1519,7,40,SEP25,2011,
13410598,"Garayev, Sadig",AZE,M,,,,1920,0,40,SEP25,2005,i
13457195,"Garayev, Tunar",AZE,M,,,,1925,5,40,SEP25,2014,
13485466,"Gardashov, Kenan",AZE,M,,,,1428,0,40,SEP25,2012,
13470329,"Garibli, Oghuz",AZE,M,,,,1440,0,40,SEP25,2014,
13471260,"Garibli, Ughur",AZE,M,,,,1473,0,40,SEP25,2017,
13400657,"Gashimov, Sarkhan",AZE,M,FM,,,2441,0,10,SEP25,1984,
13474987,"Gasimli, Telman",AZE,M,,,,1413,0,40,SEP25,2016,
13400290,"Gasimov, Elmar",AZE,M,,,,1907,0,20,SEP25,1994,i
13436430,"Gasimov, Elnur",AZE,M,,,,1496,0,40,SEP25,2010,i
13449400,"Gasimov, Isa",AZE,M,,,,1447,0,40,SEP25,2010,i
13415867,"Gasimov, Kanan",AZE,M,,,,1810,0,20,SEP25,2004,i
13478320,"Gasimov, Mikayil",AZE,M,,,,1404,0,40,SEP25,2014,
13408798,"Gasimov, Parviz",AZE,M,IM,,,2238,0,20,SEP25,2000,
13400126,"Gasimov, Rahim",AZE,M,IM,"FT,IA",,2448,0,10,SEP25,1976,
13415557,"Gasimov, Ujal",AZE,M,,,,1696,0,20,SEP25,1972,i
13435221,"Gasimova, Ayan",AZE,F,,,,1488,0,40,SEP25,2011,wi
13417428,"Gasimova, Samra",AZE,F,WCM,WCM,,1884,0,40,SEP25,2007,w
13432532,"Gasimzade, Davud",AZE,M,,,,1579,0,20,SEP25,2000,i
13447769,"Gasimzade, Rahim",AZE,M,,,,1541,0,40,SEP25,2008,i
13417061,"Gaziyev, Orkhan",AZE,M,,,,1584,0,20,SEP25,1984,
13440268,"Gojayev, Anar",AZE,M,,,,1596,0,40,SEP25,1984,i
13419943,"Gojayev, Emil",AZE,M,,,,1674,0,40,SEP25,2005,i
13465813,"Gojayev, Huseyn",AZE,M,,,,1430,10,40,SEP25,2013,
13412868,"Gojayev, Kamal",AZE,M,,,,1848,0,20,SEP25,2001,i
13440888,"Gojayeva, Narmin",AZE,F,,,,1445,0,40,SEP25,2008,w
13482220,"Gorbachov, Bogdan",AZE,M,,,,1401,0,40,SEP25,2016,
13418297,"Goyushlu, Akif",AZE,M,,,,1513,0,40,SEP25,2007,i
13410610,"Gulamzada, Ali",AZE,M,,,,1707,0,20,SEP25,2002,i
13413619,"Gulamzada, Eljan",AZE,M,,,,1682,0,20,SEP25,2004,i
13400061,"Guliev, Logman",AZE,M,IM,,,2061,7,10,SEP25,1974,
13400231,"Guliev, Sarhan",AZE,M,GM,,,2195,0,10,SEP25,1968,i
13422820,"Guliyev, Ali",AZE,M,,,,1633,0,20,SEP25,2004,i
13423436,"Guliyev, Arif",AZE,M,,,,1591,0,20,SEP25,1999,i
13432150,"Guliyev, Elgayit",AZE,M,,,,1581,0,20,SEP25,1990,i
13418173,"Guliyev, Elvin",AZE,M,,,,1980,0,20,SEP25,1984,i
13475185,"Guliyev, Faramaz",AZE,M,,,,1611,0,40,SEP25,2013,
13461834,"Guliyev, Farrukh",AZE,M,,,,1463,0,40,SEP25,2013,
13453696,"Guliyev, Fateh",AZE,M,,,,1437,0,40,SEP25,2014,i
13474529,"Guliyev, Gabil",AZE,M,,,,1421,0,40,SEP25,2010,i
13404407,"Guliyev, Gasan",AZE,M,,,,1883,0,20,SEP25,1977,i
13482467,"Guliyev, Huseyn",AZE,M,,,,1554,0,40,SEP25,2017,
13474090,"Guliyev, Ibrahim",AZE,M,,,,1519,0,40,SEP25,2014,
13472224,"Guliyev, Ilyas",AZE,M,,,,1516,0,40,SEP25,2009,i
13475045,"Guliyev, Israfil",AZE,M,,,,1646,0,40,SEP25,1983,i
13453033,"Guliyev, Kamran",AZE,M,,,,1569,0,40,SEP25,2012,
13456814,"Guliyev, Kanan",AZE,M,,,,1704,0,20,SEP25,1996,i
13436660,"Guliyev, Mahammadali",AZE,M,,,,1449,0,40,SEP25,2009,
13401289,"Guliyev, Murad",AZE,M,,,,2098,0,20,SEP25,1993,i
13400363,"Guliyev, Namig",AZE,M,GM,,,2494,0,10,SEP25,1974,
13470868,"Guliyev, Natig",AZE,M,,,,1471,0,40,SEP25,1976,i
13468995,"Guliyev, Omar",AZE,M,,,,1582,6,40,SEP25,2013,
13455966,"Guliyev, Rakif",AZE,M,,,,1411,0,40,SEP25,2010,
13490915,"Guliyev, Rasim",AZE,M,,,,1502,7,40,SEP25,2007,
13459201,"Guliyev, Rza",AZE,M,,,,1533,5,40,SEP25,2012,
13438514,"Guliyev, Said",AZE,M,,,,1557,0,40,SEP25,2007,i
13488040,"Guliyev, Toghrul",AZE,M,,,,1634,0,40,SEP25,1974,
13413236,"Guliyev, Vaqif",AZE,M,,,,1848,0,20,SEP25,2002,i
13477935,"Guliyev, Yusif",AZE,M,,,,1610,17,40,SEP25,2015,
13411381,"Guliyev, Zakir",AZE,M,,,,1561,0,20,SEP25,1954,i
13448960,"Guliyeva, Bayaz",AZE,F,,,,1465,0,40,SEP25,2011,wi
13483412,"Guliyeva, Firuza",AZE,F,,,,1459,0,40,SEP25,2016,w
13424912,"Guliyeva, Laman",AZE,F,,,,1521,0,40,SEP25,1979,wi
13419269,"Guliyeva, Nargiz",AZE,F,,,,1452,4,20,SEP25,2003,w
13455818,"Gulu, Muhammadali",AZE,M,,,,1572,0,40,SEP25,2011,i
13426095,"Gulumov, Muthat",AZE,M,,,,1907,0,40,SEP25,2008,
13485407,"Gulusoy, Vadar",AZE,M,,,,1419,0,40,SEP25,2013,
13459945,"Guluyev, Fariz",AZE,M,,,,1630,0,20,SEP25,1979,
13413643,"Guluzada, Elshad",AZE,M,,,,1687,0,20,SEP25,2003,i
13468537,"Guluzada, Yusif",AZE,M,,,,1416,0,40,SEP25,2014,
13472542,"Guluzade, Atilla",AZE,M,,,,1405,0,40,SEP25,2008,i
13403109,"Guluzade, Elgun",AZE,M,,,,1621,6,20,SEP25,1991,
13414518,"Guluzade, Narmin",AZE,F,,,,1639,0,20,SEP25,2000,wi
13445723,"Gunashov, Yusif",AZE,M,,,,1516,0,40,SEP25,2010,i
13445715,"Gunashova, Shamama",AZE,F,,,,1479,0,40,SEP25,2009,wi
13456270,"Gurbanli, Gafar",AZE,M,,,,1501,0,40,SEP25,2010,i
13485709,"Gurbanli, Ilgar",AZE,M,,,,1434,0,40,SEP25,2007,
13468073,"Gurbanli, Javidan",AZE,M,,,,1467,0,40,SEP25,2011,i
13434730,"Gurbanli, Mahammad",AZE,M,,,,1403,0,40,SEP25,2011,
13476270,"Gurbanli, Matin",AZE,M,,,,1532,0,40,SEP25,2004,
13453904,"Gurbanli, Nazrin",AZE,F,,,,1472,0,40,SEP25,2008,wi
13445740,"Gurbanli, Ramazan",AZE,M,,,,1515,0,40,SEP25,2011,i
13426532,"Gurbanli, Ughur",AZE,M,,,,1510,0,40,SEP25,2008,i
13424114,"Gurbanov, Ali",AZE,M,,,,1551,0,40,SEP25,2008,i
13445030,"Gurbanov, Amin Novruz",AZE,M,,,,1965,0,40,SEP25,2008,
13440985,"Gurbanov, Asaf",AZE,M,,,,1855,0,40,SEP25,1987,i
13482394,"Gurbanov, Davud",AZE,M,,,,1446,0,40,SEP25,2014,
13410628,"Gurbanov, Eldar",AZE,M,,,,1551,0,40,SEP25,2002,i
13426001,"Gurbanov, Huseyn",AZE,M,,,,1952,0,40,SEP25,2011,
13417304,"Gurbanov, Ismayil",AZE,M,,,,2112,0,20,SEP25,2004,
13426427,"Gurbanov, Knyaz",AZE,M,,,,1546,0,40,SEP25,2009,i
13479750,"Gurbanov, Mahammad Kamil",AZE,M,,,,1540,0,40,SEP25,2013,
13445910,"Gurbanov, Orkhan",AZE,M,,,,1476,0,40,SEP25,2007,i
13433024,"Gurbanov, Orkhan",AZE,M,,,,1810,0,20,SEP25,1983,i
13424521,"Gurbanov, Shamil",AZE,M,,,,1454,5,40,SEP25,2011,
13426419,"Gurbanov, Toghrul",AZE,M,,,,1533,0,40,SEP25,2006,i
13428616,"Gurbanzade, Taleh",AZE,M,,,,1405,0,40,SEP25,2003,
13401378,"Guseinov, Gadir",AZE,M,GM,,,2609,0,10,SEP25,1986,
13435248,"Habibi, Habib",AZE,M,,,,1649,0,20,SEP25,1992,i
13409212,"Hagverdiyev, Gahraman",AZE,M,,,,1803,0,20,SEP25,1958,i
13442724,"Hajialiyev, Islam",AZE,M,CM,,,2269,0,40,SEP25,2008,
13458701,"Hajili, Said",AZE,M,,,,1465,0,40,SEP25,2012,
13470086,"Hajiseyidov, Tofig",AZE,M,,,,1460,0,40,SEP25,2009,i
13405454,"Hajiverdiyev, Chingiz",AZE,M,,,,1791,0,20,SEP25,1998,
13440535,"Hajiyev, Azar",AZE,M,,,,1590,0,40,SEP25,1987,i
13411845,"Hajiyev, Eldar",AZE,M,,,,1635,0,20,SEP25,2003,i
13450948,"Hajiyev, Fadir",AZE,M,,,,1446,0,40,SEP25,2011,i
13474480,"Hajiyev, Fuad",AZE,M,,,,1452,2,40,SEP25,2016,
13413678,"Hajiyev, Huseyn",AZE,M,,,,1646,0,20,SEP25,2001,i
13404148,"Hajiyev, Kanan",AZE,M,FM,,,2117,0,20,SEP25,1987,i
13481770,"Hajiyev, Mahir",AZE,M,,,,1856,0,40,SEP25,1990,
13443267,"Hajiyev, Nazim",AZE,M,,,,1495,0,40,SEP25,2010,i
13416090,"Hajiyev, Shahin",AZE,M,,,,1860,0,20,SEP25,2003,i
13420275,"Hajiyev, Ulvu",AZE,M,,,,1784,0,20,SEP25,1996,i
13419676,"Hajiyev, Zaur",AZE,M,,,,1663,0,40,SEP25,2005,i
13428322,"Hajiyeva, Altunay",AZE,F,,,,1524,0,40,SEP25,2005,w
13415875,"Hajiyeva, Laman",AZE,F,WFM,WFM,,2038,0,20,SEP25,2003,w
13458477,"Hajizada, Hurrijan",AZE,F,,,,1494,0,40,SEP25,2012,wi
13404504,"Hajizada, Iman",AZE,M,,,,1711,0,20,SEP25,1996,i
13420887,"Hajizada, Joshgun",AZE,M,,,,1737,11,20,SEP25,2001,
13474022,"Hajizada, Zavir",AZE,M,,,,AFM,1620,0,SEP25,2014,
13401025,"Halafov, Ilgar",AZE,M,,,,1816,0,20,SEP25,1957,
13446762,"Hallayev, Ali",AZE,M,,,,1439,0,40,SEP25,2009,
13451855,"Hamidli, Kamil",AZE,M,,,,1458,0,40,SEP25,2011,
13452029,"Hamidov, Allahverdi",AZE,M,FM,,,2120,7,40,SEP25,2008,
13472496,"Hamzazade, Mustafa",AZE,M,,,,1532,0,40,SEP25,2011,
13458418,"Hamzazade, Omar",AZE,M,,,,1502,0,40,SEP25,2012,i
13433075,"Hasanaliyev, Zaur",AZE,M,,,,1630,0,20,SEP25,1980,i
13473212,"Hasanbayova, Amina",AZE,F,,,,1575,14,40,SEP25,2013,w
13413686,"Hasanguliyev, Ali",AZE,M,,,,1610,0,20,SEP25,2004,i
13489003,"Hasanli, Atilla",AZE,M,,,,1607,10,40,SEP25,2012,
13468693,"Hasanli, Aykhan",AZE,M,,,,1521,0,40,SEP25,2011,i
13447106,"Hasanli, Eljan",AZE,M,,,,1649,0,40,SEP25,2010,
13429035,"Hasanli, Fatih",AZE,M,,,,1634,0,40,SEP25,2008,i
13473174,"Hasanli, Mammad",AZE,M,,,,1483,0,40,SEP25,2014,
13476750,"Hasanli, Onur",AZE,M,,,,1538,0,40,SEP25,2015,
13452991,"Hasanli, Rauf",AZE,M,,,,1467,0,40,SEP25,2011,
13443623,"Hasanli, Rza",AZE,M,,,,1686,0,40,SEP25,2008,i
13403877,"Hasanli, Sirus",AZE,M,,,,1953,0,20,SEP25,1993,i
13425234,"Hasanli, Ziya",AZE,M,,,,1623,0,40,SEP25,2010,i
13449567,"Hasanov, Ahad",AZE,M,,,,1501,0,20,SEP25,1978,i
13401939,"Hasanov, Ali",AZE,M,,,,2204,0,20,SEP25,1988,i
13425552,"Hasanov, Ali",AZE,M,,,,1847,0,40,SEP25,2007,i
13480847,"Hasanov, Eljan",AZE,M,,,,1487,0,40,SEP25,2013,
13406817,"Hasanov, Huseyn",AZE,M,,,,1753,0,20,SEP25,1997,
13405284,"Hasanov, Mirmusa",AZE,M,,,,1573,0,20,SEP25,1946,
13410342,"Hasanov, Orkhan",AZE,M,,,,1856,0,20,SEP25,1986,i
13416812,"Hasanov, Ramal",AZE,M,,,,1823,0,40,SEP25,2010,
13456067,"Hasanov, Ramin",AZE,M,,,,1478,0,20,SEP25,2003,
13403648,"Hasanov, Sahib",AZE,M,,,,2000,0,20,SEP25,1965,
13402196,"Hasanov, Shahriyar",AZE,M,,,,2113,0,20,SEP25,1989,
13481592,"Hasanov, Tunar",AZE,M,,,,1533,0,40,SEP25,2011,
13476920,"Hasanov, Yashar",AZE,M,,,,1454,4,40,SEP25,2016,
13404415,"Hasanov, Yuksal",AZE,M,,,,1615,0,20,SEP25,1978,i
13438298,"Hasanov, Yusif",AZE,M,,,,1523,0,40,SEP25,2007,
13457179,"Hasanov, Zaka",AZE,M,,,,1510,0,40,SEP25,2011,i
13432680,"Hasanov, Zaur",AZE,M,,,,1440,0,20,SEP25,1977,i
13417657,"Hasanova, Ayan",AZE,F,,,,1577,0,20,SEP25,2004,wi
13413961,"Hasanova, Kenul",AZE,F,,,,1656,0,20,SEP25,1972,wi
13403010,"Hasanova, Turkan",AZE,F,WFM,WFM,,1946,0,20,SEP25,1992,w
13423240,"Hasanzada, Farid",AZE,M,,,,1565,0,40,SEP25,2007,i
13405926,"Hasanzada, Sahib",AZE,M,,,,AFM,1785,0,SEP25,1997,
13414550,"Hasanzada, Vusal",AZE,M,,,,1882,0,20,SEP25,1999,i
13474863,"Hasanzade, Akbar",AZE,M,,,,1469,0,40,SEP25,2009,
13417843,"Hasanzade, Mahammad",AZE,M,,,,1626,0,40,SEP25,2006,i
13489291,"Hasanzade, Rovshan",AZE,M,,,,1446,13,40,SEP25,1976,
13407716,"Hasanzade, Toghrul",AZE,M,IM,NA,,2382,0,10,SEP25,1997,i
13415980,"Hasanzade, Vahid",AZE,M,,,,1692,0,20,SEP25,2003,i
13415999,"Hasanzade, Vugar",AZE,M,,,,1617,0,40,SEP25,2005,i
13425986,"Hasanzade, Zuleykha",AZE,F,,,,1547,0,40,SEP25,2005,wi
13445235,"Hashimli, Mirakbar",AZE,M,,,,1449,0,40,SEP25,2010,i
13475070,"Hashimli, Oghuzkhan",AZE,M,,,,1456,0,40,SEP25,2016,
13429299,"Hashimov, Ahmadagha",AZE,M,,,,1783,7,40,SEP25,2008,
13470213,"Hashimov, Mikael",AZE,M,,,,1518,0,40,SEP25,2012,
13406345,"Hashimov, Murad",AZE,M,,,,1961,0,20,SEP25,1996,
13411420,"Hatamov, Bahaddin",AZE,M,,,,1643,0,20,SEP25,1961,i
13472976,"Hazi, Munir",AZE,M,,,,1419,0,40,SEP25,2009,i
13472186,"Heydarli, Mirjavid",AZE,M,,,,1446,0,40,SEP25,2012,i
13453823,"Heydarli, Nihal",AZE,F,,,,1414,0,40,SEP25,2013,wi
13415689,"Heydarli, Nurtaj",AZE,F,WCM,WCM,,1501,0,40,SEP25,2007,wi
13453831,"Heydarli, Telman",AZE,M,,,,1534,0,40,SEP25,2011,i
13417460,"Heydarov, Aykhan",AZE,M,,,,1656,0,40,SEP25,2003,
13422839,"Heydarov, Elsev",AZE,M,,,,1622,0,20,SEP25,2002,i
13409999,"Heydarova, Aytaj",AZE,F,,,,1767,0,20,SEP25,2002,wi
13408550,"Heydarova, Gulchin",AZE,F,,,,1536,0,40,SEP25,2003,wi
13441310,"Hidayatli, Yusif",AZE,M,,,,1476,0,40,SEP25,2012,i
13401491,"Hojjatova, Aydan",AZE,F,WGM,WGM,,2138,0,20,SEP25,1999,wi
13469096,"Humbatli, Ali",AZE,M,,,,1457,0,40,SEP25,2011,i
13458582,"Humbatli, Khanimzar",AZE,F,,,,1588,6,40,SEP25,2014,w
13455567,"Humbatli, Leyla",AZE,F,,,,1488,6,40,SEP25,2013,w
13482211,"Humbatli, Shamo",AZE,M,,,,1641,0,40,SEP25,1996,
13422871,"Humbatov, Mail",AZE,M,,,,1622,0,20,SEP25,2002,i
13450875,"Humbatov, Rasim",AZE,M,,,,1461,0,20,SEP25,2000,i
13412698,"Humbatov, Samir",AZE,M,,,,1914,0,20,SEP25,1980,
13422782,"Humbatov, Yusif",AZE,M,,,,1753,0,20,SEP25,1959,i
13416839,"Humbatova, Nazli",AZE,F,,,,1657,0,40,SEP25,2007,w
13450280,"Humbatzada, Farid",AZE,M,,,,ACM,1444,0,SEP25,2009,i
13403230,"Hummatov, Hummat",AZE,M,,,,1792,0,20,SEP25,1947,i
13448692,"Hummatov, Safa",AZE,M,,,,1871,7,40,SEP25,2014,
13456091,"Huseyinov, Shamil",AZE,M,,,,1514,2,40,SEP25,2008,
13485474,"Huseyn, Said",AZE,M,,,,1500,9,40,SEP25,2013,
13467557,"Huseynkhanov, Mahir",AZE,M,,,,1464,0,40,SEP25,1997,
13423410,"Huseynli, Agil",AZE,M,,,,1713,0,20,SEP25,1982,
13454897,"Huseynli, Alasgar",AZE,M,,,,1426,0,40,SEP25,2013,i
13436503,"Huseynli, Ayan",AZE,F,,,,1771,6,40,SEP25,2010,w
13449826,"Huseynli, Elshad",AZE,M,,,,1452,0,20,SEP25,1991,i
13450158,"Huseynli, Elvin",AZE,M,,,,1773,0,40,SEP25,2009,i
13424807,"Huseynli, Huseyn",AZE,M,,,,1503,0,40,SEP25,2004,i
13441752,"Huseynli, Huseyn",AZE,M,,,,1446,0,40,SEP25,2011,
13427903,"Huseynli, Ismayil",AZE,M,,,,1609,0,40,SEP25,2007,i
13405942,"Huseynli, Jabrayil",AZE,M,,,,1579,3,40,SEP25,2000,
13425625,"Huseynli, Mahammadbaghir",AZE,M,,,,1560,0,40,SEP25,2009,
13468081,"Huseynli, Nurey",AZE,F,,,,1507,0,40,SEP25,2007,w
13485440,"Huseynli, Shahri",AZE,F,,,,1480,0,40,SEP25,2012,w
13478575,"Huseynli, Ulvi",AZE,M,,,,1605,0,40,SEP25,2011,
13431048,"Huseynli, Vahid",AZE,M,,,,1567,0,40,SEP25,2006,i
13416847,"Huseynli, Vusal",AZE,M,,,,1522,0,40,SEP25,2005,i
13441809,"Huseynli, Yagub",AZE,M,,,,1481,0,40,SEP25,2010,
13478567,"Huseynli, Zahra",AZE,F,,,,1481,0,40,SEP25,2013,w
13427687,"Huseynov, Adil",AZE,M,,,,1566,0,40,SEP25,2005,i
13431200,"Huseynov, Adil",AZE,M,,,,1759,0,20,SEP25,1985,i
13441949,"Huseynov, Ahmed",AZE,M,,,,1873,6,40,SEP25,2012,
13473646,"Huseynov, Asiman",AZE,M,,,,1432,0,40,SEP25,2008,i
13434934,"Huseynov, Balaramdas",AZE,M,,,,1402,0,40,SEP25,2008,i
13449370,"Huseynov, Bayrampasha",AZE,M,,,,1727,0,40,SEP25,1991,
13435884,"Huseynov, Emil",AZE,M,,,,1608,6,40,SEP25,2008,
13412167,"Huseynov, Fagan",AZE,M,,,,1764,0,40,SEP25,1999,
13402668,"Huseynov, Fazil",AZE,M,,,,1725,0,20,SEP25,1958,
13465902,"Huseynov, Hazi",AZE,M,,,,1482,0,40,SEP25,2012,
13474243,"Huseynov, Kemaleddin",AZE,M,,,,1528,0,40,SEP25,2018,
13417576,"Huseynov, Khazar",AZE,M,,,,1481,0,40,SEP25,2008,i
13417932,"Huseynov, Krishnadas",AZE,M,,,,1782,0,20,SEP25,2004,i
13467387,"Huseynov, Maksud",AZE,M,,,,1503,0,40,SEP25,2010,i
13473476,"Huseynov, Mikayil",AZE,M,,,,1452,0,40,SEP25,2015,
13458752,"Huseynov, Mirzali",AZE,M,,,,1489,0,40,SEP25,2015,
13464205,"Huseynov, Muhammad",AZE,M,,,,1405,0,40,SEP25,2014,
13409247,"Huseynov, Niyaz",AZE,M,,,,1845,0,20,SEP25,1951,i
13412191,"Huseynov, Nurlan",AZE,M,,,,1753,0,40,SEP25,1999,
13481819,"Huseynov, Parvin",AZE,M,,,,1434,0,40,SEP25,2002,
13423380,"Huseynov, Rasim",AZE,M,,,,1783,0,20,SEP25,1982,i
13475894,"Huseynov, Riyad",AZE,M,,,,1552,0,40,SEP25,2005,i
13401106,"Huseynov, Shahin",AZE,M,,,,2080,0,20,SEP25,1980,
13406540,"Huseynov, Shamsaddin",AZE,M,,,,1910,0,20,SEP25,1987,i
13413120,"Huseynova, Aydan",AZE,F,,,,1672,0,20,SEP25,2003,wi
13437313,"Huseynova, Dinara",AZE,F,WCM,WCM,,1749,0,40,SEP25,2011,w
13434420,"Huseynova, Firangiz",AZE,F,,,,1522,0,40,SEP25,2010,wi
13431781,"Huseynova, Lala",AZE,F,WFM,WFM,,1945,7,40,SEP25,2010,w
13413139,"Huseynova, Laman",AZE,F,,,,1819,0,20,SEP25,2001,wi
13425188,"Huseynova, Turkay",AZE,F,,,,1514,0,40,SEP25,2006,wi
13472992,"Huseynsoy, Sinan",AZE,M,,,,1514,0,40,SEP25,2008,i
13407147,"Huseynzada, Aydan",AZE,F,,,,1585,0,20,SEP25,1997,wi
13476939,"Huseynzada, Yusif",AZE,M,,,,1522,0,40,SEP25,2016,
13418351,"Huseynzade, Ali Vakil",AZE,M,,NA,,1710,0,20,SEP25,1993,i
13408607,"Huseynzade, Jeyhun",AZE,M,,,,2039,0,20,SEP25,2000,
13406361,"Huseynzade, Kanan",AZE,M,,,,1908,0,20,SEP25,1995,i
13453718,"Huseynzade, Mikayil",AZE,M,,,,1514,0,40,SEP25,2012,i
13425595,"Huseynzade, Tamerlan",AZE,M,,,,1654,0,40,SEP25,2007,
13429213,"Husuyev, Nihad",AZE,M,,,,1529,0,40,SEP25,2007,
13427911,"Ibadov, Ismayil",AZE,M,,,,1508,0,40,SEP25,2007,i
13481657,"Ibayev, Ali",AZE,M,,,,1545,0,40,SEP25,2002,
13400550,"Ibragimov, Bagir",AZE,M,,,,2372,0,20,SEP25,0,i
13426729,"Ibrahimkhalilli, Rahim",AZE,M,,,,1483,0,40,SEP25,2009,
13472577,"Ibrahimkhalilov, Jalal",AZE,M,,,,1445,0,40,SEP25,1995,i
13426737,"Ibrahimkhalilova, Eltaj",AZE,F,,,,1400,0,40,SEP25,2007,wi
13428624,"Ibrahimli, Javidan",AZE,M,,,,1495,0,40,SEP25,2007,i
13408615,"Ibrahimli, Leila",AZE,F,,,,1753,0,20,SEP25,2001,wi
13410229,"Ibrahimli, Murad",AZE,M,IM,,,2373,14,20,SEP25,2002,
13415514,"Ibrahimli, Nihad",AZE,M,,,,1829,0,20,SEP25,1993,
13446789,"Ibrahimli, Ravan",AZE,M,,,,1501,0,40,SEP25,2013,
13441906,"Ibrahimli, Suat",AZE,M,,,,1949,7,40,SEP25,2012,
13409255,"Ibrahimov, Babak",AZE,M,,,,1935,0,20,SEP25,1986,i
13469967,"Ibrahimov, Mahmud",AZE,M,,,,1551,0,40,SEP25,1983,i
13446479,"Ibrahimov, Mazahir",AZE,M,,,,1487,17,40,SEP25,2008,
13446460,"Ibrahimov, Muhammad Vusal",AZE,M,,,,1591,6,40,SEP25,2007,
13455770,"Ibrahimov, Rashad",AZE,M,,,,1441,0,20,SEP25,1977,i
13400495,"Ibrahimov, Rasul",AZE,M,GM,FT,,2515,0,10,SEP25,1981,i
13454099,"Ibrahimov, Raul",AZE,M,,,,1634,0,40,SEP25,2011,
13482203,"Ibrahimov, Tahir",AZE,M,,,,1456,0,40,SEP25,2012,
13462105,"Ibrahimova, Fidan",AZE,F,,,,1464,0,40,SEP25,2012,wi
13403893,"Ibrahimova, Sabina",AZE,F,WIM,WIM,,2026,0,20,SEP25,1995,w
13445421,"Ibrahimzade, Anar",AZE,M,,,,1467,0,40,SEP25,2011,i
13445634,"Ibrahimzade, Nurshan",AZE,F,,,,1538,0,40,SEP25,2008,wi
13469444,"Ibrahimzade, Omar",AZE,M,,,,1442,0,40,SEP25,2009,i
13402870,"Idrisov, Tabriz",AZE,M,FM,,,2142,0,20,SEP25,1989,
13414623,"Ilyasli, Aghazahir",AZE,M,,,,1772,0,20,SEP25,2000,i
13452347,"Ilyasli, Murad",AZE,M,,,,1465,0,40,SEP25,2012,i
13416197,"Ilyasli, Ughur",AZE,M,FM,,,1954,0,20,SEP25,2004,i
13460811,"Ilyasov, Ulvi",AZE,M,,,,1509,0,40,SEP25,2007,i
13403621,"Imanli, Maghrura",AZE,F,,,,1905,0,20,SEP25,1998,wi
13405462,"Imanov, Asim",AZE,M,,,,1855,0,20,SEP25,2000,i
13487175,"Imanov, Parviz",AZE,M,,,,1460,0,40,SEP25,2014,
13480332,"Imanzade, Mutalib",AZE,M,,,,1723,7,40,SEP25,2011,
13463888,"Imranli, Kenan",AZE,M,,,,1799,0,40,SEP25,2013,
13433695,"Imranli, Madina",AZE,F,,,,1559,4,40,SEP25,2010,w
13472631,"Isazade, Turan",AZE,M,,,,1568,0,40,SEP25,2010,
13428721,"Isbatov, Kanan",AZE,M,,,,1877,0,40,SEP25,2010,
13469401,"Isbatov, Tahir",AZE,M,,,,1489,0,40,SEP25,2017,
13425579,"Isfandiyarli, Kamal",AZE,M,,,,1878,0,40,SEP25,2007,
13463705,"Isgandarli, Ali",AZE,M,,,,1620,7,40,SEP25,2012,
13405993,"Isgandarov, Shahriyar",AZE,M,,,,2012,0,20,SEP25,2000,
13400312,"Iskandarov, Misratdin",AZE,M,GM,,,2490,0,10,SEP25,1995,
13486110,"Islamov, Imran",AZE,M,,,,1460,14,40,SEP25,2009,
13428535,"Ismayil, Mahammad",AZE,M,,,,1457,0,40,SEP25,2007,i
13412604,"Ismayil, Malak",AZE,F,WFM,WFM,,1953,7,20,SEP25,2004,w
13420550,"Ismayil, Seljan",AZE,F,,,,1632,0,40,SEP25,2007,wi
13413023,"Ismayilli, Ali Ariz",AZE,M,,,,1800,0,20,SEP25,1996,i
13457497,"Ismayilov, Aliakbar",AZE,M,,,,1531,9,40,SEP25,2011,
13410660,"Ismayilov, Arturan",AZE,M,,,,1891,0,40,SEP25,2005,i
13420534,"Ismayilov, Elvin",AZE,M,,,,1738,0,20,SEP25,1988,
13462458,"Ismayilov, Emil",AZE,M,,,,1477,7,40,SEP25,2009,
13454188,"Ismayilov, Emin",AZE,M,,,,1652,0,40,SEP25,2011,
13457039,"Ismayilov, Faraj",AZE,M,,,,1660,0,40,SEP25,2010,
13433237,"Ismayilov, Farman",AZE,M,,,,1429,0,20,SEP25,1974,i
13416561,"Ismayilov, Firuz",AZE,M,,,,1813,0,20,SEP25,2002,i
13441043,"Ismayilov, Hasan",AZE,M,,,,1416,0,40,SEP25,2006,i
13473344,"Ismayilov, Jamil",AZE,M,,,,1574,0,40,SEP25,2006,
13476440,"Ismayilov, Kamran",AZE,M,,,,1457,0,40,SEP25,1996,i
13420143,"Ismayilov, Mobil",AZE,M,,,,1612,0,20,SEP25,1955,i
13410024,"Ismayilov, Muhammad",AZE,M,,,,2056,0,20,SEP25,2003,i
13482521,"Ismayilov, Murad",AZE,M,,,,1465,0,40,SEP25,2017,
13424238,"Ismayilov, Murad",AZE,M,,,,1443,0,40,SEP25,2008,i
13414640,"Ismayilov, Nadir",AZE,M,,,,1753,0,20,SEP25,1997,i
13422707,"Ismayilov, Orkhan Elburus",AZE,M,,,,2054,0,20,SEP25,1981,i
13437135,"Ismayilov, Polad",AZE,M,,,,1468,0,40,SEP25,2007,
13459074,"Ismayilov, Ramin",AZE,M,,,,1471,0,40,SEP25,1988,
13420569,"Ismayilov, Rashad",AZE,M,,,,1473,0,40,SEP25,2007,i
13416553,"Ismayilov, Rasim",AZE,M,,,,1738,0,20,SEP25,2004,i
13463977,"Ismayilov, Sanan",AZE,M,,,,1504,6,40,SEP25,2011,
13435531,"Ismayilov, Suleyman",AZE,M,,,,1608,0,20,SEP25,1989,i
13435671,"Ismayilov, Ulvi",AZE,M,,,,1895,0,20,SEP25,1993,
13464426,"Ismayilov, Yusif Umid",AZE,M,,,,1519,0,40,SEP25,2013,i
13418645,"Ismayilov, Zakir",AZE,M,,,,1755,0,20,SEP25,1955,i
13412582,"Ismayilova, Aysu",AZE,F,,,,1678,0,20,SEP25,2001,wi
13429019,"Ismayilova, Khanim",AZE,F,WCM,WCM,,1823,0,40,SEP25,2010,wi
13429949,"Ismayilova, Salbinaz",AZE,F,,,,1417,0,40,SEP25,2011,wi
13420437,"Ismayilzada, Aykhan",AZE,M,,,,1569,0,40,SEP25,2005,i
13413759,"Ismayilzada, Ismayil",AZE,M,,,,1843,0,20,SEP25,2001,i
13469053,"Ismayilzada, Matlab",AZE,M,,,,1455,0,40,SEP25,2008,
13440608,"Ismayilzada, Nursubhan",AZE,M,,,,1545,0,40,SEP25,2009,
13415565,"Ismayilzada, Rabbin",AZE,M,,,,1600,0,20,SEP25,2003,i
13406418,"Ismayilzada, Zeynab",AZE,F,,,,1703,0,20,SEP25,2003,wi
13468316,"Israfilov, Ali Imran",AZE,M,,,,1507,0,40,SEP25,2005,i
13423029,"Israfilov, Emil",AZE,M,,,,1611,0,20,SEP25,2000,
13432583,"Israfilzade, Zahra",AZE,F,,,,1495,0,40,SEP25,2008,wi
13419013,"Israilov, Agil",AZE,M,,,,2072,0,20,SEP25,2006,
13405209,"Izzat, Kanan",AZE,M,IM,,,2371,0,20,SEP25,1996,i
13456350,"Jabbarli, Atilla",AZE,M,,,,1860,14,40,SEP25,2015,
13415646,"Jabbarli, Ayhan",AZE,M,CM,,,1651,0,40,SEP25,2007,i
13462768,"Jabbarli, Farid",AZE,M,,,,1679,0,40,SEP25,2009,
13412914,"Jabbarli, Zaid",AZE,M,,,,1582,0,20,SEP25,1981,i
13432770,"Jabrayilli, Arif",AZE,M,,,,1422,0,40,SEP25,2007,i
13467395,"Jabrayilli, Malak",AZE,F,,,,1414,0,40,SEP25,2013,wi
13433709,"Jafarli, Aziz",AZE,M,,,,1495,0,40,SEP25,2010,i
13406019,"Jafarli, Babak",AZE,M,,,,2098,0,20,SEP25,2001,
13455664,"Jafarli, Bakhtiyar",AZE,M,,,,1653,0,40,SEP25,2015,
13470892,"Jafarli, Ergin",AZE,M,,,,1474,0,40,SEP25,2010,i
13450352,"Jafarli, Khalig",AZE,M,,,,1422,0,40,SEP25,2010,i
13485164,"Jafarli, Raul",AZE,M,,,,1470,0,40,SEP25,2008,
13420658,"Jafarov, Abbas",AZE,M,,,,1454,0,40,SEP25,2006,i
13462784,"Jafarov, Akbar",AZE,M,,,,1426,0,40,SEP25,2007,i
13404440,"Jafarov, Elvin",AZE,M,,,,1874,0,20,SEP25,1993,i
13455761,"Jafarov, Khazar",AZE,M,,,,1445,0,40,SEP25,2009,
13408119,"Jafarov, Maharram",AZE,M,,,,2103,0,20,SEP25,1999,
13432346,"Jafarov, Mehman",AZE,M,,,,1540,0,20,SEP25,1996,i
13419501,"Jafarov, Murad Fikrat",AZE,M,,,,1437,0,20,SEP25,2004,i
34161651,"Jafarov, Oktay",AZE,M,,,,1551,0,40,SEP25,2011,
13463810,"Jafarov, Orhan",AZE,M,,,,1466,5,40,SEP25,2013,
13467778,"Jafarov, Rasul",AZE,M,,,,1603,0,40,SEP25,2009,
13419498,"Jafarov, Raul",AZE,M,,,,1593,0,40,SEP25,2006,i
13482440,"Jafarov, Ughur Elchin",AZE,M,,,,1588,0,40,SEP25,2014,
13429116,"Jafarova, Aysel",AZE,F,,,,1645,0,20,SEP25,2006,wi
13466615,"Jafarova, Shahane",AZE,F,,,,1555,11,40,SEP25,2007,w
13476530,"Jafarsoy, Ali",AZE,M,,,,1448,2,40,SEP25,2013,
13402080,"Jafarzada, Nurlan",AZE,M,,,,1728,0,20,SEP25,1992,i
13440667,"Jafarzade, Jamil",AZE,M,,,,1407,0,40,SEP25,2010,
13482351,"Jalilov, Asgar",AZE,M,,,,1401,0,40,SEP25,2013,
13418378,"Jalilova, Roya",AZE,F,,FA,,1573,0,20,SEP25,1990,w
13427547,"Jalilzada, Omar",AZE,M,,,,1604,5,40,SEP25,2008,
13450808,"Jamalov, Mahammad",AZE,M,,,,1531,0,40,SEP25,2013,
13419773,"Jamalov, Sabuhi",AZE,M,,,,1516,0,40,SEP25,2005,i
13415662,"Jamalova, Nazrin",AZE,F,,,,1471,0,40,SEP25,2006,wi
13487507,"Janagayev, Zamir",AZE,M,,,,1590,0,40,SEP25,2016,
13472372,"Javadli, Harun",AZE,M,,,,AFM,1523,0,SEP25,2008,
13471600,"Javadli, Huseyn",AZE,M,,,,1425,0,40,SEP25,2002,i
13424165,"Javadov, Habil",AZE,M,CM,,,2038,0,20,SEP25,2005,
13469835,"Javadov, Murad Safar",AZE,M,,,,1424,3,40,SEP25,2008,
13477706,"Javadov, Rufat",AZE,M,,,,1486,4,40,SEP25,2015,
13475967,"Jumshudlu, Kamran",AZE,M,,,,1442,6,40,SEP25,1990,
13432265,"Kabirlinskiy, Imran",AZE,M,,,,1544,0,40,SEP25,2005,i
13400045,"Kadimova, Ilaha",AZE,F,WGM,WGM,"IO,FT,IA",2304,0,20,SEP25,1975,wi
13453688,"Kalbaliyeva, Laman",AZE,F,,,,1428,0,40,SEP25,2012,wi
13415301,"Kalbiyev, Elbrus",AZE,M,,,,1697,0,20,SEP25,1977,i
13430130,"Kalbiyev, Imran",AZE,M,,,,1685,0,40,SEP25,1956,
13418157,"Kangarli, Azad",AZE,M,,,,1506,0,40,SEP25,1977,
13445650,"Kangarli, Javidan",AZE,M,,,,1594,0,40,SEP25,2011,
13416162,"Kanli, Alperen",AZE,M,CM,,,2071,0,20,SEP25,2006,i
13441302,"Kardashaliyev, Nicat",AZE,M,,,,1504,0,40,SEP25,2009,i
13454854,"Karim, Abdullah",AZE,M,,,,1446,4,40,SEP25,2007,
13441353,"Karimli, Arrahman",AZE,M,,,,1470,0,40,SEP25,2009,i
13417584,"Karimli, Aykhan",AZE,M,,,,1528,0,40,SEP25,2005,i
13425706,"Karimli, Aytaj",AZE,F,,,,1669,0,40,SEP25,2007,wi
13429442,"Karimli, Farid",AZE,M,,,,1531,0,40,SEP25,2004,i
13459449,"Karimli, Hasan",AZE,M,,,,1432,0,40,SEP25,2012,
13442520,"Karimli, Oghuz",AZE,M,,,,1460,0,40,SEP25,2011,i
13415581,"Karimli, Vugar",AZE,M,,,,1664,0,40,SEP25,2005,i
13429248,"Karimli, Yusif",AZE,M,,,,1704,0,40,SEP25,2011,i
13472330,"Karimli, Yusif Ilgar",AZE,M,,,,1480,0,40,SEP25,2011,i
13410709,"Karimov, Farid",AZE,M,,,,1848,0,20,SEP25,2001,i
13411543,"Karimov, Hasan",AZE,M,,,,1570,0,20,SEP25,1958,
13422278,"Karimov, Ibrahim",AZE,M,,,,1502,0,40,SEP25,2009,i
13404458,"Karimov, Joshgun",AZE,M,,,,1846,0,20,SEP25,1992,i
13428420,"Karimov, Nihad",AZE,M,,,,1554,0,40,SEP25,2010,i
13410717,"Karimzada, Narmin",AZE,F,WCM,WCM,,1863,0,20,SEP25,2000,wi
13483102,"Kazimli, Elvin",AZE,M,,,,1533,0,40,SEP25,2011,
13450182,"Kazimli, Kanan",AZE,M,,,,1584,0,40,SEP25,2011,i
13416529,"Kazimli, Vusal",AZE,M,,,,1701,0,20,SEP25,2001,i
13410733,"Kazimov, Emin",AZE,M,,,,1848,0,20,SEP25,2002,i
13428055,"Kazimov, Eynur",AZE,M,,,,1946,0,20,SEP25,1952,i
13463799,"Kazimov, Khalid",AZE,M,,,,1474,0,20,SEP25,1992,i
13446134,"Kazimov, Shahnasib",AZE,M,,,,1597,0,40,SEP25,2009,
13402951,"Kazimova, Narmin",AZE,F,WGM,WGM,,2097,0,20,SEP25,1993,w
13458175,"Kazimzade, Mahammad",AZE,M,,,,1803,0,40,SEP25,2015,
13441370,"Kerimov, Ali Zaur",AZE,M,,,,1429,0,40,SEP25,2010,i
13435523,"Kevlishvili, Turan",AZE,M,,,,1407,0,40,SEP25,2009,i
13402625,"Khalafova, Narmin",AZE,F,WGM,WGM,,2136,0,20,SEP25,1994,w
13453980,"Khalili, Sabuhi",AZE,M,,,,1731,0,20,SEP25,1993,i
13429086,"Khalilli, Adil",AZE,M,,,,1434,0,40,SEP25,2008,i
13421409,"Khalilli, Elnur",AZE,M,,,,1502,0,40,SEP25,2007,i
13480375,"Khalilli, Rashad",AZE,M,,,,1692,0,40,SEP25,2005,i
13424734,"Khalilov, Azad",AZE,M,,,,1617,0,40,SEP25,2009,i
13418327,"Khalilov, Emin",AZE,M,,,,1736,0,20,SEP25,2005,i
13457462,"Khalilov, Kamal",AZE,M,,,,1436,0,40,SEP25,2011,i
13481541,"Khalilov, Ramin",AZE,M,,,,1459,0,40,SEP25,1987,
13415654,"Khalilova, Aynura",AZE,F,,,,1573,0,20,SEP25,2001,wi
13404202,"Khalilova, Chinara",AZE,F,,,,1834,0,40,SEP25,1994,wi
13471210,"Khalilova, Fatima",AZE,F,,,,1550,0,40,SEP25,2009,wi
13449397,"Khalilzade, Ayan",AZE,F,,,,1619,0,40,SEP25,2010,w
13431447,"Khalilzade, Murad",AZE,M,,,,1759,0,40,SEP25,2008,
13454811,"Khalilzade, Omar",AZE,M,,,,1499,0,40,SEP25,2009,
13451014,"Khalilzade, Zahra",AZE,F,,,,1487,0,40,SEP25,2014,wi
13446606,"Khanalizade, Elgun",AZE,M,,,,1875,0,40,SEP25,2013,
13417983,"Khanlarov, Zulfugar",AZE,M,,,,1431,0,40,SEP25,2006,i
13483005,"Khanmatov, Rustam",AZE,M,,,,1526,4,40,SEP25,2011,
13418467,"Khanzadayev, Sabir",AZE,M,,,,1596,0,40,SEP25,2006,i
13484257,"Khasizade, Nurana",AZE,F,,,,1446,10,40,SEP25,2012,w
13410199,"Khosrovov, Fakhraddin",AZE,M,,,,AFM,1808,0,SEP25,1953,i
13407732,"Khosrovov, Sabuhi",AZE,M,,,,AIM,1983,0,SEP25,1988,i
13464140,"Khudatov, Nahib",AZE,M,,,,1534,0,20,SEP25,1987,i
13456768,"Khudayev, Farid",AZE,M,,,,1494,0,40,SEP25,2012,
13413970,"Khudiyev, Sanan",AZE,M,,,,1730,0,20,SEP25,2006,i
13463489,"Khuduzade, Azad",AZE,M,,,,1683,17,40,SEP25,2016,
13425307,"Khuduzade, Salatin",AZE,F,,,,1441,2,40,SEP25,2007,w
13442333,"Kobzeva, Leyla",AZE,F,,,,1453,0,40,SEP25,2007,wi
13409280,"Kononenko, Konstantin",AZE,M,,,,1821,0,20,SEP25,1937,i
13472771,"Konovalov, Daniel",AZE,M,,,,1605,5,40,SEP25,2017,
13428136,"Kovalyov, Daniil",AZE,M,,,,1408,0,40,SEP25,2008,i
13471481,"Kuchuktufekchi, Teyfik",AZE,M,,,,1404,0,40,SEP25,2015,
13470930,"Labibov, Zaur",AZE,M,,,,1494,0,40,SEP25,1981,
13416030,"Lachinov, Eldar",AZE,M,,,,1980,0,20,SEP25,1989,
13488686,"Latifli, Rufat",AZE,M,,,,1478,15,40,SEP25,2010,
13438972,"Latifov, Ruslan",AZE,M,,,,1549,0,40,SEP25,2008,i
13420844,"Levashov, Batir",AZE,M,,,,1617,0,20,SEP25,2004,i
13400142,"Magerramov, Elmar",AZE,M,GM,FST,,2516,0,10,SEP25,1958,
13438832,"Magsudsoy, Jamaladdin",AZE,M,,,,1526,5,40,SEP25,2011,
13456180,"Maharramli, Matin",AZE,M,,,,1482,0,40,SEP25,2015,
13472461,"Maharramov, Zakir",AZE,M,,,,1643,14,40,SEP25,2010,
13418661,"Maharramova, Khumar",AZE,F,,,,1582,6,40,SEP25,2007,w
13465678,"Maharramzade, Gulnara",AZE,F,,,,1427,0,40,SEP25,2009,w
13465643,"Maharramzade, Sattar",AZE,M,,,,1427,0,40,SEP25,2008,
13453521,"Mahmud, Natig",AZE,M,,,,1604,5,40,SEP25,2013,
13477820,"Mahmudlu, Elvin",AZE,M,,,,1578,0,40,SEP25,2014,
13437968,"Mahmudov, Ali",AZE,M,,,,1439,0,40,SEP25,2007,
13482190,"Mahmudov, Eljan",AZE,M,,,,1569,0,40,SEP25,2004,
13451146,"Mahmudov, Ilham",AZE,M,,,,1498,0,40,SEP25,2012,
13404466,"Mahmudov, Islam",AZE,M,,,,1784,0,20,SEP25,1984,
13446029,"Mahmudov, Tofig",AZE,M,,,,1422,0,40,SEP25,2007,i
13446401,"Mahmudova, Aliya",AZE,F,,,,1421,0,40,SEP25,2009,wi
13446410,"Mahmudova, Fatima",AZE,F,,,,1443,0,40,SEP25,2009,wi
13418530,"Mahmudzade, Ibrahim",AZE,M,,,,1539,0,20,SEP25,2004,i
13409719,"Mahmudzade, Kanan",AZE,M,,,,1704,0,20,SEP25,1997,i
13433717,"Mahmudzade, Yunis",AZE,M,,,,2080,7,40,SEP25,2010,
13459678,"Mahyaddinli, Nuru",AZE,M,,,,1402,0,40,SEP25,2007,
13485261,"Majidov, Davud",AZE,M,,,,1562,0,40,SEP25,2012,
13408682,"Majidzada, Bunyad",AZE,M,,,,1455,0,40,SEP25,2001,i
13415212,"Majidzada, Sharif",AZE,M,,,,1674,0,40,SEP25,2003,i
13468960,"Makhsudsoy, Mustafa",AZE,M,,,,1501,6,40,SEP25,2018,
13468685,"Malikov, Avazagha",AZE,M,,,,ACM,1617,0,SEP25,1996,
13456504,"Malikov, Elgun",AZE,M,,,,1687,0,40,SEP25,2009,
13425480,"Malikov, Farid",AZE,M,CM,,,1942,0,20,SEP25,2004,i
13404199,"Malikova, Ulviyya",AZE,F,,,,1783,0,20,SEP25,1994,wi
13469614,"Malikzada, Sarkhan",AZE,M,,,,1478,2,40,SEP25,2006,
13443259,"Malikzade, Habil",AZE,M,,,,1506,0,40,SEP25,2010,i
13402005,"Mamedjarova, Turkan",AZE,F,WGM,WGM,,2177,0,20,SEP25,1989,w
13401521,"Mamedjarova, Zeinab",AZE,F,WGM,WGM,,2203,0,20,SEP25,1983,w
13431684,"Mamedov, Javid",AZE,M,,,,1571,0,40,SEP25,2006,
13406469,"Mamedov, Mustafa",AZE,M,,,,1957,0,20,SEP25,0,i
13400819,"Mamedov, Nidjat",AZE,M,GM,,,2608,0,10,SEP25,1985,
13401653,"Mamedov, Rauf",AZE,M,GM,,,2610,0,10,SEP25,1988,
13401319,"Mamedyarov, Shakhriyar",AZE,M,GM,,,2701,0,10,SEP25,1985,
13417410,"Mammadaliyev, Farhad",AZE,M,,,,1707,0,40,SEP25,2006,i
13476076,"Mammadkhanli, Ahmad",AZE,M,,,,1674,0,40,SEP25,2000,i
13405470,"Mammadli, Anar",AZE,M,,,,1866,0,20,SEP25,1997,i
13476092,"Mammadli, Asmar",AZE,F,,,,1423,4,40,SEP25,2011,w
13461923,"Mammadli, Elvin",AZE,M,,,,1441,0,40,SEP25,2007,i
13424130,"Mammadli, Ilkin",AZE,M,,,,1637,0,20,SEP25,2005,
13451995,"Mammadli, Islam",AZE,M,,,,1465,0,40,SEP25,2011,i
13475525,"Mammadli, Ismayil",AZE,M,,,,1661,11,40,SEP25,2014,
13449680,"Mammadli, Ismayil",AZE,M,,,,1427,0,40,SEP25,2007,i
13443690,"Mammadli, Kanan",AZE,M,,,,1480,0,40,SEP25,2009,
13459163,"Mammadli, Malak",AZE,F,,,,1437,0,40,SEP25,2015,w
13439138,"Mammadli, Mehdi",AZE,M,,,,1407,0,40,SEP25,2010,i
13425757,"Mammadli, Nuray",AZE,F,,,,1551,0,40,SEP25,2012,w
13432826,"Mammadli, Orkhan",AZE,M,,,,1515,0,40,SEP25,2008,i
13481886,"Mammadli, Rufat",AZE,M,,,,1529,0,40,SEP25,1979,
13457837,"Mammadli, Shahin",AZE,M,,,,1709,6,40,SEP25,2010,
13456024,"Mammadli, Tahir",AZE,M,,,,1631,7,40,SEP25,2013,
13482599,"Mammadli, Tunjay Anar",AZE,M,,,,1603,0,40,SEP25,2013,
13436023,"Mammadli, Turan",AZE,M,,,,1533,0,40,SEP25,2011,i
13442112,"Mammadli, Ugur",AZE,M,,,,1435,0,40,SEP25,2013,i
13411640,"Mammadli, Zarrin",AZE,F,,,,1614,0,40,SEP25,2006,wi
13423258,"Mammadov, Akbar",AZE,M,,,,1596,0,20,SEP25,2002,
13418904,"Mammadov, Akram",AZE,M,,,,1461,0,40,SEP25,2008,
13411187,"Mammadov, Alamdar",AZE,M,,,,1866,0,20,SEP25,1949,i
13408704,"Mammadov, Ali",AZE,M,,,,1705,0,20,SEP25,1996,
13409298,"Mammadov, Ali",AZE,M,,,,1848,0,20,SEP25,1997,i
13472500,"Mammadov, Ali Tengiz",AZE,M,,,,1438,0,40,SEP25,2006,
13417320,"Mammadov, Anar",AZE,M,,,,1791,0,20,SEP25,1986,i
13415956,"Mammadov, Anar",AZE,M,,,,AIM,1813,0,SEP25,1990,i
13402579,"Mammadov, Ayaz",AZE,M,IM,,,2363,0,10,SEP25,1992,i
13432338,"Mammadov, Elnur",AZE,M,,,,1525,0,20,SEP25,1990,
13427300,"Mammadov, Elshad",AZE,M,,,,1423,0,40,SEP25,2009,i
13457446,"Mammadov, Emil",AZE,M,,,,1416,0,40,SEP25,2014,i
13481312,"Mammadov, Emil",AZE,M,,,,1632,5,40,SEP25,1984,
13423398,"Mammadov, Emil",AZE,M,,,,1623,0,40,SEP25,2004,i
13419404,"Mammadov, Farid",AZE,M,,,,1602,0,40,SEP25,2005,i
13432290,"Mammadov, Fazil",AZE,M,,,,1517,0,40,SEP25,1998,
13438549,"Mammadov, Fuad",AZE,M,,,,1657,12,40,SEP25,2010,
13404040,"Mammadov, Gulam",AZE,M,,,,1936,0,20,SEP25,1999,i
13475282,"Mammadov, Gulu",AZE,M,,,,1640,0,40,SEP25,2009,i
13466690,"Mammadov, Huseyn",AZE,M,,,,1584,0,40,SEP25,2009,i
13433849,"Mammadov, Ilknur",AZE,M,,,,1715,0,40,SEP25,2009,
13429191,"Mammadov, Ismayil",AZE,M,,,,1788,0,20,SEP25,2002,
13456644,"Mammadov, Jamal",AZE,M,,,,1832,0,40,SEP25,2014,
13481690,"Mammadov, Javad",AZE,M,,,,1564,0,40,SEP25,2005,
13483161,"Mammadov, Jeyhun",AZE,M,,,,1411,11,40,SEP25,2011,
13422928,"Mammadov, Kamal",AZE,M,,,,1522,0,20,SEP25,1976,i
13418122,"Mammadov, Mahammad",AZE,M,,,,1501,0,40,SEP25,1994,i
13402145,"Mammadov, Mehdi",AZE,M,,,,1921,0,20,SEP25,1995,i
13403931,"Mammadov, Mustafa",AZE,M,,,,1985,0,20,SEP25,1992,i
13472666,"Mammadov, Namig",AZE,M,,,,1856,7,40,SEP25,1979,
13407694,"Mammadov, Niyaz",AZE,M,,,,1864,0,20,SEP25,1999,i
13486560,"Mammadov, Pasha",AZE,M,,,,1523,0,40,SEP25,2015,
13423150,"Mammadov, Rashad",AZE,M,,,,1553,0,20,SEP25,1990,
13426583,"Mammadov, Rashid",AZE,M,,,,1612,0,40,SEP25,2010,
13472836,"Mammadov, Rashid Jeyhun",AZE,M,,,,1452,0,40,SEP25,2007,i
13423428,"Mammadov, Rasul",AZE,M,,,,1591,0,40,SEP25,2007,i
13406299,"Mammadov, Sabir",AZE,M,,,,1811,0,20,SEP25,1997,
13408712,"Mammadov, Sadig",AZE,M,IM,,,2205,0,20,SEP25,2003,
13419560,"Mammadov, Shamil",AZE,M,,,,1704,0,40,SEP25,2007,i
13426761,"Mammadov, Tamerlan",AZE,M,,,,1675,0,20,SEP25,2004,i
13432893,"Mammadov, Tamraz",AZE,M,,,,1716,0,20,SEP25,1970,
13467581,"Mammadov, Tural",AZE,M,,,,1571,0,40,SEP25,2015,
13402536,"Mammadov, Vafa",AZE,M,,,,2055,0,20,SEP25,1966,i
13428098,"Mammadov, Yusif",AZE,M,,,,1615,0,40,SEP25,2005,i
13401033,"Mammadov, Zaur",AZE,M,GM,,,2438,0,10,SEP25,1994,i
13418890,"Mammadov, Ziya",AZE,M,CM,,,1706,7,40,SEP25,2010,
13402161,"Mammadova, Aysel",AZE,F,,,,1915,0,20,SEP25,1992,wi
13410792,"Mammadova, Fatima",AZE,F,,,,1682,0,20,SEP25,2003,wi
13417878,"Mammadova, Gulay",AZE,F,,,,1494,0,40,SEP25,2007,wi
13403508,"Mammadova, Gulnar",AZE,F,IM,WGM,,2293,0,10,SEP25,1991,w
13461133,"Mammadova, Maryam",AZE,F,,,,1442,0,40,SEP25,2014,w
13403710,"Mammadova, Narmin",AZE,F,WGM,WGM,,2121,0,20,SEP25,1999,wi
13413210,"Mammadova, Susan",AZE,F,WFM,WFM,,1952,0,20,SEP25,2001,wi
13412337,"Mammadova, Ulkar",AZE,F,,,,1719,6,20,SEP25,1999,w
13421549,"Mammadova, Yasaman",AZE,F,,,,1527,0,20,SEP25,2006,w
13440845,"Mammadova, Zeynab",AZE,F,,,,1489,0,40,SEP25,2012,wi
13464671,"Mammadrzayev, Renat",AZE,M,,,,1499,0,40,SEP25,2016,
13459120,"Mammadtaghiyev, Kanan",AZE,M,,,,1483,0,40,SEP25,2013,
13449044,"Mammadzada, Ali",AZE,M,,,,1536,0,40,SEP25,2010,
13403729,"Mammadzada, Gunay",AZE,F,IM,WGM,,2331,0,20,SEP25,2000,w
13453467,"Mammadzada, Huseyn",AZE,M,,,,AFM,1847,0,SEP25,2010,
13466313,"Mammadzada, Leyla",AZE,F,,,,1451,0,40,SEP25,2010,w
13446347,"Mammadzada, Mammad",AZE,M,,,,1814,7,40,SEP25,2012,
13426575,"Mammadzada, Mirzaagha",AZE,M,,,,1525,0,40,SEP25,2006,i
13442244,"Mammadzada, Rasim",AZE,M,,,,1545,0,40,SEP25,2007,i
13418459,"Mammadzada, Rauf",AZE,M,,,,1638,0,40,SEP25,2007,i
13411012,"Mammadzada, Tural",AZE,M,,,,1715,7,20,SEP25,2001,
13442864,"Manafli, Omar",AZE,M,,,,1501,0,40,SEP25,2012,i
13410806,"Manafov, Rafail",AZE,M,,,,1821,0,20,SEP25,2002,i
13410814,"Manafov, Vugar",AZE,M,IM,,,2411,0,10,SEP25,2004,
13457985,"Mansimli, Rasul",AZE,M,,,,1800,0,40,SEP25,1992,
13463101,"Mansimov, Sahib",AZE,M,,,,1497,0,20,SEP25,1998,i
13435493,"Mansimov, Tofig",AZE,M,,,,1545,0,40,SEP25,2010,
13484869,"Mayilov, Mahamadhuseyn",AZE,M,,,,1568,0,40,SEP25,2009,
13412353,"Mehdiyev, Heydar",AZE,M,,,,1732,0,20,SEP25,1999,i
13472518,"Mehdiyev, Huseyn",AZE,M,,,,1606,0,40,SEP25,2010,
13416332,"Mehdiyev, Rashad",AZE,M,,,,1771,0,20,SEP25,2001,i
13460978,"Mehdizade, Shahin",AZE,M,,,,1419,0,40,SEP25,2015,
13441639,"Meherremli, Tural",AZE,M,,,,1452,0,40,SEP25,2009,i
13420771,"Mehraliyev, Emil",AZE,M,,,,1989,0,20,SEP25,2003,
13413813,"Mehraliyev, Sahil",AZE,M,,,,1821,0,20,SEP25,2002,i
13407341,"Mehtiyev, Elnur",AZE,M,,,,1989,0,20,SEP25,1995,i
13475789,"Mehtiyeva, Alsu",AZE,F,,,,1462,0,40,SEP25,2014,w
13463063,"Mehtizada, Jalal",AZE,M,,,,1446,0,40,SEP25,2012,i
13421301,"Mehtizada, Murad",AZE,M,,,,1851,0,40,SEP25,2010,
13417053,"Mikayil Zada, Aslan",AZE,M,,,,1750,0,20,SEP25,2002,i
13453203,"Mikayilov, Davud",AZE,M,,,,1654,0,40,SEP25,2013,i
13435388,"Mikayilov, Elvin",AZE,M,,,,1629,0,20,SEP25,1993,
13471805,"Mirheydarov, Fazil",AZE,M,,,,1440,0,40,SEP25,2013,
13457160,"Mirheydarov, Huseyn",AZE,M,,,,1460,0,40,SEP25,2011,
13462610,"Miriyev, Ibrahim",AZE,M,,,,1444,0,40,SEP25,2011,i
13458396,"Mirza, Fateh",AZE,M,,,,1485,5,40,SEP25,2016,
13422758,"Mirzakhanov, Ibrahim",AZE,M,,,,1612,0,40,SEP25,1994,
13447912,"Mirzaliyeva, Fatima Eldar",AZE,F,,,,1625,6,40,SEP25,2013,w
13441930,"Mirzaliyeva, Leyla",AZE,F,WCM,WCM,,1593,6,40,SEP25,2012,w
13458779,"Mirzayev, Aghamammad",AZE,M,,,,1625,0,40,SEP25,2007,i
13451200,"Mirzayev, Akbar",AZE,M,,,,1598,6,40,SEP25,2013,
13439316,"Mirzayev, Emil",AZE,M,,,,AFM,1651,0,SEP25,2009,i
13480383,"Mirzayev, Kamran",AZE,M,,,,1462,0,40,SEP25,2014,
13471473,"Mirzayev, Kanan",AZE,M,,,,1534,0,40,SEP25,2015,
13476688,"Mirzayev, Mahammad",AZE,M,,,,1417,0,40,SEP25,2018,
13427814,"Mirzayev, Said",AZE,M,,,,1750,0,20,SEP25,1992,i
13435965,"Mirzayev, Turan",AZE,M,,,,1627,5,40,SEP25,2011,
13435973,"Mirzayev, Ughur",AZE,M,,,,1717,7,40,SEP25,2012,
13473751,"Mirzazada, Emil",AZE,M,,,,1410,0,40,SEP25,2014,i
13452622,"Mirzazada, Ismayil",AZE,M,,,,1506,0,40,SEP25,2014,
13411071,"Mirzazada, Nazrin",AZE,F,,,,1725,0,20,SEP25,2000,wi
13442031,"Mirzazade, Aydin",AZE,M,,,,1752,0,40,SEP25,2010,
13400304,"Mirzoev, Azer",AZE,M,GM,,,2509,0,10,SEP25,1978,
13418505,"Misirov, Zamin",AZE,M,,,,1518,0,40,SEP25,2007,i
13400541,"Mukhtarov, Kanan",AZE,M,,,,1925,0,20,SEP25,1997,i
13419790,"Mukhtarov, Raul",AZE,M,,,,1669,0,40,SEP25,2008,i
13458728,"Muradli, Jahid",AZE,M,,,,1610,0,40,SEP25,2013,
13445154,"Muradli, Latif",AZE,M,,,,1664,0,40,SEP25,2012,
13409301,"Muradli, Mahammad",AZE,M,GM,,,2546,0,10,SEP25,2003,
13487663,"Muradli, Nihat",AZE,M,,,,1441,0,40,SEP25,2010,
13459104,"Muradli, Sabira",AZE,F,,,,1453,0,40,SEP25,2015,w
13472720,"Muradov, Sarkhan",AZE,M,,,,1414,0,40,SEP25,2010,i
13459147,"Muradova, Nuray",AZE,F,,,,1416,0,40,SEP25,2014,wi
13484702,"Muradzade, Bakhtiyar",AZE,M,,,,1775,6,20,SEP25,1993,
13410113,"Mursalli, Matin",AZE,M,,,,1804,0,20,SEP25,2004,i
13482947,"Mursalov, Davud",AZE,M,,,,1474,0,40,SEP25,2016,
13436597,"Mursalzade, Javad",AZE,M,,,,1784,0,40,SEP25,2012,
13471880,"Murvatov, Farid",AZE,M,,,,1595,12,40,SEP25,2009,
13490958,"Musali, Murad",AZE,M,,,,1526,5,40,SEP25,2008,
13453629,"Musasoy, Yusif",AZE,M,,,,AFM,1785,7,SEP25,2013,
13472429,"Musayev, Ali Bahruz",AZE,M,,,,1524,0,40,SEP25,2011,
13402099,"Musayev, Eldar",AZE,M,,,,2119,0,20,SEP25,1985,
13415816,"Musayev, Murad",AZE,M,,,,1779,0,40,SEP25,2005,i
13484974,"Musayev, Murat",AZE,M,,,,1596,0,40,SEP25,2014,
13472267,"Mushtagov, Nijat",AZE,M,,,,1412,0,40,SEP25,1991,i
13474499,"Mustafa, Kamal",AZE,M,,,,1601,0,40,SEP25,2013,i
13418572,"Mustafayev, Aykhan",AZE,M,,,,1732,0,20,SEP25,2004,i
13472747,"Mustafayev, Farhad",AZE,M,,,,1503,0,40,SEP25,1986,i
13408771,"Mustafayev, Farid",AZE,M,FM,,,2142,0,20,SEP25,2004,i
13411136,"Mustafayev, Habib",AZE,M,,,,1594,0,20,SEP25,1956,i
13448340,"Mustafayev, Huseyn",AZE,M,,,,1454,0,40,SEP25,2008,
13432745,"Mustafayev, Ismayil",AZE,M,,,,1499,0,40,SEP25,2008,i
13464248,"Mustafayev, Kasim",AZE,M,,,,1482,0,40,SEP25,1990,i
13458531,"Mustafayev, Mahammad",AZE,M,,,,1483,0,40,SEP25,2014,
13418335,"Mustafayev, Nihad",AZE,M,,,,1938,0,20,SEP25,2004,i
13423630,"Mustafayev, Nihad",AZE,M,,,,1562,0,40,SEP25,2003,i
13485253,"Mustafayev, Nurlan",AZE,M,,,,1627,0,40,SEP25,2005,
13425854,"Mustafayev, Shahin",AZE,M,,,,1537,0,40,SEP25,2006,i
13473921,"Mustafayeva, Zarina",AZE,F,,,,ACM,1474,7,SEP25,2016,w
13406426,"Mustafazada, Nigar",AZE,F,,,,1815,0,20,SEP25,2001,wi
13417100,"Mustafazade, Fikrat",AZE,M,,,,1649,0,40,SEP25,2007,i
13435477,"Mustafazade, Yusif",AZE,M,,,,1903,7,40,SEP25,2009,
13406744,"Mustafin, Andrey",AZE,M,FM,,,2119,0,20,SEP25,2001,i
13407376,"Nabili, Orkhan",AZE,M,,,,1921,0,20,SEP25,1994,i
13488775,"Nabiyev, Abdulla",AZE,M,,,,1472,0,40,SEP25,2013,
13408780,"Nabiyev, Jeyhun",AZE,M,,,,1523,0,40,SEP25,1998,
13453920,"Nabiyev, Nihad",AZE,M,,,,1579,0,40,SEP25,2008,i
13416413,"Nabiyev, Novruz",AZE,M,,,,1620,0,20,SEP25,2004,i
13463691,"Nabiyev, Ravan",AZE,M,,,,1560,0,40,SEP25,2007,i
13462121,"Nabiyev, Ulvi",AZE,M,,,,1503,0,40,SEP25,2002,
13420500,"Nabizade, Mikayil",AZE,M,,,,1443,0,40,SEP25,2008,i
13464370,"Nadzhafov, Timur",AZE,M,,,,1524,0,40,SEP25,2010,
13453602,"Naghiyev, Malik",AZE,M,,,,1452,0,40,SEP25,2012,i
13436058,"Naghiyev, Turan",AZE,M,,,,1474,0,40,SEP25,2008,i
13423347,"Naghiyeva, Laman",AZE,F,,,,1488,0,40,SEP25,2007,wi
13425471,"Naghizade, Jahangir",AZE,M,,,,1562,0,40,SEP25,2007,i
13472470,"Naghizade, Jamil",AZE,M,,,,1746,0,40,SEP25,1987,i
13453769,"Najafli, Kanan",AZE,M,,,,1538,4,40,SEP25,2011,
13445677,"Najafli, Movlud",AZE,M,,,,1507,0,20,SEP25,1991,i
13424750,"Najafova, Khatin",AZE,F,,,,AFM,1478,10,SEP25,2007,w
13471392,"Najafzade, Yusif",AZE,M,,,,1410,0,40,SEP25,2010,
13432788,"Namazov, Ilham",AZE,M,,,,1594,0,40,SEP25,2007,i
13429043,"Namazov, Malik",AZE,M,,,,1584,0,20,SEP25,1964,i
13478001,"Namazov, Raul",AZE,M,,,,AIM,1464,6,SEP25,2010,
13422766,"Nasibov, Israfil",AZE,M,,,,1468,0,20,SEP25,2002,i
13413155,"Nasibov, Rufat",AZE,M,,,,1978,0,20,SEP25,2001,
13418017,"Nasibova, Narmin",AZE,F,,,,1642,0,40,SEP25,2006,wi
13419277,"Nasibova, Nigar",AZE,F,,,,1606,0,20,SEP25,2004,wi
13462792,"Nasirli, Emin",AZE,M,,,,1456,0,40,SEP25,2013,i
13408330,"Nasirov, Elchin",AZE,M,,,,1677,13,20,SEP25,1998,
13416146,"Nasirov, Murad",AZE,M,,,,1666,0,20,SEP25,1976,i
13445022,"Nasirova, Khana",AZE,F,,,,1430,0,40,SEP25,2009,w
13449850,"Nazaraliyev, Zahid",AZE,M,,,,1538,0,40,SEP25,2009,
13474820,"Nazarov, Jeyhun",AZE,M,,,,1478,0,40,SEP25,1989,
13453939,"Nazirli, Fikrat",AZE,M,,,,1432,0,40,SEP25,2014,
13474960,"Nazirov, Mahir",AZE,M,,,,1705,0,40,SEP25,1998,
13432516,"Nehmatli, Asim",AZE,M,,,,1540,0,20,SEP25,1994,
13466909,"Nematli, Javanshir",AZE,M,,,,AFM,1636,0,SEP25,2004,
13446320,"Nematov, Mahammad",AZE,M,,,,1478,0,40,SEP25,2005,
13423053,"Neverov, Nikolay",AZE,M,,,,1886,0,20,SEP25,1986,i
13460455,"Novruzlu, Daniz",AZE,F,,,,1431,0,40,SEP25,2012,w
13453041,"Novruzlu, Eldar",AZE,M,,,,1552,0,40,SEP25,2001,i
13423487,"Novruzlu, Nushaba",AZE,F,,,,1518,0,40,SEP25,2006,wi
13429027,"Novruzov, Elnur",AZE,M,,,,1548,0,40,SEP25,2005,i
13403516,"Novruzov, Emin",AZE,M,,,,1960,0,20,SEP25,1976,
13423134,"Novruzov, Muhammad",AZE,M,,,,1587,0,20,SEP25,2002,
13428390,"Nurahmad, Tabriz",AZE,M,,,,1803,14,20,SEP25,2006,
13439111,"Nurahmadli, Aylin",AZE,F,,,,1460,9,40,SEP25,2013,w
13404474,"Nuri, Murad",AZE,M,FM,,,2276,0,20,SEP25,1997,i
13430025,"Nuriyev, Aykhan",AZE,M,,,,1584,0,20,SEP25,1998,i
13482254,"Nuriyev, Raul",AZE,M,,,,1701,0,40,SEP25,2001,
13423746,"Nuriyeva, Nurtan",AZE,F,WCM,WCM,,1882,6,40,SEP25,2008,w
13446088,"Nurlu, Yusif",AZE,M,,,,1474,0,40,SEP25,2011,i
13430742,"Nurmammadli, Said",AZE,M,,,,1512,0,40,SEP25,2007,i
13471937,"Omar, Muhammad",AZE,M,,,,1554,0,40,SEP25,2013,
13464019,"Omar, Yunis",AZE,M,,,,1613,4,40,SEP25,2008,
13456458,"Orman, Attila",AZE,M,,,,1729,0,40,SEP25,2015,
13418041,"Oruj-zada, Babak",AZE,M,,,,1587,0,20,SEP25,2003,i
13420232,"Orujaliyev, Vugar",AZE,M,,,,1519,0,40,SEP25,2008,i
13416324,"Orujlu, Farid",AZE,M,,,,1640,0,20,SEP25,2005,
13403699,"Orujov, Azar",AZE,M,,,,1973,0,20,SEP25,1994,i
13403540,"Orujov, Elshad",AZE,M,FM,,,2269,0,20,SEP25,1972,i
13423533,"Orujov, Farid",AZE,M,FM,,,1968,0,40,SEP25,2008,
13432427,"Orujov, Hasan",AZE,M,,,,1974,7,40,SEP25,2009,
13412426,"Orujov, Hazrat",AZE,M,,,,1843,0,20,SEP25,1999,
13425684,"Orujov, Nazim",AZE,M,,,,1678,0,20,SEP25,1989,i
13485180,"Orujov, Nazim",AZE,M,,,,1464,0,40,SEP25,2002,
13449478,"Orujov, Sahib",AZE,M,,,,1557,0,20,SEP25,1995,i
13403613,"Orujov, Shujaat",AZE,M,,,,2215,0,20,SEP25,1995,i
13429833,"Orujzade, Elkhan",AZE,M,,,,1433,0,40,SEP25,2010,i
13458086,"Orujzade, Omar",AZE,M,,,,1521,0,40,SEP25,2013,i
13407465,"Osmanov, Elchin",AZE,M,,,,1614,0,20,SEP25,1997,i
13474383,"Osmanov, Musa",AZE,M,,,,1494,0,40,SEP25,2010,
13428063,"Panahli, Ismayil",AZE,M,,,,1546,0,20,SEP25,2006,
13472585,"Panahli, Sahib",AZE,M,,,,1464,0,40,SEP25,2006,i
13481614,"Pashayev, Ramiz",AZE,M,,,,1453,0,40,SEP25,2009,
13441663,"Pashayev, Rustam",AZE,M,,,,1599,0,40,SEP25,2009,i
13461397,"Pashayev, Yunus",AZE,M,,,,1418,0,40,SEP25,2012,
13417533,"Pashayeva, Jamila",AZE,F,,,,1636,0,20,SEP25,2005,wi
13431498,"Pashazade, Ismayil",AZE,M,,,,1493,0,40,SEP25,2006,i
13474901,"Piriyev, Huseyn",AZE,M,,,,1498,0,40,SEP25,1995,
13452258,"Piriyev, Raul",AZE,M,,,,1433,0,40,SEP25,2011,i
13400568,"Pirverdiyev, Agil",AZE,M,FM,,,2508,0,10,SEP25,1996,i
13410881,"Qafarov, Tural",AZE,M,,,,1624,0,20,SEP25,2001,i
13404750,"Qasimov, Babak",AZE,M,,,,1783,0,40,SEP25,1995,
13400924,"Radjabov, Teimour",AZE,M,GM,,,2661,0,10,SEP25,1987,
13411055,"Rafili, Said",AZE,M,,,,2217,0,20,SEP25,2000,i
13416944,"Rahimli, Aykhan",AZE,M,,,,1494,0,40,SEP25,2006,i
13462431,"Rahimli, Eljan",AZE,M,,,,1429,0,40,SEP25,2013,
13463160,"Rahimli, Heydar",AZE,M,,,,1428,0,40,SEP25,2011,i
13401394,"Rahimli, Ilkin",AZE,M,,,,AIM,1953,0,SEP25,1998,i
13401181,"Rahimli, Izzat",AZE,F,,,,1830,0,20,SEP25,1995,wi
13462016,"Rahimli, Jasur",AZE,M,,,,1495,7,40,SEP25,2012,
13421352,"Rahimli, Nurana",AZE,F,,,,1462,0,20,SEP25,2003,wi
13483064,"Rahimli, Suad",AZE,M,,,,1464,0,40,SEP25,2018,
13446266,"Rahimli, Tural",AZE,M,,,,1533,0,20,SEP25,2004,i
13418980,"Rahimov, Emin",AZE,M,,,,1470,0,40,SEP25,2008,i
13410903,"Rahimov, Hasan",AZE,M,,,,1732,0,20,SEP25,2000,i
13450603,"Rahimov, Murad",AZE,M,,,,1491,0,40,SEP25,2012,
13430149,"Rahimova, Aysel",AZE,F,,,,1614,0,40,SEP25,2008,wi
13463365,"Rahmanova, Nargiz",AZE,F,,,,1747,0,40,SEP25,2012,w
13441183,"Rajabov, Anar",AZE,M,,,,1944,7,20,SEP25,2006,
13474332,"Rajabov, Heydar",AZE,M,,,,1584,0,40,SEP25,2015,
13425420,"Rashidova, Nargiz",AZE,F,,,,1556,0,20,SEP25,2005,wi
13453955,"Rasul, Abdullah",AZE,M,,,,1592,6,40,SEP25,2012,
13441299,"Rasulov, Mirmehdi",AZE,M,,,,1408,0,40,SEP25,2006,i
13429876,"Rasulov, Rashid",AZE,M,,,,1553,0,40,SEP25,2005,i
13431021,"Rasulov, Rasul",AZE,M,,,,1559,0,40,SEP25,2007,i
13402390,"Rasulov, Vugar",AZE,M,GM,,,2459,0,10,SEP25,1991,
13423207,"Rasulzada, Murad",AZE,M,,,,1531,0,40,SEP25,2008,i
13438727,"Rasulzade, Mahir",AZE,M,,,,1461,0,40,SEP25,2012,
13400614,"Roustamli, Ibragim",AZE,M,,,,2070,0,20,SEP25,1947,i
13440110,"Rustamov, Rustam",AZE,M,FM,,,2268,14,40,SEP25,2009,
13490176,"Rustamov, Sarkhan",AZE,M,,,,1511,5,40,SEP25,1989,
13451707,"Rustamov, Tunjay",AZE,M,,,,1497,0,40,SEP25,2013,
13485024,"Rza, Sahib",AZE,M,,,,1438,0,40,SEP25,2014,
13420380,"Rzali, Leyla",AZE,F,,,,1668,6,40,SEP25,2008,w
13410920,"Rzali, Sabina",AZE,F,WCM,WCM,,1901,0,20,SEP25,2004,w
13400096,"Rzayev, Chingiz",AZE,M,,,,1997,0,20,SEP25,1996,
13455486,"Rzayev, Javid",AZE,M,,,,1474,0,40,SEP25,2009,i
13406272,"Rzayev, Murad",AZE,M,,,,1821,0,20,SEP25,2002,i
13453564,"Rzayev, Murad",AZE,M,,,,1991,0,40,SEP25,2011,
13429701,"Rzayev, Parviz",AZE,M,,,,1800,6,40,SEP25,2005,
13429329,"Rzayev, Rahil",AZE,M,,,,1406,0,40,SEP25,2011,i
13455494,"Rzayev, Riyad",AZE,M,,,,1458,0,40,SEP25,2007,i
13419749,"Rzayev, Zahir",AZE,M,,,,1506,0,40,SEP25,2008,i
13480286,"Rzayeva, Azarin",AZE,F,,,,1415,0,40,SEP25,2017,w
13477250,"Rzayeva, Khanim",AZE,F,,,,1601,0,40,SEP25,2015,w
13445707,"Rzazade, Chinar",AZE,M,,,,1462,0,40,SEP25,2011,i
13467697,"Rzazade, Hamza",AZE,M,,,,1820,0,40,SEP25,2009,
13413872,"Rzazade, Kamran",AZE,M,,,,1879,0,20,SEP25,2002,i
13488694,"Rzazade, Muhammad",AZE,M,,,,1498,0,40,SEP25,2015,
13408135,"Sadigli, Aslan",AZE,M,,,,1875,0,20,SEP25,2001,i
13436821,"Sadigov, Kamil",AZE,M,,,,1738,0,40,SEP25,2012,
13419420,"Sadigzada, Nuran",AZE,M,,,,1450,0,40,SEP25,2007,i
13430106,"Sadigzada, Ravan",AZE,M,,,,1678,0,40,SEP25,2006,i
13475886,"Sadigzade, Agil",AZE,M,,,,1472,0,40,SEP25,2008,i
13455273,"Sadigzade, Farid",AZE,M,,,,1567,13,40,SEP25,2015,
13401416,"Sadikhov, Ulvi",AZE,M,GM,,,2458,0,10,SEP25,1998,i
13450093,"Safaraliyev, Elnur",AZE,M,,,,1479,0,40,SEP25,2011,
13410440,"Safaraliyev, Husamaddin",AZE,M,,,,1669,0,20,SEP25,1997,i
13412710,"Safaraliyev, Ramil",AZE,M,,,,1606,0,40,SEP25,1980,
13472240,"Safaralizade, Abalfaz",AZE,M,,,,1423,0,40,SEP25,2017,i
13475690,"Safarli, Agil",AZE,M,,,,1547,6,40,SEP25,2016,
13402129,"Safarli, Eltaj",AZE,M,GM,,,2627,0,10,SEP25,1992,
13454935,"Safarli, Emil",AZE,M,,,,1418,0,40,SEP25,2014,i
13449125,"Safarli, Mahammad",AZE,M,,,,1439,0,40,SEP25,2009,i
13455753,"Safarli, Mahammad Elshan",AZE,M,,,,1516,0,40,SEP25,2012,i
13423460,"Safarli, Maleyka",AZE,F,,,,1484,0,20,SEP25,2001,wi
13418149,"Safarli, Ramzi",AZE,M,,,,1777,0,20,SEP25,2004,
13483455,"Safarli, Ravan",AZE,M,,,,1478,0,40,SEP25,2012,
13455214,"Safarli, Turgay",AZE,M,,,,1495,0,40,SEP25,2011,
13420682,"Safarli, Yusif",AZE,M,,,,1539,0,40,SEP25,2005,i
13402897,"Safarov, Farid",AZE,M,,,,1918,0,20,SEP25,1990,i
13440330,"Safarov, Farid",AZE,M,,,,1422,0,40,SEP25,2009,i
13453491,"Safarov, Umud",AZE,M,,,,1512,0,40,SEP25,2013,i
13413040,"Safarov, Zirva",AZE,M,,,,2068,0,20,SEP25,1970,i
13413198,"Safarova, Aytan",AZE,F,,,,1750,0,20,SEP25,2000,wi
13426184,"Salahli, Muhammad",AZE,M,,,,1449,0,40,SEP25,2010,i
13467514,"Salahli, Vahid",AZE,M,,,,1643,5,40,SEP25,2013,
13413899,"Salamov, Matin",AZE,M,,,,1806,0,40,SEP25,2005,i
13470310,"Salayev, Sanan",AZE,M,,,,1498,0,40,SEP25,2012,i
13414810,"Salehov, Kanan",AZE,M,,,,1728,0,20,SEP25,1998,i
13431790,"Salifli, Mirmehdi",AZE,M,,,,1594,0,40,SEP25,2006,i
13422847,"Salimli, Arzu",AZE,F,,,,1513,0,20,SEP25,2002,wi
13422855,"Salimli, Hasanpasha",AZE,M,,,,1663,0,20,SEP25,2004,i
13471848,"Salimli, Rufat",AZE,M,,,,1510,5,20,SEP25,2003,
13404482,"Salimov, Shovkat",AZE,M,,,,1915,0,20,SEP25,1996,
13408178,"Salmanov, Khazar",AZE,M,,,,1622,5,40,SEP25,2000,
13458663,"Salmanov, Raul",AZE,M,,,,1633,17,40,SEP25,2012,
13428675,"Samad, Fatih",AZE,M,,,,1527,0,40,SEP25,2008,i
13471074,"Samadli, Abdullah",AZE,M,,,,1487,0,40,SEP25,2010,
13446517,"Samadov, Kamil",AZE,M,,,,1524,0,40,SEP25,2012,
13465848,"Samadov, Kamran",AZE,M,,,,1450,0,20,SEP25,1989,i
13472038,"Samadov, Mehman",AZE,M,,,,1586,0,20,SEP25,1988,
13417444,"Samadov, Read",AZE,M,IM,,,2469,0,10,SEP25,2007,
13452053,"Samadzade, Fuad",AZE,M,,,,1559,0,20,SEP25,1993,i
13476432,"Samadzade, Rasul",AZE,M,,,,1505,0,40,SEP25,2009,
13456911,"Sariyev, Mahammad",AZE,M,,,,1603,0,40,SEP25,2009,i
13403001,"Sariyev, Riad",AZE,M,,,,1957,0,20,SEP25,1993,i
13406760,"Sarkhanli, Orkhan",AZE,M,,,,1794,0,20,SEP25,1998,i
13414828,"Savalanli, Huseyn",AZE,M,,,,1622,6,20,SEP25,2000,
13424572,"Sevdimali, Erjan",AZE,M,,,,1634,0,40,SEP25,2011,i
13408887,"Sevdimaliyev, Adil",AZE,M,,,,1684,0,20,SEP25,1947,
13402463,"Sevdimaliyev, Urfan",AZE,M,GM,NA,,2286,0,10,SEP25,1989,
13433067,"Seyfaddinov, Rauf",AZE,M,,,,1427,0,40,SEP25,2006,i
13413902,"Seyid, Huseyn",AZE,M,FM,,,2112,0,40,SEP25,2007,i
13429183,"Seyid, Mirsafar",AZE,M,,,,1575,0,20,SEP25,1995,i
13424009,"Seyid, Turan",AZE,M,,,,1575,0,20,SEP25,2004,i
13434381,"Seyid-zada, Murad",AZE,M,,,,1782,0,40,SEP25,2003,i
13462318,"Seyidli, Khadija",AZE,F,,,,1457,0,40,SEP25,2014,w
13425633,"Seyidli, Mirfamil",AZE,M,,,,1482,0,40,SEP25,2010,i
13455656,"Seyidli, Mirmajid",AZE,M,,,,1454,0,40,SEP25,2013,
13420526,"Seyidli, Mirmohsun",AZE,M,,,,1562,0,40,SEP25,2007,i
13445219,"Seyidli, Mirsaleh",AZE,M,CM,,,1913,0,40,SEP25,2010,
13415425,"Seyidov, Ibrahim",AZE,M,,,,1753,6,20,SEP25,2004,
13403567,"Shabanov, Abdulla",AZE,M,,,,1784,0,20,SEP25,1999,i
13400100,"Shabanov, Nurlan",AZE,M,,,,2130,0,20,SEP25,1996,i
13406388,"Shahaliyev, Ismayil",AZE,M,IM,,,2325,0,20,SEP25,1999,i
13446711,"Shahmaliyev, Faig",AZE,M,,,,1448,12,40,SEP25,2008,
13419285,"Shahmarli, Ibrahim",AZE,M,,,,1554,0,20,SEP25,2003,i
13415433,"Shahpalangov, Aydin",AZE,M,,,,1964,0,20,SEP25,2003,
13484850,"Shahverdiyev, Anar",AZE,M,,,,1900,0,20,SEP25,1998,
13450484,"Shahverdiyev, Ilgar",AZE,M,,,,1645,0,20,SEP25,1975,i
13440551,"Shahverdiyev, Sanan",AZE,M,,,,1552,0,20,SEP25,1988,i
13423797,"Shakaraliyev, Elchin",AZE,M,,,,1835,6,40,SEP25,2010,
13440705,"Shamilov, Omar",AZE,M,,,,1429,0,40,SEP25,2010,i
13450395,"Shamsaliyev, Ismayil",AZE,M,,,,1403,0,40,SEP25,2008,
13436465,"Sharifov, Ramazan",AZE,M,,,,1689,6,40,SEP25,2009,
13436473,"Sharifov, Tariyel",AZE,M,,,,1471,0,40,SEP25,2011,
13438522,"Shatirov, Ravan",AZE,M,,,,1756,0,40,SEP25,2010,
13428268,"Shikhahmadi, Nihat",AZE,M,,,,1586,0,40,SEP25,2009,i
13459481,"Shikhaliyev, Idris",AZE,M,,,,1510,0,40,SEP25,2012,
13434977,"Shikhalizada, Murad",AZE,M,,,,1637,0,40,SEP25,2009,
13458787,"Shikhbabayev, Farrukh",AZE,M,,,,1568,0,40,SEP25,2013,
13445944,"Shikhiyev, Kamran",AZE,M,,,,1482,6,40,SEP25,2012,
13425617,"Shikhmammadli, Sahib",AZE,M,,,,1589,0,40,SEP25,2007,
13471333,"Shirali, Amin",AZE,F,,,,1488,0,40,SEP25,2011,w
13457489,"Shiraliyev, Muslim",AZE,M,,,,1531,4,40,SEP25,2015,
13438530,"Shirinov, Akif",AZE,M,,,,1729,0,20,SEP25,1990,i
13461460,"Shirinov, Kanan",AZE,M,,,,1756,7,40,SEP25,2011,
13457004,"Shirinov, Mikayil",AZE,M,,,,1577,0,40,SEP25,2010,i
13468898,"Shirinov, Murad",AZE,M,,,,1430,0,40,SEP25,2009,i
13439952,"Shirinov, Rahim",AZE,M,,,,1517,0,40,SEP25,2008,i
13461052,"Shirinov, Yashar",AZE,M,,,,AIM,1902,7,SEP25,2013,
13435329,"Shiriyev, Ilgar",AZE,M,,,,1689,0,20,SEP25,1972,i
13462229,"Shirvanli, Fuad",AZE,M,,,,1457,0,40,SEP25,1992,
13465775,"Shukurlu, Kamran",AZE,M,,,,1981,14,40,SEP25,2009,
13465783,"Shukurlu, Nurlan",AZE,M,,,,1641,12,40,SEP25,2011,
13424076,"Shukurov, Hikmat",AZE,M,,,,1767,0,20,SEP25,1985,i
13429752,"Shukurov, Kanan",AZE,M,,,,1469,0,40,SEP25,2009,i
13415247,"Shukurov, Nurlan",AZE,M,,,,1745,0,20,SEP25,2002,i
13466445,"Shukurov, Sheykhshamil",AZE,M,,,,1414,0,40,SEP25,2010,
13415000,"Shukurova, Aydan",AZE,F,,,,1752,0,40,SEP25,2007,wi
13437399,"Soltanaliyev, Alasgar",AZE,M,,,,1449,0,40,SEP25,2005,i
34446044,"Soltanov, Teymur",AZE,M,,,,1866,0,40,SEP25,2011,
13400843,"Soyunlu, Narmin",AZE,F,WFM,WFM,,1989,0,20,SEP25,1996,wi
13413937,"Suleymanli, Aydin",AZE,M,GM,,,2535,0,10,SEP25,2005,
13424939,"Suleymanli, Elbrus",AZE,M,,,,1654,0,20,SEP25,1985,i
13421360,"Suleymanli, Ismayil",AZE,M,,,,1650,0,40,SEP25,2009,i
13471570,"Suleymanli, Murad Emin",AZE,M,,,,1462,0,40,SEP25,2004,i
13416375,"Suleymanli, Suleyman",AZE,M,FM,,,2232,7,20,SEP25,2006,
13419390,"Suleymanli, Zaur",AZE,M,,,,1827,0,20,SEP25,1992,
13418548,"Suleymanov, Ali",AZE,M,CM,,,1739,0,40,SEP25,2008,i
13476025,"Suleymanov, Farid Emin",AZE,M,,,,1503,0,40,SEP25,2002,
13454170,"Suleymanov, Kanan",AZE,M,,,,1477,0,20,SEP25,2004,i
13416359,"Suleymanov, Yagub",AZE,M,,,,1581,0,20,SEP25,2004,i
13415271,"Taba-Tabai, Mehin",AZE,F,,,,1743,0,40,SEP25,2005,wi
13454293,"Taghiyev, Farhad",AZE,M,,,,ACM,1561,0,SEP25,2004,i
13454030,"Taghiyev, Farman",AZE,M,,,,1469,0,40,SEP25,2010,
13462652,"Taghizade, Emil",AZE,M,,,,1569,0,40,SEP25,2015,
13471872,"Taghizade, Kamran",AZE,M,,,,1462,0,40,SEP25,2011,i
13449427,"Taghizade, Murad",AZE,M,,,,1483,0,40,SEP25,2011,i
13465856,"Taghizade, Mustafa",AZE,M,,,,1628,0,40,SEP25,2010,
13449796,"Taghizade, Zakir",AZE,M,,,,1561,0,20,SEP25,1992,i
13435019,"Tahirova, Fidan",AZE,F,,,,1620,0,40,SEP25,2005,w
13414224,"Tahirova, Sevil",AZE,F,WCM,WCM,,1783,0,20,SEP25,2002,w
13444603,"Tahmazova, Fidan",AZE,F,,,,1535,9,40,SEP25,2007,w
13449354,"Takhmazov, Ziyaddin",AZE,M,,,,1625,0,20,SEP25,1957,i
13414860,"Talibkhanli, Punhan",AZE,M,,,,1830,0,20,SEP25,1997,i
13422723,"Talibli, Elshan",AZE,M,,,,1583,0,20,SEP25,2003,i
13422731,"Talibli, Rovshan",AZE,M,,,,1612,0,20,SEP25,2003,i
13435604,"Talibov, Mikayil",AZE,M,,,,ACM,1549,0,SEP25,1981,i
13429078,"Talibov, Shiroghlan",AZE,M,IM,,,2293,7,20,SEP25,2006,
13414011,"Talibov, Uzeyir",AZE,M,,,,1639,0,20,SEP25,2004,i
13419005,"Tarverdiyev, Ali",AZE,M,,,,1551,0,20,SEP25,2005,i
13421379,"Tarverdiyev, Rasul",AZE,M,,,,1582,0,40,SEP25,2008,i
13464914,"Teymurkhanli, Heydar",AZE,M,,,,1452,0,40,SEP25,2011,i
13418750,"Teymurov, Elnur",AZE,M,,,,1868,0,20,SEP25,2004,
13401327,"Trushelyov, Victor",AZE,M,IM,,,2421,0,10,SEP25,1984,i
13419315,"Ughuzov, Ravan",AZE,M,FM,,,2072,14,40,SEP25,2007,
13474618,"Umbayev, Zaur",AZE,M,,,,1516,0,40,SEP25,1987,i
13445120,"Umudov, Adalat",AZE,M,,,,1952,0,20,SEP25,1995,i
13402137,"Umudova, Nargiz",AZE,F,WGM,WGM,,2180,0,20,SEP25,1989,wi
13428071,"Useynzada, Nurkhan",AZE,M,,,,1478,0,40,SEP25,2008,i
13449206,"Usubalizade, Tunar",AZE,M,,,,1406,0,40,SEP25,2010,
13475134,"Vahidov, Omar",AZE,M,,,,1592,0,40,SEP25,2010,
13441116,"Valili, Ughur",AZE,M,,,,1455,0,40,SEP25,2012,
13474910,"Valishov, Araz",AZE,M,,,,1589,7,40,SEP25,2005,
13401629,"Valisoy, Abulfaz",AZE,M,,,,1584,0,20,SEP25,1963,i
13405586,"Valiyev, Fakhri",AZE,M,,,,1684,0,20,SEP25,1997,i
13471830,"Valiyev, Khagan",AZE,M,,,,1503,0,40,SEP25,2017,
13454250,"Valiyev, Rufat Famil",AZE,M,,,,1421,0,20,SEP25,2002,
13424203,"Valiyev, Shahin",AZE,M,FM,,,2145,7,40,SEP25,2007,
13459368,"Valiyev, Tunjay",AZE,M,,,,1464,0,40,SEP25,2014,
13436929,"Valiyeva, Asnad",AZE,F,,,,1784,0,40,SEP25,2011,w
13467662,"Valizada, Kamran",AZE,M,,,,AIM,1734,12,SEP25,1993,
13477633,"Valizada, Ramal",AZE,M,,,,1632,14,40,SEP25,2013,
13426605,"Yagublu, Abil",AZE,M,,,,1920,0,20,SEP25,2005,
13453025,"Yagublu, Azad",AZE,M,,,,1557,6,40,SEP25,2012,
13431528,"Yagubov, Toghrul",AZE,M,,,,1434,0,40,SEP25,2004,
13439910,"Yagubova, Zahra",AZE,F,,,,1417,0,40,SEP25,2011,wi
13433733,"Yaraliyeva, Nuray",AZE,F,,,,1411,0,40,SEP25,2010,wi
13403370,"Yelmarova, Natavan",AZE,F,,,,1826,0,20,SEP25,1989,w
13410962,"Yunisli, Ahmad",AZE,M,,,,1482,0,40,SEP25,2000,
13445693,"Yusifli, Aysun",AZE,F,,,,1504,0,40,SEP25,2009,wi
13429639,"Yusifli, Fatima",AZE,F,,,,1463,0,40,SEP25,2008,wi
13464159,"Yusifli, Rauf",AZE,M,,,,1461,0,40,SEP25,2012,
13462210,"Yusifli, Sultan",AZE,M,,,,1416,0,40,SEP25,2012,i
13465635,"Yusifzada, Yusif",AZE,M,,,,1565,4,40,SEP25,2014,
13474839,"Yusubov, Turab",AZE,M,,,,1604,0,40,SEP25,1996,i
13453505,"Yusufzade, Maksud",AZE,M,,,,AFM,1466,0,SEP25,2014,
13467301,"Zakiyev, Ayyub",AZE,M,,,,1673,16,40,SEP25,2014,
13441760,"Zalishov, Togrulbey",AZE,M,,,,1472,0,40,SEP25,2010,i
13463802,"Zamanli, Mirhuseyn",AZE,M,,,,1435,0,40,SEP25,2009,i
13404857,"Zamanov, Vidadi",AZE,M,,,,1705,0,20,SEP25,1987,i
13485954,"Zarnijat, Agha Mehdi",AZE,M,,,,1638,0,40,SEP25,1996,
13419889,"Zayidov, Farid",AZE,M,,,,1625,0,40,SEP25,2006,i
13458469,"Zeynalli, Alisafa",AZE,M,,,,1880,0,40,SEP25,2012,
13403320,"Zeynalli, Rashad",AZE,M,FM,,,2100,0,20,SEP25,1994,i
13441418,"Zeynalli, Resul",AZE,M,,,,1456,0,40,SEP25,2006,i
13447742,"Zeynalli, Yusif",AZE,M,,,,1457,0,40,SEP25,2012,i
13474855,"Zeynalov, Agil",AZE,M,,,,1502,0,20,SEP25,1994,
13412752,"Zeynalov, Alakbar",AZE,M,,,,1785,6,20,SEP25,1996,
13419030,"Zeynalov, Ayhan",AZE,M,,,,1656,0,40,SEP25,2005,i
13432478,"Zeynalov, Fakhri",AZE,M,,,,1619,0,40,SEP25,2007,i
13402250,"Zeynalov, Farid",AZE,M,FM,,,2250,0,20,SEP25,1986,i
13465627,"Zeynalov, Mikayil",AZE,M,,,,1476,0,40,SEP25,2012,
13488228,"Zeynalov, Nihat",AZE,M,,,,1501,0,40,SEP25,2012,
13432923,"Zeynalov, Said",AZE,M,,,,1863,0,40,SEP25,2008,i
13458124,"Zeynalova, Rugayya",AZE,F,,,,1447,0,40,SEP25,2008,wi
13437909,"Zeynalzade, Jeyhun",AZE,M,,,,1459,0,40,SEP25,2012,
13407635,"Zeynalzade, Vali",AZE,M,,,,2025,0,20,SEP25,1997,i
13420194,"Zeyniyev, Abbas",AZE,M,,,,1693,0,20,SEP25,2004,i
13416880,"Zeyniyev, Ali",AZE,M,,,,1580,0,20,SEP25,2003,i
13455052,"Zulfi, Tarlan",AZE,M,,,,1470,0,40,SEP25,2012,i
13417614,"Zulfugarli, Mahluga",AZE,F,,,,1660,0,40,SEP25,2006,wi
13425722,"Zulfugarli, Toghrul",AZE,M,,,,1523,0,40,SEP25,2007,i
13413953,"Zuqanov, Ali",AZE,M,,,,1681,0,40,SEP25,2007,