[
  {
    "ID Number": "5507669"
  },
  {
    "ID Number": "5502993"
  },
  {
    "ID Number": "5500222"
  },
  {
    "ID Number": "5538386"
  },
  {
    "ID Number": "5533708"
  },
  {
    "ID Number": "5529506"
  },
  {
    "ID Number": "5530709"
  },
  {
    "ID Number": "5514126"
  },
  {
    "ID Number": "5522013"
  },
  {
    "ID Number": "5525470"
  },
  {
    "ID Number": "5506565"
  },
  {
    "ID Number": "5522366"
  },
  {
    "ID Number": "5532361"
  },
  {
    "ID Number": "5503558"
  },
  {
    "ID Number": "5542464"
  },
  {
    "ID Number": "5542472"
  },
  {
    "ID Number": "5508738"
  },
  {
    "ID Number": "5506247"
  },
  {
    "ID Number": "5515335"
  },
  {
    "ID Number": "5534054"
  },
  {
    "ID Number": "5530180"
  },
  {
    "ID Number": "5531152"
  },
  {
    "ID Number": "5503566"
  },
  {
    "ID Number": "5516650"
  },
  {
    "ID Number": "5509769"
  },
  {
    "ID Number": "5518350"
  },
  {
    "ID Number": "5529514"
  },
  {
    "ID Number": "5523516"
  },
  {
    "ID Number": "5509262"
  },
  {
    "ID Number": "5531314"
  },
  {
    "ID Number": "5501199"
  },
  {
    "ID Number": "5512794"
  },
  {
    "ID Number": "5531144"
  },
  {
    "ID Number": "5517680"
  },
  {
    "ID Number": "5523559"
  },
  {
    "ID Number": "5514592"
  },
  {
    "ID Number": "5514703"
  },
  {
    "ID Number": "5501229"
  },
  {
    "ID Number": "5516080"
  },
  {
    "ID Number": "5533449"
  },
  {
    "ID Number": "5517311"
  },
  {
    "ID Number": "5507812"
  },
  {
    "ID Number": "5501610"
  },
  {
    "ID Number": "5523800"
  },
  {
    "ID Number": "5508010"
  },
  {
    "ID Number": "5505470"
  },
  {
    "ID Number": "5506344"
  },
  {
    "ID Number": "5538831"
  },
  {
    "ID Number": "5501202"
  },
  {
    "ID Number": "5504864"
  },
  {
    "ID Number": "5558271"
  },
  {
    "ID Number": "5513600"
  },
  {
    "ID Number": "5500419"
  },
  {
    "ID Number": "5522153"
  },
  {
    "ID Number": "5514088"
  },
  {
    "ID Number": "5550777"
  },
  {
    "ID Number": "5550785"
  },
  {
    "ID Number": "5518610"
  },
  {
    "ID Number": "5505674"
  },
  {
    "ID Number": "5507316"
  },
  {
    "ID Number": "5507146"
  },
  {
    "ID Number": "5511976"
  },
  {
    "ID Number": "5517524"
  },
  {
    "ID Number": "5514720"
  },
  {
    "ID Number": "5526450"
  },
  {
    "ID Number": "5518474"
  },
  {
    "ID Number": "5514711"
  },
  {
    "ID Number": "5549760"
  },
  {
    "ID Number": "5502497"
  },
  {
    "ID Number": "5514924"
  },
  {
    "ID Number": "5551781"
  },
  {
    "ID Number": "5535301"
  },
  {
    "ID Number": "5501776"
  },
  {
    "ID Number": "5512212"
  },
  {
    "ID Number": "5502500"
  },
  {
    "ID Number": "5557658"
  },
  {
    "ID Number": "5514606"
  },
  {
    "ID Number": "5544947"
  },
  {
    "ID Number": "5502519"
  },
  {
    "ID Number": "5522005"
  },
  {
    "ID Number": "5512077"
  },
  {
    "ID Number": "5506360"
  },
  {
    "ID Number": "5503523"
  },
  {
    "ID Number": "5500273"
  },
  {
    "ID Number": "5505283"
  },
  {
    "ID Number": "5500818"
  },
  {
    "ID Number": "5502977"
  },
  {
    "ID Number": "5505895"
  },
  {
    "ID Number": "5505690"
  },
  {
    "ID Number": "5559472"
  },
  {
    "ID Number": "5506379"
  },
  {
    "ID Number": "5513049"
  },
  {
    "ID Number": "5529522"
  },
  {
    "ID Number": "5529409"
  },
  {
    "ID Number": "5536170"
  },
  {
    "ID Number": "5513022"
  },
  {
    "ID Number": "5503574"
  },
  {
    "ID Number": "5546524"
  },
  {
    "ID Number": "5507375"
  },
  {
    "ID Number": "5524601"
  },
  {
    "ID Number": "5519543"
  },
  {
    "ID Number": "5501628"
  },
  {
    "ID Number": "5503019"
  },
  {
    "ID Number": "5500850"
  },
  {
    "ID Number": "5513685"
  },
  {
    "ID Number": "5506859"
  },
  {
    "ID Number": "5500320"
  },
  {
    "ID Number": "5501245"
  },
  {
    "ID Number": "5522854"
  },
  {
    "ID Number": "5510155"
  },
  {
    "ID Number": "5500338"
  },
  {
    "ID Number": "5535298"
  },
  {
    "ID Number": "5526469"
  },
  {
    "ID Number": "5509823"
  },
  {
    "ID Number": "5511372"
  },
  {
    "ID Number": "5529530"
  },
  {
    "ID Number": "5531802"
  },
  {
    "ID Number": "5540160"
  },
  {
    "ID Number": "5504872"
  },
  {
    "ID Number": "5504341"
  },
  {
    "ID Number": "5512069"
  },
  {
    "ID Number": "5500265"
  },
  {
    "ID Number": "5507383"
  },
  {
    "ID Number": "5512450"
  },
  {
    "ID Number": "5534119"
  },
  {
    "ID Number": "5533953"
  },
  {
    "ID Number": "5537703"
  },
  {
    "ID Number": "5503590"
  },
  {
    "ID Number": "5505305"
  },
  {
    "ID Number": "5539110"
  },
  {
    "ID Number": "5506905"
  },
  {
    "ID Number": "5532698"
  },
  {
    "ID Number": "5500028"
  },
  {
    "ID Number": "600229"
  },
  {
    "ID Number": "5513570"
  },
  {
    "ID Number": "5519888"
  },
  {
    "ID Number": "5516897"
  },
  {
    "ID Number": "5502535"
  },
  {
    "ID Number": "5523915"
  },
  {
    "ID Number": "5513537"
  },
  {
    "ID Number": "5539455"
  },
  {
    "ID Number": "5559928"
  },
  {
    "ID Number": "5555353"
  },
  {
    "ID Number": "5530113"
  },
  {
    "ID Number": "5546540"
  },
  {
    "ID Number": "5502012"
  },
  {
    "ID Number": "5514622"
  },
  {
    "ID Number": "5508509"
  },
  {
    "ID Number": "5503531"
  },
  {
    "ID Number": "5519322"
  },
  {
    "ID Number": "5525330"
  },
  {
    "ID Number": "5524610"
  },
  {
    "ID Number": "5524733"
  },
  {
    "ID Number": "5504899"
  },
  {
    "ID Number": "5513928"
  },
  {
    "ID Number": "5514630"
  },
  {
    "ID Number": "5510414"
  },
  {
    "ID Number": "5506921"
  },
  {
    "ID Number": "5503043"
  },
  {
    "ID Number": "5513588"
  },
  {
    "ID Number": "5513391"
  },
  {
    "ID Number": "5524458"
  },
  {
    "ID Number": "5558565"
  },
  {
    "ID Number": "5521793"
  },
  {
    "ID Number": "5502543"
  },
  {
    "ID Number": "5502020"
  },
  {
    "ID Number": "5503361"
  },
  {
    "ID Number": "5504163"
  },
  {
    "ID Number": "5506425"
  },
  {
    "ID Number": "5501261"
  },
  {
    "ID Number": "5529026"
  },
  {
    "ID Number": "5529433"
  },
  {
    "ID Number": "5509718"
  },
  {
    "ID Number": "5515270"
  },
  {
    "ID Number": "5522749"
  },
  {
    "ID Number": "5500362"
  },
  {
    "ID Number": "5505488"
  },
  {
    "ID Number": "5526531"
  },
  {
    "ID Number": "5514169"
  },
  {
    "ID Number": "5502365"
  },
  {
    "ID Number": "5538467"
  },
  {
    "ID Number": "5538530"
  },
  {
    "ID Number": "5535441"
  },
  {
    "ID Number": "5507944"
  },
  {
    "ID Number": "5519519"
  },
  {
    "ID Number": "5521521"
  },
  {
    "ID Number": "5500389"
  },
  {
    "ID Number": "5539234"
  },
  {
    "ID Number": "5503884"
  },
  {
    "ID Number": "5545366"
  },
  {
    "ID Number": "5549167"
  },
  {
    "ID Number": "5526710"
  },
  {
    "ID Number": "5532094"
  },
  {
    "ID Number": "5508088"
  },
  {
    "ID Number": "5507839"
  },
  {
    "ID Number": "5500397"
  },
  {
    "ID Number": "5547245"
  },
  {
    "ID Number": "5555604"
  },
  {
    "ID Number": "5534437"
  },
  {
    "ID Number": "5535662"
  },
  {
    "ID Number": "5539765"
  },
  {
    "ID Number": "5509670"
  },
  {
    "ID Number": "5511801"
  },
  {
    "ID Number": "5509831"
  },
  {
    "ID Number": "5506042"
  },
  {
    "ID Number": "5511143"
  },
  {
    "ID Number": "5507499"
  },
  {
    "ID Number": "5526701"
  },
  {
    "ID Number": "5507367"
  },
  {
    "ID Number": "5500877"
  },
  {
    "ID Number": "5501296"
  },
  {
    "ID Number": "5503396"
  },
  {
    "ID Number": "5503388"
  },
  {
    "ID Number": "5503400"
  },
  {
    "ID Number": "5501814"
  },
  {
    "ID Number": "5505747"
  },
  {
    "ID Number": "5504910"
  },
  {
    "ID Number": "5507421"
  },
  {
    "ID Number": "5519578"
  },
  {
    "ID Number": "5521769"
  },
  {
    "ID Number": "5508517"
  },
  {
    "ID Number": "5513030"
  },
  {
    "ID Number": "5521637"
  },
  {
    "ID Number": "5526809"
  },
  {
    "ID Number": "5540640"
  },
  {
    "ID Number": "5550530"
  },
  {
    "ID Number": "5532388"
  },
  {
    "ID Number": "5519527"
  },
  {
    "ID Number": "5517559"
  },
  {
    "ID Number": "5514797"
  },
  {
    "ID Number": "5533309"
  },
  {
    "ID Number": "5507308"
  },
  {
    "ID Number": "5507847"
  },
  {
    "ID Number": "5501962"
  },
  {
    "ID Number": "5511810"
  },
  {
    "ID Number": "5539480"
  },
  {
    "ID Number": "5505755"
  },
  {
    "ID Number": "5535336"
  },
  {
    "ID Number": "5502896"
  },
  {
    "ID Number": "5529441"
  },
  {
    "ID Number": "5509840"
  },
  {
    "ID Number": "5509858"
  },
  {
    "ID Number": "5510317"
  },
  {
    "ID Number": "5531977"
  },
  {
    "ID Number": "5550912"
  },
  {
    "ID Number": "5519225"
  },
  {
    "ID Number": "5517800"
  },
  {
    "ID Number": "5506930"
  },
  {
    "ID Number": "5510309"
  },
  {
    "ID Number": "5550661"
  },
  {
    "ID Number": "5500400"
  },
  {
    "ID Number": "5507553"
  },
  {
    "ID Number": "5500443"
  },
  {
    "ID Number": "5500311"
  },
  {
    "ID Number": "5500010"
  },
  {
    "ID Number": "5524903"
  },
  {
    "ID Number": "5502560"
  },
  {
    "ID Number": "5509866"
  },
  {
    "ID Number": "5534453"
  },
  {
    "ID Number": "5500460"
  },
  {
    "ID Number": "5554667"
  },
  {
    "ID Number": "5503612"
  },
  {
    "ID Number": "5530555"
  },
  {
    "ID Number": "5500370"
  },
  {
    "ID Number": "5535948"
  },
  {
    "ID Number": "5511011"
  },
  {
    "ID Number": "5532736"
  },
  {
    "ID Number": "5530946"
  },
  {
    "ID Number": "5514657"
  },
  {
    "ID Number": "5502179"
  },
  {
    "ID Number": "5513006"
  },
  {
    "ID Number": "5500354"
  },
  {
    "ID Number": "5543371"
  },
  {
    "ID Number": "5512409"
  },
  {
    "ID Number": "5506620"
  },
  {
    "ID Number": "5512085"
  },
  {
    "ID Number": "5506050"
  },
  {
    "ID Number": "5513693"
  },
  {
    "ID Number": "5508657"
  },
  {
    "ID Number": "5508649"
  },
  {
    "ID Number": "5508614"
  },
  {
    "ID Number": "5529166"
  },
  {
    "ID Number": "5529182"
  },
  {
    "ID Number": "5548543"
  },
  {
    "ID Number": "5501318"
  },
  {
    "ID Number": "5506638"
  },
  {
    "ID Number": "5528526"
  },
  {
    "ID Number": "5506069"
  },
  {
    "ID Number": "5503639"
  },
  {
    "ID Number": "5504171"
  },
  {
    "ID Number": "5533295"
  },
  {
    "ID Number": "5507340"
  },
  {
    "ID Number": "5502608"
  },
  {
    "ID Number": "5517702"
  },
  {
    "ID Number": "5501326"
  },
  {
    "ID Number": "5507502"
  },
  {
    "ID Number": "5511429"
  },
  {
    "ID Number": "5501733"
  },
  {
    "ID Number": "5507286"
  },
  {
    "ID Number": "5525756"
  },
  {
    "ID Number": "5524911"
  },
  {
    "ID Number": "5537584"
  },
  {
    "ID Number": "5509777"
  },
  {
    "ID Number": "5507952"
  },
  {
    "ID Number": "5525500"
  },
  {
    "ID Number": "5501989"
  },
  {
    "ID Number": "5509661"
  },
  {
    "ID Number": "5544319"
  },
  {
    "ID Number": "5546680"
  },
  {
    "ID Number": "5508100"
  },
  {
    "ID Number": "5505500"
  },
  {
    "ID Number": "5514673"
  },
  {
    "ID Number": "5508118"
  },
  {
    "ID Number": "5508134"
  },
  {
    "ID Number": "5522196"
  },
  {
    "ID Number": "5517400"
  },
  {
    "ID Number": "5558646"
  },
  {
    "ID Number": "5512220"
  },
  {
    "ID Number": "5502616"
  },
  {
    "ID Number": "5506956"
  },
  {
    "ID Number": "5544246"
  },
  {
    "ID Number": "5550343"
  },
  {
    "ID Number": "5541450"
  },
  {
    "ID Number": "5500478"
  },
  {
    "ID Number": "5533120"
  },
  {
    "ID Number": "5524628"
  },
  {
    "ID Number": "5519136"
  },
  {
    "ID Number": "5512441"
  },
  {
    "ID Number": "5509793"
  },
  {
    "ID Number": "5520592"
  },
  {
    "ID Number": "5511445"
  },
  {
    "ID Number": "5511453"
  },
  {
    "ID Number": "5519268"
  },
  {
    "ID Number": "5500303"
  },
  {
    "ID Number": "5504457"
  },
  {
    "ID Number": "5503655"
  },
  {
    "ID Number": "5503906"
  },
  {
    "ID Number": "5516200"
  },
  {
    "ID Number": "5534461"
  },
  {
    "ID Number": "5535891"
  },
  {
    "ID Number": "5532396"
  },
  {
    "ID Number": "5509874"
  },
  {
    "ID Number": "5504422"
  },
  {
    "ID Number": "5504430"
  },
  {
    "ID Number": "5504449"
  },
  {
    "ID Number": "5500427"
  },
  {
    "ID Number": "5508665"
  },
  {
    "ID Number": "5501822"
  },
  {
    "ID Number": "5507707"
  },
  {
    "ID Number": "5509890"
  },
  {
    "ID Number": "5521939"
  },
  {
    "ID Number": "5514339"
  },
  {
    "ID Number": "5503272"
  },
  {
    "ID Number": "5545552"
  },
  {
    "ID Number": "5501369"
  },
  {
    "ID Number": "5504473"
  },
  {
    "ID Number": "5501377"
  },
  {
    "ID Number": "5500494"
  },
  {
    "ID Number": "5554691"
  },
  {
    "ID Number": "5502446"
  },
  {
    "ID Number": "5522323"
  },
  {
    "ID Number": "5501385"
  },
  {
    "ID Number": "5509785"
  },
  {
    "ID Number": "5545579"
  },
  {
    "ID Number": "5529859"
  },
  {
    "ID Number": "5511208"
  },
  {
    "ID Number": "5518679"
  },
  {
    "ID Number": "5513545"
  },
  {
    "ID Number": "5513251"
  },
  {
    "ID Number": "5555647"
  },
  {
    "ID Number": "5520070"
  },
  {
    "ID Number": "5515726"
  },
  {
    "ID Number": "5502470"
  },
  {
    "ID Number": "5534216"
  },
  {
    "ID Number": "5548578"
  },
  {
    "ID Number": "5502390"
  },
  {
    "ID Number": "5514509"
  },
  {
    "ID Number": "5500079"
  },
  {
    "ID Number": "5500508"
  },
  {
    "ID Number": "5504147"
  },
  {
    "ID Number": "5500133"
  },
  {
    "ID Number": "5524750"
  },
  {
    "ID Number": "5507570"
  },
  {
    "ID Number": "5508991"
  },
  {
    "ID Number": "5529581"
  },
  {
    "ID Number": "5546630"
  },
  {
    "ID Number": "5515637"
  },
  {
    "ID Number": "5502292"
  },
  {
    "ID Number": "5529107"
  },
  {
    "ID Number": "5500524"
  },
  {
    "ID Number": "5534518"
  },
  {
    "ID Number": "5501024"
  },
  {
    "ID Number": "5512999"
  },
  {
    "ID Number": "5555868"
  },
  {
    "ID Number": "5506433"
  },
  {
    "ID Number": "5510686"
  },
  {
    "ID Number": "5535611"
  },
  {
    "ID Number": "5507391"
  },
  {
    "ID Number": "5540046"
  },
  {
    "ID Number": "5516684"
  },
  {
    "ID Number": "5523524"
  },
  {
    "ID Number": "5504503"
  },
  {
    "ID Number": "5506972"
  },
  {
    "ID Number": "5550823"
  },
  {
    "ID Number": "5513375"
  },
  {
    "ID Number": "5502306"
  },
  {
    "ID Number": "5518865"
  },
  {
    "ID Number": "5511836"
  },
  {
    "ID Number": "5507359"
  },
  {
    "ID Number": "5525047"
  },
  {
    "ID Number": "5526868"
  },
  {
    "ID Number": "5526892"
  },
  {
    "ID Number": "5503060"
  },
  {
    "ID Number": "5550408"
  },
  {
    "ID Number": "5534879"
  },
  {
    "ID Number": "5534887"
  },
  {
    "ID Number": "5532450"
  },
  {
    "ID Number": "5500532"
  },
  {
    "ID Number": "5506263"
  },
  {
    "ID Number": "5504520"
  },
  {
    "ID Number": "5555400"
  },
  {
    "ID Number": "5506980"
  },
  {
    "ID Number": "5517257"
  },
  {
    "ID Number": "5507332"
  },
  {
    "ID Number": "5539633"
  },
  {
    "ID Number": "5509807"
  },
  {
    "ID Number": "5563810"
  },
  {
    "ID Number": "5520711"
  },
  {
    "ID Number": "5543568"
  },
  {
    "ID Number": "5512204"
  },
  {
    "ID Number": "5513421"
  },
  {
    "ID Number": "5539536"
  },
  {
    "ID Number": "5540704"
  },
  {
    "ID Number": "5506441"
  },
  {
    "ID Number": "5504554"
  },
  {
    "ID Number": "5502195"
  },
  {
    "ID Number": "5531640"
  },
  {
    "ID Number": "5504570"
  },
  {
    "ID Number": "5504589"
  },
  {
    "ID Number": "5505038"
  },
  {
    "ID Number": "5505046"
  },
  {
    "ID Number": "5550939"
  },
  {
    "ID Number": "5504058"
  },
  {
    "ID Number": "5511844"
  },
  {
    "ID Number": "5500249"
  },
  {
    "ID Number": "5506271"
  },
  {
    "ID Number": "5502071"
  },
  {
    "ID Number": "5525446"
  },
  {
    "ID Number": "5507324"
  },
  {
    "ID Number": "5531993"
  },
  {
    "ID Number": "5512700"
  },
  {
    "ID Number": "5538246"
  },
  {
    "ID Number": "5506476"
  },
  {
    "ID Number": "5539463"
  },
  {
    "ID Number": "5545650"
  },
  {
    "ID Number": "5513430"
  },
  {
    "ID Number": "5547440"
  },
  {
    "ID Number": "5534038"
  },
  {
    "ID Number": "5501393"
  },
  {
    "ID Number": "5504597"
  },
  {
    "ID Number": "5505526"
  },
  {
    "ID Number": "5506450"
  },
  {
    "ID Number": "5506697"
  },
  {
    "ID Number": "5506875"
  },
  {
    "ID Number": "5520061"
  },
  {
    "ID Number": "5521246"
  },
  {
    "ID Number": "5556627"
  },
  {
    "ID Number": "5525462"
  },
  {
    "ID Number": "5548411"
  },
  {
    "ID Number": "5529140"
  },
  {
    "ID Number": "5512689"
  },
  {
    "ID Number": "5502209"
  },
  {
    "ID Number": "5540739"
  },
  {
    "ID Number": "5521858"
  },
  {
    "ID Number": "5507960"
  },
  {
    "ID Number": "5504066"
  },
  {
    "ID Number": "5529255"
  },
  {
    "ID Number": "5515033"
  },
  {
    "ID Number": "5529654"
  },
  {
    "ID Number": "5510651"
  },
  {
    "ID Number": "5515416"
  },
  {
    "ID Number": "5521068"
  },
  {
    "ID Number": "5530954"
  },
  {
    "ID Number": "5515696"
  },
  {
    "ID Number": "5513456"
  },
  {
    "ID Number": "5535956"
  },
  {
    "ID Number": "5538289"
  },
  {
    "ID Number": "5507120"
  },
  {
    "ID Number": "5507456"
  },
  {
    "ID Number": "5518806"
  },
  {
    "ID Number": "5552079"
  },
  {
    "ID Number": "5511534"
  },
  {
    "ID Number": "5504201"
  },
  {
    "ID Number": "5507251"
  },
  {
    "ID Number": "5507979"
  },
  {
    "ID Number": "5503426"
  },
  {
    "ID Number": "5512484"
  },
  {
    "ID Number": "5503698"
  },
  {
    "ID Number": "5517591"
  },
  {
    "ID Number": "5517362"
  },
  {
    "ID Number": "5534976"
  },
  {
    "ID Number": "5507715"
  },
  {
    "ID Number": "5506492"
  },
  {
    "ID Number": "5506190"
  },
  {
    "ID Number": "5530571"
  },
  {
    "ID Number": "5530652"
  },
  {
    "ID Number": "5530660"
  },
  {
    "ID Number": "5504228"
  },
  {
    "ID Number": "5523150"
  },
  {
    "ID Number": "5500583"
  },
  {
    "ID Number": "5503728"
  },
  {
    "ID Number": "5501008"
  },
  {
    "ID Number": "5503434"
  },
  {
    "ID Number": "5505445"
  },
  {
    "ID Number": "5515351"
  },
  {
    "ID Number": "5550947"
  },
  {
    "ID Number": "5500036"
  },
  {
    "ID Number": "5501032"
  },
  {
    "ID Number": "5502640"
  },
  {
    "ID Number": "5513413"
  },
  {
    "ID Number": "5509920"
  },
  {
    "ID Number": "5514029"
  },
  {
    "ID Number": "5502985"
  },
  {
    "ID Number": "5504627"
  },
  {
    "ID Number": "5504643"
  },
  {
    "ID Number": "5528267"
  },
  {
    "ID Number": "5502659"
  },
  {
    "ID Number": "5537983"
  },
  {
    "ID Number": "5501423"
  },
  {
    "ID Number": "5519640"
  },
  {
    "ID Number": "5503108"
  },
  {
    "ID Number": "5563313"
  },
  {
    "ID Number": "5513286"
  },
  {
    "ID Number": "5514517"
  },
  {
    "ID Number": "5550840"
  },
  {
    "ID Number": "5523710"
  },
  {
    "ID Number": "5505836"
  },
  {
    "ID Number": "5519144"
  },
  {
    "ID Number": "5500885"
  },
  {
    "ID Number": "5519560"
  },
  {
    "ID Number": "5516633"
  },
  {
    "ID Number": "5513901"
  },
  {
    "ID Number": "5517761"
  },
  {
    "ID Number": "5500214"
  },
  {
    "ID Number": "5505097"
  },
  {
    "ID Number": "5511992"
  },
  {
    "ID Number": "5556821"
  },
  {
    "ID Number": "5500591"
  },
  {
    "ID Number": "5515432"
  },
  {
    "ID Number": "5538297"
  },
  {
    "ID Number": "5516641"
  },
  {
    "ID Number": "5520088"
  },
  {
    "ID Number": "5519845"
  },
  {
    "ID Number": "5534534"
  },
  {
    "ID Number": "5501121"
  },
  {
    "ID Number": "5536952"
  },
  {
    "ID Number": "5505844"
  },
  {
    "ID Number": "5515874"
  },
  {
    "ID Number": "5521653"
  },
  {
    "ID Number": "5512786"
  },
  {
    "ID Number": "5515289"
  },
  {
    "ID Number": "5500605"
  },
  {
    "ID Number": "5507472"
  },
  {
    "ID Number": "5535867"
  },
  {
    "ID Number": "5553237"
  },
  {
    "ID Number": "5508240"
  },
  {
    "ID Number": "5500044"
  },
  {
    "ID Number": "5525136"
  },
  {
    "ID Number": "5530814"
  },
  {
    "ID Number": "5502870"
  },
  {
    "ID Number": "5500168"
  },
  {
    "ID Number": "5505135"
  },
  {
    "ID Number": "5532418"
  },
  {
    "ID Number": "5503124"
  },
  {
    "ID Number": "5504236"
  },
  {
    "ID Number": "5505356"
  },
  {
    "ID Number": "5533317"
  },
  {
    "ID Number": "5540305"
  },
  {
    "ID Number": "5505364"
  },
  {
    "ID Number": "5518482"
  },
  {
    "ID Number": "5524865"
  },
  {
    "ID Number": "5501750"
  },
  {
    "ID Number": "5537576"
  },
  {
    "ID Number": "5515181"
  },
  {
    "ID Number": "5540534"
  },
  {
    "ID Number": "5519500"
  },
  {
    "ID Number": "5507189"
  },
  {
    "ID Number": "5520290"
  },
  {
    "ID Number": "5511852"
  },
  {
    "ID Number": "5515297"
  },
  {
    "ID Number": "5533430"
  },
  {
    "ID Number": "5511216"
  },
  {
    "ID Number": "5550300"
  },
  {
    "ID Number": "5528160"
  },
  {
    "ID Number": "5521661"
  },
  {
    "ID Number": "5522951"
  },
  {
    "ID Number": "5508703"
  },
  {
    "ID Number": "5523532"
  },
  {
    "ID Number": "5505151"
  },
  {
    "ID Number": "5508274"
  },
  {
    "ID Number": "5530202"
  },
  {
    "ID Number": "5509696"
  },
  {
    "ID Number": "5501768"
  },
  {
    "ID Number": "5500630"
  },
  {
    "ID Number": "5508282"
  },
  {
    "ID Number": "5503736"
  },
  {
    "ID Number": "5524504"
  },
  {
    "ID Number": "5508606"
  },
  {
    "ID Number": "5505380"
  },
  {
    "ID Number": "5507405"
  },
  {
    "ID Number": "5507898"
  },
  {
    "ID Number": "5530539"
  },
  {
    "ID Number": "5549345"
  },
  {
    "ID Number": "5546109"
  },
  {
    "ID Number": "5500648"
  },
  {
    "ID Number": "5501040"
  },
  {
    "ID Number": "5501440"
  },
  {
    "ID Number": "5548330"
  },
  {
    "ID Number": "5505160"
  },
  {
    "ID Number": "5519713"
  },
  {
    "ID Number": "5519705"
  },
  {
    "ID Number": "5535360"
  },
  {
    "ID Number": "5531403"
  },
  {
    "ID Number": "5503450"
  },
  {
    "ID Number": "5539285"
  },
  {
    "ID Number": "5500125"
  },
  {
    "ID Number": "5532477"
  },
  {
    "ID Number": "5502063"
  },
  {
    "ID Number": "5504074"
  },
  {
    "ID Number": "5503540"
  },
  {
    "ID Number": "5532426"
  },
  {
    "ID Number": "5502403"
  },
  {
    "ID Number": "5501580"
  },
  {
    "ID Number": "5520045"
  },
  {
    "ID Number": "5500290"
  },
  {
    "ID Number": "5531705"
  },
  {
    "ID Number": "5521300"
  },
  {
    "ID Number": "5532507"
  },
  {
    "ID Number": "5501598"
  },
  {
    "ID Number": "5550335"
  },
  {
    "ID Number": "5503515"
  },
  {
    "ID Number": "5525160"
  },
  {
    "ID Number": "5504660"
  },
  {
    "ID Number": "5504112"
  },
  {
    "ID Number": "5505879"
  },
  {
    "ID Number": "5526540"
  },
  {
    "ID Number": "5518440"
  },
  {
    "ID Number": "5500672"
  },
  {
    "ID Number": "5502276"
  },
  {
    "ID Number": "5500680"
  },
  {
    "ID Number": "5503485"
  },
  {
    "ID Number": "5519551"
  },
  {
    "ID Number": "5505887"
  },
  {
    "ID Number": "5540550"
  },
  {
    "ID Number": "5550033"
  },
  {
    "ID Number": "5539293"
  },
  {
    "ID Number": "5535778"
  },
  {
    "ID Number": "5515483"
  },
  {
    "ID Number": "5526337"
  },
  {
    "ID Number": "5534542"
  },
  {
    "ID Number": "5502764"
  },
  {
    "ID Number": "5538220"
  },
  {
    "ID Number": "5503752"
  },
  {
    "ID Number": "5502942"
  },
  {
    "ID Number": "5508533"
  },
  {
    "ID Number": "5516528"
  },
  {
    "ID Number": "5523273"
  },
  {
    "ID Number": "5508720"
  },
  {
    "ID Number": "5558506"
  },
  {
    "ID Number": "5534003"
  },
  {
    "ID Number": "5500060"
  },
  {
    "ID Number": "5503140"
  },
  {
    "ID Number": "5549655"
  },
  {
    "ID Number": "5549663"
  },
  {
    "ID Number": "5513561"
  },
  {
    "ID Number": "5510538"
  },
  {
    "ID Number": "5507723"
  },
  {
    "ID Number": "5551595"
  },
  {
    "ID Number": "5515521"
  },
  {
    "ID Number": "5523281"
  },
  {
    "ID Number": "5507995"
  },
  {
    "ID Number": "5511615"
  },
  {
    "ID Number": "5501148"
  },
  {
    "ID Number": "5507561"
  },
  {
    "ID Number": "5501156"
  },
  {
    "ID Number": "5501164"
  },
  {
    "ID Number": "5502322"
  },
  {
    "ID Number": "5501172"
  },
  {
    "ID Number": "5501695"
  },
  {
    "ID Number": "5500117"
  },
  {
    "ID Number": "5543142"
  },
  {
    "ID Number": "5511968"
  },
  {
    "ID Number": "5507413"
  },
  {
    "ID Number": "5501474"
  },
  {
    "ID Number": "5509980"
  },
  {
    "ID Number": "5503000"
  },
  {
    "ID Number": "5501059"
  },
  {
    "ID Number": "5501652"
  },
  {
    "ID Number": "5540992"
  },
  {
    "ID Number": "5501660"
  },
  {
    "ID Number": "5522200"
  },
  {
    "ID Number": "5517265"
  },
  {
    "ID Number": "5517737"
  },
  {
    "ID Number": "5518458"
  },
  {
    "ID Number": "5508339"
  },
  {
    "ID Number": "5503159"
  },
  {
    "ID Number": "5556740"
  },
  {
    "ID Number": "5523729"
  },
  {
    "ID Number": "5513707"
  },
  {
    "ID Number": "5507731"
  },
  {
    "ID Number": "5507740"
  },
  {
    "ID Number": "5541573"
  },
  {
    "ID Number": "5510422"
  },
  {
    "ID Number": "5507758"
  },
  {
    "ID Number": "5500109"
  },
  {
    "ID Number": "5516900"
  },
  {
    "ID Number": "5503779"
  },
  {
    "ID Number": "5503507"
  },
  {
    "ID Number": "5506280"
  },
  {
    "ID Number": "5504252"
  },
  {
    "ID Number": "5512816"
  },
  {
    "ID Number": "5506514"
  },
  {
    "ID Number": "5535093"
  },
  {
    "ID Number": "5507766"
  },
  {
    "ID Number": "5500710"
  },
  {
    "ID Number": "5513880"
  },
  {
    "ID Number": "5505542"
  },
  {
    "ID Number": "5502799"
  },
  {
    "ID Number": "5515777"
  },
  {
    "ID Number": "5506808"
  },
  {
    "ID Number": "5506816"
  },
  {
    "ID Number": "5531578"
  },
  {
    "ID Number": "45114226"
  },
  {
    "ID Number": "5509653"
  },
  {
    "ID Number": "5521114"
  },
  {
    "ID Number": "5557917"
  },
  {
    "ID Number": "5513812"
  },
  {
    "ID Number": "5523737"
  },
  {
    "ID Number": "5501490"
  },
  {
    "ID Number": "5538734"
  },
  {
    "ID Number": "5503191"
  },
  {
    "ID Number": "5508630"
  },
  {
    "ID Number": "5514096"
  },
  {
    "ID Number": "5501075"
  },
  {
    "ID Number": "5507235"
  },
  {
    "ID Number": "5558689"
  },
  {
    "ID Number": "5536545"
  },
  {
    "ID Number": "5505216"
  },
  {
    "ID Number": "5504708"
  },
  {
    "ID Number": "5539471"
  },
  {
    "ID Number": "5533155"
  },
  {
    "ID Number": "5500869"
  },
  {
    "ID Number": "5502462"
  },
  {
    "ID Number": "5505950"
  },
  {
    "ID Number": "5503981"
  },
  {
    "ID Number": "5511631"
  },
  {
    "ID Number": "5506522"
  },
  {
    "ID Number": "5550050"
  },
  {
    "ID Number": "5510716"
  },
  {
    "ID Number": "5501601"
  },
  {
    "ID Number": "5521475"
  },
  {
    "ID Number": "5500087"
  },
  {
    "ID Number": "5500729"
  },
  {
    "ID Number": "5509211"
  },
  {
    "ID Number": "5505232"
  },
  {
    "ID Number": "5514479"
  },
  {
    "ID Number": "5532302"
  },
  {
    "ID Number": "5538416"
  },
  {
    "ID Number": "5500052"
  },
  {
    "ID Number": "5507138"
  },
  {
    "ID Number": "5533260"
  },
  {
    "ID Number": "5534020"
  },
  {
    "ID Number": "5518857"
  },
  {
    "ID Number": "5536596"
  },
  {
    "ID Number": "5530679"
  },
  {
    "ID Number": "5514100"
  },
  {
    "ID Number": "5510465"
  },
  {
    "ID Number": "5510040"
  },
  {
    "ID Number": "5507260"
  },
  {
    "ID Number": "5512565"
  },
  {
    "ID Number": "5507480"
  },
  {
    "ID Number": "5539099"
  },
  {
    "ID Number": "5534267"
  },
  {
    "ID Number": "5534259"
  },
  {
    "ID Number": "5539307"
  },
  {
    "ID Number": "5531365"
  },
  {
    "ID Number": "5502829"
  },
  {
    "ID Number": "5505968"
  },
  {
    "ID Number": "5505550"
  },
  {
    "ID Number": "5544025"
  },
  {
    "ID Number": "5550866"
  },
  {
    "ID Number": "5500745"
  },
  {
    "ID Number": "5511151"
  },
  {
    "ID Number": "5517664"
  },
  {
    "ID Number": "5513235"
  },
  {
    "ID Number": "5513510"
  },
  {
    "ID Number": "5505984"
  },
  {
    "ID Number": "5522706"
  },
  {
    "ID Number": "5504767"
  },
  {
    "ID Number": "5508428"
  },
  {
    "ID Number": "5503990"
  },
  {
    "ID Number": "5504260"
  },
  {
    "ID Number": "5548713"
  },
  {
    "ID Number": "5530580"
  },
  {
    "ID Number": "5530598"
  },
  {
    "ID Number": "5529689"
  },
  {
    "ID Number": "5531985"
  },
  {
    "ID Number": "5510147"
  },
  {
    "ID Number": "5521033"
  },
  {
    "ID Number": "5550602"
  },
  {
    "ID Number": "5534240"
  },
  {
    "ID Number": "5541239"
  },
  {
    "ID Number": "5506301"
  },
  {
    "ID Number": "5505992"
  },
  {
    "ID Number": "5551749"
  },
  {
    "ID Number": "5523990"
  },
  {
    "ID Number": "5513383"
  },
  {
    "ID Number": "5513227"
  },
  {
    "ID Number": "5500893"
  },
  {
    "ID Number": "5505259"
  },
  {
    "ID Number": "5533058"
  },
  {
    "ID Number": "5507782"
  },
  {
    "ID Number": "5502438"
  },
  {
    "ID Number": "5500753"
  },
  {
    "ID Number": "5521009"
  },
  {
    "ID Number": "5535581"
  },
  {
    "ID Number": "5506000"
  },
  {
    "ID Number": "5510333"
  },
  {
    "ID Number": "5512000"
  },
  {
    "ID Number": "5500141"
  },
  {
    "ID Number": "5541042"
  },
  {
    "ID Number": "5500800"
  },
  {
    "ID Number": "5517770"
  },
  {
    "ID Number": "5507987"
  },
  {
    "ID Number": "5537517"
  },
  {
    "ID Number": "5523400"
  },
  {
    "ID Number": "5507294"
  },
  {
    "ID Number": "5506530"
  },
  {
    "ID Number": "5541816"
  },
  {
    "ID Number": "5537509"
  },
  {
    "ID Number": "5514681"
  },
  {
    "ID Number": "5508576"
  },
  {
    "ID Number": "5513243"
  },
  {
    "ID Number": "5504287"
  },
  {
    "ID Number": "5533139"
  },
  {
    "ID Number": "5501539"
  },
  {
    "ID Number": "5507278"
  },
  {
    "ID Number": "5512247"
  },
  {
    "ID Number": "5508444"
  },
  {
    "ID Number": "5529000"
  },
  {
    "ID Number": "5506867"
  },
  {
    "ID Number": "5509610"
  },
  {
    "ID Number": "5512751"
  },
  {
    "ID Number": "5536022"
  },
  {
    "ID Number": "5500770"
  },
  {
    "ID Number": "5501105"
  },
  {
    "ID Number": "5516730"
  },
  {
    "ID Number": "5503221"
  },
  {
    "ID Number": "5500095"
  },
  {
    "ID Number": "5548730"
  },
  {
    "ID Number": "5516471"
  },
  {
    "ID Number": "5501113"
  },
  {
    "ID Number": "5505410"
  },
  {
    "ID Number": "5506115"
  },
  {
    "ID Number": "5509742"
  },
  {
    "ID Number": "5550025"
  },
  {
    "ID Number": "5548748"
  },
  {
    "ID Number": "5500826"
  },
  {
    "ID Number": "5502268"
  },
  {
    "ID Number": "5561310"
  },
  {
    "ID Number": "5506557"
  },
  {
    "ID Number": "5500451"
  },
  {
    "ID Number": "5532442"
  },
  {
    "ID Number": "5526620"
  },
  {
    "ID Number": "5509700"
  },
  {
    "ID Number": "5541352"
  },
  {
    "ID Number": "5503248"
  },
  {
    "ID Number": "5507170"
  },
  {
    "ID Number": "5520380"
  },
  {
    "ID Number": "5548632"
  },
  {
    "ID Number": "5535808"
  },
  {
    "ID Number": "5525489"
  },
  {
    "ID Number": "5527058"
  },
  {
    "ID Number": "5550289"
  },
  {
    "ID Number": "5525454"
  },
  {
    "ID Number": "5509572"
  },
  {
    "ID Number": "5509580"
  },
  {
    "ID Number": "5508592"
  },
  {
    "ID Number": "5508894"
  },
  {
    "ID Number": "5508568"
  },
  {
    "ID Number": "5548764"
  },
  {
    "ID Number": "5510678"
  },
  {
    "ID Number": "5500907"
  },
  {
    "ID Number": "5500796"
  },
  {
    "ID Number": "5507022"
  },
  {
    "ID Number": "5507790"
  },
  {
    "ID Number": "5532973"
  },
  {
    "ID Number": "5517494"
  },
  {
    "ID Number": "5503833"
  },
  {
    "ID Number": "5504040"
  },
  {
    "ID Number": "5550882"
  },
  {
    "ID Number": "5509688"
  },
  {
    "ID Number": "5516439"
  },
  {
    "ID Number": "5507804"
  },
  {
    "ID Number": "5503345"
  },
  {
    "ID Number": "5515017"
  },
  {
    "ID Number": "5515084"
  },
  {
    "ID Number": "5515220"
  },
  {
    "ID Number": "5500206"
  },
  {
    "ID Number": "5510139"
  },
  {
    "ID Number": "5510112"
  },
  {
    "ID Number": "5510120"
  },
  {
    "ID Number": "5517508"
  },
  {
    "ID Number": "5505267"
  },
  {
    "ID Number": "5506336"
  },
  {
    "ID Number": "5500931"
  },
  {
    "ID Number": "5504813"
  },
  {
    "ID Number": "5517516"
  },
  {
    "ID Number": "5502330"
  },
  {
    "ID Number": "5507588"
  },
  {
    "ID Number": "5503256"
  },
  {
    "ID Number": "5513596"
  },
  {
    "ID Number": "5504821"
  },
  {
    "ID Number": "5504830"
  },
  {
    "ID Number": "5505429"
  },
  {
    "ID Number": "5506220"
  },
  {
    "ID Number": "5504848"
  },
  {
    "ID Number": "5554080"
  },
  {
    "ID Number": "5516447"
  },
  {
    "ID Number": "5524784"
  },
  {
    "ID Number": "5511321"
  }
]