[
  {
    "ID Number": "11521791",
    "Name": "Abbas, Hiba",
    "Fed": "PLE",
    "Sex": "F",
    "Title": "",
    "WTit": "",
    "OTit": "",
    "FOA": "1581",
    "Rating": "AUG25",
    "Gms": "17",
    "K": "40",
    "B-day": "2013",
    "Flag": "w"
  },
  {
    "ID Number": "11500719",
    "Name": "Abdel Wahab, Ahmad",
    "Fed": "PLE",
    "Sex": "M",
    "Title": "",
    "WTit": "",
    "OTit": "",
    "FOA": "1990",
    "Rating": "AUG25",
    "Gms": "0",
    "K": "20",
    "B-day": "1984",
    "Flag": "i"
  },
  {
    "ID Number": "11520116",
    "Name": "Abdoh, Reda",
    "Fed": "PLE",
    "Sex": "M",
    "Title": "",
    "WTit": "",
    "OTit": "",
    "FOA": "1809",
    "Rating": "AUG25",
    "Gms": "0",
    "K": "40",
    "B-day": "2007",
    "Flag": "i"
  },
  {
    "ID Number": "11513780",
    "Name": "Abed Elwahab, Masoud",
    "Fed": "PLE",
    "Sex": "M",
    "Title": "",
    "WTit": "",
    "OTit": "",
    "FOA": "1879",
    "Rating": "AUG25",
    "Gms": "0",
    "K": "20",
    "B-day": "2003",
    "Flag": "i"
  },
  {
    "ID Number": "11504366",
    "Name": "Abedraboh, Saed",
    "Fed": "PLE",
    "Sex": "M",
    "Title": "",
    "WTit": "",
    "OTit": "",
    "FOA": "1840",
    "Rating": "AUG25",
    "Gms": "0",
    "K": "20",
    "B-day": "1986",
    "Flag": ""
  },
  {
    "ID Number": "11504889",
    "Name": "Abo Alrub, Shadi",
    "Fed": "PLE",
    "Sex": "M",
    "Title": "",
    "WTit": "",
    "OTit": "",
    "FOA": "1732",
    "Rating": "AUG25",
    "Gms": "0",
    "K": "20",
    "B-day": "1985",
    "Flag": "i"
  },
  {
    "ID Number": "11512369",
    "Name": "Aboreida, Heba",
    "Fed": "PLE",
    "Sex": "F",
    "Title": "",
    "WTit": "",
    "OTit": "",
    "FOA": "1692",
    "Rating": "AUG25",
    "Gms": "0",
    "K": "20",
    "B-day": "2006",
    "Flag": "wi"
  },
  {
    "ID Number": "11512687",
    "Name": "Abouzour, Masoud",
    "Fed": "PLE",
    "Sex": "M",
    "Title": "",
    "WTit": "",
    "OTit": "",
    "FOA": "1579",
    "Rating": "AUG25",
    "Gms": "2",
    "K": "20",
    "B-day": "2005",
    "Flag": ""
  },
  {
    "ID Number": "11518588",
    "Name": "Abu Ayyash, Odai",
    "Fed": "PLE",
    "Sex": "M",
    "Title": "",
    "WTit": "",
    "OTit": "",
    "FOA": "1865",
    "Rating": "AUG25",
    "Gms": "0",
    "K": "20",
    "B-day": "1991",
    "Flag": "i"
  },
  {
    "ID Number": "11510846",
    "Name": "Abu Snoubar, Ahmad",
    "Fed": "PLE",
    "Sex": "M",
    "Title": "",
    "WTit": "",
    "OTit": "",
    "FOA": "1750",
    "Rating": "AUG25",
    "Gms": "0",
    "K": "20",
    "B-day": "1984",
    "Flag": "i"
  },
  {
    "ID Number": "11500050",
    "Name": "Abuaita, Midhat",
    "Fed": "PLE",
    "Sex": "M",
    "Title": "",
    "WTit": "",
    "OTit": "",
    "FOA": "1932",
    "Rating": "AUG25",
    "Gms": "0",
    "K": "20",
    "B-day": "1972",
    "Flag": "i"
  },
  {
    "ID Number": "11518936",
    "Name": "Abualia, Mutaz",
    "Fed": "PLE",
    "Sex": "M",
    "Title": "",
    "WTit": "",
    "OTit": "",
    "FOA": "1623",
    "Rating": "AUG25",
    "Gms": "0",
    "K": "20",
    "B-day": "2001",
    "Flag": ""
  },
  {
    "ID Number": "11510889",
    "Name": "Abuanza, Mousa",
    "Fed": "PLE",
    "Sex": "M",
    "Title": "",
    "WTit": "",
    "OTit": "",
    "FOA": "1893",
    "Rating": "AUG25",
    "Gms": "0",
    "K": "20",
    "B-day": "1991",
    "Flag": "i"
  },
  {
    "ID Number": "11523034",
    "Name": "Abuarra, Huthayfa",
    "Fed": "PLE",
    "Sex": "M",
    "Title": "",
    "WTit": "",
    "OTit": "",
    "FOA": "1783",
    "Rating": "AUG25",
    "Gms": "0",
    "K": "20",
    "B-day": "1996",
    "Flag": "i"
  },
  {
    "ID Number": "11523042",
    "Name": "Abuarra, Mamoun",
    "Fed": "PLE",
    "Sex": "M",
    "Title": "",
    "WTit": "",
    "OTit": "",
    "FOA": "1618",
    "Rating": "AUG25",
    "Gms": "0",
    "K": "20",
    "B-day": "1988",
    "Flag": "i"
  },
  {
    "ID Number": "11503327",
    "Name": "AbuAzizah, Raji",
    "Fed": "PLE",
    "Sex": "M",
    "Title": "FM",
    "WTit": "",
    "OTit": "",
    "FOA": "1964",
    "Rating": "AUG25",
    "Gms": "0",
    "K": "20",
    "B-day": "2006",
    "Flag": ""
  },
  {
    "ID Number": "11513020",
    "Name": "AbuRahmeh, Bahaa Ibrahim",
    "Fed": "PLE",
    "Sex": "M",
    "Title": "",
    "WTit": "",
    "OTit": "",
    "FOA": "1801",
    "Rating": "AUG25",
    "Gms": "0",
    "K": "20",
    "B-day": "2000",
    "Flag": "i"
  },
  {
    "ID Number": "11502967",
    "Name": "Abusharar, Abdalnaseer",
    "Fed": "PLE",
    "Sex": "M",
    "Title": "",
    "WTit": "",
    "OTit": "",
    "FOA": "1826",
    "Rating": "AUG25",
    "Gms": "0",
    "K": "20",
    "B-day": "1980",
    "Flag": "i"
  },
  {
    "ID Number": "11500034",
    "Name": "Adhami, Hesham",
    "Fed": "PLE",
    "Sex": "M",
    "Title": "",
    "WTit": "",
    "OTit": "",
    "FOA": "1948",
    "Rating": "AUG25",
    "Gms": "0",
    "K": "20",
    "B-day": "0",
    "Flag": "i"
  },
  {
    "ID Number": "11501740",
    "Name": "Afana, Adham Jj",
    "Fed": "PLE",
    "Sex": "M",
    "Title": "",
    "WTit": "",
    "OTit": "",
    "FOA": "2056",
    "Rating": "AUG25",
    "Gms": "0",
    "K": "20",
    "B-day": "1970",
    "Flag": ""
  },
  {
    "ID Number": "11503718",
    "Name": "ahmad jobah",
    "Fed": "PLE",
    "Sex": "M",
    "Title": "",
    "WTit": "",
    "OTit": "",
    "FOA": "1760",
    "Rating": "AUG25",
    "Gms": "0",
    "K": "20",
    "B-day": "1980",
    "Flag": "i"
  },
  {
    "ID Number": "11507403",
    "Name": "Ahmad Jweiles",
    "Fed": "PLE",
    "Sex": "M",
    "Title": "",
    "WTit": "",
    "OTit": "",
    "FOA": "1650",
    "Rating": "AUG25",
    "Gms": "0",
    "K": "20",
    "B-day": "2006",
    "Flag": "i"
  },
  {
    "ID Number": "11509376",
    "Name": "Ahmad, Rabee",
    "Fed": "PLE",
    "Sex": "M",
    "Title": "",
    "WTit": "",
    "OTit": "",
    "FOA": "1720",
    "Rating": "AUG25",
    "Gms": "0",
    "K": "20",
    "B-day": "1981",
    "Flag": ""
  },
  {
    "ID Number": "11501367",
    "Name": "Ahmad, Zuhair",
    "Fed": "PLE",
    "Sex": "M",
    "Title": "",
    "WTit": "",
    "OTit": "",
    "FOA": "1661",
    "Rating": "AUG25",
    "Gms": "0",
    "K": "20",
    "B-day": "0",
    "Flag": "i"
  },
  {
    "ID Number": "11507055",
    "Name": "Ahmad.Joudeh",
    "Fed": "PLE",
    "Sex": "M",
    "Title": "",
    "WTit": "",
    "OTit": "",
    "FOA": "1465",
    "Rating": "AUG25",
    "Gms": "0",
    "K": "40",
    "B-day": "2009",
    "Flag": "i"
  },
  {
    "ID Number": "11504048",
    "Name": "Ahmed, Nidal",
    "Fed": "PLE",
    "Sex": "M",
    "Title": "",
    "WTit": "",
    "OTit": "",
    "FOA": "AFM",
    "Rating": "AUG25",
    "Gms": "1825",
    "K": "0",
    "B-day": "1986",
    "Flag": ""
  },
  {
    "ID Number": "11501022",
    "Name": "Ahmed, Zuhair",
    "Fed": "PLE",
    "Sex": "M",
    "Title": "",
    "WTit": "",
    "OTit": "",
    "FOA": "1747",
    "Rating": "AUG25",
    "Gms": "0",
    "K": "20",
    "B-day": "0",
    "Flag": "i"
  },
  {
    "ID Number": "11508302",
    "Name": "Akram Abo Ayyash",
    "Fed": "PLE",
    "Sex": "M",
    "Title": "",
    "WTit": "",
    "OTit": "",
    "FOA": "1801",
    "Rating": "AUG25",
    "Gms": "0",
    "K": "20",
    "B-day": "1998",
    "Flag": "i"
  },
  {
    "ID Number": "11502037",
    "Name": "Al Atrash, Jourje",
    "Fed": "PLE",
    "Sex": "M",
    "Title": "",
    "WTit": "",
    "OTit": "",
    "FOA": "1782",
    "Rating": "AUG25",
    "Gms": "0",
    "K": "20",
    "B-day": "0",
    "Flag": "i"
  },
  {
    "ID Number": "11500646",
    "Name": "Al Hanini, Elias",
    "Fed": "PLE",
    "Sex": "M",
    "Title": "",
    "WTit": "",
    "OTit": "",
    "FOA": "1842",
    "Rating": "AUG25",
    "Gms": "0",
    "K": "20",
    "B-day": "1992",
    "Flag": ""
  },
  {
    "ID Number": "11504030",
    "Name": "Al Juneide,Diaa",
    "Fed": "PLE",
    "Sex": "M",
    "Title": "",
    "WTit": "",
    "OTit": "",
    "FOA": "1636",
    "Rating": "AUG25",
    "Gms": "0",
    "K": "20",
    "B-day": "1985",
    "Flag": "i"
  },
  {
    "ID Number": "11517808",
    "Name": "Al Rajabi, Mahmoud Aref",
    "Fed": "PLE",
    "Sex": "M",
    "Title": "",
    "WTit": "",
    "OTit": "",
    "FOA": "1624",
    "Rating": "AUG25",
    "Gms": "0",
    "K": "20",
    "B-day": "2005",
    "Flag": "i"
  },
  {
    "ID Number": "11500379",
    "Name": "Al-Housa, Khalil",
    "Fed": "PLE",
    "Sex": "M",
    "Title": "",
    "WTit": "",
    "OTit": "",
    "FOA": "1701",
    "Rating": "AUG25",
    "Gms": "0",
    "K": "20",
    "B-day": "1948",
    "Flag": "i"
  },
  {
    "ID Number": "11501243",
    "Name": "Al-Takrori, Husam",
    "Fed": "PLE",
    "Sex": "M",
    "Title": "",
    "WTit": "",
    "OTit": "",
    "FOA": "AIM",
    "Rating": "AUG25",
    "Gms": "2015",
    "K": "0",
    "B-day": "1994",
    "Flag": ""
  },
  {
    "ID Number": "11501219",
    "Name": "Alatrash, Bashar",
    "Fed": "PLE",
    "Sex": "M",
    "Title": "",
    "WTit": "",
    "OTit": "",
    "FOA": "1861",
    "Rating": "AUG25",
    "Gms": "0",
    "K": "20",
    "B-day": "0",
    "Flag": "i"
  },
  {
    "ID Number": "11520124",
    "Name": "Alawi, George",
    "Fed": "PLE",
    "Sex": "M",
    "Title": "",
    "WTit": "",
    "OTit": "",
    "FOA": "1816",
    "Rating": "AUG25",
    "Gms": "0",
    "K": "20",
    "B-day": "2004",
    "Flag": ""
  },
  {
    "ID Number": "11514264",
    "Name": "Alayyouby, Iyas",
    "Fed": "PLE",
    "Sex": "M",
    "Title": "",
    "WTit": "",
    "OTit": "",
    "FOA": "1923",
    "Rating": "AUG25",
    "Gms": "0",
    "K": "20",
    "B-day": "2006",
    "Flag": "i"
  },
  {
    "ID Number": "11514272",
    "Name": "Alayyouby, Osaid",
    "Fed": "PLE",
    "Sex": "M",
    "Title": "",
    "WTit": "",
    "OTit": "",
    "FOA": "1874",
    "Rating": "AUG25",
    "Gms": "0",
    "K": "20",
    "B-day": "2006",
    "Flag": "i"
  },
  {
    "ID Number": "11500247",
    "Name": "Alazzah, Ahmad",
    "Fed": "PLE",
    "Sex": "M",
    "Title": "",
    "WTit": "",
    "OTit": "",
    "FOA": "1856",
    "Rating": "AUG25",
    "Gms": "0",
    "K": "20",
    "B-day": "1970",
    "Flag": ""
  },
  {
    "ID Number": "11500522",
    "Name": "Albzoor, Anwar",
    "Fed": "PLE",
    "Sex": "F",
    "Title": "WFM",
    "WTit": "WFM",
    "OTit": "",
    "FOA": "1741",
    "Rating": "AUG25",
    "Gms": "0",
    "K": "20",
    "B-day": "1992",
    "Flag": "wi"
  },
  {
    "ID Number": "11501669",
    "Name": "Albzour, Abdalsalam",
    "Fed": "PLE",
    "Sex": "M",
    "Title": "",
    "WTit": "",
    "OTit": "",
    "FOA": "1897",
    "Rating": "AUG25",
    "Gms": "0",
    "K": "20",
    "B-day": "1966",
    "Flag": "i"
  },
  {
    "ID Number": "11511532",
    "Name": "Aldadah, Mohammed",
    "Fed": "PLE",
    "Sex": "M",
    "Title": "",
    "WTit": "",
    "OTit": "",
    "FOA": "1930",
    "Rating": "AUG25",
    "Gms": "0",
    "K": "20",
    "B-day": "1981",
    "Flag": "i"
  },
  {
    "ID Number": "11501863",
    "Name": "Alhadad, Mahmoud",
    "Fed": "PLE",
    "Sex": "M",
    "Title": "CM",
    "WTit": "",
    "OTit": "",
    "FOA": "1973",
    "Rating": "AUG25",
    "Gms": "0",
    "K": "20",
    "B-day": "1987",
    "Flag": "i"
  },
  {
    "ID Number": "11505850",
    "Name": "Alhaj, Mohammad",
    "Fed": "PLE",
    "Sex": "M",
    "Title": "",
    "WTit": "",
    "OTit": "",
    "FOA": "1716",
    "Rating": "AUG25",
    "Gms": "0",
    "K": "20",
    "B-day": "1982",
    "Flag": ""
  },
  {
    "ID Number": "11515511",
    "Name": "Alhammouri, Abdulnaser",
    "Fed": "PLE",
    "Sex": "M",
    "Title": "",
    "WTit": "",
    "OTit": "",
    "FOA": "1759",
    "Rating": "AUG25",
    "Gms": "0",
    "K": "40",
    "B-day": "2008",
    "Flag": "i"
  },
  {
    "ID Number": "11506784",
    "Name": "Alhammouri, Roa",
    "Fed": "PLE",
    "Sex": "F",
    "Title": "",
    "WTit": "",
    "OTit": "",
    "FOA": "1718",
    "Rating": "AUG25",
    "Gms": "0",
    "K": "40",
    "B-day": "2007",
    "Flag": "wi"
  },
  {
    "ID Number": "11519274",
    "Name": "Alherimi, Ameer",
    "Fed": "PLE",
    "Sex": "M",
    "Title": "",
    "WTit": "",
    "OTit": "",
    "FOA": "1780",
    "Rating": "AUG25",
    "Gms": "0",
    "K": "20",
    "B-day": "2006",
    "Flag": "i"
  },
  {
    "ID Number": "11505559",
    "Name": "Alhindy, Ghasan",
    "Fed": "PLE",
    "Sex": "M",
    "Title": "",
    "WTit": "",
    "OTit": "",
    "FOA": "1873",
    "Rating": "AUG25",
    "Gms": "0",
    "K": "20",
    "B-day": "1973",
    "Flag": "i"
  },
  {
    "ID Number": "11512784",
    "Name": "Alhmmouri, Fares",
    "Fed": "PLE",
    "Sex": "M",
    "Title": "",
    "WTit": "",
    "OTit": "",
    "FOA": "1593",
    "Rating": "AUG25",
    "Gms": "0",
    "K": "40",
    "B-day": "2010",
    "Flag": "i"
  },
  {
    "ID Number": "11512873",
    "Name": "Alhmouri, Mostafa",
    "Fed": "PLE",
    "Sex": "M",
    "Title": "",
    "WTit": "",
    "OTit": "",
    "FOA": "1790",
    "Rating": "AUG25",
    "Gms": "0",
    "K": "40",
    "B-day": "2007",
    "Flag": "i"
  },
  {
    "ID Number": "11512539",
    "Name": "Alhmouri, Reem",
    "Fed": "PLE",
    "Sex": "F",
    "Title": "",
    "WTit": "",
    "OTit": "",
    "FOA": "1597",
    "Rating": "AUG25",
    "Gms": "0",
    "K": "40",
    "B-day": "2010",
    "Flag": "wi"
  },
  {
    "ID Number": "11503319",
    "Name": "Ali Sayel,Abu Azizah",
    "Fed": "PLE",
    "Sex": "M",
    "Title": "",
    "WTit": "",
    "OTit": "",
    "FOA": "1559",
    "Rating": "AUG25",
    "Gms": "0",
    "K": "20",
    "B-day": "2004",
    "Flag": "i"
  },
  {
    "ID Number": "11503742",
    "Name": "Aljoaba Wael",
    "Fed": "PLE",
    "Sex": "M",
    "Title": "",
    "WTit": "",
    "OTit": "",
    "FOA": "1832",
    "Rating": "AUG25",
    "Gms": "0",
    "K": "20",
    "B-day": "1980",
    "Flag": "i"
  },
  {
    "ID Number": "11501731",
    "Name": "Allam, Mohamed",
    "Fed": "PLE",
    "Sex": "M",
    "Title": "CM",
    "WTit": "",
    "OTit": "",
    "FOA": "1968",
    "Rating": "AUG25",
    "Gms": "0",
    "K": "20",
    "B-day": "2001",
    "Flag": ""
  },
  {
    "ID Number": "11504579",
    "Name": "Almasri, Belal",
    "Fed": "PLE",
    "Sex": "M",
    "Title": "",
    "WTit": "",
    "OTit": "",
    "FOA": "1878",
    "Rating": "AUG25",
    "Gms": "0",
    "K": "20",
    "B-day": "1991",
    "Flag": "i"
  },
  {
    "ID Number": "11501227",
    "Name": "Alqwasma, Mohamed",
    "Fed": "PLE",
    "Sex": "M",
    "Title": "",
    "WTit": "SI,FA",
    "OTit": "",
    "FOA": "1825",
    "Rating": "AUG25",
    "Gms": "0",
    "K": "20",
    "B-day": "1989",
    "Flag": "i"
  },
  {
    "ID Number": "11520736",
    "Name": "Alshaer, Ahmad",
    "Fed": "PLE",
    "Sex": "M",
    "Title": "",
    "WTit": "",
    "OTit": "",
    "FOA": "1549",
    "Rating": "AUG25",
    "Gms": "0",
    "K": "20",
    "B-day": "1988",
    "Flag": "i"
  },
  {
    "ID Number": "11500077",
    "Name": "Alsharbati, Abdalqader",
    "Fed": "PLE",
    "Sex": "M",
    "Title": "",
    "WTit": "",
    "OTit": "",
    "FOA": "1894",
    "Rating": "AUG25",
    "Gms": "0",
    "K": "20",
    "B-day": "1970",
    "Flag": "i"
  },
  {
    "ID Number": "11503467",
    "Name": "Alshreef, Bashar",
    "Fed": "PLE",
    "Sex": "M",
    "Title": "",
    "WTit": "",
    "OTit": "",
    "FOA": "1582",
    "Rating": "AUG25",
    "Gms": "0",
    "K": "20",
    "B-day": "1998",
    "Flag": "i"
  },
  {
    "ID Number": "11519479",
    "Name": "Alshrouf, Yazan",
    "Fed": "PLE",
    "Sex": "M",
    "Title": "",
    "WTit": "",
    "OTit": "",
    "FOA": "1824",
    "Rating": "AUG25",
    "Gms": "0",
    "K": "20",
    "B-day": "2001",
    "Flag": "i"
  },
  {
    "ID Number": "11505010",
    "Name": "Altameme, Sohayb",
    "Fed": "PLE",
    "Sex": "M",
    "Title": "",
    "WTit": "",
    "OTit": "",
    "FOA": "1761",
    "Rating": "AUG25",
    "Gms": "0",
    "K": "20",
    "B-day": "2000",
    "Flag": "i"
  },
  {
    "ID Number": "11504080",
    "Name": "Altel, Marwan",
    "Fed": "PLE",
    "Sex": "M",
    "Title": "",
    "WTit": "",
    "OTit": "",
    "FOA": "1700",
    "Rating": "AUG25",
    "Gms": "0",
    "K": "20",
    "B-day": "1958",
    "Flag": "i"
  },
  {
    "ID Number": "11510579",
    "Name": "Altell, Majed",
    "Fed": "PLE",
    "Sex": "M",
    "Title": "",
    "WTit": "",
    "OTit": "",
    "FOA": "1883",
    "Rating": "AUG25",
    "Gms": "0",
    "K": "20",
    "B-day": "2005",
    "Flag": ""
  },
  {
    "ID Number": "11524383",
    "Name": "Althalathini, Omar",
    "Fed": "PLE",
    "Sex": "M",
    "Title": "",
    "WTit": "",
    "OTit": "",
    "FOA": "1517",
    "Rating": "AUG25",
    "Gms": "0",
    "K": "40",
    "B-day": "2013",
    "Flag": ""
  },
  {
    "ID Number": "11524375",
    "Name": "Althalathini, Taleen",
    "Fed": "PLE",
    "Sex": "F",
    "Title": "",
    "WTit": "",
    "OTit": "",
    "FOA": "1424",
    "Rating": "AUG25",
    "Gms": "0",
    "K": "40",
    "B-day": "2010",
    "Flag": "w"
  },
  {
    "ID Number": "11513764",
    "Name": "Alwazir, Abdalhadi",
    "Fed": "PLE",
    "Sex": "M",
    "Title": "",
    "WTit": "",
    "OTit": "",
    "FOA": "1746",
    "Rating": "AUG25",
    "Gms": "0",
    "K": "20",
    "B-day": "1997",
    "Flag": "i"
  },
  {
    "ID Number": "11520949",
    "Name": "Alyan, Ziad",
    "Fed": "PLE",
    "Sex": "M",
    "Title": "",
    "WTit": "",
    "OTit": "",
    "FOA": "1709",
    "Rating": "AUG25",
    "Gms": "0",
    "K": "20",
    "B-day": "2000",
    "Flag": ""
  },
  {
    "ID Number": "11500115",
    "Name": "Ammar, Al Salem",
    "Fed": "PLE",
    "Sex": "M",
    "Title": "",
    "WTit": "",
    "OTit": "",
    "FOA": "1935",
    "Rating": "AUG25",
    "Gms": "0",
    "K": "20",
    "B-day": "0",
    "Flag": "i"
  },
  {
    "ID Number": "11512032",
    "Name": "Antari , Jalal",
    "Fed": "PLE",
    "Sex": "M",
    "Title": "",
    "WTit": "",
    "OTit": "",
    "FOA": "1798",
    "Rating": "AUG25",
    "Gms": "0",
    "K": "20",
    "B-day": "1981",
    "Flag": "i"
  },
  {
    "ID Number": "7600542",
    "Name": "Asaad, Salah",
    "Fed": "PLE",
    "Sex": "M",
    "Title": "FM",
    "WTit": "NA",
    "OTit": "",
    "FOA": "2096",
    "Rating": "AUG25",
    "Gms": "0",
    "K": "20",
    "B-day": "1966",
    "Flag": "i"
  },
  {
    "ID Number": "11501693",
    "Name": "Asem, Esam",
    "Fed": "PLE",
    "Sex": "M",
    "Title": "",
    "WTit": "",
    "OTit": "",
    "FOA": "1808",
    "Rating": "AUG25",
    "Gms": "0",
    "K": "20",
    "B-day": "1996",
    "Flag": "i"
  },
  {
    "ID Number": "11503157",
    "Name": "Ashour, Ahmed",
    "Fed": "PLE",
    "Sex": "M",
    "Title": "",
    "WTit": "",
    "OTit": "",
    "FOA": "1896",
    "Rating": "AUG25",
    "Gms": "0",
    "K": "20",
    "B-day": "1970",
    "Flag": "i"
  },
  {
    "ID Number": "11502991",
    "Name": "Ashour, Mohammed",
    "Fed": "PLE",
    "Sex": "M",
    "Title": "",
    "WTit": "",
    "OTit": "",
    "FOA": "1890",
    "Rating": "AUG25",
    "Gms": "0",
    "K": "20",
    "B-day": "1980",
    "Flag": "i"
  },
  {
    "ID Number": "11513829",
    "Name": "Aslan, Atallah",
    "Fed": "PLE",
    "Sex": "M",
    "Title": "",
    "WTit": "",
    "OTit": "",
    "FOA": "1716",
    "Rating": "AUG25",
    "Gms": "0",
    "K": "20",
    "B-day": "2003",
    "Flag": "i"
  },
  {
    "ID Number": "11516518",
    "Name": "Assaf, Arkan",
    "Fed": "PLE",
    "Sex": "M",
    "Title": "",
    "WTit": "",
    "OTit": "",
    "FOA": "1544",
    "Rating": "AUG25",
    "Gms": "0",
    "K": "20",
    "B-day": "1988",
    "Flag": "i"
  },
  {
    "ID Number": "11507225",
    "Name": "Assi, Heba",
    "Fed": "PLE",
    "Sex": "F",
    "Title": "",
    "WTit": "",
    "OTit": "",
    "FOA": "1708",
    "Rating": "AUG25",
    "Gms": "0",
    "K": "20",
    "B-day": "1997",
    "Flag": "wi"
  },
  {
    "ID Number": "11520108",
    "Name": "Awad, Ahmad",
    "Fed": "PLE",
    "Sex": "M",
    "Title": "",
    "WTit": "",
    "OTit": "",
    "FOA": "1891",
    "Rating": "AUG25",
    "Gms": "0",
    "K": "40",
    "B-day": "2010",
    "Flag": ""
  },
  {
    "ID Number": "11520477",
    "Name": "Awartani, Hamza",
    "Fed": "PLE",
    "Sex": "M",
    "Title": "",
    "WTit": "",
    "OTit": "",
    "FOA": "1799",
    "Rating": "AUG25",
    "Gms": "0",
    "K": "20",
    "B-day": "2005",
    "Flag": "i"
  },
  {
    "ID Number": "11501545",
    "Name": "Aysha, Ihsan",
    "Fed": "PLE",
    "Sex": "F",
    "Title": "",
    "WTit": "",
    "OTit": "",
    "FOA": "1420",
    "Rating": "AUG25",
    "Gms": "0",
    "K": "20",
    "B-day": "2001",
    "Flag": "wi"
  },
  {
    "ID Number": "11506946",
    "Name": "Badawy.Ehab",
    "Fed": "PLE",
    "Sex": "M",
    "Title": "",
    "WTit": "",
    "OTit": "",
    "FOA": "1761",
    "Rating": "AUG25",
    "Gms": "0",
    "K": "20",
    "B-day": "0",
    "Flag": "i"
  },
  {
    "ID Number": "11507268",
    "Name": "Baddad, Jawad",
    "Fed": "PLE",
    "Sex": "M",
    "Title": "",
    "WTit": "",
    "OTit": "",
    "FOA": "1633",
    "Rating": "AUG25",
    "Gms": "0",
    "K": "20",
    "B-day": "1986",
    "Flag": "i"
  },
  {
    "ID Number": "11502207",
    "Name": "Baher,Naser",
    "Fed": "PLE",
    "Sex": "M",
    "Title": "",
    "WTit": "",
    "OTit": "",
    "FOA": "1916",
    "Rating": "AUG25",
    "Gms": "0",
    "K": "20",
    "B-day": "1974",
    "Flag": "i"
  },
  {
    "ID Number": "11504102",
    "Name": "Bargouthi, Sodah",
    "Fed": "PLE",
    "Sex": "M",
    "Title": "",
    "WTit": "",
    "OTit": "",
    "FOA": "1771",
    "Rating": "AUG25",
    "Gms": "0",
    "K": "20",
    "B-day": "1974",
    "Flag": "i"
  },
  {
    "ID Number": "11504110",
    "Name": "Bargouthi, Tleea",
    "Fed": "PLE",
    "Sex": "M",
    "Title": "",
    "WTit": "",
    "OTit": "",
    "FOA": "1729",
    "Rating": "AUG25",
    "Gms": "0",
    "K": "20",
    "B-day": "1978",
    "Flag": "i"
  },
  {
    "ID Number": "11502843",
    "Name": "Bawayee Samer",
    "Fed": "PLE",
    "Sex": "M",
    "Title": "",
    "WTit": "",
    "OTit": "",
    "FOA": "1793",
    "Rating": "AUG25",
    "Gms": "0",
    "K": "20",
    "B-day": "0",
    "Flag": "i"
  },
  {
    "ID Number": "11503106",
    "Name": "Belal S. M. Ashour",
    "Fed": "PLE",
    "Sex": "M",
    "Title": "",
    "WTit": "",
    "OTit": "",
    "FOA": "1782",
    "Rating": "AUG25",
    "Gms": "0",
    "K": "20",
    "B-day": "0",
    "Flag": "i"
  },
  {
    "ID Number": "11501073",
    "Name": "Bezor, Tarek",
    "Fed": "PLE",
    "Sex": "M",
    "Title": "",
    "WTit": "",
    "OTit": "",
    "FOA": "1768",
    "Rating": "AUG25",
    "Gms": "0",
    "K": "20",
    "B-day": "1980",
    "Flag": "i"
  },
  {
    "ID Number": "11506288",
    "Name": "Bilal , Hammad",
    "Fed": "PLE",
    "Sex": "M",
    "Title": "",
    "WTit": "",
    "OTit": "",
    "FOA": "1857",
    "Rating": "AUG25",
    "Gms": "0",
    "K": "20",
    "B-day": "2004",
    "Flag": ""
  },
  {
    "ID Number": "11524324",
    "Name": "Braiwish, Anas",
    "Fed": "PLE",
    "Sex": "M",
    "Title": "",
    "WTit": "",
    "OTit": "",
    "FOA": "1577",
    "Rating": "AUG25",
    "Gms": "0",
    "K": "20",
    "B-day": "2003",
    "Flag": ""
  },
  {
    "ID Number": "11517050",
    "Name": "Daher, Mahmoud",
    "Fed": "PLE",
    "Sex": "M",
    "Title": "",
    "WTit": "",
    "OTit": "",
    "FOA": "1703",
    "Rating": "AUG25",
    "Gms": "0",
    "K": "40",
    "B-day": "2009",
    "Flag": ""
  },
  {
    "ID Number": "11517042",
    "Name": "Daher, Mustafa",
    "Fed": "PLE",
    "Sex": "M",
    "Title": "",
    "WTit": "",
    "OTit": "",
    "FOA": "1601",
    "Rating": "AUG25",
    "Gms": "0",
    "K": "40",
    "B-day": "2009",
    "Flag": ""
  },
  {
    "ID Number": "11520787",
    "Name": "Dandis, Omar",
    "Fed": "PLE",
    "Sex": "M",
    "Title": "",
    "WTit": "",
    "OTit": "",
    "FOA": "1627",
    "Rating": "AUG25",
    "Gms": "0",
    "K": "40",
    "B-day": "2009",
    "Flag": ""
  },
  {
    "ID Number": "11520884",
    "Name": "Darwish, Mutaz",
    "Fed": "PLE",
    "Sex": "M",
    "Title": "",
    "WTit": "",
    "OTit": "",
    "FOA": "1760",
    "Rating": "AUG25",
    "Gms": "0",
    "K": "20",
    "B-day": "2001",
    "Flag": ""
  },
  {
    "ID Number": "11502924",
    "Name": "Dawabsha Mohammed",
    "Fed": "PLE",
    "Sex": "M",
    "Title": "",
    "WTit": "",
    "OTit": "",
    "FOA": "1828",
    "Rating": "AUG25",
    "Gms": "0",
    "K": "20",
    "B-day": "0",
    "Flag": "i"
  },
  {
    "ID Number": "11506636",
    "Name": "Dawabsha, Alaa",
    "Fed": "PLE",
    "Sex": "F",
    "Title": "",
    "WTit": "",
    "OTit": "",
    "FOA": "1743",
    "Rating": "AUG25",
    "Gms": "0",
    "K": "20",
    "B-day": "2002",
    "Flag": "wi"
  },
  {
    "ID Number": "11502100",
    "Name": "Dawabsha, Taha",
    "Fed": "PLE",
    "Sex": "M",
    "Title": "",
    "WTit": "",
    "OTit": "",
    "FOA": "1843",
    "Rating": "AUG25",
    "Gms": "0",
    "K": "20",
    "B-day": "1973",
    "Flag": ""
  },
  {
    "ID Number": "11507438",
    "Name": "Dawabsheh, Amer",
    "Fed": "PLE",
    "Sex": "M",
    "Title": "",
    "WTit": "",
    "OTit": "",
    "FOA": "1826",
    "Rating": "AUG25",
    "Gms": "0",
    "K": "20",
    "B-day": "2006",
    "Flag": "i"
  },
  {
    "ID Number": "11507454",
    "Name": "Dawabsheh, Ezz",
    "Fed": "PLE",
    "Sex": "M",
    "Title": "",
    "WTit": "",
    "OTit": "",
    "FOA": "1515",
    "Rating": "AUG25",
    "Gms": "0",
    "K": "40",
    "B-day": "2010",
    "Flag": "i"
  },
  {
    "ID Number": "11513969",
    "Name": "Dawod, Mahmoud",
    "Fed": "PLE",
    "Sex": "M",
    "Title": "",
    "WTit": "NI",
    "OTit": "",
    "FOA": "1846",
    "Rating": "AUG25",
    "Gms": "0",
    "K": "20",
    "B-day": "2000",
    "Flag": ""
  },
  {
    "ID Number": "11500794",
    "Name": "Djikiryan, Rafi",
    "Fed": "PLE",
    "Sex": "M",
    "Title": "",
    "WTit": "",
    "OTit": "",
    "FOA": "1699",
    "Rating": "AUG25",
    "Gms": "0",
    "K": "20",
    "B-day": "0",
    "Flag": "i"
  },
  {
    "ID Number": "11502177",
    "Name": "Dodean, Mahmood",
    "Fed": "PLE",
    "Sex": "M",
    "Title": "",
    "WTit": "",
    "OTit": "",
    "FOA": "1886",
    "Rating": "AUG25",
    "Gms": "0",
    "K": "20",
    "B-day": "1950",
    "Flag": "i"
  },
  {
    "ID Number": "11500190",
    "Name": "Eid, Yousif",
    "Fed": "PLE",
    "Sex": "M",
    "Title": "",
    "WTit": "",
    "OTit": "",
    "FOA": "1975",
    "Rating": "AUG25",
    "Gms": "0",
    "K": "20",
    "B-day": "1960",
    "Flag": "i"
  },
  {
    "ID Number": "11514000",
    "Name": "El Abd, Qassim",
    "Fed": "PLE",
    "Sex": "M",
    "Title": "",
    "WTit": "",
    "OTit": "",
    "FOA": "1578",
    "Rating": "AUG25",
    "Gms": "6",
    "K": "40",
    "B-day": "2010",
    "Flag": ""
  },
  {
    "ID Number": "11522577",
    "Name": "Elayna, Jad",
    "Fed": "PLE",
    "Sex": "M",
    "Title": "",
    "WTit": "",
    "OTit": "",
    "FOA": "1441",
    "Rating": "AUG25",
    "Gms": "0",
    "K": "40",
    "B-day": "2010",
    "Flag": "i"
  },
  {
    "ID Number": "11523158",
    "Name": "Elfara, Mohanad",
    "Fed": "PLE",
    "Sex": "M",
    "Title": "",
    "WTit": "",
    "OTit": "",
    "FOA": "1638",
    "Rating": "AUG25",
    "Gms": "0",
    "K": "20",
    "B-day": "1995",
    "Flag": "i"
  },
  {
    "ID Number": "11505435",
    "Name": "Elhajdaoud, Fadi",
    "Fed": "PLE",
    "Sex": "M",
    "Title": "",
    "WTit": "",
    "OTit": "",
    "FOA": "1530",
    "Rating": "AUG25",
    "Gms": "0",
    "K": "20",
    "B-day": "1988",
    "Flag": "i"
  },
  {
    "ID Number": "11501405",
    "Name": "Elias, Redwan",
    "Fed": "PLE",
    "Sex": "M",
    "Title": "",
    "WTit": "",
    "OTit": "",
    "FOA": "1794",
    "Rating": "AUG25",
    "Gms": "0",
    "K": "20",
    "B-day": "2000",
    "Flag": ""
  },
  {
    "ID Number": "11501391",
    "Name": "Elias, Wael",
    "Fed": "PLE",
    "Sex": "M",
    "Title": "",
    "WTit": "",
    "OTit": "",
    "FOA": "1780",
    "Rating": "AUG25",
    "Gms": "0",
    "K": "20",
    "B-day": "1992",
    "Flag": "i"
  },
  {
    "ID Number": "11511494",
    "Name": "Emad Abu Safeya",
    "Fed": "PLE",
    "Sex": "M",
    "Title": "",
    "WTit": "",
    "OTit": "",
    "FOA": "1648",
    "Rating": "AUG25",
    "Gms": "0",
    "K": "20",
    "B-day": "1984",
    "Flag": "i"
  },
  {
    "ID Number": "11522364",
    "Name": "Fahed, Hussam",
    "Fed": "PLE",
    "Sex": "M",
    "Title": "",
    "WTit": "",
    "OTit": "",
    "FOA": "1839",
    "Rating": "AUG25",
    "Gms": "0",
    "K": "20",
    "B-day": "2001",
    "Flag": "i"
  },
  {
    "ID Number": "11501880",
    "Name": "Faqeeh, Aseel",
    "Fed": "PLE",
    "Sex": "F",
    "Title": "WCM",
    "WTit": "WCM",
    "OTit": "",
    "FOA": "1731",
    "Rating": "AUG25",
    "Gms": "0",
    "K": "20",
    "B-day": "1997",
    "Flag": "wi"
  },
  {
    "ID Number": "11501189",
    "Name": "Faqeeh, Diya",
    "Fed": "PLE",
    "Sex": "M",
    "Title": "",
    "WTit": "",
    "OTit": "",
    "FOA": "1713",
    "Rating": "AUG25",
    "Gms": "0",
    "K": "20",
    "B-day": "0",
    "Flag": "i"
  },
  {
    "ID Number": "11501502",
    "Name": "Faqeeh, Nadeen",
    "Fed": "PLE",
    "Sex": "F",
    "Title": "",
    "WTit": "",
    "OTit": "",
    "FOA": "1579",
    "Rating": "AUG25",
    "Gms": "0",
    "K": "20",
    "B-day": "1999",
    "Flag": "wi"
  },
  {
    "ID Number": "11501723",
    "Name": "Faqeeh, Rahaf",
    "Fed": "PLE",
    "Sex": "F",
    "Title": "WCM",
    "WTit": "WCM",
    "OTit": "",
    "FOA": "1643",
    "Rating": "AUG25",
    "Gms": "0",
    "K": "20",
    "B-day": "2001",
    "Flag": "wi"
  },
  {
    "ID Number": "11501642",
    "Name": "Faqeeh, Yara",
    "Fed": "PLE",
    "Sex": "F",
    "Title": "WCM",
    "WTit": "WCM",
    "OTit": "",
    "FOA": "1657",
    "Rating": "AUG25",
    "Gms": "0",
    "K": "20",
    "B-day": "1999",
    "Flag": "wi"
  },
  {
    "ID Number": "11510412",
    "Name": "Fares M f, Frihat",
    "Fed": "PLE",
    "Sex": "M",
    "Title": "",
    "WTit": "",
    "OTit": "",
    "FOA": "1655",
    "Rating": "AUG25",
    "Gms": "0",
    "K": "20",
    "B-day": "1980",
    "Flag": "i"
  },
  {
    "ID Number": "11517778",
    "Name": "Fares, Mohammed",
    "Fed": "PLE",
    "Sex": "M",
    "Title": "",
    "WTit": "",
    "OTit": "",
    "FOA": "1807",
    "Rating": "AUG25",
    "Gms": "0",
    "K": "40",
    "B-day": "2007",
    "Flag": "i"
  },
  {
    "ID Number": "11504463",
    "Name": "Gheith, Isam",
    "Fed": "PLE",
    "Sex": "M",
    "Title": "",
    "WTit": "",
    "OTit": "",
    "FOA": "1963",
    "Rating": "AUG25",
    "Gms": "0",
    "K": "20",
    "B-day": "1985",
    "Flag": "i"
  },
  {
    "ID Number": "11504447",
    "Name": "Hamdan, Asef",
    "Fed": "PLE",
    "Sex": "M",
    "Title": "",
    "WTit": "",
    "OTit": "",
    "FOA": "1857",
    "Rating": "AUG25",
    "Gms": "0",
    "K": "20",
    "B-day": "1989",
    "Flag": "i"
  },
  {
    "ID Number": "11507217",
    "Name": "Hamdi Hassan",
    "Fed": "PLE",
    "Sex": "M",
    "Title": "",
    "WTit": "",
    "OTit": "",
    "FOA": "1803",
    "Rating": "AUG25",
    "Gms": "0",
    "K": "20",
    "B-day": "1971",
    "Flag": "i"
  },
  {
    "ID Number": "11514450",
    "Name": "Hamouri, Sama",
    "Fed": "PLE",
    "Sex": "F",
    "Title": "",
    "WTit": "",
    "OTit": "",
    "FOA": "1554",
    "Rating": "AUG25",
    "Gms": "0",
    "K": "40",
    "B-day": "2011",
    "Flag": "wi"
  },
  {
    "ID Number": "11506792",
    "Name": "Hamouri, Taqwa",
    "Fed": "PLE",
    "Sex": "F",
    "Title": "WCM",
    "WTit": "WCM",
    "OTit": "",
    "FOA": "1767",
    "Rating": "AUG25",
    "Gms": "0",
    "K": "20",
    "B-day": "2006",
    "Flag": "wi"
  },
  {
    "ID Number": "11502592",
    "Name": "Hashlamon, Amjad",
    "Fed": "PLE",
    "Sex": "M",
    "Title": "",
    "WTit": "FI",
    "OTit": "",
    "FOA": "1927",
    "Rating": "AUG25",
    "Gms": "0",
    "K": "20",
    "B-day": "1998",
    "Flag": "i"
  },
  {
    "ID Number": "11503440",
    "Name": "Hashlmoun Mouath",
    "Fed": "PLE",
    "Sex": "M",
    "Title": "",
    "WTit": "",
    "OTit": "",
    "FOA": "1822",
    "Rating": "AUG25",
    "Gms": "0",
    "K": "20",
    "B-day": "1980",
    "Flag": "i"
  },
  {
    "ID Number": "11502983",
    "Name": "Hemaid, Khaled",
    "Fed": "PLE",
    "Sex": "M",
    "Title": "",
    "WTit": "",
    "OTit": "",
    "FOA": "1966",
    "Rating": "AUG25",
    "Gms": "0",
    "K": "20",
    "B-day": "1989",
    "Flag": "i"
  },
  {
    "ID Number": "11505400",
    "Name": "Huseen.Hamed",
    "Fed": "PLE",
    "Sex": "M",
    "Title": "",
    "WTit": "",
    "OTit": "",
    "FOA": "1687",
    "Rating": "AUG25",
    "Gms": "0",
    "K": "20",
    "B-day": "1985",
    "Flag": "i"
  },
  {
    "ID Number": "11507381",
    "Name": "Ibaidou, Ahmed",
    "Fed": "PLE",
    "Sex": "M",
    "Title": "",
    "WTit": "",
    "OTit": "",
    "FOA": "1817",
    "Rating": "AUG25",
    "Gms": "0",
    "K": "40",
    "B-day": "2007",
    "Flag": "i"
  },
  {
    "ID Number": "11504145",
    "Name": "Ibraheem, Mustafa",
    "Fed": "PLE",
    "Sex": "M",
    "Title": "",
    "WTit": "",
    "OTit": "",
    "FOA": "1673",
    "Rating": "AUG25",
    "Gms": "0",
    "K": "20",
    "B-day": "1974",
    "Flag": ""
  },
  {
    "ID Number": "11506547",
    "Name": "ibraheem.abo jiyab",
    "Fed": "PLE",
    "Sex": "M",
    "Title": "",
    "WTit": "",
    "OTit": "",
    "FOA": "1871",
    "Rating": "AUG25",
    "Gms": "0",
    "K": "20",
    "B-day": "1984",
    "Flag": "i"
  },
  {
    "ID Number": "11524812",
    "Name": "Ismail, Mohammad",
    "Fed": "PLE",
    "Sex": "M",
    "Title": "",
    "WTit": "",
    "OTit": "",
    "FOA": "1729",
    "Rating": "AUG25",
    "Gms": "0",
    "K": "20",
    "B-day": "1977",
    "Flag": ""
  },
  {
    "ID Number": "11500310",
    "Name": "Jabari, Omar Osama",
    "Fed": "PLE",
    "Sex": "M",
    "Title": "",
    "WTit": "FI",
    "OTit": "",
    "FOA": "1994",
    "Rating": "AUG25",
    "Gms": "0",
    "K": "20",
    "B-day": "1977",
    "Flag": "i"
  },
  {
    "ID Number": "11504161",
    "Name": "Jaber, Mohammed",
    "Fed": "PLE",
    "Sex": "M",
    "Title": "",
    "WTit": "",
    "OTit": "",
    "FOA": "1648",
    "Rating": "AUG25",
    "Gms": "0",
    "K": "20",
    "B-day": "1991",
    "Flag": "i"
  },
  {
    "ID Number": "11510773",
    "Name": "Jaradat , Ahmad",
    "Fed": "PLE",
    "Sex": "M",
    "Title": "",
    "WTit": "",
    "OTit": "",
    "FOA": "1637",
    "Rating": "AUG25",
    "Gms": "0",
    "K": "40",
    "B-day": "2014",
    "Flag": "i"
  },
  {
    "ID Number": "11507004",
    "Name": "Jaradat, Raghad",
    "Fed": "PLE",
    "Sex": "F",
    "Title": "",
    "WTit": "",
    "OTit": "",
    "FOA": "1656",
    "Rating": "AUG25",
    "Gms": "0",
    "K": "20",
    "B-day": "2006",
    "Flag": "wi"
  },
  {
    "ID Number": "11506733",
    "Name": "Jaradat,Reyad",
    "Fed": "PLE",
    "Sex": "M",
    "Title": "",
    "WTit": "",
    "OTit": "",
    "FOA": "1673",
    "Rating": "AUG25",
    "Gms": "0",
    "K": "40",
    "B-day": "2007",
    "Flag": "i"
  },
  {
    "ID Number": "11518413",
    "Name": "Jawadeh, Nouraldin",
    "Fed": "PLE",
    "Sex": "M",
    "Title": "",
    "WTit": "",
    "OTit": "",
    "FOA": "1667",
    "Rating": "AUG25",
    "Gms": "0",
    "K": "20",
    "B-day": "2002",
    "Flag": ""
  },
  {
    "ID Number": "11520442",
    "Name": "Jloud, Sami",
    "Fed": "PLE",
    "Sex": "M",
    "Title": "",
    "WTit": "",
    "OTit": "",
    "FOA": "1605",
    "Rating": "AUG25",
    "Gms": "0",
    "K": "40",
    "B-day": "2009",
    "Flag": "i"
  },
  {
    "ID Number": "11514965",
    "Name": "Jubeh, Khaled T",
    "Fed": "PLE",
    "Sex": "M",
    "Title": "",
    "WTit": "",
    "OTit": "",
    "FOA": "1783",
    "Rating": "AUG25",
    "Gms": "0",
    "K": "20",
    "B-day": "1997",
    "Flag": "i"
  },
  {
    "ID Number": "7611382",
    "Name": "Kaddoura, Mayar",
    "Fed": "PLE",
    "Sex": "M",
    "Title": "",
    "WTit": "",
    "OTit": "",
    "FOA": "1581",
    "Rating": "AUG25",
    "Gms": "0",
    "K": "40",
    "B-day": "2010",
    "Flag": "i"
  },
  {
    "ID Number": "11503033",
    "Name": "Kanan, Samir",
    "Fed": "PLE",
    "Sex": "M",
    "Title": "",
    "WTit": "",
    "OTit": "",
    "FOA": "1803",
    "Rating": "AUG25",
    "Gms": "0",
    "K": "20",
    "B-day": "1983",
    "Flag": "i"
  },
  {
    "ID Number": "11506229",
    "Name": "Karmel.Jalghoum",
    "Fed": "PLE",
    "Sex": "M",
    "Title": "",
    "WTit": "",
    "OTit": "",
    "FOA": "1737",
    "Rating": "AUG25",
    "Gms": "0",
    "K": "20",
    "B-day": "2002",
    "Flag": "i"
  },
  {
    "ID Number": "11517379",
    "Name": "Karsou, Ayman",
    "Fed": "PLE",
    "Sex": "M",
    "Title": "",
    "WTit": "",
    "OTit": "",
    "FOA": "1809",
    "Rating": "AUG25",
    "Gms": "0",
    "K": "20",
    "B-day": "1971",
    "Flag": "i"
  },
  {
    "ID Number": "11507039",
    "Name": "Kayle, Dany",
    "Fed": "PLE",
    "Sex": "M",
    "Title": "",
    "WTit": "",
    "OTit": "",
    "FOA": "1586",
    "Rating": "AUG25",
    "Gms": "0",
    "K": "20",
    "B-day": "1968",
    "Flag": "i"
  },
  {
    "ID Number": "11521740",
    "Name": "Kerret, Mohammed",
    "Fed": "PLE",
    "Sex": "M",
    "Title": "",
    "WTit": "",
    "OTit": "",
    "FOA": "1485",
    "Rating": "AUG25",
    "Gms": "5",
    "K": "40",
    "B-day": "2007",
    "Flag": ""
  },
  {
    "ID Number": "11521058",
    "Name": "Khader, Ali",
    "Fed": "PLE",
    "Sex": "M",
    "Title": "",
    "WTit": "",
    "OTit": "",
    "FOA": "1550",
    "Rating": "AUG25",
    "Gms": "0",
    "K": "20",
    "B-day": "2000",
    "Flag": "i"
  },
  {
    "ID Number": "11524243",
    "Name": "Khader, Amjed",
    "Fed": "PLE",
    "Sex": "M",
    "Title": "",
    "WTit": "",
    "OTit": "",
    "FOA": "1435",
    "Rating": "AUG25",
    "Gms": "0",
    "K": "20",
    "B-day": "1971",
    "Flag": "i"
  },
  {
    "ID Number": "11501960",
    "Name": "Khader, Essam",
    "Fed": "PLE",
    "Sex": "M",
    "Title": "",
    "WTit": "",
    "OTit": "",
    "FOA": "1933",
    "Rating": "AUG25",
    "Gms": "0",
    "K": "20",
    "B-day": "0",
    "Flag": "i"
  },
  {
    "ID Number": "11501413",
    "Name": "Khaldoon, Ahmed",
    "Fed": "PLE",
    "Sex": "M",
    "Title": "",
    "WTit": "",
    "OTit": "",
    "FOA": "1727",
    "Rating": "AUG25",
    "Gms": "0",
    "K": "20",
    "B-day": "2001",
    "Flag": "i"
  },
  {
    "ID Number": "11503378",
    "Name": "Khaldoon, Ayman",
    "Fed": "PLE",
    "Sex": "M",
    "Title": "",
    "WTit": "",
    "OTit": "",
    "FOA": "1808",
    "Rating": "AUG25",
    "Gms": "0",
    "K": "20",
    "B-day": "2002",
    "Flag": "i"
  },
  {
    "ID Number": "11519177",
    "Name": "Khaled, Hammam",
    "Fed": "PLE",
    "Sex": "M",
    "Title": "",
    "WTit": "",
    "OTit": "",
    "FOA": "1740",
    "Rating": "AUG25",
    "Gms": "0",
    "K": "20",
    "B-day": "2001",
    "Flag": "i"
  },
  {
    "ID Number": "11500867",
    "Name": "Khaled, Lakki",
    "Fed": "PLE",
    "Sex": "M",
    "Title": "CM",
    "WTit": "",
    "OTit": "",
    "FOA": "1924",
    "Rating": "AUG25",
    "Gms": "0",
    "K": "20",
    "B-day": "1971",
    "Flag": "i"
  },
  {
    "ID Number": "11501626",
    "Name": "Khalil, Hamouda",
    "Fed": "PLE",
    "Sex": "M",
    "Title": "",
    "WTit": "",
    "OTit": "",
    "FOA": "1763",
    "Rating": "AUG25",
    "Gms": "0",
    "K": "20",
    "B-day": "0",
    "Flag": "i"
  },
  {
    "ID Number": "11522585",
    "Name": "Kurdi, Ahmad",
    "Fed": "PLE",
    "Sex": "M",
    "Title": "",
    "WTit": "",
    "OTit": "",
    "FOA": "1662",
    "Rating": "AUG25",
    "Gms": "0",
    "K": "40",
    "B-day": "2007",
    "Flag": "i"
  },
  {
    "ID Number": "11503394",
    "Name": "Lakki, Ousama",
    "Fed": "PLE",
    "Sex": "M",
    "Title": "",
    "WTit": "",
    "OTit": "",
    "FOA": "1845",
    "Rating": "AUG25",
    "Gms": "0",
    "K": "20",
    "B-day": "2001",
    "Flag": "i"
  },
  {
    "ID Number": "11513543",
    "Name": "Lebbadi, Jawdat",
    "Fed": "PLE",
    "Sex": "M",
    "Title": "",
    "WTit": "",
    "OTit": "",
    "FOA": "1551",
    "Rating": "AUG25",
    "Gms": "0",
    "K": "20",
    "B-day": "2000",
    "Flag": "i"
  },
  {
    "ID Number": "11512199",
    "Name": "Mabrokeh, Amjad",
    "Fed": "PLE",
    "Sex": "M",
    "Title": "",
    "WTit": "",
    "OTit": "",
    "FOA": "1677",
    "Rating": "AUG25",
    "Gms": "0",
    "K": "20",
    "B-day": "1987",
    "Flag": "i"
  },
  {
    "ID Number": "11511591",
    "Name": "Mahmoud Elwan",
    "Fed": "PLE",
    "Sex": "M",
    "Title": "",
    "WTit": "",
    "OTit": "",
    "FOA": "1714",
    "Rating": "AUG25",
    "Gms": "0",
    "K": "20",
    "B-day": "1986",
    "Flag": "i"
  },
  {
    "ID Number": "7608756",
    "Name": "Malek, Altawbeh",
    "Fed": "PLE",
    "Sex": "M",
    "Title": "",
    "WTit": "",
    "OTit": "",
    "FOA": "AFM",
    "Rating": "AUG25",
    "Gms": "1750",
    "K": "0",
    "B-day": "2005",
    "Flag": "i"
  },
  {
    "ID Number": "11511982",
    "Name": "Mansour , Qais",
    "Fed": "PLE",
    "Sex": "M",
    "Title": "",
    "WTit": "",
    "OTit": "",
    "FOA": "1619",
    "Rating": "AUG25",
    "Gms": "0",
    "K": "20",
    "B-day": "1992",
    "Flag": "i"
  },
  {
    "ID Number": "11510447",
    "Name": "Mansour F T, Mahmoud",
    "Fed": "PLE",
    "Sex": "M",
    "Title": "",
    "WTit": "",
    "OTit": "",
    "FOA": "1587",
    "Rating": "AUG25",
    "Gms": "0",
    "K": "20",
    "B-day": "1988",
    "Flag": "i"
  },
  {
    "ID Number": "11507063",
    "Name": "Maryam.Joudeh",
    "Fed": "PLE",
    "Sex": "F",
    "Title": "",
    "WTit": "",
    "OTit": "",
    "FOA": "1415",
    "Rating": "AUG25",
    "Gms": "0",
    "K": "40",
    "B-day": "2012",
    "Flag": "wi"
  },
  {
    "ID Number": "11506539",
    "Name": "Marzouq, Ahmad",
    "Fed": "PLE",
    "Sex": "M",
    "Title": "",
    "WTit": "",
    "OTit": "",
    "FOA": "1778",
    "Rating": "AUG25",
    "Gms": "0",
    "K": "20",
    "B-day": "1993",
    "Flag": ""
  },
  {
    "ID Number": "11517344",
    "Name": "Masalha, Mohammad",
    "Fed": "PLE",
    "Sex": "M",
    "Title": "",
    "WTit": "",
    "OTit": "",
    "FOA": "1657",
    "Rating": "AUG25",
    "Gms": "0",
    "K": "20",
    "B-day": "1983",
    "Flag": "i"
  },
  {
    "ID Number": "11518650",
    "Name": "Maswadeh, Yousef",
    "Fed": "PLE",
    "Sex": "M",
    "Title": "",
    "WTit": "",
    "OTit": "",
    "FOA": "1627",
    "Rating": "AUG25",
    "Gms": "0",
    "K": "40",
    "B-day": "2014",
    "Flag": "i"
  },
  {
    "ID Number": "11506083",
    "Name": "Mataria, Hasan.",
    "Fed": "PLE",
    "Sex": "M",
    "Title": "",
    "WTit": "",
    "OTit": "",
    "FOA": "1916",
    "Rating": "AUG25",
    "Gms": "0",
    "K": "20",
    "B-day": "1994",
    "Flag": "i"
  },
  {
    "ID Number": "11500280",
    "Name": "Mawed, Moussa",
    "Fed": "PLE",
    "Sex": "M",
    "Title": "",
    "WTit": "",
    "OTit": "",
    "FOA": "2023",
    "Rating": "AUG25",
    "Gms": "0",
    "K": "20",
    "B-day": "0",
    "Flag": "i"
  },
  {
    "ID Number": "3400085",
    "Name": "Michel Yunis, Christian D.",
    "Fed": "PLE",
    "Sex": "M",
    "Title": "IM",
    "WTit": "",
    "OTit": "",
    "FOA": "2325",
    "Rating": "AUG25",
    "Gms": "0",
    "K": "20",
    "B-day": "1968",
    "Flag": "i"
  },
  {
    "ID Number": "11503017",
    "Name": "Miqdad, Fadi",
    "Fed": "PLE",
    "Sex": "M",
    "Title": "",
    "WTit": "",
    "OTit": "",
    "FOA": "1997",
    "Rating": "AUG25",
    "Gms": "0",
    "K": "20",
    "B-day": "1999",
    "Flag": "i"
  },
  {
    "ID Number": "11502118",
    "Name": "Miswadah, Baha",
    "Fed": "PLE",
    "Sex": "M",
    "Title": "CM",
    "WTit": "FI,NA",
    "OTit": "",
    "FOA": "1923",
    "Rating": "AUG25",
    "Gms": "0",
    "K": "20",
    "B-day": "1981",
    "Flag": ""
  },
  {
    "ID Number": "11511613",
    "Name": "Moatasem Hassona",
    "Fed": "PLE",
    "Sex": "M",
    "Title": "",
    "WTit": "",
    "OTit": "",
    "FOA": "1824",
    "Rating": "AUG25",
    "Gms": "0",
    "K": "20",
    "B-day": "1990",
    "Flag": "i"
  },
  {
    "ID Number": "11513853",
    "Name": "Moath, Kordya",
    "Fed": "PLE",
    "Sex": "M",
    "Title": "",
    "WTit": "",
    "OTit": "",
    "FOA": "1720",
    "Rating": "AUG25",
    "Gms": "0",
    "K": "20",
    "B-day": "2006",
    "Flag": "i"
  },
  {
    "ID Number": "11507098",
    "Name": "Mohamad.Mansoor",
    "Fed": "PLE",
    "Sex": "M",
    "Title": "",
    "WTit": "",
    "OTit": "",
    "FOA": "1717",
    "Rating": "AUG25",
    "Gms": "0",
    "K": "20",
    "B-day": "1981",
    "Flag": "i"
  },
  {
    "ID Number": "11501855",
    "Name": "Mohamed , Jehad",
    "Fed": "PLE",
    "Sex": "M",
    "Title": "",
    "WTit": "",
    "OTit": "",
    "FOA": "1846",
    "Rating": "AUG25",
    "Gms": "0",
    "K": "20",
    "B-day": "1971",
    "Flag": "i"
  },
  {
    "ID Number": "11508442",
    "Name": "Mohammad Ikhlayel",
    "Fed": "PLE",
    "Sex": "M",
    "Title": "",
    "WTit": "",
    "OTit": "",
    "FOA": "1782",
    "Rating": "AUG25",
    "Gms": "0",
    "K": "20",
    "B-day": "1994",
    "Flag": "i"
  },
  {
    "ID Number": "11501553",
    "Name": "Mohammad, Ihsan",
    "Fed": "PLE",
    "Sex": "M",
    "Title": "",
    "WTit": "",
    "OTit": "",
    "FOA": "1496",
    "Rating": "AUG25",
    "Gms": "0",
    "K": "20",
    "B-day": "2005",
    "Flag": "i"
  },
  {
    "ID Number": "11505494",
    "Name": "Mohammed A. E. Orouq",
    "Fed": "PLE",
    "Sex": "M",
    "Title": "",
    "WTit": "",
    "OTit": "",
    "FOA": "1746",
    "Rating": "AUG25",
    "Gms": "0",
    "K": "20",
    "B-day": "1977",
    "Flag": "i"
  },
  {
    "ID Number": "11503092",
    "Name": "Mohammed F.F. Abuaser",
    "Fed": "PLE",
    "Sex": "M",
    "Title": "",
    "WTit": "",
    "OTit": "",
    "FOA": "1863",
    "Rating": "AUG25",
    "Gms": "0",
    "K": "20",
    "B-day": "1988",
    "Flag": "i"
  },
  {
    "ID Number": "11518324",
    "Name": "Mohareb, Ramez",
    "Fed": "PLE",
    "Sex": "M",
    "Title": "",
    "WTit": "",
    "OTit": "",
    "FOA": "1699",
    "Rating": "AUG25",
    "Gms": "0",
    "K": "20",
    "B-day": "1999",
    "Flag": ""
  },
  {
    "ID Number": "11506490",
    "Name": "moiad.hijo",
    "Fed": "PLE",
    "Sex": "M",
    "Title": "",
    "WTit": "",
    "OTit": "",
    "FOA": "1642",
    "Rating": "AUG25",
    "Gms": "0",
    "K": "20",
    "B-day": "1992",
    "Flag": "i"
  },
  {
    "ID Number": "11506199",
    "Name": "Mosa.Dawabsheh",
    "Fed": "PLE",
    "Sex": "M",
    "Title": "",
    "WTit": "",
    "OTit": "",
    "FOA": "1729",
    "Rating": "AUG25",
    "Gms": "0",
    "K": "20",
    "B-day": "1989",
    "Flag": "i"
  },
  {
    "ID Number": "11502673",
    "Name": "Mustafa Mahmoud",
    "Fed": "PLE",
    "Sex": "M",
    "Title": "",
    "WTit": "",
    "OTit": "",
    "FOA": "1787",
    "Rating": "AUG25",
    "Gms": "0",
    "K": "20",
    "B-day": "0",
    "Flag": "i"
  },
  {
    "ID Number": "11501979",
    "Name": "Mustafa Zubair, Hammoud",
    "Fed": "PLE",
    "Sex": "M",
    "Title": "",
    "WTit": "",
    "OTit": "",
    "FOA": "1657",
    "Rating": "AUG25",
    "Gms": "0",
    "K": "20",
    "B-day": "0",
    "Flag": "i"
  },
  {
    "ID Number": "11501634",
    "Name": "Mustafa, Humood",
    "Fed": "PLE",
    "Sex": "M",
    "Title": "",
    "WTit": "",
    "OTit": "",
    "FOA": "1918",
    "Rating": "AUG25",
    "Gms": "0",
    "K": "20",
    "B-day": "0",
    "Flag": "i"
  },
  {
    "ID Number": "11502894",
    "Name": "Nabil Hamza",
    "Fed": "PLE",
    "Sex": "M",
    "Title": "",
    "WTit": "",
    "OTit": "",
    "FOA": "1694",
    "Rating": "AUG25",
    "Gms": "0",
    "K": "20",
    "B-day": "1953",
    "Flag": "i"
  },
  {
    "ID Number": "11517735",
    "Name": "Naffaa, Mohammed",
    "Fed": "PLE",
    "Sex": "M",
    "Title": "",
    "WTit": "",
    "OTit": "",
    "FOA": "1633",
    "Rating": "AUG25",
    "Gms": "10",
    "K": "40",
    "B-day": "1998",
    "Flag": ""
  },
  {
    "ID Number": "11503564",
    "Name": "Naser, Layth",
    "Fed": "PLE",
    "Sex": "M",
    "Title": "",
    "WTit": "",
    "OTit": "",
    "FOA": "1812",
    "Rating": "AUG25",
    "Gms": "0",
    "K": "20",
    "B-day": "1997",
    "Flag": "i"
  },
  {
    "ID Number": "11506849",
    "Name": "Naseraldean, Sara",
    "Fed": "PLE",
    "Sex": "F",
    "Title": "",
    "WTit": "NA",
    "OTit": "",
    "FOA": "1529",
    "Rating": "AUG25",
    "Gms": "0",
    "K": "20",
    "B-day": "2003",
    "Flag": "wi"
  },
  {
    "ID Number": "11513004",
    "Name": "Nasereldden, Ebraheem",
    "Fed": "PLE",
    "Sex": "M",
    "Title": "",
    "WTit": "",
    "OTit": "",
    "FOA": "1708",
    "Rating": "AUG25",
    "Gms": "0",
    "K": "20",
    "B-day": "2004",
    "Flag": "i"
  },
  {
    "ID Number": "11517891",
    "Name": "Natsheh, Taima",
    "Fed": "PLE",
    "Sex": "F",
    "Title": "",
    "WTit": "",
    "OTit": "",
    "FOA": "1600",
    "Rating": "AUG25",
    "Gms": "0",
    "K": "40",
    "B-day": "2009",
    "Flag": "wi"
  },
  {
    "ID Number": "11517905",
    "Name": "Natsheh, Tala",
    "Fed": "PLE",
    "Sex": "F",
    "Title": "",
    "WTit": "",
    "OTit": "",
    "FOA": "1699",
    "Rating": "AUG25",
    "Gms": "0",
    "K": "40",
    "B-day": "2010",
    "Flag": "wi"
  },
  {
    "ID Number": "11507748",
    "Name": "Natsheh, Wajd",
    "Fed": "PLE",
    "Sex": "F",
    "Title": "WCM",
    "WTit": "WCM",
    "OTit": "NA",
    "FOA": "1737",
    "Rating": "AUG25",
    "Gms": "0",
    "K": "20",
    "B-day": "2001",
    "Flag": "w"
  },
  {
    "ID Number": "11516208",
    "Name": "Nori, Ashraf",
    "Fed": "PLE",
    "Sex": "M",
    "Title": "",
    "WTit": "",
    "OTit": "",
    "FOA": "1792",
    "Rating": "AUG25",
    "Gms": "0",
    "K": "20",
    "B-day": "2002",
    "Flag": ""
  },
  {
    "ID Number": "11505940",
    "Name": "Obada.Alkhaldi",
    "Fed": "PLE",
    "Sex": "M",
    "Title": "",
    "WTit": "",
    "OTit": "",
    "FOA": "1768",
    "Rating": "AUG25",
    "Gms": "0",
    "K": "20",
    "B-day": "1996",
    "Flag": "i"
  },
  {
    "ID Number": "11524839",
    "Name": "Odah, Moad",
    "Fed": "PLE",
    "Sex": "M",
    "Title": "",
    "WTit": "",
    "OTit": "",
    "FOA": "1626",
    "Rating": "AUG25",
    "Gms": "0",
    "K": "20",
    "B-day": "1993",
    "Flag": ""
  },
  {
    "ID Number": "11505990",
    "Name": "odai Talal khaleel Amarneh",
    "Fed": "PLE",
    "Sex": "M",
    "Title": "",
    "WTit": "",
    "OTit": "",
    "FOA": "1566",
    "Rating": "AUG25",
    "Gms": "0",
    "K": "20",
    "B-day": "1991",
    "Flag": "i"
  },
  {
    "ID Number": "11507330",
    "Name": "Omar Yaeesh",
    "Fed": "PLE",
    "Sex": "M",
    "Title": "",
    "WTit": "",
    "OTit": "",
    "FOA": "1673",
    "Rating": "AUG25",
    "Gms": "0",
    "K": "20",
    "B-day": "2004",
    "Flag": "i"
  },
  {
    "ID Number": "11501782",
    "Name": "Othman, Ahmad",
    "Fed": "PLE",
    "Sex": "M",
    "Title": "",
    "WTit": "",
    "OTit": "",
    "FOA": "1824",
    "Rating": "AUG25",
    "Gms": "0",
    "K": "20",
    "B-day": "0",
    "Flag": "i"
  },
  {
    "ID Number": "11506180",
    "Name": "Othman, Jana",
    "Fed": "PLE",
    "Sex": "F",
    "Title": "",
    "WTit": "",
    "OTit": "",
    "FOA": "1688",
    "Rating": "AUG25",
    "Gms": "0",
    "K": "40",
    "B-day": "2009",
    "Flag": "wi"
  },
  {
    "ID Number": "11503734",
    "Name": "Qabha Tareq",
    "Fed": "PLE",
    "Sex": "M",
    "Title": "",
    "WTit": "",
    "OTit": "",
    "FOA": "1735",
    "Rating": "AUG25",
    "Gms": "0",
    "K": "20",
    "B-day": "1985",
    "Flag": "i"
  },
  {
    "ID Number": "11521830",
    "Name": "Qaddan, Tasnim",
    "Fed": "PLE",
    "Sex": "F",
    "Title": "",
    "WTit": "",
    "OTit": "",
    "FOA": "1614",
    "Rating": "AUG25",
    "Gms": "0",
    "K": "40",
    "B-day": "2008",
    "Flag": "wi"
  },
  {
    "ID Number": "11520655",
    "Name": "Qaisaya, Diaa",
    "Fed": "PLE",
    "Sex": "M",
    "Title": "",
    "WTit": "",
    "OTit": "",
    "FOA": "1771",
    "Rating": "AUG25",
    "Gms": "0",
    "K": "20",
    "B-day": "2000",
    "Flag": ""
  },
  {
    "ID Number": "11505729",
    "Name": "Qasem, Salah",
    "Fed": "PLE",
    "Sex": "M",
    "Title": "",
    "WTit": "",
    "OTit": "",
    "FOA": "1773",
    "Rating": "AUG25",
    "Gms": "0",
    "K": "20",
    "B-day": "2003",
    "Flag": "i"
  },
  {
    "ID Number": "11501677",
    "Name": "Qassis, Fadi",
    "Fed": "PLE",
    "Sex": "M",
    "Title": "",
    "WTit": "FI",
    "OTit": "",
    "FOA": "1852",
    "Rating": "AUG25",
    "Gms": "0",
    "K": "20",
    "B-day": "1974",
    "Flag": "i"
  },
  {
    "ID Number": "11502860",
    "Name": "Qawasma, Shadi",
    "Fed": "PLE",
    "Sex": "M",
    "Title": "",
    "WTit": "",
    "OTit": "",
    "FOA": "1871",
    "Rating": "AUG25",
    "Gms": "0",
    "K": "20",
    "B-day": "1978",
    "Flag": "i"
  },
  {
    "ID Number": "11518383",
    "Name": "Qawasma, Tareq",
    "Fed": "PLE",
    "Sex": "M",
    "Title": "",
    "WTit": "",
    "OTit": "",
    "FOA": "1625",
    "Rating": "AUG25",
    "Gms": "0",
    "K": "40",
    "B-day": "2007",
    "Flag": "i"
  },
  {
    "ID Number": "11512580",
    "Name": "Qawasmeh, Farah",
    "Fed": "PLE",
    "Sex": "F",
    "Title": "",
    "WTit": "",
    "OTit": "",
    "FOA": "1811",
    "Rating": "AUG25",
    "Gms": "0",
    "K": "40",
    "B-day": "2008",
    "Flag": "wi"
  },
  {
    "ID Number": "11507012",
    "Name": "Qawasmeh, Malaak",
    "Fed": "PLE",
    "Sex": "F",
    "Title": "",
    "WTit": "",
    "OTit": "",
    "FOA": "1848",
    "Rating": "AUG25",
    "Gms": "0",
    "K": "20",
    "B-day": "2000",
    "Flag": "wi"
  },
  {
    "ID Number": "11507020",
    "Name": "Qawasmeh, Malak",
    "Fed": "PLE",
    "Sex": "F",
    "Title": "",
    "WTit": "",
    "OTit": "",
    "FOA": "1819",
    "Rating": "AUG25",
    "Gms": "0",
    "K": "20",
    "B-day": "2004",
    "Flag": "wi"
  },
  {
    "ID Number": "11502762",
    "Name": "Qawzah Mahmoud",
    "Fed": "PLE",
    "Sex": "M",
    "Title": "",
    "WTit": "",
    "OTit": "",
    "FOA": "1708",
    "Rating": "AUG25",
    "Gms": "0",
    "K": "20",
    "B-day": "1991",
    "Flag": "i"
  },
  {
    "ID Number": "11508663",
    "Name": "Qayseyeh, Saied",
    "Fed": "PLE",
    "Sex": "M",
    "Title": "",
    "WTit": "",
    "OTit": "",
    "FOA": "1758",
    "Rating": "AUG25",
    "Gms": "0",
    "K": "20",
    "B-day": "1995",
    "Flag": "i"
  },
  {
    "ID Number": "11503580",
    "Name": "Qaysiyah hani",
    "Fed": "PLE",
    "Sex": "M",
    "Title": "",
    "WTit": "",
    "OTit": "",
    "FOA": "1848",
    "Rating": "AUG25",
    "Gms": "0",
    "K": "20",
    "B-day": "1980",
    "Flag": "i"
  },
  {
    "ID Number": "11502550",
    "Name": "Radad, Noureldin",
    "Fed": "PLE",
    "Sex": "M",
    "Title": "",
    "WTit": "",
    "OTit": "",
    "FOA": "1758",
    "Rating": "AUG25",
    "Gms": "0",
    "K": "20",
    "B-day": "1990",
    "Flag": "i"
  },
  {
    "ID Number": "11513110",
    "Name": "Radwan, Mahmoud J",
    "Fed": "PLE",
    "Sex": "M",
    "Title": "",
    "WTit": "",
    "OTit": "",
    "FOA": "1794",
    "Rating": "AUG25",
    "Gms": "0",
    "K": "20",
    "B-day": "2003",
    "Flag": ""
  },
  {
    "ID Number": "11502088",
    "Name": "Raed,Al Safadi",
    "Fed": "PLE",
    "Sex": "M",
    "Title": "",
    "WTit": "",
    "OTit": "",
    "FOA": "1768",
    "Rating": "AUG25",
    "Gms": "0",
    "K": "20",
    "B-day": "0",
    "Flag": "i"
  },
  {
    "ID Number": "11507640",
    "Name": "Raid Toom",
    "Fed": "PLE",
    "Sex": "M",
    "Title": "",
    "WTit": "",
    "OTit": "",
    "FOA": "1731",
    "Rating": "AUG25",
    "Gms": "0",
    "K": "20",
    "B-day": "1970",
    "Flag": "i"
  },
  {
    "ID Number": "11512270",
    "Name": "Ramadan, Majd",
    "Fed": "PLE",
    "Sex": "M",
    "Title": "",
    "WTit": "",
    "OTit": "",
    "FOA": "1456",
    "Rating": "AUG25",
    "Gms": "0",
    "K": "40",
    "B-day": "2010",
    "Flag": "i"
  },
  {
    "ID Number": "11516216",
    "Name": "Rashed, Basel",
    "Fed": "PLE",
    "Sex": "M",
    "Title": "",
    "WTit": "",
    "OTit": "",
    "FOA": "1696",
    "Rating": "AUG25",
    "Gms": "0",
    "K": "40",
    "B-day": "2010",
    "Flag": "i"
  },
  {
    "ID Number": "11514795",
    "Name": "Rashed, Hasan Mamoun",
    "Fed": "PLE",
    "Sex": "M",
    "Title": "",
    "WTit": "",
    "OTit": "",
    "FOA": "1898",
    "Rating": "AUG25",
    "Gms": "0",
    "K": "20",
    "B-day": "2005",
    "Flag": "i"
  },
  {
    "ID Number": "11518367",
    "Name": "Rasheed, Mohammed",
    "Fed": "PLE",
    "Sex": "M",
    "Title": "",
    "WTit": "",
    "OTit": "",
    "FOA": "1691",
    "Rating": "AUG25",
    "Gms": "0",
    "K": "20",
    "B-day": "2001",
    "Flag": "i"
  },
  {
    "ID Number": "11505524",
    "Name": "Reda m.abu shakha",
    "Fed": "PLE",
    "Sex": "M",
    "Title": "",
    "WTit": "",
    "OTit": "",
    "FOA": "1709",
    "Rating": "AUG25",
    "Gms": "0",
    "K": "20",
    "B-day": "1998",
    "Flag": "i"
  },
  {
    "ID Number": "11518642",
    "Name": "Rezeq, Mohammed",
    "Fed": "PLE",
    "Sex": "M",
    "Title": "",
    "WTit": "",
    "OTit": "",
    "FOA": "1768",
    "Rating": "AUG25",
    "Gms": "0",
    "K": "20",
    "B-day": "1995",
    "Flag": "i"
  },
  {
    "ID Number": "11524928",
    "Name": "Saed, Basel",
    "Fed": "PLE",
    "Sex": "M",
    "Title": "",
    "WTit": "",
    "OTit": "",
    "FOA": "1723",
    "Rating": "AUG25",
    "Gms": "0",
    "K": "20",
    "B-day": "1999",
    "Flag": ""
  },
  {
    "ID Number": "11511419",
    "Name": "Safeya, Zakareya",
    "Fed": "PLE",
    "Sex": "M",
    "Title": "",
    "WTit": "",
    "OTit": "",
    "FOA": "1936",
    "Rating": "AUG25",
    "Gms": "0",
    "K": "20",
    "B-day": "1992",
    "Flag": "i"
  },
  {
    "ID Number": "11524286",
    "Name": "Safi, Ahmad",
    "Fed": "PLE",
    "Sex": "M",
    "Title": "",
    "WTit": "",
    "OTit": "",
    "FOA": "1538",
    "Rating": "AUG25",
    "Gms": "0",
    "K": "20",
    "B-day": "1996",
    "Flag": "i"
  },
  {
    "ID Number": "11500166",
    "Name": "Said, Khaled",
    "Fed": "PLE",
    "Sex": "M",
    "Title": "",
    "WTit": "FI",
    "OTit": "",
    "FOA": "1809",
    "Rating": "AUG25",
    "Gms": "0",
    "K": "20",
    "B-day": "1971",
    "Flag": "i"
  },
  {
    "ID Number": "11501790",
    "Name": "Said, Riad",
    "Fed": "PLE",
    "Sex": "M",
    "Title": "",
    "WTit": "",
    "OTit": "",
    "FOA": "1878",
    "Rating": "AUG25",
    "Gms": "0",
    "K": "20",
    "B-day": "0",
    "Flag": "i"
  },
  {
    "ID Number": "11507080",
    "Name": "Saif.Halabiyeh",
    "Fed": "PLE",
    "Sex": "M",
    "Title": "",
    "WTit": "",
    "OTit": "",
    "FOA": "1642",
    "Rating": "AUG25",
    "Gms": "0",
    "K": "20",
    "B-day": "1999",
    "Flag": "i"
  },
  {
    "ID Number": "11520507",
    "Name": "Salah, Jafar",
    "Fed": "PLE",
    "Sex": "M",
    "Title": "",
    "WTit": "",
    "OTit": "",
    "FOA": "1797",
    "Rating": "AUG25",
    "Gms": "0",
    "K": "20",
    "B-day": "2006",
    "Flag": ""
  },
  {
    "ID Number": "11502231",
    "Name": "Salama Taher",
    "Fed": "PLE",
    "Sex": "M",
    "Title": "",
    "WTit": "",
    "OTit": "",
    "FOA": "1902",
    "Rating": "AUG25",
    "Gms": "0",
    "K": "20",
    "B-day": "1990",
    "Flag": ""
  },
  {
    "ID Number": "11511842",
    "Name": "Salama,  Abdullah",
    "Fed": "PLE",
    "Sex": "M",
    "Title": "",
    "WTit": "",
    "OTit": "",
    "FOA": "1798",
    "Rating": "AUG25",
    "Gms": "0",
    "K": "20",
    "B-day": "1997",
    "Flag": "i"
  },
  {
    "ID Number": "11524855",
    "Name": "Salama, Adham",
    "Fed": "PLE",
    "Sex": "M",
    "Title": "",
    "WTit": "",
    "OTit": "",
    "FOA": "1722",
    "Rating": "AUG25",
    "Gms": "0",
    "K": "20",
    "B-day": "1987",
    "Flag": ""
  },
  {
    "ID Number": "11513985",
    "Name": "Salameh, Kamal",
    "Fed": "PLE",
    "Sex": "M",
    "Title": "",
    "WTit": "",
    "OTit": "",
    "FOA": "1754",
    "Rating": "AUG25",
    "Gms": "0",
    "K": "20",
    "B-day": "1972",
    "Flag": "i"
  },
  {
    "ID Number": "11504196",
    "Name": "Salameh, Samer",
    "Fed": "PLE",
    "Sex": "M",
    "Title": "",
    "WTit": "",
    "OTit": "",
    "FOA": "1853",
    "Rating": "AUG25",
    "Gms": "0",
    "K": "20",
    "B-day": "1993",
    "Flag": ""
  },
  {
    "ID Number": "11507578",
    "Name": "Salaymeh, Moutaz",
    "Fed": "PLE",
    "Sex": "M",
    "Title": "",
    "WTit": "",
    "OTit": "",
    "FOA": "1728",
    "Rating": "AUG25",
    "Gms": "0",
    "K": "40",
    "B-day": "2007",
    "Flag": "i"
  },
  {
    "ID Number": "11500085",
    "Name": "Salem, Ihab",
    "Fed": "PLE",
    "Sex": "M",
    "Title": "",
    "WTit": "",
    "OTit": "",
    "FOA": "1993",
    "Rating": "AUG25",
    "Gms": "0",
    "K": "20",
    "B-day": "1973",
    "Flag": "i"
  },
  {
    "ID Number": "11518600",
    "Name": "Salhab, Abdallah",
    "Fed": "PLE",
    "Sex": "M",
    "Title": "",
    "WTit": "",
    "OTit": "",
    "FOA": "1779",
    "Rating": "AUG25",
    "Gms": "0",
    "K": "20",
    "B-day": "1999",
    "Flag": "i"
  },
  {
    "ID Number": "11513071",
    "Name": "Salman, Tareq",
    "Fed": "PLE",
    "Sex": "M",
    "Title": "",
    "WTit": "",
    "OTit": "",
    "FOA": "1625",
    "Rating": "AUG25",
    "Gms": "0",
    "K": "20",
    "B-day": "1996",
    "Flag": "i"
  },
  {
    "ID Number": "11506482",
    "Name": "salman.shareef",
    "Fed": "PLE",
    "Sex": "M",
    "Title": "",
    "WTit": "",
    "OTit": "",
    "FOA": "1780",
    "Rating": "AUG25",
    "Gms": "0",
    "K": "20",
    "B-day": "1990",
    "Flag": "i"
  },
  {
    "ID Number": "11504200",
    "Name": "Samarah, Majed",
    "Fed": "PLE",
    "Sex": "M",
    "Title": "",
    "WTit": "",
    "OTit": "",
    "FOA": "1783",
    "Rating": "AUG25",
    "Gms": "0",
    "K": "20",
    "B-day": "1969",
    "Flag": "i"
  },
  {
    "ID Number": "11504340",
    "Name": "Sameh, Dawabsheh",
    "Fed": "PLE",
    "Sex": "M",
    "Title": "",
    "WTit": "",
    "OTit": "",
    "FOA": "1741",
    "Rating": "AUG25",
    "Gms": "0",
    "K": "20",
    "B-day": "1985",
    "Flag": "i"
  },
  {
    "ID Number": "11505869",
    "Name": "Sami.Dweakat",
    "Fed": "PLE",
    "Sex": "M",
    "Title": "",
    "WTit": "",
    "OTit": "",
    "FOA": "1702",
    "Rating": "AUG25",
    "Gms": "0",
    "K": "20",
    "B-day": "1977",
    "Flag": "i"
  },
  {
    "ID Number": "11502240",
    "Name": "Samoude, Ahmad",
    "Fed": "PLE",
    "Sex": "M",
    "Title": "",
    "WTit": "",
    "OTit": "",
    "FOA": "1668",
    "Rating": "AUG25",
    "Gms": "0",
    "K": "20",
    "B-day": "1981",
    "Flag": "i"
  },
  {
    "ID Number": "11511729",
    "Name": "Sawan, Eman",
    "Fed": "PLE",
    "Sex": "F",
    "Title": "WFM",
    "WTit": "WFM",
    "OTit": "NI",
    "FOA": "1983",
    "Rating": "AUG25",
    "Gms": "0",
    "K": "40",
    "B-day": "2007",
    "Flag": "w"
  },
  {
    "ID Number": "11523026",
    "Name": "Sbaih , Yaseen",
    "Fed": "PLE",
    "Sex": "M",
    "Title": "",
    "WTit": "",
    "OTit": "",
    "FOA": "1658",
    "Rating": "AUG25",
    "Gms": "0",
    "K": "40",
    "B-day": "2007",
    "Flag": ""
  },
  {
    "ID Number": "11505567",
    "Name": "Seder, Mohammed",
    "Fed": "PLE",
    "Sex": "M",
    "Title": "FM",
    "WTit": "",
    "OTit": "",
    "FOA": "2005",
    "Rating": "AUG25",
    "Gms": "0",
    "K": "40",
    "B-day": "2009",
    "Flag": "i"
  },
  {
    "ID Number": "11511257",
    "Name": "Seder, Motaz",
    "Fed": "PLE",
    "Sex": "M",
    "Title": "",
    "WTit": "",
    "OTit": "",
    "FOA": "1829",
    "Rating": "AUG25",
    "Gms": "0",
    "K": "40",
    "B-day": "2011",
    "Flag": "i"
  },
  {
    "ID Number": "11503459",
    "Name": "Seder, Naji",
    "Fed": "PLE",
    "Sex": "M",
    "Title": "",
    "WTit": "FI,FA",
    "OTit": "",
    "FOA": "1896",
    "Rating": "AUG25",
    "Gms": "0",
    "K": "20",
    "B-day": "1979",
    "Flag": "i"
  },
  {
    "ID Number": "11512474",
    "Name": "Seder, Randa",
    "Fed": "PLE",
    "Sex": "F",
    "Title": "",
    "WTit": "",
    "OTit": "",
    "FOA": "1674",
    "Rating": "AUG25",
    "Gms": "0",
    "K": "40",
    "B-day": "2014",
    "Flag": "wi"
  },
  {
    "ID Number": "11522429",
    "Name": "Shabaneh, Abdallah",
    "Fed": "PLE",
    "Sex": "M",
    "Title": "",
    "WTit": "",
    "OTit": "",
    "FOA": "1772",
    "Rating": "AUG25",
    "Gms": "0",
    "K": "20",
    "B-day": "1979",
    "Flag": "i"
  },
  {
    "ID Number": "11502371",
    "Name": "Shaded Fouad",
    "Fed": "PLE",
    "Sex": "M",
    "Title": "",
    "WTit": "",
    "OTit": "",
    "FOA": "1725",
    "Rating": "AUG25",
    "Gms": "0",
    "K": "20",
    "B-day": "0",
    "Flag": "i"
  },
  {
    "ID Number": "11502436",
    "Name": "Shaheen, Mays",
    "Fed": "PLE",
    "Sex": "F",
    "Title": "",
    "WTit": "NI",
    "OTit": "",
    "FOA": "1614",
    "Rating": "AUG25",
    "Gms": "0",
    "K": "20",
    "B-day": "2003",
    "Flag": "wi"
  },
  {
    "ID Number": "11503572",
    "Name": "Shahrawy, Younis",
    "Fed": "PLE",
    "Sex": "M",
    "Title": "",
    "WTit": "",
    "OTit": "",
    "FOA": "1796",
    "Rating": "AUG25",
    "Gms": "0",
    "K": "20",
    "B-day": "1980",
    "Flag": "i"
  },
  {
    "ID Number": "11511397",
    "Name": "Sharaf, Khaleel",
    "Fed": "PLE",
    "Sex": "M",
    "Title": "",
    "WTit": "",
    "OTit": "",
    "FOA": "1900",
    "Rating": "AUG25",
    "Gms": "0",
    "K": "20",
    "B-day": "1998",
    "Flag": "i"
  },
  {
    "ID Number": "11501448",
    "Name": "Sharif, Salem",
    "Fed": "PLE",
    "Sex": "M",
    "Title": "",
    "WTit": "NA",
    "OTit": "",
    "FOA": "1863",
    "Rating": "AUG25",
    "Gms": "0",
    "K": "20",
    "B-day": "1970",
    "Flag": "i"
  },
  {
    "ID Number": "11503556",
    "Name": "Shawabke, Ziyad",
    "Fed": "PLE",
    "Sex": "M",
    "Title": "",
    "WTit": "",
    "OTit": "",
    "FOA": "1845",
    "Rating": "AUG25",
    "Gms": "0",
    "K": "20",
    "B-day": "1990",
    "Flag": "i"
  },
  {
    "ID Number": "11501812",
    "Name": "Shbaita, Uqba",
    "Fed": "PLE",
    "Sex": "M",
    "Title": "",
    "WTit": "",
    "OTit": "",
    "FOA": "1931",
    "Rating": "AUG25",
    "Gms": "0",
    "K": "20",
    "B-day": "1982",
    "Flag": "i"
  },
  {
    "ID Number": "11500336",
    "Name": "Shobaita, Ahmed",
    "Fed": "PLE",
    "Sex": "M",
    "Title": "CM",
    "WTit": "",
    "OTit": "",
    "FOA": "1990",
    "Rating": "AUG25",
    "Gms": "0",
    "K": "20",
    "B-day": "1983",
    "Flag": "i"
  },
  {
    "ID Number": "11500786",
    "Name": "Shobaita, Talal",
    "Fed": "PLE",
    "Sex": "M",
    "Title": "",
    "WTit": "",
    "OTit": "",
    "FOA": "2099",
    "Rating": "AUG25",
    "Gms": "0",
    "K": "20",
    "B-day": "1986",
    "Flag": "i"
  },
  {
    "ID Number": "11505540",
    "Name": "shqair.ameer",
    "Fed": "PLE",
    "Sex": "M",
    "Title": "",
    "WTit": "",
    "OTit": "",
    "FOA": "1509",
    "Rating": "AUG25",
    "Gms": "0",
    "K": "20",
    "B-day": "1963",
    "Flag": "i"
  },
  {
    "ID Number": "11500093",
    "Name": "Siouri, Kamal",
    "Fed": "PLE",
    "Sex": "M",
    "Title": "",
    "WTit": "",
    "OTit": "",
    "FOA": "1797",
    "Rating": "AUG25",
    "Gms": "0",
    "K": "20",
    "B-day": "0",
    "Flag": "i"
  },
  {
    "ID Number": "11518707",
    "Name": "Skaik, Mohammed",
    "Fed": "PLE",
    "Sex": "M",
    "Title": "",
    "WTit": "",
    "OTit": "",
    "FOA": "1626",
    "Rating": "AUG25",
    "Gms": "0",
    "K": "40",
    "B-day": "2014",
    "Flag": ""
  },
  {
    "ID Number": "11203633",
    "Name": "Skaik, Nabil",
    "Fed": "PLE",
    "Sex": "M",
    "Title": "",
    "WTit": "",
    "OTit": "",
    "FOA": "1591",
    "Rating": "AUG25",
    "Gms": "0",
    "K": "20",
    "B-day": "1977",
    "Flag": "i"
  },
  {
    "ID Number": "11502150",
    "Name": "Snoper,Rafat",
    "Fed": "PLE",
    "Sex": "M",
    "Title": "",
    "WTit": "",
    "OTit": "",
    "FOA": "1852",
    "Rating": "AUG25",
    "Gms": "0",
    "K": "20",
    "B-day": "1978",
    "Flag": ""
  },
  {
    "ID Number": "11514957",
    "Name": "Sunoqrot, Moath",
    "Fed": "PLE",
    "Sex": "M",
    "Title": "",
    "WTit": "",
    "OTit": "",
    "FOA": "AFM",
    "Rating": "AUG25",
    "Gms": "1783",
    "K": "0",
    "B-day": "1994",
    "Flag": "i"
  },
  {
    "ID Number": "11522623",
    "Name": "Taleeb, Zaid",
    "Fed": "PLE",
    "Sex": "M",
    "Title": "",
    "WTit": "",
    "OTit": "",
    "FOA": "1593",
    "Rating": "AUG25",
    "Gms": "0",
    "K": "20",
    "B-day": "2005",
    "Flag": ""
  },
  {
    "ID Number": "11512865",
    "Name": "Tamimi, Bashar",
    "Fed": "PLE",
    "Sex": "M",
    "Title": "",
    "WTit": "",
    "OTit": "",
    "FOA": "1677",
    "Rating": "AUG25",
    "Gms": "0",
    "K": "40",
    "B-day": "2010",
    "Flag": "i"
  },
  {
    "ID Number": "11510862",
    "Name": "Tamimi, Nadeem",
    "Fed": "PLE",
    "Sex": "M",
    "Title": "",
    "WTit": "",
    "OTit": "",
    "FOA": "1607",
    "Rating": "AUG25",
    "Gms": "0",
    "K": "20",
    "B-day": "1974",
    "Flag": "i"
  },
  {
    "ID Number": "11500255",
    "Name": "Tamra, Attallah",
    "Fed": "PLE",
    "Sex": "M",
    "Title": "FM",
    "WTit": "",
    "OTit": "",
    "FOA": "1962",
    "Rating": "AUG25",
    "Gms": "0",
    "K": "20",
    "B-day": "1960",
    "Flag": ""
  },
  {
    "ID Number": "11512334",
    "Name": "Taqatqa, Fadi",
    "Fed": "PLE",
    "Sex": "M",
    "Title": "",
    "WTit": "",
    "OTit": "",
    "FOA": "1783",
    "Rating": "AUG25",
    "Gms": "0",
    "K": "20",
    "B-day": "1983",
    "Flag": ""
  },
  {
    "ID Number": "11512040",
    "Name": "Tareq , Dawik",
    "Fed": "PLE",
    "Sex": "M",
    "Title": "",
    "WTit": "",
    "OTit": "",
    "FOA": "1636",
    "Rating": "AUG25",
    "Gms": "0",
    "K": "20",
    "B-day": "1992",
    "Flag": ""
  },
  {
    "ID Number": "11505095",
    "Name": "Toom,Malek",
    "Fed": "PLE",
    "Sex": "M",
    "Title": "",
    "WTit": "",
    "OTit": "",
    "FOA": "1716",
    "Rating": "AUG25",
    "Gms": "0",
    "K": "20",
    "B-day": "1997",
    "Flag": "i"
  },
  {
    "ID Number": "11504986",
    "Name": "Toom,Moaath",
    "Fed": "PLE",
    "Sex": "M",
    "Title": "",
    "WTit": "",
    "OTit": "",
    "FOA": "1878",
    "Rating": "AUG25",
    "Gms": "0",
    "K": "20",
    "B-day": "2000",
    "Flag": "i"
  },
  {
    "ID Number": "11504951",
    "Name": "Toom,Omar",
    "Fed": "PLE",
    "Sex": "M",
    "Title": "",
    "WTit": "",
    "OTit": "",
    "FOA": "1953",
    "Rating": "AUG25",
    "Gms": "0",
    "K": "20",
    "B-day": "2003",
    "Flag": "i"
  },
  {
    "ID Number": "11504960",
    "Name": "Toom,Qais",
    "Fed": "PLE",
    "Sex": "M",
    "Title": "",
    "WTit": "",
    "OTit": "",
    "FOA": "1743",
    "Rating": "AUG25",
    "Gms": "0",
    "K": "20",
    "B-day": "1998",
    "Flag": "i"
  },
  {
    "ID Number": "11502169",
    "Name": "Wady,Mayser",
    "Fed": "PLE",
    "Sex": "M",
    "Title": "",
    "WTit": "",
    "OTit": "",
    "FOA": "1780",
    "Rating": "AUG25",
    "Gms": "0",
    "K": "20",
    "B-day": "1972",
    "Flag": "i"
  },
  {
    "ID Number": "11502835",
    "Name": "Waheed Basheer",
    "Fed": "PLE",
    "Sex": "M",
    "Title": "",
    "WTit": "",
    "OTit": "",
    "FOA": "1720",
    "Rating": "AUG25",
    "Gms": "0",
    "K": "20",
    "B-day": "0",
    "Flag": "i"
  },
  {
    "ID Number": "11500131",
    "Name": "Wajdy, Shebetah",
    "Fed": "PLE",
    "Sex": "M",
    "Title": "",
    "WTit": "",
    "OTit": "",
    "FOA": "1967",
    "Rating": "AUG25",
    "Gms": "0",
    "K": "20",
    "B-day": "1978",
    "Flag": "i"
  },
  {
    "ID Number": "11502398",
    "Name": "Wazwaz, Amjad",
    "Fed": "PLE",
    "Sex": "M",
    "Title": "",
    "WTit": "",
    "OTit": "",
    "FOA": "1941",
    "Rating": "AUG25",
    "Gms": "0",
    "K": "20",
    "B-day": "1990",
    "Flag": "i"
  },
  {
    "ID Number": "11502711",
    "Name": "Yaaesh Arafat",
    "Fed": "PLE",
    "Sex": "M",
    "Title": "",
    "WTit": "",
    "OTit": "",
    "FOA": "1821",
    "Rating": "AUG25",
    "Gms": "0",
    "K": "20",
    "B-day": "0",
    "Flag": "i"
  },
  {
    "ID Number": "11504358",
    "Name": "Yadak, Abed Rahman",
    "Fed": "PLE",
    "Sex": "M",
    "Title": "",
    "WTit": "",
    "OTit": "",
    "FOA": "1784",
    "Rating": "AUG25",
    "Gms": "0",
    "K": "20",
    "B-day": "1960",
    "Flag": "i"
  },
  {
    "ID Number": "11506458",
    "Name": "Yadak, Husam",
    "Fed": "PLE",
    "Sex": "M",
    "Title": "",
    "WTit": "",
    "OTit": "",
    "FOA": "1650",
    "Rating": "AUG25",
    "Gms": "0",
    "K": "20",
    "B-day": "1967",
    "Flag": "i"
  },
  {
    "ID Number": "11502185",
    "Name": "Yaeesh,Jehad",
    "Fed": "PLE",
    "Sex": "M",
    "Title": "",
    "WTit": "",
    "OTit": "",
    "FOA": "1783",
    "Rating": "AUG25",
    "Gms": "0",
    "K": "20",
    "B-day": "1972",
    "Flag": "i"
  },
  {
    "ID Number": "11505931",
    "Name": "Yazed.Iyad",
    "Fed": "PLE",
    "Sex": "M",
    "Title": "",
    "WTit": "",
    "OTit": "",
    "FOA": "1690",
    "Rating": "AUG25",
    "Gms": "0",
    "K": "20",
    "B-day": "2002",
    "Flag": "i"
  },
  {
    "ID Number": "11522259",
    "Name": "Zaid, MohammadAli",
    "Fed": "PLE",
    "Sex": "M",
    "Title": "",
    "WTit": "",
    "OTit": "",
    "FOA": "1716",
    "Rating": "AUG25",
    "Gms": "0",
    "K": "20",
    "B-day": "2002",
    "Flag": ""
  },
  {
    "ID Number": "11507683",
    "Name": "Zalloum, Sara",
    "Fed": "PLE",
    "Sex": "F",
    "Title": "",
    "WTit": "",
    "OTit": "",
    "FOA": "1875",
    "Rating": "AUG25",
    "Gms": "0",
    "K": "20",
    "B-day": "2006",
    "Flag": "wi"
  },
  {
    "ID Number": "11511834",
    "Name": "Ziyad Wakhiri",
    "Fed": "PLE",
    "Sex": "M",
    "Title": "",
    "WTit": "",
    "OTit": "",
    "FOA": "AFM",
    "Rating": "AUG25",
    "Gms": "1656",
    "K": "8",
    "B-day": "1997",
    "Flag": ""
  }
]