[
  {
    "ID Number": "12202339"
  },
  {
    "ID Number": "12208418"
  },
  {
    "ID Number": "12207322"
  },
  {
    "ID Number": "12203076"
  },
  {
    "ID Number": "12204692"
  },
  {
    "ID Number": "12204676"
  },
  {
    "ID Number": "12205036"
  },
  {
    "ID Number": "12207012"
  },
  {
    "ID Number": "12204781"
  },
  {
    "ID Number": "12204455"
  },
  {
    "ID Number": "12215422"
  },
  {
    "ID Number": "12203866"
  },
  {
    "ID Number": "12208108"
  },
  {
    "ID Number": "12202576"
  },
  {
    "ID Number": "12211923"
  },
  {
    "ID Number": "12202460"
  },
  {
    "ID Number": "12210498"
  },
  {
    "ID Number": "12208604"
  },
  {
    "ID Number": "12215635"
  },
  {
    "ID Number": "12206113"
  },
  {
    "ID Number": "12207586"
  },
  {
    "ID Number": "12209341"
  },
  {
    "ID Number": "12200050"
  },
  {
    "ID Number": "12200859"
  },
  {
    "ID Number": "12200093"
  },
  {
    "ID Number": "12210676"
  },
  {
    "ID Number": "12207780"
  },
  {
    "ID Number": "12208779"
  },
  {
    "ID Number": "12200891"
  },
  {
    "ID Number": "12206229"
  },
  {
    "ID Number": "12200352"
  },
  {
    "ID Number": "12200875"
  },
  {
    "ID Number": "12206997"
  },
  {
    "ID Number": "12211133"
  },
  {
    "ID Number": "12201723"
  },
  {
    "ID Number": "12202568"
  },
  {
    "ID Number": "12203874"
  },
  {
    "ID Number": "12208426"
  },
  {
    "ID Number": "12204773"
  },
  {
    "ID Number": "12207403"
  },
  {
    "ID Number": "12206571"
  },
  {
    "ID Number": "12201715"
  },
  {
    "ID Number": "12201693"
  },
  {
    "ID Number": "12202169"
  },
  {
    "ID Number": "12203165"
  },
  {
    "ID Number": "12211141"
  },
  {
    "ID Number": "12205303"
  },
  {
    "ID Number": "12203491"
  },
  {
    "ID Number": "12210765"
  },
  {
    "ID Number": "12205150"
  },
  {
    "ID Number": "12200590"
  },
  {
    "ID Number": "12201588"
  },
  {
    "ID Number": "12200328"
  },
  {
    "ID Number": "12204684"
  },
  {
    "ID Number": "12202550"
  },
  {
    "ID Number": "12206580"
  },
  {
    "ID Number": "12211362"
  },
  {
    "ID Number": "12209589"
  },
  {
    "ID Number": "12210200"
  },
  {
    "ID Number": "12210889"
  },
  {
    "ID Number": "12202924"
  },
  {
    "ID Number": "12200654"
  },
  {
    "ID Number": "12203882"
  },
  {
    "ID Number": "12203912"
  },
  {
    "ID Number": "12203238"
  },
  {
    "ID Number": "12207357"
  },
  {
    "ID Number": "12200999"
  },
  {
    "ID Number": "12211117"
  },
  {
    "ID Number": "12211079"
  },
  {
    "ID Number": "12207225"
  },
  {
    "ID Number": "12207756"
  },
  {
    "ID Number": "12208612"
  },
  {
    "ID Number": "12201871"
  },
  {
    "ID Number": "12207748"
  },
  {
    "ID Number": "12206598"
  },
  {
    "ID Number": "12203947"
  },
  {
    "ID Number": "12200123"
  },
  {
    "ID Number": "12212008"
  },
  {
    "ID Number": "12207314"
  },
  {
    "ID Number": "12202061"
  },
  {
    "ID Number": "12201103"
  },
  {
    "ID Number": "12210803"
  },
  {
    "ID Number": "12204595"
  },
  {
    "ID Number": "12211877"
  },
  {
    "ID Number": "12200719"
  },
  {
    "ID Number": "12201804"
  },
  {
    "ID Number": "12202070"
  },
  {
    "ID Number": "12202525"
  },
  {
    "ID Number": "12211990"
  },
  {
    "ID Number": "12204340"
  },
  {
    "ID Number": "12208132"
  },
  {
    "ID Number": "12206270"
  },
  {
    "ID Number": "12201790"
  },
  {
    "ID Number": "12208663"
  },
  {
    "ID Number": "12203572"
  },
  {
    "ID Number": "12201170"
  },
  {
    "ID Number": "12206288"
  },
  {
    "ID Number": "12206849"
  },
  {
    "ID Number": "12201561"
  },
  {
    "ID Number": "12202770"
  },
  {
    "ID Number": "12207608"
  },
  {
    "ID Number": "12210560"
  },
  {
    "ID Number": "12200549"
  },
  {
    "ID Number": "12203580"
  },
  {
    "ID Number": "12204145"
  },
  {
    "ID Number": "12205117"
  },
  {
    "ID Number": "12216623"
  },
  {
    "ID Number": "12213730"
  },
  {
    "ID Number": "12208140"
  },
  {
    "ID Number": "12212032"
  },
  {
    "ID Number": "12204579"
  },
  {
    "ID Number": "12213705"
  },
  {
    "ID Number": "12215570"
  },
  {
    "ID Number": "12207721"
  },
  {
    "ID Number": "12203270"
  },
  {
    "ID Number": "12205109"
  },
  {
    "ID Number": "12200727"
  },
  {
    "ID Number": "12204250"
  },
  {
    "ID Number": "12211460"
  },
  {
    "ID Number": "12203599"
  },
  {
    "ID Number": "12210773"
  },
  {
    "ID Number": "12204757"
  },
  {
    "ID Number": "12203289"
  },
  {
    "ID Number": "12203181"
  },
  {
    "ID Number": "12205338"
  },
  {
    "ID Number": "12213918"
  },
  {
    "ID Number": "12203971"
  },
  {
    "ID Number": "12201596"
  },
  {
    "ID Number": "12201448"
  },
  {
    "ID Number": "12200239"
  },
  {
    "ID Number": "12201278"
  },
  {
    "ID Number": "12206300"
  },
  {
    "ID Number": "12206318"
  },
  {
    "ID Number": "12200883"
  },
  {
    "ID Number": "12205524"
  },
  {
    "ID Number": "12212164"
  },
  {
    "ID Number": "12201987"
  },
  {
    "ID Number": "12205010"
  },
  {
    "ID Number": "12200190"
  },
  {
    "ID Number": "12200913"
  },
  {
    "ID Number": "12203297"
  },
  {
    "ID Number": "12205621"
  },
  {
    "ID Number": "12201758"
  },
  {
    "ID Number": "12203300"
  },
  {
    "ID Number": "12200204"
  },
  {
    "ID Number": "12206334"
  },
  {
    "ID Number": "12207438"
  },
  {
    "ID Number": "12205729"
  },
  {
    "ID Number": "738794"
  },
  {
    "ID Number": "12200310"
  },
  {
    "ID Number": "12201421"
  },
  {
    "ID Number": "12200840"
  },
  {
    "ID Number": "12208159"
  },
  {
    "ID Number": "12204889"
  },
  {
    "ID Number": "12206342"
  },
  {
    "ID Number": "12210641"
  },
  {
    "ID Number": "12205273"
  },
  {
    "ID Number": "12205583"
  },
  {
    "ID Number": "12209031"
  },
  {
    "ID Number": "12205346"
  },
  {
    "ID Number": "12205567"
  },
  {
    "ID Number": "12205630"
  },
  {
    "ID Number": "12200700"
  },
  {
    "ID Number": "12206806"
  },
  {
    "ID Number": "12202371"
  },
  {
    "ID Number": "12207551"
  },
  {
    "ID Number": "12206032"
  },
  {
    "ID Number": "12203319"
  },
  {
    "ID Number": "12202215"
  },
  {
    "ID Number": "12210943"
  },
  {
    "ID Number": "12202380"
  },
  {
    "ID Number": "12204790"
  },
  {
    "ID Number": "12201006"
  },
  {
    "ID Number": "12211400"
  },
  {
    "ID Number": "12200034"
  },
  {
    "ID Number": "12200042"
  },
  {
    "ID Number": "12206610"
  },
  {
    "ID Number": "12200948"
  },
  {
    "ID Number": "12201839"
  },
  {
    "ID Number": "12210650"
  },
  {
    "ID Number": "12210544"
  },
  {
    "ID Number": "12211087"
  },
  {
    "ID Number": "12211370"
  },
  {
    "ID Number": "12204978"
  },
  {
    "ID Number": "12212016"
  },
  {
    "ID Number": "12201685"
  },
  {
    "ID Number": "12204501"
  },
  {
    "ID Number": "12202614"
  },
  {
    "ID Number": "12210153"
  },
  {
    "ID Number": "12200573"
  },
  {
    "ID Number": "12206628"
  },
  {
    "ID Number": "12200492"
  },
  {
    "ID Number": "12202355"
  },
  {
    "ID Number": "12208167"
  },
  {
    "ID Number": "12204668"
  },
  {
    "ID Number": "12205257"
  },
  {
    "ID Number": "12210480"
  },
  {
    "ID Number": "12205192"
  },
  {
    "ID Number": "12205591"
  },
  {
    "ID Number": "12201731"
  },
  {
    "ID Number": "12208175"
  },
  {
    "ID Number": "12211397"
  },
  {
    "ID Number": "12203327"
  },
  {
    "ID Number": "12209139"
  },
  {
    "ID Number": "12202584"
  },
  {
    "ID Number": "12205648"
  },
  {
    "ID Number": "12212903"
  },
  {
    "ID Number": "12206385"
  },
  {
    "ID Number": "12201529"
  },
  {
    "ID Number": "12206954"
  },
  {
    "ID Number": "12200336"
  },
  {
    "ID Number": "12201510"
  },
  {
    "ID Number": "12207209"
  },
  {
    "ID Number": "12202517"
  },
  {
    "ID Number": "12205001"
  },
  {
    "ID Number": "12201340"
  },
  {
    "ID Number": "12200018"
  },
  {
    "ID Number": "12211869"
  },
  {
    "ID Number": "12205710"
  },
  {
    "ID Number": "12201146"
  },
  {
    "ID Number": "12201057"
  },
  {
    "ID Number": "12211109"
  },
  {
    "ID Number": "12206393"
  },
  {
    "ID Number": "12202304"
  },
  {
    "ID Number": "12215473"
  },
  {
    "ID Number": "12202002"
  },
  {
    "ID Number": "12210684"
  },
  {
    "ID Number": "12206768"
  },
  {
    "ID Number": "12206644"
  },
  {
    "ID Number": "12206652"
  },
  {
    "ID Number": "12201430"
  },
  {
    "ID Number": "12210579"
  },
  {
    "ID Number": "12200174"
  },
  {
    "ID Number": "12210960"
  },
  {
    "ID Number": "12204447"
  },
  {
    "ID Number": "12207390"
  },
  {
    "ID Number": "12202452"
  },
  {
    "ID Number": "12203807"
  },
  {
    "ID Number": "12202231"
  },
  {
    "ID Number": "12209287"
  },
  {
    "ID Number": "12201200"
  },
  {
    "ID Number": "12207489"
  },
  {
    "ID Number": "12212270"
  },
  {
    "ID Number": "12200506"
  },
  {
    "ID Number": "12201782"
  },
  {
    "ID Number": "12206660"
  },
  {
    "ID Number": "12201545"
  },
  {
    "ID Number": "12203343"
  },
  {
    "ID Number": "12209023"
  },
  {
    "ID Number": "12216348"
  },
  {
    "ID Number": "12202207"
  },
  {
    "ID Number": "12204560"
  },
  {
    "ID Number": "12203351"
  },
  {
    "ID Number": "12201707"
  },
  {
    "ID Number": "12202029"
  },
  {
    "ID Number": "12204013"
  },
  {
    "ID Number": "12211150"
  },
  {
    "ID Number": "12204021"
  },
  {
    "ID Number": "12202665"
  },
  {
    "ID Number": "12207713"
  },
  {
    "ID Number": "12206679"
  },
  {
    "ID Number": "12205486"
  },
  {
    "ID Number": "12202681"
  },
  {
    "ID Number": "12201464"
  },
  {
    "ID Number": "12202789"
  },
  {
    "ID Number": "12203360"
  },
  {
    "ID Number": "12207705"
  },
  {
    "ID Number": "12200182"
  },
  {
    "ID Number": "12210870"
  },
  {
    "ID Number": "12207519"
  },
  {
    "ID Number": "12205613"
  },
  {
    "ID Number": "12206725"
  },
  {
    "ID Number": "12202495"
  },
  {
    "ID Number": "12201910"
  },
  {
    "ID Number": "12201898"
  },
  {
    "ID Number": "12207560"
  },
  {
    "ID Number": "12202100"
  },
  {
    "ID Number": "12211940"
  },
  {
    "ID Number": "12201766"
  },
  {
    "ID Number": "12215201"
  },
  {
    "ID Number": "12211060"
  },
  {
    "ID Number": "12211931"
  },
  {
    "ID Number": "12210595"
  },
  {
    "ID Number": "12204730"
  },
  {
    "ID Number": "12205532"
  },
  {
    "ID Number": "12211885"
  },
  {
    "ID Number": "12208760"
  },
  {
    "ID Number": "12203394"
  },
  {
    "ID Number": "12201677"
  },
  {
    "ID Number": "12202606"
  },
  {
    "ID Number": "12211095"
  },
  {
    "ID Number": "12204048"
  },
  {
    "ID Number": "12200964"
  },
  {
    "ID Number": "12208191"
  },
  {
    "ID Number": "12203130"
  },
  {
    "ID Number": "12209937"
  },
  {
    "ID Number": "12214990"
  },
  {
    "ID Number": "12201553"
  },
  {
    "ID Number": "12203416"
  },
  {
    "ID Number": "12206458"
  },
  {
    "ID Number": "12206466"
  },
  {
    "ID Number": "12206474"
  },
  {
    "ID Number": "12203424"
  },
  {
    "ID Number": "12202134"
  },
  {
    "ID Number": "12209007"
  },
  {
    "ID Number": "12204633"
  },
  {
    "ID Number": "12205540"
  },
  {
    "ID Number": "12209074"
  },
  {
    "ID Number": "12200735"
  },
  {
    "ID Number": "12204064"
  },
  {
    "ID Number": "12208221"
  },
  {
    "ID Number": "12210293"
  },
  {
    "ID Number": "12201308"
  },
  {
    "ID Number": "12211540"
  },
  {
    "ID Number": "12205362"
  },
  {
    "ID Number": "12203432"
  },
  {
    "ID Number": "12202274"
  },
  {
    "ID Number": "12208973"
  },
  {
    "ID Number": "12211710"
  },
  {
    "ID Number": "12208230"
  },
  {
    "ID Number": "12207527"
  },
  {
    "ID Number": "12207543"
  },
  {
    "ID Number": "12202096"
  },
  {
    "ID Number": "12204498"
  },
  {
    "ID Number": "12204420"
  },
  {
    "ID Number": "12201812"
  },
  {
    "ID Number": "12203440"
  },
  {
    "ID Number": "12209449"
  },
  {
    "ID Number": "12215520"
  },
  {
    "ID Number": "12207624"
  },
  {
    "ID Number": "12207063"
  },
  {
    "ID Number": "12202088"
  },
  {
    "ID Number": "12205869"
  },
  {
    "ID Number": "12201740"
  },
  {
    "ID Number": "12214426"
  },
  {
    "ID Number": "12200085"
  },
  {
    "ID Number": "12208515"
  },
  {
    "ID Number": "12209694"
  },
  {
    "ID Number": "12210714"
  },
  {
    "ID Number": "12200433"
  },
  {
    "ID Number": "12208248"
  },
  {
    "ID Number": "12208370"
  },
  {
    "ID Number": "12205508"
  },
  {
    "ID Number": "12201960"
  },
  {
    "ID Number": "12211974"
  },
  {
    "ID Number": "12205788"
  },
  {
    "ID Number": "12205664"
  },
  {
    "ID Number": "12212776"
  },
  {
    "ID Number": "12207659"
  },
  {
    "ID Number": "12202347"
  },
  {
    "ID Number": "12212245"
  },
  {
    "ID Number": "12200417"
  },
  {
    "ID Number": "12208817"
  },
  {
    "ID Number": "12211451"
  },
  {
    "ID Number": "12212296"
  },
  {
    "ID Number": "12200689"
  },
  {
    "ID Number": "12205060"
  },
  {
    "ID Number": "12201880"
  },
  {
    "ID Number": "12211575"
  },
  {
    "ID Number": "12200026"
  },
  {
    "ID Number": "12204080"
  },
  {
    "ID Number": "12202282"
  },
  {
    "ID Number": "12204102"
  },
  {
    "ID Number": "12200794"
  },
  {
    "ID Number": "12203823"
  },
  {
    "ID Number": "12207888"
  },
  {
    "ID Number": "12204986"
  },
  {
    "ID Number": "10610499"
  },
  {
    "ID Number": "12202487"
  },
  {
    "ID Number": "12207640"
  },
  {
    "ID Number": "12205931"
  },
  {
    "ID Number": "12208671"
  },
  {
    "ID Number": "12204641"
  },
  {
    "ID Number": "12207470"
  },
  {
    "ID Number": "12207594"
  },
  {
    "ID Number": "12211567"
  },
  {
    "ID Number": "12211478"
  },
  {
    "ID Number": "12201456"
  },
  {
    "ID Number": "12204846"
  },
  {
    "ID Number": "12203475"
  },
  {
    "ID Number": "12211338"
  },
  {
    "ID Number": "12205389"
  },
  {
    "ID Number": "12204110"
  },
  {
    "ID Number": "12206695"
  },
  {
    "ID Number": "12203114"
  },
  {
    "ID Number": "12209651"
  },
  {
    "ID Number": "12207632"
  },
  {
    "ID Number": "12216607"
  },
  {
    "ID Number": "12201014"
  },
  {
    "ID Number": "12205494"
  },
  {
    "ID Number": "12204943"
  },
  {
    "ID Number": "12204129"
  },
  {
    "ID Number": "12201480"
  },
  {
    "ID Number": "12204137"
  },
  {
    "ID Number": "12208280"
  },
  {
    "ID Number": "12208299"
  },
  {
    "ID Number": "12207500"
  },
  {
    "ID Number": "12201162"
  },
  {
    "ID Number": "12210501"
  },
  {
    "ID Number": "12214434"
  },
  {
    "ID Number": "12204188"
  },
  {
    "ID Number": "12211583"
  },
  {
    "ID Number": "12202010"
  },
  {
    "ID Number": "12202126"
  },
  {
    "ID Number": "12206555"
  },
  {
    "ID Number": "12216720"
  },
  {
    "ID Number": "12208116"
  },
  {
    "ID Number": "12210587"
  },
  {
    "ID Number": "12204811"
  },
  {
    "ID Number": "12210722"
  },
  {
    "ID Number": "12213675"
  },
  {
    "ID Number": "12214639"
  },
  {
    "ID Number": "12200069"
  },
  {
    "ID Number": "12204463"
  },
  {
    "ID Number": "12200905"
  },
  {
    "ID Number": "12201413"
  }
]