[
  {
    "ID Number": "1427024"
  },
  {
    "ID Number": "1401815"
  },
  {
    "ID Number": "1485393"
  },
  {
    "ID Number": "1406248"
  },
  {
    "ID Number": "1472712"
  },
  {
    "ID Number": "1471465"
  },
  {
    "ID Number": "1481789"
  },
  {
    "ID Number": "1481606"
  },
  {
    "ID Number": "1438786"
  },
  {
    "ID Number": "1475460"
  },
  {
    "ID Number": "1408798"
  },
  {
    "ID Number": "1481630"
  },
  {
    "ID Number": "1423100"
  },
  {
    "ID Number": "1402650"
  },
  {
    "ID Number": "1461087"
  },
  {
    "ID Number": "1437526"
  },
  {
    "ID Number": "1404792"
  },
  {
    "ID Number": "1466429"
  },
  {
    "ID Number": "1469576"
  },
  {
    "ID Number": "1413864"
  },
  {
    "ID Number": "1466437"
  },
  {
    "ID Number": "1415760"
  },
  {
    "ID Number": "1403133"
  },
  {
    "ID Number": "1412418"
  },
  {
    "ID Number": "1435140"
  },
  {
    "ID Number": "1464744"
  },
  {
    "ID Number": "1450611"
  },
  {
    "ID Number": "1438964"
  },
  {
    "ID Number": "1463373"
  },
  {
    "ID Number": "1469207"
  },
  {
    "ID Number": "1441809"
  },
  {
    "ID Number": "1409280"
  },
  {
    "ID Number": "1405586"
  },
  {
    "ID Number": "1467689"
  },
  {
    "ID Number": "1445421"
  },
  {
    "ID Number": "1476491"
  },
  {
    "ID Number": "1400290"
  },
  {
    "ID Number": "1400495"
  },
  {
    "ID Number": "1402889"
  },
  {
    "ID Number": "1442767"
  },
  {
    "ID Number": "1442481"
  },
  {
    "ID Number": "1403095"
  },
  {
    "ID Number": "1473387"
  },
  {
    "ID Number": "1472844"
  },
  {
    "ID Number": "1433709"
  },
  {
    "ID Number": "1400053"
  },
  {
    "ID Number": "1410253"
  },
  {
    "ID Number": "1450441"
  },
  {
    "ID Number": "1445243"
  },
  {
    "ID Number": "1444948"
  },
  {
    "ID Number": "1472089"
  },
  {
    "ID Number": "1481886"
  },
  {
    "ID Number": "1404601"
  },
  {
    "ID Number": "1424718"
  },
  {
    "ID Number": "1401408"
  },
  {
    "ID Number": "1401173"
  },
  {
    "ID Number": "1483897"
  },
  {
    "ID Number": "1461141"
  },
  {
    "ID Number": "1403800"
  },
  {
    "ID Number": "1401750"
  },
  {
    "ID Number": "1400312"
  },
  {
    "ID Number": "1434888"
  },
  {
    "ID Number": "1413414"
  },
  {
    "ID Number": "1403656"
  },
  {
    "ID Number": "1474782"
  },
  {
    "ID Number": "1404083"
  },
  {
    "ID Number": "1445391"
  },
  {
    "ID Number": "1444565"
  },
  {
    "ID Number": "1452282"
  },
  {
    "ID Number": "1479962"
  },
  {
    "ID Number": "1420364"
  },
  {
    "ID Number": "1442830"
  },
  {
    "ID Number": "1472275"
  },
  {
    "ID Number": "1472283"
  },
  {
    "ID Number": "1423177"
  },
  {
    "ID Number": "1479970"
  },
  {
    "ID Number": "1449761"
  },
  {
    "ID Number": "1446185"
  },
  {
    "ID Number": "1404180"
  },
  {
    "ID Number": "2900440"
  },
  {
    "ID Number": "1481690"
  },
  {
    "ID Number": "1453220"
  },
  {
    "ID Number": "1476564"
  },
  {
    "ID Number": "1439073"
  },
  {
    "ID Number": "1400916"
  },
  {
    "ID Number": "1408402"
  },
  {
    "ID Number": "1453947"
  },
  {
    "ID Number": "1446851"
  },
  {
    "ID Number": "1415972"
  },
  {
    "ID Number": "1423258"
  },
  {
    "ID Number": "1402064"
  },
  {
    "ID Number": "1403532"
  },
  {
    "ID Number": "1407635"
  },
  {
    "ID Number": "1418505"
  },
  {
    "ID Number": "1476246"
  },
  {
    "ID Number": "1400673"
  },
  {
    "ID Number": "1416006"
  },
  {
    "ID Number": "1445260"
  },
  {
    "ID Number": "1420526"
  },
  {
    "ID Number": "1442902"
  },
  {
    "ID Number": "1462636"
  },
  {
    "ID Number": "1462644"
  },
  {
    "ID Number": "1411969"
  },
  {
    "ID Number": "1466895"
  },
  {
    "ID Number": "1425013"
  },
  {
    "ID Number": "1402072"
  },
  {
    "ID Number": "1469819"
  },
  {
    "ID Number": "1469290"
  },
  {
    "ID Number": "1451324"
  },
  {
    "ID Number": "1410938"
  },
  {
    "ID Number": "1448552"
  },
  {
    "ID Number": "1448560"
  },
  {
    "ID Number": "1463640"
  },
  {
    "ID Number": "1457292"
  },
  {
    "ID Number": "1451685"
  },
  {
    "ID Number": "1442198"
  },
  {
    "ID Number": "1480707"
  },
  {
    "ID Number": "1405993"
  },
  {
    "ID Number": "1444336"
  },
  {
    "ID Number": "1474804"
  },
  {
    "ID Number": "1412159"
  },
  {
    "ID Number": "1402536"
  },
  {
    "ID Number": "1412167"
  },
  {
    "ID Number": "1400126"
  },
  {
    "ID Number": "1413678"
  },
  {
    "ID Number": "1471066"
  },
  {
    "ID Number": "1480057"
  },
  {
    "ID Number": "1418580"
  },
  {
    "ID Number": "1409476"
  },
  {
    "ID Number": "1423355"
  },
  {
    "ID Number": "1451502"
  },
  {
    "ID Number": "1476505"
  },
  {
    "ID Number": "1476858"
  },
  {
    "ID Number": "1404113"
  },
  {
    "ID Number": "1478133"
  },
  {
    "ID Number": "1400320"
  },
  {
    "ID Number": "1473239"
  },
  {
    "ID Number": "1401157"
  },
  {
    "ID Number": "1442538"
  },
  {
    "ID Number": "1470337"
  },
  {
    "ID Number": "1413783"
  },
  {
    "ID Number": "1461001"
  },
  {
    "ID Number": "1407767"
  },
  {
    "ID Number": "1400630"
  },
  {
    "ID Number": "1484265"
  },
  {
    "ID Number": "1406043"
  },
  {
    "ID Number": "1474448"
  },
  {
    "ID Number": "1439553"
  },
  {
    "ID Number": "1411101"
  },
  {
    "ID Number": "1401637"
  },
  {
    "ID Number": "1484613"
  },
  {
    "ID Number": "1465295"
  },
  {
    "ID Number": "1470515"
  },
  {
    "ID Number": "1407341"
  },
  {
    "ID Number": "1464981"
  },
  {
    "ID Number": "1437615"
  },
  {
    "ID Number": "1464434"
  },
  {
    "ID Number": "1409719"
  },
  {
    "ID Number": "1402455"
  },
  {
    "ID Number": "1476890"
  },
  {
    "ID Number": "1423436"
  },
  {
    "ID Number": "1486101"
  },
  {
    "ID Number": "1410946"
  },
  {
    "ID Number": "1423452"
  },
  {
    "ID Number": "1416170"
  },
  {
    "ID Number": "1480022"
  },
  {
    "ID Number": "1445278"
  },
  {
    "ID Number": "1443054"
  },
  {
    "ID Number": "1451375"
  },
  {
    "ID Number": "1427377"
  },
  {
    "ID Number": "1444859"
  },
  {
    "ID Number": "1402641"
  },
  {
    "ID Number": "1402528"
  },
  {
    "ID Number": "1401610"
  },
  {
    "ID Number": "1443089"
  },
  {
    "ID Number": "1400258"
  },
  {
    "ID Number": "1407961"
  },
  {
    "ID Number": "1414186"
  },
  {
    "ID Number": "1416219"
  },
  {
    "ID Number": "1452533"
  },
  {
    "ID Number": "1410717"
  },
  {
    "ID Number": "1472801"
  },
  {
    "ID Number": "1407520"
  },
  {
    "ID Number": "1416227"
  },
  {
    "ID Number": "1477820"
  },
  {
    "ID Number": "1413880"
  },
  {
    "ID Number": "1400266"
  },
  {
    "ID Number": "1440489"
  },
  {
    "ID Number": "1480758"
  },
  {
    "ID Number": "1414291"
  },
  {
    "ID Number": "1405420"
  },
  {
    "ID Number": "1414313"
  },
  {
    "ID Number": "1476688"
  },
  {
    "ID Number": "1476610"
  },
  {
    "ID Number": "1420950"
  },
  {
    "ID Number": "1402870"
  },
  {
    "ID Number": "1463110"
  },
  {
    "ID Number": "1473638"
  },
  {
    "ID Number": "1409506"
  },
  {
    "ID Number": "1425315"
  },
  {
    "ID Number": "1435388"
  },
  {
    "ID Number": "1467239"
  },
  {
    "ID Number": "1416308"
  },
  {
    "ID Number": "1436678"
  },
  {
    "ID Number": "1478168"
  },
  {
    "ID Number": "1400100"
  },
  {
    "ID Number": "1406817"
  },
  {
    "ID Number": "1444824"
  },
  {
    "ID Number": "1425340"
  },
  {
    "ID Number": "1463764"
  },
  {
    "ID Number": "1400347"
  },
  {
    "ID Number": "1429019"
  },
  {
    "ID Number": "1401505"
  },
  {
    "ID Number": "1408194"
  },
  {
    "ID Number": "1416316"
  },
  {
    "ID Number": "1403303"
  },
  {
    "ID Number": "1474952"
  },
  {
    "ID Number": "1461990"
  },
  {
    "ID Number": "1461613"
  },
  {
    "ID Number": "1428446"
  },
  {
    "ID Number": "1400738"
  },
  {
    "ID Number": "1444514"
  },
  {
    "ID Number": "1439332"
  },
  {
    "ID Number": "1464370"
  },
  {
    "ID Number": "1446916"
  },
  {
    "ID Number": "1404237"
  },
  {
    "ID Number": "1448820"
  },
  {
    "ID Number": "1462296"
  },
  {
    "ID Number": "1401084"
  },
  {
    "ID Number": "1471759"
  },
  {
    "ID Number": "1454188"
  },
  {
    "ID Number": "1463896"
  },
  {
    "ID Number": "1437305"
  },
  {
    "ID Number": "1449834"
  },
  {
    "ID Number": "1459600"
  },
  {
    "ID Number": "1457942"
  },
  {
    "ID Number": "1435914"
  },
  {
    "ID Number": "1412825"
  },
  {
    "ID Number": "1407325"
  },
  {
    "ID Number": "1448862"
  },
  {
    "ID Number": "1405349"
  },
  {
    "ID Number": "1437127"
  },
  {
    "ID Number": "1420038"
  },
  {
    "ID Number": "1441094"
  },
  {
    "ID Number": "1437917"
  },
  {
    "ID Number": "1423681"
  },
  {
    "ID Number": "1439600"
  },
  {
    "ID Number": "1406167"
  },
  {
    "ID Number": "1428195"
  },
  {
    "ID Number": "1462822"
  },
  {
    "ID Number": "1434187"
  },
  {
    "ID Number": "1401599"
  },
  {
    "ID Number": "1401548"
  },
  {
    "ID Number": "1408380"
  },
  {
    "ID Number": "1425617"
  },
  {
    "ID Number": "1418823"
  },
  {
    "ID Number": "1440276"
  },
  {
    "ID Number": "1403907"
  },
  {
    "ID Number": "1418874"
  },
  {
    "ID Number": "1482866"
  },
  {
    "ID Number": "1476173"
  },
  {
    "ID Number": "1401580"
  },
  {
    "ID Number": "1416545"
  },
  {
    "ID Number": "1476831"
  },
  {
    "ID Number": "1434195"
  },
  {
    "ID Number": "1444972"
  },
  {
    "ID Number": "1487434"
  },
  {
    "ID Number": "1477196"
  },
  {
    "ID Number": "1472488"
  },
  {
    "ID Number": "1416553"
  },
  {
    "ID Number": "1416561"
  },
  {
    "ID Number": "1414917"
  },
  {
    "ID Number": "1434756"
  },
  {
    "ID Number": "1444816"
  },
  {
    "ID Number": "1401165"
  },
  {
    "ID Number": "1485466"
  },
  {
    "ID Number": "1440772"
  },
  {
    "ID Number": "1410750"
  },
  {
    "ID Number": "1406523"
  },
  {
    "ID Number": "1450573"
  },
  {
    "ID Number": "1467018"
  },
  {
    "ID Number": "1447955"
  },
  {
    "ID Number": "1444808"
  },
  {
    "ID Number": "1407155"
  },
  {
    "ID Number": "1433768"
  },
  {
    "ID Number": "2033801"
  },
  {
    "ID Number": "1449117"
  },
  {
    "ID Number": "1425765"
  },
  {
    "ID Number": "1423800"
  },
  {
    "ID Number": "1400940"
  },
  {
    "ID Number": "1436341"
  },
  {
    "ID Number": "1400061"
  },
  {
    "ID Number": "1407023"
  },
  {
    "ID Number": "1442015"
  },
  {
    "ID Number": "1465236"
  },
  {
    "ID Number": "1411357"
  },
  {
    "ID Number": "1423843"
  },
  {
    "ID Number": "1404628"
  },
  {
    "ID Number": "1409557"
  },
  {
    "ID Number": "1477552"
  },
  {
    "ID Number": "1446746"
  },
  {
    "ID Number": "1404288"
  },
  {
    "ID Number": "1438026"
  },
  {
    "ID Number": "1446550"
  },
  {
    "ID Number": "1402188"
  },
  {
    "ID Number": "1483161"
  },
  {
    "ID Number": "1402862"
  },
  {
    "ID Number": "1421611"
  },
  {
    "ID Number": "1462148"
  },
  {
    "ID Number": "1479687"
  },
  {
    "ID Number": "1487353"
  },
  {
    "ID Number": "1401890"
  },
  {
    "ID Number": "1408658"
  },
  {
    "ID Number": "1404474"
  },
  {
    "ID Number": "1405233"
  },
  {
    "ID Number": "1404709"
  },
  {
    "ID Number": "1411152"
  },
  {
    "ID Number": "1437089"
  },
  {
    "ID Number": "1470345"
  },
  {
    "ID Number": "1472119"
  },
  {
    "ID Number": "1479288"
  },
  {
    "ID Number": "1464957"
  },
  {
    "ID Number": "1487540"
  },
  {
    "ID Number": "1480197"
  },
  {
    "ID Number": "1454153"
  },
  {
    "ID Number": "1468480"
  },
  {
    "ID Number": "1403435"
  },
  {
    "ID Number": "1405497"
  },
  {
    "ID Number": "1401998"
  },
  {
    "ID Number": "1463403"
  },
  {
    "ID Number": "1419838"
  },
  {
    "ID Number": "1404776"
  },
  {
    "ID Number": "1403117"
  },
  {
    "ID Number": "1434993"
  },
  {
    "ID Number": "1419846"
  },
  {
    "ID Number": "1415379"
  },
  {
    "ID Number": "1464507"
  },
  {
    "ID Number": "1447130"
  },
  {
    "ID Number": "1451740"
  },
  {
    "ID Number": "1505017"
  },
  {
    "ID Number": "1441540"
  },
  {
    "ID Number": "1416790"
  },
  {
    "ID Number": "1404067"
  },
  {
    "ID Number": "1435990"
  },
  {
    "ID Number": "1485083"
  },
  {
    "ID Number": "1462547"
  },
  {
    "ID Number": "1475924"
  },
  {
    "ID Number": "12809969"
  },
  {
    "ID Number": "12824429"
  },
  {
    "ID Number": "1401220"
  },
  {
    "ID Number": "1401947"
  },
  {
    "ID Number": "2852638"
  },
  {
    "ID Number": "1477765"
  },
  {
    "ID Number": "1409573"
  },
  {
    "ID Number": "1439847"
  },
  {
    "ID Number": "1475738"
  },
  {
    "ID Number": "1477307"
  },
  {
    "ID Number": "1465716"
  },
  {
    "ID Number": "1447947"
  },
  {
    "ID Number": "1439081"
  },
  {
    "ID Number": "1444620"
  },
  {
    "ID Number": "1409905"
  },
  {
    "ID Number": "1457020"
  },
  {
    "ID Number": "1439090"
  },
  {
    "ID Number": "1402625"
  },
  {
    "ID Number": "1412027"
  },
  {
    "ID Number": "1411900"
  },
  {
    "ID Number": "1436376"
  },
  {
    "ID Number": "1421859"
  },
  {
    "ID Number": "1469380"
  },
  {
    "ID Number": "1402960"
  },
  {
    "ID Number": "1409778"
  },
  {
    "ID Number": "1461753"
  },
  {
    "ID Number": "1443577"
  },
  {
    "ID Number": "1450336"
  },
  {
    "ID Number": "1445987"
  },
  {
    "ID Number": "1409859"
  },
  {
    "ID Number": "1411870"
  },
  {
    "ID Number": "1413341"
  },
  {
    "ID Number": "1405721"
  },
  {
    "ID Number": "1415646"
  },
  {
    "ID Number": "1405276"
  },
  {
    "ID Number": "1402900"
  },
  {
    "ID Number": "1405306"
  },
  {
    "ID Number": "1472860"
  },
  {
    "ID Number": "1430971"
  },
  {
    "ID Number": "1434373"
  },
  {
    "ID Number": "1464264"
  },
  {
    "ID Number": "1401726"
  },
  {
    "ID Number": "1479709"
  },
  {
    "ID Number": "1438808"
  },
  {
    "ID Number": "1426095"
  },
  {
    "ID Number": "1445448"
  },
  {
    "ID Number": "1400355"
  },
  {
    "ID Number": "1409700"
  },
  {
    "ID Number": "1400800"
  },
  {
    "ID Number": "1401939"
  },
  {
    "ID Number": "1431676"
  },
  {
    "ID Number": "1444492"
  },
  {
    "ID Number": "1452797"
  },
  {
    "ID Number": "1441230"
  },
  {
    "ID Number": "1409000"
  },
  {
    "ID Number": "1402544"
  },
  {
    "ID Number": "1401475"
  },
  {
    "ID Number": "1427288"
  },
  {
    "ID Number": "1416928"
  },
  {
    "ID Number": "1419170"
  },
  {
    "ID Number": "1408410"
  },
  {
    "ID Number": "1450344"
  },
  {
    "ID Number": "1440640"
  },
  {
    "ID Number": "1454102"
  },
  {
    "ID Number": "1481150"
  },
  {
    "ID Number": "1440969"
  },
  {
    "ID Number": "1401386"
  },
  {
    "ID Number": "1426184"
  },
  {
    "ID Number": "1400096"
  },
  {
    "ID Number": "1400606"
  },
  {
    "ID Number": "1444875"
  },
  {
    "ID Number": "1431595"
  },
  {
    "ID Number": "1431609"
  },
  {
    "ID Number": "1474987"
  },
  {
    "ID Number": "1429590"
  },
  {
    "ID Number": "1469274"
  },
  {
    "ID Number": "1409760"
  },
  {
    "ID Number": "1406710"
  },
  {
    "ID Number": "1402161"
  },
  {
    "ID Number": "1400762"
  },
  {
    "ID Number": "1407414"
  },
  {
    "ID Number": "1403370"
  },
  {
    "ID Number": "1404199"
  },
  {
    "ID Number": "1402730"
  },
  {
    "ID Number": "1401963"
  },
  {
    "ID Number": "1452525"
  },
  {
    "ID Number": "1417649"
  },
  {
    "ID Number": "1417045"
  },
  {
    "ID Number": "1402340"
  },
  {
    "ID Number": "1401491"
  },
  {
    "ID Number": "1479814"
  },
  {
    "ID Number": "1508148"
  },
  {
    "ID Number": "14174456"
  },
  {
    "ID Number": "1466577"
  },
  {
    "ID Number": "1443852"
  },
  {
    "ID Number": "1427121"
  },
  {
    "ID Number": "1401696"
  },
  {
    "ID Number": "1403486"
  },
  {
    "ID Number": "1417673"
  },
  {
    "ID Number": "1467310"
  },
  {
    "ID Number": "13912143"
  },
  {
    "ID Number": "1476866"
  },
  {
    "ID Number": "1435582"
  },
  {
    "ID Number": "1482602"
  },
  {
    "ID Number": "1403338"
  },
  {
    "ID Number": "1417738"
  },
  {
    "ID Number": "1462318"
  },
  {
    "ID Number": "1486934"
  },
  {
    "ID Number": "1448269"
  },
  {
    "ID Number": "1401920"
  },
  {
    "ID Number": "1439391"
  },
  {
    "ID Number": "1429221"
  },
  {
    "ID Number": "1440675"
  },
  {
    "ID Number": "1438484"
  },
  {
    "ID Number": "1446029"
  },
  {
    "ID Number": "1480286"
  },
  {
    "ID Number": "1406000"
  },
  {
    "ID Number": "1402005"
  },
  {
    "ID Number": "1452819"
  },
  {
    "ID Number": "1408992"
  },
  {
    "ID Number": "1400088"
  },
  {
    "ID Number": "1452355"
  },
  {
    "ID Number": "1447890"
  },
  {
    "ID Number": "1476297"
  },
  {
    "ID Number": "1419960"
  },
  {
    "ID Number": "1481878"
  },
  {
    "ID Number": "1436082"
  },
  {
    "ID Number": "1411268"
  },
  {
    "ID Number": "1438700"
  },
  {
    "ID Number": "34101241"
  },
  {
    "ID Number": "1413635"
  },
  {
    "ID Number": "1401033"
  },
  {
    "ID Number": "1461885"
  },
  {
    "ID Number": "1466836"
  },
  {
    "ID Number": "7200455"
  },
  {
    "ID Number": "1451669"
  },
  {
    "ID Number": "1439146"
  },
  {
    "ID Number": "1402471"
  },
  {
    "ID Number": "1485385"
  },
  {
    "ID Number": "1406442"
  },
  {
    "ID Number": "1412531"
  },
  {
    "ID Number": "1408488"
  },
  {
    "ID Number": "1463128"
  },
  {
    "ID Number": "1480294"
  },
  {
    "ID Number": "1400614"
  },
  {
    "ID Number": "1469967"
  },
  {
    "ID Number": "1473557"
  },
  {
    "ID Number": "1409751"
  },
  {
    "ID Number": "1473220"
  },
  {
    "ID Number": "1472313"
  },
  {
    "ID Number": "1462725"
  },
  {
    "ID Number": "1476122"
  },
  {
    "ID Number": "1400070"
  },
  {
    "ID Number": "1407430"
  },
  {
    "ID Number": "1418017"
  },
  {
    "ID Number": "1476734"
  },
  {
    "ID Number": "1435612"
  },
  {
    "ID Number": "1402226"
  },
  {
    "ID Number": "1406639"
  },
  {
    "ID Number": "1403699"
  },
  {
    "ID Number": "1446045"
  },
  {
    "ID Number": "1475967"
  },
  {
    "ID Number": "1406515"
  },
  {
    "ID Number": "1408720"
  },
  {
    "ID Number": "1408828"
  },
  {
    "ID Number": "1446800"
  },
  {
    "ID Number": "1426605"
  },
  {
    "ID Number": "1413155"
  },
  {
    "ID Number": "1403419"
  },
  {
    "ID Number": "1450760"
  },
  {
    "ID Number": "1450972"
  },
  {
    "ID Number": "1406337"
  },
  {
    "ID Number": "1476882"
  },
  {
    "ID Number": "1404210"
  },
  {
    "ID Number": "1471775"
  },
  {
    "ID Number": "1503260"
  },
  {
    "ID Number": "1470094"
  },
  {
    "ID Number": "1452827"
  },
  {
    "ID Number": "1410369"
  },
  {
    "ID Number": "1480308"
  },
  {
    "ID Number": "1418068"
  },
  {
    "ID Number": "1410881"
  },
  {
    "ID Number": "1429647"
  },
  {
    "ID Number": "1419404"
  },
  {
    "ID Number": "1406833"
  },
  {
    "ID Number": "1476874"
  },
  {
    "ID Number": "1447467"
  },
  {
    "ID Number": "1465775"
  },
  {
    "ID Number": "1426664"
  },
  {
    "ID Number": "1427768"
  },
  {
    "ID Number": "1461745"
  },
  {
    "ID Number": "1452371"
  },
  {
    "ID Number": "1426680"
  },
  {
    "ID Number": "1409182"
  },
  {
    "ID Number": "1463969"
  },
  {
    "ID Number": "1426702"
  },
  {
    "ID Number": "1432427"
  },
  {
    "ID Number": "1400789"
  },
  {
    "ID Number": "1426729"
  },
  {
    "ID Number": "1406558"
  },
  {
    "ID Number": "1402137"
  },
  {
    "ID Number": "1447505"
  },
  {
    "ID Number": "1409247"
  },
  {
    "ID Number": "1422740"
  },
  {
    "ID Number": "1431412"
  },
  {
    "ID Number": "1447319"
  },
  {
    "ID Number": "1444140"
  },
  {
    "ID Number": "1469452"
  },
  {
    "ID Number": "1406671"
  },
  {
    "ID Number": "1473760"
  },
  {
    "ID Number": "1438727"
  },
  {
    "ID Number": "1438832"
  },
  {
    "ID Number": "1441299"
  },
  {
    "ID Number": "1467778"
  },
  {
    "ID Number": "1418246"
  },
  {
    "ID Number": "1479997"
  },
  {
    "ID Number": "1439197"
  },
  {
    "ID Number": "1436589"
  },
  {
    "ID Number": "2900955"
  },
  {
    "ID Number": "1453882"
  },
  {
    "ID Number": "1472836"
  },
  {
    "ID Number": "1470183"
  },
  {
    "ID Number": "1434624"
  },
  {
    "ID Number": "1409034"
  },
  {
    "ID Number": "1462768"
  },
  {
    "ID Number": "1400568"
  },
  {
    "ID Number": "1404598"
  },
  {
    "ID Number": "1477706"
  },
  {
    "ID Number": "1480138"
  },
  {
    "ID Number": "1457349"
  },
  {
    "ID Number": "1446070"
  },
  {
    "ID Number": "1463217"
  },
  {
    "ID Number": "1464086"
  },
  {
    "ID Number": "1476793"
  },
  {
    "ID Number": "1485407"
  },
  {
    "ID Number": "1436988"
  },
  {
    "ID Number": "1454340"
  },
  {
    "ID Number": "1410130"
  },
  {
    "ID Number": "1412957"
  },
  {
    "ID Number": "1407279"
  },
  {
    "ID Number": "1467123"
  },
  {
    "ID Number": "1418343"
  },
  {
    "ID Number": "1418351"
  }
]