ID Number,Name,Fed,Sex,Title,WTit,OTit,Rating,Gms,K,RatingMonth,B-day,Flag
6705863,"Abarca, Camila Rene",ESA,F,WCM,WCM,NA,1804,0,20,SEP25,2003,wi
6702147,"Abarca, Xavier",ESA,M,,,,1911,0,40,SEP25,0,i
6700209,"Acevedo, Salmir",ESA,M,,,,2112,0,20,SEP25,1977,i
6705014,"Acosta , Vladimiro",ESA,M,,,,1530,0,20,SEP25,0,i
6707106,Agreda Camilo alejandro,ESA,M,,,,2021,9,40,SEP25,2007,
6701574,"Aguilar, Gerardo",ESA,M,,,,1963,0,40,SEP25,1988,i
6700780,"Aguilar, Gustavo",ESA,M,,,,2139,0,20,SEP25,1991,i
6705871,"Aguilar, Jackeline Estrella",ESA,F,,,,1710,0,20,SEP25,2003,wi
6700322,"Aguilar, Marcela",ESA,F,,,,1926,0,20,SEP25,1993,wi
6701949,"Alas, Rigoberto",ESA,M,,,,1781,9,20,SEP25,0,
6709591,Alberto Ariel Villalobos Quintanilla,ESA,M,,,,1435,0,40,SEP25,1985,i
6709656,Alessandro Giuseppe Benavides Revelo,ESA,M,,,,1456,4,40,SEP25,2010,
6703151,"Alvarado, Aldo",ESA,M,,,,1827,0,40,SEP25,0,i
6708927,"Alvarenga, Diego",ESA,M,,,,1660,0,40,SEP25,2004,i
6700489,"Alvarenga, Juan",ESA,M,,,,1750,7,20,SEP25,1951,
6700276,"Alvarez, Carlos",ESA,M,,,,1995,0,20,SEP25,1977,i
6710557,"Amaya Bonilla, Matias Fernando",ESA,M,,,,1468,5,40,SEP25,2012,
6700411,"Ancheta, Jorge",ESA,M,,,,2070,0,20,SEP25,1986,i
6709699,Andres Francisco Jimenez Rodriguez,ESA,M,,,,1664,0,40,SEP25,2002,i
6705030,"Angel, Fabricio",ESA,M,,,,1770,0,40,SEP25,0,i
6700535,"Anzora, Oscar",ESA,M,,,,1550,4,20,SEP25,1953,
6710239,"Aparicio Echegoyen, Ricardo",ESA,M,,,,1608,0,40,SEP25,1972,i
6707670,"Aquino Ventura, Gilda Maria",ESA,F,,,,1576,0,40,SEP25,2003,wi
6708153,"Arabia, Carlos",ESA,M,,,,1649,6,40,SEP25,1993,
6707017,Araujo Jose Eduardo,ESA,M,,,,1851,7,20,SEP25,1992,
6708005,Argueta alvaro Enrique,ESA,M,,,,1632,0,40,SEP25,2002,i
6700845,"Argueta, Carlos",ESA,M,,,,1980,0,20,SEP25,1991,i
6710140,"Argueta, Marcela",ESA,F,,,,1562,0,40,SEP25,2007,w
6700640,"Arias, Daniel",ESA,M,FM,,,2231,0,20,SEP25,1997,
6700284,"Arias, Lemnys A.",ESA,M,IM,,,2221,0,10,SEP25,1978,
6704050,"Ariza, Luis",ESA,M,,,,1680,0,40,SEP25,0,i
6709630,Armando Javier Guevara Escalante,ESA,M,,,,1533,0,40,SEP25,2010,i
6705669,"Arriaza, Allison Charlize",ESA,F,,,,1683,7,40,SEP25,2007,w
6703607,"Avalos , Sarai",ESA,M,,,,1708,0,40,SEP25,0,i
6709133,"Avalos, Alejandro",ESA,M,,,,1672,0,40,SEP25,2005,i
6700667,"Avelar, Gabriela",ESA,F,WFM,WFM,,1941,0,20,SEP25,1989,wi
6700853,"Avila, Ricardo",ESA,M,,,,1867,0,20,SEP25,1983,
6707734,Aviles Rafael,ESA,M,,,,1633,0,40,SEP25,2008,i
6701922,"Aviles, Ana Gabriela",ESA,F,,,,1740,0,40,SEP25,1996,wi
6701906,"Aviles, Claudia Maria",ESA,F,,,,1865,0,20,SEP25,1994,wi
6711502,"Ayala Sandoval, Vilic",ESA,M,,,,1753,0,40,SEP25,2001,i
6700225,"Ayala, Rolando",ESA,M,CM,,,1898,10,20,SEP25,1953,
6705570,"Baldelomar, Carlos Marcelo",ESA,M,,,,1775,0,20,SEP25,1985,i
6705740,"Barahona, Dalila Yamileth",ESA,F,WCM,WCM,,1825,0,20,SEP25,2005,w
6703186,"Barrientos, Freddy",ESA,M,,,,1909,0,20,SEP25,0,i
6705294,"Barrientos, Fredi",ESA,M,,,,1872,0,40,SEP25,0,
6710247,"Benner, Teresa Ann",ESA,F,,,,1519,0,40,SEP25,2012,w
6700292,"Blanco, David E.",ESA,M,,,,1924,0,20,SEP25,1981,
6700837,"Blandon, Jaime",ESA,M,,,,1907,0,20,SEP25,1987,i
6701639,"Bolanos, Jeremias",ESA,M,,,,ACM,1543,4,SEP25,0,
6708196,"Bonilla, Cesar",ESA,M,,,,1503,0,40,SEP25,1996,i
6701647,"Brizuela, Ruben",ESA,M,,,,1755,0,40,SEP25,1943,i
6700900,"Bucaro, Luis",ESA,M,,,,1788,0,40,SEP25,1956,
6700187,"Burgos Figueroa, Carlos E.",ESA,M,IM,,,2119,10,20,SEP25,1979,
6707114,Burgos Victor Manuel,ESA,M,,,,1621,0,40,SEP25,1956,i
6708200,"Burgos, Bryan Daniel",ESA,M,,,,1576,0,40,SEP25,2007,i
344104991,"Cabezas, Diego",ESA,M,,,,ACM,1674,6,SEP25,1998,
6707300,Cader Carlos,ESA,M,,,,1849,0,40,SEP25,1994,i
6707769,Calderon Mendoza Walter Gerardo,ESA,M,,,,1698,0,40,SEP25,2004,i
6709796,"Calles, Johan",ESA,M,,,,1609,7,40,SEP25,2011,
6700012,"Camacho, Roberto",ESA,M,FM,,,2234,7,20,SEP25,1956,
6700594,"Caminos, Oswaldo",ESA,M,,,,2067,0,40,SEP25,1958,i
6707351,Campos Ely,ESA,M,,,,1729,0,40,SEP25,1994,i
6702805,"Campos, Baltazar",ESA,M,,,,1762,0,40,SEP25,0,i
6704476,"Campos, Geovanni",ESA,M,,,,1793,0,40,SEP25,0,i
6700861,"Campos, Raymundo",ESA,M,,,,2101,0,20,SEP25,1952,i
6711510,"Carbajal Prieto, Oscar Jose",ESA,M,,,,1482,0,40,SEP25,2009,
6711227,"Cardoza, Fernando Eduardo",ESA,M,,,,1579,0,40,SEP25,1995,
6702074,"Cardoza, Salvador",ESA,M,,,,1482,3,20,SEP25,0,
6711456,"Carillo Rodriguez, Aldo Nicolas",ESA,M,,,,1508,0,40,SEP25,2011,i
6700527,"Castaneda, Ada",ESA,F,WIM,WIM,,1995,0,20,SEP25,1988,wi
6704107,"Castillo, Carlos Emilio",ESA,M,,,,1668,0,20,SEP25,0,i
6702198,"Castillo, Eduardo",ESA,M,,,,1763,0,40,SEP25,0,i
6709958,"Castillo, Elias",ESA,M,,,,1450,0,40,SEP25,1990,i
6705472,"Castillo, Ernesto",ESA,M,,,,1731,0,40,SEP25,1998,i
6401139,"Castillo, Nelson",ESA,M,,,,1847,0,40,SEP25,1961,i
6701655,"Castro Cano, Elisa",ESA,F,,,,1582,5,20,SEP25,1989,w
6700675,"Castro, Azalea",ESA,F,WFM,WFM,,1928,0,20,SEP25,1990,wi
6702082,"Castro, Carlos Roberto",ESA,M,,,,1707,0,40,SEP25,0,i
6704689,"Castro, Venus",ESA,F,,,,1846,0,40,SEP25,0,wi
6704956,"Castro, Venus Sabrina",ESA,F,,,,1708,0,20,SEP25,0,wi
6709761,"Cerros, Daniel",ESA,M,,,,1721,0,40,SEP25,1998,i
6710590,"Chavez Gomez, Miguel Angel",ESA,M,,NA,,1533,4,40,SEP25,1953,
6710603,"Chavez Hernandez, Miguel Angel",ESA,M,,NA,,1510,0,40,SEP25,1995,
6700870,"Chavez, Hector Antonio",ESA,M,,,,ACM,1793,6,SEP25,1956,
6700160,"Chavez, Hector Eduardo",ESA,M,CM,,,1989,0,20,SEP25,1980,i
6702228,"Chavez, Leonardo Miguel",ESA,M,,,,1625,0,40,SEP25,0,i
6700098,"Chavez, Ricardo Ernesto",ESA,M,FM,,,2240,0,20,SEP25,1982,
6709516,"Cisneros Gamez, Carlos Alexis",ESA,M,,,,1936,8,20,SEP25,2000,
6708056,"Colorado, Danilo",ESA,M,,,,1514,0,40,SEP25,1962,i
6702244,"Colorado, Efrain",ESA,M,,,,1927,0,20,SEP25,0,i
6706975,Constantino Gudiel,ESA,M,,,,1777,0,40,SEP25,1962,i
6702821,"Contreras, Benjamin",ESA,M,,,,1870,0,40,SEP25,0,i
6707521,Cordova Juan Pablo,ESA,M,,,,1464,0,40,SEP25,2005,
6700977,"Coreas, Guillermo",ESA,M,,,,1966,0,20,SEP25,1988,i
6703232,"Cornejo, Milton",ESA,M,,,,1744,0,20,SEP25,0,i
6708269,"Cortez, Carlos",ESA,M,,,,1689,0,40,SEP25,2007,i
6705499,"Coto Anaya, Walter Alexander",ESA,M,,,,1926,0,20,SEP25,2002,
6710220,"Cruz Bonilla, Winston Damian",ESA,M,,,,1462,0,40,SEP25,2011,
6710158,"Cruz Galvez, America Julissa",ESA,F,,,,1504,4,40,SEP25,2008,w
6710131,"Cruz Galvez, Crisitan Asael",ESA,M,,NA,,1693,0,40,SEP25,2005,i
6707041,Cruz Lester,ESA,M,,,,1734,0,40,SEP25,1993,i
6708307,"De la Cruz, Karen Tatiana",ESA,F,,,,1743,0,40,SEP25,2005,wi
6703259,"De Leon, Gabriel",ESA,M,,,,1872,0,20,SEP25,0,i
6703127,"De Leon, Stephanie",ESA,F,WCM,WCM,,1813,0,20,SEP25,2000,wi
6702252,"De, La Paz Jose",ESA,M,,,,1645,0,40,SEP25,0,i
6701965,"Delgado, Carlos",ESA,M,,,,1589,0,40,SEP25,0,i
6706568,"Deras, Eugenio",ESA,M,,,,1720,0,40,SEP25,1964,i
6702112,"Deras, Jorge Enrique",ESA,M,,,,1791,0,20,SEP25,0,i
6706185,"Deras, Rafael",ESA,M,,,,1854,0,20,SEP25,1999,i
6706193,"Diaz, Gabriel",ESA,M,,,,1779,0,40,SEP25,2000,i
6700993,"Dominguez, Ana",ESA,F,,,,1874,0,20,SEP25,1995,wi
6700683,"Duarte, Juan",ESA,M,,,,AIM,1938,4,SEP25,1979,
6707530,Dubon Mario Andre,ESA,M,,,,1659,0,20,SEP25,2006,i
6704700,"Echeverria, Carlos Enrique",ESA,M,,,,1678,0,40,SEP25,0,i
6707963,Elias Ronaldo,ESA,M,,,,1450,1,40,SEP25,1964,
6712070,"Erazo Mejia, Jorge Andres",ESA,M,,,,1498,0,40,SEP25,2015,
6711731,"Erazo, Jorge Andres",ESA,M,,,,1561,8,40,SEP25,2003,
6700462,"Escamilla, Valmore",ESA,M,,,,2061,0,40,SEP25,0,i
6706576,"Escobar Amaya, Carlos Daniel",ESA,M,,,,1636,0,40,SEP25,1965,i
6709753,"Escobar Flamenco, Kilmar Ademir",ESA,M,,,,1814,0,20,SEP25,2000,
6702279,"Espinosa, Nelson Ing.",ESA,M,,,,1970,8,40,SEP25,0,
6708854,Fang Juan,ESA,M,,,,1756,9,40,SEP25,2010,
6707009,Fernandez Denis,ESA,M,,,,1788,7,20,SEP25,2001,
6709745,"Figueroa, Americo",ESA,M,,,,1671,6,20,SEP25,1973,
6706207,"Flores, Angel Alejandro",ESA,M,,,,1783,0,20,SEP25,2003,i
6705227,"Flores, Carlos Mario",ESA,M,,,,1717,0,40,SEP25,0,i
6701027,"Franco, Jorge",ESA,M,,,,1755,0,40,SEP25,0,i
6707378,Fuentes Geovanny,ESA,M,,,,1719,0,40,SEP25,1997,i
6711790,"Fuentes Menendez, Josue Daniel",ESA,M,,,,1761,6,40,SEP25,2004,
6703003,"Funes, Carlos",ESA,M,,,,1543,0,40,SEP25,1978,i
6708331,"Funes, Mateo",ESA,M,,,,1474,0,40,SEP25,2004,i
6702988,"Galvez, Jose Ernesto",ESA,M,,,,1907,0,40,SEP25,0,i
6703275,"Garay, Nelson",ESA,M,,,,1796,0,40,SEP25,0,i
6707696,Garcia Aristides Enmanuel,ESA,M,,,,1727,0,40,SEP25,2003,i
6706525,Garcia Flores Aristides,ESA,M,,,,1672,0,40,SEP25,2000,i
6702945,"Garcia Mendez, Alcira Guadalupe",ESA,F,WCM,WCM,,1809,0,20,SEP25,1998,wi
6702503,"Garcia, Angie",ESA,F,WIM,WIM,,2012,9,20,SEP25,2002,w
6705588,"Garcia, Daniel Alejandro",ESA,M,,,,1771,0,20,SEP25,2002,i
6706223,"Garcia, Jonathan",ESA,M,,,,1614,0,40,SEP25,2004,i
6709141,"Garcia, Luis",ESA,M,,,,1831,0,40,SEP25,1962,i
6708358,"Giamatei, Silvio",ESA,M,,,,1671,0,40,SEP25,1972,i
6710085,"Gil, Jairo",ESA,M,,,,1528,0,40,SEP25,2009,i
6702309,"Giron, Jorge Ernesto",ESA,M,IM,,,2256,11,20,SEP25,1997,
6701060,"Godinez, Efren",ESA,M,,,,1618,0,40,SEP25,0,i
6701817,"Godoy, Erick David",ESA,M,,,,1933,0,20,SEP25,1991,i
6711138,"Gonzalez Diaz, Diego Jose",ESA,M,,,,1612,7,40,SEP25,2011,
6711537,"Gonzalez Sanchez, Hugo Antonio",ESA,M,,,,1484,0,40,SEP25,1986,
6700608,"Gonzalez, Americo",ESA,M,,,,1991,0,20,SEP25,0,i
6704506,"Gonzalez, Jorge",ESA,M,,,,1850,0,40,SEP25,0,i
6710808,"Grande Villeda, Anderson Vladimir",ESA,M,,,,1627,4,40,SEP25,2008,
6710670,"Grande, Melissa Abigail",ESA,F,,,,1540,7,40,SEP25,2009,w
6707866,Grimaldi Jorge,ESA,M,,,,1620,0,40,SEP25,1956,i
6700020,"Grimaldi, Rene A",ESA,M,FM,,,2270,0,20,SEP25,1960,i
6703062,"Guardado Flores, Diana Beatriz",ESA,F,,NA,,1767,0,20,SEP25,1998,wi
6704727,"Guardado, Carlos Antonio",ESA,M,,,,1635,0,40,SEP25,0,i
6701116,"Guerrero, David",ESA,M,,,,1704,0,20,SEP25,1956,i
6707572,Guevara Francisco Joaquin,ESA,M,,,,1545,0,40,SEP25,1993,i
6708889,"Guevara Ruiz, Marvin Andres",ESA,M,CM,,,2009,17,40,SEP25,2009,
6708870,"Guevara Ruiz, Santiago Jose",ESA,M,FM,,,2120,19,40,SEP25,2013,
6700136,"Guevara Sanchez, Erick Marvin",ESA,M,FM,,,2075,10,20,SEP25,1980,
6703321,"Guevara, Eduardo",ESA,M,,,,1648,0,20,SEP25,0,
6709915,"Guevara, Leopoldo",ESA,M,,,,1697,0,40,SEP25,1950,i
6707360,Gutierrez Zepeda Diana Sofia,ESA,F,,,,1648,0,40,SEP25,2006,wi
6707386,Gutierrez Zepeda Javier Antonio,ESA,M,,,,1531,0,20,SEP25,2002,i
6700101,"Gutierrez, Jose Remberto",ESA,M,,,,2131,0,40,SEP25,0,i
6703330,"Guzman, Cesar",ESA,M,,,,1749,0,40,SEP25,0,i
6701140,"Harrouch, Luis",ESA,M,,,,1854,0,40,SEP25,1986,i
6705413,"Henriquez Alas, Karla Maria",ESA,F,,,,1495,0,40,SEP25,2004,wi
6712150,"Henriquez Argueta, Guillermo",ESA,M,,,,1485,7,40,SEP25,1970,
6706479,Hernandez Raul Alejandro,ESA,M,,,,1503,0,20,SEP25,2006,i
6706924,Hernandez Ronny,ESA,M,,,,1765,0,40,SEP25,1991,i
6706460,Hernandez Sofia,ESA,F,WCM,WCM,,1736,0,40,SEP25,2008,wi
6710913,"Hernandez Vasquez, Azucena del Carmen",ESA,F,,,,1497,1,40,SEP25,2002,w
6700080,"Hernandez, Bera",ESA,F,WCM,WCM,,1859,0,20,SEP25,1992,wi
6702635,"Hernandez, David Jose",ESA,M,,,,1717,0,20,SEP25,2002,i
6701159,"Hernandez, Diego",ESA,M,FM,,,1995,0,20,SEP25,1998,i
6701787,"Hernandez, Erick",ESA,M,,AO,,2080,0,20,SEP25,1978,i
6701175,"Hernandez, Jose M.",ESA,M,,,,1693,8,20,SEP25,1960,
6705251,"Hernandez, Mauricio",ESA,M,,,,1736,0,20,SEP25,0,
6701183,"Hernandez, Mauricio Daniel",ESA,M,CM,,,2054,0,20,SEP25,1996,i
6708463,"Hernandez, Rodolfo Anibal",ESA,M,,,,1806,8,20,SEP25,1992,
6700306,"Hernandez, Virgilio",ESA,M,,,,1975,9,20,SEP25,1966,
6712169,"Herrera Cruz, Luis Alejandro",ESA,M,,,,1506,0,40,SEP25,1998,
6706916,Herrera Luis Alejandro,ESA,M,,,,1749,0,40,SEP25,2001,i
6712177,"Herrera Sanchez, Genesis Haydee",ESA,F,,,,1447,0,40,SEP25,2011,w
6704743,"Herrera, Marjorie",ESA,F,WCM,WCM,,1841,0,20,SEP25,2001,w
6701191,"Huezo, Alvaro",ESA,M,,,,1835,0,40,SEP25,1982,i
6708471,"Ibarra Aguirre, Roberto",ESA,M,,,,1555,0,40,SEP25,1984,i
6707556,Ibarra Alex,ESA,M,,,,1856,9,40,SEP25,2007,
6707173,Ibarra Carlos Roberto,ESA,M,FM,,,2077,8,40,SEP25,2009,
6709826,"Ibarra, Katherine",ESA,F,,,,1407,5,40,SEP25,2014,w
6700144,"Infante, Salvador",ESA,M,FM,,,2101,0,20,SEP25,1951,i
6700616,"Iraheta, Rafael",ESA,M,,,,1999,0,20,SEP25,1990,i
6712185,"Jaime Rodriguez, Francisco Raul",ESA,M,,,,1516,0,40,SEP25,1994,
6706908,Jimenez Andres,ESA,M,,,,1487,0,40,SEP25,2006,i
6705685,"Jimenez Calles,Javier Ignacio",ESA,M,,,,1542,0,40,SEP25,2008,i
6707700,Jimenez Mateo,ESA,M,,,,1518,0,40,SEP25,2011,i
6710905,"Joaquin Cabrera, Eduardo Andres",ESA,M,,,,1587,8,40,SEP25,2012,
6710891,"Joaquin Ramos, Jose Williams",ESA,M,,,,1647,2,40,SEP25,1981,
6709672,Jorge Alberto Ortiz Molina,ESA,M,,,,1596,0,40,SEP25,1982,i
6709605,Juan Miguel Posada Arrieta,ESA,M,,,,1704,0,40,SEP25,2008,i
6701698,"Juarez, Miguel",ESA,M,,,,1951,0,40,SEP25,0,i
6704522,"Landaverde, Isai",ESA,M,,,,1899,0,20,SEP25,1992,i
6700560,"Leiva, Marlon",ESA,M,,,,1885,0,20,SEP25,1987,i
6708498,"Lemus, Adonay",ESA,M,,,,1511,0,40,SEP25,2008,i
6705510,"Lemus, Hector",ESA,M,,,,1853,0,20,SEP25,2002,i
6704751,"Lemus, Mario Alvaro",ESA,M,,,,1788,0,40,SEP25,0,i
6700268,"Leyva, Hector",ESA,M,IM,NA,,2303,0,10,SEP25,1965,
6700365,"Lievano Alvarado, Luis",ESA,M,CM,,,2019,11,20,SEP25,1981,
6700403,"Lievano, Juan",ESA,M,,,,2138,0,20,SEP25,1985,i
6706258,"Linares, Walter",ESA,M,,,,1771,0,40,SEP25,1999,i
6708501,"Lizama, Erick Fabrizzio",ESA,M,,,,1486,0,40,SEP25,1974,i
6706860,Lopez Menjivar Luis,ESA,M,,,,1700,0,40,SEP25,2001,i
6707661,"Lopez Tobar, Jeffrey Jair",ESA,M,,,,1554,0,40,SEP25,2009,i
6703364,"Lopez, Alfredo",ESA,M,,,,1679,0,40,SEP25,0,i
6704760,"Lopez, Arnold",ESA,M,,,,1857,0,40,SEP25,0,i
6700713,"Lopez, Carlos Manuel",ESA,M,,"SI,NA",,1919,0,20,SEP25,1991,
6701213,"Lopez, Erika Esmeralda",ESA,F,,,,1910,0,20,SEP25,1992,wi
6708064,"Lopez, Luis",ESA,M,,,,1604,0,40,SEP25,2004,i
6706134,Magana Juan,ESA,M,,,,1651,0,40,SEP25,1980,i
6701248,"Manzur, Salvador",ESA,M,,,,1896,0,40,SEP25,1967,i
6709460,"Martell Arias, Saul Enrique",ESA,M,,,,1692,8,20,SEP25,2001,
6700578,"Martell, Jose",ESA,M,,,,2101,0,40,SEP25,0,i
6712215,"Martinez Argueta, Cristian Alexander",ESA,M,,,,1521,6,40,SEP25,2011,
6712223,"Martinez Argueta, Salvador Alejandro",ESA,M,,,,1517,9,40,SEP25,2013,
6711600,"Martinez Chicas, Carlo Gabriel",ESA,M,,,,1413,7,40,SEP25,2014,
6703070,"Martinez Corpeno, Karla Beatriz",ESA,F,,,,1848,0,20,SEP25,1998,wi
6706843,Martinez Diego,ESA,M,,,,1507,0,40,SEP25,2001,i
6704263,"Martinez Flores, Marcela Leticia",ESA,F,,,,1563,1,40,SEP25,2011,w
6711553,"Martinez Larin, Mario Antonio",ESA,M,,,,1568,0,40,SEP25,1987,
6706835,Martinez Luis Rene,ESA,M,,,,1549,0,40,SEP25,2001,i
6712690,"Martinez Montoya, Cesar Antonio",ESA,M,,,,1575,5,40,SEP25,2004,
6711650,"Martinez Moreira, Fernando Arquimides",ESA,M,,,,1486,5,40,SEP25,2010,
6712266,"Martinez Serpas, Denis Alejandro",ESA,M,,,,1445,0,40,SEP25,2010,
6704778,"Martinez, Daniel (ESA)",ESA,M,,,,1535,0,40,SEP25,0,i
6710743,"Martinez, Daniel Eduardo",ESA,M,,,,1506,0,40,SEP25,2005,i
6704786,"Martinez, Gerson",ESA,M,,,,1734,0,40,SEP25,0,i
6703372,"Martinez, Josue",ESA,M,,,,1704,0,20,SEP25,0,
6700691,"Martinez, Luis Gerardo",ESA,M,,,,1975,0,20,SEP25,1993,i
6706266,"Martinez, Max Alberto",ESA,M,,,,1734,0,40,SEP25,1963,i
6700420,"Martinez, Nelson",ESA,M,FM,,,2010,0,20,SEP25,1985,i
6710433,"Maya Morales, Daniel Alberto",ESA,M,,,,1494,0,40,SEP25,2007,i
6706282,"Mayen, Jennifer",ESA,F,,,,1429,0,40,SEP25,2003,wi
6703380,"Medrano, Camilo",ESA,M,,,,1894,10,20,SEP25,2004,
6703399,"Medrano, Cesar",ESA,M,,,,1586,0,40,SEP25,0,i
6703402,"Medrano, Daniel",ESA,M,,,,1824,8,20,SEP25,2002,
6703410,"Medrano, Roberto",ESA,M,,,,1846,0,20,SEP25,0,i
6701256,"Mejia, Guiseped",ESA,M,,,,1923,0,20,SEP25,1992,i
6706290,"Mejia, Javier",ESA,M,,,,1664,0,40,SEP25,1993,i
6703429,"Mejia, Jorge",ESA,M,,,,1701,0,40,SEP25,0,i
6710360,"Mejia, Jose",ESA,M,,,,1612,0,40,SEP25,2002,i
6701264,"Mejia, Lucio",ESA,M,,NA,,1946,0,20,SEP25,1993,i
6707742,Melara Alejandra,ESA,F,,,,1710,7,40,SEP25,2010,w
6707190,Melara David,ESA,M,,,,1540,0,40,SEP25,2002,i
6704530,"Melara, Antony",ESA,M,,,,1740,0,40,SEP25,0,i
6703909,"Melara, Josue",ESA,M,CM,,,1781,0,20,SEP25,2005,i
6708560,"Melara, Karla Sofia",ESA,F,,,,1470,6,40,SEP25,2012,w
6703917,"Melara, Moises",ESA,M,FM,,,2015,0,20,SEP25,2001,i
6708579,"Melara, Said",ESA,M,,,,1494,0,40,SEP25,2006,i
6709273,"Melara, Sergio Rigoberto",ESA,M,,,,1525,0,40,SEP25,2010,i
6709508,"Melendez Cruz, Jose Roberto",ESA,M,,,,1846,8,40,SEP25,2007,
6710549,"Melendez Hirezi, Rodrigo Antonio",ESA,M,,,,ACM,1656,0,SEP25,1984,
6706819,Melendez Jose Armando,ESA,M,,,,1581,0,40,SEP25,1998,i
6706800,Melendez Manuel A.,ESA,M,FM,,,2163,9,20,SEP25,2005,
6700705,"Melendez, Gabriela",ESA,F,WFM,WFM,,1918,0,20,SEP25,1991,wi
6701710,"Melendez, Jose Edo.",ESA,M,,,,1830,10,20,SEP25,0,
6706010,"Mendez Martinez, Armando",ESA,M,,,,1700,6,20,SEP25,1967,
6707203,Mendez Tania,ESA,F,,,,1595,0,40,SEP25,2001,wi
6705405,"Mendez, Alan Steven",ESA,M,,,,1948,0,20,SEP25,0,
6700888,"Mendez, Dimas",ESA,M,,,,1947,10,20,SEP25,1978,
6701280,"Mendez, Jose",ESA,M,,,,1492,0,40,SEP25,0,i
6700632,"Mendez, Marlon",ESA,M,,,,1990,3,20,SEP25,1989,
6701299,"Mendez, Victor",ESA,M,,,,1540,0,20,SEP25,1968,i
6707602,Mendoza Luis,ESA,M,,,,1563,0,40,SEP25,2003,i
6709877,"Mendoza, Emerson",ESA,M,,,,1563,0,40,SEP25,2009,i
6710182,"Mendoza, Emma Lily",ESA,F,,,,1503,7,40,SEP25,2009,w
6706312,"Menjivar, Luis",ESA,M,,,,1699,0,40,SEP25,1967,i
6700063,"Merino, Maximiliano",ESA,M,,,,1945,0,20,SEP25,1964,i
6707211,Mestizo Julio,ESA,M,,,,1588,0,40,SEP25,2001,i
6706096,"Meza, Luis",ESA,M,,,,1715,0,20,SEP25,1981,
6709524,Miguel Angel Hernandez Montano,ESA,M,,,,1681,0,40,SEP25,1969,i
6707432,"Milla Espino, Alejandro",ESA,M,,,,AFM,1607,5,SEP25,2002,
6701795,"Mina, Oscar",ESA,M,,,,1992,0,40,SEP25,0,i
6700446,"Mira, Felix",ESA,M,,,,1920,8,20,SEP25,1976,
6706789,Miranda Danilo Enrique,ESA,M,,,,1772,0,40,SEP25,1955,i
6703445,"Monge, Jose Eduardo",ESA,M,,,,1738,0,20,SEP25,0,i
6703453,"Monge, Rafael",ESA,M,,,,AIM,1756,0,SEP25,1982,
6703810,"Montano, Axel",ESA,M,,,,1593,0,40,SEP25,0,i
6701337,"Montenegro, Joaquin",ESA,M,,,,1761,0,20,SEP25,1947,i
6707882,Monterrosa Rafael Alfonso,ESA,M,,,,1479,5,20,SEP25,1953,
6711103,"Montoya Pena, Saul Eduardo",ESA,M,,,,1589,7,20,SEP25,1975,
6710581,"Montoya Saravia, Edwin Andres",ESA,M,,,,1479,6,40,SEP25,2011,
6708609,"Montoya, Katherine",ESA,F,,,,1539,0,40,SEP25,2010,wi
6706754,Morales Carlos,ESA,M,FM,,,2188,11,20,SEP25,2001,
6706746,Morales Nestor,ESA,M,,,,1688,0,40,SEP25,1997,i
6710778,"Morales Salvador, Carlos Antonio",ESA,M,,,,1645,0,40,SEP25,2003,i
6703470,"Morales, Henry",ESA,M,,,,1675,0,40,SEP25,0,i
6707920,Moreno Guillermo,ESA,M,,,,1754,0,20,SEP25,2002,
6703488,"Munoz, Randall",ESA,M,,,,1855,0,20,SEP25,0,
6706339,"Najarro, Jose Guillermo",ESA,M,,,,1687,0,20,SEP25,1987,i
6703500,"Navarrete, Guillermo",ESA,M,,,,1841,7,20,SEP25,0,
6705545,"Navarrete, Marco Vinicio",ESA,M,,,,1539,4,20,SEP25,1954,
6710310,"Nerio, Carlos Salvador",ESA,M,,,,1663,8,40,SEP25,2009,
6711073,"Novoa Fuentes, Mateo Alberto",ESA,M,,,,1542,7,40,SEP25,2011,
6707513,Nuila Katherine,ESA,F,,,,1596,0,20,SEP25,2004,wi
6710379,"Olivar Molina, Francisco David",ESA,M,,,,1587,8,40,SEP25,2010,
6711413,"Olivar Rodas, Mario Francisco",ESA,M,,,,1435,0,40,SEP25,2011,
6708730,"Orellana, Fabio",ESA,M,,,,1477,0,40,SEP25,2011,i
6702392,"Ortez, Andrea",ESA,F,WIM,WIM,,2012,16,20,SEP25,2001,w
6711065,"Ortiz Molina, Jorge Alberto",ESA,M,,,,1504,0,40,SEP25,1982,
6700390,"Osorio, Lorena",ESA,F,WFM,WFM,,1954,0,40,SEP25,1997,wi
6709540,Pablo Ernesto Martinez Canales,ESA,M,,,,1671,0,40,SEP25,1999,i
6700764,"Pacheco, Julio",ESA,M,CM,,,1954,6,20,SEP25,1959,
6703135,"Palacios, Celina",ESA,F,WFM,WFM,NA,1862,8,20,SEP25,1999,w
6712312,"Palencia, Sophia",ESA,F,,,,1544,6,40,SEP25,2011,w
6711057,"Parada Medrano, Mathias Sebastian",ESA,M,,,,1406,0,40,SEP25,2013,
6705359,"Parada, Elvis",ESA,M,,,,1808,0,20,SEP25,0,i
6711049,"Paredes Joya, David Alejandro",ESA,M,,,,1628,6,20,SEP25,2003,
6703020,"Pasasin, Alejandro",ESA,M,,,,1568,0,40,SEP25,1957,
6700357,"Pastor, Omar",ESA,M,,,,1975,0,40,SEP25,0,i
6700373,"Pastor, Tania",ESA,F,WFM,WFM,,1956,0,20,SEP25,1979,wi
6712916,"Pena Ortiz, Ernesto Salomon",ESA,M,,,,1530,6,40,SEP25,2007,
6707840,Penate Cesar,ESA,M,,,,1531,0,20,SEP25,1963,
6708749,"Peralta, Marcela Lucia",ESA,F,,,,1457,0,40,SEP25,2010,wi
6704557,"Perez , Carlos Abraham",ESA,M,,,,1754,0,40,SEP25,0,i
6707092,Perez Dennis,ESA,M,,,,1591,0,40,SEP25,2001,i
6707505,Perez Francisco,ESA,M,,,,1773,0,20,SEP25,2002,i
6705197,"Perez Gavidia, Armando",ESA,M,,,,1621,0,20,SEP25,0,i
6707912,Perez Nayeli,ESA,F,,,,1630,6,20,SEP25,2001,w
6705995,Perez Nolasco Roxana Elizabeth,ESA,F,,,,1451,0,40,SEP25,2005,wi
6705715,"Perez Nolasco, Judith Estefani",ESA,F,WCM,WCM,,1650,0,40,SEP25,2008,wi
6707777,Perez Portillo Israel Ernesto,ESA,M,,,,1630,0,40,SEP25,2004,i
6705260,"Perez Salazar, Armando",ESA,M,CM,,,1954,0,20,SEP25,2005,i
6711286,"Perez Torres, Rodrigo Arturo",ESA,M,,,,1533,0,40,SEP25,1999,i
6705120,"Perez Vargas, Armando",ESA,M,,,,1571,3,20,SEP25,1962,
6709052,"Perez, Alexia",ESA,F,,,,1428,5,20,SEP25,2006,w
6705278,"Perez, Armando",ESA,M,,,,1687,0,40,SEP25,0,i
6705324,"Perez, Damaris Nicole",ESA,F,CM,WFM,,1825,9,20,SEP25,2005,w
6700047,"Pineda, Boris",ESA,M,FM,,,2216,0,20,SEP25,1958,i
6706347,"Pineda, Rogelio Arturo",ESA,M,,,,1794,0,40,SEP25,1981,i
6703690,"Pinto, Alejandro",ESA,M,,,,1817,0,20,SEP25,0,i
6701914,"Pinzon, Tania J.",ESA,F,,,,1787,0,20,SEP25,1994,wi
6711332,"Portillo, Hersson",ESA,M,,,,1660,0,40,SEP25,2017,i
6709494,"Posada Arrieta, Santiago Jose",ESA,M,,,,1708,0,40,SEP25,2005,i
6707220,Quan Roberto,ESA,M,,,,1539,0,40,SEP25,1944,i
6708099,Quijano Rodrigo,ESA,M,,,,1457,0,40,SEP25,1996,i
6704859,"Quijano, Juan Marcos",ESA,M,,,,1754,0,20,SEP25,0,i
6700551,"Quijano, Manuel D. Jesus",ESA,M,,,,2044,0,40,SEP25,0,i
6701426,"Ramirez, Gustavo",ESA,M,,,,1617,0,40,SEP25,0,i
6701434,"Ramirez, Jorge",ESA,M,FM,,,2118,0,20,SEP25,1987,i
6706711,Ramos Luz Elena,ESA,F,,,,1686,0,40,SEP25,2002,wi
6705421,"Ramos, Roque",ESA,M,,,,1831,0,40,SEP25,0,i
6702023,"Recinos, Jonathan",ESA,M,,,,1877,0,20,SEP25,0,i
6704352,"Reynosa, Kevin",ESA,M,,,,1848,0,40,SEP25,0,i
6709486,Ricardo Enrique Morales Tejada,ESA,M,,,,1655,0,40,SEP25,1978,i
6702139,"Rios, Carlos",ESA,M,,,,1963,0,20,SEP25,0,i
6701728,"Rios, Salvador",ESA,M,,,,1954,0,40,SEP25,0,i
6702414,"Rivas Campos, Jonatan Esli",ESA,M,,,,1603,0,40,SEP25,1977,
6712363,"Rivas Medina, Fernando Enrique",ESA,M,,,,1625,0,40,SEP25,2007,
6701450,"Rivas, Juan",ESA,M,,,,1484,0,40,SEP25,1947,
6703534,"Rivas, Rigoberto",ESA,M,,,,1796,0,40,SEP25,0,i
6707904,Rivera Bryan,ESA,M,,,,1610,0,40,SEP25,2001,i
6709427,Rivera Luis Amilcar,ESA,M,,,,1740,0,40,SEP25,2004,i
6706070,Rivera Mario Alfredo,ESA,M,,,,1719,8,20,SEP25,1962,
6707416,Rivera Monica Nicole,ESA,F,,,,1659,0,40,SEP25,2004,wi
6707319,Rivera Omar,ESA,M,,,,1656,0,20,SEP25,1962,i
6706703,Rivera Paredes Carlos Alberto,ESA,M,,,,1742,0,40,SEP25,1991,i
6704883,"Rivera, Mirian Yudith",ESA,M,,,,1624,0,40,SEP25,0,i
6709028,"Rivera, Samael",ESA,M,,,,1422,0,40,SEP25,2004,i
6704905,"Rivera, Susana Rebeca",ESA,M,,,,1544,0,40,SEP25,0,i
6710565,"Rivera, Valeria Alessandra",ESA,M,,,,1473,0,40,SEP25,1998,i
6706690,Rodriguez Victor Hugo,ESA,M,,,,1761,0,40,SEP25,1986,i
6706681,Rodriguez Yanci Andrea,ESA,F,,,,1546,0,20,SEP25,2005,wi
6706380,"Rodriguez, Andres",ESA,M,,,,1600,0,40,SEP25,1998,i
6701892,"Rodriguez, Cristian A.",ESA,M,,,,1873,6,20,SEP25,1994,
6704360,"Rodriguez, Wilfredo",ESA,M,,,,1795,0,40,SEP25,0,i
6707831,Roldan Josue Jared,ESA,M,,,,1701,0,40,SEP25,1984,i
6704379,"Romero Castillo, Santos Rodrigo",ESA,M,,,,1880,0,40,SEP25,0,i
6702430,"Romero, Armando Gaitan",ESA,M,,,,1721,0,20,SEP25,0,i
6703836,"Romero, Gustavo",ESA,M,,,,1781,0,40,SEP25,0,i
6700772,"Romero, Wilber",ESA,M,,,,1835,0,20,SEP25,0,i
6704565,"Romero, Wilbert",ESA,M,,,,1852,4,20,SEP25,0,
6703550,"Rosemberg, Carlos",ESA,M,,,,1907,0,40,SEP25,0,i
6704913,"Ruballo, Jose",ESA,M,,,,1884,0,20,SEP25,0,i
6708102,"Rugamas, Allison Daniela",ESA,F,,,,1607,5,40,SEP25,2009,w
6708110,"Rugamas, Camila",ESA,F,,,,1443,3,40,SEP25,2007,w
6705391,"Ruiz Caceres, German",ESA,M,,,,1806,0,20,SEP25,1948,i
6706509,Salazar David,ESA,M,,,,1660,0,40,SEP25,2000,i
6702040,"Salem, Salvador",ESA,M,,,,1775,0,40,SEP25,0,i
6709818,"Sanchez, Andres",ESA,M,,,,1523,7,40,SEP25,2011,
6701493,"Sanchez, David",ESA,M,,,,1918,0,20,SEP25,1997,i
6700217,"Sanchez, Ingrid",ESA,F,WFM,WFM,,2032,0,20,SEP25,1991,wi
6701507,"Sanchez, Jose",ESA,M,,,,1990,0,20,SEP25,1992,i
6708714,"Sanchez, Lazaro",ESA,M,,,,1521,0,40,SEP25,2005,i
6709907,"Sanchez, Ronualdy",ESA,M,,NI,,1602,0,40,SEP25,1980,i
6700349,"Sandoval, Mario",ESA,M,,,,1772,0,20,SEP25,1950,
6702970,"Santos Reyes, Rodrigo",ESA,M,,,,1775,0,20,SEP25,1976,
6708676,"Santos, Ana Mariela",ESA,F,,,,1464,0,40,SEP25,2004,wi
6703615,"Santos, Judith",ESA,F,WCM,WCM,,1852,0,20,SEP25,2001,wi
6704395,"Santos, Oliver",ESA,M,CM,,,1962,0,20,SEP25,2002,i
6706398,"Segovia, Omar",ESA,M,,,,1674,0,40,SEP25,1981,i
6703569,"Segura, Efrain",ESA,M,,,,1847,0,20,SEP25,0,i
6700381,"Segura, Javier",ESA,M,,,,2055,0,20,SEP25,0,i
6700586,"Sermeno, Carlos",ESA,M,,,,2021,0,40,SEP25,0,i
6709893,"Serrano Urbina, Elias",ESA,M,,,,1683,0,40,SEP25,1980,
6708668,"Serrano, Rodrigo Ernesto",ESA,M,,,,1567,0,40,SEP25,1999,i
6706401,"Serrano, William",ESA,M,,,,1641,0,40,SEP25,1999,i
6706657,Sibrian C Samuel Urias,ESA,M,,,,1772,0,40,SEP25,1979,i
6706649,Sibrian C.Jose Candido,ESA,M,,,,1527,0,40,SEP25,1956,i
6707823,Sierra Brian,ESA,M,,,,1687,6,20,SEP25,1979,
6710620,"Siguenza, Rodolfo Alonso",ESA,M,,,,1740,0,40,SEP25,1950,
6703143,"Silva, Gabriela",ESA,F,,,,1825,0,20,SEP25,0,wi
6711340,"Solorzano Galvez, Daniel Osmar",ESA,M,,,,1650,0,40,SEP25,2005,i
6707815,Solorzano Oscar,ESA,M,,,,1642,0,40,SEP25,2002,i
6708650,"Soriano, Isaias",ESA,M,,,,1564,0,40,SEP25,2004,i
6702465,"Sura, Kalvin",ESA,M,CM,,,1935,6,20,SEP25,1962,
6709206,"Tamacas, Marcelo",ESA,M,,,,1614,0,40,SEP25,2010,i
6700497,"Tobar, Jorge",ESA,M,,,,1901,8,20,SEP25,1963,
6706436,"Torres, Mauricio",ESA,M,,,,1809,0,40,SEP25,1963,i
6701531,"Torres, Vicente",ESA,M,,,,1834,0,20,SEP25,1953,i
6701582,"Umana, David",ESA,M,,,,1845,0,40,SEP25,1989,i
6709478,"Valdez Hernandez, Francisco Eliseo",ESA,M,,NA,,1659,0,40,SEP25,2005,i
6703780,"Valencia, Oscar",ESA,M,,,,1912,0,20,SEP25,0,i
6710530,"Vaquerano Lazo, Jose Daniel",ESA,M,,,,1733,0,40,SEP25,1980,i
6710450,"Vaquerano, Daniel Mateo",ESA,M,,,,1424,6,40,SEP25,2011,
6702490,"Vaquero, Roberto",ESA,M,,,,1452,0,40,SEP25,0,i
6707408,Vasquez Cristian,ESA,M,,,,1567,0,40,SEP25,1998,i
6708897,"Vasquez Munoz, Paola",ESA,F,,,,1504,0,40,SEP25,2007,wi
6707254,Vasquez Oscar Ernesto,ESA,M,,,,1841,0,20,SEP25,1972,i
6707793,Vasquez Paola,ESA,F,,,,1483,0,40,SEP25,2004,wi
6705723,"Vasquez Vasquez, Marielos",ESA,F,WCM,WCM,,1829,9,40,SEP25,2007,w
6700438,"Vasquez, Marlon David",ESA,M,CM,FT,,1906,0,20,SEP25,1958,i
6706606,Velasquez Cesar Edgardo,ESA,M,,,,1624,0,20,SEP25,1965,
6706614,Velasquez Mario A.,ESA,M,,,,1713,0,40,SEP25,1966,i
6709362,"Velasquez, Jose Eduardo",ESA,M,,,,1776,0,40,SEP25,1962,i
6700039,"Velasquez, Manuel A",ESA,M,,,,2260,0,20,SEP25,0,i
6700110,"Velasquez, Oscar",ESA,M,,,,1999,0,20,SEP25,1955,i
6707327,Velez Dario,ESA,M,,,,1428,0,40,SEP25,1957,i
6706452,Viana Diego,ESA,M,,,,1749,0,40,SEP25,2000,i
6708617,"Viera, Marjorie",ESA,F,,,,1475,0,40,SEP25,2007,wi
6705375,"Villacorta, Erick",ESA,M,,,,1417,0,40,SEP25,0,i
6711928,"Villalobos Hernandez, Pedro Roberto",ESA,M,,,,1524,9,40,SEP25,2011,
6704930,"Villalobos, Alejandra",ESA,M,,,,1741,0,40,SEP25,0,i
6706444,"Villalobos, Carlos",ESA,M,,,,1542,0,40,SEP25,1999,i
6706592,Villalta Camilo,ESA,M,,,,1859,0,20,SEP25,2005,i
6706584,Villalta Diego,ESA,M,,,,1714,0,40,SEP25,2007,i
6707289,"Villalta, Camilo",ESA,M,,,,1663,0,40,SEP25,0,i
6709613,Zabdiel Neftaly Torres Perez,ESA,M,,,,1766,6,20,SEP25,2005,
6703089,"Zavala Galindo, Alejandra Beatriz",ESA,F,WFM,WFM,NA,1807,5,20,SEP25,1997,w
6710727,"Zelaya Rivas, Jonathan Neftali",ESA,M,,,,AFM,1601,0,SEP25,1997,
6700071,"Zelaya, Gustavo",ESA,M,CM,,,2172,0,40,SEP25,0,i
6700128,"Zelaya, Porfirio",ESA,M,,,,2125,0,40,SEP25,0,i
6700233,"Zepeda, Lorena",ESA,F,WIM,WIM,,2056,0,20,SEP25,1984,w
6700195,"Zepeda, Rafael",ESA,M,,,,1952,0,20,SEP25,1954,
6700241,"Zepeda, Sonia",ESA,F,WIM,WIM,,2066,0,20,SEP25,1981,wi
6701590,"Zometa Guzman, Miguel Angel",ESA,M,,"FI,FA",,AGM,1842,8,SEP25,1987,