[
  {
    "ID Number": "8101043"
  },
  {
    "ID Number": "8124647"
  },
  {
    "ID Number": "8127417"
  },
  {
    "ID Number": "8117160"
  },
  {
    "ID Number": "8118337"
  },
  {
    "ID Number": "8119864"
  },
  {
    "ID Number": "8103526"
  },
  {
    "ID Number": "8110816"
  },
  {
    "ID Number": "8131554"
  },
  {
    "ID Number": "8110824"
  },
  {
    "ID Number": "8111928"
  },
  {
    "ID Number": "8102422"
  },
  {
    "ID Number": "8108790"
  },
  {
    "ID Number": "8119430"
  },
  {
    "ID Number": "8119210"
  },
  {
    "ID Number": "8108803"
  },
  {
    "ID Number": "8112886"
  },
  {
    "ID Number": "8128820"
  },
  {
    "ID Number": "8116350"
  },
  {
    "ID Number": "8112436"
  },
  {
    "ID Number": "8104816"
  },
  {
    "ID Number": "8113211"
  },
  {
    "ID Number": "8126950"
  },
  {
    "ID Number": "8106550"
  },
  {
    "ID Number": "8118760"
  },
  {
    "ID Number": "8130426"
  },
  {
    "ID Number": "8113475"
  },
  {
    "ID Number": "8103348"
  },
  {
    "ID Number": "8109109"
  },
  {
    "ID Number": "8128812"
  },
  {
    "ID Number": "8117403"
  },
  {
    "ID Number": "8101159"
  },
  {
    "ID Number": "8100160"
  },
  {
    "ID Number": "8101183"
  },
  {
    "ID Number": "8102023"
  },
  {
    "ID Number": "8104328"
  },
  {
    "ID Number": "8114544"
  },
  {
    "ID Number": "8109290"
  },
  {
    "ID Number": "8122164"
  },
  {
    "ID Number": "8129509"
  },
  {
    "ID Number": "8112851"
  },
  {
    "ID Number": "8129452"
  },
  {
    "ID Number": "8127450"
  },
  {
    "ID Number": "8114951"
  },
  {
    "ID Number": "8103178"
  },
  {
    "ID Number": "8107793"
  },
  {
    "ID Number": "8129789"
  },
  {
    "ID Number": "8101779"
  },
  {
    "ID Number": "8111510"
  },
  {
    "ID Number": "8101400"
  },
  {
    "ID Number": "8100098"
  },
  {
    "ID Number": "8103879"
  },
  {
    "ID Number": "8104867"
  },
  {
    "ID Number": "8101086"
  },
  {
    "ID Number": "8105600"
  },
  {
    "ID Number": "8105146"
  },
  {
    "ID Number": "8105154"
  },
  {
    "ID Number": "8105162"
  },
  {
    "ID Number": "8105170"
  },
  {
    "ID Number": "8101531"
  },
  {
    "ID Number": "8101248"
  },
  {
    "ID Number": "8119112"
  },
  {
    "ID Number": "8104379"
  },
  {
    "ID Number": "8110573"
  },
  {
    "ID Number": "8108145"
  },
  {
    "ID Number": "8107548"
  },
  {
    "ID Number": "8103410"
  },
  {
    "ID Number": "8103186"
  },
  {
    "ID Number": "8103020"
  },
  {
    "ID Number": "8124272"
  },
  {
    "ID Number": "146241608"
  },
  {
    "ID Number": "8100713"
  },
  {
    "ID Number": "8103933"
  },
  {
    "ID Number": "8106398"
  },
  {
    "ID Number": "8113513"
  },
  {
    "ID Number": "8112584"
  },
  {
    "ID Number": "8112118"
  },
  {
    "ID Number": "8114935"
  },
  {
    "ID Number": "8102589"
  },
  {
    "ID Number": "8128480"
  },
  {
    "ID Number": "8124213"
  },
  {
    "ID Number": "8106401"
  },
  {
    "ID Number": "8125031"
  },
  {
    "ID Number": "8112754"
  },
  {
    "ID Number": "8129886"
  },
  {
    "ID Number": "8114498"
  },
  {
    "ID Number": "8117683"
  },
  {
    "ID Number": "8131490"
  },
  {
    "ID Number": "8105529"
  },
  {
    "ID Number": "8114137"
  },
  {
    "ID Number": "8130736"
  },
  {
    "ID Number": "8126739"
  },
  {
    "ID Number": "8112762"
  },
  {
    "ID Number": "8123470"
  },
  {
    "ID Number": "8121117"
  },
  {
    "ID Number": "8133298"
  },
  {
    "ID Number": "8122474"
  },
  {
    "ID Number": "8122385"
  },
  {
    "ID Number": "8109486"
  },
  {
    "ID Number": "8128731"
  },
  {
    "ID Number": "8122547"
  },
  {
    "ID Number": "8121842"
  },
  {
    "ID Number": "8100020"
  },
  {
    "ID Number": "8115117"
  },
  {
    "ID Number": "8102937"
  },
  {
    "ID Number": "8132186"
  },
  {
    "ID Number": "8102880"
  },
  {
    "ID Number": "8108161"
  },
  {
    "ID Number": "8112061"
  },
  {
    "ID Number": "8108170"
  },
  {
    "ID Number": "8109508"
  },
  {
    "ID Number": "8109842"
  },
  {
    "ID Number": "8106070"
  },
  {
    "ID Number": "8113637"
  },
  {
    "ID Number": "8113700"
  },
  {
    "ID Number": "8129959"
  },
  {
    "ID Number": "8132992"
  },
  {
    "ID Number": "8129622"
  },
  {
    "ID Number": "8110069"
  },
  {
    "ID Number": "8110654"
  },
  {
    "ID Number": "8127050"
  },
  {
    "ID Number": "8114188"
  },
  {
    "ID Number": "8133000"
  },
  {
    "ID Number": "8121877"
  },
  {
    "ID Number": "8119481"
  },
  {
    "ID Number": "8103500"
  },
  {
    "ID Number": "8102651"
  },
  {
    "ID Number": "8108714"
  },
  {
    "ID Number": "8111561"
  },
  {
    "ID Number": "8103070"
  },
  {
    "ID Number": "724190"
  },
  {
    "ID Number": "8128898"
  },
  {
    "ID Number": "8110930"
  },
  {
    "ID Number": "8122636"
  },
  {
    "ID Number": "8123489"
  },
  {
    "ID Number": "8128952"
  },
  {
    "ID Number": "8103607"
  },
  {
    "ID Number": "8119597"
  },
  {
    "ID Number": "8126275"
  },
  {
    "ID Number": "8111766"
  },
  {
    "ID Number": "8128553"
  },
  {
    "ID Number": "8118795"
  },
  {
    "ID Number": "8130353"
  },
  {
    "ID Number": "8126224"
  },
  {
    "ID Number": "8118590"
  },
  {
    "ID Number": "8112797"
  },
  {
    "ID Number": "8129118"
  },
  {
    "ID Number": "8129991"
  },
  {
    "ID Number": "8109176"
  },
  {
    "ID Number": "8128316"
  },
  {
    "ID Number": "8128960"
  },
  {
    "ID Number": "8114161"
  },
  {
    "ID Number": "8131759"
  },
  {
    "ID Number": "8123438"
  },
  {
    "ID Number": "8133727"
  },
  {
    "ID Number": "8130620"
  },
  {
    "ID Number": "8109052"
  },
  {
    "ID Number": "8120765"
  },
  {
    "ID Number": "8129096"
  },
  {
    "ID Number": "8122849"
  },
  {
    "ID Number": "8122733"
  },
  {
    "ID Number": "8125511"
  },
  {
    "ID Number": "8116890"
  },
  {
    "ID Number": "8130477"
  },
  {
    "ID Number": "8112126"
  },
  {
    "ID Number": "8126453"
  },
  {
    "ID Number": "8128251"
  },
  {
    "ID Number": "8103798"
  },
  {
    "ID Number": "8109206"
  },
  {
    "ID Number": "8114331"
  },
  {
    "ID Number": "8110093"
  },
  {
    "ID Number": "8131767"
  },
  {
    "ID Number": "8133808"
  },
  {
    "ID Number": "8122857"
  },
  {
    "ID Number": "8120854"
  },
  {
    "ID Number": "8127158"
  },
  {
    "ID Number": "8101442"
  },
  {
    "ID Number": "7600437"
  },
  {
    "ID Number": "8128570"
  },
  {
    "ID Number": "8111898"
  },
  {
    "ID Number": "8110247"
  },
  {
    "ID Number": "8115354"
  },
  {
    "ID Number": "8133620"
  },
  {
    "ID Number": "8108927"
  },
  {
    "ID Number": "8111901"
  },
  {
    "ID Number": "8130035"
  },
  {
    "ID Number": "8112398"
  },
  {
    "ID Number": "8129258"
  },
  {
    "ID Number": "8118990"
  },
  {
    "ID Number": "8128170"
  },
  {
    "ID Number": "8127131"
  },
  {
    "ID Number": "8112746"
  },
  {
    "ID Number": "8112576"
  },
  {
    "ID Number": "8114803"
  },
  {
    "ID Number": "8114196"
  },
  {
    "ID Number": "8124370"
  },
  {
    "ID Number": "8130051"
  },
  {
    "ID Number": "8112495"
  },
  {
    "ID Number": "8133735"
  },
  {
    "ID Number": "8100500"
  },
  {
    "ID Number": "8129665"
  },
  {
    "ID Number": "8129185"
  },
  {
    "ID Number": "8108781"
  },
  {
    "ID Number": "8121885"
  },
  {
    "ID Number": "8130094"
  },
  {
    "ID Number": "8109265"
  },
  {
    "ID Number": "8125465"
  },
  {
    "ID Number": "8111073"
  },
  {
    "ID Number": "8100110"
  },
  {
    "ID Number": "8102775"
  },
  {
    "ID Number": "8125538"
  },
  {
    "ID Number": "8113610"
  },
  {
    "ID Number": "8124310"
  },
  {
    "ID Number": "8104239"
  },
  {
    "ID Number": "8122660"
  },
  {
    "ID Number": "8126550"
  },
  {
    "ID Number": "8101949"
  },
  {
    "ID Number": "8108234"
  },
  {
    "ID Number": "8127492"
  },
  {
    "ID Number": "8112410"
  },
  {
    "ID Number": "8129673"
  },
  {
    "ID Number": "8112258"
  },
  {
    "ID Number": "8129550"
  },
  {
    "ID Number": "8127590"
  },
  {
    "ID Number": "8121680"
  },
  {
    "ID Number": "8124396"
  },
  {
    "ID Number": "8112959"
  },
  {
    "ID Number": "8101744"
  },
  {
    "ID Number": "8100420"
  },
  {
    "ID Number": "8101671"
  },
  {
    "ID Number": "8113629"
  },
  {
    "ID Number": "8100144"
  },
  {
    "ID Number": "8122938"
  },
  {
    "ID Number": "8123144"
  },
  {
    "ID Number": "8113246"
  },
  {
    "ID Number": "8123080"
  },
  {
    "ID Number": "8114056"
  },
  {
    "ID Number": "8131511"
  },
  {
    "ID Number": "8109389"
  },
  {
    "ID Number": "8101868"
  },
  {
    "ID Number": "8114552"
  },
  {
    "ID Number": "8106592"
  },
  {
    "ID Number": "8117322"
  },
  {
    "ID Number": "8102368"
  },
  {
    "ID Number": "8112134"
  },
  {
    "ID Number": "8124264"
  },
  {
    "ID Number": "8114501"
  },
  {
    "ID Number": "8114005"
  },
  {
    "ID Number": "8132607"
  },
  {
    "ID Number": "8127280"
  },
  {
    "ID Number": "8121788"
  },
  {
    "ID Number": "8120773"
  },
  {
    "ID Number": "8108749"
  },
  {
    "ID Number": "8123900"
  },
  {
    "ID Number": "8113351"
  },
  {
    "ID Number": "8112045"
  },
  {
    "ID Number": "8102783"
  },
  {
    "ID Number": "8110352"
  },
  {
    "ID Number": "8123250"
  },
  {
    "ID Number": "8115869"
  },
  {
    "ID Number": "8126755"
  },
  {
    "ID Number": "8123659"
  },
  {
    "ID Number": "8127310"
  },
  {
    "ID Number": "8122504"
  },
  {
    "ID Number": "8119775"
  },
  {
    "ID Number": "8120358"
  },
  {
    "ID Number": "8124418"
  },
  {
    "ID Number": "8111332"
  },
  {
    "ID Number": "8128642"
  },
  {
    "ID Number": "8129525"
  },
  {
    "ID Number": "8131406"
  },
  {
    "ID Number": "8133050"
  },
  {
    "ID Number": "8133751"
  },
  {
    "ID Number": "8133760"
  },
  {
    "ID Number": "8133484"
  },
  {
    "ID Number": "8109931"
  },
  {
    "ID Number": "8115079"
  },
  {
    "ID Number": "8116296"
  },
  {
    "ID Number": "8123977"
  },
  {
    "ID Number": "8125309"
  },
  {
    "ID Number": "8115095"
  },
  {
    "ID Number": "8110263"
  },
  {
    "ID Number": "8114960"
  },
  {
    "ID Number": "8129134"
  },
  {
    "ID Number": "8124671"
  },
  {
    "ID Number": "8126682"
  },
  {
    "ID Number": "8128928"
  },
  {
    "ID Number": "8128367"
  },
  {
    "ID Number": "8100403"
  },
  {
    "ID Number": "8120412"
  },
  {
    "ID Number": "8118213"
  },
  {
    "ID Number": "8115133"
  },
  {
    "ID Number": "8133093"
  },
  {
    "ID Number": "8128847"
  },
  {
    "ID Number": "8118841"
  },
  {
    "ID Number": "8101817"
  },
  {
    "ID Number": "8125520"
  },
  {
    "ID Number": "8126232"
  },
  {
    "ID Number": "8117861"
  },
  {
    "ID Number": "8129517"
  },
  {
    "ID Number": "8117578"
  },
  {
    "ID Number": "8109419"
  },
  {
    "ID Number": "8112169"
  },
  {
    "ID Number": "8131937"
  },
  {
    "ID Number": "8130531"
  },
  {
    "ID Number": "8118906"
  },
  {
    "ID Number": "8128383"
  },
  {
    "ID Number": "8121036"
  },
  {
    "ID Number": "8122920"
  },
  {
    "ID Number": "8115052"
  },
  {
    "ID Number": "8119872"
  },
  {
    "ID Number": "8112975"
  },
  {
    "ID Number": "8105219"
  },
  {
    "ID Number": "8133638"
  },
  {
    "ID Number": "8110840"
  },
  {
    "ID Number": "8106460"
  },
  {
    "ID Number": "8106959"
  },
  {
    "ID Number": "8126500"
  },
  {
    "ID Number": "8125171"
  },
  {
    "ID Number": "8111316"
  },
  {
    "ID Number": "8114536"
  },
  {
    "ID Number": "8123195"
  },
  {
    "ID Number": "8116660"
  },
  {
    "ID Number": "8120277"
  },
  {
    "ID Number": "8122423"
  },
  {
    "ID Number": "8128120"
  },
  {
    "ID Number": "8112304"
  },
  {
    "ID Number": "8103690"
  },
  {
    "ID Number": "8123098"
  },
  {
    "ID Number": "8113416"
  },
  {
    "ID Number": "8109427"
  },
  {
    "ID Number": "8112703"
  },
  {
    "ID Number": "8102953"
  },
  {
    "ID Number": "8111820"
  },
  {
    "ID Number": "8114595"
  },
  {
    "ID Number": "8127565"
  },
  {
    "ID Number": "8111456"
  },
  {
    "ID Number": "8112266"
  },
  {
    "ID Number": "8101205"
  },
  {
    "ID Number": "8104220"
  },
  {
    "ID Number": "8113300"
  },
  {
    "ID Number": "8110271"
  },
  {
    "ID Number": "8100705"
  },
  {
    "ID Number": "8100640"
  },
  {
    "ID Number": "8100942"
  },
  {
    "ID Number": "8100306"
  },
  {
    "ID Number": "8121001"
  },
  {
    "ID Number": "8120544"
  },
  {
    "ID Number": "8125333"
  },
  {
    "ID Number": "8125384"
  },
  {
    "ID Number": "8113386"
  },
  {
    "ID Number": "8115362"
  },
  {
    "ID Number": "8124728"
  },
  {
    "ID Number": "8115940"
  },
  {
    "ID Number": "8117004"
  },
  {
    "ID Number": "8123110"
  },
  {
    "ID Number": "8115877"
  },
  {
    "ID Number": "8131538"
  },
  {
    "ID Number": "8127476"
  },
  {
    "ID Number": "8103445"
  },
  {
    "ID Number": "8130566"
  },
  {
    "ID Number": "8126470"
  },
  {
    "ID Number": "8113319"
  },
  {
    "ID Number": "8107068"
  },
  {
    "ID Number": "8101736"
  },
  {
    "ID Number": "8112193"
  },
  {
    "ID Number": "8110328"
  },
  {
    "ID Number": "8113327"
  },
  {
    "ID Number": "8106860"
  },
  {
    "ID Number": "8110280"
  },
  {
    "ID Number": "8111553"
  },
  {
    "ID Number": "8107556"
  },
  {
    "ID Number": "8108005"
  },
  {
    "ID Number": "8106215"
  },
  {
    "ID Number": "8110778"
  },
  {
    "ID Number": "8127115"
  },
  {
    "ID Number": "8125490"
  },
  {
    "ID Number": "8112053"
  },
  {
    "ID Number": "8111324"
  },
  {
    "ID Number": "8114471"
  },
  {
    "ID Number": "8120536"
  },
  {
    "ID Number": "8108323"
  },
  {
    "ID Number": "8109230"
  },
  {
    "ID Number": "8126747"
  },
  {
    "ID Number": "8122261"
  },
  {
    "ID Number": "8125929"
  },
  {
    "ID Number": "8130787"
  },
  {
    "ID Number": "8109990"
  },
  {
    "ID Number": "8104050"
  },
  {
    "ID Number": "8129533"
  },
  {
    "ID Number": "8126801"
  },
  {
    "ID Number": "8123918"
  },
  {
    "ID Number": "8111545"
  },
  {
    "ID Number": "8100551"
  },
  {
    "ID Number": "8127336"
  },
  {
    "ID Number": "8104255"
  },
  {
    "ID Number": "8114870"
  },
  {
    "ID Number": "8109648"
  },
  {
    "ID Number": "8128138"
  }
]