ID Number,Name,Fed,Sex,Title,WTit,OTit,Rating,Gms,K,RatingMonth,B-day,Flag
8100802,"Ababneh, Faisal",JOR,M,,,,1964,0,20,AUG25,1966,i
8101043,"Ababneh, Ghayth",JOR,M,,,,1976,0,20,AUG25,1982,
8100241,"Abandah, Jamal",JOR,M,,,,1938,0,20,AUG25,1964,i
8115168,"Abd Alarahman, Mahmoud",JOR,M,,,,1524,0,40,AUG25,2007,i
8132941,"Abd Aljawad, Farraj",JOR,M,,,,1612,6,40,AUG25,2009,
8124647,Abdallah Abu Saa,JOR,M,,,,1641,0,20,AUG25,1992,
8127417,Abdallah Abuhijleh,JOR,M,,,,1589,0,40,AUG25,2007,i
8117160,Abdallah Elsafarti,JOR,M,,,,1752,0,40,AUG25,2002,i
8118337,Abdallah haymour,JOR,M,,,,1706,4,40,AUG25,1999,
8119864,Abdallah Khwaira,JOR,M,,,,1532,0,40,AUG25,2015,
8120242,Abdallah Nassar,JOR,M,,,,1671,0,40,AUG25,2000,i
8114072,Abdallah Saleh,JOR,M,,,,1547,0,40,AUG25,2012,i
8103526,"Abdallah, A-Shbol",JOR,M,,,,1838,0,20,AUG25,1972,
8110816,"Abdallah, Al-Khanji",JOR,M,,,,1584,0,40,AUG25,1995,i
8113459,"Abdallah, Alawi",JOR,M,,,,1671,0,40,AUG25,1993,i
8131554,"Abdallah, Alhaj Mohammad",JOR,M,,,,1770,0,40,AUG25,1994,
8110824,"Abdallah, Alrshaidat",JOR,M,,,,1475,0,40,AUG25,2008,i
8106673,"Abdallah, Argowb",JOR,M,,,,1819,0,20,AUG25,1987,i
8111928,"Abdallah, Barjous",JOR,M,,,,1599,0,40,AUG25,1997,i
8100985,"Abdallah, Feras",JOR,M,,,,2052,0,20,AUG25,1969,i
8110360,"Abdallah, Nawasreh",JOR,M,,,,1552,0,40,AUG25,1971,i
8132135,"AbdAlrahman, Barham",JOR,M,,,,1718,0,40,AUG25,2003,
8126348,ABDEL ALSHARAFAT,JOR,M,,,,1780,0,40,AUG25,1990,
8102422,Abdel Munem Abu Hazeem,JOR,M,,,,1926,0,20,AUG25,1985,
8108790,Abdel Rahman Alhadidi,JOR,M,,,,1789,8,40,AUG25,2007,
8119430,Abdel Rahman alkayyali,JOR,M,,,,1707,7,20,AUG25,2002,
8108803,Abdel Rahman Khanji,JOR,M,,,,ACM,1573,0,AUG25,2003,i
8112886,Abdel Rahman Sadeh,JOR,M,,"NI,NA",,1541,0,40,AUG25,1996,i
8132151,"Abdel Rahman, Alfakhouri",JOR,M,,,,1675,0,40,AUG25,2003,
8132968,"Abdel Rahman, Alfakhoury",JOR,M,,,,1568,0,40,AUG25,2003,
8113734,"Abdel Rahman, Alzubaidi",JOR,M,,,,1633,0,40,AUG25,1993,i
8116520,Abdel Rauof Alhajjaj,JOR,M,,,,1464,0,40,AUG25,1981,i
8116350,Abdel Razzaq Kasrawi,JOR,M,,,,1589,7,40,AUG25,1999,
8116440,Abdelaziz Zaro,JOR,M,,,,1428,0,40,AUG25,1974,i
8112436,Abdelkareem Saleh,JOR,M,,,,1836,0,20,AUG25,2003,
8104816,"Abdelrahim, Abdelrahim",JOR,M,,,,1630,0,20,AUG25,2002,i
8113211,"Abdelrahman, Al Amer",JOR,M,,,,1810,8,20,AUG25,1998,
8124841,ABDUL RAHMAN AL-MAHROUK,JOR,M,,,,1709,0,40,AUG25,2001,
8123705,Abdul Rahman Khader,JOR,M,,,,1620,0,40,AUG25,2003,
8104433,Abdulaziz Bani Yasien,JOR,M,,,,1851,0,20,AUG25,1970,
8115990,Abdulelah Alkayid,JOR,M,,,,1440,0,40,AUG25,1990,i
8106550,"Abdulla, Mohammad",JOR,M,,,,1944,8,20,AUG25,1975,
8118760,Abdullah Arafat,JOR,M,,,,1544,6,40,AUG25,2006,
8124566,Abdullah Othman,JOR,M,,,,1700,0,40,AUG25,2006,i
8113475,"Abdullah, Alnahleh",JOR,M,,,,1613,0,20,AUG25,2005,i
8132976,"Abdullah, Ameereh",JOR,M,,,,1521,0,40,AUG25,2003,
8103330,"Abdullah, Aseel",JOR,F,,,,1675,0,20,AUG25,1999,wi
8103348,"Abdullah, Aya",JOR,F,,,,1777,0,20,AUG25,1997,wi
8109109,"Abdullah, Bany Yaseen",JOR,M,,,,1840,0,40,AUG25,2007,
8113130,"Abdulrahman, Abuargoup",JOR,M,,,,1606,0,40,AUG25,2004,i
8113114,"Abdulrahman, Abuarqoup",JOR,M,,,,1544,0,40,AUG25,2004,i
8101299,"Abed Almunam, Hmoud",JOR,M,,,,1843,0,20,AUG25,1969,
8110026,"Abed Alrahman, Zapen",JOR,M,,,,1605,0,20,AUG25,2001,i
8100047,"Abed, Rabou",JOR,M,,,,2023,0,20,AUG25,1956,
8118540,Abedalaziz Abuawwad,JOR,M,,,,1668,0,40,AUG25,2003,i
8125643,ABEDALAZIZ AL-KOUZ,JOR,M,,,,1513,0,40,AUG25,2005,i
8128812,Abedalaziz Ghunmat,JOR,M,,,,1581,0,40,AUG25,1990,
8110379,"Abedalrazak, Nawasreh",JOR,M,,,,1669,0,20,AUG25,1989,i
8101159,"Abo-Hazeem, Mohanned",JOR,M,,,,2059,0,20,AUG25,1993,i
8100160,"Aboudi, Marwan",JOR,M,CM,NA,,2093,0,20,AUG25,1964,
8100675,"Abu Alsoud, Ghassan",JOR,M,,,,1994,0,40,AUG25,1965,i
8133840,"Abu Atileh, Ayham",JOR,M,,,,1557,6,40,AUG25,2009,
8102384,"Abu Haseem, Abdullah",JOR,M,,,,1791,0,40,AUG25,1985,i
8104310,"Abu Khallf, Nezar",JOR,M,,,,1806,0,40,AUG25,1996,i
8100128,"Abu Nabhan, Loai",JOR,M,,,,2005,0,20,AUG25,1969,i
8133867,"Abu Nwera, Mohammad",JOR,M,,,,1622,0,40,AUG25,1986,
8101922,"Abu Rohima, Younis",JOR,M,,,,2019,0,40,AUG25,1970,i
8107467,"Abu Roman, Abdalla",JOR,M,,,,1878,0,40,AUG25,0,i
8107475,"Abu Roman, Ahmad",JOR,M,,,,1941,0,40,AUG25,0,i
8104824,"Abu Sanimeh, Husam",JOR,M,,,,ACM,1804,0,AUG25,1990,
8100756,"Abu Sarhan, Attia",JOR,M,,,,2053,0,40,AUG25,1972,i
8134561,"Abu Suailik, Hamzeh",JOR,M,,,,1545,6,40,AUG25,1996,
8101183,"Abu-Hazeem, M.",JOR,M,,,,1900,0,20,AUG25,1983,i
8102023,"Abu-Hazeem, Saif",JOR,M,,,,1960,0,20,AUG25,1991,
8100292,"Abuhijlah, N.",JOR,M,,,,2035,0,20,AUG25,1989,i
8105227,"Abukhalaf, Hasan",JOR,M,,,,1703,0,20,AUG25,0,i
8104328,"Abulaban, Amr",JOR,M,,,,1982,0,20,AUG25,1996,i
8101965,"Abuomar, Ahmed",JOR,M,,,,1985,0,20,AUG25,1989,i
8133883,"Afaneh, Ammar",JOR,M,,,,1582,7,40,AUG25,2000,
8104697,"Ahed, Al-saqqa",JOR,M,,,,1844,0,20,AUG25,1950,
8114544,Ahmad Abu Kidair,JOR,M,,,,1603,0,40,AUG25,1982,i
8109290,Ahmad Abu Nawa,JOR,M,,,,1617,0,40,AUG25,1997,i
8115567,Ahmad Abu-Khater,JOR,M,,,,1643,0,40,AUG25,2001,
8116482,Ahmad Abushanap,JOR,M,,,,1660,0,40,AUG25,1995,i
8122164,Ahmad Abushpap,JOR,M,,,,1474,0,40,AUG25,2009,
8116415,Ahmad Ahmad,JOR,M,,,,1599,0,40,AUG25,2000,i
8116385,Ahmad Al Jundi,JOR,M,,,,1582,0,40,AUG25,2001,i
8111367,Ahmad Al- Masri,JOR,M,,"SI,DI,LSI",,1578,0,40,AUG25,1970,i
8106703,Ahmad Aldalalah,JOR,M,,,,1579,7,40,AUG25,1997,
8110999,Ahmad Aljundi,JOR,M,,,,1489,0,40,AUG25,1997,i
8115460,Ahmad Diab,JOR,M,,,,1625,0,40,AUG25,1991,i
8119120,Ahmad Eyad Rababah,JOR,M,,,,1912,0,40,AUG25,2007,
8111464,Ahmad Jawarneh,JOR,M,,,,1801,0,20,AUG25,1996,i
8111421,Ahmad Mahasneh,JOR,M,,,,1629,0,20,AUG25,1972,
8129452,Ahmad Saleh,JOR,M,,,,1846,0,40,AUG25,1987,
8127450,AHMAD SHTAIWI,JOR,M,,,,1714,0,40,AUG25,2015,
8133158,"Ahmad, Al Hourani",JOR,M,,,,1812,0,40,AUG25,2005,
8103178,"Ahmad, Al Khatib",JOR,M,GM,,,2190,9,20,AUG25,1995,
8107793,"Ahmad, Al-Zayadneh",JOR,M,,,,1734,0,20,AUG25,1989,i
8133166,"Ahmad, Alawneh",JOR,M,,,,1850,0,40,AUG25,2006,
8109117,"Ahmad, Aljoulani",JOR,M,,,,1781,0,40,AUG25,1985,i
8113769,"Ahmad, Almansour",JOR,M,,,,1685,0,20,AUG25,1989,i
8111022,"Ahmad, Almasri",JOR,M,,,,1420,0,40,AUG25,2007,i
8110387,"Ahmad, Mahases",JOR,M,,,,1560,0,20,AUG25,1977,i
8113505,"Ahmad, Nairoukh",JOR,M,,,,1663,0,40,AUG25,1988,i
8101779,"Ahmad, Saadah",JOR,M,,"FT,SI,FA",,AFM,1894,0,AUG25,1988,
8101582,"Ahmad, Sameer",JOR,M,,,,1832,0,20,AUG25,2000,i
8106886,"Ahmad, Shryda",JOR,M,,,,1737,0,20,AUG25,0,i
8106380,"Ahmd, Maher",JOR,M,,,,1654,0,40,AUG25,0,i
8101400,Akram Alhajaj,JOR,M,CM,,,1874,0,20,AUG25,1978,
8103836,"Akram, Faisal",JOR,M,,,,1807,0,40,AUG25,0,i
8100810,"Al Ashal, Mohamed",JOR,M,,,,2003,0,20,AUG25,1964,i
8113360,Al Bara Darwish,JOR,M,,,,1534,0,40,AUG25,2000,i
8100438,"Al Haisamwi, Sameer",JOR,M,,,,2095,0,20,AUG25,1978,i
8107041,"Al Jaradat, Mohammad M",JOR,M,,,,1804,0,40,AUG25,1998,i
8104859,"Al Khresha, May",JOR,F,,,,1645,0,20,AUG25,0,wi
8100098,"Al Namas, Kanan",JOR,M,,,,1848,0,20,AUG25,0,
8101167,"Al Noaemi, Hussien",JOR,M,,,,1845,0,40,AUG25,1969,i
8102988,"Al-Ashhab, Mohammed",JOR,M,,,,2015,0,40,AUG25,1975,i
8100101,"Al-Ashhab, Saamer",JOR,M,FM,,,2260,0,20,AUG25,1972,i
8101051,"Al-Attar, Radwan",JOR,M,,,,1973,0,20,AUG25,1985,i
8103852,"Al-Bashayra, Ayoub",JOR,M,,,,1863,0,20,AUG25,1996,i
8103879,"Al-Bashayra, Yazan",JOR,M,FM,,,1905,0,20,AUG25,2000,i
8100152,"Al-Hantouli, Firas",JOR,M,,,,2128,0,20,AUG25,1970,i
8100594,"Al-Hisamawi, Wael",JOR,M,,,,1984,0,20,AUG25,1975,i
8101175,"Al-Jada, Ghaleb",JOR,M,,,,2182,0,20,AUG25,1978,i
8100187,"Al-Kailani, Zaid",JOR,M,,,,2053,0,20,AUG25,1956,i
8134570,"Al-Khofash, Ahmed",JOR,M,,,,1577,6,40,AUG25,2002,
8100179,"Al-Khraisha, Montaser",JOR,M,,,,2150,0,20,AUG25,1972,i
8104344,"Al-Masayd, Abdalla",JOR,M,,,,1876,0,20,AUG25,1989,i
8101574,"Al-Oufi, Khalil",JOR,M,,,,1900,0,40,AUG25,1961,i
8100780,"Al-Safouri, Khalid",JOR,M,,,,1923,0,20,AUG25,1974,i
8105278,"Al-Shawaqfeh, Mohammad",JOR,M,,,,1917,0,20,AUG25,0,i
8104867,"Al-Sood, Tareq",JOR,M,,,,1806,0,20,AUG25,0,
8101086,"Al-Zoubi, Issa",JOR,M,,,,1871,0,20,AUG25,1962,
8105600,"Ala , Kabatilo",JOR,M,,,,ACM,1643,0,AUG25,2001,i
8109311,"Ala, Saleh",JOR,M,,,,1776,0,40,AUG25,1983,i
8116326,Alaa Habib Allah,JOR,M,,,,1523,0,40,AUG25,1983,i
8107513,"Alaa, Abu Ajlan",JOR,M,,,,1818,0,40,AUG25,0,i
8105146,"Alafi, Faysal",JOR,M,,,,1728,0,40,AUG25,0,i
8105162,"Alafi, Marwan",JOR,M,,,,1677,0,40,AUG25,0,i
8105170,"Alafi, Omar",JOR,M,,,,1729,0,40,AUG25,0,i
8134251,"Alamarat, Bana",JOR,F,,,,1680,0,40,AUG25,2009,w
8133948,"Alameri, Adam",JOR,M,,,,1685,0,40,AUG25,1987,
8101531,"Alattar, Ghayda M.",JOR,F,WIM,WIM,,1896,0,20,AUG25,1991,wi
8101248,"Alattar, Rakan",JOR,M,CM,,,2077,0,20,AUG25,1995,i
8119112,Albeshr Rababah,JOR,M,,,,1738,0,40,AUG25,2014,
8104379,"Albshayra, Leen",JOR,F,,,,1612,0,20,AUG25,2003,wi
8105316,"Albzor, Mohamad",JOR,M,,,,1769,0,40,AUG25,0,i
8133956,"Aldaraghmeh, Sief Addeen",JOR,M,,,,1517,5,40,AUG25,2006,
8133980,"Alfanek, Motaz",JOR,M,,,,1657,0,40,AUG25,2000,
8108129,"Ali, Abdullatif",JOR,M,,,,1540,0,20,AUG25,2006,i
8108137,"Ali, Al-Manaseer",JOR,M,,,,1678,0,40,AUG25,1977,i
8110573,"Ali, Alqaisi",JOR,M,,,,1998,9,20,AUG25,2004,
8107815,"Ali, Altamimi",JOR,M,,,,1817,0,40,AUG25,0,i
8107548,"Ali, moumani",JOR,M,,NA,,1926,0,20,AUG25,1992,i
8108153,"Ali, Sakarnah",JOR,M,,,,1737,0,20,AUG25,1976,i
8104964,"Aljnydy, Ahmad",JOR,M,,,,1543,0,40,AUG25,0,i
8103410,"Aljundi, Laith",JOR,M,,,,1868,0,20,AUG25,1989,
8134006,"Alkasasbeh, Abdel Rahman",JOR,M,,,,1595,0,40,AUG25,2003,
8134022,"Alkhatib, Mohammad",JOR,M,,,,1747,0,40,AUG25,1984,
8105340,"Alkteeshat, Badrya",JOR,M,,,,1425,0,40,AUG25,0,i
8102392,"AlKurdi, Ahmad",JOR,M,,,,1890,0,20,AUG25,1996,i
8101132,"Alkurdi, Anas",JOR,M,,,,2080,0,40,AUG25,1982,i
8103186,"AlKurdi, Azad",JOR,M,,,,1969,0,20,AUG25,1995,i
8100039,"Allan, Wael",JOR,M,,,,2067,0,20,AUG25,1958,i
8101272,"Almashgbeh, Ahmed",JOR,M,,,,1867,0,40,AUG25,1970,i
8101973,"Almograbi, Fuad",JOR,M,,,,1974,0,40,AUG25,1969,i
8100276,"Almousa, Ala",JOR,M,,,,2060,0,40,AUG25,1968,i
8134049,"Alnaji, Hamza",JOR,M,,,,1642,0,40,AUG25,2002,
8102554,"Alnemri, Nezar",JOR,M,,,,1933,0,40,AUG25,1980,i
8104662,"Alqoda, Rahaf",JOR,F,,,,1731,0,40,AUG25,1996,wi
8100713,"Alsane, Abdallah",JOR,M,CM,,,1894,0,20,AUG25,1964,i
8104999,"Alshayb, Mustafa",JOR,M,,,,1710,0,20,AUG25,0,i
8103933,"Alshoyby, Rama",JOR,F,,,,1659,0,20,AUG25,2000,wi
8106398,"Alsoyof, Mohamed",JOR,M,,,,1753,0,20,AUG25,0,i
8114374,Altham Al-Hwaidi,JOR,M,,,,1468,0,40,AUG25,1966,i
8113513,"Alyaman, Alzaideen",JOR,M,,,,1601,0,40,AUG25,2009,
8133174,"Alzobair, Aburub",JOR,M,,,,1794,0,40,AUG25,2002,
8101981,"Alzoubi, Rami",JOR,M,,,,1902,0,40,AUG25,1975,i
8134065,"Alzubi, Yazan",JOR,M,,,,1489,0,40,AUG25,2007,
8112584,Ameer Baker,JOR,M,,,,1474,0,40,AUG25,2008,i
8106622,Amer Bader,JOR,M,,,,1771,0,20,AUG25,1971,i
8126828,Amer Khader Ahmad,JOR,M,,,,1497,0,40,AUG25,1994,i
8123497,AMIN ABU EISHA,JOR,M,,,,1818,0,40,AUG25,2005,
8104107,Amin Alshaboul,JOR,M,,,,1714,0,20,AUG25,1965,i
8114935,Amjed Al Yabroudi,JOR,M,,,,1715,14,40,AUG25,2010,
8102589,Ammar Adnan,JOR,M,,,,2020,0,20,AUG25,1987,i
8116393,Ammar Omari,JOR,M,,,,1551,0,40,AUG25,1999,i
8128480,AMMAR YASEEN,JOR,M,,,,1789,0,40,AUG25,2002,
8113220,"Ammar, Hijazi",JOR,M,,,,1536,0,40,AUG25,1969,i
8110581,"Ammar, Kokash",JOR,M,,,,1759,0,20,AUG25,1983,i
8120749,Amr Al Azizi,JOR,M,,,,1540,0,40,AUG25,2002,i
8124213,AMR HABAHBEH,JOR,M,,,,1502,7,40,AUG25,2008,
8106401,Amr Majdalawi,JOR,M,CM,,,1885,0,20,AUG25,2005,i
8125031,Amro Abu Samra,JOR,M,,,,1592,4,40,AUG25,2011,
8112754,Amro Al-Bess,JOR,M,,,,1448,0,40,AUG25,2010,i
8129878,"Amro, Alsotari",JOR,M,,,,1410,0,40,AUG25,2010,
8129886,"Amro, Alzyoud",JOR,M,,,,1560,0,40,AUG25,1997,
8116431,Anas Abdelnabi,JOR,M,,,,1531,0,40,AUG25,1994,i
8114498,Anas Abu Khdair,JOR,M,,,,1553,0,40,AUG25,1980,i
8114250,Anas Abuharb,JOR,M,,,,1527,0,40,AUG25,2006,i
8116652,Anas Albazlamit,JOR,M,,,,1712,0,40,AUG25,1999,i
8116407,Anas Aldebis,JOR,M,,,,1547,0,40,AUG25,1978,i
8117683,Anas Khwaira,JOR,M,,,,2144,18,40,AUG25,2007,
8132984,"Anas, Abdel Rahman",JOR,M,,,,1436,0,40,AUG25,1991,
8113777,"Anas, Safey",JOR,M,,,,1790,0,40,AUG25,1995,i
8106568,"Andrei, Al-Dwaikat",JOR,M,,,,1821,0,20,AUG25,0,i
8108978,"Anmar, Qadamani",JOR,M,,,,1572,0,40,AUG25,2003,i
8112932,"Anwer, Nassar",JOR,M,,,,1669,0,40,AUG25,1980,i
8108587,"Aref, Qarqash",JOR,M,,,,1687,0,40,AUG25,2001,i
8111030,"Asaad, Abuisnaineh",JOR,M,,,,1541,2,40,AUG25,1992,
8105529,"Aseel , Odeh",JOR,F,CM,,,1759,0,20,AUG25,2001,wi
8116040,Aseel Abu Zeineh,JOR,F,,,,1582,0,40,AUG25,1998,wi
8114137,"Asef, Ali ahmad",JOR,M,,,,1631,0,40,AUG25,1983,i
8109141,"Ashraf, Manaseer",JOR,M,,,,1653,0,40,AUG25,1992,i
8111243,"Asmaa, Qtaish",JOR,M,,,,1547,0,40,AUG25,1986,i
8100527,"Attia, Saleh",JOR,M,,,,1942,0,20,AUG25,1963,i
8100900,"Attiat, Saleh",JOR,M,,,,1935,0,20,AUG25,1968,i
8100721,"Awawdeh, Fayez",JOR,M,FM,,,1887,0,20,AUG25,1948,
8106576,"Ayham, Al-Eteiwy",JOR,M,,,,1780,0,20,AUG25,0,i
8126690,Ayman Alsawaftah,JOR,M,,,,1551,0,40,AUG25,1990,i
8111677,Ayman Mansour,JOR,M,,,,1637,0,40,AUG25,1978,i
8102996,"Ayman, Hamouda",JOR,M,,,,1896,0,40,AUG25,1964,i
8126739,Ayoub Qassis,JOR,M,,,,1688,5,40,AUG25,2011,
8112762,Aysheh Albess,JOR,F,,,,1402,0,40,AUG25,2009,wi
8111634,Azmi Alshorman,JOR,M,,,,1686,0,40,AUG25,1983,i
8102104,"Badawi, Mohammed",JOR,M,,,,1545,0,40,AUG25,0,i
8101302,"Badosi, Nidal",JOR,M,,,,1975,0,20,AUG25,1968,i
8101337,"Badran, Nader",JOR,M,,,,1749,0,20,AUG25,1972,i
8123470,Baha Aldeen Ahmad,JOR,M,,,,1508,0,40,AUG25,2009,
8121117,Baha Aldeen Alghazo,JOR,M,,,,1651,0,40,AUG25,1995,
8133298,"Baha Aldeen, Alamoush",JOR,M,,,,1465,0,40,AUG25,1998,
8109834,"Baha, Maigel",JOR,M,,,,1557,0,40,AUG25,2006,i
8122415,Bahaa Alden Taha,JOR,M,,,,1748,0,20,AUG25,2006,
8122474,BARA ASSAF,JOR,M,,,,1647,6,20,AUG25,2004,
8102597,"Barakat, Nafez",JOR,M,,,,1868,0,20,AUG25,1972,
8104000,"Barghoth, Esam",JOR,M,,,,1649,0,20,AUG25,1976,i
8101809,"Bargothe, Maher",JOR,M,,,,1865,0,20,AUG25,1959,
8127930,Basel Al Habahbeh,JOR,M,,,,1562,4,40,AUG25,2009,
8113530,"Basel, Al Rashed",JOR,M,,,,1740,0,40,AUG25,1986,i
8109486,"Basel, Jayyusi",JOR,M,,,,1584,0,40,AUG25,1998,i
8110611,"Basel, Sultaneh",JOR,M,,,,1642,0,40,AUG25,1983,i
8125325,Bashar Abou Doud,JOR,M,,,,1750,0,40,AUG25,2000,i
8119252,Bashar Al-Khaled,JOR,M,,,,1714,0,40,AUG25,2006,
8128731,Bashar qassis,JOR,M,,,,1582,3,40,AUG25,1985,
8124582,Basil al-battiki,JOR,M,,,,1587,0,40,AUG25,1993,
8122547,Basil Alomari,JOR,M,,,,1560,5,40,AUG25,1979,
8121842,BASIL DAOUD,JOR,M,,,,1886,9,20,AUG25,2004,
8101914,"Basil, Alshouha",JOR,M,,,,2160,0,20,AUG25,1979,i
8119082,Basim Rababa,JOR,M,,,,1632,0,40,AUG25,1977,i
8121621,Batool Obeid,JOR,F,,,,1603,0,40,AUG25,1999,wi
8100020,"Battikhi, H.",JOR,M,FM,,,2076,0,20,AUG25,1960,i
8104158,"Belal, Sabah",JOR,M,,,,1786,0,40,AUG25,0,i
8101523,"Beno, Sondos",JOR,F,,,,1822,0,20,AUG25,1990,wi
8115117,Bilal Abu Khadair,JOR,M,,,,1418,0,40,AUG25,1994,i
8132828,"Bilal, Al Tarawneh",JOR,M,,,,1705,0,40,AUG25,2013,
8102937,"Boshra, Alshaeby",JOR,F,WIM,WIM,,1931,8,20,AUG25,1995,w
8112452,Burhan Aljarareha,JOR,M,,,,1753,0,40,AUG25,1978,i
8102112,"Dagher, Karim",JOR,M,,,,1765,0,20,AUG25,0,i
8102880,"Dahdal, Lougain",JOR,F,WIM,WIM,,1978,0,20,AUG25,1990,wi
8108161,"Dalya, Abdelrahim",JOR,F,,,,1484,0,20,AUG25,2006,w
8100390,"Dameeri, Radi",JOR,M,,,,1980,0,20,AUG25,1966,i
8108170,"Dana, Al-Mosa",JOR,F,,,,ACM,1540,0,AUG25,2005,wi
8109800,"Dana, Marei",JOR,F,,,,1576,0,40,AUG25,1998,wi
8108188,"Darar, Abdelqader",JOR,M,,,,1577,0,40,AUG25,1972,i
8109508,"Deaf Allah, Alananzeh",JOR,M,,,,1777,0,40,AUG25,1984,i
8102120,"Dhaib, Ali",JOR,M,,,,1922,0,20,AUG25,1962,i
8131589,"Duraid, Ahmad",JOR,M,,,,1421,0,40,AUG25,1964,i
8109338,"Ebrahem, Al Taweel",JOR,M,,,,1808,0,40,AUG25,1971,i
8102864,"Ebtsam, Adee",JOR,F,,,,1822,0,20,AUG25,1993,wi
8113939,Eiad Al Refaei,JOR,M,,,,1662,0,40,AUG25,1968,i
8109842,"Eid, Alhadidi",JOR,M,,,,1636,0,20,AUG25,2004,
8103720,"Elyan, Nooraldeen",JOR,M,,,,1813,0,20,AUG25,1997,i
8106070,"Emad, Majdlawy",JOR,M,,,,1801,0,20,AUG25,1997,i
8101957,"Emad, Nizar",JOR,M,,,,1963,0,20,AUG25,1990,i
8101361,"Emad, Osama",JOR,M,,,,1786,0,40,AUG25,1992,i
8104034,"Emad, Serein",JOR,F,,,,1789,0,20,AUG25,1995,wi
8102007,"Emad, Tania",JOR,F,WFM,WFM,"LSI,SI",1909,0,20,AUG25,1989,wi
8109150,"Eman, Shabaitah",JOR,F,,,,1646,0,40,AUG25,1986,wi
8113637,"Erani, Maya",JOR,F,,,,1629,0,40,AUG25,2007,wi
8113700,"Erani, Syrina",JOR,F,,,,1442,5,40,AUG25,2013,w
8129959,"Eslam, Masoudi",JOR,M,,,,1579,5,40,AUG25,2010,
8132992,"Essam Eldin, Abu Assab",JOR,M,,,,1597,8,40,AUG25,2004,
8134634,"Ettantawi, Adam",JOR,M,,,,1480,7,40,AUG25,2011,
8115389,Eyad Fayyumi,JOR,M,,,,1591,0,40,AUG25,1971,i
8110069,"Eyad, Hasan",JOR,M,,,,1601,0,20,AUG25,1973,i
8110654,Ezeldeen Almaaqbeh,JOR,M,,,,1868,7,20,AUG25,2006,
8127050,EZZALDEIN SHTAIWI,JOR,M,,,,1983,8,40,AUG25,2010,
8112541,Fadi Masarweh,JOR,M,,,,1544,0,40,AUG25,2006,i
8101370,"Faeq, Mohammed",JOR,M,,,,1818,0,20,AUG25,1967,i
8105685,"Fahed, Samawi",JOR,M,,,,1652,0,20,AUG25,2001,i
8134650,"Fahel, Yaser",JOR,M,,,,1561,7,40,AUG25,2005,
8101892,"Fahouri, Nidal",JOR,M,,,,1936,0,20,AUG25,1986,i
8124590,Faisal Alkhuffash,JOR,M,,,,1579,0,40,AUG25,2002,i
8112789,Faisal Alrawashdeh,JOR,M,,,,1409,0,40,AUG25,2009,
8121877,Farah Seyam,JOR,F,,,,1428,0,40,AUG25,2015,w
8109168,"Farah, Abed Alhaq",JOR,F,,,,1604,0,40,AUG25,1996,wi
8104174,"Farah, Alkhateeb",JOR,F,,,,1615,0,20,AUG25,2001,wi
8105693,"Fareed, Alfarah",JOR,M,,,,1726,0,40,AUG25,2001,i
8119481,Fares Qanair,JOR,M,,,,1721,10,40,AUG25,2010,
8110239,"Farhan, Al-Omary",JOR,M,,,,1716,0,40,AUG25,1962,i
8133328,"Faris, Ahmad",JOR,M,,,,1661,0,40,AUG25,2009,
8111049,"Faris, Alhusban",JOR,M,,,,1716,0,40,AUG25,1994,i
8103500,"Fathi, Naser",JOR,M,,,,1830,7,20,AUG25,1988,
8102651,"Fauzi, Akram",JOR,M,,,,1944,8,20,AUG25,1985,
8103593,Fawwaz Radwan,JOR,M,,,,1749,0,20,AUG25,1968,i
8114587,Feras Alshajrawi,JOR,M,,,,1638,3,40,AUG25,1998,
8103828,"Feras, Al samid",JOR,M,,,,1931,0,20,AUG25,1980,i
8104263,"Feras, Safadi",JOR,M,,,,1666,0,40,AUG25,1971,i
8111561,Firas Alshawawreh,JOR,M,,,,1622,5,40,AUG25,2009,
8103070,"Firas, Abu Ibeya",JOR,M,,,,1991,0,20,AUG25,1983,i
724190,"Fuad Kamel Jamaliah, Natalie",JOR,F,WIM,WIM,,1980,0,20,AUG25,1987,w
8112312,Gaith Kandah,JOR,M,,,,1450,0,40,AUG25,2007,i
8110930,Ghaith Almomani,JOR,M,,,,1867,0,40,AUG25,1991,i
8123489,Ghaleb Dghaish,JOR,M,,,,1551,0,40,AUG25,2004,
8100950,"Ghalib, Abdulah",JOR,M,,,,1819,0,20,AUG25,1971,i
8126127,Ghanem Mohammed,JOR,M,,,,1556,0,40,AUG25,1983,i
8111979,"Ghayth, Bani Ahmad",JOR,M,,,,1609,0,40,AUG25,2001,i
8105243,Gheith Alhadidi,JOR,M,,,,1729,0,20,AUG25,0,
8100829,"Habboosh, O",JOR,M,,,,1845,0,20,AUG25,1985,
8102678,"Haddad, Fuad",JOR,M,,,,1761,0,40,AUG25,0,i
8100225,"Haddad, Riad",JOR,M,,,,1963,0,20,AUG25,1959,i
8100616,"Haddad, Yazeed Y.O.",JOR,M,,,,2075,0,20,AUG25,1970,i
8101108,"Haddadeen, Amjed",JOR,M,,,,2098,0,40,AUG25,1969,i
8131597,"Hadi, Shawareb",JOR,M,,,,1570,0,40,AUG25,1969,i
8103607,"Hafez, Bakr",JOR,M,IM,,,1906,0,20,AUG25,1954,i
8116580,Haitham Al-Kayed,JOR,M,,,,1436,5,40,AUG25,2008,
8125112,HAITHAM ALOUFEE,JOR,M,,,,1708,0,40,AUG25,2005,
8119597,Haitham Rasheed,JOR,M,,,,AFM,1638,0,AUG25,2001,i
8107920,"Haitham, Al-Kilany",JOR,M,,,,1660,0,40,AUG25,0,i
8126275,HAKEM ABU GULLEH,JOR,M,,,,1463,5,20,AUG25,1994,
8111766,Hala Mousa,JOR,F,,,,1468,0,40,AUG25,2007,wi
8114064,Hala Saleh,JOR,F,,,,1455,0,40,AUG25,2008,wi
8129975,"Hala, Alaraideh",JOR,M,,,,1504,0,40,AUG25,2009,
8128553,HAMAD ALDAMEN,JOR,M,,,,1619,0,40,AUG25,2010,
8107963,"Hamad, Abu kharoob",JOR,M,,,,1555,0,40,AUG25,1987,i
8129355,Hamed awajan,JOR,M,,,,1749,0,40,AUG25,2003,
8100799,"Hammad, Tayseer",JOR,M,,,,1989,0,20,AUG25,0,i
8118795,Hammam Ismail,JOR,M,,,,1816,8,20,AUG25,1994,
8114315,Hamza Al-Arrabi,JOR,M,,,,1539,0,40,AUG25,2003,i
8126224,Hamza Alsheshani,JOR,M,,,,1567,0,40,AUG25,1999,i
8118590,HAMZA ASSI,JOR,M,,,,1469,0,40,AUG25,1991,
8124248,Hamza Bustami,JOR,M,,,,1701,0,40,AUG25,2008,i
8112797,Hamza El Shaweesh,JOR,M,,,,1557,6,40,AUG25,2009,
8129118,Hamza Melhem,JOR,M,,,,1462,0,40,AUG25,2005,
8129991,"Hamza, Alhanbali",JOR,M,,,,1509,7,40,AUG25,2007,
8109176,"Hamza, Alqwasmi",JOR,M,,,,1517,0,40,AUG25,2006,i
8110077,"Hamza, Maigel",JOR,M,,,,1631,0,40,AUG25,2009,i
8111260,"Hamzeh, Alshawish",JOR,M,,,,1485,0,40,AUG25,2009,i
8114161,Hani Daoud,JOR,M,,,,1534,0,40,AUG25,1981,
8101710,"Hanna, Almasso",JOR,M,,,,1932,0,20,AUG25,1981,i
8103194,"Hanni, Salahat",JOR,M,,,,1854,0,40,AUG25,1980,i
8123438,hasan Ahmad,JOR,M,,,,1760,7,40,AUG25,2010,
8124981,Hasan Almowaswas,JOR,M,,,,1462,0,40,AUG25,2008,
8106738,"Hasan, Alhajeid",JOR,M,,,,1739,0,20,AUG25,0,i
8103208,"Hasan, Alsamid",JOR,M,,,,1987,0,20,AUG25,1990,
8130620,HASHEM ABU RUMAN,JOR,M,,,,1581,0,40,AUG25,2010,i
8112509,Hashem Al-Hammouri,JOR,M,,,,1488,0,40,AUG25,2009,
8109052,Hashem Al-Safadi,JOR,M,,,,1542,0,40,AUG25,2006,i
8120765,Hashem Al-Sarihin,JOR,M,,,,1416,0,40,AUG25,2010,
8128200,Hashem Alhayek,JOR,M,,,,1581,0,40,AUG25,2009,i
8129096,Hashem Alqudah,JOR,M,,,,1582,0,40,AUG25,2005,
8122849,Hashem Alsafadi,JOR,M,,,,1528,0,40,AUG25,2007,i
8122733,Hashem Hijazin,JOR,M,,,,1628,0,40,AUG25,2008,i
8108889,Haya Khalayla,JOR,F,,,,1563,0,40,AUG25,1994,wi
8116890,Hazem Al-Fouqaha,JOR,M,,,,1567,0,40,AUG25,1986,
8110085,"Hazem, Al-Khozoz",JOR,M,,,,1500,0,40,AUG25,2002,i
8110409,"Hazim, Al Dheeb",JOR,M,,,,1866,0,20,AUG25,1981,i
8126453,Heba Hijjaw,JOR,F,,,,1557,0,40,AUG25,2008,w
8134103,"Hejazi, Ali",JOR,M,,,,1494,0,40,AUG25,2000,
8128251,Hesham Elayyan,JOR,M,,,,ACM,1556,0,AUG25,2010,
8106584,"Hesham, Athmana",JOR,M,,,,1828,0,40,AUG25,0,i
8103917,"Hind, Abughanieh",JOR,F,,,,1583,0,20,AUG25,2002,wi
8134120,"Hjazeen, Jad",JOR,M,,,,1634,8,40,AUG25,2012,
8115346,Houda Aljabali,JOR,F,,,,1555,0,40,AUG25,1993,wi
8113009,Husam Abu Harthieh,JOR,M,,,,1636,0,40,AUG25,2002,i
8113963,Husam Almasri,JOR,M,,,,1626,0,40,AUG25,1994,i
8132720,Husam Alnimer,JOR,M,,,,1524,7,40,AUG25,2009,
8103798,Husam El Rimawi,JOR,M,,,,1968,0,20,AUG25,1997,i
8113572,"Husam, Alfaqeh",JOR,M,,,,1437,0,40,AUG25,2005,i
8111057,"Husam, Alsabha",JOR,M,,,,1647,0,40,AUG25,1989,i
8112940,"Husam, Erani",JOR,M,,,,1679,6,20,AUG25,1977,
8109869,"Husein, Ehnezeh",JOR,M,,,,1623,0,40,AUG25,1979,i
8109206,"Husni, Hamad",JOR,M,,,,1553,0,40,AUG25,2005,i
8119791,HUSNY JUMA,JOR,M,,,,1591,0,40,AUG25,2006,i
8114331,Hussein Alsarhan,JOR,M,,,,1777,0,40,AUG25,1986,
8120404,Hussein Zaghloul,JOR,M,,,,1590,5,40,AUG25,2001,
8102341,"Hussein, Anas",JOR,M,,,,1762,0,40,AUG25,1983,i
8113580,"Hussein, Ifraitikh",JOR,M,,,,1698,0,40,AUG25,1991,i
8110093,"Ibraheim, Khalifeh",JOR,M,,,,1903,0,20,AUG25,1991,i
8131619,"Ibrahem, Farraj",JOR,M,,,,1575,6,40,AUG25,2004,
8131767,Ibrahim Abuhussein,JOR,M,,,,1564,0,40,AUG25,1999,
8128405,Ibrahim Ahmad Ahmad,JOR,M,,,,1570,0,40,AUG25,1999,
8122857,Ibrahim Alieyan,JOR,M,,,,1420,4,40,AUG25,2009,
8106037,Ibrahim Alwahsh,JOR,M,,,,2003,0,20,AUG25,1992,i
8128944,IBRAHIM AYOUB,JOR,M,,,,1485,0,40,AUG25,1999,i
8120854,Ibrahim Khanfur,JOR,M,,,,1615,0,40,AUG25,2001,i
8133018,"Ibrahim, Abumariam",JOR,M,,,,1422,0,40,AUG25,2012,
8110107,"Ibrahim, Al Biri",JOR,M,,,,1722,0,40,AUG25,1980,i
8101442,"Ibrahim, Alsalos",JOR,M,,,,1895,0,20,AUG25,1977,
8111588,Ihab Batta,JOR,M,,,,1784,0,40,AUG25,1985,i
8100411,"Ikhmaies, Sufyan",JOR,M,,,,2030,0,20,AUG25,1965,i
8133026,"Iman, Abu-Myaleh",JOR,F,,,,1530,0,40,AUG25,2002,w
8120595,Inad Aljarrah,JOR,M,,,,1723,0,40,AUG25,1976,
8113980,Isam Abureisheh,JOR,M,,,,1834,0,20,AUG25,1980,i
8101906,Ismail Hammoudeh,JOR,M,,,,2015,0,20,AUG25,1966,i
8107335,Ismail Khalil,JOR,M,,,,1642,0,40,AUG25,2000,i
8122571,ISSA ABUEISA,JOR,M,,,,1506,0,40,AUG25,1989,i
7600437,"Issa, Rafat",JOR,M,IM,,,2323,0,10,AUG25,1975,
8101000,"Jaber, Eyhab",JOR,M,,,,1943,0,20,AUG25,1982,i
8118469,JAD KANAN,JOR,M,,,,1412,0,40,AUG25,2012,
8107645,"Jad, Samaena",JOR,M,,,,1764,0,40,AUG25,0,i
8100993,"Jafar, Abdul Khaliq",JOR,M,,,,1799,0,20,AUG25,1964,i
8110247,"Jafar, Al-Diabat Al-Btoosh",JOR,M,,,,1743,0,40,AUG25,1977,i
8120625,Jalal Abu Eisha,JOR,M,,,,1709,0,40,AUG25,2003,
8106762,"Jamal, Abdeljabbar",JOR,M,,,,1802,0,20,AUG25,1978,i
8110689,"Jamal, Ali",JOR,M,,,,1728,0,40,AUG25,1963,i
8123039,Jameel Al Shqairat,JOR,M,,,,1484,0,40,AUG25,2007,i
8115354,Jamil Abduljalil,JOR,M,,,,1558,0,40,AUG25,1986,
8128375,Jamil Alemrayat,JOR,M,,,,1550,0,40,AUG25,1965,i
8106630,"Jamil, Sweis",JOR,M,,,,1668,0,40,AUG25,1975,i
8113807,"Jana, Aljawaldeh",JOR,M,,,,1473,0,40,AUG25,2007,i
8108927,"Jana, Tell",JOR,F,,,,1510,0,40,AUG25,2008,w
8130035,"Jawad, Omari",JOR,M,,,,1570,0,40,AUG25,2013,
8109885,"Jawad, Salah",JOR,M,,,,1555,0,40,AUG25,2003,i
8112398,Jeda Helal,JOR,F,,,,1822,15,40,AUG25,2012,w
8109893,"Jehad, Sawan",JOR,M,,,,1855,0,40,AUG25,1990,i
8129258,Jeries Tadros,JOR,M,,,,1704,0,40,AUG25,2008,
8118990,Jood Ahmad,JOR,F,,,,1812,17,40,AUG25,2010,w
8133034,"Joseph, Daibes",JOR,M,,,,1434,0,40,AUG25,2011,
8109362,"Juana, Hamdan",JOR,F,,,,1506,0,40,AUG25,2006,wi
8108200,"Jum ah, Altwaheih",JOR,M,,,,1814,0,40,AUG25,1978,i
8100667,"Kadoumi, Shoukri",JOR,M,,,,2093,0,40,AUG25,1973,i
8112576,Karam Baker,JOR,M,,,,1607,8,40,AUG25,2010,
8114803,Karam ejeilat,JOR,M,,,,1794,17,40,AUG25,2012,
8124370,Karam Yousef,JOR,M,,,,1441,3,40,AUG25,2011,
8130051,"Karam, Omari",JOR,M,,,,1447,0,40,AUG25,2010,
8112495,kareem Ayyoub,JOR,M,,,,1560,0,20,AUG25,2003,i
8131180,Karim Alnsour,JOR,M,,,,1445,0,40,AUG25,2011,i
8133409,"Kenan, Al-Frokh",JOR,M,,,,1502,8,40,AUG25,2016,
8110620,Khader Dina,JOR,M,,,,1498,0,20,AUG25,2005,i
8116490,Khader Quran,JOR,M,,,,1434,0,40,AUG25,1968,i
8100373,"Khader, Safi",JOR,M,,,,1722,0,40,AUG25,1956,i
8100500,"Khader, Sami",JOR,M,IM,"FST,SI,LSI",,2369,0,10,AUG25,1972,i
8103089,"Khaldun, Al Safadi",JOR,M,,,,1482,0,40,AUG25,0,i
8126569,Khaled Al Daquq,JOR,M,,,,1493,0,40,AUG25,2007,i
8127646,Khaled Al-Mashaqaba,JOR,M,,,,1644,0,40,AUG25,2011,
8129665,KHALED AL-NAZER,JOR,M,,,,1584,0,40,AUG25,2009,
8129185,Khaled Alabed,JOR,M,,,,1854,9,20,AUG25,2005,
8121745,Khaled Alhatabeh,JOR,M,,,,1630,0,40,AUG25,2011,i
8122369,KHALED ALMAHAMEED,JOR,M,,,,1687,0,40,AUG25,1999,i
8124825,Khaled Alsqoor,JOR,M,,,,1500,0,40,AUG25,2003,
8102538,Khaled Ekriesha,JOR,M,,,,1774,0,20,AUG25,1961,i
8108781,Khaled Hbaidi,JOR,M,,,,1621,0,20,AUG25,1964,i
8121885,Khaled Seyam,JOR,M,,,,1926,18,40,AUG25,2012,
8113599,"Khaled, Alhaj-Eid",JOR,M,,,,1470,0,40,AUG25,2005,i
8113815,"Khaled, Qandeel",JOR,M,,,,1436,6,20,AUG25,1967,
8109907,"Khaled, Shihadeh",JOR,M,,,,1684,0,20,AUG25,1980,i
8130094,"Khaled, Yasin",JOR,M,,,,1805,8,40,AUG25,2011,
8106282,"Khaleel, Musallam",JOR,M,,,,1577,0,40,AUG25,1975,i
8109265,Khalid Abu Warda,JOR,M,,,,1696,0,20,AUG25,1984,
8104476,Khalid Flieh,JOR,M,,,,1876,0,20,AUG25,1989,i
8125821,KHALID QARALLEH,JOR,M,,,,1639,0,40,AUG25,2006,i
8125465,Khalil Al Kraiti,JOR,M,,,,1657,6,20,AUG25,1969,
8110123,"Khalil, Khoury",JOR,M,,,,1691,0,40,AUG25,1993,i
8111073,"Khattab, Masalha",JOR,M,,,,1606,0,20,AUG25,2003,i
8108730,Khuloud Abu Nawa,JOR,F,,,,1425,0,40,AUG25,0,wi
8100110,"Kibti, Sameer",JOR,M,,,,2075,0,20,AUG25,1959,
8102775,kloub.M,JOR,M,,,,1742,8,20,AUG25,1975,
8101027,"Kokash, Fuad",JOR,M,,,,1998,0,20,AUG25,1960,i
8104549,"Kreshan, Omar",JOR,M,,,,1785,0,40,AUG25,1971,i
8122105,Laith Abu Alia,JOR,M,,,,1638,0,40,AUG25,1996,i
8117659,Laith Aljarrah,JOR,M,,,,1916,0,40,AUG25,2004,
8119201,Laith Tahboub,JOR,M,,,,1595,0,40,AUG25,2005,i
8110131,"Laith, Alsoud",JOR,M,,,,1531,0,40,AUG25,2006,i
8110140,"Laith, Herzallah",JOR,M,,,,1491,0,40,AUG25,2006,i
8130752,"Laith, Rasheed",JOR,M,,,,1436,0,40,AUG25,1997,
8103950,"Laith, Tawalbeh",JOR,M,,,,1696,0,20,AUG25,1985,i
8105766,"Lamees, Alkhateeb",JOR,F,,,,1547,0,40,AUG25,2006,wi
8111626,Lana Haymoor,JOR,F,,,,1555,0,20,AUG25,2002,wi
8124337,Lara Shatnawi,JOR,F,,,,1428,3,40,AUG25,2009,w
8110913,"Lara, Al-Saket",JOR,F,,,,1480,0,40,AUG25,2002,wi
8113823,"Leen, Alrub",JOR,F,,,,1472,0,40,AUG25,2010,w
8124310,Lina Abu-Mahfouz,JOR,F,,,,1456,0,40,AUG25,2008,wi
8109915,"Loai, Mohareb",JOR,M,,,,1666,0,40,AUG25,1991,i
8104239,"Loay, Sameer",JOR,M,IM,,,2251,0,20,AUG25,2002,
8105790,"Lugyn, Alkateeb",JOR,F,,,,1551,0,40,AUG25,2004,wi
8134146,"Maadat, Mohammad",JOR,M,,,,1631,0,40,AUG25,2008,
8101949,"Madanat, Saed",JOR,M,,,,1929,0,20,AUG25,1987,i
8108234,"Maeen, Tell",JOR,M,,,,ACM,1516,0,AUG25,2005,i
8105200,"Magableh, Ahmed",JOR,M,,,,1903,0,40,AUG25,0,i
8127263,Maha Al-Mohamed,JOR,F,,,,1611,0,40,AUG25,2003,wi
8108382,"Mahd, Dweiri",JOR,M,,,,1679,0,40,AUG25,1971,i
8111278,"Mahdi, Atwa",JOR,M,,,,1532,0,40,AUG25,2008,i
8116091,Mahmoud Abulaila,JOR,M,,,,1690,0,40,AUG25,1996,i
8127492,MAHMOUD AL-SHAIKH YOUSEF,JOR,M,,,,1558,0,40,AUG25,2010,
8123829,Mahmoud Jeet,JOR,M,,,,1542,0,40,AUG25,1986,i
8100365,"Mahmoud, Abdelrahman",JOR,M,,,,2003,0,20,AUG25,1963,i
8112002,"Mahmoud, Albboushi",JOR,M,,,,1671,0,20,AUG25,1980,i
8131244,"Mahmoud, Allaham",JOR,M,,,,1828,0,40,AUG25,1997,i
8106789,"Mahmoud, Ghnaim",JOR,M,,,,1697,0,20,AUG25,1975,i
8101795,"Mahmoud, Nahed",JOR,M,,,,1942,0,20,AUG25,1966,i
8104557,"Mahmoud, Roaa",JOR,F,,,,1666,0,20,AUG25,1998,wi
8119929,Majd khaleel,JOR,M,,,,1491,0,40,AUG25,2002,i
8113831,"Majdi, Alsaaideh",JOR,M,,,,1743,0,20,AUG25,1983,i
8122687,Majdy Aburadwan,JOR,M,,,,ACM,1673,7,AUG25,1983,
8127590,Malek Al-jurf,JOR,M,,,,1583,5,40,AUG25,2010,
8121680,Malek Alhaj,JOR,M,,,,1889,0,40,AUG25,2008,
8111758,Malek Alkhattab,JOR,M,,,,1482,0,40,AUG25,2003,i
8114358,Malek Nour,JOR,M,,,,1440,0,40,AUG25,1989,i
8124027,MALEK RABAIA,JOR,M,,,,1514,0,40,AUG25,2003,i
8126917,Malek zedan,JOR,M,,,,1425,0,40,AUG25,2006,i
8112959,"Malek, Alsaudi",JOR,M,,,,1547,0,20,AUG25,2004,
8108404,"Malek, Hussein",JOR,M,,,,1633,7,20,AUG25,1995,
8101744,"Malik, Swedan",JOR,M,,,,1816,8,20,AUG25,1971,
8100420,"Malkawi, Fadi",JOR,M,FM,FI,,2048,0,20,AUG25,1976,i
8101671,"Mamoon, Hamdan",JOR,M,,,,1883,0,20,AUG25,1964,
8113629,"Mamoun, Telfah",JOR,M,,,,1910,0,20,AUG25,1994,
8100144,"Mansour, Sameer",JOR,M,IM,NA,,2189,9,20,AUG25,1964,
8122938,MARAH SALAHAT,JOR,F,,,,1536,4,40,AUG25,2009,w
8112657,Mariam Theeb,JOR,F,,,,1688,0,40,AUG25,2009,wi
8107386,marwa khalil,JOR,F,,,,1528,0,40,AUG25,1996,wi
8115729,Masa Masalha,JOR,F,,,,1457,0,40,AUG25,2008,w
8113246,"Mashoor, Alkloub",JOR,M,,,,1461,0,40,AUG25,2009,i
8123080,Maya Abdelrazeq,JOR,F,,,,1413,0,40,AUG25,2013,w
8127190,Maya Alnajjar,JOR,F,,,,1425,0,40,AUG25,2002,wi
8114056,Mazen Abu-Mahfouz,JOR,M,,,,1726,0,40,AUG25,2007,i
8118396,MAZIN AYASS,JOR,M,,,,1616,0,40,AUG25,2008,i
8109389,"Mazin, Al-Kayyali",JOR,M,,,,1693,5,20,AUG25,1959,
8110255,"Mazin, Al-Mohareb",JOR,M,,,,1770,0,20,AUG25,1956,i
8101868,"Ma`ayeh, Zaid",JOR,M,,,,AIM,1929,0,AUG25,1985,i
8107688,"Mesaad, Ahmad",JOR,M,,,,1574,0,20,AUG25,0,
8110700,"Mhammoud, Megdadey",JOR,M,,,,1715,0,40,AUG25,1994,i
8105804,"Mickel, Swiess",JOR,M,,,,1446,0,40,AUG25,2002,i
8123896,Mishael aljboor,JOR,M,,,,1504,0,40,AUG25,1993,
8114552,Moatasim Mahmoud,JOR,M,,,,1711,0,40,AUG25,1995,i
8106592,"Moataz, Ghunaim",JOR,M,,,,1704,0,20,AUG25,0,
8124477,Moath Abu Nigmah,JOR,M,,,,1431,0,40,AUG25,2014,
8102368,"Moayed, Obied",JOR,M,CM,,,2120,0,20,AUG25,1992,i
8112606,Modar Almuhareb,JOR,M,,,,1668,0,40,AUG25,1999,i
8108412,"Modar, Abdullatif",JOR,M,,,,1678,0,40,AUG25,1970,i
8106428,"Mohamad, Mahmoud",JOR,M,,,,1617,0,40,AUG25,0,i
8106274,"Mohamd, Eisa",JOR,M,,,,1506,0,40,AUG25,0,i
8107408,mohamed habawwal,JOR,M,,,,1546,0,40,AUG25,2003,i
8101396,"Mohamed, suleiman",JOR,M,,,,1774,0,40,AUG25,1992,i
8114501,Mohammad Abu Khdair,JOR,M,,,,1454,0,40,AUG25,2005,i
8114005,Mohammad Abu Rakhey,JOR,M,,,,1503,0,20,AUG25,2004,i
8132607,Mohammad Al Lahwani,JOR,M,,,,1560,0,40,AUG25,1993,
8120730,Mohammad Al-Amad,JOR,M,,,,1603,0,40,AUG25,2002,
8113025,Mohammad Al-Eitan,JOR,M,,,,1525,0,40,AUG25,1991,i
8121788,Mohammad Al-Hawamdah,JOR,M,,,,1423,0,40,AUG25,2009,i
8114129,Mohammad al-jazzazi,JOR,M,,,,1525,0,40,AUG25,1991,i
8120773,Mohammad Al-Sarihin,JOR,M,,,,1527,4,40,AUG25,2012,
8112487,Mohammad Alabas,JOR,M,,,,1775,0,40,AUG25,1995,i
8120170,Mohammad Alfanatseh,JOR,M,,,,1560,0,40,AUG25,2000,i
8108749,Mohammad Alhadidi,JOR,M,,,,1528,4,40,AUG25,2007,
8123900,Mohammad Alhawamdeh,JOR,M,,,,1519,0,40,AUG25,1998,i
8113351,Mohammad Alhudban,JOR,M,,,,1567,0,40,AUG25,2010,i
8122083,Mohammad Ali,JOR,M,,,,1477,0,40,AUG25,2000,i
8102783,Mohammad Allan,JOR,M,,,,AIM,1954,0,AUG25,1994,i
8123250,Mohammad Alshami,JOR,M,,,,1626,0,40,AUG25,2007,i
8113718,Mohammad Ammoura,JOR,M,,,,1662,0,40,AUG25,1982,i
8115869,Mohammad Amr,JOR,M,,,,1748,7,20,AUG25,2002,
8116016,Mohammad amreen,JOR,M,,,,1751,0,40,AUG25,1984,i
8126755,MOHAMMAD Asem AL-RADAYDEH,JOR,M,,,,1634,0,40,AUG25,1997,
8126887,Mohammad Atawneh,JOR,M,,,,1464,0,40,AUG25,2004,i
8115559,Mohammad Bakir,JOR,M,,,,1429,0,40,AUG25,1957,i
8125813,Mohammad Beik,JOR,M,,,,1767,0,40,AUG25,1990,i
8124760,Mohammad Doqqah,JOR,M,,,,1440,0,40,AUG25,1965,
8120641,Mohammad Hamad,JOR,M,,,,1509,0,40,AUG25,1994,i
8127310,Mohammad Hamdan,JOR,M,,,,1628,0,40,AUG25,2009,i
8112444,Mohammad Harahsheh,JOR,M,,,,1765,0,20,AUG25,2002,i
8122504,Mohammad Hdaib,JOR,M,,,,1556,0,40,AUG25,1994,
8119775,MOHAMMAD JUMA,JOR,M,,,,1711,7,40,AUG25,2002,
8126879,Mohammad kafiya,JOR,M,,,,1464,0,40,AUG25,2006,i
8115206,Mohammad Madi,JOR,M,,,,1630,0,40,AUG25,2002,i
8125937,Mohammad mahafza,JOR,M,,,,1687,0,40,AUG25,2003,i
8114323,Mohammad Mahfouz,JOR,M,,,,1558,0,40,AUG25,1989,i
8132534,Mohammad Melhem,JOR,M,,,,1712,0,40,AUG25,2005,
8120358,Mohammad Najemeddin,JOR,M,,,,1488,0,40,AUG25,1983,
8109761,Mohammad Obeidat,JOR,M,,,,1680,6,40,AUG25,1989,
8124418,Mohammad Saadah,JOR,M,,,,1534,7,40,AUG25,2013,
8111332,Mohammad Salahat,JOR,M,,,,2034,0,20,AUG25,1985,i
8112428,Mohammad Saleh,JOR,M,,,,1611,0,20,AUG25,1999,
8108862,mohammad Sublaban,JOR,M,,,,1824,0,20,AUG25,1994,i
8114218,Mohammad Talafha,JOR,M,,,,1750,0,40,AUG25,1998,
8128642,MOHAMMAD YASER ALZUBI,JOR,M,,,,1610,2,40,AUG25,2003,
8129525,Mohammad yasin,JOR,M,,,,1708,7,40,AUG25,2009,
8113653,"Mohammad Yazan, Al-Shourbaj",JOR,M,,,,1986,0,40,AUG25,1989,i
8127000,Mohammad Zakarneh,JOR,M,,,,1468,0,40,AUG25,2011,
8131252,"Mohammad, Abu Alhawa",JOR,M,,,,1645,0,40,AUG25,2001,i
8104492,"Mohammad, Abu-Nazzal",JOR,M,,,,1825,0,20,AUG25,1998,i
8111081,"Mohammad, Al-Alami",JOR,M,,,,1561,0,40,AUG25,1988,i
8109923,"Mohammad, Alhaj Mohammad",JOR,M,,,,1659,0,40,AUG25,1990,i
8113866,"Mohammad, Almasri",JOR,M,,,,1540,0,40,AUG25,1996,i
8113149,"Mohammad, Alrukibat",JOR,M,,,,1695,0,40,AUG25,1980,i
8115001,"Mohammad, Alsalahat",JOR,M,,,,1750,6,40,AUG25,2005,
8132666,"Mohammad, Alsalal",JOR,M,,,,1464,3,40,AUG25,1994,
8113157,"Mohammad, Alsaudi",JOR,M,,,,1519,0,40,AUG25,1978,i
8131902,"Mohammad, Bayyari",JOR,M,,,,1475,0,40,AUG25,2008,
8133050,"Mohammad, Burjaq",JOR,M,,,,1614,2,40,AUG25,2003,
8133751,"Mohammad, Dahadhah",JOR,M,,,,1574,6,40,AUG25,2006,
8108242,"Mohammad, Daoud",JOR,M,,,,1735,0,20,AUG25,1978,i
8111286,"Mohammad, Hussein",JOR,M,,,,1507,0,40,AUG25,1996,i
8111090,"Mohammad, Masadeh",JOR,M,,,,1524,0,40,AUG25,1982,i
8133069,"Mohammad, Nazzal",JOR,M,,,,1635,0,40,AUG25,1982,
8111294,"Mohammad, Obeidat",JOR,M,,,,1682,0,40,AUG25,1989,
8109931,"Mohammad, Zubaidi",JOR,M,,,,1711,0,40,AUG25,1988,i
8123977,MOHAMMED AL-SHUHA,JOR,M,,,,1628,6,40,AUG25,2001,
8119392,Mohammed Alabbsi,JOR,M,,,,1628,0,40,AUG25,1994,i
8124485,Mohammed Albashier,JOR,M,,,,1679,0,40,AUG25,2009,
8112924,Mohammed Albeek,JOR,M,,,,1708,0,40,AUG25,1990,i
8110263,"Mohammed, Al-Diabat Al-Btous",JOR,M,,,,1766,0,40,AUG25,1971,
8111308,"Mohammed, Al-Diabat Al-Btoush",JOR,M,,,,1573,0,40,AUG25,1971,i
8101680,"Mohammed, Aloufe",JOR,M,,,,1998,0,20,AUG25,1989,i
8112967,"Mohammed, Rajha",JOR,M,,,,1673,0,40,AUG25,1973,i
8110727,"Mohammed, Yaghi",JOR,M,,,,1662,0,40,AUG25,1990,
8126496,Mohannad Alqaisi,JOR,M,,,,1474,0,40,AUG25,1982,i
8109575,"Mohannad, Al-Bakain",JOR,M,,,,1621,0,40,AUG25,2001,i
8100918,"Mohannad, Farhan",JOR,M,FM,,,2080,18,20,AUG25,1978,
8108250,"Mohanned, Jaradat",JOR,M,,,,1636,0,20,AUG25,1995,i
8114960,Mohd Alsafartee,JOR,M,,,,1765,8,20,AUG25,1995,
8125775,Mohd Ammouri,JOR,M,,,,1405,0,40,AUG25,1995,i
8108757,Mohd Ayoub,JOR,M,,,,1754,0,40,AUG25,1980,i
8134677,"Mohd, Yahya",JOR,M,,,,1544,7,40,AUG25,2010,
8129134,Mohed Sulieman,JOR,M,,,,1544,3,40,AUG25,1976,
8112991,Momen Abukhadijah,JOR,M,,,,1491,0,40,AUG25,2000,i
8126771,Montaser Asad,JOR,M,,,,1449,0,40,AUG25,2006,i
8102171,"Mosa, Facher",JOR,M,,,,1903,0,40,AUG25,1978,i
8121311,Mossa Alshreef,JOR,M,,,,1680,7,40,AUG25,2000,
8126682,Motasem Ismail,JOR,M,,,,1774,0,40,AUG25,2001,
8116377,Motaz Hilail,JOR,M,,,,1407,0,40,AUG25,1998,i
8128618,Mouath Al-Sebaie,JOR,M,,,,1548,0,40,AUG25,2001,
8108846,Muhammad Al-Qadamani,JOR,M,,,,1723,0,40,AUG25,1993,i
8125961,Muheeb Al Fakhoury,JOR,M,,,,1575,0,40,AUG25,2001,i
8125651,MUJAHED RAGAYAH,JOR,M,,,,1543,0,40,AUG25,2003,
8113262,"Muna, Alkloub",JOR,M,,,,1407,0,40,AUG25,2007,i
8106134,"Murad, Alfarah",JOR,M,,,,1705,0,20,AUG25,0,i
8102406,"Murad, Bino",JOR,M,,,,1672,5,20,AUG25,1956,
8100403,"Musmar, Malik",JOR,M,,,,1902,0,20,AUG25,1970,
8126330,Mustafa Alata,JOR,M,,,,1401,0,40,AUG25,1999,i
8111774,Mustafa Alkhateeb,JOR,M,,,,1530,0,40,AUG25,1989,i
8126313,Mustafa Mahd,JOR,M,,,,1536,0,40,AUG25,1984,i
8109400,"Mustafa, Al- Jellad",JOR,M,,,,1691,0,40,AUG25,1996,i
8109940,"Mustafa, Khader",JOR,M,,,,1804,0,40,AUG25,1996,i
8133077,"Nadeen, Anzawi",JOR,F,,,,1486,0,40,AUG25,2010,w
8109958,"Nader, Shihab",JOR,M,,,,1694,0,40,AUG25,1976,i
8100250,"Naiem, Mousa",JOR,M,,,,1883,8,20,AUG25,1966,
8101825,"Namoura, Mohammed",JOR,M,,,,1984,0,20,AUG25,1975,i
8121834,Nancy Al-Nizami,JOR,F,,NA,,1557,0,40,AUG25,1978,wi
8110735,"Naseem, Masoud",JOR,M,,,,1795,0,40,AUG25,1994,i
8120609,Naser Alautyat,JOR,M,,,,1668,0,40,AUG25,2001,i
8111120,"Nasri, Bani Fawaz",JOR,M,,,,1735,0,40,AUG25,1986,i
8106770,"Natheer, Kamal",JOR,M,,,,1497,3,20,AUG25,1956,
8111600,Nedal Alghunmeein,JOR,M,,,,1720,0,20,AUG25,1984,i
8120412,NEDAL KANAN,JOR,M,,,,1781,7,20,AUG25,1994,
8114340,Nermeen Al Dassouqy,JOR,F,,,,1414,0,40,AUG25,2009,wi
8102732,"Nimer, Mohammad",JOR,M,,,,1942,0,20,AUG25,1970,i
8127166,Noor Al Safadi,JOR,F,,,,1485,0,40,AUG25,2010,wi
8131910,"Noor Aldeen, Alkhateeb",JOR,M,,,,ACM,1642,0,AUG25,2001,
8117284,Nour Alkhatib,JOR,F,,,,1546,0,40,AUG25,2000,wi
8111138,"Nour Eddin, Almasri",JOR,M,,,,1428,0,40,AUG25,2005,i
8133093,"Noureddin, Saleh",JOR,M,,,,1690,6,40,AUG25,2003,
8100268,"Nowaiser, Raied",JOR,M,,,,2084,0,20,AUG25,1966,i
8108277,"Nuha, Abdullatif",JOR,F,,,,1495,0,40,AUG25,2007,wi
8134693,"Numayr, Rakan",JOR,M,,,,1611,6,40,AUG25,1991,
8124078,Obada Almajali,JOR,M,,,,1421,0,40,AUG25,2000,i
8128847,Obada Salman,JOR,M,,,,1619,0,40,AUG25,2003,
8133549,"Obada, Alfreijat",JOR,M,,,,1628,0,40,AUG25,2003,
8107734,"Oday, Abu Ajalan",JOR,M,,,,1658,0,40,AUG25,0,i
8101817,"Ohnian, S.F.",JOR,M,,,,1846,0,20,AUG25,1953,
8114285,"Ola, Abualfeilat",JOR,F,,,,1476,0,20,AUG25,2003,w
8118442,OMAR ABDELBAQI,JOR,M,,,,1566,0,40,AUG25,2008,i
8111596,Omar Abufarash,JOR,M,,,,1510,0,40,AUG25,1978,i
8126615,Omar Abuseif,JOR,M,,,,1529,0,40,AUG25,2008,i
8126232,OMAR AHMAD,JOR,M,,,,1659,5,40,AUG25,2004,
8114560,Omar Al Tamimi,JOR,M,,,,1652,0,20,AUG25,2004,
8116571,Omar Al-Kayed,JOR,M,,,,1499,2,40,AUG25,2006,
8132739,Omar Alnimer,JOR,M,,,,1417,0,40,AUG25,1981,
8105359,Omar Alqarasmeh,JOR,M,,,,1763,0,40,AUG25,1966,i
8122555,Omar Alsweis,JOR,M,,,,1585,0,40,AUG25,2000,i
8117578,Omar Khuwayrah,JOR,M,,,,1717,0,40,AUG25,1996,i
8109419,"Omar, Al-Saber",JOR,M,,,,1530,0,40,AUG25,2000,i
8113670,"Omar, Aljawaldeh",JOR,M,,,,1425,0,40,AUG25,2008,i
8101647,"Omar, Alkhateeb",JOR,M,,,,2065,0,40,AUG25,1973,i
8112169,"Omar, Daoud",JOR,M,,,,1447,0,40,AUG25,2003,i
8106207,"Omar, Ghaith",JOR,M,,,,1968,0,40,AUG25,0,i
8131937,"Omar, Jolaj",JOR,M,,,,1589,0,40,AUG25,2007,
8106142,"Omar, Kressat",JOR,M,,,,1779,0,40,AUG25,0,i
8105065,"Omar, Oda",JOR,M,,,,1617,0,40,AUG25,0,i
8106606,"Omar, Sweedat",JOR,M,,,,1850,0,20,AUG25,0,
8101310,"Oriqat, Ahmed",JOR,M,,,,1907,0,20,AUG25,1963,i
8118906,Osama Ahmad,JOR,M,,,,1653,0,40,AUG25,2000,
8128383,OSAMA AHMED,JOR,M,,,,1417,0,40,AUG25,1990,
8121036,Osama Alawneh,JOR,M,,,,1844,0,20,AUG25,1999,
8124922,Osama Ali,JOR,M,,,,1550,0,40,AUG25,1986,i
8126844,Osama Alomari,JOR,M,,,,1595,0,40,AUG25,2004,i
8111480,Osama Alsmady,JOR,M,,,,1691,0,20,AUG25,1992,i
8122920,Osama Alzuobi,JOR,M,,,,1603,0,40,AUG25,2001,
8119872,Osama Salameh,JOR,M,,,,1784,7,40,AUG25,2005,
8112975,"Osama, Abuhmeidan",JOR,M,,,,1654,0,20,AUG25,1997,i
8105219,"Osama, Al Najjar",JOR,M,,,,1850,0,20,AUG25,1976,i
8133557,"Osama, Armoush",JOR,M,,,,1459,7,40,AUG25,1992,
8107980,"Osama, Khalid",JOR,M,,,,1561,0,40,AUG25,0,i
8107270,"Osama, Yosef",JOR,M,,,,1759,0,40,AUG25,0,i
8111472,Ouais Alsmady,JOR,M,,,,ACM,1648,0,AUG25,1989,i
8100659,"Qaddara, Aws",JOR,M,FM,,,2289,0,20,AUG25,1982,i
8110840,"Qammar, Al-Khanji",JOR,F,,,,AFM,1563,0,AUG25,2000,wi
8106460,"Qasim, Husein",JOR,M,,,,1851,0,20,AUG25,0,i
377104996,Qaysar Alasali,JOR,M,,,,1841,8,40,AUG25,2008,
8115010,"Qusai, Tawiq",JOR,M,,,,1658,0,40,AUG25,2005,
8133115,"Qusay, Al-Rahahleh",JOR,M,,,,1626,0,40,AUG25,1991,
8107998,"Qusay, Sunjoq",JOR,M,,,,1674,0,20,AUG25,1997,i
8108420,"Qutebh, Msaadh",JOR,M,,,,1612,4,20,AUG25,1982,
8130817,"Raad, Moaaf",JOR,M,,,,1590,6,40,AUG25,2003,
8103100,"Rabee, Al Sanea",JOR,M,,,,1830,0,40,AUG25,1970,i
8106959,Raed Al-muhatseb,JOR,M,,,,1666,0,20,AUG25,1969,i
8126500,Raed Darwish,JOR,M,,,,1489,0,40,AUG25,1997,
8111693,Raed Shehadeh,JOR,M,,,,1622,0,40,AUG25,1975,i
8104980,"Rafat, Al-Shami",JOR,M,,,,1744,0,40,AUG25,1966,i
8123055,"Rafat, Alsawadha",JOR,M,,,,1769,0,40,AUG25,1980,i
8111316,"Rajai, Akkawi",JOR,M,,,,1660,0,40,AUG25,1976,i
8114536,Rakan Dasa,JOR,M,,,,AFM,1999,9,AUG25,2009,
8106614,"Rakan, Al-Eteiwy",JOR,M,,,,1886,0,40,AUG25,0,i
8123195,Ramez Al-Zraikat,JOR,M,,,,1588,3,40,AUG25,2011,
8116660,Ramez Alskafy,JOR,M,,,,1806,0,40,AUG25,1999,i
8120277,Rami Abdallah,JOR,M,,,,1724,8,40,AUG25,2001,
8113890,"Rami, Ghanem",JOR,M,,,,1690,0,40,AUG25,1980,i
8101035,"Ramiz, Kabboushi",JOR,M,,,,2008,0,20,AUG25,1976,i
8116318,Ramzi Khalifa,JOR,M,,,,1426,0,40,AUG25,1992,i
8113165,"Rana, Snober",JOR,M,,,,1626,0,40,AUG25,1999,i
8128120,RASHEd ALSHAER,JOR,M,,,,1440,3,40,AUG25,2010,
8112304,Rashed Kraishan,JOR,M,,,,1509,0,40,AUG25,2007,i
8132895,"Rashed, Almarayeh",JOR,M,,,,1588,0,40,AUG25,2004,
8108994,"Rawand, Alqadamani",JOR,F,,,,1633,0,40,AUG25,1996,wi
8103690,"Raya, Alnaimat",JOR,F,,,,1804,0,20,AUG25,1989,wi
8123098,Rayyan Abdelrazeq,JOR,M,,,,1671,0,40,AUG25,2015,
8127069,Rayyan Ghanem,JOR,M,,,,1408,0,40,AUG25,2011,i
8113416,Rayyan Kraishan,JOR,M,,,,1491,0,40,AUG25,2010,i
8132410,Rayyan Suleiman,JOR,M,,,,1513,0,40,AUG25,2011,
8112703,"Rayyan, Rayyan",JOR,M,,,,1523,4,40,AUG25,2011,
8102953,"Razan, Alshaeby",JOR,F,WFM,WFM,"LSI,SI,NA",1857,0,20,AUG25,1992,wi
8132330,"Reem, Abumayaleh",JOR,F,,,,1659,0,40,AUG25,2004,w
8130213,"Refai, Alrefai",JOR,M,,,,1565,0,40,AUG25,2012,
8112665,"Rema, Hussen",JOR,M,,,,1522,0,40,AUG25,2004,i
8123187,Renad alsardia,JOR,F,,,,1426,0,40,AUG25,2013,wi
8111820,"Revana, Helal",JOR,F,,,,1637,14,40,AUG25,2009,w
8100012,"Rimawi, B. T",JOR,M,FM,,,1981,0,20,AUG25,1960,i
8115028,"Roaa, Smreen",JOR,M,,,,1462,0,40,AUG25,2000,i
8114595,Ruba Al-Qudah,JOR,F,,,,2031,9,40,AUG25,2007,w
8127565,Ryan Abuhamdeh,JOR,M,,,,1563,0,40,AUG25,2010,
8111456,Saad Al- Deen Mohammad,JOR,M,,,,1668,0,40,AUG25,1991,i
8101205,"Saad, Baha",JOR,M,,,,AFM,2028,0,AUG25,1989,
8132526,Sadad Alhabahbeh,JOR,M,,,,1446,0,40,AUG25,2009,
8113688,"Sadam, Alsanabreh",JOR,M,,,,1575,0,40,AUG25,1991,
8114200,Saed Al-Azem,JOR,M,,,,1410,0,40,AUG25,1974,i
8113050,Saed Aletan,JOR,M,,,,1535,0,40,AUG25,1996,i
8122466,Saed Alnabelsi,JOR,M,,,,1419,0,40,AUG25,1997,i
8101884,"Safa, AbuGaniya",JOR,F,WCM,WCM,,1738,0,20,AUG25,1994,wi
8105898,"Safa, Fakhouri",JOR,M,,,,1738,0,40,AUG25,1998,i
8125716,SAHAR ALHAMMADI,JOR,F,,,,1620,0,40,AUG25,1996,wi
8110760,"Saief, Alsafadey",JOR,M,,,,1553,0,40,AUG25,2001,i
8126933,Saif Al Sheyab,JOR,M,,,,1500,0,40,AUG25,2006,i
8126100,Saif Alasaad,JOR,M,,,,1611,0,40,AUG25,1987,i
8112550,Saif Almadani,JOR,M,,,,1585,0,40,AUG25,2005,i
8127948,Saif Kayyali,JOR,M,,,,1571,0,40,AUG25,2011,
8131961,"Saif, Awad",JOR,M,,,,1447,0,40,AUG25,2013,
8104220,"Saif, Malek",JOR,M,CM,,,2159,0,20,AUG25,2004,
8100926,"Saifan, Jaser",JOR,M,,,,1884,0,20,AUG25,1959,i
8100519,"Sakji, Mansour",JOR,M,,,,1985,0,40,AUG25,1948,i
8116679,Salah El-Din Abu-Masoud,JOR,M,,,,1493,0,40,AUG25,1993,i
8111570,Salah Hammoud,JOR,M,,,,1519,0,40,AUG25,1991,i
8104689,"Salama, Thorya",JOR,F,,,,1551,0,40,AUG25,1999,wi
8130671,Saleh Mahmoud,JOR,M,,,,1447,0,40,AUG25,1975,i
8108676,"Saleh, Alkhataybeh",JOR,M,,,,1692,0,40,AUG25,1992,i
8109222,"Saleh, El-Omari",JOR,M,,,,1659,0,40,AUG25,2000,i
8134723,"Saleh, Majd",JOR,M,,,,1540,7,40,AUG25,2005,
8106983,Salem Algleilat,JOR,M,,,,1695,0,20,AUG25,1978,
8101434,"Salem, Abdallah",JOR,M,,,,1761,0,20,AUG25,1952,i
8108684,"Salim, Azoobi",JOR,M,,,,1506,0,40,AUG25,2002,i
8134197,"Salman, Ayham",JOR,M,,,,1712,0,40,AUG25,2008,
8100136,"Salman, Mohammad",JOR,M,CM,,,2244,0,20,AUG25,1971,i
8110220,"Salsabeel, Abed Alfatth",JOR,M,,,,1498,0,40,AUG25,1994,i
8113300,"Sama, Alrshaidat",JOR,M,,,,1466,5,40,AUG25,2011,
8134731,"Samara, Ismail",JOR,M,,,,1529,7,40,AUG25,2010,
8124884,Sameer khaleely,JOR,M,,,,1494,0,40,AUG25,2005,i
8108293,"Sameer, Hatamleh",JOR,M,,,,1824,0,40,AUG25,1979,i
8110271,"Samer, Hamid",JOR,M,,,,1441,0,20,AUG25,1984,
8100705,Samhouri Mohammad,JOR,M,FM,,,2035,0,20,AUG25,1989,i
8100640,"Samhouri, A.",JOR,M,FM,,,2353,0,20,AUG25,1984,
8100942,"Samhouri, Bilal",JOR,M,FM,,,2287,0,20,AUG25,1989,i
8100306,"Samhouri, Khalid",JOR,M,,FI,,1960,0,20,AUG25,1979,i
8116199,Sami Habash,JOR,M,,,,1529,0,40,AUG25,2005,i
8110859,"Sami, Ismail",JOR,M,,,,1656,0,40,AUG25,1998,i
8111154,"Samir, Akkash",JOR,M,,,,1579,0,40,AUG25,1977,i
8120544,Sara Odeh,JOR,F,,,,1427,0,40,AUG25,2013,w
8109974,"Sara, Maigel",JOR,F,,,,1591,0,20,AUG25,2002,wi
8100870,"Saraireh, Suhail",JOR,M,,,,1998,0,20,AUG25,1948,i
8125333,"Sayel, Almaaitah",JOR,M,,,,1639,0,40,AUG25,2007,
8113386,Senan Rayyan,JOR,M,,,,1596,7,40,AUG25,2012,
8115362,Serina Arafat,JOR,F,,,,1526,0,20,AUG25,2006,w
8106991,"Sevack, Krikorian",JOR,M,,,,1653,0,40,AUG25,1991,i
8107009,"Sevan, Krikorian",JOR,M,,,,1825,0,20,AUG25,1997,
8101329,"Shadeed, A.",JOR,M,,,,1984,0,20,AUG25,1974,i
8104891,Shaden Alanaty,JOR,F,,,,1573,0,20,AUG25,2004,wi
8124728,Shadi Al-Deir,JOR,M,,,,1524,0,40,AUG25,2000,
8131970,"Shadi, Ettantawi",JOR,M,,,,1547,0,40,AUG25,1977,
8100586,"Shaheen, Ala",JOR,M,,,,1990,0,20,AUG25,1965,i
8132356,"Shaheen, Albashaireh",JOR,M,,,,1602,0,40,AUG25,2009,
8115940,Shahem Ejeilat,JOR,M,,,,1665,15,40,AUG25,2014,
8111162,"Shahin, Shahin",JOR,M,,,,1774,0,40,AUG25,1997,i
8103666,"Shahrory, Haythm",JOR,M,,,,1860,0,20,AUG25,1980,i
8101094,"Shaqour, Faridon",JOR,M,,,,1948,0,40,AUG25,1968,i
8134200,"Sharif, Hussein",JOR,M,,,,1613,0,40,AUG25,1985,
8100535,"Shehade, Abdul Aziz",JOR,M,,,,1869,0,40,AUG25,1985,i
8100934,"Sheikhzaid, Hakam",JOR,M,,,,1968,0,20,AUG25,1970,i
8109982,"Shhab, Edibat",JOR,M,,,,1589,0,40,AUG25,1978,i
8100284,"Showmali, Sameer",JOR,M,,,,2155,0,40,AUG25,1947,i
8105375,Somya Alrwabda,JOR,F,,NA,,1642,0,20,AUG25,1985,wi
8100489,"Subaih, Fadi",JOR,M,,,,2139,0,20,AUG25,1984,i
8100217,"Suhaimat, Mostafa",JOR,M,,,,2030,0,40,AUG25,1950,i
8121672,Suhib Aliabdallah,JOR,M,,,,1498,0,40,AUG25,1999,i
8131538,"Suhib, Ghanem",JOR,M,,,,1559,0,40,AUG25,1996,
8103445,Suleiman AlMousa,JOR,M,,,,2011,0,20,AUG25,1995,i
8126470,Sultan Masoud,JOR,M,,,,1769,0,40,AUG25,2007,
8116083,Suood Jassar,JOR,M,,,,1503,0,40,AUG25,1997,i
8113319,"Sura, Alrshaidat",JOR,M,,,,1525,0,40,AUG25,2009,
8100837,"Ta mari, Awadh",JOR,M,,,,2015,0,40,AUG25,1967,i
8100209,"Taffal, Fuad",JOR,M,,,,2059,0,20,AUG25,1962,i
8107068,"Taha, Ahmad",JOR,M,,,,1990,0,20,AUG25,1965,i
8101736,"Taher, Ali",JOR,M,,,,2014,0,20,AUG25,1992,
8112193,"Tahreer, Alawamleh",JOR,M,,,,1685,0,40,AUG25,1963,
8110328,Tala Alnasser,JOR,F,,,,1655,0,20,AUG25,2004,wi
8127123,Tala Arafat,JOR,F,,,,1556,5,40,AUG25,2011,w
8124663,Talal Hammudeh,JOR,M,,,,1579,0,40,AUG25,1983,i
8123071,"Talal, Almaaitah",JOR,M,,,,1855,0,40,AUG25,1988,i
8103011,"Talal, Bakeer",JOR,M,,,,1832,0,40,AUG25,1963,i
8109435,"Taleen, Alhilu",JOR,F,,,,1482,0,40,AUG25,2006,wi
8113327,"Taleen, Khouri",JOR,F,,,,1477,0,40,AUG25,2011,wi
8114919,"Talia, Helal",JOR,F,,,,1507,11,40,AUG25,2014,w
8103674,"Tamara, Khateeb",JOR,F,,,,1842,0,20,AUG25,1994,wi
8106860,Tameem Al-Btoush,JOR,M,,,,1610,0,40,AUG25,2009,
8110280,"Tamem, Al-Diabat Al-Btous",JOR,M,,,,1534,0,40,AUG25,2009,i
8111553,Tarek Alansari,JOR,M,,,,1597,0,20,AUG25,2004,i
8108811,Tarek anabtawi,JOR,M,,,,1800,0,40,AUG25,1987,i
8112894,"Tareq, Abuhijleh",JOR,M,,,,1617,0,40,AUG25,1971,i
8105014,"Tareq, Alzatry",JOR,M,,,,1849,0,20,AUG25,0,i
8113971,Tariq Aljarabah,JOR,M,,,,1686,0,40,AUG25,1999,i
8107556,Tariq Almousa,JOR,M,,,,1659,0,20,AUG25,2001,i
8114765,Tariq Alshahwan,JOR,M,,,,1596,0,40,AUG25,1999,i
8101060,"Tariq, Amin",JOR,M,,,,1785,0,20,AUG25,0,i
8110794,"Tariq, Higazi",JOR,M,,,,1668,0,40,AUG25,1975,i
8106215,"Thaer, Abu Alhaija",JOR,M,,,,AFM,1977,0,AUG25,2004,
8110778,"Thaer, Eid",JOR,M,,,,1714,0,20,AUG25,1988,
8110867,"Thamer, Al-Jbarat",JOR,M,,,,1708,0,40,AUG25,1981,i
8127115,Tuleen Yousef,JOR,F,,,,1592,5,20,AUG25,2006,w
8108315,"Waleed, Abdelqader",JOR,M,,,,1597,0,40,AUG25,2002,i
8107165,"Waleed, Al-Eassa",JOR,M,,,,1678,0,40,AUG25,1980,i
8120536,Ward Odeh,JOR,M,,,,1510,0,40,AUG25,2012,i
8114382,Waseem Al-Hwaidi,JOR,M,,,,1515,0,40,AUG25,2005,i
8108323,"Waseem, Al-Abbassi",JOR,M,,,,1772,0,20,AUG25,1987,i
8107653,"Waseem, Kanaan",JOR,M,,,,1737,0,40,AUG25,1995,i
8132100,Wasfi Haddadin,JOR,M,,,,1633,0,40,AUG25,1971,
8109230,"Yahia, Alqwasmi",JOR,M,,,,1439,0,40,AUG25,2007,i
8116504,Yahya Alquran,JOR,M,,,,1490,0,40,AUG25,1963,
8114994,"Yahya Khaled, Alyabrudi",JOR,M,,,,1490,0,40,AUG25,2007,i
8133212,"Yahya, Al-Oqool",JOR,M,,,,1524,0,40,AUG25,2013,
8100055,"Yahya, H. Al",JOR,M,,,,1945,0,20,AUG25,1959,i
8124531,Yaman Rayyan,JOR,M,,,,1439,2,40,AUG25,2016,
8113920,"Yaman, Thahir",JOR,M,,,,1405,0,40,AUG25,2007,i
8115427,Yara Alata,JOR,F,,,,1406,0,40,AUG25,2000,wi
8111200,Yara Nofal,JOR,F,,,,1497,0,40,AUG25,2001,wi
8101930,"Yaseer, Maher",JOR,M,,,,1956,0,40,AUG25,1971,i
8126747,Yaser Saqqa,JOR,M,,,,1587,7,20,AUG25,2003,
8112681,"Yaser, Alnawasreh",JOR,M,,,,1713,0,40,AUG25,1976,i
8102015,"Yasmeen, Abu Ganiha",JOR,F,,,,1716,0,20,AUG25,1995,wi
8122261,Yasser Hamdan,JOR,M,,,,1648,4,20,AUG25,1980,
8112320,Yazan Kandah,JOR,M,,,,1500,0,40,AUG25,2006,i
8125929,Yazan mahafza,JOR,M,,,,1607,0,40,AUG25,1998,i
8124329,Yazan Shatnawi,JOR,M,,,,1564,8,40,AUG25,2008,
8130787,"Yazan, Abu-Ain",JOR,M,,,,1677,0,40,AUG25,2005,i
8103224,"Yazan, Al Bashiti",JOR,M,,,,1827,0,20,AUG25,1997,i
8132674,"Yazan, Alrawashdeh",JOR,M,,,,1684,0,40,AUG25,2009,
8109990,"Yazan, Alsoud",JOR,M,,,,1829,0,20,AUG25,1994,
8108331,"Yazeed, Abdelrahim",JOR,M,,,,1540,0,20,AUG25,2003,i
8109257,"Younes, Abu Shareb",JOR,M,,,,1817,0,20,AUG25,1971,i
8104050,Yousef Abu-Khalaf,JOR,M,,,,1833,0,20,AUG25,1998,i
8126801,Yousef Aburoos,JOR,M,,,,AFM,1621,0,AUG25,2007,i
8114676,Yousef Alabed,JOR,M,,,,1551,0,40,AUG25,2005,i
8126119,Yousef AlQudah,JOR,M,,,,1410,0,40,AUG25,2006,i
8123918,Yousef Jawabreh,JOR,M,,,,1646,0,40,AUG25,1985,
8112690,Yousef theeb,JOR,M,,,,1421,0,40,AUG25,2008,i
8118949,Yousef Yadak,JOR,M,,,,1785,0,40,AUG25,2002,i
8131996,"Yousef, Zaid",JOR,M,,,,1505,0,40,AUG25,2008,
8114269,Yousif Alqaisi,JOR,M,,,,1434,0,40,AUG25,1970,i
8134766,"Zabadh, Adnan",JOR,M,,,,1641,6,40,AUG25,2010,
8100551,"Zaben, Majed",JOR,M,,,,1846,0,20,AUG25,1966,i
8114110,Zaid Abual-Soud,JOR,M,,,,1575,0,40,AUG25,2005,i
8127336,zaid salah,JOR,M,,,,1758,8,20,AUG25,2006,
8111715,Zaid Shehadeh,JOR,M,,,,1835,0,40,AUG25,2008,
8104255,"Zaid, Abu Maizer",JOR,M,,,,1768,0,40,AUG25,0,i
8110417,"Zaid, Abughazaleh",JOR,M,,,,1695,0,40,AUG25,1993,i
8107017,"Zaid, Aljundy",JOR,M,,,,1772,0,40,AUG25,0,i
8131325,"Zaid, Alshaqarin",JOR,M,,,,1574,0,40,AUG25,2008,
8114870,"Zaid, Arafat",JOR,M,,,,1541,0,40,AUG25,2012,
8109648,"Zaid, Shannak",JOR,M,,,,1684,0,20,AUG25,1998,i
8115974,Zain Ahmad,JOR,M,,,,1616,8,40,AUG25,2012,
8110298,"Zain, Al-Diabat Al-Btous",JOR,M,,,,1501,0,40,AUG25,2006,i
8131481,"Zeed, Abu Taqa",JOR,M,,,,1547,0,40,AUG25,2002,
8112525,Zeyad Aldarawsha,JOR,M,,,,1671,0,40,AUG25,2003,i
8112037,"Zeyad, Hijaz",JOR,M,,,,1460,0,40,AUG25,1971,i
8121974,Ziad Khalifieh,JOR,M,,,,1661,0,40,AUG25,2009,
8112517,Zidan Aldarawsha,JOR,M,,,,1605,0,40,AUG25,2006,i