[
  {
    "ID Number": "14610850"
  },
  {
    "ID Number": "14610868"
  },
  {
    "ID Number": "14607115"
  },
  {
    "ID Number": "14614189"
  },
  {
    "ID Number": "14614170"
  },
  {
    "ID Number": "14666693"
  },
  {
    "ID Number": "14672936"
  },
  {
    "ID Number": "14601770"
  },
  {
    "ID Number": "14628139"
  },
  {
    "ID Number": "14654911"
  },
  {
    "ID Number": "14669234"
  },
  {
    "ID Number": "14606348"
  },
  {
    "ID Number": "14604566"
  },
  {
    "ID Number": "14618940"
  },
  {
    "ID Number": "14622149"
  },
  {
    "ID Number": "14637260"
  },
  {
    "ID Number": "14636166"
  },
  {
    "ID Number": "14603756"
  },
  {
    "ID Number": "14629178"
  },
  {
    "ID Number": "14675285"
  },
  {
    "ID Number": "14604035"
  },
  {
    "ID Number": "14670283"
  },
  {
    "ID Number": "14661667"
  },
  {
    "ID Number": "73009210"
  },
  {
    "ID Number": "14622360"
  },
  {
    "ID Number": "14611635"
  },
  {
    "ID Number": "14610132"
  },
  {
    "ID Number": "924679"
  },
  {
    "ID Number": "14672260"
  },
  {
    "ID Number": "14620294"
  },
  {
    "ID Number": "14656906"
  },
  {
    "ID Number": "14600471"
  },
  {
    "ID Number": "14646722"
  },
  {
    "ID Number": "14654253"
  },
  {
    "ID Number": "14633760"
  },
  {
    "ID Number": "14606917"
  },
  {
    "ID Number": "14661284"
  },
  {
    "ID Number": "14640864"
  },
  {
    "ID Number": "14645572"
  },
  {
    "ID Number": "14661675"
  },
  {
    "ID Number": "14636174"
  },
  {
    "ID Number": "14650789"
  },
  {
    "ID Number": "14650770"
  },
  {
    "ID Number": "14663368"
  },
  {
    "ID Number": "14646439"
  },
  {
    "ID Number": "14654830"
  },
  {
    "ID Number": "14630311"
  },
  {
    "ID Number": "14641429"
  },
  {
    "ID Number": "14659654"
  },
  {
    "ID Number": "14676206"
  },
  {
    "ID Number": "14615053"
  },
  {
    "ID Number": "14652897"
  },
  {
    "ID Number": "14632489"
  },
  {
    "ID Number": "14602636"
  },
  {
    "ID Number": "14647460"
  },
  {
    "ID Number": "14627558"
  },
  {
    "ID Number": "14642220"
  },
  {
    "ID Number": "14611570"
  },
  {
    "ID Number": "14668327"
  },
  {
    "ID Number": "14644460"
  },
  {
    "ID Number": "14613522"
  },
  {
    "ID Number": "14638509"
  },
  {
    "ID Number": "14673207"
  },
  {
    "ID Number": "14606755"
  },
  {
    "ID Number": "14628953"
  },
  {
    "ID Number": "14628775"
  },
  {
    "ID Number": "14611767"
  },
  {
    "ID Number": "14623382"
  },
  {
    "ID Number": "14613816"
  },
  {
    "ID Number": "14682109"
  },
  {
    "ID Number": "14606151"
  },
  {
    "ID Number": "14647257"
  },
  {
    "ID Number": "14623544"
  },
  {
    "ID Number": "14618648"
  },
  {
    "ID Number": "13701010"
  },
  {
    "ID Number": "14611430"
  },
  {
    "ID Number": "14662760"
  },
  {
    "ID Number": "14660482"
  },
  {
    "ID Number": "14661691"
  },
  {
    "ID Number": "14682028"
  },
  {
    "ID Number": "14655381"
  },
  {
    "ID Number": "14606950"
  },
  {
    "ID Number": "14610302"
  },
  {
    "ID Number": "14612550"
  },
  {
    "ID Number": "14632896"
  },
  {
    "ID Number": "14601290"
  },
  {
    "ID Number": "14661705"
  },
  {
    "ID Number": "14600021"
  },
  {
    "ID Number": "73005266"
  },
  {
    "ID Number": "14639793"
  },
  {
    "ID Number": "14611864"
  },
  {
    "ID Number": "14666405"
  },
  {
    "ID Number": "14619679"
  },
  {
    "ID Number": "14657830"
  },
  {
    "ID Number": "14651327"
  },
  {
    "ID Number": "14632500"
  },
  {
    "ID Number": "14619180"
  },
  {
    "ID Number": "14616807"
  },
  {
    "ID Number": "14622416"
  },
  {
    "ID Number": "14608677"
  },
  {
    "ID Number": "14642255"
  },
  {
    "ID Number": "14611350"
  },
  {
    "ID Number": "14618168"
  },
  {
    "ID Number": "14648741"
  },
  {
    "ID Number": "14603837"
  },
  {
    "ID Number": "14611830"
  },
  {
    "ID Number": "14637995"
  },
  {
    "ID Number": "14639920"
  },
  {
    "ID Number": "14641550"
  },
  {
    "ID Number": "15000141"
  },
  {
    "ID Number": "14603900"
  },
  {
    "ID Number": "14602709"
  },
  {
    "ID Number": "14602377"
  },
  {
    "ID Number": "14646986"
  },
  {
    "ID Number": "14606852"
  },
  {
    "ID Number": "14641771"
  },
  {
    "ID Number": "14648059"
  },
  {
    "ID Number": "14655900"
  },
  {
    "ID Number": "14606771"
  },
  {
    "ID Number": "14645270"
  },
  {
    "ID Number": "14675757"
  },
  {
    "ID Number": "14646820"
  },
  {
    "ID Number": "14610426"
  },
  {
    "ID Number": "14640155"
  },
  {
    "ID Number": "14665930"
  },
  {
    "ID Number": "14600994"
  },
  {
    "ID Number": "14640210"
  },
  {
    "ID Number": "14632918"
  },
  {
    "ID Number": "14634767"
  },
  {
    "ID Number": "14625253"
  },
  {
    "ID Number": "14658755"
  },
  {
    "ID Number": "14655390"
  },
  {
    "ID Number": "14657260"
  },
  {
    "ID Number": "14603659"
  },
  {
    "ID Number": "14635216"
  },
  {
    "ID Number": "14634740"
  },
  {
    "ID Number": "14625610"
  },
  {
    "ID Number": "14605015"
  },
  {
    "ID Number": "14625334"
  },
  {
    "ID Number": "14624494"
  },
  {
    "ID Number": "14610310"
  },
  {
    "ID Number": "14650398"
  },
  {
    "ID Number": "14657015"
  },
  {
    "ID Number": "14613980"
  },
  {
    "ID Number": "14633221"
  },
  {
    "ID Number": "14603233"
  },
  {
    "ID Number": "14606704"
  },
  {
    "ID Number": "14637413"
  },
  {
    "ID Number": "14641895"
  },
  {
    "ID Number": "14619130"
  },
  {
    "ID Number": "14631636"
  },
  {
    "ID Number": "14673550"
  },
  {
    "ID Number": "14610892"
  },
  {
    "ID Number": "14681064"
  },
  {
    "ID Number": "14610876"
  },
  {
    "ID Number": "14630753"
  },
  {
    "ID Number": "14643081"
  },
  {
    "ID Number": "14634473"
  },
  {
    "ID Number": "14600536"
  },
  {
    "ID Number": "14679140"
  },
  {
    "ID Number": "14611058"
  },
  {
    "ID Number": "14611775"
  },
  {
    "ID Number": "14636042"
  },
  {
    "ID Number": "14608510"
  },
  {
    "ID Number": "14608693"
  },
  {
    "ID Number": "14603152"
  },
  {
    "ID Number": "14660148"
  },
  {
    "ID Number": "14639939"
  },
  {
    "ID Number": "14606780"
  },
  {
    "ID Number": "14625628"
  },
  {
    "ID Number": "14659590"
  },
  {
    "ID Number": "14608707"
  },
  {
    "ID Number": "14601338"
  },
  {
    "ID Number": "14606860"
  },
  {
    "ID Number": "14638304"
  },
  {
    "ID Number": "14676125"
  },
  {
    "ID Number": "14607816"
  },
  {
    "ID Number": "14605503"
  },
  {
    "ID Number": "14608634"
  },
  {
    "ID Number": "14608715"
  },
  {
    "ID Number": "14603551"
  },
  {
    "ID Number": "14666804"
  },
  {
    "ID Number": "14659085"
  },
  {
    "ID Number": "14614219"
  },
  {
    "ID Number": "14608537"
  },
  {
    "ID Number": "14602105"
  },
  {
    "ID Number": "14608472"
  },
  {
    "ID Number": "14650720"
  },
  {
    "ID Number": "14610434"
  },
  {
    "ID Number": "14617510"
  },
  {
    "ID Number": "14605023"
  },
  {
    "ID Number": "14625040"
  },
  {
    "ID Number": "14603144"
  },
  {
    "ID Number": "14670712"
  },
  {
    "ID Number": "14621282"
  },
  {
    "ID Number": "14624125"
  },
  {
    "ID Number": "14611066"
  },
  {
    "ID Number": "14640368"
  },
  {
    "ID Number": "14647001"
  },
  {
    "ID Number": "14640171"
  },
  {
    "ID Number": "14619970"
  },
  {
    "ID Number": "14601362"
  },
  {
    "ID Number": "14667738"
  },
  {
    "ID Number": "14632713"
  },
  {
    "ID Number": "14602300"
  },
  {
    "ID Number": "14635569"
  },
  {
    "ID Number": "14657120"
  },
  {
    "ID Number": "14644614"
  },
  {
    "ID Number": "14643790"
  },
  {
    "ID Number": "14632250"
  },
  {
    "ID Number": "14618818"
  },
  {
    "ID Number": "14641372"
  },
  {
    "ID Number": "14608642"
  },
  {
    "ID Number": "14603489"
  },
  {
    "ID Number": "14629666"
  },
  {
    "ID Number": "14621991"
  },
  {
    "ID Number": "14644550"
  },
  {
    "ID Number": "14633957"
  },
  {
    "ID Number": "14651017"
  },
  {
    "ID Number": "14655705"
  },
  {
    "ID Number": "14603764"
  },
  {
    "ID Number": "14606720"
  },
  {
    "ID Number": "14604981"
  },
  {
    "ID Number": "14606674"
  },
  {
    "ID Number": "14604191"
  },
  {
    "ID Number": "14603993"
  },
  {
    "ID Number": "14646617"
  },
  {
    "ID Number": "14646862"
  },
  {
    "ID Number": "14625261"
  },
  {
    "ID Number": "14615096"
  },
  {
    "ID Number": "14601052"
  },
  {
    "ID Number": "14621983"
  },
  {
    "ID Number": "14604477"
  },
  {
    "ID Number": "14633418"
  },
  {
    "ID Number": "14635410"
  },
  {
    "ID Number": "14642115"
  },
  {
    "ID Number": "14615100"
  },
  {
    "ID Number": "14624346"
  },
  {
    "ID Number": "14674769"
  },
  {
    "ID Number": "14634554"
  },
  {
    "ID Number": "14609720"
  },
  {
    "ID Number": "14644312"
  },
  {
    "ID Number": "14638215"
  },
  {
    "ID Number": "14635275"
  },
  {
    "ID Number": "14632209"
  },
  {
    "ID Number": "14653737"
  },
  {
    "ID Number": "14661721"
  },
  {
    "ID Number": "14617234"
  },
  {
    "ID Number": "14623277"
  },
  {
    "ID Number": "14669145"
  },
  {
    "ID Number": "14610906"
  },
  {
    "ID Number": "14642999"
  },
  {
    "ID Number": "14618753"
  },
  {
    "ID Number": "14619563"
  },
  {
    "ID Number": "14648695"
  },
  {
    "ID Number": "14646331"
  },
  {
    "ID Number": "14632934"
  },
  {
    "ID Number": "14638371"
  },
  {
    "ID Number": "14636069"
  },
  {
    "ID Number": "14672227"
  },
  {
    "ID Number": "14655942"
  },
  {
    "ID Number": "14648601"
  },
  {
    "ID Number": "14643227"
  },
  {
    "ID Number": "14638231"
  },
  {
    "ID Number": "14644959"
  },
  {
    "ID Number": "14645424"
  },
  {
    "ID Number": "14655179"
  },
  {
    "ID Number": "14629232"
  },
  {
    "ID Number": "14654261"
  },
  {
    "ID Number": "14600978"
  },
  {
    "ID Number": "14664348"
  },
  {
    "ID Number": "14674181"
  },
  {
    "ID Number": "14654849"
  },
  {
    "ID Number": "14614049"
  },
  {
    "ID Number": "14607824"
  },
  {
    "ID Number": "14652382"
  },
  {
    "ID Number": "14655365"
  },
  {
    "ID Number": "14613417"
  },
  {
    "ID Number": "14634414"
  },
  {
    "ID Number": "14641020"
  },
  {
    "ID Number": "14638436"
  },
  {
    "ID Number": "14631741"
  },
  {
    "ID Number": "14664330"
  },
  {
    "ID Number": "14663465"
  },
  {
    "ID Number": "14635577"
  },
  {
    "ID Number": "14654130"
  },
  {
    "ID Number": "14681951"
  },
  {
    "ID Number": "14681960"
  },
  {
    "ID Number": "14680122"
  },
  {
    "ID Number": "14645688"
  },
  {
    "ID Number": "14608731"
  },
  {
    "ID Number": "14633884"
  },
  {
    "ID Number": "14676982"
  },
  {
    "ID Number": "14600064"
  },
  {
    "ID Number": "14663945"
  },
  {
    "ID Number": "14638266"
  },
  {
    "ID Number": "14611074"
  },
  {
    "ID Number": "14635500"
  },
  {
    "ID Number": "14663856"
  },
  {
    "ID Number": "14669668"
  },
  {
    "ID Number": "14600528"
  },
  {
    "ID Number": "14605660"
  },
  {
    "ID Number": "14607603"
  },
  {
    "ID Number": "14663503"
  },
  {
    "ID Number": "14611872"
  },
  {
    "ID Number": "14603284"
  },
  {
    "ID Number": "14641046"
  },
  {
    "ID Number": "14604442"
  },
  {
    "ID Number": "14620928"
  },
  {
    "ID Number": "14652412"
  },
  {
    "ID Number": "14655950"
  },
  {
    "ID Number": "14601044"
  },
  {
    "ID Number": "14663589"
  },
  {
    "ID Number": "14671212"
  },
  {
    "ID Number": "14608383"
  },
  {
    "ID Number": "14608553"
  },
  {
    "ID Number": "14612585"
  },
  {
    "ID Number": "14640066"
  },
  {
    "ID Number": "14640082"
  },
  {
    "ID Number": "14600102"
  },
  {
    "ID Number": "14654202"
  },
  {
    "ID Number": "14608480"
  },
  {
    "ID Number": "14661101"
  },
  {
    "ID Number": "14662337"
  },
  {
    "ID Number": "14674432"
  },
  {
    "ID Number": "14645157"
  },
  {
    "ID Number": "14651092"
  },
  {
    "ID Number": "14653516"
  },
  {
    "ID Number": "14613999"
  },
  {
    "ID Number": "14635798"
  },
  {
    "ID Number": "14676303"
  },
  {
    "ID Number": "14666189"
  },
  {
    "ID Number": "14634015"
  },
  {
    "ID Number": "14653044"
  },
  {
    "ID Number": "14672944"
  },
  {
    "ID Number": "14660580"
  },
  {
    "ID Number": "14615134"
  },
  {
    "ID Number": "14603802"
  },
  {
    "ID Number": "14625270"
  },
  {
    "ID Number": "14657481"
  },
  {
    "ID Number": "14646994"
  },
  {
    "ID Number": "14659980"
  },
  {
    "ID Number": "14614871"
  },
  {
    "ID Number": "14614880"
  },
  {
    "ID Number": "14656620"
  },
  {
    "ID Number": "14644231"
  },
  {
    "ID Number": "14655241"
  },
  {
    "ID Number": "14654881"
  },
  {
    "ID Number": "14643910"
  },
  {
    "ID Number": "14634759"
  },
  {
    "ID Number": "14656655"
  },
  {
    "ID Number": "14605813"
  },
  {
    "ID Number": "14622882"
  },
  {
    "ID Number": "14656663"
  },
  {
    "ID Number": "14628740"
  },
  {
    "ID Number": "14636034"
  },
  {
    "ID Number": "14648652"
  },
  {
    "ID Number": "14652439"
  },
  {
    "ID Number": "14609789"
  },
  {
    "ID Number": "4160258"
  },
  {
    "ID Number": "14668580"
  },
  {
    "ID Number": "14634805"
  },
  {
    "ID Number": "14638703"
  },
  {
    "ID Number": "14625300"
  },
  {
    "ID Number": "14609290"
  },
  {
    "ID Number": "14623021"
  },
  {
    "ID Number": "14626764"
  },
  {
    "ID Number": "14676052"
  },
  {
    "ID Number": "14642336"
  },
  {
    "ID Number": "14629941"
  },
  {
    "ID Number": "14646064"
  },
  {
    "ID Number": "14648709"
  },
  {
    "ID Number": "14647036"
  },
  {
    "ID Number": "14611082"
  },
  {
    "ID Number": "14675889"
  },
  {
    "ID Number": "14633647"
  },
  {
    "ID Number": "14651432"
  },
  {
    "ID Number": "14602237"
  },
  {
    "ID Number": "14613611"
  },
  {
    "ID Number": "14626268"
  },
  {
    "ID Number": "14603829"
  },
  {
    "ID Number": "14609827"
  },
  {
    "ID Number": "14601761"
  },
  {
    "ID Number": "14658801"
  },
  {
    "ID Number": "14643090"
  },
  {
    "ID Number": "14654822"
  },
  {
    "ID Number": "14608766"
  },
  {
    "ID Number": "14664283"
  },
  {
    "ID Number": "14612593"
  },
  {
    "ID Number": "14609835"
  },
  {
    "ID Number": "14609843"
  },
  {
    "ID Number": "14606208"
  },
  {
    "ID Number": "14664259"
  },
  {
    "ID Number": "14618141"
  },
  {
    "ID Number": "14643928"
  },
  {
    "ID Number": "14610922"
  },
  {
    "ID Number": "14645939"
  },
  {
    "ID Number": "14609681"
  },
  {
    "ID Number": "14653346"
  },
  {
    "ID Number": "14610019"
  },
  {
    "ID Number": "14670534"
  },
  {
    "ID Number": "14643456"
  },
  {
    "ID Number": "14678926"
  },
  {
    "ID Number": "14679639"
  },
  {
    "ID Number": "14633230"
  },
  {
    "ID Number": "14663724"
  },
  {
    "ID Number": "14642450"
  },
  {
    "ID Number": "14635283"
  },
  {
    "ID Number": "14637707"
  },
  {
    "ID Number": "14635801"
  },
  {
    "ID Number": "14601125"
  },
  {
    "ID Number": "14607077"
  },
  {
    "ID Number": "14628759"
  },
  {
    "ID Number": "14606747"
  },
  {
    "ID Number": "14602261"
  },
  {
    "ID Number": "14608774"
  },
  {
    "ID Number": "14613344"
  },
  {
    "ID Number": "14619199"
  },
  {
    "ID Number": "14613433"
  },
  {
    "ID Number": "14656604"
  },
  {
    "ID Number": "14645696"
  },
  {
    "ID Number": "14672766"
  },
  {
    "ID Number": "14611643"
  },
  {
    "ID Number": "14638754"
  },
  {
    "ID Number": "14610787"
  },
  {
    "ID Number": "14644126"
  },
  {
    "ID Number": "14644169"
  },
  {
    "ID Number": "14671921"
  },
  {
    "ID Number": "14639475"
  },
  {
    "ID Number": "14671077"
  },
  {
    "ID Number": "14605821"
  },
  {
    "ID Number": "14612607"
  },
  {
    "ID Number": "14642522"
  },
  {
    "ID Number": "14670780"
  },
  {
    "ID Number": "14652919"
  },
  {
    "ID Number": "14658216"
  },
  {
    "ID Number": "14663112"
  },
  {
    "ID Number": "14665891"
  },
  {
    "ID Number": "14619148"
  },
  {
    "ID Number": "14676419"
  },
  {
    "ID Number": "14652510"
  },
  {
    "ID Number": "14659875"
  },
  {
    "ID Number": "24130737"
  },
  {
    "ID Number": "14681617"
  },
  {
    "ID Number": "14614138"
  },
  {
    "ID Number": "14650401"
  },
  {
    "ID Number": "14607042"
  },
  {
    "ID Number": "14603845"
  },
  {
    "ID Number": "14615177"
  },
  {
    "ID Number": "14679353"
  },
  {
    "ID Number": "14639530"
  },
  {
    "ID Number": "14636328"
  },
  {
    "ID Number": "14671484"
  },
  {
    "ID Number": "14615185"
  },
  {
    "ID Number": "14623897"
  },
  {
    "ID Number": "14660237"
  },
  {
    "ID Number": "14648571"
  },
  {
    "ID Number": "14613360"
  },
  {
    "ID Number": "14656043"
  },
  {
    "ID Number": "14637960"
  },
  {
    "ID Number": "14627574"
  },
  {
    "ID Number": "14629119"
  },
  {
    "ID Number": "14638819"
  },
  {
    "ID Number": "14631555"
  },
  {
    "ID Number": "14607840"
  },
  {
    "ID Number": "14625288"
  },
  {
    "ID Number": "14618176"
  },
  {
    "ID Number": "14649292"
  },
  {
    "ID Number": "14670453"
  },
  {
    "ID Number": "14601346"
  },
  {
    "ID Number": "14647508"
  },
  {
    "ID Number": "14651483"
  },
  {
    "ID Number": "14607441"
  },
  {
    "ID Number": "14658461"
  },
  {
    "ID Number": "14608324"
  },
  {
    "ID Number": "14678098"
  },
  {
    "ID Number": "14626349"
  },
  {
    "ID Number": "14662639"
  },
  {
    "ID Number": "14654857"
  },
  {
    "ID Number": "14631750"
  },
  {
    "ID Number": "14607867"
  },
  {
    "ID Number": "14679620"
  },
  {
    "ID Number": "14609304"
  },
  {
    "ID Number": "14662450"
  },
  {
    "ID Number": "14600676"
  },
  {
    "ID Number": "14671700"
  },
  {
    "ID Number": "14670291"
  },
  {
    "ID Number": "14606542"
  },
  {
    "ID Number": "14661748"
  },
  {
    "ID Number": "14671573"
  },
  {
    "ID Number": "14627701"
  },
  {
    "ID Number": "14624559"
  },
  {
    "ID Number": "14674564"
  },
  {
    "ID Number": "14640660"
  },
  {
    "ID Number": "14653311"
  },
  {
    "ID Number": "14679850"
  },
  {
    "ID Number": "14676095"
  },
  {
    "ID Number": "14639424"
  },
  {
    "ID Number": "14607875"
  },
  {
    "ID Number": "14639904"
  },
  {
    "ID Number": "14667762"
  },
  {
    "ID Number": "14613832"
  },
  {
    "ID Number": "14628392"
  },
  {
    "ID Number": "14664291"
  },
  {
    "ID Number": "14603675"
  },
  {
    "ID Number": "14660890"
  },
  {
    "ID Number": "14621568"
  },
  {
    "ID Number": "14673266"
  },
  {
    "ID Number": "14638100"
  },
  {
    "ID Number": "14622670"
  },
  {
    "ID Number": "14632330"
  },
  {
    "ID Number": "14679698"
  },
  {
    "ID Number": "14679701"
  },
  {
    "ID Number": "14679094"
  },
  {
    "ID Number": "14603373"
  },
  {
    "ID Number": "14627779"
  },
  {
    "ID Number": "14635810"
  },
  {
    "ID Number": "14611015"
  },
  {
    "ID Number": "14643723"
  },
  {
    "ID Number": "14644380"
  },
  {
    "ID Number": "14667770"
  },
  {
    "ID Number": "14666170"
  },
  {
    "ID Number": "14673126"
  },
  {
    "ID Number": "14610183"
  },
  {
    "ID Number": "14610191"
  },
  {
    "ID Number": "14680203"
  },
  {
    "ID Number": "14608332"
  },
  {
    "ID Number": "14634031"
  },
  {
    "ID Number": "14644967"
  },
  {
    "ID Number": "14602938"
  },
  {
    "ID Number": "14661136"
  },
  {
    "ID Number": "14625695"
  },
  {
    "ID Number": "14675897"
  },
  {
    "ID Number": "14659093"
  },
  {
    "ID Number": "14603497"
  },
  {
    "ID Number": "14638827"
  },
  {
    "ID Number": "14621177"
  },
  {
    "ID Number": "14623900"
  },
  {
    "ID Number": "14635585"
  },
  {
    "ID Number": "14603098"
  },
  {
    "ID Number": "14612062"
  },
  {
    "ID Number": "14656981"
  },
  {
    "ID Number": "14656582"
  },
  {
    "ID Number": "14656574"
  },
  {
    "ID Number": "14663023"
  },
  {
    "ID Number": "14647621"
  },
  {
    "ID Number": "14656825"
  },
  {
    "ID Number": "14677776"
  },
  {
    "ID Number": "14675188"
  },
  {
    "ID Number": "14645092"
  },
  {
    "ID Number": "14626578"
  },
  {
    "ID Number": "14646110"
  },
  {
    "ID Number": "14645220"
  },
  {
    "ID Number": "14142716"
  },
  {
    "ID Number": "14119960"
  },
  {
    "ID Number": "14662558"
  },
  {
    "ID Number": "14628880"
  },
  {
    "ID Number": "14654962"
  },
  {
    "ID Number": "14605899"
  },
  {
    "ID Number": "14606224"
  },
  {
    "ID Number": "14605376"
  },
  {
    "ID Number": "14635097"
  },
  {
    "ID Number": "14609339"
  },
  {
    "ID Number": "14623307"
  },
  {
    "ID Number": "14613620"
  },
  {
    "ID Number": "14604345"
  },
  {
    "ID Number": "14673452"
  },
  {
    "ID Number": "14625709"
  },
  {
    "ID Number": "14635828"
  },
  {
    "ID Number": "14648750"
  },
  {
    "ID Number": "14606100"
  },
  {
    "ID Number": "14678691"
  },
  {
    "ID Number": "14612615"
  },
  {
    "ID Number": "14661756"
  },
  {
    "ID Number": "14651211"
  },
  {
    "ID Number": "14607352"
  },
  {
    "ID Number": "14660377"
  },
  {
    "ID Number": "14607549"
  },
  {
    "ID Number": "14635100"
  },
  {
    "ID Number": "14629461"
  },
  {
    "ID Number": "14629615"
  },
  {
    "ID Number": "14643367"
  },
  {
    "ID Number": "14611716"
  },
  {
    "ID Number": "14608499"
  },
  {
    "ID Number": "14613239"
  },
  {
    "ID Number": "14601931"
  },
  {
    "ID Number": "14603055"
  },
  {
    "ID Number": "14625369"
  },
  {
    "ID Number": "14639556"
  },
  {
    "ID Number": "14656256"
  },
  {
    "ID Number": "14654270"
  },
  {
    "ID Number": "14640384"
  },
  {
    "ID Number": "14607050"
  },
  {
    "ID Number": "14668335"
  },
  {
    "ID Number": "14625440"
  },
  {
    "ID Number": "14665778"
  },
  {
    "ID Number": "14665107"
  },
  {
    "ID Number": "14605031"
  },
  {
    "ID Number": "14607891"
  },
  {
    "ID Number": "14600650"
  },
  {
    "ID Number": "14632667"
  },
  {
    "ID Number": "14611341"
  },
  {
    "ID Number": "14653915"
  },
  {
    "ID Number": "14601435"
  },
  {
    "ID Number": "14632527"
  },
  {
    "ID Number": "14651297"
  },
  {
    "ID Number": "14610442"
  },
  {
    "ID Number": "14609452"
  },
  {
    "ID Number": "14606461"
  },
  {
    "ID Number": "14644975"
  },
  {
    "ID Number": "14620405"
  },
  {
    "ID Number": "14602326"
  },
  {
    "ID Number": "14612445"
  },
  {
    "ID Number": "14653958"
  },
  {
    "ID Number": "14601966"
  },
  {
    "ID Number": "73009768"
  },
  {
    "ID Number": "14614103"
  },
  {
    "ID Number": "14646633"
  },
  {
    "ID Number": "14635127"
  },
  {
    "ID Number": "14636050"
  },
  {
    "ID Number": "14606682"
  },
  {
    "ID Number": "14616130"
  },
  {
    "ID Number": "14602040"
  },
  {
    "ID Number": "14622173"
  },
  {
    "ID Number": "14641704"
  },
  {
    "ID Number": "14611783"
  },
  {
    "ID Number": "14628554"
  },
  {
    "ID Number": "14607751"
  },
  {
    "ID Number": "14604850"
  },
  {
    "ID Number": "14610957"
  },
  {
    "ID Number": "14633981"
  },
  {
    "ID Number": "14663732"
  },
  {
    "ID Number": "14618834"
  },
  {
    "ID Number": "14643510"
  },
  {
    "ID Number": "14618184"
  },
  {
    "ID Number": "14657392"
  },
  {
    "ID Number": "14605198"
  },
  {
    "ID Number": "14605791"
  },
  {
    "ID Number": "14624516"
  },
  {
    "ID Number": "14643979"
  },
  {
    "ID Number": "14637200"
  },
  {
    "ID Number": "14621460"
  },
  {
    "ID Number": "14614324"
  },
  {
    "ID Number": "14634724"
  },
  {
    "ID Number": "14650932"
  },
  {
    "ID Number": "14634058"
  },
  {
    "ID Number": "14644916"
  },
  {
    "ID Number": "14641062"
  },
  {
    "ID Number": "14673746"
  },
  {
    "ID Number": "14640848"
  },
  {
    "ID Number": "14609851"
  },
  {
    "ID Number": "14605953"
  },
  {
    "ID Number": "14603110"
  },
  {
    "ID Number": "14612135"
  },
  {
    "ID Number": "14606798"
  },
  {
    "ID Number": "14619202"
  },
  {
    "ID Number": "14619008"
  },
  {
    "ID Number": "14649535"
  },
  {
    "ID Number": "14651823"
  },
  {
    "ID Number": "14656841"
  },
  {
    "ID Number": "14649306"
  },
  {
    "ID Number": "14638126"
  },
  {
    "ID Number": "14638738"
  },
  {
    "ID Number": "14631652"
  },
  {
    "ID Number": "14613247"
  },
  {
    "ID Number": "14655659"
  },
  {
    "ID Number": "14605830"
  },
  {
    "ID Number": "14620740"
  },
  {
    "ID Number": "14637634"
  },
  {
    "ID Number": "14633213"
  },
  {
    "ID Number": "14682060"
  },
  {
    "ID Number": "14666197"
  },
  {
    "ID Number": "14659603"
  },
  {
    "ID Number": "14621185"
  },
  {
    "ID Number": "14630427"
  },
  {
    "ID Number": "14609401"
  },
  {
    "ID Number": "14605546"
  },
  {
    "ID Number": "14606291"
  },
  {
    "ID Number": "14648253"
  },
  {
    "ID Number": "14605082"
  },
  {
    "ID Number": "14663961"
  },
  {
    "ID Number": "14617056"
  },
  {
    "ID Number": "14613441"
  },
  {
    "ID Number": "14611023"
  },
  {
    "ID Number": "14602210"
  },
  {
    "ID Number": "14612623"
  },
  {
    "ID Number": "14670658"
  },
  {
    "ID Number": "14601443"
  },
  {
    "ID Number": "14612631"
  },
  {
    "ID Number": "14613638"
  },
  {
    "ID Number": "14673401"
  },
  {
    "ID Number": "14611104"
  },
  {
    "ID Number": "14625717"
  },
  {
    "ID Number": "14674289"
  },
  {
    "ID Number": "14621932"
  },
  {
    "ID Number": "14617005"
  },
  {
    "ID Number": "14637359"
  },
  {
    "ID Number": "14603918"
  },
  {
    "ID Number": "14660466"
  },
  {
    "ID Number": "14644932"
  },
  {
    "ID Number": "14657791"
  },
  {
    "ID Number": "14619628"
  },
  {
    "ID Number": "14628783"
  },
  {
    "ID Number": "14627256"
  },
  {
    "ID Number": "14620596"
  },
  {
    "ID Number": "14663490"
  },
  {
    "ID Number": "14681471"
  },
  {
    "ID Number": "14618567"
  },
  {
    "ID Number": "14676508"
  },
  {
    "ID Number": "14615223"
  },
  {
    "ID Number": "14615231"
  },
  {
    "ID Number": "14641569"
  },
  {
    "ID Number": "14655268"
  },
  {
    "ID Number": "14620847"
  },
  {
    "ID Number": "14628619"
  },
  {
    "ID Number": "14645718"
  },
  {
    "ID Number": "14635593"
  },
  {
    "ID Number": "14652480"
  },
  {
    "ID Number": "14600307"
  },
  {
    "ID Number": "14604400"
  },
  {
    "ID Number": "14637545"
  },
  {
    "ID Number": "14640511"
  },
  {
    "ID Number": "14667282"
  },
  {
    "ID Number": "14676516"
  },
  {
    "ID Number": "14671832"
  },
  {
    "ID Number": "14670917"
  },
  {
    "ID Number": "14604418"
  },
  {
    "ID Number": "14606127"
  },
  {
    "ID Number": "14603365"
  },
  {
    "ID Number": "14626225"
  },
  {
    "ID Number": "14603888"
  },
  {
    "ID Number": "14605090"
  },
  {
    "ID Number": "14608405"
  },
  {
    "ID Number": "14651793"
  },
  {
    "ID Number": "14661470"
  },
  {
    "ID Number": "14655306"
  },
  {
    "ID Number": "14602903"
  },
  {
    "ID Number": "14656434"
  },
  {
    "ID Number": "14634597"
  },
  {
    "ID Number": "14628627"
  },
  {
    "ID Number": "14650053"
  },
  {
    "ID Number": "14624982"
  },
  {
    "ID Number": "14640074"
  },
  {
    "ID Number": "14653273"
  },
  {
    "ID Number": "14641615"
  },
  {
    "ID Number": "14628805"
  },
  {
    "ID Number": "14618842"
  },
  {
    "ID Number": "14620243"
  },
  {
    "ID Number": "14603640"
  },
  {
    "ID Number": "14611457"
  },
  {
    "ID Number": "14604310"
  },
  {
    "ID Number": "14604914"
  },
  {
    "ID Number": "14633833"
  },
  {
    "ID Number": "14608391"
  },
  {
    "ID Number": "14613450"
  },
  {
    "ID Number": "14607913"
  },
  {
    "ID Number": "14607921"
  },
  {
    "ID Number": "14659182"
  },
  {
    "ID Number": "14610809"
  },
  {
    "ID Number": "14607360"
  },
  {
    "ID Number": "14625318"
  },
  {
    "ID Number": "14657384"
  },
  {
    "ID Number": "14638223"
  },
  {
    "ID Number": "14636549"
  },
  {
    "ID Number": "14675714"
  },
  {
    "ID Number": "14667100"
  },
  {
    "ID Number": "14619750"
  },
  {
    "ID Number": "14644983"
  },
  {
    "ID Number": "14602407"
  },
  {
    "ID Number": "14612640"
  },
  {
    "ID Number": "14660105"
  },
  {
    "ID Number": "14625458"
  },
  {
    "ID Number": "14600668"
  },
  {
    "ID Number": "14632985"
  },
  {
    "ID Number": "14611791"
  },
  {
    "ID Number": "14672081"
  },
  {
    "ID Number": "14634600"
  },
  {
    "ID Number": "14641100"
  },
  {
    "ID Number": "14640279"
  },
  {
    "ID Number": "14681234"
  },
  {
    "ID Number": "14625342"
  },
  {
    "ID Number": "14638363"
  },
  {
    "ID Number": "14639378"
  },
  {
    "ID Number": "14604965"
  },
  {
    "ID Number": "14669293"
  },
  {
    "ID Number": "14680521"
  },
  {
    "ID Number": "14625750"
  },
  {
    "ID Number": "14601010"
  },
  {
    "ID Number": "14604612"
  },
  {
    "ID Number": "14620260"
  },
  {
    "ID Number": "14653583"
  },
  {
    "ID Number": "14624680"
  },
  {
    "ID Number": "14658585"
  },
  {
    "ID Number": "14625113"
  },
  {
    "ID Number": "14600765"
  },
  {
    "ID Number": "14605104"
  },
  {
    "ID Number": "14611031"
  },
  {
    "ID Number": "14657376"
  },
  {
    "ID Number": "14611902"
  },
  {
    "ID Number": "14649063"
  },
  {
    "ID Number": "14619636"
  },
  {
    "ID Number": "73006718"
  },
  {
    "ID Number": "14611112"
  },
  {
    "ID Number": "14675447"
  },
  {
    "ID Number": "14638533"
  },
  {
    "ID Number": "14638525"
  },
  {
    "ID Number": "14615240"
  },
  {
    "ID Number": "14680017"
  },
  {
    "ID Number": "14611821"
  },
  {
    "ID Number": "14629089"
  },
  {
    "ID Number": "14646706"
  },
  {
    "ID Number": "14647494"
  },
  {
    "ID Number": "14640198"
  },
  {
    "ID Number": "14620413"
  },
  {
    "ID Number": "14638665"
  },
  {
    "ID Number": "14610264"
  },
  {
    "ID Number": "14678250"
  },
  {
    "ID Number": "14602342"
  },
  {
    "ID Number": "14601532"
  },
  {
    "ID Number": "14646129"
  },
  {
    "ID Number": "14646137"
  },
  {
    "ID Number": "14611139"
  },
  {
    "ID Number": "14608855"
  },
  {
    "ID Number": "14604361"
  },
  {
    "ID Number": "14615258"
  },
  {
    "ID Number": "14673037"
  },
  {
    "ID Number": "14628678"
  },
  {
    "ID Number": "14647427"
  },
  {
    "ID Number": "14625083"
  },
  {
    "ID Number": "14666359"
  },
  {
    "ID Number": "14600242"
  },
  {
    "ID Number": "14637456"
  },
  {
    "ID Number": "14618850"
  },
  {
    "ID Number": "14652048"
  },
  {
    "ID Number": "14653451"
  },
  {
    "ID Number": "14636964"
  },
  {
    "ID Number": "14648520"
  },
  {
    "ID Number": "14603896"
  },
  {
    "ID Number": "14610086"
  },
  {
    "ID Number": "14663201"
  },
  {
    "ID Number": "14651050"
  },
  {
    "ID Number": "14653052"
  },
  {
    "ID Number": "14656752"
  },
  {
    "ID Number": "14600501"
  },
  {
    "ID Number": "14625784"
  },
  {
    "ID Number": "14642093"
  },
  {
    "ID Number": "14660881"
  },
  {
    "ID Number": "14652536"
  },
  {
    "ID Number": "14678950"
  },
  {
    "ID Number": "14629470"
  },
  {
    "ID Number": "14633523"
  },
  {
    "ID Number": "14605961"
  },
  {
    "ID Number": "14671123"
  },
  {
    "ID Number": "14640139"
  },
  {
    "ID Number": "14644290"
  },
  {
    "ID Number": "14644479"
  },
  {
    "ID Number": "14613646"
  },
  {
    "ID Number": "14671948"
  },
  {
    "ID Number": "14642158"
  },
  {
    "ID Number": "14638339"
  },
  {
    "ID Number": "14653907"
  },
  {
    "ID Number": "14602334"
  },
  {
    "ID Number": "14605368"
  },
  {
    "ID Number": "14600811"
  },
  {
    "ID Number": "14647087"
  },
  {
    "ID Number": "14645211"
  },
  {
    "ID Number": "14655446"
  },
  {
    "ID Number": "14655454"
  },
  {
    "ID Number": "14650894"
  },
  {
    "ID Number": "14678764"
  },
  {
    "ID Number": "14627949"
  },
  {
    "ID Number": "14611147"
  },
  {
    "ID Number": "14620839"
  },
  {
    "ID Number": "14602245"
  },
  {
    "ID Number": "14632861"
  },
  {
    "ID Number": "14681790"
  },
  {
    "ID Number": "14630788"
  },
  {
    "ID Number": "14665549"
  },
  {
    "ID Number": "14626594"
  },
  {
    "ID Number": "14653524"
  },
  {
    "ID Number": "14629763"
  },
  {
    "ID Number": "14605201"
  },
  {
    "ID Number": "14642077"
  },
  {
    "ID Number": "14604582"
  },
  {
    "ID Number": "14673720"
  },
  {
    "ID Number": "14602016"
  },
  {
    "ID Number": "14679329"
  },
  {
    "ID Number": "14620316"
  },
  {
    "ID Number": "14640805"
  },
  {
    "ID Number": "14643740"
  },
  {
    "ID Number": "14604531"
  },
  {
    "ID Number": "14618770"
  },
  {
    "ID Number": "14610213"
  },
  {
    "ID Number": "14646323"
  },
  {
    "ID Number": "14667541"
  },
  {
    "ID Number": "14680211"
  },
  {
    "ID Number": "14649896"
  },
  {
    "ID Number": "14601087"
  },
  {
    "ID Number": "14639564"
  },
  {
    "ID Number": "14612933"
  },
  {
    "ID Number": "14605848"
  },
  {
    "ID Number": "14661985"
  },
  {
    "ID Number": "14679370"
  },
  {
    "ID Number": "14658607"
  },
  {
    "ID Number": "14607301"
  },
  {
    "ID Number": "14602431"
  },
  {
    "ID Number": "14654440"
  },
  {
    "ID Number": "14619164"
  },
  {
    "ID Number": "14630010"
  },
  {
    "ID Number": "73012882"
  },
  {
    "ID Number": "14607492"
  },
  {
    "ID Number": "14670852"
  },
  {
    "ID Number": "14674190"
  },
  {
    "ID Number": "14609860"
  },
  {
    "ID Number": "14612666"
  },
  {
    "ID Number": "14637839"
  },
  {
    "ID Number": "14674173"
  },
  {
    "ID Number": "14637251"
  },
  {
    "ID Number": "14652900"
  },
  {
    "ID Number": "12966460"
  },
  {
    "ID Number": "14680505"
  },
  {
    "ID Number": "14631075"
  },
  {
    "ID Number": "14632683"
  },
  {
    "ID Number": "14627590"
  },
  {
    "ID Number": "14660407"
  },
  {
    "ID Number": "14614987"
  },
  {
    "ID Number": "14650681"
  },
  {
    "ID Number": "14642352"
  },
  {
    "ID Number": "14643731"
  },
  {
    "ID Number": "14662809"
  },
  {
    "ID Number": "14613670"
  },
  {
    "ID Number": "14614057"
  },
  {
    "ID Number": "14606437"
  },
  {
    "ID Number": "14667789"
  },
  {
    "ID Number": "14631598"
  },
  {
    "ID Number": "14624095"
  },
  {
    "ID Number": "14626373"
  },
  {
    "ID Number": "14654156"
  },
  {
    "ID Number": "14603691"
  },
  {
    "ID Number": "14625172"
  },
  {
    "ID Number": "14658550"
  },
  {
    "ID Number": "14631768"
  },
  {
    "ID Number": "14644576"
  },
  {
    "ID Number": "14651840"
  },
  {
    "ID Number": "14628791"
  },
  {
    "ID Number": "14620510"
  },
  {
    "ID Number": "14620367"
  },
  {
    "ID Number": "14607611"
  },
  {
    "ID Number": "14625199"
  },
  {
    "ID Number": "14678292"
  },
  {
    "ID Number": "14673487"
  },
  {
    "ID Number": "14607948"
  },
  {
    "ID Number": "14641291"
  },
  {
    "ID Number": "14641380"
  },
  {
    "ID Number": "14648717"
  },
  {
    "ID Number": "14643103"
  },
  {
    "ID Number": "14640856"
  },
  {
    "ID Number": "14611155"
  },
  {
    "ID Number": "14653095"
  },
  {
    "ID Number": "14602180"
  },
  {
    "ID Number": "14602628"
  },
  {
    "ID Number": "14613689"
  },
  {
    "ID Number": "14625806"
  },
  {
    "ID Number": "14640325"
  },
  {
    "ID Number": "14633019"
  },
  {
    "ID Number": "14611910"
  },
  {
    "ID Number": "14625814"
  },
  {
    "ID Number": "14650967"
  },
  {
    "ID Number": "14613859"
  },
  {
    "ID Number": "14604264"
  },
  {
    "ID Number": "14659220"
  },
  {
    "ID Number": "14605562"
  },
  {
    "ID Number": "14628902"
  },
  {
    "ID Number": "14604060"
  },
  {
    "ID Number": "14613867"
  },
  {
    "ID Number": "14603926"
  },
  {
    "ID Number": "14658534"
  },
  {
    "ID Number": "14650975"
  },
  {
    "ID Number": "14604523"
  },
  {
    "ID Number": "14610515"
  },
  {
    "ID Number": "14652404"
  },
  {
    "ID Number": "14605724"
  },
  {
    "ID Number": "14657139"
  },
  {
    "ID Number": "14646781"
  },
  {
    "ID Number": "14645009"
  },
  {
    "ID Number": "14645386"
  },
  {
    "ID Number": "14608413"
  },
  {
    "ID Number": "14607093"
  },
  {
    "ID Number": "14641917"
  },
  {
    "ID Number": "14642530"
  },
  {
    "ID Number": "14669153"
  },
  {
    "ID Number": "14613875"
  },
  {
    "ID Number": "14614286"
  },
  {
    "ID Number": "14628066"
  },
  {
    "ID Number": "14608235"
  },
  {
    "ID Number": "14619300"
  },
  {
    "ID Number": "14643200"
  },
  {
    "ID Number": "14629402"
  },
  {
    "ID Number": "14620286"
  },
  {
    "ID Number": "14635160"
  },
  {
    "ID Number": "14654784"
  },
  {
    "ID Number": "14666294"
  },
  {
    "ID Number": "14674599"
  },
  {
    "ID Number": "14636182"
  },
  {
    "ID Number": "14615312"
  },
  {
    "ID Number": "14642140"
  },
  {
    "ID Number": "14656230"
  },
  {
    "ID Number": "14615320"
  },
  {
    "ID Number": "14655667"
  },
  {
    "ID Number": "14655977"
  },
  {
    "ID Number": "14608880"
  },
  {
    "ID Number": "14623340"
  },
  {
    "ID Number": "14668815"
  },
  {
    "ID Number": "14622947"
  },
  {
    "ID Number": "14608898"
  },
  {
    "ID Number": "14667916"
  },
  {
    "ID Number": "14607956"
  },
  {
    "ID Number": "14610523"
  },
  {
    "ID Number": "14673223"
  },
  {
    "ID Number": "14672308"
  },
  {
    "ID Number": "14640910"
  },
  {
    "ID Number": "14619490"
  },
  {
    "ID Number": "14671085"
  },
  {
    "ID Number": "14680238"
  },
  {
    "ID Number": "14651122"
  },
  {
    "ID Number": "14604663"
  },
  {
    "ID Number": "14609479"
  },
  {
    "ID Number": "14601508"
  },
  {
    "ID Number": "14640503"
  },
  {
    "ID Number": "14619334"
  },
  {
    "ID Number": "14607972"
  },
  {
    "ID Number": "14637367"
  },
  {
    "ID Number": "14661764"
  },
  {
    "ID Number": "14640333"
  },
  {
    "ID Number": "14613786"
  },
  {
    "ID Number": "14609355"
  },
  {
    "ID Number": "14601230"
  },
  {
    "ID Number": "14614839"
  },
  {
    "ID Number": "14620693"
  },
  {
    "ID Number": "14630052"
  },
  {
    "ID Number": "14610272"
  },
  {
    "ID Number": "14625849"
  },
  {
    "ID Number": "14664143"
  },
  {
    "ID Number": "14667150"
  },
  {
    "ID Number": "14624575"
  },
  {
    "ID Number": "14622106"
  },
  {
    "ID Number": "14602091"
  },
  {
    "ID Number": "14635437"
  },
  {
    "ID Number": "14624583"
  },
  {
    "ID Number": "14603012"
  },
  {
    "ID Number": "14625857"
  },
  {
    "ID Number": "14660644"
  },
  {
    "ID Number": "14661535"
  },
  {
    "ID Number": "14656272"
  },
  {
    "ID Number": "14659689"
  },
  {
    "ID Number": "14673886"
  },
  {
    "ID Number": "14674831"
  },
  {
    "ID Number": "14656884"
  },
  {
    "ID Number": "14672790"
  },
  {
    "ID Number": "14624354"
  },
  {
    "ID Number": "14633655"
  },
  {
    "ID Number": "14659808"
  },
  {
    "ID Number": "14653761"
  },
  {
    "ID Number": "14640724"
  },
  {
    "ID Number": "14609495"
  },
  {
    "ID Number": "14636603"
  },
  {
    "ID Number": "14612399"
  },
  {
    "ID Number": "14600935"
  },
  {
    "ID Number": "14639467"
  },
  {
    "ID Number": "14629488"
  },
  {
    "ID Number": "14603780"
  },
  {
    "ID Number": "14602725"
  },
  {
    "ID Number": "14624400"
  },
  {
    "ID Number": "14647346"
  },
  {
    "ID Number": "14671310"
  },
  {
    "ID Number": "14643804"
  },
  {
    "ID Number": "14655373"
  },
  {
    "ID Number": "14650150"
  },
  {
    "ID Number": "14612682"
  },
  {
    "ID Number": "14619555"
  },
  {
    "ID Number": "14645645"
  },
  {
    "ID Number": "14653664"
  },
  {
    "ID Number": "14609509"
  },
  {
    "ID Number": "14602130"
  },
  {
    "ID Number": "14611848"
  },
  {
    "ID Number": "14668238"
  },
  {
    "ID Number": "14629631"
  },
  {
    "ID Number": "14623250"
  },
  {
    "ID Number": "14639734"
  },
  {
    "ID Number": "14638541"
  },
  {
    "ID Number": "14667436"
  },
  {
    "ID Number": "14600960"
  },
  {
    "ID Number": "14656299"
  },
  {
    "ID Number": "14647338"
  },
  {
    "ID Number": "14656108"
  },
  {
    "ID Number": "14652528"
  },
  {
    "ID Number": "14615380"
  },
  {
    "ID Number": "14615398"
  },
  {
    "ID Number": "14608910"
  },
  {
    "ID Number": "14633620"
  },
  {
    "ID Number": "14616696"
  },
  {
    "ID Number": "14608928"
  },
  {
    "ID Number": "14615401"
  },
  {
    "ID Number": "14615410"
  },
  {
    "ID Number": "14625130"
  },
  {
    "ID Number": "14653923"
  },
  {
    "ID Number": "14636115"
  },
  {
    "ID Number": "14605686"
  },
  {
    "ID Number": "14602644"
  },
  {
    "ID Number": "14629496"
  },
  {
    "ID Number": "14608260"
  },
  {
    "ID Number": "14606569"
  },
  {
    "ID Number": "14613379"
  },
  {
    "ID Number": "14649365"
  },
  {
    "ID Number": "14633779"
  },
  {
    "ID Number": "14612070"
  },
  {
    "ID Number": "14674904"
  },
  {
    "ID Number": "14648440"
  },
  {
    "ID Number": "14626519"
  },
  {
    "ID Number": "14639653"
  },
  {
    "ID Number": "14680874"
  },
  {
    "ID Number": "14639661"
  },
  {
    "ID Number": "14631679"
  },
  {
    "ID Number": "14601982"
  },
  {
    "ID Number": "14606500"
  },
  {
    "ID Number": "14610540"
  },
  {
    "ID Number": "14641445"
  },
  {
    "ID Number": "14614111"
  },
  {
    "ID Number": "14641097"
  },
  {
    "ID Number": "14615444"
  },
  {
    "ID Number": "14640759"
  },
  {
    "ID Number": "14601320"
  },
  {
    "ID Number": "14615452"
  },
  {
    "ID Number": "14644487"
  },
  {
    "ID Number": "14610124"
  },
  {
    "ID Number": "14663740"
  },
  {
    "ID Number": "14660091"
  },
  {
    "ID Number": "14654946"
  },
  {
    "ID Number": "14663708"
  },
  {
    "ID Number": "14639386"
  },
  {
    "ID Number": "14600188"
  },
  {
    "ID Number": "14602482"
  },
  {
    "ID Number": "14642956"
  },
  {
    "ID Number": "14635259"
  },
  {
    "ID Number": "14637162"
  },
  {
    "ID Number": "14668017"
  },
  {
    "ID Number": "14618877"
  },
  {
    "ID Number": "14653745"
  },
  {
    "ID Number": "14667576"
  },
  {
    "ID Number": "14607107"
  },
  {
    "ID Number": "14642476"
  },
  {
    "ID Number": "14625504"
  },
  {
    "ID Number": "14639394"
  },
  {
    "ID Number": "14610566"
  },
  {
    "ID Number": "14643847"
  },
  {
    "ID Number": "14636190"
  },
  {
    "ID Number": "14605066"
  },
  {
    "ID Number": "14659840"
  },
  {
    "ID Number": "14615460"
  },
  {
    "ID Number": "14634341"
  },
  {
    "ID Number": "14631300"
  },
  {
    "ID Number": "14667703"
  },
  {
    "ID Number": "14661772"
  },
  {
    "ID Number": "14651270"
  },
  {
    "ID Number": "14628970"
  },
  {
    "ID Number": "14628074"
  },
  {
    "ID Number": "14606232"
  },
  {
    "ID Number": "14612402"
  },
  {
    "ID Number": "14603527"
  },
  {
    "ID Number": "14604507"
  },
  {
    "ID Number": "14650061"
  },
  {
    "ID Number": "14650738"
  },
  {
    "ID Number": "14656450"
  },
  {
    "ID Number": "14608421"
  },
  {
    "ID Number": "14679310"
  },
  {
    "ID Number": "14613530"
  },
  {
    "ID Number": "14621401"
  },
  {
    "ID Number": "14672782"
  },
  {
    "ID Number": "14618885"
  },
  {
    "ID Number": "14643820"
  },
  {
    "ID Number": "14625881"
  },
  {
    "ID Number": "14667215"
  },
  {
    "ID Number": "14624184"
  },
  {
    "ID Number": "14612968"
  },
  {
    "ID Number": "14644100"
  },
  {
    "ID Number": "14641208"
  },
  {
    "ID Number": "14661365"
  },
  {
    "ID Number": "14679655"
  },
  {
    "ID Number": "14637880"
  },
  {
    "ID Number": "14605449"
  },
  {
    "ID Number": "14613115"
  },
  {
    "ID Number": "14637847"
  },
  {
    "ID Number": "14638037"
  },
  {
    "ID Number": "14659506"
  },
  {
    "ID Number": "14629313"
  },
  {
    "ID Number": "14618893"
  },
  {
    "ID Number": "14603039"
  },
  {
    "ID Number": "14603713"
  },
  {
    "ID Number": "14647044"
  },
  {
    "ID Number": "14642514"
  },
  {
    "ID Number": "14631822"
  },
  {
    "ID Number": "14637588"
  },
  {
    "ID Number": "14608006"
  },
  {
    "ID Number": "14643065"
  },
  {
    "ID Number": "14650207"
  },
  {
    "ID Number": "14660938"
  },
  {
    "ID Number": "14608952"
  },
  {
    "ID Number": "14618192"
  },
  {
    "ID Number": "14633949"
  },
  {
    "ID Number": "14636123"
  },
  {
    "ID Number": "14634449"
  },
  {
    "ID Number": "14603853"
  },
  {
    "ID Number": "14678586"
  },
  {
    "ID Number": "14637235"
  },
  {
    "ID Number": "14601036"
  },
  {
    "ID Number": "14611180"
  },
  {
    "ID Number": "14667878"
  },
  {
    "ID Number": "14676028"
  },
  {
    "ID Number": "14630893"
  },
  {
    "ID Number": "14631954"
  },
  {
    "ID Number": "14609517"
  },
  {
    "ID Number": "14667347"
  },
  {
    "ID Number": "14661144"
  },
  {
    "ID Number": "14643812"
  },
  {
    "ID Number": "14638240"
  },
  {
    "ID Number": "14660822"
  },
  {
    "ID Number": "14634910"
  },
  {
    "ID Number": "14638851"
  },
  {
    "ID Number": "14600609"
  },
  {
    "ID Number": "14675269"
  },
  {
    "ID Number": "14632748"
  },
  {
    "ID Number": "14622050"
  },
  {
    "ID Number": "14610574"
  },
  {
    "ID Number": "14625326"
  },
  {
    "ID Number": "14668289"
  },
  {
    "ID Number": "14661454"
  },
  {
    "ID Number": "14637111"
  },
  {
    "ID Number": "14624362"
  },
  {
    "ID Number": "14607298"
  },
  {
    "ID Number": "14641151"
  },
  {
    "ID Number": "14651262"
  },
  {
    "ID Number": "14641070"
  },
  {
    "ID Number": "14673606"
  },
  {
    "ID Number": "14614260"
  },
  {
    "ID Number": "14606070"
  },
  {
    "ID Number": "14660830"
  },
  {
    "ID Number": "14642018"
  },
  {
    "ID Number": "14603241"
  },
  {
    "ID Number": "14646625"
  },
  {
    "ID Number": "14666782"
  },
  {
    "ID Number": "14637480"
  },
  {
    "ID Number": "14635178"
  },
  {
    "ID Number": "14608960"
  },
  {
    "ID Number": "14651785"
  },
  {
    "ID Number": "14635852"
  },
  {
    "ID Number": "73001015"
  },
  {
    "ID Number": "14629674"
  },
  {
    "ID Number": "14641143"
  },
  {
    "ID Number": "14642867"
  },
  {
    "ID Number": "14637553"
  },
  {
    "ID Number": "14653257"
  },
  {
    "ID Number": "14633752"
  },
  {
    "ID Number": "34116532"
  },
  {
    "ID Number": "14646943"
  },
  {
    "ID Number": "14604469"
  },
  {
    "ID Number": "14601826"
  },
  {
    "ID Number": "14629518"
  },
  {
    "ID Number": "14652781"
  },
  {
    "ID Number": "14628201"
  },
  {
    "ID Number": "14646340"
  },
  {
    "ID Number": "14635470"
  },
  {
    "ID Number": "14645017"
  },
  {
    "ID Number": "14646200"
  },
  {
    "ID Number": "14613387"
  },
  {
    "ID Number": "14618621"
  },
  {
    "ID Number": "14619172"
  },
  {
    "ID Number": "14611198"
  },
  {
    "ID Number": "14605325"
  },
  {
    "ID Number": "14601141"
  },
  {
    "ID Number": "14664313"
  },
  {
    "ID Number": "14609614"
  },
  {
    "ID Number": "14633736"
  },
  {
    "ID Number": "14642930"
  },
  {
    "ID Number": "14646773"
  },
  {
    "ID Number": "14632144"
  },
  {
    "ID Number": "14620588"
  },
  {
    "ID Number": "14619237"
  },
  {
    "ID Number": "14644436"
  },
  {
    "ID Number": "14611376"
  },
  {
    "ID Number": "14646366"
  },
  {
    "ID Number": "14650991"
  },
  {
    "ID Number": "14603403"
  },
  {
    "ID Number": "934216"
  },
  {
    "ID Number": "14624460"
  },
  {
    "ID Number": "14602512"
  },
  {
    "ID Number": "14611546"
  },
  {
    "ID Number": "14601540"
  },
  {
    "ID Number": "14621770"
  },
  {
    "ID Number": "14607344"
  },
  {
    "ID Number": "14633043"
  },
  {
    "ID Number": "14611201"
  },
  {
    "ID Number": "14616785"
  },
  {
    "ID Number": "14643286"
  },
  {
    "ID Number": "14641640"
  },
  {
    "ID Number": "14607450"
  },
  {
    "ID Number": "14641631"
  },
  {
    "ID Number": "14641658"
  },
  {
    "ID Number": "14650509"
  },
  {
    "ID Number": "14639726"
  },
  {
    "ID Number": "14600552"
  },
  {
    "ID Number": "14665174"
  },
  {
    "ID Number": "14656760"
  },
  {
    "ID Number": "14612410"
  },
  {
    "ID Number": "14610817"
  },
  {
    "ID Number": "14609622"
  },
  {
    "ID Number": "14608502"
  },
  {
    "ID Number": "14600374"
  },
  {
    "ID Number": "14634619"
  },
  {
    "ID Number": "14613476"
  },
  {
    "ID Number": "14656248"
  },
  {
    "ID Number": "14659255"
  },
  {
    "ID Number": "14608022"
  },
  {
    "ID Number": "14668874"
  },
  {
    "ID Number": "14666871"
  },
  {
    "ID Number": "14601206"
  },
  {
    "ID Number": "14654415"
  },
  {
    "ID Number": "14641348"
  },
  {
    "ID Number": "14628090"
  },
  {
    "ID Number": "14619245"
  },
  {
    "ID Number": "14646765"
  },
  {
    "ID Number": "54600944"
  },
  {
    "ID Number": "14667827"
  },
  {
    "ID Number": "14644339"
  },
  {
    "ID Number": "14618907"
  },
  {
    "ID Number": "14600358"
  },
  {
    "ID Number": "14615495"
  },
  {
    "ID Number": "14615509"
  },
  {
    "ID Number": "14615517"
  },
  {
    "ID Number": "14633051"
  },
  {
    "ID Number": "14609746"
  },
  {
    "ID Number": "14647028"
  },
  {
    "ID Number": "14603608"
  },
  {
    "ID Number": "14605589"
  },
  {
    "ID Number": "14638053"
  },
  {
    "ID Number": "14658968"
  },
  {
    "ID Number": "14653818"
  },
  {
    "ID Number": "14643219"
  },
  {
    "ID Number": "14664232"
  },
  {
    "ID Number": "14653699"
  },
  {
    "ID Number": "14655349"
  },
  {
    "ID Number": "14600315"
  },
  {
    "ID Number": "73006971"
  },
  {
    "ID Number": "14627914"
  },
  {
    "ID Number": "14645351"
  },
  {
    "ID Number": "14621231"
  },
  {
    "ID Number": "14604213"
  },
  {
    "ID Number": "14657805"
  },
  {
    "ID Number": "14639998"
  },
  {
    "ID Number": "14626489"
  },
  {
    "ID Number": "14619253"
  },
  {
    "ID Number": "14611554"
  },
  {
    "ID Number": "14663716"
  },
  {
    "ID Number": "14672251"
  },
  {
    "ID Number": "14640473"
  },
  {
    "ID Number": "14624478"
  },
  {
    "ID Number": "14609410"
  },
  {
    "ID Number": "14609886"
  },
  {
    "ID Number": "14611937"
  },
  {
    "ID Number": "14650231"
  },
  {
    "ID Number": "14636689"
  },
  {
    "ID Number": "14600099"
  },
  {
    "ID Number": "14610043"
  },
  {
    "ID Number": "14625024"
  },
  {
    "ID Number": "14653109"
  },
  {
    "ID Number": "14602270"
  },
  {
    "ID Number": "14642808"
  },
  {
    "ID Number": "14637596"
  },
  {
    "ID Number": "14666456"
  },
  {
    "ID Number": "14639629"
  },
  {
    "ID Number": "14667622"
  },
  {
    "ID Number": "14659964"
  },
  {
    "ID Number": "14610353"
  },
  {
    "ID Number": "14606470"
  },
  {
    "ID Number": "14658976"
  },
  {
    "ID Number": "14625520"
  },
  {
    "ID Number": "14602946"
  },
  {
    "ID Number": "14659263"
  },
  {
    "ID Number": "14600480"
  },
  {
    "ID Number": "14600587"
  },
  {
    "ID Number": "14655985"
  },
  {
    "ID Number": "14655993"
  },
  {
    "ID Number": "14660083"
  },
  {
    "ID Number": "14600048"
  },
  {
    "ID Number": "14600196"
  },
  {
    "ID Number": "14608995"
  },
  {
    "ID Number": "14602385"
  },
  {
    "ID Number": "14649420"
  },
  {
    "ID Number": "14642638"
  },
  {
    "ID Number": "14633744"
  },
  {
    "ID Number": "14611538"
  },
  {
    "ID Number": "14625954"
  },
  {
    "ID Number": "14607379"
  },
  {
    "ID Number": "14659115"
  },
  {
    "ID Number": "14621665"
  },
  {
    "ID Number": "14604493"
  },
  {
    "ID Number": "14646790"
  },
  {
    "ID Number": "14671697"
  },
  {
    "ID Number": "14621169"
  },
  {
    "ID Number": "14623200"
  },
  {
    "ID Number": "14606240"
  },
  {
    "ID Number": "14605767"
  },
  {
    "ID Number": "14649195"
  },
  {
    "ID Number": "14642069"
  },
  {
    "ID Number": "14652790"
  },
  {
    "ID Number": "14608278"
  },
  {
    "ID Number": "14605597"
  },
  {
    "ID Number": "14620987"
  },
  {
    "ID Number": "14668971"
  },
  {
    "ID Number": "14666383"
  },
  {
    "ID Number": "14675633"
  },
  {
    "ID Number": "14612186"
  },
  {
    "ID Number": "14610655"
  },
  {
    "ID Number": "14623579"
  },
  {
    "ID Number": "14650517"
  },
  {
    "ID Number": "14664402"
  },
  {
    "ID Number": "14638061"
  },
  {
    "ID Number": "14601923"
  },
  {
    "ID Number": "14606909"
  },
  {
    "ID Number": "14678969"
  },
  {
    "ID Number": "14628694"
  },
  {
    "ID Number": "14609002"
  },
  {
    "ID Number": "14653648"
  },
  {
    "ID Number": "14657007"
  },
  {
    "ID Number": "14615550"
  },
  {
    "ID Number": "14638347"
  },
  {
    "ID Number": "14642298"
  },
  {
    "ID Number": "14600013"
  },
  {
    "ID Number": "14631849"
  },
  {
    "ID Number": "14621479"
  },
  {
    "ID Number": "14635879"
  },
  {
    "ID Number": "14660130"
  },
  {
    "ID Number": "14667630"
  },
  {
    "ID Number": "14615002"
  },
  {
    "ID Number": "14640678"
  },
  {
    "ID Number": "14615568"
  },
  {
    "ID Number": "14656361"
  },
  {
    "ID Number": "14618729"
  },
  {
    "ID Number": "14661802"
  },
  {
    "ID Number": "14629798"
  },
  {
    "ID Number": "14661233"
  },
  {
    "ID Number": "14620235"
  },
  {
    "ID Number": "14605708"
  },
  {
    "ID Number": "14601354"
  },
  {
    "ID Number": "14613891"
  },
  {
    "ID Number": "14625059"
  },
  {
    "ID Number": "14651130"
  },
  {
    "ID Number": "14623242"
  },
  {
    "ID Number": "14674718"
  },
  {
    "ID Number": "14605333"
  },
  {
    "ID Number": "14664267"
  },
  {
    "ID Number": "14615576"
  },
  {
    "ID Number": "14673274"
  },
  {
    "ID Number": "14603349"
  },
  {
    "ID Number": "14671913"
  },
  {
    "ID Number": "14647141"
  },
  {
    "ID Number": "14651149"
  },
  {
    "ID Number": "14666081"
  },
  {
    "ID Number": "14604140"
  },
  {
    "ID Number": "14642549"
  },
  {
    "ID Number": "14629526"
  },
  {
    "ID Number": "14663430"
  },
  {
    "ID Number": "14600340"
  },
  {
    "ID Number": "14606119"
  },
  {
    "ID Number": "14602849"
  },
  {
    "ID Number": "14638029"
  },
  {
    "ID Number": "14610094"
  },
  {
    "ID Number": "14643324"
  },
  {
    "ID Number": "14612453"
  },
  {
    "ID Number": "14609363"
  },
  {
    "ID Number": "14644444"
  },
  {
    "ID Number": "14609274"
  },
  {
    "ID Number": "14613328"
  },
  {
    "ID Number": "14602490"
  },
  {
    "ID Number": "14650525"
  },
  {
    "ID Number": "14671417"
  },
  {
    "ID Number": "14624923"
  },
  {
    "ID Number": "14627710"
  },
  {
    "ID Number": "14652862"
  },
  {
    "ID Number": "14656914"
  },
  {
    "ID Number": "14655152"
  },
  {
    "ID Number": "14673010"
  },
  {
    "ID Number": "14637391"
  },
  {
    "ID Number": "14621290"
  },
  {
    "ID Number": "14628007"
  },
  {
    "ID Number": "14631687"
  },
  {
    "ID Number": "14602580"
  },
  {
    "ID Number": "14644118"
  },
  {
    "ID Number": "14604272"
  },
  {
    "ID Number": "14634376"
  },
  {
    "ID Number": "14660210"
  },
  {
    "ID Number": "14608588"
  },
  {
    "ID Number": "14608340"
  },
  {
    "ID Number": "14622432"
  },
  {
    "ID Number": "14628384"
  },
  {
    "ID Number": "14621592"
  },
  {
    "ID Number": "14615584"
  },
  {
    "ID Number": "14612992"
  },
  {
    "ID Number": "14612720"
  },
  {
    "ID Number": "14612739"
  },
  {
    "ID Number": "14602504"
  },
  {
    "ID Number": "14652170"
  },
  {
    "ID Number": "14622467"
  },
  {
    "ID Number": "14621452"
  },
  {
    "ID Number": "14609010"
  },
  {
    "ID Number": "14603411"
  },
  {
    "ID Number": "14670305"
  },
  {
    "ID Number": "14650940"
  },
  {
    "ID Number": "73001252"
  },
  {
    "ID Number": "14612755"
  },
  {
    "ID Number": "14612763"
  },
  {
    "ID Number": "14604744"
  },
  {
    "ID Number": "14673517"
  },
  {
    "ID Number": "14625997"
  },
  {
    "ID Number": "14605139"
  },
  {
    "ID Number": "14623951"
  },
  {
    "ID Number": "14632055"
  },
  {
    "ID Number": "14626004"
  },
  {
    "ID Number": "14604809"
  },
  {
    "ID Number": "14623048"
  },
  {
    "ID Number": "14633264"
  },
  {
    "ID Number": "14605805"
  },
  {
    "ID Number": "14674203"
  },
  {
    "ID Number": "14661810"
  },
  {
    "ID Number": "14628643"
  },
  {
    "ID Number": "14606623"
  },
  {
    "ID Number": "14637332"
  },
  {
    "ID Number": "14611651"
  },
  {
    "ID Number": "14672316"
  },
  {
    "ID Number": "14600595"
  },
  {
    "ID Number": "14605872"
  },
  {
    "ID Number": "14662230"
  },
  {
    "ID Number": "14601192"
  },
  {
    "ID Number": "14634830"
  },
  {
    "ID Number": "14600757"
  },
  {
    "ID Number": "14650274"
  },
  {
    "ID Number": "14604370"
  },
  {
    "ID Number": "14603934"
  },
  {
    "ID Number": "14634139"
  },
  {
    "ID Number": "14658410"
  },
  {
    "ID Number": "14653680"
  },
  {
    "ID Number": "14644495"
  },
  {
    "ID Number": "14634627"
  },
  {
    "ID Number": "14602539"
  },
  {
    "ID Number": "14604450"
  },
  {
    "ID Number": "14602962"
  },
  {
    "ID Number": "14602970"
  },
  {
    "ID Number": "14640180"
  },
  {
    "ID Number": "14616831"
  },
  {
    "ID Number": "14675277"
  },
  {
    "ID Number": "14611600"
  },
  {
    "ID Number": "14636735"
  },
  {
    "ID Number": "14633060"
  },
  {
    "ID Number": "14609738"
  },
  {
    "ID Number": "14609770"
  },
  {
    "ID Number": "14656523"
  },
  {
    "ID Number": "14673436"
  },
  {
    "ID Number": "14671093"
  },
  {
    "ID Number": "14634147"
  },
  {
    "ID Number": "14629542"
  },
  {
    "ID Number": "14659042"
  },
  {
    "ID Number": "14663147"
  },
  {
    "ID Number": "14645742"
  },
  {
    "ID Number": "14608626"
  },
  {
    "ID Number": "14643154"
  },
  {
    "ID Number": "14615010"
  },
  {
    "ID Number": "14638118"
  },
  {
    "ID Number": "14650649"
  },
  {
    "ID Number": "14667550"
  },
  {
    "ID Number": "14604175"
  },
  {
    "ID Number": "14615606"
  },
  {
    "ID Number": "14620120"
  },
  {
    "ID Number": "14625202"
  },
  {
    "ID Number": "14605988"
  },
  {
    "ID Number": "14611953"
  },
  {
    "ID Number": "14680130"
  },
  {
    "ID Number": "14668424"
  },
  {
    "ID Number": "14607395"
  },
  {
    "ID Number": "14608065"
  },
  {
    "ID Number": "14630087"
  },
  {
    "ID Number": "14611384"
  },
  {
    "ID Number": "14635488"
  },
  {
    "ID Number": "14639645"
  },
  {
    "ID Number": "14660288"
  },
  {
    "ID Number": "14609053"
  },
  {
    "ID Number": "14612216"
  },
  {
    "ID Number": "14641941"
  },
  {
    "ID Number": "14603861"
  },
  {
    "ID Number": "14665603"
  },
  {
    "ID Number": "14614081"
  },
  {
    "ID Number": "14611660"
  },
  {
    "ID Number": "14611678"
  },
  {
    "ID Number": "14614090"
  },
  {
    "ID Number": "14673860"
  },
  {
    "ID Number": "14600625"
  },
  {
    "ID Number": "14666979"
  },
  {
    "ID Number": "14600870"
  },
  {
    "ID Number": "14603578"
  },
  {
    "ID Number": "14666510"
  },
  {
    "ID Number": "14641976"
  },
  {
    "ID Number": "14607336"
  },
  {
    "ID Number": "14629321"
  },
  {
    "ID Number": "14666634"
  },
  {
    "ID Number": "14671433"
  },
  {
    "ID Number": "14619547"
  },
  {
    "ID Number": "14612224"
  },
  {
    "ID Number": "14657589"
  },
  {
    "ID Number": "14605600"
  },
  {
    "ID Number": "14638878"
  },
  {
    "ID Number": "14651173"
  },
  {
    "ID Number": "14616351"
  },
  {
    "ID Number": "14616947"
  },
  {
    "ID Number": "14605317"
  },
  {
    "ID Number": "14678390"
  },
  {
    "ID Number": "14674238"
  },
  {
    "ID Number": "14655357"
  },
  {
    "ID Number": "14627957"
  },
  {
    "ID Number": "14652579"
  },
  {
    "ID Number": "14628112"
  },
  {
    "ID Number": "14671980"
  },
  {
    "ID Number": "14611040"
  },
  {
    "ID Number": "14606941"
  },
  {
    "ID Number": "14670933"
  },
  {
    "ID Number": "14629100"
  },
  {
    "ID Number": "14608073"
  },
  {
    "ID Number": "14631385"
  },
  {
    "ID Number": "14630109"
  },
  {
    "ID Number": "14637715"
  },
  {
    "ID Number": "14605252"
  },
  {
    "ID Number": "14609894"
  },
  {
    "ID Number": "14606259"
  },
  {
    "ID Number": "14618672"
  },
  {
    "ID Number": "14613425"
  },
  {
    "ID Number": "14631601"
  },
  {
    "ID Number": "14600161"
  },
  {
    "ID Number": "14641089"
  },
  {
    "ID Number": "14613000"
  },
  {
    "ID Number": "14640929"
  },
  {
    "ID Number": "14645025"
  },
  {
    "ID Number": "14681048"
  },
  {
    "ID Number": "14645033"
  },
  {
    "ID Number": "14637030"
  },
  {
    "ID Number": "14608081"
  },
  {
    "ID Number": "14680289"
  },
  {
    "ID Number": "14611970"
  },
  {
    "ID Number": "14637790"
  },
  {
    "ID Number": "14659123"
  },
  {
    "ID Number": "14619059"
  },
  {
    "ID Number": "14651254"
  },
  {
    "ID Number": "14648130"
  },
  {
    "ID Number": "14654423"
  },
  {
    "ID Number": "14607158"
  },
  {
    "ID Number": "14601893"
  },
  {
    "ID Number": "14628651"
  },
  {
    "ID Number": "14655063"
  },
  {
    "ID Number": "14660610"
  },
  {
    "ID Number": "14640783"
  },
  {
    "ID Number": "14667274"
  },
  {
    "ID Number": "14605996"
  },
  {
    "ID Number": "14634635"
  },
  {
    "ID Number": "14672774"
  },
  {
    "ID Number": "14604817"
  },
  {
    "ID Number": "14669277"
  },
  {
    "ID Number": "14642662"
  },
  {
    "ID Number": "14642670"
  },
  {
    "ID Number": "14637499"
  },
  {
    "ID Number": "14639750"
  },
  {
    "ID Number": "14600218"
  },
  {
    "ID Number": "14663880"
  },
  {
    "ID Number": "14628430"
  },
  {
    "ID Number": "14609436"
  },
  {
    "ID Number": "14656795"
  },
  {
    "ID Number": "14668165"
  },
  {
    "ID Number": "14607166"
  },
  {
    "ID Number": "14643413"
  },
  {
    "ID Number": "14655047"
  },
  {
    "ID Number": "14604230"
  },
  {
    "ID Number": "14609800"
  },
  {
    "ID Number": "14641984"
  },
  {
    "ID Number": "14613484"
  },
  {
    "ID Number": "14633680"
  },
  {
    "ID Number": "14632187"
  },
  {
    "ID Number": "14644622"
  },
  {
    "ID Number": "73008044"
  },
  {
    "ID Number": "14647320"
  },
  {
    "ID Number": "14614014"
  },
  {
    "ID Number": "14628660"
  },
  {
    "ID Number": "14653265"
  },
  {
    "ID Number": "14606399"
  },
  {
    "ID Number": "14648083"
  },
  {
    "ID Number": "14620324"
  },
  {
    "ID Number": "14632888"
  },
  {
    "ID Number": "14629224"
  },
  {
    "ID Number": "14633086"
  },
  {
    "ID Number": "14639238"
  },
  {
    "ID Number": "14602350"
  },
  {
    "ID Number": "14608286"
  },
  {
    "ID Number": "14608294"
  },
  {
    "ID Number": "14618788"
  },
  {
    "ID Number": "14626047"
  },
  {
    "ID Number": "14647052"
  },
  {
    "ID Number": "14608090"
  },
  {
    "ID Number": "14657201"
  },
  {
    "ID Number": "14676370"
  },
  {
    "ID Number": "14600382"
  },
  {
    "ID Number": "14659573"
  },
  {
    "ID Number": "14602610"
  },
  {
    "ID Number": "14613778"
  },
  {
    "ID Number": "14634732"
  },
  {
    "ID Number": "14608359"
  },
  {
    "ID Number": "14614375"
  },
  {
    "ID Number": "14628449"
  },
  {
    "ID Number": "14657694"
  },
  {
    "ID Number": "14656566"
  },
  {
    "ID Number": "14641623"
  },
  {
    "ID Number": "14659816"
  },
  {
    "ID Number": "14659719"
  },
  {
    "ID Number": "14659751"
  },
  {
    "ID Number": "14655543"
  },
  {
    "ID Number": "14633159"
  },
  {
    "ID Number": "14614065"
  },
  {
    "ID Number": "14637910"
  },
  {
    "ID Number": "14620200"
  },
  {
    "ID Number": "14643111"
  },
  {
    "ID Number": "14612089"
  },
  {
    "ID Number": "14639912"
  },
  {
    "ID Number": "14654393"
  },
  {
    "ID Number": "14662078"
  },
  {
    "ID Number": "14620146"
  },
  {
    "ID Number": "14621045"
  },
  {
    "ID Number": "14649837"
  },
  {
    "ID Number": "14651734"
  },
  {
    "ID Number": "14606801"
  },
  {
    "ID Number": "14620669"
  },
  {
    "ID Number": "14622033"
  },
  {
    "ID Number": "14656051"
  },
  {
    "ID Number": "14604116"
  },
  {
    "ID Number": "14650169"
  },
  {
    "ID Number": "14606402"
  },
  {
    "ID Number": "14630346"
  },
  {
    "ID Number": "14661829"
  },
  {
    "ID Number": "14615673"
  },
  {
    "ID Number": "14651220"
  },
  {
    "ID Number": "14644134"
  },
  {
    "ID Number": "14655462"
  },
  {
    "ID Number": "14634651"
  },
  {
    "ID Number": "14603195"
  },
  {
    "ID Number": "14675900"
  },
  {
    "ID Number": "14613018"
  },
  {
    "ID Number": "73008559"
  },
  {
    "ID Number": "14630451"
  },
  {
    "ID Number": "14638428"
  },
  {
    "ID Number": "14618974"
  },
  {
    "ID Number": "14644096"
  },
  {
    "ID Number": "14660628"
  },
  {
    "ID Number": "14619075"
  },
  {
    "ID Number": "14644363"
  },
  {
    "ID Number": "14614146"
  },
  {
    "ID Number": "14635887"
  },
  {
    "ID Number": "14637340"
  },
  {
    "ID Number": "14630125"
  },
  {
    "ID Number": "14614308"
  },
  {
    "ID Number": "14603187"
  },
  {
    "ID Number": "14638568"
  },
  {
    "ID Number": "14630680"
  },
  {
    "ID Number": "14650177"
  },
  {
    "ID Number": "14618680"
  },
  {
    "ID Number": "14605350"
  },
  {
    "ID Number": "14635003"
  },
  {
    "ID Number": "14632276"
  },
  {
    "ID Number": "14652110"
  },
  {
    "ID Number": "14637804"
  },
  {
    "ID Number": "14674777"
  },
  {
    "ID Number": "14642123"
  },
  {
    "ID Number": "14674114"
  },
  {
    "ID Number": "14652846"
  },
  {
    "ID Number": "14646501"
  },
  {
    "ID Number": "14603560"
  },
  {
    "ID Number": "14619440"
  },
  {
    "ID Number": "14641224"
  },
  {
    "ID Number": "14658704"
  },
  {
    "ID Number": "14603632"
  },
  {
    "ID Number": "14681978"
  },
  {
    "ID Number": "14610620"
  },
  {
    "ID Number": "14651548"
  },
  {
    "ID Number": "14663643"
  },
  {
    "ID Number": "14643618"
  },
  {
    "ID Number": "14631610"
  },
  {
    "ID Number": "14613514"
  },
  {
    "ID Number": "14658011"
  },
  {
    "ID Number": "14673428"
  },
  {
    "ID Number": "14604086"
  },
  {
    "ID Number": "14669218"
  },
  {
    "ID Number": "14640708"
  },
  {
    "ID Number": "14644673"
  },
  {
    "ID Number": "14669625"
  },
  {
    "ID Number": "14651955"
  },
  {
    "ID Number": "14645041"
  },
  {
    "ID Number": "14628910"
  },
  {
    "ID Number": "14673185"
  },
  {
    "ID Number": "14631709"
  },
  {
    "ID Number": "14618796"
  },
  {
    "ID Number": "14600692"
  },
  {
    "ID Number": "14620154"
  },
  {
    "ID Number": "14628244"
  },
  {
    "ID Number": "14620081"
  },
  {
    "ID Number": "14645815"
  },
  {
    "ID Number": "14607190"
  },
  {
    "ID Number": "14638681"
  },
  {
    "ID Number": "14671069"
  },
  {
    "ID Number": "14603462"
  },
  {
    "ID Number": "14610361"
  },
  {
    "ID Number": "14677890"
  },
  {
    "ID Number": "14667673"
  },
  {
    "ID Number": "14616165"
  },
  {
    "ID Number": "14621681"
  },
  {
    "ID Number": "14642107"
  },
  {
    "ID Number": "14605856"
  },
  {
    "ID Number": "14620618"
  },
  {
    "ID Number": "14681242"
  },
  {
    "ID Number": "14637065"
  },
  {
    "ID Number": "14674394"
  },
  {
    "ID Number": "14604280"
  },
  {
    "ID Number": "14609096"
  },
  {
    "ID Number": "14646080"
  },
  {
    "ID Number": "14609100"
  },
  {
    "ID Number": "14653036"
  },
  {
    "ID Number": "14662744"
  },
  {
    "ID Number": "14624958"
  },
  {
    "ID Number": "14627442"
  },
  {
    "ID Number": "14606887"
  },
  {
    "ID Number": "14602075"
  },
  {
    "ID Number": "14604647"
  },
  {
    "ID Number": "14605260"
  },
  {
    "ID Number": "14612240"
  },
  {
    "ID Number": "14652595"
  },
  {
    "ID Number": "14606453"
  },
  {
    "ID Number": "14622211"
  },
  {
    "ID Number": "14658240"
  },
  {
    "ID Number": "14644541"
  },
  {
    "ID Number": "14627531"
  },
  {
    "ID Number": "14674645"
  },
  {
    "ID Number": "14638002"
  },
  {
    "ID Number": "14609959"
  },
  {
    "ID Number": "14620308"
  },
  {
    "ID Number": "14622068"
  },
  {
    "ID Number": "14631920"
  },
  {
    "ID Number": "14642026"
  },
  {
    "ID Number": "14654938"
  },
  {
    "ID Number": "14650070"
  },
  {
    "ID Number": "14622602"
  },
  {
    "ID Number": "14655713"
  },
  {
    "ID Number": "14655551"
  },
  {
    "ID Number": "14601567"
  },
  {
    "ID Number": "14644029"
  },
  {
    "ID Number": "14624338"
  },
  {
    "ID Number": "14658763"
  },
  {
    "ID Number": "14636077"
  },
  {
    "ID Number": "14630354"
  },
  {
    "ID Number": "14620057"
  },
  {
    "ID Number": "14605279"
  },
  {
    "ID Number": "14678217"
  },
  {
    "ID Number": "14615746"
  },
  {
    "ID Number": "14652153"
  },
  {
    "ID Number": "14610370"
  },
  {
    "ID Number": "14612267"
  },
  {
    "ID Number": "14646293"
  },
  {
    "ID Number": "14603683"
  },
  {
    "ID Number": "14620162"
  },
  {
    "ID Number": "14612275"
  },
  {
    "ID Number": "14680297"
  },
  {
    "ID Number": "14656671"
  },
  {
    "ID Number": "14644010"
  },
  {
    "ID Number": "14656590"
  },
  {
    "ID Number": "14601389"
  },
  {
    "ID Number": "14601818"
  },
  {
    "ID Number": "14627728"
  },
  {
    "ID Number": "14639408"
  },
  {
    "ID Number": "14623218"
  },
  {
    "ID Number": "14616173"
  },
  {
    "ID Number": "14609908"
  },
  {
    "ID Number": "14650088"
  },
  {
    "ID Number": "14602296"
  },
  {
    "ID Number": "14651319"
  },
  {
    "ID Number": "14613026"
  },
  {
    "ID Number": "14634821"
  },
  {
    "ID Number": "14632810"
  },
  {
    "ID Number": "14665697"
  },
  {
    "ID Number": "14638606"
  },
  {
    "ID Number": "14652455"
  },
  {
    "ID Number": "14622017"
  },
  {
    "ID Number": "14681994"
  },
  {
    "ID Number": "14634694"
  },
  {
    "ID Number": "14637901"
  },
  {
    "ID Number": "14628813"
  },
  {
    "ID Number": "14608448"
  },
  {
    "ID Number": "14612836"
  },
  {
    "ID Number": "14602806"
  },
  {
    "ID Number": "14621207"
  },
  {
    "ID Number": "14667665"
  },
  {
    "ID Number": "14615800"
  },
  {
    "ID Number": "14615819"
  },
  {
    "ID Number": "14638380"
  },
  {
    "ID Number": "14601699"
  },
  {
    "ID Number": "14615827"
  },
  {
    "ID Number": "14639599"
  },
  {
    "ID Number": "14605414"
  },
  {
    "ID Number": "14654113"
  },
  {
    "ID Number": "14637375"
  },
  {
    "ID Number": "14635186"
  },
  {
    "ID Number": "14658038"
  },
  {
    "ID Number": "14645440"
  },
  {
    "ID Number": "14629356"
  },
  {
    "ID Number": "14637979"
  },
  {
    "ID Number": "14632721"
  },
  {
    "ID Number": "14132400"
  },
  {
    "ID Number": "14606640"
  },
  {
    "ID Number": "14600110"
  },
  {
    "ID Number": "14650185"
  },
  {
    "ID Number": "14639874"
  },
  {
    "ID Number": "14678128"
  },
  {
    "ID Number": "14634783"
  },
  {
    "ID Number": "14600803"
  },
  {
    "ID Number": "14611279"
  },
  {
    "ID Number": "14612283"
  },
  {
    "ID Number": "14603985"
  },
  {
    "ID Number": "14633914"
  },
  {
    "ID Number": "14639580"
  },
  {
    "ID Number": "14616254"
  },
  {
    "ID Number": "14606410"
  },
  {
    "ID Number": "14627965"
  },
  {
    "ID Number": "14627973"
  },
  {
    "ID Number": "14678667"
  },
  {
    "ID Number": "14601494"
  },
  {
    "ID Number": "14615835"
  },
  {
    "ID Number": "14674661"
  },
  {
    "ID Number": "14611287"
  },
  {
    "ID Number": "14603667"
  },
  {
    "ID Number": "14630702"
  },
  {
    "ID Number": "14631717"
  },
  {
    "ID Number": "14640694"
  },
  {
    "ID Number": "14648806"
  },
  {
    "ID Number": "14647303"
  },
  {
    "ID Number": "14653214"
  },
  {
    "ID Number": "14653222"
  },
  {
    "ID Number": "14654814"
  },
  {
    "ID Number": "14621428"
  },
  {
    "ID Number": "14635194"
  },
  {
    "ID Number": "14639670"
  },
  {
    "ID Number": "14619342"
  },
  {
    "ID Number": "14658631"
  },
  {
    "ID Number": "14663007"
  },
  {
    "ID Number": "14653532"
  },
  {
    "ID Number": "14635208"
  },
  {
    "ID Number": "14621304"
  },
  {
    "ID Number": "14604299"
  },
  {
    "ID Number": "14674807"
  },
  {
    "ID Number": "14638150"
  },
  {
    "ID Number": "14680980"
  },
  {
    "ID Number": "14669447"
  },
  {
    "ID Number": "54600600"
  },
  {
    "ID Number": "14602172"
  },
  {
    "ID Number": "14601303"
  },
  {
    "ID Number": "14629364"
  },
  {
    "ID Number": "14670682"
  },
  {
    "ID Number": "14631806"
  },
  {
    "ID Number": "14656973"
  },
  {
    "ID Number": "14632756"
  },
  {
    "ID Number": "14644681"
  },
  {
    "ID Number": "14607263"
  },
  {
    "ID Number": "14645106"
  },
  {
    "ID Number": "14640619"
  },
  {
    "ID Number": "14666987"
  },
  {
    "ID Number": "14661845"
  },
  {
    "ID Number": "14605465"
  },
  {
    "ID Number": "14605651"
  },
  {
    "ID Number": "14605678"
  },
  {
    "ID Number": "14623994"
  },
  {
    "ID Number": "14609967"
  },
  {
    "ID Number": "14605694"
  },
  {
    "ID Number": "14652633"
  },
  {
    "ID Number": "14633493"
  },
  {
    "ID Number": "14632284"
  },
  {
    "ID Number": "14607557"
  },
  {
    "ID Number": "14643642"
  },
  {
    "ID Number": "14610388"
  },
  {
    "ID Number": "14637103"
  },
  {
    "ID Number": "14600641"
  },
  {
    "ID Number": "14637090"
  },
  {
    "ID Number": "14645408"
  },
  {
    "ID Number": "14645050"
  },
  {
    "ID Number": "14605627"
  },
  {
    "ID Number": "14674122"
  },
  {
    "ID Number": "14678993"
  },
  {
    "ID Number": "14641313"
  },
  {
    "ID Number": "14655136"
  },
  {
    "ID Number": "14633280"
  },
  {
    "ID Number": "14608138"
  },
  {
    "ID Number": "14655217"
  },
  {
    "ID Number": "14655322"
  },
  {
    "ID Number": "14660776"
  },
  {
    "ID Number": "14672154"
  },
  {
    "ID Number": "14613042"
  },
  {
    "ID Number": "14630370"
  },
  {
    "ID Number": "34341056"
  },
  {
    "ID Number": "14601630"
  },
  {
    "ID Number": "14643758"
  },
  {
    "ID Number": "14601060"
  },
  {
    "ID Number": "14621215"
  },
  {
    "ID Number": "14600862"
  },
  {
    "ID Number": "14609550"
  },
  {
    "ID Number": "14659646"
  },
  {
    "ID Number": "14615851"
  },
  {
    "ID Number": "14602067"
  },
  {
    "ID Number": "14611295"
  },
  {
    "ID Number": "14611309"
  },
  {
    "ID Number": "14674629"
  },
  {
    "ID Number": "14653990"
  },
  {
    "ID Number": "14624281"
  },
  {
    "ID Number": "14612461"
  },
  {
    "ID Number": "14604892"
  },
  {
    "ID Number": "14606518"
  },
  {
    "ID Number": "14609118"
  },
  {
    "ID Number": "14673290"
  },
  {
    "ID Number": "14621371"
  },
  {
    "ID Number": "14602423"
  },
  {
    "ID Number": "14606488"
  },
  {
    "ID Number": "14620936"
  },
  {
    "ID Number": "14651238"
  },
  {
    "ID Number": "14638096"
  },
  {
    "ID Number": "14619881"
  },
  {
    "ID Number": "14629690"
  },
  {
    "ID Number": "14642506"
  },
  {
    "ID Number": "14603314"
  },
  {
    "ID Number": "14603616"
  },
  {
    "ID Number": "14600498"
  },
  {
    "ID Number": "14622157"
  },
  {
    "ID Number": "14604078"
  },
  {
    "ID Number": "14676435"
  },
  {
    "ID Number": "14675641"
  },
  {
    "ID Number": "14637820"
  },
  {
    "ID Number": "14678438"
  },
  {
    "ID Number": "14609320"
  },
  {
    "ID Number": "14607506"
  },
  {
    "ID Number": "14602253"
  },
  {
    "ID Number": "14669609"
  },
  {
    "ID Number": "14640597"
  },
  {
    "ID Number": "14640600"
  },
  {
    "ID Number": "14678276"
  },
  {
    "ID Number": "14630486"
  },
  {
    "ID Number": "14600412"
  },
  {
    "ID Number": "14628252"
  },
  {
    "ID Number": "14667401"
  },
  {
    "ID Number": "14659670"
  },
  {
    "ID Number": "14655721"
  },
  {
    "ID Number": "14661314"
  },
  {
    "ID Number": "14637669"
  },
  {
    "ID Number": "14609630"
  },
  {
    "ID Number": "14669633"
  },
  {
    "ID Number": "14646587"
  },
  {
    "ID Number": "14667746"
  },
  {
    "ID Number": "14637081"
  },
  {
    "ID Number": "14659913"
  },
  {
    "ID Number": "14660202"
  },
  {
    "ID Number": "14625148"
  },
  {
    "ID Number": "14651491"
  },
  {
    "ID Number": "14602032"
  },
  {
    "ID Number": "14613921"
  },
  {
    "ID Number": "14634465"
  },
  {
    "ID Number": "14620049"
  },
  {
    "ID Number": "14656086"
  },
  {
    "ID Number": "14642964"
  },
  {
    "ID Number": "14633787"
  },
  {
    "ID Number": "14643839"
  },
  {
    "ID Number": "14629828"
  },
  {
    "ID Number": "14620278"
  },
  {
    "ID Number": "14633973"
  },
  {
    "ID Number": "14674386"
  },
  {
    "ID Number": "14644371"
  },
  {
    "ID Number": "14640716"
  },
  {
    "ID Number": "14647958"
  },
  {
    "ID Number": "14641968"
  },
  {
    "ID Number": "14611686"
  },
  {
    "ID Number": "14611449"
  },
  {
    "ID Number": "14641925"
  },
  {
    "ID Number": "14635364"
  },
  {
    "ID Number": "73009504"
  },
  {
    "ID Number": "14643588"
  },
  {
    "ID Number": "14604388"
  },
  {
    "ID Number": "14665824"
  },
  {
    "ID Number": "14673630"
  },
  {
    "ID Number": "14672243"
  },
  {
    "ID Number": "14643898"
  },
  {
    "ID Number": "14634708"
  },
  {
    "ID Number": "14621312"
  },
  {
    "ID Number": "14669781"
  },
  {
    "ID Number": "14645262"
  },
  {
    "ID Number": "14634945"
  },
  {
    "ID Number": "14621223"
  },
  {
    "ID Number": "14604302"
  },
  {
    "ID Number": "14608456"
  },
  {
    "ID Number": "14601664"
  },
  {
    "ID Number": "14659301"
  },
  {
    "ID Number": "14629267"
  },
  {
    "ID Number": "14668041"
  },
  {
    "ID Number": "14618630"
  },
  {
    "ID Number": "14662132"
  },
  {
    "ID Number": "14618583"
  },
  {
    "ID Number": "14659310"
  },
  {
    "ID Number": "14601648"
  },
  {
    "ID Number": "14681439"
  },
  {
    "ID Number": "14609185"
  },
  {
    "ID Number": "14667681"
  },
  {
    "ID Number": "14669170"
  },
  {
    "ID Number": "14614332"
  },
  {
    "ID Number": "14624486"
  },
  {
    "ID Number": "14640260"
  },
  {
    "ID Number": "14654032"
  },
  {
    "ID Number": "14621746"
  },
  {
    "ID Number": "14600773"
  },
  {
    "ID Number": "14622262"
  },
  {
    "ID Number": "14613930"
  },
  {
    "ID Number": "14647010"
  },
  {
    "ID Number": "14628996"
  },
  {
    "ID Number": "14658577"
  },
  {
    "ID Number": "14628473"
  },
  {
    "ID Number": "14644762"
  },
  {
    "ID Number": "14644770"
  },
  {
    "ID Number": "14600846"
  },
  {
    "ID Number": "14681056"
  },
  {
    "ID Number": "14630389"
  },
  {
    "ID Number": "14642050"
  },
  {
    "ID Number": "14646056"
  },
  {
    "ID Number": "14653370"
  },
  {
    "ID Number": "14613190"
  },
  {
    "ID Number": "14613204"
  },
  {
    "ID Number": "14646196"
  },
  {
    "ID Number": "14672197"
  },
  {
    "ID Number": "14669102"
  },
  {
    "ID Number": "14607212"
  },
  {
    "ID Number": "14604787"
  },
  {
    "ID Number": "14647451"
  },
  {
    "ID Number": "14603535"
  },
  {
    "ID Number": "14666812"
  },
  {
    "ID Number": "14637987"
  },
  {
    "ID Number": "14643944"
  },
  {
    "ID Number": "14660970"
  },
  {
    "ID Number": "14659956"
  },
  {
    "ID Number": "14648490"
  },
  {
    "ID Number": "4137698"
  },
  {
    "ID Number": "14640422"
  },
  {
    "ID Number": "14643960"
  },
  {
    "ID Number": "14628708"
  },
  {
    "ID Number": "14629062"
  },
  {
    "ID Number": "14637944"
  },
  {
    "ID Number": "14608146"
  },
  {
    "ID Number": "14612330"
  },
  {
    "ID Number": "14651246"
  },
  {
    "ID Number": "14619784"
  },
  {
    "ID Number": "14634481"
  },
  {
    "ID Number": "14623285"
  },
  {
    "ID Number": "14627663"
  },
  {
    "ID Number": "14605287"
  },
  {
    "ID Number": "14656183"
  },
  {
    "ID Number": "14614294"
  },
  {
    "ID Number": "14608154"
  },
  {
    "ID Number": "14608162"
  },
  {
    "ID Number": "14618982"
  },
  {
    "ID Number": "14627647"
  },
  {
    "ID Number": "14655527"
  },
  {
    "ID Number": "14606011"
  },
  {
    "ID Number": "14678713"
  },
  {
    "ID Number": "14626144"
  },
  {
    "ID Number": "14634813"
  },
  {
    "ID Number": "14608170"
  },
  {
    "ID Number": "14642131"
  },
  {
    "ID Number": "14600684"
  },
  {
    "ID Number": "14616378"
  },
  {
    "ID Number": "14613069"
  },
  {
    "ID Number": "14612348"
  },
  {
    "ID Number": "14613077"
  },
  {
    "ID Number": "14637189"
  },
  {
    "ID Number": "14614243"
  },
  {
    "ID Number": "14603063"
  },
  {
    "ID Number": "14643596"
  },
  {
    "ID Number": "14602890"
  },
  {
    "ID Number": "14671174"
  },
  {
    "ID Number": "14610396"
  },
  {
    "ID Number": "14605295"
  },
  {
    "ID Number": "14619946"
  },
  {
    "ID Number": "14640961"
  },
  {
    "ID Number": "14681943"
  },
  {
    "ID Number": "14670950"
  },
  {
    "ID Number": "13706993"
  },
  {
    "ID Number": "13713051"
  },
  {
    "ID Number": "14610744"
  },
  {
    "ID Number": "14606020"
  },
  {
    "ID Number": "14604930"
  },
  {
    "ID Number": "14654245"
  },
  {
    "ID Number": "14604167"
  },
  {
    "ID Number": "14651769"
  },
  {
    "ID Number": "14654890"
  },
  {
    "ID Number": "14680556"
  },
  {
    "ID Number": "14666375"
  },
  {
    "ID Number": "14602288"
  },
  {
    "ID Number": "14661853"
  },
  {
    "ID Number": "14603870"
  },
  {
    "ID Number": "14627566"
  },
  {
    "ID Number": "14614405"
  },
  {
    "ID Number": "14614391"
  },
  {
    "ID Number": "14612860"
  },
  {
    "ID Number": "14609215"
  },
  {
    "ID Number": "14642395"
  },
  {
    "ID Number": "14678446"
  },
  {
    "ID Number": "14610159"
  },
  {
    "ID Number": "14601079"
  },
  {
    "ID Number": "14600781"
  },
  {
    "ID Number": "14601397"
  },
  {
    "ID Number": "14614359"
  },
  {
    "ID Number": "14607425"
  },
  {
    "ID Number": "14629844"
  },
  {
    "ID Number": "14635070"
  },
  {
    "ID Number": "14611481"
  },
  {
    "ID Number": "14671107"
  },
  {
    "ID Number": "14610698"
  },
  {
    "ID Number": "14605635"
  },
  {
    "ID Number": "14603420"
  },
  {
    "ID Number": "14643375"
  },
  {
    "ID Number": "14655896"
  },
  {
    "ID Number": "14639858"
  },
  {
    "ID Number": "14604248"
  },
  {
    "ID Number": "14633108"
  },
  {
    "ID Number": "14609991"
  },
  {
    "ID Number": "14627981"
  },
  {
    "ID Number": "14672952"
  },
  {
    "ID Number": "14675498"
  },
  {
    "ID Number": "14628520"
  },
  {
    "ID Number": "14648237"
  },
  {
    "ID Number": "14637723"
  },
  {
    "ID Number": "14676397"
  },
  {
    "ID Number": "14619369"
  },
  {
    "ID Number": "14641607"
  },
  {
    "ID Number": "14631946"
  },
  {
    "ID Number": "14632837"
  },
  {
    "ID Number": "14630230"
  },
  {
    "ID Number": "14641003"
  },
  {
    "ID Number": "14627671"
  },
  {
    "ID Number": "14630249"
  },
  {
    "ID Number": "14614030"
  },
  {
    "ID Number": "14615959"
  },
  {
    "ID Number": "14600447"
  },
  {
    "ID Number": "14602318"
  },
  {
    "ID Number": "14638045"
  },
  {
    "ID Number": "14654873"
  },
  {
    "ID Number": "14646420"
  },
  {
    "ID Number": "14665255"
  },
  {
    "ID Number": "14661861"
  },
  {
    "ID Number": "14615975"
  },
  {
    "ID Number": "14606844"
  },
  {
    "ID Number": "14605716"
  },
  {
    "ID Number": "14679990"
  },
  {
    "ID Number": "14632454"
  },
  {
    "ID Number": "14655330"
  },
  {
    "ID Number": "14613085"
  },
  {
    "ID Number": "14659468"
  },
  {
    "ID Number": "14625296"
  },
  {
    "ID Number": "14640040"
  },
  {
    "ID Number": "14640031"
  },
  {
    "ID Number": "14644274"
  },
  {
    "ID Number": "14604620"
  },
  {
    "ID Number": "14651459"
  },
  {
    "ID Number": "14606330"
  },
  {
    "ID Number": "14667568"
  },
  {
    "ID Number": "14653354"
  },
  {
    "ID Number": "14611325"
  },
  {
    "ID Number": "14668181"
  },
  {
    "ID Number": "14632764"
  },
  {
    "ID Number": "14632772"
  },
  {
    "ID Number": "14608545"
  },
  {
    "ID Number": "14656515"
  },
  {
    "ID Number": "14604221"
  },
  {
    "ID Number": "14654164"
  },
  {
    "ID Number": "14620472"
  },
  {
    "ID Number": "14612364"
  },
  {
    "ID Number": "14605775"
  },
  {
    "ID Number": "14605511"
  },
  {
    "ID Number": "14637898"
  },
  {
    "ID Number": "14624753"
  },
  {
    "ID Number": "14634660"
  },
  {
    "ID Number": "14674548"
  },
  {
    "ID Number": "14644002"
  },
  {
    "ID Number": "14654296"
  },
  {
    "ID Number": "14616009"
  },
  {
    "ID Number": "14610060"
  },
  {
    "ID Number": "14630974"
  },
  {
    "ID Number": "14656116"
  },
  {
    "ID Number": "14631989"
  },
  {
    "ID Number": "14672189"
  },
  {
    "ID Number": "14624168"
  },
  {
    "ID Number": "55606563"
  },
  {
    "ID Number": "14606429"
  },
  {
    "ID Number": "14602113"
  },
  {
    "ID Number": "14646145"
  },
  {
    "ID Number": "14667460"
  },
  {
    "ID Number": "14653176"
  },
  {
    "ID Number": "14621908"
  },
  {
    "ID Number": "14659433"
  },
  {
    "ID Number": "14645700"
  },
  {
    "ID Number": "14637774"
  },
  {
    "ID Number": "14630281"
  },
  {
    "ID Number": "14628945"
  },
  {
    "ID Number": "14602784"
  },
  {
    "ID Number": "14672324"
  },
  {
    "ID Number": "14677164"
  },
  {
    "ID Number": "14609223"
  },
  {
    "ID Number": "14669595"
  },
  {
    "ID Number": "14604655"
  },
  {
    "ID Number": "14619741"
  },
  {
    "ID Number": "14623234"
  },
  {
    "ID Number": "14614944"
  },
  {
    "ID Number": "14604949"
  },
  {
    "ID Number": "14600269"
  },
  {
    "ID Number": "14606607"
  },
  {
    "ID Number": "14614464"
  },
  {
    "ID Number": "14601451"
  },
  {
    "ID Number": "14667533"
  },
  {
    "ID Number": "14650924"
  },
  {
    "ID Number": "14679884"
  },
  {
    "ID Number": "14608219"
  },
  {
    "ID Number": "14672758"
  },
  {
    "ID Number": "14603454"
  },
  {
    "ID Number": "14606038"
  },
  {
    "ID Number": "14605490"
  },
  {
    "ID Number": "14660431"
  },
  {
    "ID Number": "14657686"
  },
  {
    "ID Number": "14630290"
  },
  {
    "ID Number": "14657635"
  },
  {
    "ID Number": "14609231"
  },
  {
    "ID Number": "14612372"
  },
  {
    "ID Number": "14646803"
  },
  {
    "ID Number": "14646811"
  },
  {
    "ID Number": "14656264"
  },
  {
    "ID Number": "14608227"
  },
  {
    "ID Number": "14679892"
  },
  {
    "ID Number": "14628732"
  },
  {
    "ID Number": "14653826"
  },
  {
    "ID Number": "14651998"
  },
  {
    "ID Number": "14611473"
  },
  {
    "ID Number": "14650215"
  },
  {
    "ID Number": "14607689"
  },
  {
    "ID Number": "14627868"
  },
  {
    "ID Number": "14606658"
  },
  {
    "ID Number": "14670887"
  },
  {
    "ID Number": "14647974"
  },
  {
    "ID Number": "14619911"
  },
  {
    "ID Number": "14631539"
  },
  {
    "ID Number": "14601150"
  },
  {
    "ID Number": "14652030"
  },
  {
    "ID Number": "14611520"
  },
  {
    "ID Number": "14618923"
  },
  {
    "ID Number": "14621622"
  },
  {
    "ID Number": "14609649"
  },
  {
    "ID Number": "14633116"
  },
  {
    "ID Number": "14648946"
  },
  {
    "ID Number": "14612046"
  },
  {
    "ID Number": "14609657"
  },
  {
    "ID Number": "14639416"
  },
  {
    "ID Number": "14673649"
  },
  {
    "ID Number": "14638177"
  },
  {
    "ID Number": "14606275"
  },
  {
    "ID Number": "14603047"
  },
  {
    "ID Number": "14626624"
  },
  {
    "ID Number": "14651947"
  },
  {
    "ID Number": "14636387"
  },
  {
    "ID Number": "14623927"
  },
  {
    "ID Number": "14606666"
  },
  {
    "ID Number": "14678543"
  },
  {
    "ID Number": "14616181"
  },
  {
    "ID Number": "14638010"
  },
  {
    "ID Number": "14654407"
  },
  {
    "ID Number": "14652021"
  },
  {
    "ID Number": "14629585"
  },
  {
    "ID Number": "14613395"
  },
  {
    "ID Number": "14643952"
  },
  {
    "ID Number": "14623315"
  },
  {
    "ID Number": "14612534"
  },
  {
    "ID Number": "73006270"
  },
  {
    "ID Number": "14660709"
  },
  {
    "ID Number": "14661870"
  },
  {
    "ID Number": "14626195"
  },
  {
    "ID Number": "14632217"
  },
  {
    "ID Number": "14661373"
  },
  {
    "ID Number": "14642883"
  },
  {
    "ID Number": "14633124"
  },
  {
    "ID Number": "14652986"
  },
  {
    "ID Number": "14648636"
  },
  {
    "ID Number": "14634970"
  },
  {
    "ID Number": "14602601"
  },
  {
    "ID Number": "14609258"
  },
  {
    "ID Number": "14667053"
  },
  {
    "ID Number": "14667045"
  },
  {
    "ID Number": "14667061"
  },
  {
    "ID Number": "14604337"
  },
  {
    "ID Number": "14642034"
  },
  {
    "ID Number": "14663422"
  },
  {
    "ID Number": "14678721"
  },
  {
    "ID Number": "14662418"
  },
  {
    "ID Number": "14608367"
  },
  {
    "ID Number": "14601656"
  },
  {
    "ID Number": "14604108"
  },
  {
    "ID Number": "14604051"
  },
  {
    "ID Number": "14635763"
  },
  {
    "ID Number": "14671476"
  },
  {
    "ID Number": "14662604"
  },
  {
    "ID Number": "14640058"
  },
  {
    "ID Number": "14601109"
  },
  {
    "ID Number": "14648954"
  },
  {
    "ID Number": "14667991"
  },
  {
    "ID Number": "14661497"
  },
  {
    "ID Number": "14661489"
  },
  {
    "ID Number": "14671999"
  },
  {
    "ID Number": "14634856"
  },
  {
    "ID Number": "14610108"
  },
  {
    "ID Number": "14658780"
  },
  {
    "ID Number": "14670895"
  },
  {
    "ID Number": "14632462"
  },
  {
    "ID Number": "14631725"
  },
  {
    "ID Number": "14631733"
  },
  {
    "ID Number": "14674785"
  },
  {
    "ID Number": "14643600"
  },
  {
    "ID Number": "14651971"
  },
  {
    "ID Number": "14676524"
  },
  {
    "ID Number": "14622491"
  },
  {
    "ID Number": "14618931"
  },
  {
    "ID Number": "14607280"
  },
  {
    "ID Number": "14611627"
  },
  {
    "ID Number": "14606631"
  },
  {
    "ID Number": "14629593"
  },
  {
    "ID Number": "14613220"
  },
  {
    "ID Number": "14652420"
  },
  {
    "ID Number": "14600277"
  },
  {
    "ID Number": "14607328"
  },
  {
    "ID Number": "14606054"
  },
  {
    "ID Number": "14662728"
  },
  {
    "ID Number": "14665590"
  },
  {
    "ID Number": "14634678"
  },
  {
    "ID Number": "14602814"
  },
  {
    "ID Number": "14617773"
  },
  {
    "ID Number": "14616084"
  },
  {
    "ID Number": "14617765"
  },
  {
    "ID Number": "14627736"
  },
  {
    "ID Number": "14638657"
  }
]