ID Number,Name,Fed,Sex,Title,WTit,OTit,Rating,Gms,K,RatingMonth,B-day,Flag
16506723,"Abdovic, Daris",MNE,M,,,,1556,0,40,SEP25,2010,
918776,"Abramovic, Dragoljub",MNE,M,,,,2048,0,20,SEP25,1958,
16506693,"Acimic, Anja",MNE,F,,,,1467,0,40,SEP25,2008,wi
939811,"Adrovic, Admir",MNE,M,,,,2093,0,20,SEP25,1989,
16503465,"Adrovic, Asmir",MNE,M,,,,1925,0,40,SEP25,1984,
16508572,"Adzic, Jovan",MNE,M,,,,1706,0,40,SEP25,2009,
16510437,"Agic, Zejn",MNE,M,,,,1586,0,40,SEP25,2017,
909556,"Agovic, Sadudin",MNE,M,,,,1951,0,20,SEP25,1960,i
16501098,"Ajanovic, Berina",MNE,F,,,,1596,0,20,SEP25,1999,wi
16512952,"Ajkovic, Zoran",MNE,M,,,,1663,0,40,SEP25,1958,
16512430,"Aksalic, Redzep",MNE,M,,,,1727,0,40,SEP25,1961,
16504925,"Aleksic, Filip",MNE,M,,,,1773,0,20,SEP25,2002,i
16500024,"Aleksic, Nenad",MNE,M,,,,1951,0,20,SEP25,1968,i
936707,"Alibasic, Mirto",MNE,M,,,,1993,0,20,SEP25,1967,i
16501632,"Alivodic, Dario",MNE,M,CM,,,2167,0,20,SEP25,2002,i
16504917,"Aloric, Vladan",MNE,M,,,,1779,0,20,SEP25,2001,i
942332,"Anastasijevic, Marko",MNE,M,,,,1898,0,20,SEP25,1991,i
16502094,"Andjelic, Djordje",MNE,M,,,,1997,0,20,SEP25,2005,
16502086,"Andjelic, Nikolina",MNE,F,,,,1645,0,20,SEP25,2002,w
921424,"Andjic, Milonja",MNE,M,,,,1935,0,20,SEP25,1959,
16502493,"Andjic, Vladan",MNE,M,,,,2084,0,20,SEP25,1984,
16509730,"Andrijasevic, Dorotea",MNE,F,,,,1468,0,40,SEP25,2013,w
4135229,"Anisimov, Pavel",MNE,M,GM,,,2478,0,10,SEP25,1986,i
16508343,"Arucevic, Agim",MNE,M,,,,1837,0,40,SEP25,1958,
16509250,"Asanin, Bogdan",MNE,M,,,,1447,0,40,SEP25,2007,i
16509366,"Asanin, Matija",MNE,M,,,,1525,0,40,SEP25,2009,i
16501314,"Asanin, Radomir",MNE,M,,,,2011,0,20,SEP25,1979,i
16505255,"Asanin, Vidoje",MNE,M,,,,1846,0,20,SEP25,1963,i
903914,"Avedisovic, Sergej",MNE,M,,,,1929,0,20,SEP25,1976,i
16507266,"Babovic, Milorad",MNE,M,,,,1730,0,20,SEP25,1974,
16500245,"Bacic, Kristina",MNE,F,,,,1887,0,20,SEP25,1995,wi
16505859,"Bailovic, Savo",MNE,M,,,,1641,0,40,SEP25,2007,i
16508580,"Bajic, Marija",MNE,F,,,,1499,0,40,SEP25,2009,w
16508599,"Bajic, Nenad",MNE,M,,,,1717,0,40,SEP25,1964,
918636,"Bajkovic, Nikola",MNE,M,,,,2076,0,20,SEP25,1948,i
16504577,"Bakic, Radosav",MNE,M,,,,1744,0,20,SEP25,1980,
909580,"Bakoc, Budimir",MNE,M,,,,1984,0,20,SEP25,1953,i
16505077,"Bakovic, Nikola",MNE,M,,,,1780,0,20,SEP25,1987,
940925,"Balic, Adnan",MNE,M,,,,2054,0,20,SEP25,1985,
16503473,"Balic, Zahir",MNE,M,,,,1639,0,40,SEP25,1960,
16512910,"Balic, Zijad",MNE,M,,,,1863,0,40,SEP25,1984,
16510860,"Balkan, Resat",MNE,M,,,,1891,0,40,SEP25,1974,
16503481,"Balsic, Radoman",MNE,M,,,,1785,0,20,SEP25,1954,i
16511174,"Banicevic, Dragan",MNE,M,,,,1803,0,40,SEP25,1964,i
16508327,"Baranin, Gojko",MNE,M,,,,1859,0,40,SEP25,1963,i
16505867,"Barjaktarevic, Trifun",MNE,M,,,,1831,0,20,SEP25,1935,i
16506170,"Basic, Sokolov",MNE,M,,,,1744,0,20,SEP25,1974,
920800,"Batricevic, Jovo",MNE,M,FM,,,2134,0,20,SEP25,1966,i
913880,"Batricevic, Sasa",MNE,M,FM,,,2195,0,20,SEP25,1972,i
16505875,"Beciragic, Enver",MNE,M,,,,1783,0,20,SEP25,1956,i
16508947,"Beljkas, Milos",MNE,M,,,,1914,0,20,SEP25,1971,i
907928,"Benderac, Srdjan",MNE,M,FM,,,2211,0,20,SEP25,1973,
16506138,"Berisaj, Agron",MNE,M,,,,1732,0,40,SEP25,2005,i
16502620,"Bilafer, Bogdan",MNE,M,,,,1753,0,20,SEP25,1997,i
936715,"Bisa, Gani",MNE,M,,,,1828,0,20,SEP25,1956,
16510925,"Bjelica, Todor",MNE,M,,,,1498,0,40,SEP25,2013,
900885,"Blagojevic, Dragisa",MNE,M,GM,,,2467,0,10,SEP25,1966,
916773,"Blagojevic, Lidija",MNE,F,WFM,WFM,,1962,0,20,SEP25,1965,w
909602,"Blagojevic, Savo",MNE,M,,,,1890,0,20,SEP25,1949,
16509196,"Bojanovic, Milos",MNE,M,,,,1671,0,20,SEP25,1994,i
16505085,"Bojic, Milos",MNE,M,,,,1866,0,20,SEP25,1984,
16508807,"Bojovic, Djordjije",MNE,M,,,,1753,0,40,SEP25,2011,
16511042,"Bojovic, Miomir",MNE,M,,,,1716,0,40,SEP25,2002,i
16504526,"Bojovic, Neda",MNE,F,,,,1589,0,20,SEP25,2003,wi
16508840,"Bojovic, Rade",MNE,M,,,,1586,0,40,SEP25,1975,i
16506677,"Borozan, Marko",MNE,M,,,,1843,0,20,SEP25,1981,i
16512758,"Boskovic, Dragan",MNE,M,,,,1658,0,20,SEP25,1977,
16500326,"Boskovic, Momcilo",MNE,M,,,,2037,0,20,SEP25,1939,i
940976,"Boskovic, Momir",MNE,M,,,,1881,0,20,SEP25,1952,i
16511212,"Bozovic, Stefan",MNE,M,,,,1522,0,40,SEP25,2007,
16504739,"Brajovic, Aleksandar",MNE,M,,,,1833,0,20,SEP25,2002,i
16504046,"Brajovic, Radojica",MNE,M,,,,1888,0,20,SEP25,1979,i
936456,"Bubanja, Diko",MNE,M,,,,2077,0,20,SEP25,1957,i
903663,"Bubanja, Masan",MNE,M,,,,1936,0,20,SEP25,1957,
16500253,"Bubanja, Milica",MNE,F,,,,1819,0,20,SEP25,1992,wi
16501535,"Bubanja, Milos",MNE,M,,,,1924,0,20,SEP25,1995,
16508963,"Bujisic, Milos",MNE,M,,,,1933,0,20,SEP25,1992,
914843,"Bujisic, Vlastimir",MNE,M,FM,,,2246,0,20,SEP25,1962,i
918458,"Bukvic, Mihailo",MNE,M,FM,,,2112,0,20,SEP25,1953,i
16509269,"Bulajic, Andrija",MNE,M,,,,1780,0,40,SEP25,2007,
16505310,"Bulajic, Nina",MNE,F,,,,1519,0,20,SEP25,2003,wi
16501330,"Bulat, Rade",MNE,M,,,,1891,0,20,SEP25,1970,
16505891,"Bulatovic, Milorad",MNE,M,,,,1774,0,20,SEP25,1957,i
16511905,"Cacic, Djordjije",MNE,M,,,,1767,0,40,SEP25,1975,i
909645,"Cadjenovic, Dragan",MNE,M,,,,1839,0,20,SEP25,1966,
16506456,"Calasan, Milivoje",MNE,M,,,,1508,0,40,SEP25,1984,i
16505093,"Canovic, Damir",MNE,M,,,,1871,0,20,SEP25,1981,
16503651,"Carapic, Predrag",MNE,M,,,,1894,0,20,SEP25,2001,i
16502884,"Cekic, Ekrem",MNE,M,,,,1849,0,20,SEP25,1975,
16501829,"Cekic, Safet",MNE,M,,,,1725,0,20,SEP25,1966,
923290,"Ceranic, Miodrag",MNE,M,,,,2141,0,20,SEP25,1967,i
16500202,"Cerovic, Vukoman",MNE,M,,,,1970,0,20,SEP25,1949,i
918628,"Cerovic, Zoran",MNE,M,,,,2140,0,20,SEP25,1967,i
907588,"Cetkovic, Miodrag",MNE,M,IM,,,2093,0,20,SEP25,1946,i
16502965,"Cimbaljevic, Aleksandar",MNE,M,,,,1854,0,20,SEP25,1980,i
16501896,"Cindrak, Hilmo",MNE,M,,,,1923,0,20,SEP25,1944,i
16509277,"Cirovic, Ivan",MNE,M,,,,1613,0,40,SEP25,2007,i
16502868,"Cirovic, Miroljub",MNE,M,,,,2191,0,20,SEP25,2000,
16500717,"Coric, Gojko",MNE,M,,,,1763,0,40,SEP25,1957,
909661,"Coric, Vojislav",MNE,M,,,,1786,0,20,SEP25,1938,
16504747,"Curovic, Dragan",MNE,M,,,,1609,0,40,SEP25,2005,
16504755,"Curovic, Milan",MNE,M,,,,1645,0,40,SEP25,2007,i
912727,"Cvorovic, Marto",MNE,M,,,,2087,0,20,SEP25,1942,i
903558,"Dabetic, Radojica",MNE,M,FM,,,2226,0,20,SEP25,1954,i
16510585,"Damjanovic, Nikola",MNE,M,,,,1900,0,40,SEP25,1979,i
16509382,"Damjanovic, Pavle",MNE,M,,,,1479,0,40,SEP25,2009,i
926078,"Darmanovic, Srdjan",MNE,M,,,,2163,0,20,SEP25,1961,i
16510704,"Dasic, Aleksa",MNE,M,,,,1635,0,40,SEP25,2009,i
16510690,"Dasic, Andrija",MNE,M,,,,1539,0,40,SEP25,2007,i
16507444,"Dasic, Luka",MNE,M,,,,1605,0,40,SEP25,2005,
16511557,"Debelnogic, Nikola",MNE,M,,,,1530,0,40,SEP25,2012,
16506537,"Dedeic, Denis",MNE,M,,,,1875,0,20,SEP25,1985,i
16505425,"Dedeic, Huso",MNE,M,,,,2060,0,20,SEP25,1997,
909700,"Dedejic, Veljko",MNE,M,,,,1900,0,20,SEP25,1967,
936731,"Dedic, Slavko",MNE,M,,,,1794,0,20,SEP25,1979,
939650,"Delevic, Nina",MNE,F,,,,1875,0,20,SEP25,1987,wi
16504402,"Delibasic, Predrag",MNE,M,,,,1552,0,40,SEP25,1968,i
16508319,"Delic, Lazar",MNE,M,,,,1761,0,20,SEP25,1999,i
16502302,"Delic, Nikola",MNE,M,,,,1936,0,20,SEP25,1992,
16507592,"Delijic, Damir",MNE,M,,,,1876,0,20,SEP25,1999,i
16501349,"Deljanin, Ahmet",MNE,M,,,,1807,0,20,SEP25,1961,
16511182,"Deretic, Luka",MNE,M,,,,1601,0,40,SEP25,2007,i
16511719,"Divanovic, Luka",MNE,M,,,,1405,0,40,SEP25,2015,
16509390,"Djendjinovic, Danilo",MNE,M,,,,1729,0,40,SEP25,2008,
16509285,"Djendjinovic, Ines",MNE,F,,,,1786,0,40,SEP25,2007,w
16507606,"Djilas, Vojislav",MNE,M,,,,1802,0,20,SEP25,1999,i
903930,"Djokovic, Mirsad",MNE,M,,,,2072,0,20,SEP25,1970,
16503201,"Djondovic, Darko",MNE,M,,,,1796,0,20,SEP25,1976,i
16512510,"Djukanovic, Mirko",MNE,M,,,,1505,0,40,SEP25,2015,
16500334,"Djukanovic, Mitar",MNE,M,,,,2014,0,20,SEP25,1994,
920304,"Djukanovic, Sreten",MNE,M,FM,,,2126,0,20,SEP25,1968,
16508874,"Djukic, Katarina",MNE,F,,,,1866,0,40,SEP25,2008,w
922412,"Djukic, Nikola",MNE,M,GM,,,2547,0,10,SEP25,1983,
16509579,"Djurdjevac, Jovan",MNE,M,,,,1586,0,40,SEP25,2010,i
16509188,"Djurisic, Lazar",MNE,M,,,,1449,0,40,SEP25,2012,
16511123,"Djurovic, Djuro",MNE,M,,,,1820,0,40,SEP25,1969,
16503902,"Djurovic, Peko",MNE,M,FM,,,2307,0,20,SEP25,2006,
16508769,"Djurovic, Vuk",MNE,M,,,,1615,0,40,SEP25,2013,i
16504780,"Doderovic, Aleksa",MNE,M,,,,1764,0,20,SEP25,1996,i
16510780,"Dorfman, Yelyzaveta",MNE,F,,,,1526,0,40,SEP25,2014,w
16503562,"Draganic, Petar",MNE,M,,,,1730,0,20,SEP25,2001,i
931306,"Draganic, Veljko",MNE,M,,,,2247,0,10,SEP25,1983,
16512057,"Dragojevic, Drazen",MNE,M,,,,1523,0,40,SEP25,1980,
900397,"Drasko, Milan",MNE,M,GM,,,2316,0,10,SEP25,1962,
16502027,"Draskovic, Aleksandar",MNE,M,,,,1866,0,20,SEP25,2002,i
944327,"Draskovic, Davor",MNE,M,,IA,,2026,0,20,SEP25,1994,i
944335,"Draskovic, Luka",MNE,M,GM,,,2427,0,10,SEP25,1995,
16504909,"Drasler, Luka",MNE,M,,,,1642,0,40,SEP25,2008,i
16509200,"Drljevic, Petar",MNE,M,,,,1798,0,20,SEP25,2004,i
909734,"Durakovic, Ferid",MNE,M,,,,1888,0,20,SEP25,1962,i
16504224,"Durakovic, Sinisa",MNE,M,,,,1879,0,20,SEP25,1985,i
909750,"Durutovic, Dragutin",MNE,M,,,,2040,0,20,SEP25,1946,i
16508971,"Dzaric, Dragisa",MNE,M,,,,1771,0,20,SEP25,1960,i
16509650,"Dzeverdanovic, Damjan",MNE,M,,,,1713,0,20,SEP25,2006,
16509668,"Dzeverdanovic, Milos",MNE,M,,,,1575,0,20,SEP25,1972,i
16510127,"Dzeverdanovic, Nikolina",MNE,F,,,,1625,0,40,SEP25,2009,w
16506669,"Femic, Radonja",MNE,M,,,,1620,0,20,SEP25,1983,
16502124,"Feratovic, Fahrudin",MNE,M,,,,1955,0,20,SEP25,1994,i
16513827,"Fetahovic, Imran",MNE,M,,,,1689,0,40,SEP25,2005,
16510917,"Gardasevic, Balsa",MNE,M,,,,1669,0,40,SEP25,2009,i
16511190,"Gardasevic, Dragan",MNE,M,,,,1723,0,40,SEP25,1980,i
16506472,"Gavranic, Aleksandar",MNE,M,,,,1969,0,20,SEP25,1988,i
903698,"Geler, Aleksandar",MNE,M,FM,,,2209,0,20,SEP25,1959,i
16510879,"Gizatulin, Timur",MNE,M,,,,1982,0,20,SEP25,1986,i
16510410,"Glusica, Tadija",MNE,M,,,,1494,0,40,SEP25,2013,
16500288,"Gojacanin, Micun",MNE,M,,,,1935,0,20,SEP25,1956,i
16505433,"Golubovic, Danilo",MNE,M,,,,1653,0,20,SEP25,2003,i
16503074,"Golubovic, Radonja",MNE,M,,,,1991,0,20,SEP25,1950,i
16506430,"Goranovic, Veselin",MNE,M,,,,1768,0,40,SEP25,1966,i
16509226,"Grbovic, Dino",MNE,M,,,,2111,0,20,SEP25,2005,
906220,"Grbovic, Veselin",MNE,M,FM,,,2048,0,20,SEP25,1953,i
900370,"Grgurovic, Aleksandar",MNE,M,,,,1828,0,40,SEP25,1989,
16505905,"Grujic, Marko",MNE,M,,,,1740,0,20,SEP25,1991,i
16501667,"Guberinic, Borislav",MNE,M,,,,1869,0,20,SEP25,1950,i
16507371,"Gutic, Danilo",MNE,M,,,,1732,0,20,SEP25,1984,
16505344,"Guzina, Aleksandar",MNE,M,,,,1674,0,20,SEP25,2005,i
16508610,"Gvozdenovic, Marija",MNE,F,,,,1680,0,20,SEP25,1984,wi
16503805,"Halilovic, Dzeval",MNE,M,,,,1911,0,20,SEP25,1978,i
16507533,"Hodzic, Seid",MNE,M,,,,1825,0,20,SEP25,1973,i
16504623,"Husovic, Ervin",MNE,M,,,,1864,0,20,SEP25,1992,
16512839,"Husovic, Mustafa",MNE,M,,,,1830,0,40,SEP25,1967,
909777,"Husovic, Nusret",MNE,M,,,,1858,0,20,SEP25,1952,
16502132,"Husovic, Smajo",MNE,M,,,,1825,0,40,SEP25,1972,
16511972,"Ignatev, Ivan",MNE,M,,,,1468,0,40,SEP25,2016,
16500490,"Ilic, Dragan",MNE,M,,,,1910,0,20,SEP25,1949,i
4156021,"Iljin, Artem",MNE,M,GM,,,2496,0,10,SEP25,1987,i
900095,"Ivanovic, Bozidar",MNE,M,GM,,,2397,0,10,SEP25,1946,i
16500857,"Ivanovic, Ilija",MNE,M,,,,1984,0,20,SEP25,1966,
16507410,"Ivanovic, Mijo",MNE,M,,,,1719,0,20,SEP25,1988,i
16504976,"Ivanovic, Tara",MNE,F,,,,1651,0,20,SEP25,2005,wi
903728,"Ivanovic, Vojislav",MNE,M,,,,1959,0,20,SEP25,1954,i
16509307,"Ivezic, Luka",MNE,M,,,,1477,0,40,SEP25,2007,i
16510933,"Ivovic, Jana",MNE,F,,,,1440,0,40,SEP25,2011,wi
16502574,"Jabucanin, Petar",MNE,M,,,,1780,0,20,SEP25,1999,i
930920,"Jakic, Vidan",MNE,M,,,,2024,0,20,SEP25,1956,
16507231,"Janjusevic, Bozidar",MNE,M,,,,1780,0,20,SEP25,2004,i
16510895,"Janketic, Milos",MNE,M,,,,1490,0,40,SEP25,1999,
16512979,"Jankovic, Jovan",MNE,M,,,,1734,0,40,SEP25,1975,
16500474,"Jankovic, Slobodan",MNE,M,,,,1908,0,20,SEP25,1952,i
16513835,"Jasavic, Osman",MNE,M,,,,1865,0,40,SEP25,1952,
16511913,"Jasovic, Milenko",MNE,M,,,,1691,0,40,SEP25,1961,i
16510712,"Jatoni, Mario",MNE,M,,,,1527,0,40,SEP25,2010,
909831,"Jeknic, Velimir",MNE,M,,,,1962,0,20,SEP25,1966,
16506685,"Jelovac, Dragisa",MNE,M,,,,1726,0,20,SEP25,1986,i
16504410,"Jocovic, Vladimir",MNE,M,,,,1695,0,40,SEP25,2005,i
16510984,"Jokic, Milija",MNE,M,,,,1917,0,40,SEP25,1972,i
16500571,"Joksimovic, Milos",MNE,M,,,,1802,0,40,SEP25,1990,
900702,"Jovancevic, Jovan",MNE,M,,,,2208,0,20,SEP25,1995,i
16502140,"Jovancevic, Savic",MNE,M,,,,1731,0,40,SEP25,1996,i
16507991,"Jovanovic, Luka",MNE,M,,,,1797,0,40,SEP25,2010,
909866,"Jovicic, Zoran",MNE,M,,,,1906,0,20,SEP25,1960,i
909874,"Jovovic, Dusan",MNE,M,,,,1915,0,20,SEP25,1943,i
16510666,"Jovovic, Lazar",MNE,M,,,,1447,0,40,SEP25,2006,i
903760,"Jukic, Jovica",MNE,M,,,,1880,0,20,SEP25,1956,
16512847,"Juskovic, Matija",MNE,M,,,,1605,0,40,SEP25,2008,
932060,"Kadic, Branislav",MNE,M,,,,1992,0,20,SEP25,1966,
16512065,"Kadovic, Tamara",MNE,F,,,,1541,5,40,SEP25,1985,w
14403803,"Kadric, Denis",MNE,M,GM,,,2534,0,10,SEP25,1995,
16513363,"Kadric, Srpko",MNE,M,,,,1485,0,40,SEP25,2010,
16511077,"Kalac, Faruk",MNE,M,,,,1847,0,40,SEP25,1962,
16501608,"Kalac, Hajran",MNE,M,,,,1798,0,20,SEP25,1957,
921815,"Kalezic, Blazo",MNE,M,IM,,,2473,0,10,SEP25,1978,
16502698,"Kalezic, Bojan",MNE,M,,,,1879,0,20,SEP25,2002,i
16508165,"Kaludjerovic, Dunja",MNE,F,,,,1521,0,40,SEP25,2012,w
932825,"Kandic, Milojko",MNE,M,,NA,,2037,0,20,SEP25,1978,
16505360,"Kankaras, Milutin",MNE,M,,,,1497,0,40,SEP25,2001,i
16506073,"Kankaras, Radovan",MNE,M,,,,1768,0,20,SEP25,1966,
16513606,"Kaplanovic, Mefit",MNE,M,,,,1608,0,40,SEP25,1953,
16506324,"Karadaglic, Balsa",MNE,M,,,,1596,0,40,SEP25,2009,i
943819,"Karisik, Nenad",MNE,M,,,,2188,0,20,SEP25,1989,
16511352,"Karovic, Andrej",MNE,M,,,,1469,0,40,SEP25,2016,
16510216,"Kastrat, Senad",MNE,M,,,,1536,0,20,SEP25,2000,i
16510534,"Katharos, Stylianos",MNE,M,,,,1491,0,40,SEP25,2010,i
16502841,"Katnic, Jana",MNE,F,,,,1660,0,20,SEP25,2006,w
16510992,"Kavaja, Dusan",MNE,M,,,,1789,0,40,SEP25,1999,i
16501730,"Kekovic, Zarija",MNE,M,,,,1927,0,20,SEP25,1941,i
16510542,"Khramko, Lev",MNE,M,,,,1738,0,40,SEP25,2010,i
16503856,"Kijamet, Safet",MNE,M,,,,1865,0,40,SEP25,1967,
16500342,"Kilibarda, Mitar",MNE,M,,,,1882,0,20,SEP25,1960,
16500350,"Kisic, Bozidar",MNE,M,FM,,,2242,0,20,SEP25,1996,
16510909,"Kljajic, Lav",MNE,M,,,,1619,0,40,SEP25,2011,
16508394,"Knezevic, Aleksa",MNE,M,,,,1772,0,20,SEP25,1992,i
16504429,"Knezevic, Dimitrije",MNE,M,,,,1731,0,40,SEP25,2005,i
16500296,"Knezevic, Ljubomir",MNE,M,,,,1694,0,20,SEP25,1953,i
16500865,"Knezevic, Miodrag",MNE,M,,,,2145,0,20,SEP25,1975,i
16500822,"Knezevic, Radomir",MNE,M,,,,1857,0,20,SEP25,1953,
909882,"Knezevic, Rajko",MNE,M,,,,1933,0,20,SEP25,1950,i
16509501,"Knezevic, Stefan",MNE,M,,,,1574,0,40,SEP25,2008,i
16501551,"Knezevic, Vasilije",MNE,M,,,,1595,0,20,SEP25,2001,i
16504852,"Kocan, Ferid",MNE,M,,,,1747,0,20,SEP25,1968,i
16505018,"Kocan, Mirsad",MNE,M,,,,1718,0,20,SEP25,1966,i
16508688,"Kojic, Adil",MNE,M,,,,1608,0,40,SEP25,2008,i
16508408,"Kojic, Ekan",MNE,M,,,,1761,0,20,SEP25,2000,i
16501675,"Kojic, Safet",MNE,M,,,,1876,0,20,SEP25,1980,
16503945,"Koljevic, Nikolina",MNE,F,WFM,WFM,,1980,0,20,SEP25,2001,wi
16512014,"Kolmakov, Sergey",MNE,M,,,,1456,0,40,SEP25,2015,i
16500130,"Konatar, Batric",MNE,M,,,,1807,0,20,SEP25,1959,i
902284,"Kontic, Djordjije",MNE,M,IM,,,2208,0,20,SEP25,1969,i
16503384,"Kontic, Ilija",MNE,M,,,,1424,0,40,SEP25,1954,
16500580,"Kontic, Veselin",MNE,M,,,,1840,0,20,SEP25,1996,i
16504372,"Kontic, Vladimir",MNE,M,,,,1692,0,20,SEP25,1997,i
16512073,"Kopilov, Andrei",MNE,M,,,,1452,0,40,SEP25,2012,i
16507797,"Koprivica, Andrija",MNE,M,,,,1805,0,40,SEP25,2008,
900290,"Kosic, Dragan",MNE,M,GM,FT,,2465,0,10,SEP25,1970,i
933899,"Kosoric, Luka",MNE,M,,,,2127,0,20,SEP25,1959,i
903779,"Kostic, Ranko",MNE,M,,,,1806,0,20,SEP25,1987,i
16509048,"Kostiuchenkov, Maksim",MNE,M,,,,1411,0,40,SEP25,2011,i
16506898,"Kotlaja, Janko",MNE,M,,,,1582,0,40,SEP25,2011,i
16509684,"Kovac, Nikola",MNE,M,,,,1624,0,40,SEP25,2006,i
16502701,"Kovacevic, Dragoljub",MNE,M,,,,2013,0,20,SEP25,2004,
16502809,"Kovacevic, Jovan",MNE,M,,,,1795,0,20,SEP25,2004,i
16503252,"Kovacevic, Ljubo",MNE,M,,,,1895,0,20,SEP25,1960,i
16510224,"Kovacevic, Marko",MNE,M,,,,1877,0,20,SEP25,1985,i
16503660,"Kovacevic, Sasa",MNE,M,,,,1869,0,20,SEP25,1960,
16512588,"Kovacevic, Veselin",MNE,M,,,,1603,0,40,SEP25,2009,
16508289,"Kovacevic, Vuk",MNE,M,,,,1882,0,20,SEP25,1986,i
16511360,"Kovacevic, Zeljko",MNE,M,,,,1522,0,40,SEP25,2007,
936499,"Kraljevic, Ivan",MNE,M,,,,2155,0,20,SEP25,1978,i
16509757,"Krgovic, Radoje",MNE,M,,,,1736,0,40,SEP25,1978,
931314,"Krivokapic, Marko",MNE,M,IM,,,2321,0,10,SEP25,1985,i
16509420,"Krivokapic, Ognjen",MNE,M,,,,1771,0,40,SEP25,2008,
16510232,"Krsikapa, Milos",MNE,M,,,,AFM,1714,0,SEP25,2006,
944653,"Krstonijevic, Bozidar",MNE,M,,,,1873,0,20,SEP25,1996,i
943959,"Krstonijevic, Stjepan",MNE,M,CM,,,2215,0,20,SEP25,1992,i
909920,"Krstonijevic, Vasilije",MNE,M,,,,1981,0,20,SEP25,1993,i
16511018,"Krulanovic, Uros",MNE,M,,,,1428,0,40,SEP25,2012,
16508629,"Krunic, Mladen",MNE,M,,,,1549,0,40,SEP25,2008,i
16513843,"Kuc, Rasit",MNE,M,,,,1766,0,40,SEP25,1961,
16509692,"Kujacic, Marko",MNE,M,,,,1533,0,20,SEP25,1975,i
16506197,"Kukaj, Menton",MNE,M,,,,1736,0,20,SEP25,1981,i
16505913,"Laban, Petar",MNE,M,,,,1668,0,20,SEP25,1992,i
925390,"Laban, Zoran",MNE,M,,,,2070,0,20,SEP25,1965,
909955,"Lakovic, Dragisa",MNE,M,,,,1899,0,20,SEP25,1966,i
16502060,"Lakusic, Zoran",MNE,M,,,,1710,0,20,SEP25,1958,
16503953,"Latkovic, Matija",MNE,M,,,,1470,0,20,SEP25,2004,i
16505530,"Latkovic, Vasilije",MNE,M,,,,1491,0,40,SEP25,2007,i
16505646,"Lausevic, Gorazd",MNE,M,,,,1729,0,40,SEP25,2008,i
16501616,"Lazarevic, Dragan",MNE,M,,,,1770,0,20,SEP25,1956,
16502191,"Lazarevic, Zoran",MNE,M,,,,2058,0,20,SEP25,1986,
16509889,"Ledinic, Zeno",MNE,M,,,,1693,0,20,SEP25,1957,
905330,"Lekic, Dusan",MNE,M,IM,,,2321,0,10,SEP25,1969,
900052,"Lekic, Lazar",MNE,M,,,,1989,0,20,SEP25,1997,i
16507495,"Lekic, Pavle",MNE,M,,,,1799,0,20,SEP25,1986,i
903965,"Licina, Faiz",MNE,M,,,,1994,0,20,SEP25,1947,i
16504070,"Lipovac, Rajko",MNE,M,,,,1826,0,20,SEP25,1958,
16513851,"Ljaljicic, Sefkija",MNE,M,,,,1664,0,40,SEP25,1958,
16501918,"Ljesevic, Tomislav",MNE,M,,,,1840,0,40,SEP25,1963,i
16504160,"Ljeskovic, Luka",MNE,M,,IA,,AFM,1940,0,SEP25,2001,
16506200,"Ljesljanin, Faruk",MNE,M,,,,1536,0,40,SEP25,1982,
16513860,"Ljesnjanin, Amil",MNE,M,,,,1629,0,40,SEP25,2010,
909963,"Ljujic, Budimir",MNE,M,,,,1930,0,20,SEP25,1957,i
16513614,"Ljuz, Nikola",MNE,M,,,,1866,0,40,SEP25,1969,
909971,"Loncar, Milenko",MNE,M,,,,1975,0,20,SEP25,1968,
16511930,"Loncar, Milos",MNE,M,,,,1731,0,40,SEP25,1965,i
16500598,"Luburic, Stefan",MNE,M,,,,1693,0,20,SEP25,1993,
16501101,"Lukic, Lazar",MNE,M,,,,1954,0,20,SEP25,1999,i
927511,"Luksic, Vladimir",MNE,M,,,,2021,0,20,SEP25,1939,i
908924,"Lutovac, Maksim",MNE,M,,,,2129,0,20,SEP25,1936,i
16502990,"Malisic, Miodrag",MNE,M,,,,1922,0,20,SEP25,1978,
16503007,"Malisic, Miroslav",MNE,M,,,,2002,0,20,SEP25,1975,
16504801,"Maljevic, Miloje",MNE,M,,,,1950,0,20,SEP25,1967,i
16504496,"Mandic, Anastasija",MNE,F,,,,1658,0,40,SEP25,2007,w
16501756,"Mandic, Branko",MNE,M,,,,1776,0,20,SEP25,1959,i
16501578,"Mandic, Stefan",MNE,M,,,,1982,0,20,SEP25,2000,
16501640,"Mandic, Teodora",MNE,F,,NA,,1702,0,20,SEP25,2002,wi
16511875,"Mandjarelo, Andrej",MNE,M,,,,1414,0,40,SEP25,2013,
16508548,"Manojlovic, Bogdan",MNE,M,,,,1641,0,20,SEP25,1984,i
16502205,"Maras, Aleksandar",MNE,M,,,,1785,0,20,SEP25,1951,i
16509439,"Maras, Marija Mia",MNE,F,,,,1605,0,40,SEP25,2009,w
16503392,"Marinovic, Mirko",MNE,M,,,,1667,0,20,SEP25,1949,
16500881,"Marinovic, Slobodan",MNE,M,,,,1837,0,20,SEP25,1961,i
16507452,"Markisic, Faris",MNE,M,,,,1584,0,40,SEP25,2006,
16513878,"Markovic, Dragomir",MNE,M,,,,1648,0,40,SEP25,1962,
16512081,"Markovic, Ivan",MNE,M,,,,1521,0,40,SEP25,1981,i
16510011,"Markovic, Janko",MNE,M,,,,1440,0,40,SEP25,2015,
16504585,"Markovic, Miodrag",MNE,M,,,,1660,0,20,SEP25,1960,i
16500032,"Markovic, Momir",MNE,M,,,,1941,0,20,SEP25,1970,
910007,"Markovic, Slobodan",MNE,M,,,,1798,0,20,SEP25,1946,i
921653,"Marovic, Mato",MNE,M,,,,1947,0,20,SEP25,1936,i
16502558,"Marsenic, Lazar",MNE,M,,,,1995,0,20,SEP25,1998,i
16512456,"Martinovic, Luka",MNE,M,,,,1557,0,40,SEP25,1955,
16507460,"Maskovic, Janko",MNE,M,,,,1660,0,20,SEP25,1996,i
903825,"Maslovaric, Vukosav",MNE,M,,,,1755,0,20,SEP25,1949,i
16511050,"Matovic, Milan",MNE,M,,,,1757,0,40,SEP25,2003,i
918792,"Matovic, Radomir",MNE,M,,,,2027,0,20,SEP25,1956,i
16507541,"Medenica, Predrag",MNE,M,,,,1632,0,20,SEP25,1980,i
16500040,"Medjedovic, Marko",MNE,M,,,,1974,0,20,SEP25,1979,
16512855,"Medojevic, Marinko",MNE,M,,,,1701,0,40,SEP25,1963,
16500059,"Medovic, Vladimir",MNE,M,,,,1896,0,20,SEP25,1956,i
16504674,"Mehovic, Ferid",MNE,M,,,,1861,0,20,SEP25,1951,i
900320,"Mehovic, Jasmin",MNE,M,,,,1935,0,20,SEP25,1990,i
16502221,"Micunovic, Marko",MNE,M,,,,1912,0,20,SEP25,1960,i
16508750,"Mihajlovic, Stefan",MNE,M,,,,1628,0,40,SEP25,2012,
16505441,"Mijailovic, Aleksandar",MNE,M,,,,1878,0,20,SEP25,2000,i
16504143,"Mijajlovic, Aleksandar",MNE,M,,,,1802,0,20,SEP25,2000,i
935069,"Mijovic, Stefan",MNE,M,IM,,,2323,0,20,SEP25,1988,i
921033,"Milanovic, Slavisa",MNE,M,IM,,,2384,0,10,SEP25,1977,
16503406,"Miletic, Vuk",MNE,M,,,,2225,0,20,SEP25,2003,
16511069,"Milic, Petar",MNE,M,,,,1567,0,40,SEP25,2003,i
16510852,"Milicevic, Nikola",MNE,M,,,,1685,0,40,SEP25,2008,
16503716,"Milicevic, Radoje",MNE,M,,,,1818,0,40,SEP25,1946,
16511948,"Milinkovic, Milko",MNE,M,,,,1723,0,40,SEP25,1951,i
16508041,"Milinkovic, Vlade",MNE,M,,,,1811,0,20,SEP25,1956,i
901385,"Miljanic, Boro",MNE,M,IM,FT,,2364,0,10,SEP25,1965,i
16503155,"Miljanic, Zeljko",MNE,M,,IA,,1776,0,40,SEP25,1961,i
942022,"Milosevic, Dejan",MNE,M,,,,1944,0,20,SEP25,1976,i
16501055,"Milosevic, Dragomir",MNE,M,,,,1860,0,20,SEP25,1952,i
16501586,"Milosevic, Radmila",MNE,F,,,,1793,0,20,SEP25,1965,wi
16506332,"Milosevic, Vuk",MNE,M,,,,1694,0,20,SEP25,2003,
933988,"Milovic, Aleksandra",MNE,F,WIM,WIM,,2007,0,20,SEP25,1986,wi
16504330,"Milovic, Ilija",MNE,M,,,,2106,0,40,SEP25,2009,
930903,"Milovic, Jovan",MNE,M,FM,,,2297,0,20,SEP25,1985,
16509455,"Milovic, Radovan",MNE,M,,,,1808,0,40,SEP25,2008,
16506510,"Milovic, Sofija",MNE,F,,,,1603,0,40,SEP25,2012,wi
16506944,"Milovic, Uros",MNE,M,,,,1778,0,20,SEP25,2002,i
16505379,"Milovic, Zeljko",MNE,M,,,,1858,0,20,SEP25,1978,i
16505450,"Milunovic, Balsa",MNE,M,,,,1823,0,40,SEP25,2007,i
16509323,"Milutinovic, Srdjan",MNE,M,,,,1522,0,40,SEP25,2006,
933538,"Minic, Milan",MNE,M,FM,,,2057,0,20,SEP25,1953,
16512936,"Minic, Milan",MNE,M,,,,1637,0,40,SEP25,1954,
16501691,"Minic, Slaven",MNE,M,,,,1899,0,20,SEP25,1998,i
920037,"Miovcic, Rade",MNE,M,,,,2254,0,20,SEP25,1953,i
16509030,"Mirkovic, Jovan",MNE,M,,,,1531,0,40,SEP25,2011,i
16510240,"Mirkovic, Vasilije",MNE,M,,,,1577,0,40,SEP25,2007,
900575,"Misovic, Sanja",MNE,F,,,,1894,0,20,SEP25,1991,wi
16500555,"Mitric, Blagota",MNE,M,,,,1851,0,20,SEP25,1945,i
936766,"Mitric, Nebojsa",MNE,M,,,,1984,0,20,SEP25,1972,i
16508424,"Mitrovic, Danilo",MNE,M,,,,1740,0,20,SEP25,1996,
918784,"Mitrovic, Miroslav",MNE,M,,,,1991,0,20,SEP25,1958,i
16500369,"Mitrovic, Stevan",MNE,M,,,,2057,0,20,SEP25,1958,i
16509714,"Mitrovic, Vasilije",MNE,M,,,,1537,0,40,SEP25,2014,
16503970,"Mostrokol, Matija",MNE,M,,,,1654,0,40,SEP25,2005,i
16505514,"Mosurovic, Milena",MNE,F,,,,1786,0,40,SEP25,2007,w
16507711,"Mrdak, Jana",MNE,F,,,,1451,0,40,SEP25,2013,w
16504097,"Mrdak, Uros",MNE,M,,,,1914,0,20,SEP25,1977,i
919365,"Mrvaljevic, Veselin",MNE,M,,,,1967,0,20,SEP25,1955,i
16512120,"Mucevic, Taik",MNE,M,,,,1647,0,40,SEP25,2007,
16502272,"Mugosa, Branislav",MNE,M,,,,1736,0,20,SEP25,1954,
16501446,"Mugosa, Srdjan",MNE,M,,,,2011,0,20,SEP25,1964,i
16502922,"Mujevic, Dzemail",MNE,M,,,,1875,0,20,SEP25,1961,i
16512464,"Mujevic, Izet",MNE,M,,,,1874,0,40,SEP25,1956,
16505786,"Muratovic, Esad",MNE,M,,,,1881,0,20,SEP25,1978,i
16501624,"Muric, Ljutvija",MNE,M,,,,1752,0,40,SEP25,1958,
16501845,"Muric, Tafil",MNE,M,,,,1921,0,20,SEP25,1967,
16513886,"Music, Elko",MNE,M,,,,1462,0,40,SEP25,1977,
16505395,"Musikic, Andrija",MNE,M,,,,1613,0,20,SEP25,1998,i
2071851,"Musikic, Stefan",MNE,M,,,,1826,0,20,SEP25,2004,i
939935,"Musovic, Armin",MNE,M,FM,,,2283,0,10,SEP25,1989,
16503023,"Musovic, Senad",MNE,M,,,,1950,0,20,SEP25,1941,i
928330,"Mustafic, Ismet",MNE,M,,,,2017,0,20,SEP25,1960,
16506464,"Nedic, Milan",MNE,M,,,,1779,0,40,SEP25,1965,
16505301,"Nenezic, Danilo",MNE,M,,,,2222,0,20,SEP25,1972,
900591,"Neric, Jelena",MNE,F,,,,1875,0,20,SEP25,1989,wi
908975,"Nikac, Predrag",MNE,M,IM,,,2262,9,20,SEP25,1968,
16508432,"Nikcevic, Milan",MNE,M,,,,1780,0,20,SEP25,1998,i
901776,"Nikcevic, Nebojsa",MNE,M,GM,,,2292,0,10,SEP25,1965,
16512022,"Nikolic, Darko",MNE,M,,,,1833,0,40,SEP25,1973,
16500903,"Nikolic, Dragomir",MNE,M,,,,1895,0,20,SEP25,1952,i
925853,"Nikolic, Nebojsa",MNE,M,FM,,,2253,0,20,SEP25,1968,
16511883,"Novakovic, Ilija",MNE,M,,,,1557,0,40,SEP25,2012,
16509331,"Novakovic, Luka",MNE,M,,,,1625,0,40,SEP25,2007,i
16505794,"Novalic, Ramzija",MNE,M,,,,1687,0,20,SEP25,1960,i
4146794,"Novikova, Anna",MNE,F,WIM,WIM,NA,2129,0,20,SEP25,1985,wi
16508203,"Nurkovic, Huzeir",MNE,M,,,,1830,0,40,SEP25,1958,
16507550,"Nurkovic, Omer",MNE,M,,,,1874,0,20,SEP25,1973,
16511085,"Nurkovic, Rustem",MNE,M,,,,1734,0,20,SEP25,1962,
16500920,"Obadovic, Zeljko",MNE,M,,,,1897,0,20,SEP25,1968,
16509560,"Obradovic, Jovan",MNE,M,,,,1504,0,40,SEP25,2015,
16507401,"Obradovic, Lazar",MNE,M,,,,1907,0,20,SEP25,1987,i
16513894,"Omeragic, Salem",MNE,M,,,,1557,0,40,SEP25,1966,
16506219,"Omeraigic, Salem",MNE,M,,,,1684,0,20,SEP25,1966,i
900699,"Pajkovic, Vladimir",MNE,M,FM,,,2367,0,10,SEP25,1961,
16504860,"Palamar, Ferid",MNE,M,,,,1957,0,20,SEP25,1961,i
16508351,"Pali, Florim",MNE,M,,,,1855,0,40,SEP25,1985,
16512863,"Pantovic, Radomir",MNE,M,,,,1714,0,40,SEP25,1977,
16504810,"Pantovic, Vasilije",MNE,M,,,,1774,0,20,SEP25,1999,i
16509544,"Pavlovic, David",MNE,M,,,,1664,0,40,SEP25,2014,
16510259,"Pavlovic, Vesko",MNE,M,,,,1709,0,20,SEP25,2000,
944963,"Pecurica, Milos",MNE,M,FM,FA,,2209,0,20,SEP25,1994,i
16502230,"Pejcic, Dejan",MNE,M,,,,1909,0,20,SEP25,1976,i
921017,"Pejovic, Branko",MNE,M,FM,,,2183,0,20,SEP25,1954,i
920991,"Pejovic, Jovan",MNE,M,,,,2020,0,20,SEP25,1956,i
943207,"Pejovic, Milivoje",MNE,M,,,,2032,0,20,SEP25,1950,i
16508742,"Pejovic, Stefan",MNE,M,,,,1525,0,40,SEP25,2012,i
16508238,"Pejovic, Vasilije",MNE,M,,,,1443,0,40,SEP25,2009,i
16504178,"Pekic, Momcilo",MNE,M,,FA,,1918,0,20,SEP25,1996,
16503414,"Pekovic, Boro",MNE,M,,,,1916,0,20,SEP25,1957,i
16507614,"Pekovic, Katarina",MNE,F,,,,1693,0,20,SEP25,2004,wi
16509617,"Pepdjonovic, Andrej",MNE,M,,,,1663,0,40,SEP25,2010,
16509463,"Pepdjonovic, Stefan",MNE,M,,,,1705,0,40,SEP25,2009,i
16506480,"Perazic, Dragutin",MNE,M,,,,1941,0,20,SEP25,1973,i
16507010,"Peric, Toman",MNE,M,,,,1649,0,40,SEP25,2012,
16502248,"Perisic, Milutin",MNE,M,,,,1987,0,20,SEP25,1957,i
16506049,"Perisic, Nikola",MNE,M,,,,1909,0,20,SEP25,2005,
16505468,"Perkovic, Petar",MNE,M,,,,1682,0,20,SEP25,2003,i
16501713,"Perkovic, Radovan",MNE,M,,,,1995,0,20,SEP25,1988,
16507037,"Perkovic, Zaharije",MNE,M,,,,1705,0,40,SEP25,2007,i
919640,"Perosevic, Aleksandar",MNE,M,,,,2083,0,20,SEP25,1965,
16500768,"Perovic, Dragan V",MNE,M,,,,1802,0,20,SEP25,1950,i
939978,"Perovic, Rade",MNE,M,,,,1935,0,20,SEP25,1960,i
924962,"Perovic, Vladimir",MNE,M,,,,2004,0,20,SEP25,1976,
16513452,"Perunicic, Filip",MNE,M,,,,1623,0,40,SEP25,1994,
16510577,"Pesic, Bosko",MNE,M,,,,1583,0,40,SEP25,1983,i
16510089,"Pesic, Damjan",MNE,M,,,,1743,0,40,SEP25,2011,
916625,"Petijevic, Vaso",MNE,M,FM,,,2266,0,20,SEP25,1971,i
16500148,"Petovic, Luka",MNE,M,,,,1977,0,20,SEP25,1956,i
16511794,"Petric, Relja",MNE,M,,,,1571,0,40,SEP25,2010,
4101286,"Petrov, Nikita",MNE,M,GM,,,2548,0,10,SEP25,1996,
16509773,"Petrovic, Igor",MNE,M,,,,1542,0,40,SEP25,2013,
920355,"Petrovic, Slavko",MNE,M,,,,1860,0,20,SEP25,1955,
16509781,"Petrusic, Dusica",MNE,F,,,,1444,0,40,SEP25,2013,w
936332,"Petrusic, Goran",MNE,M,,NA,,1826,0,20,SEP25,1973,i
936782,"Pikula, Rodoljub",MNE,M,,,,1960,0,20,SEP25,1966,
16500075,"Plamenac, Aleksandar",MNE,M,,,,1875,0,20,SEP25,1993,i
16502850,"Pobor, Danilo",MNE,M,,NA,,2078,0,20,SEP25,2001,
16503589,"Pobor, Milo",MNE,M,FM,,,2190,0,20,SEP25,2004,i
942049,"Pobor, Nebojsa",MNE,M,,,,2083,0,20,SEP25,1970,i
14600129,"Podlesnik, Bogdan",MNE,M,IM,,,2212,0,20,SEP25,1961,
913650,"Popadic, Dragan",MNE,M,FM,,,2210,0,20,SEP25,1961,
927457,"Popadic, Rade",MNE,M,,,,2026,0,20,SEP25,1950,i
910040,"Popadic, Rajko",MNE,M,,,,1884,0,20,SEP25,1947,i
16505921,"Popovic, Darko",MNE,M,,,,1679,0,20,SEP25,1980,
16512944,"Popovic, Igor",MNE,M,,,,1788,0,40,SEP25,2003,
16504518,"Popovic, Mateja",MNE,F,,,,1891,0,20,SEP25,2005,w
16509625,"Popovic, Matija",MNE,M,,,,1672,0,40,SEP25,2010,i
16510615,"Popovic, Milo",MNE,M,,,,1478,0,40,SEP25,2009,
906069,"Popovic, Mladen",MNE,M,FM,,,2083,0,20,SEP25,1956,i
16507851,"Popovic, Nikola",MNE,M,,,,1877,0,20,SEP25,2002,i
16510828,"Popovic, Petar Z",MNE,M,,,,1482,0,40,SEP25,2011,
16500083,"Popovic, Zoran",MNE,M,,,,1825,0,20,SEP25,1960,
16507690,"Potpara, Andrija",MNE,M,,,,1550,0,40,SEP25,2012,
910058,"Potpara, Nikola",MNE,M,,,,2328,0,20,SEP25,1993,i
939765,"Prijovic, Bojan",MNE,M,,,,2049,0,20,SEP25,1987,
924504,"Prijovic, Miodrag",MNE,M,,,,1965,0,20,SEP25,1960,i
16504941,"Prorokovic, Milos",MNE,M,,,,1687,0,20,SEP25,1957,i
16507290,"Pupovic, Pavle",MNE,M,,,,1563,0,40,SEP25,2005,
16501373,"Pupovic, Rahman",MNE,M,,,,1798,0,40,SEP25,1960,
16500512,"Purisic, Esad",MNE,M,,,,1817,0,20,SEP25,1957,i
16500520,"Purisic, Kemal",MNE,M,,,,1878,0,20,SEP25,1959,
16504720,"Pusara, Mihailo",MNE,M,,,,2017,0,40,SEP25,2008,
16501926,"Putnik, Perica",MNE,M,,,,1970,0,20,SEP25,1968,
16501772,"Rabrenovic, Matija",MNE,M,,,,1802,0,20,SEP25,2001,
925268,"Rabrenovic, Milinko",MNE,M,FM,,,2198,0,20,SEP25,1966,
16508831,"Racic, Andrej",MNE,M,,,,1806,0,40,SEP25,2007,
16504291,"Radetic, Zoran",MNE,M,,,,1695,0,20,SEP25,1965,i
16503520,"Radic, Ivan",MNE,M,,,,1844,0,20,SEP25,1981,
16501381,"Radojevic, Milos",MNE,M,,,,1770,0,20,SEP25,1947,
939056,"Radoman, Milan",MNE,M,,,,2089,0,20,SEP25,1969,i
16501020,"Radonjic, Milan",MNE,M,,NA,,1957,0,20,SEP25,1994,i
16512227,"Radonjic, Zoran",MNE,M,,,,1509,0,40,SEP25,1971,
900435,"Radosevic, Nevena",MNE,F,,NA,,1779,0,20,SEP25,1996,wi
16503309,"Radovanovic, Dragan",MNE,M,,,,1867,0,20,SEP25,1958,i
16509528,"Radovic, Antonija",MNE,F,,,,1472,0,40,SEP25,2012,wi
16507061,"Radovic, Jakov",MNE,M,,,,1465,0,40,SEP25,2013,i
16509846,"Radovic, Koca",MNE,M,,,,1415,0,40,SEP25,2015,
16500938,"Radovic, Milan",MNE,M,,,,1947,0,20,SEP25,1973,i
16503538,"Radovic, Milorad",MNE,M,,,,1755,0,20,SEP25,1947,i
16507240,"Radovic, Nemanja",MNE,M,,,,1681,0,20,SEP25,2004,i
910120,"Radovic, Petar",MNE,M,,,,1839,0,20,SEP25,1950,i
16510100,"Radovic, Relja",MNE,M,,,,1432,0,40,SEP25,2016,
16507789,"Radulovic, Aleksa",MNE,M,,,,1611,0,40,SEP25,2008,i
16502264,"Radulovic, Andrija",MNE,M,,,,1971,0,20,SEP25,1970,i
16505409,"Radulovic, Dragoljub",MNE,M,,,,1666,0,20,SEP25,1973,i
16509471,"Radulovic, Jelena",MNE,F,,,,1483,0,40,SEP25,2008,wi
910139,"Radulovic, Slavko",MNE,M,,,,1870,0,20,SEP25,1955,
16508246,"Radulovic, Vasilije",MNE,M,,,,1760,0,40,SEP25,2009,
16504950,"Radulovic, Zdravko",MNE,M,,,,1759,0,20,SEP25,1976,i
16509820,"Radusinovic, Tomas",MNE,M,,,,1512,0,40,SEP25,2016,
901040,"Raicevic, Momcilo",MNE,M,FM,,,2102,0,20,SEP25,1947,
16505140,"Raicevic, Todor",MNE,M,,,,1884,0,20,SEP25,2001,i
16501497,"Raicevic, Veljko",MNE,M,,,,1830,0,20,SEP25,1949,i
16503635,"Raickovic, Budimir",MNE,M,,,,1834,0,20,SEP25,1962,i
16504348,"Raickovic, Vuk",MNE,M,,,,1756,0,20,SEP25,2002,i
16508556,"Rajevic, Bojan",MNE,M,,,,1440,0,40,SEP25,1988,i
16501322,"Rakcevic, Slavko",MNE,M,,,,1915,0,20,SEP25,1948,i
16504194,"Rakic, Tijana",MNE,F,,,,1813,0,20,SEP25,2001,wi
16511476,"Rakocevic, Jovan",MNE,M,,,,1771,0,40,SEP25,2008,i
16506634,"Rakocevic, Nenad",MNE,M,,,,1721,0,20,SEP25,1975,i
16506642,"Rakocevic, Predrag",MNE,M,,,,1662,0,20,SEP25,1975,i
16512871,"Rakocevic, Srecko",MNE,M,,,,1592,0,40,SEP25,1975,
936537,"Ralevic, Zoran",MNE,M,,,,1981,0,20,SEP25,1952,i
16505034,"Ramcilovic, Armin",MNE,M,,,,1801,0,20,SEP25,1992,i
16504879,"Ramdedovic, Almir",MNE,M,,,,1839,0,20,SEP25,1974,i
16503694,"Ranitovic, Rade",MNE,M,,,,1981,0,20,SEP25,1976,i
16508017,"Raonic, Ljubisav",MNE,M,,,,1694,0,20,SEP25,2006,
16509340,"Raskovic, Vuk",MNE,M,,,,1509,0,40,SEP25,2007,i
16500440,"Rasovic, Uros",MNE,M,,,,2085,0,20,SEP25,1991,
912956,"Ratkovic, Milorad",MNE,M,,,,2118,0,20,SEP25,1966,
16513908,"Redzepagic, Redzep",MNE,M,,,,1687,0,40,SEP25,1963,
16502175,"Redzepovic, Safet",MNE,M,,,,2021,0,20,SEP25,1981,i
16503317,"Reljic, Zoran",MNE,M,,,,1647,0,20,SEP25,1950,i
16503171,"Rmus, Veselin",MNE,M,,,,1716,0,40,SEP25,1945,i
16508912,"Roganovic, Luka",MNE,M,,,,1728,0,40,SEP25,1993,
16504500,"Roganovic, Nastasija",MNE,F,,,,1570,0,40,SEP25,2008,w
16503430,"Roganovic, Pavle",MNE,M,,,,1934,0,20,SEP25,1945,i
16505549,"Rolovic, Petar",MNE,M,,,,1521,0,40,SEP25,2007,i
932043,"Rovcanin, Zeljko",MNE,M,,,,2127,0,20,SEP25,1962,
16503180,"Sabotic, Denis",MNE,M,,,,1877,0,20,SEP25,1984,i
16504887,"Sabotic, Mirsad",MNE,M,,,,1662,0,20,SEP25,1987,i
16511506,"Salamadija, Ana Marija",MNE,F,,,,1508,0,40,SEP25,2005,wi
16510178,"Samardzic, Andrej",MNE,M,,,,1585,0,40,SEP25,2009,
16510941,"Samardzic, Matija",MNE,M,,,,1450,0,40,SEP25,2012,
16502477,"Samardzic, Slavisa",MNE,M,,NA,,1848,0,20,SEP25,1996,
16503490,"Saponjic, Milos",MNE,M,,,,1941,0,20,SEP25,1979,i
16509137,"Saranovic, Boris",MNE,M,,,,1453,0,40,SEP25,2014,
933368,"Saranovic, Mitar",MNE,M,,,,2157,0,20,SEP25,1983,i
909319,"Saric, Igor",MNE,M,FM,,,2326,0,10,SEP25,1973,
16509811,"Saric, Rastko",MNE,M,,,,1502,0,40,SEP25,2014,
934550,"Savic, Miomir",MNE,M,FM,,,2095,0,20,SEP25,1967,
16500393,"Savic, Vladimir",MNE,M,,,,2019,0,20,SEP25,1971,i
905810,"Savovic, Dragan",MNE,M,,,,2144,0,20,SEP25,1954,i
16508459,"Savovic, Miso",MNE,M,,,,1668,0,20,SEP25,1993,
16507339,"Scekic, Ivica",MNE,M,,,,1630,0,20,SEP25,1978,i
16507720,"Scekic, Jana",MNE,F,,,,1492,0,40,SEP25,2011,w
940011,"Scekic, Nenad",MNE,M,,,,2164,0,20,SEP25,1969,
940020,"Scekic, Veljko",MNE,M,,,,2112,0,20,SEP25,1989,i
932078,"Scepanovic, Dalibor",MNE,M,,,,2100,0,20,SEP25,1982,
16501934,"Scepanovic, Dragan",MNE,M,,,,1975,0,20,SEP25,1976,i
16509943,"Sebek, Milos",MNE,M,,,,1606,0,40,SEP25,2006,i
16502949,"Sekularac, Dragan",MNE,M,,,,1833,0,20,SEP25,1966,
16508092,"Sekularac, Milo",MNE,M,,,,1889,0,20,SEP25,2004,
16507398,"Sekulic, Dusan",MNE,M,,,,1857,0,20,SEP25,1987,i
16503325,"Sekulic, Goran",MNE,M,,,,1776,0,40,SEP25,1964,i
16512103,"Sekulic, Milos",MNE,M,,,,1814,0,40,SEP25,2001,i
16510267,"Sekulic, Nikola",MNE,M,,,,2023,0,20,SEP25,2000,
942910,"Sekulovic, Zeljko",MNE,M,,,,1938,0,20,SEP25,1971,
16510801,"Shevtsov, Egor",MNE,M,,,,1608,0,40,SEP25,2013,
16510810,"Shevtsov, Konstantin",MNE,M,,,,1504,0,40,SEP25,2015,
16510798,"Shevtsova, Varvara",MNE,F,,,,1438,0,40,SEP25,2011,w
16503546,"Sijaric, Alvir",MNE,M,,,,1938,0,20,SEP25,1975,
16505069,"Sijaric, Rahim",MNE,M,,,,1825,0,20,SEP25,1966,i
16511484,"Skatkov, Mikhael",MNE,M,,,,1428,0,40,SEP25,2013,
910317,"Skenderovic, Ismet",MNE,M,,,,1943,0,20,SEP25,1959,
24108600,"Skvortsov, Andrei",MNE,M,CM,,,2240,0,20,SEP25,1996,
24166251,"Skvortsova, Alena",MNE,F,WFM,WFM,,1999,0,20,SEP25,1997,wi
16507118,"Sljivic, Neda",MNE,F,,,,1485,0,40,SEP25,2011,wi
940844,"Smakic, Sulejman",MNE,M,,,,2066,0,20,SEP25,1947,
4143256,"Smirnov, Artem",MNE,M,IM,,,2318,0,10,SEP25,1985,i
16510275,"Smolovic, Milos",MNE,M,,,,1752,0,20,SEP25,2000,i
16509480,"Smuk, Vasilije",MNE,M,,,,1658,0,40,SEP25,2008,
928348,"Sobic, Dragan",MNE,M,,,,1965,0,20,SEP25,1961,i
16508815,"Soc, Bogdan",MNE,M,,,,1781,0,20,SEP25,1993,
16503627,"Sokolovic, Amel",MNE,M,,,,1737,0,20,SEP25,1999,i
16503040,"Spalevic, Dragan",MNE,M,,,,1949,0,20,SEP25,1979,
945218,"Srdanovic, Ljuban",MNE,M,,,,1953,0,20,SEP25,1967,
16510836,"Sredanovic, Marko",MNE,M,,,,1546,0,40,SEP25,2011,
16505611,"Sredanovic, Matej",MNE,M,,,,1465,0,40,SEP25,2006,i
16509960,"Stanic, Ilija",MNE,M,,,,1700,0,40,SEP25,1992,
16508734,"Stanic, Stefan",MNE,M,,,,1500,0,40,SEP25,2013,
16503104,"Stanicic, Bojan",MNE,M,,,,1915,0,20,SEP25,1981,i
921670,"Stanicic, Josip",MNE,M,,,,2006,0,20,SEP25,1948,i
16511611,"Stanicic, Luka",MNE,M,,,,1525,0,40,SEP25,2011,
16506081,"Stanisic, Milutin",MNE,M,,,,1708,0,20,SEP25,1962,i
16511662,"Stankovic, Petar",MNE,M,,,,1746,0,40,SEP25,2010,
930318,"Stankovic, Zarko",MNE,M,,,,2117,0,20,SEP25,1970,i
16508467,"Stefanovic, Milorad",MNE,M,,,,1600,0,20,SEP25,1993,i
16508920,"Stevanovic, Savo",MNE,M,,,,1694,0,20,SEP25,1972,i
16502655,"Stijepovic, Radislav",MNE,M,,,,1989,0,20,SEP25,1966,i
931411,"Stojanovic, Marija R",MNE,F,WIM,WIM,FI,2102,0,20,SEP25,1983,wi
16505999,"Stojanovic, Radovan",MNE,M,,,,1833,0,20,SEP25,1959,
16500814,"Stojanovic, Slobodan",MNE,M,,,,1833,0,20,SEP25,1958,i
16508475,"Stojanovic, Stefan",MNE,M,,,,1717,0,20,SEP25,1999,i
16513487,"Stojanovic, Veselin",MNE,M,,,,1810,0,40,SEP25,1969,
16504968,"Stojanovski, Miodrag",MNE,M,,,,1688,0,20,SEP25,1959,i
16508483,"Stojovic, Milutin",MNE,M,,,,1915,0,20,SEP25,1976,
16502507,"Strikovic, Adnan",MNE,M,,,,1930,0,20,SEP25,1979,
16511956,"Subaric, Radoman",MNE,M,,,,1637,0,40,SEP25,1961,i
16507134,"Sucur, Luka",MNE,M,,,,1728,0,20,SEP25,2002,i
16503708,"Sucur, Rados",MNE,M,,,,1642,0,40,SEP25,1950,i
16502310,"Sukovic, Andrej",MNE,M,FM,,,2312,0,20,SEP25,1999,
16502329,"Sukovic, Darko",MNE,M,,,,1929,0,20,SEP25,2003,i
16502051,"Supic, Ivan",MNE,M,,,,1782,0,20,SEP25,1998,i
16500610,"Sutovic, Lazar",MNE,M,,,,1849,0,20,SEP25,1988,i
16505590,"Svrkota, Iva",MNE,F,,,,1537,0,40,SEP25,2006,wi
16505603,"Svrkota, Milos",MNE,M,,,,1631,0,40,SEP25,2009,
16509110,"Tadic, Aleksa",MNE,M,,,,1400,0,40,SEP25,2013,
16509102,"Tadic, Andrej",MNE,M,,,,1406,0,40,SEP25,2008,
16510739,"Tadic, Jana",MNE,F,,,,1453,0,40,SEP25,2010,w
16509080,"Tadic, Milena",MNE,F,,,,1437,0,40,SEP25,2014,w
16504186,"Tasovac, Bozo",MNE,M,,,,1789,0,20,SEP25,1998,i
16503333,"Tesovic, Mile",MNE,M,,,,1838,0,20,SEP25,1967,i
16502426,"Tesovic, Milojica",MNE,M,,,,1794,0,20,SEP25,1951,i
16508661,"Tomanovic, Milorad",MNE,M,,,,1880,0,20,SEP25,1948,i
16512340,"Tomasevic, Maksim",MNE,M,,,,1560,0,40,SEP25,2012,
16501799,"Tomic, Aleksandar",MNE,M,IM,,,2363,0,10,SEP25,1996,
16502485,"Tomic, Danilo",MNE,M,,,,1825,0,20,SEP25,1995,i
939072,"Tomic, Dragomir",MNE,M,,,,1988,0,20,SEP25,1956,i
941328,"Tomic, Goran",MNE,M,FM,IO,,2250,0,20,SEP25,1959,i
16500547,"Tomovic, Savica",MNE,F,,,,1839,0,20,SEP25,1990,wi
16512472,"Tosic, Amel",MNE,M,,,,1715,0,40,SEP25,1986,
16500679,"Tosic, Danilo",MNE,M,,,,1862,0,20,SEP25,1998,i
16500407,"Tripunovic, Miomir",MNE,M,,,,1933,0,20,SEP25,1980,i
16511867,"Trubina, Amelija",MNE,F,,,,1437,0,40,SEP25,2011,w
16504682,"Trubljanin, Djulbija",MNE,M,,,,1852,0,20,SEP25,1961,i
16512235,"Tuganbaev, Arman",MNE,M,,,,1440,0,20,SEP25,1998,
16503341,"Turbedari, Enver",MNE,M,,,,1899,0,20,SEP25,1960,i
16500539,"Turkovic, Stevo",MNE,M,,,,1871,0,20,SEP25,1968,i
16504100,"Uljarevic, Radomir",MNE,M,,,,1875,0,20,SEP25,1954,i
9221250,"Vasiljevic, Konstantin",MNE,M,,,,1734,0,40,SEP25,2007,i
16510747,"Vasiljevic, Viktor",MNE,M,,,,1462,0,40,SEP25,2010,
16510283,"Vejsilovic, Sukrija",MNE,M,,,,1806,0,20,SEP25,1963,
16511620,"Veljkovic, Nemanja",MNE,M,,,,1416,0,40,SEP25,2011,
16504640,"Vesovic, Ksenija",MNE,F,,,,1751,0,20,SEP25,2000,wi
942340,"Vesovic, Nebojsa",MNE,M,,,,1954,0,20,SEP25,1963,
16507169,"Vetnic, Milan",MNE,M,,,,1611,0,40,SEP25,2009,
920126,"Vico, Milan",MNE,M,,,,1936,0,20,SEP25,1953,
16503449,"Vidic, Miodrag",MNE,M,,,,1656,0,20,SEP25,1944,i
935360,"Vih, Antun",MNE,M,,,,2154,0,20,SEP25,1949,i
16511530,"Vlaovic, Valter",MNE,M,,,,1451,0,40,SEP25,2007,
934038,"Vlatkovic, Milos",MNE,M,FM,,,2264,0,20,SEP25,1978,
16507177,"Vojicic, Nikola",MNE,M,,,,1649,0,40,SEP25,2010,
16507509,"Vranes, Nikola",MNE,M,,,,2026,0,20,SEP25,1986,i
16507770,"Vranes, Uros",MNE,M,,,,1556,0,40,SEP25,2010,i
16508335,"Vratnica, Djordje",MNE,M,,,,1915,0,20,SEP25,1996,i
16505166,"Vucevic, Dragan",MNE,M,,,,1633,0,20,SEP25,1958,i
16501250,"Vucinic, Mitar",MNE,M,,,,1890,0,20,SEP25,1955,i
16504798,"Vuckovic, Iva",MNE,F,,,,1611,0,40,SEP25,2007,wi
16501870,"Vuckovic, Marko",MNE,M,,,,2093,0,20,SEP25,2003,i
932620,"Vujacic, Igor",MNE,M,CM,IA,,2098,0,20,SEP25,1981,
16509072,"Vujacic, Ognjen",MNE,M,,,,1542,0,40,SEP25,2011,i
16502213,"Vujacic, Petar",MNE,M,,,,1717,0,20,SEP25,1995,i
910449,"Vujadinovic, Zeljko",MNE,M,,,,1850,0,20,SEP25,1964,
910465,"Vujisic, Rajko",MNE,M,,,,1830,0,20,SEP25,1958,
16508491,"Vujisic, Ranko",MNE,M,,,,1864,0,20,SEP25,1999,i
16504356,"Vujisic, Slavko",MNE,M,,,,1852,0,20,SEP25,1952,i
16505930,"Vujisic, Vuk",MNE,M,,,,1647,0,20,SEP25,2002,i
16503864,"Vujosevic, Ratko",MNE,M,,,,1762,0,20,SEP25,1980,i
16501128,"Vujosevic, Sasa",MNE,M,,,,1997,0,20,SEP25,1967,
901580,"Vujosevic, Vladimir",MNE,M,IM,,,2353,0,20,SEP25,1958,
14427036,"Vujovic, Dimitrije",MNE,M,,,,2107,0,40,SEP25,2008,i
16502000,"Vujovic, Krsto",MNE,M,,,,1792,0,20,SEP25,1996,i
16504895,"Vujovic, Matan",MNE,M,,,,1468,0,40,SEP25,2008,i
16508939,"Vujovic, Milan V",MNE,M,,,,1783,0,20,SEP25,1994,
909394,"Vujovic, Predrag",MNE,M,,,,2098,0,40,SEP25,1953,
16501500,"Vujovic, Predrag D",MNE,M,,,,1908,0,20,SEP25,1972,i
16504020,"Vujovic, Savo",MNE,M,,,,2202,0,20,SEP25,2004,
16510763,"Vujovic, Viktor",MNE,M,,,,1580,0,40,SEP25,2009,
16501560,"Vukanic, Emilija",MNE,F,,,,1617,0,20,SEP25,2000,wi
16510950,"Vukasinovic, Mladen",MNE,M,,,,1539,0,40,SEP25,1977,i
16510488,"Vukasinovic, Nikola",MNE,M,,,,1480,0,40,SEP25,2011,
16504283,"Vukasovic, Vlado",MNE,M,,,,1782,0,20,SEP25,1962,i
16501519,"Vukcevic, Branimir",MNE,M,,,,1890,0,20,SEP25,1952,i
16509978,"Vukcevic, Jaksa",MNE,M,,,,1557,0,40,SEP25,2009,i
16509633,"Vukcevic, Milan",MNE,M,,,,1531,0,40,SEP25,2012,
941808,"Vukcevic, Nemanja",MNE,M,FM,,,2279,0,20,SEP25,1991,
16509587,"Vukcevic, Teodora",MNE,F,,,,1559,0,40,SEP25,2010,w
16512987,"Vukeljic, Andrija",MNE,M,,,,1702,0,40,SEP25,2007,
16502590,"Vukicevic, Milos",MNE,M,,,,1744,0,20,SEP25,1999,i
16509870,"Vukicevic, Petar",MNE,M,,,,1612,0,40,SEP25,1980,
16502515,"Vukicevic, Ranko",MNE,M,,,,1783,0,20,SEP25,1988,i
16507258,"Vukicevic, Veljko",MNE,M,,,,1509,0,40,SEP25,2006,i
16511492,"Vukotic, Branislav",MNE,M,,,,1828,0,40,SEP25,1965,i
16501071,"Vukotic, Luka",MNE,M,,,,1679,0,20,SEP25,1953,i
16510135,"Vukotic, Simeona",MNE,F,,,,1449,0,40,SEP25,2016,w
16505638,"Vukovic, Andjela",MNE,F,,,,1480,0,40,SEP25,2008,wi
942286,"Vukovic, Krsto",MNE,M,,,,1860,0,20,SEP25,1967,
16505948,"Vukovic, Miro",MNE,M,,,,1864,0,20,SEP25,1961,i
16502817,"Vukovic, Nemanja",MNE,M,,,,1691,0,20,SEP25,2004,i
16512146,"Vukovic, Stefan",MNE,M,,,,1508,0,40,SEP25,2007,
16504364,"Vukovic, Stefan",MNE,M,,,,1743,0,20,SEP25,2001,i
16508670,"Vulanovic, Andrija",MNE,M,,,,1786,0,20,SEP25,1986,i
1300270,"Vulevic, Vjekoslav",MNE,M,FM,,,2288,0,20,SEP25,1949,
16507436,"Vulic, Vuka",MNE,M,,,,1641,0,20,SEP25,1952,
16508297,"Vusovic, Luka",MNE,M,,,,1742,0,20,SEP25,2003,
24105880,"Yaksin, Oleg",MNE,M,FM,,,2398,0,10,SEP25,1992,
16503139,"Zaric, Dragan 1",MNE,M,,,,2113,0,20,SEP25,1965,i
938980,"Zarubica, Milos",MNE,M,,,,1886,0,20,SEP25,1942,
16502442,"Zarubica, Miodrag",MNE,M,,,,1873,0,20,SEP25,1981,i
16512111,"Zarudniak, Elisei",MNE,M,,,,1550,0,40,SEP25,2014,
943274,"Zecevic, Ivan",MNE,M,,,,2082,0,20,SEP25,1993,i
16512898,"Zejak, Petar",MNE,M,,,,1871,0,20,SEP25,1977,
16512030,"Zekovic, Marko",MNE,M,,,,1540,0,40,SEP25,2007,i
16510003,"Zekovic, Milos",MNE,M,,,,1554,0,40,SEP25,2012,
24129518,"Zherebtsova, Alexandra",MNE,F,FM,WFM,,2102,0,20,SEP25,1993,wi
16512138,"Zinchenko, Boris",MNE,M,,,,1638,0,40,SEP25,2008,
16505484,"Zindovic, Selena",MNE,F,,,,1593,0,40,SEP25,2005,wi
16500636,"Zivkovic, Slaven",MNE,M,,,,1947,0,20,SEP25,1991,
16507223,"Zizic, Djordje",MNE,M,,,,1997,0,40,SEP25,2010,
16509803,"Zlokovic, Balsa",MNE,M,,,,1518,0,40,SEP25,2015,
16509790,"Zlokovic, Nadja",MNE,F,,,,1436,0,40,SEP25,2013,w
16504488,"Zugic, Nikola",MNE,M,,,,1735,0,20,SEP25,2002,i
16505417,"Zvicer, Zeljko",MNE,M,,,,1807,0,20,SEP25,1957,i