ID Number,Name,Fed,Sex,Title,WTit,OTit,Rating,Gms,K,RatingMonth,B-day,Flag
21100039,"Bah, Ebrima",GAM,M,FM,,,2085,0,20,SEP25,1968,i
21100721,"Dabo, Muhammed Mustapha",GAM,M,,,,1786,0,40,SEP25,1999,
21100055,"Dalliah, Joseph",GAM,M,,,,2050,0,20,SEP25,1967,i
21100306,"Garber, Ousainou",GAM,M,CM,,,1823,0,20,SEP25,1972,
21100349,"Jallow, Mustapha",GAM,M,,,,1842,0,40,SEP25,1979,
21100497,"Jammeh, Ebrima",GAM,M,,NA,,1784,0,40,SEP25,1980,
21100063,"Lemon, Eliman",GAM,M,,,,1927,0,20,SEP25,1965,i
21100730,"Ndow, Essa",GAM,M,,,,1615,0,40,SEP25,2010,
21100284,"Nyang, Sait",GAM,M,,,,1747,0,40,SEP25,1961,
21100705,"Riley, James Mathew",GAM,M,,,,1739,0,40,SEP25,1973,