[
  {
    "ID Number": "1078224"
  },
  {
    "ID Number": "1012975"
  },
  {
    "ID Number": "1091107"
  },
  {
    "ID Number": "40120783"
  },
  {
    "ID Number": "1055011"
  },
  {
    "ID Number": "1019716"
  },
  {
    "ID Number": "1017349"
  },
  {
    "ID Number": "1033093"
  },
  {
    "ID Number": "1084380"
  },
  {
    "ID Number": "1068253"
  },
  {
    "ID Number": "1047493"
  },
  {
    "ID Number": "1053760"
  },
  {
    "ID Number": "1062735"
  },
  {
    "ID Number": "40121895"
  },
  {
    "ID Number": "11515090"
  },
  {
    "ID Number": "1053272"
  },
  {
    "ID Number": "1086952"
  },
  {
    "ID Number": "1072668"
  },
  {
    "ID Number": "40101550"
  },
  {
    "ID Number": "40105911"
  },
  {
    "ID Number": "1069519"
  },
  {
    "ID Number": "1055240"
  },
  {
    "ID Number": "1027824"
  },
  {
    "ID Number": "1075888"
  },
  {
    "ID Number": "1056115"
  },
  {
    "ID Number": "40101959"
  },
  {
    "ID Number": "1084216"
  },
  {
    "ID Number": "1045938"
  },
  {
    "ID Number": "1060171"
  },
  {
    "ID Number": "1060635"
  },
  {
    "ID Number": "1068849"
  },
  {
    "ID Number": "1005987"
  },
  {
    "ID Number": "1039040"
  },
  {
    "ID Number": "1082043"
  },
  {
    "ID Number": "1022318"
  },
  {
    "ID Number": "1024442"
  },
  {
    "ID Number": "40101002"
  },
  {
    "ID Number": "40102157"
  },
  {
    "ID Number": "1058088"
  },
  {
    "ID Number": "1015460"
  },
  {
    "ID Number": "1054732"
  },
  {
    "ID Number": "1046187"
  },
  {
    "ID Number": "1068016"
  },
  {
    "ID Number": "1062794"
  },
  {
    "ID Number": "1022067"
  },
  {
    "ID Number": "1062816"
  },
  {
    "ID Number": "1044079"
  },
  {
    "ID Number": "1002511"
  },
  {
    "ID Number": "1099760"
  },
  {
    "ID Number": "1048368"
  },
  {
    "ID Number": "40109240"
  },
  {
    "ID Number": "1054392"
  },
  {
    "ID Number": "1051008"
  },
  {
    "ID Number": "1048139"
  },
  {
    "ID Number": "1091905"
  },
  {
    "ID Number": "1001183"
  },
  {
    "ID Number": "1011634"
  },
  {
    "ID Number": "1050249"
  },
  {
    "ID Number": "1030108"
  },
  {
    "ID Number": "1032771"
  },
  {
    "ID Number": "1030400"
  },
  {
    "ID Number": "1022229"
  },
  {
    "ID Number": "1037161"
  },
  {
    "ID Number": "1040065"
  },
  {
    "ID Number": "1014064"
  },
  {
    "ID Number": "1003810"
  },
  {
    "ID Number": "1056298"
  },
  {
    "ID Number": "1009311"
  },
  {
    "ID Number": "1040103"
  },
  {
    "ID Number": "1042327"
  },
  {
    "ID Number": "40118827"
  },
  {
    "ID Number": "1054520"
  },
  {
    "ID Number": "1045601"
  },
  {
    "ID Number": "203530"
  },
  {
    "ID Number": "1057413"
  },
  {
    "ID Number": "1048090"
  },
  {
    "ID Number": "1096630"
  },
  {
    "ID Number": "206210"
  },
  {
    "ID Number": "40102203"
  },
  {
    "ID Number": "1007041"
  },
  {
    "ID Number": "1037749"
  },
  {
    "ID Number": "1079689"
  },
  {
    "ID Number": "1031325"
  },
  {
    "ID Number": "1090658"
  },
  {
    "ID Number": "1054104"
  },
  {
    "ID Number": "1010972"
  },
  {
    "ID Number": "1057812"
  },
  {
    "ID Number": "1000217"
  },
  {
    "ID Number": "1022997"
  },
  {
    "ID Number": "1080261"
  },
  {
    "ID Number": "40108244"
  },
  {
    "ID Number": "40111210"
  },
  {
    "ID Number": "1072153"
  },
  {
    "ID Number": "40110494"
  },
  {
    "ID Number": "1014315"
  },
  {
    "ID Number": "1024574"
  },
  {
    "ID Number": "1052462"
  },
  {
    "ID Number": "1092723"
  },
  {
    "ID Number": "1000888"
  },
  {
    "ID Number": "1005456"
  },
  {
    "ID Number": "1089811"
  },
  {
    "ID Number": "1014358"
  },
  {
    "ID Number": "1028529"
  },
  {
    "ID Number": "1013300"
  },
  {
    "ID Number": "1007122"
  },
  {
    "ID Number": "1060783"
  },
  {
    "ID Number": "1017241"
  },
  {
    "ID Number": "1075446"
  },
  {
    "ID Number": "1067478"
  },
  {
    "ID Number": "1055755"
  },
  {
    "ID Number": "1060074"
  },
  {
    "ID Number": "1016164"
  },
  {
    "ID Number": "1000306"
  },
  {
    "ID Number": "1023675"
  },
  {
    "ID Number": "1017063"
  },
  {
    "ID Number": "1048341"
  },
  {
    "ID Number": "1057294"
  },
  {
    "ID Number": "40112802"
  },
  {
    "ID Number": "1099671"
  },
  {
    "ID Number": "1027883"
  },
  {
    "ID Number": "1009125"
  },
  {
    "ID Number": "1095951"
  },
  {
    "ID Number": "1087460"
  },
  {
    "ID Number": "1010050"
  },
  {
    "ID Number": "1048716"
  },
  {
    "ID Number": "1049097"
  },
  {
    "ID Number": "1044745"
  },
  {
    "ID Number": "1093398"
  },
  {
    "ID Number": "1072161"
  },
  {
    "ID Number": "1014331"
  },
  {
    "ID Number": "40118835"
  },
  {
    "ID Number": "1046454"
  },
  {
    "ID Number": "1000080"
  },
  {
    "ID Number": "1001280"
  },
  {
    "ID Number": "1007068"
  },
  {
    "ID Number": "1000721"
  },
  {
    "ID Number": "1080237"
  },
  {
    "ID Number": "1013327"
  },
  {
    "ID Number": "40118720"
  },
  {
    "ID Number": "1014404"
  },
  {
    "ID Number": "206288"
  },
  {
    "ID Number": "40102211"
  },
  {
    "ID Number": "1043650"
  },
  {
    "ID Number": "1005685"
  },
  {
    "ID Number": "1022911"
  },
  {
    "ID Number": "1042360"
  },
  {
    "ID Number": "1024191"
  },
  {
    "ID Number": "1036327"
  },
  {
    "ID Number": "40102793"
  },
  {
    "ID Number": "1003011"
  },
  {
    "ID Number": "1054872"
  },
  {
    "ID Number": "1023683"
  },
  {
    "ID Number": "1054139"
  },
  {
    "ID Number": "1039539"
  },
  {
    "ID Number": "1082892"
  },
  {
    "ID Number": "1084640"
  },
  {
    "ID Number": "1015583"
  },
  {
    "ID Number": "1051270"
  },
  {
    "ID Number": "1094548"
  },
  {
    "ID Number": "1060830"
  },
  {
    "ID Number": "1009451"
  },
  {
    "ID Number": "1049283"
  },
  {
    "ID Number": "1005731"
  },
  {
    "ID Number": "1005154"
  },
  {
    "ID Number": "1013440"
  },
  {
    "ID Number": "1021362"
  },
  {
    "ID Number": "1067680"
  },
  {
    "ID Number": "1045253"
  },
  {
    "ID Number": "1010069"
  },
  {
    "ID Number": "4669355"
  },
  {
    "ID Number": "1095307"
  },
  {
    "ID Number": "40102220"
  },
  {
    "ID Number": "1056352"
  },
  {
    "ID Number": "1093720"
  },
  {
    "ID Number": "1080555"
  },
  {
    "ID Number": "1048260"
  },
  {
    "ID Number": "1053590"
  },
  {
    "ID Number": "40110915"
  },
  {
    "ID Number": "40118797"
  },
  {
    "ID Number": "1051377"
  },
  {
    "ID Number": "1048473"
  },
  {
    "ID Number": "1069250"
  },
  {
    "ID Number": "40111229"
  },
  {
    "ID Number": "1047108"
  },
  {
    "ID Number": "1018086"
  },
  {
    "ID Number": "1069985"
  },
  {
    "ID Number": "1019465"
  },
  {
    "ID Number": "1010697"
  },
  {
    "ID Number": "1092243"
  },
  {
    "ID Number": "1062930"
  },
  {
    "ID Number": "1014374"
  },
  {
    "ID Number": "1068679"
  },
  {
    "ID Number": "1047787"
  },
  {
    "ID Number": "1067168"
  },
  {
    "ID Number": "1008153"
  },
  {
    "ID Number": "1014420"
  },
  {
    "ID Number": "1041657"
  },
  {
    "ID Number": "1057553"
  },
  {
    "ID Number": "1055160"
  },
  {
    "ID Number": "1042386"
  },
  {
    "ID Number": "1092740"
  },
  {
    "ID Number": "1041991"
  },
  {
    "ID Number": "1072226"
  },
  {
    "ID Number": "1010735"
  },
  {
    "ID Number": "1037897"
  },
  {
    "ID Number": "1082825"
  },
  {
    "ID Number": "1089250"
  },
  {
    "ID Number": "1022962"
  },
  {
    "ID Number": "1010212"
  },
  {
    "ID Number": "1013637"
  },
  {
    "ID Number": "1094637"
  },
  {
    "ID Number": "40107647"
  },
  {
    "ID Number": "1014390"
  },
  {
    "ID Number": "1016199"
  },
  {
    "ID Number": "1008617"
  },
  {
    "ID Number": "1060708"
  },
  {
    "ID Number": "1008137"
  },
  {
    "ID Number": "1087177"
  },
  {
    "ID Number": "1098160"
  },
  {
    "ID Number": "1090364"
  },
  {
    "ID Number": "1032801"
  },
  {
    "ID Number": "1231995"
  },
  {
    "ID Number": "1048805"
  },
  {
    "ID Number": "1050761"
  },
  {
    "ID Number": "1094068"
  },
  {
    "ID Number": "1096249"
  },
  {
    "ID Number": "1039709"
  },
  {
    "ID Number": "1074369"
  },
  {
    "ID Number": "1094831"
  },
  {
    "ID Number": "1050826"
  },
  {
    "ID Number": "1007530"
  },
  {
    "ID Number": "1050729"
  },
  {
    "ID Number": "1048120"
  },
  {
    "ID Number": "1077970"
  },
  {
    "ID Number": "1068792"
  },
  {
    "ID Number": "1097261"
  },
  {
    "ID Number": "40102238"
  },
  {
    "ID Number": "1056360"
  },
  {
    "ID Number": "1039946"
  },
  {
    "ID Number": "1033026"
  },
  {
    "ID Number": "1028235"
  },
  {
    "ID Number": "40112349"
  },
  {
    "ID Number": "1005677"
  },
  {
    "ID Number": "1087541"
  },
  {
    "ID Number": "1092324"
  },
  {
    "ID Number": "40102262"
  },
  {
    "ID Number": "1017870"
  },
  {
    "ID Number": "1083341"
  },
  {
    "ID Number": "1024817"
  },
  {
    "ID Number": "1059696"
  },
  {
    "ID Number": "1024825"
  },
  {
    "ID Number": "1002830"
  },
  {
    "ID Number": "1052578"
  },
  {
    "ID Number": "1008641"
  },
  {
    "ID Number": "40101860"
  },
  {
    "ID Number": "40120791"
  },
  {
    "ID Number": "1094530"
  },
  {
    "ID Number": "1002848"
  },
  {
    "ID Number": "40101126"
  },
  {
    "ID Number": "1046284"
  },
  {
    "ID Number": "40110788"
  },
  {
    "ID Number": "1059319"
  },
  {
    "ID Number": "1068857"
  },
  {
    "ID Number": "1082574"
  },
  {
    "ID Number": "1032690"
  },
  {
    "ID Number": "40101231"
  },
  {
    "ID Number": "40109747"
  },
  {
    "ID Number": "1090739"
  },
  {
    "ID Number": "1098934"
  },
  {
    "ID Number": "1028782"
  },
  {
    "ID Number": "1006479"
  },
  {
    "ID Number": "1023721"
  },
  {
    "ID Number": "1012738"
  },
  {
    "ID Number": "1085484"
  },
  {
    "ID Number": "1063600"
  },
  {
    "ID Number": "1076949"
  },
  {
    "ID Number": "1067028"
  },
  {
    "ID Number": "1057464"
  },
  {
    "ID Number": "452572"
  },
  {
    "ID Number": "1049623"
  },
  {
    "ID Number": "1024868"
  },
  {
    "ID Number": "1019902"
  },
  {
    "ID Number": "1053388"
  },
  {
    "ID Number": "1052594"
  },
  {
    "ID Number": "40119556"
  },
  {
    "ID Number": "1030752"
  },
  {
    "ID Number": "1053183"
  },
  {
    "ID Number": "1037226"
  },
  {
    "ID Number": "1010298"
  },
  {
    "ID Number": "1020650"
  },
  {
    "ID Number": "1048228"
  },
  {
    "ID Number": "1039750"
  },
  {
    "ID Number": "1024906"
  },
  {
    "ID Number": "1066331"
  },
  {
    "ID Number": "1003909"
  },
  {
    "ID Number": "1033166"
  },
  {
    "ID Number": "1024205"
  },
  {
    "ID Number": "1064860"
  },
  {
    "ID Number": "40118738"
  },
  {
    "ID Number": "1067826"
  },
  {
    "ID Number": "1058150"
  },
  {
    "ID Number": "1013491"
  },
  {
    "ID Number": "1038419"
  },
  {
    "ID Number": "1024337"
  },
  {
    "ID Number": "1069020"
  },
  {
    "ID Number": "1033069"
  },
  {
    "ID Number": "1036157"
  },
  {
    "ID Number": "1016849"
  },
  {
    "ID Number": "1096389"
  },
  {
    "ID Number": "1097326"
  },
  {
    "ID Number": "1058479"
  },
  {
    "ID Number": "1002210"
  },
  {
    "ID Number": "1012770"
  },
  {
    "ID Number": "1060163"
  },
  {
    "ID Number": "1085816"
  },
  {
    "ID Number": "1001329"
  },
  {
    "ID Number": "1062174"
  },
  {
    "ID Number": "1009540"
  },
  {
    "ID Number": "1002260"
  },
  {
    "ID Number": "1024299"
  },
  {
    "ID Number": "40102254"
  },
  {
    "ID Number": "1032798"
  },
  {
    "ID Number": "1055020"
  },
  {
    "ID Number": "1045750"
  },
  {
    "ID Number": "1068300"
  },
  {
    "ID Number": "1043927"
  },
  {
    "ID Number": "1054643"
  },
  {
    "ID Number": "1024957"
  },
  {
    "ID Number": "1086421"
  },
  {
    "ID Number": "1071955"
  },
  {
    "ID Number": "1003054"
  },
  {
    "ID Number": "1012967"
  },
  {
    "ID Number": "1010379"
  },
  {
    "ID Number": "1006452"
  },
  {
    "ID Number": "1046985"
  },
  {
    "ID Number": "1087991"
  },
  {
    "ID Number": "1022857"
  },
  {
    "ID Number": "1052055"
  },
  {
    "ID Number": "1060864"
  },
  {
    "ID Number": "1093762"
  },
  {
    "ID Number": "1012347"
  },
  {
    "ID Number": "40111016"
  },
  {
    "ID Number": "1085743"
  },
  {
    "ID Number": "1056735"
  },
  {
    "ID Number": "1007114"
  },
  {
    "ID Number": "1053825"
  },
  {
    "ID Number": "1021869"
  },
  {
    "ID Number": "4185382"
  },
  {
    "ID Number": "1010565"
  },
  {
    "ID Number": "40110087"
  },
  {
    "ID Number": "1011081"
  },
  {
    "ID Number": "1020447"
  },
  {
    "ID Number": "40100839"
  },
  {
    "ID Number": "1057979"
  },
  {
    "ID Number": "1064339"
  },
  {
    "ID Number": "1055038"
  },
  {
    "ID Number": "1073079"
  },
  {
    "ID Number": "1081292"
  },
  {
    "ID Number": "1057847"
  },
  {
    "ID Number": "445126"
  },
  {
    "ID Number": "1011804"
  },
  {
    "ID Number": "1002481"
  },
  {
    "ID Number": "1017810"
  },
  {
    "ID Number": "40112438"
  },
  {
    "ID Number": "1004344"
  },
  {
    "ID Number": "40102505"
  },
  {
    "ID Number": "1094297"
  },
  {
    "ID Number": "1091719"
  },
  {
    "ID Number": "1086545"
  },
  {
    "ID Number": "1093380"
  },
  {
    "ID Number": "1053531"
  },
  {
    "ID Number": "1046101"
  },
  {
    "ID Number": "1051393"
  },
  {
    "ID Number": "1090968"
  },
  {
    "ID Number": "1057723"
  },
  {
    "ID Number": "1067834"
  },
  {
    "ID Number": "1095692"
  },
  {
    "ID Number": "1004689"
  },
  {
    "ID Number": "1004638"
  },
  {
    "ID Number": "40111636"
  },
  {
    "ID Number": "40100448"
  },
  {
    "ID Number": "1036262"
  },
  {
    "ID Number": "1099884"
  },
  {
    "ID Number": "1073095"
  },
  {
    "ID Number": "1084046"
  },
  {
    "ID Number": "1054694"
  },
  {
    "ID Number": "1088653"
  },
  {
    "ID Number": "1042645"
  },
  {
    "ID Number": "1074334"
  },
  {
    "ID Number": "1013688"
  },
  {
    "ID Number": "1061550"
  },
  {
    "ID Number": "1023799"
  },
  {
    "ID Number": "1025082"
  },
  {
    "ID Number": "1001981"
  },
  {
    "ID Number": "1082205"
  },
  {
    "ID Number": "1072803"
  },
  {
    "ID Number": "1094750"
  },
  {
    "ID Number": "40101487"
  },
  {
    "ID Number": "1068539"
  },
  {
    "ID Number": "1013459"
  },
  {
    "ID Number": "204587"
  },
  {
    "ID Number": "1059998"
  },
  {
    "ID Number": "40121852"
  },
  {
    "ID Number": "1019449"
  },
  {
    "ID Number": "1038818"
  },
  {
    "ID Number": "1031813"
  },
  {
    "ID Number": "1090909"
  },
  {
    "ID Number": "40100480"
  },
  {
    "ID Number": "1083031"
  },
  {
    "ID Number": "40104125"
  },
  {
    "ID Number": "1068458"
  },
  {
    "ID Number": "1091387"
  },
  {
    "ID Number": "1034960"
  },
  {
    "ID Number": "1095897"
  },
  {
    "ID Number": "1082167"
  },
  {
    "ID Number": "1038834"
  },
  {
    "ID Number": "1006193"
  },
  {
    "ID Number": "1044494"
  },
  {
    "ID Number": "1003798"
  },
  {
    "ID Number": "1077988"
  },
  {
    "ID Number": "1053361"
  },
  {
    "ID Number": "24116068"
  },
  {
    "ID Number": "1014552"
  },
  {
    "ID Number": "40110192"
  },
  {
    "ID Number": "1012312"
  },
  {
    "ID Number": "1051776"
  },
  {
    "ID Number": "1046810"
  },
  {
    "ID Number": "1021150"
  },
  {
    "ID Number": "1063162"
  },
  {
    "ID Number": "1058096"
  },
  {
    "ID Number": "1093045"
  },
  {
    "ID Number": "1048236"
  },
  {
    "ID Number": "1036149"
  },
  {
    "ID Number": "1082213"
  },
  {
    "ID Number": "1019945"
  },
  {
    "ID Number": "1067494"
  },
  {
    "ID Number": "1043579"
  },
  {
    "ID Number": "40112810"
  },
  {
    "ID Number": "1087746"
  },
  {
    "ID Number": "1004140"
  },
  {
    "ID Number": "1058100"
  },
  {
    "ID Number": "1000330"
  },
  {
    "ID Number": "1068806"
  },
  {
    "ID Number": "1057472"
  },
  {
    "ID Number": "1097091"
  },
  {
    "ID Number": "40104753"
  },
  {
    "ID Number": "40120643"
  },
  {
    "ID Number": "1023098"
  },
  {
    "ID Number": "1032488"
  },
  {
    "ID Number": "1084194"
  },
  {
    "ID Number": "13602888"
  },
  {
    "ID Number": "1017292"
  },
  {
    "ID Number": "1025198"
  },
  {
    "ID Number": "1021133"
  },
  {
    "ID Number": "1054597"
  },
  {
    "ID Number": "1048651"
  },
  {
    "ID Number": "1049240"
  },
  {
    "ID Number": "1091190"
  },
  {
    "ID Number": "1094890"
  },
  {
    "ID Number": "1045946"
  },
  {
    "ID Number": "1045415"
  },
  {
    "ID Number": "1092065"
  },
  {
    "ID Number": "1095285"
  },
  {
    "ID Number": "1086758"
  },
  {
    "ID Number": "1054430"
  },
  {
    "ID Number": "40110923"
  },
  {
    "ID Number": "40111083"
  },
  {
    "ID Number": "1001078"
  },
  {
    "ID Number": "1033204"
  },
  {
    "ID Number": "1053914"
  },
  {
    "ID Number": "1005944"
  },
  {
    "ID Number": "1060082"
  },
  {
    "ID Number": "40104761"
  },
  {
    "ID Number": "1063774"
  },
  {
    "ID Number": "1045113"
  },
  {
    "ID Number": "1039849"
  },
  {
    "ID Number": "1035258"
  },
  {
    "ID Number": "1017306"
  },
  {
    "ID Number": "1094955"
  },
  {
    "ID Number": "40121585"
  },
  {
    "ID Number": "1042505"
  },
  {
    "ID Number": "40109305"
  },
  {
    "ID Number": "1041835"
  },
  {
    "ID Number": "1041940"
  },
  {
    "ID Number": "1016210"
  },
  {
    "ID Number": "24600857"
  },
  {
    "ID Number": "1092146"
  },
  {
    "ID Number": "1017748"
  },
  {
    "ID Number": "1048481"
  },
  {
    "ID Number": "1059076"
  },
  {
    "ID Number": "1092766"
  },
  {
    "ID Number": "1087029"
  },
  {
    "ID Number": "1015745"
  },
  {
    "ID Number": "1010328"
  },
  {
    "ID Number": "1025260"
  },
  {
    "ID Number": "1011391"
  },
  {
    "ID Number": "1060562"
  },
  {
    "ID Number": "1042009"
  },
  {
    "ID Number": "1042599"
  },
  {
    "ID Number": "1014609"
  },
  {
    "ID Number": "1046713"
  },
  {
    "ID Number": "1048406"
  },
  {
    "ID Number": "1000454"
  },
  {
    "ID Number": "1093592"
  },
  {
    "ID Number": "1034480"
  },
  {
    "ID Number": "1036530"
  },
  {
    "ID Number": "1060791"
  },
  {
    "ID Number": "1010930"
  },
  {
    "ID Number": "1058878"
  },
  {
    "ID Number": "1007599"
  },
  {
    "ID Number": "1085328"
  },
  {
    "ID Number": "1016261"
  },
  {
    "ID Number": "1003224"
  },
  {
    "ID Number": "1073869"
  },
  {
    "ID Number": "1021419"
  },
  {
    "ID Number": "1012533"
  },
  {
    "ID Number": "1063383"
  },
  {
    "ID Number": "1036076"
  },
  {
    "ID Number": "1005669"
  },
  {
    "ID Number": "1051407"
  },
  {
    "ID Number": "1067451"
  },
  {
    "ID Number": "40111105"
  },
  {
    "ID Number": "40104184"
  },
  {
    "ID Number": "40105288"
  },
  {
    "ID Number": "1054589"
  },
  {
    "ID Number": "1023861"
  },
  {
    "ID Number": "1046527"
  },
  {
    "ID Number": "1043587"
  },
  {
    "ID Number": "1072188"
  },
  {
    "ID Number": "1029622"
  },
  {
    "ID Number": "40105822"
  },
  {
    "ID Number": "1027425"
  },
  {
    "ID Number": "1031570"
  },
  {
    "ID Number": "1099132"
  },
  {
    "ID Number": "1099140"
  },
  {
    "ID Number": "1055917"
  },
  {
    "ID Number": "40117065"
  },
  {
    "ID Number": "1018329"
  },
  {
    "ID Number": "1058118"
  },
  {
    "ID Number": "1066005"
  },
  {
    "ID Number": "36052175"
  },
  {
    "ID Number": "1010344"
  },
  {
    "ID Number": "36052191"
  },
  {
    "ID Number": "1025414"
  },
  {
    "ID Number": "1073206"
  },
  {
    "ID Number": "1012550"
  },
  {
    "ID Number": "40101185"
  },
  {
    "ID Number": "1075543"
  },
  {
    "ID Number": "1063448"
  },
  {
    "ID Number": "40120686"
  },
  {
    "ID Number": "1089587"
  },
  {
    "ID Number": "1025422"
  },
  {
    "ID Number": "1045288"
  },
  {
    "ID Number": "1047213"
  },
  {
    "ID Number": "1004816"
  },
  {
    "ID Number": "40114295"
  },
  {
    "ID Number": "1025449"
  },
  {
    "ID Number": "40107353"
  },
  {
    "ID Number": "1004026"
  },
  {
    "ID Number": "1045270"
  },
  {
    "ID Number": "1094165"
  },
  {
    "ID Number": "1007394"
  },
  {
    "ID Number": "40104230"
  },
  {
    "ID Number": "1025457"
  },
  {
    "ID Number": "1046390"
  },
  {
    "ID Number": "1042637"
  },
  {
    "ID Number": "1002708"
  },
  {
    "ID Number": "1071637"
  },
  {
    "ID Number": "40101703"
  },
  {
    "ID Number": "1091310"
  },
  {
    "ID Number": "1010182"
  },
  {
    "ID Number": "1057545"
  },
  {
    "ID Number": "1094092"
  },
  {
    "ID Number": "1025503"
  },
  {
    "ID Number": "1045504"
  },
  {
    "ID Number": "1037943"
  },
  {
    "ID Number": "1003453"
  },
  {
    "ID Number": "1059025"
  },
  {
    "ID Number": "1009079"
  },
  {
    "ID Number": "1053744"
  },
  {
    "ID Number": "40106950"
  },
  {
    "ID Number": "1038060"
  },
  {
    "ID Number": "1016431"
  },
  {
    "ID Number": "1021788"
  },
  {
    "ID Number": "1072595"
  },
  {
    "ID Number": "1082914"
  },
  {
    "ID Number": "1033689"
  },
  {
    "ID Number": "1068750"
  },
  {
    "ID Number": "40102300"
  },
  {
    "ID Number": "1033697"
  },
  {
    "ID Number": "1023888"
  },
  {
    "ID Number": "1025538"
  },
  {
    "ID Number": "1022563"
  },
  {
    "ID Number": "1072579"
  },
  {
    "ID Number": "1034219"
  },
  {
    "ID Number": "1040634"
  },
  {
    "ID Number": "1025562"
  },
  {
    "ID Number": "1092103"
  },
  {
    "ID Number": "1035223"
  },
  {
    "ID Number": "40110699"
  },
  {
    "ID Number": "40102785"
  },
  {
    "ID Number": "1088661"
  },
  {
    "ID Number": "1025570"
  },
  {
    "ID Number": "1092090"
  },
  {
    "ID Number": "1039814"
  },
  {
    "ID Number": "1069268"
  },
  {
    "ID Number": "1014668"
  },
  {
    "ID Number": "1031279"
  },
  {
    "ID Number": "1012584"
  },
  {
    "ID Number": "1035002"
  },
  {
    "ID Number": "1049313"
  },
  {
    "ID Number": "1073249"
  },
  {
    "ID Number": "1040839"
  },
  {
    "ID Number": "1084291"
  },
  {
    "ID Number": "1059521"
  },
  {
    "ID Number": "1018370"
  },
  {
    "ID Number": "1068369"
  },
  {
    "ID Number": "1011588"
  },
  {
    "ID Number": "1037862"
  },
  {
    "ID Number": "1040081"
  },
  {
    "ID Number": "1050702"
  },
  {
    "ID Number": "1037951"
  },
  {
    "ID Number": "1022024"
  },
  {
    "ID Number": "1027450"
  },
  {
    "ID Number": "1084950"
  },
  {
    "ID Number": "1051024"
  },
  {
    "ID Number": "40110290"
  },
  {
    "ID Number": "204374"
  },
  {
    "ID Number": "1024256"
  },
  {
    "ID Number": "1014200"
  },
  {
    "ID Number": "1083457"
  },
  {
    "ID Number": "40104265"
  },
  {
    "ID Number": "1050974"
  },
  {
    "ID Number": "1043790"
  },
  {
    "ID Number": "1085662"
  },
  {
    "ID Number": "40112365"
  },
  {
    "ID Number": "1054163"
  },
  {
    "ID Number": "1054783"
  },
  {
    "ID Number": "1054759"
  },
  {
    "ID Number": "1054619"
  },
  {
    "ID Number": "1096575"
  },
  {
    "ID Number": "1030027"
  },
  {
    "ID Number": "1096621"
  },
  {
    "ID Number": "1087940"
  },
  {
    "ID Number": "1033590"
  },
  {
    "ID Number": "1047990"
  },
  {
    "ID Number": "1008544"
  },
  {
    "ID Number": "1022903"
  },
  {
    "ID Number": "1050621"
  },
  {
    "ID Number": "40112403"
  },
  {
    "ID Number": "40111164"
  },
  {
    "ID Number": "40100634"
  },
  {
    "ID Number": "1048643"
  },
  {
    "ID Number": "1054554"
  },
  {
    "ID Number": "1011383"
  },
  {
    "ID Number": "1002880"
  },
  {
    "ID Number": "1016091"
  },
  {
    "ID Number": "1013009"
  },
  {
    "ID Number": "1058487"
  },
  {
    "ID Number": "1043390"
  },
  {
    "ID Number": "1045202"
  },
  {
    "ID Number": "1033271"
  },
  {
    "ID Number": "1001175"
  },
  {
    "ID Number": "499358"
  },
  {
    "ID Number": "40102319"
  },
  {
    "ID Number": "1006460"
  },
  {
    "ID Number": "1084348"
  },
  {
    "ID Number": "1007459"
  },
  {
    "ID Number": "1058754"
  },
  {
    "ID Number": "1008862"
  },
  {
    "ID Number": "1082930"
  },
  {
    "ID Number": "1084020"
  },
  {
    "ID Number": "1084011"
  },
  {
    "ID Number": "40112829"
  },
  {
    "ID Number": "1072374"
  },
  {
    "ID Number": "1015729"
  },
  {
    "ID Number": "1018400"
  },
  {
    "ID Number": "1014706"
  },
  {
    "ID Number": "1087134"
  },
  {
    "ID Number": "1082647"
  },
  {
    "ID Number": "1007998"
  },
  {
    "ID Number": "1059505"
  },
  {
    "ID Number": "1011138"
  },
  {
    "ID Number": "1007092"
  },
  {
    "ID Number": "1038257"
  },
  {
    "ID Number": "1089293"
  },
  {
    "ID Number": "1087690"
  },
  {
    "ID Number": "1098667"
  },
  {
    "ID Number": "1032720"
  },
  {
    "ID Number": "1008803"
  },
  {
    "ID Number": "1054660"
  },
  {
    "ID Number": "1072285"
  },
  {
    "ID Number": "40106306"
  },
  {
    "ID Number": "1028090"
  },
  {
    "ID Number": "1067311"
  },
  {
    "ID Number": "1094700"
  },
  {
    "ID Number": "1099701"
  },
  {
    "ID Number": "1054600"
  },
  {
    "ID Number": "1036378"
  },
  {
    "ID Number": "1027476"
  },
  {
    "ID Number": "1078356"
  },
  {
    "ID Number": "1081802"
  },
  {
    "ID Number": "1098543"
  },
  {
    "ID Number": "1083937"
  },
  {
    "ID Number": "40108848"
  },
  {
    "ID Number": "1008439"
  },
  {
    "ID Number": "1038222"
  },
  {
    "ID Number": "1004743"
  },
  {
    "ID Number": "1002759"
  },
  {
    "ID Number": "1029827"
  },
  {
    "ID Number": "1059980"
  },
  {
    "ID Number": "1069284"
  },
  {
    "ID Number": "1038095"
  },
  {
    "ID Number": "1085492"
  },
  {
    "ID Number": "40110885"
  },
  {
    "ID Number": "1082124"
  },
  {
    "ID Number": "40110753"
  },
  {
    "ID Number": "40102327"
  },
  {
    "ID Number": "1067508"
  },
  {
    "ID Number": "1089838"
  },
  {
    "ID Number": "1032852"
  },
  {
    "ID Number": "1038877"
  },
  {
    "ID Number": "1084275"
  },
  {
    "ID Number": "1095056"
  },
  {
    "ID Number": "40103331"
  },
  {
    "ID Number": "1058266"
  },
  {
    "ID Number": "1045130"
  },
  {
    "ID Number": "1005910"
  },
  {
    "ID Number": "1082183"
  },
  {
    "ID Number": "1047043"
  },
  {
    "ID Number": "1091980"
  },
  {
    "ID Number": "1007319"
  },
  {
    "ID Number": "40106330"
  },
  {
    "ID Number": "1029975"
  },
  {
    "ID Number": "1040391"
  },
  {
    "ID Number": "1070215"
  },
  {
    "ID Number": "1061364"
  },
  {
    "ID Number": "1068784"
  },
  {
    "ID Number": "1089242"
  },
  {
    "ID Number": "40110958"
  },
  {
    "ID Number": "1032224"
  },
  {
    "ID Number": "1058592"
  },
  {
    "ID Number": "1050982"
  },
  {
    "ID Number": "40120732"
  },
  {
    "ID Number": "40105075"
  },
  {
    "ID Number": "1052276"
  },
  {
    "ID Number": "1087320"
  },
  {
    "ID Number": "1073311"
  },
  {
    "ID Number": "40102335"
  },
  {
    "ID Number": "1054422"
  },
  {
    "ID Number": "1060813"
  },
  {
    "ID Number": "1047760"
  },
  {
    "ID Number": "40105890"
  },
  {
    "ID Number": "40120740"
  },
  {
    "ID Number": "1011901"
  },
  {
    "ID Number": "1006495"
  },
  {
    "ID Number": "1047566"
  },
  {
    "ID Number": "1084852"
  },
  {
    "ID Number": "1000152"
  },
  {
    "ID Number": "1016474"
  },
  {
    "ID Number": "1043293"
  },
  {
    "ID Number": "1045245"
  },
  {
    "ID Number": "1046551"
  },
  {
    "ID Number": "1099930"
  },
  {
    "ID Number": "40111040"
  },
  {
    "ID Number": "1092685"
  },
  {
    "ID Number": "40111776"
  },
  {
    "ID Number": "1021176"
  },
  {
    "ID Number": "1048465"
  },
  {
    "ID Number": "1037293"
  },
  {
    "ID Number": "1012371"
  },
  {
    "ID Number": "1022490"
  },
  {
    "ID Number": "1018477"
  },
  {
    "ID Number": "1025791"
  },
  {
    "ID Number": "40101304"
  },
  {
    "ID Number": "1016903"
  },
  {
    "ID Number": "1041096"
  },
  {
    "ID Number": "1087185"
  },
  {
    "ID Number": "1014781"
  },
  {
    "ID Number": "1029711"
  },
  {
    "ID Number": "1090747"
  },
  {
    "ID Number": "1085409"
  },
  {
    "ID Number": "1072250"
  },
  {
    "ID Number": "1005820"
  },
  {
    "ID Number": "1085549"
  },
  {
    "ID Number": "1034987"
  },
  {
    "ID Number": "208019"
  },
  {
    "ID Number": "1011472"
  },
  {
    "ID Number": "40118762"
  },
  {
    "ID Number": "1023047"
  },
  {
    "ID Number": "1025848"
  },
  {
    "ID Number": "1032593"
  },
  {
    "ID Number": "1030540"
  },
  {
    "ID Number": "204749"
  },
  {
    "ID Number": "1006070"
  },
  {
    "ID Number": "1055941"
  },
  {
    "ID Number": "1054708"
  },
  {
    "ID Number": "1052977"
  },
  {
    "ID Number": "1039369"
  },
  {
    "ID Number": "1054457"
  },
  {
    "ID Number": "40109615"
  },
  {
    "ID Number": "40109127"
  },
  {
    "ID Number": "1018507"
  },
  {
    "ID Number": "1073915"
  },
  {
    "ID Number": "40111873"
  },
  {
    "ID Number": "1020595"
  },
  {
    "ID Number": "1001752"
  },
  {
    "ID Number": "40109135"
  },
  {
    "ID Number": "1083465"
  },
  {
    "ID Number": "1066668"
  },
  {
    "ID Number": "1086510"
  },
  {
    "ID Number": "40102343"
  },
  {
    "ID Number": "1046349"
  },
  {
    "ID Number": "1049640"
  },
  {
    "ID Number": "1027158"
  },
  {
    "ID Number": "1061631"
  },
  {
    "ID Number": "1061275"
  },
  {
    "ID Number": "1060643"
  },
  {
    "ID Number": "40118789"
  },
  {
    "ID Number": "1000748"
  },
  {
    "ID Number": "1000063"
  },
  {
    "ID Number": "1085166"
  },
  {
    "ID Number": "107105259"
  },
  {
    "ID Number": "1057499"
  },
  {
    "ID Number": "1014862"
  },
  {
    "ID Number": "1010115"
  },
  {
    "ID Number": "1022121"
  },
  {
    "ID Number": "1025880"
  },
  {
    "ID Number": "1094823"
  },
  {
    "ID Number": "1013750"
  },
  {
    "ID Number": "1035762"
  },
  {
    "ID Number": "1072641"
  },
  {
    "ID Number": "1060767"
  },
  {
    "ID Number": "1091867"
  },
  {
    "ID Number": "1095200"
  },
  {
    "ID Number": "1050230"
  },
  {
    "ID Number": "1011162"
  },
  {
    "ID Number": "1020609"
  },
  {
    "ID Number": "1034448"
  },
  {
    "ID Number": "1071467"
  },
  {
    "ID Number": "1051725"
  },
  {
    "ID Number": "1019708"
  },
  {
    "ID Number": "1062581"
  },
  {
    "ID Number": "1013483"
  },
  {
    "ID Number": "1043706"
  },
  {
    "ID Number": "1048490"
  },
  {
    "ID Number": "1072196"
  },
  {
    "ID Number": "1072722"
  },
  {
    "ID Number": "1060490"
  },
  {
    "ID Number": "1050818"
  },
  {
    "ID Number": "1019627"
  },
  {
    "ID Number": "1040316"
  },
  {
    "ID Number": "1036203"
  },
  {
    "ID Number": "1080695"
  },
  {
    "ID Number": "1004972"
  },
  {
    "ID Number": "1046560"
  },
  {
    "ID Number": "1047361"
  },
  {
    "ID Number": "40118967"
  },
  {
    "ID Number": "1054023"
  },
  {
    "ID Number": "40111245"
  },
  {
    "ID Number": "1071351"
  },
  {
    "ID Number": "40107817"
  },
  {
    "ID Number": "40113000"
  },
  {
    "ID Number": "1044575"
  },
  {
    "ID Number": "1084259"
  },
  {
    "ID Number": "1092413"
  },
  {
    "ID Number": "1004239"
  },
  {
    "ID Number": "1000403"
  },
  {
    "ID Number": "1004760"
  },
  {
    "ID Number": "1007564"
  },
  {
    "ID Number": "1006622"
  },
  {
    "ID Number": "1004786"
  },
  {
    "ID Number": "40120279"
  },
  {
    "ID Number": "1022946"
  },
  {
    "ID Number": "1076310"
  },
  {
    "ID Number": "1054988"
  },
  {
    "ID Number": "40101215"
  },
  {
    "ID Number": "1019554"
  },
  {
    "ID Number": "1025953"
  },
  {
    "ID Number": "1001256"
  },
  {
    "ID Number": "1070177"
  },
  {
    "ID Number": "40118746"
  },
  {
    "ID Number": "1020633"
  },
  {
    "ID Number": "1055496"
  },
  {
    "ID Number": "1082086"
  },
  {
    "ID Number": "1008676"
  },
  {
    "ID Number": "1012797"
  },
  {
    "ID Number": "1021320"
  },
  {
    "ID Number": "1018604"
  },
  {
    "ID Number": "40118754"
  },
  {
    "ID Number": "1051040"
  },
  {
    "ID Number": "1053710"
  },
  {
    "ID Number": "1072315"
  },
  {
    "ID Number": "40116700"
  },
  {
    "ID Number": "40105466"
  },
  {
    "ID Number": "1058126"
  },
  {
    "ID Number": "1016326"
  },
  {
    "ID Number": "1041185"
  },
  {
    "ID Number": "1048074"
  },
  {
    "ID Number": "40118843"
  },
  {
    "ID Number": "40110222"
  },
  {
    "ID Number": "40109640"
  },
  {
    "ID Number": "1042874"
  },
  {
    "ID Number": "40105121"
  },
  {
    "ID Number": "1048309"
  },
  {
    "ID Number": "1099094"
  },
  {
    "ID Number": "107210924"
  },
  {
    "ID Number": "1051555"
  },
  {
    "ID Number": "1005294"
  },
  {
    "ID Number": "1013068"
  },
  {
    "ID Number": "1059467"
  },
  {
    "ID Number": "1040030"
  },
  {
    "ID Number": "1025996"
  },
  {
    "ID Number": "1068490"
  },
  {
    "ID Number": "40118487"
  },
  {
    "ID Number": "40119530"
  },
  {
    "ID Number": "1098276"
  },
  {
    "ID Number": "1098730"
  },
  {
    "ID Number": "1076990"
  },
  {
    "ID Number": "1094599"
  },
  {
    "ID Number": "1040502"
  },
  {
    "ID Number": "1032283"
  },
  {
    "ID Number": "1033662"
  },
  {
    "ID Number": "40100529"
  },
  {
    "ID Number": "1069470"
  },
  {
    "ID Number": "1007556"
  },
  {
    "ID Number": "1091999"
  },
  {
    "ID Number": "1006410"
  },
  {
    "ID Number": "1083970"
  },
  {
    "ID Number": "1083961"
  },
  {
    "ID Number": "1051067"
  },
  {
    "ID Number": "1046586"
  },
  {
    "ID Number": "1001302"
  },
  {
    "ID Number": "40118711"
  },
  {
    "ID Number": "1034626"
  },
  {
    "ID Number": "16207017"
  },
  {
    "ID Number": "1059661"
  },
  {
    "ID Number": "1050710"
  },
  {
    "ID Number": "1005626"
  },
  {
    "ID Number": "1050990"
  },
  {
    "ID Number": "1014870"
  },
  {
    "ID Number": "1052624"
  },
  {
    "ID Number": "40101410"
  },
  {
    "ID Number": "1085760"
  },
  {
    "ID Number": "1058401"
  },
  {
    "ID Number": "1027590"
  },
  {
    "ID Number": "1014897"
  },
  {
    "ID Number": "1066404"
  },
  {
    "ID Number": "1099442"
  },
  {
    "ID Number": "1092138"
  },
  {
    "ID Number": "1060848"
  },
  {
    "ID Number": "1040227"
  },
  {
    "ID Number": "1068709"
  },
  {
    "ID Number": "1059939"
  },
  {
    "ID Number": "1082817"
  },
  {
    "ID Number": "1088335"
  },
  {
    "ID Number": "1027930"
  },
  {
    "ID Number": "1037986"
  },
  {
    "ID Number": "1048287"
  },
  {
    "ID Number": "1026038"
  },
  {
    "ID Number": "1032631"
  },
  {
    "ID Number": "1050214"
  },
  {
    "ID Number": "1026054"
  },
  {
    "ID Number": "1052063"
  },
  {
    "ID Number": "1061658"
  },
  {
    "ID Number": "1058134"
  },
  {
    "ID Number": "40100960"
  },
  {
    "ID Number": "1087860"
  },
  {
    "ID Number": "1035371"
  },
  {
    "ID Number": "1073451"
  },
  {
    "ID Number": "40112845"
  },
  {
    "ID Number": "40118770"
  },
  {
    "ID Number": "1047230"
  },
  {
    "ID Number": "1032240"
  },
  {
    "ID Number": "1000136"
  },
  {
    "ID Number": "1039261"
  },
  {
    "ID Number": "1021184"
  },
  {
    "ID Number": "1021001"
  },
  {
    "ID Number": "1018680"
  },
  {
    "ID Number": "1043218"
  },
  {
    "ID Number": "1004735"
  },
  {
    "ID Number": "1084658"
  },
  {
    "ID Number": "1048376"
  },
  {
    "ID Number": "1054678"
  },
  {
    "ID Number": "1034863"
  },
  {
    "ID Number": "1010581"
  },
  {
    "ID Number": "1080113"
  },
  {
    "ID Number": "1009508"
  },
  {
    "ID Number": "1046730"
  },
  {
    "ID Number": "1037374"
  },
  {
    "ID Number": "1040090"
  },
  {
    "ID Number": "1045199"
  },
  {
    "ID Number": "1021010"
  },
  {
    "ID Number": "1009818"
  },
  {
    "ID Number": "1012908"
  },
  {
    "ID Number": "1005561"
  },
  {
    "ID Number": "1066862"
  },
  {
    "ID Number": "1019481"
  },
  {
    "ID Number": "1090623"
  },
  {
    "ID Number": "1045334"
  },
  {
    "ID Number": "1019350"
  },
  {
    "ID Number": "11700939"
  },
  {
    "ID Number": "1093053"
  },
  {
    "ID Number": "1038370"
  },
  {
    "ID Number": "13504444"
  },
  {
    "ID Number": "1002740"
  },
  {
    "ID Number": "34604812"
  },
  {
    "ID Number": "1086855"
  },
  {
    "ID Number": "1058223"
  },
  {
    "ID Number": "1094408"
  },
  {
    "ID Number": "40108066"
  },
  {
    "ID Number": "40108325"
  },
  {
    "ID Number": "1092804"
  },
  {
    "ID Number": "1019376"
  },
  {
    "ID Number": "1013246"
  },
  {
    "ID Number": "1012916"
  },
  {
    "ID Number": "4165322"
  },
  {
    "ID Number": "40105164"
  },
  {
    "ID Number": "1030787"
  },
  {
    "ID Number": "40110443"
  },
  {
    "ID Number": "1032178"
  },
  {
    "ID Number": "1030035"
  },
  {
    "ID Number": "1065882"
  },
  {
    "ID Number": "1013530"
  },
  {
    "ID Number": "1029525"
  },
  {
    "ID Number": "1047663"
  },
  {
    "ID Number": "1081330"
  },
  {
    "ID Number": "40111270"
  },
  {
    "ID Number": "1040650"
  },
  {
    "ID Number": "1045296"
  },
  {
    "ID Number": "1060805"
  },
  {
    "ID Number": "1031368"
  },
  {
    "ID Number": "1094645"
  },
  {
    "ID Number": "1092499"
  },
  {
    "ID Number": "1007246"
  },
  {
    "ID Number": "1063910"
  },
  {
    "ID Number": "1035843"
  },
  {
    "ID Number": "1012649"
  },
  {
    "ID Number": "1042262"
  },
  {
    "ID Number": "1011570"
  },
  {
    "ID Number": "1052047"
  },
  {
    "ID Number": "1044184"
  },
  {
    "ID Number": "1090380"
  },
  {
    "ID Number": "1029282"
  },
  {
    "ID Number": "1032747"
  },
  {
    "ID Number": "1016644"
  },
  {
    "ID Number": "1005642"
  },
  {
    "ID Number": "1013548"
  },
  {
    "ID Number": "1097580"
  },
  {
    "ID Number": "14400030"
  },
  {
    "ID Number": "1093770"
  },
  {
    "ID Number": "1006118"
  },
  {
    "ID Number": "40112950"
  },
  {
    "ID Number": "1052772"
  },
  {
    "ID Number": "1083864"
  },
  {
    "ID Number": "1048244"
  },
  {
    "ID Number": "1096320"
  },
  {
    "ID Number": "1055933"
  },
  {
    "ID Number": "1068881"
  },
  {
    "ID Number": "1010891"
  },
  {
    "ID Number": "1018736"
  },
  {
    "ID Number": "1016016"
  },
  {
    "ID Number": "1099221"
  },
  {
    "ID Number": "1026771"
  },
  {
    "ID Number": "1073508"
  },
  {
    "ID Number": "40108317"
  },
  {
    "ID Number": "1083953"
  },
  {
    "ID Number": "1054716"
  },
  {
    "ID Number": "1074830"
  },
  {
    "ID Number": "40101576"
  },
  {
    "ID Number": "1034340"
  },
  {
    "ID Number": "40101380"
  },
  {
    "ID Number": "1010743"
  },
  {
    "ID Number": "1019740"
  },
  {
    "ID Number": "1021036"
  },
  {
    "ID Number": "1042394"
  },
  {
    "ID Number": "1026275"
  },
  {
    "ID Number": "40104486"
  },
  {
    "ID Number": "1010719"
  },
  {
    "ID Number": "40106403"
  },
  {
    "ID Number": "1002694"
  },
  {
    "ID Number": "1095765"
  },
  {
    "ID Number": "1007858"
  },
  {
    "ID Number": "40120490"
  },
  {
    "ID Number": "1010824"
  },
  {
    "ID Number": "1016989"
  },
  {
    "ID Number": "1008048"
  },
  {
    "ID Number": "1011316"
  },
  {
    "ID Number": "40101495"
  },
  {
    "ID Number": "1051440"
  },
  {
    "ID Number": "1068903"
  },
  {
    "ID Number": "1029576"
  },
  {
    "ID Number": "40101967"
  },
  {
    "ID Number": "1095846"
  },
  {
    "ID Number": "40102394"
  },
  {
    "ID Number": "40109356"
  },
  {
    "ID Number": "1065572"
  },
  {
    "ID Number": "1028766"
  },
  {
    "ID Number": "1026356"
  },
  {
    "ID Number": "1095781"
  },
  {
    "ID Number": "1071912"
  },
  {
    "ID Number": "1045180"
  },
  {
    "ID Number": "1095919"
  },
  {
    "ID Number": "1087401"
  },
  {
    "ID Number": "1002686"
  },
  {
    "ID Number": "1055070"
  },
  {
    "ID Number": "1055003"
  },
  {
    "ID Number": "1095838"
  },
  {
    "ID Number": "1002899"
  },
  {
    "ID Number": "1091840"
  },
  {
    "ID Number": "1062425"
  },
  {
    "ID Number": "1093266"
  },
  {
    "ID Number": "1044087"
  },
  {
    "ID Number": "40102360"
  },
  {
    "ID Number": "1040952"
  },
  {
    "ID Number": "1044630"
  },
  {
    "ID Number": "1000012"
  },
  {
    "ID Number": "40104524"
  },
  {
    "ID Number": "1058398"
  },
  {
    "ID Number": "40101762"
  },
  {
    "ID Number": "1026380"
  },
  {
    "ID Number": "1022652"
  },
  {
    "ID Number": "1026399"
  },
  {
    "ID Number": "1008013"
  },
  {
    "ID Number": "1057871"
  },
  {
    "ID Number": "1091735"
  },
  {
    "ID Number": "7605820"
  },
  {
    "ID Number": "40112853"
  },
  {
    "ID Number": "1017632"
  },
  {
    "ID Number": "1012800"
  },
  {
    "ID Number": "1066994"
  },
  {
    "ID Number": "1050842"
  },
  {
    "ID Number": "1031260"
  },
  {
    "ID Number": "40109372"
  },
  {
    "ID Number": "1052560"
  },
  {
    "ID Number": "1076787"
  },
  {
    "ID Number": "40112373"
  },
  {
    "ID Number": "1054627"
  },
  {
    "ID Number": "1051288"
  },
  {
    "ID Number": "1072048"
  },
  {
    "ID Number": "1004450"
  },
  {
    "ID Number": "1015478"
  },
  {
    "ID Number": "1010271"
  },
  {
    "ID Number": "40108929"
  },
  {
    "ID Number": "1000691"
  },
  {
    "ID Number": "1078259"
  },
  {
    "ID Number": "1085530"
  },
  {
    "ID Number": "1017250"
  },
  {
    "ID Number": "1018795"
  },
  {
    "ID Number": "40120767"
  },
  {
    "ID Number": "40103595"
  },
  {
    "ID Number": "1045261"
  },
  {
    "ID Number": "40112381"
  },
  {
    "ID Number": "1058614"
  },
  {
    "ID Number": "40118878"
  },
  {
    "ID Number": "1054562"
  },
  {
    "ID Number": "1011251"
  },
  {
    "ID Number": "1045067"
  },
  {
    "ID Number": "40111520"
  },
  {
    "ID Number": "1049771"
  },
  {
    "ID Number": "1061518"
  },
  {
    "ID Number": "1012762"
  },
  {
    "ID Number": "1088130"
  },
  {
    "ID Number": "1070533"
  },
  {
    "ID Number": "1028936"
  },
  {
    "ID Number": "1002112"
  },
  {
    "ID Number": "1068385"
  },
  {
    "ID Number": "1009583"
  },
  {
    "ID Number": "1044834"
  },
  {
    "ID Number": "1008773"
  },
  {
    "ID Number": "1038303"
  },
  {
    "ID Number": "1068466"
  },
  {
    "ID Number": "1028073"
  },
  {
    "ID Number": "1003062"
  },
  {
    "ID Number": "1000551"
  },
  {
    "ID Number": "1088793"
  },
  {
    "ID Number": "40104559"
  },
  {
    "ID Number": "1054805"
  },
  {
    "ID Number": "1068474"
  },
  {
    "ID Number": "1016407"
  },
  {
    "ID Number": "1024027"
  },
  {
    "ID Number": "1004670"
  },
  {
    "ID Number": "1051946"
  },
  {
    "ID Number": "1030809"
  },
  {
    "ID Number": "1058142"
  },
  {
    "ID Number": "1008684"
  },
  {
    "ID Number": "40101592"
  },
  {
    "ID Number": "1026496"
  },
  {
    "ID Number": "1035975"
  },
  {
    "ID Number": "1015010"
  },
  {
    "ID Number": "1023225"
  },
  {
    "ID Number": "1043846"
  },
  {
    "ID Number": "1020110"
  },
  {
    "ID Number": "1005880"
  },
  {
    "ID Number": "1003720"
  },
  {
    "ID Number": "1012924"
  },
  {
    "ID Number": "40102297"
  },
  {
    "ID Number": "1096362"
  },
  {
    "ID Number": "1030892"
  },
  {
    "ID Number": "1008030"
  },
  {
    "ID Number": "1089862"
  },
  {
    "ID Number": "1080563"
  },
  {
    "ID Number": "1001787"
  },
  {
    "ID Number": "1040910"
  },
  {
    "ID Number": "1035347"
  },
  {
    "ID Number": "40102270"
  },
  {
    "ID Number": "1087363"
  },
  {
    "ID Number": "1060821"
  },
  {
    "ID Number": "1010603"
  },
  {
    "ID Number": "1018850"
  },
  {
    "ID Number": "1019260"
  },
  {
    "ID Number": "1039717"
  },
  {
    "ID Number": "1005758"
  },
  {
    "ID Number": "1048279"
  },
  {
    "ID Number": "1008722"
  },
  {
    "ID Number": "1048325"
  },
  {
    "ID Number": "1027964"
  },
  {
    "ID Number": "1068920"
  },
  {
    "ID Number": "40109658"
  },
  {
    "ID Number": "1068393"
  },
  {
    "ID Number": "1012061"
  },
  {
    "ID Number": "40102009"
  },
  {
    "ID Number": "1039687"
  },
  {
    "ID Number": "1021443"
  },
  {
    "ID Number": "1022601"
  },
  {
    "ID Number": "1046926"
  },
  {
    "ID Number": "1022938"
  },
  {
    "ID Number": "1049364"
  },
  {
    "ID Number": "1015753"
  },
  {
    "ID Number": "1054724"
  },
  {
    "ID Number": "1096532"
  },
  {
    "ID Number": "1053620"
  },
  {
    "ID Number": "1000470"
  },
  {
    "ID Number": "1000020"
  },
  {
    "ID Number": "1069314"
  },
  {
    "ID Number": "1018876"
  },
  {
    "ID Number": "1021451"
  },
  {
    "ID Number": "1026615"
  },
  {
    "ID Number": "1004204"
  },
  {
    "ID Number": "1072773"
  },
  {
    "ID Number": "1015184"
  },
  {
    "ID Number": "1006797"
  },
  {
    "ID Number": "1059629"
  },
  {
    "ID Number": "1074121"
  },
  {
    "ID Number": "1009958"
  },
  {
    "ID Number": "1015311"
  },
  {
    "ID Number": "1028693"
  },
  {
    "ID Number": "1016733"
  },
  {
    "ID Number": "1018892"
  },
  {
    "ID Number": "1054210"
  },
  {
    "ID Number": "1016423"
  },
  {
    "ID Number": "40103200"
  },
  {
    "ID Number": "40101290"
  },
  {
    "ID Number": "1026623"
  },
  {
    "ID Number": "1045210"
  },
  {
    "ID Number": "1085042"
  },
  {
    "ID Number": "40101088"
  },
  {
    "ID Number": "1041428"
  },
  {
    "ID Number": "1015222"
  },
  {
    "ID Number": "1089340"
  },
  {
    "ID Number": "1002090"
  },
  {
    "ID Number": "1064061"
  },
  {
    "ID Number": "1060252"
  },
  {
    "ID Number": "40102130"
  },
  {
    "ID Number": "1044605"
  },
  {
    "ID Number": "1039784"
  },
  {
    "ID Number": "1039792"
  },
  {
    "ID Number": "1051563"
  },
  {
    "ID Number": "1052020"
  },
  {
    "ID Number": "1043870"
  },
  {
    "ID Number": "1045229"
  },
  {
    "ID Number": "1083171"
  },
  {
    "ID Number": "1068407"
  },
  {
    "ID Number": "1072170"
  },
  {
    "ID Number": "1036394"
  },
  {
    "ID Number": "40118703"
  },
  {
    "ID Number": "1092839"
  },
  {
    "ID Number": "1096281"
  },
  {
    "ID Number": "1003992"
  },
  {
    "ID Number": "1045164"
  },
  {
    "ID Number": "1084518"
  },
  {
    "ID Number": "1041452"
  },
  {
    "ID Number": "40118800"
  },
  {
    "ID Number": "40103382"
  },
  {
    "ID Number": "1056778"
  },
  {
    "ID Number": "1050427"
  },
  {
    "ID Number": "40102289"
  },
  {
    "ID Number": "1005596"
  },
  {
    "ID Number": "1008161"
  },
  {
    "ID Number": "1085735"
  },
  {
    "ID Number": "1045326"
  },
  {
    "ID Number": "40112420"
  },
  {
    "ID Number": "40101827"
  },
  {
    "ID Number": "1017594"
  },
  {
    "ID Number": "1046039"
  },
  {
    "ID Number": "1020854"
  },
  {
    "ID Number": "1019414"
  },
  {
    "ID Number": "1012827"
  },
  {
    "ID Number": "1004883"
  },
  {
    "ID Number": "1083708"
  },
  {
    "ID Number": "1068512"
  },
  {
    "ID Number": "1058240"
  },
  {
    "ID Number": "1058274"
  },
  {
    "ID Number": "1037153"
  },
  {
    "ID Number": "40112969"
  },
  {
    "ID Number": "1021079"
  },
  {
    "ID Number": "1029100"
  },
  {
    "ID Number": "1042769"
  },
  {
    "ID Number": "1012665"
  },
  {
    "ID Number": "1036939"
  },
  {
    "ID Number": "1021354"
  },
  {
    "ID Number": "1034995"
  },
  {
    "ID Number": "1054635"
  },
  {
    "ID Number": "1054651"
  },
  {
    "ID Number": "1070088"
  },
  {
    "ID Number": "1065840"
  },
  {
    "ID Number": "1042890"
  },
  {
    "ID Number": "229997"
  },
  {
    "ID Number": "1013076"
  },
  {
    "ID Number": "1003666"
  },
  {
    "ID Number": "1048317"
  },
  {
    "ID Number": "1019422"
  },
  {
    "ID Number": "40107825"
  },
  {
    "ID Number": "1047051"
  },
  {
    "ID Number": "1035967"
  },
  {
    "ID Number": "40111121"
  },
  {
    "ID Number": "1022741"
  },
  {
    "ID Number": "1015303"
  },
  {
    "ID Number": "1068415"
  },
  {
    "ID Number": "1068423"
  },
  {
    "ID Number": "1026755"
  },
  {
    "ID Number": "1073680"
  },
  {
    "ID Number": "1047248"
  },
  {
    "ID Number": "1060759"
  },
  {
    "ID Number": "40102181"
  },
  {
    "ID Number": "1021290"
  },
  {
    "ID Number": "1097199"
  },
  {
    "ID Number": "1019821"
  },
  {
    "ID Number": "1002783"
  },
  {
    "ID Number": "1004581"
  },
  {
    "ID Number": "1051075"
  },
  {
    "ID Number": "1010000"
  },
  {
    "ID Number": "1003151"
  },
  {
    "ID Number": "1099256"
  },
  {
    "ID Number": "1020170"
  },
  {
    "ID Number": "1074253"
  },
  {
    "ID Number": "1048422"
  },
  {
    "ID Number": "1060538"
  },
  {
    "ID Number": "1011421"
  },
  {
    "ID Number": "1009800"
  },
  {
    "ID Number": "1090917"
  },
  {
    "ID Number": "1032267"
  },
  {
    "ID Number": "1026801"
  },
  {
    "ID Number": "1012673"
  },
  {
    "ID Number": "1045350"
  },
  {
    "ID Number": "1060775"
  },
  {
    "ID Number": "1000268"
  },
  {
    "ID Number": "1004395"
  },
  {
    "ID Number": "1048414"
  },
  {
    "ID Number": "1053639"
  },
  {
    "ID Number": "1014021"
  },
  {
    "ID Number": "1013890"
  },
  {
    "ID Number": "40108295"
  },
  {
    "ID Number": "1002872"
  },
  {
    "ID Number": "1004166"
  },
  {
    "ID Number": "107111292"
  },
  {
    "ID Number": "1096273"
  },
  {
    "ID Number": "1068431"
  },
  {
    "ID Number": "1042696"
  },
  {
    "ID Number": "1095773"
  },
  {
    "ID Number": "40109445"
  },
  {
    "ID Number": "1029258"
  },
  {
    "ID Number": "1093134"
  },
  {
    "ID Number": "1063790"
  },
  {
    "ID Number": "1072030"
  },
  {
    "ID Number": "1026933"
  },
  {
    "ID Number": "1044001"
  },
  {
    "ID Number": "1047264"
  },
  {
    "ID Number": "1054775"
  },
  {
    "ID Number": "1083163"
  },
  {
    "ID Number": "1023640"
  },
  {
    "ID Number": "1060856"
  },
  {
    "ID Number": "40102378"
  },
  {
    "ID Number": "1002198"
  },
  {
    "ID Number": "1026968"
  },
  {
    "ID Number": "1074261"
  },
  {
    "ID Number": "1058070"
  },
  {
    "ID Number": "1091700"
  },
  {
    "ID Number": "1067885"
  },
  {
    "ID Number": "1054570"
  },
  {
    "ID Number": "1070223"
  },
  {
    "ID Number": "1028790"
  },
  {
    "ID Number": "1004271"
  },
  {
    "ID Number": "1092715"
  },
  {
    "ID Number": "1007980"
  },
  {
    "ID Number": "40109399"
  },
  {
    "ID Number": "1061453"
  },
  {
    "ID Number": "1091123"
  },
  {
    "ID Number": "1010204"
  },
  {
    "ID Number": "1035029"
  },
  {
    "ID Number": "1082566"
  },
  {
    "ID Number": "1041517"
  },
  {
    "ID Number": "1052080"
  },
  {
    "ID Number": "1046632"
  },
  {
    "ID Number": "1072854"
  },
  {
    "ID Number": "1013351"
  },
  {
    "ID Number": "1000764"
  },
  {
    "ID Number": "1032313"
  },
  {
    "ID Number": "1032259"
  },
  {
    "ID Number": "1068776"
  },
  {
    "ID Number": "1007300"
  },
  {
    "ID Number": "40112411"
  },
  {
    "ID Number": "1014153"
  },
  {
    "ID Number": "1059378"
  },
  {
    "ID Number": "1036025"
  },
  {
    "ID Number": "1005634"
  },
  {
    "ID Number": "1048333"
  },
  {
    "ID Number": "1048350"
  },
  {
    "ID Number": "1051768"
  },
  {
    "ID Number": "1008730"
  },
  {
    "ID Number": "1094505"
  },
  {
    "ID Number": "1047558"
  },
  {
    "ID Number": "1050265"
  },
  {
    "ID Number": "1008293"
  },
  {
    "ID Number": "1019090"
  },
  {
    "ID Number": "1051083"
  },
  {
    "ID Number": "1030256"
  },
  {
    "ID Number": "1021990"
  },
  {
    "ID Number": "1024175"
  },
  {
    "ID Number": "1048104"
  },
  {
    "ID Number": "1050036"
  },
  {
    "ID Number": "1060996"
  },
  {
    "ID Number": "1053787"
  },
  {
    "ID Number": "1059815"
  },
  {
    "ID Number": "1004182"
  },
  {
    "ID Number": "107210595"
  },
  {
    "ID Number": "1014188"
  },
  {
    "ID Number": "1007009"
  },
  {
    "ID Number": "1213261"
  },
  {
    "ID Number": "1009290"
  },
  {
    "ID Number": "1080369"
  },
  {
    "ID Number": "1001310"
  },
  {
    "ID Number": "1013319"
  },
  {
    "ID Number": "1088734"
  },
  {
    "ID Number": "1035185"
  },
  {
    "ID Number": "1058959"
  },
  {
    "ID Number": "1021729"
  },
  {
    "ID Number": "1002864"
  },
  {
    "ID Number": "1061399"
  },
  {
    "ID Number": "1050745"
  },
  {
    "ID Number": "40108619"
  },
  {
    "ID Number": "40111512"
  },
  {
    "ID Number": "1002589"
  },
  {
    "ID Number": "1010840"
  },
  {
    "ID Number": "1094424"
  },
  {
    "ID Number": "1007238"
  },
  {
    "ID Number": "1085930"
  },
  {
    "ID Number": "1087150"
  },
  {
    "ID Number": "1003887"
  },
  {
    "ID Number": "40101460"
  },
  {
    "ID Number": "1092375"
  },
  {
    "ID Number": "1041290"
  },
  {
    "ID Number": "1090500"
  },
  {
    "ID Number": "1066609"
  },
  {
    "ID Number": "1046403"
  },
  {
    "ID Number": "1084313"
  },
  {
    "ID Number": "1092855"
  },
  {
    "ID Number": "1093525"
  },
  {
    "ID Number": "1068482"
  },
  {
    "ID Number": "1008889"
  },
  {
    "ID Number": "1057430"
  },
  {
    "ID Number": "1039016"
  },
  {
    "ID Number": "40102041"
  },
  {
    "ID Number": "1003038"
  },
  {
    "ID Number": "1058568"
  },
  {
    "ID Number": "40118908"
  },
  {
    "ID Number": "1057928"
  },
  {
    "ID Number": "1027255"
  },
  {
    "ID Number": "40109534"
  },
  {
    "ID Number": "1063804"
  },
  {
    "ID Number": "40111148"
  },
  {
    "ID Number": "1073826"
  },
  {
    "ID Number": "40101932"
  },
  {
    "ID Number": "40102386"
  },
  {
    "ID Number": "40109739"
  },
  {
    "ID Number": "1080687"
  },
  {
    "ID Number": "1052527"
  },
  {
    "ID Number": "1068938"
  },
  {
    "ID Number": "40100570"
  },
  {
    "ID Number": "1027808"
  },
  {
    "ID Number": "1038656"
  },
  {
    "ID Number": "40107175"
  },
  {
    "ID Number": "40111172"
  },
  {
    "ID Number": "1084330"
  },
  {
    "ID Number": "1012207"
  },
  {
    "ID Number": "1024280"
  },
  {
    "ID Number": "1005510"
  },
  {
    "ID Number": "1036432"
  }
]