ID Number,Name,Fed,Sex,Title,WTit,OTit,Rating,Gms,K,RatingMonth,B-day,Flag
13535234,"Abakunchyk, Akim",BLR,M,,,,1554,0,40,AUG25,2013,
13505700,"Abramenko, Sergey",BLR,M,,,,2158,0,20,AUG25,1989,i
13517775,"Abramenko, Vladimir",BLR,M,,,,1560,0,20,AUG25,2005,i
13512609,"Abrazevich, Yauheni",BLR,M,,,,1877,0,20,AUG25,2005,i
13539531,"Adamenya, Timofei",BLR,M,,,,1520,0,20,AUG25,2004,
13538594,"Ageev, Alexander",BLR,M,,,,1516,0,40,AUG25,2012,
13506544,"Agrafenin, Andrey",BLR,M,,,,1947,0,20,AUG25,1988,
13513850,"Ajusheva, Renata",BLR,F,,,,1835,11,20,AUG25,2006,w
13505467,"Akulenko, Artem",BLR,M,,,,2066,0,20,AUG25,1983,i
13526197,"Al Sheikh, Alena",BLR,M,,,,1588,0,20,AUG25,2004,i
13500139,"Aleksandrov, Aleksej",BLR,M,GM,,,2355,0,10,AUG25,1973,
13521080,"Aleneu, Maksim",BLR,M,,,,1619,0,40,AUG25,2007,i
13516507,"Aleshko, Igor L",BLR,M,,,,1553,0,20,AUG25,1967,i
13516221,"Aleshko, Margarita",BLR,F,,,,1518,0,20,AUG25,2005,wi
13530208,"Alishevich, Aleksandr Vl",BLR,M,,,,1920,0,20,AUG25,2005,i
13514806,"Anchuk, Aleksandr",BLR,M,,,,1695,0,20,AUG25,1961,i
13531395,"Anchukaitsis, Vitali",BLR,M,,,,1611,0,20,AUG25,1975,i
13518275,"Andreev, Andrei L",BLR,M,,,,2074,0,20,AUG25,1954,i
13520679,"Andreyeu, Dzmitry",BLR,M,,,,1644,0,40,AUG25,2009,i
13511750,"Androsuk, Aleksey",BLR,M,,,,1938,0,20,AUG25,0,
13509713,"Andrukhovich, Anastasiya",BLR,F,,,,1893,0,20,AUG25,0,wi
13536346,"Andrukhovich, Dmitri",BLR,M,,,,1490,0,40,AUG25,2012,
13516183,"Andrukhovich, Elizaveta",BLR,F,,,,1637,10,40,AUG25,2007,w
13512960,"Aniskovich, Aleksandr",BLR,M,,,,1906,0,20,AUG25,1959,i
13512650,"Anop, Aliaksandr",BLR,M,,,,1707,0,20,AUG25,2004,i
13529730,"Anoshka, Maksim",BLR,M,,,,1512,0,40,AUG25,2010,i
13533665,"Antonau, Platon",BLR,M,,,,1515,9,40,AUG25,2014,
13534220,"Antonenko, Aleksandr",BLR,M,,,,1473,0,20,AUG25,1955,i
13513869,"Antonovich, Aleksei",BLR,M,,,,1693,0,20,AUG25,1986,i
13507125,"Antonovich, Tatiana",BLR,F,,FA,,1770,0,20,AUG25,2000,wi
13531085,"Antonyak, Lev",BLR,M,,,,1440,0,40,AUG25,2010,i
13538527,Arbuzov Piotr,BLR,M,,,,1622,0,20,AUG25,1983,
13529749,"Arhipov, Roman",BLR,M,,,,1882,11,20,AUG25,2006,
13530798,"Arip, Talal",BLR,M,,,,1554,0,40,AUG25,2007,i
13526529,"Arkhipov, Roman",BLR,M,,,,1689,0,20,AUG25,2006,i
13505475,"Arlou, Valery",BLR,M,,,,1479,0,20,AUG25,1945,
13518933,"Arlova, Volha",BLR,F,,,,1525,0,40,AUG25,2009,wi
13528017,"Artamonov, Vladimir",BLR,M,,,,1894,0,20,AUG25,1951,i
13510045,"Artsiomau, Stanislau",BLR,M,,,,1991,0,20,AUG25,2002,i
13534092,"Arutsiunian, David",BLR,M,,,,1647,0,40,AUG25,2011,i
13525050,"Asinski, Nikita",BLR,M,,,,1615,0,40,AUG25,2008,
13522817,"Astapchyk, Darya",BLR,F,,,,1678,0,20,AUG25,2003,wi
13537083,"Astapenka, Artsiom",BLR,M,,,,1669,0,40,AUG25,2013,
13522884,"Astrazhynski, Yan",BLR,M,,,,1516,0,20,AUG25,2001,i
13531298,"Astrovski, Roman",BLR,M,,,,1797,9,40,AUG25,2012,
13522736,"Ausianikau, Viktar",BLR,M,,,,1747,0,20,AUG25,1978,i
13535242,"Avanesyan, Tigran",BLR,M,,,,1629,0,40,AUG25,2013,
13529099,"Azarenok, Aleksandra",BLR,F,,,,1564,9,20,AUG25,2003,w
13511920,"Babenkov, Pavel",BLR,M,,,,2025,0,20,AUG25,1999,i
13536451,"Bachyla, Yauheniy",BLR,M,,,,1502,0,20,AUG25,2000,i
13531875,"Bahdanovich, Mikhail",BLR,M,,,,1725,0,40,AUG25,2008,
13513583,"Baldousky, Daniil",BLR,M,,,,1795,0,20,AUG25,1998,i
13519743,"Balshakou, Ivan",BLR,M,,,,1690,0,40,AUG25,2007,i
13517562,"Baltutski, Mikhail",BLR,M,,,,1479,0,20,AUG25,2006,i
13529765,"Bandarenka, Artsiom",BLR,M,,,,1629,0,20,AUG25,1991,i
13518810,"Bandarenka, Mikita",BLR,M,,,,1664,0,40,AUG25,2008,i
13528700,"Baran, Yury",BLR,M,,,,1558,0,20,AUG25,1974,i
13527231,"Baranov, Vasili",BLR,M,,,,1468,0,20,AUG25,1957,i
13518623,"Baravik, Ilya",BLR,M,,,,1587,0,40,AUG25,2007,i
13538080,"Barayan, Arseni",BLR,M,,,,1536,0,40,AUG25,2012,
13538748,"Bareika, Artsiom",BLR,M,,,,1507,0,40,AUG25,2014,
13509357,"Barkovskiy, Aliaksandr",BLR,M,,,,1851,10,20,AUG25,2002,
13522990,"Barkovskiy, Daniil",BLR,M,,,,1792,0,20,AUG25,2003,i
13521225,"Barsehian, Alik",BLR,M,,,,1690,0,40,AUG25,2007,i
13505688,"Barski, Viktar",BLR,M,,,,1855,0,20,AUG25,1993,i
13532634,"Bartash, Saveli",BLR,M,,,,1843,0,40,AUG25,2014,
13530321,"Bas, Marsel",BLR,M,,,,1762,11,40,AUG25,2009,
13513788,"Bashinski, Mikita",BLR,M,,,,1626,0,20,AUG25,2006,i
13507044,"Beinenson, Katsiaryna",BLR,F,WFM,WFM,,2009,0,20,AUG25,1998,wi
13538292,"Beliakov, Maksim",BLR,M,,,,1478,0,40,AUG25,2010,
13513184,"Belmach, Dmitriy",BLR,M,,,,1690,0,20,AUG25,2005,i
13516191,"Belov, Mikhail",BLR,M,,,,1631,0,20,AUG25,2005,i
13528840,"Berillo, Pavel",BLR,M,,,,1413,0,40,AUG25,2014,
13505491,"Berlin, Dmitriy",BLR,M,,,,1990,0,20,AUG25,1975,i
13511700,"Berlin, Olga",BLR,F,,,,1725,0,20,AUG25,0,wi
13522221,"Berlin, Siarhei",BLR,M,,,,1620,0,20,AUG25,2002,i
13501445,"Berlin, Tatiana",BLR,F,WIM,WIM,,2064,0,20,AUG25,1977,wi
13510703,"Bezenson, Anton",BLR,M,,,,1860,0,20,AUG25,2003,i
13516930,"Bialevich, Maryia",BLR,F,,,,1563,0,20,AUG25,2006,wi
13516108,"Bialiauski, Artsiom",BLR,M,,,,2235,0,40,AUG25,2008,
13509551,"Bichun, Dmitri",BLR,M,,,,1901,0,20,AUG25,2002,i
13510711,"Biran, Anastasiya",BLR,F,,,,1688,0,20,AUG25,2004,wi
13538543,Birilo Timur,BLR,M,,,,1443,0,40,AUG25,2014,
13500260,"Bodyakovsky, Nikita",BLR,M,,,,2071,0,20,AUG25,0,i
13502638,"Bogdan, Ekaterina",BLR,F,WFM,WFM,,2001,0,20,AUG25,1993,wi
13526278,"Bogdanov, Evgeny",BLR,M,,,,1718,0,40,AUG25,2008,i
13501070,"Bogdanovich, Evgeniy",BLR,M,,,,1496,0,20,AUG25,1995,
13501186,"Bogodukhov, Roman",BLR,M,,,,1665,0,20,AUG25,1991,i
13523767,"Bohach, Stanislau",BLR,M,,,,1458,0,40,AUG25,2007,i
13525441,"Bohdan, Arseni",BLR,M,,,,1483,0,40,AUG25,2007,i
13530283,"Boika, Aliaksandr",BLR,M,,,,1684,8,40,AUG25,2013,
13537245,"Boika, Daniil",BLR,M,,,,1582,0,40,AUG25,2011,
13512773,"Boiko, Aleksei",BLR,M,,,,1835,0,20,AUG25,0,
13532979,"Boikov, Stepan",BLR,M,,,,1447,0,40,AUG25,2014,i
13525069,"Bolondz, Yan",BLR,M,,,,1585,0,40,AUG25,2007,i
13532987,"Bondarev, Roman",BLR,M,,,,1630,0,40,AUG25,2012,
13523333,"Borodulin, Pavel",BLR,M,,,,1659,0,20,AUG25,2003,i
13538608,"Borovik, Kristina",BLR,F,,,,1468,0,20,AUG25,2001,w
13520385,"Borovikova, Marija",BLR,F,,,,1856,0,40,AUG25,2008,w
13504703,"Borsuk, Yury",BLR,M,FM,FT,,2278,0,10,AUG25,1989,
13526537,"Boyarin, Vlad",BLR,M,,,,1602,0,20,AUG25,2006,i
13527630,"Boyeu, Andrei",BLR,M,,,,1816,0,20,AUG25,1988,i
13500490,"Brovko, Nadezhda",BLR,F,,,,1899,0,20,AUG25,1983,wi
13530577,"Brovko, Yan",BLR,M,,,,1570,0,40,AUG25,2008,
13526286,"Brutski, Denis",BLR,M,,,,1833,0,40,AUG25,2008,
13519662,"Brytsikau, Makar",BLR,M,,,,1855,10,40,AUG25,2008,
13533355,"Bryzitski, Dzmitry",BLR,M,,,,1555,0,20,AUG25,1987,
13528947,"Bubeshka, Ivan",BLR,M,,,,1854,0,20,AUG25,1950,i
13515810,"Bubeshko, Ivan",BLR,M,,,,1806,0,20,AUG25,1952,i
13539078,"Buchtilov, Pavel",BLR,M,,,,1452,0,20,AUG25,2006,
13536060,"Budnikava, Maryia",BLR,F,,,,1609,0,40,AUG25,2012,w
13522370,"Bukhavets, Ustin",BLR,M,,,,1541,0,40,AUG25,2007,i
13506382,"Bulanov, Dmitri",BLR,M,FM,,,2386,0,20,AUG25,1991,i
13535323,"Bulanova, Kira",BLR,F,,,,1446,0,40,AUG25,2014,w
13525484,"Buldovich, Raman",BLR,M,,,,1732,0,40,AUG25,2008,
13518038,"Burak, Aleksej",BLR,M,,,,1982,0,20,AUG25,1984,i
13517953,"Burak, Vyacheslav",BLR,M,,,,1622,0,40,AUG25,2009,
13532871,"Burbitskii, Ivan",BLR,M,,,,1619,0,40,AUG25,2008,i
13514652,"Burdilovski, Artem",BLR,M,,,,1689,0,20,AUG25,2001,i
13526561,"Burdyka, Maya",BLR,F,,,,1429,0,40,AUG25,2012,wi
13519131,"Bury, Gleb M",BLR,M,,,,1984,0,20,AUG25,1986,i
13509276,"Bury, Yahor",BLR,M,,,,1726,0,20,AUG25,2003,i
13520334,"Busel, Nikolay",BLR,M,,,,1682,0,20,AUG25,1954,
13510347,"Buzhan, Aleksandr",BLR,M,,,,1750,0,20,AUG25,1959,i
13503235,"Buzuk, Rostislav",BLR,M,,,,1942,0,20,AUG25,1946,i
13534319,"Bychko, Oleg",BLR,M,,,,1439,0,40,AUG25,2011,i
13514954,"Bychkov, Nikolai",BLR,M,,,,1866,0,20,AUG25,1956,i
13500880,"Bystrov, Alexander",BLR,M,FM,,,2105,0,20,AUG25,1963,i
13540734,"Bystrov, Aliaksandr",BLR,M,,,,1506,0,20,AUG25,2001,
13514920,"Casur, Jan",BLR,M,,,,1660,0,20,AUG25,2005,i
13505505,"Chaevski, Andrei",BLR,M,,,,2056,0,20,AUG25,1983,i
13521454,"Chapialiuk, Aliaksei",BLR,M,,,,1801,0,20,AUG25,2006,i
13531417,"Charnazub, Anatoli",BLR,M,,,,1606,0,20,AUG25,2003,i
13533576,"Charykov, Alexey",BLR,M,,,,1767,0,20,AUG25,1979,i
13520903,"Cheboganov, Mark",BLR,M,,,,1538,0,40,AUG25,2008,i
13537105,"Chechet, Matvei",BLR,M,,,,1696,0,40,AUG25,2013,
13538462,Chekhovich Dmitry,BLR,M,,,,1539,0,20,AUG25,2006,
13503650,"Cherepov, Alexej",BLR,M,CM,,,2039,44,20,AUG25,1982,
13529021,"Cherevashko, Vladislav",BLR,M,,,,1620,0,40,AUG25,2009,i
13526340,"Cheshko, Darya",BLR,F,,,,1640,8,40,AUG25,2008,w
13517309,"Chicherova, Kristina",BLR,F,,,,1629,0,20,AUG25,2005,w
13530070,"Chislov, Dmitriy",BLR,M,,,,1555,0,40,AUG25,2013,
13523040,"Chislov, Sergey",BLR,M,,,,1808,0,40,AUG25,2010,
13513460,"Chizhov, Daniil",BLR,M,,,,1835,0,20,AUG25,1999,
13502026,"Chubarov, Alexei",BLR,M,,,,1932,0,20,AUG25,1992,i
13529528,"Chudinov, Vadim",BLR,M,,,,1534,0,40,AUG25,2010,i
13511840,"Chukhonski, Pavel",BLR,M,,,,1628,0,20,AUG25,0,i
13520482,"Chuprynenka, Yauheni",BLR,M,,,,1876,10,20,AUG25,2005,
13518828,"Chystsiakou, Mikita",BLR,M,,,,1725,0,20,AUG25,2005,i
13518836,"Chyzhou, Kiryl",BLR,M,,,,1780,0,20,AUG25,2004,i
13507290,"Dabkus, Roman",BLR,M,,,,1813,0,20,AUG25,1994,
13522531,"Daineka, Leanid",BLR,M,,,,1689,0,20,AUG25,1974,
13501194,"Dajlidko, Jurij",BLR,M,,,,1953,0,20,AUG25,1965,i
13520660,"Dalatsenka, Volha",BLR,F,,,,1618,0,40,AUG25,2008,wi
13536559,"Damnitski, Uladzislau",BLR,M,,,,1527,8,40,AUG25,2016,
13521381,"Danchanka, Zlata",BLR,F,,,,1837,0,20,AUG25,2005,wi
13522540,"Danilava, Varvara",BLR,M,,,,1671,0,20,AUG25,2005,i
13535420,"Darafeyuk, Kanstantsin",BLR,M,,,,1474,0,40,AUG25,2009,i
13525026,"Darashkevich, Yahor",BLR,M,,,,1738,0,40,AUG25,2008,
13529196,"Darokhin, Dary",BLR,M,,,,1612,0,40,AUG25,2012,
13531018,"Darzhynkevich, Daniil",BLR,M,,,,1540,0,20,AUG25,2006,i
13519140,"Daschinskiy, Timofey",BLR,M,,,,1458,0,20,AUG25,2006,i
13536575,"Dashuk, Sergei",BLR,M,,,,1471,0,40,AUG25,2012,
13513605,"Datsun, Nadezhda",BLR,F,,,,1740,0,20,AUG25,2000,wi
13506005,"Davidchik, Alexandr",BLR,M,,,,2047,0,20,AUG25,1992,i
13518844,"Davydau, Andrei",BLR,M,,,,1818,0,40,AUG25,2008,i
13517805,"Davydov, Dominik",BLR,M,,,,1692,0,20,AUG25,2005,i
13508547,"Deblik, Oleg",BLR,M,,,,1808,0,20,AUG25,1982,i
13534505,"Deineka, Andrei",BLR,M,,,,1624,10,40,AUG25,2011,
13507230,"Denisenok, Sergey",BLR,M,,,,1978,0,20,AUG25,0,i
13506692,"Deshchits, Alexei",BLR,M,,,,1939,0,20,AUG25,1989,i
13533789,"Divakov, Vadim",BLR,M,,,,1440,0,40,AUG25,2012,i
13529420,"Dmukhovskaya, Eva",BLR,M,,,,1441,0,40,AUG25,2011,i
13529277,"Doktarau, Kiryl",BLR,M,,,,1478,0,40,AUG25,2012,
13510096,"Dolbieva, Ksenia",BLR,F,,,,1859,0,20,AUG25,2001,wi
13510177,"Drapun, Aleksandr",BLR,M,,,,1832,0,20,AUG25,2001,
13537156,"Dratsevich, Darya",BLR,F,,,,1520,0,40,AUG25,2012,w
13538659,"Drazhyna, Palina",BLR,F,,,,1515,0,40,AUG25,2014,w
13511041,"Drobyshevsky, Vasily",BLR,M,,,,AGM,1562,7,AUG25,1979,
13529781,"Drozd , Alexandr",BLR,M,,,,1979,0,40,AUG25,2012,
13540670,"Drozd, Zlata",BLR,M,,,,1474,0,40,AUG25,2015,
13531433,"Druts, Petr",BLR,M,,,,1551,0,20,AUG25,1982,i
13519930,"Dubiaha, Stanislau",BLR,M,,,,1613,0,20,AUG25,2005,i
13535250,"Dubina, Yauheni",BLR,M,,,,1821,10,40,AUG25,2014,
13513559,"Dubovik, Maria",BLR,F,,,,1701,0,40,AUG25,2007,wi
13522558,"Dubovskiy, Ian",BLR,M,,,,1693,0,20,AUG25,2005,i
13538322,"Dudin, Alexander",BLR,M,,,,1474,0,40,AUG25,2016,
13539116,"Dudina, Maria",BLR,F,,,,1558,0,40,AUG25,2013,w
13513907,"Dudinskaya, Alena",BLR,M,,,,1714,0,20,AUG25,2005,i
13531700,"Duk, Matsvei",BLR,M,,,,1650,0,40,AUG25,2009,i
13521845,"Dyl, Nikita",BLR,M,,,,1728,0,20,AUG25,2005,i
13528483,"Dzehtsiarevich, Ivan",BLR,M,,,,1701,0,40,AUG25,2011,i
13525166,"Dzelnik, Andrey",BLR,M,,,,1884,0,20,AUG25,1984,i
13524305,"Dzelnik, Yana",BLR,F,,,,1639,0,40,AUG25,2010,w
13521500,"Dzemidovich, Kiryl",BLR,M,,,,1534,0,40,AUG25,2009,i
13536079,"Dzeviatnikava, Marharyta",BLR,F,,,,1615,0,40,AUG25,2014,w
13520652,"Dziarkach, Aliaksandr",BLR,M,,,,2075,11,40,AUG25,2009,
13516566,"Edchyk, Sviatoslav",BLR,M,,,,1833,0,20,AUG25,1978,i
13500210,"Eidelson, Rakhil",BLR,F,WGM,WGM,,1783,0,20,AUG25,1958,w
13536753,"Eliseev, Egor",BLR,M,,,,1415,0,40,AUG25,2016,i
13501240,"Elkin, Leonid",BLR,M,,,,1998,0,20,AUG25,1977,i
13528114,"Elyashevich, Zakhar",BLR,M,,,,1741,0,40,AUG25,2012,
13511238,"Emchenko, Makar",BLR,M,,,,1784,10,20,AUG25,2001,
13533916,"Ermakov, Andrei",BLR,M,,,,1453,0,40,AUG25,2009,i
13521829,"Ermakovich, Evgeny",BLR,M,,,,1523,0,40,AUG25,2009,
13504070,"Ermoshuk, Oleg",BLR,M,,,,2229,0,20,AUG25,1986,i
13500279,"Erotski, Walerij",BLR,M,,,,2075,0,20,AUG25,1956,i
13518860,"Fateev, Artem",BLR,M,,,,1759,0,20,AUG25,2003,i
13528815,"Faustovich, Henadi",BLR,M,,,,1768,0,20,AUG25,1959,i
13526294,"Fedaruk, Tsimafei",BLR,M,,,,1902,0,40,AUG25,2007,
13500465,"Fedorov, Alexei",BLR,M,GM,,,2478,0,10,AUG25,1972,i
13502700,"Fedoseev, Viktor",BLR,M,,,,1962,0,20,AUG25,1954,
13537024,"Fedotova, Anastasia",BLR,F,,,,1502,0,40,AUG25,2013,w
13540750,"Feklistov, Roman",BLR,M,,,,1412,0,40,AUG25,2015,
13503740,"Fiadosenka, Rahneda",BLR,F,,,,1991,0,20,AUG25,1998,wi
13507702,"Fidek, Alexei",BLR,M,,,,1794,0,20,AUG25,0,
13515985,"Filimonau, Dzmitry",BLR,M,,,,2100,0,20,AUG25,1974,i
13503928,"Filipets, Egor",BLR,M,FM,,,2079,0,20,AUG25,1998,
13526480,"Filonchyk, Artsiom",BLR,M,,,,1770,0,20,AUG25,2005,i
13528009,"Fralou, Pavel",BLR,M,,,,1483,0,40,AUG25,2010,i
13540688,"Fridkin, Aleksandr",BLR,M,,,,1658,0,40,AUG25,2014,
13527258,"Gaiduk, Egor",BLR,M,,,,1508,0,40,AUG25,2008,i
13512692,"Galkin, Gleb",BLR,M,FM,,,2149,0,20,AUG25,2005,i
13506013,"Ganichev, Aleksei",BLR,M,,,,1903,0,20,AUG25,1989,i
13533800,"Gankov, Aleksandr",BLR,M,,,,1579,0,40,AUG25,2012,i
13516230,"Gannik, Daria",BLR,F,,,,1550,0,20,AUG25,2003,wi
13537920,"Garaashchuk, Aleksandr",BLR,M,,,,1494,0,40,AUG25,2012,i
13516264,"Garbar, Aleksandr",BLR,M,,,,1662,0,20,AUG25,2003,i
13509675,"Gasanov, Imran",BLR,M,,,,1584,0,20,AUG25,0,i
13522795,"Gasparian, Siarhei",BLR,M,,,,1895,11,40,AUG25,2009,
13501097,"Ginzburg, Mikhail",BLR,M,FM,,,2219,0,20,AUG25,1981,i
13527266,"Giruev, Konstantin",BLR,M,,,,1576,0,40,AUG25,2011,
13532731,"Girueva, Olga",BLR,F,,,,1595,0,40,AUG25,2008,wi
13522485,"Glazkova, Uliana",BLR,F,,,,1613,0,20,AUG25,2002,wi
13527274,"Glebov, Denis",BLR,M,,,,1628,0,40,AUG25,2009,
13527738,"Golodushko, German",BLR,M,,,,1408,0,40,AUG25,2009,i
13533819,"Golovkin, Ivan",BLR,M,,,,1467,0,40,AUG25,2013,i
13531301,"Golubev, Ilya",BLR,M,,,,1464,7,40,AUG25,2012,
13512978,"Golubev, Vladimir",BLR,M,,,,1865,10,20,AUG25,1955,
13533827,"Golubtsov, Aleksandr",BLR,M,,,,1783,0,20,AUG25,1967,i
13532995,"Goman, Aleksei",BLR,M,,,,1553,0,40,AUG25,2008,i
13514083,"Goncharov, Evgeni",BLR,M,,,,1738,0,20,AUG25,2005,i
13523678,"Goncharova, Alisa",BLR,F,,,,1480,0,40,AUG25,2012,w
13524321,"Gorbaty, Ilya",BLR,M,,,,1752,0,20,AUG25,2003,i
13502107,"Gordeenja, Valerij",BLR,M,,,,1925,0,20,AUG25,1962,i
13533924,"Gormash, Maksim",BLR,M,,,,1458,0,40,AUG25,2008,i
13504037,"Gorovets, Andrey",BLR,M,GM,,,2342,0,10,AUG25,1987,
13536087,"Gorshkova, Gloriya",BLR,F,,,,1624,0,40,AUG25,2013,w
13529137,"Goryachko, Vadim",BLR,M,,,,1441,0,40,AUG25,2009,i
13539086,"Grechiho, Nikita",BLR,M,,,,1422,0,40,AUG25,2012,
13506706,"Grib, Roman",BLR,M,IM,,,2323,0,10,AUG25,1996,i
13529129,"Gribov, Pavel",BLR,M,,,,1487,0,20,AUG25,1975,i
13530950,"Gruschenkova, Varvara",BLR,F,,,,1435,0,20,AUG25,2005,wi
13517830,"Grushchenkova, Varvara",BLR,F,,,,1501,5,20,AUG25,2006,w
13525085,"Gruzdov, Aleksei",BLR,M,,,,1670,0,20,AUG25,2006,i
13526910,"Gul, Andrei",BLR,M,,,,1683,0,40,AUG25,2007,i
13514814,"Gul, Anton",BLR,M,,,,1848,0,20,AUG25,2002,i
13530976,"Gul, Mariya",BLR,F,,,,1547,0,40,AUG25,2009,wi
13527860,"Guryev, Yan",BLR,M,,,,1611,0,40,AUG25,2011,i
13504584,"Gutsko, Nikolai",BLR,M,FM,,,2268,0,20,AUG25,1948,i
13521217,"Gvozdev, Timur",BLR,M,,,,2081,10,40,AUG25,2008,
13527606,"Halavan, Ihar",BLR,M,,,,1531,7,40,AUG25,2013,
13527592,"Halavan, Uladzimir",BLR,M,,,,1788,10,40,AUG25,2011,
13529145,"Halavaty, Maksim",BLR,M,,,,1802,0,20,AUG25,1997,
13512625,"Halian, Andrei",BLR,M,,,,1947,0,20,AUG25,1979,i
13514890,"Halian, Artsiom",BLR,M,,,,1812,0,20,AUG25,2004,i
13521039,"Halian, Palina",BLR,F,,,,1623,0,40,AUG25,2007,wi
13511165,"Halouchyts, Karalina",BLR,F,,,,1713,0,20,AUG25,2005,wi
13526111,"Hamanko, Daniil",BLR,M,,,,1416,0,40,AUG25,2012,i
13519166,"Hamzovich, Natallia",BLR,F,,,,1445,0,20,AUG25,1971,w
13516442,"Hancharou, Yauheni",BLR,M,,,,1784,0,20,AUG25,2005,i
13520415,"Hanetski, Dzmitry",BLR,M,,,,1591,0,40,AUG25,2007,i
13534858,"Hankou, Aliaksandr",BLR,M,,,,1518,0,40,AUG25,2012,
13519824,"Hannik, Darya",BLR,F,,,,1414,0,20,AUG25,2003,wi
13533371,"Harashchuk, Aliaksandr",BLR,M,,,,1536,0,40,AUG25,2012,i
13520954,"Harbuz, Yaraslau",BLR,M,,,,1508,0,40,AUG25,2009,i
13509837,"Harkevich, Anton",BLR,M,,,,1620,0,20,AUG25,2002,i
13518194,"Harkevich, Pavel",BLR,M,,,,1704,0,20,AUG25,1974,i
13535730,"Harlatau, Dzmitry",BLR,M,,,,1705,0,20,AUG25,1981,i
13504770,"Harshkou, Mikita",BLR,M,FM,,,2262,0,20,AUG25,1994,i
13519603,"Haurushyn, Tsimafei",BLR,M,,,,1672,0,20,AUG25,2004,i
13502336,"Herasimovich, Volha",BLR,F,WGM,WGM,,1979,0,20,AUG25,1985,wi
13536761,"Herman, Oleg",BLR,M,,,,1839,0,20,AUG25,1971,i
13532235,"Hiruts, Mikalai",BLR,M,,,,1529,0,20,AUG25,2006,i
13530585,"Hlebau, Andrei",BLR,M,,,,1572,0,40,AUG25,2008,i
13514822,"Hmeluk, Pavel",BLR,M,,,,1969,0,20,AUG25,1996,i
13517333,"Hodzdanker, Mikhail",BLR,M,,,,1886,11,20,AUG25,1973,
13525549,"Hoika, Liubou",BLR,F,,,,1520,0,40,AUG25,2009,wi
13525387,"Holubau, Siarhei",BLR,M,,,,1621,0,20,AUG25,2002,i
13529226,"Homan, Aliaksei",BLR,M,,,,1488,0,40,AUG25,2008,i
13517120,"Hopka, Anastasiya",BLR,F,,,,1586,0,20,AUG25,2005,wi
13511432,"Horbach, Vasili",BLR,M,,,,1641,0,20,AUG25,1979,i
13525557,"Hrybau, Yury",BLR,M,,,,1544,0,40,AUG25,2008,i
13525565,"Hrybava, Palina",BLR,F,,,,1542,0,20,AUG25,2003,wi
13511190,"Hrybchuk, Kiryl",BLR,M,,,,1968,0,20,AUG25,2002,i
13538756,"Hryhoryeu, Valery",BLR,M,,,,1630,0,20,AUG25,1990,
13522566,"Hryshanau, Nikita",BLR,M,,,,1818,0,20,AUG25,2001,i
13521403,"Hryshchanka, Kanstantsin",BLR,M,,,,1462,0,40,AUG25,2009,i
13509683,"Hryshkov, Egor",BLR,M,,,,1581,0,20,AUG25,0,
13524240,"Hrytsuk, Uladzislau",BLR,M,,,,1782,0,20,AUG25,2003,i
13518755,"Hurman, Pavel",BLR,M,,,,1627,0,20,AUG25,2005,i
13517180,"Huryn, Valiantsin",BLR,M,,,,1918,0,20,AUG25,1968,i
13512803,"Iglitski, Evgeny",BLR,M,,,,1639,0,20,AUG25,0,i
13514369,"Ignatenko, Igor",BLR,M,,,,1735,0,20,AUG25,2006,i
13518208,"Iji, Gabriel Akinlola",BLR,M,,,,1511,0,20,AUG25,1982,i
13508407,"Ilyuchyk, Yana",BLR,F,WFM,WFM,NA,2070,0,20,AUG25,1999,wi
13531263,"Ivanitski, Raman",BLR,M,,,,1543,0,40,AUG25,2011,i
13511220,"Ivannikau, Maksim",BLR,M,,,,2124,0,20,AUG25,2001,i
13524100,"Ivanova, Eva",BLR,F,,,,1530,0,40,AUG25,2009,wi
13506048,"Ivanova, Olga",BLR,F,,,,1848,0,20,AUG25,1993,wi
13540440,"Kachanava, Palina",BLR,F,,,,1545,0,40,AUG25,2009,w
13511939,"Kachanovski, Igor",BLR,M,,,,1893,0,20,AUG25,0,i
13521438,"Kakhanski, Mikita",BLR,M,,,,1665,0,40,AUG25,2009,i
13530313,"Kakhno, Barys",BLR,M,,,,1807,11,40,AUG25,2012,
13537792,"Kalanchuk, Vasili",BLR,M,,,,1551,8,40,AUG25,2012,
13535404,"Kalendarova, Alina",BLR,M,,,,1777,0,40,AUG25,2009,
13528890,"Kalesnik, Varvara",BLR,F,,,,1428,0,40,AUG25,2012,wi
13530054,"Kalesnikau, Vitali",BLR,M,,,,1744,0,20,AUG25,1949,i
13530437,"Kaliadzich, Ksenija",BLR,F,,,,1570,0,40,AUG25,2008,wi
13500015,"Kaliadzich, Maryia",BLR,F,,,,1972,0,20,AUG25,1996,wi
13531441,"Kalinouski, Dzjanis",BLR,M,,,,1656,0,20,AUG25,1983,i
13528505,"Kalinouski, Piotr",BLR,M,,,,1724,0,40,AUG25,2010,
13507060,"Kalinouski, Siarhei",BLR,M,,,,2080,0,20,AUG25,2000,i
13513486,"Kalinovskiy , Vladislav",BLR,M,,,,1773,0,20,AUG25,1999,
13532758,"Kaloshits, Ksenya",BLR,F,,,,1423,0,40,AUG25,2013,wi
13536680,"Kalymaha, Maksim",BLR,M,,,,1471,0,20,AUG25,1982,i
13510525,"Kamchytski, Alexandr",BLR,M,,,,1847,0,20,AUG25,2003,i
13510363,"Kameko, Aleksandr",BLR,M,,,,2032,0,20,AUG25,1958,i
13531727,"Kamisarau, Maksim",BLR,M,,,,1416,0,20,AUG25,1985,i
13516906,"Kandarevich, Aleh",BLR,M,,,,1915,11,20,AUG25,1981,
13523236,"Kandarevich, Nikita",BLR,M,,,,1671,10,40,AUG25,2011,
13529722,"Kandrashevich, Viachaslau",BLR,M,,,,1460,0,40,AUG25,2013,
13528513,"Kandratsenka, Darya",BLR,F,,,,1535,0,20,AUG25,2003,wi
13522345,"Kaniusheuski, Raman",BLR,M,,,,1876,0,40,AUG25,2007,
13504673,"Kapelchik, Andrei",BLR,M,,,,1902,0,20,AUG25,0,i
13514172,"Karas, Andrei",BLR,M,,,,1749,0,20,AUG25,2005,i
13517074,"Karenik, Ilya",BLR,M,,,,1686,0,20,AUG25,2005,i
13512994,"Karenski, Arseniy",BLR,M,,,,1673,0,20,AUG25,2004,i
13516116,"Karnaushanka, Yury",BLR,M,,,,1939,0,20,AUG25,1986,i
13524330,"Karpenkov, Mikhail",BLR,M,,,,1618,0,20,AUG25,1990,i
13517147,"Karpesh, Pavel",BLR,M,,,,1711,0,20,AUG25,2005,i
13523112,"Karpinskaya, Aryna",BLR,F,,,,1613,0,40,AUG25,2010,w
13523120,"Karpinski, Mikhail",BLR,M,,,,1512,0,40,AUG25,2010,i
13535889,"Karpovski, Dmitry",BLR,M,,,,1588,0,20,AUG25,1977,i
13536109,"Karpyza, Sofiya",BLR,F,,,,1454,0,40,AUG25,2012,w
13526758,"Karzhov, Artem",BLR,M,,,,1585,0,40,AUG25,2009,i
13536354,"Kashkan, Andrei",BLR,M,,,,1641,0,20,AUG25,1971,i
13535269,"Kasiakou, Pavel",BLR,M,,,,1611,0,40,AUG25,2011,i
13500775,"Kasparova, Yeva",BLR,F,,,,1830,0,20,AUG25,1993,wi
13526774,"Kasperovich, Aleksandra",BLR,F,,,,1635,0,40,AUG25,2013,w
13513915,"Kasperovich, Mikhail",BLR,M,,,,1821,11,20,AUG25,2005,
13519638,"Kasperovich, Valery",BLR,M,,,,1745,11,40,AUG25,2008,
13533002,"Kastornov, Yaromir",BLR,M,,,,1406,0,20,AUG25,2006,i
13534424,"Kastsiukevich, Pavel",BLR,M,,,,1674,0,20,AUG25,2006,i
13532715,"Kasyan, Andrei",BLR,M,,,,1508,0,40,AUG25,2012,i
13514059,"Katashuk, Lana",BLR,F,,,,1684,0,20,AUG25,2005,wi
13505432,"Katashuk, Uladzislau",BLR,M,FM,,,1997,0,20,AUG25,1975,i
13538110,"Katovich, Pavel",BLR,M,,,,1412,0,20,AUG25,1989,
13535463,"Kavaleuski, Siarhei",BLR,M,,,,1444,0,40,AUG25,2009,i
13535013,"Kavgarenia, Darya",BLR,F,,,,1585,0,40,AUG25,2009,wi
13518887,"Kazachenka, Ilya",BLR,M,,,,1669,0,20,AUG25,2002,i
13513427,"Kazachenka, Maryia",BLR,F,,,,1620,0,20,AUG25,2006,wi
13537261,"Kazak, Siamion",BLR,M,,,,1546,11,40,AUG25,2016,
13536583,"Kazhukhar, Sofya",BLR,F,,,,1401,0,40,AUG25,2014,wi
13536591,"Kazhukhar, Varvara",BLR,F,,,,1416,0,40,AUG25,2014,w
13537270,"Kazlou, Albert",BLR,M,,,,1523,25,40,AUG25,2012,
13533134,"Kazlou, Petr",BLR,M,,,,1755,0,40,AUG25,2012,
13530372,"Kazlouskaya, Natalia",BLR,F,,,,1529,0,40,AUG25,2010,w
13504797,"Khaiminov, Alexandr",BLR,M,FM,,,2133,0,20,AUG25,1987,i
13538276,"Khainiuk, Yauheni",BLR,M,,,,1598,0,20,AUG25,1985,
13521950,"Khakhlou, Arseni",BLR,M,,,,1597,0,40,AUG25,2010,
13536699,"Khaletski, Andrei",BLR,M,,,,1408,0,20,AUG25,1985,i
13517031,"Khaletski, Ihar",BLR,M,,,,1695,0,40,AUG25,2007,i
13512668,Khalupka Daniil,BLR,M,,,,1814,0,20,AUG25,2003,i
13531271,"Khamitsevich, Pavel",BLR,M,,,,1621,0,20,AUG25,2006,i
13503154,"Khamitskiy, Sergei",BLR,M,IM,,,2065,10,20,AUG25,1981,
13500309,"Khanabiev, Alexey",BLR,M,,,,1986,0,20,AUG25,1994,i
13522396,"Kharitonchik, Nikolay",BLR,M,,,,1495,0,40,AUG25,2008,
13524348,"Kharkevich, Konstantin",BLR,M,,,,1528,0,40,AUG25,2009,i
13510738,"Kharlamau, Uladzislau",BLR,M,,,,1560,0,20,AUG25,2003,i
13513842,"Kharlamava, Alina",BLR,F,,,,1413,0,20,AUG25,2006,wi
13534718,"Khlebko, Ivan",BLR,M,,,,1481,0,40,AUG25,2010,i
13535439,"Khloptcev, Elizar",BLR,M,,,,1539,0,40,AUG25,2010,
13506650,"Khodas, Vikentsi",BLR,M,,,,1885,0,20,AUG25,1954,i
13527525,"Kholiusev, Mikhail",BLR,M,,,,1721,0,40,AUG25,2011,
13518020,"Khomich, Maryna",BLR,F,,,,1669,0,40,AUG25,2008,wi
13541013,"Khovrenkov, Andrei",BLR,M,,,,1531,11,40,AUG25,2010,
13515152,"Khralovich, Yulyan",BLR,M,,,,1550,0,20,AUG25,2005,i
13522515,"Khrustalev, Mikhail",BLR,M,,,,1482,0,40,AUG25,2010,i
13536036,"Khrystsin, Viachaslau",BLR,M,,,,1553,0,40,AUG25,2013,
13513761,"Khudziakou, Uladzimir",BLR,M,,,,1496,0,20,AUG25,2005,i
13533282,"Khurs, Liavontsi",BLR,M,,,,1835,0,20,AUG25,1978,i
13513745,"Khvarastsin, Kiryl",BLR,M,,,,1621,0,20,AUG25,2006,i
13523295,"Kiktsenka, Yaraslau",BLR,M,,,,1661,0,20,AUG25,2004,i
13515225,"Kireev, Mihail",BLR,M,,,,1711,0,20,AUG25,1944,i
13512722,"Kirilin, Dmitrij",BLR,M,,,,2078,0,20,AUG25,2002,i
13528807,"Kirpichou, Ivan",BLR,M,,,,1795,0,20,AUG25,2006,i
13534289,"Kirtchouk, Alyaksandr",BLR,M,,,,1545,0,20,AUG25,2006,
13528335,"Kirychun, Raman",BLR,M,,,,1446,0,40,AUG25,2013,
13530143,"Kirylovich, Aliaksei",BLR,M,,,,1424,0,20,AUG25,1999,
13529803,"Kisialiou, Pavel",BLR,M,,,,1468,0,40,AUG25,2008,i
13521489,"Kisko, Saveli",BLR,M,,,,1542,0,40,AUG25,2008,i
13521071,"Kisliak, Tsimur",BLR,M,,,,1583,0,40,AUG25,2009,
13518216,"Kislov, Aleksei",BLR,M,,,,2003,0,20,AUG25,1984,i
13503774,"Kislov, Oleg",BLR,M,FM,,,2186,0,20,AUG25,1988,i
13522191,"Klachkou, Andrei",BLR,M,,,,1498,0,20,AUG25,1969,i
13514180,"Klachkou, Platon",BLR,M,,,,1925,11,20,AUG25,2006,
13508717,"Klachkou, Tsimafei",BLR,M,,FA,,1965,0,20,AUG25,1999,
13524356,"Klimau, Andrei",BLR,M,,,,2006,0,20,AUG25,1998,i
13531468,"Klimets, Aliaksei",BLR,M,,,,1518,0,20,AUG25,1980,i
13517740,"Klimko, Rostislav",BLR,M,,,,1778,0,20,AUG25,2005,i
13535943,"Klimkov, Sergei",BLR,M,,,,1653,0,20,AUG25,1984,i
13537938,"Klimovich, Anton",BLR,M,,,,1486,0,40,AUG25,2016,
13517996,"Klimovich, Stanislau",BLR,M,,,,1643,0,20,AUG25,2005,i
13510991,"Klimza, Anton",BLR,M,,,,1641,0,20,AUG25,2004,i
13517023,"Kliuchko, Kiryl",BLR,M,,,,1780,0,20,AUG25,2003,i
13536524,"Kliushnikau, Kiryl",BLR,M,,,,1512,4,40,AUG25,2013,
13517139,"Kliushyn, Aleh",BLR,M,,,,1702,0,20,AUG25,1972,i
13516981,"Kliza, Igor Mih",BLR,M,,,,2169,0,20,AUG25,1984,i
13503359,"Kliza, Mikhail",BLR,M,,,,1866,0,20,AUG25,1957,
13518895,"Kluchko, Kirill",BLR,M,,,,1695,0,20,AUG25,2003,i
13533908,"Knysh, Mikhail",BLR,M,,,,1608,8,40,AUG25,2012,
13507842,"Kocheev, Aleksandr",BLR,M,FM,,,2342,0,20,AUG25,1992,i
13500635,"Kochetkov, German",BLR,M,IM,,,2272,0,20,AUG25,1965,i
13502735,"Kochetkov, Vitali",BLR,M,,,,2268,0,20,AUG25,1971,i
13512315,"Kohno , Igor",BLR,M,,,,1756,0,20,AUG25,1964,i
13514504,"Koishman, Evgenij",BLR,M,,,,1825,0,20,AUG25,1973,
13522663,"Kolesau, Uladzislau",BLR,M,,,,1721,0,20,AUG25,1978,
13501062,"Kolesnik, Eduard",BLR,M,IM,,,2174,0,20,AUG25,1965,i
13521934,"Kolesnikov, Svyatoslav",BLR,M,,,,1485,0,40,AUG25,2010,
13533010,"Kolesnikovich, Aleksandra",BLR,F,,,,1428,0,40,AUG25,2013,w
13533029,"Kolesnikovich, Ivan",BLR,M,,,,1463,0,40,AUG25,2014,
13537750,"Kolonchuk, Vasili",BLR,M,,,,1458,0,40,AUG25,2012,
13514105,"Kolosovskaya, Olga",BLR,F,,,,1823,0,20,AUG25,2002,wi
13515241,"Kondratovich, Viktor",BLR,M,,,,1738,0,20,AUG25,1950,i
13520288,"Kondratyev, Iaroslav",BLR,M,,,,1554,0,40,AUG25,2010,i
13518224,"Kondratyev, Pavel",BLR,M,,,,1817,0,20,AUG25,1975,i
13516965,"Kondratyuk, Evgeniy",BLR,M,,,,1642,0,20,AUG25,2003,i
13538888,"Kononovich, Kiryl",BLR,M,,,,1503,0,40,AUG25,2014,
13500937,"Konstantinov, Mikhail",BLR,M,,,,2026,0,20,AUG25,1977,
13531581,"Konstantinov, Rodion",BLR,M,,,,1474,0,40,AUG25,2011,i
13503480,"Konyshko, Ivan",BLR,M,,,,1732,0,20,AUG25,1941,i
13510665,"Korbut, Aleksandra",BLR,F,,,,1669,0,20,AUG25,1999,wi
13535897,"Korneevets, Anastasia",BLR,F,,,,1483,0,40,AUG25,2008,w
13517376,"Korneliuk, Ilya",BLR,M,,,,1836,0,20,AUG25,2001,i
13505386,"Korolev, Alexandr",BLR,M,,,,2002,0,20,AUG25,1987,i
13516833,"Korovitskij, Aleksej",BLR,M,,,,1606,0,40,AUG25,2007,i
13522981,"Korshak, Pavel",BLR,M,,,,1563,0,40,AUG25,2007,i
13500040,"Korzubov, Peter",BLR,M,IM,,,2341,0,10,AUG25,1962,
13524470,"Korzun, Ilya",BLR,M,,,,1418,0,40,AUG25,2007,i
13522574,"Korzun, Sabina",BLR,F,,,,1755,0,20,AUG25,2003,wi
13534149,"Kosik, Viachaslau",BLR,M,,,,1626,0,20,AUG25,1956,i
13524690,Kostsin. Dzmitry,BLR,M,,,,1564,0,20,AUG25,1973,i
13531042,"Kostyuchik, Georgiy",BLR,M,,,,1484,0,40,AUG25,2008,i
13536494,"Kostyukovich, Konstantin",BLR,M,,,,1492,0,20,AUG25,1956,i
13520741,"Kot, Denis",BLR,M,,,,1893,0,40,AUG25,2008,
13528033,Kot. Vitali,BLR,M,,,,1660,0,20,AUG25,1973,i
13510495,"Kotau, Arseni",BLR,M,,,,2171,0,20,AUG25,2002,i
13522582,"Kotava, Iryna",BLR,M,,,,1588,0,40,AUG25,2007,i
13500023,"Kovalev, Andrei",BLR,M,GM,FST,,2245,0,10,AUG25,1961,
13533495,"Kovalev, Mark",BLR,M,,,,1607,0,40,AUG25,2008,
13504355,"Kovaleva, Ekaterina",BLR,F,WFM,WFM,,1765,0,20,AUG25,1984,w
13538691,"Kozakov, Anton",BLR,M,,,,1647,0,40,AUG25,2012,
13532766,"Kozhedub, Elizaveta",BLR,F,,,,1493,10,40,AUG25,2013,w
13513346,"Kozlov, Aleksandr V",BLR,M,,,,1852,0,20,AUG25,1979,i
13522310,"Kozlov, Pavel",BLR,M,,,,1489,0,40,AUG25,2008,i
13506145,"Kozlov, Valentin",BLR,M,,,,1586,0,20,AUG25,1959,i
13530984,"Kozlovskaia, Nataliya",BLR,F,,,,1480,0,40,AUG25,2010,wi
13535951,"Kozlovsky, Ilya",BLR,M,,,,1938,0,40,AUG25,2014,
13513028,"Kozyro, Ilia",BLR,M,,,,1524,0,20,AUG25,2004,i
13537032,"Krainik, Andrei",BLR,M,,,,1522,0,40,AUG25,2016,i
13511068,"Kramich, Aliaksei",BLR,M,,,,2330,0,20,AUG25,2002,
13521373,"Krasko, Artsiom",BLR,M,,,,1450,0,20,AUG25,2005,i
13520423,"Krasovskaja, Ksenija",BLR,F,,,,1495,0,20,AUG25,2005,wi
13506633,"Krasovskaya, Anastasia",BLR,F,,,,1937,0,20,AUG25,1991,wi
13513737,"Kratovich, Pavel",BLR,M,,,,1584,0,20,AUG25,2004,i
13534114,"Krauchanka, Nadzeya",BLR,F,,,,1583,0,40,AUG25,2010,w
13508741,"Krauchanka, Yuliya",BLR,F,,,,1732,8,20,AUG25,2001,w
13503227,"Krauchenia, Nastassia",BLR,F,WFM,WFM,,1970,0,20,AUG25,1984,wi
13523244,"Krauchonak, Miraslau",BLR,M,,,,1758,0,40,AUG25,2010,
13530410,"Kravchenko, Nadezhda",BLR,F,,,,1507,0,40,AUG25,2010,wi
13540971,"Kravtsov, Dima",BLR,M,,,,1610,11,40,AUG25,1988,
13527290,"Kravtsov, Nikolai",BLR,M,,,,1454,0,20,AUG25,1955,
13522590,"Kravtsov, Valeriy",BLR,M,,,,1536,0,20,AUG25,1938,i
13533380,"Krishtafovich, Varvara",BLR,F,,,,1490,0,40,AUG25,2010,w
13520083,"Krivelevich, Sofiya",BLR,F,,,,1587,0,20,AUG25,2002,wi
13514113,"Krivosheev, Aleksandr",BLR,M,,,,1901,0,20,AUG25,2001,i
13520830,"Krotava, Viktoryia",BLR,F,,,,1472,0,40,AUG25,2010,w
13524364,"Krukouski, Serafim",BLR,M,,,,2034,11,40,AUG25,2008,
13517970,"Krukouski, Yaraslau",BLR,M,,,,1549,0,20,AUG25,2004,i
13533339,"Krukowski, Maxim",BLR,M,,,,1729,0,20,AUG25,1984,i
13534157,"Krutous, Anatoly",BLR,M,,,,1582,0,20,AUG25,1958,i
13528254,"Kryklivy, Tsimafei",BLR,M,,,,1764,11,40,AUG25,2013,
13525379,"Kubatsin, Mert-Maksim",BLR,M,,,,1636,0,20,AUG25,2006,
13507338,"Kuleshov, Konstantin",BLR,M,,,,2058,0,20,AUG25,1993,
13539558,"Kulikov, Matvei",BLR,M,,,,1494,0,40,AUG25,2012,
13524500,"Kulitski, Vadzim",BLR,M,,,,1413,0,40,AUG25,2007,i
13518526,"Kundyshev, Roman",BLR,M,,,,1551,0,40,AUG25,2008,i
13533835,"Kuranau, Siarhei",BLR,M,,,,1663,0,20,AUG25,1981,i
13519174,"Kurganov, Maksim",BLR,M,,,,1510,0,40,AUG25,2007,
13510827,"Kutasevich, Artsiom",BLR,M,,,,1873,0,20,AUG25,2001,i
13510010,"Kuzich, Aryna",BLR,F,,,,1888,0,20,AUG25,2003,wi
13523902,"Kuzmitski, Ivan",BLR,M,,,,1683,0,20,AUG25,2006,i
13524020,"Kuzmitski, Yahor",BLR,M,,,,1527,0,40,AUG25,2009,i
13503413,"Kuzmuk, Makar",BLR,M,,,,1945,0,20,AUG25,1996,
13540696,"Kuznetsov, Mihail",BLR,M,,,,1632,0,40,AUG25,2015,
13520571,"Lahviniuk, Ilya",BLR,M,,,,1468,0,40,AUG25,2007,i
13521713,"Lamaka, Mikhail",BLR,M,,,,1594,0,40,AUG25,2011,
13526553,"Lamaka, Sofiya",BLR,F,,,,1412,0,40,AUG25,2013,w
13519433,"Lanets, Kseniya",BLR,F,,,,1710,0,20,AUG25,2004,wi
13536710,"Lapo, Raman",BLR,M,,,,1431,0,20,AUG25,1989,i
13515250,"Laptev, Viktor",BLR,M,,,,1623,0,20,AUG25,1955,i
13522604,"Lapus, Vitaliy",BLR,M,,,,1849,0,20,AUG25,2004,i
13530755,"Larionov, Gordey",BLR,M,,,,1436,0,40,AUG25,2008,i
13513354,"Lashkevich, Andrei",BLR,M,,,,1685,0,20,AUG25,1972,i
13520598,"Laskovich, Uladzislau",BLR,M,,,,1763,0,40,AUG25,2008,
13533703,"Lastauka, Kseniya",BLR,F,,,,1465,9,40,AUG25,2015,w
13517295,"Latan, Kiryl",BLR,M,,,,1860,0,20,AUG25,2003,i
13510452,"Lavrenchuk, Sergei",BLR,M,,,,1797,0,20,AUG25,2000,i
13504290,"Lavryk, Vladzimir",BLR,M,,,,2110,0,20,AUG25,1938,i
13534742,"Layanich, Artsemiy",BLR,M,,,,1590,0,40,AUG25,2011,
13526065,"Lazarava, Tatyana",BLR,F,,,,1440,0,40,AUG25,2011,wi
13533037,"Lazareva, Tatiana",BLR,M,,,,1429,0,40,AUG25,2011,i
13515110,"Lazavik, Denis",BLR,M,GM,,,2617,0,10,AUG25,2006,
13514903,"Laziuta, Denis",BLR,M,,,,1774,0,20,AUG25,1986,i
13522272,"Lazouski, Martsin",BLR,M,,,,1769,0,40,AUG25,2007,i
13504649,"Leinov, Roman",BLR,M,CM,,,2068,0,20,AUG25,1982,i
13512730,"Leonova, Ameliya",BLR,F,,,,1814,0,20,AUG25,2002,w
13537008,"Levashkevich, Afanasi",BLR,M,,,,1512,5,40,AUG25,2011,
13532588,"Levin, Andrei",BLR,M,,,,1441,0,40,AUG25,2013,
13540742,"Levin, Pavel",BLR,M,,,,1718,0,20,AUG25,1980,
13519441,"Liaskovich, Rada",BLR,F,,,,1585,0,40,AUG25,2007,wi
13500813,"Libov, Gennady",BLR,M,FM,,,2190,0,20,AUG25,1961,i
13520873,"Liharov, Denis",BLR,M,,,,1417,0,20,AUG25,2006,i
13526804,"Likhadziyeuski, Aliaksandr",BLR,M,,,,1476,0,40,AUG25,2012,i
13523872,"Lipik, Ivan",BLR,M,,,,1437,0,20,AUG25,2006,i
13510754,"Liplianski, Ivan",BLR,M,,,,1864,0,20,AUG25,2003,i
13517520,"Lipskiy, Viktor",BLR,M,,,,1776,0,20,AUG25,1996,i
13504681,"Litvinenko, Alexander",BLR,M,,,,1942,0,20,AUG25,1953,i
13504819,"Litvinov, Alexandr",BLR,M,,,,1910,10,20,AUG25,1988,
13519123,"Liubchanka, Alesia",BLR,F,,,,1554,0,20,AUG25,2006,wi
13529820,"Liutarevich, Kirill",BLR,M,,,,1426,0,40,AUG25,2011,i
13500716,"Liutsko, Igor",BLR,M,GM,,,2018,0,20,AUG25,1962,i
13536362,"Loginov, Alexey",BLR,M,,,,1482,0,20,AUG25,2004,i
13501356,"Lomako, Pavel",BLR,M,IM,,,2221,0,20,AUG25,1983,i
13504150,"Lopatik, Nikita",BLR,M,,,,1885,0,20,AUG25,1998,
13518925,"Lubchanka, Alesya",BLR,F,,,,1590,0,20,AUG25,2006,wi
13525255,"Luhinin, Maksim",BLR,M,,,,1768,0,40,AUG25,2011,
13510762,"Lukashevich, Maryia",BLR,F,,,,1711,0,20,AUG25,2003,wi
13538713,"Lukshits, Victoria",BLR,F,,,,1408,0,40,AUG25,2010,w
13538152,"Lysak, Vladislav",BLR,M,,,,1519,0,40,AUG25,2011,
13538446,Lysakouski Hleb,BLR,M,,,,1507,0,40,AUG25,2013,
13536532,"Mahileuchyk, Mikhail",BLR,M,,,,1456,0,40,AUG25,2013,i
13531905,"Makarau, Kiryl",BLR,M,,,,1855,0,20,AUG25,1990,i
13538942,"Makarevich, Daniil",BLR,M,,,,1442,0,40,AUG25,2010,
13521136,"Makarevich, Dzmitry",BLR,M,,,,1845,0,40,AUG25,2010,
13539523,"Makarov, Kirill",BLR,M,,,,1858,0,20,AUG25,1990,
13528343,"Makarychev, Artem",BLR,M,,,,1455,0,40,AUG25,2013,
13502433,"Makevich, P.",BLR,M,,,,1973,0,20,AUG25,1982,i
13535021,"Makhnach, Mikalai",BLR,M,,,,1496,0,40,AUG25,2010,i
13518739,"Maksimchyk, Saveli",BLR,M,,,,1585,0,20,AUG25,2006,i
13518747,"Maksimchyk, Siamion",BLR,M,,,,1665,0,40,AUG25,2007,i
13512889,"Maksimov, Vjacheslav",BLR,M,,,,1638,0,20,AUG25,2003,i
13503529,"Maksimova, Elena",BLR,F,WFM,WFM,,2091,0,20,AUG25,1988,wi
13520881,"Maksimuk, Ryhor",BLR,M,,,,1647,0,40,AUG25,2008,i
13517716,"Makunin, Gennady",BLR,M,,,,1756,0,20,AUG25,1963,i
13536214,"Makutin, Gleb",BLR,M,,,,1462,0,40,AUG25,2011,
13508512,"Malatsilava, Volha",BLR,F,,,,1983,0,20,AUG25,1998,wi
13528955,"Maleuski, Ivan",BLR,M,,,,1825,0,20,AUG25,1960,i
13500724,"Maliush, Andrei",BLR,M,FM,,,2142,0,20,AUG25,1972,i
13516671,"Malofeev, Evgeni",BLR,M,,,,1746,0,20,AUG25,1992,i
13524887,"Malyshev, Viktor",BLR,M,,,,1473,0,40,AUG25,2007,i
13501976,"Mandrovsky, Valery",BLR,M,,,,2183,0,20,AUG25,1974,i
13524798,"Marchankou, Anton",BLR,M,,,,1545,0,20,AUG25,1975,i
13521578,"Marchenkova, Varvara",BLR,F,,,,1538,0,40,AUG25,2010,wi
13536770,"Marchevsky, Marat",BLR,M,,,,1422,0,40,AUG25,2013,
13520784,"Markevich, Ermolay",BLR,M,,,,1617,0,40,AUG25,2009,i
13520792,"Markevich, Hardzei",BLR,M,,,,1408,0,40,AUG25,2011,i
13515357,"Markhanau, Fiodar",BLR,M,,,,1530,0,20,AUG25,2006,i
13519107,"Martsynkevich, Viktar",BLR,M,,,,1624,0,20,AUG25,1990,i
13511017,"Martuliov, Piotr",BLR,M,,,,1939,0,20,AUG25,1989,i
13533061,"Martyniuk, Daniil",BLR,M,,,,1692,0,20,AUG25,2000,i
13532855,"Martyniuk, Dzianis",BLR,M,,,,1498,0,40,AUG25,2013,i
13516957,"Martyniuk, Nadzeya",BLR,F,,,,1633,0,20,AUG25,2004,wi
13526120,"Marynchuk, Vasili",BLR,M,,,,1487,0,40,AUG25,2011,i
13506722,"Masjuk, Vladimir",BLR,M,,,,1862,0,20,AUG25,1954,i
13521268,"Maslau, Ivan",BLR,M,,,,1789,0,40,AUG25,2008,i
13525174,"Maslenka, Mikalai",BLR,M,,,,1530,0,20,AUG25,1987,i
13505831,"Maslenkov, Yuriy",BLR,M,,,,1989,0,20,AUG25,1984,i
13503170,"Masliakov, Mikhail",BLR,M,,,,2150,0,20,AUG25,1984,i
13536915,"Maslovaty, Yauheni",BLR,M,,,,1706,0,20,AUG25,1978,
13527002,"Matiuk, Maxim",BLR,M,,,,1906,0,40,AUG25,2007,i
13512811,"Matkovski, Artem",BLR,M,,,,1756,0,20,AUG25,2003,i
13524801,"Matseralnik, Vera",BLR,F,,,,1568,0,40,AUG25,2009,w
13526588,"Matsiuk, Maksim",BLR,M,,,,1848,0,40,AUG25,2007,i
13512757,"Matskevich, Maksim",BLR,M,,,,1891,0,20,AUG25,2000,
13530909,"Matsuk, Maksim",BLR,M,,,,1899,0,40,AUG25,2007,i
13535196,"Matyskin, Maksim",BLR,M,,,,1680,0,40,AUG25,2008,
13522434,"Medvedev, Aleksandr",BLR,M,,,,1628,0,20,AUG25,2001,i
13539566,"Medvedev, Vasili",BLR,M,,,,1468,0,40,AUG25,2009,
13527304,"Medvetskaya, Marya",BLR,F,,,,1521,0,40,AUG25,2007,wi
13517538,"Medvetskiy, Dmitry",BLR,M,,,,1820,0,20,AUG25,1978,i
13535340,"Meleshko, Varvara",BLR,M,,,,1447,0,40,AUG25,2011,
13524720,"Melnichenka, Adelina",BLR,F,,,,1435,0,40,AUG25,2008,wi
13535358,"Melnik, Kristina",BLR,F,,,,1577,0,40,AUG25,2014,w
13516949,"Melnikau, Aliaksei",BLR,M,,,,1759,0,20,AUG25,2006,i
13519816,"Melnikava, Natallia",BLR,F,,,,1683,0,20,AUG25,2004,wi
13504363,"Meribanov, Vitaly",BLR,M,IM,,,2306,0,10,AUG25,1994,i
13512234,"Mezentseva, Taisia",BLR,F,,,,1567,0,20,AUG25,2005,wi
13536729,"Miadvedka, Raman",BLR,M,,,,1669,0,40,AUG25,2010,i
13524380,"Miadzvetskaya, Mariya",BLR,M,,,,1543,0,40,AUG25,2007,i
13504959,"Miadzvetski, Dzmitry",BLR,M,,,,1774,0,20,AUG25,1978,i
13512943,Mialik Uladzislau,BLR,M,,,,1903,0,20,AUG25,2001,i
13513753,"Mialik, Artsiom",BLR,M,,,,1620,0,20,AUG25,2005,i
13500805,"Mihajlovskij, Sergei",BLR,M,,,,2097,0,10,AUG25,1980,i
13522051,"Mihalchuk, Maksim",BLR,M,,,,1926,0,20,AUG25,1998,i
13517350,"Mikhailichenka, Andrei",BLR,M,,,,1992,0,20,AUG25,1974,i
13533070,"Mikhailova, Anna",BLR,M,,,,1592,0,20,AUG25,2006,i
13527010,"Mikhailyuk, Aliaksei",BLR,M,,,,1467,0,40,AUG25,2007,i
13522256,"Mikhalchuk, Maksim",BLR,M,,,,1833,0,20,AUG25,1998,i
13538381,"Mikhalkou, Kanstantsin",BLR,M,,,,1470,0,40,AUG25,2013,
13502263,"Mikulionok, Valery",BLR,M,,,,1823,0,20,AUG25,1995,i
13504371,"Milevich, Andrey",BLR,M,,,,2036,11,20,AUG25,0,
13533886,"Milyanenka, Danila",BLR,M,,,,1538,8,40,AUG25,2015,
13501275,"Mironov, Ilya",BLR,M,FM,,,2193,0,20,AUG25,1980,i
13520806,"Miruk, Artem",BLR,M,,,,1463,0,40,AUG25,2009,i
13514911,"Mishkov, Vitaly",BLR,M,,,,1861,0,20,AUG25,1972,i
13510215,"Mitskevich, Yauheniya",BLR,F,,,,1877,0,20,AUG25,2002,wi
13534610,"Mlechka, Vitali",BLR,M,,,,1647,11,40,AUG25,2011,
13500074,"Mochalov, Evgeny V",BLR,M,IM,,,2309,0,10,AUG25,1951,i
13513265,"Mochanskiy, Nikolay",BLR,M,,,,1671,0,20,AUG25,2002,i
13515047,"Mogilevtseva, Marya",BLR,F,,,,1674,0,20,AUG25,1999,wi
13504126,"Mokriy, Alexander",BLR,M,,,,2038,0,20,AUG25,1990,i
13522442,"Molochnikov, Mikhail",BLR,M,,,,1619,0,40,AUG25,2008,
13509462,"Molokovich, Aleksei",BLR,M,,,,1740,0,20,AUG25,1998,i
13533274,"Mosbakh, Fares",BLR,M,,,,1617,0,20,AUG25,1985,i
13517724,"Moskvich, Valery",BLR,M,,,,1645,0,20,AUG25,1959,i
13507273,"Motovilnik, Jurij",BLR,M,,,,1910,0,20,AUG25,1997,i
13527380,"Mrishchuk, Volodymyr",BLR,M,,,,1708,0,40,AUG25,2012,
13540939,"Mukha, Vadzim",BLR,M,,,,1496,0,40,AUG25,2014,
13523007,"Mukhin, Vladislav",BLR,M,,,,1982,0,20,AUG25,2003,i
13508610,"Mukovozchik, Evgeny",BLR,M,,,,1851,0,20,AUG25,1998,i
13534297,"Mulitsa, Yan",BLR,M,,,,1664,0,40,AUG25,2015,
13535102,"Nabiulina, Albina",BLR,F,,,,1537,11,40,AUG25,2007,w
13535110,"Nabiulina, Angelina",BLR,F,,,,1493,6,40,AUG25,2007,w
13537199,"Nadezhkina, Marianna",BLR,F,,,,1567,0,40,AUG25,2012,wi
13523643,"Nadziozhkina, Maryiana",BLR,F,,,,1463,0,40,AUG25,2012,wi
13514555,"Narchuk, Sergej",BLR,M,,,,1801,0,20,AUG25,1967,
13538578,"Nartovich, Daminika",BLR,F,,,,1534,5,40,AUG25,2013,w
13526499,"Nasenia, Matsvei",BLR,M,,,,1866,0,40,AUG25,2011,
13530470,"Nasenya, Matvei",BLR,M,,,,1585,0,40,AUG25,2011,i
13522744,"Naumov, Sergey",BLR,M,,,,1520,0,40,AUG25,2009,i
13514563,"Naumovich, Yaroslav",BLR,M,,,,AGM,2194,0,AUG25,2005,
13520814,"Navumenka, Makar",BLR,M,,,,1883,0,40,AUG25,2010,
13539426,"Nazarau, Ivan",BLR,M,,,,1450,7,40,AUG25,2008,
13520490,"Nazarenko, Konstantin",BLR,M,,,,1866,0,20,AUG25,2000,i
13515705,"Nesterovich, Ilya",BLR,M,,,,1753,0,20,AUG25,1999,i
13502280,"Nevioselaya, Maria",BLR,F,,,,1903,0,20,AUG25,1996,w
13506862,"Nikitenko, Mihail",BLR,M,GM,,,2396,0,10,AUG25,2000,
13519450,"Nikitin, David",BLR,M,,,,1597,0,20,AUG25,2004,i
13509691,"Nikulin, Kirill",BLR,M,,,,1834,0,20,AUG25,1994,i
13520253,"Nipadzistau, Uladzislau",BLR,M,,,,1529,0,40,AUG25,2009,i
13504312,"Norov, Artem",BLR,M,,,,1825,0,20,AUG25,1992,i
13519760,"Novik, Nikita",BLR,M,,,,1810,10,20,AUG25,2005,
13533258,"Novik, Piotr",BLR,M,,,,1454,0,40,AUG25,2012,
13523570,"Novikau, Mikita",BLR,M,,,,2091,0,40,AUG25,2011,
13536427,"Novikau, Vitali",BLR,M,,,,1771,0,20,AUG25,1974,i
13500619,"Novitzkij, Dmitrij",BLR,M,IM,,,2256,0,20,AUG25,1971,i
13503979,"Oblamski, Vladimir",BLR,M,,,,1845,0,20,AUG25,1952,
13502964,"Obuhov, Filipp",BLR,M,,,,2061,0,20,AUG25,1993,i
13535129,"Okruh, Alexander",BLR,M,,,,1677,0,40,AUG25,2008,i
13531050,"Olenev, Maksim",BLR,M,,,,1583,0,40,AUG25,2007,i
13507478,"Orlov, Aleksey",BLR,M,,NA,,1763,0,20,AUG25,1999,
13533436,"Ormanzhy, Timur",BLR,M,,,,1770,0,40,AUG25,2010,
13507486,"Osipov, Vladimir",BLR,M,,,,1618,0,20,AUG25,1953,
13509705,"Ostapchik, Anton",BLR,M,,,,1956,0,20,AUG25,1998,i
13527312,"Otchik, Polina",BLR,M,,,,1528,0,40,AUG25,2010,
13531506,"Otuzov, Arslan",BLR,M,,,,1557,0,20,AUG25,2000,i
13509870,"Ovchinina, Olga",BLR,F,,,,1696,0,20,AUG25,2003,wi
13527037,"Ovdienko, Illia",BLR,M,,,,1604,0,40,AUG25,2007,i
13517104,"Ovsyannikov, Vyacheslav",BLR,M,,,,1493,0,20,AUG25,2005,i
13528246,"Padasinavik, Yana",BLR,F,,,,1586,0,20,AUG25,2006,w
13523139,"Paharalchuk, Uliana",BLR,F,,,,1509,0,40,AUG25,2008,wi
13539124,"Paliakou, Dzmitry",BLR,M,,,,1586,5,20,AUG25,1983,
13518941,"Paliakova, Varvara",BLR,F,,,,1663,0,20,AUG25,2005,wi
13528360,"Paltarzhytski, Pavel",BLR,M,,,,1420,0,40,AUG25,2012,
13532510,"Panichava, Maryia",BLR,F,,,,1506,0,40,AUG25,2014,w
13535900,"Papiol, Artsiom",BLR,M,,,,1477,0,20,AUG25,1998,i
13538624,"Papleuka, Viktar",BLR,M,,,,1549,10,40,AUG25,2007,
13528980,"Papou, Illia",BLR,M,,,,1883,11,40,AUG25,2010,
13521977,"Parfimovich, Alika",BLR,F,,,,1582,0,40,AUG25,2008,wi
13523830,"Parkhimchyk, Kiryl",BLR,M,,,,2020,10,40,AUG25,2008,
13517872,"Parkhomik, Vladimir",BLR,M,,,,1714,0,20,AUG25,1989,i
13511076,"Paroshin, Anton",BLR,M,,,,1767,0,20,AUG25,1998,i
13541048,"Pasanen, Dzianis",BLR,M,,,,1664,11,40,AUG25,1998,
13535587,"Pashkevich, Dzmitry",BLR,M,,,,1599,0,40,AUG25,2015,
13539574,"Pashkouskaya, Yuliya",BLR,F,,,,1646,0,20,AUG25,1985,w
13511181,"Pashkouski, Leu",BLR,M,,,,2016,0,20,AUG25,2000,i
13524151,"Pasiashnichenka, Dzmitry",BLR,M,,,,2036,11,40,AUG25,2009,
13520890,"Patapovich, Mitrafan",BLR,M,,,,1637,0,40,AUG25,2009,i
13519425,"Patarocha, Ulyana",BLR,F,,,,1608,0,40,AUG25,2008,wi
13522620,"Pathornaya, Yuliya",BLR,M,,,,1654,0,20,AUG25,2002,i
13538012,"Paulichenka, Artsiom",BLR,M,,,,1585,9,40,AUG25,2014,
13515128,"Pauliuchkou, Daniil",BLR,M,,,,1565,0,20,AUG25,2006,
13537326,"Pauliukevich, Nikita",BLR,M,,,,1777,10,20,AUG25,2004,
13520318,"Paulyshka, Roman",BLR,M,,,,1415,0,40,AUG25,2008,i
13537946,"Pavlenok, Vladislav",BLR,M,,,,1523,0,20,AUG25,2004,i
13520326,"Pavlov, Andrey Yu",BLR,M,,,,1534,0,20,AUG25,1963,i
13538764,"Pavlov, Andryew",BLR,M,,,,1493,0,20,AUG25,1968,
13513648,"Pavlovitski, Aliaksandr",BLR,M,,,,1683,0,20,AUG25,2004,i
13511459,"Pedzko, Serhei",BLR,M,,,,1644,0,20,AUG25,1971,
13537482,"Pek, Grigory",BLR,M,,,,1446,0,40,AUG25,2015,
13521349,"Pekach, Andrei",BLR,M,,,,1619,0,40,AUG25,2008,i
13518968,"Peretiatko, Anastasiia",BLR,F,,,,1557,0,20,AUG25,2004,wi
13517880,"Perovski, Vladimir",BLR,M,,,,2112,0,20,AUG25,1956,i
13529838,"Pertrov, Egor",BLR,M,,,,1803,0,20,AUG25,2004,i
13535749,"Peshka, Arseni",BLR,M,,,,1725,10,40,AUG25,2008,
13523740,"Petrasian, Artur",BLR,M,,,,1817,0,40,AUG25,2010,i
13527320,"Petrov, Oleg",BLR,M,,,,1644,0,40,AUG25,2009,
13530526,"Petrovich, Egor",BLR,M,,,,1545,0,40,AUG25,2010,
13520237,"Petsiul, Andrei",BLR,M,,,,1909,0,20,AUG25,2002,i
13511084,"Peuny, Andrei",BLR,M,,,,1824,0,20,AUG25,2001,i
13516361,"Pham, Van Roanh",BLR,M,,,,1568,0,20,AUG25,1967,i
13535285,"Piakarchyk, Artsemi",BLR,M,,,,1492,0,40,AUG25,2012,
13512986,"Pialesa, Siarhei",BLR,M,,,,1850,0,20,AUG25,1958,i
13516094,"Piatrenka, Ivan",BLR,M,,,,1869,0,40,AUG25,2007,i
13515101,"Piatrenka, Siarhei",BLR,M,,,,1672,0,20,AUG25,1983,i
13525786,"Pichtava, Anzhalina",BLR,F,,,,1420,0,20,AUG25,2006,wi
13525034,"Piletski, Dzmitry",BLR,M,,,,1810,0,20,AUG25,1974,i
13519530,"Pilipenko, Denis",BLR,M,,,,1864,0,20,AUG25,2003,i
13514164,"Platnitski, Siarhei",BLR,M,,,,1635,0,20,AUG25,2005,i
13506730,"Pleshkevich, Konstantin",BLR,M,,,,1923,0,20,AUG25,1992,i
13539450,"Podgayskiy, Andrei",BLR,M,,,,1520,11,40,AUG25,2010,
13534041,"Podkopaev, Andrei",BLR,M,,,,1857,20,40,AUG25,2015,
13502999,"Podobedov, Filipp",BLR,M,,,,2107,0,20,AUG25,0,i
13504134,"Podolchenko, Evgeniy",BLR,M,GM,,,2387,0,10,AUG25,1988,i
13516493,"Pogorelskaya, Veronika",BLR,M,,,,1612,0,20,AUG25,2002,
13503936,"Pogosian, Manvel",BLR,M,FM,,,2240,0,10,AUG25,1991,
13505238,"Poleshchuk, Dmitriy",BLR,M,,,,2145,0,20,AUG25,1991,i
13518984,"Polyakov, Pavel",BLR,M,,,,1991,0,20,AUG25,1977,
13506668,"Ponyavin, Dmitriy",BLR,M,,,,1931,0,20,AUG25,1989,i
13508059,"Popov, Evgeniy",BLR,M,,,,1853,0,20,AUG25,0,i
13534181,"Prakapuk, Aliaksandr",BLR,M,,,,1584,0,20,AUG25,1959,i
13507052,"Prakapuk, Vera",BLR,F,,,,1920,0,20,AUG25,2000,wi
13520849,"Prakharchuk, Anatoli",BLR,M,,,,1532,0,40,AUG25,2009,i
13531670,"Prakharenka, Raman",BLR,M,,,,1671,10,40,AUG25,2008,
13531514,"Prakopchyk, Aleksandr",BLR,M,,,,1715,0,20,AUG25,2001,i
13518410,"Prapirnaja, Jana",BLR,F,,,,1441,0,20,AUG25,2006,wi
13536540,"Prokharau, Yahor",BLR,M,,,,1510,0,40,AUG25,2014,
13500244,"Prokhoda, Nikola",BLR,M,FM,,,1898,0,20,AUG25,1953,i
13533509,"Pryigodich, Dmitri",BLR,M,,,,1555,0,40,AUG25,2008,
13529340,"Prylutski, Mikhail",BLR,M,,,,1811,0,40,AUG25,2012,
13527711,"Puchkouski, Arsenii",BLR,M,,,,1759,9,40,AUG25,2012,
13534769,"Pup, Aleksandr",BLR,M,,,,1643,0,20,AUG25,1988,
13500287,"Pushkarjow, Andreij",BLR,M,,,,2191,0,20,AUG25,1972,i
13533843,"Puzanov, Nazar",BLR,M,,,,1693,11,40,AUG25,2012,
13517236,"Pyanov, Vladzimir",BLR,M,,,,1706,0,20,AUG25,2001,i
13530887,"Pytko, Lev",BLR,M,,,,1614,0,40,AUG25,2007,
13531069,"Pytsko, Lev",BLR,M,,,,1624,0,40,AUG25,2007,i
13530461,"Rabchinskaya, Vitaliya",BLR,F,,,,1556,0,20,AUG25,2005,wi
13501500,"Rabchonok, Gennady",BLR,M,FM,,,2211,0,20,AUG25,1971,i
13517317,"Rabkouskaya, Katsiarina",BLR,F,,,,1581,0,20,AUG25,2004,w
13533096,"Radiukevich, Viacheslau",BLR,M,,,,1609,0,40,AUG25,2014,
13514580,"Radomskij, Anatolij",BLR,M,,,,1810,0,20,AUG25,1940,i
13523015,"Raduto, Nikolay",BLR,M,,,,1738,0,20,AUG25,1975,i
13515411,"Radziush, Roman",BLR,M,,,,1667,10,20,AUG25,1999,
13529846,"Radziush, Viachaslau",BLR,M,,,,1640,0,20,AUG25,1980,i
13516892,"Radzko, Tatsiana",BLR,F,,,,1627,0,40,AUG25,2007,w
13525123,"Rahun, Matvey",BLR,M,,,,1563,0,20,AUG25,2006,i
13533150,"Rak, Mikhail",BLR,M,,,,1511,7,40,AUG25,2014,
13528939,"Ramanau, Vadzim",BLR,M,,,,1623,0,20,AUG25,1985,
13537954,"Ramanovich, Andrei",BLR,M,,,,1579,0,20,AUG25,1984,i
13535854,"Ramanovich, Maksim",BLR,M,,,,1493,0,40,AUG25,2016,
13526855,"Ramanovich, Maryia",BLR,F,,,,1653,0,40,AUG25,2011,w
13535846,"Ramanovich, Uladzislau",BLR,M,,,,1551,0,40,AUG25,2013,
13525271,"Rauniahin, Mikita",BLR,M,,,,1621,0,40,AUG25,2007,
13526189,"Rayeuski, Artem",BLR,M,,,,1767,0,20,AUG25,2004,i
13536907,"Razantsau, Pavel",BLR,M,,,,1453,0,40,AUG25,2014,
13537970,"Remesh, Nikita",BLR,M,,,,1486,0,40,AUG25,2007,i
13518380,"Riabkou, Artsiom",BLR,M,,,,1411,0,20,AUG25,2006,i
13517392,"Rogozhnikov, Andrei",BLR,M,,,,2117,0,20,AUG25,1970,i
13502425,"Romanchuk, Alexey",BLR,M,,,,1530,0,20,AUG25,0,
13503324,"Romanenko, Alexandra",BLR,F,WFM,WFM,,2002,0,20,AUG25,1987,wi
13502921,"Romanenko, Vladimir",BLR,M,GM,,,2433,0,10,AUG25,1985,i
13536370,"Romanova, Milana",BLR,F,,,,1419,0,20,AUG25,2005,wi
13527045,"Romanovich, Maria",BLR,F,,,,1770,0,40,AUG25,2011,wi
13511556,"Romanovskij, Nikita",BLR,M,,,,2180,11,20,AUG25,2003,
13532774,"Romashchenko, Nikita",BLR,M,,,,1627,0,40,AUG25,2011,
13532790,"Romashenko, Nikita",BLR,M,,,,1635,0,40,AUG25,2011,
13538780,"Roshchupkin, Oleg",BLR,M,,,,1535,0,20,AUG25,1994,
13535773,"Rovdo, Vadim",BLR,M,,,,1490,0,20,AUG25,1977,
13523309,"Rudakov, Daniil",BLR,M,,,,1453,0,20,AUG25,2005,i
13506110,"Rudenkov, Sergei",BLR,M,,,,1996,0,20,AUG25,1992,i
13508083,"Rudoi, Yury",BLR,M,,,,1980,0,20,AUG25,0,i
13509489,"Rumak, Danila",BLR,M,,,,1725,0,20,AUG25,2001,i
13511564,"Runets, Ivan",BLR,M,FM,,,2076,0,20,AUG25,2004,i
13533460,"Rusetski, Ivan",BLR,M,,,,1474,0,40,AUG25,2011,
13523481,"Rutkevich, Yahor",BLR,M,,,,1436,0,40,AUG25,2007,i
13521101,"Ryzhou, Aliaksandr",BLR,M,,,,1465,0,40,AUG25,2009,i
13521837,"Safonau, Yahor",BLR,M,,,,1477,0,20,AUG25,2005,i
13512366,"Safonau, Yauheni",BLR,M,,,,1820,0,20,AUG25,2005,i
13540726,"Safronovich, Anna",BLR,F,,,,1549,0,40,AUG25,2016,w
13535161,"Sakovets, Alex",BLR,M,,,,1436,0,40,AUG25,2014,
13505203,"Sakovich, Dmitrij",BLR,M,,,,1870,10,20,AUG25,0,
13525140,"Sakun, Ilya",BLR,M,,,,1486,0,40,AUG25,2007,i
13514610,"Salauyeu, Siarhei",BLR,M,,,,1777,0,20,AUG25,1951,i
13538896,"Salauyou, Aliaksandr",BLR,M,,,,1693,0,20,AUG25,1981,
13511904,"Saltanova, Veronika",BLR,F,,,,1738,0,20,AUG25,2004,wi
13520105,"Samoilik, Maxim",BLR,M,,,,1524,0,40,AUG25,2008,i
13527339,"Samoilov, Vladimir",BLR,M,,,,1657,0,20,AUG25,2005,i
13515420,"Samokhvalov, Roman",BLR,M,,,,1626,0,20,AUG25,2000,i
13534335,"Sapranovich, Bogdan",BLR,M,,,,1536,0,40,AUG25,2008,i
13536982,"Sapronenka, Aliaksei",BLR,M,,,,1514,0,40,AUG25,2016,
13504045,"Sarbay, Aleksandr",BLR,M,,,,1978,0,20,AUG25,1954,i
13531077,"Sarychev, Pavel",BLR,M,,,,1845,10,40,AUG25,2008,
13501640,"Sarychev, Sergey",BLR,M,,,,1845,0,20,AUG25,1965,
13516850,"Saskavets, Yauheni",BLR,M,,,,1580,0,20,AUG25,1995,i
13536737,"Satskevich, Angelina",BLR,F,,,,1598,0,20,AUG25,2004,wi
13536249,"Satskevich, Anhelina",BLR,F,,,,1609,0,20,AUG25,2004,wi
13524160,"Satsura, Aryna",BLR,F,,,,1693,0,20,AUG25,2006,wi
13533606,"Sauko, Aliaksei",BLR,M,,,,1857,0,20,AUG25,1997,i
13523520,"Savelev, Matvei",BLR,M,,,,2081,10,40,AUG25,2011,
13530011,"Saveliev, Denis",BLR,M,,,,1499,0,40,AUG25,2013,
13506161,"Savitski, Andrei",BLR,M,,,,2130,0,20,AUG25,1995,
13535293,"Savitski, Yahor",BLR,M,,,,1428,0,40,AUG25,2011,i
13504878,"Saxonov, Leonid",BLR,M,,,,1864,5,20,AUG25,0,
13537989,"Sazonau, Dzmitry",BLR,M,,,,1594,0,20,AUG25,2003,
13536389,"Scheglova, Ksenya",BLR,F,,,,1441,0,40,AUG25,2012,wi
13514377,"Scherba, Artem",BLR,M,,,,1599,0,20,AUG25,2005,i
13504410,"Selenchik, Anastasia",BLR,F,,,,1854,0,20,AUG25,0,wi
13530631,"Seliazniou, Daniil",BLR,M,,,,1785,0,20,AUG25,2005,i
13505777,"Selitski, Aleksandr",BLR,M,,,,1925,0,20,AUG25,1951,i
13510258,"Semenov, V",BLR,M,,,,1648,0,20,AUG25,0,i
13524275,"Semjonik, Angelina",BLR,F,,,,1570,0,20,AUG25,2003,wi
13514130,"Semko, Pavel",BLR,M,,,,1749,0,20,AUG25,1994,i
13523937,"Serada, Artsiom",BLR,M,,,,1512,0,40,AUG25,2010,i
13533614,"Seviaryn, Yury",BLR,M,,,,1453,0,20,AUG25,2003,i
13501135,"Shaban, Alena",BLR,F,,,,1963,0,20,AUG25,1982,wi
13503294,"Shabanov, Denis",BLR,M,,,,2016,0,20,AUG25,1984,i
13522469,"Shahazizyan, Albert",BLR,M,,,,1555,0,20,AUG25,1983,i
13513320,Shaida Gennadi,BLR,M,,,,1590,0,20,AUG25,2003,i
13530860,"Shakavets, Pavel",BLR,M,,,,1930,0,20,AUG25,1993,i
13507206,"Shapkin, Alexander",BLR,M,,,,1816,0,20,AUG25,1999,
13516922,"Sharou, Filip",BLR,M,,,,1630,0,20,AUG25,2006,i
13506137,"Sharova, Alexandra",BLR,F,WFM,WFM,,1993,0,20,AUG25,1990,wi
13526871,"Sharshniou, Mikita",BLR,M,,,,1580,0,20,AUG25,2000,i
13513958,"Shcherbina, Roman",BLR,M,,,,1564,0,20,AUG25,2006,i
13530518,"Sheleg, Mihail",BLR,M,,,,1420,0,40,AUG25,2010,i
13516680,"Sheleg, Pavel",BLR,M,,,,1675,0,40,AUG25,2007,i
13516698,"Sheleg, Viktor",BLR,M,,,,1583,0,20,AUG25,1975,i
13537210,"Shepelevich, Roman",BLR,M,,,,1432,0,20,AUG25,1999,
13504452,"Sheremet, Anton",BLR,M,,,,2175,0,20,AUG25,1999,i
13507516,"Sheshko, Nikolay",BLR,M,,,,1774,0,20,AUG25,2000,i
13519018,"Sheuchyk, Aliaksandr",BLR,M,,,,1645,0,20,AUG25,1950,i
13508644,"Shevtsov, Alexey",BLR,M,,,,1816,0,20,AUG25,0,i
13515292,"Shilo, Tsimofei",BLR,M,,,,1582,0,20,AUG25,2006,i
13527347,"Shilovich, Elizaveta",BLR,M,,,,1568,0,20,AUG25,2005,i
13522493,"Shishko, Ilja",BLR,M,,,,1555,0,20,AUG25,2003,i
13531654,"Shkred, Kanstantsin",BLR,M,,,,1517,11,40,AUG25,2013,
13535501,"Shkred, Timofei",BLR,M,,,,1578,9,40,AUG25,2011,
13522264,"Shkurdiuk, Timofei",BLR,M,,,,1809,0,40,AUG25,2008,
13517635,"Shkuta, Yaroslav",BLR,M,,,,1502,0,40,AUG25,2007,i
13519026,"Shmakau, Ihar",BLR,M,,,,1633,0,20,AUG25,1967,i
13533622,"Shmarouskaya, Nadezda",BLR,M,,,,1442,0,40,AUG25,2010,i
13522639,"Shpetny, Alexey",BLR,M,,,,1756,0,20,AUG25,2006,i
13512331,"Shtabnoy, Anton",BLR,M,,,,1752,0,20,AUG25,1998,i
13534785,"Shuhalo, Dziyana",BLR,F,,,,1636,0,40,AUG25,2011,w
13535919,"Shuliak, Ilia",BLR,M,,,,1796,0,20,AUG25,1986,i
13523694,"Shuliak, Zakhar",BLR,M,,,,1759,0,40,AUG25,2010,
13513443,"Shusta, Matsvei",BLR,M,,,,1717,0,20,AUG25,2003,i
13529854,"Shustsikau, Pavel",BLR,M,,,,1737,0,40,AUG25,2009,
13512250,"Shved, Dmitriy",BLR,M,,,,AIM,1556,0,AUG25,1999,i
13510908,"Shvedau, Mikhail",BLR,M,,,,1815,0,20,AUG25,2002,i
13522523,"Shydlouski, Artsiom",BLR,M,,,,1810,0,40,AUG25,2009,
13516817,"Shyfmanovich, Ryhor",BLR,M,,,,1889,0,20,AUG25,1948,i
13521560,"Shyman, Aliaksei",BLR,M,,,,1593,0,40,AUG25,2009,i
13509365,"Shynkevich, Pavel",BLR,M,,,,1892,0,20,AUG25,1997,i
13535803,"Shyshko, Vsevolod",BLR,M,,,,1419,0,40,AUG25,2008,
13505963,"Siagodnik, Anton",BLR,M,FM,,,2119,0,20,AUG25,1995,i
13526456,Siamionava Hanna,BLR,F,,,,1736,0,40,AUG25,2009,w
13519050,"Siardziuk, Mikita",BLR,M,,,,1578,0,20,AUG25,2001,i
13538411,"Siargeyeu, Matsvei",BLR,M,,,,1487,0,20,AUG25,1980,
13531930,"Siarkou, Aliaksandr",BLR,M,,,,1535,10,20,AUG25,1974,
13522230,"Sidaruk, Dzmitry",BLR,M,,,,1548,0,40,AUG25,2009,i
13520920,"Sidorenja, Milena",BLR,F,,,,1800,10,40,AUG25,2009,w
13509888,"Sidorenko, Ilya",BLR,M,,,,1892,11,20,AUG25,2001,
13532782,"Silanova, Taisiya",BLR,F,,,,1578,0,40,AUG25,2011,w
13514385,"Siniukovich, Ivan",BLR,M,,,,1830,0,40,AUG25,2007,i
13517325,"Sinkevich, Aliaksandr",BLR,M,,,,1609,0,20,AUG25,2004,i
13529080,"Sinochkin, Konstantin",BLR,M,,,,1529,0,40,AUG25,2008,i
13519840,"Sirata, Aleh",BLR,M,,,,1667,0,40,AUG25,2007,i
13535188,"Sirosh, Maksim",BLR,M,,,,1454,0,40,AUG25,2014,
13533533,"Skibar, Alesya",BLR,M,,,,1447,0,40,AUG25,2008,
13510061,"Sluchak, Kiryl",BLR,M,,,,1888,0,20,AUG25,2003,i
13503332,"Smirnov, Aleksander",BLR,M,,,,1986,0,20,AUG25,1967,i
13500350,"Smirnov, Valerij",BLR,M,IM,,,2090,0,20,AUG25,1953,i
13504231,"Smolich, Pavel",BLR,M,,,,2229,0,20,AUG25,1991,i
13538004,"Smotrikov, Aleksei",BLR,M,,,,1401,10,40,AUG25,2014,
13524399,"Smotrykau, Dzmitry",BLR,M,,,,1567,0,20,AUG25,2003,i
13519786,"Smychek, Kirill",BLR,M,,,,1452,0,20,AUG25,2006,i
13509268,"Snigur, Vladislav",BLR,M,,,,1783,0,20,AUG25,2002,i
13506242,"Sobol, Dmitry",BLR,M,,,,1810,0,20,AUG25,1990,
13509314,"Sobol, Robert",BLR,M,,,,1838,0,20,AUG25,1999,i
13523210,"Sokal, Daniil",BLR,M,,,,1539,0,40,AUG25,2010,i
13513702,"Sokal, Uladzislau",BLR,M,,,,1644,0,20,AUG25,2006,i
13516728,"Sokolov, Alexandr",BLR,M,,,,1753,0,20,AUG25,1998,i
13514857,"Sokolov, Evgenij",BLR,M,,,,1987,0,20,AUG25,1971,i
13520555,"Sorokin, Dmitry",BLR,M,,,,1780,0,20,AUG25,2002,
13533738,"Spetsyan, Arsenij",BLR,M,,,,1451,0,40,AUG25,2015,i
13516078,"Spizharny, Mikhail",BLR,M,FM,,,2297,11,20,AUG25,2006,
13527541,"Stadnik, Artsiom",BLR,M,,,,1456,0,40,AUG25,2012,i
13534912,"Stalinia, Semen",BLR,M,,,,1478,0,40,AUG25,2014,
13523597,"Stambrouskaya, Maryia",BLR,F,,,,1662,0,40,AUG25,2007,wi
13514865,"Stanishevskij, Aleksandr",BLR,M,,,,1749,0,20,AUG25,1961,i
13520644,"Staravoitau, Mikhail",BLR,M,,,,1619,0,40,AUG25,2009,i
13516205,"Staravoitava, Hanna",BLR,F,,,,1809,0,20,AUG25,2002,wi
13529412,"Starodubets, Tsimofej",BLR,M,,,,1812,8,20,AUG25,2006,
13515039,Stefanovich Yana,BLR,F,,,,1550,0,20,AUG25,2005,wi
13517546,"Stepanov, Gleb",BLR,M,,,,1542,0,40,AUG25,2007,i
13505300,"Stetsko, Lanita",BLR,F,FM,WGM,,2096,0,20,AUG25,1993,wi
13515462,"Strelcov, Ignat",BLR,M,,,,1613,0,20,AUG25,1999,i
13513974,"Strizhnev, Ivan",BLR,M,,,,1967,0,40,AUG25,2007,
13536311,"Stroyeu, Vitali",BLR,M,,,,1457,0,20,AUG25,1983,
13509330,"Strunevskii, Alexander",BLR,M,,,,1921,0,20,AUG25,0,i
13538160,"Stselmashuk, Daniil",BLR,M,,,,1488,0,40,AUG25,2013,
13507575,"Stsepkina, Katsiaryna",BLR,F,,,,1884,0,20,AUG25,1999,wi
13510029,"Stsepkina, Yauheniya",BLR,F,,,,1754,0,20,AUG25,2003,wi
13534017,"Stsiapanou, Maksim",BLR,M,,,,1579,0,40,AUG25,2010,
13514032,"Stsiapnou, Ihar",BLR,M,,,,1754,0,20,AUG25,1979,
13511246,"Stsiapnou, Mikita",BLR,M,,,,1741,0,20,AUG25,2004,i
13503758,"Stupak, Kirill",BLR,M,GM,,,2454,0,10,AUG25,1990,
13504169,"Surin, Kirill",BLR,M,,,,1954,0,20,AUG25,1990,i
13540521,"Surkou, Kanstantsin",BLR,M,,,,1440,0,20,AUG25,2005,
13517627,"Suslov, Alexander",BLR,M,,,,1480,0,20,AUG25,2006,i
13506404,"Sventitski, Sergei",BLR,M,,,,2045,0,20,AUG25,0,i
13512277,"Sverchkov, Alexej",BLR,M,,,,1745,0,20,AUG25,2000,i
13513133,"Svidersky, Nikita",BLR,M,,,,1990,0,20,AUG25,2000,i
13515020,Svintitski Yaraslau,BLR,M,,,,1561,0,20,AUG25,2006,i
13506250,"Svistun, Ivan",BLR,M,,,,2102,0,20,AUG25,1993,i
13502859,"Svjatocho, Andrej",BLR,M,,,,1849,0,20,AUG25,1973,
13533630,"Sychevsky, Artem",BLR,M,,,,1401,0,20,AUG25,1985,i
13511378,"Sychou, Dzmitry",BLR,M,,,,1858,0,20,AUG25,1989,i
13512285,"Sytko, Daniil",BLR,M,,,,1670,0,20,AUG25,2005,i
13524984,"Syty, Eduard",BLR,M,,,,1833,0,20,AUG25,1988,i
13533983,"Syzgantsava, Ustsiniya",BLR,M,,,,1435,0,40,AUG25,2007,i
13511742,"Szczerbacewicz, Nastia",BLR,F,,,,1831,0,20,AUG25,2002,wi
13501682,"Takhirov, Viktor",BLR,M,,,,2036,0,20,AUG25,1971,i
13511092,"Talma, Sergei",BLR,M,,,,1828,0,20,AUG25,1952,
13513338,Taraikovski Mikhail,BLR,M,,,,1602,0,20,AUG25,2003,i
13532898,"Tarasenia, Arseni",BLR,M,,,,1575,0,40,AUG25,2012,i
13514288,"Tarasenka, Aliaksandra",BLR,F,WFM,WFM,,2125,10,20,AUG25,2006,w
13538802,"Tarasenko, Dzmitry",BLR,M,,,,1433,0,20,AUG25,1988,
13515098,"Tarasevich, Mikhail",BLR,M,,,,1965,0,20,AUG25,2002,i
13535366,"Tarasiuk, Eva",BLR,F,,,,1526,0,40,AUG25,2011,w
13535668,"Tarasiuk, Yeva",BLR,F,,,,1540,11,40,AUG25,2011,w
13508210,"Tashtimirov, Farid",BLR,M,,,,1833,0,20,AUG25,1955,i
13535811,"Tastahan, Daniil",BLR,M,,,,1637,0,40,AUG25,2013,
13509349,"Tavakalov, Stanislav",BLR,M,,,,1892,0,20,AUG25,1999,i
13519069,"Tchachev, Pavel",BLR,M,,,,1838,0,20,AUG25,2000,i
13537784,"Terehov, Roman",BLR,M,,,,1484,11,40,AUG25,2009,
13533169,"Teterev, Ivan",BLR,M,,,,1558,10,40,AUG25,2014,
13501429,"Teterev, Vitaly",BLR,M,GM,,,2281,11,10,AUG25,1983,
13500325,"Tihonov, Jurij",BLR,M,GM,,,2223,0,10,AUG25,1978,i
13537555,"Timoh, Gleb",BLR,M,,,,1678,0,40,AUG25,2011,
13533975,"Tiurin, Vladimir",BLR,M,,,,1644,0,20,AUG25,1970,i
13515594,"Tkachou, Pavel",BLR,M,,,,1727,0,20,AUG25,2000,
13522930,"Tkachou, Pavel",BLR,M,,,,1586,0,20,AUG25,2005,i
13527878,"Tolkatch, Roman",BLR,M,,,,1783,0,40,AUG25,2010,
13517767,"Tomashevich, Evgeni",BLR,M,,,,1730,0,20,AUG25,2003,i
13522647,"Tomchin, Mihail",BLR,M,,,,1602,0,20,AUG25,1951,i
13518070,"Traskovsky, Ivan",BLR,M,,,,1753,0,20,AUG25,2000,i
13501313,"Trifonov, Denis",BLR,M,FM,,,2105,10,20,AUG25,1978,
13538810,"Troichanka, Raman",BLR,M,,,,1446,0,40,AUG25,2012,
13518151,"Troyanov, Aleksandr",BLR,M,,,,1489,0,20,AUG25,1982,i
13523198,"Trus, Darya I",BLR,F,,,,1429,0,40,AUG25,2011,wi
13504282,"Trus, Iryna",BLR,F,WFM,WFM,,1938,0,20,AUG25,1989,wi
13534629,"Tsarkou, Mikhail",BLR,M,,,,2006,11,40,AUG25,2008,
13540653,"Tselebuk, Kanstantsin",BLR,M,,,,1561,0,40,AUG25,2016,
13527169,"Tsevelyuk, Illia",BLR,M,,,,1911,0,40,AUG25,2011,
13519077,"Tsiahushau, Vitali",BLR,M,,,,1653,0,20,AUG25,1949,i
13538179,"Tsiarletski, Hleb",BLR,M,,,,1672,0,40,AUG25,2010,
13520601,"Tsiarletski, Yahor",BLR,M,,,,1545,0,40,AUG25,2008,
13515306,"Tsishkou, Dzmitry",BLR,M,,,,1542,0,20,AUG25,2005,i
13533851,"Tsitou, Siarhei",BLR,M,,,,1582,0,20,AUG25,1970,i
13514229,"Tsiuryn, Ilya",BLR,M,,,,1900,11,20,AUG25,2006,
13516914,"Tsurko, Uladzislau",BLR,M,,,,1609,0,20,AUG25,2006,i
13526545,"Tsybin, Egor",BLR,M,,,,1629,0,20,AUG25,2006,i
13505130,"Tsyhanchuk, Stanislav",BLR,M,IM,"FT,FA",,2141,11,20,AUG25,1992,
13521004,"Tsyhanou, Andrei",BLR,M,,,,1704,11,40,AUG25,2010,
13520997,"Tsyhanova, Hanna",BLR,F,,,,1452,0,40,AUG25,2008,wi
13530658,"Tylkov, Timofey",BLR,M,,,,1720,9,40,AUG25,2012,
13538284,"Ulasenka, Daniil",BLR,M,,,,1505,0,40,AUG25,2013,
13519875,"Unukouski, Aliaxandr",BLR,M,,,,1723,10,40,AUG25,2008,
13515489,"Urbanovich, Aliaksei",BLR,M,,,,1738,0,20,AUG25,2002,i
13529641,"Usava, Sviatlana",BLR,F,,,,1491,0,40,AUG25,2011,w
13510401,"Ustiugov, Boris",BLR,M,,,,1622,0,20,AUG25,1938,i
13508903,"Uzlavataya, Anhelina",BLR,F,,,,1971,0,20,AUG25,1997,wi
13530739,"Vahura, Kira",BLR,F,,,,1679,0,40,AUG25,2013,w
13510649,"Vainerchuk, Raman",BLR,M,,,,1756,0,20,AUG25,0,i
13521683,"Vakhitava, Darya",BLR,F,,,,1423,0,40,AUG25,2009,wi
13510282,"Vakhitov, Dmitri",BLR,M,,,,1945,0,20,AUG25,2001,i
13529218,"Vakulik, Dzmitry",BLR,M,,,,1510,0,40,AUG25,2012,
13500848,"Valentinov, Mitko",BLR,M,,,,1640,0,20,AUG25,1970,i
13517040,"Valko, Siarhei",BLR,M,,,,1797,0,20,AUG25,1983,i
13525190,"Varankina, Victoriya",BLR,F,,,,1650,0,40,AUG25,2008,wi
13505637,"Varantsou, Ivan",BLR,M,,,,1669,0,20,AUG25,1947,
13533185,"Vargan, Nikita",BLR,M,,,,1675,11,20,AUG25,2004,
13506676,"Vashchilov, Sergey",BLR,M,,,,1992,0,20,AUG25,1988,i
13524615,"Vasilenka, Vadzim",BLR,M,,,,AFM,1663,0,AUG25,1988,i
13515926,"Vasilevich, Alexandr",BLR,M,,,,1520,0,20,AUG25,2004,i
13538535,Vasiluk Matvey,BLR,M,,,,1622,0,20,AUG25,2006,
13518160,"Vasilyev, Aleksandr",BLR,M,,,,1774,0,20,AUG25,1988,i
13522680,"Vaskov, Artem",BLR,M,,,,1504,0,40,AUG25,2010,
13500384,"Veremeichik, Vladimir",BLR,M,,,,2180,0,20,AUG25,1951,i
13538730,"Verenich, Aliaksei",BLR,M,,,,1712,0,40,AUG25,2009,
13503839,"Veter, Igor",BLR,M,,,,2161,0,20,AUG25,1970,i
13538683,"Vevel, Alesia",BLR,F,,,,1493,0,40,AUG25,2013,w
13513710,"Vialitchanka, Mikalai",BLR,M,,,,1578,0,40,AUG25,2007,i
13520458,"Viarshok, Leanid",BLR,M,,,,1416,0,40,AUG25,2008,i
13521870,"Viartsinski, Savely",BLR,M,,,,1424,0,40,AUG25,2010,i
13540998,"Viarutsin, Maksim",BLR,M,,,,1645,11,40,AUG25,2000,
13529617,"Videvich, Maksim",BLR,M,,,,1455,0,40,AUG25,2010,
13516760,"Vitalisov, Ivan",BLR,M,,,,1849,0,20,AUG25,2001,i
13532197,"Voishnis, Ivan",BLR,M,,,,1808,0,40,AUG25,2013,
13513079,"Voiteshonok, Viacheslav",BLR,M,,,,1612,0,20,AUG25,2002,i
13503847,"Volianuk, Vitaly",BLR,M,,,,2071,0,20,AUG25,1983,
13511769,"Volkov, Igor",BLR,M,,,,1687,0,20,AUG25,1950,i
13529625,"Volkov, Yan",BLR,M,,,,1701,0,40,AUG25,2011,
13538187,"Volovich, Arkady",BLR,M,,,,1632,0,40,AUG25,2013,
13528025,Voranau. Artsiom,BLR,M,,,,1440,0,40,AUG25,2011,i
13522949,"Voronko, Maksim",BLR,M,,,,1615,0,40,AUG25,2010,i
13534343,"Yadzievich, Mark",BLR,M,,,,1492,0,40,AUG25,2010,i
13518704,"Yafremau, Aliaksei",BLR,M,,,,1667,0,40,AUG25,2007,i
13534807,"Yahont, Ignatiy",BLR,M,,,,1715,0,40,AUG25,2008,
13533266,"Yakavenka, Daniil",BLR,M,,,,1558,9,40,AUG25,2015,
13533568,"Yakovenko, Daniil",BLR,M,,,,1448,0,40,AUG25,2015,
13535978,"Yakovenko, Ekaterina",BLR,F,,,,1416,0,40,AUG25,2012,w
13536745,"Yakovleva, Katrina",BLR,F,,,,1556,0,40,AUG25,2013,w
13524429,"Yakubenia, Kirill",BLR,M,,,,1564,0,40,AUG25,2008,i
13525158,"Yakubovskii, Dmitry",BLR,M,,,,1420,0,20,AUG25,2006,i
13533550,"Yakushevich, Anna",BLR,M,,,,1522,0,20,AUG25,2006,i
13517244,"Yankouskaya, Palina",BLR,F,,,,1773,0,20,AUG25,1986,wi
13505327,"Yankouski, Vitali",BLR,M,,,,1805,0,20,AUG25,1981,i
13528831,"Yankovich, Sergey",BLR,M,,,,1759,0,20,AUG25,1964,i
13539787,"Yanovich, Uladislau",BLR,M,,,,1593,0,20,AUG25,2004,
13536192,"Yanovich, Uladzimir",BLR,M,,,,1478,0,20,AUG25,1981,
13539507,"Yanovich, Vladislav",BLR,M,,,,1616,0,20,AUG25,2004,
13531093,"Yarets, Andrey",BLR,M,,,,1504,0,40,AUG25,2012,i
13538837,"Yarmashuk, Aliakse",BLR,M,,,,1590,0,40,AUG25,2007,
13528386,"Yaroshyk, Mikhail",BLR,M,,,,1456,0,40,AUG25,2012,
13520270,"Yarotski, Aliaksei",BLR,M,,,,1645,0,40,AUG25,2010,i
13515080,"Yashchuk, Mikhail",BLR,M,,,,1972,0,20,AUG25,2003,
13520148,"Yasiukovich, Sergei",BLR,M,,,,1827,0,20,AUG25,1959,i
13530488,"Yastrebov, Yaroslav",BLR,M,,,,1641,9,40,AUG25,2009,
13529870,"Yauzrezava, Esenia",BLR,F,,,,1561,0,40,AUG25,2010,w
13527703,"Yemelyanau, Zakhar",BLR,M,,,,1941,11,40,AUG25,2011,
13531530,"Yemelyanov, Vladimir",BLR,M,,,,1733,0,20,AUG25,1974,i
13517112,"Yezhel, Mariya",BLR,F,,,,1626,0,20,AUG25,2005,wi
13526251,"Yukhimuk, Anna",BLR,M,,,,1595,0,20,AUG25,2005,i
13512900,"Yula, Mikalai",BLR,M,,,,1989,0,20,AUG25,1976,i
13515918,"Yurau, Maksim",BLR,M,,,,1782,0,20,AUG25,2004,i
13514008,"Yurkovskaya, Ekaterina",BLR,F,,,,1572,0,20,AUG25,2002,wi
13517597,"Zabaluyeva, Darya",BLR,F,,,,1499,0,40,AUG25,2007,wi
13508288,"Zagorodny, Oleg",BLR,M,,,,2098,0,20,AUG25,1991,i
13527355,"Zaharov, Vladislav",BLR,M,,,,1559,0,40,AUG25,2007,i
13516167,"Zaiko, Stanislav",BLR,M,,,,1521,0,20,AUG25,2005,i
13541056,"Zaitsau, Kiryl",BLR,M,,,,1504,10,40,AUG25,2011,
13519093,"Zakharenka, Ilya",BLR,M,,,,1833,0,20,AUG25,2003,i
13534815,"Zakharenko, Varvara",BLR,F,,,,1594,0,40,AUG25,2012,w
13533860,"Zakharin, Mikhail",BLR,M,,,,1558,0,20,AUG25,2006,
13524771,"Zakirau, Erast",BLR,M,,,,1902,0,20,AUG25,1964,
13507222,"Zakrzheuski, Vladislav",BLR,M,,,,1911,0,20,AUG25,1996,i
13523201,"Zaleuski,Uladzimir A",BLR,M,,,,1562,0,20,AUG25,2004,i
13502611,"Zaman, Daniel",BLR,M,,,,1824,0,20,AUG25,1998,
13517279,"Zaretski, Dzianis",BLR,M,,,,1677,0,40,AUG25,2007,i
13537610,"Zaretski, Ilya",BLR,M,,,,1423,0,40,AUG25,2011,i
13520865,"Zaruba, Anfisa",BLR,F,,,,1561,0,40,AUG25,2007,wi
13509373,"Zarubitski, Viachaslau",BLR,M,IM,,,2348,11,20,AUG25,2002,
13500600,"Zaytseva, Kira",BLR,F,,,,1939,0,20,AUG25,1997,wi
13530895,"Zdor, Pavel",BLR,M,,,,1510,0,20,AUG25,2005,i
13503952,"Zelenko, Pavel",BLR,M,,,,2091,0,20,AUG25,1991,i
13511696,"Zenchanka, Pavel",BLR,M,,,,2102,0,20,AUG25,2001,i
13532693,"Zhabko, Mikita",BLR,M,,,,1439,0,40,AUG25,2012,
13517570,"Zhavaranak, Ihar",BLR,M,,,,1432,0,20,AUG25,2006,i
13514067,"Zhdanenya, Konstantin",BLR,M,,,,1926,0,20,AUG25,1985,i
13522329,"Zhebryk, Yauhen",BLR,M,,,,1545,0,20,AUG25,2006,i
13502247,"Zhigalko, Andrey",BLR,M,GM,,,2452,0,10,AUG25,1985,i
13502956,"Zhigalko, Sergei",BLR,M,GM,,,2582,11,10,AUG25,1989,
13506480,"Zhigalko, Tatiana",BLR,F,WFM,WFM,,1928,0,20,AUG25,1994,w
13510479,"Zhigulich, Vladislav",BLR,M,,,,1816,0,20,AUG25,2000,i
13522833,"Zhloba, Artur",BLR,M,,,,1432,0,40,AUG25,2009,i
13502255,"Zhuck, Sergei",BLR,M,,,,2138,0,20,AUG25,1974,i
13536133,"Zhuk, Tsimur",BLR,M,,,,1516,0,40,AUG25,2010,i
13524992,"Zhukava, Lizaveta",BLR,F,,,,1447,0,40,AUG25,2009,wi
13505653,"Zhukov, Nikolai",BLR,M,,,,1867,0,20,AUG25,1968,
13534270,"Zhukov, Vladimir V",BLR,M,,,,1534,0,20,AUG25,1957,i
13512684,"Zhukov, Yuri V.",BLR,M,,,,1753,0,20,AUG25,1975,
13512358,"Zhukovich, Vasil",BLR,M,,,,1720,0,20,AUG25,1939,i
13518062,"Zhukovskij, Viktor",BLR,M,,,,1938,10,20,AUG25,1991,
13536338,"Zhur, Yelisei",BLR,M,,,,1627,9,40,AUG25,2013,
13527479,"Zhurauski, Michael",BLR,M,,,,1518,0,40,AUG25,2012,
13535307,"Zhurauski, Yahor",BLR,M,,,,1558,0,40,AUG25,2013,
13512862,"Zhuravlev, Fiodor",BLR,M,,,,1756,0,20,AUG25,0,i
13530429,"Zhurko,Alisa",BLR,F,,,,1541,0,40,AUG25,2010,w
13524054,"Zhykhar, Dzianis",BLR,M,,,,1620,0,40,AUG25,2009,
13531107,"Zhylchyk, Mark",BLR,M,,,,AFM,1460,0,AUG25,2011,
13537059,"Zhytkevich, Valeryia",BLR,F,,,,1576,8,40,AUG25,2016,w
13517457,"Zianevich, Uliana",BLR,F,,,,1588,0,20,AUG25,2005,wi
13524658,"Zianiuk, Tsimafei",BLR,M,,,,1413,0,40,AUG25,2009,i
13508695,"Ziaziulkin, Pavel",BLR,M,,,,1817,0,20,AUG25,2002,i
13505211,"Ziaziulkina, Nastassia",BLR,F,IM,WGM,,2184,0,20,AUG25,1995,wi
13506323,"Ziuzin, Mikhail",BLR,M,,,,1750,0,20,AUG25,0,i
13525204,"Zolotenkov, Vasilly",BLR,M,,,,1612,0,40,AUG25,2008,i
13527622,"Zoryn, Mikhail",BLR,M,,,,1496,0,40,AUG25,2011,
13521748,"Zubaryk, Maryia",BLR,F,,,,1570,6,40,AUG25,2009,w
13528718,"Zuev, Kirill",BLR,M,,,,1588,0,40,AUG25,2009,
13539582,"Zuev, Roman",BLR,M,,,,1614,0,40,AUG25,2009,