[
  {
    "ID Number": "13316745"
  },
  {
    "ID Number": "13303406"
  },
  {
    "ID Number": "13324144"
  },
  {
    "ID Number": "13313355"
  },
  {
    "ID Number": "13317504"
  },
  {
    "ID Number": "13314823"
  },
  {
    "ID Number": "13308637"
  },
  {
    "ID Number": "13302841"
  },
  {
    "ID Number": "13319892"
  },
  {
    "ID Number": "13322397"
  },
  {
    "ID Number": "13743139"
  },
  {
    "ID Number": "13300121"
  },
  {
    "ID Number": "13324020"
  },
  {
    "ID Number": "13303058"
  },
  {
    "ID Number": "13315374"
  },
  {
    "ID Number": "13322486"
  },
  {
    "ID Number": "13306626"
  },
  {
    "ID Number": "13322753"
  },
  {
    "ID Number": "13318497"
  },
  {
    "ID Number": "13308963"
  },
  {
    "ID Number": "34161112"
  },
  {
    "ID Number": "13316869"
  },
  {
    "ID Number": "13302000"
  },
  {
    "ID Number": "13301926"
  },
  {
    "ID Number": "13303112"
  },
  {
    "ID Number": "13318209"
  },
  {
    "ID Number": "13315625"
  },
  {
    "ID Number": "13320998"
  },
  {
    "ID Number": "13301900"
  },
  {
    "ID Number": "13326805"
  },
  {
    "ID Number": "13317415"
  },
  {
    "ID Number": "13307657"
  },
  {
    "ID Number": "13320831"
  },
  {
    "ID Number": "13310607"
  },
  {
    "ID Number": "13308815"
  },
  {
    "ID Number": "13319515"
  },
  {
    "ID Number": "13322230"
  },
  {
    "ID Number": "13327380"
  },
  {
    "ID Number": "13323881"
  },
  {
    "ID Number": "13305700"
  },
  {
    "ID Number": "13317881"
  },
  {
    "ID Number": "13319299"
  },
  {
    "ID Number": "13318047"
  },
  {
    "ID Number": "13322524"
  },
  {
    "ID Number": "13327585"
  },
  {
    "ID Number": "13318128"
  },
  {
    "ID Number": "13327569"
  },
  {
    "ID Number": "13318845"
  },
  {
    "ID Number": "13317334"
  },
  {
    "ID Number": "13326120"
  },
  {
    "ID Number": "13301012"
  },
  {
    "ID Number": "13319035"
  },
  {
    "ID Number": "13314270"
  },
  {
    "ID Number": "13323911"
  },
  {
    "ID Number": "13320459"
  },
  {
    "ID Number": "13324110"
  },
  {
    "ID Number": "13307622"
  },
  {
    "ID Number": "13311697"
  },
  {
    "ID Number": "4121953"
  },
  {
    "ID Number": "13320599"
  },
  {
    "ID Number": "13303902"
  },
  {
    "ID Number": "13301519"
  },
  {
    "ID Number": "13323210"
  },
  {
    "ID Number": "13325183"
  },
  {
    "ID Number": "13301993"
  },
  {
    "ID Number": "13323822"
  },
  {
    "ID Number": "13319523"
  },
  {
    "ID Number": "13303139"
  },
  {
    "ID Number": "13323962"
  },
  {
    "ID Number": "13322516"
  },
  {
    "ID Number": "13314815"
  },
  {
    "ID Number": "13304097"
  },
  {
    "ID Number": "13324756"
  },
  {
    "ID Number": "13319922"
  },
  {
    "ID Number": "13306707"
  },
  {
    "ID Number": "13308092"
  },
  {
    "ID Number": "13300385"
  },
  {
    "ID Number": "13300725"
  },
  {
    "ID Number": "13320874"
  },
  {
    "ID Number": "13302213"
  },
  {
    "ID Number": "13314661"
  },
  {
    "ID Number": "13320661"
  },
  {
    "ID Number": "13316044"
  },
  {
    "ID Number": "13302558"
  },
  {
    "ID Number": "13307037"
  },
  {
    "ID Number": "13321617"
  },
  {
    "ID Number": "13302779"
  },
  {
    "ID Number": "13312340"
  },
  {
    "ID Number": "13300717"
  },
  {
    "ID Number": "13325345"
  },
  {
    "ID Number": "13321048"
  },
  {
    "ID Number": "13318926"
  },
  {
    "ID Number": "13318853"
  },
  {
    "ID Number": "13300210"
  },
  {
    "ID Number": "13321250"
  },
  {
    "ID Number": "13321803"
  },
  {
    "ID Number": "13319841"
  },
  {
    "ID Number": "13321269"
  },
  {
    "ID Number": "13304828"
  },
  {
    "ID Number": "13325213"
  },
  {
    "ID Number": "13319647"
  },
  {
    "ID Number": "13309315"
  },
  {
    "ID Number": "13308327"
  },
  {
    "ID Number": "13310046"
  },
  {
    "ID Number": "13318969"
  },
  {
    "ID Number": "13314726"
  },
  {
    "ID Number": "13324063"
  },
  {
    "ID Number": "13303570"
  },
  {
    "ID Number": "13319167"
  },
  {
    "ID Number": "13303619"
  },
  {
    "ID Number": "13302680"
  },
  {
    "ID Number": "34475990"
  },
  {
    "ID Number": "13326759"
  },
  {
    "ID Number": "13300342"
  },
  {
    "ID Number": "13323440"
  },
  {
    "ID Number": "13313975"
  },
  {
    "ID Number": "13303627"
  },
  {
    "ID Number": "13316605"
  },
  {
    "ID Number": "13303732"
  },
  {
    "ID Number": "13313363"
  },
  {
    "ID Number": "13301314"
  },
  {
    "ID Number": "13326562"
  },
  {
    "ID Number": "13302760"
  },
  {
    "ID Number": "13300903"
  },
  {
    "ID Number": "34290788"
  },
  {
    "ID Number": "13318942"
  },
  {
    "ID Number": "13315730"
  },
  {
    "ID Number": "13320785"
  },
  {
    "ID Number": "13315307"
  },
  {
    "ID Number": "13311670"
  },
  {
    "ID Number": "13309951"
  },
  {
    "ID Number": "13323946"
  },
  {
    "ID Number": "13305646"
  },
  {
    "ID Number": "13303244"
  },
  {
    "ID Number": "13310356"
  },
  {
    "ID Number": "13300270"
  },
  {
    "ID Number": "13312910"
  },
  {
    "ID Number": "34264159"
  },
  {
    "ID Number": "13303279"
  },
  {
    "ID Number": "13308300"
  },
  {
    "ID Number": "13306430"
  },
  {
    "ID Number": "13308203"
  },
  {
    "ID Number": "13318187"
  },
  {
    "ID Number": "13322559"
  },
  {
    "ID Number": "13312448"
  },
  {
    "ID Number": "13312073"
  },
  {
    "ID Number": "13315412"
  },
  {
    "ID Number": "13307789"
  },
  {
    "ID Number": "13300946"
  },
  {
    "ID Number": "13309870"
  },
  {
    "ID Number": "13313860"
  },
  {
    "ID Number": "13300814"
  },
  {
    "ID Number": "13302191"
  },
  {
    "ID Number": "13317768"
  },
  {
    "ID Number": "13300539"
  },
  {
    "ID Number": "13301004"
  },
  {
    "ID Number": "13320793"
  },
  {
    "ID Number": "13324691"
  },
  {
    "ID Number": "13315056"
  },
  {
    "ID Number": "13304216"
  },
  {
    "ID Number": "13308653"
  },
  {
    "ID Number": "13318179"
  },
  {
    "ID Number": "13319000"
  },
  {
    "ID Number": "60900067"
  },
  {
    "ID Number": "13306677"
  },
  {
    "ID Number": "13311751"
  },
  {
    "ID Number": "13313940"
  },
  {
    "ID Number": "13320475"
  },
  {
    "ID Number": "13313274"
  },
  {
    "ID Number": "13306782"
  },
  {
    "ID Number": "13306979"
  },
  {
    "ID Number": "13314114"
  },
  {
    "ID Number": "13310429"
  },
  {
    "ID Number": "13302795"
  },
  {
    "ID Number": "13325426"
  },
  {
    "ID Number": "13300873"
  },
  {
    "ID Number": "13304461"
  },
  {
    "ID Number": "13318632"
  },
  {
    "ID Number": "13321935"
  },
  {
    "ID Number": "13319604"
  },
  {
    "ID Number": "13319566"
  },
  {
    "ID Number": "13325434"
  },
  {
    "ID Number": "13316672"
  },
  {
    "ID Number": "13322648"
  },
  {
    "ID Number": "13303635"
  },
  {
    "ID Number": "13321234"
  },
  {
    "ID Number": "13300890"
  },
  {
    "ID Number": "13304240"
  },
  {
    "ID Number": "13313568"
  },
  {
    "ID Number": "13319752"
  },
  {
    "ID Number": "13318985"
  },
  {
    "ID Number": "13302639"
  },
  {
    "ID Number": "13316460"
  },
  {
    "ID Number": "13312464"
  },
  {
    "ID Number": "13306685"
  },
  {
    "ID Number": "13302930"
  },
  {
    "ID Number": "13317288"
  },
  {
    "ID Number": "13327534"
  },
  {
    "ID Number": "13311174"
  },
  {
    "ID Number": "13318772"
  },
  {
    "ID Number": "13316958"
  },
  {
    "ID Number": "13302507"
  },
  {
    "ID Number": "13310844"
  },
  {
    "ID Number": "13311360"
  },
  {
    "ID Number": "13312936"
  },
  {
    "ID Number": "13304291"
  },
  {
    "ID Number": "13320696"
  },
  {
    "ID Number": "13320700"
  },
  {
    "ID Number": "13310550"
  },
  {
    "ID Number": "13300202"
  },
  {
    "ID Number": "13307797"
  },
  {
    "ID Number": "13318950"
  },
  {
    "ID Number": "13320467"
  },
  {
    "ID Number": "13304518"
  },
  {
    "ID Number": "13314009"
  },
  {
    "ID Number": "13316451"
  },
  {
    "ID Number": "13310526"
  },
  {
    "ID Number": "13320653"
  },
  {
    "ID Number": "13319914"
  },
  {
    "ID Number": "13311131"
  },
  {
    "ID Number": "13324632"
  },
  {
    "ID Number": "13322907"
  },
  {
    "ID Number": "13325302"
  },
  {
    "ID Number": "13310780"
  },
  {
    "ID Number": "13307487"
  },
  {
    "ID Number": "13321781"
  },
  {
    "ID Number": "13304950"
  },
  {
    "ID Number": "13316680"
  },
  {
    "ID Number": "13310437"
  },
  {
    "ID Number": "13310771"
  },
  {
    "ID Number": "13324543"
  },
  {
    "ID Number": "13311778"
  },
  {
    "ID Number": "13309048"
  },
  {
    "ID Number": "13306901"
  },
  {
    "ID Number": "13300598"
  },
  {
    "ID Number": "13310852"
  },
  {
    "ID Number": "13319426"
  },
  {
    "ID Number": "13304305"
  },
  {
    "ID Number": "13306740"
  },
  {
    "ID Number": "13314742"
  },
  {
    "ID Number": "13322435"
  },
  {
    "ID Number": "24269727"
  },
  {
    "ID Number": "13310682"
  },
  {
    "ID Number": "13318519"
  },
  {
    "ID Number": "13310801"
  },
  {
    "ID Number": "13302299"
  },
  {
    "ID Number": "13310470"
  },
  {
    "ID Number": "13322729"
  },
  {
    "ID Number": "13325485"
  },
  {
    "ID Number": "13301250"
  },
  {
    "ID Number": "13316729"
  },
  {
    "ID Number": "13316630"
  },
  {
    "ID Number": "13318721"
  },
  {
    "ID Number": "4129709"
  },
  {
    "ID Number": "13319159"
  },
  {
    "ID Number": "13312103"
  },
  {
    "ID Number": "13302256"
  },
  {
    "ID Number": "13302310"
  },
  {
    "ID Number": "13314343"
  },
  {
    "ID Number": "13302302"
  },
  {
    "ID Number": "13324667"
  },
  {
    "ID Number": "13301373"
  },
  {
    "ID Number": "13309293"
  },
  {
    "ID Number": "13308734"
  },
  {
    "ID Number": "13305786"
  },
  {
    "ID Number": "13324942"
  },
  {
    "ID Number": "13303007"
  },
  {
    "ID Number": "13303970"
  },
  {
    "ID Number": "13321978"
  },
  {
    "ID Number": "13303465"
  },
  {
    "ID Number": "13321307"
  },
  {
    "ID Number": "13312189"
  },
  {
    "ID Number": "13310143"
  },
  {
    "ID Number": "13318349"
  },
  {
    "ID Number": "13304348"
  },
  {
    "ID Number": "13320092"
  },
  {
    "ID Number": "13314947"
  },
  {
    "ID Number": "13311883"
  },
  {
    "ID Number": "13321820"
  },
  {
    "ID Number": "13306014"
  },
  {
    "ID Number": "13300466"
  },
  {
    "ID Number": "13326856"
  },
  {
    "ID Number": "13327518"
  },
  {
    "ID Number": "13306286"
  },
  {
    "ID Number": "13306553"
  },
  {
    "ID Number": "13327542"
  },
  {
    "ID Number": "13325396"
  },
  {
    "ID Number": "13326791"
  },
  {
    "ID Number": "13320637"
  },
  {
    "ID Number": "13309200"
  },
  {
    "ID Number": "13302035"
  },
  {
    "ID Number": "13320955"
  },
  {
    "ID Number": "13311662"
  },
  {
    "ID Number": "13321498"
  },
  {
    "ID Number": "13309056"
  },
  {
    "ID Number": "13323130"
  },
  {
    "ID Number": "13319930"
  },
  {
    "ID Number": "13302485"
  },
  {
    "ID Number": "13300750"
  },
  {
    "ID Number": "13318578"
  },
  {
    "ID Number": "13304852"
  },
  {
    "ID Number": "13319655"
  },
  {
    "ID Number": "13300040"
  },
  {
    "ID Number": "13303783"
  },
  {
    "ID Number": "13322737"
  },
  {
    "ID Number": "13300709"
  },
  {
    "ID Number": "13308386"
  },
  {
    "ID Number": "13318640"
  },
  {
    "ID Number": "13302124"
  },
  {
    "ID Number": "13300601"
  },
  {
    "ID Number": "13306642"
  },
  {
    "ID Number": "13307533"
  },
  {
    "ID Number": "13314858"
  },
  {
    "ID Number": "13306570"
  },
  {
    "ID Number": "13305131"
  },
  {
    "ID Number": "13310828"
  },
  {
    "ID Number": "13318535"
  },
  {
    "ID Number": "13307878"
  },
  {
    "ID Number": "13301888"
  },
  {
    "ID Number": "13311336"
  },
  {
    "ID Number": "13320424"
  },
  {
    "ID Number": "13303740"
  },
  {
    "ID Number": "13320971"
  },
  {
    "ID Number": "13318993"
  },
  {
    "ID Number": "310204"
  },
  {
    "ID Number": "13302906"
  },
  {
    "ID Number": "13324560"
  },
  {
    "ID Number": "13326031"
  },
  {
    "ID Number": "13321218"
  },
  {
    "ID Number": "13301152"
  },
  {
    "ID Number": "13314807"
  },
  {
    "ID Number": "13312243"
  },
  {
    "ID Number": "13318152"
  },
  {
    "ID Number": "13307002"
  },
  {
    "ID Number": "13326570"
  },
  {
    "ID Number": "13305751"
  },
  {
    "ID Number": "13300393"
  },
  {
    "ID Number": "13316710"
  },
  {
    "ID Number": "13317776"
  },
  {
    "ID Number": "13316273"
  },
  {
    "ID Number": "13307053"
  },
  {
    "ID Number": "13309439"
  },
  {
    "ID Number": "13314866"
  },
  {
    "ID Number": "13316761"
  },
  {
    "ID Number": "13318616"
  },
  {
    "ID Number": "13304917"
  },
  {
    "ID Number": "13312022"
  },
  {
    "ID Number": "13318365"
  },
  {
    "ID Number": "13313282"
  },
  {
    "ID Number": "13318527"
  },
  {
    "ID Number": "13301578"
  },
  {
    "ID Number": "13312545"
  },
  {
    "ID Number": "13322419"
  },
  {
    "ID Number": "13300288"
  },
  {
    "ID Number": "13301616"
  },
  {
    "ID Number": "13304364"
  },
  {
    "ID Number": "13322443"
  },
  {
    "ID Number": "13326619"
  },
  {
    "ID Number": "13324489"
  },
  {
    "ID Number": "13320211"
  },
  {
    "ID Number": "13321080"
  },
  {
    "ID Number": "13300857"
  },
  {
    "ID Number": "13316699"
  },
  {
    "ID Number": "13303678"
  },
  {
    "ID Number": "13309978"
  },
  {
    "ID Number": "13304798"
  },
  {
    "ID Number": "13318039"
  },
  {
    "ID Number": "13320882"
  },
  {
    "ID Number": "13320750"
  },
  {
    "ID Number": "13303201"
  },
  {
    "ID Number": "13300563"
  },
  {
    "ID Number": "13301586"
  },
  {
    "ID Number": "13303589"
  },
  {
    "ID Number": "34159867"
  },
  {
    "ID Number": "13313754"
  },
  {
    "ID Number": "13316338"
  },
  {
    "ID Number": "13310992"
  },
  {
    "ID Number": "13320394"
  },
  {
    "ID Number": "13321331"
  },
  {
    "ID Number": "13319027"
  },
  {
    "ID Number": "13307169"
  },
  {
    "ID Number": "13300881"
  },
  {
    "ID Number": "13303414"
  },
  {
    "ID Number": "13303210"
  },
  {
    "ID Number": "13317695"
  },
  {
    "ID Number": "13307010"
  },
  {
    "ID Number": "44184344"
  },
  {
    "ID Number": "13310810"
  },
  {
    "ID Number": "13306766"
  },
  {
    "ID Number": "13311328"
  },
  {
    "ID Number": "13324624"
  },
  {
    "ID Number": "13322184"
  },
  {
    "ID Number": "13323040"
  },
  {
    "ID Number": "13304380"
  },
  {
    "ID Number": "13321382"
  },
  {
    "ID Number": "13314599"
  },
  {
    "ID Number": "13318934"
  },
  {
    "ID Number": "13302337"
  },
  {
    "ID Number": "13303597"
  },
  {
    "ID Number": "13318870"
  },
  {
    "ID Number": "13307444"
  },
  {
    "ID Number": "13315510"
  },
  {
    "ID Number": "13300296"
  },
  {
    "ID Number": "13315773"
  },
  {
    "ID Number": "13317059"
  },
  {
    "ID Number": "13312090"
  },
  {
    "ID Number": "13320823"
  },
  {
    "ID Number": "13324314"
  },
  {
    "ID Number": "13312790"
  },
  {
    "ID Number": "13324772"
  },
  {
    "ID Number": "13319183"
  },
  {
    "ID Number": "13306596"
  },
  {
    "ID Number": "13321129"
  },
  {
    "ID Number": "13306146"
  },
  {
    "ID Number": "13317245"
  },
  {
    "ID Number": "13325140"
  },
  {
    "ID Number": "13319175"
  },
  {
    "ID Number": "13324306"
  },
  {
    "ID Number": "13317253"
  },
  {
    "ID Number": "13321196"
  },
  {
    "ID Number": "13303384"
  },
  {
    "ID Number": "13302531"
  },
  {
    "ID Number": "13304402"
  },
  {
    "ID Number": "13316311"
  },
  {
    "ID Number": "13321951"
  },
  {
    "ID Number": "13326627"
  },
  {
    "ID Number": "13300431"
  },
  {
    "ID Number": "13319051"
  },
  {
    "ID Number": "13302736"
  },
  {
    "ID Number": "13315544"
  },
  {
    "ID Number": "13323024"
  },
  {
    "ID Number": "13323776"
  },
  {
    "ID Number": "13321692"
  },
  {
    "ID Number": "13300016"
  },
  {
    "ID Number": "13302175"
  },
  {
    "ID Number": "13311409"
  },
  {
    "ID Number": "13303562"
  },
  {
    "ID Number": "13320149"
  },
  {
    "ID Number": "13322478"
  },
  {
    "ID Number": "13322583"
  },
  {
    "ID Number": "13319485"
  },
  {
    "ID Number": "13302205"
  },
  {
    "ID Number": "13324497"
  },
  {
    "ID Number": "13304569"
  },
  {
    "ID Number": "13326171"
  },
  {
    "ID Number": "13317903"
  },
  {
    "ID Number": "13307088"
  },
  {
    "ID Number": "13312057"
  },
  {
    "ID Number": "13312170"
  },
  {
    "ID Number": "13317938"
  },
  {
    "ID Number": "13308998"
  },
  {
    "ID Number": "13306537"
  },
  {
    "ID Number": "13307320"
  },
  {
    "ID Number": "13305808"
  },
  {
    "ID Number": "13324128"
  },
  {
    "ID Number": "13301276"
  },
  {
    "ID Number": "13322770"
  },
  {
    "ID Number": "13318357"
  }
]