[
  {
    "ID Number": "6610820"
  },
  {
    "ID Number": "6607373"
  },
  {
    "ID Number": "6608469"
  },
  {
    "ID Number": "6610846"
  },
  {
    "ID Number": "6629474"
  },
  {
    "ID Number": "6605427"
  },
  {
    "ID Number": "6603238"
  },
  {
    "ID Number": "6600719"
  },
  {
    "ID Number": "6600522"
  },
  {
    "ID Number": "6629342"
  },
  {
    "ID Number": "6615821"
  },
  {
    "ID Number": "6612121"
  },
  {
    "ID Number": "6612741"
  },
  {
    "ID Number": "6604374"
  },
  {
    "ID Number": "6601219"
  },
  {
    "ID Number": "6635113"
  },
  {
    "ID Number": "6623140"
  },
  {
    "ID Number": "6608248"
  },
  {
    "ID Number": "6623000"
  },
  {
    "ID Number": "6616739"
  },
  {
    "ID Number": "6608140"
  },
  {
    "ID Number": "6615112"
  },
  {
    "ID Number": "6600743"
  },
  {
    "ID Number": "6612458"
  },
  {
    "ID Number": "6603548"
  },
  {
    "ID Number": "6600140"
  },
  {
    "ID Number": "6601227"
  },
  {
    "ID Number": "6607403"
  },
  {
    "ID Number": "6622135"
  },
  {
    "ID Number": "6627331"
  },
  {
    "ID Number": "6627340"
  },
  {
    "ID Number": "6624251"
  },
  {
    "ID Number": "6604943"
  },
  {
    "ID Number": "6624448"
  },
  {
    "ID Number": "6602827"
  },
  {
    "ID Number": "6612580"
  },
  {
    "ID Number": "6627641"
  },
  {
    "ID Number": "6614701"
  },
  {
    "ID Number": "6600336"
  },
  {
    "ID Number": "6604390"
  },
  {
    "ID Number": "6600069"
  },
  {
    "ID Number": "6607918"
  },
  {
    "ID Number": "6600530"
  },
  {
    "ID Number": "6600247"
  },
  {
    "ID Number": "6629822"
  },
  {
    "ID Number": "6631266"
  },
  {
    "ID Number": "6607381"
  },
  {
    "ID Number": "6607675"
  },
  {
    "ID Number": "6624758"
  },
  {
    "ID Number": "6600433"
  },
  {
    "ID Number": "6615490"
  },
  {
    "ID Number": "6601359"
  },
  {
    "ID Number": "6622780"
  },
  {
    "ID Number": "6614248"
  },
  {
    "ID Number": "6621945"
  },
  {
    "ID Number": "6604757"
  },
  {
    "ID Number": "6609279"
  },
  {
    "ID Number": "6612954"
  },
  {
    "ID Number": "6619843"
  },
  {
    "ID Number": "6619932"
  },
  {
    "ID Number": "6602509"
  },
  {
    "ID Number": "6611320"
  },
  {
    "ID Number": "6617883"
  },
  {
    "ID Number": "6526454"
  },
  {
    "ID Number": "6600794"
  },
  {
    "ID Number": "6605400"
  },
  {
    "ID Number": "6600620"
  },
  {
    "ID Number": "6600549"
  },
  {
    "ID Number": "6600611"
  },
  {
    "ID Number": "6606369"
  },
  {
    "ID Number": "3911853"
  },
  {
    "ID Number": "6600476"
  },
  {
    "ID Number": "6615457"
  },
  {
    "ID Number": "6617468"
  },
  {
    "ID Number": "6606687"
  },
  {
    "ID Number": "6624898"
  },
  {
    "ID Number": "6613306"
  },
  {
    "ID Number": "6605664"
  },
  {
    "ID Number": "6608213"
  },
  {
    "ID Number": "6606318"
  },
  {
    "ID Number": "6606300"
  },
  {
    "ID Number": "6606296"
  },
  {
    "ID Number": "6627285"
  },
  {
    "ID Number": "6600484"
  },
  {
    "ID Number": "6607420"
  },
  {
    "ID Number": "6624286"
  },
  {
    "ID Number": "6617379"
  },
  {
    "ID Number": "6609309"
  },
  {
    "ID Number": "6600166"
  },
  {
    "ID Number": "6621090"
  },
  {
    "ID Number": "6619380"
  },
  {
    "ID Number": "6600565"
  },
  {
    "ID Number": "6608345"
  },
  {
    "ID Number": "6600808"
  },
  {
    "ID Number": "6619215"
  },
  {
    "ID Number": "6600816"
  },
  {
    "ID Number": "6628133"
  },
  {
    "ID Number": "6630073"
  },
  {
    "ID Number": "6600603"
  },
  {
    "ID Number": "6602533"
  },
  {
    "ID Number": "6619100"
  },
  {
    "ID Number": "6612695"
  },
  {
    "ID Number": "6600646"
  },
  {
    "ID Number": "6600298"
  },
  {
    "ID Number": "6603246"
  },
  {
    "ID Number": "6612342"
  },
  {
    "ID Number": "6622623"
  },
  {
    "ID Number": "6607705"
  },
  {
    "ID Number": "6614124"
  },
  {
    "ID Number": "6616208"
  },
  {
    "ID Number": "3535916"
  },
  {
    "ID Number": "6626599"
  },
  {
    "ID Number": "6617875"
  },
  {
    "ID Number": "6625150"
  },
  {
    "ID Number": "6603050"
  },
  {
    "ID Number": "6613616"
  },
  {
    "ID Number": "6623727"
  },
  {
    "ID Number": "6600107"
  },
  {
    "ID Number": "6602541"
  },
  {
    "ID Number": "6604439"
  },
  {
    "ID Number": "6613349"
  },
  {
    "ID Number": "6605010"
  },
  {
    "ID Number": "6613357"
  },
  {
    "ID Number": "6603904"
  },
  {
    "ID Number": "6600832"
  },
  {
    "ID Number": "6602150"
  },
  {
    "ID Number": "6603963"
  },
  {
    "ID Number": "6606750"
  },
  {
    "ID Number": "6601634"
  },
  {
    "ID Number": "6600441"
  },
  {
    "ID Number": "6603068"
  },
  {
    "ID Number": "6600840"
  },
  {
    "ID Number": "6625169"
  },
  {
    "ID Number": "6615244"
  },
  {
    "ID Number": "6604854"
  },
  {
    "ID Number": "6600174"
  },
  {
    "ID Number": "6604218"
  },
  {
    "ID Number": "6614809"
  },
  {
    "ID Number": "6609686"
  },
  {
    "ID Number": "6610862"
  },
  {
    "ID Number": "6621937"
  },
  {
    "ID Number": "6605206"
  },
  {
    "ID Number": "6605222"
  },
  {
    "ID Number": "6606490"
  },
  {
    "ID Number": "6613047"
  },
  {
    "ID Number": "6619720"
  },
  {
    "ID Number": "6613152"
  },
  {
    "ID Number": "6600875"
  },
  {
    "ID Number": "6606202"
  },
  {
    "ID Number": "6613284"
  },
  {
    "ID Number": "6603076"
  },
  {
    "ID Number": "6635130"
  },
  {
    "ID Number": "6623549"
  },
  {
    "ID Number": "6612075"
  },
  {
    "ID Number": "6617069"
  },
  {
    "ID Number": "6614094"
  },
  {
    "ID Number": "6609333"
  },
  {
    "ID Number": "6602568"
  },
  {
    "ID Number": "6614434"
  },
  {
    "ID Number": "6613217"
  },
  {
    "ID Number": "6627498"
  },
  {
    "ID Number": "6633951"
  },
  {
    "ID Number": "6607500"
  },
  {
    "ID Number": "6607519"
  },
  {
    "ID Number": "6603084"
  },
  {
    "ID Number": "6608230"
  },
  {
    "ID Number": "6606334"
  },
  {
    "ID Number": "6618987"
  },
  {
    "ID Number": "6618863"
  },
  {
    "ID Number": "6628443"
  },
  {
    "ID Number": "6603831"
  },
  {
    "ID Number": "6603840"
  },
  {
    "ID Number": "6620388"
  },
  {
    "ID Number": "6607942"
  },
  {
    "ID Number": "6600344"
  },
  {
    "ID Number": "6608612"
  },
  {
    "ID Number": "6608620"
  },
  {
    "ID Number": "3910288"
  },
  {
    "ID Number": "6613144"
  },
  {
    "ID Number": "6611087"
  },
  {
    "ID Number": "6603599"
  },
  {
    "ID Number": "6612512"
  },
  {
    "ID Number": "6606903"
  },
  {
    "ID Number": "6613926"
  },
  {
    "ID Number": "6614043"
  },
  {
    "ID Number": "6603602"
  },
  {
    "ID Number": "6623468"
  },
  {
    "ID Number": "6603092"
  },
  {
    "ID Number": "6603858"
  },
  {
    "ID Number": "6600042"
  },
  {
    "ID Number": "6600123"
  },
  {
    "ID Number": "6614760"
  },
  {
    "ID Number": "6616127"
  },
  {
    "ID Number": "6612199"
  },
  {
    "ID Number": "6623034"
  },
  {
    "ID Number": "6604617"
  },
  {
    "ID Number": "6617212"
  },
  {
    "ID Number": "6633030"
  },
  {
    "ID Number": "6605419"
  },
  {
    "ID Number": "6622810"
  },
  {
    "ID Number": "6613683"
  },
  {
    "ID Number": "6601170"
  },
  {
    "ID Number": "6606075"
  },
  {
    "ID Number": "6621902"
  },
  {
    "ID Number": "6604838"
  },
  {
    "ID Number": "6604625"
  },
  {
    "ID Number": "6604633"
  },
  {
    "ID Number": "6610455"
  },
  {
    "ID Number": "6615767"
  },
  {
    "ID Number": "6607233"
  },
  {
    "ID Number": "6633293"
  },
  {
    "ID Number": "6601723"
  },
  {
    "ID Number": "6613977"
  },
  {
    "ID Number": "6602410"
  },
  {
    "ID Number": "6621104"
  },
  {
    "ID Number": "6624367"
  },
  {
    "ID Number": "6601260"
  },
  {
    "ID Number": "6604331"
  },
  {
    "ID Number": "6616445"
  },
  {
    "ID Number": "6627862"
  },
  {
    "ID Number": "6619029"
  },
  {
    "ID Number": "6613993"
  },
  {
    "ID Number": "6601731"
  },
  {
    "ID Number": "6612784"
  },
  {
    "ID Number": "6612792"
  },
  {
    "ID Number": "6612962"
  },
  {
    "ID Number": "6611672"
  },
  {
    "ID Number": "6613489"
  },
  {
    "ID Number": "6611125"
  },
  {
    "ID Number": "6600913"
  },
  {
    "ID Number": "6608531"
  },
  {
    "ID Number": "6602894"
  },
  {
    "ID Number": "6615678"
  },
  {
    "ID Number": "6611850"
  },
  {
    "ID Number": "6611770"
  },
  {
    "ID Number": "6605516"
  },
  {
    "ID Number": "6605508"
  },
  {
    "ID Number": "6602002"
  },
  {
    "ID Number": "6614019"
  },
  {
    "ID Number": "6600921"
  },
  {
    "ID Number": "6617077"
  },
  {
    "ID Number": "6613128"
  },
  {
    "ID Number": "6625487"
  },
  {
    "ID Number": "6621554"
  },
  {
    "ID Number": "6608639"
  },
  {
    "ID Number": "6604986"
  },
  {
    "ID Number": "6602916"
  },
  {
    "ID Number": "6615627"
  },
  {
    "ID Number": "6613837"
  },
  {
    "ID Number": "6614108"
  },
  {
    "ID Number": "6627757"
  },
  {
    "ID Number": "6612547"
  },
  {
    "ID Number": "6628516"
  },
  {
    "ID Number": "6600360"
  },
  {
    "ID Number": "6605982"
  },
  {
    "ID Number": "6601774"
  },
  {
    "ID Number": "6625681"
  },
  {
    "ID Number": "6630014"
  },
  {
    "ID Number": "6603793"
  },
  {
    "ID Number": "6606970"
  },
  {
    "ID Number": "6611664"
  },
  {
    "ID Number": "6611273"
  },
  {
    "ID Number": "6624006"
  },
  {
    "ID Number": "6600212"
  },
  {
    "ID Number": "6626700"
  },
  {
    "ID Number": "6611044"
  },
  {
    "ID Number": "6616712"
  },
  {
    "ID Number": "6606377"
  },
  {
    "ID Number": "6611060"
  },
  {
    "ID Number": "6630871"
  },
  {
    "ID Number": "6627234"
  },
  {
    "ID Number": "6600930"
  },
  {
    "ID Number": "6606237"
  },
  {
    "ID Number": "6604048"
  },
  {
    "ID Number": "6603807"
  },
  {
    "ID Number": "6613462"
  },
  {
    "ID Number": "6605281"
  },
  {
    "ID Number": "6613780"
  },
  {
    "ID Number": "6600514"
  },
  {
    "ID Number": "6615759"
  },
  {
    "ID Number": "6601790"
  },
  {
    "ID Number": "6601286"
  },
  {
    "ID Number": "6602932"
  },
  {
    "ID Number": "6632688"
  },
  {
    "ID Number": "6601154"
  },
  {
    "ID Number": "6614116"
  },
  {
    "ID Number": "6619568"
  },
  {
    "ID Number": "6625665"
  },
  {
    "ID Number": "6608353"
  },
  {
    "ID Number": "6610188"
  },
  {
    "ID Number": "6600948"
  },
  {
    "ID Number": "6608442"
  },
  {
    "ID Number": "6624049"
  },
  {
    "ID Number": "6619509"
  },
  {
    "ID Number": "6618650"
  },
  {
    "ID Number": "6624723"
  },
  {
    "ID Number": "6605303"
  },
  {
    "ID Number": "6631177"
  },
  {
    "ID Number": "6611737"
  },
  {
    "ID Number": "6608256"
  },
  {
    "ID Number": "6602681"
  },
  {
    "ID Number": "4413369"
  },
  {
    "ID Number": "6600077"
  },
  {
    "ID Number": "6619274"
  },
  {
    "ID Number": "6613071"
  },
  {
    "ID Number": "6600387"
  },
  {
    "ID Number": "6631452"
  },
  {
    "ID Number": "6631398"
  },
  {
    "ID Number": "6626750"
  },
  {
    "ID Number": "6626769"
  },
  {
    "ID Number": "6617204"
  },
  {
    "ID Number": "6616895"
  },
  {
    "ID Number": "6626882"
  },
  {
    "ID Number": "6617387"
  },
  {
    "ID Number": "6615155"
  },
  {
    "ID Number": "6610439"
  },
  {
    "ID Number": "6602380"
  },
  {
    "ID Number": "6621848"
  },
  {
    "ID Number": "6605737"
  },
  {
    "ID Number": "6604765"
  },
  {
    "ID Number": "6602339"
  },
  {
    "ID Number": "6600972"
  },
  {
    "ID Number": "6622160"
  },
  {
    "ID Number": "6615406"
  },
  {
    "ID Number": "6613705"
  },
  {
    "ID Number": "6604773"
  },
  {
    "ID Number": "6615341"
  },
  {
    "ID Number": "6609899"
  },
  {
    "ID Number": "6606253"
  },
  {
    "ID Number": "6602959"
  },
  {
    "ID Number": "6620078"
  },
  {
    "ID Number": "6614540"
  },
  {
    "ID Number": "6622291"
  },
  {
    "ID Number": "6600999"
  },
  {
    "ID Number": "6615252"
  },
  {
    "ID Number": "6614442"
  },
  {
    "ID Number": "6608027"
  },
  {
    "ID Number": "6618880"
  },
  {
    "ID Number": "6615619"
  },
  {
    "ID Number": "6615600"
  },
  {
    "ID Number": "6619444"
  },
  {
    "ID Number": "6100538"
  },
  {
    "ID Number": "6617620"
  },
  {
    "ID Number": "6613799"
  },
  {
    "ID Number": "6602703"
  },
  {
    "ID Number": "6615953"
  },
  {
    "ID Number": "6617336"
  },
  {
    "ID Number": "6601006"
  },
  {
    "ID Number": "6627765"
  },
  {
    "ID Number": "6602088"
  },
  {
    "ID Number": "6617093"
  },
  {
    "ID Number": "6635032"
  },
  {
    "ID Number": "6627595"
  },
  {
    "ID Number": "6621880"
  },
  {
    "ID Number": "6626033"
  },
  {
    "ID Number": "6614795"
  },
  {
    "ID Number": "6602096"
  },
  {
    "ID Number": "6618790"
  },
  {
    "ID Number": "6627188"
  },
  {
    "ID Number": "6608264"
  },
  {
    "ID Number": "6604889"
  },
  {
    "ID Number": "6601901"
  },
  {
    "ID Number": "6617115"
  },
  {
    "ID Number": "6621791"
  },
  {
    "ID Number": "3903508"
  },
  {
    "ID Number": "6609147"
  },
  {
    "ID Number": "6610463"
  },
  {
    "ID Number": "6610471"
  },
  {
    "ID Number": "6611311"
  },
  {
    "ID Number": "6606709"
  },
  {
    "ID Number": "6629431"
  },
  {
    "ID Number": "6604684"
  },
  {
    "ID Number": "3508684"
  },
  {
    "ID Number": "6633978"
  },
  {
    "ID Number": "6601030"
  },
  {
    "ID Number": "6600280"
  },
  {
    "ID Number": "6604706"
  },
  {
    "ID Number": "6600417"
  },
  {
    "ID Number": "6606695"
  },
  {
    "ID Number": "6600131"
  },
  {
    "ID Number": "6605290"
  },
  {
    "ID Number": "6615546"
  },
  {
    "ID Number": "6602401"
  },
  {
    "ID Number": "6614051"
  },
  {
    "ID Number": "6615171"
  },
  {
    "ID Number": "6631517"
  },
  {
    "ID Number": "6627625"
  },
  {
    "ID Number": "6605648"
  },
  {
    "ID Number": "6601294"
  },
  {
    "ID Number": "6612130"
  },
  {
    "ID Number": "6619681"
  },
  {
    "ID Number": "6606199"
  },
  {
    "ID Number": "6600581"
  },
  {
    "ID Number": "6609180"
  },
  {
    "ID Number": "6610447"
  },
  {
    "ID Number": "6601448"
  },
  {
    "ID Number": "6611222"
  },
  {
    "ID Number": "6608426"
  },
  {
    "ID Number": "6621325"
  },
  {
    "ID Number": "6621317"
  },
  {
    "ID Number": "6613381"
  },
  {
    "ID Number": "6602762"
  },
  {
    "ID Number": "6601243"
  },
  {
    "ID Number": "6612717"
  },
  {
    "ID Number": "6602770"
  },
  {
    "ID Number": "6614787"
  },
  {
    "ID Number": "6604781"
  },
  {
    "ID Number": "6629857"
  },
  {
    "ID Number": "6601308"
  },
  {
    "ID Number": "6603130"
  },
  {
    "ID Number": "6614388"
  },
  {
    "ID Number": "6614450"
  },
  {
    "ID Number": "6608191"
  },
  {
    "ID Number": "6601049"
  },
  {
    "ID Number": "6600492"
  },
  {
    "ID Number": "6613756"
  },
  {
    "ID Number": "6604722"
  },
  {
    "ID Number": "6618553"
  },
  {
    "ID Number": "6605567"
  },
  {
    "ID Number": "6605559"
  },
  {
    "ID Number": "6614469"
  },
  {
    "ID Number": "6621341"
  },
  {
    "ID Number": "6604056"
  },
  {
    "ID Number": "6603149"
  },
  {
    "ID Number": "6628460"
  },
  {
    "ID Number": "6601332"
  },
  {
    "ID Number": "6603289"
  },
  {
    "ID Number": "6629830"
  },
  {
    "ID Number": "6607730"
  },
  {
    "ID Number": "6611451"
  },
  {
    "ID Number": "6614914"
  },
  {
    "ID Number": "6607241"
  },
  {
    "ID Number": "6604099"
  },
  {
    "ID Number": "6608159"
  },
  {
    "ID Number": "6612822"
  },
  {
    "ID Number": "6612830"
  },
  {
    "ID Number": "6618448"
  }
]