[
  {
    "ID Number": "14700433"
  },
  {
    "ID Number": "14700921"
  },
  {
    "ID Number": "14701308"
  },
  {
    "ID Number": "14701553"
  },
  {
    "ID Number": "14701561"
  },
  {
    "ID Number": "14703173"
  },
  {
    "ID Number": "14705451"
  },
  {
    "ID Number": "14702770"
  },
  {
    "ID Number": "14704382"
  },
  {
    "ID Number": "14701677"
  },
  {
    "ID Number": "14702800"
  },
  {
    "ID Number": "14704390"
  },
  {
    "ID Number": "14702495"
  },
  {
    "ID Number": "14700786"
  },
  {
    "ID Number": "14700077"
  },
  {
    "ID Number": "14700492"
  },
  {
    "ID Number": "14700182"
  },
  {
    "ID Number": "14701715"
  },
  {
    "ID Number": "14702940"
  },
  {
    "ID Number": "14702509"
  },
  {
    "ID Number": "14703270"
  },
  {
    "ID Number": "14704692"
  },
  {
    "ID Number": "14704870"
  },
  {
    "ID Number": "14701391"
  },
  {
    "ID Number": "14703254"
  },
  {
    "ID Number": "14701901"
  },
  {
    "ID Number": "14701880"
  },
  {
    "ID Number": "14701472"
  },
  {
    "ID Number": "14703181"
  },
  {
    "ID Number": "14702061"
  },
  {
    "ID Number": "14700867"
  },
  {
    "ID Number": "14703033"
  },
  {
    "ID Number": "14702150"
  },
  {
    "ID Number": "14701081"
  },
  {
    "ID Number": "14702126"
  },
  {
    "ID Number": "14701502"
  },
  {
    "ID Number": "14701685"
  },
  {
    "ID Number": "14701596"
  },
  {
    "ID Number": "14704935"
  },
  {
    "ID Number": "14201690"
  },
  {
    "ID Number": "14702460"
  },
  {
    "ID Number": "14701294"
  },
  {
    "ID Number": "14701960"
  },
  {
    "ID Number": "14700115"
  },
  {
    "ID Number": "14700352"
  },
  {
    "ID Number": "14701774"
  },
  {
    "ID Number": "14701626"
  },
  {
    "ID Number": "14702134"
  },
  {
    "ID Number": "14701030"
  },
  {
    "ID Number": "14702177"
  },
  {
    "ID Number": "14702479"
  },
  {
    "ID Number": "14703289"
  },
  {
    "ID Number": "14702185"
  },
  {
    "ID Number": "14704536"
  },
  {
    "ID Number": "14702908"
  },
  {
    "ID Number": "14703297"
  },
  {
    "ID Number": "14700140"
  },
  {
    "ID Number": "14702320"
  },
  {
    "ID Number": "14700204"
  },
  {
    "ID Number": "14700794"
  },
  {
    "ID Number": "14700328"
  },
  {
    "ID Number": "14701146"
  },
  {
    "ID Number": "14700948"
  },
  {
    "ID Number": "14701812"
  },
  {
    "ID Number": "14700050"
  },
  {
    "ID Number": "14701448"
  },
  {
    "ID Number": "14702053"
  },
  {
    "ID Number": "14700840"
  },
  {
    "ID Number": "14705672"
  },
  {
    "ID Number": "14700654"
  },
  {
    "ID Number": "14702916"
  },
  {
    "ID Number": "14702193"
  },
  {
    "ID Number": "14700425"
  },
  {
    "ID Number": "14703114"
  },
  {
    "ID Number": "14703246"
  },
  {
    "ID Number": "14702118"
  },
  {
    "ID Number": "14700859"
  },
  {
    "ID Number": "14703238"
  },
  {
    "ID Number": "14701731"
  },
  {
    "ID Number": "14701049"
  },
  {
    "ID Number": "14700280"
  },
  {
    "ID Number": "14701359"
  },
  {
    "ID Number": "14702584"
  },
  {
    "ID Number": "14700522"
  },
  {
    "ID Number": "14702550"
  },
  {
    "ID Number": "14700042"
  },
  {
    "ID Number": "14705087"
  },
  {
    "ID Number": "14703211"
  },
  {
    "ID Number": "14703203"
  },
  {
    "ID Number": "14702207"
  },
  {
    "ID Number": "14704544"
  },
  {
    "ID Number": "14702754"
  },
  {
    "ID Number": "14700808"
  },
  {
    "ID Number": "14703009"
  },
  {
    "ID Number": "14701537"
  },
  {
    "ID Number": "14700093"
  },
  {
    "ID Number": "14702487"
  },
  {
    "ID Number": "14701367"
  },
  {
    "ID Number": "14700247"
  },
  {
    "ID Number": "14700727"
  },
  {
    "ID Number": "14701979"
  },
  {
    "ID Number": "14702835"
  },
  {
    "ID Number": "14702843"
  },
  {
    "ID Number": "14700972"
  },
  {
    "ID Number": "14701634"
  },
  {
    "ID Number": "14701170"
  },
  {
    "ID Number": "14701839"
  },
  {
    "ID Number": "14701090"
  },
  {
    "ID Number": "14705184"
  },
  {
    "ID Number": "14702215"
  },
  {
    "ID Number": "14702525"
  },
  {
    "ID Number": "14703130"
  },
  {
    "ID Number": "14702223"
  },
  {
    "ID Number": "14701928"
  },
  {
    "ID Number": "14702231"
  },
  {
    "ID Number": "14702452"
  },
  {
    "ID Number": "14702860"
  },
  {
    "ID Number": "14701782"
  },
  {
    "ID Number": "14700590"
  },
  {
    "ID Number": "14701650"
  },
  {
    "ID Number": "14702240"
  },
  {
    "ID Number": "14700123"
  },
  {
    "ID Number": "14701820"
  },
  {
    "ID Number": "14701499"
  },
  {
    "ID Number": "14700883"
  },
  {
    "ID Number": "14702037"
  },
  {
    "ID Number": "14701804"
  },
  {
    "ID Number": "14700220"
  },
  {
    "ID Number": "14703068"
  },
  {
    "ID Number": "14700263"
  },
  {
    "ID Number": "14702797"
  },
  {
    "ID Number": "14704684"
  },
  {
    "ID Number": "14702673"
  },
  {
    "ID Number": "14702681"
  },
  {
    "ID Number": "14701600"
  },
  {
    "ID Number": "14702096"
  },
  {
    "ID Number": "14703262"
  },
  {
    "ID Number": "14703017"
  },
  {
    "ID Number": "14702789"
  },
  {
    "ID Number": "14705508"
  },
  {
    "ID Number": "14700395"
  },
  {
    "ID Number": "14702720"
  },
  {
    "ID Number": "14702541"
  },
  {
    "ID Number": "14700026"
  },
  {
    "ID Number": "14700999"
  },
  {
    "ID Number": "14705664"
  },
  {
    "ID Number": "14702738"
  },
  {
    "ID Number": "14702606"
  },
  {
    "ID Number": "14701790"
  },
  {
    "ID Number": "14703335"
  },
  {
    "ID Number": "14700441"
  },
  {
    "ID Number": "14703190"
  },
  {
    "ID Number": "14700085"
  },
  {
    "ID Number": "14700166"
  },
  {
    "ID Number": "14704331"
  },
  {
    "ID Number": "14702568"
  },
  {
    "ID Number": "14700255"
  },
  {
    "ID Number": "14701456"
  },
  {
    "ID Number": "14701014"
  },
  {
    "ID Number": "14703157"
  },
  {
    "ID Number": "14700735"
  },
  {
    "ID Number": "14701430"
  },
  {
    "ID Number": "14701421"
  },
  {
    "ID Number": "14705036"
  },
  {
    "ID Number": "14700530"
  },
  {
    "ID Number": "14701154"
  },
  {
    "ID Number": "14702282"
  },
  {
    "ID Number": "14705133"
  },
  {
    "ID Number": "14702690"
  },
  {
    "ID Number": "14700700"
  },
  {
    "ID Number": "14702070"
  },
  {
    "ID Number": "14705630"
  },
  {
    "ID Number": "14701936"
  },
  {
    "ID Number": "14700158"
  },
  {
    "ID Number": "14701570"
  },
  {
    "ID Number": "14701324"
  },
  {
    "ID Number": "14702002"
  },
  {
    "ID Number": "14700603"
  },
  {
    "ID Number": "14704501"
  },
  {
    "ID Number": "14702762"
  },
  {
    "ID Number": "14700565"
  },
  {
    "ID Number": "14700174"
  },
  {
    "ID Number": "14705052"
  },
  {
    "ID Number": "14704595"
  },
  {
    "ID Number": "14704609"
  },
  {
    "ID Number": "14701235"
  },
  {
    "ID Number": "14701251"
  },
  {
    "ID Number": "14702657"
  },
  {
    "ID Number": "14701227"
  },
  {
    "ID Number": "14700743"
  },
  {
    "ID Number": "14704366"
  },
  {
    "ID Number": "14703394"
  },
  {
    "ID Number": "14702290"
  },
  {
    "ID Number": "14705656"
  },
  {
    "ID Number": "14701162"
  },
  {
    "ID Number": "14705699"
  },
  {
    "ID Number": "14700336"
  },
  {
    "ID Number": "14702592"
  },
  {
    "ID Number": "14700360"
  },
  {
    "ID Number": "14702630"
  },
  {
    "ID Number": "14701847"
  },
  {
    "ID Number": "14700476"
  },
  {
    "ID Number": "14701413"
  },
  {
    "ID Number": "14702355"
  },
  {
    "ID Number": "14702363"
  },
  {
    "ID Number": "14701545"
  },
  {
    "ID Number": "14702665"
  },
  {
    "ID Number": "14702088"
  },
  {
    "ID Number": "14703319"
  },
  {
    "ID Number": "14704404"
  },
  {
    "ID Number": "14700905"
  },
  {
    "ID Number": "14702975"
  },
  {
    "ID Number": "14701898"
  },
  {
    "ID Number": "14705532"
  },
  {
    "ID Number": "14700573"
  },
  {
    "ID Number": "14701723"
  },
  {
    "ID Number": "14701707"
  },
  {
    "ID Number": "14704676"
  },
  {
    "ID Number": "14702274"
  },
  {
    "ID Number": "14704374"
  },
  {
    "ID Number": "14704625"
  },
  {
    "ID Number": "14700190"
  },
  {
    "ID Number": "14700212"
  },
  {
    "ID Number": "14701952"
  },
  {
    "ID Number": "14702428"
  },
  {
    "ID Number": "14704668"
  },
  {
    "ID Number": "14701464"
  },
  {
    "ID Number": "14700824"
  },
  {
    "ID Number": "14702924"
  },
  {
    "ID Number": "14704960"
  },
  {
    "ID Number": "14701286"
  },
  {
    "ID Number": "14700557"
  },
  {
    "ID Number": "14702517"
  },
  {
    "ID Number": "14700298"
  },
  {
    "ID Number": "14700930"
  },
  {
    "ID Number": "14704358"
  },
  {
    "ID Number": "14704528"
  },
  {
    "ID Number": "14702347"
  },
  {
    "ID Number": "14700131"
  },
  {
    "ID Number": "14701197"
  }
]