[
  {
    "ID Number": "13003305"
  },
  {
    "ID Number": "13017934"
  },
  {
    "ID Number": "13009397"
  },
  {
    "ID Number": "13007424"
  },
  {
    "ID Number": "13003798"
  },
  {
    "ID Number": "13009079"
  },
  {
    "ID Number": "13000101"
  },
  {
    "ID Number": "13022849"
  },
  {
    "ID Number": "13006690"
  },
  {
    "ID Number": "13020048"
  },
  {
    "ID Number": "13015826"
  },
  {
    "ID Number": "13000756"
  },
  {
    "ID Number": "13013998"
  },
  {
    "ID Number": "13008684"
  },
  {
    "ID Number": "13024566"
  },
  {
    "ID Number": "13015540"
  },
  {
    "ID Number": "13024175"
  },
  {
    "ID Number": "13009087"
  },
  {
    "ID Number": "13025104"
  },
  {
    "ID Number": "13004549"
  },
  {
    "ID Number": "13016946"
  },
  {
    "ID Number": "13001779"
  },
  {
    "ID Number": "13020382"
  },
  {
    "ID Number": "13015834"
  },
  {
    "ID Number": "13023918"
  },
  {
    "ID Number": "13001957"
  },
  {
    "ID Number": "13008692"
  },
  {
    "ID Number": "13002813"
  },
  {
    "ID Number": "13009419"
  },
  {
    "ID Number": "13023810"
  },
  {
    "ID Number": "13002112"
  },
  {
    "ID Number": "13002074"
  },
  {
    "ID Number": "13003330"
  },
  {
    "ID Number": "13012088"
  },
  {
    "ID Number": "13002830"
  },
  {
    "ID Number": "13005049"
  },
  {
    "ID Number": "13003267"
  },
  {
    "ID Number": "13002805"
  },
  {
    "ID Number": "13025848"
  },
  {
    "ID Number": "13005545"
  },
  {
    "ID Number": "13025686"
  },
  {
    "ID Number": "13024191"
  },
  {
    "ID Number": "13024205"
  },
  {
    "ID Number": "13007432"
  },
  {
    "ID Number": "13015869"
  },
  {
    "ID Number": "13012100"
  },
  {
    "ID Number": "13015168"
  },
  {
    "ID Number": "13018248"
  },
  {
    "ID Number": "13009362"
  },
  {
    "ID Number": "13024310"
  },
  {
    "ID Number": "13014137"
  },
  {
    "ID Number": "13007440"
  },
  {
    "ID Number": "13007858"
  },
  {
    "ID Number": "13008722"
  },
  {
    "ID Number": "13011472"
  },
  {
    "ID Number": "13012444"
  },
  {
    "ID Number": "13011480"
  },
  {
    "ID Number": "13000063"
  },
  {
    "ID Number": "13002147"
  },
  {
    "ID Number": "13002155"
  },
  {
    "ID Number": "13009435"
  },
  {
    "ID Number": "13009370"
  },
  {
    "ID Number": "13008315"
  },
  {
    "ID Number": "13008102"
  },
  {
    "ID Number": "13012118"
  },
  {
    "ID Number": "13016709"
  },
  {
    "ID Number": "13021605"
  },
  {
    "ID Number": "13002090"
  },
  {
    "ID Number": "13012452"
  },
  {
    "ID Number": "13003682"
  },
  {
    "ID Number": "13006088"
  },
  {
    "ID Number": "6200281"
  },
  {
    "ID Number": "13013289"
  },
  {
    "ID Number": "13006142"
  },
  {
    "ID Number": "13000950"
  },
  {
    "ID Number": "13000969"
  },
  {
    "ID Number": "13004565"
  },
  {
    "ID Number": "13007874"
  },
  {
    "ID Number": "13001116"
  },
  {
    "ID Number": "13007882"
  },
  {
    "ID Number": "13009478"
  },
  {
    "ID Number": "13006703"
  },
  {
    "ID Number": "13000713"
  },
  {
    "ID Number": "13001825"
  },
  {
    "ID Number": "13026046"
  },
  {
    "ID Number": "13004573"
  },
  {
    "ID Number": "13024540"
  },
  {
    "ID Number": "13007459"
  },
  {
    "ID Number": "13005057"
  },
  {
    "ID Number": "13001280"
  },
  {
    "ID Number": "13008129"
  },
  {
    "ID Number": "13015451"
  },
  {
    "ID Number": "13009095"
  },
  {
    "ID Number": "13008323"
  },
  {
    "ID Number": "13004298"
  },
  {
    "ID Number": "13022571"
  },
  {
    "ID Number": "13021613"
  },
  {
    "ID Number": "13004140"
  },
  {
    "ID Number": "13015370"
  },
  {
    "ID Number": "13002929"
  },
  {
    "ID Number": "13015150"
  },
  {
    "ID Number": "13024558"
  },
  {
    "ID Number": "13023829"
  },
  {
    "ID Number": "13004590"
  },
  {
    "ID Number": "13001043"
  },
  {
    "ID Number": "13001817"
  },
  {
    "ID Number": "13012460"
  },
  {
    "ID Number": "13010646"
  },
  {
    "ID Number": "13009117"
  },
  {
    "ID Number": "13001060"
  },
  {
    "ID Number": "13004883"
  },
  {
    "ID Number": "13019066"
  },
  {
    "ID Number": "13013742"
  },
  {
    "ID Number": "13012720"
  },
  {
    "ID Number": "13015311"
  },
  {
    "ID Number": "13002201"
  },
  {
    "ID Number": "13024345"
  },
  {
    "ID Number": "13010808"
  },
  {
    "ID Number": "13016083"
  },
  {
    "ID Number": "13026445"
  },
  {
    "ID Number": "13019236"
  },
  {
    "ID Number": "13021630"
  },
  {
    "ID Number": "13002937"
  },
  {
    "ID Number": "13019805"
  },
  {
    "ID Number": "13015630"
  },
  {
    "ID Number": "13024221"
  },
  {
    "ID Number": "13012134"
  },
  {
    "ID Number": "13008331"
  },
  {
    "ID Number": "13017276"
  },
  {
    "ID Number": "13012126"
  },
  {
    "ID Number": "13011030"
  },
  {
    "ID Number": "13014005"
  },
  {
    "ID Number": "13017977"
  },
  {
    "ID Number": "13026216"
  },
  {
    "ID Number": "13003259"
  },
  {
    "ID Number": "13002589"
  },
  {
    "ID Number": "13014013"
  },
  {
    "ID Number": "13012142"
  },
  {
    "ID Number": "13004611"
  },
  {
    "ID Number": "13007475"
  },
  {
    "ID Number": "13004620"
  },
  {
    "ID Number": "13013750"
  },
  {
    "ID Number": "13024612"
  },
  {
    "ID Number": "13024248"
  },
  {
    "ID Number": "13023101"
  },
  {
    "ID Number": "13007777"
  },
  {
    "ID Number": "13003054"
  },
  {
    "ID Number": "13001795"
  },
  {
    "ID Number": "13003984"
  },
  {
    "ID Number": "13012738"
  },
  {
    "ID Number": "13024892"
  },
  {
    "ID Number": "13007491"
  },
  {
    "ID Number": "13016725"
  },
  {
    "ID Number": "13000560"
  },
  {
    "ID Number": "13001701"
  },
  {
    "ID Number": "13010654"
  },
  {
    "ID Number": "13012479"
  },
  {
    "ID Number": "13001744"
  },
  {
    "ID Number": "13002945"
  },
  {
    "ID Number": "13011553"
  },
  {
    "ID Number": "13024256"
  },
  {
    "ID Number": "13008340"
  },
  {
    "ID Number": "13001078"
  },
  {
    "ID Number": "13003240"
  },
  {
    "ID Number": "13025619"
  },
  {
    "ID Number": "13015427"
  },
  {
    "ID Number": "13026275"
  },
  {
    "ID Number": "13001361"
  },
  {
    "ID Number": "13001370"
  },
  {
    "ID Number": "13023942"
  },
  {
    "ID Number": "13014927"
  },
  {
    "ID Number": "13014943"
  },
  {
    "ID Number": "13015265"
  },
  {
    "ID Number": "13012487"
  },
  {
    "ID Number": "13006070"
  },
  {
    "ID Number": "13003321"
  },
  {
    "ID Number": "13015532"
  },
  {
    "ID Number": "13019279"
  },
  {
    "ID Number": "13017985"
  },
  {
    "ID Number": "13000527"
  },
  {
    "ID Number": "13012150"
  },
  {
    "ID Number": "13007505"
  },
  {
    "ID Number": "13012495"
  },
  {
    "ID Number": "13018272"
  },
  {
    "ID Number": "13021702"
  },
  {
    "ID Number": "13023853"
  },
  {
    "ID Number": "13006738"
  },
  {
    "ID Number": "13003941"
  },
  {
    "ID Number": "13000314"
  },
  {
    "ID Number": "13002244"
  },
  {
    "ID Number": "13000365"
  },
  {
    "ID Number": "13008773"
  },
  {
    "ID Number": "13004638"
  },
  {
    "ID Number": "13018000"
  },
  {
    "ID Number": "13000802"
  },
  {
    "ID Number": "13001248"
  },
  {
    "ID Number": "13020390"
  },
  {
    "ID Number": "13014951"
  },
  {
    "ID Number": "13015907"
  },
  {
    "ID Number": "13001167"
  },
  {
    "ID Number": "13008145"
  },
  {
    "ID Number": "13013777"
  },
  {
    "ID Number": "13007785"
  },
  {
    "ID Number": "13014935"
  },
  {
    "ID Number": "13002260"
  },
  {
    "ID Number": "13005596"
  },
  {
    "ID Number": "13000390"
  },
  {
    "ID Number": "13014021"
  },
  {
    "ID Number": "13003372"
  },
  {
    "ID Number": "13009613"
  },
  {
    "ID Number": "13014960"
  },
  {
    "ID Number": "13017624"
  },
  {
    "ID Number": "13008153"
  },
  {
    "ID Number": "13026372"
  },
  {
    "ID Number": "13004352"
  },
  {
    "ID Number": "13003461"
  },
  {
    "ID Number": "13017640"
  },
  {
    "ID Number": "13013785"
  },
  {
    "ID Number": "13025171"
  },
  {
    "ID Number": "13003488"
  },
  {
    "ID Number": "13003356"
  },
  {
    "ID Number": "13012509"
  },
  {
    "ID Number": "13018019"
  },
  {
    "ID Number": "13004360"
  },
  {
    "ID Number": "13012517"
  },
  {
    "ID Number": "13024370"
  },
  {
    "ID Number": "13012169"
  },
  {
    "ID Number": "13000586"
  },
  {
    "ID Number": "13010824"
  },
  {
    "ID Number": "13012525"
  },
  {
    "ID Number": "13000446"
  },
  {
    "ID Number": "13010832"
  },
  {
    "ID Number": "13004115"
  },
  {
    "ID Number": "13002007"
  },
  {
    "ID Number": "13002953"
  },
  {
    "ID Number": "13001493"
  },
  {
    "ID Number": "13007149"
  },
  {
    "ID Number": "13008943"
  },
  {
    "ID Number": "13009664"
  },
  {
    "ID Number": "13003399"
  },
  {
    "ID Number": "13010697"
  },
  {
    "ID Number": "13011049"
  },
  {
    "ID Number": "13009141"
  },
  {
    "ID Number": "13011200"
  },
  {
    "ID Number": "13012541"
  },
  {
    "ID Number": "13002279"
  },
  {
    "ID Number": "13005618"
  },
  {
    "ID Number": "13003194"
  },
  {
    "ID Number": "13009109"
  },
  {
    "ID Number": "13007513"
  },
  {
    "ID Number": "13016091"
  },
  {
    "ID Number": "13009702"
  },
  {
    "ID Number": "13002287"
  },
  {
    "ID Number": "13000721"
  },
  {
    "ID Number": "13000268"
  },
  {
    "ID Number": "13002295"
  },
  {
    "ID Number": "13018035"
  },
  {
    "ID Number": "13016970"
  },
  {
    "ID Number": "13018256"
  },
  {
    "ID Number": "13004662"
  },
  {
    "ID Number": "13000209"
  },
  {
    "ID Number": "13016105"
  },
  {
    "ID Number": "13016113"
  },
  {
    "ID Number": "13009710"
  },
  {
    "ID Number": "13012550"
  },
  {
    "ID Number": "13002309"
  },
  {
    "ID Number": "13008951"
  },
  {
    "ID Number": "13000748"
  },
  {
    "ID Number": "13009168"
  },
  {
    "ID Number": "13014250"
  },
  {
    "ID Number": "13010840"
  },
  {
    "ID Number": "13006770"
  },
  {
    "ID Number": "13006789"
  },
  {
    "ID Number": "13026291"
  },
  {
    "ID Number": "13019996"
  },
  {
    "ID Number": "13024264"
  },
  {
    "ID Number": "13002317"
  },
  {
    "ID Number": "13002325"
  },
  {
    "ID Number": "13014269"
  },
  {
    "ID Number": "13012746"
  },
  {
    "ID Number": "13002023"
  },
  {
    "ID Number": "13016989"
  },
  {
    "ID Number": "13004239"
  },
  {
    "ID Number": "13017667"
  },
  {
    "ID Number": "13008374"
  },
  {
    "ID Number": "13009745"
  },
  {
    "ID Number": "13011235"
  },
  {
    "ID Number": "13008382"
  },
  {
    "ID Number": "13007530"
  },
  {
    "ID Number": "13013343"
  },
  {
    "ID Number": "13014730"
  },
  {
    "ID Number": "13006193"
  },
  {
    "ID Number": "13006207"
  },
  {
    "ID Number": "13012185"
  },
  {
    "ID Number": "13003836"
  },
  {
    "ID Number": "13016121"
  },
  {
    "ID Number": "13008633"
  },
  {
    "ID Number": "13008170"
  },
  {
    "ID Number": "13007076"
  },
  {
    "ID Number": "13008960"
  },
  {
    "ID Number": "13009761"
  },
  {
    "ID Number": "13024655"
  },
  {
    "ID Number": "13008390"
  },
  {
    "ID Number": "13018051"
  },
  {
    "ID Number": "13017500"
  },
  {
    "ID Number": "13022490"
  },
  {
    "ID Number": "13001051"
  },
  {
    "ID Number": "13003186"
  },
  {
    "ID Number": "13025988"
  },
  {
    "ID Number": "13001884"
  },
  {
    "ID Number": "13023977"
  },
  {
    "ID Number": "13020005"
  },
  {
    "ID Number": "13001434"
  },
  {
    "ID Number": "13012193"
  },
  {
    "ID Number": "13013793"
  },
  {
    "ID Number": "13010859"
  },
  {
    "ID Number": "13002910"
  },
  {
    "ID Number": "13015923"
  },
  {
    "ID Number": "13000349"
  },
  {
    "ID Number": "13006800"
  },
  {
    "ID Number": "13000233"
  },
  {
    "ID Number": "13009800"
  },
  {
    "ID Number": "13009818"
  },
  {
    "ID Number": "13010700"
  },
  {
    "ID Number": "13013521"
  },
  {
    "ID Number": "13002368"
  },
  {
    "ID Number": "13015931"
  },
  {
    "ID Number": "13007920"
  },
  {
    "ID Number": "13001698"
  },
  {
    "ID Number": "13013416"
  },
  {
    "ID Number": "13017241"
  },
  {
    "ID Number": "13002961"
  },
  {
    "ID Number": "13002970"
  },
  {
    "ID Number": "13012568"
  },
  {
    "ID Number": "13024671"
  },
  {
    "ID Number": "13025627"
  },
  {
    "ID Number": "13002376"
  },
  {
    "ID Number": "13011723"
  },
  {
    "ID Number": "13018191"
  },
  {
    "ID Number": "13018060"
  },
  {
    "ID Number": "13025414"
  },
  {
    "ID Number": "13000861"
  },
  {
    "ID Number": "13014307"
  },
  {
    "ID Number": "13005642"
  },
  {
    "ID Number": "13019333"
  },
  {
    "ID Number": "13007548"
  },
  {
    "ID Number": "13004670"
  },
  {
    "ID Number": "13022431"
  },
  {
    "ID Number": "13011839"
  },
  {
    "ID Number": "13009184"
  },
  {
    "ID Number": "13024000"
  },
  {
    "ID Number": "13003283"
  },
  {
    "ID Number": "13003569"
  },
  {
    "ID Number": "13014994"
  },
  {
    "ID Number": "13014315"
  },
  {
    "ID Number": "13024825"
  },
  {
    "ID Number": "13014030"
  },
  {
    "ID Number": "13007939"
  },
  {
    "ID Number": "13014048"
  },
  {
    "ID Number": "13009834"
  },
  {
    "ID Number": "13025570"
  },
  {
    "ID Number": "13003534"
  },
  {
    "ID Number": "13006274"
  },
  {
    "ID Number": "13000411"
  },
  {
    "ID Number": "13008196"
  },
  {
    "ID Number": "13009850"
  },
  {
    "ID Number": "13014986"
  },
  {
    "ID Number": "13003895"
  },
  {
    "ID Number": "13015524"
  },
  {
    "ID Number": "13001175"
  },
  {
    "ID Number": "13001230"
  },
  {
    "ID Number": "13022440"
  },
  {
    "ID Number": "13002384"
  },
  {
    "ID Number": "13014056"
  },
  {
    "ID Number": "13011243"
  },
  {
    "ID Number": "13006290"
  },
  {
    "ID Number": "13004689"
  },
  {
    "ID Number": "13011251"
  },
  {
    "ID Number": "13011260"
  },
  {
    "ID Number": "13008650"
  },
  {
    "ID Number": "13008730"
  },
  {
    "ID Number": "13018086"
  },
  {
    "ID Number": "13014064"
  },
  {
    "ID Number": "13024400"
  },
  {
    "ID Number": "13025643"
  },
  {
    "ID Number": "13005685"
  },
  {
    "ID Number": "13008412"
  },
  {
    "ID Number": "13002988"
  },
  {
    "ID Number": "13022989"
  },
  {
    "ID Number": "13016148"
  },
  {
    "ID Number": "13025805"
  },
  {
    "ID Number": "13007173"
  },
  {
    "ID Number": "13005111"
  },
  {
    "ID Number": "13008420"
  },
  {
    "ID Number": "13000322"
  },
  {
    "ID Number": "13012215"
  },
  {
    "ID Number": "13005766"
  },
  {
    "ID Number": "13008439"
  },
  {
    "ID Number": "13025511"
  },
  {
    "ID Number": "13002414"
  },
  {
    "ID Number": "13005774"
  },
  {
    "ID Number": "13011855"
  },
  {
    "ID Number": "13007947"
  },
  {
    "ID Number": "13016733"
  },
  {
    "ID Number": "13011863"
  },
  {
    "ID Number": "13018094"
  },
  {
    "ID Number": "13003429"
  },
  {
    "ID Number": "13016164"
  },
  {
    "ID Number": "13025678"
  },
  {
    "ID Number": "13011928"
  },
  {
    "ID Number": "13011936"
  },
  {
    "ID Number": "13004697"
  },
  {
    "ID Number": "13014595"
  },
  {
    "ID Number": "13008447"
  },
  {
    "ID Number": "13005367"
  },
  {
    "ID Number": "13006304"
  },
  {
    "ID Number": "13014773"
  },
  {
    "ID Number": "13017020"
  },
  {
    "ID Number": "13004336"
  },
  {
    "ID Number": "13001930"
  },
  {
    "ID Number": "13000594"
  },
  {
    "ID Number": "13002422"
  },
  {
    "ID Number": "13003968"
  },
  {
    "ID Number": "13006843"
  },
  {
    "ID Number": "13011278"
  },
  {
    "ID Number": "13003216"
  },
  {
    "ID Number": "13009060"
  },
  {
    "ID Number": "13004700"
  },
  {
    "ID Number": "13006886"
  },
  {
    "ID Number": "13005782"
  },
  {
    "ID Number": "13011944"
  },
  {
    "ID Number": "13009010"
  },
  {
    "ID Number": "13011952"
  },
  {
    "ID Number": "13012231"
  },
  {
    "ID Number": "13009281"
  },
  {
    "ID Number": "13002430"
  },
  {
    "ID Number": "13019635"
  },
  {
    "ID Number": "13009028"
  },
  {
    "ID Number": "13011960"
  },
  {
    "ID Number": "13012584"
  },
  {
    "ID Number": "13007564"
  },
  {
    "ID Number": "13011979"
  },
  {
    "ID Number": "13003828"
  },
  {
    "ID Number": "13007955"
  },
  {
    "ID Number": "13021893"
  },
  {
    "ID Number": "13002449"
  },
  {
    "ID Number": "13002457"
  },
  {
    "ID Number": "13009893"
  },
  {
    "ID Number": "13000543"
  },
  {
    "ID Number": "13015958"
  },
  {
    "ID Number": "13006894"
  },
  {
    "ID Number": "13003348"
  },
  {
    "ID Number": "13017039"
  },
  {
    "ID Number": "13006860"
  },
  {
    "ID Number": "13011286"
  },
  {
    "ID Number": "13005790"
  },
  {
    "ID Number": "13000403"
  },
  {
    "ID Number": "13010883"
  },
  {
    "ID Number": "13015435"
  },
  {
    "ID Number": "13006312"
  },
  {
    "ID Number": "13013491"
  },
  {
    "ID Number": "13000071"
  },
  {
    "ID Number": "13004891"
  },
  {
    "ID Number": "13013505"
  },
  {
    "ID Number": "103266117"
  },
  {
    "ID Number": "13000284"
  },
  {
    "ID Number": "13009915"
  },
  {
    "ID Number": "13001965"
  },
  {
    "ID Number": "13000225"
  },
  {
    "ID Number": "13012959"
  },
  {
    "ID Number": "13016741"
  },
  {
    "ID Number": "13002899"
  },
  {
    "ID Number": "13009931"
  },
  {
    "ID Number": "13014110"
  },
  {
    "ID Number": "13004158"
  },
  {
    "ID Number": "13009940"
  },
  {
    "ID Number": "13009958"
  },
  {
    "ID Number": "13011057"
  },
  {
    "ID Number": "13009966"
  },
  {
    "ID Number": "13009974"
  },
  {
    "ID Number": "13024272"
  },
  {
    "ID Number": "13024280"
  },
  {
    "ID Number": "13004255"
  },
  {
    "ID Number": "13001027"
  },
  {
    "ID Number": "13012754"
  },
  {
    "ID Number": "13003747"
  },
  {
    "ID Number": "13013807"
  },
  {
    "ID Number": "13009044"
  },
  {
    "ID Number": "13002228"
  },
  {
    "ID Number": "13000110"
  },
  {
    "ID Number": "13008080"
  },
  {
    "ID Number": "13000551"
  },
  {
    "ID Number": "13002465"
  },
  {
    "ID Number": "13011294"
  },
  {
    "ID Number": "13004387"
  },
  {
    "ID Number": "13025503"
  },
  {
    "ID Number": "13005391"
  },
  {
    "ID Number": "13001604"
  },
  {
    "ID Number": "13005413"
  },
  {
    "ID Number": "13001558"
  },
  {
    "ID Number": "13010891"
  },
  {
    "ID Number": "13012240"
  },
  {
    "ID Number": "13009192"
  },
  {
    "ID Number": "13024930"
  },
  {
    "ID Number": "13013823"
  },
  {
    "ID Number": "13015001"
  },
  {
    "ID Number": "13012592"
  },
  {
    "ID Number": "13001833"
  },
  {
    "ID Number": "13025538"
  },
  {
    "ID Number": "13001760"
  },
  {
    "ID Number": "13012258"
  },
  {
    "ID Number": "13007181"
  },
  {
    "ID Number": "13013831"
  },
  {
    "ID Number": "13012266"
  },
  {
    "ID Number": "13008927"
  },
  {
    "ID Number": "13011308"
  },
  {
    "ID Number": "13019899"
  },
  {
    "ID Number": "13011901"
  },
  {
    "ID Number": "13002481"
  },
  {
    "ID Number": "13008919"
  },
  {
    "ID Number": "13015966"
  },
  {
    "ID Number": "13009990"
  },
  {
    "ID Number": "13002490"
  },
  {
    "ID Number": "13015818"
  },
  {
    "ID Number": "13007386"
  },
  {
    "ID Number": "13015796"
  },
  {
    "ID Number": "13000918"
  },
  {
    "ID Number": "13014790"
  },
  {
    "ID Number": "13010018"
  },
  {
    "ID Number": "13010026"
  },
  {
    "ID Number": "13007750"
  },
  {
    "ID Number": "13015605"
  },
  {
    "ID Number": "13007343"
  },
  {
    "ID Number": "13014803"
  },
  {
    "ID Number": "13007416"
  },
  {
    "ID Number": "13026267"
  },
  {
    "ID Number": "13016172"
  },
  {
    "ID Number": "13024701"
  },
  {
    "ID Number": "13002996"
  },
  {
    "ID Number": "13015486"
  },
  {
    "ID Number": "13016180"
  },
  {
    "ID Number": "13009303"
  },
  {
    "ID Number": "13013840"
  },
  {
    "ID Number": "13000837"
  },
  {
    "ID Number": "13000578"
  },
  {
    "ID Number": "13005820"
  },
  {
    "ID Number": "13014358"
  },
  {
    "ID Number": "13003879"
  },
  {
    "ID Number": "13024710"
  },
  {
    "ID Number": "13026143"
  },
  {
    "ID Number": "13003003"
  },
  {
    "ID Number": "13002791"
  },
  {
    "ID Number": "13010042"
  },
  {
    "ID Number": "13012274"
  },
  {
    "ID Number": "13016199"
  },
  {
    "ID Number": "13017055"
  },
  {
    "ID Number": "13019147"
  },
  {
    "ID Number": "13007963"
  },
  {
    "ID Number": "13010719"
  },
  {
    "ID Number": "13024299"
  },
  {
    "ID Number": "13012053"
  },
  {
    "ID Number": "13003950"
  },
  {
    "ID Number": "13005138"
  },
  {
    "ID Number": "13012045"
  },
  {
    "ID Number": "13017713"
  },
  {
    "ID Number": "13012037"
  },
  {
    "ID Number": "13018116"
  },
  {
    "ID Number": "13021885"
  },
  {
    "ID Number": "13013858"
  },
  {
    "ID Number": "13010913"
  },
  {
    "ID Number": "13010069"
  },
  {
    "ID Number": "13015184"
  },
  {
    "ID Number": "13013866"
  },
  {
    "ID Number": "13010077"
  },
  {
    "ID Number": "13012282"
  },
  {
    "ID Number": "13012290"
  },
  {
    "ID Number": "13015559"
  },
  {
    "ID Number": "13015567"
  },
  {
    "ID Number": "13015389"
  },
  {
    "ID Number": "13004743"
  },
  {
    "ID Number": "13000993"
  },
  {
    "ID Number": "13012304"
  },
  {
    "ID Number": "13000985"
  },
  {
    "ID Number": "13014390"
  },
  {
    "ID Number": "13026070"
  },
  {
    "ID Number": "13007971"
  },
  {
    "ID Number": "13015621"
  },
  {
    "ID Number": "13010107"
  },
  {
    "ID Number": "13012029"
  },
  {
    "ID Number": "13010921"
  },
  {
    "ID Number": "13011316"
  },
  {
    "ID Number": "13002236"
  },
  {
    "ID Number": "13019163"
  },
  {
    "ID Number": "13001272"
  },
  {
    "ID Number": "13010115"
  },
  {
    "ID Number": "13010123"
  },
  {
    "ID Number": "13003631"
  },
  {
    "ID Number": "13004247"
  },
  {
    "ID Number": "13014404"
  },
  {
    "ID Number": "13023292"
  },
  {
    "ID Number": "13025872"
  },
  {
    "ID Number": "13004395"
  },
  {
    "ID Number": "13022458"
  },
  {
    "ID Number": "13002902"
  },
  {
    "ID Number": "13010140"
  },
  {
    "ID Number": "13024426"
  },
  {
    "ID Number": "13012614"
  },
  {
    "ID Number": "13014412"
  },
  {
    "ID Number": "13006401"
  },
  {
    "ID Number": "13008501"
  },
  {
    "ID Number": "13002031"
  },
  {
    "ID Number": "13010158"
  },
  {
    "ID Number": "13000934"
  },
  {
    "ID Number": "13000381"
  },
  {
    "ID Number": "13026003"
  },
  {
    "ID Number": "13002520"
  },
  {
    "ID Number": "13004280"
  },
  {
    "ID Number": "13011022"
  },
  {
    "ID Number": "13024744"
  },
  {
    "ID Number": "13007734"
  },
  {
    "ID Number": "13015010"
  },
  {
    "ID Number": "13005294"
  },
  {
    "ID Number": "13011871"
  },
  {
    "ID Number": "13007726"
  },
  {
    "ID Number": "13017721"
  },
  {
    "ID Number": "13002767"
  },
  {
    "ID Number": "13012312"
  },
  {
    "ID Number": "13001647"
  },
  {
    "ID Number": "13017926"
  },
  {
    "ID Number": "13018132"
  },
  {
    "ID Number": "13008897"
  },
  {
    "ID Number": "13008234"
  },
  {
    "ID Number": "13008889"
  },
  {
    "ID Number": "13006622"
  },
  {
    "ID Number": "13024434"
  },
  {
    "ID Number": "13008242"
  },
  {
    "ID Number": "13016202"
  },
  {
    "ID Number": "13003160"
  },
  {
    "ID Number": "13014439"
  },
  {
    "ID Number": "13009222"
  },
  {
    "ID Number": "13004778"
  },
  {
    "ID Number": "13012630"
  },
  {
    "ID Number": "13000292"
  },
  {
    "ID Number": "13002538"
  },
  {
    "ID Number": "13001892"
  },
  {
    "ID Number": "13016210"
  },
  {
    "ID Number": "13002546"
  },
  {
    "ID Number": "13005260"
  },
  {
    "ID Number": "13001132"
  },
  {
    "ID Number": "13006428"
  },
  {
    "ID Number": "13024990"
  },
  {
    "ID Number": "13005251"
  },
  {
    "ID Number": "13001531"
  },
  {
    "ID Number": "13005855"
  },
  {
    "ID Number": "13021826"
  },
  {
    "ID Number": "13012002"
  },
  {
    "ID Number": "13004123"
  },
  {
    "ID Number": "13024442"
  },
  {
    "ID Number": "13001752"
  },
  {
    "ID Number": "13011987"
  },
  {
    "ID Number": "13007700"
  },
  {
    "ID Number": "13001663"
  },
  {
    "ID Number": "13024760"
  },
  {
    "ID Number": "13001612"
  },
  {
    "ID Number": "13001396"
  },
  {
    "ID Number": "13010212"
  },
  {
    "ID Number": "13011332"
  },
  {
    "ID Number": "13003275"
  },
  {
    "ID Number": "13016229"
  },
  {
    "ID Number": "13008870"
  },
  {
    "ID Number": "13001310"
  },
  {
    "ID Number": "13005871"
  },
  {
    "ID Number": "13016237"
  },
  {
    "ID Number": "13017918"
  },
  {
    "ID Number": "13012762"
  },
  {
    "ID Number": "13001159"
  },
  {
    "ID Number": "13011820"
  },
  {
    "ID Number": "13004417"
  },
  {
    "ID Number": "13004786"
  },
  {
    "ID Number": "13017748"
  },
  {
    "ID Number": "13017900"
  },
  {
    "ID Number": "13016016"
  },
  {
    "ID Number": "13002570"
  },
  {
    "ID Number": "13005898"
  },
  {
    "ID Number": "13002554"
  },
  {
    "ID Number": "13014455"
  },
  {
    "ID Number": "13017071"
  },
  {
    "ID Number": "13007394"
  },
  {
    "ID Number": "13010239"
  },
  {
    "ID Number": "13010247"
  },
  {
    "ID Number": "13001264"
  },
  {
    "ID Number": "13001353"
  },
  {
    "ID Number": "13013556"
  },
  {
    "ID Number": "13002864"
  },
  {
    "ID Number": "13003011"
  },
  {
    "ID Number": "13011812"
  },
  {
    "ID Number": "13008528"
  },
  {
    "ID Number": "13007980"
  },
  {
    "ID Number": "13013564"
  },
  {
    "ID Number": "13001094"
  },
  {
    "ID Number": "13007335"
  },
  {
    "ID Number": "13002597"
  },
  {
    "ID Number": "13004425"
  },
  {
    "ID Number": "13007203"
  },
  {
    "ID Number": "13019740"
  },
  {
    "ID Number": "13004034"
  },
  {
    "ID Number": "13005901"
  },
  {
    "ID Number": "13008536"
  },
  {
    "ID Number": "13008854"
  },
  {
    "ID Number": "13016253"
  },
  {
    "ID Number": "13007378"
  },
  {
    "ID Number": "13011790"
  },
  {
    "ID Number": "13008544"
  },
  {
    "ID Number": "13011340"
  },
  {
    "ID Number": "13008250"
  },
  {
    "ID Number": "13003020"
  },
  {
    "ID Number": "13011782"
  },
  {
    "ID Number": "13001345"
  },
  {
    "ID Number": "13002619"
  },
  {
    "ID Number": "13005910"
  },
  {
    "ID Number": "13003178"
  },
  {
    "ID Number": "13008277"
  },
  {
    "ID Number": "13024850"
  },
  {
    "ID Number": "13004522"
  },
  {
    "ID Number": "13005928"
  },
  {
    "ID Number": "13002040"
  },
  {
    "ID Number": "13010298"
  },
  {
    "ID Number": "13005936"
  },
  {
    "ID Number": "13008749"
  },
  {
    "ID Number": "13016261"
  },
  {
    "ID Number": "13007998"
  },
  {
    "ID Number": "13004093"
  },
  {
    "ID Number": "13004808"
  },
  {
    "ID Number": "13014471"
  },
  {
    "ID Number": "13010328"
  },
  {
    "ID Number": "13013904"
  },
  {
    "ID Number": "13004107"
  },
  {
    "ID Number": "13012339"
  },
  {
    "ID Number": "13003437"
  },
  {
    "ID Number": "13014080"
  },
  {
    "ID Number": "13022687"
  },
  {
    "ID Number": "13017080"
  },
  {
    "ID Number": "13012770"
  },
  {
    "ID Number": "13005200"
  },
  {
    "ID Number": "13008846"
  },
  {
    "ID Number": "13007220"
  },
  {
    "ID Number": "13003364"
  },
  {
    "ID Number": "13001035"
  },
  {
    "ID Number": "13024469"
  },
  {
    "ID Number": "13010336"
  },
  {
    "ID Number": "13000845"
  },
  {
    "ID Number": "13009249"
  },
  {
    "ID Number": "13007351"
  },
  {
    "ID Number": "13017098"
  },
  {
    "ID Number": "13001205"
  },
  {
    "ID Number": "13011065"
  },
  {
    "ID Number": "13000810"
  },
  {
    "ID Number": "13005197"
  },
  {
    "ID Number": "13013912"
  },
  {
    "ID Number": "13002872"
  },
  {
    "ID Number": "13000705"
  },
  {
    "ID Number": "13017764"
  },
  {
    "ID Number": "13015044"
  },
  {
    "ID Number": "13002678"
  },
  {
    "ID Number": "13016270"
  },
  {
    "ID Number": "13003666"
  },
  {
    "ID Number": "13007238"
  },
  {
    "ID Number": "13008005"
  },
  {
    "ID Number": "13017888"
  },
  {
    "ID Number": "13000241"
  },
  {
    "ID Number": "13002651"
  },
  {
    "ID Number": "13001540"
  },
  {
    "ID Number": "13000217"
  },
  {
    "ID Number": "13002686"
  },
  {
    "ID Number": "13024752"
  },
  {
    "ID Number": "13010360"
  },
  {
    "ID Number": "13001981"
  },
  {
    "ID Number": "13002694"
  },
  {
    "ID Number": "13024078"
  },
  {
    "ID Number": "13007246"
  },
  {
    "ID Number": "13002058"
  },
  {
    "ID Number": "13012665"
  },
  {
    "ID Number": "13003402"
  },
  {
    "ID Number": "13005987"
  },
  {
    "ID Number": "13004131"
  },
  {
    "ID Number": "13010948"
  },
  {
    "ID Number": "13013220"
  },
  {
    "ID Number": "13002660"
  },
  {
    "ID Number": "13000900"
  },
  {
    "ID Number": "13017896"
  },
  {
    "ID Number": "13016032"
  },
  {
    "ID Number": "13002708"
  },
  {
    "ID Number": "13025821"
  },
  {
    "ID Number": "13002716"
  },
  {
    "ID Number": "13017780"
  },
  {
    "ID Number": "13012347"
  },
  {
    "ID Number": "13006959"
  },
  {
    "ID Number": "13004816"
  },
  {
    "ID Number": "13009257"
  },
  {
    "ID Number": "13010417"
  },
  {
    "ID Number": "13012363"
  },
  {
    "ID Number": "13009290"
  },
  {
    "ID Number": "13007653"
  },
  {
    "ID Number": "13007114"
  },
  {
    "ID Number": "13007645"
  },
  {
    "ID Number": "13025740"
  },
  {
    "ID Number": "13004514"
  },
  {
    "ID Number": "13011669"
  },
  {
    "ID Number": "13004190"
  },
  {
    "ID Number": "13007270"
  },
  {
    "ID Number": "13008838"
  },
  {
    "ID Number": "13006029"
  },
  {
    "ID Number": "13023888"
  },
  {
    "ID Number": "13014528"
  },
  {
    "ID Number": "13003917"
  },
  {
    "ID Number": "13010433"
  },
  {
    "ID Number": "13017802"
  },
  {
    "ID Number": "13003658"
  },
  {
    "ID Number": "13011413"
  },
  {
    "ID Number": "13013920"
  },
  {
    "ID Number": "13008820"
  },
  {
    "ID Number": "13004824"
  },
  {
    "ID Number": "13008641"
  },
  {
    "ID Number": "13003542"
  },
  {
    "ID Number": "13007289"
  },
  {
    "ID Number": "13007297"
  },
  {
    "ID Number": "13004468"
  },
  {
    "ID Number": "13003038"
  },
  {
    "ID Number": "13003291"
  },
  {
    "ID Number": "13011626"
  },
  {
    "ID Number": "13008811"
  },
  {
    "ID Number": "13006541"
  },
  {
    "ID Number": "13003100"
  },
  {
    "ID Number": "13001450"
  },
  {
    "ID Number": "13006550"
  },
  {
    "ID Number": "13007637"
  },
  {
    "ID Number": "13003143"
  },
  {
    "ID Number": "13002783"
  },
  {
    "ID Number": "13024728"
  },
  {
    "ID Number": "13005189"
  },
  {
    "ID Number": "13010476"
  },
  {
    "ID Number": "13012380"
  },
  {
    "ID Number": "13001086"
  },
  {
    "ID Number": "13025562"
  },
  {
    "ID Number": "13005464"
  },
  {
    "ID Number": "13005758"
  },
  {
    "ID Number": "13025058"
  },
  {
    "ID Number": "13015222"
  },
  {
    "ID Number": "13010743"
  },
  {
    "ID Number": "13007629"
  },
  {
    "ID Number": "13003712"
  },
  {
    "ID Number": "13003046"
  },
  {
    "ID Number": "13004476"
  },
  {
    "ID Number": "13008056"
  },
  {
    "ID Number": "13011073"
  },
  {
    "ID Number": "13003887"
  },
  {
    "ID Number": "13021931"
  },
  {
    "ID Number": "13000853"
  },
  {
    "ID Number": "13016776"
  },
  {
    "ID Number": "13012681"
  },
  {
    "ID Number": "13006983"
  },
  {
    "ID Number": "13011006"
  },
  {
    "ID Number": "13006630"
  },
  {
    "ID Number": "13008064"
  },
  {
    "ID Number": "13005731"
  },
  {
    "ID Number": "13005170"
  },
  {
    "ID Number": "13010484"
  },
  {
    "ID Number": "13001620"
  },
  {
    "ID Number": "13024477"
  },
  {
    "ID Number": "13024124"
  },
  {
    "ID Number": "13001213"
  },
  {
    "ID Number": "13000187"
  },
  {
    "ID Number": "13013947"
  },
  {
    "ID Number": "13014889"
  },
  {
    "ID Number": "13008803"
  },
  {
    "ID Number": "13013645"
  },
  {
    "ID Number": "13010506"
  },
  {
    "ID Number": "13026313"
  },
  {
    "ID Number": "13023276"
  },
  {
    "ID Number": "13011421"
  },
  {
    "ID Number": "13022504"
  },
  {
    "ID Number": "13012690"
  },
  {
    "ID Number": "13003925"
  },
  {
    "ID Number": "13017110"
  },
  {
    "ID Number": "13009273"
  },
  {
    "ID Number": "13007327"
  },
  {
    "ID Number": "13008560"
  },
  {
    "ID Number": "13016300"
  },
  {
    "ID Number": "13010557"
  },
  {
    "ID Number": "13005715"
  },
  {
    "ID Number": "13001876"
  },
  {
    "ID Number": "13007599"
  },
  {
    "ID Number": "13012398"
  },
  {
    "ID Number": "13003135"
  },
  {
    "ID Number": "13000608"
  },
  {
    "ID Number": "13007580"
  },
  {
    "ID Number": "13012703"
  },
  {
    "ID Number": "13016318"
  },
  {
    "ID Number": "13008579"
  },
  {
    "ID Number": "13001337"
  },
  {
    "ID Number": "13000195"
  },
  {
    "ID Number": "13001990"
  },
  {
    "ID Number": "13008587"
  },
  {
    "ID Number": "13002724"
  },
  {
    "ID Number": "13002732"
  },
  {
    "ID Number": "13002740"
  },
  {
    "ID Number": "13023870"
  },
  {
    "ID Number": "13016334"
  },
  {
    "ID Number": "13006649"
  },
  {
    "ID Number": "13013955"
  },
  {
    "ID Number": "13010581"
  },
  {
    "ID Number": "13013254"
  },
  {
    "ID Number": "13016350"
  },
  {
    "ID Number": "13014900"
  },
  {
    "ID Number": "13006592"
  },
  {
    "ID Number": "13001655"
  },
  {
    "ID Number": "13005022"
  },
  {
    "ID Number": "13013696"
  },
  {
    "ID Number": "13008595"
  },
  {
    "ID Number": "13012789"
  },
  {
    "ID Number": "13024507"
  },
  {
    "ID Number": "13012711"
  },
  {
    "ID Number": "13003410"
  },
  {
    "ID Number": "13002252"
  },
  {
    "ID Number": "13012916"
  },
  {
    "ID Number": "13005707"
  },
  {
    "ID Number": "13006673"
  },
  {
    "ID Number": "13015052"
  },
  {
    "ID Number": "13013700"
  },
  {
    "ID Number": "13002880"
  },
  {
    "ID Number": "13010620"
  },
  {
    "ID Number": "13005146"
  },
  {
    "ID Number": "13015095"
  },
  {
    "ID Number": "13003844"
  },
  {
    "ID Number": "13020064"
  }
]