[
  {
    "ID Number": "13316745"
  },
  {
    "ID Number": "13323806"
  },
  {
    "ID Number": "13313193"
  },
  {
    "ID Number": "13303406"
  },
  {
    "ID Number": "13313355"
  },
  {
    "ID Number": "13321544"
  },
  {
    "ID Number": "13314629"
  },
  {
    "ID Number": "13317504"
  },
  {
    "ID Number": "13314823"
  },
  {
    "ID Number": "13319981"
  },
  {
    "ID Number": "13320777"
  },
  {
    "ID Number": "13302841"
  },
  {
    "ID Number": "13319892"
  },
  {
    "ID Number": "13317326"
  },
  {
    "ID Number": "13322397"
  },
  {
    "ID Number": "13743139"
  },
  {
    "ID Number": "13324020"
  },
  {
    "ID Number": "13303058"
  },
  {
    "ID Number": "13313630"
  },
  {
    "ID Number": "13323245"
  },
  {
    "ID Number": "13319205"
  },
  {
    "ID Number": "13318276"
  },
  {
    "ID Number": "13315374"
  },
  {
    "ID Number": "13322486"
  },
  {
    "ID Number": "13306634"
  },
  {
    "ID Number": "13322753"
  },
  {
    "ID Number": "13313550"
  },
  {
    "ID Number": "13313533"
  },
  {
    "ID Number": "13315013"
  },
  {
    "ID Number": "13318497"
  },
  {
    "ID Number": "13308963"
  },
  {
    "ID Number": "34161112"
  },
  {
    "ID Number": "13324225"
  },
  {
    "ID Number": "13309994"
  },
  {
    "ID Number": "13316869"
  },
  {
    "ID Number": "13302000"
  },
  {
    "ID Number": "13301926"
  },
  {
    "ID Number": "13303112"
  },
  {
    "ID Number": "13315625"
  },
  {
    "ID Number": "13321609"
  },
  {
    "ID Number": "13303023"
  },
  {
    "ID Number": "13311514"
  },
  {
    "ID Number": "13320246"
  },
  {
    "ID Number": "13324705"
  },
  {
    "ID Number": "13320998"
  },
  {
    "ID Number": "13321510"
  },
  {
    "ID Number": "13307061"
  },
  {
    "ID Number": "13301900"
  },
  {
    "ID Number": "13326805"
  },
  {
    "ID Number": "13317415"
  },
  {
    "ID Number": "13307657"
  },
  {
    "ID Number": "13320831"
  },
  {
    "ID Number": "13313959"
  },
  {
    "ID Number": "13301063"
  },
  {
    "ID Number": "13308815"
  },
  {
    "ID Number": "13326236"
  },
  {
    "ID Number": "13319515"
  },
  {
    "ID Number": "13303120"
  },
  {
    "ID Number": "13305700"
  },
  {
    "ID Number": "13317881"
  },
  {
    "ID Number": "13319299"
  },
  {
    "ID Number": "13318047"
  },
  {
    "ID Number": "13322524"
  },
  {
    "ID Number": "13307665"
  },
  {
    "ID Number": "13316966"
  },
  {
    "ID Number": "13327585"
  },
  {
    "ID Number": "13320688"
  },
  {
    "ID Number": "13318128"
  },
  {
    "ID Number": "13314483"
  },
  {
    "ID Number": "13306413"
  },
  {
    "ID Number": "13320912"
  },
  {
    "ID Number": "13327569"
  },
  {
    "ID Number": "13318845"
  },
  {
    "ID Number": "13317334"
  },
  {
    "ID Number": "13324276"
  },
  {
    "ID Number": "13305212"
  },
  {
    "ID Number": "13301012"
  },
  {
    "ID Number": "13324713"
  },
  {
    "ID Number": "13319035"
  },
  {
    "ID Number": "13323911"
  },
  {
    "ID Number": "13302140"
  },
  {
    "ID Number": "13320459"
  },
  {
    "ID Number": "13307622"
  },
  {
    "ID Number": "4121953"
  },
  {
    "ID Number": "13324179"
  },
  {
    "ID Number": "13327208"
  },
  {
    "ID Number": "13320599"
  },
  {
    "ID Number": "13320742"
  },
  {
    "ID Number": "13325604"
  },
  {
    "ID Number": "13311808"
  },
  {
    "ID Number": "13303902"
  },
  {
    "ID Number": "13313525"
  },
  {
    "ID Number": "13301519"
  },
  {
    "ID Number": "13323210"
  },
  {
    "ID Number": "13322265"
  },
  {
    "ID Number": "13304135"
  },
  {
    "ID Number": "13310194"
  },
  {
    "ID Number": "13301993"
  },
  {
    "ID Number": "13323628"
  },
  {
    "ID Number": "13310763"
  },
  {
    "ID Number": "13305824"
  },
  {
    "ID Number": "13323822"
  },
  {
    "ID Number": "13319523"
  },
  {
    "ID Number": "13303139"
  },
  {
    "ID Number": "13323962"
  },
  {
    "ID Number": "13322516"
  },
  {
    "ID Number": "13311212"
  },
  {
    "ID Number": "13304097"
  },
  {
    "ID Number": "13318004"
  },
  {
    "ID Number": "13313517"
  },
  {
    "ID Number": "13319922"
  },
  {
    "ID Number": "13322966"
  },
  {
    "ID Number": "13306707"
  },
  {
    "ID Number": "13318659"
  },
  {
    "ID Number": "13323873"
  },
  {
    "ID Number": "13308092"
  },
  {
    "ID Number": "13300385"
  },
  {
    "ID Number": "13300725"
  },
  {
    "ID Number": "13320874"
  },
  {
    "ID Number": "13302213"
  },
  {
    "ID Number": "13320661"
  },
  {
    "ID Number": "13302558"
  },
  {
    "ID Number": "13307037"
  },
  {
    "ID Number": "13310070"
  },
  {
    "ID Number": "13313673"
  },
  {
    "ID Number": "13321617"
  },
  {
    "ID Number": "13302779"
  },
  {
    "ID Number": "13312340"
  },
  {
    "ID Number": "13315889"
  },
  {
    "ID Number": "13300717"
  },
  {
    "ID Number": "13325345"
  },
  {
    "ID Number": "13316443"
  },
  {
    "ID Number": "13318926"
  },
  {
    "ID Number": "13318853"
  },
  {
    "ID Number": "13300210"
  },
  {
    "ID Number": "13321250"
  },
  {
    "ID Number": "13321803"
  },
  {
    "ID Number": "13319841"
  },
  {
    "ID Number": "13327623"
  },
  {
    "ID Number": "13321269"
  },
  {
    "ID Number": "13304828"
  },
  {
    "ID Number": "13326040"
  },
  {
    "ID Number": "13319647"
  },
  {
    "ID Number": "13317911"
  },
  {
    "ID Number": "13314050"
  },
  {
    "ID Number": "13309315"
  },
  {
    "ID Number": "13308327"
  },
  {
    "ID Number": "13310046"
  },
  {
    "ID Number": "13319248"
  },
  {
    "ID Number": "13318969"
  },
  {
    "ID Number": "13316702"
  },
  {
    "ID Number": "13317270"
  },
  {
    "ID Number": "13301543"
  },
  {
    "ID Number": "13324063"
  },
  {
    "ID Number": "13303570"
  },
  {
    "ID Number": "13319167"
  },
  {
    "ID Number": "13303619"
  },
  {
    "ID Number": "13323997"
  },
  {
    "ID Number": "34475990"
  },
  {
    "ID Number": "13320076"
  },
  {
    "ID Number": "13315030"
  },
  {
    "ID Number": "13303627"
  },
  {
    "ID Number": "13305204"
  },
  {
    "ID Number": "13316605"
  },
  {
    "ID Number": "13303732"
  },
  {
    "ID Number": "13313363"
  },
  {
    "ID Number": "13300067"
  },
  {
    "ID Number": "13301314"
  },
  {
    "ID Number": "13315455"
  },
  {
    "ID Number": "13321323"
  },
  {
    "ID Number": "13304194"
  },
  {
    "ID Number": "13315293"
  },
  {
    "ID Number": "13315609"
  },
  {
    "ID Number": "13320769"
  },
  {
    "ID Number": "13302760"
  },
  {
    "ID Number": "13300903"
  },
  {
    "ID Number": "34290788"
  },
  {
    "ID Number": "13318942"
  },
  {
    "ID Number": "13315730"
  },
  {
    "ID Number": "13320785"
  },
  {
    "ID Number": "13327704"
  },
  {
    "ID Number": "13311670"
  },
  {
    "ID Number": "13307339"
  },
  {
    "ID Number": "13305735"
  },
  {
    "ID Number": "13309951"
  },
  {
    "ID Number": "13323946"
  },
  {
    "ID Number": "13314793"
  },
  {
    "ID Number": "13305646"
  },
  {
    "ID Number": "13321811"
  },
  {
    "ID Number": "13303244"
  },
  {
    "ID Number": "13318624"
  },
  {
    "ID Number": "13310356"
  },
  {
    "ID Number": "13300270"
  },
  {
    "ID Number": "13316524"
  },
  {
    "ID Number": "13316818"
  },
  {
    "ID Number": "13325175"
  },
  {
    "ID Number": "13320564"
  },
  {
    "ID Number": "34264159"
  },
  {
    "ID Number": "13304453"
  },
  {
    "ID Number": "13309668"
  },
  {
    "ID Number": "13303279"
  },
  {
    "ID Number": "13319329"
  },
  {
    "ID Number": "13308300"
  },
  {
    "ID Number": "13306430"
  },
  {
    "ID Number": "13319370"
  },
  {
    "ID Number": "13323660"
  },
  {
    "ID Number": "13323717"
  },
  {
    "ID Number": "13320580"
  },
  {
    "ID Number": "13308203"
  },
  {
    "ID Number": "13318187"
  },
  {
    "ID Number": "13308505"
  },
  {
    "ID Number": "13312073"
  },
  {
    "ID Number": "13315412"
  },
  {
    "ID Number": "13307789"
  },
  {
    "ID Number": "13320513"
  },
  {
    "ID Number": "13300946"
  },
  {
    "ID Number": "13317083"
  },
  {
    "ID Number": "13309870"
  },
  {
    "ID Number": "13313860"
  },
  {
    "ID Number": "13325825"
  },
  {
    "ID Number": "13317482"
  },
  {
    "ID Number": "13310542"
  },
  {
    "ID Number": "13307231"
  },
  {
    "ID Number": "13310500"
  },
  {
    "ID Number": "13302191"
  },
  {
    "ID Number": "13324241"
  },
  {
    "ID Number": "13317768"
  },
  {
    "ID Number": "13318730"
  },
  {
    "ID Number": "13324950"
  },
  {
    "ID Number": "13328166"
  },
  {
    "ID Number": "13324454"
  },
  {
    "ID Number": "13326376"
  },
  {
    "ID Number": "13312278"
  },
  {
    "ID Number": "13320726"
  },
  {
    "ID Number": "13301004"
  },
  {
    "ID Number": "13322800"
  },
  {
    "ID Number": "13322893"
  },
  {
    "ID Number": "13323504"
  },
  {
    "ID Number": "13324691"
  },
  {
    "ID Number": "13312669"
  },
  {
    "ID Number": "13328395"
  },
  {
    "ID Number": "13315056"
  },
  {
    "ID Number": "13324985"
  },
  {
    "ID Number": "13317547"
  },
  {
    "ID Number": "13308653"
  },
  {
    "ID Number": "13319736"
  },
  {
    "ID Number": "13318179"
  },
  {
    "ID Number": "13319000"
  },
  {
    "ID Number": "60900067"
  },
  {
    "ID Number": "13323563"
  },
  {
    "ID Number": "13306677"
  },
  {
    "ID Number": "13311751"
  },
  {
    "ID Number": "13323407"
  },
  {
    "ID Number": "13313940"
  },
  {
    "ID Number": "13326058"
  },
  {
    "ID Number": "13309285"
  },
  {
    "ID Number": "13308807"
  },
  {
    "ID Number": "13306308"
  },
  {
    "ID Number": "13320475"
  },
  {
    "ID Number": "13313274"
  },
  {
    "ID Number": "13306782"
  },
  {
    "ID Number": "13322001"
  },
  {
    "ID Number": "13326457"
  },
  {
    "ID Number": "13302795"
  },
  {
    "ID Number": "13317261"
  },
  {
    "ID Number": "13323865"
  },
  {
    "ID Number": "13300873"
  },
  {
    "ID Number": "13326279"
  },
  {
    "ID Number": "13318632"
  },
  {
    "ID Number": "13317890"
  },
  {
    "ID Number": "13309137"
  },
  {
    "ID Number": "13321935"
  },
  {
    "ID Number": "13319604"
  },
  {
    "ID Number": "13311255"
  },
  {
    "ID Number": "13319566"
  },
  {
    "ID Number": "13325434"
  },
  {
    "ID Number": "13316672"
  },
  {
    "ID Number": "13320289"
  },
  {
    "ID Number": "13322648"
  },
  {
    "ID Number": "13303635"
  },
  {
    "ID Number": "13322850"
  },
  {
    "ID Number": "13321340"
  },
  {
    "ID Number": "13321234"
  },
  {
    "ID Number": "13300890"
  },
  {
    "ID Number": "13304240"
  },
  {
    "ID Number": "13317830"
  },
  {
    "ID Number": "13313568"
  },
  {
    "ID Number": "13326465"
  },
  {
    "ID Number": "13318985"
  },
  {
    "ID Number": "13302639"
  },
  {
    "ID Number": "13316460"
  },
  {
    "ID Number": "13318144"
  },
  {
    "ID Number": "13324055"
  },
  {
    "ID Number": "13319590"
  },
  {
    "ID Number": "13319124"
  },
  {
    "ID Number": "13317288"
  },
  {
    "ID Number": "13314700"
  },
  {
    "ID Number": "13315919"
  },
  {
    "ID Number": "13320017"
  },
  {
    "ID Number": "13323741"
  },
  {
    "ID Number": "13306618"
  },
  {
    "ID Number": "13308483"
  },
  {
    "ID Number": "13318772"
  },
  {
    "ID Number": "13302922"
  },
  {
    "ID Number": "13316958"
  },
  {
    "ID Number": "13302507"
  },
  {
    "ID Number": "13310844"
  },
  {
    "ID Number": "13305123"
  },
  {
    "ID Number": "13314718"
  },
  {
    "ID Number": "13319787"
  },
  {
    "ID Number": "13311310"
  },
  {
    "ID Number": "13302167"
  },
  {
    "ID Number": "13317741"
  },
  {
    "ID Number": "13320696"
  },
  {
    "ID Number": "13320700"
  },
  {
    "ID Number": "13323580"
  },
  {
    "ID Number": "13309030"
  },
  {
    "ID Number": "13300202"
  },
  {
    "ID Number": "13300300"
  },
  {
    "ID Number": "13302418"
  },
  {
    "ID Number": "13307797"
  },
  {
    "ID Number": "13302620"
  },
  {
    "ID Number": "13318950"
  },
  {
    "ID Number": "13317920"
  },
  {
    "ID Number": "13320467"
  },
  {
    "ID Number": "13314009"
  },
  {
    "ID Number": "13316451"
  },
  {
    "ID Number": "13310526"
  },
  {
    "ID Number": "13307150"
  },
  {
    "ID Number": "13314980"
  },
  {
    "ID Number": "13320653"
  },
  {
    "ID Number": "13314459"
  },
  {
    "ID Number": "13326589"
  },
  {
    "ID Number": "13319914"
  },
  {
    "ID Number": "13302981"
  },
  {
    "ID Number": "13327895"
  },
  {
    "ID Number": "13318918"
  },
  {
    "ID Number": "13324039"
  },
  {
    "ID Number": "13324632"
  },
  {
    "ID Number": "13322907"
  },
  {
    "ID Number": "13325302"
  },
  {
    "ID Number": "13310780"
  },
  {
    "ID Number": "13307380"
  },
  {
    "ID Number": "13321781"
  },
  {
    "ID Number": "13304950"
  },
  {
    "ID Number": "13316680"
  },
  {
    "ID Number": "13310437"
  },
  {
    "ID Number": "13310771"
  },
  {
    "ID Number": "13324543"
  },
  {
    "ID Number": "13311778"
  },
  {
    "ID Number": "13315072"
  },
  {
    "ID Number": "13309048"
  },
  {
    "ID Number": "13303368"
  },
  {
    "ID Number": "13300598"
  },
  {
    "ID Number": "13322168"
  },
  {
    "ID Number": "13310852"
  },
  {
    "ID Number": "13319426"
  },
  {
    "ID Number": "13307398"
  },
  {
    "ID Number": "13304305"
  },
  {
    "ID Number": "13327690"
  },
  {
    "ID Number": "13306740"
  },
  {
    "ID Number": "13322656"
  },
  {
    "ID Number": "13315366"
  },
  {
    "ID Number": "13315269"
  },
  {
    "ID Number": "13305220"
  },
  {
    "ID Number": "13322435"
  },
  {
    "ID Number": "13303520"
  },
  {
    "ID Number": "13328204"
  },
  {
    "ID Number": "13326449"
  },
  {
    "ID Number": "13327313"
  },
  {
    "ID Number": "24269727"
  },
  {
    "ID Number": "13304321"
  },
  {
    "ID Number": "13321790"
  },
  {
    "ID Number": "13320718"
  },
  {
    "ID Number": "13310682"
  },
  {
    "ID Number": "13303775"
  },
  {
    "ID Number": "13318322"
  },
  {
    "ID Number": "13319540"
  },
  {
    "ID Number": "13317300"
  },
  {
    "ID Number": "13318519"
  },
  {
    "ID Number": "13310801"
  },
  {
    "ID Number": "13302299"
  },
  {
    "ID Number": "13310470"
  },
  {
    "ID Number": "13322729"
  },
  {
    "ID Number": "13325485"
  },
  {
    "ID Number": "13301250"
  },
  {
    "ID Number": "13316729"
  },
  {
    "ID Number": "13316630"
  },
  {
    "ID Number": "13316621"
  },
  {
    "ID Number": "13318721"
  },
  {
    "ID Number": "13322613"
  },
  {
    "ID Number": "13306316"
  },
  {
    "ID Number": "13306260"
  },
  {
    "ID Number": "13326406"
  },
  {
    "ID Number": "13319159"
  },
  {
    "ID Number": "13326309"
  },
  {
    "ID Number": "13302256"
  },
  {
    "ID Number": "13302310"
  },
  {
    "ID Number": "13314343"
  },
  {
    "ID Number": "13322451"
  },
  {
    "ID Number": "13312146"
  },
  {
    "ID Number": "13324667"
  },
  {
    "ID Number": "13322346"
  },
  {
    "ID Number": "13301373"
  },
  {
    "ID Number": "13302647"
  },
  {
    "ID Number": "13309293"
  },
  {
    "ID Number": "13312952"
  },
  {
    "ID Number": "13308734"
  },
  {
    "ID Number": "13305786"
  },
  {
    "ID Number": "13323792"
  },
  {
    "ID Number": "13323520"
  },
  {
    "ID Number": "13312677"
  },
  {
    "ID Number": "13311913"
  },
  {
    "ID Number": "13320025"
  },
  {
    "ID Number": "13303970"
  },
  {
    "ID Number": "13321978"
  },
  {
    "ID Number": "13303465"
  },
  {
    "ID Number": "13310577"
  },
  {
    "ID Number": "13321307"
  },
  {
    "ID Number": "13323636"
  },
  {
    "ID Number": "13310143"
  },
  {
    "ID Number": "13313541"
  },
  {
    "ID Number": "13318349"
  },
  {
    "ID Number": "13304348"
  },
  {
    "ID Number": "13324470"
  },
  {
    "ID Number": "13303236"
  },
  {
    "ID Number": "13320009"
  },
  {
    "ID Number": "13320092"
  },
  {
    "ID Number": "13314947"
  },
  {
    "ID Number": "13311883"
  },
  {
    "ID Number": "13321820"
  },
  {
    "ID Number": "13306014"
  },
  {
    "ID Number": "13315749"
  },
  {
    "ID Number": "13324349"
  },
  {
    "ID Number": "13326856"
  },
  {
    "ID Number": "13304356"
  },
  {
    "ID Number": "13327518"
  },
  {
    "ID Number": "13306553"
  },
  {
    "ID Number": "13320386"
  },
  {
    "ID Number": "13327542"
  },
  {
    "ID Number": "13320637"
  },
  {
    "ID Number": "13309579"
  },
  {
    "ID Number": "13302035"
  },
  {
    "ID Number": "13320955"
  },
  {
    "ID Number": "13323393"
  },
  {
    "ID Number": "13311662"
  },
  {
    "ID Number": "13321498"
  },
  {
    "ID Number": "13309056"
  },
  {
    "ID Number": "13316877"
  },
  {
    "ID Number": "13323130"
  },
  {
    "ID Number": "13319930"
  },
  {
    "ID Number": "13302809"
  },
  {
    "ID Number": "13323814"
  },
  {
    "ID Number": "13302485"
  },
  {
    "ID Number": "13301381"
  },
  {
    "ID Number": "13318578"
  },
  {
    "ID Number": "13321986"
  },
  {
    "ID Number": "13304852"
  },
  {
    "ID Number": "13314319"
  },
  {
    "ID Number": "13305662"
  },
  {
    "ID Number": "13319655"
  },
  {
    "ID Number": "13300040"
  },
  {
    "ID Number": "13303783"
  },
  {
    "ID Number": "13322737"
  },
  {
    "ID Number": "13322117"
  },
  {
    "ID Number": "13318586"
  },
  {
    "ID Number": "13300709"
  },
  {
    "ID Number": "13308386"
  },
  {
    "ID Number": "13318640"
  },
  {
    "ID Number": "13315021"
  },
  {
    "ID Number": "13313932"
  },
  {
    "ID Number": "13302124"
  },
  {
    "ID Number": "13323458"
  },
  {
    "ID Number": "13313495"
  },
  {
    "ID Number": "13300601"
  },
  {
    "ID Number": "13306642"
  },
  {
    "ID Number": "13307533"
  },
  {
    "ID Number": "13314858"
  },
  {
    "ID Number": "13323849"
  },
  {
    "ID Number": "13306570"
  },
  {
    "ID Number": "13313924"
  },
  {
    "ID Number": "13310828"
  },
  {
    "ID Number": "13305743"
  },
  {
    "ID Number": "13318535"
  },
  {
    "ID Number": "13307878"
  },
  {
    "ID Number": "13301888"
  },
  {
    "ID Number": "13311336"
  },
  {
    "ID Number": "13323970"
  },
  {
    "ID Number": "13320424"
  },
  {
    "ID Number": "13320971"
  },
  {
    "ID Number": "13323083"
  },
  {
    "ID Number": "13323989"
  },
  {
    "ID Number": "13320980"
  },
  {
    "ID Number": "13318993"
  },
  {
    "ID Number": "310204"
  },
  {
    "ID Number": "13326031"
  },
  {
    "ID Number": "13321218"
  },
  {
    "ID Number": "13301799"
  },
  {
    "ID Number": "13301152"
  },
  {
    "ID Number": "13314807"
  },
  {
    "ID Number": "13312243"
  },
  {
    "ID Number": "13318152"
  },
  {
    "ID Number": "13324160"
  },
  {
    "ID Number": "13307002"
  },
  {
    "ID Number": "13309374"
  },
  {
    "ID Number": "13304895"
  },
  {
    "ID Number": "13305751"
  },
  {
    "ID Number": "13311590"
  },
  {
    "ID Number": "13300393"
  },
  {
    "ID Number": "13316710"
  },
  {
    "ID Number": "13320190"
  },
  {
    "ID Number": "13306839"
  },
  {
    "ID Number": "13317776"
  },
  {
    "ID Number": "13316273"
  },
  {
    "ID Number": "13320327"
  },
  {
    "ID Number": "13309439"
  },
  {
    "ID Number": "13310100"
  },
  {
    "ID Number": "13316613"
  },
  {
    "ID Number": "13314866"
  },
  {
    "ID Number": "13304747"
  },
  {
    "ID Number": "13316761"
  },
  {
    "ID Number": "13300741"
  },
  {
    "ID Number": "13318616"
  },
  {
    "ID Number": "13305034"
  },
  {
    "ID Number": "13316591"
  },
  {
    "ID Number": "13321110"
  },
  {
    "ID Number": "13309536"
  },
  {
    "ID Number": "13311611"
  },
  {
    "ID Number": "13304917"
  },
  {
    "ID Number": "13314262"
  },
  {
    "ID Number": "13327097"
  },
  {
    "ID Number": "13312022"
  },
  {
    "ID Number": "13319680"
  },
  {
    "ID Number": "13314017"
  },
  {
    "ID Number": "13318365"
  },
  {
    "ID Number": "13313282"
  },
  {
    "ID Number": "13318527"
  },
  {
    "ID Number": "13316540"
  },
  {
    "ID Number": "13327810"
  },
  {
    "ID Number": "13303309"
  },
  {
    "ID Number": "13318608"
  },
  {
    "ID Number": "13301578"
  },
  {
    "ID Number": "13312545"
  },
  {
    "ID Number": "13304020"
  },
  {
    "ID Number": "13322419"
  },
  {
    "ID Number": "13302388"
  },
  {
    "ID Number": "13301349"
  },
  {
    "ID Number": "13301616"
  },
  {
    "ID Number": "13311476"
  },
  {
    "ID Number": "13304364"
  },
  {
    "ID Number": "13324489"
  },
  {
    "ID Number": "13320211"
  },
  {
    "ID Number": "13301896"
  },
  {
    "ID Number": "13321080"
  },
  {
    "ID Number": "13300857"
  },
  {
    "ID Number": "13308297"
  },
  {
    "ID Number": "13309587"
  },
  {
    "ID Number": "13309900"
  },
  {
    "ID Number": "13313797"
  },
  {
    "ID Number": "13316699"
  },
  {
    "ID Number": "13303678"
  },
  {
    "ID Number": "13309170"
  },
  {
    "ID Number": "13309978"
  },
  {
    "ID Number": "13304798"
  },
  {
    "ID Number": "13318039"
  },
  {
    "ID Number": "13320882"
  },
  {
    "ID Number": "13305867"
  },
  {
    "ID Number": "13320750"
  },
  {
    "ID Number": "13324420"
  },
  {
    "ID Number": "13310755"
  },
  {
    "ID Number": "13317555"
  },
  {
    "ID Number": "13315005"
  },
  {
    "ID Number": "13303201"
  },
  {
    "ID Number": "13320670"
  },
  {
    "ID Number": "13301586"
  },
  {
    "ID Number": "13303589"
  },
  {
    "ID Number": "34159867"
  },
  {
    "ID Number": "13301233"
  },
  {
    "ID Number": "13313754"
  },
  {
    "ID Number": "13317628"
  },
  {
    "ID Number": "13316338"
  },
  {
    "ID Number": "13310992"
  },
  {
    "ID Number": "13307746"
  },
  {
    "ID Number": "13320394"
  },
  {
    "ID Number": "13317350"
  },
  {
    "ID Number": "13313711"
  },
  {
    "ID Number": "13321331"
  },
  {
    "ID Number": "13325949"
  },
  {
    "ID Number": "13322508"
  },
  {
    "ID Number": "13300776"
  },
  {
    "ID Number": "13320556"
  },
  {
    "ID Number": "13319027"
  },
  {
    "ID Number": "13307169"
  },
  {
    "ID Number": "13324322"
  },
  {
    "ID Number": "13300881"
  },
  {
    "ID Number": "13303210"
  },
  {
    "ID Number": "13301659"
  },
  {
    "ID Number": "13325957"
  },
  {
    "ID Number": "13324969"
  },
  {
    "ID Number": "13312715"
  },
  {
    "ID Number": "13317695"
  },
  {
    "ID Number": "13307010"
  },
  {
    "ID Number": "13313398"
  },
  {
    "ID Number": "44184344"
  },
  {
    "ID Number": "13310810"
  },
  {
    "ID Number": "13306766"
  },
  {
    "ID Number": "13310836"
  },
  {
    "ID Number": "13312138"
  },
  {
    "ID Number": "13311328"
  },
  {
    "ID Number": "13324624"
  },
  {
    "ID Number": "13326872"
  },
  {
    "ID Number": "13319094"
  },
  {
    "ID Number": "13322184"
  },
  {
    "ID Number": "13304909"
  },
  {
    "ID Number": "13322427"
  },
  {
    "ID Number": "13323040"
  },
  {
    "ID Number": "13304380"
  },
  {
    "ID Number": "13321382"
  },
  {
    "ID Number": "13314599"
  },
  {
    "ID Number": "13313762"
  },
  {
    "ID Number": "13327186"
  },
  {
    "ID Number": "13323903"
  },
  {
    "ID Number": "13318934"
  },
  {
    "ID Number": "13319280"
  },
  {
    "ID Number": "13301632"
  },
  {
    "ID Number": "13309420"
  },
  {
    "ID Number": "13302337"
  },
  {
    "ID Number": "13310020"
  },
  {
    "ID Number": "13323830"
  },
  {
    "ID Number": "13318160"
  },
  {
    "ID Number": "13317563"
  },
  {
    "ID Number": "13318870"
  },
  {
    "ID Number": "13321650"
  },
  {
    "ID Number": "13326929"
  },
  {
    "ID Number": "13308319"
  },
  {
    "ID Number": "13313665"
  },
  {
    "ID Number": "13305174"
  },
  {
    "ID Number": "13315510"
  },
  {
    "ID Number": "13302086"
  },
  {
    "ID Number": "13300296"
  },
  {
    "ID Number": "13315773"
  },
  {
    "ID Number": "13317059"
  },
  {
    "ID Number": "13320823"
  },
  {
    "ID Number": "13324314"
  },
  {
    "ID Number": "13312790"
  },
  {
    "ID Number": "13323016"
  },
  {
    "ID Number": "13324772"
  },
  {
    "ID Number": "13317016"
  },
  {
    "ID Number": "13316230"
  },
  {
    "ID Number": "13319183"
  },
  {
    "ID Number": "13321293"
  },
  {
    "ID Number": "13306596"
  },
  {
    "ID Number": "13321129"
  },
  {
    "ID Number": "13317245"
  },
  {
    "ID Number": "13314696"
  },
  {
    "ID Number": "13320734"
  },
  {
    "ID Number": "13316850"
  },
  {
    "ID Number": "13327127"
  },
  {
    "ID Number": "13311263"
  },
  {
    "ID Number": "13323032"
  },
  {
    "ID Number": "13325140"
  },
  {
    "ID Number": "13319175"
  },
  {
    "ID Number": "13320033"
  },
  {
    "ID Number": "13317253"
  },
  {
    "ID Number": "13322028"
  },
  {
    "ID Number": "13321196"
  },
  {
    "ID Number": "13302531"
  },
  {
    "ID Number": "13314688"
  },
  {
    "ID Number": "13304402"
  },
  {
    "ID Number": "13316311"
  },
  {
    "ID Number": "13321951"
  },
  {
    "ID Number": "13323954"
  },
  {
    "ID Number": "13300431"
  },
  {
    "ID Number": "13319051"
  },
  {
    "ID Number": "13302736"
  },
  {
    "ID Number": "13305263"
  },
  {
    "ID Number": "13315544"
  },
  {
    "ID Number": "13323024"
  },
  {
    "ID Number": "13323776"
  },
  {
    "ID Number": "13315048"
  },
  {
    "ID Number": "13311646"
  },
  {
    "ID Number": "13300016"
  },
  {
    "ID Number": "13302175"
  },
  {
    "ID Number": "13316320"
  },
  {
    "ID Number": "54137810"
  },
  {
    "ID Number": "13308254"
  },
  {
    "ID Number": "13311409"
  },
  {
    "ID Number": "13303562"
  },
  {
    "ID Number": "13301870"
  },
  {
    "ID Number": "13301861"
  },
  {
    "ID Number": "13323105"
  },
  {
    "ID Number": "13323610"
  },
  {
    "ID Number": "13320149"
  },
  {
    "ID Number": "13322478"
  },
  {
    "ID Number": "13322583"
  },
  {
    "ID Number": "13302205"
  },
  {
    "ID Number": "13323415"
  },
  {
    "ID Number": "13318071"
  },
  {
    "ID Number": "13324497"
  },
  {
    "ID Number": "13317873"
  },
  {
    "ID Number": "13322176"
  },
  {
    "ID Number": "13308009"
  },
  {
    "ID Number": "13326430"
  },
  {
    "ID Number": "13313088"
  },
  {
    "ID Number": "13326414"
  },
  {
    "ID Number": "13326244"
  },
  {
    "ID Number": "13322044"
  },
  {
    "ID Number": "13326171"
  },
  {
    "ID Number": "13323733"
  },
  {
    "ID Number": "13317903"
  },
  {
    "ID Number": "13307088"
  },
  {
    "ID Number": "13312170"
  },
  {
    "ID Number": "13307754"
  },
  {
    "ID Number": "13303082"
  },
  {
    "ID Number": "13317938"
  },
  {
    "ID Number": "13317598"
  },
  {
    "ID Number": "13323539"
  },
  {
    "ID Number": "13321013"
  },
  {
    "ID Number": "13321021"
  },
  {
    "ID Number": "13308998"
  },
  {
    "ID Number": "13306537"
  },
  {
    "ID Number": "13307320"
  },
  {
    "ID Number": "13319973"
  },
  {
    "ID Number": "13324128"
  },
  {
    "ID Number": "13301276"
  },
  {
    "ID Number": "13317636"
  },
  {
    "ID Number": "13302469"
  },
  {
    "ID Number": "13326295"
  },
  {
    "ID Number": "13322770"
  },
  {
    "ID Number": "13307479"
  },
  {
    "ID Number": "13318357"
  },
  {
    "ID Number": "13328000"
  }
]