ID Number,Name,Fed,Sex,Title,WTit,OTit,Rating,Gms,K,RatingMonth,B-day,Flag
7711433,"Adam, Arav",TTO,M,,,,1551,0,40,AUG25,2012,
7702450,"Agostini, Kyron",TTO,M,,,,1588,0,20,AUG25,2003,i
7714858,"Akow, Christopher",TTO,M,,,,1548,0,40,AUG25,2010,
7706413,"Ali, Alan",TTO,M,,,,1597,0,20,AUG25,1979,i
7703015,"Ali, Amy",TTO,F,WCM,WCM,,1608,0,20,AUG25,2001,wi
7709552,"Ali, Catherine",TTO,F,,,,1475,0,40,AUG25,2015,w
7700601,"Ali, Ian",TTO,M,,,,1806,0,20,AUG25,1959,i
7712472,"Ali, Jason",TTO,M,,,,1534,0,40,AUG25,2006,
7712480,"Ali, Reaz",TTO,M,,,,1840,6,40,AUG25,2009,
7705174,"Ali, Samir",TTO,M,,,,1649,0,20,AUG25,2001,i
7706910,"Allum, Adrian",TTO,M,,,,1523,0,40,AUG25,2013,
7702485,"Allum, Zachary",TTO,M,,,,1615,0,40,AUG25,2005,i
7701730,"Ammon, Christian",TTO,M,,,,1893,0,20,AUG25,1997,i
7712499,"Andrews, Omari",TTO,M,,,,1668,0,40,AUG25,2009,i
7702612,"Archer, Carl",TTO,M,,,,1834,0,20,AUG25,1971,i
7701365,"Attong, Ian",TTO,M,,,,1612,0,40,AUG25,1961,i
7712340,"Austin, Angelo",TTO,M,,,,1497,0,40,AUG25,2010,
7712260,"Austin, Annabelle",TTO,F,,,,1503,0,40,AUG25,2012,w
7713517,"Ayres, Caleb",TTO,M,,,,1496,0,40,AUG25,2011,
7705700,"Balliram, Luke",TTO,M,,,,1633,0,40,AUG25,2008,i
7705697,"Balliram, Taydan",TTO,M,,,,ACM,1536,0,AUG25,2010,i
7705689,"Balliram, Tristan",TTO,M,,,,ACM,1517,0,AUG25,2010,i
7707177,"Balroop, Rishi",TTO,M,,,,1564,0,20,AUG25,2004,i
7708181,"Baptiste, Vade",TTO,M,,,,1483,0,40,AUG25,2008,
7700911,"Bartholomew, Kena",TTO,M,,,,1814,7,20,AUG25,1985,
7710682,"Bassant, Zac",TTO,M,,,,1453,0,40,AUG25,2010,i
7709790,"Beharry, Anai",TTO,M,,,,1555,0,40,AUG25,2009,i
7705336,"Belgrave, Paschal",TTO,M,,,,1669,0,20,AUG25,1976,i
7714912,"Bernard, Omari",TTO,M,,,,1472,0,40,AUG25,2010,
7705832,"Bharath, Sameer",TTO,M,,,,1556,0,40,AUG25,2007,
7703295,"Boodoo, Zidane",TTO,M,,,,1483,0,20,AUG25,2004,i
7700237,"Bowles, Andrew",TTO,M,CM,,,1788,0,20,AUG25,1953,
7713436,"Bramble, Dereon",TTO,M,,,,1547,0,40,AUG25,2011,
7714955,"Bridglal, Avin",TTO,M,,,,1543,0,40,AUG25,2010,
7700440,"Cabralis, Quinn",TTO,M,FM,NA,,2086,0,20,AUG25,1995,i
7714971,"Campo, Caleb",TTO,M,,,,1608,6,40,AUG25,2013,
7711999,"Chablal, Nicholas",TTO,M,,,,1578,0,40,AUG25,2008,i
7708890,"Chai-Hong, Alex",TTO,M,,,,1550,0,40,AUG25,2005,i
7705026,"Chaitram, Aaron",TTO,M,,,,1447,0,40,AUG25,2007,
7705018,"Chaitram, Aiden",TTO,M,,,,1456,0,40,AUG25,2010,i
7717156,"Chase, Kaydon",TTO,M,,,,1546,6,40,AUG25,2012,
7712561,"Choi, Jinhyeok",TTO,M,,,,1500,0,40,AUG25,2007,
7714599,"Christian, David",TTO,M,,,,1680,0,40,AUG25,2008,i
11100265,"Christopher, David",TTO,M,,,,2079,0,20,AUG25,0,i
7700989,"Cobham, Marcus",TTO,M,CM,,,2032,0,20,AUG25,1979,i
7703686,"Cudjoe, Shawn",TTO,M,,,,1919,0,20,AUG25,1969,i
7700512,"Cupid, Kevin",TTO,M,FM,,,2137,0,20,AUG25,1991,
7715030,"Daniell, Levi",TTO,M,,,,1444,4,40,AUG25,2012,
7701250,"Davis, Daryl",TTO,M,CM,NA,,1894,0,20,AUG25,1972,i
7701454,"Dennis, Brent",TTO,M,,,,1658,0,20,AUG25,1975,i
7710402,"Dolly, Nicholas",TTO,M,,,,1433,0,40,AUG25,2013,i
7709986,"Dolly, Samantha",TTO,F,,,,1534,0,40,AUG25,2010,w
7712642,"Dookran, Rhys",TTO,M,,,,1438,0,40,AUG25,2006,
7708246,"Dottin, Andrew",TTO,M,,,,1460,0,40,AUG25,2015,
7709633,"Douglas, Zacharee",TTO,M,,,,1600,7,40,AUG25,2008,
7701462,"Drayton, Doff",TTO,M,,,,ACM,1674,6,AUG25,1955,
7709706,"Duffrin, Adelia",TTO,F,,,,1485,0,40,AUG25,2007,w
7700180,"Duncan, Leonard",TTO,M,CM,,,1805,6,20,AUG25,1954,
7715722,"Flanagan, Gary",TTO,M,,,,1641,3,40,AUG25,2009,
7701470,"Flower, Trevor",TTO,M,,,,1848,0,20,AUG25,1958,i
7700652,"Fortune, David",TTO,M,,,,1891,0,20,AUG25,1949,i
7706839,"Francis-Ramai, Mathias",TTO,M,,,,1537,0,40,AUG25,2005,i
7702507,"Francois, Miguel",TTO,M,,,,1837,0,20,AUG25,1976,i
7711921,"Frederick, Jon",TTO,M,,,,1488,0,40,AUG25,2008,i
7713266,"Gangaram, Navin",TTO,M,,,,1631,0,40,AUG25,2011,
7700040,"Geofroy, Marilyn",TTO,F,WCM,WCM,,1940,0,40,AUG25,1956,wi
7707983,"George, Spencer",TTO,M,,,,1540,3,40,AUG25,2013,
2014203,"Gill, Joseph",TTO,M,CM,,,1924,0,20,AUG25,1992,i
7712383,"Gill, Tyrese",TTO,M,,,,1707,0,40,AUG25,2006,
7706111,"Gillette, Luke",TTO,M,,,,1638,0,40,AUG25,2010,
7712677,"Gopaul, Aditya",TTO,M,,,,1459,0,40,AUG25,2008,
7701705,"Gordon, Anderson",TTO,M,,,,2022,0,20,AUG25,1974,i
7708980,"Grannum, Jonathan",TTO,M,,,,1589,0,40,AUG25,2005,i
7701497,"Grant, Ian",TTO,M,,,,1852,0,20,AUG25,1973,i
7709846,"Harford, Adam",TTO,M,,,,1558,0,40,AUG25,2010,i
7700156,"Harper, Ryan",TTO,M,FM,NA,,2158,6,20,AUG25,1977,
7710003,"Harry, Caleb",TTO,M,,,,1557,0,40,AUG25,2015,i
7712685,"Harrypersad, Aaron",TTO,M,,,,1445,0,40,AUG25,2006,
7708130,"Haynes, Trevor Anthony",TTO,M,,,,1519,0,20,AUG25,1956,i
7700660,"Heerah, Rohan",TTO,M,,,,1933,0,20,AUG25,1964,i
3912167,"Hermoso Rodriguez, Ysvett",TTO,F,WFM,WFM,,1960,0,20,AUG25,1991,w
7707258,"Hosein, Rayshard",TTO,M,,,,1543,0,40,AUG25,2005,i
7713878,"Hosein, Yuri",TTO,M,,,,1533,0,40,AUG25,2014,
7714815,"Howe, Daniel",TTO,M,,,,1544,7,40,AUG25,1998,
7709439,"Humphrey, Ty",TTO,M,,,,ACM,1670,0,AUG25,2016,
7703210,"Hunte, Keelan",TTO,M,,NI,,1779,0,20,AUG25,1986,i
7707517,"Ince, Daniel",TTO,M,,,,1455,0,40,AUG25,2010,
7703112,"Inkim, Matthew",TTO,M,,,,1677,0,20,AUG25,2003,i
7706782,"James, Ethan",TTO,M,,,,1468,0,40,AUG25,2008,i
7701373,"James, Keevin",TTO,M,,,,1958,0,20,AUG25,1981,i
7708726,"James, Levi",TTO,M,,,,1724,0,40,AUG25,2011,
7702060,"James, Shemilah",TTO,F,WCM,WCM,,1719,0,20,AUG25,2003,wi
7711026,"Jamunar, Shiveer",TTO,M,,,,1428,0,40,AUG25,2011,
7715730,"Job, Sydney",TTO,M,,,,1563,0,40,AUG25,1973,
7711611,"Jogie, Ari",TTO,M,,,,1421,0,40,AUG25,2010,
7714483,"John, Casimir",TTO,M,,,,1594,0,40,AUG25,2011,
7710259,"John, Kai",TTO,M,,,,1570,0,40,AUG25,2010,
7714491,"John, Robin",TTO,M,,,,1698,0,40,AUG25,1974,i
7708025,"Johnson, Adaya",TTO,F,,,,1466,2,40,AUG25,2011,w
7703317,"Johnson, Chaya",TTO,F,,,,1480,0,40,AUG25,2005,wi
7701128,"Johnson, Gabriella",TTO,F,WIM,WIM,LSI,1828,0,20,AUG25,2000,wi
7700768,"Johnson, Joshua",TTO,M,FM,"FI,NA",,2305,0,20,AUG25,1999,
7703511,"Jones, Akeisha",TTO,F,,,,1647,0,20,AUG25,2001,wi
7700075,"Jones, David",TTO,M,,,,1952,0,20,AUG25,1974,
7710135,"Jones, Marcus",TTO,M,,,,1412,0,40,AUG25,2013,i
7711620,"Joseph, Breanna",TTO,F,,,,1476,2,40,AUG25,2015,w
7700393,"Joseph, Marcus",TTO,M,FM,,,2171,0,20,AUG25,1987,
7706022,"Joseph, Sanjiv",TTO,M,,,,1518,0,40,AUG25,2008,i
7707525,"Joseph, Zaa`van",TTO,M,,,,1491,5,40,AUG25,2011,i
7708238,"Katteck, Zaria",TTO,F,,,,1422,5,40,AUG25,2014,w
7704844,"Khafra, Enen-Sa-Tefa Ab",TTO,M,,NA,,1818,0,20,AUG25,1998,
7712758,"Khan, Brendon",TTO,M,,,,1697,0,40,AUG25,2009,
7710410,"Khan, Elizabeth",TTO,F,,,,1474,2,40,AUG25,2012,w
7711069,"Khan, Zidan",TTO,M,,,,1416,3,40,AUG25,2013,
7710267,"King, Cameron",TTO,M,,,,1497,0,40,AUG25,2008,i
7700695,"Knight, Colin",TTO,M,,,,1900,0,20,AUG25,1964,i
7711085,"Koo, Benjamin",TTO,M,,,,1468,0,40,AUG25,2011,
7714645,"Koon Koon, Aaron",TTO,M,,,,1563,0,40,AUG25,1995,i
7708300,"Kumar, Alexandra",TTO,F,,,,ACM,1658,0,AUG25,2012,w
7705417,"La Fleur, Juninho",TTO,M,,,,1675,0,40,AUG25,2007,i
7703848,"La Fleur, Zara",TTO,F,WCM,WCM,SI,1794,0,20,AUG25,2006,w
7704780,"Lackhai, Tristan",TTO,M,,,,1560,0,40,AUG25,2006,i
7709927,"Laing, Adam",TTO,M,,,,1420,3,40,AUG25,2012,
7707851,"Laing, Raquel",TTO,F,,,,1514,0,40,AUG25,2010,w
7708351,"Lalla, Eli",TTO,M,,,,1422,11,40,AUG25,2013,
7709072,"Lalla, Kavel",TTO,M,,,,1437,0,40,AUG25,2008,i
7715200,"Lalla, Kaveri",TTO,F,,,,1516,0,40,AUG25,2010,w
7709080,"Latchman, Kailah",TTO,F,,,,1470,0,40,AUG25,2006,wi
7715218,"Lau, Jacek",TTO,M,,,,1503,0,40,AUG25,2012,
7708599,"Lee, Brad",TTO,M,,,,1597,3,20,AUG25,1988,
7700350,"Lee, Hayden",TTO,M,,,,1861,0,20,AUG25,1966,
7711662,"Lewis, Maliq",TTO,M,,,,1435,4,40,AUG25,2011,
7715226,"London, Nathan",TTO,M,,,,1416,0,40,AUG25,2010,
7706898,"Lutawan, Adrian",TTO,M,,,,1566,6,40,AUG25,2009,
7712820,"Lutchman, Varun",TTO,M,,,,1466,0,40,AUG25,2009,
7703473,"Lynch, Jennika",TTO,F,,,,1639,0,20,AUG25,2002,wi
7706367,"Mahadeo, Amir",TTO,M,,,,1587,0,40,AUG25,2005,i
7709129,"Maharaj, Amrit",TTO,M,,,,1444,0,40,AUG25,2008,
7712413,"Maharaj, Ejaz",TTO,M,,,,1497,4,40,AUG25,2014,
7705743,"Maharaj, Keshav",TTO,M,,,,1523,0,40,AUG25,2005,i
7705573,"Maharaj, Kevin",TTO,M,,,,1492,0,40,AUG25,2007,i
7705085,"Maharaj, Sanat",TTO,M,,,,1455,0,40,AUG25,2006,
7701071,"Maharaj, Steve",TTO,M,,,,1935,0,20,AUG25,0,i
7704879,"Maharaj-Ali, Jaedon",TTO,M,,,,1581,0,20,AUG25,2003,i
7707819,"Manjoo, Jayden",TTO,F,,,,1465,0,40,AUG25,2005,w
7707290,"Mano, Syon",TTO,M,,,,1510,0,40,AUG25,2007,i
7705727,"Manocha, Cayleigh",TTO,F,,,,1441,0,40,AUG25,2008,wi
7713452,"Manswell, Castillo",TTO,M,,,,1529,5,40,AUG25,2010,
7709153,"Marcelle, Ariel",TTO,F,,,,1547,0,40,AUG25,2006,w
7700261,"Marcelle, Joffrey",TTO,M,,,,1973,0,20,AUG25,1977,i
7712065,"Marshall, Messiah",TTO,M,,,,1506,0,40,AUG25,2012,i
7702280,"Martin, Athena",TTO,F,,,,1473,0,40,AUG25,2005,wi
7706804,"Martin, Joshua",TTO,M,,,,1591,0,40,AUG25,2007,i
7706650,"Martin, Kayla",TTO,F,,NA,,1414,0,20,AUG25,2004,wi
7702310,"Martin, Mikel",TTO,M,,,,1854,0,20,AUG25,2001,i
7707991,"Martin, Neyah",TTO,F,,,,1580,0,40,AUG25,2013,w
7702949,"Mason, Kriston",TTO,M,,,,1624,0,20,AUG25,1997,i
7703716,"Maynard, David",TTO,M,,,,1652,0,20,AUG25,1953,
7703791,"Mc Intosh, Isaiah",TTO,M,FM,,,2147,0,20,AUG25,2000,i
7710330,"Mc Lean, Kurdel",TTO,M,,,,1448,5,40,AUG25,2008,
7708254,"Mc Letchie, Nicholas",TTO,M,,,,1696,0,40,AUG25,2014,
7712871,"McClatchie, Zephaniah",TTO,M,,,,1435,0,40,AUG25,2009,
7706030,"Medina, Joshua",TTO,M,CM,,,1849,0,40,AUG25,2008,
7710348,"Mentor, Jacob",TTO,M,,,,1407,0,20,AUG25,2003,i
7700148,"Merritt, Mario",TTO,M,FM,,,2082,0,20,AUG25,1977,i
7711697,"Mitchell, Deandre",TTO,M,,,,1534,0,40,AUG25,2010,
7706553,"Mohammed, Kiran",TTO,M,,,,1733,0,40,AUG25,2005,i
7707940,"Mohammed, Shasmeen",TTO,F,,,,1436,0,40,AUG25,2010,w
7715340,"Mohan, Rikesh",TTO,M,,,,1514,0,40,AUG25,2010,
7709196,"Mohan, Sofia",TTO,F,,,,1477,0,40,AUG25,2008,w
7701780,"Morales, Roger",TTO,M,,,,1556,0,40,AUG25,0,i
7700245,"Munro, Allan",TTO,M,FM,,,2064,0,20,AUG25,1986,i
7703260,"Munroe-Brown, Brad",TTO,M,,,,1634,0,20,AUG25,2006,i
7706871,"Muradali, Kyan",TTO,M,,,,1599,0,40,AUG25,2011,i
7707029,"Murray, Zachary",TTO,M,,,,AFM,1551,4,AUG25,2009,
7713410,"Myneni, Sree Anwita Sai",TTO,F,,,,1535,0,40,AUG25,2013,w
7714025,"Nelson, Zachary",TTO,M,,,,1487,5,40,AUG25,2015,
7709200,"Neptune, Jeremiah",TTO,M,,,,1688,0,40,AUG25,2005,
7708483,"Noel, Christopher",TTO,M,,,,1518,0,40,AUG25,2008,
7709218,"Norbert, Leonov",TTO,M,,,,1534,0,40,AUG25,2005,i
7707606,"Nurse, Xavier",TTO,M,,,,1489,4,40,AUG25,2009,
7710356,"OBrian, Aeddan",TTO,M,,,,1422,0,40,AUG25,2008,i
7702914,"Oliverie, Kristian",TTO,M,,,,1487,0,20,AUG25,1995,i
7701950,"Pacheco, Dimitri",TTO,M,,,,1761,0,20,AUG25,1997,i
7702841,"Patihk, Marc",TTO,M,,,,1774,0,20,AUG25,1972,i
7712090,"Paul, Jesu",TTO,M,,,,1576,0,40,AUG25,2012,
7705662,"Paul, Trevor",TTO,M,,,,1513,0,20,AUG25,1967,i
7714050,"Phillip, Kayleb",TTO,M,,,,1459,0,40,AUG25,2012,
7704690,"Phillips, Marliyah",TTO,F,,,,1554,0,40,AUG25,2005,wi
7714696,"Pollard, Satyam",TTO,M,,,,1683,0,40,AUG25,1991,i
7708742,"Porther, Emmanuel",TTO,M,,,,1583,0,20,AUG25,2004,i
7700172,"Pouchet, Michael",TTO,M,FM,,,2007,0,20,AUG25,0,i
7707754,"Prabhakar, Chandresh",TTO,M,,,,1538,0,40,AUG25,2007,
7707967,"Prabhakar, Rakesh",TTO,M,,,,1679,0,40,AUG25,1963,i
7710453,"Pramanik, Ayush",TTO,M,,,,1524,0,40,AUG25,2010,i
7700725,"Primus, Prince",TTO,M,,,,1641,0,20,AUG25,1955,i
7705212,"Ragoobar, Keagan",TTO,M,,,,1650,0,40,AUG25,2005,i
7702442,"Rahaman, Najarah",TTO,F,,,,1669,0,20,AUG25,1997,wi
143105003,"Rajkumar, Daniel",TTO,M,,,,AIM,1696,0,AUG25,2010,i
7700091,"Ramadhar, Kishore",TTO,M,CM,,,1848,0,20,AUG25,1960,i
7703929,"Rambally, Eon",TTO,M,,,,1648,0,20,AUG25,1970,i
7705875,"Ramdass, Jonathan",TTO,M,,,,1551,0,40,AUG25,2006,
7710461,"Ramdath, Ezra",TTO,M,,,,1414,0,40,AUG25,2013,i
7702515,"Ramdath, Simon",TTO,M,,,,1877,7,20,AUG25,1997,
7713070,"Ramdatt, Nilesh",TTO,M,,,,1496,0,40,AUG25,2012,
7715447,"Ramdeen, Ronak",TTO,M,,,,1515,0,40,AUG25,2010,
7709870,"Ramdial, Gabriel",TTO,M,,,,1523,0,40,AUG25,2009,
7712359,"Ramkissoon, Adam",TTO,M,,,,1462,0,40,AUG25,2010,
7715676,"Ramlal, Odell",TTO,M,,,,1714,0,40,AUG25,2004,
7706006,"Ramnarine Singh, Aradhana",TTO,F,,,,1495,0,40,AUG25,2008,w
7703171,"Ramnarine, Jordaine",TTO,M,,,,1586,0,20,AUG25,2002,i
3901513,"Ramos Caldera, Cesar",TTO,M,CM,,,1860,0,20,AUG25,1945,
7704224,"Ramoutar, Alan-Safar",TTO,M,IM,,,2325,0,20,AUG25,2003,i
7704100,"Rampersad, Rayden",TTO,M,CM,,,1571,0,40,AUG25,2007,
7708360,"Rampersad, Ved",TTO,M,,,,1471,0,40,AUG25,2013,
7708378,"Rampersad, Veer",TTO,M,,,,1481,0,40,AUG25,2012,
7709935,"Ramrattan, Jacob",TTO,M,,,,1461,0,40,AUG25,2012,
7714718,"Ramsaroop, Sandhya",TTO,F,,,,1504,4,40,AUG25,2012,w
7704801,"Ramsumair, Daenon",TTO,M,,,,1791,0,20,AUG25,2001,i
7704917,"Ramtahal, Justin",TTO,M,,,,1408,0,20,AUG25,2003,i
7702329,"Razark, Sadiqah",TTO,F,WFM,WFM,"LSI,FA",1474,0,20,AUG25,1998,wi
7702345,"Razark, Zaakir",TTO,M,,NA,,1513,0,20,AUG25,2002,i
7704640,"Richards, Kaleb",TTO,M,,,,1611,0,20,AUG25,2002,i
7708602,"Richardson, Jerome",TTO,M,,,,1676,0,20,AUG25,1994,i
7711930,"Rodriguez, Micah",TTO,M,,,,1529,0,40,AUG25,2005,i
7706979,"Rodriguez, Ricardo",TTO,M,,,,1467,0,40,AUG25,2006,i
7703767,"Romany, Ronaldo",TTO,M,,,,1497,0,40,AUG25,2004,i
7704054,"Roopnarine, Reece",TTO,M,,,,1648,0,20,AUG25,2003,i
7714726,"Rosa, Benjamin",TTO,M,,,,1491,0,40,AUG25,2007,i
7708432,"Sagramsingh, Ricardo",TTO,M,,,,1412,0,40,AUG25,2010,
7702744,"Sama, Savon",TTO,M,,,,1726,0,40,AUG25,0,i
7715684,"Samaroo, Mikkell",TTO,M,,,,1599,0,40,AUG25,1992,
7714742,"Samaroo, Rajiv",TTO,M,,,,1654,0,40,AUG25,1984,i
7708149,"Sammy, Christopher",TTO,M,,,,1403,0,40,AUG25,2009,i
7705905,"Sampath, Aditya",TTO,M,,,,1577,0,40,AUG25,2006,
7706618,"Sampath, Avidesh",TTO,M,,,,1618,0,40,AUG25,2005,i
7706880,"Samuel Bisnath, Kael",TTO,M,CM,,,1917,6,40,AUG25,2009,
7706669,"Samuel Bisnath, Keira",TTO,F,,,,1463,0,20,AUG25,2004,w
7713223,"Samuel, Dwayne",TTO,M,,,,1566,10,40,AUG25,1986,
7705387,"Sandy, Jared",TTO,M,,,,1662,0,20,AUG25,1999,i
7710224,"Sayyid, Akeera",TTO,F,,,,1548,0,40,AUG25,2003,wi
7705425,"Scoon, Kalel",TTO,M,,,,1406,0,40,AUG25,2006,i
7701276,"Seaforth, Sylvan",TTO,M,,,,1824,0,20,AUG25,1956,i
7701586,"Sealy, Gerard",TTO,M,,,,1710,0,20,AUG25,2000,i
7700121,"Sears, Frank",TTO,M,CM,NA,,1908,0,20,AUG25,1944,i
7712162,"Seebreth, Hasani",TTO,M,,,,1618,5,40,AUG25,2003,
7710283,"Seegoolam, Aiden",TTO,M,,,,1416,0,40,AUG25,2009,
7707959,"Shah, Rydell",TTO,M,,,,1622,0,40,AUG25,1979,i
7709340,"Siewdass, Tristan",TTO,M,,,,1715,0,40,AUG25,2009,
7710364,"Singh, Arjun",TTO,M,,,,1473,0,40,AUG25,2007,
7700733,"Singh, Carlyle",TTO,M,,,,1732,6,20,AUG25,1948,
7705760,"Singh, Kavira",TTO,F,,,,1450,0,40,AUG25,2008,wi
7700938,"Singh, Mahendra",TTO,M,,,,1864,0,20,AUG25,1998,i
7700199,"Singh, Ravishen",TTO,M,CM,,,2151,6,20,AUG25,1977,
7700946,"Singh, Vishnu",TTO,M,IM,,,2061,0,20,AUG25,1995,i
7714769,"Singh, Zayden",TTO,M,,,,1575,6,40,AUG25,2012,
7700466,"Smith, Javanna",TTO,F,WFM,WFM,,1879,0,20,AUG25,1997,wi
7700741,"Solomon, Ian",TTO,M,,,,1716,0,20,AUG25,1957,i
7715595,"Sookdeo, Devesh",TTO,M,,,,1511,0,40,AUG25,2010,
7706855,"Sookdeo, Saanjive",TTO,M,,,,1564,0,40,AUG25,2005,i
7705093,"Sookdeo, Tristan",TTO,M,,,,1641,0,40,AUG25,2006,i
7703937,"Sookoor, Sameer",TTO,M,,,,1486,0,40,AUG25,2006,i
7705352,"Sookraj, Druva",TTO,M,,,,1634,0,20,AUG25,1981,
7713363,"Sookraj, Sameer",TTO,M,,,,1676,0,40,AUG25,2012,
7711360,"Soom, Kaveer",TTO,M,,,,1533,4,40,AUG25,2012,
7700598,"Soondarsingh, Aditi",TTO,F,WCM,WCM,,1791,0,20,AUG25,1988,wi
7700903,"Soondarsingh, Bhisham",TTO,M,,,,1707,0,40,AUG25,1949,i
7700954,"Soondarsingh, Dev",TTO,M,CM,,,2020,0,20,AUG25,1987,i
7702876,"Soverall, Peter",TTO,M,,,,1774,0,20,AUG25,1955,i
7703520,"Squires, Collette",TTO,F,,,,1557,0,20,AUG25,2001,wi
7713231,"Stevenson, Ricardo",TTO,M,,,,1610,5,40,AUG25,1965,
7707347,"Subhanee, Brendon",TTO,M,,,,1488,0,40,AUG25,2006,
7704135,"Thomas, Rickson",TTO,M,,,,1847,0,20,AUG25,1989,i
7709374,"Vadlamudi, Sarthak",TTO,M,,,,1432,0,40,AUG25,2009,i
7712421,"Vassell, Isaiah",TTO,M,,,,1690,0,40,AUG25,2010,
7710690,"Vieira, Chad",TTO,M,,,,1442,0,40,AUG25,1973,i
7710160,"Vieira, Tzion",TTO,M,,,,1421,0,40,AUG25,2014,
7714793,"Weekes, Kwame",TTO,M,,,,1709,0,40,AUG25,1990,i
7709390,"Williams, Saqiv",TTO,M,,,,1590,4,20,AUG25,2005,
7700318,"Wiltshire, Esan",TTO,M,CM,,,2003,0,20,AUG25,1990,i
7701098,"Wiltshire, Louis",TTO,M,,,,1735,0,20,AUG25,1936,i
7700750,"Winter Atwell, Adrian",TTO,M,FM,NA,,2094,0,20,AUG25,1985,
7702426,"Yearwood, Sean",TTO,M,CM,NA,,1807,0,20,AUG25,2003,i
7702523,"Yearwood, Shannon",TTO,F,CM,WFM,,1783,0,20,AUG25,2000,wi
7713509,"Zhan, Jeremy",TTO,M,,,,1454,5,40,AUG25,2014,
7711875,"Zhan, Julian",TTO,M,,,,1535,1,40,AUG25,2010,