[
  {
    "ID Number": "19701195"
  },
  {
    "ID Number": "19701896"
  },
  {
    "ID Number": "19700512"
  },
  {
    "ID Number": "19700504"
  },
  {
    "ID Number": "19700571"
  },
  {
    "ID Number": "11104031"
  },
  {
    "ID Number": "19701233"
  },
  {
    "ID Number": "19702523"
  },
  {
    "ID Number": "19700466"
  },
  {
    "ID Number": "19700547"
  },
  {
    "ID Number": "19701721"
  },
  {
    "ID Number": "19700636"
  },
  {
    "ID Number": "19702124"
  },
  {
    "ID Number": "19700210"
  },
  {
    "ID Number": "19700130"
  },
  {
    "ID Number": "19700768"
  },
  {
    "ID Number": "19701683"
  },
  {
    "ID Number": "19701632"
  },
  {
    "ID Number": "19700849"
  },
  {
    "ID Number": "19701918"
  },
  {
    "ID Number": "19700261"
  },
  {
    "ID Number": "19703201"
  },
  {
    "ID Number": "19701578"
  },
  {
    "ID Number": "19700148"
  },
  {
    "ID Number": "3537951"
  },
  {
    "ID Number": "2058383"
  },
  {
    "ID Number": "19700490"
  },
  {
    "ID Number": "19700911"
  },
  {
    "ID Number": "19700598"
  },
  {
    "ID Number": "19700075"
  },
  {
    "ID Number": "19700229"
  },
  {
    "ID Number": "19700792"
  },
  {
    "ID Number": "19702647"
  },
  {
    "ID Number": "19700695"
  },
  {
    "ID Number": "19701187"
  },
  {
    "ID Number": "19700040"
  },
  {
    "ID Number": "19700024"
  },
  {
    "ID Number": "19701527"
  },
  {
    "ID Number": "19701500"
  },
  {
    "ID Number": "19700660"
  },
  {
    "ID Number": "19700806"
  },
  {
    "ID Number": "19700679"
  },
  {
    "ID Number": "19701039"
  },
  {
    "ID Number": "19700350"
  },
  {
    "ID Number": "19702930"
  },
  {
    "ID Number": "19700822"
  },
  {
    "ID Number": "11100702"
  },
  {
    "ID Number": "19701497"
  },
  {
    "ID Number": "19700067"
  },
  {
    "ID Number": "19701292"
  },
  {
    "ID Number": "19702167"
  },
  {
    "ID Number": "19700083"
  },
  {
    "ID Number": "19701136"
  },
  {
    "ID Number": "19700318"
  },
  {
    "ID Number": "19701314"
  },
  {
    "ID Number": "19702957"
  },
  {
    "ID Number": "19700237"
  },
  {
    "ID Number": "19700156"
  },
  {
    "ID Number": "19700431"
  },
  {
    "ID Number": "19700180"
  },
  {
    "ID Number": "19702566"
  },
  {
    "ID Number": "19701667"
  },
  {
    "ID Number": "19700890"
  },
  {
    "ID Number": "19700652"
  },
  {
    "ID Number": "19700873"
  },
  {
    "ID Number": "19702027"
  },
  {
    "ID Number": "19702469"
  },
  {
    "ID Number": "19702043"
  },
  {
    "ID Number": "19701276"
  },
  {
    "ID Number": "19701829"
  },
  {
    "ID Number": "19700687"
  },
  {
    "ID Number": "19700474"
  },
  {
    "ID Number": "19703627"
  },
  {
    "ID Number": "19701888"
  },
  {
    "ID Number": "19700059"
  },
  {
    "ID Number": "19703252"
  },
  {
    "ID Number": "19700202"
  },
  {
    "ID Number": "19702396"
  },
  {
    "ID Number": "19700709"
  },
  {
    "ID Number": "7708297"
  },
  {
    "ID Number": "19700032"
  },
  {
    "ID Number": "19703503"
  },
  {
    "ID Number": "19700814"
  },
  {
    "ID Number": "19701420"
  },
  {
    "ID Number": "19700288"
  },
  {
    "ID Number": "19701217"
  },
  {
    "ID Number": "19701330"
  },
  {
    "ID Number": "19701322"
  }
]