[
  {
    "ID Number": "10815244"
  },
  {
    "ID Number": "10816496"
  },
  {
    "ID Number": "10807950"
  },
  {
    "ID Number": "10819495"
  },
  {
    "ID Number": "10849114"
  },
  {
    "ID Number": "10820752"
  },
  {
    "ID Number": "10808515"
  },
  {
    "ID Number": "10816020"
  },
  {
    "ID Number": "10801634"
  },
  {
    "ID Number": "10832459"
  },
  {
    "ID Number": "10837523"
  },
  {
    "ID Number": "10844511"
  },
  {
    "ID Number": "10811869"
  },
  {
    "ID Number": "10802061"
  },
  {
    "ID Number": "10887342"
  },
  {
    "ID Number": "10803122"
  },
  {
    "ID Number": "10816038"
  },
  {
    "ID Number": "10830871"
  },
  {
    "ID Number": "10805842"
  },
  {
    "ID Number": "10801219"
  },
  {
    "ID Number": "10831738"
  },
  {
    "ID Number": "10811451"
  },
  {
    "ID Number": "10803670"
  },
  {
    "ID Number": "10801502"
  },
  {
    "ID Number": "10852956"
  },
  {
    "ID Number": "10834958"
  },
  {
    "ID Number": "10842659"
  },
  {
    "ID Number": "10827986"
  },
  {
    "ID Number": "10821210"
  },
  {
    "ID Number": "10821201"
  },
  {
    "ID Number": "10802371"
  },
  {
    "ID Number": "10894411"
  },
  {
    "ID Number": "10827749"
  },
  {
    "ID Number": "10862439"
  },
  {
    "ID Number": "10831770"
  },
  {
    "ID Number": "10800131"
  },
  {
    "ID Number": "10839682"
  },
  {
    "ID Number": "10849068"
  },
  {
    "ID Number": "10830898"
  },
  {
    "ID Number": "10800816"
  },
  {
    "ID Number": "10861106"
  },
  {
    "ID Number": "10828818"
  },
  {
    "ID Number": "10839330"
  },
  {
    "ID Number": "10841792"
  },
  {
    "ID Number": "10893890"
  },
  {
    "ID Number": "10840966"
  },
  {
    "ID Number": "10843752"
  },
  {
    "ID Number": "10826742"
  },
  {
    "ID Number": "10816062"
  },
  {
    "ID Number": "10814906"
  },
  {
    "ID Number": "10800573"
  },
  {
    "ID Number": "10848525"
  },
  {
    "ID Number": "10829300"
  },
  {
    "ID Number": "10818677"
  },
  {
    "ID Number": "10802711"
  },
  {
    "ID Number": "10832637"
  },
  {
    "ID Number": "10892524"
  },
  {
    "ID Number": "10853103"
  },
  {
    "ID Number": "554004870"
  },
  {
    "ID Number": "10818383"
  },
  {
    "ID Number": "10819487"
  },
  {
    "ID Number": "10809759"
  },
  {
    "ID Number": "10821236"
  },
  {
    "ID Number": "10829563"
  },
  {
    "ID Number": "10811877"
  },
  {
    "ID Number": "10826700"
  },
  {
    "ID Number": "10834605"
  },
  {
    "ID Number": "10825703"
  },
  {
    "ID Number": "10831517"
  },
  {
    "ID Number": "10806830"
  },
  {
    "ID Number": "10827250"
  },
  {
    "ID Number": "10811214"
  },
  {
    "ID Number": "10811206"
  },
  {
    "ID Number": "10827471"
  },
  {
    "ID Number": "10827587"
  },
  {
    "ID Number": "10822968"
  },
  {
    "ID Number": "10829326"
  },
  {
    "ID Number": "10802339"
  },
  {
    "ID Number": "10823875"
  },
  {
    "ID Number": "10823409"
  },
  {
    "ID Number": "10809457"
  },
  {
    "ID Number": "10830987"
  },
  {
    "ID Number": "10809198"
  },
  {
    "ID Number": "10830618"
  },
  {
    "ID Number": "10830650"
  },
  {
    "ID Number": "10825711"
  },
  {
    "ID Number": "10811192"
  },
  {
    "ID Number": "10811184"
  },
  {
    "ID Number": "10898891"
  },
  {
    "ID Number": "10807799"
  },
  {
    "ID Number": "10835059"
  },
  {
    "ID Number": "10800964"
  },
  {
    "ID Number": "10800972"
  },
  {
    "ID Number": "10821244"
  },
  {
    "ID Number": "10862722"
  },
  {
    "ID Number": "10893776"
  },
  {
    "ID Number": "10895965"
  },
  {
    "ID Number": "10811559"
  },
  {
    "ID Number": "10818405"
  },
  {
    "ID Number": "10802940"
  },
  {
    "ID Number": "10897844"
  },
  {
    "ID Number": "10836985"
  },
  {
    "ID Number": "10824650"
  },
  {
    "ID Number": "10803009"
  },
  {
    "ID Number": "10891692"
  },
  {
    "ID Number": "10822755"
  },
  {
    "ID Number": "10847880"
  },
  {
    "ID Number": "10833650"
  },
  {
    "ID Number": "10829334"
  },
  {
    "ID Number": "10821074"
  },
  {
    "ID Number": "10821198"
  },
  {
    "ID Number": "10890564"
  },
  {
    "ID Number": "10812512"
  },
  {
    "ID Number": "10829270"
  },
  {
    "ID Number": "10826254"
  },
  {
    "ID Number": "10817085"
  },
  {
    "ID Number": "10898000"
  },
  {
    "ID Number": "10830928"
  },
  {
    "ID Number": "10894497"
  },
  {
    "ID Number": "10847910"
  },
  {
    "ID Number": "10893962"
  },
  {
    "ID Number": "10821902"
  },
  {
    "ID Number": "10815228"
  },
  {
    "ID Number": "10846255"
  },
  {
    "ID Number": "10821252"
  },
  {
    "ID Number": "10815651"
  },
  {
    "ID Number": "10813640"
  },
  {
    "ID Number": "10800174"
  },
  {
    "ID Number": "10843698"
  },
  {
    "ID Number": "10803416"
  },
  {
    "ID Number": "10804617"
  },
  {
    "ID Number": "10824065"
  },
  {
    "ID Number": "10850210"
  },
  {
    "ID Number": "10835822"
  },
  {
    "ID Number": "10815503"
  },
  {
    "ID Number": "10808523"
  },
  {
    "ID Number": "10828060"
  },
  {
    "ID Number": "10835628"
  },
  {
    "ID Number": "10801944"
  },
  {
    "ID Number": "10807764"
  },
  {
    "ID Number": "10806504"
  },
  {
    "ID Number": "10835610"
  },
  {
    "ID Number": "2004348"
  },
  {
    "ID Number": "10811176"
  },
  {
    "ID Number": "10821554"
  },
  {
    "ID Number": "10832190"
  },
  {
    "ID Number": "554003563"
  },
  {
    "ID Number": "10827323"
  },
  {
    "ID Number": "10834303"
  },
  {
    "ID Number": "10809376"
  },
  {
    "ID Number": "10826874"
  },
  {
    "ID Number": "10810277"
  },
  {
    "ID Number": "10800999"
  },
  {
    "ID Number": "10805389"
  },
  {
    "ID Number": "10805621"
  },
  {
    "ID Number": "10801626"
  },
  {
    "ID Number": "10811605"
  },
  {
    "ID Number": "10803637"
  },
  {
    "ID Number": "10837515"
  },
  {
    "ID Number": "10803998"
  },
  {
    "ID Number": "10830820"
  },
  {
    "ID Number": "10801006"
  },
  {
    "ID Number": "10803491"
  },
  {
    "ID Number": "10811249"
  },
  {
    "ID Number": "10830642"
  },
  {
    "ID Number": "10806601"
  },
  {
    "ID Number": "10829385"
  },
  {
    "ID Number": "10815406"
  },
  {
    "ID Number": "10812199"
  },
  {
    "ID Number": "10824596"
  },
  {
    "ID Number": "10820841"
  },
  {
    "ID Number": "10812865"
  },
  {
    "ID Number": "10813020"
  },
  {
    "ID Number": "10841547"
  },
  {
    "ID Number": "10894284"
  },
  {
    "ID Number": "10834311"
  },
  {
    "ID Number": "10853669"
  },
  {
    "ID Number": "10845666"
  },
  {
    "ID Number": "10813381"
  },
  {
    "ID Number": "10882472"
  },
  {
    "ID Number": "10819649"
  },
  {
    "ID Number": "10820981"
  },
  {
    "ID Number": "10855084"
  },
  {
    "ID Number": "10819630"
  },
  {
    "ID Number": "10806890"
  },
  {
    "ID Number": "10816046"
  },
  {
    "ID Number": "10840214"
  },
  {
    "ID Number": "10837507"
  },
  {
    "ID Number": "10813373"
  },
  {
    "ID Number": "10806270"
  },
  {
    "ID Number": "10830677"
  },
  {
    "ID Number": "10802983"
  },
  {
    "ID Number": "10800794"
  },
  {
    "ID Number": "10827790"
  },
  {
    "ID Number": "10806075"
  },
  {
    "ID Number": "10831045"
  },
  {
    "ID Number": "10849025"
  },
  {
    "ID Number": "10835458"
  },
  {
    "ID Number": "10813985"
  },
  {
    "ID Number": "10813934"
  },
  {
    "ID Number": "10800190"
  },
  {
    "ID Number": "10814418"
  },
  {
    "ID Number": "10808957"
  },
  {
    "ID Number": "10831355"
  },
  {
    "ID Number": "10841466"
  },
  {
    "ID Number": "10820701"
  },
  {
    "ID Number": "10802541"
  },
  {
    "ID Number": "10814582"
  },
  {
    "ID Number": "10814507"
  },
  {
    "ID Number": "10834273"
  },
  {
    "ID Number": "10835377"
  },
  {
    "ID Number": "10826890"
  },
  {
    "ID Number": "10890726"
  },
  {
    "ID Number": "10831800"
  },
  {
    "ID Number": "10818707"
  },
  {
    "ID Number": "10824545"
  },
  {
    "ID Number": "10831525"
  },
  {
    "ID Number": "10821287"
  },
  {
    "ID Number": "10827757"
  },
  {
    "ID Number": "10806865"
  },
  {
    "ID Number": "10831940"
  },
  {
    "ID Number": "10830596"
  },
  {
    "ID Number": "10800891"
  },
  {
    "ID Number": "10831622"
  },
  {
    "ID Number": "10819282"
  },
  {
    "ID Number": "10835318"
  },
  {
    "ID Number": "10810790"
  },
  {
    "ID Number": "10811885"
  },
  {
    "ID Number": "10811354"
  },
  {
    "ID Number": "10823832"
  },
  {
    "ID Number": "10818421"
  },
  {
    "ID Number": "10819916"
  },
  {
    "ID Number": "10844350"
  },
  {
    "ID Number": "10826769"
  },
  {
    "ID Number": "10835466"
  },
  {
    "ID Number": "10847960"
  },
  {
    "ID Number": "10831754"
  },
  {
    "ID Number": "10823921"
  },
  {
    "ID Number": "10804900"
  },
  {
    "ID Number": "10833471"
  },
  {
    "ID Number": "10804544"
  },
  {
    "ID Number": "10801405"
  },
  {
    "ID Number": "10827811"
  },
  {
    "ID Number": "10824383"
  },
  {
    "ID Number": "10839399"
  },
  {
    "ID Number": "10896210"
  },
  {
    "ID Number": "10819800"
  },
  {
    "ID Number": "10835873"
  },
  {
    "ID Number": "10823000"
  },
  {
    "ID Number": "10816810"
  },
  {
    "ID Number": "10811087"
  },
  {
    "ID Number": "10810773"
  },
  {
    "ID Number": "10833005"
  },
  {
    "ID Number": "10831819"
  },
  {
    "ID Number": "10827374"
  },
  {
    "ID Number": "10819380"
  },
  {
    "ID Number": "10809244"
  },
  {
    "ID Number": "10809287"
  },
  {
    "ID Number": "10814833"
  },
  {
    "ID Number": "10808019"
  },
  {
    "ID Number": "10807497"
  },
  {
    "ID Number": "10835393"
  },
  {
    "ID Number": "10817301"
  },
  {
    "ID Number": "10820566"
  },
  {
    "ID Number": "10843868"
  },
  {
    "ID Number": "10803734"
  },
  {
    "ID Number": "10897003"
  },
  {
    "ID Number": "10893997"
  },
  {
    "ID Number": "10844473"
  },
  {
    "ID Number": "10829415"
  },
  {
    "ID Number": "10829423"
  },
  {
    "ID Number": "10817506"
  },
  {
    "ID Number": "10821279"
  },
  {
    "ID Number": "10823557"
  },
  {
    "ID Number": "10835334"
  },
  {
    "ID Number": "10802142"
  },
  {
    "ID Number": "10802240"
  },
  {
    "ID Number": "10833749"
  },
  {
    "ID Number": "10842578"
  },
  {
    "ID Number": "10895981"
  },
  {
    "ID Number": "10844333"
  },
  {
    "ID Number": "10833021"
  },
  {
    "ID Number": "10841610"
  },
  {
    "ID Number": "10844643"
  },
  {
    "ID Number": "10893849"
  },
  {
    "ID Number": "10811400"
  },
  {
    "ID Number": "10820035"
  },
  {
    "ID Number": "10890912"
  },
  {
    "ID Number": "10815082"
  },
  {
    "ID Number": "10827137"
  },
  {
    "ID Number": "10827218"
  },
  {
    "ID Number": "10808663"
  },
  {
    "ID Number": "10817352"
  },
  {
    "ID Number": "10833897"
  },
  {
    "ID Number": "10819770"
  },
  {
    "ID Number": "10820230"
  },
  {
    "ID Number": "10829725"
  },
  {
    "ID Number": "10831533"
  },
  {
    "ID Number": "10802436"
  },
  {
    "ID Number": "10803343"
  },
  {
    "ID Number": "10821260"
  },
  {
    "ID Number": "10819681"
  },
  {
    "ID Number": "10802568"
  },
  {
    "ID Number": "10827315"
  },
  {
    "ID Number": "10844503"
  },
  {
    "ID Number": "10805508"
  },
  {
    "ID Number": "10812849"
  },
  {
    "ID Number": "10897690"
  },
  {
    "ID Number": "10835342"
  },
  {
    "ID Number": "10821023"
  },
  {
    "ID Number": "10832700"
  },
  {
    "ID Number": "10809627"
  },
  {
    "ID Number": "10825770"
  },
  {
    "ID Number": "10803319"
  },
  {
    "ID Number": "10801529"
  },
  {
    "ID Number": "10801766"
  },
  {
    "ID Number": "10802746"
  },
  {
    "ID Number": "10805540"
  },
  {
    "ID Number": "10827129"
  },
  {
    "ID Number": "10818340"
  },
  {
    "ID Number": "10898433"
  },
  {
    "ID Number": "10815589"
  },
  {
    "ID Number": "10821317"
  },
  {
    "ID Number": "10814949"
  },
  {
    "ID Number": "10832327"
  },
  {
    "ID Number": "10800166"
  },
  {
    "ID Number": "10826912"
  },
  {
    "ID Number": "10828974"
  },
  {
    "ID Number": "10882502"
  },
  {
    "ID Number": "10835741"
  },
  {
    "ID Number": "10835423"
  },
  {
    "ID Number": "10802096"
  },
  {
    "ID Number": "10822160"
  },
  {
    "ID Number": "10826920"
  },
  {
    "ID Number": "10842985"
  },
  {
    "ID Number": "10833498"
  },
  {
    "ID Number": "10811125"
  },
  {
    "ID Number": "10809112"
  },
  {
    "ID Number": "10817280"
  },
  {
    "ID Number": "554003555"
  },
  {
    "ID Number": "10811036"
  },
  {
    "ID Number": "10831029"
  },
  {
    "ID Number": "10821295"
  },
  {
    "ID Number": "10834745"
  },
  {
    "ID Number": "10821309"
  },
  {
    "ID Number": "10820175"
  },
  {
    "ID Number": "10833340"
  },
  {
    "ID Number": "10823930"
  },
  {
    "ID Number": "10820906"
  },
  {
    "ID Number": "10821180"
  },
  {
    "ID Number": "10803335"
  },
  {
    "ID Number": "10809163"
  },
  {
    "ID Number": "10894160"
  },
  {
    "ID Number": "10820604"
  },
  {
    "ID Number": "10815708"
  },
  {
    "ID Number": "10802827"
  },
  {
    "ID Number": "10835253"
  },
  {
    "ID Number": "10830570"
  },
  {
    "ID Number": "10826939"
  },
  {
    "ID Number": "10826564"
  },
  {
    "ID Number": "10811028"
  },
  {
    "ID Number": "10835288"
  },
  {
    "ID Number": "10839542"
  },
  {
    "ID Number": "10896260"
  },
  {
    "ID Number": "10842330"
  },
  {
    "ID Number": "10809236"
  },
  {
    "ID Number": "10831843"
  },
  {
    "ID Number": "10808841"
  },
  {
    "ID Number": "10806318"
  },
  {
    "ID Number": "10832939"
  },
  {
    "ID Number": "10804714"
  },
  {
    "ID Number": "10847693"
  },
  {
    "ID Number": "10830944"
  },
  {
    "ID Number": "10806873"
  },
  {
    "ID Number": "10898441"
  },
  {
    "ID Number": "10823743"
  },
  {
    "ID Number": "10812520"
  },
  {
    "ID Number": "10803769"
  },
  {
    "ID Number": "10890840"
  },
  {
    "ID Number": "10897119"
  },
  {
    "ID Number": "10800271"
  },
  {
    "ID Number": "10802606"
  },
  {
    "ID Number": "10843604"
  },
  {
    "ID Number": "10809090"
  },
  {
    "ID Number": "10801170"
  },
  {
    "ID Number": "554004896"
  },
  {
    "ID Number": "10822364"
  },
  {
    "ID Number": "10817557"
  },
  {
    "ID Number": "10803386"
  },
  {
    "ID Number": "10803262"
  },
  {
    "ID Number": "10802401"
  },
  {
    "ID Number": "10810803"
  },
  {
    "ID Number": "10848886"
  },
  {
    "ID Number": "10809546"
  },
  {
    "ID Number": "10836012"
  },
  {
    "ID Number": "10816224"
  },
  {
    "ID Number": "10835040"
  },
  {
    "ID Number": "10836659"
  },
  {
    "ID Number": "10823565"
  },
  {
    "ID Number": "10808159"
  },
  {
    "ID Number": "10833331"
  },
  {
    "ID Number": "10807624"
  },
  {
    "ID Number": "10801570"
  },
  {
    "ID Number": "10843612"
  },
  {
    "ID Number": "10832149"
  },
  {
    "ID Number": "10898425"
  },
  {
    "ID Number": "10828664"
  },
  {
    "ID Number": "10818448"
  },
  {
    "ID Number": "10818456"
  },
  {
    "ID Number": "10800034"
  },
  {
    "ID Number": "10800867"
  },
  {
    "ID Number": "10802576"
  },
  {
    "ID Number": "10833099"
  },
  {
    "ID Number": "10801685"
  },
  {
    "ID Number": "10827480"
  },
  {
    "ID Number": "10839631"
  },
  {
    "ID Number": "10842357"
  },
  {
    "ID Number": "10826955"
  },
  {
    "ID Number": "10842748"
  },
  {
    "ID Number": "10806164"
  },
  {
    "ID Number": "10815023"
  },
  {
    "ID Number": "10833102"
  },
  {
    "ID Number": "10839402"
  },
  {
    "ID Number": "10832076"
  },
  {
    "ID Number": "10896252"
  },
  {
    "ID Number": "10817492"
  },
  {
    "ID Number": "10807519"
  },
  {
    "ID Number": "10810676"
  },
  {
    "ID Number": "10806300"
  },
  {
    "ID Number": "10843264"
  },
  {
    "ID Number": "10898450"
  },
  {
    "ID Number": "10821376"
  },
  {
    "ID Number": "10814051"
  },
  {
    "ID Number": "10827420"
  },
  {
    "ID Number": "10827650"
  },
  {
    "ID Number": "10806210"
  },
  {
    "ID Number": "10824197"
  },
  {
    "ID Number": "10839410"
  },
  {
    "ID Number": "10828508"
  },
  {
    "ID Number": "10828982"
  },
  {
    "ID Number": "10897437"
  },
  {
    "ID Number": "10827030"
  },
  {
    "ID Number": "10849084"
  },
  {
    "ID Number": "10830561"
  },
  {
    "ID Number": "10806725"
  },
  {
    "ID Number": "10838457"
  },
  {
    "ID Number": "10804722"
  },
  {
    "ID Number": "10814922"
  },
  {
    "ID Number": "10822305"
  },
  {
    "ID Number": "10816593"
  },
  {
    "ID Number": "10830758"
  },
  {
    "ID Number": "10832785"
  },
  {
    "ID Number": "10843949"
  },
  {
    "ID Number": "10812091"
  },
  {
    "ID Number": "10844384"
  },
  {
    "ID Number": "10830979"
  },
  {
    "ID Number": "10820612"
  },
  {
    "ID Number": "10805796"
  },
  {
    "ID Number": "10821384"
  },
  {
    "ID Number": "10828125"
  },
  {
    "ID Number": "10837582"
  },
  {
    "ID Number": "10828117"
  },
  {
    "ID Number": "10827722"
  },
  {
    "ID Number": "10803203"
  },
  {
    "ID Number": "10840060"
  },
  {
    "ID Number": "10833145"
  },
  {
    "ID Number": "10827854"
  },
  {
    "ID Number": "10843000"
  },
  {
    "ID Number": "10828168"
  },
  {
    "ID Number": "10807667"
  },
  {
    "ID Number": "10808698"
  },
  {
    "ID Number": "10821392"
  },
  {
    "ID Number": "10833056"
  },
  {
    "ID Number": "10812679"
  },
  {
    "ID Number": "10811257"
  },
  {
    "ID Number": "10833625"
  },
  {
    "ID Number": "10816623"
  },
  {
    "ID Number": "10835792"
  },
  {
    "ID Number": "10820078"
  },
  {
    "ID Number": "10814965"
  },
  {
    "ID Number": "10802274"
  },
  {
    "ID Number": "10827056"
  },
  {
    "ID Number": "10819436"
  },
  {
    "ID Number": "10800263"
  },
  {
    "ID Number": "10839640"
  },
  {
    "ID Number": "10843981"
  },
  {
    "ID Number": "10801731"
  },
  {
    "ID Number": "10801774"
  },
  {
    "ID Number": "10823646"
  },
  {
    "ID Number": "10828729"
  },
  {
    "ID Number": "10802886"
  },
  {
    "ID Number": "10823158"
  },
  {
    "ID Number": "10827676"
  },
  {
    "ID Number": "10804986"
  },
  {
    "ID Number": "10808264"
  },
  {
    "ID Number": "10833226"
  },
  {
    "ID Number": "10835113"
  },
  {
    "ID Number": "10896201"
  },
  {
    "ID Number": "10802088"
  },
  {
    "ID Number": "10819444"
  },
  {
    "ID Number": "10808973"
  },
  {
    "ID Number": "10802797"
  },
  {
    "ID Number": "10813756"
  },
  {
    "ID Number": "10822496"
  },
  {
    "ID Number": "10831312"
  },
  {
    "ID Number": "10845208"
  },
  {
    "ID Number": "10832696"
  },
  {
    "ID Number": "10813330"
  },
  {
    "ID Number": "10802975"
  },
  {
    "ID Number": "10804919"
  },
  {
    "ID Number": "10807853"
  },
  {
    "ID Number": "10844430"
  },
  {
    "ID Number": "10823611"
  },
  {
    "ID Number": "10828150"
  },
  {
    "ID Number": "10834427"
  },
  {
    "ID Number": "10842942"
  },
  {
    "ID Number": "10844449"
  },
  {
    "ID Number": "10811320"
  },
  {
    "ID Number": "10803572"
  },
  {
    "ID Number": "10801952"
  },
  {
    "ID Number": "10893180"
  },
  {
    "ID Number": "10816127"
  },
  {
    "ID Number": "10890939"
  },
  {
    "ID Number": "10842896"
  },
  {
    "ID Number": "403903"
  },
  {
    "ID Number": "10808353"
  },
  {
    "ID Number": "10828206"
  },
  {
    "ID Number": "10802720"
  },
  {
    "ID Number": "10866906"
  },
  {
    "ID Number": "10821015"
  },
  {
    "ID Number": "10890920"
  },
  {
    "ID Number": "10835369"
  },
  {
    "ID Number": "10832343"
  },
  {
    "ID Number": "10830995"
  },
  {
    "ID Number": "10833986"
  },
  {
    "ID Number": "10890858"
  },
  {
    "ID Number": "10800492"
  },
  {
    "ID Number": "10839461"
  },
  {
    "ID Number": "10823964"
  },
  {
    "ID Number": "10814981"
  },
  {
    "ID Number": "10831509"
  },
  {
    "ID Number": "10890874"
  },
  {
    "ID Number": "10832815"
  },
  {
    "ID Number": "10835270"
  },
  {
    "ID Number": "10829016"
  },
  {
    "ID Number": "10828028"
  },
  {
    "ID Number": "10826572"
  },
  {
    "ID Number": "10811907"
  },
  {
    "ID Number": "10822488"
  },
  {
    "ID Number": "10832718"
  },
  {
    "ID Number": "10839470"
  },
  {
    "ID Number": "10827773"
  },
  {
    "ID Number": "10830626"
  },
  {
    "ID Number": "10806016"
  },
  {
    "ID Number": "10809430"
  },
  {
    "ID Number": "10841075"
  },
  {
    "ID Number": "10839968"
  },
  {
    "ID Number": "10832831"
  },
  {
    "ID Number": "10897470"
  },
  {
    "ID Number": "10828222"
  },
  {
    "ID Number": "10827889"
  },
  {
    "ID Number": "10833137"
  },
  {
    "ID Number": "10801251"
  },
  {
    "ID Number": "10808655"
  },
  {
    "ID Number": "10826971"
  },
  {
    "ID Number": "10813420"
  },
  {
    "ID Number": "10807438"
  },
  {
    "ID Number": "10804897"
  },
  {
    "ID Number": "10844058"
  },
  {
    "ID Number": "10836586"
  },
  {
    "ID Number": "10814647"
  },
  {
    "ID Number": "10815600"
  },
  {
    "ID Number": "10823697"
  },
  {
    "ID Number": "10893920"
  },
  {
    "ID Number": "10829504"
  },
  {
    "ID Number": "10808809"
  },
  {
    "ID Number": "10803408"
  },
  {
    "ID Number": "10876073"
  },
  {
    "ID Number": "10800123"
  },
  {
    "ID Number": "10839569"
  },
  {
    "ID Number": "10835300"
  },
  {
    "ID Number": "10849246"
  },
  {
    "ID Number": "10844341"
  },
  {
    "ID Number": "10823425"
  },
  {
    "ID Number": "10841741"
  },
  {
    "ID Number": "10801871"
  },
  {
    "ID Number": "10802258"
  },
  {
    "ID Number": "10806342"
  },
  {
    "ID Number": "10810935"
  },
  {
    "ID Number": "10823638"
  },
  {
    "ID Number": "10894020"
  },
  {
    "ID Number": "10837531"
  },
  {
    "ID Number": "10835784"
  },
  {
    "ID Number": "10841024"
  },
  {
    "ID Number": "10833870"
  },
  {
    "ID Number": "10834761"
  },
  {
    "ID Number": "10844074"
  },
  {
    "ID Number": "10823549"
  },
  {
    "ID Number": "10805214"
  },
  {
    "ID Number": "10849254"
  },
  {
    "ID Number": "10833528"
  },
  {
    "ID Number": "10849262"
  },
  {
    "ID Number": "10830952"
  },
  {
    "ID Number": "10805745"
  },
  {
    "ID Number": "10839658"
  },
  {
    "ID Number": "10815848"
  },
  {
    "ID Number": "10832378"
  },
  {
    "ID Number": "10810722"
  },
  {
    "ID Number": "10841687"
  },
  {
    "ID Number": "10843094"
  },
  {
    "ID Number": "10843736"
  },
  {
    "ID Number": "10829180"
  },
  {
    "ID Number": "10802320"
  },
  {
    "ID Number": "10831665"
  },
  {
    "ID Number": "10845283"
  },
  {
    "ID Number": "10827005"
  },
  {
    "ID Number": "10893822"
  },
  {
    "ID Number": "10802134"
  },
  {
    "ID Number": "10802851"
  },
  {
    "ID Number": "10802614"
  },
  {
    "ID Number": "10817484"
  },
  {
    "ID Number": "10890823"
  },
  {
    "ID Number": "10830332"
  },
  {
    "ID Number": "10800743"
  },
  {
    "ID Number": "10831231"
  },
  {
    "ID Number": "10844724"
  },
  {
    "ID Number": "10833064"
  },
  {
    "ID Number": "10821040"
  },
  {
    "ID Number": "10801146"
  },
  {
    "ID Number": "10803661"
  },
  {
    "ID Number": "10808361"
  },
  {
    "ID Number": "10817328"
  },
  {
    "ID Number": "10824421"
  },
  {
    "ID Number": "10898964"
  },
  {
    "ID Number": "10802207"
  },
  {
    "ID Number": "10814990"
  },
  {
    "ID Number": "10819940"
  },
  {
    "ID Number": "10814850"
  },
  {
    "ID Number": "10805087"
  },
  {
    "ID Number": "10805095"
  },
  {
    "ID Number": "10802185"
  },
  {
    "ID Number": "10835261"
  },
  {
    "ID Number": "10832599"
  },
  {
    "ID Number": "10838660"
  },
  {
    "ID Number": "10833501"
  },
  {
    "ID Number": "10836152"
  },
  {
    "ID Number": "10878939"
  },
  {
    "ID Number": "10811478"
  },
  {
    "ID Number": "10839224"
  },
  {
    "ID Number": "10804064"
  },
  {
    "ID Number": "10811834"
  },
  {
    "ID Number": "10801057"
  },
  {
    "ID Number": "10832483"
  },
  {
    "ID Number": "10800387"
  },
  {
    "ID Number": "10808094"
  },
  {
    "ID Number": "10810870"
  },
  {
    "ID Number": "10833609"
  },
  {
    "ID Number": "10820930"
  },
  {
    "ID Number": "10828583"
  },
  {
    "ID Number": "10808868"
  },
  {
    "ID Number": "10898557"
  },
  {
    "ID Number": "10833277"
  },
  {
    "ID Number": "10833307"
  },
  {
    "ID Number": "10803700"
  },
  {
    "ID Number": "10838252"
  },
  {
    "ID Number": "10895990"
  },
  {
    "ID Number": "10800824"
  },
  {
    "ID Number": "10820990"
  },
  {
    "ID Number": "10842810"
  },
  {
    "ID Number": "10828710"
  },
  {
    "ID Number": "10824014"
  },
  {
    "ID Number": "10832513"
  },
  {
    "ID Number": "10815627"
  },
  {
    "ID Number": "10824022"
  },
  {
    "ID Number": "10898417"
  },
  {
    "ID Number": "10800360"
  },
  {
    "ID Number": "10806024"
  },
  {
    "ID Number": "10833463"
  },
  {
    "ID Number": "10832050"
  },
  {
    "ID Number": "10820973"
  },
  {
    "ID Number": "10832750"
  },
  {
    "ID Number": "10811419"
  },
  {
    "ID Number": "10801545"
  },
  {
    "ID Number": "10803556"
  },
  {
    "ID Number": "10801383"
  },
  {
    "ID Number": "10844600"
  },
  {
    "ID Number": "10801421"
  },
  {
    "ID Number": "10893270"
  },
  {
    "ID Number": "10833765"
  },
  {
    "ID Number": "10827706"
  },
  {
    "ID Number": "10808647"
  },
  {
    "ID Number": "10839500"
  },
  {
    "ID Number": "10801790"
  },
  {
    "ID Number": "10810889"
  },
  {
    "ID Number": "10813748"
  },
  {
    "ID Number": "10839259"
  },
  {
    "ID Number": "10806717"
  },
  {
    "ID Number": "10844694"
  },
  {
    "ID Number": "10891099"
  },
  {
    "ID Number": "46641718"
  },
  {
    "ID Number": "10809040"
  },
  {
    "ID Number": "10890670"
  },
  {
    "ID Number": "554004900"
  },
  {
    "ID Number": "10801642"
  },
  {
    "ID Number": "10810536"
  },
  {
    "ID Number": "10833536"
  },
  {
    "ID Number": "10839518"
  },
  {
    "ID Number": "10823166"
  },
  {
    "ID Number": "10829512"
  },
  {
    "ID Number": "10831452"
  },
  {
    "ID Number": "10828079"
  },
  {
    "ID Number": "10827013"
  },
  {
    "ID Number": "10837558"
  },
  {
    "ID Number": "10801693"
  },
  {
    "ID Number": "10826556"
  },
  {
    "ID Number": "10821422"
  },
  {
    "ID Number": "10824251"
  },
  {
    "ID Number": "10827196"
  },
  {
    "ID Number": "10815090"
  },
  {
    "ID Number": "10808906"
  },
  {
    "ID Number": "10844414"
  },
  {
    "ID Number": "10822950"
  },
  {
    "ID Number": "10838228"
  },
  {
    "ID Number": "10815899"
  },
  {
    "ID Number": "10803505"
  },
  {
    "ID Number": "10831916"
  },
  {
    "ID Number": "10831673"
  },
  {
    "ID Number": "10801510"
  },
  {
    "ID Number": "10837434"
  },
  {
    "ID Number": "10835083"
  },
  {
    "ID Number": "10808590"
  },
  {
    "ID Number": "10801561"
  },
  {
    "ID Number": "10820868"
  },
  {
    "ID Number": "10827382"
  },
  {
    "ID Number": "10839534"
  },
  {
    "ID Number": "10838554"
  },
  {
    "ID Number": "10829164"
  },
  {
    "ID Number": "10882359"
  },
  {
    "ID Number": "10841636"
  },
  {
    "ID Number": "554000351"
  },
  {
    "ID Number": "10800050"
  },
  {
    "ID Number": "10835547"
  },
  {
    "ID Number": "10823603"
  },
  {
    "ID Number": "10833358"
  },
  {
    "ID Number": "10884890"
  },
  {
    "ID Number": "10821856"
  },
  {
    "ID Number": "10839720"
  },
  {
    "ID Number": "10801391"
  },
  {
    "ID Number": "10805648"
  },
  {
    "ID Number": "10827099"
  },
  {
    "ID Number": "10842888"
  }
]