[
  {
    "ID Number": "6705863"
  },
  {
    "ID Number": "6700250"
  },
  {
    "ID Number": "6707106"
  },
  {
    "ID Number": "6701620"
  },
  {
    "ID Number": "6701949"
  },
  {
    "ID Number": "6709656"
  },
  {
    "ID Number": "6700411"
  },
  {
    "ID Number": "6703160"
  },
  {
    "ID Number": "6705030"
  },
  {
    "ID Number": "6707017"
  },
  {
    "ID Number": "6708838"
  },
  {
    "ID Number": "6700845"
  },
  {
    "ID Number": "6700640"
  },
  {
    "ID Number": "6700284"
  },
  {
    "ID Number": "6705669"
  },
  {
    "ID Number": "6700667"
  },
  {
    "ID Number": "6700853"
  },
  {
    "ID Number": "6707734"
  },
  {
    "ID Number": "6705570"
  },
  {
    "ID Number": "6705740"
  },
  {
    "ID Number": "6703186"
  },
  {
    "ID Number": "6703798"
  },
  {
    "ID Number": "6710247"
  },
  {
    "ID Number": "6700292"
  },
  {
    "ID Number": "6700837"
  },
  {
    "ID Number": "6701647"
  },
  {
    "ID Number": "6700187"
  },
  {
    "ID Number": "6708200"
  },
  {
    "ID Number": "344104991"
  },
  {
    "ID Number": "6709796"
  },
  {
    "ID Number": "6707351"
  },
  {
    "ID Number": "6702074"
  },
  {
    "ID Number": "6704107"
  },
  {
    "ID Number": "6702198"
  },
  {
    "ID Number": "6701655"
  },
  {
    "ID Number": "6710794"
  },
  {
    "ID Number": "6700870"
  },
  {
    "ID Number": "6700160"
  },
  {
    "ID Number": "6700098"
  },
  {
    "ID Number": "6709516"
  },
  {
    "ID Number": "6708056"
  },
  {
    "ID Number": "6710760"
  },
  {
    "ID Number": "6700977"
  },
  {
    "ID Number": "6710158"
  },
  {
    "ID Number": "6703259"
  },
  {
    "ID Number": "6703127"
  },
  {
    "ID Number": "6706185"
  },
  {
    "ID Number": "6700683"
  },
  {
    "ID Number": "6707530"
  },
  {
    "ID Number": "6708854"
  },
  {
    "ID Number": "6707009"
  },
  {
    "ID Number": "6709745"
  },
  {
    "ID Number": "6710824"
  },
  {
    "ID Number": "6705227"
  },
  {
    "ID Number": "6705464"
  },
  {
    "ID Number": "6705073"
  },
  {
    "ID Number": "6703275"
  },
  {
    "ID Number": "6702945"
  },
  {
    "ID Number": "6702503"
  },
  {
    "ID Number": "6705588"
  },
  {
    "ID Number": "6709141"
  },
  {
    "ID Number": "6702309"
  },
  {
    "ID Number": "6701817"
  },
  {
    "ID Number": "6711138"
  },
  {
    "ID Number": "6704506"
  },
  {
    "ID Number": "6710808"
  },
  {
    "ID Number": "6701108"
  },
  {
    "ID Number": "6710670"
  },
  {
    "ID Number": "6703062"
  },
  {
    "ID Number": "6708889"
  },
  {
    "ID Number": "6708870"
  },
  {
    "ID Number": "6700136"
  },
  {
    "ID Number": "6703321"
  },
  {
    "ID Number": "6703666"
  },
  {
    "ID Number": "6709354"
  },
  {
    "ID Number": "6706479"
  },
  {
    "ID Number": "6706460"
  },
  {
    "ID Number": "6708951"
  },
  {
    "ID Number": "6700080"
  },
  {
    "ID Number": "6701159"
  },
  {
    "ID Number": "6701175"
  },
  {
    "ID Number": "6701183"
  },
  {
    "ID Number": "6709397"
  },
  {
    "ID Number": "6709281"
  },
  {
    "ID Number": "6706916"
  },
  {
    "ID Number": "6704743"
  },
  {
    "ID Number": "6701191"
  },
  {
    "ID Number": "6708471"
  },
  {
    "ID Number": "6707556"
  },
  {
    "ID Number": "6707173"
  },
  {
    "ID Number": "6709826"
  },
  {
    "ID Number": "6705685"
  },
  {
    "ID Number": "6709095"
  },
  {
    "ID Number": "6704522"
  },
  {
    "ID Number": "6700560"
  },
  {
    "ID Number": "6708498"
  },
  {
    "ID Number": "6700268"
  },
  {
    "ID Number": "6700365"
  },
  {
    "ID Number": "6704760"
  },
  {
    "ID Number": "6701248"
  },
  {
    "ID Number": "6709460"
  },
  {
    "ID Number": "6700578"
  },
  {
    "ID Number": "6703070"
  },
  {
    "ID Number": "6703372"
  },
  {
    "ID Number": "6700691"
  },
  {
    "ID Number": "6700420"
  },
  {
    "ID Number": "6708986"
  },
  {
    "ID Number": "6703895"
  },
  {
    "ID Number": "6710433"
  },
  {
    "ID Number": "6703402"
  },
  {
    "ID Number": "6703410"
  },
  {
    "ID Number": "6701256"
  },
  {
    "ID Number": "6701760"
  },
  {
    "ID Number": "6703429"
  },
  {
    "ID Number": "6701264"
  },
  {
    "ID Number": "6707742"
  },
  {
    "ID Number": "6703909"
  },
  {
    "ID Number": "6708560"
  },
  {
    "ID Number": "6703917"
  },
  {
    "ID Number": "6709508"
  },
  {
    "ID Number": "6706819"
  },
  {
    "ID Number": "6706800"
  },
  {
    "ID Number": "6701710"
  },
  {
    "ID Number": "6705081"
  },
  {
    "ID Number": "6706010"
  },
  {
    "ID Number": "6705405"
  },
  {
    "ID Number": "6700632"
  },
  {
    "ID Number": "6710182"
  },
  {
    "ID Number": "6706312"
  },
  {
    "ID Number": "6707432"
  },
  {
    "ID Number": "6700446"
  },
  {
    "ID Number": "6703810"
  },
  {
    "ID Number": "6701337"
  },
  {
    "ID Number": "6706754"
  },
  {
    "ID Number": "6710778"
  },
  {
    "ID Number": "6703488"
  },
  {
    "ID Number": "6703496"
  },
  {
    "ID Number": "6703500"
  },
  {
    "ID Number": "6710379"
  },
  {
    "ID Number": "6702392"
  },
  {
    "ID Number": "6700764"
  },
  {
    "ID Number": "6709192"
  },
  {
    "ID Number": "6705090"
  },
  {
    "ID Number": "6703135"
  },
  {
    "ID Number": "6707840"
  },
  {
    "ID Number": "6707505"
  },
  {
    "ID Number": "6705197"
  },
  {
    "ID Number": "6707912"
  },
  {
    "ID Number": "6705715"
  },
  {
    "ID Number": "6705260"
  },
  {
    "ID Number": "6705120"
  },
  {
    "ID Number": "6709052"
  },
  {
    "ID Number": "6705324"
  },
  {
    "ID Number": "6703690"
  },
  {
    "ID Number": "6707220"
  },
  {
    "ID Number": "6704859"
  },
  {
    "ID Number": "6701434"
  },
  {
    "ID Number": "6705421"
  },
  {
    "ID Number": "6702023"
  },
  {
    "ID Number": "6709486"
  },
  {
    "ID Number": "6702139"
  },
  {
    "ID Number": "6703534"
  },
  {
    "ID Number": "6706070"
  },
  {
    "ID Number": "6707319"
  },
  {
    "ID Number": "6703992"
  },
  {
    "ID Number": "6706380"
  },
  {
    "ID Number": "6701892"
  },
  {
    "ID Number": "6704360"
  },
  {
    "ID Number": "6702430"
  },
  {
    "ID Number": "6703836"
  },
  {
    "ID Number": "6704565"
  },
  {
    "ID Number": "6703550"
  },
  {
    "ID Number": "6704913"
  },
  {
    "ID Number": "6708102"
  },
  {
    "ID Number": "6705391"
  },
  {
    "ID Number": "6709818"
  },
  {
    "ID Number": "6701493"
  },
  {
    "ID Number": "6700217"
  },
  {
    "ID Number": "6701507"
  },
  {
    "ID Number": "6700349"
  },
  {
    "ID Number": "6702970"
  },
  {
    "ID Number": "6703615"
  },
  {
    "ID Number": "6704395"
  },
  {
    "ID Number": "6703569"
  },
  {
    "ID Number": "6703143"
  },
  {
    "ID Number": "6706428"
  },
  {
    "ID Number": "6702465"
  },
  {
    "ID Number": "6700497"
  },
  {
    "ID Number": "6701531"
  },
  {
    "ID Number": "6701582"
  },
  {
    "ID Number": "6709478"
  },
  {
    "ID Number": "6703780"
  },
  {
    "ID Number": "6707254"
  },
  {
    "ID Number": "6707793"
  },
  {
    "ID Number": "6705723"
  },
  {
    "ID Number": "6700438"
  },
  {
    "ID Number": "6710859"
  },
  {
    "ID Number": "6706606"
  },
  {
    "ID Number": "6709362"
  },
  {
    "ID Number": "6700110"
  },
  {
    "ID Number": "6706592"
  },
  {
    "ID Number": "6706584"
  },
  {
    "ID Number": "6709613"
  },
  {
    "ID Number": "6703089"
  },
  {
    "ID Number": "6710727"
  },
  {
    "ID Number": "6700233"
  },
  {
    "ID Number": "6700195"
  },
  {
    "ID Number": "6700241"
  },
  {
    "ID Number": "6701590"
  }
]