[
  {
    "ID Number": "16700015"
  },
  {
    "ID Number": "16701348"
  },
  {
    "ID Number": "16700031"
  },
  {
    "ID Number": "16702565"
  },
  {
    "ID Number": "16701127"
  },
  {
    "ID Number": "16701836"
  },
  {
    "ID Number": "16702204"
  },
  {
    "ID Number": "16701992"
  },
  {
    "ID Number": "16700651"
  },
  {
    "ID Number": "16703634"
  },
  {
    "ID Number": "16700929"
  },
  {
    "ID Number": "16700988"
  },
  {
    "ID Number": "16702557"
  },
  {
    "ID Number": "16701240"
  },
  {
    "ID Number": "16704177"
  },
  {
    "ID Number": "16701801"
  },
  {
    "ID Number": "16702514"
  },
  {
    "ID Number": "16700058"
  },
  {
    "ID Number": "16700406"
  },
  {
    "ID Number": "16701160"
  },
  {
    "ID Number": "16701534"
  },
  {
    "ID Number": "16700414"
  },
  {
    "ID Number": "16700899"
  },
  {
    "ID Number": "16701267"
  },
  {
    "ID Number": "16701003"
  }
]