ID Number,Name,Fed,Sex,Title,WTit,OTit,Rating,Gms,K,RatingMonth,B-day,Flag
3002330,"Abadal, Marcelo",URU,M,,FI,,1929,0,20,SEP25,1979,i
3006255,"Abadal, Ramon",URU,M,,,,1715,0,40,SEP25,1976,
3014118,"Abi Saab, Ignacio",URU,M,,,,1653,0,40,SEP25,1996,i
3002411,"Acerenza, Antonio",URU,M,,,,1843,0,40,SEP25,1946,i
3013170,"Acevedo, Matias",URU,M,,,,1552,0,40,SEP25,2005,i
3024091,"Acosta Perello, Nicolas",URU,M,,,,1678,0,40,SEP25,1986,i
3020274,"Acosta, Pablo",URU,M,,,,1511,0,40,SEP25,2002,
3000648,"Adib, Santiago",URU,M,,,,2081,0,40,SEP25,1987,i
3003361,"Agrasot, Antonio",URU,M,,,,1647,0,20,SEP25,1953,
3009254,"Aguerre, Geronimo",URU,M,,,,1659,0,40,SEP25,2007,i
3004449,"Aguerre, Valentin",URU,M,,,,1803,0,20,SEP25,2002,i
3006689,"Aguilar, Carla",URU,F,,NA,,1541,0,20,SEP25,1976,wi
3001474,"Aguilar, Sebastian",URU,M,,,,2049,0,20,SEP25,1981,i
3011577,"Aguirre, Milagros",URU,F,,,,1537,0,40,SEP25,2006,w
3015963,"Aguirre, Romin",URU,M,,,,1841,0,40,SEP25,2003,
3015815,"Aires Pineiro, Washington",URU,M,,,,1558,0,20,SEP25,1957,
3001130,"Almada, Marcelo",URU,M,,,,2153,0,20,SEP25,1967,i
3002462,"Almandos, Carlos",URU,M,,,,1884,0,20,SEP25,1984,i
3009602,"Alonzo, Mario",URU,M,,,,1842,0,40,SEP25,1962,i
3002047,"Alsina, Ruben",URU,M,,,,1941,0,20,SEP25,1967,i
3017613,"Altesor, Caterina",URU,F,,,,1739,0,40,SEP25,2008,w
3033759,"Altuna Michelini, Pedro",URU,M,,,,1599,0,40,SEP25,1974,
3003116,"Altuna, Pedro",URU,M,,,,1700,0,20,SEP25,1978,i
3012590,"Alvarez, Mateo",URU,M,,,,1915,0,20,SEP25,1996,
3003515,"Alvarez, Miguel",URU,M,,,,1838,0,20,SEP25,1961,
3003590,"Alvarez, Richard Emiliano",URU,M,,,,1766,0,40,SEP25,1996,
3014002,"Alves, Anaclara",URU,F,,,,1588,1,20,SEP25,2006,w
3013685,"Alzugaray, Ernesto",URU,M,,,,1773,0,40,SEP25,1975,i
3022960,"Amador, Dylan",URU,M,,,,1719,0,40,SEP25,2011,
3022951,"Amador, Isaac",URU,M,,,,1674,0,40,SEP25,2014,
3009947,"Amaral, Francisco",URU,M,,,,1869,0,20,SEP25,2000,
3014312,"Amaral, Jonathan",URU,M,,SI,,1602,0,40,SEP25,1993,
3006387,"Amorena, Joaquin",URU,M,,,,1803,0,40,SEP25,1982,i
3007510,"Anza, Vicenzo",URU,M,,,,AIM,1701,0,SEP25,2001,i
3007529,"Appoloni, Facundo",URU,M,,,,1807,0,20,SEP25,2002,i
3007537,"Appoloni, Juan",URU,M,,,,1780,0,40,SEP25,2001,i
3009378,"Aprahamian, Tomas",URU,M,,,,1762,0,40,SEP25,2008,i
3009173,"Aramburu, Gabriel",URU,M,,,,1879,0,20,SEP25,1976,
3017729,"Araque, Silvana",URU,F,,,,1635,0,40,SEP25,2012,w
3006646,"Araujo Abimorad, Leonardo",URU,M,,,,1796,0,20,SEP25,1961,
3009262,"Araujo, Daniel",URU,M,,,,1687,0,20,SEP25,1986,i
3002403,"Araya Gonzalez, Hamlet",URU,M,,NI,,1667,0,40,SEP25,1982,
3008207,"Arbiza, Victor",URU,M,,,,1781,0,40,SEP25,1972,
3001199,"Arcos Facio, Mateo",URU,M,FM,,,2056,6,20,SEP25,1992,
3002624,"Arean, Martin",URU,M,,,,2003,0,20,SEP25,1987,
3016102,"Areeb, Jazy",URU,M,,,,1859,0,40,SEP25,2000,i
3016668,"Argain, Agustin",URU,M,,,,1437,0,40,SEP25,2012,i
3004597,"Arias Arebalo, Martin",URU,M,,,,1785,0,40,SEP25,1983,i
3000389,"Arias Bouzada, Jorge",URU,M,CM,,,2032,0,20,SEP25,1975,
3002837,"Arias Duran, Jorge",URU,M,,,,1744,0,20,SEP25,1932,i
3006735,"Arias, Cesar",URU,M,,,,1731,0,40,SEP25,1966,i
3015939,"Arismendi, Lucas",URU,M,,,,1638,0,40,SEP25,2000,i
3016242,"Aroztegui, Julian",URU,M,,,,1768,0,40,SEP25,1996,
3029590,"Arrarte, Agustin",URU,M,,,,1732,0,40,SEP25,1997,
3002667,"Arrieta, Gonzalo",URU,M,,,,1914,0,20,SEP25,1993,i
3009815,"Arriola, Adrian",URU,M,,,,1794,0,20,SEP25,2001,
3012301,"Arruti, Carlos",URU,M,,,,1532,0,40,SEP25,1947,i
3010422,"Astesiano, Martin",URU,M,,,,1671,0,40,SEP25,1982,i
3001423,"Augoustis Funti, Alexis",URU,M,CM,,,1965,0,20,SEP25,1993,i
3005011,"Avedisian, Alexander",URU,M,,,,1842,4,20,SEP25,1974,
3017273,"Avila, Jose Emilio",URU,M,,,,1739,0,40,SEP25,1969,
3017974,"Avila, Lorenzo",URU,M,,,,1661,0,40,SEP25,2007,
3008568,"Ballestra Altez, Leonel",URU,M,,,,1832,0,40,SEP25,1990,i
3008398,"Ballestra, Juan",URU,M,,,,1739,0,40,SEP25,1965,
3008967,"Balserini, Marcelo",URU,M,,,,1825,0,40,SEP25,1976,i
3022838,"Baptista, Emiliano",URU,M,,,,1662,0,40,SEP25,2009,
3004694,"Barandiaran, Gabriel",URU,M,,,,1820,0,20,SEP25,1958,
3010511,"Baratta, Daniel",URU,M,,,,1555,0,20,SEP25,1981,i
3024865,"Barbeito, Joaquin",URU,M,,,,1692,0,40,SEP25,1995,i
3000567,"Barboza, Mauro",URU,M,,,,1884,12,20,SEP25,1947,
3009963,"Barcelo Fraixanet, Mario",URU,M,,,,1704,0,20,SEP25,1941,i
3006018,"Barla, Rafael",URU,M,,,,1911,0,20,SEP25,1960,i
3012450,"Barreiro, Gaston",URU,M,,,,1552,0,40,SEP25,2009,
3033678,"Barrera, Renata",URU,F,,,,1610,0,40,SEP25,2011,w
3000907,"Barrere, Claudio",URU,M,,,,2075,0,20,SEP25,1989,i
3009688,"Barreto, Carlos",URU,M,,,,1816,0,20,SEP25,1981,
3018938,"Barros, Brian",URU,M,,,,1721,0,20,SEP25,2005,
3022722,"Barros, Mathias",URU,M,,,,1645,0,40,SEP25,2007,
3010392,"Batista, Joao",URU,M,,,,1819,0,40,SEP25,1951,i
3032809,"Battegazzore, Nicolas",URU,M,,,,1686,0,40,SEP25,1989,
3000060,"Bauza, Alejandro",URU,M,FM,,,2182,14,20,SEP25,1959,
3002675,"Behar, Eli",URU,M,,,,1870,0,40,SEP25,1988,i
3002551,"Belbey, Juan",URU,M,,,,1786,0,40,SEP25,1987,i
3000443,"Belistri, Ubaldo",URU,M,,,,1866,0,20,SEP25,1942,
3002853,"Bell, Enrique",URU,M,,,,1849,0,20,SEP25,1974,i
3002861,"Beloso, Fabrizio",URU,M,,,,1806,0,40,SEP25,1970,i
3015190,"Belsito, Ivan",URU,M,,,,1801,0,20,SEP25,2006,
3007286,"Beltran, Gaston",URU,M,,,,1635,0,40,SEP25,1984,
3003108,"Benitez, Andres",URU,M,,,,2015,0,20,SEP25,1988,
3011348,"Benitez, Bruno",URU,M,,,,1599,0,40,SEP25,2007,
3001970,"Benitez, Julio",URU,M,,,,1685,0,20,SEP25,1955,i
3002616,"Benitez, Matias",URU,M,,,,2020,0,40,SEP25,1989,i
3005151,"Benoit, Rodrigo",URU,M,,,,2157,0,20,SEP25,1991,i
3018580,"Bentancor, Alonso",URU,M,,,,1615,0,40,SEP25,2008,
3010996,"Bentancur, Candela",URU,F,,,,1576,0,40,SEP25,2008,w
3010597,"Bentancurt, Juan",URU,M,,,,1788,0,20,SEP25,1954,
3006549,"Berlingeri, Hugo",URU,M,,,,1956,0,40,SEP25,1962,i
3015203,"Bertolotti, Juan Ignacio",URU,M,,,,1524,0,40,SEP25,2012,i
3001849,"Bertucci, Santiago",URU,M,,,,1835,0,20,SEP25,1990,
3009556,"Bianco, Rocio",URU,F,,,,1546,0,20,SEP25,2006,wi
3008290,"Birriel, Nancy",URU,F,,,,1744,0,40,SEP25,1958,wi
3000214,"Blanchard, Marcel",URU,M,,,,1907,0,20,SEP25,1963,i
3011321,"Blanco, Rudemar Ernesto",URU,M,,,,1719,1,20,SEP25,1971,
3005054,"Blixen, Federico",URU,M,,,,1765,0,40,SEP25,1955,i
3006859,"Bon, Charles",URU,M,,,,1714,0,20,SEP25,1975,
3000672,"Bonilla, Fernando",URU,M,,,,1821,0,20,SEP25,1971,
3011860,"Bonilla, Tomas",URU,M,,,,1693,0,40,SEP25,2005,i
3011410,"Bores, Andres",URU,M,,,,1570,0,40,SEP25,1986,i
3012743,"Bores, Felix",URU,M,,,,1659,0,40,SEP25,1986,
3016471,"Borgiani, Francisco",URU,M,,,,1774,0,20,SEP25,2003,
3016463,"Borgiani, Juan",URU,M,,,,1636,0,40,SEP25,2009,
3016480,"Borgiani, Leonardo",URU,M,,,,1836,0,20,SEP25,1978,i
3018148,"Borrelli, Joaquin",URU,M,,,,1443,0,40,SEP25,2015,
3004058,"Bortagaray, Alfredo",URU,M,,,,1710,0,40,SEP25,1968,i
3011224,"Bossi, Hugo",URU,M,,,,1525,0,20,SEP25,1956,
3000346,"Bourgeois, William",URU,M,,,,1800,0,20,SEP25,1957,
3000397,"Braso, Jorge",URU,M,,,,2036,0,20,SEP25,1960,
3000931,"Bril, Luis",URU,M,,,,1797,0,20,SEP25,1952,i
3005984,"Brito, Juan",URU,M,,,,1878,0,20,SEP25,1946,i
3010538,"Britos Machado, Kevin",URU,M,,,,1789,0,40,SEP25,1999,i
3026833,"Buller, Eduard",URU,M,,,,1722,4,40,SEP25,1962,
3006409,"Buono, Gustavo Daniel",URU,M,,,,1728,0,40,SEP25,1959,i
3005046,"Busca, Joaquin",URU,M,,,,1953,0,20,SEP25,1997,
3009653,"Buscio, Jorge",URU,M,,,,1668,0,20,SEP25,1952,i
3000362,"Bustelo, Tabare",URU,M,CM,,,2071,0,20,SEP25,1963,
3007979,"Bustillo, Julio",URU,M,,,,1552,0,40,SEP25,1946,
3029620,"Caballero Lavalle, Sofia",URU,F,,,,1641,0,40,SEP25,2006,w
3015483,"Caballero, Genaro",URU,M,,,,1593,0,40,SEP25,2013,
3010953,"Caballero, Tabare",URU,M,,,,1710,8,40,SEP25,2011,
3005585,"Cabanelas, Mariano",URU,M,,,,1754,0,40,SEP25,1980,i
3001814,"Cabrera, Aldo",URU,M,,,,1945,0,20,SEP25,1983,i
2236494,"Cabrera, Fabian",URU,M,,,,1821,0,20,SEP25,1974,
3013391,"Caceres, Leon",URU,M,,,,1712,0,40,SEP25,2000,i
3005801,"Caillabet, Carlos",URU,M,,,,1589,0,40,SEP25,1948,
3008983,"Caitano, Martin Joel",URU,M,,,,2076,0,20,SEP25,1996,
3004155,"Caitano, Pablo",URU,M,,,,1902,0,20,SEP25,1995,i
3005810,"Calabria, Luis",URU,M,,,,1701,0,20,SEP25,1973,
3015467,"Calcagno, Kevin",URU,M,,,,1603,0,40,SEP25,2005,i
3001644,"Calvo, Marcos",URU,M,,,,2039,0,20,SEP25,1972,i
3023273,"Caminada, Camilo",URU,M,,,,1724,0,40,SEP25,1991,
3019276,"Cammarota, Andres",URU,M,,,,1659,0,40,SEP25,2011,
3018385,"Campero, Gonzalo",URU,M,,,,1718,0,40,SEP25,2003,i
3001296,"Campiglia, Guido",URU,M,,,,1947,0,20,SEP25,1974,i
3001059,"Campopiano, Julio",URU,M,,,,1825,0,20,SEP25,1976,
3003612,"Campora, Edgardo",URU,M,,IA,,1788,0,20,SEP25,1995,
3011909,"Campos, Fernando",URU,M,,,,1627,0,40,SEP25,1977,i
3009130,"Canabal, Ignacio",URU,M,,,,1920,0,20,SEP25,2002,i
3034020,"Canias, Federico",URU,M,,,,1795,0,40,SEP25,2011,
3003094,"Cano, Carlos",URU,M,,,,1746,4,20,SEP25,1971,
3000109,"Cao, Jorge",URU,M,,,,1931,0,20,SEP25,1946,i
3001580,"Caporale, Matias",URU,M,,,,1842,0,40,SEP25,1996,i
3010783,"Capretti, Luciano",URU,M,,,,1640,0,40,SEP25,2002,i
3006204,"Caram, Roberto",URU,M,,,,1782,0,40,SEP25,1946,i
3016110,"Carballo, Agustin",URU,M,,,,1727,0,40,SEP25,2006,i
3002179,"Carbone, Diego",URU,M,FM,,,2212,0,20,SEP25,1992,
3008371,"Carbone, Gerardo",URU,M,,,,1815,0,40,SEP25,1981,i
3001733,"Carbone, Pablo",URU,M,,,,1909,0,20,SEP25,1982,
3013995,"Cardarelli, Leon",URU,M,,,,1857,0,40,SEP25,2010,
3012905,"Cardelino, Pablo",URU,M,,,,1566,0,40,SEP25,1984,i
3007936,"Cardinal, Diego",URU,M,,,,1753,0,40,SEP25,1996,i
3009874,"Cardona, Fernando",URU,M,,,,1567,0,40,SEP25,1965,i
3006085,"Cardoso, Marcos",URU,M,,,,1726,0,40,SEP25,1973,i
3004457,"Cardozo, Camila",URU,F,,,,1715,0,20,SEP25,2002,w
3017966,"Cardozo, Fabian",URU,M,,,,1706,0,40,SEP25,1984,
3010090,"Cardozo, Lucas",URU,M,,,,1659,0,40,SEP25,2002,i
3012344,"Carlotta Arakelian, Maximo",URU,M,,,,1495,0,40,SEP25,2009,i
3002225,"Carnales, Jonathan",URU,M,,,,1628,0,40,SEP25,1988,
3001890,"Carnebia, Aniel",URU,M,,,,1603,0,20,SEP25,1956,
3005275,"Carnebia, Yanina",URU,F,,,,1620,0,40,SEP25,1995,wi
3012751,"Caruso, Enrique",URU,M,,,,1573,0,40,SEP25,1949,i
3000311,"Carvalho, Guillermo",URU,M,CM,FI,,2052,0,20,SEP25,1967,
3002055,"Casas, Nicolas",URU,M,,FI,,1859,0,20,SEP25,1985,
3019284,"Casasnovas, Thiago",URU,M,,,,1659,0,40,SEP25,1994,
3010805,"Castagnet, Carlos",URU,M,,NA,,1705,0,20,SEP25,1959,
3017176,"Castiglioni, Franco",URU,M,,,,1795,0,40,SEP25,1992,i
3006417,"Castillo, Roberto",URU,M,,,,1766,0,40,SEP25,1968,i
3004511,"Castro, Cesar",URU,M,,,,2034,0,20,SEP25,1964,i
3019314,"Castro, Sofia",URU,F,,,,1626,0,40,SEP25,2005,wi
3010228,"Cayetano, Juan",URU,M,,,,1924,0,20,SEP25,2004,
3008533,"Cedres, Darwin",URU,M,,,,1571,0,40,SEP25,1989,i
3002772,"Centron, Alfonso",URU,M,,,,1749,0,40,SEP25,1966,i
3007308,"Centurion, Jose",URU,M,,,,1770,0,40,SEP25,1953,i
3008681,"Cerban, Domingo",URU,M,,,,1890,0,40,SEP25,1962,i
3001725,"Cerrato, Alex",URU,M,,,,1867,0,20,SEP25,1963,
3010767,"Cetraro, Juan",URU,M,,,,1632,0,40,SEP25,1989,i
3003639,"Chamlian, Aram",URU,M,,,,1805,0,20,SEP25,1995,
3002268,"Chamlian, Daniel",URU,M,,,,1931,0,40,SEP25,1977,i
3004961,"Chargonia, Alfredo",URU,M,,,,1728,0,20,SEP25,1958,i
3013812,"Charle, Silvia",URU,F,,,,1401,0,40,SEP25,1984,wi
3010902,"Chaves, Sebastian",URU,M,,,,1561,0,40,SEP25,1995,i
3007944,"Chinelli, Gabriel",URU,M,,,,1794,0,20,SEP25,1955,i
3003574,"Choca, Andres",URU,M,,,,1845,0,40,SEP25,1968,i
3007090,"Choca, Juan",URU,M,,,,1755,0,40,SEP25,1999,i
3008614,"Chocho, Maikol",URU,M,,,,1753,0,40,SEP25,1988,i
3020185,"Chucarro, Martin",URU,M,,,,1658,0,20,SEP25,2006,
3004821,"Cicero, Carlos",URU,M,,,,1723,4,40,SEP25,1983,
3003310,"Cicognini, Jose",URU,M,,,,1752,0,40,SEP25,1946,i
3005267,"Ciganda, Manuel",URU,M,,,,1590,0,40,SEP25,2001,i
3019292,"Clavijo, Damian",URU,M,,,,1611,0,40,SEP25,1981,
3020851,"Clavijo, Robert",URU,M,,,,1806,0,40,SEP25,2004,i
3001415,"Collazo, Cesar",URU,M,,,,1985,0,20,SEP25,1967,i
3016790,"Collazo, Eugenia",URU,F,,,,1460,0,40,SEP25,2006,wi
3000699,"Colman, Matias",URU,M,,,,2084,0,20,SEP25,1987,
3021076,"Colnago, Neizen",URU,M,,,,1617,0,40,SEP25,2007,
3001822,"Colombo, Camila",URU,F,WIM,WIM,,2084,0,20,SEP25,1990,wi
3017915,"Colosi, Felipe",URU,M,,,,1832,0,40,SEP25,2007,
3029301,"Contardi, Mateo",URU,M,,,,1662,0,40,SEP25,2008,
3001717,"Coppola, Claudio",URU,M,IM,FI,,2233,0,20,SEP25,1992,
3010856,"Coquet, Valentina",URU,F,,,,1575,0,40,SEP25,2001,wi
3001091,"Corbo, Sixto",URU,M,,,,2017,0,40,SEP25,1981,i
3000834,"Cordero, Renzo",URU,M,,,,1857,0,40,SEP25,1979,i
3005836,"Correa, Julio",URU,M,,,,1758,0,40,SEP25,1956,i
3007774,"Correa, Lucio",URU,M,,,,1551,0,40,SEP25,2006,i
3029395,"Correa, Mario",URU,M,,,,1743,7,40,SEP25,1955,
3005666,"Costa, Anaclara",URU,F,,,,1773,0,20,SEP25,1991,wi
3009440,"Costa, Maria",URU,F,,,,1522,0,40,SEP25,2008,wi
3014258,"Costabel, Emma",URU,F,,,,1534,0,40,SEP25,2009,w
3029123,"Cotelo, Sebastian",URU,M,,,,1469,0,40,SEP25,2008,
3000524,"Crosa Coll, Martin",URU,M,IM,,,2309,0,10,SEP25,1980,i
3022595,"Crosa, Gonzalo",URU,M,,,,1584,0,40,SEP25,2005,
3008940,"Cucchi, Leonardo",URU,M,,,,1585,0,20,SEP25,2006,i
3000702,"Cucchi, Nicolas",URU,M,,,,1984,0,20,SEP25,1992,i
3005682,"Cuello Toledo, Guzman",URU,M,,,,1893,0,20,SEP25,1980,i
3006433,"Cuello, Alberto",URU,M,,,,1736,0,20,SEP25,1960,i
3033295,"Cuello, Alessandro",URU,M,,,,1512,0,40,SEP25,2011,
3002080,"Cuitino, Eduardo",URU,M,,,,1851,0,20,SEP25,1974,i
3000621,"Cukerman, Diego",URU,M,,,,2082,0,20,SEP25,1981,i
3006166,"Cuneo, Jose",URU,M,,,,1621,0,40,SEP25,1955,i
3000400,"Curi, Gabriel",URU,M,FM,,,2091,5,20,SEP25,1967,
3011399,"da Luz, Fabio Elias",URU,M,,,,1662,0,40,SEP25,2001,i
3017249,"Daguerre, Diego",URU,M,,,,1842,0,40,SEP25,1988,
3021084,"Damonte, Fernando",URU,M,,,,1752,0,40,SEP25,1975,
3005445,"Davila Pereira, Mauricio",URU,M,,,,1596,0,40,SEP25,2000,i
3000940,"Davila Texeira, Mario",URU,M,,,,1823,9,20,SEP25,1956,
3015270,"de Armas, Yahir",URU,M,,,,1690,0,20,SEP25,2006,
3001563,"De Carvalho, Cesar",URU,M,,,,1800,0,40,SEP25,1992,i
3001440,"De Cuadro, Dionisio",URU,M,,,,1745,5,20,SEP25,1960,
3005186,"De la Torre, Andres",URU,M,,,,1736,11,20,SEP25,1961,
3002527,"De Leon, Daiana",URU,F,WCM,WCM,,1741,0,20,SEP25,1993,w
3018849,"De Leon, Jeronimo",URU,M,,,,1667,0,40,SEP25,2005,i
3000273,"de Leon, Patricia",URU,F,WFM,WFM,,1979,0,20,SEP25,1994,w
3000290,"de Leon, Veronica",URU,F,,,,1742,0,20,SEP25,1997,wi
3011178,"De Lima, Damian",URU,M,,,,1654,0,40,SEP25,1997,i
3006093,"de los Reyes, Mauro",URU,M,,,,1849,0,20,SEP25,1974,
3011739,"De los Santos, Brandon",URU,M,,,,1711,0,40,SEP25,2003,i
3013197,"de los Santos, Hector",URU,M,,,,1742,0,40,SEP25,1988,i
3011488,"de los Santos, Nahuel",URU,M,,,,1549,0,40,SEP25,2005,
3029190,"de Mello, Osmar",URU,M,,,,1520,0,40,SEP25,1953,
3028569,"de Oliveira, Julian",URU,M,,,,1562,0,40,SEP25,2010,
3029751,"De Paula, Ithan",URU,M,,,,1570,0,40,SEP25,2012,
3028240,"De Poi, Ricardo",URU,M,,,,1769,0,40,SEP25,1968,i
3003973,"de San Vicente, Sabrina",URU,F,,AO,,1797,0,20,SEP25,1968,wi
3007316,"Decia, Joaquin",URU,M,,,,1581,0,20,SEP25,2004,i
3029565,"Decuadro, German",URU,M,,,,1662,0,40,SEP25,1974,
3002586,"Decuadro, Sebastian",URU,M,,,,2027,0,20,SEP25,1989,i
3000737,"Delbono, Ruben",URU,M,,,,1647,3,20,SEP25,1945,
3013081,"Deletrain, Luis",URU,M,,,,1692,0,40,SEP25,1975,i
3018644,"Delgado, Nazareno",URU,M,,,,1805,0,40,SEP25,2008,
3007391,"Depratti, Jose",URU,M,,,,1704,0,40,SEP25,1997,i
3009629,"Diano, Gabriel",URU,M,,,,1881,0,20,SEP25,1966,i
3016692,"Diaz Delograsi, Francisco",URU,M,,,,1862,0,20,SEP25,2006,
104019,"Diaz Hollemaert, Nahuel",URU,M,IM,FT,,2332,9,10,SEP25,1976,
3014894,"Diaz Rodas, Gabriel",URU,M,,,,1532,0,40,SEP25,1985,
3009904,"Diaz Rosas, Alvaro",URU,M,,,,1797,0,20,SEP25,1959,
3018040,"Diaz Sandes, Lilyana",URU,F,,,,1436,0,40,SEP25,2006,w
3001393,"Diaz Tebot, Rodrigo",URU,M,,,,1994,0,40,SEP25,1977,i
3011992,"Diaz, Alan",URU,M,,,,1559,0,40,SEP25,2011,
3022420,"Diaz, Joaquin",URU,M,,,,1511,0,40,SEP25,2008,
3026728,"Diaz, Santiago",URU,M,,,,1470,0,40,SEP25,2014,
3014290,"Domenech, Mateo",URU,M,,,,1725,0,40,SEP25,2006,i
3002993,"Domenech, Micaela",URU,F,,,,1752,0,40,SEP25,1992,wi
3004600,"Dominguez Orono, Walter",URU,M,,,,1762,0,20,SEP25,1963,i
3005178,"Dominguez, Facundo",URU,M,,,,2148,0,20,SEP25,1998,
3015041,"Dominguez, Sebastian",URU,M,,,,1570,0,40,SEP25,1982,
3000303,"Donatti, Alvaro",URU,M,,,,2193,0,20,SEP25,1959,i
3002470,"Donatti, Sofia",URU,F,WCM,WCM,,1809,0,20,SEP25,1994,w
3005240,"Dos Santos, Gustavo Jonathan",URU,M,,,,1784,0,20,SEP25,1984,
3029239,"Dos Santos, Mizael",URU,M,,,,1476,0,40,SEP25,2009,
3010759,"Dossetti, Horacio",URU,M,,,,1750,0,20,SEP25,1955,
3007448,"Dotta, Gian Franco",URU,M,CM,,,2044,0,20,SEP25,1999,
3013952,"Dovat, Nicolas",URU,M,,,,1625,5,20,SEP25,1987,
3014339,"Duarte, Horacio",URU,M,,,,1665,0,20,SEP25,1995,
3035514,"Dubinsky, Mauricio",URU,M,,,,1648,0,40,SEP25,1994,
3001270,"Durante, Aurelio",URU,M,,,,1980,0,20,SEP25,1962,
3009670,"Dutra, Carmelo",URU,M,,,,1666,4,40,SEP25,1977,
3024296,"Eisses, Lemuel",URU,M,,,,1656,0,40,SEP25,1996,
3000150,"El Ters, Antouan",URU,M,,,,2142,0,20,SEP25,1963,
3011275,"Elena, Eduardo",URU,M,,,,2001,0,20,SEP25,2002,
3004970,"Elias, Adriano",URU,M,,,,1808,0,20,SEP25,1969,
3017141,"Errazola, Mauricio",URU,M,,,,1915,4,20,SEP25,2004,
3011780,"Escalada, Fernando",URU,M,,,,1798,0,40,SEP25,1991,i
3000320,"Escandon, Federico",URU,M,,,,2153,0,20,SEP25,1974,i
3023680,"Escaris, Lara",URU,F,,,,1419,3,40,SEP25,2013,w
3029379,"Escobal, Jose",URU,M,,,,1577,0,40,SEP25,1984,
3000176,"Escofet, Jaime",URU,M,,,,1982,2,20,SEP25,1951,
3014800,"Espel, Luis",URU,M,,,,1843,0,20,SEP25,1968,i
3007324,"Espindola, Mathias",URU,M,,,,1771,0,20,SEP25,1986,i
3011186,"Esquiera, Alain",URU,M,,,,1697,0,40,SEP25,1999,i
3008932,"Esquivo, Emanuel",URU,M,,,,1661,0,40,SEP25,1996,i
3005690,"Esteve, Federico",URU,M,,,,1974,0,20,SEP25,1985,
3031845,"Esteves, Andres",URU,M,,,,1700,0,40,SEP25,1989,
3009467,"Esteves, Gaston",URU,M,,,,1786,0,40,SEP25,1996,
3002888,"Estevez, Pablo",URU,M,,,,1819,0,40,SEP25,1981,
3005992,"Estevez, Ricardo",URU,M,,,,1912,0,40,SEP25,1941,
3005593,"Estoyanoff, German",URU,M,,,,1756,0,20,SEP25,1983,
3000710,"Etchevers, Ignacio",URU,M,,,,2186,0,20,SEP25,1984,i
3009980,"Fabra Martinez, Eduardo",URU,M,,,,1768,0,40,SEP25,1974,i
3009572,"Fabra, Nahiara",URU,F,,,,1818,9,40,SEP25,2007,w
3019268,"Fabra, Nathaniel",URU,M,,,,1531,0,40,SEP25,2010,i
3022765,"Facal, Joaquin",URU,M,,,,1763,0,40,SEP25,2007,
3020010,"Fagundez, Enzo",URU,M,,,,1737,0,40,SEP25,1998,
3032795,"Fainerman, Ari",URU,M,,,,1584,0,40,SEP25,2000,
3010635,"Falero, Facundo",URU,M,,,,1624,0,40,SEP25,2003,i
3020223,"Fauci, Bruno",URU,M,,,,1768,8,40,SEP25,2009,
3003914,"Fein, Jorge",URU,M,,,,1764,0,20,SEP25,1964,i
3017923,"Feo, Alejandro",URU,M,,,,1595,0,40,SEP25,2005,i
3033279,"Feria, Ismael",URU,M,,,,ACM,1458,0,SEP25,2012,
3002713,"Fernandez Cuneo, Carlos",URU,M,,,,1760,0,20,SEP25,1945,i
3008304,"Fernandez Martinez, Diego",URU,M,,,,1737,0,40,SEP25,1998,i
3002705,"Fernandez Rodriguez, Antonio",URU,M,,,,AFM,1797,0,SEP25,1971,
3013707,"Fernandez Rotela, Wilson",URU,M,,,,1728,0,40,SEP25,1952,i
3008177,"Fernandez Suarez, Marcos",URU,M,,,,1788,0,20,SEP25,1992,i
3018547,"Fernandez Tubino, Alvaro",URU,M,,,,1653,0,40,SEP25,1957,i
3021068,"Fernandez Van Raap, Marcela",URU,F,,,,1607,6,20,SEP25,1964,w
3012999,"Fernandez, Gonzalo",URU,M,,,,1505,0,40,SEP25,2009,i
3008088,"Fernandez, Leopoldo",URU,M,,,,1628,0,40,SEP25,1942,i
3020738,"Fernandez, Sergio Washington",URU,M,,,,1563,0,20,SEP25,2006,
3020649,"Fernando, Johan",URU,M,,,,1514,0,40,SEP25,2009,i
3034763,"Ferrada, Heber",URU,M,,,,1900,0,40,SEP25,1983,
3003060,"Ferrari, Carlos",URU,M,,,,1710,0,20,SEP25,1944,
3009912,"Ferrari, Marcos",URU,M,,,,1779,0,40,SEP25,1984,i
3023559,"Ferraro, Joaquin",URU,M,,,,1517,0,40,SEP25,2013,
3007820,"Ferreira, Damian",URU,M,,,,1668,0,40,SEP25,2002,i
3015955,"Ferreira, Lucas",URU,M,,,,1715,0,40,SEP25,2002,i
3001741,"Ferreira, Luis",URU,M,,,,1819,0,40,SEP25,1967,i
3008380,"Ferreyra, Dardo",URU,M,,,,1915,0,40,SEP25,1968,i
3000958,"Figueredo, Nicolas",URU,M,,,,1855,0,20,SEP25,1987,i
3023788,"Figueroa Acuna, Juan",URU,M,,,,1495,0,40,SEP25,2015,i
3004830,"Figueroa, Alfonso",URU,M,,,,1877,0,20,SEP25,1961,i
3026744,"Firpo, Martin",URU,M,,,,1577,0,40,SEP25,2008,
3014738,"Flores Pedreira, Guillermo",URU,M,,,,1905,0,20,SEP25,1991,
3029018,"Fodere, Rafael",URU,M,,,,1467,8,40,SEP25,2015,
3013928,"Fontora, Richard",URU,M,,,,1558,0,40,SEP25,1966,i
3004635,"Fossatti, Sebastian",URU,M,,,,1935,0,40,SEP25,1980,i
3003477,"Froste, Juan",URU,M,,,,1690,0,40,SEP25,1978,
3012204,"Froz, Daniel",URU,M,,,,1703,0,20,SEP25,1975,
3008134,"Fuchs, Samuel",URU,M,,,,1552,0,40,SEP25,1950,i
3008703,"Fuentes, Agustin",URU,M,,,,1692,0,20,SEP25,1989,i
3002896,"Fuentes, Fabian",URU,M,,,,1862,0,40,SEP25,1978,
3001105,"Fuentes, Jorge",URU,M,,,,1965,0,20,SEP25,1953,i
171620,"Gadea, Fernando",URU,M,,,,1827,0,20,SEP25,1965,
3012980,"Galli, Lisandro",URU,M,,,,1794,0,40,SEP25,2012,
3017788,"Gallina, Fabian",URU,M,,,,1518,0,40,SEP25,1987,i
3010287,"Galvan, Cristian",URU,M,,,,1753,0,40,SEP25,1993,i
3008630,"Gandara, Jorge",URU,M,,,,1681,0,20,SEP25,1948,i
3000435,"Garcia Martinez, Alvaro",URU,M,,,,2017,0,20,SEP25,1966,
3004988,"Garcia Meoni, Fernando",URU,M,,,,1582,0,20,SEP25,1975,
3033651,"Garcia Piriz, Ezequiel",URU,M,,,,1622,0,40,SEP25,1999,
3000869,"Garcia Silveira, Luis",URU,M,,,,2060,0,20,SEP25,1970,i
3000206,"Garcia, Ana",URU,F,,,,1987,0,20,SEP25,0,wi
3002365,"Garcia, Axel",URU,M,,,,1844,0,20,SEP25,1993,i
3010406,"Garcia, Batlle",URU,M,,,,1785,0,40,SEP25,1954,i
3009327,"Garcia, Constancio",URU,M,,,,1675,0,40,SEP25,2006,i
3004848,"Garcia, Daniel",URU,M,,,,1714,0,40,SEP25,1994,
3015408,"Garcia, Hilario",URU,M,,,,1532,0,40,SEP25,2010,
3012409,"Garcia, Matias",URU,M,,,,1887,0,40,SEP25,1985,i
3011453,"Garcia, Walter",URU,M,,,,1750,0,40,SEP25,1994,i
3009270,"Garlati, Alessandro",URU,M,,,,1628,14,20,SEP25,1970,
3016382,"Gasco, Maximiliano",URU,M,,,,1752,0,20,SEP25,1999,
3003337,"Gatti, Santiago",URU,M,,,,1782,0,20,SEP25,1955,
3000460,"Gaye, Gustavo",URU,M,,,,1980,0,20,SEP25,1969,
3000532,"Genta, Alejandro",URU,M,,,,2078,0,20,SEP25,1968,
3011674,"Gereda, Guillermo",URU,M,,,,1501,0,40,SEP25,1976,
3002721,"Ghougassian, Marcelo",URU,M,,,,1652,0,40,SEP25,1970,
3015866,"Gianneo, Javier",URU,M,,,,1612,0,40,SEP25,1993,i
3012514,"Giardello, Santino",URU,M,,,,1704,0,40,SEP25,2010,i
3012530,"Giardello, Sebastian",URU,M,,,,1609,0,40,SEP25,1982,i
3012891,"Gigena, Lazaro",URU,M,,,,1650,0,40,SEP25,2003,i
3018423,"Gimenez, Thiago",URU,M,,,,1632,0,40,SEP25,2007,i
3012077,"Godoy, Felipe",URU,M,,,,1660,0,40,SEP25,2004,i
3027384,"Godoy, Matias",URU,M,,,,1787,0,40,SEP25,2004,
3003396,"Goliger, Renato",URU,M,,,,1681,0,20,SEP25,1997,i
3020401,"Gomensoro, Juan",URU,M,,,,1721,0,40,SEP25,1992,i
3018059,"Gomez Melcon, Dario",URU,M,,,,1668,0,20,SEP25,1970,
3006778,"Gomez Troccoli, Martin",URU,M,,,,2017,0,20,SEP25,1996,i
3006069,"Gomez, Ignacio",URU,M,,,,1852,0,40,SEP25,1988,i
3016145,"Gonzalez Bodega, Juliana",URU,F,,,,1445,0,20,SEP25,2006,w
3019675,"Gonzalez Laulhe, Pablo",URU,M,,,,1621,0,40,SEP25,2007,i
3005615,"Gonzalez Marino, Hugo",URU,M,,,,1970,0,40,SEP25,1957,i
3016064,"Gonzalez Martinez, Fabian",URU,M,,,,1651,0,20,SEP25,1993,
3004422,"Gonzalez Martino, Diego Fabian",URU,M,,,,1878,0,40,SEP25,1990,i
3020134,"Gonzalez Prestes, Marcos",URU,M,,,,1658,0,40,SEP25,2013,
3017222,"Gonzalez Valenzuela, Federico",URU,M,,,,1783,0,20,SEP25,2002,
3010848,"Gonzalez, Edison",URU,M,,,,1709,0,40,SEP25,1991,i
3000966,"Gonzalez, Nahuel",URU,M,,,,2133,0,20,SEP25,1986,i
3024288,"Gorin, Fernando",URU,M,,,,1833,0,20,SEP25,1963,
3009505,"Grana, Alejo",URU,M,,,,1525,0,40,SEP25,2006,i
3000494,"Granara Barreto, Sebastian",URU,M,FM,,,2100,0,20,SEP25,1978,
3006379,"Greiver, Alejandro",URU,M,,,,1859,5,20,SEP25,1999,
3029212,"Grela, Matias",URU,M,,,,1655,6,40,SEP25,1986,
3002063,"Griselka, Diego",URU,M,,,,1775,0,20,SEP25,1971,i
3017010,"Guasch, Leonardo",URU,M,,,,1609,0,40,SEP25,1984,i
3023648,"Guedes, Isabella",URU,F,,,,1521,0,40,SEP25,2012,wi
3007812,"Guedikian, Alan Misac",URU,M,,,,1695,0,20,SEP25,2003,i
3004872,"Guerra, Bruno",URU,M,,,,1812,0,40,SEP25,1992,i
3006328,"Guerra, Miguel",URU,M,,,,1712,3,20,SEP25,1954,
3000478,"Guerrero, Alvaro",URU,M,,,,2096,0,20,SEP25,1971,
3003167,"Guidali, Leonardo",URU,M,,,,1731,0,20,SEP25,1983,i
3026809,"Guillen, Wilson",URU,M,,,,1564,0,40,SEP25,1959,
3002918,"Guisande, Fernando",URU,M,,,,1945,0,20,SEP25,1967,i
3016870,"Gutierrez, Ignacio",URU,M,,,,1611,4,20,SEP25,1982,
3002284,"Gutierrez, Miguel",URU,M,,,,1783,0,40,SEP25,1956,i
3010554,"Gutierrez, Nicolas",URU,M,,,,1689,0,40,SEP25,2005,i
3003507,"Hernandez, Rafael",URU,M,,,,1924,0,20,SEP25,1992,i
3004538,"Hiriart, Guillermo",URU,M,CM,,,1875,0,20,SEP25,1972,
3002691,"Ibanez, Marcelo",URU,M,,,,1963,0,20,SEP25,1987,i
3002071,"Ibanez, Rodrigo",URU,M,CM,,,2089,0,20,SEP25,1993,
3013987,"Ibarburu, Nahuel",URU,M,,,,1869,3,20,SEP25,1998,
3000842,"Idiarte Borda, Jorge",URU,M,,,,2034,0,20,SEP25,1961,i
3001458,"Iduate, Guillermo",URU,M,,,,1830,0,20,SEP25,1983,
3033724,"Ifran, Matias",URU,M,,,,1557,3,40,SEP25,1992,
3010643,"Iglesias, Javier",URU,M,,,,1652,0,40,SEP25,2001,i
3005160,"Iglesias, Juan",URU,M,,,,2027,0,40,SEP25,1974,i
3020657,"Illescas, Diego",URU,M,,,,1420,0,40,SEP25,2008,i
3017630,"Indart, Lucio",URU,M,,,,1605,0,40,SEP25,2011,
3019152,"Inthamoussu, Marcelo",URU,M,,,,1749,0,40,SEP25,1976,
3015319,"Invernizzi, Enzo",URU,M,,,,1612,0,40,SEP25,2009,i
1227882,"Iriondo Zamit, Matias",URU,M,,,,1866,0,40,SEP25,1979,
3000044,"Izquierdo, Daniel",URU,M,FM,,,2043,5,20,SEP25,1960,
3000257,"Izquierdo, Martin",URU,M,,,,1761,0,40,SEP25,1998,i
3001610,"Izquierdo, Sebastian",URU,M,,,,1942,5,20,SEP25,1991,
3014533,"Jachoian, Cesar",URU,M,,,,1568,0,40,SEP25,1963,i
3001709,"Jaureguizar, Esteban",URU,M,,,,2044,0,40,SEP25,1971,i
3009114,"Kaciusis, Daniel",URU,M,,,,1671,0,20,SEP25,1960,
3012247,"Kiel, Horacio",URU,M,,,,AFM,1765,0,SEP25,1985,i
3003035,"Kimelman, Gabriel",URU,M,CM,,,2221,0,20,SEP25,1999,i
3000877,"Kliman, Daniel",URU,M,,,,1996,0,40,SEP25,1970,i
3001830,"Koncke Pizzorno, Gonzalo",URU,M,,,,1720,0,20,SEP25,1970,i
3018954,"Kouyoumdjian, Renzo",URU,M,,,,1786,0,40,SEP25,2007,i
3011062,"Kulik, Martin",URU,M,,,,1492,0,40,SEP25,2010,i
3009530,"Kulik, Nicolas",URU,M,,,,2111,8,40,SEP25,2007,
3004139,"Laenen, Daniel",URU,M,,,,1881,0,40,SEP25,1977,i
3001636,"Laenen, Matias",URU,M,,,,1973,0,20,SEP25,1997,i
3005887,"Lagomarsino, Gonzalo",URU,M,,,,1752,0,40,SEP25,1974,i
3024830,"Laguna, Andres",URU,M,,,,1602,0,40,SEP25,1972,
3006700,"Lamas, Gonzalo",URU,M,,,,1576,0,40,SEP25,1994,i
3028607,"Lamas, Joaquin",URU,M,,,,1570,0,40,SEP25,2010,
3000222,"Lamas, Pedro",URU,M,,,,2170,0,20,SEP25,1941,i
3010651,"Lanaro, Emilio",URU,M,,,,1792,0,20,SEP25,2002,i
3014541,"Lancibidad, Mathias",URU,M,,,,1525,0,40,SEP25,2001,i
3009394,"Lanzilotta, Filippo",URU,M,,,,1985,0,40,SEP25,2009,
3001750,"Lanzilotta, Marcelo",URU,M,,,,1963,0,20,SEP25,1968,
3003000,"Larrea, Daniela",URU,F,WCM,WCM,,1807,5,20,SEP25,1981,w
3000508,"Larrea, Manuel",URU,M,FM,,,2233,5,20,SEP25,1980,
3004546,"Larrea, Osvaldo",URU,M,,,,1662,4,20,SEP25,1950,
3001520,"Larrosa, Carlos",URU,M,,,,1649,0,20,SEP25,1948,
3034496,"Larrosa, Gerardo",URU,M,,,,1716,0,40,SEP25,1984,
3010260,"Lategui, Martin",URU,M,,,,1740,0,40,SEP25,1982,
3015777,"Laurens, Roberto",URU,M,,,,1451,0,40,SEP25,1964,
3036065,"Lavagna, Guillermo",URU,M,,,,1453,0,40,SEP25,1956,
3004228,"Ledesma, Sebastian",URU,M,,,,1943,0,20,SEP25,1979,i
3006042,"Leites, Pablo",URU,M,,,,1840,0,40,SEP25,1988,i
3014126,"Lejtreger, Ernesto",URU,M,,,,1708,0,20,SEP25,1962,
3019160,"Lemos, Juan",URU,M,,,,1657,0,40,SEP25,2009,i
3021793,"Lemos, Santiago",URU,M,,,,1782,0,20,SEP25,1993,
3011070,"Leon Barreto, Rafael",URU,M,,,,1795,0,40,SEP25,1968,
3008126,"Leon Lacuesta, Diego",URU,M,,,,1578,0,20,SEP25,1964,
3006948,"Leon, Daniel",URU,M,,,,1817,0,40,SEP25,1969,i
3002357,"Leon, Maximiliano",URU,M,,,,1810,0,40,SEP25,1985,i
3011364,"Lespiauc, Rafael",URU,M,,,,1405,0,40,SEP25,2004,i
3006450,"Lezama, Manuel",URU,M,,,,2097,0,20,SEP25,1985,i
3029310,"Liendo, Hugo",URU,M,,,,1515,0,40,SEP25,2010,
3008045,"Lima Abadal, Nicolas",URU,M,,,,1772,0,20,SEP25,1999,
3000796,"Lima Gainzarain, Fabio",URU,M,,,,1950,0,40,SEP25,1989,i
3000818,"Lima Gainzarain, Gabriela",URU,F,,,,1714,0,40,SEP25,1996,wi
3003558,"Llabres, Miguel",URU,M,,,,1594,0,20,SEP25,1966,
3014274,"Llanes, Nicolas",URU,M,,,,1576,0,20,SEP25,2005,
3020681,"Loarche, Santiago",URU,M,,,,1481,0,40,SEP25,2008,i
3003809,"Lopez Azambuja, Nicolas",URU,M,FM,,,2269,0,20,SEP25,1986,i
3000850,"Lopez Falcon, Jorge",URU,M,,,,2027,0,20,SEP25,1972,i
3004325,"Lopez Ocampo, Alejandro",URU,M,,,,1929,0,40,SEP25,1980,i
3016633,"Lopez Techera, Ivan",URU,M,,,,1564,0,40,SEP25,2005,i
3001318,"Lopez, Aldi",URU,M,,,,2019,0,20,SEP25,1986,i
3018300,"Lopez, Bryan",URU,M,,,,AFM,1768,0,SEP25,2006,
3009335,"Lopez, Julieta",URU,F,,,,1531,0,20,SEP25,2004,wi
3017478,"Lorda, Juan",URU,M,,,,1528,0,40,SEP25,2007,
3020169,"Lozano, Fabio",URU,M,,,,1599,0,40,SEP25,1985,
3022986,"Lozano, Leandro",URU,M,,,,1413,0,40,SEP25,2015,
3004082,"Lujambio, Marcelo",URU,M,,,,1842,0,20,SEP25,1991,
3013006,"Macedonio, Mauricio",URU,M,,,,1458,0,40,SEP25,2010,i
3003930,"Machado, Frank",URU,M,,,,1722,0,20,SEP25,1981,
3022773,"Machado, Sheyla",URU,F,,,,1692,0,40,SEP25,2008,w
3004880,"Machin, Roberto",URU,M,,,,1835,0,40,SEP25,1968,
3010740,"Maestro, Esteban",URU,M,,,,1746,0,20,SEP25,1989,i
3000117,"Magaldi, Nelson",URU,M,,,,1946,0,20,SEP25,1942,i
3007570,"Malan, Lucia",URU,F,WCM,WCM,,1835,0,20,SEP25,2002,wi
3009785,"Manteiga, Franco",URU,M,CM,,,1998,0,20,SEP25,2004,
3004066,"Manzanares, Richard",URU,M,,,,1908,0,20,SEP25,1985,i
3002195,"Maqueira, Mario",URU,M,,,,1755,0,40,SEP25,1959,i
3009580,"Margaryan, Gagik",URU,M,,,,1608,0,40,SEP25,2006,i
3002543,"Marin, Rodrigo",URU,M,,,,1544,0,40,SEP25,1984,
3007170,"Maristan, Agustin",URU,M,,,,1999,0,20,SEP25,1999,
3007189,"Maristan, Emiliano",URU,M,,,,1831,0,40,SEP25,2000,i
3001555,"Marquez, Luis",URU,M,,,,1750,0,40,SEP25,1957,i
3002780,"Marquez, Uberlindo",URU,M,,,,1556,0,20,SEP25,1945,
3015009,"Marquez, Washington",URU,M,,,,1675,0,40,SEP25,1975,
3017435,"Marquisio, Leonardo",URU,M,,,,1537,7,40,SEP25,2013,
3014525,"Marrero, Alejandro",URU,M,,,,1755,0,40,SEP25,2007,i
3004015,"Marrero, Javier",URU,M,,,,1890,0,20,SEP25,1978,i
3015289,"Martello, Benjamin",URU,M,,,,2034,0,40,SEP25,2007,
3005895,"Martinelli, Raul",URU,M,,,,1819,0,20,SEP25,1991,i
3011569,"Martinez Araujo, Miguel",URU,M,,,,1693,0,40,SEP25,2006,i
3014037,"Martinez Blanco, Fabian",URU,M,,,,1705,0,40,SEP25,1971,i
3006182,"Martinez Delgue, Javier",URU,M,,,,1683,0,20,SEP25,1974,
3002373,"Martinez Fernandez, Fernando",URU,M,,,,1867,0,20,SEP25,1957,i
3003663,"Martinez Garay, Carlos",URU,M,,,,1788,0,20,SEP25,1987,
3028518,"Martinez Lopez, Javier",URU,M,,,,1597,0,40,SEP25,1989,
3000559,"Martinez Olivera, Miguel",URU,M,,,,2027,0,20,SEP25,1954,i
3024113,"Martinez Rodriguez, Alvaro",URU,M,,,,1611,0,40,SEP25,1984,i
3005704,"Martinez Tagliafico, Sergio",URU,M,,,,1865,0,20,SEP25,1982,
32038500,"Martinez Vega, Diego",URU,M,,,,1722,0,40,SEP25,1976,i
3032388,"Martinez, Lorenzo",URU,M,,,,1522,0,40,SEP25,2016,
3019187,"Martinez, Valentino",URU,M,,,,1600,0,40,SEP25,2011,
3007715,"Marziotte, Andres",URU,M,,,,1601,0,40,SEP25,2005,i
3005216,"Masoller, Martin",URU,M,,,,1899,0,20,SEP25,1996,i
3017036,"Mazzeo, Jose",URU,M,,,,1550,4,20,SEP25,1959,
3016994,"Medina Rodas, Hugo",URU,M,,,,1690,0,40,SEP25,1981,
3008851,"Meghdessian, Marcelo",URU,M,,,,1740,0,40,SEP25,1983,i
4675789,"Meier, Georg",URU,M,GM,,,2596,0,10,SEP25,1987,
3026841,"Melani, Mauro",URU,M,,,,1871,0,40,SEP25,1985,
3002497,"Mendoza, Karen",URU,F,,,,1801,0,40,SEP25,1991,wi
3015084,"Meneses, Camilo",URU,M,,,,1811,0,40,SEP25,1986,i
3000265,"Meneses, Eduardo",URU,M,,,,1690,0,20,SEP25,1962,i
3021106,"Menezes, Emanuel",URU,M,,,,1903,0,40,SEP25,1999,i
3009408,"Mercader, Ximena",URU,F,,,,1530,0,40,SEP25,2007,wi
3003370,"Mercado, Renee",URU,M,,,,1708,0,20,SEP25,1937,i
3016803,"Mesa, Emanuel",URU,M,,,,1436,0,40,SEP25,2013,
3005755,"Messonez, Enzo",URU,M,,,,1692,0,40,SEP25,2000,i
3001571,"Michailov, Matias",URU,M,,FI,,2268,0,20,SEP25,1995,i
3015130,"Mila, Rafael",URU,M,,,,1686,0,40,SEP25,1977,
3018180,"Miladinoff, David",URU,M,,,,1577,0,40,SEP25,1983,
3000800,"Milan, Julio",URU,M,,,,1735,0,20,SEP25,1958,i
3004333,"Milan, Mathias",URU,M,,,,2011,0,20,SEP25,1992,i
3001490,"Milans, Carlos",URU,M,,,,1881,0,20,SEP25,1956,i
3009742,"Miller, Ariel",URU,M,,,,1991,3,40,SEP25,2007,
3003671,"Miraballes Lopez, Andres",URU,M,,,,1815,0,20,SEP25,1997,i
3001156,"Miralles, Nicolas",URU,M,,,,2073,0,20,SEP25,1980,i
3011941,"Miranda, Alvaro",URU,M,,,,1633,0,40,SEP25,1965,i
3026922,"Miranda, Eddy",URU,M,,,,1580,0,40,SEP25,1992,
3008193,"Miranda, Pablo",URU,M,,,,1732,0,40,SEP25,1987,i
103373,"Moccero, Eduardo",URU,M,,FI,,1744,8,20,SEP25,1951,
3010210,"Molinari, Santino",URU,M,,,,1620,0,40,SEP25,2004,i
3007340,"Moncecchi, Ciro",URU,M,,,,1831,0,40,SEP25,2004,i
3005640,"Monetta, Jose",URU,M,,,,1774,0,20,SEP25,1986,i
3016536,"Monferrato, Rocco",URU,M,,,,1766,0,20,SEP25,2004,i
3006719,"Montenegro, Claudia",URU,F,,,,1772,0,20,SEP25,1971,wi
3007120,"Montoli, Sebastian",URU,M,,,,1911,0,20,SEP25,1997,i
3030881,"Montossi Martin, Thiago",URU,M,,,,1604,0,40,SEP25,2012,
3011240,"Monzon, Sebastian",URU,M,,,,1805,0,40,SEP25,1981,i
3017281,"Morales Mazzone, Leandro",URU,M,,,,1722,0,20,SEP25,2006,i
3012263,"Morales, Alcides",URU,M,,,,1634,0,40,SEP25,1961,i
3005577,"Moratorio, Alberto",URU,M,,,,1764,0,20,SEP25,1966,i
3009831,"Mordetzki, Ariel",URU,M,,,,1768,0,20,SEP25,1999,i
3005003,"Moreira, Luis A.",URU,M,,,,1847,0,40,SEP25,1948,i
3003043,"Moreira, Marcelo",URU,M,,,,2019,4,20,SEP25,1982,
3018032,"Morena, Ignacio",URU,M,,,,1631,0,40,SEP25,1994,
3019012,"Moreno Garcia, David",URU,M,,,,1628,0,40,SEP25,2011,
3008835,"Moreno, Diego",URU,M,,,,1967,0,20,SEP25,2004,
3008606,"Moreno, Jose Enrique",URU,M,,,,1740,0,20,SEP25,1949,i
3002101,"Moreno, Nelson",URU,M,,,,1738,0,20,SEP25,1961,
3028992,"Moron, Alex",URU,M,,,,1573,0,40,SEP25,2018,
3014193,"Mott, Juan",URU,M,,,,1575,0,20,SEP25,1972,
3001539,"Muniz Castillo, Pablo",URU,M,,,,1800,0,40,SEP25,1977,i
3012352,"Muniz, Facundo",URU,M,,,,1592,0,40,SEP25,2012,
3001768,"Muniz, Gonzalo",URU,M,,FI,,AFM,1989,0,SEP25,1990,
3008401,"Muniz, Luciano",URU,M,,,,1731,0,20,SEP25,1983,i
3000486,"Muniz, Rafael",URU,M,FM,FT,,2139,0,20,SEP25,1976,
3033686,"Munoz, Carlos",URU,M,,,,1610,0,40,SEP25,1960,
3001253,"Muzzi, Eduardo",URU,M,CM,,,1899,0,20,SEP25,1981,
3005135,"Nacelle, Daniel",URU,M,,,,1777,0,20,SEP25,1957,i
3020584,"Nada Macedo, Inti",URU,M,,,,1747,0,40,SEP25,2004,
3002250,"Nakle, Gonzalo",URU,M,,,,1740,0,20,SEP25,1984,
3001326,"Navarrete, Daniel",URU,M,,,,2082,0,20,SEP25,1972,i
3014096,"Nicolas, Sergio",URU,M,,,,1897,0,40,SEP25,1976,i
3023630,"Nicolini, Bruno",URU,M,,,,1666,0,40,SEP25,2012,
3017125,"Nin, Ignacio",URU,M,,,,1670,0,40,SEP25,1981,
3009106,"Niquichenco, Gustavo",URU,M,,,,1724,0,40,SEP25,1970,i
3005712,"Nunez de la Rosa, Federico",URU,M,,,,1915,0,40,SEP25,1985,i
3000923,"Nunez de la Rosa, Matias",URU,M,,,,2051,0,20,SEP25,1985,i
3003698,"Nunez Perez, Diego",URU,M,,,,1708,0,40,SEP25,1995,i
3006050,"Nunez, Claudio",URU,M,,,,1707,0,40,SEP25,1982,i
3000664,"Nunez, Edgardo",URU,M,,,,1800,0,40,SEP25,1983,i
3003078,"Nunez, Hiber",URU,M,,,,1688,0,20,SEP25,1952,
3012140,"Ocampo, Ivan",URU,M,,,,1632,0,20,SEP25,2005,i
3001334,"Oddone, Cristhian",URU,M,,,,2225,0,20,SEP25,1986,
3003701,"Ojeda, Cristhian",URU,M,,,,1752,0,20,SEP25,1994,
3000281,"Olazarri, Marcelo",URU,M,,,,2208,0,20,SEP25,1965,i
3028330,"Oliva, Valentino",URU,M,,,,1656,0,40,SEP25,2011,
3020690,"Olivera Batista, Santiago",URU,M,,,,1709,0,40,SEP25,2008,
3029743,"Olivera, Ignacio",URU,M,,,,1485,0,40,SEP25,2009,
3016030,"Olivera, Jonathan",URU,M,,,,1665,0,40,SEP25,2005,i
3021505,"Olivera, Keoma",URU,M,,,,1508,0,40,SEP25,2014,
3011127,"Olivera, Omar",URU,M,,,,1592,0,20,SEP25,1953,
3007596,"Olivera, Sergio",URU,M,,,,1645,0,20,SEP25,1972,
3017877,"Olveira, Juan",URU,M,,,,1597,0,20,SEP25,1976,
3024946,"Onetto, Gaston",URU,M,,,,1687,0,20,SEP25,1987,
3003990,"Oppa, Guaymiran",URU,M,,,,1737,0,20,SEP25,1942,i
3004279,"Ortiz, Soledad",URU,F,,,,1843,0,20,SEP25,1976,wi
3008649,"Osinaga, Eduardo",URU,M,,,,1773,0,20,SEP25,1954,i
3020282,"Osores, Jesus",URU,M,,,,1707,0,40,SEP25,1982,
3004201,"Osores, Roberto",URU,M,,,,1772,0,20,SEP25,1957,
3020304,"Osores, Sergio",URU,M,,,,1670,0,40,SEP25,1954,
3000885,"Otero, Gustavo",URU,M,,,,1947,0,40,SEP25,1969,i
3004481,"Ottonello Gandarias, Marcos",URU,M,,,,1921,0,20,SEP25,1997,i
3007600,"Oviedo, Mathias",URU,M,,,,1791,0,20,SEP25,2001,i
3023524,"Paines, Enzo",URU,M,,,,1728,0,40,SEP25,1989,
3016153,"Paiva, Gaston",URU,M,,,,1701,0,20,SEP25,1996,
3010066,"Palacio, Enzo",URU,M,,,,1964,0,20,SEP25,2000,i
3011151,"Papst, Wilhelm",URU,M,,,,1645,0,40,SEP25,1925,i
3017486,"Paredes, Julia",URU,F,,,,1448,0,40,SEP25,2010,w
3004899,"Pascale, Santiago",URU,M,,,,1718,0,20,SEP25,1990,
3016285,"Pascualvaca, Federico",URU,M,,,,1874,0,20,SEP25,1992,
3011046,"Paz, Franco",URU,M,,,,1656,0,40,SEP25,1978,
3000125,"Pazdur, Martin",URU,M,,,,2188,0,20,SEP25,1957,i
3013014,"Pedrido, Juan",URU,M,,,,1500,0,40,SEP25,2010,i
3006476,"Pelaez, Diego",URU,M,,,,1686,0,20,SEP25,1960,
3003140,"Pena Canapa, Alfredo",URU,M,,,,1877,0,20,SEP25,1980,
3004163,"Pena, Alejandro",URU,M,,,,1817,0,20,SEP25,1968,i
3006000,"Pena, Luis",URU,M,,,,1750,0,20,SEP25,1946,i
3023150,"Pena, Santiago",URU,M,,,,1803,0,40,SEP25,2008,
3000249,"Perchman, Daniel",URU,M,FM,,,2327,0,20,SEP25,1971,i
3018520,"Perdomo, Luis",URU,M,,,,1689,0,40,SEP25,1999,i
3008657,"Pereira Braz, Tiago",URU,M,,,,1869,0,40,SEP25,1982,
3017206,"Pereira Torres, Ruben",URU,M,,,,1819,1,40,SEP25,1990,
3009220,"Pereira, Gerardo",URU,M,,,,1484,4,20,SEP25,1961,
3024342,"Pereira, Pablo",URU,M,,,,1805,0,40,SEP25,1991,
3020622,"Pereyra, Camilo",URU,M,,,,1723,0,40,SEP25,1993,i
3000516,"Perez Acebal, Alfonso",URU,M,,,,2158,0,20,SEP25,1976,i
3012034,"Perez Balles, Gonzalo",URU,M,,,,1714,0,40,SEP25,1973,i
3012646,"Perez Diaz, Guillermo",URU,M,,,,1771,0,40,SEP25,2006,i
3000168,"Perez Gomar, Ivan",URU,M,,,,2071,0,20,SEP25,1981,i
3018709,"Perez Odizzio, Joaquin",URU,M,,,,1586,0,40,SEP25,2007,i
3014207,"Perez Selios, Luis",URU,M,,,,1828,4,20,SEP25,1960,
3003191,"Perez, Cecilia Manuela",URU,F,WCM,WCM,,1753,0,20,SEP25,1998,wi
3019357,"Perez, Djavan",URU,M,,,,1863,0,40,SEP25,1983,i
3001466,"Perez, Jose Luis",URU,M,,,,1741,0,20,SEP25,1962,i
3012093,"Perez, Rodrigo",URU,M,,,,1638,0,40,SEP25,2003,i
3006786,"Perrachon, Marcos",URU,M,,,,1629,0,20,SEP25,2002,i
3001806,"Pias Barreto, Horacio",URU,M,,,,1900,0,40,SEP25,1983,i
3018334,"Picart, Maximiliano",URU,M,,,,1721,0,40,SEP25,1995,i
3000451,"Pichuaga, Juan Pablo",URU,M,CM,,,1984,0,20,SEP25,1967,
3021041,"Pimentel, Abraham",URU,M,,,,1725,0,40,SEP25,2007,
3008096,"Pinero Cuello, Guilhermo",URU,M,,,,2181,0,40,SEP25,1989,i
3004244,"Pinero, Ismael",URU,M,CM,,,1910,0,20,SEP25,1958,
3007197,"Pintos, Maximiliano",URU,M,,SI,,1704,0,20,SEP25,1994,
3003493,"Pintos, Miguel",URU,M,,,,1849,0,40,SEP25,1968,i
3005917,"Pintos, Sergio",URU,M,,,,1618,0,20,SEP25,1958,
3019608,"Piriz, Facundo",URU,M,,,,1703,0,40,SEP25,2007,
3010473,"Pisano, Aaron",URU,M,,,,1611,0,40,SEP25,1999,i
3007995,"Pittaluga, Daniel",URU,M,,,,1686,0,40,SEP25,1976,i
3021653,"Pizarro, Nick",URU,M,,,,1651,0,40,SEP25,2008,
3015890,"Platero, Nicolas",URU,M,,,,1812,0,40,SEP25,1992,i
3008959,"Podesta, Sofia",URU,F,,,,1612,0,40,SEP25,2007,wi
3029220,"Polito, Evangelina",URU,F,,,,1591,0,40,SEP25,2008,w
3010317,"Ponce Miranda, Luca",URU,M,,,,1732,0,40,SEP25,2004,
3004740,"Ponce, Leonardo",URU,M,,,,1818,0,20,SEP25,1976,i
3019250,"Pons, Rodrigo",URU,M,,,,1617,0,40,SEP25,2007,i
3035336,"Popov, Evgeny",URU,M,,,,1945,0,40,SEP25,1975,
3010414,"Popov, Mark",URU,M,,,,1939,0,20,SEP25,1997,
3006140,"Porteiro, Rodrigo",URU,M,,,,1782,0,20,SEP25,1983,
3003485,"Pos, Marcos",URU,M,,,,1877,0,20,SEP25,1979,
3004643,"Posada, Charlie",URU,M,,,,1784,0,40,SEP25,1991,
3018350,"Posse, Jose",URU,M,,,,1481,0,40,SEP25,1950,
3020452,"Potokski, Pablo",URU,M,,,,1662,0,40,SEP25,1963,i
3016900,"Poy, Ciro",URU,M,,,,1613,0,40,SEP25,2010,
3000540,"Prado, Rommel",URU,M,,,,1995,0,40,SEP25,1965,i
3001261,"Prato, Gustavo",URU,M,,,,1965,0,40,SEP25,1967,i
3006484,"Presa, Walter",URU,M,,,,1778,0,20,SEP25,1951,i
3006930,"Puchetta, Daniel",URU,M,,,,1751,0,40,SEP25,1973,i
3002748,"Pugliese, Facundo",URU,M,,,,1968,0,20,SEP25,1990,i
3004040,"Queijo, Marcelo",URU,M,,,,1831,0,40,SEP25,1973,i
3003132,"Queirolo, Enrique",URU,M,,,,1704,0,40,SEP25,1958,i
3024350,"Queirolo, Juan",URU,M,,,,1605,0,40,SEP25,1987,i
3011097,"Quepfer, Wilson",URU,M,,,,1556,0,40,SEP25,1939,i
3016560,"Querejazu, Guillermo",URU,M,,,,1665,0,40,SEP25,1963,
3004147,"Quevedo, Andreina",URU,F,WFM,WFM,,1855,0,20,SEP25,1999,w
3008754,"Quinteiro, Martin",URU,M,,,,1735,0,40,SEP25,1983,i
3013030,"Quintela, Sol",URU,F,,,,1435,0,40,SEP25,2010,w
3030350,"Quinteros, Lucas",URU,M,,,,1636,0,40,SEP25,2005,
3010481,"Quintieri, Mathias",URU,M,,,,1629,0,40,SEP25,1996,i
3010449,"Ramirez, Agustin",URU,M,,,,1841,0,20,SEP25,2006,i
3000192,"Ramirez, Jesus Adan",URU,M,,,,1998,0,40,SEP25,1972,
3014770,"Ramirez, Jose Antonio",URU,M,,FI,,1856,0,20,SEP25,1981,
3017982,"Ramirez, Wilson",URU,M,,,,1686,0,40,SEP25,2000,
3009939,"Ramos Correa, Gabriel",URU,M,,,,2024,0,20,SEP25,1990,
3009920,"Ramos, Matias",URU,M,,,,1747,0,20,SEP25,1995,
3011380,"Ramos, Valentina",URU,F,,,,1407,0,40,SEP25,2010,wi
3008274,"Raviola, Luca",URU,M,,,,1544,0,40,SEP25,2003,i
3003817,"Rebollo, Alvaro",URU,M,,,,1720,0,40,SEP25,1986,i
3006956,"Recarte, Pablo",URU,M,,,,1684,1,20,SEP25,1955,
3000826,"Recine, Leonel",URU,M,,,,1896,0,20,SEP25,1953,i
3002942,"Reolon, Victor",URU,M,,,,1689,0,20,SEP25,1958,
3008070,"Reseta, Miguel Angel",URU,M,,,,1813,0,40,SEP25,1955,i
3007693,"Ressia, Lorenzo",URU,M,,,,1954,0,20,SEP25,2005,
3008916,"Rey, Antonio",URU,M,,,,1685,0,20,SEP25,1986,
3005089,"Rey, Fernando",URU,M,,,,1774,0,20,SEP25,1972,
3022811,"Reyes, German",URU,M,,,,1547,0,40,SEP25,2006,
3028283,"Reyes, Matteo",URU,M,,,,1604,0,40,SEP25,2012,
3031330,"Reyna, Emiliano",URU,M,,,,1588,0,40,SEP25,2010,
3000133,"Riccetto, Alvaro",URU,M,,,,2230,0,20,SEP25,1952,i
3004996,"Riella, Andres",URU,M,,,,1695,0,20,SEP25,1943,
3004902,"Rijo, Pedro",URU,M,,,,1715,0,20,SEP25,1951,i
3006239,"Rios, Juan Pablo",URU,M,,,,1856,0,20,SEP25,1979,i
3013278,"Rivas Puch, Juan",URU,M,,,,1806,0,20,SEP25,1998,
3000052,"Rivera, Daniel",URU,M,IM,FT,,2193,9,10,SEP25,1959,
3000427,"Riverol, Jose",URU,M,FM,,,2304,0,20,SEP25,1967,i
3016587,"Robalez, Cesar",URU,M,,,,1736,0,20,SEP25,1998,
3003787,"Robertt, Mario",URU,M,,,,1664,0,40,SEP25,1965,i
3008142,"Rocca, Jose",URU,M,,,,1699,0,20,SEP25,1945,i
101710,"Rodi, Luis Ernesto",URU,M,IM,,,2222,0,10,SEP25,1968,
3030768,"Rodrigo, Arnold",URU,M,,,,1754,0,40,SEP25,1988,
3006492,"Rodriguez Baeyens, Oscar",URU,M,,,,1846,0,40,SEP25,1961,i
3004910,"Rodriguez Bernardo, Pablo",URU,M,,,,1860,0,40,SEP25,1972,i
3013561,"Rodriguez Berruti, Andres",URU,M,,,,1787,0,40,SEP25,1984,i
3012158,"Rodriguez Buela, Martin",URU,M,,,,1889,0,20,SEP25,2006,
3002950,"Rodriguez Capulla, Camilo",URU,M,,,,1839,0,40,SEP25,1977,i
3011208,"Rodriguez de Privitellio, Juan",URU,M,,,,1766,0,40,SEP25,1991,i
3007685,"Rodriguez Delfino, Tiago",URU,M,,,,1726,0,20,SEP25,2004,i
3005062,"Rodriguez Farias, Eduardo",URU,M,,FI,,1855,0,20,SEP25,1974,
3004759,"Rodriguez Farias, Victor",URU,M,,,,1905,5,20,SEP25,1968,
3004180,"Rodriguez Izarrualde, Gaston",URU,M,,,,2115,0,20,SEP25,1984,i
3002160,"Rodriguez Laborde, Carlos",URU,M,,,,1924,0,40,SEP25,1945,i
3002004,"Rodriguez Lazo, Luis",URU,M,,,,1949,4,20,SEP25,1964,
3017117,"Rodriguez Martinez, Jose Fernando",URU,M,,,,1816,0,20,SEP25,1951,
3012930,"Rodriguez Ramos, Sebastian",URU,M,,,,1714,0,40,SEP25,1993,
3016951,"Rodriguez Rearden, Jorge",URU,M,,,,1550,0,20,SEP25,1970,
3011054,"Rodriguez Schinca, Joaquin",URU,M,,,,1457,0,40,SEP25,2010,i
3003353,"Rodriguez Sosa, Gustavo",URU,M,,,,1741,0,20,SEP25,1962,
3000010,"Rodriguez Vila, Andres",URU,M,GM,,,2451,18,10,SEP25,1973,
3001989,"Rodriguez, Ismael",URU,M,,,,1922,0,40,SEP25,1991,i
3008789,"Rodriguez, Leandro",URU,M,,,,1651,0,40,SEP25,1999,i
3020258,"Rodriguez, Lorenzo",URU,M,,,,1613,0,40,SEP25,2011,
3016765,"Rodriguez, Roberto Nicolas",URU,M,,,,1546,0,40,SEP25,2007,i
3000591,"Rodriguez, Santiago",URU,M,CM,SI,,2252,0,20,SEP25,1983,i
3003051,"Rodriguez, Sergio",URU,M,,,,1837,0,40,SEP25,1975,i
3006360,"Roepke, Sofia",URU,F,WCM,WCM,,1902,0,20,SEP25,2006,wi
3008231,"Roman, Enrique",URU,M,,,,1542,0,20,SEP25,1968,i
3002969,"Romaniello, Andres",URU,M,,,,1970,0,40,SEP25,1990,
3001903,"Romaniello, Enrique",URU,M,,,,1975,0,40,SEP25,1961,i
3012336,"Romero, Juan",URU,M,,,,1940,0,20,SEP25,2005,
3007111,"Romero, Pablo",URU,M,,,,1786,0,40,SEP25,1984,i
3009661,"Romero, Robert",URU,M,,,,1749,0,20,SEP25,1968,i
3029263,"Rosas, Maximiliano",URU,M,,,,1608,0,40,SEP25,1995,
3000028,"Roselli Mailhe, Bernardo",URU,M,IM,"SI,FT",,2288,18,10,SEP25,1965,
3024814,"Roselli, Diego",URU,M,,,,1840,0,40,SEP25,1959,
3007758,"Roselli, Federico",URU,M,,,,1552,8,20,SEP25,2006,
3000338,"Roselli, Juan Pablo",URU,M,,,,2123,0,40,SEP25,1964,i
3008169,"Rossi, Dantis",URU,M,,,,1673,0,40,SEP25,1953,i
3010589,"Rostan, Leonardo",URU,M,,,,1846,0,40,SEP25,1978,i
3005933,"Rouiller, Cristopher",URU,M,,,,1723,0,20,SEP25,1991,
3016919,"Rubinstein, Eloi",URU,M,,,,1802,0,40,SEP25,2010,
3001504,"Ruggiero, Alvaro",URU,M,CM,,,1896,0,20,SEP25,1974,i
3010660,"Ruiz, Alain",URU,M,,,,1780,0,40,SEP25,2001,
3011470,"Ruiz, Paul",URU,M,,,,1578,0,40,SEP25,2001,i
3007405,"Ruiz, Ulises",URU,M,,,,1654,4,20,SEP25,1954,
3000761,"Sabatoni, Atila",URU,M,,,,1880,0,20,SEP25,1977,i
3014088,"Sabini, Luis",URU,M,,,,1500,0,40,SEP25,1938,i
3002306,"Sagardoy, Alejo",URU,M,,,,1531,0,40,SEP25,1952,
1306693,"Sagrera, Marcos",URU,M,,,,1944,0,20,SEP25,1991,i
3001032,"Saint Esteven, Daniel",URU,M,,,,1850,0,40,SEP25,1984,i
3018598,"Salgueiro, Lautaro",URU,M,,,,1486,0,40,SEP25,1996,i
3003086,"Salgueiro, Salvador",URU,M,,,,1913,0,20,SEP25,1979,i
3003876,"Salguero, Rafael",URU,M,,,,1918,0,20,SEP25,1976,
3011666,"Salle, Fernando",URU,M,,,,1538,0,40,SEP25,1985,
3023419,"Salsamendi, Flavio",URU,M,,,,1554,0,20,SEP25,1992,
3012174,"Salvat, Marcelo",URU,M,,,,1774,0,40,SEP25,1972,i
3009181,"Sanchez, Horacio",URU,M,,,,1866,0,40,SEP25,1965,i
3015220,"Sanchez, Martin",URU,M,,,,1435,0,40,SEP25,2009,i
3000729,"Sanchez, Sebastian",URU,M,,,,2022,0,20,SEP25,1981,i
3001180,"Sancristobal, Jose",URU,M,,,,2072,0,20,SEP25,0,i
3006875,"Sander, Marcos",URU,M,,,,1709,0,20,SEP25,1984,
3018717,"Sandez, Fabricio",URU,M,,,,ACM,1720,0,SEP25,1985,i
3019411,"Sanguinetti, Eduardo",URU,M,,,,1776,0,40,SEP25,1954,
3002608,"Sanguinetti, Luis",URU,M,,,,2178,0,20,SEP25,1991,i
3033457,"Santin, Ivo",URU,M,,,,1550,0,40,SEP25,2003,
3004724,"Santos, Emiliano",URU,M,,,,1888,0,20,SEP25,1993,i
3000419,"Saralegui, Mario",URU,M,,,,2023,5,20,SEP25,1949,
3011496,"Sardi, Anibal",URU,M,,,,1768,0,20,SEP25,1965,i
3004732,"Sarobe, Raul",URU,M,,,,1863,0,40,SEP25,1948,i
3003434,"Savino, Horacio",URU,M,,,,1905,0,20,SEP25,1983,i
3011232,"Saxlund, Mateo",URU,M,,,,1734,0,40,SEP25,2003,i
3011330,"Saya, Daniel",URU,M,,,,1713,0,40,SEP25,1981,i
3015742,"Scarani, Manuel",URU,M,,,,1595,0,20,SEP25,1976,
3010023,"Scayola, Gianfranco",URU,M,,,,1577,0,40,SEP25,2004,i
3006247,"Schenck, Wilde",URU,M,,,,1742,0,20,SEP25,1967,i
3018504,"Scotto, Oscar",URU,M,,,,1838,0,40,SEP25,2002,
3004945,"Segovia, Marc",URU,M,,,,1671,0,20,SEP25,1965,i
3007073,"Sei Fong, Ken",URU,M,,,,1689,0,40,SEP25,1988,
3009068,"Sena, Andres",URU,M,,,,1844,0,40,SEP25,1960,i
3005941,"Shih Ferreira, Yin Chieh",URU,M,,,,1673,0,20,SEP25,1990,
3006794,"Sierra, Juan Andres",URU,M,,,,1891,0,40,SEP25,1985,i
3011968,"Silberman, Alejandro",URU,M,,,,1741,0,40,SEP25,1968,
3006590,"Silva Dalla Rizza, Martin",URU,M,,,,1520,0,40,SEP25,2000,i
3013693,"Silva Diaz, Renato",URU,M,,,,1606,0,40,SEP25,2003,i
3000184,"Silva Nazzari, Roberto",URU,M,,,,2173,0,20,SEP25,1938,i
3000575,"Silva Rosas, Natalia",URU,F,WCM,WCM,,1857,0,20,SEP25,1979,w
3022919,"Silva, Agustina",URU,F,,,,1778,0,40,SEP25,2009,w
3022900,"Silva, Alexandro",URU,M,,,,1889,0,40,SEP25,1976,
3017346,"Silva, Juan",URU,M,,,,1564,0,40,SEP25,1987,i
3023451,"Silva, Yonathan",URU,M,,,,1597,0,40,SEP25,2000,
3009807,"Silveira, Carlos",URU,M,,,,1491,0,40,SEP25,1999,
3001342,"Silveira, Matias",URU,M,,,,2046,0,40,SEP25,0,i
3001083,"Silveira, Shubert",URU,M,,,,2080,0,20,SEP25,1991,i
3010201,"Silvera, Pilar",URU,F,,,,1692,0,20,SEP25,2002,w
3015912,"Siqueira, Mateo",URU,M,,,,1576,0,40,SEP25,2002,i
3016935,"Sire, Fernando",URU,M,,,,1664,0,40,SEP25,1973,i
3004171,"Slater, George",URU,M,,,,1936,0,40,SEP25,1986,i
3010813,"Socias, Victor",URU,M,,,,1801,0,40,SEP25,1987,
3000753,"Solari, Pablo",URU,M,,,,1782,0,20,SEP25,1972,
3021718,"Somma, Juan",URU,M,,,,1503,0,40,SEP25,2011,
3020665,"Soria, Xiomara",URU,F,,,,1488,0,40,SEP25,2009,w
3004554,"Sosa Cadiac, Diego",URU,M,,,,1668,0,40,SEP25,1986,
3000982,"Sosa Costa, Leonardo",URU,M,,,,1967,0,20,SEP25,1987,i
3006883,"Sosa Gutierrez, Sebastian",URU,M,,,,1839,0,40,SEP25,1985,i
3000354,"Sosa Macho, Juan Manuel",URU,M,,,,2030,0,20,SEP25,1974,i
3018652,"Sosa, Alfredo",URU,M,,,,1724,0,40,SEP25,1998,
3010341,"Sosa, Bruno",URU,M,,,,1682,0,20,SEP25,2003,i
3011690,"Sosa, Eduardo",URU,M,,,,1683,0,40,SEP25,1980,i
3009360,"Sosa, Ines",URU,F,,,,1500,0,20,SEP25,2003,wi
3015017,"Sosa, Julio",URU,M,,,,1519,0,40,SEP25,1983,
3003833,"Sosa, Liber",URU,M,,,,1845,0,20,SEP25,1985,
3015831,"Soto, Joaquin",URU,M,,,,1891,0,20,SEP25,1984,
3001245,"Soto, Nicolas",URU,M,,,,2000,4,20,SEP25,1982,
3007634,"Souto, Andres",URU,M,,,,1448,0,20,SEP25,1948,
3012654,"Souza, Ruben Trajano",URU,M,,,,1938,0,40,SEP25,1990,
3013022,"Sozzo, Sebastian",URU,M,,,,1587,0,40,SEP25,2009,i
3019233,"Stefano, Avril",URU,F,,,,AFM,1456,0,SEP25,2003,w
3015246,"Steiner, Matias",URU,M,,,,1892,0,20,SEP25,2005,i
3010058,"Steinhardt, Luca",URU,M,,,,1668,0,40,SEP25,2000,i
3012379,"Suarez, Juan",URU,M,,,,1814,0,20,SEP25,1999,
3034380,"Suarez, Kimair",URU,M,,,,1436,0,40,SEP25,1981,
3030652,"Suarez, Lucia",URU,F,,,,1505,6,40,SEP25,2011,w
3009165,"Suarez, Maikel",URU,M,,,,1709,0,40,SEP25,1983,i
3009432,"Suarez, Paula",URU,F,,,,1458,0,40,SEP25,2008,wi
3007642,"Suarez, Pedro",URU,M,CM,,,2066,0,20,SEP25,2002,i
3007081,"Suhr, Danny",URU,M,,,,1708,0,40,SEP25,1990,i
3009246,"Surlevih, Leonardo",URU,M,,,,1581,0,20,SEP25,1969,i
3006522,"Svarcas, Anibal",URU,M,,,,1785,0,20,SEP25,1981,i
3003566,"Tabarez, Miguel",URU,M,,,,1684,0,20,SEP25,1971,
3017133,"Tabarez, Vladimir",URU,M,,,,1462,0,40,SEP25,2009,
3023265,"Tachini, Luis",URU,M,,,,1619,0,40,SEP25,2010,
3005259,"Tacoronte, Daniel",URU,M,,,,1775,0,40,SEP25,1980,
3005607,"Tafernaberry, Hermes",URU,M,,,,1691,0,40,SEP25,1964,i
3010678,"Tafernaberry, Matias",URU,M,,,,1857,0,40,SEP25,1983,i
3009866,"Taran, Ignacio",URU,M,,,,1809,0,20,SEP25,1978,i
3001237,"Tardugno, Mathias",URU,M,,,,1821,0,20,SEP25,1991,i
3014177,"Techeira, Luciano",URU,M,,,,1528,0,40,SEP25,2000,i
3002187,"Techera, Jose",URU,M,,,,1696,0,20,SEP25,1972,i
3019993,"Tessadri, Lucca",URU,M,,,,1682,0,40,SEP25,2007,
3033597,"Texeira, Lucas",URU,M,,,,1637,0,40,SEP25,2011,
3021211,"Toker, Jorge",URU,M,,,,1643,0,40,SEP25,1948,
3007502,"Toledo, Javier",URU,M,,,,1879,0,20,SEP25,1971,
3028801,"Toma, Felipe",URU,M,,,,1522,0,40,SEP25,2009,
3021149,"Tonelli, Julian",URU,M,,,,1699,0,20,SEP25,2004,
3014762,"Topolansky, Juan",URU,M,,,,1850,0,20,SEP25,1996,
3012069,"Torales, Agustin",URU,M,,,,1875,0,20,SEP25,2002,i
3006174,"Torres Acosta, Raul",URU,M,,,,1801,0,20,SEP25,1981,i
3011976,"Tosi, Luis",URU,M,,,,1684,0,40,SEP25,1982,i
3003159,"Tramutolo, Gustavo",URU,M,,,,1588,0,20,SEP25,1957,
3010830,"Traverso, Luis",URU,M,,,,1674,4,20,SEP25,1980,
3000974,"Tregarthen, Emiliano",URU,M,,,,2053,0,20,SEP25,1988,i
3001040,"Ulaneo, Matias",URU,M,,,,2061,0,20,SEP25,1990,
3001377,"Ulaneo, Nicolas",URU,M,,,,2138,0,20,SEP25,1987,
3001369,"Ulaneo, Ruben",URU,M,CM,,,2079,0,20,SEP25,1956,
3009564,"Umpierrez, Melina",URU,F,,,,1510,0,40,SEP25,2007,wi
3006905,"Undurraga, Octavio",URU,M,,,,1575,0,40,SEP25,1998,
3006913,"Undurraga, Pablo",URU,M,,,,1784,0,40,SEP25,1973,
3002632,"Urrestarazu, Diego",URU,M,,,,1890,0,20,SEP25,1988,i
3013260,"Urruty, Juan Ignacio",URU,M,,,,1635,0,40,SEP25,1997,
3002098,"Uslenghi, Leonel",URU,M,,,,1699,0,20,SEP25,1968,
3014100,"Valli, Martin",URU,M,,,,1697,0,20,SEP25,1986,i
3007138,"Valls, Luis E",URU,M,,,,1718,0,20,SEP25,1942,i
3008010,"Vanerio, Facundo",URU,M,,,,1819,0,40,SEP25,1993,i
3017656,"Vanoli, Bautista",URU,M,,,,1451,0,40,SEP25,2011,i
3002810,"Varalla, Gonzalo",URU,M,,,,1525,0,40,SEP25,1967,i
3031098,"Varela, Lautaro",URU,M,,,,1814,0,40,SEP25,2009,
3016226,"Varela, Martin",URU,M,,,,1844,0,40,SEP25,2005,i
3019519,"Varela, Mateo",URU,M,,,,1969,4,40,SEP25,2007,
3003345,"Varenchak, Margarita",URU,F,,,,1662,0,40,SEP25,1957,wi
3009076,"Vassallo, Julio",URU,M,,,,1764,0,20,SEP25,1970,i
3007677,"Vassallo, Mariano",URU,M,,,,1803,0,20,SEP25,2005,
3001776,"Vaz Lacuesta, Leonardo",URU,M,,,,2095,0,20,SEP25,1991,
3011984,"Vazquez, Enrique",URU,M,,,,1740,0,40,SEP25,1988,i
3007669,"Vazquez, Facundo",URU,M,IM,,,2419,0,10,SEP25,2004,
3023958,"Vazquez, Ricardo",URU,M,,,,1670,0,40,SEP25,1967,i
3008541,"Velazquez, Pablo",URU,M,,,,1563,0,40,SEP25,1999,i
3007030,"Veljacic, Cristian",URU,M,,,,1932,0,20,SEP25,1972,i
3008843,"Verguier, Jose",URU,M,,,,1942,0,40,SEP25,1954,i
3020053,"Verna, Victor",URU,M,,,,1514,0,40,SEP25,1949,
3001512,"Vico, Johan",URU,M,,,,1911,0,40,SEP25,1990,i
3012719,"Vieira, Emiliano",URU,M,,,,1651,2,40,SEP25,1985,
3000990,"Viera, Emilio",URU,M,CM,,,2164,0,20,SEP25,1982,i
3009297,"Viera, Julian",URU,M,,,,1534,0,40,SEP25,1966,
3021173,"Vigo, Luis",URU,M,,,,1690,0,40,SEP25,2014,
3002322,"Vilarino, Leticia",URU,F,,,,1917,0,40,SEP25,1985,wi
3017605,"Villa, Ramiro",URU,M,,,,1456,0,40,SEP25,2006,
3020118,"Villalba, Maximo",URU,M,,,,1563,0,40,SEP25,2008,i
3030954,"Villalba, Pacha",URU,M,,,,1562,5,40,SEP25,2012,
3023141,"Villani, Diego",URU,M,,,,1773,0,40,SEP25,2008,
3001202,"Villarreal, Julio",URU,M,,,,1908,0,20,SEP25,1957,i
3011402,"Vinas, Matias",URU,M,,,,1726,0,40,SEP25,2001,i
3006158,"Vinella, Marcelo",URU,M,,,,1782,0,20,SEP25,1964,
3001008,"Vique, Yoel",URU,M,,,,1881,0,40,SEP25,1968,i
3000630,"Visillac, Alejandro",URU,M,,,,1878,0,20,SEP25,1964,i
3017311,"Volpe, Agustin",URU,M,,,,1879,0,40,SEP25,1992,
3016056,"Waszuk, Felipe",URU,M,,,,1535,0,20,SEP25,1994,
3031519,"Werle, Carolin",URU,F,,,,1619,3,40,SEP25,2004,w
3020126,"Werle, Julius",URU,M,,,,1555,4,40,SEP25,2011,
3017230,"Yakes, Nikolai",URU,M,,,,1659,0,20,SEP25,1995,
3008550,"Zamora, Fernando",URU,M,,,,1797,0,40,SEP25,1981,i
3014266,"Zanelli, German",URU,M,,,,1521,0,40,SEP25,2002,i
3009157,"Zaruski, Julio",URU,M,,,,AFM,1844,0,SEP25,1961,
3002381,"Zas, Gianfranco",URU,M,,,,1737,0,40,SEP25,1984,i
3020592,"Zeballos, Juan Manuel",URU,M,,,,1857,0,40,SEP25,1993,
3004953,"Zecharies, Alexis",URU,M,,,,1901,0,40,SEP25,1994,i
3017800,"Zerpa, Fabrizio",URU,M,,,,1726,0,40,SEP25,1990,
3001997,"Zoppolo, Cedric",URU,M,,,,1700,1,20,SEP25,1981,
3017621,"Zorrilla, Artigas",URU,M,,,,1475,0,40,SEP25,2011,i