[
  {
    "ID Number": "15901106",
    "Name": "Aponte, Samantha",
    "Fed": "ARU",
    "Sex": "F",
    "Title": "",
    "WTit": "",
    "OTit": "",
    "Rating": "1433",
    "Gms": "0",
    "K": "40",
    "RatingMonth": "AUG25",
    "B-day": "2006",
    "Flag": "wi"
  },
  {
    "ID Number": "15900924",
    "Name": "Cabral, Sylvi",
    "Fed": "ARU",
    "Sex": "F",
    "Title": "",
    "WTit": "",
    "OTit": "",
    "Rating": "1429",
    "Gms": "0",
    "K": "40",
    "RatingMonth": "AUG25",
    "B-day": "2011",
    "Flag": "wi"
  },
  {
    "ID Number": "15900312",
    "Name": "De Mey, Juan Pablo",
    "Fed": "ARU",
    "Sex": "M",
    "Title": "FM",
    "WTit": "NA",
    "OTit": "",
    "Rating": "1996",
    "Gms": "0",
    "K": "20",
    "RatingMonth": "AUG25",
    "B-day": "1994",
    "Flag": "i"
  },
  {
    "ID Number": "15900045",
    "Name": "Lopez, Jasel",
    "Fed": "ARU",
    "Sex": "M",
    "Title": "IM",
    "WTit": "NA",
    "OTit": "",
    "Rating": "2367",
    "Gms": "0",
    "K": "20",
    "RatingMonth": "AUG25",
    "B-day": "1994",
    "Flag": "i"
  },
  {
    "ID Number": "3910512",
    "Name": "Moreno Mora, Milaydes Lourdes",
    "Fed": "ARU",
    "Sex": "F",
    "Title": "",
    "WTit": "",
    "OTit": "",
    "Rating": "1703",
    "Gms": "0",
    "K": "20",
    "RatingMonth": "AUG25",
    "B-day": "1979",
    "Flag": "wi"
  },
  {
    "ID Number": "15900037",
    "Name": "Pesqueira, Jose",
    "Fed": "ARU",
    "Sex": "M",
    "Title": "CM",
    "WTit": "",
    "OTit": "",
    "Rating": "1884",
    "Gms": "0",
    "K": "20",
    "RatingMonth": "AUG25",
    "B-day": "1963",
    "Flag": "i"
  },
  {
    "ID Number": "15900770",
    "Name": "Sagastegui, Thamara",
    "Fed": "ARU",
    "Sex": "F",
    "Title": "",
    "WTit": "",
    "OTit": "",
    "Rating": "1651",
    "Gms": "0",
    "K": "40",
    "RatingMonth": "AUG25",
    "B-day": "2006",
    "Flag": "wi"
  },
  {
    "ID Number": "15901319",
    "Name": "Varela, Cesar Augusto",
    "Fed": "ARU",
    "Sex": "M",
    "Title": "",
    "WTit": "",
    "OTit": "",
    "Rating": "1834",
    "Gms": "0",
    "K": "40",
    "RatingMonth": "AUG25",
    "B-day": "2003",
    "Flag": "i"
  }
]