ID Number,Name,Fed,Sex,Title,WTit,OTit,Rating,Gms,K,RatingMonth,B-day,Flag
10013296,Aahil Akbar,UGA,M,,,,1553,0,40,SEP25,2009,i
10052534,AARAV MITESH YELKE,UGA,M,,,,1459,0,40,SEP25,2016,
10022945,Abdirahsid Ramadan Ali,UGA,M,,,,1966,0,20,SEP25,1994,i
10021124,Abdourahman Aboubker Abdourahman,UGA,M,,,,1786,0,40,SEP25,1995,i
10014411,Abdullahi Garba Haruna,UGA,M,,,,1949,0,20,SEP25,1998,
10038078,Abola Lawrence,UGA,M,,,,1626,0,40,SEP25,1988,
10060987,Abubakr Saadalla,UGA,M,,,,1576,0,40,SEP25,1996,
10037799,Adikau Amis,UGA,M,,,,1442,0,40,SEP25,2013,
10025456,Adnan Shah,UGA,M,,,,1643,0,40,SEP25,2006,
10049185,Adoko Ceaser,UGA,M,,,,1486,0,40,SEP25,1990,
10010084,Agaba Davis,UGA,M,,,,1788,0,20,SEP25,1987,
10054880,Agaba Ronel,UGA,M,,,,1474,0,40,SEP25,2012,
10022082,Ahabwe Cornelius Turyahikayo,UGA,M,,,,1605,0,40,SEP25,2009,
10021833,Ahebwa Anson,UGA,M,,,,1549,0,20,SEP25,2004,i
10038442,Ahereza Alvin,UGA,M,,,,1461,0,40,SEP25,2009,i
10018220,Ahereza Joan,UGA,F,,,,1692,0,20,SEP25,2000,w
10031405,Ahereza Mark,UGA,M,,,,ACM,1638,0,SEP25,2006,
10033793,Ahumuza Apollo,UGA,M,,,,1790,3,40,SEP25,2013,
10033050,Aijuka Elvin,UGA,M,,,,1620,0,40,SEP25,2007,
10058419,Ainamani Mercy,UGA,F,,,,1520,0,40,SEP25,2011,w
10015442,Aine Atubet,UGA,F,,,,1491,2,40,SEP25,2013,w
10021388,Ainebyonya Hellen,UGA,F,,,,1529,0,40,SEP25,2010,w
10022112,Ainomugisha Joel,UGA,M,,,,1531,0,40,SEP25,2004,i
10013385,Ajiri Benjamin Netanyahu,UGA,M,,,,1948,0,20,SEP25,2006,
10014420,Ajiri Nygaard,UGA,M,,,,1750,0,40,SEP25,2008,
10000453,"Akabo, Mike",UGA,M,,,,2036,0,20,SEP25,1985,i
10012222,Akampulira Derrick Duncan,UGA,M,,,,1791,0,20,SEP25,1997,i
10037152,Akampurira Benjamin,UGA,M,,,,1499,0,40,SEP25,2016,
10003835,Akena Patrick,UGA,M,,,,1813,0,20,SEP25,1985,i
10022988,Alfred Brian Agaba,UGA,M,,,,1673,0,40,SEP25,1980,i
10043241,Alinange Danita Juliana,UGA,F,,,,1453,0,40,SEP25,2012,w
10025260,Alinda Collins,UGA,M,,,,1765,0,40,SEP25,2003,
10047719,Alupo Mercy,UGA,F,,,,1559,0,40,SEP25,2002,w
10041303,Amako Jordan,UGA,M,,,,1448,0,40,SEP25,2013,
10033807,Amanya Jerome,UGA,M,,,,1543,0,40,SEP25,2007,i
10020624,Amir Hirani,UGA,M,,,,1535,0,20,SEP25,1960,i
10000291,"Amoko, Ivy Claire",UGA,F,WFM,WFM,,1815,0,20,SEP25,1987,wi
10016767,Ampaire Brenan,UGA,M,,,,1808,0,20,SEP25,2000,
10002782,Ampaire Shakira,UGA,F,WCM,WCM,,1804,0,20,SEP25,1991,w
10035435,Andinda Alvin,UGA,M,,,,1441,0,40,SEP25,2009,
10058141,Andrew Womer,UGA,M,,,,1752,0,40,SEP25,1996,
10024778,Angel Luggya,UGA,F,,,,1540,0,40,SEP25,2004,w
10000429,"Angolikin, Goretti",UGA,F,WFM,WFM,,1734,0,20,SEP25,1986,wi
10014357,Arinaitwe Collins,UGA,M,,,,1749,0,20,SEP25,2000,i
10035443,Arinaitwe Juliet,UGA,F,,,,1627,2,40,SEP25,2009,w
10023925,Asaba Juliet,UGA,F,,,,1861,3,40,SEP25,2012,w
10024514,Asiimwe Angel Patricia,UGA,F,,,,1511,0,40,SEP25,2010,w
10035451,Asiimwe Olivia,UGA,F,,,,1734,4,40,SEP25,2011,w
10023933,Atella Patience Angel,UGA,F,,,,1692,4,40,SEP25,2008,w
10031367,Atuhairwe Charles,UGA,M,,,,ACM,1678,0,SEP25,2006,
10028064,Aturinda Joash,UGA,M,,,,1645,0,40,SEP25,2006,
10048634,Atusasire Trevor,UGA,M,,,,1523,0,40,SEP25,2009,
10042920,Ayemba James,UGA,M,,,,1499,0,40,SEP25,2008,
10011706,Ayikoru Hannah Mariam,UGA,F,,,,1630,0,40,SEP25,2008,wi
10033599,B. Shaymaa Taj Bavakasim,UGA,F,,,,1468,0,40,SEP25,2010,wi
10000917,"Baagande, Daniel Kasujja",UGA,M,CM,,,1983,0,20,SEP25,1989,
10025499,Babirye Christine Audrey,UGA,F,,,,1546,0,20,SEP25,2006,w
10000828,"Babirye, Stella",UGA,F,,,,1564,0,20,SEP25,1999,wi
10005595,Bagonza Atuhaire Marvin,UGA,M,,,,1801,0,20,SEP25,2002,i
10030530,Bagonza George,UGA,M,,,,1625,0,40,SEP25,2005,i
10033815,Baguma Innocent,UGA,M,,,,1861,5,40,SEP25,2011,
10029940,Bahati John Henry,UGA,M,,,,1676,0,40,SEP25,2008,
10020462,Bakira Andrew Ruyondo,UGA,M,,,,1710,0,20,SEP25,1999,i
10014594,Balewa Jimmy,UGA,M,,,,1867,0,20,SEP25,1996,
10022953,Bang Daniel Deng,UGA,M,,,,1686,0,20,SEP25,2001,i
10000470,"Baryeija, Simon",UGA,M,,,,1753,0,40,SEP25,0,
10010165,Basaija Pius Maurice,UGA,M,,,,1857,0,40,SEP25,2001,i
10006958,Basangwa Johnson Michael,UGA,M,,,,1908,0,20,SEP25,1999,
10007857,Batambuze Amisi,UGA,M,,,,1824,0,40,SEP25,2003,
10052593,Bendera Ravy,UGA,M,,,,1589,0,40,SEP25,2012,
10018964,Benjamin Daniel Mwesigwa Serwadda,UGA,M,,,,1517,0,40,SEP25,2012,
10009191,Bewayo Emmanuel,UGA,M,,,,1873,0,20,SEP25,1995,i
10000240,"Bibasa, Bob",UGA,M,FM,,,2001,0,20,SEP25,1977,
10009000,Bior Samuel Yuor,UGA,M,,,,1974,0,20,SEP25,1993,i
10042873,Birungi Shekinah Adnah,UGA,F,,,,1588,0,40,SEP25,2010,w
10010718,Bisaso Angello,UGA,M,,,,1671,0,20,SEP25,1979,
10007709,Bitarinsa Arthur,UGA,M,,,,1801,0,20,SEP25,2000,i
10037829,Boiga Godfrey,UGA,M,,,,1650,0,40,SEP25,2004,
10011242,Bukirwa Evelyn,UGA,F,,,,1433,0,40,SEP25,2009,w
10021850,Bulindi Cliford Emma,UGA,M,,,,1779,0,20,SEP25,2003,i
10040765,Busingye Deron,UGA,M,,,,1588,0,40,SEP25,2011,
10056238,Busulwa Jonah,UGA,M,,,,1789,0,40,SEP25,2009,
10067639,Butayi Charles Lwanga,UGA,M,,,,1644,0,40,SEP25,2009,
10001336,"Buti, Raphael",UGA,M,FM,,,2134,0,20,SEP25,1973,i
10000488,"Buule, Innocent",UGA,M,,,,1886,0,40,SEP25,0,
10004394,"Buwule, Vincent",UGA,M,,,,1528,0,40,SEP25,2007,i
10000933,"Buyinza, Richard",UGA,M,,,,1858,0,40,SEP25,1997,
10023950,Bwengye Alicia,UGA,F,,,,1509,0,40,SEP25,2003,wi
10023607,Byakatonda Caesar Wakabi,UGA,M,,,,1729,0,20,SEP25,1998,i
10020497,Byamukama Sean,UGA,M,,,,1595,0,40,SEP25,2008,
10038604,Byanasaye Enrique Williams,UGA,M,,,,1412,0,40,SEP25,2009,
10052283,Byaruhanga Flavia,UGA,F,,,,1410,0,40,SEP25,2012,w
10004785,Byaruhanga Jonah,UGA,M,,,,1837,0,20,SEP25,1987,i
10019464,Byawaka Alvin Herbert,UGA,M,,,,1754,0,40,SEP25,2003,
10000941,"Chabo, Lenard",UGA,M,,,,1930,0,20,SEP25,1982,
10033491,Christian Jayden Bulyerali,UGA,M,,,,1512,0,40,SEP25,2015,
10056793,Cohen David,UGA,M,,,,1464,0,40,SEP25,2009,
10002758,Daahir Bashir Yusuf,UGA,M,,,,1767,0,20,SEP25,1984,i
10018921,Dara Tendereza,UGA,M,,,,1592,0,40,SEP25,2012,
10018204,Dasha Zalwango Kibuule,UGA,F,,,,1494,0,40,SEP25,2010,w
10051627,David Morten Peter,UGA,M,,,,1534,0,40,SEP25,2009,
10020330,Deng Biar Deng,UGA,M,,,,1903,0,40,SEP25,2008,
10022201,Devansh Sachin Trivedi,UGA,M,,,,1480,0,40,SEP25,2012,
10051635,Diing Madol A,UGA,M,,,,1692,0,40,SEP25,2009,
10042385,Ding Madol,UGA,M,,,,1660,0,40,SEP25,2009,
10011234,DOKORIA DANIEL,UGA,M,,,,1575,0,40,SEP25,2007,
10023461,Don Kaledu,UGA,M,,,,1529,0,20,SEP25,1998,i
10016473,Dut Majier Agol,UGA,M,,,,1902,0,20,SEP25,2002,i
10013954,Echeru Charles,UGA,M,,,,1680,0,20,SEP25,1999,
10014632,Eculo Isaac,UGA,M,,,,1809,0,20,SEP25,1998,
10051325,Edel Edwin,UGA,M,,,,1661,2,40,SEP25,2012,
10053824,Edinansi Melisa,UGA,F,,,,1442,4,40,SEP25,2017,w
10009019,Egesa emmanuel,UGA,M,CM,,,2064,0,20,SEP25,1996,
10037632,Emeu Masterd,UGA,M,,,,1524,0,40,SEP25,2005,
10018930,Emmanuel Atukirize,UGA,M,,,,1479,0,40,SEP25,2012,
10000402,"Emojong, Elijah",UGA,M,IM,,,2140,0,20,SEP25,1992,
10001654,"Emojong, Joel",UGA,M,,,,1919,0,20,SEP25,1994,
10038086,Emoru Arthur,UGA,M,,,,1785,0,40,SEP25,1987,i
10004130,"Enzama, Ceasar",UGA,M,,,,1716,0,20,SEP25,1979,i
10000518,"Etoru, Amos",UGA,M,,,,1966,0,20,SEP25,1990,i
10018140,"Eyaku, Alfred",UGA,M,,,,1753,0,20,SEP25,2000,
10019286,Ezivokumu Benjamin Franklin,UGA,M,,,,1540,0,40,SEP25,2010,
10000534,"Frobisha, Katula Paul",UGA,M,,,,1871,0,20,SEP25,1987,
10017780,Gahima Fred,UGA,M,,,,1469,0,40,SEP25,2009,
10024590,Gayyi William,UGA,M,,,,1526,0,40,SEP25,2007,i
10018271,Genza Joakim,UGA,M,,,,1562,0,20,SEP25,2004,i
10022252,Ggayi William Kieran,UGA,M,,,,1693,0,40,SEP25,2006,
10063382,Gideon Andrea,UGA,M,,,,1550,0,40,SEP25,2011,
10000550,"Gonza, Simon",UGA,M,,NA,,2034,0,20,SEP25,1984,
10018212,Hadriel Lubyaayi Kibuule,UGA,M,,,,1521,0,40,SEP25,2008,
10018069,Haggai Mawejje Israel,UGA,M,,,,1633,0,40,SEP25,2008,
10021876,Hailey Nio Mitchelle,UGA,F,,,,1640,0,40,SEP25,2009,w
10018077,Hannah Zion Mawejje,UGA,F,,,,1724,4,20,SEP25,2006,w
10019294,Haris Ahabwe,UGA,M,,,,1618,0,40,SEP25,2011,
10022260,Ian Kabyemera Kazimire,UGA,M,,,,1578,0,40,SEP25,2011,
10016988,Ian Smith Nabuguzi,UGA,M,,,,1782,0,20,SEP25,1997,
10005331,Ikonde Nekemiah Arnold,UGA,M,,,,1796,0,20,SEP25,1998,
10070672,Irwao Vicky,UGA,F,,,,1577,0,40,SEP25,2000,w
10019421,Isaac Tendo Serwadda,UGA,M,,,,1635,0,40,SEP25,2010,
10021655,Isabirye Difus,UGA,M,,,,1690,0,40,SEP25,1999,i
10023968,Ishimwe Denzel Christian,UGA,M,,,,1563,0,40,SEP25,2009,
10005528,Isiiko Mohammed,UGA,M,,,,1815,0,20,SEP25,1994,i
10005374,Isiko Patrick Simon,UGA,M,,,,1871,0,20,SEP25,1989,i
10051732,Iwumbwe Rahim,UGA,M,,,,1581,0,40,SEP25,1998,
10018034,Jacques kennedy  Ringtho Mugisa,UGA,M,,,,1618,0,40,SEP25,2011,
10058583,Janelle Rovenna Nyakato Aturinda,UGA,F,,,,1609,0,40,SEP25,2017,w
10018050,Jethro Mawejje Mulungi,UGA,M,,,,1493,1,40,SEP25,2013,
10027262,Jjingo Thomas,UGA,M,,,,1612,0,40,SEP25,2004,
10032240,Jjombwe Arnold,UGA,M,,,,1525,0,40,SEP25,2007,
10024824,Jonathan Lubega,UGA,M,,,,1410,0,40,SEP25,2012,
10060030,Jonathan Ostergaard,UGA,M,,,,1661,0,40,SEP25,2009,
10018085,Joseph Kizito,UGA,M,,,,1581,0,20,SEP25,1983,
10019308,Joseph Prince Muhanguzi,UGA,M,,,,1486,0,40,SEP25,2010,
10022341,Josephine Najjemba,UGA,F,,,,1479,3,40,SEP25,2010,w
10000348,"Kaamu, Joseph",UGA,M,,,,1755,0,20,SEP25,1950,i
10021892,Kabanda Elvin Bogere,UGA,M,,,,1562,0,40,SEP25,2007,
10000836,"Kabengano, Joyce",UGA,F,,,,1705,0,20,SEP25,1990,w
10045163,Kabunga Nelson,UGA,M,,,,1410,0,40,SEP25,2007,
10018760,Kabuye Charity Raphael,UGA,M,,,,1766,0,20,SEP25,2001,
10010831,Kabuye Paul,UGA,M,,,,1899,0,20,SEP25,2002,i
10008390,Kaddu Daniel,UGA,M,,,,1737,0,20,SEP25,1988,i
10015353,Kaddu Ivan,UGA,M,,,,2016,0,20,SEP25,1984,
10052291,Kaddu Tisha,UGA,F,,,,1484,0,40,SEP25,2012,w
10001689,"Kafuko, Paul",UGA,M,,,,1937,0,20,SEP25,1993,
10020519,Kagame Paul,UGA,M,,,,1616,0,40,SEP25,1999,
10016848,Kageni Julius ceaser,UGA,M,,,,1765,0,20,SEP25,1997,
10023690,Kaggwa Brian,UGA,M,,,,1626,0,20,SEP25,1999,
10007490,Kaggwa Christopher,UGA,M,,,,1682,0,20,SEP25,1999,i
10026592,Kagoya Saleha,UGA,F,,,,1425,0,40,SEP25,2007,w
10021434,Kagulire Farouk,UGA,M,,,,1598,0,20,SEP25,2002,
10011226,KAIRU JACOB,UGA,M,,,,1941,0,20,SEP25,2005,
10058184,Kajjoba Humphrey,UGA,M,,,,1516,0,40,SEP25,2011,
10065326,KAJOBA HUMPREY,UGA,M,,,,1628,0,40,SEP25,2013,
10025340,Kakuru Keith Rutemure,UGA,M,,,,1726,0,40,SEP25,2012,
10013970,Kalambuzi Paul,UGA,M,,,,1736,0,20,SEP25,1990,i
10016619,Kalanzi Jude,UGA,M,,SI,,1741,0,20,SEP25,1997,i
10054979,Kalema Arafat,UGA,M,,,,1449,0,40,SEP25,2010,
10016856,Kalema Henry Titus,UGA,M,,,,1605,0,20,SEP25,1999,i
10005390,Kalema Rogers,UGA,M,,,,1863,0,20,SEP25,1994,
10003576,"Kalugo, George William",UGA,M,,,,1855,0,20,SEP25,1996,
10004327,Kalule Charle Norbert,UGA,M,,,,1483,0,40,SEP25,1980,
10022368,Kalule Mukasa Kagimu,UGA,M,,,,1525,0,40,SEP25,2007,
10001360,"Kalule, Caxton",UGA,M,,,,1817,0,20,SEP25,1983,i
10023976,Kalumba Samuel,UGA,M,,,,1762,0,40,SEP25,1998,
10000593,"Kamoga, Rajab",UGA,M,,,,2003,0,20,SEP25,1984,
10015361,Kamya Albert,UGA,M,,,,1757,0,20,SEP25,1989,
10013440,Kamya Daniel,UGA,M,,,,1701,0,20,SEP25,1984,
10001727,"Kanaabi, Arlone",UGA,M,,,,1959,0,20,SEP25,1980,
10033670,Kansiime Veritah Blessed,UGA,F,,,,1471,0,40,SEP25,2008,wi
10004378,Kanyike Victor,UGA,M,,,,1726,0,20,SEP25,2004,
10035486,Karl Kwezi Katongole,UGA,M,,,,1565,3,40,SEP25,2013,
10047212,Karungi Irene,UGA,F,,,,1622,0,40,SEP25,2003,w
10033939,Kasirye Wycliff,UGA,M,,,,1512,0,40,SEP25,2005,i
10030034,Kasozi Emmanuel,UGA,M,,,,1456,0,40,SEP25,2008,
10020535,Kasozi Jodrine,UGA,F,,,,1448,0,40,SEP25,2010,w
10017313,Kasozi Jovan,UGA,M,,,,1639,0,40,SEP25,2007,
10020543,Kasozi Jovia,UGA,F,,,,1422,0,40,SEP25,2005,w
10017542,Kasozi Taufic,UGA,M,,,,1489,0,40,SEP25,2007,
10015132,Kasujja David Keiran,UGA,M,,,,1482,0,40,SEP25,2009,
10004777,katairo Thomas,UGA,M,,,,1945,0,20,SEP25,1991,i
10009892,Katende Hudson,UGA,M,,,,1670,0,20,SEP25,1996,
10011250,Katende Reynard Nigel,UGA,M,,,,1576,0,40,SEP25,2007,
10043152,Katende Shadrach,UGA,M,,,,1515,0,40,SEP25,2015,
10020047,Kateregga Daniel William,UGA,M,,,,1531,0,40,SEP25,2017,
10000984,"Katimbo, Frank",UGA,M,,,,1759,0,20,SEP25,1976,i
10020560,Kato Elisha,UGA,M,,,,1633,0,40,SEP25,2005,i
10017550,Kato Ivan,UGA,M,,,,1536,0,40,SEP25,2007,
10021175,Kato Joseph,UGA,M,,,,1569,0,40,SEP25,2000,
10031561,Kato Najib Muwonge,UGA,M,,,,1637,0,40,SEP25,2006,
10026061,Kato Peter Yiga,UGA,M,,,,1697,0,40,SEP25,2001,
10058206,Kato Raphael,UGA,M,,,,1487,0,40,SEP25,2005,
10000992,"Kato, Richard",UGA,M,,,,1918,0,20,SEP25,1999,
10052305,Katongole Lauryn Mary,UGA,F,,,,1430,1,40,SEP25,2012,w
10038647,Katumba Ahmad,UGA,M,,,,1689,0,40,SEP25,2004,
10004254,"Katumba, Joshua",UGA,M,,,,1896,0,20,SEP25,1990,
10051562,Katushabe Katrina,UGA,F,,,,1506,0,40,SEP25,2016,w
10008926,Kawooya Joseph,UGA,M,,,,1868,0,20,SEP25,1995,i
10010858,Kawooya Joseph,UGA,M,,,,1949,0,20,SEP25,1988,
10015094,Kawooya Swaleh,UGA,M,,,,1623,0,20,SEP25,2003,
10012486,Kawuma Patricia,UGA,F,WCM,WCM,,1777,0,20,SEP25,2006,w
10000127,"Kawuma, Patrick",UGA,M,FM,,,2224,0,20,SEP25,1990,
10020586,Kayanja John,UGA,M,,,,1604,0,40,SEP25,2005,
10005650,Kayesu Ivy,UGA,F,,,,1662,0,20,SEP25,1994,wi
10011676,Kayiru Sarah Eunice,UGA,F,,,,1576,0,40,SEP25,2010,wi
10042954,Kayiwa Peter Calvin,UGA,M,,,,1499,0,40,SEP25,2011,
10008918,Kayongo Edward,UGA,M,,,,1687,0,40,SEP25,1995,
10052690,Kayongo Reagan Kizito,UGA,M,,,,1521,0,40,SEP25,2012,
10033963,Kazibwe Arafat,UGA,M,,,,1725,0,40,SEP25,2007,
10042938,Kazibwe Jovan,UGA,M,,,,1753,0,40,SEP25,2008,
10023437,Kazibwe Travor,UGA,M,,,,1602,0,40,SEP25,2000,
10006443,Kazini Leon,UGA,M,,,,1761,0,20,SEP25,2000,
10058222,Kedar Bhatt,UGA,M,,,,1411,0,40,SEP25,2001,
10038809,Keije Keith,UGA,M,,,,1409,2,40,SEP25,2013,
10010092,Khatukhira Bernard,UGA,M,,,,1732,0,20,SEP25,1982,i
10019170,Khush Unadkat,UGA,M,,,,1487,0,40,SEP25,2009,
10023712,Kiberu Jonathan,UGA,M,,,,1629,0,20,SEP25,2000,i
10004998,"Kiberu, Peter Anthony",UGA,M,,,,1785,0,20,SEP25,1982,i
10059423,Kibirige Alexander Lucas,UGA,M,,,,1547,0,40,SEP25,2017,
10023500,Kibuuka Eria,UGA,M,,,,1582,0,40,SEP25,2008,i
10000615,"Kibuuka, Dennis",UGA,M,,,,AFM,1654,0,SEP25,1978,
10021329,Kibuule Hussam,UGA,M,,,,1671,0,20,SEP25,2002,
10028412,Kiggundu Owen,UGA,M,,,,1547,0,40,SEP25,2004,
10023984,Kigozi Calvin,UGA,M,,,,1608,0,20,SEP25,2004,i
10018778,Kigundu Ethan,UGA,M,,,,1715,0,40,SEP25,2007,
10028722,Kigundu Frank,UGA,M,,,,1507,0,40,SEP25,2005,
10000623,"Kikabi, Jeffrey",UGA,M,,,,1797,0,20,SEP25,1967,
10009140,Kikonyogo John,UGA,M,,,,1892,0,20,SEP25,1968,i
10006249,Kimala Martin,UGA,M,,,,1821,0,20,SEP25,2000,
10027700,Kimalyo Balaba Kian,UGA,M,,,,1484,0,40,SEP25,2011,
10019022,Kimara Odong Lovelle,UGA,M,,,,1628,0,40,SEP25,2005,
10001778,"Kimbowa, Henry",UGA,M,,,,1832,0,20,SEP25,1999,i
10000631,"Kimera, Innocent",UGA,M,,"AO,IO,IA",,AFM,1918,0,SEP25,1984,i
10032380,Kimuli Alpha,UGA,M,,,,1603,0,40,SEP25,2008,
10038868,Kinobe Henry,UGA,M,,,,1487,0,40,SEP25,2008,
10027556,Kirabo Anabel Mawerere,UGA,F,,,,1449,0,40,SEP25,2013,w
10010882,Kirabo Daniel Chessman,UGA,M,,,,1478,0,40,SEP25,2012,
10005722,Kirabo Gabriel Bodman,UGA,M,,,,1479,0,40,SEP25,2009,
10035508,Kirabo Steven,UGA,M,,,,1492,0,40,SEP25,2011,
10038884,Kiriisa Kevin,UGA,M,,,,1585,0,40,SEP25,2001,i
10010386,Kiryowa Moses,UGA,M,,,,1519,0,40,SEP25,2009,i
10037900,KISAAKYE MOSES,UGA,M,,,,1490,0,40,SEP25,2008,
10020608,Kisakye Emmanuel,UGA,M,,,,1543,0,40,SEP25,2005,
10031715,Kisakye Enock Kiyingi,UGA,M,,,,1627,0,40,SEP25,2006,
10058257,Kisekka Faisal,UGA,M,,,,1457,0,40,SEP25,2008,
10004637,Kisekka Jude Francis,UGA,M,,,,1667,0,40,SEP25,1997,i
10040293,Kisitu Alex Mathew,UGA,M,,,,1548,0,40,SEP25,2002,
10040307,Kisitu Arnold,UGA,M,,,,1528,0,40,SEP25,1994,
10006354,Kissa Leon,UGA,M,,,,1650,0,20,SEP25,2001,i
10006419,Kisuule Gordon,UGA,M,,,,1711,0,20,SEP25,1996,
10056335,Kiwalabye Joel,UGA,M,,,,1610,0,40,SEP25,2007,
10005730,Kiwanuka Ssubi,UGA,M,,,,1532,0,40,SEP25,2010,i
10004165,"Kiyaga, Samuel",UGA,M,,,,1841,0,20,SEP25,1998,
10020217,Kiyan Alpesh Hirani,UGA,M,,,,1639,0,40,SEP25,2013,
10024646,Kiyimba Herbert,UGA,M,,,,1576,0,40,SEP25,2003,
10017747,Kiyimba Marcelino,UGA,M,,,,1576,0,40,SEP25,2007,i
10024212,Kizito Daniel,UGA,M,,,,1493,0,40,SEP25,2008,
10053719,Kizito Emmanuel,UGA,M,,,,1487,0,40,SEP25,2015,
10015345,Kizito Jayden Mubiru,UGA,M,,,,1500,0,40,SEP25,2013,
10009639,Kizito Kangave,UGA,M,,,,1784,0,20,SEP25,1995,
10051260,Kizza Jeremiah,UGA,M,,,,1464,6,40,SEP25,2009,
10000526,"Kizza, Faruk Fauza Karim",UGA,M,CM,,,1959,0,20,SEP25,1987,
10016309,Kobugabe Michelle,UGA,F,,,,1468,0,40,SEP25,2010,w
10041826,Kobutungi Janet,UGA,F,,,,1436,0,40,SEP25,2016,w
10029966,Kukiriza Emmanuel,UGA,M,,,,1576,0,40,SEP25,2007,
10032096,Kukunda Austin Babukiika,UGA,M,,,,1491,0,40,SEP25,2015,
10036342,Kur Akut Deng,UGA,M,,,,2080,5,40,SEP25,2008,
10041036,Kusasira Ronald,UGA,M,,,,1717,0,40,SEP25,2004,i
10038914,Kusiima Joshua,UGA,M,,,,1504,0,40,SEP25,2005,
10063684,Kyabaggu Daniel,UGA,M,,,,1565,0,40,SEP25,2009,
10031952,Kyagambiddwa Abel,UGA,M,,,,1735,0,40,SEP25,2007,
10012508,Kyalisima Fazirah Zahara,UGA,F,,,,1512,0,40,SEP25,2008,w
10004726,"Kyaterekera, Brendah",UGA,F,,,,1563,0,40,SEP25,1994,w
10035516,Kylee Keza Katongole,UGA,F,,,,1526,2,40,SEP25,2008,w
10027548,Kyosiimye Abigail Mawerere,UGA,F,,,,1445,0,40,SEP25,2011,w
10037608,Laban Sabila Cherop,UGA,M,,,,1656,0,40,SEP25,2002,
10021922,Lemeriga Edgar,UGA,M,,,,1533,0,20,SEP25,1983,
10024921,Liam Lwanga,UGA,M,,,,1420,0,40,SEP25,2013,i
10001794,"Looda, Patrick",UGA,M,,,,1575,0,20,SEP25,0,
10035745,Losuba Daniel,UGA,M,,,,1566,0,40,SEP25,2008,i
10031669,Lotimong Joseph,UGA,M,,,,1640,0,40,SEP25,2007,
10036369,Lual Deng Lual,UGA,M,,,,1838,0,40,SEP25,2005,
10009205,Lubaale Peter,UGA,M,,,,1699,0,20,SEP25,1986,i
10059938,Lubangakene D. Emmanuel,UGA,M,,,,1527,0,40,SEP25,2002,
10010513,Lubega Mike,UGA,M,,,,1772,0,20,SEP25,1993,
10033157,Lubega Nelson,UGA,M,,,,1491,0,40,SEP25,2006,
10031650,Lubogo Prince Charles,UGA,M,,,,1917,0,40,SEP25,2005,
10070680,Lubuuya George Kelvin,UGA,M,,,,1685,0,40,SEP25,1998,
10020632,Luganda Ronald,UGA,M,,,,1735,0,20,SEP25,2003,
10036474,Lugoloobi Julius,UGA,M,,,,1530,0,40,SEP25,2008,
10055452,Lugonjo Nicholas,UGA,M,,,,1544,0,40,SEP25,1977,
10039368,Lukyamuzi Adams,UGA,M,,,,1499,0,40,SEP25,2012,i
10002570,"Luwemba, Charles",UGA,M,,,,1871,0,20,SEP25,1988,i
10010106,Lwanga Arthur Christopher,UGA,M,,,,1830,0,20,SEP25,1983,i
10035818,Lwanga Charles,UGA,M,,,,1601,3,40,SEP25,2009,
10001409,"Lwanga, Augustine",UGA,M,,,,1873,0,20,SEP25,1972,i
10014209,Lwasa Ronald,UGA,M,,,,1803,0,40,SEP25,1997,i
10056890,Madhan Simon,UGA,M,,,,1616,0,40,SEP25,2006,
10024433,Magino Norman,UGA,M,,,,1873,0,20,SEP25,2002,
10000658,"Maguzi, Peter",UGA,M,,,,1793,0,20,SEP25,1978,
10023720,Majak Deng Majak,UGA,M,,,,1709,0,20,SEP25,1992,i
10001816,"Makhombe, Francis",UGA,M,,,,1793,0,20,SEP25,0,
10020659,Male Reagan Kawuma,UGA,M,,,,1619,0,40,SEP25,2011,
10051651,Malish Roney Emma,UGA,M,,,,1414,0,40,SEP25,2005,
10005013,"Mande, Allan Benjamin",UGA,M,,,,1985,0,20,SEP25,1993,
10009620,Mangeni Andrew,UGA,M,,,,1885,0,20,SEP25,1995,i
10065008,Marhar Kout Machar,UGA,M,,,,1644,0,40,SEP25,2007,
10023739,Marko Deng Mathiag,UGA,M,,,,1617,0,20,SEP25,2000,i
10026509,MaryAnne Ndonj,UGA,F,,,,1558,0,40,SEP25,2005,wi
10035842,Masiga Ryan George,UGA,M,,,,1634,0,40,SEP25,2009,i
10005420,Masiko Ezekiel,UGA,M,,NA,,ACM,1839,0,SEP25,1991,i
10007768,Matovu Abel,UGA,M,,,,1990,0,20,SEP25,2000,
10051589,Matovu Ibrahim,UGA,M,,,,1580,0,40,SEP25,2000,
10012575,Matovu Musa,UGA,M,,,,1673,0,20,SEP25,1978,
10046267,Matovu Samuel Shammah,UGA,M,,,,1750,0,40,SEP25,2008,i
10001417,"Mawanda, Michael",UGA,M,,,,1801,0,20,SEP25,1978,
10024654,Mayanja Meddie,UGA,M,,,,1545,0,40,SEP25,2001,i
10005293,Mbabani Allan,UGA,M,,,,1859,0,20,SEP25,1994,
10016929,Mbalire Shawal,UGA,M,,,,1681,0,20,SEP25,2002,i
10007962,Mbaziira Wasswa Sharif,UGA,M,,,,1602,0,20,SEP25,2001,i
10032983,Mboowa Shadick,UGA,M,,,,1652,0,20,SEP25,2004,
10025634,Mbuga Nisha,UGA,F,,,,1402,0,40,SEP25,2007,wi
10018255,Meeme Joyce,UGA,F,,,,1605,0,40,SEP25,2005,w
10025782,Melisizwe Rugunda,UGA,M,,,,1401,0,40,SEP25,2009,
10065237,Mellisa Bongomin,UGA,F,,,,1477,0,40,SEP25,2012,w
10028269,Mich Ethan Omiyo,UGA,M,,,,1460,0,40,SEP25,2010,
10009396,Migabo Fred,UGA,M,,,,1766,0,40,SEP25,2006,i
10010181,Migadde Davis,UGA,M,,,,1674,0,20,SEP25,1986,i
10021930,Mikisa Mitchelle Nicolatte,UGA,F,,,,1489,0,40,SEP25,2009,w
10019197,Mirembe Caroline,UGA,F,,,,1473,0,40,SEP25,2008,wi
10001832,"Mirembe, Derrick",UGA,M,,NA,,1822,0,20,SEP25,1994,
10031421,Mitala Allan,UGA,M,,,,1620,0,40,SEP25,2006,
10060995,Mofag Mohammed,UGA,M,,,,1438,0,40,SEP25,2000,
10022473,Mohammed Shabbir Hazari,UGA,M,,,,1525,0,40,SEP25,2004,
10031359,Morro Elijah,UGA,M,,,,1583,0,40,SEP25,2006,
10029958,Mpandi Garry Dickson,UGA,M,,,,1721,0,40,SEP25,2006,
10036385,Mpanga Kevin,UGA,M,,,,1473,0,40,SEP25,2008,
10057170,Mubarak Kaweesa,UGA,M,,,,1598,6,40,SEP25,2009,
10020683,Mubiru Abaasi,UGA,M,,,,1614,0,20,SEP25,2000,
10031286,Mubiru Habibu,UGA,M,,,,1687,0,40,SEP25,2007,i
10015000,Mubiru Peter Celestine,UGA,M,,,,1564,0,40,SEP25,2009,
10023470,Mubiru Sunday,UGA,M,,,,1680,0,20,SEP25,1992,i
10001069,"Mubiru, Kizito",UGA,M,,NA,,1889,0,20,SEP25,1984,
147190835,"Mubiru, Nelson",UGA,M,,NA,,AIM,1860,0,SEP25,1986,i
10008179,Mudangi Isaac,UGA,M,,,,1885,0,20,SEP25,1996,
10051406,Mugabi Edwin,UGA,M,,,,1732,0,40,SEP25,1997,
10002596,"Mugabi, Eric",UGA,M,,,,1831,0,20,SEP25,1992,i
10016210,Mugagga Allan,UGA,M,,,,AFM,1838,0,SEP25,1999,
10010190,Mugagga Kaddu,UGA,M,,,,1816,0,20,SEP25,1987,
10014985,Mugambe Kiwanuka Ssali-Mukasa,UGA,M,,,,1523,0,40,SEP25,2013,i
10022864,Muganzi Ruth Thelma Lukanga,UGA,F,,,,1543,0,40,SEP25,2012,w
10034056,Mugenyi Mathias,UGA,M,,,,1592,0,40,SEP25,2014,
10016201,Mugerwa Ronnie,UGA,M,,,,1795,0,20,SEP25,1987,i
10005188,"Mugide, Safinah",UGA,F,,"SI,NA",,1729,0,20,SEP25,1996,w
10013059,Mugisha Elvis,UGA,M,,,,1781,0,20,SEP25,2005,
10021949,Mugisha Pius,UGA,M,,,,1687,0,20,SEP25,2003,i
10049258,Mugisha Vincent,UGA,M,,,,1656,0,20,SEP25,1993,
10005030,"Mugisha, David",UGA,M,,,,2008,0,20,SEP25,1979,
10003738,"Mugisha, Ivan Jalagatha",UGA,M,,,,1820,0,20,SEP25,1996,
10005048,"Mugoda, Solomon",UGA,M,,,,1914,0,20,SEP25,1998,
10001093,"Mugwanya, Wilson",UGA,M,,,,1849,0,20,SEP25,1995,
10011811,Muhebwa Shafik,UGA,M,,,,1710,0,20,SEP25,2006,
10024018,Muhirwa Alvin,UGA,M,,,,2068,5,40,SEP25,2011,
10017704,Muhumuza Elijah,UGA,M,,,,1631,0,40,SEP25,2009,
10005790,Muhumuza Jethroe,UGA,M,,,,1442,0,40,SEP25,2006,i
10043055,Mujjukize Pevin Peter,UGA,M,,,,1512,0,40,SEP25,2011,
10021485,Mukaaya Samuel,UGA,M,,,,1542,0,40,SEP25,2010,i
10009353,Mukalazi David,UGA,M,,,,1788,0,20,SEP25,1991,i
10003940,Mukalazi John Vianney,UGA,M,,,,1570,0,20,SEP25,1986,
10003851,Mukasa Patrick,UGA,M,,,,1635,0,20,SEP25,1968,
10022520,Mukaya Olivia,UGA,F,,,,1461,0,40,SEP25,2011,wi
10004157,"Muke, David Bright",UGA,M,,NA,,1870,0,20,SEP25,1982,i
10039678,Mukiibi John Ali,UGA,M,,,,1678,0,40,SEP25,2005,
10039317,Mukiibi Tayden,UGA,M,,,,1422,0,40,SEP25,2015,
10012761,Mukisa Blessing Shanitah,UGA,F,,,,1641,0,40,SEP25,2005,w
10045368,Mukisa Bush Graham,UGA,M,,,,1733,0,40,SEP25,2006,
10012516,Mukisa Chrispus,UGA,M,,,,1720,0,20,SEP25,2004,i
10013628,Mukisa Dennis,UGA,M,,,,1578,0,20,SEP25,2003,i
10024026,Mukisa Elvin,UGA,M,,,,1546,0,40,SEP25,2014,
10010955,Mukisa Emmanuel,UGA,M,,,,1623,0,40,SEP25,1999,
10055118,Mukisa Ethan,UGA,M,,,,1444,0,40,SEP25,2011,
10006125,Mukisa Glory Bbumba,UGA,F,,NA,,1468,0,20,SEP25,1999,wi
10015388,Mukisa Joshua,UGA,M,,,,1715,0,20,SEP25,1999,
10024492,Mukisa Randy Jeremiah,UGA,M,,,,1476,1,40,SEP25,2009,
10005056,"Mukose, Emmanuel",UGA,M,,,,1820,0,20,SEP25,1981,
10001115,"Mukumbya, Benjamin",UGA,M,,SI,,1920,0,20,SEP25,1998,i
10022546,Mukundane Keith,UGA,M,,,,1541,0,40,SEP25,2009,
10031413,Mukundwa Daniel,UGA,M,,,,1626,0,40,SEP25,2006,
10049207,Mukungu Miracle,UGA,M,,,,1482,0,40,SEP25,2009,
10004076,"Mukuye, Ivan",UGA,M,,,,1894,0,20,SEP25,1987,
10056432,Mulema Sean Wavamunno,UGA,M,,,,1479,2,40,SEP25,2018,
10042555,Mulindwa Joram Leighton,UGA,M,,,,1574,0,40,SEP25,2009,
10035559,Mulindwa Joseph,UGA,M,,,,1533,0,40,SEP25,2007,
10047336,Mulindwa Leyton,UGA,M,,,,1465,0,40,SEP25,2009,i
10018158,"Mulindwa, Reagan",UGA,M,,,,1771,0,20,SEP25,2001,i
10066896,Mulondo Joseph Luutu Mourinho,UGA,M,,,,1447,0,40,SEP25,2010,
10031898,Mulondo Joshua Jordan,UGA,M,,,,1869,0,40,SEP25,2004,
10009973,Mulooki Patrick James,UGA,M,,,,1826,0,20,SEP25,1995,
10014012,Muluya sadat,UGA,M,,,,1783,0,20,SEP25,1998,i
10018816,Mulwanyi Kiwanuka,UGA,M,,,,1445,0,40,SEP25,2014,i
10000267,"Munanira, Isaac",UGA,M,,,,2045,0,20,SEP25,1980,i
10022562,Munanukye Hamya,UGA,M,,,,1441,0,40,SEP25,2012,
10019359,Munanukye Manzi,UGA,M,,,,1590,0,40,SEP25,2010,
10023518,Mupere Colline,UGA,M,,,,1672,0,20,SEP25,2002,i
10039767,Muramuzi Denis,UGA,M,,,,1431,0,40,SEP25,2005,
10044973,Murungi Abraham Ndahura,UGA,M,,,,1421,0,40,SEP25,2011,
10021680,Murungi Francis,UGA,M,,,,1575,0,20,SEP25,2003,i
10010963,Murungi Mbaaga Scarlett,UGA,F,,,,1419,0,40,SEP25,2009,w
10010971,Musa Adam,UGA,M,,,,1879,0,20,SEP25,1979,i
10047344,Musasizi Ethan,UGA,M,,,,1469,1,40,SEP25,2013,
10024980,Musasizi Paul Kiyingi,UGA,M,,,,1559,0,20,SEP25,2004,
10013636,Musasizi Treasure,UGA,M,,,,1615,0,40,SEP25,2006,
10004084,"Musasizi, Emmanuel",UGA,M,CM,,,2062,0,20,SEP25,1999,
10009752,Musavuli Noe,UGA,M,,,,1604,0,40,SEP25,2005,
10005684,Musenze Calton,UGA,M,,,,1456,0,40,SEP25,2008,
10005692,Musenze Charline,UGA,F,,,,1522,0,40,SEP25,2011,w
10005706,Musenze Christian,UGA,M,,,,1495,0,40,SEP25,2005,i
10044981,Musiime Abenawe,UGA,M,,,,1439,0,40,SEP25,2011,
10025383,Musinguzi Marvin,UGA,M,,,,1620,9,40,SEP25,2008,
10006842,Musumba Joshua Kigundu,UGA,M,,,,1796,0,20,SEP25,1999,i
10010696,Mutangana William,UGA,M,,,,1713,0,20,SEP25,1982,
10043160,Mutebi Fahim,UGA,M,,,,1533,0,40,SEP25,2012,
10018557,Mutesasira Abbu,UGA,M,,,,1571,0,40,SEP25,2006,
10001140,"Mutesasira, Ivan",UGA,M,,,,1747,0,20,SEP25,1991,i
10060421,Mutungi Joel Ryan,UGA,M,,,,1497,0,40,SEP25,2010,
10047352,Mutyaba Jeremiah,UGA,M,,,,1441,0,40,SEP25,2012,i
10010998,Muwanga Moses,UGA,M,,,,1612,0,20,SEP25,1985,
10003959,"Muwanga, Joseph",UGA,M,,,,1537,0,20,SEP25,1987,i
10001450,"Muwanga, Patrick",UGA,M,,,,1733,0,20,SEP25,0,
10018549,Muwanguzi Alpha,UGA,M,,,,1520,0,40,SEP25,2013,
10052798,Muwanguzi Crescent,UGA,M,,,,1476,0,40,SEP25,2012,
10041443,Muwanguzi Emma,UGA,M,,,,1647,0,40,SEP25,2009,
10045457,Muwanguzi Emmanuel,UGA,M,,,,1531,0,40,SEP25,2009,
10034064,Muwanguzi Joel,UGA,M,,,,1432,0,40,SEP25,2009,
10008136,Muwanguzi Patrick Elijah,UGA,M,,,,1494,0,40,SEP25,2008,i
10022619,Muwanguzi Treasure,UGA,M,,,,1601,0,40,SEP25,2012,
10001158,"Muwanguzi, David",UGA,M,,,,2025,0,20,SEP25,1991,
10000704,"Muwanguzi, Norman",UGA,M,,,,1904,0,20,SEP25,0,i
10016155,Muweesi Ismail,UGA,M,,,,1689,0,20,SEP25,1999,i
10039520,Muwonge Mahad,UGA,M,,,,1462,0,40,SEP25,2006,i
10022627,Muwonge Pius Rodney,UGA,M,,,,1433,0,40,SEP25,2010,
10013679,Mwagale Angel Tiffany,UGA,F,,,,1532,0,20,SEP25,2004,w
10000712,"Mwaka, Emmanuel",UGA,M,,"AO,IA",,AIM,1949,0,SEP25,1979,
10028773,Mwanda Godfrey,UGA,M,,,,1812,0,40,SEP25,2004,
10070613,Mwanga George,UGA,M,,,,1628,0,40,SEP25,1969,
10043195,Mwangusha Jotham,UGA,M,,,,1571,0,40,SEP25,2010,
10018026,Mwanje Kathan Mickey,UGA,M,,,,1622,3,40,SEP25,2010,
10008144,Mwanje Wasswa Paul Kevin,UGA,M,,,,1487,0,40,SEP25,2006,
10011200,Mwase Arthur,UGA,M,,,,1819,0,40,SEP25,2009,
10011005,Mwase Matthew,UGA,M,,,,1937,0,40,SEP25,2007,
10004572,"Mwebaza, Charity Mayanja",UGA,F,,,,1626,0,20,SEP25,2000,wi
10026878,Mwebe Erisa Musoke,UGA,M,,,,1471,0,40,SEP25,2005,i
10049320,Mwesigwa David,UGA,M,,,,1621,0,40,SEP25,2008,
10023674,Mwesigwa Franklin Roselvet,UGA,M,,,,1826,0,20,SEP25,1981,
10011030,Mwesigye Micheal,UGA,M,,,,1928,0,40,SEP25,2007,
10060715,Mwima Violets Marianne,UGA,F,,,,1495,0,40,SEP25,2010,w
10012257,Nabacwa Allen Kyolaba,UGA,F,,,,1554,0,20,SEP25,1999,w
10019111,Nabaggala Vanessa,UGA,F,,,,1571,0,20,SEP25,2006,w
10033700,Nabatte Rahmah,UGA,F,,,,1501,0,40,SEP25,2009,w
10024034,Nabeeta Malcom,UGA,M,,,,1627,0,40,SEP25,2007,
10058370,Nabikolo Valisha,UGA,F,,,,1443,0,40,SEP25,2015,w
10016090,Nabirye Caroline,UGA,F,,,,1584,0,40,SEP25,2008,w
10023852,Nabukeera Faridah,UGA,F,,,,1546,0,40,SEP25,2006,wi
10056467,Nabukenya Belinda,UGA,F,,,,1556,0,40,SEP25,2009,w
10045570,Nabweteme Joy Mary,UGA,F,,,,1452,0,40,SEP25,2009,w
10026630,Nagitta Elizabeth,UGA,F,,,,1598,0,40,SEP25,2006,w
10041702,Nahurira Joel,UGA,M,,,,1585,0,40,SEP25,2007,
10037349,Nahwera Patience,UGA,F,,,,1455,0,40,SEP25,2002,w
10014373,Naisanga Sheba Valentine,UGA,F,,,,1654,0,20,SEP25,1995,w
10009566,Naisanga Valentine,UGA,F,,,,1513,0,20,SEP25,1996,wi
10004556,"Nakabo, Peninah",UGA,F,WFM,WFM,,1780,0,20,SEP25,1992,w
10026533,Nakagga Leticia,UGA,F,,,,1459,0,40,SEP25,2006,wi
10013725,Nakalyowa Sarah,UGA,F,,,,1626,3,20,SEP25,2006,w
10018565,Nakamatte Agnes,UGA,F,,,,1453,0,40,SEP25,2008,w
10021310,Nakanyike Rebecca,UGA,F,,,,1413,0,20,SEP25,1999,wi
10004386,"Nakanyike, Maria",UGA,F,WCM,WCM,,1653,0,40,SEP25,2006,wi
10045007,Nakasagga Joldin Angel,UGA,F,,,,1543,0,40,SEP25,2010,w
10033530,Nakatudde Mackline,UGA,F,,,,1690,4,40,SEP25,2008,w
10022660,Nakaweesa Jireh Nicole Walusimbi,UGA,F,,,,1473,0,40,SEP25,2015,w
10018298,Nakawunde Rebecca,UGA,F,,,,1439,0,40,SEP25,2009,w
10029982,Nakayizza Brendah,UGA,F,,,,1450,0,40,SEP25,2008,w
10011056,Nakazzi Joan Natalia,UGA,F,,,,1417,0,40,SEP25,2011,w
10009035,Nakiirya Victoria,UGA,F,,FA,,1574,0,20,SEP25,1993,w
10019120,Nakijjoba Ryann Kyla,UGA,F,,,,1519,0,40,SEP25,2007,w
10000860,"Nakimuli, Joanita",UGA,F,,,,1597,0,20,SEP25,1998,wi
10001581,Nakirwadde Victoria,UGA,F,,,,1632,0,20,SEP25,0,wi
10019901,Nakitende Deborah,UGA,F,,,,1561,0,40,SEP25,2004,wi
10016058,Nakiyaga Lillian,UGA,F,,,,1524,0,20,SEP25,2003,w
10026479,Nakkazi Joan,UGA,F,,,,1717,0,40,SEP25,2011,w
10023771,Nalubega Phiona,UGA,F,,,,1475,0,40,SEP25,2001,w
10014675,"Nalubuulwa, Sherina",UGA,F,,,,1713,0,20,SEP25,1997,wi
10005218,"Nalukwago, Joan",UGA,F,,,,1601,0,20,SEP25,1993,w
10041141,Nalule Maria Fausta,UGA,F,,,,1493,0,40,SEP25,2003,wi
10003703,"Nalumu, Nicole",UGA,F,,,,1576,0,40,SEP25,2005,w
10007644,Nalunga Sandra Esther,UGA,F,,,,1564,0,20,SEP25,1998,wi
10029184,Nalusiba Cynthia,UGA,F,,,,1432,0,40,SEP25,2008,w
10000445,"Namaganda, Christine",UGA,F,WFM,WFM,NA,1692,0,20,SEP25,1986,w
10002723,"Namaganda, Shanita",UGA,F,,,,1578,0,20,SEP25,1997,w
10004602,"Namaganda, Vivian",UGA,F,,,,1625,0,20,SEP25,1997,wi
10011366,Namakula Reigner,UGA,F,,,,1472,0,40,SEP25,2007,w
10017852,Namanda Leopold,UGA,M,,,,1679,0,20,SEP25,1996,
10018107,Namangala Bonny,UGA,M,,,,1869,0,40,SEP25,2002,
10007920,Nambasi Solomon,UGA,M,,,,1768,0,20,SEP25,2000,
10049860,Nambi Flavia,UGA,F,,,,1616,0,40,SEP25,2009,w
10043233,Namiganda Patience Abigail,UGA,F,,,,1574,0,40,SEP25,2012,w
10007970,Namiiro Janice Mubiru,UGA,F,,,,1676,0,40,SEP25,2007,w
10004793,Namirimu Happy Britney,UGA,F,,,,1476,0,40,SEP25,2005,wi
10037314,Nampiima Esther,UGA,F,,,,1653,0,40,SEP25,2002,w
10020837,Nampiima Valeria,UGA,F,,,,1421,0,40,SEP25,2009,w
10042903,Namugalu Evelyn,UGA,F,,,,1438,0,40,SEP25,2009,w
10041478,Namuguzi Godfrey Mwesigwa,UGA,M,,,,1629,0,40,SEP25,1973,
10016007,Namujju Sharon,UGA,F,,,,1627,0,20,SEP25,2003,w
10040684,Namukobe Suzan,UGA,F,,,,1459,2,40,SEP25,2010,w
10027394,Namuli Esther Getrude,UGA,F,,,,1496,0,40,SEP25,2007,w
10028315,Namuli Glenda,UGA,F,,,,1401,0,40,SEP25,2009,w
10005676,Namutebi Mary Anne,UGA,F,,,,1596,0,40,SEP25,2010,w
10006583,Namwamba Marvin,UGA,M,,,,1818,0,20,SEP25,2002,i
10005455,Namwanza Kennedy,UGA,M,,,,2039,0,20,SEP25,1995,
10051783,Nanangwe Esther,UGA,F,,,,1525,2,40,SEP25,2008,w
10051422,Nandudu Vickie,UGA,F,,,,1606,0,40,SEP25,2001,w
10024301,Nandujja Maria Gorreth,UGA,F,,,,1731,0,40,SEP25,2001,w
10025758,Nanfuma Jesca,UGA,F,,,,1498,0,40,SEP25,2012,w
10007989,Nankya Janelle Mubiru,UGA,F,,,,1480,0,40,SEP25,2009,w
10004645,Nannozi Esther Peninah,UGA,F,,,,1546,0,20,SEP25,1993,wi
10000887,"Nansubuga , Gloria",UGA,F,WFM,WFM,,1702,0,20,SEP25,2001,w
10011072,Nanyondo shirley,UGA,F,,,,1596,0,40,SEP25,2007,w
10019065,Nassiwa Margaret Musoke,UGA,F,,,,1611,0,20,SEP25,2002,w
10020870,Nayiga Vivian,UGA,F,,,,1454,0,40,SEP25,2005,w
10029095,Ndagire Elizabeth Fiona,UGA,F,,,,1457,0,40,SEP25,2007,w
10009361,Ndagire Mary Kevin,UGA,F,,,,1844,0,40,SEP25,2007,w
10019758,Ndawula Jonathan,UGA,M,,,,1538,0,40,SEP25,2010,
10051449,Ndawula Lawrence,UGA,M,,,,1708,0,40,SEP25,2002,
10047735,Ndayisenga Jean,UGA,M,,,,1518,0,40,SEP25,2012,
10026800,Nfukirani Arnold Joshua,UGA,M,,,,1715,0,20,SEP25,1996,
10004408,"Ngabijainitho, Peter Jaker",UGA,M,,,,1869,0,40,SEP25,1996,i
10002383,"Ngwije, Tito",UGA,M,,,,1745,0,40,SEP25,1993,i
10005200,"Nimaro, Agatha Agena",UGA,F,,,,1524,0,20,SEP25,2001,wi
10055185,Nimukunda Diana,UGA,F,,,,1438,0,40,SEP25,2012,w
10045651,Ninsiima Patricia,UGA,F,,,,1471,2,40,SEP25,2011,w
10015930,Niragire Brian,UGA,M,,,,1630,0,20,SEP25,1996,
10042687,Niwamanya Julius,UGA,M,,,,1552,0,40,SEP25,2009,i
10001166,"Niyonzima , Alex",UGA,M,,,,1773,0,20,SEP25,1974,
10038396,Nkonge Ambrose,UGA,M,,,,1683,0,40,SEP25,1994,i
10001174,"Nkonge, Moses",UGA,M,,,,1768,0,20,SEP25,1976,i
10005102,"Nkugwa, Mark William",UGA,M,,,,1846,0,20,SEP25,1993,i
10015620,Nkuutu Grace Gilbert,UGA,M,,,,1634,0,20,SEP25,2004,
10014551,Nkwambo Jimmy Sserwadda,UGA,M,,,,1659,0,40,SEP25,1982,i
10039872,Nongo Jed,UGA,M,,,,1546,0,40,SEP25,2010,
10066802,Nsaawa Jonathan Timothy Mugabi,UGA,M,,,,1552,0,40,SEP25,2006,
10055401,Nsamba Garvin,UGA,M,,,,1486,0,40,SEP25,2002,
10043993,Nsereko Raihan,UGA,M,,,,1490,0,40,SEP25,1997,
10008950,Nsubuga Aldrine Snr,UGA,M,,,,1518,0,20,SEP25,1976,
10014047,Nsubuga Arthur,UGA,M,,,,1608,0,20,SEP25,1997,
10008942,Nsubuga Benard,UGA,M,,,,1695,0,20,SEP25,1980,
10012915,Nsubuga Benard,UGA,M,,,,1638,0,40,SEP25,2002,i
10007997,Nsubuga Jayson Mubiru,UGA,M,,,,1546,0,40,SEP25,2010,
10000232,"Nsubuga, Grace Daniel",UGA,M,,,,1950,0,20,SEP25,1973,
10000569,"Nsubuga, Haruna",UGA,M,FM,,,2112,0,20,SEP25,1991,
10000097,"Nsubuga, Ritah N.",UGA,F,,,,1791,0,20,SEP25,1984,wi
10020918,Ntambi Peter Clever,UGA,M,,,,1596,0,40,SEP25,2010,
10020110,Ntambi Timothy,UGA,M,,,,1843,0,20,SEP25,2001,i
10004262,"Ntambi, Rogers",UGA,M,,,,1892,0,20,SEP25,1987,
10004491,"Ntende, Edgar",UGA,M,,,,1978,0,20,SEP25,1990,i
10015922,Ntume Ivan,UGA,M,,,,1821,0,40,SEP25,2005,
10015639,Ntumwa Calvin,UGA,M,,,,ACM,1861,0,SEP25,2002,
10047450,Nuwamanya Julius,UGA,M,,,,1515,0,40,SEP25,2009,
10033351,Nuwareeba Talent,UGA,F,,,,1511,0,40,SEP25,2009,w
10022090,Nyatia Aimee Ahumuza,UGA,F,,,,1572,3,40,SEP25,2011,w
10007652,Nyola Kato Mathias,UGA,M,,,,1823,0,20,SEP25,2000,
10007660,Nyola Wasswa Mark,UGA,M,,,,2096,0,20,SEP25,2000,
10005137,"Nyombi, Ibrahim Collins",UGA,M,,,,1808,0,20,SEP25,1993,
10002553,"Obita, Francis",UGA,M,,,,1820,0,20,SEP25,1965,
10014233,Oboth Joshua,UGA,M,,,,1674,0,20,SEP25,1997,i
10052348,Ocama Audrey Auma,UGA,F,,,,1427,0,40,SEP25,2011,w
10019219,Ocaya Mark,UGA,M,,,,1550,0,40,SEP25,2009,i
10014861,Ochola James,UGA,M,,,,1997,0,40,SEP25,2005,
10008314,Ochwo Valentine,UGA,M,,,,1656,0,20,SEP25,1996,
10042970,Odeem Emmanuel,UGA,M,,,,1564,0,40,SEP25,2010,
10031910,Odeke Abdallah Shaughi,UGA,M,,,,1669,0,40,SEP25,2003,
10058486,Odel Edwin,UGA,M,,,,1562,0,40,SEP25,2010,
10034080,Odida Aaron,UGA,M,,,,1554,3,40,SEP25,2009,
10031260,Odokonyero Daniel,UGA,M,,,,1851,5,40,SEP25,2012,
10031626,Odonge Norbert,UGA,M,,,,1741,0,40,SEP25,2004,
10001492,"Ojok, Patrick",UGA,M,,"LSI,AO,IO",,1959,0,20,SEP25,1974,i
10059989,Okalang David Keith,UGA,M,,,,1426,0,40,SEP25,2008,
10049410,Okanya Victor,UGA,M,,,,1601,0,40,SEP25,2007,
10049991,Okas Jeremiah,UGA,M,,,,1458,0,40,SEP25,2009,
10001204,"Okas, Walter",UGA,M,FM,NA,,2188,0,20,SEP25,1986,
10035036,Okidi Jacob,UGA,M,,,,1628,0,40,SEP25,1989,
10005641,Okiring Fred,UGA,M,,,,1965,0,20,SEP25,1984,
10021515,Okiror Solomon,UGA,M,,,,1587,4,40,SEP25,2010,
10000747,"Okoth, Arthur",UGA,M,,,,1792,0,20,SEP25,0,i
10004270,"Okoth, Winnie",UGA,F,,,,1593,0,20,SEP25,1989,wi
10024506,Okurut Martin Kingsley,UGA,M,,,,1624,0,40,SEP25,2012,
10007458,Oloya Sunday,UGA,M,,,,1699,0,40,SEP25,2001,
10010351,Omara Enock Obita,UGA,M,,,,1763,0,40,SEP25,2005,i
10007563,Omara Hamza Saviour,UGA,M,,,,1797,0,20,SEP25,1999,i
10019383,Omara Samora,UGA,M,,,,1654,0,40,SEP25,2011,
10014381,Omonuk Timothy,UGA,M,,,,1594,0,40,SEP25,1997,
10048081,Onyanga Ambrose,UGA,M,,,,1577,0,40,SEP25,2001,
10011161,Onyinyi Robert Magna,UGA,M,,,,1578,0,20,SEP25,2001,i
10011668,Opidri Aaron,UGA,M,,,,1616,0,40,SEP25,2012,
10036156,Opinira Solomon,UGA,M,,,,1574,0,40,SEP25,2005,
10006346,Opoka Joshua,UGA,M,,,,1720,0,20,SEP25,1999,
10025413,Oshabe Alvin,UGA,M,,,,1692,0,40,SEP25,2004,i
10001220,"Otella, Emmanuel",UGA,M,,,,1893,0,20,SEP25,1982,
10000763,"Otete, Albert",UGA,M,,,,1657,0,20,SEP25,1970,
10017054,Otika Elvis Brian,UGA,M,,,,1664,0,20,SEP25,1999,
10020080,Otim Emmanuel,UGA,M,,,,1624,0,20,SEP25,2001,i
10003878,Otim Isaac Jonathan,UGA,M,,,,1881,0,20,SEP25,1985,
10058753,Otim Joshua Immanuel,UGA,M,,,,1503,0,40,SEP25,2008,
10065270,Otori Mark,UGA,M,,,,1744,0,40,SEP25,1987,
10033521,Owomugisha Gabriella,UGA,F,,,,1497,0,40,SEP25,2013,w
10019006,Oyang Sankara,UGA,M,,,,1402,0,40,SEP25,2013,
10006834,Pero Derick Elvis,UGA,M,,,,AIM,1810,0,SEP25,1999,
10008152,Pido Edwin,UGA,M,,,,1927,0,40,SEP25,2007,
10028048,Pirwot Esli Opwoya,UGA,M,,,,1912,0,40,SEP25,2005,
10025138,Ponnam Kushik Kumar,UGA,M,,,,1558,0,40,SEP25,2010,
10033017,Pradyot Dobhal,UGA,M,,,,1406,0,40,SEP25,2012,
10032622,Prince Jordan Musamali,UGA,M,,,,1487,0,40,SEP25,2007,
10022724,Rhizon Turebe,UGA,M,,,,1485,1,40,SEP25,2013,
10019391,Rickey Micheal Beinomugisha,UGA,M,,,,1727,0,40,SEP25,2011,
10052976,Rishan Sameer Nadaf,UGA,M,,,,1434,0,40,SEP25,2013,
10033300,Rugunda Madiba,UGA,M,,,,1483,0,40,SEP25,2010,
10023445,Rukikaire Kamakira,UGA,M,,,,1721,0,20,SEP25,2001,
10022732,Rukundo Frank,UGA,M,,,,1475,0,40,SEP25,2009,
10047271,Rutvi Thumala Naveenkumar,UGA,F,,,,1418,0,40,SEP25,2014,w
10021345,Rwabose Asiphiwe Manzi Jethro,UGA,M,,,,1411,0,40,SEP25,2013,
10052356,Rwanjagarara Rita Raaina,UGA,F,,,,1444,0,40,SEP25,2011,w
10021507,Saasi Elizabeth,UGA,F,,,,1425,0,40,SEP25,2011,w
10021132,Sana Omprakash Kayyar,UGA,F,WFM,WFM,,1931,5,40,SEP25,2008,w
10003622,"Sangalo, Morris",UGA,M,,,,2062,0,20,SEP25,1993,
10005250,"Sanya,Derrick",UGA,M,,,,1864,0,20,SEP25,1998,
10027459,Segawa Hannington,UGA,M,,,,1508,0,40,SEP25,2007,
10000780,"Seguya, Ivan",UGA,M,,,,1627,0,20,SEP25,0,i
10048090,Sekamatte Derrick,UGA,M,,,,1661,0,40,SEP25,2000,
10004742,Sekiranda Isaac,UGA,M,,,,1658,0,20,SEP25,1997,
10066810,Sekubunga Timothy,UGA,M,,,,1428,0,40,SEP25,2012,
10023550,Sekuwanda Alex,UGA,M,,,,1731,0,40,SEP25,2006,i
10058338,Sempijja Adrian,UGA,M,,,,1563,0,40,SEP25,2006,
10036458,Sempijja George,UGA,M,,,,1529,0,40,SEP25,2011,
10007288,Semwanga Richard,UGA,M,,,,AFM,1794,0,SEP25,2001,
10020071,Semwanga Terry Tendo,UGA,M,,,,1602,0,40,SEP25,2009,i
10028226,Sendagire Alvin Zephaniah,UGA,M,,,,1598,0,40,SEP25,2006,
10015868,Sendijja Gerald,UGA,M,,,,1682,0,40,SEP25,2006,
10039031,Serugo Elijah,UGA,M,,,,1425,0,40,SEP25,2007,
10039023,Serunjogi Timothy,UGA,M,,,,1423,0,40,SEP25,2013,
10054502,Seruwo Maurice Tendo,UGA,M,,,,1578,0,40,SEP25,2009,
10045767,Shah Neej Bhavinkumar,UGA,M,,,,1545,0,40,SEP25,2009,
10022767,Shaun Adriel Agaba,UGA,M,,,,1461,0,40,SEP25,2013,
10022775,Sherry Ariella Agaba,UGA,F,,,,1670,0,40,SEP25,2009,w
10021140,Shoubhith Omprakash Kayyar,UGA,M,,,,AFM,1901,4,SEP25,2010,
10018093,Siima Zion Kazoora,UGA,M,,,,1755,4,40,SEP25,2007,
10035605,Solange Kangye Katongole,UGA,F,,,,1551,1,40,SEP25,2010,w
10010114,Solomon Lwanga Lubega,UGA,M,,,,2082,0,20,SEP25,1977,i
10015540,Sravya Kandi,UGA,F,,,,1549,0,40,SEP25,2006,wi
10001263,"Ssali , Julius",UGA,M,,,,1953,0,20,SEP25,1989,
10014080,Ssebadda Edgar,UGA,M,,,,1713,0,40,SEP25,2006,
10059679,Ssebina Titus Terry,UGA,M,,,,1673,0,40,SEP25,2009,
10049525,Ssebwana Kevin,UGA,M,,,,1670,0,40,SEP25,2009,
10055258,Ssegawa Pius,UGA,M,,,,1439,0,40,SEP25,2011,
10021256,Sseguya Ivan,UGA,M,,,,1688,0,20,SEP25,1979,
10000100,"Ssegwanyi, Arthur",UGA,M,IM,,,2315,0,20,SEP25,1988,
10017070,Ssekakande John Baptist,UGA,M,,,,1715,0,40,SEP25,1998,
10031731,Ssekamanya Mulondo Daudi,UGA,M,,,,1752,0,40,SEP25,2008,
10017402,Ssekamatte Daniel,UGA,M,,,,1648,0,20,SEP25,1998,i
10069577,Ssekamatte Gabriel,UGA,M,,,,1484,0,40,SEP25,2006,
10023496,Ssekandi Razak,UGA,M,,,,1562,0,20,SEP25,1997,
10049533,Ssekitoleko Charles,UGA,M,,,,1526,0,40,SEP25,2006,
10015809,Ssekitoleko Steven,UGA,M,,,,1556,0,40,SEP25,2000,
10055266,Ssekiziyivu Hamis Fahad,UGA,M,,,,1437,0,40,SEP25,2014,
10039414,Ssekyewa Rayan Diini,UGA,M,,,,1662,0,40,SEP25,2000,
10038957,Ssemakula Gideon,UGA,M,,,,1580,0,40,SEP25,2005,i
10006753,Ssematimba John,UGA,M,,,,1726,0,20,SEP25,2002,
10022821,Ssempijja Adrian,UGA,M,,,,1577,0,40,SEP25,2006,
10041281,Ssempijja George,UGA,M,,,,1505,0,40,SEP25,2012,
10012982,Ssemujju Richard,UGA,M,,,,1761,0,40,SEP25,1985,
10019960,Ssemwanga Peter,UGA,M,,,,1407,0,40,SEP25,2011,i
10018166,"Ssemwogerere, Reagan",UGA,M,,,,1669,0,20,SEP25,2001,i
10021060,Ssenabulya Collins,UGA,M,,,,1567,0,40,SEP25,2013,
10005501,Ssenabulya Sharif,UGA,M,,,,1795,0,20,SEP25,2003,i
10021078,Ssendijja Gerald,UGA,M,,,,1591,0,40,SEP25,2006,i
10055290,Ssenkezi Teron Peter,UGA,M,,,,1531,0,40,SEP25,2012,
10010122,Ssenkoole Laurrice Talemwa,UGA,M,,,,1725,0,20,SEP25,2003,
10004220,"Ssenkoole, Laurice",UGA,M,,,,1608,0,20,SEP25,2004,i
10010378,Ssenkubuge Abdul,UGA,M,,,,1618,0,40,SEP25,2005,i
10021086,Ssenkubuge Ivan,UGA,M,,,,1521,0,40,SEP25,1987,i
10011897,Ssenkumba Sudais,UGA,M,,,,1716,0,20,SEP25,2003,
10013784,Ssentamu Timothy,UGA,M,,,,1425,0,40,SEP25,2009,
10014241,Ssentongo Alex,UGA,M,,,,1755,0,40,SEP25,1996,
10052879,Ssentongo Enock Ssegawa,UGA,M,,,,1457,0,40,SEP25,2008,
10000054,"Ssentongo, Edward",UGA,M,,,,2238,0,20,SEP25,1957,i
10021272,Ssenyomo George William,UGA,M,,,,1708,0,20,SEP25,1961,
10043063,Ssenyondo Darren Jeremiah,UGA,M,,,,1534,0,40,SEP25,2012,
10018662,Ssenyonga Karim,UGA,M,,,,1471,0,40,SEP25,2007,
10049720,Ssenyonjo Dalton,UGA,M,,,,1543,0,40,SEP25,2012,
10050779,Ssenyonjo Daryl Amazing,UGA,M,,,,1408,0,40,SEP25,2017,
10050256,Sserubiri Gideon,UGA,M,,,,1577,0,40,SEP25,2012,
10066845,Sserubiri Gideon Griphine,UGA,M,,,,1431,0,40,SEP25,2014,
10007504,Sserunjogi Wilson,UGA,M,,,,1877,0,20,SEP25,1999,i
10040153,Sseruwu Raymond,UGA,M,,,,1829,0,40,SEP25,1999,
10008721,Sserwadda Emmanuel,UGA,M,,,,1785,0,20,SEP25,1995,i
10009906,Sserwanga Ivan,UGA,M,,,,1636,0,40,SEP25,1989,
10005226,"Sserwaniko, John",UGA,M,,,,1880,0,20,SEP25,1997,
10024077,Ssesanga Imrankhan Jamadah,UGA,M,,,,1431,0,40,SEP25,2011,
10019685,Ssetumba George William,UGA,M,,,,1661,0,40,SEP25,2005,i
10006850,Ssonko Jacob,UGA,M,,,,1606,0,20,SEP25,2001,
10001301,"Ssonko, Mathias Allan",UGA,M,,FI,,2083,0,20,SEP25,1988,i
10022848,Suhana Anil Yadav,UGA,F,,,,1706,3,40,SEP25,2013,w
10022040,Tabula Emmanuel,UGA,M,,,,1588,0,20,SEP25,1987,i
10010173,Takali Milly,UGA,F,WCM,WCM,NA,1711,0,20,SEP25,1994,w
10019952,Talemwa Rodney Baguma,UGA,M,,,,1635,0,40,SEP25,2003,i
10019677,Tali Josiah,UGA,M,,,,AFM,1644,0,SEP25,2005,i
10015450,Talia Atubet,UGA,F,,,,1562,3,40,SEP25,2015,w
10015787,Talwana Benjamin,UGA,M,,,,1592,0,40,SEP25,2002,
10004866,"Tamale, Innocent",UGA,M,,,,1960,0,20,SEP25,1996,
10011196,Tandeka Shiloh,UGA,M,,,,1821,0,40,SEP25,2008,
10015779,Tayebwa Naboth,UGA,M,,,,1854,0,20,SEP25,1999,i
10002057,Teeba Jordan,UGA,M,,NA,,1926,0,20,SEP25,1971,i
10055304,Tendo Nairah,UGA,F,,,,1474,0,40,SEP25,2014,w
10015760,Tenywa David,UGA,M,,,,1774,0,20,SEP25,1994,
10032070,Tim Caleb Francis,UGA,M,,,,1529,0,40,SEP25,2013,
10001271,"Tugume , Richard",UGA,M,,,,1919,0,20,SEP25,1992,
10057285,Tugume Rodrick,UGA,M,,,,1555,0,40,SEP25,2006,
10031642,Tulinaye Osborn,UGA,M,,,,1900,0,40,SEP25,2007,
10034161,Tumuhimbise Mark Junior,UGA,M,,,,1490,0,40,SEP25,2008,
10037675,Tumukunde Trevor,UGA,M,,,,1573,0,40,SEP25,2013,
10033173,Tumusiime Adrian Baguma,UGA,M,,,,1505,0,40,SEP25,2007,
10035621,Tumusiime Elvis,UGA,M,,,,1627,0,40,SEP25,2016,
10031278,Tumusiime Francis,UGA,M,,,,1675,1,40,SEP25,2016,
10000801,"Tumusiime, Anthony",UGA,M,,,,1752,0,20,SEP25,1983,i
10046305,Tumwesigye Philbert Ian,UGA,M,,,,1663,0,40,SEP25,2007,
10018573,Tumwine Isa,UGA,M,,,,1429,0,40,SEP25,2012,
10058346,Turyagenda Caleb Musimenta,UGA,M,,,,1488,0,40,SEP25,2012,
10000810,"Turyahabwe, Christopher",UGA,M,,,,1827,0,20,SEP25,1971,
10033254,Turyasingura Victor,UGA,M,,,,1727,0,40,SEP25,2011,
10033238,Turyatemba Augustine,UGA,M,,,,1456,0,40,SEP25,2015,
10063595,Tusubira Zion,UGA,M,,,,1419,0,40,SEP25,2013,
10010629,Twebaze Solomon,UGA,M,,,,1596,0,20,SEP25,2004,
10028277,Uwumugisha Shayne Aaron,UGA,M,,,,1534,0,40,SEP25,2010,
10004467,"Wabuyi, Ronald",UGA,M,,,,1793,0,40,SEP25,1990,
10031251,Wabwire Ronald,UGA,M,,,,1991,5,40,SEP25,2014,
10003673,"Wagodo, Abdul Shakuru",UGA,M,,,,AIM,2014,0,SEP25,1995,
10004831,"Waira, Ibrahim",UGA,M,,,,1906,0,20,SEP25,1993,i
10032770,Waiswa Emmanuel,UGA,M,,,,1446,0,40,SEP25,2007,
10008683,Wakabi Caleb,UGA,M,,,,1755,0,40,SEP25,1994,i
10015736,Wakasadha Fred,UGA,M,,,,1737,0,20,SEP25,1983,
10070702,Wakooli Benard,UGA,M,,,,1633,0,40,SEP25,1995,
10022880,Walusimbi Jason Samuel Kimuli,UGA,M,,,,1409,0,40,SEP25,2013,
10021540,Wamani Derrick,UGA,M,,,,1549,0,40,SEP25,2006,
10015728,Wana Lazarus,UGA,M,,,,1722,0,20,SEP25,1998,
10057340,Wandera Claude,UGA,M,,,,1650,0,40,SEP25,1986,
10047425,Wandera Matthew Michael,UGA,M,,,,1441,0,40,SEP25,2010,i
10000372,"Wanderema, Ignatius Paul",UGA,M,,,,2009,0,20,SEP25,1980,
10056971,Wanyama Vaughn Julian,UGA,M,,,,1400,1,40,SEP25,2017,
10000380,"Wanyama, Harold",UGA,M,FM,,,2190,0,20,SEP25,1981,
10065296,Wasike Rickie Elijah,UGA,M,,,,1463,0,40,SEP25,2012,
10018603,Wasswa Abraham,UGA,M,,,,1653,0,40,SEP25,2007,i
10032797,Wasswa Duncan,UGA,M,,,,1475,0,20,SEP25,2006,
10012419,Wasswa Ezra,UGA,M,,,,1747,0,20,SEP25,1999,i
10066853,Wasswa Joseph Moris,UGA,M,,,,1624,0,40,SEP25,2009,
10002634,"Wasswa, Douglas",UGA,M,,,,2012,0,20,SEP25,1990,i
10028900,Waswa Don Dathan,UGA,M,,,,1715,0,40,SEP25,2005,i
10022929,Watala Alexander,UGA,M,,,,1608,0,20,SEP25,1998,i
10037616,Weere Jonathan,UGA,M,,,,1696,0,40,SEP25,2001,
10004823,"Wekoye, Aaron",UGA,M,,,,1928,0,20,SEP25,1993,
10012150,Were Emmanuel,UGA,M,,,,1786,0,40,SEP25,2006,
10004653,Were Samuel,UGA,M,,,,1934,0,20,SEP25,1993,
10003584,"Were, Samuel",UGA,M,,,,1844,0,20,SEP25,1993,i
10018190,Woira Esau,UGA,M,,,,1614,0,40,SEP25,1996,
10023798,Yasir Yusuf,UGA,M,,,,1655,0,20,SEP25,1998,i
10030522,Yiga Simon,UGA,M,,,,1525,0,40,SEP25,2004,
10036563,Zandya Baker,UGA,M,,,,1662,0,40,SEP25,1992,
10011188,Zuri Tatiina,UGA,F,,,,1799,0,40,SEP25,2009,w