[
  {
    "ID Number": "13206877"
  },
  {
    "ID Number": "13201492"
  },
  {
    "ID Number": "13215418"
  },
  {
    "ID Number": "13211170"
  },
  {
    "ID Number": "13224018"
  },
  {
    "ID Number": "13203290"
  },
  {
    "ID Number": "13200909"
  },
  {
    "ID Number": "13201034"
  },
  {
    "ID Number": "13216350"
  },
  {
    "ID Number": "13211064"
  },
  {
    "ID Number": "13227211"
  },
  {
    "ID Number": "13202537"
  },
  {
    "ID Number": "13205064"
  },
  {
    "ID Number": "13215965"
  },
  {
    "ID Number": "13202758"
  },
  {
    "ID Number": "13219030"
  },
  {
    "ID Number": "13212559"
  },
  {
    "ID Number": "13226126"
  },
  {
    "ID Number": "13225952"
  },
  {
    "ID Number": "13213385"
  },
  {
    "ID Number": "13204548"
  },
  {
    "ID Number": "13206141"
  },
  {
    "ID Number": "13233793"
  },
  {
    "ID Number": "13219081"
  },
  {
    "ID Number": "13222228"
  },
  {
    "ID Number": "13217437"
  },
  {
    "ID Number": "13200828"
  },
  {
    "ID Number": "13216830"
  },
  {
    "ID Number": "13201298"
  },
  {
    "ID Number": "13200216"
  },
  {
    "ID Number": "13209272"
  },
  {
    "ID Number": "13200305"
  },
  {
    "ID Number": "13201891"
  },
  {
    "ID Number": "13203436"
  },
  {
    "ID Number": "13214730"
  },
  {
    "ID Number": "13230344"
  },
  {
    "ID Number": "13205854"
  },
  {
    "ID Number": "13231707"
  },
  {
    "ID Number": "13200186"
  },
  {
    "ID Number": "13229540"
  },
  {
    "ID Number": "13200267"
  },
  {
    "ID Number": "13211846"
  },
  {
    "ID Number": "13209809"
  },
  {
    "ID Number": "13228080"
  },
  {
    "ID Number": "13205676"
  },
  {
    "ID Number": "13207555"
  },
  {
    "ID Number": "13207091"
  },
  {
    "ID Number": "13210300"
  },
  {
    "ID Number": "13215868"
  },
  {
    "ID Number": "13223100"
  },
  {
    "ID Number": "13200852"
  },
  {
    "ID Number": "13205498"
  },
  {
    "ID Number": "13209701"
  },
  {
    "ID Number": "13209051"
  },
  {
    "ID Number": "13205366"
  },
  {
    "ID Number": "13208900"
  },
  {
    "ID Number": "13228404"
  },
  {
    "ID Number": "13216201"
  },
  {
    "ID Number": "13222236"
  },
  {
    "ID Number": "13211803"
  },
  {
    "ID Number": "13234684"
  },
  {
    "ID Number": "13223313"
  },
  {
    "ID Number": "13210424"
  },
  {
    "ID Number": "13204750"
  },
  {
    "ID Number": "13211951"
  },
  {
    "ID Number": "13231642"
  },
  {
    "ID Number": "13206672"
  },
  {
    "ID Number": "13205480"
  },
  {
    "ID Number": "13223445"
  },
  {
    "ID Number": "13214292"
  },
  {
    "ID Number": "13205510"
  },
  {
    "ID Number": "13227335"
  },
  {
    "ID Number": "13201344"
  },
  {
    "ID Number": "13215124"
  },
  {
    "ID Number": "13226436"
  },
  {
    "ID Number": "13210793"
  },
  {
    "ID Number": "13204343"
  },
  {
    "ID Number": "13204254"
  },
  {
    "ID Number": "13202766"
  },
  {
    "ID Number": "13218018"
  },
  {
    "ID Number": "13223534"
  },
  {
    "ID Number": "13210408"
  },
  {
    "ID Number": "13221884"
  },
  {
    "ID Number": "13201182"
  },
  {
    "ID Number": "13216872"
  },
  {
    "ID Number": "13216619"
  },
  {
    "ID Number": "13200550"
  },
  {
    "ID Number": "13231103"
  },
  {
    "ID Number": "13205102"
  },
  {
    "ID Number": "13205846"
  },
  {
    "ID Number": "13201190"
  },
  {
    "ID Number": "13205110"
  },
  {
    "ID Number": "13208160"
  },
  {
    "ID Number": "13206621"
  },
  {
    "ID Number": "13215426"
  },
  {
    "ID Number": "13202855"
  },
  {
    "ID Number": "13234706"
  },
  {
    "ID Number": "13210688"
  },
  {
    "ID Number": "13206133"
  },
  {
    "ID Number": "13224530"
  },
  {
    "ID Number": "13202251"
  },
  {
    "ID Number": "13200739"
  },
  {
    "ID Number": "13208179"
  },
  {
    "ID Number": "13207415"
  },
  {
    "ID Number": "13202057"
  },
  {
    "ID Number": "13232355"
  },
  {
    "ID Number": "13215809"
  },
  {
    "ID Number": "13211382"
  },
  {
    "ID Number": "13203185"
  },
  {
    "ID Number": "13225634"
  },
  {
    "ID Number": "13215752"
  },
  {
    "ID Number": "13201379"
  },
  {
    "ID Number": "13209043"
  },
  {
    "ID Number": "13201824"
  },
  {
    "ID Number": "13218816"
  },
  {
    "ID Number": "13207750"
  },
  {
    "ID Number": "13201549"
  },
  {
    "ID Number": "13202480"
  },
  {
    "ID Number": "13220080"
  },
  {
    "ID Number": "13216511"
  },
  {
    "ID Number": "13200224"
  },
  {
    "ID Number": "13211145"
  },
  {
    "ID Number": "13228234"
  },
  {
    "ID Number": "13214276"
  },
  {
    "ID Number": "13221140"
  },
  {
    "ID Number": "13218654"
  },
  {
    "ID Number": "13200020"
  },
  {
    "ID Number": "13223658"
  },
  {
    "ID Number": "13208330"
  },
  {
    "ID Number": "13207938"
  },
  {
    "ID Number": "13209892"
  },
  {
    "ID Number": "13230182"
  },
  {
    "ID Number": "13207040"
  },
  {
    "ID Number": "13208349"
  },
  {
    "ID Number": "13203592"
  },
  {
    "ID Number": "13209558"
  },
  {
    "ID Number": "13231766"
  },
  {
    "ID Number": "13225731"
  },
  {
    "ID Number": "13221167"
  },
  {
    "ID Number": "13202820"
  },
  {
    "ID Number": "13208020"
  },
  {
    "ID Number": "13228102"
  },
  {
    "ID Number": "13200313"
  },
  {
    "ID Number": "13206079"
  },
  {
    "ID Number": "13223291"
  },
  {
    "ID Number": "13210882"
  },
  {
    "ID Number": "13205307"
  },
  {
    "ID Number": "13210785"
  },
  {
    "ID Number": "13226592"
  },
  {
    "ID Number": "13221981"
  },
  {
    "ID Number": "13209620"
  },
  {
    "ID Number": "13214640"
  },
  {
    "ID Number": "13211790"
  },
  {
    "ID Number": "13207229"
  },
  {
    "ID Number": "13200321"
  },
  {
    "ID Number": "13226169"
  },
  {
    "ID Number": "13234137"
  },
  {
    "ID Number": "13205668"
  },
  {
    "ID Number": "13207580"
  },
  {
    "ID Number": "13209710"
  },
  {
    "ID Number": "2019531"
  },
  {
    "ID Number": "13219928"
  },
  {
    "ID Number": "13215175"
  },
  {
    "ID Number": "13209310"
  },
  {
    "ID Number": "13210815"
  },
  {
    "ID Number": "13229176"
  },
  {
    "ID Number": "4908287"
  },
  {
    "ID Number": "4908538"
  },
  {
    "ID Number": "13217267"
  },
  {
    "ID Number": "13228285"
  },
  {
    "ID Number": "13209302"
  },
  {
    "ID Number": "55686737"
  },
  {
    "ID Number": "13200232"
  },
  {
    "ID Number": "13201921"
  },
  {
    "ID Number": "13214403"
  },
  {
    "ID Number": "13200690"
  },
  {
    "ID Number": "13208640"
  },
  {
    "ID Number": "13203061"
  },
  {
    "ID Number": "13203070"
  },
  {
    "ID Number": "13205501"
  },
  {
    "ID Number": "13215892"
  },
  {
    "ID Number": "13228749"
  },
  {
    "ID Number": "13208152"
  },
  {
    "ID Number": "13204491"
  },
  {
    "ID Number": "13230085"
  },
  {
    "ID Number": "13200330"
  },
  {
    "ID Number": "13213741"
  },
  {
    "ID Number": "13204181"
  },
  {
    "ID Number": "13213032"
  },
  {
    "ID Number": "13224000"
  },
  {
    "ID Number": "13227173"
  },
  {
    "ID Number": "13206494"
  },
  {
    "ID Number": "13219456"
  },
  {
    "ID Number": "13216392"
  },
  {
    "ID Number": "13223500"
  },
  {
    "ID Number": "13225308"
  },
  {
    "ID Number": "13206435"
  },
  {
    "ID Number": "13233556"
  },
  {
    "ID Number": "13203371"
  },
  {
    "ID Number": "13231022"
  },
  {
    "ID Number": "13226983"
  },
  {
    "ID Number": "13200526"
  },
  {
    "ID Number": "13201395"
  },
  {
    "ID Number": "13206702"
  },
  {
    "ID Number": "13207881"
  },
  {
    "ID Number": "13202383"
  },
  {
    "ID Number": "13209795"
  },
  {
    "ID Number": "13206397"
  },
  {
    "ID Number": "13231286"
  },
  {
    "ID Number": "13206095"
  },
  {
    "ID Number": "13213687"
  },
  {
    "ID Number": "13212702"
  },
  {
    "ID Number": "13202499"
  },
  {
    "ID Number": "13222023"
  },
  {
    "ID Number": "13205250"
  },
  {
    "ID Number": "13211579"
  },
  {
    "ID Number": "13217216"
  },
  {
    "ID Number": "13204408"
  },
  {
    "ID Number": "13209590"
  },
  {
    "ID Number": "13210416"
  },
  {
    "ID Number": "13226037"
  },
  {
    "ID Number": "13203193"
  },
  {
    "ID Number": "13227475"
  },
  {
    "ID Number": "13213695"
  },
  {
    "ID Number": "13210378"
  },
  {
    "ID Number": "13215213"
  },
  {
    "ID Number": "13216724"
  },
  {
    "ID Number": "13205749"
  },
  {
    "ID Number": "13202260"
  },
  {
    "ID Number": "13200534"
  },
  {
    "ID Number": "13205390"
  },
  {
    "ID Number": "13201743"
  },
  {
    "ID Number": "13208357"
  },
  {
    "ID Number": "13233114"
  },
  {
    "ID Number": "13224875"
  },
  {
    "ID Number": "13229575"
  },
  {
    "ID Number": "13200780"
  },
  {
    "ID Number": "13211390"
  },
  {
    "ID Number": "13229192"
  },
  {
    "ID Number": "13228552"
  },
  {
    "ID Number": "13222783"
  },
  {
    "ID Number": "13212621"
  },
  {
    "ID Number": "13208071"
  },
  {
    "ID Number": "13224220"
  },
  {
    "ID Number": "13209442"
  },
  {
    "ID Number": "13200380"
  },
  {
    "ID Number": "13206150"
  },
  {
    "ID Number": "13232711"
  },
  {
    "ID Number": "13202278"
  },
  {
    "ID Number": "13209779"
  },
  {
    "ID Number": "13211471"
  },
  {
    "ID Number": "13221388"
  },
  {
    "ID Number": "13218760"
  },
  {
    "ID Number": "13204955"
  },
  {
    "ID Number": "13225286"
  },
  {
    "ID Number": "13201158"
  },
  {
    "ID Number": "13211935"
  },
  {
    "ID Number": "13202090"
  },
  {
    "ID Number": "13208560"
  },
  {
    "ID Number": "13201930"
  },
  {
    "ID Number": "13210386"
  },
  {
    "ID Number": "13215930"
  },
  {
    "ID Number": "13201166"
  },
  {
    "ID Number": "13213865"
  },
  {
    "ID Number": "13227033"
  },
  {
    "ID Number": "13216520"
  },
  {
    "ID Number": "13218875"
  },
  {
    "ID Number": "13231006"
  },
  {
    "ID Number": "13202685"
  },
  {
    "ID Number": "13203380"
  },
  {
    "ID Number": "13206540"
  },
  {
    "ID Number": "13234358"
  },
  {
    "ID Number": "13216538"
  },
  {
    "ID Number": "13216023"
  },
  {
    "ID Number": "13210777"
  },
  {
    "ID Number": "13200917"
  },
  {
    "ID Number": "13216864"
  },
  {
    "ID Number": "13220306"
  },
  {
    "ID Number": "13203606"
  },
  {
    "ID Number": "13201832"
  },
  {
    "ID Number": "13212311"
  },
  {
    "ID Number": "13221914"
  },
  {
    "ID Number": "13205684"
  },
  {
    "ID Number": "13226932"
  },
  {
    "ID Number": "13220683"
  },
  {
    "ID Number": "13208489"
  },
  {
    "ID Number": "13230590"
  },
  {
    "ID Number": "13203975"
  },
  {
    "ID Number": "13208284"
  },
  {
    "ID Number": "13216074"
  },
  {
    "ID Number": "13204157"
  },
  {
    "ID Number": "13216082"
  },
  {
    "ID Number": "13214284"
  },
  {
    "ID Number": "13234013"
  },
  {
    "ID Number": "13215353"
  },
  {
    "ID Number": "13208713"
  },
  {
    "ID Number": "13202502"
  },
  {
    "ID Number": "13203126"
  },
  {
    "ID Number": "13222686"
  },
  {
    "ID Number": "13220527"
  },
  {
    "ID Number": "13228277"
  },
  {
    "ID Number": "13223038"
  },
  {
    "ID Number": "13224417"
  },
  {
    "ID Number": "13203614"
  },
  {
    "ID Number": "13226029"
  },
  {
    "ID Number": "13208705"
  },
  {
    "ID Number": "13216376"
  },
  {
    "ID Number": "13200836"
  },
  {
    "ID Number": "13204190"
  },
  {
    "ID Number": "13219758"
  },
  {
    "ID Number": "13204840"
  },
  {
    "ID Number": "13204297"
  },
  {
    "ID Number": "13208314"
  },
  {
    "ID Number": "13208322"
  },
  {
    "ID Number": "13206311"
  },
  {
    "ID Number": "13219782"
  },
  {
    "ID Number": "13215205"
  },
  {
    "ID Number": "13213202"
  },
  {
    "ID Number": "13210297"
  },
  {
    "ID Number": "13215582"
  },
  {
    "ID Number": "13202073"
  },
  {
    "ID Number": "13215850"
  },
  {
    "ID Number": "13207482"
  },
  {
    "ID Number": "13231561"
  },
  {
    "ID Number": "13211838"
  },
  {
    "ID Number": "13208454"
  },
  {
    "ID Number": "13207148"
  },
  {
    "ID Number": "13209884"
  },
  {
    "ID Number": "13200160"
  },
  {
    "ID Number": "13208306"
  },
  {
    "ID Number": "34117226"
  },
  {
    "ID Number": "13223771"
  },
  {
    "ID Number": "13202472"
  },
  {
    "ID Number": "13213407"
  },
  {
    "ID Number": "13229460"
  },
  {
    "ID Number": "13224026"
  },
  {
    "ID Number": "13206850"
  },
  {
    "ID Number": "13207954"
  },
  {
    "ID Number": "13206222"
  },
  {
    "ID Number": "13201417"
  },
  {
    "ID Number": "13214349"
  },
  {
    "ID Number": "13212710"
  },
  {
    "ID Number": "13200933"
  },
  {
    "ID Number": "13206885"
  },
  {
    "ID Number": "13222015"
  },
  {
    "ID Number": "13234021"
  },
  {
    "ID Number": "13207130"
  },
  {
    "ID Number": "13203908"
  },
  {
    "ID Number": "13203762"
  },
  {
    "ID Number": "13200194"
  },
  {
    "ID Number": "13207741"
  },
  {
    "ID Number": "13219421"
  },
  {
    "ID Number": "13209027"
  },
  {
    "ID Number": "13223780"
  },
  {
    "ID Number": "13205315"
  },
  {
    "ID Number": "13232185"
  },
  {
    "ID Number": "13202715"
  },
  {
    "ID Number": "13214250"
  },
  {
    "ID Number": "13213288"
  },
  {
    "ID Number": "13204025"
  },
  {
    "ID Number": "13210963"
  },
  {
    "ID Number": "13200771"
  },
  {
    "ID Number": "13207776"
  },
  {
    "ID Number": "13201980"
  },
  {
    "ID Number": "13200402"
  },
  {
    "ID Number": "13206664"
  },
  {
    "ID Number": "13231723"
  },
  {
    "ID Number": "13224603"
  },
  {
    "ID Number": "13215671"
  },
  {
    "ID Number": "13210866"
  },
  {
    "ID Number": "13222708"
  },
  {
    "ID Number": "13218824"
  },
  {
    "ID Number": "13228951"
  },
  {
    "ID Number": "13203134"
  },
  {
    "ID Number": "13205706"
  },
  {
    "ID Number": "13213970"
  },
  {
    "ID Number": "13201727"
  },
  {
    "ID Number": "13213458"
  },
  {
    "ID Number": "13209787"
  },
  {
    "ID Number": "13227564"
  },
  {
    "ID Number": "24173860"
  },
  {
    "ID Number": "13227823"
  },
  {
    "ID Number": "13235109"
  },
  {
    "ID Number": "13206605"
  },
  {
    "ID Number": "13210360"
  },
  {
    "ID Number": "13214136"
  },
  {
    "ID Number": "13230964"
  },
  {
    "ID Number": "13230662"
  },
  {
    "ID Number": "4129776"
  },
  {
    "ID Number": "13751794"
  },
  {
    "ID Number": "13225189"
  },
  {
    "ID Number": "13211439"
  },
  {
    "ID Number": "6002382"
  },
  {
    "ID Number": "13204572"
  },
  {
    "ID Number": "13217984"
  },
  {
    "ID Number": "34117234"
  },
  {
    "ID Number": "13205200"
  },
  {
    "ID Number": "13200941"
  },
  {
    "ID Number": "13216414"
  },
  {
    "ID Number": "13216406"
  },
  {
    "ID Number": "13206931"
  },
  {
    "ID Number": "13203339"
  },
  {
    "ID Number": "13201522"
  },
  {
    "ID Number": "13216430"
  },
  {
    "ID Number": "13202111"
  },
  {
    "ID Number": "13203207"
  },
  {
    "ID Number": "13232827"
  },
  {
    "ID Number": "13214438"
  },
  {
    "ID Number": "13222821"
  },
  {
    "ID Number": "13229419"
  },
  {
    "ID Number": "13204521"
  },
  {
    "ID Number": "13208128"
  },
  {
    "ID Number": "13215086"
  },
  {
    "ID Number": "13223372"
  },
  {
    "ID Number": "13212842"
  },
  {
    "ID Number": "13205943"
  },
  {
    "ID Number": "13205935"
  },
  {
    "ID Number": "13230468"
  },
  {
    "ID Number": "13226070"
  },
  {
    "ID Number": "13204467"
  },
  {
    "ID Number": "13214420"
  },
  {
    "ID Number": "13217739"
  },
  {
    "ID Number": "13203622"
  },
  {
    "ID Number": "13210084"
  },
  {
    "ID Number": "13200798"
  },
  {
    "ID Number": "13215280"
  },
  {
    "ID Number": "13226533"
  },
  {
    "ID Number": "13203142"
  },
  {
    "ID Number": "13202774"
  },
  {
    "ID Number": "13208195"
  },
  {
    "ID Number": "13224654"
  },
  {
    "ID Number": "13217925"
  },
  {
    "ID Number": "13220640"
  },
  {
    "ID Number": "13222651"
  },
  {
    "ID Number": "13210076"
  },
  {
    "ID Number": "13205528"
  },
  {
    "ID Number": "13223569"
  },
  {
    "ID Number": "13218905"
  },
  {
    "ID Number": "13207474"
  },
  {
    "ID Number": "13207253"
  },
  {
    "ID Number": "13207245"
  },
  {
    "ID Number": "13209736"
  },
  {
    "ID Number": "13210939"
  },
  {
    "ID Number": "13206699"
  },
  {
    "ID Number": "13207903"
  },
  {
    "ID Number": "13230000"
  },
  {
    "ID Number": "13213601"
  },
  {
    "ID Number": "13214381"
  },
  {
    "ID Number": "13201557"
  },
  {
    "ID Number": "13204246"
  },
  {
    "ID Number": "13205536"
  },
  {
    "ID Number": "13203398"
  },
  {
    "ID Number": "13231936"
  },
  {
    "ID Number": "13200585"
  },
  {
    "ID Number": "13232800"
  },
  {
    "ID Number": "13204912"
  },
  {
    "ID Number": "13208578"
  },
  {
    "ID Number": "13200950"
  },
  {
    "ID Number": "13203983"
  },
  {
    "ID Number": "13213083"
  },
  {
    "ID Number": "13203738"
  },
  {
    "ID Number": "13207083"
  },
  {
    "ID Number": "13214268"
  },
  {
    "ID Number": "13231065"
  },
  {
    "ID Number": "13204564"
  },
  {
    "ID Number": "13231278"
  },
  {
    "ID Number": "13200038"
  },
  {
    "ID Number": "13215736"
  },
  {
    "ID Number": "13206249"
  },
  {
    "ID Number": "13209515"
  },
  {
    "ID Number": "13201204"
  },
  {
    "ID Number": "13204378"
  },
  {
    "ID Number": "13219790"
  },
  {
    "ID Number": "13204602"
  },
  {
    "ID Number": "13222066"
  },
  {
    "ID Number": "13204980"
  },
  {
    "ID Number": "13207067"
  },
  {
    "ID Number": "13201840"
  },
  {
    "ID Number": "13205323"
  },
  {
    "ID Number": "13227637"
  },
  {
    "ID Number": "13230158"
  },
  {
    "ID Number": "13211331"
  },
  {
    "ID Number": "13227467"
  },
  {
    "ID Number": "13205633"
  },
  {
    "ID Number": "13224271"
  },
  {
    "ID Number": "13226410"
  },
  {
    "ID Number": "13206656"
  },
  {
    "ID Number": "13202405"
  },
  {
    "ID Number": "13208055"
  },
  {
    "ID Number": "13208217"
  },
  {
    "ID Number": "13227181"
  },
  {
    "ID Number": "13206486"
  },
  {
    "ID Number": "13225251"
  },
  {
    "ID Number": "13232452"
  },
  {
    "ID Number": "13206680"
  },
  {
    "ID Number": "13219774"
  },
  {
    "ID Number": "13203150"
  },
  {
    "ID Number": "13203215"
  },
  {
    "ID Number": "13208721"
  },
  {
    "ID Number": "13214462"
  },
  {
    "ID Number": "13204742"
  },
  {
    "ID Number": "13205013"
  },
  {
    "ID Number": "13205285"
  },
  {
    "ID Number": "13211900"
  },
  {
    "ID Number": "13202286"
  },
  {
    "ID Number": "13212575"
  },
  {
    "ID Number": "13216627"
  },
  {
    "ID Number": "13201107"
  },
  {
    "ID Number": "382104398"
  },
  {
    "ID Number": "13211447"
  },
  {
    "ID Number": "13229877"
  },
  {
    "ID Number": "13217895"
  },
  {
    "ID Number": "13209000"
  },
  {
    "ID Number": "13207059"
  },
  {
    "ID Number": "13202227"
  },
  {
    "ID Number": "13219529"
  },
  {
    "ID Number": "13227572"
  },
  {
    "ID Number": "13225740"
  },
  {
    "ID Number": "13230603"
  },
  {
    "ID Number": "13227343"
  },
  {
    "ID Number": "13216988"
  },
  {
    "ID Number": "13211102"
  },
  {
    "ID Number": "13200410"
  },
  {
    "ID Number": "13201050"
  },
  {
    "ID Number": "13212397"
  },
  {
    "ID Number": "13222635"
  },
  {
    "ID Number": "13205951"
  },
  {
    "ID Number": "13204416"
  },
  {
    "ID Number": "13206788"
  },
  {
    "ID Number": "13212885"
  },
  {
    "ID Number": "13208047"
  },
  {
    "ID Number": "13204823"
  },
  {
    "ID Number": "13205439"
  },
  {
    "ID Number": "13212443"
  },
  {
    "ID Number": "13219146"
  },
  {
    "ID Number": "13205196"
  },
  {
    "ID Number": "13213580"
  },
  {
    "ID Number": "13228226"
  },
  {
    "ID Number": "13222589"
  },
  {
    "ID Number": "13229630"
  },
  {
    "ID Number": "13215183"
  },
  {
    "ID Number": "13224794"
  },
  {
    "ID Number": "13223046"
  },
  {
    "ID Number": "13222872"
  },
  {
    "ID Number": "13214748"
  },
  {
    "ID Number": "13215477"
  },
  {
    "ID Number": "13200518"
  },
  {
    "ID Number": "13209744"
  },
  {
    "ID Number": "13204831"
  },
  {
    "ID Number": "13212834"
  },
  {
    "ID Number": "13221078"
  },
  {
    "ID Number": "13201425"
  },
  {
    "ID Number": "13204424"
  },
  {
    "ID Number": "13206737"
  },
  {
    "ID Number": "382104431"
  },
  {
    "ID Number": "13230409"
  },
  {
    "ID Number": "13210530"
  },
  {
    "ID Number": "13229273"
  },
  {
    "ID Number": "13216180"
  },
  {
    "ID Number": "13223682"
  },
  {
    "ID Number": "13223127"
  },
  {
    "ID Number": "13225880"
  },
  {
    "ID Number": "13222295"
  },
  {
    "ID Number": "13205544"
  },
  {
    "ID Number": "13206559"
  },
  {
    "ID Number": "13214454"
  },
  {
    "ID Number": "13215434"
  },
  {
    "ID Number": "13200607"
  },
  {
    "ID Number": "13212460"
  },
  {
    "ID Number": "13205080"
  },
  {
    "ID Number": "13206303"
  },
  {
    "ID Number": "13232428"
  },
  {
    "ID Number": "13200976"
  },
  {
    "ID Number": "13217291"
  },
  {
    "ID Number": "13207288"
  },
  {
    "ID Number": "13204459"
  },
  {
    "ID Number": "13201620"
  },
  {
    "ID Number": "13232886"
  },
  {
    "ID Number": "13233700"
  },
  {
    "ID Number": "13202910"
  },
  {
    "ID Number": "13227009"
  },
  {
    "ID Number": "13227432"
  },
  {
    "ID Number": "13214004"
  },
  {
    "ID Number": "13204386"
  },
  {
    "ID Number": "13215132"
  },
  {
    "ID Number": "13230581"
  },
  {
    "ID Number": "13201530"
  },
  {
    "ID Number": "13227874"
  },
  {
    "ID Number": "13204734"
  },
  {
    "ID Number": "13219022"
  },
  {
    "ID Number": "13215760"
  },
  {
    "ID Number": "13228889"
  },
  {
    "ID Number": "13231294"
  },
  {
    "ID Number": "13223348"
  },
  {
    "ID Number": "13208209"
  },
  {
    "ID Number": "13215485"
  },
  {
    "ID Number": "13201352"
  },
  {
    "ID Number": "13200062"
  },
  {
    "ID Number": "13201760"
  },
  {
    "ID Number": "13208187"
  },
  {
    "ID Number": "13202952"
  },
  {
    "ID Number": "13200097"
  },
  {
    "ID Number": "13205552"
  },
  {
    "ID Number": "13202316"
  },
  {
    "ID Number": "13221256"
  },
  {
    "ID Number": "13209728"
  },
  {
    "ID Number": "13207539"
  },
  {
    "ID Number": "13203053"
  },
  {
    "ID Number": "13206745"
  },
  {
    "ID Number": "13217593"
  },
  {
    "ID Number": "13209531"
  },
  {
    "ID Number": "13205820"
  },
  {
    "ID Number": "13200178"
  },
  {
    "ID Number": "13206257"
  },
  {
    "ID Number": "13208667"
  },
  {
    "ID Number": "13221850"
  },
  {
    "ID Number": "13215884"
  },
  {
    "ID Number": "13202863"
  },
  {
    "ID Number": "13216228"
  },
  {
    "ID Number": "13207172"
  },
  {
    "ID Number": "13201433"
  },
  {
    "ID Number": "13202928"
  },
  {
    "ID Number": "13210831"
  },
  {
    "ID Number": "13219260"
  },
  {
    "ID Number": "13215531"
  },
  {
    "ID Number": "13216341"
  },
  {
    "ID Number": "13220977"
  },
  {
    "ID Number": "13202553"
  },
  {
    "ID Number": "13202901"
  },
  {
    "ID Number": "13229206"
  },
  {
    "ID Number": "13215515"
  },
  {
    "ID Number": "13207962"
  },
  {
    "ID Number": "13200119"
  },
  {
    "ID Number": "13222600"
  },
  {
    "ID Number": "13225430"
  },
  {
    "ID Number": "13203770"
  },
  {
    "ID Number": "13208039"
  },
  {
    "ID Number": "13233610"
  },
  {
    "ID Number": "13203088"
  },
  {
    "ID Number": "13207237"
  },
  {
    "ID Number": "13200437"
  },
  {
    "ID Number": "13203665"
  },
  {
    "ID Number": "13208829"
  },
  {
    "ID Number": "13206907"
  },
  {
    "ID Number": "13202022"
  },
  {
    "ID Number": "13226061"
  },
  {
    "ID Number": "13208365"
  },
  {
    "ID Number": "13208632"
  },
  {
    "ID Number": "13210491"
  },
  {
    "ID Number": "13220110"
  },
  {
    "ID Number": "13204700"
  },
  {
    "ID Number": "13214322"
  },
  {
    "ID Number": "13234080"
  },
  {
    "ID Number": "13211480"
  },
  {
    "ID Number": "13228382"
  },
  {
    "ID Number": "13207571"
  },
  {
    "ID Number": "13202510"
  },
  {
    "ID Number": "13218441"
  },
  {
    "ID Number": "13211293"
  },
  {
    "ID Number": "13224344"
  },
  {
    "ID Number": "13211897"
  },
  {
    "ID Number": "34117277"
  },
  {
    "ID Number": "13222325"
  },
  {
    "ID Number": "13225790"
  },
  {
    "ID Number": "13219103"
  },
  {
    "ID Number": "13222953"
  },
  {
    "ID Number": "13202626"
  },
  {
    "ID Number": "13206893"
  },
  {
    "ID Number": "13228013"
  },
  {
    "ID Number": "13220608"
  },
  {
    "ID Number": "13220632"
  },
  {
    "ID Number": "13204130"
  },
  {
    "ID Number": "13210807"
  },
  {
    "ID Number": "13232061"
  },
  {
    "ID Number": "13229052"
  },
  {
    "ID Number": "13214535"
  },
  {
    "ID Number": "13224883"
  },
  {
    "ID Number": "13208730"
  },
  {
    "ID Number": "13227394"
  },
  {
    "ID Number": "13200763"
  },
  {
    "ID Number": "13210769"
  },
  {
    "ID Number": "13216422"
  },
  {
    "ID Number": "13226134"
  },
  {
    "ID Number": "13216384"
  },
  {
    "ID Number": "13203401"
  },
  {
    "ID Number": "13212516"
  },
  {
    "ID Number": "13229605"
  },
  {
    "ID Number": "13223186"
  },
  {
    "ID Number": "13203649"
  },
  {
    "ID Number": "13217526"
  },
  {
    "ID Number": "13227327"
  },
  {
    "ID Number": "13229222"
  },
  {
    "ID Number": "13217712"
  },
  {
    "ID Number": "13203410"
  },
  {
    "ID Number": "13207865"
  },
  {
    "ID Number": "13232070"
  },
  {
    "ID Number": "13204203"
  },
  {
    "ID Number": "13208276"
  },
  {
    "ID Number": "13230743"
  },
  {
    "ID Number": "13209299"
  },
  {
    "ID Number": "13210971"
  },
  {
    "ID Number": "13209280"
  },
  {
    "ID Number": "13226460"
  },
  {
    "ID Number": "13228188"
  },
  {
    "ID Number": "13209400"
  },
  {
    "ID Number": "13222619"
  },
  {
    "ID Number": "13201441"
  },
  {
    "ID Number": "13211510"
  },
  {
    "ID Number": "13206400"
  },
  {
    "ID Number": "13202529"
  },
  {
    "ID Number": "13222112"
  },
  {
    "ID Number": "13205560"
  },
  {
    "ID Number": "13210025"
  },
  {
    "ID Number": "13211463"
  },
  {
    "ID Number": "13203991"
  },
  {
    "ID Number": "13201069"
  },
  {
    "ID Number": "13222368"
  },
  {
    "ID Number": "13201565"
  },
  {
    "ID Number": "13215744"
  },
  {
    "ID Number": "13203231"
  },
  {
    "ID Number": "13216821"
  },
  {
    "ID Number": "13231529"
  },
  {
    "ID Number": "13209574"
  },
  {
    "ID Number": "13220853"
  },
  {
    "ID Number": "13226363"
  },
  {
    "ID Number": "13209582"
  },
  {
    "ID Number": "13229613"
  },
  {
    "ID Number": "13217836"
  },
  {
    "ID Number": "13207202"
  },
  {
    "ID Number": "13213776"
  },
  {
    "ID Number": "13203096"
  },
  {
    "ID Number": "13204785"
  },
  {
    "ID Number": "13205005"
  },
  {
    "ID Number": "13224433"
  },
  {
    "ID Number": "13209680"
  },
  {
    "ID Number": "13219910"
  },
  {
    "ID Number": "13212877"
  },
  {
    "ID Number": "13206192"
  },
  {
    "ID Number": "13212435"
  },
  {
    "ID Number": "13227319"
  },
  {
    "ID Number": "13202146"
  },
  {
    "ID Number": "13204033"
  },
  {
    "ID Number": "13225260"
  },
  {
    "ID Number": "13228030"
  },
  {
    "ID Number": "13223887"
  },
  {
    "ID Number": "13205072"
  },
  {
    "ID Number": "13200275"
  },
  {
    "ID Number": "13213784"
  },
  {
    "ID Number": "13209760"
  },
  {
    "ID Number": "13228510"
  },
  {
    "ID Number": "13202340"
  },
  {
    "ID Number": "13205404"
  },
  {
    "ID Number": "13223763"
  },
  {
    "ID Number": "13225960"
  },
  {
    "ID Number": "13228668"
  },
  {
    "ID Number": "13201859"
  },
  {
    "ID Number": "13232525"
  },
  {
    "ID Number": "13221825"
  },
  {
    "ID Number": "13220012"
  },
  {
    "ID Number": "13223810"
  },
  {
    "ID Number": "13201913"
  },
  {
    "ID Number": "13215388"
  },
  {
    "ID Number": "13207768"
  },
  {
    "ID Number": "13200054"
  },
  {
    "ID Number": "13232126"
  },
  {
    "ID Number": "13204270"
  },
  {
    "ID Number": "13227785"
  },
  {
    "ID Number": "13206826"
  },
  {
    "ID Number": "13205331"
  },
  {
    "ID Number": "13205048"
  },
  {
    "ID Number": "13203630"
  },
  {
    "ID Number": "13202154"
  },
  {
    "ID Number": "13222805"
  },
  {
    "ID Number": "13209841"
  },
  {
    "ID Number": "13233424"
  },
  {
    "ID Number": "13204173"
  },
  {
    "ID Number": "13208586"
  },
  {
    "ID Number": "13213270"
  },
  {
    "ID Number": "13217500"
  },
  {
    "ID Number": "13219960"
  },
  {
    "ID Number": "13220373"
  },
  {
    "ID Number": "13209540"
  },
  {
    "ID Number": "13200011"
  },
  {
    "ID Number": "13200348"
  },
  {
    "ID Number": "13227440"
  },
  {
    "ID Number": "13202979"
  },
  {
    "ID Number": "13208098"
  },
  {
    "ID Number": "13201212"
  },
  {
    "ID Number": "13231847"
  },
  {
    "ID Number": "13225480"
  },
  {
    "ID Number": "13206648"
  },
  {
    "ID Number": "13226525"
  },
  {
    "ID Number": "13208675"
  },
  {
    "ID Number": "13209329"
  },
  {
    "ID Number": "13201867"
  },
  {
    "ID Number": "13229028"
  },
  {
    "ID Number": "13223860"
  },
  {
    "ID Number": "13204726"
  },
  {
    "ID Number": "13225758"
  },
  {
    "ID Number": "13210319"
  },
  {
    "ID Number": "13222562"
  },
  {
    "ID Number": "13219111"
  },
  {
    "ID Number": "13204149"
  },
  {
    "ID Number": "13207199"
  },
  {
    "ID Number": "13205412"
  },
  {
    "ID Number": "13208080"
  },
  {
    "ID Number": "13234676"
  },
  {
    "ID Number": "13203894"
  },
  {
    "ID Number": "13219685"
  },
  {
    "ID Number": "34117285"
  },
  {
    "ID Number": "13227386"
  },
  {
    "ID Number": "13200887"
  },
  {
    "ID Number": "13219383"
  },
  {
    "ID Number": "13220586"
  },
  {
    "ID Number": "13210017"
  },
  {
    "ID Number": "13204300"
  },
  {
    "ID Number": "13221604"
  },
  {
    "ID Number": "13233378"
  },
  {
    "ID Number": "13207008"
  },
  {
    "ID Number": "13206575"
  },
  {
    "ID Number": "13211889"
  },
  {
    "ID Number": "13207946"
  },
  {
    "ID Number": "13201948"
  },
  {
    "ID Number": "13228447"
  },
  {
    "ID Number": "13233149"
  },
  {
    "ID Number": "13230727"
  },
  {
    "ID Number": "13206052"
  },
  {
    "ID Number": "13200151"
  },
  {
    "ID Number": "13206290"
  },
  {
    "ID Number": "13208101"
  },
  {
    "ID Number": "13225723"
  },
  {
    "ID Number": "13222899"
  },
  {
    "ID Number": "13206524"
  },
  {
    "ID Number": "13202782"
  },
  {
    "ID Number": "13227378"
  },
  {
    "ID Number": "13200470"
  },
  {
    "ID Number": "13203487"
  },
  {
    "ID Number": "13217038"
  },
  {
    "ID Number": "13206583"
  },
  {
    "ID Number": "13220390"
  },
  {
    "ID Number": "13203959"
  },
  {
    "ID Number": "13216155"
  },
  {
    "ID Number": "13215140"
  },
  {
    "ID Number": "382105420"
  },
  {
    "ID Number": "13225715"
  },
  {
    "ID Number": "13219375"
  },
  {
    "ID Number": "13225545"
  },
  {
    "ID Number": "13225685"
  },
  {
    "ID Number": "34422587"
  },
  {
    "ID Number": "13224093"
  },
  {
    "ID Number": "14201003"
  },
  {
    "ID Number": "13234960"
  },
  {
    "ID Number": "13203118"
  },
  {
    "ID Number": "13200615"
  },
  {
    "ID Number": "13222791"
  },
  {
    "ID Number": "13216562"
  },
  {
    "ID Number": "13203312"
  },
  {
    "ID Number": "13218000"
  },
  {
    "ID Number": "13211137"
  },
  {
    "ID Number": "13207636"
  },
  {
    "ID Number": "13221159"
  },
  {
    "ID Number": "13218930"
  },
  {
    "ID Number": "13228803"
  },
  {
    "ID Number": "13233084"
  },
  {
    "ID Number": "13217127"
  },
  {
    "ID Number": "13205358"
  },
  {
    "ID Number": "13206729"
  },
  {
    "ID Number": "13202359"
  },
  {
    "ID Number": "13230611"
  },
  {
    "ID Number": "13202162"
  },
  {
    "ID Number": "13211820"
  },
  {
    "ID Number": "13202367"
  },
  {
    "ID Number": "13207644"
  },
  {
    "ID Number": "13229184"
  },
  {
    "ID Number": "13222716"
  },
  {
    "ID Number": "13231162"
  },
  {
    "ID Number": "13234404"
  },
  {
    "ID Number": "366109475"
  },
  {
    "ID Number": "88128288"
  },
  {
    "ID Number": "26092891"
  },
  {
    "ID Number": "13203584"
  },
  {
    "ID Number": "13205803"
  },
  {
    "ID Number": "13222139"
  },
  {
    "ID Number": "13230972"
  },
  {
    "ID Number": "13225219"
  },
  {
    "ID Number": "13204793"
  },
  {
    "ID Number": "13211234"
  },
  {
    "ID Number": "13228811"
  },
  {
    "ID Number": "13221639"
  },
  {
    "ID Number": "13230948"
  },
  {
    "ID Number": "13201450"
  },
  {
    "ID Number": "13210440"
  },
  {
    "ID Number": "13202790"
  },
  {
    "ID Number": "13226347"
  },
  {
    "ID Number": "13217488"
  },
  {
    "ID Number": "13200895"
  },
  {
    "ID Number": "13208225"
  },
  {
    "ID Number": "13213326"
  },
  {
    "ID Number": "13219871"
  },
  {
    "ID Number": "13208373"
  },
  {
    "ID Number": "13234439"
  },
  {
    "ID Number": "13202839"
  },
  {
    "ID Number": "13205099"
  },
  {
    "ID Number": "13203240"
  },
  {
    "ID Number": "13210548"
  },
  {
    "ID Number": "13208810"
  },
  {
    "ID Number": "13208063"
  },
  {
    "ID Number": "13219847"
  },
  {
    "ID Number": "13203428"
  },
  {
    "ID Number": "13205960"
  },
  {
    "ID Number": "13212060"
  },
  {
    "ID Number": "13228420"
  },
  {
    "ID Number": "13226762"
  },
  {
    "ID Number": "13202545"
  },
  {
    "ID Number": "13217070"
  },
  {
    "ID Number": "13203746"
  },
  {
    "ID Number": "13215612"
  },
  {
    "ID Number": "13211307"
  },
  {
    "ID Number": "13228048"
  },
  {
    "ID Number": "13211978"
  },
  {
    "ID Number": "13201220"
  },
  {
    "ID Number": "13220861"
  },
  {
    "ID Number": "13731998"
  },
  {
    "ID Number": "13212044"
  },
  {
    "ID Number": "13200046"
  },
  {
    "ID Number": "13209698"
  },
  {
    "ID Number": "13209507"
  },
  {
    "ID Number": "13222880"
  },
  {
    "ID Number": "13206869"
  },
  {
    "ID Number": "13214497"
  },
  {
    "ID Number": "13214500"
  },
  {
    "ID Number": "13206346"
  },
  {
    "ID Number": "13202731"
  },
  {
    "ID Number": "13201468"
  },
  {
    "ID Number": "13234609"
  },
  {
    "ID Number": "13227769"
  },
  {
    "ID Number": "13208268"
  },
  {
    "ID Number": "13201239"
  },
  {
    "ID Number": "13201573"
  },
  {
    "ID Number": "13203169"
  },
  {
    "ID Number": "13216112"
  },
  {
    "ID Number": "13210475"
  },
  {
    "ID Number": "13203860"
  },
  {
    "ID Number": "13206532"
  },
  {
    "ID Number": "13222910"
  },
  {
    "ID Number": "13206265"
  },
  {
    "ID Number": "13203932"
  },
  {
    "ID Number": "13231898"
  },
  {
    "ID Number": "13222627"
  },
  {
    "ID Number": "13204076"
  },
  {
    "ID Number": "13210092"
  },
  {
    "ID Number": "13206001"
  },
  {
    "ID Number": "13221086"
  },
  {
    "ID Number": "13212451"
  },
  {
    "ID Number": "13231146"
  },
  {
    "ID Number": "13227238"
  },
  {
    "ID Number": "13223852"
  },
  {
    "ID Number": "13226789"
  },
  {
    "ID Number": "34170936"
  },
  {
    "ID Number": "13224581"
  },
  {
    "ID Number": "13225502"
  },
  {
    "ID Number": "13203495"
  },
  {
    "ID Number": "13200810"
  },
  {
    "ID Number": "13211773"
  },
  {
    "ID Number": "13201956"
  },
  {
    "ID Number": "13210734"
  },
  {
    "ID Number": "13214683"
  },
  {
    "ID Number": "13228978"
  },
  {
    "ID Number": "13207792"
  },
  {
    "ID Number": "4907485"
  },
  {
    "ID Number": "13202324"
  },
  {
    "ID Number": "13205994"
  },
  {
    "ID Number": "13210947"
  },
  {
    "ID Number": "13200992"
  },
  {
    "ID Number": "13220624"
  },
  {
    "ID Number": "13226193"
  },
  {
    "ID Number": "13209060"
  },
  {
    "ID Number": "13219413"
  },
  {
    "ID Number": "13212052"
  },
  {
    "ID Number": "13205838"
  },
  {
    "ID Number": "13201247"
  },
  {
    "ID Number": "13215450"
  },
  {
    "ID Number": "13228218"
  },
  {
    "ID Number": "13230395"
  },
  {
    "ID Number": "13230484"
  },
  {
    "ID Number": "13213750"
  },
  {
    "ID Number": "13201255"
  },
  {
    "ID Number": "13210602"
  },
  {
    "ID Number": "13202871"
  },
  {
    "ID Number": "13204777"
  },
  {
    "ID Number": "13209957"
  },
  {
    "ID Number": "13219820"
  },
  {
    "ID Number": "13204815"
  },
  {
    "ID Number": "13201263"
  },
  {
    "ID Number": "13227254"
  },
  {
    "ID Number": "13201271"
  },
  {
    "ID Number": "13202898"
  },
  {
    "ID Number": "13232991"
  },
  {
    "ID Number": "13232320"
  },
  {
    "ID Number": "13214306"
  },
  {
    "ID Number": "13201964"
  },
  {
    "ID Number": "13201735"
  },
  {
    "ID Number": "13214330"
  },
  {
    "ID Number": "13210459"
  },
  {
    "ID Number": "13227068"
  },
  {
    "ID Number": "13214594"
  },
  {
    "ID Number": "13216775"
  },
  {
    "ID Number": "13207628"
  },
  {
    "ID Number": "13208926"
  },
  {
    "ID Number": "13219839"
  },
  {
    "ID Number": "13204432"
  },
  {
    "ID Number": "13224565"
  },
  {
    "ID Number": "13210700"
  },
  {
    "ID Number": "13201875"
  },
  {
    "ID Number": "13211609"
  },
  {
    "ID Number": "13222864"
  },
  {
    "ID Number": "13209833"
  },
  {
    "ID Number": "13204718"
  },
  {
    "ID Number": "13215590"
  },
  {
    "ID Number": "13205293"
  },
  {
    "ID Number": "13208136"
  },
  {
    "ID Number": "13212427"
  },
  {
    "ID Number": "13216139"
  },
  {
    "ID Number": "13211129"
  },
  {
    "ID Number": "13203509"
  },
  {
    "ID Number": "13228110"
  },
  {
    "ID Number": "13233599"
  },
  {
    "ID Number": "13231057"
  },
  {
    "ID Number": "13207830"
  },
  {
    "ID Number": "13205056"
  },
  {
    "ID Number": "13213768"
  },
  {
    "ID Number": "13222058"
  },
  {
    "ID Number": "13234803"
  },
  {
    "ID Number": "13204904"
  },
  {
    "ID Number": "13220578"
  },
  {
    "ID Number": "13230042"
  },
  {
    "ID Number": "13207296"
  },
  {
    "ID Number": "13219049"
  },
  {
    "ID Number": "13212532"
  },
  {
    "ID Number": "13216570"
  },
  {
    "ID Number": "13205714"
  },
  {
    "ID Number": "13234668"
  },
  {
    "ID Number": "13202804"
  },
  {
    "ID Number": "13208233"
  },
  {
    "ID Number": "13203320"
  },
  {
    "ID Number": "13229435"
  },
  {
    "ID Number": "13203282"
  },
  {
    "ID Number": "13201654"
  },
  {
    "ID Number": "13203835"
  },
  {
    "ID Number": "13203797"
  },
  {
    "ID Number": "13203177"
  },
  {
    "ID Number": "13231316"
  },
  {
    "ID Number": "13229893"
  },
  {
    "ID Number": "13218239"
  },
  {
    "ID Number": "13209361"
  },
  {
    "ID Number": "13207849"
  },
  {
    "ID Number": "13235451"
  },
  {
    "ID Number": "4901320"
  },
  {
    "ID Number": "13201590"
  },
  {
    "ID Number": "13204394"
  },
  {
    "ID Number": "13204220"
  },
  {
    "ID Number": "13205625"
  },
  {
    "ID Number": "13208594"
  },
  {
    "ID Number": "13205420"
  },
  {
    "ID Number": "13205129"
  },
  {
    "ID Number": "13233963"
  },
  {
    "ID Number": "13227203"
  },
  {
    "ID Number": "5029015"
  },
  {
    "ID Number": "13218034"
  },
  {
    "ID Number": "13205153"
  },
  {
    "ID Number": "13208004"
  },
  {
    "ID Number": "13228706"
  },
  {
    "ID Number": "13208012"
  },
  {
    "ID Number": "13216686"
  },
  {
    "ID Number": "13201603"
  },
  {
    "ID Number": "13219090"
  },
  {
    "ID Number": "13217089"
  },
  {
    "ID Number": "13230387"
  },
  {
    "ID Number": "13208969"
  },
  {
    "ID Number": "13204009"
  },
  {
    "ID Number": "13208950"
  },
  {
    "ID Number": "13201131"
  },
  {
    "ID Number": "13205897"
  },
  {
    "ID Number": "13216635"
  },
  {
    "ID Number": "13216597"
  },
  {
    "ID Number": "13216058"
  },
  {
    "ID Number": "13220900"
  },
  {
    "ID Number": "13226258"
  },
  {
    "ID Number": "13201794"
  },
  {
    "ID Number": "13222457"
  },
  {
    "ID Number": "13206567"
  },
  {
    "ID Number": "13220128"
  },
  {
    "ID Number": "13220438"
  },
  {
    "ID Number": "13207458"
  },
  {
    "ID Number": "13224352"
  },
  {
    "ID Number": "13211560"
  },
  {
    "ID Number": "13211552"
  },
  {
    "ID Number": "13226584"
  },
  {
    "ID Number": "13201000"
  },
  {
    "ID Number": "13205617"
  },
  {
    "ID Number": "13211986"
  },
  {
    "ID Number": "13209396"
  },
  {
    "ID Number": "13224859"
  },
  {
    "ID Number": "13230255"
  },
  {
    "ID Number": "13207075"
  },
  {
    "ID Number": "13220870"
  },
  {
    "ID Number": "13202308"
  },
  {
    "ID Number": "13228862"
  },
  {
    "ID Number": "13205641"
  },
  {
    "ID Number": "13211404"
  },
  {
    "ID Number": "13215906"
  },
  {
    "ID Number": "13201018"
  },
  {
    "ID Number": "13212087"
  },
  {
    "ID Number": "13210955"
  },
  {
    "ID Number": "13207911"
  },
  {
    "ID Number": "13208250"
  },
  {
    "ID Number": "13210645"
  },
  {
    "ID Number": "13230123"
  },
  {
    "ID Number": "13229931"
  },
  {
    "ID Number": "13209230"
  },
  {
    "ID Number": "13205471"
  },
  {
    "ID Number": "13220764"
  },
  {
    "ID Number": "13207407"
  },
  {
    "ID Number": "13225103"
  },
  {
    "ID Number": "13206273"
  },
  {
    "ID Number": "13206028"
  },
  {
    "ID Number": "13223518"
  },
  {
    "ID Number": "13218840"
  },
  {
    "ID Number": "13221442"
  },
  {
    "ID Number": "13230263"
  },
  {
    "ID Number": "329218666"
  },
  {
    "ID Number": "13220918"
  },
  {
    "ID Number": "13200631"
  },
  {
    "ID Number": "13227025"
  },
  {
    "ID Number": "13210750"
  },
  {
    "ID Number": "13228480"
  },
  {
    "ID Number": "13227041"
  },
  {
    "ID Number": "13216732"
  },
  {
    "ID Number": "13208241"
  },
  {
    "ID Number": "13233688"
  },
  {
    "ID Number": "13215698"
  },
  {
    "ID Number": "13200674"
  },
  {
    "ID Number": "13226177"
  },
  {
    "ID Number": "13222996"
  },
  {
    "ID Number": "13214357"
  },
  {
    "ID Number": "13208977"
  },
  {
    "ID Number": "13202650"
  },
  {
    "ID Number": "13200100"
  },
  {
    "ID Number": "13211030"
  },
  {
    "ID Number": "13210980"
  },
  {
    "ID Number": "13201476"
  },
  {
    "ID Number": "13207504"
  },
  {
    "ID Number": "13219057"
  },
  {
    "ID Number": "413003"
  },
  {
    "ID Number": "13211617"
  },
  {
    "ID Number": "13215469"
  },
  {
    "ID Number": "13218778"
  },
  {
    "ID Number": "13217933"
  },
  {
    "ID Number": "13227700"
  },
  {
    "ID Number": "13221736"
  },
  {
    "ID Number": "13207873"
  },
  {
    "ID Number": "13211161"
  },
  {
    "ID Number": "13223020"
  },
  {
    "ID Number": "13211455"
  },
  {
    "ID Number": "13205650"
  },
  {
    "ID Number": "13216171"
  },
  {
    "ID Number": "13220993"
  },
  {
    "ID Number": "13223623"
  },
  {
    "ID Number": "2656426"
  },
  {
    "ID Number": "13233637"
  },
  {
    "ID Number": "13230069"
  },
  {
    "ID Number": "13227483"
  },
  {
    "ID Number": "13210742"
  },
  {
    "ID Number": "13218387"
  },
  {
    "ID Number": "13227998"
  },
  {
    "ID Number": "13211625"
  },
  {
    "ID Number": "34205985"
  },
  {
    "ID Number": "13202197"
  },
  {
    "ID Number": "13209825"
  },
  {
    "ID Number": "13231154"
  },
  {
    "ID Number": "13206516"
  },
  {
    "ID Number": "8601844"
  },
  {
    "ID Number": "13205137"
  },
  {
    "ID Number": "13204319"
  },
  {
    "ID Number": "13200135"
  },
  {
    "ID Number": "13204963"
  },
  {
    "ID Number": "13203517"
  },
  {
    "ID Number": "13215396"
  },
  {
    "ID Number": "13205145"
  },
  {
    "ID Number": "13233521"
  },
  {
    "ID Number": "13210483"
  },
  {
    "ID Number": "13233955"
  },
  {
    "ID Number": "13209876"
  },
  {
    "ID Number": "13224840"
  },
  {
    "ID Number": "13221841"
  },
  {
    "ID Number": "13225316"
  },
  {
    "ID Number": "13228021"
  },
  {
    "ID Number": "13200640"
  },
  {
    "ID Number": "13222945"
  },
  {
    "ID Number": "13206036"
  },
  {
    "ID Number": "2055333"
  },
  {
    "ID Number": "13216554"
  },
  {
    "ID Number": "13219014"
  },
  {
    "ID Number": "13221833"
  },
  {
    "ID Number": "13216260"
  },
  {
    "ID Number": "13219588"
  },
  {
    "ID Number": "13215507"
  },
  {
    "ID Number": "13221337"
  },
  {
    "ID Number": "13220152"
  },
  {
    "ID Number": "13228528"
  },
  {
    "ID Number": "13203266"
  },
  {
    "ID Number": "13216090"
  },
  {
    "ID Number": "13204513"
  },
  {
    "ID Number": "13221469"
  },
  {
    "ID Number": "13227920"
  },
  {
    "ID Number": "2062020"
  },
  {
    "ID Number": "13209116"
  },
  {
    "ID Number": "13216813"
  },
  {
    "ID Number": "13226290"
  },
  {
    "ID Number": "13210572"
  },
  {
    "ID Number": "13229125"
  },
  {
    "ID Number": "13205226"
  },
  {
    "ID Number": "13216040"
  },
  {
    "ID Number": "13201140"
  },
  {
    "ID Number": "13207210"
  },
  {
    "ID Number": "13210858"
  },
  {
    "ID Number": "13215248"
  },
  {
    "ID Number": "13213962"
  },
  {
    "ID Number": "13206460"
  },
  {
    "ID Number": "13223356"
  },
  {
    "ID Number": "13206761"
  },
  {
    "ID Number": "13209434"
  },
  {
    "ID Number": "13204068"
  },
  {
    "ID Number": "13210920"
  },
  {
    "ID Number": "13200127"
  },
  {
    "ID Number": "13227750"
  },
  {
    "ID Number": "13206117"
  },
  {
    "ID Number": "13232436"
  },
  {
    "ID Number": "13200208"
  },
  {
    "ID Number": "13201484"
  },
  {
    "ID Number": "13206923"
  },
  {
    "ID Number": "13210335"
  },
  {
    "ID Number": "13208918"
  },
  {
    "ID Number": "13231901"
  },
  {
    "ID Number": "13204939"
  },
  {
    "ID Number": "13223593"
  },
  {
    "ID Number": "13216457"
  },
  {
    "ID Number": "13216465"
  },
  {
    "ID Number": "13204807"
  },
  {
    "ID Number": "13206362"
  },
  {
    "ID Number": "13210564"
  },
  {
    "ID Number": "13223437"
  },
  {
    "ID Number": "13223925"
  },
  {
    "ID Number": "13219766"
  },
  {
    "ID Number": "13228650"
  },
  {
    "ID Number": "13203819"
  },
  {
    "ID Number": "13226355"
  },
  {
    "ID Number": "13203827"
  },
  {
    "ID Number": "13210670"
  },
  {
    "ID Number": "13204440"
  },
  {
    "ID Number": "13200143"
  },
  {
    "ID Number": "13205340"
  },
  {
    "ID Number": "13221329"
  },
  {
    "ID Number": "13223976"
  },
  {
    "ID Number": "13215663"
  },
  {
    "ID Number": "13215655"
  },
  {
    "ID Number": "13202944"
  }
]