[
  {
    "ID Number": "93800053",
    "Name": "Auguiste, Lyndon",
    "Fed": "DMA",
    "Sex": "M",
    "Title": "",
    "WTit": "",
    "OTit": "",
    "Rating": "1740",
    "Gms": "0",
    "K": "20",
    "RatingMonth": "AUG25",
    "B-day": "1994",
    "Flag": "i"
  },
  {
    "ID Number": "93800096",
    "Name": "Berridge, Edger",
    "Fed": "DMA",
    "Sex": "M",
    "Title": "",
    "WTit": "",
    "OTit": "",
    "Rating": "1613",
    "Gms": "7",
    "K": "40",
    "RatingMonth": "AUG25",
    "B-day": "1966",
    "Flag": ""
  },
  {
    "ID Number": "93800037",
    "Name": "Bridet, Robert",
    "Fed": "DMA",
    "Sex": "M",
    "Title": "",
    "WTit": "",
    "OTit": "",
    "Rating": "1735",
    "Gms": "0",
    "K": "20",
    "RatingMonth": "AUG25",
    "B-day": "1969",
    "Flag": "i"
  },
  {
    "ID Number": "93800010",
    "Name": "Francis, Nigel",
    "Fed": "DMA",
    "Sex": "M",
    "Title": "CM",
    "WTit": "NA",
    "OTit": "",
    "Rating": "1722",
    "Gms": "6",
    "K": "20",
    "RatingMonth": "AUG25",
    "B-day": "1992",
    "Flag": ""
  },
  {
    "ID Number": "93800398",
    "Name": "Kovalenko, Andrey",
    "Fed": "DMA",
    "Sex": "M",
    "Title": "",
    "WTit": "",
    "OTit": "",
    "Rating": "AFM",
    "Gms": "1830",
    "K": "9",
    "RatingMonth": "AUG25",
    "B-day": "1965",
    "Flag": ""
  },
  {
    "ID Number": "93800061",
    "Name": "Morvan, Carlton",
    "Fed": "DMA",
    "Sex": "M",
    "Title": "",
    "WTit": "",
    "OTit": "",
    "Rating": "1646",
    "Gms": "3",
    "K": "20",
    "RatingMonth": "AUG25",
    "B-day": "1987",
    "Flag": ""
  },
  {
    "ID Number": "93800045",
    "Name": "Thomas, Larry",
    "Fed": "DMA",
    "Sex": "M",
    "Title": "",
    "WTit": "NA",
    "OTit": "",
    "Rating": "1680",
    "Gms": "0",
    "K": "20",
    "RatingMonth": "AUG25",
    "B-day": "1979",
    "Flag": "i"
  }
]