[
  {
    "ID Number": "6607411"
  },
  {
    "ID Number": "6630669"
  },
  {
    "ID Number": "6610820"
  },
  {
    "ID Number": "6608469"
  },
  {
    "ID Number": "6610846"
  },
  {
    "ID Number": "6605427"
  },
  {
    "ID Number": "6603238"
  },
  {
    "ID Number": "6604013"
  },
  {
    "ID Number": "6604358"
  },
  {
    "ID Number": "6600719"
  },
  {
    "ID Number": "6600522"
  },
  {
    "ID Number": "6629342"
  },
  {
    "ID Number": "6615821"
  },
  {
    "ID Number": "6612121"
  },
  {
    "ID Number": "6620124"
  },
  {
    "ID Number": "6608310"
  },
  {
    "ID Number": "6612741"
  },
  {
    "ID Number": "6600735"
  },
  {
    "ID Number": "6606806"
  },
  {
    "ID Number": "6600727"
  },
  {
    "ID Number": "6615660"
  },
  {
    "ID Number": "6604374"
  },
  {
    "ID Number": "6606660"
  },
  {
    "ID Number": "6601219"
  },
  {
    "ID Number": "6623140"
  },
  {
    "ID Number": "6608248"
  },
  {
    "ID Number": "6604242"
  },
  {
    "ID Number": "6627293"
  },
  {
    "ID Number": "6623000"
  },
  {
    "ID Number": "6608140"
  },
  {
    "ID Number": "6600743"
  },
  {
    "ID Number": "6612458"
  },
  {
    "ID Number": "6603190"
  },
  {
    "ID Number": "6600425"
  },
  {
    "ID Number": "6600140"
  },
  {
    "ID Number": "6601502"
  },
  {
    "ID Number": "6601227"
  },
  {
    "ID Number": "6607403"
  },
  {
    "ID Number": "6607691"
  },
  {
    "ID Number": "6627340"
  },
  {
    "ID Number": "6624251"
  },
  {
    "ID Number": "6629040"
  },
  {
    "ID Number": "6604021"
  },
  {
    "ID Number": "6624448"
  },
  {
    "ID Number": "6631312"
  },
  {
    "ID Number": "6602827"
  },
  {
    "ID Number": "6612466"
  },
  {
    "ID Number": "6612580"
  },
  {
    "ID Number": "6627641"
  },
  {
    "ID Number": "6614701"
  },
  {
    "ID Number": "6600050"
  },
  {
    "ID Number": "6603556"
  },
  {
    "ID Number": "6600336"
  },
  {
    "ID Number": "6604390"
  },
  {
    "ID Number": "6600069"
  },
  {
    "ID Number": "6607918"
  },
  {
    "ID Number": "6608930"
  },
  {
    "ID Number": "6600530"
  },
  {
    "ID Number": "6600247"
  },
  {
    "ID Number": "6607381"
  },
  {
    "ID Number": "6613225"
  },
  {
    "ID Number": "6624758"
  },
  {
    "ID Number": "6603939"
  },
  {
    "ID Number": "6600433"
  },
  {
    "ID Number": "6627927"
  },
  {
    "ID Number": "6609597"
  },
  {
    "ID Number": "6615490"
  },
  {
    "ID Number": "6601359"
  },
  {
    "ID Number": "6619240"
  },
  {
    "ID Number": "6622780"
  },
  {
    "ID Number": "6601545"
  },
  {
    "ID Number": "6603947"
  },
  {
    "ID Number": "6614248"
  },
  {
    "ID Number": "6621945"
  },
  {
    "ID Number": "6604757"
  },
  {
    "ID Number": "6609279"
  },
  {
    "ID Number": "6612954"
  },
  {
    "ID Number": "6619843"
  },
  {
    "ID Number": "6619932"
  },
  {
    "ID Number": "6615473"
  },
  {
    "ID Number": "6602509"
  },
  {
    "ID Number": "6601553"
  },
  {
    "ID Number": "6611320"
  },
  {
    "ID Number": "6600786"
  },
  {
    "ID Number": "6526454"
  },
  {
    "ID Number": "6600794"
  },
  {
    "ID Number": "6601235"
  },
  {
    "ID Number": "6613390"
  },
  {
    "ID Number": "6605400"
  },
  {
    "ID Number": "6600620"
  },
  {
    "ID Number": "6600549"
  },
  {
    "ID Number": "6605656"
  },
  {
    "ID Number": "6600611"
  },
  {
    "ID Number": "6606369"
  },
  {
    "ID Number": "3911853"
  },
  {
    "ID Number": "6600476"
  },
  {
    "ID Number": "6615457"
  },
  {
    "ID Number": "6617468"
  },
  {
    "ID Number": "6624740"
  },
  {
    "ID Number": "6606687"
  },
  {
    "ID Number": "6613306"
  },
  {
    "ID Number": "6617247"
  },
  {
    "ID Number": "3800997"
  },
  {
    "ID Number": "6605664"
  },
  {
    "ID Number": "6608213"
  },
  {
    "ID Number": "6606300"
  },
  {
    "ID Number": "6606296"
  },
  {
    "ID Number": "6627285"
  },
  {
    "ID Number": "6600484"
  },
  {
    "ID Number": "6607420"
  },
  {
    "ID Number": "6615015"
  },
  {
    "ID Number": "6613195"
  },
  {
    "ID Number": "6624405"
  },
  {
    "ID Number": "6602517"
  },
  {
    "ID Number": "6624286"
  },
  {
    "ID Number": "6617379"
  },
  {
    "ID Number": "6609309"
  },
  {
    "ID Number": "6611591"
  },
  {
    "ID Number": "6629105"
  },
  {
    "ID Number": "6600166"
  },
  {
    "ID Number": "6619380"
  },
  {
    "ID Number": "6600565"
  },
  {
    "ID Number": "6608345"
  },
  {
    "ID Number": "6624618"
  },
  {
    "ID Number": "6600808"
  },
  {
    "ID Number": "6619215"
  },
  {
    "ID Number": "6600816"
  },
  {
    "ID Number": "6628133"
  },
  {
    "ID Number": "6628907"
  },
  {
    "ID Number": "6629083"
  },
  {
    "ID Number": "6605265"
  },
  {
    "ID Number": "6600603"
  },
  {
    "ID Number": "6612180"
  },
  {
    "ID Number": "6600085"
  },
  {
    "ID Number": "6602533"
  },
  {
    "ID Number": "6626068"
  },
  {
    "ID Number": "6619100"
  },
  {
    "ID Number": "6601375"
  },
  {
    "ID Number": "6612695"
  },
  {
    "ID Number": "6620310"
  },
  {
    "ID Number": "6603351"
  },
  {
    "ID Number": "6600646"
  },
  {
    "ID Number": "6600298"
  },
  {
    "ID Number": "6612342"
  },
  {
    "ID Number": "6612350"
  },
  {
    "ID Number": "6622623"
  },
  {
    "ID Number": "6607705"
  },
  {
    "ID Number": "6602029"
  },
  {
    "ID Number": "6602134"
  },
  {
    "ID Number": "6629679"
  },
  {
    "ID Number": "6601626"
  },
  {
    "ID Number": "6622640"
  },
  {
    "ID Number": "6616208"
  },
  {
    "ID Number": "6627544"
  },
  {
    "ID Number": "3535916"
  },
  {
    "ID Number": "6626599"
  },
  {
    "ID Number": "6617875"
  },
  {
    "ID Number": "6600115"
  },
  {
    "ID Number": "6600093"
  },
  {
    "ID Number": "6603050"
  },
  {
    "ID Number": "6613616"
  },
  {
    "ID Number": "6603580"
  },
  {
    "ID Number": "6623727"
  },
  {
    "ID Number": "6629733"
  },
  {
    "ID Number": "6627854"
  },
  {
    "ID Number": "6617344"
  },
  {
    "ID Number": "6600107"
  },
  {
    "ID Number": "6602541"
  },
  {
    "ID Number": "6603823"
  },
  {
    "ID Number": "6604439"
  },
  {
    "ID Number": "6613349"
  },
  {
    "ID Number": "6605010"
  },
  {
    "ID Number": "6613357"
  },
  {
    "ID Number": "6602142"
  },
  {
    "ID Number": "6603904"
  },
  {
    "ID Number": "6619550"
  },
  {
    "ID Number": "6610480"
  },
  {
    "ID Number": "6600832"
  },
  {
    "ID Number": "6602150"
  },
  {
    "ID Number": "6603963"
  },
  {
    "ID Number": "6606750"
  },
  {
    "ID Number": "6601634"
  },
  {
    "ID Number": "6600441"
  },
  {
    "ID Number": "6603068"
  },
  {
    "ID Number": "6623719"
  },
  {
    "ID Number": "6614957"
  },
  {
    "ID Number": "6600840"
  },
  {
    "ID Number": "6625169"
  },
  {
    "ID Number": "6601642"
  },
  {
    "ID Number": "6608000"
  },
  {
    "ID Number": "6634141"
  },
  {
    "ID Number": "6604854"
  },
  {
    "ID Number": "6600506"
  },
  {
    "ID Number": "6602835"
  },
  {
    "ID Number": "6600174"
  },
  {
    "ID Number": "6602843"
  },
  {
    "ID Number": "6606601"
  },
  {
    "ID Number": "6604218"
  },
  {
    "ID Number": "6609686"
  },
  {
    "ID Number": "6610862"
  },
  {
    "ID Number": "6621937"
  },
  {
    "ID Number": "6614728"
  },
  {
    "ID Number": "6619495"
  },
  {
    "ID Number": "6605206"
  },
  {
    "ID Number": "6605214"
  },
  {
    "ID Number": "6605222"
  },
  {
    "ID Number": "6613047"
  },
  {
    "ID Number": "6605532"
  },
  {
    "ID Number": "6605613"
  },
  {
    "ID Number": "6604730"
  },
  {
    "ID Number": "6618278"
  },
  {
    "ID Number": "6613152"
  },
  {
    "ID Number": "6616046"
  },
  {
    "ID Number": "6600875"
  },
  {
    "ID Number": "6613284"
  },
  {
    "ID Number": "6604030"
  },
  {
    "ID Number": "6603076"
  },
  {
    "ID Number": "6604455"
  },
  {
    "ID Number": "6619290"
  },
  {
    "ID Number": "6623549"
  },
  {
    "ID Number": "6605354"
  },
  {
    "ID Number": "6614094"
  },
  {
    "ID Number": "6614086"
  },
  {
    "ID Number": "6609333"
  },
  {
    "ID Number": "6600158"
  },
  {
    "ID Number": "6614434"
  },
  {
    "ID Number": "6613217"
  },
  {
    "ID Number": "6627498"
  },
  {
    "ID Number": "6612920"
  },
  {
    "ID Number": "6607500"
  },
  {
    "ID Number": "6607519"
  },
  {
    "ID Number": "6602851"
  },
  {
    "ID Number": "6606598"
  },
  {
    "ID Number": "6608230"
  },
  {
    "ID Number": "6606334"
  },
  {
    "ID Number": "6618987"
  },
  {
    "ID Number": "6613330"
  },
  {
    "ID Number": "6618863"
  },
  {
    "ID Number": "6628443"
  },
  {
    "ID Number": "6603831"
  },
  {
    "ID Number": "6603840"
  },
  {
    "ID Number": "6620388"
  },
  {
    "ID Number": "6630138"
  },
  {
    "ID Number": "6607942"
  },
  {
    "ID Number": "6600344"
  },
  {
    "ID Number": "6608612"
  },
  {
    "ID Number": "6608620"
  },
  {
    "ID Number": "3910288"
  },
  {
    "ID Number": "6608574"
  },
  {
    "ID Number": "6613144"
  },
  {
    "ID Number": "6611087"
  },
  {
    "ID Number": "6611079"
  },
  {
    "ID Number": "6603599"
  },
  {
    "ID Number": "6612512"
  },
  {
    "ID Number": "6613560"
  },
  {
    "ID Number": "6634354"
  },
  {
    "ID Number": "6602592"
  },
  {
    "ID Number": "6602304"
  },
  {
    "ID Number": "6606903"
  },
  {
    "ID Number": "6613926"
  },
  {
    "ID Number": "6600190"
  },
  {
    "ID Number": "6603602"
  },
  {
    "ID Number": "6623468"
  },
  {
    "ID Number": "6603092"
  },
  {
    "ID Number": "6605630"
  },
  {
    "ID Number": "6603858"
  },
  {
    "ID Number": "6600042"
  },
  {
    "ID Number": "6603610"
  },
  {
    "ID Number": "6600123"
  },
  {
    "ID Number": "6608523"
  },
  {
    "ID Number": "6601677"
  },
  {
    "ID Number": "6616186"
  },
  {
    "ID Number": "6616127"
  },
  {
    "ID Number": "6625274"
  },
  {
    "ID Number": "6612199"
  },
  {
    "ID Number": "6623034"
  },
  {
    "ID Number": "6604617"
  },
  {
    "ID Number": "6617212"
  },
  {
    "ID Number": "6611486"
  },
  {
    "ID Number": "6605419"
  },
  {
    "ID Number": "6622810"
  },
  {
    "ID Number": "6613683"
  },
  {
    "ID Number": "6601324"
  },
  {
    "ID Number": "6601170"
  },
  {
    "ID Number": "6601693"
  },
  {
    "ID Number": "6602614"
  },
  {
    "ID Number": "6601707"
  },
  {
    "ID Number": "6630910"
  },
  {
    "ID Number": "6634524"
  },
  {
    "ID Number": "6606075"
  },
  {
    "ID Number": "6621902"
  },
  {
    "ID Number": "6604838"
  },
  {
    "ID Number": "6604625"
  },
  {
    "ID Number": "6604633"
  },
  {
    "ID Number": "6608515"
  },
  {
    "ID Number": "6610455"
  },
  {
    "ID Number": "6623557"
  },
  {
    "ID Number": "6600204"
  },
  {
    "ID Number": "6607233"
  },
  {
    "ID Number": "6633293"
  },
  {
    "ID Number": "6601723"
  },
  {
    "ID Number": "6613977"
  },
  {
    "ID Number": "6602410"
  },
  {
    "ID Number": "6600271"
  },
  {
    "ID Number": "6602622"
  },
  {
    "ID Number": "6621104"
  },
  {
    "ID Number": "6601260"
  },
  {
    "ID Number": "6612407"
  },
  {
    "ID Number": "6616445"
  },
  {
    "ID Number": "6627269"
  },
  {
    "ID Number": "6613993"
  },
  {
    "ID Number": "6614973"
  },
  {
    "ID Number": "6612784"
  },
  {
    "ID Number": "6612962"
  },
  {
    "ID Number": "6600352"
  },
  {
    "ID Number": "6611672"
  },
  {
    "ID Number": "6613489"
  },
  {
    "ID Number": "6611125"
  },
  {
    "ID Number": "6603645"
  },
  {
    "ID Number": "6600913"
  },
  {
    "ID Number": "6608531"
  },
  {
    "ID Number": "6602894"
  },
  {
    "ID Number": "6615678"
  },
  {
    "ID Number": "6626637"
  },
  {
    "ID Number": "6603653"
  },
  {
    "ID Number": "6607276"
  },
  {
    "ID Number": "6611770"
  },
  {
    "ID Number": "6605516"
  },
  {
    "ID Number": "6605508"
  },
  {
    "ID Number": "6602002"
  },
  {
    "ID Number": "6614019"
  },
  {
    "ID Number": "6600921"
  },
  {
    "ID Number": "6604927"
  },
  {
    "ID Number": "6627650"
  },
  {
    "ID Number": "6617077"
  },
  {
    "ID Number": "6613128"
  },
  {
    "ID Number": "6625487"
  },
  {
    "ID Number": "6621554"
  },
  {
    "ID Number": "6608639"
  },
  {
    "ID Number": "6608167"
  },
  {
    "ID Number": "6604986"
  },
  {
    "ID Number": "6602908"
  },
  {
    "ID Number": "6602916"
  },
  {
    "ID Number": "6610536"
  },
  {
    "ID Number": "6601090"
  },
  {
    "ID Number": "6600379"
  },
  {
    "ID Number": "6615627"
  },
  {
    "ID Number": "6607608"
  },
  {
    "ID Number": "6623107"
  },
  {
    "ID Number": "6606954"
  },
  {
    "ID Number": "6604064"
  },
  {
    "ID Number": "6614108"
  },
  {
    "ID Number": "6627757"
  },
  {
    "ID Number": "6612547"
  },
  {
    "ID Number": "6627374"
  },
  {
    "ID Number": "6628516"
  },
  {
    "ID Number": "6624480"
  },
  {
    "ID Number": "6604145"
  },
  {
    "ID Number": "6601766"
  },
  {
    "ID Number": "6600360"
  },
  {
    "ID Number": "6601278"
  },
  {
    "ID Number": "6605982"
  },
  {
    "ID Number": "6601774"
  },
  {
    "ID Number": "6613640"
  },
  {
    "ID Number": "6603670"
  },
  {
    "ID Number": "6613420"
  },
  {
    "ID Number": "6619061"
  },
  {
    "ID Number": "6601456"
  },
  {
    "ID Number": "6630014"
  },
  {
    "ID Number": "6603793"
  },
  {
    "ID Number": "6606970"
  },
  {
    "ID Number": "6605770"
  },
  {
    "ID Number": "6611982"
  },
  {
    "ID Number": "6629300"
  },
  {
    "ID Number": "6624006"
  },
  {
    "ID Number": "6600212"
  },
  {
    "ID Number": "6626700"
  },
  {
    "ID Number": "6611044"
  },
  {
    "ID Number": "6606377"
  },
  {
    "ID Number": "6603300"
  },
  {
    "ID Number": "6614744"
  },
  {
    "ID Number": "6605850"
  },
  {
    "ID Number": "6602185"
  },
  {
    "ID Number": "6602070"
  },
  {
    "ID Number": "6611060"
  },
  {
    "ID Number": "6605478"
  },
  {
    "ID Number": "6630871"
  },
  {
    "ID Number": "6621821"
  },
  {
    "ID Number": "6627234"
  },
  {
    "ID Number": "6600930"
  },
  {
    "ID Number": "6606717"
  },
  {
    "ID Number": "6604048"
  },
  {
    "ID Number": "6632181"
  },
  {
    "ID Number": "6603807"
  },
  {
    "ID Number": "6616844"
  },
  {
    "ID Number": "6613462"
  },
  {
    "ID Number": "6605281"
  },
  {
    "ID Number": "6622704"
  },
  {
    "ID Number": "6613780"
  },
  {
    "ID Number": "6623271"
  },
  {
    "ID Number": "6619118"
  },
  {
    "ID Number": "6600514"
  },
  {
    "ID Number": "6615759"
  },
  {
    "ID Number": "6601790"
  },
  {
    "ID Number": "6602665"
  },
  {
    "ID Number": "6601286"
  },
  {
    "ID Number": "6628877"
  },
  {
    "ID Number": "6602932"
  },
  {
    "ID Number": "6601154"
  },
  {
    "ID Number": "6606520"
  },
  {
    "ID Number": "6614116"
  },
  {
    "ID Number": "6619568"
  },
  {
    "ID Number": "6625665"
  },
  {
    "ID Number": "6608353"
  },
  {
    "ID Number": "6610188"
  },
  {
    "ID Number": "6600948"
  },
  {
    "ID Number": "6608442"
  },
  {
    "ID Number": "6624049"
  },
  {
    "ID Number": "6601812"
  },
  {
    "ID Number": "6619509"
  },
  {
    "ID Number": "6618650"
  },
  {
    "ID Number": "6624723"
  },
  {
    "ID Number": "6606040"
  },
  {
    "ID Number": "6614183"
  },
  {
    "ID Number": "6605303"
  },
  {
    "ID Number": "6631177"
  },
  {
    "ID Number": "6606725"
  },
  {
    "ID Number": "6608256"
  },
  {
    "ID Number": "6602681"
  },
  {
    "ID Number": "4413369"
  },
  {
    "ID Number": "6632505"
  },
  {
    "ID Number": "6626645"
  },
  {
    "ID Number": "6600077"
  },
  {
    "ID Number": "6605320"
  },
  {
    "ID Number": "6619274"
  },
  {
    "ID Number": "6604820"
  },
  {
    "ID Number": "6602690"
  },
  {
    "ID Number": "6603114"
  },
  {
    "ID Number": "6613071"
  },
  {
    "ID Number": "6600387"
  },
  {
    "ID Number": "6626750"
  },
  {
    "ID Number": "6617204"
  },
  {
    "ID Number": "6600395"
  },
  {
    "ID Number": "6600018"
  },
  {
    "ID Number": "6616895"
  },
  {
    "ID Number": "6624715"
  },
  {
    "ID Number": "6605273"
  },
  {
    "ID Number": "6607926"
  },
  {
    "ID Number": "6626882"
  },
  {
    "ID Number": "6617387"
  },
  {
    "ID Number": "6603882"
  },
  {
    "ID Number": "6629571"
  },
  {
    "ID Number": "6610439"
  },
  {
    "ID Number": "6600956"
  },
  {
    "ID Number": "6606059"
  },
  {
    "ID Number": "6619622"
  },
  {
    "ID Number": "6602380"
  },
  {
    "ID Number": "6621848"
  },
  {
    "ID Number": "6605737"
  },
  {
    "ID Number": "6604765"
  },
  {
    "ID Number": "6602320"
  },
  {
    "ID Number": "6635180"
  },
  {
    "ID Number": "6632777"
  },
  {
    "ID Number": "6602940"
  },
  {
    "ID Number": "6600964"
  },
  {
    "ID Number": "6610048"
  },
  {
    "ID Number": "6602339"
  },
  {
    "ID Number": "6600972"
  },
  {
    "ID Number": "6622160"
  },
  {
    "ID Number": "6601880"
  },
  {
    "ID Number": "6615406"
  },
  {
    "ID Number": "6613705"
  },
  {
    "ID Number": "6609422"
  },
  {
    "ID Number": "6601405"
  },
  {
    "ID Number": "6604773"
  },
  {
    "ID Number": "6612040"
  },
  {
    "ID Number": "6603696"
  },
  {
    "ID Number": "6615341"
  },
  {
    "ID Number": "6609899"
  },
  {
    "ID Number": "6606253"
  },
  {
    "ID Number": "6601464"
  },
  {
    "ID Number": "6605575"
  },
  {
    "ID Number": "6614540"
  },
  {
    "ID Number": "6622291"
  },
  {
    "ID Number": "6600999"
  },
  {
    "ID Number": "6615597"
  },
  {
    "ID Number": "6615252"
  },
  {
    "ID Number": "6614442"
  },
  {
    "ID Number": "6600980"
  },
  {
    "ID Number": "6608027"
  },
  {
    "ID Number": "6606830"
  },
  {
    "ID Number": "6618880"
  },
  {
    "ID Number": "6615619"
  },
  {
    "ID Number": "6615600"
  },
  {
    "ID Number": "6619444"
  },
  {
    "ID Number": "6100538"
  },
  {
    "ID Number": "6617620"
  },
  {
    "ID Number": "6613799"
  },
  {
    "ID Number": "6602703"
  },
  {
    "ID Number": "6615953"
  },
  {
    "ID Number": "6601073"
  },
  {
    "ID Number": "6601006"
  },
  {
    "ID Number": "6631134"
  },
  {
    "ID Number": "6627765"
  },
  {
    "ID Number": "6602967"
  },
  {
    "ID Number": "6601316"
  },
  {
    "ID Number": "6604811"
  },
  {
    "ID Number": "6602088"
  },
  {
    "ID Number": "6600301"
  },
  {
    "ID Number": "6617093"
  },
  {
    "ID Number": "6634672"
  },
  {
    "ID Number": "6602240"
  },
  {
    "ID Number": "6629482"
  },
  {
    "ID Number": "6622240"
  },
  {
    "ID Number": "6614795"
  },
  {
    "ID Number": "6602096"
  },
  {
    "ID Number": "6618790"
  },
  {
    "ID Number": "6608272"
  },
  {
    "ID Number": "6627188"
  },
  {
    "ID Number": "6608264"
  },
  {
    "ID Number": "6635385"
  },
  {
    "ID Number": "6605052"
  },
  {
    "ID Number": "6601022"
  },
  {
    "ID Number": "6602711"
  },
  {
    "ID Number": "6604889"
  },
  {
    "ID Number": "6601901"
  },
  {
    "ID Number": "6601421"
  },
  {
    "ID Number": "6609953"
  },
  {
    "ID Number": "6616852"
  },
  {
    "ID Number": "6617115"
  },
  {
    "ID Number": "3903508"
  },
  {
    "ID Number": "6613136"
  },
  {
    "ID Number": "6609147"
  },
  {
    "ID Number": "6602975"
  },
  {
    "ID Number": "6601987"
  },
  {
    "ID Number": "6600263"
  },
  {
    "ID Number": "6610498"
  },
  {
    "ID Number": "6610463"
  },
  {
    "ID Number": "6602991"
  },
  {
    "ID Number": "6613721"
  },
  {
    "ID Number": "6632998"
  },
  {
    "ID Number": "6610471"
  },
  {
    "ID Number": "6606709"
  },
  {
    "ID Number": "6601910"
  },
  {
    "ID Number": "6629431"
  },
  {
    "ID Number": "6604684"
  },
  {
    "ID Number": "3508684"
  },
  {
    "ID Number": "6601030"
  },
  {
    "ID Number": "6605370"
  },
  {
    "ID Number": "6600280"
  },
  {
    "ID Number": "6612172"
  },
  {
    "ID Number": "6604706"
  },
  {
    "ID Number": "6602738"
  },
  {
    "ID Number": "6612598"
  },
  {
    "ID Number": "6603726"
  },
  {
    "ID Number": "6612814"
  },
  {
    "ID Number": "6602347"
  },
  {
    "ID Number": "6600417"
  },
  {
    "ID Number": "6602746"
  },
  {
    "ID Number": "6604560"
  },
  {
    "ID Number": "6604846"
  },
  {
    "ID Number": "6606695"
  },
  {
    "ID Number": "6600131"
  },
  {
    "ID Number": "6606776"
  },
  {
    "ID Number": "6605290"
  },
  {
    "ID Number": "6615546"
  },
  {
    "ID Number": "6602401"
  },
  {
    "ID Number": "6614051"
  },
  {
    "ID Number": "6615171"
  },
  {
    "ID Number": "6606784"
  },
  {
    "ID Number": "6631517"
  },
  {
    "ID Number": "6603211"
  },
  {
    "ID Number": "6611150"
  },
  {
    "ID Number": "6627625"
  },
  {
    "ID Number": "6622739"
  },
  {
    "ID Number": "6600220"
  },
  {
    "ID Number": "6605648"
  },
  {
    "ID Number": "6601294"
  },
  {
    "ID Number": "6619681"
  },
  {
    "ID Number": "6600581"
  },
  {
    "ID Number": "6609180"
  },
  {
    "ID Number": "6613179"
  },
  {
    "ID Number": "6610447"
  },
  {
    "ID Number": "6601448"
  },
  {
    "ID Number": "6611389"
  },
  {
    "ID Number": "6602266"
  },
  {
    "ID Number": "6611222"
  },
  {
    "ID Number": "6618901"
  },
  {
    "ID Number": "6617573"
  },
  {
    "ID Number": "6608426"
  },
  {
    "ID Number": "6606229"
  },
  {
    "ID Number": "6621325"
  },
  {
    "ID Number": "6602762"
  },
  {
    "ID Number": "6601243"
  },
  {
    "ID Number": "6612709"
  },
  {
    "ID Number": "6612717"
  },
  {
    "ID Number": "6602770"
  },
  {
    "ID Number": "6614787"
  },
  {
    "ID Number": "6604781"
  },
  {
    "ID Number": "6631606"
  },
  {
    "ID Number": "6629857"
  },
  {
    "ID Number": "6600239"
  },
  {
    "ID Number": "6601308"
  },
  {
    "ID Number": "6603130"
  },
  {
    "ID Number": "6614388"
  },
  {
    "ID Number": "6608191"
  },
  {
    "ID Number": "6601049"
  },
  {
    "ID Number": "6630561"
  },
  {
    "ID Number": "6600492"
  },
  {
    "ID Number": "6627315"
  },
  {
    "ID Number": "6604722"
  },
  {
    "ID Number": "6618553"
  },
  {
    "ID Number": "6605567"
  },
  {
    "ID Number": "6605559"
  },
  {
    "ID Number": "6614469"
  },
  {
    "ID Number": "6621341"
  },
  {
    "ID Number": "6604056"
  },
  {
    "ID Number": "6603149"
  },
  {
    "ID Number": "6628460"
  },
  {
    "ID Number": "6601332"
  },
  {
    "ID Number": "6603289"
  },
  {
    "ID Number": "6602428"
  },
  {
    "ID Number": "6617840"
  },
  {
    "ID Number": "6629830"
  },
  {
    "ID Number": "6605591"
  },
  {
    "ID Number": "6602290"
  },
  {
    "ID Number": "6631169"
  },
  {
    "ID Number": "6611451"
  },
  {
    "ID Number": "6603475"
  },
  {
    "ID Number": "6608418"
  },
  {
    "ID Number": "6624120"
  },
  {
    "ID Number": "6602789"
  },
  {
    "ID Number": "6623301"
  },
  {
    "ID Number": "6607616"
  },
  {
    "ID Number": "6607241"
  },
  {
    "ID Number": "6605885"
  },
  {
    "ID Number": "6604099"
  },
  {
    "ID Number": "6608159"
  },
  {
    "ID Number": "6602800"
  },
  {
    "ID Number": "6612822"
  },
  {
    "ID Number": "6612830"
  },
  {
    "ID Number": "6606768"
  },
  {
    "ID Number": "6618448"
  }
]