[
  {
    "ID Number": "3242633"
  },
  {
    "ID Number": "3208494"
  },
  {
    "ID Number": "3276759"
  },
  {
    "ID Number": "3245624"
  },
  {
    "ID Number": "3293653"
  },
  {
    "ID Number": "3214494"
  },
  {
    "ID Number": "3286576"
  },
  {
    "ID Number": "3210944"
  },
  {
    "ID Number": "3248925"
  },
  {
    "ID Number": "3248224"
  },
  {
    "ID Number": "3212149"
  },
  {
    "ID Number": "3286959"
  },
  {
    "ID Number": "3286967"
  },
  {
    "ID Number": "3240665"
  },
  {
    "ID Number": "3283305"
  },
  {
    "ID Number": "3238580"
  },
  {
    "ID Number": "3244466"
  },
  {
    "ID Number": "3230104"
  },
  {
    "ID Number": "3235904"
  },
  {
    "ID Number": "3236790"
  },
  {
    "ID Number": "3268195"
  },
  {
    "ID Number": "3266257"
  },
  {
    "ID Number": "3244792"
  },
  {
    "ID Number": "3243710"
  },
  {
    "ID Number": "3241149"
  },
  {
    "ID Number": "3260305"
  },
  {
    "ID Number": "3246710"
  },
  {
    "ID Number": "4822749"
  },
  {
    "ID Number": "3246485"
  },
  {
    "ID Number": "3234401"
  },
  {
    "ID Number": "3228754"
  },
  {
    "ID Number": "3248631"
  },
  {
    "ID Number": "3286975"
  },
  {
    "ID Number": "3241696"
  },
  {
    "ID Number": "3239454"
  },
  {
    "ID Number": "3236757"
  },
  {
    "ID Number": "3234851"
  },
  {
    "ID Number": "3271609"
  },
  {
    "ID Number": "3263002"
  },
  {
    "ID Number": "3288897"
  },
  {
    "ID Number": "3236218"
  },
  {
    "ID Number": "3235017"
  },
  {
    "ID Number": "3287696"
  },
  {
    "ID Number": "3236013"
  },
  {
    "ID Number": "3261123"
  },
  {
    "ID Number": "3245861"
  },
  {
    "ID Number": "3232603"
  },
  {
    "ID Number": "3246116"
  },
  {
    "ID Number": "3239080"
  },
  {
    "ID Number": "3205100"
  },
  {
    "ID Number": "3240207"
  },
  {
    "ID Number": "3220761"
  },
  {
    "ID Number": "3227120"
  },
  {
    "ID Number": "3275779"
  },
  {
    "ID Number": "3240827"
  },
  {
    "ID Number": "3239241"
  },
  {
    "ID Number": "3239683"
  },
  {
    "ID Number": "3244806"
  },
  {
    "ID Number": "3267890"
  },
  {
    "ID Number": "3234517"
  },
  {
    "ID Number": "3284611"
  },
  {
    "ID Number": "3256294"
  },
  {
    "ID Number": "3248933"
  },
  {
    "ID Number": "3248941"
  },
  {
    "ID Number": "3248950"
  },
  {
    "ID Number": "3254178"
  },
  {
    "ID Number": "3251241"
  },
  {
    "ID Number": "3205681"
  },
  {
    "ID Number": "3244814"
  },
  {
    "ID Number": "3229599"
  },
  {
    "ID Number": "3244679"
  },
  {
    "ID Number": "3226794"
  },
  {
    "ID Number": "3257860"
  },
  {
    "ID Number": "3232433"
  },
  {
    "ID Number": "3232441"
  },
  {
    "ID Number": "3264300"
  },
  {
    "ID Number": "3228690"
  },
  {
    "ID Number": "3281710"
  },
  {
    "ID Number": "3261417"
  },
  {
    "ID Number": "3279693"
  },
  {
    "ID Number": "3226697"
  },
  {
    "ID Number": "3248020"
  },
  {
    "ID Number": "3248038"
  },
  {
    "ID Number": "3218139"
  },
  {
    "ID Number": "3234045"
  },
  {
    "ID Number": "3246728"
  },
  {
    "ID Number": "3249875"
  },
  {
    "ID Number": "3244822"
  },
  {
    "ID Number": "3229750"
  },
  {
    "ID Number": "3233561"
  },
  {
    "ID Number": "3210707"
  },
  {
    "ID Number": "3231194"
  },
  {
    "ID Number": "3206688"
  },
  {
    "ID Number": "2804395"
  },
  {
    "ID Number": "3269051"
  },
  {
    "ID Number": "3226743"
  },
  {
    "ID Number": "3280004"
  },
  {
    "ID Number": "3285391"
  },
  {
    "ID Number": "3289460"
  },
  {
    "ID Number": "3276813"
  },
  {
    "ID Number": "311111015"
  },
  {
    "ID Number": "3291790"
  },
  {
    "ID Number": "3211789"
  },
  {
    "ID Number": "3217558"
  },
  {
    "ID Number": "3219704"
  },
  {
    "ID Number": "3219712"
  },
  {
    "ID Number": "3221695"
  },
  {
    "ID Number": "3267466"
  },
  {
    "ID Number": "3261824"
  },
  {
    "ID Number": "3247147"
  },
  {
    "ID Number": "3229548"
  },
  {
    "ID Number": "3253600"
  },
  {
    "ID Number": "3224074"
  },
  {
    "ID Number": "3217108"
  },
  {
    "ID Number": "3248046"
  },
  {
    "ID Number": "3286258"
  },
  {
    "ID Number": "3273407"
  },
  {
    "ID Number": "3286991"
  },
  {
    "ID Number": "3286266"
  },
  {
    "ID Number": "3268209"
  },
  {
    "ID Number": "3239608"
  },
  {
    "ID Number": "3287661"
  },
  {
    "ID Number": "3261425"
  },
  {
    "ID Number": "3212670"
  },
  {
    "ID Number": "3288919"
  },
  {
    "ID Number": "3221350"
  },
  {
    "ID Number": "3245632"
  },
  {
    "ID Number": "3239250"
  },
  {
    "ID Number": "3293831"
  },
  {
    "ID Number": "3280012"
  },
  {
    "ID Number": "3220770"
  },
  {
    "ID Number": "3273903"
  },
  {
    "ID Number": "3273911"
  },
  {
    "ID Number": "3230856"
  },
  {
    "ID Number": "3226808"
  },
  {
    "ID Number": "3229947"
  },
  {
    "ID Number": "3251381"
  },
  {
    "ID Number": "3217566"
  },
  {
    "ID Number": "3242021"
  },
  {
    "ID Number": "3211916"
  },
  {
    "ID Number": "3286800"
  },
  {
    "ID Number": "3242773"
  },
  {
    "ID Number": "3256774"
  },
  {
    "ID Number": "3202283"
  },
  {
    "ID Number": "3245322"
  },
  {
    "ID Number": "3244725"
  },
  {
    "ID Number": "3206220"
  },
  {
    "ID Number": "3234487"
  },
  {
    "ID Number": "3220788"
  },
  {
    "ID Number": "3272834"
  },
  {
    "ID Number": "3253813"
  },
  {
    "ID Number": "3248640"
  },
  {
    "ID Number": "3257940"
  },
  {
    "ID Number": "3265439"
  },
  {
    "ID Number": "3265447"
  },
  {
    "ID Number": "3266150"
  },
  {
    "ID Number": "3279707"
  },
  {
    "ID Number": "3275418"
  },
  {
    "ID Number": "3237265"
  },
  {
    "ID Number": "3227790"
  },
  {
    "ID Number": "3253562"
  },
  {
    "ID Number": "3213889"
  },
  {
    "ID Number": "3201996"
  },
  {
    "ID Number": "3234002"
  },
  {
    "ID Number": "3206645"
  },
  {
    "ID Number": "3201040"
  },
  {
    "ID Number": "3263754"
  },
  {
    "ID Number": "3240169"
  },
  {
    "ID Number": "3203808"
  },
  {
    "ID Number": "3221881"
  },
  {
    "ID Number": "3265064"
  },
  {
    "ID Number": "3254070"
  },
  {
    "ID Number": "3229254"
  },
  {
    "ID Number": "3241475"
  },
  {
    "ID Number": "3213404"
  },
  {
    "ID Number": "3255921"
  },
  {
    "ID Number": "3201937"
  },
  {
    "ID Number": "3214524"
  },
  {
    "ID Number": "3263010"
  },
  {
    "ID Number": "3284921"
  },
  {
    "ID Number": "3243257"
  },
  {
    "ID Number": "3264610"
  },
  {
    "ID Number": "3270947"
  },
  {
    "ID Number": "3275647"
  },
  {
    "ID Number": "3281167"
  },
  {
    "ID Number": "3286126"
  },
  {
    "ID Number": "3216330"
  },
  {
    "ID Number": "3207692"
  },
  {
    "ID Number": "3250938"
  },
  {
    "ID Number": "3247473"
  },
  {
    "ID Number": "3212963"
  },
  {
    "ID Number": "3204502"
  },
  {
    "ID Number": "3203883"
  },
  {
    "ID Number": "4300726"
  },
  {
    "ID Number": "3245640"
  },
  {
    "ID Number": "3255930"
  },
  {
    "ID Number": "3267237"
  },
  {
    "ID Number": "3260216"
  },
  {
    "ID Number": "3232611"
  },
  {
    "ID Number": "3279340"
  },
  {
    "ID Number": "3285405"
  },
  {
    "ID Number": "3255948"
  },
  {
    "ID Number": "3238326"
  },
  {
    "ID Number": "3219984"
  },
  {
    "ID Number": "3247279"
  },
  {
    "ID Number": "3255328"
  },
  {
    "ID Number": "3249360"
  },
  {
    "ID Number": "3259021"
  },
  {
    "ID Number": "3281175"
  },
  {
    "ID Number": "3264998"
  },
  {
    "ID Number": "3283151"
  },
  {
    "ID Number": "3267695"
  },
  {
    "ID Number": "3250725"
  },
  {
    "ID Number": "3203026"
  },
  {
    "ID Number": "3272133"
  },
  {
    "ID Number": "3256030"
  },
  {
    "ID Number": "3244016"
  },
  {
    "ID Number": "44131356"
  },
  {
    "ID Number": "3205649"
  },
  {
    "ID Number": "311211790"
  },
  {
    "ID Number": "3277100"
  },
  {
    "ID Number": "3224678"
  },
  {
    "ID Number": "3237893"
  },
  {
    "ID Number": "3278158"
  },
  {
    "ID Number": "3241815"
  },
  {
    "ID Number": "3272958"
  },
  {
    "ID Number": "3259455"
  },
  {
    "ID Number": "3203050"
  },
  {
    "ID Number": "3239128"
  },
  {
    "ID Number": "3227162"
  },
  {
    "ID Number": "3279715"
  },
  {
    "ID Number": "3291472"
  },
  {
    "ID Number": "3236811"
  },
  {
    "ID Number": "3292509"
  },
  {
    "ID Number": "3217779"
  },
  {
    "ID Number": "3285219"
  },
  {
    "ID Number": "3285227"
  },
  {
    "ID Number": "3271986"
  },
  {
    "ID Number": "3234860"
  },
  {
    "ID Number": "3240088"
  },
  {
    "ID Number": "3229556"
  },
  {
    "ID Number": "3275868"
  },
  {
    "ID Number": "3253880"
  },
  {
    "ID Number": "3228010"
  },
  {
    "ID Number": "3202925"
  },
  {
    "ID Number": "3228118"
  },
  {
    "ID Number": "3206513"
  },
  {
    "ID Number": "3256502"
  },
  {
    "ID Number": "3254739"
  },
  {
    "ID Number": "3236722"
  },
  {
    "ID Number": "3263444"
  },
  {
    "ID Number": "3223078"
  },
  {
    "ID Number": "3220796"
  },
  {
    "ID Number": "3220800"
  },
  {
    "ID Number": "3249166"
  },
  {
    "ID Number": "3208516"
  },
  {
    "ID Number": "3265838"
  },
  {
    "ID Number": "3260780"
  },
  {
    "ID Number": "3247155"
  },
  {
    "ID Number": "3231240"
  },
  {
    "ID Number": "3254518"
  },
  {
    "ID Number": "3245675"
  },
  {
    "ID Number": "3261832"
  },
  {
    "ID Number": "3270289"
  },
  {
    "ID Number": "343109868"
  },
  {
    "ID Number": "3272141"
  },
  {
    "ID Number": "3265870"
  },
  {
    "ID Number": "3206114"
  },
  {
    "ID Number": "3278174"
  },
  {
    "ID Number": "3268217"
  },
  {
    "ID Number": "3225011"
  },
  {
    "ID Number": "3217159"
  },
  {
    "ID Number": "3243656"
  },
  {
    "ID Number": "3222608"
  },
  {
    "ID Number": "3202372"
  },
  {
    "ID Number": "3247554"
  },
  {
    "ID Number": "3276058"
  },
  {
    "ID Number": "5269075"
  },
  {
    "ID Number": "3262081"
  },
  {
    "ID Number": "3249450"
  },
  {
    "ID Number": "3240800"
  },
  {
    "ID Number": "3233367"
  },
  {
    "ID Number": "3215741"
  },
  {
    "ID Number": "32002963"
  },
  {
    "ID Number": "3203590"
  },
  {
    "ID Number": "3201872"
  },
  {
    "ID Number": "3280861"
  },
  {
    "ID Number": "3240371"
  },
  {
    "ID Number": "3252426"
  },
  {
    "ID Number": "3200418"
  },
  {
    "ID Number": "3213110"
  },
  {
    "ID Number": "3280314"
  },
  {
    "ID Number": "3267156"
  },
  {
    "ID Number": "3203751"
  },
  {
    "ID Number": "3244415"
  },
  {
    "ID Number": "3263452"
  },
  {
    "ID Number": "3259145"
  },
  {
    "ID Number": "3256367"
  },
  {
    "ID Number": "3202020"
  },
  {
    "ID Number": "3218457"
  },
  {
    "ID Number": "3204588"
  },
  {
    "ID Number": "3239519"
  },
  {
    "ID Number": "3211746"
  },
  {
    "ID Number": "3258491"
  },
  {
    "ID Number": "3269060"
  },
  {
    "ID Number": "3210561"
  },
  {
    "ID Number": "3237842"
  },
  {
    "ID Number": "3238407"
  },
  {
    "ID Number": "3294692"
  },
  {
    "ID Number": "3256944"
  },
  {
    "ID Number": "3236765"
  },
  {
    "ID Number": "61100013"
  },
  {
    "ID Number": "3279359"
  },
  {
    "ID Number": "3241440"
  },
  {
    "ID Number": "3227880"
  },
  {
    "ID Number": "3203875"
  },
  {
    "ID Number": "3230180"
  },
  {
    "ID Number": "3216349"
  },
  {
    "ID Number": "3216357"
  },
  {
    "ID Number": "3229777"
  },
  {
    "ID Number": "3210324"
  },
  {
    "ID Number": "3271900"
  },
  {
    "ID Number": "3242323"
  },
  {
    "ID Number": "3265323"
  },
  {
    "ID Number": "5801583"
  },
  {
    "ID Number": "3293670"
  },
  {
    "ID Number": "3227430"
  },
  {
    "ID Number": "3222420"
  },
  {
    "ID Number": "3271528"
  },
  {
    "ID Number": "3273598"
  },
  {
    "ID Number": "3229262"
  },
  {
    "ID Number": "3245080"
  },
  {
    "ID Number": "3267474"
  },
  {
    "ID Number": "3249468"
  },
  {
    "ID Number": "3229270"
  },
  {
    "ID Number": "3232107"
  },
  {
    "ID Number": "3285642"
  },
  {
    "ID Number": "3200116"
  },
  {
    "ID Number": "3218759"
  },
  {
    "ID Number": "3242331"
  },
  {
    "ID Number": "3203000"
  },
  {
    "ID Number": "3247295"
  },
  {
    "ID Number": "3203930"
  },
  {
    "ID Number": "3214184"
  },
  {
    "ID Number": "3290190"
  },
  {
    "ID Number": "3257690"
  },
  {
    "ID Number": "3279456"
  },
  {
    "ID Number": "3231380"
  },
  {
    "ID Number": "3210065"
  },
  {
    "ID Number": "3211983"
  },
  {
    "ID Number": "3261689"
  },
  {
    "ID Number": "3251390"
  },
  {
    "ID Number": "3232638"
  },
  {
    "ID Number": "3261131"
  },
  {
    "ID Number": "3241955"
  },
  {
    "ID Number": "3290620"
  },
  {
    "ID Number": "3256375"
  },
  {
    "ID Number": "3267954"
  },
  {
    "ID Number": "3289516"
  },
  {
    "ID Number": "3261140"
  },
  {
    "ID Number": "3241173"
  },
  {
    "ID Number": "3260712"
  },
  {
    "ID Number": "3263240"
  },
  {
    "ID Number": "3263258"
  },
  {
    "ID Number": "3240240"
  },
  {
    "ID Number": "3253821"
  },
  {
    "ID Number": "3270440"
  },
  {
    "ID Number": "3260941"
  },
  {
    "ID Number": "3285235"
  },
  {
    "ID Number": "3212092"
  },
  {
    "ID Number": "3253627"
  },
  {
    "ID Number": "3280020"
  },
  {
    "ID Number": "3262294"
  },
  {
    "ID Number": "3249379"
  },
  {
    "ID Number": "3290638"
  },
  {
    "ID Number": "3233588"
  },
  {
    "ID Number": "4300033"
  },
  {
    "ID Number": "3232468"
  },
  {
    "ID Number": "3292045"
  },
  {
    "ID Number": "3226700"
  },
  {
    "ID Number": "3239527"
  },
  {
    "ID Number": "3241785"
  },
  {
    "ID Number": "3246213"
  },
  {
    "ID Number": "3216772"
  },
  {
    "ID Number": "3215164"
  },
  {
    "ID Number": "3213137"
  },
  {
    "ID Number": "3215172"
  },
  {
    "ID Number": "3286517"
  },
  {
    "ID Number": "3270602"
  },
  {
    "ID Number": "3261301"
  },
  {
    "ID Number": "3201597"
  },
  {
    "ID Number": "3208613"
  },
  {
    "ID Number": "3285049"
  },
  {
    "ID Number": "3222322"
  },
  {
    "ID Number": "3275876"
  },
  {
    "ID Number": "3242196"
  },
  {
    "ID Number": "3214370"
  },
  {
    "ID Number": "3272460"
  },
  {
    "ID Number": "3276937"
  },
  {
    "ID Number": "3223205"
  },
  {
    "ID Number": "3223213"
  },
  {
    "ID Number": "3207463"
  },
  {
    "ID Number": "3221431"
  },
  {
    "ID Number": "3253058"
  },
  {
    "ID Number": "3267008"
  },
  {
    "ID Number": "3212270"
  },
  {
    "ID Number": "3261450"
  },
  {
    "ID Number": "3206572"
  },
  {
    "ID Number": "3236536"
  },
  {
    "ID Number": "3266141"
  },
  {
    "ID Number": "3202992"
  },
  {
    "ID Number": "3205371"
  },
  {
    "ID Number": "3229041"
  },
  {
    "ID Number": "3209920"
  },
  {
    "ID Number": "3267130"
  },
  {
    "ID Number": "3289893"
  },
  {
    "ID Number": "3226239"
  },
  {
    "ID Number": "3208540"
  },
  {
    "ID Number": "311214934"
  },
  {
    "ID Number": "3277305"
  },
  {
    "ID Number": "3207471"
  },
  {
    "ID Number": "3254534"
  },
  {
    "ID Number": "3272281"
  },
  {
    "ID Number": "3245802"
  },
  {
    "ID Number": "3239470"
  },
  {
    "ID Number": "3247570"
  },
  {
    "ID Number": "3227804"
  },
  {
    "ID Number": "3217400"
  },
  {
    "ID Number": "3215784"
  },
  {
    "ID Number": "3293122"
  },
  {
    "ID Number": "3253660"
  },
  {
    "ID Number": "3224082"
  },
  {
    "ID Number": "3260950"
  },
  {
    "ID Number": "3244989"
  },
  {
    "ID Number": "3290727"
  },
  {
    "ID Number": "3210731"
  },
  {
    "ID Number": "3249174"
  },
  {
    "ID Number": "3251675"
  },
  {
    "ID Number": "3248283"
  },
  {
    "ID Number": "3210332"
  },
  {
    "ID Number": "3236838"
  },
  {
    "ID Number": "3221717"
  },
  {
    "ID Number": "3253678"
  },
  {
    "ID Number": "3220400"
  },
  {
    "ID Number": "3254798"
  },
  {
    "ID Number": "3259293"
  },
  {
    "ID Number": "3216713"
  },
  {
    "ID Number": "3232387"
  },
  {
    "ID Number": "3272478"
  },
  {
    "ID Number": "3236340"
  },
  {
    "ID Number": "3236935"
  },
  {
    "ID Number": "3293688"
  },
  {
    "ID Number": "3272842"
  },
  {
    "ID Number": "3272850"
  },
  {
    "ID Number": "3257657"
  },
  {
    "ID Number": "3253350"
  },
  {
    "ID Number": "3288838"
  },
  {
    "ID Number": "3247910"
  },
  {
    "ID Number": "3209423"
  },
  {
    "ID Number": "3270211"
  },
  {
    "ID Number": "3241904"
  },
  {
    "ID Number": "3201074"
  },
  {
    "ID Number": "3252434"
  },
  {
    "ID Number": "3235734"
  },
  {
    "ID Number": "3218856"
  },
  {
    "ID Number": "3234770"
  },
  {
    "ID Number": "3253732"
  },
  {
    "ID Number": "3285880"
  },
  {
    "ID Number": "3218317"
  },
  {
    "ID Number": "3242579"
  },
  {
    "ID Number": "3218465"
  },
  {
    "ID Number": "3239691"
  },
  {
    "ID Number": "3251403"
  },
  {
    "ID Number": "3271994"
  },
  {
    "ID Number": "3216012"
  },
  {
    "ID Number": "3229483"
  },
  {
    "ID Number": "3261468"
  },
  {
    "ID Number": "3227626"
  },
  {
    "ID Number": "3200256"
  },
  {
    "ID Number": "3228320"
  },
  {
    "ID Number": "3248194"
  },
  {
    "ID Number": "3234657"
  },
  {
    "ID Number": "3228037"
  },
  {
    "ID Number": "3261492"
  },
  {
    "ID Number": "3229408"
  },
  {
    "ID Number": "3231984"
  },
  {
    "ID Number": "3264416"
  },
  {
    "ID Number": "3233472"
  },
  {
    "ID Number": "3213145"
  },
  {
    "ID Number": "3213153"
  },
  {
    "ID Number": "3250377"
  },
  {
    "ID Number": "3239705"
  },
  {
    "ID Number": "3214206"
  },
  {
    "ID Number": "3216802"
  },
  {
    "ID Number": "3247309"
  },
  {
    "ID Number": "3255522"
  },
  {
    "ID Number": "3220524"
  },
  {
    "ID Number": "3268420"
  },
  {
    "ID Number": "3284867"
  },
  {
    "ID Number": "3247643"
  },
  {
    "ID Number": "3290786"
  },
  {
    "ID Number": "3231330"
  },
  {
    "ID Number": "3239713"
  },
  {
    "ID Number": "3229297"
  },
  {
    "ID Number": "3242285"
  },
  {
    "ID Number": "3213706"
  },
  {
    "ID Number": "3220486"
  },
  {
    "ID Number": "3205550"
  },
  {
    "ID Number": "3237281"
  },
  {
    "ID Number": "3269507"
  },
  {
    "ID Number": "3243770"
  },
  {
    "ID Number": "3282740"
  },
  {
    "ID Number": "3273954"
  },
  {
    "ID Number": "3240100"
  },
  {
    "ID Number": "3240118"
  },
  {
    "ID Number": "3268993"
  },
  {
    "ID Number": "3251276"
  },
  {
    "ID Number": "3243567"
  },
  {
    "ID Number": "3285570"
  },
  {
    "ID Number": "9905260"
  },
  {
    "ID Number": "3250580"
  },
  {
    "ID Number": "3235963"
  },
  {
    "ID Number": "3271072"
  },
  {
    "ID Number": "3285154"
  },
  {
    "ID Number": "3251144"
  },
  {
    "ID Number": "3266176"
  },
  {
    "ID Number": "3278581"
  },
  {
    "ID Number": "3262308"
  },
  {
    "ID Number": "3288374"
  },
  {
    "ID Number": "3209440"
  },
  {
    "ID Number": "3200493"
  },
  {
    "ID Number": "3243923"
  },
  {
    "ID Number": "3254356"
  },
  {
    "ID Number": "3240398"
  },
  {
    "ID Number": "3279731"
  },
  {
    "ID Number": "3207110"
  },
  {
    "ID Number": "3250733"
  },
  {
    "ID Number": "3235599"
  },
  {
    "ID Number": "3285898"
  },
  {
    "ID Number": "3223116"
  },
  {
    "ID Number": "48762385"
  },
  {
    "ID Number": "3242374"
  },
  {
    "ID Number": "3257967"
  },
  {
    "ID Number": "3223299"
  },
  {
    "ID Number": "3277119"
  },
  {
    "ID Number": "3210987"
  },
  {
    "ID Number": "3204510"
  },
  {
    "ID Number": "3236943"
  },
  {
    "ID Number": "3214559"
  },
  {
    "ID Number": "3292517"
  },
  {
    "ID Number": "3262316"
  },
  {
    "ID Number": "3245098"
  },
  {
    "ID Number": "3233456"
  },
  {
    "ID Number": "3224104"
  },
  {
    "ID Number": "3261158"
  },
  {
    "ID Number": "3256340"
  },
  {
    "ID Number": "3243575"
  },
  {
    "ID Number": "3259684"
  },
  {
    "ID Number": "3271080"
  },
  {
    "ID Number": "311211745"
  },
  {
    "ID Number": "3271099"
  },
  {
    "ID Number": "3256391"
  },
  {
    "ID Number": "3221008"
  },
  {
    "ID Number": "3281183"
  },
  {
    "ID Number": "3289745"
  },
  {
    "ID Number": "3222527"
  },
  {
    "ID Number": "3242048"
  },
  {
    "ID Number": "3259897"
  },
  {
    "ID Number": "3264521"
  },
  {
    "ID Number": "3221369"
  },
  {
    "ID Number": "3203328"
  },
  {
    "ID Number": "3207862"
  },
  {
    "ID Number": "3262278"
  },
  {
    "ID Number": "3283690"
  },
  {
    "ID Number": "3250490"
  },
  {
    "ID Number": "3218325"
  },
  {
    "ID Number": "3252612"
  },
  {
    "ID Number": "3242684"
  },
  {
    "ID Number": "3286185"
  },
  {
    "ID Number": "3232310"
  },
  {
    "ID Number": "3272877"
  },
  {
    "ID Number": "3293530"
  },
  {
    "ID Number": "3244512"
  },
  {
    "ID Number": "3257800"
  },
  {
    "ID Number": "3218333"
  },
  {
    "ID Number": "3259544"
  },
  {
    "ID Number": "3202321"
  },
  {
    "ID Number": "3254119"
  },
  {
    "ID Number": "3269175"
  },
  {
    "ID Number": "3235548"
  },
  {
    "ID Number": "3213641"
  },
  {
    "ID Number": "3241912"
  },
  {
    "ID Number": "3216020"
  },
  {
    "ID Number": "3233154"
  },
  {
    "ID Number": "3214338"
  },
  {
    "ID Number": "3268306"
  },
  {
    "ID Number": "3267539"
  },
  {
    "ID Number": "3293696"
  },
  {
    "ID Number": "3274020"
  },
  {
    "ID Number": "3285669"
  },
  {
    "ID Number": "3212564"
  },
  {
    "ID Number": "3255131"
  },
  {
    "ID Number": "3259307"
  },
  {
    "ID Number": "3288021"
  },
  {
    "ID Number": "1702408"
  },
  {
    "ID Number": "3211940"
  },
  {
    "ID Number": "3207129"
  },
  {
    "ID Number": "3278859"
  },
  {
    "ID Number": "3225887"
  },
  {
    "ID Number": "3248054"
  },
  {
    "ID Number": "3239276"
  },
  {
    "ID Number": "3256308"
  },
  {
    "ID Number": "3273814"
  },
  {
    "ID Number": "3267288"
  },
  {
    "ID Number": "3233740"
  },
  {
    "ID Number": "3203620"
  },
  {
    "ID Number": "3242102"
  },
  {
    "ID Number": "3218341"
  },
  {
    "ID Number": "3203034"
  },
  {
    "ID Number": "3253694"
  },
  {
    "ID Number": "3253708"
  },
  {
    "ID Number": "12533734"
  },
  {
    "ID Number": "3201791"
  },
  {
    "ID Number": "3229785"
  },
  {
    "ID Number": "3238253"
  },
  {
    "ID Number": "3207544"
  },
  {
    "ID Number": "3245217"
  },
  {
    "ID Number": "3247317"
  },
  {
    "ID Number": "3242692"
  },
  {
    "ID Number": "24666866"
  },
  {
    "ID Number": "3282201"
  },
  {
    "ID Number": "3224562"
  },
  {
    "ID Number": "3205495"
  },
  {
    "ID Number": "3254950"
  },
  {
    "ID Number": "3238423"
  },
  {
    "ID Number": "3226530"
  },
  {
    "ID Number": "3249190"
  },
  {
    "ID Number": "3219992"
  },
  {
    "ID Number": "3202755"
  },
  {
    "ID Number": "3291111"
  },
  {
    "ID Number": "3260097"
  },
  {
    "ID Number": "3226719"
  },
  {
    "ID Number": "3213196"
  },
  {
    "ID Number": "3246663"
  },
  {
    "ID Number": "3272117"
  },
  {
    "ID Number": "3209822"
  },
  {
    "ID Number": "3269329"
  },
  {
    "ID Number": "3235912"
  },
  {
    "ID Number": "3267962"
  },
  {
    "ID Number": "3240428"
  },
  {
    "ID Number": "3265340"
  },
  {
    "ID Number": "3265161"
  },
  {
    "ID Number": "3247783"
  },
  {
    "ID Number": "3263290"
  },
  {
    "ID Number": "3204634"
  },
  {
    "ID Number": "3269280"
  },
  {
    "ID Number": "3249980"
  },
  {
    "ID Number": "3278883"
  },
  {
    "ID Number": "3249999"
  },
  {
    "ID Number": "8619638"
  },
  {
    "ID Number": "3216608"
  },
  {
    "ID Number": "3230619"
  },
  {
    "ID Number": "45050082"
  },
  {
    "ID Number": "3248682"
  },
  {
    "ID Number": "3285820"
  },
  {
    "ID Number": "3270068"
  },
  {
    "ID Number": "3230848"
  },
  {
    "ID Number": "3225046"
  },
  {
    "ID Number": "3268225"
  },
  {
    "ID Number": "3232905"
  },
  {
    "ID Number": "3240444"
  },
  {
    "ID Number": "3230120"
  },
  {
    "ID Number": "3230139"
  },
  {
    "ID Number": "3235173"
  },
  {
    "ID Number": "3254127"
  },
  {
    "ID Number": "3238598"
  },
  {
    "ID Number": "3203255"
  },
  {
    "ID Number": "3266184"
  },
  {
    "ID Number": "3254135"
  },
  {
    "ID Number": "3211487"
  },
  {
    "ID Number": "3272761"
  },
  {
    "ID Number": "3284646"
  },
  {
    "ID Number": "3269523"
  },
  {
    "ID Number": "3210995"
  },
  {
    "ID Number": "3252515"
  },
  {
    "ID Number": "3227308"
  },
  {
    "ID Number": "3261905"
  },
  {
    "ID Number": "3262324"
  },
  {
    "ID Number": "3244539"
  },
  {
    "ID Number": "3261174"
  },
  {
    "ID Number": "3222748"
  },
  {
    "ID Number": "3242110"
  },
  {
    "ID Number": "3214508"
  },
  {
    "ID Number": "3230627"
  },
  {
    "ID Number": "3275078"
  },
  {
    "ID Number": "3282694"
  },
  {
    "ID Number": "3286525"
  },
  {
    "ID Number": "3226310"
  },
  {
    "ID Number": "3275639"
  },
  {
    "ID Number": "3223566"
  },
  {
    "ID Number": "3246426"
  },
  {
    "ID Number": "3209008"
  },
  {
    "ID Number": "3269078"
  },
  {
    "ID Number": "3213080"
  },
  {
    "ID Number": "3224538"
  },
  {
    "ID Number": "3226263"
  },
  {
    "ID Number": "4225996"
  },
  {
    "ID Number": "3259870"
  },
  {
    "ID Number": "3259862"
  },
  {
    "ID Number": "3253899"
  },
  {
    "ID Number": "3208788"
  },
  {
    "ID Number": "3275655"
  },
  {
    "ID Number": "25105035"
  },
  {
    "ID Number": "3251098"
  },
  {
    "ID Number": "3254917"
  },
  {
    "ID Number": "3255697"
  },
  {
    "ID Number": "3201970"
  },
  {
    "ID Number": "3223132"
  },
  {
    "ID Number": "3274284"
  },
  {
    "ID Number": "3274292"
  },
  {
    "ID Number": "3265170"
  },
  {
    "ID Number": "3226816"
  },
  {
    "ID Number": "3268098"
  },
  {
    "ID Number": "3234703"
  },
  {
    "ID Number": "3266192"
  },
  {
    "ID Number": "3258726"
  },
  {
    "ID Number": "3236021"
  },
  {
    "ID Number": "3222500"
  },
  {
    "ID Number": "3234878"
  },
  {
    "ID Number": "3233235"
  },
  {
    "ID Number": "3233243"
  },
  {
    "ID Number": "3262189"
  },
  {
    "ID Number": "3277879"
  },
  {
    "ID Number": "3224210"
  },
  {
    "ID Number": "3243176"
  },
  {
    "ID Number": "3250393"
  },
  {
    "ID Number": "3287068"
  },
  {
    "ID Number": "3252078"
  },
  {
    "ID Number": "3229319"
  },
  {
    "ID Number": "3229327"
  },
  {
    "ID Number": "3240258"
  },
  {
    "ID Number": "3275884"
  },
  {
    "ID Number": "3253368"
  },
  {
    "ID Number": "3278891"
  },
  {
    "ID Number": "3217906"
  },
  {
    "ID Number": "3267199"
  },
  {
    "ID Number": "3208800"
  },
  {
    "ID Number": "3226468"
  },
  {
    "ID Number": "3243338"
  },
  {
    "ID Number": "3240967"
  },
  {
    "ID Number": "3209202"
  },
  {
    "ID Number": "3242587"
  },
  {
    "ID Number": "3207919"
  },
  {
    "ID Number": "3242706"
  },
  {
    "ID Number": "3269531"
  },
  {
    "ID Number": "3205460"
  },
  {
    "ID Number": "3249603"
  },
  {
    "ID Number": "3287963"
  },
  {
    "ID Number": "3248062"
  },
  {
    "ID Number": "3230481"
  },
  {
    "ID Number": "3274888"
  },
  {
    "ID Number": "3206360"
  },
  {
    "ID Number": "3211312"
  },
  {
    "ID Number": "3285901"
  },
  {
    "ID Number": "3233049"
  },
  {
    "ID Number": "3291804"
  },
  {
    "ID Number": "3285421"
  },
  {
    "ID Number": "3212181"
  },
  {
    "ID Number": "3284271"
  },
  {
    "ID Number": "3287971"
  },
  {
    "ID Number": "3245659"
  },
  {
    "ID Number": "3269485"
  },
  {
    "ID Number": "3262545"
  },
  {
    "ID Number": "3241670"
  },
  {
    "ID Number": "3275892"
  },
  {
    "ID Number": "3239101"
  },
  {
    "ID Number": "3253376"
  },
  {
    "ID Number": "3210472"
  },
  {
    "ID Number": "3233251"
  },
  {
    "ID Number": "3229181"
  },
  {
    "ID Number": "3233260"
  },
  {
    "ID Number": "3241963"
  },
  {
    "ID Number": "3200795"
  },
  {
    "ID Number": "3212556"
  },
  {
    "ID Number": "3253503"
  },
  {
    "ID Number": "3216381"
  },
  {
    "ID Number": "3219127"
  },
  {
    "ID Number": "3270629"
  },
  {
    "ID Number": "3243184"
  },
  {
    "ID Number": "3243192"
  },
  {
    "ID Number": "3284883"
  },
  {
    "ID Number": "3206335"
  },
  {
    "ID Number": "3217922"
  },
  {
    "ID Number": "3230791"
  },
  {
    "ID Number": "3239888"
  },
  {
    "ID Number": "3280268"
  },
  {
    "ID Number": "3272885"
  },
  {
    "ID Number": "3253635"
  },
  {
    "ID Number": "3268241"
  },
  {
    "ID Number": "3248313"
  },
  {
    "ID Number": "3274098"
  },
  {
    "ID Number": "3214419"
  },
  {
    "ID Number": "3216578"
  },
  {
    "ID Number": "3247651"
  },
  {
    "ID Number": "3241483"
  },
  {
    "ID Number": "3224368"
  },
  {
    "ID Number": "3200191"
  },
  {
    "ID Number": "311104754"
  },
  {
    "ID Number": "3236986"
  },
  {
    "ID Number": "3293700"
  },
  {
    "ID Number": "3285910"
  },
  {
    "ID Number": "3253902"
  },
  {
    "ID Number": "3263770"
  },
  {
    "ID Number": "3255298"
  },
  {
    "ID Number": "3255085"
  },
  {
    "ID Number": "3265188"
  },
  {
    "ID Number": "3265196"
  },
  {
    "ID Number": "3230970"
  },
  {
    "ID Number": "3204081"
  },
  {
    "ID Number": "3226778"
  },
  {
    "ID Number": "3285588"
  },
  {
    "ID Number": "3240452"
  },
  {
    "ID Number": "3269701"
  },
  {
    "ID Number": "3275965"
  },
  {
    "ID Number": "3212076"
  },
  {
    "ID Number": "3245691"
  },
  {
    "ID Number": "3220273"
  },
  {
    "ID Number": "3213439"
  },
  {
    "ID Number": "3258793"
  },
  {
    "ID Number": "3207935"
  },
  {
    "ID Number": "3258505"
  },
  {
    "ID Number": "3207005"
  },
  {
    "ID Number": "3266214"
  },
  {
    "ID Number": "3285243"
  },
  {
    "ID Number": "3217949"
  },
  {
    "ID Number": "3244075"
  },
  {
    "ID Number": "3247171"
  },
  {
    "ID Number": "3238776"
  },
  {
    "ID Number": "3274896"
  },
  {
    "ID Number": "311211558"
  },
  {
    "ID Number": "3240843"
  },
  {
    "ID Number": "3240851"
  },
  {
    "ID Number": "3204715"
  },
  {
    "ID Number": "3256898"
  },
  {
    "ID Number": "3233723"
  },
  {
    "ID Number": "3229335"
  },
  {
    "ID Number": "3217191"
  },
  {
    "ID Number": "3215474"
  },
  {
    "ID Number": "3246744"
  },
  {
    "ID Number": "3235556"
  },
  {
    "ID Number": "3235564"
  },
  {
    "ID Number": "3256901"
  },
  {
    "ID Number": "3247325"
  },
  {
    "ID Number": "3250024"
  },
  {
    "ID Number": "3282210"
  },
  {
    "ID Number": "3246132"
  },
  {
    "ID Number": "3245357"
  },
  {
    "ID Number": "3288846"
  },
  {
    "ID Number": "3256405"
  },
  {
    "ID Number": "3242404"
  },
  {
    "ID Number": "3265021"
  },
  {
    "ID Number": "3267016"
  },
  {
    "ID Number": "3277313"
  },
  {
    "ID Number": "3275337"
  },
  {
    "ID Number": "3257975"
  },
  {
    "ID Number": "3285596"
  },
  {
    "ID Number": "3266281"
  },
  {
    "ID Number": "3266290"
  },
  {
    "ID Number": "3265471"
  },
  {
    "ID Number": "3240886"
  },
  {
    "ID Number": "3246612"
  },
  {
    "ID Number": "3243214"
  },
  {
    "ID Number": "3289540"
  },
  {
    "ID Number": "3259609"
  },
  {
    "ID Number": "3220010"
  },
  {
    "ID Number": "3290654"
  },
  {
    "ID Number": "3233073"
  },
  {
    "ID Number": "3268845"
  },
  {
    "ID Number": "3200400"
  },
  {
    "ID Number": "3253309"
  },
  {
    "ID Number": "3228177"
  },
  {
    "ID Number": "3261182"
  },
  {
    "ID Number": "3202186"
  },
  {
    "ID Number": "3286037"
  },
  {
    "ID Number": "3285847"
  },
  {
    "ID Number": "3286045"
  },
  {
    "ID Number": "3202658"
  },
  {
    "ID Number": "3294706"
  },
  {
    "ID Number": "3286053"
  },
  {
    "ID Number": "3226000"
  },
  {
    "ID Number": "3281850"
  },
  {
    "ID Number": "3228568"
  },
  {
    "ID Number": "3201414"
  },
  {
    "ID Number": "3204332"
  },
  {
    "ID Number": "3245365"
  },
  {
    "ID Number": "3240126"
  },
  {
    "ID Number": "3225569"
  },
  {
    "ID Number": "3248330"
  },
  {
    "ID Number": "3249476"
  },
  {
    "ID Number": "3247660"
  },
  {
    "ID Number": "3219143"
  },
  {
    "ID Number": "3221792"
  },
  {
    "ID Number": "3223957"
  },
  {
    "ID Number": "3258181"
  },
  {
    "ID Number": "3269930"
  },
  {
    "ID Number": "3243931"
  },
  {
    "ID Number": "3249484"
  },
  {
    "ID Number": "3259943"
  },
  {
    "ID Number": "3240134"
  },
  {
    "ID Number": "3224953"
  },
  {
    "ID Number": "3232328"
  },
  {
    "ID Number": "3226662"
  },
  {
    "ID Number": "3232646"
  },
  {
    "ID Number": "3239314"
  },
  {
    "ID Number": "3230279"
  },
  {
    "ID Number": "3285928"
  },
  {
    "ID Number": "3263029"
  },
  {
    "ID Number": "3241491"
  },
  {
    "ID Number": "3238601"
  },
  {
    "ID Number": "3236382"
  },
  {
    "ID Number": "3269418"
  },
  {
    "ID Number": "3245047"
  },
  {
    "ID Number": "3245136"
  },
  {
    "ID Number": "3204766"
  },
  {
    "ID Number": "3235920"
  },
  {
    "ID Number": "3217744"
  },
  {
    "ID Number": "3268640"
  },
  {
    "ID Number": "3244598"
  },
  {
    "ID Number": "3265978"
  },
  {
    "ID Number": "3261999"
  },
  {
    "ID Number": "3246647"
  },
  {
    "ID Number": "3270297"
  },
  {
    "ID Number": "3255379"
  },
  {
    "ID Number": "3231666"
  },
  {
    "ID Number": "3263789"
  },
  {
    "ID Number": "3256090"
  },
  {
    "ID Number": "3260550"
  },
  {
    "ID Number": "3257983"
  },
  {
    "ID Number": "3247597"
  },
  {
    "ID Number": "3258580"
  },
  {
    "ID Number": "3249220"
  },
  {
    "ID Number": "3266117"
  },
  {
    "ID Number": "3286320"
  },
  {
    "ID Number": "3283593"
  },
  {
    "ID Number": "3275973"
  },
  {
    "ID Number": "3268250"
  },
  {
    "ID Number": "3235637"
  },
  {
    "ID Number": "3227812"
  },
  {
    "ID Number": "3260976"
  },
  {
    "ID Number": "3244997"
  },
  {
    "ID Number": "3279367"
  },
  {
    "ID Number": "3294714"
  },
  {
    "ID Number": "3227243"
  },
  {
    "ID Number": "3265200"
  },
  {
    "ID Number": "3201120"
  },
  {
    "ID Number": "3226883"
  },
  {
    "ID Number": "3206033"
  },
  {
    "ID Number": "3283437"
  },
  {
    "ID Number": "3206050"
  },
  {
    "ID Number": "3215750"
  },
  {
    "ID Number": "3204731"
  },
  {
    "ID Number": "3221571"
  },
  {
    "ID Number": "3202364"
  },
  {
    "ID Number": "3207293"
  },
  {
    "ID Number": "3221580"
  },
  {
    "ID Number": "3234533"
  },
  {
    "ID Number": "3205207"
  },
  {
    "ID Number": "3213935"
  },
  {
    "ID Number": "3225186"
  },
  {
    "ID Number": "3272982"
  },
  {
    "ID Number": "3269116"
  },
  {
    "ID Number": "3242951"
  },
  {
    "ID Number": "3204774"
  },
  {
    "ID Number": "3211665"
  },
  {
    "ID Number": "3265765"
  },
  {
    "ID Number": "3286339"
  },
  {
    "ID Number": "3204758"
  },
  {
    "ID Number": "3207366"
  },
  {
    "ID Number": "3214702"
  },
  {
    "ID Number": "3225127"
  },
  {
    "ID Number": "3226018"
  },
  {
    "ID Number": "5088240"
  },
  {
    "ID Number": "25900064"
  },
  {
    "ID Number": "3262820"
  },
  {
    "ID Number": "3262340"
  },
  {
    "ID Number": "3248526"
  },
  {
    "ID Number": "3251063"
  },
  {
    "ID Number": "3228185"
  },
  {
    "ID Number": "3286061"
  },
  {
    "ID Number": "3254097"
  },
  {
    "ID Number": "3241793"
  },
  {
    "ID Number": "3282171"
  },
  {
    "ID Number": "3273113"
  },
  {
    "ID Number": "3254143"
  },
  {
    "ID Number": "3253805"
  },
  {
    "ID Number": "3285677"
  },
  {
    "ID Number": "3291529"
  },
  {
    "ID Number": "3255700"
  },
  {
    "ID Number": "3228401"
  },
  {
    "ID Number": "3201139"
  },
  {
    "ID Number": "3206432"
  },
  {
    "ID Number": "3277909"
  },
  {
    "ID Number": "3287076"
  },
  {
    "ID Number": "3287084"
  },
  {
    "ID Number": "3276783"
  },
  {
    "ID Number": "3272893"
  },
  {
    "ID Number": "3226026"
  },
  {
    "ID Number": "3227782"
  },
  {
    "ID Number": "3266427"
  },
  {
    "ID Number": "3271307"
  },
  {
    "ID Number": "3241971"
  },
  {
    "ID Number": "3225356"
  },
  {
    "ID Number": "3273466"
  },
  {
    "ID Number": "3236773"
  },
  {
    "ID Number": "3221326"
  },
  {
    "ID Number": "3241564"
  },
  {
    "ID Number": "3238750"
  },
  {
    "ID Number": "3243095"
  },
  {
    "ID Number": "3290387"
  },
  {
    "ID Number": "33432040"
  },
  {
    "ID Number": "3217795"
  },
  {
    "ID Number": "3200035"
  },
  {
    "ID Number": "3268268"
  },
  {
    "ID Number": "3217809"
  },
  {
    "ID Number": "3290964"
  },
  {
    "ID Number": "3229343"
  },
  {
    "ID Number": "3244482"
  },
  {
    "ID Number": "3226859"
  },
  {
    "ID Number": "3226360"
  },
  {
    "ID Number": "3200663"
  },
  {
    "ID Number": "3236994"
  },
  {
    "ID Number": "3242650"
  },
  {
    "ID Number": "3203263"
  },
  {
    "ID Number": "3285936"
  },
  {
    "ID Number": "3200876"
  },
  {
    "ID Number": "3234541"
  },
  {
    "ID Number": "3225615"
  },
  {
    "ID Number": "3236226"
  },
  {
    "ID Number": "3214125"
  },
  {
    "ID Number": "3284824"
  },
  {
    "ID Number": "3291537"
  },
  {
    "ID Number": "311214498"
  },
  {
    "ID Number": "3220028"
  },
  {
    "ID Number": "3283976"
  },
  {
    "ID Number": "3293963"
  },
  {
    "ID Number": "3205517"
  },
  {
    "ID Number": "3226760"
  },
  {
    "ID Number": "3204847"
  },
  {
    "ID Number": "3238610"
  },
  {
    "ID Number": "3209946"
  },
  {
    "ID Number": "3204979"
  },
  {
    "ID Number": "3284670"
  },
  {
    "ID Number": "3209954"
  },
  {
    "ID Number": "3256421"
  },
  {
    "ID Number": "3244849"
  },
  {
    "ID Number": "3205762"
  },
  {
    "ID Number": "3249719"
  },
  {
    "ID Number": "3287092"
  },
  {
    "ID Number": "3233146"
  },
  {
    "ID Number": "3272508"
  },
  {
    "ID Number": "3229050"
  },
  {
    "ID Number": "3265900"
  },
  {
    "ID Number": "3206475"
  },
  {
    "ID Number": "3244547"
  },
  {
    "ID Number": "3272516"
  },
  {
    "ID Number": "12503452"
  },
  {
    "ID Number": "3260020"
  },
  {
    "ID Number": "3257258"
  },
  {
    "ID Number": "3266583"
  },
  {
    "ID Number": "3277321"
  },
  {
    "ID Number": "3256430"
  },
  {
    "ID Number": "3230740"
  },
  {
    "ID Number": "3255093"
  },
  {
    "ID Number": "3244377"
  },
  {
    "ID Number": "3224635"
  },
  {
    "ID Number": "3229068"
  },
  {
    "ID Number": "3240266"
  },
  {
    "ID Number": "3265366"
  },
  {
    "ID Number": "9996672"
  },
  {
    "ID Number": "3263886"
  },
  {
    "ID Number": "3226964"
  },
  {
    "ID Number": "3221911"
  },
  {
    "ID Number": "3263797"
  },
  {
    "ID Number": "3268861"
  },
  {
    "ID Number": "3263703"
  },
  {
    "ID Number": "3202070"
  },
  {
    "ID Number": "3242781"
  },
  {
    "ID Number": "3261859"
  },
  {
    "ID Number": "3261735"
  },
  {
    "ID Number": "3269965"
  },
  {
    "ID Number": "3215504"
  },
  {
    "ID Number": "3215822"
  },
  {
    "ID Number": "3214079"
  },
  {
    "ID Number": "3284336"
  },
  {
    "ID Number": "3273091"
  },
  {
    "ID Number": "4123549"
  },
  {
    "ID Number": "3265374"
  },
  {
    "ID Number": "3272907"
  },
  {
    "ID Number": "3293939"
  },
  {
    "ID Number": "3277054"
  },
  {
    "ID Number": "3277046"
  },
  {
    "ID Number": "3261190"
  },
  {
    "ID Number": "3252337"
  },
  {
    "ID Number": "3224120"
  },
  {
    "ID Number": "3272222"
  },
  {
    "ID Number": "3255212"
  },
  {
    "ID Number": "3247511"
  },
  {
    "ID Number": "3246680"
  },
  {
    "ID Number": "3230171"
  },
  {
    "ID Number": "3231267"
  },
  {
    "ID Number": "3275000"
  },
  {
    "ID Number": "3205924"
  },
  {
    "ID Number": "3225178"
  },
  {
    "ID Number": "3207587"
  },
  {
    "ID Number": "3230678"
  },
  {
    "ID Number": "3285260"
  },
  {
    "ID Number": "3293947"
  },
  {
    "ID Number": "3264920"
  },
  {
    "ID Number": "3267547"
  },
  {
    "ID Number": "3267555"
  },
  {
    "ID Number": "3200523"
  },
  {
    "ID Number": "3251160"
  },
  {
    "ID Number": "3254550"
  },
  {
    "ID Number": "3212610"
  },
  {
    "ID Number": "3214907"
  },
  {
    "ID Number": "3243508"
  },
  {
    "ID Number": "3244733"
  },
  {
    "ID Number": "3209474"
  },
  {
    "ID Number": "3240460"
  },
  {
    "ID Number": "3276082"
  },
  {
    "ID Number": "3246248"
  },
  {
    "ID Number": "3203360"
  },
  {
    "ID Number": "3206386"
  },
  {
    "ID Number": "3268870"
  },
  {
    "ID Number": "3259498"
  },
  {
    "ID Number": "3256685"
  },
  {
    "ID Number": "3229572"
  },
  {
    "ID Number": "3260054"
  },
  {
    "ID Number": "3251128"
  },
  {
    "ID Number": "3262839"
  },
  {
    "ID Number": "3239926"
  },
  {
    "ID Number": "3280322"
  },
  {
    "ID Number": "3277917"
  },
  {
    "ID Number": "3290662"
  },
  {
    "ID Number": "3213765"
  },
  {
    "ID Number": "3254925"
  },
  {
    "ID Number": "3266125"
  },
  {
    "ID Number": "3216411"
  },
  {
    "ID Number": "3272524"
  },
  {
    "ID Number": "3234436"
  },
  {
    "ID Number": "3287114"
  },
  {
    "ID Number": "3234568"
  },
  {
    "ID Number": "3276635"
  },
  {
    "ID Number": "3226867"
  },
  {
    "ID Number": "3272290"
  },
  {
    "ID Number": "3271617"
  },
  {
    "ID Number": "3273873"
  },
  {
    "ID Number": "14203049"
  },
  {
    "ID Number": "3244431"
  },
  {
    "ID Number": "3253929"
  },
  {
    "ID Number": "3253937"
  },
  {
    "ID Number": "3253945"
  },
  {
    "ID Number": "3231275"
  },
  {
    "ID Number": "3247520"
  },
  {
    "ID Number": "3210855"
  },
  {
    "ID Number": "3257762"
  },
  {
    "ID Number": "3283569"
  },
  {
    "ID Number": "3217469"
  },
  {
    "ID Number": "3284344"
  },
  {
    "ID Number": "3221890"
  },
  {
    "ID Number": "3240711"
  },
  {
    "ID Number": "3224465"
  },
  {
    "ID Number": "3229351"
  },
  {
    "ID Number": "3249492"
  },
  {
    "ID Number": "3260437"
  },
  {
    "ID Number": "3211800"
  },
  {
    "ID Number": "3203301"
  },
  {
    "ID Number": "3230961"
  },
  {
    "ID Number": "3203794"
  },
  {
    "ID Number": "3227332"
  },
  {
    "ID Number": "3202402"
  },
  {
    "ID Number": "3272150"
  },
  {
    "ID Number": "3271919"
  },
  {
    "ID Number": "3242757"
  },
  {
    "ID Number": "3248089"
  },
  {
    "ID Number": "3211002"
  },
  {
    "ID Number": "3279006"
  },
  {
    "ID Number": "3239730"
  },
  {
    "ID Number": "3221466"
  },
  {
    "ID Number": "3257487"
  },
  {
    "ID Number": "3293980"
  },
  {
    "ID Number": "3208010"
  },
  {
    "ID Number": "3221377"
  },
  {
    "ID Number": "3252124"
  },
  {
    "ID Number": "3265048"
  },
  {
    "ID Number": "3277690"
  },
  {
    "ID Number": "3275906"
  },
  {
    "ID Number": "3285944"
  },
  {
    "ID Number": "3288323"
  },
  {
    "ID Number": "3238970"
  },
  {
    "ID Number": "3245667"
  },
  {
    "ID Number": "3228410"
  },
  {
    "ID Number": "3232409"
  },
  {
    "ID Number": "3254577"
  },
  {
    "ID Number": "3262596"
  },
  {
    "ID Number": "3257894"
  },
  {
    "ID Number": "3202410"
  },
  {
    "ID Number": "3278190"
  },
  {
    "ID Number": "3243800"
  },
  {
    "ID Number": "3223639"
  },
  {
    "ID Number": "3239748"
  },
  {
    "ID Number": "3275310"
  },
  {
    "ID Number": "3232867"
  },
  {
    "ID Number": "3269540"
  },
  {
    "ID Number": "3224503"
  },
  {
    "ID Number": "3261514"
  },
  {
    "ID Number": "3250679"
  },
  {
    "ID Number": "3263339"
  },
  {
    "ID Number": "3236234"
  },
  {
    "ID Number": "3264084"
  },
  {
    "ID Number": "3287122"
  },
  {
    "ID Number": "3253953"
  },
  {
    "ID Number": "3212629"
  },
  {
    "ID Number": "3238512"
  },
  {
    "ID Number": "3238520"
  },
  {
    "ID Number": "3243265"
  },
  {
    "ID Number": "3205576"
  },
  {
    "ID Number": "3284891"
  },
  {
    "ID Number": "3216918"
  },
  {
    "ID Number": "3283453"
  },
  {
    "ID Number": "3200183"
  },
  {
    "ID Number": "3261522"
  },
  {
    "ID Number": "3200884"
  },
  {
    "ID Number": "3210375"
  },
  {
    "ID Number": "3232913"
  },
  {
    "ID Number": "3250229"
  },
  {
    "ID Number": "3274772"
  },
  {
    "ID Number": "3231356"
  },
  {
    "ID Number": "3282104"
  },
  {
    "ID Number": "3279499"
  },
  {
    "ID Number": "3245462"
  },
  {
    "ID Number": "3260100"
  },
  {
    "ID Number": "3225836"
  },
  {
    "ID Number": "3278484"
  },
  {
    "ID Number": "3277704"
  },
  {
    "ID Number": "3243273"
  },
  {
    "ID Number": "3265684"
  },
  {
    "ID Number": "3232921"
  },
  {
    "ID Number": "3267490"
  },
  {
    "ID Number": "3227146"
  },
  {
    "ID Number": "3293289"
  },
  {
    "ID Number": "3272532"
  },
  {
    "ID Number": "3222136"
  },
  {
    "ID Number": "3273741"
  },
  {
    "ID Number": "3209962"
  },
  {
    "ID Number": "3242897"
  },
  {
    "ID Number": "3258408"
  },
  {
    "ID Number": "3258815"
  },
  {
    "ID Number": "3260984"
  },
  {
    "ID Number": "3269094"
  },
  {
    "ID Number": "3232930"
  },
  {
    "ID Number": "311214540"
  },
  {
    "ID Number": "3283267"
  },
  {
    "ID Number": "3225526"
  },
  {
    "ID Number": "3235343"
  },
  {
    "ID Number": "3277941"
  },
  {
    "ID Number": "3229505"
  },
  {
    "ID Number": "3244091"
  },
  {
    "ID Number": "3255220"
  },
  {
    "ID Number": "3219186"
  },
  {
    "ID Number": "3219194"
  },
  {
    "ID Number": "3275612"
  },
  {
    "ID Number": "3258513"
  },
  {
    "ID Number": "3290581"
  },
  {
    "ID Number": "3227618"
  },
  {
    "ID Number": "3234339"
  },
  {
    "ID Number": "3247333"
  },
  {
    "ID Number": "3271846"
  },
  {
    "ID Number": "3240983"
  },
  {
    "ID Number": "3245390"
  },
  {
    "ID Number": "3250458"
  },
  {
    "ID Number": "3215830"
  },
  {
    "ID Number": "3218252"
  },
  {
    "ID Number": "3250466"
  },
  {
    "ID Number": "3256448"
  },
  {
    "ID Number": "3285456"
  },
  {
    "ID Number": "3235351"
  },
  {
    "ID Number": "3252698"
  },
  {
    "ID Number": "3252701"
  },
  {
    "ID Number": "3205592"
  },
  {
    "ID Number": "3259056"
  },
  {
    "ID Number": "3205606"
  },
  {
    "ID Number": "3218295"
  },
  {
    "ID Number": "3222349"
  },
  {
    "ID Number": "3272168"
  },
  {
    "ID Number": "3255964"
  },
  {
    "ID Number": "3233618"
  },
  {
    "ID Number": "3218902"
  },
  {
    "ID Number": "3272540"
  },
  {
    "ID Number": "3250962"
  },
  {
    "ID Number": "3274560"
  },
  {
    "ID Number": "3237095"
  },
  {
    "ID Number": "3252710"
  },
  {
    "ID Number": "3242420"
  },
  {
    "ID Number": "3279570"
  },
  {
    "ID Number": "3245160"
  },
  {
    "ID Number": "3265218"
  },
  {
    "ID Number": "3242064"
  },
  {
    "ID Number": "3278689"
  },
  {
    "ID Number": "3253538"
  },
  {
    "ID Number": "3240487"
  },
  {
    "ID Number": "3242447"
  },
  {
    "ID Number": "3245004"
  },
  {
    "ID Number": "3210588"
  },
  {
    "ID Number": "3259404"
  },
  {
    "ID Number": "3205398"
  },
  {
    "ID Number": "3213951"
  },
  {
    "ID Number": "3287149"
  },
  {
    "ID Number": "3278948"
  },
  {
    "ID Number": "3210383"
  },
  {
    "ID Number": "3206416"
  },
  {
    "ID Number": "3249271"
  },
  {
    "ID Number": "3257584"
  },
  {
    "ID Number": "3271943"
  },
  {
    "ID Number": "3242609"
  },
  {
    "ID Number": "3263800"
  },
  {
    "ID Number": "3272052"
  },
  {
    "ID Number": "3215237"
  },
  {
    "ID Number": "3215334"
  },
  {
    "ID Number": "3215342"
  },
  {
    "ID Number": "3235815"
  },
  {
    "ID Number": "3203506"
  },
  {
    "ID Number": "3208850"
  },
  {
    "ID Number": "3273750"
  },
  {
    "ID Number": "3262480"
  },
  {
    "ID Number": "3287645"
  },
  {
    "ID Number": "3219208"
  },
  {
    "ID Number": "3271170"
  },
  {
    "ID Number": "3275981"
  },
  {
    "ID Number": "3202267"
  },
  {
    "ID Number": "3222454"
  },
  {
    "ID Number": "3244105"
  },
  {
    "ID Number": "3220346"
  },
  {
    "ID Number": "3237451"
  },
  {
    "ID Number": "3274780"
  },
  {
    "ID Number": "3260992"
  },
  {
    "ID Number": "3266230"
  },
  {
    "ID Number": "3281515"
  },
  {
    "ID Number": "3236030"
  },
  {
    "ID Number": "3204405"
  },
  {
    "ID Number": "3290670"
  },
  {
    "ID Number": "3204308"
  },
  {
    "ID Number": "3232662"
  },
  {
    "ID Number": "3242226"
  },
  {
    "ID Number": "3267911"
  },
  {
    "ID Number": "3244610"
  },
  {
    "ID Number": "3244253"
  },
  {
    "ID Number": "3282791"
  },
  {
    "ID Number": "3288862"
  },
  {
    "ID Number": "3273679"
  },
  {
    "ID Number": "3250741"
  },
  {
    "ID Number": "3248097"
  },
  {
    "ID Number": "3260143"
  },
  {
    "ID Number": "3228223"
  },
  {
    "ID Number": "3278697"
  },
  {
    "ID Number": "3282716"
  },
  {
    "ID Number": "3221385"
  },
  {
    "ID Number": "3241521"
  },
  {
    "ID Number": "3286762"
  },
  {
    "ID Number": "3290069"
  },
  {
    "ID Number": "3278611"
  },
  {
    "ID Number": "3217604"
  },
  {
    "ID Number": "3268004"
  },
  {
    "ID Number": "3270076"
  },
  {
    "ID Number": "3260062"
  },
  {
    "ID Number": "3251179"
  },
  {
    "ID Number": "3244911"
  },
  {
    "ID Number": "3272176"
  },
  {
    "ID Number": "3273768"
  },
  {
    "ID Number": "3215644"
  },
  {
    "ID Number": "3293513"
  },
  {
    "ID Number": "3246396"
  },
  {
    "ID Number": "3292584"
  },
  {
    "ID Number": "3245705"
  },
  {
    "ID Number": "3207170"
  },
  {
    "ID Number": "3243613"
  },
  {
    "ID Number": "3223159"
  },
  {
    "ID Number": "3247341"
  },
  {
    "ID Number": "3234576"
  },
  {
    "ID Number": "3263363"
  },
  {
    "ID Number": "3280357"
  },
  {
    "ID Number": "3224139"
  },
  {
    "ID Number": "3263819"
  },
  {
    "ID Number": "3267822"
  },
  {
    "ID Number": "3242005"
  },
  {
    "ID Number": "3271188"
  },
  {
    "ID Number": "3282228"
  },
  {
    "ID Number": "3206440"
  },
  {
    "ID Number": "3240045"
  },
  {
    "ID Number": "3207021"
  },
  {
    "ID Number": "3220427"
  },
  {
    "ID Number": "3220435"
  },
  {
    "ID Number": "3256138"
  },
  {
    "ID Number": "3274063"
  },
  {
    "ID Number": "3286070"
  },
  {
    "ID Number": "3273121"
  },
  {
    "ID Number": "3231097"
  },
  {
    "ID Number": "3279324"
  },
  {
    "ID Number": "3273776"
  },
  {
    "ID Number": "3236390"
  },
  {
    "ID Number": "3265773"
  },
  {
    "ID Number": "3272060"
  },
  {
    "ID Number": "3230546"
  },
  {
    "ID Number": "3292304"
  },
  {
    "ID Number": "3222713"
  },
  {
    "ID Number": "3200264"
  },
  {
    "ID Number": "3253180"
  },
  {
    "ID Number": "3230988"
  },
  {
    "ID Number": "3249280"
  },
  {
    "ID Number": "3228436"
  },
  {
    "ID Number": "3237290"
  },
  {
    "ID Number": "3224180"
  },
  {
    "ID Number": "311111454"
  },
  {
    "ID Number": "3226492"
  },
  {
    "ID Number": "3232948"
  },
  {
    "ID Number": "3230015"
  },
  {
    "ID Number": "3269990"
  },
  {
    "ID Number": "3215350"
  },
  {
    "ID Number": "3211681"
  },
  {
    "ID Number": "3225364"
  },
  {
    "ID Number": "3242293"
  },
  {
    "ID Number": "3247350"
  },
  {
    "ID Number": "3269108"
  },
  {
    "ID Number": "3254704"
  },
  {
    "ID Number": "3228053"
  },
  {
    "ID Number": "3249727"
  },
  {
    "ID Number": "3243281"
  },
  {
    "ID Number": "3266460"
  },
  {
    "ID Number": "3206610"
  },
  {
    "ID Number": "3257177"
  },
  {
    "ID Number": "3229190"
  },
  {
    "ID Number": "3289575"
  },
  {
    "ID Number": "3271218"
  },
  {
    "ID Number": "3286541"
  },
  {
    "ID Number": "3278700"
  },
  {
    "ID Number": "3287980"
  },
  {
    "ID Number": "3209512"
  },
  {
    "ID Number": "3230503"
  },
  {
    "ID Number": "3239217"
  },
  {
    "ID Number": "3249697"
  },
  {
    "ID Number": "3270025"
  },
  {
    "ID Number": "3229076"
  },
  {
    "ID Number": "3276970"
  },
  {
    "ID Number": "3221393"
  },
  {
    "ID Number": "3204669"
  },
  {
    "ID Number": "3232042"
  },
  {
    "ID Number": "3235068"
  },
  {
    "ID Number": "3280110"
  },
  {
    "ID Number": "3276090"
  },
  {
    "ID Number": "3243958"
  },
  {
    "ID Number": "3266044"
  },
  {
    "ID Number": "3241246"
  },
  {
    "ID Number": "3279170"
  },
  {
    "ID Number": "3251853"
  },
  {
    "ID Number": "3259323"
  },
  {
    "ID Number": "3285537"
  },
  {
    "ID Number": "3264106"
  },
  {
    "ID Number": "3250610"
  },
  {
    "ID Number": "3258645"
  },
  {
    "ID Number": "3243028"
  },
  {
    "ID Number": "3215660"
  },
  {
    "ID Number": "3276724"
  },
  {
    "ID Number": "3232336"
  },
  {
    "ID Number": "3220443"
  },
  {
    "ID Number": "3256316"
  },
  {
    "ID Number": "3275663"
  },
  {
    "ID Number": "324225087"
  },
  {
    "ID Number": "3248801"
  },
  {
    "ID Number": "3208079"
  },
  {
    "ID Number": "3287165"
  },
  {
    "ID Number": "3217493"
  },
  {
    "ID Number": "3236404"
  },
  {
    "ID Number": "3250830"
  },
  {
    "ID Number": "3276791"
  },
  {
    "ID Number": "3221407"
  },
  {
    "ID Number": "3229238"
  },
  {
    "ID Number": "3251659"
  },
  {
    "ID Number": "3242455"
  },
  {
    "ID Number": "3239756"
  },
  {
    "ID Number": "3209180"
  },
  {
    "ID Number": "3240525"
  },
  {
    "ID Number": "3257282"
  },
  {
    "ID Number": "3234193"
  },
  {
    "ID Number": "3231453"
  },
  {
    "ID Number": "3211991"
  },
  {
    "ID Number": "3225640"
  },
  {
    "ID Number": "3266249"
  },
  {
    "ID Number": "3246701"
  },
  {
    "ID Number": "3280373"
  },
  {
    "ID Number": "3227340"
  },
  {
    "ID Number": "3290263"
  },
  {
    "ID Number": "3229149"
  },
  {
    "ID Number": "3263185"
  },
  {
    "ID Number": "3209547"
  },
  {
    "ID Number": "3205800"
  },
  {
    "ID Number": "3244920"
  },
  {
    "ID Number": "3205819"
  },
  {
    "ID Number": "3239535"
  },
  {
    "ID Number": "3225534"
  },
  {
    "ID Number": "3249654"
  },
  {
    "ID Number": "3265706"
  },
  {
    "ID Number": "3251217"
  },
  {
    "ID Number": "3250750"
  },
  {
    "ID Number": "3243290"
  },
  {
    "ID Number": "3223167"
  },
  {
    "ID Number": "3204359"
  },
  {
    "ID Number": "3234444"
  },
  {
    "ID Number": "3238989"
  },
  {
    "ID Number": "3277500"
  },
  {
    "ID Number": "3250768"
  },
  {
    "ID Number": "3239861"
  },
  {
    "ID Number": "3205177"
  },
  {
    "ID Number": "3203298"
  },
  {
    "ID Number": "3257495"
  },
  {
    "ID Number": "3246361"
  },
  {
    "ID Number": "3293726"
  },
  {
    "ID Number": "3293734"
  },
  {
    "ID Number": "3257185"
  },
  {
    "ID Number": "3233006"
  },
  {
    "ID Number": "3255239"
  },
  {
    "ID Number": "3258823"
  },
  {
    "ID Number": "3241009"
  },
  {
    "ID Number": "3259935"
  },
  {
    "ID Number": "3251071"
  },
  {
    "ID Number": "3200698"
  },
  {
    "ID Number": "33387249"
  },
  {
    "ID Number": "3240304"
  },
  {
    "ID Number": "3251004"
  },
  {
    "ID Number": "3251012"
  },
  {
    "ID Number": "3251020"
  },
  {
    "ID Number": "3216560"
  },
  {
    "ID Number": "3241530"
  },
  {
    "ID Number": "3237796"
  },
  {
    "ID Number": "3260585"
  },
  {
    "ID Number": "3246752"
  },
  {
    "ID Number": "3248100"
  },
  {
    "ID Number": "3242234"
  },
  {
    "ID Number": "3215016"
  },
  {
    "ID Number": "3203131"
  },
  {
    "ID Number": "3221997"
  },
  {
    "ID Number": "3251705"
  },
  {
    "ID Number": "3235831"
  },
  {
    "ID Number": "3261654"
  },
  {
    "ID Number": "3214869"
  },
  {
    "ID Number": "3231860"
  },
  {
    "ID Number": "3233316"
  },
  {
    "ID Number": "3282759"
  },
  {
    "ID Number": "3269302"
  },
  {
    "ID Number": "3289591"
  },
  {
    "ID Number": "3265056"
  },
  {
    "ID Number": "3267849"
  },
  {
    "ID Number": "3259331"
  },
  {
    "ID Number": "3257509"
  },
  {
    "ID Number": "3224473"
  },
  {
    "ID Number": "3284352"
  },
  {
    "ID Number": "3289605"
  },
  {
    "ID Number": "3283500"
  },
  {
    "ID Number": "12414077"
  },
  {
    "ID Number": "3264149"
  },
  {
    "ID Number": "3239896"
  },
  {
    "ID Number": "3233634"
  },
  {
    "ID Number": "3205096"
  },
  {
    "ID Number": "3229084"
  },
  {
    "ID Number": "3291561"
  },
  {
    "ID Number": "3268110"
  },
  {
    "ID Number": "3294862"
  },
  {
    "ID Number": "3273482"
  },
  {
    "ID Number": "3259013"
  },
  {
    "ID Number": "3276465"
  },
  {
    "ID Number": "3278727"
  },
  {
    "ID Number": "3227723"
  },
  {
    "ID Number": "3276473"
  },
  {
    "ID Number": "3253392"
  },
  {
    "ID Number": "3270335"
  },
  {
    "ID Number": "3272915"
  },
  {
    "ID Number": "12424986"
  },
  {
    "ID Number": "3240142"
  },
  {
    "ID Number": "3242790"
  },
  {
    "ID Number": "3239942"
  },
  {
    "ID Number": "3249506"
  },
  {
    "ID Number": "3246779"
  },
  {
    "ID Number": "3287653"
  },
  {
    "ID Number": "3232344"
  },
  {
    "ID Number": "3256324"
  },
  {
    "ID Number": "3252183"
  },
  {
    "ID Number": "3282767"
  },
  {
    "ID Number": "3217361"
  },
  {
    "ID Number": "3233405"
  },
  {
    "ID Number": "3235947"
  },
  {
    "ID Number": "3207048"
  },
  {
    "ID Number": "3232689"
  },
  {
    "ID Number": "3280381"
  },
  {
    "ID Number": "3267601"
  },
  {
    "ID Number": "3214915"
  },
  {
    "ID Number": "3273792"
  },
  {
    "ID Number": "3279413"
  },
  {
    "ID Number": "3237486"
  },
  {
    "ID Number": "3276880"
  },
  {
    "ID Number": "3233642"
  },
  {
    "ID Number": "3236412"
  },
  {
    "ID Number": "3259412"
  },
  {
    "ID Number": "3280403"
  },
  {
    "ID Number": "3241548"
  },
  {
    "ID Number": "3241823"
  },
  {
    "ID Number": "3240894"
  },
  {
    "ID Number": "3238717"
  },
  {
    "ID Number": "3244440"
  },
  {
    "ID Number": "3249417"
  },
  {
    "ID Number": "3236374"
  },
  {
    "ID Number": "3237028"
  },
  {
    "ID Number": "3229955"
  },
  {
    "ID Number": "3248828"
  },
  {
    "ID Number": "3206807"
  },
  {
    "ID Number": "3277518"
  },
  {
    "ID Number": "3248836"
  },
  {
    "ID Number": "3263894"
  },
  {
    "ID Number": "3233790"
  },
  {
    "ID Number": "3230570"
  },
  {
    "ID Number": "3267709"
  },
  {
    "ID Number": "3252450"
  },
  {
    "ID Number": "3282236"
  },
  {
    "ID Number": "3232050"
  },
  {
    "ID Number": "3201902"
  },
  {
    "ID Number": "3205827"
  },
  {
    "ID Number": "3288447"
  },
  {
    "ID Number": "3215032"
  },
  {
    "ID Number": "3213587"
  },
  {
    "ID Number": "3277330"
  },
  {
    "ID Number": "3286100"
  },
  {
    "ID Number": "3275922"
  },
  {
    "ID Number": "3252558"
  },
  {
    "ID Number": "3233952"
  },
  {
    "ID Number": "3280136"
  },
  {
    "ID Number": "3289613"
  },
  {
    "ID Number": "3288870"
  },
  {
    "ID Number": "3213030"
  },
  {
    "ID Number": "3227855"
  },
  {
    "ID Number": "3243699"
  },
  {
    "ID Number": "3284956"
  },
  {
    "ID Number": "3246655"
  },
  {
    "ID Number": "3290689"
  },
  {
    "ID Number": "3232352"
  },
  {
    "ID Number": "3205223"
  },
  {
    "ID Number": "3239764"
  },
  {
    "ID Number": "3202100"
  },
  {
    "ID Number": "3250865"
  },
  {
    "ID Number": "3244741"
  },
  {
    "ID Number": "3258238"
  },
  {
    "ID Number": "3236170"
  },
  {
    "ID Number": "311110949"
  },
  {
    "ID Number": "3207188"
  },
  {
    "ID Number": "3225453"
  },
  {
    "ID Number": "3270033"
  },
  {
    "ID Number": "3200710"
  },
  {
    "ID Number": "3202836"
  },
  {
    "ID Number": "3236048"
  },
  {
    "ID Number": "3232697"
  },
  {
    "ID Number": "3276988"
  },
  {
    "ID Number": "3234428"
  },
  {
    "ID Number": "3255166"
  },
  {
    "ID Number": "3236471"
  },
  {
    "ID Number": "3263193"
  },
  {
    "ID Number": "3214028"
  },
  {
    "ID Number": "3218376"
  },
  {
    "ID Number": "3239144"
  },
  {
    "ID Number": "3235688"
  },
  {
    "ID Number": "3254003"
  },
  {
    "ID Number": "3270149"
  },
  {
    "ID Number": "3243621"
  },
  {
    "ID Number": "3273385"
  },
  {
    "ID Number": "3217833"
  },
  {
    "ID Number": "3209598"
  },
  {
    "ID Number": "3265781"
  },
  {
    "ID Number": "3278271"
  },
  {
    "ID Number": "3257207"
  },
  {
    "ID Number": "3201228"
  },
  {
    "ID Number": "6004466"
  },
  {
    "ID Number": "6003290"
  },
  {
    "ID Number": "3260038"
  },
  {
    "ID Number": "3261565"
  },
  {
    "ID Number": "3213463"
  },
  {
    "ID Number": "3223370"
  },
  {
    "ID Number": "3235084"
  },
  {
    "ID Number": "3218309"
  },
  {
    "ID Number": "3275930"
  },
  {
    "ID Number": "3235696"
  },
  {
    "ID Number": "3215040"
  },
  {
    "ID Number": "3241270"
  },
  {
    "ID Number": "3248852"
  },
  {
    "ID Number": "3276805"
  },
  {
    "ID Number": "3284964"
  },
  {
    "ID Number": "3248119"
  },
  {
    "ID Number": "12401684"
  },
  {
    "ID Number": "3268683"
  },
  {
    "ID Number": "3208141"
  },
  {
    "ID Number": "3275990"
  },
  {
    "ID Number": "3237150"
  },
  {
    "ID Number": "3237320"
  },
  {
    "ID Number": "3278280"
  },
  {
    "ID Number": "3259072"
  },
  {
    "ID Number": "3220044"
  },
  {
    "ID Number": "3257045"
  },
  {
    "ID Number": "3272311"
  },
  {
    "ID Number": "3273008"
  },
  {
    "ID Number": "3217515"
  },
  {
    "ID Number": "3212084"
  },
  {
    "ID Number": "3240029"
  },
  {
    "ID Number": "3208150"
  },
  {
    "ID Number": "3226409"
  },
  {
    "ID Number": "3231402"
  },
  {
    "ID Number": "3218015"
  },
  {
    "ID Number": "3290794"
  },
  {
    "ID Number": "3232360"
  },
  {
    "ID Number": "3285626"
  },
  {
    "ID Number": "3261093"
  },
  {
    "ID Number": "3262367"
  },
  {
    "ID Number": "3265862"
  },
  {
    "ID Number": "3202763"
  },
  {
    "ID Number": "3208176"
  },
  {
    "ID Number": "3253961"
  },
  {
    "ID Number": "3251950"
  },
  {
    "ID Number": "3261964"
  },
  {
    "ID Number": "3270157"
  },
  {
    "ID Number": "3273890"
  },
  {
    "ID Number": "3228444"
  },
  {
    "ID Number": "3224546"
  },
  {
    "ID Number": "3246850"
  },
  {
    "ID Number": "3244555"
  },
  {
    "ID Number": "3225119"
  },
  {
    "ID Number": "9901043"
  },
  {
    "ID Number": "3241289"
  },
  {
    "ID Number": "3215539"
  },
  {
    "ID Number": "3263207"
  },
  {
    "ID Number": "3212840"
  },
  {
    "ID Number": "3224856"
  },
  {
    "ID Number": "3234940"
  },
  {
    "ID Number": "3251730"
  },
  {
    "ID Number": "3243974"
  },
  {
    "ID Number": "3259919"
  },
  {
    "ID Number": "3270491"
  },
  {
    "ID Number": "3213307"
  },
  {
    "ID Number": "3215733"
  },
  {
    "ID Number": "3284638"
  },
  {
    "ID Number": "3215121"
  },
  {
    "ID Number": "3242803"
  },
  {
    "ID Number": "3287998"
  },
  {
    "ID Number": "3239152"
  },
  {
    "ID Number": "8638209"
  },
  {
    "ID Number": "8639590"
  },
  {
    "ID Number": "3256162"
  },
  {
    "ID Number": "311214569"
  },
  {
    "ID Number": "3206831"
  },
  {
    "ID Number": "3233650"
  },
  {
    "ID Number": "3261581"
  },
  {
    "ID Number": "3212866"
  },
  {
    "ID Number": "5803837"
  },
  {
    "ID Number": "3220052"
  },
  {
    "ID Number": "3202844"
  },
  {
    "ID Number": "3226506"
  },
  {
    "ID Number": "3204910"
  },
  {
    "ID Number": "3232964"
  },
  {
    "ID Number": "3213978"
  },
  {
    "ID Number": "3261239"
  },
  {
    "ID Number": "3254470"
  },
  {
    "ID Number": "3240819"
  },
  {
    "ID Number": "3238849"
  },
  {
    "ID Number": "3231410"
  },
  {
    "ID Number": "3278824"
  },
  {
    "ID Number": "3246949"
  },
  {
    "ID Number": "3203018"
  },
  {
    "ID Number": "3277348"
  },
  {
    "ID Number": "3265790"
  },
  {
    "ID Number": "3234720"
  },
  {
    "ID Number": "3275221"
  },
  {
    "ID Number": "3249298"
  },
  {
    "ID Number": "3286371"
  },
  {
    "ID Number": "3287602"
  },
  {
    "ID Number": "3272567"
  },
  {
    "ID Number": "3254488"
  },
  {
    "ID Number": "3290271"
  },
  {
    "ID Number": "3290018"
  },
  {
    "ID Number": "4800206"
  },
  {
    "ID Number": "3234843"
  },
  {
    "ID Number": "3243230"
  },
  {
    "ID Number": "3230945"
  },
  {
    "ID Number": "3283291"
  },
  {
    "ID Number": "3240908"
  },
  {
    "ID Number": "3241750"
  },
  {
    "ID Number": "3226557"
  },
  {
    "ID Number": "3259820"
  },
  {
    "ID Number": "3254992"
  },
  {
    "ID Number": "3202330"
  },
  {
    "ID Number": "3206190"
  },
  {
    "ID Number": "3256561"
  },
  {
    "ID Number": "3281809"
  },
  {
    "ID Number": "3246191"
  },
  {
    "ID Number": "3205185"
  },
  {
    "ID Number": "3232522"
  },
  {
    "ID Number": "3251993"
  },
  {
    "ID Number": "3252477"
  },
  {
    "ID Number": "3255972"
  },
  {
    "ID Number": "3247058"
  },
  {
    "ID Number": "3276406"
  },
  {
    "ID Number": "3277356"
  },
  {
    "ID Number": "3203492"
  },
  {
    "ID Number": "3232700"
  },
  {
    "ID Number": "3253201"
  },
  {
    "ID Number": "3201457"
  },
  {
    "ID Number": "3237710"
  },
  {
    "ID Number": "3236153"
  },
  {
    "ID Number": "3284700"
  },
  {
    "ID Number": "3288005"
  },
  {
    "ID Number": "3201244"
  },
  {
    "ID Number": "3227545"
  },
  {
    "ID Number": "408697"
  },
  {
    "ID Number": "3272575"
  },
  {
    "ID Number": "3253848"
  },
  {
    "ID Number": "3265226"
  },
  {
    "ID Number": "3276007"
  },
  {
    "ID Number": "3265234"
  },
  {
    "ID Number": "3260011"
  },
  {
    "ID Number": "3233359"
  },
  {
    "ID Number": "3218384"
  },
  {
    "ID Number": "3236420"
  },
  {
    "ID Number": "3220877"
  },
  {
    "ID Number": "3220885"
  },
  {
    "ID Number": "3247716"
  },
  {
    "ID Number": "3226999"
  },
  {
    "ID Number": "3290026"
  },
  {
    "ID Number": "3231160"
  },
  {
    "ID Number": "3273504"
  },
  {
    "ID Number": "3218708"
  },
  {
    "ID Number": "3228762"
  },
  {
    "ID Number": "3267202"
  },
  {
    "ID Number": "3206670"
  },
  {
    "ID Number": "3235955"
  },
  {
    "ID Number": "3240738"
  },
  {
    "ID Number": "3240746"
  },
  {
    "ID Number": "3237621"
  },
  {
    "ID Number": "3271951"
  },
  {
    "ID Number": "3215547"
  },
  {
    "ID Number": "3257266"
  },
  {
    "ID Number": "3275744"
  },
  {
    "ID Number": "3276660"
  },
  {
    "ID Number": "3261590"
  },
  {
    "ID Number": "3246469"
  },
  {
    "ID Number": "3220060"
  },
  {
    "ID Number": "3254046"
  },
  {
    "ID Number": "3273326"
  },
  {
    "ID Number": "3221334"
  },
  {
    "ID Number": "3255727"
  },
  {
    "ID Number": "3255255"
  },
  {
    "ID Number": "3210880"
  },
  {
    "ID Number": "3221113"
  },
  {
    "ID Number": "311214578"
  },
  {
    "ID Number": "3281345"
  },
  {
    "ID Number": "3244857"
  },
  {
    "ID Number": "3202437"
  },
  {
    "ID Number": "3223698"
  },
  {
    "ID Number": "3236242"
  },
  {
    "ID Number": "3231313"
  },
  {
    "ID Number": "3253422"
  },
  {
    "ID Number": "3263576"
  },
  {
    "ID Number": "3276210"
  },
  {
    "ID Number": "3222632"
  },
  {
    "ID Number": "3248860"
  },
  {
    "ID Number": "3248879"
  },
  {
    "ID Number": "4127714"
  },
  {
    "ID Number": "3264173"
  },
  {
    "ID Number": "3231941"
  },
  {
    "ID Number": "3239233"
  },
  {
    "ID Number": "3254763"
  },
  {
    "ID Number": "3254151"
  },
  {
    "ID Number": "3273148"
  },
  {
    "ID Number": "2265320"
  },
  {
    "ID Number": "3203913"
  },
  {
    "ID Number": "3201805"
  },
  {
    "ID Number": "3222829"
  },
  {
    "ID Number": "5068380"
  },
  {
    "ID Number": "3254933"
  },
  {
    "ID Number": "3229661"
  },
  {
    "ID Number": "25004301"
  },
  {
    "ID Number": "3273016"
  },
  {
    "ID Number": "3209610"
  },
  {
    "ID Number": "3242811"
  },
  {
    "ID Number": "3258254"
  },
  {
    "ID Number": "3206840"
  },
  {
    "ID Number": "3250695"
  },
  {
    "ID Number": "3279766"
  },
  {
    "ID Number": "3272230"
  },
  {
    "ID Number": "3266320"
  },
  {
    "ID Number": "3252310"
  },
  {
    "ID Number": "3260500"
  },
  {
    "ID Number": "3214281"
  },
  {
    "ID Number": "3205690"
  },
  {
    "ID Number": "3272184"
  },
  {
    "ID Number": "3215075"
  },
  {
    "ID Number": "3255263"
  },
  {
    "ID Number": "3237338"
  },
  {
    "ID Number": "3286215"
  },
  {
    "ID Number": "3226387"
  },
  {
    "ID Number": "3240878"
  },
  {
    "ID Number": "3227251"
  },
  {
    "ID Number": "3262383"
  },
  {
    "ID Number": "3271544"
  },
  {
    "ID Number": "3284484"
  },
  {
    "ID Number": "3202895"
  },
  {
    "ID Number": "311110976"
  },
  {
    "ID Number": "3242080"
  },
  {
    "ID Number": "3290697"
  },
  {
    "ID Number": "3236056"
  },
  {
    "ID Number": "3265595"
  },
  {
    "ID Number": "3285472"
  },
  {
    "ID Number": "3232123"
  },
  {
    "ID Number": "3220893"
  },
  {
    "ID Number": "3221199"
  },
  {
    "ID Number": "3248534"
  },
  {
    "ID Number": "3262235"
  },
  {
    "ID Number": "3208249"
  },
  {
    "ID Number": "3253724"
  },
  {
    "ID Number": "311110902"
  },
  {
    "ID Number": "3251225"
  },
  {
    "ID Number": "311214818"
  },
  {
    "ID Number": "3248887"
  },
  {
    "ID Number": "3245250"
  },
  {
    "ID Number": "3205282"
  },
  {
    "ID Number": "3200434"
  },
  {
    "ID Number": "3262693"
  },
  {
    "ID Number": "3224996"
  },
  {
    "ID Number": "3266877"
  },
  {
    "ID Number": "3245721"
  },
  {
    "ID Number": "3238342"
  },
  {
    "ID Number": "3286606"
  },
  {
    "ID Number": "3210103"
  },
  {
    "ID Number": "3210111"
  },
  {
    "ID Number": "3256189"
  },
  {
    "ID Number": "3261603"
  },
  {
    "ID Number": "3265528"
  },
  {
    "ID Number": "3250423"
  },
  {
    "ID Number": "3275949"
  },
  {
    "ID Number": "3217620"
  },
  {
    "ID Number": "3256456"
  },
  {
    "ID Number": "3213498"
  },
  {
    "ID Number": "3204677"
  },
  {
    "ID Number": "3273806"
  },
  {
    "ID Number": "3250539"
  },
  {
    "ID Number": "3263380"
  },
  {
    "ID Number": "3206548"
  },
  {
    "ID Number": "3265102"
  },
  {
    "ID Number": "3215873"
  },
  {
    "ID Number": "3215881"
  },
  {
    "ID Number": "3267121"
  },
  {
    "ID Number": "3245535"
  },
  {
    "ID Number": "3265242"
  },
  {
    "ID Number": "8608482"
  },
  {
    "ID Number": "3228622"
  },
  {
    "ID Number": "3284360"
  },
  {
    "ID Number": "3267717"
  },
  {
    "ID Number": "3252205"
  },
  {
    "ID Number": "3253449"
  },
  {
    "ID Number": "3217752"
  },
  {
    "ID Number": "3277712"
  },
  {
    "ID Number": "3217035"
  },
  {
    "ID Number": "3250083"
  },
  {
    "ID Number": "3258025"
  },
  {
    "ID Number": "3268128"
  },
  {
    "ID Number": "3275671"
  },
  {
    "ID Number": "3258033"
  },
  {
    "ID Number": "3272583"
  },
  {
    "ID Number": "3216306"
  },
  {
    "ID Number": "3264181"
  },
  {
    "ID Number": "3282040"
  },
  {
    "ID Number": "3201708"
  },
  {
    "ID Number": "3284859"
  },
  {
    "ID Number": "3226824"
  },
  {
    "ID Number": "3225380"
  },
  {
    "ID Number": "3271927"
  },
  {
    "ID Number": "3293890"
  },
  {
    "ID Number": "3293645"
  },
  {
    "ID Number": "3236668"
  },
  {
    "ID Number": "3208699"
  },
  {
    "ID Number": "3201287"
  },
  {
    "ID Number": "3237575"
  },
  {
    "ID Number": "3275795"
  },
  {
    "ID Number": "3255980"
  },
  {
    "ID Number": "3221768"
  },
  {
    "ID Number": "3276112"
  },
  {
    "ID Number": "3294730"
  },
  {
    "ID Number": "3290700"
  },
  {
    "ID Number": "3261000"
  },
  {
    "ID Number": "3284379"
  },
  {
    "ID Number": "3252191"
  },
  {
    "ID Number": "3222560"
  },
  {
    "ID Number": "3267920"
  },
  {
    "ID Number": "3264564"
  },
  {
    "ID Number": "3217310"
  },
  {
    "ID Number": "3213501"
  },
  {
    "ID Number": "3202879"
  },
  {
    "ID Number": "3261018"
  },
  {
    "ID Number": "5023351"
  },
  {
    "ID Number": "3255271"
  },
  {
    "ID Number": "3203239"
  },
  {
    "ID Number": "3214044"
  },
  {
    "ID Number": "3222101"
  },
  {
    "ID Number": "3213668"
  },
  {
    "ID Number": "3259650"
  },
  {
    "ID Number": "3217841"
  },
  {
    "ID Number": "3202305"
  },
  {
    "ID Number": "13500945"
  },
  {
    "ID Number": "3208923"
  },
  {
    "ID Number": "3220087"
  },
  {
    "ID Number": "3257916"
  },
  {
    "ID Number": "3267229"
  },
  {
    "ID Number": "3234215"
  },
  {
    "ID Number": "3258530"
  },
  {
    "ID Number": "3254631"
  },
  {
    "ID Number": "3266087"
  },
  {
    "ID Number": "3226832"
  },
  {
    "ID Number": "3236676"
  },
  {
    "ID Number": "3260518"
  },
  {
    "ID Number": "3236684"
  },
  {
    "ID Number": "3232085"
  },
  {
    "ID Number": "3229840"
  },
  {
    "ID Number": "3221601"
  },
  {
    "ID Number": "3223027"
  },
  {
    "ID Number": "3266532"
  },
  {
    "ID Number": "3273024"
  },
  {
    "ID Number": "3218201"
  },
  {
    "ID Number": "3239780"
  },
  {
    "ID Number": "3200043"
  },
  {
    "ID Number": "34359230"
  },
  {
    "ID Number": "3269396"
  },
  {
    "ID Number": "3279278"
  },
  {
    "ID Number": "3217388"
  },
  {
    "ID Number": "3248143"
  },
  {
    "ID Number": "5803454"
  },
  {
    "ID Number": "3257703"
  },
  {
    "ID Number": "3286614"
  },
  {
    "ID Number": "3200990"
  },
  {
    "ID Number": "3245055"
  },
  {
    "ID Number": "3277151"
  },
  {
    "ID Number": "3214141"
  },
  {
    "ID Number": "3217639"
  },
  {
    "ID Number": "3218279"
  },
  {
    "ID Number": "3234738"
  },
  {
    "ID Number": "3275752"
  },
  {
    "ID Number": "3255280"
  },
  {
    "ID Number": "3208265"
  },
  {
    "ID Number": "3207064"
  },
  {
    "ID Number": "3237036"
  },
  {
    "ID Number": "3287882"
  },
  {
    "ID Number": "3260186"
  },
  {
    "ID Number": "3231526"
  },
  {
    "ID Number": "3287580"
  },
  {
    "ID Number": "3273970"
  },
  {
    "ID Number": "3267610"
  },
  {
    "ID Number": "3242099"
  },
  {
    "ID Number": "3218929"
  },
  {
    "ID Number": "3202313"
  },
  {
    "ID Number": "3202577"
  },
  {
    "ID Number": "3286401"
  },
  {
    "ID Number": "3238660"
  },
  {
    "ID Number": "3273865"
  },
  {
    "ID Number": "3201821"
  },
  {
    "ID Number": "3201309"
  },
  {
    "ID Number": "3204898"
  },
  {
    "ID Number": "3210650"
  },
  {
    "ID Number": "3217248"
  },
  {
    "ID Number": "3203689"
  },
  {
    "ID Number": "3203697"
  },
  {
    "ID Number": "3209318"
  },
  {
    "ID Number": "3245403"
  },
  {
    "ID Number": "3228452"
  },
  {
    "ID Number": "3255476"
  },
  {
    "ID Number": "3261247"
  },
  {
    "ID Number": "3208281"
  },
  {
    "ID Number": "3289621"
  },
  {
    "ID Number": "3278735"
  },
  {
    "ID Number": "3262286"
  },
  {
    "ID Number": "3265250"
  },
  {
    "ID Number": "3238385"
  },
  {
    "ID Number": "3252949"
  },
  {
    "ID Number": "3217647"
  },
  {
    "ID Number": "3276678"
  },
  {
    "ID Number": "3252353"
  },
  {
    "ID Number": "3252361"
  },
  {
    "ID Number": "3290212"
  },
  {
    "ID Number": "3286550"
  },
  {
    "ID Number": "3285952"
  },
  {
    "ID Number": "3251470"
  },
  {
    "ID Number": "3292606"
  },
  {
    "ID Number": "3288129"
  },
  {
    "ID Number": "3246043"
  },
  {
    "ID Number": "3292100"
  },
  {
    "ID Number": "3276953"
  },
  {
    "ID Number": "3259501"
  },
  {
    "ID Number": "3270041"
  },
  {
    "ID Number": "3207226"
  },
  {
    "ID Number": "3224490"
  },
  {
    "ID Number": "3281884"
  },
  {
    "ID Number": "3232093"
  },
  {
    "ID Number": "3285006"
  },
  {
    "ID Number": "3240606"
  },
  {
    "ID Number": "3269124"
  },
  {
    "ID Number": "3227227"
  },
  {
    "ID Number": "3224147"
  },
  {
    "ID Number": "3206882"
  },
  {
    "ID Number": "3209652"
  },
  {
    "ID Number": "3236692"
  },
  {
    "ID Number": "3285502"
  },
  {
    "ID Number": "3253775"
  },
  {
    "ID Number": "3233022"
  },
  {
    "ID Number": "3241041"
  },
  {
    "ID Number": "3258661"
  },
  {
    "ID Number": "3208460"
  },
  {
    "ID Number": "3284832"
  },
  {
    "ID Number": "3277364"
  },
  {
    "ID Number": "3244164"
  },
  {
    "ID Number": "3270637"
  },
  {
    "ID Number": "3203077"
  },
  {
    "ID Number": "3288684"
  },
  {
    "ID Number": "3201961"
  },
  {
    "ID Number": "3236188"
  },
  {
    "ID Number": "3241327"
  },
  {
    "ID Number": "3261034"
  },
  {
    "ID Number": "3204138"
  },
  {
    "ID Number": "3290182"
  },
  {
    "ID Number": "3250547"
  },
  {
    "ID Number": "3292053"
  },
  {
    "ID Number": "5749476"
  },
  {
    "ID Number": "3272923"
  },
  {
    "ID Number": "3265404"
  },
  {
    "ID Number": "3207234"
  },
  {
    "ID Number": "3281191"
  },
  {
    "ID Number": "3222314"
  },
  {
    "ID Number": "3215555"
  },
  {
    "ID Number": "46661018"
  },
  {
    "ID Number": "3294005"
  },
  {
    "ID Number": "3251080"
  },
  {
    "ID Number": "3226735"
  },
  {
    "ID Number": "3270238"
  },
  {
    "ID Number": "3270246"
  },
  {
    "ID Number": "3226646"
  },
  {
    "ID Number": "3240916"
  },
  {
    "ID Number": "3228495"
  },
  {
    "ID Number": "3271668"
  },
  {
    "ID Number": "3235246"
  },
  {
    "ID Number": "3247759"
  },
  {
    "ID Number": "3266095"
  },
  {
    "ID Number": "3276961"
  },
  {
    "ID Number": "3278832"
  },
  {
    "ID Number": "3261611"
  },
  {
    "ID Number": "3266516"
  },
  {
    "ID Number": "3250784"
  },
  {
    "ID Number": "3250792"
  },
  {
    "ID Number": "3279030"
  },
  {
    "ID Number": "3239870"
  },
  {
    "ID Number": "3253597"
  },
  {
    "ID Number": "3276015"
  },
  {
    "ID Number": "3201511"
  },
  {
    "ID Number": "3248577"
  },
  {
    "ID Number": "3247546"
  },
  {
    "ID Number": "3278638"
  },
  {
    "ID Number": "3218619"
  },
  {
    "ID Number": "3290808"
  },
  {
    "ID Number": "3245551"
  },
  {
    "ID Number": "3262391"
  },
  {
    "ID Number": "3207390"
  },
  {
    "ID Number": "4445112"
  },
  {
    "ID Number": "3214451"
  },
  {
    "ID Number": "3201317"
  },
  {
    "ID Number": "3244644"
  },
  {
    "ID Number": "3250660"
  },
  {
    "ID Number": "3256006"
  },
  {
    "ID Number": "3291456"
  },
  {
    "ID Number": "3232140"
  },
  {
    "ID Number": "3247228"
  },
  {
    "ID Number": "3222586"
  },
  {
    "ID Number": "3258963"
  },
  {
    "ID Number": "3258971"
  },
  {
    "ID Number": "3244768"
  },
  {
    "ID Number": "3205851"
  },
  {
    "ID Number": "3275345"
  },
  {
    "ID Number": "3216497"
  },
  {
    "ID Number": "3284727"
  },
  {
    "ID Number": "3225550"
  },
  {
    "ID Number": "3229360"
  },
  {
    "ID Number": "3283852"
  },
  {
    "ID Number": "3205720"
  },
  {
    "ID Number": "3242510"
  },
  {
    "ID Number": "3245560"
  },
  {
    "ID Number": "3256588"
  },
  {
    "ID Number": "3272591"
  },
  {
    "ID Number": "3206890"
  },
  {
    "ID Number": "3244563"
  },
  {
    "ID Number": "3221415"
  },
  {
    "ID Number": "3204553"
  },
  {
    "ID Number": "3243532"
  },
  {
    "ID Number": "3241050"
  },
  {
    "ID Number": "3225593"
  },
  {
    "ID Number": "3262405"
  },
  {
    "ID Number": "3280985"
  },
  {
    "ID Number": "3285960"
  },
  {
    "ID Number": "3263827"
  },
  {
    "ID Number": "3258831"
  },
  {
    "ID Number": "3275094"
  },
  {
    "ID Number": "3201724"
  },
  {
    "ID Number": "3245748"
  },
  {
    "ID Number": "3218546"
  },
  {
    "ID Number": "718122"
  },
  {
    "ID Number": "3238393"
  },
  {
    "ID Number": "3278069"
  },
  {
    "ID Number": "3256871"
  },
  {
    "ID Number": "3264734"
  },
  {
    "ID Number": "3290280"
  },
  {
    "ID Number": "3278549"
  },
  {
    "ID Number": "3251411"
  },
  {
    "ID Number": "3288633"
  },
  {
    "ID Number": "3273857"
  },
  {
    "ID Number": "3211169"
  },
  {
    "ID Number": "3231968"
  },
  {
    "ID Number": "3253970"
  },
  {
    "ID Number": "3236447"
  },
  {
    "ID Number": "3231305"
  },
  {
    "ID Number": "3278662"
  },
  {
    "ID Number": "3287467"
  },
  {
    "ID Number": "3241238"
  },
  {
    "ID Number": "3276228"
  },
  {
    "ID Number": "3280438"
  },
  {
    "ID Number": "3275248"
  },
  {
    "ID Number": "3261638"
  },
  {
    "ID Number": "3218961"
  },
  {
    "ID Number": "3225682"
  },
  {
    "ID Number": "311110985"
  },
  {
    "ID Number": "3226930"
  },
  {
    "ID Number": "3223728"
  },
  {
    "ID Number": "3240150"
  },
  {
    "ID Number": "3251055"
  },
  {
    "ID Number": "3234746"
  },
  {
    "ID Number": "3281124"
  },
  {
    "ID Number": "3262707"
  },
  {
    "ID Number": "3228800"
  },
  {
    "ID Number": "3283755"
  },
  {
    "ID Number": "3262243"
  },
  {
    "ID Number": "3257630"
  },
  {
    "ID Number": "3267792"
  },
  {
    "ID Number": "3279782"
  },
  {
    "ID Number": "3264580"
  },
  {
    "ID Number": "3280837"
  },
  {
    "ID Number": "46608931"
  },
  {
    "ID Number": "3265269"
  },
  {
    "ID Number": "3205738"
  },
  {
    "ID Number": "3203433"
  },
  {
    "ID Number": "3253651"
  },
  {
    "ID Number": "3291863"
  },
  {
    "ID Number": "3211096"
  },
  {
    "ID Number": "3214052"
  },
  {
    "ID Number": "3259579"
  },
  {
    "ID Number": "3214060"
  },
  {
    "ID Number": "3261042"
  },
  {
    "ID Number": "3230392"
  },
  {
    "ID Number": "3272613"
  },
  {
    "ID Number": "3285294"
  },
  {
    "ID Number": "3284972"
  },
  {
    "ID Number": "3286622"
  },
  {
    "ID Number": "3261646"
  },
  {
    "ID Number": "3210685"
  },
  {
    "ID Number": "3256596"
  },
  {
    "ID Number": "3204839"
  },
  {
    "ID Number": "3267148"
  },
  {
    "ID Number": "3254640"
  },
  {
    "ID Number": "3207250"
  },
  {
    "ID Number": "3294870"
  },
  {
    "ID Number": "3209717"
  },
  {
    "ID Number": "3261344"
  },
  {
    "ID Number": "3238881"
  },
  {
    "ID Number": "3234754"
  },
  {
    "ID Number": "3238873"
  },
  {
    "ID Number": "3233693"
  },
  {
    "ID Number": "3232980"
  },
  {
    "ID Number": "3242269"
  },
  {
    "ID Number": "3265625"
  },
  {
    "ID Number": "3276694"
  },
  {
    "ID Number": "3237052"
  },
  {
    "ID Number": "3225461"
  },
  {
    "ID Number": "3245012"
  },
  {
    "ID Number": "3290719"
  },
  {
    "ID Number": "3221270"
  },
  {
    "ID Number": "3277070"
  },
  {
    "ID Number": "3241084"
  },
  {
    "ID Number": "3232999"
  },
  {
    "ID Number": "3283275"
  },
  {
    "ID Number": "3265730"
  },
  {
    "ID Number": "3221288"
  },
  {
    "ID Number": "3287920"
  },
  {
    "ID Number": "3287939"
  },
  {
    "ID Number": "3293777"
  },
  {
    "ID Number": "3228711"
  },
  {
    "ID Number": "3255859"
  },
  {
    "ID Number": "3274241"
  },
  {
    "ID Number": "3280829"
  },
  {
    "ID Number": "3265943"
  },
  {
    "ID Number": "3269558"
  },
  {
    "ID Number": "3265951"
  },
  {
    "ID Number": "3212645"
  },
  {
    "ID Number": "3249433"
  },
  {
    "ID Number": "3256480"
  },
  {
    "ID Number": "3233987"
  },
  {
    "ID Number": "3250555"
  },
  {
    "ID Number": "3233995"
  },
  {
    "ID Number": "3232840"
  },
  {
    "ID Number": "3215717"
  },
  {
    "ID Number": "3246639"
  },
  {
    "ID Number": "3272621"
  },
  {
    "ID Number": "3216314"
  },
  {
    "ID Number": "3206939"
  },
  {
    "ID Number": "3227731"
  },
  {
    "ID Number": "3208370"
  },
  {
    "ID Number": "3211100"
  },
  {
    "ID Number": "3265277"
  },
  {
    "ID Number": "3232379"
  },
  {
    "ID Number": "3248186"
  },
  {
    "ID Number": "3226271"
  },
  {
    "ID Number": "3262413"
  },
  {
    "ID Number": "3262065"
  },
  {
    "ID Number": "3233111"
  },
  {
    "ID Number": "3227235"
  },
  {
    "ID Number": "3291464"
  },
  {
    "ID Number": "3290085"
  },
  {
    "ID Number": "3276139"
  },
  {
    "ID Number": "3258548"
  },
  {
    "ID Number": "3235980"
  },
  {
    "ID Number": "3241343"
  },
  {
    "ID Number": "3232220"
  },
  {
    "ID Number": "3212548"
  },
  {
    "ID Number": "3242935"
  },
  {
    "ID Number": "3255735"
  },
  {
    "ID Number": "9900608"
  },
  {
    "ID Number": "3224155"
  },
  {
    "ID Number": "33417261"
  },
  {
    "ID Number": "3203441"
  },
  {
    "ID Number": "3255689"
  },
  {
    "ID Number": "3229386"
  },
  {
    "ID Number": "3214168"
  },
  {
    "ID Number": "3231437"
  },
  {
    "ID Number": "3214176"
  },
  {
    "ID Number": "3210693"
  },
  {
    "ID Number": "3240754"
  },
  {
    "ID Number": "3266567"
  },
  {
    "ID Number": "3273040"
  },
  {
    "ID Number": "3273059"
  },
  {
    "ID Number": "3272737"
  },
  {
    "ID Number": "3287211"
  },
  {
    "ID Number": "3229394"
  },
  {
    "ID Number": "3220460"
  },
  {
    "ID Number": "3252264"
  },
  {
    "ID Number": "3219941"
  },
  {
    "ID Number": "3213994"
  },
  {
    "ID Number": "3228304"
  },
  {
    "ID Number": "3286789"
  },
  {
    "ID Number": "3257681"
  },
  {
    "ID Number": "3242307"
  },
  {
    "ID Number": "3227154"
  },
  {
    "ID Number": "3234886"
  },
  {
    "ID Number": "3286568"
  },
  {
    "ID Number": "3272206"
  },
  {
    "ID Number": "3217850"
  },
  {
    "ID Number": "3285634"
  },
  {
    "ID Number": "3280462"
  },
  {
    "ID Number": "3246914"
  },
  {
    "ID Number": "3249751"
  },
  {
    "ID Number": "3256499"
  },
  {
    "ID Number": "3276147"
  },
  {
    "ID Number": "3223272"
  },
  {
    "ID Number": "3249522"
  },
  {
    "ID Number": "3202690"
  },
  {
    "ID Number": "3268136"
  },
  {
    "ID Number": "3272699"
  },
  {
    "ID Number": "3252981"
  },
  {
    "ID Number": "3233707"
  },
  {
    "ID Number": "3252990"
  },
  {
    "ID Number": "3275680"
  },
  {
    "ID Number": "3269647"
  },
  {
    "ID Number": "3280179"
  },
  {
    "ID Number": "3257355"
  },
  {
    "ID Number": "3253465"
  },
  {
    "ID Number": "3250563"
  },
  {
    "ID Number": "3222845"
  },
  {
    "ID Number": "3203450"
  },
  {
    "ID Number": "3266133"
  },
  {
    "ID Number": "3247252"
  },
  {
    "ID Number": "3272826"
  },
  {
    "ID Number": "3254500"
  },
  {
    "ID Number": "3202933"
  },
  {
    "ID Number": "3249107"
  },
  {
    "ID Number": "3236714"
  },
  {
    "ID Number": "3265544"
  },
  {
    "ID Number": "3236315"
  },
  {
    "ID Number": "3241556"
  },
  {
    "ID Number": "3284999"
  },
  {
    "ID Number": "3246604"
  },
  {
    "ID Number": "3250431"
  },
  {
    "ID Number": "3268152"
  },
  {
    "ID Number": "3247791"
  },
  {
    "ID Number": "3238164"
  },
  {
    "ID Number": "3289036"
  },
  {
    "ID Number": "3220478"
  },
  {
    "ID Number": "3276236"
  },
  {
    "ID Number": "3212238"
  },
  {
    "ID Number": "3204626"
  },
  {
    "ID Number": "5201349"
  },
  {
    "ID Number": "3258840"
  },
  {
    "ID Number": "3248151"
  },
  {
    "ID Number": "3248160"
  },
  {
    "ID Number": "3233715"
  },
  {
    "ID Number": "3224163"
  },
  {
    "ID Number": "3253279"
  },
  {
    "ID Number": "3256618"
  },
  {
    "ID Number": "3256626"
  },
  {
    "ID Number": "3263606"
  },
  {
    "ID Number": "3244687"
  },
  {
    "ID Number": "3229904"
  },
  {
    "ID Number": "3238288"
  },
  {
    "ID Number": "3229912"
  },
  {
    "ID Number": "3239438"
  },
  {
    "ID Number": "3227405"
  },
  {
    "ID Number": "3220281"
  },
  {
    "ID Number": "3243834"
  },
  {
    "ID Number": "3272931"
  },
  {
    "ID Number": "3239799"
  },
  {
    "ID Number": "3261379"
  },
  {
    "ID Number": "3275272"
  },
  {
    "ID Number": "3223183"
  },
  {
    "ID Number": "3221873"
  },
  {
    "ID Number": "3215148"
  },
  {
    "ID Number": "3237060"
  },
  {
    "ID Number": "3218805"
  },
  {
    "ID Number": "3289648"
  },
  {
    "ID Number": "3282830"
  },
  {
    "ID Number": "3260674"
  },
  {
    "ID Number": "3262260"
  },
  {
    "ID Number": "3294013"
  },
  {
    "ID Number": "3271390"
  },
  {
    "ID Number": "3265293"
  },
  {
    "ID Number": "3262952"
  },
  {
    "ID Number": "3229920"
  },
  {
    "ID Number": "3208591"
  },
  {
    "ID Number": "8628157"
  },
  {
    "ID Number": "3214001"
  },
  {
    "ID Number": "3254658"
  },
  {
    "ID Number": "3283534"
  },
  {
    "ID Number": "3288641"
  },
  {
    "ID Number": "3230414"
  },
  {
    "ID Number": "3229939"
  },
  {
    "ID Number": "3250636"
  },
  {
    "ID Number": "3240770"
  },
  {
    "ID Number": "3207447"
  },
  {
    "ID Number": "3278310"
  },
  {
    "ID Number": "3213374"
  },
  {
    "ID Number": "3217507"
  },
  {
    "ID Number": "3255301"
  },
  {
    "ID Number": "3206203"
  },
  {
    "ID Number": "3251780"
  },
  {
    "ID Number": "3255492"
  },
  {
    "ID Number": "3206700"
  },
  {
    "ID Number": "3234479"
  },
  {
    "ID Number": "3206718"
  },
  {
    "ID Number": "3264599"
  },
  {
    "ID Number": "3272940"
  },
  {
    "ID Number": "3236200"
  },
  {
    "ID Number": "3269868"
  },
  {
    "ID Number": "3206777"
  },
  {
    "ID Number": "3247368"
  },
  {
    "ID Number": "3269221"
  },
  {
    "ID Number": "3218503"
  },
  {
    "ID Number": "3226948"
  },
  {
    "ID Number": "3213390"
  },
  {
    "ID Number": "3237354"
  },
  {
    "ID Number": "3237346"
  },
  {
    "ID Number": "3239802"
  },
  {
    "ID Number": "3246051"
  },
  {
    "ID Number": "3284387"
  },
  {
    "ID Number": "3254879"
  },
  {
    "ID Number": "3278972"
  },
  {
    "ID Number": "3261263"
  },
  {
    "ID Number": "3281892"
  },
  {
    "ID Number": "3225470"
  },
  {
    "ID Number": "3239810"
  },
  {
    "ID Number": "3274632"
  },
  {
    "ID Number": "3241130"
  },
  {
    "ID Number": "3240657"
  },
  {
    "ID Number": "3249328"
  },
  {
    "ID Number": "3276023"
  },
  {
    "ID Number": "3232239"
  },
  {
    "ID Number": "3259889"
  },
  {
    "ID Number": "3289656"
  },
  {
    "ID Number": "3261069"
  },
  {
    "ID Number": "3274390"
  },
  {
    "ID Number": "3255204"
  },
  {
    "ID Number": "3248127"
  },
  {
    "ID Number": "3278433"
  },
  {
    "ID Number": "3290948"
  },
  {
    "ID Number": "3276031"
  },
  {
    "ID Number": "3272630"
  },
  {
    "ID Number": "3231445"
  },
  {
    "ID Number": "3226751"
  },
  {
    "ID Number": "3226522"
  },
  {
    "ID Number": "3276600"
  },
  {
    "ID Number": "3265412"
  },
  {
    "ID Number": "3288153"
  },
  {
    "ID Number": "3236323"
  },
  {
    "ID Number": "3202534"
  },
  {
    "ID Number": "3247775"
  },
  {
    "ID Number": "3232590"
  },
  {
    "ID Number": "3267741"
  },
  {
    "ID Number": "3272648"
  },
  {
    "ID Number": "3221342"
  },
  {
    "ID Number": "3216500"
  },
  {
    "ID Number": "3267512"
  },
  {
    "ID Number": "3264254"
  },
  {
    "ID Number": "3267520"
  },
  {
    "ID Number": "3225224"
  },
  {
    "ID Number": "3276910"
  },
  {
    "ID Number": "3257932"
  },
  {
    "ID Number": "3292894"
  },
  {
    "ID Number": "3290131"
  },
  {
    "ID Number": "3244202"
  },
  {
    "ID Number": "3249565"
  },
  {
    "ID Number": "3230830"
  },
  {
    "ID Number": "3203743"
  },
  {
    "ID Number": "3242714"
  },
  {
    "ID Number": "3221296"
  },
  {
    "ID Number": "3221300"
  },
  {
    "ID Number": "3256227"
  },
  {
    "ID Number": "3216136"
  },
  {
    "ID Number": "3208427"
  },
  {
    "ID Number": "3214605"
  },
  {
    "ID Number": "3260909"
  },
  {
    "ID Number": "3203999"
  }
]