[
  {
    "ID Number": "16301072"
  },
  {
    "ID Number": "16301242"
  },
  {
    "ID Number": "16301188"
  },
  {
    "ID Number": "16300254"
  },
  {
    "ID Number": "16301145"
  },
  {
    "ID Number": "16305043"
  },
  {
    "ID Number": "16305558"
  },
  {
    "ID Number": "16301455"
  },
  {
    "ID Number": "16301706"
  },
  {
    "ID Number": "16303172"
  },
  {
    "ID Number": "16305329"
  },
  {
    "ID Number": "16304616"
  },
  {
    "ID Number": "16304438"
  },
  {
    "ID Number": "16305868"
  },
  {
    "ID Number": "16305825"
  },
  {
    "ID Number": "16301633"
  },
  {
    "ID Number": "16300181"
  },
  {
    "ID Number": "16305981"
  },
  {
    "ID Number": "16304128"
  },
  {
    "ID Number": "16301579"
  },
  {
    "ID Number": "16301951"
  },
  {
    "ID Number": "16302044"
  },
  {
    "ID Number": "16303164"
  },
  {
    "ID Number": "16305493"
  },
  {
    "ID Number": "16301552"
  },
  {
    "ID Number": "16301722"
  },
  {
    "ID Number": "16303989"
  },
  {
    "ID Number": "16303156"
  },
  {
    "ID Number": "16301471"
  },
  {
    "ID Number": "16301463"
  },
  {
    "ID Number": "16301480"
  },
  {
    "ID Number": "16302745"
  },
  {
    "ID Number": "16304489"
  },
  {
    "ID Number": "170104999"
  },
  {
    "ID Number": "16305485"
  },
  {
    "ID Number": "16300840"
  },
  {
    "ID Number": "16301064"
  },
  {
    "ID Number": "16301129"
  },
  {
    "ID Number": "16305396"
  },
  {
    "ID Number": "16303342"
  },
  {
    "ID Number": "16305957"
  },
  {
    "ID Number": "16305450"
  },
  {
    "ID Number": "16306015"
  },
  {
    "ID Number": "16304195"
  },
  {
    "ID Number": "16300599"
  },
  {
    "ID Number": "16305574"
  },
  {
    "ID Number": "16303571"
  },
  {
    "ID Number": "16303229"
  },
  {
    "ID Number": "16302079"
  },
  {
    "ID Number": "16301013"
  },
  {
    "ID Number": "16304985"
  },
  {
    "ID Number": "16305922"
  },
  {
    "ID Number": "16304527"
  },
  {
    "ID Number": "170104504"
  },
  {
    "ID Number": "16300823"
  },
  {
    "ID Number": "16305132"
  },
  {
    "ID Number": "16301595"
  },
  {
    "ID Number": "16300513"
  },
  {
    "ID Number": "16303555"
  },
  {
    "ID Number": "16303504"
  },
  {
    "ID Number": "16305698"
  },
  {
    "ID Number": "16304519"
  },
  {
    "ID Number": "16305353"
  },
  {
    "ID Number": "16301714"
  },
  {
    "ID Number": "16300408"
  },
  {
    "ID Number": "16305701"
  },
  {
    "ID Number": "16305442"
  },
  {
    "ID Number": "16303610"
  },
  {
    "ID Number": "16302362"
  },
  {
    "ID Number": "16303121"
  },
  {
    "ID Number": "16304926"
  },
  {
    "ID Number": "16303237"
  },
  {
    "ID Number": "16305418"
  },
  {
    "ID Number": "16302184"
  },
  {
    "ID Number": "16300920"
  },
  {
    "ID Number": "16304020"
  },
  {
    "ID Number": "16304829"
  },
  {
    "ID Number": "16303970"
  },
  {
    "ID Number": "16304918"
  },
  {
    "ID Number": "16302990"
  },
  {
    "ID Number": "16305256"
  },
  {
    "ID Number": "16306023"
  },
  {
    "ID Number": "16304012"
  },
  {
    "ID Number": "16305787"
  },
  {
    "ID Number": "16303644"
  },
  {
    "ID Number": "16305302"
  },
  {
    "ID Number": "16301340"
  },
  {
    "ID Number": "16304306"
  },
  {
    "ID Number": "16304969"
  },
  {
    "ID Number": "16303938"
  },
  {
    "ID Number": "16303261"
  },
  {
    "ID Number": "16305531"
  },
  {
    "ID Number": "16301358"
  },
  {
    "ID Number": "16302400"
  },
  {
    "ID Number": "16304942"
  },
  {
    "ID Number": "16302826"
  },
  {
    "ID Number": "16302575"
  },
  {
    "ID Number": "16300122"
  },
  {
    "ID Number": "16300343"
  },
  {
    "ID Number": "16303652"
  },
  {
    "ID Number": "16303911"
  },
  {
    "ID Number": "16305264"
  },
  {
    "ID Number": "16304560"
  },
  {
    "ID Number": "16302818"
  },
  {
    "ID Number": "16300173"
  },
  {
    "ID Number": "16303962"
  },
  {
    "ID Number": "16306058"
  },
  {
    "ID Number": "16305477"
  },
  {
    "ID Number": "16301528"
  },
  {
    "ID Number": "16303024"
  },
  {
    "ID Number": "16305523"
  },
  {
    "ID Number": "16301692"
  },
  {
    "ID Number": "16302729"
  },
  {
    "ID Number": "16304535"
  },
  {
    "ID Number": "16301439"
  },
  {
    "ID Number": "16300416"
  },
  {
    "ID Number": "16302052"
  },
  {
    "ID Number": "16300157"
  },
  {
    "ID Number": "16300688"
  },
  {
    "ID Number": "16301544"
  },
  {
    "ID Number": "16304047"
  },
  {
    "ID Number": "16301501"
  },
  {
    "ID Number": "16301960"
  },
  {
    "ID Number": "16303091"
  },
  {
    "ID Number": "16300203"
  },
  {
    "ID Number": "16306082"
  },
  {
    "ID Number": "16304934"
  },
  {
    "ID Number": "16300378"
  },
  {
    "ID Number": "16305400"
  },
  {
    "ID Number": "16301080"
  },
  {
    "ID Number": "16305655"
  },
  {
    "ID Number": "16305647"
  },
  {
    "ID Number": "16300262"
  },
  {
    "ID Number": "16301382"
  },
  {
    "ID Number": "16300653"
  },
  {
    "ID Number": "16301102"
  },
  {
    "ID Number": "16302419"
  },
  {
    "ID Number": "3203824"
  },
  {
    "ID Number": "16305892"
  },
  {
    "ID Number": "16303466"
  },
  {
    "ID Number": "16306236"
  },
  {
    "ID Number": "16305337"
  },
  {
    "ID Number": "16304110"
  },
  {
    "ID Number": "16305345"
  },
  {
    "ID Number": "16302087"
  },
  {
    "ID Number": "16304853"
  },
  {
    "ID Number": "16303245"
  },
  {
    "ID Number": "16302850"
  },
  {
    "ID Number": "16302176"
  },
  {
    "ID Number": "16304632"
  },
  {
    "ID Number": "16300874"
  },
  {
    "ID Number": "16303598"
  },
  {
    "ID Number": "16300483"
  },
  {
    "ID Number": "16301676"
  },
  {
    "ID Number": "16301757"
  },
  {
    "ID Number": "16300602"
  },
  {
    "ID Number": "16303296"
  },
  {
    "ID Number": "16304551"
  },
  {
    "ID Number": "16302630"
  },
  {
    "ID Number": "16304543"
  },
  {
    "ID Number": "16305671"
  },
  {
    "ID Number": "16304640"
  },
  {
    "ID Number": "16301560"
  },
  {
    "ID Number": "16305876"
  },
  {
    "ID Number": "16304322"
  },
  {
    "ID Number": "16300858"
  },
  {
    "ID Number": "16301536"
  },
  {
    "ID Number": "16304500"
  },
  {
    "ID Number": "16302613"
  },
  {
    "ID Number": "16305086"
  },
  {
    "ID Number": "16304780"
  },
  {
    "ID Number": "16304268"
  },
  {
    "ID Number": "16302060"
  },
  {
    "ID Number": "16304713"
  },
  {
    "ID Number": "16301684"
  },
  {
    "ID Number": "16305116"
  },
  {
    "ID Number": "16301617"
  },
  {
    "ID Number": "16301668"
  },
  {
    "ID Number": "16303636"
  },
  {
    "ID Number": "16300440"
  },
  {
    "ID Number": "16301048"
  },
  {
    "ID Number": "16305175"
  },
  {
    "ID Number": "16304764"
  },
  {
    "ID Number": "16301650"
  },
  {
    "ID Number": "16303067"
  },
  {
    "ID Number": "16304802"
  },
  {
    "ID Number": "16305566"
  },
  {
    "ID Number": "16304799"
  },
  {
    "ID Number": "16304454"
  },
  {
    "ID Number": "16300971"
  },
  {
    "ID Number": "16302699"
  },
  {
    "ID Number": "16304594"
  }
]