[
  {
    "ID Number": "19800045"
  },
  {
    "ID Number": "19800010"
  },
  {
    "ID Number": "19801408"
  },
  {
    "ID Number": "19800053"
  },
  {
    "ID Number": "19801440"
  },
  {
    "ID Number": "19800371"
  },
  {
    "ID Number": "19800290"
  },
  {
    "ID Number": "19801335"
  },
  {
    "ID Number": "19800142"
  },
  {
    "ID Number": "19800134"
  },
  {
    "ID Number": "19800088"
  },
  {
    "ID Number": "19801483"
  },
  {
    "ID Number": "19801467"
  },
  {
    "ID Number": "19800037"
  },
  {
    "ID Number": "19801157"
  },
  {
    "ID Number": "19800509"
  },
  {
    "ID Number": "19800380"
  },
  {
    "ID Number": "19800193"
  },
  {
    "ID Number": "19800096"
  },
  {
    "ID Number": "19800800"
  },
  {
    "ID Number": "19800061"
  },
  {
    "ID Number": "19800029"
  },
  {
    "ID Number": "19801475"
  }
]