ID Number,Name,Fed,Sex,Title,WTit,OTit,FOA,Rating,Gms,K,B-day,Flag
12415260,An Dinh Minh,VIE,M,CM,,,1994,AUG25,8,40,2007,
12429767,Au Binh Minh,VIE,M,,,,1456,AUG25,6,40,2014,
12443107,Aucante Leo Tam,VIE,M,,,,AFM,AUG25,1886,0,2006,
12408956,Bach Ngoc Thuy Duong,VIE,F,WIM,WIM,,2203,AUG25,0,20,2003,w
12424714,Banh Gia Huy,VIE,M,IM,,,2432,AUG25,10,10,2009,
12401161,Bao Quang,VIE,M,FM,,,2223,AUG25,0,20,1978,i
12401501,"Bao, Khoa",VIE,M,IM,,,2218,AUG25,0,20,1990,
12419249,"Bien, Hoang Anh Huy",VIE,M,,,,1522,AUG25,0,40,2008,
12419257,"Bien, Hoang Gia Phu",VIE,M,,,,1670,AUG25,0,40,2011,
12403580,"Bo, Huynh Nhat Truong",VIE,M,,,,1953,AUG25,0,40,1995,i
12443417,Bui Anh Ngoc,VIE,F,,,,1422,AUG25,0,40,2015,w
12450561,Bui Cong Minh,VIE,M,,,,1539,AUG25,0,40,2014,
12430900,Bui Dai Lam,VIE,M,,,,1608,AUG25,7,40,2010,
12442186,Bui Dang Khoi,VIE,M,,,,1514,AUG25,0,40,2015,i
12453587,Bui Dieu Anh,VIE,F,,,,1406,AUG25,0,40,2014,w
12476820,Bui Duc Khang,VIE,M,,,,1541,AUG25,8,40,2015,
12443808,Bui Duc Thien Anh,VIE,M,,,,1714,AUG25,8,40,2016,
12449865,Bui Le Minh Tam,VIE,M,,,,1545,AUG25,0,40,2013,
12432059,Bui Linh Anh,VIE,F,,,,1460,AUG25,0,40,2014,w
12454982,Bui Mai Chi,VIE,F,,,,1413,AUG25,7,40,2017,w
12430226,Bui Minh Duy,VIE,M,,,,1571,AUG25,0,40,2006,i
12468096,Bui Minh Khoi,VIE,M,,,,1493,AUG25,3,40,2018,
12432580,Bui Minh Quan,VIE,M,,,,1870,AUG25,5,40,2012,
12437760,Bui Ngoc Anh Khue,VIE,F,,,,1506,AUG25,0,40,2008,wi
12403199,Bui Ngoc Anh Thi,VIE,F,,NA,,AIM,AUG25,1830,0,1998,wi
12480070,Bui Ngoc Trong,VIE,M,,,,1579,AUG25,0,40,2014,
12461113,Bui Nguyen Huynh Anh,VIE,M,,,,1418,AUG25,0,40,2015,i
12431583,Bui Nguyen Tra My,VIE,F,,,,1467,AUG25,9,40,2011,w
12431265,Bui Quang Huy,VIE,M,,,,ACM,AUG25,1866,18,2014,
12457310,Bui Quoc Duy,VIE,M,,,,1581,AUG25,0,40,2010,
12435163,Bui Quoc Nghia,VIE,M,,,,1622,AUG25,0,40,2012,
12424153,Bui Thi Kim Khanh,VIE,F,,,,1701,AUG25,9,40,2009,w
12401943,Bui Thi My Hang,VIE,F,,NA,,1975,AUG25,0,40,1988,wi
12401609,Bui Trong Hao,VIE,M,FM,NA,,2181,AUG25,0,20,1995,
12435961,Bui Tuan Dung,VIE,M,,,,1484,AUG25,0,40,2015,
12430234,Bui Tuan Kiet,VIE,M,,,,1622,AUG25,0,40,2009,
12470040,Bui Tung Lam,VIE,M,,,,1461,AUG25,7,40,2013,
12400726,Bui Vinh,VIE,M,GM,"FT,IA",,2347,AUG25,0,10,1976,
12410870,"Bui, Dang Khoa",VIE,M,,,,1745,AUG25,0,40,2008,
12429600,"Bui, Dang Khoi",VIE,M,,,,1722,AUG25,0,40,2014,i
12417297,"Bui, Dang Loc",VIE,M,,,,1794,AUG25,0,40,2006,i
12403610,"Bui, Duc Huy",VIE,M,,,,1986,AUG25,0,20,2002,i
12418692,"Bui, Huu Duc",VIE,M,,,,1664,AUG25,8,40,2009,
12415251,"Bui, Huy Phuoc",VIE,M,CM,,,1830,AUG25,0,40,2007,i
12413836,"Bui, Kha Nhi",VIE,F,,,,1677,AUG25,0,40,2002,wi
12424382,"Bui, Khanh Nguyen",VIE,F,,,,1606,AUG25,0,40,2010,w
12400874,"Bui, Kim Le",VIE,F,WIM,WIM,,1923,AUG25,0,20,1977,w
12400882,"Bui, Manh Hung",VIE,M,,,,1838,AUG25,0,20,1993,
12404934,"Bui, Minh Thanh",VIE,M,,,,1639,AUG25,0,40,2003,i
12426547,"Bui, Ngoc Minh",VIE,F,,,,1477,AUG25,0,40,2011,wi
12411710,"Bui, Ngoc Phuong Nghi",VIE,F,,,,1905,AUG25,9,20,2006,w
12413321,"Bui, Nguyen Luong",VIE,M,,,,1802,AUG25,0,40,2008,i
12407488,"Bui, Nhat Quang",VIE,M,,,,1648,AUG25,0,40,2004,i
12408000,"Bui, Nhat Tan",VIE,M,,,,1891,AUG25,0,20,2002,
12426555,"Bui, Quang Minh",VIE,M,,,,1650,AUG25,0,40,2012,i
12426970,"Bui, Quang Vu",VIE,M,,,,1899,AUG25,0,40,1983,i
12420930,"Bui, Quoc Huy",VIE,M,,,,1738,AUG25,0,40,2010,i
12403962,"Bui, Thi Diep Anh",VIE,F,,,,1786,AUG25,0,20,2001,w
12418706,"Bui, Thi Ngoc Chi",VIE,F,WCM,WCM,,1941,AUG25,17,40,2009,w
12407011,"Bui, Thuy Vy",VIE,F,WCM,WCM,,1827,AUG25,0,20,1998,w
12418579,"Bui, Tran Minh Khang",VIE,M,,,,1708,AUG25,0,40,2009,
12413194,"Bui, Tuyet Hoa",VIE,F,,,,1685,AUG25,0,40,2008,w
12417351,"Bui, Van Hung",VIE,M,,,,2003,AUG25,0,40,1966,i
12404900,"Bui, Vu Hanh Duyen",VIE,F,,,,1575,AUG25,0,40,2005,wi
12420131,"Can, Chi Thanh",VIE,M,,,,AIM,AUG25,1927,0,2008,
12458520,Cao Bao Nam,VIE,M,,,,1544,AUG25,0,40,2014,
12476722,Cao Huynh Bao Tran,VIE,F,,,,1533,AUG25,0,40,2008,w
12431508,Cao Kien Binh,VIE,M,,,,1665,AUG25,8,40,2014,
12429791,Cao Minh Tung,VIE,M,,,,1701,AUG25,0,40,2011,
12453714,Cao Phuc Bao Quynh,VIE,F,,,,1567,AUG25,7,40,2017,w
12453722,Cao Phuc Dinh Bao,VIE,M,,,,1566,AUG25,0,40,2014,
12437999,Cao Thanh Lam,VIE,M,,,,1615,AUG25,0,40,2008,
12403016,"Cao, Minh Trang",VIE,F,,,,1835,AUG25,0,20,2000,wi
725056,"Cao, Sang",VIE,M,GM,,,2344,AUG25,9,10,1973,
12423149,"Cao, Thanh Danh",VIE,M,,,,1886,AUG25,0,40,1998,i
12412856,"Cao, Xuan An",VIE,M,,,,1822,AUG25,0,40,2002,i
12429678,"Chang, Pham Hoang Hai",VIE,M,,,,AIM,AUG25,1633,0,2009,i
12443956,Chau Bao Ngoc,VIE,F,,,,1694,AUG25,10,40,2010,w
12446327,Chau Thien Phu,VIE,M,,,,1591,AUG25,0,40,2012,
12404110,Chau Tran Boi Linh,VIE,F,,,,AIM,AUG25,1736,0,1997,wi
12434914,Chau Van Khai Hoan,VIE,M,,,,1844,AUG25,0,40,2011,
12418773,"Chau, Dien Nha Uyen",VIE,F,,,,1599,AUG25,0,40,2007,wi
12400580,"Chau, Thi Ngoc Giao",VIE,F,,,,2137,AUG25,0,20,1981,wi
12403300,"Chau, Thi Yen Quyen",VIE,F,,,,1793,AUG25,0,40,1997,wi
12400904,"Che, Quoc Huu",VIE,M,FM,,,2022,AUG25,0,20,1996,i
12477877,Chu Duc Phong,VIE,M,,,,1650,AUG25,0,40,2013,
12425281,"Chu, An Khoi",VIE,M,,,,AFM,AUG25,1644,0,2013,i
12401617,"Chu, Duc Huy",VIE,M,,,,1929,AUG25,0,40,1995,i
12428949,"Chu, Phan Dang Khoa",VIE,M,,,,1634,AUG25,6,40,2011,
12427780,"Chu, Phan Truc Linh",VIE,F,,,,1537,AUG25,0,40,2009,w
12419052,"Chu, Quoc Thinh",VIE,M,,,,1874,AUG25,0,20,1976,
12406023,"Chuc, Dinh Tan",VIE,M,,,,1907,AUG25,0,20,1997,i
12429805,"Cong, Nu Bao An",VIE,F,,,,1519,AUG25,0,40,2011,w
12450286,Dam Minh Quan,VIE,M,,,,1634,AUG25,0,40,2012,
12485071,Dam Nguyen Gia Ky,VIE,M,,,,1507,AUG25,0,40,2012,
12434647,Dam Nguyen Trang Anh,VIE,F,,,,1460,AUG25,7,40,2015,w
12423491,Dam Quoc Bao,VIE,M,,,,1801,AUG25,14,40,2010,
12415472,Dang Anh Minh,VIE,M,FM,,,2280,AUG25,9,20,2008,
12411426,Dang Anh Quoc,VIE,M,,NA,,1773,AUG25,0,40,2004,
12443182,Dang Bao Chau,VIE,M,,,,1929,AUG25,6,40,2010,
12464597,Dang Ha Dong Hai,VIE,M,,,,1599,AUG25,0,40,2016,
12432245,Dang Hoang Gia,VIE,M,,,,1570,AUG25,0,40,2015,
12402435,Dang Hoang Son,VIE,M,IM,NA,,2411,AUG25,9,10,1994,
12468290,Dang Hong Anh,VIE,M,,,,1688,AUG25,0,40,2012,
12430838,Dang Hue Phuong,VIE,F,,NA,,1680,AUG25,0,40,1999,wi
12429210,Dang Huong Thao Nhu,VIE,F,,,,1444,AUG25,0,40,2009,wi
12442046,Dang Phuc Tuong,VIE,M,,,,1627,AUG25,6,40,2014,
12466565,Dang Phung Nam Phuong,VIE,F,,,,1451,AUG25,0,40,2015,w
12430285,Dang Thai Phong,VIE,M,,,,1749,AUG25,15,40,2015,
12442437,Dang Thai Vu,VIE,M,,,,1881,AUG25,9,40,2010,
12402419,Dang The Nam,VIE,M,,NA,,2062,AUG25,0,20,1991,i
12425141,Dang Thi Ngoc Truan,VIE,F,,NA,,1792,AUG25,0,40,1996,w
12479861,Dang Truong An,VIE,M,,,,1548,AUG25,0,40,2003,
12430846,Dang Tuan Nguyen,VIE,M,,NA,,1784,AUG25,0,40,2001,
12410330,"Dang, Bao Long",VIE,M,,,,1691,AUG25,0,40,1998,i
12400653,"Dang, Bich Ngoc",VIE,F,WIM,WIM,,1966,AUG25,0,20,1984,w
12425192,"Dang, Duc Lam",VIE,M,,,,1559,AUG25,0,40,2013,
12402427,"Dang, Duy Linh",VIE,M,,,,AGM,AUG25,2128,0,1993,i
12417823,"Dang, Hoang Quy Nhan",VIE,M,,,,1943,AUG25,0,40,2006,i
12410748,"Dang, Hue Nghi",VIE,M,,,,1645,AUG25,0,40,1989,i
12420514,"Dang, Le Xuan Hien",VIE,F,WCM,WCM,,1964,AUG25,18,40,2010,w
12408654,"Dang, Minh Ngoc",VIE,F,,,,1596,AUG25,0,40,2004,wi
12415235,"Dang, Ngoc Minh",VIE,M,,,,1791,AUG25,0,40,2007,
12429228,"Dang, Ngoc Thien Thanh",VIE,F,,,,1792,AUG25,0,40,2012,wi
12429716,"Dang, Nguyen Minh Tri",VIE,M,,,,1612,AUG25,0,40,2013,i
12420891,"Dang, Nguyen Thanh Cong",VIE,M,,,,1755,AUG25,0,40,2007,i
12424447,"Dang, Nguyen Tien Dung",VIE,M,,,,1677,AUG25,0,40,2010,
12400092,"Dang, Tat Thang",VIE,M,,,,1992,AUG25,0,20,1953,i
12429007,"Dang, Thu Thuy",VIE,F,,,,1867,AUG25,0,40,2010,wi
12407577,"Dang, Tuan Linh",VIE,M,,,,1904,AUG25,0,40,2005,
12400017,"Dang, Vu Dung",VIE,M,,,,1938,AUG25,0,20,1961,i
12443760,Dao Duc Thien Quy,VIE,M,,,,1420,AUG25,0,40,2017,
12436895,Dao Duy Khang,VIE,M,,,,1521,AUG25,0,40,2013,
12447145,Dao Gia Huy,VIE,M,,,,1642,AUG25,0,40,2011,
12445975,Dao Khanh Lam,VIE,M,,,,1523,AUG25,5,40,2013,
12435465,Dao Le Bao Ngan,VIE,F,,,,1558,AUG25,0,40,2010,w
12474533,Dao Mai Vy,VIE,F,,,,1441,AUG25,1,40,2017,w
12429821,Dao Minh Phu,VIE,M,,,,1571,AUG25,0,40,2014,
12425290,Dao Nhat Minh,VIE,F,,,,1440,AUG25,18,40,2011,w
12444294,Dao Quang Duc Uy,VIE,M,,,,1469,AUG25,11,40,2016,
12403032,Dao Thien Kim,VIE,F,,,,1861,AUG25,0,20,2000,w
12433594,Dao Vu Minh Chau,VIE,F,,,,1423,AUG25,0,40,2013,w
12410810,"Dao, Hoang Thai",VIE,M,,,,1560,AUG25,0,40,1989,i
12426563,"Dao, Minh Anh",VIE,F,,,,1571,AUG25,0,40,2009,wi
12420158,"Dao, Minh Khanh",VIE,F,,,,1675,AUG25,0,40,2007,wi
12412279,"Dao, Minh Nhat",VIE,M,IM,,,2114,AUG25,0,20,2004,
12424595,"Dao, Ngoc Minh Chau",VIE,F,,,,1522,AUG25,0,40,2000,wi
12400610,"Dao, Thi Lan Anh",VIE,F,WFM,WFM,,1915,AUG25,0,20,1997,wi
12418951,"Dao, Thi Le Xuan",VIE,F,,,,1530,AUG25,0,40,1985,wi
12402877,"Dao, Thien An",VIE,M,,,,1849,AUG25,0,40,1998,i
12409359,"Dao, Thien Bao",VIE,M,,,,1920,AUG25,0,40,1964,i
12400084,"Dao, Thien Hai",VIE,M,GM,FT,,2439,AUG25,0,10,1978,i
12419133,"Dao, Tuan Kiet",VIE,M,,,,1781,AUG25,0,40,2001,
12424722,Dau Khuong Duy,VIE,M,IM,,,2462,AUG25,10,10,2011,
12445118,Dinh Le Hai Phong,VIE,M,,,,1479,AUG25,0,40,2016,
12437034,Dinh Ngoc Chi,VIE,F,,,,1403,AUG25,1,40,2015,w
12475254,Dinh Nguyen Manh Hung,VIE,M,,,,1504,AUG25,0,40,2018,
12424730,Dinh Nho Kiet,VIE,M,FM,,,2346,AUG25,8,10,2010,
12400238,"Dinh, Duc Trong",VIE,M,FM,,,2347,AUG25,0,20,1977,i
12427691,"Dinh, Ngoc Lan",VIE,F,,,,1480,AUG25,7,40,2012,w
12413410,"Dinh, Nguyen Hien Anh",VIE,F,,,,1716,AUG25,5,40,2007,w
12404730,"Dinh, Phi Pha",VIE,M,,,,1818,AUG25,0,40,0,i
12426911,"Dinh, Phuc Lam",VIE,M,,,,1481,AUG25,0,40,2013,
12402265,"Dinh, Thi Phuong Thao",VIE,F,,,,1848,AUG25,0,40,1994,wi
12420166,"Dinh, Tuan Son",VIE,M,,,,1679,AUG25,0,40,1981,i
12482498,Do Bao Long,VIE,M,,,,1494,AUG25,0,40,2013,
12485268,Do Gia Huy,VIE,M,,,,1443,AUG25,9,40,2016,
12482030,Do Hoang Quan,VIE,M,,,,1510,AUG25,8,40,2016,
12431621,Do Kieu Linh Nhi,VIE,F,,,,1479,AUG25,0,40,2011,w
12431630,Do Kieu Trang Thu,VIE,F,,,,1635,AUG25,0,40,2014,w
12465070,Do Manh Quan,VIE,M,,,,AFM,AUG25,1611,0,2009,
12457299,Do Minh Thong,VIE,M,,,,1486,AUG25,0,40,1996,i
12471283,Do Quang Hieu,VIE,M,,,,1475,AUG25,3,40,2018,
12417750,Do Thanh Dat,VIE,M,,,,1687,AUG25,9,40,2009,
12457728,Do Thi Thanh Thao,VIE,F,,,,1548,AUG25,5,40,2016,w
12456705,Do Tri Hieu,VIE,M,,,,1645,AUG25,7,40,2017,
12447714,Do Tuan Minh,VIE,M,,,,1640,AUG25,8,40,2010,
12436666,Do Tung Duy,VIE,M,,,,1671,AUG25,8,40,2011,
12433683,Do Viet Hung,VIE,M,,,,1537,AUG25,7,40,2014,
12420182,Do Vu Thu,VIE,M,,FA,,1826,AUG25,0,40,1991,i
12415499,"Do, An Hoa",VIE,M,,,,1986,AUG25,8,40,2008,
12424080,"Do, Dang Khoa",VIE,M,,,,1792,AUG25,0,40,2011,
12408670,"Do, Dinh Hong Chinh",VIE,F,,,,1810,AUG25,0,20,2004,w
12402630,"Do, Duc Viet",VIE,M,,,,1684,AUG25,0,40,2001,i
12424250,"Do, Ha Trang",VIE,F,,,,1733,AUG25,9,40,2011,w
12415219,"Do, Hoang Chung Thong",VIE,M,,,,1657,AUG25,0,40,2007,i
12424749,"Do, Hoang Hai",VIE,M,,,,1609,AUG25,0,40,2011,i
12404276,"Do, Hoang Lam",VIE,M,,,,1977,AUG25,0,40,0,i
12400955,"Do, Hoang Minh Tho",VIE,F,WFM,WFM,,1980,AUG25,0,20,1996,wi
12402273,"Do, Huu Thuy Trang",VIE,F,,,,1896,AUG25,0,40,1994,wi
12418412,"Do, Huy Hung",VIE,M,,,,1442,AUG25,0,40,2010,i
12426580,"Do, Khoi Nguyen",VIE,M,,,,1588,AUG25,0,40,2010,
12428663,"Do, Ngoc Thien Phuc",VIE,F,,,,1468,AUG25,0,40,2011,w
12417424,"Do, Quang Minh",VIE,M,,,,1648,AUG25,18,40,2009,
12417394,"Do, Quang Tung",VIE,M,,,,1655,AUG25,0,40,2006,i
12420115,"Do, Quoc Anh",VIE,M,,,,1611,AUG25,0,40,2008,i
12428655,"Do, Tan Sang",VIE,M,,,,1540,AUG25,0,40,2013,
12401528,"Do, Thi Diem Huong",VIE,F,,,,1927,AUG25,0,20,1987,wi
12401323,"Do, Thi Diem Thuy",VIE,F,,,,1946,AUG25,0,40,1983,wi
12404241,"Do, Thi Thuong",VIE,F,,,,2032,AUG25,0,40,1981,wi
12424781,"Do, Tien Minh",VIE,M,,,,1662,AUG25,0,40,2007,i
12428647,"Do, Tien Quang Minh",VIE,M,,,,1747,AUG25,8,40,2012,
12404659,"Do, Van Long",VIE,M,,,,1867,AUG25,0,20,1978,i
12420174,"Do, Van Truong",VIE,M,,,,1581,AUG25,0,40,1975,i
12432458,Doan Chi Hung,VIE,M,,,,AFM,AUG25,1441,0,2015,i
12433764,Doan Duc An,VIE,M,,,,1528,AUG25,0,40,2014,
12485900,Doan Duy Khiem,VIE,M,,,,1470,AUG25,0,40,2017,
12452670,Doan Nguyen Gia Bao,VIE,M,,,,1815,AUG25,6,40,2009,
12440108,Doan Nhat Minh,VIE,M,,,,1617,AUG25,15,40,2015,
12449229,Doan Thien Bao,VIE,M,,,,1603,AUG25,0,40,2013,
12421049,Doan Thu Huyen,VIE,F,,,,1734,AUG25,0,20,1991,w
12441767,Doan Tuan Khoi,VIE,M,,,,1860,AUG25,17,40,2013,
12402648,"Doan, Nguyen Trung Tin",VIE,M,,,,1800,AUG25,0,40,2000,i
12415170,"Doan, Phan Khiem",VIE,M,CM,,,2039,AUG25,8,40,2007,
12424790,"Doan, Quoc Thanh",VIE,M,,,,1638,AUG25,0,20,1960,i
12419214,"Doan, The Duc",VIE,M,,,,1905,AUG25,9,40,2009,
12403547,"Doan, Thi Hong Nhung",VIE,F,,,,1959,AUG25,0,20,1997,w
12400491,"Doan, Thi Van Anh",VIE,F,WFM,WFM,,1975,AUG25,0,20,1994,wi
12403830,"Doan, Thien Thanh",VIE,M,,,,2001,AUG25,0,40,1998,i
12411736,"Doan, Thuy My Dung",VIE,F,,,,1678,AUG25,7,20,2006,w
12400335,"Doan, Van Duc",VIE,M,,,,1962,AUG25,0,20,1987,
12403040,Dong Khanh Linh,VIE,F,WCM,WCM,"FI,NA",1965,AUG25,0,20,2000,w
12400343,"Dong, Bao Nghia",VIE,M,FM,,,2189,AUG25,0,20,1992,
12400289,"Dong, Viet Thang",VIE,M,,,,2155,AUG25,0,40,1986,i
12430013,Duong Hoang Minh Anh,VIE,F,,,,1420,AUG25,8,40,2015,w
12432040,Duong Hoang Nguyen,VIE,M,,,,1440,AUG25,0,40,2015,i
12429473,Duong Hoang Nhat Minh,VIE,M,,,,1602,AUG25,0,40,2013,
12443239,Duong Hong Anh,VIE,F,,,,1495,AUG25,7,40,2013,w
12441732,Duong Ngoc Diep,VIE,F,,,,1482,AUG25,0,40,2014,w
12468479,Duong Ngoc Mai,VIE,F,,,,1477,AUG25,0,40,2014,w
12429252,Duong Ngoc Nga,VIE,F,,,,1719,AUG25,15,40,2014,w
12430935,Duong Ngoc Uyen,VIE,F,,,,1720,AUG25,9,40,2013,w
12412287,Duong Van Son,VIE,M,,,,1886,AUG25,0,40,1990,i
12424803,Duong Vu Anh,VIE,M,CM,,,2092,AUG25,17,40,2011,
12419192,"Duong, Hien Vuong",VIE,M,,,,1829,AUG25,0,40,1987,
12416967,"Duong, Ngoc Minh Chau",VIE,F,,,,1613,AUG25,0,40,2006,wi
12423688,"Duong, Nguyen Ha Phuong",VIE,F,,,,1436,AUG25,0,40,2011,w
12418030,"Duong, Nu Nhat Minh",VIE,F,,,,1469,AUG25,0,40,2009,wi
12404543,"Duong, Thanh Binh",VIE,M,,,,2112,AUG25,0,20,1975,i
12427004,"Duong, Thanh Huy",VIE,M,,,,AFM,AUG25,1809,0,2010,i
12401277,"Duong, The Anh",VIE,M,IM,,,2265,AUG25,0,10,1986,
12410799,"Duong, Thien Chuong",VIE,M,,,,1983,AUG25,0,20,1989,i
12402443,"Duong, Thuong Cong",VIE,M,,,,1971,AUG25,0,20,1992,i
12404667,"Duong, Trieu An",VIE,F,,,,1767,AUG25,0,40,2001,wi
12427500,Ha Binh An,VIE,M,,,,1569,AUG25,0,40,2011,i
12459488,Ha Cong Tuan Anh,VIE,M,,,,1598,AUG25,0,40,2001,
12425133,Ha Thi My Duyen,VIE,F,,NA,,1863,AUG25,0,40,1993,wi
12430218,Ha Viet Anh,VIE,M,,,,1888,AUG25,0,40,2007,i
12419320,"Ha, Duc Tri Vu",VIE,M,,,,1606,AUG25,0,40,2009,i
12424811,"Ha, Minh Tung",VIE,M,,,,1587,AUG25,0,40,2011,i
12423270,"Ha, Nguyen Nam Khanh",VIE,M,,,,1698,AUG25,12,40,2010,
12406643,"Ha, Phuong Hoang Mai",VIE,F,,,,1886,AUG25,0,20,2001,w
12425150,"Ha, Thi Dieu Linh",VIE,F,,,,1796,AUG25,0,40,2000,wi
12422819,"Ha, Thien Hai",VIE,M,,,,1695,AUG25,0,40,1999,i
12430331,Han Huy Vu,VIE,M,,,,1483,AUG25,0,40,2014,i
12415715,Hau Nguyen Kim Ngan,VIE,F,,,,1702,AUG25,0,40,2009,w
12414204,"Hau, Nguyen My Kim",VIE,F,,NA,,1807,AUG25,0,40,2004,wi
12438022,Ho Anh Quan,VIE,M,,,,1461,AUG25,8,40,2015,
12428620,Ho Dang Khoa,VIE,M,,NA,,1757,AUG25,2,20,2004,
12421197,Ho Dang Nhat Minh,VIE,M,,,,1546,AUG25,5,40,2010,
12415723,Ho Ngoc Vy,VIE,F,WCM,WCM,,1798,AUG25,18,40,2009,w
12429481,Ho Nguyen Minh Hieu,VIE,M,,,,1580,AUG25,0,40,2012,
12433578,Ho Nhat Nam,VIE,M,,,,1740,AUG25,18,40,2015,
12431141,Ho Phuoc Trung,VIE,M,,,,1596,AUG25,0,40,2010,
12440094,Ho Viet Anh,VIE,M,,,,1501,AUG25,0,40,2010,i
12443131,Ho Xuan Quynh,VIE,M,,,,1654,AUG25,0,40,1986,
12403326,"Ho, Nguyen Minh Phuc",VIE,F,,,,1816,AUG25,0,40,1997,wi
12429708,"Ho, Nhat Vinh",VIE,M,,,,AIM,AUG25,1667,17,2015,
12401757,"Ho, Thi Anh Tien",VIE,F,,,,1872,AUG25,0,40,1990,wi
12400165,"Ho, Thi Minh Hien",VIE,F,,,,1908,AUG25,0,40,1986,wi
12407526,"Ho, Thi Tinh",VIE,F,,,,1907,AUG25,0,40,1994,wi
12400068,"Ho, Van Huynh",VIE,M,,,,2170,AUG25,0,20,1960,i
12412244,"Ho, Xuan Mai",VIE,F,,,,1804,AUG25,0,40,1989,wi
12417289,"Hoa, Quang Bach",VIE,M,,,,1702,AUG25,0,40,2008,i
12424820,Hoang Anh Kiet,VIE,M,,,,1618,AUG25,0,40,2013,
12480266,Hoang Ba Huy Thong,VIE,M,,,,1530,AUG25,0,40,2016,
12400599,Hoang Canh Huan,VIE,M,FM,,,2321,AUG25,0,10,1985,
12464775,Hoang Gia Bao,VIE,M,,,,1657,AUG25,8,40,2016,
12467871,Hoang Gia Bao,VIE,M,,,,1520,AUG25,13,40,2017,
12444600,Hoang Gia Han,VIE,F,,,,1493,AUG25,11,40,2017,w
12437018,Hoang Hanh Linh,VIE,F,,,,1406,AUG25,4,40,2015,w
12427527,Hoang Minh Duc,VIE,M,,,,1812,AUG25,0,40,2004,i
12406279,Hoang Minh Hao,VIE,M,,NA,,1966,AUG25,0,40,1993,i
12430854,Hoang Minh Hieu,VIE,M,,,,1835,AUG25,9,40,2014,
12452360,Hoang Minh Phuoc,VIE,M,,,,1547,AUG25,0,40,2017,
12468029,Hoang Nhat Duy,VIE,M,,,,1708,AUG25,0,40,2004,
12431737,Hoang Phuong Minh,VIE,F,,,,1477,AUG25,0,40,2012,wi
12433519,Hoang Quang Phuc,VIE,M,,,,1628,AUG25,0,40,2018,
12459895,Hoang Quang Vinh,VIE,M,,,,1676,AUG25,6,40,2003,
12436291,Hoang Tan Vinh,VIE,M,,,,1961,AUG25,18,40,2015,
12471232,Hoang Thi Bao Tram,VIE,F,,,,1559,AUG25,5,40,2013,w
12401293,Hoang Thi Ut,VIE,F,WFM,WFM,NA,2178,AUG25,0,40,1978,wi
12425516,Hoang Xuan Dung,VIE,F,,,,1463,AUG25,0,40,2010,wi
12426881,"Hoang, Dinh Duy",VIE,M,,,,1465,AUG25,9,40,2009,
12400327,"Hoang, Hai",VIE,M,,,,2195,AUG25,0,20,1980,i
12419354,"Hoang, Huy Tai",VIE,M,,,,1677,AUG25,0,40,2009,
12418900,"Hoang, Le Minh Bao",VIE,M,CM,,,1762,AUG25,9,40,2009,
12414344,"Hoang, Le Minh Nhat",VIE,M,,,,1705,AUG25,0,40,2005,i
12400696,"Hoang, Le My Anh",VIE,F,WCM,WCM,,2030,AUG25,0,20,1992,wi
12413372,"Hoang, Minh Hieu",VIE,M,FM,,,2047,AUG25,0,40,2007,i
12404845,"Hoang, Minh Phong",VIE,M,,,,1956,AUG25,0,40,1987,i
12403067,"Hoang, Minh Thu",VIE,F,,,,1812,AUG25,0,40,2000,wi
12400262,"Hoang, My Thu Giang",VIE,F,,,,2116,AUG25,0,20,1977,wi
12401099,"Hoang, Nam Thang",VIE,M,,,,2341,AUG25,0,40,1969,i
12427705,"Hoang, Nguyen Giang",VIE,F,,,,1766,AUG25,18,40,2011,w
12425419,"Hoang, Nguyen Huy",VIE,M,,,,1580,AUG25,0,40,2006,i
12414352,"Hoang, Quoc Khanh",VIE,M,,,,1964,AUG25,9,20,2006,
12402664,"Hoang, Tan Duc",VIE,M,,FA,,1734,AUG25,0,20,2000,i
12400319,"Hoang, Thanh Son",VIE,M,,,,2325,AUG25,0,40,1976,i
12401102,"Hoang, Thi Bao Tram",VIE,F,WGM,WGM,,2162,AUG25,0,10,1987,w
12407135,"Hoang, Thi Hai Anh",VIE,F,WCM,WCM,,1891,AUG25,0,20,1996,w
12401455,"Hoang, Thi Nhu Y",VIE,F,WIM,WIM,,2195,AUG25,0,20,1993,wi
12429279,"Hoang, Thien Nhan",VIE,M,,,,1552,AUG25,0,40,2012,i
12404748,"Hoang, Trong Minh Quang",VIE,M,,,,1686,AUG25,0,20,2003,i
12429503,"Hoang, Trung Phong",VIE,M,,,,1762,AUG25,0,40,2013,i
12401145,"Hoang, Van Ngoc",VIE,M,,,,2210,AUG25,0,20,1990,i
12414360,"Hoang, Viet",VIE,M,,,,1789,AUG25,0,40,2006,i
12408034,"Hoang, Vu Trung Nguyen",VIE,M,,,,1848,AUG25,0,40,2002,i
12401188,"Hoang, Xuan Thanh Khiet",VIE,F,WIM,WIM,,2072,AUG25,0,20,1985,wi
12441791,Hua Nam Phong,VIE,M,,,,1568,AUG25,13,40,2013,
12496308,Huynh Dam,VIE,M,,,,1516,AUG25,5,40,2014,
12451754,Huynh Duc Chi,VIE,M,,,,1579,AUG25,0,40,2010,
12480274,Huynh Duc Hoan Son,VIE,M,,,,1556,AUG25,0,40,2011,
12409723,Huynh Hoa Minh Nhat,VIE,F,,FA,,1831,AUG25,0,40,1979,wi
12401633,Huynh Lam Binh Nguyen,VIE,M,CM,FA,,1987,AUG25,0,20,1994,
12401196,Huynh Mai Phuong Dung,VIE,F,,,,2089,AUG25,0,20,1985,wi
12458481,Huynh Phu Thinh,VIE,M,,,,1493,AUG25,8,40,2012,
12417874,Huynh Phuc Minh Phuong,VIE,F,,,,1703,AUG25,18,40,2010,w
12436704,Huynh Thi My Chi,VIE,F,,NA,,1718,AUG25,0,40,1988,wi
12471682,Huynh Thien An,VIE,M,,,,1577,AUG25,15,40,2017,
12469661,Huynh Xuan An,VIE,M,,,,1477,AUG25,2,40,2014,
12420743,"Huynh, Bao Long",VIE,M,,,,1751,AUG25,0,40,2012,
12404993,"Huynh, Hai Him",VIE,M,FM,,,1938,AUG25,0,20,2003,i
12418986,"Huynh, Kim Son",VIE,M,,,,1573,AUG25,0,40,2006,i
12429287,"Huynh, Le Khanh Ngoc",VIE,F,,,,1518,AUG25,8,40,2013,w
12419001,"Huynh, Le Minh Hoang",VIE,M,,,,1953,AUG25,9,40,2009,
12405388,"Huynh, Minh Chien",VIE,M,,,,1950,AUG25,0,40,2002,i
12411981,"Huynh, Ngoc Anh Thu",VIE,F,,,,1635,AUG25,0,20,2003,w
12403334,"Huynh, Ngoc Thuy Linh",VIE,F,WFM,WFM,,1808,AUG25,0,20,1997,w
12403938,"Huynh, Nguyen Anh Quan",VIE,M,,,,AIM,AUG25,1842,0,1993,
12407607,"Huynh, Quoc An",VIE,M,,,,1822,AUG25,0,40,2004,i
12403482,"Huynh, Thi Hong Suong",VIE,F,,,,1935,AUG25,0,20,1991,wi
12418854,"Huynh, Thien Ngoc",VIE,F,,,,1474,AUG25,0,40,2009,wi
12414387,"Huynh, Thien Phu",VIE,M,,,,1615,AUG25,0,40,2006,i
12409847,"Huynh, Tran Minh Hoang",VIE,M,,,,1854,AUG25,0,40,2003,
12421901,"Huynh, Tuan Ba",VIE,M,,,,1691,AUG25,3,40,1968,
12401986,"Huynh, Vinh Thang",VIE,M,,,,1986,AUG25,0,40,1992,i
12427560,"Khoa, Hoang Anh",VIE,M,,,,1598,AUG25,0,40,2014,
12400157,"Khuong, Thi Hong Nhung",VIE,F,WIM,WIM,,1950,AUG25,0,20,1972,w
12428809,Kieu Hoang Quan,VIE,M,,,,1668,AUG25,9,40,2012,
12431770,Kieu Ngan,VIE,F,,,,1400,AUG25,7,40,2014,w
12409910,"Kieu, Bich Thuy",VIE,F,WFM,WFM,,1885,AUG25,0,20,2001,w
12460966,Kim Hung Anh,VIE,M,,,,1653,AUG25,0,40,2011,
12438219,La Bach Khoa,VIE,M,,,,1566,AUG25,0,40,2007,i
12420190,La Manh Tuan,VIE,M,,FA,,1732,AUG25,0,40,1991,i
12432008,La Tran Minh Duc,VIE,M,,,,1641,AUG25,0,40,2012,
12420387,"Lai, Duc Minh",VIE,M,,FI,,AGM,AUG25,2121,16,2005,
12403628,"Lai, Duc Minh",VIE,M,,NA,,1927,AUG25,3,40,2001,
12424129,"Lai, Nguyen Manh Dung",VIE,M,,,,1674,AUG25,0,40,2011,i
12435392,Lam Hao Quan,VIE,M,,,,1459,AUG25,0,40,2012,i
12402095,Lam Minh Chau,VIE,M,,FT,,1851,AUG25,0,40,1961,i
12417696,"Lam, Binh Nguyen",VIE,F,,,,1568,AUG25,0,40,2011,w
12416169,"Lam, Duc Hai Nam",VIE,M,,,,1884,AUG25,9,40,2009,
12404225,"Lam, Tuyet Mai",VIE,M,,,,1785,AUG25,0,40,1949,i
12420204,"Lam, Viet Bao",VIE,M,,,,1596,AUG25,0,40,1993,i
12484342,Le Anh Minh,VIE,M,,,,AIM,AUG25,1643,0,1996,
12454869,Le Cong Thang,VIE,M,,,,1620,AUG25,8,40,2016,
12446742,Le Dai Thanh,VIE,M,,,,1431,AUG25,0,40,2013,
12439177,Le Dang Thanh Tra,VIE,M,,NA,,AIM,AUG25,1818,0,2001,i
12415979,Le Dinh Anh Tuan,VIE,M,,,,1542,AUG25,0,40,2007,i
12472778,Le Dinh Dat,VIE,M,,,,1611,AUG25,0,40,2011,
12400858,"Le Dinh, Tuan",VIE,M,,,,2316,AUG25,0,20,1976,i
12439312,Le Doan Thanh Lam,VIE,M,,,,1590,AUG25,0,40,1984,i
12481076,Le Duc Anh,VIE,M,,,,1628,AUG25,6,40,2010,
12452432,Le Duong Quoc Binh,VIE,M,,,,1644,AUG25,9,40,2014,
12443654,Le Duy Cuong,VIE,M,,,,1557,AUG25,0,40,1983,
12430366,Le Gia Bao,VIE,M,,,,AFM,AUG25,1746,7,2004,
12435406,Le Giang Bao Chau,VIE,F,,,,1406,AUG25,0,40,2012,w
12454478,Le Giang Phuc Tien,VIE,M,,,,1632,AUG25,9,40,2016,
12454354,Le Hai My,VIE,F,,,,1451,AUG25,5,40,2014,w
12474940,Le Hai Quynh,VIE,F,,,,1498,AUG25,0,40,1997,w
12443115,Le Hanh Nguyen,VIE,F,,,,1573,AUG25,6,40,2015,w
12427110,Le Hoai Tin,VIE,M,,,,1613,AUG25,0,40,2007,i
12416789,Le Hoang Anh,VIE,M,,,,1578,AUG25,0,40,2009,i
12432229,Le Hoang Bao Tu,VIE,F,,,,1445,AUG25,0,40,2013,w
12427349,Le Hoang Ngan,VIE,F,,,,1505,AUG25,0,40,2008,wi
12471917,Le Hoang Nhat Tuyen,VIE,M,,,,AFM,AUG25,1597,9,2012,
12446769,Le Hong An,VIE,F,,,,1555,AUG25,5,40,2017,w
12412007,Le Hong Minh Ngoc,VIE,F,,,,1794,AUG25,0,20,2003,wi
12439231,Le Hong Phuc,VIE,M,,NA,,1577,AUG25,0,40,1999,
12473375,Le Hung Manh,VIE,M,,,,1665,AUG25,10,40,2018,
12460044,Le Huy Bang,VIE,M,,,,1491,AUG25,4,40,2015,
12408077,Le Huy Hoang,VIE,M,,,,AGM,AUG25,1935,0,2003,
12443662,Le Huynh Duy Anh,VIE,M,,,,1545,AUG25,13,40,2016,
12432210,Le Khac Hoang Long,VIE,M,,,,1672,AUG25,0,40,2015,
12469564,Le Khanh Ly,VIE,F,,,,1460,AUG25,0,40,2016,w
12443212,Le Khoi Nguyen,VIE,M,,,,1539,AUG25,3,40,2013,
12444227,Le Lam Khai,VIE,M,,,,1412,AUG25,6,40,2016,
12424374,Le Minh Anh,VIE,F,,,,1677,AUG25,0,40,2011,w
12443301,Le Minh Duc,VIE,M,,,,1677,AUG25,5,40,2015,
12433535,Le Minh Dung,VIE,M,,,,1535,AUG25,0,40,2014,i
12431060,Le Minh Hoang Chinh,VIE,M,,,,1752,AUG25,16,40,2013,
12489476,Le Minh Khoi,VIE,M,,,,1411,AUG25,5,40,2013,
12459372,Le Minh Ngoc Ha,VIE,F,,,,1553,AUG25,11,40,2013,w
12436593,Le Minh Tri,VIE,M,,NA,,1735,AUG25,0,40,1994,
12402176,"Le Minh, Hoang",VIE,M,CM,,,1970,AUG25,0,20,1996,i
12491152,Le Ngoc Minh Khang,VIE,M,,,,1728,AUG25,6,40,2015,
12451711,Le Nguyen Duc Hung,VIE,M,,,,1765,AUG25,0,40,2007,
12476447,Le Nguyen Minh Nghia,VIE,M,,,,1439,AUG25,7,40,2015,
12437611,Le Nguyen Minh Tri,VIE,M,,,,1773,AUG25,0,40,2008,i
12453820,Le Nguyen Ngoc Tan,VIE,M,,,,1504,AUG25,3,40,2013,
12443930,Le Nguyen Phong,VIE,M,,,,1724,AUG25,9,40,2016,
12446262,Le Pham Tien Minh,VIE,M,,,,1512,AUG25,3,40,2018,
12432881,Le Phan Hoang Quan,VIE,M,CM,,,1994,AUG25,15,40,2015,
12447366,Le Phu sam,VIE,M,,,,1509,AUG25,0,40,2014,
12471437,Le Phung Duc Tai,VIE,M,,,,1533,AUG25,7,40,2011,
12432407,Le Phuoc An,VIE,M,,,,1602,AUG25,0,40,2012,
12432415,Le Phuoc Kiet,VIE,M,,,,1728,AUG25,0,40,2007,
12405027,Le Quang An,VIE,M,,,,1852,AUG25,0,20,2005,i
12442747,Le Quang Huy,VIE,M,,,,1426,AUG25,7,40,2012,
12467634,Le Quang Khanh,VIE,M,,NA,,1628,AUG25,0,40,1973,i
12440310,Le Quoc Huy,VIE,M,,,,1757,AUG25,6,40,2004,
12442429,Le Quoc Thai,VIE,M,,,,1522,AUG25,0,40,2004,i
12434400,Le Sy Gia Huy,VIE,M,,,,1521,AUG25,7,40,2015,
12456560,Le Sy Nguyen,VIE,M,,,,1614,AUG25,9,40,2013,
12445991,Le Tat Dat,VIE,M,,,,1503,AUG25,0,40,2015,
12424617,Le Thai Hoang Anh,VIE,F,WCM,WCM,,1845,AUG25,18,40,2011,w
12401005,Le Thanh Tu,VIE,F,WGM,WGM,,2103,AUG25,0,20,1985,w
12403970,Le Thi Nhu Quynh,VIE,F,WCM,WCM,,1792,AUG25,0,40,2001,w
12403989,Le Thuy An,VIE,F,,,,1805,AUG25,0,20,2002,w
12434760,Le Tran Bao Ngoc,VIE,F,,,,1479,AUG25,0,40,2015,w
12434752,Le Tran Bao Quyen,VIE,F,,,,1460,AUG25,0,40,2011,w
12442623,Le Tran Dinh Lai,VIE,M,,,,1728,AUG25,0,40,2003,
12434086,Le Tran Minh Nha,VIE,F,,,,1678,AUG25,0,40,2009,wi
12411027,Le Tri Kien,VIE,M,CM,,,2261,AUG25,17,20,2005,
12401625,Le Trong De Toan,VIE,M,CM,NA,,1972,AUG25,0,20,1994,i
12448176,Le Trong Nghia,VIE,M,,,,1632,AUG25,3,40,2014,
12431710,Le Trung Kien,VIE,M,,,,1592,AUG25,9,40,2009,
12495468,Le Truong Tien Thanh,VIE,M,,,,1443,AUG25,0,40,2015,
12477800,Le Tuong Lam,VIE,F,,,,1559,AUG25,3,40,2016,w
12422312,Le Van Loi,VIE,M,,,,AFM,AUG25,1895,0,1987,
12462209,Le Vinh,VIE,M,,,,1781,AUG25,0,40,2012,
12442259,Le Vinh Tri,VIE,M,,,,AIM,AUG25,1784,16,2012,
12485020,Le Vu Duc Minh,VIE,M,,,,1495,AUG25,0,40,2014,
12424846,"Le, Anh Tu",VIE,M,CM,,,1893,AUG25,18,40,2012,
12424358,"Le, Bao An",VIE,F,,,,1562,AUG25,0,40,2012,wi
12404853,"Le, Bao Huy",VIE,M,,,,AFM,AUG25,1726,0,1999,i
12412252,"Le, Bich Lien",VIE,F,,,,1833,AUG25,0,40,1989,wi
12403504,"Le, Cong Cuong",VIE,M,,NA,,2066,AUG25,0,20,1992,i
12408727,"Le, Dam Duyen",VIE,F,WFM,WFM,,1573,AUG25,0,40,2004,wi
12418714,"Le, Dang Bao Ngoc",VIE,F,,,,1682,AUG25,9,40,2009,w
12407631,"Le, Dang Khoa",VIE,M,,,,1746,AUG25,0,40,2004,i
12419370,"Le, Dang Khoi",VIE,M,,,,1502,AUG25,7,40,2011,
12412449,"Le, Dang Thanh An",VIE,M,,,,2046,AUG25,0,20,2006,
12426539,"Le, Dinh Khang",VIE,M,,,,1802,AUG25,0,40,1999,i
12426890,"Le, Duc Tai",VIE,M,,,,1537,AUG25,0,40,2011,i
12400467,"Le, Hien Thuc",VIE,M,CM,NA,,2052,AUG25,0,20,1979,i
12421065,"Le, Hoa Binh",VIE,M,,,,1632,AUG25,0,40,1958,i
12401854,"Le, Hoang Tran Chau",VIE,F,WFM,WFM,,2151,AUG25,0,20,1992,wi
12402460,"Le, Huu Thai",VIE,M,CM,,,2146,AUG25,0,20,1997,
12410977,"Le, Huy Hai",VIE,M,,,,1844,AUG25,8,20,2005,
12429520,"Le, Huynh Tuan Khang",VIE,M,,,,1714,AUG25,0,40,2012,
12409871,"Le, Khac Minh Thu",VIE,F,,,,1648,AUG25,0,40,2003,wi
12400572,"Le, Kieu Thien Kim",VIE,F,WIM,WIM,,2049,AUG25,0,20,1981,wi
12402478,"Le, La Tra My",VIE,F,,,,1744,AUG25,0,20,1984,wi
12404608,"Le, Mai Duy",VIE,M,,,,1745,AUG25,0,20,1967,i
12410756,"Le, Minh Duc",VIE,M,,,,1746,AUG25,0,40,2006,i
12404683,"Le, Minh Hoang",VIE,M,FM,,,2172,AUG25,0,20,2000,
12418277,"Le, Minh Nguyen",VIE,M,,,,1761,AUG25,0,40,2008,
12416134,"Le, Minh Thu",VIE,F,,,,1583,AUG25,0,40,2008,wi
12404888,"Le, Minh Tu",VIE,M,FM,,,1932,AUG25,0,20,1998,
12410993,"Le, Minh Tuan Anh",VIE,M,,,,1632,AUG25,0,40,2007,i
12409863,"Le, Ngo Thuc Han",VIE,F,,,,1746,AUG25,0,40,2003,wi
12413208,"Le, Ngo Thuc Quyen",VIE,F,,,,1410,AUG25,0,40,2008,wi
12428825,"Le, Ngoc Gia Bao",VIE,M,,,,1644,AUG25,0,40,2010,i
12417572,"Le, Ngoc Hieu",VIE,M,,NA,,1744,AUG25,0,40,2004,
12423580,"Le, Ngoc Kha Uyen",VIE,F,,,,1513,AUG25,0,40,2011,wi
12418897,"Le, Ngoc Minh Truong",VIE,M,,,,1754,AUG25,0,40,2010,
12417068,"Le, Nguyen",VIE,M,,,,1520,AUG25,0,40,2003,
12402699,"Le, Nguyen Khoi Nguyen",VIE,M,CM,,,1989,AUG25,0,20,2000,
12407046,"Le, Nguyen Thao Nguyen",VIE,F,,,,1843,AUG25,0,40,1998,wi
12404438,"Le, Nhat Minh",VIE,M,,,,1941,AUG25,0,20,1996,i
12426962,"Le, Nhat Minh",VIE,M,,,,AFM,AUG25,1661,8,2013,
12419427,"Le, Pham Minh Duc",VIE,M,,,,1576,AUG25,0,40,2010,i
12413437,"Le, Phi Lan",VIE,M,,,,1797,AUG25,0,40,2007,i
12413429,"Le, Phi Long",VIE,M,,,,1750,AUG25,0,20,2004,i
12401536,"Le, Phu Nguyen Thao",VIE,F,,NA,,1964,AUG25,0,20,1988,wi
12407674,"Le, Quang Khai",VIE,M,,,,1490,AUG25,0,40,2005,
12401137,"Le, Quang Liem",VIE,M,GM,"AO,FST",,2729,AUG25,0,10,1991,
12425605,"Le, Quang Minh",VIE,M,,,,1522,AUG25,0,40,2008,i
12402885,"Le, Quang Tra",VIE,M,CM,,,1895,AUG25,0,40,1999,i
12402702,"Le, Quang Vinh",VIE,M,,,,1924,AUG25,0,20,2000,i
12410829,"Le, Quoc Thai",VIE,M,,,,1631,AUG25,0,40,2005,i
12409006,"Le, Thai Nga",VIE,F,,,,1938,AUG25,0,20,2003,w
12419443,"Le, Thanh Duong",VIE,M,,,,1478,AUG25,0,40,2012,
12402184,"Le, Thanh Liem",VIE,M,,,,1891,AUG25,0,40,1996,i
12402150,"Le, Thanh Minh",VIE,M,,,,2248,AUG25,0,40,1981,i
12402192,"Le, Thanh Tai",VIE,M,CM,,,2004,AUG25,0,20,1997,i
12401668,"Le, Thanh Thao",VIE,F,WFM,WFM,,1903,AUG25,0,40,1993,wi
12426210,"Le, The Minh",VIE,M,,,,1597,AUG25,0,40,2010,
12413291,"Le, Thi Dieu Mi",VIE,F,,,,1633,AUG25,0,40,2003,wi
12401994,"Le, Thi Ha",VIE,F,,,,2015,AUG25,0,20,1990,wi
12401340,"Le, Thi Hoa",VIE,F,,,,1902,AUG25,0,20,1992,wi
12403342,"Le, Thi Kim Ngan",VIE,F,,,,1758,AUG25,0,40,1997,wi
12402486,"Le, Thi Minh Tho",VIE,F,,,,1940,AUG25,0,20,1976,wi
12400254,"Le, Thi Phuong Lien",VIE,F,WFM,WFM,NA,2058,AUG25,0,20,1979,wi
12402494,"Le, Thi Thu Huong",VIE,F,,,,1909,AUG25,0,20,1989,w
12402389,"Le, Thien Vi",VIE,M,,,,1915,AUG25,0,40,1945,i
12407453,"Le, Thuy Vi",VIE,F,,,,1735,AUG25,0,20,1995,wi
12422614,"Le, Tran Minh Nhat",VIE,M,,NA,,AIM,AUG25,1816,0,1990,i
12418757,"Le, Trung Hieu",VIE,M,,,,1452,AUG25,0,40,2004,i
12428680,"Le, Truong Nhat Nam",VIE,M,,,,1579,AUG25,0,40,2013,i
12401153,"Le, Tuan Minh",VIE,M,GM,FT,,2598,AUG25,0,10,1996,
12424862,"Le, Tuan Phong",VIE,M,,,,1658,AUG25,0,40,2010,i
12420220,"Le, Van Viet",VIE,M,,,,1703,AUG25,0,20,1993,i
12429058,"Le, Vinh Dinh",VIE,M,,,,1739,AUG25,7,40,2009,
12413739,"Le, Vu Hoai An",VIE,M,,,,1610,AUG25,0,40,2008,i
12447960,Lim Thien Phu,VIE,M,,,,1646,AUG25,0,40,1964,
12432202,Lim Tuan Sang,VIE,M,,,,1584,AUG25,0,40,2014,
12435414,Lu Hoang Kha Duc,VIE,M,,,,1682,AUG25,0,40,2012,
12402508,"Lu, Chan Hung",VIE,M,IM,,,2165,AUG25,0,20,1997,i
12430390,Luc Kim Giao,VIE,F,,,,1433,AUG25,0,40,2011,w
12457388,Luong Chan Vu,VIE,M,,,,1701,AUG25,0,40,2007,i
12401013,Luong Phuong Hanh,VIE,F,WIM,WIM,,2121,AUG25,0,20,1983,w
12436771,Luong Quang Khai,VIE,M,,,,1450,AUG25,0,40,2014,
12403652,"Luong, Duy Loc",VIE,M,,,,1846,AUG25,0,20,2001,
12408107,"Luong, Giang Son",VIE,M,,,,1915,AUG25,0,40,2002,
12414697,"Luong, Hoang Tu Linh",VIE,F,WFM,WFM,,1939,AUG25,9,20,2005,w
12401480,"Luong, Huyen Ngoc",VIE,F,WCM,WCM,,1989,AUG25,0,20,1988,wi
12400971,"Luong, Minh Hue",VIE,F,WFM,WFM,,2197,AUG25,0,20,1986,wi
12401722,"Luong, Nhat Linh",VIE,F,WFM,WFM,FI,2043,AUG25,0,40,1989,wi
12429309,Luu Hai Yen,VIE,F,,,,1834,AUG25,0,40,2009,wi
12413100,Luu Huong Cuong Thinh,VIE,M,,NA,,1765,AUG25,0,20,2004,
12453676,Luu Minh Minh,VIE,F,,,,1497,AUG25,1,40,2017,w
12457531,Luu Minh Trang,VIE,F,,,,1567,AUG25,8,40,2016,w
12412228,"Luu, Duc Hai",VIE,M,,,,1895,AUG25,0,20,1950,i
12412821,"Luu, Ha Bich Ngoc",VIE,F,WCM,WCM,,1795,AUG25,9,20,2006,w
12416347,"Luu, Quoc Viet",VIE,M,,,,1810,AUG25,0,40,2008,i
12418811,"Luu, Tran Nguyen Khoi",VIE,M,,,,1730,AUG25,0,20,2004,i
12442666,Ly Kha Han,VIE,F,,,,ACM,AUG25,1559,8,2016,w
12426237,Ly Minh Huy,VIE,M,,,,1586,AUG25,0,40,2013,
12404446,Ly Quoc Long,VIE,M,,FA,,1954,AUG25,0,40,1992,i
12401463,"Ly, Hong Nguyen",VIE,M,FM,,,2285,AUG25,0,20,1989,i
12415316,"Ly, Nguyen Ngoc Chau",VIE,F,,,,1647,AUG25,0,40,2007,wi
12415324,"Ly, Nguyen Ngoc Tran",VIE,F,,,,1527,AUG25,0,40,2007,wi
12426989,"Ly, Xuan Dinh",VIE,M,,,,1828,AUG25,0,40,2013,i
12444030,Ma Bao Nam,VIE,M,,,,1622,AUG25,0,40,2013,
12444510,Mai Duy Hung,VIE,M,,,,1742,AUG25,15,40,2016,
12437000,Mai Nhat Thien Kim,VIE,F,,,,1611,AUG25,8,40,2013,w
12457477,Mai Quoc Cuong,VIE,M,,NA,,1747,AUG25,0,40,2005,
12413780,Mai Quoc Huy,VIE,M,,FA,,1920,AUG25,0,40,2000,i
12470449,Mai Thanh Minh,VIE,M,,,,1588,AUG25,5,40,2018,
12426903,"Mai, Duc Kien",VIE,M,,,,1965,AUG25,18,40,2012,
12423858,"Mai, Duy Minh",VIE,M,,,,1426,AUG25,0,40,2012,i
12415740,"Mai, Hieu Linh",VIE,F,,,,2000,AUG25,18,40,2009,w
12426610,"Mai, Hoang Tung",VIE,M,,,,1572,AUG25,0,40,2009,i
12411540,"Mai, Le Khoi Nguyen",VIE,M,,,,AIM,AUG25,1922,0,2004,i
350105205,"Mai, Linh",VIE,M,,,,AIM,AUG25,1937,9,1992,
12403350,"Mai, Ngoc Nhi",VIE,F,,,,1817,AUG25,0,40,1996,wi
12400130,"Mai, Thi Thanh Huong",VIE,F,WIM,WIM,,2180,AUG25,0,20,1974,wi
12401846,"Mai, Thien Kim Ngoc Diep",VIE,F,WFM,WFM,,1899,AUG25,0,40,1990,wi
12402290,"Mai, Thuy Trang",VIE,F,,,,1925,AUG25,0,40,1995,wi
12450588,Mang Hoang Hai My,VIE,F,,,,1494,AUG25,0,40,2012,w
12421081,"Mao, Tuan Dung",VIE,M,,,,1758,AUG25,0,40,2009,i
12428868,"Ngan, Ba Hoang Nguyen",VIE,M,,,,1650,AUG25,0,40,2001,i
12406430,"Nghiem, Thao Tam",VIE,F,,,,1834,AUG25,0,20,2003,wi
12454036,Ngo Bao Quan,VIE,M,,,,1562,AUG25,0,40,2011,
12472204,Ngo Duc Anh Dung,VIE,M,,,,1502,AUG25,11,40,2016,
12467936,Ngo Duc Minh,VIE,M,,,,1548,AUG25,2,40,2014,
12444049,Ngo Hoang Tung,VIE,M,,,,1627,AUG25,0,40,2011,i
12497177,Ngo Minh Chau,VIE,F,,,,1513,AUG25,5,40,2015,w
12430927,Ngo Minh Khang,VIE,M,,,,1660,AUG25,2,40,2013,
12434965,Ngo Minh Quan,VIE,M,,,,1900,AUG25,0,40,2005,i
12432504,Ngo Ngoc Anh,VIE,F,,,,1484,AUG25,0,40,2015,w
12435430,Ngo Phuc Thinh,VIE,M,,,,1486,AUG25,0,40,2014,i
12461466,Ngo Quang Minh,VIE,M,,,,1491,AUG25,4,40,2018,
12407062,Ngo Thi My Duyen,VIE,F,,,,1843,AUG25,0,40,1997,wi
12493570,Ngo Thuy Duong,VIE,F,,,,1525,AUG25,0,40,2011,w
12441198,Ngo Tuan Bao,VIE,M,,,,1459,AUG25,0,40,2016,
12483338,Ngo Tuan Kiet,VIE,M,,,,1586,AUG25,6,40,2019,
12453153,Ngo Xuan Phu,VIE,M,,,,1430,AUG25,0,40,2011,i
12415758,"Ngo, Bao Quyen",VIE,F,,,,1576,AUG25,0,40,2009,wi
12401331,"Ngo, Dieu Hoa",VIE,F,WFM,WFM,,2098,AUG25,0,20,1991,wi
12424870,"Ngo, Duc Anh",VIE,M,,,,1560,AUG25,0,40,2012,i
12405060,"Ngo, Duc Tri",VIE,M,FM,,,2237,AUG25,0,20,2004,
12411566,"Ngo, Hong Anh",VIE,M,,,,1684,AUG25,0,40,2003,i
12410837,"Ngo, Hong Phong",VIE,M,,,,1631,AUG25,0,40,1988,i
12419958,"Ngo, Huynh Thao Nhu",VIE,F,,,,1449,AUG25,0,40,2010,w
12426768,"Ngo, Minh Hang",VIE,F,,,,1835,AUG25,0,40,2008,w
12417319,"Ngo, Ngoc Chau",VIE,F,,,,1561,AUG25,0,40,2008,wi
12400920,"Ngo, Ngoc Quang",VIE,M,,,,2285,AUG25,0,20,1983,i
12404209,"Ngo, Ngoc Thao",VIE,F,,,,1788,AUG25,0,40,1993,wi
12418668,"Ngo, Nha Ky",VIE,F,,,,1437,AUG25,0,40,2010,wi
12428876,"Ngo, Quang Anh",VIE,M,,,,1525,AUG25,0,40,2004,i
12402745,"Ngo, Quang Nhat",VIE,M,,,,1920,AUG25,0,20,2000,i
12403768,"Ngo, Quang Thai",VIE,M,FM,,,2319,AUG25,0,20,1999,
12420646,"Ngo, Quang Trung",VIE,M,,,,1807,AUG25,0,40,2002,i
12426776,"Ngo, Thanh Tu",VIE,M,,NA,,AIM,AUG25,1783,0,1980,
12429651,"Ngo, Thanh Tung",VIE,M,,,,1989,AUG25,0,20,1986,
12400890,"Ngo, Thi Kim Cuong",VIE,F,,,,1961,AUG25,0,20,1984,wi
12400505,"Ngo, Thi Kim Tuyen",VIE,F,,,,1945,AUG25,0,20,1991,wi
12406899,"Ngo, Thi Ngoc Ngan",VIE,F,,,,1756,AUG25,0,40,1999,wi
12403598,"Ngo, Thuy Thanh Thao",VIE,M,,,,2000,AUG25,0,40,1987,i
12426784,"Ngo, Tien Sinh",VIE,M,,,,1862,AUG25,0,40,2000,i
12411760,"Ngo, Xuan Quynh",VIE,F,,,,1713,AUG25,0,20,2005,w
12470201,Ngu Phuong Linh,VIE,F,,,,1718,AUG25,6,40,2017,w
12403911,"Nguy, Minh Nghia",VIE,M,,,,1882,AUG25,0,40,1996,i
12430420,Nguyen Anh Bao Thy,VIE,F,,,,1861,AUG25,18,40,2010,w
12400025,Nguyen Anh Dung,VIE,M,GM,"FT,FA",,2407,AUG25,0,10,1976,
12454605,Nguyen Anh Dung,VIE,M,,,,1616,AUG25,9,40,2018,
12435309,Nguyen Anh Huy,VIE,M,,,,1997,AUG25,18,40,2010,
12464228,Nguyen Anh Khoi,VIE,M,,,,1475,AUG25,0,40,2013,
12426849,Nguyen Anh Nguyen,VIE,M,,NA,,1858,AUG25,0,40,1995,i
12486000,Nguyen Anh Tuan Hung,VIE,M,,,,1426,AUG25,0,40,2016,
12408123,"Nguyen Anh, Dung",VIE,M,,,,1789,AUG25,0,40,2002,i
12454699,Nguyen Ba Phuoc Nguyen,VIE,M,,,,1429,AUG25,5,40,2015,
12441708,Nguyen Bao Nam,VIE,M,,,,1613,AUG25,13,40,2017,
12454567,Nguyen Binh Phuong Nam,VIE,M,,,,1451,AUG25,0,40,2015,
12467260,Nguyen Cao Son,VIE,M,,,,ACM,AUG25,1670,7,2010,
12447269,Nguyen Chau Hao Thien,VIE,M,,,,1481,AUG25,0,40,2016,
12447102,Nguyen Chau Thien An,VIE,F,,,,1672,AUG25,0,40,2017,w
12440647,Nguyen Chi Phong,VIE,M,,,,1522,AUG25,0,40,2011,
12459348,Nguyen Chinh Trung,VIE,M,,,,1450,AUG25,6,40,2015,
12439096,Nguyen Cong Khen,VIE,M,,,,1762,AUG25,0,40,1994,
12439100,Nguyen Cong Khon,VIE,M,,,,1884,AUG25,0,40,1997,i
12442992,Nguyen Dang Khoa,VIE,M,,,,1839,AUG25,0,40,2004,
12441120,Nguyen Dang Kien Van,VIE,M,,,,1487,AUG25,6,40,2017,
12460443,Nguyen Dang Nguyen,VIE,M,,,,ACM,AUG25,1491,5,2017,
12454575,Nguyen Dang Quang,VIE,M,,,,1524,AUG25,0,40,2015,
12487686,Nguyen Dao Bao Long,VIE,M,,,,1443,AUG25,0,40,2012,
12454974,Nguyen Dieu Anh,VIE,F,,,,1474,AUG25,5,40,2016,w
12432725,Nguyen Dieu Linh,VIE,F,,,,1405,AUG25,0,40,2010,w
12431168,Nguyen Dinh Lam Phu,VIE,M,,,,1454,AUG25,1,40,2014,
12468428,Nguyen Dinh Nguyen Khoi,VIE,M,,,,1629,AUG25,0,40,2009,i
12431214,Nguyen Dinh Tam Anh,VIE,F,,,,1722,AUG25,18,40,2013,w
12479152,Nguyen Dinh Thai Son,VIE,M,,,,1435,AUG25,7,40,2015,
12455288,Nguyen Do Minh Tri,VIE,M,,,,ACM,AUG25,1641,8,2013,
12468517,Nguyen Do Phu Trong,VIE,M,,,,1824,AUG25,12,40,2011,
12440043,Nguyen Do Tue Anh,VIE,F,,,,1438,AUG25,9,40,2016,w
12432253,Nguyen Doan Nhat Thien,VIE,M,,,,1451,AUG25,0,40,2014,i
12449539,Nguyen Doan Thao Nhu,VIE,F,,,,1483,AUG25,2,40,2017,w
12412309,Nguyen Duc Dung,VIE,M,FM,,,2313,AUG25,0,20,2006,i
12436224,Nguyen Duc Khai,VIE,M,,,,1641,AUG25,10,40,2014,
12453234,Nguyen Duc Long,VIE,M,,,,1561,AUG25,7,40,2016,
12429090,Nguyen Duc Minh,VIE,M,,,,AIM,AUG25,1765,0,2012,
12442631,Nguyen Duc Minh,VIE,M,,,,1409,AUG25,0,40,2016,
12431826,Nguyen Duc Trung,VIE,M,,,,AFM,AUG25,1553,0,2012,
12451487,Nguyen Duc Tung,VIE,M,,,,1724,AUG25,0,20,2002,
12402079,Nguyen Duc Viet,VIE,M,,,,1922,AUG25,0,40,1995,i
12435600,Nguyen Duy Anh,VIE,M,,,,1633,AUG25,0,40,2014,
12432610,Nguyen Duy Dat,VIE,M,,,,1844,AUG25,18,40,2013,
12430080,Nguyen Duy Dat,VIE,M,,,,1470,AUG25,0,40,2011,i
12444022,Nguyen Duy Khai,VIE,M,,,,1946,AUG25,0,40,2012,i
12431834,Nguyen Duy Khang,VIE,M,,,,1661,AUG25,0,40,2012,
12469386,Nguyen Duy Khoi,VIE,M,,,,1442,AUG25,0,40,2016,
12433586,Nguyen Gia Minh,VIE,M,,,,1687,AUG25,9,40,2013,
12469130,Nguyen Ha Anh,VIE,F,,,,1613,AUG25,6,40,2016,w
12408743,Nguyen Ha Minh Anh,VIE,F,,,,1691,AUG25,0,40,2004,wi
12476250,Nguyen Ha Phuc Vinh,VIE,M,,,,1677,AUG25,5,40,2013,
12469521,Nguyen Ha Phuong,VIE,F,,,,1501,AUG25,0,40,2014,w
12430455,Nguyen Ha Trang,VIE,F,,,,1461,AUG25,0,40,2012,w
12438383,Nguyen Hai An,VIE,M,,,,1663,AUG25,9,40,2012,
12430463,Nguyen Hai Anh,VIE,M,,,,1403,AUG25,0,40,2014,
12458864,Nguyen Hai Dong,VIE,M,,,,1587,AUG25,0,40,2013,i
12459321,Nguyen Hao Nhien,VIE,M,,,,ACM,AUG25,1879,5,2011,
12420468,Nguyen Hoang,VIE,M,,,,1587,AUG25,0,40,2012,
12455695,Nguyen Hoang Bach,VIE,M,,,,1517,AUG25,9,40,2018,
12465429,Nguyen Hoang Bao Ngoc,VIE,F,,,,1622,AUG25,0,40,2013,w
12434434,Nguyen Hoang Bao Tram,VIE,F,,,,1597,AUG25,12,40,2012,w
12405515,Nguyen Hoang Dang Huy,VIE,M,,NA,,1847,AUG25,0,20,2002,
12457582,Nguyen Hoang Gia,VIE,M,,NA,,1751,AUG25,2,40,1991,
12434868,Nguyen Hoang Huy,VIE,M,,,,1627,AUG25,0,40,2012,
12440930,Nguyen Hoang Loi,VIE,M,,,,1709,AUG25,0,40,2003,
12445630,Nguyen Hoang Long,VIE,M,,,,1915,AUG25,14,40,2014,
12483524,Nguyen Hoang Quan,VIE,M,,,,AFM,AUG25,1661,0,2012,
12441066,Nguyen Hoang The Hung,VIE,M,,,,1488,AUG25,0,40,2015,
12423610,Nguyen Hoang Vi,VIE,M,,,,1699,AUG25,0,40,2002,
12406732,Nguyen Hong Anh,VIE,F,WIM,WIM,,2086,AUG25,0,20,2001,w
12412201,Nguyen Hong Nhung,VIE,F,WFM,WFM,,2227,AUG25,0,20,2006,w
12413798,Nguyen Huu Anh Tai,VIE,M,,,,AGM,AUG25,2059,0,1999,i
12412031,Nguyen Huu Bich Khoa,VIE,F,,,,1816,AUG25,0,40,2003,wi
12441996,Nguyen Huu Hai Dang,VIE,M,,,,1686,AUG25,7,40,2014,
12412562,Nguyen Huu Khang,VIE,M,,,,1677,AUG25,0,40,2005,
12470260,Nguyen Huu Phat,VIE,M,,,,1528,AUG25,0,40,2015,
12410292,Nguyen Huu Thang,VIE,M,,,,1823,AUG25,0,40,2000,i
12433977,Nguyen Huu Thanh,VIE,M,,,,1479,AUG25,0,40,2014,i
12468657,Nguyen Huy Bao Chau,VIE,M,,,,1520,AUG25,6,40,2012,
12467820,Nguyen Huy Cong,VIE,M,,,,1558,AUG25,4,40,2005,
12425621,Nguyen Huy Hoang,VIE,M,,,,1450,AUG25,0,40,2012,i
12446300,Nguyen Huynh Anh Quoc,VIE,M,,,,1597,AUG25,0,40,2015,i
12415766,Nguyen Huynh Mai Hoa,VIE,F,,,,1536,AUG25,0,40,2009,w
12425257,Nguyen Huynh Thien Thanh,VIE,F,,,,1489,AUG25,0,40,2014,w
12420492,Nguyen Huynh Tu Phuong,VIE,F,,,,1669,AUG25,9,40,2009,w
12419621,Nguyen Khac Truong,VIE,M,,,,1617,AUG25,0,40,2006,i
12443794,Nguyen Khang,VIE,M,,,,1473,AUG25,7,40,2017,
12431990,Nguyen Khanh Chi,VIE,F,,,,1403,AUG25,0,40,2014,wi
12454796,Nguyen Khanh Han,VIE,F,,,,1451,AUG25,5,40,2016,w
12448613,Nguyen Lam Phuong Nam,VIE,M,,,,AFM,AUG25,1528,0,2015,
12480690,Nguyen Le Duc Huy,VIE,M,,,,1677,AUG25,0,40,2004,
12439827,Nguyen Le Minh Duc,VIE,M,,,,1442,AUG25,0,40,2016,
12465593,Nguyen Le Misa,VIE,F,,,,1458,AUG25,3,40,2015,w
12426792,Nguyen Le Nguyen,VIE,M,,,,1936,AUG25,18,40,2012,
12442925,Nguyen Le Nhat Quang,VIE,M,,,,1944,AUG25,4,40,2012,
12435066,Nguyen Le Phuong Hoa,VIE,F,,,,1467,AUG25,0,40,2007,wi
12433470,Nguyen Le Phuong Lam,VIE,M,,,,1472,AUG25,7,40,2016,
12427810,Nguyen Luong Duc,VIE,M,,,,1543,AUG25,0,40,2009,
12431052,Nguyen Luong Phuc,VIE,M,,,,1635,AUG25,8,40,2012,
12493724,Nguyen Ly Chi Cuong,VIE,M,,,,1506,AUG25,0,40,2011,
12404632,Nguyen Mai Duc Tri,VIE,M,,NA,,2050,AUG25,0,20,1989,i
12437417,Nguyen Manh Ha,VIE,M,,,,1433,AUG25,0,40,2001,i
12440515,Nguyen Manh Hieu,VIE,M,,,,1914,AUG25,9,40,2007,
12432474,Nguyen Manh Quynh,VIE,F,,,,1608,AUG25,0,40,2012,w
12430480,Nguyen Minh,VIE,M,,,,1935,AUG25,18,40,2014,
12442283,Nguyen Minh Anh,VIE,F,,,,1542,AUG25,5,40,2017,w
12477664,Nguyen Minh Bao,VIE,M,,,,1542,AUG25,0,40,2014,
12424641,Nguyen Minh Chi,VIE,F,WCM,WCM,,1913,AUG25,18,40,2012,w
12431800,Nguyen Minh Dat,VIE,M,,,,1709,AUG25,0,20,2005,
12446785,Nguyen Minh Duc,VIE,M,,,,AIM,AUG25,1552,0,2012,
12471909,Nguyen Minh Duc,VIE,M,,,,1497,AUG25,6,40,2018,
12498548,Nguyen Minh Hien,VIE,M,,,,1495,AUG25,5,40,2015,
12474444,Nguyen Minh Khang,VIE,M,,,,1596,AUG25,12,40,2017,
12438405,Nguyen Minh Khoi,VIE,M,,,,1611,AUG25,0,40,2007,i
12431788,Nguyen Minh Khue,VIE,F,,,,1496,AUG25,7,40,2007,w
12465500,Nguyen Minh Nguyen,VIE,M,,,,1542,AUG25,6,40,2018,
12454443,Nguyen Minh Nhat,VIE,M,,,,1500,AUG25,9,40,2018,
12438413,Nguyen Minh Nhat,VIE,M,,,,1498,AUG25,7,40,2015,
12450065,Nguyen Minh Nhien,VIE,M,,,,1728,AUG25,6,40,2017,
12432237,Nguyen Minh Quang,VIE,M,,,,1428,AUG25,0,40,2014,
12404250,Nguyen Minh Thang,VIE,M,,NA,,2037,AUG25,0,20,1965,i
12476552,Nguyen Minh Thu,VIE,F,,,,1600,AUG25,0,40,2015,w
12417130,Nguyen Minh Trang,VIE,F,,NA,,1597,AUG25,0,40,1986,wi
12447161,Nguyen Minh Tri,VIE,M,,,,1515,AUG25,8,40,2015,
12414727,Nguyen My Hanh An,VIE,F,WIM,WIM,,2038,AUG25,0,20,2006,w
12443697,Nguyen Nam Long,VIE,M,,,,1750,AUG25,12,40,2016,
12400670,Nguyen Ngan Binh,VIE,F,,,,2146,AUG25,0,20,1982,wi
12424765,Nguyen Ngoc Diep,VIE,F,,,,1535,AUG25,0,40,2012,wi
12445860,Nguyen Ngoc Duc Thien,VIE,M,,,,1505,AUG25,0,40,2016,
12469343,Nguyen Ngoc Gia Han,VIE,F,,,,1474,AUG25,8,40,2013,w
12476293,Nguyen Ngoc Nhu Y,VIE,F,,,,1467,AUG25,2,40,2015,w
12443050,Nguyen Ngoc Phu,VIE,M,,,,1566,AUG25,0,40,2012,i
12403113,Nguyen Ngoc Son Ha,VIE,F,,,,1660,AUG25,0,40,2001,wi
12400688,Nguyen Ngoc Thuy Trang,VIE,F,WCM,WCM,NA,1921,AUG25,0,20,1995,w
12434876,Nguyen Ngoc Tuong Vy,VIE,F,,,,1569,AUG25,9,40,2009,w
12432652,Nguyen Ngoc Xuan Sang,VIE,F,,,,1694,AUG25,6,40,2015,w
12443298,Nguyen Nhat Huy,VIE,M,,,,1897,AUG25,0,40,2012,
12431656,Nguyen Nhat Khuong,VIE,M,,,,1820,AUG25,18,40,2015,
12431729,Nguyen Nhat Nam,VIE,M,,,,1585,AUG25,14,40,2013,
12470740,Nguyen Nhu Tuan Long,VIE,M,,,,1906,AUG25,5,40,2007,
12438430,Nguyen Ninh Viet Anh,VIE,M,,,,1608,AUG25,0,40,2016,
12416738,Nguyen Pham Linh Chi,VIE,F,,,,1578,AUG25,0,40,2008,w
12434787,Nguyen Pham Minh Nhat,VIE,M,,,,1512,AUG25,0,40,2012,
12429546,Nguyen Pham Minh Tri,VIE,M,,,,AFM,AUG25,1679,12,1993,
12438987,Nguyen Phan Huy,VIE,M,,,,1485,AUG25,0,40,2014,i
12409995,Nguyen Phu,VIE,M,,NA,,1791,AUG25,0,40,1978,i
12473740,Nguyen Phu Quang,VIE,M,,,,1514,AUG25,5,40,2017,
12441139,Nguyen Phu Trong,VIE,M,,,,1675,AUG25,0,40,2009,i
12434523,Nguyen Phuc Cao Danh,VIE,M,,,,1703,AUG25,6,40,2016,
12432660,Nguyen Phuc Hoang,VIE,M,,,,1491,AUG25,3,40,2009,
12431885,Nguyen Phuc Khang,VIE,M,,,,1749,AUG25,0,40,2011,
12433128,Nguyen Phuc Khoi,VIE,M,,,,1589,AUG25,0,40,2011,i
12435791,Nguyen Phuc Nguyen,VIE,M,,,,1728,AUG25,18,40,2015,
12431460,Nguyen Phuc Tam,VIE,M,,,,1709,AUG25,8,40,2014,
12451371,Nguyen Phuoc Nguyen,VIE,M,,,,1654,AUG25,0,40,2014,
12435872,Nguyen Phuong Ly,VIE,F,,,,1481,AUG25,11,40,2011,w
12454672,Nguyen Phuong Nghi,VIE,F,,,,1670,AUG25,0,40,2007,wi
12432377,Nguyen Quang Anh,VIE,M,CM,,,1969,AUG25,17,40,2014,
12444073,Nguyen Quang Huy,VIE,M,,,,1606,AUG25,0,40,2011,
12419699,Nguyen Quang Minh,VIE,M,,,,1713,AUG25,2,40,2007,
12475173,Nguyen Quang Minh,VIE,M,,,,1694,AUG25,0,40,1996,
12483010,Nguyen Quang Minh,VIE,M,,,,1641,AUG25,4,40,2017,
12443271,Nguyen Quang Nam,VIE,M,,,,1427,AUG25,13,40,2016,
12449253,Nguyen Quang Phuc,VIE,M,,,,1463,AUG25,0,40,2016,
12429961,Nguyen Quang Vinh,VIE,M,,,,1631,AUG25,0,40,2014,
12470015,Nguyen Quoc Kiet,VIE,M,,,,1453,AUG25,0,40,2003,
12445126,Nguyen Quoc Nam An,VIE,M,,,,1531,AUG25,0,40,2017,
12459798,Nguyen Quynh Anh,VIE,F,,,,1530,AUG25,4,40,2013,w
12401374,Nguyen Sy Hung,VIE,M,,NA,,2137,AUG25,0,20,1984,i
12474576,Nguyen Sy Minh Dang,VIE,M,,,,1601,AUG25,6,40,2018,
12446726,Nguyen Sy Nguyen,VIE,M,,,,1462,AUG25,0,40,2013,
12478016,Nguyen Tan Hung,VIE,M,,,,1703,AUG25,5,40,2017,
12455113,Nguyen Tan Truong,VIE,M,,,,1517,AUG25,0,40,2017,
12458589,Nguyen Tat Phu,VIE,M,,,,1495,AUG25,1,40,2015,
12435376,Nguyen Thai An,VIE,F,,,,1543,AUG25,0,40,2012,w
12469963,Nguyen Thanh Bao Nam,VIE,M,,,,1586,AUG25,5,40,2015,
12438316,Nguyen Thanh Huong,VIE,F,,,,1682,AUG25,14,40,2013,w
12431982,Nguyen Thanh Khanh Han,VIE,F,,,,1405,AUG25,0,40,2010,w
12451517,Nguyen Thanh Lam,VIE,F,,,,1520,AUG25,0,40,2013,w
12455156,Nguyen Thanh Liem,VIE,M,,,,1434,AUG25,0,40,2013,i
12442453,Nguyen Thanh Nam,VIE,M,,,,1532,AUG25,14,40,2015,
12431974,Nguyen Thanh Ngoc Han,VIE,F,,,,1468,AUG25,0,40,2010,w
12487848,Nguyen Thanh Nhan,VIE,M,,,,1510,AUG25,11,40,2013,
12441155,Nguyen Thanh Phuc,VIE,M,,,,1460,AUG25,0,40,1983,i
12429970,Nguyen Thanh San,VIE,M,,,,1560,AUG25,8,40,2016,
12400998,Nguyen Thanh Thuy Tien,VIE,F,WIM,WIM,,1996,AUG25,0,20,1999,w
12468681,Nguyen Thanh Trung,VIE,M,,,,1667,AUG25,0,40,1996,
12443891,Nguyen Thanh Tung,VIE,M,,,,1637,AUG25,14,40,2016,
12440566,Nguyen Thanh Van,VIE,F,,,,1765,AUG25,0,40,2001,wi
12417165,Nguyen Thanh Vinh,VIE,M,,,,1779,AUG25,0,40,1989,i
12407305,"Nguyen Thanh, Tam",VIE,M,,,,2002,AUG25,0,40,1988,i
12424056,Nguyen The Tuan Anh,VIE,M,,,,1635,AUG25,0,40,2012,
12424064,Nguyen The Tuan Minh,VIE,M,,,,1763,AUG25,0,40,2007,i
12400050,Nguyen Thi Kim Ngan,VIE,F,,,,2039,AUG25,0,40,1974,wi
12401676,Nguyen Thi Mai Hung,VIE,F,WGM,WGM,"FT,FA",2191,AUG25,0,20,1994,w
12404080,Nguyen Thi Minh Oanh,VIE,F,WFM,WFM,NA,1951,AUG25,0,20,1999,w
12431699,Nguyen Thi Minh Thu,VIE,F,,,,1594,AUG25,0,40,1995,wi
12442143,Nguyen Thi Ngoc Khanh,VIE,F,,,,1543,AUG25,0,40,2013,wi
12433390,Nguyen Thi Phuong Anh,VIE,F,,,,1728,AUG25,11,40,2015,w
12468193,Nguyen Thi Phuong Trang,VIE,F,,NA,,1557,AUG25,0,40,1996,wi
12427730,Nguyen Thi Phuong Uyen,VIE,F,,,,1710,AUG25,9,40,2012,w
12435538,Nguyen Thi Quynh Hoa,VIE,F,,,,1754,AUG25,11,40,2015,w
12400300,Nguyen Thi Thanh An,VIE,F,WGM,WGM,FT,2159,AUG25,0,20,1976,w
12430986,Nguyen Thi Thanh Ngan,VIE,F,,,,1748,AUG25,0,40,2009,w
12431370,Nguyen Thi Thanh Ngoc,VIE,F,,,,1573,AUG25,0,40,2011,w
12451053,Nguyen Thi Thu Ha,VIE,F,,,,1555,AUG25,6,40,2013,w
12403601,Nguyen Thi Thu Trang,VIE,F,,,,AFM,AUG25,1884,0,1995,wi
12423165,Nguyen Thi Thuy Hang,VIE,F,,NA,,1761,AUG25,0,40,1996,wi
12474495,Nguyen Thi Truc Lam,VIE,F,,,,1446,AUG25,5,40,2014,w
12427497,Nguyen Thien Bao,VIE,M,,,,1573,AUG25,0,40,2012,i
12414816,Nguyen Thien Ngan,VIE,F,WIM,WIM,NA,2016,AUG25,14,20,2005,w
12493279,Nguyen Thien Tam,VIE,M,,,,1738,AUG25,5,40,2012,
12431761,Nguyen Thuy Anh,VIE,M,,,,1514,AUG25,0,40,2013,
12455717,Nguyen Thuy Duong,VIE,F,,,,1466,AUG25,0,40,2012,w
12424315,Nguyen Thuy Duong,VIE,F,,,,1429,AUG25,0,40,2006,wi
12452998,Nguyen Tien Anh Khoi,VIE,M,,,,1451,AUG25,8,40,2013,
12443247,Nguyen Tien Dung,VIE,M,,,,1820,AUG25,15,40,2010,
12442488,Nguyen Tien Minh,VIE,M,,,,1415,AUG25,0,40,2014,i
12475637,Nguyen Tien Quyet,VIE,M,,,,1665,AUG25,0,40,2018,
12461695,Nguyen Tien Thanh,VIE,M,,,,1761,AUG25,0,40,2015,
12420379,"Nguyen Tien, Thanh",VIE,M,,,,1506,AUG25,0,40,1993,
12431435,Nguyen Toan Bach,VIE,M,,,,1495,AUG25,0,40,2014,i
12470767,Nguyen Tram Thien Thang,VIE,M,,,,1574,AUG25,4,40,2019,
12470759,Nguyen Tram Thien Thanh,VIE,M,,,,1588,AUG25,6,40,2017,
12445614,Nguyen Tran Gia Vuong,VIE,M,,,,1633,AUG25,11,40,2018,
12431958,Nguyen Tran Khanh Nhi,VIE,F,,,,1669,AUG25,9,40,2012,w
12435180,Nguyen Tran Khanh Thi,VIE,F,,,,1431,AUG25,0,40,2014,w
12431923,Nguyen Tran Nam,VIE,M,,,,1490,AUG25,6,40,2015,
12436569,Nguyen Tri Dung,VIE,M,,,,AIM,AUG25,1966,0,2001,
12479039,Nguyen Trinh Hong Dang,VIE,M,,,,1513,AUG25,10,40,2016,
12406368,Nguyen Trong Hung,VIE,M,,,,1901,AUG25,0,40,1994,i
12430021,Nguyen Trong Nhan,VIE,M,,NA,,1684,AUG25,0,40,1998,i
12451320,Nguyen Trong Nhan,VIE,M,,,,1488,AUG25,0,40,2011,i
12445479,Nguyen Trung Quan,VIE,M,,,,ACM,AUG25,1573,12,2014,
12436607,Nguyen Trung Tien,VIE,M,,NA,,1719,AUG25,0,40,1994,
12427616,Nguyen Truong An Khang,VIE,M,,,,1839,AUG25,17,40,2014,
12425613,Nguyen Truong Minh Anh,VIE,F,,,,1495,AUG25,0,40,2011,w
12434710,Nguyen Truong Minh Anh,VIE,F,,,,1456,AUG25,0,40,2014,wi
12431591,Nguyen Truong Phuc,VIE,M,,,,AIM,AUG25,1695,7,2013,
12432288,Nguyen Tuan Anh,VIE,M,,,,1988,AUG25,0,20,1996,
12491977,Nguyen Tuan Anh,VIE,M,,,,1649,AUG25,1,40,1997,
12441481,Nguyen Tuan Khoi,VIE,M,,,,1586,AUG25,0,40,2012,i
12440612,Nguyen Tuan Kiet,VIE,M,,,,1855,AUG25,0,40,1999,i
12472794,Nguyen Tuan Minh,VIE,M,,,,1514,AUG25,7,40,2016,
12405167,Nguyen Tuan Ngoc,VIE,M,,"NI,FI",,AIM,AUG25,1747,0,2003,i
12430536,Nguyen Tung Lam,VIE,M,,,,1471,AUG25,9,40,2014,
12432067,Nguyen Tung Quan,VIE,M,,,,2022,AUG25,18,40,2012,
12469548,Nguyen Uyen Nhi,VIE,F,,,,1522,AUG25,5,40,2015,w
12469831,Nguyen Van Bao Tri,VIE,M,,,,1407,AUG25,0,40,2018,
12446335,Nguyen Van Duc Khang,VIE,M,,,,1648,AUG25,0,40,2013,
12400122,Nguyen Van Hai,VIE,M,IM,FA,,2279,AUG25,0,20,1993,
12401064,Nguyen Van Huy,VIE,M,GM,,,2346,AUG25,0,10,1985,
12433900,Nguyen Viet Bach,VIE,M,,,,1725,AUG25,8,40,2012,
12441228,Nguyen Viet Cuong,VIE,M,,,,1708,AUG25,12,40,2014,
12431680,Nguyen Viet Dung,VIE,M,,,,1567,AUG25,4,40,2014,
12437522,Nguyen Viet Hoang Phuc,VIE,M,,,,1470,AUG25,6,40,2017,
12430552,Nguyen Viet Huy Minh,VIE,M,,,,1437,AUG25,0,40,2015,
12459186,Nguyen Viet Khoi,VIE,M,,,,1594,AUG25,8,40,2016,
12449032,Nguyen Viet Thinh,VIE,M,,,,1617,AUG25,8,40,2011,
12432113,Nguyen Vu Bao Chau,VIE,F,,,,1700,AUG25,12,40,2016,w
12432105,Nguyen Vu Bao Lam,VIE,M,,,,1810,AUG25,18,40,2013,
12458651,Nguyen Vu Duy Nam,VIE,M,,,,1533,AUG25,7,40,2013,
12452858,Nguyen Vu Lam,VIE,M,,,,1502,AUG25,0,40,2012,
12441422,Nguyen Vuong Anh,VIE,M,,,,1540,AUG25,0,40,1994,i
12483397,Nguyen Xuan Duc,VIE,M,,,,1561,AUG25,0,40,2005,
12476749,Nguyen Xuan Loc,VIE,M,,,,1577,AUG25,0,40,2016,
12404012,Nguyen Xuan Nhi,VIE,F,,,,1858,AUG25,0,20,2001,w
12444588,Nguyen Xuan Phu,VIE,M,,,,1475,AUG25,0,40,2016,
12439975,Nguyen Xuan Phuong,VIE,M,CM,,,2014,AUG25,18,40,2015,
12475394,Nguyen Xuan Sang,VIE,M,,NA,,1689,AUG25,0,40,1982,
12442208,Nguyen Xuan Vinh,VIE,M,,,,2091,AUG25,0,20,1983,
12427039,"Nguyen, Anh Dung",VIE,M,,,,1813,AUG25,0,20,2003,
12418684,"Nguyen, Anh Hao",VIE,M,,,,1683,AUG25,0,40,2007,i
12418889,"Nguyen, Anh Khoa",VIE,M,,,,1691,AUG25,0,40,2009,
12404675,"Nguyen, Anh Khoi",VIE,M,GM,,,2520,AUG25,0,10,2002,i
12410764,"Nguyen, Anh Luan",VIE,M,,,,1687,AUG25,0,40,0,i
12400378,"Nguyen, Anh Tuan",VIE,M,,,,1941,AUG25,0,20,1987,i
12427098,"Nguyen, Ba Khanh Trinh",VIE,M,,,,1523,AUG25,0,40,2011,i
12426628,"Nguyen, Ba Nam",VIE,M,,,,1492,AUG25,0,40,2012,i
12425303,"Nguyen, Bao Chau",VIE,F,,,,1583,AUG25,9,40,2010,w
12406287,"Nguyen, Binh Nguyen",VIE,M,,,,1974,AUG25,0,40,1994,i
12419966,"Nguyen, Binh Vy",VIE,F,,,,2090,AUG25,18,40,2008,w
12412910,"Nguyen, Bui Khanh Hang",VIE,F,,,,1638,AUG25,0,40,2007,wi
12420697,"Nguyen, Chau Ngoc Han",VIE,F,,,,1853,AUG25,0,40,2008,wi
12404896,"Nguyen, Cong Hieu",VIE,M,,,,1755,AUG25,0,40,1997,i
12402753,"Nguyen, Cong Tai",VIE,M,,,,1918,AUG25,0,20,2001,i
12424340,"Nguyen, Dac Nguyen Dung",VIE,M,,,,1721,AUG25,0,40,2011,
12417211,"Nguyen, Dang Bao",VIE,M,,,,1628,AUG25,0,40,2005,i
12402761,"Nguyen, Dang Hong Phuc",VIE,M,FM,,,2294,AUG25,0,20,2000,i
12400424,"Nguyen, Dinh Quang",VIE,M,,,,2116,AUG25,0,40,1992,i
12410284,"Nguyen, Dinh Thien Phuc",VIE,M,,,,1573,AUG25,0,40,2000,i
12405825,"Nguyen, Dinh Trung",VIE,M,,,,2002,AUG25,0,20,2000,
12426636,"Nguyen, Doan Giang",VIE,M,,,,1711,AUG25,0,40,2004,i
12429643,"Nguyen, Doan Minh Bang",VIE,M,,,,AFM,AUG25,1508,0,2014,
12477354,"Nguyen, Duc Anh",VIE,M,,,,1766,AUG25,4,40,2012,
12415944,"Nguyen, Duc Duy",VIE,M,,,,1730,AUG25,0,40,2007,i
12415561,"Nguyen, Duc Gia Bach",VIE,M,,,,1716,AUG25,0,40,2008,i
12401358,"Nguyen, Duc Hoa",VIE,M,GM,,,2396,AUG25,9,10,1989,
12485713,"Nguyen, Duc Khang",VIE,M,,,,1457,AUG25,0,40,2015,
12449881,"Nguyen, Duc Minh",VIE,M,,,,1571,AUG25,9,40,2016,
12419559,"Nguyen, Duc Phat",VIE,M,,,,1709,AUG25,0,40,2007,i
12407747,"Nguyen, Duc Sang",VIE,M,,,,1856,AUG25,0,20,2005,i
12427012,"Nguyen, Duc Tai",VIE,M,,,,1616,AUG25,0,40,2013,
12426644,"Nguyen, Duc Thinh",VIE,M,,,,1578,AUG25,0,40,2013,i
12402060,"Nguyen, Duc Viet",VIE,M,,,,2038,AUG25,0,20,1994,
12400432,"Nguyen, Duy Dien Nguyen",VIE,M,CM,,,1951,AUG25,0,40,1994,i
12421170,"Nguyen, Duy Linh",VIE,M,,,,1988,AUG25,0,40,2004,i
12424897,"Nguyen, Duy Thanh",VIE,M,,,,1656,AUG25,0,40,2008,i
12406201,"Nguyen, Duy Trung",VIE,M,,,,1969,AUG25,0,20,1996,i
12416150,"Nguyen, Gia Khanh",VIE,M,,,,1916,AUG25,9,40,2009,
12419982,"Nguyen, Ha Khanh Linh",VIE,F,,,,1962,AUG25,18,40,2008,w
12400440,"Nguyen, Ha Phuong",VIE,M,FM,,,2086,AUG25,0,20,1995,i
12406457,"Nguyen, Ha Phuong",VIE,F,,,,1667,AUG25,0,20,2003,w
12423572,"Nguyen, Ha Thi Hai",VIE,M,,,,2021,AUG25,18,40,2009,
12404616,"Nguyen, Hai Dao",VIE,M,,,,1946,AUG25,0,20,1990,i
12430099,"Nguyen, Hai Khanh",VIE,M,,,,AFM,AUG25,1605,0,2011,i
12427578,"Nguyen, Hai Lam",VIE,M,,,,1501,AUG25,7,40,2014,
12420999,"Nguyen, Hai Nam",VIE,M,,,,1673,AUG25,0,40,1983,i
12412023,"Nguyen, Hai Phuong Anh",VIE,F,,,,1761,AUG25,0,20,2004,wi
12401170,"Nguyen, Hai Quan",VIE,M,,FA,,2069,AUG25,0,20,1985,i
12403776,"Nguyen, Hau Phuoc Vinh",VIE,M,,,,1823,AUG25,0,40,1999,i
12424048,"Nguyen, Hieu Nghia",VIE,M,,,,1703,AUG25,9,40,2012,
12425249,"Nguyen, Hieu Yen",VIE,F,,,,1461,AUG25,0,40,2013,wi
12420778,"Nguyen, Hoai An",VIE,M,,,,1663,AUG25,0,40,2008,i
12415880,"Nguyen, Hoai Nam",VIE,M,,,,2193,AUG25,0,20,1981,i
12400742,"Nguyen, Hoai Nam",VIE,M,,,,2143,AUG25,0,20,1993,i
12409340,"Nguyen, Hoang Anh",VIE,M,,,,1977,AUG25,0,40,1987,i
12401382,"Nguyen, Hoang Anh",VIE,F,WCM,WCM,,1940,AUG25,0,20,1998,wi
12419583,"Nguyen, Hoang Bach",VIE,M,,,,1694,AUG25,7,40,2011,
12411078,"Nguyen, Hoang Dat",VIE,M,,,,1600,AUG25,0,40,2005,
12403865,"Nguyen, Hoang Duc",VIE,M,,,,2026,AUG25,0,20,1998,
12405833,"Nguyen, Hoang Hai",VIE,M,,,,1786,AUG25,0,40,2000,i
12424900,"Nguyen, Hoang Hai",VIE,M,,,,1607,AUG25,0,40,1997,
12404624,"Nguyen, Hoang Hiep",VIE,M,,,,1867,AUG25,8,20,2005,
12424919,"Nguyen, Hoang Khanh",VIE,M,,,,1796,AUG25,0,40,2011,
12413330,"Nguyen, Hoang Minh",VIE,M,,,,1686,AUG25,0,40,2006,i
12426687,"Nguyen, Hoang Minh",VIE,M,,,,1655,AUG25,16,40,2013,
12424668,"Nguyen, Hoang Minh Chau",VIE,F,,,,1471,AUG25,0,40,2010,wi
12402133,"Nguyen, Hoang Nam",VIE,M,FM,,,2062,AUG25,0,20,1986,
12424560,"Nguyen, Hoang Phuc",VIE,M,,,,1602,AUG25,0,40,2008,i
12419079,"Nguyen, Hoang Thai Nghi",VIE,M,,,,1481,AUG25,0,40,2008,i
12415340,"Nguyen, Hoang Thai Ngoc",VIE,F,WCM,WCM,,1681,AUG25,0,40,2007,wi
12401021,"Nguyen, Hoang Tuan",VIE,M,,,,2217,AUG25,0,40,1978,i
12415022,"Nguyen, Hoang Viet",VIE,M,,,,1548,AUG25,0,40,2007,i
12409022,"Nguyen, Hoang Vo Song",VIE,F,,,,1708,AUG25,0,40,2002,wi
12427721,"Nguyen, Hong Ha My",VIE,F,,,,1694,AUG25,18,40,2012,w
12403083,"Nguyen, Hong Ngoc",VIE,F,WCM,WCM,NA,1963,AUG25,0,20,2000,w
12423157,"Nguyen, Hong Tham",VIE,F,,,,1957,AUG25,0,40,1998,wi
12401234,"Nguyen, Hung Cuong",VIE,M,,,,1998,AUG25,0,20,1996,i
12401366,"Nguyen, Huu Duc Luan",VIE,M,,,,2170,AUG25,0,40,1976,i
12402010,"Nguyen, Huu Hoang Anh",VIE,M,,,,1912,AUG25,8,20,1989,
12425168,"Nguyen, Huu Khoa Nguyen",VIE,M,,,,1946,AUG25,0,40,1994,i
12424927,"Nguyen, Huu Luong",VIE,M,,,,1633,AUG25,0,40,1980,i
12420255,"Nguyen, Huu Manh",VIE,M,,,,1624,AUG25,0,40,1994,i
12401269,"Nguyen, Huynh Minh Huy",VIE,M,GM,,,2431,AUG25,0,10,1987,
12403431,"Nguyen, Huynh Minh Thien",VIE,M,CM,NA,,2043,AUG25,0,20,2004,
12402206,"Nguyen, Huynh Trong Hai",VIE,M,,,,1939,AUG25,0,20,1996,i
12402923,"Nguyen, Huynh Tuan Hai",VIE,M,,,,2078,AUG25,0,20,1999,
12424102,"Nguyen, Khac Bao An",VIE,M,,,,1814,AUG25,6,40,2011,
12418064,"Nguyen, Khac Thanh",VIE,M,,,,1671,AUG25,0,40,2009,i
12416924,"Nguyen, Khac Tu",VIE,M,,,,1772,AUG25,3,40,2007,
12417513,"Nguyen, Khanh Lam",VIE,M,,,,1583,AUG25,0,40,2010,i
12428884,"Nguyen, Khanh Nam",VIE,M,,,,AIM,AUG25,1794,0,2011,
12406317,"Nguyen, Khuong Duy",VIE,M,,,,1937,AUG25,0,40,1993,i
12419613,"Nguyen, Kien Toan",VIE,M,,,,1482,AUG25,0,40,2011,
12414093,"Nguyen, Lam Thien",VIE,M,,,,2082,AUG25,0,20,2004,i
12411094,"Nguyen, Lam Tung",VIE,M,CM,,,1820,AUG25,0,20,2005,i
12415359,"Nguyen, Le Cam Hien",VIE,F,WCM,WCM,,2015,AUG25,5,40,2007,w
12412040,"Nguyen, Le Minh Uyen",VIE,F,,,,1643,AUG25,0,40,2004,w
12413577,"Nguyen, Le Ngoc Quy",VIE,M,,,,1734,AUG25,0,40,2006,i
12415618,"Nguyen, Le Nhat Huy",VIE,M,,,,1842,AUG25,0,40,2008,
12418765,"Nguyen, Le Thao Nhi",VIE,F,,,,1500,AUG25,0,40,2003,wi
12415375,"Nguyen, Linh Dan",VIE,F,WCM,WCM,,1932,AUG25,9,40,2007,w
12429740,"Nguyen, Luong Vu",VIE,M,,,,2012,AUG25,17,40,2014,
12425125,"Nguyen, Mai Chi",VIE,F,,,,1620,AUG25,0,40,2011,w
12410845,"Nguyen, Manh Anh Tuan",VIE,M,,,,1560,AUG25,0,40,2006,i
12419648,"Nguyen, Manh Duc",VIE,M,CM,,,2174,AUG25,16,40,2011,
12417122,"Nguyen, Manh Hung",VIE,M,,,,1576,AUG25,0,40,1983,i
12425338,"Nguyen, Manh Quyet",VIE,M,,,,1569,AUG25,0,40,2002,i
12402028,"Nguyen, Manh Truong",VIE,M,,NA,,2076,AUG25,1,20,1991,
12403245,"Nguyen, Minh Anh",VIE,F,,,,1435,AUG25,0,40,0,w
12424706,"Nguyen, Minh Chi Thien",VIE,M,,,,1551,AUG25,0,40,2006,i
153110983,"Nguyen, Minh Duc",VIE,M,,,,AFM,AUG25,1623,3,2016,
12429449,"Nguyen, Minh Khang",VIE,M,,,,AFM,AUG25,1908,0,2011,i
12408166,"Nguyen, Minh Nhat",VIE,M,,,,1680,AUG25,3,40,2003,
12477710,"Nguyen, Minh Son",VIE,M,,,,1430,AUG25,3,40,2015,
12404489,"Nguyen, Minh Thanh",VIE,M,,,,1560,AUG25,0,40,2011,i
12405124,"Nguyen, Minh Thong",VIE,M,,,,1804,AUG25,10,20,2003,
12413259,"Nguyen, Minh Tra",VIE,F,,,,1476,AUG25,0,40,2009,wi
12415030,"Nguyen, Minh Trong",VIE,M,,,,1723,AUG25,0,40,2007,i
12403512,"Nguyen, Minh Tuan",VIE,M,,,,2127,AUG25,0,20,1989,i
12421162,"Nguyen, Minh Yen Nhi",VIE,F,,,,1741,AUG25,0,40,2006,wi
12425346,"Nguyen, Nam Kiet",VIE,M,CM,,,1967,AUG25,17,40,2011,
12411779,"Nguyen, Ngan Ha",VIE,F,,,,1684,AUG25,0,20,2005,wi
12416355,"Nguyen, Nghia Gia An",VIE,M,,,,1730,AUG25,0,40,2009,i
12417548,"Nguyen, Nghia Gia Binh",VIE,M,,,,1605,AUG25,0,40,2011,i
12414735,"Nguyen, Ngo Lien Huong",VIE,F,,,,1851,AUG25,9,20,2006,w
12418528,"Nguyen, Ngoc Ha Anh",VIE,F,,,,1550,AUG25,0,40,2008,w
12427535,"Nguyen, Ngoc Hai",VIE,M,,,,1736,AUG25,0,40,1999,
12418722,"Nguyen, Ngoc Hien",VIE,F,WFM,WFM,,1915,AUG25,18,40,2008,w
12401641,"Nguyen, Ngoc Hiep",VIE,M,CM,,,2073,AUG25,0,20,1991,i
12412813,"Nguyen, Ngoc Minh Chau",VIE,F,,,,1610,AUG25,2,40,2006,w
12402931,"Nguyen, Ngoc Minh Tri",VIE,M,,,,1891,AUG25,0,40,1998,
12418072,"Nguyen, Ngoc Phong Nhi",VIE,F,,,,1493,AUG25,0,40,2008,wi
12401862,"Nguyen, Ngoc Phung",VIE,M,,,,2113,AUG25,0,20,1989,i
12423521,"Nguyen, Ngoc Thao Nguyen",VIE,F,,,,1552,AUG25,15,40,2013,w
12423661,"Nguyen, Ngoc Truc Quynh",VIE,F,,,,1481,AUG25,3,40,2012,w
12401110,"Nguyen, Ngoc Truong Son",VIE,M,GM,,,2600,AUG25,0,10,1990,
12411787,"Nguyen, Ngoc Van Anh",VIE,F,,,,1486,AUG25,0,40,2006,w
12404780,"Nguyen, Ngoc Yen Vy",VIE,F,,,,1703,AUG25,0,40,2005,wi
12454990,"Nguyen, Nhat Anh",VIE,F,,,,1424,AUG25,13,40,2017,w
12459631,"Nguyen, Nhat Dang",VIE,M,,,,1484,AUG25,4,40,2008,
12407771,"Nguyen, Nhat Huy",VIE,M,,,,1914,AUG25,0,20,2004,
12428930,"Nguyen, Nhat Minh",VIE,M,,,,1563,AUG25,0,40,2012,i
12416363,"Nguyen, Phan Nguyen",VIE,M,,,,1691,AUG25,0,40,2004,i
12426695,"Nguyen, Phuc Anh",VIE,M,,,,1577,AUG25,0,40,2005,i
12428957,"Nguyen, Phuc Nguyen",VIE,M,,,,1525,AUG25,0,40,2011,i
12407798,"Nguyen, Phuc Nguyen",VIE,M,,,,1482,AUG25,0,40,2005,i
12420654,"Nguyen, Phuc Thanh",VIE,M,,,,1810,AUG25,0,40,2006,i
12419222,"Nguyen, Phuc Yen Nhi",VIE,F,,,,1577,AUG25,0,40,2007,wi
12410772,"Nguyen, Phung Quan",VIE,M,,,,1871,AUG25,0,40,0,i
12402109,"Nguyen, Phuoc Tam",VIE,M,CM,,,2158,AUG25,0,20,1995,
12404691,"Nguyen, Phuoc Thanh",VIE,M,,,,1813,AUG25,0,40,1991,i
12402524,"Nguyen, Quang Duc",VIE,M,,,,1908,AUG25,1,40,1992,
12478962,"Nguyen, Quang Huy",VIE,M,,,,1608,AUG25,12,40,2015,
12424609,"Nguyen, Quang Minh",VIE,M,,,,2109,AUG25,17,40,2011,
12425354,"Nguyen, Quang Nghia",VIE,M,,,,1746,AUG25,0,40,1981,i
12424943,"Nguyen, Quang Son",VIE,M,,,,1672,AUG25,0,40,1993,i
12408190,"Nguyen, Quang Trung",VIE,M,,,,1878,AUG25,0,20,2002,i
12410039,"Nguyen, Quoc Cuong",VIE,M,,,,1828,AUG25,0,40,1973,i
12410853,"Nguyen, Quoc Hy",VIE,M,IM,,,2401,AUG25,26,10,2006,
12405582,"Nguyen, Quoc Ky",VIE,M,,,,1743,AUG25,0,40,2002,i
12405140,"Nguyen, Quoc Phap",VIE,M,,,,1746,AUG25,0,40,2004,i
12418820,"Nguyen, Quoc Truong Son",VIE,M,,,,1726,AUG25,0,40,2007,i
12402036,"Nguyen, Quynh Anh",VIE,F,WIM,WIM,,2168,AUG25,0,20,1988,wi
12401072,"Nguyen, Tan Hoang Nam",VIE,M,CM,,,2003,AUG25,0,20,1999,i
12429554,"Nguyen, Tan Minh",VIE,M,,,,1501,AUG25,0,40,2014,
12403458,"Nguyen, Tan Thinh",VIE,M,,,,1946,AUG25,0,20,1996,
12400408,"Nguyen, Thai Binh",VIE,M,,,,2273,AUG25,0,20,1980,i
12402796,"Nguyen, Thai Duong",VIE,M,,,,1855,AUG25,0,40,2000,i
12419206,"Nguyen, Thai Minh Hieu",VIE,M,,,,1434,AUG25,0,40,2011,i
12415642,"Nguyen, Thai Son",VIE,M,,,,2001,AUG25,9,40,2009,
12404705,"Nguyen, Thai Trong Bang",VIE,M,,,,1980,AUG25,0,20,1987,i
12487830,"Nguyen, Thanh Dat",VIE,M,,,,1539,AUG25,12,40,2016,
12420956,"Nguyen, Thanh Duc",VIE,M,,,,1476,AUG25,0,40,2010,i
12405159,"Nguyen, Thanh Duy",VIE,M,,,,1750,AUG25,0,40,2004,i
12406082,"Nguyen, Thanh Lam",VIE,M,,,,1825,AUG25,0,40,1998,i
12413461,"Nguyen, Thanh Liem",VIE,M,,,,2001,AUG25,13,40,2008,
12420921,"Nguyen, Thanh Long",VIE,M,,,,1749,AUG25,0,40,2008,i
12401870,"Nguyen, Thanh Nghia",VIE,M,CM,,,2124,AUG25,0,20,1989,i
12400815,"Nguyen, Thanh Son",VIE,M,IM,,,2393,AUG25,0,10,1981,i
12418218,"Nguyen, Thanh Thuy",VIE,F,,,,1539,AUG25,2,40,2010,w
12401781,"Nguyen, Thao Han",VIE,F,WFM,WFM,,1994,AUG25,0,40,1994,wi
12419044,"Nguyen, The Hoan",VIE,M,,,,1652,AUG25,0,40,1974,i
12416444,"Nguyen, The Nghia",VIE,M,,,,1506,AUG25,0,40,2009,i
12413801,"Nguyen, The Phu",VIE,M,,,,1730,AUG25,0,40,2000,i
12407178,"Nguyen, Thi Cam Linh",VIE,F,,,,1891,AUG25,0,40,1995,wi
12401714,"Nguyen, Thi Diem Huong",VIE,F,WFM,WFM,,2046,AUG25,0,20,1990,wi
12400513,"Nguyen, Thi Diem Trang",VIE,F,,,,1831,AUG25,0,40,1988,wi
12400637,"Nguyen, Thi Dieu Hanh",VIE,F,,,,2022,AUG25,0,40,1984,wi
12400297,"Nguyen, Thi Dung",VIE,F,WFM,WFM,,2166,AUG25,0,20,1982,wi
12414786,"Nguyen, Thi Ha Phuong",VIE,F,,,,1688,AUG25,0,40,2006,wi
12401200,"Nguyen, Thi Hanh",VIE,F,,,,1920,AUG25,0,20,1986,wi
12421057,"Nguyen, Thi Hong",VIE,F,,,,1520,AUG25,0,40,1998,wi
12421014,"Nguyen, Thi Hong Chau",VIE,F,,,,1620,AUG25,0,40,1982,wi
12427608,"Nguyen, Thi Hong Ha",VIE,F,,,,1576,AUG25,8,40,2013,w
12430056,"Nguyen, Thi Hong Ngoc",VIE,F,,,,1563,AUG25,0,40,2008,w
12415782,"Nguyen, Thi Huynh Thu",VIE,F,,,,1622,AUG25,0,40,2008,w
12414794,"Nguyen, Thi Khanh Van",VIE,F,,,,1729,AUG25,5,20,2005,w
12419125,"Nguyen, Thi Kieu",VIE,F,,,,1483,AUG25,0,40,1986,w
12412848,"Nguyen, Thi Kim Tuyen",VIE,F,,,,1627,AUG25,0,40,2004,wi
12418536,"Nguyen, Thi Mai Lan",VIE,F,,,,1614,AUG25,0,20,2006,w
12404713,"Nguyen, Thi Minh Anh",VIE,F,,,,1645,AUG25,0,40,1985,wi
12406929,"Nguyen, Thi Minh Thu",VIE,F,WFM,WFM,,1868,AUG25,0,20,2000,w
12421006,"Nguyen, Thi My Linh",VIE,F,,,,1616,AUG25,0,40,1995,w
12412082,"Nguyen, Thi Ngoc Han",VIE,F,,,,1533,AUG25,0,40,2004,wi
12406503,"Nguyen, Thi Ngoc Mai",VIE,F,,,,1623,AUG25,0,40,2003,wi
12407186,"Nguyen, Thi Nhac",VIE,F,,,,1908,AUG25,0,40,1995,wi
12404349,"Nguyen, Thi Phuong Thao",VIE,F,,,,2022,AUG25,0,20,1988,wi
12406791,"Nguyen, Thi Phuong Thy",VIE,F,,,,1766,AUG25,0,40,2002,wi
12407232,"Nguyen, Thi Thao Linh",VIE,F,,,,1902,AUG25,0,20,1993,wi
12410861,"Nguyen, Thi Thu Ha",VIE,M,,,,1750,AUG25,0,40,1997,i
12404365,"Nguyen, Thi Thu Huyen",VIE,F,,NA,,2072,AUG25,0,20,1987,wi
12401889,"Nguyen, Thi Thu Quyen",VIE,F,WCM,WCM,,1989,AUG25,0,20,1989,wi
12400564,"Nguyen, Thi Thuy",VIE,F,,,,1858,AUG25,0,20,0,w
12408794,"Nguyen, Thi Thuy Quyen",VIE,F,WCM,WCM,,1744,AUG25,0,20,2005,w
12404179,"Nguyen, Thi Thuy Trien",VIE,F,WFM,WFM,,2002,AUG25,0,20,1995,wi
12400270,"Nguyen, Thi Tuong Van",VIE,F,WIM,WIM,FI,2182,AUG25,0,20,1978,wi
12401498,"Nguyen, Thien Viet",VIE,M,,,,2290,AUG25,0,20,1981,i
12420263,"Nguyen, Thieu Anh",VIE,M,,,,1598,AUG25,0,40,2006,i
12412627,"Nguyen, Thu An",VIE,F,,,,1414,AUG25,0,40,2008,wi
12400718,"Nguyen, Thu Thuy",VIE,F,,,,2058,AUG25,0,20,1976,wi
12421090,"Nguyen, Thu Trang",VIE,F,,,,1695,AUG25,0,40,1988,w
12400203,"Nguyen, Thuan Hoa",VIE,F,WIM,WIM,,2196,AUG25,0,20,1970,wi
12417327,"Nguyen, Thuy Linh",VIE,F,,,,1866,AUG25,9,40,2009,w
12405590,"Nguyen, Tien Anh",VIE,M,,,,1893,AUG25,0,20,2001,i
12411620,"Nguyen, Tien Phuc",VIE,M,,,,1828,AUG25,0,40,2004,i
12403130,"Nguyen, To Tran",VIE,F,,,,1865,AUG25,0,20,2000,wi
12428914,"Nguyen, Tran Duc Anh",VIE,M,,,,1515,AUG25,0,40,2013,
12424951,"Nguyen, Tran Duy Anh",VIE,M,,,,1701,AUG25,0,40,2008,i
12417718,"Nguyen, Tran Huy Khanh",VIE,M,,,,1532,AUG25,0,40,2010,
12418170,"Nguyen, Tran Ngan Ha",VIE,F,,NA,,1696,AUG25,0,40,2005,w
12400661,"Nguyen, Tran Ngoc Thuy",VIE,F,WFM,WFM,,1853,AUG25,0,20,1995,w
12423130,"Nguyen, Tran Quynh Nhu",VIE,M,,,,1784,AUG25,1,40,1997,
12423670,"Nguyen, Tran Thien Van",VIE,F,,,,1584,AUG25,7,40,2012,w
12425362,"Nguyen, Tran Thuy Chi",VIE,F,,,,1523,AUG25,0,40,2009,wi
12402958,"Nguyen, Tri Thien",VIE,M,,,,1885,AUG25,0,20,1998,i
12412473,"Nguyen, Tri Thinh",VIE,M,,,,1693,AUG25,0,40,2007,i
12411175,"Nguyen, Trong Nhan",VIE,M,,,,1617,AUG25,0,40,2005,i
12426709,"Nguyen, Trong Thai Duong",VIE,M,,,,1432,AUG25,0,40,2011,i
12425370,"Nguyen, Trung Duc",VIE,M,,,,1624,AUG25,0,40,2009,i
12422754,"Nguyen, Trung Dung",VIE,M,,"NI,SI",,AGM,AUG25,1710,0,2000,i
12403946,"Nguyen, Trung Hieu",VIE,M,,,,1936,AUG25,0,40,1993,i
12409820,"Nguyen, Trung Hieu",VIE,M,,,,1758,AUG25,0,40,2003,i
12404640,"Nguyen, Trung Kien",VIE,M,,,,2046,AUG25,0,20,1989,i
12424960,"Nguyen, Trung Kien",VIE,M,,,,1599,AUG25,0,40,2010,i
12424544,"Nguyen, Trung Minh",VIE,M,,,,1494,AUG25,0,40,2010,i
12402311,"Nguyen, Truong Bao Tran",VIE,F,,NA,,AIM,AUG25,1894,8,1995,w
12404578,"Nguyen, Truong Thanh Hieu",VIE,M,,,,2006,AUG25,0,40,1985,i
12402800,"Nguyen, Tuan Kiet",VIE,M,,,,1764,AUG25,0,40,2000,i
12415936,"Nguyen, Tuan Loc",VIE,M,,,,2140,AUG25,0,20,1991,
12422355,"Nguyen, Tuan Long",VIE,M,,NA,,AIM,AUG25,1896,0,1990,i
12426717,"Nguyen, Tuan Minh",VIE,M,,,,1704,AUG25,9,40,2012,
12420271,"Nguyen, Tuan Thanh",VIE,M,,,,1602,AUG25,0,40,2009,i
12425397,"Nguyen, Van Manh",VIE,M,,,,1483,AUG25,0,40,1955,i
12424072,"Nguyen, Van Nhat Linh",VIE,M,,,,1637,AUG25,17,40,2012,
12404756,"Nguyen, Van Phuc Hau",VIE,M,,,,1938,AUG25,0,40,2000,i
12418943,"Nguyen, Van Quan",VIE,M,,FI,,1881,AUG25,0,20,1988,
12404799,"Nguyen, Van Tai",VIE,M,,,,1880,AUG25,0,40,2002,i
12402532,"Nguyen, Van Thanh",VIE,M,IM,,,2345,AUG25,0,10,1992,
12404497,"Nguyen, Van Thanh Bd",VIE,M,,,,1963,AUG25,0,40,0,i
12400475,"Nguyen, Van Toan Thanh",VIE,M,CM,,,1932,AUG25,0,20,1998,i
12401030,"Nguyen, Viet Chung",VIE,M,FM,,,2147,AUG25,0,20,1990,i
12405884,"Nguyen, Viet Huy",VIE,M,,,,2006,AUG25,5,20,2000,
12400556,"Nguyen, Viet Son",VIE,M,,,,2027,AUG25,0,20,1954,i
12401048,"Nguyen, Viet Tuong",VIE,M,,,,2254,AUG25,0,20,1990,i
12411213,"Nguyen, Vinh Khanh",VIE,M,,,,1766,AUG25,0,40,2005,i
12429368,"Nguyen, Vu Quang Duy",VIE,M,,,,1893,AUG25,0,40,2011,i
12406813,"Nguyen, Vu Thu Hien",VIE,F,WCM,WCM,,1952,AUG25,0,20,2002,wi
12429899,"Nguyen, Vuong Dang Minh",VIE,M,,,,AFM,AUG25,1622,0,2012,
12417440,"Nguyen, Vuong Tung Lam",VIE,M,CM,,,2137,AUG25,17,40,2010,
12424994,"Nguyen, Xuan An",VIE,M,,,,1509,AUG25,0,40,2011,
12421189,"Nguyen, Xuan Anh",VIE,M,,,,1487,AUG25,0,40,2008,i
12427624,"Nguyen, Xuan Bao Minh",VIE,M,,,,1560,AUG25,0,40,2013,i
12412392,"Nguyen, Xuan Hien",VIE,M,,,,1863,AUG25,0,20,2006,i
12415804,"Nguyen, Xuan Minh Hang",VIE,F,,,,1559,AUG25,1,40,2009,w
12420425,"Nguyen, Xuan Sang",VIE,M,,,,1650,AUG25,0,40,1995,i
12424188,"Nguyen, Xuan Truong",VIE,M,,,,1577,AUG25,0,40,2009,i
12442828,Ninh Anh Phi,VIE,M,,,,1655,AUG25,0,40,2011,i
12414980,"Ong, The Son",VIE,M,,,,1757,AUG25,0,40,2007,i
12415871,Pham Anh Kien,VIE,M,,,,1884,AUG25,0,40,2008,i
12468622,Pham Anh Tuan,VIE,M,,,,1792,AUG25,0,40,2001,
12441350,Pham Bao An,VIE,M,,,,1608,AUG25,8,40,2015,
12441341,Pham Bao Chau,VIE,F,,,,1610,AUG25,7,40,2013,w
12444570,Pham Bao Quan,VIE,M,,,,1444,AUG25,0,40,2017,
12424218,Pham Cong Hieu,VIE,M,,,,1520,AUG25,0,40,2007,i
12474851,Pham Cong Thanh,VIE,M,,,,1527,AUG25,4,40,2013,
12434590,Pham Dong Duong,VIE,M,,,,1534,AUG25,10,40,2015,
12438561,Pham Duc Minh,VIE,M,,,,1618,AUG25,0,40,2014,
12401420,Pham Duc Thang,VIE,M,FM,FA,,2226,AUG25,0,20,1988,i
12468347,Pham Gia Duc,VIE,M,,,,1617,AUG25,0,40,2008,
12477826,Pham Gia Han,VIE,F,,,,1484,AUG25,6,40,2014,w
12434566,Pham Gia Huy,VIE,M,,,,1512,AUG25,7,40,2012,
12454060,Pham Gia Tuong,VIE,M,,,,1648,AUG25,9,40,2011,
12430951,Pham Hai Minh,VIE,M,,,,1607,AUG25,0,40,2011,
12471585,Pham Hai Phong,VIE,M,,,,1419,AUG25,6,40,2015,
12445711,Pham Hoang Bao Khang,VIE,M,,,,1610,AUG25,12,40,2014,
12447218,Pham Hoang Bao Long,VIE,M,,,,1485,AUG25,2,40,2016,
12427160,Pham Hoang Quan,VIE,M,,,,1673,AUG25,0,40,2009,i
12480444,Pham Hoang Tri Dung,VIE,M,,,,1434,AUG25,2,40,2015,
12434485,Pham Hong Duc,VIE,M,,,,1627,AUG25,9,40,2014,
12441333,Pham Hong Linh,VIE,M,,,,1548,AUG25,0,40,1994,i
12433420,Pham Huong Giang,VIE,F,,,,1419,AUG25,6,40,2015,w
12433756,Pham Huong Nhi,VIE,F,,,,1701,AUG25,0,40,2013,w
12444219,Pham Huu Dat,VIE,M,,,,1945,AUG25,9,40,2010,
12439924,Pham Huy Hai Son,VIE,M,,,,1623,AUG25,0,40,2010,
12466980,Pham Khanh Vy,VIE,F,,,,1554,AUG25,2,40,2017,w
12480924,Pham Mai Phuong Nghi,VIE,F,,,,1591,AUG25,0,40,2011,w
12406112,Pham Minh Hieu,VIE,M,,,,1973,AUG25,0,20,1998,
12479934,Pham Minh Khue,VIE,M,,,,1777,AUG25,0,40,2004,
12434582,Pham Minh Nam,VIE,M,,,,1603,AUG25,14,40,2013,
12431095,Pham Minh Nhat,VIE,M,,,,1649,AUG25,0,40,2012,
12468398,Pham Minh Quan,VIE,M,,,,1501,AUG25,5,40,2018,
12430625,Pham Ngoc Bao Anh,VIE,F,,,,1470,AUG25,0,40,2011,wi
12453005,Pham Ngoc Bao Chau,VIE,F,,,,1471,AUG25,9,40,2016,w
12463841,Pham Ngoc Tung Lan,VIE,F,,,,1593,AUG25,15,40,2013,w
12430030,Pham Nguyen Dung,VIE,M,,,,1621,AUG25,0,40,2007,i
12455830,Pham Nguyen Khang,VIE,M,,,,1546,AUG25,0,40,2013,i
12468495,Pham Nguyen Minh Long,VIE,M,,,,1603,AUG25,16,40,2016,
12447757,Pham Nguyen Thai An,VIE,F,,,,1624,AUG25,6,40,2010,w
12430633,Pham Nhu Y,VIE,F,,,,1646,AUG25,7,40,2014,w
12459011,Pham Phuong An,VIE,F,,,,ACM,AUG25,1663,1,1999,w
12477419,Pham Phuong Binh,VIE,F,,,,1574,AUG25,6,40,2014,w
12411256,Pham Quang Hung,VIE,M,,,,1586,AUG25,0,40,2006,i
12430943,Pham Quang Huy,VIE,M,,,,1530,AUG25,6,40,2014,
12435074,Pham Quang Nghi,VIE,M,,,,1565,AUG25,0,40,2012,
12484660,Pham Quang Vinh,VIE,M,,,,1432,AUG25,11,40,2018,
12434949,Pham Quoc Dat,VIE,M,,,,1495,AUG25,0,40,2012,
12436917,Pham Quoc Thai,VIE,M,,,,1628,AUG25,0,40,2002,i
12452963,Pham Quoc Thang,VIE,M,,,,1737,AUG25,0,40,2008,
12454630,Pham Quynh Anh,VIE,F,,,,1411,AUG25,4,40,2016,w
12433969,Pham Tam Nhu,VIE,F,,,,1508,AUG25,0,40,2011,w
12451185,Pham Thanh Hai,VIE,M,,,,1409,AUG25,0,40,2013,i
12458465,Pham Thanh Long,VIE,M,,,,1420,AUG25,7,40,2015,
12430641,Pham Thanh Truc,VIE,F,,,,1500,AUG25,0,40,2011,w
12401390,Pham Thi Hoa,VIE,F,,NA,,2085,AUG25,0,40,1985,wi
12418960,Pham Thi Linh Nham,VIE,F,,,,1651,AUG25,0,40,1990,wi
12427748,Pham Thi Minh Ngoc,VIE,F,,,,1611,AUG25,7,40,2013,w
12472085,Pham Thi Ngoc Diem,VIE,F,,,,1433,AUG25,0,40,2014,w
12402575,Pham Thi Thu Hien,VIE,F,WFM,WFM,,2110,AUG25,0,20,1990,wi
12425311,Pham Thien Thanh,VIE,F,,,,1601,AUG25,0,40,2013,w
12415669,Pham Tran Gia Phuc,VIE,M,IM,,,2456,AUG25,9,10,2009,
12432709,Pham Tran Hoang Gia,VIE,M,,,,1687,AUG25,5,40,2009,
12469742,Pham Truong My An,VIE,F,,,,1553,AUG25,6,40,2015,w
12454770,Pham Tuan Kiet,VIE,M,,,,1756,AUG25,0,40,2008,
12442496,Pham Van Vinh,VIE,M,,,,1619,AUG25,0,40,2010,i
12419010,Pham Viet Thien Phuoc,VIE,M,,,,1624,AUG25,0,40,2010,
12475564,Pham Vo Khai Nguyen,VIE,M,,,,AFM,AUG25,1737,6,2013,
12461750,Pham Xuan An,VIE,M,,,,1705,AUG25,14,40,2017,
12402966,"Pham, Anh Trung",VIE,M,,,,1916,AUG25,0,20,1998,i
12401218,"Pham, Chuong",VIE,M,IM,,,2231,AUG25,0,20,1989,
12411248,"Pham, Cong Minh",VIE,M,CM,,,2210,AUG25,0,20,2006,
12404861,"Pham, Dang Khanh",VIE,M,,,,1740,AUG25,0,40,2000,i
12416304,"Pham, Dang Minh",VIE,M,,,,1711,AUG25,0,40,2009,i
12428736,"Pham, Duc Phong",VIE,M,,,,1624,AUG25,0,40,2008,i
12427632,"Pham, Hai An",VIE,F,,,,1491,AUG25,0,40,2013,wi
12427020,"Pham, Hai Minh Huy",VIE,M,,,,1647,AUG25,3,40,2013,
12400947,"Pham, Hoai Nam",VIE,M,FM,,,2064,AUG25,0,20,1995,i
12427055,"Pham, Hoang Nam Anh",VIE,M,,,,1813,AUG25,0,40,2009,i
12403148,"Pham, Hoang Nhat Anh",VIE,F,,,,1702,AUG25,0,40,2000,wi
12400211,"Pham, Hong Minh",VIE,F,WFM,WFM,,1898,AUG25,0,20,1996,wi
12402320,"Pham, Hong Phuc",VIE,F,,,,1867,AUG25,0,40,1995,wi
12425001,"Pham, Huy Duc",VIE,M,,,,1759,AUG25,0,40,2011,
12429570,"Pham, Le Duy Can",VIE,M,,,,1681,AUG25,0,40,2011,
12401226,"Pham, Le Thao Nguyen",VIE,F,IM,WGM,,2348,AUG25,2,10,1987,w
12417726,"Pham, Minh Hieu",VIE,M,,,,1878,AUG25,9,40,2008,
12400246,"Pham, Minh Hoang",VIE,M,IM,,,2491,AUG25,0,10,1978,i
12400041,"Pham, Ngoc Thanh",VIE,F,WFM,WFM,,2119,AUG25,0,40,1971,wi
12420050,"Pham, Ngoc Thien Thuy",VIE,F,,,,1705,AUG25,0,40,2006,wi
12424145,"Pham, Nguyen Tuan Anh",VIE,M,,,,1598,AUG25,0,40,2009,i
12426512,"Pham, Nhu Y",VIE,F,,,,1914,AUG25,0,40,1994,wi
12412791,"Pham, Phu Quang",VIE,M,,,,1860,AUG25,0,20,2003,
12405191,"Pham, Phu Vinh",VIE,M,FM,,,1929,AUG25,0,20,2003,i
12402559,"Pham, Phuc Duc",VIE,M,,,,1833,AUG25,0,40,1992,i
12409766,"Pham, Quang Dung",VIE,M,,,,1726,AUG25,0,40,2005,i
12400483,"Pham, Quang Hung",VIE,M,,,,1883,AUG25,0,20,1998,i
12402818,"Pham, Quang Minh",VIE,M,,,,1667,AUG25,0,40,2001,i
12424196,"Pham, Quynh Anh",VIE,F,,,,1617,AUG25,9,40,2009,w
12403270,"Pham, Thanh Phuong Thao",VIE,F,WFM,WFM,,1849,AUG25,0,20,1999,w
12402346,"Pham, Thi Anh Minh",VIE,F,,,,1829,AUG25,0,40,1995,wi
12402567,"Pham, Thi Hai Yen",VIE,F,,,,2154,AUG25,0,40,1987,wi
12421030,"Pham, Thi Huong",VIE,F,,,,1669,AUG25,0,40,1983,w
12407461,"Pham, Thi Kim Long",VIE,F,,,,1773,AUG25,0,40,1991,wi
12401730,"Pham, Thi Ngoc Tu",VIE,F,,,,2075,AUG25,0,20,1988,wi
12407348,"Pham, Thi Nu",VIE,F,,,,2037,AUG25,0,40,0,wi
12401935,"Pham, Thi Thu Hoai",VIE,F,,,,1932,AUG25,0,20,1990,wi
12409251,"Pham, Thi Thuy Hoa",VIE,F,,,,1802,AUG25,0,40,1999,wi
12404802,"Pham, Tran Gia Thu",VIE,F,WCM,WCM,NA,1908,AUG25,0,20,2004,w
12406120,"Pham, Trung Quoc",VIE,M,,,,1720,AUG25,0,40,1997,i
12419761,"Pham, Truong Phu",VIE,M,,,,1966,AUG25,9,40,2008,
12417483,"Pham, Vu Quy",VIE,M,,,,1571,AUG25,0,40,2006,i
12401307,"Pham, Xuan Dat",VIE,M,CM,,,2040,AUG25,0,20,1987,
12425036,"Pham, Xuan Hieu",VIE,M,,,,1546,AUG25,0,40,1982,i
12467880,Phan An Nhien,VIE,F,,,,1480,AUG25,10,40,2016,w
12428744,Phan Anh Duc,VIE,M,,,,1511,AUG25,0,40,2009,i
12454923,Phan Ba Phat,VIE,M,,,,1574,AUG25,0,40,2016,
12436968,Phan Dang Anh Hao,VIE,M,,,,1577,AUG25,7,40,2016,
12442330,Phan Dang Khoi,VIE,M,,,,1635,AUG25,15,40,2015,
12447099,Phan Duc Thanh Binh,VIE,M,,,,1717,AUG25,0,40,2012,
12450626,Phan Hoang Bach,VIE,M,,,,AFM,AUG25,1689,12,2014,
12400793,Phan Hung Chi,VIE,M,,NA,,2200,AUG25,0,40,1966,i
12432741,Phan Huyen Trang,VIE,F,,,,1587,AUG25,0,40,2013,w
12475165,Phan Khac Hoang Bach,VIE,M,,,,1410,AUG25,8,40,2015,
12442100,Phan Khai Tri,VIE,M,,,,AIM,AUG25,1723,9,2014,
12445215,Phan Linh Anh,VIE,F,,,,1476,AUG25,0,40,2009,w
12402982,Phan Luong,VIE,M,,,,AIM,AUG25,1855,0,1998,i
12480533,Phan Minh,VIE,M,,,,1454,AUG25,0,40,2015,
12430994,Phan Minh Tri,VIE,M,,,,1657,AUG25,6,40,2014,
12454850,Phan Minh Triet,VIE,M,,,,1437,AUG25,2,40,2017,
12431842,Phan Ngo Tuan Tu,VIE,M,,,,1606,AUG25,0,40,2008,
12441236,Phan Ngoc Giang Huong,VIE,F,,,,1606,AUG25,0,40,2013,wi
12405221,Phan Nguyen Dang Kha,VIE,M,,,,1787,AUG25,6,40,2003,
12403156,Phan Nguyen Ha Nhu,VIE,F,,,,1881,AUG25,0,20,2000,w
12437026,Phan Nguyen Hai Phong,VIE,M,,,,1541,AUG25,0,40,2015,
12406228,Phan Nguyen Hung Cuong,VIE,M,,FA,,1889,AUG25,0,20,1996,i
12434809,Phan Nguyen Khanh Linh,VIE,F,,,,1673,AUG25,0,40,2012,w
12468789,Phan Nhat Anh,VIE,M,,,,1496,AUG25,0,40,2012,
12436887,Phan Thanh Long,VIE,M,,,,1592,AUG25,0,40,1996,i
12429406,Phan Thien Hai,VIE,M,,,,1532,AUG25,0,40,2013,
12438103,Phan Tran Khoi Nguyen,VIE,M,,,,AIM,AUG25,1898,9,2014,
12443492,Phan Tran Nhat Nguyen,VIE,M,,,,AFM,AUG25,1493,0,2012,
12485098,Phan Trung Thanh,VIE,M,,,,1618,AUG25,0,40,2006,
12403539,"Phan, Anh Son",VIE,M,,,,2138,AUG25,0,20,1982,i
12402974,"Phan, Ba Thanh Cong",VIE,M,,,,1995,AUG25,0,20,1999,
12402826,"Phan, Ba Viet",VIE,M,,,,1858,AUG25,0,40,2000,i
12401242,"Phan, Dan Huyen",VIE,F,,,,2043,AUG25,0,40,1981,wi
12401315,"Phan, Dinh Nhat Khanh",VIE,M,,,,1973,AUG25,0,20,1992,i
12416533,"Phan, Minh Trieu",VIE,M,,,,1758,AUG25,0,40,2004,i
12429180,"Phan, Ngoc Bao Chau",VIE,F,,,,1651,AUG25,14,40,2013,w
12420298,"Phan, Ngoc Hieu",VIE,M,,,,1820,AUG25,0,40,1996,i
12424676,"Phan, Ngoc Long Chau",VIE,M,,,,1438,AUG25,0,40,2012,
12416614,"Phan, Nguyen Thai Bao",VIE,M,,,,1543,AUG25,0,40,2010,i
12403393,"Phan, Nguyen Thuy Dung",VIE,F,,,,1795,AUG25,0,40,1996,wi
12417157,"Phan, Nhat Y",VIE,M,,,,1648,AUG25,0,40,1991,
12410438,"Phan, Phuong Duc",VIE,M,,,,1986,AUG25,0,20,1992,i
12420433,"Phan, Thai Minh",VIE,M,,,,1759,AUG25,0,40,2008,i
12409260,"Phan, Thao Nguyen",VIE,F,,,,1725,AUG25,0,20,1998,wi
12404187,"Phan, Thi Huong Giang",VIE,F,,,,1757,AUG25,0,40,1996,wi
12406511,"Phan, Thi My Huong",VIE,F,,,,1709,AUG25,0,20,2003,w
12409944,"Phan, Thi Trac Van",VIE,F,,,,1671,AUG25,0,20,1962,wi
12418005,"Phan, Tran Bao Khang",VIE,M,,,,2055,AUG25,9,40,2010,
12400840,"Phan, Trong Binh",VIE,M,,,,2061,AUG25,0,20,1990,i
12429198,"Phan, Trong Duc",VIE,M,,,,1562,AUG25,0,40,2011,
12420310,"Phan, Van Han",VIE,M,,,,1640,AUG25,0,40,1952,i
12431940,Phi Gia Minh,VIE,M,,,,1580,AUG25,0,40,2010,i
12427640,Phi Le Thanh An,VIE,M,,,,1484,AUG25,0,40,2013,i
12443433,Phung Anh Thai,VIE,M,,,,1420,AUG25,8,40,2013,
12442194,Phung Hai Nam,VIE,M,,,,1433,AUG25,0,40,2013,
12430668,Phung Minh Quan,VIE,M,,,,1478,AUG25,0,40,2015,i
12402583,Phung Nguyen Tuong Minh,VIE,M,,,,2091,AUG25,0,40,1985,i
12435716,Phung Viet Thanh,VIE,M,,,,1550,AUG25,3,40,2015,
12406236,"Phung, Duc Anh",VIE,M,,,,1729,AUG25,0,40,1995,
12411841,"Phung, Phuong Nguyen",VIE,F,,,,1674,AUG25,0,40,2005,wi
12415898,Quach Phuong Minh,VIE,M,,IA,,2043,AUG25,0,40,1988,i
12427853,Quan Ngoc Linh,VIE,F,,,,1635,AUG25,0,40,2007,wi
12421111,"Quan, My Linh",VIE,F,,,,1633,AUG25,9,40,2010,w
12428582,Sa Phuong Bang,VIE,F,,,,1635,AUG25,0,40,1997,wi
12433918,Sam Minh Quan,VIE,M,,,,1657,AUG25,14,40,2014,
12444596,Ta Gia Han,VIE,F,,,,1543,AUG25,13,40,2016,w
12436283,Ta Thiet Hoang,VIE,M,,,,AFM,AUG25,1761,10,2005,
12414255,Ta Xuan Nghi,VIE,F,,,,1700,AUG25,0,40,2004,w
12424633,"Ta, Nguyen Bao",VIE,M,,,,1456,AUG25,0,40,2009,i
7005768,"Ta, Viet Phong",VIE,M,,,,AFM,AUG25,1580,0,2013,
12412120,"Tan, Huynh Thanh Truc",VIE,F,WFM,WFM,,1859,AUG25,0,20,2003,wi
12433640,Tang Duy Khang,VIE,M,,,,1508,AUG25,0,40,2015,
12442607,Tang Duy Khanh,VIE,M,,,,1475,AUG25,7,40,2017,
12426733,"Tang, Lam Giang",VIE,F,,,,1684,AUG25,0,40,1998,wi
12406970,"Tao, Minh Giang",VIE,F,,,,1928,AUG25,0,40,2000,wi
12411868,Thai Ngoc Tuong Minh,VIE,F,WFM,WFM,,1821,AUG25,13,40,2007,w
12432300,Thai Nguyen Duy Minh,VIE,M,,,,AFM,AUG25,1575,0,2014,
12405930,"Thai, Gia Bao",VIE,M,,,,1889,AUG25,0,40,1999,i
12416215,"Thai, Ho Tan Minh",VIE,M,,,,1561,AUG25,0,40,2009,
12425230,"Thai, Ngoc Phuong Minh",VIE,F,,,,1454,AUG25,10,40,2013,w
12404500,"Thai, Nguyen Minh Trang",VIE,F,,,,1764,AUG25,0,40,1989,wi
12404918,"Thai, Toan Lam",VIE,M,,,,1735,AUG25,0,40,2003,i
12438138,Than Thi Khanh Huyen,VIE,F,,,,1532,AUG25,0,40,2011,w
12430692,Than Tuan Kiet,VIE,M,,,,1416,AUG25,0,40,2015,
12425400,Than Van Minh Khang,VIE,M,,,,1597,AUG25,0,40,2009,i
12418560,"Than, Thi Ngoc Tuyet",VIE,F,,,,1588,AUG25,0,40,2004,wi
12411876,"Thanh, Uyen Dung",VIE,F,WCM,WCM,,1738,AUG25,0,40,2005,wi
12424242,"Thieu, Gia Linh",VIE,F,,,,1479,AUG25,0,40,2011,w
12490113,To Ngoc Quang,VIE,M,,,,1562,AUG25,13,40,2014,
12439681,To Phuc Gia Dat,VIE,M,,,,1566,AUG25,11,40,2016,
12421120,"To, Ngoc Minh",VIE,M,,,,1798,AUG25,0,40,1986,i
12400939,"To, Quoc Khanh",VIE,M,,,,2271,AUG25,0,20,1973,i
12401803,Ton Nu Hong An,VIE,F,WFM,WFM,NA,1872,AUG25,0,20,1992,w
12401439,Ton That Nhu Tung,VIE,M,IM,"SI,LSI",,2193,AUG25,0,20,1991,i
12415847,"Ton, Nu Quynh Duong",VIE,F,WCM,WCM,,2113,AUG25,18,40,2008,w
12412805,Tong Hai Anh,VIE,M,CM,,,1692,AUG25,0,40,2007,i
12426253,Tong Nguyen Gia Hung,VIE,M,,,,1771,AUG25,9,40,2013,
12419230,Tong Thai Hoang An,VIE,F,,,,1932,AUG25,18,40,2012,w
12403555,"Tong, Thai Hung",VIE,M,,,,2046,AUG25,0,20,1968,
12415855,"Tong, Thai Ky An",VIE,F,,,,1856,AUG25,18,40,2008,w
12465640,Tran Anh Chau,VIE,M,,,,1582,AUG25,9,40,2016,
12444189,Tran Anh Khoa,VIE,M,,,,1671,AUG25,8,40,2009,
12401250,Tran Anh Tri,VIE,M,,,,2272,AUG25,0,20,1983,i
12462322,Tran Ba Thinh,VIE,M,,,,1617,AUG25,0,40,2012,
12455164,Tran Dai Loc,VIE,M,,,,1495,AUG25,0,40,2012,
12415693,Tran Dang Minh Duc,VIE,M,,,,1857,AUG25,9,40,2008,
12432164,Tran Dieu Linh,VIE,F,,,,1587,AUG25,0,40,2009,w
12422380,Tran Duc Hai,VIE,M,,SI,,AFM,AUG25,1764,0,1995,
12441163,Tran Duc Khoa,VIE,M,,,,1430,AUG25,0,40,2015,
12459828,Tran Gia Bao,VIE,M,,,,1702,AUG25,0,40,2006,
12464406,Tran Ha Giang,VIE,F,,,,1441,AUG25,0,40,2013,w
12431249,Tran Hai Trieu,VIE,M,,,,1770,AUG25,0,40,2012,
12433500,Tran Hoang,VIE,M,,,,1805,AUG25,18,40,2012,
12433357,Tran Hoang Bach,VIE,M,,,,1422,AUG25,0,40,2012,
12432342,Tran Hoang Bao An,VIE,F,,,,AFM,AUG25,1705,13,2015,w
12454680,Tran Hoang Bao Chau,VIE,F,,,,1692,AUG25,0,40,2007,wi
12453455,Tran Hoang Bao Ngoc,VIE,F,,,,1573,AUG25,4,40,2016,w
12452840,Tran Hoang Bao Tram,VIE,F,,,,1423,AUG25,0,40,2013,w
12498556,Tran Hoang Nhat Nghi,VIE,F,,,,1751,AUG25,5,40,2004,w
12452602,Tran Hoang Phuoc Tri,VIE,M,,,,1563,AUG25,0,40,2011,
12468843,Tran Hoang Quoc Kien,VIE,M,,,,1651,AUG25,0,40,2012,
12472484,Tran Hong Duong,VIE,F,,,,1505,AUG25,6,40,2008,w
12461423,Tran Kim An,VIE,F,,,,1414,AUG25,8,40,2015,w
12432172,Tran Ky Vy,VIE,M,,,,1524,AUG25,14,40,2015,
12436925,Tran Le Thanh Du,VIE,M,,,,1850,AUG25,0,40,1993,
12423599,Tran Le Vy,VIE,F,WFM,WFM,,1973,AUG25,18,40,2012,w
12440019,Tran Mai Han,VIE,F,,,,1566,AUG25,0,40,2012,w
12424471,Tran Mai Xuan Uyen,VIE,F,,,,1597,AUG25,0,40,2010,w
12401897,Tran Manh Tien,VIE,M,FM,"FI,NA",,2199,AUG25,0,20,1990,
12466360,Tran Minh Bao,VIE,M,,,,1575,AUG25,0,40,2014,
12458970,Tran Minh Man,VIE,F,,NA,,1778,AUG25,6,40,2003,w
12433438,Tran Minh Quang,VIE,M,,,,1550,AUG25,15,40,2016,
12401080,Tran Minh Thang,VIE,M,IM,,,2329,AUG25,0,10,2000,
12431575,Tran Ngoc Linh Tram,VIE,F,,,,1460,AUG25,0,40,2011,w
12416207,Tran Ngoc Minh Duy,VIE,M,,,,2173,AUG25,18,40,2009,
12431664,Tran Ngoc Minh Khue,VIE,F,,,,1470,AUG25,4,40,2014,w
12430978,Tran Nguyen Bao Khanh,VIE,M,,,,1699,AUG25,0,40,2014,
12484350,Tran Nguyen Duy Tung,VIE,M,,,,1659,AUG25,0,40,1998,
12436194,Tran Nguyen Ha Phuong,VIE,F,,,,1421,AUG25,2,40,2016,w
12419087,Tran Nguyen Hoang Lam,VIE,M,,,,1507,AUG25,0,40,2010,i
12452505,Tran Nguyen Thanh,VIE,M,,,,1423,AUG25,0,40,2014,i
12416657,"Tran Nguyen, Dang Khoa",VIE,M,,,,1770,AUG25,0,40,2008,
12454001,Tran Nha Phuong,VIE,F,,,,1542,AUG25,0,40,2016,w
12434990,Tran Nhat Khang,VIE,M,,,,1483,AUG25,0,40,2012,
12432385,Tran Nhat Nam,VIE,M,,,,1467,AUG25,0,40,2012,i
12409782,Tran Nhat Phuong,VIE,F,,,,1748,AUG25,0,20,2004,w
12432997,Tran Nhat Phuong Thao,VIE,F,,,,1609,AUG25,0,40,2011,w
12472107,Tran Nhat Thanh,VIE,M,,,,1505,AUG25,5,40,2017,
12433810,Tran Pham Quang Minh,VIE,M,,,,AFM,AUG25,1650,12,2014,
12434540,Tran Phat Dat,VIE,M,,,,1886,AUG25,0,40,2007,i
12468630,Tran Phu Bao,VIE,M,,,,1527,AUG25,0,40,2017,
12484644,Tran Phuc Hung,VIE,M,,,,1435,AUG25,12,40,2019,
12452580,Tran Phuc Nguyen,VIE,M,,,,1742,AUG25,8,40,2008,
12447200,Tran Phuong Ly,VIE,F,,,,1440,AUG25,2,40,2014,w
12479705,Tran Quan Bao,VIE,M,,,,1641,AUG25,0,40,2013,
12473430,Tran Quang Anh,VIE,M,,,,1687,AUG25,14,40,2014,
12447498,Tran Quang Anh Thuan,VIE,M,,,,1799,AUG25,0,40,2003,i
12454737,Tran Quang Phat,VIE,M,,,,1663,AUG25,0,40,2010,
12475629,Tran Quoc Bao,VIE,M,,,,1542,AUG25,0,40,2010,
12431893,Tran Quoc Thinh,VIE,M,,,,1602,AUG25,0,40,2010,
12462934,Tran Quy Ngoc,VIE,M,,,,1546,AUG25,0,40,2014,
12485721,Tran Thang Gia Bao,VIE,M,,,,1627,AUG25,0,40,2011,
12434124,Tran Thanh Vinh,VIE,M,,,,1662,AUG25,0,40,2014,
12472506,Tran Thao Quyen,VIE,F,,,,1434,AUG25,6,40,2011,w
12406848,Tran Thi Diem Quynh,VIE,F,WFM,WFM,,1733,AUG25,0,20,2001,wi
12435198,Tran Thi Hoan Kim,VIE,F,,,,1544,AUG25,0,40,2008,w
12451061,Tran Thi Hong Nhung,VIE,F,,,,1649,AUG25,3,40,2013,w
12400360,Tran Thi Kim Loan,VIE,F,WFM,WFM,NA,2010,AUG25,0,20,1971,wi
12404144,Tran Thi Nhu Y,VIE,F,WFM,WFM,,1922,AUG25,0,20,1997,wi
12410659,Tran Thi Phuong Anh,VIE,F,,,,1855,AUG25,0,40,2001,w
12415987,Tran Thi Thanh Binh,VIE,F,,,,1571,AUG25,0,40,2007,wi
12433152,Tran Thien Bao,VIE,M,,,,1647,AUG25,14,40,2014,
12445444,Tran Thien Huy,VIE,M,,,,1737,AUG25,0,40,2007,i
12432784,Tran Thien Phuc,VIE,M,,,,1601,AUG25,8,40,2011,
12402990,Tran Thuan Phat,VIE,M,,NA,,AIM,AUG25,1831,0,1999,
12425222,Tran Tri Duc,VIE,M,,,,1479,AUG25,0,40,2011,i
12492850,Tran Trung Dung,VIE,M,,,,1525,AUG25,0,40,2016,
12453617,Tran Trung Kien,VIE,M,,,,1846,AUG25,0,40,2009,
12443174,Tran Tuan Khang,VIE,M,,,,1692,AUG25,16,40,2016,
12431672,Tran Tuong Quang Dang,VIE,M,,,,1782,AUG25,0,40,2009,
12430889,Tran Vu Le Kha,VIE,M,,,,1659,AUG25,0,40,2012,
12445088,Tran Vuong Ky,VIE,M,,,,1668,AUG25,5,40,2016,
12441252,Tran Xuan Thai,VIE,M,,,,1666,AUG25,6,40,2007,
12413445,"Tran, Bao Dang Khoa",VIE,M,,,,1650,AUG25,0,40,2007,i
12404764,"Tran, Cong Dat",VIE,M,,,,1986,AUG25,0,40,0,i
12427861,"Tran, Dai Lam",VIE,M,,,,1614,AUG25,0,40,2008,i
12427659,"Tran, Dai Quang",VIE,M,,,,1658,AUG25,7,40,2014,
12407925,"Tran, Dang Minh Quang",VIE,M,FM,,,2202,AUG25,17,20,2005,
12425052,"Tran, Dinh Bao",VIE,M,,,,1426,AUG25,0,40,2012,i
12412503,"Tran, Dinh Dang Khoa",VIE,M,,,,1748,AUG25,0,40,2005,i
12429422,"Tran, Duc Duy",VIE,M,,,,1554,AUG25,0,40,2013,i
12400521,"Tran, Duc Hoa Khanh",VIE,M,,,,2183,AUG25,0,40,1974,i
12408441,"Tran, Duc Hung Long",VIE,M,,,,1969,AUG25,0,40,2001,
12420328,"Tran, Duc Thang",VIE,M,,,,1483,AUG25,0,40,2007,i
12421154,"Tran, Duc Tu",VIE,M,,NA,,1940,AUG25,0,40,1967,
12426997,"Tran, Duong Hoang Ngan",VIE,F,,,,AFM,AUG25,1587,7,2013,w
12424200,"Tran, Ha Gia Linh",VIE,F,,,,1602,AUG25,0,40,2009,wi
12426938,"Tran, Hoang Minh Tuan",VIE,M,,,,1625,AUG25,0,40,2010,i
12424625,"Tran, Hoang Phuc",VIE,M,,,,1509,AUG25,0,40,1989,i
12414573,"Tran, Hoang Thanh Phong",VIE,M,,,,1612,AUG25,0,40,2005,i
12404810,"Tran, Hong Quan",VIE,M,,,,1870,AUG25,0,40,2003,i
12424099,"Tran, Hung Long",VIE,M,,,,1558,AUG25,0,40,2012,
12425176,"Tran, Hung Vuong",VIE,M,,NA,,1705,AUG25,0,20,1996,
12410462,"Tran, Lam Tu Bao",VIE,M,,,,1885,AUG25,0,40,1992,i
12403407,"Tran, Le Dan Thuy",VIE,F,WFM,WFM,,1950,AUG25,0,20,1996,w
12400807,"Tran, Le Tu Uyen",VIE,F,,,,1903,AUG25,0,40,1990,wi
12417645,"Tran, Le Viet Anh",VIE,M,,,,AIM,AUG25,1708,15,2009,
12416118,"Tran, Ly Khoi Nguyen",VIE,M,,,,1684,AUG25,0,40,2008,
12420069,"Tran, Ly Ngan Chau",VIE,F,,,,1656,AUG25,8,40,2012,w
12404870,"Tran, Ly Vu",VIE,M,,,,1797,AUG25,0,40,0,i
12417270,"Tran, Minh Dat",VIE,M,,NA,,1642,AUG25,0,20,2006,i
12429155,"Tran, Minh Hieu",VIE,M,,,,1745,AUG25,14,40,2014,
12425079,"Tran, Minh Hieu",VIE,M,,,,1619,AUG25,0,40,2012,
12404772,"Tran, Minh Hoang",VIE,M,,,,2035,AUG25,0,20,1998,i
12417866,"Tran, Minh Khang",VIE,M,,,,1700,AUG25,0,40,2011,
12406830,"Tran, Minh Y",VIE,F,WCM,WCM,,1725,AUG25,0,40,2002,wi
12420077,"Tran, Ngo Mai Linh",VIE,F,,,,1416,AUG25,0,40,2011,wi
12402125,"Tran, Ngo Thien Phu",VIE,M,,,,1935,AUG25,0,20,1995,i
12401811,"Tran, Ngoc Lan",VIE,M,FM,,,2036,AUG25,0,20,1992,
12425087,"Tran, Ngoc Loan",VIE,F,,,,1560,AUG25,0,40,1996,wi
12403164,"Tran, Ngoc Minh Tuong",VIE,F,,,,1769,AUG25,0,40,2000,wi
12424692,"Tran, Ngoc Nhu Y",VIE,F,,,,1542,AUG25,0,40,2008,wi
12400416,"Tran, Ngoc Thach",VIE,M,,,,2145,AUG25,0,20,1980,i
12404195,"Tran, Nguyen Bao Tran",VIE,F,,,,1746,AUG25,0,40,1996,wi
12417076,"Tran, Nguyen Cong Phuc",VIE,M,,,,1902,AUG25,5,40,2002,
12407380,"Tran, Nguyen Dang Khoa",VIE,M,,,,1952,AUG25,0,20,1994,
12419095,"Tran, Nguyen Ha Anh",VIE,F,,,,1422,AUG25,7,40,2011,w
12404039,"Tran, Nguyen Huyen Tran",VIE,F,,,,1673,AUG25,0,40,2001,wi
12424390,"Tran, Nguyen My Tien",VIE,F,,,,1780,AUG25,0,40,2007,wi
12407127,"Tran, Nguyen Que Huong",VIE,F,,,,1821,AUG25,0,40,1998,wi
12407240,"Tran, Nguyen Thuy Tran",VIE,F,,,,1845,AUG25,0,40,1994,wi
12408875,"Tran, Nhat Phuong",VIE,F,,NA,,1811,AUG25,0,40,2004,w
12406988,"Tran, Phan Bao Khanh",VIE,F,WFM,WFM,,1893,AUG25,0,20,2000,wi
12424110,"Tran, Phuong Vi",VIE,F,,,,1741,AUG25,9,40,2008,w
12402591,"Tran, Quang Khai",VIE,M,,,,2004,AUG25,0,20,1994,i
12427667,"Tran, Quang Minh",VIE,M,,,,1517,AUG25,0,40,2014,
12400645,"Tran, Quoc Dung",VIE,M,FM,FT,,2300,AUG25,0,20,1983,i
12426229,"Tran, Quoc Phong",VIE,M,,,,1517,AUG25,0,40,2011,
12411353,"Tran, Quoc Phu",VIE,M,,,,1864,AUG25,0,20,2005,
12404519,"Tran, Quoc Vinh",VIE,M,,,,1918,AUG25,0,40,0,i
12421022,"Tran, Thi Bich Thuy",VIE,F,,,,1607,AUG25,0,20,1980,w
12400823,"Tran, Thi Ha Minh",VIE,F,,,,2017,AUG25,0,20,1992,wi
12424773,"Tran, Thi Ha Thanh",VIE,F,,,,1482,AUG25,0,40,2010,wi
12418552,"Tran, Thi Hong Ngoc",VIE,F,,,,1704,AUG25,9,40,2008,w
12406856,"Tran, Thi Hong Phan",VIE,F,WFM,WFM,,1897,AUG25,0,40,2002,wi
12407291,"Tran, Thi Kim Cuong",VIE,F,,,,1897,AUG25,0,20,1991,wi
12412147,"Tran, Thi Kim Lien",VIE,F,,,,1621,AUG25,0,40,2004,wi
12400181,"Tran, Thi Minh Chau",VIE,F,,,,2005,AUG25,0,40,1976,wi
12403415,"Tran, Thi Mong Thu",VIE,F,,,,1908,AUG25,0,20,1996,wi
12402257,"Tran, Thi Thu Thao",VIE,F,,,,1888,AUG25,0,40,1992,wi
12406864,"Tran, Thi Yen Xuan",VIE,F,,,,1741,AUG25,0,40,2002,wi
12404721,"Tran, Tien Phat",VIE,M,,,,1681,AUG25,0,40,2001,i
12407399,"Tran, Tri Trinh",VIE,M,,,,2001,AUG25,0,40,0,i
12420832,"Tran, Tu Nam Kha",VIE,M,,,,1744,AUG25,0,40,1990,i
12428922,"Tran, Tuan Hung",VIE,M,,,,1501,AUG25,0,40,2009,i
12401820,"Tran, Tuan Minh",VIE,M,GM,,,2426,AUG25,9,10,1997,
12424684,"Tran, Van Hoang Lam",VIE,M,,,,1635,AUG25,0,40,2007,i
12427675,"Tran, Viet Tung",VIE,M,,,,1493,AUG25,0,40,2013,i
12400530,"Tran, Vinh Loc",VIE,M,,,,2200,AUG25,0,40,1978,i
12425184,"Tran, Vo Quoc Bao",VIE,M,,,,2095,AUG25,9,20,2006,
12426520,"Tran, Vo Quoc Hoang",VIE,M,,,,1782,AUG25,0,40,2003,i
12404829,"Tran, Vuong Mai Khanh",VIE,F,WCM,WCM,,1745,AUG25,0,20,2003,wi
12409294,"Tran, Xuan Tu",VIE,M,,,,2014,AUG25,0,40,1986,i
12425109,"Trieu, Gia Huy",VIE,M,,,,1764,AUG25,9,40,2012,
12468053,Trinh Duc Duy,VIE,M,,,,1419,AUG25,5,40,2017,
12438499,Trinh Gia Bao,VIE,M,,,,1542,AUG25,0,40,2009,
12436950,Trinh Hoang Lam,VIE,M,,,,1777,AUG25,9,40,2012,
12438146,Trinh Huu Dat,VIE,M,,,,1677,AUG25,0,40,1999,i
12437883,Trinh Le Bao,VIE,M,,,,1502,AUG25,7,40,2013,
12457337,Trinh Minh Tu,VIE,M,,,,1558,AUG25,0,40,2002,i
12427462,Trinh Nguyen Lam,VIE,M,,,,1752,AUG25,9,40,2013,
12488739,"Trinh, Duc Minh",VIE,M,,,,1438,AUG25,0,40,2016,
12424650,"Trinh, Thanh Binh",VIE,M,,,,1770,AUG25,0,40,1967,i
12426466,"Trinh, Thanh Long",VIE,M,,,,1630,AUG25,0,40,2000,i
12452912,Truong Boi Diep,VIE,F,,,,1455,AUG25,3,40,2016,w
12400548,Truong Duc Chien,VIE,M,,,,2170,AUG25,0,40,1971,i
12442402,Truong Duc Hung,VIE,M,,,,1488,AUG25,4,40,2011,
12452459,Truong Duy Gia Phuc,VIE,M,,,,1525,AUG25,0,40,2015,
12420352,Truong Gia Bao,VIE,M,,,,1436,AUG25,0,40,2007,i
12443069,Truong Gia Lac,VIE,M,,,,AIM,AUG25,2030,0,2009,
12455539,Truong Gia Long,VIE,M,,,,1481,AUG25,0,40,2013,
12451266,Truong Hieu Nghia,VIE,M,,,,1467,AUG25,0,40,2012,
12405710,Truong Le Thanh Dat,VIE,M,,NA,,1777,AUG25,0,40,2002,i
12432350,Truong Nguyen Thien An,VIE,F,,,,1506,AUG25,14,40,2015,w
12418994,Truong Phi Cuong,VIE,M,,,,1713,AUG25,0,40,1993,i
12450480,Truong Phuc Nhat Nguyen,VIE,M,,,,1501,AUG25,5,40,2018,
12433543,Truong Quang Dang Khoi,VIE,M,,,,1584,AUG25,0,40,2012,i
12456195,Truong Quoc Dai Viet,VIE,M,,,,1502,AUG25,0,40,2012,
12445916,Truong Quoc Viet,VIE,M,,,,1508,AUG25,0,40,2016,
12432962,Truong Thanh Van,VIE,F,,,,1830,AUG25,9,40,2012,w
12431486,Truong Thuc Quyen,VIE,F,,,,1579,AUG25,0,40,2013,w
12441171,Truong Tien Minh,VIE,M,,,,1501,AUG25,0,40,2014,i
12417181,Truong Tran Loan Ngoc,VIE,F,,,,AFM,AUG25,1677,0,1994,wi
12473227,Truong Tue Chi,VIE,F,,,,1402,AUG25,8,40,2015,w
12438774,Truong Viet Khoa,VIE,M,,FA,,AIM,AUG25,1904,0,1996,i
12431478,Truong Xuan Minh,VIE,F,,,,1590,AUG25,0,40,2011,w
12405990,"Truong, Anh Kiet",VIE,M,,,,1822,AUG25,0,20,1999,i
12426814,"Truong, Khanh Duy",VIE,M,,,,1749,AUG25,0,40,2009,i
12403008,"Truong, Tan Thanh",VIE,M,,NA,,1908,AUG25,0,40,1999,i
12400351,"Tu, Hoang Thai",VIE,M,IM,,,2200,AUG25,0,10,1972,
12400076,"Tu, Hoang Thong",VIE,M,GM,FT,,2368,AUG25,9,10,1972,
12459771,Van Dinh Khoi,VIE,M,,,,1926,AUG25,1,40,2001,
12401412,Vang Thi Thu Hang,VIE,F,,NA,,1989,AUG25,0,40,1979,wi
12493066,Vo Dinh Khai Ca,VIE,M,,,,1577,AUG25,9,40,2016,
12430765,Vo Hoang Quan,VIE,M,,,,1910,AUG25,9,40,2007,
12470716,Vo Hoang Thanh Vy,VIE,F,,,,1539,AUG25,0,40,2018,w
12494399,Vo Huu Phuoc,VIE,M,,,,1528,AUG25,4,40,1996,
12412350,Vo Huynh Thien,VIE,M,,,,1903,AUG25,0,20,2003,
12429201,Vo Mai Phuong,VIE,F,,,,1593,AUG25,6,40,2014,w
12403474,Vo Mai Truc,VIE,F,WFM,WFM,NA,1829,AUG25,0,20,2001,w
12431443,Vo Minh Nhat,VIE,M,,,,1772,AUG25,0,40,2012,
12450308,Vo Minh Triet,VIE,M,,,,1477,AUG25,9,40,2015,
12483230,Vo Ngoc Minh Tri,VIE,M,,,,1614,AUG25,7,40,2014,
12431524,Vo Ngoc Thien Kim,VIE,F,,,,1443,AUG25,0,40,2012,wi
12491381,Vo Nguyen Thanh Tuan,VIE,M,,,,1587,AUG25,0,40,2000,
12436305,Vo Nguyen Thien An,VIE,M,,,,1696,AUG25,10,40,2015,
12466573,Vo Nguyen Truc Linh,VIE,F,,,,1493,AUG25,0,40,2016,w
12444774,Vo Nguyet Anh,VIE,F,,,,1483,AUG25,0,40,2008,wi
12485047,Vo Quang Minh,VIE,M,,,,1529,AUG25,2,40,2019,
12482064,Vo Song Toan,VIE,M,,,,1572,AUG25,0,40,2012,
12423173,Vo Tan Chinh,VIE,M,,NA,,1917,AUG25,0,40,1995,i
12436577,Vo Tan Kha,VIE,M,,NA,,1846,AUG25,0,40,1996,i
12410667,Vo Thi Thuy Tien,VIE,F,,NA,,1688,AUG25,0,20,1999,w
12470945,Vo Trong Phu,VIE,M,,,,1605,AUG25,0,40,2015,
12400033,"Vo, Dai Hoai Duc",VIE,M,,,,2164,AUG25,6,20,1967,
12417262,"Vo, Dinh Khai My",VIE,F,,,,1724,AUG25,0,40,2008,w
12402605,"Vo, Hoai Thuong",VIE,M,,,,2079,AUG25,0,20,1996,
12400386,"Vo, Hong Phuong",VIE,F,WFM,WFM,,2215,AUG25,0,20,1979,wi
12405736,"Vo, Kim Cang",VIE,M,,,,1945,AUG25,0,20,2001,i
12408310,"Vo, Minh Triet",VIE,M,,,,1777,AUG25,0,40,2002,i
12411396,"Vo, Pham Thien Phuc",VIE,M,,,,2224,AUG25,9,20,2006,
12400190,"Vo, Thanh Cong",VIE,M,,,,1998,AUG25,0,40,1987,i
12402141,"Vo, Thanh Ninh",VIE,M,IM,,,2352,AUG25,0,10,1988,
12404217,"Vo, Thi Bich Lieu",VIE,F,,,,1917,AUG25,0,40,1989,wi
12401838,"Vo, Thi Kim Phung",VIE,F,WGM,WGM,,2322,AUG25,0,10,1993,w
12418978,"Vo, Thi Nhiem",VIE,F,,,,1889,AUG25,0,40,1984,wi
12411400,"Vo, Thien An",VIE,M,,,,1657,AUG25,0,40,2006,i
12408913,"Vo, Thuy Tien",VIE,F,,,,1863,AUG25,0,40,2004,w
12458260,Vu Antoni Trung Hieu,VIE,M,,,,1575,AUG25,6,40,2016,
12473502,Vu Bao Lam,VIE,M,,,,1439,AUG25,5,40,2017,
12443034,Vu Dinh Thanh,VIE,M,,,,1651,AUG25,0,40,2010,i
12450596,Vu Duc Bao Khanh,VIE,M,,,,1543,AUG25,0,40,2010,i
12452955,Vu Duc Manh,VIE,M,,,,1488,AUG25,0,40,2005,
12473324,Vu Duy Minh,VIE,M,,,,1574,AUG25,4,40,2012,
12468266,Vu Duy Nghia,VIE,M,,,,ACM,AUG25,1487,7,2011,
12458279,Vu Eden Trung Duc,VIE,M,,,,1561,AUG25,10,40,2017,
12432024,Vu Gia Bao,VIE,M,,,,1881,AUG25,7,40,2010,
12488003,Vu Gia Hung,VIE,M,,,,1645,AUG25,7,40,2010,
12424161,Vu Giang Minh Duc,VIE,M,,,,1598,AUG25,8,40,2012,
12460796,Vu Hao Nhien,VIE,M,,,,AFM,AUG25,1453,3,2019,
12436992,Vu Hoang Bach,VIE,M,,,,1848,AUG25,0,40,2012,
12481300,Vu Hoang Son,VIE,M,,,,1723,AUG25,0,40,2011,
12468860,Vu Khanh An,VIE,F,,,,1565,AUG25,6,40,2016,w
12403172,Vu Khanh Linh,VIE,F,,"NI,FI,NA",,1708,AUG25,0,40,2001,wi
12481505,Vu Minh Hoang,VIE,M,,NA,,1646,AUG25,0,40,1994,
12432318,Vu Minh Tri,VIE,M,,,,1591,AUG25,0,40,2011,
12459070,Vu Ngoc Thang,VIE,M,,,,1492,AUG25,6,40,2016,
12468711,Vu Nguyen Nguyen Khang,VIE,M,,,,1412,AUG25,3,40,2016,
12402168,Vu Quang Quyen,VIE,M,CM,NA,,2026,AUG25,0,20,1995,
12439797,Vu Thanh An,VIE,M,,,,1587,AUG25,18,40,2017,
12400629,Vu Thi Dieu Ai,VIE,F,WFM,WFM,,1883,AUG25,0,20,1998,wi
12417106,Vu Thi Tu Uyen,VIE,F,,NA,,1715,AUG25,0,40,2003,wi
12442305,Vu Thi Yen Chi,VIE,F,,,,1542,AUG25,9,40,2015,w
12483842,Vu Tran Bao Minh,VIE,M,,,,1401,AUG25,5,40,2017,
12442399,Vu Truong Son,VIE,M,,,,1654,AUG25,10,40,2013,
12468185,Vu Viet Hai,VIE,M,,,,1522,AUG25,0,40,1985,
12417254,"Vu, Ba Khoi",VIE,M,,,,1770,AUG25,9,40,2008,
12408921,"Vu, Bui Thi Thanh Van",VIE,F,WFM,WFM,,1909,AUG25,5,20,2005,w
12401056,"Vu, Dinh Hung",VIE,M,,,,2191,AUG25,0,40,1984,i
12427519,"Vu, Duc Duong",VIE,M,,,,1679,AUG25,7,40,2008,
12408565,"Vu, Duy Phuong",VIE,M,,,,1746,AUG25,0,40,1998,i
12424579,"Vu, Hoang Anh",VIE,M,,,,1543,AUG25,0,40,2011,i
12407984,"Vu, Hoang Gia Bao",VIE,M,CM,,,2048,AUG25,0,20,2006,
12403296,"Vu, Hoang Lan",VIE,F,WCM,WCM,,1883,AUG25,0,20,1998,wi
12414611,"Vu, Huy Phong",VIE,M,,,,1727,AUG25,7,40,2006,
12413267,"Vu, My Linh",VIE,F,,,,1680,AUG25,18,40,2008,w
12427764,"Vu, Nguyen Bao Linh",VIE,F,,,,1834,AUG25,18,40,2011,w
12420719,"Vu, Nguyen Uyen Nhi",VIE,F,,,,1838,AUG25,0,40,2011,wi
12404527,"Vu, Phi Hung",VIE,M,,,,AIM,AUG25,1980,0,1995,
12403180,"Vu, Thi Dieu Uyen",VIE,F,WFM,WFM,,1875,AUG25,0,20,2000,wi
12402354,"Vu, Thien Tram Anh",VIE,F,,,,1752,AUG25,0,20,1995,wi
12420360,"Vu, Vinh Hoang",VIE,M,,NA,,1642,AUG25,0,40,2008,
12416843,"Vu, Xuan Hoang",VIE,M,,,,1777,AUG25,14,40,2009,
12445312,Vuong Tuan Khoa,VIE,M,,,,1628,AUG25,8,40,2016,
12404837,"Vuong, Bao Khang",VIE,M,,,,1672,AUG25,0,40,2003,i
12403741,"Vuong, Phuoc Anh Khoa",VIE,M,,,,1741,AUG25,0,40,2002,i
12403903,"Vuong, Phuoc Minh Khoi",VIE,M,,,,1837,AUG25,0,40,1998,i
12408948,"Vuong, Quynh Anh",VIE,F,WFM,WFM,,1909,AUG25,14,20,2005,w
12425117,"Vuong, Son Hai",VIE,M,,,,1537,AUG25,0,40,2012,i
12403750,"Vuong, The Hung Vi",VIE,M,CM,,,1819,AUG25,0,20,2001,i
12402362,"Vuong, Thi Quynh Huong",VIE,F,WCM,WCM,,1877,AUG25,0,40,1995,wi
12402613,"Vuong, Trung Hieu",VIE,M,FM,,,2075,AUG25,0,20,1996,i