[
  {
    "ID Number": "7711433",
    "Name": "Adam, Arav",
    "Fed": "TTO",
    "Sex": "M",
    "Title": "",
    "WTit": "",
    "OTit": "",
    "FOA": "1551",
    "Rating": "AUG25",
    "Gms": "0",
    "K": "40",
    "B-day": "2012",
    "Flag": ""
  },
  {
    "ID Number": "7702450",
    "Name": "Agostini, Kyron",
    "Fed": "TTO",
    "Sex": "M",
    "Title": "",
    "WTit": "",
    "OTit": "",
    "FOA": "1588",
    "Rating": "AUG25",
    "Gms": "0",
    "K": "20",
    "B-day": "2003",
    "Flag": "i"
  },
  {
    "ID Number": "7714858",
    "Name": "Akow, Christopher",
    "Fed": "TTO",
    "Sex": "M",
    "Title": "",
    "WTit": "",
    "OTit": "",
    "FOA": "1548",
    "Rating": "AUG25",
    "Gms": "0",
    "K": "40",
    "B-day": "2010",
    "Flag": ""
  },
  {
    "ID Number": "7706413",
    "Name": "Ali, Alan",
    "Fed": "TTO",
    "Sex": "M",
    "Title": "",
    "WTit": "",
    "OTit": "",
    "FOA": "1597",
    "Rating": "AUG25",
    "Gms": "0",
    "K": "20",
    "B-day": "1979",
    "Flag": "i"
  },
  {
    "ID Number": "7703015",
    "Name": "Ali, Amy",
    "Fed": "TTO",
    "Sex": "F",
    "Title": "WCM",
    "WTit": "WCM",
    "OTit": "",
    "FOA": "1608",
    "Rating": "AUG25",
    "Gms": "0",
    "K": "20",
    "B-day": "2001",
    "Flag": "wi"
  },
  {
    "ID Number": "7709552",
    "Name": "Ali, Catherine",
    "Fed": "TTO",
    "Sex": "F",
    "Title": "",
    "WTit": "",
    "OTit": "",
    "FOA": "1475",
    "Rating": "AUG25",
    "Gms": "0",
    "K": "40",
    "B-day": "2015",
    "Flag": "w"
  },
  {
    "ID Number": "7700601",
    "Name": "Ali, Ian",
    "Fed": "TTO",
    "Sex": "M",
    "Title": "",
    "WTit": "",
    "OTit": "",
    "FOA": "1806",
    "Rating": "AUG25",
    "Gms": "0",
    "K": "20",
    "B-day": "1959",
    "Flag": "i"
  },
  {
    "ID Number": "7712472",
    "Name": "Ali, Jason",
    "Fed": "TTO",
    "Sex": "M",
    "Title": "",
    "WTit": "",
    "OTit": "",
    "FOA": "1534",
    "Rating": "AUG25",
    "Gms": "0",
    "K": "40",
    "B-day": "2006",
    "Flag": ""
  },
  {
    "ID Number": "7712480",
    "Name": "Ali, Reaz",
    "Fed": "TTO",
    "Sex": "M",
    "Title": "",
    "WTit": "",
    "OTit": "",
    "FOA": "1840",
    "Rating": "AUG25",
    "Gms": "6",
    "K": "40",
    "B-day": "2009",
    "Flag": ""
  },
  {
    "ID Number": "7705174",
    "Name": "Ali, Samir",
    "Fed": "TTO",
    "Sex": "M",
    "Title": "",
    "WTit": "",
    "OTit": "",
    "FOA": "1649",
    "Rating": "AUG25",
    "Gms": "0",
    "K": "20",
    "B-day": "2001",
    "Flag": "i"
  },
  {
    "ID Number": "7706910",
    "Name": "Allum, Adrian",
    "Fed": "TTO",
    "Sex": "M",
    "Title": "",
    "WTit": "",
    "OTit": "",
    "FOA": "1523",
    "Rating": "AUG25",
    "Gms": "0",
    "K": "40",
    "B-day": "2013",
    "Flag": ""
  },
  {
    "ID Number": "7702485",
    "Name": "Allum, Zachary",
    "Fed": "TTO",
    "Sex": "M",
    "Title": "",
    "WTit": "",
    "OTit": "",
    "FOA": "1615",
    "Rating": "AUG25",
    "Gms": "0",
    "K": "40",
    "B-day": "2005",
    "Flag": "i"
  },
  {
    "ID Number": "7701730",
    "Name": "Ammon, Christian",
    "Fed": "TTO",
    "Sex": "M",
    "Title": "",
    "WTit": "",
    "OTit": "",
    "FOA": "1893",
    "Rating": "AUG25",
    "Gms": "0",
    "K": "20",
    "B-day": "1997",
    "Flag": "i"
  },
  {
    "ID Number": "7712499",
    "Name": "Andrews, Omari",
    "Fed": "TTO",
    "Sex": "M",
    "Title": "",
    "WTit": "",
    "OTit": "",
    "FOA": "1668",
    "Rating": "AUG25",
    "Gms": "0",
    "K": "40",
    "B-day": "2009",
    "Flag": "i"
  },
  {
    "ID Number": "7702612",
    "Name": "Archer, Carl",
    "Fed": "TTO",
    "Sex": "M",
    "Title": "",
    "WTit": "",
    "OTit": "",
    "FOA": "1834",
    "Rating": "AUG25",
    "Gms": "0",
    "K": "20",
    "B-day": "1971",
    "Flag": "i"
  },
  {
    "ID Number": "7701365",
    "Name": "Attong, Ian",
    "Fed": "TTO",
    "Sex": "M",
    "Title": "",
    "WTit": "",
    "OTit": "",
    "FOA": "1612",
    "Rating": "AUG25",
    "Gms": "0",
    "K": "40",
    "B-day": "1961",
    "Flag": "i"
  },
  {
    "ID Number": "7712340",
    "Name": "Austin, Angelo",
    "Fed": "TTO",
    "Sex": "M",
    "Title": "",
    "WTit": "",
    "OTit": "",
    "FOA": "1497",
    "Rating": "AUG25",
    "Gms": "0",
    "K": "40",
    "B-day": "2010",
    "Flag": ""
  },
  {
    "ID Number": "7712260",
    "Name": "Austin, Annabelle",
    "Fed": "TTO",
    "Sex": "F",
    "Title": "",
    "WTit": "",
    "OTit": "",
    "FOA": "1503",
    "Rating": "AUG25",
    "Gms": "0",
    "K": "40",
    "B-day": "2012",
    "Flag": "w"
  },
  {
    "ID Number": "7713517",
    "Name": "Ayres, Caleb",
    "Fed": "TTO",
    "Sex": "M",
    "Title": "",
    "WTit": "",
    "OTit": "",
    "FOA": "1496",
    "Rating": "AUG25",
    "Gms": "0",
    "K": "40",
    "B-day": "2011",
    "Flag": ""
  },
  {
    "ID Number": "7705700",
    "Name": "Balliram, Luke",
    "Fed": "TTO",
    "Sex": "M",
    "Title": "",
    "WTit": "",
    "OTit": "",
    "FOA": "1633",
    "Rating": "AUG25",
    "Gms": "0",
    "K": "40",
    "B-day": "2008",
    "Flag": "i"
  },
  {
    "ID Number": "7705697",
    "Name": "Balliram, Taydan",
    "Fed": "TTO",
    "Sex": "M",
    "Title": "",
    "WTit": "",
    "OTit": "",
    "FOA": "ACM",
    "Rating": "AUG25",
    "Gms": "1536",
    "K": "0",
    "B-day": "2010",
    "Flag": "i"
  },
  {
    "ID Number": "7705689",
    "Name": "Balliram, Tristan",
    "Fed": "TTO",
    "Sex": "M",
    "Title": "",
    "WTit": "",
    "OTit": "",
    "FOA": "ACM",
    "Rating": "AUG25",
    "Gms": "1517",
    "K": "0",
    "B-day": "2010",
    "Flag": "i"
  },
  {
    "ID Number": "7707177",
    "Name": "Balroop, Rishi",
    "Fed": "TTO",
    "Sex": "M",
    "Title": "",
    "WTit": "",
    "OTit": "",
    "FOA": "1564",
    "Rating": "AUG25",
    "Gms": "0",
    "K": "20",
    "B-day": "2004",
    "Flag": "i"
  },
  {
    "ID Number": "7708181",
    "Name": "Baptiste, Vade",
    "Fed": "TTO",
    "Sex": "M",
    "Title": "",
    "WTit": "",
    "OTit": "",
    "FOA": "1483",
    "Rating": "AUG25",
    "Gms": "0",
    "K": "40",
    "B-day": "2008",
    "Flag": ""
  },
  {
    "ID Number": "7700911",
    "Name": "Bartholomew, Kena",
    "Fed": "TTO",
    "Sex": "M",
    "Title": "",
    "WTit": "",
    "OTit": "",
    "FOA": "1814",
    "Rating": "AUG25",
    "Gms": "7",
    "K": "20",
    "B-day": "1985",
    "Flag": ""
  },
  {
    "ID Number": "7710682",
    "Name": "Bassant, Zac",
    "Fed": "TTO",
    "Sex": "M",
    "Title": "",
    "WTit": "",
    "OTit": "",
    "FOA": "1453",
    "Rating": "AUG25",
    "Gms": "0",
    "K": "40",
    "B-day": "2010",
    "Flag": "i"
  },
  {
    "ID Number": "7709790",
    "Name": "Beharry, Anai",
    "Fed": "TTO",
    "Sex": "M",
    "Title": "",
    "WTit": "",
    "OTit": "",
    "FOA": "1555",
    "Rating": "AUG25",
    "Gms": "0",
    "K": "40",
    "B-day": "2009",
    "Flag": "i"
  },
  {
    "ID Number": "7705336",
    "Name": "Belgrave, Paschal",
    "Fed": "TTO",
    "Sex": "M",
    "Title": "",
    "WTit": "",
    "OTit": "",
    "FOA": "1669",
    "Rating": "AUG25",
    "Gms": "0",
    "K": "20",
    "B-day": "1976",
    "Flag": "i"
  },
  {
    "ID Number": "7714912",
    "Name": "Bernard, Omari",
    "Fed": "TTO",
    "Sex": "M",
    "Title": "",
    "WTit": "",
    "OTit": "",
    "FOA": "1472",
    "Rating": "AUG25",
    "Gms": "0",
    "K": "40",
    "B-day": "2010",
    "Flag": ""
  },
  {
    "ID Number": "7705832",
    "Name": "Bharath, Sameer",
    "Fed": "TTO",
    "Sex": "M",
    "Title": "",
    "WTit": "",
    "OTit": "",
    "FOA": "1556",
    "Rating": "AUG25",
    "Gms": "0",
    "K": "40",
    "B-day": "2007",
    "Flag": ""
  },
  {
    "ID Number": "7703295",
    "Name": "Boodoo, Zidane",
    "Fed": "TTO",
    "Sex": "M",
    "Title": "",
    "WTit": "",
    "OTit": "",
    "FOA": "1483",
    "Rating": "AUG25",
    "Gms": "0",
    "K": "20",
    "B-day": "2004",
    "Flag": "i"
  },
  {
    "ID Number": "7700237",
    "Name": "Bowles, Andrew",
    "Fed": "TTO",
    "Sex": "M",
    "Title": "CM",
    "WTit": "",
    "OTit": "",
    "FOA": "1788",
    "Rating": "AUG25",
    "Gms": "0",
    "K": "20",
    "B-day": "1953",
    "Flag": ""
  },
  {
    "ID Number": "7713436",
    "Name": "Bramble, Dereon",
    "Fed": "TTO",
    "Sex": "M",
    "Title": "",
    "WTit": "",
    "OTit": "",
    "FOA": "1547",
    "Rating": "AUG25",
    "Gms": "0",
    "K": "40",
    "B-day": "2011",
    "Flag": ""
  },
  {
    "ID Number": "7714955",
    "Name": "Bridglal, Avin",
    "Fed": "TTO",
    "Sex": "M",
    "Title": "",
    "WTit": "",
    "OTit": "",
    "FOA": "1543",
    "Rating": "AUG25",
    "Gms": "0",
    "K": "40",
    "B-day": "2010",
    "Flag": ""
  },
  {
    "ID Number": "7700440",
    "Name": "Cabralis, Quinn",
    "Fed": "TTO",
    "Sex": "M",
    "Title": "FM",
    "WTit": "NA",
    "OTit": "",
    "FOA": "2086",
    "Rating": "AUG25",
    "Gms": "0",
    "K": "20",
    "B-day": "1995",
    "Flag": "i"
  },
  {
    "ID Number": "7714971",
    "Name": "Campo, Caleb",
    "Fed": "TTO",
    "Sex": "M",
    "Title": "",
    "WTit": "",
    "OTit": "",
    "FOA": "1608",
    "Rating": "AUG25",
    "Gms": "6",
    "K": "40",
    "B-day": "2013",
    "Flag": ""
  },
  {
    "ID Number": "7711999",
    "Name": "Chablal, Nicholas",
    "Fed": "TTO",
    "Sex": "M",
    "Title": "",
    "WTit": "",
    "OTit": "",
    "FOA": "1578",
    "Rating": "AUG25",
    "Gms": "0",
    "K": "40",
    "B-day": "2008",
    "Flag": "i"
  },
  {
    "ID Number": "7708890",
    "Name": "Chai-Hong, Alex",
    "Fed": "TTO",
    "Sex": "M",
    "Title": "",
    "WTit": "",
    "OTit": "",
    "FOA": "1550",
    "Rating": "AUG25",
    "Gms": "0",
    "K": "40",
    "B-day": "2005",
    "Flag": "i"
  },
  {
    "ID Number": "7705026",
    "Name": "Chaitram, Aaron",
    "Fed": "TTO",
    "Sex": "M",
    "Title": "",
    "WTit": "",
    "OTit": "",
    "FOA": "1447",
    "Rating": "AUG25",
    "Gms": "0",
    "K": "40",
    "B-day": "2007",
    "Flag": ""
  },
  {
    "ID Number": "7705018",
    "Name": "Chaitram, Aiden",
    "Fed": "TTO",
    "Sex": "M",
    "Title": "",
    "WTit": "",
    "OTit": "",
    "FOA": "1456",
    "Rating": "AUG25",
    "Gms": "0",
    "K": "40",
    "B-day": "2010",
    "Flag": "i"
  },
  {
    "ID Number": "7717156",
    "Name": "Chase, Kaydon",
    "Fed": "TTO",
    "Sex": "M",
    "Title": "",
    "WTit": "",
    "OTit": "",
    "FOA": "1546",
    "Rating": "AUG25",
    "Gms": "6",
    "K": "40",
    "B-day": "2012",
    "Flag": ""
  },
  {
    "ID Number": "7712561",
    "Name": "Choi, Jinhyeok",
    "Fed": "TTO",
    "Sex": "M",
    "Title": "",
    "WTit": "",
    "OTit": "",
    "FOA": "1500",
    "Rating": "AUG25",
    "Gms": "0",
    "K": "40",
    "B-day": "2007",
    "Flag": ""
  },
  {
    "ID Number": "7714599",
    "Name": "Christian, David",
    "Fed": "TTO",
    "Sex": "M",
    "Title": "",
    "WTit": "",
    "OTit": "",
    "FOA": "1680",
    "Rating": "AUG25",
    "Gms": "0",
    "K": "40",
    "B-day": "2008",
    "Flag": "i"
  },
  {
    "ID Number": "11100265",
    "Name": "Christopher, David",
    "Fed": "TTO",
    "Sex": "M",
    "Title": "",
    "WTit": "",
    "OTit": "",
    "FOA": "2079",
    "Rating": "AUG25",
    "Gms": "0",
    "K": "20",
    "B-day": "0",
    "Flag": "i"
  },
  {
    "ID Number": "7700989",
    "Name": "Cobham, Marcus",
    "Fed": "TTO",
    "Sex": "M",
    "Title": "CM",
    "WTit": "",
    "OTit": "",
    "FOA": "2032",
    "Rating": "AUG25",
    "Gms": "0",
    "K": "20",
    "B-day": "1979",
    "Flag": "i"
  },
  {
    "ID Number": "7703686",
    "Name": "Cudjoe, Shawn",
    "Fed": "TTO",
    "Sex": "M",
    "Title": "",
    "WTit": "",
    "OTit": "",
    "FOA": "1919",
    "Rating": "AUG25",
    "Gms": "0",
    "K": "20",
    "B-day": "1969",
    "Flag": "i"
  },
  {
    "ID Number": "7700512",
    "Name": "Cupid, Kevin",
    "Fed": "TTO",
    "Sex": "M",
    "Title": "FM",
    "WTit": "",
    "OTit": "",
    "FOA": "2137",
    "Rating": "AUG25",
    "Gms": "0",
    "K": "20",
    "B-day": "1991",
    "Flag": ""
  },
  {
    "ID Number": "7715030",
    "Name": "Daniell, Levi",
    "Fed": "TTO",
    "Sex": "M",
    "Title": "",
    "WTit": "",
    "OTit": "",
    "FOA": "1444",
    "Rating": "AUG25",
    "Gms": "4",
    "K": "40",
    "B-day": "2012",
    "Flag": ""
  },
  {
    "ID Number": "7701250",
    "Name": "Davis, Daryl",
    "Fed": "TTO",
    "Sex": "M",
    "Title": "CM",
    "WTit": "NA",
    "OTit": "",
    "FOA": "1894",
    "Rating": "AUG25",
    "Gms": "0",
    "K": "20",
    "B-day": "1972",
    "Flag": "i"
  },
  {
    "ID Number": "7701454",
    "Name": "Dennis, Brent",
    "Fed": "TTO",
    "Sex": "M",
    "Title": "",
    "WTit": "",
    "OTit": "",
    "FOA": "1658",
    "Rating": "AUG25",
    "Gms": "0",
    "K": "20",
    "B-day": "1975",
    "Flag": "i"
  },
  {
    "ID Number": "7710402",
    "Name": "Dolly, Nicholas",
    "Fed": "TTO",
    "Sex": "M",
    "Title": "",
    "WTit": "",
    "OTit": "",
    "FOA": "1433",
    "Rating": "AUG25",
    "Gms": "0",
    "K": "40",
    "B-day": "2013",
    "Flag": "i"
  },
  {
    "ID Number": "7709986",
    "Name": "Dolly, Samantha",
    "Fed": "TTO",
    "Sex": "F",
    "Title": "",
    "WTit": "",
    "OTit": "",
    "FOA": "1534",
    "Rating": "AUG25",
    "Gms": "0",
    "K": "40",
    "B-day": "2010",
    "Flag": "w"
  },
  {
    "ID Number": "7712642",
    "Name": "Dookran, Rhys",
    "Fed": "TTO",
    "Sex": "M",
    "Title": "",
    "WTit": "",
    "OTit": "",
    "FOA": "1438",
    "Rating": "AUG25",
    "Gms": "0",
    "K": "40",
    "B-day": "2006",
    "Flag": ""
  },
  {
    "ID Number": "7708246",
    "Name": "Dottin, Andrew",
    "Fed": "TTO",
    "Sex": "M",
    "Title": "",
    "WTit": "",
    "OTit": "",
    "FOA": "1460",
    "Rating": "AUG25",
    "Gms": "0",
    "K": "40",
    "B-day": "2015",
    "Flag": ""
  },
  {
    "ID Number": "7709633",
    "Name": "Douglas, Zacharee",
    "Fed": "TTO",
    "Sex": "M",
    "Title": "",
    "WTit": "",
    "OTit": "",
    "FOA": "1600",
    "Rating": "AUG25",
    "Gms": "7",
    "K": "40",
    "B-day": "2008",
    "Flag": ""
  },
  {
    "ID Number": "7701462",
    "Name": "Drayton, Doff",
    "Fed": "TTO",
    "Sex": "M",
    "Title": "",
    "WTit": "",
    "OTit": "",
    "FOA": "ACM",
    "Rating": "AUG25",
    "Gms": "1674",
    "K": "6",
    "B-day": "1955",
    "Flag": ""
  },
  {
    "ID Number": "7709706",
    "Name": "Duffrin, Adelia",
    "Fed": "TTO",
    "Sex": "F",
    "Title": "",
    "WTit": "",
    "OTit": "",
    "FOA": "1485",
    "Rating": "AUG25",
    "Gms": "0",
    "K": "40",
    "B-day": "2007",
    "Flag": "w"
  },
  {
    "ID Number": "7700180",
    "Name": "Duncan, Leonard",
    "Fed": "TTO",
    "Sex": "M",
    "Title": "CM",
    "WTit": "",
    "OTit": "",
    "FOA": "1805",
    "Rating": "AUG25",
    "Gms": "6",
    "K": "20",
    "B-day": "1954",
    "Flag": ""
  },
  {
    "ID Number": "7715722",
    "Name": "Flanagan, Gary",
    "Fed": "TTO",
    "Sex": "M",
    "Title": "",
    "WTit": "",
    "OTit": "",
    "FOA": "1641",
    "Rating": "AUG25",
    "Gms": "3",
    "K": "40",
    "B-day": "2009",
    "Flag": ""
  },
  {
    "ID Number": "7701470",
    "Name": "Flower, Trevor",
    "Fed": "TTO",
    "Sex": "M",
    "Title": "",
    "WTit": "",
    "OTit": "",
    "FOA": "1848",
    "Rating": "AUG25",
    "Gms": "0",
    "K": "20",
    "B-day": "1958",
    "Flag": "i"
  },
  {
    "ID Number": "7700652",
    "Name": "Fortune, David",
    "Fed": "TTO",
    "Sex": "M",
    "Title": "",
    "WTit": "",
    "OTit": "",
    "FOA": "1891",
    "Rating": "AUG25",
    "Gms": "0",
    "K": "20",
    "B-day": "1949",
    "Flag": "i"
  },
  {
    "ID Number": "7706839",
    "Name": "Francis-Ramai, Mathias",
    "Fed": "TTO",
    "Sex": "M",
    "Title": "",
    "WTit": "",
    "OTit": "",
    "FOA": "1537",
    "Rating": "AUG25",
    "Gms": "0",
    "K": "40",
    "B-day": "2005",
    "Flag": "i"
  },
  {
    "ID Number": "7702507",
    "Name": "Francois, Miguel",
    "Fed": "TTO",
    "Sex": "M",
    "Title": "",
    "WTit": "",
    "OTit": "",
    "FOA": "1837",
    "Rating": "AUG25",
    "Gms": "0",
    "K": "20",
    "B-day": "1976",
    "Flag": "i"
  },
  {
    "ID Number": "7711921",
    "Name": "Frederick, Jon",
    "Fed": "TTO",
    "Sex": "M",
    "Title": "",
    "WTit": "",
    "OTit": "",
    "FOA": "1488",
    "Rating": "AUG25",
    "Gms": "0",
    "K": "40",
    "B-day": "2008",
    "Flag": "i"
  },
  {
    "ID Number": "7713266",
    "Name": "Gangaram, Navin",
    "Fed": "TTO",
    "Sex": "M",
    "Title": "",
    "WTit": "",
    "OTit": "",
    "FOA": "1631",
    "Rating": "AUG25",
    "Gms": "0",
    "K": "40",
    "B-day": "2011",
    "Flag": ""
  },
  {
    "ID Number": "7700040",
    "Name": "Geofroy, Marilyn",
    "Fed": "TTO",
    "Sex": "F",
    "Title": "WCM",
    "WTit": "WCM",
    "OTit": "",
    "FOA": "1940",
    "Rating": "AUG25",
    "Gms": "0",
    "K": "40",
    "B-day": "1956",
    "Flag": "wi"
  },
  {
    "ID Number": "7707983",
    "Name": "George, Spencer",
    "Fed": "TTO",
    "Sex": "M",
    "Title": "",
    "WTit": "",
    "OTit": "",
    "FOA": "1540",
    "Rating": "AUG25",
    "Gms": "3",
    "K": "40",
    "B-day": "2013",
    "Flag": ""
  },
  {
    "ID Number": "2014203",
    "Name": "Gill, Joseph",
    "Fed": "TTO",
    "Sex": "M",
    "Title": "CM",
    "WTit": "",
    "OTit": "",
    "FOA": "1924",
    "Rating": "AUG25",
    "Gms": "0",
    "K": "20",
    "B-day": "1992",
    "Flag": "i"
  },
  {
    "ID Number": "7712383",
    "Name": "Gill, Tyrese",
    "Fed": "TTO",
    "Sex": "M",
    "Title": "",
    "WTit": "",
    "OTit": "",
    "FOA": "1707",
    "Rating": "AUG25",
    "Gms": "0",
    "K": "40",
    "B-day": "2006",
    "Flag": ""
  },
  {
    "ID Number": "7706111",
    "Name": "Gillette, Luke",
    "Fed": "TTO",
    "Sex": "M",
    "Title": "",
    "WTit": "",
    "OTit": "",
    "FOA": "1638",
    "Rating": "AUG25",
    "Gms": "0",
    "K": "40",
    "B-day": "2010",
    "Flag": ""
  },
  {
    "ID Number": "7712677",
    "Name": "Gopaul, Aditya",
    "Fed": "TTO",
    "Sex": "M",
    "Title": "",
    "WTit": "",
    "OTit": "",
    "FOA": "1459",
    "Rating": "AUG25",
    "Gms": "0",
    "K": "40",
    "B-day": "2008",
    "Flag": ""
  },
  {
    "ID Number": "7701705",
    "Name": "Gordon, Anderson",
    "Fed": "TTO",
    "Sex": "M",
    "Title": "",
    "WTit": "",
    "OTit": "",
    "FOA": "2022",
    "Rating": "AUG25",
    "Gms": "0",
    "K": "20",
    "B-day": "1974",
    "Flag": "i"
  },
  {
    "ID Number": "7708980",
    "Name": "Grannum, Jonathan",
    "Fed": "TTO",
    "Sex": "M",
    "Title": "",
    "WTit": "",
    "OTit": "",
    "FOA": "1589",
    "Rating": "AUG25",
    "Gms": "0",
    "K": "40",
    "B-day": "2005",
    "Flag": "i"
  },
  {
    "ID Number": "7701497",
    "Name": "Grant, Ian",
    "Fed": "TTO",
    "Sex": "M",
    "Title": "",
    "WTit": "",
    "OTit": "",
    "FOA": "1852",
    "Rating": "AUG25",
    "Gms": "0",
    "K": "20",
    "B-day": "1973",
    "Flag": "i"
  },
  {
    "ID Number": "7709846",
    "Name": "Harford, Adam",
    "Fed": "TTO",
    "Sex": "M",
    "Title": "",
    "WTit": "",
    "OTit": "",
    "FOA": "1558",
    "Rating": "AUG25",
    "Gms": "0",
    "K": "40",
    "B-day": "2010",
    "Flag": "i"
  },
  {
    "ID Number": "7700156",
    "Name": "Harper, Ryan",
    "Fed": "TTO",
    "Sex": "M",
    "Title": "FM",
    "WTit": "NA",
    "OTit": "",
    "FOA": "2158",
    "Rating": "AUG25",
    "Gms": "6",
    "K": "20",
    "B-day": "1977",
    "Flag": ""
  },
  {
    "ID Number": "7710003",
    "Name": "Harry, Caleb",
    "Fed": "TTO",
    "Sex": "M",
    "Title": "",
    "WTit": "",
    "OTit": "",
    "FOA": "1557",
    "Rating": "AUG25",
    "Gms": "0",
    "K": "40",
    "B-day": "2015",
    "Flag": "i"
  },
  {
    "ID Number": "7712685",
    "Name": "Harrypersad, Aaron",
    "Fed": "TTO",
    "Sex": "M",
    "Title": "",
    "WTit": "",
    "OTit": "",
    "FOA": "1445",
    "Rating": "AUG25",
    "Gms": "0",
    "K": "40",
    "B-day": "2006",
    "Flag": ""
  },
  {
    "ID Number": "7708130",
    "Name": "Haynes, Trevor Anthony",
    "Fed": "TTO",
    "Sex": "M",
    "Title": "",
    "WTit": "",
    "OTit": "",
    "FOA": "1519",
    "Rating": "AUG25",
    "Gms": "0",
    "K": "20",
    "B-day": "1956",
    "Flag": "i"
  },
  {
    "ID Number": "7700660",
    "Name": "Heerah, Rohan",
    "Fed": "TTO",
    "Sex": "M",
    "Title": "",
    "WTit": "",
    "OTit": "",
    "FOA": "1933",
    "Rating": "AUG25",
    "Gms": "0",
    "K": "20",
    "B-day": "1964",
    "Flag": "i"
  },
  {
    "ID Number": "3912167",
    "Name": "Hermoso Rodriguez, Ysvett",
    "Fed": "TTO",
    "Sex": "F",
    "Title": "WFM",
    "WTit": "WFM",
    "OTit": "",
    "FOA": "1960",
    "Rating": "AUG25",
    "Gms": "0",
    "K": "20",
    "B-day": "1991",
    "Flag": "w"
  },
  {
    "ID Number": "7707258",
    "Name": "Hosein, Rayshard",
    "Fed": "TTO",
    "Sex": "M",
    "Title": "",
    "WTit": "",
    "OTit": "",
    "FOA": "1543",
    "Rating": "AUG25",
    "Gms": "0",
    "K": "40",
    "B-day": "2005",
    "Flag": "i"
  },
  {
    "ID Number": "7713878",
    "Name": "Hosein, Yuri",
    "Fed": "TTO",
    "Sex": "M",
    "Title": "",
    "WTit": "",
    "OTit": "",
    "FOA": "1533",
    "Rating": "AUG25",
    "Gms": "0",
    "K": "40",
    "B-day": "2014",
    "Flag": ""
  },
  {
    "ID Number": "7714815",
    "Name": "Howe, Daniel",
    "Fed": "TTO",
    "Sex": "M",
    "Title": "",
    "WTit": "",
    "OTit": "",
    "FOA": "1544",
    "Rating": "AUG25",
    "Gms": "7",
    "K": "40",
    "B-day": "1998",
    "Flag": ""
  },
  {
    "ID Number": "7709439",
    "Name": "Humphrey, Ty",
    "Fed": "TTO",
    "Sex": "M",
    "Title": "",
    "WTit": "",
    "OTit": "",
    "FOA": "ACM",
    "Rating": "AUG25",
    "Gms": "1670",
    "K": "0",
    "B-day": "2016",
    "Flag": ""
  },
  {
    "ID Number": "7703210",
    "Name": "Hunte, Keelan",
    "Fed": "TTO",
    "Sex": "M",
    "Title": "",
    "WTit": "NI",
    "OTit": "",
    "FOA": "1779",
    "Rating": "AUG25",
    "Gms": "0",
    "K": "20",
    "B-day": "1986",
    "Flag": "i"
  },
  {
    "ID Number": "7707517",
    "Name": "Ince, Daniel",
    "Fed": "TTO",
    "Sex": "M",
    "Title": "",
    "WTit": "",
    "OTit": "",
    "FOA": "1455",
    "Rating": "AUG25",
    "Gms": "0",
    "K": "40",
    "B-day": "2010",
    "Flag": ""
  },
  {
    "ID Number": "7703112",
    "Name": "Inkim, Matthew",
    "Fed": "TTO",
    "Sex": "M",
    "Title": "",
    "WTit": "",
    "OTit": "",
    "FOA": "1677",
    "Rating": "AUG25",
    "Gms": "0",
    "K": "20",
    "B-day": "2003",
    "Flag": "i"
  },
  {
    "ID Number": "7706782",
    "Name": "James, Ethan",
    "Fed": "TTO",
    "Sex": "M",
    "Title": "",
    "WTit": "",
    "OTit": "",
    "FOA": "1468",
    "Rating": "AUG25",
    "Gms": "0",
    "K": "40",
    "B-day": "2008",
    "Flag": "i"
  },
  {
    "ID Number": "7701373",
    "Name": "James, Keevin",
    "Fed": "TTO",
    "Sex": "M",
    "Title": "",
    "WTit": "",
    "OTit": "",
    "FOA": "1958",
    "Rating": "AUG25",
    "Gms": "0",
    "K": "20",
    "B-day": "1981",
    "Flag": "i"
  },
  {
    "ID Number": "7708726",
    "Name": "James, Levi",
    "Fed": "TTO",
    "Sex": "M",
    "Title": "",
    "WTit": "",
    "OTit": "",
    "FOA": "1724",
    "Rating": "AUG25",
    "Gms": "0",
    "K": "40",
    "B-day": "2011",
    "Flag": ""
  },
  {
    "ID Number": "7702060",
    "Name": "James, Shemilah",
    "Fed": "TTO",
    "Sex": "F",
    "Title": "WCM",
    "WTit": "WCM",
    "OTit": "",
    "FOA": "1719",
    "Rating": "AUG25",
    "Gms": "0",
    "K": "20",
    "B-day": "2003",
    "Flag": "wi"
  },
  {
    "ID Number": "7711026",
    "Name": "Jamunar, Shiveer",
    "Fed": "TTO",
    "Sex": "M",
    "Title": "",
    "WTit": "",
    "OTit": "",
    "FOA": "1428",
    "Rating": "AUG25",
    "Gms": "0",
    "K": "40",
    "B-day": "2011",
    "Flag": ""
  },
  {
    "ID Number": "7715730",
    "Name": "Job, Sydney",
    "Fed": "TTO",
    "Sex": "M",
    "Title": "",
    "WTit": "",
    "OTit": "",
    "FOA": "1563",
    "Rating": "AUG25",
    "Gms": "0",
    "K": "40",
    "B-day": "1973",
    "Flag": ""
  },
  {
    "ID Number": "7711611",
    "Name": "Jogie, Ari",
    "Fed": "TTO",
    "Sex": "M",
    "Title": "",
    "WTit": "",
    "OTit": "",
    "FOA": "1421",
    "Rating": "AUG25",
    "Gms": "0",
    "K": "40",
    "B-day": "2010",
    "Flag": ""
  },
  {
    "ID Number": "7714483",
    "Name": "John, Casimir",
    "Fed": "TTO",
    "Sex": "M",
    "Title": "",
    "WTit": "",
    "OTit": "",
    "FOA": "1594",
    "Rating": "AUG25",
    "Gms": "0",
    "K": "40",
    "B-day": "2011",
    "Flag": ""
  },
  {
    "ID Number": "7710259",
    "Name": "John, Kai",
    "Fed": "TTO",
    "Sex": "M",
    "Title": "",
    "WTit": "",
    "OTit": "",
    "FOA": "1570",
    "Rating": "AUG25",
    "Gms": "0",
    "K": "40",
    "B-day": "2010",
    "Flag": ""
  },
  {
    "ID Number": "7714491",
    "Name": "John, Robin",
    "Fed": "TTO",
    "Sex": "M",
    "Title": "",
    "WTit": "",
    "OTit": "",
    "FOA": "1698",
    "Rating": "AUG25",
    "Gms": "0",
    "K": "40",
    "B-day": "1974",
    "Flag": "i"
  },
  {
    "ID Number": "7708025",
    "Name": "Johnson, Adaya",
    "Fed": "TTO",
    "Sex": "F",
    "Title": "",
    "WTit": "",
    "OTit": "",
    "FOA": "1466",
    "Rating": "AUG25",
    "Gms": "2",
    "K": "40",
    "B-day": "2011",
    "Flag": "w"
  },
  {
    "ID Number": "7703317",
    "Name": "Johnson, Chaya",
    "Fed": "TTO",
    "Sex": "F",
    "Title": "",
    "WTit": "",
    "OTit": "",
    "FOA": "1480",
    "Rating": "AUG25",
    "Gms": "0",
    "K": "40",
    "B-day": "2005",
    "Flag": "wi"
  },
  {
    "ID Number": "7701128",
    "Name": "Johnson, Gabriella",
    "Fed": "TTO",
    "Sex": "F",
    "Title": "WIM",
    "WTit": "WIM",
    "OTit": "LSI",
    "FOA": "1828",
    "Rating": "AUG25",
    "Gms": "0",
    "K": "20",
    "B-day": "2000",
    "Flag": "wi"
  },
  {
    "ID Number": "7700768",
    "Name": "Johnson, Joshua",
    "Fed": "TTO",
    "Sex": "M",
    "Title": "FM",
    "WTit": "FI,NA",
    "OTit": "",
    "FOA": "2305",
    "Rating": "AUG25",
    "Gms": "0",
    "K": "20",
    "B-day": "1999",
    "Flag": ""
  },
  {
    "ID Number": "7703511",
    "Name": "Jones, Akeisha",
    "Fed": "TTO",
    "Sex": "F",
    "Title": "",
    "WTit": "",
    "OTit": "",
    "FOA": "1647",
    "Rating": "AUG25",
    "Gms": "0",
    "K": "20",
    "B-day": "2001",
    "Flag": "wi"
  },
  {
    "ID Number": "7700075",
    "Name": "Jones, David",
    "Fed": "TTO",
    "Sex": "M",
    "Title": "",
    "WTit": "",
    "OTit": "",
    "FOA": "1952",
    "Rating": "AUG25",
    "Gms": "0",
    "K": "20",
    "B-day": "1974",
    "Flag": ""
  },
  {
    "ID Number": "7710135",
    "Name": "Jones, Marcus",
    "Fed": "TTO",
    "Sex": "M",
    "Title": "",
    "WTit": "",
    "OTit": "",
    "FOA": "1412",
    "Rating": "AUG25",
    "Gms": "0",
    "K": "40",
    "B-day": "2013",
    "Flag": "i"
  },
  {
    "ID Number": "7711620",
    "Name": "Joseph, Breanna",
    "Fed": "TTO",
    "Sex": "F",
    "Title": "",
    "WTit": "",
    "OTit": "",
    "FOA": "1476",
    "Rating": "AUG25",
    "Gms": "2",
    "K": "40",
    "B-day": "2015",
    "Flag": "w"
  },
  {
    "ID Number": "7700393",
    "Name": "Joseph, Marcus",
    "Fed": "TTO",
    "Sex": "M",
    "Title": "FM",
    "WTit": "",
    "OTit": "",
    "FOA": "2171",
    "Rating": "AUG25",
    "Gms": "0",
    "K": "20",
    "B-day": "1987",
    "Flag": ""
  },
  {
    "ID Number": "7706022",
    "Name": "Joseph, Sanjiv",
    "Fed": "TTO",
    "Sex": "M",
    "Title": "",
    "WTit": "",
    "OTit": "",
    "FOA": "1518",
    "Rating": "AUG25",
    "Gms": "0",
    "K": "40",
    "B-day": "2008",
    "Flag": "i"
  },
  {
    "ID Number": "7707525",
    "Name": "Joseph, Zaa`van",
    "Fed": "TTO",
    "Sex": "M",
    "Title": "",
    "WTit": "",
    "OTit": "",
    "FOA": "1491",
    "Rating": "AUG25",
    "Gms": "5",
    "K": "40",
    "B-day": "2011",
    "Flag": "i"
  },
  {
    "ID Number": "7708238",
    "Name": "Katteck, Zaria",
    "Fed": "TTO",
    "Sex": "F",
    "Title": "",
    "WTit": "",
    "OTit": "",
    "FOA": "1422",
    "Rating": "AUG25",
    "Gms": "5",
    "K": "40",
    "B-day": "2014",
    "Flag": "w"
  },
  {
    "ID Number": "7704844",
    "Name": "Khafra, Enen-Sa-Tefa Ab",
    "Fed": "TTO",
    "Sex": "M",
    "Title": "",
    "WTit": "NA",
    "OTit": "",
    "FOA": "1818",
    "Rating": "AUG25",
    "Gms": "0",
    "K": "20",
    "B-day": "1998",
    "Flag": ""
  },
  {
    "ID Number": "7712758",
    "Name": "Khan, Brendon",
    "Fed": "TTO",
    "Sex": "M",
    "Title": "",
    "WTit": "",
    "OTit": "",
    "FOA": "1697",
    "Rating": "AUG25",
    "Gms": "0",
    "K": "40",
    "B-day": "2009",
    "Flag": ""
  },
  {
    "ID Number": "7710410",
    "Name": "Khan, Elizabeth",
    "Fed": "TTO",
    "Sex": "F",
    "Title": "",
    "WTit": "",
    "OTit": "",
    "FOA": "1474",
    "Rating": "AUG25",
    "Gms": "2",
    "K": "40",
    "B-day": "2012",
    "Flag": "w"
  },
  {
    "ID Number": "7711069",
    "Name": "Khan, Zidan",
    "Fed": "TTO",
    "Sex": "M",
    "Title": "",
    "WTit": "",
    "OTit": "",
    "FOA": "1416",
    "Rating": "AUG25",
    "Gms": "3",
    "K": "40",
    "B-day": "2013",
    "Flag": ""
  },
  {
    "ID Number": "7710267",
    "Name": "King, Cameron",
    "Fed": "TTO",
    "Sex": "M",
    "Title": "",
    "WTit": "",
    "OTit": "",
    "FOA": "1497",
    "Rating": "AUG25",
    "Gms": "0",
    "K": "40",
    "B-day": "2008",
    "Flag": "i"
  },
  {
    "ID Number": "7700695",
    "Name": "Knight, Colin",
    "Fed": "TTO",
    "Sex": "M",
    "Title": "",
    "WTit": "",
    "OTit": "",
    "FOA": "1900",
    "Rating": "AUG25",
    "Gms": "0",
    "K": "20",
    "B-day": "1964",
    "Flag": "i"
  },
  {
    "ID Number": "7711085",
    "Name": "Koo, Benjamin",
    "Fed": "TTO",
    "Sex": "M",
    "Title": "",
    "WTit": "",
    "OTit": "",
    "FOA": "1468",
    "Rating": "AUG25",
    "Gms": "0",
    "K": "40",
    "B-day": "2011",
    "Flag": ""
  },
  {
    "ID Number": "7714645",
    "Name": "Koon Koon, Aaron",
    "Fed": "TTO",
    "Sex": "M",
    "Title": "",
    "WTit": "",
    "OTit": "",
    "FOA": "1563",
    "Rating": "AUG25",
    "Gms": "0",
    "K": "40",
    "B-day": "1995",
    "Flag": "i"
  },
  {
    "ID Number": "7708300",
    "Name": "Kumar, Alexandra",
    "Fed": "TTO",
    "Sex": "F",
    "Title": "",
    "WTit": "",
    "OTit": "",
    "FOA": "ACM",
    "Rating": "AUG25",
    "Gms": "1658",
    "K": "0",
    "B-day": "2012",
    "Flag": "w"
  },
  {
    "ID Number": "7705417",
    "Name": "La Fleur, Juninho",
    "Fed": "TTO",
    "Sex": "M",
    "Title": "",
    "WTit": "",
    "OTit": "",
    "FOA": "1675",
    "Rating": "AUG25",
    "Gms": "0",
    "K": "40",
    "B-day": "2007",
    "Flag": "i"
  },
  {
    "ID Number": "7703848",
    "Name": "La Fleur, Zara",
    "Fed": "TTO",
    "Sex": "F",
    "Title": "WCM",
    "WTit": "WCM",
    "OTit": "SI",
    "FOA": "1794",
    "Rating": "AUG25",
    "Gms": "0",
    "K": "20",
    "B-day": "2006",
    "Flag": "w"
  },
  {
    "ID Number": "7704780",
    "Name": "Lackhai, Tristan",
    "Fed": "TTO",
    "Sex": "M",
    "Title": "",
    "WTit": "",
    "OTit": "",
    "FOA": "1560",
    "Rating": "AUG25",
    "Gms": "0",
    "K": "40",
    "B-day": "2006",
    "Flag": "i"
  },
  {
    "ID Number": "7709927",
    "Name": "Laing, Adam",
    "Fed": "TTO",
    "Sex": "M",
    "Title": "",
    "WTit": "",
    "OTit": "",
    "FOA": "1420",
    "Rating": "AUG25",
    "Gms": "3",
    "K": "40",
    "B-day": "2012",
    "Flag": ""
  },
  {
    "ID Number": "7707851",
    "Name": "Laing, Raquel",
    "Fed": "TTO",
    "Sex": "F",
    "Title": "",
    "WTit": "",
    "OTit": "",
    "FOA": "1514",
    "Rating": "AUG25",
    "Gms": "0",
    "K": "40",
    "B-day": "2010",
    "Flag": "w"
  },
  {
    "ID Number": "7708351",
    "Name": "Lalla, Eli",
    "Fed": "TTO",
    "Sex": "M",
    "Title": "",
    "WTit": "",
    "OTit": "",
    "FOA": "1422",
    "Rating": "AUG25",
    "Gms": "11",
    "K": "40",
    "B-day": "2013",
    "Flag": ""
  },
  {
    "ID Number": "7709072",
    "Name": "Lalla, Kavel",
    "Fed": "TTO",
    "Sex": "M",
    "Title": "",
    "WTit": "",
    "OTit": "",
    "FOA": "1437",
    "Rating": "AUG25",
    "Gms": "0",
    "K": "40",
    "B-day": "2008",
    "Flag": "i"
  },
  {
    "ID Number": "7715200",
    "Name": "Lalla, Kaveri",
    "Fed": "TTO",
    "Sex": "F",
    "Title": "",
    "WTit": "",
    "OTit": "",
    "FOA": "1516",
    "Rating": "AUG25",
    "Gms": "0",
    "K": "40",
    "B-day": "2010",
    "Flag": "w"
  },
  {
    "ID Number": "7709080",
    "Name": "Latchman, Kailah",
    "Fed": "TTO",
    "Sex": "F",
    "Title": "",
    "WTit": "",
    "OTit": "",
    "FOA": "1470",
    "Rating": "AUG25",
    "Gms": "0",
    "K": "40",
    "B-day": "2006",
    "Flag": "wi"
  },
  {
    "ID Number": "7715218",
    "Name": "Lau, Jacek",
    "Fed": "TTO",
    "Sex": "M",
    "Title": "",
    "WTit": "",
    "OTit": "",
    "FOA": "1503",
    "Rating": "AUG25",
    "Gms": "0",
    "K": "40",
    "B-day": "2012",
    "Flag": ""
  },
  {
    "ID Number": "7708599",
    "Name": "Lee, Brad",
    "Fed": "TTO",
    "Sex": "M",
    "Title": "",
    "WTit": "",
    "OTit": "",
    "FOA": "1597",
    "Rating": "AUG25",
    "Gms": "3",
    "K": "20",
    "B-day": "1988",
    "Flag": ""
  },
  {
    "ID Number": "7700350",
    "Name": "Lee, Hayden",
    "Fed": "TTO",
    "Sex": "M",
    "Title": "",
    "WTit": "",
    "OTit": "",
    "FOA": "1861",
    "Rating": "AUG25",
    "Gms": "0",
    "K": "20",
    "B-day": "1966",
    "Flag": ""
  },
  {
    "ID Number": "7711662",
    "Name": "Lewis, Maliq",
    "Fed": "TTO",
    "Sex": "M",
    "Title": "",
    "WTit": "",
    "OTit": "",
    "FOA": "1435",
    "Rating": "AUG25",
    "Gms": "4",
    "K": "40",
    "B-day": "2011",
    "Flag": ""
  },
  {
    "ID Number": "7715226",
    "Name": "London, Nathan",
    "Fed": "TTO",
    "Sex": "M",
    "Title": "",
    "WTit": "",
    "OTit": "",
    "FOA": "1416",
    "Rating": "AUG25",
    "Gms": "0",
    "K": "40",
    "B-day": "2010",
    "Flag": ""
  },
  {
    "ID Number": "7706898",
    "Name": "Lutawan, Adrian",
    "Fed": "TTO",
    "Sex": "M",
    "Title": "",
    "WTit": "",
    "OTit": "",
    "FOA": "1566",
    "Rating": "AUG25",
    "Gms": "6",
    "K": "40",
    "B-day": "2009",
    "Flag": ""
  },
  {
    "ID Number": "7712820",
    "Name": "Lutchman, Varun",
    "Fed": "TTO",
    "Sex": "M",
    "Title": "",
    "WTit": "",
    "OTit": "",
    "FOA": "1466",
    "Rating": "AUG25",
    "Gms": "0",
    "K": "40",
    "B-day": "2009",
    "Flag": ""
  },
  {
    "ID Number": "7703473",
    "Name": "Lynch, Jennika",
    "Fed": "TTO",
    "Sex": "F",
    "Title": "",
    "WTit": "",
    "OTit": "",
    "FOA": "1639",
    "Rating": "AUG25",
    "Gms": "0",
    "K": "20",
    "B-day": "2002",
    "Flag": "wi"
  },
  {
    "ID Number": "7706367",
    "Name": "Mahadeo, Amir",
    "Fed": "TTO",
    "Sex": "M",
    "Title": "",
    "WTit": "",
    "OTit": "",
    "FOA": "1587",
    "Rating": "AUG25",
    "Gms": "0",
    "K": "40",
    "B-day": "2005",
    "Flag": "i"
  },
  {
    "ID Number": "7709129",
    "Name": "Maharaj, Amrit",
    "Fed": "TTO",
    "Sex": "M",
    "Title": "",
    "WTit": "",
    "OTit": "",
    "FOA": "1444",
    "Rating": "AUG25",
    "Gms": "0",
    "K": "40",
    "B-day": "2008",
    "Flag": ""
  },
  {
    "ID Number": "7712413",
    "Name": "Maharaj, Ejaz",
    "Fed": "TTO",
    "Sex": "M",
    "Title": "",
    "WTit": "",
    "OTit": "",
    "FOA": "1497",
    "Rating": "AUG25",
    "Gms": "4",
    "K": "40",
    "B-day": "2014",
    "Flag": ""
  },
  {
    "ID Number": "7705743",
    "Name": "Maharaj, Keshav",
    "Fed": "TTO",
    "Sex": "M",
    "Title": "",
    "WTit": "",
    "OTit": "",
    "FOA": "1523",
    "Rating": "AUG25",
    "Gms": "0",
    "K": "40",
    "B-day": "2005",
    "Flag": "i"
  },
  {
    "ID Number": "7705573",
    "Name": "Maharaj, Kevin",
    "Fed": "TTO",
    "Sex": "M",
    "Title": "",
    "WTit": "",
    "OTit": "",
    "FOA": "1492",
    "Rating": "AUG25",
    "Gms": "0",
    "K": "40",
    "B-day": "2007",
    "Flag": "i"
  },
  {
    "ID Number": "7705085",
    "Name": "Maharaj, Sanat",
    "Fed": "TTO",
    "Sex": "M",
    "Title": "",
    "WTit": "",
    "OTit": "",
    "FOA": "1455",
    "Rating": "AUG25",
    "Gms": "0",
    "K": "40",
    "B-day": "2006",
    "Flag": ""
  },
  {
    "ID Number": "7701071",
    "Name": "Maharaj, Steve",
    "Fed": "TTO",
    "Sex": "M",
    "Title": "",
    "WTit": "",
    "OTit": "",
    "FOA": "1935",
    "Rating": "AUG25",
    "Gms": "0",
    "K": "20",
    "B-day": "0",
    "Flag": "i"
  },
  {
    "ID Number": "7704879",
    "Name": "Maharaj-Ali, Jaedon",
    "Fed": "TTO",
    "Sex": "M",
    "Title": "",
    "WTit": "",
    "OTit": "",
    "FOA": "1581",
    "Rating": "AUG25",
    "Gms": "0",
    "K": "20",
    "B-day": "2003",
    "Flag": "i"
  },
  {
    "ID Number": "7707819",
    "Name": "Manjoo, Jayden",
    "Fed": "TTO",
    "Sex": "F",
    "Title": "",
    "WTit": "",
    "OTit": "",
    "FOA": "1465",
    "Rating": "AUG25",
    "Gms": "0",
    "K": "40",
    "B-day": "2005",
    "Flag": "w"
  },
  {
    "ID Number": "7707290",
    "Name": "Mano, Syon",
    "Fed": "TTO",
    "Sex": "M",
    "Title": "",
    "WTit": "",
    "OTit": "",
    "FOA": "1510",
    "Rating": "AUG25",
    "Gms": "0",
    "K": "40",
    "B-day": "2007",
    "Flag": "i"
  },
  {
    "ID Number": "7705727",
    "Name": "Manocha, Cayleigh",
    "Fed": "TTO",
    "Sex": "F",
    "Title": "",
    "WTit": "",
    "OTit": "",
    "FOA": "1441",
    "Rating": "AUG25",
    "Gms": "0",
    "K": "40",
    "B-day": "2008",
    "Flag": "wi"
  },
  {
    "ID Number": "7713452",
    "Name": "Manswell, Castillo",
    "Fed": "TTO",
    "Sex": "M",
    "Title": "",
    "WTit": "",
    "OTit": "",
    "FOA": "1529",
    "Rating": "AUG25",
    "Gms": "5",
    "K": "40",
    "B-day": "2010",
    "Flag": ""
  },
  {
    "ID Number": "7709153",
    "Name": "Marcelle, Ariel",
    "Fed": "TTO",
    "Sex": "F",
    "Title": "",
    "WTit": "",
    "OTit": "",
    "FOA": "1547",
    "Rating": "AUG25",
    "Gms": "0",
    "K": "40",
    "B-day": "2006",
    "Flag": "w"
  },
  {
    "ID Number": "7700261",
    "Name": "Marcelle, Joffrey",
    "Fed": "TTO",
    "Sex": "M",
    "Title": "",
    "WTit": "",
    "OTit": "",
    "FOA": "1973",
    "Rating": "AUG25",
    "Gms": "0",
    "K": "20",
    "B-day": "1977",
    "Flag": "i"
  },
  {
    "ID Number": "7712065",
    "Name": "Marshall, Messiah",
    "Fed": "TTO",
    "Sex": "M",
    "Title": "",
    "WTit": "",
    "OTit": "",
    "FOA": "1506",
    "Rating": "AUG25",
    "Gms": "0",
    "K": "40",
    "B-day": "2012",
    "Flag": "i"
  },
  {
    "ID Number": "7702280",
    "Name": "Martin, Athena",
    "Fed": "TTO",
    "Sex": "F",
    "Title": "",
    "WTit": "",
    "OTit": "",
    "FOA": "1473",
    "Rating": "AUG25",
    "Gms": "0",
    "K": "40",
    "B-day": "2005",
    "Flag": "wi"
  },
  {
    "ID Number": "7706804",
    "Name": "Martin, Joshua",
    "Fed": "TTO",
    "Sex": "M",
    "Title": "",
    "WTit": "",
    "OTit": "",
    "FOA": "1591",
    "Rating": "AUG25",
    "Gms": "0",
    "K": "40",
    "B-day": "2007",
    "Flag": "i"
  },
  {
    "ID Number": "7706650",
    "Name": "Martin, Kayla",
    "Fed": "TTO",
    "Sex": "F",
    "Title": "",
    "WTit": "NA",
    "OTit": "",
    "FOA": "1414",
    "Rating": "AUG25",
    "Gms": "0",
    "K": "20",
    "B-day": "2004",
    "Flag": "wi"
  },
  {
    "ID Number": "7702310",
    "Name": "Martin, Mikel",
    "Fed": "TTO",
    "Sex": "M",
    "Title": "",
    "WTit": "",
    "OTit": "",
    "FOA": "1854",
    "Rating": "AUG25",
    "Gms": "0",
    "K": "20",
    "B-day": "2001",
    "Flag": "i"
  },
  {
    "ID Number": "7707991",
    "Name": "Martin, Neyah",
    "Fed": "TTO",
    "Sex": "F",
    "Title": "",
    "WTit": "",
    "OTit": "",
    "FOA": "1580",
    "Rating": "AUG25",
    "Gms": "0",
    "K": "40",
    "B-day": "2013",
    "Flag": "w"
  },
  {
    "ID Number": "7702949",
    "Name": "Mason, Kriston",
    "Fed": "TTO",
    "Sex": "M",
    "Title": "",
    "WTit": "",
    "OTit": "",
    "FOA": "1624",
    "Rating": "AUG25",
    "Gms": "0",
    "K": "20",
    "B-day": "1997",
    "Flag": "i"
  },
  {
    "ID Number": "7703716",
    "Name": "Maynard, David",
    "Fed": "TTO",
    "Sex": "M",
    "Title": "",
    "WTit": "",
    "OTit": "",
    "FOA": "1652",
    "Rating": "AUG25",
    "Gms": "0",
    "K": "20",
    "B-day": "1953",
    "Flag": ""
  },
  {
    "ID Number": "7703791",
    "Name": "Mc Intosh, Isaiah",
    "Fed": "TTO",
    "Sex": "M",
    "Title": "FM",
    "WTit": "",
    "OTit": "",
    "FOA": "2147",
    "Rating": "AUG25",
    "Gms": "0",
    "K": "20",
    "B-day": "2000",
    "Flag": "i"
  },
  {
    "ID Number": "7710330",
    "Name": "Mc Lean, Kurdel",
    "Fed": "TTO",
    "Sex": "M",
    "Title": "",
    "WTit": "",
    "OTit": "",
    "FOA": "1448",
    "Rating": "AUG25",
    "Gms": "5",
    "K": "40",
    "B-day": "2008",
    "Flag": ""
  },
  {
    "ID Number": "7708254",
    "Name": "Mc Letchie, Nicholas",
    "Fed": "TTO",
    "Sex": "M",
    "Title": "",
    "WTit": "",
    "OTit": "",
    "FOA": "1696",
    "Rating": "AUG25",
    "Gms": "0",
    "K": "40",
    "B-day": "2014",
    "Flag": ""
  },
  {
    "ID Number": "7712871",
    "Name": "McClatchie, Zephaniah",
    "Fed": "TTO",
    "Sex": "M",
    "Title": "",
    "WTit": "",
    "OTit": "",
    "FOA": "1435",
    "Rating": "AUG25",
    "Gms": "0",
    "K": "40",
    "B-day": "2009",
    "Flag": ""
  },
  {
    "ID Number": "7706030",
    "Name": "Medina, Joshua",
    "Fed": "TTO",
    "Sex": "M",
    "Title": "CM",
    "WTit": "",
    "OTit": "",
    "FOA": "1849",
    "Rating": "AUG25",
    "Gms": "0",
    "K": "40",
    "B-day": "2008",
    "Flag": ""
  },
  {
    "ID Number": "7710348",
    "Name": "Mentor, Jacob",
    "Fed": "TTO",
    "Sex": "M",
    "Title": "",
    "WTit": "",
    "OTit": "",
    "FOA": "1407",
    "Rating": "AUG25",
    "Gms": "0",
    "K": "20",
    "B-day": "2003",
    "Flag": "i"
  },
  {
    "ID Number": "7700148",
    "Name": "Merritt, Mario",
    "Fed": "TTO",
    "Sex": "M",
    "Title": "FM",
    "WTit": "",
    "OTit": "",
    "FOA": "2082",
    "Rating": "AUG25",
    "Gms": "0",
    "K": "20",
    "B-day": "1977",
    "Flag": "i"
  },
  {
    "ID Number": "7711697",
    "Name": "Mitchell, Deandre",
    "Fed": "TTO",
    "Sex": "M",
    "Title": "",
    "WTit": "",
    "OTit": "",
    "FOA": "1534",
    "Rating": "AUG25",
    "Gms": "0",
    "K": "40",
    "B-day": "2010",
    "Flag": ""
  },
  {
    "ID Number": "7706553",
    "Name": "Mohammed, Kiran",
    "Fed": "TTO",
    "Sex": "M",
    "Title": "",
    "WTit": "",
    "OTit": "",
    "FOA": "1733",
    "Rating": "AUG25",
    "Gms": "0",
    "K": "40",
    "B-day": "2005",
    "Flag": "i"
  },
  {
    "ID Number": "7707940",
    "Name": "Mohammed, Shasmeen",
    "Fed": "TTO",
    "Sex": "F",
    "Title": "",
    "WTit": "",
    "OTit": "",
    "FOA": "1436",
    "Rating": "AUG25",
    "Gms": "0",
    "K": "40",
    "B-day": "2010",
    "Flag": "w"
  },
  {
    "ID Number": "7715340",
    "Name": "Mohan, Rikesh",
    "Fed": "TTO",
    "Sex": "M",
    "Title": "",
    "WTit": "",
    "OTit": "",
    "FOA": "1514",
    "Rating": "AUG25",
    "Gms": "0",
    "K": "40",
    "B-day": "2010",
    "Flag": ""
  },
  {
    "ID Number": "7709196",
    "Name": "Mohan, Sofia",
    "Fed": "TTO",
    "Sex": "F",
    "Title": "",
    "WTit": "",
    "OTit": "",
    "FOA": "1477",
    "Rating": "AUG25",
    "Gms": "0",
    "K": "40",
    "B-day": "2008",
    "Flag": "w"
  },
  {
    "ID Number": "7701780",
    "Name": "Morales, Roger",
    "Fed": "TTO",
    "Sex": "M",
    "Title": "",
    "WTit": "",
    "OTit": "",
    "FOA": "1556",
    "Rating": "AUG25",
    "Gms": "0",
    "K": "40",
    "B-day": "0",
    "Flag": "i"
  },
  {
    "ID Number": "7700245",
    "Name": "Munro, Allan",
    "Fed": "TTO",
    "Sex": "M",
    "Title": "FM",
    "WTit": "",
    "OTit": "",
    "FOA": "2064",
    "Rating": "AUG25",
    "Gms": "0",
    "K": "20",
    "B-day": "1986",
    "Flag": "i"
  },
  {
    "ID Number": "7703260",
    "Name": "Munroe-Brown, Brad",
    "Fed": "TTO",
    "Sex": "M",
    "Title": "",
    "WTit": "",
    "OTit": "",
    "FOA": "1634",
    "Rating": "AUG25",
    "Gms": "0",
    "K": "20",
    "B-day": "2006",
    "Flag": "i"
  },
  {
    "ID Number": "7706871",
    "Name": "Muradali, Kyan",
    "Fed": "TTO",
    "Sex": "M",
    "Title": "",
    "WTit": "",
    "OTit": "",
    "FOA": "1599",
    "Rating": "AUG25",
    "Gms": "0",
    "K": "40",
    "B-day": "2011",
    "Flag": "i"
  },
  {
    "ID Number": "7707029",
    "Name": "Murray, Zachary",
    "Fed": "TTO",
    "Sex": "M",
    "Title": "",
    "WTit": "",
    "OTit": "",
    "FOA": "AFM",
    "Rating": "AUG25",
    "Gms": "1551",
    "K": "4",
    "B-day": "2009",
    "Flag": ""
  },
  {
    "ID Number": "7713410",
    "Name": "Myneni, Sree Anwita Sai",
    "Fed": "TTO",
    "Sex": "F",
    "Title": "",
    "WTit": "",
    "OTit": "",
    "FOA": "1535",
    "Rating": "AUG25",
    "Gms": "0",
    "K": "40",
    "B-day": "2013",
    "Flag": "w"
  },
  {
    "ID Number": "7714025",
    "Name": "Nelson, Zachary",
    "Fed": "TTO",
    "Sex": "M",
    "Title": "",
    "WTit": "",
    "OTit": "",
    "FOA": "1487",
    "Rating": "AUG25",
    "Gms": "5",
    "K": "40",
    "B-day": "2015",
    "Flag": ""
  },
  {
    "ID Number": "7709200",
    "Name": "Neptune, Jeremiah",
    "Fed": "TTO",
    "Sex": "M",
    "Title": "",
    "WTit": "",
    "OTit": "",
    "FOA": "1688",
    "Rating": "AUG25",
    "Gms": "0",
    "K": "40",
    "B-day": "2005",
    "Flag": ""
  },
  {
    "ID Number": "7708483",
    "Name": "Noel, Christopher",
    "Fed": "TTO",
    "Sex": "M",
    "Title": "",
    "WTit": "",
    "OTit": "",
    "FOA": "1518",
    "Rating": "AUG25",
    "Gms": "0",
    "K": "40",
    "B-day": "2008",
    "Flag": ""
  },
  {
    "ID Number": "7709218",
    "Name": "Norbert, Leonov",
    "Fed": "TTO",
    "Sex": "M",
    "Title": "",
    "WTit": "",
    "OTit": "",
    "FOA": "1534",
    "Rating": "AUG25",
    "Gms": "0",
    "K": "40",
    "B-day": "2005",
    "Flag": "i"
  },
  {
    "ID Number": "7707606",
    "Name": "Nurse, Xavier",
    "Fed": "TTO",
    "Sex": "M",
    "Title": "",
    "WTit": "",
    "OTit": "",
    "FOA": "1489",
    "Rating": "AUG25",
    "Gms": "4",
    "K": "40",
    "B-day": "2009",
    "Flag": ""
  },
  {
    "ID Number": "7710356",
    "Name": "OBrian, Aeddan",
    "Fed": "TTO",
    "Sex": "M",
    "Title": "",
    "WTit": "",
    "OTit": "",
    "FOA": "1422",
    "Rating": "AUG25",
    "Gms": "0",
    "K": "40",
    "B-day": "2008",
    "Flag": "i"
  },
  {
    "ID Number": "7702914",
    "Name": "Oliverie, Kristian",
    "Fed": "TTO",
    "Sex": "M",
    "Title": "",
    "WTit": "",
    "OTit": "",
    "FOA": "1487",
    "Rating": "AUG25",
    "Gms": "0",
    "K": "20",
    "B-day": "1995",
    "Flag": "i"
  },
  {
    "ID Number": "7701950",
    "Name": "Pacheco, Dimitri",
    "Fed": "TTO",
    "Sex": "M",
    "Title": "",
    "WTit": "",
    "OTit": "",
    "FOA": "1761",
    "Rating": "AUG25",
    "Gms": "0",
    "K": "20",
    "B-day": "1997",
    "Flag": "i"
  },
  {
    "ID Number": "7702841",
    "Name": "Patihk, Marc",
    "Fed": "TTO",
    "Sex": "M",
    "Title": "",
    "WTit": "",
    "OTit": "",
    "FOA": "1774",
    "Rating": "AUG25",
    "Gms": "0",
    "K": "20",
    "B-day": "1972",
    "Flag": "i"
  },
  {
    "ID Number": "7712090",
    "Name": "Paul, Jesu",
    "Fed": "TTO",
    "Sex": "M",
    "Title": "",
    "WTit": "",
    "OTit": "",
    "FOA": "1576",
    "Rating": "AUG25",
    "Gms": "0",
    "K": "40",
    "B-day": "2012",
    "Flag": ""
  },
  {
    "ID Number": "7705662",
    "Name": "Paul, Trevor",
    "Fed": "TTO",
    "Sex": "M",
    "Title": "",
    "WTit": "",
    "OTit": "",
    "FOA": "1513",
    "Rating": "AUG25",
    "Gms": "0",
    "K": "20",
    "B-day": "1967",
    "Flag": "i"
  },
  {
    "ID Number": "7714050",
    "Name": "Phillip, Kayleb",
    "Fed": "TTO",
    "Sex": "M",
    "Title": "",
    "WTit": "",
    "OTit": "",
    "FOA": "1459",
    "Rating": "AUG25",
    "Gms": "0",
    "K": "40",
    "B-day": "2012",
    "Flag": ""
  },
  {
    "ID Number": "7704690",
    "Name": "Phillips, Marliyah",
    "Fed": "TTO",
    "Sex": "F",
    "Title": "",
    "WTit": "",
    "OTit": "",
    "FOA": "1554",
    "Rating": "AUG25",
    "Gms": "0",
    "K": "40",
    "B-day": "2005",
    "Flag": "wi"
  },
  {
    "ID Number": "7714696",
    "Name": "Pollard, Satyam",
    "Fed": "TTO",
    "Sex": "M",
    "Title": "",
    "WTit": "",
    "OTit": "",
    "FOA": "1683",
    "Rating": "AUG25",
    "Gms": "0",
    "K": "40",
    "B-day": "1991",
    "Flag": "i"
  },
  {
    "ID Number": "7708742",
    "Name": "Porther, Emmanuel",
    "Fed": "TTO",
    "Sex": "M",
    "Title": "",
    "WTit": "",
    "OTit": "",
    "FOA": "1583",
    "Rating": "AUG25",
    "Gms": "0",
    "K": "20",
    "B-day": "2004",
    "Flag": "i"
  },
  {
    "ID Number": "7700172",
    "Name": "Pouchet, Michael",
    "Fed": "TTO",
    "Sex": "M",
    "Title": "FM",
    "WTit": "",
    "OTit": "",
    "FOA": "2007",
    "Rating": "AUG25",
    "Gms": "0",
    "K": "20",
    "B-day": "0",
    "Flag": "i"
  },
  {
    "ID Number": "7707754",
    "Name": "Prabhakar, Chandresh",
    "Fed": "TTO",
    "Sex": "M",
    "Title": "",
    "WTit": "",
    "OTit": "",
    "FOA": "1538",
    "Rating": "AUG25",
    "Gms": "0",
    "K": "40",
    "B-day": "2007",
    "Flag": ""
  },
  {
    "ID Number": "7707967",
    "Name": "Prabhakar, Rakesh",
    "Fed": "TTO",
    "Sex": "M",
    "Title": "",
    "WTit": "",
    "OTit": "",
    "FOA": "1679",
    "Rating": "AUG25",
    "Gms": "0",
    "K": "40",
    "B-day": "1963",
    "Flag": "i"
  },
  {
    "ID Number": "7710453",
    "Name": "Pramanik, Ayush",
    "Fed": "TTO",
    "Sex": "M",
    "Title": "",
    "WTit": "",
    "OTit": "",
    "FOA": "1524",
    "Rating": "AUG25",
    "Gms": "0",
    "K": "40",
    "B-day": "2010",
    "Flag": "i"
  },
  {
    "ID Number": "7700725",
    "Name": "Primus, Prince",
    "Fed": "TTO",
    "Sex": "M",
    "Title": "",
    "WTit": "",
    "OTit": "",
    "FOA": "1641",
    "Rating": "AUG25",
    "Gms": "0",
    "K": "20",
    "B-day": "1955",
    "Flag": "i"
  },
  {
    "ID Number": "7705212",
    "Name": "Ragoobar, Keagan",
    "Fed": "TTO",
    "Sex": "M",
    "Title": "",
    "WTit": "",
    "OTit": "",
    "FOA": "1650",
    "Rating": "AUG25",
    "Gms": "0",
    "K": "40",
    "B-day": "2005",
    "Flag": "i"
  },
  {
    "ID Number": "7702442",
    "Name": "Rahaman, Najarah",
    "Fed": "TTO",
    "Sex": "F",
    "Title": "",
    "WTit": "",
    "OTit": "",
    "FOA": "1669",
    "Rating": "AUG25",
    "Gms": "0",
    "K": "20",
    "B-day": "1997",
    "Flag": "wi"
  },
  {
    "ID Number": "143105003",
    "Name": "Rajkumar, Daniel",
    "Fed": "TTO",
    "Sex": "M",
    "Title": "",
    "WTit": "",
    "OTit": "",
    "FOA": "AIM",
    "Rating": "AUG25",
    "Gms": "1696",
    "K": "0",
    "B-day": "2010",
    "Flag": "i"
  },
  {
    "ID Number": "7700091",
    "Name": "Ramadhar, Kishore",
    "Fed": "TTO",
    "Sex": "M",
    "Title": "CM",
    "WTit": "",
    "OTit": "",
    "FOA": "1848",
    "Rating": "AUG25",
    "Gms": "0",
    "K": "20",
    "B-day": "1960",
    "Flag": "i"
  },
  {
    "ID Number": "7703929",
    "Name": "Rambally, Eon",
    "Fed": "TTO",
    "Sex": "M",
    "Title": "",
    "WTit": "",
    "OTit": "",
    "FOA": "1648",
    "Rating": "AUG25",
    "Gms": "0",
    "K": "20",
    "B-day": "1970",
    "Flag": "i"
  },
  {
    "ID Number": "7705875",
    "Name": "Ramdass, Jonathan",
    "Fed": "TTO",
    "Sex": "M",
    "Title": "",
    "WTit": "",
    "OTit": "",
    "FOA": "1551",
    "Rating": "AUG25",
    "Gms": "0",
    "K": "40",
    "B-day": "2006",
    "Flag": ""
  },
  {
    "ID Number": "7710461",
    "Name": "Ramdath, Ezra",
    "Fed": "TTO",
    "Sex": "M",
    "Title": "",
    "WTit": "",
    "OTit": "",
    "FOA": "1414",
    "Rating": "AUG25",
    "Gms": "0",
    "K": "40",
    "B-day": "2013",
    "Flag": "i"
  },
  {
    "ID Number": "7702515",
    "Name": "Ramdath, Simon",
    "Fed": "TTO",
    "Sex": "M",
    "Title": "",
    "WTit": "",
    "OTit": "",
    "FOA": "1877",
    "Rating": "AUG25",
    "Gms": "7",
    "K": "20",
    "B-day": "1997",
    "Flag": ""
  },
  {
    "ID Number": "7713070",
    "Name": "Ramdatt, Nilesh",
    "Fed": "TTO",
    "Sex": "M",
    "Title": "",
    "WTit": "",
    "OTit": "",
    "FOA": "1496",
    "Rating": "AUG25",
    "Gms": "0",
    "K": "40",
    "B-day": "2012",
    "Flag": ""
  },
  {
    "ID Number": "7715447",
    "Name": "Ramdeen, Ronak",
    "Fed": "TTO",
    "Sex": "M",
    "Title": "",
    "WTit": "",
    "OTit": "",
    "FOA": "1515",
    "Rating": "AUG25",
    "Gms": "0",
    "K": "40",
    "B-day": "2010",
    "Flag": ""
  },
  {
    "ID Number": "7709870",
    "Name": "Ramdial, Gabriel",
    "Fed": "TTO",
    "Sex": "M",
    "Title": "",
    "WTit": "",
    "OTit": "",
    "FOA": "1523",
    "Rating": "AUG25",
    "Gms": "0",
    "K": "40",
    "B-day": "2009",
    "Flag": ""
  },
  {
    "ID Number": "7712359",
    "Name": "Ramkissoon, Adam",
    "Fed": "TTO",
    "Sex": "M",
    "Title": "",
    "WTit": "",
    "OTit": "",
    "FOA": "1462",
    "Rating": "AUG25",
    "Gms": "0",
    "K": "40",
    "B-day": "2010",
    "Flag": ""
  },
  {
    "ID Number": "7715676",
    "Name": "Ramlal, Odell",
    "Fed": "TTO",
    "Sex": "M",
    "Title": "",
    "WTit": "",
    "OTit": "",
    "FOA": "1714",
    "Rating": "AUG25",
    "Gms": "0",
    "K": "40",
    "B-day": "2004",
    "Flag": ""
  },
  {
    "ID Number": "7706006",
    "Name": "Ramnarine Singh, Aradhana",
    "Fed": "TTO",
    "Sex": "F",
    "Title": "",
    "WTit": "",
    "OTit": "",
    "FOA": "1495",
    "Rating": "AUG25",
    "Gms": "0",
    "K": "40",
    "B-day": "2008",
    "Flag": "w"
  },
  {
    "ID Number": "7703171",
    "Name": "Ramnarine, Jordaine",
    "Fed": "TTO",
    "Sex": "M",
    "Title": "",
    "WTit": "",
    "OTit": "",
    "FOA": "1586",
    "Rating": "AUG25",
    "Gms": "0",
    "K": "20",
    "B-day": "2002",
    "Flag": "i"
  },
  {
    "ID Number": "3901513",
    "Name": "Ramos Caldera, Cesar",
    "Fed": "TTO",
    "Sex": "M",
    "Title": "CM",
    "WTit": "",
    "OTit": "",
    "FOA": "1860",
    "Rating": "AUG25",
    "Gms": "0",
    "K": "20",
    "B-day": "1945",
    "Flag": ""
  },
  {
    "ID Number": "7704224",
    "Name": "Ramoutar, Alan-Safar",
    "Fed": "TTO",
    "Sex": "M",
    "Title": "IM",
    "WTit": "",
    "OTit": "",
    "FOA": "2325",
    "Rating": "AUG25",
    "Gms": "0",
    "K": "20",
    "B-day": "2003",
    "Flag": "i"
  },
  {
    "ID Number": "7704100",
    "Name": "Rampersad, Rayden",
    "Fed": "TTO",
    "Sex": "M",
    "Title": "CM",
    "WTit": "",
    "OTit": "",
    "FOA": "1571",
    "Rating": "AUG25",
    "Gms": "0",
    "K": "40",
    "B-day": "2007",
    "Flag": ""
  },
  {
    "ID Number": "7708360",
    "Name": "Rampersad, Ved",
    "Fed": "TTO",
    "Sex": "M",
    "Title": "",
    "WTit": "",
    "OTit": "",
    "FOA": "1471",
    "Rating": "AUG25",
    "Gms": "0",
    "K": "40",
    "B-day": "2013",
    "Flag": ""
  },
  {
    "ID Number": "7708378",
    "Name": "Rampersad, Veer",
    "Fed": "TTO",
    "Sex": "M",
    "Title": "",
    "WTit": "",
    "OTit": "",
    "FOA": "1481",
    "Rating": "AUG25",
    "Gms": "0",
    "K": "40",
    "B-day": "2012",
    "Flag": ""
  },
  {
    "ID Number": "7709935",
    "Name": "Ramrattan, Jacob",
    "Fed": "TTO",
    "Sex": "M",
    "Title": "",
    "WTit": "",
    "OTit": "",
    "FOA": "1461",
    "Rating": "AUG25",
    "Gms": "0",
    "K": "40",
    "B-day": "2012",
    "Flag": ""
  },
  {
    "ID Number": "7714718",
    "Name": "Ramsaroop, Sandhya",
    "Fed": "TTO",
    "Sex": "F",
    "Title": "",
    "WTit": "",
    "OTit": "",
    "FOA": "1504",
    "Rating": "AUG25",
    "Gms": "4",
    "K": "40",
    "B-day": "2012",
    "Flag": "w"
  },
  {
    "ID Number": "7704801",
    "Name": "Ramsumair, Daenon",
    "Fed": "TTO",
    "Sex": "M",
    "Title": "",
    "WTit": "",
    "OTit": "",
    "FOA": "1791",
    "Rating": "AUG25",
    "Gms": "0",
    "K": "20",
    "B-day": "2001",
    "Flag": "i"
  },
  {
    "ID Number": "7704917",
    "Name": "Ramtahal, Justin",
    "Fed": "TTO",
    "Sex": "M",
    "Title": "",
    "WTit": "",
    "OTit": "",
    "FOA": "1408",
    "Rating": "AUG25",
    "Gms": "0",
    "K": "20",
    "B-day": "2003",
    "Flag": "i"
  },
  {
    "ID Number": "7702329",
    "Name": "Razark, Sadiqah",
    "Fed": "TTO",
    "Sex": "F",
    "Title": "WFM",
    "WTit": "WFM",
    "OTit": "LSI,FA",
    "FOA": "1474",
    "Rating": "AUG25",
    "Gms": "0",
    "K": "20",
    "B-day": "1998",
    "Flag": "wi"
  },
  {
    "ID Number": "7702345",
    "Name": "Razark, Zaakir",
    "Fed": "TTO",
    "Sex": "M",
    "Title": "",
    "WTit": "NA",
    "OTit": "",
    "FOA": "1513",
    "Rating": "AUG25",
    "Gms": "0",
    "K": "20",
    "B-day": "2002",
    "Flag": "i"
  },
  {
    "ID Number": "7704640",
    "Name": "Richards, Kaleb",
    "Fed": "TTO",
    "Sex": "M",
    "Title": "",
    "WTit": "",
    "OTit": "",
    "FOA": "1611",
    "Rating": "AUG25",
    "Gms": "0",
    "K": "20",
    "B-day": "2002",
    "Flag": "i"
  },
  {
    "ID Number": "7708602",
    "Name": "Richardson, Jerome",
    "Fed": "TTO",
    "Sex": "M",
    "Title": "",
    "WTit": "",
    "OTit": "",
    "FOA": "1676",
    "Rating": "AUG25",
    "Gms": "0",
    "K": "20",
    "B-day": "1994",
    "Flag": "i"
  },
  {
    "ID Number": "7711930",
    "Name": "Rodriguez, Micah",
    "Fed": "TTO",
    "Sex": "M",
    "Title": "",
    "WTit": "",
    "OTit": "",
    "FOA": "1529",
    "Rating": "AUG25",
    "Gms": "0",
    "K": "40",
    "B-day": "2005",
    "Flag": "i"
  },
  {
    "ID Number": "7706979",
    "Name": "Rodriguez, Ricardo",
    "Fed": "TTO",
    "Sex": "M",
    "Title": "",
    "WTit": "",
    "OTit": "",
    "FOA": "1467",
    "Rating": "AUG25",
    "Gms": "0",
    "K": "40",
    "B-day": "2006",
    "Flag": "i"
  },
  {
    "ID Number": "7703767",
    "Name": "Romany, Ronaldo",
    "Fed": "TTO",
    "Sex": "M",
    "Title": "",
    "WTit": "",
    "OTit": "",
    "FOA": "1497",
    "Rating": "AUG25",
    "Gms": "0",
    "K": "40",
    "B-day": "2004",
    "Flag": "i"
  },
  {
    "ID Number": "7704054",
    "Name": "Roopnarine, Reece",
    "Fed": "TTO",
    "Sex": "M",
    "Title": "",
    "WTit": "",
    "OTit": "",
    "FOA": "1648",
    "Rating": "AUG25",
    "Gms": "0",
    "K": "20",
    "B-day": "2003",
    "Flag": "i"
  },
  {
    "ID Number": "7714726",
    "Name": "Rosa, Benjamin",
    "Fed": "TTO",
    "Sex": "M",
    "Title": "",
    "WTit": "",
    "OTit": "",
    "FOA": "1491",
    "Rating": "AUG25",
    "Gms": "0",
    "K": "40",
    "B-day": "2007",
    "Flag": "i"
  },
  {
    "ID Number": "7708432",
    "Name": "Sagramsingh, Ricardo",
    "Fed": "TTO",
    "Sex": "M",
    "Title": "",
    "WTit": "",
    "OTit": "",
    "FOA": "1412",
    "Rating": "AUG25",
    "Gms": "0",
    "K": "40",
    "B-day": "2010",
    "Flag": ""
  },
  {
    "ID Number": "7702744",
    "Name": "Sama, Savon",
    "Fed": "TTO",
    "Sex": "M",
    "Title": "",
    "WTit": "",
    "OTit": "",
    "FOA": "1726",
    "Rating": "AUG25",
    "Gms": "0",
    "K": "40",
    "B-day": "0",
    "Flag": "i"
  },
  {
    "ID Number": "7715684",
    "Name": "Samaroo, Mikkell",
    "Fed": "TTO",
    "Sex": "M",
    "Title": "",
    "WTit": "",
    "OTit": "",
    "FOA": "1599",
    "Rating": "AUG25",
    "Gms": "0",
    "K": "40",
    "B-day": "1992",
    "Flag": ""
  },
  {
    "ID Number": "7714742",
    "Name": "Samaroo, Rajiv",
    "Fed": "TTO",
    "Sex": "M",
    "Title": "",
    "WTit": "",
    "OTit": "",
    "FOA": "1654",
    "Rating": "AUG25",
    "Gms": "0",
    "K": "40",
    "B-day": "1984",
    "Flag": "i"
  },
  {
    "ID Number": "7708149",
    "Name": "Sammy, Christopher",
    "Fed": "TTO",
    "Sex": "M",
    "Title": "",
    "WTit": "",
    "OTit": "",
    "FOA": "1403",
    "Rating": "AUG25",
    "Gms": "0",
    "K": "40",
    "B-day": "2009",
    "Flag": "i"
  },
  {
    "ID Number": "7705905",
    "Name": "Sampath, Aditya",
    "Fed": "TTO",
    "Sex": "M",
    "Title": "",
    "WTit": "",
    "OTit": "",
    "FOA": "1577",
    "Rating": "AUG25",
    "Gms": "0",
    "K": "40",
    "B-day": "2006",
    "Flag": ""
  },
  {
    "ID Number": "7706618",
    "Name": "Sampath, Avidesh",
    "Fed": "TTO",
    "Sex": "M",
    "Title": "",
    "WTit": "",
    "OTit": "",
    "FOA": "1618",
    "Rating": "AUG25",
    "Gms": "0",
    "K": "40",
    "B-day": "2005",
    "Flag": "i"
  },
  {
    "ID Number": "7706880",
    "Name": "Samuel Bisnath, Kael",
    "Fed": "TTO",
    "Sex": "M",
    "Title": "CM",
    "WTit": "",
    "OTit": "",
    "FOA": "1917",
    "Rating": "AUG25",
    "Gms": "6",
    "K": "40",
    "B-day": "2009",
    "Flag": ""
  },
  {
    "ID Number": "7706669",
    "Name": "Samuel Bisnath, Keira",
    "Fed": "TTO",
    "Sex": "F",
    "Title": "",
    "WTit": "",
    "OTit": "",
    "FOA": "1463",
    "Rating": "AUG25",
    "Gms": "0",
    "K": "20",
    "B-day": "2004",
    "Flag": "w"
  },
  {
    "ID Number": "7713223",
    "Name": "Samuel, Dwayne",
    "Fed": "TTO",
    "Sex": "M",
    "Title": "",
    "WTit": "",
    "OTit": "",
    "FOA": "1566",
    "Rating": "AUG25",
    "Gms": "10",
    "K": "40",
    "B-day": "1986",
    "Flag": ""
  },
  {
    "ID Number": "7705387",
    "Name": "Sandy, Jared",
    "Fed": "TTO",
    "Sex": "M",
    "Title": "",
    "WTit": "",
    "OTit": "",
    "FOA": "1662",
    "Rating": "AUG25",
    "Gms": "0",
    "K": "20",
    "B-day": "1999",
    "Flag": "i"
  },
  {
    "ID Number": "7710224",
    "Name": "Sayyid, Akeera",
    "Fed": "TTO",
    "Sex": "F",
    "Title": "",
    "WTit": "",
    "OTit": "",
    "FOA": "1548",
    "Rating": "AUG25",
    "Gms": "0",
    "K": "40",
    "B-day": "2003",
    "Flag": "wi"
  },
  {
    "ID Number": "7705425",
    "Name": "Scoon, Kalel",
    "Fed": "TTO",
    "Sex": "M",
    "Title": "",
    "WTit": "",
    "OTit": "",
    "FOA": "1406",
    "Rating": "AUG25",
    "Gms": "0",
    "K": "40",
    "B-day": "2006",
    "Flag": "i"
  },
  {
    "ID Number": "7701276",
    "Name": "Seaforth, Sylvan",
    "Fed": "TTO",
    "Sex": "M",
    "Title": "",
    "WTit": "",
    "OTit": "",
    "FOA": "1824",
    "Rating": "AUG25",
    "Gms": "0",
    "K": "20",
    "B-day": "1956",
    "Flag": "i"
  },
  {
    "ID Number": "7701586",
    "Name": "Sealy, Gerard",
    "Fed": "TTO",
    "Sex": "M",
    "Title": "",
    "WTit": "",
    "OTit": "",
    "FOA": "1710",
    "Rating": "AUG25",
    "Gms": "0",
    "K": "20",
    "B-day": "2000",
    "Flag": "i"
  },
  {
    "ID Number": "7700121",
    "Name": "Sears, Frank",
    "Fed": "TTO",
    "Sex": "M",
    "Title": "CM",
    "WTit": "NA",
    "OTit": "",
    "FOA": "1908",
    "Rating": "AUG25",
    "Gms": "0",
    "K": "20",
    "B-day": "1944",
    "Flag": "i"
  },
  {
    "ID Number": "7712162",
    "Name": "Seebreth, Hasani",
    "Fed": "TTO",
    "Sex": "M",
    "Title": "",
    "WTit": "",
    "OTit": "",
    "FOA": "1618",
    "Rating": "AUG25",
    "Gms": "5",
    "K": "40",
    "B-day": "2003",
    "Flag": ""
  },
  {
    "ID Number": "7710283",
    "Name": "Seegoolam, Aiden",
    "Fed": "TTO",
    "Sex": "M",
    "Title": "",
    "WTit": "",
    "OTit": "",
    "FOA": "1416",
    "Rating": "AUG25",
    "Gms": "0",
    "K": "40",
    "B-day": "2009",
    "Flag": ""
  },
  {
    "ID Number": "7707959",
    "Name": "Shah, Rydell",
    "Fed": "TTO",
    "Sex": "M",
    "Title": "",
    "WTit": "",
    "OTit": "",
    "FOA": "1622",
    "Rating": "AUG25",
    "Gms": "0",
    "K": "40",
    "B-day": "1979",
    "Flag": "i"
  },
  {
    "ID Number": "7709340",
    "Name": "Siewdass, Tristan",
    "Fed": "TTO",
    "Sex": "M",
    "Title": "",
    "WTit": "",
    "OTit": "",
    "FOA": "1715",
    "Rating": "AUG25",
    "Gms": "0",
    "K": "40",
    "B-day": "2009",
    "Flag": ""
  },
  {
    "ID Number": "7710364",
    "Name": "Singh, Arjun",
    "Fed": "TTO",
    "Sex": "M",
    "Title": "",
    "WTit": "",
    "OTit": "",
    "FOA": "1473",
    "Rating": "AUG25",
    "Gms": "0",
    "K": "40",
    "B-day": "2007",
    "Flag": ""
  },
  {
    "ID Number": "7700733",
    "Name": "Singh, Carlyle",
    "Fed": "TTO",
    "Sex": "M",
    "Title": "",
    "WTit": "",
    "OTit": "",
    "FOA": "1732",
    "Rating": "AUG25",
    "Gms": "6",
    "K": "20",
    "B-day": "1948",
    "Flag": ""
  },
  {
    "ID Number": "7705760",
    "Name": "Singh, Kavira",
    "Fed": "TTO",
    "Sex": "F",
    "Title": "",
    "WTit": "",
    "OTit": "",
    "FOA": "1450",
    "Rating": "AUG25",
    "Gms": "0",
    "K": "40",
    "B-day": "2008",
    "Flag": "wi"
  },
  {
    "ID Number": "7700938",
    "Name": "Singh, Mahendra",
    "Fed": "TTO",
    "Sex": "M",
    "Title": "",
    "WTit": "",
    "OTit": "",
    "FOA": "1864",
    "Rating": "AUG25",
    "Gms": "0",
    "K": "20",
    "B-day": "1998",
    "Flag": "i"
  },
  {
    "ID Number": "7700199",
    "Name": "Singh, Ravishen",
    "Fed": "TTO",
    "Sex": "M",
    "Title": "CM",
    "WTit": "",
    "OTit": "",
    "FOA": "2151",
    "Rating": "AUG25",
    "Gms": "6",
    "K": "20",
    "B-day": "1977",
    "Flag": ""
  },
  {
    "ID Number": "7700946",
    "Name": "Singh, Vishnu",
    "Fed": "TTO",
    "Sex": "M",
    "Title": "IM",
    "WTit": "",
    "OTit": "",
    "FOA": "2061",
    "Rating": "AUG25",
    "Gms": "0",
    "K": "20",
    "B-day": "1995",
    "Flag": "i"
  },
  {
    "ID Number": "7714769",
    "Name": "Singh, Zayden",
    "Fed": "TTO",
    "Sex": "M",
    "Title": "",
    "WTit": "",
    "OTit": "",
    "FOA": "1575",
    "Rating": "AUG25",
    "Gms": "6",
    "K": "40",
    "B-day": "2012",
    "Flag": ""
  },
  {
    "ID Number": "7700466",
    "Name": "Smith, Javanna",
    "Fed": "TTO",
    "Sex": "F",
    "Title": "WFM",
    "WTit": "WFM",
    "OTit": "",
    "FOA": "1879",
    "Rating": "AUG25",
    "Gms": "0",
    "K": "20",
    "B-day": "1997",
    "Flag": "wi"
  },
  {
    "ID Number": "7700741",
    "Name": "Solomon, Ian",
    "Fed": "TTO",
    "Sex": "M",
    "Title": "",
    "WTit": "",
    "OTit": "",
    "FOA": "1716",
    "Rating": "AUG25",
    "Gms": "0",
    "K": "20",
    "B-day": "1957",
    "Flag": "i"
  },
  {
    "ID Number": "7715595",
    "Name": "Sookdeo, Devesh",
    "Fed": "TTO",
    "Sex": "M",
    "Title": "",
    "WTit": "",
    "OTit": "",
    "FOA": "1511",
    "Rating": "AUG25",
    "Gms": "0",
    "K": "40",
    "B-day": "2010",
    "Flag": ""
  },
  {
    "ID Number": "7706855",
    "Name": "Sookdeo, Saanjive",
    "Fed": "TTO",
    "Sex": "M",
    "Title": "",
    "WTit": "",
    "OTit": "",
    "FOA": "1564",
    "Rating": "AUG25",
    "Gms": "0",
    "K": "40",
    "B-day": "2005",
    "Flag": "i"
  },
  {
    "ID Number": "7705093",
    "Name": "Sookdeo, Tristan",
    "Fed": "TTO",
    "Sex": "M",
    "Title": "",
    "WTit": "",
    "OTit": "",
    "FOA": "1641",
    "Rating": "AUG25",
    "Gms": "0",
    "K": "40",
    "B-day": "2006",
    "Flag": "i"
  },
  {
    "ID Number": "7703937",
    "Name": "Sookoor, Sameer",
    "Fed": "TTO",
    "Sex": "M",
    "Title": "",
    "WTit": "",
    "OTit": "",
    "FOA": "1486",
    "Rating": "AUG25",
    "Gms": "0",
    "K": "40",
    "B-day": "2006",
    "Flag": "i"
  },
  {
    "ID Number": "7705352",
    "Name": "Sookraj, Druva",
    "Fed": "TTO",
    "Sex": "M",
    "Title": "",
    "WTit": "",
    "OTit": "",
    "FOA": "1634",
    "Rating": "AUG25",
    "Gms": "0",
    "K": "20",
    "B-day": "1981",
    "Flag": ""
  },
  {
    "ID Number": "7713363",
    "Name": "Sookraj, Sameer",
    "Fed": "TTO",
    "Sex": "M",
    "Title": "",
    "WTit": "",
    "OTit": "",
    "FOA": "1676",
    "Rating": "AUG25",
    "Gms": "0",
    "K": "40",
    "B-day": "2012",
    "Flag": ""
  },
  {
    "ID Number": "7711360",
    "Name": "Soom, Kaveer",
    "Fed": "TTO",
    "Sex": "M",
    "Title": "",
    "WTit": "",
    "OTit": "",
    "FOA": "1533",
    "Rating": "AUG25",
    "Gms": "4",
    "K": "40",
    "B-day": "2012",
    "Flag": ""
  },
  {
    "ID Number": "7700598",
    "Name": "Soondarsingh, Aditi",
    "Fed": "TTO",
    "Sex": "F",
    "Title": "WCM",
    "WTit": "WCM",
    "OTit": "",
    "FOA": "1791",
    "Rating": "AUG25",
    "Gms": "0",
    "K": "20",
    "B-day": "1988",
    "Flag": "wi"
  },
  {
    "ID Number": "7700903",
    "Name": "Soondarsingh, Bhisham",
    "Fed": "TTO",
    "Sex": "M",
    "Title": "",
    "WTit": "",
    "OTit": "",
    "FOA": "1707",
    "Rating": "AUG25",
    "Gms": "0",
    "K": "40",
    "B-day": "1949",
    "Flag": "i"
  },
  {
    "ID Number": "7700954",
    "Name": "Soondarsingh, Dev",
    "Fed": "TTO",
    "Sex": "M",
    "Title": "CM",
    "WTit": "",
    "OTit": "",
    "FOA": "2020",
    "Rating": "AUG25",
    "Gms": "0",
    "K": "20",
    "B-day": "1987",
    "Flag": "i"
  },
  {
    "ID Number": "7702876",
    "Name": "Soverall, Peter",
    "Fed": "TTO",
    "Sex": "M",
    "Title": "",
    "WTit": "",
    "OTit": "",
    "FOA": "1774",
    "Rating": "AUG25",
    "Gms": "0",
    "K": "20",
    "B-day": "1955",
    "Flag": "i"
  },
  {
    "ID Number": "7703520",
    "Name": "Squires, Collette",
    "Fed": "TTO",
    "Sex": "F",
    "Title": "",
    "WTit": "",
    "OTit": "",
    "FOA": "1557",
    "Rating": "AUG25",
    "Gms": "0",
    "K": "20",
    "B-day": "2001",
    "Flag": "wi"
  },
  {
    "ID Number": "7713231",
    "Name": "Stevenson, Ricardo",
    "Fed": "TTO",
    "Sex": "M",
    "Title": "",
    "WTit": "",
    "OTit": "",
    "FOA": "1610",
    "Rating": "AUG25",
    "Gms": "5",
    "K": "40",
    "B-day": "1965",
    "Flag": ""
  },
  {
    "ID Number": "7707347",
    "Name": "Subhanee, Brendon",
    "Fed": "TTO",
    "Sex": "M",
    "Title": "",
    "WTit": "",
    "OTit": "",
    "FOA": "1488",
    "Rating": "AUG25",
    "Gms": "0",
    "K": "40",
    "B-day": "2006",
    "Flag": ""
  },
  {
    "ID Number": "7704135",
    "Name": "Thomas, Rickson",
    "Fed": "TTO",
    "Sex": "M",
    "Title": "",
    "WTit": "",
    "OTit": "",
    "FOA": "1847",
    "Rating": "AUG25",
    "Gms": "0",
    "K": "20",
    "B-day": "1989",
    "Flag": "i"
  },
  {
    "ID Number": "7709374",
    "Name": "Vadlamudi, Sarthak",
    "Fed": "TTO",
    "Sex": "M",
    "Title": "",
    "WTit": "",
    "OTit": "",
    "FOA": "1432",
    "Rating": "AUG25",
    "Gms": "0",
    "K": "40",
    "B-day": "2009",
    "Flag": "i"
  },
  {
    "ID Number": "7712421",
    "Name": "Vassell, Isaiah",
    "Fed": "TTO",
    "Sex": "M",
    "Title": "",
    "WTit": "",
    "OTit": "",
    "FOA": "1690",
    "Rating": "AUG25",
    "Gms": "0",
    "K": "40",
    "B-day": "2010",
    "Flag": ""
  },
  {
    "ID Number": "7710690",
    "Name": "Vieira, Chad",
    "Fed": "TTO",
    "Sex": "M",
    "Title": "",
    "WTit": "",
    "OTit": "",
    "FOA": "1442",
    "Rating": "AUG25",
    "Gms": "0",
    "K": "40",
    "B-day": "1973",
    "Flag": "i"
  },
  {
    "ID Number": "7710160",
    "Name": "Vieira, Tzion",
    "Fed": "TTO",
    "Sex": "M",
    "Title": "",
    "WTit": "",
    "OTit": "",
    "FOA": "1421",
    "Rating": "AUG25",
    "Gms": "0",
    "K": "40",
    "B-day": "2014",
    "Flag": ""
  },
  {
    "ID Number": "7714793",
    "Name": "Weekes, Kwame",
    "Fed": "TTO",
    "Sex": "M",
    "Title": "",
    "WTit": "",
    "OTit": "",
    "FOA": "1709",
    "Rating": "AUG25",
    "Gms": "0",
    "K": "40",
    "B-day": "1990",
    "Flag": "i"
  },
  {
    "ID Number": "7709390",
    "Name": "Williams, Saqiv",
    "Fed": "TTO",
    "Sex": "M",
    "Title": "",
    "WTit": "",
    "OTit": "",
    "FOA": "1590",
    "Rating": "AUG25",
    "Gms": "4",
    "K": "20",
    "B-day": "2005",
    "Flag": ""
  },
  {
    "ID Number": "7700318",
    "Name": "Wiltshire, Esan",
    "Fed": "TTO",
    "Sex": "M",
    "Title": "CM",
    "WTit": "",
    "OTit": "",
    "FOA": "2003",
    "Rating": "AUG25",
    "Gms": "0",
    "K": "20",
    "B-day": "1990",
    "Flag": "i"
  },
  {
    "ID Number": "7701098",
    "Name": "Wiltshire, Louis",
    "Fed": "TTO",
    "Sex": "M",
    "Title": "",
    "WTit": "",
    "OTit": "",
    "FOA": "1735",
    "Rating": "AUG25",
    "Gms": "0",
    "K": "20",
    "B-day": "1936",
    "Flag": "i"
  },
  {
    "ID Number": "7700750",
    "Name": "Winter Atwell, Adrian",
    "Fed": "TTO",
    "Sex": "M",
    "Title": "FM",
    "WTit": "NA",
    "OTit": "",
    "FOA": "2094",
    "Rating": "AUG25",
    "Gms": "0",
    "K": "20",
    "B-day": "1985",
    "Flag": ""
  },
  {
    "ID Number": "7702426",
    "Name": "Yearwood, Sean",
    "Fed": "TTO",
    "Sex": "M",
    "Title": "CM",
    "WTit": "NA",
    "OTit": "",
    "FOA": "1807",
    "Rating": "AUG25",
    "Gms": "0",
    "K": "20",
    "B-day": "2003",
    "Flag": "i"
  },
  {
    "ID Number": "7702523",
    "Name": "Yearwood, Shannon",
    "Fed": "TTO",
    "Sex": "F",
    "Title": "CM",
    "WTit": "WFM",
    "OTit": "",
    "FOA": "1783",
    "Rating": "AUG25",
    "Gms": "0",
    "K": "20",
    "B-day": "2000",
    "Flag": "wi"
  },
  {
    "ID Number": "7713509",
    "Name": "Zhan, Jeremy",
    "Fed": "TTO",
    "Sex": "M",
    "Title": "",
    "WTit": "",
    "OTit": "",
    "FOA": "1454",
    "Rating": "AUG25",
    "Gms": "5",
    "K": "40",
    "B-day": "2014",
    "Flag": ""
  },
  {
    "ID Number": "7711875",
    "Name": "Zhan, Julian",
    "Fed": "TTO",
    "Sex": "M",
    "Title": "",
    "WTit": "",
    "OTit": "",
    "FOA": "1535",
    "Rating": "AUG25",
    "Gms": "1",
    "K": "40",
    "B-day": "2010",
    "Flag": ""
  }
]