[
  {
    "ID Number": "14610850"
  },
  {
    "ID Number": "14610868"
  },
  {
    "ID Number": "14607115"
  },
  {
    "ID Number": "14614189"
  },
  {
    "ID Number": "14614170"
  },
  {
    "ID Number": "14601770"
  },
  {
    "ID Number": "14606348"
  },
  {
    "ID Number": "14604566"
  },
  {
    "ID Number": "14618940"
  },
  {
    "ID Number": "14622149"
  },
  {
    "ID Number": "14637260"
  },
  {
    "ID Number": "14681323"
  },
  {
    "ID Number": "14605937"
  },
  {
    "ID Number": "14604035"
  },
  {
    "ID Number": "14661667"
  },
  {
    "ID Number": "14611635"
  },
  {
    "ID Number": "14610132"
  },
  {
    "ID Number": "924679"
  },
  {
    "ID Number": "14608669"
  },
  {
    "ID Number": "14601265"
  },
  {
    "ID Number": "14602369"
  },
  {
    "ID Number": "14600471"
  },
  {
    "ID Number": "14604574"
  },
  {
    "ID Number": "14664356"
  },
  {
    "ID Number": "14633760"
  },
  {
    "ID Number": "14606917"
  },
  {
    "ID Number": "14607034"
  },
  {
    "ID Number": "14640864"
  },
  {
    "ID Number": "14636174"
  },
  {
    "ID Number": "14650770"
  },
  {
    "ID Number": "14662183"
  },
  {
    "ID Number": "14674793"
  },
  {
    "ID Number": "14654830"
  },
  {
    "ID Number": "14641429"
  },
  {
    "ID Number": "14659654"
  },
  {
    "ID Number": "14615053"
  },
  {
    "ID Number": "14652897"
  },
  {
    "ID Number": "14632489"
  },
  {
    "ID Number": "14602636"
  },
  {
    "ID Number": "14611570"
  },
  {
    "ID Number": "14609444"
  },
  {
    "ID Number": "14613522"
  },
  {
    "ID Number": "14638509"
  },
  {
    "ID Number": "14673207"
  },
  {
    "ID Number": "14606755"
  },
  {
    "ID Number": "14600749"
  },
  {
    "ID Number": "14611767"
  },
  {
    "ID Number": "14613816"
  },
  {
    "ID Number": "14606151"
  },
  {
    "ID Number": "14623544"
  },
  {
    "ID Number": "14618648"
  },
  {
    "ID Number": "13701010"
  },
  {
    "ID Number": "14611430"
  },
  {
    "ID Number": "14660482"
  },
  {
    "ID Number": "14606950"
  },
  {
    "ID Number": "14609576"
  },
  {
    "ID Number": "14610302"
  },
  {
    "ID Number": "14603101"
  },
  {
    "ID Number": "14612550"
  },
  {
    "ID Number": "14601290"
  },
  {
    "ID Number": "14600021"
  },
  {
    "ID Number": "14611864"
  },
  {
    "ID Number": "14619679"
  },
  {
    "ID Number": "14619180"
  },
  {
    "ID Number": "14638088"
  },
  {
    "ID Number": "14608677"
  },
  {
    "ID Number": "14642255"
  },
  {
    "ID Number": "14624230"
  },
  {
    "ID Number": "14611350"
  },
  {
    "ID Number": "14603837"
  },
  {
    "ID Number": "15000141"
  },
  {
    "ID Number": "14603900"
  },
  {
    "ID Number": "14602709"
  },
  {
    "ID Number": "14602377"
  },
  {
    "ID Number": "14606852"
  },
  {
    "ID Number": "14641771"
  },
  {
    "ID Number": "14648059"
  },
  {
    "ID Number": "14606771"
  },
  {
    "ID Number": "14645270"
  },
  {
    "ID Number": "14606160"
  },
  {
    "ID Number": "14602202"
  },
  {
    "ID Number": "14637650"
  },
  {
    "ID Number": "14600994"
  },
  {
    "ID Number": "14640210"
  },
  {
    "ID Number": "14606178"
  },
  {
    "ID Number": "14605007"
  },
  {
    "ID Number": "14604515"
  },
  {
    "ID Number": "14605864"
  },
  {
    "ID Number": "14603659"
  },
  {
    "ID Number": "14632926"
  },
  {
    "ID Number": "14635216"
  },
  {
    "ID Number": "14625610"
  },
  {
    "ID Number": "14601869"
  },
  {
    "ID Number": "14605015"
  },
  {
    "ID Number": "14613980"
  },
  {
    "ID Number": "14603233"
  },
  {
    "ID Number": "14613506"
  },
  {
    "ID Number": "14606704"
  },
  {
    "ID Number": "14637413"
  },
  {
    "ID Number": "14641895"
  },
  {
    "ID Number": "14631636"
  },
  {
    "ID Number": "14610892"
  },
  {
    "ID Number": "14608685"
  },
  {
    "ID Number": "14610876"
  },
  {
    "ID Number": "14600536"
  },
  {
    "ID Number": "14611058"
  },
  {
    "ID Number": "14601095"
  },
  {
    "ID Number": "14611775"
  },
  {
    "ID Number": "14608510"
  },
  {
    "ID Number": "14608693"
  },
  {
    "ID Number": "14603152"
  },
  {
    "ID Number": "14660148"
  },
  {
    "ID Number": "14639939"
  },
  {
    "ID Number": "14606780"
  },
  {
    "ID Number": "14603721"
  },
  {
    "ID Number": "14601338"
  },
  {
    "ID Number": "14648270"
  },
  {
    "ID Number": "14605880"
  },
  {
    "ID Number": "14638304"
  },
  {
    "ID Number": "14609592"
  },
  {
    "ID Number": "14676125"
  },
  {
    "ID Number": "14607816"
  },
  {
    "ID Number": "14605503"
  },
  {
    "ID Number": "14608634"
  },
  {
    "ID Number": "14608715"
  },
  {
    "ID Number": "14603551"
  },
  {
    "ID Number": "14608537"
  },
  {
    "ID Number": "14602105"
  },
  {
    "ID Number": "14608472"
  },
  {
    "ID Number": "14610434"
  },
  {
    "ID Number": "14617510"
  },
  {
    "ID Number": "14605023"
  },
  {
    "ID Number": "14603144"
  },
  {
    "ID Number": "14605147"
  },
  {
    "ID Number": "14624125"
  },
  {
    "ID Number": "14640368"
  },
  {
    "ID Number": "14619970"
  },
  {
    "ID Number": "14601362"
  },
  {
    "ID Number": "14602300"
  },
  {
    "ID Number": "14635569"
  },
  {
    "ID Number": "14600331"
  },
  {
    "ID Number": "14643790"
  },
  {
    "ID Number": "14632250"
  },
  {
    "ID Number": "14618818"
  },
  {
    "ID Number": "14641372"
  },
  {
    "ID Number": "14608642"
  },
  {
    "ID Number": "14603489"
  },
  {
    "ID Number": "14605406"
  },
  {
    "ID Number": "14601672"
  },
  {
    "ID Number": "14629666"
  },
  {
    "ID Number": "14651017"
  },
  {
    "ID Number": "14613131"
  },
  {
    "ID Number": "14642280"
  },
  {
    "ID Number": "14601516"
  },
  {
    "ID Number": "14606186"
  },
  {
    "ID Number": "14655705"
  },
  {
    "ID Number": "14612577"
  },
  {
    "ID Number": "14603764"
  },
  {
    "ID Number": "14606720"
  },
  {
    "ID Number": "14606526"
  },
  {
    "ID Number": "14604981"
  },
  {
    "ID Number": "14606674"
  },
  {
    "ID Number": "14604191"
  },
  {
    "ID Number": "14600030"
  },
  {
    "ID Number": "14615088"
  },
  {
    "ID Number": "14605155"
  },
  {
    "ID Number": "14603993"
  },
  {
    "ID Number": "14615096"
  },
  {
    "ID Number": "14667851"
  },
  {
    "ID Number": "14601052"
  },
  {
    "ID Number": "14605163"
  },
  {
    "ID Number": "14604477"
  },
  {
    "ID Number": "14600455"
  },
  {
    "ID Number": "14620561"
  },
  {
    "ID Number": "14601788"
  },
  {
    "ID Number": "14600510"
  },
  {
    "ID Number": "14609720"
  },
  {
    "ID Number": "14638215"
  },
  {
    "ID Number": "14635275"
  },
  {
    "ID Number": "14606356"
  },
  {
    "ID Number": "14617234"
  },
  {
    "ID Number": "14623277"
  },
  {
    "ID Number": "14669145"
  },
  {
    "ID Number": "14610906"
  },
  {
    "ID Number": "14640376"
  },
  {
    "ID Number": "14642999"
  },
  {
    "ID Number": "14608251"
  },
  {
    "ID Number": "14648695"
  },
  {
    "ID Number": "14672227"
  },
  {
    "ID Number": "14638231"
  },
  {
    "ID Number": "14655179"
  },
  {
    "ID Number": "14629232"
  },
  {
    "ID Number": "14654261"
  },
  {
    "ID Number": "14600978"
  },
  {
    "ID Number": "14603179"
  },
  {
    "ID Number": "14605384"
  },
  {
    "ID Number": "14614049"
  },
  {
    "ID Number": "14613409"
  },
  {
    "ID Number": "14607530"
  },
  {
    "ID Number": "14646153"
  },
  {
    "ID Number": "14602865"
  },
  {
    "ID Number": "14607824"
  },
  {
    "ID Number": "14652382"
  },
  {
    "ID Number": "14607433"
  },
  {
    "ID Number": "14634414"
  },
  {
    "ID Number": "14641020"
  },
  {
    "ID Number": "14638436"
  },
  {
    "ID Number": "14658500"
  },
  {
    "ID Number": "14664330"
  },
  {
    "ID Number": "14603950"
  },
  {
    "ID Number": "14654130"
  },
  {
    "ID Number": "14608731"
  },
  {
    "ID Number": "14600064"
  },
  {
    "ID Number": "14600463"
  },
  {
    "ID Number": "14638266"
  },
  {
    "ID Number": "14611074"
  },
  {
    "ID Number": "14609762"
  },
  {
    "ID Number": "14635500"
  },
  {
    "ID Number": "14600528"
  },
  {
    "ID Number": "14605171"
  },
  {
    "ID Number": "14605660"
  },
  {
    "ID Number": "14607603"
  },
  {
    "ID Number": "14611872"
  },
  {
    "ID Number": "14603284"
  },
  {
    "ID Number": "14604442"
  },
  {
    "ID Number": "14652412"
  },
  {
    "ID Number": "14655950"
  },
  {
    "ID Number": "14601044"
  },
  {
    "ID Number": "14613603"
  },
  {
    "ID Number": "14671212"
  },
  {
    "ID Number": "14608383"
  },
  {
    "ID Number": "14608553"
  },
  {
    "ID Number": "14612585"
  },
  {
    "ID Number": "14640082"
  },
  {
    "ID Number": "14600102"
  },
  {
    "ID Number": "14600226"
  },
  {
    "ID Number": "14613140"
  },
  {
    "ID Number": "14608480"
  },
  {
    "ID Number": "14611503"
  },
  {
    "ID Number": "14645157"
  },
  {
    "ID Number": "14613999"
  },
  {
    "ID Number": "938270"
  },
  {
    "ID Number": "14666189"
  },
  {
    "ID Number": "14634015"
  },
  {
    "ID Number": "14653044"
  },
  {
    "ID Number": "14615134"
  },
  {
    "ID Number": "14603802"
  },
  {
    "ID Number": "14602733"
  },
  {
    "ID Number": "14659980"
  },
  {
    "ID Number": "14614871"
  },
  {
    "ID Number": "14614880"
  },
  {
    "ID Number": "14608740"
  },
  {
    "ID Number": "14644231"
  },
  {
    "ID Number": "14606690"
  },
  {
    "ID Number": "14634759"
  },
  {
    "ID Number": "14605813"
  },
  {
    "ID Number": "14622882"
  },
  {
    "ID Number": "14648652"
  },
  {
    "ID Number": "14609789"
  },
  {
    "ID Number": "4160258"
  },
  {
    "ID Number": "14634805"
  },
  {
    "ID Number": "14638703"
  },
  {
    "ID Number": "14625300"
  },
  {
    "ID Number": "14609290"
  },
  {
    "ID Number": "14629941"
  },
  {
    "ID Number": "14646064"
  },
  {
    "ID Number": "14621142"
  },
  {
    "ID Number": "14633647"
  },
  {
    "ID Number": "14602237"
  },
  {
    "ID Number": "14603829"
  },
  {
    "ID Number": "14609827"
  },
  {
    "ID Number": "14601761"
  },
  {
    "ID Number": "14643090"
  },
  {
    "ID Number": "14654822"
  },
  {
    "ID Number": "14664283"
  },
  {
    "ID Number": "14612593"
  },
  {
    "ID Number": "14609835"
  },
  {
    "ID Number": "14609843"
  },
  {
    "ID Number": "14618141"
  },
  {
    "ID Number": "14667207"
  },
  {
    "ID Number": "14610922"
  },
  {
    "ID Number": "14609681"
  },
  {
    "ID Number": "14610930"
  },
  {
    "ID Number": "14653346"
  },
  {
    "ID Number": "14610019"
  },
  {
    "ID Number": "14667193"
  },
  {
    "ID Number": "14643456"
  },
  {
    "ID Number": "14633230"
  },
  {
    "ID Number": "14606496"
  },
  {
    "ID Number": "14605392"
  },
  {
    "ID Number": "14643707"
  },
  {
    "ID Number": "14635283"
  },
  {
    "ID Number": "14637707"
  },
  {
    "ID Number": "14635801"
  },
  {
    "ID Number": "14601125"
  },
  {
    "ID Number": "14607077"
  },
  {
    "ID Number": "14606747"
  },
  {
    "ID Number": "14602261"
  },
  {
    "ID Number": "14608774"
  },
  {
    "ID Number": "14613344"
  },
  {
    "ID Number": "14619199"
  },
  {
    "ID Number": "14613433"
  },
  {
    "ID Number": "14632071"
  },
  {
    "ID Number": "14611643"
  },
  {
    "ID Number": "14638754"
  },
  {
    "ID Number": "14615150"
  },
  {
    "ID Number": "14610787"
  },
  {
    "ID Number": "14644169"
  },
  {
    "ID Number": "14639475"
  },
  {
    "ID Number": "14607832"
  },
  {
    "ID Number": "14644193"
  },
  {
    "ID Number": "14605821"
  },
  {
    "ID Number": "14612607"
  },
  {
    "ID Number": "14663112"
  },
  {
    "ID Number": "14619148"
  },
  {
    "ID Number": "14623889"
  },
  {
    "ID Number": "14609380"
  },
  {
    "ID Number": "14652510"
  },
  {
    "ID Number": "14615169"
  },
  {
    "ID Number": "14652552"
  },
  {
    "ID Number": "14659875"
  },
  {
    "ID Number": "24130737"
  },
  {
    "ID Number": "14607042"
  },
  {
    "ID Number": "14632870"
  },
  {
    "ID Number": "14615185"
  },
  {
    "ID Number": "14648571"
  },
  {
    "ID Number": "14613360"
  },
  {
    "ID Number": "14604736"
  },
  {
    "ID Number": "14637960"
  },
  {
    "ID Number": "14629119"
  },
  {
    "ID Number": "14638819"
  },
  {
    "ID Number": "14631555"
  },
  {
    "ID Number": "14607840"
  },
  {
    "ID Number": "14625288"
  },
  {
    "ID Number": "14670453"
  },
  {
    "ID Number": "14601346"
  },
  {
    "ID Number": "14607441"
  },
  {
    "ID Number": "14608324"
  },
  {
    "ID Number": "14602199"
  },
  {
    "ID Number": "14631750"
  },
  {
    "ID Number": "14606321"
  },
  {
    "ID Number": "14609304"
  },
  {
    "ID Number": "14600676"
  },
  {
    "ID Number": "14602393"
  },
  {
    "ID Number": "14606542"
  },
  {
    "ID Number": "14671573"
  },
  {
    "ID Number": "14601680"
  },
  {
    "ID Number": "14624559"
  },
  {
    "ID Number": "14674564"
  },
  {
    "ID Number": "14640660"
  },
  {
    "ID Number": "14653311"
  },
  {
    "ID Number": "14611007"
  },
  {
    "ID Number": "14607875"
  },
  {
    "ID Number": "14613832"
  },
  {
    "ID Number": "14628392"
  },
  {
    "ID Number": "14652498"
  },
  {
    "ID Number": "14603675"
  },
  {
    "ID Number": "14673266"
  },
  {
    "ID Number": "14601257"
  },
  {
    "ID Number": "14603373"
  },
  {
    "ID Number": "14627779"
  },
  {
    "ID Number": "14635810"
  },
  {
    "ID Number": "14611015"
  },
  {
    "ID Number": "14612917"
  },
  {
    "ID Number": "14643723"
  },
  {
    "ID Number": "14644380"
  },
  {
    "ID Number": "14610183"
  },
  {
    "ID Number": "14610949"
  },
  {
    "ID Number": "14610191"
  },
  {
    "ID Number": "14608332"
  },
  {
    "ID Number": "14661136"
  },
  {
    "ID Number": "14601745"
  },
  {
    "ID Number": "14603497"
  },
  {
    "ID Number": "14605732"
  },
  {
    "ID Number": "14606976"
  },
  {
    "ID Number": "14603098"
  },
  {
    "ID Number": "14612062"
  },
  {
    "ID Number": "14602717"
  },
  {
    "ID Number": "14656981"
  },
  {
    "ID Number": "14656582"
  },
  {
    "ID Number": "14656574"
  },
  {
    "ID Number": "14610833"
  },
  {
    "ID Number": "14675188"
  },
  {
    "ID Number": "14605740"
  },
  {
    "ID Number": "14645092"
  },
  {
    "ID Number": "14646110"
  },
  {
    "ID Number": "14142716"
  },
  {
    "ID Number": "14119960"
  },
  {
    "ID Number": "14662558"
  },
  {
    "ID Number": "14628880"
  },
  {
    "ID Number": "14605899"
  },
  {
    "ID Number": "14656809"
  },
  {
    "ID Number": "14605376"
  },
  {
    "ID Number": "14609339"
  },
  {
    "ID Number": "14600722"
  },
  {
    "ID Number": "14623307"
  },
  {
    "ID Number": "14626276"
  },
  {
    "ID Number": "14613620"
  },
  {
    "ID Number": "14604345"
  },
  {
    "ID Number": "14628848"
  },
  {
    "ID Number": "14625709"
  },
  {
    "ID Number": "14635828"
  },
  {
    "ID Number": "14606100"
  },
  {
    "ID Number": "14612615"
  },
  {
    "ID Number": "14604990"
  },
  {
    "ID Number": "14607352"
  },
  {
    "ID Number": "14607549"
  },
  {
    "ID Number": "14635100"
  },
  {
    "ID Number": "14629461"
  },
  {
    "ID Number": "14629615"
  },
  {
    "ID Number": "14611716"
  },
  {
    "ID Number": "14605945"
  },
  {
    "ID Number": "14608499"
  },
  {
    "ID Number": "14613239"
  },
  {
    "ID Number": "14601931"
  },
  {
    "ID Number": "14603055"
  },
  {
    "ID Number": "14601842"
  },
  {
    "ID Number": "14603292"
  },
  {
    "ID Number": "14639556"
  },
  {
    "ID Number": "14654270"
  },
  {
    "ID Number": "14607050"
  },
  {
    "ID Number": "14666910"
  },
  {
    "ID Number": "14611880"
  },
  {
    "ID Number": "14665778"
  },
  {
    "ID Number": "14605031"
  },
  {
    "ID Number": "14600170"
  },
  {
    "ID Number": "14607891"
  },
  {
    "ID Number": "14600650"
  },
  {
    "ID Number": "14603942"
  },
  {
    "ID Number": "14632667"
  },
  {
    "ID Number": "14611341"
  },
  {
    "ID Number": "14601435"
  },
  {
    "ID Number": "14610442"
  },
  {
    "ID Number": "14609452"
  },
  {
    "ID Number": "14606461"
  },
  {
    "ID Number": "14644975"
  },
  {
    "ID Number": "14620405"
  },
  {
    "ID Number": "14602326"
  },
  {
    "ID Number": "14612445"
  },
  {
    "ID Number": "14601966"
  },
  {
    "ID Number": "73009768"
  },
  {
    "ID Number": "14614103"
  },
  {
    "ID Number": "14636050"
  },
  {
    "ID Number": "14606682"
  },
  {
    "ID Number": "14616130"
  },
  {
    "ID Number": "14602040"
  },
  {
    "ID Number": "14632470"
  },
  {
    "ID Number": "14641704"
  },
  {
    "ID Number": "14611783"
  },
  {
    "ID Number": "14628554"
  },
  {
    "ID Number": "14607751"
  },
  {
    "ID Number": "14604850"
  },
  {
    "ID Number": "14633981"
  },
  {
    "ID Number": "14618834"
  },
  {
    "ID Number": "14605759"
  },
  {
    "ID Number": "14605430"
  },
  {
    "ID Number": "14603586"
  },
  {
    "ID Number": "14604957"
  },
  {
    "ID Number": "14657392"
  },
  {
    "ID Number": "14605198"
  },
  {
    "ID Number": "14605791"
  },
  {
    "ID Number": "14646170"
  },
  {
    "ID Number": "14637200"
  },
  {
    "ID Number": "14621460"
  },
  {
    "ID Number": "14614324"
  },
  {
    "ID Number": "14634724"
  },
  {
    "ID Number": "14650932"
  },
  {
    "ID Number": "14634058"
  },
  {
    "ID Number": "14644916"
  },
  {
    "ID Number": "14641062"
  },
  {
    "ID Number": "14640848"
  },
  {
    "ID Number": "14609851"
  },
  {
    "ID Number": "14605953"
  },
  {
    "ID Number": "14603110"
  },
  {
    "ID Number": "14606798"
  },
  {
    "ID Number": "14619202"
  },
  {
    "ID Number": "14619008"
  },
  {
    "ID Number": "14608812"
  },
  {
    "ID Number": "14649535"
  },
  {
    "ID Number": "14609312"
  },
  {
    "ID Number": "14638126"
  },
  {
    "ID Number": "14601524"
  },
  {
    "ID Number": "14638738"
  },
  {
    "ID Number": "14613247"
  },
  {
    "ID Number": "14605830"
  },
  {
    "ID Number": "14651203"
  },
  {
    "ID Number": "14633213"
  },
  {
    "ID Number": "14621185"
  },
  {
    "ID Number": "14605546"
  },
  {
    "ID Number": "73008311"
  },
  {
    "ID Number": "14602563"
  },
  {
    "ID Number": "14605082"
  },
  {
    "ID Number": "14617056"
  },
  {
    "ID Number": "14613441"
  },
  {
    "ID Number": "14611023"
  },
  {
    "ID Number": "14602210"
  },
  {
    "ID Number": "14612623"
  },
  {
    "ID Number": "14670658"
  },
  {
    "ID Number": "14601443"
  },
  {
    "ID Number": "14611104"
  },
  {
    "ID Number": "14625717"
  },
  {
    "ID Number": "14620820"
  },
  {
    "ID Number": "14603918"
  },
  {
    "ID Number": "14660466"
  },
  {
    "ID Number": "14619628"
  },
  {
    "ID Number": "14627256"
  },
  {
    "ID Number": "14620596"
  },
  {
    "ID Number": "14615231"
  },
  {
    "ID Number": "14628619"
  },
  {
    "ID Number": "14600307"
  },
  {
    "ID Number": "14604400"
  },
  {
    "ID Number": "14637545"
  },
  {
    "ID Number": "14667282"
  },
  {
    "ID Number": "14671832"
  },
  {
    "ID Number": "14670917"
  },
  {
    "ID Number": "14604418"
  },
  {
    "ID Number": "14606127"
  },
  {
    "ID Number": "938335"
  },
  {
    "ID Number": "14603365"
  },
  {
    "ID Number": "14629038"
  },
  {
    "ID Number": "14605090"
  },
  {
    "ID Number": "14600897"
  },
  {
    "ID Number": "14608405"
  },
  {
    "ID Number": "14661470"
  },
  {
    "ID Number": "14655306"
  },
  {
    "ID Number": "14602903"
  },
  {
    "ID Number": "14656434"
  },
  {
    "ID Number": "14634597"
  },
  {
    "ID Number": "14624982"
  },
  {
    "ID Number": "14653273"
  },
  {
    "ID Number": "14605040"
  },
  {
    "ID Number": "14618842"
  },
  {
    "ID Number": "14620243"
  },
  {
    "ID Number": "14603640"
  },
  {
    "ID Number": "14611457"
  },
  {
    "ID Number": "14604310"
  },
  {
    "ID Number": "14604914"
  },
  {
    "ID Number": "14610841"
  },
  {
    "ID Number": "14633833"
  },
  {
    "ID Number": "14608391"
  },
  {
    "ID Number": "14607913"
  },
  {
    "ID Number": "14610167"
  },
  {
    "ID Number": "14610809"
  },
  {
    "ID Number": "14607360"
  },
  {
    "ID Number": "14638223"
  },
  {
    "ID Number": "14636549"
  },
  {
    "ID Number": "14619750"
  },
  {
    "ID Number": "14601311"
  },
  {
    "ID Number": "14602407"
  },
  {
    "ID Number": "14610329"
  },
  {
    "ID Number": "14625458"
  },
  {
    "ID Number": "14600668"
  },
  {
    "ID Number": "14600056"
  },
  {
    "ID Number": "14632985"
  },
  {
    "ID Number": "14611791"
  },
  {
    "ID Number": "14641798"
  },
  {
    "ID Number": "14634600"
  },
  {
    "ID Number": "14641100"
  },
  {
    "ID Number": "14624001"
  },
  {
    "ID Number": "14604965"
  },
  {
    "ID Number": "14601010"
  },
  {
    "ID Number": "14604612"
  },
  {
    "ID Number": "14603136"
  },
  {
    "ID Number": "14601796"
  },
  {
    "ID Number": "14624680"
  },
  {
    "ID Number": "14600765"
  },
  {
    "ID Number": "14605104"
  },
  {
    "ID Number": "14611031"
  },
  {
    "ID Number": "14611902"
  },
  {
    "ID Number": "73006718"
  },
  {
    "ID Number": "14611112"
  },
  {
    "ID Number": "14615240"
  },
  {
    "ID Number": "14600544"
  },
  {
    "ID Number": "14602598"
  },
  {
    "ID Number": "14640198"
  },
  {
    "ID Number": "14619725"
  },
  {
    "ID Number": "14620413"
  },
  {
    "ID Number": "14610264"
  },
  {
    "ID Number": "14602342"
  },
  {
    "ID Number": "14607930"
  },
  {
    "ID Number": "14601532"
  },
  {
    "ID Number": "14611139"
  },
  {
    "ID Number": "14608855"
  },
  {
    "ID Number": "14613760"
  },
  {
    "ID Number": "14604361"
  },
  {
    "ID Number": "14628678"
  },
  {
    "ID Number": "14647427"
  },
  {
    "ID Number": "14606739"
  },
  {
    "ID Number": "14600242"
  },
  {
    "ID Number": "14601559"
  },
  {
    "ID Number": "14618850"
  },
  {
    "ID Number": "14652048"
  },
  {
    "ID Number": "14603896"
  },
  {
    "ID Number": "14610086"
  },
  {
    "ID Number": "14653052"
  },
  {
    "ID Number": "14600501"
  },
  {
    "ID Number": "14646668"
  },
  {
    "ID Number": "14625784"
  },
  {
    "ID Number": "14652536"
  },
  {
    "ID Number": "14658518"
  },
  {
    "ID Number": "14629470"
  },
  {
    "ID Number": "14605961"
  },
  {
    "ID Number": "14640139"
  },
  {
    "ID Number": "14644290"
  },
  {
    "ID Number": "14644479"
  },
  {
    "ID Number": "14613646"
  },
  {
    "ID Number": "14638339"
  },
  {
    "ID Number": "14653907"
  },
  {
    "ID Number": "14602334"
  },
  {
    "ID Number": "14605368"
  },
  {
    "ID Number": "14603322"
  },
  {
    "ID Number": "14602148"
  },
  {
    "ID Number": "14600811"
  },
  {
    "ID Number": "14655454"
  },
  {
    "ID Number": "14650894"
  },
  {
    "ID Number": "14627949"
  },
  {
    "ID Number": "14602245"
  },
  {
    "ID Number": "14632861"
  },
  {
    "ID Number": "14653524"
  },
  {
    "ID Number": "14629763"
  },
  {
    "ID Number": "14605201"
  },
  {
    "ID Number": "14602520"
  },
  {
    "ID Number": "14604582"
  },
  {
    "ID Number": "14602016"
  },
  {
    "ID Number": "14679329"
  },
  {
    "ID Number": "14620316"
  },
  {
    "ID Number": "14640805"
  },
  {
    "ID Number": "14643740"
  },
  {
    "ID Number": "14600404"
  },
  {
    "ID Number": "14604531"
  },
  {
    "ID Number": "14618770"
  },
  {
    "ID Number": "14610213"
  },
  {
    "ID Number": "14646323"
  },
  {
    "ID Number": "14667541"
  },
  {
    "ID Number": "14601087"
  },
  {
    "ID Number": "14639564"
  },
  {
    "ID Number": "14605848"
  },
  {
    "ID Number": "14607301"
  },
  {
    "ID Number": "14602431"
  },
  {
    "ID Number": "14654440"
  },
  {
    "ID Number": "14619164"
  },
  {
    "ID Number": "14630010"
  },
  {
    "ID Number": "14615290"
  },
  {
    "ID Number": "14656736"
  },
  {
    "ID Number": "73012882"
  },
  {
    "ID Number": "14607492"
  },
  {
    "ID Number": "14609860"
  },
  {
    "ID Number": "14637839"
  },
  {
    "ID Number": "14637251"
  },
  {
    "ID Number": "14652900"
  },
  {
    "ID Number": "12966460"
  },
  {
    "ID Number": "14600820"
  },
  {
    "ID Number": "14627590"
  },
  {
    "ID Number": "14614987"
  },
  {
    "ID Number": "14613662"
  },
  {
    "ID Number": "14613670"
  },
  {
    "ID Number": "14614057"
  },
  {
    "ID Number": "14606437"
  },
  {
    "ID Number": "14624095"
  },
  {
    "ID Number": "14603691"
  },
  {
    "ID Number": "14625172"
  },
  {
    "ID Number": "14658550"
  },
  {
    "ID Number": "14631768"
  },
  {
    "ID Number": "14628791"
  },
  {
    "ID Number": "14620510"
  },
  {
    "ID Number": "14620367"
  },
  {
    "ID Number": "14603624"
  },
  {
    "ID Number": "14607611"
  },
  {
    "ID Number": "14625199"
  },
  {
    "ID Number": "14637782"
  },
  {
    "ID Number": "14607948"
  },
  {
    "ID Number": "14629046"
  },
  {
    "ID Number": "14648717"
  },
  {
    "ID Number": "14640856"
  },
  {
    "ID Number": "14654334"
  },
  {
    "ID Number": "14611155"
  },
  {
    "ID Number": "14602180"
  },
  {
    "ID Number": "14602628"
  },
  {
    "ID Number": "14625806"
  },
  {
    "ID Number": "14640325"
  },
  {
    "ID Number": "14633019"
  },
  {
    "ID Number": "14611910"
  },
  {
    "ID Number": "14625814"
  },
  {
    "ID Number": "14601028"
  },
  {
    "ID Number": "14650967"
  },
  {
    "ID Number": "14613859"
  },
  {
    "ID Number": "14604264"
  },
  {
    "ID Number": "14605562"
  },
  {
    "ID Number": "14604060"
  },
  {
    "ID Number": "14613867"
  },
  {
    "ID Number": "14603926"
  },
  {
    "ID Number": "14650975"
  },
  {
    "ID Number": "14604523"
  },
  {
    "ID Number": "14610515"
  },
  {
    "ID Number": "14605724"
  },
  {
    "ID Number": "14600153"
  },
  {
    "ID Number": "14607093"
  },
  {
    "ID Number": "14608618"
  },
  {
    "ID Number": "14611929"
  },
  {
    "ID Number": "14628066"
  },
  {
    "ID Number": "14608235"
  },
  {
    "ID Number": "14619300"
  },
  {
    "ID Number": "14615304"
  },
  {
    "ID Number": "14671557"
  },
  {
    "ID Number": "14629402"
  },
  {
    "ID Number": "14604019"
  },
  {
    "ID Number": "14620286"
  },
  {
    "ID Number": "14615312"
  },
  {
    "ID Number": "14656230"
  },
  {
    "ID Number": "14615320"
  },
  {
    "ID Number": "14608880"
  },
  {
    "ID Number": "14623340"
  },
  {
    "ID Number": "14610027"
  },
  {
    "ID Number": "14607956"
  },
  {
    "ID Number": "14672308"
  },
  {
    "ID Number": "14640910"
  },
  {
    "ID Number": "14612941"
  },
  {
    "ID Number": "14611368"
  },
  {
    "ID Number": "14604663"
  },
  {
    "ID Number": "14609479"
  },
  {
    "ID Number": "14601508"
  },
  {
    "ID Number": "14640503"
  },
  {
    "ID Number": "14619334"
  },
  {
    "ID Number": "14607972"
  },
  {
    "ID Number": "14637367"
  },
  {
    "ID Number": "14640333"
  },
  {
    "ID Number": "14613786"
  },
  {
    "ID Number": "14609355"
  },
  {
    "ID Number": "14601230"
  },
  {
    "ID Number": "14620693"
  },
  {
    "ID Number": "14610035"
  },
  {
    "ID Number": "14610272"
  },
  {
    "ID Number": "14602229"
  },
  {
    "ID Number": "14625849"
  },
  {
    "ID Number": "14622106"
  },
  {
    "ID Number": "14602091"
  },
  {
    "ID Number": "14603012"
  },
  {
    "ID Number": "14661535"
  },
  {
    "ID Number": "14656272"
  },
  {
    "ID Number": "14659689"
  },
  {
    "ID Number": "14604698"
  },
  {
    "ID Number": "14633655"
  },
  {
    "ID Number": "14609495"
  },
  {
    "ID Number": "14612399"
  },
  {
    "ID Number": "14600935"
  },
  {
    "ID Number": "14615347"
  },
  {
    "ID Number": "14639467"
  },
  {
    "ID Number": "14629488"
  },
  {
    "ID Number": "14628961"
  },
  {
    "ID Number": "14633990"
  },
  {
    "ID Number": "14615355"
  },
  {
    "ID Number": "14603780"
  },
  {
    "ID Number": "14610248"
  },
  {
    "ID Number": "14643804"
  },
  {
    "ID Number": "14655373"
  },
  {
    "ID Number": "14612674"
  },
  {
    "ID Number": "14612682"
  },
  {
    "ID Number": "14645645"
  },
  {
    "ID Number": "14623919"
  },
  {
    "ID Number": "14609509"
  },
  {
    "ID Number": "14602130"
  },
  {
    "ID Number": "14629631"
  },
  {
    "ID Number": "14601885"
  },
  {
    "ID Number": "14608901"
  },
  {
    "ID Number": "14607271"
  },
  {
    "ID Number": "14605902"
  },
  {
    "ID Number": "14638541"
  },
  {
    "ID Number": "14600960"
  },
  {
    "ID Number": "14656108"
  },
  {
    "ID Number": "14603330"
  },
  {
    "ID Number": "14652528"
  },
  {
    "ID Number": "14610531"
  },
  {
    "ID Number": "14606380"
  },
  {
    "ID Number": "14615398"
  },
  {
    "ID Number": "14601737"
  },
  {
    "ID Number": "14608910"
  },
  {
    "ID Number": "14633620"
  },
  {
    "ID Number": "14616696"
  },
  {
    "ID Number": "14608928"
  },
  {
    "ID Number": "14627493"
  },
  {
    "ID Number": "14626616"
  },
  {
    "ID Number": "14615401"
  },
  {
    "ID Number": "14615410"
  },
  {
    "ID Number": "14625130"
  },
  {
    "ID Number": "14605686"
  },
  {
    "ID Number": "14602644"
  },
  {
    "ID Number": "14601214"
  },
  {
    "ID Number": "14629496"
  },
  {
    "ID Number": "14608260"
  },
  {
    "ID Number": "14602024"
  },
  {
    "ID Number": "14606569"
  },
  {
    "ID Number": "14613379"
  },
  {
    "ID Number": "14633779"
  },
  {
    "ID Number": "14612070"
  },
  {
    "ID Number": "14611163"
  },
  {
    "ID Number": "14648440"
  },
  {
    "ID Number": "14600927"
  },
  {
    "ID Number": "14601982"
  },
  {
    "ID Number": "14612160"
  },
  {
    "ID Number": "14606500"
  },
  {
    "ID Number": "14631881"
  },
  {
    "ID Number": "14614111"
  },
  {
    "ID Number": "14600951"
  },
  {
    "ID Number": "14601320"
  },
  {
    "ID Number": "14615452"
  },
  {
    "ID Number": "14644487"
  },
  {
    "ID Number": "14610124"
  },
  {
    "ID Number": "14602474"
  },
  {
    "ID Number": "14654946"
  },
  {
    "ID Number": "14630524"
  },
  {
    "ID Number": "14639386"
  },
  {
    "ID Number": "14600188"
  },
  {
    "ID Number": "14602482"
  },
  {
    "ID Number": "14642956"
  },
  {
    "ID Number": "14635259"
  },
  {
    "ID Number": "14637162"
  },
  {
    "ID Number": "14618877"
  },
  {
    "ID Number": "14604485"
  },
  {
    "ID Number": "14600854"
  },
  {
    "ID Number": "14600560"
  },
  {
    "ID Number": "14607107"
  },
  {
    "ID Number": "14613948"
  },
  {
    "ID Number": "14625504"
  },
  {
    "ID Number": "14607980"
  },
  {
    "ID Number": "14602440"
  },
  {
    "ID Number": "14610566"
  },
  {
    "ID Number": "14643847"
  },
  {
    "ID Number": "14615460"
  },
  {
    "ID Number": "14607999"
  },
  {
    "ID Number": "14606232"
  },
  {
    "ID Number": "14612402"
  },
  {
    "ID Number": "14603527"
  },
  {
    "ID Number": "14604507"
  },
  {
    "ID Number": "14608421"
  },
  {
    "ID Number": "14612690"
  },
  {
    "ID Number": "14604426"
  },
  {
    "ID Number": "14613530"
  },
  {
    "ID Number": "14621401"
  },
  {
    "ID Number": "14618885"
  },
  {
    "ID Number": "14631091"
  },
  {
    "ID Number": "14601915"
  },
  {
    "ID Number": "14632268"
  },
  {
    "ID Number": "14612968"
  },
  {
    "ID Number": "14644100"
  },
  {
    "ID Number": "14641208"
  },
  {
    "ID Number": "14637880"
  },
  {
    "ID Number": "14605449"
  },
  {
    "ID Number": "14637847"
  },
  {
    "ID Number": "14629313"
  },
  {
    "ID Number": "14618893"
  },
  {
    "ID Number": "14603039"
  },
  {
    "ID Number": "14603713"
  },
  {
    "ID Number": "14605180"
  },
  {
    "ID Number": "14647044"
  },
  {
    "ID Number": "14631822"
  },
  {
    "ID Number": "14608006"
  },
  {
    "ID Number": "14605970"
  },
  {
    "ID Number": "14650207"
  },
  {
    "ID Number": "14608952"
  },
  {
    "ID Number": "14633949"
  },
  {
    "ID Number": "14636123"
  },
  {
    "ID Number": "14634449"
  },
  {
    "ID Number": "14615479"
  },
  {
    "ID Number": "14606062"
  },
  {
    "ID Number": "14603853"
  },
  {
    "ID Number": "14637235"
  },
  {
    "ID Number": "14601036"
  },
  {
    "ID Number": "14611180"
  },
  {
    "ID Number": "14603810"
  },
  {
    "ID Number": "14628503"
  },
  {
    "ID Number": "14609517"
  },
  {
    "ID Number": "14667347"
  },
  {
    "ID Number": "14661144"
  },
  {
    "ID Number": "14643812"
  },
  {
    "ID Number": "14638240"
  },
  {
    "ID Number": "14638851"
  },
  {
    "ID Number": "14600609"
  },
  {
    "ID Number": "14605228"
  },
  {
    "ID Number": "14605309"
  },
  {
    "ID Number": "14632748"
  },
  {
    "ID Number": "14610574"
  },
  {
    "ID Number": "14602415"
  },
  {
    "ID Number": "14668289"
  },
  {
    "ID Number": "14661454"
  },
  {
    "ID Number": "14605210"
  },
  {
    "ID Number": "14607298"
  },
  {
    "ID Number": "14610345"
  },
  {
    "ID Number": "14622319"
  },
  {
    "ID Number": "14603381"
  },
  {
    "ID Number": "14604159"
  },
  {
    "ID Number": "14606070"
  },
  {
    "ID Number": "14603241"
  },
  {
    "ID Number": "14646625"
  },
  {
    "ID Number": "14666782"
  },
  {
    "ID Number": "14631784"
  },
  {
    "ID Number": "14608960"
  },
  {
    "ID Number": "14635852"
  },
  {
    "ID Number": "73001015"
  },
  {
    "ID Number": "14629674"
  },
  {
    "ID Number": "14641143"
  },
  {
    "ID Number": "14633752"
  },
  {
    "ID Number": "34116532"
  },
  {
    "ID Number": "14604469"
  },
  {
    "ID Number": "14601826"
  },
  {
    "ID Number": "14628201"
  },
  {
    "ID Number": "14635470"
  },
  {
    "ID Number": "14614278"
  },
  {
    "ID Number": "14629194"
  },
  {
    "ID Number": "14613387"
  },
  {
    "ID Number": "14618621"
  },
  {
    "ID Number": "14619172"
  },
  {
    "ID Number": "14611198"
  },
  {
    "ID Number": "14605325"
  },
  {
    "ID Number": "14615487"
  },
  {
    "ID Number": "14601141"
  },
  {
    "ID Number": "14609614"
  },
  {
    "ID Number": "14642930"
  },
  {
    "ID Number": "14600250"
  },
  {
    "ID Number": "14620588"
  },
  {
    "ID Number": "14619237"
  },
  {
    "ID Number": "14605112"
  },
  {
    "ID Number": "14644436"
  },
  {
    "ID Number": "14604833"
  },
  {
    "ID Number": "14611376"
  },
  {
    "ID Number": "14619865"
  },
  {
    "ID Number": "14603403"
  },
  {
    "ID Number": "934216"
  },
  {
    "ID Number": "14624460"
  },
  {
    "ID Number": "14602512"
  },
  {
    "ID Number": "14611546"
  },
  {
    "ID Number": "14601540"
  },
  {
    "ID Number": "14607344"
  },
  {
    "ID Number": "14633043"
  },
  {
    "ID Number": "14611201"
  },
  {
    "ID Number": "14643286"
  },
  {
    "ID Number": "14641640"
  },
  {
    "ID Number": "14607450"
  },
  {
    "ID Number": "14639726"
  },
  {
    "ID Number": "14600552"
  },
  {
    "ID Number": "14601133"
  },
  {
    "ID Number": "14611414"
  },
  {
    "ID Number": "14612410"
  },
  {
    "ID Number": "14610817"
  },
  {
    "ID Number": "14609622"
  },
  {
    "ID Number": "14608502"
  },
  {
    "ID Number": "14600374"
  },
  {
    "ID Number": "14605554"
  },
  {
    "ID Number": "14634619"
  },
  {
    "ID Number": "14613476"
  },
  {
    "ID Number": "14656248"
  },
  {
    "ID Number": "14659255"
  },
  {
    "ID Number": "14608022"
  },
  {
    "ID Number": "14601206"
  },
  {
    "ID Number": "14641348"
  },
  {
    "ID Number": "14628090"
  },
  {
    "ID Number": "14619245"
  },
  {
    "ID Number": "14604329"
  },
  {
    "ID Number": "54600944"
  },
  {
    "ID Number": "14618907"
  },
  {
    "ID Number": "14601974"
  },
  {
    "ID Number": "14600358"
  },
  {
    "ID Number": "14615495"
  },
  {
    "ID Number": "14609746"
  },
  {
    "ID Number": "14603608"
  },
  {
    "ID Number": "14603160"
  },
  {
    "ID Number": "14605589"
  },
  {
    "ID Number": "14613166"
  },
  {
    "ID Number": "14638053"
  },
  {
    "ID Number": "14653818"
  },
  {
    "ID Number": "14605520"
  },
  {
    "ID Number": "14653699"
  },
  {
    "ID Number": "14655349"
  },
  {
    "ID Number": "14600315"
  },
  {
    "ID Number": "14673762"
  },
  {
    "ID Number": "73006971"
  },
  {
    "ID Number": "14645351"
  },
  {
    "ID Number": "14604213"
  },
  {
    "ID Number": "14626489"
  },
  {
    "ID Number": "14619253"
  },
  {
    "ID Number": "14611554"
  },
  {
    "ID Number": "14672251"
  },
  {
    "ID Number": "14624478"
  },
  {
    "ID Number": "14609410"
  },
  {
    "ID Number": "14609886"
  },
  {
    "ID Number": "14613697"
  },
  {
    "ID Number": "14636689"
  },
  {
    "ID Number": "14631342"
  },
  {
    "ID Number": "14600099"
  },
  {
    "ID Number": "14610043"
  },
  {
    "ID Number": "14612976"
  },
  {
    "ID Number": "14607310"
  },
  {
    "ID Number": "14602270"
  },
  {
    "ID Number": "14608987"
  },
  {
    "ID Number": "14637596"
  },
  {
    "ID Number": "14639629"
  },
  {
    "ID Number": "14659964"
  },
  {
    "ID Number": "14605120"
  },
  {
    "ID Number": "14610353"
  },
  {
    "ID Number": "14606470"
  },
  {
    "ID Number": "14625520"
  },
  {
    "ID Number": "14602946"
  },
  {
    "ID Number": "14600480"
  },
  {
    "ID Number": "14600587"
  },
  {
    "ID Number": "14655985"
  },
  {
    "ID Number": "14655993"
  },
  {
    "ID Number": "14612984"
  },
  {
    "ID Number": "14600048"
  },
  {
    "ID Number": "14600196"
  },
  {
    "ID Number": "14602385"
  },
  {
    "ID Number": "14611538"
  },
  {
    "ID Number": "14607379"
  },
  {
    "ID Number": "14621665"
  },
  {
    "ID Number": "14612704"
  },
  {
    "ID Number": "14604493"
  },
  {
    "ID Number": "14621169"
  },
  {
    "ID Number": "14606240"
  },
  {
    "ID Number": "14605767"
  },
  {
    "ID Number": "14606615"
  },
  {
    "ID Number": "14608278"
  },
  {
    "ID Number": "14605597"
  },
  {
    "ID Number": "14666383"
  },
  {
    "ID Number": "14650622"
  },
  {
    "ID Number": "14612488"
  },
  {
    "ID Number": "14605236"
  },
  {
    "ID Number": "14610655"
  },
  {
    "ID Number": "14606305"
  },
  {
    "ID Number": "14601923"
  },
  {
    "ID Number": "14606909"
  },
  {
    "ID Number": "14607727"
  },
  {
    "ID Number": "14628694"
  },
  {
    "ID Number": "14609002"
  },
  {
    "ID Number": "14615550"
  },
  {
    "ID Number": "14638347"
  },
  {
    "ID Number": "14642298"
  },
  {
    "ID Number": "14600013"
  },
  {
    "ID Number": "14631849"
  },
  {
    "ID Number": "14635879"
  },
  {
    "ID Number": "14612208"
  },
  {
    "ID Number": "14615002"
  },
  {
    "ID Number": "14656361"
  },
  {
    "ID Number": "14607140"
  },
  {
    "ID Number": "14620235"
  },
  {
    "ID Number": "14605708"
  },
  {
    "ID Number": "14601354"
  },
  {
    "ID Number": "14613891"
  },
  {
    "ID Number": "14625059"
  },
  {
    "ID Number": "14600420"
  },
  {
    "ID Number": "14638207"
  },
  {
    "ID Number": "14605333"
  },
  {
    "ID Number": "14615576"
  },
  {
    "ID Number": "14603500"
  },
  {
    "ID Number": "14605910"
  },
  {
    "ID Number": "14603349"
  },
  {
    "ID Number": "14602920"
  },
  {
    "ID Number": "14604140"
  },
  {
    "ID Number": "14629526"
  },
  {
    "ID Number": "14600340"
  },
  {
    "ID Number": "14602849"
  },
  {
    "ID Number": "14638029"
  },
  {
    "ID Number": "14610094"
  },
  {
    "ID Number": "14612453"
  },
  {
    "ID Number": "14609533"
  },
  {
    "ID Number": "14609363"
  },
  {
    "ID Number": "14613328"
  },
  {
    "ID Number": "14602490"
  },
  {
    "ID Number": "14652862"
  },
  {
    "ID Number": "14600234"
  },
  {
    "ID Number": "14621290"
  },
  {
    "ID Number": "14628007"
  },
  {
    "ID Number": "14606593"
  },
  {
    "ID Number": "14602580"
  },
  {
    "ID Number": "14604027"
  },
  {
    "ID Number": "14604272"
  },
  {
    "ID Number": "14632179"
  },
  {
    "ID Number": "14606097"
  },
  {
    "ID Number": "14613298"
  },
  {
    "ID Number": "14608340"
  },
  {
    "ID Number": "14622432"
  },
  {
    "ID Number": "14628384"
  },
  {
    "ID Number": "14621592"
  },
  {
    "ID Number": "14612992"
  },
  {
    "ID Number": "14612720"
  },
  {
    "ID Number": "14612739"
  },
  {
    "ID Number": "14611244"
  },
  {
    "ID Number": "14602504"
  },
  {
    "ID Number": "14609010"
  },
  {
    "ID Number": "14603411"
  },
  {
    "ID Number": "14650940"
  },
  {
    "ID Number": "73001252"
  },
  {
    "ID Number": "14612755"
  },
  {
    "ID Number": "14612763"
  },
  {
    "ID Number": "14604744"
  },
  {
    "ID Number": "14604868"
  },
  {
    "ID Number": "14656868"
  },
  {
    "ID Number": "14605139"
  },
  {
    "ID Number": "14632055"
  },
  {
    "ID Number": "14619032"
  },
  {
    "ID Number": "14612500"
  },
  {
    "ID Number": "14626004"
  },
  {
    "ID Number": "14603438"
  },
  {
    "ID Number": "14604809"
  },
  {
    "ID Number": "14623048"
  },
  {
    "ID Number": "14633264"
  },
  {
    "ID Number": "14605805"
  },
  {
    "ID Number": "14674203"
  },
  {
    "ID Number": "14606623"
  },
  {
    "ID Number": "14611651"
  },
  {
    "ID Number": "14600595"
  },
  {
    "ID Number": "14637693"
  },
  {
    "ID Number": "14605872"
  },
  {
    "ID Number": "14601192"
  },
  {
    "ID Number": "14604043"
  },
  {
    "ID Number": "14600757"
  },
  {
    "ID Number": "14650274"
  },
  {
    "ID Number": "14604370"
  },
  {
    "ID Number": "14603934"
  },
  {
    "ID Number": "14644495"
  },
  {
    "ID Number": "14602539"
  },
  {
    "ID Number": "14604450"
  },
  {
    "ID Number": "14602962"
  },
  {
    "ID Number": "14602970"
  },
  {
    "ID Number": "14640180"
  },
  {
    "ID Number": "14632853"
  },
  {
    "ID Number": "14616831"
  },
  {
    "ID Number": "14609037"
  },
  {
    "ID Number": "14609738"
  },
  {
    "ID Number": "14600790"
  },
  {
    "ID Number": "14609770"
  },
  {
    "ID Number": "14600706"
  },
  {
    "ID Number": "14629240"
  },
  {
    "ID Number": "14629542"
  },
  {
    "ID Number": "14663147"
  },
  {
    "ID Number": "14600986"
  },
  {
    "ID Number": "14645742"
  },
  {
    "ID Number": "14608626"
  },
  {
    "ID Number": "14643154"
  },
  {
    "ID Number": "14615010"
  },
  {
    "ID Number": "14608057"
  },
  {
    "ID Number": "14604175"
  },
  {
    "ID Number": "14604132"
  },
  {
    "ID Number": "14615606"
  },
  {
    "ID Number": "14620120"
  },
  {
    "ID Number": "14625202"
  },
  {
    "ID Number": "14605988"
  },
  {
    "ID Number": "14611953"
  },
  {
    "ID Number": "14624117"
  },
  {
    "ID Number": "14633671"
  },
  {
    "ID Number": "14637766"
  },
  {
    "ID Number": "14603969"
  },
  {
    "ID Number": "14607395"
  },
  {
    "ID Number": "14637170"
  },
  {
    "ID Number": "14608065"
  },
  {
    "ID Number": "14635488"
  },
  {
    "ID Number": "14639963"
  },
  {
    "ID Number": "14639645"
  },
  {
    "ID Number": "14605244"
  },
  {
    "ID Number": "14660288"
  },
  {
    "ID Number": "14609053"
  },
  {
    "ID Number": "14641941"
  },
  {
    "ID Number": "14600137"
  },
  {
    "ID Number": "14603861"
  },
  {
    "ID Number": "14618737"
  },
  {
    "ID Number": "14614081"
  },
  {
    "ID Number": "14611660"
  },
  {
    "ID Number": "14611678"
  },
  {
    "ID Number": "14614090"
  },
  {
    "ID Number": "14603730"
  },
  {
    "ID Number": "14600625"
  },
  {
    "ID Number": "14601800"
  },
  {
    "ID Number": "14600870"
  },
  {
    "ID Number": "14603578"
  },
  {
    "ID Number": "14666510"
  },
  {
    "ID Number": "14679930"
  },
  {
    "ID Number": "14607336"
  },
  {
    "ID Number": "14629321"
  },
  {
    "ID Number": "14615630"
  },
  {
    "ID Number": "14619547"
  },
  {
    "ID Number": "14607409"
  },
  {
    "ID Number": "14605600"
  },
  {
    "ID Number": "14604728"
  },
  {
    "ID Number": "14621843"
  },
  {
    "ID Number": "14603071"
  },
  {
    "ID Number": "14616947"
  },
  {
    "ID Number": "14605317"
  },
  {
    "ID Number": "14627957"
  },
  {
    "ID Number": "14652579"
  },
  {
    "ID Number": "14611040"
  },
  {
    "ID Number": "14600080"
  },
  {
    "ID Number": "14606941"
  },
  {
    "ID Number": "938432"
  },
  {
    "ID Number": "14670933"
  },
  {
    "ID Number": "14629100"
  },
  {
    "ID Number": "14608073"
  },
  {
    "ID Number": "14600943"
  },
  {
    "ID Number": "14631385"
  },
  {
    "ID Number": "14603080"
  },
  {
    "ID Number": "14618559"
  },
  {
    "ID Number": "14637715"
  },
  {
    "ID Number": "14605252"
  },
  {
    "ID Number": "14639769"
  },
  {
    "ID Number": "14606259"
  },
  {
    "ID Number": "14618672"
  },
  {
    "ID Number": "14613425"
  },
  {
    "ID Number": "14631601"
  },
  {
    "ID Number": "14600161"
  },
  {
    "ID Number": "14611961"
  },
  {
    "ID Number": "14608081"
  },
  {
    "ID Number": "14611970"
  },
  {
    "ID Number": "14631580"
  },
  {
    "ID Number": "14637790"
  },
  {
    "ID Number": "14602911"
  },
  {
    "ID Number": "14607158"
  },
  {
    "ID Number": "14600889"
  },
  {
    "ID Number": "14603799"
  },
  {
    "ID Number": "14601893"
  },
  {
    "ID Number": "14628651"
  },
  {
    "ID Number": "14642654"
  },
  {
    "ID Number": "14600285"
  },
  {
    "ID Number": "14604817"
  },
  {
    "ID Number": "14652064"
  },
  {
    "ID Number": "14639750"
  },
  {
    "ID Number": "14600218"
  },
  {
    "ID Number": "14609436"
  },
  {
    "ID Number": "14607166"
  },
  {
    "ID Number": "14643413"
  },
  {
    "ID Number": "14604230"
  },
  {
    "ID Number": "14609800"
  },
  {
    "ID Number": "14633680"
  },
  {
    "ID Number": "14632187"
  },
  {
    "ID Number": "73008044"
  },
  {
    "ID Number": "14647320"
  },
  {
    "ID Number": "14607174"
  },
  {
    "ID Number": "14614014"
  },
  {
    "ID Number": "14653265"
  },
  {
    "ID Number": "14601222"
  },
  {
    "ID Number": "14620324"
  },
  {
    "ID Number": "14629224"
  },
  {
    "ID Number": "14678683"
  },
  {
    "ID Number": "14602350"
  },
  {
    "ID Number": "14608286"
  },
  {
    "ID Number": "14608294"
  },
  {
    "ID Number": "14618788"
  },
  {
    "ID Number": "14608090"
  },
  {
    "ID Number": "14600382"
  },
  {
    "ID Number": "14601621"
  },
  {
    "ID Number": "14655020"
  },
  {
    "ID Number": "14659573"
  },
  {
    "ID Number": "14602610"
  },
  {
    "ID Number": "14613778"
  },
  {
    "ID Number": "14634732"
  },
  {
    "ID Number": "14608359"
  },
  {
    "ID Number": "14614375"
  },
  {
    "ID Number": "14628449"
  },
  {
    "ID Number": "14641623"
  },
  {
    "ID Number": "14659816"
  },
  {
    "ID Number": "14659751"
  },
  {
    "ID Number": "14601877"
  },
  {
    "ID Number": "14614065"
  },
  {
    "ID Number": "14620200"
  },
  {
    "ID Number": "14612089"
  },
  {
    "ID Number": "14654393"
  },
  {
    "ID Number": "14620146"
  },
  {
    "ID Number": "14607182"
  },
  {
    "ID Number": "14621045"
  },
  {
    "ID Number": "14606801"
  },
  {
    "ID Number": "14611988"
  },
  {
    "ID Number": "14604116"
  },
  {
    "ID Number": "14606003"
  },
  {
    "ID Number": "14649845"
  },
  {
    "ID Number": "14606402"
  },
  {
    "ID Number": "14605619"
  },
  {
    "ID Number": "14608103"
  },
  {
    "ID Number": "14615673"
  },
  {
    "ID Number": "14644134"
  },
  {
    "ID Number": "14634422"
  },
  {
    "ID Number": "14634651"
  },
  {
    "ID Number": "14603195"
  },
  {
    "ID Number": "14613018"
  },
  {
    "ID Number": "73008559"
  },
  {
    "ID Number": "14630451"
  },
  {
    "ID Number": "14638428"
  },
  {
    "ID Number": "14644096"
  },
  {
    "ID Number": "14601729"
  },
  {
    "ID Number": "14630125"
  },
  {
    "ID Number": "14651815"
  },
  {
    "ID Number": "14614308"
  },
  {
    "ID Number": "14603187"
  },
  {
    "ID Number": "14605783"
  },
  {
    "ID Number": "14615681"
  },
  {
    "ID Number": "14607476"
  },
  {
    "ID Number": "14605350"
  },
  {
    "ID Number": "14635003"
  },
  {
    "ID Number": "14632276"
  },
  {
    "ID Number": "14637804"
  },
  {
    "ID Number": "14652846"
  },
  {
    "ID Number": "14603560"
  },
  {
    "ID Number": "14619440"
  },
  {
    "ID Number": "14603632"
  },
  {
    "ID Number": "14604639"
  },
  {
    "ID Number": "14600633"
  },
  {
    "ID Number": "14603446"
  },
  {
    "ID Number": "14610620"
  },
  {
    "ID Number": "14651548"
  },
  {
    "ID Number": "14604876"
  },
  {
    "ID Number": "14602695"
  },
  {
    "ID Number": "14613514"
  },
  {
    "ID Number": "14604086"
  },
  {
    "ID Number": "14640708"
  },
  {
    "ID Number": "14669625"
  },
  {
    "ID Number": "14628910"
  },
  {
    "ID Number": "14673185"
  },
  {
    "ID Number": "14600692"
  },
  {
    "ID Number": "14620154"
  },
  {
    "ID Number": "14620081"
  },
  {
    "ID Number": "14607190"
  },
  {
    "ID Number": "14638681"
  },
  {
    "ID Number": "14601001"
  },
  {
    "ID Number": "14603462"
  },
  {
    "ID Number": "14608111"
  },
  {
    "ID Number": "14610361"
  },
  {
    "ID Number": "14667673"
  },
  {
    "ID Number": "14616165"
  },
  {
    "ID Number": "14605856"
  },
  {
    "ID Number": "14602660"
  },
  {
    "ID Number": "14604604"
  },
  {
    "ID Number": "14635011"
  },
  {
    "ID Number": "14637065"
  },
  {
    "ID Number": "14604280"
  },
  {
    "ID Number": "14609096"
  },
  {
    "ID Number": "14609100"
  },
  {
    "ID Number": "14653036"
  },
  {
    "ID Number": "14624958"
  },
  {
    "ID Number": "14627442"
  },
  {
    "ID Number": "14601850"
  },
  {
    "ID Number": "14602075"
  },
  {
    "ID Number": "14604647"
  },
  {
    "ID Number": "14605260"
  },
  {
    "ID Number": "14602679"
  },
  {
    "ID Number": "14612240"
  },
  {
    "ID Number": "14606453"
  },
  {
    "ID Number": "14622211"
  },
  {
    "ID Number": "14627531"
  },
  {
    "ID Number": "14620308"
  },
  {
    "ID Number": "14601567"
  },
  {
    "ID Number": "14644029"
  },
  {
    "ID Number": "14636077"
  },
  {
    "ID Number": "14603543"
  },
  {
    "ID Number": "14630354"
  },
  {
    "ID Number": "14620057"
  },
  {
    "ID Number": "14621363"
  },
  {
    "ID Number": "14605279"
  },
  {
    "ID Number": "14615746"
  },
  {
    "ID Number": "14610370"
  },
  {
    "ID Number": "14612267"
  },
  {
    "ID Number": "14603683"
  },
  {
    "ID Number": "14656671"
  },
  {
    "ID Number": "14622858"
  },
  {
    "ID Number": "14667010"
  },
  {
    "ID Number": "14609126"
  },
  {
    "ID Number": "14601389"
  },
  {
    "ID Number": "14601818"
  },
  {
    "ID Number": "14626233"
  },
  {
    "ID Number": "14609908"
  },
  {
    "ID Number": "14602296"
  },
  {
    "ID Number": "14612828"
  },
  {
    "ID Number": "14613026"
  },
  {
    "ID Number": "14634821"
  },
  {
    "ID Number": "14632810"
  },
  {
    "ID Number": "14638606"
  },
  {
    "ID Number": "14634694"
  },
  {
    "ID Number": "14615797"
  },
  {
    "ID Number": "14637901"
  },
  {
    "ID Number": "14628813"
  },
  {
    "ID Number": "14608448"
  },
  {
    "ID Number": "14612836"
  },
  {
    "ID Number": "14602806"
  },
  {
    "ID Number": "14620723"
  },
  {
    "ID Number": "14615800"
  },
  {
    "ID Number": "14615819"
  },
  {
    "ID Number": "14638380"
  },
  {
    "ID Number": "14601699"
  },
  {
    "ID Number": "522097902"
  },
  {
    "ID Number": "14639599"
  },
  {
    "ID Number": "14605414"
  },
  {
    "ID Number": "14637375"
  },
  {
    "ID Number": "14649217"
  },
  {
    "ID Number": "14645440"
  },
  {
    "ID Number": "14637979"
  },
  {
    "ID Number": "14632721"
  },
  {
    "ID Number": "14132400"
  },
  {
    "ID Number": "14606640"
  },
  {
    "ID Number": "14640120"
  },
  {
    "ID Number": "14600110"
  },
  {
    "ID Number": "14603390"
  },
  {
    "ID Number": "14639874"
  },
  {
    "ID Number": "14600803"
  },
  {
    "ID Number": "14611279"
  },
  {
    "ID Number": "14612283"
  },
  {
    "ID Number": "14603985"
  },
  {
    "ID Number": "14604094"
  },
  {
    "ID Number": "14633698"
  },
  {
    "ID Number": "14616254"
  },
  {
    "ID Number": "14606410"
  },
  {
    "ID Number": "14627965"
  },
  {
    "ID Number": "14627973"
  },
  {
    "ID Number": "14613794"
  },
  {
    "ID Number": "14643901"
  },
  {
    "ID Number": "14601494"
  },
  {
    "ID Number": "14615835"
  },
  {
    "ID Number": "14674661"
  },
  {
    "ID Number": "14601834"
  },
  {
    "ID Number": "14611287"
  },
  {
    "ID Number": "14605058"
  },
  {
    "ID Number": "14604710"
  },
  {
    "ID Number": "14603667"
  },
  {
    "ID Number": "14630702"
  },
  {
    "ID Number": "14640694"
  },
  {
    "ID Number": "14647303"
  },
  {
    "ID Number": "14654814"
  },
  {
    "ID Number": "14621428"
  },
  {
    "ID Number": "14619342"
  },
  {
    "ID Number": "14635208"
  },
  {
    "ID Number": "14621304"
  },
  {
    "ID Number": "14604299"
  },
  {
    "ID Number": "14602687"
  },
  {
    "ID Number": "14638150"
  },
  {
    "ID Number": "54600600"
  },
  {
    "ID Number": "14602172"
  },
  {
    "ID Number": "14601303"
  },
  {
    "ID Number": "14631806"
  },
  {
    "ID Number": "14632756"
  },
  {
    "ID Number": "14607263"
  },
  {
    "ID Number": "14604973"
  },
  {
    "ID Number": "14640619"
  },
  {
    "ID Number": "14666987"
  },
  {
    "ID Number": "14605465"
  },
  {
    "ID Number": "14605651"
  },
  {
    "ID Number": "14605678"
  },
  {
    "ID Number": "14600919"
  },
  {
    "ID Number": "14609967"
  },
  {
    "ID Number": "14605694"
  },
  {
    "ID Number": "14600900"
  },
  {
    "ID Number": "14652633"
  },
  {
    "ID Number": "14602164"
  },
  {
    "ID Number": "14605929"
  },
  {
    "ID Number": "14632284"
  },
  {
    "ID Number": "14607557"
  },
  {
    "ID Number": "14643642"
  },
  {
    "ID Number": "14610388"
  },
  {
    "ID Number": "14600641"
  },
  {
    "ID Number": "14605627"
  },
  {
    "ID Number": "14641313"
  },
  {
    "ID Number": "14633280"
  },
  {
    "ID Number": "14608138"
  },
  {
    "ID Number": "14655217"
  },
  {
    "ID Number": "14606836"
  },
  {
    "ID Number": "14655322"
  },
  {
    "ID Number": "14613042"
  },
  {
    "ID Number": "34341056"
  },
  {
    "ID Number": "14601630"
  },
  {
    "ID Number": "14643758"
  },
  {
    "ID Number": "14601060"
  },
  {
    "ID Number": "14600862"
  },
  {
    "ID Number": "14609550"
  },
  {
    "ID Number": "14603519"
  },
  {
    "ID Number": "14615851"
  },
  {
    "ID Number": "14602067"
  },
  {
    "ID Number": "14611295"
  },
  {
    "ID Number": "14611309"
  },
  {
    "ID Number": "14612461"
  },
  {
    "ID Number": "14604892"
  },
  {
    "ID Number": "14606518"
  },
  {
    "ID Number": "14609118"
  },
  {
    "ID Number": "14602423"
  },
  {
    "ID Number": "14606488"
  },
  {
    "ID Number": "14602857"
  },
  {
    "ID Number": "14638096"
  },
  {
    "ID Number": "14629690"
  },
  {
    "ID Number": "14642506"
  },
  {
    "ID Number": "14603314"
  },
  {
    "ID Number": "14603616"
  },
  {
    "ID Number": "14600498"
  },
  {
    "ID Number": "14622157"
  },
  {
    "ID Number": "14604078"
  },
  {
    "ID Number": "14637243"
  },
  {
    "ID Number": "14602156"
  },
  {
    "ID Number": "14609320"
  },
  {
    "ID Number": "14607506"
  },
  {
    "ID Number": "14602253"
  },
  {
    "ID Number": "14602547"
  },
  {
    "ID Number": "14678276"
  },
  {
    "ID Number": "14600412"
  },
  {
    "ID Number": "14600293"
  },
  {
    "ID Number": "14633639"
  },
  {
    "ID Number": "14659913"
  },
  {
    "ID Number": "14660202"
  },
  {
    "ID Number": "14625148"
  },
  {
    "ID Number": "14602822"
  },
  {
    "ID Number": "14602032"
  },
  {
    "ID Number": "14613921"
  },
  {
    "ID Number": "14653192"
  },
  {
    "ID Number": "14643839"
  },
  {
    "ID Number": "14601958"
  },
  {
    "ID Number": "14620278"
  },
  {
    "ID Number": "14633973"
  },
  {
    "ID Number": "14640716"
  },
  {
    "ID Number": "14641968"
  },
  {
    "ID Number": "14611686"
  },
  {
    "ID Number": "14611449"
  },
  {
    "ID Number": "14635364"
  },
  {
    "ID Number": "73009504"
  },
  {
    "ID Number": "14602830"
  },
  {
    "ID Number": "14604388"
  },
  {
    "ID Number": "14672243"
  },
  {
    "ID Number": "14643898"
  },
  {
    "ID Number": "14634708"
  },
  {
    "ID Number": "14621312"
  },
  {
    "ID Number": "14601753"
  },
  {
    "ID Number": "14645262"
  },
  {
    "ID Number": "14603306"
  },
  {
    "ID Number": "14621223"
  },
  {
    "ID Number": "14604302"
  },
  {
    "ID Number": "14601664"
  },
  {
    "ID Number": "14604906"
  },
  {
    "ID Number": "14629267"
  },
  {
    "ID Number": "14600323"
  },
  {
    "ID Number": "14668041"
  },
  {
    "ID Number": "14618630"
  },
  {
    "ID Number": "14618583"
  },
  {
    "ID Number": "14613727"
  },
  {
    "ID Number": "14601648"
  },
  {
    "ID Number": "14609185"
  },
  {
    "ID Number": "14607018"
  },
  {
    "ID Number": "14614332"
  },
  {
    "ID Number": "14624486"
  },
  {
    "ID Number": "14642166"
  },
  {
    "ID Number": "14654032"
  },
  {
    "ID Number": "14621746"
  },
  {
    "ID Number": "14615894"
  },
  {
    "ID Number": "14600773"
  },
  {
    "ID Number": "14607484"
  },
  {
    "ID Number": "14613930"
  },
  {
    "ID Number": "14604752"
  },
  {
    "ID Number": "14628996"
  },
  {
    "ID Number": "14628473"
  },
  {
    "ID Number": "14600846"
  },
  {
    "ID Number": "14613190"
  },
  {
    "ID Number": "14613204"
  },
  {
    "ID Number": "14646196"
  },
  {
    "ID Number": "14607212"
  },
  {
    "ID Number": "14604590"
  },
  {
    "ID Number": "14604787"
  },
  {
    "ID Number": "14603535"
  },
  {
    "ID Number": "14618800"
  },
  {
    "ID Number": "14637987"
  },
  {
    "ID Number": "14603250"
  },
  {
    "ID Number": "14659956"
  },
  {
    "ID Number": "4137698"
  },
  {
    "ID Number": "14640422"
  },
  {
    "ID Number": "14628708"
  },
  {
    "ID Number": "14629062"
  },
  {
    "ID Number": "14637944"
  },
  {
    "ID Number": "14609282"
  },
  {
    "ID Number": "14609193"
  },
  {
    "ID Number": "14608146"
  },
  {
    "ID Number": "14604922"
  },
  {
    "ID Number": "14634481"
  },
  {
    "ID Number": "14623285"
  },
  {
    "ID Number": "14627663"
  },
  {
    "ID Number": "14605287"
  },
  {
    "ID Number": "14656183"
  },
  {
    "ID Number": "14614294"
  },
  {
    "ID Number": "14608154"
  },
  {
    "ID Number": "14608162"
  },
  {
    "ID Number": "14618982"
  },
  {
    "ID Number": "14627647"
  },
  {
    "ID Number": "14602881"
  },
  {
    "ID Number": "14608308"
  },
  {
    "ID Number": "14606011"
  },
  {
    "ID Number": "14604540"
  },
  {
    "ID Number": "14626144"
  },
  {
    "ID Number": "14634813"
  },
  {
    "ID Number": "14608170"
  },
  {
    "ID Number": "14600684"
  },
  {
    "ID Number": "14613069"
  },
  {
    "ID Number": "14613077"
  },
  {
    "ID Number": "14637189"
  },
  {
    "ID Number": "14614243"
  },
  {
    "ID Number": "14603063"
  },
  {
    "ID Number": "14602890"
  },
  {
    "ID Number": "14610396"
  },
  {
    "ID Number": "14610736"
  },
  {
    "ID Number": "14605295"
  },
  {
    "ID Number": "14619946"
  },
  {
    "ID Number": "13706993"
  },
  {
    "ID Number": "13713051"
  },
  {
    "ID Number": "14606020"
  },
  {
    "ID Number": "14604930"
  },
  {
    "ID Number": "14604167"
  },
  {
    "ID Number": "14604353"
  },
  {
    "ID Number": "14604396"
  },
  {
    "ID Number": "14614022"
  },
  {
    "ID Number": "14603870"
  },
  {
    "ID Number": "14614405"
  },
  {
    "ID Number": "14614391"
  },
  {
    "ID Number": "14612860"
  },
  {
    "ID Number": "14609215"
  },
  {
    "ID Number": "14612879"
  },
  {
    "ID Number": "14610159"
  },
  {
    "ID Number": "14601079"
  },
  {
    "ID Number": "14600781"
  },
  {
    "ID Number": "14601397"
  },
  {
    "ID Number": "14614359"
  },
  {
    "ID Number": "14607425"
  },
  {
    "ID Number": "14635070"
  },
  {
    "ID Number": "14611481"
  },
  {
    "ID Number": "14605473"
  },
  {
    "ID Number": "14610698"
  },
  {
    "ID Number": "14605635"
  },
  {
    "ID Number": "14605643"
  },
  {
    "ID Number": "14615940"
  },
  {
    "ID Number": "14603420"
  },
  {
    "ID Number": "14607069"
  },
  {
    "ID Number": "14602571"
  },
  {
    "ID Number": "14655896"
  },
  {
    "ID Number": "14604248"
  },
  {
    "ID Number": "14633108"
  },
  {
    "ID Number": "14609991"
  },
  {
    "ID Number": "14627981"
  },
  {
    "ID Number": "14634430"
  },
  {
    "ID Number": "14606534"
  },
  {
    "ID Number": "14648237"
  },
  {
    "ID Number": "14609266"
  },
  {
    "ID Number": "14637723"
  },
  {
    "ID Number": "14601990"
  },
  {
    "ID Number": "14619369"
  },
  {
    "ID Number": "14632837"
  },
  {
    "ID Number": "14641003"
  },
  {
    "ID Number": "14627671"
  },
  {
    "ID Number": "14630249"
  },
  {
    "ID Number": "14614030"
  },
  {
    "ID Number": "14615959"
  },
  {
    "ID Number": "14600447"
  },
  {
    "ID Number": "14600617"
  },
  {
    "ID Number": "14602318"
  },
  {
    "ID Number": "14638045"
  },
  {
    "ID Number": "14654873"
  },
  {
    "ID Number": "14628481"
  },
  {
    "ID Number": "14601184"
  },
  {
    "ID Number": "14603128"
  },
  {
    "ID Number": "938211"
  },
  {
    "ID Number": "14602555"
  },
  {
    "ID Number": "14655330"
  },
  {
    "ID Number": "14613085"
  },
  {
    "ID Number": "14659468"
  },
  {
    "ID Number": "14640040"
  },
  {
    "ID Number": "14604620"
  },
  {
    "ID Number": "14606330"
  },
  {
    "ID Number": "14653354"
  },
  {
    "ID Number": "14611325"
  },
  {
    "ID Number": "14668181"
  },
  {
    "ID Number": "14632764"
  },
  {
    "ID Number": "14632772"
  },
  {
    "ID Number": "14608545"
  },
  {
    "ID Number": "14601273"
  },
  {
    "ID Number": "14604221"
  },
  {
    "ID Number": "14646579"
  },
  {
    "ID Number": "14605481"
  },
  {
    "ID Number": "14612364"
  },
  {
    "ID Number": "14605775"
  },
  {
    "ID Number": "14607247"
  },
  {
    "ID Number": "14605511"
  },
  {
    "ID Number": "14640490"
  },
  {
    "ID Number": "14624753"
  },
  {
    "ID Number": "14654296"
  },
  {
    "ID Number": "14610060"
  },
  {
    "ID Number": "14601117"
  },
  {
    "ID Number": "14611465"
  },
  {
    "ID Number": "55606563"
  },
  {
    "ID Number": "14604558"
  },
  {
    "ID Number": "14606429"
  },
  {
    "ID Number": "14602113"
  },
  {
    "ID Number": "14653176"
  },
  {
    "ID Number": "14619733"
  },
  {
    "ID Number": "14621908"
  },
  {
    "ID Number": "14637774"
  },
  {
    "ID Number": "14630281"
  },
  {
    "ID Number": "14602784"
  },
  {
    "ID Number": "14647478"
  },
  {
    "ID Number": "14609371"
  },
  {
    "ID Number": "14607514"
  },
  {
    "ID Number": "14609223"
  },
  {
    "ID Number": "14604655"
  },
  {
    "ID Number": "14619741"
  },
  {
    "ID Number": "14604949"
  },
  {
    "ID Number": "14600269"
  },
  {
    "ID Number": "14606607"
  },
  {
    "ID Number": "14601281"
  },
  {
    "ID Number": "14600579"
  },
  {
    "ID Number": "14601451"
  },
  {
    "ID Number": "14602121"
  },
  {
    "ID Number": "14608219"
  },
  {
    "ID Number": "14603454"
  },
  {
    "ID Number": "14606038"
  },
  {
    "ID Number": "14605490"
  },
  {
    "ID Number": "14604701"
  },
  {
    "ID Number": "14657686"
  },
  {
    "ID Number": "14622165"
  },
  {
    "ID Number": "14633817"
  },
  {
    "ID Number": "14630290"
  },
  {
    "ID Number": "14612038"
  },
  {
    "ID Number": "14656264"
  },
  {
    "ID Number": "14608227"
  },
  {
    "ID Number": "14653826"
  },
  {
    "ID Number": "14605074"
  },
  {
    "ID Number": "14611473"
  },
  {
    "ID Number": "14650215"
  },
  {
    "ID Number": "14603209"
  },
  {
    "ID Number": "14652269"
  },
  {
    "ID Number": "14607689"
  },
  {
    "ID Number": "14640880"
  },
  {
    "ID Number": "14627868"
  },
  {
    "ID Number": "14606658"
  },
  {
    "ID Number": "14670887"
  },
  {
    "ID Number": "14631539"
  },
  {
    "ID Number": "14601150"
  },
  {
    "ID Number": "14621320"
  },
  {
    "ID Number": "14611520"
  },
  {
    "ID Number": "14618923"
  },
  {
    "ID Number": "14621622"
  },
  {
    "ID Number": "14609649"
  },
  {
    "ID Number": "14612046"
  },
  {
    "ID Number": "14609754"
  },
  {
    "ID Number": "14609657"
  },
  {
    "ID Number": "14600366"
  },
  {
    "ID Number": "14638177"
  },
  {
    "ID Number": "14606275"
  },
  {
    "ID Number": "14603047"
  },
  {
    "ID Number": "14610256"
  },
  {
    "ID Number": "14620073"
  },
  {
    "ID Number": "14623927"
  },
  {
    "ID Number": "14606666"
  },
  {
    "ID Number": "14616181"
  },
  {
    "ID Number": "14603772"
  },
  {
    "ID Number": "14634007"
  },
  {
    "ID Number": "14629585"
  },
  {
    "ID Number": "14613395"
  },
  {
    "ID Number": "14623315"
  },
  {
    "ID Number": "14612534"
  },
  {
    "ID Number": "73006270"
  },
  {
    "ID Number": "14626195"
  },
  {
    "ID Number": "14632217"
  },
  {
    "ID Number": "14661373"
  },
  {
    "ID Number": "14642883"
  },
  {
    "ID Number": "14633124"
  },
  {
    "ID Number": "14652986"
  },
  {
    "ID Number": "14648636"
  },
  {
    "ID Number": "14634970"
  },
  {
    "ID Number": "14602601"
  },
  {
    "ID Number": "14609258"
  },
  {
    "ID Number": "14606445"
  },
  {
    "ID Number": "14604337"
  },
  {
    "ID Number": "14648261"
  },
  {
    "ID Number": "14608367"
  },
  {
    "ID Number": "14601656"
  },
  {
    "ID Number": "14604108"
  },
  {
    "ID Number": "14604051"
  },
  {
    "ID Number": "14635763"
  },
  {
    "ID Number": "14606046"
  },
  {
    "ID Number": "14600439"
  },
  {
    "ID Number": "14601109"
  },
  {
    "ID Number": "14602741"
  },
  {
    "ID Number": "14608596"
  },
  {
    "ID Number": "14634856"
  },
  {
    "ID Number": "14610108"
  },
  {
    "ID Number": "14670895"
  },
  {
    "ID Number": "14631725"
  },
  {
    "ID Number": "14674785"
  },
  {
    "ID Number": "14643600"
  },
  {
    "ID Number": "14651971"
  },
  {
    "ID Number": "14607280"
  },
  {
    "ID Number": "14611627"
  },
  {
    "ID Number": "14606631"
  },
  {
    "ID Number": "14629593"
  },
  {
    "ID Number": "14613220"
  },
  {
    "ID Number": "14652420"
  },
  {
    "ID Number": "14600277"
  },
  {
    "ID Number": "14607328"
  },
  {
    "ID Number": "14606054"
  },
  {
    "ID Number": "14608316"
  },
  {
    "ID Number": "14665590"
  },
  {
    "ID Number": "14602814"
  },
  {
    "ID Number": "14617773"
  },
  {
    "ID Number": "14616084"
  },
  {
    "ID Number": "14617765"
  },
  {
    "ID Number": "14622785"
  },
  {
    "ID Number": "14638657"
  }
]