[
  {
    "ID Number": "11001917",
    "Name": "Albert Maketo",
    "Fed": "ZIM",
    "Sex": "M",
    "Title": "",
    "WTit": "",
    "OTit": "",
    "FOA": "1947",
    "Rating": "AUG25",
    "Gms": "0",
    "K": "20",
    "B-day": "1979",
    "Flag": "i"
  },
  {
    "ID Number": "11000457",
    "Name": "Amini, Daud",
    "Fed": "ZIM",
    "Sex": "M",
    "Title": "",
    "WTit": "",
    "OTit": "",
    "FOA": "2045",
    "Rating": "AUG25",
    "Gms": "6",
    "K": "20",
    "B-day": "1983",
    "Flag": ""
  },
  {
    "ID Number": "11001836",
    "Name": "Byron, Gurajena",
    "Fed": "ZIM",
    "Sex": "M",
    "Title": "",
    "WTit": "",
    "OTit": "",
    "FOA": "1990",
    "Rating": "AUG25",
    "Gms": "0",
    "K": "20",
    "B-day": "1985",
    "Flag": "i"
  },
  {
    "ID Number": "11001780",
    "Name": "Castro Bekithemba Sibanda",
    "Fed": "ZIM",
    "Sex": "M",
    "Title": "",
    "WTit": "",
    "OTit": "",
    "FOA": "2072",
    "Rating": "AUG25",
    "Gms": "0",
    "K": "20",
    "B-day": "1988",
    "Flag": "i"
  },
  {
    "ID Number": "11000341",
    "Name": "Chakanyuka, Charles",
    "Fed": "ZIM",
    "Sex": "M",
    "Title": "",
    "WTit": "",
    "OTit": "",
    "FOA": "1967",
    "Rating": "AUG25",
    "Gms": "0",
    "K": "20",
    "B-day": "1973",
    "Flag": "i"
  },
  {
    "ID Number": "11000538",
    "Name": "Charinda, Kudzanayi",
    "Fed": "ZIM",
    "Sex": "F",
    "Title": "WCM",
    "WTit": "WCM",
    "OTit": "",
    "FOA": "1831",
    "Rating": "AUG25",
    "Gms": "0",
    "K": "20",
    "B-day": "1994",
    "Flag": "wi"
  },
  {
    "ID Number": "11000449",
    "Name": "Chimbamu, Elisha",
    "Fed": "ZIM",
    "Sex": "M",
    "Title": "",
    "WTit": "",
    "OTit": "",
    "FOA": "2164",
    "Rating": "AUG25",
    "Gms": "0",
    "K": "20",
    "B-day": "1985",
    "Flag": "i"
  },
  {
    "ID Number": "11000260",
    "Name": "Chipanga, Takaedza",
    "Fed": "ZIM",
    "Sex": "M",
    "Title": "",
    "WTit": "",
    "OTit": "",
    "FOA": "2002",
    "Rating": "AUG25",
    "Gms": "0",
    "K": "20",
    "B-day": "1980",
    "Flag": "i"
  },
  {
    "ID Number": "11001267",
    "Name": "Chitongo, Robert",
    "Fed": "ZIM",
    "Sex": "M",
    "Title": "",
    "WTit": "",
    "OTit": "",
    "FOA": "1591",
    "Rating": "AUG25",
    "Gms": "7",
    "K": "40",
    "B-day": "1975",
    "Flag": ""
  },
  {
    "ID Number": "11011017",
    "Name": "Dambamuromo Tavonga",
    "Fed": "ZIM",
    "Sex": "M",
    "Title": "",
    "WTit": "",
    "OTit": "",
    "FOA": "AFM",
    "Rating": "AUG25",
    "Gms": "1677",
    "K": "0",
    "B-day": "2003",
    "Flag": ""
  },
  {
    "ID Number": "11000600",
    "Name": "Dyakuseni, Peacemaker",
    "Fed": "ZIM",
    "Sex": "M",
    "Title": "",
    "WTit": "",
    "OTit": "",
    "FOA": "1878",
    "Rating": "AUG25",
    "Gms": "0",
    "K": "20",
    "B-day": "0",
    "Flag": "i"
  },
  {
    "ID Number": "11001364",
    "Name": "Elisha, Thabo",
    "Fed": "ZIM",
    "Sex": "M",
    "Title": "",
    "WTit": "",
    "OTit": "",
    "FOA": "1978",
    "Rating": "AUG25",
    "Gms": "0",
    "K": "20",
    "B-day": "1991",
    "Flag": "i"
  },
  {
    "ID Number": "11001852",
    "Name": "Farai, Janyure",
    "Fed": "ZIM",
    "Sex": "M",
    "Title": "",
    "WTit": "",
    "OTit": "",
    "FOA": "1986",
    "Rating": "AUG25",
    "Gms": "0",
    "K": "20",
    "B-day": "1980",
    "Flag": "i"
  },
  {
    "ID Number": "11020628",
    "Name": "Gada Takudzwa Arnold",
    "Fed": "ZIM",
    "Sex": "M",
    "Title": "",
    "WTit": "",
    "OTit": "",
    "FOA": "1737",
    "Rating": "AUG25",
    "Gms": "0",
    "K": "40",
    "B-day": "1997",
    "Flag": ""
  },
  {
    "ID Number": "11001879",
    "Name": "Hamilton Mandeya",
    "Fed": "ZIM",
    "Sex": "M",
    "Title": "",
    "WTit": "",
    "OTit": "",
    "FOA": "1917",
    "Rating": "AUG25",
    "Gms": "0",
    "K": "20",
    "B-day": "1984",
    "Flag": ""
  },
  {
    "ID Number": "11001860",
    "Name": "Heath, Darare",
    "Fed": "ZIM",
    "Sex": "M",
    "Title": "",
    "WTit": "",
    "OTit": "",
    "FOA": "1999",
    "Rating": "AUG25",
    "Gms": "0",
    "K": "20",
    "B-day": "1984",
    "Flag": "i"
  },
  {
    "ID Number": "11003340",
    "Name": "Huang, Ruilin",
    "Fed": "ZIM",
    "Sex": "M",
    "Title": "",
    "WTit": "",
    "OTit": "",
    "FOA": "1597",
    "Rating": "AUG25",
    "Gms": "0",
    "K": "20",
    "B-day": "2002",
    "Flag": "i"
  },
  {
    "ID Number": "11018046",
    "Name": "Kamoyo Kudakwashe",
    "Fed": "ZIM",
    "Sex": "M",
    "Title": "",
    "WTit": "",
    "OTit": "",
    "FOA": "1558",
    "Rating": "AUG25",
    "Gms": "0",
    "K": "40",
    "B-day": "2002",
    "Flag": "i"
  },
  {
    "ID Number": "11002921",
    "Name": "Kawani, Tawanda",
    "Fed": "ZIM",
    "Sex": "M",
    "Title": "",
    "WTit": "",
    "OTit": "",
    "FOA": "1880",
    "Rating": "AUG25",
    "Gms": "0",
    "K": "40",
    "B-day": "1986",
    "Flag": ""
  },
  {
    "ID Number": "11001739",
    "Name": "Madanhi, Van Tariro",
    "Fed": "ZIM",
    "Sex": "M",
    "Title": "",
    "WTit": "",
    "OTit": "",
    "FOA": "1929",
    "Rating": "AUG25",
    "Gms": "9",
    "K": "20",
    "B-day": "1995",
    "Flag": ""
  },
  {
    "ID Number": "11000120",
    "Name": "Makoto, Rodwell",
    "Fed": "ZIM",
    "Sex": "M",
    "Title": "IM",
    "WTit": "FI",
    "OTit": "",
    "FOA": "2354",
    "Rating": "AUG25",
    "Gms": "0",
    "K": "10",
    "B-day": "1987",
    "Flag": ""
  },
  {
    "ID Number": "11003391",
    "Name": "Makwena, Christine",
    "Fed": "ZIM",
    "Sex": "F",
    "Title": "",
    "WTit": "",
    "OTit": "",
    "FOA": "1727",
    "Rating": "AUG25",
    "Gms": "0",
    "K": "20",
    "B-day": "1993",
    "Flag": "wi"
  },
  {
    "ID Number": "11003316",
    "Name": "Mandimutsira, Craig",
    "Fed": "ZIM",
    "Sex": "M",
    "Title": "",
    "WTit": "",
    "OTit": "",
    "FOA": "1648",
    "Rating": "AUG25",
    "Gms": "0",
    "K": "20",
    "B-day": "2002",
    "Flag": ""
  },
  {
    "ID Number": "11001275",
    "Name": "Maravanyika, Charlton",
    "Fed": "ZIM",
    "Sex": "M",
    "Title": "",
    "WTit": "",
    "OTit": "",
    "FOA": "1826",
    "Rating": "AUG25",
    "Gms": "0",
    "K": "20",
    "B-day": "1977",
    "Flag": "i"
  },
  {
    "ID Number": "14300753",
    "Name": "Masango, Spencer",
    "Fed": "ZIM",
    "Sex": "M",
    "Title": "",
    "WTit": "",
    "OTit": "",
    "FOA": "2191",
    "Rating": "AUG25",
    "Gms": "0",
    "K": "20",
    "B-day": "1982",
    "Flag": "i"
  },
  {
    "ID Number": "11002271",
    "Name": "Masimba, Anesu",
    "Fed": "ZIM",
    "Sex": "M",
    "Title": "",
    "WTit": "",
    "OTit": "",
    "FOA": "2088",
    "Rating": "AUG25",
    "Gms": "0",
    "K": "20",
    "B-day": "1991",
    "Flag": "i"
  },
  {
    "ID Number": "158105420",
    "Name": "Matanda, Emmanuel Tatenda",
    "Fed": "ZIM",
    "Sex": "M",
    "Title": "",
    "WTit": "",
    "OTit": "",
    "FOA": "1683",
    "Rating": "AUG25",
    "Gms": "0",
    "K": "40",
    "B-day": "1998",
    "Flag": ""
  },
  {
    "ID Number": "11013010",
    "Name": "Mbondo Donald",
    "Fed": "ZIM",
    "Sex": "M",
    "Title": "",
    "WTit": "",
    "OTit": "",
    "FOA": "1950",
    "Rating": "AUG25",
    "Gms": "7",
    "K": "20",
    "B-day": "2004",
    "Flag": ""
  },
  {
    "ID Number": "11011157",
    "Name": "Moyo Milton Clay",
    "Fed": "ZIM",
    "Sex": "M",
    "Title": "",
    "WTit": "",
    "OTit": "",
    "FOA": "1557",
    "Rating": "AUG25",
    "Gms": "0",
    "K": "20",
    "B-day": "1997",
    "Flag": "i"
  },
  {
    "ID Number": "11000627",
    "Name": "Moyo, Dion",
    "Fed": "ZIM",
    "Sex": "M",
    "Title": "CM",
    "WTit": "",
    "OTit": "",
    "FOA": "2130",
    "Rating": "AUG25",
    "Gms": "0",
    "K": "20",
    "B-day": "0",
    "Flag": ""
  },
  {
    "ID Number": "11000503",
    "Name": "Moyo, Lloyd",
    "Fed": "ZIM",
    "Sex": "M",
    "Title": "",
    "WTit": "",
    "OTit": "",
    "FOA": "1986",
    "Rating": "AUG25",
    "Gms": "0",
    "K": "20",
    "B-day": "1985",
    "Flag": "i"
  },
  {
    "ID Number": "11001895",
    "Name": "Munashe Ziome",
    "Fed": "ZIM",
    "Sex": "M",
    "Title": "",
    "WTit": "",
    "OTit": "",
    "FOA": "1925",
    "Rating": "AUG25",
    "Gms": "0",
    "K": "20",
    "B-day": "1988",
    "Flag": "i"
  },
  {
    "ID Number": "11309504",
    "Name": "Mushore, Emarald Takudzwa",
    "Fed": "ZIM",
    "Sex": "M",
    "Title": "",
    "WTit": "",
    "OTit": "",
    "FOA": "2207",
    "Rating": "AUG25",
    "Gms": "0",
    "K": "20",
    "B-day": "1989",
    "Flag": "i"
  },
  {
    "ID Number": "11010126",
    "Name": "Mushunje Kudakwashe",
    "Fed": "ZIM",
    "Sex": "M",
    "Title": "",
    "WTit": "",
    "OTit": "",
    "FOA": "1581",
    "Rating": "AUG25",
    "Gms": "0",
    "K": "40",
    "B-day": "2000",
    "Flag": ""
  },
  {
    "ID Number": "11002239",
    "Name": "Mutipforo, Moses",
    "Fed": "ZIM",
    "Sex": "M",
    "Title": "",
    "WTit": "NI",
    "OTit": "",
    "FOA": "1973",
    "Rating": "AUG25",
    "Gms": "0",
    "K": "20",
    "B-day": "1982",
    "Flag": "i"
  },
  {
    "ID Number": "11001216",
    "Name": "Ncube, Sifiso",
    "Fed": "ZIM",
    "Sex": "M",
    "Title": "FM",
    "WTit": "",
    "OTit": "",
    "FOA": "1926",
    "Rating": "AUG25",
    "Gms": "0",
    "K": "20",
    "B-day": "1998",
    "Flag": "i"
  },
  {
    "ID Number": "11001178",
    "Name": "Nomalungelo, Mathe",
    "Fed": "ZIM",
    "Sex": "F",
    "Title": "",
    "WTit": "",
    "OTit": "",
    "FOA": "1712",
    "Rating": "AUG25",
    "Gms": "0",
    "K": "20",
    "B-day": "1996",
    "Flag": "wi"
  },
  {
    "ID Number": "11013036",
    "Name": "nyambuya godwish",
    "Fed": "ZIM",
    "Sex": "M",
    "Title": "",
    "WTit": "",
    "OTit": "",
    "FOA": "1571",
    "Rating": "AUG25",
    "Gms": "0",
    "K": "40",
    "B-day": "1990",
    "Flag": ""
  },
  {
    "ID Number": "11027436",
    "Name": "Prince Tafadzwa Gangaidzo",
    "Fed": "ZIM",
    "Sex": "M",
    "Title": "",
    "WTit": "",
    "OTit": "",
    "FOA": "1582",
    "Rating": "AUG25",
    "Gms": "0",
    "K": "40",
    "B-day": "1989",
    "Flag": ""
  },
  {
    "ID Number": "11001283",
    "Name": "Salimu, Reuben",
    "Fed": "ZIM",
    "Sex": "M",
    "Title": "",
    "WTit": "FI,SI",
    "OTit": "",
    "FOA": "AIM",
    "Rating": "AUG25",
    "Gms": "1915",
    "K": "0",
    "B-day": "0",
    "Flag": "i"
  },
  {
    "ID Number": "11001631",
    "Name": "Shaba, Linda Dalitso",
    "Fed": "ZIM",
    "Sex": "F",
    "Title": "",
    "WTit": "",
    "OTit": "",
    "FOA": "1785",
    "Rating": "AUG25",
    "Gms": "0",
    "K": "20",
    "B-day": "1997",
    "Flag": "wi"
  },
  {
    "ID Number": "11014873",
    "Name": "Sibanda Tafadzwa",
    "Fed": "ZIM",
    "Sex": "M",
    "Title": "",
    "WTit": "",
    "OTit": "",
    "FOA": "1861",
    "Rating": "AUG25",
    "Gms": "0",
    "K": "40",
    "B-day": "2005",
    "Flag": ""
  },
  {
    "ID Number": "11016191",
    "Name": "Tanaka Dziyanyi",
    "Fed": "ZIM",
    "Sex": "F",
    "Title": "",
    "WTit": "",
    "OTit": "",
    "FOA": "1823",
    "Rating": "AUG25",
    "Gms": "0",
    "K": "40",
    "B-day": "2002",
    "Flag": "w"
  },
  {
    "ID Number": "11011351",
    "Name": "Tapiwa Junior Chirume",
    "Fed": "ZIM",
    "Sex": "M",
    "Title": "",
    "WTit": "",
    "OTit": "",
    "FOA": "1710",
    "Rating": "AUG25",
    "Gms": "6",
    "K": "40",
    "B-day": "1997",
    "Flag": ""
  },
  {
    "ID Number": "11002123",
    "Name": "Tavagwisa, Lawrence",
    "Fed": "ZIM",
    "Sex": "M",
    "Title": "",
    "WTit": "FI,LSI,NA",
    "OTit": "",
    "FOA": "1876",
    "Rating": "AUG25",
    "Gms": "0",
    "K": "20",
    "B-day": "1996",
    "Flag": "i"
  },
  {
    "ID Number": "11001305",
    "Name": "Wakuruwarewa, Colletta",
    "Fed": "ZIM",
    "Sex": "F",
    "Title": "",
    "WTit": "",
    "OTit": "",
    "FOA": "1795",
    "Rating": "AUG25",
    "Gms": "0",
    "K": "20",
    "B-day": "1993",
    "Flag": "wi"
  },
  {
    "ID Number": "11001313",
    "Name": "Zengeni, Tatenda Melisa",
    "Fed": "ZIM",
    "Sex": "F",
    "Title": "",
    "WTit": "",
    "OTit": "",
    "FOA": "1785",
    "Rating": "AUG25",
    "Gms": "0",
    "K": "20",
    "B-day": "1992",
    "Flag": "wi"
  },
  {
    "ID Number": "11001933",
    "Name": "Zhemba, Jemusse",
    "Fed": "ZIM",
    "Sex": "M",
    "Title": "FM",
    "WTit": "",
    "OTit": "",
    "FOA": "2145",
    "Rating": "AUG25",
    "Gms": "0",
    "K": "20",
    "B-day": "1996",
    "Flag": "i"
  }
]