[
  {
    "ID Number": "11001917"
  },
  {
    "ID Number": "11000457"
  },
  {
    "ID Number": "11001836"
  },
  {
    "ID Number": "11001780"
  },
  {
    "ID Number": "11000341"
  },
  {
    "ID Number": "11000538"
  },
  {
    "ID Number": "11000449"
  },
  {
    "ID Number": "11000260"
  },
  {
    "ID Number": "11001267"
  },
  {
    "ID Number": "11011017"
  },
  {
    "ID Number": "11000600"
  },
  {
    "ID Number": "11001364"
  },
  {
    "ID Number": "11001852"
  },
  {
    "ID Number": "11020628"
  },
  {
    "ID Number": "11001879"
  },
  {
    "ID Number": "11001860"
  },
  {
    "ID Number": "11003340"
  },
  {
    "ID Number": "11018046"
  },
  {
    "ID Number": "11002921"
  },
  {
    "ID Number": "11001739"
  },
  {
    "ID Number": "11000120"
  },
  {
    "ID Number": "11003391"
  },
  {
    "ID Number": "11003316"
  },
  {
    "ID Number": "11001275"
  },
  {
    "ID Number": "14300753"
  },
  {
    "ID Number": "11002271"
  },
  {
    "ID Number": "158105420"
  },
  {
    "ID Number": "11013010"
  },
  {
    "ID Number": "11011157"
  },
  {
    "ID Number": "11000627"
  },
  {
    "ID Number": "11000503"
  },
  {
    "ID Number": "11001895"
  },
  {
    "ID Number": "11309504"
  },
  {
    "ID Number": "11010126"
  },
  {
    "ID Number": "11002239"
  },
  {
    "ID Number": "11001216"
  },
  {
    "ID Number": "11001178"
  },
  {
    "ID Number": "11013036"
  },
  {
    "ID Number": "11027436"
  },
  {
    "ID Number": "11001283"
  },
  {
    "ID Number": "11001631"
  },
  {
    "ID Number": "11014873"
  },
  {
    "ID Number": "11016191"
  },
  {
    "ID Number": "11011351"
  },
  {
    "ID Number": "11002123"
  },
  {
    "ID Number": "11001305"
  },
  {
    "ID Number": "11001313"
  },
  {
    "ID Number": "11001933"
  }
]