[
  {
    "ID Number": "3502589"
  },
  {
    "ID Number": "3519716"
  },
  {
    "ID Number": "3508455"
  },
  {
    "ID Number": "3507610"
  },
  {
    "ID Number": "3529185"
  },
  {
    "ID Number": "3529193"
  },
  {
    "ID Number": "3518736"
  },
  {
    "ID Number": "3518779"
  },
  {
    "ID Number": "3508870"
  },
  {
    "ID Number": "3535410"
  },
  {
    "ID Number": "3521044"
  },
  {
    "ID Number": "3529983"
  },
  {
    "ID Number": "3503313"
  },
  {
    "ID Number": "3500276"
  },
  {
    "ID Number": "3531279"
  },
  {
    "ID Number": "3531791"
  },
  {
    "ID Number": "3501507"
  },
  {
    "ID Number": "3524922"
  },
  {
    "ID Number": "3507408"
  },
  {
    "ID Number": "3507378"
  },
  {
    "ID Number": "3517616"
  },
  {
    "ID Number": "3505120"
  },
  {
    "ID Number": "3500012"
  },
  {
    "ID Number": "3509206"
  },
  {
    "ID Number": "3509753"
  },
  {
    "ID Number": "3501418"
  },
  {
    "ID Number": "3511413"
  },
  {
    "ID Number": "3533727"
  },
  {
    "ID Number": "3514234"
  },
  {
    "ID Number": "3530744"
  },
  {
    "ID Number": "3533506"
  },
  {
    "ID Number": "3507416"
  },
  {
    "ID Number": "3515460"
  },
  {
    "ID Number": "3530000"
  },
  {
    "ID Number": "3535290"
  },
  {
    "ID Number": "3535860"
  },
  {
    "ID Number": "3534120"
  },
  {
    "ID Number": "3511430"
  },
  {
    "ID Number": "3533824"
  },
  {
    "ID Number": "3519600"
  },
  {
    "ID Number": "3513173"
  },
  {
    "ID Number": "3538427"
  },
  {
    "ID Number": "3515915"
  },
  {
    "ID Number": "3516016"
  },
  {
    "ID Number": "3513025"
  },
  {
    "ID Number": "3531554"
  },
  {
    "ID Number": "3511561"
  },
  {
    "ID Number": "3511448"
  },
  {
    "ID Number": "3504239"
  },
  {
    "ID Number": "3516580"
  },
  {
    "ID Number": "3522849"
  },
  {
    "ID Number": "3504921"
  },
  {
    "ID Number": "3500160"
  },
  {
    "ID Number": "3508480"
  },
  {
    "ID Number": "3512959"
  },
  {
    "ID Number": "3535401"
  },
  {
    "ID Number": "3523489"
  },
  {
    "ID Number": "3502171"
  },
  {
    "ID Number": "3515478"
  },
  {
    "ID Number": "3500578"
  },
  {
    "ID Number": "3509958"
  },
  {
    "ID Number": "3528111"
  },
  {
    "ID Number": "3535878"
  },
  {
    "ID Number": "3509214"
  },
  {
    "ID Number": "3530655"
  },
  {
    "ID Number": "3531821"
  },
  {
    "ID Number": "3524493"
  },
  {
    "ID Number": "3510670"
  },
  {
    "ID Number": "3505740"
  },
  {
    "ID Number": "3517152"
  },
  {
    "ID Number": "3502520"
  },
  {
    "ID Number": "3525066"
  },
  {
    "ID Number": "3512070"
  },
  {
    "ID Number": "3508242"
  },
  {
    "ID Number": "3531856"
  },
  {
    "ID Number": "3531627"
  },
  {
    "ID Number": "3533000"
  },
  {
    "ID Number": "3538052"
  },
  {
    "ID Number": "3534154"
  },
  {
    "ID Number": "3516784"
  },
  {
    "ID Number": "3506479"
  },
  {
    "ID Number": "3524507"
  },
  {
    "ID Number": "3533581"
  },
  {
    "ID Number": "3517799"
  },
  {
    "ID Number": "3501990"
  },
  {
    "ID Number": "3520170"
  },
  {
    "ID Number": "3520676"
  },
  {
    "ID Number": "3514250"
  },
  {
    "ID Number": "3524175"
  },
  {
    "ID Number": "3535894"
  },
  {
    "ID Number": "3505952"
  },
  {
    "ID Number": "3516806"
  },
  {
    "ID Number": "3509885"
  },
  {
    "ID Number": "3538257"
  },
  {
    "ID Number": "3515230"
  },
  {
    "ID Number": "3508935"
  },
  {
    "ID Number": "3517071"
  },
  {
    "ID Number": "3537145"
  },
  {
    "ID Number": "3539237"
  },
  {
    "ID Number": "3525007"
  },
  {
    "ID Number": "3501833"
  },
  {
    "ID Number": "3527786"
  },
  {
    "ID Number": "3533867"
  },
  {
    "ID Number": "3535932"
  },
  {
    "ID Number": "3523500"
  },
  {
    "ID Number": "3537560"
  },
  {
    "ID Number": "3504824"
  },
  {
    "ID Number": "3530760"
  },
  {
    "ID Number": "3533530"
  },
  {
    "ID Number": "3520374"
  },
  {
    "ID Number": "3520579"
  },
  {
    "ID Number": "3524140"
  },
  {
    "ID Number": "3508498"
  },
  {
    "ID Number": "3526305"
  },
  {
    "ID Number": "3517179"
  },
  {
    "ID Number": "3538516"
  },
  {
    "ID Number": "3517462"
  },
  {
    "ID Number": "3507084"
  },
  {
    "ID Number": "3508846"
  },
  {
    "ID Number": "3504603"
  },
  {
    "ID Number": "3517470"
  },
  {
    "ID Number": "3535088"
  },
  {
    "ID Number": "3530060"
  },
  {
    "ID Number": "3530647"
  },
  {
    "ID Number": "3507424"
  },
  {
    "ID Number": "3535959"
  },
  {
    "ID Number": "3505235"
  },
  {
    "ID Number": "3522148"
  },
  {
    "ID Number": "3534707"
  },
  {
    "ID Number": "3506541"
  },
  {
    "ID Number": "3525074"
  },
  {
    "ID Number": "3501426"
  },
  {
    "ID Number": "3523870"
  },
  {
    "ID Number": "3504379"
  },
  {
    "ID Number": "3533395"
  },
  {
    "ID Number": "3536700"
  },
  {
    "ID Number": "3506711"
  },
  {
    "ID Number": "3512428"
  },
  {
    "ID Number": "3533875"
  },
  {
    "ID Number": "3535967"
  },
  {
    "ID Number": "3506100"
  },
  {
    "ID Number": "3534642"
  },
  {
    "ID Number": "3517489"
  },
  {
    "ID Number": "3535606"
  },
  {
    "ID Number": "3530086"
  },
  {
    "ID Number": "3528499"
  },
  {
    "ID Number": "3535991"
  },
  {
    "ID Number": "3508781"
  },
  {
    "ID Number": "3509710"
  },
  {
    "ID Number": "3509729"
  },
  {
    "ID Number": "3508072"
  },
  {
    "ID Number": "3508250"
  },
  {
    "ID Number": "3533891"
  },
  {
    "ID Number": "3509877"
  },
  {
    "ID Number": "3533310"
  },
  {
    "ID Number": "3530108"
  },
  {
    "ID Number": "3504158"
  },
  {
    "ID Number": "3516318"
  },
  {
    "ID Number": "3530116"
  },
  {
    "ID Number": "3521494"
  },
  {
    "ID Number": "3523896"
  },
  {
    "ID Number": "3505669"
  },
  {
    "ID Number": "3503585"
  },
  {
    "ID Number": "3530124"
  },
  {
    "ID Number": "3530132"
  },
  {
    "ID Number": "3501809"
  },
  {
    "ID Number": "3504891"
  },
  {
    "ID Number": "3534448"
  },
  {
    "ID Number": "3500179"
  },
  {
    "ID Number": "3512932"
  },
  {
    "ID Number": "3526739"
  },
  {
    "ID Number": "3534502"
  },
  {
    "ID Number": "3535029"
  },
  {
    "ID Number": "3535355"
  },
  {
    "ID Number": "3521753"
  },
  {
    "ID Number": "3507106"
  },
  {
    "ID Number": "3504670"
  },
  {
    "ID Number": "3501965"
  },
  {
    "ID Number": "3500357"
  },
  {
    "ID Number": "3507904"
  },
  {
    "ID Number": "3538079"
  },
  {
    "ID Number": "3507076"
  },
  {
    "ID Number": "3504948"
  },
  {
    "ID Number": "3506649"
  },
  {
    "ID Number": "3533468"
  },
  {
    "ID Number": "3533905"
  },
  {
    "ID Number": "3523136"
  },
  {
    "ID Number": "3516431"
  },
  {
    "ID Number": "3530175"
  },
  {
    "ID Number": "3536734"
  },
  {
    "ID Number": "3508790"
  },
  {
    "ID Number": "3536076"
  },
  {
    "ID Number": "3503178"
  },
  {
    "ID Number": "3515443"
  },
  {
    "ID Number": "3530183"
  },
  {
    "ID Number": "3510310"
  },
  {
    "ID Number": "3521605"
  },
  {
    "ID Number": "3504026"
  },
  {
    "ID Number": "3506371"
  },
  {
    "ID Number": "3533573"
  },
  {
    "ID Number": "3505090"
  },
  {
    "ID Number": "3507629"
  },
  {
    "ID Number": "3538559"
  },
  {
    "ID Number": "3514641"
  },
  {
    "ID Number": "3521370"
  },
  {
    "ID Number": "3534197"
  },
  {
    "ID Number": "3530213"
  },
  {
    "ID Number": "3531120"
  },
  {
    "ID Number": "3512614"
  },
  {
    "ID Number": "3536106"
  },
  {
    "ID Number": "3520714"
  },
  {
    "ID Number": "3510042"
  },
  {
    "ID Number": "3503321"
  },
  {
    "ID Number": "3531899"
  },
  {
    "ID Number": "3531902"
  },
  {
    "ID Number": "3502155"
  },
  {
    "ID Number": "3530221"
  },
  {
    "ID Number": "3536750"
  },
  {
    "ID Number": "3536114"
  },
  {
    "ID Number": "3528731"
  },
  {
    "ID Number": "3513602"
  },
  {
    "ID Number": "3530230"
  },
  {
    "ID Number": "3506045"
  },
  {
    "ID Number": "3526593"
  },
  {
    "ID Number": "3510344"
  },
  {
    "ID Number": "3508005"
  },
  {
    "ID Number": "3513238"
  },
  {
    "ID Number": "3536513"
  },
  {
    "ID Number": "3506363"
  },
  {
    "ID Number": "3502953"
  },
  {
    "ID Number": "3530248"
  },
  {
    "ID Number": "3500837"
  },
  {
    "ID Number": "3522300"
  },
  {
    "ID Number": "3531910"
  },
  {
    "ID Number": "3501752"
  },
  {
    "ID Number": "3537250"
  },
  {
    "ID Number": "3533913"
  },
  {
    "ID Number": "3530256"
  },
  {
    "ID Number": "3503909"
  },
  {
    "ID Number": "3526216"
  },
  {
    "ID Number": "3533590"
  },
  {
    "ID Number": "3508013"
  },
  {
    "ID Number": "3503623"
  },
  {
    "ID Number": "3538834"
  },
  {
    "ID Number": "3524531"
  },
  {
    "ID Number": "3506991"
  },
  {
    "ID Number": "3518256"
  },
  {
    "ID Number": "3511685"
  },
  {
    "ID Number": "3528413"
  },
  {
    "ID Number": "3531945"
  },
  {
    "ID Number": "3530264"
  },
  {
    "ID Number": "3507556"
  },
  {
    "ID Number": "3534936"
  },
  {
    "ID Number": "3510832"
  },
  {
    "ID Number": "3508803"
  },
  {
    "ID Number": "3532844"
  },
  {
    "ID Number": "3511880"
  },
  {
    "ID Number": "3531953"
  },
  {
    "ID Number": "3523616"
  },
  {
    "ID Number": "3508811"
  },
  {
    "ID Number": "3528758"
  },
  {
    "ID Number": "3519155"
  },
  {
    "ID Number": "3500675"
  },
  {
    "ID Number": "3521923"
  },
  {
    "ID Number": "3512649"
  },
  {
    "ID Number": "3534235"
  },
  {
    "ID Number": "3517985"
  },
  {
    "ID Number": "3535061"
  },
  {
    "ID Number": "3534243"
  },
  {
    "ID Number": "3529290"
  },
  {
    "ID Number": "3516270"
  },
  {
    "ID Number": "3516628"
  },
  {
    "ID Number": "3536157"
  },
  {
    "ID Number": "3519546"
  },
  {
    "ID Number": "3530698"
  },
  {
    "ID Number": "3505758"
  },
  {
    "ID Number": "3510662"
  },
  {
    "ID Number": "3520609"
  },
  {
    "ID Number": "3537161"
  },
  {
    "ID Number": "3530299"
  },
  {
    "ID Number": "3500845"
  },
  {
    "ID Number": "3510867"
  },
  {
    "ID Number": "3511626"
  },
  {
    "ID Number": "3524558"
  },
  {
    "ID Number": "3506177"
  },
  {
    "ID Number": "3536777"
  },
  {
    "ID Number": "3531970"
  },
  {
    "ID Number": "3503615"
  },
  {
    "ID Number": "3539334"
  },
  {
    "ID Number": "3500489"
  },
  {
    "ID Number": "3536785"
  },
  {
    "ID Number": "3504794"
  },
  {
    "ID Number": "3507785"
  },
  {
    "ID Number": "3519287"
  },
  {
    "ID Number": "3521400"
  },
  {
    "ID Number": "3513262"
  },
  {
    "ID Number": "3525570"
  },
  {
    "ID Number": "3538184"
  },
  {
    "ID Number": "3512673"
  },
  {
    "ID Number": "3536521"
  },
  {
    "ID Number": "3529401"
  },
  {
    "ID Number": "3529304"
  },
  {
    "ID Number": "3530329"
  },
  {
    "ID Number": "3522539"
  },
  {
    "ID Number": "3509320"
  },
  {
    "ID Number": "3521672"
  },
  {
    "ID Number": "3517870"
  },
  {
    "ID Number": "3506290"
  },
  {
    "ID Number": "3502163"
  },
  {
    "ID Number": "3502066"
  },
  {
    "ID Number": "3530345"
  },
  {
    "ID Number": "3506088"
  },
  {
    "ID Number": "3528626"
  },
  {
    "ID Number": "3526534"
  },
  {
    "ID Number": "3530914"
  },
  {
    "ID Number": "3533930"
  },
  {
    "ID Number": "3534987"
  },
  {
    "ID Number": "3504727"
  },
  {
    "ID Number": "3536203"
  },
  {
    "ID Number": "3511952"
  },
  {
    "ID Number": "3509079"
  },
  {
    "ID Number": "3538621"
  },
  {
    "ID Number": "3530370"
  },
  {
    "ID Number": "3518078"
  },
  {
    "ID Number": "3535711"
  },
  {
    "ID Number": "3521540"
  },
  {
    "ID Number": "3515281"
  },
  {
    "ID Number": "3502376"
  },
  {
    "ID Number": "3515664"
  },
  {
    "ID Number": "3538869"
  },
  {
    "ID Number": "3515575"
  },
  {
    "ID Number": "3533956"
  },
  {
    "ID Number": "3503755"
  },
  {
    "ID Number": "3501167"
  },
  {
    "ID Number": "3507700"
  },
  {
    "ID Number": "3510697"
  },
  {
    "ID Number": "3511502"
  },
  {
    "ID Number": "3537323"
  },
  {
    "ID Number": "3534251"
  },
  {
    "ID Number": "3527433"
  },
  {
    "ID Number": "3529045"
  },
  {
    "ID Number": "3504310"
  },
  {
    "ID Number": "3513092"
  },
  {
    "ID Number": "3504093"
  },
  {
    "ID Number": "3503348"
  },
  {
    "ID Number": "3530396"
  },
  {
    "ID Number": "3518302"
  },
  {
    "ID Number": "3526542"
  },
  {
    "ID Number": "3522563"
  },
  {
    "ID Number": "3503798"
  },
  {
    "ID Number": "3502848"
  },
  {
    "ID Number": "3501639"
  },
  {
    "ID Number": "3507335"
  },
  {
    "ID Number": "3523667"
  },
  {
    "ID Number": "3524299"
  },
  {
    "ID Number": "3535746"
  },
  {
    "ID Number": "3508030"
  },
  {
    "ID Number": "3519309"
  },
  {
    "ID Number": "3519759"
  },
  {
    "ID Number": "3530400"
  },
  {
    "ID Number": "3505901"
  },
  {
    "ID Number": "3534863"
  },
  {
    "ID Number": "3512398"
  },
  {
    "ID Number": "3500020"
  },
  {
    "ID Number": "3534677"
  },
  {
    "ID Number": "3530850"
  },
  {
    "ID Number": "3536238"
  },
  {
    "ID Number": "3520420"
  },
  {
    "ID Number": "3509540"
  },
  {
    "ID Number": "3529410"
  },
  {
    "ID Number": "3536807"
  },
  {
    "ID Number": "3502473"
  },
  {
    "ID Number": "3531260"
  },
  {
    "ID Number": "3500799"
  },
  {
    "ID Number": "3504590"
  },
  {
    "ID Number": "3515583"
  },
  {
    "ID Number": "3506940"
  },
  {
    "ID Number": "3522377"
  },
  {
    "ID Number": "3512207"
  },
  {
    "ID Number": "3534880"
  },
  {
    "ID Number": "3508854"
  },
  {
    "ID Number": "3507165"
  },
  {
    "ID Number": "3528820"
  },
  {
    "ID Number": "3528936"
  },
  {
    "ID Number": "3524876"
  },
  {
    "ID Number": "3520510"
  },
  {
    "ID Number": "3525660"
  },
  {
    "ID Number": "3538664"
  },
  {
    "ID Number": "3528138"
  },
  {
    "ID Number": "3525864"
  },
  {
    "ID Number": "3522580"
  },
  {
    "ID Number": "3506568"
  },
  {
    "ID Number": "3518710"
  },
  {
    "ID Number": "3500233"
  },
  {
    "ID Number": "3512479"
  },
  {
    "ID Number": "3512720"
  },
  {
    "ID Number": "3503003"
  },
  {
    "ID Number": "3500853"
  },
  {
    "ID Number": "3531759"
  },
  {
    "ID Number": "3510115"
  },
  {
    "ID Number": "3527190"
  },
  {
    "ID Number": "3502678"
  },
  {
    "ID Number": "3500918"
  },
  {
    "ID Number": "3524337"
  },
  {
    "ID Number": "3524582"
  },
  {
    "ID Number": "3532488"
  },
  {
    "ID Number": "3536840"
  },
  {
    "ID Number": "3524744"
  },
  {
    "ID Number": "3503461"
  },
  {
    "ID Number": "3520625"
  },
  {
    "ID Number": "3532100"
  },
  {
    "ID Number": "3503364"
  },
  {
    "ID Number": "3534316"
  },
  {
    "ID Number": "3527450"
  },
  {
    "ID Number": "3529029"
  },
  {
    "ID Number": "3506215"
  },
  {
    "ID Number": "3535835"
  },
  {
    "ID Number": "3538109"
  },
  {
    "ID Number": "3517268"
  },
  {
    "ID Number": "3534480"
  },
  {
    "ID Number": "3530809"
  },
  {
    "ID Number": "3531201"
  },
  {
    "ID Number": "3534588"
  },
  {
    "ID Number": "3525449"
  },
  {
    "ID Number": "3536548"
  },
  {
    "ID Number": "3525090"
  },
  {
    "ID Number": "3534715"
  },
  {
    "ID Number": "3507203"
  },
  {
    "ID Number": "3510123"
  },
  {
    "ID Number": "3503011"
  },
  {
    "ID Number": "3520773"
  },
  {
    "ID Number": "3509362"
  },
  {
    "ID Number": "3507009"
  },
  {
    "ID Number": "3536270"
  },
  {
    "ID Number": "3531147"
  },
  {
    "ID Number": "3505910"
  },
  {
    "ID Number": "3504360"
  },
  {
    "ID Number": "3534464"
  },
  {
    "ID Number": "3516075"
  },
  {
    "ID Number": "3530515"
  },
  {
    "ID Number": "3501280"
  },
  {
    "ID Number": "3539016"
  },
  {
    "ID Number": "3524590"
  },
  {
    "ID Number": "3527557"
  },
  {
    "ID Number": "3536289"
  },
  {
    "ID Number": "3514749"
  },
  {
    "ID Number": "3509176"
  },
  {
    "ID Number": "3509168"
  },
  {
    "ID Number": "3528367"
  },
  {
    "ID Number": "3506762"
  },
  {
    "ID Number": "3530523"
  },
  {
    "ID Number": "3535320"
  },
  {
    "ID Number": "3537846"
  },
  {
    "ID Number": "3525210"
  },
  {
    "ID Number": "3502031"
  },
  {
    "ID Number": "3526631"
  },
  {
    "ID Number": "3517411"
  },
  {
    "ID Number": "3504883"
  },
  {
    "ID Number": "3521842"
  },
  {
    "ID Number": "3529134"
  },
  {
    "ID Number": "3520633"
  },
  {
    "ID Number": "3514269"
  },
  {
    "ID Number": "3519767"
  },
  {
    "ID Number": "3503780"
  },
  {
    "ID Number": "3524329"
  },
  {
    "ID Number": "3519856"
  },
  {
    "ID Number": "3533131"
  },
  {
    "ID Number": "3517560"
  },
  {
    "ID Number": "3522180"
  },
  {
    "ID Number": "3530540"
  },
  {
    "ID Number": "3506320"
  },
  {
    "ID Number": "3516660"
  },
  {
    "ID Number": "3517420"
  },
  {
    "ID Number": "3521168"
  },
  {
    "ID Number": "3527344"
  },
  {
    "ID Number": "3506770"
  },
  {
    "ID Number": "3536319"
  },
  {
    "ID Number": "3515168"
  },
  {
    "ID Number": "3502112"
  },
  {
    "ID Number": "3525554"
  },
  {
    "ID Number": "3528154"
  },
  {
    "ID Number": "3500292"
  },
  {
    "ID Number": "3517110"
  },
  {
    "ID Number": "3533425"
  },
  {
    "ID Number": "3522083"
  },
  {
    "ID Number": "3520200"
  },
  {
    "ID Number": "3527174"
  },
  {
    "ID Number": "3509680"
  },
  {
    "ID Number": "3513858"
  },
  {
    "ID Number": "3532976"
  },
  {
    "ID Number": "3536327"
  },
  {
    "ID Number": "3532771"
  },
  {
    "ID Number": "3505693"
  },
  {
    "ID Number": "3506231"
  },
  {
    "ID Number": "3514960"
  },
  {
    "ID Number": "3523420"
  },
  {
    "ID Number": "3519333"
  },
  {
    "ID Number": "3512339"
  },
  {
    "ID Number": "3536947"
  },
  {
    "ID Number": "3534898"
  },
  {
    "ID Number": "3529312"
  },
  {
    "ID Number": "3538206"
  },
  {
    "ID Number": "3507270"
  },
  {
    "ID Number": "3519392"
  },
  {
    "ID Number": "3534359"
  },
  {
    "ID Number": "3501930"
  },
  {
    "ID Number": "3506878"
  },
  {
    "ID Number": "3524035"
  },
  {
    "ID Number": "3520935"
  },
  {
    "ID Number": "3525562"
  },
  {
    "ID Number": "3522008"
  },
  {
    "ID Number": "3536343"
  },
  {
    "ID Number": "3507475"
  },
  {
    "ID Number": "3512878"
  },
  {
    "ID Number": "3528022"
  },
  {
    "ID Number": "3512142"
  },
  {
    "ID Number": "3529169"
  },
  {
    "ID Number": "3525104"
  },
  {
    "ID Number": "3536378"
  },
  {
    "ID Number": "3503089"
  },
  {
    "ID Number": "3534855"
  },
  {
    "ID Number": "3505200"
  },
  {
    "ID Number": "3533999"
  },
  {
    "ID Number": "3511251"
  },
  {
    "ID Number": "3514277"
  },
  {
    "ID Number": "3516288"
  },
  {
    "ID Number": "3507327"
  },
  {
    "ID Number": "3531333"
  },
  {
    "ID Number": "3531341"
  },
  {
    "ID Number": "3531082"
  },
  {
    "ID Number": "3534014"
  },
  {
    "ID Number": "3538192"
  },
  {
    "ID Number": "3527280"
  },
  {
    "ID Number": "3501264"
  },
  {
    "ID Number": "3538966"
  },
  {
    "ID Number": "3539032"
  },
  {
    "ID Number": "3509664"
  },
  {
    "ID Number": "3528855"
  },
  {
    "ID Number": "3518752"
  },
  {
    "ID Number": "3509672"
  },
  {
    "ID Number": "3538117"
  },
  {
    "ID Number": "3517683"
  },
  {
    "ID Number": "3503054"
  },
  {
    "ID Number": "3502252"
  },
  {
    "ID Number": "3519686"
  },
  {
    "ID Number": "3525058"
  },
  {
    "ID Number": "3500055"
  },
  {
    "ID Number": "3508315"
  },
  {
    "ID Number": "3500098"
  },
  {
    "ID Number": "3517993"
  },
  {
    "ID Number": "3513157"
  },
  {
    "ID Number": "3506134"
  },
  {
    "ID Number": "3539199"
  },
  {
    "ID Number": "3508161"
  },
  {
    "ID Number": "3510840"
  },
  {
    "ID Number": "3510913"
  },
  {
    "ID Number": "3523020"
  },
  {
    "ID Number": "3505529"
  },
  {
    "ID Number": "3510751"
  },
  {
    "ID Number": "3533735"
  }
]