[
  {
    "ID Number": "9319930"
  },
  {
    "ID Number": "9316655"
  },
  {
    "ID Number": "9324038"
  },
  {
    "ID Number": "9326758"
  },
  {
    "ID Number": "9319069"
  },
  {
    "ID Number": "9317023"
  },
  {
    "ID Number": "9323341"
  },
  {
    "ID Number": "9300260"
  },
  {
    "ID Number": "9310240"
  },
  {
    "ID Number": "9310118"
  },
  {
    "ID Number": "9301640"
  },
  {
    "ID Number": "9319980"
  },
  {
    "ID Number": "9325220"
  },
  {
    "ID Number": "9329617"
  },
  {
    "ID Number": "9314512"
  },
  {
    "ID Number": "9328980"
  },
  {
    "ID Number": "9329404"
  },
  {
    "ID Number": "9319948"
  },
  {
    "ID Number": "9308393"
  },
  {
    "ID Number": "9318623"
  },
  {
    "ID Number": "9328076"
  },
  {
    "ID Number": "9323333"
  },
  {
    "ID Number": "9317074"
  },
  {
    "ID Number": "9329153"
  },
  {
    "ID Number": "9324577"
  },
  {
    "ID Number": "9302824"
  },
  {
    "ID Number": "9304746"
  },
  {
    "ID Number": "9301283"
  },
  {
    "ID Number": "9302328"
  },
  {
    "ID Number": "9311882"
  },
  {
    "ID Number": "9302336"
  },
  {
    "ID Number": "9301216"
  },
  {
    "ID Number": "9306293"
  },
  {
    "ID Number": "9306307"
  },
  {
    "ID Number": "9301550"
  },
  {
    "ID Number": "9308946"
  },
  {
    "ID Number": "9310258"
  },
  {
    "ID Number": "9333533"
  },
  {
    "ID Number": "9324020"
  },
  {
    "ID Number": "9303588"
  },
  {
    "ID Number": "9302930"
  },
  {
    "ID Number": "9316418"
  },
  {
    "ID Number": "9313338"
  },
  {
    "ID Number": "9302301"
  },
  {
    "ID Number": "9321934"
  },
  {
    "ID Number": "9319042"
  },
  {
    "ID Number": "9310622"
  },
  {
    "ID Number": "9327061"
  },
  {
    "ID Number": "9320881"
  },
  {
    "ID Number": "9325743"
  },
  {
    "ID Number": "9319905"
  },
  {
    "ID Number": "9326162"
  },
  {
    "ID Number": "9313419"
  },
  {
    "ID Number": "9323325"
  },
  {
    "ID Number": "9314261"
  },
  {
    "ID Number": "9324496"
  },
  {
    "ID Number": "9313370"
  },
  {
    "ID Number": "9320865"
  },
  {
    "ID Number": "9316310"
  },
  {
    "ID Number": "9318631"
  },
  {
    "ID Number": "9324585"
  },
  {
    "ID Number": "9303677"
  },
  {
    "ID Number": "9300449"
  },
  {
    "ID Number": "9323988"
  },
  {
    "ID Number": "9333355"
  },
  {
    "ID Number": "9314741"
  },
  {
    "ID Number": "9324143"
  },
  {
    "ID Number": "9303391"
  },
  {
    "ID Number": "9307028"
  },
  {
    "ID Number": "9300090"
  },
  {
    "ID Number": "9308598"
  },
  {
    "ID Number": "9308601"
  },
  {
    "ID Number": "9308610"
  },
  {
    "ID Number": "9309608"
  },
  {
    "ID Number": "9305335"
  },
  {
    "ID Number": "9313460"
  },
  {
    "ID Number": "9302204"
  },
  {
    "ID Number": "9309896"
  },
  {
    "ID Number": "9308733"
  },
  {
    "ID Number": "9311378"
  },
  {
    "ID Number": "9309900"
  },
  {
    "ID Number": "9304541"
  },
  {
    "ID Number": "9317457"
  },
  {
    "ID Number": "9305734"
  },
  {
    "ID Number": "9304495"
  },
  {
    "ID Number": "9315225"
  },
  {
    "ID Number": "9323228"
  },
  {
    "ID Number": "9314296"
  },
  {
    "ID Number": "9304193"
  },
  {
    "ID Number": "9316078"
  },
  {
    "ID Number": "9302913"
  },
  {
    "ID Number": "9306943"
  },
  {
    "ID Number": "9314881"
  },
  {
    "ID Number": "9313478"
  },
  {
    "ID Number": "9307109"
  },
  {
    "ID Number": "9307117"
  },
  {
    "ID Number": "9307478"
  },
  {
    "ID Number": "9306951"
  },
  {
    "ID Number": "9307460"
  },
  {
    "ID Number": "9301631"
  },
  {
    "ID Number": "9300520"
  },
  {
    "ID Number": "9307001"
  },
  {
    "ID Number": "9300597"
  },
  {
    "ID Number": "9300619"
  },
  {
    "ID Number": "9307494"
  },
  {
    "ID Number": "9303219"
  },
  {
    "ID Number": "9313494"
  },
  {
    "ID Number": "9307559"
  },
  {
    "ID Number": "9307583"
  },
  {
    "ID Number": "9302972"
  },
  {
    "ID Number": "9301194"
  },
  {
    "ID Number": "9300660"
  },
  {
    "ID Number": "9309063"
  },
  {
    "ID Number": "9319263"
  },
  {
    "ID Number": "9303227"
  },
  {
    "ID Number": "9304185"
  },
  {
    "ID Number": "9318020"
  },
  {
    "ID Number": "9319166"
  },
  {
    "ID Number": "9325085"
  },
  {
    "ID Number": "9313826"
  },
  {
    "ID Number": "9300465"
  },
  {
    "ID Number": "9319999"
  },
  {
    "ID Number": "9321527"
  },
  {
    "ID Number": "9320164"
  },
  {
    "ID Number": "9335960"
  },
  {
    "ID Number": "9317716"
  },
  {
    "ID Number": "9313362"
  },
  {
    "ID Number": "9327754"
  },
  {
    "ID Number": "9304762"
  },
  {
    "ID Number": "9304347"
  },
  {
    "ID Number": "9300538"
  },
  {
    "ID Number": "9308954"
  },
  {
    "ID Number": "9312293"
  },
  {
    "ID Number": "9308245"
  },
  {
    "ID Number": "9315934"
  },
  {
    "ID Number": "9321870"
  },
  {
    "ID Number": "9333258"
  },
  {
    "ID Number": "9301941"
  },
  {
    "ID Number": "9327860"
  },
  {
    "ID Number": "9325093"
  },
  {
    "ID Number": "9309381"
  },
  {
    "ID Number": "9327720"
  },
  {
    "ID Number": "9309390"
  },
  {
    "ID Number": "9307214"
  },
  {
    "ID Number": "9309420"
  },
  {
    "ID Number": "9311769"
  },
  {
    "ID Number": "9311785"
  },
  {
    "ID Number": "9305505"
  },
  {
    "ID Number": "9309543"
  },
  {
    "ID Number": "9304258"
  },
  {
    "ID Number": "9304045"
  },
  {
    "ID Number": "9303995"
  },
  {
    "ID Number": "9315586"
  },
  {
    "ID Number": "9309527"
  },
  {
    "ID Number": "9327487"
  },
  {
    "ID Number": "9312331"
  },
  {
    "ID Number": "9320466"
  },
  {
    "ID Number": "9330771"
  },
  {
    "ID Number": "9315764"
  },
  {
    "ID Number": "9313575"
  },
  {
    "ID Number": "9323996"
  },
  {
    "ID Number": "9308660"
  },
  {
    "ID Number": "9331956"
  },
  {
    "ID Number": "9309535"
  },
  {
    "ID Number": "9317520"
  },
  {
    "ID Number": "9325557"
  },
  {
    "ID Number": "9321845"
  },
  {
    "ID Number": "9316248"
  },
  {
    "ID Number": "9304843"
  },
  {
    "ID Number": "9301593"
  },
  {
    "ID Number": "9300589"
  },
  {
    "ID Number": "9304177"
  },
  {
    "ID Number": "9311408"
  },
  {
    "ID Number": "9316116"
  },
  {
    "ID Number": "9315896"
  },
  {
    "ID Number": "9306250"
  },
  {
    "ID Number": "9333843"
  },
  {
    "ID Number": "9309632"
  },
  {
    "ID Number": "9324267"
  },
  {
    "ID Number": "9322728"
  },
  {
    "ID Number": "9301232"
  },
  {
    "ID Number": "9303758"
  },
  {
    "ID Number": "9309640"
  },
  {
    "ID Number": "9334483"
  },
  {
    "ID Number": "9327398"
  },
  {
    "ID Number": "9316400"
  },
  {
    "ID Number": "9317147"
  },
  {
    "ID Number": "9312420"
  },
  {
    "ID Number": "9306366"
  },
  {
    "ID Number": "9334718"
  },
  {
    "ID Number": "9309152"
  },
  {
    "ID Number": "9316574"
  },
  {
    "ID Number": "9314415"
  },
  {
    "ID Number": "9321756"
  },
  {
    "ID Number": "9321470"
  },
  {
    "ID Number": "9305246"
  },
  {
    "ID Number": "9325204"
  },
  {
    "ID Number": "9312455"
  },
  {
    "ID Number": "9327681"
  },
  {
    "ID Number": "9319492"
  },
  {
    "ID Number": "9311793"
  },
  {
    "ID Number": "9324186"
  },
  {
    "ID Number": "9313095"
  },
  {
    "ID Number": "9329072"
  },
  {
    "ID Number": "9313397"
  },
  {
    "ID Number": "9310711"
  },
  {
    "ID Number": "9324712"
  },
  {
    "ID Number": "9329129"
  },
  {
    "ID Number": "9322710"
  },
  {
    "ID Number": "9301372"
  },
  {
    "ID Number": "9302026"
  },
  {
    "ID Number": "9325360"
  },
  {
    "ID Number": "9320261"
  },
  {
    "ID Number": "9304894"
  },
  {
    "ID Number": "9333029"
  },
  {
    "ID Number": "9318003"
  },
  {
    "ID Number": "9332715"
  },
  {
    "ID Number": "9333290"
  },
  {
    "ID Number": "9328815"
  },
  {
    "ID Number": "9329560"
  },
  {
    "ID Number": "9303804"
  },
  {
    "ID Number": "9307664"
  },
  {
    "ID Number": "9328173"
  },
  {
    "ID Number": "9307672"
  },
  {
    "ID Number": "9319506"
  },
  {
    "ID Number": "9308067"
  },
  {
    "ID Number": "9329471"
  },
  {
    "ID Number": "9330100"
  },
  {
    "ID Number": "9317066"
  },
  {
    "ID Number": "9318844"
  },
  {
    "ID Number": "9303278"
  },
  {
    "ID Number": "9300481"
  },
  {
    "ID Number": "9317350"
  },
  {
    "ID Number": "9314822"
  },
  {
    "ID Number": "9331972"
  },
  {
    "ID Number": "9306404"
  },
  {
    "ID Number": "9316353"
  },
  {
    "ID Number": "9327657"
  },
  {
    "ID Number": "9317678"
  },
  {
    "ID Number": "9321012"
  },
  {
    "ID Number": "9300147"
  },
  {
    "ID Number": "9319409"
  },
  {
    "ID Number": "9326510"
  },
  {
    "ID Number": "9318054"
  },
  {
    "ID Number": "9324968"
  },
  {
    "ID Number": "9301054"
  },
  {
    "ID Number": "9301046"
  },
  {
    "ID Number": "9315772"
  },
  {
    "ID Number": "9303286"
  },
  {
    "ID Number": "9317740"
  },
  {
    "ID Number": "9315527"
  },
  {
    "ID Number": "9328092"
  },
  {
    "ID Number": "9307575"
  },
  {
    "ID Number": "9304940"
  },
  {
    "ID Number": "9318852"
  },
  {
    "ID Number": "9330844"
  },
  {
    "ID Number": "9326677"
  },
  {
    "ID Number": "9300775"
  },
  {
    "ID Number": "9333517"
  },
  {
    "ID Number": "9327495"
  },
  {
    "ID Number": "9315853"
  },
  {
    "ID Number": "9325476"
  },
  {
    "ID Number": "9331255"
  },
  {
    "ID Number": "9311971"
  },
  {
    "ID Number": "9312552"
  },
  {
    "ID Number": "9309950"
  },
  {
    "ID Number": "9309993"
  },
  {
    "ID Number": "9301518"
  },
  {
    "ID Number": "9301526"
  },
  {
    "ID Number": "9312579"
  },
  {
    "ID Number": "9315837"
  },
  {
    "ID Number": "9329447"
  },
  {
    "ID Number": "9304967"
  },
  {
    "ID Number": "9315373"
  },
  {
    "ID Number": "9314024"
  },
  {
    "ID Number": "9315578"
  },
  {
    "ID Number": "9304975"
  },
  {
    "ID Number": "9308318"
  },
  {
    "ID Number": "9319964"
  },
  {
    "ID Number": "9332944"
  },
  {
    "ID Number": "9327592"
  },
  {
    "ID Number": "9314938"
  },
  {
    "ID Number": "9332979"
  },
  {
    "ID Number": "9318771"
  },
  {
    "ID Number": "9301402"
  },
  {
    "ID Number": "9332278"
  },
  {
    "ID Number": "9332561"
  },
  {
    "ID Number": "9316426"
  },
  {
    "ID Number": "9306471"
  },
  {
    "ID Number": "9306480"
  },
  {
    "ID Number": "9312978"
  },
  {
    "ID Number": "9301410"
  },
  {
    "ID Number": "9319484"
  },
  {
    "ID Number": "9317384"
  },
  {
    "ID Number": "9303871"
  },
  {
    "ID Number": "9325891"
  },
  {
    "ID Number": "9317082"
  },
  {
    "ID Number": "9314040"
  },
  {
    "ID Number": "9333240"
  },
  {
    "ID Number": "9318305"
  },
  {
    "ID Number": "9318119"
  },
  {
    "ID Number": "9316086"
  },
  {
    "ID Number": "9311530"
  },
  {
    "ID Number": "9303898"
  },
  {
    "ID Number": "9319972"
  },
  {
    "ID Number": "9321810"
  },
  {
    "ID Number": "9335102"
  },
  {
    "ID Number": "9330941"
  },
  {
    "ID Number": "9322329"
  },
  {
    "ID Number": "9314946"
  },
  {
    "ID Number": "9320768"
  },
  {
    "ID Number": "9325930"
  },
  {
    "ID Number": "9300929"
  },
  {
    "ID Number": "9306552"
  },
  {
    "ID Number": "9302816"
  },
  {
    "ID Number": "9317830"
  },
  {
    "ID Number": "9336044"
  },
  {
    "ID Number": "9324470"
  },
  {
    "ID Number": "9310460"
  },
  {
    "ID Number": "9308962"
  },
  {
    "ID Number": "9328190"
  },
  {
    "ID Number": "9319115"
  },
  {
    "ID Number": "9312994"
  },
  {
    "ID Number": "9328297"
  },
  {
    "ID Number": "9329374"
  },
  {
    "ID Number": "9317392"
  },
  {
    "ID Number": "9331190"
  },
  {
    "ID Number": "9313281"
  },
  {
    "ID Number": "9309691"
  },
  {
    "ID Number": "9300503"
  },
  {
    "ID Number": "9308709"
  },
  {
    "ID Number": "9307010"
  },
  {
    "ID Number": "9315390"
  },
  {
    "ID Number": "9319557"
  },
  {
    "ID Number": "9327738"
  },
  {
    "ID Number": "9322396"
  },
  {
    "ID Number": "9300970"
  },
  {
    "ID Number": "9332090"
  },
  {
    "ID Number": "9330267"
  },
  {
    "ID Number": "9321802"
  },
  {
    "ID Number": "9315756"
  },
  {
    "ID Number": "9306587"
  },
  {
    "ID Number": "9300988"
  },
  {
    "ID Number": "9317406"
  },
  {
    "ID Number": "9328769"
  },
  {
    "ID Number": "9314350"
  },
  {
    "ID Number": "9316000"
  },
  {
    "ID Number": "9301500"
  },
  {
    "ID Number": "9310517"
  },
  {
    "ID Number": "9317651"
  },
  {
    "ID Number": "9328823"
  },
  {
    "ID Number": "9300996"
  },
  {
    "ID Number": "9327053"
  },
  {
    "ID Number": "9329218"
  },
  {
    "ID Number": "9329960"
  },
  {
    "ID Number": "9315420"
  },
  {
    "ID Number": "9310525"
  },
  {
    "ID Number": "9316302"
  },
  {
    "ID Number": "9328530"
  },
  {
    "ID Number": "9300244"
  },
  {
    "ID Number": "9300155"
  },
  {
    "ID Number": "9300112"
  },
  {
    "ID Number": "9334033"
  },
  {
    "ID Number": "9320644"
  },
  {
    "ID Number": "9317058"
  },
  {
    "ID Number": "9314075"
  },
  {
    "ID Number": "9308113"
  },
  {
    "ID Number": "9322094"
  },
  {
    "ID Number": "9321020"
  },
  {
    "ID Number": "9322337"
  },
  {
    "ID Number": "9330194"
  },
  {
    "ID Number": "9332804"
  },
  {
    "ID Number": "9318810"
  },
  {
    "ID Number": "9308350"
  },
  {
    "ID Number": "9316612"
  },
  {
    "ID Number": "9313486"
  },
  {
    "ID Number": "9329110"
  },
  {
    "ID Number": "9306145"
  },
  {
    "ID Number": "9326740"
  },
  {
    "ID Number": "9302964"
  },
  {
    "ID Number": "9307788"
  },
  {
    "ID Number": "9314318"
  },
  {
    "ID Number": "9306897"
  },
  {
    "ID Number": "9328939"
  },
  {
    "ID Number": "9322388"
  },
  {
    "ID Number": "9329196"
  },
  {
    "ID Number": "9320830"
  },
  {
    "ID Number": "9330518"
  },
  {
    "ID Number": "9331760"
  },
  {
    "ID Number": "9301453"
  },
  {
    "ID Number": "9305947"
  },
  {
    "ID Number": "9311025"
  },
  {
    "ID Number": "9309748"
  },
  {
    "ID Number": "9314121"
  },
  {
    "ID Number": "9328971"
  },
  {
    "ID Number": "9305084"
  },
  {
    "ID Number": "9332766"
  },
  {
    "ID Number": "9316256"
  },
  {
    "ID Number": "9316604"
  },
  {
    "ID Number": "9309209"
  },
  {
    "ID Number": "9315748"
  },
  {
    "ID Number": "9300139"
  },
  {
    "ID Number": "9300058"
  },
  {
    "ID Number": "9301097"
  },
  {
    "ID Number": "9301607"
  },
  {
    "ID Number": "9328793"
  },
  {
    "ID Number": "9325824"
  },
  {
    "ID Number": "9301348"
  },
  {
    "ID Number": "9307796"
  },
  {
    "ID Number": "9302689"
  },
  {
    "ID Number": "9301100"
  },
  {
    "ID Number": "9317856"
  },
  {
    "ID Number": "9315365"
  },
  {
    "ID Number": "9329544"
  },
  {
    "ID Number": "9325042"
  },
  {
    "ID Number": "9325611"
  },
  {
    "ID Number": "9301119"
  },
  {
    "ID Number": "9323767"
  },
  {
    "ID Number": "9324976"
  },
  {
    "ID Number": "9316817"
  },
  {
    "ID Number": "9305343"
  },
  {
    "ID Number": "9322426"
  },
  {
    "ID Number": "9313656"
  },
  {
    "ID Number": "9314342"
  },
  {
    "ID Number": "9314326"
  },
  {
    "ID Number": "9329765"
  },
  {
    "ID Number": "9321004"
  },
  {
    "ID Number": "9306668"
  },
  {
    "ID Number": "9313893"
  },
  {
    "ID Number": "9328629"
  },
  {
    "ID Number": "9312030"
  },
  {
    "ID Number": "9325573"
  },
  {
    "ID Number": "9309845"
  },
  {
    "ID Number": "9320440"
  },
  {
    "ID Number": "9328149"
  },
  {
    "ID Number": "9316582"
  },
  {
    "ID Number": "9316680"
  },
  {
    "ID Number": "9308989"
  },
  {
    "ID Number": "9330305"
  },
  {
    "ID Number": "9328785"
  },
  {
    "ID Number": "9323236"
  },
  {
    "ID Number": "9317015"
  },
  {
    "ID Number": "9309551"
  },
  {
    "ID Number": "9319735"
  },
  {
    "ID Number": "9324704"
  },
  {
    "ID Number": "9324232"
  },
  {
    "ID Number": "9314997"
  },
  {
    "ID Number": "9324844"
  },
  {
    "ID Number": "9319727"
  },
  {
    "ID Number": "9312048"
  },
  {
    "ID Number": "9306684"
  },
  {
    "ID Number": "9301143"
  },
  {
    "ID Number": "9304010"
  },
  {
    "ID Number": "9323945"
  },
  {
    "ID Number": "9310169"
  },
  {
    "ID Number": "9316850"
  },
  {
    "ID Number": "9304029"
  },
  {
    "ID Number": "9300201"
  },
  {
    "ID Number": "9325212"
  },
  {
    "ID Number": "9315284"
  },
  {
    "ID Number": "9302271"
  },
  {
    "ID Number": "9313885"
  },
  {
    "ID Number": "9322701"
  },
  {
    "ID Number": "9300953"
  },
  {
    "ID Number": "9315292"
  },
  {
    "ID Number": "9305173"
  },
  {
    "ID Number": "9312056"
  },
  {
    "ID Number": "9316639"
  },
  {
    "ID Number": "9328556"
  },
  {
    "ID Number": "9314288"
  },
  {
    "ID Number": "9321764"
  },
  {
    "ID Number": "9319921"
  },
  {
    "ID Number": "9317821"
  },
  {
    "ID Number": "9315403"
  },
  {
    "ID Number": "9303340"
  },
  {
    "ID Number": "9315810"
  },
  {
    "ID Number": "9311459"
  },
  {
    "ID Number": "9310592"
  },
  {
    "ID Number": "9323848"
  },
  {
    "ID Number": "9309780"
  }
]