[
  {
    "ID Number": "20500246"
  },
  {
    "ID Number": "16400119"
  },
  {
    "ID Number": "20500289"
  },
  {
    "ID Number": "20505337"
  },
  {
    "ID Number": "20505329"
  },
  {
    "ID Number": "20500491"
  },
  {
    "ID Number": "20501692"
  },
  {
    "ID Number": "20500610"
  },
  {
    "ID Number": "20500319"
  },
  {
    "ID Number": "20500572"
  },
  {
    "ID Number": "14305569"
  },
  {
    "ID Number": "20502133"
  },
  {
    "ID Number": "16400143"
  },
  {
    "ID Number": "20501196"
  },
  {
    "ID Number": "20500904"
  },
  {
    "ID Number": "20501650"
  },
  {
    "ID Number": "20500505"
  },
  {
    "ID Number": "20500220"
  },
  {
    "ID Number": "20500203"
  },
  {
    "ID Number": "16400160"
  },
  {
    "ID Number": "20500912"
  },
  {
    "ID Number": "20507852"
  },
  {
    "ID Number": "16400135"
  },
  {
    "ID Number": "20501790"
  },
  {
    "ID Number": "20500327"
  },
  {
    "ID Number": "20500300"
  },
  {
    "ID Number": "20507003"
  },
  {
    "ID Number": "20500653"
  },
  {
    "ID Number": "20500548"
  },
  {
    "ID Number": "16400151"
  }
]