[
  {
    "ID Number": "11400323"
  },
  {
    "ID Number": "11400234"
  },
  {
    "ID Number": "11400188"
  },
  {
    "ID Number": "11400587"
  },
  {
    "ID Number": "11401680"
  },
  {
    "ID Number": "11404230"
  },
  {
    "ID Number": "11400528"
  },
  {
    "ID Number": "11400560"
  },
  {
    "ID Number": "11400510"
  },
  {
    "ID Number": "11402156"
  },
  {
    "ID Number": "11403233"
  },
  {
    "ID Number": "11400064"
  },
  {
    "ID Number": "11401079"
  },
  {
    "ID Number": "11402504"
  },
  {
    "ID Number": "11401605"
  },
  {
    "ID Number": "11401737"
  },
  {
    "ID Number": "11400226"
  },
  {
    "ID Number": "11401630"
  },
  {
    "ID Number": "11400048"
  },
  {
    "ID Number": "11401370"
  },
  {
    "ID Number": "11400692"
  },
  {
    "ID Number": "11400072"
  },
  {
    "ID Number": "11400706"
  },
  {
    "ID Number": "11400714"
  },
  {
    "ID Number": "11402326"
  },
  {
    "ID Number": "11401087"
  },
  {
    "ID Number": "11401095"
  },
  {
    "ID Number": "11401117"
  },
  {
    "ID Number": "11402083"
  },
  {
    "ID Number": "11400153"
  },
  {
    "ID Number": "11402180"
  },
  {
    "ID Number": "11400099"
  },
  {
    "ID Number": "11401176"
  },
  {
    "ID Number": "11401133"
  },
  {
    "ID Number": "11400765"
  },
  {
    "ID Number": "11400455"
  },
  {
    "ID Number": "11400439"
  },
  {
    "ID Number": "11400331"
  },
  {
    "ID Number": "11401192"
  },
  {
    "ID Number": "11400293"
  },
  {
    "ID Number": "11403365"
  },
  {
    "ID Number": "11400269"
  },
  {
    "ID Number": "11400862"
  },
  {
    "ID Number": "11401575"
  }
]