ID Number,Name,Fed,Sex,Title,WTit,OTit,Rating,Gms,K,RatingMonth,B-day,Flag
6502938,"Acevedo Mendez, Lisseth",ISL,F,WIM,WIM,,1871,0,20,SEP25,1993,w
2330725,"Adalsteinsson, Bergmann Oli",ISL,M,,,,1725,0,40,SEP25,1998,
2300532,"Adalsteinsson, Birgir",ISL,M,,,,1554,0,40,SEP25,1955,i
2300591,"Adalsteinsson, Hermann",ISL,M,,,,1731,0,20,SEP25,1968,
2315483,"Adhikari, Flovent Rigved",ISL,M,,,,1679,0,40,SEP25,2005,
2305895,"Aegisson, Sigurdur",ISL,M,,,,1803,0,40,SEP25,1958,i
2308118,"Agustsson, Egill Steinar",ISL,M,,,,1804,0,40,SEP25,1985,
2302047,"Agustsson, Hafsteinn",ISL,M,,,,1800,0,20,SEP25,1953,
2300230,"Agustsson, Johannes",ISL,M,FM,,,2315,0,20,SEP25,1966,i
2307090,"Akason, Aevar",ISL,M,,,,1567,0,20,SEP25,1955,
2315912,"Alexandersson, Orn",ISL,M,,,,1750,0,20,SEP25,2005,i
2330180,"Alguno Openia, Tristan Nash",ISL,M,,,,1667,0,40,SEP25,2011,
2308126,"Ammendrup, Pall J.",ISL,M,,,,1627,0,40,SEP25,1947,i
2329611,"Andersen, Arnar Bogi",ISL,M,,,,1635,0,40,SEP25,2009,
2300630,"Andrason, Pall Snaedal",ISL,M,,,,1949,0,20,SEP25,1994,
2307987,"Antonsson, Atli",ISL,M,,,,1859,0,20,SEP25,1976,i
2304821,"Arnalds, Stefan",ISL,M,,,,1829,0,20,SEP25,1972,
2325420,"Arnaldsson, Orn",ISL,M,,,,1846,0,40,SEP25,1984,
2315238,"Arnarson, David",ISL,M,,,,1709,0,40,SEP25,1989,
2329867,"Arnarson, Erlingur",ISL,M,,,,1464,0,20,SEP25,1967,
2312158,"Arnarson, Hilmir",ISL,M,,,,1551,0,40,SEP25,2005,i
2332507,"Arnarson, Hrafn",ISL,M,,,,1795,0,40,SEP25,1953,
2305054,"Arnarson, Sigurdur",ISL,M,,,,2037,0,20,SEP25,1966,i
2316455,"Arnarson, Smari",ISL,M,,,,1779,0,40,SEP25,2000,i
1725033,"Arnarson, Thordur",ISL,M,,,,1882,0,20,SEP25,1980,i
2320770,"Arnarsson, Arni Johann",ISL,M,,,,1604,0,40,SEP25,2003,i
2301121,"Arnarsson, Hrannar",ISL,M,,,,1988,0,20,SEP25,1967,i
2304570,"Arnarsson, Sveinn",ISL,M,,,,1914,0,20,SEP25,1984,i
2315246,"Arnason, Agust Ivar",ISL,M,,,,1585,0,40,SEP25,2005,i
2301032,"Arnason, Arni A.",ISL,M,,,,2099,0,20,SEP25,1963,
2324938,"Arnason, Arni Richard",ISL,M,,,,1632,0,40,SEP25,1978,i
2300427,"Arnason, Asgeir T",ISL,M,,,,2163,0,20,SEP25,1957,
2305402,"Arnason, Einar Agust",ISL,M,,,,1791,0,20,SEP25,1984,i
2302756,"Arnason, Johannes Ingi",ISL,M,,,,1629,0,40,SEP25,1982,
2300036,"Arnason, Jon L",ISL,M,GM,,,2404,0,10,SEP25,1960,
2311208,"Arnason, Olafur Helgi",ISL,M,,,,1739,0,40,SEP25,1962,i
2300826,"Arnason, Ragnar",ISL,M,,,,1620,0,20,SEP25,1952,i
2311852,"Arnason, Saemundur",ISL,M,,,,1585,0,20,SEP25,2003,i
2300435,"Arnason, Throstur",ISL,M,FM,,,2228,0,20,SEP25,1972,i
2335492,"Arnason, Unnar",ISL,M,,,,1719,0,40,SEP25,1971,
2301288,"Arngrimsson, Dagur",ISL,M,IM,,,2370,0,10,SEP25,1987,
2301059,"Arnljotsson, Jon",ISL,M,,,,1851,0,20,SEP25,1961,
2313340,"Aronsson, Gudmundur",ISL,M,,,,1696,0,20,SEP25,1936,i
2300320,"Asbjornsson, Asgeir",ISL,M,FM,,,2248,0,20,SEP25,1956,i
2302470,"Asbjornsson, Ingvar",ISL,M,,,,2028,0,20,SEP25,1991,i
2314967,"Asbjornsson, Magnus Dagur",ISL,M,,,,1769,0,40,SEP25,1977,
2301083,"Asgeirsson, Heimir",ISL,M,,,,2193,0,20,SEP25,1969,i
2305178,"Asgrimsson, Olafur Sigurbj",ISL,M,,,,1688,0,40,SEP25,1945,
2323818,"Asgrimsson, Valur Darri",ISL,M,,,,1488,0,40,SEP25,2012,
2305437,"Asmundsson, Sigurbjorn",ISL,M,,,,1562,0,20,SEP25,1970,
2318946,"B. Berglindardottir, Emilia Embla",ISL,F,,,,1621,0,40,SEP25,2012,w
2302969,"Bachmann, Unnar Thor",ISL,M,,,,1918,0,40,SEP25,1980,i
2313464,"Baldursson, Atli Mar",ISL,M,,,,1572,0,20,SEP25,2002,i
2322889,"Baldursson, Benedikt",ISL,M,,,,1839,0,20,SEP25,1970,i
2301423,"Baldursson, Haraldur",ISL,M,,,,1847,0,20,SEP25,1964,
2301156,"Baldursson, Hrannar",ISL,M,,,,AGM,2048,0,SEP25,1970,
2301261,"Baldvinsson, Loftur",ISL,M,,,,1887,0,20,SEP25,1980,
2327074,"Barrios, Larry Martin Zavala",ISL,M,,,,1584,0,40,SEP25,1982,i
2301300,"Benediktsson, Frimann",ISL,M,,,,1932,0,20,SEP25,1953,i
2302691,"Benediktsson, Thorir",ISL,M,,IA,,1920,0,20,SEP25,1976,i
2302306,"Berg, Runar",ISL,M,,,,2096,0,20,SEP25,1964,
2300273,"Bergsson, Snorri",ISL,M,FM,,,2237,0,20,SEP25,1969,
2301393,"Bergsson, Stefan",ISL,M,,,,2096,0,20,SEP25,1984,
2302829,"Bergthorsson, Jon Thor",ISL,M,,,,2089,0,20,SEP25,1966,i
2305445,"Bergvinsson, Ludvik",ISL,M,,,,1838,0,20,SEP25,1964,
2302837,"Berndsen, Ellert",ISL,M,,,,1746,0,40,SEP25,1964,
2301342,"Bessason, Heimir",ISL,M,,,,1579,0,40,SEP25,1945,i
2309424,"Birgisdottir, Ingibjorg",ISL,F,,IA,,1867,0,20,SEP25,1984,wi
2322943,"Birgisson, Hilmar Freyr",ISL,M,,,,1670,0,20,SEP25,1993,
2301407,"Birgisson, Ingvar Orn",ISL,M,,,,1890,0,20,SEP25,1980,
2311860,"Birkisdottir, Freyja",ISL,F,,,,1674,0,20,SEP25,2006,wi
2310597,"Birkisson, Bardur Orn",ISL,M,FM,,,2230,18,20,SEP25,2000,
2310600,"Birkisson, Bjorn Holm",ISL,M,CM,,,2170,18,20,SEP25,2000,
2304554,"Birnuson, Geir",ISL,M,,,,1763,0,40,SEP25,1975,i
2322455,"Bjarkason, Brynjar",ISL,M,,NA,,1791,0,20,SEP25,1979,
2310902,"Bjarkason, Brynjar",ISL,M,,,,1659,0,40,SEP25,2001,
2330008,"Bjarkason, Halldor Palmi",ISL,M,,,,1884,0,40,SEP25,1981,
2334020,"Bjarkason, Jon Elli",ISL,M,,,,1473,0,40,SEP25,2011,
2315815,"Bjarnason, Arnaldur",ISL,M,,,,1756,0,40,SEP25,1991,i
2316633,"Bjarnason, Bjarki Freyr",ISL,M,,,,1839,0,40,SEP25,1988,i
2323028,"Bjarnason, Kristinn",ISL,M,,,,1808,0,20,SEP25,1964,
2301458,"Bjarnason, Kristinn Th",ISL,M,,,,1774,0,40,SEP25,1940,i
2304848,"Bjarnason, Larus H",ISL,M,,,,1766,0,20,SEP25,1956,
2316501,"Bjarnason, Olafur",ISL,M,,,,1932,0,20,SEP25,1946,
2301237,"Bjarnason, Oskar",ISL,M,,,,2118,0,20,SEP25,1966,
2314720,"Bjarnason, Petur",ISL,M,,,,1569,0,40,SEP25,1951,i
2301482,"Bjarnason, Stefan",ISL,M,,,,1719,0,40,SEP25,1964,
2301504,"Bjarnason, Vignir",ISL,M,,,,1932,0,20,SEP25,1961,i
2312182,"Bjarnthorsson, Alexander Mar",ISL,M,,,,1541,0,20,SEP25,2005,i
2312190,"Bjarnthorsson, Gabriel Saer",ISL,M,,,,1477,0,40,SEP25,2006,i
2306913,"Bjorgvinsson, Andri Freyr",ISL,M,,,,2144,0,20,SEP25,1997,
2302799,"Bjornsson, Agust Bragi",ISL,M,,,,1949,0,40,SEP25,1988,i
2311879,"Bjornsson, Alexander",ISL,M,,,,1470,0,40,SEP25,2006,i
2311240,"Bjornsson, Bjorn",ISL,M,,,,1769,0,40,SEP25,1966,
2300834,"Bjornsson, Bjorn Freyr",ISL,M,,,,2126,0,20,SEP25,1963,
2301563,"Bjornsson, Eirikur K.",ISL,M,,,,1952,0,20,SEP25,1959,
2312310,"Bjornsson, Gabriel Freyr",ISL,M,,,,1600,0,20,SEP25,2004,i
2302039,"Bjornsson, Gunnar",ISL,M,,,,2117,0,20,SEP25,1967,
2325306,"Bjornsson, Harald",ISL,M,,,,1904,0,40,SEP25,1984,
2326892,"Bjornsson, Helgi Valur",ISL,M,,,,1699,0,40,SEP25,2006,i
2301539,"Bjornsson, Jon",ISL,M,,,,1501,0,40,SEP25,1945,i
2317966,"Bjornsson, Julius",ISL,M,,,,2010,0,20,SEP25,1973,
2300974,"Bjornsson, Sigurbjorn",ISL,M,FM,,,2282,0,10,SEP25,1975,
2311542,"Bjornsson, Sigurjon Helgi",ISL,M,,,,1692,0,40,SEP25,1965,i
2301954,"Bjornsson, Sverrir Orn",ISL,M,,,,2074,0,20,SEP25,1971,
2300303,"Bjornsson, Tomas",ISL,M,FM,,,2164,0,20,SEP25,1969,
2310066,"Bjornsson, Yngvi",ISL,M,,,,1874,0,20,SEP25,1964,i
2307022,"Bodvarsson, Arni",ISL,M,,,,1958,0,20,SEP25,1971,
2323320,"Bonandrini, Vassia",ISL,M,,,,1671,0,20,SEP25,1999,
2311046,"Bragason, Arnfinnur",ISL,M,,,,1661,0,20,SEP25,1963,i
2309483,"Bragason, Gudmundur Agnar",ISL,M,,,,1602,0,20,SEP25,2001,i
2301571,"Breidfjord, Palmar",ISL,M,,,,1878,0,20,SEP25,1944,i
2315432,"Briem, Benedikt",ISL,M,,,,2225,0,20,SEP25,2006,
2317486,"Briem, Gudrun Fanney",ISL,F,WCM,WCM,,1979,0,40,SEP25,2010,w
2312573,"Briem, Hedinn",ISL,M,,,,1803,0,20,SEP25,1989,i
2312506,"Briem, Stephan",ISL,M,,,,2189,0,20,SEP25,2003,
2313472,"Brodmann, Gestur Andri",ISL,M,,,,1537,0,40,SEP25,2004,i
2315939,"Brynjarsson, Einar Dagur",ISL,M,,,,1560,0,40,SEP25,2009,
2301580,"Brynjarsson, Eirikur Orn",ISL,M,,,,1777,0,20,SEP25,1994,i
2302233,"Brynjarsson, Helgi",ISL,M,,,,2067,0,20,SEP25,1991,
2322544,"Brynjarsson, Nokkvi Holm",ISL,M,,,,1520,0,40,SEP25,2011,
2321726,"Brynjarsson, Orvar Holm",ISL,M,,,,1745,0,40,SEP25,2012,
2324210,"Charzynski, Dawid Berg",ISL,M,,,,1535,0,40,SEP25,2015,
2301113,"Dadason, Gudmundur",ISL,M,,,,2010,0,20,SEP25,1977,
1400185,"Danielsen, Henrik",ISL,M,GM,,,2465,0,10,SEP25,1966,
2323630,"Danielsson, Bjarni",ISL,M,,,,1772,0,40,SEP25,1970,
2324075,"Danielsson, Grimur",ISL,M,,,,1766,0,20,SEP25,1985,i
2301792,"Danielsson, Sigurdur",ISL,M,,,,1806,0,20,SEP25,1944,i
2309491,"Davidsdottir, Nansy",ISL,F,,,,1937,0,20,SEP25,2002,wi
2302810,"Davidsson, Gylfi",ISL,M,,,,1816,0,20,SEP25,1990,
2311631,"Davidsson, Joshua",ISL,M,,,,1740,0,20,SEP25,2005,
2320819,"Davidsson, Kristjan Einar",ISL,M,,,,1678,0,40,SEP25,1959,
2310627,"Davidsson, Oskar Vikingur",ISL,M,,,,1926,0,20,SEP25,2005,i
2325888,"Davidsson, Solvi",ISL,M,,,,1488,0,40,SEP25,2007,i
2311399,"Davidsson, Stefan Orri",ISL,M,,,,1710,0,20,SEP25,2006,i
14142805,"Domalchuk-Jonasson, Aleksandr",ISL,M,IM,,,2362,9,10,SEP25,2005,
2316846,"Doruson, Einar Helgi",ISL,M,,,,1591,0,40,SEP25,2009,
2322978,"Edgarsson, Gudmundur",ISL,M,,,,1643,0,40,SEP25,1965,
2300893,"Edvardsson, Kristjan",ISL,M,,,,2205,0,20,SEP25,1973,
2304627,"Egilsson, Fridrik Orn",ISL,M,,,,1948,0,40,SEP25,1965,i
2326590,"Egilsson, Gustaf Emil",ISL,M,,,,1435,0,40,SEP25,2010,i
2330148,"Egilsson, Kristofer Arni",ISL,M,,,,1480,0,40,SEP25,2010,
2301644,"Eidsson, Johann Oli",ISL,M,,,,1845,0,20,SEP25,1993,
2306654,"Einarsson, Agust Omar",ISL,M,,,,1736,0,40,SEP25,1959,
2300540,"Einarsson, Arnthor",ISL,M,,,,2115,0,20,SEP25,1946,
2307006,"Einarsson, Bardi",ISL,M,,,,1853,0,40,SEP25,1950,i
2300990,"Einarsson, Bergsteinn",ISL,M,,,,2182,0,20,SEP25,1981,i
2316692,"Einarsson, Brynjar",ISL,M,,,,1461,0,40,SEP25,1982,i
2303574,"Einarsson, Einar Gunnar",ISL,M,,,,1812,0,40,SEP25,1970,i
2301105,"Einarsson, Einar Kristinn",ISL,M,,,,2056,0,20,SEP25,1973,i
2301652,"Einarsson, Einar S",ISL,M,,,,1740,0,40,SEP25,1938,
2307715,"Einarsson, Eirikur Gardar",ISL,M,,,,1748,0,20,SEP25,1983,
2300150,"Einarsson, Halldor Gretar",ISL,M,FM,,,2177,0,20,SEP25,1966,
2307197,"Einarsson, Jon Birgir",ISL,M,,,,1832,0,20,SEP25,1975,i
2309505,"Einarsson, Oskar",ISL,M,,,,1553,0,20,SEP25,1953,i
2309220,"Einarsson, Oskar Long",ISL,M,,,,1813,0,20,SEP25,1976,
2320584,"Einarsson, Saemundur",ISL,M,,NA,,1545,0,20,SEP25,1981,
2301660,"Einarsson, Sveinn Gauti",ISL,M,,,,1689,0,20,SEP25,1989,
2323958,"Einarsson, Thorarinn Vikingur",ISL,M,,,,1444,0,40,SEP25,2010,
2314975,"Einarsson, Vignir",ISL,M,,,,1836,0,40,SEP25,1975,i
2316536,"Eiriksson, Gisli",ISL,M,,,,1499,0,40,SEP25,1951,
2302314,"Eiriksson, Sigurdur",ISL,M,,,,1778,0,20,SEP25,1951,
2322277,"Eiriksson, Theodor",ISL,M,,,,1842,4,40,SEP25,2010,
2301741,"Eiriksson, Vikingur Fjalar",ISL,M,,,,1854,0,20,SEP25,1988,i
2301784,"Eliasson, Kristjan Orn",ISL,M,,IA,,1882,0,20,SEP25,1958,
2325314,"Eliasson, Matthias Mani",ISL,M,,,,1575,0,40,SEP25,2009,
2330954,"Erlendsson Weinert, Robin Peter",ISL,M,,,,1442,0,40,SEP25,2011,
2326116,"Ernisson, Petur Ulfar",ISL,M,,,,1810,0,40,SEP25,2015,
2332337,"Esekiel, Daniel",ISL,M,,,,1530,0,40,SEP25,2006,
2304635,"Eymundsson, Eymundur",ISL,M,,,,1766,0,20,SEP25,1967,
2321769,"Eythorsson, Engilbert Vidar",ISL,M,,,,1814,0,40,SEP25,2011,
2300214,"Finnbogadottir, Tinna Kristin",ISL,F,,,,1858,0,20,SEP25,1991,w
2314738,"Finnbogason, Knutur",ISL,M,,,,1798,0,40,SEP25,1955,i
1701550,"Finnlaugsson, Gunnar",ISL,M,,,,1942,0,20,SEP25,1947,
2325462,"Finnsson Fenger, Emil",ISL,M,,,,1546,0,40,SEP25,2012,
2303590,"Finnsson, Gunnar",ISL,M,,,,1848,0,20,SEP25,1947,i
2308240,"Finnsson, Johann Arnar",ISL,M,,,,1954,0,20,SEP25,2000,
2326230,"Finnsson, Johann Orn",ISL,M,,,,1562,0,40,SEP25,1995,
2321378,"Fjeldsted, Andres",ISL,M,,,,1655,0,40,SEP25,1945,
2300885,"Fridbertsson, Aegir",ISL,M,,,,2047,0,20,SEP25,1966,
2303124,"Fridgeirsson, Dagur Andri",ISL,M,,,,2024,0,20,SEP25,1995,
2315963,"Fridgeirsson, Pall Ingi",ISL,M,,,,1420,0,40,SEP25,2003,i
2300842,"Fridjonsson, Julius",ISL,M,,,,2054,0,20,SEP25,1950,
2320878,"Fridriksson, Magnus",ISL,M,,,,1645,0,40,SEP25,1986,i
2309530,"Fridriksson, Rafnar",ISL,M,,,,1683,0,40,SEP25,1997,i
2300788,"Fridthjofsdottir, Sigurl. Regina",ISL,F,,,,1777,0,20,SEP25,1961,w
2307235,"Fridthjofsson, Sigurjon Thor",ISL,M,,,,1833,0,20,SEP25,1962,
2302942,"Frigge, Paul Joseph",ISL,M,,,,1900,0,20,SEP25,1991,i
2318300,"Frostason, Runar",ISL,M,,,,1849,0,40,SEP25,2009,i
2311895,"Gardarsson, Hakon",ISL,M,,,,1469,0,40,SEP25,2003,i
2301440,"Gardarsson, Halldor",ISL,M,,,,1817,0,20,SEP25,1939,i
2303604,"Gardarsson, Hordur",ISL,M,,,,1676,0,20,SEP25,1956,
2302020,"Gardarsson, Magnus",ISL,M,,,,1753,0,40,SEP25,1975,
2302055,"Gasanova, Ulker",ISL,F,,,,1676,0,20,SEP25,1992,w
2302063,"Gautason, Alexander",ISL,M,,NA,,1741,0,40,SEP25,1994,
2302098,"Gautason, Kristofer",ISL,M,,NA,,1797,0,20,SEP25,1997,i
2306255,"Geirsson, Albert Omar",ISL,M,,,,1810,0,20,SEP25,1950,i
2313596,"Geirsson, Kristjan",ISL,M,,,,1833,0,20,SEP25,1963,
2327040,"Geirsson, Sveinn",ISL,M,,,,1607,0,40,SEP25,1973,
2300702,"Georgsson, Harvey",ISL,M,,,,2124,0,20,SEP25,1943,i
2302080,"Gestsson, Sverrir",ISL,M,,,,1929,0,20,SEP25,1957,
2325047,"Ghasemi, Mohammadhossein",ISL,M,,,,1782,0,40,SEP25,1990,i
2301890,"Gislason Bern, Baldvin",ISL,M,,,,2117,0,20,SEP25,1975,i
2302179,"Gislason, Agust Orn",ISL,M,,,,1921,0,40,SEP25,1976,i
2300559,"Gislason, Gudmundur",ISL,M,FM,,,2219,0,20,SEP25,1964,
2311283,"Gislason, Jason Andri",ISL,M,,,,1580,0,20,SEP25,2001,i
2302845,"Gislason, Magnus",ISL,M,,,,1992,0,20,SEP25,1949,
2302276,"Gislason, Stefan",ISL,M,,,,1811,0,20,SEP25,1950,i
2315262,"Gislason, Steinthor Orn",ISL,M,,,,1477,0,40,SEP25,2004,i
2303612,"Glumsson, Hjalti",ISL,M,,,,1661,0,40,SEP25,1973,i
2322862,"Gramizadeh, Hamed",ISL,M,,,,1655,0,40,SEP25,1990,
2301385,"Gretarsdottir, Lilja",ISL,F,WIM,WIM,,1990,0,20,SEP25,1972,wi
2300249,"Gretarsson, Andri A",ISL,M,FM,,,2256,0,20,SEP25,1969,i
2300699,"Gretarsson, Helgi Ass",ISL,M,GM,,,2418,0,10,SEP25,1977,
2302241,"Gretarsson, Hjorvar Steinn",ISL,M,GM,,,2494,0,10,SEP25,1993,i
2304651,"Gretarsson, Sigurdur Ass",ISL,M,,,,1941,0,40,SEP25,1965,
2322790,"Grettisson, Arnar Breki",ISL,M,,,,1810,0,20,SEP25,2004,
2307596,"Grimsson, Grimur",ISL,M,,,,1854,0,20,SEP25,1960,i
2318164,"Grimsson, Thordur",ISL,M,,,,1623,0,40,SEP25,1985,i
2320894,"Gudbjartsson, Daniel",ISL,M,,,,1593,0,40,SEP25,1973,
2308274,"Gudbjornsson, Arni",ISL,M,,,,1845,0,20,SEP25,1993,
2305321,"Gudbrandsson, Geir",ISL,M,,,,1683,0,40,SEP25,1991,i
2332140,"Gudbrandsson, Thor Jokull",ISL,M,,,,1659,0,40,SEP25,2009,
2304864,"Gudfinnsson, Saebjorn",ISL,M,,,,1986,0,40,SEP25,1944,i
2329344,Gudjonsson Larus Solberg,ISL,M,,,,1477,0,20,SEP25,1951,
2323664,"Gudjonsson, Anton Vignir",ISL,M,,,,1681,0,20,SEP25,1992,
2326280,"Gudjonsson, Ingi Haflidi",ISL,M,,,,1586,0,20,SEP25,1964,
2325110,"Gudjonsson, Petur Alex",ISL,M,,,,1631,0,40,SEP25,2007,i
2309980,"Gudjonsson, Sigurdur Pall",ISL,M,,,,1886,0,40,SEP25,1962,
2302209,"Gudjonsson, Sindri",ISL,M,,,,1885,0,20,SEP25,1979,
2304660,"Gudlaugsson, Einar",ISL,M,,,,1907,0,20,SEP25,1945,i
2311550,"Gudmarsson, Olafur",ISL,M,,,,1871,5,20,SEP25,1978,
2305534,"Gudmundsdottir, Geirthrudur Anna",ISL,F,,,,1870,0,20,SEP25,1994,wi
2310473,"Gudmundsson, Bjarni Thor",ISL,M,,,,1731,0,40,SEP25,2001,i
2310520,"Gudmundsson, Bjorgvin S",ISL,M,,,,1972,0,20,SEP25,1962,
2333694,"Gudmundsson, Bragi Holmar",ISL,M,,,,1550,0,40,SEP25,2009,
2302357,"Gudmundsson, Einar S.",ISL,M,,,,1815,0,20,SEP25,1946,i
2325560,"Gudmundsson, Eirikur Orri",ISL,M,,,,1548,3,20,SEP25,1971,
2300206,"Gudmundsson, Elvar",ISL,M,FM,,,2328,0,20,SEP25,1963,i
2323044,"Gudmundsson, Fridrik Helgi",ISL,M,,,,1545,0,40,SEP25,2000,i
2303620,"Gudmundsson, Gudmundur G",ISL,M,,,,1721,0,40,SEP25,1948,i
2314339,"Gudmundsson, Gunnar Erik",ISL,M,,,,1957,0,40,SEP25,2007,
2322820,"Gudmundsson, Hannibal Oskar",ISL,M,,,,1521,0,40,SEP25,1968,
2301350,"Gudmundsson, Kjartan",ISL,M,,,,1963,0,20,SEP25,1973,
2300605,"Gudmundsson, Kristjan",ISL,M,,,,2198,0,20,SEP25,1953,i
2307278,"Gudmundsson, Kristofer Orri",ISL,M,,,,1959,0,40,SEP25,1997,
2308940,"Gudmundsson, Olafur",ISL,M,,,,1858,0,40,SEP25,1966,i
2302411,"Gudmundsson, Petur Steinn",ISL,M,,,,1725,0,40,SEP25,1995,i
2310945,"Gudmundsson, Skarphedinn",ISL,M,,,,1656,0,40,SEP25,1946,i
2322463,"Gudmundsson, Solvi",ISL,M,,,,1555,0,40,SEP25,2004,i
2301970,"Gudmundsson, Stefan Freyr",ISL,M,,,,2092,0,20,SEP25,1977,i
2304872,"Gudmundsson, Stefan Thormar",ISL,M,,,,1845,0,40,SEP25,1946,i
2329808,"Gudmundsson, Steinn",ISL,M,,,,1793,0,40,SEP25,1996,
2305550,"Gudmundsson, Sveinbjorn G",ISL,M,,,,1851,0,40,SEP25,1951,i
2316650,"Gudmundsson, Thordur",ISL,M,,,,1743,0,20,SEP25,1976,i
2324008,"Gudnason, Daniel",ISL,M,,,,1714,0,40,SEP25,1993,
2321637,"Gudnyjarson, Sigurdur Pall",ISL,M,,,,1950,0,40,SEP25,2011,
2330059,Gulyas Adam Ferenc,ISL,M,,,,1705,0,20,SEP25,1988,
2327058,"Gunnarsdottir, Eyrun Eva",ISL,F,,,,1497,0,40,SEP25,1991,wi
2300877,"Gunnarsson, Arinbjorn",ISL,M,,,,2216,0,20,SEP25,1965,
2300915,"Gunnarsson, Arnar",ISL,M,IM,,,2409,0,10,SEP25,1978,i
2322145,"Gunnarsson, Audunn Snaer",ISL,M,,,,1558,0,40,SEP25,2008,i
2311917,"Gunnarsson, Baltasar Mani Wedhol",ISL,M,,,,1624,0,20,SEP25,2005,i
2306727,"Gunnarsson, Gunnar",ISL,M,,,,1827,0,40,SEP25,1977,
2300354,"Gunnarsson, Gunnar K",ISL,M,,,,1927,0,20,SEP25,1933,
2328410,"Gunnarsson, Hallgrimur",ISL,M,,,,1727,0,40,SEP25,1983,
2302519,"Gunnarsson, Helgi Petur",ISL,M,,,,1794,0,20,SEP25,1976,
2300931,"Gunnarsson, Jon Viktor",ISL,M,IM,,,2442,0,10,SEP25,1980,
2312220,"Gunnarsson, Kjartan Karl",ISL,M,,,,1481,0,40,SEP25,2005,i
2302322,"Gunnarsson, Magnus",ISL,M,,,,2081,0,20,SEP25,1943,i
2318881,"Gunnarsson, Olafur",ISL,M,,,,1560,0,40,SEP25,2009,i
2301989,"Gunnarsson, Runar",ISL,M,,,,1830,0,20,SEP25,1972,i
2308312,"Gunnarsson, Sigurdur Jon",ISL,M,,,,1947,0,20,SEP25,1971,i
2302853,"Gunnhallsson, Arngrimur",ISL,M,,,,2119,0,40,SEP25,1961,i
2313944,"Gunnlaugsson, Arnor",ISL,M,,,,1618,0,20,SEP25,2005,
2301776,"Gunnlaugsson, Gisli",ISL,M,,,,1849,0,20,SEP25,1942,
2310538,"Gunnlaugsson, Gudmundur Reynir",ISL,M,,,,1816,0,40,SEP25,1975,
2302527,"Gunnlaugsson, Mikael Luis",ISL,M,,,,1707,0,40,SEP25,1994,i
2326833,"Gunnlaugsson, Vignir Oli",ISL,M,,,,1580,0,40,SEP25,2010,
2302535,"Gylfason, Hlynur",ISL,M,,,,1897,0,40,SEP25,1973,
2318938,"Haarde Vignisdottir, Inga Jona",ISL,F,,,,1519,0,40,SEP25,2012,w
2306956,"Hafdisarson, Ingi Thor",ISL,M,,,,1629,0,20,SEP25,1987,
2323206,"Hafthorsson, Jon Ulfur",ISL,M,,IA,,1880,8,20,SEP25,2002,
2315190,"Haile, Batel Goitom",ISL,F,,,,1796,0,40,SEP25,2007,wi
2312239,"Hakonardottir, Ylfa Yr Welding",ISL,F,,,,1519,0,40,SEP25,2005,wi
2315130,"Hakonarson, Oskar",ISL,M,,,,1494,0,40,SEP25,2003,i
2314665,"Hakonarson, Sverrir",ISL,M,,,,1779,0,20,SEP25,2003,i
2301830,"Halfdanarson, Jon",ISL,M,,,,2116,0,40,SEP25,1947,i
2309297,"Halldorsson, Bjarni V",ISL,M,,,,1765,0,40,SEP25,1973,
2300664,"Halldorsson, Bjorn",ISL,M,,,,2128,0,20,SEP25,1954,i
2300907,"Halldorsson, Bragi",ISL,M,,,,2064,0,20,SEP25,1949,
2300494,"Halldorsson, Gudmundur",ISL,M,CM,,,2092,0,20,SEP25,1959,i
2301369,"Halldorsson, Halldor",ISL,M,CM,,,2099,0,20,SEP25,1984,
2303647,"Halldorsson, Hjorleifur",ISL,M,,,,1839,0,20,SEP25,1944,i
2301075,"Halldorsson, Jon Arni",ISL,M,CM,,,2084,0,20,SEP25,1962,
2324822,"Halldorsson, Karma",ISL,M,,,,1660,0,40,SEP25,2014,
2302551,"Halldorsson, Kristjan",ISL,M,,,,1886,0,20,SEP25,1969,
2330016,"Halldorsson, Nirvaan",ISL,M,,,,1670,0,40,SEP25,2012,
2320002,"Halldorsson, Saemundur",ISL,M,,,,1492,0,40,SEP25,1951,
2319446,"Hallmundarson, Birkir",ISL,M,,,,1866,0,40,SEP25,2013,
2311569,"Hallsson, Jon Eggert",ISL,M,,,,1838,0,20,SEP25,1980,
2301512,"Hannesson, Olafur I.",ISL,M,,,,2104,0,20,SEP25,1981,
2316056,"Hannesson, Sigurdur Orn",ISL,M,,,,1738,0,40,SEP25,1945,i
2302861,"Hansson, Gudmundur Freyr",ISL,M,,,,2027,0,20,SEP25,1962,i
2333970,"Haraldsson, Audunn",ISL,M,,,,1826,0,40,SEP25,1990,
2316412,"Haraldsson, Gunnar Orn",ISL,M,,,,1757,0,40,SEP25,1942,
2311100,"Haraldsson, Haraldur",ISL,M,,,,1965,0,20,SEP25,1954,
2308959,"Haraldsson, Haraldur Arnar",ISL,M,,,,1734,0,40,SEP25,1960,i
2301865,"Haraldsson, Oskar",ISL,M,,,,1771,0,20,SEP25,1964,i
2303655,"Haraldsson, Sigurjon",ISL,M,,,,1857,0,20,SEP25,1965,
2313650,"Hardarson, Gudni Karl",ISL,M,,,,1512,0,40,SEP25,1954,i
2302594,"Hardarson, Jon Trausti",ISL,M,,,,2099,0,20,SEP25,1997,
2303663,"Hardarson, Marteinn Thor",ISL,M,,,,1889,0,20,SEP25,1979,i
2317605,"Hardarson, Petur Palmi",ISL,M,,,,2109,0,20,SEP25,1998,
2302608,"Hauksdottir, Hrund",ISL,F,,,,1828,0,20,SEP25,1996,w
2314223,"Hauksson, Bjorgvin Jonas",ISL,M,,,,1811,0,20,SEP25,1969,
2308339,"Hauksson, Bjorn Oli",ISL,M,,,,1804,0,40,SEP25,1961,i
2303671,"Hauksson, Helgi",ISL,M,,,,1858,0,40,SEP25,1948,
2305593,"Hauksson, Helgi",ISL,M,,,,1766,0,20,SEP25,1964,
2303680,"Hauksson, Hordur Aron",ISL,M,,,,1965,0,20,SEP25,1993,
2303698,"Hauksson, Ottar Felix",ISL,M,,,,1855,0,40,SEP25,1950,
2328267,"Hedinsson, Godi",ISL,M,,,,1643,0,40,SEP25,2009,
2312875,"Heidarsson, Arnar Milutin",ISL,M,,,,2086,0,20,SEP25,2003,
2307014,"Heidarsson, Hersteinn",ISL,M,,,,1770,0,40,SEP25,1996,i
2317532,"Heidarsson, Mikael Bjarki",ISL,M,,,,1971,0,40,SEP25,2009,
2309998,"Heimisson, Hilmir Freyr",ISL,M,IM,,,2291,17,10,SEP25,2001,
2315041,"Helgadottir, Asthildur",ISL,F,,,,1444,0,40,SEP25,2006,wi
2314118,"Helgadottir, Idunn",ISL,F,WCM,WCM,,1874,0,40,SEP25,2007,w
2303701,"Helgadottir, Sigridur Bjorg",ISL,F,,,,1788,0,20,SEP25,1992,wi
2318261,"Helgadottir, Soley Kria",ISL,F,,,,1532,0,40,SEP25,2008,w
2316609,"Helgason, Arnor Gauti",ISL,M,,,,1767,0,40,SEP25,1972,
2311534,"Helgason, Jon Thor",ISL,M,,,,1772,0,20,SEP25,1971,i
370243352,"Helgason, Olafur Sindri",ISL,M,,,,1706,0,20,SEP25,1981,
2316218,"Helgason, Sigurdur",ISL,M,,,,1699,0,40,SEP25,1991,i
2327503,"Helmer Tobiasson, Joel",ISL,M,,,,1567,0,40,SEP25,2010,
2311127,"Hermannsson, Jon Adalsteinn",ISL,M,,,,1649,0,40,SEP25,1999,
2306093,"Hermannsson, Olafur",ISL,M,,,,1713,0,20,SEP25,1961,
2325128,"Hermannsson, Sigurbjorn",ISL,M,,,,1904,9,40,SEP25,2007,
2300508,"Hermannsson, Tomas",ISL,M,CM,,,2108,0,40,SEP25,1971,i
2311062,"Hilmarsson, Andri Steinn",ISL,M,,,,1794,0,20,SEP25,1993,i
2310813,"Hjaltalin, Thor",ISL,M,,,,1774,0,20,SEP25,1966,
2315084,"Hjaltason, Elvar Orn",ISL,M,,,,1825,0,20,SEP25,1990,i
2302640,"Hjaltason, Karl Gauti",ISL,M,,,,1672,0,20,SEP25,1959,
2312883,"Hjaltason, Magnus",ISL,M,,,,1575,0,20,SEP25,2005,i
2316668,"Hjaltason, Thorarinn",ISL,M,,,,1591,0,40,SEP25,1947,i
2300672,"Hjartarson, Bjarni",ISL,M,,,,2075,0,20,SEP25,1959,i
2300044,"Hjartarson, Johann",ISL,M,GM,,,2466,0,10,SEP25,1963,
2307324,"Holm, Fridgeir K",ISL,M,,,,1827,0,20,SEP25,1954,i
2319675,"Hoskuldsson, Sigurdur Heidar",ISL,M,,,,1615,0,40,SEP25,1985,i
2302667,"Hrafnkelsson, Gisli",ISL,M,,,,1805,0,20,SEP25,1982,i
2305615,"Hrafnkelsson, Thorir Bjorn",ISL,M,,,,1788,0,20,SEP25,1963,
2310481,"Hrafnsson, Hilmir",ISL,M,,,,1608,0,40,SEP25,2001,i
2304686,"Hrafnsson, Hreinn",ISL,M,,,,1779,0,20,SEP25,1946,i
2306000,"Hreinsson, Arnthor",ISL,M,,,,1717,0,40,SEP25,1964,i
2301814,"Hreinsson, Birkir",ISL,M,,,,2030,0,40,SEP25,1984,i
2313197,"Hreinsson, Einar Orn",ISL,M,,,,1699,0,40,SEP25,1973,i
2301253,"Hreinsson, Hlidar",ISL,M,,,,2173,0,20,SEP25,1976,
2317540,"Hreinsson, Johann Helgi",ISL,M,,,,1634,0,40,SEP25,2009,
2302675,"Hreinsson, Kristjan",ISL,M,,,,1867,0,40,SEP25,1957,i
2306115,"Hrolfsson, Andri",ISL,M,,,,1684,0,40,SEP25,1943,
2329190,"Hugason, Stefnir",ISL,M,,,,1417,0,40,SEP25,2010,
2304902,"Ingason, Olafur G",ISL,M,,,,1842,0,40,SEP25,1955,i
2301709,"Ingason, Sigurdur",ISL,M,,,,1784,0,20,SEP25,1964,
2309076,"Ingibergsson, Gunnar",ISL,M,,,,1644,0,20,SEP25,1979,
2302250,"Ingibergsson, Valgard",ISL,M,,,,AIM,1905,0,SEP25,1965,i
2329417,Ingimarsson Ingimar,ISL,M,,,,1633,0,40,SEP25,1978,
2013576,"Ingimarsson, David",ISL,M,,,,2061,0,40,SEP25,1980,i
2302683,"Ingimarsson, Hordur",ISL,M,,,,1737,0,40,SEP25,1943,i
2321700,"Ingimarsson, Oddur",ISL,M,,,,1888,0,40,SEP25,1978,
2301270,"Ingolfsdottir, Harpa",ISL,F,,,,1969,0,20,SEP25,1981,wi
2310422,"Ingolfsson, Arnar",ISL,M,,,,1873,0,40,SEP25,1957,i
2313677,"Ingolfsson, Gardar",ISL,M,,,,1523,0,40,SEP25,1940,i
2324199,"Ingolfsson, Niels",ISL,M,,,,1442,0,40,SEP25,2006,i
2318555,"Ingvarsson, Hjorvar Logi",ISL,M,,,,1525,0,40,SEP25,1993,i
2307065,"Ingvarsson, Kjartan",ISL,M,,,,1874,0,20,SEP25,1966,
2310120,"Ingvarsson, Thorleifur",ISL,M,,,,1837,0,40,SEP25,1958,
2319462,"Ingvarsson, Thrandur",ISL,M,,,,1738,0,40,SEP25,2005,
2303000,"Ingvarsson, Unnar",ISL,M,,,,1797,0,20,SEP25,1968,
2301431,"Ingvason, Johann",ISL,M,,,,2132,0,20,SEP25,1968,
2313782,"Ingveldarson, Thorvaldur Kari",ISL,M,,,,1633,0,40,SEP25,1985,i
2305917,"Isleifsson, Runar",ISL,M,,,,1860,0,20,SEP25,1962,
2305860,"Isolfsson, Eggert",ISL,M,,,,1921,0,20,SEP25,1961,i
2316676,"Ivarsson Schram, Bjorgvin",ISL,M,,,,1815,0,40,SEP25,1989,
2327023,"Ivarsson, Isak Eli",ISL,M,,,,1573,0,40,SEP25,2002,i
2320614,"Jacobsen Andrason, Benedikt Andri",ISL,M,,,,1403,0,40,SEP25,2012,i
2310368,"Jakobsen, Odinn Orn",ISL,M,,,,1510,0,40,SEP25,2002,i
2301067,"Jensson, Einar Hjalti",ISL,M,IM,,,2322,0,20,SEP25,1980,i
2303019,"Jensson, Erlingur",ISL,M,,,,1759,0,20,SEP25,1968,
2303728,"Johannesson, Gisli Holmar",ISL,M,,,,1928,0,20,SEP25,1968,
2304694,"Johannesson, Haki",ISL,M,,,,1811,0,20,SEP25,1947,i
2301490,"Johannesson, Ingvar Thor",ISL,M,FM,NA,,2256,0,20,SEP25,1977,
2307332,"Johannesson, Jon",ISL,M,,,,1899,0,20,SEP25,1960,
2306760,"Johannesson, Kristofer Joel",ISL,M,,,,1651,0,20,SEP25,1999,i
2300311,"Johannesson, Larus",ISL,M,FM,,,2290,0,20,SEP25,1964,i
2305623,"Johannesson, Oliver",ISL,M,FM,,,2245,0,20,SEP25,1998,
2325390,"Johannesson, Ymir Noi",ISL,M,,,,1413,0,40,SEP25,2010,
2306425,"Johannsdottir, Hildur Berglind",ISL,F,,,,1569,0,40,SEP25,1999,w
2303108,"Johannsdottir, Johanna Bjorg",ISL,F,WCM,WCM,NA,1975,0,20,SEP25,1993,w
2318210,"Johannsson, Arnar Bjarki",ISL,M,,,,1521,0,40,SEP25,2008,
2314673,"Johannsson, Birkir Isak",ISL,M,,,,2258,0,20,SEP25,2002,
2316234,"Johannsson, Bjarki Kroyer",ISL,M,,,,1417,0,40,SEP25,2005,i
2315149,"Johannsson, Fannar Smari",ISL,M,,,,1532,0,40,SEP25,2007,i
2320568,"Johannsson, Gretar Johann",ISL,M,,,,1476,0,40,SEP25,2006,i
2305925,"Johannsson, Gudmundur I",ISL,M,,,,1737,0,40,SEP25,1942,
2309300,"Johannsson, Hjortur Ingvi",ISL,M,,,,1730,0,20,SEP25,1987,
2308380,"Johannsson, Johann Bernhard",ISL,M,,,,1664,0,40,SEP25,1994,i
2318539,"Johannsson, Markus Orri",ISL,M,,,,1975,0,40,SEP25,2009,
2310244,"Johannsson, Olafur",ISL,M,,,,1668,0,40,SEP25,1972,
2303051,"Johannsson, Orn Leo",ISL,M,FM,,,2314,0,20,SEP25,1994,
2326906,"Johannsson, Reynir",ISL,M,,,,1550,0,40,SEP25,2006,i
2300338,"Jonasson, Benedikt",ISL,M,FM,,,2164,0,20,SEP25,1957,i
2311224,"Jonasson, Hordur",ISL,M,,,,1623,0,20,SEP25,1959,
2301717,"Jonasson, Jonas",ISL,M,,,,1989,0,20,SEP25,1964,i
2303116,"Jonatansson, Sigurdur Freyr",ISL,M,,,,1676,0,20,SEP25,1969,
2321939,"Jonsdottir, Halldora",ISL,F,,,,1577,0,40,SEP25,2013,w
2316706,"Jonsdottir, Katrin Maria",ISL,F,,,,1612,0,40,SEP25,2008,w
2324253,"Jonsdottir, Silja Run",ISL,F,,,,1459,0,40,SEP25,2011,w
2308398,"Jonsson, Birgir",ISL,M,,,,1711,0,40,SEP25,1966,
2300125,"Jonsson, Bjorgvin",ISL,M,IM,,,2306,0,10,SEP25,1964,i
2301881,"Jonsson, Bjorn",ISL,M,,,,2054,0,20,SEP25,1966,i
2305259,"Jonsson, Bjorn",ISL,M,,,,1987,0,20,SEP25,1968,i
2303159,"Jonsson, Dadi Steinn",ISL,M,,,,1871,0,40,SEP25,1996,i
2321300,"Jonsson, Daniel Fridrik",ISL,M,,,,1538,0,40,SEP25,2009,
2316889,"Jonsson, Emil Kari",ISL,M,,,,1423,0,40,SEP25,2010,
2309092,"Jonsson, Gauti Pall",ISL,M,,,,2134,0,20,SEP25,1999,
2319942,"Jonsson, Gudgeir",ISL,M,,NA,,1709,0,20,SEP25,1981,i
2310961,"Jonsson, Helgi Svanberg",ISL,M,,,,1637,0,40,SEP25,2001,
2332264,"Jonsson, Helgi Tomas",ISL,M,,,,1461,0,40,SEP25,2015,
2304708,"Jonsson, Hrannar",ISL,M,,,,2021,0,40,SEP25,1963,i
2321688,"Jonsson, Johann",ISL,M,,,,1922,0,20,SEP25,1960,
2300257,"Jonsson, Johannes G",ISL,M,,,,2315,0,20,SEP25,1963,i
2302101,"Jonsson, Jon Arni",ISL,M,,,,2044,0,20,SEP25,1962,i
2326426,"Jonsson, Jon Oddur",ISL,M,,,,1557,0,40,SEP25,1979,
2319179,"Jonsson, Kjartan Halldor",ISL,M,,,,1567,0,40,SEP25,2010,i
2325489,"Jonsson, Kristjan",ISL,M,,,,1553,0,40,SEP25,1974,
2313413,"Jonsson, Kristjan Dagur",ISL,M,,,,1892,0,20,SEP25,2005,
2303191,"Jonsson, Loftur H",ISL,M,,,,1822,0,40,SEP25,1946,i
2309106,"Jonsson, Logi Runar",ISL,M,,,,1821,0,20,SEP25,1996,
2320029,"Jonsson, Magnus K",ISL,M,,,,1807,0,40,SEP25,1971,
2302705,"Jonsson, Olafur Gisli",ISL,M,,,,1832,0,20,SEP25,1956,
2300443,"Jonsson, Omar",ISL,M,,,,2270,0,20,SEP25,1956,i
2308410,"Jonsson, Pall Agust",ISL,M,,,,1941,0,40,SEP25,1968,i
2303205,"Jonsson, Pall G",ISL,M,,,,1887,0,20,SEP25,1933,
2302365,"Jonsson, Pall Leo",ISL,M,,,,1959,0,20,SEP25,1957,
2303213,"Jonsson, Rafn",ISL,M,,,,1858,0,40,SEP25,1972,i
2308002,"Jonsson, Robert Leo",ISL,M,,,,1780,0,40,SEP25,1999,i
2312026,"Jonsson, Sigurdur Gunnar",ISL,M,,,,1403,0,40,SEP25,2004,i
2302713,"Jonsson, Sigurdur H",ISL,M,,,,1891,0,20,SEP25,1951,i
2305666,"Jonsson, Stefan Daniel",ISL,M,,,,1669,0,40,SEP25,1988,i
2319870,"Jonsson, Stefan G",ISL,M,,,,1833,0,20,SEP25,1948,
2303248,"Jonsson, Sveinbjorn",ISL,M,,,,1828,0,20,SEP25,1949,
2309327,"Jonsson, Thormar",ISL,M,,,,1754,0,40,SEP25,1959,i
2310970,"Jonsson, Thorsteinn Emil",ISL,M,,,,1486,0,40,SEP25,2004,i
2310490,"Jonsson, Tomas Arni",ISL,M,,,,1819,0,20,SEP25,1963,i
2321947,"Jonsson, Tristan Fannar",ISL,M,,,,1623,1,40,SEP25,2013,
2302373,"Jonsson, Vidar",ISL,M,,,,1930,0,20,SEP25,1947,
2324024,"Juhas, Roman",ISL,M,,,,1715,0,40,SEP25,1997,i
2300567,"Karason, Askell O",ISL,M,IM,,,2108,0,20,SEP25,1953,
2316374,"Karason, Fannar Breki",ISL,M,,,,1620,0,40,SEP25,2005,
2303272,"Karason, Halldor Ingi",ISL,M,,,,1934,0,20,SEP25,1979,
2321084,"Karason, Jokull Mani",ISL,M,,,,1582,0,40,SEP25,2010,i
2331306,"Karlsdottir, Harpa Hrafney",ISL,F,,,,1542,0,40,SEP25,2013,w
2300419,"Karlsson, Agust S",ISL,M,FM,,,2224,0,20,SEP25,1963,i
2301687,"Karlsson, Bjorn-Ivar",ISL,M,FM,FT,,2330,0,20,SEP25,1985,
2303744,"Karlsson, Eirikur",ISL,M,,,,1789,0,40,SEP25,1939,i
2312530,"Karlsson, Isak Orri",ISL,M,,,,1683,0,20,SEP25,2005,i
2305674,"Karlsson, Jon Einar",ISL,M,,,,1738,0,20,SEP25,1976,i
2305194,"Karlsson, Mikael Johann",ISL,M,,,,2140,0,20,SEP25,1995,
2307936,"Karlsson, Sighvatur",ISL,M,,,,1544,0,20,SEP25,1959,
2304716,"Karlsson, Snorri Sigurdur",ISL,M,,,,1780,0,40,SEP25,1980,i
2305062,"Karlsson, Thorleifur",ISL,M,,,,1987,0,20,SEP25,1975,
2318237,"Kjartansson, Adalbjorn Thor",ISL,M,,,,1571,0,40,SEP25,2008,i
2318342,"Kjartansson, Arnar Logi",ISL,M,,,,1520,0,40,SEP25,2009,
2303299,"Kjartansson, Dagur",ISL,M,,,,1918,0,20,SEP25,1996,
2301130,"Kjartansson, David",ISL,M,IM,,,2262,0,10,SEP25,1982,
2301318,"Kjartansson, Gudmundur",ISL,M,GM,FT,,2422,9,10,SEP25,1988,
2310260,"Kjartansson, Kristofer Halldor",ISL,M,,,,1569,0,40,SEP25,2002,
2319225,"Kjartansson, Matthias Bjorgvin",ISL,M,,,,1937,0,40,SEP25,2009,i
2301326,"Kjartansson, Olafur",ISL,M,,,,1962,0,20,SEP25,1983,i
2300940,"Kjeld, Matthias",ISL,M,,,,2132,0,20,SEP25,1979,i
2806231,"Knutsson, Larus",ISL,M,,,,2004,0,20,SEP25,1975,
2308843,"Kolica, Donika",ISL,F,,,,1558,0,20,SEP25,1997,wi
2308010,"Kolka, David",ISL,M,,,,2070,0,20,SEP25,2000,
2323052,"Kondracki, Damian Jakub",ISL,M,,,,1492,0,40,SEP25,2008,
2301164,"Kormaksson, Matthias",ISL,M,,,,2183,0,40,SEP25,1981,i
2329697,"Koziarski, Natan",ISL,M,,,,1503,0,40,SEP25,2009,i
2327279,"Kramarenko, Viacheslav",ISL,M,,,,1561,0,40,SEP25,2013,i
2310007,"Kravchuk, Mykhaylo",ISL,M,,,,1770,0,20,SEP25,2003,
2305232,"Kristbergsson, Bjorgvin",ISL,M,,,,1403,0,20,SEP25,1963,
2331217,"Kristiansen, Aputsiaq Mikael",ISL,M,,,,1508,0,40,SEP25,2009,i
2300370,"Kristinardottir, Elsa Maria",ISL,F,,,,1906,0,20,SEP25,1989,w
2320630,"Kristinsdottir, Arna Dogg",ISL,F,,,,1644,0,40,SEP25,2007,wi
1404679,"Kristinsson, Baldur",ISL,M,,,,2147,0,20,SEP25,1970,
2302950,"Kristinsson, Bjarni Jens",ISL,M,,,,2012,0,20,SEP25,1991,i
2309793,"Kristinsson, Grimur Bjorn",ISL,M,,,,1875,0,20,SEP25,1984,i
2300141,"Kristinsson, Jon",ISL,M,,,,2091,0,20,SEP25,1942,
2305682,"Kristinsson, Magnus",ISL,M,,,,1814,0,20,SEP25,1969,
2304724,"Kristinsson, Ogmundur",ISL,M,,,,1996,0,20,SEP25,1953,
2309335,"Kristjansson, Arni H",ISL,M,,,,1881,0,20,SEP25,1961,
2302268,"Kristjansson, Atli Freyr",ISL,M,,,,2140,0,20,SEP25,1989,i
2300346,"Kristjansson, Bragi",ISL,M,FM,,,2279,0,20,SEP25,1945,i
2315823,"Kristjansson, Halldor",ISL,M,,,,1740,0,20,SEP25,1992,
2310988,"Kristjansson, Halldor Atli",ISL,M,,,,1686,0,20,SEP25,2003,
2315076,"Kristjansson, Hjortur",ISL,M,,,,1687,0,20,SEP25,2003,i
2300656,"Kristjansson, Olafur",ISL,M,,,,2048,0,20,SEP25,1942,
2302225,"Kristjansson, Sigurdur",ISL,M,,,,1841,0,20,SEP25,1935,
2320134,"Kristjansson, Snorri",ISL,M,,,,1705,0,40,SEP25,1974,
2310732,"Kristofersson, Sindri Snaer",ISL,M,,,,1518,0,20,SEP25,2003,i
2300362,"Lagerman, Robert",ISL,M,FM,"FT,IA",,2304,0,20,SEP25,1962,
2301733,"Larusdottir, Aldis",ISL,F,,,,1981,0,40,SEP25,1983,wi
2303353,"Larusson, Agnar Darri",ISL,M,,,,1879,0,20,SEP25,1986,i
2301377,"Larusson, Petur Atli",ISL,M,,,,2026,0,20,SEP25,1972,
2303361,"Lee, Gudmundur Kristinn",ISL,M,,,,2019,0,20,SEP25,1995,
2302764,"Leifsson, Thorsteinn",ISL,M,,,,1788,0,20,SEP25,1961,i
2313499,"Lemery, Jon Thor",ISL,M,,,,1858,0,20,SEP25,2001,i
2308533,"Leosson, Atli Johann",ISL,M,,,,1887,0,20,SEP25,1983,i
2325780,"Leosson, Haukur Vidis",ISL,M,,,,1830,0,40,SEP25,2014,
2325764,"Leosson, Tomas Sindri",ISL,M,,,,1624,0,20,SEP25,2002,
2300966,"Leosson, Torfi",ISL,M,,,,2100,0,20,SEP25,1978,
2302870,"Loftsson, Arnaldur",ISL,M,,,,2005,0,20,SEP25,1970,
2300729,"Loftsson, Hrafn",ISL,M,,,,2140,0,20,SEP25,1965,i
2323508,"Logason, Thorvaldur",ISL,M,,,,2010,0,40,SEP25,1966,
2333805,"Ludvigsson, Gudmundur",ISL,M,,,,1711,0,40,SEP25,1968,
2310104,"Ludviksson, Johannes",ISL,M,,,,2065,0,40,SEP25,1949,i
2315165,"Lund, Snorri Sveinn",ISL,M,,,,1445,0,40,SEP25,2007,i
2311798,"Luu, Robert",ISL,M,,,,1835,0,20,SEP25,2005,i
2301806,"Maack, Kjartan",ISL,M,,,,2029,0,20,SEP25,1975,
2303779,"Maggason, Oskar",ISL,M,,,,1808,0,20,SEP25,1965,i
2309114,"Magnusdottir, Veronika Steinunn",ISL,F,,,,1716,9,20,SEP25,1998,w
2332574,"Magnusson, Aevar Thor",ISL,M,,,,1452,0,40,SEP25,1986,
2303787,"Magnusson, Audbergur",ISL,M,,NA,,1804,0,20,SEP25,1963,i
2312484,"Magnusson, Benedikt Ernir",ISL,M,,,,1793,0,40,SEP25,2003,
2312956,"Magnusson, Bjorn",ISL,M,,,,1567,0,40,SEP25,2005,i
1437330,"Magnusson, Gisli",ISL,M,,,,1816,0,40,SEP25,1972,
2302110,"Magnusson, Gunnar",ISL,M,,,,2011,0,20,SEP25,1952,i
2303434,"Magnusson, Haraldur",ISL,M,,,,1683,0,40,SEP25,1941,i
2305283,"Magnusson, Jon",ISL,M,,,,1946,0,20,SEP25,1960,
2306921,"Magnusson, Jon",ISL,M,,,,1617,0,20,SEP25,1959,
2302128,"Magnusson, Magnus",ISL,M,,,,1944,0,20,SEP25,1958,
2300575,"Magnusson, Olafur",ISL,M,,,,2183,0,20,SEP25,1938,i
2309122,"Magnusson, Pall",ISL,M,,,,1768,0,40,SEP25,1954,
2303442,"Magnusson, Patrekur Maron",ISL,M,,,,2013,0,20,SEP25,1993,i
2307553,"Magnusson, Sigurdur A",ISL,M,,,,1731,0,40,SEP25,1999,i
2304970,"Magnusson, Thorlakur",ISL,M,,,,1869,0,20,SEP25,1956,
2315874,"Magnusson, Thorsteinn",ISL,M,,NA,,1778,0,40,SEP25,1976,i
2310287,"Magnusson, Thorsteinn",ISL,M,,,,1675,0,20,SEP25,2000,
2313391,"Mai, Alexander Oliver",ISL,M,CM,,,2171,0,20,SEP25,2003,
2313383,"Mai, Aron Thor",ISL,M,,,,1966,0,20,SEP25,2001,i
2318695,"Margretarson, Jon Bjorn",ISL,M,,,,1412,0,40,SEP25,2011,i
2325250,"Masson, Hrannar Mar",ISL,M,,,,1459,0,40,SEP25,2010,
2303809,"Masson, Kjartan",ISL,M,,,,1798,0,20,SEP25,1970,
2303817,"Masson, Vidar",ISL,M,,,,1783,0,40,SEP25,1974,i
2321521,"Matharel, Tobias",ISL,M,,,,1759,0,40,SEP25,2009,
2306034,"Matthiasson, Magnus",ISL,M,,,,1784,0,20,SEP25,1965,
2329310,"Meinich, Stefan",ISL,M,,,,1464,0,40,SEP25,2010,i
2317257,"Mogensen, Asgeir",ISL,M,,,,1873,0,20,SEP25,1993,
2303469,"Moller, Agnar T",ISL,M,,,,1974,0,20,SEP25,1979,i
1427075,"Moller, Baldur Helgi",ISL,M,,,,1987,0,20,SEP25,1980,
2303485,"Moller, Rognvaldur",ISL,M,,,,1907,0,40,SEP25,1965,i
2307367,"Moller, Thordur",ISL,M,,,,1782,0,40,SEP25,1960,i
2315343,"Moller, Tomas",ISL,M,,,,1732,0,40,SEP25,2008,i
2325268,"Nguyen, Victor Thang Tri",ISL,M,,,,1516,0,40,SEP25,2010,i
2303507,"Nikulasson, Gunnar",ISL,M,,,,1738,0,20,SEP25,1960,i
2310015,"Njardarson, Arnar Ingi",ISL,M,,,,1602,0,20,SEP25,1997,
2313910,"Njardarson, Daniel Ernir",ISL,M,,,,1714,0,20,SEP25,2001,i
2327031,"Oddsson, Hrafn",ISL,M,,,,1758,0,40,SEP25,1945,i
2303523,"Oddsson, Oddur Tomas",ISL,M,,,,1657,0,40,SEP25,1979,i
2333023,"Odinsson, Helgi Fannar",ISL,M,,,,1569,6,40,SEP25,2018,
2328208,"Odinsson, Ymir Logi",ISL,M,,,,1546,0,40,SEP25,2007,
2318717,"Ofeigsson, Daniel Freyr",ISL,M,,,,1452,0,40,SEP25,2008,i
2328658,"Olafsson, Alexander Orn",ISL,M,,,,1495,0,40,SEP25,2011,
2313510,"Olafsson, Arni",ISL,M,,,,1701,0,20,SEP25,2005,i
2313855,"Olafsson, Arnor",ISL,M,,,,1573,0,40,SEP25,2002,i
2313863,"Olafsson, Bjarki",ISL,M,,,,1557,0,40,SEP25,2002,i
2300451,"Olafsson, David",ISL,M,FM,,,2267,0,20,SEP25,1968,i
2315831,"Olafsson, Eggert",ISL,M,,,,1570,0,40,SEP25,1981,i
2320037,"Olafsson, Eyjolfur",ISL,M,,,,1626,0,40,SEP25,1944,
2323389,"Olafsson, Gudjon Thor",ISL,M,,,,1565,0,40,SEP25,1969,
2316765,"Olafsson, Heidar",ISL,M,,,,1546,0,40,SEP25,1975,i
2300010,"Olafsson, Helgi",ISL,M,GM,,,2452,0,10,SEP25,1956,
2313200,"Olafsson, Kristmundur Thor",ISL,M,,,,1762,0,40,SEP25,1981,i
2312042,"Olafsson, Olafur Orn",ISL,M,,,,1660,0,20,SEP25,2003,
2318504,"Olafsson, Pall Ammendrup",ISL,M,,,,1637,0,40,SEP25,1987,
2306514,"Olafsson, Sigurdur",ISL,M,,,,2076,0,40,SEP25,1952,i
2302403,"Olafsson, Smari",ISL,M,,,,1881,0,20,SEP25,1964,
2303949,"Olafsson, Thorarinn I",ISL,M,,,,1665,0,20,SEP25,1942,
2301148,"Olafsson, Thorvardur",ISL,M,,,,2075,0,20,SEP25,1972,
2303957,"Olgeirsson, Armann",ISL,M,,,,1709,0,20,SEP25,1941,i
2303965,"Olsen, Agnar",ISL,M,,,,1794,0,40,SEP25,1969,i
2330199,"Olszewski, Milosz Ulfur",ISL,M,,,,1526,0,40,SEP25,2011,
2311453,"Omarsson, Adam",ISL,M,CM,,,2103,23,40,SEP25,2007,
2302772,"Omarsson, Dadi",ISL,M,CM,NA,,2198,0,20,SEP25,1991,
2316102,"Omarsson, Josef",ISL,M,,,,2129,18,40,SEP25,2011,
2310821,"Omarsson, Kristofer",ISL,M,,,,1834,0,20,SEP25,1969,i
2303981,"Ontiveros, John",ISL,M,,,,1837,0,20,SEP25,1965,i
2301016,"Ornolfsson, Magnus P.",ISL,M,CM,,,2187,0,20,SEP25,1971,
2313553,"Orrason, Alex Cambray",ISL,M,,,,1706,0,20,SEP25,1989,i
2320401,"Orrason, Arnar Freyr",ISL,M,,,,1501,0,40,SEP25,2011,i
2322129,"Oskarsdottir, Hrafndis Karen",ISL,F,,,,1635,0,40,SEP25,2011,wi
2313014,"Oskarsson, Anton Breki",ISL,M,,,,1549,0,40,SEP25,2005,i
2302780,"Oskarsson, Aron Ingi",ISL,M,,,,1942,0,20,SEP25,1988,i
2321793,"Oskarsson, Julius Orri",ISL,M,,,,1601,0,40,SEP25,1993,i
2320118,"Oskarsson, Markus Orri",ISL,M,,,,2039,0,40,SEP25,2009,
2323524,"Ossurarson, Ari Bjorn",ISL,M,,,,1774,0,40,SEP25,1998,i
2303990,"Ottarsson, Tryggvi",ISL,M,,,,1692,0,20,SEP25,1964,
2306816,"Ottesen, Oddgeir",ISL,M,,NA,,1857,0,20,SEP25,1973,
2308568,"Palmarsson, Erlingur Atli",ISL,M,,,,1670,0,20,SEP25,1989,
2303078,"Palmason, Vilhjalmur",ISL,M,,,,1935,0,20,SEP25,1991,i
2306824,"Palsdottir, Soley Lind",ISL,F,,,,1681,0,20,SEP25,1999,w
2326000,"Palsson, Arnaldur Arni",ISL,M,,,,1704,0,40,SEP25,2008,
2301202,"Palsson, Halldor",ISL,M,,,,1986,0,20,SEP25,1959,
2321777,"Palsson, Magnus Mar",ISL,M,,,,1435,0,40,SEP25,1998,i
2320142,"Palsson, Oli",ISL,M,,,,1643,0,20,SEP25,1981,
2302721,"Palsson, Svanberg Mar",ISL,M,,,,1873,0,20,SEP25,1993,i
2307405,"Palsson, Valur Marvin",ISL,M,,,,1727,0,40,SEP25,1996,i
2319780,"Paluson, Kristjan Freyr",ISL,M,,,,1522,0,40,SEP25,2013,
2303825,"Petersen, Adolf",ISL,M,,,,1897,0,40,SEP25,1955,i
2314487,"Petersen, Einar Tryggvi",ISL,M,,,,1440,0,40,SEP25,2008,i
2309130,"Petersen, Jakob Alexander",ISL,M,,,,1702,0,20,SEP25,1999,i
2309149,"Petersen, Vidir Smari",ISL,M,,,,1738,0,40,SEP25,1988,i
2325055,"Pettersson, Michael",ISL,M,,,,1675,0,40,SEP25,1981,i
2316722,"Petursson, Armann",ISL,M,,,,1546,0,20,SEP25,1998,i
2303833,"Petursson, Daniel",ISL,M,,,,1956,0,40,SEP25,1970,i
2301725,"Petursson, Gudni",ISL,M,,,,2027,0,20,SEP25,1983,
2300028,"Petursson, Margeir",ISL,M,GM,,,2405,0,10,SEP25,1960,
2302918,"Petursson, Matthias",ISL,M,,,,1936,0,20,SEP25,1991,i
2317575,"Petursson, Olafur Fannar",ISL,M,,,,1404,0,40,SEP25,2009,i
2302136,"Petursson, Palmi Ragnar",ISL,M,FM,NA,,2166,0,40,SEP25,1964,i
2303841,"Petursson, Stefan Mar",ISL,M,,,,1802,0,40,SEP25,1961,i
2310309,"Petursson, Ulfur Orri",ISL,M,,,,1588,0,40,SEP25,1987,i
2317990,"Ponzi, Tomas",ISL,M,,,,1696,0,20,SEP25,1959,
14132907,"Prudnikov, Andrey",ISL,M,,,,2133,0,20,SEP25,1992,
14121093,"Prudnykova, Olga",ISL,F,WIM,WIM,,2271,0,20,SEP25,1994,w
305650,"Ptacnikova, Lenka",ISL,F,WGM,WGM,NA,2154,18,20,SEP25,1976,w
2304058,"Ragnarsson, Dagur",ISL,M,IM,,,2365,17,10,SEP25,1997,
2308860,"Ragnarsson, Heimir Pall",ISL,M,,,,1792,0,20,SEP25,2001,
2301040,"Ragnarsson, Johann",ISL,M,,,,1946,0,20,SEP25,1965,
2309670,"Rikhardsdottir, Svandis Ros",ISL,F,,,,1597,0,20,SEP25,2000,wi
2320703,"Robertsson, Gudmundur Reynir",ISL,M,,,,1558,0,40,SEP25,2006,i
2304090,"Rognvaldsson, Geir",ISL,M,,,,1655,0,20,SEP25,1949,
2301768,"Runarsson, Gunnar",ISL,M,CM,NA,,1991,0,20,SEP25,1965,
2311410,"Runarsson, Jon Hreidar",ISL,M,,,,1451,0,40,SEP25,2005,i
2327171,"Rutsson, Kjartan Berg",ISL,M,,,,1623,0,40,SEP25,1980,
2319845,"Saemundarson, Saethor Ingi",ISL,M,,,,1824,0,40,SEP25,2008,
2302900,"Saemundsson, Bjarni",ISL,M,,,,1858,0,20,SEP25,1965,
2311054,"Saevaldsson, Kristinn Jon",ISL,M,,,,1930,0,20,SEP25,1969,i
2307740,"Saevarsson, Styrmir",ISL,M,,,,1737,0,20,SEP25,1976,i
10601279,"Salama, Omar",ISL,M,,FT,,2187,0,20,SEP25,1980,i
2309696,"Salvarsson, Gunnar",ISL,M,,,,1663,0,40,SEP25,1953,
2331020,"Sathiyaraj, Likhithasri",ISL,F,,,,1467,6,40,SEP25,2013,w
2306972,"Schioth, Tjorvi",ISL,M,,,,1833,0,20,SEP25,1991,i
2306905,"Schmidhauser, Ulrich",ISL,M,,,,1789,0,40,SEP25,1941,i
2331535,"Schulz, Aron Noah",ISL,M,,,,1482,0,40,SEP25,2014,
2314894,"Sharifa, Rayan",ISL,M,,,,1569,0,40,SEP25,2007,i
2335514,"Shestak, Darko",ISL,M,,,,1702,0,40,SEP25,1984,
2313057,"Sigfusson, Ottar Orn Bergmann",ISL,M,,,,1779,0,20,SEP25,2006,
2300168,"Sigfusson, Sigurdur",ISL,M,FM,,,2273,0,20,SEP25,1972,
2309807,"Siggason, Thorvaldur",ISL,M,,,,1690,0,20,SEP25,1963,
2307430,"Sighvatsson, Palmi",ISL,M,,,,1787,0,20,SEP25,1946,
2316340,"Signyjarson, Arnar Smari",ISL,M,,,,1764,0,20,SEP25,2002,
2302888,"Sigurbjornsson, Sigurjon",ISL,M,,,,1923,0,20,SEP25,1955,
2322021,"Sigurdardottir, Emilia",ISL,F,,,,1401,1,40,SEP25,2012,w
2322030,"Sigurdardottir, Sigrun Tara",ISL,F,,,,1417,0,40,SEP25,2012,w
2311003,"Sigurdarson, Alec Elias",ISL,M,,,,1652,0,20,SEP25,1999,i
2313537,"Sigurdarson, Alexander",ISL,M,,,,1444,0,40,SEP25,2001,i
2313421,"Sigurdarson, Eldar",ISL,M,,,,1498,0,40,SEP25,2001,i
2304163,"Sigurdarson, Emil",ISL,M,,,,1837,0,20,SEP25,1996,
2321610,"Sigurdarson, Logi",ISL,M,,,,1681,0,40,SEP25,2002,i
2321483,"Sigurdarson, Oddur",ISL,M,,,,1665,0,40,SEP25,2003,
2302004,"Sigurdarson, Skuli",ISL,M,,,,2004,0,40,SEP25,1983,
2317044,"Sigurdarson, Sveinn",ISL,M,,,,1551,0,40,SEP25,1997,i
2302977,"Sigurdarson, Tomas Veigar",ISL,M,,,,2006,0,20,SEP25,1977,
2307448,"Sigurdsson, Arnljotur",ISL,M,,,,1852,0,20,SEP25,1987,
2313766,"Sigurdsson, Baldur Heidar",ISL,M,,,,1668,0,40,SEP25,1977,
2304180,"Sigurdsson, Birkir Karl",ISL,M,,,,1964,0,20,SEP25,1996,
2302926,"Sigurdsson, Einar",ISL,M,,,,1881,0,20,SEP25,1991,i
2319861,"Sigurdsson, Elvar Mar",ISL,M,,,,1827,0,20,SEP25,1975,i
2319420,"Sigurdsson, Gunnar O",ISL,M,,,,1506,0,40,SEP25,1949,
2303850,"Sigurdsson, Jakob Saevar",ISL,M,,,,1888,0,20,SEP25,1984,
2302217,"Sigurdsson, Johann Helgi",ISL,M,,,,1982,0,20,SEP25,1974,
2309238,"Sigurdsson, Olafur Jens",ISL,M,,,,1627,0,20,SEP25,1974,i
2302144,"Sigurdsson, Pall",ISL,M,,,,1936,0,20,SEP25,1969,
2319071,"Sigurdsson, Pall",ISL,M,,,,1726,0,40,SEP25,1971,i
2301849,"Sigurdsson, Saeberg",ISL,M,,,,2061,0,20,SEP25,1971,
2306131,"Sigurdsson, Sigurdur J",ISL,M,,,,1605,0,20,SEP25,1954,i
2304210,"Sigurdsson, Smari",ISL,M,,,,1780,0,20,SEP25,1971,
2310830,"Sigurdsson, Snorri Thor",ISL,M,,,,1976,0,20,SEP25,1963,i
2304783,"Sigurdsson, Sveinbjorn",ISL,M,,,,1822,0,20,SEP25,1948,i
2302195,"Sigurdsson, Sverrir",ISL,M,,,,1940,0,20,SEP25,1971,
2313278,"Sigurdsson, Thorsteinn G",ISL,M,,,,1801,0,40,SEP25,1960,
2320967,"Sigurgeirsson, Sigthor Arni",ISL,M,,,,1556,0,40,SEP25,2011,
2312077,"Siguringason, Solon",ISL,M,,,,1564,0,20,SEP25,2005,i
2300079,"Sigurjonsson, Gudmundur",ISL,M,GM,,,2463,0,10,SEP25,1947,i
2306042,"Sigurjonsson, Gudmundur",ISL,M,,,,1897,0,40,SEP25,1967,i
2300710,"Sigurjonsson, Johann O",ISL,M,,,,2020,0,20,SEP25,1938,i
2322854,"Sigurjonsson, Ketill",ISL,M,,,,1590,0,20,SEP25,1966,
2303868,"Sigurjonsson, Magnus",ISL,M,,,,1881,0,40,SEP25,1954,
2300397,"Sigurjonsson, Siguringi",ISL,M,,,,2046,0,20,SEP25,1971,i
2301008,"Sigurjonsson, Stefan Th.",ISL,M,,,,2113,0,20,SEP25,1966,
2305011,"Sigurjonsson, Unnsteinn",ISL,M,,,,1893,0,40,SEP25,1959,
2306140,"Sigurmundsson, Arnar",ISL,M,,,,1740,0,20,SEP25,1943,
2303884,"Sigurmundsson, Ingimundur",ISL,M,,,,1957,0,20,SEP25,1965,
2303892,"Sigurmundsson, Ulfhedinn",ISL,M,,,,1872,0,20,SEP25,1967,
2301024,"Sigurpalsson, Runar",ISL,M,FM,,,2240,0,20,SEP25,1972,
2311585,"Sigurthorsson, Kristinn J",ISL,M,,,,1861,0,20,SEP25,1961,
2306018,"Sigurvaldason, Hjalmar",ISL,M,,,,1665,0,20,SEP25,1973,
2332558,"Sivakumar, Pranav",ISL,M,,,,1771,0,40,SEP25,2000,
2305020,"Skarphedinsson, Gunnar",ISL,M,,,,1917,0,20,SEP25,1947,
2316943,"Skarphedinsson, Ingvar Wu",ISL,M,,,,2089,0,40,SEP25,2007,
2321807,"Skirnisson, Brimir",ISL,M,,,,1561,0,40,SEP25,2009,i
2308630,"Skulason, Georg Pall",ISL,M,,,,1743,0,40,SEP25,1966,i
2332825,"Skulason, Robert Heidar",ISL,M,,,,1441,2,40,SEP25,2017,
2318148,"Smarason, Kristjan Ingi",ISL,M,,,,1702,0,40,SEP25,2008,
2303086,"Snorrason, Snorri",ISL,M,,,,1927,0,20,SEP25,1978,i
2322668,"Sokol, Jakub",ISL,M,,,,1412,0,40,SEP25,2011,i
2310031,"Solmundarson, Johannes Kari",ISL,M,,,,1630,0,40,SEP25,1997,i
2305887,"Solmundarson, Kari",ISL,M,,,,1872,0,20,SEP25,1926,i
2300850,"Solmundarson, Magnus",ISL,M,,,,2202,0,40,SEP25,1939,i
2312379,"Stefansson, Benedikt",ISL,M,,,,1738,0,20,SEP25,1999,
2310325,"Stefansson, Bjorn Gretar",ISL,M,,,,1785,0,20,SEP25,1976,
2313804,"Stefansson, David",ISL,M,,,,1784,5,20,SEP25,1980,
2304287,"Stefansson, Fridrik Thjalfi",ISL,M,,,,1859,0,20,SEP25,1996,i
2300087,"Stefansson, Hannes",ISL,M,GM,,,2408,10,10,SEP25,1972,
2323060,"Stefansson, Helgi Heidar",ISL,M,,,,1701,0,40,SEP25,1980,i
2303094,"Stefansson, Ingthor",ISL,M,,,,1904,0,40,SEP25,1974,i
2304295,"Stefansson, Kristjan",ISL,M,,,,1834,0,40,SEP25,1945,
2324407,"Stefansson, Myrkvi M W",ISL,M,,,,1784,0,40,SEP25,2003,
2306557,"Stefansson, Orn",ISL,M,,,,1867,0,20,SEP25,1986,
2302446,"Stefansson, Torfi",ISL,M,,,,2068,0,20,SEP25,1953,i
2308649,"Stefansson, Vignir Vatnar",ISL,M,GM,,,2512,9,10,SEP25,2003,
2316757,"Steinbergsson, Hjortur",ISL,M,,,,1815,0,40,SEP25,1961,i
2301229,"Steindorsson, Sigurdur P.",ISL,M,,,,2238,0,20,SEP25,1983,
2310848,"Steingrimsson, Birgir Orn",ISL,M,,,,1896,0,20,SEP25,1963,i
2316617,"Steingrimsson, Bjorgvin",ISL,M,,,,1528,0,40,SEP25,1968,
2306565,"Steingrimsson, Brynjar",ISL,M,,,,1686,0,40,SEP25,1996,i
2306840,"Steingrimsson, Gustaf",ISL,M,,,,1764,0,20,SEP25,1976,i
2300117,"Steingrimsson, Hedinn",ISL,M,GM,,,2502,9,10,SEP25,1975,
2304791,"Steingrimsson, Karl Egill",ISL,M,,,,1762,0,20,SEP25,1942,
2326841,"Steinsson, Dagur Kari",ISL,M,,,,1445,0,40,SEP25,2011,
2318997,"Steinsson, Hallgrimur",ISL,M,,,,1800,0,20,SEP25,1978,
2312093,"Steinthorsson, Birgir Logi",ISL,M,,,,1477,0,20,SEP25,2005,i
2310040,"Steinthorsson, Felix",ISL,M,,,,1756,0,20,SEP25,2001,i
2308088,"Steinthorsson, Steingrimur",ISL,M,,,,1753,0,20,SEP25,1951,
2302730,"Svansson, Patrick",ISL,M,,,,1843,0,20,SEP25,1977,i
2323737,"Svavarsson, Larus",ISL,M,,,,1583,0,40,SEP25,1969,
2313090,"Sveinbjornsdottir, Elisabet Xian",ISL,F,,,,1416,0,40,SEP25,2005,wi
2318369,"Sveinbjornsson, Gudmundur Orri",ISL,M,,,,1501,0,40,SEP25,2009,
2314550,"Sveinsson, Gudmundur Peng",ISL,M,,,,1664,0,20,SEP25,2005,i
2311801,"Sveinsson, Thorlakur Ragnar",ISL,M,,,,1568,0,40,SEP25,1981,i
2326175,"Sverrisson, Dagur",ISL,M,,,,1463,1,40,SEP25,2016,
2311089,"Sverrisson, Kristjan Th",ISL,M,,,,1717,0,20,SEP25,1974,
2304376,"Sverrisson, Nokkvi",ISL,M,,,,2070,0,20,SEP25,1994,
2310341,"Tamasan, Dorin",ISL,M,,,,1834,0,40,SEP25,1982,i
2312581,"Taylor, Dagbjartur",ISL,M,,,,1705,0,40,SEP25,1988,i
2302152,"Teitsson, Magnus",ISL,M,,,,2141,0,20,SEP25,1972,i
2303132,"Teitsson, Smari Rafn",ISL,M,,,,2057,0,20,SEP25,1974,i
2310759,"Teitsson, Tinni",ISL,M,,,,1881,0,40,SEP25,2003,i
2304929,"Thor, Gudmundur Sverrir",ISL,M,,,,2001,0,20,SEP25,1975,
2300265,"Thor, Jon Th",ISL,M,,,,2072,0,20,SEP25,1944,i
2304384,"Thorarensen, Adalsteinn",ISL,M,,NA,,1754,0,20,SEP25,1966,
2319896,"Thorarensen, Robert",ISL,M,,,,1745,0,40,SEP25,2003,i
2300923,"Thorarinsson, Pall A.",ISL,M,FM,,,2187,0,20,SEP25,1976,
2307693,"Thordarson, Agust Mar",ISL,M,,,,ACM,1592,0,SEP25,2000,i
2317915,"Thordarson, Sigurdur",ISL,M,,,,1713,0,40,SEP25,1951,
2310350,"Thordarson, Sturla",ISL,M,,,,1873,0,20,SEP25,1972,
2300982,"Thorfinnsson, Bjorn",ISL,M,IM,,,2342,0,10,SEP25,1979,
2300958,"Thorfinnsson, Bragi",ISL,M,GM,,,2362,0,10,SEP25,1981,
2307812,"Thorgeirsson, Gunnlaugur",ISL,M,,,,1653,0,40,SEP25,1968,i
2307731,"Thorgeirsson, Jon Kristinn",ISL,M,FM,,,2259,0,20,SEP25,1999,
2302462,"Thorgeirsson, Sverrir",ISL,M,FM,,,2308,0,20,SEP25,1991,i
2306590,"Thorgilsson, Gudlaugur Gauti",ISL,M,,,,1829,0,40,SEP25,1974,i
2302012,"Thorgrimsdottir, Anna",ISL,F,,,,1947,0,40,SEP25,1978,wi
2306875,"Thorhallsson, Pall",ISL,M,,,,2069,0,20,SEP25,1964,i
2310090,"Thorhallsson, Simon",ISL,M,FM,,,2176,0,20,SEP25,1999,
2300109,"Thorhallsson, Throstur",ISL,M,GM,,,2391,0,10,SEP25,1969,
2324776,"Thorhallsson, Tryggvi",ISL,M,,,,1593,0,40,SEP25,1962,i
2314576,"Thorisson, Benedikt",ISL,M,,,,2075,0,20,SEP25,2006,
2314916,"Thorisson, Bjartur",ISL,M,,,,1606,0,40,SEP25,2009,i
2324636,"Thorisson, Jon Bragi",ISL,M,,,,1552,0,40,SEP25,2006,i
2301695,"Thorkelsson, Sigurjon",ISL,M,,,,1961,0,20,SEP25,1967,
2315726,"Thoroddsen, Anna Katarina",ISL,F,,,,1441,0,40,SEP25,2008,wi
2309203,"Thoroddsen, Arni",ISL,M,,,,1709,0,20,SEP25,1954,i
2320797,"Thoroddsen, Baldur",ISL,M,,,,1597,0,40,SEP25,2009,
2311810,"Thoroddsen, Bragi Thor",ISL,M,,,,1559,0,40,SEP25,1971,i
2320622,"Thoroddsen, Jon Louie",ISL,M,,,,1487,0,40,SEP25,2012,i
2311038,"Thorsson, Bjarnsteinn",ISL,M,,,,1768,0,20,SEP25,1963,
2300869,"Thorsson, Olafur",ISL,M,,,,2171,0,20,SEP25,1972,
2304406,"Thorsson, Pall",ISL,M,,,,1805,0,20,SEP25,1977,
2300060,"Thorsteins, Karl",ISL,M,IM,,,2404,0,10,SEP25,1964,i
2300753,"Thorsteinsdottir, Gudlaug",ISL,F,WFM,WFM,,2011,0,20,SEP25,1961,w
2302454,"Thorsteinsdottir, Hallgerdur",ISL,F,WFM,WFM,,2031,0,20,SEP25,1992,w
2310686,"Thorsteinsdottir, Svava",ISL,F,,,,1666,0,20,SEP25,2001,wi
2311763,"Thorsteinsson, Almar Mani",ISL,M,,,,1474,0,40,SEP25,2002,i
2300524,"Thorsteinsson, Arnar",ISL,M,CM,,,2199,0,20,SEP25,1967,
2305801,"Thorsteinsson, Arni Thor",ISL,M,,,,1749,0,40,SEP25,1987,i
2304422,"Thorsteinsson, Aron Ellert",ISL,M,,,,1866,0,20,SEP25,1992,
2300184,"Thorsteinsson, Bjorn",ISL,M,,,,2203,0,20,SEP25,1940,i
2301091,"Thorsteinsson, Erlingur",ISL,M,,,,2056,0,20,SEP25,1955,i
2304449,"Thorsteinsson, Hilmar Gardars",ISL,M,,,,1891,0,20,SEP25,1987,i
2321050,"Thorsteinsson, Kristjan",ISL,M,,,,1707,0,40,SEP25,1964,i
2309777,"Thorsteinsson, Leifur",ISL,M,,,,1773,0,40,SEP25,1998,
2300281,"Thorsteinsson, Thorsteinn",ISL,M,FM,FT,,2209,0,20,SEP25,1960,
2321017,"Thorsteinsson, Thorsteinn Gardar",ISL,M,,,,1572,0,40,SEP25,1968,i
2317940,"Thorsteinsson, Thorsteinn Jakob F",ISL,M,,,,1802,0,20,SEP25,2006,
2302802,"Thorvaldsson, Arni",ISL,M,,,,1993,0,20,SEP25,1974,i
2309181,"Thorvaldsson, Jon",ISL,M,,,,2195,0,20,SEP25,1949,i
2300192,"Thorvaldsson, Jonas",ISL,M,,,,2239,0,20,SEP25,1941,i
2327627,"Thorvardarson, Hafthor Andri",ISL,M,,,,1455,0,40,SEP25,2012,
2307626,"Thrainsson, Birgir Rafn",ISL,M,,,,1829,0,20,SEP25,1966,i
2311828,"Thrastarson, Tryggvi K",ISL,M,,,,1588,0,20,SEP25,1970,
2300761,"Threinsdottir, O",ISL,F,,,,2070,0,20,SEP25,1945,wi
2331560,"Tomasdottir, Katrin Osk",ISL,F,,,,1551,3,40,SEP25,2014,w
2322897,"Torfason, Edward Ingi",ISL,M,,,,1624,0,40,SEP25,1992,i
2300222,"Torfason, Jon",ISL,M,,,,2196,0,20,SEP25,1949,i
2311771,"Torfason, Mikael Maron",ISL,M,,,,1405,0,40,SEP25,2004,i
2334259,"Tran, Anh Hai",ISL,M,,,,1692,7,40,SEP25,2013,
2302934,"Traustason, Ingi Tandri",ISL,M,,,,1963,0,20,SEP25,1974,
2323265,"Tryggvason, Erlingur",ISL,M,,,,1856,0,40,SEP25,1982,i
2329948,"Trzonek, Igor",ISL,M,,,,1456,0,40,SEP25,2012,
2300818,"Ulfarsson, Magnus Orn",ISL,M,FM,,,2357,0,10,SEP25,1976,
2308738,"Ulfljotsson, Jon",ISL,M,,,,1802,0,20,SEP25,1954,
2304481,"Ulfsson, Olafur Evert",ISL,M,,,,1902,0,20,SEP25,1989,
2304805,"Unnarsson, Sverrir",ISL,M,,,,1962,0,20,SEP25,1966,i
2310767,"Unnsteinsson, Oddur Thor",ISL,M,,,,1524,0,40,SEP25,2000,i
2307790,"Urbancic, Johannes Bjarki",ISL,M,,,,1830,0,40,SEP25,1993,i
2304813,"Valdimarsson, Einar",ISL,M,,,,2033,0,20,SEP25,1960,i
2330466,"Valdimarsson, Jakob Steinn",ISL,M,,,,1458,0,40,SEP25,2015,
2318199,"Valdimarsson, Johann",ISL,M,,,,1611,0,20,SEP25,1962,
2301334,"Valgardsson, Gudjon Heidar",ISL,M,,,,2003,0,20,SEP25,1985,
2326817,"Valgeirsson, Gudmundur Ingi",ISL,M,,,,1485,0,40,SEP25,2008,
2314703,"Valgeirsson, Nikulas Ymir",ISL,M,,,,1521,0,40,SEP25,2002,i
2318830,"Valsson, Arnar",ISL,M,,,,1521,0,20,SEP25,2005,
2332370,"Valsson, Nokkvi Mar",ISL,M,,,,1691,0,40,SEP25,2015,
2301903,"Valtysson, Thor",ISL,M,,,,1945,0,20,SEP25,1943,
2327660,"Varga, Mate",ISL,M,,,,1680,0,40,SEP25,1990,
2325543,"Vernhardsson, Markus Arni",ISL,M,,,,1860,0,40,SEP25,1994,
2322927,"Vidarsson , Kari Steinn",ISL,M,,,,1654,0,20,SEP25,2001,i
2308924,"Vidarsson, Hlynur Snaer",ISL,M,,,,1694,0,40,SEP25,1997,i
2300478,"Vidarsson, Jon G",ISL,M,IM,,,2308,0,20,SEP25,1962,i
2321033,"Vidarsson, Oddur Thorri",ISL,M,,,,1579,0,40,SEP25,1986,i
2310708,"Vigfusson, Robert Orn",ISL,M,,,,1557,0,40,SEP25,2001,i
2300486,"Vigfusson, Thrainn",ISL,M,,,,2199,0,40,SEP25,1967,i
2303914,"Vigfusson, Vigfus",ISL,M,,,,1967,0,20,SEP25,1961,
2300400,"Viglundsson, Bjorgvin",ISL,M,,,,2127,0,20,SEP25,1946,
2309270,"Vignisson, Ingvar Egill",ISL,M,,,,1764,0,20,SEP25,1990,i
2304520,"Viktorsson, Svavar",ISL,M,,,,1856,0,20,SEP25,1979,i
2316447,"Vilhjalmsson, Hilmir",ISL,M,,,,1483,0,40,SEP25,1989,
2323443,"Villanueva, Adrian Benedicto",ISL,M,,,,1714,0,40,SEP25,1992,i
2302160,"Vilmundarson, Leifur Ingi",ISL,M,,,,AGM,2037,0,SEP25,1975,
2331578,"Ymisson, Ingi Hrafn",ISL,M,,,,1423,2,40,SEP25,2010,
2320150,"Zolotuskiy, Kirill",ISL,M,,,,1475,0,40,SEP25,2004,i