[
  {
    "ID Number": "11400323"
  },
  {
    "ID Number": "11400234"
  },
  {
    "ID Number": "11400161"
  },
  {
    "ID Number": "11400145"
  },
  {
    "ID Number": "11400188"
  },
  {
    "ID Number": "11401966"
  },
  {
    "ID Number": "11400080"
  },
  {
    "ID Number": "11400978"
  },
  {
    "ID Number": "11400587"
  },
  {
    "ID Number": "11400552"
  },
  {
    "ID Number": "11400021"
  },
  {
    "ID Number": "11400030"
  },
  {
    "ID Number": "11401508"
  },
  {
    "ID Number": "11400528"
  },
  {
    "ID Number": "11400056"
  },
  {
    "ID Number": "11400510"
  },
  {
    "ID Number": "11400110"
  },
  {
    "ID Number": "11404590"
  },
  {
    "ID Number": "11400064"
  },
  {
    "ID Number": "11400102"
  },
  {
    "ID Number": "11402890"
  },
  {
    "ID Number": "11400170"
  },
  {
    "ID Number": "11402504"
  },
  {
    "ID Number": "11401737"
  },
  {
    "ID Number": "11400676"
  },
  {
    "ID Number": "11401630"
  },
  {
    "ID Number": "11403918"
  },
  {
    "ID Number": "11400048"
  },
  {
    "ID Number": "11401370"
  },
  {
    "ID Number": "11400692"
  },
  {
    "ID Number": "11400072"
  },
  {
    "ID Number": "11401087"
  },
  {
    "ID Number": "11401095"
  },
  {
    "ID Number": "11401117"
  },
  {
    "ID Number": "11400200"
  },
  {
    "ID Number": "11400315"
  },
  {
    "ID Number": "11402083"
  },
  {
    "ID Number": "11400722"
  },
  {
    "ID Number": "11400153"
  },
  {
    "ID Number": "11402180"
  },
  {
    "ID Number": "11400099"
  },
  {
    "ID Number": "11401176"
  },
  {
    "ID Number": "11400196"
  },
  {
    "ID Number": "11400765"
  },
  {
    "ID Number": "11400455"
  },
  {
    "ID Number": "11400439"
  },
  {
    "ID Number": "11400331"
  },
  {
    "ID Number": "11401192"
  },
  {
    "ID Number": "11403365"
  },
  {
    "ID Number": "11400269"
  },
  {
    "ID Number": "11400862"
  },
  {
    "ID Number": "11400285"
  }
]