[
  {
    "ID Number": "11400323",
    "Name": "Adricula Jr, Ramon A",
    "Fed": "FIJ",
    "Sex": "M",
    "Title": "",
    "WTit": "",
    "OTit": "",
    "FOA": "1693",
    "Rating": "AUG25",
    "Gms": "0",
    "K": "40",
    "B-day": "1969",
    "Flag": "i"
  },
  {
    "ID Number": "11400234",
    "Name": "Adricula, Noel A",
    "Fed": "FIJ",
    "Sex": "M",
    "Title": "CM",
    "WTit": "",
    "OTit": "",
    "FOA": "1779",
    "Rating": "AUG25",
    "Gms": "0",
    "K": "20",
    "B-day": "1958",
    "Flag": "i"
  },
  {
    "ID Number": "11400161",
    "Name": "Andrea, Frentina",
    "Fed": "FIJ",
    "Sex": "F",
    "Title": "",
    "WTit": "",
    "OTit": "",
    "FOA": "1755",
    "Rating": "AUG25",
    "Gms": "0",
    "K": "40",
    "B-day": "1990",
    "Flag": "wi"
  },
  {
    "ID Number": "11400145",
    "Name": "Arora, Neel",
    "Fed": "FIJ",
    "Sex": "M",
    "Title": "",
    "WTit": "",
    "OTit": "",
    "FOA": "1909",
    "Rating": "AUG25",
    "Gms": "0",
    "K": "20",
    "B-day": "1953",
    "Flag": "i"
  },
  {
    "ID Number": "11400188",
    "Name": "Arvind, Goru",
    "Fed": "FIJ",
    "Sex": "M",
    "Title": "CM",
    "WTit": "NI",
    "OTit": "",
    "FOA": "1752",
    "Rating": "AUG25",
    "Gms": "0",
    "K": "20",
    "B-day": "1980",
    "Flag": "i"
  },
  {
    "ID Number": "11401966",
    "Name": "Bale, Ryan",
    "Fed": "FIJ",
    "Sex": "M",
    "Title": "",
    "WTit": "",
    "OTit": "",
    "FOA": "1630",
    "Rating": "AUG25",
    "Gms": "0",
    "K": "40",
    "B-day": "1992",
    "Flag": "i"
  },
  {
    "ID Number": "11400080",
    "Name": "Bancod, Robert",
    "Fed": "FIJ",
    "Sex": "M",
    "Title": "",
    "WTit": "",
    "OTit": "",
    "FOA": "2171",
    "Rating": "AUG25",
    "Gms": "0",
    "K": "40",
    "B-day": "1957",
    "Flag": "i"
  },
  {
    "ID Number": "11400978",
    "Name": "Bennion, William Robert Raymond",
    "Fed": "FIJ",
    "Sex": "M",
    "Title": "",
    "WTit": "DI,NA",
    "OTit": "",
    "FOA": "1686",
    "Rating": "AUG25",
    "Gms": "0",
    "K": "40",
    "B-day": "1998",
    "Flag": "i"
  },
  {
    "ID Number": "11400587",
    "Name": "Borg, Zen",
    "Fed": "FIJ",
    "Sex": "M",
    "Title": "",
    "WTit": "",
    "OTit": "",
    "FOA": "1811",
    "Rating": "AUG25",
    "Gms": "0",
    "K": "40",
    "B-day": "1997",
    "Flag": "i"
  },
  {
    "ID Number": "11400552",
    "Name": "Caldeira, John",
    "Fed": "FIJ",
    "Sex": "M",
    "Title": "",
    "WTit": "",
    "OTit": "",
    "FOA": "1825",
    "Rating": "AUG25",
    "Gms": "0",
    "K": "20",
    "B-day": "1955",
    "Flag": "i"
  },
  {
    "ID Number": "11400021",
    "Name": "Chand, Alvis",
    "Fed": "FIJ",
    "Sex": "M",
    "Title": "",
    "WTit": "",
    "OTit": "",
    "FOA": "1826",
    "Rating": "AUG25",
    "Gms": "0",
    "K": "40",
    "B-day": "1983",
    "Flag": "i"
  },
  {
    "ID Number": "11400030",
    "Name": "de Asa Jr, Virgilio",
    "Fed": "FIJ",
    "Sex": "M",
    "Title": "CM",
    "WTit": "",
    "OTit": "",
    "FOA": "2205",
    "Rating": "AUG25",
    "Gms": "0",
    "K": "40",
    "B-day": "1975",
    "Flag": "i"
  },
  {
    "ID Number": "11401508",
    "Name": "Eloson, Oscar",
    "Fed": "FIJ",
    "Sex": "M",
    "Title": "",
    "WTit": "",
    "OTit": "",
    "FOA": "1840",
    "Rating": "AUG25",
    "Gms": "0",
    "K": "40",
    "B-day": "1970",
    "Flag": "i"
  },
  {
    "ID Number": "11400528",
    "Name": "Fareed, Menash",
    "Fed": "FIJ",
    "Sex": "M",
    "Title": "",
    "WTit": "",
    "OTit": "",
    "FOA": "1734",
    "Rating": "AUG25",
    "Gms": "0",
    "K": "20",
    "B-day": "2000",
    "Flag": "i"
  },
  {
    "ID Number": "11400056",
    "Name": "Gautam, Asheesh",
    "Fed": "FIJ",
    "Sex": "M",
    "Title": "",
    "WTit": "",
    "OTit": "",
    "FOA": "1856",
    "Rating": "AUG25",
    "Gms": "0",
    "K": "20",
    "B-day": "1980",
    "Flag": "i"
  },
  {
    "ID Number": "11400510",
    "Name": "Goswami, Sugandha",
    "Fed": "FIJ",
    "Sex": "F",
    "Title": "",
    "WTit": "",
    "OTit": "",
    "FOA": "1479",
    "Rating": "AUG25",
    "Gms": "0",
    "K": "40",
    "B-day": "1991",
    "Flag": "wi"
  },
  {
    "ID Number": "11400110",
    "Name": "Goundar, Sanmogam",
    "Fed": "FIJ",
    "Sex": "M",
    "Title": "CM",
    "WTit": "",
    "OTit": "",
    "FOA": "1950",
    "Rating": "AUG25",
    "Gms": "0",
    "K": "20",
    "B-day": "1965",
    "Flag": "i"
  },
  {
    "ID Number": "11404590",
    "Name": "Khatri, Yanick",
    "Fed": "FIJ",
    "Sex": "M",
    "Title": "",
    "WTit": "",
    "OTit": "",
    "FOA": "1500",
    "Rating": "AUG25",
    "Gms": "0",
    "K": "40",
    "B-day": "2012",
    "Flag": "i"
  },
  {
    "ID Number": "11400064",
    "Name": "Kumar, Manoj",
    "Fed": "FIJ",
    "Sex": "M",
    "Title": "CM",
    "WTit": "FI,SI",
    "OTit": "",
    "FOA": "1929",
    "Rating": "AUG25",
    "Gms": "0",
    "K": "20",
    "B-day": "1977",
    "Flag": ""
  },
  {
    "ID Number": "11400102",
    "Name": "Lyons, Kieran",
    "Fed": "FIJ",
    "Sex": "F",
    "Title": "WFM",
    "WTit": "WFM",
    "OTit": "",
    "FOA": "1795",
    "Rating": "AUG25",
    "Gms": "0",
    "K": "20",
    "B-day": "1989",
    "Flag": "w"
  },
  {
    "ID Number": "11402890",
    "Name": "Lyons, Ryan Joshua",
    "Fed": "FIJ",
    "Sex": "M",
    "Title": "",
    "WTit": "",
    "OTit": "",
    "FOA": "1552",
    "Rating": "AUG25",
    "Gms": "0",
    "K": "40",
    "B-day": "0",
    "Flag": "i"
  },
  {
    "ID Number": "11400170",
    "Name": "Maharaj, Jashint C",
    "Fed": "FIJ",
    "Sex": "M",
    "Title": "",
    "WTit": "",
    "OTit": "",
    "FOA": "1763",
    "Rating": "AUG25",
    "Gms": "0",
    "K": "20",
    "B-day": "1983",
    "Flag": "i"
  },
  {
    "ID Number": "11402504",
    "Name": "Maharaj, Yash Krishen",
    "Fed": "FIJ",
    "Sex": "M",
    "Title": "",
    "WTit": "NI",
    "OTit": "",
    "FOA": "1813",
    "Rating": "AUG25",
    "Gms": "0",
    "K": "20",
    "B-day": "2002",
    "Flag": ""
  },
  {
    "ID Number": "11401737",
    "Name": "Nadan, Avinesh",
    "Fed": "FIJ",
    "Sex": "M",
    "Title": "",
    "WTit": "",
    "OTit": "",
    "FOA": "AFM",
    "Rating": "AUG25",
    "Gms": "1666",
    "K": "0",
    "B-day": "1986",
    "Flag": "i"
  },
  {
    "ID Number": "11400676",
    "Name": "Nahapetyan, Gor",
    "Fed": "FIJ",
    "Sex": "M",
    "Title": "",
    "WTit": "",
    "OTit": "",
    "FOA": "1753",
    "Rating": "AUG25",
    "Gms": "0",
    "K": "40",
    "B-day": "2003",
    "Flag": "i"
  },
  {
    "ID Number": "11401630",
    "Name": "Natu, Taoba",
    "Fed": "FIJ",
    "Sex": "M",
    "Title": "",
    "WTit": "",
    "OTit": "",
    "FOA": "1636",
    "Rating": "AUG25",
    "Gms": "0",
    "K": "40",
    "B-day": "1991",
    "Flag": "i"
  },
  {
    "ID Number": "11403918",
    "Name": "Newton, Brent",
    "Fed": "FIJ",
    "Sex": "M",
    "Title": "",
    "WTit": "",
    "OTit": "",
    "FOA": "1589",
    "Rating": "AUG25",
    "Gms": "0",
    "K": "40",
    "B-day": "2008",
    "Flag": "i"
  },
  {
    "ID Number": "11400048",
    "Name": "Norris, Damian C",
    "Fed": "FIJ",
    "Sex": "M",
    "Title": "FM",
    "WTit": "",
    "OTit": "",
    "FOA": "1902",
    "Rating": "AUG25",
    "Gms": "0",
    "K": "20",
    "B-day": "1962",
    "Flag": ""
  },
  {
    "ID Number": "11401370",
    "Name": "Ong, Calvin",
    "Fed": "FIJ",
    "Sex": "M",
    "Title": "",
    "WTit": "",
    "OTit": "",
    "FOA": "1630",
    "Rating": "AUG25",
    "Gms": "0",
    "K": "40",
    "B-day": "2000",
    "Flag": "i"
  },
  {
    "ID Number": "11400692",
    "Name": "Prakash, Prashil",
    "Fed": "FIJ",
    "Sex": "M",
    "Title": "",
    "WTit": "NI",
    "OTit": "",
    "FOA": "ACM",
    "Rating": "AUG25",
    "Gms": "1739",
    "K": "0",
    "B-day": "1984",
    "Flag": ""
  },
  {
    "ID Number": "11400072",
    "Name": "Prasad, Calvin",
    "Fed": "FIJ",
    "Sex": "M",
    "Title": "CM",
    "WTit": "",
    "OTit": "",
    "FOA": "2024",
    "Rating": "AUG25",
    "Gms": "0",
    "K": "20",
    "B-day": "1980",
    "Flag": "i"
  },
  {
    "ID Number": "11401087",
    "Name": "Prasad, Ravikesh",
    "Fed": "FIJ",
    "Sex": "M",
    "Title": "",
    "WTit": "",
    "OTit": "",
    "FOA": "1573",
    "Rating": "AUG25",
    "Gms": "0",
    "K": "40",
    "B-day": "1978",
    "Flag": "i"
  },
  {
    "ID Number": "11401095",
    "Name": "Prasad, Rudr",
    "Fed": "FIJ",
    "Sex": "M",
    "Title": "CM",
    "WTit": "",
    "OTit": "",
    "FOA": "1806",
    "Rating": "AUG25",
    "Gms": "0",
    "K": "20",
    "B-day": "2005",
    "Flag": ""
  },
  {
    "ID Number": "11401117",
    "Name": "Prasad, Tanvi",
    "Fed": "FIJ",
    "Sex": "F",
    "Title": "WCM",
    "WTit": "WCM",
    "OTit": "",
    "FOA": "1540",
    "Rating": "AUG25",
    "Gms": "0",
    "K": "20",
    "B-day": "2006",
    "Flag": "w"
  },
  {
    "ID Number": "11400200",
    "Name": "Raicar, Gaurav",
    "Fed": "FIJ",
    "Sex": "M",
    "Title": "",
    "WTit": "",
    "OTit": "",
    "FOA": "1726",
    "Rating": "AUG25",
    "Gms": "0",
    "K": "20",
    "B-day": "1990",
    "Flag": "i"
  },
  {
    "ID Number": "11400315",
    "Name": "Raj, Rajiv",
    "Fed": "FIJ",
    "Sex": "M",
    "Title": "",
    "WTit": "",
    "OTit": "",
    "FOA": "1637",
    "Rating": "AUG25",
    "Gms": "0",
    "K": "40",
    "B-day": "1991",
    "Flag": "i"
  },
  {
    "ID Number": "11402083",
    "Name": "Sarup, Prashant",
    "Fed": "FIJ",
    "Sex": "M",
    "Title": "",
    "WTit": "",
    "OTit": "",
    "FOA": "1820",
    "Rating": "AUG25",
    "Gms": "0",
    "K": "40",
    "B-day": "1989",
    "Flag": "i"
  },
  {
    "ID Number": "11400722",
    "Name": "Sewak, Aarti",
    "Fed": "FIJ",
    "Sex": "F",
    "Title": "",
    "WTit": "",
    "OTit": "",
    "FOA": "1596",
    "Rating": "AUG25",
    "Gms": "0",
    "K": "40",
    "B-day": "1985",
    "Flag": "wi"
  },
  {
    "ID Number": "11400153",
    "Name": "Sikivou, Taione",
    "Fed": "FIJ",
    "Sex": "M",
    "Title": "CM",
    "WTit": "SI,FI,NA",
    "OTit": "",
    "FOA": "1897",
    "Rating": "AUG25",
    "Gms": "0",
    "K": "20",
    "B-day": "1990",
    "Flag": "i"
  },
  {
    "ID Number": "11402180",
    "Name": "Singh, Ashwin",
    "Fed": "FIJ",
    "Sex": "M",
    "Title": "",
    "WTit": "",
    "OTit": "",
    "FOA": "1531",
    "Rating": "AUG25",
    "Gms": "0",
    "K": "40",
    "B-day": "1994",
    "Flag": "i"
  },
  {
    "ID Number": "11400099",
    "Name": "Sukhu, Gloria",
    "Fed": "FIJ",
    "Sex": "F",
    "Title": "WCM",
    "WTit": "WCM",
    "OTit": "NI",
    "FOA": "1615",
    "Rating": "AUG25",
    "Gms": "0",
    "K": "20",
    "B-day": "1954",
    "Flag": "w"
  },
  {
    "ID Number": "11401176",
    "Name": "Sukhu, Makayla",
    "Fed": "FIJ",
    "Sex": "F",
    "Title": "WCM",
    "WTit": "WCM",
    "OTit": "",
    "FOA": "1522",
    "Rating": "AUG25",
    "Gms": "0",
    "K": "40",
    "B-day": "2007",
    "Flag": "w"
  },
  {
    "ID Number": "11400196",
    "Name": "Tabuariki, Raentoa",
    "Fed": "FIJ",
    "Sex": "M",
    "Title": "",
    "WTit": "",
    "OTit": "",
    "FOA": "1831",
    "Rating": "AUG25",
    "Gms": "0",
    "K": "40",
    "B-day": "1965",
    "Flag": "i"
  },
  {
    "ID Number": "11400765",
    "Name": "Taloga, Russell",
    "Fed": "FIJ",
    "Sex": "M",
    "Title": "",
    "WTit": "",
    "OTit": "",
    "FOA": "1702",
    "Rating": "AUG25",
    "Gms": "0",
    "K": "40",
    "B-day": "2000",
    "Flag": "i"
  },
  {
    "ID Number": "11400455",
    "Name": "Terubea, Cydel",
    "Fed": "FIJ",
    "Sex": "F",
    "Title": "WCM",
    "WTit": "WCM",
    "OTit": "",
    "FOA": "1663",
    "Rating": "AUG25",
    "Gms": "0",
    "K": "20",
    "B-day": "1998",
    "Flag": "w"
  },
  {
    "ID Number": "11400439",
    "Name": "Terubea, Keez",
    "Fed": "FIJ",
    "Sex": "M",
    "Title": "",
    "WTit": "",
    "OTit": "",
    "FOA": "1725",
    "Rating": "AUG25",
    "Gms": "0",
    "K": "40",
    "B-day": "1995",
    "Flag": "i"
  },
  {
    "ID Number": "11400331",
    "Name": "Terubea, Ronald",
    "Fed": "FIJ",
    "Sex": "M",
    "Title": "CM",
    "WTit": "",
    "OTit": "",
    "FOA": "1827",
    "Rating": "AUG25",
    "Gms": "0",
    "K": "20",
    "B-day": "1993",
    "Flag": ""
  },
  {
    "ID Number": "11401192",
    "Name": "Terubea, Tianata",
    "Fed": "FIJ",
    "Sex": "M",
    "Title": "",
    "WTit": "",
    "OTit": "",
    "FOA": "1771",
    "Rating": "AUG25",
    "Gms": "0",
    "K": "40",
    "B-day": "1995",
    "Flag": "i"
  },
  {
    "ID Number": "11403365",
    "Name": "Vaurasi, Lionel",
    "Fed": "FIJ",
    "Sex": "M",
    "Title": "",
    "WTit": "",
    "OTit": "",
    "FOA": "1520",
    "Rating": "AUG25",
    "Gms": "0",
    "K": "40",
    "B-day": "2012",
    "Flag": ""
  },
  {
    "ID Number": "11400269",
    "Name": "Vukikomoala, Hilda",
    "Fed": "FIJ",
    "Sex": "F",
    "Title": "WFM",
    "WTit": "WFM",
    "OTit": "",
    "FOA": "1658",
    "Rating": "AUG25",
    "Gms": "0",
    "K": "20",
    "B-day": "1995",
    "Flag": "wi"
  },
  {
    "ID Number": "11400862",
    "Name": "Vukikomoala, Semisi",
    "Fed": "FIJ",
    "Sex": "M",
    "Title": "",
    "WTit": "",
    "OTit": "",
    "FOA": "1701",
    "Rating": "AUG25",
    "Gms": "0",
    "K": "40",
    "B-day": "2002",
    "Flag": "i"
  },
  {
    "ID Number": "11400285",
    "Name": "Yuen, Simon Kong Man",
    "Fed": "FIJ",
    "Sex": "M",
    "Title": "",
    "WTit": "",
    "OTit": "",
    "FOA": "1774",
    "Rating": "AUG25",
    "Gms": "0",
    "K": "40",
    "B-day": "1988",
    "Flag": "i"
  }
]