[
  {
    "ID Number": "8801347"
  },
  {
    "ID Number": "8801649"
  },
  {
    "ID Number": "8800081"
  },
  {
    "ID Number": "8800936"
  },
  {
    "ID Number": "8800723"
  },
  {
    "ID Number": "8801274"
  },
  {
    "ID Number": "8801029"
  },
  {
    "ID Number": "8800820"
  },
  {
    "ID Number": "8800910"
  },
  {
    "ID Number": "8801452"
  },
  {
    "ID Number": "14346877"
  },
  {
    "ID Number": "8800294"
  },
  {
    "ID Number": "8800880"
  },
  {
    "ID Number": "8801711"
  },
  {
    "ID Number": "8801304"
  },
  {
    "ID Number": "8800979"
  },
  {
    "ID Number": "8800871"
  },
  {
    "ID Number": "8801312"
  },
  {
    "ID Number": "8801002"
  },
  {
    "ID Number": "8801061"
  },
  {
    "ID Number": "8800987"
  },
  {
    "ID Number": "14901510"
  },
  {
    "ID Number": "8801550"
  },
  {
    "ID Number": "8800170"
  },
  {
    "ID Number": "8801070"
  },
  {
    "ID Number": "8801630"
  },
  {
    "ID Number": "8800960"
  },
  {
    "ID Number": "8801258"
  },
  {
    "ID Number": "8800367"
  },
  {
    "ID Number": "8801541"
  },
  {
    "ID Number": "8801185"
  },
  {
    "ID Number": "8801045"
  },
  {
    "ID Number": "8801339"
  },
  {
    "ID Number": "8801240"
  },
  {
    "ID Number": "8801231"
  },
  {
    "ID Number": "8801363"
  },
  {
    "ID Number": "8801380"
  },
  {
    "ID Number": "8801444"
  },
  {
    "ID Number": "11102357"
  },
  {
    "ID Number": "8800650"
  },
  {
    "ID Number": "8800898"
  }
]