ID Number,Name,Fed,Sex,Title,WTit,OTit,FOA,Rating,Gms,K,B-day,Flag
7903375,"Abbou, Jugurtha",ALG,M,,,,1881,AUG25,0,40,1984,i
7900139,"Abbou, Meriem",ALG,F,WFM,WFM,,2005,AUG25,0,20,1972,wi
7902034,"Abdelali,Abdallah",ALG,M,,,,1971,AUG25,0,20,1984,i
7900201,"Abdeldjebar, Tayeb",ALG,M,,,,2110,AUG25,0,40,1963,i
7972660,"Abdelkassa, Malek",ALG,M,,,,1697,AUG25,0,40,2002,
7950667,"Abderrahim, Samy",ALG,M,,,,1646,AUG25,11,40,2013,
7912587,"Abdessamed, Ahmed Adnane",ALG,M,,,,1791,AUG25,0,40,1989,i
7900880,"Abdi, Zineb Dina",ALG,F,WIM,WIM,,1909,AUG25,0,20,1996,w
7959370,"Abdlaziz, Mabrouk",ALG,M,,,,1592,AUG25,0,40,1957,
7905106,"Absi, Ahmed",ALG,M,,,,1897,AUG25,0,40,1986,i
7970781,"Achir, Ayoub",ALG,M,,,,1471,AUG25,0,40,2004,
7904649,"Achour, Mohamed Anis",ALG,M,,FI,,2126,AUG25,9,20,1998,
7900449,"Adel, El Diab",ALG,M,,,,1705,AUG25,0,40,1973,
7922922,"Adjerit, Nourreddine",ALG,M,,,,1990,AUG25,0,20,2000,i
7901216,"Adjina, Abdelouaheb",ALG,M,,,,2015,AUG25,0,40,1978,i
7963211,"Adnani, Razine",ALG,M,,,,1537,AUG25,2,40,2011,
7926030,"Adnani, Reda",ALG,M,,,,1517,AUG25,0,40,2005,i
7910592,"Adouane, Selma",ALG,F,,,,1593,AUG25,0,20,2005,wi
7976658,"Adrar, Aberraouf",ALG,M,,,,1500,AUG25,8,40,2009,
7925700,"Adrar, Ayoub",ALG,M,,,,1733,AUG25,0,20,2006,
7910606,"Adrar, Sofiane",ALG,M,FM,,,1797,AUG25,0,20,2002,i
7902743,"Afgoun, Dyhia",ALG,F,,,,1692,AUG25,0,20,1994,w
7900538,"Afgoun, Tinhinane",ALG,F,,,,1650,AUG25,0,20,1998,wi
7935633,"Aggoune, Wassim",ALG,M,,,,1452,AUG25,0,40,2006,i
7900112,"Ahmed-Zaid, Abdelnour",ALG,M,CM,,,2260,AUG25,0,20,1959,i
7964587,"Ahouari, Amir",ALG,M,,,,1459,AUG25,4,40,2010,
7969317,"Ahres, Amine",ALG,M,,,,1482,AUG25,0,40,2002,
7922604,"Aichaoui, Dalia",ALG,F,,,,1416,AUG25,0,40,2005,wi
7917465,"Aiche, Arezki",ALG,M,,,,1586,AUG25,0,40,2005,i
7902069,"Aichoune, Amine",ALG,M,,,,1885,AUG25,0,20,1981,i
7902077,"Aichoune, Chafik",ALG,M,,,,1830,AUG25,0,40,1987,i
7905327,"Aimar, Lydia Djihane",ALG,F,,,,1554,AUG25,0,20,2003,wi
7905335,"Aimar, Nourhene",ALG,F,,,,1537,AUG25,0,40,1998,wi
7905343,"Aimar, Sidali",ALG,M,,,,1564,AUG25,0,20,2000,i
7918712,"Aimouche, Rachid",ALG,M,,,,1666,AUG25,0,40,1959,i
7932200,"Aissa Mamoune, Mohamed",ALG,M,,,,1773,AUG25,0,40,1994,i
7908601,"Aissani, Abdelhamid",ALG,M,,,,1740,AUG25,0,20,1967,i
7910240,"Aissani, Fekhreddine",ALG,M,,,,1459,AUG25,0,40,2004,i
7910258,"Aissani, Fethallah",ALG,M,,,,1776,AUG25,8,20,2006,
7920130,"Aissani, Samara",ALG,F,,,,1627,AUG25,0,40,2008,wi
7932707,"Aissani, Saoussane",ALG,F,,,,1512,AUG25,1,40,2013,w
7903383,"Aissaoui, Mohamed",ALG,M,,,,1792,AUG25,0,40,1971,i
7900317,"Aissat, Karim",ALG,M,,,,2081,AUG25,0,20,1967,i
7930771,"Aissat, Med Ali",ALG,M,,,,1587,AUG25,0,40,2003,i
7930780,"Aissat, Wail",ALG,M,,,,1717,AUG25,13,20,2006,
7912218,"Aissou , Mohamed",ALG,M,,,,1580,AUG25,0,40,1979,i
7905360,"Aissou, Lotfi",ALG,M,,,,1759,AUG25,0,20,2000,i
7903979,"Ait Abbas, Nesrine",ALG,F,,,,1672,AUG25,0,20,1998,wi
7904150,"Ait Abbas, Yacine",ALG,M,,,,1940,AUG25,0,20,1999,i
7913273,"Ait Ali Yahia , Sabrina",ALG,F,,,,1402,AUG25,0,40,2008,wi
7912226,"Ait Ali Yahia, Lydia",ALG,F,,,,1511,AUG25,0,20,2006,wi
7964595,"Ait Atmane, Samy Younes",ALG,M,,,,1883,AUG25,0,40,2011,
7917163,"Ait Azzouz, Fares",ALG,M,,,,1575,AUG25,0,40,2007,
7926057,"Ait Azzouz, Fouad",ALG,M,,,,1448,AUG25,5,40,2010,
7960808,"Ait Bessai, Ryan",ALG,M,,,,1565,AUG25,14,40,2009,
7903987,"Ait Kaci, Sara",ALG,F,,,,1536,AUG25,0,40,1995,wi
7927380,"Ait Oudhia, Manel",ALG,F,,,,1695,AUG25,6,40,2009,w
7944446,"Ait Sadi, Aya",ALG,F,,,,1465,AUG25,5,40,2013,w
7957262,"Ait Sadi, Lyna",ALG,F,,,,1649,AUG25,6,40,2009,w
7902085,"Ait Youcef , Noureddine",ALG,M,,,,1651,AUG25,0,40,1963,i
7907885,"Akkou, Katia",ALG,F,,,,1705,AUG25,0,20,2000,wi
7901267,"Aknouche, Ameur",ALG,M,,,,2055,AUG25,0,20,1979,
7970897,"Aksas, Mostafa",ALG,M,,,,1489,AUG25,3,40,2012,
7926065,"Alili , Anil",ALG,M,,,,1420,AUG25,0,40,2009,
7913648,"Alioueche, Kerboua Louay",ALG,M,,,,1550,AUG25,0,20,2004,i
7910940,"Allal, Feriel",ALG,F,WCM,WCM,,1620,AUG25,0,20,2004,wi
7923651,"Allalou, Lilia Assia",ALG,F,,,,1609,AUG25,9,40,2007,w
7933185,"Allam, Mihoub",ALG,M,,,,1421,AUG25,0,40,2003,i
7912048,"Alloui, Amine",ALG,M,,,,1698,AUG25,0,40,1993,i
7963238,"Aloui, Abdelhak",ALG,M,,,,1582,AUG25,0,40,1997,
7946902,"Alsawah , Mohamed Adnan",ALG,M,,,,ACM,AUG25,1536,0,2008,i
7944705,"Amalou, Massyl",ALG,M,,,,1742,AUG25,0,20,2004,
7902581,"Amellal, Sofiane Anis",ALG,M,,,,1905,AUG25,0,20,1995,i
7903391,"Ameur Zaimeche, Mourad",ALG,M,,,,1815,AUG25,0,20,1970,i
7906617,"Ami, Imad",ALG,M,,,,1613,AUG25,0,40,1978,
7928009,"Amira, Adlan",ALG,M,,,,1560,AUG25,0,40,1986,i
7900554,"Amiri, Mohamed",ALG,M,,,,2058,AUG25,0,40,1971,i
7917473,"Ammam, Hassane",ALG,M,,,,1453,AUG25,0,40,2003,i
7925557,"Ammari, Wassim",ALG,M,,,,1707,AUG25,0,40,2003,i
7902093,"Ammour, Haouas Khaled",ALG,M,,,,1923,AUG25,0,40,1973,i
7902107,"Amokrane, Fares",ALG,M,,,,2149,AUG25,0,20,1991,
7905092,"Amoura, Yuba",ALG,M,,,,1873,AUG25,0,20,1993,i
7947291,"Amouri, Assam",ALG,M,,,,1490,AUG25,0,40,2010,i
7912994,"Amrane, Abdellah",ALG,M,CM,,,2034,AUG25,9,40,2007,
7900570,"Amrane, Mohand Said",ALG,M,,,,2085,AUG25,0,40,1963,i
7913001,"Amrane, Ramdane",ALG,M,,NI,,1785,AUG25,0,20,2004,i
7938748,"Amrane, Samy-Islam",ALG,M,,,,1518,AUG25,5,40,2014,
7906633,"Amrane, Tarek",ALG,M,,,,1617,AUG25,0,20,2003,i
7915020,"Amrane,Ichrak",ALG,F,,,,1453,AUG25,0,40,2004,wi
7920687,"Amrani, Haithem",ALG,M,,,,1945,AUG25,0,40,1996,i
7926111,"Amrou, Ameziane",ALG,M,,,,1471,AUG25,0,40,2008,i
7912242,"Amrouche , Hicham",ALG,M,,,,1735,AUG25,0,40,1983,i
7905041,"Amrouche,Rabah",ALG,M,,,,1734,AUG25,0,40,1998,i
7936370,"Angag, Mohamed El Yamine",ALG,M,,,,1723,AUG25,0,40,1986,i
7932111,"Aouachria, Nouha Lamis",ALG,F,,,,1501,AUG25,0,40,2010,wi
7903952,"Aouachria, Rami",ALG,M,,,,1781,AUG25,0,20,2001,i
7902760,"Aouachria, Rima",ALG,F,,,,1566,AUG25,0,40,1996,wi
7932120,"Aouachria, Yara Mayar",ALG,F,,,,1599,AUG25,0,40,2008,wi
7920156,"Aoudia, Aghiles",ALG,M,CM,,,1753,AUG25,9,40,2009,
7900155,"Aoudia, Khaled",ALG,M,,,,2140,AUG25,0,20,1974,i
7900228,"Aoudia, Rabie",ALG,M,,,,2188,AUG25,0,20,1977,i
7900872,"Arab, Adlane",ALG,M,IM,,,2465,AUG25,0,10,1980,
7909772,"Arab, Dania",ALG,F,,,,1422,AUG25,0,40,1999,wi
7904169,"Araoune, Saadi",ALG,M,FM,,,2091,AUG25,0,20,2000,
7941056,"Ariouat, Reda",ALG,M,,,,1644,AUG25,0,20,1990,i
7900600,"Arouche, Farida",ALG,F,WIM,WIM,,2093,AUG25,0,20,1980,wi
7946643,"Aslouni, Asma",ALG,F,,,,1447,AUG25,0,40,2011,wi
7916760,"Aslouni,Yanis",ALG,M,,,,1793,AUG25,0,20,1992,
7911602,"Assem, Abderezzak",ALG,M,,,,1851,AUG25,0,20,2003,i
7922817,"Assoul, Abdelaziz",ALG,M,,,,1796,AUG25,0,20,1991,i
7909675,"Atmani,Amine",ALG,M,,,,1871,AUG25,0,20,2003,
7909110,"Attaoui, Mohamed Riad",ALG,M,,,,1675,AUG25,8,20,2004,
7905386,"Attoui, Abderrezak",ALG,M,,,,1842,AUG25,0,20,1966,
7905122,"Ayad, Okba",ALG,M,,,,1872,AUG25,0,40,0,
7909616,"Azreug, Lazhar",ALG,M,,,,1858,AUG25,8,20,1993,
7925808,"Azreug,Assia",ALG,F,,,,1555,AUG25,0,40,2004,wi
7925719,"Azzoug, Nazim",ALG,M,,,,1442,AUG25,0,40,2007,
7906641,"Azzouz, Mohamed Riad",ALG,M,,,,1473,AUG25,0,40,2007,i
7900473,"Azzouz, Othmane",ALG,M,,,,2106,AUG25,0,40,0,i
7901542,"Azzouzi, Oussama",ALG,M,,,,2066,AUG25,0,40,0,i
7945248,"Babahammou, Otmane",ALG,M,,,,1580,AUG25,0,20,2003,
7946589,"Babeker, Amine",ALG,M,,,,1725,AUG25,0,40,1997,
7925611,"Bachene, Youcef",ALG,M,,,,1598,AUG25,0,40,2002,i
7922930,"Bachir, Mohamed Elhadi",ALG,M,,,,1457,AUG25,0,40,2007,i
7927576,"Badji, Moncef",ALG,M,,,,1703,AUG25,0,40,1989,
7971460,"Baghli, Mohammed El Amine",ALG,M,,,,1603,AUG25,0,40,1973,
7905416,"Bahi , Aziz",ALG,M,,,,1777,AUG25,0,40,1973,i
7925360,"Bahlouli, Bouzid",ALG,M,,,,1747,AUG25,0,40,1996,
7976747,"Baiche, Idir",ALG,M,,,,1466,AUG25,5,40,2009,
7959974,"Baik, Zinedine",ALG,M,,,,1661,AUG25,0,40,2002,i
7904177,"Bakhlouf, Boudjellal",ALG,M,,,,1635,AUG25,0,20,1947,
7901968,"Bakhti, Noureddine",ALG,M,,,,1761,AUG25,0,40,1987,i
7907940,"Bakouche, Mahmoud",ALG,M,,,,1858,AUG25,0,20,2003,i
7904983,"Bakouche, Narimene",ALG,F,WCM,WCM,,1749,AUG25,0,20,2000,wi
7911467,"Bakouche, Rayane",ALG,F,,,,1513,AUG25,0,40,2006,w
7901682,"Bakouri, Abdelmajid",ALG,M,,,,1880,AUG25,7,20,1985,
7900040,"Bammoune, Abd'Ennacer",ALG,M,FM,,,2280,AUG25,0,20,1961,i
602825,"Banat, Rizlene",ALG,F,WFM,WFM,,1779,AUG25,0,20,1998,w
7910630,"Barama, Nail",ALG,M,,,,1710,AUG25,0,20,1998,i
7956886,"Barika, Oussama",ALG,M,,,,1494,AUG25,0,40,2000,
7932758,"Barkat, Raouf",ALG,M,,,,1783,AUG25,8,20,1988,
7916973,"Barkat,Abdelouaheb",ALG,M,,,,1894,AUG25,0,20,1996,i
7962550,"Battira, Mohamed",ALG,M,,,,1693,AUG25,7,40,2007,
7932766,"Bazizi, Bilal",ALG,M,,,,1426,AUG25,0,40,1989,i
7965001,"Becheker, Dayan",ALG,M,,,,1520,AUG25,0,40,2010,
7962673,"Bechina, Mohamed Adem",ALG,M,,,,1580,AUG25,0,40,2011,
7963785,"Bedaoui, Maria Hamida",ALG,F,,,,1523,AUG25,5,40,2005,w
7901178,"Beddar, Karima",ALG,F,WCM,WCM,,1852,AUG25,0,20,1988,wi
7910665,"Beddar,Lynda",ALG,F,,,,1581,AUG25,0,40,1991,wi
7901950,"Bedroune, Soufyane",ALG,M,,,,1872,AUG25,8,20,1982,
7926189,"Beghdad, Benyamine",ALG,M,,,,1408,AUG25,0,40,2010,
7941064,"Beghila, Aymen",ALG,M,,,,1490,AUG25,0,40,1987,i
7905440,"Beghriche, Rami Tadjeddine",ALG,M,,,,1844,AUG25,0,20,2005,
7900910,"Bekkat, Azzedine",ALG,M,,,,2151,AUG25,0,20,1986,
7932235,"Belacel, Abdelbassat",ALG,M,,,,1635,AUG25,12,40,2010,
7905130,"Belaggoun, Nadir",ALG,M,,,,1872,AUG25,0,40,1971,i
7970790,"Belahcene, Imam Abdessalam Ilyes",ALG,M,,,,1575,AUG25,0,40,2005,
7910673,"Belaid, Koceila",ALG,M,,,,1835,AUG25,0,20,2004,
7952481,"Belaidi, Mohamed",ALG,M,,,,1411,AUG25,0,40,2011,
7932537,"Belaouedj, Mohamed Larbi",ALG,M,,,,1539,AUG25,0,40,2004,i
7945930,"Belarbi, Mhamed",ALG,M,,,,1526,AUG25,4,40,1976,
7914024,"Belarbi,Mohamed Reda",ALG,M,,NA,,1687,AUG25,0,40,1993,i
7911475,"Belarem, Hayam",ALG,F,,,,1735,AUG25,0,40,2005,wi
7960727,"Belaroussi, Ritadj",ALG,F,,,,1448,AUG25,8,40,2011,w
7900236,"Belas, Mohamed",ALG,M,,,,2156,AUG25,0,20,1977,i
7910282,"Belattar, Ines",ALG,F,WCM,WCM,,1816,AUG25,0,20,2005,wi
7921632,"Belattar, Lila",ALG,F,,,,1485,AUG25,0,40,2011,w
7919662,"Belattar,Mohamed Walid",ALG,M,,,,1663,AUG25,5,40,2010,
7917686,"Beldi, Hanane",ALG,F,,,,1486,AUG25,0,40,2005,wi
7942478,"Belgaid, Abderaouf",ALG,M,,,,1636,AUG25,0,40,1995,
7906650,"Belhimer, Hicham",ALG,M,,,,1906,AUG25,0,40,1995,i
7900244,"Belkacem, Krim",ALG,M,,,,2060,AUG25,0,20,1962,i
7928939,"Belkadi, Abderrazak",ALG,M,,,,1610,AUG25,0,40,1974,i
7903162,"Belkadi, Med Abdeldjalil",ALG,M,,,,1857,AUG25,0,40,1984,i
7924100,"Belkheiri, Mohamed",ALG,M,,,,1723,AUG25,0,40,1979,
7905467,"Belkhir, Mustapha",ALG,M,,,,1878,AUG25,0,40,1963,i
696358,"Bellahcene, Bilel",ALG,M,GM,,,2488,AUG25,16,10,1998,
7912927,"Bellebcir,Tarek",ALG,M,,,,1880,AUG25,0,20,1975,i
7962568,"Belmana, Ilyes",ALG,M,,,,1657,AUG25,0,40,1991,
7971532,"Belouadah, Ines Malek",ALG,F,,,,1527,AUG25,0,40,2009,w
7971540,"Belouadah, Kacem Adnane",ALG,M,,,,1530,AUG25,0,40,2013,
7900856,"Belouadah, Saad",ALG,M,IM,,,2306,AUG25,0,10,1979,
7913125,"Ben Belkacem, Ibrahim",ALG,M,,,,1449,AUG25,3,40,1986,
7900899,"Benabadji, Abderrahmane",ALG,M,,,,1867,AUG25,6,20,1963,
7901879,"Benabdallah , Naim",ALG,M,,,,1907,AUG25,0,20,1979,i
7905149,"Benabdelaziz, Mohamed",ALG,M,,,,1947,AUG25,0,20,1983,
7914415,"Benaggoun, Samir",ALG,M,,,,1912,AUG25,0,40,1978,i
7902140,"Benaissa, Imene",ALG,F,,,,1818,AUG25,0,20,1983,wi
7930810,"Benali, Abdelkrim",ALG,M,,,,1599,AUG25,4,40,2006,
7960875,"Benarioua, Sadjed Abdelhadi",ALG,M,,,,1680,AUG25,7,40,2005,
7951590,"Benati, Islem",ALG,M,,,,1464,AUG25,0,40,2009,i
7962282,"Benati, Salas",ALG,M,,,,1439,AUG25,0,40,2015,i
7932782,"Benbekka, Yamane",ALG,M,,,,1642,AUG25,8,40,2009,
7944730,"Benchaba, Ahcene",ALG,M,,,,1702,AUG25,2,40,2000,
7957106,"Benchibout, Mahdi",ALG,M,,,,1445,AUG25,12,40,2016,
7966997,"Bendaho, Abdelhamid",ALG,M,,,,1699,AUG25,0,40,2001,
7920059,"Bendamardji, Mahrez",ALG,M,,,,1836,AUG25,0,20,2002,i
7965109,"Bendimerad, Jawed",ALG,M,,,,1450,AUG25,9,40,2010,
7928050,"Bendjaima, Ahmed",ALG,M,,,,1773,AUG25,0,20,2005,i
7920717,"Benedjima, Bachir",ALG,M,,,,1683,AUG25,0,40,1973,i
7905491,"Benelfekir, Amina",ALG,F,,NA,,1646,AUG25,0,20,2000,wi
7908490,"Benelfekir, Imene",ALG,F,WCM,WCM,,1607,AUG25,0,20,2005,wi
7908245,"benelouezzane,Mourad",ALG,M,,,,1994,AUG25,0,20,1995,
7900325,"Bengherabi, Khalil",ALG,M,FM,,,2094,AUG25,0,20,1979,
7907826,"Bengherbia,Idriss",ALG,M,,,,1746,AUG25,0,40,1996,i
7921306,"Benhacine,Massinissa",ALG,M,,,,1609,AUG25,0,40,1986,
7900058,"Benhadi,Aziz Madani",ALG,M,IM,,,2111,AUG25,0,20,1958,i
7944810,"Benhassaini, Allaa Eddine Mohamed",ALG,M,,,,1648,AUG25,0,40,2011,
7945442,"Benhassaini, Allae",ALG,F,,,,1613,AUG25,0,40,2009,w
7962150,"Benhassine, Jawad",ALG,M,,,,1657,AUG25,0,40,1970,i
7966245,"Benikhlef, Tinhinane",ALG,F,,,,1428,AUG25,3,40,2013,w
7915012,"Benkaddour,Omar",ALG,M,,,,1728,AUG25,0,40,1981,i
7918640,"Benkhaoua,Oussama",ALG,M,,,,1708,AUG25,0,20,2002,i
7935854,"Benkhelifa , Anis",ALG,M,,,,1659,AUG25,7,40,2010,
7932332,"Benkhelifa, Zakaria",ALG,M,,,,1822,AUG25,0,40,2007,
7928858,"Benkhoucha, Samy",ALG,M,,,,1852,AUG25,0,20,1999,
7900260,"Benkiar, Djamel",ALG,M,,,,1962,AUG25,0,20,1965,i
7902557,"Benkirat, Rabie",ALG,M,,,,1879,AUG25,0,40,1977,i
7908253,"Benkolli, Adel",ALG,M,,,,1682,AUG25,0,20,2001,i
7911505,"Benkolli, Imad",ALG,M,,,,1477,AUG25,0,40,2005,i
7949200,"Benlahreche, Ayoub",ALG,M,,,,1734,AUG25,0,40,1995,i
7903413,"Benlaid, Lakhdar",ALG,M,,,,1837,AUG25,0,20,1978,
7921403,"Benlakehal,Aymen",ALG,M,,,,1700,AUG25,0,20,2002,
7965885,"Benlemmou, Reda",ALG,M,,,,1685,AUG25,0,40,1999,
7908881,"Benmadani, Yazid",ALG,M,,,,1759,AUG25,0,20,1992,i
7904711,"Benmansour, Wahib",ALG,M,,,,1676,AUG25,0,40,2001,i
7907532,"Benmoussa, Mahmoud",ALG,M,,,,1663,AUG25,0,20,1999,i
7924984,"Bennaceur, Walid",ALG,M,,,,1474,AUG25,0,40,2005,i
7971478,"Benouar, Adil",ALG,M,,,,1508,AUG25,0,40,2013,
7914849,"Benrekia, Akram",ALG,M,,,,1838,AUG25,0,20,2001,
7920067,"Benrekia, Anes",ALG,M,,,,1772,AUG25,0,20,2002,
7914857,"Benrekia, Yacine",ALG,M,,,,1887,AUG25,0,20,2002,i
7901836,"Bensaada, Ilyes",ALG,M,,,,1711,AUG25,0,40,1996,i
7904576,"Bensadi, Lotfi",ALG,M,,,,1957,AUG25,0,20,1998,
7953321,"Bensafia, Younes",ALG,M,,,,1601,AUG25,0,40,2009,i
7903006,"Bensahnoune, Salim",ALG,M,,,,1988,AUG25,0,40,1982,i
7904606,"Bensaid,Brahim",ALG,M,,,,1725,AUG25,0,20,1972,
7903170,"Bensari, Adel",ALG,M,,,,1900,AUG25,0,40,1997,i
7904215,"Bensari, Islam",ALG,M,,,,1771,AUG25,0,40,1997,i
7919875,"Benseddik, Abdelmajid",ALG,M,,,,1681,AUG25,0,40,1989,i
7918801,"Benseni, Ahmed",ALG,M,,,,1949,AUG25,0,20,1997,
7931727,"Bensidhoum, Ikram",ALG,M,,,,1420,AUG25,0,40,2010,i
7923023,"Bensidi, Abdelmalek",ALG,M,,,,1977,AUG25,9,40,2011,
7923015,"Bensidi, Aya",ALG,F,,,,1431,AUG25,5,40,2007,w
7900368,"Bensmaine, Abdelaif",ALG,M,,,,2170,AUG25,0,40,0,i
7917902,"Bensotra, Nadir",ALG,M,,,,1759,AUG25,0,40,1994,i
7949162,"Benssaci, Fares",ALG,M,,,,1601,AUG25,0,40,2003,
7976828,"Bentaleb, Mohamed",ALG,M,,,,1719,AUG25,6,40,2005,
7914865,"Bentegri, Mohamed Yacine",ALG,M,,,,1618,AUG25,0,40,2001,i
7901283,"Bentoumi, Miloud",ALG,M,,,,1990,AUG25,0,20,1959,i
7903448,"Bentounsi, Abderahim",ALG,M,,,,1927,AUG25,0,40,1975,i
7974019,"Benyahia, Adem",ALG,M,,,,1516,AUG25,0,40,2008,
7905548,"Benyahia, Ghilas",ALG,M,,,,1677,AUG25,0,20,2001,i
7955480,"Benyahia, Khaled",ALG,M,,,,1624,AUG25,0,40,2004,i
7905556,"Benyahia, Safin",ALG,M,CM,,,1853,AUG25,0,20,2006,
7905564,"Benyahia, Tinhinane",ALG,F,,,,1605,AUG25,0,20,1999,wi
7959427,"Benyahia, Zakaria",ALG,M,,,,1774,AUG25,0,40,1993,i
7931166,"Benzaim, Hafsa",ALG,F,,,,1530,AUG25,0,40,2009,wi
7966016,"Benzenache, Tadj Eddine",ALG,M,,,,1655,AUG25,0,40,1998,
7929471,"Benzerga, Aissa",ALG,M,,,,1657,AUG25,0,40,1975,
7918151,"Benzineb, Brahim",ALG,M,,,,1647,AUG25,0,40,1983,i
7952945,"Beraoud, Youcef",ALG,M,,,,1491,AUG25,0,40,2007,i
7901640,"Berbeche, Djamel",ALG,M,,,,1804,AUG25,0,40,1978,i
7924356,"Berkani, Belgacem",ALG,M,,,,1608,AUG25,0,40,2008,
7963661,"Berkani, Oussama Ala Eddine",ALG,M,,,,1517,AUG25,6,40,1994,
7972873,"Berkat, Nizar",ALG,M,,,,1602,AUG25,0,40,2003,
7903456,"Berrached, Mohammed",ALG,M,,,,1971,AUG25,0,20,1979,i
7918429,"Berraho, Fouad",ALG,M,,NA,,1822,AUG25,0,40,1979,i
7975007,"Berraoui, Haitem",ALG,M,,,,1458,AUG25,0,40,2008,
7945965,"Bessouiket, Mustapha",ALG,M,,,,1639,AUG25,0,40,1999,i
7912935,"Bettine,Hakim",ALG,M,,,,1891,AUG25,0,20,1979,i
7948891,"Bey, Anes",ALG,M,,,,1615,AUG25,0,40,1988,i
7910312,"Bidi, Abdeljalil",ALG,M,,,,1821,AUG25,7,20,2006,
7904738,"Blaghdji, Mohamed Rabie",ALG,M,,,,1731,AUG25,0,40,1999,i
7924364,"Blilita, Miloud",ALG,M,,,,1851,AUG25,0,40,1963,
7976836,"Bouadou, Abdessamed",ALG,M,,,,1617,AUG25,8,40,2010,
7951604,"Bouanani, Massinissa",ALG,M,,,,1519,AUG25,0,40,2009,i
7918844,"Bouazdia, Yassine",ALG,M,,,,1781,AUG25,0,40,2000,
7946724,"Bouaziz, Imad",ALG,M,,,,1562,AUG25,0,40,1996,i
7921578,"Bouaziz, Salim",ALG,M,,,,1999,AUG25,0,40,1981,
7967004,"Bouazza, Mohamed Louay",ALG,M,,,,1485,AUG25,0,40,2006,
7937067,"Bouazzi, Mecheri",ALG,M,,,,1818,AUG25,0,40,1967,i
7970838,"Boubaker, Zahreddine",ALG,M,,,,1587,AUG25,0,40,2007,
7902620,"Boubakour,Ferroudja",ALG,F,,,,1598,AUG25,0,40,2001,wi
7905602,"Boubendir, Hichem",ALG,M,,,,1720,AUG25,0,20,1999,i
7904991,"Boubendir, Nesrine",ALG,F,,,,1708,AUG25,0,20,2003,wi
7917481,"Bouberraga, Cherif",ALG,M,,,,1489,AUG25,0,40,2002,i
7942818,"Bouchair, Abdelmadjid",ALG,M,,,,1603,AUG25,0,40,1986,i
7932820,"Bouchakel, Tarik",ALG,M,,,,1667,AUG25,0,40,1994,i
7921543,"Bouchareb, Nabil",ALG,M,,,,1857,AUG25,0,40,1984,
7929323,"Bouchedjra, Yacine",ALG,M,,,,1586,AUG25,8,40,2008,
7931174,"Bouchelil, Mohamed",ALG,M,,,,1629,AUG25,0,20,1994,
7901151,"Bouchemat, Nassiba",ALG,F,WIM,WIM,,1956,AUG25,0,40,1978,wi
7966903,"Bouchentouf, Mohamed Amine",ALG,M,,,,1460,AUG25,2,40,1991,
7948018,"Bouchlile, Ilyes",ALG,M,,,,1516,AUG25,0,40,2011,
7962100,"Bouchougrane, Youcef",ALG,M,,,,1431,AUG25,0,40,1986,i
7968868,"Boudaia, Mehdi",ALG,M,,,,1573,AUG25,7,40,2008,
7901623,"Boudaoud, Khaled",ALG,M,,,,1916,AUG25,0,20,1977,
7901771,"Boudechiche, Maroua",ALG,F,,,,1657,AUG25,0,40,1989,wi
7921683,"Boudeheb, Ishak",ALG,M,,,,1604,AUG25,0,40,2006,i
7915179,"Boudeheb, Maria",ALG,F,,,,1524,AUG25,0,20,2003,wi
7958447,"Bouderoua, Salah Eddine",ALG,M,,,,1614,AUG25,0,40,1996,i
7915772,"Boudheb, Ishak",ALG,M,,,,1672,AUG25,7,20,2006,
7900457,"Boudiba, Chakib",ALG,M,,,,1896,AUG25,0,40,1991,i
7910339,"Boudjeddou, Sami",ALG,M,,,,1937,AUG25,0,40,1991,
7958684,"Boudjelthia, Mouaadh",ALG,M,,,,1810,AUG25,0,40,2009,
7940149,"Boudjoghra, Imad",ALG,M,,,,1800,AUG25,0,40,1984,
7903464,"Boudjourfa, Adlane",ALG,M,,,,1959,AUG25,0,20,1979,i
7975015,"Boudouaou, Ibrahim",ALG,M,,,,1463,AUG25,0,40,2001,
7975023,"Boufedji, Obeida",ALG,M,,,,1508,AUG25,0,40,1995,
7908270,"Boughambouz, Mehdi",ALG,M,,,,1804,AUG25,0,20,1989,
7963025,"Boughanmi, Imed Eddine",ALG,M,,,,1531,AUG25,0,40,2001,
7940734,"Bouguerne, Aymen",ALG,M,,,,1691,AUG25,0,40,1995,i
7921420,"Bouguerne, Fouzi",ALG,M,,,,1935,AUG25,0,20,1988,
7927177,"Bouhada, Hamza",ALG,M,,,,AIM,AUG25,1785,0,1996,i
7900678,"Bouhaddad, Abdelkrim",ALG,M,,,,2159,AUG25,0,20,1975,i
7900546,"Bouhadi, Abderrahim",ALG,M,FM,,,1967,AUG25,0,20,1997,i
7904746,"Bouhadjar, Nabil",ALG,M,,,,1965,AUG25,0,40,0,i
7926243,"Bouhala, Sefale",ALG,M,,,,1491,AUG25,0,40,2007,
7938896,"Bouhamadi, Meriem",ALG,F,,,,1413,AUG25,0,40,2004,w
7944306,"Bouhamadi, Mohamed Arin",ALG,M,,,,1406,AUG25,0,40,2015,
7969090,"Bouhelassa, Soheil Younes",ALG,M,,,,1425,AUG25,0,40,2016,
7943784,"Bouhini, Ameziane",ALG,M,,,,1588,AUG25,0,40,2013,
7943792,"Bouhini, Arezki",ALG,M,,,,1617,AUG25,0,40,2010,
7958692,"Bouhini, Assalas",ALG,M,,,,1528,AUG25,0,40,2016,
7925042,"Bouhlala, Samir",ALG,M,,,,1877,AUG25,0,40,1999,
7943083,"Bouhouia , Kamel",ALG,M,,NA,,1503,AUG25,0,40,1981,i
7949677,"Boukais, Zakaria",ALG,M,,,,1493,AUG25,0,40,2006,i
7916620,"Boukazata, Djamel",ALG,M,,,,1783,AUG25,0,20,1963,i
7960999,"Boukellal, Youcef Taha",ALG,M,,,,1512,AUG25,3,40,2008,
7919824,"Boukerma, Sandra",ALG,F,,,,1456,AUG25,0,40,2003,wi
7929129,"Boukerroum, Toufik",ALG,M,,,,1768,AUG25,0,40,1963,i
7971206,"Boukhalfa, Nouh",ALG,M,,,,1958,AUG25,9,20,1993,
7951841,"Boukhanfra, Mohamed Anas",ALG,M,,,,1411,AUG25,0,40,2015,
7938128,"Boukhelef, Mohamed Lotfi",ALG,M,,,,1580,AUG25,0,40,2004,
7963270,"Boukhenifra, Nadhir",ALG,M,,,,1457,AUG25,0,40,1984,i
7902166,"Boulahouache, Djamel Eddine",ALG,M,,,,1902,AUG25,0,20,1987,i
7901941,"Boulahouache,Billel",ALG,M,,,,1872,AUG25,0,20,1979,
7943423,"Bouldja, Madjid",ALG,M,,,,1433,AUG25,0,40,2007,
7931441,"Boulekera, Anes",ALG,M,,,,1428,AUG25,0,40,2003,i
7944055,"Boulhabel , Mohamed Aimene",ALG,M,,NA,,1656,AUG25,0,40,1999,i
7946856,"Boulkaria, Zahir",ALG,M,,,,1562,AUG25,0,40,1980,i
7901062,"Boulkrouche, Yacine",ALG,M,,,,2025,AUG25,0,20,1968,i
7907559,"Boulrens, Ala Eddine",ALG,M,,,,2174,AUG25,0,20,2000,
7930445,"Boumaaraf, Abderraouf",ALG,M,,,,1723,AUG25,0,40,1994,i
7971214,"Boumaila, Badreddine",ALG,M,,,,1872,AUG25,0,40,1982,
7906366,"Boumazza, Anes",ALG,M,,,,1714,AUG25,0,40,0,i
7930453,"Boumezbeur, Mohamed El Amine",ALG,M,,,,1879,AUG25,0,40,1996,i
7923295,"Bounakala, Redha",ALG,M,,,,1738,AUG25,7,20,2003,
7945116,"Bounatiro, Mohamed El Achref",ALG,M,,,,1612,AUG25,8,20,1991,
7938020,"Bounazou, Aya",ALG,F,,,,1427,AUG25,0,40,2011,wi
7901208,"Bounehas, Halim",ALG,M,,FI,,1680,AUG25,8,20,1953,
7910738,"Bourai,Rayane",ALG,M,,,,1619,AUG25,0,20,2006,i
7930461,"Bouramoul, Iyed",ALG,M,,,,1407,AUG25,0,40,2009,i
7917210,"Bouras, Ismail",ALG,M,,,,1566,AUG25,5,40,2009,
7963041,"Bouras, Yacine",ALG,M,,,,1471,AUG25,0,40,2011,i
7975937,"Boureghda, Iyad",ALG,M,,,,1584,AUG25,7,40,2009,
7920750,"Boureghda, Reda",ALG,M,,,,1693,AUG25,0,40,1985,
7918313,"Bourekiza , Hamza",ALG,M,,,,1837,AUG25,0,20,1985,
7930550,"Bourgazene, Idriss",ALG,M,,,,1691,AUG25,0,40,1983,i
7963297,"Bourouf, Younes",ALG,M,,,,1566,AUG25,0,40,1985,i
7955715,"Bousehaba, Abdelkader",ALG,M,,,,1582,AUG25,0,40,1992,
7930828,"Bousehla, Majda",ALG,F,,,,1410,AUG25,3,40,2011,w
7925085,"Bousehla, Manel",ALG,F,,,,1678,AUG25,6,40,2007,w
7965729,"Bouslah, Abderrahmane",ALG,M,,,,1564,AUG25,0,40,2004,
7900708,"Bousmaha, Abderrahmane",ALG,M,,,,2068,AUG25,0,20,1959,i
26064723,"Bousmaha, Wassel",ALG,M,FM,,,2004,AUG25,0,20,2005,i
7900945,"Boussaa, Imen",ALG,F,,,,1644,AUG25,0,40,2000,wi
7949227,"Boussoufa, Nadine",ALG,F,,,,1439,AUG25,0,40,2011,wi
7917112,"Boutabza, Rabah",ALG,M,,,,1696,AUG25,0,40,1976,
7905270,"Boutaleb, Reda",ALG,M,,,,1845,AUG25,0,40,1973,i
7948549,"Boutar, Malek",ALG,M,,,,1460,AUG25,0,40,2012,i
7946600,"Boutari, Yacine",ALG,M,,,,1655,AUG25,0,40,1993,i
7927304,"Boutchicha, Rachid",ALG,M,,,,1799,AUG25,0,20,1973,i
7966296,"Boutebakh, Abderahmane",ALG,M,,,,1400,AUG25,0,40,2012,
7910029,"Boutiti, Fatima Zohra",ALG,F,,,,1533,AUG25,0,40,1991,wi
7944314,"Bouzgou, Chamseddine",ALG,M,,,,1585,AUG25,0,40,1989,i
7961790,"Bouzid, Salah",ALG,M,,,,1564,AUG25,0,40,1963,
7962584,"Bouzidi, Dia Eddine",ALG,M,,,,1717,AUG25,0,40,2006,
7971729,"Bouzidi, Lakhdar",ALG,M,,,,1656,AUG25,0,40,1990,
7920172,"Bouzidi, Louanas",ALG,M,,,,1680,AUG25,0,20,1978,
7961006,"Bouziza, Zineddine",ALG,M,,,,1676,AUG25,5,40,2006,
7902174,"Bouznad, Noureddine",ALG,M,,,,1662,AUG25,0,40,1970,i
7905637,"Brahami, Lamine",ALG,M,IM,,,2189,AUG25,0,20,2002,
7905645,"Brahami,Lyes",ALG,M,,NA,,1979,AUG25,0,20,2000,
7905653,"Brahami,Yanis",ALG,M,,,,1710,AUG25,0,20,2005,i
7920601,"Brahim Djelloul, Ahmed",ALG,M,,,,1741,AUG25,8,40,2009,
7906722,"Brahim Djelloul, Azzedine",ALG,M,,,,1987,AUG25,0,40,1964,i
7913680,"Brahimi, Abderahim",ALG,M,CM,,,1781,AUG25,7,40,2007,
7972920,"Brahimi, Adem",ALG,M,,,,1515,AUG25,3,40,2008,
7937407,"Brahimi, Lyna",ALG,F,,,,1403,AUG25,0,40,2012,w
7937415,"Brahimi, Mohamed",ALG,M,,,,1470,AUG25,0,40,2013,
7961014,"Brahimi, Nail",ALG,M,,,,1549,AUG25,0,40,1996,
7942168,"Briki, Hamed",ALG,M,,,,1641,AUG25,0,40,1995,i
7913699,"Chabane, Amine",ALG,M,,,,1629,AUG25,0,40,2007,i
7970978,"Chabane, Youcef",ALG,M,,,,1504,AUG25,0,40,2006,
7915063,"Chabane,Lina",ALG,F,WCM,WCM,,1581,AUG25,0,20,2005,wi
7905068,"Chadi,Lynda",ALG,F,,,,1597,AUG25,0,20,1997,wi
7948557,"Chafai, Ryad",ALG,M,,,,1679,AUG25,0,40,2002,
7923031,"Chaib, Chakib",ALG,M,,,,1599,AUG25,8,40,2009,
7903774,"Chaib, Mohamed Amine",ALG,M,,,,1854,AUG25,0,20,1994,i
7923040,"Chaib, Tahar",ALG,M,,,,1490,AUG25,4,40,2007,
7943806,"Chaili, Yasser Idris",ALG,M,,,,1714,AUG25,8,40,2010,
7931212,"Chakour, Djaltia",ALG,M,,,,1566,AUG25,0,40,2003,i
7903200,"Chami, Mhamed",ALG,M,,,,1638,AUG25,0,40,1971,i
7933460,"Chanafi, Abderrazak",ALG,M,,,,1929,AUG25,0,20,1993,
7909810,"Chanane, Ouerdia",ALG,F,,,,1493,AUG25,0,40,1998,wi
7965222,"Chanane, Zahoua",ALG,F,,,,1458,AUG25,0,40,2006,wi
7913150,"Chaoui, Zakaria",ALG,M,,,,1803,AUG25,0,40,1986,
7900023,"Chaourar, Nassr-Eddine",ALG,M,IM,,,2260,AUG25,0,20,1962,i
7923309,"Charef Khodja, Abdelrahmane",ALG,M,,,,1535,AUG25,0,20,2006,i
7918585,"Charef Khodja, Ayoub",ALG,M,,,,1812,AUG25,0,20,2004,i
7901747,"Chbakou, Hamza",ALG,M,,,,1695,AUG25,0,20,1997,i
7901755,"Chbakou, Mona",ALG,F,,,,1668,AUG25,0,20,1998,wi
7947399,"Chebab, Mohamed",ALG,M,,NA,,1652,AUG25,0,40,1986,
7916809,"Cheber , Houssem",ALG,M,,,,1863,AUG25,0,20,1981,
7907893,"Chebli, Nassima",ALG,F,,,,1563,AUG25,0,20,1999,wi
36013048,"Cheikh-Boukal, Ziyad",ALG,M,FM,,,1917,AUG25,0,20,2004,i
7908504,"Chekired , Mehdi",ALG,M,,,,1521,AUG25,0,40,1969,i
7909640,"Chekired, Anes",ALG,M,,,,1631,AUG25,9,20,2006,
7912315,"Chekired, Mohamed Elhareth",ALG,M,,,,1535,AUG25,5,40,2007,
7908512,"Chekired,Okba",ALG,M,,,,1693,AUG25,0,20,2002,
7925107,"Chelda, Daho",ALG,M,,,,1557,AUG25,13,40,2009,
7950632,"Chelghoum, Abdelkrim",ALG,M,,,,1588,AUG25,0,40,1972,i
7955162,"Chelih , Oualid",ALG,M,,,,1441,AUG25,0,40,2002,i
7945574,"Chemam, Rafik Abdellatif",ALG,M,,,,1684,AUG25,0,40,1994,i
7913710,"Chemmachemma, Malik",ALG,M,,,,1472,AUG25,0,40,2003,i
7945582,"Cherad, Mohammed",ALG,M,,,,1810,AUG25,0,20,1982,
7900252,"Cherchem, Ahmed",ALG,M,,,,2186,AUG25,0,20,1962,i
7914130,"Cherfa, Khouloud",ALG,F,,,,1420,AUG25,0,40,2004,wi
7952112,"Cheribet Cherif, Sofiane",ALG,M,,,,1617,AUG25,0,40,1987,
7905696,"Cherifi, Fateh",ALG,M,,,,1825,AUG25,0,20,1996,i
7914890,"Cherifi, Mohamed Redha",ALG,M,,,,1645,AUG25,0,40,2002,i
7909837,"Cherifi, Sarah",ALG,F,,,,1504,AUG25,0,20,2001,wi
7909845,"Cherifi, Wissam",ALG,F,,,,1451,AUG25,0,40,1998,wi
7904789,"Cherifi, Zouhir",ALG,M,,,,1749,AUG25,0,40,1993,i
7907680,"Cherifi,Razik",ALG,M,,,,1996,AUG25,0,20,1998,
7903499,"Cherrad, Mustapha",ALG,M,,,,1980,AUG25,0,20,1987,i
7900074,"Cherrad, Zitouni",ALG,M,FM,,,2146,AUG25,0,20,1943,i
7904010,"Chibane, Nabila",ALG,F,,,,1618,AUG25,0,20,1998,wi
7910754,"Chibane, Zahra",ALG,F,,,,1506,AUG25,0,40,1998,wi
7921527,"Chorfa,Abderraouf",ALG,M,,,,1814,AUG25,0,40,1964,
7921586,"Chorfa,Noureddine",ALG,M,,,,1834,AUG25,0,40,1964,i
7918054,"Chouana, Kamel",ALG,M,,,,1579,AUG25,0,40,1977,i
7953143,"Chouf, Khaled",ALG,M,,,,1663,AUG25,0,40,1989,i
7902565,"Choufa, Mohamed Ridha",ALG,M,,,,1625,AUG25,0,40,1970,i
7921233,"Chougui, Rachid",ALG,M,,,,1703,AUG25,6,20,1956,
7912692,"Chouha, Khlifa",ALG,M,,,,1854,AUG25,0,40,1970,i
60400277,"Choukri, Ahmed",ALG,M,,,,1793,AUG25,0,40,2003,i
7955723,"Choukry, Baraka",ALG,M,,,,1465,AUG25,0,40,1972,i
7958277,"Daas, Med Lemnaouar",ALG,M,,,,1606,AUG25,3,40,2009,
7953690,"Daas, Sami",ALG,M,,,,1553,AUG25,0,40,2014,
7946155,"Dacher, Djaber",ALG,M,,,,1737,AUG25,0,40,1997,i
7946619,"Daddi Baba, Omar",ALG,M,,,,1542,AUG25,0,40,1991,i
7975155,"Dahmane Sbaihia, Nacer",ALG,M,,,,1678,AUG25,0,40,1980,
7938462,"Dahmani, Alim",ALG,M,,,,1406,AUG25,0,40,2008,i
7971486,"Dahmani, Aymen",ALG,M,,,,1474,AUG25,0,40,2004,
7917910,"Dahmani, Djellel",ALG,M,,,,1496,AUG25,0,40,1977,
7917236,"Dahmani,Aya maylina",ALG,F,,,,1467,AUG25,0,40,2008,wi
7903359,"Daho,mohammed",ALG,M,,,,1647,AUG25,0,40,1975,i
7924879,"Damerdji, Abdelrafaa",ALG,M,,,,1485,AUG25,0,40,2005,i
7914687,"Daoud, Zoheyr",ALG,M,,,,1831,AUG25,0,40,1982,i
7967373,"De Raphelis-Soissan, Benjmin",ALG,M,,,,1549,AUG25,7,40,2009,
7938934,"Debieb , Mehdi",ALG,M,,,,1514,AUG25,0,40,2008,i
7938039,"Debieb, Maria",ALG,F,,,,1576,AUG25,0,40,2003,wi
7934262,"Debied, Maria",ALG,F,,,,1422,AUG25,0,40,2003,wi
7939230,"Deboosere, Adam Moussa",ALG,M,,,,1925,AUG25,9,20,1995,
7900066,"Dekar, Lies",ALG,M,IM,,,2036,AUG25,0,20,1958,i
7919050,"Dekkiche, Mohamed Rafik",ALG,M,,,,1780,AUG25,0,40,1988,i
7945280,"Dendougui, Brahim Elkhalil",ALG,M,,,,1761,AUG25,0,20,1997,
7919069,"Derbadj, Mohamed Aziz",ALG,M,,,,1746,AUG25,0,40,1981,i
7970420,"Derrar, Mohamed Amine",ALG,M,,,,1663,AUG25,0,40,1999,
7932243,"Dib, Mohamed Amine",ALG,M,,,,1635,AUG25,0,40,1980,i
7955111,"Didaoui , Mohamed",ALG,M,,NA,,1564,AUG25,7,40,1983,
7902212,"Diouani, Sidali",ALG,M,,,,1873,AUG25,0,40,1992,i
7969325,"Dioubi, Abderrahmane",ALG,M,,,,1633,AUG25,0,40,2002,
7900937,"Djaballah, Farouk",ALG,M,,,,2014,AUG25,0,20,1974,i
7905726,"Djabri, Massinas",ALG,M,FM,,,2280,AUG25,0,20,2001,
7931778,"Djabri, Rayane",ALG,M,,,,1602,AUG25,0,20,2006,i
7936419,"Djafrii , Youcef",ALG,M,,,,1701,AUG25,0,40,1970,
7952520,"Djaidja, Heitham Wassim",ALG,M,,,,1671,AUG25,0,40,2011,
7925565,"Djebar, Nordine",ALG,M,,,,1463,AUG25,0,40,2002,i
7976690,"Djebar, Wassin",ALG,M,,,,1419,AUG25,5,40,2010,
7921721,"Djebbar, Zakaria",ALG,M,,,,1635,AUG25,0,40,1991,
7949022,"Djebbari, Khamis",ALG,M,,,,1740,AUG25,0,40,1992,
7905181,"Djeddi , Salah Eddine",ALG,M,,,,1850,AUG25,0,20,1965,
7909853,"Djeddi, Ismahane",ALG,F,,,,1530,AUG25,0,20,2004,wi
7909861,"Djeddi, Louiza",ALG,F,,,,1493,AUG25,0,40,2003,wi
7902220,"Djeddi, Mohamed",ALG,M,,,,1882,AUG25,0,20,1971,
7931808,"Djeddi, Youba",ALG,M,,,,1401,AUG25,0,40,2006,i
7902239,"Djeghri, Memdouh",ALG,M,,,,1842,AUG25,0,20,1968,i
7924933,"Djellid, El-Ghazi",ALG,M,,,,1595,AUG25,0,40,2004,i
7933665,"Djelmami , Said",ALG,M,,,,1645,AUG25,0,40,2000,
7903790,"Djema, Abdennour",ALG,M,,,,1736,AUG25,0,20,1980,
7905742,"Djemaa, Hoda",ALG,F,,,,1524,AUG25,0,20,2002,wi
7966440,"Djemal, Abdelatif Sofiane",ALG,M,,,,1529,AUG25,0,40,1982,
7938152,"Djenan , Samir",ALG,M,,,,1647,AUG25,0,40,2001,i
7964153,Djermouni Mohammed Sofiane,ALG,M,,,,1599,AUG25,0,40,1994,
7948581,"Djerroud, Adam",ALG,M,,,,1418,AUG25,8,40,2017,
7910762,"Djerroud, Chahrazad",ALG,F,WCM,WCM,,1894,AUG25,0,20,2006,w
7910770,"Djerroud, Gaya",ALG,M,,,,1590,AUG25,0,20,2004,i
7931824,"Djerroud, Lahna",ALG,F,,,,1464,AUG25,4,40,2012,w
7925123,"Djibtrouhi, Mustapha",ALG,M,,,,1742,AUG25,13,40,2008,
7958056,"Djilali Beida, Mohamed",ALG,M,,,,1512,AUG25,0,40,2003,i
7925450,"Djillali, Ahmed",ALG,M,,,,1652,AUG25,7,40,2011,
7925468,"Djillali, Aymen",ALG,M,,,,1599,AUG25,7,40,2009,
7962444,"Djoghma, Fares Abdelouahab",ALG,M,,,,1554,AUG25,0,40,2002,
7900953,"Dorbane, Khaled",ALG,M,,,,2123,AUG25,0,20,1980,i
7911866,"Doucene,Ayoub",ALG,M,,,,1552,AUG25,0,40,2006,i
7911874,"Doucene,Farouk",ALG,M,,,,1671,AUG25,5,40,2007,
7925840,"Doucene,Younes",ALG,M,,,,1511,AUG25,0,40,2010,i
7975856,"Douissi, Rafik",ALG,M,,,,1431,AUG25,5,40,2018,
7922248,"Doukari,Ali",ALG,M,,,,1743,AUG25,0,40,1956,i
7968485,"Doumane, Anes",ALG,M,,,,1583,AUG25,7,40,2006,
7961820,"Doumane, Hichem",ALG,M,,,,1719,AUG25,0,40,2002,
7916825,"Dourari, Abdelaziz",ALG,M,,,,1759,AUG25,0,40,1982,i
7958951,"Dridi, Ramdane",ALG,M,,,,1867,AUG25,0,40,1965,i
7970447,"El Hathout, Amir Abdelkader",ALG,M,,,,1701,AUG25,11,40,2010,
7940076,"Elabbed, Belkacem Youcef",ALG,M,,,,1485,AUG25,0,40,2008,i
7918070,"Elbahi,Tahar",ALG,M,,,,1829,AUG25,0,20,1999,i
7909349,"Elguess,Faycal",ALG,M,,,,1798,AUG25,0,40,1974,i
7961049,"Elhadj Moustafa, Youcef",ALG,M,,,,1644,AUG25,4,40,2006,
7902263,"Elhamel, Mourad",ALG,M,,,,1746,AUG25,0,40,1982,i
7906781,"Elimam, Wissam",ALG,M,,,,1954,AUG25,0,40,1977,i
7973438,"Elkeurti, Larbi",ALG,M,,,,1480,AUG25,4,40,2005,
7944934,"Fakroune, Talhet",ALG,M,,,,1457,AUG25,0,40,1993,i
7910436,"Farah, Souleimane Maher",ALG,M,,,,1904,AUG25,0,20,2000,
7970803,"Fares, Abderahmane",ALG,M,,,,1445,AUG25,0,40,2004,
7931832,"Fartas, Toufik",ALG,M,,,,1689,AUG25,0,40,1983,
7913893,"Fellah, Fouad Aimen",ALG,M,,,,1647,AUG25,0,40,2001,i
7901100,"Fellah, Mohamed Amine",ALG,M,CM,,,2083,AUG25,0,20,1984,i
7973969,"Fellah, Rayane",ALG,M,,,,1504,AUG25,9,40,2015,
7976038,"Fellah, Samy",ALG,M,,,,1502,AUG25,6,40,2012,
7925263,"Fengal, Zineddine",ALG,M,,,,1461,AUG25,5,40,2009,
7912153,"Ferahi, Tarik",ALG,M,,,,1675,AUG25,0,20,1983,
7965745,"Ferdjouni, Mohamed El Hadi",ALG,M,,,,1552,AUG25,0,40,2004,
7967560,"Ferhane, Brahim",ALG,M,,,,1731,AUG25,0,40,1968,
7929145,"Ferhaoui, Yacine",ALG,M,,,,1506,AUG25,2,40,1985,
7900740,"Ferhi, Djamel",ALG,M,,,,2061,AUG25,0,20,1984,
7913737,"Ferrad,Mohamed Amine",ALG,M,,,,1622,AUG25,0,20,2005,
7905807,"Ferradji, Amar",ALG,M,,,,1765,AUG25,0,20,1956,i
7901569,"Ferrah, Hacene",ALG,M,,,,1799,AUG25,0,20,1965,i
7927207,"Fortas , Mohamed El Acil",ALG,M,,,,1678,AUG25,0,40,2004,i
7912714,"Fortas, Brahim",ALG,M,,,,1833,AUG25,0,40,1989,i
7923066,"Gani, Mohand Cherif",ALG,M,,,,1803,AUG25,0,40,1994,i
7938810,"Ganouche, Youcef",ALG,M,,,,1783,AUG25,0,40,1995,
7973780,"Garib, Nezar",ALG,M,,,,1678,AUG25,9,40,1992,
7901690,"Ghafoul, Mohamed Amine",ALG,M,,,,1921,AUG25,0,20,1983,i
7903537,"Ghafoul, Said",ALG,M,,,,1861,AUG25,0,20,1996,i
7902271,"Ghafoul, Zakaria Abdelrahmane",ALG,M,,,,1935,AUG25,0,20,1990,i
7952791,"Ghalem, Camil",ALG,M,,,,1548,AUG25,6,40,2009,
7904029,"Ghanem, Yasmine",ALG,F,,,,1749,AUG25,0,20,1994,wi
7925492,"Ghanem, Youcef",ALG,M,,,,1533,AUG25,0,40,1988,i
7900813,"Ghanou, Tarek",ALG,M,,,,1761,AUG25,0,40,1992,i
7966679,"Ghazi, Mohamed Halim",ALG,M,,,,1427,AUG25,0,40,1995,
7901135,"Ghebache,Nourreddine",ALG,M,,,,2013,AUG25,0,20,1980,i
7912358,"Gherabli, Mohamed",ALG,M,,DI,,1669,AUG25,0,20,2003,
7942729,"Ghettas, Abdelkader",ALG,M,,,,1500,AUG25,0,40,1978,i
7942710,"Ghettas, Walid Remzi",ALG,M,,,,1573,AUG25,0,40,1997,i
7949073,"Ghezali, Amine",ALG,M,,,,1455,AUG25,0,40,2009,i
7963343,"Ghezali, Firaz chihab",ALG,M,,,,1548,AUG25,0,40,2008,
7925166,"Ghezali,Abdelhalim essddik youcef",ALG,M,,,,1734,AUG25,15,20,2006,
7933703,"Ghiaba, Kamal",ALG,M,,,,1599,AUG25,0,40,1991,i
7900821,"Ghimouz, Chakib",ALG,M,,,,1980,AUG25,0,40,1980,i
7936435,"Ghiri , Tarek",ALG,M,,,,1683,AUG25,0,40,1977,
7901976,"Ghlib,Boutouchent",ALG,M,,,,1972,AUG25,0,20,1979,
7944942,"Ghoualmi, Merouane",ALG,M,,,,1507,AUG25,0,40,2000,
7974515,"Ghouti, Yasser",ALG,M,,,,1427,AUG25,0,40,2006,
7928807,"Gouacem,Abdelkader",ALG,M,,,,1592,AUG25,0,40,1965,
7967993,"Gouasmi, Yasser Billal",ALG,M,,,,1462,AUG25,6,40,2012,
7951531,"Gouasmia , Mohamed Anouar",ALG,M,,NA,,1567,AUG25,0,40,1999,i
7921730,"Goudjili, Riadh",ALG,M,,,,1831,AUG25,0,40,1995,i
7974299,"Gouichiche, Chakib",ALG,M,,,,1490,AUG25,0,40,2002,
7925506,"Gourari, Khaled",ALG,M,,,,1842,AUG25,0,40,1993,i
7901305,"Gourari, Moustafa",ALG,M,,,,1983,AUG25,0,20,1988,i
7900732,"Goutali, Tarek",ALG,M,FM,,,2326,AUG25,0,20,1983,i
7975163,"Gouzi, Mahmoud",ALG,M,,,,1525,AUG25,0,40,2002,
7935277,"Guebaili, Abdelkrim",ALG,M,,,,1647,AUG25,0,40,1972,i
7976704,"Guechari, Manil",ALG,M,,,,1517,AUG25,8,40,2009,
7909209,"Gueffal, Abdelmonim",ALG,M,,,,1462,AUG25,0,40,1992,i
7948590,"Guemat, Sofiane",ALG,M,,,,1442,AUG25,6,40,2012,
7907168,"Guenadez, Amina",ALG,F,WFM,WFM,,1703,AUG25,0,20,2000,wi
7908326,"Guenadez,Mohamed Salah Adem",ALG,M,,,,1635,AUG25,0,40,2003,i
7965290,"Guenane, Mehdi",ALG,M,,,,1488,AUG25,0,40,2012,
7930585,"Guenfoud, Mohamed Dhiya Elhaq",ALG,M,,,,1507,AUG25,0,40,2011,
7976577,"Guenifed, Mohamed Abdellah",ALG,M,,,,1577,AUG25,8,40,2009,
7937679,"Guerbas, Chakib",ALG,M,,,,1464,AUG25,0,40,2009,i
7900511,"Gueroui, Nacereddine",ALG,M,,NA,,1883,AUG25,0,20,1969,
7953410,"Guerrache, Mohamed Ayoub",ALG,M,,,,1417,AUG25,0,40,1998,i
7904282,"Guesmia, Khaled",ALG,M,,,,1616,AUG25,0,20,1969,
7908458,"guettiche,Louis",ALG,M,,,,1768,AUG25,0,40,1963,i
7948140,"Guiladress, Kheira Israe",ALG,F,,,,1464,AUG25,0,40,2008,wi
7917554,"Habak, Amayas",ALG,M,,,,1550,AUG25,0,40,2004,i
7943024,"Habes, Meriem Batoul",ALG,F,,,,1614,AUG25,7,40,2010,w
7960026,"Habib, Salah Mounir",ALG,M,,,,1424,AUG25,0,40,2000,i
7928653,"Hachani, Mohamed Salah",ALG,M,,,,1536,AUG25,0,40,1999,i
7912374,"Haciane , Rayane",ALG,M,,,,1650,AUG25,0,40,2001,i
7911211,"Haciane, Lotfi",ALG,M,,,,1852,AUG25,0,40,1999,i
7901933,"Haddad , Oussama",ALG,M,CM,,,2025,AUG25,0,20,1993,i
7908695,"Haddad, Brahim",ALG,M,,,,1892,AUG25,0,40,1960,i
7920784,"Haddad, Salem",ALG,M,,,,1483,AUG25,0,40,1970,i
7916833,"Haddad,Mohamed Riyadh",ALG,M,,,,1749,AUG25,0,40,1989,i
7935951,"Haddadi, Alycia",ALG,F,,,,1504,AUG25,4,40,2008,w
7931859,"Haddadi, Anis",ALG,M,,,,1425,AUG25,0,40,2010,i
7910789,"Haddadi,Mazigh",ALG,M,,,,1662,AUG25,0,40,2001,i
7900660,"Haddouche, Mohamed",ALG,M,GM,FT,,2490,AUG25,0,10,1984,i
7972571,"Hadj Dahou, Ahmed",ALG,M,,,,1441,AUG25,5,40,2009,
7972580,"Hadj Dahou, Mohamed",ALG,M,,,,1478,AUG25,0,40,2009,
7972342,"Hadj Mahammed, Addoune",ALG,M,,,,1554,AUG25,0,40,1986,
7921748,"Hadj Mohamed, Mohamed",ALG,M,,,,1777,AUG25,0,20,1984,i
7942575,"Hadj Said, Bakir",ALG,M,,,,1549,AUG25,0,40,1996,i
7966032,"Hadjadj, Jobrane",ALG,M,,,,1559,AUG25,0,40,1998,
7938284,"Hadjadj, Sebti",ALG,M,,,,1548,AUG25,2,40,1989,
7921756,"Hadjallah, Hadjallah Riadh",ALG,M,,,,AFM,AUG25,1735,8,2002,
7929854,"Hadjoudj, Ahmed Houssem",ALG,M,,,,1479,AUG25,0,40,2004,i
7917295,"Hadjout, Ilyna",ALG,F,,,,1668,AUG25,5,40,2010,w
7931450,"Hafidhi , Mohamed Rachid",ALG,M,,,,1588,AUG25,0,20,1996,i
7975295,"Hafinat, Mohammed Lamine",ALG,M,,,,1689,AUG25,0,40,1987,
7962592,"Halimi, Rami",ALG,M,,,,1677,AUG25,0,40,1998,
7923376,"Hallal, Kamel",ALG,M,,,,1609,AUG25,0,20,1967,
7924887,"Hallal,Tarik",ALG,M,,,,2148,AUG25,0,20,2005,
7960034,"Halloub, Mohamed",ALG,M,,,,1795,AUG25,0,40,1993,i
7928211,"Halmouche, Chikh",ALG,M,,,,1512,AUG25,0,40,1987,i
7957378,"Hamadache, Ghilas",ALG,M,,,,1428,AUG25,0,40,2001,i
7937709,"Hamadi, Mabrouk",ALG,M,,,,1527,AUG25,0,40,1986,
7904037,"Hamadou, Chaima",ALG,F,,,,1506,AUG25,0,40,1999,wi
7962126,"Hamdad, Abdelkader",ALG,M,,,,1512,AUG25,0,40,1975,
7903820,"Hamdan, Abderahmane El Hadi",ALG,M,,,,1990,AUG25,0,20,1986,i
7958080,"Hamdani, Salim",ALG,M,,,,1521,AUG25,0,40,2002,i
7931280,"Hamdi , Madani Abdelrahmane",ALG,M,,,,1446,AUG25,0,40,2005,i
7931298,"Hamdi, Aymen Mahmoud",ALG,M,,,,1438,AUG25,0,40,2005,i
7908334,"Hamdi, Yacine",ALG,M,,,,1547,AUG25,0,40,1995,
7975171,"Hamdouni, Kouider",ALG,M,,,,1583,AUG25,3,40,1972,
7975180,"Hamia, Adem",ALG,M,,,,1594,AUG25,0,40,1997,
7918488,"Hamida, Cheref",ALG,M,,,,1791,AUG25,0,40,1985,i
7971117,"Hamidi, Brahim Elkhalil",ALG,M,,,,1648,AUG25,0,40,1988,
7937300,"Hamidouche, Chawki",ALG,M,,,,1560,AUG25,0,40,1990,i
7903235,"Hamira, Abdelatif",ALG,M,,,,1918,AUG25,0,20,1988,
7953437,"Hamisse, Mohamed Younes",ALG,M,,,,1478,AUG25,0,40,2012,i
7953445,"Hamisse, Mustapha Khalil",ALG,M,,,,1613,AUG25,0,40,1981,i
7904304,"Hamiti, Mohamed",ALG,M,,,,1913,AUG25,0,40,1995,i
7972997,"Hamitouche, Abdelhalim",ALG,M,,,,1641,AUG25,0,40,2003,
7902280,"Hamla, Nabil",ALG,M,,,,1747,AUG25,0,20,1949,i
7902824,"Hamlaoui, Asma",ALG,F,WFM,WFM,,1796,AUG25,0,20,1997,wi
7903065,"Hamlaoui, Youcef",ALG,M,,,,1659,AUG25,0,40,1960,
7952813,"Hammada, Ahmed Wadjih",ALG,M,,,,1527,AUG25,0,40,2008,
7900180,"Hammadi, Djamel",ALG,M,,,,2030,AUG25,0,20,1971,
7920202,"Hammadi, Mehdi",ALG,M,,,,1684,AUG25,9,40,2007,
7920210,"Hammadi, Rayane",ALG,M,,,,1758,AUG25,7,40,2008,
7901020,"Hamou Lhadj, Fouad",ALG,M,,,,2106,AUG25,0,20,1980,i
7905025,"Hamouche, Kahina",ALG,F,,NA,,1570,AUG25,0,20,1985,w
7908954,"Hamoud, Mohamed",ALG,M,,,,1896,AUG25,0,40,1963,i
7913168,"Hamoudi, Ahmed",ALG,M,,,,1918,AUG25,0,20,1989,i
7923074,"Hamoudi, Nedjmeddine",ALG,M,,,,1868,AUG25,0,20,1991,i
7922876,"Hamoudi,Chaker",ALG,M,,,,1803,AUG25,0,40,1998,i
7905874,"Hamoum, Abdelhalim",ALG,M,,FA,,1732,AUG25,0,20,2002,
7911122,"Hamoum,Rafik",ALG,M,,,,1758,AUG25,0,40,1996,i
7901160,"Hamza, Amira",ALG,F,WIM,WIM,,1875,AUG25,0,20,1991,wi
7960050,"Hamza, Imed",ALG,M,,,,1584,AUG25,6,40,2009,
7968795,"Hanache, Asma",ALG,F,,,,1403,AUG25,0,40,2016,w
7942583,"Hanachi, Abderahmane",ALG,M,,,,1845,AUG25,9,40,2012,
7900805,"Hanchour, Baroudi",ALG,M,,,,2193,AUG25,0,20,1971,
7945698,"Hanchour, Farid",ALG,M,,,,1720,AUG25,0,40,1988,i
7900082,"Hannoun, Noureddine",ALG,M,CM,,,2240,AUG25,0,40,1967,i
7965320,"Hansali, Ibrahim KHALIL",ALG,M,,,,1673,AUG25,8,40,2008,
7931905,"Hara, Yasser",ALG,M,,,,1541,AUG25,0,40,2003,i
7902298,"Harbouche, Samir",ALG,M,,,,1817,AUG25,0,40,1971,i
7905190,"Harichane, Bassem",ALG,M,,,,1808,AUG25,0,20,1982,i
7958315,"Harkat, Abdessamed",ALG,M,,,,1631,AUG25,0,40,2006,
7968019,"Hasrane, Mouloud",ALG,M,,,,1632,AUG25,0,40,2005,
7924577,"Hassad,Badri",ALG,M,,NA,,1599,AUG25,0,40,1980,
7929862,"Hassaine, Aziz",ALG,M,,,,1659,AUG25,0,40,1986,i
7917066,"Hasseine,Djaber",ALG,M,,,,1840,AUG25,0,40,1991,i
7965338,"Hasssounat, Adnane",ALG,M,,,,1655,AUG25,0,40,2002,
7908342,"Hazem, Ouijdene Rayene",ALG,F,,,,1628,AUG25,0,20,2005,w
7955189,"Hazzab, Anas",ALG,M,,,,1554,AUG25,0,40,2003,i
7947020,"Hebbaz, Diaa Eddine",ALG,M,,,,1576,AUG25,0,40,1998,
7930658,"Hellab, Chaher",ALG,M,,,,1437,AUG25,0,40,2005,i
7900171,"Henni, Mohamed",ALG,M,IM,,,2215,AUG25,0,20,1977,i
7936460,"Hidjazi, Abderrahmane",ALG,M,,,,1576,AUG25,0,40,1992,i
7924186,"Himeur, Karim",ALG,M,,,,1674,AUG25,0,40,1976,
7916132,"Hmamed, Oussama",ALG,M,,,,1708,AUG25,0,40,1997,i
7955979,"Hoggas, Azzeddine",ALG,M,,,,1697,AUG25,0,40,1992,
7945264,"Houichi, Assaad",ALG,M,,,,1582,AUG25,0,40,2003,i
7900724,"Houli, Asma",ALG,F,WFM,WFM,,2083,AUG25,0,20,1976,wi
7919077,"Hounani, Otmane",ALG,M,,,,1474,AUG25,0,40,1984,i
7938772,"Houria, Mohamed Seghir",ALG,M,,,,1446,AUG25,0,40,2000,
7900619,"Houssem-Eddine, Daas",ALG,M,,,,2117,AUG25,0,40,1980,i
7964021,"Ibaazizen, Sofiane",ALG,M,,,,1500,AUG25,0,40,2013,i
7905009,"Ibbou, Schahinez",ALG,F,,,,1605,AUG25,0,20,2000,wi
7903545,"Iboud, Samir",ALG,M,,,,1881,AUG25,1,20,1975,
7916990,"Ibrahim Ben Kaddour , Ben Belkacem",ALG,M,,,,1744,AUG25,0,40,1986,i
7905904,"Idir, Omar",ALG,M,,,,1723,AUG25,0,20,2002,i
7932405,"Idjakirene, Yanis",ALG,M,,,,1521,AUG25,0,40,2007,i
7910100,"Idjeri, Yanis",ALG,M,,,,1995,AUG25,0,20,1991,i
7970765,"Iftissen, Messipsa",ALG,M,,,,1481,AUG25,0,40,2006,i
7919832,"Ighil, Brahim",ALG,M,,,,1536,AUG25,0,40,2006,i
7965010,"Ighil, Yahia Abderraouf",ALG,M,,,,1513,AUG25,0,40,2010,i
7933819,"Igoucimane, Salima",ALG,F,,,,1444,AUG25,0,40,2007,wi
7926340,"Igoucimen, Salima",ALG,F,,,,1427,AUG25,0,40,2007,w
7924941,"Ikhlef, Houssam Karim",ALG,M,,,,1428,AUG25,0,40,2004,i
7910819,"Ikhlef, Mahmoud",ALG,M,,,,1499,AUG25,0,40,2005,i
7960085,"Ikhlef, Rabah Nassim",ALG,M,,,,1620,AUG25,0,40,1989,
7971958,"Ilias, Belhadj",ALG,M,,,,1670,AUG25,2,40,1974,
7948611,"Imadali, Maya",ALG,F,,,,1426,AUG25,0,40,2009,w
7945370,"Imestouren, Azwaw",ALG,M,,,,1515,AUG25,0,40,2009,i
7902301,"Ioualalen, Lotfi",ALG,M,,SI,,2161,AUG25,0,20,1980,i
7949316,"Iskounen, Kenane",ALG,M,,,,1473,AUG25,6,40,2013,
7949294,"Iskounen, Tinhinane",ALG,F,,,,1619,AUG25,4,40,2011,w
7949308,"Iskounen, Yani",ALG,M,,,,1415,AUG25,6,40,2013,
7905920,"Ismail, Assia",ALG,F,,,,1642,AUG25,0,40,1995,wi
7971680,"Izourari, Mehdi",ALG,M,,,,1460,AUG25,5,40,2011,
7914822,"Kaaka, Maria",ALG,F,,,,1491,AUG25,0,40,2003,wi
7900147,"Kabli, Med Amine",ALG,M,CM,,,2235,AUG25,0,20,1967,i
7908105,"Kacem, Abdelkader",ALG,M,,,,1843,AUG25,0,20,2005,
7907575,"Kacem, Mohamed",ALG,M,,,,1705,AUG25,0,40,1999,i
7954786,"Kacha, Wail",ALG,M,,,,1648,AUG25,0,40,2008,
7945272,"Kaci, Yasser Abdeldjallil",ALG,M,,,,1572,AUG25,0,20,2006,
7969678,"Kadari, Mouataz Abdeljalil",ALG,M,,,,1489,AUG25,0,40,2004,
7932910,"Kadded, Oussama",ALG,M,,,,1566,AUG25,0,40,1990,i
7917333,"Kadem, Hiba",ALG,F,,,,1406,AUG25,0,40,2008,wi
7931921,"Kadem, Ilyas",ALG,M,,,,1428,AUG25,0,40,2010,i
7901127,"Kadi, Mohamed El Mouldi",ALG,M,,,,2105,AUG25,0,20,1979,
7965141,"Kadiri, Anes",ALG,M,,,,1490,AUG25,0,40,2008,
7904320,"Kadiri, Mustapha Kamel",ALG,M,,,,1916,AUG25,0,20,1972,
7954956,"Kadri, Massinissa",ALG,M,,,,1576,AUG25,0,40,1997,i
7949057,"Kahlaoui, Mohamed Abdejlebbar",ALG,M,,,,1425,AUG25,4,40,2008,
7900350,"Kahlouch, Mustapha Badis",ALG,M,CM,,,2215,AUG25,0,40,0,i
7937113,"Kahloul, Ishak",ALG,M,,,,1637,AUG25,5,40,2010,
7937130,"Kahloul, Yasser",ALG,M,,,,1509,AUG25,5,40,2006,
7902689,"Kahmane, Toufik",ALG,M,,,,1894,AUG25,0,20,1981,i
7918097,"Kamal Eddine,Mohamed",ALG,M,,,,1608,AUG25,0,40,1980,i
7940610,"Kasdi, Abd Elaziz",ALG,M,,,,1501,AUG25,0,40,1986,i
7952937,"Kashi, Sarah",ALG,F,,,,1497,AUG25,14,40,2005,w
7931948,"Kasmi, Abdel-Amine",ALG,M,,,,1568,AUG25,0,40,1994,
7901925,"Kasri , Tarek",ALG,M,,,,2018,AUG25,0,40,1987,i
7929200,"Kassa, Redouane",ALG,M,,,,1702,AUG25,0,40,1979,i
7913745,"Kati, Imene",ALG,F,WCM,WCM,,1447,AUG25,0,40,2007,wi
7949863,"Kazi Tani, Abderahmane",ALG,M,,,,1599,AUG25,0,40,2005,
7965150,"Kebiche, Mohamed",ALG,M,,,,1510,AUG25,9,40,2008,
7917350,"Kebouche, Amine",ALG,M,,,,1464,AUG25,0,40,2000,i
7970919,"Kechacha, Othmane",ALG,M,,,,1480,AUG25,0,40,2005,
7936478,"Kechai , Farouk",ALG,M,,,,1614,AUG25,0,40,1982,i
7920814,"Kechat, Farouk",ALG,M,,,,1601,AUG25,0,40,1982,
7937504,"Kedadouche, Ciliane",ALG,M,,,,1751,AUG25,5,40,2009,
7960565,"Keddah, Aya",ALG,F,,,,1552,AUG25,6,40,2013,w
7936079,"Kemacha, Wassim",ALG,M,,,,1571,AUG25,8,40,2008,
7915284,"Kendi, Hiba Yamina",ALG,F,,,,1536,AUG25,0,40,2004,wi
7917937,"Kendi, Maher",ALG,M,,,,1578,AUG25,0,40,2008,i
7904339,"Kendi, Sid Ali",ALG,M,,,,1919,AUG25,0,40,1976,i
7946627,"Kerkache, Nabil",ALG,M,,,,1642,AUG25,0,40,1992,i
7920237,"Kerkar, Essaid",ALG,M,,,,1544,AUG25,0,40,2007,i
7949332,"Kerkar, Ilane Nabil",ALG,M,,,,1426,AUG25,1,40,2015,
7926413,"Kerkar, Lyes",ALG,M,,,,1492,AUG25,0,40,2009,i
7943342,"Keroumi, Benamar",ALG,M,,,,1455,AUG25,0,40,1971,i
7955774,"Kerrout, Farid",ALG,M,,,,1581,AUG25,0,40,1994,
7946210,"Kesri, Chouki",ALG,M,,,,1600,AUG25,0,40,1993,i
7906463,"Kesri, Mohamed elghazali",ALG,M,,,,1688,AUG25,0,40,1966,
7924461,"Ketfi Cherif, Bouzid",ALG,M,,,,1740,AUG25,0,40,1966,i
7901046,"Khair, Adem",ALG,M,,,,2124,AUG25,0,20,1977,i
7907583,"Khaldi,Houcine",ALG,M,,,,1662,AUG25,0,40,2000,i
7965168,"Khaldoun, Sina Aghiles",ALG,M,,,,1407,AUG25,4,40,2009,
7901143,"Khaled, Rabia",ALG,F,WIM,WIM,,2027,AUG25,0,40,1979,wi
7901984,"Khalef,Laadel",ALG,M,,,,1974,AUG25,0,20,1974,i
7964498,"Khaouni, Assam",ALG,M,,,,1778,AUG25,0,40,1999,
7908717,"Kharif, Hafid",ALG,M,,,,1849,AUG25,0,40,1964,i
7923422,"Khedim, Karim",ALG,M,,,,1638,AUG25,0,40,1974,i
7952384,"Khefif, Mohamed",ALG,M,,,,1634,AUG25,0,40,1974,
7943113,"Khelfallah , Ikhlas",ALG,F,,,,1550,AUG25,2,40,2015,w
7900988,"Khelfallah, Omar Badreddine",ALG,M,CM,FT,,2159,AUG25,0,20,1982,i
7910843,"Khelladi, Elias",ALG,M,,,,1431,AUG25,0,20,2006,i
7942770,"Khellaf, Abdelkrim",ALG,M,,,,1718,AUG25,0,40,1982,
7935471,"Khemissi, Mourad",ALG,M,,,,1673,AUG25,0,40,1989,
7900287,"Khemoudj, Faycel",ALG,M,,,,2110,AUG25,0,20,1977,i
7974353,"Khene, Abdelhadi",ALG,M,,,,1678,AUG25,7,40,2006,
7902310,"Khennous, Fares",ALG,M,,,,2066,AUG25,0,20,1990,
7957505,"Khennous, Hemana",ALG,M,,,,1404,AUG25,0,40,1990,
7957408,"Khennous, Kassa",ALG,M,,,,1473,AUG25,0,40,1996,
7931344,"Kherat, Abdelrahmane",ALG,M,,,,1448,AUG25,0,40,2001,i
7903561,"Kherbache, Mouloud",ALG,M,,,,1917,AUG25,0,40,1982,i
7918607,"Khermane , Amazigh",ALG,M,,,,1509,AUG25,0,40,2004,i
7966466,"Khernane, Abdelmoughith",ALG,M,,,,1527,AUG25,0,40,1999,
7930852,"Kherrat, Abderrahmane",ALG,M,,,,1494,AUG25,0,40,2007,i
7908350,"Khetabi, Radi",ALG,M,,,,1702,AUG25,0,20,2001,i
7909225,"Khial, Mohamed Saleh Eddine",ALG,M,,,,1943,AUG25,0,40,1990,
7942257,"Khider, Amilia",ALG,F,,,,1597,AUG25,4,40,2012,w
7957483,"Khider, Ania",ALG,F,,,,1506,AUG25,0,40,2016,w
7944870,"Khilouf, Rima",ALG,F,,,,1484,AUG25,4,40,2008,w
7944888,"Khilouf, Salim",ALG,M,,,,1576,AUG25,9,40,2014,
7920245,"Khiri, Lounis",ALG,M,,,,1555,AUG25,0,40,1999,i
7970927,"Khoualdia, Aissam",ALG,M,,,,1615,AUG25,0,40,1980,
7962606,"Khoucha, Nedjm Eddine",ALG,M,,,,1703,AUG25,0,40,1998,
7910851,"Khoulalene, Lilia",ALG,F,WCM,WCM,,1563,AUG25,0,40,2004,wi
7943857,"Kilardj, Abdelouakil",ALG,M,,,,1435,AUG25,5,40,2011,
7951906,"Kilardj, Zaki",ALG,M,,,,1491,AUG25,2,40,2013,
7952597,"Kissoum, Rayan",ALG,M,,,,1456,AUG25,2,40,2009,
7916191,"Kotni, Aboubaker",ALG,M,,,,1511,AUG25,0,40,1993,i
7971273,"Kouachi, Abdeldjalil",ALG,M,,,,1675,AUG25,0,40,2006,
7913931,"Kouloughli,Abdelkarim",ALG,M,,,,1663,AUG25,0,20,2001,i
7909390,"Kouyane, Mohamed",ALG,M,,,,1816,AUG25,0,40,0,i
7911700,"Labassi, Mustapha",ALG,M,,,,1756,AUG25,0,40,1965,
7946244,"Labiad, Mohamed Radhouane",ALG,M,,,,1576,AUG25,0,40,1997,i
7954093,"Lachache, Mohamed",ALG,M,,,,1708,AUG25,0,40,1996,
7968027,"Lachi, Mohamed Amine",ALG,M,,,,1533,AUG25,6,40,2006,
7900597,"Laga, Samir",ALG,M,,,,2069,AUG25,0,40,1979,i
7912447,"Lagab, Lina",ALG,F,WCM,WCM,,1801,AUG25,0,40,2007,w
7954980,"Lahbib , Sifeddine",ALG,M,,,,1464,AUG25,0,40,1991,i
7908741,"Lahmar, Cherif",ALG,M,,,,1622,AUG25,0,40,1954,i
7963092,"Lahrech, Samy",ALG,M,,,,1492,AUG25,0,40,2000,i
7909012,"Lahreche, Hassen",ALG,M,,,,1905,AUG25,0,40,1997,i
7932294,"Laib, Brahim",ALG,M,,,,1692,AUG25,0,40,1992,
7954450,"Laiche, Ahmed Ilias",ALG,M,,,,1740,AUG25,0,40,2002,
7966474,"Lakhlef, Sara",ALG,F,,,,1598,AUG25,0,40,2005,w
7908865,"Lalam,Rayane",ALG,M,,,,1832,AUG25,0,20,2005,i
7900481,"Lalaoui, Feriel",ALG,F,WFM,WFM,,1719,AUG25,0,20,1995,wi
7901712,"Lalmi, Anouar",ALG,M,,,,1993,AUG25,0,40,1983,i
7907125,"Lalouani, Mokhtar",ALG,M,,,,1927,AUG25,0,20,1979,i
7919735,"Lama, Ahmed",ALG,M,,,,1672,AUG25,0,40,1948,i
7929226,"Lamara, Abdennour",ALG,M,,,,1569,AUG25,0,40,1988,i
7932634,"Lamri, Tarek",ALG,M,,,,1987,AUG25,9,40,2009,
7957394,"Lamriben, Yani",ALG,M,,,,1432,AUG25,0,40,2010,i
7900490,"Lamrous, Djamel",ALG,M,,,,2180,AUG25,0,40,1972,i
7904363,"Laouedj, Benamer",ALG,M,,NA,,1737,AUG25,0,40,1977,i
7956398,"Lardjani, Haroun",ALG,M,,,,1401,AUG25,0,40,2015,
7903570,"Lardjani, Slimane",ALG,M,,,,1900,AUG25,0,20,1971,i
7948190,"Laribi, Malik",ALG,M,,,,1634,AUG25,6,40,2010,
7955871,"Laroussi , Mohammed",ALG,M,,,,1497,AUG25,0,40,1992,i
7902328,"Lassaci , Mhamed",ALG,M,,,,1688,AUG25,0,40,1963,
7957823,"Lassoui, Mouatez",ALG,M,,,,1402,AUG25,0,40,2007,i
7901780,"Latreche, Khadidja",ALG,F,WIM,WIM,"SI,FI,NA",1943,AUG25,0,20,1990,wi
7901798,"Latreche, Sabrina",ALG,F,WIM,WIM,,1984,AUG25,0,20,1993,w
7912463,"Leffad , Samy",ALG,M,FM,,,2028,AUG25,0,20,2002,
7901992,"Lekhchine , Riad",ALG,M,,FA,,1977,AUG25,0,20,1978,i
7930615,"Lemaadi, Mouslim Zakaria",ALG,M,,,,1630,AUG25,0,40,1990,i
7946791,"Louahem Msabah, Mohamed Akram",ALG,M,,,,1653,AUG25,0,40,1999,
7905076,"Lounadi,Ahlem",ALG,F,,,,1636,AUG25,0,20,1997,wi
7965540,"Louni, Abdelhadi",ALG,M,,,,1438,AUG25,6,40,2014,
7937180,"Lousdad, Kheireddine",ALG,M,,,,1837,AUG25,0,40,1963,i
7946880,"Maafa, Ahmed",ALG,M,,,,1506,AUG25,0,40,1999,
7907915,"Maakni, Assia",ALG,F,WFM,WFM,,1750,AUG25,0,20,2000,wi
7965346,"Mabrouki, Djamel Eddine",ALG,M,,,,1754,AUG25,0,20,1996,
7928289,"Madaci, Mohamed",ALG,M,,,,1611,AUG25,0,40,1968,i
7918119,"Madassi, Mohamed",ALG,M,,,,1768,AUG25,0,40,1968,i
7923449,"Maghraoui, Sofiane",ALG,M,,,,1510,AUG25,6,40,1984,
7944950,"Mahboub, Ibrahim",ALG,M,,,,1465,AUG25,0,40,2004,i
7909926,"Mahdeb, Leatitia",ALG,F,,,,1493,AUG25,0,20,2003,wi
7910860,"Mahdi, Billel",ALG,M,,,,1561,AUG25,0,20,2005,i
7956002,"Mahfoudia, Abd Lazize",ALG,M,,,,1494,AUG25,0,40,1998,i
7902697,"Mahfouf,El Hachemi",ALG,M,,,,1781,AUG25,0,40,1965,
7976615,"Mahieddine, Wassim Tayeb",ALG,M,,,,1461,AUG25,6,40,2003,
7908121,"Mahieddine,Abdallah",ALG,M,,,,1726,AUG25,0,20,1996,
7927231,"Mairi, Anis",ALG,M,,,,1829,AUG25,8,20,1996,
7961545,"Makhlouf, Mohamed Yacine",ALG,M,,,,1752,AUG25,7,40,2008,
7939272,"Makhzoum, Mohamed Amine",ALG,M,,,,1806,AUG25,0,20,2004,
7966776,"Maksene, Hichem",ALG,M,,,,1524,AUG25,0,40,2000,
7946805,"Mallem, Salah Eddine",ALG,M,,,,1526,AUG25,0,40,1998,i
7913222,"Mammeri , Yakine",ALG,M,,,,1499,AUG25,0,40,2004,i
7909900,"Mammeri, Doha",ALG,F,,,,1402,AUG25,0,40,2006,wi
7902344,"Mammeri, Fouad",ALG,M,,,,1976,AUG25,0,20,1991,
7909918,"Mammeri, Inssaf",ALG,F,,,,1603,AUG25,0,20,2002,wi
7900627,"Mammeri, Md. Amine",ALG,M,,,,2021,AUG25,0,20,1981,
7902352,"Mani, Yahia",ALG,M,,,,1687,AUG25,0,20,1963,
7917945,"Mansoura, Redouane",ALG,M,,,,1519,AUG25,0,40,1980,i
7911246,"Maouche , Nore ddine",ALG,M,,,,1522,AUG25,0,40,1999,i
7900929,"Maouchi, Amina",ALG,F,WIM,WIM,,1823,AUG25,0,20,1999,wi
7910878,"Maouchi, Sid Ahmed",ALG,M,,,,1605,AUG25,0,20,2006,i
7970706,"Marah, Hichem",ALG,M,,,,1618,AUG25,6,40,2005,
7914504,"Mayouf, Nadir",ALG,M,,,,1644,AUG25,0,40,1963,
7905980,"Mazighi, Houssam",ALG,M,,,,1750,AUG25,0,40,1996,i
7913559,"Mazighi, Mossaab",ALG,M,,,,1709,AUG25,0,40,2000,i
7902360,"Mazouz, Louiza",ALG,F,,,,1777,AUG25,0,20,1988,wi
7944160,"Mazouz, Mohamed Zakaria",ALG,M,,,,1416,AUG25,0,40,2016,
7943482,"Mazouz, Nesrine",ALG,F,,,,1601,AUG25,0,40,2009,w
7943490,"Mazouz, Nouha",ALG,F,,,,1671,AUG25,0,40,2008,w
7940092,"Mazouzi, Tayeb",ALG,M,,,,1663,AUG25,0,40,1972,i
7936311,"Mebani, Yacine",ALG,M,,,,1730,AUG25,10,20,1996,
7953500,"Mebarka, Houssem",ALG,M,,,,1558,AUG25,0,40,2003,i
7962509,"Mebarki, Benziane",ALG,M,,,,1503,AUG25,0,40,1971,i
7911297,"Mechab , Salim",ALG,M,,,,1856,AUG25,0,40,1978,i
7967195,"Mechri, Amine",ALG,M,,,,1442,AUG25,0,40,1987,
7901070,"Meddah, Noureddine",ALG,M,,,,2163,AUG25,0,20,1981,i
7925549,"Meddahi, Abderezzak",ALG,M,,,,1551,AUG25,0,40,1988,i
7951221,"Meddour, Amine",ALG,M,,,,1655,AUG25,10,40,2012,
7938713,"Meddour, Massinissa",ALG,M,,,,1475,AUG25,0,40,1997,i
7901496,"Medjkouh, Said",ALG,M,CM,,,2051,AUG25,0,20,1994,i
7969112,"Meftah, Idriss",ALG,M,,,,1428,AUG25,4,40,2015,
7942206,"Megaache, Abdelmoutaleb",ALG,M,,,,1683,AUG25,0,40,1995,i
7902867,"Meghara, Lylia",ALG,F,WFM,WFM,,1797,AUG25,0,20,1993,wi
7907427,"Megharbi, Radouane",ALG,M,,,,1554,AUG25,0,40,2004,i
7900198,"Mehaibia, Azeddine",ALG,M,,,,2037,AUG25,0,20,1961,
7918348,"Mehalli, Nassim",ALG,M,,,,1651,AUG25,0,40,1995,i
7902000,"Mehdi , Mohamed Badreddine",ALG,M,,,,1819,AUG25,0,40,1980,i
7940432,"Mehdi, Abd El Hadi",ALG,M,,,,1536,AUG25,0,40,2006,i
7917376,"Mehdi, Billal",ALG,M,,,,1642,AUG25,0,20,2006,i
7946023,"Mehdi, Mohamed",ALG,M,,,,1431,AUG25,0,40,1988,i
7962614,"Mehira, Abderrahmane",ALG,M,,,,1751,AUG25,13,20,2005,
7946287,"Mekaddem, Said",ALG,M,,,,1620,AUG25,0,40,1986,
7971133,"Mekerbi, Mohamed",ALG,M,,,,1673,AUG25,0,40,1985,
7917953,"Mekhfi, Reda",ALG,M,,,,1589,AUG25,0,40,1975,
7954476,"Mekhzer, Ramy",ALG,M,,,,1577,AUG25,0,40,2004,
7914512,"Mellah, Mohamed",ALG,M,,FA,,1956,AUG25,0,20,1993,
7913966,"Mellal, Ahmed",ALG,M,,,,1591,AUG25,0,40,1993,
7937210,"Menad, Touati",ALG,M,,,,1629,AUG25,0,40,1972,i
7966628,"Menia, Yacine",ALG,M,,,,1442,AUG25,5,40,2015,
7938993,"Mennad, Afif",ALG,M,,,,1544,AUG25,0,40,2005,i
7939000,"Mennad, Aymen",ALG,M,,,,1415,AUG25,0,40,2007,i
7903243,"Menouar, Elhadi",ALG,M,,,,1677,AUG25,0,20,1973,
7911718,"Mensouri, Hocine",ALG,M,,,,1921,AUG25,0,40,1975,i
7965311,"Merad, Ayoub",ALG,M,,,,1514,AUG25,0,40,2010,
7958226,"Merad, Kaissa",ALG,F,,,,1581,AUG25,0,40,2006,w
7913567,"Merad, Koceila",ALG,M,,,,1485,AUG25,0,40,2000,i
7932928,"Merad, Nabil",ALG,M,,,,1843,AUG25,0,40,1987,i
7907605,"Merbouhi, Wail",ALG,M,,,,1814,AUG25,0,20,1999,i
7927690,"Merdaci, Sebti",ALG,M,,,,1762,AUG25,0,40,1964,
7951248,"Mersel, Houda",ALG,F,,,,1428,AUG25,0,40,2012,w
7923899,"Merzoug, Saad",ALG,M,,,,1776,AUG25,0,40,1973,i
7972695,"Merzouk, Rayan",ALG,M,,,,1562,AUG25,0,40,2003,
7906935,"Mesmoudi, Ahmed",ALG,M,,,,1711,AUG25,0,20,1971,i
7911963,"Mesmoudi, Islam",ALG,M,,,,1486,AUG25,0,40,2007,i
7907478,"Mesmoudi, Kouider",ALG,M,,,,1905,AUG25,0,40,0,i
7925190,"Mesmoudi, Mohamed Rayane",ALG,M,,,,1594,AUG25,12,40,2011,
7906943,"Mesmoudi, Nadir",ALG,M,,,,1723,AUG25,0,20,2001,i
7969210,"Mesmoudi, Wassim",ALG,M,,,,1440,AUG25,2,40,2015,
7907281,"Mesmoudi, Yasser",ALG,M,,,,1870,AUG25,0,40,1994,i
7928831,"Mesmoudi,Nada Errayhane",ALG,F,,,,1520,AUG25,0,40,2008,w
7918682,"Messadi, Nassima",ALG,F,,,,1495,AUG25,0,40,1991,wi
7918283,"Messaoudi , Rami",ALG,M,,,,1680,AUG25,7,20,1984,
7903251,"Messaoudi, Elhadi",ALG,M,,,,1824,AUG25,0,20,1976,
7959591,"Messaoudi, Mohamed Elhaoues",ALG,M,,,,1562,AUG25,11,40,2016,
7975090,"Messaoudi, Oussama",ALG,M,,,,1602,AUG25,0,40,1997,
7913052,"Messaoudi, Racim",ALG,M,,,,1650,AUG25,7,20,2005,
7905084,"Messaoui,Amira",ALG,F,,,,1705,AUG25,0,20,1997,wi
7945299,"Messelleka, Yasser",ALG,M,,,,1844,AUG25,0,20,2005,i
7912030,"Metali, Nasreddine",ALG,M,,,,1913,AUG25,9,20,1965,
7906013,"Metaoui, Sofiane",ALG,M,,,,1537,AUG25,0,40,1968,i
7942761,"Meziane,Amir Khaled",ALG,M,,,,1675,AUG25,0,40,1992,
7900970,"Mezioud, Amina",ALG,F,WGM,WGM,,2020,AUG25,0,20,1988,wi
7901615,"Mezioud, Rimel",ALG,M,,,,2060,AUG25,0,20,1985,i
7901801,"Mihoubi, Saad",ALG,M,,,,1914,AUG25,0,20,1975,
7916868,"Miloudi,Badis",ALG,M,,,,1894,AUG25,0,40,1982,i
7963378,"Miri, Mohamad Walled",ALG,M,,,,1483,AUG25,4,40,2005,
7963386,"Miri, Mohamad Weaam",ALG,M,,,,1505,AUG25,4,40,2005,
7919085,"Missoum, Ahmed",ALG,M,,,,1858,AUG25,0,40,1981,i
7901909,"Mohammedi , Hichem",ALG,M,,,,2059,AUG25,0,40,1983,i
7939019,"Mokdad, Rabah",ALG,M,,,,1435,AUG25,0,40,2012,i
7909578,"Mokhebi, Kamel",ALG,M,,,,1774,AUG25,0,40,1991,i
7948654,"Mokhnache, Redda",ALG,M,,,,1454,AUG25,6,40,2010,
7923473,"Mokhtar, Fathi",ALG,M,,,,1498,AUG25,0,40,1977,
7937660,"Mokhtar, Soumia",ALG,F,,,,1422,AUG25,0,40,2009,w
7931514,"Mokhtari , Abderrahmane",ALG,M,,,,1586,AUG25,0,40,2003,
7916710,"Mokhtari , Tarik",ALG,M,,,,1856,AUG25,0,20,1987,i
7937237,"Mokhtari, Anes Nedjmeddine",ALG,M,,,,1555,AUG25,0,40,2003,i
7965753,"Mokhtari, Oualid Idris",ALG,M,,,,1544,AUG25,0,40,2004,i
7946295,"Mordjani, Mohamed El Amine",ALG,M,,,,1677,AUG25,8,40,2014,
7901895,"Mostaine Boucetta,Brahim",ALG,M,,,,1701,AUG25,4,20,1954,
7903855,"Moudjed, Hamza",ALG,M,,,,1801,AUG25,0,40,1989,i
7902018,"Moueden, Mohamed Amine",ALG,M,,,,1948,AUG25,0,20,1981,i
7901097,"Moulay, Mehdi",ALG,M,CM,,,1951,AUG25,9,20,1985,
7907184,"Moumeni, Sofiane",ALG,M,,,,1609,AUG25,0,40,1973,
7936508,"Mousli , Mehdi Zakarya",ALG,M,,,,1577,AUG25,0,40,1990,i
7904100,"Mousli,Hadjer",ALG,F,,,,1481,AUG25,0,40,1999,wi
7930879,"Moussa, Zakaria Abdel Ouafi",ALG,M,,,,1459,AUG25,0,40,2007,i
7973047,"Moussaoui, Elmehdi",ALG,M,,,,1683,AUG25,0,40,2004,
7921519,"Moussaoui,Farid",ALG,M,,,,1804,AUG25,0,40,1967,
7921802,"Mouzai, Hadil",ALG,F,,,,1416,AUG25,0,40,2005,wi
7917392,"Mouzaoui,Dalia",ALG,F,,,,1436,AUG25,0,40,2007,w
7938845,"Naaman, Lahcen",ALG,M,,,,1919,AUG25,0,40,1976,i
7952619,"Nabi, Mohamed",ALG,M,,,,1427,AUG25,0,40,2010,
7903863,"Nacer,Abdelkrim",ALG,M,,,,1790,AUG25,0,40,1967,i
7901445,"Nacer,Mohamed Arezki",ALG,M,CM,,,1889,AUG25,0,20,1999,i
7956630,"Nadji, Houari",ALG,M,,,,1529,AUG25,0,40,1997,i
7931522,"Naimi, Takieddine",ALG,M,,,,1447,AUG25,0,40,1995,i
7964030,"Nait Amara, Ayane",ALG,M,,,,1474,AUG25,0,40,2012,i
7937539,"Nait Salem, Elina",ALG,F,,,,1507,AUG25,9,40,2011,w
7962878,"Nasri, Anes",ALG,M,,,,1616,AUG25,5,40,2006,
7906021,"Nasri, Hanane",ALG,F,,,,1555,AUG25,0,40,2002,wi
7904860,"Nassr, Ahmed",ALG,M,IM,,,2153,AUG25,7,20,1999,
7900520,"Nassr, Ali",ALG,M,IM,,,2284,AUG25,0,20,1996,
7908075,"Nassr, Lina",ALG,F,WIM,WIM,,2060,AUG25,2,20,2003,w
7911696,"Nassr, Manel",ALG,F,WCM,WCM,,1743,AUG25,0,20,2006,w
7900163,"Nassr, Nacer",ALG,M,,,,1998,AUG25,0,20,1967,i
7901461,"Nassr, Rania",ALG,F,WFM,WFM,,1895,AUG25,0,20,2002,w
7920296,"Nassr,Ryma",ALG,F,WCM,WCM,,1899,AUG25,0,40,2009,w
7975198,"Nateche, Younes",ALG,M,,,,1477,AUG25,0,40,2010,
7965680,"Nebri, Mohamed Amine",ALG,M,,,,1644,AUG25,0,40,2008,
7920300,"Nedjaa, Mustapha",ALG,M,,,,1692,AUG25,0,40,1978,i
7971290,"Nefissi, Mohamed Youcef",ALG,M,,,,1699,AUG25,0,40,2005,
7904878,"Neggazi, Youcef",ALG,M,,,,1923,AUG25,0,40,1996,i
7966571,"Nezlioui, Iyed",ALG,M,,,,1540,AUG25,0,40,2014,
7900414,"Nouali, Djouher",ALG,F,,,,1837,AUG25,0,20,1987,wi
7905297,"Nouali, Nabil",ALG,M,,,,2014,AUG25,0,20,1988,
7941404,"Nouari, Boubakeur",ALG,M,,,,1730,AUG25,0,40,1989,
7951965,"Nouri, Alaaeddine",ALG,M,,,,1437,AUG25,0,40,2011,
7951973,"Nouri, Farah",ALG,M,,,,1430,AUG25,0,40,2010,
7909020,"Nourine, Mustapha",ALG,M,,,,1725,AUG25,0,40,1972,i
7921829,"Omari, Wassim",ALG,M,,,,1577,AUG25,0,40,2003,i
7904398,"Otmane,Youcef",ALG,M,,,,1876,AUG25,0,20,1994,i
7933797,"Ouaddah, Chemseddine",ALG,M,,,,1539,AUG25,11,40,2008,
7902573,"Ouahab, Mohamed Kamel",ALG,M,,,,1921,AUG25,0,20,1984,i
7904401,"Ouahabi, Mourad",ALG,M,,,,1870,AUG25,0,20,1976,i
7903944,"Ouaret, Abdelouhab",ALG,M,IM,,,2123,AUG25,0,20,1998,
7910215,"Ouaret, Bachir",ALG,M,,,,1581,AUG25,0,40,1949,i
7932014,"Oubouzid , Mohamed",ALG,M,,,,1555,AUG25,0,40,1997,i
7936915,"Oubouzid, Maher",ALG,M,,,,1462,AUG25,0,40,2013,
7904428,"Oucif, Abdelkader",ALG,M,,,,1654,AUG25,0,40,1965,i
7914938,"Oudali, Amayas",ALG,M,,,,1558,AUG25,0,40,2007,i
7930348,"Oudina, Mohaned",ALG,M,,,,1671,AUG25,4,40,2009,
7903278,"Oueld Mohamed, Othmane",ALG,M,,,,1742,AUG25,8,20,1973,
7901852,"Oueslati, Houssine",ALG,M,,,,1661,AUG25,0,40,1997,i
7958382,ouhibi Mustapha Bilall,ALG,M,,,,1551,AUG25,0,40,2001,i
7970390,"Ouhibi, Moncif",ALG,M,,,,1449,AUG25,5,40,2007,
7937245,"Ouis, Abderahmane",ALG,M,,,,1592,AUG25,0,40,2013,i
7906030,"Ouis,Mohammed",ALG,M,,,,1794,AUG25,0,40,1964,i
7951299,"Oukarache, Hassiba",ALG,F,,,,1414,AUG25,1,40,2014,w
7926499,"Oukarache, Maria",ALG,F,,,,1625,AUG25,5,40,2008,w
7901275,"Oukas, Abdelkader",ALG,M,,,,1967,AUG25,0,20,1965,
7906978,"Oukid,  Aymen EL Bachir",ALG,M,,NA,,1533,AUG25,0,20,2005,i
7902727,"Oukid, Mahfoud Houari",ALG,M,,,,1845,AUG25,0,40,1981,i
7906986,"Oukid, Soumia",ALG,F,,"SI,NI,FA",,1475,AUG25,0,40,2001,wi
7962517,"Oulad Mokhtar, Abdelbaset",ALG,M,,,,1636,AUG25,0,40,2004,i
7952627,"Oulamara, Mayas",ALG,M,,,,1484,AUG25,0,40,2011,
7903618,"Ould Khaoua, Redouane",ALG,M,,,,1806,AUG25,0,40,1970,i
7912781,"Ould Mohamedi, Youcef",ALG,M,,,,1872,AUG25,0,20,1989,i
7907745,"Ould Ramoul, Mounir Djawed",ALG,M,,,,1898,AUG25,0,40,0,i
7918623,"Ould Rouis , Oussama",ALG,M,,,,1530,AUG25,0,20,2004,i
7903626,"Ould Rouis, Hatem",ALG,M,,,,1903,AUG25,0,20,1978,i
7900430,"Ould Rouis, Mounir",ALG,M,,,,1894,AUG25,0,20,1968,
7912498,"Ould Rouis, Zakaria",ALG,M,,,,1686,AUG25,0,20,2002,
7902425,"Ould Taleb , Said",ALG,M,,,,1957,AUG25,0,40,1991,
7970846,"Oummeddour, Rym",ALG,M,,,,1419,AUG25,0,40,2007,
7909080,"Oumsalem,Massinissa",ALG,M,,,,1831,AUG25,0,40,1978,i
7901887,"Ounas,Abdelhak",ALG,M,,,,1931,AUG25,0,20,1966,
7932936,"Ounnas, Redouane",ALG,M,,,,1427,AUG25,0,40,1997,
7901810,"Oussedik, Mahfoud",ALG,M,IM,,,2404,AUG25,0,10,1992,i
7902875,"Oussedik, Nassila",ALG,F,,,,1765,AUG25,0,20,1999,wi
7923929,"Ouyahia, Nazim Mehdi",ALG,M,,,,1572,AUG25,0,40,1991,i
7941013,"Ouzaa, Sarah",ALG,F,,NA,,1483,AUG25,1,40,1990,w
7965699,"Ouzani, Mehdi",ALG,M,,,,1535,AUG25,0,40,2009,
7902433,"Rabahi, Aziz",ALG,M,,,,1684,AUG25,0,20,1983,
7909489,"Rabhi,Youcef",ALG,M,,,,1830,AUG25,0,40,1971,i
7928890,"Rabia, Abdelwaheb",ALG,M,,,,1435,AUG25,0,40,2009,i
7928505,"Rachedi, Fahima",ALG,F,,,,1542,AUG25,0,40,1978,wi
7967268,"Rahal, Rayan",ALG,M,,,,1767,AUG25,0,40,2005,
7917422,"Rahem, Samy",ALG,M,CM,,,1779,AUG25,7,40,2008,
7921837,"Rahmani, Mourad",ALG,M,,,,1986,AUG25,0,40,1976,i
627704,"Rakem, Zine-Eddine",ALG,M,,,,2005,AUG25,0,20,1958,i
7903880,"Ramdani, Hamid",ALG,M,,,,1804,AUG25,7,20,1966,
7973985,"Rammal, Abdessamed",ALG,M,,,,1461,AUG25,0,40,2008,
7928572,"Ramoul,Naila Nour",ALG,F,,,,1666,AUG25,0,40,2010,wi
7900589,"Rebaine, Hamid",ALG,M,,,,2070,AUG25,0,40,1964,i
7922752,"Rebaine, Sarah",ALG,F,,,,1504,AUG25,6,40,2010,w
7951361,"Rebbouh, Nesrine",ALG,F,,,,1448,AUG25,3,40,2013,w
7903111,"Redjem, Lyes",ALG,M,,,,1752,AUG25,0,20,1976,i
7938195,"Regagui, Rachid",ALG,M,,,,1446,AUG25,0,40,1985,
7923139,"Rellam,Wahid",ALG,M,,,,1729,AUG25,0,40,1983,i
7965761,"Remini, Anis",ALG,M,,,,1626,AUG25,0,40,2003,
7918364,"Renane, Abdellah",ALG,M,,,,1468,AUG25,0,40,1992,i
7955855,"Riane, Faiz",ALG,M,,,,1551,AUG25,0,40,2000,i
7927738,"Rim, Derradji",ALG,M,,,,1972,AUG25,0,40,1968,i
7900309,"Rizouk, Aimen",ALG,M,GM,,,2429,AUG25,0,10,1979,
7900279,"Rizouk, Ryad",ALG,M,IM,,,2354,AUG25,0,10,1979,i
7973098,"Roby, Abderrahim",ALG,M,,,,1423,AUG25,9,40,1992,
7973799,"Roumane, Amine",ALG,M,,,,1574,AUG25,9,40,2007,
7965966,"Roummani, Lakhder",ALG,M,,,,1674,AUG25,0,40,2002,
7923155,"Saad Bouzid, Massinissa",ALG,M,,,,1816,AUG25,0,40,1981,i
7954522,"Saad Geurmech, Rami",ALG,M,,,,1535,AUG25,7,40,2009,
7933800,"Saad Guermeche, Rami",ALG,M,,,,1576,AUG25,0,40,2009,
7914539,"Saadi, Houssem",ALG,M,,,,1718,AUG25,0,40,1992,
7958900,"Saadi, Zaki",ALG,M,,,,1516,AUG25,0,40,2009,i
7902450,"Saadouni, Aissa",ALG,M,,,,1887,AUG25,0,40,1987,i
7924291,"Saadouni, Sofiane",ALG,M,,,,1762,AUG25,0,40,1971,i
7911319,"Saci, Cherif",ALG,M,,,,1688,AUG25,0,40,1978,
7904118,"Sadadou, Manel",ALG,F,,,,1655,AUG25,0,40,1995,wi
7908768,"Saddok,Nadjib",ALG,M,,,,1912,AUG25,0,40,1976,i
7966784,"Sadou, Omar",ALG,M,,,,1489,AUG25,0,40,1998,
7916949,"Sadoudi, Toufik",ALG,M,,,,1712,AUG25,0,40,2002,i
7901364,"Saheb, Kamel",ALG,M,,,,1970,AUG25,0,20,1967,
7943091,"Sahel , Walid Hadj Fethi",ALG,M,,,,1538,AUG25,0,40,2002,
26028450,"Sahki, Saphir",ALG,M,CM,,,1924,AUG25,0,20,2001,i
7912811,"Sahour, Abdallah",ALG,M,,,,1773,AUG25,0,40,1957,i
7946430,"Sahraoui , Malik",ALG,M,,,,1401,AUG25,0,40,2014,
7945841,"Sahraoui Brahim, Tayeb",ALG,M,,,,1637,AUG25,5,40,2012,
7945850,"Sahraoui Brahim, Yasser",ALG,M,,,,1544,AUG25,5,40,2009,
7930917,"Sahraoui, Atef",ALG,M,,,,1627,AUG25,0,40,1996,
7927525,"Sahraoui, Sophia",ALG,F,,,,1569,AUG25,4,40,2011,w
7922906,"Sai, Kamel",ALG,M,,,,1657,AUG25,0,40,1972,
7951990,"Saidani, Hatem",ALG,M,,,,1505,AUG25,0,40,2000,i
7942656,"Saidat, Wassim",ALG,M,,,,1612,AUG25,0,40,1999,i
7905050,"Saidi,Boumedienne",ALG,M,,,,1837,AUG25,0,20,1998,i
7904436,"Saidi,Bouziane",ALG,M,,,,1728,AUG25,0,20,1983,
7901666,"Saifi, Walid",ALG,M,,SI,,2007,AUG25,0,20,1983,
7902735,"Saim, Bachir",ALG,M,,,,1982,AUG25,9,20,1973,
7902883,"Saim, Ikram Kaouter",ALG,F,,,,1799,AUG25,0,40,2000,wi
7900465,"Saim, Mohamed Ilias",ALG,M,FM,,,2156,AUG25,0,20,1994,
7909438,"Sakhara, Anouar",ALG,M,,,,1603,AUG25,0,40,1991,i
7932073,"Sakhri, Adil",ALG,M,,,,1442,AUG25,0,40,2011,i
7946635,"Sakhri, Oussama",ALG,M,,,,1661,AUG25,0,40,1989,i
7903960,"Salah Aiech, Hakim",ALG,M,,NI,,1764,AUG25,0,20,1999,i
7903642,"Salah Aiech, Samir",ALG,M,,NI,,1920,AUG25,0,20,1996,i
7902484,"Salhi, Nouressadat",ALG,M,CM,,,1951,AUG25,0,20,1975,i
7924968,"Salhi, Zahir",ALG,M,,,,1853,AUG25,0,20,1964,i
7901674,"Salim, Djaffer",ALG,M,,,,1855,AUG25,0,40,1965,i
7937911,"Salmi, Youcef",ALG,M,,,,1596,AUG25,3,40,2013,
7903669,"Samar, Abdelkader",ALG,M,,,,1815,AUG25,0,40,1958,i
7944039,"Samari , Youcef",ALG,M,,,,1608,AUG25,0,40,1994,i
7960107,"Sameur, Adel",ALG,M,,,,1644,AUG25,0,40,2007,
7956010,"Sameut, Abdellah",ALG,M,,,,1662,AUG25,0,40,1994,i
7906072,"Saoudi, Mohamed Lamine",ALG,M,,,,1776,AUG25,0,20,1983,
7906080,"Sari,Boualem",ALG,M,,,,1570,AUG25,0,40,1966,i
7946040,"Saridj, Abed",ALG,M,,,,1701,AUG25,0,40,1986,i
7923597,"Sarraya , Amrane",ALG,M,,,,1777,AUG25,0,40,1975,i
7944969,"Sassi, Mohamed Amir",ALG,M,,,,1648,AUG25,0,40,2004,i
7910533,"Sayoud,Mohamed Rida",ALG,M,,,,1849,AUG25,0,40,1970,i
7901321,"Sbaihi, Fares",ALG,M,,,,1977,AUG25,0,20,1976,i
7900651,"Seba, Fodil",ALG,M,CM,,,2204,AUG25,0,20,1976,i
7900090,"Seba, Kamel",ALG,M,CM,,,2210,AUG25,0,20,1975,i
7919999,"Sebaa, Mohamed",ALG,M,,,,1630,AUG25,0,40,1984,i
7911980,"Sebbah, Abdelkader",ALG,M,,,,1610,AUG25,5,20,1970,
7955197,"Sebbah, Amine",ALG,M,,,,1641,AUG25,0,40,1977,i
7929633,"Sebbane, Khaled",ALG,M,,,,1588,AUG25,0,40,1991,i
7956738,"Sebbar, Aymene",ALG,M,,,,1691,AUG25,0,40,1997,
7900031,"Sebih, Kamel",ALG,M,IM,,,2195,AUG25,0,20,1964,i
7948689,"Seddaoui, Serine",ALG,M,,,,1502,AUG25,0,40,2014,
7902026,"Seddaoui, Yamine",ALG,M,CM,NA,,2105,AUG25,0,20,1985,
7953577,"Seddik, Redouane",ALG,M,,,,1485,AUG25,0,40,1990,i
7952007,"Seddiki, Tayeb Amine",ALG,M,,,,1627,AUG25,0,40,1982,
7907010,"Seddiki, Yacine",ALG,M,,,,1852,AUG25,0,40,1980,i
7906110,"Seddiki,Mohamed Yacine",ALG,M,,,,1478,AUG25,0,40,1979,
7922175,"Sedkaoui, Toufik",ALG,M,,,,1543,AUG25,0,40,2003,i
7901259,"Seffar, Mohamed",ALG,M,,,,2102,AUG25,0,20,1981,i
7910916,"Seghier, Ilias",ALG,M,,,,1562,AUG25,0,20,1990,
7938551,"Sekouchi, Djillali",ALG,M,,,,1661,AUG25,0,40,1981,i
7903367,"Sekrane, Ahmed",ALG,M,,,,1950,AUG25,0,40,1982,i
7900333,"Sellami, Faycal",ALG,M,,,,1699,AUG25,0,40,1971,i
7953011,"Sellaoui , Akram",ALG,M,,,,1501,AUG25,0,40,2014,i
7901720,"Selmane, Amine",ALG,M,,,,2004,AUG25,0,20,1983,i
7952023,"Selmi, Merouane",ALG,M,,,,1583,AUG25,3,40,2011,
7900635,"Semahi, Lazhar",ALG,M,,,,1989,AUG25,0,20,1975,
7913192,"Semaoune, Marouane",ALG,M,,,,1870,AUG25,9,20,1991,
7901003,"Seraoui, Mohcen",ALG,M,,,,2021,AUG25,0,20,1982,
7913613,"Serihi, Abdelatif",ALG,M,,,,1794,AUG25,0,40,1998,i
7910142,"Serrai , Amrane",ALG,M,,,,2002,AUG25,0,40,1975,i
7920890,"Serrai,Abderrezak",ALG,M,,,,1704,AUG25,0,40,1989,i
7960115,"Sid Lakhdar, Mehdi",ALG,M,,,,1519,AUG25,0,40,2002,
7901224,"Sidali, Moussa",ALG,M,,,,2196,AUG25,0,40,1979,i
7943610,"Sider, Hellel Habib",ALG,M,,,,1462,AUG25,5,40,1972,
7944420,"Sider, Walid",ALG,M,,,,1415,AUG25,9,40,2013,
7961383,"Simoud, Mounder Habib Allah",ALG,M,,,,1452,AUG25,0,40,2003,i
7909977,"Slacel, Thileli",ALG,F,,,,1573,AUG25,0,40,2002,wi
7944012,"Slimani , Ines",ALG,F,,,,1462,AUG25,0,40,2014,wi
7916647,"Slimani, Abdelhamid",ALG,M,,,,1938,AUG25,0,40,1956,i
7901534,"Slimani, Anis",ALG,M,,,,2017,AUG25,0,20,1988,i
7965354,"Slimani, Med Adel",ALG,M,,,,1447,AUG25,0,40,2008,
7958978,"Soltani, Djalal",ALG,M,,,,2051,AUG25,0,40,1988,
7947658,"Soualem, Zoubeiyr",ALG,M,,NA,,1546,AUG25,0,40,1983,i
7905300,"Soudani, Mohamed Ramzi",ALG,M,,,,1847,AUG25,0,40,1983,i
7900643,"Soufi, Khaled",ALG,M,,,,2128,AUG25,0,40,1969,i
7951426,"Soufit, Amine",ALG,M,,,,1570,AUG25,3,40,2011,
7939949,"Soufit, Anis",ALG,M,,,,1423,AUG25,3,40,2012,
7903707,"Souici, Noureddine",ALG,M,,,,1994,AUG25,0,20,1989,i
7957211,"Tabet , Mouhamed Choukri",ALG,M,,,,1471,AUG25,0,40,1968,i
7922183,"Tadjer, Kheireddine",ALG,M,,,,1690,AUG25,0,40,1993,i
7963424,"Tadji, Houssam",ALG,M,,,,1480,AUG25,0,40,1997,i
7912099,"Tadjine, Mohamed",ALG,M,,,,1742,AUG25,0,40,1993,i
7956843,"Tafrount , Nourddine",ALG,M,,,,1648,AUG25,0,40,1971,i
7976917,"Tagzout, Alexandre Abderahman",ALG,M,,,,1657,AUG25,9,40,2007,
7932677,"Tahenni, Mustapha",ALG,M,,,,1520,AUG25,0,40,1990,i
7968701,"Tahir Md, Iyed",ALG,M,,,,1721,AUG25,0,40,2014,i
7916469,"Tahir, Abderrahmane",ALG,M,,,,1931,AUG25,0,20,1999,
7906137,"Tairi, Akli",ALG,M,,,,1821,AUG25,0,20,1999,
7912544,"Talamali , Mohamed Karim",ALG,M,,,,1767,AUG25,0,40,1999,i
7903715,"Talbi, Chafik",ALG,M,FM,,,2224,AUG25,0,20,1991,i
7943377,"Talbi, Mohamed",ALG,M,,,,1425,AUG25,0,40,1985,i
7926510,"Tani, Anis",ALG,M,,,,1553,AUG25,5,40,2012,
7906153,"Tani, Dalia",ALG,F,,,,1464,AUG25,0,40,2005,wi
7926529,"Tani, Houcine",ALG,M,,,,1479,AUG25,0,40,2009,
7932952,"Taouilt , Naim",ALG,M,,,,1431,AUG25,0,40,2006,i
7932960,"Taouilt , Yanis",ALG,M,,,,1419,AUG25,4,40,2009,
7900562,"Taourchi, Hakem-Sidali",ALG,M,,,,1918,AUG25,0,20,1977,
7949740,"Taraft, Sihem",ALG,F,,,,1423,AUG25,8,40,2011,w
7973837,"Tatah, Mohamed Lamine",ALG,M,,,,1429,AUG25,9,40,2008,
7904460,"Tazaroute , Abdelmalek",ALG,M,,,,1652,AUG25,0,20,1966,
7946554,"Tazebinte ,Taoufik",ALG,M,,,,1714,AUG25,0,40,1984,
7924518,"Tebani, Hocine",ALG,M,,,,1647,AUG25,0,40,1997,i
7953615,"Teboub, Walid Ziad",ALG,M,,,,1481,AUG25,0,40,2000,i
7900376,"Tebtab, Oussama",ALG,M,,,,2115,AUG25,0,20,0,i
7950594,"Teggar, Aissa",ALG,M,,,,1593,AUG25,11,40,1987,
7961561,"Teggar, Ayman",ALG,M,,,,1501,AUG25,3,40,2015,
7939051,"Teklal, Nesrine",ALG,F,,,,1493,AUG25,0,40,2009,w
7956037,"Telli, Younes",ALG,M,,,,1469,AUG25,0,40,1997,i
7907044,"Telmoune, Ahmed",ALG,M,,,,1686,AUG25,0,20,1959,i
7976003,"Terlebas, Ibrahim",ALG,M,,,,1679,AUG25,9,40,1991,
7928718,"Tiar, Mohamed Lakhder",ALG,M,,,,1804,AUG25,0,40,1998,i
7917090,"Tibermacine, Imad Eddine",ALG,M,,,,1671,AUG25,0,40,2002,i
7911289,"Tibermacine,Akram Bachir",ALG,M,,,,1669,AUG25,0,40,1999,i
7906170,"Tifour, Sedik",ALG,M,,,,1621,AUG25,0,40,1996,i
7933053,"Tifrit, Abdelkarim",ALG,M,,,,1620,AUG25,0,40,1986,i
7951450,"Tigrine, Rayane",ALG,M,,,,1434,AUG25,0,40,2013,i
7900104,"Tilmatine, Amar",ALG,M,CM,,,2216,AUG25,0,20,1964,i
7940190,"Titah, Atef",ALG,M,,,,1417,AUG25,0,40,1983,
7908407,"Tobal, Haythem",ALG,M,,FA,,1649,AUG25,0,40,1997,i
7953232,"Torki, Takieddine",ALG,M,,,,1469,AUG25,0,40,2000,i
7944640,"Touabtia, Ilyas",ALG,M,,,,1461,AUG25,1,40,2014,
7955537,"Touahar, Khireddine",ALG,M,,,,1813,AUG25,0,40,2008,
7943873,"Touahar, Noufel",ALG,M,,,,1430,AUG25,0,40,1991,
7938560,"Touahria , Anouar",ALG,M,,,,1440,AUG25,4,40,2012,
7938632,"Touahria, Faisse",ALG,M,,,,1497,AUG25,0,40,2007,i
7905238,"Touat,Ghoulem",ALG,M,,,,1806,AUG25,0,40,1975,i
7927533,"Touati, Ania",ALG,F,,,,1538,AUG25,8,40,2008,w
7901631,"Toubal, Hayat",ALG,F,WIM,WIM,,1881,AUG25,0,20,1985,wi
7900902,"Toubal, Wissam",ALG,F,WIM,WIM,,1956,AUG25,0,20,1984,wi
7933789,"Toumi, Mohammed Taha",ALG,M,,,,1635,AUG25,0,40,1997,i
7962533,"Tounsi, Noureddine",ALG,M,,,,1483,AUG25,0,40,1982,
7907923,"Touzri, Razika",ALG,F,,,,1592,AUG25,0,40,2000,wi
7916957,"Tria , Yacine",ALG,M,,,,1806,AUG25,0,40,1997,i
7940742,"Trifi, Bilal",ALG,M,,,,1928,AUG25,0,40,1990,
7922760,"Yahi, Sarah",ALG,F,,,,1615,AUG25,6,40,2009,w
7900384,"Yahiaoui, Abdelkrim",ALG,M,,FT,,2148,AUG25,0,40,1962,i
7902905,"Yahiaoui, Asma",ALG,F,,,,1737,AUG25,0,20,1996,wi
7949170,"Yahiaoui, Juba",ALG,M,,,,1794,AUG25,0,40,2004,
7902913,"Yahiaoui, Lilia",ALG,F,,,,1764,AUG25,0,20,2000,wi
7904959,"Yahiaoui, Sid Ahmed",ALG,M,,,,1558,AUG25,0,40,1994,i
7952929,"Yahiaoui, Youba",ALG,M,,,,1791,AUG25,0,40,2004,i
7934033,"Yahiaoui, Younes",ALG,M,,,,1518,AUG25,0,40,2010,i
7911785,"Yahoui, Idir",ALG,M,,,,1701,AUG25,0,40,2001,i
7903308,"Yala,Lyes",ALG,M,,,,1752,AUG25,0,20,1968,
7918135,"Yekken, Khaled",ALG,M,,,,1668,AUG25,0,40,1989,i
7907761,"Yettouche, Mastanabal",ALG,M,,,,1844,AUG25,0,40,0,i
7908873,"Yettouche,Yaristan",ALG,M,CM,,,1842,AUG25,0,20,2004,i
7951485,"Ymmeli, Ilian",ALG,M,,,,1474,AUG25,6,40,2015,
7906226,"Younsaoui,Hicham",ALG,M,,,,1812,AUG25,0,40,1996,i
7955863,"Younsi, Miloud",ALG,M,,,,1677,AUG25,0,40,2000,
7912560,"Yous, Saadallah",ALG,M,,,,1669,AUG25,0,40,1989,i
7904134,"Yousfi, Yasmine",ALG,F,,,,1825,AUG25,0,20,1996,w
7961421,"Zaatout, Mouhamed",ALG,M,,,,1537,AUG25,0,40,2008,i
7924976,"Zahaf, Omar",ALG,M,,,,1680,AUG25,0,40,1993,i
7919212,"Zahouani,Mustafa",ALG,M,,,,1786,AUG25,0,40,1990,i
7920326,"Zaidi, Anis",ALG,M,,,,1564,AUG25,9,40,2009,
7911793,"Zane, Rayane",ALG,M,,,,1957,AUG25,0,20,2004,
7971052,"Zarzar, Boualem",ALG,M,,,,1796,AUG25,0,40,1961,
7974248,"Zeghimi, Samy",ALG,M,,,,1482,AUG25,6,40,2010,
7916744,"Zekri, Hatem",ALG,M,,,,1907,AUG25,0,40,1972,i
7910932,"Zelagui, Wail",ALG,M,,,,1730,AUG25,0,40,2000,i
7924534,"Zelellou, Youghourta",ALG,M,,,,1764,AUG25,0,40,1989,i
7947160,"Zemmouchi, Mohamed Amir",ALG,M,,,,1572,AUG25,0,40,1986,
7901399,"Zemouli, Aimen",ALG,M,,,,2046,AUG25,0,20,1987,i
7901232,"Zemouli, Issam",ALG,M,,,,2031,AUG25,0,20,1990,i
7976640,"Zenati, Dayaa Eldine",ALG,M,,,,1542,AUG25,6,40,2009,
7932995,"Zerarga, Mouloud",ALG,M,,,,1444,AUG25,0,40,1972,
7921136,"Zerarga,Imene",ALG,F,,,,1772,AUG25,2,40,2010,w
7902972,"Zerdali, Samir",ALG,M,,,,1774,AUG25,0,40,1973,i
7925883,"Zerguit, Mohamed Salim",ALG,M,,,,1484,AUG25,11,40,2008,
7965648,"Zerrougui, Samir",ALG,M,,,,1581,AUG25,0,40,1979,
7971524,"Zerzar, Bouelam",ALG,M,,,,1498,AUG25,0,40,1961,
7975139,"Zettal, Abderaouf",ALG,M,,,,1472,AUG25,0,40,2006,
7924542,"Ziad, Tarek",ALG,M,,,,1474,AUG25,0,40,1989,i
7946333,"Ziani, Mohamed El Amine",ALG,M,,,,1530,AUG25,5,40,1978,
7957343,"Zidane, Anais",ALG,F,,,,1521,AUG25,9,40,2012,w
7957351,"Zidane, Nihad",ALG,F,,,,1613,AUG25,9,40,2010,w
7907060,"Zidi, Rayan",ALG,M,,,,1666,AUG25,0,20,2003,i
7907079,"Zidi, Sohaib",ALG,M,,,,1570,AUG25,0,40,2002,i
7962541,"Zitouni, Ahmed",ALG,M,,,,1563,AUG25,0,40,2004,i
7906587,"Zitouni, Ali",ALG,M,,,,1731,AUG25,0,40,0,i
7960123,"Zitouni, Azzedine",ALG,M,,,,1499,AUG25,0,40,1987,
7924569,"Zitouni, Salah",ALG,M,,,,1718,AUG25,0,40,1985,i
7968272,"Zizi, Mehdi",ALG,M,,,,1550,AUG25,6,40,2013,
7976720,"Zouagui, Adel",ALG,M,,,,1446,AUG25,8,40,2010,
7906277,"Zouaoui, Mohamed",ALG,M,,,,1884,AUG25,0,40,1961,i