ID Number,Name,Fed,Sex,Title,WTit,OTit,Rating,Gms,K,RatingMonth,B-day,Flag
7403798,"Abrahams, Addison",JAM,M,,,,1677,0,20,AUG25,2006,i
7405707,"Allen, Adrian",JAM,M,,,,1727,0,20,AUG25,1989,
7401183,"Bailey, David",JAM,M,,,,1926,0,20,AUG25,1987,i
7402732,"Bain, Emile",JAM,M,,,,1755,0,20,AUG25,2001,i
7409451,"Banton, Rojay",JAM,M,,,,1614,0,20,AUG25,2005,
7400411,"Barrett, Ariel",JAM,F,WCM,WCM,,1810,0,20,AUG25,1992,wi
7412240,"Barrett, Taniel",JAM,M,,,,1693,0,40,AUG25,2007,
7401310,"Belinfante, Nathan",JAM,M,,,,1884,0,20,AUG25,1999,i
7402830,"Benjamin, Devari",JAM,M,,,,1782,0,20,AUG25,1999,i
7402228,"Blake, Johmoi",JAM,F,,,,1555,0,20,AUG25,2005,wi
7408250,"Bloomfield, Alexander",JAM,M,,,,1695,0,20,AUG25,2006,i
7400616,"Brooks, Paul",JAM,M,CM,,,1912,0,20,AUG25,1989,i
7402023,"Brown, Akeem",JAM,M,CM,,,1963,0,20,AUG25,2001,i
7409249,"Brown, Johnathan",JAM,M,,,,1608,0,40,AUG25,2007,
7402740,"Brown, Raehanna",JAM,F,WFM,WFM,,1865,0,20,AUG25,2005,wi
2018764,"Byfield, Geoffrey",JAM,M,,,,2009,0,20,AUG25,1961,i
7403380,"Campbell, Tevin",JAM,M,,,,1750,0,20,AUG25,2001,i
7400241,"Chin, Eton",JAM,M,,,,1886,0,20,AUG25,1964,i
7404123,"Chin, J-Loy",JAM,M,,,,1803,0,40,AUG25,2008,i
7403283,"Christie, David",JAM,M,,,,1707,0,20,AUG25,2003,i
7402074,"Christie, Joshua",JAM,M,FM,,,2322,7,20,AUG25,2001,
7401680,"Christie, Michael",JAM,M,,,,1954,0,20,AUG25,1999,i
7402287,"Chung, Antonic",JAM,M,,,,1671,0,20,AUG25,2005,i
7402295,"Chung, Zane-Marcovich",JAM,M,,,,1639,0,40,AUG25,2007,i
7402082,"Clarke, Adani",JAM,F,WFM,WFM,,1815,0,20,AUG25,2003,wi
7402996,"Clarke, Ashanti",JAM,F,,,,1679,0,20,AUG25,2002,wi
7402104,"Clarke, Kishan",JAM,M,,,,ACM,1607,0,AUG25,2007,i
7403046,"Coe, Cameron",JAM,M,,,,1570,0,40,AUG25,2010,
7402236,"Curriah, Malik",JAM,M,CM,,,1960,0,20,AUG25,1999,i
7402627,"Curwin, Nickaylah",JAM,F,WCM,WCM,,1642,0,20,AUG25,2000,wi
7402848,"Davis, Christopher",JAM,M,,NA,,AFM,1697,0,AUG25,1999,i
7400519,"Davy, Damion",JAM,M,FM,,,2170,0,20,AUG25,1990,i
7400969,"Diedrick, Michael",JAM,M,,,,1842,0,20,AUG25,1955,i
7404867,"Downer, Odel",JAM,M,,,,1678,0,20,AUG25,1985,i
7402040,"Edwards, Dujean",JAM,M,,,,1898,0,20,AUG25,1989,i
7400179,"Elliott, Warren",JAM,M,FM,FT,,2179,0,20,AUG25,1979,i
7400020,"Fairclough, Neil",JAM,M,CM,,,2189,0,20,AUG25,1958,i
7401760,"Gardner, Sheanel",JAM,F,,,,1737,0,20,AUG25,2000,wi
7401752,"Gayle, Malik",JAM,M,,,,1855,0,20,AUG25,2000,i
7402724,"Glaves, Raheem",JAM,M,FM,,,2010,0,20,AUG25,2001,i
7403801,"Goulbourne, Gregory",JAM,M,,,,1788,0,20,AUG25,2003,i
7402759,"Grant, Romaine",JAM,M,,,,1729,0,20,AUG25,1985,i
7400659,"Gray, Krishna",JAM,F,,,,1813,0,20,AUG25,1992,wi
7406800,"Green, Nathaniel",JAM,M,,,,1523,0,40,AUG25,2012,i
7407530,"Green, Remari",JAM,M,,,,1657,0,20,AUG25,2002,i
7402309,"Gregory, Ashley-Renae",JAM,F,,,,1729,0,20,AUG25,2001,wi
7400993,"Hall, Odane",JAM,M,,SI,,1818,0,20,AUG25,1994,i
7406517,"Hare, Nathan",JAM,M,,,,1709,0,20,AUG25,2004,i
7400039,"Henry, Mark",JAM,M,,,,1849,0,20,AUG25,1974,i
7407416,"Henry, Matthew",JAM,M,,,,1731,12,20,AUG25,2003,
7400730,"Hinds, Nathan",JAM,M,CM,SI,,1935,0,20,AUG25,1994,i
7400233,"Holness, Mark",JAM,M,CM,,,1914,0,20,AUG25,1970,i
7405456,"Hoo Kim III, Ernest",JAM,M,,,,1495,0,20,AUG25,2005,i
7404999,"Hope, Nathaniel",JAM,M,,,,1724,0,40,AUG25,2008,i
7411685,"Hylton, Jayden",JAM,M,,,,ACM,1438,0,AUG25,2017,
7402317,"Iheonunkwu, Chimaobi",JAM,M,,,,1736,0,20,AUG25,2003,i
7400489,"James, Stuart",JAM,M,CM,NA,,1970,0,20,AUG25,1993,i
7404506,"Johnson, Obrian",JAM,M,,,,1785,0,20,AUG25,1996,i
7406703,"Jones, Tevaughn",JAM,M,,NA,,ACM,1590,0,AUG25,1994,i
7402600,"Khemlani, Krish",JAM,M,,,,1543,0,40,AUG25,2007,i
7402155,"Kidd, Aulanni",JAM,F,,,,1697,0,20,AUG25,2003,wi
7406002,"Lalwani, Krish",JAM,M,,,,1471,0,20,AUG25,2006,i
7407238,"Leake, Emilia-Rose",JAM,F,,,,1426,0,40,AUG25,2014,wi
7400810,"Lord, John",JAM,M,,,,1884,0,20,AUG25,1998,i
7400330,"Lorne, Ras Malaku",JAM,M,FM,FI,,2199,0,20,AUG25,1984,i
7402473,"Lungrin, Rashade",JAM,M,,,,1855,0,20,AUG25,2002,i
7402210,"Lyn, Anthony",JAM,M,CM,,,1575,0,40,AUG25,2007,i
7402775,"Lyn, Christopher",JAM,M,,,,1852,0,20,AUG25,2002,i
7402350,"Lyn, Nicholas",JAM,M,,,,1759,0,20,AUG25,2004,
7404565,"Mahtani, Rohit",JAM,M,,,,1491,0,40,AUG25,2008,i
7400187,"Marshall, Mario",JAM,M,,,,1971,0,20,AUG25,1978,i
7400012,"Matthews, Shane",JAM,M,IM,,,2214,7,20,AUG25,1964,
7401256,"McCook, Natashane",JAM,M,,,,1761,0,20,AUG25,1988,
7404948,"McDermott, Peter John",JAM,M,,,,1833,0,20,AUG25,2001,
7402597,"McDonald, Angelus-Seren",JAM,M,,,,1801,0,20,AUG25,2004,i
7402481,"McDonald, Jhustice-Dimonte",JAM,M,CM,,,1883,0,20,AUG25,2001,i
7403674,"McDonald, Trinity-St.John",JAM,M,,,,1590,0,40,AUG25,2007,i
7402872,"McKennis, Darren",JAM,M,CM,,,1879,0,20,AUG25,2006,i
7403488,"McKoy, Aaron",JAM,M,,,,1502,0,40,AUG25,2011,i
7403496,"McKoy, Arielle",JAM,F,,,,1506,0,40,AUG25,2007,wi
7401949,"McKoy, Troy",JAM,M,,,,1639,0,20,AUG25,1976,i
7412410,"Meeks, Kyle",JAM,M,,,,1627,0,20,AUG25,2003,
7400055,"Mellace, Andrew",JAM,M,CM,,,1936,0,20,AUG25,1977,i
7403062,"Mitchell, Chevoniece",JAM,F,,,,1527,0,20,AUG25,2004,wi
7400527,"Morais, Alain",JAM,M,CM,,,1975,0,20,AUG25,1983,i
7407076,"Moses, Kayla",JAM,F,,,,1459,0,40,AUG25,2011,w
7405200,"Mullings, Dominic",JAM,M,,,,1536,0,20,AUG25,2005,i
7400306,"Myers, Peter",JAM,M,,,,1972,0,20,AUG25,1973,i
7401426,"Nash, De Mario",JAM,M,,,,1858,0,20,AUG25,1995,i
7403909,"OConnor, Zaina",JAM,F,WCM,WCM,,1519,0,40,AUG25,2009,wi
7408021,"Patel, Elisha",JAM,F,,,,1470,0,40,AUG25,2013,w
7402163,"Porter, Rochelle",JAM,F,,NA,,1633,0,20,AUG25,2002,wi
7400195,"Porter, Russel",JAM,M,CM,,,2088,0,20,AUG25,1970,i
7402902,"Pratt, Kyle",JAM,M,,,,1643,0,20,AUG25,2003,i
7400314,"Ramsay, Zachary",JAM,M,,,,1963,0,20,AUG25,1990,i
7404875,"Richards, Jaleel",JAM,M,,,,1853,0,20,AUG25,1996,i
7402635,"Richards, Shaheem",JAM,M,,,,1728,0,20,AUG25,2003,i
7400446,"Richards-Porter, Deborah",JAM,F,WIM,WIM,"LSI,FI",1982,0,20,AUG25,1985,wi
7403291,"Roberts, Rohan",JAM,M,,,,1761,0,20,AUG25,2000,i
7403143,"Robinson, Hayden",JAM,M,,,,1600,0,20,AUG25,1981,i
7410522,"Robinson, Rushawn",JAM,M,,,,1618,0,20,AUG25,2006,
7401795,"Rose, David",JAM,M,,NA,,1749,0,20,AUG25,1998,i
7400268,"Rowe, Duane",JAM,M,CM,,,2127,0,20,AUG25,1978,i
7412444,"Samuels, Nicholas",JAM,M,,,,1632,0,20,AUG25,2004,
7404395,"Shakes, Daniel",JAM,M,,,,1470,0,20,AUG25,2006,i
7402880,"Shaw, Jaden",JAM,M,FM,,,1954,0,40,AUG25,2007,i
7408196,"Shergil, Rajvir",JAM,M,,,,1571,0,40,AUG25,2015,i
7405014,"Shergil, Ronak",JAM,M,,,,1803,0,40,AUG25,2011,i
7400764,"Sinclair, Horace",JAM,M,,,,1956,0,20,AUG25,1996,i
7404000,"Smart, Bryan",JAM,M,,,,1752,0,40,AUG25,2007,i
7404751,"Smikle, Joshua",JAM,M,,,,1669,0,40,AUG25,2010,
7405464,"Smikle, Zahmir",JAM,M,,,,1667,0,40,AUG25,2010,i
7402376,"Smith, Alexei",JAM,M,,,,1661,0,20,AUG25,2003,i
7400683,"Smith, Annesha",JAM,F,WCM,WCM,,1827,0,20,AUG25,1988,wi
7400845,"Smith, Kenroy",JAM,M,,,,1830,0,20,AUG25,1988,i
7400691,"Smith, Melisha",JAM,F,WCM,WCM,,1795,0,20,AUG25,1987,wi
7400713,"Smith, Shreyas",JAM,M,FM,,,2111,0,20,AUG25,1996,
7400381,"Solomon, Mikhail",JAM,M,,FI,,2003,0,20,AUG25,1987,i
7401736,"Steadman, Tevanio",JAM,M,,,,AIM,1911,0,AUG25,1997,i
7403550,"Stephenson, Amy",JAM,F,,,,1598,0,20,AUG25,2006,wi
7404409,"Stephenson, John",JAM,M,,,,1751,0,20,AUG25,2006,i
7402589,"Thomas, David",JAM,M,CM,,,1695,0,20,AUG25,2005,i
7400608,"Thomas, Peter",JAM,M,,,,2007,0,20,AUG25,1989,i
7403240,"Thompson, Ronaldo",JAM,M,,,,1547,0,20,AUG25,2004,i
7402066,"Thorpe, Jaleel",JAM,M,,,,1696,0,20,AUG25,2002,i
7402392,"Thorpe, Rameze",JAM,M,,NA,,1822,0,20,AUG25,2001,i
7402058,"Walker, Lontae",JAM,M,,,,1845,0,20,AUG25,2003,i
7402538,"Watson, Gabriella",JAM,F,WCM,WCM,,1519,0,40,AUG25,2007,wi
7404107,"Watts, Justin",JAM,M,,,,1696,0,20,AUG25,2004,i
7400101,"Wilkinson, Ian",JAM,M,,,,1926,0,20,AUG25,1965,i
7405529,"Williams, Daniel",JAM,M,,,,1569,0,20,AUG25,2004,i
7400578,"Williams, Margoe",JAM,F,WCM,WCM,SI,1776,0,20,AUG25,1991,wi
7400500,"Wilson, Brandon",JAM,M,CM,,,2149,0,20,AUG25,1988,i
7400438,"Wisdom, Daren",JAM,M,CM,NA,,1990,0,20,AUG25,1983,i
7401116,"Wynter, Raglon",JAM,M,,,,1839,0,20,AUG25,1985,i
7402406,"Yankana, Alliyah",JAM,F,,,,1707,0,20,AUG25,2001,wi