ID Number,Name,Fed,Sex,Title,WTit,OTit,Rating,Gms,K,RatingMonth,B-day,Flag
4326350,"Abbott, Isaac",NZL,M,,,,1700,0,40,AUG25,2007,
4300440,"Abrahamson, Philip",NZL,M,,,,2085,0,40,AUG25,0,i
4311434,"Ackroyd, William",NZL,M,,,,1782,0,40,AUG25,2004,i
4301781,"Adair, Daniel W",NZL,M,,,,1968,0,40,AUG25,1976,i
4320662,"Addagada, Geetham",NZL,M,,,,1641,3,40,AUG25,2016,
4326300,"Adique, Gresan",NZL,M,,,,1610,0,40,AUG25,1968,
4301510,"Aimers, Geoffrey",NZL,M,,,,1932,0,20,AUG25,1962,i
4304640,"Al-Muhaisen, Neetheam",NZL,M,,,,1856,0,40,AUG25,1998,i
4301528,"Aldridge, Alan L.",NZL,M,,,,1833,0,20,AUG25,1962,
4310829,"Ali, Adam",NZL,M,,,,1449,0,40,AUG25,2006,i
115111967,"Ambrocio, Jesus III",NZL,M,,,,1644,0,40,AUG25,1989,i
4314131,"Andersen, Jake",NZL,M,,,,1606,0,40,AUG25,2009,i
4300173,"Anderson, Bruce R",NZL,M,,,,2188,0,20,AUG25,0,i
4303636,"Ang, Alphaeus Wei Ern",NZL,M,FM,,,2390,18,10,AUG25,2002,
4304675,"Ang, Beatrice Sze Ning",NZL,F,,,,1585,0,40,AUG25,2004,wi
4330994,"Annamalai, Karthikeyan",NZL,M,,,,1693,0,40,AUG25,1990,
4303083,"Ansell, Alan",NZL,M,FM,,,2089,0,20,AUG25,1997,i
4304454,"Ansell, David",NZL,M,,,,1730,0,20,AUG25,1947,i
4300165,"Aptekar, Lev",NZL,M,,,,2240,0,20,AUG25,0,i
4317262,"Archer, Ollie",NZL,M,FM,,,2063,6,40,AUG25,2007,
4306430,"Armstrong, John F",NZL,M,,,,1720,0,40,AUG25,1938,
4321219,"Arun, Swarun",NZL,M,,,,1422,1,40,AUG25,2014,
4315049,"Asare, Raoul",NZL,M,,,,1530,0,40,AUG25,1979,i
4310462,"Ashe, Michael",NZL,M,,,,1649,2,20,AUG25,1964,
4313003,"Ashton, Matthew",NZL,M,,,,1855,0,20,AUG25,1998,
4314255,"Asrani, Manoj",NZL,M,,,,1672,0,40,AUG25,1973,
4306210,"Austin, Tama",NZL,M,,,,1732,0,40,AUG25,1998,i
4324404,"Avery, Chris",NZL,M,,,,1621,6,40,AUG25,1972,
4309545,"Aylett, Richard",NZL,M,,,,1536,0,40,AUG25,1953,i
4301617,"Baider, Daniel",NZL,M,,,,2119,0,20,AUG25,1994,i
4312171,"Bainov, Leo Noel",NZL,M,,,,1596,0,40,AUG25,2003,i
4311116,"Baker, Ilias Angelo (Leo)",NZL,M,CM,,,2060,14,20,AUG25,2004,
4324951,"Bala, Vihaan",NZL,M,,,,1620,0,40,AUG25,2010,
4317629,"Balakeyan, Raj",NZL,M,,,,1713,4,20,AUG25,1993,
4315154,"Barker, Michael",NZL,M,,,,1438,0,40,AUG25,1977,i
4300491,"Barlow, Matthew J",NZL,M,,,,2125,0,20,AUG25,1960,i
4321502,"Barnes, Joshua",NZL,M,,,,AIM,1674,0,AUG25,2011,
467600,"Barnett-Harris, Lucas",NZL,M,,,,1739,0,40,AUG25,2007,i
4307313,"Barraza Perez, Jesus",NZL,M,,,,1688,0,40,AUG25,1976,
4304462,"Barry, Jacob",NZL,M,,NA,,1636,7,20,AUG25,2002,
4300890,"Beach, Paul K",NZL,M,,,,2051,0,20,AUG25,1956,i
4319729,"Beck, Cameron",NZL,M,,,,1471,0,40,AUG25,1995,i
4317742,"Beier, Thomas",NZL,M,,,,1585,0,20,AUG25,1958,
4319427,"Bell, Daniel",NZL,M,,,,1619,0,40,AUG25,1985,
4309251,"Beneke, Carel",NZL,M,,,,1699,0,40,AUG25,1971,i
4312708,"Bengali, Enay",NZL,M,,,,1593,0,40,AUG25,2008,i
4301315,"Benitez, Edgar",NZL,M,,,,1820,0,20,AUG25,1955,
4301013,"Benson, Christopher",NZL,M,,,,1932,0,20,AUG25,1963,i
4305965,"Benson, James",NZL,M,,,,1735,0,20,AUG25,1952,i
4311981,"Bhatt, Daksh",NZL,M,,,,1699,0,40,AUG25,2010,i
4311990,"Bhatt, Mantra",NZL,M,,,,1659,0,40,AUG25,2008,i
4322002,"Bhatt, Mitesh",NZL,M,,,,1455,0,40,AUG25,1986,
110033680,"Bishop, Everett",NZL,M,,,,1791,0,20,AUG25,1971,i
4304047,"Black, Ross",NZL,M,,,,1725,0,20,AUG25,1960,
4306872,"Blackmore, Matthew",NZL,M,,,,1704,0,40,AUG25,1939,i
4330463,"Blathwayt, Tobin",NZL,M,,,,1528,0,40,AUG25,1967,
4301633,"Blaxall, Craig S",NZL,M,,,,1992,0,20,AUG25,1969,i
4301382,"Boardman, Jeffrey",NZL,M,,,,AIM,1987,0,AUG25,1979,i
4319435,"Bolster, Caolan",NZL,M,,,,1621,0,40,AUG25,1998,i
4302699,"Booth, Anthony",NZL,M,,,,1686,0,20,AUG25,1938,
4300408,"Boyd, Kendall",NZL,M,,,,2216,0,20,AUG25,0,i
4305337,"Braganza, Nadia",NZL,F,WFM,WFM,NA,1830,9,20,AUG25,2005,w
4306791,"Braganza, Pierre",NZL,M,,NA,,1436,0,40,AUG25,1967,i
4301889,"Brimble, Mark",NZL,M,,,,1963,0,20,AUG25,1957,i
4317220,"Broad, Cory",NZL,M,,"NI,NA",,1564,0,40,AUG25,1991,
4301340,"Brockway, Andrew",NZL,M,,,,1715,0,20,AUG25,1959,
4315243,"Brooker, William",NZL,M,,,,1636,0,40,AUG25,2003,i
4324129,"Brown, Lily",NZL,F,,,,1503,0,40,AUG25,2011,wi
4301404,"Browne, Jeremy",NZL,M,,,,2072,0,20,AUG25,1979,i
4303423,"Bryan, Jason",NZL,M,,,,1866,0,40,AUG25,1977,i
4317700,"Bunkley, Noah",NZL,M,,,,1647,0,40,AUG25,1992,i
4309227,"Burgess, Ken",NZL,M,,,,1606,0,20,AUG25,1950,
4300920,"Burns, Christopher John",NZL,M,,,,1905,0,20,AUG25,1972,i
4307321,"Burns, Guy",NZL,M,,,,1658,0,40,AUG25,1956,i
4308239,"Burrows, Grant L",NZL,M,,,,1689,0,20,AUG25,1961,i
4324137,"Butson, Joseph",NZL,M,,,,1420,0,40,AUG25,2007,i
4310101,"Cai, Vincent",NZL,M,,,,1445,0,40,AUG25,2008,i
14307405,"Calitz, Hananke",NZL,F,,,,1740,0,20,AUG25,2000,wi
4320808,"Campbell, Cazna",NZL,M,,,,1731,0,20,AUG25,2006,i
4301625,"Capper, David",NZL,M,,,,1821,0,20,AUG25,1930,i
4317181,"Carlyle, Mathieson",NZL,M,,,,1626,0,40,AUG25,1997,i
4300238,"Carpinter, Antony L",NZL,M,,FI,,2080,0,20,AUG25,1953,
4304683,"Carpinter, Bernard A",NZL,M,,,,1758,0,20,AUG25,1949,i
4311442,"Carroll, Lewis",NZL,M,,,,1667,0,40,AUG25,2003,i
4324854,"Carson, Terence",NZL,M,,,,1530,0,40,AUG25,2011,i
4303539,"Cater, James",NZL,M,,,,1713,0,40,AUG25,1944,i
110000016,"Cebes, Quice Vincent",NZL,M,,,,1540,0,40,AUG25,1973,i
4309073,"Chai, Jacob",NZL,M,,,,1415,0,40,AUG25,2007,i
4325524,"Chan, Eric",NZL,M,,,,1691,0,40,AUG25,1985,i
400050,"Chandler, Murray G",NZL,M,GM,,,2518,0,10,AUG25,1960,i
4317084,"Chang, Linda",NZL,F,,,,1705,0,40,AUG25,1997,wi
4325605,"Chang, Luke",NZL,M,,,,1994,0,40,AUG25,2008,
4309332,"Chang, Yolanda",NZL,F,WFM,WFM,,1934,0,40,AUG25,2008,w
4305981,"Charles, Dion",NZL,M,,,,1810,0,20,AUG25,1999,
4300874,"Charomova, Evguenia",NZL,F,,"NI,NA",,1800,0,20,AUG25,1989,w
4313011,"Chen, Anderson",NZL,M,,,,1631,5,40,AUG25,2009,
4301978,"Chen, Andy",NZL,M,,,,2052,0,20,AUG25,1994,i
4301919,"Chen, Eachen",NZL,F,WCM,WCM,,1962,0,20,AUG25,1991,wi
4321863,"Chen, Jacob",NZL,M,,,,1536,0,40,AUG25,2008,i
4319940,"Chen, Jayden",NZL,M,,,,1495,0,40,AUG25,2015,
4324781,"Chen, Jayden Yuning",NZL,M,,,,1557,0,40,AUG25,2010,i
4306350,"Chen, Leo",NZL,M,,,,1905,0,40,AUG25,1999,i
4309081,"Chen, Matthew",NZL,M,,,,1677,0,40,AUG25,2008,i
4310276,"Chen, Penghao (Jack)",NZL,M,,,,1472,0,40,AUG25,2010,i
4319966,"Chen, Rex Xiaoyu",NZL,M,,,,1670,2,40,AUG25,2012,
4319974,"Chen, Ryan Yueyan",NZL,M,,,,1636,3,40,AUG25,2012,
4304152,"Chen, Wei Kai",NZL,M,,,,1819,0,20,AUG25,1994,
4318072,"Chen, Xavier",NZL,M,,,,1556,0,40,AUG25,2013,i
4325702,"Choudhary, Abhinav",NZL,M,,,,1427,0,40,AUG25,2011,i
4307470,"Christie, Richie",NZL,M,,"FI,FA",,1808,0,20,AUG25,1973,
4302893,"Clarkson, Robert",NZL,M,,,,1629,0,20,AUG25,1941,
4314280,"Cloete, Hein Michael",NZL,M,,,,1456,0,40,AUG25,2006,i
4311540,"Coates, Alex",NZL,M,,,,1739,0,20,AUG25,2004,i
4313488,"Coen, Victor",NZL,M,,,,1785,0,40,AUG25,2008,i
4319443,"Coleman, Phil",NZL,M,,,,1763,0,40,AUG25,1970,
4302842,"Collingwood, Ron",NZL,M,,,,1744,0,40,AUG25,1937,i
4300645,"Compton, Alistair",NZL,M,,,,2044,0,20,AUG25,1969,
4314611,"Cooke, Xandi",NZL,M,,,,1693,0,40,AUG25,2005,i
4300556,"Cooper, David M",NZL,M,,,,1980,0,40,AUG25,1937,i
4300840,"Cooper, Nigel",NZL,M,,,,1613,0,20,AUG25,1943,
4300246,"Cornford, Lindsay H",NZL,M,,,,2123,0,20,AUG25,1941,i
4301951,"Cowen, Michael",NZL,M,,,,1933,0,40,AUG25,0,i
4312937,"Crack, Malcolm",NZL,M,,,,1894,0,40,AUG25,2000,i
4300793,"Croad, Nicolas",NZL,M,FM,,,2160,0,20,AUG25,1980,
4303210,"Crombie, William",NZL,M,,,,1743,0,20,AUG25,1955,i
4301463,"Cruden, Neil",NZL,M,,,,1932,0,20,AUG25,1937,i
4325516,"Cui, Harry",NZL,M,,,,1925,0,40,AUG25,1995,i
4313704,"Cui, Oscar",NZL,M,,,,1780,0,40,AUG25,2012,
4301218,"Cummings, Nick",NZL,M,,,,AGM,1897,0,AUG25,1961,
4303911,"Cunningham, Patrick D",NZL,M,,,,1756,0,40,AUG25,1934,i
4307305,"Dai, Oliver",NZL,M,,,,1860,0,20,AUG25,2004,i
4308972,"Daley, Monty",NZL,M,,,,1566,0,40,AUG25,2002,i
4314301,"Dann, Huw",NZL,M,,,,1616,4,20,AUG25,1984,
4302850,"Dare, Lillian",NZL,F,,,,1492,0,40,AUG25,1956,w
4301722,"Dare, Richard J",NZL,M,,,,1962,0,20,AUG25,1990,
4306120,"Darr, Samuel",NZL,M,,,,1587,0,40,AUG25,2006,i
4301897,"Davies, Geoff",NZL,M,,,,1851,0,40,AUG25,1947,i
4301250,"Davies, Robert E",NZL,M,,,,2130,0,40,AUG25,0,i
4316886,"Davis, Guy John",NZL,M,,,,1727,0,40,AUG25,1986,i
4301471,"Davis, Justin",NZL,M,,,,1956,0,20,AUG25,1972,i
4307330,"Day, Fabian",NZL,M,,,,1760,0,40,AUG25,1998,i
4321685,"De Guzman, Jessie",NZL,M,,,,AFM,1805,0,AUG25,1979,
4313585,"De Maupeou D`ableiges, Alexandre",NZL,M,,,,1911,5,20,AUG25,2005,
4328892,"Degapudi, Tamoghna Reddy",NZL,M,,,,1483,0,40,AUG25,2013,
4301560,"Dellaca, Bruce",NZL,M,,,,1786,0,40,AUG25,1945,i
4307976,"Deng, Abraham",NZL,M,,,,1683,0,40,AUG25,2007,i
4315383,"Deng, Frank",NZL,M,,,,1561,0,40,AUG25,2008,i
453480,"Dharmasena, Gavith",NZL,M,,,,1840,0,20,AUG25,2005,i
459127,"Dharmasena, Kian",NZL,M,,,,1768,0,40,AUG25,2007,i
4319990,"Ding, Andrey",NZL,M,,,,1405,0,40,AUG25,2014,
4321642,"Ding, Ark",NZL,M,,,,1555,0,40,AUG25,2009,
4300106,"Dive, Russell John",NZL,M,IM,,,2154,8,10,AUG25,1966,
4301692,"Dolejs, Dan",NZL,M,,,,1716,0,20,AUG25,1954,
4301021,"Donaldson, Bruce",NZL,M,,,,2051,0,20,AUG25,1978,i
4317947,"Dong, Jeremy",NZL,M,,,,1463,0,40,AUG25,2012,i
4303652,"Dong, Olivia",NZL,F,,,,1694,0,40,AUG25,2000,wi
4303601,"Dordevic, Ivan",NZL,M,CM,,,2081,0,20,AUG25,1960,i
4307046,"Doshi, Chirag",NZL,M,,,,1776,0,20,AUG25,1975,
4300572,"Dowden, R.A. Tony",NZL,M,CM,"FT,NA",,1939,7,20,AUG25,1960,
4300157,"Dreyer, Martin P",NZL,M,FM,,,2275,0,20,AUG25,1966,i
4301650,"Du Plessis, Megan",NZL,F,,,,1753,0,40,AUG25,1995,wi
4300378,"Duffield, Terence",NZL,M,,,,1800,0,20,AUG25,1958,
4305787,"Dukeson, Ryan",NZL,M,,,,1644,0,40,AUG25,2005,i
4302052,"Duneas, John",NZL,M,FM,,,1985,0,20,AUG25,1970,i
4300858,"Dunn, Alan",NZL,M,,,,1989,0,20,AUG25,1979,i
4301102,"Dunn, Paul",NZL,M,,,,2178,0,40,AUG25,1969,i
4302060,"Eade, Don",NZL,M,CM,,,1801,0,20,AUG25,1957,i
4317823,"Edmonds, Matthew",NZL,M,,,,1677,0,40,AUG25,1975,i
4313364,"Egorovtsev, Artem Edward",NZL,M,,,,1473,0,40,AUG25,2011,i
4300831,"Elliot, Darryn B.",NZL,M,,,,1957,0,40,AUG25,1973,i
4320875,"Estrada, Julian",NZL,M,,,,1481,0,40,AUG25,2013,i
4300076,"Evans, C A",NZL,M,,,,2300,0,20,AUG25,0,i
4317270,"Evans, David",NZL,M,,,,1511,0,40,AUG25,2006,i
4300211,"Evans, David J",NZL,M,,,,1973,0,20,AUG25,1961,i
4326504,"Fabay, Jenre Angelo",NZL,M,,,,1758,6,40,AUG25,2008,
4301439,"Fairley, Natasha",NZL,F,WFM,WFM,,1843,0,20,AUG25,1988,wi
4317190,"Familton, Gregory",NZL,M,,,,1702,0,20,AUG25,1974,
4304128,"Fan, Allen Chi Zhou",NZL,M,FM,,,2131,0,20,AUG25,2004,i
4311566,"Fan, Eric",NZL,M,,,,1509,3,40,AUG25,2009,
4326288,"Fang, Maximilian",NZL,M,,,,1674,3,40,AUG25,2012,
4301749,"Farrington, Lawrence",NZL,M,,,,1810,0,40,AUG25,1952,i
4312635,"Feng, Sophia",NZL,F,WCM,WCM,,1851,11,40,AUG25,2010,w
4307054,"Findlay, John",NZL,M,,,,1831,0,20,AUG25,1962,i
4325621,"Fisher, Theodore Calexico",NZL,M,,,,1580,0,40,AUG25,2010,i
4331249,"Fiveash, Liam",NZL,M,,,,1593,0,40,AUG25,2009,
4301358,"Forster, William",NZL,M,CM,NA,,1834,0,20,AUG25,1960,
4300289,"Foster, Fenella",NZL,F,,,,2020,0,20,AUG25,0,wi
4301242,"Fraemohs, Peter",NZL,M,,,,1998,0,20,AUG25,1949,i
4309057,"Francis, John",NZL,M,,,,1494,0,40,AUG25,1948,i
4300467,"Freeman, Michael Roy",NZL,M,CM,,,2202,3,20,AUG25,1960,
4304470,"Fu, Alex",NZL,M,,,,1468,0,40,AUG25,2004,i
4307437,"Fu, Tom",NZL,M,,,,1668,0,40,AUG25,2004,i
4301536,"Fuatai, Fuatai",NZL,M,,,,1915,0,20,AUG25,1970,
4307933,"Fukushima, Shoji",NZL,M,,,,1861,0,40,AUG25,1967,i
4306880,"Gallage K G, Roshan",NZL,M,,"FI,NA",,1757,0,40,AUG25,1979,i
4310292,"Gallage, Pamiru M G K",NZL,M,,,,1461,0,40,AUG25,2008,i
4326563,"Gamage, Binuk Dias Pahala",NZL,M,,,,1445,0,40,AUG25,2015,i
4310608,"Gan, Emily Cathay",NZL,F,WCM,WCM,,1720,2,40,AUG25,2010,w
4302460,"Gao, Hans",NZL,M,,,,2177,0,20,AUG25,1998,i
4305116,"Gao, Hugh Zihuai",NZL,M,,,,1649,0,20,AUG25,2005,i
4302257,"Gao, Judy",NZL,F,WFM,WFM,,1939,0,20,AUG25,1994,wi
4300122,"Garbett, Paul Anthony",NZL,M,IM,,,2168,0,20,AUG25,1952,
4317572,"Gaynor, Alan",NZL,M,,,,1700,0,20,AUG25,1989,
4319451,"Geilik, Ben",NZL,M,,,,1714,0,40,AUG25,2006,i
4319460,"Geilik, Ron",NZL,M,,,,1682,0,40,AUG25,2006,
4305604,"Ghadiali, Renae",NZL,F,WCM,WCM,,1587,0,20,AUG25,2005,wi
4305612,"Ghadiali, Saasha",NZL,F,,,,1554,0,20,AUG25,2005,wi
4300700,"Gibbons, Robert",NZL,M,FM,FI,,1826,8,20,AUG25,1949,
4300866,"Giles, Benjamin",NZL,M,,,,1951,17,20,AUG25,1976,
4303474,"Gillespie, John G",NZL,M,,,,1609,0,40,AUG25,1958,i
4317548,"Gilmore, Blake",NZL,M,,,,1767,0,20,AUG25,2003,
4302729,"Gilmour, Mark",NZL,M,,,,1694,0,20,AUG25,1964,
4311710,"Goddard, Sebastian",NZL,M,,,,1541,0,40,AUG25,2008,i
4302273,"Godfrey, Paul",NZL,M,,,,2044,0,40,AUG25,1979,i
4301579,"Gold, Hamish R",NZL,M,,,,1726,0,20,AUG25,1970,
4300220,"Gollogly, David",NZL,M,,,,2215,0,20,AUG25,1959,i
4303962,"Gong, Daniel Hanwen",NZL,M,FM,"FI,NA",,2246,0,20,AUG25,2003,
4307275,"Gong, Jie",NZL,M,,,,1631,0,20,AUG25,1970,
4300947,"Goodhue, Nathan",NZL,M,,,,1966,0,20,AUG25,1965,i
4302478,"Gothorp, Thomas H.T.",NZL,M,,,,1695,0,40,AUG25,1957,i
4329040,"Graham, Rchard",NZL,M,,,,1672,0,40,AUG25,1984,
4328124,"Grant, Tyne",NZL,M,,,,1730,0,40,AUG25,2007,
4312945,"Gray, Connor",NZL,M,,,,1822,0,40,AUG25,2006,i
4309235,"Grayston, Glenn",NZL,M,,,,1684,0,40,AUG25,1947,i
4300114,"Green, Ewen M",NZL,M,FM,FT,,2194,0,20,AUG25,1950,i
4331605,"Green, Nathan",NZL,M,,,,1520,5,40,AUG25,1994,
4300130,"Green, Peter",NZL,M,FM,,,2245,0,20,AUG25,0,i
4304136,"Gribben, Chris",NZL,M,,,,1753,0,20,AUG25,1960,i
4314964,"Gu, Claire Yuqi",NZL,F,,,,1602,2,40,AUG25,2012,w
4317041,"Gu, Isaac",NZL,M,,,,1527,2,40,AUG25,2012,
4310837,"Guan, Ar John",NZL,M,,,,AFM,1666,0,AUG25,1991,i
4318234,"Guan, Dian",NZL,M,,,,1767,0,40,AUG25,2012,
4303547,"Guico, Leo",NZL,M,,,,1949,0,40,AUG25,1970,i
4311450,"Gunawan, Geoffrey",NZL,M,,,,1721,0,40,AUG25,2001,i
4301110,"Gunn, Neil J",NZL,M,,,,1791,3,20,AUG25,1961,
4319672,"Guo, Anne Xuduo",NZL,F,,,,1645,6,40,AUG25,2016,w
4325486,"Guo, Benjamin",NZL,M,,,,1783,8,20,AUG25,2005,
4300505,"Guthrie, David W",NZL,M,CM,,,2077,0,20,AUG25,1977,i
12417246,"Ha, Timothy Huy Minh",NZL,M,,NA,,1782,16,20,AUG25,1972,
4308808,"Hackney, Connor",NZL,M,,,,1588,0,40,AUG25,1999,
4308794,"Hackney, Leyton",NZL,M,,,,1758,0,40,AUG25,1966,i
405647,"Hague, Ben",NZL,M,FM,,,2336,0,10,AUG25,1973,
4300769,"Hair, Philip I",NZL,M,,NI,,1864,0,20,AUG25,1954,
4303350,"Halim, Izzah",NZL,F,,,,1645,0,40,AUG25,2000,wi
4330030,"Hall, Ben",NZL,M,,,,1499,0,40,AUG25,1999,
4301030,"Hall, Craig",NZL,M,,"FI,AO",,1975,0,40,AUG25,1979,i
4331109,"Hall, John Robert",NZL,M,,,,1565,0,40,AUG25,1959,
4306821,"Hall, Nathan",NZL,M,,,,1777,0,40,AUG25,1997,i
4313119,"Hamalala, Ronald",NZL,M,,"NI,NA",,1690,6,20,AUG25,1973,
4302125,"Hamilton, Paul",NZL,M,,,,1773,0,40,AUG25,0,i
4306554,"Han, Allan",NZL,M,,,,1637,0,40,AUG25,2006,i
4300025,"Han, Daniel",NZL,M,,,,2109,0,20,AUG25,1984,
4317017,"Han, Ethan Yichen",NZL,M,,,,1496,0,40,AUG25,2012,
4330560,"Hansen, Matthew",NZL,M,,,,1507,0,40,AUG25,1979,
4300629,"Hare, Tim",NZL,M,,,,2086,2,20,AUG25,1960,
4325648,"Harris, Adam",NZL,M,,,,1656,0,40,AUG25,2006,
4300777,"Hart, Ralph",NZL,M,,,,2048,0,20,AUG25,1966,i
4329864,"Hawke, Amy",NZL,F,,,,1515,3,40,AUG25,2012,w
4300530,"Hawkes, Peter D.",NZL,M,,,,2170,0,40,AUG25,0,i
4307615,"He, Zhi Cheng (Caleb)",NZL,M,,,,1674,0,20,AUG25,2006,i
4307623,"He, Zhi Yu (Paul)",NZL,M,,,,1931,3,40,AUG25,2008,
4309553,"Healey, Liam",NZL,M,,,,1699,0,40,AUG25,1992,i
4309260,"Heperi, Dallin",NZL,M,,,,1747,0,40,AUG25,1958,i
4318250,"Hettiarachchi, Buthsara",NZL,M,,,,1860,15,40,AUG25,2011,
4318269,"Hettiarachchi, Kisara",NZL,M,,,,1709,8,40,AUG25,2013,
4311469,"Heyworth, Nicholas",NZL,M,,,,1830,0,40,AUG25,2000,i
4314042,"High, Ryan",NZL,M,,,,1776,0,40,AUG25,1984,
4300424,"Hill, Martin",NZL,M,,,,1896,0,20,AUG25,1974,
4328906,"Hoang, Lucas",NZL,M,,,,ACM,1653,10,AUG25,2013,
4304233,"Holdaway, Steven",NZL,M,,,,1758,0,40,AUG25,1977,i
4303865,"Holdaway, Stewart",NZL,M,,,,1786,0,40,AUG25,1976,i
4304586,"Holdo, Karl",NZL,M,,,,1703,9,20,AUG25,1972,
4313160,"Holland, David",NZL,M,,,,1566,7,20,AUG25,1958,
4314379,"Hookings, Jonathon",NZL,M,,,,1668,0,20,AUG25,2005,
4321049,"Hooper, John",NZL,M,,,,1443,0,40,AUG25,1994,i
4306325,"Hooton, Barry R",NZL,M,,,,1465,4,20,AUG25,1954,
4300939,"Hothersall, Rik",NZL,M,,,,1885,0,20,AUG25,1954,i
4311817,"Hou, Shuxin Sandra",NZL,F,,,,1499,0,40,AUG25,2013,w
4317386,"Howe, Alexander",NZL,M,,,,1612,0,40,AUG25,2010,i
4304942,"Hu, Erica Yue",NZL,F,,,,1587,0,40,AUG25,2004,wi
4325869,"Hu, Nolan",NZL,M,,,,1472,6,40,AUG25,2016,
4304950,"Hu, Selena Xi",NZL,F,,,,1533,0,40,AUG25,2006,wi
4302508,"Huang, Alex",NZL,M,CM,,,1961,0,20,AUG25,1994,
4324986,"Huang, Mario Jingnan",NZL,M,,,,1475,0,40,AUG25,2010,
4318153,"Huang, Tony",NZL,M,,,,1598,0,40,AUG25,2005,i
4313771,"Huang, Ziyang (Jayden)",NZL,M,,,,1665,0,40,AUG25,2011,
4317394,"Hunt, Liam",NZL,M,,,,1669,0,40,AUG25,1992,i
4310233,"Hurndell, Robert",NZL,M,,,,1735,0,20,AUG25,1981,
4313313,"Hwang, Ryan",NZL,M,,,,1720,5,40,AUG25,2011,
4324153,"Ingan, Angelito",NZL,M,,,,1767,0,40,AUG25,1991,i
4303806,"Isaac, Ceferino",NZL,M,,DI,,1770,3,20,AUG25,1943,
4331524,"Iyer, Agastya Shankar",NZL,M,,,,1446,8,40,AUG25,2015,
4326580,"Jackson, Jon R",NZL,M,,,,1735,0,40,AUG25,1950,i
4301501,"Jackson, L. Ross",NZL,M,,,,1824,0,20,AUG25,1958,
4304020,"Jacobs, Hilton",NZL,M,,,,1742,0,20,AUG25,1956,
4308883,"Jain, Uday",NZL,M,,,,1647,0,20,AUG25,2005,i
4303482,"James, Jack",NZL,M,CM,,,2050,0,20,AUG25,1998,i
4303555,"Jashari, Xhevdet",NZL,M,,,,1934,0,40,AUG25,1957,i
4330510,"Jasreman Preet, Singh",NZL,M,,,,1703,0,40,AUG25,2012,
4314026,"Jelley, Arch",NZL,M,,,,1935,0,40,AUG25,1951,i
4306449,"Jellyman, Riley",NZL,M,,,,1915,0,20,AUG25,2000,i
4304535,"Jia, Hao",NZL,M,,,,1944,0,20,AUG25,1999,i
4311922,"Jiang, Bevis",NZL,M,,,,1575,0,40,AUG25,2008,i
4325877,"Jiang, James Feng",NZL,M,,,,1522,3,40,AUG25,1978,
4317726,"Jiang, Patrick Di",NZL,M,,,,1844,13,40,AUG25,2013,
4308956,"Jin, Owen",NZL,M,,,,1723,0,20,AUG25,2003,i
4324900,"Jin, Yanbo",NZL,M,,NA,,1992,10,40,AUG25,2007,
4310802,"Joel, Chris",NZL,M,,,,1616,0,20,AUG25,1963,
4303369,"Johari, Halim",NZL,M,,,,1707,4,20,AUG25,1970,
4303296,"Johns, Daniel P",NZL,M,,NA,,1699,3,20,AUG25,1975,
4301480,"Johnson, Quentin J.F.",NZL,M,,,,1942,0,20,AUG25,1970,
4314123,"Jones, Christopher",NZL,M,,,,1494,0,40,AUG25,1998,i
4310241,"Jones, Stephen K",NZL,M,,,,1560,0,20,AUG25,1974,i
4308816,"Joseph, Joji Chacko",NZL,M,,,,1634,0,40,AUG25,2001,i
110033465,"Joseph, Ritika",NZL,F,,,,1611,0,40,AUG25,2010,wi
4301757,"Judkins, Gary",NZL,M,,,,1567,0,40,AUG25,1949,i
4321618,"Kalra, Pulkit",NZL,M,,,,1585,0,40,AUG25,1996,i
4304594,"Kamberi, Paul",NZL,M,,,,1633,0,20,AUG25,1962,i
4323980,"Kannan, Vidhur",NZL,M,,,,1474,0,40,AUG25,2014,
4321472,"Karlsson, Martin",NZL,M,,,,1586,0,40,AUG25,1978,i
4312597,"Kay, Peter",NZL,M,,,,1919,0,40,AUG25,1960,i
4305442,"Kc, Dipenpra",NZL,M,,,,1679,0,40,AUG25,1990,i
4302001,"Keeling, Roy L",NZL,M,,,,1550,0,40,AUG25,1934,i
4320913,"Keith, Matthew",NZL,M,,,,1839,0,40,AUG25,2010,
4304250,"Kennedy, Ian",NZL,M,,,,1691,0,40,AUG25,1961,i
4300084,"Ker, Anthony F",NZL,M,IM,,,2201,7,10,AUG25,1967,
4319486,"Kerr, Atlas",NZL,M,,,,1859,0,20,AUG25,2005,
4305620,"Kerr, Grant",NZL,M,,,,1708,4,20,AUG25,1948,
4324579,"Khanolkar, Aarush",NZL,M,,,,AFM,1506,6,AUG25,2014,
4324587,"Khanolkar, Amrish",NZL,M,,,,1587,0,40,AUG25,1981,
4314654,"Khawaja, Ahmad",NZL,M,,,,1768,0,40,AUG25,1987,i
4301609,"Kieboom, Bert",NZL,M,,,,1956,0,20,AUG25,1935,
4311612,"Kim, Eddie",NZL,M,,,,1654,0,40,AUG25,2007,i
4300688,"King, Mathew J",NZL,M,,,,1969,0,20,AUG25,1979,i
4315472,"Kippenberger, James",NZL,M,,,,1534,0,40,AUG25,1992,i
4309669,"Knightbridge, Wayne",NZL,M,,,,1733,0,20,AUG25,1954,i
4324161,"Koentges, Thomas",NZL,M,,,,1581,0,40,AUG25,1981,i
4303970,"Kolev, Hristo",NZL,M,,,,1889,0,40,AUG25,1998,
3219445,"Kong-Lim, Qi Le",NZL,M,,,,1926,0,20,AUG25,2000,i
4317149,"Koo, Ryan Gyeong Mo",NZL,M,,,,1870,0,40,AUG25,1999,
4321928,"Koptev, Ivan",NZL,M,,,,1484,0,40,AUG25,1996,i
4324820,"Korolev, Aleksei",NZL,M,,,,1517,5,40,AUG25,2013,
4328086,"Korolev, Konstantin",NZL,M,,,,1493,0,40,AUG25,1983,
4325427,"Korolev, Maksim",NZL,M,,,,1560,2,40,AUG25,2016,
4306406,"Kozakevych, Sergiy",NZL,M,,,,1815,0,40,AUG25,1972,i
4300602,"Krstev, Antonio",NZL,M,,,,1889,3,20,AUG25,1960,
4301994,"Krstev, Mario",NZL,M,,,,2095,0,20,AUG25,1991,i
4324250,"Kuch, Matthew",NZL,M,,,,1697,0,40,AUG25,1974,i
4300599,"Kulashko, Alexei",NZL,M,FM,,,2336,0,10,AUG25,1972,i
4307348,"Kulkarni, Yogesh",NZL,M,,,,1850,0,20,AUG25,1986,
4315340,"Ladur, Peter",NZL,M,,,,1642,0,40,AUG25,2006,i
4328574,"Lai, David",NZL,M,,,,1702,0,40,AUG25,2008,
4311108,"Laking, Robert",NZL,M,,,,1851,0,40,AUG25,1995,i
4307208,"Lal, Krystal",NZL,F,,,,1567,0,40,AUG25,2004,wi
4300521,"Lambert, Luke",NZL,M,,,,2008,0,40,AUG25,0,i
4305558,"Lamerton, Troy",NZL,M,,,,1755,0,40,AUG25,1995,i
4309626,"Lamont, Iain",NZL,M,,,,1923,0,40,AUG25,1958,
4312600,"Lane, Richard",NZL,M,,,,1516,0,40,AUG25,1962,i
4314557,"Langford, Joshua",NZL,M,,,,1919,7,20,AUG25,2005,
4301269,"Latimer, Bryan",NZL,M,,,,2022,0,20,AUG25,0,i
4314581,"Lau, Brillion Yan Jun",NZL,M,,,,1731,0,40,AUG25,2008,i
4317050,"Lau, Great Boyou",NZL,M,,,,1598,0,40,AUG25,2016,
4305345,"Laughland, Alexander",NZL,M,,,,1773,0,40,AUG25,1972,i
4307410,"Laurie, Ian",NZL,M,,,,1898,0,40,AUG25,1945,i
4301129,"Le Brocq, Mark J.",NZL,M,,,,2121,0,40,AUG25,1980,i
4312023,"Leach, Alan",NZL,M,,,,1514,0,40,AUG25,1973,i
4301226,"Lean, David",NZL,M,,,,1998,0,40,AUG25,0,i
4310098,"Lee, Dylan E S",NZL,M,,,,1553,0,20,AUG25,2003,
4303229,"Lee, Edward S",NZL,M,,,,2016,0,20,AUG25,1967,
4306570,"Lee, Fergus",NZL,M,,,,1690,0,20,AUG25,2004,i
4325036,"Lee, Jaden Jhia Xing",NZL,M,,,,1536,0,40,AUG25,2014,
4304608,"Lee, Miles",NZL,M,CM,,,2062,8,20,AUG25,1999,
4325362,"Lee, Oliver",NZL,M,,,,1788,0,40,AUG25,2008,
4321960,"Lee, Seungjin",NZL,M,,,,1415,0,40,AUG25,2009,i
4308999,"Legner, James",NZL,M,,,,1712,0,40,AUG25,2001,i
4322010,"Lemuelu, Penani Michael Julius",NZL,M,,,,1445,0,40,AUG25,1987,
4326628,"Leon, Marco",NZL,M,,,,1778,0,40,AUG25,1983,
4300203,"Levene, Mark",NZL,M,,,,2225,0,20,AUG25,1957,i
4309561,"Lewis, Jordan",NZL,M,,,,1781,0,20,AUG25,1994,i
4322231,"Lewis, Thomas",NZL,M,,,,1486,0,40,AUG25,2002,
4306597,"Li, Allen",NZL,M,,,,1823,0,20,AUG25,2006,i
4306600,"Li, Andrew",NZL,M,,,,1747,0,20,AUG25,2005,i
4322380,"Li, Anthony",NZL,M,,,,1547,0,40,AUG25,2012,
4317289,"Li, Bill",NZL,M,,,,1599,0,40,AUG25,2008,i
4330757,"Li, Fiona Chenxi",NZL,F,,,,1428,0,40,AUG25,2018,w
4320069,"Li, Hanxiao Lucas",NZL,M,,,,1477,0,40,AUG25,2014,
4304284,"Li, Johnson",NZL,M,,,,2092,0,40,AUG25,1996,i
4304497,"Li, Leo Xiang Yu",NZL,M,,,,1560,0,20,AUG25,2004,i
4321855,"Li, Louis",NZL,M,,,,1408,0,40,AUG25,2007,i
4325052,"Li, Nathaniel",NZL,M,,,,1456,0,40,AUG25,2010,
4317009,"Li, Olivia",NZL,F,,,,1661,4,40,AUG25,2014,w
4304500,"Li, Rodney Xiang Rei",NZL,M,,,,1684,0,20,AUG25,2002,i
4303300,"Li, Xiang Wei William",NZL,M,,,,1970,0,20,AUG25,1998,i
4316959,"Li, Yutong",NZL,M,,,,1486,0,40,AUG25,2009,i
4303431,"Li, Zuhao Luke",NZL,M,FM,,,2373,0,20,AUG25,1997,i
4315251,"Lian, Leo Yitao",NZL,M,,,,1552,0,40,AUG25,2014,i
4325087,"Liang, Nancy",NZL,F,,,,1527,0,40,AUG25,2014,w
4325095,"Liang, Neo Bohan",NZL,M,,,,1526,0,40,AUG25,2011,
4316665,"Liang, Qixuan",NZL,M,,,,1705,0,40,AUG25,2007,i
30924880,"Liang, Ting",NZL,F,,,,1578,9,20,AUG25,1978,w
4325753,"Liang, Xibing",NZL,M,,,,1663,4,20,AUG25,1988,
4326385,"Lieser, Joshua",NZL,M,,,,1739,0,40,AUG25,2010,
4309766,"Liley, Fin",NZL,M,,,,1492,0,40,AUG25,2003,i
4300971,"Lim, Benjamin U",NZL,M,CM,,,1903,0,20,AUG25,1961,i
4313372,"Lim, Louis",NZL,M,,,,1719,0,40,AUG25,1988,i
4310160,"Lin, Michael",NZL,M,,,,1816,0,40,AUG25,2004,
4313801,"Lin, Sam",NZL,M,,,,1549,2,40,AUG25,2009,
4308441,"Lin, Stanley",NZL,M,,,,1536,0,40,AUG25,2008,i
4317785,"Lino Serron, Nahuel",NZL,M,,,,1658,0,20,AUG25,1999,
4312155,"Lissienko, Sasha",NZL,M,,,,1768,0,40,AUG25,1997,i
4303490,"List, Robert",NZL,M,,,,1653,0,20,AUG25,1958,
4303563,"Liu, Brian",NZL,M,,,,1890,0,40,AUG25,1997,i
4314859,"Liu, Brian",NZL,M,,,,1718,0,40,AUG25,2006,
4302877,"Liu, Cecily",NZL,F,,,,1828,0,40,AUG25,1990,wi
4320107,"Liu, Eric Jianchi",NZL,M,,,,1561,2,40,AUG25,2013,
4311140,"Liu, Ethan Yichen",NZL,M,,,,1461,0,40,AUG25,2005,i
8614059,"Liu, James Jiayu",NZL,M,,,,1782,0,40,AUG25,2003,i
4328965,"Liu, Jayden",NZL,M,,,,1417,0,40,AUG25,2013,
4307887,"Liu, John",NZL,M,,,,1519,0,20,AUG25,2006,i
4309960,"Liu, Lucas",NZL,M,,,,1426,0,40,AUG25,2008,i
4315413,"Liu, Mark",NZL,M,,,,1418,0,40,AUG25,2008,i
4316967,"Liu, Richard Jingjie",NZL,M,,,,1857,8,40,AUG25,2013,
8614237,"Liu, Tracy Jiajie",NZL,F,,,,1522,0,40,AUG25,2008,wi
4313593,"Liu, William Rui",NZL,M,CM,,,2061,3,40,AUG25,2011,
4307895,"Liu, Xinyang",NZL,M,,,,1782,0,20,AUG25,2002,i
4312546,"Liu, Zikun Kenneth",NZL,M,,,,1776,0,40,AUG25,2011,i
4316681,"Lobanov, Nikita",NZL,M,,,,1579,0,40,AUG25,2009,i
4324277,"Lobb, Oscar",NZL,M,,,,1773,0,40,AUG25,2003,i
4313186,"Loke, Kayden",NZL,M,,,,2018,0,40,AUG25,2008,
4317521,"Lomberg, Sundeia",NZL,F,,,,1473,0,40,AUG25,1985,wi
4324170,"Loos, Rick",NZL,M,,,,1626,0,40,AUG25,1960,i
4310942,"Loretan, Alf",NZL,M,,,,1741,0,40,AUG25,1958,
4305280,"Lough, Max",NZL,M,,,,1740,0,40,AUG25,2001,i
4305469,"Lourenco, Eva",NZL,F,WCM,WCM,"NI,NA",1627,7,20,AUG25,1970,w
4300262,"Love, Anthony J.",NZL,M,FM,,,2235,0,20,AUG25,1960,i
4311523,"Lu, Charles",NZL,M,,,,1604,0,40,AUG25,2007,i
4317076,"Lu, Xiahan (Luna)",NZL,F,WCM,WCM,,1770,9,40,AUG25,2013,w
4307445,"Lukey, Bryce",NZL,M,,,,1673,0,20,AUG25,2004,i
4300386,"Lukey, Stephen G",NZL,M,FM,,,2037,0,20,AUG25,1968,
4303148,"Lyall, Simon",NZL,M,,,,1819,0,20,AUG25,1971,i
4300785,"Lynn, K William",NZL,M,,FI,,1810,0,20,AUG25,1944,i
4311094,"Ma, Michael Yanhe",NZL,M,,,,1509,0,40,AUG25,2007,i
4319680,"Ma, Roy",NZL,M,,,,1423,2,40,AUG25,2014,
4301277,"Macdonald, Paul",NZL,M,,"FI,NA",,1918,0,20,AUG25,1971,i
4301870,"Machdoem, Andhika",NZL,M,,,,2095,0,40,AUG25,1986,i
4307984,"Madden, Danny",NZL,M,,,,1663,0,40,AUG25,1959,i
4311531,"Madhav, Aanand",NZL,M,,,,1645,0,40,AUG25,2006,i
4316975,"Madhavan, Kugan",NZL,M,,,,1445,0,40,AUG25,2012,i
4315073,"Malcolm, Aidan",NZL,M,,,,1768,3,20,AUG25,2002,
4317408,"Malcolm, Leo",NZL,M,,,,1783,0,20,AUG25,2004,
4307593,"Mallela, Sragvi",NZL,F,,,,1422,0,40,AUG25,2009,wi
4306147,"Malton, Isabella",NZL,F,,,,1469,0,40,AUG25,2006,wi
4321235,"Manogaran, Venkat",NZL,M,,,,1618,0,40,AUG25,1986,i
4311370,"Mao, Daqi",NZL,M,FM,,,2200,8,40,AUG25,2012,
4300653,"Marner, Gavin",NZL,M,,,,1812,3,20,AUG25,1961,
4313054,"Marowa, Munyaradzi",NZL,M,,,,1525,0,40,AUG25,1990,i
4300050,"Martin, Benjamin M S",NZL,M,IM,,,2375,0,10,AUG25,1969,i
4301285,"Martin-Buss, Barry",NZL,M,,,,2030,0,40,AUG25,1966,i
4304179,"Martin-Buss, Sean",NZL,M,,,,1831,0,40,AUG25,1994,i
4300564,"Mastilovich, Rajko",NZL,M,,,,2085,0,40,AUG25,1956,i
4324099,"Matich, Troy",NZL,F,,,,1492,0,40,AUG25,2001,w
4317416,"Mavaram, Eashan",NZL,M,,,,1620,0,40,AUG25,2012,
4300335,"McCarthy, Katrine",NZL,F,,,,2005,0,40,AUG25,1961,wi
4303768,"McClintock, Nathaniel",NZL,M,,,,1614,0,40,AUG25,1996,i
4317858,"McCollum, Liam",NZL,M,,,,1670,0,40,AUG25,2001,
4321871,"McConnell, Jack",NZL,M,,,,1788,14,20,AUG25,2001,
4301137,"McCrone, Jeffrey",NZL,M,,,,2048,0,20,AUG25,1972,i
4314433,"McDonald, Duncan",NZL,M,,,,1831,0,20,AUG25,2003,
4301145,"McDonald, John A",NZL,M,,,,1987,0,20,AUG25,1965,i
4326440,"McDonald, Logan D",NZL,M,,,,1501,0,40,AUG25,2004,
4304985,"McDougall, Euan",NZL,M,,,,1834,0,20,AUG25,2002,
4305140,"McDougall, Sylvia",NZL,F,,,,1537,0,20,AUG25,2004,wi
4305485,"McDougall, Wayne",NZL,M,,"NI,NA",,1625,0,20,AUG25,1967,i
4314743,"McEwen, Matheson",NZL,M,,,,1780,0,40,AUG25,1997,
4308190,"McIntosh, Andrew D",NZL,M,,,,1798,0,40,AUG25,1968,i
4330021,"McIntosh, Fraser",NZL,M,,,,1661,0,40,AUG25,1996,
4300394,"McKenzie, Peter D",NZL,M,,,,2265,0,40,AUG25,1966,i
4301803,"McKerras, Ross",NZL,M,,,,1994,0,40,AUG25,1950,i
4300270,"McLaren, Leonard J",NZL,M,FM,FI,,2025,0,20,AUG25,1964,
4319508,"McLean, Gary",NZL,M,,,,1542,0,40,AUG25,1951,
4303245,"McLeod, Hugh",NZL,M,,,,1637,0,20,AUG25,1971,
4324935,"McNabb, Ashlee-Deanna",NZL,F,,,,1834,0,40,AUG25,1996,w
4300823,"McNabb, Matthew David",NZL,M,,NA,,2044,0,20,AUG25,1979,
4319524,"McPherson, Timothy J",NZL,M,,,,1560,0,40,AUG25,1954,
4317599,"Mei, Zihan",NZL,M,,,,1721,0,40,AUG25,2008,i
4312651,"Membrere, Briene",NZL,M,,,,AFM,1857,0,AUG25,1991,i
4305736,"Mendes, Leticia",NZL,F,,,,1565,0,40,AUG25,1993,wi
4317750,"Meng, Harrison Xiang Zhi",NZL,M,,,,1605,4,40,AUG25,2012,
4305000,"Meng, Richard",NZL,M,CM,,,2068,0,20,AUG25,2006,i
4301811,"Merriman, Stephen",NZL,M,,,,1912,0,40,AUG25,1985,i
4300181,"Metge, J. Nigel",NZL,M,,"NI,NA",,1912,3,20,AUG25,1957,
14300435,"Meyer, Marany",NZL,F,WIM,WIM,,2031,0,20,AUG25,1984,wi
4302567,"Michael, Andrew",NZL,M,,,,1568,3,20,AUG25,1960,
4321243,"Michael, Robbie",NZL,M,,,,1605,0,40,AUG25,2001,i
1004930,"Middelburg, Tom",NZL,M,IM,,,2345,0,10,AUG25,1980,
2401312,"Milligan, Helen",NZL,F,CM,WFM,"AO,FI",1877,0,20,AUG25,1962,w
4312066,"Milne, Virginia",NZL,F,,,,1502,4,20,AUG25,1947,w
4325532,"Miriyala, Sreenikesh",NZL,M,,,,1436,0,40,AUG25,2014,
4313410,"Mironov, Eric",NZL,M,,,,1762,0,40,AUG25,2007,i
4301390,"Mistry, Prashant",NZL,M,,,,1836,0,20,AUG25,1973,i
4302095,"Mitchell, Robert",NZL,M,,,,1712,0,20,AUG25,1941,i
4316738,"Moffitt, Samuel",NZL,M,,,,1717,0,40,AUG25,2007,i
4321162,"Morgan, Alistair",NZL,M,,,,1531,0,40,AUG25,2003,i
2601958,"Morrell, Gord",NZL,M,,FI,,2051,0,20,AUG25,1958,i
4308247,"Morrin, Daniel",NZL,M,,,,1705,0,40,AUG25,1999,i
4325478,"Moses, Christopher",NZL,M,,,,1615,0,20,AUG25,1995,
4309120,"Mudaliar, Rohit",NZL,M,,,,1629,0,20,AUG25,2005,i
4302737,"Mukkattu, Philip",NZL,M,,NI,,1601,0,20,AUG25,1966,
4306376,"Mulinder, Guy",NZL,M,,,,1789,0,40,AUG25,1988,i
4310110,"Mullage, Janitha (jc)",NZL,M,,,,1595,0,40,AUG25,1983,i
4301676,"Mulligan, Allan W.",NZL,M,,,,1856,0,40,AUG25,1946,i
4305914,"Murdoch, Stephen",NZL,M,,,,1651,5,20,AUG25,1961,
4324005,"Muthukumaran, Sriram",NZL,M,,,,1643,0,40,AUG25,2010,
4307577,"Nagorski, Alex",NZL,M,CM,,,1951,5,20,AUG25,1976,
4314158,"Nascimento, Francisco",NZL,M,,,,1824,0,40,AUG25,2005,
4317556,"Nelson, Edwin",NZL,M,,,,1802,0,40,AUG25,2003,i
4331923,"Newton, Kotua",NZL,M,,,,1645,7,40,AUG25,2010,
4311752,"Ng, Lok Jim (Lauren)",NZL,F,,,,1652,0,40,AUG25,2011,w
4317866,"Ng, Matthias",NZL,M,,,,1435,0,40,AUG25,2008,i
4313496,"Nguyen, Bao Le Minh",NZL,M,,,,1528,0,40,AUG25,2004,i
4330730,"Nguyen, Ben",NZL,M,,,,1470,6,40,AUG25,2012,
4321251,"Nguyen, Kane",NZL,M,,,,1496,7,40,AUG25,2010,
4303776,"Nicholls, Leighton",NZL,M,CM,,,1870,7,20,AUG25,1997,
4321499,"Nicholson, Tom",NZL,M,,,,1640,0,40,AUG25,1975,
4307224,"Nie, David",NZL,M,,,,1586,0,40,AUG25,2005,i
4302311,"Nijman, Brian",NZL,M,,,,1975,0,20,AUG25,1963,i
4311833,"Nimmakayala, Srirama Vikhyath",NZL,M,,,,AFM,1802,7,AUG25,2012,
4307763,"Ning, Isabelle Yixuan",NZL,F,CM,WCM,,2023,2,40,AUG25,2009,w
4307950,"Nisa, Hildon",NZL,M,,,,1723,0,40,AUG25,1981,i
4300319,"Noble, Mark Frederick",NZL,M,FM,,,2211,0,20,AUG25,1962,i
4300068,"Nokes, Roger I",NZL,M,FM,,,2296,0,20,AUG25,1958,i
4304012,"Nolan, Graham",NZL,M,,,,1834,0,40,AUG25,1959,i
4328159,"Norriss, Tony",NZL,M,,,,1926,0,40,AUG25,1960,i
4305647,"Notley, David G",NZL,M,CM,,,1865,0,40,AUG25,1959,i
4301064,"Nyberg, Michael",NZL,M,,,,1930,0,20,AUG25,1976,i
4305019,"Nylund, Benjamin",NZL,M,,,,1664,0,20,AUG25,2004,
4305027,"Nylund, Micah",NZL,M,,,,1662,0,40,AUG25,2004,i
4305035,"Nylund, Timothy",NZL,M,,,,1591,0,20,AUG25,2001,i
4331060,"OBrien, Finn",NZL,M,,,,1755,4,40,AUG25,2010,
4308204,"OBrien, Jarrod",NZL,M,,,,1799,0,40,AUG25,1953,
4326598,"ODempsey, Rowan",NZL,M,,,,1532,0,40,AUG25,2006,i
4311485,"Osborne, Geoff",NZL,M,,,,1510,0,40,AUG25,1960,
4317203,"Oseki, Noah",NZL,M,,,,1733,0,40,AUG25,2003,i
4310713,"Oshri, Eden",NZL,M,,,,1424,0,40,AUG25,2009,i
4305574,"Pakenham, John",NZL,M,,,,1574,1,20,AUG25,1946,
4309987,"Pan, Alexander Hanrui",NZL,M,,,,1746,5,40,AUG25,2010,
4304519,"Pan, Darrick",NZL,M,,,,1717,0,40,AUG25,2003,i
1208438,"Parfene, Horatiu",NZL,M,,SI,,2085,0,20,AUG25,1980,i
4331257,"Park, Nigel",NZL,M,,,,1720,6,40,AUG25,1972,
4309090,"Park-Tamati, Philli",NZL,M,,,,1915,0,20,AUG25,2004,i
4330692,"Patros, Panos",NZL,M,,,,1510,6,40,AUG25,1985,
4304110,"Paul, David",NZL,M,,,,1723,0,40,AUG25,1962,i
4320476,"Paulsen, Jens",NZL,M,,,,1861,0,40,AUG25,1964,i
4317211,"Paxton, Levi",NZL,M,,,,1771,0,40,AUG25,2006,i
4328841,"Paz, Rolando",NZL,M,,,,1559,0,40,AUG25,1973,
4305493,"Peak, Stephen",NZL,M,,,,1682,0,20,AUG25,1969,i
4324838,"Pei, Yanshuo",NZL,M,,,,1744,7,40,AUG25,2011,
4312074,"Pendharkar, Ajit",NZL,M,,,,1629,0,40,AUG25,1960,i
4319540,"Pene, Tiwa",NZL,M,,,,1637,0,40,AUG25,1979,
4326318,"Peoples, Bobby",NZL,M,,,,1495,0,40,AUG25,1968,
4319559,"Perera, Oshadha",NZL,M,,,,1495,0,40,AUG25,2005,i
4301552,"Petch, William",NZL,M,,,,2115,0,40,AUG25,0,i
4319311,"Petersen, Oscar M",NZL,M,,,,1454,0,40,AUG25,2013,i
4302206,"Petreski, Filip",NZL,M,,,,2101,0,40,AUG25,1991,i
4324595,"Pham, Dang Khoi",NZL,M,,,,1588,7,40,AUG25,2011,
4315359,"Phillips, Robert",NZL,M,,,,1645,0,40,AUG25,1972,i
4304764,"Picken, Oliver",NZL,M,CM,,,1860,0,20,AUG25,2003,i
15800016,"Pinic, Noel",NZL,M,,,,2060,0,20,AUG25,1970,i
4312988,"Piwari, Dylan Tama",NZL,M,,,,1893,5,20,AUG25,1993,
4304780,"Polishchuk, Kirill",NZL,M,,,,2205,0,20,AUG25,1983,i
4300416,"Pomeroy, Arthur J",NZL,M,,NA,,1938,0,20,AUG25,1953,i
4300696,"Post, Martin",NZL,M,,,,1743,0,20,AUG25,1957,
4310250,"Power, Anthony",NZL,M,,,,1682,0,40,AUG25,1955,i
4301366,"Power, Wayne",NZL,M,,,,1905,0,20,AUG25,1946,i
4321189,"Powlesland, Brogan",NZL,M,,,,1635,5,20,AUG25,1993,
4312082,"Po`e-Tofaeono, Grayson",NZL,M,,,,1783,5,40,AUG25,2011,
4312090,"Po`e-Tofaeono, Hunter",NZL,M,,,,1820,5,40,AUG25,2009,
4312104,"Po`e-Tofaeono, Tyleah",NZL,F,,,,1561,0,40,AUG25,2008,wi
4324307,"Prebble, Charles",NZL,M,,,,1554,0,40,AUG25,2007,
33398453,Preeyansh Roul,NZL,M,,,,AIM,1988,5,AUG25,2007,
4330048,"Preiss, Nic",NZL,M,,,,1704,0,40,AUG25,1979,
4330684,"Price, Robert",NZL,M,,,,1614,3,40,AUG25,1971,
4305850,"Punsalan, Vyanla M",NZL,F,WFM,WFM,,1991,0,20,AUG25,2004,wi
4303997,"Qin, Joy Shu Yan",NZL,F,WCM,WCM,,1846,0,20,AUG25,1997,wi
4304306,"Qin, Nicole Shu Yu",NZL,F,WCM,WCM,NA,1777,0,20,AUG25,2004,wi
4304314,"Qin, Oscar Shu Xuan",NZL,M,CM,"FI,NA",,2078,0,40,AUG25,2008,
4307283,"Qiu, Daniel",NZL,M,,,,1589,0,20,AUG25,2002,i
4314620,"Qu, Lucas",NZL,M,,,,1620,0,40,AUG25,2013,
4320484,"Quiroz, Chris",NZL,M,,,,1825,0,40,AUG25,1992,i
4302940,"Rains, Edward",NZL,M,CM,,,2027,0,20,AUG25,1994,
4302958,"Rains, Timothy",NZL,M,CM,,,1885,0,20,AUG25,1997,i
35081136,Raivath Mallela,NZL,M,,,,AFM,1564,0,AUG25,2006,i
4328809,"Ram, Pavan Kumar",NZL,M,,,,1485,0,40,AUG25,2009,
4313658,"Ramirez, Ronald",NZL,M,,,,1660,0,40,AUG25,1978,i
4310314,"Ravi, Narasimhan Lakshmi",NZL,M,,,,1659,0,20,AUG25,1992,
4301641,"Rawnsley, Louis",NZL,M,,,,1956,0,40,AUG25,0,i
4309693,"Ray, Charlotte",NZL,F,,,,1592,0,40,AUG25,2008,w
4330749,"Reddy, Kritesh Vikash",NZL,M,,,,1508,0,40,AUG25,2008,
4314760,"Redwood, Harry",NZL,M,,,,1821,0,40,AUG25,1994,i
4300998,"Reedy, Brendan",NZL,M,,,,1969,0,20,AUG25,0,i
4312244,"Rehansi, D P Sayuni Vonara",NZL,F,,,,1513,4,40,AUG25,2012,w
4306481,"Reid, David M",NZL,M,,,,1602,0,40,AUG25,1944,
4326040,"Reihana, Kalani Kareem Joseph",NZL,M,,,,1602,0,40,AUG25,2001,
4329295,"Ren, Yucheng",NZL,M,,,,1485,0,40,AUG25,2013,
4306783,"Renjith, Sravan",NZL,M,IM,,,2374,0,20,AUG25,2008,
4317300,"Repia-King, Ian",NZL,M,,,,1508,0,40,AUG25,2007,i
4302150,"Richardson, Nigel J",NZL,M,,,,1753,0,40,AUG25,1954,i
4301420,"Rider, Brett",NZL,M,,,,1967,0,40,AUG25,1981,i
4305396,"Riding, Christopher L",NZL,M,,,,1841,0,40,AUG25,1982,i
4303458,"Roberts, Michael",NZL,M,,,,1890,0,20,AUG25,1944,i
4301196,"Robertson, Blair Michael",NZL,M,,,,1998,0,40,AUG25,1989,i
4306384,"Robinson, Del",NZL,M,,,,1854,0,40,AUG25,1968,i
4315103,"Robinson, Max",NZL,M,,,,1858,0,40,AUG25,1997,i
4330145,"Robles Navarro, Andres",NZL,M,,,,1543,0,40,AUG25,1993,
4304730,"Rose, Nathan",NZL,M,,,,1753,7,20,AUG25,1986,
4324692,"Ross, Brayden",NZL,M,,,,1938,7,40,AUG25,2006,
4312961,"Ross, Matt",NZL,M,,,,1804,0,40,AUG25,1986,i
4304837,"Ross, Sol",NZL,M,,,,1677,0,20,AUG25,2002,i
4301455,"Rossiter, Philip E",NZL,M,,,,1722,0,20,AUG25,1966,i
4302966,"Roura, Federico",NZL,M,,,,1878,0,40,AUG25,1966,i
4321405,"Rowe, Abigail",NZL,F,,,,1713,7,40,AUG25,2011,w
4319290,"Ruffman, Charlie",NZL,M,,,,1661,0,40,AUG25,1996,i
4331567,"Rust, Tyler",NZL,M,,,,1590,0,40,AUG25,2013,
4305353,"Ryu, Rosa",NZL,F,,,,1420,0,40,AUG25,1960,wi
4320956,"Saglam, Azra Sena",NZL,F,,,,1536,0,40,AUG25,2009,w
4310896,"Saheb, Saahir",NZL,M,,,,1641,0,40,AUG25,2006,i
4315430,"Salmon, Joshua",NZL,M,,,,1597,0,40,AUG25,1995,i
4314689,"Salvador, Markus",NZL,M,,,,1563,0,40,AUG25,2006,i
4307968,"Sarfas, Edward",NZL,M,,,,1853,0,20,AUG25,1965,i
4300041,"Sarfati, Jonathan D",NZL,M,FM,,,2251,0,20,AUG25,1964,i
4318846,"Sarmad, Zane",NZL,M,,,,1634,0,40,AUG25,2009,
4303946,"Sarmiento, Noel",NZL,M,,,,1818,0,40,AUG25,1945,i
4321260,"Saunders, Dean",NZL,M,,,,1495,2,40,AUG25,2009,
4328728,"Saxena, Aryan",NZL,M,,,,1460,2,40,AUG25,2013,
4302346,"Scarf, Rex",NZL,M,,,,1677,0,40,AUG25,1952,i
4307500,"Scarr, Joey",NZL,M,,,,1878,0,40,AUG25,1990,i
4317971,"Schrader, Gordon",NZL,M,,,,1414,0,20,AUG25,1952,
4308000,"Schurr, Richard",NZL,M,,,,1669,0,40,AUG25,1955,i
4310128,"Scott, David",NZL,M,,,,1695,0,20,AUG25,1963,i
4302354,"Seabrook, Roy",NZL,M,,,,1846,0,20,AUG25,1973,i
4300610,"Sellen, Ian",NZL,M,,,,1890,0,20,AUG25,1963,
4305760,"Serrate, Michael",NZL,M,,,,1971,0,40,AUG25,1979,i
4320964,"Sethuramalingam, Karthik",NZL,M,,,,1776,0,40,AUG25,2009,
4325788,"Shaw, Vincent",NZL,M,,,,1563,0,40,AUG25,2003,i
4300580,"Sheehan, Teresa",NZL,F,,,,2033,0,40,AUG25,0,wi
4310330,"Shen Su, Kevin",NZL,M,,,,1567,0,40,AUG25,2005,i
4314930,"Shen, Aaron",NZL,M,,,,1503,0,40,AUG25,2010,i
4302079,"Shen, Daniel",NZL,M,CM,,,2115,0,20,AUG25,1995,
4304667,"Shen, Terry",NZL,M,,,,1842,0,20,AUG25,2002,i
4313461,"Shen, Yuchen (daniel)",NZL,M,,,,1794,0,40,AUG25,2008,i
4311639,"Sheng, Ethan",NZL,M,,,,1420,0,40,AUG25,2010,i
4313437,"Shenoy, Pranav",NZL,M,,,,1594,0,40,AUG25,2009,i
4321669,"Shi, Huiyi (Janice)",NZL,F,,NA,,1593,0,40,AUG25,2008,wi
4329945,"Shi, Nuo (Frank)",NZL,M,,,,1554,0,40,AUG25,1997,
4313836,"Si, William",NZL,M,,,,1478,0,40,AUG25,2013,
4301153,"Simpson, David J.W.",NZL,M,,,,1902,0,40,AUG25,1981,i
4301331,"Sims, Martin Thomas",NZL,M,,,,1984,0,20,AUG25,0,i
4307879,"Sinclair, Zephan",NZL,M,,,,1551,0,40,AUG25,2001,i
4302974,"Siripornpitak, Boyd",NZL,M,,,,1857,0,40,AUG25,1994,i
4304373,"Sivabalan, Brijesh",NZL,M,,,,1731,0,40,AUG25,2001,
4300017,"Small, Vernon A",NZL,M,IM,,,2313,0,20,AUG25,1954,i
4303717,"Smith, Christopher",NZL,M,,,,1996,0,40,AUG25,1966,i
4318170,"Smith, Jeremy D S",NZL,M,,,,1466,4,20,AUG25,1989,
4318188,"Smith, Peter K",NZL,M,,,,1572,7,40,AUG25,1964,
4300190,"Smith, Robert W",NZL,M,FM,NA,,2106,7,20,AUG25,1956,
4312619,"Smith, Tamati",NZL,M,,,,1643,0,40,AUG25,1992,i
4301935,"Smith, Vivian J",NZL,F,WFM,WFM,NA,1735,0,20,AUG25,1951,wi
4309030,"Sole, Michael D",NZL,M,,,,1932,0,20,AUG25,2000,i
110033554,"Solilin, Alexander",NZL,M,,,,1767,0,40,AUG25,1980,i
4313852,"Somaraju, Jathin Nandan",NZL,M,,,,1405,0,40,AUG25,2014,i
110033474,"Somaraju, Sai Vivan Karthikeya",NZL,M,,,,ACM,1969,19,AUG25,2013,
4306392,"Song, Kate",NZL,F,WCM,WCM,,1808,0,20,AUG25,2000,wi
4325176,"Song, Quinn",NZL,M,,,,1646,6,40,AUG25,2015,
4317319,"Song, Shiping Zhangkai",NZL,M,,,,1638,0,20,AUG25,2000,i
4312112,"Song, Yong Geun",NZL,M,,,,1605,0,40,AUG25,1992,
4313100,"Sonnekus, Neil",NZL,M,,,,1603,0,40,AUG25,1956,i
4315189,"Soriano, Dante",NZL,M,,,,1592,2,20,AUG25,1961,
4301862,"Southgate, Brent.",NZL,M,,,,1734,0,20,AUG25,1945,
4300343,"Spain, Graeme A",NZL,M,,,,2124,0,20,AUG25,1962,i
4300718,"Spiller, Paul S",NZL,M,CM,FI,,1885,0,20,AUG25,1957,i
4307666,"Stannard, Bobby",NZL,M,,,,1503,0,40,AUG25,2006,i
4300963,"Stark, John",NZL,M,CM,,,2055,0,20,AUG25,1987,
4304845,"Steadman, Mathew",NZL,M,,,,1679,1,20,AUG25,2004,
4300548,"Steadman, Michael V R",NZL,M,FM,,,1992,0,20,AUG25,1962,
4319176,"Steele, Hayden",NZL,M,,,,1853,0,40,AUG25,2008,
4310187,"Stephens, Max",NZL,M,,,,1717,0,40,AUG25,2004,i
4300980,"Stevenson, Michael",NZL,M,,,,1636,0,20,AUG25,1966,i
4303512,"Stewart, James",NZL,M,,,,1801,0,40,AUG25,1975,i
4304098,"Stoeveken, Peter",NZL,M,,,,1908,0,40,AUG25,1962,i
4301854,"Stone, Andrew",NZL,M,,,,1951,0,20,AUG25,1986,i
4301846,"Storey, DJH",NZL,M,,,,1965,0,40,AUG25,0,i
4302362,"Stracy, Don",NZL,M,,,,1743,0,20,AUG25,1943,i
4300297,"Stretch, Winsome R",NZL,F,,,,2005,0,20,AUG25,1951,wi
4328434,"Strivens, Max",NZL,M,,,,1563,0,40,AUG25,2009,
4303156,"Stuart, Richard",NZL,M,,,,2080,0,40,AUG25,0,i
4318102,"Sturman, Andrew",NZL,M,,,,1617,0,40,AUG25,2000,i
4312953,"Suazo, Benedict",NZL,M,,,,1898,0,20,AUG25,1987,
4313534,"Suggate, Romero",NZL,M,,,,1835,0,20,AUG25,2005,i
4307518,"Suh, Daniel",NZL,M,,,,1905,0,40,AUG25,1993,i
4306422,"Sulaiman Moosa, Omer",NZL,M,,,,1870,0,40,AUG25,1962,i
4322258,"Sun, Mingjun Elvin",NZL,M,,,,1529,3,40,AUG25,2010,
4315332,"Sun, Nathan",NZL,M,,,,1795,0,40,AUG25,2010,
4325184,"Sun, Oliver",NZL,M,,,,1761,7,40,AUG25,2013,
4313879,"Sun, Taoran Ethan",NZL,M,,,,1494,0,40,AUG25,2011,i
4313887,"Sun, Wanyao Sarah",NZL,F,WCM,WCM,,1806,2,40,AUG25,2009,w
4310918,"Sundararaj, Shan",NZL,M,,,,1570,0,40,AUG25,1979,
4317874,"Sussex, Taylor",NZL,M,,NA,,1624,3,20,AUG25,1997,
4305680,"Syabani, Muhammad Naqib",NZL,M,,,,1662,0,20,AUG25,2004,i
4306333,"Taffard, Christopher John",NZL,M,,,,1860,0,20,AUG25,1976,i
4315260,"Tai, Ethan",NZL,M,,,,1597,2,40,AUG25,2012,
4319753,"Talwar, Harveer",NZL,M,,,,1517,0,40,AUG25,2008,i
4306503,"Tamimi, Naser",NZL,M,,,,1810,0,40,AUG25,1998,i
4301161,"Tan, Edgar",NZL,M,,,,1958,0,20,AUG25,1960,i
4328817,"Tan, Khim Tee",NZL,M,,,,1434,0,40,AUG25,1958,
4311280,"Tang, Hao",NZL,M,CM,,,2018,0,20,AUG25,1984,
4317793,"Tang, Kevin",NZL,M,,,,1441,3,20,AUG25,1999,
4311647,"Tang, Tracy",NZL,F,,,,1649,0,40,AUG25,2011,w
4329821,"Tanniru, Krishna Sowrya Chowd",NZL,M,,,,1501,5,40,AUG25,2013,
4302087,"Tanoi, Toleafoa Edward",NZL,M,,,,1884,0,20,AUG25,1968,
4313895,"Tao, Junqing Jerome",NZL,M,,,,1756,10,40,AUG25,2012,
4301927,"Taylor, Richard",NZL,M,CM,,,1856,0,20,AUG25,1948,i
4302168,"Taylor, Stephen NZL",NZL,M,,,,1707,0,40,AUG25,1955,i
35814420,"Tew, Yao Zen Markis",NZL,M,CM,,,2012,5,20,AUG25,2006,
4322207,"Thirkell, Zachary",NZL,M,,,,1683,0,20,AUG25,2006,
4304144,"Thomas, Benjamin",NZL,M,,,,1932,0,40,AUG25,1946,i
448630,"Thomas, Isambard",NZL,M,,,,AIM,1757,3,AUG25,1964,
4315448,"Thorburn, Emma",NZL,F,,NA,,1524,0,40,AUG25,2005,wi
4307780,"Thurner, Anya",NZL,F,,,,1841,0,40,AUG25,2008,w
4302370,"Thurner, Christoph",NZL,M,,"FI,NA",,2061,0,40,AUG25,0,i
4303733,"Timergazi, Layla",NZL,F,WIM,WIM,,1936,0,20,AUG25,2001,w
4326326,"Torres, Juan Paolo",NZL,M,,,,1572,0,40,AUG25,1992,
4312139,"Treanor, Scott",NZL,M,,,,1561,0,20,AUG25,1968,i
4323572,"Truong, Minh Nhat (sunny)",NZL,M,,,,1691,3,40,AUG25,2012,
4302605,"Tsoi, Nicole",NZL,F,WFM,WFM,,1864,0,20,AUG25,1996,wi
4317165,"Tunnicliffe, Connor",NZL,M,,,,1688,0,40,AUG25,2007,i
4300912,"Turner, Michael George",NZL,M,,,,1980,0,20,AUG25,1963,
4322100,"Turp, Michael",NZL,M,,,,1919,0,40,AUG25,1980,i
4309243,"Tyrrell, Kerry Ian",NZL,M,,,,1651,0,20,AUG25,1981,i
4325567,"Ulm, Carina",NZL,F,,,,1423,0,40,AUG25,2007,wi
4325575,"Ulm, Eric",NZL,M,,,,1598,0,40,AUG25,1967,
4321081,"Ulm, Joy",NZL,F,,,,1599,0,40,AUG25,2007,w
4330218,"Upadhyay, Akshat",NZL,M,,,,1416,7,40,AUG25,2013,
4312660,"Utai, Satuuu Tupu Roy",NZL,M,,,,1529,0,20,AUG25,1969,
4308930,"van den Heuvel, Arnold",NZL,M,,,,1813,0,40,AUG25,1961,i
4300483,"Van Der Hoorn, Mark",NZL,M,,,,2150,0,20,AUG25,1967,i
4314565,"Van Der Hoorn, Thomas",NZL,M,,,,1971,0,20,AUG25,2006,
4319567,"Van Der Krogt, Adrian",NZL,M,,,,1630,0,40,AUG25,1966,i
4302990,"Van Dijk, Peter",NZL,M,,,,2081,0,40,AUG25,0,i
4302176,"Van Ginkel, John P",NZL,M,,,,2003,0,40,AUG25,0,i
4326610,"Van Heerden, Giann",NZL,M,,,,1734,0,40,AUG25,2008,i
4312570,"Vasudeva, Ayaan",NZL,M,,,,1523,0,40,AUG25,2009,
4308395,"Vickers, Josia",NZL,M,,,,1902,0,40,AUG25,2004,i
4306899,"Vincent, David A",NZL,M,,,,1643,0,40,AUG25,1968,i
25007408,"Vinod, Kumar",NZL,M,,,,2033,0,20,AUG25,1987,i
4301293,"Vital, Henry",NZL,M,,,,1876,0,20,AUG25,1974,
4303628,"Wagner, Stefan",NZL,M,,,,1879,0,40,AUG25,1969,i
4318099,"Waiwai, Tane",NZL,M,,,,1712,0,40,AUG25,2006,i
4304004,"Wang, Aaron Ziwen",NZL,M,,,,1846,0,20,AUG25,2004,
4313909,"Wang, Alex Xinyang",NZL,M,,,,1490,0,40,AUG25,2010,i
4316991,"Wang, Carol Huixin",NZL,F,,,,1468,0,40,AUG25,2014,wi
4312848,"Wang, Cherry Ruichen",NZL,F,,,,1598,0,40,AUG25,2008,wi
4328990,"Wang, Cyrus",NZL,M,,,,1556,1,40,AUG25,2016,
4315197,"Wang, Daniel",NZL,M,,,,2039,0,40,AUG25,2008,i
4318323,"Wang, Ethan Zhirui",NZL,M,,,,1548,8,40,AUG25,2015,
4301234,"Wang, Haiqi Victor",NZL,M,,FI,,1802,0,40,AUG25,1966,i
4310063,"Wang, Joe",NZL,M,,,,1714,0,40,AUG25,2005,i
4320271,"Wang, Joshua",NZL,M,,,,1426,0,40,AUG25,2014,
4320280,"Wang, Junhao",NZL,M,,,,1613,0,40,AUG25,2011,
4312830,"Wang, Justin Zhide",NZL,M,CM,,,2031,11,40,AUG25,2012,
4316290,"Wang, Kevin",NZL,M,,,,1608,0,40,AUG25,2008,
4329031,"Wang, Leon",NZL,M,,,,1592,2,40,AUG25,2009,
4328850,"Wang, Linyu",NZL,F,,,,1579,7,40,AUG25,2017,w
4311760,"Wang, Lucas",NZL,M,,,,1545,0,40,AUG25,2010,i
4323637,"Wang, Noah Yinuo",NZL,M,,,,1602,0,40,AUG25,2010,
4300904,"Wang, Puchen",NZL,M,IM,,,2455,0,10,AUG25,1990,i
8602913,"Wang, Rong",NZL,M,,,,2197,0,40,AUG25,1984,i
4315464,"Wang, Sean",NZL,M,,,,1657,9,40,AUG25,2010,
4323963,"Wang, Tairan (george)",NZL,M,,,,1434,1,40,AUG25,2013,
4317998,"Wang, Tilden",NZL,M,,,,1535,3,40,AUG25,2014,
4321006,"Wang, Timothy",NZL,M,,,,1413,0,40,AUG25,2010,i
4304438,"Wang, Tony",NZL,M,CM,,,1945,0,40,AUG25,2000,i
4326296,"Wang, Yihan",NZL,M,,,,1446,0,40,AUG25,2012,
4307011,"Wang, Ying",NZL,F,,"NI,IA",,1555,0,20,AUG25,1970,wi
4319265,"Wang, Zi Hao (Johnny)",NZL,M,,,,1444,1,40,AUG25,2013,
4318358,"Wang, Zi Yao (kelvin)",NZL,M,,,,1853,6,40,AUG25,2012,
4304055,"Wansink, Robert",NZL,M,,,,2196,0,40,AUG25,1959,i
4301820,"Ward, Keith",NZL,M,,,,1951,0,20,AUG25,1961,i
4301960,"Ward, Simon",NZL,M,,,,1852,0,20,AUG25,1961,i
4313607,"Warman, Brett",NZL,M,,,,1519,0,40,AUG25,1959,
4300513,"Wastney, Scott",NZL,M,FM,FT,,2304,0,20,AUG25,1970,i
4300149,"Watson, Bruce R",NZL,M,FM,,,2294,0,20,AUG25,1960,i
4301005,"Watts, Duncan W.",NZL,M,,,,2009,0,20,AUG25,1961,i
4315120,"Webster, Jamie",NZL,M,,,,1718,0,40,AUG25,1988,i
4302036,"Weegenaar, David P",NZL,M,,,,1968,0,40,AUG25,1962,i
4311272,"Wei, Jingbo",NZL,F,,,,1717,0,40,AUG25,1988,wi
4305086,"Wei, Louie",NZL,M,,,,1798,0,40,AUG25,2001,i
4317068,"Wei, Shiru (Alice)",NZL,F,,,,1549,0,40,AUG25,2011,wi
4301188,"Wells, Clinton A.",NZL,M,,,,1728,0,20,AUG25,1970,
4305892,"Welsh, James",NZL,M,,,,1758,0,40,AUG25,1974,i
4317890,"Wen, Sandy",NZL,F,,,,1517,0,20,AUG25,1987,w
4319214,"Weng, Stephen",NZL,M,,,,1609,0,40,AUG25,2004,
4306414,"Weng, Winston",NZL,M,,,,1934,0,20,AUG25,2006,
4307399,"Wevers, Alexis",NZL,M,,,,1768,0,40,AUG25,1992,i
4300815,"Wheeler, Bruce",NZL,M,CM,FI,,2110,0,20,AUG25,1958,i
4304748,"Wight, Joshua",NZL,M,,,,1807,0,40,AUG25,2000,i
4302389,"Wilkins, Mark",NZL,M,,,,1865,0,20,AUG25,1956,
4324803,"Williams, Joseph",NZL,M,,,,1538,0,40,AUG25,2006,
4319575,"Williams, Matt",NZL,M,,,,1717,0,40,AUG25,1989,i
4312678,"Willoughby-Ansell, Xxavier",NZL,M,,,,1803,5,40,AUG25,2001,
4311515,"Wilson, Dallas J.G.",NZL,M,,,,1677,11,20,AUG25,1991,
4321413,"Wilson, Dion A",NZL,M,,,,1924,6,40,AUG25,2009,
4301056,"Wilson, Jesse",NZL,M,,,,2036,0,40,AUG25,1985,i
4305949,"Winfield, Alan W",NZL,M,,,,1858,0,20,AUG25,1953,
4315138,"Winsley, Daniel",NZL,M,,,,1703,0,20,AUG25,2000,
4315146,"Winsley, Nicholas",NZL,M,,,,1947,0,20,AUG25,2003,
4305531,"Winsor, Brian M",NZL,M,,,,1418,0,40,AUG25,1928,i
4306295,"Winter, Ryan",NZL,M,,,,2052,0,20,AUG25,2003,
4300637,"Wojnar, Jacek",NZL,M,,,,1888,0,40,AUG25,1954,i
4301080,"Wojnar, Maciej",NZL,M,,,,2043,0,40,AUG25,1983,i
4301099,"Wright, Caleb",NZL,M,,,,1801,0,20,AUG25,1978,
4328060,"Wright, Christopher J B",NZL,M,,,,1494,0,40,AUG25,1990,
4314476,"Wright, Cole",NZL,M,,,,1575,0,40,AUG25,2005,i
4302397,"Wu, Jason",NZL,M,,,,2084,0,40,AUG25,1992,i
4306902,"Wu, Kwok Leung Eric",NZL,M,,,,AFM,1603,0,AUG25,1983,i
4300360,"Wu, Ming Hua (Michael)",NZL,M,,,,2048,0,20,AUG25,1994,i
4302885,"Wu, Sharon",NZL,F,,,,1782,0,40,AUG25,1993,wi
4301587,"Wu, Shirley",NZL,F,WCM,WCM,,1858,0,40,AUG25,1991,wi
4313925,"Xia, Jonathan",NZL,M,,,,1462,0,40,AUG25,2012,
4317351,"Xia, Yuehan (Max)",NZL,M,,,,1692,0,40,AUG25,2012,
4330943,"Xiang, Christopher",NZL,M,,,,1563,2,40,AUG25,2010,
4309200,"Xiao, Harrison David",NZL,M,,,,1518,0,40,AUG25,2009,i
4315324,"Xiao, Julian",NZL,M,,,,1407,0,40,AUG25,2012,i
4309103,"Xiao, Kelvin",NZL,M,,,,1515,0,40,AUG25,2004,i
4309502,"Xiao, Lucas",NZL,M,,,,1533,0,40,AUG25,2008,i
4308174,"Xie, Felix",NZL,M,FM,NA,,2364,9,20,AUG25,2008,
4316924,"Xie, Jason Zihan",NZL,M,,,,1685,5,40,AUG25,2013,
4316932,"Xie, Mason Zixuan",NZL,M,,,,1630,6,40,AUG25,2013,
4325800,"Xin, Yun Hao Gavin",NZL,M,,,,1438,0,40,AUG25,2010,i
4300955,"Xu, David",NZL,M,,,,1962,0,40,AUG25,1991,i
4320310,"Xu, Huankai (eden)",NZL,M,,,,1727,5,40,AUG25,2015,
4319877,"Xu, Jeremy Xi",NZL,M,,,,1769,8,40,AUG25,2010,
4328213,"Xu, Laura",NZL,F,,,,1690,7,40,AUG25,2009,w
4317360,"Xu, Luna Yuexiu",NZL,F,WCM,WCM,,1831,18,40,AUG25,2013,w
4325460,"Xu, Vera Jintian",NZL,F,,,,1435,8,40,AUG25,2018,w
4329988,"Yadav, Annsh",NZL,M,,,,1441,0,40,AUG25,2010,
4304616,"Yan, Caroline",NZL,F,,,,1806,0,20,AUG25,2002,wi
4304624,"Yan, Sarah",NZL,F,,,,1786,0,20,AUG25,2000,wi
4310365,"Yang, Andy",NZL,M,,,,1451,0,40,AUG25,2008,i
4325885,"Yang, Charlie",NZL,M,,,,1541,0,40,AUG25,2014,
4321936,"Yang, Chenyi (Hannah)",NZL,F,,,,1518,0,40,AUG25,2013,w
4317432,"Yang, Edison J",NZL,M,,,,1591,0,20,AUG25,2006,
4311655,"Yang, Jerry",NZL,M,,,,1511,0,40,AUG25,2010,i
4310373,"Yang, Lucas",NZL,M,,,,1569,0,20,AUG25,2006,i
4330196,"Yang, Oscar",NZL,M,,,,1416,8,40,AUG25,2013,
4303814,"Yang, Scott",NZL,M,,,,1973,0,20,AUG25,1998,i
4323912,"Yang, Shengxu (mike)",NZL,M,,,,1421,0,40,AUG25,2012,i
4303032,"Yao, Winston Yow-Jen",NZL,M,,,,1857,0,20,AUG25,2000,i
4328787,"Yay, Coskun",NZL,M,,,,1663,14,40,AUG25,1987,
4313615,"Ye, Annie Ziyue",NZL,F,,,,1480,0,40,AUG25,2011,wi
4301170,"Yee, Stanley",NZL,M,CM,,,1911,0,20,AUG25,1957,i
4321286,"Yeh, Ryan",NZL,M,,,,1703,0,40,AUG25,2011,
4321294,"Yin, Lucy",NZL,F,,,,1431,0,40,AUG25,2009,wi
4317440,"Young, Cohen",NZL,M,CM,,,2030,2,20,AUG25,2006,
4307682,"Yu, Jeffrey",NZL,M,,,,1713,0,40,AUG25,2007,i
4319885,"Yu, Rex",NZL,M,,,,1478,0,40,AUG25,2014,i
4313135,"Yu, Weiyang Cadence",NZL,F,,,,1634,0,40,AUG25,2009,w
4311930,"Yu, Zachary",NZL,M,CM,,,2045,8,40,AUG25,2007,
4313542,"Yuan, Hong",NZL,M,,NA,,1591,0,20,AUG25,1977,
4306309,"Yuan, Jacob",NZL,M,,,,1602,0,40,AUG25,2007,i
4305183,"Yuan, Kimberley",NZL,F,,,,1590,0,40,AUG25,2005,wi
4312880,"Yuan, Paul",NZL,M,,,,1464,0,40,AUG25,2012,
4306317,"Yuan, Tony",NZL,M,,,,1567,0,40,AUG25,2005,i
4311663,"Yue, Annie",NZL,F,,,,1702,4,40,AUG25,2010,w
4305701,"Zajkowski, Richard",NZL,M,,,,1733,0,40,AUG25,1964,i
4311302,"Zara, Anas",NZL,M,,,,1523,0,40,AUG25,2009,i
4310810,"Zara, Baraa",NZL,M,,,,1794,0,40,AUG25,2007,
4317459,"Zaslow, Henry",NZL,M,,,,1886,0,40,AUG25,2005,i
4327640,"Zeng, Laker",NZL,M,,,,1675,6,40,AUG25,2012,
4328043,"Zeng, Lucky",NZL,M,,,,1414,6,40,AUG25,2010,
4323904,"Zernov, Misha",NZL,M,,,,1668,0,40,AUG25,2010,
4312899,"Zhang, Aidan",NZL,M,,,,1440,0,40,AUG25,2010,
4309588,"Zhang, Boyuan",NZL,M,,,,1770,0,20,AUG25,2004,
4313976,"Zhang, Charles",NZL,M,,,,1676,0,40,AUG25,2009,i
4317912,"Zhang, Daniel",NZL,M,,,,1494,0,40,AUG25,2010,
4310381,"Zhang, Ethan",NZL,M,,,,1598,0,40,AUG25,2008,i
4311051,"Zhang, Franklyn",NZL,M,,,,1417,0,40,AUG25,2012,
4329457,"Zhang, Huaicheng",NZL,M,,,,1443,0,40,AUG25,2014,
4304632,"Zhang, Jasmine Haomo",NZL,F,WIM,WIM,,1976,0,20,AUG25,2003,w
4304861,"Zhang, Jennifer",NZL,F,,,,1596,0,40,AUG25,2005,wi
4307704,"Zhang, Kendrick Botong",NZL,M,CM,,,1981,0,40,AUG25,2009,
4303903,"Zhang, Leo",NZL,M,CM,,,2052,0,20,AUG25,2001,i
4320387,"Zhang, Leo Haoran",NZL,M,,,,1654,0,40,AUG25,2012,
4304853,"Zhang, Leo Li Ao",NZL,M,,,,1621,0,40,AUG25,2003,i
4320409,"Zhang, Lucas",NZL,M,,,,1478,0,40,AUG25,2015,
4314000,"Zhang, Lucas Boyu",NZL,M,,,,1607,3,40,AUG25,2009,
4314514,"Zhang, Mark Haotian",NZL,M,,,,1480,0,40,AUG25,2012,
4301986,"Zhang, Michael",NZL,M,,,,2022,0,40,AUG25,1997,i
4301684,"Zhang, Peng Li (John)",NZL,M,,,,2186,0,40,AUG25,1984,i
4301668,"Zhang, Qiming",NZL,M,,,,1917,0,40,AUG25,1990,i
4311850,"Zhang, Tim Lifan",NZL,M,,,,1537,0,40,AUG25,2011,i
4304543,"Zhang, Toby",NZL,M,,,,1563,0,40,AUG25,2005,i
4303830,"Zhang, William Jie Wen",NZL,M,CM,,,1924,0,20,AUG25,2001,i
4311914,"Zhang, Yaoyuan",NZL,M,,,,1626,0,20,AUG25,2006,i
4310039,"Zhao, Brian",NZL,M,,,,1528,0,40,AUG25,2008,i
4303580,"Zhao, Dean",NZL,M,,,,1928,0,40,AUG25,1993,i
4306759,"Zhao, Jay Zi Xuan",NZL,M,,,,1584,0,40,AUG25,2007,i
4312910,"Zhao, Nicole Xiaoyin",NZL,F,,,,1531,3,40,AUG25,2010,w
4311060,"Zhao, Oliver",NZL,M,,,,1560,0,40,AUG25,2011,i
4329341,"Zhao, Rebecca",NZL,F,,,,1545,0,40,AUG25,2014,w
4307267,"Zheng, Thomas",NZL,M,,,,1579,0,40,AUG25,2007,i
4313445,"Zhou, Adele",NZL,F,,,,1595,1,40,AUG25,2011,w
4328795,"Zhou, Caius",NZL,M,,,,1468,0,40,AUG25,2016,
4315006,"Zhou, Martin",NZL,M,,,,1618,11,40,AUG25,2014,
4321995,"Zhou, Ryan Yiheng",NZL,M,,,,1845,7,40,AUG25,2010,
4311132,"Zhu, David Junyang",NZL,M,,,,1932,0,40,AUG25,2010,
4325583,"Zhu, Jayden",NZL,M,,,,1465,0,40,AUG25,2006,i
4302672,"Zhu, Karl Kai",NZL,M,,,,1987,0,40,AUG25,1999,i
4302680,"Zhu, Leo Lei",NZL,M,,,,1941,0,40,AUG25,1997,i
4305957,"Zinque, Esteban",NZL,M,,,,1500,0,40,AUG25,1990,i
4319583,"Zoreno, Kit",NZL,M,,,,1512,0,40,AUG25,2005,i