[
  {
    "ID Number": "22900322",
    "Name": "Angue Ndong, Cinthia Daniela",
    "Fed": "GEQ",
    "Sex": "F",
    "Title": "",
    "WTit": "",
    "OTit": "",
    "FOA": "1555",
    "Rating": "AUG25",
    "Gms": "0",
    "K": "40",
    "B-day": "2004",
    "Flag": "w"
  },
  {
    "ID Number": "22900152",
    "Name": "Engonga Avomo, Pedro Manuel Envo",
    "Fed": "GEQ",
    "Sex": "M",
    "Title": "",
    "WTit": "",
    "OTit": "",
    "FOA": "1631",
    "Rating": "AUG25",
    "Gms": "0",
    "K": "40",
    "B-day": "1991",
    "Flag": ""
  },
  {
    "ID Number": "22900209",
    "Name": "Esono Nguema Okomo, Jose Primo",
    "Fed": "GEQ",
    "Sex": "M",
    "Title": "",
    "WTit": "",
    "OTit": "",
    "FOA": "1702",
    "Rating": "AUG25",
    "Gms": "0",
    "K": "40",
    "B-day": "1998",
    "Flag": "i"
  },
  {
    "ID Number": "22900101",
    "Name": "Etuba Badangue, Miguel Angel",
    "Fed": "GEQ",
    "Sex": "M",
    "Title": "",
    "WTit": "",
    "OTit": "",
    "FOA": "1648",
    "Rating": "AUG25",
    "Gms": "0",
    "K": "40",
    "B-day": "1989",
    "Flag": "i"
  },
  {
    "ID Number": "22900659",
    "Name": "Eyama Oye, Justa Mbasogo",
    "Fed": "GEQ",
    "Sex": "F",
    "Title": "",
    "WTit": "",
    "OTit": "",
    "FOA": "1524",
    "Rating": "AUG25",
    "Gms": "0",
    "K": "40",
    "B-day": "2005",
    "Flag": "w"
  },
  {
    "ID Number": "22900144",
    "Name": "Gatjens Capche, Angel Estanislao",
    "Fed": "GEQ",
    "Sex": "M",
    "Title": "",
    "WTit": "",
    "OTit": "",
    "FOA": "1785",
    "Rating": "AUG25",
    "Gms": "0",
    "K": "40",
    "B-day": "1998",
    "Flag": ""
  },
  {
    "ID Number": "22900667",
    "Name": "Menana Asangono, Mauricia Alba Bindang",
    "Fed": "GEQ",
    "Sex": "F",
    "Title": "",
    "WTit": "",
    "OTit": "",
    "FOA": "1452",
    "Rating": "AUG25",
    "Gms": "0",
    "K": "40",
    "B-day": "2003",
    "Flag": "w"
  },
  {
    "ID Number": "54585775",
    "Name": "Mompel Ferruz, Xavier",
    "Fed": "GEQ",
    "Sex": "M",
    "Title": "FM",
    "WTit": "",
    "OTit": "",
    "FOA": "2333",
    "Rating": "AUG25",
    "Gms": "17",
    "K": "20",
    "B-day": "2010",
    "Flag": ""
  },
  {
    "ID Number": "22900241",
    "Name": "Naranjo Gonzalez, Oscar",
    "Fed": "GEQ",
    "Sex": "M",
    "Title": "",
    "WTit": "",
    "OTit": "",
    "FOA": "1827",
    "Rating": "AUG25",
    "Gms": "0",
    "K": "40",
    "B-day": "1983",
    "Flag": ""
  },
  {
    "ID Number": "22900233",
    "Name": "Okue Abungono, Raimundo Asumu",
    "Fed": "GEQ",
    "Sex": "M",
    "Title": "",
    "WTit": "",
    "OTit": "",
    "FOA": "1545",
    "Rating": "AUG25",
    "Gms": "0",
    "K": "40",
    "B-day": "1998",
    "Flag": "i"
  },
  {
    "ID Number": "22900675",
    "Name": "Ondo Obono, Orpa Angue",
    "Fed": "GEQ",
    "Sex": "F",
    "Title": "",
    "WTit": "",
    "OTit": "",
    "FOA": "1614",
    "Rating": "AUG25",
    "Gms": "0",
    "K": "40",
    "B-day": "2003",
    "Flag": "w"
  },
  {
    "ID Number": "22900519",
    "Name": "Ter Sarkissoff, Nicolas Christopher Xavier",
    "Fed": "GEQ",
    "Sex": "M",
    "Title": "",
    "WTit": "",
    "OTit": "",
    "FOA": "1831",
    "Rating": "AUG25",
    "Gms": "0",
    "K": "40",
    "B-day": "1987",
    "Flag": ""
  }
]