[
  {
    "ID Number": "11900717",
    "Name": "Azolin, Denisson Arnaud",
    "Fed": "HAI",
    "Sex": "M",
    "Title": "",
    "WTit": "",
    "OTit": "",
    "FOA": "1695",
    "Rating": "AUG25",
    "Gms": "1",
    "K": "40",
    "B-day": "2007",
    "Flag": ""
  },
  {
    "ID Number": "11900695",
    "Name": "Belgarde, Roudena",
    "Fed": "HAI",
    "Sex": "F",
    "Title": "",
    "WTit": "",
    "OTit": "",
    "FOA": "1554",
    "Rating": "AUG25",
    "Gms": "0",
    "K": "40",
    "B-day": "2005",
    "Flag": "wi"
  },
  {
    "ID Number": "11901560",
    "Name": "Bernard, Victoria",
    "Fed": "HAI",
    "Sex": "F",
    "Title": "",
    "WTit": "",
    "OTit": "",
    "FOA": "1448",
    "Rating": "AUG25",
    "Gms": "2",
    "K": "40",
    "B-day": "2010",
    "Flag": "w"
  },
  {
    "ID Number": "11900296",
    "Name": "Brice, Guerdy",
    "Fed": "HAI",
    "Sex": "M",
    "Title": "",
    "WTit": "",
    "OTit": "",
    "FOA": "1816",
    "Rating": "AUG25",
    "Gms": "1",
    "K": "40",
    "B-day": "1983",
    "Flag": ""
  },
  {
    "ID Number": "11900598",
    "Name": "Britus, Samuel Gabius",
    "Fed": "HAI",
    "Sex": "M",
    "Title": "",
    "WTit": "",
    "OTit": "",
    "FOA": "1889",
    "Rating": "AUG25",
    "Gms": "1",
    "K": "40",
    "B-day": "1992",
    "Flag": ""
  },
  {
    "ID Number": "11900741",
    "Name": "Brutus, Douby",
    "Fed": "HAI",
    "Sex": "M",
    "Title": "",
    "WTit": "",
    "OTit": "",
    "FOA": "1644",
    "Rating": "AUG25",
    "Gms": "0",
    "K": "40",
    "B-day": "2004",
    "Flag": "i"
  },
  {
    "ID Number": "11900733",
    "Name": "Cadeau, Merisena",
    "Fed": "HAI",
    "Sex": "F",
    "Title": "WCM",
    "WTit": "WCM",
    "OTit": "",
    "FOA": "1672",
    "Rating": "AUG25",
    "Gms": "2",
    "K": "20",
    "B-day": "2005",
    "Flag": "w"
  },
  {
    "ID Number": "361096946",
    "Name": "Decimus, Jamesley",
    "Fed": "HAI",
    "Sex": "M",
    "Title": "",
    "WTit": "",
    "OTit": "",
    "FOA": "1981",
    "Rating": "AUG25",
    "Gms": "0",
    "K": "40",
    "B-day": "2005",
    "Flag": "i"
  },
  {
    "ID Number": "11900687",
    "Name": "Docteur, Jean Peterson",
    "Fed": "HAI",
    "Sex": "M",
    "Title": "",
    "WTit": "",
    "OTit": "",
    "FOA": "1920",
    "Rating": "AUG25",
    "Gms": "0",
    "K": "20",
    "B-day": "1989",
    "Flag": "i"
  },
  {
    "ID Number": "361096937",
    "Name": "Etienne, Angelo",
    "Fed": "HAI",
    "Sex": "M",
    "Title": "FM",
    "WTit": "SI",
    "OTit": "",
    "FOA": "2148",
    "Rating": "AUG25",
    "Gms": "0",
    "K": "20",
    "B-day": "2002",
    "Flag": "i"
  },
  {
    "ID Number": "11901284",
    "Name": "Gabriel, Davidson",
    "Fed": "HAI",
    "Sex": "M",
    "Title": "CM",
    "WTit": "",
    "OTit": "",
    "FOA": "2031",
    "Rating": "AUG25",
    "Gms": "0",
    "K": "40",
    "B-day": "1999",
    "Flag": "i"
  },
  {
    "ID Number": "11900571",
    "Name": "Germinal, Kemly",
    "Fed": "HAI",
    "Sex": "M",
    "Title": "CM",
    "WTit": "",
    "OTit": "",
    "FOA": "1949",
    "Rating": "AUG25",
    "Gms": "0",
    "K": "20",
    "B-day": "1993",
    "Flag": "i"
  },
  {
    "ID Number": "11900920",
    "Name": "Jean Francois, Valencia",
    "Fed": "HAI",
    "Sex": "F",
    "Title": "",
    "WTit": "",
    "OTit": "",
    "FOA": "1644",
    "Rating": "AUG25",
    "Gms": "0",
    "K": "40",
    "B-day": "2007",
    "Flag": "wi"
  },
  {
    "ID Number": "11900270",
    "Name": "Jean Louis, Marckens",
    "Fed": "HAI",
    "Sex": "M",
    "Title": "FM",
    "WTit": "",
    "OTit": "",
    "FOA": "1991",
    "Rating": "AUG25",
    "Gms": "3",
    "K": "20",
    "B-day": "1997",
    "Flag": ""
  },
  {
    "ID Number": "11900636",
    "Name": "Jonet, Davena",
    "Fed": "HAI",
    "Sex": "F",
    "Title": "",
    "WTit": "",
    "OTit": "",
    "FOA": "1656",
    "Rating": "AUG25",
    "Gms": "0",
    "K": "20",
    "B-day": "2005",
    "Flag": "wi"
  },
  {
    "ID Number": "11900857",
    "Name": "Pierre, Roobens",
    "Fed": "HAI",
    "Sex": "M",
    "Title": "",
    "WTit": "",
    "OTit": "",
    "FOA": "1767",
    "Rating": "AUG25",
    "Gms": "5",
    "K": "40",
    "B-day": "2000",
    "Flag": ""
  },
  {
    "ID Number": "11902043",
    "Name": "Prophete, Alixen",
    "Fed": "HAI",
    "Sex": "M",
    "Title": "",
    "WTit": "DI,NA",
    "OTit": "",
    "FOA": "1722",
    "Rating": "AUG25",
    "Gms": "0",
    "K": "40",
    "B-day": "1993",
    "Flag": "i"
  },
  {
    "ID Number": "11900059",
    "Name": "Sanon, Mondoly",
    "Fed": "HAI",
    "Sex": "M",
    "Title": "CM",
    "WTit": "",
    "OTit": "",
    "FOA": "2001",
    "Rating": "AUG25",
    "Gms": "0",
    "K": "20",
    "B-day": "0",
    "Flag": "i"
  },
  {
    "ID Number": "11900199",
    "Name": "Seide, Henri",
    "Fed": "HAI",
    "Sex": "M",
    "Title": "",
    "WTit": "NI",
    "OTit": "",
    "FOA": "1770",
    "Rating": "AUG25",
    "Gms": "0",
    "K": "20",
    "B-day": "0",
    "Flag": "i"
  },
  {
    "ID Number": "11900547",
    "Name": "Seine, Rose Berline",
    "Fed": "HAI",
    "Sex": "F",
    "Title": "WCM",
    "WTit": "WCM",
    "OTit": "",
    "FOA": "1788",
    "Rating": "AUG25",
    "Gms": "2",
    "K": "20",
    "B-day": "2004",
    "Flag": "w"
  },
  {
    "ID Number": "11901004",
    "Name": "Simon, Geraldson",
    "Fed": "HAI",
    "Sex": "M",
    "Title": "",
    "WTit": "",
    "OTit": "",
    "FOA": "1833",
    "Rating": "AUG25",
    "Gms": "7",
    "K": "40",
    "B-day": "2003",
    "Flag": ""
  },
  {
    "ID Number": "11901268",
    "Name": "Victor, Wyclef",
    "Fed": "HAI",
    "Sex": "M",
    "Title": "",
    "WTit": "",
    "OTit": "",
    "FOA": "1962",
    "Rating": "AUG25",
    "Gms": "2",
    "K": "40",
    "B-day": "2008",
    "Flag": ""
  }
]