[
  {
    "ID Number": "11900717"
  },
  {
    "ID Number": "11900695"
  },
  {
    "ID Number": "11901560"
  },
  {
    "ID Number": "11900296"
  },
  {
    "ID Number": "11900598"
  },
  {
    "ID Number": "11900741"
  },
  {
    "ID Number": "11900733"
  },
  {
    "ID Number": "361096946"
  },
  {
    "ID Number": "11900687"
  },
  {
    "ID Number": "361096937"
  },
  {
    "ID Number": "11901284"
  },
  {
    "ID Number": "11900571"
  },
  {
    "ID Number": "11900920"
  },
  {
    "ID Number": "11900270"
  },
  {
    "ID Number": "11900636"
  },
  {
    "ID Number": "11900857"
  },
  {
    "ID Number": "11902043"
  },
  {
    "ID Number": "11900059"
  },
  {
    "ID Number": "11900199"
  },
  {
    "ID Number": "11900547"
  },
  {
    "ID Number": "11901004"
  },
  {
    "ID Number": "11901268"
  }
]