ID Number,Name,Fed,Sex,Title,WTit,OTit,Rating,Gms,K,RatingMonth,B-day,Flag
115110280,"Abanes, Menandro",FID,M,,,,1667,0,40,AUG25,1974,
55658539,"Abasova, Adelina",FID,F,,,,1923,0,40,AUG25,2013,w
55697887,"Abasova, Darina Raf",FID,F,,,,1672,0,40,AUG25,2014,w
525036491,"Abdelrazek, Abdelaziz Gamal Abdelghafour",FID,M,,,,1589,5,40,AUG25,2003,
124136491,"Abdrakhmanov, Marat",FID,M,,,,1698,0,40,AUG25,1980,i
351104472,"Abiton, Gerard",FID,M,,,,1483,0,40,AUG25,1954,
26344610,"Abohalaka, Reshed",FID,M,,,,1711,0,20,AUG25,1991,i
13526669,"Abramkina, Veranika",FID,F,,,,1971,10,40,AUG25,2010,w
24104655,"Abramova, Yulia",FID,F,,,,1888,0,20,AUG25,1987,wi
385105002,"Aburawi, Ahmed",FID,M,,,,1578,0,40,AUG25,2011,i
13511122,"Adamchyk, Miraslau",FID,M,,,,1605,0,40,AUG25,1998,i
3514781,"Adan Sosa, Orlando",FID,M,FM,,,2326,0,40,AUG25,1981,i
34371885,"Afanasiev, Timur S",FID,M,,,,1608,0,40,AUG25,2013,
24266337,"Afanasyev, Adrian",FID,M,,,,1561,0,40,AUG25,2011,
54120110,"Afanasyev, Sergey",FID,M,,,,1752,0,20,AUG25,1984,i
34104426,"Agafontseva, Natalya",FID,F,,,,1731,0,20,AUG25,1972,wi
1225790,"Agapie, Mircea",FID,M,,,,1786,0,40,AUG25,1967,i
24124133,"Agishev, Kamil",FID,M,,,,1916,0,20,AUG25,1993,i
11203692,"Aguilar, Cormel",FID,M,,,,1681,0,40,AUG25,1984,i
51658038,"Ahmed Alhac, Muhammed",FID,M,,,,1819,0,40,AUG25,2008,
55897819,"Aimerich-Sazonova, Aleksandra",FID,F,,,,1585,0,40,AUG25,2016,w
44592507,"Akeel, Mohamad Wael",FID,M,,,,1591,0,40,AUG25,1978,i
34368973,"Akhmetzyanov, Demid",FID,M,,,,2006,0,40,AUG25,2008,
34400508,"Aksenov, Konstantin Al.",FID,M,,,,AFM,2052,0,AUG25,1976,
150094250,"Akula, Mahit",FID,M,,,,AFM,1516,0,AUG25,2008,i
146105277,"Al Hammadi, Issa",FID,M,,,,1515,0,40,AUG25,2007,i
4133650,"Aleksandrov, Danila",FID,M,CM,,,2102,7,20,AUG25,1983,
44172729,"Alekseenko, Mariya",FID,F,WFM,WFM,,2057,8,20,AUG25,2006,w
4106873,"Alekseev, Andrey",FID,M,IM,,,2276,0,20,AUG25,1971,
55683444,"Alekseev, Mikhail",FID,M,,,,1949,0,20,AUG25,1994,
34171069,"Alekseev, Mikhail",FID,M,,,,1916,0,20,AUG25,1999,
150101710,"Alexander, Paul Aaron",FID,M,,,,1736,0,40,AUG25,2007,
44179910,"Alexandrov, Matvey",FID,M,,,,1873,9,20,AUG25,1972,
6373810,"Aliyev, Samil",FID,M,,,,1915,0,20,AUG25,2000,i
34517880,"Aliyev, Tamer",FID,M,,,,1744,0,20,AUG25,2004,i
6306462,"Aliyew, Kerim",FID,M,,,,1996,0,20,AUG25,1965,i
6337082,"Alizadeh, Moein",FID,M,,,,1972,0,20,AUG25,1989,i
146111612,"Allan, Cleon",FID,M,,,,ACM,1405,3,AUG25,2012,
345104646,"Almache Montoya, Jefferson",FID,M,,,,1708,0,40,AUG25,1991,
3503062,"Almaguer, Reynaldo",FID,M,,,,2163,0,20,AUG25,1969,i
396215951,"Almendarez Verdin, Manuel Adan",FID,M,,,,AFM,1808,0,AUG25,1991,
10302735,"Alobaid, Mahmoud",FID,M,,,,1696,0,40,AUG25,1973,i
377105198,"Alsairafi, Moahmmmed",FID,M,,,,ACM,1578,0,AUG25,2008,i
138110530,"Alshebli, Anas",FID,M,,,,1752,0,40,AUG25,2003,
55723977,"Ambartsumyan, Angelina Vlad",FID,F,,,,1805,0,40,AUG25,2015,w
55784895,"Ambartsumyan, Roman Vlad",FID,M,,,,1492,0,40,AUG25,2017,
34462929,"Ambartsumyan, Yuri",FID,M,,,,1798,0,40,AUG25,2013,
115098168,"Anderson, Marilou",FID,F,,,,1597,0,40,AUG25,1978,w
34304096,"Andreev, Matvey",FID,M,,,,1519,0,40,AUG25,2004,i
4158814,"Andreikin, Dmitry",FID,M,GM,,,2695,0,10,AUG25,1990,
1248987,"Andriuta, Igor",FID,M,,,,1871,0,40,AUG25,1959,i
13526766,"Andryievich, Leu",FID,M,,,,1577,0,40,AUG25,2011,i
4197461,"Anfinogenov, Artem",FID,M,,,,1959,8,20,AUG25,1989,
34146943,"Anikina, Elena",FID,F,,SI,,1497,0,20,AUG25,1999,w
34339876,"Anikonov, Artem",FID,M,,,,1610,0,40,AUG25,2010,i
132085575,"Annon, Shihan",FID,M,,,,1780,0,40,AUG25,1977,i
55610439,"Antipov, Fedor",FID,M,,,,2162,9,40,AUG25,2012,
366130639,"Anwar, Mezban",FID,M,,,,1537,0,40,AUG25,2003,i
366095772,"Anwardeen, Afshina",FID,F,,,,1573,3,40,AUG25,2011,w
62400703,"Arauzo Huisa, Vladimir",FID,M,,,,1474,0,40,AUG25,2005,i
3500136,"Arencibia, Juan Joel",FID,M,IM,,,2394,0,10,AUG25,1968,i
345279366,"Arevalo Millet, Luis",FID,M,,,,1825,0,20,AUG25,1961,
329105214,"Arseneau, Mathias",FID,M,,,,1760,0,40,AUG25,2000,i
34345752,"Artamonova, Ulyana",FID,F,,,,1708,0,40,AUG25,2012,w
10302670,"Aruna, Vivek",FID,M,,,,1707,0,40,AUG25,2001,i
4159314,"Ashanina, Olga",FID,F,,,,2007,9,20,AUG25,1984,w
4174534,"Astanovsky, Kirill",FID,M,,,,2064,0,20,AUG25,1984,i
522065350,"Atabekov, Ibragim Saf",FID,M,,,,1535,0,40,AUG25,2018,
115108827,"Atilano, Chanro Jed",FID,M,,,,AGM,2094,0,AUG25,2007,i
24250473,"Averin, Nikolay",FID,M,FM,,,2284,27,10,AUG25,2010,
13500759,"Avilov, Igor",FID,M,,,,1899,0,20,AUG25,1971,
13501470,"Azarov, Sergei",FID,M,GM,,,2570,9,10,AUG25,1983,
329104324,"Azmitia Pardo, Luis Eduardo",FID,M,,,,AFM,1789,0,AUG25,1973,
34164569,"Babakekhyan, Artem",FID,M,,,,2149,0,20,AUG25,2004,
24117412,"Babanov, Aleksandr",FID,M,,,,1826,0,20,AUG25,1960,
13527428,"Babeikin, Kiryl",FID,M,,,,1770,18,40,AUG25,2014,
55700055,"Babkin, Timofey Dm",FID,M,,,,1492,0,40,AUG25,2015,
34214054,"Bachaliashvili, Eduard",FID,M,,,,AIM,2041,0,AUG25,2009,
24115762,"Badmatsyrenov, Oleg",FID,M,IM,,,2366,0,10,AUG25,1987,
34232443,"Bagdasarian, Roman",FID,M,,,,1635,0,40,AUG25,2006,i
13530275,"Baikou, Stsiapan",FID,M,,,,1656,16,40,AUG25,2014,
128131671,"Balabanov, Andrei",FID,M,,,,1784,0,40,AUG25,1964,i
121147491,"Balagi, Sharvesh",FID,M,,,,1539,0,40,AUG25,2005,i
4192060,"Balakirev, Nikoly",FID,M,,,,1885,0,20,AUG25,1990,i
4163117,"Balashova, Liia",FID,F,WGM,WGM,,2271,0,20,AUG25,1986,wi
11203765,"Balbuena, Arman",FID,M,,,,1776,0,40,AUG25,1978,i
108217886,"Balogun, Olalekan",FID,M,,,,1668,0,40,AUG25,1985,
366127633,"Banerjee, Amit",FID,M,,,,1657,0,40,AUG25,1986,i
55669794,"Barabash, Anastasiya Aleks",FID,F,,,,1694,0,40,AUG25,2013,w
55760236,"Baranov, Prokhor",FID,M,,,,1592,0,40,AUG25,2016,
324111836,"Barbosa, Thiago Rodrigo",FID,M,,,,AFM,1725,0,AUG25,1994,
24144924,"Barinova, Marina",FID,F,,,,2020,0,20,AUG25,1994,wi
124111545,"Bartoshevich-Zhagel, Rafail",FID,M,,,,ACM,1515,5,AUG25,2013,
34334491,"Baryshnikov, Grigoriy",FID,M,,,,1547,0,40,AUG25,2011,i
13540580,"Batsanov, Nikita",FID,M,,,,1495,7,40,AUG25,2017,
55745741,"Baturin-Vinogradov, Miroslav",FID,M,CM,,,2104,27,40,AUG25,2012,
144105189,"Bechraoui, Dhaou",FID,M,,,,ACM,1532,0,AUG25,1955,
115203755,"Bedia, Johmel",FID,M,,,,AFM,1610,0,AUG25,1978,i
522052569,"Belanova, Svetlana",FID,F,,,,1673,8,40,AUG25,2016,w
124137318,"Belokon, Mikhail",FID,M,,,,ACM,1641,0,AUG25,2004,
24130990,"Beloshapkin, Konstantin",FID,M,,NA,,2024,0,20,AUG25,1988,i
4132394,"Belov, Vladimir",FID,M,GM,,,2598,0,10,AUG25,1984,i
24112623,"Beltyukova, Irina M",FID,F,,,,1895,0,20,AUG25,1993,wi
351105344,"Ben Kiran, Youssouf",FID,M,,,,1644,0,20,AUG25,1999,
13518534,"Bendik, Margarita",FID,F,,,,1946,10,40,AUG25,2009,w
316104990,"Benjamin Layson, Jacob",FID,M,,,,1490,0,20,AUG25,1995,
55679030,"Berdashkevich, Makar",FID,M,,,,2016,19,40,AUG25,2012,
24137669,"Bezhenar, Georgy",FID,M,,,,2059,8,20,AUG25,1994,
366108020,"Bhattacharjee, Sumeet",FID,M,,,,ACM,1805,0,AUG25,1982,i
146242445,"Bhuvaneswaran, Harikrishnan",FID,M,,,,1504,0,40,AUG25,2001,i
308128861,"Bianchi, Alissa",FID,F,,,,ACM,1755,0,AUG25,2007,wi
4189256,"Bilik, Anna",FID,F,WFM,WFM,,2004,0,20,AUG25,1990,wi
2330920,"Billman, Brian",FID,M,,,,1525,0,40,AUG25,2008,
34401610,"Birmenko, Nikolay",FID,M,,,,2015,12,40,AUG25,2012,
327105369,"Birtanov Mehmedov, Stanislav",FID,M,,,,ACM,1671,0,AUG25,1995,i
10302808,"Bitaga, Larry",FID,M,,,,1721,0,40,AUG25,1981,i
4100123,"Bivol, Alina",FID,F,IM,WGM,,2352,8,10,AUG25,1996,w
34275541,"Blagoveshchenskiy, Roman",FID,M,,,,1957,5,40,AUG25,2010,
13532820,Blakhin Kiryl,FID,M,,,,AFM,1488,7,AUG25,2012,
320105456,"Blakhin, Dzmitry",FID,M,,,,ACM,1478,9,AUG25,1983,
13532839,Blakhina Viktoryia,FID,F,,,,1529,5,40,AUG25,2014,w
150095865,"Blocker, Demetris",FID,M,,,,1626,0,40,AUG25,1981,
13501879,"Bobkov, Alexei",FID,M,,,,1888,0,20,AUG25,0,i
150100651,"Bobylev, Vitaly",FID,M,,,,1463,0,40,AUG25,1974,i
34177865,"Bodnaruk, Kseniya",FID,F,,,,1878,0,20,AUG25,2005,w
24225096,"Bodnaruk, Mikhail",FID,M,,,,1944,0,40,AUG25,1953,i
34171212,"Bodnaruk, Svyatoslav",FID,M,,,,1849,0,20,AUG25,2003,i
4102576,"Bogatenko, Roman",FID,M,,,,1987,0,40,AUG25,1991,i
13517473,"Bondar, Anastasiya",FID,F,,,,1606,0,20,AUG25,2006,wi
13500830,"Bondar, Tana",FID,F,WFM,WFM,,2185,0,20,AUG25,1976,wi
55784666,"Bondarev, Fedor",FID,M,,,,1704,0,40,AUG25,2016,
4122720,"Bonoev, Peter",FID,M,,,,2165,0,40,AUG25,1978,i
13504525,"Boriskevich, Ilya",FID,M,,,,2243,0,40,AUG25,1987,i
3510557,"Boudy Bueno, Julio Leonardo",FID,M,IM,,,2237,0,20,AUG25,1951,i
24155624,"Boychuk, Evgeny",FID,M,,,,1899,0,20,AUG25,1995,
26027470,"Briault, Delphine",FID,F,,,,1563,0,40,AUG25,1972,w
13539175,"Brusinenko, Yan",FID,M,,,,ACM,1458,12,AUG25,2017,
34384600,"Bubnova, Uliana",FID,F,,,,AIM,1964,18,AUG25,2011,w
13521900,"Buchneu, Uladzislau",FID,M,,,,1541,0,40,AUG25,2010,
4178033,"Bulavin, Alexander",FID,M,FM,,,2157,0,20,AUG25,1985,i
13528882,"Bulgak, Damir",FID,M,CM,,,2254,19,40,AUG25,2013,
13532812,"Burba, Mikita",FID,M,,,,1571,8,40,AUG25,2014,
20668015,"Buresi, Bruno",FID,M,,,,AIM,1840,0,AUG25,1959,i
55687261,"Burikhanov, Timur",FID,M,,,,1617,0,40,AUG25,2010,
55711081,"Buslakov, Igor",FID,M,,,,1985,0,40,AUG25,1988,
54600642,"Butolen, Nejc",FID,M,,,,1575,0,40,AUG25,2002,i
34115290,"Bykov, Egor",FID,M,FM,,,2441,0,10,AUG25,2000,
5130891,"Calixto Hernandez, Oscar Angel",FID,M,,,,1723,0,40,AUG25,1976,i
3512304,"Calvo Buides, Arnaldo",FID,M,,,,1966,0,20,AUG25,1975,i
3500209,"Calvo Buides, Nibaldo",FID,M,,,,2072,0,40,AUG25,1972,i
2602890,"Campbell, Brian G.",FID,M,,,,2195,0,20,AUG25,1957,i
337105380,"Carbonai, Gabriele",FID,M,,,,1573,0,20,AUG25,1981,
330105191,"Carrere, Ignacio",FID,M,,,,1614,0,40,AUG25,1985,
4482808,"Castaneda Losada, Esneider Andres",FID,M,,SI,,1685,0,40,AUG25,1986,
11203226,"Castillo, Jay",FID,M,,,,1720,0,40,AUG25,1973,i
396217535,"Castro Esparza, Jose Raul",FID,M,,,,AFM,1835,0,AUG25,1967,i
329093768,"Catona, Dan",FID,M,,,,1896,8,20,AUG25,1972,
343120328,"Cawte, Paul",FID,M,,,,1926,0,40,AUG25,1965,i
345280741,"Cebolla Benedito, Manel",FID,M,,,,1515,0,20,AUG25,1976,i
3504964,"Chacon Pavon, Joel",FID,M,,,,2061,0,20,AUG25,1965,i
366109850,"Chandragiri, Rekha",FID,M,,,,1401,0,40,AUG25,1982,i
396105332,"Chavez Garcia, Eduardo Alberto",FID,M,,,,AFM,1626,0,AUG25,2000,i
55832210,"Chekanov, Amir Mar",FID,M,,,,1429,0,40,AUG25,2017,
24292176,"Chekanov, Timur",FID,M,,,,AGM,1978,9,AUG25,2009,
329104315,"Cheng, Clement",FID,M,,,,1659,8,40,AUG25,1975,
4118901,"Cherkasov, Nikolai",FID,M,FM,,,2225,0,20,AUG25,1958,
13501224,"Chernaya, Viktorya",FID,F,,,,1886,0,40,AUG25,2000,wi
4106784,"Chetverik, Maxim",FID,M,IM,,,1983,7,10,AUG25,1963,
158105028,"Chikwava, Ronald",FID,M,,,,ACM,1681,9,AUG25,1973,
54176140,"Chyndygyr, Tamerlan",FID,M,FM,,,2238,9,10,AUG25,2007,
34560661,"Cicak, Muhammed",FID,M,,,,1590,0,40,AUG25,2002,i
308112146,"Coll, Matias",FID,M,,,,1476,0,40,AUG25,1988,
115109744,"Cordova, Lennox Georges",FID,M,,,,1553,0,40,AUG25,2010,
332111240,"Correa Cano, Yesid",FID,M,,,,AFM,1675,0,AUG25,1980,
396216153,"Cuellar Puente, Cesar Javier",FID,M,,,,AFM,1674,3,AUG25,1997,
324227223,"Cunha De Azevedo, Joao",FID,M,,,,1740,0,40,AUG25,1983,i
132104732,"D.M.A.T.D, Mendis",FID,M,,,,AIM,1509,0,AUG25,2008,
115109181,"Dagami, Richard",FID,M,,,,AFM,1712,0,AUG25,1987,i
1436660,"Dahl, Hans-Christian",FID,M,,,,1858,0,40,AUG25,1979,i
331110196,"Dai, Zikang",FID,M,,,,1786,0,40,AUG25,2009,
55770720,"Dakhno, Klim Ant",FID,M,,,,1492,7,40,AUG25,2017,
150102610,"Dalvi, Vihaan",FID,M,,,,1431,0,40,AUG25,2013,
366194681,"Damodaran, Uma Shankar",FID,M,,,,AFM,1455,0,AUG25,1980,i
351105470,"Dana, Yohann",FID,M,,,,1539,0,20,AUG25,1998,
34209816,"Dandish, Izabella",FID,F,,,,1527,0,40,AUG25,2011,w
343100076,"Danic, Marinko",FID,M,,,,1602,0,40,AUG25,1981,
55813569,"Danilova, Mariya",FID,F,,,,1570,9,40,AUG25,2014,w
24257656,"Darmaeva, Nomina",FID,F,WCM,WCM,,1975,0,40,AUG25,2008,w
13518399,"Dashchynski, Tsimafei",FID,M,,,,1655,0,20,AUG25,2006,i
13526600,"Dasiuk, Roman",FID,M,,,,1885,0,40,AUG25,2012,
379105016,"Dauletbekov, Salauat",FID,M,,,,ACM,1548,0,AUG25,2002,i
12101508,"De Joya, Florian",FID,M,,,,1852,0,20,AUG25,1978,i
132105186,"De Mel, Ravindu",FID,M,,,,1599,0,40,AUG25,2004,
345110948,"De Miguel ferrer, Guillermo",FID,M,,,,1625,0,40,AUG25,1990,
324225390,"De Souza Sa, Apolo",FID,M,,,,2028,0,20,AUG25,2000,
13502042,"Dedkov, Nikita",FID,M,,,,1745,0,20,AUG25,1996,i
146104995,"Dehghan, Ibrahim",FID,M,,,,1896,0,20,AUG25,2006,i
55601286,"Del, Nikita",FID,M,,,,1615,9,40,AUG25,2013,
4197143,"Demidov, Mikhail",FID,M,GM,,,2523,9,10,AUG25,1992,
331105202,"Deng, Lei",FID,M,,,,1912,0,40,AUG25,1989,i
24131563,"Denishev, Marat",FID,M,FM,,,2101,0,20,AUG25,1993,
13511297,"Denisik, Sergei",FID,M,,,,1923,0,20,AUG25,1986,
4151836,"Denisov, Denis",FID,M,,,,1895,0,20,AUG25,1976,
4154169,"Derbenev, Andrey",FID,M,IM,,,2263,0,10,AUG25,1986,
373198081,"Despeyroux Cantera, Pablo Daniel",FID,M,,,,AFM,1655,0,AUG25,1964,
11203471,"Diab, Mustafa",FID,M,,,,1592,0,40,AUG25,1965,i
24173371,"Dimitrova, Aleksandra",FID,F,WIM,WIM,,2208,0,20,AUG25,2000,w
24110949,"Dimitrova, Elena",FID,F,WFM,WFM,,2019,0,20,AUG25,1992,w
34290915,"Divovich, Veniamin",FID,M,,,,1473,0,40,AUG25,2007,i
55711413,"Dmitriev, Anton V",FID,M,,,,1698,8,40,AUG25,2015,
13526162,"Dobrovskiy, David",FID,M,,,,1541,7,40,AUG25,2013,
34429883,"Dolgopolov, Egor",FID,M,,,,1930,0,40,AUG25,2011,i
55867090,"Domashchenko, Alisa",FID,F,,,,1569,8,40,AUG25,2013,w
13526359,"Dorashava, Viktoryia",FID,F,,,,1824,9,40,AUG25,2007,w
175260833,"Dorji, Cheten",FID,M,,,,1623,0,40,AUG25,1997,i
44172966,"Dorokhina, Elizaveta",FID,F,WFM,WFM,,2127,0,20,AUG25,2006,w
55617840,"Doroshenko, Sofia",FID,F,,,,1752,0,40,AUG25,2012,wi
148061921,"Dovchenko, Vadym",FID,M,,,,1920,0,40,AUG25,1988,i
327105206,"Dragnev, Stoyan",FID,M,,,,1610,0,40,AUG25,1989,
4124413,"Dudarev, Viacheslav",FID,M,,,,1839,7,20,AUG25,1976,
55656200,"Dudkina, Uliana",FID,F,WCM,WCM,,2060,16,40,AUG25,2010,w
338200938,"Dudnyk, Oleg",FID,M,,,,1674,0,40,AUG25,1980,i
336105439,"Dukin, Yuriy",FID,M,,,,1604,0,40,AUG25,1973,i
55694373,"Dushulin, Roman",FID,M,,,,1419,0,40,AUG25,2014,
4192516,"Duzhakov, Ilya",FID,M,IM,,,2389,0,10,AUG25,1991,i
55776965,"Dyachkov, Georgiy A",FID,M,,,,1717,9,40,AUG25,2013,
55793924,"Dyachkov, Timur",FID,M,,,,1430,0,40,AUG25,2015,
55759076,"Dymov, Dmitrii",FID,M,,,,1589,0,40,AUG25,2016,
13503219,"Dyrda, Vladlena",FID,F,,,,1965,0,20,AUG25,1987,wi
13533215,"Dzelnik, Robert",FID,M,,,,1678,0,40,AUG25,2016,
13524836,"Dzenisenia, Mikhail.",FID,M,,,,1941,8,40,AUG25,2011,
34337547,"Dzhalalova, Sultanat",FID,F,,,,1415,0,40,AUG25,2010,w
55711871,"Dzyura, Khristofor",FID,M,,,,1705,0,20,AUG25,2000,i
10302140,"Ealias, Ignatius",FID,M,,,,1540,0,40,AUG25,1987,i
54165725,"Efimov, Leonid",FID,M,FM,,,2273,9,40,AUG25,2009,
24278351,"Efimova, Darya",FID,F,,,,1878,0,40,AUG25,2009,w
44159935,"Efremov, Vladislav",FID,M,FM,,,2251,0,20,AUG25,2005,i
108110718,"Egeonu, Chizitere",FID,M,,,,AFM,1840,0,AUG25,2004,
345110859,"Egorov, Kirill",FID,M,,,,1440,5,40,AUG25,2010,
7929692,"El Kouri, Abdallah lamine",FID,M,,,,1418,0,40,AUG25,1969,i
4186826,"Elishev, Ivan",FID,M,CM,,,1859,0,20,AUG25,1984,
371282140,"Eljarat, Yosef",FID,M,,,,1704,0,40,AUG25,1956,i
121146672,"Elkhoury, Patrick",FID,M,,,,1918,0,40,AUG25,1973,i
55696724,"Emelyanova, Liliya Mikh",FID,F,,,,1731,0,40,AUG25,2015,w
35006290,"Emil, Sebastian",FID,M,,,,1866,0,20,AUG25,1997,i
115096600,"Enriquez, Jephthah Jim",FID,M,,,,AFM,1648,0,AUG25,2013,
115203684,"Ereno, Billy Joe",FID,M,,,,AGM,1797,0,AUG25,1989,
34310541,"Erokhin, Vadim",FID,M,,,,1881,0,40,AUG25,2011,
522077960,"Ertukhanova, Sofia",FID,F,,,,1416,0,40,AUG25,2016,w
324227090,"Esmeraldo, Augusto Cesar Santos Esmeraldo",FID,M,,,,1761,0,40,AUG25,1975,
3501795,"Espino, Miguel",FID,M,FM,,,2322,0,20,AUG25,1972,i
3500349,"Espinosa, Julio",FID,M,FM,,,2223,0,20,AUG25,1965,i
34339523,"Evdokimova, Viktoriya",FID,F,,,,1632,5,40,AUG25,2010,w
24103209,"Faizrakhmanov, Ramil",FID,M,IM,,,2400,36,10,AUG25,1997,
13515756,"Fam, Van",FID,M,,,,1551,0,40,AUG25,1967,i
34223568,"Farzaleev, Daniyar",FID,M,,,,1754,0,40,AUG25,2012,
522022570,"Fatkhlislamov, Oskar",FID,M,,,,1479,4,40,AUG25,2018,
34314970,"Fedorov, Vladimir",FID,M,,,,1569,0,40,AUG25,2009,
34288082,"Fedosov, Alexander",FID,M,FM,,,2127,9,40,AUG25,2011,
373196908,"Ferdigg, Jonas",FID,M,,,,1476,0,40,AUG25,1993,i
345279491,"Fernandez Diaz, Manuel",FID,M,,,,AFM,1954,0,AUG25,1956,
150098642,"FERNANDEZ, HECTOR",FID,M,,,,1495,0,40,AUG25,1985,i
3502562,"Ferragut Blanco, Arnaldo",FID,M,FM,,,2176,0,20,AUG25,1973,i
13528092,"Filiaev, Artiom",FID,M,,,,1422,0,40,AUG25,2012,i
34371486,"Filin, Grigory",FID,M,,,,1894,0,40,AUG25,2011,
55871577,"Firmanyuk, Lev Ant",FID,M,,,,1523,0,40,AUG25,2015,i
55706320,"Fisher, Timofey",FID,M,,,,1981,18,40,AUG25,2014,
311111070,"Fogarty, Emily",FID,F,,,,1476,0,40,AUG25,2000,w
342059879,"Freih, Abou El Kassem",FID,M,,,,2093,0,40,AUG25,1978,i
356096005,"Fricke, Leon",FID,M,,,,1500,0,40,AUG25,2012,
24166952,"Fridman, Anatoly",FID,M,,,,1792,14,20,AUG25,1978,
34106500,"Frolov, Aleksey G.",FID,M,,,,2169,7,20,AUG25,2003,
4151976,"Frolyanov, Dmitry",FID,M,GM,,,2471,9,10,AUG25,1986,
3521192,"Frometa Gomez, Rene",FID,M,,,,1921,0,20,AUG25,1964,i
345104673,"Fuentes Rodriguez, Pedro Miguel",FID,M,,,,AFM,1645,0,AUG25,1978,
4107187,"Furman, Boris",FID,M,FM,,,2136,0,20,AUG25,1951,
55790640,"Gadisov, Ali",FID,M,,,,1598,8,40,AUG25,2017,
55671926,"Gadzhiev, Ruslan",FID,M,CM,,,2292,18,40,AUG25,2012,
55651569,"Gaer, Sofiya Ig",FID,F,WCM,WCM,,1865,9,40,AUG25,2013,w
13501291,"Gafarov, Vadim",FID,M,,,,1763,0,40,AUG25,1995,i
55709451,"Gafurov, Aidan",FID,M,,,,2042,0,40,AUG25,2015,
24175480,"Galchenko, Matvey",FID,M,IM,,,2435,0,10,AUG25,2000,
55755127,"Galimov, Zakhar M",FID,M,,,,1723,0,40,AUG25,2014,
13518135,"Gara, Kirill",FID,M,,,,1910,0,40,AUG25,1981,i
124277382,"Garbuzov, Artem",FID,M,,,,1565,0,40,AUG25,2013,
345280920,"Garcia Macarron, Jorge",FID,M,,,,AFM,1865,0,AUG25,1979,i
343098595,"Garcia Zambrano, Alvaro",FID,M,,,,1897,0,40,AUG25,1991,
150112278,"Garcia, Raphael",FID,M,,,,AFM,1745,2,AUG25,1983,
34127035,"Garifullina, Leya",FID,F,IM,WGM,,2477,9,10,AUG25,2004,w
13502085,"Garnova, Anastasia",FID,F,,,,1796,0,20,AUG25,1995,wi
366099824,"Gautam, Anushka",FID,M,,,,1441,0,40,AUG25,2009,i
54125928,"Gaziev, Amir",FID,M,,,,1797,0,20,AUG25,2004,
34130621,"Gedgafov, Chamal",FID,M,,,,2016,0,20,AUG25,1960,
13404423,"Geidarli, Kanan",FID,M,IM,,,2218,0,10,AUG25,1977,
34560769,"Georgiev, Tasho Benev",FID,M,,,,1745,0,40,AUG25,1951,i
4145968,"Gerasimova, Svetlana",FID,F,WFM,WFM,,1884,0,20,AUG25,1974,wi
55608086,"Gerdt, Nikita",FID,M,,,,1790,7,40,AUG25,2013,
134109700,"Germann, Elias Markus",FID,M,,,,1466,12,40,AUG25,2007,
373107882,"Geromel, Eddy",FID,M,,,,ACM,1851,0,AUG25,2003,
34166146,"Getman, Tatyana",FID,F,WIM,WIM,,2279,18,20,AUG25,2003,w
11203501,"Gicain, Dani Ariel",FID,M,,,,1859,0,40,AUG25,1975,i
34372164,"Gilfanov, Marat I",FID,M,FM,,,2303,27,20,AUG25,2010,
4166868,"Gilmanov, Mansur",FID,M,IM,,,2361,0,10,AUG25,1990,i
358111746,"Gkogkornas, Ioannis",FID,M,,,,1542,2,40,AUG25,1982,
24212849,"Glebov, Dmitriy",FID,M,,,,1622,0,40,AUG25,2007,
24212857,"Glebov, Georgiy",FID,M,,,,1494,0,40,AUG25,2009,i
24165514,"Gluhovsky, Mark",FID,M,,,,2224,0,20,AUG25,1973,
34115428,"Goganova, Yana",FID,F,WFM,WFM,,1980,0,20,AUG25,1999,wi
366099243,"Gohil, Dev",FID,M,,,,1782,0,40,AUG25,2005,
34394176,"Golikov, Ivan",FID,M,,,,1816,0,40,AUG25,2012,
10301550,"Gomes , Savio Sebastian",FID,M,,,,1518,0,20,AUG25,1962,i
44162359,"Goncharov, Mikhail",FID,M,,,,1747,0,20,AUG25,2005,i
329105321,"Gonzalez, Ademar",FID,M,,,,1553,0,40,AUG25,1973,i
34115070,"Gorbounova, Natalia",FID,F,,,,1730,0,20,AUG25,1967,w
55647316,"Gordeev, Evgeny",FID,M,,,,AIM,1932,0,AUG25,1965,i
34203214,"Goriachkina, Oksana",FID,F,,,,2127,18,40,AUG25,2010,w
54111668,"Gorlova, Yuliya",FID,F,,,,1596,0,40,AUG25,2007,wi
34400095,"Gornostaeva, Margarita",FID,F,,,,1431,0,40,AUG25,2010,wi
4147103,"Goryachkina, Aleksandra",FID,F,GM,WGM,,2528,2,10,AUG25,1998,w
44153449,"Grachev, Alexey",FID,M,IM,,,2416,9,10,AUG25,2005,
55769942,"Gradusova, Alisa Aleks",FID,F,,,,1479,0,40,AUG25,2015,w
351104605,"GRANGE, Thomas",FID,M,,,,ACM,1629,0,AUG25,2009,
4121988,"Grebennikov, Nikolai A.",FID,M,CM,,,2225,0,20,AUG25,1978,
34189030,"Grebnev, Aleksey",FID,M,GM,,,2595,18,10,AUG25,2006,
13504762,"Grib, Tatiana",FID,F,,,,1988,0,20,AUG25,1986,wi
34446133,"Grigoriev, Alexander D",FID,M,,,,1767,9,40,AUG25,2012,
34181676,"Grigoriev, Dmitriy",FID,M,,,,1977,0,20,AUG25,2000,
24240699,"Grishin, Petr E.",FID,M,,,,1888,0,40,AUG25,2008,i
54600090,"Grobelsek, Lalita",FID,F,,,,1483,0,40,AUG25,2004,wi
351104614,"Gros, Julien",FID,M,,,,1605,0,40,AUG25,1973,
393200113,"Guenter, Henke",FID,M,,,,1691,0,40,AUG25,1954,i
34401687,"Gulishyan, Eseniya",FID,F,,,,1600,7,40,AUG25,2012,w
313105456,"Guliyev, Ingilab",FID,M,,,,1564,0,40,AUG25,1997,
4167570,"Gunina, Valentina",FID,F,GM,WGM,,2418,6,10,AUG25,1989,w
331059629,"Guo, Xingyuan",FID,M,,,,ACM,1417,0,AUG25,1995,
54176336,"Gurgenidze, Aleksandra",FID,F,,,,1716,7,40,AUG25,2007,w
4196767,"Gurov, Dmitri",FID,M,,,,1909,0,40,AUG25,1982,i
54190193,"Gusev, Kirill",FID,M,,,,2021,0,40,AUG25,2009,
34102180,"Gusev, Yury",FID,M,,,,1816,0,40,AUG25,1999,i
4195540,"Gutenev, Alexander",FID,M,IM,,,2455,0,10,AUG25,1990,i
26386038,"Hac Hamdo, Muhammed Nur",FID,M,,,,1494,0,40,AUG25,2004,
121105437,"Hallal, Ali",FID,M,,,,1479,0,40,AUG25,1969,
13520113,"Hancharevich, Heorhi",FID,M,,,,1630,0,20,AUG25,1961,i
338110877,"Hansen, Jonas",FID,M,,,,1708,0,40,AUG25,2002,i
338111210,"Hansen, Thomas",FID,M,,,,1699,0,40,AUG25,1997,
13519590,"Haurushyn, Stsiapan",FID,M,,,,1637,0,40,AUG25,2009,i
315104500,"Helal, Yuasuf Md",FID,M,,,,1407,5,40,AUG25,2005,
338105026,"Henriksen, Niels",FID,M,,,,1413,0,20,AUG25,1971,
355105351,"Holmes, Michael",FID,M,,,,1497,0,40,AUG25,1982,i
13501330,"Hrenovski, Dennis",FID,M,,,,1914,0,20,AUG25,1994,i
13521209,"Hryharovich, Aliaksei",FID,M,,,,2155,0,20,AUG25,2006,
114105259,"Huaman Arias, Iker Harlei",FID,M,,,,1437,0,40,AUG25,2011,
13523899,"Hvozdz, Aliaksandr",FID,M,,,,1928,0,40,AUG25,2009,
44124520,"Iapparova, Sara",FID,F,,,,1518,0,20,AUG25,2002,wi
34389563,"Iaroshevich, Vasil",FID,M,,,,1610,0,40,AUG25,1980,i
24107514,"Ibadov, Dashgyn",FID,M,IM,,,2337,0,20,AUG25,1997,i
3502937,"Ibarra Padron, Joel",FID,M,,,,2157,0,20,AUG25,1976,i
342105345,"Ibrahim, Hamdy",FID,M,,,,1578,2,40,AUG25,1966,
7816634,"Idjouola, Bidossessi Christian",FID,M,,,,1663,0,40,AUG25,1980,i
3533450,"Iglesias, Nelson",FID,M,,,,1847,0,40,AUG25,1988,i
115097797,"III, Nicanor B Perez",FID,M,,,,ACM,1661,0,AUG25,2008,
4100972,"Ikonnikov, Vyacheslav",FID,M,GM,,,2461,9,10,AUG25,1966,
24105074,"Iljiushenok, Ilia",FID,M,GM,,,2514,18,10,AUG25,1993,
34221956,"Irgit, Arina",FID,F,,,,1891,0,40,AUG25,2009,w
150098894,"Isaev, Nikola",FID,M,,,,1766,0,40,AUG25,1995,i
55781071,"Isaev, Yuriy V",FID,M,,,,2042,6,20,AUG25,1962,
34275339,"Ivannikov, Maksim",FID,M,CM,,,2100,9,40,AUG25,2010,
13502751,"Ivanov, Grigory",FID,M,,,,2201,0,40,AUG25,1989,i
24170003,"Ivanov, Sergei V.",FID,M,,,,1988,7,20,AUG25,1964,
148104439,"Ivanov, Viktor",FID,M,,,,1498,0,40,AUG25,1998,i
44134444,"Ivanova, Anastasia S.",FID,F,,,,1908,0,20,AUG25,2004,wi
55675549,"Ivaschenko, Anna",FID,F,,,,1741,4,40,AUG25,2013,w
34331050,"Ivashentseva, Dominika",FID,F,WCM,WCM,,1953,9,40,AUG25,2011,w
4189140,"Izotov, Vladimir",FID,M,,,,2029,0,20,AUG25,1976,i
396216046,"Jacome, Justino",FID,M,,,,AIM,1783,0,AUG25,1978,i
6349978,"Jamalaev, Roustam",FID,M,,,,1975,0,40,AUG25,1985,i
13535870,"Jamond, Corentin",FID,M,,,,1582,0,40,AUG25,1998,
396105430,"Jauregui Ocampo, Miguel Angel",FID,M,,,,AFM,1732,0,AUG25,1999,i
366127713,"Jayasimha, Arjun",FID,M,,,,1593,0,40,AUG25,1989,
371104522,"Jayyusi, Fairoz",FID,F,,,,1598,0,40,AUG25,2000,w
107210460,"Jiang, Ming Rong",FID,M,,,,1843,0,40,AUG25,1995,i
396217428,"Jimenez Maldonado, Santiago Del Angel",FID,M,,,,ACM,1551,0,AUG25,2010,i
324104715,"Jorge Barbosa Carvalho Junior, Renato",FID,M,,,,AFM,1794,4,AUG25,1989,
10303030,"Joshua, Bacalzo",FID,M,,,,1795,0,40,AUG25,1989,i
366196363,"K, Abhishek",FID,M,,,,1408,0,40,AUG25,1992,i
2330938,"Kaalinnguaq Thorleifsen, Thomas",FID,M,,,,1554,0,40,AUG25,1981,
54104416,"Kalenichenko, Alina",FID,F,WCM,WCM,,1917,0,40,AUG25,2007,wi
55799370,"Kalinichenko, German Yu",FID,M,,,,1682,7,40,AUG25,2014,
14101173,"Kalinichenko, Yury",FID,M,FM,,,2140,9,20,AUG25,1975,
55860320,"Kalinin, Bogdan",FID,M,,,,1739,8,40,AUG25,2017,
34233512,"Kalinin, Nikita An.",FID,M,FM,,,2336,0,20,AUG25,2009,
34229396,"Kalugin, Vitalii",FID,M,,,,1812,0,40,AUG25,1991,i
13528041,"Kamarouski, Andrei",FID,M,,,,1508,0,40,AUG25,1986,i
13528050,"Kamarouski, Mark",FID,M,,,,1678,0,40,AUG25,2011,
55769764,"Kaminskii, Daniil",FID,M,,,,1801,0,40,AUG25,2015,
366098264,"Kamisetty, Muni Vinay",FID,M,,,,1466,0,40,AUG25,1985,
9700153,"Kamowa, J",FID,M,,,,2077,0,40,AUG25,0,i
34241426,"Kanev, Evgeny",FID,M,,,,1687,0,20,AUG25,1986,
34385517,"Karataev, Khassan",FID,M,,,,1633,0,40,AUG25,2007,
4135997,"Kargin, Arseny",FID,M,IM,NA,,2374,0,10,AUG25,1980,
374101542,"Karia, Yash",FID,M,,,,AFM,1524,4,AUG25,2011,
44179243,"Karimova, Antonina",FID,F,,,,1404,0,40,AUG25,1955,wi
24215333,"Karmanova, Olga Dm.",FID,F,WIM,WIM,,2297,18,20,AUG25,2007,w
4145402,"Karnaukhov, Oleg",FID,M,,,,2205,0,20,AUG25,1973,i
4148827,"Karnaukhova, Elmira",FID,F,WGM,WGM,,2307,0,20,AUG25,1985,wi
13525042,"Karpenkau, Dzmitry",FID,M,,,,1628,0,40,AUG25,1982,i
13522710,"Karpenkava, Palina",FID,F,,,,1536,0,40,AUG25,2010,wi
34374353,"Karpenko, Anton",FID,M,CM,,,2143,9,40,AUG25,2011,
4195868,"Karpov, Petr",FID,M,,,,2096,0,20,AUG25,1990,i
13500481,"Kasparov, Sergey",FID,M,GM,,,2447,0,10,AUG25,1968,
13501453,"Kasparova, Tatiana",FID,F,WIM,WIM,,2066,0,20,AUG25,1969,w
146105348,"Kassem, Mahmoud",FID,M,,,,1477,8,20,AUG25,1975,
34220194,"Kaufman, David",FID,M,IM,,,2447,0,10,AUG25,2010,
55690696,"Kavokin, Aleksandr",FID,M,,,,1408,0,40,AUG25,1993,i
4107837,"Kayukov, Kirill",FID,M,,,,2179,0,20,AUG25,1994,i
13502158,"Kazakova, Ksenia",FID,F,,,,1760,0,20,AUG25,1998,wi
55695060,"Kazaryan, Karina",FID,F,,,,1766,18,40,AUG25,2009,w
13526510,"Kazhamiakina, Marta",FID,F,,,,AFM,1542,8,AUG25,2013,w
366126636,"Kelath, Saikumar",FID,M,,,,1613,0,40,AUG25,1975,i
366196828,"Kewalramani, Abhir",FID,M,,,,1639,0,40,AUG25,2007,i
55650678,"Khachaturian, Aram",FID,M,,,,1589,0,40,AUG25,2008,i
34281886,"Khachaturian, Emin",FID,M,,,,1912,0,40,AUG25,1999,i
34378049,"Khafizova, Diana",FID,F,WFM,WFM,,2176,18,40,AUG25,2010,w
34372296,"Khaleev, Timofey D",FID,M,,,,1939,9,40,AUG25,2010,
4100115,"Khalifman, Alexander",FID,M,GM,,,2597,0,10,AUG25,1966,i
34147869,"Khalikov, Bulat",FID,M,CM,,,2171,0,20,AUG25,2003,i
34235574,"Khalimov, Daniil",FID,M,,,,1912,0,20,AUG25,2004,i
13517694,"Khaliukou, Aliaksandr",FID,M,,,,1810,0,40,AUG25,1984,i
4111990,"Khanin, Semen",FID,M,GM,,,2595,11,10,AUG25,1999,
34272542,"Kharitonov, Maksim",FID,M,,,,AFM,1891,0,AUG25,2010,i
34354310,"Kharitonova, Viktoriia",FID,F,,,,1607,0,40,AUG25,2012,wi
4144694,"Khayrullin, Denis",FID,M,IM,,,2386,8,20,AUG25,1984,
24246131,"Khegai, Darya",FID,F,,,,1714,9,40,AUG25,2008,w
34357831,"Khiryaev, Adam",FID,M,,,,1965,9,40,AUG25,2011,
55752020,"Khizhnyakov, Mikhail Mak",FID,M,,,,1550,0,40,AUG25,2011,
34316701,"Khlypovka, Lada",FID,F,,,,1872,0,40,AUG25,2008,w
13512145,"Khmaryna, Alena",FID,F,,,,1525,0,40,AUG25,1964,wi
24182729,"Khokhlova, Daria",FID,F,,,,2067,0,20,AUG25,1999,wi
4148100,"Kholopov, Alexander A.",FID,M,FM,,,2078,0,20,AUG25,1969,
55654096,"Khomenko, Arseniy",FID,M,,,,1713,7,40,AUG25,2012,
13513001,"Khonski, Jan",FID,M,,,,1695,0,40,AUG25,1992,i
13522060,"Khramkov, Anatoliy",FID,M,,,,1550,0,40,AUG25,1995,i
54184975,"Khripachenko, Alexander",FID,M,IM,,,2376,16,10,AUG25,2007,
148104617,"Khromov, Denys",FID,M,,,,ACM,1756,0,AUG25,1981,
54114527,"Khubukshanov, Erdem",FID,M,IM,,,2489,9,10,AUG25,2007,
540001199,"Khudorozhkov, Iaroslav",FID,M,,,,1413,0,40,AUG25,2016,
55854559,"Khudorozhkov, Mikhail",FID,M,,,,1417,0,40,AUG25,2010,
24165638,"Khudovekov, Stanislav",FID,M,,,,1910,0,20,AUG25,1970,i
55788025,"Kinzyabulatova, Reana",FID,F,,,,1548,7,40,AUG25,2016,w
54186005,"Kirdyashkina, Ekaterina",FID,F,,,,1981,0,40,AUG25,2008,w
13531328,"Kireyeu , Barys",FID,M,,,,1921,9,40,AUG25,2013,
4119231,"Kiriakov, Petr",FID,M,GM,,,2502,0,10,AUG25,1975,i
13735101,"Kirilenko, Andrei",FID,M,,,,1967,0,20,AUG25,1978,i
13526421,"Kirko, Ivan",FID,M,,,,1722,9,40,AUG25,2011,
4119010,"Kirsanov, Oleg",FID,M,,,,2275,0,20,AUG25,1968,i
4155009,"Kiseljova, Marya",FID,F,WFM,WFM,,2039,0,20,AUG25,1994,w
24248185,"Kishiev, Famil",FID,M,CM,,,2235,18,40,AUG25,2008,
34414223,"Kleimenov, Nikolay",FID,M,CM,,,2244,9,40,AUG25,2013,
55677282,"Kleschevnikov, Arseny",FID,M,CM,,,2170,18,40,AUG25,2013,
34290702,"Klimchuk, Georgiy",FID,M,,,,1811,0,40,AUG25,2008,
13507362,"Klimovich, Hanna",FID,F,,,,1777,0,40,AUG25,1996,wi
13519514,"Klintsevich, Andrei",FID,M,,,,1829,0,20,AUG25,1988,i
73000485,"Knap, Jasa",FID,M,,,,1695,0,40,AUG25,2002,i
4119150,"Kobalia, Mikhail",FID,M,GM,FST,,2531,0,10,AUG25,1978,
13519352,"Koishman, Karina",FID,F,,,,1680,0,40,AUG25,2009,w
55770037,"Kokareva, Sofya Dm",FID,F,,,,1714,9,40,AUG25,2014,w
34147222,"Kolchin, Maxim",FID,M,,,,2155,0,20,AUG25,2006,i
4137868,"Kolesnyak, Serge Germanovich",FID,M,IM,,,2400,0,10,AUG25,1965,i
1233327,"Kollo, Edit",FID,F,,,,1792,0,40,AUG25,1972,wi
124105010,"Kolmakov, Ivan D.",FID,M,,,,2105,0,40,AUG25,2009,
24173959,"Kolmychek, Evelina",FID,F,WFM,WFM,,1990,0,20,AUG25,2000,wi
34464204,"Kondakov, Konstantin",FID,M,,,,2089,17,40,AUG25,2009,
55660207,"Konyaev, Kirill Andr",FID,M,,,,1901,0,40,AUG25,2013,
55663540,"Konyakhin-Borrelly, Gregory Jacques",FID,M,,,,1880,9,40,AUG25,2009,
4164857,"Kopylov, Alexander A.",FID,M,IM,,,2375,0,10,AUG25,1991,i
54164265,"Korchalovskii, Matvei",FID,M,,,,1681,0,40,AUG25,2007,
24131750,"Korchmar, Vasiliy",FID,M,IM,,,2427,9,10,AUG25,1996,
34329064,"Korelskiy, Egor",FID,M,FM,,,2181,0,20,AUG25,2011,
44181205,"Korolev, Pavel",FID,M,,,,1732,0,20,AUG25,2005,i
34274715,"Korshunov, Sergey And.",FID,M,FM,,,2382,0,20,AUG25,2006,
54600634,"Kos, Jernej",FID,M,,,,1546,0,40,AUG25,2002,i
4120990,"Kosarev, Andrei M.",FID,M,FM,,,2285,0,20,AUG25,1977,
55706550,"Kovalenko, Luchezar",FID,M,,,,1422,5,40,AUG25,2016,
55706568,"Kovalenko, Mariel",FID,F,,,,1550,6,40,AUG25,2013,w
55657150,"Kovalev, Dmitry Alek",FID,M,,,,1444,0,40,AUG25,2014,
13504398,"Kovalev, Vladislav",FID,M,GM,,,2557,0,10,AUG25,1994,
13508598,"Kovalevsky, Stanislav",FID,M,FM,,,2105,0,20,AUG25,1999,
55672469,"Kovalishin, Timofey",FID,M,,,,AFM,1796,0,AUG25,2004,
55629512,"Kovalskiy, Dmitriy Kir",FID,M,,,,1525,12,40,AUG25,2011,
13527282,"Kozhedub, Ivan",FID,M,,,,1933,10,40,AUG25,2012,
55652891,"Kozhumyachenko, Svyatoslav",FID,M,,,,1595,0,40,AUG25,2009,i
13511815,"Kozlov, Igor",FID,M,,,,1837,0,40,AUG25,1997,i
44126727,"Krasikov, Vladislav",FID,M,FM,,,2278,0,20,AUG25,2000,i
55700624,"Krasin, Boris Vsev",FID,M,,,,1901,0,40,AUG25,2013,
24178314,"Krasovskiy, Kirill",FID,M,,,,2182,0,20,AUG25,1997,
55733948,"Krassel, Timofei",FID,M,,,,2037,9,20,AUG25,2004,
24220728,"Krikunov, Dmitry",FID,M,,,,2237,0,40,AUG25,1992,i
24208213,"Krotov, Damian",FID,M,,,,1967,0,40,AUG25,2008,
55677363,"Kruglikov, Mark",FID,M,,,,1916,9,40,AUG25,2012,
13525018,"Kruk, Leanid",FID,M,,,,1407,0,40,AUG25,2008,
34458581,"Kudrin, Ivan",FID,M,,,,2019,9,40,AUG25,2013,
34284133,"Kudryashova, Sofiya",FID,F,,,,1507,5,40,AUG25,2011,w
24108260,"Kukhmazov, Arsen",FID,M,IM,,,2442,0,10,AUG25,1997,
13504207,"Kul, Ivan",FID,M,CM,,,2089,0,20,AUG25,1970,
13513680,"Kuleba, Ivan",FID,M,,,,1836,0,20,AUG25,2006,i
54157544,"Kulnev, Aleksandr",FID,M,CM,,,2094,17,40,AUG25,2008,
13504100,"Kultiyasov, Mikhail",FID,M,,,,2204,0,20,AUG25,1986,i
55722792,"Kumratova, Amina",FID,F,,,,1428,0,40,AUG25,2006,w
44157819,"Kundianok, Vladislav",FID,M,FM,,,2384,0,20,AUG25,2005,
34510311,"Kunnathur, Mohammad Usama",FID,M,,,,1903,0,40,AUG25,1993,i
55655211,"Kuraeva, Sofya Rom",FID,F,,,,1433,0,40,AUG25,2014,w
34403272,"Kurdagiya, Aleksandr G",FID,M,,,,1981,0,40,AUG25,2011,
10303286,"Kurian, Joy",FID,M,,,,1664,0,40,AUG25,1977,i
4105168,"Kurochkin, Victor",FID,M,,,,2370,0,10,AUG25,1967,
24131776,"Kurzykov, Andrey",FID,M,,,,2188,0,20,AUG25,1995,i
24276103,"Kusakina, Uliana",FID,F,WCM,WCM,,1849,9,40,AUG25,2009,w
34127655,"Kutyanina, Mariya",FID,F,WFM,WFM,,1963,0,20,AUG25,2004,w
124136366,"Kuzmenkov, Georgy",FID,M,,,,1706,0,40,AUG25,1983,i
124137354,"Kuzmin, Sevastian",FID,M,,,,1979,18,40,AUG25,2012,
55656536,"Kuznetsov, Dmitry",FID,M,,,,1814,8,40,AUG25,2014,
4141342,"Kuznetsov, Kirill",FID,M,,,,1953,9,20,AUG25,1969,
522063439,"Kuznetsov, Petr",FID,M,,,,1573,0,40,AUG25,2014,
44173270,"Kuznetsova, Marina",FID,F,WFM,WFM,,2109,19,20,AUG25,2006,w
329111427,"Kvas, Chris",FID,M,,,,1537,0,40,AUG25,1960,
362200010,"Kwok, Yam Yung",FID,M,,,,1808,0,40,AUG25,1965,i
6350755,"Kyialbek Ulu, Akyl",FID,M,,,,1813,0,20,AUG25,1999,i
115110422,"LADAN, RUDY",FID,M,,,,AIM,1915,0,AUG25,1974,i
24132144,"Lagashin, Pavel",FID,M,,,,2033,22,20,AUG25,1989,
34160059,"Lalaev, Ashur",FID,M,,,,1757,0,20,AUG25,1982,i
115108970,"Lamigo, Ramel",FID,M,,,,AIM,1721,0,AUG25,1989,i
107111247,"Lamme, Victor",FID,M,,,,1827,0,40,AUG25,1959,i
4198166,"Lanin, Boris Dr",FID,M,,,,1853,0,20,AUG25,1961,
13519468,"Lapitski, Yaroslav",FID,M,,,,2042,9,20,AUG25,2006,
13503782,"Lappo, Vladimir",FID,M,,,,2153,0,40,AUG25,1984,i
24113182,"Larina, Maria",FID,F,WFM,WFM,,1969,0,20,AUG25,1988,wi
54126274,"Lavrentev, Anton",FID,M,,,,1763,0,40,AUG25,1990,i
55672779,"Lazarev, Egor",FID,M,,,,1738,0,40,AUG25,2014,
4143981,"Lazhevskaya, Zhanni",FID,F,WFM,WFM,,1910,9,20,AUG25,1984,w
4163966,"Lazhevsky, Gleb",FID,M,,,,2180,0,20,AUG25,1986,i
34433759,"Le Cornec, Boris",FID,M,,,,1513,0,40,AUG25,2009,i
343113922,"Le-Vine, Mark",FID,M,,,,1963,0,40,AUG25,1987,i
34152765,"Lebedev, Stepan",FID,M,,,,1731,0,20,AUG25,1996,i
13900714,"Lebedinsky, Eduard",FID,M,,,,2085,0,20,AUG25,1953,i
329193880,"Leblanc-Legault, Mathieu",FID,M,,,,AFM,1664,0,AUG25,1987,
34487131,"Leisle, Darya",FID,F,,,,1690,18,40,AUG25,2010,w
55693490,"Leisle, Vera Den",FID,F,,,,1444,0,40,AUG25,2015,w
132104590,"Lekamge, Kavindu",FID,M,,,,ACM,1436,0,AUG25,2017,
389104685,"Lendvai, Ben",FID,M,,,,1550,0,40,AUG25,2011,
13533240,"Lenkov, Dzmitry",FID,M,,,,1526,9,40,AUG25,1987,
3505316,"Leon, Virgilio",FID,M,,,,2184,0,20,AUG25,1970,i
5800242,"Leong, Ignatius",FID,M,FM,,,1679,5,20,AUG25,1956,
13503871,"Leonovich, Evgenia",FID,F,,,,1978,0,20,AUG25,1988,wi
13503316,"Leshchyshak, Igor",FID,M,FM,,,2010,0,20,AUG25,1974,i
24151017,"Levchenko, Evgeniy",FID,M,,,,1935,0,40,AUG25,1983,i
55870848,"Levgeeva, Elzyata Nik",FID,F,,,,1658,0,40,AUG25,2016,w
13533045,"Liantsevich, Timofey",FID,M,,,,1403,7,40,AUG25,2013,
13518658,"Liashkevich, Lizaveta",FID,F,WFM,WFM,,2149,9,40,AUG25,2009,w
13524178,"Liavonava, Yuliya",FID,F,WFM,WFM,,2163,10,40,AUG25,2008,w
55672728,"Lingur, Umar",FID,M,,,,1480,0,40,AUG25,2014,
54113245,"Lipilin, Ilia",FID,M,FM,,,2161,0,20,AUG25,2002,
123104760,"Lippstreu, Caleb",FID,M,,,,1467,1,40,AUG25,2008,
34264183,"Lisenkov, Svyatoslav",FID,M,FM,,,2343,18,20,AUG25,2010,
63100088,"Liu, Jiabei",FID,M,,,,1914,0,40,AUG25,2002,i
115108854,"Liza, Marjun",FID,M,,,,AGM,1899,0,AUG25,1995,
24183750,"Lobanov, Sergei",FID,M,GM,,,2537,27,10,AUG25,2001,
55872085,"Loginov, Bogdan Ev",FID,M,,,,1470,0,40,AUG25,2016,
3500900,"Lopez Jimenez, Armando Candido",FID,M,FM,,,2217,0,20,AUG25,1960,i
396215835,"Lopez Romero, Eduardo",FID,M,,,,1782,0,40,AUG25,1993,i
13505025,"Losik, Pavel",FID,M,,,,1919,0,20,AUG25,1994,i
13505556,"Lyovin, Maxim",FID,M,,,,1921,0,40,AUG25,1992,i
4193750,"Lysakov, Anton",FID,M,,,,AFM,1910,0,AUG25,1993,
4150120,"Lysyj, Igor",FID,M,GM,FST,,2574,9,10,AUG25,1987,
55754562,"Lyubushak, Vladimir",FID,M,,,,1632,0,40,AUG25,2014,i
34425969,"Lyutsinger, Iren",FID,F,FM,WIM,,2308,18,20,AUG25,2009,w
366194592,"M, Sowndhar",FID,M,,,,AFM,1419,0,AUG25,2007,i
123111335,"Mabher, Sunungukai",FID,M,,,,ACM,1589,0,AUG25,1986,
115110290,"Macato, Cedric Daniel",FID,M,,,,ACM,1701,0,AUG25,2006,
123110982,"Machet, Jordan",FID,M,,,,ACM,1725,8,AUG25,2009,
311211549,"Mackay, Hamish",FID,M,,,,1606,0,40,AUG25,1980,i
132104330,"Madirawalage, Usara Evin",FID,M,,,,1401,0,40,AUG25,2017,
10301887,"Magazine, Rushil",FID,M,,,,1543,0,40,AUG25,2003,i
34372490,"Magomedov, Magomedkamil",FID,M,,,,1715,0,40,AUG25,2010,
366195455,"Mahajan, Thejus",FID,M,,,,1736,0,40,AUG25,1992,i
7929706,"Mahmoud, Salem Boudjema",FID,M,,,,1447,0,40,AUG25,1968,i
6351280,"Majeed, Zryan Kemal",FID,M,,,,1876,0,20,AUG25,1970,i
13512676,"Makarau, Yauheni",FID,M,,,,1737,0,20,AUG25,2004,i
34254757,"Makarenko, Kirill",FID,M,,,,1897,0,40,AUG25,2010,
44105681,"Makarian, Rudik",FID,M,IM,,,2549,18,10,AUG25,2004,
34100749,"Makarov, Alexander",FID,M,,,,2090,0,40,AUG25,1979,i
55825621,"Makeev, Peter",FID,M,,,,1640,0,40,AUG25,2018,
69200025,"Makloof, Rabeea",FID,M,,,,1875,0,40,AUG25,1998,i
34155748,"Makoveev, Ilya",FID,M,FM,,,2275,9,20,AUG25,2006,
140244522,"Malahfji, Zakaria",FID,M,,,,1621,0,40,AUG25,1982,i
4120787,"Malakhov, Vladimir",FID,M,GM,,,2643,9,10,AUG25,1980,
55774440,"Malanin, Egor",FID,M,,,,1847,8,40,AUG25,2015,
13515772,"Malevskiy, Ivan",FID,M,,,,1600,0,40,AUG25,1960,i
13524461,"Maliush, Alisa",FID,F,,,,1643,16,40,AUG25,2013,w
324226979,"Malloou, Aristeu Cesar Pinto Neto",FID,M,,,,1810,0,40,AUG25,1960,i
381105372,"Mametov, Abdyakim",FID,M,,,,ACM,1507,0,AUG25,1992,
55613993,"Mamikonyan, Artem T",FID,M,,,,2053,0,40,AUG25,2013,
26371650,"Mamus, Mustafa",FID,M,,,,1594,0,40,AUG25,1974,i
74000187,"Manav, Devalraju Sai Rajesh",FID,M,,,,1575,0,20,AUG25,2002,i
383266720,"Mandal, Abhijoy",FID,M,,,,1689,0,40,AUG25,2001,i
148105258,"Mandryka, Vladislav",FID,M,,,,1788,0,20,AUG25,1986,
329104389,"Mangai Sivakumar, Velan",FID,M,,,,ACM,1630,0,AUG25,2009,
138105352,"Manlla Hasan, Ahmad",FID,M,,,,1578,0,40,AUG25,1996,
34368213,"Markov, Igor A.",FID,M,,,,1896,4,40,AUG25,2011,
24121622,"Markov, Ilja",FID,M,,,,1842,0,20,AUG25,1975,
55826962,"Markov, Mikhail Ev.",FID,M,,,,AFM,1570,7,AUG25,2018,
115201984,"Marquez, Danilo",FID,M,,,,1710,0,40,AUG25,1964,i
150095622,"Martakov, Roman",FID,M,,,,ACM,1455,0,AUG25,2007,i
11203498,"Martin, Garry",FID,M,,,,1699,0,40,AUG25,1967,i
150100517,"Martinez, Andrew",FID,M,,,,1588,0,40,AUG25,1999,i
13513699,"Martsev, Ivan",FID,M,,,,1596,0,40,AUG25,2004,i
13511947,"Martyniuk , Daniil",FID,M,,,,2046,7,20,AUG25,2000,
13511661,"Masalkov, Pavel",FID,M,,,,1591,0,40,AUG25,2004,i
55685587,"Maslova, Anastasiya Yar",FID,F,WFM,WFM,,2104,17,40,AUG25,2009,w
24178772,"Maslova, Polina",FID,F,WFM,WFM,,2140,0,20,AUG25,1999,wi
24273546,"Maslovskiy, Vladimir",FID,M,FM,,,2380,9,20,AUG25,2009,
306105385,"Massachs Carhuamaca, Bryam-Kurt",FID,M,,,,1804,0,40,AUG25,2001,
24129100,"Matinian, Nikita",FID,M,GM,,,2414,18,10,AUG25,1992,
4172892,"Matsenko, Elena",FID,F,WFM,WFM,,1771,0,20,AUG25,1970,w
4170083,"Matsenko, Sergei",FID,M,GM,,,2528,0,10,AUG25,1990,i
13525352,"Mazanik, Mikita",FID,M,,,,1925,9,40,AUG25,2012,
373201113,"Medda, Giuliano",FID,M,,,,AFM,1888,0,AUG25,1994,i
3502872,"Mederos, Dennis",FID,M,,,,2151,0,20,AUG25,1978,i
13504835,"Medvedev, Oleg",FID,M,,,,1954,0,20,AUG25,1995,i
366127491,"Mehta, Aarav",FID,M,,,,1620,0,40,AUG25,2005,i
396104774,"Meixueiro, Santiago",FID,M,,,,1554,0,40,AUG25,2012,
24110825,"Melikidze, Valeriy",FID,M,,,,1931,0,20,AUG25,1979,i
54117089,"Melnikov, Evgeny",FID,M,,,,AGM,1835,18,AUG25,1982,
34266984,"Melnikov, Fedor",FID,M,FM,,,2351,9,20,AUG25,2010,
3504280,"Mendez Alfaro, Yaquelin Yenia",FID,F,WFM,WFM,,2125,0,20,AUG25,1980,wi
5130905,"Mendoza, Victor",FID,M,,,,1738,0,40,AUG25,1982,i
24227757,"Meshcheryakova, Alina",FID,F,,,,1491,0,20,AUG25,2005,wi
4116887,"Mesropov, Konstantin",FID,M,IM,,,2458,0,10,AUG25,1971,
6331289,"Mikayilov, Ilkin",FID,M,,,,1805,0,20,AUG25,1985,i
44191995,"Mikhailina, Olga",FID,F,WCM,WCM,,1747,0,40,AUG25,2008,w
44108320,"Mikheeva, Galina",FID,F,WIM,WIM,,2222,18,40,AUG25,2007,w
2333988,"Mikike, Mikael Ulrik Ano",FID,M,,,,1818,0,40,AUG25,1995,
13506854,"Minald, Andrey",FID,M,,,,2101,0,20,AUG25,1998,i
6301541,"Minasjan, S.",FID,M,,,,2221,0,40,AUG25,1959,i
34397833,"Minkhajdarov, Ruslan",FID,M,,,,2095,18,40,AUG25,2012,
24188468,"Minko, Dmitry",FID,M,FM,,,2247,0,20,AUG25,2004,i
44115423,"Mironov, Alexander",FID,M,,,,1817,7,20,AUG25,1997,
4188659,"Miroshnichenko, Pavel",FID,M,FM,,,2212,0,20,AUG25,1991,i
34127698,"Miroshnik, Ekaterina",FID,F,WFM,WFM,,2021,0,20,AUG25,2003,w
366196739,"Mishra, Devansh",FID,M,,,,1468,0,40,AUG25,2004,i
366195698,"Mishra, Samriddhi",FID,F,,,,1442,0,40,AUG25,2001,wi
44179634,"Mochalov, Dmitriy",FID,M,,,,2197,9,40,AUG25,2007,
21303045,Mohale Mokhameleli,FID,M,,,,1635,0,40,AUG25,2008,i
315105240,"Mohammed Helal Uddin, Hossam",FID,M,,,,1496,6,40,AUG25,2010,
21303037,moketa lira,FID,M,,,,1569,0,40,AUG25,2008,
34435271,"Mokhamed Refaat Akhmed, Iusif",FID,M,,,,1800,0,20,AUG25,2004,
10302794,"Moleunnel, Allen",FID,M,,,,1635,0,40,AUG25,2001,i
308112208,"Molina, Sebastian",FID,M,,,,1727,5,40,AUG25,1980,
115098140,"Morier Hernandez, ALIA MADELEINE REMI",FID,F,,,,1408,0,40,AUG25,2015,w
55657206,"Morozevich, Kirill Aleks",FID,M,,,,1761,10,40,AUG25,2016,
55785654,"Morozov, Arkhip",FID,M,,,,1701,0,40,AUG25,2016,
522063455,"Morozov, Iaroslav",FID,M,,,,1631,0,40,AUG25,2014,i
13503707,"Moryakova, Diana",FID,F,,,,1938,0,20,AUG25,1993,wi
24199990,"Moskvin, Anatoly",FID,M,CM,,,2192,0,20,AUG25,2002,i
34271457,"Moskvinov, Prokhor",FID,M,,,,2077,9,40,AUG25,2011,
2330946,"Motzfeldt Thorsen, Aqqanaatsiaq Karl",FID,M,,,,1584,0,40,AUG25,1990,i
4171772,"Movsesian, Artur",FID,M,,,,2098,0,20,AUG25,1986,
55657559,"Mozolevskaya, Tatyana Nik",FID,F,,,,1749,9,40,AUG25,2013,w
10502238,"Muhd, Afiq Aiman",FID,M,,,,1780,0,40,AUG25,2001,i
146104322,"Mukarram, Mohammed",FID,M,,,,1518,0,40,AUG25,2003,
55682499,"Mukhin, Mikhail",FID,M,,,,1832,0,40,AUG25,2013,
55698344,"Mukhorina, Mariya Dm",FID,F,,,,1762,18,40,AUG25,2014,w
115109243,"Muleta, Jordan",FID,M,,,,AFM,1875,0,AUG25,1982,
55780075,"Muratshin, Ramazan",FID,M,,,,AIM,1696,9,AUG25,2016,
379105230,"Muratuly, Magzhan",FID,M,,,,1804,0,40,AUG25,2000,i
44155573,"Murzin, Volodar",FID,M,GM,,,2678,8,10,AUG25,2006,
366130138,"Nadar, Kaushik",FID,M,,,,1539,0,40,AUG25,1989,i
10302778,"Nair, Anan",FID,M,,,,1477,0,40,AUG25,1986,i
366095404,"Nair, Saranya",FID,F,,,,1518,0,40,AUG25,2010,w
4118987,"Najer, Evgeniy",FID,M,GM,FST,,2613,9,10,AUG25,1977,
10301860,"Nanthalathu, Ebin",FID,M,,,,1688,0,40,AUG25,2002,i
111105406,"Nasir, Tahir",FID,M,,,,ACM,1669,0,AUG25,1990,
34513302,"Nasraddin, Rafea Mahdi",FID,M,,,,1778,0,40,AUG25,1974,i
55870937,"Nasyrova, Agata Rus",FID,F,,,,1421,0,40,AUG25,2015,w
3512240,"Navarro Rivas, Rashid",FID,M,,NI,,1927,0,20,AUG25,1972,i
13514075,"Navumenka, Mikhei",FID,M,FM,,,2241,10,20,AUG25,2007,
124138208,"Nesin, Vladimir",FID,M,,,,AFM,1665,0,AUG25,1978,i
24198455,"Nesterov, Arseniy",FID,M,GM,,,2604,18,10,AUG25,2003,
34420029,"Nikitskaya, Varvara",FID,F,,,,1653,0,20,AUG25,2006,w
24102474,"Nikologorsky, Matfei",FID,M,CM,,,2182,0,20,AUG25,1990,i
115202954,"Noblijas, Art R.",FID,M,,,,AIM,1634,0,AUG25,2009,
55707149,"Nogovitsina, Yana",FID,F,,,,1630,7,40,AUG25,2015,w
24107069,"Norkin, Alexey",FID,M,,,,2120,0,20,AUG25,1985,i
13518780,"Norman, Kseniya",FID,F,WFM,WFM,,2029,19,40,AUG25,2007,w
55700969,"Novikov, Vladimir Dm",FID,M,,,,1541,0,40,AUG25,2016,i
34477047,"Novodvorskiy, Dmitriy Al",FID,M,,,,1996,16,40,AUG25,2013,
123104724,"Ntsunguzi, Siyamamkela",FID,M,,,,1571,6,40,AUG25,2006,
3500640,"Nunez, Antonio",FID,M,FM,,,2176,0,20,AUG25,1963,i
365200040,"Nursinggih, Prima Donna",FID,M,,,,1822,0,40,AUG25,1974,i
4114310,"Obodchuk, Andrei",FID,M,IM,,,2185,0,10,AUG25,1955,
55770134,"Obraztsova, Sofiya Rom",FID,F,,,,1667,8,40,AUG25,2015,w
4122488,"Oganian, Miran",FID,M,IM,,,2422,0,10,AUG25,1996,
396216144,"Ojeda Ochiqui, Ian Elliot",FID,M,,,,1638,0,40,AUG25,2007,i
34341072,"Okhitin, Lev",FID,M,,,,1795,0,40,AUG25,2011,
13507397,"Olhovik, Andrei",FID,M,FM,,,2282,0,20,AUG25,1984,i
3503925,"Olivera Medrano, Joan",FID,M,FM,,,2349,0,10,AUG25,1980,i
345279428,"Oliveros Mejias, Clemente",FID,M,,,,AFM,1746,0,AUG25,1961,
150108300,"Oquendo, Eddy",FID,M,,,,1545,0,40,AUG25,1966,
4125282,"Orlov, Andrey",FID,M,GM,,,2474,0,10,AUG25,1977,
4166612,"Orlov, Oleg",FID,M,FM,,,2254,0,20,AUG25,1987,i
34154563,"Orlova, Alicia",FID,F,,,,1794,0,20,AUG25,2005,wi
345104860,"Ortiz Rodriguez, Javier",FID,M,,,,1519,0,40,AUG25,1991,
55647235,"Osetrov, Prokhor",FID,M,,,,1735,8,40,AUG25,2013,
55824277,"Osmanov, Ilya Tim",FID,M,,,,1473,0,40,AUG25,2016,
24280216,"Otdelnov, Kirill",FID,M,FM,,,2233,9,20,AUG25,2008,
4131827,"Ovod, Evgenija",FID,F,IM,WGM,FA,2164,9,10,AUG25,1982,w
366130728,"P, Kishore",FID,M,,,,1558,0,40,AUG25,1980,i
146241420,"Padamattumal, Joseph Basil",FID,M,,,,1708,0,40,AUG25,1962,i
24122165,"Pakhomov, Denis",FID,M,,,,2067,0,20,AUG25,1987,
366130129,"Pandey, Dhawal",FID,M,,,,1541,0,40,AUG25,2004,i
4172736,"Pankov, Oleg",FID,M,,,,2065,0,20,AUG25,1989,i
358093817,"PANTOULAS, GEORGIOS",FID,M,,,,1636,0,40,AUG25,1982,i
338111257,"Pape, Phillip",FID,M,,,,1617,0,40,AUG25,1994,
13510770,"Papunidi, Matvey",FID,M,,,,2061,0,20,AUG25,2004,i
4165012,"Paramzina, Anastasya",FID,F,WGM,WGM,,2133,0,20,AUG25,1998,w
4194985,"Paravyan, David",FID,M,GM,,,2582,9,10,AUG25,1998,
345104323,"Pardo Caballos, Manuel",FID,M,,,,1698,9,40,AUG25,1953,
308105320,"Parisi, Faustino",FID,M,,,,AFM,1787,0,AUG25,2007,
13502328,"Parmon, Evgeny",FID,M,,,,1855,0,20,AUG25,1997,
34281576,"Parpiev, Isaak",FID,M,CM,,,2364,9,20,AUG25,2009,
115203773,"Pasno, Albert",FID,M,,,,AFM,1624,0,AUG25,1993,
24236047,"Paurchak, Daniil",FID,M,,,,1994,0,40,AUG25,2010,
34126594,"Pavlov, Danila",FID,M,FM,,,2406,0,10,AUG25,2002,
324227205,"Pcmoraes, Paulo Cesar Correa De Moraes",FID,M,,,,1665,0,40,AUG25,1957,i
522045457,"Pechenkin, Ivan",FID,M,,,,1477,7,40,AUG25,2017,
54600162,"Peljhan, Aljaz",FID,M,,,,1821,0,40,AUG25,2002,i
396104738,"Pena Lopez, Jesus Octavio",FID,M,,,,ACM,1670,0,AUG25,2009,
351043920,"Penot, Matthieu",FID,M,,,,1753,0,20,AUG25,1978,i
345105026,"Perez Barrios, Juan",FID,M,,,,1880,0,20,AUG25,1960,i
150102389,"Perez Gallardo, Renier Cristino",FID,M,,,,1481,0,40,AUG25,1989,i
373197039,"Perez, Christian",FID,M,,,,1642,0,40,AUG25,1979,i
34315497,"Petrenko, Anton",FID,M,,,,1480,0,40,AUG25,2005,i
24216836,"Petrov, Maksim",FID,M,,,,1822,0,20,AUG25,2003,i
13506897,"Petrushkevich, Maxim",FID,M,,,,1989,0,20,AUG25,1998,i
115111386,"Pillos, Romnick",FID,M,,,,AFM,1675,0,AUG25,1988,
3500497,"Pina, Ulises",FID,M,FM,,,2205,0,20,AUG25,1965,i
324226413,"Pinheiro De Souza, Adilson",FID,M,,,,1668,0,40,AUG25,1979,
371112275,"Pinsker, Omer",FID,M,,,,ACM,1492,0,AUG25,2011,
55771483,"Pinskiy, German Ant",FID,M,,,,1609,7,40,AUG25,2016,
34169099,"Pinzhenin, Aleksei",FID,M,,,,1914,0,40,AUG25,1972,i
4101731,"Piskov, Yury",FID,M,GM,,,2435,0,10,AUG25,1964,
13506927,"Plekhava, Irina",FID,F,,,,1777,0,20,AUG25,1997,wi
34106917,"Pleshkov, Mikhail",FID,M,,,,2033,0,20,AUG25,1967,
34340637,"Plotnikov, Aleksandr M",FID,M,,,,1561,0,40,AUG25,1988,
329193932,"Plunkett, Andrew",FID,M,,,,AIM,1599,0,AUG25,1969,i
24151327,"Podymov, Andrei",FID,M,,,,1740,0,20,AUG25,1994,i
34446230,"Polevoy, Yusuf",FID,M,,,,1703,0,40,AUG25,2012,
13500090,"Poley, Vladimir",FID,M,IM,LSI,,2278,9,10,AUG25,1965,
13518313,"Poliakova, Varvara",FID,F,WFM,WFM,,2097,10,20,AUG25,2005,w
34411003,"Ponomarev, Ivan",FID,M,,,,1948,9,40,AUG25,2008,
55658466,"Popenkova, Varvara",FID,F,,,,1985,9,40,AUG25,2011,w
55691110,"Popov, Aleksandr And",FID,M,,,,1743,9,40,AUG25,2014,
34137910,"Popov, Konstantin",FID,M,IM,,,2397,9,10,AUG25,2005,
55665519,"Popov, Yaroslav",FID,M,,,,1604,4,40,AUG25,2014,
34450734,"Popova, Kira",FID,F,,,,1736,7,40,AUG25,2012,w
13500295,"Popova, Natalija",FID,F,WIM,WIM,,2276,0,20,AUG25,1976,wi
24269115,"Potapenko, Nikita",FID,M,,,,1857,9,40,AUG25,2008,
55731279,"Potapov, Maksim Vl.",FID,M,,,,ACM,1498,0,AUG25,1986,i
13532529,"Poukh, Pavel",FID,M,,,,1756,17,40,AUG25,2015,
4168968,"Pozdnjakov, Viatcheslav",FID,M,FM,,,2244,0,20,AUG25,1988,
34449515,"Predein, Oleg",FID,M,,,,1466,0,40,AUG25,2013,i
132105417,"Preena, Thariq",FID,M,,,,AIM,1515,0,AUG25,2010,
34270566,"Preobrazhenskaya, Diana",FID,F,WFM,WFM,,2140,17,40,AUG25,2011,w
522014187,"Pripa, Svyatoslav",FID,M,,,,1444,0,40,AUG25,2007,
55685498,"Prokhorenko, Yaroslav",FID,M,,,,1695,9,40,AUG25,2013,
34394273,"Prokhorov, Aleksey",FID,M,FM,,,2278,18,20,AUG25,2010,
24105589,"Prokhorov, Ivan",FID,M,,,,2122,13,20,AUG25,1988,
34465928,"Prokhorov, Ivan",FID,M,,,,1856,9,40,AUG25,2013,
24257885,"Prokudin, Igor",FID,M,,,,1807,0,40,AUG25,2008,i
4125487,"Pronin, Vladimir",FID,M,,,,1898,0,20,AUG25,1962,
3502287,"Pujols, Carlos Luis",FID,M,FM,,,2294,0,20,AUG25,1975,i
24292443,"Putinceva, Marina",FID,F,,,,1793,0,40,AUG25,2007,wi
44148402,"Putrenko, Kirill",FID,M,FM,,,2314,7,10,AUG25,2006,
10303146,"Puvvala, Bhiinu",FID,M,,,,1544,0,40,AUG25,2005,i
331104555,"Qin, Xuan",FID,M,,,,1703,3,40,AUG25,2012,
4192362,"Radchenko, Alexey",FID,M,FM,,,2305,15,20,AUG25,1987,
34209026,"Radionenko, Gleb",FID,M,,,,1743,9,40,AUG25,2011,
10301976,"Raeisi, Shahla",FID,F,,,,1540,0,40,AUG25,1981,wi
4103203,"Raetsky, Alexander",FID,M,GM,FT,,2297,8,10,AUG25,1961,
26386046,"Rahmuni, Saad",FID,M,,,,1457,0,40,AUG25,2004,i
4173708,"Rakhmanov, Aleksandr",FID,M,GM,FT,,2585,0,10,AUG25,1989,
327104700,"Ralchev, Vasil",FID,M,,,,1530,0,40,AUG25,1997,
74600389,"Ramchandani, Yash",FID,M,,,,1527,0,40,AUG25,2000,i
4114213,"Raondi, Yan-Martin",FID,M,,,,1645,0,20,AUG25,1936,
44144504,"Rasaev, Stanislav",FID,M,,,,AFM,1549,0,AUG25,2004,i
146105375,"Rashed Alawadhi, Abdullah",FID,M,,,,AFM,1578,0,AUG25,2009,i
13513940,"Raspopov, Ilya",FID,M,,,,1441,0,40,AUG25,2004,i
13513052,"Raspopov, Ivan",FID,M,,,,1598,0,40,AUG25,2005,i
132105210,"Rathnayake, R M Nivein Yethmin",FID,M,,,,AFM,1480,0,AUG25,2014,
13530119,"Razhnou, Lev",FID,M,,,,1821,0,40,AUG25,2013,
13534831,"Razhnova, Aryna",FID,F,,,,1545,0,40,AUG25,2011,w
55673260,"Razumovskiy, Platon",FID,M,,,,1675,8,40,AUG25,2013,
21303118,Realeboha Sebibinyane,FID,M,,,,1507,0,40,AUG25,1988,i
10303120,"Reaven, Rayan",FID,M,,,,1480,0,40,AUG25,2007,i
55722733,"Reznikov, Andrey",FID,M,,,,1561,8,40,AUG25,2013,
34371710,"Riskin, Grigory",FID,M,,,,1835,18,40,AUG25,2009,
3500390,"Rivera, Alberto",FID,M,IM,,,2261,0,10,AUG25,1957,
345093883,"Robledo, Alvaro",FID,M,,,,1821,0,40,AUG25,1989,
324227081,"Rocha Araujo, Joao Victor",FID,M,,,,AIM,2040,0,AUG25,1991,i
396215933,"Rochin, Roberto",FID,M,,,,AFM,1784,0,AUG25,1984,
55701124,"Rogachev, Aleksandr Ser",FID,M,,,,1473,0,40,AUG25,2013,
72100117,"Rogiye, Vaidehi",FID,F,,,,1496,0,40,AUG25,2006,wi
3507963,"Rojas Hernandez, Felix Lidier",FID,M,,,,2149,0,20,AUG25,1981,i
345280877,"Roldan, Oscar",FID,M,,,,1710,0,40,AUG25,1979,i
396216028,"Roman, Paris",FID,M,,,,AFM,1849,0,AUG25,1957,
115105226,"Romarate, Geronimo",FID,M,,,,1971,8,40,AUG25,1975,
13502760,"Romashin, Evgenji",FID,M,,,,2116,0,20,AUG25,1979,i
396111302,"Romero Avalos, Victor Manuel",FID,M,,,,ACM,1690,0,AUG25,2001,
65900022,"Rompich Cotzojay, Rudik Roberto",FID,M,,,,AIM,1912,0,AUG25,2000,i
73001074,"Roncevic, Lovro",FID,M,,,,1435,0,20,AUG25,2005,i
345278940,"Roy Laguens, Antonio",FID,M,,,,AIM,1937,0,AUG25,1960,i
148104519,"Rudenko, Maksym",FID,M,,,,1517,0,40,AUG25,1994,i
13519778,"Rudnev, Andrei",FID,M,,,,1945,9,40,AUG25,2009,
345111570,"Ruiz Plazas, Jesus Maria",FID,M,,,,1616,0,40,AUG25,1973,
34273050,"Rumyantsev, Semen",FID,M,CM,,,2203,9,40,AUG25,2010,
311111463,"Rushton, Molly",FID,F,,,,1614,0,40,AUG25,1993,wi
13536303,"Rybak, Sofya",FID,F,,,,1464,4,40,AUG25,2016,w
13505769,"Saakova, Anzhelina",FID,M,,,,1980,0,40,AUG25,0,i
327136839,"Sabev, Dilyan",FID,M,,,,AIM,1781,0,AUG25,1988,i
366130568,"Sabhlok, Ravinder Kumar",FID,M,,,,1507,0,40,AUG25,1954,i
3502686,"Sadas Borges, Omar",FID,M,,,,2220,0,20,AUG25,1960,i
4155840,"Sadovsky, Artem",FID,M,IM,,,2268,0,10,AUG25,1996,
24113590,"Sadykov, Ramil",FID,M,FM,,,2271,9,10,AUG25,1994,
6364802,"Safarli, Aykhan",FID,M,,,,1765,0,20,AUG25,1989,i
24148253,"Safonov, Artyom",FID,M,,,,1986,0,20,AUG25,1992,
24253146,"Safronov, Grigoriy",FID,M,,,,1842,0,40,AUG25,2009,
13519204,"Sagalovich, Yakov",FID,M,,,,1954,0,40,AUG25,2008,
366108342,"Saha, Suman",FID,M,,,,AFM,1500,0,AUG25,1987,i
124108361,"Saiganov, Vasilii",FID,M,,,,1610,6,40,AUG25,1988,
366130512,"Saikia, Pradumya",FID,M,,,,1611,0,40,AUG25,1992,i
13516337,"Sakalou, Aliaksandr",FID,M,,,,1862,9,40,AUG25,1998,
34168670,"Sakovich, Luka",FID,M,,,,1898,0,20,AUG25,2005,
13527444,"Sakun, Darya",FID,F,,,,1541,0,40,AUG25,2011,w
115104532,"Salinas, John Miller P.",FID,M,,,,AIM,1624,0,AUG25,1986,
13527827,"Saliuk, Aliaksandr",FID,M,,,,1577,0,40,AUG25,2010,
366195437,"Samant, Vinay",FID,M,,,,ACM,1529,0,AUG25,1980,i
121147660,"Samer, Hanna",FID,M,,,,1788,0,40,AUG25,1982,i
342060280,"Sami, Ahmed",FID,M,,,,1665,0,40,AUG25,1976,i
4115759,"Samoliuk, Igor",FID,M,,,,2234,0,20,AUG25,1969,
55621252,"Sanches-Shananin, Adrian",FID,M,,,,2146,9,40,AUG25,2012,
332243811,"Sanchez Aristizabal, Juan Manuel",FID,M,,,,1734,0,40,AUG25,1981,i
129057837,"Sang, Lehan",FID,F,,,,1481,0,40,AUG25,2010,wi
146241706,"Sanghai, Ankeet",FID,M,,,,1464,0,40,AUG25,1985,i
366131251,"Sanpui, Raj Kumar",FID,M,,,,AIM,1420,0,AUG25,1980,i
373200448,"Santoro, Giuseppe",FID,M,,,,1662,0,40,AUG25,0,
13523058,"Saprykava, Hanna",FID,F,,,,1597,0,40,AUG25,2010,w
55835988,"Sargisian, Daniil",FID,M,,,,1457,0,40,AUG25,2015,
7002688,"Sasaki, Yu",FID,M,,,,1945,0,20,AUG25,1992,i
55675077,"Savchenko, Matvey",FID,M,,,,2021,17,40,AUG25,2010,
55683770,"Savelieva, Aleksandra",FID,F,,,,1708,0,40,AUG25,1985,wi
13511823,"Savelyev, Ilya",FID,M,,,,1844,0,20,AUG25,1999,i
124108076,"Savin, Dmitry",FID,M,,,,ACM,1682,0,AUG25,2015,
34356266,"Scheglov, Gleb",FID,M,FM,,,2335,18,20,AUG25,2010,
24177830,"Schekachikhin, Maksim",FID,M,IM,,,2352,34,10,AUG25,1998,
34419497,"Schmid, Anna",FID,F,,,,1739,2,40,AUG25,2013,w
55718868,"Schoenleben, Kristofer",FID,M,,,,1464,0,40,AUG25,2015,
306101573,"Sebastiao, Vladimir Edson Paim",FID,M,,,,1419,0,40,AUG25,1979,
55683649,"Segodnyaeva, Alexandra",FID,F,,,,1540,0,40,AUG25,2015,w
54126738,"Seleznev, Mikhail V.",FID,M,,,,1802,8,20,AUG25,2000,
34127388,"Selezneva, Ekaterina",FID,F,,,,1856,0,20,AUG25,2003,wi
55889034,"Semak, Semen",FID,M,,,,1552,0,40,AUG25,2005,
522041281,"Semchenkova, Vera",FID,F,,,,1412,0,40,AUG25,1993,w
44150660,"Semenov, Lev",FID,M,,,,AIM,1669,0,AUG25,2006,i
134178833,"Sendra Garcia, Joan",FID,M,,,,1783,0,40,AUG25,1993,i
308105339,"Sequera, Neuman",FID,M,,,,ACM,1541,10,AUG25,1977,
34493921,"Serebriakov, Sergei",FID,M,,,,1728,0,20,AUG25,2006,
13526634,"Sevastsyanchuk, Anastasiya",FID,F,,,,1576,6,40,AUG25,2013,w
4156781,"Sevostianov, Pavel",FID,M,IM,,,2264,0,10,AUG25,1967,i
34155632,"Seyed Jarrahi, Omid",FID,M,IM,FT,,2452,0,10,AUG25,1979,i
62900285,"Seyfi, Agata",FID,F,,,,1587,0,40,AUG25,2003,wi
378095917,"Seytnazarov, Timur",FID,M,,,,AIM,1938,0,AUG25,1982,i
13517082,"Shaban, Aliaksandra",FID,F,,,,1825,0,20,AUG25,2006,wi
55828175,"Shabanov, Dmitrii",FID,M,,,,1445,0,40,AUG25,2011,i
55686311,"Shabanova, Mariya",FID,F,,,,1490,0,40,AUG25,2013,w
13520245,"Shablyka, Andrei",FID,M,,,,1560,0,40,AUG25,1988,i
327137012,"Shadrin, Alexey A.",FID,M,,,,AIM,1867,0,AUG25,1969,i
34260102,"Shadyev, Damir",FID,M,,,,1892,5,40,AUG25,2008,
13519212,"Shahazizyan, Milena",FID,F,,,,1564,7,40,AUG25,2007,w
6362397,"Shahkaramov, Akbar",FID,M,,,,1798,0,40,AUG25,1993,i
34310452,"Shaiduko, Sergei",FID,M,,,,1897,0,20,AUG25,1987,
13530917,"Shakhnovich, Uladzislau",FID,M,,,,1816,17,20,AUG25,1998,
522018581,"Shakhova, Mariya",FID,F,,,,1481,2,40,AUG25,2014,w
366131108,"Shakti, Rajan",FID,M,,,,1658,0,40,AUG25,1988,i
148104493,"Shamray, Oleksiy",FID,M,,,,1711,0,40,AUG25,1987,i
10302646,"Shamsulhoque, Belal",FID,M,,,,1789,0,40,AUG25,1970,i
355105469,"Shanidze, Shota",FID,M,,,,ACM,1849,0,AUG25,1989,i
74600257,"Shanmugam, Sri Kandha",FID,M,,,,1733,0,40,AUG25,2000,i
13531980,"Shaparau, Maxim",FID,M,,,,1588,0,40,AUG25,2001,i
3504719,"Shapoval Grimal, Carlos Felipe",FID,M,,,,2253,0,20,AUG25,1982,i
123093774,"Shatlin, Damien",FID,M,,,,1591,0,40,AUG25,2007,i
13540572,"Shatsila, Miraslava",FID,F,,,,1463,5,40,AUG25,2018,w
540016137,"Shaygardanov, Robert",FID,M,,,,1402,0,40,AUG25,2014,
34103055,"Shchukina, Ekaterina",FID,F,,,,1579,0,20,AUG25,1993,w
24106160,"Shendrik, Zhanna",FID,F,WCM,WCM,,1990,0,20,AUG25,1991,wi
55744125,"Shepel, Alexander",FID,M,,,,1718,0,40,AUG25,2015,
34166383,"Shestakova, Ekaterina",FID,F,,,,1966,0,20,AUG25,2004,w
24244481,"Shevtsov, Semen",FID,M,,,,1435,0,40,AUG25,2007,i
34473580,"Shimanskaia, Tatiana",FID,F,,,,1828,9,40,AUG25,2011,w
34489274,"Shinkorenko, Ivan Al",FID,M,,,,2032,9,40,AUG25,2011,
4151933,"Shkapenko, Pavel",FID,M,IM,,,2393,0,10,AUG25,1983,
34251634,"Shklovskiy, Evgeny",FID,M,,,,1982,9,20,AUG25,1987,
55882013,"Shmelev, Daniil",FID,M,,,,1631,0,20,AUG25,1996,
55653537,"Shogdzhiev, Roman",FID,M,IM,,,2408,9,10,AUG25,2015,
34167061,"Shoshin, Kirill",FID,M,FM,,,2244,9,20,AUG25,2005,
522024263,"Shpigotskiy, Dmitriy",FID,M,,,,1640,6,40,AUG25,2016,
13531182,"Shrubok, Herman",FID,M,,,,1596,6,40,AUG25,2014,
4135326,"Shtivelband, Dmitry",FID,M,,,,2042,0,20,AUG25,1957,i
34275797,"Shturman, Arseniy",FID,M,FM,,,2348,0,20,AUG25,2007,
44124040,"Shubenkova, Veronika",FID,F,WFM,WFM,,2031,0,40,AUG25,2007,w
34119962,"Shubin, Kirill",FID,M,IM,,,2449,18,10,AUG25,2003,
54180058,"Shukhman, Anna",FID,F,WGM,WGM,,2420,6,10,AUG25,2009,w
4187237,"Shuvalov, Evgenij",FID,M,,,,1980,0,20,AUG25,1986,
24171760,"Shuvalova, Polina",FID,F,IM,WGM,,2480,4,10,AUG25,2001,w
34280049,"Shvets, Andrey",FID,M,,,,1487,10,40,AUG25,2009,
13527100,"Sidorenja, Radion",FID,M,,,,2053,10,40,AUG25,2011,
24141771,"Sidorovsky, Evgeny",FID,M,,,,2111,0,20,AUG25,1986,
13535994,"Sienko, Alisa",FID,F,,,,1420,14,40,AUG25,2015,w
66605377,"Singh, Ziana",FID,F,,,,1584,0,40,AUG25,2011,w
115097106,"Singson, Spencer",FID,M,,,,1884,0,40,AUG25,1997,
146243620,"Sinha, Animesh",FID,M,,,,1504,0,40,AUG25,1997,i
13512269,"Siniauski, Artsiom",FID,M,FM,,,2171,10,20,AUG25,2006,
34488928,"Siryak, Dmitry",FID,M,,,,AGM,1914,5,AUG25,1971,
13520989,"Sitnikov, Arseni",FID,M,,,,1623,0,40,AUG25,2009,
366130497,"Sivaji, Hariharan",FID,M,,,,AFM,1742,4,AUG25,1979,
13531719,"Sivko, Lev",FID,M,,,,1478,7,40,AUG25,2013,
55784453,"Sivkova, Ekaterina Ser",FID,F,,,,1534,0,40,AUG25,2016,w
13520580,"Skamaroshchanka, Daryia",FID,F,,,,1635,0,40,AUG25,2011,w
55730230,"Sklokin, Sergey",FID,M,FM,,,2323,9,20,AUG25,2013,
2333996,"Skou, Niels Kristian",FID,M,,,,1742,0,40,AUG25,1968,
55738613,"Slashchev, Nikita",FID,M,,,,1658,0,40,AUG25,2013,
34429646,"Slavskii, Sergei",FID,M,,,,1703,0,20,AUG25,1995,
34142913,"Slugin, Yaroslav",FID,M,,,,2131,0,20,AUG25,2003,i
123105220,"Smela, Shatakane",FID,M,,,,ACM,1719,0,AUG25,2002,i
4110943,"Smirnova, Ekaterina",FID,F,WIM,WIM,,2113,17,20,AUG25,1996,w
55698476,"Smirnova, Oksana Andr",FID,F,,,,1794,9,40,AUG25,2014,w
34414983,"Smirnova, Polina A",FID,F,WFM,WFM,,1989,9,40,AUG25,2011,w
34492496,"Smirnova, Viktoria A",FID,F,,,,1749,0,40,AUG25,2013,w
13515802,"Smolyak, Viktorya",FID,F,,,,1657,0,20,AUG25,2001,wi
55768008,"Sobolev, Lev Yu.",FID,M,,,,1656,0,40,AUG25,2014,
34180580,"Sokolov, Egor",FID,M,,,,1704,0,40,AUG25,2007,i
308093775,"Sollima, Francisco",FID,M,,,,1676,6,40,AUG25,1994,
30913314,"Solorio Valderrama, Noe",FID,M,,,,1754,0,20,AUG25,1950,
345279016,"Soria Quiles, Francisco Javier",FID,M,,,,1850,0,40,AUG25,1968,
55726461,"Sorochkin, Roman",FID,M,,,,1713,0,40,AUG25,2013,
522042164,"Sorokin, Maksim S.",FID,M,,,,1672,0,40,AUG25,2004,i
73001007,"Sraka, Lan",FID,M,,,,1561,0,20,AUG25,2005,i
366109330,"sreekumar, sreekanth",FID,M,,,,1779,0,40,AUG25,1989,
54600936,"Sretl, Vito",FID,M,,,,1548,0,40,AUG25,2000,i
336173448,"Staradubets, Yahor",FID,M,,,,1725,0,40,AUG25,1974,i
338200867,"Stavrum, Hogne",FID,M,,,,1975,0,40,AUG25,1968,i
55857752,"Stepanov, Makar",FID,M,,,,1700,0,40,AUG25,2013,
356094575,"Stojadinovic, Predrag",FID,M,,,,ACM,1639,0,AUG25,1977,
13515659,"Stribuk, Artiom",FID,M,IM,,,2474,19,10,AUG25,2007,
115097465,"Suan, Raquel",FID,M,,,,AIM,1696,0,AUG25,1991,
336176548,"Sukhovenko, Maxim",FID,M,,,,1750,0,40,AUG25,1987,i
34394907,"Suleymanov, Askhab",FID,M,,,,1635,0,40,AUG25,2012,
362104354,"SUN, XiangRui",FID,M,,,,1919,0,40,AUG25,2014,i
34334114,"Suslov, Dmitrii",FID,M,CM,,,2125,8,40,AUG25,2008,
24102610,"Svetlov, Dmitry",FID,M,IM,,,2335,0,10,AUG25,1993,i
4102142,"Svidler, Peter",FID,M,GM,,,2682,6,10,AUG25,1976,
115108890,"Sy, Scott Jacob",FID,M,,,,1555,0,40,AUG25,2010,
4114060,"Sychev, Klementy",FID,M,GM,,,2517,0,10,AUG25,1996,
4165080,"Sysoykina, Lidia",FID,F,,,,1942,0,20,AUG25,1995,wi
13514628,"Sytko, Konstantin",FID,M,,,,1645,0,40,AUG25,1979,i
54163625,"Tabermakova, Leila",FID,F,WFM,WFM,,1920,18,40,AUG25,2009,w
121146716,"Tabilangon, Jan Nathan",FID,M,,,,1706,0,40,AUG25,1992,i
115112104,"TABIOS, KENNETH ARVIN",FID,M,,,,1534,0,40,AUG25,1996,i
345278986,"Taborda Cembalo, Luciano",FID,M,,,,AFM,1757,0,AUG25,1979,
392105020,"Tadlaoui, Hamza",FID,M,,,,ACM,1728,0,AUG25,1997,
34272690,"Tambovskii, Kirill",FID,M,,,,1955,0,40,AUG25,2009,
115105360,"Tampus, Robert Michael",FID,M,,,,ACM,1743,0,AUG25,1996,i
71500820,"Tanafranca, Justin Edric",FID,M,,,,1476,0,40,AUG25,2009,i
34356231,"Taran, Egor A",FID,M,,,,1977,14,40,AUG25,2008,
124108880,"Tarasov, Artemii",FID,M,,,,1665,0,40,AUG25,1999,
169270431,"Tarmak, Mart",FID,M,,,,AFM,1975,0,AUG25,1955,i
324225541,"Tavares, Deilson",FID,M,,,,1668,0,40,AUG25,1969,i
73001279,"Tavcar, Jaka",FID,M,,,,1541,0,40,AUG25,2005,i
4199731,"Tekeyev, Zaur",FID,M,IM,,,2407,0,10,AUG25,1995,
34357904,"Temirbekov, Taimaz",FID,M,FM,,,2329,18,20,AUG25,2011,
6338526,"Temishov, Nurbek",FID,M,,,,1883,0,40,AUG25,1986,i
34279202,"Ter-Abramyan, Aleksandr",FID,M,,,,1565,0,40,AUG25,2012,
129064081,"Terekhov, Maxim",FID,M,,,,1444,0,40,AUG25,2008,i
55626580,"Teremkov, Vladimir Al",FID,M,,,,1671,0,40,AUG25,2013,
34389890,"Tereshchenko, Eliza",FID,F,,,,1973,9,40,AUG25,2012,w
34389903,"Tereshchenko, Eva",FID,F,,,,1920,9,40,AUG25,2010,w
13505076,"Terzi, Alexei",FID,M,FM,,,2254,0,20,AUG25,1997,i
132105373,"Thanikeasan, Soruban",FID,M,,,,1420,0,40,AUG25,2013,
129057891,"Thilo, Breyer",FID,M,,,,1670,0,40,AUG25,1971,i
10302786,"Tianzon, Vince",FID,M,,,,1692,0,40,AUG25,1986,i
13530224,"Timoshenko, Anton",FID,M,,,,1970,10,40,AUG25,2009,
24249238,"Timoshin, Maxim",FID,M,FM,,,2379,0,10,AUG25,2007,
55859313,"Tishchenko, Sergei",FID,M,,,,1426,3,40,AUG25,2014,
24149659,"Tkachev, Taras",FID,M,,,,2049,0,20,AUG25,1995,i
335110621,"Tolentino Herrera, Williams",FID,M,,,,ACM,1727,0,AUG25,1992,
24267376,"Tolstykh, Viktor",FID,M,,,,2055,9,40,AUG25,2010,
3505014,"Torres Sigler, Ariel",FID,M,,,,2175,6,20,AUG25,1973,
13532847,Trafimchuk Tsikhan,FID,M,,,,1634,9,40,AUG25,2014,
34358978,"Tregubenko, Nikolay",FID,M,FM,,,2308,9,20,AUG25,2010,
55701469,"Tregubenko, Vladimir Fed",FID,M,,,,1416,0,40,AUG25,2013,
6342043,"Trofimov, Stanislav",FID,M,,,,1769,0,20,AUG25,1989,i
24158038,"Trumul, Svetlana",FID,F,,,,1662,0,20,AUG25,1982,wi
4107071,"Tsapalin, Sergey",FID,M,,,,1822,0,20,AUG25,1988,
13511173,"Tsaruk, Maksim",FID,M,IM,,,2470,10,10,AUG25,2005,
4153901,"Tsepennikova, Tatiana",FID,F,WFM,WFM,,1889,0,20,AUG25,1971,wi
55771998,"Tsepilov, Artem Den",FID,M,,,,1833,9,40,AUG25,2015,
13513672,"Tsesler, Yakau",FID,M,,,,1869,0,20,AUG25,2006,i
13509667,"Tsiulya, Elizaveta",FID,F,,,,1731,0,20,AUG25,1997,wi
24194697,"Tsoi, Dmitry",FID,M,FM,,,2355,0,10,AUG25,2004,i
54108802,"Tsoi, Matvey",FID,M,,,,1837,0,20,AUG25,2004,i
170105010,"Tsou, Nian-Kai Jonathan",FID,M,,,,1589,0,40,AUG25,2003,i
34139360,"Tsvetkov, Andrey",FID,M,IM,,,2403,0,10,AUG25,2005,
24104515,"Tsydendambaev, Artur",FID,M,,,,2050,0,20,AUG25,1990,
4192745,"Turbin, Yaroslav",FID,M,,,,2115,0,20,AUG25,1983,
44130112,"Tyurin, Artem",FID,M,IM,,,2324,0,20,AUG25,2006,
13505629,"Ulasevich, Sergei",FID,M,FM,,,2310,0,20,AUG25,1991,i
396217562,"Ulloa Morales, Ricardo",FID,M,,,,AFM,1542,0,AUG25,1977,i
34119741,"Usacheva, Glafira",FID,F,WFM,WFM,NA,2052,0,20,AUG25,2003,w
34254854,"Uskov, Artem",FID,M,GM,,,2498,27,10,AUG25,2010,
379112431,"Ussenov, Abylay",FID,M,,,,AFM,1562,0,AUG25,2002,
24140848,"Utiatskaja, Irina",FID,F,WIM,WIM,FI,2074,0,20,AUG25,1996,w
366194752,"V, Kanisha",FID,F,,,,1422,0,40,AUG25,2003,wi
3500683,"Valdivia, Manuel",FID,M,FM,,,2255,0,20,AUG25,1963,
13506498,"Valevich, Sergei",FID,M,,,,1992,0,20,AUG25,1994,i
55740111,"Valiev, Denis",FID,M,,,,1798,9,40,AUG25,2015,
13540564,"Valshonak, Alina",FID,F,,,,1412,6,40,AUG25,2015,w
10303251,"Vaniankandi, Bijubal",FID,M,,,,1507,0,40,AUG25,1978,i
13508873,"Vansovich, Katsiaryna",FID,F,,,,1683,0,20,AUG25,2001,wi
5130921,"Varela, Carlos Araiza",FID,M,,,,1794,0,40,AUG25,1953,i
44114745,"Vartanian, Spartak",FID,M,,,,1931,0,20,AUG25,1985,i
34283510,"Vasilkov, Nikolay",FID,M,FM,,,2391,18,20,AUG25,2011,
55604048,"Vasilyev, Bulat",FID,M,,,,2079,0,40,AUG25,2010,
24254746,"Vasiukov, Arkadii",FID,M,,,,AFM,2072,0,AUG25,2003,i
13516620,"Vaskanian, Arsen",FID,M,,,,AIM,1668,0,AUG25,1983,
906832,"Vebic, Kasem",FID,M,FM,,,2144,0,20,AUG25,1958,i
33423504,Vedish Srivathsan,FID,M,,,,1538,0,40,AUG25,2010,i
3503542,"Veloz, Arturo",FID,M,,,,2182,0,20,AUG25,1975,i
13523503,"Venskaya, Nika",FID,F,WCM,WCM,,1972,10,40,AUG25,2012,w
150270268,"Verma, Manshu",FID,M,,,,1583,0,40,AUG25,1982,i
34268677,"Vershinin, Kirill",FID,M,,,,1903,0,40,AUG25,2009,i
44144474,"Vetokhin, Savva",FID,M,GM,,,2569,9,10,AUG25,2009,
183601,"Villafane, Cesar",FID,M,,SI,,1748,0,40,AUG25,1971,i
345104824,"VILLEGAS MALDONADO, ANTONIO MANUEL",FID,M,,,,ACM,1571,0,AUG25,1969,
55812791,"Vinogradov, Maxim",FID,M,,,,1456,4,40,AUG25,1979,
34473025,"Vishtal, Olga An",FID,F,,,,1718,17,40,AUG25,2013,w
13531204,"Vitsiuk, Aleksandra",FID,F,,,,1616,0,40,AUG25,2015,w
13528998,"Vitsiuk, Anton",FID,M,,,,2144,1,40,AUG25,2011,
34384529,"Vlashchenko, Ilya",FID,M,,,,1465,0,40,AUG25,2013,
34384510,"Vlashchenko, Ivan",FID,M,,,,1470,0,40,AUG25,2011,
34370730,"Vlasova, Mariya N",FID,F,WFM,WFM,,2086,9,40,AUG25,2010,w
54113067,"Vlasova, Olesia",FID,F,WFM,WFM,,1986,18,40,AUG25,2008,w
4103360,"Vlassov, Nikolai",FID,M,IM,,,2301,9,10,AUG25,1965,
351104481,"Vohra, Ankit",FID,M,,,,1688,0,20,AUG25,1998,
54104408,"Volchkova, Alena",FID,F,,,,2026,9,40,AUG25,2008,w
55698581,"Volkova, Nadezhda Vlad",FID,F,,,,1698,9,40,AUG25,2015,w
522018883,"Volkova, Varvara",FID,F,,,,1561,6,40,AUG25,2017,w
24239607,"Voloshkin, Daniil",FID,M,,,,2117,9,40,AUG25,2007,
34254978,"Voronaya, Eva",FID,F,,,,1801,0,40,AUG25,2010,w
24130613,"Voronkov, Denis",FID,M,,,,1960,0,20,AUG25,1991,
34461663,"Voroshilov, Roman",FID,M,,,,2030,18,40,AUG25,2012,
522006338,"Vorozhtsov, Ilya Art",FID,M,,,,1710,5,40,AUG25,2011,
150100150,"Vuluvala, Ritvik",FID,M,,,,ACM,1566,0,AUG25,2012,
362200092,"Wagner, Alexander",FID,M,,DI,,1791,0,20,AUG25,1972,
123111157,"Weideman, Janko",FID,M,,,,1439,0,40,AUG25,2012,i
407380,"White, Michael J R",FID,M,FM,,,2247,0,20,AUG25,1982,i
137105320,"Wilhelmsson, Andre",FID,M,,,,ACM,1715,0,AUG25,1995,
34356657,"Yagutian, Gaiane",FID,F,,,,1451,0,40,AUG25,2012,w
34196070,"Yagutian, Mariya",FID,F,,,,1861,0,20,AUG25,2005,wi
24141917,"Yakimenko, Alexander A.",FID,M,,,,1968,18,20,AUG25,1952,
34188859,"Yakimova, Mariya",FID,F,WFM,WFM,,2263,18,20,AUG25,2005,w
55872670,"Yakubovskiy, Robert Gen",FID,M,,,,1450,0,40,AUG25,2016,
13504495,"Yandolin, Alexei",FID,M,,,,1735,0,40,AUG25,1996,i
331104519,"Yang, Jingtian",FID,M,,,,1702,0,40,AUG25,2007,
115108522,"Yap, Christopher",FID,M,,,,AFM,1749,0,AUG25,1973,
55708684,"Yarina, Sergey",FID,M,,,,1942,0,20,AUG25,1986,
4157826,"Yatzenko, Anton",FID,M,,,,2269,9,10,AUG25,1982,
366130192,"Yerram, Sampath",FID,M,,,,1495,0,40,AUG25,1991,i
13504983,"Yezhel, Valiantsin",FID,M,FM,,,2225,10,20,AUG25,1997,
10303090,"Youssef, Ahmed Mohamed",FID,M,,,,1817,0,20,AUG25,1983,i
329104745,"Yu, Vicky",FID,M,,,,1657,0,40,AUG25,2007,
55861679,"Yudina, Agata",FID,F,,,,1493,0,40,AUG25,2016,w
55714650,"Yugay, Artem Vlad",FID,M,,,,1908,0,40,AUG25,2009,
26369575,"Yuldashev, Alymbad",FID,M,,,,1732,0,40,AUG25,1997,i
55643175,"Yuldashev, Samir",FID,M,,,,1598,0,40,AUG25,2013,
4142640,"Yun, Svetomir",FID,M,,,,1845,0,20,AUG25,1993,
55724353,"Yunker, Alisa Genrietta",FID,F,WFM,WFM,,1933,17,40,AUG25,2014,w
55786286,"Yunker, German",FID,M,,,,1442,0,40,AUG25,2017,
55617603,"Yurasov, Matfey",FID,M,FM,,,2321,8,20,AUG25,2012,
55722849,"Zabelin, Platon",FID,M,,,,1893,18,40,AUG25,2014,
13500589,"Zagalskaya, Alexandra",FID,F,,,,1716,0,40,AUG25,1995,wi
73009822,"Zagar, Kristina",FID,F,,,,1457,0,40,AUG25,2006,wi
34337091,"Zaikina, Yuliya",FID,F,,,,1774,9,40,AUG25,2009,w
44194943,"Zaitsev, Ruslan",FID,M,,,,1636,0,20,AUG25,2005,i
13500430,"Zajogin, Alexander",FID,M,,,,2350,0,10,AUG25,1974,
14121018,"Zakharova, Evgeniya",FID,F,,,,1962,0,20,AUG25,1992,wi
4115333,"Zakhartsov, Viacheslav V.",FID,M,GM,,,2467,0,10,AUG25,1968,i
44577591,"Zammo, Yaser",FID,M,,,,1564,0,40,AUG25,1997,i
367113122,"Zarbakhsh, Amirhossein",FID,M,,,,1866,0,40,AUG25,1996,
34351906,"Zavivaeva, Angelina",FID,F,,,,1624,8,40,AUG25,2013,w
34351914,"Zavivaeva, Kristina",FID,F,WCM,WCM,,1922,18,40,AUG25,2013,w
3503224,"Zayas, Michel",FID,M,,,,2093,0,20,AUG25,1970,i
13512617,"Zeliantsova, Kseniya",FID,F,WFM,WFM,,2062,10,20,AUG25,2005,w
63100649,"Zengru, Zheng",FID,F,,,,1466,0,40,AUG25,2003,wi
55694381,"Zhabinskii, Fedor",FID,M,,,,1531,0,40,AUG25,2013,
331105374,"Zhao, Haoyi Kyle",FID,M,,,,1804,0,40,AUG25,2015,
24278670,"Zhapova, Yana",FID,F,FM,WGM,,2258,18,20,AUG25,2008,w
55783562,"Zharkov, Daniil",FID,M,,,,1782,0,40,AUG25,2012,
24105929,"Zhdanov, Petr",FID,M,,,,1935,18,20,AUG25,1986,
55678300,"Zherzdev, Mikhail",FID,M,,,,1868,9,40,AUG25,2012,
24157503,"Zhileykin, Andrey",FID,M,,,,2189,0,20,AUG25,1998,i
13508334,"Zhuk, Dmitriy",FID,M,,,,1722,0,20,AUG25,1970,i
13508342,"Zhuk, Ivan",FID,M,,,,2009,6,20,AUG25,1999,
13535579,"Zhuk, Kiryl",FID,M,,,,1769,17,40,AUG25,2015,
34187534,"Zhukov, Anton",FID,M,FM,,,2303,18,20,AUG25,2004,
13527690,"Zhukov, Roman",FID,M,,,,1808,10,40,AUG25,2011,
522036130,"Zhumankulov, Arman",FID,M,,,,AFM,1629,0,AUG25,1987,i
54113075,"Zhurova, Anna",FID,F,WFM,WFM,,2258,18,20,AUG25,2005,w
24114944,"Zinchenko, Anatoly",FID,M,,,,1923,0,20,AUG25,1989,i
54199239,"Ziuzginov, Alexander",FID,M,,,,AFM,1914,0,AUG25,1984,
4190009,"Zolotukhin, Valery",FID,M,FM,,,2315,0,20,AUG25,1986,i
34372962,"Zorenko, Ivan A",FID,M,,,,1521,0,40,AUG25,2011,i
351104534,"ZOUBKO, Kyril",FID,M,,,,1475,0,40,AUG25,1975,
13519310,"Zubkovskaya, Ekaterina",FID,F,WCM,WCM,,1569,0,40,AUG25,2010,wi
4181247,"Zubritskiy, Artyom",FID,M,IM,,,2366,7,10,AUG25,1990,
24250775,"Zverev, Lev",FID,M,IM,,,2471,18,10,AUG25,2010,
36088773,"Zverev-Rodriguez, Vassily",FID,M,,,,1859,9,40,AUG25,2007,
34177741,"Zvereva, Margarita",FID,F,WFM,WFM,,1968,0,20,AUG25,2006,wi