[
  {
    "ID Number": "6520839"
  },
  {
    "ID Number": "6509380"
  },
  {
    "ID Number": "6533981"
  },
  {
    "ID Number": "6534554"
  },
  {
    "ID Number": "6507433"
  },
  {
    "ID Number": "6504434"
  },
  {
    "ID Number": "6504442"
  },
  {
    "ID Number": "6504450"
  },
  {
    "ID Number": "6504469"
  },
  {
    "ID Number": "6510884"
  },
  {
    "ID Number": "6513824"
  },
  {
    "ID Number": "6511856"
  },
  {
    "ID Number": "6550096"
  },
  {
    "ID Number": "6518400"
  },
  {
    "ID Number": "6501931"
  },
  {
    "ID Number": "6568750"
  },
  {
    "ID Number": "6569862"
  },
  {
    "ID Number": "6501923"
  },
  {
    "ID Number": "6503683"
  },
  {
    "ID Number": "6519881"
  },
  {
    "ID Number": "6500994"
  },
  {
    "ID Number": "6513212"
  },
  {
    "ID Number": "6523633"
  },
  {
    "ID Number": "6523730"
  },
  {
    "ID Number": "6501966"
  },
  {
    "ID Number": "6507441"
  },
  {
    "ID Number": "6507450"
  },
  {
    "ID Number": "6565166"
  },
  {
    "ID Number": "6500749"
  },
  {
    "ID Number": "6500013"
  },
  {
    "ID Number": "6512712"
  },
  {
    "ID Number": "6559786"
  },
  {
    "ID Number": "6509312"
  },
  {
    "ID Number": "6533760"
  },
  {
    "ID Number": "6505775"
  },
  {
    "ID Number": "6521070"
  },
  {
    "ID Number": "6510515"
  },
  {
    "ID Number": "6513581"
  },
  {
    "ID Number": "6504183"
  },
  {
    "ID Number": "6504191"
  },
  {
    "ID Number": "6553761"
  },
  {
    "ID Number": "6507476"
  },
  {
    "ID Number": "6515320"
  },
  {
    "ID Number": "6515339"
  },
  {
    "ID Number": "6555322"
  },
  {
    "ID Number": "6555071"
  },
  {
    "ID Number": "6503403"
  },
  {
    "ID Number": "6523641"
  },
  {
    "ID Number": "6530214"
  },
  {
    "ID Number": "6508073"
  },
  {
    "ID Number": "6564356"
  },
  {
    "ID Number": "6500420"
  },
  {
    "ID Number": "6513590"
  },
  {
    "ID Number": "6516734"
  },
  {
    "ID Number": "6528015"
  },
  {
    "ID Number": "6559468"
  },
  {
    "ID Number": "6500056"
  },
  {
    "ID Number": "6515517"
  },
  {
    "ID Number": "6504515"
  },
  {
    "ID Number": "6558828"
  },
  {
    "ID Number": "6512526"
  },
  {
    "ID Number": "6525377"
  },
  {
    "ID Number": "6502822"
  },
  {
    "ID Number": "6510043"
  },
  {
    "ID Number": "6554857"
  },
  {
    "ID Number": "6533990"
  },
  {
    "ID Number": "6501435"
  },
  {
    "ID Number": "6509177"
  },
  {
    "ID Number": "6544045"
  },
  {
    "ID Number": "6518281"
  },
  {
    "ID Number": "6516009"
  },
  {
    "ID Number": "6505783"
  },
  {
    "ID Number": "6502830"
  },
  {
    "ID Number": "6559476"
  },
  {
    "ID Number": "6502946"
  },
  {
    "ID Number": "6562698"
  },
  {
    "ID Number": "6509061"
  },
  {
    "ID Number": "6518010"
  },
  {
    "ID Number": "6526500"
  },
  {
    "ID Number": "6510930"
  },
  {
    "ID Number": "6511520"
  },
  {
    "ID Number": "6500188"
  },
  {
    "ID Number": "6509088"
  },
  {
    "ID Number": "6508995"
  },
  {
    "ID Number": "6520340"
  },
  {
    "ID Number": "6526993"
  },
  {
    "ID Number": "6507948"
  },
  {
    "ID Number": "6503942"
  },
  {
    "ID Number": "6562825"
  },
  {
    "ID Number": "6517307"
  },
  {
    "ID Number": "6507301"
  },
  {
    "ID Number": "6571310"
  },
  {
    "ID Number": "6508189"
  },
  {
    "ID Number": "6530400"
  },
  {
    "ID Number": "6523536"
  },
  {
    "ID Number": "6512577"
  },
  {
    "ID Number": "6555861"
  },
  {
    "ID Number": "6504337"
  },
  {
    "ID Number": "6500269"
  },
  {
    "ID Number": "6518893"
  },
  {
    "ID Number": "6563260"
  },
  {
    "ID Number": "6500366"
  },
  {
    "ID Number": "6558100"
  },
  {
    "ID Number": "6543421"
  },
  {
    "ID Number": "6510892"
  },
  {
    "ID Number": "6502032"
  },
  {
    "ID Number": "6550800"
  },
  {
    "ID Number": "6550649"
  },
  {
    "ID Number": "6510507"
  },
  {
    "ID Number": "6500757"
  },
  {
    "ID Number": "6512631"
  },
  {
    "ID Number": "6520669"
  },
  {
    "ID Number": "6504574"
  },
  {
    "ID Number": "6523552"
  },
  {
    "ID Number": "6566502"
  },
  {
    "ID Number": "6525148"
  },
  {
    "ID Number": "6507492"
  },
  {
    "ID Number": "6512259"
  },
  {
    "ID Number": "6572464"
  },
  {
    "ID Number": "6503357"
  },
  {
    "ID Number": "6518583"
  },
  {
    "ID Number": "6570607"
  },
  {
    "ID Number": "6554440"
  },
  {
    "ID Number": "6572979"
  },
  {
    "ID Number": "6525393"
  },
  {
    "ID Number": "6560075"
  },
  {
    "ID Number": "6505597"
  },
  {
    "ID Number": "6501460"
  },
  {
    "ID Number": "6513263"
  },
  {
    "ID Number": "6503420"
  },
  {
    "ID Number": "6570194"
  },
  {
    "ID Number": "6551092"
  },
  {
    "ID Number": "6550517"
  },
  {
    "ID Number": "6516440"
  },
  {
    "ID Number": "6508200"
  },
  {
    "ID Number": "6510051"
  },
  {
    "ID Number": "6506585"
  },
  {
    "ID Number": "6573924"
  },
  {
    "ID Number": "6556175"
  },
  {
    "ID Number": "6523196"
  },
  {
    "ID Number": "6515401"
  },
  {
    "ID Number": "6521185"
  },
  {
    "ID Number": "6512089"
  },
  {
    "ID Number": "6569919"
  },
  {
    "ID Number": "6518826"
  },
  {
    "ID Number": "6520871"
  },
  {
    "ID Number": "6506798"
  },
  {
    "ID Number": "6500358"
  },
  {
    "ID Number": "6521088"
  },
  {
    "ID Number": "6505392"
  },
  {
    "ID Number": "6558488"
  },
  {
    "ID Number": "6501478"
  },
  {
    "ID Number": "6532403"
  },
  {
    "ID Number": "6549284"
  },
  {
    "ID Number": "6558160"
  },
  {
    "ID Number": "6511406"
  },
  {
    "ID Number": "6502075"
  },
  {
    "ID Number": "6552692"
  },
  {
    "ID Number": "6521240"
  },
  {
    "ID Number": "6500242"
  },
  {
    "ID Number": "6558682"
  },
  {
    "ID Number": "6515347"
  },
  {
    "ID Number": "6519482"
  },
  {
    "ID Number": "6508227"
  },
  {
    "ID Number": "6558119"
  },
  {
    "ID Number": "6504205"
  },
  {
    "ID Number": "6544592"
  },
  {
    "ID Number": "6568661"
  },
  {
    "ID Number": "6504582"
  },
  {
    "ID Number": "6501486"
  },
  {
    "ID Number": "6537138"
  },
  {
    "ID Number": "6558224"
  },
  {
    "ID Number": "6507972"
  },
  {
    "ID Number": "6512810"
  },
  {
    "ID Number": "6520693"
  },
  {
    "ID Number": "6562361"
  },
  {
    "ID Number": "6506089"
  },
  {
    "ID Number": "6508235"
  },
  {
    "ID Number": "6506216"
  },
  {
    "ID Number": "6508251"
  },
  {
    "ID Number": "6505600"
  },
  {
    "ID Number": "6500862"
  },
  {
    "ID Number": "6510639"
  },
  {
    "ID Number": "6509185"
  },
  {
    "ID Number": "6520847"
  },
  {
    "ID Number": "6526845"
  },
  {
    "ID Number": "6501010"
  },
  {
    "ID Number": "6515258"
  },
  {
    "ID Number": "6514391"
  },
  {
    "ID Number": "6532357"
  },
  {
    "ID Number": "6572499"
  },
  {
    "ID Number": "6550070"
  },
  {
    "ID Number": "6563783"
  },
  {
    "ID Number": "6504078"
  },
  {
    "ID Number": "6521835"
  },
  {
    "ID Number": "6504213"
  },
  {
    "ID Number": "6562833"
  },
  {
    "ID Number": "6572901"
  },
  {
    "ID Number": "6524486"
  },
  {
    "ID Number": "6505252"
  },
  {
    "ID Number": "6519814"
  },
  {
    "ID Number": "6508847"
  },
  {
    "ID Number": "6507522"
  },
  {
    "ID Number": "6501133"
  },
  {
    "ID Number": "6501516"
  },
  {
    "ID Number": "6520456"
  },
  {
    "ID Number": "6521274"
  },
  {
    "ID Number": "6510256"
  },
  {
    "ID Number": "6510264"
  },
  {
    "ID Number": "6506615"
  },
  {
    "ID Number": "6549292"
  },
  {
    "ID Number": "6569463"
  },
  {
    "ID Number": "6511414"
  },
  {
    "ID Number": "6515096"
  },
  {
    "ID Number": "6501524"
  },
  {
    "ID Number": "6509606"
  },
  {
    "ID Number": "6540546"
  },
  {
    "ID Number": "6523200"
  },
  {
    "ID Number": "6502962"
  },
  {
    "ID Number": "6515720"
  },
  {
    "ID Number": "6515738"
  },
  {
    "ID Number": "6500447"
  },
  {
    "ID Number": "6533698"
  },
  {
    "ID Number": "6557856"
  },
  {
    "ID Number": "6501788"
  },
  {
    "ID Number": "6506917"
  },
  {
    "ID Number": "6515746"
  },
  {
    "ID Number": "6534961"
  },
  {
    "ID Number": "6562396"
  },
  {
    "ID Number": "6516130"
  },
  {
    "ID Number": "6500315"
  },
  {
    "ID Number": "6505295"
  },
  {
    "ID Number": "6525490"
  },
  {
    "ID Number": "6503748"
  },
  {
    "ID Number": "6568475"
  },
  {
    "ID Number": "6517358"
  },
  {
    "ID Number": "6559794"
  },
  {
    "ID Number": "6501540"
  },
  {
    "ID Number": "6556612"
  },
  {
    "ID Number": "6532551"
  },
  {
    "ID Number": "6510876"
  },
  {
    "ID Number": "6504604"
  },
  {
    "ID Number": "6516858"
  },
  {
    "ID Number": "6534007"
  },
  {
    "ID Number": "6500625"
  },
  {
    "ID Number": "6504612"
  },
  {
    "ID Number": "6515533"
  },
  {
    "ID Number": "6529690"
  },
  {
    "ID Number": "6556442"
  },
  {
    "ID Number": "6523528"
  },
  {
    "ID Number": "6565190"
  },
  {
    "ID Number": "6530443"
  },
  {
    "ID Number": "6519890"
  },
  {
    "ID Number": "6520901"
  },
  {
    "ID Number": "6524133"
  },
  {
    "ID Number": "6528252"
  },
  {
    "ID Number": "6507395"
  },
  {
    "ID Number": "6503454"
  },
  {
    "ID Number": "6515207"
  },
  {
    "ID Number": "6516483"
  },
  {
    "ID Number": "6511279"
  },
  {
    "ID Number": "6548601"
  },
  {
    "ID Number": "6506178"
  },
  {
    "ID Number": "6504310"
  },
  {
    "ID Number": "6507050"
  },
  {
    "ID Number": "6507069"
  },
  {
    "ID Number": "6527892"
  },
  {
    "ID Number": "6568955"
  },
  {
    "ID Number": "6550452"
  },
  {
    "ID Number": "6501028"
  },
  {
    "ID Number": "6506356"
  },
  {
    "ID Number": "6504655"
  },
  {
    "ID Number": "6518184"
  },
  {
    "ID Number": "6548830"
  },
  {
    "ID Number": "6548849"
  },
  {
    "ID Number": "6507565"
  },
  {
    "ID Number": "6566510"
  },
  {
    "ID Number": "6511287"
  },
  {
    "ID Number": "6561055"
  },
  {
    "ID Number": "6564470"
  },
  {
    "ID Number": "6532799"
  },
  {
    "ID Number": "6521983"
  },
  {
    "ID Number": "6515932"
  },
  {
    "ID Number": "6558259"
  },
  {
    "ID Number": "6557317"
  },
  {
    "ID Number": "6568432"
  },
  {
    "ID Number": "6528414"
  },
  {
    "ID Number": "6523366"
  },
  {
    "ID Number": "6500030"
  },
  {
    "ID Number": "6571034"
  },
  {
    "ID Number": "6506410"
  },
  {
    "ID Number": "6507573"
  },
  {
    "ID Number": "6521924"
  },
  {
    "ID Number": "6504094"
  },
  {
    "ID Number": "6508308"
  },
  {
    "ID Number": "6504116"
  },
  {
    "ID Number": "6513867"
  },
  {
    "ID Number": "6532934"
  },
  {
    "ID Number": "6506348"
  },
  {
    "ID Number": "6548156"
  },
  {
    "ID Number": "6506771"
  },
  {
    "ID Number": "6571042"
  },
  {
    "ID Number": "6521304"
  },
  {
    "ID Number": "333088497"
  },
  {
    "ID Number": "6515070"
  },
  {
    "ID Number": "6518095"
  },
  {
    "ID Number": "6511678"
  },
  {
    "ID Number": "6502180"
  },
  {
    "ID Number": "6508820"
  },
  {
    "ID Number": "6527540"
  },
  {
    "ID Number": "6502172"
  },
  {
    "ID Number": "6506097"
  },
  {
    "ID Number": "6535941"
  },
  {
    "ID Number": "6558020"
  },
  {
    "ID Number": "6534929"
  },
  {
    "ID Number": "6511058"
  },
  {
    "ID Number": "6500072"
  },
  {
    "ID Number": "6508855"
  },
  {
    "ID Number": "6566545"
  },
  {
    "ID Number": "6564810"
  },
  {
    "ID Number": "6522122"
  },
  {
    "ID Number": "6527990"
  },
  {
    "ID Number": "6527825"
  },
  {
    "ID Number": "6528902"
  },
  {
    "ID Number": "6556183"
  },
  {
    "ID Number": "6503489"
  },
  {
    "ID Number": "6511295"
  },
  {
    "ID Number": "6500439"
  },
  {
    "ID Number": "6518729"
  },
  {
    "ID Number": "6548717"
  },
  {
    "ID Number": "6559557"
  },
  {
    "ID Number": "6564429"
  },
  {
    "ID Number": "6561071"
  },
  {
    "ID Number": "6560938"
  },
  {
    "ID Number": "6523218"
  },
  {
    "ID Number": "6508715"
  },
  {
    "ID Number": "6542930"
  },
  {
    "ID Number": "6556841"
  },
  {
    "ID Number": "6570542"
  },
  {
    "ID Number": "6518192"
  },
  {
    "ID Number": "6507999"
  },
  {
    "ID Number": "6506941"
  },
  {
    "ID Number": "6545823"
  },
  {
    "ID Number": "6559816"
  },
  {
    "ID Number": "6510124"
  },
  {
    "ID Number": "6520464"
  },
  {
    "ID Number": "6562418"
  },
  {
    "ID Number": "6511791"
  },
  {
    "ID Number": "6535844"
  },
  {
    "ID Number": "6503004"
  },
  {
    "ID Number": "6508863"
  },
  {
    "ID Number": "6515045"
  },
  {
    "ID Number": "6513646"
  },
  {
    "ID Number": "6511708"
  },
  {
    "ID Number": "6562426"
  },
  {
    "ID Number": "6554172"
  },
  {
    "ID Number": "6504531"
  },
  {
    "ID Number": "6556337"
  },
  {
    "ID Number": "6507590"
  },
  {
    "ID Number": "6572502"
  },
  {
    "ID Number": "6569617"
  },
  {
    "ID Number": "6508766"
  },
  {
    "ID Number": "6569366"
  },
  {
    "ID Number": "6501583"
  },
  {
    "ID Number": "6501311"
  },
  {
    "ID Number": "6508324"
  },
  {
    "ID Number": "6562841"
  },
  {
    "ID Number": "6564836"
  },
  {
    "ID Number": "6510078"
  },
  {
    "ID Number": "6559387"
  },
  {
    "ID Number": "6514464"
  },
  {
    "ID Number": "6506186"
  },
  {
    "ID Number": "6521177"
  },
  {
    "ID Number": "6501036"
  },
  {
    "ID Number": "6559573"
  },
  {
    "ID Number": "6509673"
  },
  {
    "ID Number": "6508332"
  },
  {
    "ID Number": "6522742"
  },
  {
    "ID Number": "6563031"
  },
  {
    "ID Number": "6512879"
  },
  {
    "ID Number": "6506240"
  },
  {
    "ID Number": "6501605"
  },
  {
    "ID Number": "6532438"
  },
  {
    "ID Number": "6548415"
  },
  {
    "ID Number": "6510523"
  },
  {
    "ID Number": "6509045"
  },
  {
    "ID Number": "6504728"
  },
  {
    "ID Number": "6521100"
  },
  {
    "ID Number": "6515410"
  },
  {
    "ID Number": "6522777"
  },
  {
    "ID Number": "6523870"
  },
  {
    "ID Number": "6506453"
  },
  {
    "ID Number": "6562612"
  },
  {
    "ID Number": "6543049"
  },
  {
    "ID Number": "6563953"
  },
  {
    "ID Number": "6544053"
  },
  {
    "ID Number": "6501630"
  },
  {
    "ID Number": "6501621"
  },
  {
    "ID Number": "6503519"
  },
  {
    "ID Number": "6505759"
  },
  {
    "ID Number": "6512640"
  },
  {
    "ID Number": "6560300"
  },
  {
    "ID Number": "6505406"
  },
  {
    "ID Number": "6506372"
  },
  {
    "ID Number": "6511627"
  },
  {
    "ID Number": "6532802"
  },
  {
    "ID Number": "109363"
  },
  {
    "ID Number": "6568025"
  },
  {
    "ID Number": "6511066"
  },
  {
    "ID Number": "6519571"
  },
  {
    "ID Number": "6513530"
  },
  {
    "ID Number": "6534864"
  },
  {
    "ID Number": "6534970"
  },
  {
    "ID Number": "6542280"
  },
  {
    "ID Number": "6556345"
  },
  {
    "ID Number": "6558429"
  },
  {
    "ID Number": "6564712"
  },
  {
    "ID Number": "6506801"
  },
  {
    "ID Number": "6502270"
  },
  {
    "ID Number": "6506666"
  },
  {
    "ID Number": "6520723"
  },
  {
    "ID Number": "6516912"
  },
  {
    "ID Number": "6508340"
  },
  {
    "ID Number": "6506020"
  },
  {
    "ID Number": "3955176"
  },
  {
    "ID Number": "6522785"
  },
  {
    "ID Number": "6569625"
  },
  {
    "ID Number": "6565735"
  },
  {
    "ID Number": "6549047"
  },
  {
    "ID Number": "6566383"
  },
  {
    "ID Number": "6510663"
  },
  {
    "ID Number": "6528309"
  },
  {
    "ID Number": "6503543"
  },
  {
    "ID Number": "6556000"
  },
  {
    "ID Number": "6556396"
  },
  {
    "ID Number": "6534325"
  },
  {
    "ID Number": "6535950"
  },
  {
    "ID Number": "6502881"
  },
  {
    "ID Number": "6551289"
  },
  {
    "ID Number": "6559212"
  },
  {
    "ID Number": "6512330"
  },
  {
    "ID Number": "6513905"
  },
  {
    "ID Number": "6519644"
  },
  {
    "ID Number": "333087140"
  },
  {
    "ID Number": "6554105"
  },
  {
    "ID Number": "6557805"
  },
  {
    "ID Number": "6502849"
  },
  {
    "ID Number": "6508359"
  },
  {
    "ID Number": "6552765"
  },
  {
    "ID Number": "6530818"
  },
  {
    "ID Number": "6505635"
  },
  {
    "ID Number": "6500170"
  },
  {
    "ID Number": "6500501"
  },
  {
    "ID Number": "6514014"
  },
  {
    "ID Number": "6514022"
  },
  {
    "ID Number": "6561683"
  },
  {
    "ID Number": "6523889"
  },
  {
    "ID Number": "6567428"
  },
  {
    "ID Number": "6518842"
  },
  {
    "ID Number": "6562400"
  },
  {
    "ID Number": "6550274"
  },
  {
    "ID Number": "6508871"
  },
  {
    "ID Number": "6522670"
  },
  {
    "ID Number": "6548741"
  },
  {
    "ID Number": "6500706"
  },
  {
    "ID Number": "6549055"
  },
  {
    "ID Number": "6529879"
  },
  {
    "ID Number": "6527086"
  },
  {
    "ID Number": "6531709"
  },
  {
    "ID Number": "6502318"
  },
  {
    "ID Number": "6514030"
  },
  {
    "ID Number": "6522076"
  },
  {
    "ID Number": "6511082"
  },
  {
    "ID Number": "6534350"
  },
  {
    "ID Number": "6521347"
  },
  {
    "ID Number": "6500528"
  },
  {
    "ID Number": "6511201"
  },
  {
    "ID Number": "6523188"
  },
  {
    "ID Number": "6546943"
  },
  {
    "ID Number": "6509894"
  },
  {
    "ID Number": "6554938"
  },
  {
    "ID Number": "6548563"
  },
  {
    "ID Number": "6556574"
  },
  {
    "ID Number": "6511813"
  },
  {
    "ID Number": "6504744"
  },
  {
    "ID Number": "6507107"
  },
  {
    "ID Number": "6510167"
  },
  {
    "ID Number": "6516726"
  },
  {
    "ID Number": "6558437"
  },
  {
    "ID Number": "6527876"
  },
  {
    "ID Number": "6511210"
  },
  {
    "ID Number": "6512224"
  },
  {
    "ID Number": "6563627"
  },
  {
    "ID Number": "6508006"
  },
  {
    "ID Number": "6506046"
  },
  {
    "ID Number": "3501442"
  },
  {
    "ID Number": "6531733"
  },
  {
    "ID Number": "6512070"
  },
  {
    "ID Number": "6500226"
  },
  {
    "ID Number": "6520170"
  },
  {
    "ID Number": "6520413"
  },
  {
    "ID Number": "6510086"
  },
  {
    "ID Number": "6510671"
  },
  {
    "ID Number": "6501672"
  },
  {
    "ID Number": "6534155"
  },
  {
    "ID Number": "6568491"
  },
  {
    "ID Number": "6574998"
  },
  {
    "ID Number": "6522300"
  },
  {
    "ID Number": "6510353"
  },
  {
    "ID Number": "6534724"
  },
  {
    "ID Number": "6512364"
  },
  {
    "ID Number": "6512372"
  },
  {
    "ID Number": "6512380"
  },
  {
    "ID Number": "6513069"
  },
  {
    "ID Number": "6513077"
  },
  {
    "ID Number": "6519792"
  },
  {
    "ID Number": "6521355"
  },
  {
    "ID Number": "6517439"
  },
  {
    "ID Number": "63300028"
  },
  {
    "ID Number": "6510914"
  },
  {
    "ID Number": "6571859"
  },
  {
    "ID Number": "6532942"
  },
  {
    "ID Number": "6517447"
  },
  {
    "ID Number": "6550282"
  },
  {
    "ID Number": "6506488"
  },
  {
    "ID Number": "6528562"
  },
  {
    "ID Number": "6557864"
  },
  {
    "ID Number": "6550592"
  },
  {
    "ID Number": "6552340"
  },
  {
    "ID Number": "6554415"
  },
  {
    "ID Number": "6554431"
  },
  {
    "ID Number": "6563058"
  },
  {
    "ID Number": "6508812"
  },
  {
    "ID Number": "6562850"
  },
  {
    "ID Number": "6509690"
  },
  {
    "ID Number": "6508650"
  },
  {
    "ID Number": "6522033"
  },
  {
    "ID Number": "6524915"
  },
  {
    "ID Number": "6519652"
  },
  {
    "ID Number": "6503055"
  },
  {
    "ID Number": "6519024"
  },
  {
    "ID Number": "6571468"
  },
  {
    "ID Number": "6572529"
  },
  {
    "ID Number": "6516777"
  },
  {
    "ID Number": "6521380"
  },
  {
    "ID Number": "6571794"
  },
  {
    "ID Number": "6571867"
  },
  {
    "ID Number": "6504370"
  },
  {
    "ID Number": "6513913"
  },
  {
    "ID Number": "6521533"
  },
  {
    "ID Number": "6556256"
  },
  {
    "ID Number": "6522319"
  },
  {
    "ID Number": "6501702"
  },
  {
    "ID Number": "6556361"
  },
  {
    "ID Number": "6515843"
  },
  {
    "ID Number": "6513328"
  },
  {
    "ID Number": "6517226"
  },
  {
    "ID Number": "6550177"
  },
  {
    "ID Number": "6571123"
  },
  {
    "ID Number": "6523595"
  },
  {
    "ID Number": "6501176"
  },
  {
    "ID Number": "6501052"
  },
  {
    "ID Number": "6522971"
  },
  {
    "ID Number": "6528082"
  },
  {
    "ID Number": "6500463"
  },
  {
    "ID Number": "6559417"
  },
  {
    "ID Number": "6506380"
  },
  {
    "ID Number": "6558836"
  },
  {
    "ID Number": "6504779"
  },
  {
    "ID Number": "6513085"
  },
  {
    "ID Number": "6510981"
  },
  {
    "ID Number": "6512011"
  },
  {
    "ID Number": "6500137"
  },
  {
    "ID Number": "6516122"
  },
  {
    "ID Number": "6508103"
  },
  {
    "ID Number": "6512399"
  },
  {
    "ID Number": "6568688"
  },
  {
    "ID Number": "6501168"
  },
  {
    "ID Number": "6517455"
  },
  {
    "ID Number": "6509932"
  },
  {
    "ID Number": "6526292"
  },
  {
    "ID Number": "6500471"
  },
  {
    "ID Number": "6550290"
  },
  {
    "ID Number": "6551300"
  },
  {
    "ID Number": "6519032"
  },
  {
    "ID Number": "6533787"
  },
  {
    "ID Number": "6530834"
  },
  {
    "ID Number": "6544428"
  },
  {
    "ID Number": "6559220"
  },
  {
    "ID Number": "6554130"
  },
  {
    "ID Number": "6570038"
  },
  {
    "ID Number": "6516742"
  },
  {
    "ID Number": "6570046"
  },
  {
    "ID Number": "6512720"
  },
  {
    "ID Number": "6511422"
  },
  {
    "ID Number": "6531741"
  },
  {
    "ID Number": "6513158"
  },
  {
    "ID Number": "6565727"
  },
  {
    "ID Number": "6518290"
  },
  {
    "ID Number": "6555926"
  },
  {
    "ID Number": "6518222"
  },
  {
    "ID Number": "6518230"
  },
  {
    "ID Number": "6549985"
  },
  {
    "ID Number": "6511430"
  },
  {
    "ID Number": "6511317"
  },
  {
    "ID Number": "6567010"
  },
  {
    "ID Number": "6506054"
  },
  {
    "ID Number": "6507654"
  },
  {
    "ID Number": "6518338"
  },
  {
    "ID Number": "6558453"
  },
  {
    "ID Number": "6564933"
  },
  {
    "ID Number": "6561543"
  },
  {
    "ID Number": "6532853"
  },
  {
    "ID Number": "6558186"
  },
  {
    "ID Number": "6576281"
  },
  {
    "ID Number": "6543863"
  },
  {
    "ID Number": "6558461"
  },
  {
    "ID Number": "6511562"
  },
  {
    "ID Number": "6509207"
  },
  {
    "ID Number": "6514332"
  },
  {
    "ID Number": "6508014"
  },
  {
    "ID Number": "6506291"
  },
  {
    "ID Number": "5110645"
  },
  {
    "ID Number": "6573983"
  },
  {
    "ID Number": "6521878"
  },
  {
    "ID Number": "6522343"
  },
  {
    "ID Number": "6522912"
  },
  {
    "ID Number": "6502369"
  },
  {
    "ID Number": "6556566"
  },
  {
    "ID Number": "6500480"
  },
  {
    "ID Number": "6570143"
  },
  {
    "ID Number": "6571875"
  },
  {
    "ID Number": "6519849"
  },
  {
    "ID Number": "6557112"
  },
  {
    "ID Number": "6501192"
  },
  {
    "ID Number": "6570160"
  },
  {
    "ID Number": "6563708"
  },
  {
    "ID Number": "6503080"
  },
  {
    "ID Number": "6550827"
  },
  {
    "ID Number": "6530982"
  },
  {
    "ID Number": "6560016"
  },
  {
    "ID Number": "6502385"
  },
  {
    "ID Number": "6503381"
  },
  {
    "ID Number": "6504027"
  },
  {
    "ID Number": "6508146"
  },
  {
    "ID Number": "6556604"
  },
  {
    "ID Number": "6523560"
  },
  {
    "ID Number": "6502393"
  },
  {
    "ID Number": "6509142"
  },
  {
    "ID Number": "6559115"
  },
  {
    "ID Number": "6552854"
  },
  {
    "ID Number": "6551394"
  },
  {
    "ID Number": "6512410"
  },
  {
    "ID Number": "6524885"
  },
  {
    "ID Number": "6554911"
  },
  {
    "ID Number": "6503802"
  },
  {
    "ID Number": "6500021"
  },
  {
    "ID Number": "6523919"
  },
  {
    "ID Number": "6514065"
  },
  {
    "ID Number": "6511090"
  },
  {
    "ID Number": "6565654"
  },
  {
    "ID Number": "6508405"
  },
  {
    "ID Number": "6514081"
  },
  {
    "ID Number": "6572820"
  },
  {
    "ID Number": "6505899"
  },
  {
    "ID Number": "6561691"
  },
  {
    "ID Number": "6513522"
  },
  {
    "ID Number": "6500552"
  },
  {
    "ID Number": "6573886"
  },
  {
    "ID Number": "6520863"
  },
  {
    "ID Number": "6554946"
  },
  {
    "ID Number": "6556582"
  },
  {
    "ID Number": "6516068"
  },
  {
    "ID Number": "6557228"
  },
  {
    "ID Number": "6513565"
  },
  {
    "ID Number": "6507336"
  },
  {
    "ID Number": "6562817"
  },
  {
    "ID Number": "6510477"
  },
  {
    "ID Number": "6500897"
  },
  {
    "ID Number": "6544533"
  },
  {
    "ID Number": "6545564"
  },
  {
    "ID Number": "6559689"
  },
  {
    "ID Number": "6509479"
  },
  {
    "ID Number": "6544860"
  },
  {
    "ID Number": "6520960"
  },
  {
    "ID Number": "6513697"
  },
  {
    "ID Number": "1512110"
  },
  {
    "ID Number": "6571808"
  },
  {
    "ID Number": "6565875"
  },
  {
    "ID Number": "6513700"
  },
  {
    "ID Number": "6500250"
  },
  {
    "ID Number": "6500277"
  },
  {
    "ID Number": "6500374"
  },
  {
    "ID Number": "6509347"
  },
  {
    "ID Number": "6561047"
  },
  {
    "ID Number": "6513719"
  },
  {
    "ID Number": "6535852"
  },
  {
    "ID Number": "6509959"
  },
  {
    "ID Number": "6508022"
  },
  {
    "ID Number": "6551343"
  },
  {
    "ID Number": "6518818"
  },
  {
    "ID Number": "6515363"
  },
  {
    "ID Number": "6520995"
  },
  {
    "ID Number": "6518761"
  },
  {
    "ID Number": "6524567"
  },
  {
    "ID Number": "6553044"
  },
  {
    "ID Number": "6557589"
  },
  {
    "ID Number": "6502415"
  },
  {
    "ID Number": "6517480"
  },
  {
    "ID Number": "6506500"
  },
  {
    "ID Number": "6513352"
  },
  {
    "ID Number": "6558127"
  },
  {
    "ID Number": "6547648"
  },
  {
    "ID Number": "6509720"
  },
  {
    "ID Number": "6500943"
  },
  {
    "ID Number": "6528651"
  },
  {
    "ID Number": "6520561"
  },
  {
    "ID Number": "6551351"
  },
  {
    "ID Number": "6522181"
  },
  {
    "ID Number": "6566855"
  },
  {
    "ID Number": "6561926"
  },
  {
    "ID Number": "6531202"
  },
  {
    "ID Number": "6517536"
  },
  {
    "ID Number": "6521541"
  },
  {
    "ID Number": "6514944"
  },
  {
    "ID Number": "6533507"
  },
  {
    "ID Number": "6504841"
  },
  {
    "ID Number": "6544258"
  },
  {
    "ID Number": "6522920"
  },
  {
    "ID Number": "6510736"
  },
  {
    "ID Number": "6555691"
  },
  {
    "ID Number": "6559450"
  },
  {
    "ID Number": "6524702"
  },
  {
    "ID Number": "6526306"
  },
  {
    "ID Number": "6562159"
  },
  {
    "ID Number": "6510850"
  },
  {
    "ID Number": "6509495"
  },
  {
    "ID Number": "6512429"
  },
  {
    "ID Number": "6558135"
  },
  {
    "ID Number": "6532730"
  },
  {
    "ID Number": "6528317"
  },
  {
    "ID Number": "6564607"
  },
  {
    "ID Number": "6518303"
  },
  {
    "ID Number": "6508669"
  },
  {
    "ID Number": "6500951"
  },
  {
    "ID Number": "6528953"
  },
  {
    "ID Number": "6505910"
  },
  {
    "ID Number": "6505473"
  },
  {
    "ID Number": "6570879"
  },
  {
    "ID Number": "6530320"
  },
  {
    "ID Number": "6511716"
  },
  {
    "ID Number": "6520308"
  },
  {
    "ID Number": "6523790"
  },
  {
    "ID Number": "6572782"
  },
  {
    "ID Number": "6522998"
  },
  {
    "ID Number": "6512933"
  },
  {
    "ID Number": "6500579"
  },
  {
    "ID Number": "6516041"
  },
  {
    "ID Number": "6504884"
  },
  {
    "ID Number": "6501079"
  },
  {
    "ID Number": "6571280"
  },
  {
    "ID Number": "6518931"
  },
  {
    "ID Number": "6505660"
  },
  {
    "ID Number": "6544479"
  },
  {
    "ID Number": "6504892"
  },
  {
    "ID Number": "6507344"
  },
  {
    "ID Number": "6502857"
  },
  {
    "ID Number": "6510868"
  },
  {
    "ID Number": "6514120"
  },
  {
    "ID Number": "6500218"
  },
  {
    "ID Number": "6500196"
  },
  {
    "ID Number": "6510590"
  },
  {
    "ID Number": "6519938"
  },
  {
    "ID Number": "6563198"
  },
  {
    "ID Number": "6563112"
  },
  {
    "ID Number": "6544487"
  },
  {
    "ID Number": "6508421"
  },
  {
    "ID Number": "6505694"
  },
  {
    "ID Number": "6504396"
  },
  {
    "ID Number": "6511570"
  },
  {
    "ID Number": "6508430"
  },
  {
    "ID Number": "6500927"
  },
  {
    "ID Number": "6566561"
  },
  {
    "ID Number": "6523579"
  },
  {
    "ID Number": "6540651"
  },
  {
    "ID Number": "6509754"
  },
  {
    "ID Number": "6514138"
  },
  {
    "ID Number": "6512674"
  },
  {
    "ID Number": "6513379"
  },
  {
    "ID Number": "6558976"
  },
  {
    "ID Number": "6558852"
  },
  {
    "ID Number": "6512020"
  },
  {
    "ID Number": "6508448"
  },
  {
    "ID Number": "6517544"
  },
  {
    "ID Number": "6558984"
  },
  {
    "ID Number": "6566901"
  },
  {
    "ID Number": "6505708"
  },
  {
    "ID Number": "6535089"
  },
  {
    "ID Number": "6568823"
  },
  {
    "ID Number": "6553125"
  },
  {
    "ID Number": "6519512"
  },
  {
    "ID Number": "6568440"
  },
  {
    "ID Number": "6516718"
  },
  {
    "ID Number": "6500390"
  },
  {
    "ID Number": "6559395"
  },
  {
    "ID Number": "6567126"
  },
  {
    "ID Number": "6573290"
  },
  {
    "ID Number": "6509975"
  },
  {
    "ID Number": "6561128"
  },
  {
    "ID Number": "6518311"
  },
  {
    "ID Number": "6511325"
  },
  {
    "ID Number": "6518354"
  },
  {
    "ID Number": "6529178"
  },
  {
    "ID Number": "6507956"
  },
  {
    "ID Number": "6563473"
  },
  {
    "ID Number": "6523838"
  },
  {
    "ID Number": "6512593"
  },
  {
    "ID Number": "6519857"
  },
  {
    "ID Number": "6524370"
  },
  {
    "ID Number": "6500544"
  },
  {
    "ID Number": "6559824"
  },
  {
    "ID Number": "6559832"
  },
  {
    "ID Number": "6563210"
  },
  {
    "ID Number": "6504930"
  },
  {
    "ID Number": "6504949"
  },
  {
    "ID Number": "6504957"
  },
  {
    "ID Number": "6504965"
  },
  {
    "ID Number": "6508030"
  },
  {
    "ID Number": "6503900"
  },
  {
    "ID Number": "6513743"
  },
  {
    "ID Number": "6550894"
  },
  {
    "ID Number": "6525113"
  },
  {
    "ID Number": "6513166"
  },
  {
    "ID Number": "6525059"
  },
  {
    "ID Number": "6503578"
  },
  {
    "ID Number": "6508464"
  },
  {
    "ID Number": "6503160"
  },
  {
    "ID Number": "6525067"
  },
  {
    "ID Number": "6534716"
  },
  {
    "ID Number": "6511333"
  },
  {
    "ID Number": "6511589"
  },
  {
    "ID Number": "6503586"
  },
  {
    "ID Number": "6507751"
  },
  {
    "ID Number": "6503594"
  },
  {
    "ID Number": "6562876"
  },
  {
    "ID Number": "6570089"
  },
  {
    "ID Number": "6516629"
  },
  {
    "ID Number": "6503608"
  },
  {
    "ID Number": "6503616"
  },
  {
    "ID Number": "6505007"
  },
  {
    "ID Number": "6532128"
  },
  {
    "ID Number": "6510582"
  },
  {
    "ID Number": "6501087"
  },
  {
    "ID Number": "6503349"
  },
  {
    "ID Number": "6565808"
  },
  {
    "ID Number": "6558291"
  },
  {
    "ID Number": "6507760"
  },
  {
    "ID Number": "6508480"
  },
  {
    "ID Number": "6505945"
  },
  {
    "ID Number": "6508472"
  },
  {
    "ID Number": "6507778"
  },
  {
    "ID Number": "6507786"
  },
  {
    "ID Number": "6562485"
  },
  {
    "ID Number": "6504990"
  },
  {
    "ID Number": "6503179"
  },
  {
    "ID Number": "6509983"
  },
  {
    "ID Number": "6511635"
  },
  {
    "ID Number": "6548776"
  },
  {
    "ID Number": "6576290"
  },
  {
    "ID Number": "6522360"
  },
  {
    "ID Number": "6509355"
  },
  {
    "ID Number": "6501397"
  },
  {
    "ID Number": "6511970"
  },
  {
    "ID Number": "6553133"
  },
  {
    "ID Number": "6559271"
  },
  {
    "ID Number": "6564488"
  },
  {
    "ID Number": "6509509"
  },
  {
    "ID Number": "6509797"
  },
  {
    "ID Number": "6505961"
  },
  {
    "ID Number": "6534635"
  },
  {
    "ID Number": "6561969"
  },
  {
    "ID Number": "6515649"
  },
  {
    "ID Number": "6508677"
  },
  {
    "ID Number": "6563880"
  },
  {
    "ID Number": "6545572"
  },
  {
    "ID Number": "6553060"
  },
  {
    "ID Number": "6519954"
  },
  {
    "ID Number": "6528988"
  },
  {
    "ID Number": "6523005"
  },
  {
    "ID Number": "6502903"
  },
  {
    "ID Number": "6502911"
  },
  {
    "ID Number": "6565816"
  },
  {
    "ID Number": "6568726"
  },
  {
    "ID Number": "6506127"
  },
  {
    "ID Number": "6519865"
  },
  {
    "ID Number": "6500668"
  },
  {
    "ID Number": "6518370"
  },
  {
    "ID Number": "6560148"
  },
  {
    "ID Number": "6550959"
  },
  {
    "ID Number": "6512682"
  },
  {
    "ID Number": "6563236"
  },
  {
    "ID Number": "6512046"
  },
  {
    "ID Number": "6508502"
  },
  {
    "ID Number": "6514308"
  },
  {
    "ID Number": "6500340"
  },
  {
    "ID Number": "6526322"
  },
  {
    "ID Number": "6572103"
  },
  {
    "ID Number": "6567118"
  },
  {
    "ID Number": "6524575"
  },
  {
    "ID Number": "6553079"
  },
  {
    "ID Number": "6565328"
  },
  {
    "ID Number": "6526799"
  },
  {
    "ID Number": "6513760"
  },
  {
    "ID Number": "6539190"
  },
  {
    "ID Number": "6552358"
  },
  {
    "ID Number": "6553087"
  },
  {
    "ID Number": "6504388"
  },
  {
    "ID Number": "6519660"
  },
  {
    "ID Number": "6508510"
  },
  {
    "ID Number": "6517579"
  },
  {
    "ID Number": "6517587"
  },
  {
    "ID Number": "6509517"
  },
  {
    "ID Number": "6521673"
  },
  {
    "ID Number": "6511139"
  },
  {
    "ID Number": "6562728"
  },
  {
    "ID Number": "6516920"
  },
  {
    "ID Number": "6513409"
  },
  {
    "ID Number": "6513417"
  },
  {
    "ID Number": "6513425"
  },
  {
    "ID Number": "6512992"
  },
  {
    "ID Number": "6513441"
  },
  {
    "ID Number": "6560377"
  },
  {
    "ID Number": "6511473"
  },
  {
    "ID Number": "6548482"
  },
  {
    "ID Number": "6561721"
  },
  {
    "ID Number": "6509800"
  },
  {
    "ID Number": "6506755"
  },
  {
    "ID Number": "6512607"
  },
  {
    "ID Number": "6505015"
  },
  {
    "ID Number": "6556914"
  },
  {
    "ID Number": "6562655"
  },
  {
    "ID Number": "6550630"
  },
  {
    "ID Number": "6508049"
  },
  {
    "ID Number": "6512062"
  },
  {
    "ID Number": "6548490"
  },
  {
    "ID Number": "6506160"
  },
  {
    "ID Number": "6500048"
  },
  {
    "ID Number": "6507352"
  },
  {
    "ID Number": "6524494"
  },
  {
    "ID Number": "6538495"
  },
  {
    "ID Number": "6501249"
  },
  {
    "ID Number": "6505040"
  },
  {
    "ID Number": "6509991"
  },
  {
    "ID Number": "6575420"
  },
  {
    "ID Number": "6501850"
  },
  {
    "ID Number": "6502580"
  },
  {
    "ID Number": "6522378"
  },
  {
    "ID Number": "6560911"
  },
  {
    "ID Number": "6507158"
  },
  {
    "ID Number": "6505716"
  },
  {
    "ID Number": "6516700"
  },
  {
    "ID Number": "6560210"
  },
  {
    "ID Number": "6524800"
  },
  {
    "ID Number": "6558798"
  },
  {
    "ID Number": "6511643"
  },
  {
    "ID Number": "6505090"
  },
  {
    "ID Number": "6568394"
  },
  {
    "ID Number": "6508529"
  },
  {
    "ID Number": "6508537"
  },
  {
    "ID Number": "6509576"
  },
  {
    "ID Number": "6568408"
  },
  {
    "ID Number": "6567479"
  },
  {
    "ID Number": "6503640"
  },
  {
    "ID Number": "6506810"
  },
  {
    "ID Number": "6527728"
  },
  {
    "ID Number": "6521134"
  },
  {
    "ID Number": "6523412"
  },
  {
    "ID Number": "6523315"
  },
  {
    "ID Number": "6505104"
  },
  {
    "ID Number": "6512097"
  },
  {
    "ID Number": "6502601"
  },
  {
    "ID Number": "6561179"
  },
  {
    "ID Number": "6550363"
  },
  {
    "ID Number": "6566677"
  },
  {
    "ID Number": "6521681"
  },
  {
    "ID Number": "6508880"
  },
  {
    "ID Number": "6509150"
  },
  {
    "ID Number": "6511490"
  },
  {
    "ID Number": "6511376"
  },
  {
    "ID Number": "6572111"
  },
  {
    "ID Number": "6573177"
  },
  {
    "ID Number": "6535011"
  },
  {
    "ID Number": "6563244"
  },
  {
    "ID Number": "6524460"
  },
  {
    "ID Number": "6555683"
  },
  {
    "ID Number": "6503918"
  },
  {
    "ID Number": "6507379"
  },
  {
    "ID Number": "6531083"
  },
  {
    "ID Number": "6545580"
  },
  {
    "ID Number": "6517102"
  },
  {
    "ID Number": "6530389"
  },
  {
    "ID Number": "6506151"
  },
  {
    "ID Number": "6511651"
  },
  {
    "ID Number": "6511597"
  },
  {
    "ID Number": "6556221"
  },
  {
    "ID Number": "6519679"
  },
  {
    "ID Number": "6536433"
  },
  {
    "ID Number": "6521495"
  },
  {
    "ID Number": "6506062"
  },
  {
    "ID Number": "6506070"
  },
  {
    "ID Number": "6517595"
  },
  {
    "ID Number": "6510000"
  },
  {
    "ID Number": "6507263"
  },
  {
    "ID Number": "6507271"
  },
  {
    "ID Number": "6512739"
  },
  {
    "ID Number": "6544070"
  },
  {
    "ID Number": "6528325"
  },
  {
    "ID Number": "6560890"
  },
  {
    "ID Number": "6505155"
  },
  {
    "ID Number": "6500323"
  },
  {
    "ID Number": "6504299"
  },
  {
    "ID Number": "6570844"
  },
  {
    "ID Number": "6500609"
  },
  {
    "ID Number": "6535860"
  },
  {
    "ID Number": "6506321"
  },
  {
    "ID Number": "6562051"
  },
  {
    "ID Number": "6504280"
  },
  {
    "ID Number": "6507166"
  },
  {
    "ID Number": "6507174"
  },
  {
    "ID Number": "6509827"
  },
  {
    "ID Number": "6565905"
  },
  {
    "ID Number": "6550142"
  },
  {
    "ID Number": "6542972"
  },
  {
    "ID Number": "6530567"
  },
  {
    "ID Number": "6506828"
  },
  {
    "ID Number": "6504159"
  },
  {
    "ID Number": "6500641"
  },
  {
    "ID Number": "6507867"
  },
  {
    "ID Number": "6550460"
  },
  {
    "ID Number": "6519580"
  },
  {
    "ID Number": "6534015"
  },
  {
    "ID Number": "6502652"
  },
  {
    "ID Number": "6542999"
  },
  {
    "ID Number": "6507387"
  },
  {
    "ID Number": "6558909"
  },
  {
    "ID Number": "6520383"
  },
  {
    "ID Number": "6516050"
  },
  {
    "ID Number": "6508774"
  },
  {
    "ID Number": "6528066"
  },
  {
    "ID Number": "6505171"
  },
  {
    "ID Number": "6523846"
  },
  {
    "ID Number": "6516165"
  },
  {
    "ID Number": "6557821"
  },
  {
    "ID Number": "6572472"
  },
  {
    "ID Number": "6572120"
  },
  {
    "ID Number": "6554881"
  },
  {
    "ID Number": "6534945"
  },
  {
    "ID Number": "6535020"
  },
  {
    "ID Number": "6520138"
  },
  {
    "ID Number": "6550380"
  },
  {
    "ID Number": "6518150"
  },
  {
    "ID Number": "6527981"
  },
  {
    "ID Number": "2036762"
  },
  {
    "ID Number": "6507875"
  },
  {
    "ID Number": "6500960"
  },
  {
    "ID Number": "6502679"
  },
  {
    "ID Number": "6506550"
  },
  {
    "ID Number": "6565344"
  },
  {
    "ID Number": "6542956"
  },
  {
    "ID Number": "6502687"
  },
  {
    "ID Number": "6506003"
  },
  {
    "ID Number": "6556795"
  },
  {
    "ID Number": "6501222"
  },
  {
    "ID Number": "6505538"
  },
  {
    "ID Number": "6561020"
  },
  {
    "ID Number": "6508790"
  },
  {
    "ID Number": "6520278"
  },
  {
    "ID Number": "6500200"
  },
  {
    "ID Number": "6558640"
  },
  {
    "ID Number": "6500129"
  },
  {
    "ID Number": "6531237"
  },
  {
    "ID Number": "6522289"
  },
  {
    "ID Number": "6516033"
  },
  {
    "ID Number": "6501885"
  },
  {
    "ID Number": "6559328"
  },
  {
    "ID Number": "6513042"
  },
  {
    "ID Number": "6562744"
  },
  {
    "ID Number": "6519067"
  },
  {
    "ID Number": "6500650"
  },
  {
    "ID Number": "6561519"
  },
  {
    "ID Number": "6504167"
  },
  {
    "ID Number": "6500145"
  },
  {
    "ID Number": "6500331"
  },
  {
    "ID Number": "6505260"
  },
  {
    "ID Number": "6569439"
  },
  {
    "ID Number": "6545599"
  },
  {
    "ID Number": "6564437"
  },
  {
    "ID Number": "6523323"
  },
  {
    "ID Number": "6515223"
  },
  {
    "ID Number": "6506330"
  },
  {
    "ID Number": "6526110"
  },
  {
    "ID Number": "6525091"
  },
  {
    "ID Number": "6511600"
  },
  {
    "ID Number": "6517234"
  },
  {
    "ID Number": "6524869"
  },
  {
    "ID Number": "6560849"
  },
  {
    "ID Number": "6509070"
  },
  {
    "ID Number": "6500064"
  },
  {
    "ID Number": "6567100"
  },
  {
    "ID Number": "6504361"
  },
  {
    "ID Number": "6511147"
  },
  {
    "ID Number": "6502717"
  },
  {
    "ID Number": "6500676"
  },
  {
    "ID Number": "6514219"
  },
  {
    "ID Number": "6561187"
  },
  {
    "ID Number": "6502725"
  },
  {
    "ID Number": "6500382"
  },
  {
    "ID Number": "6514545"
  },
  {
    "ID Number": "6549365"
  },
  {
    "ID Number": "6500536"
  },
  {
    "ID Number": "6557830"
  },
  {
    "ID Number": "6535780"
  },
  {
    "ID Number": "6555047"
  },
  {
    "ID Number": "6551122"
  },
  {
    "ID Number": "6515037"
  },
  {
    "ID Number": "6554970"
  },
  {
    "ID Number": "6572588"
  },
  {
    "ID Number": "6520804"
  },
  {
    "ID Number": "6523544"
  },
  {
    "ID Number": "6570020"
  },
  {
    "ID Number": "6502768"
  },
  {
    "ID Number": "6513964"
  },
  {
    "ID Number": "6511503"
  },
  {
    "ID Number": "6554199"
  },
  {
    "ID Number": "6566430"
  },
  {
    "ID Number": "6566448"
  },
  {
    "ID Number": "6507905"
  },
  {
    "ID Number": "6556035"
  },
  {
    "ID Number": "6552820"
  },
  {
    "ID Number": "6512798"
  },
  {
    "ID Number": "6502920"
  },
  {
    "ID Number": "6549241"
  },
  {
    "ID Number": "6524249"
  },
  {
    "ID Number": "6571107"
  },
  {
    "ID Number": "6500820"
  },
  {
    "ID Number": "6521568"
  },
  {
    "ID Number": "6510809"
  },
  {
    "ID Number": "6550150"
  },
  {
    "ID Number": "6511694"
  },
  {
    "ID Number": "6519504"
  },
  {
    "ID Number": "6562027"
  },
  {
    "ID Number": "6534589"
  },
  {
    "ID Number": "6502865"
  },
  {
    "ID Number": "6507921"
  },
  {
    "ID Number": "6509851"
  },
  {
    "ID Number": "6501907"
  },
  {
    "ID Number": "6556264"
  },
  {
    "ID Number": "6558054"
  },
  {
    "ID Number": "6503306"
  },
  {
    "ID Number": "6549098"
  },
  {
    "ID Number": "6512518"
  }
]