[
  {
    "ID Number": "1901559"
  },
  {
    "ID Number": "23601450"
  },
  {
    "ID Number": "23602449"
  },
  {
    "ID Number": "23600438"
  },
  {
    "ID Number": "23600640"
  },
  {
    "ID Number": "23600110"
  },
  {
    "ID Number": "1909630"
  },
  {
    "ID Number": "23602376"
  },
  {
    "ID Number": "23602066"
  },
  {
    "ID Number": "23601884"
  },
  {
    "ID Number": "1928090"
  },
  {
    "ID Number": "23602643"
  },
  {
    "ID Number": "23601906"
  },
  {
    "ID Number": "23600128"
  },
  {
    "ID Number": "23600136"
  },
  {
    "ID Number": "23600578"
  },
  {
    "ID Number": "23601744"
  },
  {
    "ID Number": "23600152"
  },
  {
    "ID Number": "23601485"
  },
  {
    "ID Number": "23600160"
  },
  {
    "ID Number": "23602228"
  },
  {
    "ID Number": "23600179"
  },
  {
    "ID Number": "23602163"
  },
  {
    "ID Number": "23600187"
  },
  {
    "ID Number": "23601159"
  },
  {
    "ID Number": "23600993"
  },
  {
    "ID Number": "23600209"
  },
  {
    "ID Number": "23601213"
  },
  {
    "ID Number": "23600217"
  },
  {
    "ID Number": "23600225"
  },
  {
    "ID Number": "23600233"
  },
  {
    "ID Number": "23600829"
  },
  {
    "ID Number": "23601051"
  },
  {
    "ID Number": "23602031"
  },
  {
    "ID Number": "23600705"
  },
  {
    "ID Number": "23601620"
  },
  {
    "ID Number": "23600250"
  },
  {
    "ID Number": "23600454"
  },
  {
    "ID Number": "23602392"
  },
  {
    "ID Number": "23600268"
  },
  {
    "ID Number": "23600284"
  },
  {
    "ID Number": "23600390"
  },
  {
    "ID Number": "23600292"
  },
  {
    "ID Number": "23600403"
  },
  {
    "ID Number": "23600462"
  },
  {
    "ID Number": "23602112"
  },
  {
    "ID Number": "23600470"
  },
  {
    "ID Number": "23600837"
  },
  {
    "ID Number": "23600306"
  },
  {
    "ID Number": "2830235"
  },
  {
    "ID Number": "1928104"
  },
  {
    "ID Number": "23600489"
  },
  {
    "ID Number": "23600497"
  },
  {
    "ID Number": "1950711"
  },
  {
    "ID Number": "23600055"
  },
  {
    "ID Number": "23601990"
  },
  {
    "ID Number": "23600713"
  },
  {
    "ID Number": "23600314"
  },
  {
    "ID Number": "23601868"
  },
  {
    "ID Number": "23601663"
  },
  {
    "ID Number": "23601671"
  },
  {
    "ID Number": "23601892"
  },
  {
    "ID Number": "23600896"
  },
  {
    "ID Number": "23602252"
  },
  {
    "ID Number": "23602546"
  },
  {
    "ID Number": "3504301"
  },
  {
    "ID Number": "23601914"
  },
  {
    "ID Number": "23602597"
  },
  {
    "ID Number": "1928112"
  },
  {
    "ID Number": "23601183"
  },
  {
    "ID Number": "23601701"
  },
  {
    "ID Number": "36004480"
  },
  {
    "ID Number": "23600624"
  },
  {
    "ID Number": "23601876"
  },
  {
    "ID Number": "23602023"
  },
  {
    "ID Number": "23600845"
  },
  {
    "ID Number": "23600322"
  },
  {
    "ID Number": "23600330"
  },
  {
    "ID Number": "23602007"
  },
  {
    "ID Number": "23600764"
  },
  {
    "ID Number": "23601841"
  },
  {
    "ID Number": "1955934"
  },
  {
    "ID Number": "3511596"
  },
  {
    "ID Number": "23601850"
  },
  {
    "ID Number": "23600349"
  },
  {
    "ID Number": "23600357"
  },
  {
    "ID Number": "23601930"
  },
  {
    "ID Number": "23602058"
  },
  {
    "ID Number": "23601221"
  },
  {
    "ID Number": "23601108"
  },
  {
    "ID Number": "23601019"
  },
  {
    "ID Number": "23600411"
  },
  {
    "ID Number": "23601027"
  },
  {
    "ID Number": "23600063"
  },
  {
    "ID Number": "23602082"
  },
  {
    "ID Number": "23600373"
  },
  {
    "ID Number": "23600543"
  },
  {
    "ID Number": "23600551"
  },
  {
    "ID Number": "1950720"
  },
  {
    "ID Number": "23601060"
  },
  {
    "ID Number": "23600381"
  },
  {
    "ID Number": "23601710"
  },
  {
    "ID Number": "23601795"
  },
  {
    "ID Number": "23600020"
  }
]