[
  {
    "ID Number": "7000235",
    "Name": "Abe, Mahiro",
    "Fed": "JPN",
    "Sex": "M",
    "Title": "",
    "WTit": "",
    "OTit": "",
    "Rating": "2017",
    "Gms": "0",
    "K": "20",
    "RatingMonth": "AUG25",
    "B-day": "1997",
    "Flag": "i"
  },
  {
    "ID Number": "7003404",
    "Name": "Abe, Taro",
    "Fed": "JPN",
    "Sex": "M",
    "Title": "",
    "WTit": "",
    "OTit": "",
    "Rating": "1830",
    "Gms": "0",
    "K": "20",
    "RatingMonth": "AUG25",
    "B-day": "1974",
    "Flag": "i"
  },
  {
    "ID Number": "7001983",
    "Name": "Abe, Yuta",
    "Fed": "JPN",
    "Sex": "M",
    "Title": "",
    "WTit": "FA",
    "OTit": "",
    "Rating": "1779",
    "Gms": "0",
    "K": "20",
    "RatingMonth": "AUG25",
    "B-day": "1993",
    "Flag": "i"
  },
  {
    "ID Number": "30917778",
    "Name": "Akai, Kiyotaka",
    "Fed": "JPN",
    "Sex": "M",
    "Title": "",
    "WTit": "",
    "OTit": "",
    "Rating": "1683",
    "Gms": "0",
    "K": "20",
    "RatingMonth": "AUG25",
    "B-day": "1957",
    "Flag": "i"
  },
  {
    "ID Number": "7006420",
    "Name": "Akiyama, Kairi",
    "Fed": "JPN",
    "Sex": "M",
    "Title": "",
    "WTit": "",
    "OTit": "",
    "Rating": "1446",
    "Gms": "0",
    "K": "40",
    "RatingMonth": "AUG25",
    "B-day": "2015",
    "Flag": ""
  },
  {
    "ID Number": "7002386",
    "Name": "Aoshima, Mirai",
    "Fed": "JPN",
    "Sex": "M",
    "Title": "FM",
    "WTit": "",
    "OTit": "",
    "Rating": "2332",
    "Gms": "0",
    "K": "20",
    "RatingMonth": "AUG25",
    "B-day": "1995",
    "Flag": "i"
  },
  {
    "ID Number": "7000766",
    "Name": "Baba, Masahiro",
    "Fed": "JPN",
    "Sex": "M",
    "Title": "FM",
    "WTit": "",
    "OTit": "",
    "Rating": "2223",
    "Gms": "0",
    "K": "20",
    "RatingMonth": "AUG25",
    "B-day": "1984",
    "Flag": "i"
  },
  {
    "ID Number": "7005458",
    "Name": "Chih, Tristan",
    "Fed": "JPN",
    "Sex": "M",
    "Title": "",
    "WTit": "",
    "OTit": "",
    "Rating": "1488",
    "Gms": "0",
    "K": "40",
    "RatingMonth": "AUG25",
    "B-day": "2014",
    "Flag": ""
  },
  {
    "ID Number": "7002394",
    "Name": "Clark, Domenic",
    "Fed": "JPN",
    "Sex": "M",
    "Title": "",
    "WTit": "",
    "OTit": "",
    "Rating": "1801",
    "Gms": "0",
    "K": "20",
    "RatingMonth": "AUG25",
    "B-day": "1976",
    "Flag": "i"
  },
  {
    "ID Number": "7007167",
    "Name": "Endo van Dooijeweert, Sebastian",
    "Fed": "JPN",
    "Sex": "M",
    "Title": "",
    "WTit": "",
    "OTit": "",
    "Rating": "1690",
    "Gms": "0",
    "K": "40",
    "RatingMonth": "AUG25",
    "B-day": "2017",
    "Flag": ""
  },
  {
    "ID Number": "7002661",
    "Name": "Endo, Haruto",
    "Fed": "JPN",
    "Sex": "M",
    "Title": "",
    "WTit": "",
    "OTit": "",
    "Rating": "1779",
    "Gms": "0",
    "K": "20",
    "RatingMonth": "AUG25",
    "B-day": "2005",
    "Flag": "i"
  },
  {
    "ID Number": "7004249",
    "Name": "Endo, Shuma",
    "Fed": "JPN",
    "Sex": "M",
    "Title": "",
    "WTit": "",
    "OTit": "",
    "Rating": "1845",
    "Gms": "17",
    "K": "40",
    "RatingMonth": "AUG25",
    "B-day": "2011",
    "Flag": ""
  },
  {
    "ID Number": "7000537",
    "Name": "Habu, Yoshiharu",
    "Fed": "JPN",
    "Sex": "M",
    "Title": "FM",
    "WTit": "",
    "OTit": "",
    "Rating": "2359",
    "Gms": "0",
    "K": "10",
    "RatingMonth": "AUG25",
    "B-day": "1970",
    "Flag": "i"
  },
  {
    "ID Number": "7000103",
    "Name": "Hasegawa, Emi",
    "Fed": "JPN",
    "Sex": "F",
    "Title": "WCM",
    "WTit": "WCM",
    "OTit": "",
    "Rating": "1836",
    "Gms": "0",
    "K": "20",
    "RatingMonth": "AUG25",
    "B-day": "1979",
    "Flag": "wi"
  },
  {
    "ID Number": "7005156",
    "Name": "Hasegawa, Yuki",
    "Fed": "JPN",
    "Sex": "M",
    "Title": "",
    "WTit": "",
    "OTit": "",
    "Rating": "1681",
    "Gms": "0",
    "K": "20",
    "RatingMonth": "AUG25",
    "B-day": "1996",
    "Flag": "i"
  },
  {
    "ID Number": "7001959",
    "Name": "Hiebert, Kenji",
    "Fed": "JPN",
    "Sex": "M",
    "Title": "",
    "WTit": "",
    "OTit": "",
    "Rating": "1944",
    "Gms": "0",
    "K": "20",
    "RatingMonth": "AUG25",
    "B-day": "2000",
    "Flag": "i"
  },
  {
    "ID Number": "2137984",
    "Name": "Hoshino, Karen",
    "Fed": "JPN",
    "Sex": "F",
    "Title": "WFM",
    "WTit": "WFM",
    "OTit": "",
    "Rating": "1822",
    "Gms": "0",
    "K": "20",
    "RatingMonth": "AUG25",
    "B-day": "2001",
    "Flag": "wi"
  },
  {
    "ID Number": "7001690",
    "Name": "Hoshino, Meilin",
    "Fed": "JPN",
    "Sex": "F",
    "Title": "WCM",
    "WTit": "WCM",
    "OTit": "",
    "Rating": "1700",
    "Gms": "0",
    "K": "20",
    "RatingMonth": "AUG25",
    "B-day": "2005",
    "Flag": "wi"
  },
  {
    "ID Number": "7004397",
    "Name": "Inukai, Kotaro",
    "Fed": "JPN",
    "Sex": "M",
    "Title": "",
    "WTit": "",
    "OTit": "",
    "Rating": "1648",
    "Gms": "0",
    "K": "40",
    "RatingMonth": "AUG25",
    "B-day": "2010",
    "Flag": "i"
  },
  {
    "ID Number": "7004400",
    "Name": "Inukai, Rentaro",
    "Fed": "JPN",
    "Sex": "M",
    "Title": "",
    "WTit": "",
    "OTit": "",
    "Rating": "1636",
    "Gms": "0",
    "K": "40",
    "RatingMonth": "AUG25",
    "B-day": "2012",
    "Flag": "i"
  },
  {
    "ID Number": "7000260",
    "Name": "Ishii, Ichiro",
    "Fed": "JPN",
    "Sex": "M",
    "Title": "",
    "WTit": "",
    "OTit": "",
    "Rating": "1891",
    "Gms": "0",
    "K": "20",
    "RatingMonth": "AUG25",
    "B-day": "1959",
    "Flag": "i"
  },
  {
    "ID Number": "7006365",
    "Name": "Itokazu, Antonio",
    "Fed": "JPN",
    "Sex": "M",
    "Title": "",
    "WTit": "",
    "OTit": "",
    "Rating": "1501",
    "Gms": "0",
    "K": "40",
    "RatingMonth": "AUG25",
    "B-day": "2015",
    "Flag": ""
  },
  {
    "ID Number": "427284",
    "Name": "Ivanov, Elizabeth",
    "Fed": "JPN",
    "Sex": "F",
    "Title": "",
    "WTit": "",
    "OTit": "",
    "Rating": "1775",
    "Gms": "0",
    "K": "20",
    "RatingMonth": "AUG25",
    "B-day": "2001",
    "Flag": "w"
  },
  {
    "ID Number": "7001703",
    "Name": "Izumi, Haruki",
    "Fed": "JPN",
    "Sex": "M",
    "Title": "",
    "WTit": "",
    "OTit": "",
    "Rating": "1683",
    "Gms": "0",
    "K": "20",
    "RatingMonth": "AUG25",
    "B-day": "2003",
    "Flag": "i"
  },
  {
    "ID Number": "1120620",
    "Name": "Janiszewski, Maciej",
    "Fed": "JPN",
    "Sex": "M",
    "Title": "",
    "WTit": "",
    "OTit": "",
    "Rating": "1951",
    "Gms": "0",
    "K": "20",
    "RatingMonth": "AUG25",
    "B-day": "1982",
    "Flag": "i"
  },
  {
    "ID Number": "2054426",
    "Name": "Kakutani, Yuta",
    "Fed": "JPN",
    "Sex": "M",
    "Title": "",
    "WTit": "",
    "OTit": "",
    "Rating": "2021",
    "Gms": "0",
    "K": "20",
    "RatingMonth": "AUG25",
    "B-day": "1996",
    "Flag": "i"
  },
  {
    "ID Number": "7004575",
    "Name": "Kikkawa, Kei",
    "Fed": "JPN",
    "Sex": "M",
    "Title": "",
    "WTit": "",
    "OTit": "",
    "Rating": "1734",
    "Gms": "6",
    "K": "20",
    "RatingMonth": "AUG25",
    "B-day": "1955",
    "Flag": ""
  },
  {
    "ID Number": "7002238",
    "Name": "Kinoshita, Kanako",
    "Fed": "JPN",
    "Sex": "F",
    "Title": "",
    "WTit": "",
    "OTit": "",
    "Rating": "1749",
    "Gms": "0",
    "K": "20",
    "RatingMonth": "AUG25",
    "B-day": "1989",
    "Flag": "w"
  },
  {
    "ID Number": "7005954",
    "Name": "Kishida, Koki",
    "Fed": "JPN",
    "Sex": "M",
    "Title": "",
    "WTit": "",
    "OTit": "",
    "Rating": "1561",
    "Gms": "0",
    "K": "40",
    "RatingMonth": "AUG25",
    "B-day": "2010",
    "Flag": "i"
  },
  {
    "ID Number": "7002181",
    "Name": "Kojima, Natsumi",
    "Fed": "JPN",
    "Sex": "F",
    "Title": "WCM",
    "WTit": "WCM",
    "OTit": "",
    "Rating": "1830",
    "Gms": "0",
    "K": "20",
    "RatingMonth": "AUG25",
    "B-day": "1994",
    "Flag": "wi"
  },
  {
    "ID Number": "7000812",
    "Name": "Kojima, Shinya",
    "Fed": "JPN",
    "Sex": "M",
    "Title": "IM",
    "WTit": "",
    "OTit": "",
    "Rating": "2281",
    "Gms": "0",
    "K": "20",
    "RatingMonth": "AUG25",
    "B-day": "1988",
    "Flag": ""
  },
  {
    "ID Number": "7002696",
    "Name": "Maeda, Tomotsugu",
    "Fed": "JPN",
    "Sex": "M",
    "Title": "",
    "WTit": "",
    "OTit": "",
    "Rating": "1477",
    "Gms": "0",
    "K": "20",
    "RatingMonth": "AUG25",
    "B-day": "2006",
    "Flag": "i"
  },
  {
    "ID Number": "7000820",
    "Name": "Manabe, Hiroshi",
    "Fed": "JPN",
    "Sex": "M",
    "Title": "",
    "WTit": "NA",
    "OTit": "",
    "Rating": "1967",
    "Gms": "0",
    "K": "20",
    "RatingMonth": "AUG25",
    "B-day": "1966",
    "Flag": ""
  },
  {
    "ID Number": "36087114",
    "Name": "Matsumura, Cocoro",
    "Fed": "JPN",
    "Sex": "M",
    "Title": "CM",
    "WTit": "",
    "OTit": "",
    "Rating": "2108",
    "Gms": "0",
    "K": "40",
    "RatingMonth": "AUG25",
    "B-day": "2008",
    "Flag": ""
  },
  {
    "ID Number": "7005512",
    "Name": "Matsunaga, Toma",
    "Fed": "JPN",
    "Sex": "M",
    "Title": "",
    "WTit": "",
    "OTit": "",
    "Rating": "1786",
    "Gms": "0",
    "K": "40",
    "RatingMonth": "AUG25",
    "B-day": "2012",
    "Flag": ""
  },
  {
    "ID Number": "7002980",
    "Name": "Matsuyama, Koya",
    "Fed": "JPN",
    "Sex": "M",
    "Title": "",
    "WTit": "",
    "OTit": "",
    "Rating": "1850",
    "Gms": "0",
    "K": "20",
    "RatingMonth": "AUG25",
    "B-day": "2003",
    "Flag": "i"
  },
  {
    "ID Number": "7002483",
    "Name": "Minamoto, Marcos Cesar",
    "Fed": "JPN",
    "Sex": "M",
    "Title": "",
    "WTit": "",
    "OTit": "",
    "Rating": "1788",
    "Gms": "0",
    "K": "20",
    "RatingMonth": "AUG25",
    "B-day": "1975",
    "Flag": "i"
  },
  {
    "ID Number": "7002815",
    "Name": "Mitsuyama, Rikka",
    "Fed": "JPN",
    "Sex": "F",
    "Title": "WCM",
    "WTit": "WCM",
    "OTit": "",
    "Rating": "1630",
    "Gms": "0",
    "K": "40",
    "RatingMonth": "AUG25",
    "B-day": "2009",
    "Flag": "wi"
  },
  {
    "ID Number": "30983967",
    "Name": "Moritani, Sho",
    "Fed": "JPN",
    "Sex": "M",
    "Title": "",
    "WTit": "",
    "OTit": "",
    "Rating": "1845",
    "Gms": "0",
    "K": "40",
    "RatingMonth": "AUG25",
    "B-day": "2011",
    "Flag": "i"
  },
  {
    "ID Number": "7003080",
    "Name": "Muto, Yuhiro",
    "Fed": "JPN",
    "Sex": "M",
    "Title": "",
    "WTit": "",
    "OTit": "",
    "Rating": "1720",
    "Gms": "0",
    "K": "40",
    "RatingMonth": "AUG25",
    "B-day": "2008",
    "Flag": "i"
  },
  {
    "ID Number": "7002955",
    "Name": "Nagai, Toshiyuki",
    "Fed": "JPN",
    "Sex": "M",
    "Title": "",
    "WTit": "NA",
    "OTit": "",
    "Rating": "1777",
    "Gms": "0",
    "K": "20",
    "RatingMonth": "AUG25",
    "B-day": "1981",
    "Flag": "i"
  },
  {
    "ID Number": "7001533",
    "Name": "Nagase, Masayuki",
    "Fed": "JPN",
    "Sex": "M",
    "Title": "",
    "WTit": "",
    "OTit": "",
    "Rating": "1897",
    "Gms": "0",
    "K": "20",
    "RatingMonth": "AUG25",
    "B-day": "1999",
    "Flag": "i"
  },
  {
    "ID Number": "7003544",
    "Name": "Nagataki, Kota",
    "Fed": "JPN",
    "Sex": "M",
    "Title": "",
    "WTit": "",
    "OTit": "",
    "Rating": "1923",
    "Gms": "0",
    "K": "20",
    "RatingMonth": "AUG25",
    "B-day": "2003",
    "Flag": "i"
  },
  {
    "ID Number": "7002556",
    "Name": "Nakahara, Kan",
    "Fed": "JPN",
    "Sex": "M",
    "Title": "CM",
    "WTit": "",
    "OTit": "",
    "Rating": "1997",
    "Gms": "0",
    "K": "20",
    "RatingMonth": "AUG25",
    "B-day": "2005",
    "Flag": "i"
  },
  {
    "ID Number": "7002670",
    "Name": "Nakazawa, Ryo",
    "Fed": "JPN",
    "Sex": "M",
    "Title": "",
    "WTit": "",
    "OTit": "",
    "Rating": "1689",
    "Gms": "0",
    "K": "20",
    "RatingMonth": "AUG25",
    "B-day": "1994",
    "Flag": "i"
  },
  {
    "ID Number": "7000634",
    "Name": "Nanjo, Ryosuke",
    "Fed": "JPN",
    "Sex": "M",
    "Title": "IM",
    "WTit": "",
    "OTit": "",
    "Rating": "2270",
    "Gms": "8",
    "K": "20",
    "RatingMonth": "AUG25",
    "B-day": "1988",
    "Flag": ""
  },
  {
    "ID Number": "7006519",
    "Name": "Niori, Toma",
    "Fed": "JPN",
    "Sex": "M",
    "Title": "",
    "WTit": "",
    "OTit": "",
    "Rating": "1482",
    "Gms": "0",
    "K": "40",
    "RatingMonth": "AUG25",
    "B-day": "2014",
    "Flag": ""
  },
  {
    "ID Number": "7006357",
    "Name": "Nishida, Eito",
    "Fed": "JPN",
    "Sex": "M",
    "Title": "",
    "WTit": "",
    "OTit": "",
    "Rating": "ACM",
    "Gms": "1681",
    "K": "4",
    "RatingMonth": "AUG25",
    "B-day": "2015",
    "Flag": ""
  },
  {
    "ID Number": "7004745",
    "Name": "Noda, Ryo",
    "Fed": "JPN",
    "Sex": "M",
    "Title": "",
    "WTit": "",
    "OTit": "",
    "Rating": "1525",
    "Gms": "0",
    "K": "40",
    "RatingMonth": "AUG25",
    "B-day": "2014",
    "Flag": "i"
  },
  {
    "ID Number": "7002734",
    "Name": "Nodon, Jeremi",
    "Fed": "JPN",
    "Sex": "M",
    "Title": "",
    "WTit": "",
    "OTit": "",
    "Rating": "1831",
    "Gms": "0",
    "K": "20",
    "RatingMonth": "AUG25",
    "B-day": "1982",
    "Flag": "i"
  },
  {
    "ID Number": "7000740",
    "Name": "Noguchi, Koji",
    "Fed": "JPN",
    "Sex": "M",
    "Title": "",
    "WTit": "",
    "OTit": "",
    "Rating": "2068",
    "Gms": "0",
    "K": "20",
    "RatingMonth": "AUG25",
    "B-day": "1976",
    "Flag": "i"
  },
  {
    "ID Number": "7002270",
    "Name": "Noguchi, Takaya",
    "Fed": "JPN",
    "Sex": "M",
    "Title": "",
    "WTit": "",
    "OTit": "",
    "Rating": "1668",
    "Gms": "0",
    "K": "20",
    "RatingMonth": "AUG25",
    "B-day": "1998",
    "Flag": "i"
  },
  {
    "ID Number": "3227367",
    "Name": "Oka, Hikaru",
    "Fed": "JPN",
    "Sex": "M",
    "Title": "",
    "WTit": "",
    "OTit": "",
    "Rating": "2321",
    "Gms": "0",
    "K": "20",
    "RatingMonth": "AUG25",
    "B-day": "2004",
    "Flag": "i"
  },
  {
    "ID Number": "3229165",
    "Name": "Oka, Itsuki",
    "Fed": "JPN",
    "Sex": "F",
    "Title": "",
    "WTit": "",
    "OTit": "",
    "Rating": "1665",
    "Gms": "0",
    "K": "20",
    "RatingMonth": "AUG25",
    "B-day": "2004",
    "Flag": "wi"
  },
  {
    "ID Number": "7002823",
    "Name": "Oka, Susumu",
    "Fed": "JPN",
    "Sex": "M",
    "Title": "",
    "WTit": "",
    "OTit": "",
    "Rating": "1735",
    "Gms": "0",
    "K": "20",
    "RatingMonth": "AUG25",
    "B-day": "1968",
    "Flag": "i"
  },
  {
    "ID Number": "3229157",
    "Name": "Oka, Tsukasa",
    "Fed": "JPN",
    "Sex": "M",
    "Title": "",
    "WTit": "",
    "OTit": "",
    "Rating": "1578",
    "Gms": "0",
    "K": "20",
    "RatingMonth": "AUG25",
    "B-day": "2000",
    "Flag": "i"
  },
  {
    "ID Number": "7004419",
    "Name": "Okabe, Yuma",
    "Fed": "JPN",
    "Sex": "M",
    "Title": "",
    "WTit": "NA",
    "OTit": "",
    "Rating": "1730",
    "Gms": "0",
    "K": "40",
    "RatingMonth": "AUG25",
    "B-day": "2007",
    "Flag": "i"
  },
  {
    "ID Number": "7003730",
    "Name": "Okuno, Rion",
    "Fed": "JPN",
    "Sex": "M",
    "Title": "",
    "WTit": "",
    "OTit": "",
    "Rating": "2003",
    "Gms": "9",
    "K": "40",
    "RatingMonth": "AUG25",
    "B-day": "2008",
    "Flag": ""
  },
  {
    "ID Number": "7002084",
    "Name": "Osaka, Takuma",
    "Fed": "JPN",
    "Sex": "M",
    "Title": "CM",
    "WTit": "",
    "OTit": "",
    "Rating": "1962",
    "Gms": "0",
    "K": "20",
    "RatingMonth": "AUG25",
    "B-day": "2003",
    "Flag": "i"
  },
  {
    "ID Number": "7000219",
    "Name": "Ramos, Domingo",
    "Fed": "JPN",
    "Sex": "M",
    "Title": "IM",
    "WTit": "",
    "OTit": "",
    "Rating": "2270",
    "Gms": "0",
    "K": "20",
    "RatingMonth": "AUG25",
    "B-day": "1960",
    "Flag": "i"
  },
  {
    "ID Number": "2511258",
    "Name": "Rolston, Daniel Haruma",
    "Fed": "JPN",
    "Sex": "M",
    "Title": "",
    "WTit": "",
    "OTit": "",
    "Rating": "1803",
    "Gms": "8",
    "K": "40",
    "RatingMonth": "AUG25",
    "B-day": "2009",
    "Flag": ""
  },
  {
    "ID Number": "1325353",
    "Name": "Schweizer, Samuel",
    "Fed": "JPN",
    "Sex": "M",
    "Title": "",
    "WTit": "",
    "OTit": "",
    "Rating": "2018",
    "Gms": "0",
    "K": "20",
    "RatingMonth": "AUG25",
    "B-day": "1996",
    "Flag": ""
  },
  {
    "ID Number": "1325361",
    "Name": "Schweizer, Simon",
    "Fed": "JPN",
    "Sex": "M",
    "Title": "",
    "WTit": "",
    "OTit": "",
    "Rating": "2172",
    "Gms": "13",
    "K": "20",
    "RatingMonth": "AUG25",
    "B-day": "1996",
    "Flag": ""
  },
  {
    "ID Number": "7001134",
    "Name": "Shibata, Misaki",
    "Fed": "JPN",
    "Sex": "F",
    "Title": "WCM",
    "WTit": "WCM",
    "OTit": "",
    "Rating": "1772",
    "Gms": "0",
    "K": "20",
    "RatingMonth": "AUG25",
    "B-day": "1993",
    "Flag": "wi"
  },
  {
    "ID Number": "12401404",
    "Name": "Tran, Thanh Tu",
    "Fed": "JPN",
    "Sex": "M",
    "Title": "IM",
    "WTit": "",
    "OTit": "",
    "Rating": "2399",
    "Gms": "0",
    "K": "10",
    "RatingMonth": "AUG25",
    "B-day": "1990",
    "Flag": "i"
  },
  {
    "ID Number": "7000677",
    "Name": "Uchida, Narumi",
    "Fed": "JPN",
    "Sex": "F",
    "Title": "WFM",
    "WTit": "WFM",
    "OTit": "",
    "Rating": "1888",
    "Gms": "0",
    "K": "20",
    "RatingMonth": "AUG25",
    "B-day": "1987",
    "Flag": "wi"
  },
  {
    "ID Number": "7000936",
    "Name": "Yamada, Kohei",
    "Fed": "JPN",
    "Sex": "M",
    "Title": "FM",
    "WTit": "FI",
    "OTit": "",
    "Rating": "2133",
    "Gms": "0",
    "K": "20",
    "RatingMonth": "AUG25",
    "B-day": "1988",
    "Flag": "i"
  },
  {
    "ID Number": "7005318",
    "Name": "Yonemitsu, Kohei",
    "Fed": "JPN",
    "Sex": "M",
    "Title": "",
    "WTit": "",
    "OTit": "",
    "Rating": "1989",
    "Gms": "0",
    "K": "20",
    "RatingMonth": "AUG25",
    "B-day": "2002",
    "Flag": ""
  },
  {
    "ID Number": "7000987",
    "Name": "Yoshimura, Kenji",
    "Fed": "JPN",
    "Sex": "M",
    "Title": "",
    "WTit": "",
    "OTit": "",
    "Rating": "ACM",
    "Gms": "1800",
    "K": "0",
    "RatingMonth": "AUG25",
    "B-day": "1988",
    "Flag": "i"
  }
]