[
  {
    "ID Number": "7000235"
  },
  {
    "ID Number": "7003404"
  },
  {
    "ID Number": "7001983"
  },
  {
    "ID Number": "30917778"
  },
  {
    "ID Number": "7006420"
  },
  {
    "ID Number": "7002386"
  },
  {
    "ID Number": "7000766"
  },
  {
    "ID Number": "7005458"
  },
  {
    "ID Number": "7002394"
  },
  {
    "ID Number": "7007167"
  },
  {
    "ID Number": "7002661"
  },
  {
    "ID Number": "7004249"
  },
  {
    "ID Number": "7000537"
  },
  {
    "ID Number": "7000103"
  },
  {
    "ID Number": "7005156"
  },
  {
    "ID Number": "7001959"
  },
  {
    "ID Number": "2137984"
  },
  {
    "ID Number": "7001690"
  },
  {
    "ID Number": "7004397"
  },
  {
    "ID Number": "7004400"
  },
  {
    "ID Number": "7000260"
  },
  {
    "ID Number": "7006365"
  },
  {
    "ID Number": "427284"
  },
  {
    "ID Number": "7001703"
  },
  {
    "ID Number": "1120620"
  },
  {
    "ID Number": "2054426"
  },
  {
    "ID Number": "7004575"
  },
  {
    "ID Number": "7002238"
  },
  {
    "ID Number": "7005954"
  },
  {
    "ID Number": "7002181"
  },
  {
    "ID Number": "7000812"
  },
  {
    "ID Number": "7002696"
  },
  {
    "ID Number": "7000820"
  },
  {
    "ID Number": "36087114"
  },
  {
    "ID Number": "7005512"
  },
  {
    "ID Number": "7002980"
  },
  {
    "ID Number": "7002483"
  },
  {
    "ID Number": "7002815"
  },
  {
    "ID Number": "30983967"
  },
  {
    "ID Number": "7003080"
  },
  {
    "ID Number": "7002955"
  },
  {
    "ID Number": "7001533"
  },
  {
    "ID Number": "7003544"
  },
  {
    "ID Number": "7002556"
  },
  {
    "ID Number": "7002670"
  },
  {
    "ID Number": "7000634"
  },
  {
    "ID Number": "7006519"
  },
  {
    "ID Number": "7006357"
  },
  {
    "ID Number": "7004745"
  },
  {
    "ID Number": "7002734"
  },
  {
    "ID Number": "7000740"
  },
  {
    "ID Number": "7002270"
  },
  {
    "ID Number": "3227367"
  },
  {
    "ID Number": "3229165"
  },
  {
    "ID Number": "7002823"
  },
  {
    "ID Number": "3229157"
  },
  {
    "ID Number": "7004419"
  },
  {
    "ID Number": "7003730"
  },
  {
    "ID Number": "7002084"
  },
  {
    "ID Number": "7000219"
  },
  {
    "ID Number": "2511258"
  },
  {
    "ID Number": "1325353"
  },
  {
    "ID Number": "1325361"
  },
  {
    "ID Number": "7001134"
  },
  {
    "ID Number": "12401404"
  },
  {
    "ID Number": "7000677"
  },
  {
    "ID Number": "7000936"
  },
  {
    "ID Number": "7005318"
  },
  {
    "ID Number": "7000987"
  }
]