ID Number,Name,Fed,Sex,Title,WTit,OTit,Rating,Gms,K,RatingMonth,B-day,Flag
4900723,"Adyatumur, Choijiljav",MGL,M,,,,2126,0,20,AUG25,1973,i
4925432,"Agar, Garig",MGL,M,,,,1687,19,40,AUG25,2016,
4901606,"Agibileg, Uurtsaikh",MGL,M,IM,,,2428,27,10,AUG25,2001,
4907388,"Aitkhbyl, Mizambyek",MGL,M,,,,1670,0,40,AUG25,1996,i
4925742,"Akhbota, Khumarbyek",MGL,F,,,,1549,0,40,AUG25,2006,wi
4927435,"Akhmyedali, Duisyen",MGL,M,,,,1717,0,40,AUG25,2008,i
4903552,Aldar Burentegsh,MGL,M,CM,,,2187,0,40,AUG25,2008,
4924312,"Ali, Bauirjan",MGL,M,,,,1644,0,40,AUG25,2011,
4901223,"Altan, Tuvdendorj",MGL,M,,,,2030,0,20,AUG25,1966,
4900278,"Altan-Och, Genden",MGL,M,FM,IA,,2173,8,20,AUG25,1961,
4905130,Altanbayar Tserenpeljee,MGL,M,,,,2081,0,20,AUG25,1983,i
4902629,"Altangerel, Odgerel",MGL,M,,,,1879,0,20,AUG25,2000,i
4925017,"Altangerel, Shiiravrinchin",MGL,M,,,,1657,0,40,AUG25,2008,i
4928660,"Altanshagai, Choijoo",MGL,M,,,,1747,0,40,AUG25,1983,
4906314,Altansukh Ganbold,MGL,M,,,,1747,0,40,AUG25,2003,i
4929861,"Altansukh, Munkhjargal",MGL,M,,,,1792,7,40,AUG25,2013,
4902939,"Altantuya, Badarch",MGL,F,,,,1770,0,40,AUG25,1996,wi
4902785,"Altantuya, Boldbaatar",MGL,F,WIM,WIM,,2133,0,20,AUG25,2005,wi
4906012,Altanzul Gankhuu,MGL,F,,,,1889,0,40,AUG25,2001,wi
4907515,"Amarbat, Dondog",MGL,M,,,,1943,0,40,AUG25,1983,i
4901487,"Amarjargal, Enkhbayar",MGL,F,,,,1869,0,20,AUG25,1992,wi
4901169,"Amarjargal, Ganbaatar",MGL,F,,,,1779,0,20,AUG25,1988,w
4925785,"Amarkhuu, Amarsaikhan",MGL,M,,,,1504,18,40,AUG25,2015,
4920945,"AMARKHUU, Bayanmunkh",MGL,M,,,,1458,0,40,AUG25,2009,i
4903641,Amarsaikhan Dashtogtokh,MGL,M,,,,1970,13,20,AUG25,2002,
4920864,"Amarsanaa, Ganbold",MGL,M,,,,1789,0,40,AUG25,1979,i
4907108,Amartaivan Purevee,MGL,M,,,,1626,0,40,AUG25,2011,i
4924347,"Amartuvshin, Ariunbold",MGL,M,,,,1733,0,40,AUG25,2010,i
4902548,"Amartuvshin, Ganzorig",MGL,M,IM,,,2415,9,10,AUG25,2005,
4926960,"Amartuvshin, Munkhjargal",MGL,M,,,,ACM,1609,0,AUG25,1987,
4909321,"Amartuvshin, Naransolongo",MGL,F,,,,1624,0,40,AUG25,2004,wi
4907523,"Amgalan, Dorjgotov",MGL,M,,,,1743,0,20,AUG25,1943,
4901177,"Amgalan, Ganbaatar",MGL,F,,,,1969,0,20,AUG25,1988,wi
4900367,"Amgalanbaatar, Ravdanlkhumbuu",MGL,M,,,,1979,14,20,AUG25,1989,
4903536,"Amgalantengis, Enkh-Amgalan",MGL,M,CM,,,1911,0,40,AUG25,2008,i
4903250,Amilal Munkhdalai,MGL,M,IM,,,2410,18,10,AUG25,2006,
4903650,Amin-Erdene Burmaa,MGL,M,,,,1894,0,20,AUG25,2003,i
4903161,"Amin-Erdene, Bayanmunkh",MGL,F,WFM,WFM,,2224,27,20,AUG25,2006,w
4910079,"Amin-Erdene, Tamir",MGL,F,,,,AFM,1520,8,AUG25,2011,w
4919580,"Amin-Erdene, Tsengel",MGL,F,,,,1638,0,40,AUG25,2012,wi
4902661,"Amina, Battsooj",MGL,F,FM,WGM,,2126,0,20,AUG25,2001,wi
4902610,"Anand, Altankhuyag",MGL,M,,,,1770,0,40,AUG25,1998,i
4903510,"Anand, Batsukh",MGL,M,FM,,,2373,27,20,AUG25,2008,
4918762,"Anand, Munkhbat",MGL,M,,,,AGM,1911,0,AUG25,2012,
4926943,"Anand, Nyamsuren",MGL,M,,,,1555,0,40,AUG25,2014,
4926552,"Anand, Tsogtbileg",MGL,M,CM,,,2112,0,40,AUG25,2014,
4924541,"Anand-ochir, Khurelbaatar",MGL,M,,,,1586,0,40,AUG25,2015,
4928032,"Anar, Batpurev",MGL,M,,,,1767,7,40,AUG25,2008,
4903110,"Anar, Battulga",MGL,M,CM,,,1759,0,20,AUG25,2006,i
4903501,"Angar, Zoljargal",MGL,M,,,,1852,0,20,AUG25,2006,i
4926536,"Ankhbayar, Azzaya",MGL,M,,,,1632,0,40,AUG25,2011,i
4900618,"Ankhbayar, Batbyamba",MGL,M,,,,2068,0,40,AUG25,1994,i
4918975,"Ankhbayar, Batjargal",MGL,M,,,,1690,0,40,AUG25,1999,i
4900600,"Ankhchimeg, Bayanmunkh",MGL,F,WIM,WIM,,2077,0,20,AUG25,1983,w
4903676,Ankhiluun Gantulga,MGL,F,,,,1522,0,40,AUG25,2004,wi
4901339,"Anu, Bayar",MGL,F,WFM,WFM,FT,2025,0,20,AUG25,1993,wi
4908880,"Anu, Bayart-Uchral",MGL,F,,,,1732,0,40,AUG25,2012,w
4909011,"Anu-Ujin, Adiyabilegt",MGL,F,,,,1521,0,40,AUG25,2011,wi
4904060,Anudari Tsogdelger,MGL,F,,,,1856,0,40,AUG25,2007,w
4902823,"Anudari, Enkhtur",MGL,F,,,,1575,0,40,AUG25,2003,wi
4902947,"Anudari, Enkhtuvshin",MGL,F,,,,1658,0,20,AUG25,2003,wi
4904206,"Anujin, Bat-Amgalan",MGL,F,,,,1718,0,20,AUG25,2003,wi
4927036,"Anujin, Batmend",MGL,F,,,,1499,0,40,AUG25,2015,wi
4903293,"Anujin, Delgersaikhan",MGL,F,,,,1610,0,40,AUG25,2005,wi
4928164,"Ardagulan, Jakhiya",MGL,M,,,,1609,0,40,AUG25,2003,i
4926358,"Argil, Sergelen",MGL,M,,,,1652,0,40,AUG25,2011,
4906519,Ariun-erdene Tuvshinbayar,MGL,M,,,,1743,0,40,AUG25,2007,
4920503,"Ariun-Erdene, Gantulga",MGL,F,,,,1533,0,40,AUG25,2011,wi
4926226,"Ariunbadrakh, Ariunbuyan",MGL,M,,,,1611,2,40,AUG25,2015,
4901657,"Ariunbold, Batchuluun",MGL,M,,,,2035,0,20,AUG25,1995,
4901380,"Ariunbuuvei, Badamdorj",MGL,M,,,,2162,0,20,AUG25,1994,
4929942,"Ariundulguun, Khongorzul",MGL,M,,,,1703,0,40,AUG25,2009,
4919130,"Ariuntur, Munkh-Uchral",MGL,M,,,,1741,0,40,AUG25,2000,i
4927060,"Arvin, Davaa-Ochir",MGL,M,,,,1501,0,40,AUG25,2015,
4908180,Arvinbolor Batbold,MGL,F,,,,1435,0,40,AUG25,2003,wi
4902904,"Ashid, Tsetseg-Ulzii",MGL,M,FM,,,2325,0,20,AUG25,2003,i
4909437,"Ayush, Battsengel",MGL,M,,,,AFM,1992,0,AUG25,1956,i
4928075,Az-Erdene Nyamdavaa,MGL,F,,,,1671,10,40,AUG25,2017,w
4928466,"Azbilig, Bayasgalan",MGL,M,,,,1609,0,40,AUG25,2016,
4928601,"Azbilig, Gansukh",MGL,M,,,,1761,5,40,AUG25,2014,
4906616,Azjargal Enkhjargal,MGL,F,,,,1700,0,40,AUG25,2008,w
4904001,Azjargal Erdenebat,MGL,M,CM,,,1885,0,40,AUG25,2008,i
4908856,"Azjargal, Chinzorigt",MGL,F,,,,1590,0,40,AUG25,2011,wi
4903200,"Azzaya, Amarbat",MGL,F,WCM,WCM,,1530,0,40,AUG25,2008,wi
4900626,"Baasanbat, Ganbat",MGL,M,,,,1926,0,40,AUG25,1994,i
4902491,"Baasandamba, Ariunkhishig",MGL,F,,,,1662,0,40,AUG25,2004,wi
4930240,Baasangombo Bayartogtokh,MGL,M,,,,1533,9,40,AUG25,2010,
4903064,"Baasanjav, Mijid",MGL,M,,,,1996,0,40,AUG25,1954,
4902084,"Baasansuren, Erdene",MGL,M,FM,,,2362,4,20,AUG25,2003,
4903358,"Baasantsengel, Baldanbayar",MGL,M,,,,1631,0,40,AUG25,2009,i
4905873,Baatar Bold,MGL,M,,,,1891,0,40,AUG25,1954,i
4919548,"Baatar, Damba",MGL,M,,,,1874,0,40,AUG25,1958,
4906624,"Badamaa, Erdenebileg",MGL,F,,,,1491,0,40,AUG25,2008,wi
4901681,"Badamkhand, Norovsambuu",MGL,F,WFM,WFM,,1921,0,20,AUG25,1995,w
4927923,"Badmarig, Munkh-Aldar",MGL,F,,,,1432,0,40,AUG25,2011,w
4928016,"Baidar, Buyandelger",MGL,M,,,,AFM,1669,4,AUG25,2011,
4905148,Baljinnyam Purev,MGL,M,,,,AIM,1660,0,AUG25,1968,
4921283,"Baljinnyam, Jigdbaral",MGL,M,,,,1678,0,40,AUG25,2013,i
4903480,"Baljinnyam, Khurelbaatar",MGL,M,,,,1852,0,40,AUG25,2003,i
4904265,"Baljinnyam, Tumendemberel",MGL,M,,,,1745,0,40,AUG25,2002,
4901924,Barsaa Darambazar,MGL,M,,,,1975,0,40,AUG25,1992,i
4925203,"Bat-Amgalan, Batsaikhan",MGL,M,,,,1744,0,40,AUG25,2015,i
4924045,Bat-Asral Bayar,MGL,M,,,,1558,0,40,AUG25,2008,i
4907507,"Bat-Erdene, Badrakh",MGL,M,,,,1634,0,40,AUG25,1960,i
4923561,"Bat-Erdene, Dashdorj",MGL,M,,,,1605,0,40,AUG25,2000,
4904281,"Bat-Erdene, Gansukh",MGL,M,,,,1885,0,20,AUG25,2002,i
4901150,Bat-Ochir Ulziibat,MGL,M,,,,AIM,1943,0,AUG25,1977,i
4908244,Bat-Ochir Zorig,MGL,M,,,,1453,0,40,AUG25,2011,i
4901100,"Bat-Ochir, Gunsen",MGL,M,,,,2231,0,20,AUG25,1988,i
4907442,"Bat-Ulzii, Tumurbayar",MGL,M,,,,1762,0,40,AUG25,1988,i
4922360,"Batbaatar, Baatar",MGL,M,,,,2090,17,40,AUG25,2012,
4903447,"Batbayar, Ariunbat",MGL,M,,,,1771,0,40,AUG25,2007,i
4904885,Batbayasgalan Jamiyanpurev,MGL,M,,,,1649,0,40,AUG25,1999,i
4925696,"Batbileg, Boldbaatar",MGL,M,,,,1876,22,40,AUG25,2016,
4903021,"Batbileg, Sharav",MGL,M,,,,AFM,1844,0,AUG25,1974,
4903331,"Batbold, Nyamsuren",MGL,M,FM,,,2143,0,20,AUG25,2005,i
4900847,"Batchuluun, Tsegmed",MGL,M,GM,,,2428,9,10,AUG25,1987,
4901142,"Baterdene, Damdinbazar",MGL,M,,,,1963,0,40,AUG25,1982,i
4901592,"Baterdene, Tsogbayar",MGL,M,IM,,,2200,0,10,AUG25,2000,i
4928210,Batgerel Mungunshagai,MGL,M,,,,1584,0,40,AUG25,2010,
4902670,"Batgerel, Enkhjargal",MGL,F,,,,1663,0,40,AUG25,2004,wi
4903404,"Batjargal, Erdenebat",MGL,M,,,,1885,0,20,AUG25,2004,i
4909577,"Batkhuu, Tsedev",MGL,M,,,,1909,0,40,AUG25,1954,i
4919637,"Batmanlai, Munkhzul",MGL,M,,,,1805,0,40,AUG25,2012,
4923553,"Batmunkh, Nyamdorj",MGL,M,,,,1868,0,40,AUG25,2003,
4920554,"Batmunkh, Otgonjargal",MGL,M,,,,1410,0,40,AUG25,2005,i
4905881,Batsaikhan Begz,MGL,M,,,,1871,0,40,AUG25,1964,
4902360,"Batsaikhan, Ganchimeg",MGL,F,,,,1828,0,20,AUG25,1998,wi
4902920,"Batsuren, Dambasuren",MGL,M,GM,,,2520,0,10,AUG25,2004,
4906110,Battamir Enkhbold,MGL,M,,,,1593,0,40,AUG25,2007,i
4920562,"Battogtokh, Avirmed",MGL,M,,,,1552,0,40,AUG25,1992,i
4900391,Battsengel Shirchin,MGL,F,WFM,WFM,,1954,0,20,AUG25,1960,wi
4900588,"Battsetseg, Tuvshintugs",MGL,F,WIM,WIM,,2230,0,20,AUG25,1978,wi
4901436,"Battsetseg, Urjinbadam",MGL,F,,,,1819,0,20,AUG25,1990,w
4900880,"Battulga, Namkhai",MGL,M,IM,,,2368,0,10,AUG25,1985,i
4904869,Battur Khatansaikhan,MGL,M,,,,1794,0,40,AUG25,2000,i
4927133,"Battushig, Dulguunbayar",MGL,M,,,,1561,0,40,AUG25,2012,i
4927168,"Battuvshin, Navaantsend",MGL,M,,,,1606,0,40,AUG25,1970,i
4906241,Battuya Bat-ochir,MGL,F,,,,1704,0,40,AUG25,2000,wi
4908775,"Batzaya, Agibat",MGL,M,,,,1892,0,40,AUG25,2011,
4901410,"Batzaya, Ayush",MGL,M,,,,1960,0,20,AUG25,1959,i
4901088,"Batzaya, Yanjav",MGL,F,,,,1957,0,20,AUG25,1989,wi
4925211,"Batzolboo, Munkhbat",MGL,M,,,,AFM,1600,0,AUG25,2014,i
4900383,"Batzorig, Orgoi",MGL,M,,,,2193,0,20,AUG25,1971,i
4900561,"Batzorig, Tuvshintugs",MGL,M,,,,2196,0,20,AUG25,1981,i
4903080,"Bayan-Ochir, Tulgabat",MGL,M,CM,,,1677,0,40,AUG25,2007,i
4900472,"Bayanbaigal, Rentsendagva",MGL,M,,,,2084,0,20,AUG25,1961,i
4901010,"Bayaraa, Zorigt",MGL,F,WFM,WFM,,2168,0,20,AUG25,1988,wi
4919645,"Bayarduuren, Sainbileg",MGL,M,,,,1684,0,40,AUG25,2012,i
4928270,Bayarjargal Byambaa,MGL,M,,,,1839,0,40,AUG25,1968,
4901479,"Bayarkhuu, Khurelchuluun",MGL,M,,,,2110,0,20,AUG25,1996,i
4901282,"Bayarmaa, Battogtokh",MGL,F,,,,1889,0,40,AUG25,1984,wi
4900260,"Bayarmaa, Bayarjargal",MGL,F,WIM,WIM,FI,2081,0,20,AUG25,1995,w
4900189,"Bayarmaa, Gendenjamc",MGL,F,WIM,WIM,,1918,0,20,AUG25,1963,w
4900677,"Bayarmandakh, Balgan",MGL,M,FM,,,2120,9,20,AUG25,1974,
4903013,"Bayarsaikhan, Adiya",MGL,M,,,,1915,0,20,AUG25,1965,
4928709,"Bayarsaikhan, Tumurbaatar",MGL,M,,,,1787,0,40,AUG25,1966,
4900502,"Bayarsaikhan, Yondon",MGL,M,,,,1927,0,20,AUG25,1958,i
4925181,"Bayart-Ireedui, Byambadorj",MGL,M,,,,1518,0,40,AUG25,2014,i
4902165,"Bayasgalan, Kherlen",MGL,M,,,,1783,0,40,AUG25,2003,i
4904311,"Bayasgalan, Khishigbaatar",MGL,F,WCM,WCM,,2237,3,20,AUG25,2007,w
4909062,"Bayasgalanbaatar, Munkhkhuslen",MGL,M,,,,AIM,1603,8,AUG25,2010,
4927931,"Bazargur, Genen",MGL,M,,,,1684,0,40,AUG25,1949,i
4919220,"Bazarsad, Lkhagvasuren",MGL,M,,,,1874,0,40,AUG25,1942,i
4925700,"Bazarvaani, Tseren",MGL,M,,,,1560,14,40,AUG25,1998,
4900553,"Bekh-Ochir, Nergui",MGL,M,,,,2113,0,40,AUG25,1965,i
4902009,"Bilegjargal, Bayasgalan",MGL,F,,,,1954,0,20,AUG25,1993,wi
4910192,"Bilegsaikhan, Odbayar",MGL,M,CM,,,1672,0,40,AUG25,2009,i
4902602,"Bilegsaikhan, Oyunbold",MGL,M,,,,1981,0,20,AUG25,1982,i
4900936,"Bilegt, Batkhorol",MGL,M,,,,2197,0,20,AUG25,1987,i
30913039,Bilguun Bayaraa,MGL,F,,,,1799,0,40,AUG25,2007,w
4908201,Bilguun Khureltulga,MGL,M,,,,1659,0,40,AUG25,2004,i
4906888,Bilguun Narmandakh,MGL,M,,,,1760,0,40,AUG25,2002,i
4904010,Bilguun Purvee,MGL,M,,,,1774,0,40,AUG25,2000,i
4920961,"Bilguun, Bat-Erdene",MGL,M,,,,1452,0,40,AUG25,2009,i
4902173,"Bilguun, Bayarjargal",MGL,M,,,,1903,0,20,AUG25,1999,i
4907574,"Bilguun, Butai",MGL,M,,,,1708,0,40,AUG25,2009,i
4919017,"Bilguun, Gansukh",MGL,M,,,,1617,0,40,AUG25,2008,i
4902319,"Bilguun, Lkhagvasanj",MGL,M,,,,1862,0,20,AUG25,2003,i
4904320,"Bilguun, Narankhuu",MGL,M,,,,1567,0,40,AUG25,2004,i
4901541,"Bilguun, Sumiya",MGL,M,GM,FI,,2425,9,10,AUG25,1997,
4929438,"Bilguungerel, Erdenetsogt",MGL,F,,,,1451,0,40,AUG25,2021,w
4905474,Bilguuntugs Otgonsuren,MGL,M,,,,1572,0,40,AUG25,2005,i
4925351,"Bishrelt, Nyamtulga",MGL,M,,,,1555,0,40,AUG25,2015,
4903692,Bold Khosbayar,MGL,M,,,,1978,0,20,AUG25,2000,i
4901126,"Bold-Erdene, Baatar",MGL,M,,,,2171,0,20,AUG25,1985,i
4905156,Boldbaatar Dorjsuren,MGL,M,,,,AIM,1570,0,AUG25,1963,
4904737,"Boldbaatar, Sambuu",MGL,M,,,,1912,0,40,AUG25,1960,
4901037,"Boldoo, Erdenepurev",MGL,M,FM,,,2356,0,20,AUG25,1999,i
4925815,"Bolor-Uyanga, Nyamragchaa",MGL,F,,,,1451,0,40,AUG25,2015,wi
4903706,"Boorchi, Byaruuzana",MGL,M,,,,1986,0,20,AUG25,1982,i
4925580,"Bugnee, Sodnombayar",MGL,M,,,,AFM,1535,16,AUG25,2016,
4902459,"Bujinlkham, Purevdorj",MGL,F,,,,1879,0,20,AUG25,1948,wi
4904338,"Bulganchimeg, Narangerel",MGL,F,,,,1731,0,40,AUG25,2001,wi
4906322,Bulgankhan Ganzorig,MGL,M,FM,,,2125,25,20,AUG25,2002,
4925033,"Bumbayar, Ochirkhuu",MGL,M,,,,1793,0,40,AUG25,2005,i
4905164,Burenbaatar Battogtokh,MGL,M,,,,1733,0,40,AUG25,1999,i
4929977,"Burentushig, Renchinvanjil",MGL,F,,,,1632,0,40,AUG25,2014,w
4927974,"Burtegeljin, Javkhlan",MGL,F,,,,1450,20,40,AUG25,2015,w
4926544,"Butenbayar, Bat-Erdene",MGL,M,,,,1704,0,40,AUG25,2011,
4907655,"Buyan-Arvijikh, Erkhembayar",MGL,M,,,,1570,0,40,AUG25,2007,i
4907094,Buyanbadrakh Ganbaatar,MGL,M,,,,1477,0,40,AUG25,2010,i
4907558,"Buyanbadrakh, Gantsogt",MGL,M,,,,AFM,1711,0,AUG25,2006,i
4901916,"Buyandalai, Tumen",MGL,M,,,,1940,0,20,AUG25,1973,
4923537,"Buyankhishig, Batpelden",MGL,F,WFM,WFM,,2212,18,40,AUG25,2012,w
4907205,Buyantogtokh Zorigtbaatar,MGL,M,,,,1673,0,40,AUG25,2010,i
4902483,"Buyanzaya, Adiyasuren",MGL,F,WCM,WCM,,1786,0,20,AUG25,2002,wi
4901118,"Buyanzaya, Davaasuren",MGL,M,,,,1864,0,40,AUG25,1999,i
4928628,"Byamba-Od, Choijamts",MGL,M,,,,1658,0,40,AUG25,2013,
4900642,"Byambaa, Zulzaga",MGL,M,FM,,,2166,0,20,AUG25,1974,i
4901185,"Byambatsogt, Tumurkhuu",MGL,M,,,,2104,0,40,AUG25,1985,i
4900529,"Chancaldiimaa, Givaabaljir",MGL,F,,,,2020,0,40,AUG25,1975,wi
4919319,"Chimed, Munkhbat",MGL,M,,,,1878,0,40,AUG25,1966,i
4919009,"Chimedregzen, Baatar",MGL,M,,,,1660,0,40,AUG25,1983,i
4927729,"Chingis, Erkhembayar",MGL,M,,,,1532,0,40,AUG25,2017,
4906780,Chingun Dorjsuren,MGL,M,,,,AFM,1787,0,AUG25,2008,i
4923839,"Chingun, Davaajav",MGL,M,,,,1657,0,40,AUG25,2009,i
2076608,Chinguun Bayaraa,MGL,M,CM,,,2145,9,20,AUG25,2005,
4907329,Chinguun Chinbat,MGL,M,,,,1944,0,40,AUG25,2004,i
4907930,Chinguun Sundui,MGL,M,,,,1997,0,40,AUG25,2008,
4901860,"Chinguun, Otgonbayar",MGL,M,,,,1956,2,20,AUG25,2002,
4902572,"Chinguun, Sumiya",MGL,M,IM,,,2427,9,10,AUG25,2005,
4907310,Chintushig Chinbat,MGL,M,,,,1677,0,40,AUG25,2006,
4924959,"Chintushig, Badrakhzul",MGL,M,,,,1458,0,40,AUG25,1989,i
4924053,"Chinzorig, Gantumur",MGL,M,,,,1771,0,40,AUG25,2002,
13200860,"Chogdov, Munkhbat",MGL,M,FM,,,2238,0,20,AUG25,1972,i
4928113,Choijilsuren Khishigbaatar,MGL,M,,,,1556,0,40,AUG25,2011,
4909534,"Choijilsuren, Yadamsuren",MGL,M,,,,1839,0,40,AUG25,1959,
4902092,Chuluun Gonchigdorj,MGL,M,,,,AFM,1821,0,AUG25,1956,
4903145,Chuluunbaatar Chunt,MGL,M,,,,1983,0,40,AUG25,1961,
4922220,"Chuluunbaatar, Gerelmaa",MGL,M,,,,AFM,1844,0,AUG25,2010,
4926030,"Dagiimaa, Sodnom",MGL,F,,,,1448,0,40,AUG25,2015,w
4901193,"Dagiisuren, Jargalsaikhan",MGL,F,,,,1964,0,20,AUG25,1984,wi
4903730,Damdin Dash,MGL,M,,,,1915,0,40,AUG25,1939,i
4926340,"Damdin, Demberel",MGL,M,,,,1617,0,40,AUG25,1974,
4908554,Damdinsuren Ryenchin,MGL,M,,,,1877,0,40,AUG25,1940,i
4900812,"Damdinsuren, Altan",MGL,M,,,,2217,0,40,AUG25,0,i
4907949,"Danzanjunai, Ganbat",MGL,M,,,,1988,0,40,AUG25,2008,
4926773,"Darkhanmunkh, Khishigtsolmon",MGL,M,,,,1870,0,40,AUG25,2009,
4906799,Dashdondov Duubayar,MGL,M,,,,1550,0,40,AUG25,2008,i
4900901,"Dashdorj, Bulgan",MGL,M,,,,1986,0,40,AUG25,1995,i
4906527,Dashnyam Bazarvaani,MGL,M,,,,1632,0,40,AUG25,2007,i
4926021,"Dashnyam, Myankhai",MGL,F,,,,1453,0,40,AUG25,2012,w
4907914,"Dashzeveg, Jadamba",MGL,M,,,,1781,0,40,AUG25,1936,i
4929969,"Davaabaatar, Batsukh",MGL,M,,,,1496,0,40,AUG25,2009,
4902335,"Davaademberel, Purevdorj",MGL,M,,,,1938,0,20,AUG25,1981,
4924738,"Davaadorj, Dorjgotov",MGL,M,,,,1592,0,40,AUG25,2001,i
4903749,Davaajargal Sharavdorj,MGL,F,,,,1555,0,40,AUG25,2007,wi
4905741,Davaanyam Tsendkhuu,MGL,M,,SI,,1841,0,40,AUG25,1956,
4905385,Davaatsogt Tumenbayar,MGL,M,,,,1655,0,40,AUG25,2005,i
4900693,"Dechin, Shagdarsuren",MGL,M,,,,2044,0,20,AUG25,1950,i
4904354,"Delgerbayar, Batkhuyag",MGL,F,,,,1684,0,40,AUG25,2002,wi
4928512,"Delgerbayar, Enkhbayar",MGL,M,,,,1750,0,40,AUG25,2009,
4905512,Delgersaikhan Munkhdelger,MGL,M,,,,1500,0,40,AUG25,2007,i
4909399,"Demberel, Mendbayar",MGL,M,,,,AFM,1807,0,AUG25,1958,i
4907892,"Demchig, Natsag",MGL,M,,,,1647,0,40,AUG25,1948,i
4925866,"Dolgormaa, Lkhavgasuren",MGL,F,,,,1507,0,40,AUG25,2013,wi
4905431,Dorjpalam Damdinsuren,MGL,M,,,,1636,0,40,AUG25,2006,i
4904362,"Dorjrenchin, Batmunkh",MGL,M,,,,1729,0,40,AUG25,1999,i
4906390,Dulamsuren Otgontsetseg,MGL,F,,,,1422,0,40,AUG25,2005,wi
4904028,Dulguun Altankhuyag,MGL,M,,,,1886,0,20,AUG25,1998,i
4906535,Dulguun Lkhagvajargal,MGL,M,,,,1757,0,40,AUG25,2006,i
4905652,Dulguun Sukhbaatar,MGL,M,,,,1574,0,40,AUG25,2009,i
4904370,"Dulguun, Adiya",MGL,M,,,,1807,0,40,AUG25,2000,i
4921801,"Dulguun, Bayarbileg",MGL,F,,,,1624,0,40,AUG25,2012,w
4903439,"Dulguun, Chadraabal",MGL,M,,,,1604,0,40,AUG25,2005,i
4906446,"Dulguun, Munkhjargal",MGL,F,,,,1629,0,40,AUG25,2007,w
4926285,"Duurenbel, Nasanbuyan",MGL,M,,,,1536,0,40,AUG25,2010,
4906250,Duurenbileg Bayandalai,MGL,F,,,,1686,0,40,AUG25,2000,wi
4925831,"Duurenjargal, Dagvajamts",MGL,F,,,,1527,0,40,AUG25,2012,wi
4919033,"Duurenjargal, Dashdavaa",MGL,M,,,,1763,0,40,AUG25,1994,
4920023,"Duurenkhishig, Bat-Erdene",MGL,M,,,,2109,0,40,AUG25,2010,
4922654,"Duurenmurun, Myagmarjav",MGL,M,,,,1651,0,40,AUG25,2007,i
4919840,"Egshiglen, Bayasgalan",MGL,F,,,,1604,7,40,AUG25,2013,w
4908023,Emujin Enkh-Amgalan,MGL,F,WCM,WCM,,2176,18,40,AUG25,2009,w
4930231,Emujin Enkhbayar,MGL,F,,,,1574,7,40,AUG25,2010,w
4905601,Enerel Ariunbold,MGL,F,WCM,WCM,,1591,0,40,AUG25,2009,wi
4906942,"Enerel, Burentsogt",MGL,F,,,,AIM,1638,0,AUG25,2010,wi
4919866,"Enerlen, Amarmend",MGL,F,,,,1505,0,40,AUG25,2013,wi
4929276,"Enguun, Gan-Od",MGL,M,,,,1683,0,40,AUG25,2011,
4920635,"Enguun, Ligden",MGL,M,,,,1575,0,40,AUG25,2005,
4901274,Enkh-Amar Galbadrakh,MGL,M,,,,2114,0,20,AUG25,1977,i
4905628,Enkh-Amgalan Bat-Ochir,MGL,M,,,,1703,0,40,AUG25,2005,i
4906330,Enkh-Amgalan Od,MGL,M,,,,1840,0,40,AUG25,2003,i
4910400,Enkh-Amgalan Tuvshinjargal,MGL,M,,,,1790,0,40,AUG25,2002,i
4918991,"Enkh-Amgalan, Baatarsuren",MGL,M,,,,1580,0,40,AUG25,1981,i
4903048,"Enkh-Amgalan, Enkhee",MGL,M,,,,1857,0,40,AUG25,1988,i
4928822,Enkh-Erdene Enkh-Amgalan,MGL,M,,,,1512,0,40,AUG25,2017,
4904834,Enkh-Ochir Erdene-Ochir,MGL,M,,,,1891,0,40,AUG25,1984,i
4903773,Enkh-Od Enkhbaatar,MGL,M,,,,2007,0,20,AUG25,2005,
4925475,"Enkh-Ujin, Enkh-Amgalan",MGL,F,,,,1482,0,40,AUG25,2015,wi
4927249,"Enkhbaatar, Serchindorj",MGL,M,,,,1609,0,40,AUG25,1968,i
4902106,"Enkhbat, Rentsen",MGL,M,,,,AFM,1952,0,AUG25,1958,
4900243,"Enkhbat, Tsendragchaa",MGL,M,,,,1863,0,20,AUG25,1964,
4928415,"Enkhbayar, Genden",MGL,M,,,,1837,0,40,AUG25,1966,
4923685,"Enkhbileg, Gantumur",MGL,M,,,,1455,0,40,AUG25,2014,
4905717,Enkhbilig Renchindamba,MGL,M,,,,1561,0,40,AUG25,2008,i
4903757,Enkhbolor Nyamdavaa,MGL,F,WFM,WFM,,2071,9,40,AUG25,2007,w
4902513,"Enkhchimeg, Galsandorj",MGL,F,WCM,WCM,,1678,0,40,AUG25,2006,wi
4926820,"Enkhdelger, Batkhuu",MGL,F,,,,1574,0,40,AUG25,1991,w
4900960,"Enkhjargal, Enkhbaatar",MGL,F,WFM,WFM,,2033,0,20,AUG25,1986,wi
4906365,Enkhjin Erdenetsog,MGL,F,,,,1504,0,40,AUG25,2004,wi
4925564,"Enkhjin, Bat-Ulzii",MGL,F,,,,1473,0,40,AUG25,2016,wi
4903285,"Enkhjin, Erdenebat",MGL,F,WCM,WCM,,1597,0,40,AUG25,2007,wi
4909240,"Enkhjin, Lkhagvadash",MGL,F,,,,1611,0,40,AUG25,2008,wi
4910605,"Enkhjin, Otgonbayar",MGL,F,,,,1662,7,40,AUG25,2013,w
4926935,"Enkhkhaliun, Zoljargal",MGL,F,,,,AIM,1671,0,AUG25,2008,w
4926323,"Enkhkhuleg, Bundsuren",MGL,M,,,,1612,0,40,AUG25,2013,
4924916,"Enkhmandal, Bayaraa",MGL,M,,,,1589,0,40,AUG25,2016,i
4921798,"Enkhmunkh, Batzorig",MGL,M,,,,1603,0,40,AUG25,2013,i
4900910,"Enkhmunkh, Sumiyabayar",MGL,F,WCM,WCM,,1784,0,40,AUG25,1997,wi
4920740,"Enkhnamuun, Batkhishigt",MGL,F,,,,1778,20,40,AUG25,2012,w
4900324,"Enkhnar, Enkhbaatar",MGL,M,FM,,,2375,0,10,AUG25,1997,i
4926188,"Enkhnasan, Dorjnyambuu",MGL,F,,,,1520,0,40,AUG25,2015,w
4903072,"Enkhnasan, Namjiljav",MGL,F,,,,1698,0,20,AUG25,1958,w
4907272,Enkhrii Enkh-Amgalan,MGL,F,WIM,WIM,,2149,18,40,AUG25,2008,w
4921089,"Enkhriikhen, Nyamdorj",MGL,F,WCM,WCM,,1809,17,40,AUG25,2013,w
4901258,"Enkhsaikhan, Batmunkh",MGL,M,,,,2129,0,20,AUG25,1986,
4902777,"Enkhsaran, Batsaikhan",MGL,F,WCM,WCM,,1999,0,40,AUG25,2007,wi
4929993,"Enkhsoyombo, Ganselem",MGL,M,,,,1552,0,40,AUG25,2015,
4907124,Enkhsuld Odbaatar,MGL,M,,,,1612,0,40,AUG25,2010,i
4904877,Enkhtaivan Darambazar,MGL,M,,,,1785,0,40,AUG25,2000,i
4925114,"Enkhtulga, Erdenebat",MGL,M,,,,1690,0,40,AUG25,2014,
4926692,"Enkhtur, Gombosuren",MGL,M,,,,1550,0,40,AUG25,1978,i
4926455,"Enkhtushig, Enkhbat",MGL,M,,,,1665,0,40,AUG25,2016,
4901444,"Enkhtuul, Altan-Ulzii",MGL,F,WGM,WGM,"FT,NA",2142,0,20,AUG25,1994,w
4905520,Enkhuyanga Gantsolmon,MGL,F,,,,1896,0,40,AUG25,2010,w
4924193,"Enkhzaya, Zagas-Erdene",MGL,F,WCM,WCM,,1783,0,40,AUG25,2013,w
4908295,Erdembileg Bilegt,MGL,M,,,,1411,0,40,AUG25,2011,i
4902327,"Erdemdalai, Yondonjamts",MGL,M,,,,1956,0,20,AUG25,2002,i
4910397,Erdene Jamiyan,MGL,M,,,,1516,0,40,AUG25,1974,i
4923871,"Erdene, Chinzorig",MGL,M,,,,1729,0,40,AUG25,2013,i
4901240,"Erdene, Ganzorig",MGL,M,,,,2214,0,20,AUG25,1988,i
4904826,Erdene-Ochir Jantsandorj,MGL,M,,,,1731,0,40,AUG25,1959,i
4927206,"Erdenebaatar, Galbaatar",MGL,M,,,,1696,8,40,AUG25,2012,
4903781,Erdenebat Dolgorsuren,MGL,M,,SI,,1753,0,40,AUG25,1975,i
4909348,"Erdenebat, Batsuvd",MGL,F,,,,1817,0,40,AUG25,2001,wi
4928830,Erdenebayar Otgontsetseg,MGL,M,,,,1505,0,40,AUG25,2015,
4926439,"Erdenebulgan, Tuguldur",MGL,M,,,,1549,0,40,AUG25,1978,i
4906306,Erdenehulug Batsaikhan,MGL,F,,,,1831,0,40,AUG25,1999,wi
4900979,"Erdenetsetseg, Baatar",MGL,F,,,,1944,0,20,AUG25,1985,wi
4920953,"Erhes, Temuulen",MGL,M,,,,1708,0,40,AUG25,2009,i
4925998,"Erkhbold, Erdenebileg",MGL,M,,,,1708,0,40,AUG25,1999,i
4905695,Erkhem Altanzagas,MGL,M,,,,1510,0,40,AUG25,2008,i
4904079,Erkhembayar Amartuvshin,MGL,M,,,,1870,0,40,AUG25,2003,i
4903544,Erkhembayar Chuluuntuul,MGL,M,,,,1829,6,40,AUG25,2007,
4904800,"Erkhembayar, Amartaivan",MGL,M,,,,1988,0,20,AUG25,2003,
4900634,"Erkhembayar, Duurenbayar",MGL,M,FM,,,2171,0,20,AUG25,1979,
13205447,"Erkhembayar, Tserentsoodol",MGL,M,,,,AFM,1858,0,AUG25,1977,i
4903307,"Erkhes, Bayartnar",MGL,M,CM,,,1986,0,40,AUG25,2007,i
4927281,"Erkhes, Tugsbayar",MGL,M,,,,1527,0,40,AUG25,2015,
4924975,"Erkhes, Tumurbaatar",MGL,F,,,,1595,0,40,AUG25,2007,wi
4928598,"Erkhest-Ilch, Batchimeg",MGL,M,,,,1550,0,40,AUG25,2015,
4925424,"Erkin, Galam",MGL,M,,,,ACM,1532,0,AUG25,2016,
4902130,"Galmandakh, Badrakh",MGL,M,,,,2209,0,20,AUG25,1990,i
4923529,"Galsaikhan, Gankhuyag",MGL,M,,,,1760,0,40,AUG25,2007,i
4919700,"Galt, Naran-Undrakh",MGL,M,,,,AFM,1687,0,AUG25,2012,
4906810,Gan-Erdene Amarbayasgalan,MGL,M,,,,1469,0,40,AUG25,2008,i
4907450,"Gan-Erdene, Ganbat",MGL,M,,,,1716,0,40,AUG25,2002,i
4902980,"Gan-Erdene, Sugar",MGL,M,IM,,,2458,9,10,AUG25,2003,
4901304,"Gan-Od, Sereenen",MGL,M,FM,,,2320,0,20,AUG25,1985,i
4910478,"Ganbaatar, Batsukh",MGL,M,,,,1827,0,40,AUG25,1992,i
4902645,"Ganbaatar, Bolorsan",MGL,F,,,,1792,0,40,AUG25,1998,wi
4900375,"Ganbaatar, Ishdagva",MGL,M,FM,,,2051,0,20,AUG25,1963,
4927257,"Ganbat, Batbazar",MGL,M,,,,1648,0,40,AUG25,1968,i
4927680,"Ganbold, Ayush",MGL,M,,,,1734,0,40,AUG25,1968,
4901576,"Ganbold, Batbileg",MGL,M,,,,1881,0,40,AUG25,1995,i
4900480,"Ganbold, Choidog",MGL,M,,,,1997,0,20,AUG25,1958,i
4920643,"Ganbold, Erdenebaatar",MGL,M,,,,1620,0,40,AUG25,1964,i
4900286,"Ganbold, Odondoo",MGL,M,IM,,,2289,0,10,AUG25,1973,i
4906926,Gandi Bat-Erdene,MGL,F,,,,1642,0,20,AUG25,2004,wi
4901002,"Ganduulga, Dagii",MGL,M,,SI,,2058,0,20,AUG25,1980,i
4909453,"Ganhuyag, Gochoo",MGL,M,,,,1720,0,40,AUG25,1967,i
4922212,"Ganjiguur, Ganchuluun",MGL,M,,,,1475,0,40,AUG25,2013,
4918827,"Gankhuleg, Gurragchaa",MGL,M,,,,1698,0,40,AUG25,2005,i
4922565,"Gankhuyag, Legtseg",MGL,M,,,,1861,0,40,AUG25,1962,i
4926048,"Gantsetseg, Ganbold",MGL,F,,,,1725,0,40,AUG25,1996,wi
4902475,"Gantsooj, Ganzorig",MGL,M,,,,2181,0,20,AUG25,2001,i
4926650,"Gantulga, Davaatulga",MGL,M,,,,1598,6,40,AUG25,2013,
4900669,"Gantulga, Gurjav",MGL,M,,,,2030,0,40,AUG25,1967,i
4906829,Ganzorig Bold-Erdene,MGL,M,,,,1638,0,40,AUG25,2008,i
4901401,"Ganzorigt, Dugarjamts",MGL,M,,,,2062,0,40,AUG25,1986,i
4918835,"Garid, Gansukh",MGL,M,,,,1513,0,40,AUG25,2004,i
4926633,"Garidbileg, Turbat",MGL,M,,,,1646,21,40,AUG25,2015,
4902963,"Garidmagnai, Byambasuren",MGL,M,FM,,,2369,0,20,AUG25,2001,i
4921488,"Gegeenee, Enkhmunkh",MGL,F,,,,1588,0,40,AUG25,2012,w
4921976,"Gegeenjargal, Banzragch",MGL,M,,,,1588,0,40,AUG25,2013,i
4927303,"Gerel, Purevdorj",MGL,F,,,,1438,6,40,AUG25,2013,w
4928423,"Gerelbayasgalan, Adiya",MGL,F,,,,1700,0,40,AUG25,2008,w
4900162,"Gerelmaa, Ulziybat",MGL,F,,,,2120,0,20,AUG25,1971,wi
4904435,"Gerelt, Ulambayar",MGL,M,,,,1782,0,40,AUG25,1999,i
4925319,"Gerelt-oyu, Tsogtgerel",MGL,F,,,,1503,0,40,AUG25,2016,w
4909607,"Gochoo, Sukhee",MGL,M,,,,1713,0,40,AUG25,1941,i
4909631,"Gombo, Dashdondog",MGL,M,,,,2004,0,40,AUG25,1947,i
4909640,"Gombojav, Ayurzana",MGL,M,,,,1849,0,40,AUG25,1952,i
4929845,"Gombosuren, Sukhchuluun",MGL,M,,,,1566,5,40,AUG25,2013,
4919483,"Gonchigdorj, Byambaa",MGL,F,,,,1858,0,40,AUG25,1957,w
4928849,Gun-Erdem Damba,MGL,M,,,,1642,0,40,AUG25,2013,
4900766,"Gunbayar, Myagmarsuren",MGL,M,FM,,,2256,0,20,AUG25,1986,
4904443,"Gunbileg, Erdenebileg",MGL,M,,,,1489,0,40,AUG25,2009,i
4901045,"Gundavaa, Bayarsaikhan",MGL,M,GM,,,2468,0,10,AUG25,1989,
4909917,Gungaa. Tsegmid,MGL,F,,,,1779,0,40,AUG25,1953,wi
4928695,"Guntsetseg, Baljnyam",MGL,F,,,,1662,0,40,AUG25,1966,w
4909518,"Guudorj, Bayaraa",MGL,M,,,,1965,0,40,AUG25,1962,i
4900073,"Hurelbaatar, Chultemjamts",MGL,M,FM,,,1989,0,20,AUG25,1955,
4900421,"Hurmanbai, Shakei",MGL,M,FM,,,2253,0,20,AUG25,1973,i
4923790,"Iderjavkhlan, Tumursukh",MGL,M,,,,2005,33,40,AUG25,2011,
4908767,Ijilbaatar Tsendkhuu,MGL,M,,,,1890,0,40,AUG25,1954,
4908139,Ireedui Dugarsuren,MGL,M,,,,1747,0,40,AUG25,2007,i
4902157,"Irmuuntulga, Batjargal",MGL,M,,,,1876,0,20,AUG25,2004,i
4927460,"Irmuuntushig, Ariunaa",MGL,M,,,,1495,0,40,AUG25,2018,
4902912,"Itgelt, Khuyagtsogt",MGL,M,IM,,,2425,9,10,AUG25,2004,
4925440,"Itgeltugs, Buyantogtokh",MGL,M,,,,1556,8,40,AUG25,2015,
4929780,"Iveelkhuslen, Ganchuluun",MGL,F,,,,1562,3,40,AUG25,2015,w
4926374,"Iveelt, Enkhtur",MGL,M,,,,1603,4,40,AUG25,2017,
4928300,Jadambaa Khaidav,MGL,M,,,,1812,0,40,AUG25,1942,
4918843,"Jambaldorj, Davgadorj",MGL,M,,NA,,1443,0,40,AUG25,1980,i
4923600,"Jambaljamts, Khurelbaatar",MGL,M,,,,1810,0,40,AUG25,1989,
4926587,"Jamiyanoidovjamts, Tegshtur",MGL,M,,,,AFM,1642,0,AUG25,2016,
4909615,"Janchiv, Gantumur",MGL,M,,,,1936,0,40,AUG25,1949,i
4927443,"Janibyek, Dinislam",MGL,M,,,,1545,0,40,AUG25,2014,i
4927613,"Janlavchariv, Makhgalsuren",MGL,M,,,,1723,0,40,AUG25,1989,
4918665,"Jannur, Kupjasar",MGL,F,,,,1920,0,20,AUG25,1997,w
4925734,"Jansaya, Bolatbyek",MGL,F,,,,1497,0,40,AUG25,2007,wi
4926307,"Jargal, Enkhjin",MGL,M,,,,1488,0,40,AUG25,2013,i
4901061,"Jargal, Luvsandorj",MGL,F,,,,1906,0,40,AUG25,1971,wi
4929306,"Jargalan, Erkhembayar",MGL,M,,,,1792,0,40,AUG25,1988,
4902866,"Jargalmaa, Odgerel",MGL,F,,,,1861,0,40,AUG25,1998,wi
4900154,"Jargalmaa, Sarantuya",MGL,F,,,,1887,0,20,AUG25,1998,wi
4907876,Jargalsaikhan Surenkhuu,MGL,M,,,,1556,0,20,AUG25,1956,i
4909941,"Jargalsaikhan, Marusya",MGL,F,,,,1683,0,40,AUG25,1951,wi
4920341,"Jargalsaikhan, Myagmar",MGL,M,,,,1598,0,40,AUG25,1966,i
4906918,Javkhlantugs Amartuvshin,MGL,M,,,,1688,0,40,AUG25,2006,i
4922697,"Ji, Yatai",MGL,M,,,,1566,0,40,AUG25,2004,
4909569,"Jigjid, Enkhbold",MGL,M,,,,2078,0,40,AUG25,1964,i
4900049,"Jigjidsuren, Purev",MGL,M,IM,,,2024,0,20,AUG25,1947,
4909933,"Jigmed, Gambaa",MGL,F,,,,1810,0,40,AUG25,1957,wi
4902599,"Jugdernamjil, Baldorj",MGL,M,,,,1662,0,40,AUG25,0,i
4927265,"Khabul, Chinzorig",MGL,M,,,,1551,0,40,AUG25,2016,
4910060,"Khairatbek, Erasil",MGL,F,,,,1735,0,40,AUG25,2010,wi
4924622,"Khajidmaa, Khurelbaatar",MGL,F,,,,1443,0,40,AUG25,2016,wi
4906276,Khaliun Batnasan,MGL,F,WFM,WFM,,1887,0,20,AUG25,2001,wi
4901312,"Khaliun, Battur",MGL,F,,,,1921,0,20,AUG25,1995,wi
4902033,"Khaliun-Erdene, Ragchaabazar",MGL,F,,,,1744,0,40,AUG25,2001,wi
4903790,Khaliunaa Gankhulug,MGL,F,WCM,WCM,,1939,0,40,AUG25,2007,wi
4902750,"Khandsuren, Sandagdorj",MGL,F,WIM,WIM,,1958,0,20,AUG25,1940,wi
4926315,"Khangai, Batsaikhan",MGL,M,,,,1492,0,40,AUG25,2015,
4925858,"Khangai, Khurelbat",MGL,M,,,,1767,0,40,AUG25,2014,i
4930320,Khangaisaikhan Bayasgalan,MGL,M,,,,1684,5,40,AUG25,2017,
4903803,Khangal Khosbayar,MGL,M,,,,1735,0,20,AUG25,2002,i
4925548,"Khantulga, Tuvshinbayar",MGL,M,,,,1509,0,40,AUG25,2016,
4902726,"Khasbileg, Tsogtbaatar",MGL,M,,,,1858,0,40,AUG25,2004,i
4920929,"KHASCHULUU, Sergelenbaatar",MGL,M,,,,2007,8,20,AUG25,2006,
4923812,"Khash-erdene, Nasanjargal",MGL,M,,,,1734,0,40,AUG25,2011,
4929810,"Khash-Erdene, Tuya",MGL,M,,,,1611,23,40,AUG25,2006,
4924240,"Khashchuluun, Baatarchuluun",MGL,M,,,,1456,0,40,AUG25,1997,i
4922590,"Khasutur, Mungunkhuu",MGL,M,,,,1497,0,40,AUG25,2010,i
4900332,"Khatanbaatar, Bazar",MGL,M,GM,,,2311,0,10,AUG25,1973,
4920600,"Khatanbaatar, Burenduuren",MGL,M,,,,1750,0,40,AUG25,1989,i
4924657,"Khayankhyrwaa, Erdenebulgan",MGL,M,,,,1603,0,40,AUG25,2015,
4901053,"Khishigbayar, Mijgee",MGL,F,,,,1869,0,20,AUG25,1964,w
4919327,"Khishigjargal, Narmandakh",MGL,M,,,,1786,0,40,AUG25,1958,
4901894,"Khishigt, Zayabaatar",MGL,M,,,,1987,0,40,AUG25,1978,i
4920988,"Khishigtur, Batsaikhan",MGL,M,,,,1658,0,40,AUG25,1965,
4906373,Khongorzul Bayarsaikhan,MGL,F,,,,1554,0,40,AUG25,2004,wi
4903811,Khongorzul Davaakhuu,MGL,F,,,,1776,0,20,AUG25,2002,wi
4903129,"Khos-Erdene, Ganzorig",MGL,M,,,,1770,0,20,AUG25,2005,i
4905679,Khulan Zorigoo,MGL,F,,,,1519,0,40,AUG25,2008,wi
4910494,"Khulan, Bayarsaikhan",MGL,F,WCM,WCM,,2074,9,40,AUG25,2009,w
4902122,"Khulan, Enkhsaikhan",MGL,F,FM,,,1993,0,20,AUG25,1995,w
4927397,"Khurelbaatar, Duudei",MGL,M,,,,2115,0,40,AUG25,1973,
4904460,"Khureltsetseg, Tsetsgee",MGL,F,,,,1602,0,40,AUG25,2005,wi
4925092,"Khusel-Erdene, Enkh-Amgalan",MGL,M,,,,1594,0,40,AUG25,2012,i
4921968,"Khuseltuguldur, Narangarav",MGL,M,,,,1851,0,40,AUG25,2006,
4903820,Khuslen Altan-Ochir,MGL,M,,,,2000,0,20,AUG25,2004,i
4908449,Khuslen Bayarmunkh,MGL,F,,,,1492,0,40,AUG25,2009,wi
4925327,"Khuslen, Bat-yalalt",MGL,M,,,,1511,0,40,AUG25,2015,i
4910532,"Khuslen, Erdenebayar",MGL,F,WFM,WFM,,2005,11,40,AUG25,2008,w
4902971,"Khuslen, Tuya",MGL,F,,,,1778,0,20,AUG25,2003,wi
4906977,Khuslenbayar Munkhtogtokh,MGL,F,,,,1669,0,40,AUG25,2010,w
4920120,"Khuslenzaya, Baldanjantsan",MGL,F,,,,1864,9,40,AUG25,2007,w
4907922,"Lamjav, Dondov",MGL,M,,,,1928,0,40,AUG25,1940,i
4900057,"Lkhagva, Jambaldoo",MGL,M,FM,,,1895,0,20,AUG25,1944,
4928504,"Lkhagva-Ochir, Tserendorj",MGL,M,,,,1590,0,40,AUG25,1995,
4904478,"Lkhagvabayar, Ganbold",MGL,M,,,,1591,0,40,AUG25,2001,i
4924673,"Lkhagvademchig, Tulga",MGL,M,,,,1562,0,40,AUG25,2015,
4902858,"Lkhagvadolgor, Serchinbal",MGL,F,,,,1833,0,20,AUG25,2003,wi
4919726,"Lkhagvadorj, Tsamba",MGL,M,,,,1839,0,40,AUG25,2012,
4926480,"Lkhagvajav, Batbaatar",MGL,M,,,,1621,0,40,AUG25,1995,i
4907760,Lkhagvajed Gantulga,MGL,F,WCM,WCM,,1697,0,40,AUG25,2009,wi
4919297,"Lkhagvasuren, Lkhangajav",MGL,M,,,,1608,0,40,AUG25,1954,i
4900014,"Lkhagvasuren, Tsedendemberel",MGL,M,IM,,,2073,0,20,AUG25,1968,i
4902289,"Lkhagvasuren, Tsedvee",MGL,M,FM,,,2272,0,20,AUG25,1996,i
4901347,"Lkhamsuren, Uuganbayar",MGL,F,WIM,WIM,,2149,0,20,AUG25,1991,wi
4923979,"Lundeejantsan, Danzan",MGL,M,,,,1686,0,40,AUG25,1957,i
4909658,"Luvsansandan, Lkhagvasuren",MGL,M,,,,2061,0,40,AUG25,1952,i
4902211,"Maam, Tsendjav",MGL,M,,,,1886,0,20,AUG25,1939,
4927214,"Magsar, Ravdan",MGL,M,,,,1663,0,40,AUG25,1962,
4905172,Magvansuren Dovchinbuu,MGL,M,,,,1704,0,40,AUG25,1942,i
4900405,"Majigsuren, Dovdon",MGL,F,WFM,WFM,,2129,0,20,AUG25,1976,wi
4924398,"Mandukhai, Munkhbat",MGL,F,,,,1587,0,40,AUG25,2014,w
4930118,"Manlaibaatar, Tuvshinjargal",MGL,M,,,,1467,0,40,AUG25,2011,
4908015,Maral Altankhuyag,MGL,F,,,,1822,0,40,AUG25,2009,w
4906985,Maral Bat-Ulzii,MGL,F,WCM,WCM,,1409,0,40,AUG25,2010,wi
4903838,Maralgua Ganduulga,MGL,F,,,,1554,0,40,AUG25,2001,wi
4902840,"Maralgua, Ganganbars",MGL,F,WCM,WCM,,1687,0,20,AUG25,2005,wi
4906683,Maraljingoo Batdelger,MGL,F,,,,1528,0,40,AUG25,2008,wi
4903846,Margad Enkhzaya,MGL,M,,,,1677,0,40,AUG25,2007,i
4910222,"Margad, Munkhpurev",MGL,F,WCM,WCM,,1803,0,40,AUG25,2011,w
4904109,Margad-Erdene Tsogbadrakh,MGL,M,,,,1486,0,40,AUG25,2007,i
4925823,"Margaddai, Byambasukh",MGL,M,,,,1516,0,40,AUG25,2016,
4904052,Margadgua Erdenebayar,MGL,F,WFM,WFM,,2001,0,20,AUG25,2005,wi
4903854,Michid Jargalsaikhan,MGL,F,,,,1662,0,20,AUG25,2006,wi
4923642,"Michid, Amar-Ulziit",MGL,F,,,,1455,0,40,AUG25,2012,wi
4906454,Michidmaa Batbileg,MGL,F,,,,1619,0,20,AUG25,2006,wi
4925050,"Michidmaa, Batsaikhan",MGL,F,,,,1492,0,40,AUG25,2014,wi
4922204,"Michidmaa, Tserensonom",MGL,F,,,,1523,0,40,AUG25,2010,wi
4914210,"Misheel, Batbayar",MGL,F,,,,1434,0,40,AUG25,2016,w
4921232,"Misheel, Bold",MGL,F,,,,1605,0,40,AUG25,2011,w
4923693,"Misheel, Myagmar",MGL,F,,,,1548,0,40,AUG25,2014,wi
4909763,"Molom, Damdinsuren",MGL,M,,,,1920,0,40,AUG25,1940,i
4909704,"Molom, Namdaldagva",MGL,M,,,,1905,0,40,AUG25,1944,i
4919076,"Mongoljin, Davaadorj",MGL,F,,,,1629,8,40,AUG25,2009,w
4926269,"Mongoljingoo, Adiyadorj",MGL,F,,,,1766,20,40,AUG25,2013,w
4903862,Muchiruu Batjargal,MGL,M,,,,1761,0,40,AUG25,1985,
4910052,"Mukaran, Erkebulan",MGL,M,,,,1597,0,40,AUG25,2005,i
4900863,"Mungunkhuu, Mijgee",MGL,M,,,,2219,0,20,AUG25,1976,i
4904494,"Munguntulga, Batjargal",MGL,M,,,,1763,0,40,AUG25,2000,i
4900758,"Munguntuul, Batkhuyag",MGL,F,IM,WGM,FT,2350,8,10,AUG25,1987,w
4925122,"Munguntuul, Enkh-Amar",MGL,F,,,,1509,0,40,AUG25,2006,wi
4904508,"Munguntuya, Batbold",MGL,F,,,,1486,0,40,AUG25,2002,wi
4902831,"Mungunzul, Bat-Erdene",MGL,F,WIM,WIM,,2328,11,20,AUG25,2005,w
4920856,"Munkh-amgalan, Erdenechuluun",MGL,F,,,,1608,0,40,AUG25,1992,wi
4925343,"Munkh-Ayalguu, Dorjderem",MGL,F,,,,1743,0,40,AUG25,2015,w
4908210,Munkh-erdene Amarjargal,MGL,M,,,,1595,0,40,AUG25,1999,i
4906420,Munkh-Erdene Otgonbayar,MGL,M,,,,1726,0,40,AUG25,2005,i
4904516,"Munkh-Erdene, Buyankhishig",MGL,M,,,,1805,0,20,AUG25,2000,i
4927150,"Munkh-Erdene, Sanjaanamdag",MGL,M,,,,1688,0,40,AUG25,1980,
4904532,"Munkh-Ochir, Davaatseren",MGL,M,,,,1738,0,40,AUG25,2002,i
4924495,"Munkh-od, Altangerel",MGL,M,,,,1639,0,40,AUG25,2010,i
4918860,"Munkh-Od, Erdenebat",MGL,M,,,,1589,0,40,AUG25,2012,i
4906837,Munkh-orgil Sergelen,MGL,M,,,,1639,0,40,AUG25,2009,
4927630,"Munkh-Orgil, Bayarsaikhan",MGL,M,,,,1566,0,40,AUG25,2014,i
4930193,"Munkh-Orgil, Khurelbaatar",MGL,M,,,,1707,0,40,AUG25,2009,
4924320,"Munkh-Orgil, Munkhjargal",MGL,M,,,,1527,0,40,AUG25,2015,
4918878,"Munkh-Oyun, Munkhbat",MGL,F,,,,1474,0,40,AUG25,2009,wi
4927273,"Munkhbaatar, Surenmandakh",MGL,M,,,,1585,0,40,AUG25,2011,
4922581,"Munkhbadral, Erdene-ochir",MGL,M,,,,1545,0,40,AUG25,2014,
4901770,"Munkhbat, Badarch",MGL,M,,,,1614,0,40,AUG25,1977,i
4902890,"Munkhbat, Batnyam",MGL,M,,,,1697,0,40,AUG25,2002,
4926722,"Munkhbat, Otgonbaatar",MGL,M,,,,1562,0,40,AUG25,1996,i
4910117,"Munkhbayar, Bayarbat",MGL,M,,,,1572,0,40,AUG25,2011,i
4901584,"Munkhbayar, Gijir",MGL,M,FM,,,2099,9,20,AUG25,1998,
4900200,"Munkhbayar, Janjaadorj",MGL,M,,,,1931,0,20,AUG25,1971,i
4900570,"Munkhbayar, Lkhajav",MGL,M,,,,2135,0,40,AUG25,1972,i
4926013,"Munkhbilguun, Soronzon-Od",MGL,M,,,,1426,0,40,AUG25,2006,i
4902807,"Munkhbold, Bayasgalan",MGL,M,,,,1705,0,40,AUG25,2003,i
4901070,"Munkhchuluun, Tsegmed",MGL,F,WFM,WFM,,1991,0,20,AUG25,1991,wi
4901266,"Munkhgal, Gombosuren",MGL,M,GM,,,2401,26,10,AUG25,1988,
4907019,Munkhgerel Munkhbayar,MGL,F,,,,1676,0,40,AUG25,2010,wi
4907850,Munkhjargal Viktor,MGL,M,,,,1810,0,40,AUG25,1983,i
4903382,"Munkhjargal, Narmandakh",MGL,M,,,,1905,0,40,AUG25,1997,i
4928857,Munkhjin Gankhuyag,MGL,F,,,,1507,0,40,AUG25,2015,w
4923715,"Munkhjin, Bold-erdene",MGL,F,,,,1626,0,40,AUG25,2014,wi
4910613,"Munkhjin, Otgonbayar",MGL,F,,,,1589,8,40,AUG25,2013,w
4906551,Munkhmandakh Duubayar,MGL,M,,,,1677,0,40,AUG25,2006,i
4920627,"Munkhsaruul, Batdelger",MGL,M,,,,1711,0,40,AUG25,2004,i
4907710,Munkhsukh Ganbold,MGL,M,,,,1964,0,40,AUG25,1998,
4930100,"Munkhtemuulen, Tuvshinjargal",MGL,M,,,,1528,0,40,AUG25,2010,
4904540,"Munkhtulga, Bazar-Ayush",MGL,M,,,,1711,0,40,AUG25,2002,i
4925661,"Munkhtulga, Chimedtseyen",MGL,M,,,,1463,0,40,AUG25,2016,i
4926498,"Munkhtulga, Ganbat",MGL,M,,,,1748,21,20,AUG25,2002,
4921070,"Munkhtushig, Enkhtuya",MGL,M,,,,1612,0,40,AUG25,2009,i
4929365,"Munkhtuvshin, Ganbold",MGL,M,,,,1726,0,40,AUG25,1988,
4906691,Munkhzul Otgonbayar,MGL,F,,,,1482,0,40,AUG25,2008,wi
4902815,"Munkhzul, Davaakhuu",MGL,F,WIM,WIM,,2091,29,20,AUG25,2006,w
4920252,"Munkhzul, Munkhmanlai",MGL,M,,,,1462,0,40,AUG25,2009,i
4901878,"Munkhzul, Turmunkh",MGL,F,WGM,WGM,,2236,0,20,AUG25,2002,w
4928059,"Murun, Chimeddorj",MGL,M,,,,1751,0,40,AUG25,2006,i
4909593,"Myadag, Tsagaankhuu",MGL,M,,,,1751,0,40,AUG25,1946,
4900871,"Myagmar, Bulgaa",MGL,M,,,,2179,0,40,AUG25,1975,i
4919939,"Myagmar, Tselmeg",MGL,F,,,,1883,0,40,AUG25,2012,w
4918711,"Myagmarsuren, Begz",MGL,F,,,,1917,0,40,AUG25,1952,wi
4900081,"Myagmarsuren, Lkhamsuren",MGL,M,IM,,,2102,0,20,AUG25,1938,i
4922735,"Nachinbayar, Sandanjamts",MGL,M,,,,1707,0,40,AUG25,1957,
4908562,Namjildagva Molom,MGL,M,,,,1759,0,40,AUG25,1944,i
4927885,"Namkhaidorj, Zolbayar",MGL,M,,,,1510,0,40,AUG25,2017,
4903897,Namnandorj Jamyanjav,MGL,M,,,,1846,0,40,AUG25,1954,i
4924690,"Namsraibadam, Otgontumur",MGL,F,,,,1511,5,40,AUG25,2013,w
4927010,"Namuun, Bayarkhuu",MGL,F,,,,1447,0,40,AUG25,2016,w
4902254,Nandin-Erdene Purevsuren,MGL,F,,,,1666,0,40,AUG25,2003,wi
4910591,"Nandin-Erdene, Battsengel",MGL,F,,,,1691,0,40,AUG25,2009,wi
4924932,"Nandinjiguur, Chinzorig",MGL,F,WCM,WCM,,1887,0,40,AUG25,2015,w
4909402,"Nanjid, Chuluunbaatar",MGL,M,,,,1809,0,40,AUG25,1953,
4903900,"Naran-Erdene, Naranbaatar",MGL,F,WFM,WFM,,2061,0,20,AUG25,2002,wi
4904567,"Naranbayar, Sukhbaatar",MGL,M,,,,1800,0,40,AUG25,2001,i
4925556,"Naranjargal, Tseveensuren",MGL,F,,,,1446,0,40,AUG25,2014,wi
4910036,"Naranjav, Dolgion",MGL,M,,,,1593,0,40,AUG25,2003,i
4907906,"Naransolongo, Zorigoo",MGL,F,WCM,WCM,,2018,24,40,AUG25,2009,w
4908430,Naranzaya Zorigoo,MGL,F,,,,1792,24,40,AUG25,2009,w
4929926,"Narmandakh, Gurragchaa",MGL,M,,,,1570,0,40,AUG25,2014,
4907825,Nasanjargal Baatar,MGL,M,,,,1846,0,40,AUG25,1972,i
4929110,Nasanjargal Nyamlkhagva,MGL,M,,,,1617,0,40,AUG25,2012,
4900774,"Nasanjargal, Urtnasan",MGL,M,GM,,,2460,0,10,AUG25,1994,i
4925882,"Natsagdorj, Zelme",MGL,M,,,,1704,0,40,AUG25,2010,
4906713,Nomin Amgalanbaatar,MGL,F,,,,1589,0,40,AUG25,2008,wi
4904044,Nomin Erdenbileg,MGL,F,,,,1640,0,40,AUG25,2005,wi
4902688,"Nomin, Davaa",MGL,F,,,,1614,0,40,AUG25,2000,wi
4902564,"Nomin, Gerelchuluun",MGL,F,,,,1536,0,40,AUG25,1994,wi
4903374,"Nomin-Erdene, Naranbaatar",MGL,F,WCM,WCM,,1688,0,40,AUG25,2002,wi
4904095,Nomindalai Tumurbaatar,MGL,F,CM,,,2205,0,20,AUG25,2002,w
4906217,Nomindelger Altanbayar,MGL,F,,,,1535,0,40,AUG25,2002,wi
4903919,Nomun Munkhtuya,MGL,F,,,,1510,0,40,AUG25,2000,wi
4925807,"Nomunbileg, Purevsuren",MGL,F,,,,1625,17,40,AUG25,2015,w
4904575,"Nomunkhan, Davaa",MGL,M,,,,1668,0,40,AUG25,2001,i
4926145,"Norolkhoi, Batnaran",MGL,F,,,,1533,0,40,AUG25,2013,wi
4906349,Nyam-Erdene Nyambayar,MGL,M,,,,1657,0,40,AUG25,2003,i
4901932,"Nyambileg, Erdene-Ochir",MGL,M,,,,2038,0,20,AUG25,2002,i
4901690,"Nyamdavaa, Batbold",MGL,M,,IA,,1953,0,40,AUG25,1990,i
4904583,"Nyamjargal, Erdene-Ekh",MGL,F,,,,1507,0,40,AUG25,2004,wi
4903340,"Nyamlkhagva, Taivanbaatar",MGL,F,,,,1608,0,40,AUG25,2000,wi
4905806,Nyamsuren Chuluunbat,MGL,M,,SI,,1799,0,40,AUG25,1967,i
4925920,"Nyamsuren, Bold",MGL,M,,,,1575,0,40,AUG25,2003,
4918983,"Nyamsuren, Myagmar",MGL,M,,,,1727,0,40,AUG25,1974,i
4905636,Nyamtsengel Baldanbayar,MGL,F,,,,1527,0,40,AUG25,2007,wi
4901355,"Nyamtuya, Unurjargal",MGL,F,,SI,,1878,0,20,AUG25,1989,wi
4909410,"Ochir, Batsaikhan",MGL,M,,,,1803,0,40,AUG25,1961,i
4925009,"Ochirbat, Battulga",MGL,M,,,,1550,0,40,AUG25,2005,i
4903153,"Ochirbat, Lkhagvajamts",MGL,M,FM,,,2277,0,20,AUG25,2007,
4910583,"Ochirbat, Munkhbat",MGL,M,,,,1711,0,40,AUG25,2012,
4904613,"Ochirsukh, Batsaikhan",MGL,M,,,,1895,0,20,AUG25,2000,i
4930215,Ochirt Munkh-Od,MGL,M,,,,1411,5,40,AUG25,2017,
4925378,"Ochirvaani, Nyamdorj",MGL,M,,,,1848,0,40,AUG25,2005,i
4903420,"Odgerel, Batdelger",MGL,M,,,,1572,0,40,AUG25,2007,i
4902394,"Odgerel, Jargalmaa",MGL,F,,,,1759,0,40,AUG25,1998,wi
4903323,"Odmaa, Enkhsaikhan",MGL,F,,,,1853,9,40,AUG25,2009,w
4904770,"Odmaa, Odgerel",MGL,F,,,,1569,0,40,AUG25,1999,wi
4906160,Omar Khyatbek,MGL,M,,,,1645,0,40,AUG25,2001,i
4902696,"Onongol , Tselmeg",MGL,F,,,,1595,0,40,AUG25,2004,wi
4905180,Orgil Rentsen,MGL,M,,,,1702,0,40,AUG25,1984,
4905555,Orgil Unurbayar,MGL,M,,,,1725,0,40,AUG25,2003,i
4902076,"Orgil, Gantumur",MGL,M,,FI,,AGM,2097,0,AUG25,1987,i
4907493,Orgilon Batsaikhan,MGL,M,,,,2096,0,40,AUG25,2008,
4919378,"Osorjamts, Myagmardorj",MGL,M,,,,1681,0,40,AUG25,1963,
4928091,Otgonbaatar Erdenedalai,MGL,F,,,,1682,0,40,AUG25,2000,w
4924428,"Otgonbaatar, Magsar",MGL,M,,,,1586,0,40,AUG25,1979,i
13204114,"Otgonbat, Ishdagva",MGL,M,,,,AGM,1815,0,AUG25,1982,i
4900987,"Otgonbat, Tsend-Ayush",MGL,M,,,,2173,0,20,AUG25,1981,i
4906560,Otgonbayar Bat-Erdene,MGL,M,,,,1732,0,40,AUG25,2007,i
4926463,"Otgonjargal, Agvaandorj",MGL,M,,,,AFM,1783,23,AUG25,1998,
4900790,"Otgonjargal, Sengeravdan",MGL,F,WIM,WIM,,2116,0,20,AUG25,1982,w
4903943,Otgonsuvd Batsaikhan,MGL,F,WFM,WFM,,1902,0,20,AUG25,2000,wi
4905563,Otgontulga Bayarmaa,MGL,M,,,,AFM,1665,0,AUG25,2003,i
4907337,Otgontuya Ganbaatar,MGL,F,,,,1783,0,20,AUG25,1998,wi
4919050,"Oyu, Baigalmaa",MGL,F,,,,1408,0,40,AUG25,2008,wi
4906462,Oyudari Batkhuu,MGL,F,,,,1417,0,40,AUG25,2007,wi
4902378,"Oyudari, Batmunkh",MGL,F,,,,1782,0,40,AUG25,2000,wi
4906721,Oyumaa Myagmardorj,MGL,F,,,,1835,0,40,AUG25,2008,wi
4924681,"Oyun-Erdene, Otgongerel",MGL,F,,,,1529,2,40,AUG25,2015,w
4900855,"Oyunbaatar, Tumendemberel",MGL,M,FM,,,2063,0,20,AUG25,1979,i
4901363,"Oyunbayar, Batbayar",MGL,F,,,,2004,0,20,AUG25,1989,wi
4906047,Oyunbileg Chinzorig,MGL,F,,,,1761,0,40,AUG25,2000,wi
4924568,"Oyunbolor, Baljinnyam",MGL,F,,,,1836,0,40,AUG25,1997,wi
4900219,"Oyunchimeg, Genden",MGL,F,,"FI,AO,IA",,1941,0,20,AUG25,1971,w
4909909,"Oyunchimeg, Gungaadash",MGL,F,,,,1830,0,40,AUG25,1964,w
4906381,"Oyundari, Batkhuu",MGL,F,,,,1540,0,40,AUG25,2005,wi
4908007,Oyundelger Ochgerel,MGL,F,,,,1498,0,40,AUG25,2009,wi
4907035,Oyungerel Sharavdorj,MGL,F,WCM,WCM,,1908,9,40,AUG25,2010,w
4928172,Oyunsunder Chagdar,MGL,F,,,,1518,0,40,AUG25,2016,w
4901975,"Oyunsuvd, Bat-Erdene",MGL,F,,,,1767,0,40,AUG25,2002,wi
4922344,"Oyuntugs, Altankhuyag",MGL,F,,,,1680,0,40,AUG25,2011,wi
4921321,"Oyutkhuu, Gan-Erdene",MGL,M,,,,1417,0,40,AUG25,2011,i
4907043,Pagamdulam Munkhdemberel,MGL,F,,,,1551,0,40,AUG25,2010,wi
4909950,"Paldai, Adilbish",MGL,F,,,,1498,0,40,AUG25,1963,w
4909712,"Purev, Zogsoosuren",MGL,M,,,,1715,0,40,AUG25,1947,
4904842,Purevjav Sanjjav,MGL,M,,,,1794,0,40,AUG25,1969,i
4902432,"Purevkhatan, Uuganjargal",MGL,M,,,,1758,0,40,AUG25,1998,i
4909305,"Puujindorj, Taivanbayar",MGL,M,,,,1726,0,40,AUG25,2004,i
4905920,Renchinbayar Burenzevseg,MGL,M,,,,1684,0,40,AUG25,2008,i
4919394,"Retsen, Tsendkhuu",MGL,M,,,,1758,0,40,AUG25,1957,
4901533,"Saikhanchimeg, Tsogtsaikhan",MGL,F,WFM,WFM,,1990,0,20,AUG25,1995,w
4900030,"Saikhanzaya, Ganbaatar",MGL,F,,,,1950,0,20,AUG25,1997,wi
4901614,"Sainbayar, Tserendorj",MGL,M,,FST,,1954,0,20,AUG25,1967,i
4928644,"Sainbuyan, Batsuuri",MGL,M,,,,1905,23,20,AUG25,2003,
4928261,Sainjargal Okhinoo,MGL,M,,,,1699,0,40,AUG25,1968,
4920783,"Sainkhuu, Oidov",MGL,M,,,,1692,0,40,AUG25,1962,
4901886,"Saintugs, Shagdarsuren",MGL,M,,NA,,1912,0,20,AUG25,1982,i
4926986,"Sanchir, Munkhbat",MGL,M,,,,1904,32,40,AUG25,2013,
4906080,Sanchirdulam Ganbold,MGL,F,,,,1675,0,40,AUG25,0,wi
4907868,Sanjdorj Samand,MGL,M,,,,1834,0,40,AUG25,1949,
4910486,"Saranchimeg, Batsukh",MGL,F,,,,1527,0,40,AUG25,1968,wi
4907361,"Sarangerel ,Luvsankhaymchig",MGL,F,,,,1627,0,40,AUG25,2008,wi
4901207,"Sarantungalag, Sengeebaatar",MGL,F,WFM,WFM,,1936,0,20,AUG25,1989,w
4902017,"Sarantuya, Myagmarbat",MGL,F,WCM,WCM,,1786,0,20,AUG25,1999,wi
4902653,"Saruul, Tsengenbayar",MGL,F,,,,1684,0,20,AUG25,1999,wi
4900090,"Saruul, Tsogtsaikhan",MGL,F,,,,1887,0,40,AUG25,1995,wi
4908961,"Selenge, Lkhaasuren",MGL,F,,,,AFM,1855,23,AUG25,2011,w
4901096,"Selenge, Maamkhuu",MGL,F,,,,1914,0,40,AUG25,1986,wi
4925467,"Sender, Battsengel",MGL,F,,,,1499,0,40,AUG25,2015,w
4909372,"Sengerenchin, Enhsaikhan",MGL,M,,,,1805,0,40,AUG25,1965,
4920473,"Sergelen, Batbayar",MGL,M,,,,AIM,1932,0,AUG25,2011,
4900510,"Serjmyadag, Damdin",MGL,F,,,,1882,0,20,AUG25,1951,w
4909976,"Shar, Maayasuren",MGL,F,,,,1833,0,40,AUG25,1948,wi
4900340,"Sharavdorj, Dashzegve",MGL,M,GM,,,2367,0,10,AUG25,1974,i
4903498,Shijir Gansukh,MGL,M,,,,1919,0,20,AUG25,1991,
4904621,"Shirmentsooj, Purevdorj",MGL,M,,,,1541,0,40,AUG25,1999,i
4903234,"Sod-Erdene, Naranbaatar",MGL,F,,,,1593,0,40,AUG25,2006,w
4927575,"Sod-Erdene, Sandagdorj",MGL,M,,,,1893,0,40,AUG25,1986,
4925068,"Sodbaatar, Batsaikhan",MGL,M,,,,1849,0,40,AUG25,2012,i
4907400,"Sodbayar, Munkhbold",MGL,M,,,,1818,0,40,AUG25,2005,i
4907280,"Sodbileg, Uranjargal",MGL,M,,,,1787,0,40,AUG25,2009,i
4903528,"Sodbilegt, Naranbold",MGL,M,FM,,,2329,18,20,AUG25,2009,
4926366,"Sodbilguun, Bat-Erdene",MGL,M,,,,1482,0,40,AUG25,2012,
4907051,Sodgerelt Naranbold,MGL,F,WCM,WCM,,1956,9,40,AUG25,2011,w
4922239,"Sodkhulegt, Naranbold",MGL,M,,,,1516,0,40,AUG25,2014,i
4926994,"Sodnomdarjaa, Gantumur",MGL,M,,,,1596,0,40,AUG25,1962,
4905458,sodtuya Odgerel,MGL,F,,,,1493,0,40,AUG25,2009,wi
4907221,Soronzonbold Buyantogtokh,MGL,M,,,,1507,0,40,AUG25,2010,i
4902556,"Soronzonbold, Lkhagvadorj",MGL,M,,,,1941,0,40,AUG25,1995,i
4900146,Soyolmaa Dashdondog,MGL,F,WCM,WCM,,1918,0,20,AUG25,1965,w
4900111,"Sugar, Ganbaatar",MGL,M,,,,1962,0,40,AUG25,1998,i
4906233,Sukh-ochir Davaajav,MGL,M,,,,1825,0,40,AUG25,2000,i
4901495,"Sukhbaatar, Enkhjin",MGL,F,,,,1698,0,40,AUG25,1997,wi
4904125,Sukhbat Gendendorj,MGL,M,,,,1944,0,20,AUG25,2005,
4903005,"Sukhbold, Yadamsuren",MGL,M,,,,1932,0,20,AUG25,1964,i
4923820,"Suld-erdene, Purevdorj",MGL,M,,,,1871,0,40,AUG25,2011,
4909313,"Sumbee, Myagmardorj",MGL,M,,,,1682,0,40,AUG25,2004,i
4920791,"Sumiya, Bazar",MGL,M,,,,1607,0,40,AUG25,1962,i
4919025,"Sumiya, Lkhagvagaram",MGL,M,,,,1731,0,40,AUG25,2009,
4901789,"Sumiya, Tongon",MGL,M,,,,1668,0,20,AUG25,1965,i
4927192,"Sumiya-Ochir, Boldbaatar",MGL,M,,,,1680,0,40,AUG25,1997,i
4906292,Sundui Batbold,MGL,M,,,,1776,0,40,AUG25,1999,i
4904850,Sundui Sonom,MGL,M,,,,AIM,1952,0,AUG25,1988,
4926730,"Suvd-Erdene, Otgonbayar",MGL,F,,,,1509,0,40,AUG25,2011,w
4919947,"Taivan, Tselmuun",MGL,F,,,,1707,0,40,AUG25,2013,w
4900499,"Taivanbaatar, Yumjav",MGL,M,,,,2100,0,40,AUG25,1961,i
4904630,"Taivanbat, Chimeddorj",MGL,M,,,,1976,0,20,AUG25,2004,i
4904087,Tamir Saruul,MGL,F,WCM,WCM,,1813,0,20,AUG25,2003,wi
4927141,"Tamir, Ganzorig",MGL,M,,,,1710,0,40,AUG25,2001,
4927710,"Tatiana, Borozenets",MGL,F,,,,1564,0,40,AUG25,1963,wi
4926609,"Tegshjargal, Batsukh",MGL,M,,,,1430,0,40,AUG25,2016,
4926684,"Tegshtur, Nansalmaa",MGL,M,,,,1544,0,40,AUG25,1985,
4923669,"Telmen, Otgonbaatar",MGL,M,,,,1466,0,40,AUG25,2015,
4926870,"Temujin, Enkhsaikhan",MGL,M,,,,1478,0,40,AUG25,2014,
4905199,Temuujin Khurelbaatar,MGL,M,,,,1914,0,40,AUG25,1980,i
4902955,"Temuujin, Kherlen",MGL,M,,,,1830,0,20,AUG25,2006,i
4904796,"Temuujin, Sergelenbaatar",MGL,M,,,,1763,0,20,AUG25,2000,i
4920490,"Temuul, Batbaatar",MGL,M,,,,1485,0,40,AUG25,2012,i
4908325,Temuulen Zorigoo,MGL,M,,,,1472,0,40,AUG25,2011,i
4925106,"Tengis, Badrakh",MGL,M,,,,1478,0,40,AUG25,2012,i
4925505,"Tengis, Batsaikhan",MGL,M,,,,1647,0,40,AUG25,2008,i
4902300,"Tengis, Boldbaatar",MGL,M,,,,1967,0,20,AUG25,2003,i
4902718,"Tengis, Tsog-Ochir",MGL,M,FM,,,2182,0,20,AUG25,2004,i
4907469,"Tengis, Tumursukh",MGL,M,,,,1678,0,40,AUG25,2002,i
4906845,Tengisbayar Orkhonbayar,MGL,M,,,,1469,0,40,AUG25,2009,i
4908058,Tenguundalai Ganbat,MGL,M,FM,,,2199,9,40,AUG25,2010,
4925173,"Tenuun, Tseesuren",MGL,M,,,,1900,23,40,AUG25,2015,
4926919,"Tenuun, Zoljargal",MGL,M,,,,AIM,1507,0,AUG25,2012,
4903412,"Tenuunbold, Battulga",MGL,M,FM,,,2286,0,40,AUG25,2009,
4930258,Tenuunbuyan Sukhbaatar,MGL,F,,,,1809,6,40,AUG25,2015,w
4903242,"Tergel, Munkhtur",MGL,F,WCM,WCM,,1639,0,40,AUG25,2006,wi
4925874,"Tergel, Tumursukh",MGL,F,,,,1483,0,40,AUG25,2006,wi
4925084,"Todmunkh, Turbat",MGL,M,,,,1754,7,40,AUG25,2014,
4907299,"Tsegts, Erdembileg",MGL,M,,,,1455,0,40,AUG25,2008,i
4900740,"Tsegtsbayar, Serdamba",MGL,M,,,,2074,0,40,AUG25,1983,i
4928806,Tselmeg Bold-Erdene,MGL,F,,,,1661,0,40,AUG25,2017,w
4928873,Tselmeg Boldbaatar,MGL,M,,,,1507,0,40,AUG25,2015,
4906489,Tselmeg Tumurbaatar,MGL,F,,,,1527,0,40,AUG25,2007,wi
4925572,"Tselmeg, Ider",MGL,F,,,,1508,0,40,AUG25,2016,w
4907060,Tselmuun Dorjsuren,MGL,F,WCM,WCM,,1668,0,40,AUG25,2010,w
4929128,Tselmuun Tuvshinbayar,MGL,F,,,,1608,0,40,AUG25,2016,w
4923707,"Tselmuun, Ider",MGL,F,WCM,WCM,,1865,17,40,AUG25,2014,w
4927184,"Tsengel, Ganbat",MGL,M,,,,1653,2,40,AUG25,2016,
4901428,"Tsengenbayar, Zorigt",MGL,F,,,,1956,0,40,AUG25,1978,wi
4906870,Tsetsegbadam Dashjamts,MGL,F,,,,1531,0,40,AUG25,2002,wi
4902467,"Tsetsenbileg, Munkhbayar",MGL,F,,,,1880,0,20,AUG25,2005,wi
4924908,"Tsetsenbileg, Oyunbold",MGL,M,,,,1486,0,40,AUG25,2015,i
4907787,Tsogbadrakh Ganbaatar,MGL,M,,,,1545,0,40,AUG25,2005,i
4907396,"Tsoggerel, Bayanjargal",MGL,M,,,,2050,0,40,AUG25,1990,i
4927907,"Tsogoo, Givaa",MGL,M,,,,1548,0,40,AUG25,1975,i
4922255,"Tsogt-Erdene, Bayarjavkhlan",MGL,M,,,,1761,0,40,AUG25,2009,i
4904664,"Tsogt-Ochir, Bold",MGL,M,,,,1966,7,20,AUG25,1999,
4907540,"Tsogtbayar, Batlut",MGL,M,,,,1843,0,20,AUG25,2005,i
4928717,"Tsogtgerel, Tserev",MGL,M,,,,1902,0,40,AUG25,1969,
4903099,"Tsogzolmaa, Nanjid",MGL,F,WFM,WFM,,1934,0,20,AUG25,2004,wi
4904036,Tsolmon Byambatsetseg,MGL,F,,,,1633,0,40,AUG25,2004,wi
4905440,Tsolmon Enkhsaikhan,MGL,F,,,,1481,0,40,AUG25,2007,wi
4920066,"Tsolmon, Battur",MGL,M,,,,AFM,1751,8,AUG25,2011,
4902440,"Tsolmon, Tseesorogdorj",MGL,M,,,,1897,0,20,AUG25,2002,i
4925130,"Tsolmon, Zorigoo",MGL,M,,,,1476,0,40,AUG25,2014,i
4909224,"Tsolmonbaatar, Tsevelmaa",MGL,F,,,,1703,0,40,AUG25,2007,wi
4909550,"Tudev, Davaadugar",MGL,M,,,,1896,0,40,AUG25,1954,
4906586,Tugsbayasgalan Bayanmunkh,MGL,M,,,,1765,0,40,AUG25,2007,i
4924185,"Tugsbilguun, Davganamdag",MGL,M,,,,1941,7,40,AUG25,2015,
4923766,"Tugsjargal, Zagarzusem",MGL,F,,,,1446,0,40,AUG25,2015,wi
4918924,"Tugstuguldur, Erdenebat",MGL,F,,,,1847,0,40,AUG25,2008,w
4902521,"Tugstumur, Yesuntumur",MGL,M,FM,,,2418,26,10,AUG25,2006,
4906594,Tuguldur Bold-Erdene,MGL,M,,,,1635,0,40,AUG25,2006,i
4903960,Tuguldur Tsogtbayar,MGL,M,,,,1779,0,40,AUG25,1986,i
4927362,"Tuguldur, Baatarchuluun",MGL,M,,,,1637,0,40,AUG25,2016,
4904672,"Tuguldur, Batbilguun",MGL,M,,,,1677,0,40,AUG25,2007,i
4921224,"Tuguldur, Soninbayar",MGL,M,CM,,,2277,26,40,AUG25,2009,
4900448,"Tuguldur, Tundev",MGL,M,,,,2140,0,40,AUG25,1949,i
4902998,"Tulgaa, Oyunkhuu",MGL,M,,,,1740,0,40,AUG25,1997,i
4920910,"TULGAA, Turtuvshin",MGL,M,,,,1622,0,40,AUG25,1992,i
4900537,"Tulgabaatar, Daavajargal",MGL,M,,,,2109,0,40,AUG25,1991,i
4906225,Tumen-enkh Tumenbayar,MGL,F,,,,1656,0,40,AUG25,2003,wi
4910435,"Tumenbayar, Tserenjav",MGL,M,,,,1920,0,40,AUG25,1967,i
4906357,Tumendemberel Ganbaatar,MGL,M,,,,1582,0,40,AUG25,2003,i
4919181,"Tumur, Purevdorj",MGL,M,,,,1956,0,40,AUG25,1944,i
4918657,"Tumur-Ochir, Duluu",MGL,M,CM,,,2156,17,20,AUG25,2006,
4900596,"Tumurbaatar, Puntsagdash",MGL,M,CM,,,2210,0,40,AUG25,1979,i
4905407,Tumursukh Onon,MGL,M,,,,1771,0,40,AUG25,2004,i
4900316,"Tungalag, Nyamaa",MGL,F,WFM,WFM,,2052,0,20,AUG25,1969,wi
4900308,"Tungalag, Suuri",MGL,F,,,,2060,0,20,AUG25,1955,wi
4902238,"Turbat, Shagdarsuren",MGL,M,,,,1949,0,40,AUG25,1961,i
4900413,"Tuvsanaa, Nyamaa",MGL,M,FM,NA,,2147,0,20,AUG25,1965,
4929918,"Tuvshin, Tsetsegdari",MGL,M,,,,1440,6,40,AUG25,2014,
4900944,"Tuvshinbaatar, Dondovdorj",MGL,M,,,,2180,0,40,AUG25,1985,i
4902637,"Tuvshinbat, Batsuren",MGL,M,,,,1791,0,40,AUG25,2003,i
4900995,"Tuvshinbayar, Ishragchaa",MGL,M,,,,2057,0,40,AUG25,1978,i
4921046,"Tuvshinbayar, Naranbaatar",MGL,M,,,,1568,0,40,AUG25,2010,i
4904117,Tuvshinbileg Boldbaatar,MGL,M,,,,1695,0,40,AUG25,2007,i
4928121,Tuvshintugs Khishigbaatar,MGL,M,,,,1640,5,40,AUG25,2015,
4901851,"Tuvshintugs, Enkhtungalag",MGL,M,,,,1777,0,40,AUG25,2001,i
4910575,"Tuvshintulga, Tumurchudur",MGL,M,,,,1781,9,40,AUG25,2012,
4926218,"Uchral, Bayarsaikhan",MGL,M,,,,1649,16,40,AUG25,2017,
4901673,"Uchral, Gankhuyag",MGL,F,WCM,WCM,,1840,0,20,AUG25,2001,wi
4902505,"Udval, Batkhishig",MGL,F,,,,1776,0,20,AUG25,2004,wi
4903315,"Udval, Enkhsaikhan",MGL,F,WCM,WCM,,1850,0,20,AUG25,2004,w
4924797,"Uilstuguldur, Tsambagarav",MGL,M,,,,1516,0,40,AUG25,2014,i
4928245,Ukhaanbileg Uranbileg,MGL,M,,,,1615,0,40,AUG25,2017,
4929144,"Ukhaanzaya, Tuvshinjargal",MGL,F,,,,1476,8,40,AUG25,2016,w
4901517,"Ulambayar, Ganbat",MGL,M,,,,1836,0,40,AUG25,1993,i
4927532,"Ulemj, Mendsaikhan",MGL,M,,,,1412,0,40,AUG25,2018,
4923332,"Ulzii, Tsedendorj",MGL,M,,,,1711,0,40,AUG25,1980,i
4901550,"Ulziibayar, Boldbaatar",MGL,M,,,,2216,0,20,AUG25,1992,i
4900715,"Ulziibold, Yadamsuren",MGL,M,,,,2119,0,40,AUG25,1977,i
4908120,Ulziikhishig Khishigbat,MGL,M,FM,,,2270,9,40,AUG25,2007,
4903188,"Ulziikhishigjargal, Ochirkhuyag",MGL,F,FM,WIM,,2019,0,20,AUG25,2002,wi
4922042,"Ulziitogtokh, Rentsendorj",MGL,M,,,,1734,0,40,AUG25,1975,
4900235,Undrahbuyan Baasanjav,MGL,F,,,,2015,0,20,AUG25,1969,wi
4908163,Undral Myagmarsuren,MGL,F,,,,1668,0,40,AUG25,2005,wi
4904893,Unenkhuu Sarankhuu,MGL,M,,,,1570,0,40,AUG25,2000,i
4906861,Unubold Nandinzul,MGL,M,,,,1695,0,40,AUG25,2009,i
4925076,"Unumunkh, Zolbayar",MGL,M,,,,1691,0,40,AUG25,2014,
4930142,"Unursaikhan, Batbayar",MGL,M,,,,1495,0,40,AUG25,2012,
4903218,"Unurzul, Davaakhuu",MGL,F,WCM,WCM,,1908,0,40,AUG25,2008,w
4919114,"Urangoo, Gurvanbaatar",MGL,F,WFM,WFM,,1958,0,40,AUG25,2010,w
4903390,"Urangoo, Kherlenzorig",MGL,F,,,,1677,0,20,AUG25,2005,wi
4926250,"Urangoo, Myadagval",MGL,F,,,,1760,23,40,AUG25,2013,w
4926277,"Uranzaya, Shagdarsuren",MGL,F,,,,1756,21,40,AUG25,2016,w
4904141,Urjindorj Luvsantseren,MGL,M,,,,1657,0,40,AUG25,1955,i
4924363,"Usukh-erdene, Choijamts",MGL,M,,,,1461,0,40,AUG25,2003,i
4908422,Usukhbayar Gavaajid,MGL,M,,,,1515,0,40,AUG25,2006,i
4907477,"Usukhbayar, Batkhuu",MGL,M,,,,1659,0,40,AUG25,1999,
4927230,"Usukhbayar, Damdin",MGL,M,,,,AIM,1503,0,AUG25,2005,
4927621,"Uurdmandakh, Nemekhbaatar",MGL,M,,,,AFM,1660,0,AUG25,1981,
4900227,"Uuriintuya, Uurtsaikh",MGL,F,WGM,WGM,,2141,0,20,AUG25,1998,w
2054906,"Uyanga, Byambaa",MGL,F,WFM,WFM,,1981,3,20,AUG25,1990,w
4918959,"Uyangalyankhua, Batzaya",MGL,F,,,,AIM,1728,0,AUG25,2011,w
4900952,"Yanjindulam, Dulamsuren",MGL,F,WIM,WIM,FI,2091,0,20,AUG25,1988,wi
4901452,"Yanjinlkham, Bayarsaikhan",MGL,F,WFM,WFM,,1974,0,20,AUG25,1996,wi
4907701,Yengilik Makhmyet,MGL,F,,,,1747,0,40,AUG25,1971,wi
4905962,"Yeruultei, Batbaatar",MGL,M,CM,,,1999,0,40,AUG25,2010,
4906756,Yesugen Khuchbayar,MGL,F,WCM,WCM,,1811,0,40,AUG25,2009,wi
4903471,"Zaanaa, Chuluunbaatar",MGL,M,,,,1732,0,40,AUG25,2004,
4909356,"Zagdsambar, Byambadorj",MGL,M,,,,1607,0,40,AUG25,1955,i
4905490,Zev Ganganbars,MGL,M,,,,1808,0,40,AUG25,2010,
4907078,Zol-Uchral Erdenesaikhan,MGL,F,WCM,WCM,,1934,0,40,AUG25,2011,w
4904702,"Zolboot, Enkhbaatar",MGL,M,,,,1723,0,20,AUG25,2001,
4904710,"Zoljargal, Altankhuyag",MGL,M,,,,1900,0,40,AUG25,2000,i
4919963,"Zorigoo, Uyanga",MGL,F,,,,1534,0,40,AUG25,2012,w
4909380,"Zorigtbaatar, Natsag",MGL,M,,,,1712,0,40,AUG25,1962,
4909674,"Zundui, Sandui",MGL,M,,,,1895,0,40,AUG25,1940,
4900138,"Zundui, Tsend",MGL,M,,,,2112,0,20,AUG25,1940,i