ID Number,Name,Fed,Sex,Title,WTit,OTit,FOA,Rating,Gms,K,B-day,Flag
9213180,"Abaid, Emadeddin A.",LBA,M,,NA,,1845,AUG25,0,40,1981,i
9204644,"Abdalati, Hafiez",LBA,M,,,,1942,AUG25,0,40,1962,i
9210172,"Abdalaziz, Husain",LBA,M,,,,1643,AUG25,0,40,2002,i
9211276,"Abdalhadi, Anas Fathi",LBA,M,,,,1777,AUG25,0,40,2004,i
9211292,"Abdalhadi, Rafeh F.",LBA,M,,,,1707,AUG25,0,40,2003,i
9213872,"Abdalhadi, Saleh Abdaljalil",LBA,M,,,,1734,AUG25,0,40,2005,i
9209301,"Abdalhamed, Albrani",LBA,M,,,,1909,AUG25,0,40,1980,i
9208631,"Abdalkarem, Alhassan A. A.",LBA,M,,,,1854,AUG25,0,40,1978,i
9211802,"Abdalkarem,Hussin A.",LBA,M,,,,1815,AUG25,0,40,1978,i
9217517,"Abdalla, Elbashir Fathi",LBA,M,,,,1719,AUG25,0,40,2003,i
9208909,"Abdalla, Saeed A.E.",LBA,M,,,,1726,AUG25,0,20,1967,i
9217525,"Abdalla, Taha Fathi",LBA,M,,,,1747,AUG25,0,40,2008,
9202838,"Abdallah, Abdelrhman",LBA,M,,NA,,1932,AUG25,0,20,1976,i
9200312,"Abdallah, Khaled Elnami",LBA,M,,,,1818,AUG25,0,40,1958,i
9208879,"Abdalmajeed, Saad A.",LBA,M,,,,1779,AUG25,0,40,1974,i
9211578,"Abdalnabi, Nabeal",LBA,M,,,,1831,AUG25,0,40,1980,i
9208917,"Abdalrahim, Mohamed A. M.",LBA,M,,,,1802,AUG25,0,20,1975,i
9207910,"Abdalrahman, Hafid N.",LBA,M,,,,1816,AUG25,0,40,1982,i
9208682,"Abdalsalam, Saad Ali",LBA,M,,,,1849,AUG25,0,40,1998,i
9200746,"Abdulgader, Amira",LBA,F,,NA,,1690,AUG25,0,40,1995,wi
9223550,"Abdullah, Fouzi Ahmed",LBA,M,,,,1826,AUG25,0,40,1990,
9206531,"Abdullah, Saied M.",LBA,M,,,,1912,AUG25,0,40,1969,i
9225676,"Abdulmawlay Alsayib, Abdulmawla M",LBA,M,,,,1586,AUG25,5,40,1995,
9210776,"Abdulrahman, Emhemed",LBA,M,,,,1776,AUG25,0,40,2002,i
9220240,"Abdulrahman, Mohammed Midhat",LBA,M,,,,1986,AUG25,0,40,2008,
9207465,"Abdulrazik, Salah F.",LBA,M,,,,2075,AUG25,0,20,1980,i
9223568,"Abdulsadiq, Emran Mustafa",LBA,M,,,,1864,AUG25,6,40,2003,
9208240,"Abdulsalam, Abdulsalam A.",LBA,M,,,,1736,AUG25,0,40,1997,i
9202773,"Abdulsalam, Faraj",LBA,M,,,,1847,AUG25,0,20,1958,
9216421,"Abdulsalam, salema mohammed",LBA,F,,,,1549,AUG25,0,40,1978,wi
9204598,"Abdurrahim, Abdelkarem",LBA,M,,,,1827,AUG25,0,40,0,i
9202609,"Abo Moliana, Montasar",LBA,M,FM,,,2047,AUG25,0,20,1984,i
9210164,"Aboalkasim, Alameen",LBA,M,,,,1832,AUG25,0,40,1992,i
9210130,"Aboalkasim, Ali",LBA,M,,,,1823,AUG25,0,40,1993,
9207880,"Abobaker, Abobaker Salem",LBA,M,,,,1738,AUG25,0,20,1965,i
9209565,"Abohbiel, Aymen",LBA,M,,,,1836,AUG25,0,40,1990,i
9202846,"Abokail, Mohand",LBA,M,,,,1885,AUG25,0,40,1997,i
9202854,"Abokrais, Kaled",LBA,M,,NA,,1823,AUG25,0,20,1981,
9206000,"Abokthaier, Salem A.",LBA,M,,NA,,1783,AUG25,0,40,1958,i
9207015,"Aborezik, Adel F.",LBA,M,,NA,,1671,AUG25,0,40,1973,i
9223789,"Aboukhnanah, Sanad Nasir",LBA,M,,,,1849,AUG25,0,40,2005,
9216316,"Aboulayoun, hosein mysa",LBA,M,,,,1699,AUG25,0,40,1968,i
9214429,"Aboulnour, Walid A.",LBA,M,,,,1706,AUG25,0,40,1988,i
9214836,"Abourawi, Muad Faraj",LBA,M,,,,1639,AUG25,0,40,1997,
9225293,"Abousteen, Alaelden Ali",LBA,M,,,,1634,AUG25,0,40,2011,
9223118,"Abraheem, Ahmed ali A.",LBA,M,,,,1687,AUG25,0,40,2006,
9225684,"Abraheem, Nour Adrees Alsakloul",LBA,M,,,,1691,AUG25,6,40,2003,
9217037,"Abu ikhrays, Salim Alhadi",LBA,M,,,,1735,AUG25,0,40,1975,i
9216189,"Abu meniar, Ahmed ibrahem",LBA,M,,,,1549,AUG25,0,40,1990,i
9218416,"Abu Zeyd, Ali Omar",LBA,M,,,,1818,AUG25,0,40,1997,i
9214887,"Abualwalid, Aisha Mukhtar",LBA,F,,,,1600,AUG25,0,40,1999,wi
9210059,"Abuan, Ramadan",LBA,M,,,,1727,AUG25,5,40,1967,
9209573,"Abubrida, Khaled",LBA,M,,,,1739,AUG25,0,40,1981,i
9216936,"Abudabous, mohamed",LBA,M,,,,1922,AUG25,0,40,1978,i
9213406,"Abufdhylah, Hamzah Mahmoud",LBA,M,,,,1612,AUG25,0,40,2004,i
9202544,"Abugenda, Nagi",LBA,M,CM,,,1972,AUG25,0,20,1986,
9214534,"Abuisnaynah, Abdulaziz M.",LBA,M,,,,1681,AUG25,0,40,1986,i
9217398,"Abuizraybah, Ahmed Mohammed",LBA,M,,,,1755,AUG25,0,40,2007,i
9215085,"AbuIzraybah, Mohammed Salih",LBA,M,,,,1585,AUG25,0,20,1978,i
9208089,"Abulbaida, Abduallah",LBA,M,,,,1820,AUG25,0,40,1990,i
9200274,"Abulhul, Tarik",LBA,M,,,,1955,AUG25,8,20,1968,
9212027,"AbuMengel, Hatim Mohammed",LBA,M,,,,1808,AUG25,0,20,2001,
9222383,"Aburawi, Ahmed Mohamed",LBA,M,,,,ACM,AUG25,1572,0,2011,
9201637,"Abushihiwah, Hani Ali Salam",LBA,M,,,,1730,AUG25,0,40,1991,i
9202862,"Abuzaid, Araibi, E",LBA,M,,,,1807,AUG25,0,40,1965,i
9219994,"Abuzuqayah, Mahmoud salah aldeen",LBA,M,,,,1620,AUG25,0,40,2003,i
9202730,"Adam, Fareed Saleh",LBA,M,,,,1950,AUG25,0,20,1963,i
9215026,"Adam, Tareq Yousef",LBA,M,,,,1914,AUG25,0,40,1977,i
9219412,"Addurat, Ahmed suliman",LBA,M,,,,1790,AUG25,0,40,1991,
9213074,"Adem, Salah Abdallah",LBA,M,,,,1795,AUG25,0,40,1999,i
9208747,"Aderwish, Mohamed Ali",LBA,M,,,,1758,AUG25,0,40,1979,i
9210199,"Adhmani, Mohamed",LBA,M,,,,1806,AUG25,0,40,1996,i
9202870,"Adlal, Ibrahim",LBA,M,,,,1914,AUG25,0,20,1977,i
9207864,"Afaan, Mohamed 0thman",LBA,M,,,,1884,AUG25,0,40,1967,i
9209220,"Afaan, Othman Ali",LBA,M,,,,1743,AUG25,0,40,1998,i
9206930,"Agel, Amer A.",LBA,M,,,,1810,AUG25,0,40,1990,i
9213503,"Agel, Essa Ayad",LBA,M,,,,1750,AUG25,0,40,1981,i
9202889,"Agoub, Ali",LBA,M,,,,1703,AUG25,0,40,1968,i
9209840,"Ahmad, Ahmed E. B.",LBA,M,,,,1817,AUG25,0,40,1988,i
9211241,"Ahmaida, Mohamed",LBA,M,,,,1853,AUG25,0,20,1992,
9220917,"Ahmed, Ahmed Ali Almabrouk",LBA,M,,,,1825,AUG25,0,40,1999,
9219382,"Ahmed, Amjad fathi",LBA,M,,,,1743,AUG25,0,40,2002,i
9201955,"Ahmed, Osaman",LBA,M,,,,1989,AUG25,0,20,0,i
9216499,"ahwas, moftah eshtewi",LBA,M,,,,1791,AUG25,0,40,1962,
9213031,"Aiad, Hamdi Almenshawi",LBA,M,,,,1783,AUG25,0,40,1999,i
9213643,"Ajmal, Seraj Mohamed",LBA,M,,,,1794,AUG25,0,40,1990,i
9205276,"Al Felo, Juma",LBA,M,,,,1863,AUG25,0,40,0,i
9200053,"Al Matmati, Amro",LBA,M,,,,1990,AUG25,0,20,1976,i
9200525,"Al Moshaiti, Khalil",LBA,M,,,,2111,AUG25,0,20,1994,i
9205624,"Al Sori, Alharari",LBA,M,,,,1785,AUG25,0,40,1962,i
9200410,"Al-Amari, Ahmed",LBA,M,,,,1996,AUG25,0,20,1983,i
9202218,"Al-Areefi, Jamal",LBA,M,,,,1933,AUG25,0,40,0,i
9202897,"Alabar, Abdullah",LBA,M,,,,1911,AUG25,0,20,1990,i
9220410,"Aladel, Husam taha",LBA,M,,,,1695,AUG25,3,40,2007,
9208020,"Alagouri, Hamdi Gaith",LBA,M,,,,AFM,AUG25,1780,5,1985,
9210601,"Alagouri, Ibrahim Mansour",LBA,M,,,,1798,AUG25,0,40,1990,i
9211837,"Alahairg, Ibrahim Mohamed",LBA,M,,,,1776,AUG25,0,40,2001,i
9217533,"Alahrash, Abdulmajid Salim",LBA,M,,,,1728,AUG25,0,40,1998,i
9205845,"Alajami, Mohamed J.",LBA,M,,,,1726,AUG25,0,40,1998,i
9203940,"Alajeli, Kamel",LBA,M,,,,1876,AUG25,0,40,0,i
9211640,"Alajhar, Manhim Ahmed",LBA,M,,,,1841,AUG25,0,40,1970,i
9208127,"Alakari, Moataz Ali",LBA,M,,,,2014,AUG25,0,20,1984,i
9201912,"Alakrut, Mokhtar",LBA,M,,,,1743,AUG25,0,40,2000,i
9208119,"Alamari, Mohamed Em.",LBA,M,,,,1825,AUG25,0,40,1986,i
9202390,"Alarabi, Abdelalim",LBA,M,,,,1857,AUG25,0,40,1996,i
9201947,"Alarbi, Abdulhalim",LBA,M,,,,1827,AUG25,0,20,1994,i
9205403,"Alashek, Albashir",LBA,M,,,,1918,AUG25,0,20,2000,i
9215867,"Alashheb, Abdalali Abdwhamed Omer",LBA,M,,,,1886,AUG25,0,40,1999,
9222065,"Alashkham, Radhwan Ghayth",LBA,M,,,,1658,AUG25,8,40,2002,
9223959,"Alassawi, Osamah Abdulah",LBA,M,,,,1763,AUG25,0,40,2012,
9207732,"Alathram, Khaled A.",LBA,M,,,,1846,AUG25,0,20,1971,i
9209506,"Alawami, Halmi Halmi",LBA,M,,,,1875,AUG25,0,40,1963,i
9213783,"Alawami, Mohamed Abdelnaser",LBA,M,,,,1855,AUG25,0,40,1970,i
9202919,"Alazabe, Aribi",LBA,M,,,,1814,AUG25,0,20,0,i
9206710,"Alazabe, waiel",LBA,M,,,,1682,AUG25,0,40,1984,i
9216995,"Albaah, Abraheem miftah",LBA,M,,,,1620,AUG25,0,40,1997,i
9204709,"Albaah, Nizar S.",LBA,M,,NA,,1771,AUG25,0,20,0,i
9209107,"Albah, Saleh Nezar",LBA,M,,,,1719,AUG25,0,40,2007,
9216855,"Albakkoush, Almonthir Mohammed",LBA,M,,,,1833,AUG25,0,20,2003,
9213465,"Albaragathi, Abdalmajeed",LBA,M,,,,1796,AUG25,0,40,1957,i
9213422,"Albaseer, Ahmed Mohammed",LBA,M,,,,1506,AUG25,0,40,1993,i
9209794,"Albazoti, Faraj A.",LBA,M,,,,1834,AUG25,0,40,1995,i
9211098,"Albdri, Ali EMohamed",LBA,M,,,,1779,AUG25,7,40,1982,
9218130,"Albeebas, Anwar Dhaw Abu Jaefar",LBA,M,,,,1977,AUG25,0,40,1993,
9208224,"Albori, Sofian S.",LBA,M,,,,1822,AUG25,0,40,1978,i
9206353,"Alborki, Mohamed A.",LBA,M,,NA,,1967,AUG25,0,20,0,
9203486,"Albosaifi, Malek A.",LBA,M,,,,1821,AUG25,0,20,1993,i
9202129,"Albosht, Aimen",LBA,M,,,,1996,AUG25,0,20,1987,i
9215727,"albudwi, nayrouz albahloul",LBA,F,,,,1643,AUG25,0,40,2001,wi
9213511,"Aldabar, Hamza Mohamed",LBA,M,,,,1775,AUG25,7,20,1971,
9211888,"Aldaidani, Abdalwahab I.",LBA,M,,,,1712,AUG25,0,40,1980,i
9213538,"Aldarraz, Mohamed Moftah",LBA,M,,,,1771,AUG25,0,40,2007,
9209751,"Aldawi, Abdelaziz",LBA,M,,,,1787,AUG25,0,40,2004,i
9209743,"Aldawi, Kahlil",LBA,M,,,,1668,AUG25,0,40,2009,i
9206019,"Aldebaibi, Mohamed A.",LBA,M,,,,1657,AUG25,2,40,1966,
9208593,"Aldenaly, Moataz M.",LBA,M,,,,1780,AUG25,0,40,1996,i
9217240,"Alderessi, Khaled",LBA,M,,,,1732,AUG25,0,40,1990,i
9207600,"Aldogri, Mohsen",LBA,M,,,,1947,AUG25,0,20,1990,i
9209336,"Aldrsi, Ibrahim",LBA,M,,,,1821,AUG25,0,20,1990,i
9215050,"Aldrsi, Monther Ibrahim",LBA,M,,,,1726,AUG25,0,40,1992,i
9208135,"Aldrsi, Nooraldeen A.",LBA,M,,,,1863,AUG25,0,40,1989,i
9211020,"Aldrsi, Reda Saleh",LBA,M,,,,1917,AUG25,8,20,1995,
9213104,"Aldrsi,Mohamed Awad",LBA,M,,,,1755,AUG25,0,40,1999,i
9212086,"Alezabi, Radhwan Salah",LBA,M,,,,1651,AUG25,0,40,2000,i
9209271,"Alfaidi, Kaled",LBA,M,,,,1701,AUG25,0,40,1980,i
9208216,"Alfaidi, Siraj M.",LBA,M,,,,1786,AUG25,0,40,1984,i
9210091,"Alfaitori, Abdallah",LBA,M,,,,1980,AUG25,7,20,1999,
9214003,"Alfaitouri, Mohamed Kaled",LBA,M,,,,1840,AUG25,0,40,2000,i
9209255,Alfakri,LBA,M,,,,1744,AUG25,0,40,1985,i
9211748,"Alfakri, Aiad Hasan",LBA,M,,,,1744,AUG25,0,40,1970,i
9210571,"Alfakri, Iyman S.",LBA,M,,,,1897,AUG25,0,40,1997,i
9216650,"Alfalah, Alsideeq Ramadhan",LBA,M,,,,1826,AUG25,0,40,1995,
9216146,"Alfaqieh, Khalifa hussen",LBA,M,,,,1791,AUG25,0,40,1989,i
9217118,"Alfarisi, Ayman meelad",LBA,M,,,,1708,AUG25,0,40,1988,
9206043,"Alfarsi, Mohamed S.",LBA,M,,,,1746,AUG25,0,40,1960,i
9208208,"Alfarsi, Salem M.",LBA,M,,,,1737,AUG25,0,40,1990,i
9221549,"Alfaytouri, Mohammed Salih",LBA,M,,,,1851,AUG25,0,40,1994,
9208283,"Alfazani, Mohamed I.",LBA,M,,,,1725,AUG25,0,40,1980,i
9220321,"Alfirjani, Abdullah Alhadi",LBA,M,,,,1778,AUG25,0,40,1993,i
9202315,"Alfituri, Milad Alhadi",LBA,M,,NA,,1922,AUG25,0,20,1989,i
9209360,"Alfrjani, Ibrahim Mohamed",LBA,M,,,,1899,AUG25,0,40,1993,i
9210504,"Alfrjani, Mustafa H.",LBA,M,,,,1874,AUG25,0,40,1980,i
9209247,"Alfrtas, Tawfik A.",LBA,M,,,,1723,AUG25,0,40,1970,i
9208941,"Algadari, Husain M.",LBA,M,,,,1626,AUG25,0,40,2007,i
9202935,"Algadari, Mahmod",LBA,M,,,,1907,AUG25,6,20,1982,
9202226,"Algadi, Hisham",LBA,M,,,,2017,AUG25,0,20,1973,
9210784,"Algaed, Mohammed",LBA,M,,,,1801,AUG25,0,40,2002,i
9207902,"Algaithi, Tawfik A.",LBA,M,,,,1803,AUG25,0,40,1974,
9212817,"Alganai, Mohamed Issa",LBA,M,,,,1818,AUG25,0,40,1999,i
9208186,"Algardawi, Mahmod A.",LBA,M,,,,1684,AUG25,0,40,1983,i
9213546,"Algargani, Mohamed Abdualgadeer",LBA,M,,,,1789,AUG25,0,40,1988,i
9212531,"Algharyani, Hamzah Alnaji",LBA,M,,,,1828,AUG25,0,20,1999,
9213554,"Algobbi, Zeyad",LBA,M,,,,1695,AUG25,0,40,1988,i
9204717,"Alguttani, Adel",LBA,M,,,,1761,AUG25,0,20,1977,i
9204393,"Alguttani, Fahmi",LBA,M,,,,1813,AUG25,0,20,1979,i
9212701,"Alguttani, Faraj Adel",LBA,M,,,,1627,AUG25,0,40,2012,i
9213350,"Alguttani, Ghalya Faraj A.",LBA,F,,,,1596,AUG25,0,40,2009,wi
9213961,"Alguttani, Husain Faraj",LBA,M,,,,1744,AUG25,0,40,2011,i
9222260,"Alhaaj, Mustafa Abdullah",LBA,M,,,,1683,AUG25,0,40,1964,i
9215697,"ALHAASI, RAHF MARRIE",LBA,F,,,,1723,AUG25,0,40,2010,w
9205349,"Alhadi,Adnan",LBA,M,,,,1811,AUG25,0,40,2000,i
9211543,"Alhaj, Saad Ali",LBA,M,,,,1760,AUG25,0,40,1957,i
9225382,"Alhar, abdulbasit amhimmid ali",LBA,M,,,,1645,AUG25,0,40,2009,
9225374,"Alhar, oday amhimmid ali",LBA,M,,,,1619,AUG25,0,40,2012,
9208062,"Alharai, Alsghair",LBA,M,,,,1772,AUG25,0,40,1993,i
9201858,"Alharari, Ali",LBA,M,,NA,,1975,AUG25,0,20,1995,
9200711,"Alharari, Mohamed Alsori",LBA,M,FM,NA,,2029,AUG25,9,20,1997,
9209344,"Alharary, Alharary Alsori",LBA,M,,,,1785,AUG25,0,40,1989,i
9209298,"Alharoak, Saad",LBA,M,,,,1710,AUG25,0,40,1980,i
9203400,"Alhasadi, Abdulbasat",LBA,M,,,,1804,AUG25,0,20,1966,i
9208577,"Alhasi, Maree Saad",LBA,M,,,,1834,AUG25,0,40,1963,i
9219447,"Alhasnowi, Mohamed Abubaker",LBA,M,,,,1798,AUG25,0,40,1991,i
9204725,"Alhassadi, Yousef A.",LBA,M,FM,,,2132,AUG25,19,20,2005,
9211845,"Alhdad, Ahmed Ezet",LBA,M,,,,1629,AUG25,0,40,1996,i
9208143,"Alhdad, Ahmed O.",LBA,M,,,,1887,AUG25,0,40,1983,i
9214208,"Alhijazi, Faraj Omran",LBA,M,,,,1626,AUG25,0,40,2004,i
9223827,"Alhinqari , Abdulbasit Mohammed",LBA,M,,,,1733,AUG25,0,40,2001,
9205128,"Alhmroni, Omer",LBA,M,,,,1796,AUG25,0,40,0,i
9209808,"Alhsadi, Fawzi Y.",LBA,M,,,,1845,AUG25,0,40,1988,i
9218319,"Alhusani, luqman abdulmunem",LBA,M,,,,1600,AUG25,0,40,2005,
9209492,"Alhwti, Ibrahim R.",LBA,M,,,,1882,AUG25,0,40,1961,i
9201122,"Ali El Haj, Nizar",LBA,M,,,,1801,AUG25,9,40,1972,
9211381,"Ali, Abdalrahman Abbas",LBA,M,,,,1788,AUG25,0,40,1967,i
9223835,"Ali, Ahmed Ali",LBA,M,,,,1699,AUG25,0,40,1978,
9201629,"Ali, Fouzi Fathullah",LBA,M,,,,1746,AUG25,0,40,1980,i
9213341,"Ali, Moktar, Husain",LBA,M,,,,1641,AUG25,0,40,1963,i
9206655,"Ali,Kairi G.",LBA,M,,,,1881,AUG25,0,40,1971,i
9219030,"Aljayir, Muayid mohammed",LBA,M,,,,1716,AUG25,0,40,1995,i
9210628,"Aljazwe, Waled Faraj",LBA,M,,,,1777,AUG25,0,40,1989,i
9209735,"Aljazwi, Iyman F.",LBA,M,,,,1756,AUG25,0,40,1976,
9217177,"Aljibali, abraheem salah",LBA,M,,,,1717,AUG25,0,40,1995,i
9202137,"Aljrebe, Ahmed",LBA,M,,,,1975,AUG25,0,40,0,i
9217363,"Alkabeer, ali alsadiq",LBA,M,,,,1787,AUG25,0,40,1993,i
9210539,"Alkadeki, Mohand M.",LBA,M,,,,1797,AUG25,0,40,1990,i
9205888,"Alkashari, Abdalsalam M.",LBA,M,,,,1877,AUG25,0,40,1977,i
9213830,"Alkateb, Abdalrahman I. M.",LBA,M,,,,1732,AUG25,0,40,2003,i
9208232,"Alkazah, Shareef A.",LBA,M,,,,1819,AUG25,0,40,1979,i
9217266,"Alkoor, Ahmed",LBA,M,,,,1747,AUG25,0,40,2000,i
9208046,"Alkortabi, Abdalhakeem A.",LBA,M,,,,1789,AUG25,0,40,2003,i
9208011,"Alkortabi, Ahmed B.",LBA,M,,,,1906,AUG25,0,40,1955,i
9208054,"Alkortabi, Ali A.",LBA,M,,,,1792,AUG25,0,40,2001,i
9208038,"Alkortabi, Jamal A.",LBA,M,,,,1783,AUG25,0,40,2004,i
9210792,"Alkout, M Hamza",LBA,M,,,,1957,AUG25,0,40,1992,i
9211152,"Alkrnaf, Mohamed Othman",LBA,M,,,,1909,AUG25,0,20,1997,i
9208771,"Alkut, Haitham Mohamed",LBA,M,,,,1881,AUG25,0,40,1987,i
9225714,"Almabrouk, Ahmed Abraheem Adrees",LBA,M,,,,1694,AUG25,6,40,2001,
9216138,"Almabrouk, Almabrouk fouzi",LBA,M,,,,1571,AUG25,0,40,1994,i
9225722,"Almabrouk, Alsadiq Abraheem Adree",LBA,M,,,,1702,AUG25,5,40,2004,
9217355,"Almabrouk, hisham salim",LBA,M,,,,1768,AUG25,0,40,1974,i
9204601,"Almabrouk, Kahmis",LBA,M,,,,1826,AUG25,0,40,0,i
9208690,"Almabrouk, Salem A.",LBA,M,,,,1770,AUG25,0,40,1974,i
9225730,"Almabrouk, Salih Ayad Salih",LBA,M,,,,1604,AUG25,6,40,2008,
9216464,"almaeloul, ahmed ali",LBA,M,,,,1741,AUG25,0,40,1994,
9207228,"Almagrahi, Akram Fathi",LBA,M,,,,1932,AUG25,0,20,1974,i
9202056,"Almahjoub, Mokhtar",LBA,M,,,,1920,AUG25,6,20,1964,
9205314,"Almajbari, Abdalla Ali",LBA,M,,,,1855,AUG25,0,40,1993,i
9225579,"Almaje, Anas Alsed",LBA,M,,,,1682,AUG25,7,40,2005,
9216030,"Almakas, Taha",LBA,M,,,,1836,AUG25,0,40,1990,i
9202013,"Almanby, Sohel",LBA,M,,,,1952,AUG25,0,20,1978,i
9211861,"Almansuri, Abdalrahman I.",LBA,M,,,,1813,AUG25,0,40,1980,i
9204733,"Almarghani, Ali M.",LBA,M,,,,1887,AUG25,0,20,1991,i
9206582,"Almarimi, Abdallah A.",LBA,M,,,,1755,AUG25,0,40,1981,i
9220259,"Almaryami, Abdulsamia Abdulrraziq",LBA,M,,,,1685,AUG25,0,40,2000,
9211284,"Almaryami, Mohamed H.",LBA,M,,,,1880,AUG25,0,20,1981,
9201599,"Almasalati, Abduljawwad A.",LBA,M,,,,1747,AUG25,0,20,1959,i
9218734,"Almashai, Hafeth Mnsor",LBA,M,,,,1855,AUG25,0,40,1981,
9209514,"Almazeg, Omer Mustafa",LBA,M,,,,1735,AUG25,0,40,2002,i
9217479,"Almishri, Ala mohammed Omar",LBA,M,,,,1695,AUG25,0,40,1996,i
9217487,"Almishri, Emad mohammed Omar",LBA,M,,,,1695,AUG25,0,40,2002,i
9211799,"Almoatz, Basel",LBA,M,,,,1843,AUG25,8,20,1983,
9211586,"Almogasabi, Abdalsalam M.",LBA,M,,,,1731,AUG25,0,40,1980,i
9213473,"Almogasabi, Mohamed Abdallah",LBA,M,,,,1795,AUG25,0,40,1988,i
9214097,"Almograbi, Anwar Hassan",LBA,M,,,,1866,AUG25,6,20,1988,
9207872,"Almograbi, Mohamed",LBA,M,,,,1770,AUG25,0,40,1992,i
9208259,"Almograbi, Omer A.",LBA,M,,,,1831,AUG25,0,40,2001,i
9205802,"Almohaishi , Nuri A",LBA,M,,,,1846,AUG25,0,20,1970,
9205853,"Almorabit, Abdallha M.",LBA,M,,,,1887,AUG25,0,40,1968,i
9204741,"Almosatar, Mansour A.",LBA,M,,,,1815,AUG25,0,40,1971,i
9211187,"Almoshaiti, Najmalden Ali",LBA,M,,,,1855,AUG25,0,40,1994,i
9207171,"Almoshiti, Ali R.",LBA,M,,,,1837,AUG25,0,20,1983,i
9207929,"Almosrati, loai",LBA,M,,,,1805,AUG25,0,40,1978,i
9210750,"Almshraki, Adel Ibrahim",LBA,M,,,,1759,AUG25,8,20,1983,
9207597,"Almsmari, Mahmoud",LBA,M,,,,1764,AUG25,4,40,1960,
9210652,"Almsrati, Moftah Abdullah",LBA,M,,,,1876,AUG25,0,40,1988,i
9210806,"Almuetasim Billa, Jummah",LBA,M,,,,1788,AUG25,0,40,2002,i
9220402,"Almuntasir, mohamed khalifah",LBA,M,,,,1942,AUG25,5,20,2004,
9205632,"Alnaim , Almargani",LBA,M,,,,1944,AUG25,0,40,2000,i
9215042,"Alnaji, Karem Fathi",LBA,M,,,,1743,AUG25,0,40,1993,i
9208755,"Alnajih, Mustafa A.",LBA,M,,,,1871,AUG25,0,40,1983,i
9222278,"Alnajih, Salah Abdullah",LBA,M,,,,1739,AUG25,0,40,1966,i
9200959,"Alnami, Salaheddin",LBA,M,,,,1971,AUG25,7,20,1993,
9223339,"Alnawwal, Fayzah adel F.",LBA,F,,,,1650,AUG25,0,40,2008,w
9219099,"Alnayray, Miftah Khalleefah",LBA,M,,,,1909,AUG25,7,20,1998,
9214020,"Alnidwi, Musab Ammar",LBA,M,,,,1519,AUG25,0,40,2001,i
9207589,"Alnjar, Asdeek",LBA,M,,,,1873,AUG25,0,40,1974,i
9213147,"Alobaidi, Abdalmenhim Idris",LBA,M,,,,1660,AUG25,0,40,1999,i
9208534,"Alomami, Salem J.",LBA,M,,,,1821,AUG25,0,40,1976,i
9208976,"Alomami, Samer Ahmed",LBA,M,,,,1579,AUG25,0,40,2003,i
9210415,"Alorofi, Sliman S.",LBA,M,,,,1878,AUG25,0,20,1980,i
9205993,"Alqaed, Basheer Abraheem",LBA,M,,FA,,1873,AUG25,0,40,1963,i
9216413,"Alqao, fathi abdulhafith",LBA,M,,NA,,1672,AUG25,5,40,1975,
9216472,"alqutayt, hamid miftah",LBA,M,,,,1566,AUG25,3,40,1959,
9208453,"Alrabiehi, Ahmed A.",LBA,M,,,,1726,AUG25,0,40,1993,i
9208500,"Alrabiehi, Hamza A.",LBA,M,,,,1734,AUG25,0,40,1995,i
9210911,"Alrabti, Noureddine Ali",LBA,M,,,,2001,AUG25,0,40,1973,i
9212710,"Alraghi, Jaser Jamal",LBA,M,,,,1861,AUG25,0,40,1999,i
9215468,"ALRAIS, SOUAD MOTAZ BASHIR",LBA,F,,,,1599,AUG25,0,40,2004,wi
9212698,"Alrammal, Abdalaziz A.",LBA,M,,,,1733,AUG25,0,40,1999,i
9216227,"alrhebe, mohamed elmbrok",LBA,M,,,,1651,AUG25,0,40,2003,i
9214593,"Alribbasi, Abdulhamid Alsini",LBA,M,,,,1751,AUG25,4,40,1977,
9223991,"Alrifie, Mahmod",LBA,M,,,,1864,AUG25,0,40,2003,
9212833,"Alsabr, Feras Monier",LBA,M,,,,1694,AUG25,0,40,1999,i
9215921,"Alsadi, Saif Allah Fathi",LBA,M,,,,1655,AUG25,0,40,1999,i
9208488,"Alsafti, Almhdi M.",LBA,M,,,,1840,AUG25,0,40,1988,i
9210610,"Alsahle, Atheer Husain",LBA,M,,,,1831,AUG25,0,20,1987,i
9210636,"Alsahle, Yaseen Taha",LBA,M,,,,1774,AUG25,0,20,1982,
9213732,"Alsaidi, Anwar Sliman",LBA,M,,,,1721,AUG25,0,20,1971,
9214976,"Alsaiti, Mohamed Abdalgader",LBA,M,,,,1692,AUG25,1,20,1991,
9209263,"Alseaiti, Jibrel",LBA,M,,,,1868,AUG25,0,40,1980,i
9204768,"Alsekawi, Salah H.",LBA,M,,,,1863,AUG25,0,40,1976,i
9205870,"Alsgair, Maree A.",LBA,M,,,,1857,AUG25,0,40,1973,i
9220151,"Alsghayer, Abdulmalik Hussein",LBA,M,,,,1721,AUG25,5,40,1996,
9211551,"Alshahibi, Sohaib Faraj",LBA,M,,,,1747,AUG25,0,40,1980,i
9213848,"Alshahomi, Siraj Aldean J.",LBA,M,,,,1740,AUG25,0,40,2008,i
9206060,"Alshahri, Adel A.",LBA,M,,,,1894,AUG25,0,20,1957,i
9211560,"Alshalwi, Abdalwahead Hassan",LBA,M,,,,1846,AUG25,0,40,1989,i
9208828,"Alshalwi, Fouzi Ali",LBA,M,,,,1836,AUG25,0,40,1959,i
9207740,"Alshara, Tarek",LBA,M,,,,1848,AUG25,0,20,1975,i
9204776,"Alshareef, Abdulsalam A.",LBA,M,,,,1746,AUG25,0,40,0,i
9210660,"Alshareef, Alla Aldean Othman",LBA,M,,,,1898,AUG25,6,20,1977,
9222774,"Alshareef, Qassim Ezuldeen Alhad",LBA,M,,,,1710,AUG25,0,40,2004,
9203001,"Alshareef, Saleh",LBA,M,,,,1824,AUG25,0,40,1944,i
9211500,"Alshareef, Yousif Fathi",LBA,M,,,,1678,AUG25,0,40,1992,i
9219633,"Alshater, Mohamed Fathi",LBA,M,,,,1608,AUG25,0,40,1992,i
9208950,"Alshebli, Hamza Awad",LBA,M,,,,1549,AUG25,0,40,2007,i
9208968,"Alshebli, Zakaria Awad",LBA,M,,,,1722,AUG25,0,40,2001,i
9211900,"Alshehaibi, Helal Faraj",LBA,M,,,,1734,AUG25,0,40,2002,i
9206990,"Alshibani, Abdalhakeem A.",LBA,M,,NA,,1818,AUG25,0,40,1967,i
9217541,"Alshineeti, Alaa Mustafa Sasi",LBA,M,,,,1741,AUG25,0,40,1989,i
9218556,"Alshiteewi, Hamdi Abraheem Aboulq",LBA,M,,,,1833,AUG25,0,40,1990,i
9225390,"Alsideeq, Ahmed faraj",LBA,M,,,,1741,AUG25,0,40,2009,
9217550,"Alsifaqis, Abdulmuez Ahmed",LBA,M,,,,1741,AUG25,0,40,1991,i
9210865,"Alskaiwi, Salah Hasan",LBA,M,,,,1893,AUG25,0,40,1976,i
9206965,"Altaher, Abdallah",LBA,M,,,,1873,AUG25,0,40,1973,i
9205756,"Altaib , Fawzi A",LBA,M,,,,1902,AUG25,4,20,1971,
9209409,"Altaib, Abdalraof B.",LBA,M,,,,1656,AUG25,0,40,1969,i
9209395,"Altaib, Khalil",LBA,M,,,,1673,AUG25,0,40,2010,i
9213317,"Altajouri, Jamal Younis",LBA,M,,,,1599,AUG25,0,40,1956,i
9207767,"Altargi, Suliman M.",LBA,M,,,,1976,AUG25,0,20,1982,i
9209328,"Altarhoni, Ammar",LBA,M,,,,1727,AUG25,0,40,1970,i
9202200,"Altarhoni, Mohamed",LBA,M,,,,1928,AUG25,0,20,1955,i
9224009,"Altarhoni, Sayef",LBA,M,,,,1755,AUG25,0,40,1999,
9204040,"Altarhony, Adel",LBA,M,,,,1830,AUG25,0,40,0,i
9222286,"Altawati, Abdulsalam Ali",LBA,M,,,,1683,AUG25,0,40,1969,i
9204288,"Altaweel, Mohamed A.",LBA,M,,,,1935,AUG25,0,20,1965,i
9211004,"Altawrgi, Hassan Husain",LBA,M,,,,1895,AUG25,0,40,1969,i
9222197,"Althabit, Tawfeeq Mohammed",LBA,M,,,,1735,AUG25,0,40,1970,i
9220330,"Althuwayr, Kamal Amhimmid",LBA,M,,,,1778,AUG25,0,40,1969,i
9206973,"Altohami, Faraj",LBA,M,,,,1787,AUG25,0,20,1993,i
9213139,"Altohami, Malek Ezaldean",LBA,M,,,,1755,AUG25,0,40,1999,i
9214500,"Altounsi, Abdulwarith Ali",LBA,M,,,,1791,AUG25,0,20,2001,
9211780,"Altwaty, AbdulMalik Abddo A.",LBA,M,,,,1841,AUG25,4,20,1977,
9225757,"Altwaty, Othman Abdulmalik",LBA,M,,,,1525,AUG25,6,40,2014,
9206094,"Altwieri, Adel S.",LBA,M,,,,1943,AUG25,0,40,1972,i
9204784,"Alugeli, Abdalatti A.",LBA,M,,,,1801,AUG25,0,20,1987,i
9209484,"Alwaer, Faisal",LBA,M,,,,1656,AUG25,0,20,1990,i
9205144,"Alwahishy, Riad",LBA,M,,,,1971,AUG25,0,40,1973,i
9222782,"Alwjali, Mohammed Faraj Mohammed",LBA,M,,,,1675,AUG25,0,40,1999,
9213805,"Alzaidi, Abdalmoean Faraj",LBA,M,,,,1726,AUG25,0,40,2005,i
9209450,"Alzantuti, Wadeh Mohamed",LBA,M,,,,1653,AUG25,0,40,1961,i
9200673,"Alzantuti, Yousef",LBA,M,,,,1811,AUG25,5,20,1961,
9207350,"Alzaroug, Husain",LBA,M,,,,1751,AUG25,0,20,1973,i
9204792,"Alzawaie, Fawzi",LBA,M,,,,1887,AUG25,0,20,1984,i
9213171,"Alzawi, Adel Mohamed",LBA,M,,,,1804,AUG25,0,40,1970,i
9202145,"Alzayany, Zeyad",LBA,M,,,,2068,AUG25,0,20,1983,i
9217002,"Alzilitini, Luwi abdulsalam",LBA,M,,,,1839,AUG25,3,20,1993,
9215395,"Alzoubayk, Moammed Nasr Mohammed",LBA,M,,,,1646,AUG25,1,40,2011,
9217495,"Alzuelouk, Khalleefah Alarabi",LBA,M,,,,1790,AUG25,0,40,1973,i
9215352,"Amer, Abdulmalk",LBA,M,,,,1890,AUG25,0,20,1998,
9200010,"Amer, Mokhtar",LBA,M,,,,1959,AUG25,0,20,0,i
9200029,"Amer, S.",LBA,M,,,,2205,AUG25,0,40,0,i
9207899,"Amhadi, Ahmed Mohamed",LBA,M,,,,1839,AUG25,4,20,2001,
9203419,"Amhadi, Mohamed",LBA,M,,,,1875,AUG25,0,20,1980,i
9214615,"Amhimmid, Abdalraheem A.",LBA,M,,,,1755,AUG25,0,40,1964,i
9222200,"Ammar, Osamah Ammar",LBA,M,,,,1679,AUG25,0,40,1977,i
9214941,"Aokatwa, Abdalbased Abdaljalil",LBA,M,,,,1744,AUG25,0,40,1975,i
9218033,"Arafa, Koni Mohamed",LBA,M,,,,1799,AUG25,0,20,1983,i
9220496,"Arbi, Bshir Erhuma",LBA,M,,,,1734,AUG25,0,40,1975,i
9200258,"Asabri, Hassan",LBA,M,,,,2155,AUG25,0,20,1967,i
9200177,"Asabri, Hussien",LBA,M,FM,,,2223,AUG25,0,20,1967,
9216294,"ashatr, nuri abulgasem",LBA,M,,,,1745,AUG25,0,40,1964,i
9215093,"Asheeni, Ala Asim",LBA,M,,,,1785,AUG25,0,40,1992,
9203036,"Ashor, Abdulmajed",LBA,M,,,,1839,AUG25,0,20,0,i
9219080,"Asker, Mahmoud salim",LBA,M,,,,1961,AUG25,0,40,1990,i
9209760,"Aslaim, Alla Salem",LBA,M,,,,1768,AUG25,0,40,1982,i
9200363,"Asma, Alaref",LBA,F,,,,1911,AUG25,0,40,0,wi
9207023,"Astail, Iyman M.",LBA,M,,,,1848,AUG25,0,40,1971,
9204555,"Ateboli, Fathi M.",LBA,M,,,,1850,AUG25,0,20,1973,
9209875,"Atiyah, Farris Fathullah",LBA,M,,,,1920,AUG25,0,40,1995,i
9206485,"Attalib, Osama A.",LBA,M,,,,2090,AUG25,9,20,1978,
9201980,"Attir, Abdurrahman",LBA,M,,,,1702,AUG25,0,20,1988,i
9210040,"Atwair, Mahmoud",LBA,M,,,,1662,AUG25,0,40,1999,
9206833,"Atwair, Mohamed M.",LBA,M,,,,1746,AUG25,0,40,0,i
9209883,"Ausa, Mfthah A.",LBA,M,,,,1856,AUG25,0,40,1990,i
9222294,"Awushah, Abdullah Abdulsalam",LBA,M,,,,1739,AUG25,0,40,1983,i
9204814,"Ayoub, Hosam",LBA,M,,,,1850,AUG25,7,20,1966,
9213562,"Ayoub, Salah Ftiees",LBA,M,,,,1755,AUG25,0,40,1981,i
9211535,"Azooz, Ahmed Tawfik",LBA,M,,,,1788,AUG25,0,40,1994,
9202463,"Azweid, Ali",LBA,M,,,,1903,AUG25,0,40,1998,i
9214437,"Azzabi, Khalil Ali",LBA,M,,,,1867,AUG25,0,40,1994,
9225200,"B oun, Omran Saleh",LBA,M,,,,1571,AUG25,0,40,2009,
9204610,"B.m. Bobaker, Baha Eldien",LBA,M,,,,1900,AUG25,0,20,1986,i
9209824,"Bader, Mohamed F.",LBA,M,,,,1717,AUG25,0,40,2006,i
9211659,"Bader, Yousif Fakri",LBA,M,,,,1825,AUG25,0,40,2002,i
9209239,"Bader, Yousif M.",LBA,M,,,,1854,AUG25,0,40,1973,i
9216103,"Badi, Almuetasim Billalah abdulali",LBA,M,,,,1859,AUG25,0,20,1997,
9208925,"Badr, Saleem Jummah",LBA,M,,NA,,1854,AUG25,0,20,1979,i
9206280,"Bahoor, Mahmoud A.",LBA,M,,,,1901,AUG25,0,20,1980,
9219102,"Bahroun, Bassam abdusalam",LBA,M,,,,1737,AUG25,0,40,1984,i
9221697,"Balhaj, Abdulmuez Mustafa",LBA,M,,,,1796,AUG25,0,40,2000,
9205918,"Balhoud, Ahmeedah Mohammed",LBA,M,,,,1854,AUG25,0,40,1963,i
9216219,"Ballout, Kamaluldin Ali",LBA,M,,NA,,1886,AUG25,0,20,1982,i
9216529,"barru, omar masoud",LBA,M,,,,1729,AUG25,0,40,1961,i
9202269,"Battal, Saad",LBA,M,,,,1764,AUG25,5,20,1972,
9208810,"Bayood, Mustafa",LBA,M,,,,1706,AUG25,5,20,1980,
9202277,"Belhaj, Abdulhakim",LBA,M,,,,1819,AUG25,0,40,0,i
9211225,"Belhaj, Saleh",LBA,M,,,,1731,AUG25,0,40,1958,i
9210520,"Ben Dardaf, Moatasem Be allah",LBA,M,,,,1866,AUG25,0,40,1985,i
9219803,"Ben Eghfyer, Wasim Mohamed",LBA,M,,,,1764,AUG25,0,40,1998,
9200487,"Ben Farahat, Ramadan",LBA,M,,,,1956,AUG25,0,40,1990,i
9219340,"Ben Hamed, Mohamed salem",LBA,M,,,,1748,AUG25,0,40,1985,i
9216456,"ben juma, ali elfituri",LBA,M,,,,1769,AUG25,0,40,1978,i
9200223,"Ben Nasser, Khaled",LBA,M,FM,,,2210,AUG25,0,20,1971,i
9205640,"Ben Youns , Abd Alkareem",LBA,M,,,,1980,AUG25,0,40,2000,i
9211624,"Ben Zabeh, Majeed",LBA,M,,,,1770,AUG25,0,40,1980,i
9202447,"Ben-Srity, Mohamed",LBA,M,,,,2044,AUG25,0,20,1961,i
9200118,"Bengafer, Moh",LBA,M,,,,2205,AUG25,0,20,1962,i
9208712,"BenHmaid, Mohamed",LBA,M,,,,1737,AUG25,0,40,1995,i
9217371,"Benkoura, abdunaser s. abolgasem",LBA,M,,,,1783,AUG25,0,40,1980,i
9214054,"BenMousa, Nadir Mohamed",LBA,M,,,,1605,AUG25,0,40,1965,i
9210075,"Bennoor, Adel",LBA,M,,,,1825,AUG25,7,20,1968,
9200061,"Benotman, Abu-E Ali",LBA,M,,,,2205,AUG25,0,40,0,i
9202072,"Bensrity, Mokhtar",LBA,M,,,,2093,AUG25,0,20,1968,i
9208585,"Bensrity, Mustafa Z",LBA,M,,,,1720,AUG25,0,40,2008,i
9202021,"Bensrity, Zakaria",LBA,M,,,,1995,AUG25,0,20,1977,i
9201815,"Benyoussef, Salem",LBA,M,,,,1784,AUG25,0,40,1985,i
9214828,"Bin Essa, Abdurahman Mohamed",LBA,M,,,,1746,AUG25,0,40,1988,i
9218475,"Bin Halal, Mohamed Abdulbasit",LBA,M,,,,1614,AUG25,0,40,2002,i
9206914,"Bin Naser, Abdulaziz Nasr Almansouri",LBA,M,,NA,,1843,AUG25,5,20,1961,
9211594,"Bodowara, Abdalmola J.",LBA,M,,,,1584,AUG25,0,40,1965,i
9209816,"Bodowara, Mohamed",LBA,M,,,,1728,AUG25,2,40,1966,
9209905,"BoHaslok, Mahmoud Mohamed",LBA,M,,,,1909,AUG25,0,40,1957,i
9213163,"Bokamar, Ayiob Rajab",LBA,M,,,,1893,AUG25,0,40,2005,i
9208984,"Bokamar, Mohamed Rajab",LBA,M,,,,1711,AUG25,0,40,2001,i
9211896,"Bomadi, Mohamed Faraj",LBA,M,,,,1783,AUG25,0,40,1982,i
9206116,"Bosteen, Ali O.",LBA,M,,,,1654,AUG25,0,40,1966,
9206884,"Bosteen, Omer A.",LBA,M,,,,1874,AUG25,0,40,1993,
9211608,"Botalak, Marwan Abdallah",LBA,M,,,,1841,AUG25,0,40,1980,i
9223320,"Bouleefah, yousuf Mohammed",LBA,M,,,,1890,AUG25,0,40,1966,
9208607,"Braidan, Zaidan Salem",LBA,M,,,,1938,AUG25,0,20,1978,i
9214445,"Brka, Emad A.",LBA,M,,,,1807,AUG25,0,20,1989,i
9220712,"Buder, Hisham Musbah",LBA,M,,,,1879,AUG25,6,40,1989,
9212744,"Bugrarah, Munieb Nafeh",LBA,M,,,,1734,AUG25,0,40,1999,i
9206361,"Buhlfaya, Basher A.",LBA,M,,,,1791,AUG25,0,40,1974,i
9202005,"Buirzayqah, Mohammed",LBA,M,,,,AIM,AUG25,1839,0,1983,
9213414,"Bukaruba, Kaled Suliman",LBA,M,,,,1794,AUG25,0,40,1970,i
9219579,"Bukhrais, Tariq Ali",LBA,M,,,,1654,AUG25,0,40,1980,i
9208739,"BuKshaim, Abdalsalam",LBA,M,,,,1780,AUG25,7,20,1968,
9212124,"Burgegah, Musbah Faraj",LBA,M,,,,1839,AUG25,0,40,1981,i
9221247,"Bushaala, Maryam Mohamed",LBA,F,,,,1594,AUG25,0,40,2007,w
9224068,"Bushaala, Sameer",LBA,M,,,,1761,AUG25,0,40,2008,
9206264,"Busnaina, Emad",LBA,M,,,,1803,AUG25,0,20,1979,i
9204520,"Busniana, Rabieh O.",LBA,M,,NA,,1755,AUG25,0,20,1985,i
9222790,"Buwujawuri, Abdulwahab Ezalldin",LBA,M,,,,1589,AUG25,4,40,1995,
9213929,"Buzena, Hamza Aiad",LBA,M,,,,1671,AUG25,0,40,1981,i
9200215,"Chahrani, Ibrahim",LBA,M,FM,FT,,2230,AUG25,0,20,1972,i
9210733,"Dadosh, Abdulbari M.",LBA,M,,,,1744,AUG25,6,20,1985,
9203060,"Dahdosh, Abdulmanhim",LBA,M,,,,1849,AUG25,8,20,1983,
9219323,"Dakheel, Omar Ali",LBA,M,,,,AIM,AUG25,1861,0,1998,
9213228,"Daryouk, Omer",LBA,M,,,,1808,AUG25,0,40,2002,i
9213198,"Daw, Iyman Younis",LBA,M,,,,1711,AUG25,0,40,2002,i
9213570,"Deyaa, Foad Ehmaida",LBA,M,,,,1599,AUG25,0,40,1988,i
9223134,"Dlf, Kenan Abdelssalam R.",LBA,M,,,,1414,AUG25,0,40,2013,
9201300,"Dorar, Fathi Mohamed",LBA,M,,,,1968,AUG25,0,40,1962,i
9203311,Dourar Osama,LBA,M,,,,1830,AUG25,0,40,1997,i
9211110,"Dryouk, Omer Jamal",LBA,M,,,,1687,AUG25,0,20,2002,i
9221875,"Ebrahim Ali, Gadban",LBA,M,,,,1612,AUG25,0,40,1981,
9205942,"Eglaiah, Emad S.",LBA,M,,,,1816,AUG25,0,40,1975,i
9213660,"Ekraim, Murad Mohamed",LBA,M,,,,1846,AUG25,0,40,1989,i
9200606,"El Flow, Khuloud",LBA,F,WFM,WFM,,1843,AUG25,0,40,1992,wi
9202307,"El Ghaib, Walid",LBA,M,,,,1938,AUG25,0,40,0,i
9201220,"EL Ghdamssi, Mohamed Bashir",LBA,M,,,,1926,AUG25,0,20,1981,i
9200037,"El Gheiadi, I.",LBA,M,,,,1821,AUG25,6,20,1939,
9203320,El Kahli Abdsattar,LBA,M,,,,1502,AUG25,0,40,2004,i
9200045,"El Kreni, N.",LBA,M,,,,2205,AUG25,0,40,0,i
9218491,"El Tayaari, Najmedin Sasi",LBA,M,,,,1711,AUG25,0,40,2000,i
9202102,"El-Gehani, Ghassan",LBA,M,,,,2064,AUG25,0,20,1981,i
9200088,"El-Mezwaghi, Hassan J.",LBA,M,,,,1876,AUG25,4,20,1957,
9200355,"Elarabi, Abobker Mohamed",LBA,M,FM,,,2244,AUG25,8,20,1973,
9202900,"Elasaifer, Abdulkarim Omar",LBA,M,,NA,,1873,AUG25,0,20,1979,
9215972,"Elbarag, Sagi bashir",LBA,M,,,,1786,AUG25,0,40,2000,i
9200304,"Elbaruni, Mohamed",LBA,M,CM,,,2116,AUG25,0,20,1980,i
9200681,"Elblezi, Giuma",LBA,M,,,,1973,AUG25,8,20,1968,
9218599,"Elbradei, Feras I",LBA,M,,,,1864,AUG25,0,20,2000,
9215158,"Elchik, Ebrahim",LBA,M,,,,1612,AUG25,0,20,1973,
9208763,"Elfelo, Ali",LBA,M,,,,1785,AUG25,0,20,1973,
9201254,"Elfelo, Eklas",LBA,F,,,,1639,AUG25,0,40,1999,wi
9201009,"Elfelu, Alsaid",LBA,M,,,,1933,AUG25,0,20,1995,
9200401,"Elflow, Khadija Juma Ahmed",LBA,F,WFM,WFM,SI,1911,AUG25,0,20,1986,wi
9206191,"ELghaib,Rabea Omer",LBA,M,,,,1930,AUG25,0,20,1978,i
9205659,"Elgriw, Muad Mohamed",LBA,M,,,,1885,AUG25,0,40,1994,i
9215891,"Elhaj Yousef, abdulfattah yousef",LBA,M,,,,1753,AUG25,0,40,1986,
9203567,"Elhallawi, Mouhanned S.",LBA,M,,,,1945,AUG25,8,40,1971,
16217543,"Elier, Ali",LBA,M,CM,,,2142,AUG25,0,20,2001,
9222340,"Eljabu, Moad Najib M.",LBA,M,,,,1836,AUG25,0,40,2007,i
9214640,"Elmadani, Walid Mohamed",LBA,M,,,,1562,AUG25,0,40,1979,i
9208178,"Elmajbari, Ahmed A.",LBA,M,,,,1865,AUG25,0,40,1986,i
9209581,"Elmatardi, Haitem",LBA,M,,,,1826,AUG25,0,20,1986,i
9200398,"Elmejbri, Ali A.",LBA,M,FM,,,1908,AUG25,9,20,1959,
9201262,"Elnaami, Hashem A.K.",LBA,M,CM,SI,,1926,AUG25,0,20,1994,i
9200770,"Elnami, Saffa",LBA,F,,,,1727,AUG25,0,40,1995,wi
9204628,"Elsanossi,ragab, A",LBA,M,,,,1825,AUG25,0,40,1958,i
9202552,"Elshaafi, Ali",LBA,M,,NA,,1955,AUG25,0,20,1992,
9202498,"Elsharaa, Abdelhakim",LBA,M,,,,1920,AUG25,0,40,1964,i
9212060,"Elturki, Abdurahman Mohamed",LBA,M,,,,1500,AUG25,0,40,2006,i
9212078,"Elturki, Emad Eddin Mohamed",LBA,M,,,,1578,AUG25,0,40,2009,i
9213430,"Elturki, Sufyan Khalid",LBA,M,,,,1728,AUG25,0,40,2001,i
9204415,"Elwerfali, Mohammed Fouzi S.",LBA,M,,,,1785,AUG25,0,20,1972,i
9201734,"Embark, Khamis Omran",LBA,M,,,,1825,AUG25,0,40,1965,i
9212868,"Emhamed, Mohamed Jebrel",LBA,M,,,,1821,AUG25,0,40,1999,i
9200789,"Emhemed, Inas",LBA,F,WCM,WCM,,1714,AUG25,0,40,1994,wi
9220500,"Emhemmed, Jamal E Ali",LBA,M,,,,1443,AUG25,0,40,2007,i
9225285,"Emreewees, Basheer salem",LBA,M,,,,1551,AUG25,0,40,1972,
9225617,"Enajar, Lokman Msadek Omar",LBA,M,,,,1645,AUG25,5,40,2005,
9209204,"Engaitah, Abdalsalam A.",LBA,M,,,,1966,AUG25,0,20,1998,i
9220445,"Erghei, Ahmed Mustfa",LBA,M,,,,1592,AUG25,0,40,2008,i
9202595,"Erhouma, Ezzdeen",LBA,M,,,,1837,AUG25,0,20,1971,i
9220631,"Errajel, Wajdi Anwar",LBA,M,,,,1673,AUG25,0,40,2010,i
9205330,"Ertemi,Ibrahim K",LBA,M,,,,1851,AUG25,0,20,1975,
9201602,"Essewe, Abdelbaset",LBA,M,,,,1804,AUG25,0,20,1962,i
9213309,"Ezaldean, Mohamed Saad",LBA,M,,,,1743,AUG25,0,40,1999,i
9208658,"Fadeal, Hamdi Jumha",LBA,M,,,,1836,AUG25,0,40,1975,i
9202749,"Fadeal, Kamal Idris",LBA,M,,,,2023,AUG25,0,20,0,
9201742,"Fakron, Ramadan",LBA,M,,,,1829,AUG25,0,20,1962,
9219595,"Fanna, Ehab",LBA,M,,,,1464,AUG25,0,40,2000,i
9203257,"Farag, Aboud",LBA,M,,,,1809,AUG25,0,40,0,i
9212680,"Faraj, Abdulsalam Ateia",LBA,M,,,,1738,AUG25,0,40,1999,i
9213007,"Faraj, Hisham Fathi",LBA,M,,,,1843,AUG25,0,40,1999,i
9219064,"Faraj, Mohammed Salah",LBA,M,,,,1879,AUG25,0,20,2000,
9212035,"Fates, Omer Salah",LBA,M,,,,2094,AUG25,0,40,2009,
9210180,"Fathi, Mohamed",LBA,M,,,,1940,AUG25,0,20,1997,
9202412,"Fellah, Mohamed",LBA,M,CM,,,1984,AUG25,0,20,2001,i
9213368,"Fituri, Hashem K.M.",LBA,M,,,,1460,AUG25,0,40,2008,i
9213376,"Fituri,Hamza K. M.",LBA,M,,,,1589,AUG25,6,40,2006,
9214860,"Fraifer, Tareq Mohamed",LBA,M,,,,1823,AUG25,0,40,1987,
9200142,"Franika, Khaled mahmoud",LBA,M,,NA,,1757,AUG25,7,20,1965,
9203729,"Franka, Mahmoud",LBA,M,,,,1918,AUG25,0,20,0,i
9208402,"Franka, Mohamed K.",LBA,M,,,,1533,AUG25,0,40,1995,i
9213260,"Ftais, Aseil Salah",LBA,M,,,,1729,AUG25,0,40,1999,i
9201564,"Ftiees, Salah",LBA,M,,,,1747,AUG25,0,20,1965,
9218564,"Furayfir, Ali Mohammed",LBA,M,,,,1818,AUG25,0,40,1990,
9201360,"Gaem, Musaab",LBA,M,,,,1907,AUG25,0,20,1976,
9201750,"Gahfer, Khaled",LBA,M,,,,1866,AUG25,0,20,1968,
9213635,"Gaith, Farag Ali",LBA,M,,,,1698,AUG25,0,40,1973,
9210997,"Galaiow, Hosam Faraj",LBA,M,,NA,,1866,AUG25,0,20,1990,
9216120,"Garged, Islam rafiq",LBA,M,,,,1656,AUG25,0,40,2009,i
1312383,"Gator, Mosab",LBA,M,FM,,,2139,AUG25,0,20,1990,i
9218068,"Gdeer, abdalla Juma",LBA,M,,,,1767,AUG25,0,40,1981,i
9204148,"Geshash, Altaib",LBA,M,,,,1789,AUG25,0,40,0,i
9216871,"Ghalyu, Wisam faraj",LBA,M,,,,1664,AUG25,0,40,1990,
9202323,"Gharib, Faraj H.",LBA,M,,,,1828,AUG25,0,40,1966,
9202153,"Gharib, Mahmoud",LBA,M,,,,1918,AUG25,0,40,1983,i
9219501,"Ghoddi, Maren Naji",LBA,F,,,,1600,AUG25,0,40,2004,wi
9210229,"Gnedy, Diaa",LBA,M,,,,1911,AUG25,0,40,1978,i
9200193,"Gremeda, Nuri Milad",LBA,M,,,,1991,AUG25,8,20,1971,
9202781,"Gumatti, Jumma",LBA,M,,,,1867,AUG25,0,20,1957,
9218955,"Gurnbash, Ahmed Mohamed",LBA,M,,,,1617,AUG25,7,40,1996,
9223894,"Gzema, Abdalbast A M",LBA,M,,,,1695,AUG25,12,40,1979,
9218335,"Hadoud, Mohammed abdullah",LBA,M,,,,1701,AUG25,0,40,2002,
9216987,"Hamad, abd elalem fathi",LBA,M,,,,1598,AUG25,0,40,1990,i
9212620,"Hamed, Saleh Abdallah",LBA,M,,,,1801,AUG25,0,40,1999,i
9202757,"Hamed, Yamen Mahmod",LBA,M,,,,1834,AUG25,0,40,0,i
9209913,"Hamza, Waled I. Mousa",LBA,M,,,,1783,AUG25,0,40,1980,i
9214801,"Hanka, Abdulhamid Sharef",LBA,M,,,,1627,AUG25,0,40,1967,i
9214461,"Hanka, Adel Sharf",LBA,M,,,,1744,AUG25,0,40,1971,i
9202676,"Hanka, Ali",LBA,M,,,,1821,AUG25,0,40,0,i
9207562,"Harakat, Fawzi A.",LBA,M,,,,1801,AUG25,0,40,1971,i
9218572,"Hasan, Mohammed Yousuf Ahmed",LBA,M,,,,1499,AUG25,0,40,1972,
9211390,"Hassan, Abdalgader Khalifa",LBA,M,,,,1785,AUG25,0,40,1980,i
9209310,"Hassan, Ateia",LBA,M,,,,1866,AUG25,0,40,1975,i
9211306,"Hassan, Ibrahim Khalifa",LBA,M,,,,1884,AUG25,0,40,1987,i
9210490,"Hassan, Mohamed M.",LBA,M,,,,1920,AUG25,0,20,1980,i
9209042,"Hassan,Hassan Osama",LBA,M,,,,1740,AUG25,0,40,2005,i
9217797,"Hbarat, Hashem tareq",LBA,M,,,,1498,AUG25,0,40,2015,i
9217789,"Hbarat, Sufyan tareq",LBA,M,,,,1623,AUG25,0,40,2010,i
9217770,"Hbarat, Sultan tareq",LBA,M,,,,1528,AUG25,0,40,2010,i
9216154,"Heelan, saleh albashir",LBA,M,,,,1719,AUG25,0,40,1969,i
9204440,"Hisham, Abdulmatlob",LBA,M,,,,1881,AUG25,0,40,0,i
9202528,"Hmooda, Elhabib",LBA,M,,,,1856,AUG25,0,40,1945,i
9207724,"Howaij, Hateam A.",LBA,M,,,,1969,AUG25,0,40,1979,i
9223908,"Hsairi, Abdulrahman Aribi",LBA,M,,,,1788,AUG25,7,40,2005,
9220267,"Hudoud, Kamal Dayab",LBA,M,,,,1825,AUG25,0,40,1961,i
9200479,"Humrana, Mostafa",LBA,M,,,,2041,AUG25,0,20,1979,i
9212647,"Husain, Salah Moftah",LBA,M,,,,1677,AUG25,0,40,1999,i
9209921,"Husain, Sulaiman A.M.",LBA,M,,,,1782,AUG25,0,40,1995,i
9208887,"Husayn, Ayad Jummah",LBA,M,,,,1976,AUG25,8,20,1981,
9208615,"Husayn, Osama H M",LBA,M,,,,1923,AUG25,0,20,1975,i
9224114,"Hussein, Islam Mohammed",LBA,M,,,,1679,AUG25,4,40,2005,
9219331,"Hussein, Wessam farhat",LBA,M,,,,1833,AUG25,0,40,1978,i
9202790,"Hussien, Faraj",LBA,M,,,,1854,AUG25,0,40,1951,i
9216480,"ibsheesh, abdulsalam salih",LBA,M,,,,1713,AUG25,4,40,1971,
9214933,"Idris, Ahmed Abdalaziz",LBA,M,,,,1738,AUG25,0,40,1994,i
9214968,"Idrsi, Mahmod Ibrahim",LBA,M,,,,1857,AUG25,0,40,1985,i
9220216,"Ighleew,muad ali",LBA,M,,,,1730,AUG25,0,40,2002,
9202161,"Igwaia, Abdelnasir M.",LBA,M,,,,1983,AUG25,0,20,1965,i
9220348,"Ihlaylah, Adnan Mohammed",LBA,M,,,,1752,AUG25,0,40,1986,
9217673,"Ikneeweer, Muhanad Fathi Mohammed",LBA,M,,,,1452,AUG25,0,40,2010,i
9213775,"Ilyas, Muhammad Walayat",LBA,M,,,,1888,AUG25,0,40,1964,i
9213627,"Issa, Moatz Mohamed",LBA,M,,,,1796,AUG25,0,40,1985,i
9213481,"Jaballah, Islam",LBA,M,,,,1772,AUG25,0,40,1990,i
9210881,"Jaballah, Mohamed",LBA,M,,,,1796,AUG25,0,40,1984,i
9205411,"Jamjoum, Jamal",LBA,M,,,,1704,AUG25,0,40,2000,i
9203753,"Jebreel, Abdulhakeem",LBA,M,,,,1869,AUG25,0,40,0,i
9214666,"Jeyashi, Salah Ali",LBA,M,,,,1796,AUG25,0,40,1981,i
9202170,"Kablan, Emad Eldin",LBA,M,,,,1913,AUG25,0,20,1984,i
9203370,Kachech Etayeb,LBA,M,,,,1653,AUG25,0,40,2004,i
9201386,"Kachoud, Massaoud",LBA,M,,,,1722,AUG25,0,20,0,i
9210849,"Kairallah, Waled Mohamed",LBA,M,,,,1863,AUG25,0,40,1977,i
9202331,"Kalli, Abdulla",LBA,M,,,,1923,AUG25,0,40,1981,i
9218920,"Kamon, Yousf Mohamed",LBA,M,,,,1663,AUG25,0,40,1988,i
9220275,"Kareemah, Kamil Khayri",LBA,M,,,,1736,AUG25,0,40,1989,i
9222219,"Kernaf, Jafar Basher",LBA,M,,,,1607,AUG25,0,40,1996,i
9201467,"Khalefa, Khaled",LBA,M,,,,1873,AUG25,7,20,1974,
9212337,"Khalefallah, Mohamed",LBA,M,,,,1812,AUG25,0,40,1988,i
9220291,"Khalifa, Ahmed Ammar",LBA,M,,,,1717,AUG25,0,40,1981,i
9223401,"Khalil, Abdulsalam Karam",LBA,M,,,,1792,AUG25,0,40,2000,
9220356,"Khamaj, Ahmed Ali",LBA,M,,,,1817,AUG25,0,40,2007,
9220305,"Khamaj, Anas Ali",LBA,M,,,,1688,AUG25,0,40,2007,i
9223096,"Khamaj, Omar ali",LBA,M,,,,1442,AUG25,0,40,2014,
9208844,"Khamis, Omer Embark",LBA,M,,,,1689,AUG25,0,40,2003,i
9224122,"Kharrubi, Yousef Ali",LBA,M,,,,1744,AUG25,0,40,2004,
9218521,"Khlaf, Ahmed Mohamed",LBA,M,,,,1485,AUG25,4,40,2003,
9217754,"Khoja, Amjad Anwar",LBA,M,,,,1814,AUG25,5,40,1984,
9214950,"Kowaidear, Mohamed Awad",LBA,M,,,,1676,AUG25,0,40,1995,i
9222235,"Kryem, Hasan Khaled",LBA,M,,,,ACM,AUG25,1756,0,2004,
9222154,"Kurnaf, Ahmed Shukri",LBA,M,,,,1735,AUG25,0,40,1995,i
9215166,"Kushlaf, Amhimmid husayn",LBA,M,,,,1838,AUG25,0,40,1974,i
9220100,"Kweiri, Ahmed ezzeddin T.",LBA,M,,,,1728,AUG25,6,40,2015,
9217509,"Kweiri, Tawfik ezzeddin",LBA,M,,,,1974,AUG25,8,40,2010,
9203095,"Laga, Goumha",LBA,M,,,,1913,AUG25,0,40,0,i
9214470,"Lagha, Moftah Ali",LBA,M,,,,1687,AUG25,0,40,1967,i
9215689,"MABRUK TAGIURI, MOEZ RAGHEB",LBA,M,,,,1741,AUG25,5,40,2006,
9215182,"Madi, adnan",LBA,M,,,,1732,AUG25,0,40,1976,i
9214089,"Madi, Amjad Abdalaziz",LBA,M,,,,1730,AUG25,0,40,1986,
9200819,"Madi, Emad",LBA,M,,,,2054,AUG25,7,20,1972,
9200339,"Mahdia, Farage",LBA,M,CM,,,1857,AUG25,5,20,1958,
9207759,"Mahgoub, Naser O.",LBA,M,,,,1878,AUG25,0,20,1975,
9200070,"Mahgub, Mohamed Mustafa",LBA,M,,,,1875,AUG25,0,20,1956,i
9209174,"Mahmod, Mohamed Ibrahim",LBA,M,,,,1867,AUG25,0,40,1999,i
9219072,"Mahmoud, Adel M A",LBA,M,,,,1605,AUG25,7,20,1974,
9207201,"Mahmoud, Moftah S.",LBA,M,,,,1853,AUG25,0,20,1971,i
9205730,"Makloof , Ali",LBA,M,,,,1877,AUG25,0,40,1978,i
9202188,"Manaa, Gamal",LBA,M,,,,1851,AUG25,0,20,1966,
9201920,"Mansour, Abdallah",LBA,M,,,,2003,AUG25,7,20,1972,
9211683,"Mansour, Ali Hamed",LBA,M,,,,1815,AUG25,0,40,1973,i
9213821,"Mansour, Waeil Faraj",LBA,M,,,,1617,AUG25,0,40,1985,i
9206078,"Masoud, Masoud J.",LBA,M,,,,1702,AUG25,0,40,0,i
9225838,"Masoud, Saeid Salih Mohammed",LBA,M,,,,1780,AUG25,8,40,1994,
9206957,"Masoud, Saleh",LBA,M,,,,1897,AUG25,0,20,1992,
9212205,"Mawlai, Hashem Basher",LBA,M,,,,1777,AUG25,0,40,1998,i
9214585,"Mgawi, Abdurrahman Majdi",LBA,M,,,,1860,AUG25,0,40,1998,
9222227,"Miftah, Ridha Sasi",LBA,M,,,,1607,AUG25,0,40,1973,i
9212370,"Moatz, Alshareef",LBA,M,,,,1636,AUG25,0,40,1988,i
9213600,"Mogatel, Eihab Fathi",LBA,M,,,,1849,AUG25,0,40,1998,i
9224700,Mohamad Matouk Mohamad,LBA,M,,,,1642,AUG25,0,40,1987,
9209948,"Mohamed, A Mohamed",LBA,M,,,,1824,AUG25,0,40,1975,i
9222308,"Mohamed, Abuagela M Eshebani",LBA,M,,,,1791,AUG25,0,40,1966,i
9219846,"Mohamed, Ahmed Husain",LBA,M,,,,1725,AUG25,0,40,1991,
9214178,"Mohamed, Anas Saleh",LBA,M,,,,1863,AUG25,0,20,1990,
9208623,"Mohamed, Faisal Bader Aldeen",LBA,M,,,,1750,AUG25,0,20,1970,i
9208860,"Mohamed, Jumha Tahir",LBA,M,,,,1671,AUG25,0,40,1974,i
9213333,"Mohamed, Mahmod Hmeed",LBA,M,,,,1722,AUG25,0,40,1984,i
9212884,"Mohamed, Mahmod Saleh",LBA,M,,,,1754,AUG25,0,40,1988,
9214216,"Mohamed, Naser Mohamed",LBA,M,,,,1702,AUG25,0,40,1966,i
9204954,"Mohamed, Omer J.",LBA,M,,,,1956,AUG25,8,20,1966,
9206752,"Mohamed, Tarek A.",LBA,M,,,,1653,AUG25,0,40,1979,i
9225846,"Mohammed, Abdulrahman Abdulkarim",LBA,M,,,,1807,AUG25,6,40,2008,
9208640,"Mohammed, Aljibali Alsadiq",LBA,M,,,,1784,AUG25,0,40,1971,i
9205110,"Mohammed, Emaduldin",LBA,M,,,,1897,AUG25,6,20,1981,
9200703,"Mohammed, Hatem",LBA,M,,,,1753,AUG25,0,40,0,
9208933,"Mohammed, Miftah Alsanousi",LBA,M,,,,1734,AUG25,0,40,1978,i
9215409,"Mohammed, Mohammed Emad Abdulsalam",LBA,M,,,,1548,AUG25,0,40,2011,i
9212388,"Mohammed, N.Mohammed",LBA,M,,,,1757,AUG25,0,40,1988,i
9225862,"Mohammed, Yahy Abdulkarim Mohamed",LBA,M,,,,1672,AUG25,5,40,2000,
9213236,"Mojahed, Ahmed Salem",LBA,M,,,,1616,AUG25,0,40,2002,i
9217975,"Mouftah, Mousi Arhoumah Miftah",LBA,M,,,,2033,AUG25,9,40,2001,
9213058,"Mrajeh, Abdalrahman Abbas",LBA,M,,,,1776,AUG25,0,40,1999,i
9225870,"Mujawir, Hamid Alsideeq Eisay",LBA,M,,,,1810,AUG25,6,40,2000,
9202366,"Musbah, Mohamed",LBA,M,,,,1843,AUG25,0,40,0,i
9211446,"Mustafa, Mohamed Abdalsalam",LBA,M,,,,1854,AUG25,0,40,1981,i
9211497,"Mustafa, Najm Abdalsalam",LBA,M,,,,1746,AUG25,0,40,1986,i
9215034,Mustafa. Ali Saied,LBA,M,,,,1950,AUG25,0,40,1978,i
9203133,"Nagi, Abdalaziz",LBA,M,,,,1840,AUG25,0,40,1991,i
9209190,"Najeeb, Mustafa",LBA,M,,,,1831,AUG25,0,40,1993,i
9208895,"Najmi, Fouzi Saleh",LBA,M,,,,1858,AUG25,0,40,1980,i
9201777,"Nanis, Younes ismaeel",LBA,M,,,,1866,AUG25,0,40,1986,
9205365,"Naser Eldean,Ahmed",LBA,M,CM,NA,,2015,AUG25,0,20,1998,
9219056,"Omar, Abdulhakim Omar",LBA,M,,,,1731,AUG25,0,40,1994,i
9210857,"Omer, Abdallah Mohamed",LBA,M,,,,1788,AUG25,0,40,1968,i
9212434,"Omer, Ahmed Mohamed",LBA,M,,,,1814,AUG25,0,40,2000,i
9205209,"Omer, Ali",LBA,M,,,,1929,AUG25,0,20,1986,i
9212825,"Omer, Mohamed Omer",LBA,M,,,,1804,AUG25,0,40,1999,i
9218041,"Othman, Abdulhaq Lutfi",LBA,M,,,,1465,AUG25,0,40,2011,i
9204989,"Othman, Alkasseh",LBA,M,,,,1835,AUG25,0,40,1969,i
9223649,"Qsar, Shada Khais",LBA,F,,,,1680,AUG25,0,40,2001,w
9213325,"Rahel, Emad Abdaljalil",LBA,M,,,,1709,AUG25,3,40,1979,
9200797,"Rahouma, Wafa",LBA,F,,,,1669,AUG25,0,40,0,wi
9201963,"Ramadan, Siraj",LBA,M,,NA,,1788,AUG25,4,20,1982,
9218076,"Rasheed, Mohamed A. M",LBA,M,,,,1723,AUG25,0,40,1982,i
9210580,"Rezk Alla, Saad",LBA,M,,,,1765,AUG25,0,20,1958,i
9213112,"Saad, Mohamed Agela",LBA,M,,,,1697,AUG25,0,40,1999,i
9213597,"Saad, Mohamed Saleem",LBA,M,,,,1754,AUG25,0,40,2000,i
9209786,"Sadaga, Ali K.",LBA,M,,,,1746,AUG25,0,40,1976,i
9202030,"Sadaga, Salah",LBA,M,,,,1947,AUG25,0,20,1964,i
9222677,"Saeid, Abdul Rahim, Khalifa",LBA,M,,,,1537,AUG25,5,40,2011,
9205977,"Sager, Othman S.",LBA,M,,,,1866,AUG25,0,40,1965,i
9205764,"Saghayer, Mohamed Abubaker",LBA,M,,FA,,1920,AUG25,0,40,1961,i
9215344,"Said, Khalleefah",LBA,M,,,,1783,AUG25,6,20,1978,
9205217,"Saied, Ashraf",LBA,M,,,,1802,AUG25,0,20,0,i
9209590,"Saleem, Hamza",LBA,M,,,,1805,AUG25,0,40,1991,i
9215069,"Saleh, Abdusalam Alhadi",LBA,M,,,,1682,AUG25,0,40,1984,i
9208666,"Saleh, Hosam Younis",LBA,M,,,,1852,AUG25,0,40,1983,i
9208852,"Saleh, Ibrahim M.",LBA,M,,,,1746,AUG25,0,20,1980,i
9211314,"Saleh, Jibrel Abdallah",LBA,M,,,,1644,AUG25,0,40,1988,i
9213015,"Saleh, Kaled Mohamed",LBA,M,,,,1780,AUG25,0,40,1999,i
9201793,"Saleh, Moftah J.",LBA,M,,,,1837,AUG25,0,40,1988,i
9203176,"Saleh, Mohab",LBA,M,,,,1894,AUG25,0,20,1985,i
9208674,"Saleh, Mohamed Younis",LBA,M,,,,1872,AUG25,0,40,1995,i
9212361,"Salem , Magdi",LBA,M,,,,1963,AUG25,0,40,1988,i
9208801,"Salem, Abdaljwad Salem",LBA,M,,,,1815,AUG25,0,40,1972,i
14322200,"Salem, Abdarahim",LBA,M,,,,AFM,AUG25,1822,0,1989,
9200282,"Salem, Ali Maoloud",LBA,M,,,,1956,AUG25,0,20,1965,
9202110,"Salem, Mahjob",LBA,M,,,,2053,AUG25,0,20,1981,i
9212116,"Salem, Majdi Nnri",LBA,M,,,,1784,AUG25,0,20,1983,i
9217460,"Salem, Mujib Murad Mohamed",LBA,M,,,,1790,AUG25,0,40,2004,i
9211772,"Salih, Sami Omer H.",LBA,M,,,,1832,AUG25,0,20,1998,i
9224920,"Salih, Yousuf Alnaji abdulaziz",LBA,M,,,,1631,AUG25,0,40,2009,
9216235,"salim,amyn fouzi",LBA,M,,,,1651,AUG25,0,40,2005,i
9211101,"Sartiah, Omer EMohamed",LBA,M,,,,1677,AUG25,0,20,2003,i
9207775,"Sbaita, Waleed",LBA,M,,,,1922,AUG25,0,20,1986,i
9202196,"Shaaban Mubarak, Mohamed",LBA,M,,,,1904,AUG25,0,20,1958,i
9200150,"Shabash, Abdullatief Mohamed",LBA,M,,,,2151,AUG25,0,20,1955,i
9207783,"Shabash, Muhab M.",LBA,M,,,,1839,AUG25,0,40,1994,i
9220283,"Shaeban, Shaeban Abdulsalam",LBA,M,,,,1865,AUG25,0,40,1996,
9208100,"Shahban,Moataz M.",LBA,M,,,,1852,AUG25,0,40,1984,i
2406659,"Shahin, Jallal",LBA,M,,,,1890,AUG25,0,20,1967,i
9202420,"Shalghum, Mustafa",LBA,M,,,,1654,AUG25,0,20,2002,i
9213023,"Shamata, Ramadan Alsanosi",LBA,M,,,,1733,AUG25,0,40,1999,i
9212051,"Sharata, Amir Ahmed",LBA,M,,NA,,1569,AUG25,0,40,2001,i
9208836,"Sharmado, Abdalah Husain",LBA,M,,,,1908,AUG25,7,20,1995,
9202765,"Sharmado, Husain Abdalah",LBA,M,,,,1940,AUG25,0,20,0,i
9204245,"Shlaka, Nizar",LBA,M,,,,1874,AUG25,0,40,1984,i
9201416,"Shlebik, Emhamed",LBA,M,,,,1830,AUG25,0,40,0,i
9219510,"Shnak, Anaam F.R.",LBA,F,,,,1600,AUG25,0,40,2007,wi
9202692,"Shuaib, Faris",LBA,M,,,,1901,AUG25,0,20,0,i
9212671,"Shuhaib, Abdalrazek",LBA,M,,,,1681,AUG25,0,40,1999,i
9211853,"Sliman, Ahmed Mohamed",LBA,M,,,,1819,AUG25,0,40,1999,i
9213856,"Sliman, Fadel Mohamed",LBA,M,,,,1832,AUG25,0,40,1974,i
9216340,"Sof, Adel Masoud Mohamed",LBA,M,,,,1755,AUG25,0,40,1974,i
10600809,"Sorial, Hanna",LBA,M,,,,2272,AUG25,0,20,1962,i
9216260,"souf, mohammed adel",LBA,M,,,,1641,AUG25,0,40,2004,i
9213678,"Srab, Taha Rajab",LBA,M,,NA,,1813,AUG25,0,40,1994,
9208313,"Suleiman, Emad Suleiman",LBA,M,,,,1485,AUG25,0,40,1998,i
9205608,"Sultan , Emad Faraj",LBA,M,,,,1898,AUG25,0,20,1982,i
9205551,"Sultan ,Iyman Faraj",LBA,M,,,,1897,AUG25,0,20,1976,
9205535,"Sultan, Ahmed Faraj",LBA,M,,,,1897,AUG25,0,20,1979,
9216278,"sultan, khayri naji",LBA,M,,,,1775,AUG25,0,40,2000,i
9205020,"Sultan, Musa",LBA,M,,,,1735,AUG25,0,40,1959,i
9208305,"Sultan, Nahill F.",LBA,M,,,,1839,AUG25,0,40,1989,i
9220313,"Suweef, Akram Elhadi",LBA,M,,,,1781,AUG25,0,40,1972,
9205616,"Tagog , Mohamed",LBA,M,,,,1757,AUG25,0,40,1970,
9212094,"Taher, Ahmed Salem",LBA,M,,,,1891,AUG25,0,40,1982,i
9200509,"Taher, Rami",LBA,M,,,,2035,AUG25,0,20,1989,
9204547,"Tarek, Shkabo",LBA,M,,,,1909,AUG25,0,20,1980,i
9203427,Tawila Yamin,LBA,M,,,,1841,AUG25,0,40,1990,i
9212400,"Usama, Alzokey",LBA,M,,,,1959,AUG25,0,40,1988,
9214127,"Wanis, Salah Fadel",LBA,M,,,,1648,AUG25,0,40,1988,i
9212604,"Wannees, Sabir Jabir",LBA,M,,,,1591,AUG25,0,40,2005,i
9204563,"Yasser, Abdulrahaman",LBA,M,,,,1837,AUG25,0,20,1979,i
9210598,"Younis, Aun Othman Aghela",LBA,M,,NA,,1848,AUG25,0,40,1982,i
9212108,"Younis, Hamza Idris",LBA,M,,,,1828,AUG25,5,20,1981,
9225889,"Younus, Naseem Abdulhamid Younus",LBA,M,,,,1621,AUG25,7,40,2000,
9223495,Yousef Khalifa J. Keshlaf,LBA,M,,,,1962,AUG25,8,40,2008,
9202803,"Yousef, Ali",LBA,M,,,,1843,AUG25,0,20,1957,
9224173,"Yousef, Yousef Salah Saad",LBA,M,,,,1802,AUG25,0,40,2002,
9213457,"Yousif, Abdalaziz Mohamed",LBA,M,,,,1725,AUG25,0,40,2002,i
9212000,"Zagoot, Noah Ali",LBA,M,,,,1815,AUG25,0,20,1996,
9207457,"Zagtot, Abdulrahman",LBA,M,,,,1877,AUG25,0,40,1980,
9211829,"Zahtot, Ibrahim A.",LBA,M,,,,1683,AUG25,0,40,1997,i
9214518,"Zarrough, Abdulmotaleb A.",LBA,M,,,,1745,AUG25,4,20,1969,
9201807,"Zedan, Ahmad",LBA,M,,NA,,1881,AUG25,0,40,1948,i
9213589,"Zew, Salah Ali",LBA,M,,,,1783,AUG25,0,20,1981,i
9200380,"Zeyat, Ahmed",LBA,M,FM,,,2211,AUG25,0,20,1984,
9211128,"Zgeta, Faisal Mohamed",LBA,M,,,,1746,AUG25,16,20,1976,
9220550,"Zghwan, Abdulrahman  Mohamed W.",LBA,M,,,,1774,AUG25,4,40,2002,
9202439,"Zwayed, Mohamed",LBA,M,,,,1750,AUG25,0,40,1997,i