[
  {
    "ID Number": "31004954"
  },
  {
    "ID Number": "31006396"
  },
  {
    "ID Number": "31005179"
  },
  {
    "ID Number": "31004601"
  },
  {
    "ID Number": "31003290"
  },
  {
    "ID Number": "31001564"
  },
  {
    "ID Number": "31004881"
  },
  {
    "ID Number": "31000320"
  },
  {
    "ID Number": "30909341"
  },
  {
    "ID Number": "31004270"
  },
  {
    "ID Number": "31003567"
  },
  {
    "ID Number": "31002609"
  },
  {
    "ID Number": "31000240"
  },
  {
    "ID Number": "31004156"
  },
  {
    "ID Number": "31000703"
  },
  {
    "ID Number": "31001157"
  },
  {
    "ID Number": "31000711"
  },
  {
    "ID Number": "31005101"
  },
  {
    "ID Number": "31004865"
  },
  {
    "ID Number": "31001513"
  },
  {
    "ID Number": "31004962"
  },
  {
    "ID Number": "31000932"
  },
  {
    "ID Number": "31002056"
  },
  {
    "ID Number": "31001149"
  },
  {
    "ID Number": "31005993"
  },
  {
    "ID Number": "31001467"
  },
  {
    "ID Number": "31001882"
  },
  {
    "ID Number": "31001939"
  },
  {
    "ID Number": "31000681"
  },
  {
    "ID Number": "31000754"
  },
  {
    "ID Number": "31000770"
  },
  {
    "ID Number": "31005047"
  },
  {
    "ID Number": "31001211"
  },
  {
    "ID Number": "31002196"
  },
  {
    "ID Number": "31001319"
  },
  {
    "ID Number": "31003265"
  },
  {
    "ID Number": "31001530"
  },
  {
    "ID Number": "31001483"
  },
  {
    "ID Number": "31001386"
  },
  {
    "ID Number": "31005152"
  },
  {
    "ID Number": "31000037"
  },
  {
    "ID Number": "31003958"
  },
  {
    "ID Number": "31006477"
  },
  {
    "ID Number": "31001645"
  },
  {
    "ID Number": "31001653"
  },
  {
    "ID Number": "31003362"
  },
  {
    "ID Number": "31002897"
  },
  {
    "ID Number": "31003460"
  },
  {
    "ID Number": "31001394"
  },
  {
    "ID Number": "31006221"
  },
  {
    "ID Number": "31004431"
  },
  {
    "ID Number": "31002951"
  },
  {
    "ID Number": "31002714"
  },
  {
    "ID Number": "31002544"
  },
  {
    "ID Number": "31002854"
  },
  {
    "ID Number": "31001661"
  },
  {
    "ID Number": "31005136"
  },
  {
    "ID Number": "31003052"
  },
  {
    "ID Number": "31004830"
  },
  {
    "ID Number": "31001254"
  },
  {
    "ID Number": "31001670"
  },
  {
    "ID Number": "31005098"
  },
  {
    "ID Number": "31003753"
  },
  {
    "ID Number": "31001947"
  },
  {
    "ID Number": "31001890"
  },
  {
    "ID Number": "31003222"
  },
  {
    "ID Number": "31004261"
  },
  {
    "ID Number": "31000509"
  },
  {
    "ID Number": "31004890"
  },
  {
    "ID Number": "31004911"
  },
  {
    "ID Number": "31001351"
  },
  {
    "ID Number": "31001360"
  },
  {
    "ID Number": "31003494"
  },
  {
    "ID Number": "31000479"
  },
  {
    "ID Number": "31004644"
  },
  {
    "ID Number": "31004938"
  },
  {
    "ID Number": "31001696"
  },
  {
    "ID Number": "31002960"
  },
  {
    "ID Number": "31000185"
  },
  {
    "ID Number": "31005950"
  },
  {
    "ID Number": "31004580"
  },
  {
    "ID Number": "31000657"
  },
  {
    "ID Number": "31000541"
  },
  {
    "ID Number": "31003060"
  },
  {
    "ID Number": "31003311"
  },
  {
    "ID Number": "31003079"
  },
  {
    "ID Number": "31000517"
  },
  {
    "ID Number": "31000118"
  },
  {
    "ID Number": "31002315"
  },
  {
    "ID Number": "31004458"
  },
  {
    "ID Number": "31003907"
  },
  {
    "ID Number": "31004598"
  },
  {
    "ID Number": "31002064"
  },
  {
    "ID Number": "31003338"
  },
  {
    "ID Number": "31000452"
  },
  {
    "ID Number": "31003524"
  },
  {
    "ID Number": "5218110"
  },
  {
    "ID Number": "31003664"
  },
  {
    "ID Number": "31002820"
  },
  {
    "ID Number": "31004490"
  },
  {
    "ID Number": "31004040"
  },
  {
    "ID Number": "31001815"
  },
  {
    "ID Number": "31000134"
  },
  {
    "ID Number": "31000690"
  },
  {
    "ID Number": "31004776"
  },
  {
    "ID Number": "31004784"
  },
  {
    "ID Number": "31001548"
  },
  {
    "ID Number": "31004725"
  },
  {
    "ID Number": "31001904"
  },
  {
    "ID Number": "31001262"
  },
  {
    "ID Number": "31004385"
  },
  {
    "ID Number": "31001998"
  },
  {
    "ID Number": "31004849"
  },
  {
    "ID Number": "31000088"
  },
  {
    "ID Number": "31001424"
  },
  {
    "ID Number": "31000398"
  },
  {
    "ID Number": "31000916"
  },
  {
    "ID Number": "31000142"
  },
  {
    "ID Number": "31000428"
  },
  {
    "ID Number": "31006442"
  },
  {
    "ID Number": "31003028"
  },
  {
    "ID Number": "31003850"
  },
  {
    "ID Number": "31003974"
  },
  {
    "ID Number": "2096781"
  },
  {
    "ID Number": "31003141"
  },
  {
    "ID Number": "31000436"
  },
  {
    "ID Number": "31001769"
  },
  {
    "ID Number": "31002943"
  },
  {
    "ID Number": "31002706"
  },
  {
    "ID Number": "31002919"
  },
  {
    "ID Number": "31002900"
  },
  {
    "ID Number": "31004300"
  },
  {
    "ID Number": "31004768"
  },
  {
    "ID Number": "31006043"
  },
  {
    "ID Number": "31000967"
  },
  {
    "ID Number": "31006019"
  },
  {
    "ID Number": "31006370"
  },
  {
    "ID Number": "31002749"
  },
  {
    "ID Number": "31000266"
  },
  {
    "ID Number": "31000746"
  },
  {
    "ID Number": "31001963"
  },
  {
    "ID Number": "31002978"
  },
  {
    "ID Number": "31002510"
  },
  {
    "ID Number": "31004210"
  },
  {
    "ID Number": "31002781"
  }
]