ID Number,Name,Fed,Sex,Title,WTit,OTit,Rating,Gms,K,RatingMonth,B-day,Flag
8519633,"ABATURE, George Fidelis",NGR,M,,,,1905,0,40,SEP25,1985,i
8518866,ABDULAZEEZ AMIDU,NGR,M,,,,1626,0,40,SEP25,2004,
8501262,"Abdulkadir, Umar",NGR,M,,,,2125,0,40,SEP25,1977,i
8505462,ABDULLAHI MUSA,NGR,M,,,,1974,0,40,SEP25,1962,i
8539391,"ABDULLAHI, Abdulhafiz Omeiza",NGR,M,,,,1756,0,40,SEP25,1997,
8508623,"ABDULLAHI, Adamu",NGR,M,,,,1960,5,20,SEP25,2001,
8524009,"ABDULLAHI, Sani",NGR,M,,,,1776,0,40,SEP25,1991,
8504563,"ABDULRAHEEM, Abdulrahman Akintoye",NGR,M,FM,,,2331,9,20,SEP25,1993,
8511748,Abdulrasheed Ayuba,NGR,M,,,,1815,0,40,SEP25,1996,i
8516189,Abdulsalam Azeezat,NGR,F,,,,1878,9,40,SEP25,2002,w
8511691,"ABDUSSALAM, Abdussalam",NGR,M,,,,1822,0,40,SEP25,1999,i
8514089,"ABDUSSALAM, Mardhiyyah Kehinde",NGR,F,,NA,,1778,0,20,SEP25,1986,w
8524548,"ABEDO, Samuel Ogirima",NGR,M,,,,1800,0,40,SEP25,1993,
8509689,Abidogun Peter,NGR,M,,NA,,1704,0,40,SEP25,1994,i
8533571,"ABIFARIN, Feranmi Oluwakamiye",NGR,M,,,,1696,0,40,SEP25,2009,
8508364,"ABIOLA, Teniola",NGR,M,,,,2028,0,20,SEP25,1997,
8535612,"ABIYE, ideriah",NGR,M,,,,1884,0,40,SEP25,1972,i
8552002,"ABULU, Joshua Ikhuoria",NGR,M,,,,1607,0,40,SEP25,1999,
8523762,"ABYEM, Afa Joseph",NGR,M,,,,1715,0,40,SEP25,1984,
8536465,"ACHIR, David",NGR,M,,,,1676,0,40,SEP25,2006,
14316447,"Adagha, Ovie",NGR,M,,,,1814,0,20,SEP25,1983,i
8509697,"ADAMU, Adeshola",NGR,M,,,,1860,0,20,SEP25,1999,i
8525552,"ADAMU, Israel David",NGR,M,,,,1854,0,40,SEP25,2000,i
8508801,"ADARAMAJA, Temitope",NGR,F,,,,1820,5,20,SEP25,2004,w
8544468,Adeakin Oluwaferanmi,NGR,M,,,,1660,0,40,SEP25,2008,
8514100,ADEBAYO Abiodun Emmanuel,NGR,M,,,,1752,0,40,SEP25,1972,i
8505470,ADEBAYO AKINNIYI DAMOLA,NGR,M,,,,2047,0,40,SEP25,1985,i
8508810,Adebayo Tanitoluwa,NGR,M,,,,1588,0,40,SEP25,2002,i
8500282,"ADEBAYO, Adegboyega Joel",NGR,M,FM,,,2272,0,20,SEP25,1974,i
8547076,"ADEBAYO, Aliyyah Ololade",NGR,F,,,,1628,0,40,SEP25,2004,w
8501017,"Adebayo, Doris Omonigho Tubolayifa",NGR,F,,,,1797,0,40,SEP25,1976,wi
8515107,Adebowale Festus,NGR,M,,,,1973,0,40,SEP25,2004,
8530157,"ADEBOWALE, Adedayo Akinade",NGR,M,,,,1648,0,40,SEP25,1988,i
8573310,"ADEBOYEJO, Ezekiel",NGR,M,,,,1716,0,40,SEP25,1991,
8518912,ADEDEJI MICHAEL OLAMIDE,NGR,M,,,,2101,0,40,SEP25,2003,
8500371,"Adedeji, Adekola",NGR,M,,,,1961,0,20,SEP25,1979,i
8508607,"ADEGBIE, Adesoji Anthony",NGR,M,,LSI,,1813,5,40,SEP25,1987,
8501572,"ADEGUN, Oladipupo",NGR,M,,SI,,1889,0,40,SEP25,1989,
8503672,"ADEJOH, Joshua",NGR,M,,,,2033,4,20,SEP25,1989,
8522987,"ADEKANYE, Adejuwon Arif",NGR,M,,,,1761,0,40,SEP25,2012,
8502951,"Adekunle, Dare",NGR,M,,,,1938,0,40,SEP25,1983,i
8500193,"Adelaja, Abimbola",NGR,M,FM,,,2167,0,20,SEP25,1968,i
8503680,"Adelaja, Adewale",NGR,M,,,,1981,0,40,SEP25,0,i
8503699,"Adelakun, Adewale",NGR,M,,,,1870,0,20,SEP25,0,
8523010,"ADELEKE, Joseph Eniola",NGR,M,,,,1959,0,40,SEP25,2002,
8506302,Adelugba Oluwaseun,NGR,M,,,,1920,0,40,SEP25,1991,i
8500339,"Adeniji, Adebayo",NGR,M,,,,1843,0,20,SEP25,0,i
8506477,"Adeniji, Omolola Idowu",NGR,F,,SI,,1759,0,20,SEP25,1985,w
8511764,"ADEOTI, Oladapo Bolaji",NGR,M,,FA,,1957,0,20,SEP25,1977,
8514380,"ADEPOJU, Anuoluwayimika",NGR,F,,,,1708,4,40,SEP25,2012,w
8514399,"ADEPOJU, Ayomide Adeshina",NGR,M,,,,1836,0,40,SEP25,2009,
8514798,ADESANYA BASHIRU DARE,NGR,M,,,,1848,0,40,SEP25,1994,i
8533725,"ADESANYA, Taiwo Hassan",NGR,M,,,,1743,0,40,SEP25,1974,i
8501238,"Adesina, Adeyinka",NGR,M,FM,,,2122,0,20,SEP25,1981,i
8509638,Adetilewa Adeola,NGR,M,,,,1851,0,40,SEP25,1997,i
8503613,"Adetona, Oluwaseun",NGR,M,,,,1810,0,40,SEP25,1976,i
8510717,"ADETULA, Opeyemi",NGR,M,,,,1858,0,40,SEP25,1989,
8502544,"Adewole, Adeyinka Samuel",NGR,M,,"SI,IO",,1920,0,20,SEP25,1973,
8554447,"ADEWUMI, Happiness Gabriel",NGR,M,,,,1890,0,40,SEP25,2005,
8511233,"Adeyemi, Ayomiposi",NGR,F,,,,1641,0,40,SEP25,2008,wi
8507732,"ADEYEMI, Ayoyemi Wuraola",NGR,F,,,,1701,0,40,SEP25,2002,wi
8530718,"ADEYEMI, Bukunmi",NGR,M,,,,1969,0,40,SEP25,2005,
8505489,"ADEYEMO, Abiola Ajibola",NGR,M,,,,1865,0,20,SEP25,1983,
8500258,"ADU, Oladapo",NGR,M,IM,SI,,2137,13,20,SEP25,1971,
8506191,"Adzua, Geoffrey",NGR,M,FM,SI,,1971,0,40,SEP25,1978,i
8514801,"AFAM, Ndidi Ernest",NGR,M,,,,2124,0,20,SEP25,1998,
8511470,"AFOLABI, Emmanuel",NGR,M,,,,1913,0,20,SEP25,2004,
8543364,"AFOLABI, Motunrayo Zainab",NGR,F,,,,1613,3,40,SEP25,2007,w
8517894,"AGBAKOBA, Onyeka Martins",NGR,M,,,,1778,1,40,SEP25,2005,
8507767,Agbazue Precious,NGR,F,,,,1849,0,40,SEP25,1999,wi
8514356,"AGBAZUE, Miracle Obiamakachukwu",NGR,F,,,,1734,0,40,SEP25,2004,w
8523797,"AGBO, Leonard",NGR,M,,,,1875,0,40,SEP25,1989,
8540454,"AGBO, Lovelyn Ikpane",NGR,F,,,,1667,0,40,SEP25,2006,w
8520160,"AGIDIGBI, Iyore Tounaregha",NGR,F,,,,1696,0,40,SEP25,1984,wi
8513961,AGORO SIMILOLUWA,NGR,M,,,,1756,0,40,SEP25,2009,i
8500720,"Agu, Uche",NGR,M,,,,1965,0,20,SEP25,1979,i
8513899,"AGUSIONU, Adaeze Zita",NGR,F,,,,1624,5,40,SEP25,2015,w
8513880,"AGUSIONU, Chimaobi Kevin",NGR,M,,,,1644,0,40,SEP25,2013,
8500010,"Agusto, Obafunmilayo",NGR,M,FM,,,2148,0,20,SEP25,1961,i
8503737,"Agusto, Olaonikpekun",NGR,M,,,,1961,0,20,SEP25,0,
8516570,"AGWADU, Oliver",NGR,M,,,,1869,0,40,SEP25,1999,
8522855,"AGWOM, Deborah Dembo",NGR,F,,,,1559,3,40,SEP25,2008,w
8500240,"AIKHOJE, Odion",NGR,M,IM,,,2257,0,20,SEP25,1971,
8527741,"AILUELOHIA, Stanley",NGR,M,,,,1846,0,40,SEP25,1976,i
8514143,"AINA, Alexander Olayinka",NGR,M,,,,1756,0,40,SEP25,2000,i
8508410,Ajani Ibrahim,NGR,M,,,,1704,0,40,SEP25,1991,
8512353,"AJANWACHUKWU, Eunice",NGR,F,,,,1910,6,20,SEP25,2000,w
8505853,Ajayi Ayokanmi,NGR,F,,,,1721,0,20,SEP25,1983,wi
8501742,"Ajayi, Peter Taiwo",NGR,M,,,,1971,0,40,SEP25,1981,
8502994,"Ajele, Rotimi",NGR,M,,,,2064,0,20,SEP25,1973,i
8500444,"Ajibowo, Olamide Patrick",NGR,M,FM,,,2050,0,20,SEP25,1977,i
8518785,AJIEH Ebenezer Osamudiamen,NGR,M,,,,1922,0,20,SEP25,1998,
8519641,"AJUBA, Vasia",NGR,M,,,,1944,0,40,SEP25,1991,i
8509743,"AJUH, John",NGR,M,,,,1917,0,40,SEP25,2001,
8501769,"AJUMOBI, Samuel Oluwaseyi",NGR,M,,,,1857,0,20,SEP25,1973,i
8505497,AKAGHA TOCHUKWU,NGR,M,,,,1999,0,20,SEP25,1987,
8510458,"AKAHOME, John Okoida",NGR,M,,,,1831,0,40,SEP25,1987,i
8506329,"AKAN, Okan",NGR,M,,,,1758,0,40,SEP25,1983,
8506337,Akande Temitope,NGR,M,,,,2085,0,40,SEP25,1997,
8535574,"AKHAGBEME, Matthew",NGR,M,,,,1809,0,40,SEP25,1986,i
8507104,Akhamie Paul,NGR,M,,NA,,1797,0,40,SEP25,1993,i
8529345,"AKHAMIE, Fidelis",NGR,M,,,,1818,0,40,SEP25,2004,i
8511381,"AKINBODEWA, Adebayo",NGR,M,,,,1811,0,20,SEP25,2004,i
8509344,Akingbade Oluwagbemiga,NGR,M,,,,1765,0,40,SEP25,1980,i
8506221,Akinleye Arogundade,NGR,M,,,,1731,0,20,SEP25,1968,
8500886,"Akinola, Olufunmilayo",NGR,F,,,,1851,0,20,SEP25,1982,wi
8539677,"AKINPELU, Al-Ameen Irewamiri",NGR,M,,,,1608,0,40,SEP25,2008,i
8518823,"AKINROGUNDE, Clinton",NGR,M,,,,2011,0,20,SEP25,2006,
8503010,"AKINSEYE, Abiola Daniel",NGR,M,FM,,,2231,0,20,SEP25,1989,
8504458,"AKINSEYE, Akinleye",NGR,M,CM,,,1878,0,40,SEP25,1977,i
8508100,"AKINSEYE, Oladotun",NGR,M,,,,2035,0,20,SEP25,1990,
8514836,AKINSIPE TOLUWALASE AYOMIDE,NGR,M,,,,1867,0,40,SEP25,2003,i
8500100,"Akintola, Fola",NGR,M,IM,,,2248,0,20,SEP25,1966,i
8506345,Akintoye Deborah,NGR,F,WFM,WFM,,1873,0,20,SEP25,1998,w
8507791,Akintoye St. Emmanuel,NGR,M,,,,1714,0,40,SEP25,2001,i
8507333,Akintunde babayemi,NGR,M,,,,1996,0,40,SEP25,1979,i
8501793,"AKINWAMIDE, Oluwadamilare",NGR,M,,,,2157,0,20,SEP25,1987,
8515778,"AKINYEMI, David Olalekan",NGR,M,,,,1841,0,40,SEP25,2003,i
8514119,"AKOMAKA, Apollos",NGR,M,,,,1868,5,20,SEP25,1973,
8509360,Akomas Emmanuel,NGR,M,,,,1913,0,40,SEP25,1997,i
8555567,"AKPAN, Edidiong Friday",NGR,M,,,,1856,0,40,SEP25,1992,
8515808,"AKPORHERHE, Blessing Bayo",NGR,M,,,,1954,0,20,SEP25,1998,
21510768,"Akrasi, Itoro",NGR,M,,,,1741,0,40,SEP25,1980,i
8500312,"Alabi, Omolola",NGR,F,WCM,WCM,,2050,0,40,SEP25,0,wi
8511993,"ALAGOA, Ayebaenemibarakere Domo",NGR,M,,,,2103,7,20,SEP25,2006,
8509034,"ALALIBO, Krama",NGR,M,,,,2086,0,40,SEP25,1978,
8550069,"ALAO, Folorunsho Obaifo",NGR,M,,,,1900,0,40,SEP25,1973,
8505519,"ALEGBE, Stephen Seun",NGR,M,,,,1768,0,40,SEP25,1989,
8516111,Alexander Udoye,NGR,M,,,,2016,0,40,SEP25,1996,i
8514690,Aliyu Abdulyazid,NGR,M,,,,1891,0,40,SEP25,1991,i
8500908,"Allor, Chukwuka",NGR,M,,,,2079,0,20,SEP25,1979,
8500983,"AMADASUN, Rosemary",NGR,F,,,,1806,0,20,SEP25,1969,wi
8503770,"Amaize, Joy",NGR,F,,,,1815,0,40,SEP25,0,wi
8522944,"AMBORE, Jonathan Tiko",NGR,M,,,,1684,0,40,SEP25,2003,
8512990,"AMINU, Ojo Yusuf",NGR,M,,,,1841,0,40,SEP25,1970,i
8511438,Amos Edidiong Godwin,NGR,M,,,,1730,0,40,SEP25,1992,i
8524742,"AMOS, Danbeye David",NGR,M,,,,1842,0,40,SEP25,2002,
8546886,"ANAGHA, Favour Ndukwe",NGR,M,,,,1954,0,40,SEP25,2008,
8515182,"ANANTI, Nzubechukwu",NGR,M,,,,1922,0,40,SEP25,1990,
8524670,"ANASOH, Blaise Ifeanyi",NGR,M,,,,1785,3,40,SEP25,1995,
8531048,"ANI, Henry",NGR,M,,,,1822,0,40,SEP25,2004,
8507279,Animashaun Arowolo,NGR,M,,,,1964,0,40,SEP25,1989,i
8514054,ANUEBUNWA Emmanuel,NGR,M,,,,1866,0,20,SEP25,1995,
8504580,"Anwuli, Daniel",NGR,M,IM,,,2325,0,20,SEP25,1997,i
8508488,"ANYANWU, Ikechukwu",NGR,M,,,,1635,0,40,SEP25,1981,
8501009,"APEMIYE, Augustine Imohede",NGR,M,,"SI,NA",,1988,0,20,SEP25,1978,
8503788,"Aramude, Sandra",NGR,F,WCM,WCM,,1877,0,20,SEP25,0,wi
8520178,"ARCHIBONG, Mandela Iyamba",NGR,M,,,,1782,0,40,SEP25,1990,i
8510180,Arekemase Olabode,NGR,M,,,,2003,0,40,SEP25,1984,i
8527008,"ASABA, Michael Abiola",NGR,M,,,,1830,0,40,SEP25,1994,i
8501173,"ASANGA, Nsisong",NGR,F,WFM,WFM,,1959,0,40,SEP25,1980,wi
8507058,ASIBOR ROBERT,NGR,M,,,,1988,0,40,SEP25,1968,i
8503796,"ASINGBI, Douye",NGR,M,,,,2002,0,20,SEP25,1977,
8503060,"ASSA, Oluwaseun Caroline",NGR,F,,SI,,1828,0,20,SEP25,1986,wi
8502633,"ASUQUO, Eunice",NGR,F,,,,1689,3,20,SEP25,1975,w
8503800,"Atabor, Job",NGR,M,CM,,,1951,0,20,SEP25,1988,i
8517932,"ATU, Maxwell Iziegbe",NGR,M,,NA,,1851,0,40,SEP25,1991,i
8517142,Audu Jonah,NGR,M,,,,1746,0,40,SEP25,2010,i
8517312,Audu Mukhtar,NGR,M,,,,1873,0,40,SEP25,2000,i
8513821,AUGUSTINE Kenneth Chinecherem,NGR,M,,,,1814,0,40,SEP25,2003,i
8508844,"AWESOME, John Aanuoluwapo",NGR,M,,,,AFM,1815,7,SEP25,1979,
8517320,"AWOJUOLA, Michael Ayodele",NGR,M,,,,1867,0,20,SEP25,1982,
8519692,"AWOMUKWU, Benjamin",NGR,M,,,,1817,0,40,SEP25,1978,
8555800,"AWOVIEBE, Oghenemaro Emmanuel",NGR,M,,,,1667,0,40,SEP25,2006,
8550441,"AWUNI, Abdulmuqeet Damilare",NGR,M,,,,1629,0,40,SEP25,2000,
8526982,"AYENI, Fareedah Oyinlomo",NGR,F,,,,1697,6,40,SEP25,2012,w
8506159,AYORO AUGUSTINE,NGR,M,,,,1963,0,40,SEP25,1983,i
8526630,"AYUBA, Beneche Daniel",NGR,M,,,,1721,5,40,SEP25,2007,
8500177,"Babalola, Adebayo",NGR,M,,,,2058,0,20,SEP25,1965,
8507520,"BABAYANJU, Rotimi",NGR,M,,,,1937,0,40,SEP25,1973,i
8544476,Badmus Oluwatobiloba Abdulfagar,NGR,M,,,,1787,0,40,SEP25,2007,
8505578,"BAKARE, Toyosi Akyme",NGR,M,,,,1961,0,40,SEP25,1999,i
8501246,"Balogun, Oluwafemi Daniel",NGR,M,IM,,,2210,0,20,SEP25,1987,
8532044,"BAMAIYI, Sulogura Jesse",NGR,M,,,,1553,0,40,SEP25,2009,
8532036,"BAMAIYI, Sulonee Jerome",NGR,M,,,,1672,0,40,SEP25,2009,
8543909,"BARNABAS, Jeremiah Agishe",NGR,M,,,,1570,0,20,SEP25,2005,
8558159,"BASSEY, Abasi-ifreke Dominus",NGR,M,,,,1638,0,40,SEP25,1995,
8528527,"BAYEFA, Mienbi Miracle",NGR,F,,,,1703,0,40,SEP25,2013,w
8527245,"BAYEFA, Oyeinkeperemo",NGR,M,,,,1828,7,40,SEP25,2015,
8535230,"BELLO, Jeduthun Zenom",NGR,M,,,,1625,0,40,SEP25,2009,
8540977,"BENSON, Olorundunwo Caleb",NGR,M,,,,1762,0,40,SEP25,2009,i
8505543,BERNARD ANDERSON KELECHI,NGR,M,,,,2041,0,40,SEP25,1986,
8504784,"BEWAJI, Clement",NGR,M,,,,1692,0,40,SEP25,1950,i
8501408,"Bisiriyu-Salam, Oluwaseun",NGR,M,,"FI,SI,LSI,NA",,AIM,1998,0,SEP25,1978,i
8524815,"BOT, Christopher",NGR,M,,,,1889,4,40,SEP25,2002,
8501491,"BOYO, Paul Kehinde",NGR,M,,,,AIM,1810,0,SEP25,1975,
8500061,"Caiafas, Theophilus",NGR,M,,,,1998,0,20,SEP25,0,
8500436,"Campbell, Charles",NGR,M,CM,,,2138,0,20,SEP25,1972,i
8521328,"CELESTINE, Favour",NGR,F,,,,1612,0,40,SEP25,1995,wi
8502641,"Charles, Glory",NGR,F,,,,1786,0,40,SEP25,1989,wi
8512981,"CHIMA, Mount Zion Kenechukwu",NGR,M,,,,2003,0,20,SEP25,2003,
8512965,"CHUKURA, Adanwakaego Ololade",NGR,F,,,,1684,3,20,SEP25,1997,w
8551260,"CHUKWU, Chibuike Nicholas",NGR,M,,,,1714,0,40,SEP25,2005,
8528632,"CHUKWUDI, Chukwudiebube",NGR,M,,,,1575,0,40,SEP25,2010,
8503133,"Chukwuemeka-Ehirim, Chinyere",NGR,F,WCM,WCM,,1819,0,40,SEP25,1985,wi
8509794,Chukwuma Chisom,NGR,M,,,,1936,0,40,SEP25,1997,i
8503869,"Coker, Omolabake",NGR,F,WIM,WIM,,1822,0,20,SEP25,0,wi
8503877,"Cole, Michael Christopher",NGR,M,,,,1941,0,20,SEP25,0,i
8519706,"DA-WARIBOKO, Da-Opukuro",NGR,M,,,,1795,0,40,SEP25,1962,i
8515123,Dada Mathew,NGR,M,,,,1787,0,40,SEP25,2000,i
8500070,"Dada, Bola",NGR,M,,,,2190,0,40,SEP25,0,i
8517223,"DAFIEWHAREN, Divine",NGR,F,,,,1634,5,40,SEP25,2016,w
8509808,"DAFIEWHAREN, Efe",NGR,M,,SI,,1667,0,40,SEP25,1982,i
8509093,"DAMASUS, Chikezie",NGR,M,,,,1880,0,20,SEP25,1974,
8504750,DAN-JUMBO Victor,NGR,M,,,,1934,0,40,SEP25,1981,i
8504709,"Dan-Jumbo, Queen Awuereba",NGR,F,,,,1764,0,40,SEP25,1987,wi
8529710,"DANJUMA, David",NGR,M,,,,1657,6,40,SEP25,2011,
8517070,"DANJUMA, Emmanuel",NGR,M,,,,1733,0,40,SEP25,2007,
8522804,"DANJUMA, Nathaniel",NGR,M,,,,1827,0,40,SEP25,2009,
8514500,"DANJUMA, Yakubu Aranye",NGR,M,,,,1821,5,40,SEP25,2005,
8532460,"DANMALLAM, Ayuba Godiya",NGR,M,,,,1621,0,40,SEP25,2009,
8503907,"Daramola, Dennis",NGR,M,,,,1950,0,20,SEP25,0,i
8522464,"DARAMOLA, Idowu Olayinka",NGR,M,,,,1760,0,40,SEP25,1982,i
8500150,"Dasaolu, Rotimi",NGR,M,,NA,,1974,0,20,SEP25,1969,
8529728,"DAVID, Peter",NGR,M,,,,1769,4,40,SEP25,2011,
8532370,"DAVID, Samuel",NGR,M,,,,1793,0,40,SEP25,2003,
8504415,Davies Blessing,NGR,F,,,,1798,0,40,SEP25,1980,w
8503915,"Dawari, Pighi",NGR,M,,,,1787,0,40,SEP25,0,
8503923,"DENENU, Miedo",NGR,M,,,,1953,0,20,SEP25,1980,
8504482,Diachavbe Chemuete,NGR,F,,,,1755,0,40,SEP25,1989,wi
8503095,"Didimakon, Steven",NGR,M,,,,1957,0,20,SEP25,1984,
8503109,"Dieyi, Roland",NGR,M,CM,,,2106,0,20,SEP25,1982,i
8506930,DJAGBO EMMANUEL,NGR,M,,,,1800,0,40,SEP25,1993,i
8504644,"DOOTERNA, Shaapera",NGR,M,,,,1963,0,20,SEP25,1987,
8539642,"DOSUNMU, Oluwanifemi Aaron",NGR,M,,,,1604,0,40,SEP25,2001,i
8500533,"DUDIEFA, Dickson",NGR,M,,,,1976,0,40,SEP25,1970,i
8536368,"DURKWA, John Reuben",NGR,M,,,,1677,5,40,SEP25,1982,
8500894,"DZAAYEM, Vivian",NGR,F,,,,1789,0,20,SEP25,1980,wi
8512086,"EBIAKPO, Divine Ebikewenimo",NGR,M,,,,1836,0,40,SEP25,2012,
8512094,"EBIAKPO, Ebidise Sunshine",NGR,F,,,,1733,0,40,SEP25,2008,w
8512108,"EBIAKPO, Ebisinde Treasure",NGR,F,,,,1743,0,40,SEP25,2010,w
8512078,"EBIAKPO, Ebitari Cherish",NGR,F,,,,1655,0,40,SEP25,2013,w
8509298,"EBIKEME, Pius",NGR,M,,,,1860,0,40,SEP25,1981,i
8519099,EBURU OLUWASANMI,NGR,M,,,,1728,0,40,SEP25,2005,i
8519722,"EDDY, Ekpo",NGR,M,,,,1809,0,40,SEP25,1978,i
8511446,Edeaghe Joseph,NGR,M,,,,1723,0,40,SEP25,1979,i
8503125,"EDET, Udeme Dominic",NGR,M,,,,2116,0,20,SEP25,1987,
8503931,"Edoigiawerie, Nosa",NGR,M,,,,1938,0,40,SEP25,0,i
8507228,Edunwale Olalekan Taofeek,NGR,M,,,,1933,0,40,SEP25,1995,i
8503940,"EDUNWALE, Hakeem Olajide King",NGR,M,CM,,,1989,0,20,SEP25,1971,
8526168,"EDWARD, Peculiar Oluwateniola",NGR,F,,,,1524,0,40,SEP25,2015,w
8500967,"EDWARD-DAPPA, Rachael",NGR,F,,,,1873,0,40,SEP25,1964,wi
8503958,"Efemuai, Odafe Benedict",NGR,M,,,,1947,0,20,SEP25,0,i
8500126,"Efemuai, Oteri Martins",NGR,M,,LSI,,2118,0,40,SEP25,1982,i
8520224,"EFFIONG, Okon Efretuei",NGR,M,,,,1902,0,40,SEP25,1981,i
8509310,"EGBUJIE, Stanley Okechukwu",NGR,M,,,,1948,0,20,SEP25,1973,
8514224,"EGBULONU, Uchenna Duke",NGR,M,,,,1832,0,40,SEP25,1986,i
8506205,"EGWUMAH, James Omachonu",NGR,M,,,,1899,0,40,SEP25,1974,i
8510539,Ekanem Nathan,NGR,M,,,,1950,6,20,SEP25,1981,
8519102,"EKEIBE, Collins",NGR,M,,,,1765,0,40,SEP25,2003,
8549907,"EKEKE, Bright Nkemjika",NGR,M,,,,1860,0,40,SEP25,1980,
8519790,"EKPENYONG, Ekerette G.",NGR,M,,,,1860,0,40,SEP25,2001,i
8502250,"EKPIKEN, Magnus Etim",NGR,M,,,,1810,0,20,SEP25,1975,
8507554,Ekpo Ndopnse,NGR,M,,SI,,1957,0,40,SEP25,1987,i
8505675,"EKPO, Edidiong Friday",NGR,M,,,,1859,0,40,SEP25,1984,i
8511896,"EKUNKE, Iyambe Perez",NGR,M,,,,1882,0,20,SEP25,2006,i
8511888,"EKUNKE, Odey Goodness",NGR,M,,,,2185,6,40,SEP25,2011,
8519846,"EKWUEME, Ikemefuna",NGR,M,,,,1831,0,40,SEP25,1992,i
8507643,Eloka Egwuagu,NGR,M,,,,1881,0,40,SEP25,1977,i
8503966,"ELUEKEZI, Chukwuwikeh Phoenix",NGR,M,,,,1959,6,20,SEP25,1978,
8509824,"EMAH, Udeme",NGR,M,,,,1969,0,40,SEP25,1988,i
8519803,EMAH. Jacob Etim,NGR,M,,,,1963,0,40,SEP25,1982,
8522030,"EMAN-IMABIBO, Idaeresomari",NGR,M,,,,1722,0,40,SEP25,1977,i
8521433,"EMILOLA, Adekunle Austin",NGR,M,,,,1689,0,40,SEP25,2011,
8514348,"EMMANUEL, Franklin N.",NGR,M,,,,1798,0,40,SEP25,1984,i
8513023,"EMMANUEL, Joy Idara",NGR,M,,,,2152,7,20,SEP25,2002,
8515468,"EMMANUEL, Ogechi",NGR,F,,,,1720,4,20,SEP25,1979,w
8507210,Emojevu Precious,NGR,M,,,,2173,0,40,SEP25,1993,i
8501300,"Emuakpeje, Ochuko",NGR,M,,,,2161,0,20,SEP25,1983,i
8507201,Enarevba Dolor Roy,NGR,M,,,,2013,0,40,SEP25,1992,i
8503150,"Enarevba, Tega Mandy",NGR,F,WCM,WCM,LSI,1802,0,40,SEP25,1990,wi
8508674,"ENENEBEAKU, Francis",NGR,M,,NA,,1899,0,20,SEP25,1969,
8504725,"Enete, Emenike Simon",NGR,M,,,,1935,0,40,SEP25,1978,i
8509263,"ENOMAH, Emmanuella Trust",NGR,F,,,,1958,0,20,SEP25,1999,wi
8510512,"ENUNWA, Uche",NGR,M,,,,AIM,1804,0,SEP25,1979,i
8530661,"ENWERE, Chijindu Gift",NGR,M,,,,1815,0,40,SEP25,2002,i
8503168,"ERHABOR, David",NGR,M,FM,,,1954,0,20,SEP25,1951,i
8506620,"ERHABOR, Joy Felix",NGR,F,,,,1792,5,20,SEP25,2000,w
8510920,"ERHABOR, Kelvin",NGR,M,,,,1782,0,40,SEP25,1997,
8517789,"ERHERIENE, Destiny",NGR,M,,,,1800,0,40,SEP25,1999,i
8504687,Erhirhie Jesus Cosmas,NGR,M,,,,1968,0,40,SEP25,0,i
8525463,"ERHUNMWUNSE, Osatohamwe Emmanuel",NGR,M,,,,2011,0,40,SEP25,1997,
8512477,Eric Erikkefe Mamua,NGR,M,,,,1906,0,40,SEP25,1983,
8502161,"Esan, Olawale Victor",NGR,M,,,,1908,0,40,SEP25,1987,i
8504431,"ESANGBEDO, Odion James",NGR,M,,,,1943,0,40,SEP25,1976,i
8518165,ESHO OLUMIDE DANIEL,NGR,M,,,,1897,0,40,SEP25,1995,i
8532168,"ESUA, Bassey Nsa",NGR,M,,,,1941,0,40,SEP25,1983,
8500053,"Etokowo, Imeh",NGR,F,WCM,WCM,,2005,0,40,SEP25,0,wi
8520003,"ETTI, Ubong Joseph",NGR,M,,,,1731,7,40,SEP25,1985,
8530629,"ETTOH, Ikechukwu",NGR,M,,,,1862,0,40,SEP25,1972,
8504598,"ETUK-AKPAN, Leonard",NGR,M,,,,1962,0,20,SEP25,1986,
8506132,"EVBUOMWAN, Edward Eguavoen",NGR,M,,NA,,1822,0,40,SEP25,1986,i
8510687,"EVBUOMWAN, Efosa",NGR,M,,,,1952,0,20,SEP25,1996,
8513074,"EVBUOMWAN, Henry Oghogho",NGR,M,,,,1793,0,40,SEP25,2012,
8509581,Everestus Joy,NGR,F,,,,1732,5,40,SEP25,2009,w
8505845,Ewi Yemi,NGR,M,,,,2051,0,20,SEP25,1974,i
8507538,"EWOFOBE, Frank",NGR,M,,,,1930,0,40,SEP25,1979,i
8508240,Eyefia Endurance,NGR,F,,,,1579,0,20,SEP25,1986,w
8528306,"EYENGHE, Peretimi Williams",NGR,M,,,,1869,0,40,SEP25,1980,i
8503974,"EYENGHE, Sunny",NGR,M,,SI,,2084,9,20,SEP25,1986,
8511462,"EYETONGHAN, Denyefa Callistus",NGR,M,FM,,,2285,0,20,SEP25,2002,
8519811,"EYONG, Ibor Nkanu",NGR,M,,,,1872,0,40,SEP25,1990,i
8509859,Eze Micheal,NGR,M,,,,1763,0,40,SEP25,1996,
8515786,"EZE, Joseph Amarachukwu",NGR,M,,,,1890,0,40,SEP25,2001,i
8506124,"EZEADIREJE, Kingsley",NGR,M,,,,1884,3,40,SEP25,1987,
8517983,"EZEAKOR, FavourChikamsom",NGR,M,,,,1779,0,40,SEP25,2006,i
8509867,Ezeani Truth,NGR,M,,,,1827,0,40,SEP25,1997,i
8503982,"EZEANYA, Ikechukwu",NGR,M,,,,1880,2,20,SEP25,1987,
8522421,"EZEH, Anthony",NGR,M,,,,1775,0,40,SEP25,1997,
8512124,"EZEH, Pamella Souter",NGR,M,,,,1904,0,20,SEP25,1993,i
8544913,"EZEJI, Michael Chimudinma",NGR,M,,,,1731,0,40,SEP25,2002,i
8504520,Ezejiofor Madu,NGR,M,,,,AIM,2008,0,SEP25,1970,i
8503176,"FABEYO, Frederick",NGR,M,,,,1953,0,20,SEP25,1973,
8514720,"FADOJU, Emmanuel",NGR,M,,,,1774,0,40,SEP25,1978,i
8503990,"Fafiola, Oluwafemi",NGR,M,,,,1876,7,40,SEP25,0,
8504547,Fajemirokun Abimbola,NGR,M,,,,2182,0,40,SEP25,1978,i
8508640,Fakuade Babatunde Olabode,NGR,M,,,,1810,0,20,SEP25,1984,
8527512,"FAKUNLE, Abraham Ogooluwa",NGR,M,,,,1741,0,40,SEP25,2005,i
8504253,"Fasakin, Oladoyin",NGR,M,,,,1924,10,20,SEP25,1976,
8515875,Fasida Akintayo Olorunfemi,NGR,M,,,,1930,0,40,SEP25,1974,i
8502978,"Fasola, Modupeola",NGR,F,,,,1763,0,40,SEP25,1983,w
8500584,"Fatunmbi, Olusegun Adeyinka",NGR,M,,,,1889,0,40,SEP25,1977,
8501319,"FAWOLE, John Oyeyemi",NGR,M,FM,LSI,,1987,0,20,SEP25,1985,i
8502943,"FOLAYAN, Adebayo Adewale",NGR,M,,,,2008,0,40,SEP25,1988,i
8500401,"Folusayo, Togun",NGR,F,,,,1880,0,40,SEP25,1985,wi
8528268,"FRIDAY, Udeme Nelson",NGR,M,,,,1864,0,40,SEP25,1987,i
8521875,"FUNMILAYO, Feyikemi Anthony",NGR,M,,,,1653,0,40,SEP25,1989,i
8539448,"FUNSHO, Precious Funmilola",NGR,F,,,,1621,0,40,SEP25,2005,w
8515085,GABRIEL ISRAEL,NGR,M,,,,1946,0,40,SEP25,2003,i
8508879,Gabriel Will,NGR,M,,,,1911,0,40,SEP25,1999,i
8500762,"Gbenga, George",NGR,M,,,,2127,0,40,SEP25,1986,i
8501076,"GEORGE, Lolomari Erekosima",NGR,M,CM,,,1930,0,20,SEP25,1975,i
8501203,"George, Olufemi",NGR,M,,,,1791,0,20,SEP25,1971,
8517150,"GEORGE, Uche",NGR,M,,,,1733,0,40,SEP25,1993,
8513171,"GILBERT, Kenneth",NGR,M,,,,1831,0,40,SEP25,2003,i
8502200,"Giwa, Oladotun",NGR,M,,,,1945,0,40,SEP25,1987,i
8500304,"Glewis, Pauline",NGR,F,,,,1950,0,40,SEP25,0,wi
8516510,"HABILA, Jehu Thomas",NGR,M,,,,2000,6,40,SEP25,1999,
8542694,"HANSON, Amazing Success",NGR,M,,,,1705,0,40,SEP25,2005,i
8525129,"HARRY, Minaibim",NGR,M,,,,1722,0,40,SEP25,1965,i
8505144,Harshit Venket Subramanian,NGR,M,,,,1517,0,40,SEP25,2000,i
8503192,"Hezekiah, Robert",NGR,M,,,,2037,0,40,SEP25,1968,i
8540047,"IBEH, Valerian Somtochukwu",NGR,M,,,,1872,0,40,SEP25,2006,
8519145,"IBEKWE, Daniel Udodiri",NGR,M,,,,1742,0,40,SEP25,2010,i
8520976,"IBEKWE, David Chukwuemeka",NGR,M,,,,1792,0,40,SEP25,2009,i
8519838,"IBIBO, Gift",NGR,M,,,,1866,0,40,SEP25,1992,i
8504008,"Ibikunle, Idowu",NGR,M,,,,1845,0,40,SEP25,0,i
8513120,IBRAHIM AYOMIDE,NGR,M,,,,1795,0,40,SEP25,2007,
8504423,"Ibrahim, Aishat",NGR,F,,,,1757,0,40,SEP25,1985,wi
8530432,"IBRAHIM, Nasiru",NGR,M,,,,1909,6,40,SEP25,1988,
8504016,"Ichado, Innocent",NGR,M,,,,1996,0,40,SEP25,0,i
8548366,"IDEHEN, Orobosa Emmanuel",NGR,M,,,,2016,0,40,SEP25,2001,
8515883,Ifode Wisdom Ewomazino,NGR,M,,,,1801,0,40,SEP25,2002,i
8548226,"IGBIGBI, Lily Nora Ogheneyerovwo",NGR,F,,,,1743,5,40,SEP25,2006,w
8508003,"IGBOECHEONWU, Clinton",NGR,M,,,,1854,0,40,SEP25,1999,i
8544883,"IGHAYIN, Osayi Uyioghosa",NGR,M,,,,1967,0,40,SEP25,1998,i
8509336,"IGOLUKUMO, Felix",NGR,M,,,,2057,0,20,SEP25,1991,
8504032,"Igubor, Micah",NGR,M,,,,1944,0,20,SEP25,0,i
8512752,Iguehi Elora Oise,NGR,F,,,,1824,3,20,SEP25,2002,w
8551359,"IGWEAMAKA, David Ebuke",NGR,M,,,,1766,0,40,SEP25,2002,
8508585,Igwubor Kikosem,NGR,M,,,,2055,0,20,SEP25,1998,i
8510946,"IHEANACHO, Emmanuel",NGR,M,,,,1963,0,40,SEP25,2001,i
8511187,"IHEANYICHUKWU, Godswill",NGR,M,,,,1873,0,40,SEP25,2003,i
8520577,"IHEANYICHUKWU, Michael Miracle",NGR,M,,,,1897,0,40,SEP25,2008,
8503206,"Ikeagwuani, Chidube",NGR,M,,,,1989,0,40,SEP25,1981,i
8549982,"IKECHI, Blessing Ihuoma",NGR,F,,,,1838,0,40,SEP25,2006,w
8503214,"Ikediashi, Alfred Isioma Adim",NGR,M,,,,AFM,1701,0,SEP25,1981,i
108110674,"Ikezahu, Emmanuel",NGR,M,,,,AFM,1792,0,SEP25,2002,
108217699,"Ikhimiukor, Ehidiamen",NGR,M,,,,AFM,1869,0,SEP25,1981,i
8503222,"IKUENOMORE, Ayodeji Olumuyiwa",NGR,M,,,,1946,0,20,SEP25,1989,
8516464,"ILEGIEUNO, Justus",NGR,M,,,,1987,0,20,SEP25,2003,
8516871,Ilesanmi Favour,NGR,M,,,,1900,0,40,SEP25,1999,i
8504040,"ILOUNO, Ikenna Arinze",NGR,M,,,,AFM,1964,0,SEP25,1986,
8500991,"Imarah, Paul",NGR,M,,,,2007,0,20,SEP25,1974,i
8512183,INNOCENT MARVELOUS ATEBE,NGR,M,,,,1708,0,40,SEP25,2008,i
8540772,"INUWA, Yasir Maiwada",NGR,M,,,,1554,0,40,SEP25,2004,
8510440,Iortim Kumator,NGR,M,,,,1873,0,40,SEP25,1990,i
8521921,"IRIKEFE, Pureheart Ogheneogaga",NGR,M,,,,AFM,1923,0,SEP25,1990,i
8557683,"ISA, Ismaila",NGR,M,,,,1774,0,40,SEP25,1982,
8522847,"ISHAYA, Rejoice Kira",NGR,F,,,,1723,4,20,SEP25,2006,w
8527075,"ISUKUL, Poyomami Gerard",NGR,M,,,,1650,0,40,SEP25,2014,
8511942,"ITOYAH, Gabriella Ighogho",NGR,F,,,,1707,0,40,SEP25,2014,wi
8507449,Iwaloye Rotimi,NGR,M,,,,1875,0,40,SEP25,1977,i
8528624,"IWUAGWU, Ifesinachi",NGR,M,,,,1705,0,40,SEP25,2010,i
8513600,"IWUAGWU, Onyedikachi Williams",NGR,M,,,,1750,0,20,SEP25,2005,
8510610,Iyalekhue Uhunoma Bright,NGR,M,,,,1956,0,40,SEP25,1991,i
8501327,"Iyanda, Femi",NGR,M,,,,1888,0,40,SEP25,1972,i
8517401,"IYODO, Francis",NGR,M,,,,1746,0,40,SEP25,1994,i
8515069,"IYOHA, Emmanuel",NGR,M,,,,1968,0,20,SEP25,1999,
8506078,"IZOKWU, Sylvester",NGR,M,,SI,,1875,0,20,SEP25,1985,
8509905,"IZUOGU, Mickey",NGR,M,,,,1932,0,20,SEP25,1997,
8505713,Jacdonmi Temisan,NGR,M,,,,2096,0,40,SEP25,1983,i
8515891,Jack Peulthai,NGR,M,,,,1847,0,40,SEP25,2008,i
8522430,"JACKSON, David Tenumah",NGR,M,,,,1670,0,40,SEP25,2007,
8515050,"JAIYESIMI, Oloruntosin",NGR,M,,,,1914,0,20,SEP25,1981,i
8509913,Jamiu Sodiq,NGR,M,,,,1750,0,40,SEP25,1998,i
8517428,"JAMIU, Ninilowo",NGR,M,,,,1932,5,20,SEP25,2005,
8514003,JAPHETH HABILA,NGR,M,,,,1917,0,40,SEP25,1999,i
8501475,"Jegede, Oluwatoyin",NGR,M,,,,2092,0,40,SEP25,1981,i
8503257,"Jeje, Ayodeji",NGR,M,,,,1981,0,40,SEP25,1972,
8516529,Jeremiah Akindoye,NGR,M,,,,1777,0,40,SEP25,1999,i
8539855,"JINADU, Oladapo Olanrewaju",NGR,M,,,,1788,0,40,SEP25,1971,i
8508518,JOB Oluwatobiloba,NGR,M,,,,1857,0,40,SEP25,2002,i
8514070,"JOB, Temidayo",NGR,M,,,,1931,0,20,SEP25,2005,
8530610,"JOHN, Ali Anko",NGR,M,,,,1612,0,40,SEP25,2005,
8538417,"JOHN, Samuel Nwachukwu",NGR,M,,,,1765,0,40,SEP25,2007,
8535965,"JONAH, Anyebe Paul",NGR,M,,,,1740,0,40,SEP25,2009,
8519870,"JONAH, Israel Pius",NGR,M,,,,1716,0,40,SEP25,1996,i
8529868,"JOSEPH, Isaac Aniefiok",NGR,M,,,,1908,0,40,SEP25,1998,
8521123,"JOSHUA, Damian",NGR,M,,,,2057,6,40,SEP25,2008,
8509590,Junaid-Eko Oyekunle,NGR,M,,,,1746,0,40,SEP25,1998,i
8511349,"KADIRI, Abbas Olusegun",NGR,M,,SI,,1789,0,20,SEP25,1969,
8507490,"KALESANWO, Abimbola",NGR,M,,,,1899,0,20,SEP25,1995,
8503265,"Kareem, Adeniyi",NGR,M,,,,1869,0,40,SEP25,1972,i
8530483,"KEHINDE, Oluwadamilare Solomon",NGR,M,,SI,,1672,0,40,SEP25,1992,i
8514488,"KEYI, Lucky Musa",NGR,M,,NA,,2091,7,20,SEP25,2002,
8505136,Keyush Venket Subramanian,NGR,M,,,,1645,0,40,SEP25,2004,i
8500037,"Kigigha, Bomo Lovet",NGR,M,FM,,,2263,0,20,SEP25,1982,
8500959,"Kigigha, Inimo",NGR,M,,,,1953,0,20,SEP25,1981,i
8514135,"KOKO, Francis",NGR,M,,,,1694,0,40,SEP25,1980,i
8504059,"KOKO, Obubele",NGR,M,,,,1997,7,20,SEP25,1982,
8518211,"KONJU, Martins Mariogha",NGR,M,,,,1740,0,40,SEP25,1998,i
8503630,"Korede, Daniel Oluwashola",NGR,M,,,,1970,0,40,SEP25,1973,i
8507589,"KOYA, Stephen",NGR,M,,SI,,1782,0,40,SEP25,1970,
8555273,"KUDEHINBU, Oluwaponle",NGR,M,,,,1556,5,40,SEP25,1981,
8506264,"KYOSU, Joseph Augustine",NGR,M,,,,2044,0,40,SEP25,1964,i
8501467,"Ladokun, Kolawole Akinyemi",NGR,M,,,,1994,0,40,SEP25,1985,i
8512051,"LAMBERT, Bibowei Harrison",NGR,M,,,,1740,0,40,SEP25,1976,
8503648,"LAPITE, Oluwadurotimi Opeoluwa",NGR,M,,,,2176,0,20,SEP25,1995,
8514453,"LAR, Natty Love",NGR,M,,,,AFM,1776,7,SEP25,1982,
8502242,"Lasoju , Deborah Olutobi",NGR,F,,,,1647,0,40,SEP25,0,w
8513210,LAWAL FAUZIAT OLAIDE,NGR,F,,,,1573,1,40,SEP25,2003,w
8515115,Lawal Monsour,NGR,M,,,,1841,0,40,SEP25,1986,i
8503281,"Lawal, Olalekan",NGR,M,,,,1831,0,40,SEP25,1976,i
8551596,"LESTER-ADEDAPO, Japhet Adeoluwa",NGR,M,,,,2037,0,40,SEP25,2004,
8511632,Li Mo,NGR,M,,,,1880,0,40,SEP25,2009,
8537160,"LIVINUS, John",NGR,M,,,,1716,0,40,SEP25,2009,i
8510164,Loko Olaoluwa,NGR,M,,,,1678,0,40,SEP25,1985,i
8543100,"LUKE, Miracle Onyinyechukwu",NGR,M,,,,1951,0,40,SEP25,2007,
8511705,"MADAMORI, Oloruntobi John",NGR,M,,,,1906,0,40,SEP25,1999,i
8515395,"MADU, Cynthia",NGR,F,,"SI,NA",,1707,0,20,SEP25,1999,w
8501416,"Maduagwuna, Emmanuel",NGR,M,,,,2135,0,20,SEP25,0,
8500118,"Maduekwe, Chiedu",NGR,M,,,,2132,0,20,SEP25,1963,i
8515697,"MADUKA, Millicent Magdalene",NGR,F,,,,1701,0,40,SEP25,1998,wi
8524939,"MAFAI, Tamo John",NGR,M,,,,1644,3,40,SEP25,1974,
8506400,"MAFOITAN, Oladipupo",NGR,M,,,,1932,0,20,SEP25,1993,i
8506850,MAGOMYA Robert Ahundihine,NGR,M,,,,2089,7,20,SEP25,1984,
8506108,"MANDU, Humphrey Yinalanah",NGR,M,,,,1896,0,40,SEP25,1982,i
8517436,Markson Favour Anietie,NGR,M,,,,1789,0,40,SEP25,2003,i
8514232,Martins Damilola Preye,NGR,M,,,,1817,0,40,SEP25,1987,
8543240,"MARTINS, Ife Opeyemi",NGR,M,,,,1636,0,40,SEP25,1986,i
8528292,"MARTINS, Victory Chinazaekpere",NGR,M,,,,1820,0,40,SEP25,2004,
8512191,"MATAN, Adebayo Oludayo",NGR,M,,,,1991,0,20,SEP25,2003,
8507880,Maxwell Titus,NGR,M,,,,1809,0,40,SEP25,2002,i
8515603,Mbah Ernest,NGR,M,,,,1764,0,40,SEP25,2005,
8515042,MICHAEL COLE,NGR,M,,,,1816,0,40,SEP25,2003,i
8511640,"MICHAEL, Bridget",NGR,F,,,,1996,7,20,SEP25,1999,w
8518173,"MICHEAL, Akpan Edward",NGR,M,,,,1922,0,40,SEP25,2004,i
8513139,MOHAMMED BUHARI,NGR,M,,,,1720,0,40,SEP25,2000,
8523827,"MOHAMMED, Auwal Garba",NGR,M,,,,1849,1,40,SEP25,1976,
8501939,"MOHAMMED, Ibrahim",NGR,M,,,,1709,0,40,SEP25,1972,
8522839,"MONDAY, MUSA Naomi",NGR,F,,,,1720,4,40,SEP25,2007,w
8510466,Monja Ifeoluwa,NGR,M,,,,1894,0,40,SEP25,2000,i
8520194,"MOSES, Jonah",NGR,M,,,,1912,0,40,SEP25,1994,i
8512850,"MUFUTAU, Waris John",NGR,M,,,,1743,0,40,SEP25,2008,i
8534268,"MUHAMMAD, Isah Saleh",NGR,M,,,,1674,0,40,SEP25,2010,
8541132,"MUHAMMED, Abdul Samad",NGR,M,,,,1663,0,40,SEP25,2010,
8523460,"Muhammed, Abdulkadir",NGR,M,,,,1819,0,40,SEP25,1977,i
8508615,"MUSA, Kamal",NGR,M,,,,1905,0,20,SEP25,1997,
8505721,Muse Babatunde Francis,NGR,M,,,,1757,0,40,SEP25,1985,i
8532362,"NAMARWA, Mercy Iliya",NGR,F,,,,1642,3,40,SEP25,2003,w
8509190,"NDEKHEDEHE, Effiong Henshaw",NGR,M,,,,1832,0,40,SEP25,1970,i
8549966,"NDUKWE, David Ndukwe",NGR,M,,,,1923,0,40,SEP25,1986,
8503885,"NESIMEYE, Okuma Ejomafuvwe",NGR,M,,,,2028,0,20,SEP25,1988,
8504067,"NINYAN, Wilson Sabiya",NGR,M,,,,1963,0,40,SEP25,1989,
8537062,"NKEMJIKA, Divine Chukwuemeka",NGR,M,,,,1821,0,40,SEP25,2002,
8515956,"NNABUIKE, David Chidera",NGR,M,,,,1877,0,20,SEP25,2004,
8514658,"NNADI, Charis Chigozie",NGR,M,,,,1975,0,40,SEP25,2001,
8517452,"NNATE, Ernest",NGR,M,,,,1841,0,20,SEP25,2000,
8502307,"NNUBIA, Ugochukwu Uzochukwu",NGR,M,,,,1995,0,40,SEP25,1979,i
8501343,"NTEPHE, Charles",NGR,M,,,,1798,0,40,SEP25,1961,i
8532265,"NWABUISI, Tobechukwu Verity",NGR,M,,,,1830,0,40,SEP25,2004,i
8500770,"NWACHUKWU, Chino",NGR,M,,,,1892,0,20,SEP25,1980,
8515026,"NWACHUKWU, John",NGR,M,,,,1788,0,40,SEP25,2010,
8505799,"NWACHUKWU, Julius Victor",NGR,M,,,,1998,0,40,SEP25,1989,i
8512698,"NWAEZE, Nnaemeka Vincent",NGR,M,,,,1823,0,40,SEP25,2002,
8517460,"NWAKOHU, Obinna Victor",NGR,M,,,,1715,0,40,SEP25,2009,
8508577,"NWALA, Emmanuel",NGR,M,,,,1931,0,20,SEP25,1987,
8518041,"NWANCHUKWU, John",NGR,M,,,,1743,0,40,SEP25,2010,i
8513996,NWANKWO Jason Somtochukwu,NGR,M,,,,1677,0,40,SEP25,2015,
8513767,"NWANKWO, Michelle Chiamaka",NGR,F,,,,2010,7,40,SEP25,2013,w
8513082,"NWANKWO, Victor Chibuikem",NGR,M,,,,1977,0,40,SEP25,2011,
8509506,Nwanze Micheal Abayomi,NGR,M,,,,1853,0,40,SEP25,1998,i
8509620,"NWANZE, Esther",NGR,F,,,,1818,0,40,SEP25,2000,wi
8545820,"NWARACHE, Chigozie Christopher",NGR,M,,,,1760,0,40,SEP25,1980,
8504555,"NWIZU, Afamefuna Marcus",NGR,M,,,,1892,0,40,SEP25,1981,
8510156,"NWOKOCHA, John Ikedichi",NGR,M,,,,1870,0,40,SEP25,1990,i
8503303,"Nwosu, Emeka",NGR,M,,,,1735,0,40,SEP25,0,
8503311,"Nwoye, Nnamdi",NGR,M,,,,1911,0,20,SEP25,1974,i
8515263,"NYUIMA, Tersee Ferdinand",NGR,M,,,,2188,1,40,SEP25,2007,
8509042,"NZEAKO, Chizoba Treasure",NGR,F,,,,1744,4,20,SEP25,1996,w
8539952,"NZEKWE, Victor Ezefili",NGR,M,,,,1656,7,40,SEP25,1992,
8516650,"OBADIAH-OYELEONU, Macdaniel Ogechukwu",NGR,M,,,,1634,0,40,SEP25,1998,
8517185,Obasi Emmanuel,NGR,M,,,,1730,0,40,SEP25,2008,i
8519307,"OBE, Amir Babatunde",NGR,M,,,,1802,0,40,SEP25,2012,
8506140,OBEKPA Charles Inedu,NGR,M,,,,2155,0,40,SEP25,1974,i
8500215,"Obiamiwe, Paul",NGR,M,,,,1797,0,20,SEP25,1966,
8514127,OBIKILI CHINEDU GEORGE,NGR,M,,,,AFM,1915,14,SEP25,1985,
415960,"Obinna, Uche E C",NGR,M,,,,1974,0,40,SEP25,1979,i
8530696,"OBINNA, Udochukwu Godsvictory",NGR,M,,,,1809,0,40,SEP25,1999,
8517479,Obiorah Chukwuemerie,NGR,M,,,,1774,0,40,SEP25,1997,i
8516634,"OCHEJA, Ojochogwu Esther",NGR,F,,,,1683,0,40,SEP25,2002,wi
8511721,"OCHEJA, Ojonugwa Stella",NGR,F,,,,1742,0,40,SEP25,2000,wi
8518050,"OCHEMBA, Chisom Sylvia",NGR,F,,,,1739,0,40,SEP25,2007,wi
8521867,"OCHU, Ikechukwu Godwin",NGR,M,,,,1790,0,40,SEP25,2001,
8500142,"Odeh, Kenneth",NGR,M,FM,,,1959,0,20,SEP25,1969,i
8528080,"ODETOLA, Oluwatoni",NGR,M,,,,1879,0,40,SEP25,1998,
8502315,"Odiase, Oluwaseun",NGR,M,,,,1866,0,20,SEP25,1980,
8518300,"ODIGIE, Victor Nomamien",NGR,M,,,,1774,0,40,SEP25,1999,i
8530653,"ODION, Omokhoje Geofrey",NGR,M,,,,1902,0,40,SEP25,2001,i
8507651,Odiong Akpan,NGR,M,,,,1854,0,40,SEP25,1979,i
8509425,Odjeigu Jonathan,NGR,M,,,,1836,0,40,SEP25,1994,i
8507384,Odugbesan Adedapo Olatunde,NGR,M,,,,1989,0,40,SEP25,1982,i
8502137,"ODUM, Martin",NGR,M,,,,2074,0,20,SEP25,1969,
8502811,"Odumade, Yetunde",NGR,F,,NA,,1665,5,40,SEP25,1971,w
8503320,"Odusina, Olufemi",NGR,M,,,,1804,0,40,SEP25,1972,
8504377,"Ofowino, Toritsemuwa",NGR,F,,,,2018,0,20,SEP25,1989,w
8509972,Ofubu Lucas,NGR,M,,,,1682,0,40,SEP25,1995,i
8509980,"OFUBU, Samson",NGR,M,,,,1958,0,20,SEP25,1997,
8536244,"OGADAH, Ejike Eugene",NGR,M,,,,1870,0,40,SEP25,1988,
8543186,"OGAR, Goodness Christopher",NGR,M,,,,1707,0,40,SEP25,2004,
8515662,Ogbe Ozioma,NGR,M,,,,1746,0,40,SEP25,1994,i
8509140,Ogbene Ehimare,NGR,M,,,,2195,0,40,SEP25,1981,i
8509050,"OGBIYOYO, Perpetual Eloho",NGR,F,WFM,WFM,SI,1965,0,20,SEP25,1997,wi
8514666,"OGBOBE, Charles Chidubem",NGR,M,,,,1803,0,40,SEP25,2001,i
8502129,"OGBOGHO, Dennis",NGR,M,,,,2056,0,20,SEP25,1983,
8510970,Ogbogu Kenechukwu Goodluck,NGR,M,,,,1900,0,40,SEP25,1998,i
8512205,"OGBONNA, Daniel Anthony",NGR,M,,,,1695,8,40,SEP25,1979,
8500630,"OGBONNAYA, Obinna",NGR,M,,,,AIM,1765,0,SEP25,1975,i
8505810,Ogbor Offoboche,NGR,M,,,,2050,0,40,SEP25,1980,i
8509433,Ogirigbo Okiemute Roland,NGR,M,,,,1980,0,40,SEP25,1984,i
8507678,Ogodogbo Kingsley,NGR,M,,,,2106,0,40,SEP25,1978,i
8504601,"OGOLOWA, Clifford",NGR,M,,,,1957,0,40,SEP25,1973,i
108105351,"Ogor, A. Anthony",NGR,M,,,,AFM,1780,0,SEP25,1971,i
8509158,Ogosi Raphael-Mary,NGR,M,,,,2134,0,20,SEP25,1999,i
8503338,"Ogugua, Efoagui",NGR,M,,,,2083,0,40,SEP25,1973,i
8519323,OGUNDARE Okiki Favour,NGR,M,,,,1701,0,40,SEP25,2002,i
8510989,"OGUNDARE, Ayomide Abraham",NGR,M,,,,1855,0,20,SEP25,2002,
8527288,"OGUNDELE, Basset Oluwaseyi",NGR,M,,,,1866,0,40,SEP25,2001,i
8507783,Ogunderu Ifeoluwadayo Noah,NGR,M,,,,1686,0,40,SEP25,1996,i
8511179,Ogundipe Anthony Olayemi,NGR,M,,,,1609,0,40,SEP25,2006,
8525404,"OGUNKUNLE, Jonathan Ayomide",NGR,M,,,,1709,0,40,SEP25,2006,i
8505748,Ogunlabi Ademola Philip,NGR,M,,,,1935,0,40,SEP25,1979,i
8506418,Ogunlana Jimi,NGR,M,,,,2144,0,40,SEP25,1996,
8521603,"OGUNMOLA, Babalola",NGR,M,,,,1627,0,40,SEP25,2003,
8508836,Ogunremi Adenike,NGR,F,,,,1725,0,40,SEP25,1975,wi
8507708,"OGUNSAN, Alex Ayomide",NGR,M,,,,2090,0,20,SEP25,2000,
8507830,"OGUNSANYA, Tobiloba",NGR,M,,,,1990,0,20,SEP25,2001,
8500231,"Ogunshola, Ben",NGR,M,,,,2083,6,20,SEP25,0,
8502323,"OGUNSIKU, Babatunde",NGR,M,,SI,,1974,0,40,SEP25,1985,i
8516600,"OGUNTONA, Abraham",NGR,M,,,,1964,0,40,SEP25,1999,
8501521,"OGUNWOBI, Tolulope",NGR,M,,SI,,2020,0,20,SEP25,1977,i
8510393,Ojake Martins,NGR,M,,,,1735,0,40,SEP25,1981,i
8530670,"OJI, Chukwuemeka Victor",NGR,M,,,,1881,0,40,SEP25,2002,
8514097,"OJI, Matthew",NGR,M,,,,1871,0,40,SEP25,2000,i
8504113,"OJIKUTU, Samuel",NGR,M,,,,1902,0,40,SEP25,1985,i
8506701,"Ojo, Damilola",NGR,M,,,,2014,0,40,SEP25,1995,i
8519331,"OJO, David Oluwatoyosi",NGR,M,,,,1901,0,20,SEP25,2003,
8504121,"Ojo, John",NGR,M,,,,1965,0,40,SEP25,0,i
8511489,Ojomo Nifemi Solomon,NGR,M,,SI,,1835,0,40,SEP25,1998,
8502340,"OKE, Abiodun",NGR,F,,,,1799,5,20,SEP25,1986,w
8518718,"OKEHIE, Wisdom Rotachukwu",NGR,M,,,,1798,0,40,SEP25,1996,
8508526,"OKEKE, Isaac Chukwudalu",NGR,M,IM,,,2118,0,20,SEP25,2003,i
8529965,"OKEKEUCHE, Stanley Nnabuife",NGR,M,,,,1711,0,40,SEP25,2004,
8513619,Okeleye David Timilehin,NGR,M,,,,1751,0,40,SEP25,2000,i
8515735,"OKELEYE, Andrew Ayoola",NGR,M,,,,1657,0,40,SEP25,2003,i
8508534,"OKEMAKINDE, Toluwanimi",NGR,M,,,,2196,0,20,SEP25,2002,
8518084,"OKEZIE-ONYEMA, Daniel Guzorochi",NGR,M,,,,1787,0,40,SEP25,2000,
8509069,"OKHIPO, Bartholomew Emmanuel",NGR,M,,,,2167,4,20,SEP25,1997,
8500134,"Okike, David",NGR,M,CM,,,2158,7,20,SEP25,1960,
8519714,"OKOH, Divine Favour",NGR,M,,,,1756,0,40,SEP25,1998,
8511918,"OKOJIE, Douglas Ehiabhi",NGR,M,,,,1729,0,40,SEP25,1981,
8515905,"OKOJIE, Osakwe Simeon",NGR,M,,,,2014,0,40,SEP25,2002,
8526869,"OKON, Albert Dominic",NGR,M,,,,AFM,1770,0,SEP25,1996,
8516243,"OKONKWO, Emmanuel",NGR,M,,,,1963,0,40,SEP25,2003,
8513279,"OKONKWO, Francis",NGR,M,,,,1759,0,40,SEP25,2004,i
8506558,"OKONKWO, Harold",NGR,M,,,,1944,0,40,SEP25,1986,
8504130,"OKONKWO, Ifeanyi Walter",NGR,M,,,,2006,0,20,SEP25,1987,
8506523,"Okonye, Sampson Ichiban",NGR,M,,,,1908,0,40,SEP25,1983,i
8544824,"OKORIE - KALU, Kelechi Emmanuel",NGR,M,,,,1747,3,40,SEP25,1996,
8508542,"Okorie, Chibuike Arnold",NGR,M,,,,1730,0,40,SEP25,1994,
8506710,"Okorie, Kelechi",NGR,M,,,,1865,0,40,SEP25,1977,i
8521930,"OKORIE, Phillip Chukwuebuka",NGR,M,,,,1835,6,40,SEP25,1999,
8536066,"Okotete, David",NGR,M,,,,1753,0,40,SEP25,1986,i
8512493,"OKPAKPO, Sunny",NGR,M,,,,1876,0,40,SEP25,1975,
8538182,"OKPARA, Okechukwu Agbai",NGR,M,,,,1823,0,40,SEP25,1976,
8507007,Okpegbuo Somtochukwu,NGR,F,,,,1605,0,40,SEP25,1999,wi
8502358,"Okpo, Uwe",NGR,M,,,,1943,0,20,SEP25,1984,
8501513,"Okpoko, Eghosa",NGR,M,,,,1850,0,40,SEP25,1983,i
8508119,"OKPONGETE, Edidiong Aniefiok",NGR,M,,,,2008,0,20,SEP25,1990,
8503397,"OKUBOARERE, Karebo",NGR,M,,,,1969,0,20,SEP25,1980,i
8550522,"OKUNBOR, David Rhuosa",NGR,M,,,,1695,0,40,SEP25,2003,
8517517,Okwubuzor Benolise Joshua,NGR,M,,,,1723,0,40,SEP25,1993,i
8534551,"OKWUOSA, Chukwunonso Emmanuel",NGR,M,,,,1886,2,40,SEP25,2010,
8541469,"OKWUOSA, Joshua Ifeanyi",NGR,M,,,,1860,0,40,SEP25,2005,
8507716,Ola Yusuf,NGR,M,,,,1865,0,40,SEP25,1990,i
8535280,"OLA, Elijah Praise",NGR,M,,,,1675,4,40,SEP25,2010,
8503400,"OLABISI, Oluwaseun Elizabeth",NGR,F,,NA,,1746,0,20,SEP25,1986,w
8507295,OLADEJO Babatunde Olatunji,NGR,M,,NA,,1966,0,40,SEP25,1979,i
8506280,"OLADELE, Oluwole",NGR,M,,,,1950,0,20,SEP25,1977,
8515140,Oladimeji Oluwaseyi,NGR,M,,,,2105,0,40,SEP25,1999,
8507562,"OLADIPO, Biola Edward",NGR,M,,,,2172,0,40,SEP25,1980,i
8517568,"OLADUNJOYE, Favour",NGR,F,,,,1654,0,40,SEP25,2006,wi
8517797,"OLADUNJOYE, Samuel",NGR,M,,,,1917,0,40,SEP25,1996,i
8501092,"Olaleye, Oladejo",NGR,M,,,,AIM,1875,0,SEP25,1978,i
8511519,Olaniran Oluwatosin Emmanuel,NGR,M,,,,1936,0,40,SEP25,1997,i
8517860,"OLANIYAN, Taofeek Oladimeji",NGR,M,,,,1739,0,40,SEP25,1994,
8500940,"OLANREWAJU, Ajibola",NGR,M,,,,2167,0,20,SEP25,1975,
8500290,"Olape, Bunmi",NGR,M,IM,,,2173,0,20,SEP25,1973,i
8511390,"Olisa, Tennyson Ewomazino",NGR,M,,,,2287,0,20,SEP25,2003,
8544522,"OLOGUN, Mercy Oshunkunukoy",NGR,F,,,,1474,0,40,SEP25,2011,w
8508143,Oloma Ibrahim,NGR,M,,,,1933,0,40,SEP25,1980,i
8504512,Olomola Olusegun,NGR,M,,,,1900,0,40,SEP25,1961,i
8500924,"OLORUNTOLA, Oluwatobiloba",NGR,F,WFM,WFM,,1933,0,20,SEP25,1988,w
8507899,"OLOWE, Iyanuoluwa Glory",NGR,F,,,,1790,0,40,SEP25,2001,w
8546541,"OLOWOOKERE, Isaac Olaolu",NGR,M,,,,1697,0,40,SEP25,1991,
8526680,"OLUBIYO, Solomon Dare",NGR,M,,,,1685,0,40,SEP25,2006,
8535329,"OLUBUNMIFOMI, Deborah Olamide",NGR,F,,,,1626,0,40,SEP25,2010,w
8537658,"OLUKIRAN, Praise Oluwadabira",NGR,M,,,,1829,0,40,SEP25,2004,
8505969,OLUSOGA OLAWALE,NGR,M,,,,2068,0,40,SEP25,1983,i
8501165,"Olutola, Taiwo",NGR,M,,,,1798,0,20,SEP25,1969,i
8504156,"Oluwadara, Adegbayi",NGR,M,,LSI,,1971,0,20,SEP25,0,
8508313,"OLUWADARE, Samuel",NGR,M,,,,1941,0,40,SEP25,2000,i
8503435,"Oluwalasinu, Bamidele Adebusayo",NGR,M,,,,2037,0,20,SEP25,1981,i
8503427,"Oluwalasinu, Lanre Seye",NGR,M,,SI,,2030,0,20,SEP25,1983,i
8513295,OLUWASANMI ALE,NGR,M,,,,1749,0,40,SEP25,1984,i
8508380,Oluwaseyitan Timothy,NGR,M,,,,1917,0,20,SEP25,1999,i
8500266,"OLUWASEYITAN, Femi",NGR,M,,,,1950,0,20,SEP25,1961,
8506736,"Oluwatoyin, Femi",NGR,M,,,,1867,0,40,SEP25,1977,i
8531897,"OLUWOGA, Jacob Afolabi",NGR,M,,,,1592,0,40,SEP25,1997,i
8507481,Oluyisola Abiola,NGR,M,,,,1868,0,40,SEP25,1978,
8503443,"Omadogho, Ochuko",NGR,M,,,,1825,0,40,SEP25,1978,i
8515093,"OMESU, Mercy Chiagozie",NGR,F,,,,1749,0,40,SEP25,2003,w
8512221,"OMESU, Miracle Chinyere",NGR,F,,,,1822,5,20,SEP25,2003,w
8511250,"OMIMI-OKORO, Brume",NGR,F,,,,1552,0,40,SEP25,1997,wi
8504768,Omisakin Praises Akinloluwa,NGR,M,,,,1958,0,40,SEP25,1996,i
8503451,"Omishogbon, Nkem",NGR,F,,,,1809,0,40,SEP25,1980,wi
8503656,"Omodunni, Felix",NGR,M,,,,2011,0,40,SEP25,0,i
8508755,Omofonma David,NGR,M,,,,1822,0,40,SEP25,1995,i
8508011,Omojola George,NGR,M,,,,1954,0,40,SEP25,1997,i
8503460,"Omojuwa, Joseph",NGR,M,,,,1975,0,20,SEP25,1987,i
8507090,Omonkhoa Liberty Adams,NGR,M,,,,1948,0,40,SEP25,1989,i
8500320,"OMORAGBON, Doris",NGR,F,,FA,,1810,0,40,SEP25,1971,wi
8506582,"OMOREGBEE, Hope Isowamwen",NGR,F,,,,1734,0,40,SEP25,1988,w
8500487,"Omorere, Benjamin Aruoture",NGR,M,CM,,,2165,0,20,SEP25,1976,
8510580,Omoruyi Collins,NGR,M,,,,1840,0,40,SEP25,1978,i
8531021,"OMORUYI, Osarumwense",NGR,M,,,,1792,0,40,SEP25,2005,i
8528640,"OMORUYI, Sandra Osarugue",NGR,F,,,,1779,5,40,SEP25,2010,w
8508593,"OMOSEBI, Adebowale",NGR,M,,SI,,1932,0,40,SEP25,1976,i
8536058,"Omosohwofa, efe",NGR,M,,,,1862,0,40,SEP25,1974,i
8507473,"OMOTAYO, Toluwanimi",NGR,M,,,,1726,0,40,SEP25,1988,i
8527415,"OMOTOLA, Oladimeji",NGR,M,,,,1757,0,40,SEP25,1984,i
8504504,Omovie Ejenavi,NGR,M,,,,2109,0,40,SEP25,1981,i
8513112,Omoyele Michael,NGR,M,,,,1822,0,20,SEP25,2005,i
8554650,"OMUJI, Godspower Elijah",NGR,M,,,,1768,0,40,SEP25,2000,
8500410,"Onabogun, Kolade",NGR,M,,,,2184,0,20,SEP25,1978,i
8511497,"ONABOTE, Olasubomi John",NGR,M,,,,1929,0,20,SEP25,1997,
8506442,Onakoya Tunde,NGR,M,,,,2165,0,40,SEP25,1994,i
8513384,ONI EMMANUEL PRIME OLUWATOBI,NGR,M,,,,1818,0,40,SEP25,1999,
8539650,"ONIKUTE, Samuel Oluwadamilare",NGR,M,,,,1829,0,40,SEP25,2006,i
8537020,"ONIMISI, Peter",NGR,M,,,,1842,0,40,SEP25,1994,i
8501181,"ONOJA, Iyefu Joy",NGR,F,,,,1983,6,20,SEP25,2004,w
8510431,"ONOJAIFE, Godspower",NGR,M,,,,1831,0,40,SEP25,1985,i
8503486,"ONOKPITE, Kennedy",NGR,M,CM,,,2146,0,20,SEP25,1987,
8516952,ONORIODE BERNICE,NGR,F,,,,1554,0,40,SEP25,2011,w
8535310,"ONORIODE, Anna",NGR,F,,,,1647,0,40,SEP25,2012,w
8501424,"ONOVUGHE, Ochuko Emmanuel",NGR,M,FM,,,2093,0,20,SEP25,1981,i
8528462,"ONUJA, Sanusy",NGR,M,,,,AFM,1790,0,SEP25,1979,i
8505837,"ONUOHA, Obioma",NGR,M,,SI,,2029,0,20,SEP25,1971,
8540470,"ONUORAH, Victor Chekwube",NGR,M,,,,1877,0,40,SEP25,1998,
8508712,Onwuegbusi Henry,NGR,M,,,,1807,0,40,SEP25,1988,i
8529167,"ONYEBUCHI, Uchenna",NGR,M,,,,1956,0,40,SEP25,1973,i
8506230,Onyeke Gabriel,NGR,M,,,,1938,0,40,SEP25,1976,
8500428,"Onyekwere, Chikwere",NGR,M,CM,,,2172,0,20,SEP25,1985,
8508860,"ONYEKWERE, Macdonald",NGR,M,,,,2121,0,20,SEP25,1979,
8509239,"ONYEMUWA, Victor",NGR,M,,,,1920,0,40,SEP25,1989,
8506272,"OPADEY,I Bayo",NGR,M,,,,2053,0,40,SEP25,1974,i
8500207,"OPARAUGO, Thomas",NGR,M,IM,,,2026,0,20,SEP25,1970,i
8501254,"Oragwu, Chukwunonso",NGR,M,FM,,,2087,0,20,SEP25,1990,
8539723,"ORE, Olajide Francis",NGR,M,,,,1917,0,40,SEP25,1982,
8537011,"ORISHA, Chidera Onyekachi",NGR,M,,,,1824,0,40,SEP25,2002,i
8513031,"ORJIEKWE, Chidera Raphael",NGR,M,,,,1852,0,20,SEP25,2001,
8511039,"OSADEBE, Michael Ikechukwu",NGR,M,,,,1994,0,20,SEP25,2005,
8513244,"OSANEBI, Marvellous",NGR,M,,,,1727,0,40,SEP25,1999,
8517614,"OSAYANDE, Kingsley",NGR,M,,,,2083,0,40,SEP25,2008,
8515638,"OSIDEKO, Opeoluwa",NGR,M,,,,1923,0,40,SEP25,2003,i
8529353,"OSIFO, Japhet",NGR,M,,,,1737,0,40,SEP25,2004,i
8514194,"OSIKOYA, Aduratofunmi",NGR,M,,,,1849,0,40,SEP25,2005,i
8525170,"OSILADE, Oluwapelumi Israel",NGR,M,,,,1726,0,40,SEP25,2002,i
8507309,OSIM JOHN,NGR,M,,,,1819,0,40,SEP25,1978,i
8502420,"Ositelu, Oluwasiji Peter",NGR,M,,,,1984,0,40,SEP25,1982,i
8500789,"Osiyemi, Lara",NGR,M,,,,1815,0,20,SEP25,1961,i
8510067,Osoba Abayomi,NGR,M,,,,1758,0,40,SEP25,1984,i
8501190,"Osundinakin, Omoyemi",NGR,F,,"SI,NA",,1817,0,20,SEP25,1982,w
8502439,"OSUNFUYI, Abimbola",NGR,M,FM,SI,,2140,0,20,SEP25,1994,
8502447,"Osunkoya, Sulaiman.o.",NGR,M,,,,1881,0,40,SEP25,1988,i
8502455,"Otaru, Benjamin",NGR,M,,,,1959,0,40,SEP25,0,i
8504539,"OTHMAN, Fuenshak",NGR,M,,,,1938,5,20,SEP25,1983,
8500797,"Othman, Mustapha",NGR,M,,,,2035,4,20,SEP25,1984,
8507341,Otuechere Kingsley,NGR,M,,NA,,1864,0,40,SEP25,1975,i
8529523,"OTUNUBI, Abraham Afolabi",NGR,M,,,,1525,0,40,SEP25,2008,
8529060,"OTUNUBI, Samson Olugbenga",NGR,M,,,,1678,0,40,SEP25,1969,
8509603,OWOLABI Adeniran Omoloja,NGR,M,,,,1952,0,40,SEP25,1963,i
8500096,"Owosina, Tolani",NGR,M,,,,2120,0,20,SEP25,0,i
8510342,"OWOWA, Adeyemi David",NGR,M,,,,1951,0,40,SEP25,1975,i
8508720,"OYAKHILOME, Daniel Oise",NGR,M,,,,1951,0,20,SEP25,2001,
8508739,"OYAKHILOME, David Oise",NGR,M,,,,1994,0,20,SEP25,2001,
8503508,"OYAMA, Ekok Oyama",NGR,M,CM,,,1873,3,20,SEP25,1986,
8507694,"OYEBOLA, Folabo",NGR,M,,,,1837,0,20,SEP25,1983,
8538735,"OYEL AMAKURO, Minalabh",NGR,M,,,,1820,0,40,SEP25,1997,
8507961,Oyelabi Jonathan,NGR,M,,,,1966,0,20,SEP25,2000,i
8523452,"Oyeleke, Oyebode",NGR,M,,,,1943,0,40,SEP25,1972,i
8511098,"OYELESE, Iyiola Ayodeji",NGR,M,,,,1834,0,40,SEP25,1992,i
8502900,"OYELESE, Mayomi Olayinka",NGR,F,,"SI,NA",,1634,5,20,SEP25,1977,w
8505624,"OYELEYE, Olawale Peter",NGR,M,,,,1885,0,40,SEP25,1985,i
8500045,"Oyeneyin, Tajudeen",NGR,M,,,,1957,0,20,SEP25,0,
8504202,"Oyenowo, Oluwafemi",NGR,M,,,,1999,0,40,SEP25,0,i
8513414,"OYEPITAN, Joshua Ayodeji",NGR,M,,,,2095,0,20,SEP25,1997,
8537356,"OYEWALE, Fikayo Teminijesu",NGR,M,,,,1799,0,40,SEP25,2004,i
8501220,"OYEWALE, Oluchi Alexis (Mrs)",NGR,F,,,,1724,0,40,SEP25,1985,w
8502463,"Oyewole, Tumininu",NGR,F,,,,1913,0,40,SEP25,0,wi
8536511,"OYEWOPO, Olamilekan Saheed",NGR,M,,,,1741,0,40,SEP25,2005,
8505764,OYINVBI Awhotu Daniel,NGR,M,,,,1849,0,40,SEP25,1984,i
8508224,Ozegbe Precious,NGR,F,,,,1805,0,40,SEP25,2001,wi
8515409,"OZEMOJE, Victoria Olohijie",NGR,F,,,,1760,0,40,SEP25,2002,w
8511730,"OZIEGBE, Promise",NGR,M,,,,2025,0,20,SEP25,1998,
8508160,Patrick Gregg,NGR,M,,,,1834,0,40,SEP25,2003,i
8532745,"PATRICK, Floresaint",NGR,F,,,,1756,5,40,SEP25,2014,w
8532737,"PATRICK, Priasel",NGR,M,,,,1759,0,40,SEP25,2010,i
8538662,"PAUL, Kelvin",NGR,M,,,,1670,0,40,SEP25,2008,
8507864,Pelomoh Jessica,NGR,F,,,,1840,6,20,SEP25,2001,w
8513864,"PETERS, Oluwafemi Samuel",NGR,M,,,,2072,0,40,SEP25,2004,i
8529590,"POPOOLA, Taiwo Afopefoluwa",NGR,M,,,,1632,0,40,SEP25,2012,
8512248,"QUICKPEN, Abner Inifie",NGR,M,,,,1647,0,40,SEP25,2015,
8511616,"QUICKPEN, Deborah Ebimobo-ere",NGR,F,WCM,WCM,,2116,6,40,SEP25,2012,w
8504679,Rabiu Bashir,NGR,M,,,,1872,0,40,SEP25,1981,
8501483,"Rabiu, Olabisi",NGR,F,WFM,WFM,,1786,0,20,SEP25,1976,wi
8511594,RAHMON IDOWU,NGR,M,,,,1502,0,40,SEP25,2002,i
8505772,"RAPHEAL, Titoluwanimi Ibukunoluwa",NGR,M,,,,1836,0,20,SEP25,1999,
8505527,RASAQ MUFUTAU ALIMI,NGR,M,,,,1852,0,40,SEP25,1972,i
8510300,Reginald Mba,NGR,M,,,,1851,0,40,SEP25,1990,
8523371,"REUBEN, Bernice Adima",NGR,F,,,,1609,0,40,SEP25,2011,w
8519960,"RICH, David",NGR,M,,,,1868,0,40,SEP25,1988,i
8500169,"Robinson, Caesar",NGR,M,,,,2110,0,40,SEP25,0,i
8508550,Rojugbokan Olatunji,NGR,M,,,,2118,0,40,SEP25,1978,i
8503524,"Rowland, Dotun",NGR,M,,,,1738,0,40,SEP25,0,
8507627,"SADIQ, Adebola",NGR,M,,,,1829,0,20,SEP25,1999,i
8517088,"SADIQ, Ibrahim",NGR,M,,,,1749,2,40,SEP25,2008,
8549273,"SAIDU, Abdullahi Aliyu",NGR,M,,,,1774,0,40,SEP25,1982,
8510725,"SALAKO, Clinton Oluwatoba",NGR,M,,,,2000,0,20,SEP25,2001,
8505640,SALAMI ABIMBOLA,NGR,M,,,,2057,0,40,SEP25,1989,i
8500754,"Salawu, Mutiu.Omobolaji",NGR,M,,,,1971,0,20,SEP25,1982,i
8524637,"SALIHU, Bala Salihu",NGR,M,,,,1889,0,40,SEP25,1977,
8511683,"SALIHU, Mohammed Sani",NGR,M,,,,1925,0,40,SEP25,1990,
8541140,"SALIHU, Muhammad Mubarak",NGR,M,,,,1905,1,40,SEP25,2004,
8512914,"SAMBO, Joseph",NGR,M,,,,2030,0,40,SEP25,2008,
8506485,"Samson, Peace",NGR,F,,,,1867,6,20,SEP25,1994,w
8515158,"SANNI, Fawaz",NGR,M,,,,1848,0,40,SEP25,2003,i
8504466,SARKAR RISHI,NGR,M,,,,1610,0,40,SEP25,2002,i
8508020,Sawyerr Bankole,NGR,M,,,,1907,0,40,SEP25,1996,i
8514585,Sema Sokpo,NGR,M,,,,1918,4,40,SEP25,1985,
8535205,"SHALOM, Opeyemi",NGR,F,,,,1707,0,40,SEP25,2010,w
8536503,"SHALOM, Temidayo",NGR,M,,,,1836,4,40,SEP25,2008,
8506493,Sherriff Daramola,NGR,M,,,,1865,0,40,SEP25,1982,i
8513856,"SHOBOYEJO, Oloruntobi Ayomipo",NGR,M,,,,1854,0,20,SEP25,2004,
8515239,"SOKUNBI, Adekunle Ayodeji",NGR,M,,SI,,1865,0,40,SEP25,1979,i
8513104,"SOLIU, Hassann",NGR,M,,,,1745,0,40,SEP25,2006,
8500223,"Sorungbe, Ademola",NGR,M,CM,,,2228,0,20,SEP25,1983,i
8502510,"SOYOYE, Abel",NGR,M,,,,2028,0,40,SEP25,1986,i
8515670,Stephen ADESINA,NGR,M,,,,1446,0,40,SEP25,2001,i
8510954,"Suberu, Michael Oluwaseyi",NGR,M,,,,AIM,1935,0,SEP25,1987,i
8514925,SULAIMON OLAMILEKAN ISHOLA,NGR,M,,,,1853,0,40,SEP25,1992,i
8510504,"SULEIMAN, Azumi Ayisha",NGR,F,,,,1990,0,20,SEP25,2002,w
8536554,"SUMAREH, Mohammed Mustapha",NGR,M,,,,1767,0,40,SEP25,1999,i
8505730,Sunday David Ovie,NGR,M,,,,1990,0,20,SEP25,1987,i
8509131,"SYLVESTER, Patience",NGR,F,,,,1679,0,40,SEP25,1996,w
8510415,"TABUGBO, Chimezie Dismat",NGR,M,,,,1905,0,40,SEP25,1985,
8529574,"TAIWO, Daniel Olamide",NGR,M,,,,1735,0,40,SEP25,2011,
8501505,"Taiwo, Folorunso",NGR,M,,,,1851,0,40,SEP25,1967,i
8540608,"TAIWO, Ibrahim",NGR,M,,,,1653,0,40,SEP25,2012,
8517037,"TAKEET, Olayinka Ezekiel",NGR,M,,,,1933,0,40,SEP25,1985,
8513325,"THOMPSON, Richard",NGR,M,,,,1824,0,20,SEP25,2006,i
8503575,"TINUBU, Babajide",NGR,M,,,,2066,0,20,SEP25,1988,
8507350,Tobun Olajide Oladapo,NGR,M,,,,ACM,1777,0,SEP25,1978,i
8500460,"Tolulope, Jeje",NGR,F,,,,1826,0,40,SEP25,1982,wi
8519994,"TOMMY, Nkekere",NGR,M,,,,1937,0,40,SEP25,1979,i
8528594,"TYOWASE, Toryila Promise",NGR,M,,,,1771,2,40,SEP25,2010,
8523134,"TYOWASE, Tyover Collins",NGR,M,,,,2024,11,40,SEP25,2007,
8513147,UBA EFE,NGR,M,,,,1908,0,20,SEP25,1992,i
8530076,"UBANDOMA, Benedict Ritji",NGR,M,,,,1607,6,40,SEP25,1997,
8573883,"UBARUGU, Felix",NGR,M,,,,1786,8,40,SEP25,2008,
8513333,UBONG AUGUSTINE IFIOKOBONG,NGR,M,,,,1915,0,40,SEP25,2003,i
8507511,Uche Unachukwu,NGR,M,,,,1973,0,40,SEP25,1964,i
8523754,"UDEMBA, Chinyere Blessing",NGR,F,,,,1955,0,40,SEP25,1982,w
8514160,UDOH AKAN SUNDAY,NGR,M,,,,1636,0,40,SEP25,1988,
8520011,"UDOH, Gladstone Amos Jnr.",NGR,M,,,,1743,10,40,SEP25,2000,
8516936,"UGBOSU, Jerokhine Jerry",NGR,M,,,,1749,0,40,SEP25,1993,i
8516146,Ugheighele Assurance Oseiwe,NGR,F,,,,1787,0,40,SEP25,2002,wi
8520020,"UGOCHUKWU, Kenny",NGR,M,,,,1936,0,40,SEP25,1990,
8508348,"UGOCHUKWU, Onyema",NGR,M,,,,2006,0,40,SEP25,1986,i
8504229,"UGUSHIDAH, Ikorogbudu",NGR,M,,,,2117,0,20,SEP25,1982,
8519862,"UGWU, Jerry",NGR,M,,,,1764,0,40,SEP25,1984,
8515999,"UKOMBE, Ndot Edet",NGR,M,,NA,,1858,0,40,SEP25,1972,i
8549532,"UKOSO, Emmanuel Kaase",NGR,M,,,,1629,5,40,SEP25,1988,
8506817,UMAR ABDULSAMAD,NGR,M,,,,1825,0,40,SEP25,1997,i
8544204,"UMOH, Ifiok Etop",NGR,M,,,,1783,9,40,SEP25,1983,
8506299,"UMUKORO, Chris",NGR,M,,,,1760,0,40,SEP25,1965,
8542929,"UNUIGBOJE, Danielle Omon",NGR,F,,,,1489,4,40,SEP25,2015,w
8542910,"UNUIGBOJE, Gabrielle Odion",NGR,F,,,,1561,4,40,SEP25,2015,w
8502536,"UNWANA, Eugene Ekpoikong",NGR,M,FM,,,2003,7,20,SEP25,1982,
8540705,"URAIH, Patrick Onyeka",NGR,M,,,,2072,6,20,SEP25,2006,
8528209,"URANG, Awajionyi Samuel",NGR,M,,,,1740,0,40,SEP25,1972,i
8518203,"URIETO, Kristen Ivie",NGR,F,,,,1529,0,40,SEP25,2014,wi
8550697,"USAMA, Lucky",NGR,M,,,,1839,5,40,SEP25,1995,
8510091,Usen Emmanuel,NGR,M,,,,1827,0,20,SEP25,1999,
8508747,Usifoh Kristian Chinedu,NGR,M,,,,2002,0,40,SEP25,1988,i
8554838,"USULOR, Kingsley David",NGR,M,,,,1879,0,40,SEP25,2005,
8500479,"Uwa, Obasi-Chekwas",NGR,F,WCM,WCM,,1831,0,40,SEP25,1973,wi
8524130,UWASOMBA Obinna,NGR,M,,,,1973,0,40,SEP25,1988,
8507147,Uzum Moses,NGR,M,,,,1804,0,40,SEP25,1995,i
8513740,VYOM JAIN,NGR,M,,,,ACM,1453,0,SEP25,2012,i
8525072,"WASHIK-DALAHAM, Sarkinaan Isa",NGR,M,,,,1510,7,40,SEP25,2016,
8510288,"WINSTON-ONYIAH, Sasha",NGR,M,,,,2056,6,20,SEP25,1986,
8522960,"WUDIRI, Solomon Simon",NGR,M,,,,1990,0,40,SEP25,2007,
8512388,"YAKIE, Donald Yinebon",NGR,M,,,,1966,0,40,SEP25,1978,i
8512469,"YAKIE, Glad Nelson",NGR,M,,,,1825,8,40,SEP25,1998,
8521131,"YAKUBU, Daniel Musa",NGR,M,,,,1845,3,20,SEP25,2005,
8553378,"YEKEEN, Biodun",NGR,M,,,,1982,0,40,SEP25,1994,
8520070,"YOHANNA, Richard Adamu",NGR,M,,,,1961,5,40,SEP25,2003,
8507570,Zamba Vitah,NGR,F,,,,1567,0,40,SEP25,1981,wi