ID Number,Name,Fed,Sex,Title,WTit,OTit,Rating,Gms,K,RatingMonth,B-day,Flag
13535234,"Abakunchyk, Akim",BLR,M,,,,1479,6,40,AUG25,2013,
13505700,"Abramenko, Sergey",BLR,M,,,,2135,0,20,AUG25,1989,i
13517775,"Abramenko, Vladimir",BLR,M,,,,1604,0,20,AUG25,2005,i
13512609,"Abrazevich, Yauheni",BLR,M,,,,1937,0,20,AUG25,2005,i
13538594,"Ageev, Alexander",BLR,M,,,,1717,9,40,AUG25,2012,
13504665,"Ageiko, Nikolai",BLR,M,,,,1969,0,40,AUG25,0,i
13506544,"Agrafenin, Andrey",BLR,M,,,,1922,0,20,AUG25,1988,i
13513850,"Ajusheva, Renata",BLR,F,,,,1704,0,20,AUG25,2006,wi
13510320,"Aksenchikova, Angelina",BLR,F,,,,1674,0,40,AUG25,0,wi
13505718,"Aksenova, Ekaterina",BLR,F,,,,1938,0,20,AUG25,0,wi
13505467,"Akulenko, Artem",BLR,M,,,,2130,0,20,AUG25,1983,i
13504053,"Akulich, Maksim",BLR,M,,,,2128,0,20,AUG25,1989,i
13519956,"Alekperov, Sakhib",BLR,M,,,,1579,0,40,AUG25,2005,i
13500139,"Aleksandrov, Aleksej",BLR,M,GM,,,2387,10,10,AUG25,1973,
13505254,"Aleksashin, Denis",BLR,M,,,,2075,0,40,AUG25,0,i
13500457,"Alekseev, Vadim",BLR,M,IM,,,2259,0,10,AUG25,1960,
13516507,"Aleshko, Igor L",BLR,M,,,,1597,0,20,AUG25,1967,i
13516221,"Aleshko, Margarita",BLR,F,,,,1569,0,20,AUG25,2005,wi
13508954,"Alexandriya, Georgiy",BLR,M,,,,AIM,1921,0,AUG25,0,i
13530623,"Alikperov, Sahib",BLR,M,,,,1506,0,40,AUG25,2005,i
13501526,"Alipov, Anatoli Al",BLR,M,,,,2064,0,20,AUG25,1935,i
13530208,"Alishevich, Aleksandr Vl",BLR,M,,,,2014,0,20,AUG25,2005,
13509640,"Amanmuradov, Atadzhan",BLR,M,,,,2034,0,40,AUG25,0,i
13502379,"Anatsko, Evgeniy",BLR,M,,,,2275,0,20,AUG25,1983,i
13514806,"Anchuk, Aleksandr",BLR,M,,,,1780,0,40,AUG25,1961,i
13503855,"Anchuk, Natalija",BLR,F,,,,1942,0,40,AUG25,0,wi
13518275,"Andreev, Andrei L",BLR,M,,,,2174,0,40,AUG25,1954,i
13506625,"Andreev, Eduard",BLR,M,,,,1772,9,20,AUG25,1947,
13528467,"Andreev, Nikita",BLR,M,,,,1522,0,40,AUG25,2003,i
13511750,"Androsuk, Aleksey",BLR,M,,,,1988,0,40,AUG25,0,i
13509713,"Andrukhovich, Anastasiya",BLR,F,,,,1846,0,20,AUG25,0,wi
13536346,"Andrukhovich, Dmitri",BLR,M,,,,1500,14,40,AUG25,2012,
13516183,"Andrukhovich, Elizaveta",BLR,F,,,,1705,0,40,AUG25,2007,wi
13512960,"Aniskovich, Aleksandr",BLR,M,,,,1853,0,20,AUG25,1959,i
13500902,"Anokhina, Svetlana",BLR,F,WFM,WFM,,2126,0,20,AUG25,1972,wi
13501593,"Anokhina, Valentina",BLR,F,WFM,WFM,,2127,0,20,AUG25,1951,wi
13512650,"Anop, Aliaksandr",BLR,M,,,,1641,0,40,AUG25,2004,i
13533665,"Antonau, Platon",BLR,M,,,,1525,9,40,AUG25,2014,
13513869,"Antonovich, Aleksei",BLR,M,,,,1725,0,20,AUG25,1986,i
13507125,"Antonovich, Tatiana",BLR,F,,FA,,1867,0,20,AUG25,2000,wi
13537334,"Antsyporovich, Fedor",BLR,M,,,,1409,0,40,AUG25,2009,i
13535315,"Apenok, Sofiya",BLR,F,,,,1509,0,40,AUG25,2012,w
13503030,"Apukhtin, A",BLR,M,,,,2028,0,40,AUG25,0,i
13501100,"Archakova, Galina",BLR,F,,,,2155,0,40,AUG25,1939,wi
13501984,"Arger, Vitaly",BLR,M,,,,2254,0,20,AUG25,1975,i
13511793,"Arhipenko, Aleksandr",BLR,M,,,,1798,0,40,AUG25,1990,i
13529749,"Arhipov, Roman",BLR,M,,,,1838,9,20,AUG25,2006,
13530798,"Arip, Talal",BLR,M,,,,1582,0,40,AUG25,2007,i
13505475,"Arlou, Valery",BLR,M,,,,1560,0,20,AUG25,1945,
13528017,"Artamonov, Vladimir",BLR,M,,,,1872,0,40,AUG25,1951,i
13510045,"Artsiomau, Stanislau",BLR,M,,,,1935,0,20,AUG25,2002,i
13534092,"Arutsiunian, David",BLR,M,,,,1541,0,40,AUG25,2011,
13507591,"Arzumanov, Aleksandr",BLR,M,,,,1920,0,20,AUG25,0,i
13511270,"Asaulenko, Kirill",BLR,M,,,,1907,0,40,AUG25,0,i
13522825,"Ashykhmin, Mikita",BLR,M,,,,1476,0,40,AUG25,2005,i
13525050,"Asinski, Nikita",BLR,M,,,,1599,0,40,AUG25,2008,
13522817,"Astapchyk, Darya",BLR,F,,,,1734,0,20,AUG25,2003,wi
13537083,"Astapenka, Artsiom",BLR,M,,,,1609,0,40,AUG25,2013,
13507010,"Astapenko, Ivan",BLR,M,,,,1901,0,20,AUG25,1974,i
13522884,"Astrazhynski, Yan",BLR,M,,,,1519,0,40,AUG25,2001,i
13510088,"Astreiko, Alexander",BLR,M,,,,1712,0,20,AUG25,1998,i
13510975,"Astreiko, Anastasiya",BLR,F,,,,1641,0,20,AUG25,2002,wi
13531298,"Astrovski, Roman",BLR,M,,,,1707,10,40,AUG25,2012,
13526391,"Auchynnikava, Maryia",BLR,F,,,,1503,0,40,AUG25,1988,wi
13526448,"Audziyenka, Ilya",BLR,M,,,,1632,0,40,AUG25,2007,i
13535242,"Avanesyan, Tigran",BLR,M,,,,1474,0,40,AUG25,2013,
13519476,"Avdevich, Svetlana",BLR,F,,,,1555,0,40,AUG25,1990,wi
13529099,"Azarenok, Aleksandra",BLR,F,,,,1654,0,40,AUG25,2003,wi
13501542,"Azarova, Nadezhda",BLR,F,WIM,WIM,,2296,0,20,AUG25,1983,wi
13511920,"Babenkov, Pavel",BLR,M,,,,2034,0,20,AUG25,1999,i
13526839,"Babich, Daniil",BLR,M,,,,1400,0,40,AUG25,2010,i
13538225,"Babko, Uladzimir",BLR,M,,,,1474,6,40,AUG25,1995,
13519948,"Babrou, Aliaksandr",BLR,M,,,,1615,0,40,AUG25,1957,i
13536451,"Bachyla, Yauheniy",BLR,M,,,,1586,0,40,AUG25,2000,i
13519964,"Bachyshche, Rostislav",BLR,M,,,,1419,0,40,AUG25,2006,i
13531875,"Bahdanovich, Mikhail",BLR,M,,,,1724,8,40,AUG25,2008,
13540467,"Bakanau, Aliaksandr",BLR,M,,,,1585,0,40,AUG25,1988,
13502387,"Baklykov, Viacheslav",BLR,M,,,,2157,0,40,AUG25,1963,i
13505483,"Bakulin, Yury",BLR,M,,,,2052,0,20,AUG25,1964,i
13530550,"Balash, Aleksandr",BLR,M,,,,1590,0,40,AUG25,2007,i
13501321,"Balendo, Pavel",BLR,M,,,,2186,0,20,AUG25,1980,i
13529765,"Bandarenka, Artsiom",BLR,M,,,,1689,0,40,AUG25,1991,i
13513400,"Baradzin, Valery",BLR,M,,,,1599,0,40,AUG25,2003,i
13522213,"Baran, Mikhail",BLR,M,,,,1505,6,40,AUG25,2009,
13528700,"Baran, Yury",BLR,M,,,,1556,0,40,AUG25,1974,i
13539620,"Baranouski, Nazar",BLR,M,,,,1618,0,40,AUG25,2015,
13504991,"Baranova, Valentina",BLR,F,,,,1452,0,20,AUG25,1946,wi
13518623,"Baravik, Ilya",BLR,M,,,,1568,0,40,AUG25,2007,i
13538080,"Barayan, Arseni",BLR,M,,,,1421,0,40,AUG25,2012,
13504541,"Bardina, Olga",BLR,F,,,,2076,0,20,AUG25,1983,wi
13519697,"Barguer, Alexey",BLR,M,,,,AFM,1656,0,AUG25,1973,i
13509357,"Barkovskiy, Aliaksandr",BLR,M,,,,1896,0,20,AUG25,2002,
13505688,"Barski, Viktar",BLR,M,,,,1911,0,20,AUG25,1993,i
13532634,"Bartash, Saveli",BLR,M,,,,1726,9,40,AUG25,2014,
13513451,"Baryshev, Nikolai",BLR,M,,,,1833,0,40,AUG25,1999,i
13530321,"Bas, Marsel",BLR,M,,,,1643,9,40,AUG25,2009,
13513788,"Bashinski, Mikita",BLR,M,,,,1684,0,40,AUG25,2006,i
13537091,"Bashmakov, Gleb",BLR,M,,,,1546,0,40,AUG25,2012,
13505360,"Bavin, Leonid",BLR,M,,,,1874,0,20,AUG25,1947,i
13517961,"Bayarchuk,Aryna",BLR,F,,,,1526,0,40,AUG25,2005,wi
13530747,"Bazarov, Jan",BLR,M,,,,1612,0,40,AUG25,1995,i
13523562,"Bazyma, Stsiapan",BLR,M,,,,1470,0,40,AUG25,2006,i
13532456,"Bedz, Adryian",BLR,M,,,,1538,0,40,AUG25,2012,
13507044,"Beinenson, Katsiaryna",BLR,F,WFM,WFM,,1976,0,20,AUG25,1998,wi
13536206,"Belava, Dzmitry",BLR,M,,,,1459,0,40,AUG25,2006,i
13533347,"Belkavets, Dzmitry",BLR,M,,,,1410,0,40,AUG25,2012,i
13503200,"Belko, Irina",BLR,F,WFM,WFM,,1990,0,20,AUG25,1985,wi
13513184,"Belmach, Dmitriy",BLR,M,,,,1672,0,40,AUG25,2005,i
13516191,"Belov, Mikhail",BLR,M,,,,1635,0,40,AUG25,2005,i
13509179,"Beresnev, Alexandr",BLR,M,,,,1684,0,40,AUG25,2000,i
13528840,"Berillo, Pavel",BLR,M,,,,1540,0,40,AUG25,2014,
13505491,"Berlin, Dmitriy",BLR,M,,,,2084,0,20,AUG25,1975,i
13501445,"Berlin, Tatiana",BLR,F,WIM,WIM,,2127,0,20,AUG25,1977,wi
13510703,"Bezenson, Anton",BLR,M,,,,1792,0,20,AUG25,2003,i
13516930,"Bialevich, Maryia",BLR,F,,,,1505,0,40,AUG25,2006,wi
13516108,"Bialiauski, Artsiom",BLR,M,,,,2207,0,40,AUG25,2008,
13523732,"Bianchuk, Gleb",BLR,M,,,,1576,0,40,AUG25,2011,i
13508733,"Biazliudau, Stanislau",BLR,M,CM,,,2150,0,20,AUG25,1995,i
13509551,"Bichun, Dmitri",BLR,M,,,,1924,0,20,AUG25,2002,i
13510711,"Biran, Anastasiya",BLR,F,,,,1729,0,20,AUG25,2004,wi
13501771,"Biruk, Alexander",BLR,M,,,,2182,0,20,AUG25,1982,i
13533118,"Blokhina, Viktoria",BLR,M,,,,1458,0,40,AUG25,2014,i
13506064,"Bobrov, Dmitri",BLR,M,,,,1845,0,20,AUG25,1997,i
13511831,"Bocherov, Evgeniy",BLR,M,,,,1564,0,40,AUG25,0,i
13540360,"Bodak, Andrei",BLR,M,,,,1466,0,40,AUG25,2013,
13500260,"Bodyakovsky, Nikita",BLR,M,,,,2171,0,20,AUG25,0,i
13501143,"Bogatko, Tana",BLR,F,WFM,WFM,,1991,0,40,AUG25,1964,wi
13502638,"Bogdan, Ekaterina",BLR,F,WFM,WFM,,2023,0,20,AUG25,1993,wi
13526278,"Bogdanov, Evgeny",BLR,M,,,,1706,0,40,AUG25,2008,i
13529358,"Bogdanovich, Mikhail",BLR,M,,,,1529,0,40,AUG25,2006,i
13501186,"Bogodukhov, Roman",BLR,M,,,,1700,0,20,AUG25,1991,
13525441,"Bohdan, Arseni",BLR,M,,,,1526,0,40,AUG25,2007,i
13526405,"Bohush, Kseniya",BLR,F,,,,1442,0,40,AUG25,2010,w
13530283,"Boika, Aliaksandr",BLR,M,,,,1549,8,40,AUG25,2013,
13512773,"Boiko, Aleksei",BLR,M,,,,1807,10,20,AUG25,0,
13507354,"Boldovskaya, Lidiya",BLR,F,,,,2008,0,40,AUG25,1996,wi
13504967,"Bolenkov, Vladimir",BLR,M,,,,1875,0,40,AUG25,1962,i
13525069,"Bolondz, Yan",BLR,M,,,,1655,0,40,AUG25,2007,
13524860,"Bolonkin, Andrei",BLR,M,,,,1463,0,40,AUG25,2006,i
13532200,"Boltak, Yahor",BLR,M,,,,1424,0,40,AUG25,1992,i
13529501,"Bondar, Valeriy",BLR,M,,,,1483,0,40,AUG25,2010,i
13532987,"Bondarev, Roman",BLR,M,,,,1596,0,40,AUG25,2012,i
13516477,"Bondaruk, Egor",BLR,M,,,,1640,0,40,AUG25,2001,i
13503634,"Borisevich, Maxim",BLR,M,,,,1774,0,20,AUG25,1999,i
13530569,"Borisiuk, Yaroslav",BLR,M,,,,1576,0,40,AUG25,2007,i
13503642,"Borodachev, Svjatoslav",BLR,M,,,,1872,0,20,AUG25,1997,i
13514342,"Borodin, Valerij",BLR,M,,,,1657,0,40,AUG25,2003,i
13523333,"Borodulin, Pavel",BLR,M,,,,1646,0,20,AUG25,2003,i
13514644,"Borovik, Maksim",BLR,M,,,,1596,0,40,AUG25,2003,i
13520385,"Borovikova, Marija",BLR,F,,,,1785,2,40,AUG25,2008,w
13504703,"Borsuk, Yury",BLR,M,FM,FT,,2269,0,20,AUG25,1989,i
13516540,"Braichuk, Aliaksei",BLR,M,,,,1551,0,40,AUG25,2006,i
13500490,"Brovko, Nadezhda",BLR,F,,,,1939,0,20,AUG25,1983,wi
13530577,"Brovko, Yan",BLR,M,,,,1562,0,40,AUG25,2008,
13505920,"Brusentsov, Vasily",BLR,M,,,,1923,0,40,AUG25,0,i
13526286,"Brutski, Denis",BLR,M,,,,1901,0,40,AUG25,2008,i
13519662,"Brytsikau, Makar",BLR,M,,,,1799,10,40,AUG25,2008,
13533355,"Bryzitski, Dzmitry",BLR,M,,,,1527,0,40,AUG25,1987,i
13512587,"Buchkov, Yuri",BLR,M,,,,1902,0,20,AUG25,1971,i
13503430,"Budkovsky, Dmitry",BLR,M,,,,2037,0,20,AUG25,1997,i
13504320,"Budnikov, Sergei",BLR,M,,,,2017,0,20,AUG25,1983,i
13508539,"Buevich, Anton",BLR,M,,,,1627,0,40,AUG25,0,i
13535412,"Buka, Mikita",BLR,M,,,,1542,0,40,AUG25,2010,i
13522370,"Bukhavets, Ustin",BLR,M,,,,1566,0,40,AUG25,2007,i
13506382,"Bulanov, Dmitri",BLR,M,FM,,,2361,0,10,AUG25,1991,i
13525484,"Buldovich, Raman",BLR,M,,,,1796,0,40,AUG25,2008,i
13518038,"Burak, Aleksej",BLR,M,,,,2070,0,40,AUG25,1984,i
13517953,"Burak, Vyacheslav",BLR,M,,,,1696,0,40,AUG25,2009,i
13532871,"Burbitskii, Ivan",BLR,M,,,,1627,0,40,AUG25,2008,i
13514652,"Burdilovski, Artem",BLR,M,,,,1672,0,40,AUG25,2001,i
13526561,"Burdyka, Maya",BLR,F,,,,1407,0,40,AUG25,2012,wi
13501950,"Burmistrov, Evgeni",BLR,M,,,,1981,0,20,AUG25,1996,i
13519131,"Bury, Gleb M",BLR,M,,,,1983,0,20,AUG25,1986,i
13509276,"Bury, Yahor",BLR,M,,,,1783,0,20,AUG25,2003,i
13532928,"But-Husaim, Vadzim",BLR,M,,,,1727,0,40,AUG25,1985,i
13507630,"Butsko, Ivan",BLR,M,,,,1959,0,20,AUG25,1993,i
13508750,"Butylkin, Igor",BLR,M,,,,2042,0,40,AUG25,0,i
13510347,"Buzhan, Aleksandr",BLR,M,,,,1810,0,20,AUG25,1959,i
13503235,"Buzuk, Rostislav",BLR,M,,,,1968,0,20,AUG25,1946,i
13535064,"Bychek, Aliaksei",BLR,M,,,,1448,0,40,AUG25,2008,i
13500880,"Bystrov, Alexander",BLR,M,FM,,,2075,10,20,AUG25,1963,
13514920,"Casur, Jan",BLR,M,,,,1686,0,20,AUG25,2005,i
13508482,"Chabay, Viktor",BLR,M,,,,1957,0,40,AUG25,1974,i
13505505,"Chaevski, Andrei",BLR,M,,,,2084,0,20,AUG25,1983,i
13519492,"Chan, Thanh Son",BLR,M,,,,1556,0,40,AUG25,1992,i
13507648,"Charkin, Konstantin",BLR,M,,,,1912,0,40,AUG25,1983,i
13537105,"Chechet, Matvei",BLR,M,,,,1667,0,40,AUG25,2013,i
13501119,"Chekurov, Vyacheslav",BLR,M,IM,,,2319,0,10,AUG25,1977,i
13503650,"Cherepov, Alexej",BLR,M,CM,,,2030,10,20,AUG25,1982,
13523090,"Cherepovich, Oleg",BLR,M,,,,1654,0,40,AUG25,2004,i
13529021,"Cherevashko, Vladislav",BLR,M,,,,1602,0,40,AUG25,2009,
13505157,"Chernobaev, Leonid",BLR,M,,,,1998,0,40,AUG25,0,i
13523279,"Chernookiy, Anton",BLR,M,,,,1554,0,40,AUG25,2005,i
13526340,"Cheshko, Darya",BLR,F,,,,1642,9,40,AUG25,2008,w
13530070,"Chislov, Dmitriy",BLR,M,,,,1483,0,40,AUG25,2013,
13523040,"Chislov, Sergey",BLR,M,,,,1615,0,40,AUG25,2010,
13515543,"Chopko, Dmitry",BLR,M,,,,1669,0,40,AUG25,2000,i
13503731,"Chubakova, Olga",BLR,F,,,,1843,0,40,AUG25,1992,wi
13502026,"Chubarov, Alexei",BLR,M,,,,1939,0,20,AUG25,1992,i
13506994,"Chubukov, Alexandr",BLR,M,,,,2143,0,40,AUG25,1964,i
13517503,"Chugaevsky, Pantelei",BLR,M,,,,1785,0,20,AUG25,1946,i
13511840,"Chukhonski, Pavel",BLR,M,,,,1681,0,20,AUG25,0,i
13520482,"Chuprynenka, Yauheni",BLR,M,,,,1893,0,20,AUG25,2005,
13502697,"Churun, Polina",BLR,F,WFM,WFM,,2103,0,20,AUG25,1982,wi
13537563,"Chyrko, Tsimafei",BLR,M,,,,1535,0,40,AUG25,2009,i
13518828,"Chystsiakou, Mikita",BLR,M,,,,1722,0,20,AUG25,2005,i
13515551,"Chyzhou, Daniil",BLR,M,,,,1906,0,40,AUG25,1999,i
13518836,"Chyzhou, Kiryl",BLR,M,,,,1725,0,40,AUG25,2004,i
13507290,"Dabkus, Roman",BLR,M,,,,1876,0,20,AUG25,1994,i
13522531,"Daineka, Leanid",BLR,M,,,,1826,0,40,AUG25,1974,i
13501194,"Dajlidko, Jurij",BLR,M,,,,1951,0,20,AUG25,1965,i
13509292,"Damarenka, Nikita",BLR,M,,,,1697,0,40,AUG25,0,i
13536559,"Damnitski, Uladzislau",BLR,M,,,,1704,10,40,AUG25,2016,
13521381,"Danchanka, Zlata",BLR,F,,,,1858,0,20,AUG25,2005,wi
13537253,"Darafeyeu	, Viachaslau",BLR,M,,,,1578,8,40,AUG25,1969,
13535420,"Darafeyuk, Kanstantsin",BLR,M,,,,1495,0,40,AUG25,2009,i
13525026,"Darashkevich, Yahor",BLR,M,,,,1623,0,40,AUG25,2008,
13529196,"Darokhin, Dary",BLR,M,,,,1679,0,40,AUG25,2012,i
13519140,"Daschinskiy, Timofey",BLR,M,,,,1468,0,40,AUG25,2006,i
13540432,"Dashko, Pavel",BLR,M,,,,1419,0,40,AUG25,2010,
13510053,"Dasuzhy, Mikita",BLR,M,,,,1817,0,40,AUG25,2003,i
13513605,"Datsun, Nadezhda",BLR,F,,,,1800,0,20,AUG25,2000,wi
13506005,"Davidchik, Alexandr",BLR,M,,,,2059,0,20,AUG25,1992,i
13506684,"Davidovich, Mikhail",BLR,M,,,,2092,0,20,AUG25,1960,i
13518844,"Davydau, Andrei",BLR,M,,,,1641,0,40,AUG25,2008,i
13500198,"Davydiuk, Stepan",BLR,M,FM,,,2085,0,20,AUG25,1947,i
13512200,"Davydov, Aleksandr",BLR,M,,,,1777,0,40,AUG25,1999,i
13517805,"Davydov, Dominik",BLR,M,,,,1495,0,40,AUG25,2005,i
13502131,"Davydova, Natalia",BLR,F,WFM,WFM,,1900,0,20,AUG25,1982,wi
13508547,"Deblik, Oleg",BLR,M,,,,1798,0,20,AUG25,1982,i
13509721,"Demidovich, Julia",BLR,F,,,,1763,0,40,AUG25,0,wi
13514660,"Demidovich, Mikhail",BLR,M,,,,1689,0,40,AUG25,1948,i
13507230,"Denisenok, Sergey",BLR,M,,,,2006,0,40,AUG25,0,i
13506692,"Deshchits, Alexei",BLR,M,,,,2000,0,20,AUG25,1989,i
13504711,"Deyko, Alexey",BLR,M,,,,2082,0,20,AUG25,1962,i
13505513,"Dmitriev, Ivan",BLR,M,,,,2034,0,40,AUG25,1990,i
13535331,"Dmukhouskaya, Eva",BLR,M,,,,1509,0,40,AUG25,2011,i
13529420,"Dmukhovskaya, Eva",BLR,M,,,,1594,9,40,AUG25,2011,
13529277,"Doktarau, Kiryl",BLR,M,,,,1472,0,40,AUG25,2012,
13510096,"Dolbieva, Ksenia",BLR,F,,,,1919,0,20,AUG25,2001,wi
13525077,"Dolotenko, Olga",BLR,F,,,,1527,0,40,AUG25,2008,wi
13534670,"Dorofeev, Viacheslav",BLR,M,,,,1665,0,40,AUG25,1969,i
13510177,"Drapun, Aleksandr",BLR,M,,,,1913,0,20,AUG25,2001,i
13511041,"Drobyshevsky, Vasily",BLR,M,,,,AGM,1582,8,AUG25,1979,
13529781,"Drozd , Alexandr",BLR,M,,,,1709,0,40,AUG25,2012,
13517660,"Drozd, Kirill",BLR,M,,,,1589,0,40,AUG25,1999,i
13519930,"Dubiaha, Stanislau",BLR,M,,,,1576,0,20,AUG25,2005,i
13535250,"Dubina, Yauheni",BLR,M,,,,1614,7,40,AUG25,2014,
13509411,"Dubinin, Mikita",BLR,M,,,,1576,0,40,AUG25,0,i
13534238,"Dubouskaya, Polina",BLR,M,,,,1403,8,40,AUG25,2013,
13513559,"Dubovik, Maria",BLR,F,,,,1697,0,40,AUG25,2007,wi
13522558,"Dubovskiy, Ian",BLR,M,,,,1708,0,20,AUG25,2005,i
13512137,"Duchko, Uladzimir",BLR,M,,,,1704,0,20,AUG25,0,i
13539116,"Dudina, Maria",BLR,F,,,,1577,0,40,AUG25,2013,w
13513907,"Dudinskaya, Alena",BLR,M,,,,1725,0,40,AUG25,2005,i
13531700,"Duk, Matsvei",BLR,M,,,,1584,0,40,AUG25,2009,i
13507079,"Dvurechensky, Viacheslav",BLR,M,,,,1902,0,20,AUG25,1958,i
13500031,"Dydyshko, Viacheslav",BLR,M,GM,,,2506,0,10,AUG25,1949,i
13521845,"Dyl, Nikita",BLR,M,,,,1722,0,20,AUG25,2005,i
13539876,"Dymant, Raman",BLR,M,,,,1458,0,40,AUG25,2011,
13524305,"Dzelnik, Yana",BLR,F,,,,1616,0,40,AUG25,2010,w
13520652,"Dziarkach, Aliaksandr",BLR,M,,,,1893,10,40,AUG25,2009,
13508989,"Efremenko, Alexandr",BLR,M,,,,1973,0,20,AUG25,0,i
13500210,"Eidelson, Rakhil",BLR,F,WGM,WGM,,1784,0,20,AUG25,1958,w
13505939,"El Kauri, Magdi",BLR,M,,,,1951,0,40,AUG25,0,i
13501240,"Elkin, Leonid",BLR,M,,,,1883,0,20,AUG25,1977,i
13501798,"Elkin, Maxim",BLR,M,,,,2201,0,20,AUG25,1981,i
13528114,"Elyashevich, Zakhar",BLR,M,,,,1716,0,40,AUG25,2012,
13511238,"Emchenko, Makar",BLR,M,,,,1817,8,20,AUG25,2001,
13514768,"Emelyanovich, Maksim",BLR,M,,,,1618,0,40,AUG25,2004,i
13533916,"Ermakov, Andrei",BLR,M,,,,1460,0,40,AUG25,2009,i
13504070,"Ermoshuk, Oleg",BLR,M,,,,2196,0,20,AUG25,1986,i
13500279,"Erotski, Walerij",BLR,M,,,,2116,0,20,AUG25,1956,i
13530453,"Erovikova, Anna",BLR,F,,,,1458,0,40,AUG25,2009,wi
13519751,"Ersh, Andrei",BLR,M,,,,1440,0,40,AUG25,2006,i
13509020,"Evdokimova, Ekaterina",BLR,F,,,,1834,0,40,AUG25,1995,wi
13518860,"Fateev, Artem",BLR,M,,,,1794,0,40,AUG25,2003,i
13537520,"Fatseyeu, Aliaksei",BLR,M,,,,1429,0,40,AUG25,2010,
13530640,"Fedarovich, Artur",BLR,M,,,,1478,0,40,AUG25,2011,i
13526294,"Fedaruk, Tsimafei",BLR,M,,,,1865,10,40,AUG25,2007,
13500465,"Fedorov, Alexei",BLR,M,GM,,,2375,0,10,AUG25,1972,
13502700,"Fedoseev, Viktor",BLR,M,,,,2248,0,40,AUG25,1954,i
13509420,"Fedosenko, Igor",BLR,M,,,,1595,0,40,AUG25,1998,i
13537024,"Fedotova, Anastasia",BLR,F,,,,1465,9,40,AUG25,2013,w
13503740,"Fiadosenka, Rahneda",BLR,F,,,,2085,0,20,AUG25,1998,wi
13507702,"Fidek, Alexei",BLR,M,,,,1789,0,40,AUG25,0,i
13507710,"Filinovich, Ivan",BLR,M,,,,1841,0,40,AUG25,0,i
13503928,"Filipets, Egor",BLR,M,FM,,,2271,0,20,AUG25,1998,
13516825,"Filistovich, Ilya",BLR,M,,,,1591,0,40,AUG25,2002,i
13528009,"Fralou, Pavel",BLR,M,,,,1516,0,40,AUG25,2010,i
13505734,"Frantsuzova, Anna",BLR,F,,,,1959,0,40,AUG25,1992,wi
13504258,"Furseev, Evgeniy",BLR,M,,,,1759,0,20,AUG25,1942,i
13509047,"Futorny, Dmitry",BLR,M,,,,1924,0,40,AUG25,0,i
13512692,"Galkin, Gleb",BLR,M,FM,,,2249,0,20,AUG25,2005,i
13506013,"Ganichev, Aleksei",BLR,M,,,,1914,0,20,AUG25,1989,i
13505173,"Garaev, Sergei",BLR,M,,,,2273,0,40,AUG25,0,i
13516264,"Garbar, Aleksandr",BLR,M,,,,1649,0,40,AUG25,2003,i
13502891,"Garkusha, Vladimir",BLR,M,,,,2104,0,40,AUG25,1959,i
13522795,"Gasparian, Siarhei",BLR,M,,,,1940,10,40,AUG25,2009,
13540416,"Gerasimova, Arina",BLR,M,,,,1490,0,40,AUG25,2011,
13522159,"Gerasimovich, Piotr",BLR,M,,,,1834,0,40,AUG25,1958,i
13533525,"Gerasimuk, Viktoriya",BLR,F,,,,1457,0,40,AUG25,2008,wi
13501097,"Ginzburg, Mikhail",BLR,M,FM,,,2229,0,20,AUG25,1981,i
13527266,"Giruev, Konstantin",BLR,M,,,,1544,0,40,AUG25,2011,
13522485,"Glazkova, Uliana",BLR,F,,,,1543,0,40,AUG25,2002,wi
13502018,"Glyzin, Yury",BLR,M,,,,2232,0,20,AUG25,1986,i
13504193,"Golovkov, Sergei",BLR,M,,,,2198,0,40,AUG25,0,i
13531301,"Golubev, Ilya",BLR,M,,,,1430,8,40,AUG25,2012,
13512978,"Golubev, Vladimir",BLR,M,,,,1959,0,20,AUG25,1955,i
13514083,"Goncharov, Evgeni",BLR,M,,,,1783,0,40,AUG25,2005,i
13523678,"Goncharova, Alisa",BLR,F,,,,1538,0,40,AUG25,2012,w
13506390,"Gorbachev, Anatoli",BLR,M,,,,2028,0,40,AUG25,0,i
13507729,"Gorbachev, Vladimir",BLR,M,,,,2031,0,40,AUG25,0,i
13524321,"Gorbaty, Ilya",BLR,M,,,,1677,0,40,AUG25,2003,i
13505521,"Gorbylev, Alexander",BLR,M,,,,2191,0,40,AUG25,0,i
13502107,"Gordeenja, Valerij",BLR,M,,,,1948,0,20,AUG25,1962,i
13533924,"Gormash, Maksim",BLR,M,,,,1496,0,40,AUG25,2008,i
13504037,"Gorovets, Andrey",BLR,M,GM,,,2454,0,10,AUG25,1987,
13536087,"Gorshkova, Gloriya",BLR,F,,,,1432,0,40,AUG25,2013,w
13510118,"Gorski, Pavel",BLR,M,,,,1668,0,40,AUG25,1999,i
13502115,"Gotin, Evgeniy",BLR,M,,,,1815,0,20,AUG25,1998,i
13507141,"Govenchik, Vladimir",BLR,M,,,,1940,0,20,AUG25,1991,i
13503960,"Goyd, Vitali",BLR,M,,,,1843,0,20,AUG25,1998,i
13512307,"Grankovsky, Dmitry",BLR,M,,,,1740,0,40,AUG25,1967,i
13515608,"Grebenevich, Kseniya",BLR,M,,,,1783,0,40,AUG25,2000,i
13503146,"Grechko, Svetlana",BLR,F,,,,2114,0,20,AUG25,1987,wi
13506706,"Grib, Roman",BLR,M,IM,,,2409,0,10,AUG25,1996,i
13529129,"Gribov, Pavel",BLR,M,,,,1466,0,40,AUG25,1975,i
13538144,Grinuk Mihail,BLR,M,,,,1582,0,40,AUG25,2016,
13511491,"Grishin, Aleksei",BLR,M,,,,1768,0,40,AUG25,1999,i
13506552,"Grom, Dmitri",BLR,M,,,,2061,0,20,AUG25,1994,i
13512218,"Gromova, Vlada",BLR,F,,,,1589,0,40,AUG25,2002,wi
13517830,"Grushchenkova, Varvara",BLR,F,,,,1535,4,20,AUG25,2006,w
13513214,"Gubko, Viacheslav",BLR,M,,,,1687,0,40,AUG25,2003,i
13522388,"Guk, Aleksandr",BLR,M,,,,1515,0,40,AUG25,2007,i
13514814,"Gul, Anton",BLR,M,,,,1895,0,20,AUG25,2002,i
13518593,"Gul, Galina",BLR,F,,,,1718,0,40,AUG25,1956,wi
13509942,"Gulik, Igor",BLR,M,,,,1754,0,20,AUG25,1963,i
13527860,"Guryev, Yan",BLR,M,,,,1604,0,40,AUG25,2011,i
13516000,"Gusev, Leonid",BLR,M,,,,1580,0,20,AUG25,1954,i
13513150,"Gutsev, Ilia",BLR,M,,,,1755,0,40,AUG25,0,i
13504584,"Gutsko, Nikolai",BLR,M,FM,,,2317,0,20,AUG25,1948,i
13521217,"Gvozdev, Timur",BLR,M,,,,2058,10,40,AUG25,2008,
13527606,"Halavan, Ihar",BLR,M,,,,1478,0,40,AUG25,2013,
13527592,"Halavan, Uladzimir",BLR,M,,,,1593,0,40,AUG25,2011,
13514890,"Halian, Artsiom",BLR,M,,,,1822,0,40,AUG25,2004,i
13521039,"Halian, Palina",BLR,F,,,,1683,0,40,AUG25,2007,wi
13511165,"Halouchyts, Karalina",BLR,F,,,,1773,0,20,AUG25,2005,wi
13519166,"Hamzovich, Natallia",BLR,F,,,,1410,0,20,AUG25,1971,w
13516442,"Hancharou, Yauheni",BLR,M,,,,1824,0,40,AUG25,2005,i
13520415,"Hanetski, Dzmitry",BLR,M,,,,1639,0,40,AUG25,2007,i
13534858,"Hankou, Aliaksandr",BLR,M,,,,1587,0,40,AUG25,2012,
13534998,"Hanzhurou, Dzianis",BLR,M,,,,1423,0,40,AUG25,2009,i
13523287,"Haranets, Dzmitry",BLR,M,,,,1705,0,40,AUG25,2004,i
13533371,"Harashchuk, Aliaksandr",BLR,M,,,,1411,0,40,AUG25,2012,i
13520954,"Harbuz, Yaraslau",BLR,M,,,,1443,0,40,AUG25,2009,i
13516809,"Harelyshau, Pavel",BLR,M,,,,1614,0,40,AUG25,2003,i
13509837,"Harkevich, Anton",BLR,M,,,,1610,0,20,AUG25,2002,i
13535730,"Harlatau, Dzmitry",BLR,M,,,,1663,7,20,AUG25,1981,
13504770,"Harshkou, Mikita",BLR,M,FM,,,2299,0,20,AUG25,1994,i
13519603,"Haurushyn, Tsimafei",BLR,M,,,,1669,0,40,AUG25,2004,i
13507745,"Haurylchyk, Daniil",BLR,M,,,,1854,0,40,AUG25,1996,i
13506021,"Hauryliuk, Dmitry",BLR,M,,,,2070,0,40,AUG25,1989,i
13502336,"Herasimovich, Volha",BLR,F,WGM,WGM,,2065,0,20,AUG25,1985,wi
13532235,"Hiruts, Mikalai",BLR,M,,,,1518,0,40,AUG25,2006,i
13530585,"Hlebau, Andrei",BLR,M,,,,1548,0,40,AUG25,2008,i
13517333,"Hodzdanker, Mikhail",BLR,M,,,,1972,0,20,AUG25,1973,
13525549,"Hoika, Liubou",BLR,F,,,,1452,0,40,AUG25,2009,wi
13529226,"Homan, Aliaksei",BLR,M,,,,1503,0,40,AUG25,2008,i
13503863,"Homiakova, Ekaterina",BLR,F,WFM,WFM,,2129,0,20,AUG25,1991,wi
13507761,"Homiakova, Elena",BLR,F,WFM,WFM,,2113,0,20,AUG25,1992,wi
13511432,"Horbach, Vasili",BLR,M,,,,1580,0,20,AUG25,1979,
13530836,"Horbel, Ihar",BLR,M,,,,1633,0,40,AUG25,1972,i
13506030,"Hrachun, Piotr",BLR,M,,,,1995,0,20,AUG25,1991,i
13525557,"Hrybau, Yury",BLR,M,,,,1549,0,40,AUG25,2008,i
13525565,"Hrybava, Palina",BLR,F,,,,1470,0,40,AUG25,2003,wi
13511190,"Hrybchuk, Kiryl",BLR,M,,,,1869,0,20,AUG25,2002,i
13513168,"Hryneuski, Viachaslau",BLR,M,,,,1751,0,40,AUG25,0,i
13524240,"Hrytsuk, Uladzislau",BLR,M,,,,1800,0,40,AUG25,2003,i
13506188,"Hurko, Yuri",BLR,M,,,,1929,0,20,AUG25,0,i
13518755,"Hurman, Pavel",BLR,M,,,,1595,0,40,AUG25,2005,i
13517180,"Huryn, Valiantsin",BLR,M,,,,1893,0,20,AUG25,1968,i
13520911,"Husarau, Yahor",BLR,M,,,,1627,0,40,AUG25,2009,i
13523953,"Hutsaliuk, Varvara",BLR,F,,,,1439,0,40,AUG25,2011,w
13512951,Hutsau Ilya,BLR,M,,,,1860,0,40,AUG25,2000,i
13512803,"Iglitski, Evgeny",BLR,M,,,,1647,0,20,AUG25,0,i
13514369,"Ignatenko, Igor",BLR,M,,,,1795,0,20,AUG25,2006,i
13529102,"Ihnatovich, Aleksei",BLR,M,,,,1578,0,40,AUG25,2003,i
13512919,"Iljash, Miroslav",BLR,M,,,,1642,0,40,AUG25,2006,i
13508407,"Ilyuchyk, Yana",BLR,F,WFM,WFM,NA,2141,0,20,AUG25,1999,wi
13532073,"Iskendzerau, Eldar",BLR,M,,,,1615,0,40,AUG25,2001,i
13531263,"Ivanitski, Raman",BLR,M,,,,1422,0,40,AUG25,2011,i
13511220,"Ivannikau, Maksim",BLR,M,,,,2224,0,20,AUG25,2001,i
13507303,"Ivanov, Ilya",BLR,M,,,,1882,0,20,AUG25,0,i
13507257,"Ivanov, Vitaly",BLR,M,,,,1947,0,20,AUG25,0,i
13524100,"Ivanova, Eva",BLR,F,,,,1571,0,40,AUG25,2009,wi
13506048,"Ivanova, Olga",BLR,F,,,,1908,0,20,AUG25,1993,wi
13503669,"Ivanovsky, Pavel",BLR,M,,,,1966,0,40,AUG25,0,i
13501941,"Iwanikov, Oleg",BLR,M,,,,2179,0,20,AUG25,1963,i
13518437,"Jaustafieu,Mihail",BLR,M,,,,1402,0,40,AUG25,2005,i
13529056,"Kachan, Nikita",BLR,M,,,,1518,0,40,AUG25,2009,i
13540440,"Kachanava, Palina",BLR,F,,,,1571,0,40,AUG25,2009,w
13511939,"Kachanovski, Igor",BLR,M,,,,1915,0,20,AUG25,0,i
13532936,"Kadolich, Yana",BLR,M,,,,1418,0,40,AUG25,2000,i
13503685,"Kakhanchyk, Siarhei",BLR,M,,,,2047,0,20,AUG25,1986,i
13521438,"Kakhanski, Mikita",BLR,M,,,,1725,0,40,AUG25,2009,i
13530313,"Kakhno, Barys",BLR,M,,,,1677,9,40,AUG25,2012,
13537792,"Kalanchuk, Vasili",BLR,M,,,,1520,8,40,AUG25,2012,
13539108,"Kaleandareva, Alina",BLR,M,,,,1505,0,40,AUG25,2009,
13535404,"Kalendarova, Alina",BLR,M,,,,1539,0,40,AUG25,2009,
13528890,"Kalesnik, Varvara",BLR,F,,,,1466,0,40,AUG25,2012,wi
13530054,"Kalesnikau, Vitali",BLR,M,,,,1753,0,40,AUG25,1949,i
13530437,"Kaliadzich, Ksenija",BLR,F,,,,1520,0,40,AUG25,2008,wi
13500015,"Kaliadzich, Maryia",BLR,F,,,,2053,0,20,AUG25,1996,wi
13528505,"Kalinouski, Piotr",BLR,M,,,,1735,0,40,AUG25,2010,
13507060,"Kalinouski, Siarhei",BLR,M,,,,1957,0,20,AUG25,2000,i
13513486,"Kalinovskiy , Vladislav",BLR,M,,,,1824,0,20,AUG25,1999,i
13513109,"Kallaur, Kseniya",BLR,M,,,,1705,0,40,AUG25,0,i
13528327,"Kamarouski, Leu",BLR,M,,,,1452,0,40,AUG25,2012,i
13510525,"Kamchytski, Alexandr",BLR,M,,,,1878,0,20,AUG25,2003,i
13510363,"Kameko, Aleksandr",BLR,M,,,,2081,0,20,AUG25,1958,i
13531727,"Kamisarau, Maksim",BLR,M,,,,1450,0,40,AUG25,1985,i
13516906,"Kandarevich, Aleh",BLR,M,,,,1808,0,40,AUG25,1981,i
13523236,"Kandarevich, Nikita",BLR,M,,,,1567,0,40,AUG25,2011,
13536281,"Kandrashevich, Artsiom",BLR,M,,,,1542,0,40,AUG25,2011,
13529722,"Kandrashevich, Viachaslau",BLR,M,,,,1681,0,40,AUG25,2013,
13515136,"Kandratovich, Aliaksandr",BLR,M,,,,1505,0,40,AUG25,2006,i
13528513,"Kandratsenka, Darya",BLR,F,,,,1477,0,40,AUG25,2003,wi
13522345,"Kaniusheuski, Raman",BLR,M,,,,1892,0,40,AUG25,2007,
13504673,"Kapelchik, Andrei",BLR,M,,,,1962,0,40,AUG25,0,i
13532863,"Kaplun, Barys",BLR,M,,,,1568,0,40,AUG25,2005,i
13514482,"Karabash, Kristina",BLR,M,,,,1665,0,40,AUG25,2005,i
13534106,"Karaleu, Mikalai",BLR,M,,,,1504,0,40,AUG25,2009,i
13514172,"Karas, Andrei",BLR,M,,,,1750,0,20,AUG25,2005,i
13517074,"Karenik, Ilya",BLR,M,,,,1644,0,40,AUG25,2005,i
13512994,"Karenski, Arseniy",BLR,M,,,,1714,0,20,AUG25,2004,i
13504240,"Karetnikov, Viktor",BLR,M,,,,1843,0,40,AUG25,1950,i
13516116,"Karnaushanka, Yury",BLR,M,,,,1945,0,40,AUG25,1986,i
13523112,"Karpinskaya, Aryna",BLR,F,,,,1566,0,40,AUG25,2010,w
13523120,"Karpinski, Mikhail",BLR,M,,,,1609,0,40,AUG25,2010,i
13531735,"Karpovich, Dmitriy",BLR,M,,,,1470,0,40,AUG25,2010,i
13536109,"Karpyza, Sofiya",BLR,F,,,,1611,0,40,AUG25,2012,w
13503197,"Karsuak, Sergey",BLR,M,,,,1887,0,40,AUG25,0,i
13526758,"Karzhov, Artem",BLR,M,,,,1407,0,40,AUG25,2009,i
13509845,"Kasach, Sergei",BLR,M,,,,1774,0,40,AUG25,1997,i
13531565,"Kashmel, Pavel",BLR,M,,,,1483,0,40,AUG25,2005,i
13507788,"Kashtelyan, Valentin",BLR,M,,,,1693,0,40,AUG25,1938,i
13500775,"Kasparova, Yeva",BLR,F,,,,1824,0,20,AUG25,1993,wi
13526774,"Kasperovich, Aleksandra",BLR,F,,,,1579,0,40,AUG25,2013,w
13513915,"Kasperovich, Mikhail",BLR,M,,,,1724,9,20,AUG25,2005,
13519638,"Kasperovich, Valery",BLR,M,,,,1568,0,40,AUG25,2008,
13532944,"Kastevich, Iryna",BLR,M,,,,1586,0,40,AUG25,2001,i
13533002,"Kastornov, Yaromir",BLR,M,,,,1603,8,40,AUG25,2006,
13534424,"Kastsiukevich, Pavel",BLR,M,,,,1612,0,40,AUG25,2006,i
13532715,"Kasyan, Andrei",BLR,M,,,,1402,0,40,AUG25,2012,i
13514059,"Katashuk, Lana",BLR,F,,,,1597,0,20,AUG25,2005,wi
13505432,"Katashuk, Uladzislau",BLR,M,FM,,,2008,0,20,AUG25,1975,i
13522914,"Kavaleu, Andrei",BLR,M,,,,1957,0,20,AUG25,1976,i
13531956,"Kavaliou, Mark",BLR,M,,,,1719,0,40,AUG25,2008,i
13513427,"Kazachenka, Maryia",BLR,F,,,,1653,0,20,AUG25,2006,wi
13537261,"Kazak, Siamion",BLR,M,,,,1629,10,40,AUG25,2016,
13539370,"Kazak, Viacheslav",BLR,M,,,,1409,8,40,AUG25,2018,
13504061,"Kazakevich, Vladimir",BLR,M,,,,1855,0,20,AUG25,1993,i
13500910,"Kazantsev, Valentin",BLR,M,,,,1955,0,20,AUG25,1946,i
13536591,"Kazhukhar, Varvara",BLR,F,,,,1572,6,40,AUG25,2014,w
13537270,"Kazlou, Albert",BLR,M,,,,1462,8,40,AUG25,2012,
13533134,"Kazlou, Petr",BLR,M,,,,1708,9,40,AUG25,2012,
13527401,"Kazlou, Yahor",BLR,M,,,,1526,0,40,AUG25,2009,
13530372,"Kazlouskaya, Natalia",BLR,F,,,,1531,0,40,AUG25,2010,w
13510126,"Kernozhitskij, Konstantin",BLR,M,,,,1677,0,40,AUG25,2001,i
13504789,"Khachykian, David",BLR,M,,,,2114,0,20,AUG25,1994,i
13505181,"Khachykian, Shant",BLR,M,,,,2180,0,20,AUG25,1992,i
13504797,"Khaiminov, Alexandr",BLR,M,FM,,,2220,0,20,AUG25,1987,i
13538276,"Khainiuk, Yauheni",BLR,M,,,,1512,0,40,AUG25,1985,
13521950,"Khakhlou, Arseni",BLR,M,,,,1602,10,40,AUG25,2010,
13519115,"Khalalei, Dzmitry",BLR,M,,,,1575,0,20,AUG25,2006,i
13517031,"Khaletski, Ihar",BLR,M,,,,1647,0,40,AUG25,2007,i
13512668,Khalupka Daniil,BLR,M,,,,1874,0,20,AUG25,2003,i
13531271,"Khamitsevich, Pavel",BLR,M,,,,1654,0,20,AUG25,2006,
13503154,"Khamitskiy, Sergei",BLR,M,IM,,,2241,0,10,AUG25,1981,i
13500309,"Khanabiev, Alexey",BLR,M,,,,2099,0,20,AUG25,1994,i
13522396,"Kharitonchik, Nikolay",BLR,M,,,,1543,10,40,AUG25,2008,
13524348,"Kharkevich, Konstantin",BLR,M,,,,1554,0,40,AUG25,2009,
13510738,"Kharlamau, Uladzislau",BLR,M,,,,1554,0,40,AUG25,2003,i
13509063,"Kharlanov, Valentin",BLR,M,,,,1957,0,40,AUG25,0,i
13538128,"Khayutin, Grygoriy",BLR,M,,,,1899,0,40,AUG25,1968,i
13534718,"Khlebko, Ivan",BLR,M,,,,1401,0,40,AUG25,2010,i
13535439,"Khloptcev, Elizar",BLR,M,,,,1507,0,40,AUG25,2010,
13506650,"Khodas, Vikentsi",BLR,M,,,,1847,0,20,AUG25,1954,i
13527525,"Kholiusev, Mikhail",BLR,M,,,,1690,0,40,AUG25,2011,
13532880,"Khomchanka, Daniil",BLR,M,,,,1591,0,40,AUG25,2001,i
13522779,"Khomich , Nikita",BLR,M,,,,1983,0,40,AUG25,2006,i
13518020,"Khomich, Maryna",BLR,F,,,,1803,0,40,AUG25,2008,wi
13500414,"Khorovets-Aiedinova, Elmira",BLR,F,WFM,WFM,,2225,0,20,AUG25,1963,wi
13515152,"Khralovich, Yulyan",BLR,M,,,,1584,0,20,AUG25,2005,i
13522515,"Khrustalev, Mikhail",BLR,M,,,,1572,0,40,AUG25,2010,i
13536036,"Khrystsin, Viachaslau",BLR,M,,,,1594,0,40,AUG25,2013,
13504274,"Khudaya, Aliaksandra",BLR,F,WFM,WFM,,1999,0,20,AUG25,1989,wi
13525212,"Khudnitskij, Arsenij",BLR,M,,,,1419,0,40,AUG25,2005,i
13513761,"Khudziakou, Uladzimir",BLR,M,,,,1499,0,40,AUG25,2005,i
13513745,"Khvarastsin, Kiryl",BLR,M,,,,1665,0,40,AUG25,2006,i
13523295,"Kiktsenka, Yaraslau",BLR,M,,,,1644,0,40,AUG25,2004,i
13502948,"Kirik, Irina",BLR,F,,,,2065,0,20,AUG25,1985,wi
13512722,"Kirilin, Dmitrij",BLR,M,,,,2178,0,20,AUG25,2002,i
13513494,"Kiriljuk, Ilya",BLR,M,,,,1904,0,40,AUG25,1998,i
13506358,"Kirilov, Andrei",BLR,M,,,,2008,0,40,AUG25,0,i
2909782,"Kirpichenko, Ekaterina",BLR,F,,,,1975,0,20,AUG25,1991,wi
13528807,"Kirpichou, Ivan",BLR,M,,,,1822,0,20,AUG25,2006,i
13534289,"Kirtchouk, Alyaksandr",BLR,M,,,,1629,0,40,AUG25,2006,i
13523341,"Kirykovich, Maksim",BLR,M,,,,1684,0,40,AUG25,2003,i
13524402,"Kiryliuk, Ilya",BLR,M,,,,1998,0,20,AUG25,1998,i
13530143,"Kirylovich, Aliaksei",BLR,M,,,,1439,0,40,AUG25,1999,
13507796,"Kisel, Nikita",BLR,M,,,,2016,0,20,AUG25,1993,i
13521489,"Kisko, Saveli",BLR,M,,,,1528,0,40,AUG25,2008,i
13514679,"Kislach, Mikhail",BLR,M,,,,1821,0,40,AUG25,1996,i
13531220,"Kislejko, Maksim",BLR,M,,,,1501,0,40,AUG25,2013,i
13521071,"Kisliak, Tsimur",BLR,M,,,,1653,0,40,AUG25,2009,i
13518216,"Kislov, Aleksei",BLR,M,,,,1985,0,40,AUG25,1984,i
13503774,"Kislov, Oleg",BLR,M,FM,,,2206,0,20,AUG25,1988,i
13502840,"Kit, Pavel",BLR,M,,,,2155,0,40,AUG25,1978,i
13514180,"Klachkou, Platon",BLR,M,,,,2051,9,20,AUG25,2006,
13508717,"Klachkou, Tsimafei",BLR,M,,FA,,1936,0,20,AUG25,1999,
13509853,"Klimantovich, Artem",BLR,M,,,,1795,0,40,AUG25,1997,i
13524356,"Klimau, Andrei",BLR,M,,,,2106,0,40,AUG25,1998,i
13514687,"Klimenko, Matvei",BLR,M,,,,1588,0,40,AUG25,1999,i
13517740,"Klimko, Rostislav",BLR,M,,,,1838,0,40,AUG25,2005,i
13535943,"Klimkov, Sergei",BLR,M,,,,1614,0,40,AUG25,1984,i
13516485,"Klimkovich, Nikolai",BLR,M,,,,1843,0,40,AUG25,1941,i
13507826,"Klimov, Vladimir",BLR,M,,,,1980,0,40,AUG25,0,i
13517996,"Klimovich, Stanislau",BLR,M,,,,1654,0,40,AUG25,2005,i
13510991,"Klimza, Anton",BLR,M,,,,1669,0,40,AUG25,2004,i
13517023,"Kliuchko, Kiryl",BLR,M,,,,1774,0,40,AUG25,2003,i
13516981,"Kliza, Igor Mih",BLR,M,,,,1911,0,40,AUG25,1984,i
13503359,"Kliza, Mikhail",BLR,M,,,,1914,10,20,AUG25,1957,
13533908,"Knysh, Mikhail",BLR,M,,,,1600,8,40,AUG25,2012,
13500740,"Kobryn, Marat",BLR,M,,,,1978,0,40,AUG25,1987,i
13505530,"Kochanov, Andrei",BLR,M,,,,1981,0,20,AUG25,1963,i
13507842,"Kocheev, Aleksandr",BLR,M,FM,,,2315,0,20,AUG25,1992,i
13504096,"Kochetkov, Eduard",BLR,M,,,,1822,0,40,AUG25,1998,i
13500635,"Kochetkov, German",BLR,M,IM,,,2277,0,10,AUG25,1965,i
13502735,"Kochetkov, Vitali",BLR,M,,,,2266,0,10,AUG25,1971,i
13515616,"Kodolich, Yana",BLR,M,,,,1745,0,40,AUG25,2000,i
13512315,"Kohno , Igor",BLR,M,,,,1757,0,40,AUG25,1964,i
13533940,"Koipish, Vasili",BLR,M,,,,1664,0,40,AUG25,1953,i
13514504,"Koishman, Evgenij",BLR,M,,,,1939,0,40,AUG25,1973,i
13513923,"Koksharov, Ivan",BLR,M,,,,1729,0,40,AUG25,2005,i
13518097,"Kolb, Antonina",BLR,M,,,,1618,0,40,AUG25,2001,i
13525220,"Koleda, Ivan",BLR,M,,,,1596,0,40,AUG25,2001,i
13522663,"Kolesau, Uladzislau",BLR,M,,,,1957,0,40,AUG25,1978,i
13501062,"Kolesnik, Eduard",BLR,M,IM,,,2274,0,10,AUG25,1965,i
13502468,"Kolesnikov, Victor",BLR,M,,,,2024,0,40,AUG25,1949,i
13517856,"Koliada, Aleksei",BLR,M,,,,1719,9,20,AUG25,1993,
13534726,"Koliadov, Ivan",BLR,M,,,,1473,12,40,AUG25,2010,
13506560,"Kolodko, Mikhail",BLR,M,,,,1766,0,20,AUG25,1953,i
13514105,"Kolosovskaya, Olga",BLR,F,,,,1806,0,20,AUG25,2002,wi
13501054,"Komissarov, Mikhail",BLR,M,,,,2210,0,20,AUG25,1965,i
13515241,"Kondratovich, Viktor",BLR,M,,,,1717,0,40,AUG25,1950,i
13501178,"Koniuh, Sergey",BLR,M,,,,2207,0,20,AUG25,1962,i
13500937,"Konstantinov, Mikhail",BLR,M,,,,2050,0,20,AUG25,1977,
13503480,"Konyshko, Ivan",BLR,M,,,,1661,0,20,AUG25,1941,i
13514512,"Kopelev, Nikita",BLR,M,,,,1709,0,20,AUG25,2003,i
13510665,"Korbut, Aleksandra",BLR,F,,,,1666,0,20,AUG25,1999,w
13509730,"Korbut, Anastasya",BLR,F,,,,1825,0,40,AUG25,0,wi
13507370,"Korbut, Maria",BLR,F,,,,1823,0,40,AUG25,1996,wi
13522400,"Korduban, Mikhail",BLR,M,,,,1453,0,40,AUG25,2006,i
13506420,"Korneenko, Sergey",BLR,M,,,,2309,0,40,AUG25,1959,i
13500180,"Korneevets, Alexander",BLR,M,IM,,,2256,0,10,AUG25,1963,i
13535897,"Korneevets, Anastasia",BLR,F,,,,1482,8,40,AUG25,2008,w
13517376,"Korneliuk, Ilya",BLR,M,,,,1815,0,40,AUG25,2001,i
13508580,"Kornilova, Kseniya",BLR,F,,,,1751,0,40,AUG25,0,wi
13500562,"Kornilovich, Vitaly",BLR,M,FM,,,2061,0,20,AUG25,1961,i
13505386,"Korolev, Alexandr",BLR,M,,,,2102,0,20,AUG25,1987,i
13516833,"Korovitskij, Aleksej",BLR,M,,,,1633,0,40,AUG25,2007,i
13506226,"Korovkina, Olga",BLR,F,,,,1934,0,20,AUG25,0,wi
13522981,"Korshak, Pavel",BLR,M,,,,1584,0,40,AUG25,2007,i
13500040,"Korzubov, Peter",BLR,M,IM,,,2337,0,10,AUG25,1962,
13522574,"Korzun, Sabina",BLR,F,,,,1686,0,40,AUG25,2003,wi
13536605,"Kosinets, Ilya",BLR,M,,,,1507,0,40,AUG25,2011,
13524690,Kostsin. Dzmitry,BLR,M,,,,1560,0,40,AUG25,1973,i
13516612,"Kostsiuk, Mikalai",BLR,M,,,,1826,0,40,AUG25,1950,i
13520741,"Kot, Denis",BLR,M,,,,1725,0,40,AUG25,2008,i
13528033,Kot. Vitali,BLR,M,,,,1720,0,40,AUG25,1973,i
13536222,"Kotau, Aliaksandar",BLR,M,,,,1642,0,40,AUG25,1984,i
13510495,"Kotau, Arseni",BLR,M,,,,2271,0,20,AUG25,2002,i
13522582,"Kotava, Iryna",BLR,M,,,,1494,0,40,AUG25,2007,i
13534602,"Kotava, Natallia",BLR,F,,,,1522,0,40,AUG25,2016,w
13504428,"Kovalenko, Sergey P.",BLR,M,,,,1953,0,20,AUG25,1934,i
13500023,"Kovalev, Andrei",BLR,M,GM,FST,,2371,10,10,AUG25,1961,
13502786,"Kovalev, Dmitry",BLR,M,,,,2119,0,40,AUG25,0,i
13533495,"Kovalev, Mark",BLR,M,,,,1509,0,40,AUG25,2008,i
13504355,"Kovaleva, Ekaterina",BLR,F,WFM,WFM,,1962,0,20,AUG25,1984,w
13509764,"Kovalkov, Pavel",BLR,M,,,,2066,0,20,AUG25,1999,i
13513010,"Kovyrshin, Sergei",BLR,M,,,,1857,0,40,AUG25,1955,i
13513346,"Kozlov, Aleksandr V",BLR,M,,,,1925,0,20,AUG25,1979,i
13522310,"Kozlov, Pavel",BLR,M,,,,1510,0,40,AUG25,2008,i
13512226,"Kozlov, Sergey",BLR,M,,,,AGM,1646,0,AUG25,1981,i
13506145,"Kozlov, Valentin",BLR,M,,,,1579,0,20,AUG25,1959,i
13518267,"Kozlovski, Sergei",BLR,M,,,,1591,0,40,AUG25,1983,i
13535951,"Kozlovsky, Ilya",BLR,M,,,,1818,0,40,AUG25,2014,
13513028,"Kozyro, Ilia",BLR,M,,,,1518,0,20,AUG25,2004,i
13511068,"Kramich, Aliaksei",BLR,M,,,,2146,0,20,AUG25,2002,
13530828,"Krasouskaya, Maryna",BLR,F,,,,1616,0,40,AUG25,1988,wi
13520423,"Krasovskaja, Ksenija",BLR,F,,,,1516,0,20,AUG25,2005,wi
13506633,"Krasovskaya, Anastasia",BLR,F,,,,1957,0,20,AUG25,1991,wi
13513737,"Kratovich, Pavel",BLR,M,,,,1569,0,40,AUG25,2004,i
13534114,"Krauchanka, Nadzeya",BLR,F,,,,1571,0,40,AUG25,2010,w
13508741,"Krauchanka, Yuliya",BLR,F,,,,1802,0,20,AUG25,2001,w
13503227,"Krauchenia, Nastassia",BLR,F,WFM,WFM,,2047,0,20,AUG25,1984,wi
13523244,"Krauchonak, Miraslau",BLR,M,,,,1697,0,40,AUG25,2010,i
13534734,"Krauchuk, Volha",BLR,F,,,,1531,0,40,AUG25,1962,wi
13513036,"Kravtsov, Dmitry",BLR,M,,,,1641,0,40,AUG25,2002,i
13520083,"Krivelevich, Sofiya",BLR,F,,,,1614,0,40,AUG25,2002,wi
13514113,"Krivosheev, Aleksandr",BLR,M,,,,1923,0,40,AUG25,2001,i
13524364,"Krukouski, Serafim",BLR,M,,,,2033,10,40,AUG25,2008,
13500163,"Krulikovsky, Yury",BLR,M,,,,2025,0,40,AUG25,1964,i
13528254,"Kryklivy, Tsimafei",BLR,M,,,,1586,9,40,AUG25,2013,
13525379,"Kubatsin, Mert-Maksim",BLR,M,,,,1684,0,40,AUG25,2006,i
13516299,"Kuchin, Mikhail",BLR,M,,,,1735,0,40,AUG25,2002,i
13511416,"Kudrashou, Siarhei",BLR,M,,,,1968,0,20,AUG25,1956,i
13502808,"Kudris, Vladislav",BLR,M,,,,1924,0,20,AUG25,1967,i
13506366,"Kuharchuk, Ekaterina",BLR,F,,,,1881,0,20,AUG25,1993,wi
13507320,"Kuharchuk, Igor",BLR,M,,,,1806,0,40,AUG25,0,i
13501402,"Kulagina, Svetlana",BLR,F,,,,1987,0,20,AUG25,1968,wi
13510304,"Kulakou , Vitali",BLR,M,,,,1974,0,40,AUG25,1954,i
13514245,"Kulazhanka, Yaroslav",BLR,M,,,,1576,0,40,AUG25,2003,i
13509209,"Kuleshov, Georgiy",BLR,M,,,,1788,0,20,AUG25,0,i
13507338,"Kuleshov, Konstantin",BLR,M,,,,2083,10,20,AUG25,1993,
13518526,"Kundyshev, Roman",BLR,M,,,,1562,0,40,AUG25,2008,i
13519174,"Kurganov, Maksim",BLR,M,,,,1482,0,40,AUG25,2007,i
13504215,"Kurnosov, Sergei",BLR,M,,,,2103,0,40,AUG25,0,i
13506501,"Kusenkova, Natallia",BLR,F,WFM,WFM,NA,2169,0,20,AUG25,1995,wi
13507907,"Kustov, Alexei",BLR,M,,,,2051,0,20,AUG25,1993,i
13510827,"Kutasevich, Artsiom",BLR,M,,,,1933,0,20,AUG25,2001,i
13501895,"Kutsankov, Vladimir",BLR,M,FM,,,2199,0,20,AUG25,1981,i
13515560,"Kutuzov, Andrei",BLR,M,,,,1743,0,40,AUG25,1999,i
13510010,"Kuzich, Aryna",BLR,F,,,,1948,0,20,AUG25,2003,wi
13517686,"Kuzmenka, Mikita",BLR,M,,,,1639,0,40,AUG25,2007,i
13506455,"Kuzmenkov, Aleksandr",BLR,M,,,,1935,0,40,AUG25,0,i
13533967,"Kuzmitski, Aliaksei",BLR,M,,,,1444,0,40,AUG25,2003,i
13523902,"Kuzmitski, Ivan",BLR,M,,,,1671,0,40,AUG25,2006,i
13524020,"Kuzmitski, Yahor",BLR,M,,,,1536,0,40,AUG25,2009,i
13503413,"Kuzmuk, Makar",BLR,M,,,,1989,0,20,AUG25,1996,
13509403,"Kuzmuk, Veranika",BLR,F,,,,1702,0,40,AUG25,2000,wi
13528858,"Lachinov, Stepan",BLR,M,,,,1527,0,40,AUG25,2006,i
13500201,"Lagvilava, Genrieta",BLR,F,WGM,WGM,,2108,10,20,AUG25,1969,w
13532162,"Lakustov, Artsiom",BLR,M,,,,1460,0,40,AUG25,2010,i
13502166,"Lamaka, Ryhor",BLR,M,,,,1879,0,20,AUG25,0,i
13526553,"Lamaka, Sofiya",BLR,F,,,,1505,0,40,AUG25,2013,w
13519433,"Lanets, Kseniya",BLR,F,,,,1719,0,20,AUG25,2004,wi
13528866,"Lapitski, Aliaksandr",BLR,M,,,,1696,0,40,AUG25,1951,i
13515250,"Laptev, Viktor",BLR,M,,,,1533,0,40,AUG25,1955,i
13522604,"Lapus, Vitaliy",BLR,M,,,,1855,0,20,AUG25,2004,i
13515381,"Larin, Timofey",BLR,M,,,,1633,0,40,AUG25,2001,i
13513354,"Lashkevich, Andrei",BLR,M,,,,1691,0,40,AUG25,1972,i
13520598,"Laskovich, Uladzislau",BLR,M,,,,1588,0,40,AUG25,2008,i
13517295,"Latan, Kiryl",BLR,M,,,,1764,0,40,AUG25,2003,i
13510452,"Lavrenchuk, Sergei",BLR,M,,,,1817,0,40,AUG25,2000,i
13500660,"Lavretzkij, Roman",BLR,M,IM,,,2266,0,10,AUG25,1974,i
13504290,"Lavryk, Vladzimir",BLR,M,,,,2210,0,40,AUG25,1938,i
13526065,"Lazarava, Tatyana",BLR,F,,,,1502,0,40,AUG25,2011,wi
13515110,"Lazavik, Denis",BLR,M,GM,,,2584,10,10,AUG25,2006,
13522272,"Lazouski, Martsin",BLR,M,,,,1722,0,40,AUG25,2007,i
13505670,"Lebedeva, Elena",BLR,F,,,,1873,0,40,AUG25,0,wi
13524941,"Lebedz, Saveli",BLR,M,,,,1451,0,40,AUG25,2011,i
13504649,"Leinov, Roman",BLR,M,CM,,,2120,0,20,AUG25,1982,
13510312,"Lekakh, Mikhail",BLR,M,,,,1823,0,20,AUG25,1938,
13512153,"Lenchanka, Nina",BLR,F,,,,1498,0,40,AUG25,0,wi
13529374,"Leonov, Egor",BLR,M,,,,1540,0,40,AUG25,2007,i
13512730,"Leonova, Ameliya",BLR,F,,,,1680,0,20,AUG25,2002,w
13501755,"Leuchanka, Siarhei",BLR,M,,,,2173,0,20,AUG25,1982,i
13537008,"Levashkevich, Afanasi",BLR,M,,,,1451,8,40,AUG25,2011,
13526243,"Levchenko, Violetta",BLR,M,,,,1415,0,40,AUG25,2006,i
13518674,"Levitskiy, Ivan",BLR,M,,,,1536,0,40,AUG25,2009,i
13518763,"Levochkin, Alexandr",BLR,M,,,,1547,0,40,AUG25,2008,i
13516973,"Levy, Uladzimir",BLR,M,,,,1818,0,20,AUG25,1973,
13510541,"Liachnovich, Vladislav",BLR,M,,,,1575,0,40,AUG25,0,i
13511335,"Liahovich, Lev",BLR,M,,,,1626,0,40,AUG25,0,i
13513362,"Liashchonak, Siarhei",BLR,M,,,,2054,0,40,AUG25,1950,i
13519441,"Liaskovich, Rada",BLR,F,,,,1533,0,40,AUG25,2007,wi
13502930,"Liassota, Evgueni",BLR,M,FM,,,2347,0,20,AUG25,1985,i
13500813,"Libov, Gennady",BLR,M,FM,,,2158,0,20,AUG25,1961,i
13526804,"Likhadziyeuski, Aliaksandr",BLR,M,,,,1483,0,40,AUG25,2012,i
13504010,"Lindarenko, Leonid",BLR,M,,,,2194,0,40,AUG25,0,i
13510754,"Liplianski, Ivan",BLR,M,,,,1850,0,20,AUG25,2003,i
13521667,"Lippa, Evgeniy",BLR,M,,,,1533,0,40,AUG25,2009,i
13517520,"Lipskiy, Viktor",BLR,M,,,,1751,0,20,AUG25,1996,i
13511777,"Litskevich, Danila",BLR,M,,,,1542,0,40,AUG25,2001,i
13516302,"Litvin, Viktor Vi",BLR,M,,,,1622,0,40,AUG25,1973,i
13504487,"Litvin, Vladimir",BLR,M,,,,1929,0,20,AUG25,1967,i
13504681,"Litvinenko, Alexander",BLR,M,,,,1966,0,20,AUG25,1953,i
13504819,"Litvinov, Alexandr",BLR,M,,,,2018,10,20,AUG25,1988,
13500333,"Litvinov, Vladimir",BLR,M,IM,,,2207,0,10,AUG25,1941,i
13519123,"Liubchanka, Alesia",BLR,F,,,,1448,0,40,AUG25,2006,wi
13500716,"Liutsko, Igor",BLR,M,GM,,,2249,0,10,AUG25,1962,i
13536362,"Loginov, Alexey",BLR,M,,,,1698,0,40,AUG25,2004,
13501356,"Lomako, Pavel",BLR,M,IM,,,2240,0,10,AUG25,1983,i
13504150,"Lopatik, Nikita",BLR,M,,,,2043,0,20,AUG25,1998,i
13503162,"Loukashevich, Alexandr",BLR,M,,,,1965,0,20,AUG25,1968,i
13504177,"Loyko, Viktor",BLR,M,,,,1773,0,40,AUG25,0,i
13518925,"Lubchanka, Alesya",BLR,F,,,,1596,0,40,AUG25,2006,wi
13522418,"Luchko, Jan",BLR,M,,,,1493,0,40,AUG25,2008,i
13525255,"Luhinin, Maksim",BLR,M,,,,1823,9,40,AUG25,2011,
13510762,"Lukashevich, Maryia",BLR,F,,,,1672,0,20,AUG25,2003,wi
13501810,"Lukashok, Alexandr",BLR,M,,,,2370,0,10,AUG25,1982,i
13509748,"Lukjanenko, Anastasija",BLR,F,,,,1909,0,40,AUG25,0,wi
13538713,"Lukshits, Victoria",BLR,F,,,,1401,0,40,AUG25,2010,w
13501461,"Lukyanenko, Stanislav",BLR,M,,,,1831,0,20,AUG25,1995,i
13534572,"lukyaniuk, Mikhail",BLR,M,,,,1860,0,40,AUG25,1994,i
13507168,"Lupachev, Alexei",BLR,M,,,,1829,0,40,AUG25,0,i
13506412,"Lvova, Yulia",BLR,F,,,,2054,0,20,AUG25,1992,wi
13500252,"Lybin, Dmitry",BLR,M,IM,,,2413,0,10,AUG25,1963,i
13538152,"Lysak, Vladislav",BLR,M,,,,1569,0,40,AUG25,2011,
13514539,"Majzet, Aleksej",BLR,M,,,,1624,0,40,AUG25,2003,i
13521136,"Makarevich, Dzmitry",BLR,M,,,,1628,0,40,AUG25,2010,
13539523,"Makarov, Kirill",BLR,M,,,,1718,0,40,AUG25,1990,
13528343,"Makarychev, Artem",BLR,M,,,,1444,0,40,AUG25,2013,
13503421,"Makeev, Victor",BLR,M,,,,2009,0,20,AUG25,1983,i
13502433,"Makevich, P.",BLR,M,,,,2055,0,20,AUG25,1982,i
13510207,"Makovskiy, Vladislav",BLR,M,,,,1695,0,40,AUG25,0,i
13518739,"Maksimchyk, Saveli",BLR,M,,,,1618,0,40,AUG25,2006,i
13518747,"Maksimchyk, Siamion",BLR,M,,,,1566,0,40,AUG25,2007,i
13512889,"Maksimov, Vjacheslav",BLR,M,,,,1576,0,20,AUG25,2003,i
13512897,"Maksimov, Yurij",BLR,M,,,,1484,0,20,AUG25,2005,i
13503529,"Maksimova, Elena",BLR,F,WFM,WFM,,2070,0,20,AUG25,1988,wi
13530593,"Maksimuk, Grigory",BLR,M,,,,1501,0,40,AUG25,2008,i
13523589,"Maktabi, Ashraf-Ruslan",BLR,M,,,,1537,0,40,AUG25,2006,i
13517716,"Makunin, Gennady",BLR,M,,,,1799,0,40,AUG25,1963,i
13536214,"Makutin, Gleb",BLR,M,,,,1540,0,40,AUG25,2011,
13506714,"Malashko, Gleb",BLR,M,,,,1920,0,40,AUG25,0,i
13508512,"Malatsilava, Volha",BLR,F,,,,1981,0,20,AUG25,1998,wi
13514695,"Malinovski, Matvei",BLR,M,,,,1582,0,40,AUG25,2003,i
13500724,"Maliush, Andrei",BLR,M,FM,,,2240,0,10,AUG25,1972,i
13505742,"Maltseva, Diana",BLR,F,,,,1898,0,20,AUG25,1994,wi
13524887,"Malyshev, Viktor",BLR,M,,,,1488,0,40,AUG25,2007,i
13501976,"Mandrovsky, Valery",BLR,M,,,,2197,0,20,AUG25,1974,i
13507176,"Maniuk, Victor",BLR,M,,,,1684,0,20,AUG25,1999,i
13524798,"Marchankou, Anton",BLR,M,,,,1500,0,40,AUG25,1975,i
13521578,"Marchenkova, Varvara",BLR,F,,,,1509,0,40,AUG25,2010,wi
13515357,"Markhanau, Fiodar",BLR,M,,,,1537,0,40,AUG25,2006,i
13526995,"Martsyniak, Ivan",BLR,M,,,,1452,0,40,AUG25,2010,i
13519107,"Martsynkevich, Viktar",BLR,M,,,,1614,0,40,AUG25,1990,i
13511017,"Martuliov, Piotr",BLR,M,,,,1999,0,20,AUG25,1989,i
13532855,"Martyniuk, Dzianis",BLR,M,,,,1598,0,40,AUG25,2013,
13516175,"Martyniuk, Liudmila",BLR,F,,,,1810,0,40,AUG25,1977,wi
13516957,"Martyniuk, Nadzeya",BLR,F,,,,1653,0,40,AUG25,2004,wi
13506722,"Masjuk, Vladimir",BLR,M,,,,1924,0,20,AUG25,1954,i
13521268,"Maslau, Ivan",BLR,M,,,,1737,0,40,AUG25,2008,i
13505831,"Maslenkov, Yuriy",BLR,M,,,,2138,0,40,AUG25,1984,i
13503170,"Masliakov, Mikhail",BLR,M,,,,2195,0,20,AUG25,1984,i
13502662,"Maslovskaya, Veronika",BLR,F,,,,1825,0,40,AUG25,1991,wi
13503448,"Masluchenko, Kirill",BLR,M,,,,1975,0,40,AUG25,0,i
13512811,"Matkovski, Artem",BLR,M,,,,1781,0,20,AUG25,2003,i
13524801,"Matseralnik, Vera",BLR,F,,,,1624,0,40,AUG25,2009,w
13528572,"Matsias, Yelisei",BLR,M,,,,1580,0,40,AUG25,2010,
13512757,"Matskevich, Maksim",BLR,M,,,,1933,0,20,AUG25,2000,i
13530909,"Matsuk, Maksim",BLR,M,,,,1739,0,40,AUG25,2007,i
13512714,"Matveenko, Viktor",BLR,M,,,,1691,0,40,AUG25,1959,i
13535196,"Matyskin, Maksim",BLR,M,,,,1625,0,40,AUG25,2008,i
13501615,"Mazurenko, Pavel",BLR,M,,,,1786,0,20,AUG25,1989,i
13506080,"Mazurkevich, Jurij",BLR,M,,,,1975,0,40,AUG25,0,i
13522434,"Medvedev, Aleksandr",BLR,M,,,,1664,0,40,AUG25,2001,i
13527304,"Medvetskaya, Marya",BLR,F,,,,1522,0,40,AUG25,2007,wi
13519972,"Melehov, Artiom",BLR,M,,,,1566,0,40,AUG25,2006,i
13519891,"Melekhov, Artyom",BLR,M,,,,1686,0,20,AUG25,2006,i
13501410,"Meleshko, Anatolij",BLR,M,,,,1958,0,20,AUG25,1952,i
13535340,"Meleshko, Varvara",BLR,M,,,,1457,0,40,AUG25,2011,
13524720,"Melnichenka, Adelina",BLR,F,,,,1450,0,40,AUG25,2008,wi
13516949,"Melnikau, Aliaksei",BLR,M,,,,1806,0,20,AUG25,2006,i
13519816,"Melnikava, Natallia",BLR,F,,,,1699,0,20,AUG25,2004,wi
13504622,"Melnikov, Andrej",BLR,M,,,,1783,0,40,AUG25,1996,i
13503693,"Meltser, Valentin Dr.",BLR,M,,,,2116,0,40,AUG25,1935,i
13501968,"Meribanov, Semen",BLR,M,,,,2345,0,40,AUG25,1964,i
13504363,"Meribanov, Vitaly",BLR,M,IM,,,2406,0,10,AUG25,1994,i
13512234,"Mezentseva, Taisia",BLR,F,,,,1603,0,20,AUG25,2005,wi
13536729,"Miadvedka, Raman",BLR,M,,,,1530,0,40,AUG25,2010,i
13524380,"Miadzvetskaya, Mariya",BLR,M,,,,1496,0,40,AUG25,2007,i
13512943,Mialik Uladzislau,BLR,M,,,,1963,0,20,AUG25,2001,i
13513753,"Mialik, Artsiom",BLR,M,,,,1680,0,20,AUG25,2005,i
13531743,"Miatselskiy, Mikalai",BLR,M,,,,1557,0,40,AUG25,1984,i
13500805,"Mihajlovskij, Sergei",BLR,M,,,,2292,0,10,AUG25,1980,
13522051,"Mihalchuk, Maksim",BLR,M,,,,1899,0,20,AUG25,1998,i
13533991,"Mikhailov, Viacheslav",BLR,M,,,,1659,0,40,AUG25,1959,i
13511424,"Mikhalionak, Alena",BLR,F,,,,1705,0,20,AUG25,1978,wi
13527746,"Mikhnevich, Stsiapan",BLR,M,,,,1451,0,40,AUG25,2007,i
13502263,"Mikulionok, Valery",BLR,M,,,,1834,0,20,AUG25,1995,i
13504371,"Milevich, Andrey",BLR,M,,,,2213,0,20,AUG25,0,i
13533886,"Milyanenka, Danila",BLR,M,,,,1538,5,40,AUG25,2015,
13504720,"Minina, Alena",BLR,F,WFM,WFM,,2044,0,20,AUG25,1989,wi
13513044,"Minina, Karolina",BLR,F,,,,1783,0,20,AUG25,1999,wi
13501275,"Mironov, Ilya",BLR,M,FM,,,2293,0,20,AUG25,1980,i
13525344,"Mishchanka, Yury",BLR,M,,,,1618,0,40,AUG25,2007,i
13506099,"Mitkovets, Ulia",BLR,F,,,,1965,0,20,AUG25,1991,wi
13510215,"Mitskevich, Yauheniya",BLR,F,,,,1937,0,20,AUG25,2002,wi
13500074,"Mochalov, Evgeny V",BLR,M,IM,,,2365,0,10,AUG25,1951,i
13515047,"Mogilevtseva, Marya",BLR,F,,,,1717,0,40,AUG25,1999,wi
13504924,"Moiseenko, Alexandr",BLR,M,,,,2092,0,40,AUG25,1991,i
13504126,"Mokriy, Alexander",BLR,M,,,,2058,0,20,AUG25,1990,i
13522442,"Molochnikov, Mikhail",BLR,M,,,,1583,0,40,AUG25,2008,i
13509462,"Molokovich, Aleksei",BLR,M,,,,1795,0,20,AUG25,1998,i
13502271,"Morgaenko, Ekaterina",BLR,F,,,,1869,0,20,AUG25,1994,w
13514121,"Moroz, Ekaterina",BLR,M,,,,1642,0,40,AUG25,2000,i
13520539,"Morozov, Aleksandr",BLR,M,,,,1888,0,40,AUG25,2002,i
13517724,"Moskvich, Valery",BLR,M,,,,1659,0,40,AUG25,1959,i
13520431,"Motorina, Elizaveta",BLR,M,,,,1453,0,40,AUG25,2000,i
13507273,"Motovilnik, Jurij",BLR,M,,,,1932,0,20,AUG25,1997,i
13501631,"Mozerov, Alexei",BLR,M,,,,1896,0,40,AUG25,0,i
13522450,"Mozhar, Ivan",BLR,M,,,,1503,0,40,AUG25,2001,i
13527380,"Mrishchuk, Volodymyr",BLR,M,,,,1688,7,40,AUG25,2012,
13528521,"Mtvarelishvili, Nikoloz",BLR,M,,,,1635,0,40,AUG25,1969,i
13501127,"Muivid, Yury",BLR,M,,,,2208,0,20,AUG25,1941,i
13508997,"Mukhin, Pavel",BLR,M,,,,1963,10,20,AUG25,1974,
13515578,"Mukhin, Viacheslav",BLR,M,,,,1689,0,40,AUG25,1999,i
13523007,"Mukhin, Vladislav",BLR,M,,,,1915,0,20,AUG25,2003,i
13508610,"Mukovozchik, Evgeny",BLR,M,,,,1911,0,20,AUG25,1998,i
13534297,"Mulitsa, Yan",BLR,M,,,,1661,0,40,AUG25,2015,
13507184,"Muzyka, Alexandra",BLR,F,,,,1794,0,20,AUG25,1997,wi
13539248,"Myachin, Vadim",BLR,M,,,,1654,10,40,AUG25,1962,
13535102,"Nabiulina, Albina",BLR,F,,,,1615,9,40,AUG25,2007,w
13535110,"Nabiulina, Angelina",BLR,F,,,,1675,9,40,AUG25,2007,w
13501208,"Nakhaenko, Viktor M.",BLR,M,,,,2096,0,20,AUG25,1926,i
13529382,"Nalivko, Aleksandr",BLR,M,,,,1548,0,40,AUG25,2007,i
13514555,"Narchuk, Sergej",BLR,M,,,,1666,0,40,AUG25,1967,i
13538578,"Nartovich, Daminika",BLR,F,,,,1599,7,40,AUG25,2013,w
13526499,"Nasenia, Matsvei",BLR,M,,,,1716,0,40,AUG25,2011,
13530470,"Nasenya, Matvei",BLR,M,,,,1555,0,40,AUG25,2011,i
13525298,"Naumets, Daniil",BLR,M,,,,1620,0,40,AUG25,2005,i
13501437,"Naumik, Denis",BLR,M,,,,2194,0,40,AUG25,1977,i
13522744,"Naumov, Sergey",BLR,M,,,,1512,0,40,AUG25,2009,i
13530038,"Naumovich, Dzmitry",BLR,M,,,,1689,0,40,AUG25,2010,i
13514563,"Naumovich, Yaroslav",BLR,M,,,,AGM,2008,0,AUG25,2005,
13520814,"Navumenka, Makar",BLR,M,,,,1926,10,40,AUG25,2010,
13539426,"Nazarau, Ivan",BLR,M,,,,1496,0,40,AUG25,2008,
13501623,"Nekrasov, Vladimir",BLR,M,,,,2332,0,20,AUG25,1957,i
13536176,"Nemogai, Vladimir",BLR,M,,,,1522,0,40,AUG25,2008,i
13505564,"Nesterenko, Pavel",BLR,M,,,,2259,0,20,AUG25,0,i
13515705,"Nesterovich, Ilya",BLR,M,,,,1628,0,40,AUG25,1999,i
13503367,"Nesteruk, Vadim",BLR,M,,,,2171,0,40,AUG25,1986,i
13502280,"Nevioselaya, Maria",BLR,F,,,,1993,0,20,AUG25,1996,wi
13502298,"Nevioselaya, Oksana",BLR,F,,,,1704,0,20,AUG25,1999,wi
13507109,"Niakhaichik, Elena",BLR,F,,,,1703,0,40,AUG25,0,wi
13507966,"Nikandrova, Polina",BLR,F,,,,1933,0,40,AUG25,1990,wi
13506862,"Nikitenko, Mihail",BLR,M,GM,,,2504,19,10,AUG25,2000,
13503065,"Nikitin, Aleksander I",BLR,M,,,,1988,0,20,AUG25,1965,i
13515713,"Nikolaev, Dmitry",BLR,M,,,,1803,0,20,AUG25,1999,i
13509691,"Nikulin, Kirill",BLR,M,,,,1882,0,40,AUG25,1994,i
13504312,"Norov, Artem",BLR,M,,,,1920,0,20,AUG25,1992,i
13538063,"Novik, Aliaksandr",BLR,M,,,,1558,0,40,AUG25,1979,i
13519760,"Novik, Nikita",BLR,M,,,,1693,9,20,AUG25,2005,
13533258,"Novik, Piotr",BLR,M,,,,1433,0,40,AUG25,2012,
13506285,"Novik, Vitaly",BLR,M,,,,1729,0,40,AUG25,1994,i
13523570,"Novikau, Mikita",BLR,M,,,,1959,9,40,AUG25,2011,
13540025,"Novikova, Alesia",BLR,M,,,,1547,0,40,AUG25,2010,
13500619,"Novitzkij, Dmitrij",BLR,M,IM,,,2191,9,10,AUG25,1971,
13503979,"Oblamski, Vladimir",BLR,M,,,,1967,0,20,AUG25,1952,i
13502964,"Obuhov, Filipp",BLR,M,,,,2121,0,20,AUG25,1993,i
13535129,"Okruh, Alexander",BLR,M,,,,1605,0,40,AUG25,2008,i
13507982,"Olishevko, Viacheslav",BLR,M,,,,1908,0,20,AUG25,1993,i
13509217,"Oreshko, Alexandr",BLR,M,,,,1788,0,20,AUG25,1998,i
13507478,"Orlov, Aleksey",BLR,M,,NA,,1828,0,20,AUG25,1999,
13506986,"Orlovsky, Alexandr",BLR,M,,,,1936,0,40,AUG25,1972,i
13533436,"Ormanzhy, Timur",BLR,M,,,,1607,0,40,AUG25,2010,
13507486,"Osipov, Vladimir",BLR,M,,,,1710,0,20,AUG25,1953,i
13507990,"Osipova, Polina",BLR,F,,,,1896,0,20,AUG25,1994,wi
13509705,"Ostapchik, Anton",BLR,M,,,,2013,0,20,AUG25,1998,i
13527312,"Otchik, Polina",BLR,M,,,,1609,0,40,AUG25,2010,i
13509870,"Ovchinina, Olga",BLR,F,,,,1756,0,40,AUG25,2003,wi
13527037,"Ovdienko, Illia",BLR,M,,,,1542,0,40,AUG25,2007,i
13528246,"Padasinavik, Yana",BLR,F,,,,1502,0,40,AUG25,2006,w
13523139,"Paharalchuk, Uliana",BLR,F,,,,1485,0,40,AUG25,2008,wi
13503596,"Pak, Raman",BLR,M,,,,2192,0,20,AUG25,1958,i
13506153,"Palamarchuk, Evgenij",BLR,M,,,,1773,0,20,AUG25,1944,i
13529943,"Paludniakou, Usevalad",BLR,M,,,,1498,0,40,AUG25,2013,
13501569,"Panin, Yurij",BLR,M,,,,2227,0,40,AUG25,1956,i
13513176,"Panysh, Vladimir",BLR,M,,,,1940,0,40,AUG25,0,i
13524895,"Papkovich, Denis",BLR,M,,,,1587,0,40,AUG25,2008,i
13538624,"Papleuka, Viktar",BLR,M,,,,1516,9,40,AUG25,2007,
13528980,"Papou, Illia",BLR,M,,,,1759,8,40,AUG25,2010,
13501267,"Paramonov, Dimitriy",BLR,M,,,,2359,0,20,AUG25,1980,i
13526170,"Parfenov, Ruslan",BLR,M,,,,1472,0,40,AUG25,2003,i
13521977,"Parfimovich, Alika",BLR,F,,,,1628,0,40,AUG25,2008,wi
13502310,"Parhomchik, Alexey",BLR,M,,,,1834,0,40,AUG25,1995,i
13523830,"Parkhimchyk, Kiryl",BLR,M,,,,2055,10,40,AUG25,2008,
13512560,"Parkhomovich, Iryna",BLR,F,,,,1532,0,20,AUG25,1976,wi
13509381,"Parkhuta, Dzianis",BLR,M,,,,1813,0,40,AUG25,1999,i
13511076,"Paroshin, Anton",BLR,M,,,,1760,0,20,AUG25,1998,i
13535587,"Pashkevich, Dzmitry",BLR,M,,,,1586,0,40,AUG25,2015,
13511181,"Pashkouski, Leu",BLR,M,,,,1966,0,20,AUG25,2000,i
13524151,"Pasiashnichenka, Dzmitry",BLR,M,,,,1828,10,40,AUG25,2009,
13520890,"Patapovich, Mitrafan",BLR,M,,,,1625,0,40,AUG25,2009,i
13519425,"Patarocha, Ulyana",BLR,F,,,,1611,0,40,AUG25,2008,wi
13503006,"Patskevich, Andrei",BLR,M,,,,2111,0,20,AUG25,1983,i
13515128,"Pauliuchkou, Daniil",BLR,M,,,,1599,0,20,AUG25,2006,i
13520318,"Paulyshka, Roman",BLR,M,,,,1451,0,40,AUG25,2008,i
13508016,"Pavlov, Andrei",BLR,M,,,,2126,0,20,AUG25,1963,i
13520326,"Pavlov, Andrey Yu",BLR,M,,,,1581,0,40,AUG25,1963,i
13513648,"Pavlovitski, Aliaksandr",BLR,M,,,,1666,0,40,AUG25,2004,i
13529390,"Pavluchkov, Daniil",BLR,M,,,,1733,0,40,AUG25,2006,
13522922,"Pavlytchev, Mikhail",BLR,M,,,,1921,0,20,AUG25,1950,i
13537075,"Peatrov, Oleg",BLR,M,,,,1675,0,40,AUG25,2009,i
13511459,"Pedzko, Serhei",BLR,M,,,,1658,0,20,AUG25,1971,
13537113,"Pekarchik, Artemy",BLR,M,,,,1467,0,40,AUG25,2012,
13517880,"Perovski, Vladimir",BLR,M,,,,1945,0,40,AUG25,1956,i
13535749,"Peshka, Arseni",BLR,M,,,,1792,0,40,AUG25,2008,i
13523740,"Petrasian, Artur",BLR,M,,,,1734,0,40,AUG25,2010,i
13530216,"Petrou, Yahor",BLR,M,,,,1755,0,40,AUG25,2004,i
13519190,"Petrov, Andrey",BLR,M,,,,1748,0,40,AUG25,2003,i
13512048,"Petrov, Dan",BLR,M,,,,1585,0,40,AUG25,2001,i
13527320,"Petrov, Oleg",BLR,M,,,,1618,0,40,AUG25,2009,
13508830,"Petrova, Anna",BLR,F,,,,1718,0,20,AUG25,1997,wi
13506463,"Petrushko, Evgeni",BLR,M,,,,2086,0,20,AUG25,1991,i
13520237,"Petsiul, Andrei",BLR,M,,,,1833,0,40,AUG25,2002,i
13511084,"Peuny, Andrei",BLR,M,,,,1821,0,20,AUG25,2001,i
13516361,"Pham, Van Roanh",BLR,M,,,,1528,0,20,AUG25,1967,i
13535285,"Piakarchyk, Artsemi",BLR,M,,,,1413,0,40,AUG25,2012,
13512986,"Pialesa, Siarhei",BLR,M,,,,1873,0,20,AUG25,1958,i
13516094,"Piatrenka, Ivan",BLR,M,,,,1832,0,40,AUG25,2007,i
13515101,"Piatrenka, Siarhei",BLR,M,,,,1686,0,40,AUG25,1983,i
13530291,"Piatrouski, Makar",BLR,M,,,,1601,0,40,AUG25,2007,
13534009,"Pichkouski, Aliaksandr",BLR,M,,,,1435,0,40,AUG25,1979,i
13525786,"Pichtava, Anzhalina",BLR,F,,,,1449,0,40,AUG25,2006,wi
13519530,"Pilipenko, Denis",BLR,M,,,,1880,0,20,AUG25,2003,i
13530810,"Pishchyk, Mikalai",BLR,M,,,,1613,0,40,AUG25,1978,i
13537121,"Platko, Tsimafei",BLR,M,,,,1448,0,40,AUG25,2013,i
13514164,"Platnitski, Siarhei",BLR,M,,,,1677,0,20,AUG25,2005,i
13506730,"Pleshkevich, Konstantin",BLR,M,,,,1949,0,20,AUG25,1992,i
13511688,"Pliaskach, Uladzislau",BLR,M,,,,1794,0,40,AUG25,1999,i
13539450,"Podgayskiy, Andrei",BLR,M,,,,1524,12,40,AUG25,2010,
13534041,"Podkopaev, Andrei",BLR,M,,,,1620,8,40,AUG25,2015,
13502999,"Podobedov, Filipp",BLR,M,,,,2137,0,20,AUG25,0,i
13504134,"Podolchenko, Evgeniy",BLR,M,GM,,,2321,0,10,AUG25,1988,
13508040,"Pogar, Grigoriy",BLR,M,,,,2205,0,40,AUG25,1961,i
13516493,"Pogorelskaya, Veronika",BLR,M,,,,1668,0,20,AUG25,2002,i
13503936,"Pogosian, Manvel",BLR,M,FM,,,2338,0,10,AUG25,1991,i
13517015,"Pohilko, Gennadi",BLR,M,,,,1797,0,20,AUG25,1940,i
13511530,"Pokuts, Ilia",BLR,M,,,,1620,0,40,AUG25,1998,i
13505238,"Poleshchuk, Dmitriy",BLR,M,,,,2151,0,20,AUG25,1991,i
13506471,"Poleshchuk, Viktor",BLR,M,,,,1957,0,20,AUG25,1994,i
13505572,"Poljuhovich, Viktor",BLR,M,,,,2039,0,20,AUG25,1987,i
13518984,"Polyakov, Pavel",BLR,M,,,,1949,0,40,AUG25,1977,
13506668,"Ponyavin, Dmitriy",BLR,M,,,,1974,0,20,AUG25,1989,i
13509470,"Popov, Maksim",BLR,M,,,,1779,0,20,AUG25,2002,i
13518577,"Popov, Viacheslav",BLR,M,,,,1704,0,40,AUG25,1940,i
13508920,"Porshnev, Sergei",BLR,M,,,,1975,0,40,AUG25,0,i
13514830,"Povod, Igor",BLR,M,,,,1877,0,40,AUG25,1990,i
13534181,"Prakapuk, Aliaksandr",BLR,M,,,,1746,0,40,AUG25,1959,i
13507052,"Prakapuk, Vera",BLR,F,,,,1937,0,20,AUG25,2000,wi
13531670,"Prakharenka, Raman",BLR,M,,,,1538,8,40,AUG25,2008,
13518410,"Prapirnaja, Jana",BLR,F,,,,1406,0,40,AUG25,2006,wi
13518470,"Pribyshenia, Julija",BLR,M,,,,1447,0,40,AUG25,2002,i
13500244,"Prokhoda, Nikola",BLR,M,FM,,,2046,0,20,AUG25,1953,i
13508067,"Prokopuk, Aleksandrina",BLR,F,,,,1830,0,20,AUG25,1995,wi
13506579,"Prokurat, Dmitry",BLR,M,,,,1844,0,40,AUG25,0,i
13524593,"Pronin, Aleh",BLR,M,,,,1732,0,40,AUG25,1986,i
13524909,"Pronkevich, Ivan",BLR,M,,,,1719,0,40,AUG25,2004,i
13506900,"Protsko, Egor",BLR,M,,,,1711,0,20,AUG25,2000,i
13506919,"Protsko, Kateryna",BLR,F,,,,1804,0,20,AUG25,1997,wi
13502832,"Prussakov, Konstantin",BLR,M,,,,2216,0,20,AUG25,1976,i
13529340,"Prylutski, Mikhail",BLR,M,,,,1557,0,40,AUG25,2012,
13527711,"Puchkouski, Arsenii",BLR,M,,,,1745,9,40,AUG25,2012,
13501364,"Puchkov, Andrey",BLR,M,,,,2246,0,20,AUG25,1980,i
13509802,"Pugachev, Stanislav",BLR,M,,,,1767,0,20,AUG25,2000,i
13522078,"Punko, Anton",BLR,M,,,,1819,0,20,AUG25,1996,i
13500732,"Pushkarjova, Olga",BLR,F,,,,2020,0,20,AUG25,1976,wi
13500287,"Pushkarjow, Andreij",BLR,M,,,,2256,0,20,AUG25,1972,i
13533843,"Puzanov, Nazar",BLR,M,,,,1607,0,40,AUG25,2012,
13530887,"Pytko, Lev",BLR,M,,,,1727,9,40,AUG25,2007,
13530461,"Rabchinskaya, Vitaliya",BLR,F,,,,1581,0,40,AUG25,2005,wi
13501500,"Rabchonok, Gennady",BLR,M,FM,,,2211,0,20,AUG25,1971,i
13517317,"Rabkouskaya, Katsiarina",BLR,F,,,,1666,0,40,AUG25,2004,wi
13533096,"Radiukevich, Viacheslau",BLR,M,,,,1566,7,40,AUG25,2014,
13515411,"Radziush, Roman",BLR,M,,,,1642,0,40,AUG25,1999,i
13516892,"Radzko, Tatsiana",BLR,F,,,,1505,7,40,AUG25,2007,w
13525123,"Rahun, Matvey",BLR,M,,,,1555,0,40,AUG25,2006,i
13533150,"Rak, Mikhail",BLR,M,,,,1539,9,40,AUG25,2014,
13503260,"Rakitskij, Dmitrij",BLR,M,,,,2240,0,20,AUG25,1988,i
13502913,"Rakitskij, Sergey",BLR,M,,,,2260,0,20,AUG25,1984,i
13535854,"Ramanovich, Maksim",BLR,M,,,,1479,0,40,AUG25,2016,
13526855,"Ramanovich, Maryia",BLR,F,,,,1532,0,40,AUG25,2011,w
13535846,"Ramanovich, Uladzislau",BLR,M,,,,1546,0,40,AUG25,2013,
13520059,"Ranchenko, Vsevolod",BLR,M,,,,1645,0,40,AUG25,2007,i
13504851,"Rantsevich, Mikhail",BLR,M,,,,1935,0,40,AUG25,0,i
13518054,"Rapoport, Aleksandr",BLR,M,,,,1810,0,40,AUG25,2000,i
13517090,"Rasanau, Makar",BLR,M,,,,1890,0,40,AUG25,2006,i
13508075,"Raskin, Vitali",BLR,M,,,,1712,0,40,AUG25,0,i
13523449,"Rataika, Mikalai",BLR,M,,,,1594,0,40,AUG25,1971,i
13500872,"Ratkovich, Igor",BLR,M,,,,2249,0,10,AUG25,1964,i
13525271,"Rauniahin, Mikita",BLR,M,,,,1662,0,40,AUG25,2007,
13526189,"Rayeuski, Artem",BLR,M,,,,1783,0,40,AUG25,2004,i
13536907,"Razantsau, Pavel",BLR,M,,,,1544,0,40,AUG25,2014,
13500171,"Razhkova, Anastasiya",BLR,F,,,,1899,0,20,AUG25,1994,wi
13504860,"Redko, Stepan",BLR,M,,,,2282,0,20,AUG25,1990,i
13503804,"Remnev, Stepan",BLR,M,,,,2158,0,20,AUG25,1990,i
13503472,"Repich, Macsim",BLR,M,,,,1983,0,40,AUG25,0,i
13525239,"Reviako, Kirill",BLR,M,,,,1662,0,40,AUG25,2004,i
13518380,"Riabkou, Artsiom",BLR,M,,,,1435,0,40,AUG25,2006,i
13503324,"Romanenko, Alexandra",BLR,F,WFM,WFM,,2019,0,20,AUG25,1987,wi
13503278,"Romanenko, Ivan",BLR,M,,,,2138,0,20,AUG25,1985,i
13502921,"Romanenko, Vladimir",BLR,M,GM,,,2459,0,10,AUG25,1985,i
13500694,"Romanov, Oleg",BLR,M,IM,,,2439,0,10,AUG25,1973,i
13502875,"Romanova, Inna",BLR,F,WGM,WGM,,2253,0,20,AUG25,1975,wi
13503286,"Romanovich, Alexei",BLR,M,,,,2159,0,40,AUG25,1986,i
13511556,"Romanovskij, Nikita",BLR,M,,,,2076,10,20,AUG25,2003,
13501917,"Rosikhin, Igor",BLR,M,,,,1807,0,20,AUG25,1969,
13509233,"Rosikhin, Maxim",BLR,M,,,,1851,0,40,AUG25,0,i
13513060,"Rozum, Ivan",BLR,M,,,,1601,0,20,AUG25,2003,i
13523309,"Rudakov, Daniil",BLR,M,,,,1423,0,40,AUG25,2005,i
13506110,"Rudenkov, Sergei",BLR,M,,,,2009,0,20,AUG25,1992,i
13508083,"Rudoi, Yury",BLR,M,,,,2007,0,20,AUG25,0,i
13522760,"Rukletsov, Pantelei",BLR,M,,,,1536,0,40,AUG25,2006,i
13509489,"Rumak, Danila",BLR,M,,,,1761,0,20,AUG25,2001,i
13511564,"Runets, Ivan",BLR,M,FM,,,2189,0,20,AUG25,2004,i
13517511,"Runets, Roman",BLR,M,,,,1514,0,40,AUG25,2006,i
13519719,"Rusetski, Arseni",BLR,M,,,,1570,0,40,AUG25,2008,i
13533460,"Rusetski, Ivan",BLR,M,,,,1451,0,40,AUG25,2011,
13516132,"Rusikevich, Ignat",BLR,M,,,,1628,0,40,AUG25,2006,i
13501925,"Russko, Svetlana",BLR,F,,,,2118,0,40,AUG25,0,wi
13510240,"Ryzhkouski, Vadzim",BLR,M,,,,1707,0,40,AUG25,0,i
13516795,"Sabaleuski, Daniil",BLR,M,,,,1800,0,40,AUG25,2004,i
13535218,"Sadouski, Ivan",BLR,M,,,,1583,0,40,AUG25,2010,i
13505947,"Sadovski, Mikhail",BLR,M,,,,2097,0,20,AUG25,0,i
13530496,"Sadovsky, Ivan",BLR,M,,,,1530,0,40,AUG25,2010,i
13510398,"Saevich, Yuri",BLR,M,,,,1678,0,40,AUG25,1956,i
13512366,"Safonau, Yauheni",BLR,M,,,,1813,0,20,AUG25,2005,i
13530500,"Saharchuk, Aleksandr",BLR,M,,,,1537,0,40,AUG25,2012,i
13537857,"Sakhanchuk, Mikita",BLR,M,,,,1464,0,40,AUG25,2006,i
13505203,"Sakovich, Dmitrij",BLR,M,,,,1984,0,40,AUG25,0,i
13525140,"Sakun, Ilya",BLR,M,,,,1509,0,40,AUG25,2007,i
13537733,"Salauyou, Vasili",BLR,M,,,,1564,0,40,AUG25,2010,
13503014,"Sankovsky, Dmitry",BLR,M,,,,1969,0,40,AUG25,0,i
13505408,"Sapogov, Alexey",BLR,M,,,,2137,0,40,AUG25,0,i
13504746,"Sapon, Ilia",BLR,M,,,,2074,0,20,AUG25,1993,i
13534335,"Sapranovich, Bogdan",BLR,M,,,,1458,0,40,AUG25,2008,i
13504045,"Sarbay, Aleksandr",BLR,M,,,,1895,0,20,AUG25,1954,
13526782,"Sarychev, Nikita",BLR,M,,,,1494,0,40,AUG25,2008,i
13531077,"Sarychev, Pavel",BLR,M,,,,1693,0,40,AUG25,2008,i
13501640,"Sarychev, Sergey",BLR,M,,,,1870,10,20,AUG25,1965,
13516850,"Saskavets, Yauheni",BLR,M,,,,1439,0,20,AUG25,1995,
13536249,"Satskevich, Anhelina",BLR,F,,,,1569,0,40,AUG25,2004,wi
13524160,"Satsura, Aryna",BLR,F,,,,1679,0,40,AUG25,2006,wi
13536184,"Sauchyk, Andrei",BLR,M,,,,1486,7,40,AUG25,1983,
13510681,"Sauko, Ekatserina",BLR,M,,,,1845,0,40,AUG25,0,i
13509500,"Savchenko, Alexandr G",BLR,M,,,,1964,0,40,AUG25,0,i
13523520,"Savelev, Matvei",BLR,M,,,,2003,10,40,AUG25,2011,
13530011,"Saveliev, Denis",BLR,M,,,,1568,0,40,AUG25,2013,
13532901,"Savenkau, Pavel",BLR,M,,,,1434,0,40,AUG25,2011,i
13505890,"Savitskaya, Ekaterina",BLR,F,,,,1820,0,20,AUG25,1992,wi
13506161,"Savitski, Andrei",BLR,M,,,,2257,0,20,AUG25,1995,i
13503898,"Savushkina, Evgenia",BLR,F,,,,2115,0,20,AUG25,1988,wi
13504878,"Saxonov, Leonid",BLR,M,,,,1996,0,20,AUG25,0,i
13515640,"Sazanovich, Veronika",BLR,M,,,,1483,0,40,AUG25,2003,i
13537989,"Sazonau, Dzmitry",BLR,M,,,,1570,0,40,AUG25,2003,i
13514377,"Scherba, Artem",BLR,M,,,,1659,0,20,AUG25,2005,i
13504517,"Scherbakova, Alisa",BLR,F,,,,2004,0,20,AUG25,1991,wi
13518100,"Scherbakova, Elizaveta",BLR,M,,,,1685,0,40,AUG25,2001,i
13504410,"Selenchik, Anastasia",BLR,F,,,,1846,0,20,AUG25,0,wi
13530631,"Seliazniou, Daniil",BLR,M,,,,1818,0,40,AUG25,2005,i
13505777,"Selitski, Aleksandr",BLR,M,,,,1924,0,40,AUG25,1951,i
13510258,"Semenov, V",BLR,M,,,,1590,0,40,AUG25,0,i
13511998,"Semenyuk, Anton",BLR,M,,,,1549,0,40,AUG25,2001,i
13524275,"Semjonik, Angelina",BLR,F,,,,1548,0,40,AUG25,2003,wi
13514130,"Semko, Pavel",BLR,M,,,,1786,0,40,AUG25,1994,i
13537539,"Senchenko, Andrei",BLR,M,,,,1510,0,40,AUG25,2011,i
13504436,"Senkevich, Andrei",BLR,M,,,,2094,0,20,AUG25,1982,i
13513591,"Serdiuk, Mikhail",BLR,M,,,,1815,0,40,AUG25,2000,i
13535170,"Sereda, Aleksandr",BLR,M,,,,1472,0,40,AUG25,1956,i
13508636,"Sergey, Dmitriy",BLR,M,,,,1762,9,20,AUG25,1960,
13535609,"Seuka, Andrey",BLR,M,,,,1945,0,40,AUG25,1987,i
13504606,"Sevenyuk, Alexey",BLR,M,,,,1915,0,20,AUG25,1944,i
13526146,"Sevianiuk, Aliaksandra",BLR,F,,,,1424,0,40,AUG25,2008,wi
13501135,"Shaban, Alena",BLR,F,,,,1819,9,20,AUG25,1982,w
13503294,"Shabanov, Denis",BLR,M,,,,2059,0,20,AUG25,1984,i
13515721,"Shah, Ashraf",BLR,M,,,,1930,0,40,AUG25,1958,i
13522469,"Shahazizyan, Albert",BLR,M,,,,1567,0,40,AUG25,1983,i
13521594,"Shahazizyan, Leon",BLR,M,,,,1582,0,40,AUG25,2008,i
13513320,Shaida Gennadi,BLR,M,,,,1516,0,40,AUG25,2003,i
13530860,"Shakavets, Pavel",BLR,M,,,,1810,0,40,AUG25,1993,i
13505580,"Shakhadanau, Henadzi",BLR,M,,,,1734,9,20,AUG25,1953,
13520369,"Shaleinikau, Matsvei",BLR,M,,,,1576,0,20,AUG25,2006,i
13509390,"Shapiatsiuk, Siarhei",BLR,M,,,,1948,0,40,AUG25,1998,i
13507206,"Shapkin, Alexander",BLR,M,,,,1938,0,20,AUG25,1999,i
13504975,"Sharevich, Vadim",BLR,M,,,,1995,10,40,AUG25,0,
13516922,"Sharou, Filip",BLR,M,,,,1657,0,20,AUG25,2006,i
13506137,"Sharova, Alexandra",BLR,F,WFM,WFM,,2089,0,20,AUG25,1990,wi
13537130,"Shauchenka, Taras",BLR,M,,,,1402,0,40,AUG25,2012,
13530925,"Shaurukou, Danila",BLR,M,,,,1682,0,40,AUG25,2002,i
13529595,"Shavyrkin, Mark",BLR,M,,,,1407,0,40,AUG25,2010,
13505068,"Shchelchkov., Evgenij",BLR,M,,,,2018,0,40,AUG25,0,i
13512706,"Shcherbatsevich, Anastasiya",BLR,F,,,,1696,0,40,AUG25,2002,wi
13513958,"Shcherbina, Roman",BLR,M,,,,1537,0,40,AUG25,2006,i
13500317,"Shchur, Vladimir",BLR,M,,,,2153,0,20,AUG25,1989,i
13530518,"Sheleg, Mihail",BLR,M,,,,1462,0,40,AUG25,2010,i
13516680,"Sheleg, Pavel",BLR,M,,,,1627,0,40,AUG25,2007,i
13516698,"Sheleg, Viktor",BLR,M,,,,1621,0,20,AUG25,1975,i
13537210,"Shepelevich, Roman",BLR,M,,,,1459,0,40,AUG25,1999,
13504452,"Sheremet, Anton",BLR,M,,,,2060,0,20,AUG25,1999,i
13503308,"Sheremet, Stanislav",BLR,M,,,,1855,0,40,AUG25,1968,i
13507516,"Sheshko, Nikolay",BLR,M,,,,1756,0,20,AUG25,2000,i
13519018,"Sheuchyk, Aliaksandr",BLR,M,,,,1579,0,40,AUG25,1950,i
13503944,"Shevchuk, Andrey",BLR,M,,,,2087,0,40,AUG25,0,i
13505599,"Sheverniayeu, Siarhei",BLR,M,,,,2034,0,20,AUG25,1983,i
13508644,"Shevtsov, Alexey",BLR,M,,,,1825,0,20,AUG25,0,i
13504460,"Shevtsov, Stepan",BLR,M,,,,1739,0,20,AUG25,1998,i
13505785,"Shihov, Nikolai",BLR,M,,,,2075,0,20,AUG25,1985,i
13502549,"Shihov, Viktor",BLR,M,,,,1785,0,40,AUG25,1937,i
13505297,"Shilo, Evgenija",BLR,F,,,,2064,0,20,AUG25,1990,wi
13515292,"Shilo, Tsimofei",BLR,M,,,,1521,0,40,AUG25,2006,i
13530801,"Shimakov, Dmitriy",BLR,M,,,,1562,0,40,AUG25,1984,i
13505602,"Shkolnikov, Ilya",BLR,M,,,,1959,0,20,AUG25,1991,i
13535501,"Shkred, Timofei",BLR,M,,,,1698,10,40,AUG25,2011,
13522264,"Shkurdiuk, Timofei",BLR,M,,,,1840,0,40,AUG25,2008,i
13521985,"Shkurdziuk, Tsimafei",BLR,M,,,,1555,0,40,AUG25,2008,i
13519026,"Shmakau, Ihar",BLR,M,,,,1674,0,40,AUG25,1967,i
13507524,"Shostak, Gleb",BLR,M,,,,1762,0,20,AUG25,1998,i
13505955,"Shpakov, Roman",BLR,M,,,,1959,0,20,AUG25,0,i
13506595,"Shpakovsky, Bogdan",BLR,M,,,,1967,0,20,AUG25,0,i
13512331,"Shtabnoy, Anton",BLR,M,,,,1771,0,40,AUG25,1998,i
13534785,"Shuhalo, Dziyana",BLR,F,,,,1555,0,40,AUG25,2011,w
13523694,"Shuliak, Zakhar",BLR,M,,,,1824,9,40,AUG25,2010,
13519549,"Shuliakovski, Ilia",BLR,M,,,,1923,0,40,AUG25,2002,i
13513443,"Shusta, Matsvei",BLR,M,,,,1675,0,20,AUG25,2003,i
13529854,"Shustsikau, Pavel",BLR,M,,,,1683,0,40,AUG25,2009,
13510908,"Shvedau, Mikhail",BLR,M,,,,1792,0,20,AUG25,2002,i
13522523,"Shydlouski, Artsiom",BLR,M,,,,1789,0,40,AUG25,2009,i
13521560,"Shyman, Aliaksei",BLR,M,,,,1653,0,40,AUG25,2009,i
13524925,"Shymchonok, Andrej",BLR,M,,,,1612,0,40,AUG25,2006,i
13509365,"Shynkevich, Pavel",BLR,M,,,,1913,0,20,AUG25,1997,i
13535803,"Shyshko, Vsevolod",BLR,M,,,,1533,9,40,AUG25,2008,
13505963,"Siagodnik, Anton",BLR,M,FM,,,2219,0,20,AUG25,1995,i
13526456,Siamionava Hanna,BLR,F,,,,1508,0,40,AUG25,2009,w
13531930,"Siarkou, Aliaksandr",BLR,M,,,,1571,6,20,AUG25,1974,
13538055,"Sidarau, Nazar",BLR,M,,,,1663,0,40,AUG25,2010,i
13504908,"Sidorenja, Alexander",BLR,M,FM,,,2309,0,20,AUG25,1979,i
13520920,"Sidorenja, Milena",BLR,F,,,,1803,9,40,AUG25,2009,w
13509888,"Sidorenko, Ilya",BLR,M,,,,1967,0,40,AUG25,2001,i
13532782,"Silanova, Taisiya",BLR,F,,,,1622,0,40,AUG25,2011,wi
13508105,"Siletsky, Aliaksandr",BLR,M,,,,1911,0,40,AUG25,1992,i
13527118,"Sinchuk, Maria",BLR,F,,,,1581,0,40,AUG25,2011,wi
13530615,"Siniavski, Gleb",BLR,M,,,,1428,0,40,AUG25,2008,i
13514385,"Siniukovich, Ivan",BLR,M,,,,1846,0,40,AUG25,2007,i
13517325,"Sinkevich, Aliaksandr",BLR,M,,,,1604,0,40,AUG25,2004,i
13519840,"Sirata, Aleh",BLR,M,,,,1714,0,40,AUG25,2007,i
13505440,"Sirotin, M",BLR,M,,,,2136,0,40,AUG25,0,i
13502778,"Sirotkin, Evgenji",BLR,M,,,,2221,0,40,AUG25,0,i
13520547,"Skakouski, Artsiom",BLR,M,,,,1641,0,40,AUG25,2002,i
13507559,"Skalaban, Vitaliy",BLR,M,,,,1768,0,40,AUG25,1997,i
13502204,"Skalozubov, Alexander",BLR,M,,,,2179,0,20,AUG25,1984,i
13533533,"Skibar, Alesya",BLR,M,,,,1553,0,40,AUG25,2008,i
13526227,"Skvarniuk, David",BLR,M,,,,1756,0,40,AUG25,2005,i
13518321,"Sloboda, Vasilij",BLR,M,,,,1995,0,20,AUG25,1975,i
13537369,"Slobodov, Ilya",BLR,M,,,,1628,0,40,AUG25,2008,
13510061,"Sluchak, Kiryl",BLR,M,,,,1948,0,20,AUG25,2003,i
13515446,"Smagin, Ivan",BLR,M,,,,1554,0,40,AUG25,2002,i
13505610,"Smetanin, Alexandr",BLR,M,,,,1812,0,20,AUG25,1952,i
13503332,"Smirnov, Aleksander",BLR,M,,,,2077,0,20,AUG25,1967,i
13509519,"Smirnov, Arseny",BLR,M,,,,1828,0,20,AUG25,1998,i
13521888,"Smirnov, Igor",BLR,M,,,,1552,0,40,AUG25,2000,i
13500350,"Smirnov, Valerij",BLR,M,IM,,,2175,10,10,AUG25,1953,
13504231,"Smolich, Pavel",BLR,M,,,,2283,0,20,AUG25,1991,i
13518585,"Smolin, Sergei",BLR,M,,,,1843,0,40,AUG25,1947,i
13519786,"Smychek, Kirill",BLR,M,,,,1458,0,40,AUG25,2006,i
13509268,"Snigur, Vladislav",BLR,M,,,,1755,0,40,AUG25,2002,i
13508121,"Snopkov, Alexandr",BLR,M,,,,1833,0,40,AUG25,0,i
13506242,"Sobol, Dmitry",BLR,M,,,,1924,0,20,AUG25,1990,i
13512471,"Sobol, Leu",BLR,M,,,,1838,0,40,AUG25,1954,i
13509314,"Sobol, Robert",BLR,M,,,,1819,0,20,AUG25,1999,i
13513702,"Sokal, Uladzislau",BLR,M,,,,1589,0,20,AUG25,2006,i
13514857,"Sokolov, Evgenij",BLR,M,,,,1939,0,20,AUG25,1971,i
13537547,"Solovyev, Vasiliy",BLR,M,,,,1487,0,40,AUG25,2010,i
13515730,"Sorochik, Nikolay",BLR,M,,,,1824,0,40,AUG25,2001,i
13520555,"Sorokin, Dmitry",BLR,M,,,,1767,0,20,AUG25,2002,i
13509322,"Spiridonov, Nikita D.",BLR,M,,,,1747,0,20,AUG25,1999,i
13516078,"Spizharny, Mikhail",BLR,M,FM,,,2335,10,20,AUG25,2006,
13500597,"Splosnov, Sergei",BLR,M,IM,,,2360,0,10,AUG25,1975,i
13534912,"Stalinia, Semen",BLR,M,,,,1578,0,40,AUG25,2014,
13523597,"Stambrouskaya, Maryia",BLR,F,,,,1561,0,40,AUG25,2007,wi
13514865,"Stanishevskij, Aleksandr",BLR,M,,,,1726,0,40,AUG25,1961,i
13505459,"Stankevich, O",BLR,M,,,,2185,0,40,AUG25,0,i
13516205,"Staravoitava, Hanna",BLR,F,,,,1763,0,20,AUG25,2002,w
13529412,"Starodubets, Tsimofej",BLR,M,,,,1736,0,20,AUG25,2006,
13514393,"Starovojtov, Aleksei",BLR,M,,,,1633,0,20,AUG25,1977,i
13526847,"Starykovich, Uladzislau",BLR,M,,,,1447,0,40,AUG25,2011,i
13534033,"Statkevich, Raman",BLR,M,,,,1405,0,40,AUG25,2012,i
13537741,"Stavro, Markel",BLR,M,,,,1491,6,40,AUG25,1990,
13515039,Stefanovich Yana,BLR,F,,,,1552,0,20,AUG25,2005,wi
13513290,"Stefanovich, Vladislav",BLR,M,,,,1513,0,40,AUG25,2005,i
13509780,"Stepanov, Arseni",BLR,M,,,,1884,0,40,AUG25,0,i
13515454,"Stepanov, Igor",BLR,M,,,,1654,0,40,AUG25,1999,i
13500449,"Stepanov, Vladimir",BLR,M,,,,2214,0,20,AUG25,1947,i
13505300,"Stetsko, Lanita",BLR,F,FM,WGM,,2196,0,20,AUG25,1993,wi
13515462,"Strelcov, Ignat",BLR,M,,,,1647,0,40,AUG25,1999,i
13514407,"Streltsov, Ignat",BLR,M,,,,1645,0,40,AUG25,1999,i
13517643,"Streltsov, Vladislav",BLR,M,,,,1597,0,40,AUG25,2001,i
13518364,"Stremaus, Mikhail",BLR,M,,,,1749,0,40,AUG25,1999,i
13513974,"Strizhnev, Ivan",BLR,M,,,,1920,10,40,AUG25,2007,
13505980,"Stroev, Maxim",BLR,M,,,,2034,0,40,AUG25,0,i
13509330,"Strunevskii, Alexander",BLR,M,,,,1981,0,20,AUG25,0,i
13508156,"Strygelsky, Andrey",BLR,M,,,,1911,0,40,AUG25,0,i
13507575,"Stsepkina, Katsiaryna",BLR,F,,,,1920,0,20,AUG25,1999,wi
13510029,"Stsepkina, Yauheniya",BLR,F,,,,1803,0,20,AUG25,2003,wi
13534017,"Stsiapanou, Maksim",BLR,M,,,,1466,0,40,AUG25,2010,
13527134,"Stsiapanychau, Hleb",BLR,M,,,,1454,0,40,AUG25,2007,i
13514032,"Stsiapnou, Ihar",BLR,M,,,,1929,0,40,AUG25,1979,i
13511246,"Stsiapnou, Mikita",BLR,M,,,,1786,0,40,AUG25,2004,i
13536796,"Stukach, Ivan",BLR,M,,,,1466,0,40,AUG25,2001,i
13503758,"Stupak, Kirill",BLR,M,GM,,,2413,0,10,AUG25,1990,
13531778,"Subach, Mikhail",BLR,M,,,,1648,0,40,AUG25,1982,i
13529285,"Sun, Yaroslav",BLR,M,,,,1529,0,40,AUG25,2010,
13504169,"Surin, Kirill",BLR,M,,,,1994,0,20,AUG25,1990,i
13501216,"Surma, Dmitry",BLR,M,,,,2361,0,10,AUG25,1978,i
13517627,"Suslov, Alexander",BLR,M,,,,1475,0,40,AUG25,2006,i
13506404,"Sventitski, Sergei",BLR,M,,,,2097,0,20,AUG25,0,i
13513133,"Svidersky, Nikita",BLR,M,,,,2038,0,20,AUG25,2000,i
13530542,"Svirydau , Prokhar",BLR,M,,,,1483,0,40,AUG25,2009,i
13506250,"Svistun, Ivan",BLR,M,,,,1980,0,20,AUG25,1993,i
13502859,"Svjatocho, Andrej",BLR,M,,,,1965,0,20,AUG25,1973,i
13511378,"Sychou, Dzmitry",BLR,M,,,,1892,0,20,AUG25,1989,i
13512285,"Sytko, Daniil",BLR,M,,,,1664,0,20,AUG25,2005,i
13529293,"Sytsko, Mariya",BLR,M,,,,1410,0,40,AUG25,2007,i
13524984,"Syty, Eduard",BLR,M,,,,1692,0,40,AUG25,1988,i
13519557,"Sytyi, Alexsader",BLR,M,,,,1519,0,40,AUG25,1997,i
13533983,"Syzgantsava, Ustsiniya",BLR,M,,,,1470,0,40,AUG25,2007,i
13511742,"Szczerbacewicz, Nastia",BLR,F,,,,1758,0,20,AUG25,2002,wi
13506617,"Tafintsev, Vitaly",BLR,M,,,,1938,0,20,AUG25,0,i
13501682,"Takhirov, Viktor",BLR,M,,,,2109,0,20,AUG25,1971,i
13511092,"Talma, Sergei",BLR,M,,,,1911,0,20,AUG25,1952,i
13513338,Taraikovski Mikhail,BLR,M,,,,1525,0,40,AUG25,2003,i
13532898,"Tarasenia, Arseni",BLR,M,,,,1504,0,40,AUG25,2012,
13514288,"Tarasenka, Aliaksandra",BLR,F,WFM,WFM,,2129,10,20,AUG25,2006,w
13539957,"Tarasevich, Ivan",BLR,M,,,,1461,7,40,AUG25,2011,
13515098,"Tarasevich, Mikhail",BLR,M,,,,2041,0,20,AUG25,2002,i
13535668,"Tarasiuk, Yeva",BLR,F,,,,1431,10,40,AUG25,2011,w
13508210,"Tashtimirov, Farid",BLR,M,,,,1670,0,20,AUG25,1955,i
13535811,"Tastahan, Daniil",BLR,M,,,,1570,0,40,AUG25,2013,
13507117,"Tatarnikova, Maria",BLR,F,,,,1875,0,40,AUG25,0,wi
13509349,"Tavakalov, Stanislav",BLR,M,,,,1907,0,20,AUG25,1999,i
13502727,"Tchaitchits, Viktor",BLR,M,,,,1991,0,20,AUG25,0,i
13537784,"Terehov, Roman",BLR,M,,,,1436,0,40,AUG25,2009,
13503600,"Tereschenko, Alexander",BLR,M,,,,2244,0,40,AUG25,0,i
13506536,"Tereshko, Aleksey",BLR,M,,,,1889,0,20,AUG25,1991,i
13519239,"Tereshko, Daniil",BLR,M,,,,1442,0,40,AUG25,2006,i
13510339,"Tereshkova, Marina",BLR,F,,,,1887,0,20,AUG25,0,wi
13533169,"Teterev, Ivan",BLR,M,,,,1564,0,40,AUG25,2014,
13501429,"Teterev, Vitaly",BLR,M,GM,,,2248,0,10,AUG25,1983,
13512293,"Tihanovich, Olga",BLR,F,,,,1510,0,40,AUG25,1986,wi
13500325,"Tihonov, Jurij",BLR,M,GM,,,2350,0,10,AUG25,1978,i
13520091,"Timofeev, Ruslan",BLR,M,,,,1916,0,40,AUG25,1974,i
13537555,"Timoh, Gleb",BLR,M,,,,1548,0,40,AUG25,2011,
13507095,"Timoshenko, Andrei",BLR,M,,,,2192,0,40,AUG25,0,i
13533975,"Tiurin, Vladimir",BLR,M,,,,1680,0,40,AUG25,1970,i
13515594,"Tkachou, Pavel",BLR,M,,,,1670,0,40,AUG25,2000,i
13522930,"Tkachou, Pavel",BLR,M,,,,1593,0,20,AUG25,2005,i
13512544,"Tkachou, Viktar",BLR,M,,,,1720,9,20,AUG25,1981,
13508245,"Toestev, Artiom",BLR,M,,,,2049,0,20,AUG25,0,i
13502743,"Tolkacheva, Viktoriya",BLR,F,,,,1851,0,40,AUG25,1992,wi
13527878,"Tolkatch, Roman",BLR,M,,,,1687,0,40,AUG25,2010,
13517767,"Tomashevich, Evgeni",BLR,M,,,,1701,0,40,AUG25,2003,i
13505696,"Torgun, Alina",BLR,F,,,,1942,0,20,AUG25,1990,wi
13518070,"Traskovsky, Ivan",BLR,M,,,,1804,0,40,AUG25,2000,i
13501313,"Trifonov, Denis",BLR,M,FM,,,2163,0,20,AUG25,1978,i
13510274,"Trofimenkov, Vladislav",BLR,M,,,,1855,0,40,AUG25,0,i
13537415,"Trukhan, Nadzeya",BLR,M,,,,1538,0,40,AUG25,2008,
13504282,"Trus, Iryna",BLR,F,WFM,WFM,,1998,0,20,AUG25,1989,wi
13523317,"Trus, Volha",BLR,M,,,,1651,0,40,AUG25,2003,i
13501259,"Tsarenkov, Nikolay",BLR,M,IM,,,2412,0,10,AUG25,1946,i
13501577,"Tsarenkov, Pavel",BLR,M,FM,,,2305,0,20,AUG25,1974,i
13506269,"Tsarev, Evgeny",BLR,M,,,,1885,0,20,AUG25,1994,i
13534629,"Tsarkou, Mikhail",BLR,M,,,,1892,10,40,AUG25,2008,
13527169,"Tsevelyuk, Illia",BLR,M,,,,1781,0,40,AUG25,2011,
13520601,"Tsiarletski, Yahor",BLR,M,,,,1643,0,40,AUG25,2008,
13518640,"Tsimashevich, Mikhail",BLR,M,,,,1560,0,40,AUG25,2006,i
13530844,"Tsimoshyna, Zhanna",BLR,F,,,,1500,0,40,AUG25,1988,wi
13515306,"Tsishkou, Dzmitry",BLR,M,,,,1569,0,40,AUG25,2005,i
13512188,"Tsitou, Dzmitry",BLR,M,,,,1851,0,40,AUG25,1985,i
13511394,"Tsitova, Hanna",BLR,F,,,,1464,0,40,AUG25,1953,wi
13514229,"Tsiuryn, Ilya",BLR,M,,,,1798,8,20,AUG25,2006,
13516914,"Tsurko, Uladzislau",BLR,M,,,,1669,0,40,AUG25,2006,i
13519980,"Tsvirko, Stas",BLR,M,,,,1763,0,20,AUG25,2004,i
13526545,"Tsybin, Egor",BLR,M,,,,1689,0,40,AUG25,2006,i
13505130,"Tsyhanchuk, Stanislav",BLR,M,IM,"FT,FA",,2269,8,10,AUG25,1992,
13521004,"Tsyhanou, Andrei",BLR,M,,,,1665,0,40,AUG25,2010,
13520997,"Tsyhanova, Hanna",BLR,F,,,,1430,0,40,AUG25,2008,wi
13518089,"Tumaschik, Evgeny",BLR,M,,,,1693,0,40,AUG25,2000,i
13525956,"Turankou, Ivan",BLR,M,,,,1599,0,40,AUG25,1990,i
13501607,"Turapina, Irina",BLR,F,,,,2180,0,40,AUG25,1952,wi
13523325,"Turchyna, Volha",BLR,M,,,,1503,0,40,AUG25,2003,i
13509241,"Turuto, Alexey",BLR,M,,,,1594,0,40,AUG25,2001,i
13530658,"Tylkov, Timofey",BLR,M,,,,1694,9,40,AUG25,2012,
13538284,"Ulasenka, Daniil",BLR,M,,,,1509,0,40,AUG25,2013,
13519875,"Unukouski, Aliaxandr",BLR,M,,,,1680,9,40,AUG25,2008,
13515489,"Urbanovich, Aliaksei",BLR,M,,,,1798,0,40,AUG25,2002,i
13532960,"Usava, Darya",BLR,F,,,,1405,0,40,AUG25,2007,wi
13529641,"Usava, Sviatlana",BLR,F,,,,1467,0,40,AUG25,2011,w
13529480,"Usova, Svetlana",BLR,M,,,,1570,0,40,AUG25,2011,
13504630,"Ustinskiy, Nazar",BLR,M,,,,1783,0,40,AUG25,2000,i
13510401,"Ustiugov, Boris",BLR,M,,,,1599,0,20,AUG25,1938,
13508903,"Uzlavataya, Anhelina",BLR,F,,,,2051,0,20,AUG25,1997,wi
13530739,"Vahura, Kira",BLR,F,,,,1433,0,40,AUG25,2013,w
13510649,"Vainerchuk, Raman",BLR,M,,,,1816,0,20,AUG25,0,i
13508725,"Vaitsiakhouski, Yauheni",BLR,M,,,,1744,0,20,AUG25,2000,i
13510282,"Vakhitov, Dmitri",BLR,M,,,,1907,0,20,AUG25,2001,i
13537393,"Valasiuk, Maya",BLR,F,,,,1484,0,40,AUG25,2011,w
13527886,"Valazhynets, Leanid",BLR,M,,,,1401,0,40,AUG25,2010,i
13500848,"Valentinov, Mitko",BLR,M,,,,1661,0,20,AUG25,1970,i
13527223,"Vankevich, Daniel",BLR,M,,,,1414,0,40,AUG25,2010,i
13525190,"Varankina, Victoriya",BLR,F,,,,1494,0,40,AUG25,2008,wi
13505637,"Varantsou, Ivan",BLR,M,,,,1802,0,20,AUG25,1947,
13504886,"Varnavski, Sergei",BLR,M,FM,,,2324,0,20,AUG25,1990,i
13512838,"Vasechek, Andrei",BLR,M,,,,1623,0,20,AUG25,0,i
13506676,"Vashchilov, Sergey",BLR,M,,,,1981,0,20,AUG25,1988,
13524615,"Vasilenka, Vadzim",BLR,M,,,,AFM,1723,0,AUG25,1988,i
13524640,"Vasiljev, Jurij",BLR,M,,,,1896,0,40,AUG25,1960,i
13538535,Vasiluk Matvey,BLR,M,,,,1654,9,40,AUG25,2006,
13522680,"Vaskov, Artem",BLR,M,,,,1486,0,40,AUG25,2010,
13508253,"Vassilenko, Ilya",BLR,M,,,,1885,0,20,AUG25,1995,i
13523350,"Vauraniuk, Artsiom",BLR,M,,,,1819,0,40,AUG25,2003,i
13527959,"Vavilau, Arseni",BLR,M,,,,1467,0,40,AUG25,2011,
13516159,"Vavulina, Veronika",BLR,M,,,,1465,0,40,AUG25,2003,i
13510550,"Verbitskij, Dmitrij",BLR,M,,,,1851,0,40,AUG25,0,i
13500384,"Veremeichik, Vladimir",BLR,M,,,,2282,0,10,AUG25,1951,i
13510410,"Veretennikov, Vladimir",BLR,M,,,,1788,0,20,AUG25,1952,i
13501399,"Verhovodko, Sergey",BLR,M,,,,2317,0,20,AUG25,1984,i
13503839,"Veter, Igor",BLR,M,,,,2236,0,20,AUG25,1970,i
13508881,"Vialichka, Kiryl",BLR,M,,,,1891,0,20,AUG25,1999,i
13513710,"Vialitchanka, Mikalai",BLR,M,,,,1710,0,40,AUG25,2007,i
13526219,"Vialuhina, Anastasia",BLR,M,,,,1488,0,40,AUG25,2004,i
13515497,"Viarshok, Kanstantsin",BLR,M,,,,1551,0,40,AUG25,2002,i
13520458,"Viarshok, Leanid",BLR,M,,,,1408,0,40,AUG25,2008,i
13521870,"Viartsinski, Savely",BLR,M,,,,1428,0,40,AUG25,2010,i
13508660,"Viazovsky, Vladimir",BLR,M,,,,1761,0,20,AUG25,1998,i
13522701,"Vikhrau, Ryhor",BLR,M,,,,AFM,1734,0,AUG25,2004,i
13505351,"Vilbik, Victor",BLR,M,,,,1857,0,40,AUG25,1962,i
13531786,"Virshych, Bahdan",BLR,M,,,,1554,0,40,AUG25,2007,i
13516760,"Vitalisov, Ivan",BLR,M,,,,1873,0,20,AUG25,2001,i
13502239,"Vnuk, Igor",BLR,M,,,,2257,0,20,AUG25,0,i
13532197,"Voishnis, Ivan",BLR,M,,,,1626,0,40,AUG25,2013,
13513079,"Voiteshonok, Viacheslav",BLR,M,,,,1615,0,40,AUG25,2002,i
13502034,"Volchek, Nastia",BLR,F,,,,2157,0,20,AUG25,1981,wi
13503847,"Volianuk, Vitaly",BLR,M,,,,2201,0,20,AUG25,1983,i
13510916,"Volkau, Kiryl",BLR,M,,,,1618,0,40,AUG25,2001,i
13511769,"Volkov, Igor",BLR,M,,,,1636,0,20,AUG25,1950,i
13510290,"Volkov, Vladislav",BLR,M,,,,1881,0,40,AUG25,0,i
13529625,"Volkov, Yan",BLR,M,,,,1576,0,40,AUG25,2011,
13526375,"Volkova, Victorya",BLR,F,,,,1435,0,40,AUG25,2008,wi
13538187,"Volovich, Arkady",BLR,M,,,,1523,0,40,AUG25,2013,
13508679,"Vushev, Nikita",BLR,M,,,,1859,0,20,AUG25,0,i
13530607,"Vysotski, Pavel",BLR,M,,,,1543,0,40,AUG25,2008,i
13518712,"Yablonskaya, Safiya",BLR,F,,,,1493,0,40,AUG25,2008,wi
13534343,"Yadzievich, Mark",BLR,M,,,,1454,0,40,AUG25,2010,
13518704,"Yafremau, Aliaksei",BLR,M,,,,1595,0,40,AUG25,2007,i
13534807,"Yahont, Ignatiy",BLR,M,,,,1954,10,40,AUG25,2008,
13533266,"Yakavenka, Daniil",BLR,M,,,,1513,9,40,AUG25,2015,
13524496,"Yakavets, Marya",BLR,F,,,,1494,0,40,AUG25,2007,wi
13535978,"Yakovenko, Ekaterina",BLR,F,,,,1458,0,40,AUG25,2012,w
13536745,"Yakovleva, Katrina",BLR,F,,,,1487,0,40,AUG25,2013,w
13530933,"Yakubets, Vadzim",BLR,M,,,,1423,0,40,AUG25,2006,i
13526235,"Yakubouski, Dzmitry",BLR,M,,,,1573,0,40,AUG25,2006,i
13503715,"Yakushev, Vasili Al",BLR,M,,,,2073,0,20,AUG25,1960,i
13503723,"Yakusheva, Darya",BLR,F,WFM,WFM,,2037,0,20,AUG25,1989,wi
13505327,"Yankouski, Vitali",BLR,M,,,,1728,0,20,AUG25,1981,i
13534084,"Yanushevsky, Nikolay",BLR,M,,,,1511,0,40,AUG25,1960,i
13538071,"Yarmoshka, Mikita",BLR,M,,,,1584,0,40,AUG25,2007,i
13505335,"Yaromchuk, Maksim",BLR,M,,,,2150,0,20,AUG25,0,i
13520270,"Yarotski, Aliaksei",BLR,M,,,,1561,0,40,AUG25,2010,i
13522337,"Yarotski, Andrei",BLR,M,,,,1437,0,40,AUG25,2010,i
13515080,"Yashchuk, Mikhail",BLR,M,,,,1918,0,20,AUG25,2003,
13530488,"Yastrebov, Yaroslav",BLR,M,,,,1631,9,40,AUG25,2009,
13535382,"Yazykova, Alina",BLR,F,,,,1498,0,40,AUG25,2011,w
13527703,"Yemelyanau, Zakhar",BLR,M,,,,1766,9,40,AUG25,2011,
13518771,"Yemelyanava, Anastasiya",BLR,F,,,,1646,0,40,AUG25,2004,wi
13520563,"Yorsh, Aliaksei",BLR,M,,,,1491,0,40,AUG25,2008,i
13526251,"Yukhimuk, Anna",BLR,M,,,,1614,0,40,AUG25,2005,i
13504380,"Yurashkevich, Konstantin",BLR,M,,,,2189,0,40,AUG25,1971,i
13515918,"Yurau, Maksim",BLR,M,,,,1842,0,20,AUG25,2004,i
13514008,"Yurkovskaya, Ekaterina",BLR,F,,,,1576,0,40,AUG25,2002,wi
13519794,"Zabavskij, Pavel",BLR,M,,,,1623,0,40,AUG25,2004,i
13500538,"Zaenko, Irina",BLR,F,,,,1925,0,20,AUG25,1990,wi
13508288,"Zagorodny, Oleg",BLR,M,,,,2064,0,20,AUG25,1991,i
13518372,"Zagorsky, Svyatoslav",BLR,M,,,,1694,0,40,AUG25,2000,i
13516167,"Zaiko, Stanislav",BLR,M,,,,1581,0,40,AUG25,2005,i
13530364,"Zakharanka, Varvara",BLR,F,,,,1569,0,40,AUG25,2012,w
13519093,"Zakharenka, Ilya",BLR,M,,,,1893,0,40,AUG25,2003,i
13534815,"Zakharenko, Varvara",BLR,F,,,,1549,0,40,AUG25,2012,w
13533860,"Zakharin, Mikhail",BLR,M,,,,1535,0,40,AUG25,2006,i
13505904,"Zakharova, Irina",BLR,F,,,,1917,0,40,AUG25,1992,wi
13507222,"Zakrzheuski, Vladislav",BLR,M,,,,1901,0,20,AUG25,1996,i
13523201,"Zaleuski,Uladzimir A",BLR,M,,,,1537,0,40,AUG25,2004,i
13502611,"Zaman, Daniel",BLR,M,,,,1869,0,20,AUG25,1998,i
13520865,"Zaruba, Anfisa",BLR,F,,,,1588,0,40,AUG25,2007,wi
13509373,"Zarubitski, Viachaslau",BLR,M,IM,,,2409,10,10,AUG25,2002,
13506315,"Zaytsev, Sergey",BLR,M,,,,2115,0,40,AUG25,0,i
13500600,"Zaytseva, Kira",BLR,F,,,,1899,0,20,AUG25,1997,wi
13503952,"Zelenko, Pavel",BLR,M,,,,2164,0,20,AUG25,1991,i
13511696,"Zenchanka, Pavel",BLR,M,,,,1959,0,20,AUG25,2001,i
13502620,"Zenkovich, Evgeni",BLR,M,,,,1895,0,20,AUG25,1995,i
13500503,"Zezulkin, Alexey",BLR,M,,,,2365,0,40,AUG25,1975,i
13526260,"Zhaburdzionak, Anastasiya",BLR,F,,,,1477,0,40,AUG25,2005,wi
13515349,"Zhalalis, Stanislav",BLR,M,,,,1699,0,20,AUG25,1941,i
13531794,"Zharov, Vladimir",BLR,M,,,,1479,0,40,AUG25,1984,i
13522329,"Zhebryk, Yauhen",BLR,M,,,,1552,0,40,AUG25,2006,i
13514784,"Zhibul, Viktor",BLR,M,,,,1800,0,40,AUG25,1948,i
13502247,"Zhigalko, Andrey",BLR,M,GM,,,2509,0,10,AUG25,1985,i
13502956,"Zhigalko, Sergei",BLR,M,GM,,,2572,0,10,AUG25,1989,i
13506480,"Zhigalko, Tatiana",BLR,F,WFM,WFM,,2134,0,20,AUG25,1994,wi
13510479,"Zhigulich, Vladislav",BLR,M,,,,1819,0,20,AUG25,2000,i
13515519,"Zhikin, Kirill",BLR,M,,,,1554,0,40,AUG25,2002,i
13512854,"Zhikin, Michail",BLR,M,,,,1713,0,40,AUG25,1995,i
13522833,"Zhloba, Artur",BLR,M,,,,1432,0,40,AUG25,2009,i
13502255,"Zhuck, Sergei",BLR,M,,,,2279,0,10,AUG25,1974,i
13513087,"Zhuk, Aleksandr",BLR,M,,,,1691,0,20,AUG25,1939,
13506749,"Zhuk, Ilya",BLR,M,,,,1917,0,20,AUG25,1996,i
13528238,"Zhuk-Belan, Valeryja",BLR,F,,,,1533,0,40,AUG25,2011,w
13505653,"Zhukov, Nikolai",BLR,M,,,,1933,0,20,AUG25,1968,
13512684,"Zhukov, Yuri V.",BLR,M,,,,1924,0,40,AUG25,1975,i
13513095,"Zhukovenj, Aleksandr",BLR,M,,,,1505,0,40,AUG25,2002,i
13512358,"Zhukovich, Vasil",BLR,M,,,,1706,0,20,AUG25,1939,i
13518062,"Zhukovskij, Viktor",BLR,M,,,,1842,0,40,AUG25,1991,i
13501844,"Zhuraukova, Katsiaryna",BLR,F,,,,1721,0,40,AUG25,0,wi
13527479,"Zhurauski, Michael",BLR,M,,,,1519,6,40,AUG25,2012,
13535307,"Zhurauski, Yahor",BLR,M,,,,1640,0,40,AUG25,2013,
13512862,"Zhuravlev, Fiodor",BLR,M,,,,1693,0,40,AUG25,0,i
13540408,"Zhydamirau, Mark",BLR,M,,,,1588,0,40,AUG25,2015,
13524054,"Zhykhar, Dzianis",BLR,M,,,,1635,0,40,AUG25,2009,i
13531107,"Zhylchyk, Mark",BLR,M,,,,AFM,1531,9,AUG25,2011,
13537059,"Zhytkevich, Valeryia",BLR,F,,,,1430,5,40,AUG25,2016,w
13517457,"Zianevich, Uliana",BLR,F,,,,1483,0,40,AUG25,2005,wi
13508695,"Ziaziulkin, Pavel",BLR,M,,,,1710,0,20,AUG25,2002,i
13516418,"Ziaziulkina, Alena",BLR,F,,,,2100,0,40,AUG25,1975,wi
13505211,"Ziaziulkina, Nastassia",BLR,F,IM,WGM,,2373,0,10,AUG25,1995,wi
13513621,"Zinevich, Anastasiya",BLR,F,,,,1585,0,40,AUG25,2001,wi
13515527,"Zinziver, Ivan",BLR,M,,,,1507,0,40,AUG25,2002,i
13504533,"Zmushko, Filipp",BLR,M,,,,2005,0,20,AUG25,1998,i
13512870,"Znachenok, Aleksei",BLR,M,,,,1732,0,20,AUG25,0,i
13525204,"Zolotenkov, Vasilly",BLR,M,,,,1668,0,40,AUG25,2008,i
13516841,"Zortea, Roman",BLR,M,,,,1673,0,40,AUG25,2007,i
13527622,"Zoryn, Mikhail",BLR,M,,,,1469,0,40,AUG25,2011,
13521748,"Zubaryk, Maryia",BLR,F,,,,1644,6,40,AUG25,2009,w
13502794,"Zubchenok, Alexander",BLR,M,,,,1942,0,20,AUG25,1959,i
13500627,"Zubtsov, Oleg",BLR,M,,,,1928,0,20,AUG25,1994,i
13539582,"Zuev, Roman",BLR,M,,,,1456,0,40,AUG25,2009,
13505424,"Zylkov, Denis",BLR,M,,,,1923,0,40,AUG25,0,i