[
  {
    "ID Number": "9403965",
    "Name": "Abd Rabuh, Ali Waleed",
    "Fed": "YEM",
    "Sex": "M",
    "Title": "",
    "WTit": "",
    "OTit": "",
    "Rating": "1799",
    "Gms": "0",
    "K": "40",
    "RatingMonth": "SEP25",
    "B-day": "1990",
    "Flag": ""
  },
  {
    "ID Number": "9400753",
    "Name": "Abdel Rabb, Raouf",
    "Fed": "YEM",
    "Sex": "M",
    "Title": "",
    "WTit": "",
    "OTit": "",
    "Rating": "2050",
    "Gms": "0",
    "K": "20",
    "RatingMonth": "SEP25",
    "B-day": "0",
    "Flag": ""
  },
  {
    "ID Number": "9403990",
    "Name": "Abdul Kareem, Mamdooh",
    "Fed": "YEM",
    "Sex": "M",
    "Title": "",
    "WTit": "",
    "OTit": "",
    "Rating": "1809",
    "Gms": "0",
    "K": "40",
    "RatingMonth": "SEP25",
    "B-day": "1988",
    "Flag": ""
  },
  {
    "ID Number": "9400095",
    "Name": "Abdul Karim, Al-Audari",
    "Fed": "YEM",
    "Sex": "M",
    "Title": "",
    "WTit": "",
    "OTit": "",
    "Rating": "2190",
    "Gms": "0",
    "K": "40",
    "RatingMonth": "SEP25",
    "B-day": "0",
    "Flag": "i"
  },
  {
    "ID Number": "9403949",
    "Name": "Abdul Wakeel, Abdu",
    "Fed": "YEM",
    "Sex": "M",
    "Title": "",
    "WTit": "",
    "OTit": "",
    "Rating": "1885",
    "Gms": "0",
    "K": "40",
    "RatingMonth": "SEP25",
    "B-day": "2009",
    "Flag": ""
  },
  {
    "ID Number": "9403906",
    "Name": "Abdulla, Abdul Qader",
    "Fed": "YEM",
    "Sex": "M",
    "Title": "",
    "WTit": "",
    "OTit": "",
    "Rating": "1486",
    "Gms": "0",
    "K": "40",
    "RatingMonth": "SEP25",
    "B-day": "2007",
    "Flag": "i"
  },
  {
    "ID Number": "9400966",
    "Name": "Abdulla, Ba Mallm",
    "Fed": "YEM",
    "Sex": "M",
    "Title": "",
    "WTit": "",
    "OTit": "",
    "Rating": "1743",
    "Gms": "0",
    "K": "40",
    "RatingMonth": "SEP25",
    "B-day": "0",
    "Flag": "i"
  },
  {
    "ID Number": "9403485",
    "Name": "Abdulla, Fawzi Ali",
    "Fed": "YEM",
    "Sex": "M",
    "Title": "",
    "WTit": "",
    "OTit": "",
    "Rating": "1889",
    "Gms": "0",
    "K": "40",
    "RatingMonth": "SEP25",
    "B-day": "1983",
    "Flag": ""
  },
  {
    "ID Number": "9400508",
    "Name": "Abdulla, Omar",
    "Fed": "YEM",
    "Sex": "M",
    "Title": "",
    "WTit": "",
    "OTit": "",
    "Rating": "1991",
    "Gms": "0",
    "K": "40",
    "RatingMonth": "SEP25",
    "B-day": "0",
    "Flag": "i"
  },
  {
    "ID Number": "9407200",
    "Name": "Abdullah Saleh Al-sayed",
    "Fed": "YEM",
    "Sex": "M",
    "Title": "",
    "WTit": "",
    "OTit": "",
    "Rating": "1915",
    "Gms": "0",
    "K": "40",
    "RatingMonth": "SEP25",
    "B-day": "1993",
    "Flag": ""
  },
  {
    "ID Number": "9407537",
    "Name": "ABDULRAHMAN SHAWQI Ali",
    "Fed": "YEM",
    "Sex": "M",
    "Title": "",
    "WTit": "",
    "OTit": "",
    "Rating": "1823",
    "Gms": "0",
    "K": "40",
    "RatingMonth": "SEP25",
    "B-day": "2008",
    "Flag": ""
  },
  {
    "ID Number": "9402225",
    "Name": "Abdulrahman, Omar",
    "Fed": "YEM",
    "Sex": "M",
    "Title": "",
    "WTit": "",
    "OTit": "",
    "Rating": "1608",
    "Gms": "0",
    "K": "40",
    "RatingMonth": "SEP25",
    "B-day": "0",
    "Flag": "i"
  },
  {
    "ID Number": "9404643",
    "Name": "Abdulraqeb saleh Gaber",
    "Fed": "YEM",
    "Sex": "M",
    "Title": "",
    "WTit": "",
    "OTit": "",
    "Rating": "1546",
    "Gms": "0",
    "K": "40",
    "RatingMonth": "SEP25",
    "B-day": "1993",
    "Flag": ""
  },
  {
    "ID Number": "9400877",
    "Name": "Abdulsalam, Nadhmia",
    "Fed": "YEM",
    "Sex": "F",
    "Title": "WCM",
    "WTit": "WCM",
    "OTit": "",
    "Rating": "1731",
    "Gms": "0",
    "K": "40",
    "RatingMonth": "SEP25",
    "B-day": "1975",
    "Flag": "wi"
  },
  {
    "ID Number": "9407111",
    "Name": "Abduraba Ahmed Abduraba",
    "Fed": "YEM",
    "Sex": "M",
    "Title": "",
    "WTit": "",
    "OTit": "",
    "Rating": "1778",
    "Gms": "0",
    "K": "40",
    "RatingMonth": "SEP25",
    "B-day": "1978",
    "Flag": ""
  },
  {
    "ID Number": "9401717",
    "Name": "Adel, Abdulla Saleh",
    "Fed": "YEM",
    "Sex": "M",
    "Title": "",
    "WTit": "",
    "OTit": "",
    "Rating": "1654",
    "Gms": "0",
    "K": "40",
    "RatingMonth": "SEP25",
    "B-day": "0",
    "Flag": "i"
  },
  {
    "ID Number": "9402616",
    "Name": "adnan,hezam",
    "Fed": "YEM",
    "Sex": "M",
    "Title": "",
    "WTit": "",
    "OTit": "",
    "Rating": "1963",
    "Gms": "0",
    "K": "40",
    "RatingMonth": "SEP25",
    "B-day": "1977",
    "Flag": "i"
  },
  {
    "ID Number": "9400052",
    "Name": "Ahmd Saleh, B",
    "Fed": "YEM",
    "Sex": "M",
    "Title": "",
    "WTit": "",
    "OTit": "",
    "Rating": "2205",
    "Gms": "0",
    "K": "40",
    "RatingMonth": "SEP25",
    "B-day": "0",
    "Flag": "i"
  },
  {
    "ID Number": "9400060",
    "Name": "Ahmed, Farhan Mukhtar",
    "Fed": "YEM",
    "Sex": "M",
    "Title": "",
    "WTit": "",
    "OTit": "",
    "Rating": "2200",
    "Gms": "0",
    "K": "40",
    "RatingMonth": "SEP25",
    "B-day": "0",
    "Flag": "i"
  },
  {
    "ID Number": "9402713",
    "Name": "ahmed,basabaien",
    "Fed": "YEM",
    "Sex": "M",
    "Title": "",
    "WTit": "",
    "OTit": "",
    "Rating": "1680",
    "Gms": "0",
    "K": "40",
    "RatingMonth": "SEP25",
    "B-day": "1999",
    "Flag": "i"
  },
  {
    "ID Number": "9404520",
    "Name": "Aidaros Ahmed Abdulghafor",
    "Fed": "YEM",
    "Sex": "M",
    "Title": "",
    "WTit": "FA",
    "OTit": "",
    "Rating": "1612",
    "Gms": "0",
    "K": "40",
    "RatingMonth": "SEP25",
    "B-day": "1992",
    "Flag": "i"
  },
  {
    "ID Number": "9404040",
    "Name": "Al Ammari, Waleed",
    "Fed": "YEM",
    "Sex": "M",
    "Title": "",
    "WTit": "",
    "OTit": "",
    "Rating": "1858",
    "Gms": "0",
    "K": "40",
    "RatingMonth": "SEP25",
    "B-day": "1990",
    "Flag": ""
  },
  {
    "ID Number": "9400222",
    "Name": "Al Attab, Anwar",
    "Fed": "YEM",
    "Sex": "M",
    "Title": "",
    "WTit": "",
    "OTit": "",
    "Rating": "1936",
    "Gms": "0",
    "K": "40",
    "RatingMonth": "SEP25",
    "B-day": "0",
    "Flag": "i"
  },
  {
    "ID Number": "9404058",
    "Name": "Al Awaini, Amer",
    "Fed": "YEM",
    "Sex": "M",
    "Title": "",
    "WTit": "",
    "OTit": "",
    "Rating": "1747",
    "Gms": "0",
    "K": "40",
    "RatingMonth": "SEP25",
    "B-day": "1991",
    "Flag": "i"
  },
  {
    "ID Number": "9400176",
    "Name": "Al Badani, Abdu",
    "Fed": "YEM",
    "Sex": "M",
    "Title": "FM",
    "WTit": "",
    "OTit": "",
    "Rating": "2160",
    "Gms": "0",
    "K": "20",
    "RatingMonth": "SEP25",
    "B-day": "1973",
    "Flag": ""
  },
  {
    "ID Number": "9404090",
    "Name": "Al Bahri, Bassam",
    "Fed": "YEM",
    "Sex": "M",
    "Title": "",
    "WTit": "",
    "OTit": "",
    "Rating": "1650",
    "Gms": "0",
    "K": "40",
    "RatingMonth": "SEP25",
    "B-day": "2002",
    "Flag": "i"
  },
  {
    "ID Number": "9404112",
    "Name": "Al Haisam, Zakareya",
    "Fed": "YEM",
    "Sex": "M",
    "Title": "",
    "WTit": "",
    "OTit": "",
    "Rating": "1852",
    "Gms": "0",
    "K": "40",
    "RatingMonth": "SEP25",
    "B-day": "1988",
    "Flag": "i"
  },
  {
    "ID Number": "9400516",
    "Name": "Al Halila, Aliabdo",
    "Fed": "YEM",
    "Sex": "M",
    "Title": "",
    "WTit": "",
    "OTit": "",
    "Rating": "2087",
    "Gms": "0",
    "K": "20",
    "RatingMonth": "SEP25",
    "B-day": "0",
    "Flag": "i"
  },
  {
    "ID Number": "9401334",
    "Name": "Al Halilah, Yaser",
    "Fed": "YEM",
    "Sex": "M",
    "Title": "",
    "WTit": "",
    "OTit": "",
    "Rating": "1880",
    "Gms": "0",
    "K": "40",
    "RatingMonth": "SEP25",
    "B-day": "1997",
    "Flag": "i"
  },
  {
    "ID Number": "9400141",
    "Name": "Al Harazy, Khalid",
    "Fed": "YEM",
    "Sex": "M",
    "Title": "CM",
    "WTit": "",
    "OTit": "",
    "Rating": "2135",
    "Gms": "0",
    "K": "20",
    "RatingMonth": "SEP25",
    "B-day": "1955",
    "Flag": "i"
  },
  {
    "ID Number": "9402322",
    "Name": "Al Hoaidi, Rafeat",
    "Fed": "YEM",
    "Sex": "M",
    "Title": "",
    "WTit": "",
    "OTit": "",
    "Rating": "1756",
    "Gms": "0",
    "K": "20",
    "RatingMonth": "SEP25",
    "B-day": "0",
    "Flag": "i"
  },
  {
    "ID Number": "9403876",
    "Name": "Al Jaefi, Moataz",
    "Fed": "YEM",
    "Sex": "M",
    "Title": "",
    "WTit": "",
    "OTit": "",
    "Rating": "1593",
    "Gms": "0",
    "K": "20",
    "RatingMonth": "SEP25",
    "B-day": "2006",
    "Flag": "i"
  },
  {
    "ID Number": "9401091",
    "Name": "Al Jalal, Horab",
    "Fed": "YEM",
    "Sex": "M",
    "Title": "",
    "WTit": "",
    "OTit": "",
    "Rating": "1972",
    "Gms": "0",
    "K": "40",
    "RatingMonth": "SEP25",
    "B-day": "0",
    "Flag": "i"
  },
  {
    "ID Number": "9401342",
    "Name": "Al Junaidi, Yaser",
    "Fed": "YEM",
    "Sex": "M",
    "Title": "",
    "WTit": "",
    "OTit": "",
    "Rating": "1920",
    "Gms": "0",
    "K": "40",
    "RatingMonth": "SEP25",
    "B-day": "0",
    "Flag": ""
  },
  {
    "ID Number": "9403566",
    "Name": "Al Kawni, Gamal",
    "Fed": "YEM",
    "Sex": "M",
    "Title": "",
    "WTit": "",
    "OTit": "",
    "Rating": "1540",
    "Gms": "0",
    "K": "40",
    "RatingMonth": "SEP25",
    "B-day": "1984",
    "Flag": "i"
  },
  {
    "ID Number": "9404147",
    "Name": "Al Khadiri, Omar",
    "Fed": "YEM",
    "Sex": "M",
    "Title": "",
    "WTit": "",
    "OTit": "",
    "Rating": "1913",
    "Gms": "0",
    "K": "40",
    "RatingMonth": "SEP25",
    "B-day": "1992",
    "Flag": ""
  },
  {
    "ID Number": "9402233",
    "Name": "Al Khalqi, Ahmed",
    "Fed": "YEM",
    "Sex": "M",
    "Title": "CM",
    "WTit": "",
    "OTit": "",
    "Rating": "1912",
    "Gms": "0",
    "K": "20",
    "RatingMonth": "SEP25",
    "B-day": "2001",
    "Flag": "i"
  },
  {
    "ID Number": "9401270",
    "Name": "Al Mashraqi, Nazar",
    "Fed": "YEM",
    "Sex": "M",
    "Title": "",
    "WTit": "",
    "OTit": "",
    "Rating": "2075",
    "Gms": "0",
    "K": "40",
    "RatingMonth": "SEP25",
    "B-day": "0",
    "Flag": "i"
  },
  {
    "ID Number": "9400281",
    "Name": "Al Mozaee, Ahmed",
    "Fed": "YEM",
    "Sex": "M",
    "Title": "",
    "WTit": "",
    "OTit": "",
    "Rating": "2042",
    "Gms": "0",
    "K": "40",
    "RatingMonth": "SEP25",
    "B-day": "0",
    "Flag": "i"
  },
  {
    "ID Number": "9400346",
    "Name": "Al Qudaimi, Basheer",
    "Fed": "YEM",
    "Sex": "M",
    "Title": "IM",
    "WTit": "FT,NA",
    "OTit": "",
    "Rating": "2369",
    "Gms": "0",
    "K": "10",
    "RatingMonth": "SEP25",
    "B-day": "1984",
    "Flag": ""
  },
  {
    "ID Number": "9401350",
    "Name": "Al Sayadi, Saleh",
    "Fed": "YEM",
    "Sex": "M",
    "Title": "",
    "WTit": "",
    "OTit": "",
    "Rating": "2013",
    "Gms": "0",
    "K": "40",
    "RatingMonth": "SEP25",
    "B-day": "1977",
    "Flag": "i"
  },
  {
    "ID Number": "9403736",
    "Name": "Al Shami, Abdul Samea Ali Saeed",
    "Fed": "YEM",
    "Sex": "M",
    "Title": "",
    "WTit": "",
    "OTit": "",
    "Rating": "1545",
    "Gms": "0",
    "K": "40",
    "RatingMonth": "SEP25",
    "B-day": "1988",
    "Flag": "i"
  },
  {
    "ID Number": "9400605",
    "Name": "Al Turki, Ahmed",
    "Fed": "YEM",
    "Sex": "M",
    "Title": "",
    "WTit": "",
    "OTit": "",
    "Rating": "1937",
    "Gms": "0",
    "K": "20",
    "RatingMonth": "SEP25",
    "B-day": "0",
    "Flag": "i"
  },
  {
    "ID Number": "9400290",
    "Name": "Al Washali, Al Hasan",
    "Fed": "YEM",
    "Sex": "M",
    "Title": "",
    "WTit": "",
    "OTit": "",
    "Rating": "1936",
    "Gms": "0",
    "K": "40",
    "RatingMonth": "SEP25",
    "B-day": "0",
    "Flag": "i"
  },
  {
    "ID Number": "9400338",
    "Name": "Al-Aqrabi, Saleh",
    "Fed": "YEM",
    "Sex": "M",
    "Title": "CM",
    "WTit": "",
    "OTit": "",
    "Rating": "2083",
    "Gms": "0",
    "K": "20",
    "RatingMonth": "SEP25",
    "B-day": "1971",
    "Flag": ""
  },
  {
    "ID Number": "9400435",
    "Name": "Al-Aswadi, Mohammed",
    "Fed": "YEM",
    "Sex": "M",
    "Title": "FM",
    "WTit": "",
    "OTit": "",
    "Rating": "1897",
    "Gms": "0",
    "K": "20",
    "RatingMonth": "SEP25",
    "B-day": "1997",
    "Flag": "i"
  },
  {
    "ID Number": "9402675",
    "Name": "Al-gailani,hasan",
    "Fed": "YEM",
    "Sex": "M",
    "Title": "",
    "WTit": "",
    "OTit": "",
    "Rating": "1711",
    "Gms": "0",
    "K": "20",
    "RatingMonth": "SEP25",
    "B-day": "2000",
    "Flag": "i"
  },
  {
    "ID Number": "9400273",
    "Name": "Al-Hadarani, Hatim",
    "Fed": "YEM",
    "Sex": "M",
    "Title": "FM",
    "WTit": "NA",
    "OTit": "",
    "Rating": "2306",
    "Gms": "0",
    "K": "20",
    "RatingMonth": "SEP25",
    "B-day": "1959",
    "Flag": ""
  },
  {
    "ID Number": "9400168",
    "Name": "Al-Halila, Ayman",
    "Fed": "YEM",
    "Sex": "M",
    "Title": "IM",
    "WTit": "",
    "OTit": "",
    "Rating": "2138",
    "Gms": "0",
    "K": "20",
    "RatingMonth": "SEP25",
    "B-day": "1992",
    "Flag": ""
  },
  {
    "ID Number": "9402241",
    "Name": "Al-Marir,Esam",
    "Fed": "YEM",
    "Sex": "M",
    "Title": "",
    "WTit": "",
    "OTit": "",
    "Rating": "1701",
    "Gms": "0",
    "K": "40",
    "RatingMonth": "SEP25",
    "B-day": "2002",
    "Flag": "i"
  },
  {
    "ID Number": "9400931",
    "Name": "Al-qotybi, Osamah",
    "Fed": "YEM",
    "Sex": "M",
    "Title": "",
    "WTit": "",
    "OTit": "",
    "Rating": "2072",
    "Gms": "0",
    "K": "40",
    "RatingMonth": "SEP25",
    "B-day": "0",
    "Flag": "i"
  },
  {
    "ID Number": "9402772",
    "Name": "Al-qudaimi abdullah",
    "Fed": "YEM",
    "Sex": "M",
    "Title": "",
    "WTit": "",
    "OTit": "",
    "Rating": "1840",
    "Gms": "7",
    "K": "40",
    "RatingMonth": "SEP25",
    "B-day": "2010",
    "Flag": ""
  },
  {
    "ID Number": "9402462",
    "Name": "Al-Sarori,Ahmed",
    "Fed": "YEM",
    "Sex": "M",
    "Title": "",
    "WTit": "",
    "OTit": "",
    "Rating": "1833",
    "Gms": "0",
    "K": "40",
    "RatingMonth": "SEP25",
    "B-day": "1999",
    "Flag": "i"
  },
  {
    "ID Number": "9400940",
    "Name": "Al-sharafi, Hameed",
    "Fed": "YEM",
    "Sex": "M",
    "Title": "",
    "WTit": "",
    "OTit": "",
    "Rating": "2217",
    "Gms": "0",
    "K": "40",
    "RatingMonth": "SEP25",
    "B-day": "0",
    "Flag": "i"
  },
  {
    "ID Number": "9400133",
    "Name": "Al-Subaihi, Khalil",
    "Fed": "YEM",
    "Sex": "M",
    "Title": "",
    "WTit": "NA",
    "OTit": "",
    "Rating": "2075",
    "Gms": "0",
    "K": "20",
    "RatingMonth": "SEP25",
    "B-day": "1976",
    "Flag": "i"
  },
  {
    "ID Number": "9400249",
    "Name": "Al-Zendani, Zendan",
    "Fed": "YEM",
    "Sex": "M",
    "Title": "IM",
    "WTit": "",
    "OTit": "",
    "Rating": "2266",
    "Gms": "0",
    "K": "10",
    "RatingMonth": "SEP25",
    "B-day": "1982",
    "Flag": "i"
  },
  {
    "ID Number": "9404198",
    "Name": "Alawi, Basil Mohamed",
    "Fed": "YEM",
    "Sex": "M",
    "Title": "",
    "WTit": "",
    "OTit": "",
    "Rating": "1845",
    "Gms": "0",
    "K": "40",
    "RatingMonth": "SEP25",
    "B-day": "1980",
    "Flag": ""
  },
  {
    "ID Number": "9404201",
    "Name": "Alawi, Fekri",
    "Fed": "YEM",
    "Sex": "M",
    "Title": "",
    "WTit": "",
    "OTit": "",
    "Rating": "1912",
    "Gms": "0",
    "K": "40",
    "RatingMonth": "SEP25",
    "B-day": "1984",
    "Flag": "i"
  },
  {
    "ID Number": "9400893",
    "Name": "Algadi, Sabri",
    "Fed": "YEM",
    "Sex": "M",
    "Title": "",
    "WTit": "",
    "OTit": "",
    "Rating": "2030",
    "Gms": "0",
    "K": "40",
    "RatingMonth": "SEP25",
    "B-day": "0",
    "Flag": "i"
  },
  {
    "ID Number": "9402128",
    "Name": "Ali Abdo, Asma",
    "Fed": "YEM",
    "Sex": "F",
    "Title": "",
    "WTit": "",
    "OTit": "",
    "Rating": "1638",
    "Gms": "0",
    "K": "40",
    "RatingMonth": "SEP25",
    "B-day": "2001",
    "Flag": "wi"
  },
  {
    "ID Number": "9405801",
    "Name": "Ali Ahmed Al Gafri",
    "Fed": "YEM",
    "Sex": "M",
    "Title": "",
    "WTit": "",
    "OTit": "",
    "Rating": "1433",
    "Gms": "0",
    "K": "40",
    "RatingMonth": "SEP25",
    "B-day": "1991",
    "Flag": "i"
  },
  {
    "ID Number": "9402209",
    "Name": "Ali, Basma",
    "Fed": "YEM",
    "Sex": "F",
    "Title": "",
    "WTit": "",
    "OTit": "",
    "Rating": "1596",
    "Gms": "0",
    "K": "40",
    "RatingMonth": "SEP25",
    "B-day": "1993",
    "Flag": "wi"
  },
  {
    "ID Number": "9400540",
    "Name": "Alkathiri, Kamel",
    "Fed": "YEM",
    "Sex": "M",
    "Title": "",
    "WTit": "",
    "OTit": "",
    "Rating": "1920",
    "Gms": "0",
    "K": "40",
    "RatingMonth": "SEP25",
    "B-day": "0",
    "Flag": "i"
  },
  {
    "ID Number": "9401407",
    "Name": "Alqameetah, Najeeb",
    "Fed": "YEM",
    "Sex": "M",
    "Title": "",
    "WTit": "",
    "OTit": "",
    "Rating": "1966",
    "Gms": "0",
    "K": "40",
    "RatingMonth": "SEP25",
    "B-day": "1992",
    "Flag": "i"
  },
  {
    "ID Number": "9400010",
    "Name": "Alsharfi, S S",
    "Fed": "YEM",
    "Sex": "M",
    "Title": "",
    "WTit": "",
    "OTit": "",
    "Rating": "2079",
    "Gms": "0",
    "K": "40",
    "RatingMonth": "SEP25",
    "B-day": "0",
    "Flag": "i"
  },
  {
    "ID Number": "9400559",
    "Name": "Alwahidi, Khaled",
    "Fed": "YEM",
    "Sex": "M",
    "Title": "",
    "WTit": "",
    "OTit": "",
    "Rating": "2047",
    "Gms": "0",
    "K": "20",
    "RatingMonth": "SEP25",
    "B-day": "0",
    "Flag": "i"
  },
  {
    "ID Number": "9402659",
    "Name": "Amer, Sarah",
    "Fed": "YEM",
    "Sex": "F",
    "Title": "",
    "WTit": "",
    "OTit": "",
    "Rating": "1662",
    "Gms": "0",
    "K": "40",
    "RatingMonth": "SEP25",
    "B-day": "2003",
    "Flag": "wi"
  },
  {
    "ID Number": "9404821",
    "Name": "Amjad Hani abdalaziz Mohammed",
    "Fed": "YEM",
    "Sex": "M",
    "Title": "",
    "WTit": "",
    "OTit": "",
    "Rating": "1507",
    "Gms": "0",
    "K": "40",
    "RatingMonth": "SEP25",
    "B-day": "2004",
    "Flag": ""
  },
  {
    "ID Number": "9407529",
    "Name": "Ammar shrf abdo",
    "Fed": "YEM",
    "Sex": "M",
    "Title": "",
    "WTit": "",
    "OTit": "",
    "Rating": "1837",
    "Gms": "0",
    "K": "40",
    "RatingMonth": "SEP25",
    "B-day": "1982",
    "Flag": ""
  },
  {
    "ID Number": "9402918",
    "Name": "amr al-maktry",
    "Fed": "YEM",
    "Sex": "M",
    "Title": "",
    "WTit": "",
    "OTit": "",
    "Rating": "1942",
    "Gms": "0",
    "K": "40",
    "RatingMonth": "SEP25",
    "B-day": "1979",
    "Flag": "i"
  },
  {
    "ID Number": "9405216",
    "Name": "Anas Nabil mohammed Abdo",
    "Fed": "YEM",
    "Sex": "M",
    "Title": "",
    "WTit": "",
    "OTit": "",
    "Rating": "1654",
    "Gms": "0",
    "K": "40",
    "RatingMonth": "SEP25",
    "B-day": "1994",
    "Flag": ""
  },
  {
    "ID Number": "9400117",
    "Name": "Awad, Omaima",
    "Fed": "YEM",
    "Sex": "F",
    "Title": "WCM",
    "WTit": "WCM",
    "OTit": "",
    "Rating": "1785",
    "Gms": "0",
    "K": "20",
    "RatingMonth": "SEP25",
    "B-day": "1990",
    "Flag": "wi"
  },
  {
    "ID Number": "9404252",
    "Name": "Ba Amir, Murad",
    "Fed": "YEM",
    "Sex": "M",
    "Title": "",
    "WTit": "",
    "OTit": "",
    "Rating": "1827",
    "Gms": "0",
    "K": "20",
    "RatingMonth": "SEP25",
    "B-day": "2000",
    "Flag": ""
  },
  {
    "ID Number": "9401628",
    "Name": "Bagash, Fadi",
    "Fed": "YEM",
    "Sex": "M",
    "Title": "",
    "WTit": "",
    "OTit": "",
    "Rating": "AFM",
    "Gms": "1599",
    "K": "0",
    "RatingMonth": "SEP25",
    "B-day": "0",
    "Flag": ""
  },
  {
    "ID Number": "9401113",
    "Name": "Bal Eid, Mansoor",
    "Fed": "YEM",
    "Sex": "M",
    "Title": "",
    "WTit": "",
    "OTit": "",
    "Rating": "1878",
    "Gms": "0",
    "K": "40",
    "RatingMonth": "SEP25",
    "B-day": "0",
    "Flag": ""
  },
  {
    "ID Number": "9402268",
    "Name": "Basabaien, Hamed",
    "Fed": "YEM",
    "Sex": "M",
    "Title": "",
    "WTit": "",
    "OTit": "",
    "Rating": "1615",
    "Gms": "0",
    "K": "40",
    "RatingMonth": "SEP25",
    "B-day": "2005",
    "Flag": "i"
  },
  {
    "ID Number": "9407324",
    "Name": "BASSAM OMAR AL DARER",
    "Fed": "YEM",
    "Sex": "M",
    "Title": "",
    "WTit": "",
    "OTit": "",
    "Rating": "1636",
    "Gms": "0",
    "K": "40",
    "RatingMonth": "SEP25",
    "B-day": "1997",
    "Flag": ""
  },
  {
    "ID Number": "9404317",
    "Name": "Bin Mardah, Adeeb",
    "Fed": "YEM",
    "Sex": "M",
    "Title": "",
    "WTit": "",
    "OTit": "",
    "Rating": "1717",
    "Gms": "0",
    "K": "40",
    "RatingMonth": "SEP25",
    "B-day": "1999",
    "Flag": "i"
  },
  {
    "ID Number": "9403256",
    "Name": "Bin Yahya mousa",
    "Fed": "YEM",
    "Sex": "M",
    "Title": "",
    "WTit": "",
    "OTit": "",
    "Rating": "1635",
    "Gms": "0",
    "K": "40",
    "RatingMonth": "SEP25",
    "B-day": "1966",
    "Flag": "i"
  },
  {
    "ID Number": "9400125",
    "Name": "Elshereif, Mada",
    "Fed": "YEM",
    "Sex": "F",
    "Title": "",
    "WTit": "",
    "OTit": "",
    "Rating": "1822",
    "Gms": "0",
    "K": "20",
    "RatingMonth": "SEP25",
    "B-day": "1982",
    "Flag": "wi"
  },
  {
    "ID Number": "9400788",
    "Name": "Fadl, Gamal",
    "Fed": "YEM",
    "Sex": "M",
    "Title": "",
    "WTit": "",
    "OTit": "",
    "Rating": "1995",
    "Gms": "0",
    "K": "40",
    "RatingMonth": "SEP25",
    "B-day": "0",
    "Flag": "i"
  },
  {
    "ID Number": "9400303",
    "Name": "Fahmi, Amjad",
    "Fed": "YEM",
    "Sex": "M",
    "Title": "",
    "WTit": "",
    "OTit": "",
    "Rating": "2000",
    "Gms": "0",
    "K": "20",
    "RatingMonth": "SEP25",
    "B-day": "0",
    "Flag": "i"
  },
  {
    "ID Number": "9400184",
    "Name": "Faraj, Yahya",
    "Fed": "YEM",
    "Sex": "M",
    "Title": "FM",
    "WTit": "",
    "OTit": "",
    "Rating": "2204",
    "Gms": "0",
    "K": "20",
    "RatingMonth": "SEP25",
    "B-day": "1975",
    "Flag": "i"
  },
  {
    "ID Number": "9401652",
    "Name": "Farhan, Marwan Ali",
    "Fed": "YEM",
    "Sex": "M",
    "Title": "",
    "WTit": "NA",
    "OTit": "",
    "Rating": "1897",
    "Gms": "0",
    "K": "20",
    "RatingMonth": "SEP25",
    "B-day": "0",
    "Flag": ""
  },
  {
    "ID Number": "9400524",
    "Name": "Fayea, Aiman",
    "Fed": "YEM",
    "Sex": "M",
    "Title": "",
    "WTit": "",
    "OTit": "",
    "Rating": "2049",
    "Gms": "0",
    "K": "40",
    "RatingMonth": "SEP25",
    "B-day": "0",
    "Flag": "i"
  },
  {
    "ID Number": "9400532",
    "Name": "Fuad, Ahmed Mufleh",
    "Fed": "YEM",
    "Sex": "M",
    "Title": "FM",
    "WTit": "",
    "OTit": "",
    "Rating": "2055",
    "Gms": "0",
    "K": "20",
    "RatingMonth": "SEP25",
    "B-day": "1989",
    "Flag": ""
  },
  {
    "ID Number": "9400150",
    "Name": "Gameel, Amal",
    "Fed": "YEM",
    "Sex": "F",
    "Title": "WFM",
    "WTit": "WFM",
    "OTit": "",
    "Rating": "1846",
    "Gms": "0",
    "K": "20",
    "RatingMonth": "SEP25",
    "B-day": "1995",
    "Flag": "wi"
  },
  {
    "ID Number": "9401440",
    "Name": "Gameel, Mohamed",
    "Fed": "YEM",
    "Sex": "M",
    "Title": "IM",
    "WTit": "",
    "OTit": "",
    "Rating": "2198",
    "Gms": "0",
    "K": "20",
    "RatingMonth": "SEP25",
    "B-day": "1994",
    "Flag": ""
  },
  {
    "ID Number": "9400370",
    "Name": "Gawad, Sharaf",
    "Fed": "YEM",
    "Sex": "M",
    "Title": "",
    "WTit": "",
    "OTit": "",
    "Rating": "2044",
    "Gms": "0",
    "K": "20",
    "RatingMonth": "SEP25",
    "B-day": "0",
    "Flag": "i"
  },
  {
    "ID Number": "9400575",
    "Name": "Gawla, Kamal",
    "Fed": "YEM",
    "Sex": "M",
    "Title": "",
    "WTit": "",
    "OTit": "",
    "Rating": "1984",
    "Gms": "0",
    "K": "40",
    "RatingMonth": "SEP25",
    "B-day": "0",
    "Flag": "i"
  },
  {
    "ID Number": "9401458",
    "Name": "Ghulam, Abdulrazaq",
    "Fed": "YEM",
    "Sex": "M",
    "Title": "",
    "WTit": "",
    "OTit": "",
    "Rating": "1880",
    "Gms": "0",
    "K": "40",
    "RatingMonth": "SEP25",
    "B-day": "0",
    "Flag": ""
  },
  {
    "ID Number": "9400028",
    "Name": "Haidrah, J A",
    "Fed": "YEM",
    "Sex": "M",
    "Title": "",
    "WTit": "",
    "OTit": "",
    "Rating": "2205",
    "Gms": "0",
    "K": "40",
    "RatingMonth": "SEP25",
    "B-day": "0",
    "Flag": "i"
  },
  {
    "ID Number": "9406174",
    "Name": "Haithm Rashad Al sadi",
    "Fed": "YEM",
    "Sex": "M",
    "Title": "",
    "WTit": "",
    "OTit": "",
    "Rating": "1656",
    "Gms": "0",
    "K": "40",
    "RatingMonth": "SEP25",
    "B-day": "2008",
    "Flag": "i"
  },
  {
    "ID Number": "9404341",
    "Name": "Hameed, Jamal Khalid",
    "Fed": "YEM",
    "Sex": "M",
    "Title": "",
    "WTit": "",
    "OTit": "",
    "Rating": "1921",
    "Gms": "0",
    "K": "40",
    "RatingMonth": "SEP25",
    "B-day": "1980",
    "Flag": "i"
  },
  {
    "ID Number": "9402217",
    "Name": "Hassan Ahmed, Hana",
    "Fed": "YEM",
    "Sex": "F",
    "Title": "",
    "WTit": "",
    "OTit": "",
    "Rating": "1596",
    "Gms": "0",
    "K": "40",
    "RatingMonth": "SEP25",
    "B-day": "1992",
    "Flag": "wi"
  },
  {
    "ID Number": "9400567",
    "Name": "Hayabik, Husain",
    "Fed": "YEM",
    "Sex": "M",
    "Title": "",
    "WTit": "",
    "OTit": "",
    "Rating": "1823",
    "Gms": "0",
    "K": "20",
    "RatingMonth": "SEP25",
    "B-day": "0",
    "Flag": ""
  },
  {
    "ID Number": "9405798",
    "Name": "Hesham jawas",
    "Fed": "YEM",
    "Sex": "M",
    "Title": "",
    "WTit": "",
    "OTit": "",
    "Rating": "1590",
    "Gms": "0",
    "K": "40",
    "RatingMonth": "SEP25",
    "B-day": "2001",
    "Flag": "i"
  },
  {
    "ID Number": "9404627",
    "Name": "Husam Al-Dain Abdulhakim Nasher",
    "Fed": "YEM",
    "Sex": "M",
    "Title": "",
    "WTit": "",
    "OTit": "",
    "Rating": "2011",
    "Gms": "0",
    "K": "40",
    "RatingMonth": "SEP25",
    "B-day": "2007",
    "Flag": ""
  },
  {
    "ID Number": "7600933",
    "Name": "Hussain, Taha",
    "Fed": "YEM",
    "Sex": "M",
    "Title": "",
    "WTit": "",
    "OTit": "",
    "Rating": "2050",
    "Gms": "0",
    "K": "20",
    "RatingMonth": "SEP25",
    "B-day": "0",
    "Flag": ""
  },
  {
    "ID Number": "9407561",
    "Name": "HUSSEIN AHMED SALEH",
    "Fed": "YEM",
    "Sex": "M",
    "Title": "",
    "WTit": "",
    "OTit": "",
    "Rating": "1889",
    "Gms": "0",
    "K": "40",
    "RatingMonth": "SEP25",
    "B-day": "2007",
    "Flag": ""
  },
  {
    "ID Number": "9400109",
    "Name": "Hussein, Naaman",
    "Fed": "YEM",
    "Sex": "M",
    "Title": "",
    "WTit": "",
    "OTit": "",
    "Rating": "2190",
    "Gms": "0",
    "K": "40",
    "RatingMonth": "SEP25",
    "B-day": "0",
    "Flag": "i"
  },
  {
    "ID Number": "9401474",
    "Name": "Jalal, Amani",
    "Fed": "YEM",
    "Sex": "F",
    "Title": "",
    "WTit": "",
    "OTit": "",
    "Rating": "1806",
    "Gms": "0",
    "K": "40",
    "RatingMonth": "SEP25",
    "B-day": "1988",
    "Flag": "wi"
  },
  {
    "ID Number": "9400079",
    "Name": "Kadhi Hameed",
    "Fed": "YEM",
    "Sex": "M",
    "Title": "IM",
    "WTit": "FT,NA",
    "OTit": "",
    "Rating": "2375",
    "Gms": "0",
    "K": "20",
    "RatingMonth": "SEP25",
    "B-day": "1979",
    "Flag": "i"
  },
  {
    "ID Number": "9400796",
    "Name": "Karnon, Mohamed",
    "Fed": "YEM",
    "Sex": "M",
    "Title": "",
    "WTit": "",
    "OTit": "",
    "Rating": "1989",
    "Gms": "0",
    "K": "40",
    "RatingMonth": "SEP25",
    "B-day": "0",
    "Flag": ""
  },
  {
    "ID Number": "9405232",
    "Name": "Khaled Ba Hamid",
    "Fed": "YEM",
    "Sex": "M",
    "Title": "",
    "WTit": "NA",
    "OTit": "",
    "Rating": "1666",
    "Gms": "0",
    "K": "40",
    "RatingMonth": "SEP25",
    "B-day": "1993",
    "Flag": "i"
  },
  {
    "ID Number": "9404600",
    "Name": "Khaled waleed Abdullah",
    "Fed": "YEM",
    "Sex": "M",
    "Title": "",
    "WTit": "",
    "OTit": "",
    "Rating": "2141",
    "Gms": "0",
    "K": "20",
    "RatingMonth": "SEP25",
    "B-day": "2006",
    "Flag": ""
  },
  {
    "ID Number": "9404570",
    "Name": "Lamya Al.areqi",
    "Fed": "YEM",
    "Sex": "F",
    "Title": "",
    "WTit": "",
    "OTit": "",
    "Rating": "1520",
    "Gms": "0",
    "K": "40",
    "RatingMonth": "SEP25",
    "B-day": "1988",
    "Flag": "wi"
  },
  {
    "ID Number": "9400591",
    "Name": "Mahmood, Fahmi",
    "Fed": "YEM",
    "Sex": "M",
    "Title": "",
    "WTit": "",
    "OTit": "",
    "Rating": "1864",
    "Gms": "0",
    "K": "40",
    "RatingMonth": "SEP25",
    "B-day": "0",
    "Flag": "i"
  },
  {
    "ID Number": "9401121",
    "Name": "Malsy, Mohamed",
    "Fed": "YEM",
    "Sex": "M",
    "Title": "",
    "WTit": "",
    "OTit": "",
    "Rating": "2080",
    "Gms": "0",
    "K": "40",
    "RatingMonth": "SEP25",
    "B-day": "0",
    "Flag": "i"
  },
  {
    "ID Number": "9406069",
    "Name": "Manal Ali Al ashwal",
    "Fed": "YEM",
    "Sex": "F",
    "Title": "",
    "WTit": "",
    "OTit": "",
    "Rating": "1566",
    "Gms": "0",
    "K": "40",
    "RatingMonth": "SEP25",
    "B-day": "1982",
    "Flag": "w"
  },
  {
    "ID Number": "9405070",
    "Name": "Mazen shafeq ibrahim",
    "Fed": "YEM",
    "Sex": "M",
    "Title": "",
    "WTit": "",
    "OTit": "",
    "Rating": "1875",
    "Gms": "0",
    "K": "40",
    "RatingMonth": "SEP25",
    "B-day": "2001",
    "Flag": ""
  },
  {
    "ID Number": "9400311",
    "Name": "Mohamed, Raydan",
    "Fed": "YEM",
    "Sex": "M",
    "Title": "",
    "WTit": "",
    "OTit": "",
    "Rating": "2042",
    "Gms": "0",
    "K": "40",
    "RatingMonth": "SEP25",
    "B-day": "0",
    "Flag": "i"
  },
  {
    "ID Number": "9404376",
    "Name": "Mohamed, Saeed Mohamed",
    "Fed": "YEM",
    "Sex": "M",
    "Title": "",
    "WTit": "",
    "OTit": "",
    "Rating": "1880",
    "Gms": "0",
    "K": "40",
    "RatingMonth": "SEP25",
    "B-day": "1988",
    "Flag": ""
  },
  {
    "ID Number": "9402900",
    "Name": "mohammed al-madhfari",
    "Fed": "YEM",
    "Sex": "M",
    "Title": "",
    "WTit": "",
    "OTit": "",
    "Rating": "1889",
    "Gms": "3",
    "K": "40",
    "RatingMonth": "SEP25",
    "B-day": "1970",
    "Flag": ""
  },
  {
    "ID Number": "9407391",
    "Name": "MOHAMMED ALI MOHAMMED AL-AMODI",
    "Fed": "YEM",
    "Sex": "M",
    "Title": "",
    "WTit": "",
    "OTit": "",
    "Rating": "1579",
    "Gms": "0",
    "K": "40",
    "RatingMonth": "SEP25",
    "B-day": "1973",
    "Flag": ""
  },
  {
    "ID Number": "9405780",
    "Name": "Mohammed Awadh Ban gamil",
    "Fed": "YEM",
    "Sex": "M",
    "Title": "",
    "WTit": "",
    "OTit": "",
    "Rating": "1554",
    "Gms": "0",
    "K": "40",
    "RatingMonth": "SEP25",
    "B-day": "2002",
    "Flag": "i"
  },
  {
    "ID Number": "9407189",
    "Name": "Mohammed Elyas",
    "Fed": "YEM",
    "Sex": "M",
    "Title": "",
    "WTit": "",
    "OTit": "",
    "Rating": "1719",
    "Gms": "0",
    "K": "40",
    "RatingMonth": "SEP25",
    "B-day": "2004",
    "Flag": ""
  },
  {
    "ID Number": "9403108",
    "Name": "mohammed gailani Al,aidaros",
    "Fed": "YEM",
    "Sex": "M",
    "Title": "",
    "WTit": "",
    "OTit": "",
    "Rating": "1565",
    "Gms": "0",
    "K": "40",
    "RatingMonth": "SEP25",
    "B-day": "1995",
    "Flag": ""
  },
  {
    "ID Number": "9404031",
    "Name": "Mohammed Hassan AL Aiedroos",
    "Fed": "YEM",
    "Sex": "M",
    "Title": "",
    "WTit": "",
    "OTit": "",
    "Rating": "1508",
    "Gms": "0",
    "K": "40",
    "RatingMonth": "SEP25",
    "B-day": "2001",
    "Flag": "i"
  },
  {
    "ID Number": "9406425",
    "Name": "Mohammed Taha Al Hetari",
    "Fed": "YEM",
    "Sex": "M",
    "Title": "",
    "WTit": "",
    "OTit": "",
    "Rating": "1612",
    "Gms": "0",
    "K": "40",
    "RatingMonth": "SEP25",
    "B-day": "1978",
    "Flag": "i"
  },
  {
    "ID Number": "9400800",
    "Name": "Moheby, Mohamed",
    "Fed": "YEM",
    "Sex": "M",
    "Title": "",
    "WTit": "",
    "OTit": "",
    "Rating": "1998",
    "Gms": "0",
    "K": "40",
    "RatingMonth": "SEP25",
    "B-day": "0",
    "Flag": "i"
  },
  {
    "ID Number": "9401520",
    "Name": "Mojahid, M.s.",
    "Fed": "YEM",
    "Sex": "M",
    "Title": "",
    "WTit": "",
    "OTit": "",
    "Rating": "2030",
    "Gms": "0",
    "K": "20",
    "RatingMonth": "SEP25",
    "B-day": "0",
    "Flag": "i"
  },
  {
    "ID Number": "9400320",
    "Name": "Mothanna, Mohamed",
    "Fed": "YEM",
    "Sex": "M",
    "Title": "",
    "WTit": "",
    "OTit": "",
    "Rating": "2045",
    "Gms": "0",
    "K": "40",
    "RatingMonth": "SEP25",
    "B-day": "0",
    "Flag": "i"
  },
  {
    "ID Number": "9401539",
    "Name": "Murad, Aglan",
    "Fed": "YEM",
    "Sex": "M",
    "Title": "",
    "WTit": "",
    "OTit": "",
    "Rating": "1984",
    "Gms": "0",
    "K": "40",
    "RatingMonth": "SEP25",
    "B-day": "1982",
    "Flag": "i"
  },
  {
    "ID Number": "9406433",
    "Name": "NABIL ABDULLAH SALIM HADi",
    "Fed": "YEM",
    "Sex": "M",
    "Title": "",
    "WTit": "",
    "OTit": "",
    "Rating": "1598",
    "Gms": "0",
    "K": "40",
    "RatingMonth": "SEP25",
    "B-day": "1981",
    "Flag": "i"
  },
  {
    "ID Number": "9401547",
    "Name": "Naser, Kamal",
    "Fed": "YEM",
    "Sex": "M",
    "Title": "",
    "WTit": "",
    "OTit": "",
    "Rating": "2121",
    "Gms": "0",
    "K": "40",
    "RatingMonth": "SEP25",
    "B-day": "0",
    "Flag": "i"
  },
  {
    "ID Number": "9403043",
    "Name": "nawaf saleh basabaien",
    "Fed": "YEM",
    "Sex": "M",
    "Title": "",
    "WTit": "",
    "OTit": "",
    "Rating": "1727",
    "Gms": "0",
    "K": "20",
    "RatingMonth": "SEP25",
    "B-day": "1999",
    "Flag": ""
  },
  {
    "ID Number": "9400389",
    "Name": "Nawas, Abdul Rahman",
    "Fed": "YEM",
    "Sex": "M",
    "Title": "",
    "WTit": "NA",
    "OTit": "",
    "Rating": "2120",
    "Gms": "0",
    "K": "20",
    "RatingMonth": "SEP25",
    "B-day": "0",
    "Flag": "i"
  },
  {
    "ID Number": "9404880",
    "Name": "Neamah Ali Awadh BaJamel",
    "Fed": "YEM",
    "Sex": "F",
    "Title": "",
    "WTit": "",
    "OTit": "",
    "Rating": "1539",
    "Gms": "0",
    "K": "40",
    "RatingMonth": "SEP25",
    "B-day": "2010",
    "Flag": "wi"
  },
  {
    "ID Number": "9401555",
    "Name": "Omar, Husain",
    "Fed": "YEM",
    "Sex": "M",
    "Title": "",
    "WTit": "",
    "OTit": "",
    "Rating": "2117",
    "Gms": "0",
    "K": "40",
    "RatingMonth": "SEP25",
    "B-day": "0",
    "Flag": ""
  },
  {
    "ID Number": "9401563",
    "Name": "Othman, Thi Yzin",
    "Fed": "YEM",
    "Sex": "M",
    "Title": "",
    "WTit": "",
    "OTit": "",
    "Rating": "1969",
    "Gms": "0",
    "K": "40",
    "RatingMonth": "SEP25",
    "B-day": "0",
    "Flag": "i"
  },
  {
    "ID Number": "9402330",
    "Name": "Qaid Radman, Marwan",
    "Fed": "YEM",
    "Sex": "M",
    "Title": "",
    "WTit": "",
    "OTit": "",
    "Rating": "1992",
    "Gms": "0",
    "K": "20",
    "RatingMonth": "SEP25",
    "B-day": "1977",
    "Flag": "i"
  },
  {
    "ID Number": "9403590",
    "Name": "Qashbari, Abdulla Mohamed",
    "Fed": "YEM",
    "Sex": "M",
    "Title": "",
    "WTit": "",
    "OTit": "",
    "Rating": "1703",
    "Gms": "0",
    "K": "40",
    "RatingMonth": "SEP25",
    "B-day": "1984",
    "Flag": "i"
  },
  {
    "ID Number": "9400354",
    "Name": "Qassim, Ramzi Mohamed",
    "Fed": "YEM",
    "Sex": "M",
    "Title": "",
    "WTit": "",
    "OTit": "",
    "Rating": "1871",
    "Gms": "0",
    "K": "40",
    "RatingMonth": "SEP25",
    "B-day": "0",
    "Flag": "i"
  },
  {
    "ID Number": "9404830",
    "Name": "Sabri-Abdulla-Bamuallim",
    "Fed": "YEM",
    "Sex": "M",
    "Title": "",
    "WTit": "",
    "OTit": "",
    "Rating": "1712",
    "Gms": "0",
    "K": "40",
    "RatingMonth": "SEP25",
    "B-day": "1973",
    "Flag": ""
  },
  {
    "ID Number": "9401580",
    "Name": "Saeed, Khalid",
    "Fed": "YEM",
    "Sex": "M",
    "Title": "",
    "WTit": "",
    "OTit": "",
    "Rating": "2131",
    "Gms": "0",
    "K": "40",
    "RatingMonth": "SEP25",
    "B-day": "0",
    "Flag": "i"
  },
  {
    "ID Number": "9404422",
    "Name": "Saeed, Muaadh",
    "Fed": "YEM",
    "Sex": "M",
    "Title": "",
    "WTit": "",
    "OTit": "",
    "Rating": "2057",
    "Gms": "0",
    "K": "40",
    "RatingMonth": "SEP25",
    "B-day": "1984",
    "Flag": "i"
  },
  {
    "ID Number": "9400087",
    "Name": "Sallam, Sabri Abdul-Mawla",
    "Fed": "YEM",
    "Sex": "M",
    "Title": "CM",
    "WTit": "NA",
    "OTit": "",
    "Rating": "2164",
    "Gms": "0",
    "K": "20",
    "RatingMonth": "SEP25",
    "B-day": "1973",
    "Flag": "i"
  },
  {
    "ID Number": "9400621",
    "Name": "Salman, Saleh",
    "Fed": "YEM",
    "Sex": "M",
    "Title": "",
    "WTit": "",
    "OTit": "",
    "Rating": "1912",
    "Gms": "0",
    "K": "20",
    "RatingMonth": "SEP25",
    "B-day": "0",
    "Flag": ""
  },
  {
    "ID Number": "9404635",
    "Name": "Senan, Ali Abdulla",
    "Fed": "YEM",
    "Sex": "M",
    "Title": "",
    "WTit": "",
    "OTit": "",
    "Rating": "1622",
    "Gms": "0",
    "K": "40",
    "RatingMonth": "SEP25",
    "B-day": "2010",
    "Flag": "i"
  },
  {
    "ID Number": "9404449",
    "Name": "Shayef, Hani",
    "Fed": "YEM",
    "Sex": "M",
    "Title": "",
    "WTit": "",
    "OTit": "",
    "Rating": "2068",
    "Gms": "0",
    "K": "40",
    "RatingMonth": "SEP25",
    "B-day": "1977",
    "Flag": "i"
  },
  {
    "ID Number": "9400362",
    "Name": "Soban, Nasser",
    "Fed": "YEM",
    "Sex": "M",
    "Title": "",
    "WTit": "",
    "OTit": "",
    "Rating": "1714",
    "Gms": "0",
    "K": "40",
    "RatingMonth": "SEP25",
    "B-day": "0",
    "Flag": "i"
  },
  {
    "ID Number": "9401610",
    "Name": "Sultan, Mohamed",
    "Fed": "YEM",
    "Sex": "M",
    "Title": "",
    "WTit": "",
    "OTit": "",
    "Rating": "2060",
    "Gms": "0",
    "K": "20",
    "RatingMonth": "SEP25",
    "B-day": "1987",
    "Flag": "i"
  },
  {
    "ID Number": "9404457",
    "Name": "Taha Hussain, Sabri",
    "Fed": "YEM",
    "Sex": "M",
    "Title": "",
    "WTit": "",
    "OTit": "",
    "Rating": "2011",
    "Gms": "0",
    "K": "40",
    "RatingMonth": "SEP25",
    "B-day": "1980",
    "Flag": ""
  },
  {
    "ID Number": "9407197",
    "Name": "Talal Mohammed",
    "Fed": "YEM",
    "Sex": "M",
    "Title": "",
    "WTit": "",
    "OTit": "",
    "Rating": "2060",
    "Gms": "0",
    "K": "40",
    "RatingMonth": "SEP25",
    "B-day": "2000",
    "Flag": ""
  },
  {
    "ID Number": "9403051",
    "Name": "taleb al,ameri",
    "Fed": "YEM",
    "Sex": "M",
    "Title": "",
    "WTit": "",
    "OTit": "",
    "Rating": "1558",
    "Gms": "0",
    "K": "40",
    "RatingMonth": "SEP25",
    "B-day": "1952",
    "Flag": ""
  },
  {
    "ID Number": "9401148",
    "Name": "Wael, Abdulla",
    "Fed": "YEM",
    "Sex": "M",
    "Title": "",
    "WTit": "",
    "OTit": "",
    "Rating": "2097",
    "Gms": "0",
    "K": "40",
    "RatingMonth": "SEP25",
    "B-day": "0",
    "Flag": "i"
  },
  {
    "ID Number": "9400044",
    "Name": "Walid, R.M.",
    "Fed": "YEM",
    "Sex": "M",
    "Title": "",
    "WTit": "",
    "OTit": "",
    "Rating": "2108",
    "Gms": "0",
    "K": "40",
    "RatingMonth": "SEP25",
    "B-day": "0",
    "Flag": ""
  },
  {
    "ID Number": "9406450",
    "Name": "Yahya Aref, Al Qudaimi",
    "Fed": "YEM",
    "Sex": "M",
    "Title": "",
    "WTit": "",
    "OTit": "",
    "Rating": "1408",
    "Gms": "0",
    "K": "40",
    "RatingMonth": "SEP25",
    "B-day": "2005",
    "Flag": "i"
  },
  {
    "ID Number": "9400630",
    "Name": "Yahya, Ahmed",
    "Fed": "YEM",
    "Sex": "M",
    "Title": "",
    "WTit": "",
    "OTit": "",
    "Rating": "2054",
    "Gms": "0",
    "K": "40",
    "RatingMonth": "SEP25",
    "B-day": "0",
    "Flag": "i"
  },
  {
    "ID Number": "9402250",
    "Name": "Yaser Ali ,Wajih",
    "Fed": "YEM",
    "Sex": "M",
    "Title": "",
    "WTit": "",
    "OTit": "",
    "Rating": "1748",
    "Gms": "0",
    "K": "40",
    "RatingMonth": "SEP25",
    "B-day": "2003",
    "Flag": "i"
  },
  {
    "ID Number": "9402411",
    "Name": "Yaser Ali ,Waleed",
    "Fed": "YEM",
    "Sex": "M",
    "Title": "",
    "WTit": "",
    "OTit": "",
    "Rating": "1682",
    "Gms": "0",
    "K": "40",
    "RatingMonth": "SEP25",
    "B-day": "2004",
    "Flag": "i"
  },
  {
    "ID Number": "9405771",
    "Name": "Yaser Ali Al Areqi",
    "Fed": "YEM",
    "Sex": "M",
    "Title": "",
    "WTit": "",
    "OTit": "",
    "Rating": "1868",
    "Gms": "0",
    "K": "40",
    "RatingMonth": "SEP25",
    "B-day": "1971",
    "Flag": ""
  },
  {
    "ID Number": "9405534",
    "Name": "Zayd Lutfi Al-Mansori",
    "Fed": "YEM",
    "Sex": "M",
    "Title": "",
    "WTit": "",
    "OTit": "",
    "Rating": "1690",
    "Gms": "0",
    "K": "40",
    "RatingMonth": "SEP25",
    "B-day": "2004",
    "Flag": "i"
  }
]