[
  {
    "ID Number": "9403965"
  },
  {
    "ID Number": "9400753"
  },
  {
    "ID Number": "9403990"
  },
  {
    "ID Number": "9400095"
  },
  {
    "ID Number": "9403949"
  },
  {
    "ID Number": "9403906"
  },
  {
    "ID Number": "9400966"
  },
  {
    "ID Number": "9403485"
  },
  {
    "ID Number": "9400508"
  },
  {
    "ID Number": "9407200"
  },
  {
    "ID Number": "9407537"
  },
  {
    "ID Number": "9402225"
  },
  {
    "ID Number": "9404643"
  },
  {
    "ID Number": "9400877"
  },
  {
    "ID Number": "9407111"
  },
  {
    "ID Number": "9401717"
  },
  {
    "ID Number": "9402616"
  },
  {
    "ID Number": "9400052"
  },
  {
    "ID Number": "9400060"
  },
  {
    "ID Number": "9402713"
  },
  {
    "ID Number": "9404520"
  },
  {
    "ID Number": "9404040"
  },
  {
    "ID Number": "9400222"
  },
  {
    "ID Number": "9404058"
  },
  {
    "ID Number": "9400176"
  },
  {
    "ID Number": "9404090"
  },
  {
    "ID Number": "9404112"
  },
  {
    "ID Number": "9400516"
  },
  {
    "ID Number": "9401334"
  },
  {
    "ID Number": "9400141"
  },
  {
    "ID Number": "9402322"
  },
  {
    "ID Number": "9403876"
  },
  {
    "ID Number": "9401091"
  },
  {
    "ID Number": "9401342"
  },
  {
    "ID Number": "9403566"
  },
  {
    "ID Number": "9404147"
  },
  {
    "ID Number": "9402233"
  },
  {
    "ID Number": "9401270"
  },
  {
    "ID Number": "9400281"
  },
  {
    "ID Number": "9400346"
  },
  {
    "ID Number": "9401350"
  },
  {
    "ID Number": "9403736"
  },
  {
    "ID Number": "9400605"
  },
  {
    "ID Number": "9400290"
  },
  {
    "ID Number": "9400338"
  },
  {
    "ID Number": "9400435"
  },
  {
    "ID Number": "9402675"
  },
  {
    "ID Number": "9400273"
  },
  {
    "ID Number": "9400168"
  },
  {
    "ID Number": "9402241"
  },
  {
    "ID Number": "9400931"
  },
  {
    "ID Number": "9402772"
  },
  {
    "ID Number": "9402462"
  },
  {
    "ID Number": "9400940"
  },
  {
    "ID Number": "9400133"
  },
  {
    "ID Number": "9400249"
  },
  {
    "ID Number": "9404198"
  },
  {
    "ID Number": "9404201"
  },
  {
    "ID Number": "9400893"
  },
  {
    "ID Number": "9402128"
  },
  {
    "ID Number": "9405801"
  },
  {
    "ID Number": "9402209"
  },
  {
    "ID Number": "9400540"
  },
  {
    "ID Number": "9401407"
  },
  {
    "ID Number": "9400010"
  },
  {
    "ID Number": "9400559"
  },
  {
    "ID Number": "9402659"
  },
  {
    "ID Number": "9404821"
  },
  {
    "ID Number": "9407529"
  },
  {
    "ID Number": "9402918"
  },
  {
    "ID Number": "9405216"
  },
  {
    "ID Number": "9400117"
  },
  {
    "ID Number": "9404252"
  },
  {
    "ID Number": "9401628"
  },
  {
    "ID Number": "9401113"
  },
  {
    "ID Number": "9402268"
  },
  {
    "ID Number": "9407324"
  },
  {
    "ID Number": "9404317"
  },
  {
    "ID Number": "9403256"
  },
  {
    "ID Number": "9400125"
  },
  {
    "ID Number": "9400788"
  },
  {
    "ID Number": "9400303"
  },
  {
    "ID Number": "9400184"
  },
  {
    "ID Number": "9401652"
  },
  {
    "ID Number": "9400524"
  },
  {
    "ID Number": "9400532"
  },
  {
    "ID Number": "9400150"
  },
  {
    "ID Number": "9401440"
  },
  {
    "ID Number": "9400370"
  },
  {
    "ID Number": "9400575"
  },
  {
    "ID Number": "9401458"
  },
  {
    "ID Number": "9400028"
  },
  {
    "ID Number": "9406174"
  },
  {
    "ID Number": "9404341"
  },
  {
    "ID Number": "9402217"
  },
  {
    "ID Number": "9400567"
  },
  {
    "ID Number": "9405798"
  },
  {
    "ID Number": "9404627"
  },
  {
    "ID Number": "7600933"
  },
  {
    "ID Number": "9407561"
  },
  {
    "ID Number": "9400109"
  },
  {
    "ID Number": "9401474"
  },
  {
    "ID Number": "9400079"
  },
  {
    "ID Number": "9400796"
  },
  {
    "ID Number": "9405232"
  },
  {
    "ID Number": "9404600"
  },
  {
    "ID Number": "9404570"
  },
  {
    "ID Number": "9400591"
  },
  {
    "ID Number": "9401121"
  },
  {
    "ID Number": "9406069"
  },
  {
    "ID Number": "9405070"
  },
  {
    "ID Number": "9400311"
  },
  {
    "ID Number": "9404376"
  },
  {
    "ID Number": "9402900"
  },
  {
    "ID Number": "9407391"
  },
  {
    "ID Number": "9405780"
  },
  {
    "ID Number": "9407189"
  },
  {
    "ID Number": "9403108"
  },
  {
    "ID Number": "9404031"
  },
  {
    "ID Number": "9406425"
  },
  {
    "ID Number": "9400800"
  },
  {
    "ID Number": "9401520"
  },
  {
    "ID Number": "9400320"
  },
  {
    "ID Number": "9401539"
  },
  {
    "ID Number": "9406433"
  },
  {
    "ID Number": "9401547"
  },
  {
    "ID Number": "9403043"
  },
  {
    "ID Number": "9400389"
  },
  {
    "ID Number": "9404880"
  },
  {
    "ID Number": "9401555"
  },
  {
    "ID Number": "9401563"
  },
  {
    "ID Number": "9402330"
  },
  {
    "ID Number": "9403590"
  },
  {
    "ID Number": "9400354"
  },
  {
    "ID Number": "9404830"
  },
  {
    "ID Number": "9401580"
  },
  {
    "ID Number": "9404422"
  },
  {
    "ID Number": "9400087"
  },
  {
    "ID Number": "9400621"
  },
  {
    "ID Number": "9404635"
  },
  {
    "ID Number": "9404449"
  },
  {
    "ID Number": "9400362"
  },
  {
    "ID Number": "9401610"
  },
  {
    "ID Number": "9404457"
  },
  {
    "ID Number": "9407197"
  },
  {
    "ID Number": "9403051"
  },
  {
    "ID Number": "9401148"
  },
  {
    "ID Number": "9400044"
  },
  {
    "ID Number": "9406450"
  },
  {
    "ID Number": "9400630"
  },
  {
    "ID Number": "9402250"
  },
  {
    "ID Number": "9402411"
  },
  {
    "ID Number": "9405771"
  },
  {
    "ID Number": "9405534"
  }
]