[
  {
    "ID Number": "2520079"
  },
  {
    "ID Number": "2516330"
  },
  {
    "ID Number": "2503581"
  },
  {
    "ID Number": "2501805"
  },
  {
    "ID Number": "2537834"
  },
  {
    "ID Number": "2534509"
  },
  {
    "ID Number": "2511487"
  },
  {
    "ID Number": "2512831"
  },
  {
    "ID Number": "2504022"
  },
  {
    "ID Number": "2503069"
  },
  {
    "ID Number": "2513269"
  },
  {
    "ID Number": "457370"
  },
  {
    "ID Number": "2501147"
  },
  {
    "ID Number": "2511460"
  },
  {
    "ID Number": "2516411"
  },
  {
    "ID Number": "2514397"
  },
  {
    "ID Number": "2525011"
  },
  {
    "ID Number": "2503611"
  },
  {
    "ID Number": "2532379"
  },
  {
    "ID Number": "2534495"
  },
  {
    "ID Number": "2523531"
  },
  {
    "ID Number": "2505762"
  },
  {
    "ID Number": "2510251"
  },
  {
    "ID Number": "5206049"
  },
  {
    "ID Number": "2510340"
  },
  {
    "ID Number": "2502089"
  },
  {
    "ID Number": "2511983"
  },
  {
    "ID Number": "2524201"
  },
  {
    "ID Number": "2524210"
  },
  {
    "ID Number": "2504090"
  },
  {
    "ID Number": "2501430"
  },
  {
    "ID Number": "2512270"
  },
  {
    "ID Number": "2512750"
  },
  {
    "ID Number": "2500914"
  },
  {
    "ID Number": "2508672"
  },
  {
    "ID Number": "2508281"
  },
  {
    "ID Number": "2508290"
  },
  {
    "ID Number": "2507250"
  },
  {
    "ID Number": "2534991"
  },
  {
    "ID Number": "2524600"
  },
  {
    "ID Number": "2500442"
  },
  {
    "ID Number": "2518520"
  },
  {
    "ID Number": "2513838"
  },
  {
    "ID Number": "2508079"
  },
  {
    "ID Number": "2517604"
  },
  {
    "ID Number": "2509938"
  },
  {
    "ID Number": "2523019"
  },
  {
    "ID Number": "2500175"
  },
  {
    "ID Number": "2521580"
  },
  {
    "ID Number": "2507323"
  },
  {
    "ID Number": "2529190"
  },
  {
    "ID Number": "2523558"
  },
  {
    "ID Number": "2523353"
  },
  {
    "ID Number": "2507544"
  },
  {
    "ID Number": "2507552"
  },
  {
    "ID Number": "2501449"
  },
  {
    "ID Number": "2526476"
  },
  {
    "ID Number": "2513790"
  },
  {
    "ID Number": "2510901"
  },
  {
    "ID Number": "2501384"
  },
  {
    "ID Number": "2500604"
  },
  {
    "ID Number": "2501821"
  },
  {
    "ID Number": "2512572"
  },
  {
    "ID Number": "2527197"
  },
  {
    "ID Number": "2504103"
  },
  {
    "ID Number": "2503182"
  },
  {
    "ID Number": "2510472"
  },
  {
    "ID Number": "2531372"
  },
  {
    "ID Number": "33427020"
  },
  {
    "ID Number": "2535912"
  },
  {
    "ID Number": "2535920"
  },
  {
    "ID Number": "2512297"
  },
  {
    "ID Number": "2503204"
  },
  {
    "ID Number": "2518155"
  },
  {
    "ID Number": "2508621"
  },
  {
    "ID Number": "2507560"
  },
  {
    "ID Number": "2512505"
  },
  {
    "ID Number": "2505924"
  },
  {
    "ID Number": "2534100"
  },
  {
    "ID Number": "2504456"
  },
  {
    "ID Number": "2529734"
  },
  {
    "ID Number": "2533243"
  },
  {
    "ID Number": "2501830"
  },
  {
    "ID Number": "2531046"
  },
  {
    "ID Number": "2508028"
  },
  {
    "ID Number": "2500132"
  },
  {
    "ID Number": "2513714"
  },
  {
    "ID Number": "2534118"
  },
  {
    "ID Number": "2500124"
  },
  {
    "ID Number": "416525"
  },
  {
    "ID Number": "2518570"
  },
  {
    "ID Number": "2512823"
  },
  {
    "ID Number": "2523930"
  },
  {
    "ID Number": "2503174"
  },
  {
    "ID Number": "2511070"
  },
  {
    "ID Number": "2504111"
  },
  {
    "ID Number": "2521385"
  },
  {
    "ID Number": "2504499"
  },
  {
    "ID Number": "2528827"
  },
  {
    "ID Number": "2502011"
  },
  {
    "ID Number": "2531054"
  },
  {
    "ID Number": "2524457"
  },
  {
    "ID Number": "2512700"
  },
  {
    "ID Number": "2531062"
  },
  {
    "ID Number": "2505916"
  },
  {
    "ID Number": "2503239"
  },
  {
    "ID Number": "2502135"
  },
  {
    "ID Number": "2513560"
  },
  {
    "ID Number": "2505371"
  },
  {
    "ID Number": "2504510"
  },
  {
    "ID Number": "2516780"
  },
  {
    "ID Number": "2504278"
  },
  {
    "ID Number": "2501520"
  },
  {
    "ID Number": "2508303"
  },
  {
    "ID Number": "2502143"
  },
  {
    "ID Number": "2500582"
  },
  {
    "ID Number": "2502151"
  },
  {
    "ID Number": "2503654"
  },
  {
    "ID Number": "2522063"
  },
  {
    "ID Number": "2501538"
  },
  {
    "ID Number": "2506246"
  },
  {
    "ID Number": "2515504"
  },
  {
    "ID Number": "2503247"
  },
  {
    "ID Number": "2508788"
  },
  {
    "ID Number": "2510553"
  },
  {
    "ID Number": "2509792"
  },
  {
    "ID Number": "2508796"
  },
  {
    "ID Number": "2500922"
  },
  {
    "ID Number": "368180086"
  },
  {
    "ID Number": "2500884"
  },
  {
    "ID Number": "2505770"
  },
  {
    "ID Number": "2526190"
  },
  {
    "ID Number": "2518392"
  },
  {
    "ID Number": "1148184"
  },
  {
    "ID Number": "2518406"
  },
  {
    "ID Number": "2511720"
  },
  {
    "ID Number": "2503034"
  },
  {
    "ID Number": "2504120"
  },
  {
    "ID Number": "2513072"
  },
  {
    "ID Number": "2523000"
  },
  {
    "ID Number": "2527227"
  },
  {
    "ID Number": "2510243"
  },
  {
    "ID Number": "2500299"
  },
  {
    "ID Number": "2500213"
  },
  {
    "ID Number": "2507579"
  },
  {
    "ID Number": "2506548"
  },
  {
    "ID Number": "2502178"
  },
  {
    "ID Number": "2501848"
  },
  {
    "ID Number": "2502020"
  },
  {
    "ID Number": "2500191"
  },
  {
    "ID Number": "2507226"
  },
  {
    "ID Number": "2512068"
  },
  {
    "ID Number": "2522365"
  },
  {
    "ID Number": "2509725"
  },
  {
    "ID Number": "2514613"
  },
  {
    "ID Number": "2513617"
  },
  {
    "ID Number": "2533553"
  },
  {
    "ID Number": "2521814"
  },
  {
    "ID Number": "2522012"
  },
  {
    "ID Number": "2503620"
  },
  {
    "ID Number": "2505398"
  },
  {
    "ID Number": "2530600"
  },
  {
    "ID Number": "2528843"
  },
  {
    "ID Number": "2528851"
  },
  {
    "ID Number": "2505851"
  },
  {
    "ID Number": "2528304"
  },
  {
    "ID Number": "2502356"
  },
  {
    "ID Number": "2514818"
  },
  {
    "ID Number": "2505401"
  },
  {
    "ID Number": "2504537"
  },
  {
    "ID Number": "2518228"
  },
  {
    "ID Number": "2512300"
  },
  {
    "ID Number": "2501040"
  },
  {
    "ID Number": "2518996"
  },
  {
    "ID Number": "2502364"
  },
  {
    "ID Number": "2528860"
  },
  {
    "ID Number": "2501198"
  },
  {
    "ID Number": "2528878"
  },
  {
    "ID Number": "2524260"
  },
  {
    "ID Number": "2510111"
  },
  {
    "ID Number": "2507080"
  },
  {
    "ID Number": "2516799"
  },
  {
    "ID Number": "2532344"
  },
  {
    "ID Number": "2504545"
  },
  {
    "ID Number": "2504553"
  },
  {
    "ID Number": "2508320"
  },
  {
    "ID Number": "2507412"
  },
  {
    "ID Number": "2500388"
  },
  {
    "ID Number": "2508702"
  },
  {
    "ID Number": "2513668"
  },
  {
    "ID Number": "2512947"
  },
  {
    "ID Number": "368178551"
  },
  {
    "ID Number": "2512807"
  },
  {
    "ID Number": "2507420"
  },
  {
    "ID Number": "2506220"
  },
  {
    "ID Number": "2501686"
  },
  {
    "ID Number": "2512629"
  },
  {
    "ID Number": "2516977"
  },
  {
    "ID Number": "2504570"
  },
  {
    "ID Number": "2529750"
  },
  {
    "ID Number": "2504294"
  },
  {
    "ID Number": "2501600"
  },
  {
    "ID Number": "2516241"
  },
  {
    "ID Number": "2524279"
  },
  {
    "ID Number": "2502380"
  },
  {
    "ID Number": "2505940"
  },
  {
    "ID Number": "2521806"
  },
  {
    "ID Number": "2500116"
  },
  {
    "ID Number": "2502399"
  },
  {
    "ID Number": "2528312"
  },
  {
    "ID Number": "2503670"
  },
  {
    "ID Number": "2500973"
  },
  {
    "ID Number": "2531100"
  },
  {
    "ID Number": "2500370"
  },
  {
    "ID Number": "2527804"
  },
  {
    "ID Number": "2529513"
  },
  {
    "ID Number": "2512580"
  },
  {
    "ID Number": "2528789"
  },
  {
    "ID Number": "2521547"
  },
  {
    "ID Number": "2506033"
  },
  {
    "ID Number": "2504146"
  },
  {
    "ID Number": "2525780"
  },
  {
    "ID Number": "2511266"
  },
  {
    "ID Number": "2512084"
  },
  {
    "ID Number": "2533537"
  },
  {
    "ID Number": "2504600"
  },
  {
    "ID Number": "2500140"
  },
  {
    "ID Number": "2504618"
  },
  {
    "ID Number": "2519593"
  },
  {
    "ID Number": "2508184"
  },
  {
    "ID Number": "2500434"
  },
  {
    "ID Number": "2500841"
  },
  {
    "ID Number": "2503131"
  },
  {
    "ID Number": "2506149"
  },
  {
    "ID Number": "2506157"
  },
  {
    "ID Number": "2525348"
  },
  {
    "ID Number": "2536188"
  },
  {
    "ID Number": "2524724"
  },
  {
    "ID Number": "2512459"
  },
  {
    "ID Number": "2535025"
  },
  {
    "ID Number": "2534789"
  },
  {
    "ID Number": "2502062"
  },
  {
    "ID Number": "2504634"
  },
  {
    "ID Number": "2500345"
  },
  {
    "ID Number": "2500060"
  },
  {
    "ID Number": "2501570"
  },
  {
    "ID Number": "2502410"
  },
  {
    "ID Number": "2500094"
  },
  {
    "ID Number": "2502208"
  },
  {
    "ID Number": "2502437"
  },
  {
    "ID Number": "2506564"
  },
  {
    "ID Number": "2501058"
  },
  {
    "ID Number": "2509008"
  },
  {
    "ID Number": "2504073"
  },
  {
    "ID Number": "2507102"
  },
  {
    "ID Number": "2512645"
  },
  {
    "ID Number": "2517280"
  },
  {
    "ID Number": "2517299"
  },
  {
    "ID Number": "2520125"
  },
  {
    "ID Number": "2501422"
  },
  {
    "ID Number": "2511649"
  },
  {
    "ID Number": "2519038"
  },
  {
    "ID Number": "2505428"
  },
  {
    "ID Number": "2505754"
  },
  {
    "ID Number": "2517205"
  },
  {
    "ID Number": "2524740"
  },
  {
    "ID Number": "2540550"
  },
  {
    "ID Number": "2507200"
  },
  {
    "ID Number": "2502445"
  },
  {
    "ID Number": "2508826"
  },
  {
    "ID Number": "2527146"
  },
  {
    "ID Number": "2501236"
  },
  {
    "ID Number": "2517221"
  },
  {
    "ID Number": "2517230"
  },
  {
    "ID Number": "2528991"
  },
  {
    "ID Number": "601152"
  },
  {
    "ID Number": "456039"
  },
  {
    "ID Number": "2511967"
  },
  {
    "ID Number": "2515148"
  },
  {
    "ID Number": "2515873"
  },
  {
    "ID Number": "2520397"
  },
  {
    "ID Number": "2501295"
  },
  {
    "ID Number": "2508036"
  },
  {
    "ID Number": "2519615"
  },
  {
    "ID Number": "2500329"
  },
  {
    "ID Number": "2507919"
  },
  {
    "ID Number": "2500876"
  },
  {
    "ID Number": "2510219"
  },
  {
    "ID Number": "2502453"
  },
  {
    "ID Number": "2513080"
  },
  {
    "ID Number": "2500558"
  },
  {
    "ID Number": "2516063"
  },
  {
    "ID Number": "2525437"
  },
  {
    "ID Number": "2519046"
  },
  {
    "ID Number": "2522675"
  },
  {
    "ID Number": "2519623"
  },
  {
    "ID Number": "2516470"
  },
  {
    "ID Number": "2513501"
  },
  {
    "ID Number": "2502461"
  },
  {
    "ID Number": "2510561"
  },
  {
    "ID Number": "2529009"
  },
  {
    "ID Number": "2512637"
  },
  {
    "ID Number": "2501708"
  },
  {
    "ID Number": "2535343"
  },
  {
    "ID Number": "2528347"
  },
  {
    "ID Number": "2531933"
  },
  {
    "ID Number": "2501139"
  },
  {
    "ID Number": "2504707"
  },
  {
    "ID Number": "2508346"
  },
  {
    "ID Number": "2506289"
  },
  {
    "ID Number": "2502470"
  },
  {
    "ID Number": "2501996"
  },
  {
    "ID Number": "2504154"
  },
  {
    "ID Number": "2521679"
  },
  {
    "ID Number": "2507269"
  },
  {
    "ID Number": "2531402"
  },
  {
    "ID Number": "2508737"
  },
  {
    "ID Number": "2507927"
  },
  {
    "ID Number": "2517043"
  },
  {
    "ID Number": "2504715"
  },
  {
    "ID Number": "2521822"
  },
  {
    "ID Number": "2501732"
  },
  {
    "ID Number": "2532174"
  },
  {
    "ID Number": "2532182"
  },
  {
    "ID Number": "2523647"
  },
  {
    "ID Number": "2515695"
  },
  {
    "ID Number": "2512467"
  },
  {
    "ID Number": "2502496"
  },
  {
    "ID Number": "2525836"
  },
  {
    "ID Number": "2509016"
  },
  {
    "ID Number": "2506203"
  },
  {
    "ID Number": "2510448"
  },
  {
    "ID Number": "2505436"
  },
  {
    "ID Number": "2510570"
  },
  {
    "ID Number": "2510359"
  },
  {
    "ID Number": "2520087"
  },
  {
    "ID Number": "2517787"
  },
  {
    "ID Number": "2504758"
  },
  {
    "ID Number": "2519054"
  },
  {
    "ID Number": "2506297"
  },
  {
    "ID Number": "2509342"
  },
  {
    "ID Number": "2507781"
  },
  {
    "ID Number": "2518325"
  },
  {
    "ID Number": "2522020"
  },
  {
    "ID Number": "2510960"
  },
  {
    "ID Number": "2511177"
  },
  {
    "ID Number": "2511185"
  },
  {
    "ID Number": "2504766"
  },
  {
    "ID Number": "2502500"
  },
  {
    "ID Number": "2501350"
  },
  {
    "ID Number": "2504316"
  },
  {
    "ID Number": "2504774"
  },
  {
    "ID Number": "2505886"
  },
  {
    "ID Number": "2502518"
  },
  {
    "ID Number": "2501961"
  },
  {
    "ID Number": "2502526"
  },
  {
    "ID Number": "2523035"
  },
  {
    "ID Number": "2501716"
  },
  {
    "ID Number": "2509393"
  },
  {
    "ID Number": "2507803"
  },
  {
    "ID Number": "2511517"
  },
  {
    "ID Number": "2505444"
  },
  {
    "ID Number": "36090360"
  },
  {
    "ID Number": "2508044"
  },
  {
    "ID Number": "2505452"
  },
  {
    "ID Number": "2508230"
  },
  {
    "ID Number": "2512114"
  },
  {
    "ID Number": "2525453"
  },
  {
    "ID Number": "2500736"
  },
  {
    "ID Number": "2529602"
  },
  {
    "ID Number": "2501309"
  },
  {
    "ID Number": "2503301"
  },
  {
    "ID Number": "2519666"
  },
  {
    "ID Number": "2506319"
  },
  {
    "ID Number": "2535416"
  },
  {
    "ID Number": "2503310"
  },
  {
    "ID Number": "2503328"
  },
  {
    "ID Number": "2512556"
  },
  {
    "ID Number": "2507161"
  },
  {
    "ID Number": "2507943"
  },
  {
    "ID Number": "2501619"
  },
  {
    "ID Number": "2506645"
  },
  {
    "ID Number": "2521466"
  },
  {
    "ID Number": "2511592"
  },
  {
    "ID Number": "2517477"
  },
  {
    "ID Number": "2515024"
  },
  {
    "ID Number": "2516985"
  },
  {
    "ID Number": "2507838"
  },
  {
    "ID Number": "2509164"
  },
  {
    "ID Number": "12809780"
  },
  {
    "ID Number": "1202260"
  },
  {
    "ID Number": "2532263"
  },
  {
    "ID Number": "2525739"
  },
  {
    "ID Number": "2504790"
  },
  {
    "ID Number": "2520877"
  },
  {
    "ID Number": "2503336"
  },
  {
    "ID Number": "2501554"
  },
  {
    "ID Number": "2500531"
  },
  {
    "ID Number": "2500850"
  },
  {
    "ID Number": "2508613"
  },
  {
    "ID Number": "2502534"
  },
  {
    "ID Number": "2529807"
  },
  {
    "ID Number": "2520214"
  },
  {
    "ID Number": "2503085"
  },
  {
    "ID Number": "2515792"
  },
  {
    "ID Number": "2507846"
  },
  {
    "ID Number": "2501813"
  },
  {
    "ID Number": "2502542"
  },
  {
    "ID Number": "2520486"
  },
  {
    "ID Number": "2517027"
  },
  {
    "ID Number": "2524783"
  },
  {
    "ID Number": "1148290"
  },
  {
    "ID Number": "2514648"
  },
  {
    "ID Number": "2518309"
  },
  {
    "ID Number": "2509407"
  },
  {
    "ID Number": "2510855"
  },
  {
    "ID Number": "2509172"
  },
  {
    "ID Number": "2519690"
  },
  {
    "ID Number": "2516837"
  },
  {
    "ID Number": "2512920"
  },
  {
    "ID Number": "2525607"
  },
  {
    "ID Number": "2526514"
  },
  {
    "ID Number": "2508885"
  },
  {
    "ID Number": "2500540"
  },
  {
    "ID Number": "2520133"
  },
  {
    "ID Number": "2502054"
  },
  {
    "ID Number": "2529998"
  },
  {
    "ID Number": "2501767"
  },
  {
    "ID Number": "14115115"
  },
  {
    "ID Number": "2505681"
  },
  {
    "ID Number": "2505738"
  },
  {
    "ID Number": "2518058"
  },
  {
    "ID Number": "2515806"
  },
  {
    "ID Number": "2520508"
  },
  {
    "ID Number": "2510790"
  },
  {
    "ID Number": "2503727"
  },
  {
    "ID Number": "2505460"
  },
  {
    "ID Number": "2510502"
  },
  {
    "ID Number": "2511991"
  },
  {
    "ID Number": "2510588"
  },
  {
    "ID Number": "2505967"
  },
  {
    "ID Number": "2510235"
  },
  {
    "ID Number": "2502550"
  },
  {
    "ID Number": "2502232"
  },
  {
    "ID Number": "2509415"
  },
  {
    "ID Number": "2509334"
  },
  {
    "ID Number": "2500256"
  },
  {
    "ID Number": "2525178"
  },
  {
    "ID Number": "2501341"
  },
  {
    "ID Number": "2513196"
  },
  {
    "ID Number": "2511924"
  },
  {
    "ID Number": "2525186"
  },
  {
    "ID Number": "2511525"
  },
  {
    "ID Number": "2533081"
  },
  {
    "ID Number": "2524449"
  },
  {
    "ID Number": "2507595"
  },
  {
    "ID Number": "2502569"
  },
  {
    "ID Number": "2511290"
  },
  {
    "ID Number": "2500361"
  },
  {
    "ID Number": "2500965"
  },
  {
    "ID Number": "2501635"
  },
  {
    "ID Number": "2504057"
  },
  {
    "ID Number": "2503018"
  },
  {
    "ID Number": "2502577"
  },
  {
    "ID Number": "2500990"
  },
  {
    "ID Number": "2503344"
  },
  {
    "ID Number": "2500027"
  },
  {
    "ID Number": "2508192"
  },
  {
    "ID Number": "2529343"
  },
  {
    "ID Number": "2528908"
  },
  {
    "ID Number": "2522039"
  },
  {
    "ID Number": "2508630"
  },
  {
    "ID Number": "2507153"
  },
  {
    "ID Number": "2506351"
  },
  {
    "ID Number": "2508486"
  },
  {
    "ID Number": "2513846"
  },
  {
    "ID Number": "2533545"
  },
  {
    "ID Number": "2504839"
  },
  {
    "ID Number": "2525356"
  },
  {
    "ID Number": "2535068"
  },
  {
    "ID Number": "2504847"
  },
  {
    "ID Number": "2515059"
  },
  {
    "ID Number": "2526310"
  },
  {
    "ID Number": "2519747"
  },
  {
    "ID Number": "2505355"
  },
  {
    "ID Number": "2509989"
  },
  {
    "ID Number": "2504855"
  },
  {
    "ID Number": "2525879"
  },
  {
    "ID Number": "2528665"
  },
  {
    "ID Number": "2046105"
  },
  {
    "ID Number": "2505690"
  },
  {
    "ID Number": "2525496"
  },
  {
    "ID Number": "2521695"
  },
  {
    "ID Number": "2509431"
  },
  {
    "ID Number": "2508362"
  },
  {
    "ID Number": "2500906"
  },
  {
    "ID Number": "14189208"
  },
  {
    "ID Number": "2509644"
  },
  {
    "ID Number": "2500205"
  },
  {
    "ID Number": "2514311"
  },
  {
    "ID Number": "2529203"
  },
  {
    "ID Number": "2503360"
  },
  {
    "ID Number": "2502585"
  },
  {
    "ID Number": "2504871"
  },
  {
    "ID Number": "2502593"
  },
  {
    "ID Number": "2528398"
  },
  {
    "ID Number": "2530759"
  },
  {
    "ID Number": "2511282"
  },
  {
    "ID Number": "2511703"
  },
  {
    "ID Number": "2501376"
  },
  {
    "ID Number": "343111919"
  },
  {
    "ID Number": "2525461"
  },
  {
    "ID Number": "2507188"
  },
  {
    "ID Number": "628859"
  },
  {
    "ID Number": "2519763"
  },
  {
    "ID Number": "2509032"
  },
  {
    "ID Number": "2504081"
  },
  {
    "ID Number": "2502607"
  },
  {
    "ID Number": "2513994"
  },
  {
    "ID Number": "2514222"
  },
  {
    "ID Number": "2534681"
  },
  {
    "ID Number": "2510324"
  },
  {
    "ID Number": "2532417"
  },
  {
    "ID Number": "2513200"
  },
  {
    "ID Number": "2500655"
  },
  {
    "ID Number": "2528720"
  },
  {
    "ID Number": "2505975"
  },
  {
    "ID Number": "2501007"
  },
  {
    "ID Number": "2505894"
  },
  {
    "ID Number": "2510600"
  },
  {
    "ID Number": "2517418"
  },
  {
    "ID Number": "2512718"
  },
  {
    "ID Number": "45004714"
  },
  {
    "ID Number": "45004722"
  },
  {
    "ID Number": "716030"
  },
  {
    "ID Number": "2523973"
  },
  {
    "ID Number": "2518171"
  },
  {
    "ID Number": "24290670"
  },
  {
    "ID Number": "2510006"
  },
  {
    "ID Number": "2529033"
  },
  {
    "ID Number": "2531259"
  },
  {
    "ID Number": "2510618"
  },
  {
    "ID Number": "2505746"
  },
  {
    "ID Number": "2502615"
  },
  {
    "ID Number": "2508559"
  },
  {
    "ID Number": "2509121"
  },
  {
    "ID Number": "2509369"
  },
  {
    "ID Number": "2516853"
  },
  {
    "ID Number": "2513986"
  },
  {
    "ID Number": "2510286"
  },
  {
    "ID Number": "2509733"
  },
  {
    "ID Number": "2518333"
  },
  {
    "ID Number": "2500795"
  },
  {
    "ID Number": "2513218"
  },
  {
    "ID Number": "2518945"
  },
  {
    "ID Number": "2525364"
  },
  {
    "ID Number": "2536412"
  },
  {
    "ID Number": "2509377"
  },
  {
    "ID Number": "2529530"
  },
  {
    "ID Number": "2507951"
  },
  {
    "ID Number": "2517140"
  },
  {
    "ID Number": "2532425"
  },
  {
    "ID Number": "2528924"
  },
  {
    "ID Number": "2506726"
  },
  {
    "ID Number": "2510456"
  },
  {
    "ID Number": "2501120"
  },
  {
    "ID Number": "2530058"
  },
  {
    "ID Number": "2500752"
  },
  {
    "ID Number": "2509440"
  },
  {
    "ID Number": "2500264"
  },
  {
    "ID Number": "2524813"
  },
  {
    "ID Number": "2531453"
  },
  {
    "ID Number": "2500019"
  },
  {
    "ID Number": "2534398"
  },
  {
    "ID Number": "2518848"
  },
  {
    "ID Number": "2511975"
  },
  {
    "ID Number": "2503921"
  },
  {
    "ID Number": "66800323"
  },
  {
    "ID Number": "2500949"
  },
  {
    "ID Number": "2512670"
  },
  {
    "ID Number": "2503379"
  },
  {
    "ID Number": "2508389"
  },
  {
    "ID Number": "2510278"
  },
  {
    "ID Number": "2512025"
  },
  {
    "ID Number": "2533502"
  },
  {
    "ID Number": "2528428"
  },
  {
    "ID Number": "2510405"
  },
  {
    "ID Number": "2500566"
  },
  {
    "ID Number": "2524163"
  },
  {
    "ID Number": "2534347"
  },
  {
    "ID Number": "2529050"
  },
  {
    "ID Number": "2509261"
  },
  {
    "ID Number": "2529360"
  },
  {
    "ID Number": "2520575"
  },
  {
    "ID Number": "2504901"
  },
  {
    "ID Number": "2511673"
  },
  {
    "ID Number": "2525917"
  },
  {
    "ID Number": "2502631"
  },
  {
    "ID Number": "14162261"
  },
  {
    "ID Number": "2523264"
  },
  {
    "ID Number": "2524848"
  },
  {
    "ID Number": "368179924"
  },
  {
    "ID Number": "2502640"
  },
  {
    "ID Number": "2502240"
  },
  {
    "ID Number": "2520583"
  },
  {
    "ID Number": "2532433"
  },
  {
    "ID Number": "2513323"
  },
  {
    "ID Number": "2508052"
  },
  {
    "ID Number": "2511762"
  },
  {
    "ID Number": "2503883"
  },
  {
    "ID Number": "2528630"
  },
  {
    "ID Number": "2513510"
  },
  {
    "ID Number": "2508524"
  },
  {
    "ID Number": "2520222"
  },
  {
    "ID Number": "2511193"
  },
  {
    "ID Number": "2513102"
  },
  {
    "ID Number": "2506777"
  },
  {
    "ID Number": "2523086"
  },
  {
    "ID Number": "2519844"
  },
  {
    "ID Number": "2514656"
  },
  {
    "ID Number": "2517191"
  },
  {
    "ID Number": "2513110"
  },
  {
    "ID Number": "2519852"
  },
  {
    "ID Number": "2512726"
  },
  {
    "ID Number": "21801088"
  },
  {
    "ID Number": "2518767"
  },
  {
    "ID Number": "2518198"
  },
  {
    "ID Number": "2509873"
  },
  {
    "ID Number": "2501562"
  },
  {
    "ID Number": "2500159"
  },
  {
    "ID Number": "2504952"
  },
  {
    "ID Number": "2501597"
  },
  {
    "ID Number": "2518066"
  },
  {
    "ID Number": "2504006"
  },
  {
    "ID Number": "2500183"
  },
  {
    "ID Number": "2518074"
  },
  {
    "ID Number": "2529629"
  },
  {
    "ID Number": "2519135"
  },
  {
    "ID Number": "2504189"
  },
  {
    "ID Number": "2501252"
  },
  {
    "ID Number": "2500698"
  },
  {
    "ID Number": "2519143"
  },
  {
    "ID Number": "2532840"
  },
  {
    "ID Number": "2502682"
  },
  {
    "ID Number": "2500647"
  },
  {
    "ID Number": "2514338"
  },
  {
    "ID Number": "2508478"
  },
  {
    "ID Number": "2516357"
  },
  {
    "ID Number": "2503000"
  },
  {
    "ID Number": "2532018"
  },
  {
    "ID Number": "2520257"
  },
  {
    "ID Number": "2509563"
  },
  {
    "ID Number": "2501279"
  },
  {
    "ID Number": "2502690"
  },
  {
    "ID Number": "3600289"
  },
  {
    "ID Number": "2504960"
  },
  {
    "ID Number": "2513676"
  },
  {
    "ID Number": "2511533"
  },
  {
    "ID Number": "2535971"
  },
  {
    "ID Number": "2523027"
  },
  {
    "ID Number": "2507625"
  },
  {
    "ID Number": "2507633"
  },
  {
    "ID Number": "2510529"
  },
  {
    "ID Number": "2535564"
  },
  {
    "ID Number": "2519178"
  },
  {
    "ID Number": "2519879"
  },
  {
    "ID Number": "2520621"
  },
  {
    "ID Number": "2506815"
  },
  {
    "ID Number": "2526875"
  },
  {
    "ID Number": "2504340"
  },
  {
    "ID Number": "2525526"
  },
  {
    "ID Number": "2505797"
  },
  {
    "ID Number": "2520168"
  },
  {
    "ID Number": "14138611"
  },
  {
    "ID Number": "2511401"
  },
  {
    "ID Number": "2527103"
  },
  {
    "ID Number": "2524856"
  },
  {
    "ID Number": "2509881"
  },
  {
    "ID Number": "2508893"
  },
  {
    "ID Number": "2536145"
  },
  {
    "ID Number": "2513234"
  },
  {
    "ID Number": "2500760"
  },
  {
    "ID Number": "2503891"
  },
  {
    "ID Number": "2510049"
  },
  {
    "ID Number": "2511541"
  },
  {
    "ID Number": "2500248"
  },
  {
    "ID Number": "2507340"
  },
  {
    "ID Number": "2506823"
  },
  {
    "ID Number": "2500930"
  },
  {
    "ID Number": "2501864"
  },
  {
    "ID Number": "2500710"
  },
  {
    "ID Number": "2518449"
  },
  {
    "ID Number": "2514915"
  },
  {
    "ID Number": "2533197"
  },
  {
    "ID Number": "2504995"
  },
  {
    "ID Number": "2511045"
  },
  {
    "ID Number": "2516292"
  },
  {
    "ID Number": "2517361"
  },
  {
    "ID Number": "2519194"
  },
  {
    "ID Number": "2527111"
  },
  {
    "ID Number": "2521067"
  },
  {
    "ID Number": "2522233"
  },
  {
    "ID Number": "2500787"
  },
  {
    "ID Number": "2507277"
  },
  {
    "ID Number": "2510154"
  },
  {
    "ID Number": "2507463"
  },
  {
    "ID Number": "2523400"
  },
  {
    "ID Number": "2505002"
  },
  {
    "ID Number": "2502712"
  },
  {
    "ID Number": "2520290"
  },
  {
    "ID Number": "2510375"
  },
  {
    "ID Number": "2513242"
  },
  {
    "ID Number": "2516888"
  },
  {
    "ID Number": "2521717"
  },
  {
    "ID Number": "2508753"
  },
  {
    "ID Number": "2502720"
  },
  {
    "ID Number": "2505029"
  },
  {
    "ID Number": "2532956"
  },
  {
    "ID Number": "2506866"
  },
  {
    "ID Number": "2519895"
  },
  {
    "ID Number": "2507315"
  },
  {
    "ID Number": "2500507"
  },
  {
    "ID Number": "2525097"
  },
  {
    "ID Number": "2525100"
  },
  {
    "ID Number": "2505495"
  },
  {
    "ID Number": "2524350"
  },
  {
    "ID Number": "2513820"
  },
  {
    "ID Number": "2511827"
  },
  {
    "ID Number": "2508605"
  },
  {
    "ID Number": "2511347"
  },
  {
    "ID Number": "2508648"
  },
  {
    "ID Number": "2501287"
  },
  {
    "ID Number": "2513340"
  },
  {
    "ID Number": "470791"
  },
  {
    "ID Number": "2523795"
  },
  {
    "ID Number": "2523485"
  },
  {
    "ID Number": "2504197"
  },
  {
    "ID Number": "2508400"
  },
  {
    "ID Number": "2507960"
  },
  {
    "ID Number": "2507870"
  },
  {
    "ID Number": "2526816"
  },
  {
    "ID Number": "2500477"
  },
  {
    "ID Number": "2501163"
  },
  {
    "ID Number": "2503395"
  },
  {
    "ID Number": "2505037"
  },
  {
    "ID Number": "2506394"
  },
  {
    "ID Number": "2501317"
  },
  {
    "ID Number": "2502739"
  },
  {
    "ID Number": "2501481"
  },
  {
    "ID Number": "2526522"
  },
  {
    "ID Number": "343421962"
  },
  {
    "ID Number": "2506408"
  },
  {
    "ID Number": "2501503"
  },
  {
    "ID Number": "2519216"
  },
  {
    "ID Number": "2524031"
  },
  {
    "ID Number": "2509571"
  },
  {
    "ID Number": "2509580"
  },
  {
    "ID Number": "2519224"
  },
  {
    "ID Number": "841790"
  },
  {
    "ID Number": "2520761"
  },
  {
    "ID Number": "2501775"
  },
  {
    "ID Number": "2501627"
  },
  {
    "ID Number": "2510804"
  },
  {
    "ID Number": "2502755"
  },
  {
    "ID Number": "2505509"
  },
  {
    "ID Number": "2502275"
  },
  {
    "ID Number": "2518910"
  },
  {
    "ID Number": "2511479"
  },
  {
    "ID Number": "2507480"
  },
  {
    "ID Number": "2516594"
  },
  {
    "ID Number": "2534924"
  },
  {
    "ID Number": "2504219"
  },
  {
    "ID Number": "2503999"
  },
  {
    "ID Number": "2503093"
  },
  {
    "ID Number": "2502763"
  },
  {
    "ID Number": "2505070"
  },
  {
    "ID Number": "2528754"
  },
  {
    "ID Number": "10206558"
  },
  {
    "ID Number": "2511207"
  },
  {
    "ID Number": "2528940"
  },
  {
    "ID Number": "2504227"
  },
  {
    "ID Number": "2527081"
  },
  {
    "ID Number": "2528762"
  },
  {
    "ID Number": "2527294"
  },
  {
    "ID Number": "2502780"
  },
  {
    "ID Number": "2507110"
  },
  {
    "ID Number": "2510294"
  },
  {
    "ID Number": "2511100"
  },
  {
    "ID Number": "2527308"
  },
  {
    "ID Number": "2501872"
  },
  {
    "ID Number": "2505983"
  },
  {
    "ID Number": "2514486"
  },
  {
    "ID Number": "2516365"
  },
  {
    "ID Number": "2524368"
  },
  {
    "ID Number": "2506084"
  },
  {
    "ID Number": "2513137"
  },
  {
    "ID Number": "2513145"
  },
  {
    "ID Number": "2500230"
  },
  {
    "ID Number": "2512254"
  },
  {
    "ID Number": "2517426"
  },
  {
    "ID Number": "2500663"
  },
  {
    "ID Number": "2500728"
  },
  {
    "ID Number": "2528703"
  },
  {
    "ID Number": "2514290"
  },
  {
    "ID Number": "2528800"
  },
  {
    "ID Number": "2507498"
  },
  {
    "ID Number": "2515598"
  },
  {
    "ID Number": "2507889"
  },
  {
    "ID Number": "33391998"
  },
  {
    "ID Number": "2503760"
  },
  {
    "ID Number": "2500957"
  },
  {
    "ID Number": "2503603"
  },
  {
    "ID Number": "2509458"
  },
  {
    "ID Number": "2522250"
  },
  {
    "ID Number": "2084309"
  },
  {
    "ID Number": "2510499"
  },
  {
    "ID Number": "421669"
  },
  {
    "ID Number": "2501783"
  },
  {
    "ID Number": "2521989"
  },
  {
    "ID Number": "2511835"
  },
  {
    "ID Number": "2518465"
  },
  {
    "ID Number": "2506092"
  },
  {
    "ID Number": "2511614"
  },
  {
    "ID Number": "2503778"
  },
  {
    "ID Number": "2512742"
  },
  {
    "ID Number": "2512963"
  },
  {
    "ID Number": "2501511"
  },
  {
    "ID Number": "2512734"
  },
  {
    "ID Number": "2501490"
  },
  {
    "ID Number": "2500221"
  },
  {
    "ID Number": "2508958"
  },
  {
    "ID Number": "2501473"
  },
  {
    "ID Number": "2507501"
  },
  {
    "ID Number": "2505533"
  },
  {
    "ID Number": "2533103"
  },
  {
    "ID Number": "2536307"
  },
  {
    "ID Number": "2509199"
  },
  {
    "ID Number": "2532727"
  },
  {
    "ID Number": "2510170"
  },
  {
    "ID Number": "2502801"
  },
  {
    "ID Number": "2511304"
  },
  {
    "ID Number": "2520320"
  },
  {
    "ID Number": "2512041"
  },
  {
    "ID Number": "2505819"
  },
  {
    "ID Number": "2508460"
  },
  {
    "ID Number": "2505665"
  },
  {
    "ID Number": "2516896"
  },
  {
    "ID Number": "2501724"
  },
  {
    "ID Number": "2516624"
  },
  {
    "ID Number": "2524465"
  },
  {
    "ID Number": "2506424"
  },
  {
    "ID Number": "404500"
  },
  {
    "ID Number": "2512980"
  },
  {
    "ID Number": "2509466"
  },
  {
    "ID Number": "2510260"
  },
  {
    "ID Number": "2502828"
  },
  {
    "ID Number": "2503417"
  },
  {
    "ID Number": "2506912"
  },
  {
    "ID Number": "2503930"
  },
  {
    "ID Number": "2503786"
  },
  {
    "ID Number": "2501945"
  },
  {
    "ID Number": "14511584"
  },
  {
    "ID Number": "2525950"
  },
  {
    "ID Number": "2509059"
  },
  {
    "ID Number": "2526883"
  },
  {
    "ID Number": "2512165"
  },
  {
    "ID Number": "415375"
  },
  {
    "ID Number": "2512157"
  },
  {
    "ID Number": "2507382"
  },
  {
    "ID Number": "2510197"
  },
  {
    "ID Number": "2500620"
  },
  {
    "ID Number": "2500493"
  },
  {
    "ID Number": "2501112"
  },
  {
    "ID Number": "2500868"
  },
  {
    "ID Number": "2501899"
  },
  {
    "ID Number": "2501155"
  },
  {
    "ID Number": "2501023"
  },
  {
    "ID Number": "2501902"
  },
  {
    "ID Number": "2501325"
  },
  {
    "ID Number": "2518813"
  },
  {
    "ID Number": "2524473"
  },
  {
    "ID Number": "2523825"
  },
  {
    "ID Number": "2526530"
  },
  {
    "ID Number": "368105180"
  },
  {
    "ID Number": "2531330"
  },
  {
    "ID Number": "2521997"
  },
  {
    "ID Number": "2500035"
  },
  {
    "ID Number": "2501791"
  },
  {
    "ID Number": "2522110"
  },
  {
    "ID Number": "2519941"
  },
  {
    "ID Number": "2502836"
  },
  {
    "ID Number": "2505096"
  },
  {
    "ID Number": "2525372"
  },
  {
    "ID Number": "2524899"
  },
  {
    "ID Number": "2503433"
  },
  {
    "ID Number": "2509652"
  },
  {
    "ID Number": "2502844"
  },
  {
    "ID Number": "2502038"
  },
  {
    "ID Number": "2503948"
  },
  {
    "ID Number": "2507072"
  },
  {
    "ID Number": "2503107"
  },
  {
    "ID Number": "2526905"
  },
  {
    "ID Number": "2507170"
  },
  {
    "ID Number": "2516640"
  },
  {
    "ID Number": "2502852"
  },
  {
    "ID Number": "2505860"
  },
  {
    "ID Number": "2516659"
  },
  {
    "ID Number": "2500515"
  },
  {
    "ID Number": "2507676"
  },
  {
    "ID Number": "2525798"
  },
  {
    "ID Number": "2516667"
  },
  {
    "ID Number": "2501740"
  },
  {
    "ID Number": "2530155"
  },
  {
    "ID Number": "2518473"
  },
  {
    "ID Number": "2534690"
  },
  {
    "ID Number": "2514249"
  },
  {
    "ID Number": "2512530"
  },
  {
    "ID Number": "2511797"
  },
  {
    "ID Number": "2504243"
  },
  {
    "ID Number": "2503956"
  },
  {
    "ID Number": "2501880"
  },
  {
    "ID Number": "2505550"
  },
  {
    "ID Number": "2506440"
  },
  {
    "ID Number": "2500272"
  },
  {
    "ID Number": "2514923"
  },
  {
    "ID Number": "2502283"
  },
  {
    "ID Number": "2502291"
  },
  {
    "ID Number": "2505118"
  },
  {
    "ID Number": "2508214"
  },
  {
    "ID Number": "2509601"
  },
  {
    "ID Number": "2508249"
  },
  {
    "ID Number": "2505568"
  },
  {
    "ID Number": "2511410"
  },
  {
    "ID Number": "2509890"
  },
  {
    "ID Number": "2505126"
  },
  {
    "ID Number": "2509482"
  },
  {
    "ID Number": "2531356"
  },
  {
    "ID Number": "2509490"
  },
  {
    "ID Number": "2511118"
  },
  {
    "ID Number": "2505584"
  },
  {
    "ID Number": "2506190"
  },
  {
    "ID Number": "2505134"
  },
  {
    "ID Number": "2505843"
  },
  {
    "ID Number": "2518953"
  },
  {
    "ID Number": "2517370"
  },
  {
    "ID Number": "2528533"
  },
  {
    "ID Number": "2507692"
  },
  {
    "ID Number": "2511550"
  },
  {
    "ID Number": "2504367"
  },
  {
    "ID Number": "2525976"
  },
  {
    "ID Number": "2512769"
  },
  {
    "ID Number": "2517540"
  },
  {
    "ID Number": "2510596"
  },
  {
    "ID Number": "2513463"
  },
  {
    "ID Number": "2506963"
  },
  {
    "ID Number": "2521300"
  },
  {
    "ID Number": "2500639"
  },
  {
    "ID Number": "2505142"
  },
  {
    "ID Number": "2511568"
  },
  {
    "ID Number": "2512386"
  },
  {
    "ID Number": "2526409"
  },
  {
    "ID Number": "2518082"
  },
  {
    "ID Number": "2504375"
  },
  {
    "ID Number": "2509512"
  },
  {
    "ID Number": "2500280"
  },
  {
    "ID Number": "2512882"
  },
  {
    "ID Number": "29982847"
  },
  {
    "ID Number": "2531607"
  },
  {
    "ID Number": "2512564"
  },
  {
    "ID Number": "2501910"
  },
  {
    "ID Number": "2500043"
  },
  {
    "ID Number": "2511576"
  },
  {
    "ID Number": "2505150"
  },
  {
    "ID Number": "2534860"
  },
  {
    "ID Number": "2506971"
  },
  {
    "ID Number": "2509520"
  },
  {
    "ID Number": "2523434"
  },
  {
    "ID Number": "2528134"
  },
  {
    "ID Number": "2506980"
  },
  {
    "ID Number": "2516675"
  },
  {
    "ID Number": "2503468"
  },
  {
    "ID Number": "2511428"
  },
  {
    "ID Number": "34160388"
  },
  {
    "ID Number": "2501180"
  },
  {
    "ID Number": "32083483"
  },
  {
    "ID Number": "24537233"
  },
  {
    "ID Number": "24537225"
  },
  {
    "ID Number": "24511951"
  },
  {
    "ID Number": "2508427"
  },
  {
    "ID Number": "2508435"
  },
  {
    "ID Number": "2510774"
  },
  {
    "ID Number": "2509903"
  },
  {
    "ID Number": "2502992"
  },
  {
    "ID Number": "2521083"
  },
  {
    "ID Number": "2511754"
  },
  {
    "ID Number": "2514931"
  },
  {
    "ID Number": "2533774"
  },
  {
    "ID Number": "2520265"
  },
  {
    "ID Number": "2536420"
  },
  {
    "ID Number": "2535386"
  },
  {
    "ID Number": "2524481"
  },
  {
    "ID Number": "2513471"
  },
  {
    "ID Number": "14546604"
  },
  {
    "ID Number": "14546612"
  },
  {
    "ID Number": "2521520"
  },
  {
    "ID Number": "14557517"
  },
  {
    "ID Number": "2510464"
  },
  {
    "ID Number": "2505177"
  },
  {
    "ID Number": "2505606"
  },
  {
    "ID Number": "2500817"
  },
  {
    "ID Number": "2535394"
  },
  {
    "ID Number": "2501333"
  },
  {
    "ID Number": "2500450"
  },
  {
    "ID Number": "2503832"
  },
  {
    "ID Number": "2501643"
  },
  {
    "ID Number": "2527766"
  },
  {
    "ID Number": "2513650"
  },
  {
    "ID Number": "2503840"
  },
  {
    "ID Number": "2531526"
  },
  {
    "ID Number": "2514664"
  },
  {
    "ID Number": "2527120"
  },
  {
    "ID Number": "2513528"
  },
  {
    "ID Number": "2534738"
  },
  {
    "ID Number": "2515270"
  },
  {
    "ID Number": "2513358"
  },
  {
    "ID Number": "2505614"
  },
  {
    "ID Number": "2505622"
  },
  {
    "ID Number": "2532069"
  },
  {
    "ID Number": "2500051"
  },
  {
    "ID Number": "66800315"
  },
  {
    "ID Number": "2526425"
  },
  {
    "ID Number": "2504383"
  },
  {
    "ID Number": "2531275"
  },
  {
    "ID Number": "2505185"
  },
  {
    "ID Number": "2511142"
  },
  {
    "ID Number": "2517558"
  },
  {
    "ID Number": "2503484"
  },
  {
    "ID Number": "2509911"
  },
  {
    "ID Number": "2520923"
  },
  {
    "ID Number": "2518961"
  },
  {
    "ID Number": "2515679"
  },
  {
    "ID Number": "2507030"
  },
  {
    "ID Number": "368178515"
  },
  {
    "ID Number": "2512793"
  },
  {
    "ID Number": "2520338"
  },
  {
    "ID Number": "2512483"
  },
  {
    "ID Number": "2501392"
  },
  {
    "ID Number": "2537486"
  },
  {
    "ID Number": "2532140"
  },
  {
    "ID Number": "2511150"
  },
  {
    "ID Number": "2529696"
  },
  {
    "ID Number": "2505207"
  },
  {
    "ID Number": "2501074"
  },
  {
    "ID Number": "2523507"
  },
  {
    "ID Number": "2503492"
  },
  {
    "ID Number": "2529661"
  },
  {
    "ID Number": "2532999"
  },
  {
    "ID Number": "2505215"
  },
  {
    "ID Number": "2511860"
  },
  {
    "ID Number": "2528967"
  },
  {
    "ID Number": "2505223"
  },
  {
    "ID Number": "2527812"
  },
  {
    "ID Number": "2521865"
  },
  {
    "ID Number": "2521601"
  },
  {
    "ID Number": "2503506"
  },
  {
    "ID Number": "2514729"
  },
  {
    "ID Number": "2509318"
  },
  {
    "ID Number": "2533901"
  },
  {
    "ID Number": "2502925"
  },
  {
    "ID Number": "2512173"
  },
  {
    "ID Number": "2511690"
  },
  {
    "ID Number": "2535661"
  },
  {
    "ID Number": "2524953"
  },
  {
    "ID Number": "2503972"
  },
  {
    "ID Number": "2500426"
  },
  {
    "ID Number": "2516705"
  },
  {
    "ID Number": "2505231"
  },
  {
    "ID Number": "2529254"
  },
  {
    "ID Number": "2510995"
  },
  {
    "ID Number": "2503026"
  },
  {
    "ID Number": "2535734"
  },
  {
    "ID Number": "2526018"
  },
  {
    "ID Number": "34147885"
  },
  {
    "ID Number": "15600211"
  },
  {
    "ID Number": "2501988"
  },
  {
    "ID Number": "2523159"
  },
  {
    "ID Number": "2517990"
  },
  {
    "ID Number": "2519992"
  },
  {
    "ID Number": "2526573"
  },
  {
    "ID Number": "2518090"
  },
  {
    "ID Number": "2520702"
  },
  {
    "ID Number": "2511231"
  },
  {
    "ID Number": "2511240"
  },
  {
    "ID Number": "2507528"
  },
  {
    "ID Number": "2507900"
  },
  {
    "ID Number": "2501104"
  },
  {
    "ID Number": "2502933"
  },
  {
    "ID Number": "2500574"
  },
  {
    "ID Number": "2516713"
  },
  {
    "ID Number": "2501406"
  },
  {
    "ID Number": "2504405"
  },
  {
    "ID Number": "2507986"
  },
  {
    "ID Number": "2504413"
  },
  {
    "ID Number": "2527588"
  },
  {
    "ID Number": "2510626"
  },
  {
    "ID Number": "2523329"
  },
  {
    "ID Number": "2525283"
  },
  {
    "ID Number": "2534665"
  },
  {
    "ID Number": "2516926"
  },
  {
    "ID Number": "2516284"
  },
  {
    "ID Number": "2513048"
  },
  {
    "ID Number": "2506459"
  },
  {
    "ID Number": "2507536"
  },
  {
    "ID Number": "2517850"
  },
  {
    "ID Number": "2507994"
  },
  {
    "ID Number": "2513366"
  },
  {
    "ID Number": "2522276"
  },
  {
    "ID Number": "2505240"
  },
  {
    "ID Number": "2528975"
  },
  {
    "ID Number": "2505258"
  },
  {
    "ID Number": "2524961"
  },
  {
    "ID Number": "2527790"
  },
  {
    "ID Number": "2536439"
  },
  {
    "ID Number": "2500108"
  },
  {
    "ID Number": "2509539"
  },
  {
    "ID Number": "2508656"
  },
  {
    "ID Number": "2529564"
  },
  {
    "ID Number": "2515709"
  },
  {
    "ID Number": "2512653"
  },
  {
    "ID Number": "2518589"
  },
  {
    "ID Number": "2516721"
  },
  {
    "ID Number": "2508583"
  },
  {
    "ID Number": "2511444"
  },
  {
    "ID Number": "2535157"
  },
  {
    "ID Number": "2500833"
  },
  {
    "ID Number": "2501929"
  },
  {
    "ID Number": "2501589"
  },
  {
    "ID Number": "2503522"
  },
  {
    "ID Number": "2528045"
  },
  {
    "ID Number": "2518368"
  },
  {
    "ID Number": "11611383"
  },
  {
    "ID Number": "2513765"
  },
  {
    "ID Number": "2526050"
  },
  {
    "ID Number": "2513536"
  },
  {
    "ID Number": "2502941"
  },
  {
    "ID Number": "2505266"
  },
  {
    "ID Number": "2516748"
  },
  {
    "ID Number": "2502330"
  },
  {
    "ID Number": "2530929"
  },
  {
    "ID Number": "2529793"
  },
  {
    "ID Number": "2503530"
  },
  {
    "ID Number": "2520818"
  },
  {
    "ID Number": "2500779"
  },
  {
    "ID Number": "2506130"
  },
  {
    "ID Number": "2513633"
  },
  {
    "ID Number": "2501660"
  },
  {
    "ID Number": "2524970"
  },
  {
    "ID Number": "2527839"
  },
  {
    "ID Number": "2518597"
  },
  {
    "ID Number": "2529246"
  },
  {
    "ID Number": "2503549"
  },
  {
    "ID Number": "2520826"
  },
  {
    "ID Number": "2508761"
  },
  {
    "ID Number": "2536030"
  },
  {
    "ID Number": "2511452"
  },
  {
    "ID Number": "2505630"
  },
  {
    "ID Number": "2516390"
  },
  {
    "ID Number": "2535688"
  },
  {
    "ID Number": "2518600"
  },
  {
    "ID Number": "2518376"
  },
  {
    "ID Number": "2520605"
  },
  {
    "ID Number": "2508664"
  },
  {
    "ID Number": "2510227"
  },
  {
    "ID Number": "2523523"
  },
  {
    "ID Number": "2500680"
  },
  {
    "ID Number": "651081709"
  },
  {
    "ID Number": "2506475"
  },
  {
    "ID Number": "2501937"
  },
  {
    "ID Number": "2529572"
  },
  {
    "ID Number": "2501171"
  },
  {
    "ID Number": "2521571"
  },
  {
    "ID Number": "2504251"
  },
  {
    "ID Number": "2522926"
  },
  {
    "ID Number": "2530228"
  },
  {
    "ID Number": "2512602"
  },
  {
    "ID Number": "2516942"
  },
  {
    "ID Number": "2518147"
  },
  {
    "ID Number": "2517388"
  },
  {
    "ID Number": "2517396"
  },
  {
    "ID Number": "2516195"
  },
  {
    "ID Number": "2507749"
  },
  {
    "ID Number": "2501244"
  },
  {
    "ID Number": "2507307"
  },
  {
    "ID Number": "2506483"
  },
  {
    "ID Number": "2503867"
  },
  {
    "ID Number": "2500892"
  },
  {
    "ID Number": "2510391"
  },
  {
    "ID Number": "2503875"
  },
  {
    "ID Number": "2503565"
  },
  {
    "ID Number": "2535408"
  },
  {
    "ID Number": "2501260"
  },
  {
    "ID Number": "2526921"
  },
  {
    "ID Number": "2505320"
  },
  {
    "ID Number": "2511320"
  },
  {
    "ID Number": "2512890"
  },
  {
    "ID Number": "2513480"
  },
  {
    "ID Number": "2528215"
  },
  {
    "ID Number": "2508257"
  },
  {
    "ID Number": "2500523"
  },
  {
    "ID Number": "2510910"
  },
  {
    "ID Number": "2517302"
  },
  {
    "ID Number": "2513404"
  },
  {
    "ID Number": "2501090"
  },
  {
    "ID Number": "2513960"
  },
  {
    "ID Number": "2504448"
  },
  {
    "ID Number": "2520800"
  },
  {
    "ID Number": "2515300"
  },
  {
    "ID Number": "2500809"
  },
  {
    "ID Number": "2509229"
  },
  {
    "ID Number": "2520354"
  },
  {
    "ID Number": "2502348"
  },
  {
    "ID Number": "2520362"
  },
  {
    "ID Number": "2536226"
  },
  {
    "ID Number": "2526930"
  },
  {
    "ID Number": "2518929"
  },
  {
    "ID Number": "2528223"
  },
  {
    "ID Number": "2530945"
  },
  {
    "ID Number": "2520060"
  },
  {
    "ID Number": "2502976"
  },
  {
    "ID Number": "2514524"
  },
  {
    "ID Number": "2505347"
  },
  {
    "ID Number": "2518201"
  },
  {
    "ID Number": "2518384"
  },
  {
    "ID Number": "2518783"
  },
  {
    "ID Number": "2534894"
  },
  {
    "ID Number": "2519496"
  },
  {
    "ID Number": "2531232"
  },
  {
    "ID Number": "2533235"
  },
  {
    "ID Number": "2505657"
  },
  {
    "ID Number": "2520230"
  },
  {
    "ID Number": "2528606"
  },
  {
    "ID Number": "2531585"
  },
  {
    "ID Number": "2525429"
  },
  {
    "ID Number": "2511959"
  },
  {
    "ID Number": "2526077"
  },
  {
    "ID Number": "2524996"
  },
  {
    "ID Number": "2525003"
  }
]