[
  {
    "ID Number": "22106642",
    "Name": "Abazi, Adil",
    "Fed": "KOS",
    "Sex": "M",
    "Title": "",
    "WTit": "",
    "OTit": "",
    "Rating": "1719",
    "Gms": "0",
    "K": "40",
    "RatingMonth": "SEP25",
    "B-day": "1994",
    "Flag": "i"
  },
  {
    "ID Number": "908274",
    "Name": "Ademi, Sami",
    "Fed": "KOS",
    "Sex": "M",
    "Title": "",
    "WTit": "",
    "OTit": "",
    "Rating": "2100",
    "Gms": "0",
    "K": "20",
    "RatingMonth": "SEP25",
    "B-day": "1963",
    "Flag": ""
  },
  {
    "ID Number": "22106111",
    "Name": "Agjija, Momin",
    "Fed": "KOS",
    "Sex": "M",
    "Title": "",
    "WTit": "",
    "OTit": "",
    "Rating": "1611",
    "Gms": "0",
    "K": "40",
    "RatingMonth": "SEP25",
    "B-day": "1953",
    "Flag": "i"
  },
  {
    "ID Number": "3623297",
    "Name": "Ahmed, Deda",
    "Fed": "KOS",
    "Sex": "M",
    "Title": "",
    "WTit": "",
    "OTit": "",
    "Rating": "1953",
    "Gms": "0",
    "K": "40",
    "RatingMonth": "SEP25",
    "B-day": "1995",
    "Flag": "i"
  },
  {
    "ID Number": "22105859",
    "Name": "Ahmeti, Shkelzim",
    "Fed": "KOS",
    "Sex": "M",
    "Title": "",
    "WTit": "",
    "OTit": "",
    "Rating": "1774",
    "Gms": "0",
    "K": "40",
    "RatingMonth": "SEP25",
    "B-day": "1993",
    "Flag": "i"
  },
  {
    "ID Number": "22100890",
    "Name": "Ajroni, Albert",
    "Fed": "KOS",
    "Sex": "M",
    "Title": "",
    "WTit": "",
    "OTit": "",
    "Rating": "1907",
    "Gms": "0",
    "K": "40",
    "RatingMonth": "SEP25",
    "B-day": "1963",
    "Flag": ""
  },
  {
    "ID Number": "22100407",
    "Name": "Ajvazi, Laberion",
    "Fed": "KOS",
    "Sex": "M",
    "Title": "",
    "WTit": "",
    "OTit": "",
    "Rating": "2118",
    "Gms": "0",
    "K": "20",
    "RatingMonth": "SEP25",
    "B-day": "2000",
    "Flag": ""
  },
  {
    "ID Number": "909122",
    "Name": "Ajvazi, Ramadan",
    "Fed": "KOS",
    "Sex": "M",
    "Title": "",
    "WTit": "",
    "OTit": "",
    "Rating": "2124",
    "Gms": "0",
    "K": "20",
    "RatingMonth": "SEP25",
    "B-day": "1957",
    "Flag": "i"
  },
  {
    "ID Number": "22101527",
    "Name": "Alidema, Ismet",
    "Fed": "KOS",
    "Sex": "M",
    "Title": "",
    "WTit": "",
    "OTit": "",
    "Rating": "1893",
    "Gms": "0",
    "K": "20",
    "RatingMonth": "SEP25",
    "B-day": "1960",
    "Flag": ""
  },
  {
    "ID Number": "939609",
    "Name": "Alishani, Ibrahim",
    "Fed": "KOS",
    "Sex": "M",
    "Title": "",
    "WTit": "",
    "OTit": "",
    "Rating": "2082",
    "Gms": "0",
    "K": "20",
    "RatingMonth": "SEP25",
    "B-day": "1972",
    "Flag": ""
  },
  {
    "ID Number": "22101667",
    "Name": "Aliti, Rrahman",
    "Fed": "KOS",
    "Sex": "M",
    "Title": "",
    "WTit": "",
    "OTit": "",
    "Rating": "1946",
    "Gms": "0",
    "K": "20",
    "RatingMonth": "SEP25",
    "B-day": "1956",
    "Flag": ""
  },
  {
    "ID Number": "22101292",
    "Name": "Aliu, Arlinda",
    "Fed": "KOS",
    "Sex": "F",
    "Title": "",
    "WTit": "",
    "OTit": "",
    "Rating": "1748",
    "Gms": "0",
    "K": "20",
    "RatingMonth": "SEP25",
    "B-day": "1998",
    "Flag": "w"
  },
  {
    "ID Number": "4701917",
    "Name": "Aliu, Besnik",
    "Fed": "KOS",
    "Sex": "M",
    "Title": "",
    "WTit": "",
    "OTit": "",
    "Rating": "1976",
    "Gms": "0",
    "K": "20",
    "RatingMonth": "SEP25",
    "B-day": "1965",
    "Flag": ""
  },
  {
    "ID Number": "906581",
    "Name": "Asani, Adem",
    "Fed": "KOS",
    "Sex": "M",
    "Title": "",
    "WTit": "",
    "OTit": "",
    "Rating": "1991",
    "Gms": "0",
    "K": "20",
    "RatingMonth": "SEP25",
    "B-day": "1965",
    "Flag": "i"
  },
  {
    "ID Number": "4701674",
    "Name": "Asllani, Ibrahim",
    "Fed": "KOS",
    "Sex": "M",
    "Title": "",
    "WTit": "",
    "OTit": "",
    "Rating": "2022",
    "Gms": "0",
    "K": "20",
    "RatingMonth": "SEP25",
    "B-day": "1973",
    "Flag": "i"
  },
  {
    "ID Number": "22100300",
    "Name": "Asllani, Muhamet",
    "Fed": "KOS",
    "Sex": "M",
    "Title": "CM",
    "WTit": "",
    "OTit": "",
    "Rating": "2251",
    "Gms": "0",
    "K": "20",
    "RatingMonth": "SEP25",
    "B-day": "2000",
    "Flag": ""
  },
  {
    "ID Number": "22103708",
    "Name": "Avdija, Azem",
    "Fed": "KOS",
    "Sex": "M",
    "Title": "",
    "WTit": "",
    "OTit": "",
    "Rating": "1746",
    "Gms": "0",
    "K": "20",
    "RatingMonth": "SEP25",
    "B-day": "1959",
    "Flag": "i"
  },
  {
    "ID Number": "937550",
    "Name": "Avdiu, Arben",
    "Fed": "KOS",
    "Sex": "M",
    "Title": "",
    "WTit": "",
    "OTit": "",
    "Rating": "2084",
    "Gms": "0",
    "K": "20",
    "RatingMonth": "SEP25",
    "B-day": "1982",
    "Flag": "i"
  },
  {
    "ID Number": "22105735",
    "Name": "Avdiu, Bardh",
    "Fed": "KOS",
    "Sex": "M",
    "Title": "",
    "WTit": "",
    "OTit": "",
    "Rating": "2103",
    "Gms": "0",
    "K": "20",
    "RatingMonth": "SEP25",
    "B-day": "2003",
    "Flag": ""
  },
  {
    "ID Number": "4700813",
    "Name": "Avdiu, Nysret",
    "Fed": "KOS",
    "Sex": "M",
    "Title": "",
    "WTit": "",
    "OTit": "",
    "Rating": "1885",
    "Gms": "0",
    "K": "40",
    "RatingMonth": "SEP25",
    "B-day": "1955",
    "Flag": ""
  },
  {
    "ID Number": "933465",
    "Name": "Bahtijari, Bashkim",
    "Fed": "KOS",
    "Sex": "M",
    "Title": "",
    "WTit": "",
    "OTit": "",
    "Rating": "2077",
    "Gms": "0",
    "K": "20",
    "RatingMonth": "SEP25",
    "B-day": "1956",
    "Flag": ""
  },
  {
    "ID Number": "3600114",
    "Name": "Bahtiri, Sabri",
    "Fed": "KOS",
    "Sex": "M",
    "Title": "",
    "WTit": "",
    "OTit": "",
    "Rating": "2067",
    "Gms": "0",
    "K": "40",
    "RatingMonth": "SEP25",
    "B-day": "1969",
    "Flag": "i"
  },
  {
    "ID Number": "1307711",
    "Name": "Bajraktari, Perparim",
    "Fed": "KOS",
    "Sex": "M",
    "Title": "",
    "WTit": "",
    "OTit": "",
    "Rating": "2110",
    "Gms": "0",
    "K": "20",
    "RatingMonth": "SEP25",
    "B-day": "1974",
    "Flag": ""
  },
  {
    "ID Number": "4702506",
    "Name": "Bardhi, Valmor",
    "Fed": "KOS",
    "Sex": "M",
    "Title": "",
    "WTit": "",
    "OTit": "",
    "Rating": "AIM",
    "Gms": "2124",
    "K": "0",
    "RatingMonth": "SEP25",
    "B-day": "1976",
    "Flag": ""
  },
  {
    "ID Number": "22106812",
    "Name": "Basha, Lir",
    "Fed": "KOS",
    "Sex": "M",
    "Title": "",
    "WTit": "",
    "OTit": "",
    "Rating": "2005",
    "Gms": "0",
    "K": "40",
    "RatingMonth": "SEP25",
    "B-day": "2010",
    "Flag": ""
  },
  {
    "ID Number": "22100814",
    "Name": "Basha, Sedat",
    "Fed": "KOS",
    "Sex": "M",
    "Title": "",
    "WTit": "",
    "OTit": "",
    "Rating": "2063",
    "Gms": "0",
    "K": "20",
    "RatingMonth": "SEP25",
    "B-day": "1965",
    "Flag": ""
  },
  {
    "ID Number": "22100504",
    "Name": "Bashota, Ekrem",
    "Fed": "KOS",
    "Sex": "M",
    "Title": "",
    "WTit": "",
    "OTit": "",
    "Rating": "1966",
    "Gms": "0",
    "K": "20",
    "RatingMonth": "SEP25",
    "B-day": "1974",
    "Flag": "i"
  },
  {
    "ID Number": "22100369",
    "Name": "Behrami, Liridon",
    "Fed": "KOS",
    "Sex": "M",
    "Title": "",
    "WTit": "",
    "OTit": "",
    "Rating": "1876",
    "Gms": "0",
    "K": "40",
    "RatingMonth": "SEP25",
    "B-day": "1996",
    "Flag": ""
  },
  {
    "ID Number": "22101276",
    "Name": "Bejta, Aladin",
    "Fed": "KOS",
    "Sex": "M",
    "Title": "",
    "WTit": "",
    "OTit": "",
    "Rating": "1765",
    "Gms": "0",
    "K": "20",
    "RatingMonth": "SEP25",
    "B-day": "1964",
    "Flag": ""
  },
  {
    "ID Number": "22100458",
    "Name": "Bellanica, Afrim",
    "Fed": "KOS",
    "Sex": "M",
    "Title": "",
    "WTit": "",
    "OTit": "",
    "Rating": "1894",
    "Gms": "0",
    "K": "20",
    "RatingMonth": "SEP25",
    "B-day": "1965",
    "Flag": ""
  },
  {
    "ID Number": "22101160",
    "Name": "Beqa, Naim",
    "Fed": "KOS",
    "Sex": "M",
    "Title": "",
    "WTit": "",
    "OTit": "",
    "Rating": "2003",
    "Gms": "0",
    "K": "40",
    "RatingMonth": "SEP25",
    "B-day": "1972",
    "Flag": ""
  },
  {
    "ID Number": "22102426",
    "Name": "Berbatovci, Arsim",
    "Fed": "KOS",
    "Sex": "M",
    "Title": "",
    "WTit": "",
    "OTit": "",
    "Rating": "1809",
    "Gms": "0",
    "K": "40",
    "RatingMonth": "SEP25",
    "B-day": "1962",
    "Flag": "i"
  },
  {
    "ID Number": "22103155",
    "Name": "Berisha, Agon",
    "Fed": "KOS",
    "Sex": "M",
    "Title": "",
    "WTit": "",
    "OTit": "",
    "Rating": "1983",
    "Gms": "0",
    "K": "40",
    "RatingMonth": "SEP25",
    "B-day": "1995",
    "Flag": ""
  },
  {
    "ID Number": "22100970",
    "Name": "Berisha, Besim",
    "Fed": "KOS",
    "Sex": "M",
    "Title": "",
    "WTit": "",
    "OTit": "",
    "Rating": "1910",
    "Gms": "0",
    "K": "20",
    "RatingMonth": "SEP25",
    "B-day": "1969",
    "Flag": ""
  },
  {
    "ID Number": "4702492",
    "Name": "Berisha, Besnik",
    "Fed": "KOS",
    "Sex": "M",
    "Title": "",
    "WTit": "IA",
    "OTit": "",
    "Rating": "1976",
    "Gms": "0",
    "K": "40",
    "RatingMonth": "SEP25",
    "B-day": "1963",
    "Flag": "i"
  },
  {
    "ID Number": "3600122",
    "Name": "Berisha, Enver",
    "Fed": "KOS",
    "Sex": "M",
    "Title": "FM",
    "WTit": "",
    "OTit": "",
    "Rating": "2021",
    "Gms": "0",
    "K": "20",
    "RatingMonth": "SEP25",
    "B-day": "1953",
    "Flag": ""
  },
  {
    "ID Number": "22102965",
    "Name": "Berisha, Ilir",
    "Fed": "KOS",
    "Sex": "M",
    "Title": "",
    "WTit": "",
    "OTit": "",
    "Rating": "1759",
    "Gms": "0",
    "K": "40",
    "RatingMonth": "SEP25",
    "B-day": "1983",
    "Flag": "i"
  },
  {
    "ID Number": "22103180",
    "Name": "Berisha, Leutrim",
    "Fed": "KOS",
    "Sex": "M",
    "Title": "",
    "WTit": "",
    "OTit": "",
    "Rating": "1863",
    "Gms": "0",
    "K": "40",
    "RatingMonth": "SEP25",
    "B-day": "1990",
    "Flag": "i"
  },
  {
    "ID Number": "22104208",
    "Name": "Berisha, Muharrem",
    "Fed": "KOS",
    "Sex": "M",
    "Title": "",
    "WTit": "",
    "OTit": "",
    "Rating": "1859",
    "Gms": "0",
    "K": "40",
    "RatingMonth": "SEP25",
    "B-day": "1991",
    "Flag": "i"
  },
  {
    "ID Number": "22102108",
    "Name": "Berisha, Skender",
    "Fed": "KOS",
    "Sex": "M",
    "Title": "",
    "WTit": "",
    "OTit": "",
    "Rating": "1952",
    "Gms": "0",
    "K": "40",
    "RatingMonth": "SEP25",
    "B-day": "1962",
    "Flag": "i"
  },
  {
    "ID Number": "22103821",
    "Name": "Berisha, Xhafer",
    "Fed": "KOS",
    "Sex": "M",
    "Title": "",
    "WTit": "",
    "OTit": "",
    "Rating": "1647",
    "Gms": "1",
    "K": "20",
    "RatingMonth": "SEP25",
    "B-day": "1975",
    "Flag": ""
  },
  {
    "ID Number": "22104844",
    "Name": "Bilalli, Dursim",
    "Fed": "KOS",
    "Sex": "M",
    "Title": "",
    "WTit": "",
    "OTit": "",
    "Rating": "1946",
    "Gms": "0",
    "K": "40",
    "RatingMonth": "SEP25",
    "B-day": "1979",
    "Flag": "i"
  },
  {
    "ID Number": "22101608",
    "Name": "Bimbashi, Hamze",
    "Fed": "KOS",
    "Sex": "M",
    "Title": "",
    "WTit": "",
    "OTit": "",
    "Rating": "1942",
    "Gms": "0",
    "K": "20",
    "RatingMonth": "SEP25",
    "B-day": "1952",
    "Flag": ""
  },
  {
    "ID Number": "1305310",
    "Name": "Blakaj, Alush",
    "Fed": "KOS",
    "Sex": "M",
    "Title": "",
    "WTit": "",
    "OTit": "",
    "Rating": "1965",
    "Gms": "1",
    "K": "20",
    "RatingMonth": "SEP25",
    "B-day": "1955",
    "Flag": ""
  },
  {
    "ID Number": "3600220",
    "Name": "Blakaj, Muhamet",
    "Fed": "KOS",
    "Sex": "M",
    "Title": "",
    "WTit": "",
    "OTit": "",
    "Rating": "2120",
    "Gms": "0",
    "K": "40",
    "RatingMonth": "SEP25",
    "B-day": "1969",
    "Flag": "i"
  },
  {
    "ID Number": "22104216",
    "Name": "Blakaj, Vullnet",
    "Fed": "KOS",
    "Sex": "M",
    "Title": "",
    "WTit": "",
    "OTit": "",
    "Rating": "1992",
    "Gms": "0",
    "K": "40",
    "RatingMonth": "SEP25",
    "B-day": "1991",
    "Flag": "i"
  },
  {
    "ID Number": "22105867",
    "Name": "Blakqori, Murat",
    "Fed": "KOS",
    "Sex": "M",
    "Title": "",
    "WTit": "",
    "OTit": "",
    "Rating": "1897",
    "Gms": "0",
    "K": "20",
    "RatingMonth": "SEP25",
    "B-day": "1989",
    "Flag": "i"
  },
  {
    "ID Number": "22101535",
    "Name": "Bllaca, Leonard",
    "Fed": "KOS",
    "Sex": "M",
    "Title": "",
    "WTit": "",
    "OTit": "",
    "Rating": "1686",
    "Gms": "0",
    "K": "40",
    "RatingMonth": "SEP25",
    "B-day": "2000",
    "Flag": "i"
  },
  {
    "ID Number": "22105328",
    "Name": "Boshnjakaj, Hysen",
    "Fed": "KOS",
    "Sex": "M",
    "Title": "",
    "WTit": "",
    "OTit": "",
    "Rating": "1837",
    "Gms": "0",
    "K": "20",
    "RatingMonth": "SEP25",
    "B-day": "1953",
    "Flag": ""
  },
  {
    "ID Number": "22106227",
    "Name": "Bublica, Gentrit",
    "Fed": "KOS",
    "Sex": "M",
    "Title": "",
    "WTit": "",
    "OTit": "",
    "Rating": "1660",
    "Gms": "0",
    "K": "40",
    "RatingMonth": "SEP25",
    "B-day": "1997",
    "Flag": "i"
  },
  {
    "ID Number": "3612236",
    "Name": "Budima, Armend",
    "Fed": "KOS",
    "Sex": "M",
    "Title": "CM",
    "WTit": "",
    "OTit": "",
    "Rating": "2169",
    "Gms": "0",
    "K": "20",
    "RatingMonth": "SEP25",
    "B-day": "1969",
    "Flag": ""
  },
  {
    "ID Number": "22100024",
    "Name": "Bujupi, Albert",
    "Fed": "KOS",
    "Sex": "M",
    "Title": "",
    "WTit": "",
    "OTit": "",
    "Rating": "2049",
    "Gms": "0",
    "K": "20",
    "RatingMonth": "SEP25",
    "B-day": "1988",
    "Flag": ""
  },
  {
    "ID Number": "910236",
    "Name": "Bujupi, Bajram",
    "Fed": "KOS",
    "Sex": "M",
    "Title": "",
    "WTit": "",
    "OTit": "",
    "Rating": "2251",
    "Gms": "0",
    "K": "20",
    "RatingMonth": "SEP25",
    "B-day": "1957",
    "Flag": "i"
  },
  {
    "ID Number": "372390",
    "Name": "Bujupi, Fatmir",
    "Fed": "KOS",
    "Sex": "M",
    "Title": "",
    "WTit": "",
    "OTit": "",
    "Rating": "2016",
    "Gms": "0",
    "K": "20",
    "RatingMonth": "SEP25",
    "B-day": "1953",
    "Flag": ""
  },
  {
    "ID Number": "22106650",
    "Name": "Bujupi, Leon",
    "Fed": "KOS",
    "Sex": "M",
    "Title": "",
    "WTit": "",
    "OTit": "",
    "Rating": "1672",
    "Gms": "0",
    "K": "40",
    "RatingMonth": "SEP25",
    "B-day": "1998",
    "Flag": "i"
  },
  {
    "ID Number": "22105611",
    "Name": "Buqaj, Hysni",
    "Fed": "KOS",
    "Sex": "M",
    "Title": "",
    "WTit": "",
    "OTit": "",
    "Rating": "1438",
    "Gms": "0",
    "K": "40",
    "RatingMonth": "SEP25",
    "B-day": "1961",
    "Flag": "i"
  },
  {
    "ID Number": "22106340",
    "Name": "Buzhala, Jakob",
    "Fed": "KOS",
    "Sex": "M",
    "Title": "",
    "WTit": "",
    "OTit": "",
    "Rating": "1618",
    "Gms": "0",
    "K": "40",
    "RatingMonth": "SEP25",
    "B-day": "2012",
    "Flag": ""
  },
  {
    "ID Number": "22104690",
    "Name": "Bytyci, Isa",
    "Fed": "KOS",
    "Sex": "M",
    "Title": "",
    "WTit": "",
    "OTit": "",
    "Rating": "1833",
    "Gms": "0",
    "K": "40",
    "RatingMonth": "SEP25",
    "B-day": "1955",
    "Flag": ""
  },
  {
    "ID Number": "22109145",
    "Name": "Bytyci, Ramadan",
    "Fed": "KOS",
    "Sex": "M",
    "Title": "",
    "WTit": "",
    "OTit": "",
    "Rating": "2121",
    "Gms": "0",
    "K": "40",
    "RatingMonth": "SEP25",
    "B-day": "1974",
    "Flag": ""
  },
  {
    "ID Number": "4702220",
    "Name": "Bytyqi, Arben",
    "Fed": "KOS",
    "Sex": "M",
    "Title": "",
    "WTit": "",
    "OTit": "",
    "Rating": "1855",
    "Gms": "0",
    "K": "20",
    "RatingMonth": "SEP25",
    "B-day": "1977",
    "Flag": ""
  },
  {
    "ID Number": "927503",
    "Name": "Bytyqi, Gzim",
    "Fed": "KOS",
    "Sex": "M",
    "Title": "",
    "WTit": "",
    "OTit": "",
    "Rating": "1718",
    "Gms": "0",
    "K": "20",
    "RatingMonth": "SEP25",
    "B-day": "1957",
    "Flag": ""
  },
  {
    "ID Number": "22103716",
    "Name": "Canolli, Asllan",
    "Fed": "KOS",
    "Sex": "M",
    "Title": "",
    "WTit": "",
    "OTit": "",
    "Rating": "1569",
    "Gms": "0",
    "K": "20",
    "RatingMonth": "SEP25",
    "B-day": "1963",
    "Flag": ""
  },
  {
    "ID Number": "22100962",
    "Name": "Carani, Blerim",
    "Fed": "KOS",
    "Sex": "M",
    "Title": "",
    "WTit": "",
    "OTit": "",
    "Rating": "2147",
    "Gms": "0",
    "K": "40",
    "RatingMonth": "SEP25",
    "B-day": "1973",
    "Flag": "i"
  },
  {
    "ID Number": "22106219",
    "Name": "Cena, Myhedin",
    "Fed": "KOS",
    "Sex": "M",
    "Title": "",
    "WTit": "",
    "OTit": "",
    "Rating": "1684",
    "Gms": "0",
    "K": "40",
    "RatingMonth": "SEP25",
    "B-day": "2003",
    "Flag": "i"
  },
  {
    "ID Number": "22102973",
    "Name": "Cerkini, Adem",
    "Fed": "KOS",
    "Sex": "M",
    "Title": "",
    "WTit": "",
    "OTit": "",
    "Rating": "1896",
    "Gms": "0",
    "K": "40",
    "RatingMonth": "SEP25",
    "B-day": "1981",
    "Flag": "i"
  },
  {
    "ID Number": "22100946",
    "Name": "Cerkini, Jeton",
    "Fed": "KOS",
    "Sex": "M",
    "Title": "",
    "WTit": "",
    "OTit": "",
    "Rating": "1970",
    "Gms": "0",
    "K": "20",
    "RatingMonth": "SEP25",
    "B-day": "1984",
    "Flag": ""
  },
  {
    "ID Number": "22101837",
    "Name": "Cetta, Ujkan",
    "Fed": "KOS",
    "Sex": "M",
    "Title": "",
    "WTit": "",
    "OTit": "",
    "Rating": "2044",
    "Gms": "0",
    "K": "20",
    "RatingMonth": "SEP25",
    "B-day": "1973",
    "Flag": ""
  },
  {
    "ID Number": "22100059",
    "Name": "Deda, Dede",
    "Fed": "KOS",
    "Sex": "M",
    "Title": "",
    "WTit": "",
    "OTit": "",
    "Rating": "1857",
    "Gms": "0",
    "K": "40",
    "RatingMonth": "SEP25",
    "B-day": "1968",
    "Flag": ""
  },
  {
    "ID Number": "22100849",
    "Name": "Demiri, Ramiz",
    "Fed": "KOS",
    "Sex": "M",
    "Title": "",
    "WTit": "",
    "OTit": "",
    "Rating": "1923",
    "Gms": "0",
    "K": "20",
    "RatingMonth": "SEP25",
    "B-day": "1963",
    "Flag": "i"
  },
  {
    "ID Number": "22100229",
    "Name": "Demolli, Muhamet",
    "Fed": "KOS",
    "Sex": "M",
    "Title": "",
    "WTit": "",
    "OTit": "",
    "Rating": "1946",
    "Gms": "0",
    "K": "40",
    "RatingMonth": "SEP25",
    "B-day": "1988",
    "Flag": "i"
  },
  {
    "ID Number": "22107940",
    "Name": "Destani, Gojart",
    "Fed": "KOS",
    "Sex": "M",
    "Title": "",
    "WTit": "",
    "OTit": "",
    "Rating": "1641",
    "Gms": "0",
    "K": "40",
    "RatingMonth": "SEP25",
    "B-day": "2000",
    "Flag": "i"
  },
  {
    "ID Number": "22100148",
    "Name": "Dilji, Emell",
    "Fed": "KOS",
    "Sex": "M",
    "Title": "",
    "WTit": "",
    "OTit": "",
    "Rating": "1866",
    "Gms": "0",
    "K": "20",
    "RatingMonth": "SEP25",
    "B-day": "1998",
    "Flag": ""
  },
  {
    "ID Number": "22102442",
    "Name": "Dobra, Gani",
    "Fed": "KOS",
    "Sex": "M",
    "Title": "",
    "WTit": "",
    "OTit": "",
    "Rating": "1855",
    "Gms": "0",
    "K": "40",
    "RatingMonth": "SEP25",
    "B-day": "1971",
    "Flag": "i"
  },
  {
    "ID Number": "22102825",
    "Name": "Dobraj, Bleron",
    "Fed": "KOS",
    "Sex": "M",
    "Title": "",
    "WTit": "",
    "OTit": "",
    "Rating": "2087",
    "Gms": "0",
    "K": "20",
    "RatingMonth": "SEP25",
    "B-day": "2001",
    "Flag": ""
  },
  {
    "ID Number": "22100733",
    "Name": "Doda, Hevzi",
    "Fed": "KOS",
    "Sex": "M",
    "Title": "",
    "WTit": "",
    "OTit": "",
    "Rating": "1974",
    "Gms": "0",
    "K": "20",
    "RatingMonth": "SEP25",
    "B-day": "1954",
    "Flag": "i"
  },
  {
    "ID Number": "22106138",
    "Name": "Durguti, Ahad",
    "Fed": "KOS",
    "Sex": "M",
    "Title": "",
    "WTit": "",
    "OTit": "",
    "Rating": "1825",
    "Gms": "0",
    "K": "40",
    "RatingMonth": "SEP25",
    "B-day": "1990",
    "Flag": "i"
  },
  {
    "ID Number": "952184",
    "Name": "Dushi, Burim",
    "Fed": "KOS",
    "Sex": "M",
    "Title": "",
    "WTit": "",
    "OTit": "",
    "Rating": "2064",
    "Gms": "0",
    "K": "20",
    "RatingMonth": "SEP25",
    "B-day": "1969",
    "Flag": "i"
  },
  {
    "ID Number": "22107665",
    "Name": "Ejupi, Lurni",
    "Fed": "KOS",
    "Sex": "M",
    "Title": "",
    "WTit": "",
    "OTit": "",
    "Rating": "1744",
    "Gms": "0",
    "K": "40",
    "RatingMonth": "SEP25",
    "B-day": "2008",
    "Flag": ""
  },
  {
    "ID Number": "3600246",
    "Name": "Elezi, Egzon",
    "Fed": "KOS",
    "Sex": "M",
    "Title": "",
    "WTit": "",
    "OTit": "",
    "Rating": "2231",
    "Gms": "0",
    "K": "20",
    "RatingMonth": "SEP25",
    "B-day": "1987",
    "Flag": "i"
  },
  {
    "ID Number": "22105794",
    "Name": "Emini, Bunjamin",
    "Fed": "KOS",
    "Sex": "M",
    "Title": "",
    "WTit": "",
    "OTit": "",
    "Rating": "1939",
    "Gms": "0",
    "K": "40",
    "RatingMonth": "SEP25",
    "B-day": "1996",
    "Flag": "i"
  },
  {
    "ID Number": "912840",
    "Name": "Ermeni, Avni",
    "Fed": "KOS",
    "Sex": "M",
    "Title": "FM",
    "WTit": "",
    "OTit": "",
    "Rating": "2116",
    "Gms": "1",
    "K": "20",
    "RatingMonth": "SEP25",
    "B-day": "1966",
    "Flag": ""
  },
  {
    "ID Number": "939676",
    "Name": "Ermeni, Bekim",
    "Fed": "KOS",
    "Sex": "M",
    "Title": "",
    "WTit": "",
    "OTit": "",
    "Rating": "2005",
    "Gms": "0",
    "K": "20",
    "RatingMonth": "SEP25",
    "B-day": "1967",
    "Flag": ""
  },
  {
    "ID Number": "22109099",
    "Name": "Fazliu, Avni",
    "Fed": "KOS",
    "Sex": "M",
    "Title": "",
    "WTit": "",
    "OTit": "",
    "Rating": "1854",
    "Gms": "0",
    "K": "40",
    "RatingMonth": "SEP25",
    "B-day": "1981",
    "Flag": ""
  },
  {
    "ID Number": "3615693",
    "Name": "Fejza, Xhavit",
    "Fed": "KOS",
    "Sex": "M",
    "Title": "",
    "WTit": "",
    "OTit": "",
    "Rating": "1984",
    "Gms": "0",
    "K": "40",
    "RatingMonth": "SEP25",
    "B-day": "1962",
    "Flag": "i"
  },
  {
    "ID Number": "905631",
    "Name": "Fejzullahu, Afrim",
    "Fed": "KOS",
    "Sex": "M",
    "Title": "FM",
    "WTit": "FI",
    "OTit": "",
    "Rating": "2210",
    "Gms": "1",
    "K": "20",
    "RatingMonth": "SEP25",
    "B-day": "1969",
    "Flag": ""
  },
  {
    "ID Number": "22103236",
    "Name": "Fetiu, Bujar",
    "Fed": "KOS",
    "Sex": "M",
    "Title": "",
    "WTit": "",
    "OTit": "",
    "Rating": "2061",
    "Gms": "0",
    "K": "20",
    "RatingMonth": "SEP25",
    "B-day": "1997",
    "Flag": ""
  },
  {
    "ID Number": "22101349",
    "Name": "Fetiu, Qamil",
    "Fed": "KOS",
    "Sex": "M",
    "Title": "",
    "WTit": "",
    "OTit": "",
    "Rating": "1974",
    "Gms": "0",
    "K": "40",
    "RatingMonth": "SEP25",
    "B-day": "1974",
    "Flag": ""
  },
  {
    "ID Number": "22102841",
    "Name": "Fonda, Ekrem",
    "Fed": "KOS",
    "Sex": "M",
    "Title": "",
    "WTit": "",
    "OTit": "",
    "Rating": "1843",
    "Gms": "0",
    "K": "20",
    "RatingMonth": "SEP25",
    "B-day": "1963",
    "Flag": "i"
  },
  {
    "ID Number": "22104836",
    "Name": "Gashi, Agron",
    "Fed": "KOS",
    "Sex": "M",
    "Title": "",
    "WTit": "",
    "OTit": "",
    "Rating": "1957",
    "Gms": "0",
    "K": "20",
    "RatingMonth": "SEP25",
    "B-day": "1960",
    "Flag": ""
  },
  {
    "ID Number": "22100857",
    "Name": "Gashi, Blerim",
    "Fed": "KOS",
    "Sex": "M",
    "Title": "",
    "WTit": "",
    "OTit": "",
    "Rating": "2071",
    "Gms": "0",
    "K": "20",
    "RatingMonth": "SEP25",
    "B-day": "1973",
    "Flag": ""
  },
  {
    "ID Number": "22102418",
    "Name": "Gashi, Ekrem",
    "Fed": "KOS",
    "Sex": "M",
    "Title": "",
    "WTit": "",
    "OTit": "",
    "Rating": "1871",
    "Gms": "0",
    "K": "40",
    "RatingMonth": "SEP25",
    "B-day": "1964",
    "Flag": "i"
  },
  {
    "ID Number": "22104550",
    "Name": "Gashi, Gani",
    "Fed": "KOS",
    "Sex": "M",
    "Title": "",
    "WTit": "",
    "OTit": "",
    "Rating": "1848",
    "Gms": "0",
    "K": "40",
    "RatingMonth": "SEP25",
    "B-day": "1963",
    "Flag": "i"
  },
  {
    "ID Number": "22103813",
    "Name": "Gashi, Gani",
    "Fed": "KOS",
    "Sex": "M",
    "Title": "",
    "WTit": "",
    "OTit": "",
    "Rating": "1791",
    "Gms": "0",
    "K": "20",
    "RatingMonth": "SEP25",
    "B-day": "1972",
    "Flag": ""
  },
  {
    "ID Number": "22105646",
    "Name": "Gashi, Hasan",
    "Fed": "KOS",
    "Sex": "M",
    "Title": "",
    "WTit": "",
    "OTit": "",
    "Rating": "1684",
    "Gms": "0",
    "K": "40",
    "RatingMonth": "SEP25",
    "B-day": "1958",
    "Flag": "i"
  },
  {
    "ID Number": "22100555",
    "Name": "Gashi, Isak",
    "Fed": "KOS",
    "Sex": "M",
    "Title": "",
    "WTit": "",
    "OTit": "",
    "Rating": "1832",
    "Gms": "0",
    "K": "20",
    "RatingMonth": "SEP25",
    "B-day": "1973",
    "Flag": ""
  },
  {
    "ID Number": "22105824",
    "Name": "Gashi, Naser",
    "Fed": "KOS",
    "Sex": "M",
    "Title": "",
    "WTit": "",
    "OTit": "",
    "Rating": "1615",
    "Gms": "0",
    "K": "40",
    "RatingMonth": "SEP25",
    "B-day": "1966",
    "Flag": ""
  },
  {
    "ID Number": "22100997",
    "Name": "Gashi, Shyqri",
    "Fed": "KOS",
    "Sex": "M",
    "Title": "",
    "WTit": "",
    "OTit": "",
    "Rating": "1976",
    "Gms": "0",
    "K": "20",
    "RatingMonth": "SEP25",
    "B-day": "1952",
    "Flag": ""
  },
  {
    "ID Number": "22100326",
    "Name": "Gashi, Visar",
    "Fed": "KOS",
    "Sex": "M",
    "Title": "",
    "WTit": "",
    "OTit": "",
    "Rating": "1857",
    "Gms": "0",
    "K": "40",
    "RatingMonth": "SEP25",
    "B-day": "1986",
    "Flag": "i"
  },
  {
    "ID Number": "4701925",
    "Name": "Gerguri, Arsim",
    "Fed": "KOS",
    "Sex": "M",
    "Title": "",
    "WTit": "",
    "OTit": "",
    "Rating": "1938",
    "Gms": "0",
    "K": "20",
    "RatingMonth": "SEP25",
    "B-day": "1968",
    "Flag": ""
  },
  {
    "ID Number": "22100865",
    "Name": "Gerguri, Salih",
    "Fed": "KOS",
    "Sex": "M",
    "Title": "",
    "WTit": "",
    "OTit": "",
    "Rating": "1867",
    "Gms": "0",
    "K": "40",
    "RatingMonth": "SEP25",
    "B-day": "1938",
    "Flag": "i"
  },
  {
    "ID Number": "22101179",
    "Name": "Gjurgjeala, Arsim",
    "Fed": "KOS",
    "Sex": "M",
    "Title": "",
    "WTit": "",
    "OTit": "",
    "Rating": "2087",
    "Gms": "0",
    "K": "20",
    "RatingMonth": "SEP25",
    "B-day": "1951",
    "Flag": "i"
  },
  {
    "ID Number": "22102450",
    "Name": "Govori, Afrim",
    "Fed": "KOS",
    "Sex": "M",
    "Title": "",
    "WTit": "",
    "OTit": "",
    "Rating": "1945",
    "Gms": "0",
    "K": "40",
    "RatingMonth": "SEP25",
    "B-day": "1981",
    "Flag": "i"
  },
  {
    "ID Number": "953881",
    "Name": "Hajra, Driton",
    "Fed": "KOS",
    "Sex": "M",
    "Title": "",
    "WTit": "",
    "OTit": "",
    "Rating": "1964",
    "Gms": "0",
    "K": "20",
    "RatingMonth": "SEP25",
    "B-day": "1984",
    "Flag": ""
  },
  {
    "ID Number": "22100350",
    "Name": "Hajra, Hajredin",
    "Fed": "KOS",
    "Sex": "M",
    "Title": "",
    "WTit": "",
    "OTit": "",
    "Rating": "2061",
    "Gms": "0",
    "K": "40",
    "RatingMonth": "SEP25",
    "B-day": "1978",
    "Flag": "i"
  },
  {
    "ID Number": "22102868",
    "Name": "Hajrizaj, Ardi",
    "Fed": "KOS",
    "Sex": "M",
    "Title": "",
    "WTit": "",
    "OTit": "",
    "Rating": "1842",
    "Gms": "0",
    "K": "40",
    "RatingMonth": "SEP25",
    "B-day": "1993",
    "Flag": "i"
  },
  {
    "ID Number": "22106669",
    "Name": "Halabaku, Arsim",
    "Fed": "KOS",
    "Sex": "M",
    "Title": "",
    "WTit": "",
    "OTit": "",
    "Rating": "1820",
    "Gms": "0",
    "K": "40",
    "RatingMonth": "SEP25",
    "B-day": "1987",
    "Flag": "i"
  },
  {
    "ID Number": "22106502",
    "Name": "Halabaku, Tasim",
    "Fed": "KOS",
    "Sex": "M",
    "Title": "",
    "WTit": "",
    "OTit": "",
    "Rating": "1770",
    "Gms": "0",
    "K": "40",
    "RatingMonth": "SEP25",
    "B-day": "1965",
    "Flag": ""
  },
  {
    "ID Number": "22102779",
    "Name": "Halilaj, Milazim",
    "Fed": "KOS",
    "Sex": "M",
    "Title": "",
    "WTit": "",
    "OTit": "",
    "Rating": "1491",
    "Gms": "0",
    "K": "20",
    "RatingMonth": "SEP25",
    "B-day": "1969",
    "Flag": "i"
  },
  {
    "ID Number": "3615677",
    "Name": "Halili, Sabri",
    "Fed": "KOS",
    "Sex": "M",
    "Title": "",
    "WTit": "",
    "OTit": "",
    "Rating": "2078",
    "Gms": "0",
    "K": "20",
    "RatingMonth": "SEP25",
    "B-day": "1960",
    "Flag": "i"
  },
  {
    "ID Number": "20656262",
    "Name": "Halili, Selami",
    "Fed": "KOS",
    "Sex": "M",
    "Title": "",
    "WTit": "",
    "OTit": "",
    "Rating": "1939",
    "Gms": "0",
    "K": "20",
    "RatingMonth": "SEP25",
    "B-day": "1982",
    "Flag": ""
  },
  {
    "ID Number": "4701194",
    "Name": "Hamiti, Gani",
    "Fed": "KOS",
    "Sex": "M",
    "Title": "FM",
    "WTit": "NI",
    "OTit": "",
    "Rating": "2109",
    "Gms": "0",
    "K": "20",
    "RatingMonth": "SEP25",
    "B-day": "1969",
    "Flag": ""
  },
  {
    "ID Number": "22106383",
    "Name": "Hamiti, Lorik",
    "Fed": "KOS",
    "Sex": "M",
    "Title": "",
    "WTit": "",
    "OTit": "",
    "Rating": "1657",
    "Gms": "0",
    "K": "20",
    "RatingMonth": "SEP25",
    "B-day": "2005",
    "Flag": "i"
  },
  {
    "ID Number": "24600474",
    "Name": "Hana, Arsim",
    "Fed": "KOS",
    "Sex": "M",
    "Title": "",
    "WTit": "",
    "OTit": "",
    "Rating": "1986",
    "Gms": "0",
    "K": "20",
    "RatingMonth": "SEP25",
    "B-day": "1965",
    "Flag": ""
  },
  {
    "ID Number": "22100466",
    "Name": "Hasani, Ali",
    "Fed": "KOS",
    "Sex": "M",
    "Title": "",
    "WTit": "",
    "OTit": "",
    "Rating": "2025",
    "Gms": "0",
    "K": "40",
    "RatingMonth": "SEP25",
    "B-day": "1954",
    "Flag": "i"
  },
  {
    "ID Number": "939617",
    "Name": "Hasani, Bajram",
    "Fed": "KOS",
    "Sex": "M",
    "Title": "",
    "WTit": "",
    "OTit": "",
    "Rating": "1966",
    "Gms": "0",
    "K": "20",
    "RatingMonth": "SEP25",
    "B-day": "1956",
    "Flag": "i"
  },
  {
    "ID Number": "4653246",
    "Name": "Hasani, Habib",
    "Fed": "KOS",
    "Sex": "M",
    "Title": "",
    "WTit": "",
    "OTit": "",
    "Rating": "2185",
    "Gms": "0",
    "K": "40",
    "RatingMonth": "SEP25",
    "B-day": "1963",
    "Flag": "i"
  },
  {
    "ID Number": "22100903",
    "Name": "Hasi, Skender",
    "Fed": "KOS",
    "Sex": "M",
    "Title": "",
    "WTit": "",
    "OTit": "",
    "Rating": "1823",
    "Gms": "0",
    "K": "40",
    "RatingMonth": "SEP25",
    "B-day": "1951",
    "Flag": "i"
  },
  {
    "ID Number": "3600262",
    "Name": "Haskaj, Fatmir",
    "Fed": "KOS",
    "Sex": "M",
    "Title": "",
    "WTit": "",
    "OTit": "",
    "Rating": "2164",
    "Gms": "0",
    "K": "40",
    "RatingMonth": "SEP25",
    "B-day": "1976",
    "Flag": "i"
  },
  {
    "ID Number": "22104305",
    "Name": "Hasku, Dashnor",
    "Fed": "KOS",
    "Sex": "M",
    "Title": "",
    "WTit": "",
    "OTit": "",
    "Rating": "1950",
    "Gms": "0",
    "K": "40",
    "RatingMonth": "SEP25",
    "B-day": "1976",
    "Flag": "i"
  },
  {
    "ID Number": "4702093",
    "Name": "Haxhimehmeti, Vahedin",
    "Fed": "KOS",
    "Sex": "M",
    "Title": "",
    "WTit": "",
    "OTit": "",
    "Rating": "2055",
    "Gms": "0",
    "K": "20",
    "RatingMonth": "SEP25",
    "B-day": "1966",
    "Flag": ""
  },
  {
    "ID Number": "22100563",
    "Name": "Haxhiu, Jakup",
    "Fed": "KOS",
    "Sex": "M",
    "Title": "",
    "WTit": "",
    "OTit": "",
    "Rating": "2001",
    "Gms": "0",
    "K": "40",
    "RatingMonth": "SEP25",
    "B-day": "1975",
    "Flag": ""
  },
  {
    "ID Number": "22100601",
    "Name": "Helshani, Sheremet",
    "Fed": "KOS",
    "Sex": "M",
    "Title": "",
    "WTit": "",
    "OTit": "",
    "Rating": "1957",
    "Gms": "0",
    "K": "20",
    "RatingMonth": "SEP25",
    "B-day": "1976",
    "Flag": ""
  },
  {
    "ID Number": "22108343",
    "Name": "Hoda, Zgjim",
    "Fed": "KOS",
    "Sex": "M",
    "Title": "",
    "WTit": "",
    "OTit": "",
    "Rating": "1571",
    "Gms": "0",
    "K": "40",
    "RatingMonth": "SEP25",
    "B-day": "2011",
    "Flag": ""
  },
  {
    "ID Number": "22101250",
    "Name": "Hoxha, Abdyl",
    "Fed": "KOS",
    "Sex": "M",
    "Title": "",
    "WTit": "",
    "OTit": "",
    "Rating": "2071",
    "Gms": "0",
    "K": "20",
    "RatingMonth": "SEP25",
    "B-day": "1965",
    "Flag": "i"
  },
  {
    "ID Number": "22103805",
    "Name": "Hoxha, Daut",
    "Fed": "KOS",
    "Sex": "M",
    "Title": "",
    "WTit": "",
    "OTit": "",
    "Rating": "1494",
    "Gms": "0",
    "K": "40",
    "RatingMonth": "SEP25",
    "B-day": "1976",
    "Flag": "i"
  },
  {
    "ID Number": "4700805",
    "Name": "Hoxha, Murat",
    "Fed": "KOS",
    "Sex": "M",
    "Title": "",
    "WTit": "",
    "OTit": "",
    "Rating": "1912",
    "Gms": "0",
    "K": "40",
    "RatingMonth": "SEP25",
    "B-day": "1969",
    "Flag": "i"
  },
  {
    "ID Number": "22100750",
    "Name": "Hulaj, Ibish",
    "Fed": "KOS",
    "Sex": "M",
    "Title": "",
    "WTit": "",
    "OTit": "",
    "Rating": "1911",
    "Gms": "0",
    "K": "40",
    "RatingMonth": "SEP25",
    "B-day": "1961",
    "Flag": "i"
  },
  {
    "ID Number": "22106081",
    "Name": "Hulaj, Leart",
    "Fed": "KOS",
    "Sex": "M",
    "Title": "",
    "WTit": "",
    "OTit": "",
    "Rating": "1966",
    "Gms": "0",
    "K": "40",
    "RatingMonth": "SEP25",
    "B-day": "1999",
    "Flag": ""
  },
  {
    "ID Number": "22100172",
    "Name": "Hyseni, Hysen",
    "Fed": "KOS",
    "Sex": "M",
    "Title": "",
    "WTit": "",
    "OTit": "",
    "Rating": "1996",
    "Gms": "0",
    "K": "40",
    "RatingMonth": "SEP25",
    "B-day": "1963",
    "Flag": "i"
  },
  {
    "ID Number": "4702441",
    "Name": "Hyseni, Nuridin",
    "Fed": "KOS",
    "Sex": "M",
    "Title": "",
    "WTit": "",
    "OTit": "",
    "Rating": "1877",
    "Gms": "0",
    "K": "20",
    "RatingMonth": "SEP25",
    "B-day": "1969",
    "Flag": ""
  },
  {
    "ID Number": "22103112",
    "Name": "Hyseni, Rinor",
    "Fed": "KOS",
    "Sex": "M",
    "Title": "",
    "WTit": "",
    "OTit": "",
    "Rating": "1893",
    "Gms": "0",
    "K": "40",
    "RatingMonth": "SEP25",
    "B-day": "1996",
    "Flag": "i"
  },
  {
    "ID Number": "22105913",
    "Name": "Ibishi, Valon",
    "Fed": "KOS",
    "Sex": "M",
    "Title": "",
    "WTit": "",
    "OTit": "",
    "Rating": "1879",
    "Gms": "0",
    "K": "40",
    "RatingMonth": "SEP25",
    "B-day": "1996",
    "Flag": "i"
  },
  {
    "ID Number": "22100652",
    "Name": "Ibrahimi, Idriz",
    "Fed": "KOS",
    "Sex": "M",
    "Title": "",
    "WTit": "",
    "OTit": "",
    "Rating": "1964",
    "Gms": "0",
    "K": "40",
    "RatingMonth": "SEP25",
    "B-day": "1956",
    "Flag": "i"
  },
  {
    "ID Number": "15002004",
    "Name": "Ibrahimi, Ruzhdi",
    "Fed": "KOS",
    "Sex": "M",
    "Title": "",
    "WTit": "",
    "OTit": "",
    "Rating": "1971",
    "Gms": "0",
    "K": "20",
    "RatingMonth": "SEP25",
    "B-day": "1953",
    "Flag": "i"
  },
  {
    "ID Number": "4672046",
    "Name": "Idrizaj, Abedin",
    "Fed": "KOS",
    "Sex": "M",
    "Title": "CM",
    "WTit": "",
    "OTit": "",
    "Rating": "2220",
    "Gms": "0",
    "K": "20",
    "RatingMonth": "SEP25",
    "B-day": "1973",
    "Flag": ""
  },
  {
    "ID Number": "22102582",
    "Name": "Isaki, Ekrem",
    "Fed": "KOS",
    "Sex": "M",
    "Title": "",
    "WTit": "",
    "OTit": "",
    "Rating": "1908",
    "Gms": "0",
    "K": "40",
    "RatingMonth": "SEP25",
    "B-day": "1960",
    "Flag": "i"
  },
  {
    "ID Number": "22102809",
    "Name": "Ismajli, Shaban",
    "Fed": "KOS",
    "Sex": "M",
    "Title": "",
    "WTit": "",
    "OTit": "",
    "Rating": "1729",
    "Gms": "0",
    "K": "40",
    "RatingMonth": "SEP25",
    "B-day": "1964",
    "Flag": ""
  },
  {
    "ID Number": "22101497",
    "Name": "Istogu, Hetem",
    "Fed": "KOS",
    "Sex": "M",
    "Title": "",
    "WTit": "",
    "OTit": "",
    "Rating": "1874",
    "Gms": "0",
    "K": "40",
    "RatingMonth": "SEP25",
    "B-day": "1963",
    "Flag": "i"
  },
  {
    "ID Number": "22100679",
    "Name": "Isufi, Albert",
    "Fed": "KOS",
    "Sex": "M",
    "Title": "",
    "WTit": "",
    "OTit": "",
    "Rating": "2069",
    "Gms": "0",
    "K": "40",
    "RatingMonth": "SEP25",
    "B-day": "1978",
    "Flag": ""
  },
  {
    "ID Number": "22107592",
    "Name": "Jakupaj, Mat",
    "Fed": "KOS",
    "Sex": "M",
    "Title": "",
    "WTit": "",
    "OTit": "",
    "Rating": "1645",
    "Gms": "0",
    "K": "40",
    "RatingMonth": "SEP25",
    "B-day": "2011",
    "Flag": "i"
  },
  {
    "ID Number": "955388",
    "Name": "Jashari, Ardian",
    "Fed": "KOS",
    "Sex": "M",
    "Title": "FM",
    "WTit": "",
    "OTit": "",
    "Rating": "2166",
    "Gms": "0",
    "K": "20",
    "RatingMonth": "SEP25",
    "B-day": "1981",
    "Flag": ""
  },
  {
    "ID Number": "22107657",
    "Name": "Jashari, Enes",
    "Fed": "KOS",
    "Sex": "M",
    "Title": "",
    "WTit": "",
    "OTit": "",
    "Rating": "1696",
    "Gms": "0",
    "K": "40",
    "RatingMonth": "SEP25",
    "B-day": "2010",
    "Flag": "i"
  },
  {
    "ID Number": "22101594",
    "Name": "Jemini, Haxhi",
    "Fed": "KOS",
    "Sex": "M",
    "Title": "",
    "WTit": "",
    "OTit": "",
    "Rating": "1808",
    "Gms": "0",
    "K": "40",
    "RatingMonth": "SEP25",
    "B-day": "1940",
    "Flag": "i"
  },
  {
    "ID Number": "22101012",
    "Name": "Juniku, Bashkim",
    "Fed": "KOS",
    "Sex": "M",
    "Title": "",
    "WTit": "",
    "OTit": "",
    "Rating": "1953",
    "Gms": "0",
    "K": "40",
    "RatingMonth": "SEP25",
    "B-day": "1957",
    "Flag": "i"
  },
  {
    "ID Number": "3607844",
    "Name": "Jupa, Ilirjan",
    "Fed": "KOS",
    "Sex": "M",
    "Title": "",
    "WTit": "",
    "OTit": "",
    "Rating": "2034",
    "Gms": "0",
    "K": "20",
    "RatingMonth": "SEP25",
    "B-day": "1975",
    "Flag": ""
  },
  {
    "ID Number": "22104402",
    "Name": "Jusufi, Ahmet",
    "Fed": "KOS",
    "Sex": "M",
    "Title": "",
    "WTit": "",
    "OTit": "",
    "Rating": "2016",
    "Gms": "0",
    "K": "20",
    "RatingMonth": "SEP25",
    "B-day": "2006",
    "Flag": ""
  },
  {
    "ID Number": "22105883",
    "Name": "Kamberi, Mergim",
    "Fed": "KOS",
    "Sex": "M",
    "Title": "",
    "WTit": "",
    "OTit": "",
    "Rating": "1948",
    "Gms": "0",
    "K": "40",
    "RatingMonth": "SEP25",
    "B-day": "1996",
    "Flag": "i"
  },
  {
    "ID Number": "22106960",
    "Name": "Karavidaj, Eronita",
    "Fed": "KOS",
    "Sex": "F",
    "Title": "",
    "WTit": "NA",
    "OTit": "",
    "Rating": "1605",
    "Gms": "0",
    "K": "40",
    "RatingMonth": "SEP25",
    "B-day": "1996",
    "Flag": "w"
  },
  {
    "ID Number": "22105700",
    "Name": "Karimani, Fitim",
    "Fed": "KOS",
    "Sex": "M",
    "Title": "",
    "WTit": "",
    "OTit": "",
    "Rating": "1904",
    "Gms": "0",
    "K": "40",
    "RatingMonth": "SEP25",
    "B-day": "1975",
    "Flag": "i"
  },
  {
    "ID Number": "22105921",
    "Name": "Kastrati, Arianit",
    "Fed": "KOS",
    "Sex": "M",
    "Title": "",
    "WTit": "",
    "OTit": "",
    "Rating": "1756",
    "Gms": "0",
    "K": "40",
    "RatingMonth": "SEP25",
    "B-day": "1997",
    "Flag": "i"
  },
  {
    "ID Number": "22104224",
    "Name": "Kastrati, Kastriot",
    "Fed": "KOS",
    "Sex": "M",
    "Title": "",
    "WTit": "",
    "OTit": "",
    "Rating": "1950",
    "Gms": "0",
    "K": "20",
    "RatingMonth": "SEP25",
    "B-day": "2000",
    "Flag": "i"
  },
  {
    "ID Number": "4702298",
    "Name": "Kastrati, Labinot",
    "Fed": "KOS",
    "Sex": "M",
    "Title": "",
    "WTit": "",
    "OTit": "",
    "Rating": "1903",
    "Gms": "0",
    "K": "20",
    "RatingMonth": "SEP25",
    "B-day": "1982",
    "Flag": ""
  },
  {
    "ID Number": "22107509",
    "Name": "Kastrati, Nazmi",
    "Fed": "KOS",
    "Sex": "M",
    "Title": "",
    "WTit": "",
    "OTit": "",
    "Rating": "1478",
    "Gms": "0",
    "K": "40",
    "RatingMonth": "SEP25",
    "B-day": "1956",
    "Flag": ""
  },
  {
    "ID Number": "22102752",
    "Name": "Kastrati, Shaip",
    "Fed": "KOS",
    "Sex": "M",
    "Title": "",
    "WTit": "",
    "OTit": "",
    "Rating": "1701",
    "Gms": "0",
    "K": "20",
    "RatingMonth": "SEP25",
    "B-day": "1964",
    "Flag": ""
  },
  {
    "ID Number": "4701640",
    "Name": "Kasumi, Gezim",
    "Fed": "KOS",
    "Sex": "M",
    "Title": "",
    "WTit": "",
    "OTit": "",
    "Rating": "1993",
    "Gms": "0",
    "K": "20",
    "RatingMonth": "SEP25",
    "B-day": "1959",
    "Flag": "i"
  },
  {
    "ID Number": "22100261",
    "Name": "Kelmendi, Arsim",
    "Fed": "KOS",
    "Sex": "M",
    "Title": "",
    "WTit": "",
    "OTit": "",
    "Rating": "2070",
    "Gms": "0",
    "K": "20",
    "RatingMonth": "SEP25",
    "B-day": "1989",
    "Flag": ""
  },
  {
    "ID Number": "3605485",
    "Name": "Klisurica, Jashar",
    "Fed": "KOS",
    "Sex": "M",
    "Title": "",
    "WTit": "",
    "OTit": "",
    "Rating": "2035",
    "Gms": "0",
    "K": "20",
    "RatingMonth": "SEP25",
    "B-day": "1959",
    "Flag": ""
  },
  {
    "ID Number": "1303767",
    "Name": "Koka, Osman",
    "Fed": "KOS",
    "Sex": "M",
    "Title": "",
    "WTit": "",
    "OTit": "",
    "Rating": "2161",
    "Gms": "0",
    "K": "20",
    "RatingMonth": "SEP25",
    "B-day": "1967",
    "Flag": ""
  },
  {
    "ID Number": "22102736",
    "Name": "Kollari, Hafife",
    "Fed": "KOS",
    "Sex": "F",
    "Title": "",
    "WTit": "",
    "OTit": "",
    "Rating": "1629",
    "Gms": "0",
    "K": "40",
    "RatingMonth": "SEP25",
    "B-day": "2001",
    "Flag": "wi"
  },
  {
    "ID Number": "22101969",
    "Name": "Kollari, Mehdi",
    "Fed": "KOS",
    "Sex": "M",
    "Title": "",
    "WTit": "",
    "OTit": "",
    "Rating": "1932",
    "Gms": "0",
    "K": "40",
    "RatingMonth": "SEP25",
    "B-day": "1967",
    "Flag": "i"
  },
  {
    "ID Number": "22101020",
    "Name": "Kollari, Sabahajdin",
    "Fed": "KOS",
    "Sex": "M",
    "Title": "",
    "WTit": "",
    "OTit": "",
    "Rating": "2081",
    "Gms": "0",
    "K": "20",
    "RatingMonth": "SEP25",
    "B-day": "1953",
    "Flag": ""
  },
  {
    "ID Number": "4701658",
    "Name": "Kollari, Sulejman",
    "Fed": "KOS",
    "Sex": "M",
    "Title": "",
    "WTit": "",
    "OTit": "",
    "Rating": "2010",
    "Gms": "0",
    "K": "20",
    "RatingMonth": "SEP25",
    "B-day": "1990",
    "Flag": "i"
  },
  {
    "ID Number": "22102728",
    "Name": "Koshi, Lulezim",
    "Fed": "KOS",
    "Sex": "M",
    "Title": "",
    "WTit": "",
    "OTit": "",
    "Rating": "1956",
    "Gms": "0",
    "K": "20",
    "RatingMonth": "SEP25",
    "B-day": "1955",
    "Flag": ""
  },
  {
    "ID Number": "22102345",
    "Name": "Koxha, Hazis",
    "Fed": "KOS",
    "Sex": "M",
    "Title": "",
    "WTit": "",
    "OTit": "",
    "Rating": "1962",
    "Gms": "0",
    "K": "40",
    "RatingMonth": "SEP25",
    "B-day": "1950",
    "Flag": "i"
  },
  {
    "ID Number": "22101381",
    "Name": "Krasniqi, Alban",
    "Fed": "KOS",
    "Sex": "M",
    "Title": "",
    "WTit": "",
    "OTit": "",
    "Rating": "2131",
    "Gms": "0",
    "K": "20",
    "RatingMonth": "SEP25",
    "B-day": "2000",
    "Flag": ""
  },
  {
    "ID Number": "22106740",
    "Name": "Krasniqi, Ardit",
    "Fed": "KOS",
    "Sex": "M",
    "Title": "",
    "WTit": "",
    "OTit": "",
    "Rating": "1651",
    "Gms": "0",
    "K": "40",
    "RatingMonth": "SEP25",
    "B-day": "2008",
    "Flag": "i"
  },
  {
    "ID Number": "22100440",
    "Name": "Krasniqi, Avni",
    "Fed": "KOS",
    "Sex": "M",
    "Title": "",
    "WTit": "",
    "OTit": "",
    "Rating": "1960",
    "Gms": "0",
    "K": "20",
    "RatingMonth": "SEP25",
    "B-day": "1970",
    "Flag": ""
  },
  {
    "ID Number": "22101152",
    "Name": "Krasniqi, Daut",
    "Fed": "KOS",
    "Sex": "M",
    "Title": "",
    "WTit": "",
    "OTit": "",
    "Rating": "1722",
    "Gms": "0",
    "K": "40",
    "RatingMonth": "SEP25",
    "B-day": "1954",
    "Flag": "i"
  },
  {
    "ID Number": "22101136",
    "Name": "Krasniqi, Muhamet",
    "Fed": "KOS",
    "Sex": "M",
    "Title": "",
    "WTit": "",
    "OTit": "",
    "Rating": "1813",
    "Gms": "0",
    "K": "40",
    "RatingMonth": "SEP25",
    "B-day": "1954",
    "Flag": "i"
  },
  {
    "ID Number": "1308955",
    "Name": "Krasniqi, Nysret",
    "Fed": "KOS",
    "Sex": "M",
    "Title": "",
    "WTit": "",
    "OTit": "",
    "Rating": "2005",
    "Gms": "0",
    "K": "20",
    "RatingMonth": "SEP25",
    "B-day": "1963",
    "Flag": "i"
  },
  {
    "ID Number": "22106391",
    "Name": "Krasniqi, Troi",
    "Fed": "KOS",
    "Sex": "M",
    "Title": "",
    "WTit": "",
    "OTit": "",
    "Rating": "1727",
    "Gms": "0",
    "K": "40",
    "RatingMonth": "SEP25",
    "B-day": "2013",
    "Flag": ""
  },
  {
    "ID Number": "22101780",
    "Name": "Kryeziu, Besim",
    "Fed": "KOS",
    "Sex": "M",
    "Title": "",
    "WTit": "",
    "OTit": "",
    "Rating": "2076",
    "Gms": "0",
    "K": "20",
    "RatingMonth": "SEP25",
    "B-day": "1975",
    "Flag": ""
  },
  {
    "ID Number": "22101039",
    "Name": "Kurbogaj, Xhevdet",
    "Fed": "KOS",
    "Sex": "M",
    "Title": "",
    "WTit": "",
    "OTit": "",
    "Rating": "1849",
    "Gms": "0",
    "K": "40",
    "RatingMonth": "SEP25",
    "B-day": "1975",
    "Flag": ""
  },
  {
    "ID Number": "22103732",
    "Name": "Kurtaj, Bekim",
    "Fed": "KOS",
    "Sex": "M",
    "Title": "",
    "WTit": "",
    "OTit": "",
    "Rating": "1875",
    "Gms": "0",
    "K": "40",
    "RatingMonth": "SEP25",
    "B-day": "1975",
    "Flag": "i"
  },
  {
    "ID Number": "22101870",
    "Name": "Lalinovci, Gani",
    "Fed": "KOS",
    "Sex": "M",
    "Title": "",
    "WTit": "",
    "OTit": "",
    "Rating": "1839",
    "Gms": "0",
    "K": "40",
    "RatingMonth": "SEP25",
    "B-day": "1971",
    "Flag": "i"
  },
  {
    "ID Number": "22106634",
    "Name": "Lezi, Naim",
    "Fed": "KOS",
    "Sex": "M",
    "Title": "",
    "WTit": "",
    "OTit": "",
    "Rating": "1563",
    "Gms": "0",
    "K": "40",
    "RatingMonth": "SEP25",
    "B-day": "1961",
    "Flag": "i"
  },
  {
    "ID Number": "22100296",
    "Name": "Lika, Fisnik",
    "Fed": "KOS",
    "Sex": "M",
    "Title": "",
    "WTit": "",
    "OTit": "",
    "Rating": "1948",
    "Gms": "0",
    "K": "20",
    "RatingMonth": "SEP25",
    "B-day": "1991",
    "Flag": ""
  },
  {
    "ID Number": "22101950",
    "Name": "Llapashtica, Zekirja",
    "Fed": "KOS",
    "Sex": "M",
    "Title": "",
    "WTit": "",
    "OTit": "",
    "Rating": "1969",
    "Gms": "0",
    "K": "40",
    "RatingMonth": "SEP25",
    "B-day": "1969",
    "Flag": "i"
  },
  {
    "ID Number": "22105948",
    "Name": "Lukiq, Edison",
    "Fed": "KOS",
    "Sex": "M",
    "Title": "",
    "WTit": "",
    "OTit": "",
    "Rating": "1912",
    "Gms": "0",
    "K": "40",
    "RatingMonth": "SEP25",
    "B-day": "2002",
    "Flag": "i"
  },
  {
    "ID Number": "4701534",
    "Name": "Mahmuti, Ajet",
    "Fed": "KOS",
    "Sex": "M",
    "Title": "",
    "WTit": "",
    "OTit": "",
    "Rating": "2015",
    "Gms": "0",
    "K": "20",
    "RatingMonth": "SEP25",
    "B-day": "1963",
    "Flag": "i"
  },
  {
    "ID Number": "4702476",
    "Name": "Mahmuti, Inan",
    "Fed": "KOS",
    "Sex": "M",
    "Title": "",
    "WTit": "",
    "OTit": "",
    "Rating": "2076",
    "Gms": "0",
    "K": "40",
    "RatingMonth": "SEP25",
    "B-day": "1973",
    "Flag": ""
  },
  {
    "ID Number": "22100512",
    "Name": "Majkovci, Fahredin",
    "Fed": "KOS",
    "Sex": "M",
    "Title": "",
    "WTit": "",
    "OTit": "",
    "Rating": "1911",
    "Gms": "0",
    "K": "40",
    "RatingMonth": "SEP25",
    "B-day": "1984",
    "Flag": "i"
  },
  {
    "ID Number": "908630",
    "Name": "Makolli, Perparim",
    "Fed": "KOS",
    "Sex": "M",
    "Title": "FM",
    "WTit": "",
    "OTit": "",
    "Rating": "2267",
    "Gms": "0",
    "K": "20",
    "RatingMonth": "SEP25",
    "B-day": "1965",
    "Flag": ""
  },
  {
    "ID Number": "22107819",
    "Name": "Maksuti, Astrit",
    "Fed": "KOS",
    "Sex": "M",
    "Title": "",
    "WTit": "",
    "OTit": "",
    "Rating": "1527",
    "Gms": "0",
    "K": "40",
    "RatingMonth": "SEP25",
    "B-day": "1997",
    "Flag": ""
  },
  {
    "ID Number": "22101225",
    "Name": "Maloku, Ismet",
    "Fed": "KOS",
    "Sex": "M",
    "Title": "",
    "WTit": "",
    "OTit": "",
    "Rating": "1998",
    "Gms": "0",
    "K": "40",
    "RatingMonth": "SEP25",
    "B-day": "1959",
    "Flag": "i"
  },
  {
    "ID Number": "22106804",
    "Name": "Mani, Ron",
    "Fed": "KOS",
    "Sex": "M",
    "Title": "",
    "WTit": "",
    "OTit": "",
    "Rating": "1707",
    "Gms": "0",
    "K": "40",
    "RatingMonth": "SEP25",
    "B-day": "2008",
    "Flag": ""
  },
  {
    "ID Number": "4702433",
    "Name": "Maqkavci, Rizah",
    "Fed": "KOS",
    "Sex": "M",
    "Title": "",
    "WTit": "",
    "OTit": "",
    "Rating": "1817",
    "Gms": "0",
    "K": "40",
    "RatingMonth": "SEP25",
    "B-day": "1952",
    "Flag": "i"
  },
  {
    "ID Number": "22100539",
    "Name": "Markaj, Gege",
    "Fed": "KOS",
    "Sex": "M",
    "Title": "",
    "WTit": "",
    "OTit": "",
    "Rating": "1794",
    "Gms": "0",
    "K": "40",
    "RatingMonth": "SEP25",
    "B-day": "1980",
    "Flag": "i"
  },
  {
    "ID Number": "22101888",
    "Name": "Maxhuni, Vehbi",
    "Fed": "KOS",
    "Sex": "M",
    "Title": "",
    "WTit": "",
    "OTit": "",
    "Rating": "1879",
    "Gms": "0",
    "K": "40",
    "RatingMonth": "SEP25",
    "B-day": "1984",
    "Flag": "i"
  },
  {
    "ID Number": "22100121",
    "Name": "Mazrekaj, Islam",
    "Fed": "KOS",
    "Sex": "M",
    "Title": "",
    "WTit": "",
    "OTit": "",
    "Rating": "2057",
    "Gms": "0",
    "K": "40",
    "RatingMonth": "SEP25",
    "B-day": "1964",
    "Flag": "i"
  },
  {
    "ID Number": "3600297",
    "Name": "Mehaj, Driton",
    "Fed": "KOS",
    "Sex": "M",
    "Title": "",
    "WTit": "",
    "OTit": "",
    "Rating": "2126",
    "Gms": "0",
    "K": "20",
    "RatingMonth": "SEP25",
    "B-day": "1972",
    "Flag": "i"
  },
  {
    "ID Number": "22100610",
    "Name": "Mehmeti, Shqipdon",
    "Fed": "KOS",
    "Sex": "M",
    "Title": "",
    "WTit": "",
    "OTit": "",
    "Rating": "2148",
    "Gms": "0",
    "K": "20",
    "RatingMonth": "SEP25",
    "B-day": "2000",
    "Flag": ""
  },
  {
    "ID Number": "22106197",
    "Name": "Mejzini, Sami",
    "Fed": "KOS",
    "Sex": "M",
    "Title": "",
    "WTit": "",
    "OTit": "",
    "Rating": "1819",
    "Gms": "0",
    "K": "40",
    "RatingMonth": "SEP25",
    "B-day": "1967",
    "Flag": "i"
  },
  {
    "ID Number": "22104941",
    "Name": "Memaj, Ramadan",
    "Fed": "KOS",
    "Sex": "M",
    "Title": "",
    "WTit": "",
    "OTit": "",
    "Rating": "1952",
    "Gms": "0",
    "K": "40",
    "RatingMonth": "SEP25",
    "B-day": "1977",
    "Flag": ""
  },
  {
    "ID Number": "4701488",
    "Name": "Misini, Burhanudin",
    "Fed": "KOS",
    "Sex": "M",
    "Title": "",
    "WTit": "",
    "OTit": "",
    "Rating": "2040",
    "Gms": "0",
    "K": "20",
    "RatingMonth": "SEP25",
    "B-day": "1968",
    "Flag": ""
  },
  {
    "ID Number": "22105832",
    "Name": "Mjeku, Besart",
    "Fed": "KOS",
    "Sex": "M",
    "Title": "",
    "WTit": "",
    "OTit": "",
    "Rating": "1850",
    "Gms": "0",
    "K": "40",
    "RatingMonth": "SEP25",
    "B-day": "1999",
    "Flag": "i"
  },
  {
    "ID Number": "3615685",
    "Name": "Morina, Brahim",
    "Fed": "KOS",
    "Sex": "M",
    "Title": "",
    "WTit": "",
    "OTit": "",
    "Rating": "2001",
    "Gms": "0",
    "K": "40",
    "RatingMonth": "SEP25",
    "B-day": "1962",
    "Flag": ""
  },
  {
    "ID Number": "22107681",
    "Name": "Morina, Fadil",
    "Fed": "KOS",
    "Sex": "M",
    "Title": "",
    "WTit": "",
    "OTit": "",
    "Rating": "1866",
    "Gms": "0",
    "K": "40",
    "RatingMonth": "SEP25",
    "B-day": "1969",
    "Flag": ""
  },
  {
    "ID Number": "22101934",
    "Name": "Morina, Shqipron",
    "Fed": "KOS",
    "Sex": "M",
    "Title": "",
    "WTit": "",
    "OTit": "",
    "Rating": "1969",
    "Gms": "0",
    "K": "40",
    "RatingMonth": "SEP25",
    "B-day": "1993",
    "Flag": ""
  },
  {
    "ID Number": "22101195",
    "Name": "Muja, Remzi",
    "Fed": "KOS",
    "Sex": "M",
    "Title": "",
    "WTit": "",
    "OTit": "",
    "Rating": "2027",
    "Gms": "0",
    "K": "40",
    "RatingMonth": "SEP25",
    "B-day": "1973",
    "Flag": "i"
  },
  {
    "ID Number": "22101403",
    "Name": "Mujovi, Mehmedalia",
    "Fed": "KOS",
    "Sex": "M",
    "Title": "",
    "WTit": "",
    "OTit": "",
    "Rating": "1863",
    "Gms": "0",
    "K": "40",
    "RatingMonth": "SEP25",
    "B-day": "1958",
    "Flag": "i"
  },
  {
    "ID Number": "22100830",
    "Name": "Mulolli, Ali",
    "Fed": "KOS",
    "Sex": "M",
    "Title": "",
    "WTit": "",
    "OTit": "",
    "Rating": "1947",
    "Gms": "0",
    "K": "40",
    "RatingMonth": "SEP25",
    "B-day": "1966",
    "Flag": "i"
  },
  {
    "ID Number": "22100164",
    "Name": "Murati, Ramus",
    "Fed": "KOS",
    "Sex": "M",
    "Title": "",
    "WTit": "",
    "OTit": "",
    "Rating": "1911",
    "Gms": "0",
    "K": "20",
    "RatingMonth": "SEP25",
    "B-day": "1974",
    "Flag": ""
  },
  {
    "ID Number": "22101683",
    "Name": "Murseli, Ujup",
    "Fed": "KOS",
    "Sex": "M",
    "Title": "",
    "WTit": "",
    "OTit": "",
    "Rating": "AFM",
    "Gms": "1916",
    "K": "0",
    "RatingMonth": "SEP25",
    "B-day": "1964",
    "Flag": "i"
  },
  {
    "ID Number": "22100385",
    "Name": "Musa, Bahri",
    "Fed": "KOS",
    "Sex": "M",
    "Title": "",
    "WTit": "",
    "OTit": "",
    "Rating": "1938",
    "Gms": "0",
    "K": "20",
    "RatingMonth": "SEP25",
    "B-day": "1973",
    "Flag": ""
  },
  {
    "ID Number": "22103996",
    "Name": "Musa, Xhelal",
    "Fed": "KOS",
    "Sex": "M",
    "Title": "",
    "WTit": "",
    "OTit": "",
    "Rating": "1867",
    "Gms": "0",
    "K": "40",
    "RatingMonth": "SEP25",
    "B-day": "1968",
    "Flag": ""
  },
  {
    "ID Number": "22106022",
    "Name": "Music, Tarik",
    "Fed": "KOS",
    "Sex": "M",
    "Title": "",
    "WTit": "",
    "OTit": "",
    "Rating": "1857",
    "Gms": "0",
    "K": "40",
    "RatingMonth": "SEP25",
    "B-day": "1996",
    "Flag": ""
  },
  {
    "ID Number": "22108270",
    "Name": "Musliu, Bled",
    "Fed": "KOS",
    "Sex": "M",
    "Title": "",
    "WTit": "",
    "OTit": "",
    "Rating": "1523",
    "Gms": "0",
    "K": "40",
    "RatingMonth": "SEP25",
    "B-day": "2010",
    "Flag": ""
  },
  {
    "ID Number": "22101047",
    "Name": "Neziri, Reshat",
    "Fed": "KOS",
    "Sex": "M",
    "Title": "",
    "WTit": "",
    "OTit": "",
    "Rating": "2017",
    "Gms": "0",
    "K": "20",
    "RatingMonth": "SEP25",
    "B-day": "1959",
    "Flag": ""
  },
  {
    "ID Number": "937576",
    "Name": "Ondozi, Murtez",
    "Fed": "KOS",
    "Sex": "M",
    "Title": "FM",
    "WTit": "",
    "OTit": "",
    "Rating": "2319",
    "Gms": "2",
    "K": "10",
    "RatingMonth": "SEP25",
    "B-day": "1979",
    "Flag": ""
  },
  {
    "ID Number": "664782",
    "Name": "Osmani, Arif",
    "Fed": "KOS",
    "Sex": "M",
    "Title": "",
    "WTit": "",
    "OTit": "",
    "Rating": "1850",
    "Gms": "0",
    "K": "20",
    "RatingMonth": "SEP25",
    "B-day": "1959",
    "Flag": "i"
  },
  {
    "ID Number": "14400731",
    "Name": "Osmani, Remzi",
    "Fed": "KOS",
    "Sex": "M",
    "Title": "",
    "WTit": "",
    "OTit": "",
    "Rating": "2163",
    "Gms": "0",
    "K": "20",
    "RatingMonth": "SEP25",
    "B-day": "1957",
    "Flag": "i"
  },
  {
    "ID Number": "22100130",
    "Name": "Pangjaj, Xhemajl",
    "Fed": "KOS",
    "Sex": "M",
    "Title": "",
    "WTit": "",
    "OTit": "",
    "Rating": "1956",
    "Gms": "0",
    "K": "40",
    "RatingMonth": "SEP25",
    "B-day": "1954",
    "Flag": "i"
  },
  {
    "ID Number": "4702336",
    "Name": "Pirraku, Mergim",
    "Fed": "KOS",
    "Sex": "M",
    "Title": "",
    "WTit": "",
    "OTit": "",
    "Rating": "1862",
    "Gms": "0",
    "K": "20",
    "RatingMonth": "SEP25",
    "B-day": "1986",
    "Flag": "i"
  },
  {
    "ID Number": "22108289",
    "Name": "Pllana, Alba",
    "Fed": "KOS",
    "Sex": "F",
    "Title": "",
    "WTit": "",
    "OTit": "",
    "Rating": "1406",
    "Gms": "0",
    "K": "40",
    "RatingMonth": "SEP25",
    "B-day": "2012",
    "Flag": "w"
  },
  {
    "ID Number": "22108254",
    "Name": "Pllana, Jon",
    "Fed": "KOS",
    "Sex": "M",
    "Title": "",
    "WTit": "",
    "OTit": "",
    "Rating": "1448",
    "Gms": "0",
    "K": "40",
    "RatingMonth": "SEP25",
    "B-day": "2015",
    "Flag": ""
  },
  {
    "ID Number": "22101438",
    "Name": "Prenaj, Veton",
    "Fed": "KOS",
    "Sex": "M",
    "Title": "",
    "WTit": "",
    "OTit": "",
    "Rating": "1857",
    "Gms": "0",
    "K": "40",
    "RatingMonth": "SEP25",
    "B-day": "2002",
    "Flag": "i"
  },
  {
    "ID Number": "22102515",
    "Name": "Prenku, Behlul",
    "Fed": "KOS",
    "Sex": "M",
    "Title": "",
    "WTit": "",
    "OTit": "",
    "Rating": "1999",
    "Gms": "0",
    "K": "40",
    "RatingMonth": "SEP25",
    "B-day": "1975",
    "Flag": "i"
  },
  {
    "ID Number": "953890",
    "Name": "Prokshaj, Imer",
    "Fed": "KOS",
    "Sex": "M",
    "Title": "",
    "WTit": "",
    "OTit": "",
    "Rating": "1978",
    "Gms": "0",
    "K": "20",
    "RatingMonth": "SEP25",
    "B-day": "1960",
    "Flag": "i"
  },
  {
    "ID Number": "22106855",
    "Name": "Qerkini, Rinesa",
    "Fed": "KOS",
    "Sex": "F",
    "Title": "",
    "WTit": "",
    "OTit": "",
    "Rating": "1437",
    "Gms": "0",
    "K": "40",
    "RatingMonth": "SEP25",
    "B-day": "2005",
    "Flag": "wi"
  },
  {
    "ID Number": "4702107",
    "Name": "Qorri, Fatmir",
    "Fed": "KOS",
    "Sex": "M",
    "Title": "",
    "WTit": "",
    "OTit": "",
    "Rating": "1963",
    "Gms": "0",
    "K": "20",
    "RatingMonth": "SEP25",
    "B-day": "1963",
    "Flag": ""
  },
  {
    "ID Number": "22100032",
    "Name": "Qorrolli, Fehim",
    "Fed": "KOS",
    "Sex": "M",
    "Title": "",
    "WTit": "NA",
    "OTit": "",
    "Rating": "1999",
    "Gms": "0",
    "K": "20",
    "RatingMonth": "SEP25",
    "B-day": "1970",
    "Flag": ""
  },
  {
    "ID Number": "22100881",
    "Name": "Qorrolli, Qemajl",
    "Fed": "KOS",
    "Sex": "M",
    "Title": "",
    "WTit": "",
    "OTit": "",
    "Rating": "1933",
    "Gms": "0",
    "K": "20",
    "RatingMonth": "SEP25",
    "B-day": "1950",
    "Flag": ""
  },
  {
    "ID Number": "3623300",
    "Name": "Qorrolli, Shpresmir",
    "Fed": "KOS",
    "Sex": "M",
    "Title": "",
    "WTit": "",
    "OTit": "",
    "Rating": "1815",
    "Gms": "0",
    "K": "40",
    "RatingMonth": "SEP25",
    "B-day": "1996",
    "Flag": "i"
  },
  {
    "ID Number": "22101446",
    "Name": "Rama, Adem",
    "Fed": "KOS",
    "Sex": "M",
    "Title": "",
    "WTit": "",
    "OTit": "",
    "Rating": "1795",
    "Gms": "0",
    "K": "40",
    "RatingMonth": "SEP25",
    "B-day": "2000",
    "Flag": "i"
  },
  {
    "ID Number": "22100482",
    "Name": "Rama, Bajram",
    "Fed": "KOS",
    "Sex": "M",
    "Title": "",
    "WTit": "",
    "OTit": "",
    "Rating": "1904",
    "Gms": "0",
    "K": "40",
    "RatingMonth": "SEP25",
    "B-day": "1964",
    "Flag": ""
  },
  {
    "ID Number": "22101063",
    "Name": "Rama, Rame",
    "Fed": "KOS",
    "Sex": "M",
    "Title": "",
    "WTit": "",
    "OTit": "",
    "Rating": "1992",
    "Gms": "0",
    "K": "20",
    "RatingMonth": "SEP25",
    "B-day": "1969",
    "Flag": ""
  },
  {
    "ID Number": "22107550",
    "Name": "Ramiqi, Driton",
    "Fed": "KOS",
    "Sex": "M",
    "Title": "",
    "WTit": "",
    "OTit": "",
    "Rating": "1732",
    "Gms": "0",
    "K": "40",
    "RatingMonth": "SEP25",
    "B-day": "1983",
    "Flag": ""
  },
  {
    "ID Number": "22100725",
    "Name": "Rashica, Drilon",
    "Fed": "KOS",
    "Sex": "M",
    "Title": "",
    "WTit": "",
    "OTit": "",
    "Rating": "1853",
    "Gms": "0",
    "K": "40",
    "RatingMonth": "SEP25",
    "B-day": "2001",
    "Flag": "i"
  },
  {
    "ID Number": "22105239",
    "Name": "Recica, Jona",
    "Fed": "KOS",
    "Sex": "F",
    "Title": "",
    "WTit": "",
    "OTit": "",
    "Rating": "1797",
    "Gms": "0",
    "K": "40",
    "RatingMonth": "SEP25",
    "B-day": "2008",
    "Flag": "w"
  },
  {
    "ID Number": "22105255",
    "Name": "Recica, Rron",
    "Fed": "KOS",
    "Sex": "M",
    "Title": "",
    "WTit": "",
    "OTit": "",
    "Rating": "1619",
    "Gms": "0",
    "K": "40",
    "RatingMonth": "SEP25",
    "B-day": "2011",
    "Flag": ""
  },
  {
    "ID Number": "22102892",
    "Name": "Redenica, Elbion",
    "Fed": "KOS",
    "Sex": "M",
    "Title": "",
    "WTit": "",
    "OTit": "",
    "Rating": "1719",
    "Gms": "0",
    "K": "40",
    "RatingMonth": "SEP25",
    "B-day": "2004",
    "Flag": "i"
  },
  {
    "ID Number": "22101071",
    "Name": "Rexhaj, Imer",
    "Fed": "KOS",
    "Sex": "M",
    "Title": "",
    "WTit": "",
    "OTit": "",
    "Rating": "1983",
    "Gms": "0",
    "K": "40",
    "RatingMonth": "SEP25",
    "B-day": "1957",
    "Flag": ""
  },
  {
    "ID Number": "22106626",
    "Name": "Rexhepi, Dua",
    "Fed": "KOS",
    "Sex": "F",
    "Title": "",
    "WTit": "",
    "OTit": "",
    "Rating": "1487",
    "Gms": "0",
    "K": "40",
    "RatingMonth": "SEP25",
    "B-day": "2008",
    "Flag": "w"
  },
  {
    "ID Number": "22106693",
    "Name": "Rexhepi, Nasuf",
    "Fed": "KOS",
    "Sex": "M",
    "Title": "",
    "WTit": "",
    "OTit": "",
    "Rating": "1949",
    "Gms": "0",
    "K": "40",
    "RatingMonth": "SEP25",
    "B-day": "1988",
    "Flag": "i"
  },
  {
    "ID Number": "22101551",
    "Name": "Rexhepi, Qamil",
    "Fed": "KOS",
    "Sex": "M",
    "Title": "",
    "WTit": "",
    "OTit": "",
    "Rating": "1892",
    "Gms": "0",
    "K": "40",
    "RatingMonth": "SEP25",
    "B-day": "1967",
    "Flag": ""
  },
  {
    "ID Number": "22106120",
    "Name": "Rraqi, Rrahim",
    "Fed": "KOS",
    "Sex": "M",
    "Title": "",
    "WTit": "",
    "OTit": "",
    "Rating": "1730",
    "Gms": "0",
    "K": "40",
    "RatingMonth": "SEP25",
    "B-day": "1966",
    "Flag": "i"
  },
  {
    "ID Number": "22105034",
    "Name": "Rrotlla, Sali",
    "Fed": "KOS",
    "Sex": "M",
    "Title": "",
    "WTit": "",
    "OTit": "",
    "Rating": "1664",
    "Gms": "0",
    "K": "40",
    "RatingMonth": "SEP25",
    "B-day": "1956",
    "Flag": ""
  },
  {
    "ID Number": "1528629",
    "Name": "Rukovci, Shemsi",
    "Fed": "KOS",
    "Sex": "M",
    "Title": "",
    "WTit": "",
    "OTit": "",
    "Rating": "1963",
    "Gms": "0",
    "K": "20",
    "RatingMonth": "SEP25",
    "B-day": "1963",
    "Flag": ""
  },
  {
    "ID Number": "22105190",
    "Name": "Ruli, Sufjan",
    "Fed": "KOS",
    "Sex": "M",
    "Title": "",
    "WTit": "",
    "OTit": "",
    "Rating": "1541",
    "Gms": "0",
    "K": "40",
    "RatingMonth": "SEP25",
    "B-day": "2008",
    "Flag": "i"
  },
  {
    "ID Number": "22104640",
    "Name": "Rushiti, Bujar",
    "Fed": "KOS",
    "Sex": "M",
    "Title": "",
    "WTit": "",
    "OTit": "",
    "Rating": "1756",
    "Gms": "0",
    "K": "40",
    "RatingMonth": "SEP25",
    "B-day": "1970",
    "Flag": "i"
  },
  {
    "ID Number": "952230",
    "Name": "Rushiti, Halit",
    "Fed": "KOS",
    "Sex": "M",
    "Title": "",
    "WTit": "",
    "OTit": "",
    "Rating": "1928",
    "Gms": "0",
    "K": "40",
    "RatingMonth": "SEP25",
    "B-day": "1965",
    "Flag": "i"
  },
  {
    "ID Number": "915998",
    "Name": "Sadiku, Bedri",
    "Fed": "KOS",
    "Sex": "M",
    "Title": "IM",
    "WTit": "",
    "OTit": "",
    "Rating": "2128",
    "Gms": "0",
    "K": "20",
    "RatingMonth": "SEP25",
    "B-day": "1953",
    "Flag": ""
  },
  {
    "ID Number": "22105999",
    "Name": "Sadiku, Nexhat",
    "Fed": "KOS",
    "Sex": "M",
    "Title": "",
    "WTit": "",
    "OTit": "",
    "Rating": "1884",
    "Gms": "0",
    "K": "40",
    "RatingMonth": "SEP25",
    "B-day": "1959",
    "Flag": ""
  },
  {
    "ID Number": "22105298",
    "Name": "Sadiku, Ylber",
    "Fed": "KOS",
    "Sex": "M",
    "Title": "",
    "WTit": "",
    "OTit": "",
    "Rating": "1820",
    "Gms": "0",
    "K": "20",
    "RatingMonth": "SEP25",
    "B-day": "1992",
    "Flag": ""
  },
  {
    "ID Number": "1308424",
    "Name": "Sadrija, Enver",
    "Fed": "KOS",
    "Sex": "M",
    "Title": "",
    "WTit": "",
    "OTit": "",
    "Rating": "2173",
    "Gms": "0",
    "K": "20",
    "RatingMonth": "SEP25",
    "B-day": "1972",
    "Flag": ""
  },
  {
    "ID Number": "939137",
    "Name": "Sahitaj, Naim",
    "Fed": "KOS",
    "Sex": "M",
    "Title": "",
    "WTit": "",
    "OTit": "",
    "Rating": "2204",
    "Gms": "0",
    "K": "20",
    "RatingMonth": "SEP25",
    "B-day": "1973",
    "Flag": ""
  },
  {
    "ID Number": "4702395",
    "Name": "Sahiti, Jahjush",
    "Fed": "KOS",
    "Sex": "M",
    "Title": "",
    "WTit": "",
    "OTit": "",
    "Rating": "1997",
    "Gms": "0",
    "K": "20",
    "RatingMonth": "SEP25",
    "B-day": "1967",
    "Flag": ""
  },
  {
    "ID Number": "22101080",
    "Name": "Saiti, Eldit",
    "Fed": "KOS",
    "Sex": "M",
    "Title": "",
    "WTit": "",
    "OTit": "",
    "Rating": "AIM",
    "Gms": "2101",
    "K": "0",
    "RatingMonth": "SEP25",
    "B-day": "1987",
    "Flag": ""
  },
  {
    "ID Number": "22105956",
    "Name": "Salihu, Lavderim",
    "Fed": "KOS",
    "Sex": "M",
    "Title": "",
    "WTit": "",
    "OTit": "",
    "Rating": "1836",
    "Gms": "0",
    "K": "40",
    "RatingMonth": "SEP25",
    "B-day": "1997",
    "Flag": "i"
  },
  {
    "ID Number": "22104658",
    "Name": "Salihu, Ramadan",
    "Fed": "KOS",
    "Sex": "M",
    "Title": "",
    "WTit": "",
    "OTit": "",
    "Rating": "1604",
    "Gms": "0",
    "K": "40",
    "RatingMonth": "SEP25",
    "B-day": "1964",
    "Flag": "i"
  },
  {
    "ID Number": "935476",
    "Name": "Salihu, Sami",
    "Fed": "KOS",
    "Sex": "M",
    "Title": "",
    "WTit": "",
    "OTit": "",
    "Rating": "2166",
    "Gms": "0",
    "K": "20",
    "RatingMonth": "SEP25",
    "B-day": "1962",
    "Flag": ""
  },
  {
    "ID Number": "22102558",
    "Name": "Salihu, Xhevat",
    "Fed": "KOS",
    "Sex": "M",
    "Title": "",
    "WTit": "",
    "OTit": "",
    "Rating": "1764",
    "Gms": "0",
    "K": "40",
    "RatingMonth": "SEP25",
    "B-day": "1958",
    "Flag": "i"
  },
  {
    "ID Number": "4701968",
    "Name": "Saraci, Korab",
    "Fed": "KOS",
    "Sex": "M",
    "Title": "CM",
    "WTit": "",
    "OTit": "",
    "Rating": "2197",
    "Gms": "0",
    "K": "20",
    "RatingMonth": "SEP25",
    "B-day": "2003",
    "Flag": ""
  },
  {
    "ID Number": "4702115",
    "Name": "Saraci, Liman",
    "Fed": "KOS",
    "Sex": "M",
    "Title": "",
    "WTit": "",
    "OTit": "",
    "Rating": "1953",
    "Gms": "0",
    "K": "20",
    "RatingMonth": "SEP25",
    "B-day": "1959",
    "Flag": "i"
  },
  {
    "ID Number": "6351921",
    "Name": "Saraci, Nderim",
    "Fed": "KOS",
    "Sex": "M",
    "Title": "IM",
    "WTit": "",
    "OTit": "",
    "Rating": "2445",
    "Gms": "9",
    "K": "10",
    "RatingMonth": "SEP25",
    "B-day": "1996",
    "Flag": ""
  },
  {
    "ID Number": "969095",
    "Name": "Saraci, Ndriqona",
    "Fed": "KOS",
    "Sex": "F",
    "Title": "WCM",
    "WTit": "WCM",
    "OTit": "FA",
    "Rating": "1667",
    "Gms": "0",
    "K": "20",
    "RatingMonth": "SEP25",
    "B-day": "2000",
    "Flag": "w"
  },
  {
    "ID Number": "22103848",
    "Name": "Saraci, Nita",
    "Fed": "KOS",
    "Sex": "F",
    "Title": "",
    "WTit": "FA",
    "OTit": "",
    "Rating": "1691",
    "Gms": "0",
    "K": "40",
    "RatingMonth": "SEP25",
    "B-day": "1994",
    "Flag": "w"
  },
  {
    "ID Number": "4701933",
    "Name": "Saraci, Osman",
    "Fed": "KOS",
    "Sex": "M",
    "Title": "",
    "WTit": "",
    "OTit": "",
    "Rating": "2067",
    "Gms": "0",
    "K": "20",
    "RatingMonth": "SEP25",
    "B-day": "1963",
    "Flag": ""
  },
  {
    "ID Number": "4701976",
    "Name": "Saraci, Rinesa",
    "Fed": "KOS",
    "Sex": "F",
    "Title": "WCM",
    "WTit": "WCM",
    "OTit": "",
    "Rating": "1715",
    "Gms": "0",
    "K": "20",
    "RatingMonth": "SEP25",
    "B-day": "2005",
    "Flag": "w"
  },
  {
    "ID Number": "22100873",
    "Name": "Sejdiu, Bekim",
    "Fed": "KOS",
    "Sex": "M",
    "Title": "",
    "WTit": "",
    "OTit": "",
    "Rating": "2038",
    "Gms": "0",
    "K": "20",
    "RatingMonth": "SEP25",
    "B-day": "1972",
    "Flag": ""
  },
  {
    "ID Number": "22102370",
    "Name": "Sejdiu, Fadil",
    "Fed": "KOS",
    "Sex": "M",
    "Title": "",
    "WTit": "",
    "OTit": "",
    "Rating": "2024",
    "Gms": "0",
    "K": "40",
    "RatingMonth": "SEP25",
    "B-day": "1960",
    "Flag": "i"
  },
  {
    "ID Number": "22102060",
    "Name": "Sejdiu, Hysni",
    "Fed": "KOS",
    "Sex": "M",
    "Title": "",
    "WTit": "",
    "OTit": "",
    "Rating": "1883",
    "Gms": "0",
    "K": "40",
    "RatingMonth": "SEP25",
    "B-day": "1968",
    "Flag": ""
  },
  {
    "ID Number": "22100580",
    "Name": "Selimi, Shaip",
    "Fed": "KOS",
    "Sex": "M",
    "Title": "",
    "WTit": "",
    "OTit": "",
    "Rating": "1863",
    "Gms": "0",
    "K": "20",
    "RatingMonth": "SEP25",
    "B-day": "1940",
    "Flag": "i"
  },
  {
    "ID Number": "22101578",
    "Name": "Selimi, Valon",
    "Fed": "KOS",
    "Sex": "M",
    "Title": "",
    "WTit": "",
    "OTit": "",
    "Rating": "1930",
    "Gms": "0",
    "K": "40",
    "RatingMonth": "SEP25",
    "B-day": "1985",
    "Flag": ""
  },
  {
    "ID Number": "1334352",
    "Name": "Selimi, Vesel",
    "Fed": "KOS",
    "Sex": "M",
    "Title": "",
    "WTit": "",
    "OTit": "",
    "Rating": "1992",
    "Gms": "0",
    "K": "20",
    "RatingMonth": "SEP25",
    "B-day": "1987",
    "Flag": "i"
  },
  {
    "ID Number": "22100105",
    "Name": "Selmanaj, Besim",
    "Fed": "KOS",
    "Sex": "M",
    "Title": "",
    "WTit": "",
    "OTit": "",
    "Rating": "2046",
    "Gms": "0",
    "K": "40",
    "RatingMonth": "SEP25",
    "B-day": "1966",
    "Flag": "i"
  },
  {
    "ID Number": "22100776",
    "Name": "Selmanaj, Betim",
    "Fed": "KOS",
    "Sex": "M",
    "Title": "",
    "WTit": "",
    "OTit": "",
    "Rating": "1900",
    "Gms": "0",
    "K": "40",
    "RatingMonth": "SEP25",
    "B-day": "1986",
    "Flag": "i"
  },
  {
    "ID Number": "22103686",
    "Name": "Shabani, Abdullah",
    "Fed": "KOS",
    "Sex": "M",
    "Title": "",
    "WTit": "",
    "OTit": "",
    "Rating": "2090",
    "Gms": "0",
    "K": "40",
    "RatingMonth": "SEP25",
    "B-day": "1964",
    "Flag": "i"
  },
  {
    "ID Number": "22104666",
    "Name": "Shabani, Blerim",
    "Fed": "KOS",
    "Sex": "M",
    "Title": "",
    "WTit": "",
    "OTit": "",
    "Rating": "1461",
    "Gms": "0",
    "K": "40",
    "RatingMonth": "SEP25",
    "B-day": "1966",
    "Flag": "i"
  },
  {
    "ID Number": "22105310",
    "Name": "Shahini, Muhamet",
    "Fed": "KOS",
    "Sex": "M",
    "Title": "",
    "WTit": "",
    "OTit": "",
    "Rating": "1828",
    "Gms": "0",
    "K": "40",
    "RatingMonth": "SEP25",
    "B-day": "1997",
    "Flag": "i"
  },
  {
    "ID Number": "22100474",
    "Name": "Shala, Arxhend",
    "Fed": "KOS",
    "Sex": "M",
    "Title": "",
    "WTit": "",
    "OTit": "",
    "Rating": "2054",
    "Gms": "0",
    "K": "40",
    "RatingMonth": "SEP25",
    "B-day": "1993",
    "Flag": "i"
  },
  {
    "ID Number": "955400",
    "Name": "Shala, Behxhet",
    "Fed": "KOS",
    "Sex": "M",
    "Title": "",
    "WTit": "",
    "OTit": "",
    "Rating": "2071",
    "Gms": "0",
    "K": "40",
    "RatingMonth": "SEP25",
    "B-day": "1978",
    "Flag": "i"
  },
  {
    "ID Number": "22105050",
    "Name": "Shala, Nexhmi",
    "Fed": "KOS",
    "Sex": "M",
    "Title": "",
    "WTit": "",
    "OTit": "",
    "Rating": "1947",
    "Gms": "0",
    "K": "40",
    "RatingMonth": "SEP25",
    "B-day": "1952",
    "Flag": ""
  },
  {
    "ID Number": "3612279",
    "Name": "Shala, Shemsi",
    "Fed": "KOS",
    "Sex": "M",
    "Title": "",
    "WTit": "",
    "OTit": "",
    "Rating": "1885",
    "Gms": "0",
    "K": "40",
    "RatingMonth": "SEP25",
    "B-day": "1959",
    "Flag": "i"
  },
  {
    "ID Number": "22102396",
    "Name": "Sharku, Avdarmon",
    "Fed": "KOS",
    "Sex": "M",
    "Title": "",
    "WTit": "",
    "OTit": "",
    "Rating": "1893",
    "Gms": "0",
    "K": "40",
    "RatingMonth": "SEP25",
    "B-day": "1972",
    "Flag": "i"
  },
  {
    "ID Number": "22104593",
    "Name": "Sharku, Elma",
    "Fed": "KOS",
    "Sex": "F",
    "Title": "",
    "WTit": "",
    "OTit": "",
    "Rating": "1471",
    "Gms": "0",
    "K": "40",
    "RatingMonth": "SEP25",
    "B-day": "2004",
    "Flag": "w"
  },
  {
    "ID Number": "22100091",
    "Name": "Sharku, Enesa",
    "Fed": "KOS",
    "Sex": "F",
    "Title": "",
    "WTit": "",
    "OTit": "",
    "Rating": "1461",
    "Gms": "0",
    "K": "20",
    "RatingMonth": "SEP25",
    "B-day": "2002",
    "Flag": "wi"
  },
  {
    "ID Number": "22105174",
    "Name": "Sharku, Rona",
    "Fed": "KOS",
    "Sex": "F",
    "Title": "",
    "WTit": "",
    "OTit": "",
    "Rating": "1409",
    "Gms": "0",
    "K": "40",
    "RatingMonth": "SEP25",
    "B-day": "2009",
    "Flag": "wi"
  },
  {
    "ID Number": "22105182",
    "Name": "Sharku, Uvejs",
    "Fed": "KOS",
    "Sex": "M",
    "Title": "",
    "WTit": "",
    "OTit": "",
    "Rating": "1554",
    "Gms": "0",
    "K": "40",
    "RatingMonth": "SEP25",
    "B-day": "2012",
    "Flag": ""
  },
  {
    "ID Number": "3612287",
    "Name": "Shatri, Faik",
    "Fed": "KOS",
    "Sex": "M",
    "Title": "",
    "WTit": "",
    "OTit": "",
    "Rating": "2047",
    "Gms": "0",
    "K": "40",
    "RatingMonth": "SEP25",
    "B-day": "1969",
    "Flag": "i"
  },
  {
    "ID Number": "22101098",
    "Name": "Shehu, Mulaim",
    "Fed": "KOS",
    "Sex": "M",
    "Title": "",
    "WTit": "",
    "OTit": "",
    "Rating": "1921",
    "Gms": "0",
    "K": "40",
    "RatingMonth": "SEP25",
    "B-day": "1956",
    "Flag": "i"
  },
  {
    "ID Number": "22101799",
    "Name": "Shehu, Sejfulla",
    "Fed": "KOS",
    "Sex": "M",
    "Title": "",
    "WTit": "",
    "OTit": "",
    "Rating": "1963",
    "Gms": "0",
    "K": "40",
    "RatingMonth": "SEP25",
    "B-day": "1953",
    "Flag": "i"
  },
  {
    "ID Number": "22100628",
    "Name": "Sherifi, Shemsedin",
    "Fed": "KOS",
    "Sex": "M",
    "Title": "",
    "WTit": "",
    "OTit": "",
    "Rating": "1937",
    "Gms": "0",
    "K": "20",
    "RatingMonth": "SEP25",
    "B-day": "1958",
    "Flag": ""
  },
  {
    "ID Number": "22101764",
    "Name": "Shita, Bujar, Dr.",
    "Fed": "KOS",
    "Sex": "M",
    "Title": "",
    "WTit": "NA",
    "OTit": "",
    "Rating": "AIM",
    "Gms": "1828",
    "K": "0",
    "RatingMonth": "SEP25",
    "B-day": "1959",
    "Flag": ""
  },
  {
    "ID Number": "22107703",
    "Name": "Shkololli, Loant",
    "Fed": "KOS",
    "Sex": "M",
    "Title": "",
    "WTit": "",
    "OTit": "",
    "Rating": "1688",
    "Gms": "0",
    "K": "40",
    "RatingMonth": "SEP25",
    "B-day": "2009",
    "Flag": ""
  },
  {
    "ID Number": "22103830",
    "Name": "Shkurti, Bashkim",
    "Fed": "KOS",
    "Sex": "M",
    "Title": "",
    "WTit": "",
    "OTit": "",
    "Rating": "2009",
    "Gms": "0",
    "K": "20",
    "RatingMonth": "SEP25",
    "B-day": "1953",
    "Flag": ""
  },
  {
    "ID Number": "22103570",
    "Name": "Shtavica, Alaudin",
    "Fed": "KOS",
    "Sex": "M",
    "Title": "",
    "WTit": "",
    "OTit": "",
    "Rating": "1940",
    "Gms": "0",
    "K": "40",
    "RatingMonth": "SEP25",
    "B-day": "2007",
    "Flag": ""
  },
  {
    "ID Number": "22105964",
    "Name": "Sinani, Sinan",
    "Fed": "KOS",
    "Sex": "M",
    "Title": "",
    "WTit": "",
    "OTit": "",
    "Rating": "1894",
    "Gms": "0",
    "K": "40",
    "RatingMonth": "SEP25",
    "B-day": "1964",
    "Flag": "i"
  },
  {
    "ID Number": "22103384",
    "Name": "Sokoli, Afrim",
    "Fed": "KOS",
    "Sex": "M",
    "Title": "",
    "WTit": "",
    "OTit": "",
    "Rating": "1963",
    "Gms": "0",
    "K": "40",
    "RatingMonth": "SEP25",
    "B-day": "1990",
    "Flag": "i"
  },
  {
    "ID Number": "22104771",
    "Name": "Sopjani, Agim",
    "Fed": "KOS",
    "Sex": "M",
    "Title": "",
    "WTit": "",
    "OTit": "",
    "Rating": "1779",
    "Gms": "0",
    "K": "40",
    "RatingMonth": "SEP25",
    "B-day": "1956",
    "Flag": "i"
  },
  {
    "ID Number": "22101918",
    "Name": "Sopjani, Enver",
    "Fed": "KOS",
    "Sex": "M",
    "Title": "",
    "WTit": "",
    "OTit": "",
    "Rating": "1996",
    "Gms": "0",
    "K": "40",
    "RatingMonth": "SEP25",
    "B-day": "1958",
    "Flag": "i"
  },
  {
    "ID Number": "22101926",
    "Name": "Sopjani, Ismet",
    "Fed": "KOS",
    "Sex": "M",
    "Title": "",
    "WTit": "",
    "OTit": "",
    "Rating": "2032",
    "Gms": "0",
    "K": "40",
    "RatingMonth": "SEP25",
    "B-day": "1962",
    "Flag": "i"
  },
  {
    "ID Number": "22107886",
    "Name": "Sopjani, Sefer",
    "Fed": "KOS",
    "Sex": "M",
    "Title": "",
    "WTit": "",
    "OTit": "",
    "Rating": "1592",
    "Gms": "0",
    "K": "40",
    "RatingMonth": "SEP25",
    "B-day": "1967",
    "Flag": ""
  },
  {
    "ID Number": "22104909",
    "Name": "Spaiju, Bajram",
    "Fed": "KOS",
    "Sex": "M",
    "Title": "",
    "WTit": "",
    "OTit": "",
    "Rating": "1920",
    "Gms": "0",
    "K": "40",
    "RatingMonth": "SEP25",
    "B-day": "1968",
    "Flag": "i"
  },
  {
    "ID Number": "22100822",
    "Name": "Suhogerlla, Xhevat",
    "Fed": "KOS",
    "Sex": "M",
    "Title": "",
    "WTit": "",
    "OTit": "",
    "Rating": "2128",
    "Gms": "0",
    "K": "20",
    "RatingMonth": "SEP25",
    "B-day": "1957",
    "Flag": ""
  },
  {
    "ID Number": "4702344",
    "Name": "Sutaj, Sali",
    "Fed": "KOS",
    "Sex": "M",
    "Title": "",
    "WTit": "",
    "OTit": "",
    "Rating": "1774",
    "Gms": "0",
    "K": "40",
    "RatingMonth": "SEP25",
    "B-day": "1979",
    "Flag": "i"
  },
  {
    "ID Number": "22106707",
    "Name": "Sylejmani, Hekuran",
    "Fed": "KOS",
    "Sex": "M",
    "Title": "",
    "WTit": "",
    "OTit": "",
    "Rating": "1897",
    "Gms": "0",
    "K": "40",
    "RatingMonth": "SEP25",
    "B-day": "1994",
    "Flag": ""
  },
  {
    "ID Number": "4647548",
    "Name": "Tahiri, Daut",
    "Fed": "KOS",
    "Sex": "M",
    "Title": "",
    "WTit": "",
    "OTit": "",
    "Rating": "2086",
    "Gms": "0",
    "K": "20",
    "RatingMonth": "SEP25",
    "B-day": "1964",
    "Flag": "i"
  },
  {
    "ID Number": "22101101",
    "Name": "Tejeci, Zek",
    "Fed": "KOS",
    "Sex": "M",
    "Title": "",
    "WTit": "",
    "OTit": "",
    "Rating": "1924",
    "Gms": "0",
    "K": "40",
    "RatingMonth": "SEP25",
    "B-day": "1966",
    "Flag": "i"
  },
  {
    "ID Number": "22101144",
    "Name": "Thaqi, Avdyl",
    "Fed": "KOS",
    "Sex": "M",
    "Title": "",
    "WTit": "",
    "OTit": "",
    "Rating": "1681",
    "Gms": "0",
    "K": "40",
    "RatingMonth": "SEP25",
    "B-day": "1960",
    "Flag": "i"
  },
  {
    "ID Number": "22105603",
    "Name": "Thaqi, Avni",
    "Fed": "KOS",
    "Sex": "M",
    "Title": "",
    "WTit": "",
    "OTit": "",
    "Rating": "1890",
    "Gms": "0",
    "K": "40",
    "RatingMonth": "SEP25",
    "B-day": "1968",
    "Flag": "i"
  },
  {
    "ID Number": "22102744",
    "Name": "Tishuki, Daut",
    "Fed": "KOS",
    "Sex": "M",
    "Title": "",
    "WTit": "",
    "OTit": "",
    "Rating": "1735",
    "Gms": "0",
    "K": "20",
    "RatingMonth": "SEP25",
    "B-day": "1959",
    "Flag": ""
  },
  {
    "ID Number": "22100709",
    "Name": "Topalli, Ismet",
    "Fed": "KOS",
    "Sex": "M",
    "Title": "",
    "WTit": "",
    "OTit": "",
    "Rating": "1899",
    "Gms": "0",
    "K": "20",
    "RatingMonth": "SEP25",
    "B-day": "1960",
    "Flag": ""
  },
  {
    "ID Number": "22105301",
    "Name": "Uka, Vigan",
    "Fed": "KOS",
    "Sex": "M",
    "Title": "",
    "WTit": "",
    "OTit": "",
    "Rating": "AFM",
    "Gms": "1729",
    "K": "0",
    "RatingMonth": "SEP25",
    "B-day": "2001",
    "Flag": "i"
  },
  {
    "ID Number": "22101705",
    "Name": "Uruci, Ardit",
    "Fed": "KOS",
    "Sex": "M",
    "Title": "",
    "WTit": "",
    "OTit": "",
    "Rating": "1964",
    "Gms": "0",
    "K": "20",
    "RatingMonth": "SEP25",
    "B-day": "2002",
    "Flag": ""
  },
  {
    "ID Number": "22100717",
    "Name": "Uruci, Besim",
    "Fed": "KOS",
    "Sex": "M",
    "Title": "",
    "WTit": "",
    "OTit": "",
    "Rating": "2093",
    "Gms": "0",
    "K": "20",
    "RatingMonth": "SEP25",
    "B-day": "1973",
    "Flag": ""
  },
  {
    "ID Number": "22100199",
    "Name": "Uruci, Endrit",
    "Fed": "KOS",
    "Sex": "M",
    "Title": "FM",
    "WTit": "",
    "OTit": "",
    "Rating": "2347",
    "Gms": "0",
    "K": "20",
    "RatingMonth": "SEP25",
    "B-day": "2000",
    "Flag": ""
  },
  {
    "ID Number": "22101691",
    "Name": "Uruci, Valentin",
    "Fed": "KOS",
    "Sex": "M",
    "Title": "",
    "WTit": "",
    "OTit": "",
    "Rating": "1928",
    "Gms": "0",
    "K": "40",
    "RatingMonth": "SEP25",
    "B-day": "2007",
    "Flag": ""
  },
  {
    "ID Number": "22103139",
    "Name": "Velija, Ismajl",
    "Fed": "KOS",
    "Sex": "M",
    "Title": "",
    "WTit": "",
    "OTit": "",
    "Rating": "1805",
    "Gms": "0",
    "K": "40",
    "RatingMonth": "SEP25",
    "B-day": "1969",
    "Flag": "i"
  },
  {
    "ID Number": "22100520",
    "Name": "Vertopi, Faton",
    "Fed": "KOS",
    "Sex": "M",
    "Title": "",
    "WTit": "",
    "OTit": "",
    "Rating": "1829",
    "Gms": "0",
    "K": "20",
    "RatingMonth": "SEP25",
    "B-day": "1976",
    "Flag": "i"
  },
  {
    "ID Number": "22103635",
    "Name": "Vitia, Elfete",
    "Fed": "KOS",
    "Sex": "F",
    "Title": "WFM",
    "WTit": "WFM",
    "OTit": "",
    "Rating": "1832",
    "Gms": "0",
    "K": "40",
    "RatingMonth": "SEP25",
    "B-day": "1976",
    "Flag": "wi"
  },
  {
    "ID Number": "22100547",
    "Name": "Vrella, Hysen",
    "Fed": "KOS",
    "Sex": "M",
    "Title": "",
    "WTit": "",
    "OTit": "",
    "Rating": "2018",
    "Gms": "0",
    "K": "20",
    "RatingMonth": "SEP25",
    "B-day": "1967",
    "Flag": "i"
  },
  {
    "ID Number": "22101110",
    "Name": "Vrella, Luan",
    "Fed": "KOS",
    "Sex": "M",
    "Title": "",
    "WTit": "",
    "OTit": "",
    "Rating": "1947",
    "Gms": "0",
    "K": "20",
    "RatingMonth": "SEP25",
    "B-day": "1962",
    "Flag": "i"
  },
  {
    "ID Number": "22100156",
    "Name": "Xhakaj, Shehat",
    "Fed": "KOS",
    "Sex": "M",
    "Title": "",
    "WTit": "",
    "OTit": "",
    "Rating": "2066",
    "Gms": "0",
    "K": "20",
    "RatingMonth": "SEP25",
    "B-day": "1986",
    "Flag": "i"
  },
  {
    "ID Number": "4627733",
    "Name": "Xheladini, Mahmut",
    "Fed": "KOS",
    "Sex": "M",
    "Title": "FM",
    "WTit": "",
    "OTit": "",
    "Rating": "2102",
    "Gms": "0",
    "K": "20",
    "RatingMonth": "SEP25",
    "B-day": "1955",
    "Flag": ""
  },
  {
    "ID Number": "22105662",
    "Name": "Xhemaj, Samir",
    "Fed": "KOS",
    "Sex": "M",
    "Title": "",
    "WTit": "",
    "OTit": "",
    "Rating": "1872",
    "Gms": "0",
    "K": "40",
    "RatingMonth": "SEP25",
    "B-day": "1965",
    "Flag": "i"
  },
  {
    "ID Number": "22102760",
    "Name": "Ymeri, Rinor",
    "Fed": "KOS",
    "Sex": "M",
    "Title": "",
    "WTit": "",
    "OTit": "",
    "Rating": "1755",
    "Gms": "0",
    "K": "20",
    "RatingMonth": "SEP25",
    "B-day": "1984",
    "Flag": ""
  },
  {
    "ID Number": "3612309",
    "Name": "Zabergja, Bekim",
    "Fed": "KOS",
    "Sex": "M",
    "Title": "",
    "WTit": "",
    "OTit": "",
    "Rating": "1984",
    "Gms": "0",
    "K": "20",
    "RatingMonth": "SEP25",
    "B-day": "1967",
    "Flag": "i"
  },
  {
    "ID Number": "22107800",
    "Name": "Zajmi, Arian",
    "Fed": "KOS",
    "Sex": "M",
    "Title": "",
    "WTit": "",
    "OTit": "",
    "Rating": "1679",
    "Gms": "0",
    "K": "40",
    "RatingMonth": "SEP25",
    "B-day": "1973",
    "Flag": ""
  },
  {
    "ID Number": "3615707",
    "Name": "Zariqi, Latif",
    "Fed": "KOS",
    "Sex": "M",
    "Title": "",
    "WTit": "",
    "OTit": "",
    "Rating": "1749",
    "Gms": "0",
    "K": "40",
    "RatingMonth": "SEP25",
    "B-day": "1950",
    "Flag": "i"
  },
  {
    "ID Number": "22100040",
    "Name": "Zejnullahu, Behar",
    "Fed": "KOS",
    "Sex": "M",
    "Title": "",
    "WTit": "",
    "OTit": "",
    "Rating": "1998",
    "Gms": "0",
    "K": "20",
    "RatingMonth": "SEP25",
    "B-day": "1978",
    "Flag": "i"
  },
  {
    "ID Number": "22100954",
    "Name": "Zeka, Isa",
    "Fed": "KOS",
    "Sex": "M",
    "Title": "",
    "WTit": "",
    "OTit": "",
    "Rating": "1908",
    "Gms": "0",
    "K": "20",
    "RatingMonth": "SEP25",
    "B-day": "1965",
    "Flag": "i"
  },
  {
    "ID Number": "22104860",
    "Name": "Zenelaj, Agadir",
    "Fed": "KOS",
    "Sex": "M",
    "Title": "",
    "WTit": "",
    "OTit": "",
    "Rating": "1883",
    "Gms": "0",
    "K": "40",
    "RatingMonth": "SEP25",
    "B-day": "1960",
    "Flag": "i"
  },
  {
    "ID Number": "22100334",
    "Name": "Zeneli, Mentor",
    "Fed": "KOS",
    "Sex": "M",
    "Title": "",
    "WTit": "",
    "OTit": "",
    "Rating": "1968",
    "Gms": "0",
    "K": "20",
    "RatingMonth": "SEP25",
    "B-day": "1970",
    "Flag": ""
  },
  {
    "ID Number": "4702360",
    "Name": "Zenuni, Albert",
    "Fed": "KOS",
    "Sex": "M",
    "Title": "",
    "WTit": "SI,FA",
    "OTit": "",
    "Rating": "2033",
    "Gms": "0",
    "K": "20",
    "RatingMonth": "SEP25",
    "B-day": "1964",
    "Flag": "i"
  },
  {
    "ID Number": "22102167",
    "Name": "Zenuni, Bashkim",
    "Fed": "KOS",
    "Sex": "M",
    "Title": "",
    "WTit": "",
    "OTit": "",
    "Rating": "2072",
    "Gms": "0",
    "K": "40",
    "RatingMonth": "SEP25",
    "B-day": "1967",
    "Flag": "i"
  },
  {
    "ID Number": "22100113",
    "Name": "Zenuni, Hasan",
    "Fed": "KOS",
    "Sex": "M",
    "Title": "",
    "WTit": "",
    "OTit": "",
    "Rating": "1921",
    "Gms": "0",
    "K": "20",
    "RatingMonth": "SEP25",
    "B-day": "1956",
    "Flag": "i"
  },
  {
    "ID Number": "22100202",
    "Name": "Zenuni, Hysen",
    "Fed": "KOS",
    "Sex": "M",
    "Title": "",
    "WTit": "",
    "OTit": "",
    "Rating": "1866",
    "Gms": "0",
    "K": "20",
    "RatingMonth": "SEP25",
    "B-day": "1956",
    "Flag": ""
  },
  {
    "ID Number": "22104801",
    "Name": "Zenuni, Valdrin",
    "Fed": "KOS",
    "Sex": "M",
    "Title": "",
    "WTit": "",
    "OTit": "",
    "Rating": "1868",
    "Gms": "0",
    "K": "40",
    "RatingMonth": "SEP25",
    "B-day": "1983",
    "Flag": "i"
  },
  {
    "ID Number": "22100288",
    "Name": "Zharku, Esat",
    "Fed": "KOS",
    "Sex": "M",
    "Title": "",
    "WTit": "",
    "OTit": "",
    "Rating": "1966",
    "Gms": "0",
    "K": "20",
    "RatingMonth": "SEP25",
    "B-day": "1957",
    "Flag": "i"
  },
  {
    "ID Number": "4702123",
    "Name": "Zhdrella, Ferit",
    "Fed": "KOS",
    "Sex": "M",
    "Title": "",
    "WTit": "",
    "OTit": "",
    "Rating": "1945",
    "Gms": "0",
    "K": "40",
    "RatingMonth": "SEP25",
    "B-day": "1980",
    "Flag": ""
  },
  {
    "ID Number": "22102469",
    "Name": "Zogiani, Maliq",
    "Fed": "KOS",
    "Sex": "M",
    "Title": "",
    "WTit": "",
    "OTit": "",
    "Rating": "1842",
    "Gms": "0",
    "K": "40",
    "RatingMonth": "SEP25",
    "B-day": "1958",
    "Flag": "i"
  },
  {
    "ID Number": "22108904",
    "Name": "Zuka, Andi",
    "Fed": "KOS",
    "Sex": "M",
    "Title": "",
    "WTit": "",
    "OTit": "",
    "Rating": "1599",
    "Gms": "0",
    "K": "40",
    "RatingMonth": "SEP25",
    "B-day": "2006",
    "Flag": ""
  },
  {
    "ID Number": "22105077",
    "Name": "Zurnaxhiu, Xheladin",
    "Fed": "KOS",
    "Sex": "M",
    "Title": "",
    "WTit": "",
    "OTit": "",
    "Rating": "1956",
    "Gms": "0",
    "K": "20",
    "RatingMonth": "SEP25",
    "B-day": "1956",
    "Flag": ""
  },
  {
    "ID Number": "4700295",
    "Name": "Zymberi, Astrit",
    "Fed": "KOS",
    "Sex": "M",
    "Title": "FM",
    "WTit": "FI",
    "OTit": "",
    "Rating": "2068",
    "Gms": "0",
    "K": "20",
    "RatingMonth": "SEP25",
    "B-day": "1974",
    "Flag": ""
  }
]