[
  {
    "ID Number": "17700680",
    "Name": "Boualapim, Daokham",
    "Fed": "LAO",
    "Sex": "M",
    "Title": "",
    "WTit": "",
    "OTit": "",
    "FOA": "1461",
    "Rating": "AUG25",
    "Gms": "0",
    "K": "20",
    "B-day": "2000",
    "Flag": "i"
  },
  {
    "ID Number": "17700353",
    "Name": "Bouasithong, Songkan",
    "Fed": "LAO",
    "Sex": "M",
    "Title": "",
    "WTit": "",
    "OTit": "",
    "FOA": "1574",
    "Rating": "AUG25",
    "Gms": "0",
    "K": "20",
    "B-day": "1997",
    "Flag": "i"
  },
  {
    "ID Number": "17700345",
    "Name": "Chanthavongsa, Xayophone",
    "Fed": "LAO",
    "Sex": "M",
    "Title": "",
    "WTit": "",
    "OTit": "",
    "FOA": "1517",
    "Rating": "AUG25",
    "Gms": "0",
    "K": "20",
    "B-day": "1997",
    "Flag": "i"
  },
  {
    "ID Number": "17700876",
    "Name": "Homsombath, Nola",
    "Fed": "LAO",
    "Sex": "F",
    "Title": "",
    "WTit": "NA",
    "OTit": "",
    "FOA": "1444",
    "Rating": "AUG25",
    "Gms": "0",
    "K": "40",
    "B-day": "2003",
    "Flag": "w"
  },
  {
    "ID Number": "17700566",
    "Name": "Inthavong , Maly",
    "Fed": "LAO",
    "Sex": "F",
    "Title": "",
    "WTit": "",
    "OTit": "",
    "FOA": "1549",
    "Rating": "AUG25",
    "Gms": "0",
    "K": "20",
    "B-day": "1996",
    "Flag": "wi"
  },
  {
    "ID Number": "17702313",
    "Name": "MANALO, SEAN MICHAEL",
    "Fed": "LAO",
    "Sex": "M",
    "Title": "",
    "WTit": "",
    "OTit": "",
    "FOA": "1435",
    "Rating": "AUG25",
    "Gms": "5",
    "K": "40",
    "B-day": "2010",
    "Flag": ""
  },
  {
    "ID Number": "17700744",
    "Name": "MOUKDA DASAVONG",
    "Fed": "LAO",
    "Sex": "F",
    "Title": "",
    "WTit": "",
    "OTit": "",
    "FOA": "1624",
    "Rating": "AUG25",
    "Gms": "0",
    "K": "20",
    "B-day": "2004",
    "Flag": "wi"
  },
  {
    "ID Number": "17701996",
    "Name": "NGUYEN, SUNJON KAYDEN",
    "Fed": "LAO",
    "Sex": "M",
    "Title": "",
    "WTit": "",
    "OTit": "",
    "FOA": "1443",
    "Rating": "AUG25",
    "Gms": "5",
    "K": "40",
    "B-day": "2010",
    "Flag": ""
  },
  {
    "ID Number": "17700809",
    "Name": "Phailod SILIBOUNGTHONG",
    "Fed": "LAO",
    "Sex": "M",
    "Title": "",
    "WTit": "",
    "OTit": "",
    "FOA": "1497",
    "Rating": "AUG25",
    "Gms": "0",
    "K": "20",
    "B-day": "1999",
    "Flag": "i"
  },
  {
    "ID Number": "17700710",
    "Name": "Phimmaly, Khouanchai",
    "Fed": "LAO",
    "Sex": "F",
    "Title": "",
    "WTit": "",
    "OTit": "",
    "FOA": "1470",
    "Rating": "AUG25",
    "Gms": "0",
    "K": "20",
    "B-day": "2000",
    "Flag": "wi"
  },
  {
    "ID Number": "17700833",
    "Name": "Phommachan, Souliyo",
    "Fed": "LAO",
    "Sex": "M",
    "Title": "",
    "WTit": "",
    "OTit": "",
    "FOA": "1517",
    "Rating": "AUG25",
    "Gms": "0",
    "K": "20",
    "B-day": "2001",
    "Flag": "i"
  },
  {
    "ID Number": "17700213",
    "Name": "Sihanath, Souphaphone",
    "Fed": "LAO",
    "Sex": "F",
    "Title": "",
    "WTit": "",
    "OTit": "",
    "FOA": "1461",
    "Rating": "AUG25",
    "Gms": "0",
    "K": "20",
    "B-day": "0",
    "Flag": "wi"
  },
  {
    "ID Number": "17700124",
    "Name": "Sihavong, Sinnalone",
    "Fed": "LAO",
    "Sex": "F",
    "Title": "WCM",
    "WTit": "WCM",
    "OTit": "",
    "FOA": "1645",
    "Rating": "AUG25",
    "Gms": "0",
    "K": "40",
    "B-day": "1998",
    "Flag": "w"
  },
  {
    "ID Number": "5201055",
    "Name": "Suelo, Roberto Jr.",
    "Fed": "LAO",
    "Sex": "M",
    "Title": "",
    "WTit": "",
    "OTit": "",
    "FOA": "2085",
    "Rating": "AUG25",
    "Gms": "0",
    "K": "20",
    "B-day": "1976",
    "Flag": ""
  },
  {
    "ID Number": "17702038",
    "Name": "SUELO, RYZIA LEI ZHEYSHA",
    "Fed": "LAO",
    "Sex": "F",
    "Title": "",
    "WTit": "",
    "OTit": "",
    "FOA": "1466",
    "Rating": "AUG25",
    "Gms": "7",
    "K": "40",
    "B-day": "2010",
    "Flag": "w"
  },
  {
    "ID Number": "17701236",
    "Name": "Vilaphen, Phakthong",
    "Fed": "LAO",
    "Sex": "M",
    "Title": "",
    "WTit": "NA",
    "OTit": "",
    "FOA": "1733",
    "Rating": "AUG25",
    "Gms": "0",
    "K": "40",
    "B-day": "1998",
    "Flag": "i"
  },
  {
    "ID Number": "17702135",
    "Name": "YOMVILATH, SOUMINTA",
    "Fed": "LAO",
    "Sex": "M",
    "Title": "",
    "WTit": "",
    "OTit": "",
    "FOA": "1638",
    "Rating": "AUG25",
    "Gms": "7",
    "K": "40",
    "B-day": "2012",
    "Flag": ""
  },
  {
    "ID Number": "17700817",
    "Name": "Yotsaphonh MIXAY",
    "Fed": "LAO",
    "Sex": "M",
    "Title": "",
    "WTit": "",
    "OTit": "",
    "FOA": "1462",
    "Rating": "AUG25",
    "Gms": "0",
    "K": "40",
    "B-day": "2005",
    "Flag": "i"
  }
]