[
  {
    "ID Number": "1901559",
    "Name": "Alho, Diogo",
    "Fed": "CPV",
    "Sex": "M",
    "Title": "FM",
    "WTit": "",
    "OTit": "",
    "FOA": "2284",
    "Rating": "AUG25",
    "Gms": "0",
    "K": "20",
    "B-day": "1976",
    "Flag": ""
  },
  {
    "ID Number": "23601752",
    "Name": "Alves, Erico Verissimo",
    "Fed": "CPV",
    "Sex": "M",
    "Title": "",
    "WTit": "",
    "OTit": "",
    "FOA": "1610",
    "Rating": "AUG25",
    "Gms": "0",
    "K": "20",
    "B-day": "1988",
    "Flag": "i"
  },
  {
    "ID Number": "23600438",
    "Name": "Andrade, Manuel Germano",
    "Fed": "CPV",
    "Sex": "M",
    "Title": "",
    "WTit": "",
    "OTit": "",
    "FOA": "1539",
    "Rating": "AUG25",
    "Gms": "0",
    "K": "40",
    "B-day": "1952",
    "Flag": "i"
  },
  {
    "ID Number": "23600640",
    "Name": "Barros, Arlindo",
    "Fed": "CPV",
    "Sex": "M",
    "Title": "",
    "WTit": "",
    "OTit": "",
    "FOA": "1737",
    "Rating": "AUG25",
    "Gms": "0",
    "K": "20",
    "B-day": "1974",
    "Flag": "i"
  },
  {
    "ID Number": "23600110",
    "Name": "Barros, Luis",
    "Fed": "CPV",
    "Sex": "M",
    "Title": "",
    "WTit": "",
    "OTit": "",
    "FOA": "1833",
    "Rating": "AUG25",
    "Gms": "0",
    "K": "20",
    "B-day": "1975",
    "Flag": "i"
  },
  {
    "ID Number": "23602376",
    "Name": "Brito, Helton",
    "Fed": "CPV",
    "Sex": "M",
    "Title": "",
    "WTit": "",
    "OTit": "",
    "FOA": "1514",
    "Rating": "AUG25",
    "Gms": "0",
    "K": "40",
    "B-day": "1989",
    "Flag": "i"
  },
  {
    "ID Number": "23601906",
    "Name": "Castro, Dioniso",
    "Fed": "CPV",
    "Sex": "M",
    "Title": "",
    "WTit": "",
    "OTit": "",
    "FOA": "1449",
    "Rating": "AUG25",
    "Gms": "0",
    "K": "40",
    "B-day": "1962",
    "Flag": "i"
  },
  {
    "ID Number": "23600578",
    "Name": "Delgado, Luis Emanuel D. Santos",
    "Fed": "CPV",
    "Sex": "M",
    "Title": "",
    "WTit": "",
    "OTit": "",
    "FOA": "1599",
    "Rating": "AUG25",
    "Gms": "0",
    "K": "20",
    "B-day": "1964",
    "Flag": "i"
  },
  {
    "ID Number": "23600160",
    "Name": "Fernandes, Henry",
    "Fed": "CPV",
    "Sex": "M",
    "Title": "",
    "WTit": "",
    "OTit": "",
    "FOA": "1781",
    "Rating": "AUG25",
    "Gms": "0",
    "K": "20",
    "B-day": "1997",
    "Flag": "i"
  },
  {
    "ID Number": "23600179",
    "Name": "Fernandes, Luis De Pina",
    "Fed": "CPV",
    "Sex": "M",
    "Title": "",
    "WTit": "",
    "OTit": "",
    "FOA": "1759",
    "Rating": "AUG25",
    "Gms": "0",
    "K": "20",
    "B-day": "1966",
    "Flag": "i"
  },
  {
    "ID Number": "23602163",
    "Name": "Fonseca, Adilson",
    "Fed": "CPV",
    "Sex": "M",
    "Title": "",
    "WTit": "",
    "OTit": "",
    "FOA": "1581",
    "Rating": "AUG25",
    "Gms": "0",
    "K": "20",
    "B-day": "1978",
    "Flag": "i"
  },
  {
    "ID Number": "23600187",
    "Name": "Fonseca, Arlindo",
    "Fed": "CPV",
    "Sex": "M",
    "Title": "",
    "WTit": "",
    "OTit": "",
    "FOA": "1677",
    "Rating": "AUG25",
    "Gms": "0",
    "K": "20",
    "B-day": "1959",
    "Flag": "i"
  },
  {
    "ID Number": "23600993",
    "Name": "Fortes, Aires",
    "Fed": "CPV",
    "Sex": "M",
    "Title": "",
    "WTit": "",
    "OTit": "",
    "FOA": "1702",
    "Rating": "AUG25",
    "Gms": "0",
    "K": "20",
    "B-day": "1975",
    "Flag": "i"
  },
  {
    "ID Number": "23601213",
    "Name": "Fortes, William",
    "Fed": "CPV",
    "Sex": "M",
    "Title": "",
    "WTit": "",
    "OTit": "",
    "FOA": "1626",
    "Rating": "AUG25",
    "Gms": "0",
    "K": "40",
    "B-day": "2005",
    "Flag": "i"
  },
  {
    "ID Number": "23600225",
    "Name": "Gomes, Emanuel Cristino",
    "Fed": "CPV",
    "Sex": "M",
    "Title": "",
    "WTit": "",
    "OTit": "",
    "FOA": "1663",
    "Rating": "AUG25",
    "Gms": "0",
    "K": "20",
    "B-day": "1979",
    "Flag": "i"
  },
  {
    "ID Number": "23600233",
    "Name": "Gomes, Jamilson Borges",
    "Fed": "CPV",
    "Sex": "M",
    "Title": "",
    "WTit": "",
    "OTit": "",
    "FOA": "1713",
    "Rating": "AUG25",
    "Gms": "0",
    "K": "20",
    "B-day": "1993",
    "Flag": "i"
  },
  {
    "ID Number": "23600829",
    "Name": "Gomes, Jose Pedro",
    "Fed": "CPV",
    "Sex": "M",
    "Title": "",
    "WTit": "",
    "OTit": "",
    "FOA": "1451",
    "Rating": "AUG25",
    "Gms": "0",
    "K": "20",
    "B-day": "1968",
    "Flag": "i"
  },
  {
    "ID Number": "23601370",
    "Name": "Gomes, Loedi",
    "Fed": "CPV",
    "Sex": "F",
    "Title": "",
    "WTit": "",
    "OTit": "",
    "FOA": "1442",
    "Rating": "AUG25",
    "Gms": "0",
    "K": "20",
    "B-day": "2003",
    "Flag": "wi"
  },
  {
    "ID Number": "23600241",
    "Name": "Goncalves, Marcos Felipe",
    "Fed": "CPV",
    "Sex": "M",
    "Title": "",
    "WTit": "",
    "OTit": "",
    "FOA": "1596",
    "Rating": "AUG25",
    "Gms": "0",
    "K": "20",
    "B-day": "1999",
    "Flag": "i"
  },
  {
    "ID Number": "23600250",
    "Name": "Junior, Aguinaldo Vera Cruz",
    "Fed": "CPV",
    "Sex": "M",
    "Title": "",
    "WTit": "",
    "OTit": "",
    "FOA": "1812",
    "Rating": "AUG25",
    "Gms": "0",
    "K": "20",
    "B-day": "1957",
    "Flag": "i"
  },
  {
    "ID Number": "23600454",
    "Name": "Landim, Humberto",
    "Fed": "CPV",
    "Sex": "M",
    "Title": "",
    "WTit": "",
    "OTit": "",
    "FOA": "1735",
    "Rating": "AUG25",
    "Gms": "0",
    "K": "40",
    "B-day": "2005",
    "Flag": "i"
  },
  {
    "ID Number": "23602392",
    "Name": "Lima, Flavio",
    "Fed": "CPV",
    "Sex": "M",
    "Title": "",
    "WTit": "",
    "OTit": "",
    "FOA": "1477",
    "Rating": "AUG25",
    "Gms": "0",
    "K": "40",
    "B-day": "1985",
    "Flag": "i"
  },
  {
    "ID Number": "23600268",
    "Name": "Lima, Jose Calazans Mauricio",
    "Fed": "CPV",
    "Sex": "M",
    "Title": "",
    "WTit": "",
    "OTit": "",
    "FOA": "1504",
    "Rating": "AUG25",
    "Gms": "0",
    "K": "40",
    "B-day": "1969",
    "Flag": "i"
  },
  {
    "ID Number": "23600462",
    "Name": "Lopes, Ruben Cesar Gomes",
    "Fed": "CPV",
    "Sex": "M",
    "Title": "",
    "WTit": "",
    "OTit": "",
    "FOA": "1574",
    "Rating": "AUG25",
    "Gms": "0",
    "K": "40",
    "B-day": "2007",
    "Flag": "i"
  },
  {
    "ID Number": "23602112",
    "Name": "Lopes, Victor Manuel",
    "Fed": "CPV",
    "Sex": "M",
    "Title": "",
    "WTit": "",
    "OTit": "",
    "FOA": "1639",
    "Rating": "AUG25",
    "Gms": "0",
    "K": "40",
    "B-day": "1995",
    "Flag": "i"
  },
  {
    "ID Number": "23600470",
    "Name": "Martins, Amanda Maria Lopes",
    "Fed": "CPV",
    "Sex": "F",
    "Title": "",
    "WTit": "",
    "OTit": "",
    "FOA": "1618",
    "Rating": "AUG25",
    "Gms": "0",
    "K": "40",
    "B-day": "2010",
    "Flag": "wi"
  },
  {
    "ID Number": "23600837",
    "Name": "Martins, Katlene Jussara",
    "Fed": "CPV",
    "Sex": "F",
    "Title": "",
    "WTit": "",
    "OTit": "",
    "FOA": "1557",
    "Rating": "AUG25",
    "Gms": "0",
    "K": "40",
    "B-day": "2008",
    "Flag": "wi"
  },
  {
    "ID Number": "23600306",
    "Name": "Miranda, Iura",
    "Fed": "CPV",
    "Sex": "M",
    "Title": "",
    "WTit": "",
    "OTit": "",
    "FOA": "1674",
    "Rating": "AUG25",
    "Gms": "0",
    "K": "20",
    "B-day": "1982",
    "Flag": "i"
  },
  {
    "ID Number": "2830235",
    "Name": "Mirulla, David",
    "Fed": "CPV",
    "Sex": "M",
    "Title": "CM",
    "WTit": "",
    "OTit": "",
    "FOA": "1910",
    "Rating": "AUG25",
    "Gms": "0",
    "K": "20",
    "B-day": "1969",
    "Flag": ""
  },
  {
    "ID Number": "1928104",
    "Name": "Moes Joaquim, Carlos",
    "Fed": "CPV",
    "Sex": "M",
    "Title": "",
    "WTit": "",
    "OTit": "",
    "FOA": "1641",
    "Rating": "AUG25",
    "Gms": "0",
    "K": "20",
    "B-day": "1953",
    "Flag": "i"
  },
  {
    "ID Number": "23600497",
    "Name": "Moniz, Luis Carlos Silva",
    "Fed": "CPV",
    "Sex": "M",
    "Title": "",
    "WTit": "",
    "OTit": "",
    "FOA": "1632",
    "Rating": "AUG25",
    "Gms": "0",
    "K": "20",
    "B-day": "2002",
    "Flag": "i"
  },
  {
    "ID Number": "1950711",
    "Name": "Monteiro, Antonio",
    "Fed": "CPV",
    "Sex": "M",
    "Title": "",
    "WTit": "",
    "OTit": "",
    "FOA": "1974",
    "Rating": "AUG25",
    "Gms": "0",
    "K": "20",
    "B-day": "1959",
    "Flag": "i"
  },
  {
    "ID Number": "23600055",
    "Name": "Monteiro, Antonio David Cabral Anes",
    "Fed": "CPV",
    "Sex": "M",
    "Title": "",
    "WTit": "",
    "OTit": "",
    "FOA": "1855",
    "Rating": "AUG25",
    "Gms": "0",
    "K": "20",
    "B-day": "1979",
    "Flag": "i"
  },
  {
    "ID Number": "23601990",
    "Name": "Monteiro, Denil",
    "Fed": "CPV",
    "Sex": "M",
    "Title": "",
    "WTit": "",
    "OTit": "",
    "FOA": "1419",
    "Rating": "AUG25",
    "Gms": "0",
    "K": "40",
    "B-day": "2006",
    "Flag": "i"
  },
  {
    "ID Number": "23600659",
    "Name": "Morais, Ailton",
    "Fed": "CPV",
    "Sex": "M",
    "Title": "",
    "WTit": "",
    "OTit": "",
    "FOA": "1708",
    "Rating": "AUG25",
    "Gms": "0",
    "K": "20",
    "B-day": "1994",
    "Flag": "i"
  },
  {
    "ID Number": "23601868",
    "Name": "Moreno, Akiane",
    "Fed": "CPV",
    "Sex": "F",
    "Title": "WCM",
    "WTit": "WCM",
    "OTit": "",
    "FOA": "1579",
    "Rating": "AUG25",
    "Gms": "2",
    "K": "40",
    "B-day": "2010",
    "Flag": "w"
  },
  {
    "ID Number": "23601663",
    "Name": "Moreno, Diogo Santos",
    "Fed": "CPV",
    "Sex": "M",
    "Title": "",
    "WTit": "",
    "OTit": "",
    "FOA": "1518",
    "Rating": "AUG25",
    "Gms": "0",
    "K": "40",
    "B-day": "2011",
    "Flag": "i"
  },
  {
    "ID Number": "23601892",
    "Name": "Moreno, Viviane",
    "Fed": "CPV",
    "Sex": "F",
    "Title": "",
    "WTit": "",
    "OTit": "",
    "FOA": "1440",
    "Rating": "AUG25",
    "Gms": "0",
    "K": "40",
    "B-day": "2011",
    "Flag": "wi"
  },
  {
    "ID Number": "23600896",
    "Name": "Neves, Diogo Alexandre",
    "Fed": "CPV",
    "Sex": "M",
    "Title": "",
    "WTit": "NA",
    "OTit": "",
    "FOA": "1700",
    "Rating": "AUG25",
    "Gms": "0",
    "K": "20",
    "B-day": "1994",
    "Flag": "i"
  },
  {
    "ID Number": "3504301",
    "Name": "Ortega Amarelle, Mariano",
    "Fed": "CPV",
    "Sex": "M",
    "Title": "IM",
    "WTit": "",
    "OTit": "",
    "FOA": "2328",
    "Rating": "AUG25",
    "Gms": "23",
    "K": "10",
    "B-day": "1981",
    "Flag": ""
  },
  {
    "ID Number": "1928112",
    "Name": "Pereira, Eder Marcio",
    "Fed": "CPV",
    "Sex": "M",
    "Title": "",
    "WTit": "",
    "OTit": "",
    "FOA": "1856",
    "Rating": "AUG25",
    "Gms": "0",
    "K": "20",
    "B-day": "1987",
    "Flag": "i"
  },
  {
    "ID Number": "23601183",
    "Name": "Pereira, Nelino",
    "Fed": "CPV",
    "Sex": "M",
    "Title": "",
    "WTit": "",
    "OTit": "",
    "FOA": "1659",
    "Rating": "AUG25",
    "Gms": "0",
    "K": "40",
    "B-day": "1990",
    "Flag": "i"
  },
  {
    "ID Number": "23601701",
    "Name": "Pereira, Rudney",
    "Fed": "CPV",
    "Sex": "M",
    "Title": "",
    "WTit": "",
    "OTit": "",
    "FOA": "1654",
    "Rating": "AUG25",
    "Gms": "0",
    "K": "20",
    "B-day": "2001",
    "Flag": "i"
  },
  {
    "ID Number": "36004480",
    "Name": "Picoteiro Morais, Luis",
    "Fed": "CPV",
    "Sex": "M",
    "Title": "",
    "WTit": "",
    "OTit": "",
    "FOA": "1784",
    "Rating": "AUG25",
    "Gms": "0",
    "K": "20",
    "B-day": "1969",
    "Flag": "i"
  },
  {
    "ID Number": "23600721",
    "Name": "Pires, Joel David",
    "Fed": "CPV",
    "Sex": "M",
    "Title": "",
    "WTit": "",
    "OTit": "",
    "FOA": "1746",
    "Rating": "AUG25",
    "Gms": "0",
    "K": "20",
    "B-day": "2000",
    "Flag": "i"
  },
  {
    "ID Number": "23600845",
    "Name": "Quatorze, Alvaro",
    "Fed": "CPV",
    "Sex": "M",
    "Title": "",
    "WTit": "",
    "OTit": "",
    "FOA": "1533",
    "Rating": "AUG25",
    "Gms": "0",
    "K": "20",
    "B-day": "1962",
    "Flag": "i"
  },
  {
    "ID Number": "23600322",
    "Name": "Ramos, Jorgino Joao",
    "Fed": "CPV",
    "Sex": "M",
    "Title": "",
    "WTit": "",
    "OTit": "",
    "FOA": "1801",
    "Rating": "AUG25",
    "Gms": "0",
    "K": "20",
    "B-day": "1991",
    "Flag": "i"
  },
  {
    "ID Number": "23602007",
    "Name": "Reis, Alvin Zeng",
    "Fed": "CPV",
    "Sex": "M",
    "Title": "",
    "WTit": "",
    "OTit": "",
    "FOA": "1541",
    "Rating": "AUG25",
    "Gms": "0",
    "K": "40",
    "B-day": "2011",
    "Flag": "i"
  },
  {
    "ID Number": "1955934",
    "Name": "Rodrigues, Arlindo",
    "Fed": "CPV",
    "Sex": "M",
    "Title": "",
    "WTit": "",
    "OTit": "",
    "FOA": "1763",
    "Rating": "AUG25",
    "Gms": "0",
    "K": "20",
    "B-day": "1964",
    "Flag": "i"
  },
  {
    "ID Number": "3511596",
    "Name": "Rodriguez Guevara, Celia M.",
    "Fed": "CPV",
    "Sex": "F",
    "Title": "WCM",
    "WTit": "WCM",
    "OTit": "",
    "FOA": "1849",
    "Rating": "AUG25",
    "Gms": "14",
    "K": "20",
    "B-day": "1988",
    "Flag": "w"
  },
  {
    "ID Number": "23600349",
    "Name": "Santos, Bruno",
    "Fed": "CPV",
    "Sex": "M",
    "Title": "",
    "WTit": "",
    "OTit": "",
    "FOA": "1629",
    "Rating": "AUG25",
    "Gms": "0",
    "K": "20",
    "B-day": "2003",
    "Flag": "i"
  },
  {
    "ID Number": "23602058",
    "Name": "Santos, Steven",
    "Fed": "CPV",
    "Sex": "M",
    "Title": "",
    "WTit": "",
    "OTit": "",
    "FOA": "1902",
    "Rating": "AUG25",
    "Gms": "0",
    "K": "20",
    "B-day": "1998",
    "Flag": "i"
  },
  {
    "ID Number": "23601221",
    "Name": "Silva, Bryan Jorge",
    "Fed": "CPV",
    "Sex": "M",
    "Title": "",
    "WTit": "",
    "OTit": "",
    "FOA": "1703",
    "Rating": "AUG25",
    "Gms": "0",
    "K": "20",
    "B-day": "2000",
    "Flag": "i"
  },
  {
    "ID Number": "23600063",
    "Name": "Soares, Carlos Manuel Santos",
    "Fed": "CPV",
    "Sex": "M",
    "Title": "",
    "WTit": "DI",
    "OTit": "",
    "FOA": "1628",
    "Rating": "AUG25",
    "Gms": "0",
    "K": "20",
    "B-day": "1968",
    "Flag": "i"
  },
  {
    "ID Number": "23600373",
    "Name": "Sousa Dos Reis, Augusto",
    "Fed": "CPV",
    "Sex": "M",
    "Title": "",
    "WTit": "",
    "OTit": "",
    "FOA": "1842",
    "Rating": "AUG25",
    "Gms": "0",
    "K": "20",
    "B-day": "1962",
    "Flag": "i"
  },
  {
    "ID Number": "23600543",
    "Name": "Spinola, David",
    "Fed": "CPV",
    "Sex": "M",
    "Title": "",
    "WTit": "",
    "OTit": "",
    "FOA": "1635",
    "Rating": "AUG25",
    "Gms": "0",
    "K": "40",
    "B-day": "2007",
    "Flag": "i"
  },
  {
    "ID Number": "23600551",
    "Name": "Spinola, Divania",
    "Fed": "CPV",
    "Sex": "F",
    "Title": "",
    "WTit": "",
    "OTit": "",
    "FOA": "1588",
    "Rating": "AUG25",
    "Gms": "0",
    "K": "40",
    "B-day": "2005",
    "Flag": "wi"
  },
  {
    "ID Number": "1950720",
    "Name": "Spinola, Sidney",
    "Fed": "CPV",
    "Sex": "M",
    "Title": "",
    "WTit": "",
    "OTit": "",
    "FOA": "1813",
    "Rating": "AUG25",
    "Gms": "0",
    "K": "20",
    "B-day": "1979",
    "Flag": "i"
  },
  {
    "ID Number": "23601060",
    "Name": "Tavares, Kenny Dias",
    "Fed": "CPV",
    "Sex": "M",
    "Title": "",
    "WTit": "",
    "OTit": "",
    "FOA": "1572",
    "Rating": "AUG25",
    "Gms": "0",
    "K": "40",
    "B-day": "2006",
    "Flag": "i"
  }
]