[
  {
    "ID Number": "6901069",
    "Name": "Alcon Beltran, Alfred",
    "Fed": "AND",
    "Sex": "M",
    "Title": "",
    "WTit": "NA",
    "OTit": "",
    "FOA": "1457",
    "Rating": "AUG25",
    "Gms": "9",
    "K": "20",
    "B-day": "1968",
    "Flag": ""
  },
  {
    "ID Number": "6900780",
    "Name": "Alcon Llosada, Alex",
    "Fed": "AND",
    "Sex": "M",
    "Title": "",
    "WTit": "NI",
    "OTit": "",
    "FOA": "1844",
    "Rating": "AUG25",
    "Gms": "9",
    "K": "20",
    "B-day": "2003",
    "Flag": ""
  },
  {
    "ID Number": "6900798",
    "Name": "Alcon Llosada, Jaume",
    "Fed": "AND",
    "Sex": "M",
    "Title": "",
    "WTit": "",
    "OTit": "",
    "FOA": "1754",
    "Rating": "AUG25",
    "Gms": "8",
    "K": "20",
    "B-day": "2006",
    "Flag": ""
  },
  {
    "ID Number": "6901778",
    "Name": "Ballet, Nathan",
    "Fed": "AND",
    "Sex": "M",
    "Title": "",
    "WTit": "",
    "OTit": "",
    "FOA": "1625",
    "Rating": "AUG25",
    "Gms": "0",
    "K": "20",
    "B-day": "1990",
    "Flag": ""
  },
  {
    "ID Number": "6901328",
    "Name": "Barragan Sevilla, Manel",
    "Fed": "AND",
    "Sex": "M",
    "Title": "",
    "WTit": "",
    "OTit": "",
    "FOA": "1739",
    "Rating": "AUG25",
    "Gms": "9",
    "K": "20",
    "B-day": "1970",
    "Flag": ""
  },
  {
    "ID Number": "6901166",
    "Name": "Cabarcos Baulina, Manuel",
    "Fed": "AND",
    "Sex": "M",
    "Title": "",
    "WTit": "",
    "OTit": "",
    "FOA": "1837",
    "Rating": "AUG25",
    "Gms": "0",
    "K": "20",
    "B-day": "1997",
    "Flag": "i"
  },
  {
    "ID Number": "6900445",
    "Name": "Casanovas Cantarero, Eric",
    "Fed": "AND",
    "Sex": "M",
    "Title": "",
    "WTit": "",
    "OTit": "",
    "FOA": "1777",
    "Rating": "AUG25",
    "Gms": "0",
    "K": "20",
    "B-day": "1997",
    "Flag": "i"
  },
  {
    "ID Number": "6901093",
    "Name": "Chaderat Xarpell, Jaime",
    "Fed": "AND",
    "Sex": "M",
    "Title": "",
    "WTit": "",
    "OTit": "",
    "FOA": "1657",
    "Rating": "AUG25",
    "Gms": "0",
    "K": "40",
    "B-day": "2008",
    "Flag": "i"
  },
  {
    "ID Number": "2260808",
    "Name": "Cortes Lizano, Jesus",
    "Fed": "AND",
    "Sex": "M",
    "Title": "FM",
    "WTit": "",
    "OTit": "",
    "FOA": "2086",
    "Rating": "AUG25",
    "Gms": "0",
    "K": "20",
    "B-day": "1988",
    "Flag": "i"
  },
  {
    "ID Number": "22268820",
    "Name": "Da Rocha Soares, Diana",
    "Fed": "AND",
    "Sex": "F",
    "Title": "",
    "WTit": "",
    "OTit": "",
    "FOA": "1771",
    "Rating": "AUG25",
    "Gms": "0",
    "K": "20",
    "B-day": "1996",
    "Flag": "wi"
  },
  {
    "ID Number": "6900224",
    "Name": "De La Riva Aguado, Oscar",
    "Fed": "AND",
    "Sex": "M",
    "Title": "GM",
    "WTit": "FT",
    "OTit": "",
    "FOA": "2431",
    "Rating": "AUG25",
    "Gms": "0",
    "K": "10",
    "B-day": "1972",
    "Flag": ""
  },
  {
    "ID Number": "6901018",
    "Name": "De la Riva Real, Ariadna",
    "Fed": "AND",
    "Sex": "F",
    "Title": "",
    "WTit": "",
    "OTit": "",
    "FOA": "1871",
    "Rating": "AUG25",
    "Gms": "9",
    "K": "20",
    "B-day": "2005",
    "Flag": "w"
  },
  {
    "ID Number": "6901131",
    "Name": "De la Riva Real, Jana",
    "Fed": "AND",
    "Sex": "F",
    "Title": "",
    "WTit": "",
    "OTit": "",
    "FOA": "1501",
    "Rating": "AUG25",
    "Gms": "0",
    "K": "40",
    "B-day": "2009",
    "Flag": "w"
  },
  {
    "ID Number": "45166412",
    "Name": "Ercoli, Andria",
    "Fed": "AND",
    "Sex": "M",
    "Title": "",
    "WTit": "",
    "OTit": "",
    "FOA": "1763",
    "Rating": "AUG25",
    "Gms": "9",
    "K": "40",
    "B-day": "2010",
    "Flag": ""
  },
  {
    "ID Number": "4617738",
    "Name": "Fassnacht, Peter",
    "Fed": "AND",
    "Sex": "M",
    "Title": "",
    "WTit": "",
    "OTit": "",
    "FOA": "2159",
    "Rating": "AUG25",
    "Gms": "0",
    "K": "20",
    "B-day": "1969",
    "Flag": "i"
  },
  {
    "ID Number": "6900348",
    "Name": "Fernandez Lopez, Joan",
    "Fed": "AND",
    "Sex": "M",
    "Title": "",
    "WTit": "",
    "OTit": "",
    "FOA": "2067",
    "Rating": "AUG25",
    "Gms": "0",
    "K": "20",
    "B-day": "1989",
    "Flag": "i"
  },
  {
    "ID Number": "1902873",
    "Name": "Ferreira, Antonio Viriato",
    "Fed": "AND",
    "Sex": "M",
    "Title": "",
    "WTit": "",
    "OTit": "",
    "FOA": "1915",
    "Rating": "AUG25",
    "Gms": "0",
    "K": "20",
    "B-day": "1968",
    "Flag": "i"
  },
  {
    "ID Number": "2214334",
    "Name": "Fluvia Poyatos, Jordi",
    "Fed": "AND",
    "Sex": "M",
    "Title": "IM",
    "WTit": "FT",
    "OTit": "",
    "FOA": "2430",
    "Rating": "AUG25",
    "Gms": "0",
    "K": "10",
    "B-day": "1984",
    "Flag": "i"
  },
  {
    "ID Number": "6901760",
    "Name": "Furman, Dzianis",
    "Fed": "AND",
    "Sex": "M",
    "Title": "",
    "WTit": "",
    "OTit": "",
    "FOA": "1762",
    "Rating": "AUG25",
    "Gms": "9",
    "K": "20",
    "B-day": "1989",
    "Flag": ""
  },
  {
    "ID Number": "6900283",
    "Name": "Galera Serra, Maria",
    "Fed": "AND",
    "Sex": "F",
    "Title": "",
    "WTit": "NI",
    "OTit": "",
    "FOA": "1640",
    "Rating": "AUG25",
    "Gms": "0",
    "K": "20",
    "B-day": "1998",
    "Flag": "wi"
  },
  {
    "ID Number": "6900020",
    "Name": "Garcia Paolicchi, Raul",
    "Fed": "AND",
    "Sex": "M",
    "Title": "FM",
    "WTit": "NI",
    "OTit": "",
    "FOA": "2098",
    "Rating": "AUG25",
    "Gms": "9",
    "K": "20",
    "B-day": "1952",
    "Flag": ""
  },
  {
    "ID Number": "2218151",
    "Name": "Gomez Anadon, Daniel",
    "Fed": "AND",
    "Sex": "M",
    "Title": "FM",
    "WTit": "FT",
    "OTit": "",
    "FOA": "2147",
    "Rating": "AUG25",
    "Gms": "0",
    "K": "20",
    "B-day": "1983",
    "Flag": ""
  },
  {
    "ID Number": "2222744",
    "Name": "Gonzalez Garcia, Marc",
    "Fed": "AND",
    "Sex": "M",
    "Title": "",
    "WTit": "",
    "OTit": "",
    "FOA": "2175",
    "Rating": "AUG25",
    "Gms": "0",
    "K": "20",
    "B-day": "1979",
    "Flag": ""
  },
  {
    "ID Number": "6900046",
    "Name": "Gorgues Mateu, David",
    "Fed": "AND",
    "Sex": "M",
    "Title": "",
    "WTit": "",
    "OTit": "",
    "FOA": "1837",
    "Rating": "AUG25",
    "Gms": "0",
    "K": "20",
    "B-day": "1971",
    "Flag": "i"
  },
  {
    "ID Number": "6900011",
    "Name": "Gorgues Valle, Jose Maria",
    "Fed": "AND",
    "Sex": "M",
    "Title": "",
    "WTit": "",
    "OTit": "",
    "FOA": "1869",
    "Rating": "AUG25",
    "Gms": "0",
    "K": "20",
    "B-day": "1945",
    "Flag": "i"
  },
  {
    "ID Number": "6900526",
    "Name": "Gras Travesset, Ferran",
    "Fed": "AND",
    "Sex": "M",
    "Title": "",
    "WTit": "",
    "OTit": "",
    "FOA": "1784",
    "Rating": "AUG25",
    "Gms": "0",
    "K": "20",
    "B-day": "1996",
    "Flag": "i"
  },
  {
    "ID Number": "2224801",
    "Name": "Guerra Reig, Juan",
    "Fed": "AND",
    "Sex": "M",
    "Title": "",
    "WTit": "",
    "OTit": "",
    "FOA": "1896",
    "Rating": "AUG25",
    "Gms": "9",
    "K": "20",
    "B-day": "1974",
    "Flag": ""
  },
  {
    "ID Number": "32096577",
    "Name": "Henderson de La Fuente, Andrea",
    "Fed": "AND",
    "Sex": "F",
    "Title": "WFM",
    "WTit": "WFM",
    "OTit": "",
    "FOA": "1899",
    "Rating": "AUG25",
    "Gms": "0",
    "K": "20",
    "B-day": "2001",
    "Flag": "w"
  },
  {
    "ID Number": "32096585",
    "Name": "Henderson de La Fuente, Lance",
    "Fed": "AND",
    "Sex": "M",
    "Title": "GM",
    "WTit": "",
    "OTit": "",
    "FOA": "2402",
    "Rating": "AUG25",
    "Gms": "9",
    "K": "10",
    "B-day": "2003",
    "Flag": ""
  },
  {
    "ID Number": "32096593",
    "Name": "Henderson, Matthew Franklin",
    "Fed": "AND",
    "Sex": "M",
    "Title": "",
    "WTit": "",
    "OTit": "",
    "FOA": "1680",
    "Rating": "AUG25",
    "Gms": "8",
    "K": "20",
    "B-day": "1968",
    "Flag": ""
  },
  {
    "ID Number": "6900356",
    "Name": "Hidalgo Ramos, Toni",
    "Fed": "AND",
    "Sex": "M",
    "Title": "",
    "WTit": "NI",
    "OTit": "",
    "FOA": "1911",
    "Rating": "AUG25",
    "Gms": "0",
    "K": "20",
    "B-day": "1979",
    "Flag": "i"
  },
  {
    "ID Number": "6900267",
    "Name": "Jansat Mir, Arnau",
    "Fed": "AND",
    "Sex": "M",
    "Title": "",
    "WTit": "",
    "OTit": "",
    "FOA": "1746",
    "Rating": "AUG25",
    "Gms": "0",
    "K": "20",
    "B-day": "2000",
    "Flag": "i"
  },
  {
    "ID Number": "6900089",
    "Name": "Jose Queralto, Daniel",
    "Fed": "AND",
    "Sex": "M",
    "Title": "CM",
    "WTit": "",
    "OTit": "",
    "FOA": "2102",
    "Rating": "AUG25",
    "Gms": "0",
    "K": "20",
    "B-day": "1973",
    "Flag": "i"
  },
  {
    "ID Number": "6901026",
    "Name": "Llopis Arrabal, Aitana",
    "Fed": "AND",
    "Sex": "F",
    "Title": "",
    "WTit": "",
    "OTit": "",
    "FOA": "1670",
    "Rating": "AUG25",
    "Gms": "9",
    "K": "40",
    "B-day": "2003",
    "Flag": "wi"
  },
  {
    "ID Number": "2274477",
    "Name": "Luke Brezmes, Cristofer",
    "Fed": "AND",
    "Sex": "M",
    "Title": "CM",
    "WTit": "FI,NA",
    "OTit": "",
    "FOA": "2054",
    "Rating": "AUG25",
    "Gms": "9",
    "K": "20",
    "B-day": "1986",
    "Flag": ""
  },
  {
    "ID Number": "6900410",
    "Name": "Mangado Granado, Daniel",
    "Fed": "AND",
    "Sex": "M",
    "Title": "",
    "WTit": "",
    "OTit": "",
    "FOA": "1749",
    "Rating": "AUG25",
    "Gms": "0",
    "K": "20",
    "B-day": "1977",
    "Flag": ""
  },
  {
    "ID Number": "6901085",
    "Name": "Martinez Balastegui, Marti",
    "Fed": "AND",
    "Sex": "M",
    "Title": "",
    "WTit": "DI",
    "OTit": "",
    "FOA": "1515",
    "Rating": "AUG25",
    "Gms": "0",
    "K": "20",
    "B-day": "1974",
    "Flag": "i"
  },
  {
    "ID Number": "6900976",
    "Name": "Martinez Gamiz, Marc",
    "Fed": "AND",
    "Sex": "M",
    "Title": "",
    "WTit": "",
    "OTit": "",
    "FOA": "1945",
    "Rating": "AUG25",
    "Gms": "0",
    "K": "20",
    "B-day": "2005",
    "Flag": "i"
  },
  {
    "ID Number": "6901905",
    "Name": "MAS SERRA, Joan",
    "Fed": "AND",
    "Sex": "M",
    "Title": "",
    "WTit": "",
    "OTit": "",
    "FOA": "1513",
    "Rating": "AUG25",
    "Gms": "9",
    "K": "40",
    "B-day": "1962",
    "Flag": ""
  },
  {
    "ID Number": "22270728",
    "Name": "Mateu Guiu, Esteve",
    "Fed": "AND",
    "Sex": "M",
    "Title": "",
    "WTit": "NI,FA",
    "OTit": "",
    "FOA": "2105",
    "Rating": "AUG25",
    "Gms": "0",
    "K": "20",
    "B-day": "1992",
    "Flag": ""
  },
  {
    "ID Number": "6900097",
    "Name": "Montoliu Montes, Joaquim",
    "Fed": "AND",
    "Sex": "M",
    "Title": "",
    "WTit": "",
    "OTit": "",
    "FOA": "1627",
    "Rating": "AUG25",
    "Gms": "0",
    "K": "20",
    "B-day": "1992",
    "Flag": ""
  },
  {
    "ID Number": "6901301",
    "Name": "Montraveta Jo, Marc",
    "Fed": "AND",
    "Sex": "M",
    "Title": "",
    "WTit": "",
    "OTit": "",
    "FOA": "1551",
    "Rating": "AUG25",
    "Gms": "0",
    "K": "40",
    "B-day": "2010",
    "Flag": "i"
  },
  {
    "ID Number": "6901344",
    "Name": "Montraveta Rodriguez, Jose Maria",
    "Fed": "AND",
    "Sex": "M",
    "Title": "",
    "WTit": "",
    "OTit": "",
    "FOA": "1848",
    "Rating": "AUG25",
    "Gms": "0",
    "K": "20",
    "B-day": "1974",
    "Flag": "i"
  },
  {
    "ID Number": "6900593",
    "Name": "Morente Plaza, Marc",
    "Fed": "AND",
    "Sex": "M",
    "Title": "",
    "WTit": "",
    "OTit": "",
    "FOA": "1861",
    "Rating": "AUG25",
    "Gms": "0",
    "K": "20",
    "B-day": "1990",
    "Flag": "i"
  },
  {
    "ID Number": "6900100",
    "Name": "Moscoso Rodriguez, Joan",
    "Fed": "AND",
    "Sex": "M",
    "Title": "",
    "WTit": "",
    "OTit": "",
    "FOA": "1705",
    "Rating": "AUG25",
    "Gms": "8",
    "K": "20",
    "B-day": "1954",
    "Flag": ""
  },
  {
    "ID Number": "22227172",
    "Name": "Muratet Carmona, Alexandra",
    "Fed": "AND",
    "Sex": "F",
    "Title": "WCM",
    "WTit": "WCM",
    "OTit": "NI,IA",
    "FOA": "1766",
    "Rating": "AUG25",
    "Gms": "0",
    "K": "20",
    "B-day": "1990",
    "Flag": "wi"
  },
  {
    "ID Number": "2204282",
    "Name": "Muratet Carmona, Julia",
    "Fed": "AND",
    "Sex": "F",
    "Title": "WCM",
    "WTit": "WCM",
    "OTit": "NI,NA",
    "FOA": "1859",
    "Rating": "AUG25",
    "Gms": "8",
    "K": "20",
    "B-day": "1995",
    "Flag": "w"
  },
  {
    "ID Number": "6900607",
    "Name": "Navarro Mignorance, Ernest",
    "Fed": "AND",
    "Sex": "M",
    "Title": "",
    "WTit": "DI",
    "OTit": "",
    "FOA": "1549",
    "Rating": "AUG25",
    "Gms": "0",
    "K": "20",
    "B-day": "1955",
    "Flag": "i"
  },
  {
    "ID Number": "400106",
    "Name": "Norwood, David R",
    "Fed": "AND",
    "Sex": "M",
    "Title": "GM",
    "WTit": "",
    "OTit": "",
    "FOA": "2496",
    "Rating": "AUG25",
    "Gms": "0",
    "K": "10",
    "B-day": "1968",
    "Flag": ""
  },
  {
    "ID Number": "6900119",
    "Name": "Obregon Pantebre, Marc",
    "Fed": "AND",
    "Sex": "M",
    "Title": "",
    "WTit": "",
    "OTit": "",
    "FOA": "1797",
    "Rating": "AUG25",
    "Gms": "0",
    "K": "20",
    "B-day": "1998",
    "Flag": "i"
  },
  {
    "ID Number": "6900429",
    "Name": "Pantebre Martinez, Benet",
    "Fed": "AND",
    "Sex": "M",
    "Title": "",
    "WTit": "",
    "OTit": "",
    "FOA": "1819",
    "Rating": "AUG25",
    "Gms": "0",
    "K": "20",
    "B-day": "1929",
    "Flag": "i"
  },
  {
    "ID Number": "32049056",
    "Name": "Pastor Jorda, Nerea",
    "Fed": "AND",
    "Sex": "F",
    "Title": "",
    "WTit": "NI,FA",
    "OTit": "",
    "FOA": "1423",
    "Rating": "AUG25",
    "Gms": "0",
    "K": "20",
    "B-day": "2002",
    "Flag": "wi"
  },
  {
    "ID Number": "6901425",
    "Name": "Perez Cortes, Bonifacio",
    "Fed": "AND",
    "Sex": "M",
    "Title": "",
    "WTit": "",
    "OTit": "",
    "FOA": "1669",
    "Rating": "AUG25",
    "Gms": "8",
    "K": "20",
    "B-day": "1973",
    "Flag": ""
  },
  {
    "ID Number": "6901271",
    "Name": "Perez Escuredo, Nicolas",
    "Fed": "AND",
    "Sex": "M",
    "Title": "",
    "WTit": "",
    "OTit": "",
    "FOA": "1599",
    "Rating": "AUG25",
    "Gms": "0",
    "K": "20",
    "B-day": "2006",
    "Flag": "i"
  },
  {
    "ID Number": "22271279",
    "Name": "Pericas Rechi, Marc",
    "Fed": "AND",
    "Sex": "M",
    "Title": "",
    "WTit": "",
    "OTit": "",
    "FOA": "1848",
    "Rating": "AUG25",
    "Gms": "0",
    "K": "20",
    "B-day": "1994",
    "Flag": "i"
  },
  {
    "ID Number": "6901638",
    "Name": "PETZKA, Leonie Sharon",
    "Fed": "AND",
    "Sex": "F",
    "Title": "",
    "WTit": "",
    "OTit": "",
    "FOA": "1605",
    "Rating": "AUG25",
    "Gms": "0",
    "K": "20",
    "B-day": "2001",
    "Flag": "wi"
  },
  {
    "ID Number": "2279193",
    "Name": "Porras Mateo, Felipe",
    "Fed": "AND",
    "Sex": "M",
    "Title": "FM",
    "WTit": "",
    "OTit": "",
    "FOA": "2329",
    "Rating": "AUG25",
    "Gms": "0",
    "K": "20",
    "B-day": "1991",
    "Flag": "i"
  },
  {
    "ID Number": "6901689",
    "Name": "Ramirez Agromayor, Biel",
    "Fed": "AND",
    "Sex": "M",
    "Title": "",
    "WTit": "",
    "OTit": "",
    "FOA": "1608",
    "Rating": "AUG25",
    "Gms": "0",
    "K": "40",
    "B-day": "2010",
    "Flag": "i"
  },
  {
    "ID Number": "6901077",
    "Name": "Ramos Torres, Daniel",
    "Fed": "AND",
    "Sex": "M",
    "Title": "",
    "WTit": "",
    "OTit": "",
    "FOA": "1521",
    "Rating": "AUG25",
    "Gms": "0",
    "K": "20",
    "B-day": "2005",
    "Flag": "i"
  },
  {
    "ID Number": "6901336",
    "Name": "Real Puigdollers, Silvia",
    "Fed": "AND",
    "Sex": "F",
    "Title": "WCM",
    "WTit": "WCM",
    "OTit": "",
    "FOA": "1773",
    "Rating": "AUG25",
    "Gms": "0",
    "K": "20",
    "B-day": "1974",
    "Flag": "wi"
  },
  {
    "ID Number": "6900232",
    "Name": "Rechi Montes, Aritz",
    "Fed": "AND",
    "Sex": "M",
    "Title": "",
    "WTit": "",
    "OTit": "",
    "FOA": "1736",
    "Rating": "AUG25",
    "Gms": "0",
    "K": "20",
    "B-day": "1980",
    "Flag": "i"
  },
  {
    "ID Number": "22249303",
    "Name": "Rechi Montes, Xavier",
    "Fed": "AND",
    "Sex": "M",
    "Title": "",
    "WTit": "",
    "OTit": "",
    "FOA": "1922",
    "Rating": "AUG25",
    "Gms": "0",
    "K": "20",
    "B-day": "1982",
    "Flag": "i"
  },
  {
    "ID Number": "6900330",
    "Name": "Rechi Perez, Francesc",
    "Fed": "AND",
    "Sex": "M",
    "Title": "",
    "WTit": "NI",
    "OTit": "",
    "FOA": "1927",
    "Rating": "AUG25",
    "Gms": "0",
    "K": "20",
    "B-day": "1956",
    "Flag": "i"
  },
  {
    "ID Number": "6901573",
    "Name": "Reyes Sirkia, Gael",
    "Fed": "AND",
    "Sex": "M",
    "Title": "",
    "WTit": "",
    "OTit": "",
    "FOA": "1517",
    "Rating": "AUG25",
    "Gms": "7",
    "K": "40",
    "B-day": "2013",
    "Flag": ""
  },
  {
    "ID Number": "6900364",
    "Name": "Riba Revert, Valenti",
    "Fed": "AND",
    "Sex": "M",
    "Title": "",
    "WTit": "",
    "OTit": "",
    "FOA": "1771",
    "Rating": "AUG25",
    "Gms": "0",
    "K": "20",
    "B-day": "2000",
    "Flag": "i"
  },
  {
    "ID Number": "6900305",
    "Name": "Ribera Baztan, Jose",
    "Fed": "AND",
    "Sex": "M",
    "Title": "CM",
    "WTit": "",
    "OTit": "",
    "FOA": "2006",
    "Rating": "AUG25",
    "Gms": "0",
    "K": "20",
    "B-day": "1972",
    "Flag": ""
  },
  {
    "ID Number": "6900763",
    "Name": "Ribera Veganzones, Josep Maria",
    "Fed": "AND",
    "Sex": "M",
    "Title": "CM",
    "WTit": "",
    "OTit": "",
    "FOA": "2100",
    "Rating": "AUG25",
    "Gms": "9",
    "K": "20",
    "B-day": "2003",
    "Flag": ""
  },
  {
    "ID Number": "6900860",
    "Name": "Ribera Veganzones, Serni",
    "Fed": "AND",
    "Sex": "M",
    "Title": "FM",
    "WTit": "",
    "OTit": "",
    "FOA": "2097",
    "Rating": "AUG25",
    "Gms": "0",
    "K": "40",
    "B-day": "2007",
    "Flag": ""
  },
  {
    "ID Number": "6901590",
    "Name": "Rivero Rechi, Pol",
    "Fed": "AND",
    "Sex": "M",
    "Title": "",
    "WTit": "",
    "OTit": "",
    "FOA": "1523",
    "Rating": "AUG25",
    "Gms": "0",
    "K": "20",
    "B-day": "2006",
    "Flag": ""
  },
  {
    "ID Number": "6901891",
    "Name": "Samarra Almeyda, Ton",
    "Fed": "AND",
    "Sex": "M",
    "Title": "",
    "WTit": "",
    "OTit": "",
    "FOA": "1524",
    "Rating": "AUG25",
    "Gms": "9",
    "K": "40",
    "B-day": "2011",
    "Flag": ""
  },
  {
    "ID Number": "6901115",
    "Name": "Sanchez Sala, Marc",
    "Fed": "AND",
    "Sex": "M",
    "Title": "",
    "WTit": "",
    "OTit": "",
    "FOA": "1647",
    "Rating": "AUG25",
    "Gms": "0",
    "K": "20",
    "B-day": "2006",
    "Flag": "i"
  },
  {
    "ID Number": "6901220",
    "Name": "Sanchez Sala, Roger",
    "Fed": "AND",
    "Sex": "M",
    "Title": "",
    "WTit": "",
    "OTit": "",
    "FOA": "1555",
    "Rating": "AUG25",
    "Gms": "0",
    "K": "40",
    "B-day": "2008",
    "Flag": "i"
  },
  {
    "ID Number": "6900038",
    "Name": "Santamaria Mas, Vicens",
    "Fed": "AND",
    "Sex": "M",
    "Title": "",
    "WTit": "",
    "OTit": "",
    "FOA": "2032",
    "Rating": "AUG25",
    "Gms": "0",
    "K": "20",
    "B-day": "1953",
    "Flag": "i"
  },
  {
    "ID Number": "6900127",
    "Name": "Simonet, Marc",
    "Fed": "AND",
    "Sex": "M",
    "Title": "FM",
    "WTit": "",
    "OTit": "",
    "FOA": "2254",
    "Rating": "AUG25",
    "Gms": "0",
    "K": "20",
    "B-day": "1977",
    "Flag": "i"
  },
  {
    "ID Number": "6901476",
    "Name": "SINFREU SOBRE, David",
    "Fed": "AND",
    "Sex": "M",
    "Title": "",
    "WTit": "",
    "OTit": "",
    "FOA": "1859",
    "Rating": "AUG25",
    "Gms": "9",
    "K": "20",
    "B-day": "1984",
    "Flag": ""
  },
  {
    "ID Number": "6901743",
    "Name": "Toker, Idan",
    "Fed": "AND",
    "Sex": "M",
    "Title": "",
    "WTit": "",
    "OTit": "",
    "FOA": "1606",
    "Rating": "AUG25",
    "Gms": "8",
    "K": "40",
    "B-day": "2011",
    "Flag": ""
  },
  {
    "ID Number": "6901751",
    "Name": "Toker, Yaniv",
    "Fed": "AND",
    "Sex": "M",
    "Title": "",
    "WTit": "",
    "OTit": "",
    "FOA": "1592",
    "Rating": "AUG25",
    "Gms": "9",
    "K": "40",
    "B-day": "2007",
    "Flag": ""
  },
  {
    "ID Number": "6900623",
    "Name": "Torrent Casado, Marc",
    "Fed": "AND",
    "Sex": "M",
    "Title": "",
    "WTit": "",
    "OTit": "",
    "FOA": "1836",
    "Rating": "AUG25",
    "Gms": "0",
    "K": "20",
    "B-day": "1996",
    "Flag": "i"
  },
  {
    "ID Number": "6900674",
    "Name": "Trojman Gea, Alex",
    "Fed": "AND",
    "Sex": "M",
    "Title": "",
    "WTit": "",
    "OTit": "",
    "FOA": "1598",
    "Rating": "AUG25",
    "Gms": "0",
    "K": "20",
    "B-day": "2001",
    "Flag": "i"
  },
  {
    "ID Number": "6900313",
    "Name": "Vanyo Perez, Josep",
    "Fed": "AND",
    "Sex": "M",
    "Title": "",
    "WTit": "",
    "OTit": "",
    "FOA": "1696",
    "Rating": "AUG25",
    "Gms": "8",
    "K": "20",
    "B-day": "1953",
    "Flag": ""
  }
]