[
  {
    "ID Number": "13916009"
  },
  {
    "ID Number": "13900609"
  },
  {
    "ID Number": "13908251"
  },
  {
    "ID Number": "13900129"
  },
  {
    "ID Number": "13902199"
  },
  {
    "ID Number": "13910043"
  },
  {
    "ID Number": "13911651"
  },
  {
    "ID Number": "13909622"
  },
  {
    "ID Number": "13916378"
  },
  {
    "ID Number": "13912364"
  },
  {
    "ID Number": "13909754"
  },
  {
    "ID Number": "13912780"
  },
  {
    "ID Number": "13910248"
  },
  {
    "ID Number": "13912917"
  },
  {
    "ID Number": "13902890"
  },
  {
    "ID Number": "13915851"
  },
  {
    "ID Number": "13906950"
  },
  {
    "ID Number": "13910205"
  },
  {
    "ID Number": "13914103"
  },
  {
    "ID Number": "13907379"
  },
  {
    "ID Number": "13904051"
  },
  {
    "ID Number": "13906216"
  },
  {
    "ID Number": "13914685"
  },
  {
    "ID Number": "13914693"
  },
  {
    "ID Number": "13900706"
  },
  {
    "ID Number": "13914316"
  },
  {
    "ID Number": "13909150"
  },
  {
    "ID Number": "13908618"
  },
  {
    "ID Number": "13915983"
  },
  {
    "ID Number": "13908367"
  },
  {
    "ID Number": "13916483"
  },
  {
    "ID Number": "13912895"
  },
  {
    "ID Number": "13918826"
  },
  {
    "ID Number": "13902598"
  },
  {
    "ID Number": "13914359"
  },
  {
    "ID Number": "13900773"
  },
  {
    "ID Number": "13908626"
  },
  {
    "ID Number": "13903284"
  },
  {
    "ID Number": "13906755"
  },
  {
    "ID Number": "13908707"
  },
  {
    "ID Number": "13915460"
  },
  {
    "ID Number": "13915452"
  },
  {
    "ID Number": "13900900"
  },
  {
    "ID Number": "13907220"
  },
  {
    "ID Number": "13916963"
  },
  {
    "ID Number": "13917145"
  },
  {
    "ID Number": "13910027"
  },
  {
    "ID Number": "13910515"
  },
  {
    "ID Number": "13907522"
  },
  {
    "ID Number": "13911163"
  },
  {
    "ID Number": "13905627"
  },
  {
    "ID Number": "13901419"
  },
  {
    "ID Number": "13911376"
  },
  {
    "ID Number": "13910450"
  },
  {
    "ID Number": "13913905"
  },
  {
    "ID Number": "13902938"
  },
  {
    "ID Number": "13903659"
  },
  {
    "ID Number": "13911856"
  },
  {
    "ID Number": "13908669"
  },
  {
    "ID Number": "13901192"
  },
  {
    "ID Number": "13901303"
  },
  {
    "ID Number": "13914308"
  },
  {
    "ID Number": "13915177"
  },
  {
    "ID Number": "13900854"
  },
  {
    "ID Number": "13903438"
  },
  {
    "ID Number": "13908197"
  },
  {
    "ID Number": "13909088"
  },
  {
    "ID Number": "13902083"
  },
  {
    "ID Number": "13912119"
  },
  {
    "ID Number": "13903861"
  },
  {
    "ID Number": "13911570"
  },
  {
    "ID Number": "13908995"
  },
  {
    "ID Number": "13905040"
  },
  {
    "ID Number": "13908448"
  },
  {
    "ID Number": "13907239"
  },
  {
    "ID Number": "13909177"
  },
  {
    "ID Number": "13908987"
  },
  {
    "ID Number": "13906607"
  },
  {
    "ID Number": "13903489"
  },
  {
    "ID Number": "13909657"
  },
  {
    "ID Number": "13909886"
  },
  {
    "ID Number": "13900447"
  },
  {
    "ID Number": "13915703"
  },
  {
    "ID Number": "13902865"
  },
  {
    "ID Number": "13911236"
  },
  {
    "ID Number": "13913220"
  },
  {
    "ID Number": "13913573"
  },
  {
    "ID Number": "13914251"
  },
  {
    "ID Number": "13914260"
  },
  {
    "ID Number": "13909720"
  },
  {
    "ID Number": "13903748"
  },
  {
    "ID Number": "13917633"
  },
  {
    "ID Number": "13914189"
  },
  {
    "ID Number": "13913956"
  },
  {
    "ID Number": "13903004"
  },
  {
    "ID Number": "13901753"
  },
  {
    "ID Number": "13904914"
  },
  {
    "ID Number": "13909525"
  },
  {
    "ID Number": "13909460"
  },
  {
    "ID Number": "13907867"
  },
  {
    "ID Number": "13909304"
  },
  {
    "ID Number": "13906461"
  },
  {
    "ID Number": "13909339"
  },
  {
    "ID Number": "13900048"
  },
  {
    "ID Number": "13907719"
  },
  {
    "ID Number": "13917510"
  },
  {
    "ID Number": "13908847"
  },
  {
    "ID Number": "13914650"
  },
  {
    "ID Number": "13918923"
  },
  {
    "ID Number": "13913816"
  },
  {
    "ID Number": "13902954"
  },
  {
    "ID Number": "13904337"
  },
  {
    "ID Number": "13910140"
  },
  {
    "ID Number": "13904400"
  },
  {
    "ID Number": "13903012"
  },
  {
    "ID Number": "13900722"
  },
  {
    "ID Number": "13909096"
  },
  {
    "ID Number": "13903691"
  },
  {
    "ID Number": "13914014"
  },
  {
    "ID Number": "13903551"
  },
  {
    "ID Number": "13914146"
  },
  {
    "ID Number": "13908910"
  },
  {
    "ID Number": "13904523"
  },
  {
    "ID Number": "13916696"
  },
  {
    "ID Number": "13911023"
  },
  {
    "ID Number": "13917498"
  },
  {
    "ID Number": "13915991"
  },
  {
    "ID Number": "13909517"
  },
  {
    "ID Number": "13904779"
  },
  {
    "ID Number": "13911392"
  },
  {
    "ID Number": "13913476"
  },
  {
    "ID Number": "13916700"
  },
  {
    "ID Number": "13916947"
  },
  {
    "ID Number": "13905228"
  },
  {
    "ID Number": "13914227"
  },
  {
    "ID Number": "13902911"
  },
  {
    "ID Number": "13907638"
  },
  {
    "ID Number": "13911619"
  },
  {
    "ID Number": "13913557"
  },
  {
    "ID Number": "13913409"
  },
  {
    "ID Number": "13916831"
  },
  {
    "ID Number": "13916840"
  },
  {
    "ID Number": "13904426"
  },
  {
    "ID Number": "13906712"
  },
  {
    "ID Number": "13903810"
  },
  {
    "ID Number": "13905554"
  },
  {
    "ID Number": "13917544"
  },
  {
    "ID Number": "13905236"
  },
  {
    "ID Number": "13913417"
  },
  {
    "ID Number": "13906968"
  },
  {
    "ID Number": "13908499"
  },
  {
    "ID Number": "13909746"
  },
  {
    "ID Number": "13911490"
  },
  {
    "ID Number": "13909380"
  },
  {
    "ID Number": "13916939"
  },
  {
    "ID Number": "13917358"
  },
  {
    "ID Number": "13905678"
  },
  {
    "ID Number": "13905449"
  },
  {
    "ID Number": "13915657"
  },
  {
    "ID Number": "13917340"
  },
  {
    "ID Number": "13910434"
  },
  {
    "ID Number": "13903217"
  },
  {
    "ID Number": "13903799"
  },
  {
    "ID Number": "13909436"
  },
  {
    "ID Number": "13907980"
  },
  {
    "ID Number": "13907026"
  },
  {
    "ID Number": "13911970"
  },
  {
    "ID Number": "13909487"
  },
  {
    "ID Number": "13911961"
  },
  {
    "ID Number": "13909029"
  },
  {
    "ID Number": "13910116"
  },
  {
    "ID Number": "13908200"
  },
  {
    "ID Number": "13914855"
  },
  {
    "ID Number": "13909673"
  },
  {
    "ID Number": "13904922"
  },
  {
    "ID Number": "13904906"
  },
  {
    "ID Number": "13912216"
  },
  {
    "ID Number": "13917714"
  },
  {
    "ID Number": "13905864"
  },
  {
    "ID Number": "13909681"
  },
  {
    "ID Number": "13909053"
  },
  {
    "ID Number": "13911791"
  },
  {
    "ID Number": "13903942"
  },
  {
    "ID Number": "13913824"
  },
  {
    "ID Number": "13912704"
  },
  {
    "ID Number": "13912712"
  },
  {
    "ID Number": "13904744"
  },
  {
    "ID Number": "13904647"
  },
  {
    "ID Number": "13904442"
  },
  {
    "ID Number": "13908278"
  },
  {
    "ID Number": "13907999"
  },
  {
    "ID Number": "13909509"
  },
  {
    "ID Number": "13908600"
  },
  {
    "ID Number": "13908839"
  },
  {
    "ID Number": "13910191"
  },
  {
    "ID Number": "13918729"
  },
  {
    "ID Number": "13901893"
  },
  {
    "ID Number": "13916106"
  },
  {
    "ID Number": "13911287"
  },
  {
    "ID Number": "13914588"
  },
  {
    "ID Number": "13903870"
  },
  {
    "ID Number": "13911724"
  },
  {
    "ID Number": "13906895"
  },
  {
    "ID Number": "13907247"
  },
  {
    "ID Number": "13913590"
  },
  {
    "ID Number": "13901362"
  },
  {
    "ID Number": "13908677"
  },
  {
    "ID Number": "13902725"
  },
  {
    "ID Number": "13903446"
  },
  {
    "ID Number": "13906054"
  },
  {
    "ID Number": "13911473"
  },
  {
    "ID Number": "13909266"
  },
  {
    "ID Number": "13905686"
  },
  {
    "ID Number": "13917420"
  },
  {
    "ID Number": "13904574"
  },
  {
    "ID Number": "13909010"
  },
  {
    "ID Number": "13916254"
  },
  {
    "ID Number": "13900110"
  },
  {
    "ID Number": "13913565"
  },
  {
    "ID Number": "13913514"
  },
  {
    "ID Number": "13903225"
  },
  {
    "ID Number": "13905155"
  },
  {
    "ID Number": "13904507"
  },
  {
    "ID Number": "13906127"
  },
  {
    "ID Number": "13900870"
  },
  {
    "ID Number": "13901931"
  },
  {
    "ID Number": "13914324"
  },
  {
    "ID Number": "13907506"
  },
  {
    "ID Number": "13909444"
  },
  {
    "ID Number": "13909320"
  },
  {
    "ID Number": "13911031"
  },
  {
    "ID Number": "13905880"
  },
  {
    "ID Number": "13908561"
  },
  {
    "ID Number": "13917064"
  },
  {
    "ID Number": "13903144"
  },
  {
    "ID Number": "13916432"
  },
  {
    "ID Number": "13916548"
  },
  {
    "ID Number": "13912020"
  },
  {
    "ID Number": "13905503"
  },
  {
    "ID Number": "13913603"
  },
  {
    "ID Number": "13904035"
  },
  {
    "ID Number": "13911325"
  },
  {
    "ID Number": "13913581"
  },
  {
    "ID Number": "13909967"
  },
  {
    "ID Number": "13915312"
  },
  {
    "ID Number": "13914677"
  },
  {
    "ID Number": "13900137"
  },
  {
    "ID Number": "13903055"
  },
  {
    "ID Number": "13918508"
  },
  {
    "ID Number": "13907077"
  },
  {
    "ID Number": "13912470"
  },
  {
    "ID Number": "13903160"
  },
  {
    "ID Number": "13904370"
  },
  {
    "ID Number": "13903080"
  },
  {
    "ID Number": "13912658"
  },
  {
    "ID Number": "13903560"
  },
  {
    "ID Number": "13900153"
  },
  {
    "ID Number": "13907514"
  },
  {
    "ID Number": "13904671"
  },
  {
    "ID Number": "13907530"
  },
  {
    "ID Number": "13907956"
  },
  {
    "ID Number": "13911503"
  },
  {
    "ID Number": "13901966"
  },
  {
    "ID Number": "13913298"
  },
  {
    "ID Number": "13909690"
  },
  {
    "ID Number": "13911449"
  },
  {
    "ID Number": "13918680"
  },
  {
    "ID Number": "13906593"
  },
  {
    "ID Number": "13917323"
  },
  {
    "ID Number": "13904078"
  },
  {
    "ID Number": "13901613"
  },
  {
    "ID Number": "13912666"
  },
  {
    "ID Number": "13908189"
  },
  {
    "ID Number": "13908880"
  },
  {
    "ID Number": "13905163"
  },
  {
    "ID Number": "13909207"
  },
  {
    "ID Number": "13908324"
  },
  {
    "ID Number": "13913530"
  },
  {
    "ID Number": "13915584"
  },
  {
    "ID Number": "13913425"
  },
  {
    "ID Number": "13903233"
  },
  {
    "ID Number": "13913328"
  },
  {
    "ID Number": "13903993"
  },
  {
    "ID Number": "13910078"
  },
  {
    "ID Number": "13902300"
  },
  {
    "ID Number": "13901575"
  },
  {
    "ID Number": "13916858"
  },
  {
    "ID Number": "13904949"
  },
  {
    "ID Number": "13900811"
  },
  {
    "ID Number": "13908006"
  },
  {
    "ID Number": "13906402"
  },
  {
    "ID Number": "13908782"
  },
  {
    "ID Number": "13913263"
  },
  {
    "ID Number": "13916114"
  },
  {
    "ID Number": "13905147"
  },
  {
    "ID Number": "13900552"
  },
  {
    "ID Number": "13900730"
  },
  {
    "ID Number": "13913743"
  },
  {
    "ID Number": "13913735"
  },
  {
    "ID Number": "13905740"
  },
  {
    "ID Number": "13901591"
  },
  {
    "ID Number": "13905368"
  },
  {
    "ID Number": "13902814"
  },
  {
    "ID Number": "13908294"
  },
  {
    "ID Number": "13900480"
  },
  {
    "ID Number": "13913301"
  },
  {
    "ID Number": "13911139"
  },
  {
    "ID Number": "13904884"
  },
  {
    "ID Number": "13902067"
  },
  {
    "ID Number": "13908790"
  },
  {
    "ID Number": "13910159"
  },
  {
    "ID Number": "13914715"
  },
  {
    "ID Number": "13901095"
  },
  {
    "ID Number": "13907476"
  },
  {
    "ID Number": "13910272"
  },
  {
    "ID Number": "13908022"
  },
  {
    "ID Number": "13900587"
  },
  {
    "ID Number": "13910051"
  },
  {
    "ID Number": "13901982"
  },
  {
    "ID Number": "13914723"
  },
  {
    "ID Number": "13905635"
  },
  {
    "ID Number": "13908383"
  },
  {
    "ID Number": "13914170"
  },
  {
    "ID Number": "13915428"
  },
  {
    "ID Number": "13906682"
  },
  {
    "ID Number": "13905767"
  },
  {
    "ID Number": "13901214"
  },
  {
    "ID Number": "13904345"
  },
  {
    "ID Number": "13906160"
  },
  {
    "ID Number": "13903802"
  },
  {
    "ID Number": "13905597"
  },
  {
    "ID Number": "13911910"
  },
  {
    "ID Number": "13906909"
  },
  {
    "ID Number": "13901060"
  },
  {
    "ID Number": "13908588"
  },
  {
    "ID Number": "13903500"
  },
  {
    "ID Number": "13906771"
  },
  {
    "ID Number": "13905260"
  },
  {
    "ID Number": "13915398"
  },
  {
    "ID Number": "13913611"
  },
  {
    "ID Number": "13900250"
  },
  {
    "ID Number": "13911040"
  },
  {
    "ID Number": "13909312"
  },
  {
    "ID Number": "13909819"
  },
  {
    "ID Number": "13907875"
  },
  {
    "ID Number": "13916190"
  },
  {
    "ID Number": "13901702"
  },
  {
    "ID Number": "13911929"
  },
  {
    "ID Number": "13914820"
  },
  {
    "ID Number": "13900170"
  },
  {
    "ID Number": "13915266"
  },
  {
    "ID Number": "13913620"
  },
  {
    "ID Number": "13907891"
  },
  {
    "ID Number": "13904787"
  },
  {
    "ID Number": "13906062"
  },
  {
    "ID Number": "13903306"
  },
  {
    "ID Number": "13906852"
  },
  {
    "ID Number": "13908634"
  },
  {
    "ID Number": "13903853"
  },
  {
    "ID Number": "13904620"
  },
  {
    "ID Number": "13906283"
  },
  {
    "ID Number": "13913930"
  },
  {
    "ID Number": "13908308"
  },
  {
    "ID Number": "13909185"
  },
  {
    "ID Number": "13905716"
  },
  {
    "ID Number": "13903241"
  },
  {
    "ID Number": "13904663"
  },
  {
    "ID Number": "13905511"
  },
  {
    "ID Number": "13904582"
  },
  {
    "ID Number": "13901923"
  },
  {
    "ID Number": "13903829"
  },
  {
    "ID Number": "13911953"
  },
  {
    "ID Number": "13900935"
  },
  {
    "ID Number": "13918710"
  },
  {
    "ID Number": "13918265"
  },
  {
    "ID Number": "13901737"
  },
  {
    "ID Number": "13904353"
  },
  {
    "ID Number": "13918800"
  },
  {
    "ID Number": "13903403"
  },
  {
    "ID Number": "13901010"
  },
  {
    "ID Number": "13901630"
  },
  {
    "ID Number": "13901796"
  },
  {
    "ID Number": "13901770"
  },
  {
    "ID Number": "13911635"
  },
  {
    "ID Number": "13904094"
  },
  {
    "ID Number": "13915371"
  },
  {
    "ID Number": "13910647"
  },
  {
    "ID Number": "13905457"
  },
  {
    "ID Number": "13910973"
  },
  {
    "ID Number": "13909371"
  },
  {
    "ID Number": "13912879"
  },
  {
    "ID Number": "13919725"
  },
  {
    "ID Number": "13908553"
  },
  {
    "ID Number": "13911848"
  },
  {
    "ID Number": "13909045"
  },
  {
    "ID Number": "13910779"
  },
  {
    "ID Number": "13914510"
  },
  {
    "ID Number": "13911872"
  },
  {
    "ID Number": "13902687"
  },
  {
    "ID Number": "13906836"
  },
  {
    "ID Number": "13905813"
  },
  {
    "ID Number": "13914952"
  },
  {
    "ID Number": "13909762"
  },
  {
    "ID Number": "13907263"
  },
  {
    "ID Number": "13900803"
  },
  {
    "ID Number": "13902393"
  },
  {
    "ID Number": "13901710"
  },
  {
    "ID Number": "13905392"
  },
  {
    "ID Number": "13913719"
  },
  {
    "ID Number": "13905406"
  },
  {
    "ID Number": "13904272"
  },
  {
    "ID Number": "13904108"
  },
  {
    "ID Number": "13914197"
  },
  {
    "ID Number": "13915193"
  },
  {
    "ID Number": "13911244"
  },
  {
    "ID Number": "13900390"
  },
  {
    "ID Number": "13901125"
  },
  {
    "ID Number": "13901079"
  },
  {
    "ID Number": "13909703"
  },
  {
    "ID Number": "13908928"
  },
  {
    "ID Number": "13911902"
  },
  {
    "ID Number": "13912631"
  },
  {
    "ID Number": "13905171"
  },
  {
    "ID Number": "13907484"
  },
  {
    "ID Number": "13907425"
  },
  {
    "ID Number": "13902733"
  },
  {
    "ID Number": "13903616"
  },
  {
    "ID Number": "13904515"
  },
  {
    "ID Number": "13900200"
  },
  {
    "ID Number": "13915835"
  },
  {
    "ID Number": "13902164"
  },
  {
    "ID Number": "13903837"
  },
  {
    "ID Number": "13912313"
  },
  {
    "ID Number": "13915614"
  },
  {
    "ID Number": "13902059"
  },
  {
    "ID Number": "13909134"
  },
  {
    "ID Number": "13913832"
  },
  {
    "ID Number": "13901990"
  },
  {
    "ID Number": "13904612"
  },
  {
    "ID Number": "13914600"
  },
  {
    "ID Number": "13912690"
  },
  {
    "ID Number": "13915207"
  },
  {
    "ID Number": "13911422"
  },
  {
    "ID Number": "13909908"
  },
  {
    "ID Number": "13917757"
  },
  {
    "ID Number": "13918699"
  },
  {
    "ID Number": "13912593"
  },
  {
    "ID Number": "13906011"
  },
  {
    "ID Number": "13900544"
  },
  {
    "ID Number": "13900242"
  },
  {
    "ID Number": "13901400"
  },
  {
    "ID Number": "13913395"
  },
  {
    "ID Number": "13915738"
  },
  {
    "ID Number": "13903950"
  },
  {
    "ID Number": "13900030"
  },
  {
    "ID Number": "13907492"
  },
  {
    "ID Number": "13915827"
  },
  {
    "ID Number": "13903497"
  },
  {
    "ID Number": "13905830"
  },
  {
    "ID Number": "13910914"
  },
  {
    "ID Number": "13913891"
  },
  {
    "ID Number": "13907808"
  },
  {
    "ID Number": "13903179"
  },
  {
    "ID Number": "13901605"
  },
  {
    "ID Number": "13914022"
  },
  {
    "ID Number": "13901443"
  },
  {
    "ID Number": "13914235"
  },
  {
    "ID Number": "13905902"
  },
  {
    "ID Number": "13910175"
  },
  {
    "ID Number": "13902024"
  },
  {
    "ID Number": "13902857"
  },
  {
    "ID Number": "13915274"
  },
  {
    "ID Number": "13918893"
  },
  {
    "ID Number": "13910671"
  },
  {
    "ID Number": "13913093"
  },
  {
    "ID Number": "13913077"
  },
  {
    "ID Number": "13915649"
  },
  {
    "ID Number": "13905007"
  },
  {
    "ID Number": "13912003"
  },
  {
    "ID Number": "13905279"
  },
  {
    "ID Number": "13907921"
  },
  {
    "ID Number": "13908456"
  },
  {
    "ID Number": "13908855"
  },
  {
    "ID Number": "13916033"
  },
  {
    "ID Number": "13908120"
  },
  {
    "ID Number": "13909843"
  },
  {
    "ID Number": "13904388"
  },
  {
    "ID Number": "13905643"
  },
  {
    "ID Number": "13908464"
  },
  {
    "ID Number": "13908170"
  },
  {
    "ID Number": "13909770"
  },
  {
    "ID Number": "13902474"
  },
  {
    "ID Number": "13908340"
  },
  {
    "ID Number": "13908863"
  },
  {
    "ID Number": "13912380"
  },
  {
    "ID Number": "13915479"
  },
  {
    "ID Number": "13904590"
  },
  {
    "ID Number": "13904680"
  },
  {
    "ID Number": "13912852"
  },
  {
    "ID Number": "13912860"
  },
  {
    "ID Number": "13906496"
  },
  {
    "ID Number": "13915924"
  },
  {
    "ID Number": "13910841"
  },
  {
    "ID Number": "13903624"
  },
  {
    "ID Number": "13904655"
  },
  {
    "ID Number": "13914936"
  },
  {
    "ID Number": "13907433"
  },
  {
    "ID Number": "13912399"
  },
  {
    "ID Number": "13913840"
  },
  {
    "ID Number": "13908537"
  },
  {
    "ID Number": "13902229"
  },
  {
    "ID Number": "13901532"
  },
  {
    "ID Number": "13907689"
  },
  {
    "ID Number": "13909452"
  },
  {
    "ID Number": "13901559"
  },
  {
    "ID Number": "13912682"
  },
  {
    "ID Number": "13914057"
  },
  {
    "ID Number": "13907034"
  },
  {
    "ID Number": "13901265"
  },
  {
    "ID Number": "13905180"
  },
  {
    "ID Number": "13907565"
  },
  {
    "ID Number": "13917773"
  },
  {
    "ID Number": "13907441"
  },
  {
    "ID Number": "13914049"
  },
  {
    "ID Number": "13918761"
  },
  {
    "ID Number": "13917200"
  },
  {
    "ID Number": "13915746"
  },
  {
    "ID Number": "13905953"
  },
  {
    "ID Number": "13916076"
  },
  {
    "ID Number": "13901273"
  },
  {
    "ID Number": "13907018"
  },
  {
    "ID Number": "13916360"
  },
  {
    "ID Number": "13906844"
  },
  {
    "ID Number": "13916866"
  },
  {
    "ID Number": "13915975"
  },
  {
    "ID Number": "13902016"
  },
  {
    "ID Number": "13905775"
  },
  {
    "ID Number": "13913751"
  },
  {
    "ID Number": "13908227"
  },
  {
    "ID Number": "13909363"
  },
  {
    "ID Number": "13918540"
  },
  {
    "ID Number": "13905562"
  },
  {
    "ID Number": "13900838"
  },
  {
    "ID Number": "13903764"
  },
  {
    "ID Number": "13912933"
  },
  {
    "ID Number": "13911120"
  },
  {
    "ID Number": "13906186"
  },
  {
    "ID Number": "13903098"
  },
  {
    "ID Number": "13903411"
  },
  {
    "ID Number": "13905287"
  },
  {
    "ID Number": "13901974"
  },
  {
    "ID Number": "13918737"
  },
  {
    "ID Number": "13906038"
  },
  {
    "ID Number": "13911260"
  },
  {
    "ID Number": "13900781"
  },
  {
    "ID Number": "13902989"
  },
  {
    "ID Number": "13900897"
  },
  {
    "ID Number": "13912909"
  },
  {
    "ID Number": "13900749"
  },
  {
    "ID Number": "13910418"
  },
  {
    "ID Number": "13914502"
  },
  {
    "ID Number": "13904299"
  },
  {
    "ID Number": "13913859"
  },
  {
    "ID Number": "13906674"
  },
  {
    "ID Number": "13907905"
  },
  {
    "ID Number": "13901087"
  },
  {
    "ID Number": "13915258"
  },
  {
    "ID Number": "13901281"
  },
  {
    "ID Number": "13906623"
  },
  {
    "ID Number": "13912844"
  },
  {
    "ID Number": "13915592"
  },
  {
    "ID Number": "13907182"
  },
  {
    "ID Number": "13917412"
  },
  {
    "ID Number": "13908774"
  },
  {
    "ID Number": "13908286"
  },
  {
    "ID Number": "13900366"
  },
  {
    "ID Number": "13911546"
  },
  {
    "ID Number": "13916084"
  },
  {
    "ID Number": "13900080"
  },
  {
    "ID Number": "13914448"
  },
  {
    "ID Number": "13913646"
  },
  {
    "ID Number": "13905031"
  },
  {
    "ID Number": "13906658"
  },
  {
    "ID Number": "13917269"
  },
  {
    "ID Number": "13911511"
  },
  {
    "ID Number": "13911481"
  },
  {
    "ID Number": "13902326"
  },
  {
    "ID Number": "13910752"
  },
  {
    "ID Number": "13904728"
  },
  {
    "ID Number": "13906666"
  },
  {
    "ID Number": "13909991"
  },
  {
    "ID Number": "13909274"
  },
  {
    "ID Number": "13906526"
  },
  {
    "ID Number": "13902636"
  },
  {
    "ID Number": "13902750"
  },
  {
    "ID Number": "13916521"
  },
  {
    "ID Number": "13913794"
  },
  {
    "ID Number": "13915223"
  },
  {
    "ID Number": "13904698"
  },
  {
    "ID Number": "13911082"
  },
  {
    "ID Number": "13908901"
  },
  {
    "ID Number": "13906232"
  },
  {
    "ID Number": "13905295"
  },
  {
    "ID Number": "13918311"
  },
  {
    "ID Number": "13914987"
  },
  {
    "ID Number": "13909142"
  },
  {
    "ID Number": "13908960"
  },
  {
    "ID Number": "13909592"
  },
  {
    "ID Number": "13909800"
  },
  {
    "ID Number": "13906534"
  },
  {
    "ID Number": "13901001"
  },
  {
    "ID Number": "13914090"
  },
  {
    "ID Number": "13913123"
  },
  {
    "ID Number": "13910710"
  },
  {
    "ID Number": "13907123"
  },
  {
    "ID Number": "13915355"
  },
  {
    "ID Number": "13916025"
  },
  {
    "ID Number": "13916017"
  },
  {
    "ID Number": "13915800"
  },
  {
    "ID Number": "13900684"
  },
  {
    "ID Number": "13907450"
  },
  {
    "ID Number": "13915762"
  },
  {
    "ID Number": "13904434"
  },
  {
    "ID Number": "13902334"
  },
  {
    "ID Number": "13915622"
  },
  {
    "ID Number": "13900196"
  },
  {
    "ID Number": "13908596"
  },
  {
    "ID Number": "13912062"
  },
  {
    "ID Number": "13904957"
  },
  {
    "ID Number": "13910540"
  },
  {
    "ID Number": "13907913"
  },
  {
    "ID Number": "13905309"
  },
  {
    "ID Number": "13904264"
  },
  {
    "ID Number": "13908545"
  },
  {
    "ID Number": "13909789"
  },
  {
    "ID Number": "13906194"
  },
  {
    "ID Number": "13902830"
  },
  {
    "ID Number": "13901818"
  },
  {
    "ID Number": "13904639"
  },
  {
    "ID Number": "13911180"
  },
  {
    "ID Number": "13910493"
  },
  {
    "ID Number": "13904876"
  },
  {
    "ID Number": "13913964"
  },
  {
    "ID Number": "13912828"
  },
  {
    "ID Number": "13910167"
  },
  {
    "ID Number": "13913050"
  },
  {
    "ID Number": "13904396"
  },
  {
    "ID Number": "13904418"
  },
  {
    "ID Number": "13908723"
  },
  {
    "ID Number": "13903187"
  },
  {
    "ID Number": "13914618"
  },
  {
    "ID Number": "13903594"
  },
  {
    "ID Number": "13916890"
  },
  {
    "ID Number": "13914642"
  },
  {
    "ID Number": "13902040"
  },
  {
    "ID Number": "13904817"
  },
  {
    "ID Number": "13914243"
  },
  {
    "ID Number": "13905090"
  },
  {
    "ID Number": "13902920"
  },
  {
    "ID Number": "13902768"
  },
  {
    "ID Number": "13905724"
  },
  {
    "ID Number": "13908090"
  },
  {
    "ID Number": "13908740"
  },
  {
    "ID Number": "13906100"
  },
  {
    "ID Number": "13909215"
  },
  {
    "ID Number": "13909878"
  },
  {
    "ID Number": "13904132"
  },
  {
    "ID Number": "13900676"
  },
  {
    "ID Number": "13907280"
  },
  {
    "ID Number": "13905899"
  },
  {
    "ID Number": "13907700"
  },
  {
    "ID Number": "13901656"
  },
  {
    "ID Number": "13914995"
  },
  {
    "ID Number": "13904140"
  },
  {
    "ID Number": "13914910"
  },
  {
    "ID Number": "13908243"
  },
  {
    "ID Number": "13905490"
  },
  {
    "ID Number": "13906003"
  },
  {
    "ID Number": "13911554"
  },
  {
    "ID Number": "13903314"
  },
  {
    "ID Number": "13901583"
  },
  {
    "ID Number": "13908030"
  },
  {
    "ID Number": "13911309"
  },
  {
    "ID Number": "13912100"
  },
  {
    "ID Number": "13914626"
  },
  {
    "ID Number": "13900668"
  },
  {
    "ID Number": "13901699"
  },
  {
    "ID Number": "13907930"
  },
  {
    "ID Number": "13912194"
  },
  {
    "ID Number": "13902237"
  },
  {
    "ID Number": "13910108"
  },
  {
    "ID Number": "13917889"
  },
  {
    "ID Number": "13906445"
  },
  {
    "ID Number": "13908103"
  },
  {
    "ID Number": "13905198"
  },
  {
    "ID Number": "13909851"
  },
  {
    "ID Number": "13902776"
  },
  {
    "ID Number": "13918990"
  },
  {
    "ID Number": "13900560"
  },
  {
    "ID Number": "13908871"
  },
  {
    "ID Number": "13909924"
  },
  {
    "ID Number": "13917455"
  },
  {
    "ID Number": "13905546"
  },
  {
    "ID Number": "13900919"
  },
  {
    "ID Number": "13905856"
  },
  {
    "ID Number": "13909398"
  },
  {
    "ID Number": "13910531"
  },
  {
    "ID Number": "13914375"
  },
  {
    "ID Number": "13902423"
  },
  {
    "ID Number": "13913336"
  },
  {
    "ID Number": "13906984"
  },
  {
    "ID Number": "13909916"
  },
  {
    "ID Number": "13900412"
  },
  {
    "ID Number": "13908731"
  },
  {
    "ID Number": "13914456"
  },
  {
    "ID Number": "13908359"
  },
  {
    "ID Number": "13909223"
  },
  {
    "ID Number": "13900161"
  },
  {
    "ID Number": "13908685"
  },
  {
    "ID Number": "13908693"
  },
  {
    "ID Number": "13906828"
  },
  {
    "ID Number": "13916173"
  },
  {
    "ID Number": "13901958"
  },
  {
    "ID Number": "13915568"
  },
  {
    "ID Number": "13900943"
  },
  {
    "ID Number": "13903713"
  },
  {
    "ID Number": "13903721"
  },
  {
    "ID Number": "13918842"
  },
  {
    "ID Number": "13917404"
  },
  {
    "ID Number": "13908260"
  },
  {
    "ID Number": "13905465"
  },
  {
    "ID Number": "13906348"
  },
  {
    "ID Number": "13905201"
  },
  {
    "ID Number": "13906356"
  },
  {
    "ID Number": "13908529"
  },
  {
    "ID Number": "13916319"
  },
  {
    "ID Number": "13907972"
  },
  {
    "ID Number": "13912372"
  },
  {
    "ID Number": "13908146"
  },
  {
    "ID Number": "13906631"
  },
  {
    "ID Number": "13918982"
  },
  {
    "ID Number": "13903462"
  },
  {
    "ID Number": "13907859"
  },
  {
    "ID Number": "13903250"
  },
  {
    "ID Number": "13901257"
  },
  {
    "ID Number": "13903780"
  },
  {
    "ID Number": "13909193"
  },
  {
    "ID Number": "13902180"
  },
  {
    "ID Number": "13900102"
  },
  {
    "ID Number": "13909959"
  },
  {
    "ID Number": "13900846"
  },
  {
    "ID Number": "13913913"
  },
  {
    "ID Number": "13904159"
  },
  {
    "ID Number": "13901508"
  },
  {
    "ID Number": "13904248"
  },
  {
    "ID Number": "13908642"
  },
  {
    "ID Number": "13915118"
  },
  {
    "ID Number": "13909355"
  },
  {
    "ID Number": "13909282"
  },
  {
    "ID Number": "13912070"
  },
  {
    "ID Number": "13915495"
  },
  {
    "ID Number": "13906119"
  },
  {
    "ID Number": "13903730"
  },
  {
    "ID Number": "13902121"
  },
  {
    "ID Number": "13905732"
  },
  {
    "ID Number": "13905961"
  },
  {
    "ID Number": "13900510"
  },
  {
    "ID Number": "13913239"
  },
  {
    "ID Number": "13900382"
  },
  {
    "ID Number": "13902644"
  },
  {
    "ID Number": "13902571"
  },
  {
    "ID Number": "13905023"
  },
  {
    "ID Number": "13907328"
  },
  {
    "ID Number": "13901621"
  },
  {
    "ID Number": "13910442"
  },
  {
    "ID Number": "13906925"
  },
  {
    "ID Number": "13900404"
  },
  {
    "ID Number": "13911678"
  },
  {
    "ID Number": "13900889"
  },
  {
    "ID Number": "13907573"
  },
  {
    "ID Number": "13908480"
  },
  {
    "ID Number": "13918575"
  },
  {
    "ID Number": "13915894"
  },
  {
    "ID Number": "13902784"
  },
  {
    "ID Number": "13911880"
  },
  {
    "ID Number": "13902792"
  },
  {
    "ID Number": "13916424"
  },
  {
    "ID Number": "13915690"
  },
  {
    "ID Number": "13915681"
  },
  {
    "ID Number": "13910353"
  },
  {
    "ID Number": "13910345"
  },
  {
    "ID Number": "13913867"
  },
  {
    "ID Number": "13913441"
  },
  {
    "ID Number": "13909100"
  },
  {
    "ID Number": "13912089"
  },
  {
    "ID Number": "13912607"
  },
  {
    "ID Number": "13913522"
  },
  {
    "ID Number": "13902377"
  },
  {
    "ID Number": "13913662"
  },
  {
    "ID Number": "13911430"
  },
  {
    "ID Number": "13918850"
  },
  {
    "ID Number": "13903772"
  },
  {
    "ID Number": "13915860"
  },
  {
    "ID Number": "13907042"
  },
  {
    "ID Number": "13917013"
  },
  {
    "ID Number": "13904701"
  },
  {
    "ID Number": "13906178"
  },
  {
    "ID Number": "13909169"
  },
  {
    "ID Number": "13905015"
  },
  {
    "ID Number": "13907581"
  },
  {
    "ID Number": "13911813"
  },
  {
    "ID Number": "13901036"
  },
  {
    "ID Number": "13903470"
  },
  {
    "ID Number": "13908715"
  },
  {
    "ID Number": "13902261"
  },
  {
    "ID Number": "13912461"
  },
  {
    "ID Number": "13915347"
  },
  {
    "ID Number": "13916041"
  },
  {
    "ID Number": "13917803"
  },
  {
    "ID Number": "13909975"
  },
  {
    "ID Number": "13905430"
  },
  {
    "ID Number": "13900951"
  },
  {
    "ID Number": "13909479"
  },
  {
    "ID Number": "13906372"
  },
  {
    "ID Number": "13919890"
  },
  {
    "ID Number": "13902482"
  },
  {
    "ID Number": "13904167"
  },
  {
    "ID Number": "13904540"
  },
  {
    "ID Number": "13902695"
  },
  {
    "ID Number": "13904175"
  },
  {
    "ID Number": "13909541"
  },
  {
    "ID Number": "13910485"
  },
  {
    "ID Number": "13904183"
  },
  {
    "ID Number": "13910744"
  },
  {
    "ID Number": "13914847"
  },
  {
    "ID Number": "13908952"
  },
  {
    "ID Number": "13916564"
  },
  {
    "ID Number": "13918559"
  },
  {
    "ID Number": "13913654"
  },
  {
    "ID Number": "13915886"
  },
  {
    "ID Number": "13912615"
  },
  {
    "ID Number": "13907140"
  },
  {
    "ID Number": "13904000"
  },
  {
    "ID Number": "13904981"
  },
  {
    "ID Number": "13910060"
  },
  {
    "ID Number": "13911660"
  },
  {
    "ID Number": "13915665"
  },
  {
    "ID Number": "13907727"
  },
  {
    "ID Number": "13905481"
  },
  {
    "ID Number": "13912321"
  },
  {
    "ID Number": "13917994"
  },
  {
    "ID Number": "13905350"
  },
  {
    "ID Number": "13912259"
  },
  {
    "ID Number": "13907174"
  },
  {
    "ID Number": "13916599"
  },
  {
    "ID Number": "13916122"
  },
  {
    "ID Number": "13906550"
  },
  {
    "ID Number": "13901567"
  },
  {
    "ID Number": "13912410"
  },
  {
    "ID Number": "13904850"
  },
  {
    "ID Number": "13914472"
  },
  {
    "ID Number": "13916602"
  },
  {
    "ID Number": "13918869"
  },
  {
    "ID Number": "13905600"
  },
  {
    "ID Number": "13908162"
  },
  {
    "ID Number": "13911279"
  },
  {
    "ID Number": "13904191"
  },
  {
    "ID Number": "13901834"
  },
  {
    "ID Number": "13909932"
  },
  {
    "ID Number": "13911708"
  },
  {
    "ID Number": "13910574"
  },
  {
    "ID Number": "13911899"
  },
  {
    "ID Number": "13916050"
  },
  {
    "ID Number": "13917250"
  },
  {
    "ID Number": "13904205"
  },
  {
    "ID Number": "13911562"
  },
  {
    "ID Number": "13910086"
  },
  {
    "ID Number": "13904302"
  },
  {
    "ID Number": "13913948"
  },
  {
    "ID Number": "13902555"
  },
  {
    "ID Number": "13912488"
  },
  {
    "ID Number": "13903276"
  },
  {
    "ID Number": "13902806"
  },
  {
    "ID Number": "13919016"
  },
  {
    "ID Number": "13918222"
  },
  {
    "ID Number": "13904213"
  },
  {
    "ID Number": "13901869"
  },
  {
    "ID Number": "13910663"
  },
  {
    "ID Number": "13915363"
  },
  {
    "ID Number": "13909630"
  },
  {
    "ID Number": "13904736"
  },
  {
    "ID Number": "13909940"
  },
  {
    "ID Number": "13916912"
  },
  {
    "ID Number": "13902660"
  },
  {
    "ID Number": "13911198"
  },
  {
    "ID Number": "13902547"
  },
  {
    "ID Number": "13903110"
  },
  {
    "ID Number": "13904221"
  },
  {
    "ID Number": "13912135"
  },
  {
    "ID Number": "13902032"
  },
  {
    "ID Number": "13900790"
  },
  {
    "ID Number": "13907115"
  },
  {
    "ID Number": "13911996"
  },
  {
    "ID Number": "13910825"
  },
  {
    "ID Number": "13905910"
  },
  {
    "ID Number": "13902130"
  },
  {
    "ID Number": "13907590"
  },
  {
    "ID Number": "13902679"
  },
  {
    "ID Number": "13900536"
  },
  {
    "ID Number": "13903640"
  },
  {
    "ID Number": "13910612"
  },
  {
    "ID Number": "13900986"
  },
  {
    "ID Number": "13905970"
  },
  {
    "ID Number": "13905783"
  },
  {
    "ID Number": "13904710"
  },
  {
    "ID Number": "13902148"
  },
  {
    "ID Number": "13918400"
  },
  {
    "ID Number": "13912208"
  },
  {
    "ID Number": "13914529"
  },
  {
    "ID Number": "13911317"
  },
  {
    "ID Number": "13908936"
  },
  {
    "ID Number": "13905791"
  },
  {
    "ID Number": "13917684"
  },
  {
    "ID Number": "13911767"
  },
  {
    "ID Number": "13912771"
  },
  {
    "ID Number": "13904604"
  },
  {
    "ID Number": "13910957"
  },
  {
    "ID Number": "13901648"
  },
  {
    "ID Number": "13907000"
  },
  {
    "ID Number": "13900315"
  },
  {
    "ID Number": "13911457"
  },
  {
    "ID Number": "13905414"
  },
  {
    "ID Number": "13900323"
  },
  {
    "ID Number": "13917439"
  },
  {
    "ID Number": "13914944"
  },
  {
    "ID Number": "13913450"
  },
  {
    "ID Number": "13903357"
  },
  {
    "ID Number": "13916610"
  },
  {
    "ID Number": "13904019"
  },
  {
    "ID Number": "13907050"
  },
  {
    "ID Number": "13907662"
  },
  {
    "ID Number": "13915169"
  },
  {
    "ID Number": "13911147"
  },
  {
    "ID Number": "13911414"
  }
]