[
  {
    "ID Number": "17800013"
  },
  {
    "ID Number": "17800030"
  },
  {
    "ID Number": "17800323"
  },
  {
    "ID Number": "17800340"
  },
  {
    "ID Number": "17800781"
  },
  {
    "ID Number": "17800250"
  },
  {
    "ID Number": "17800129"
  },
  {
    "ID Number": "17800552"
  },
  {
    "ID Number": "1622218"
  },
  {
    "ID Number": "17800820"
  },
  {
    "ID Number": "17800587"
  },
  {
    "ID Number": "10001034"
  },
  {
    "ID Number": "422258"
  },
  {
    "ID Number": "17800153"
  },
  {
    "ID Number": "17800226"
  },
  {
    "ID Number": "17800544"
  },
  {
    "ID Number": "17800064"
  },
  {
    "ID Number": "17800897"
  },
  {
    "ID Number": "17800560"
  },
  {
    "ID Number": "17800196"
  },
  {
    "ID Number": "17800269"
  },
  {
    "ID Number": "17800048"
  }
]