[
  {
    "ID Number": "17800013",
    "Name": "Adeshole Beckley, Brian",
    "Fed": "SLE",
    "Sex": "M",
    "Title": "",
    "WTit": "",
    "OTit": "",
    "Rating": "1802",
    "Gms": "0",
    "K": "20",
    "RatingMonth": "AUG25",
    "B-day": "1987",
    "Flag": ""
  },
  {
    "ID Number": "17800030",
    "Name": "Agbaje, Samzu.o.h.",
    "Fed": "SLE",
    "Sex": "M",
    "Title": "",
    "WTit": "",
    "OTit": "",
    "Rating": "1635",
    "Gms": "0",
    "K": "40",
    "RatingMonth": "AUG25",
    "B-day": "1987",
    "Flag": ""
  },
  {
    "ID Number": "17800323",
    "Name": "Bangura, Hussain Dauda",
    "Fed": "SLE",
    "Sex": "M",
    "Title": "",
    "WTit": "",
    "OTit": "",
    "Rating": "1502",
    "Gms": "0",
    "K": "40",
    "RatingMonth": "AUG25",
    "B-day": "2004",
    "Flag": ""
  },
  {
    "ID Number": "17800340",
    "Name": "Bangura, Kabba Anthony",
    "Fed": "SLE",
    "Sex": "M",
    "Title": "",
    "WTit": "",
    "OTit": "",
    "Rating": "1621",
    "Gms": "0",
    "K": "40",
    "RatingMonth": "AUG25",
    "B-day": "1998",
    "Flag": ""
  },
  {
    "ID Number": "17800781",
    "Name": "Bockarie, Peter",
    "Fed": "SLE",
    "Sex": "M",
    "Title": "",
    "WTit": "",
    "OTit": "",
    "Rating": "1647",
    "Gms": "0",
    "K": "40",
    "RatingMonth": "AUG25",
    "B-day": "2001",
    "Flag": ""
  },
  {
    "ID Number": "17800250",
    "Name": "Conteh, Moses Ina Ebenezer",
    "Fed": "SLE",
    "Sex": "M",
    "Title": "",
    "WTit": "",
    "OTit": "",
    "Rating": "1684",
    "Gms": "0",
    "K": "40",
    "RatingMonth": "AUG25",
    "B-day": "2006",
    "Flag": ""
  },
  {
    "ID Number": "17800129",
    "Name": "Ibrahim Santigie Conteh",
    "Fed": "SLE",
    "Sex": "M",
    "Title": "",
    "WTit": "",
    "OTit": "",
    "Rating": "1515",
    "Gms": "0",
    "K": "40",
    "RatingMonth": "AUG25",
    "B-day": "1996",
    "Flag": "i"
  },
  {
    "ID Number": "17800552",
    "Name": "Issa Kamara",
    "Fed": "SLE",
    "Sex": "M",
    "Title": "",
    "WTit": "",
    "OTit": "",
    "Rating": "1673",
    "Gms": "0",
    "K": "40",
    "RatingMonth": "AUG25",
    "B-day": "1998",
    "Flag": "i"
  },
  {
    "ID Number": "1622218",
    "Name": "Kamara, Ansumana",
    "Fed": "SLE",
    "Sex": "M",
    "Title": "CM",
    "WTit": "SI",
    "OTit": "",
    "Rating": "1855",
    "Gms": "0",
    "K": "20",
    "RatingMonth": "AUG25",
    "B-day": "1973",
    "Flag": ""
  },
  {
    "ID Number": "17800820",
    "Name": "Kamara, Samura",
    "Fed": "SLE",
    "Sex": "M",
    "Title": "",
    "WTit": "",
    "OTit": "",
    "Rating": "1592",
    "Gms": "0",
    "K": "40",
    "RatingMonth": "AUG25",
    "B-day": "2003",
    "Flag": ""
  },
  {
    "ID Number": "17800587",
    "Name": "Lavalie, Abdul Amara",
    "Fed": "SLE",
    "Sex": "M",
    "Title": "",
    "WTit": "",
    "OTit": "",
    "Rating": "1629",
    "Gms": "0",
    "K": "40",
    "RatingMonth": "AUG25",
    "B-day": "2003",
    "Flag": ""
  },
  {
    "ID Number": "10001034",
    "Name": "Lwebuga, Ronald",
    "Fed": "SLE",
    "Sex": "M",
    "Title": "CM",
    "WTit": "",
    "OTit": "",
    "Rating": "1880",
    "Gms": "0",
    "K": "20",
    "RatingMonth": "AUG25",
    "B-day": "1986",
    "Flag": "i"
  },
  {
    "ID Number": "422258",
    "Name": "O`Neill, Jon",
    "Fed": "SLE",
    "Sex": "M",
    "Title": "",
    "WTit": "",
    "OTit": "",
    "Rating": "1886",
    "Gms": "0",
    "K": "20",
    "RatingMonth": "AUG25",
    "B-day": "1968",
    "Flag": ""
  },
  {
    "ID Number": "17800153",
    "Name": "Samuel Kamara",
    "Fed": "SLE",
    "Sex": "M",
    "Title": "",
    "WTit": "",
    "OTit": "",
    "Rating": "1651",
    "Gms": "0",
    "K": "40",
    "RatingMonth": "AUG25",
    "B-day": "1989",
    "Flag": "i"
  },
  {
    "ID Number": "17800226",
    "Name": "Sankoh, Osman",
    "Fed": "SLE",
    "Sex": "M",
    "Title": "",
    "WTit": "",
    "OTit": "",
    "Rating": "1651",
    "Gms": "0",
    "K": "40",
    "RatingMonth": "AUG25",
    "B-day": "1970",
    "Flag": ""
  },
  {
    "ID Number": "17800544",
    "Name": "Sebastian, Antic",
    "Fed": "SLE",
    "Sex": "M",
    "Title": "",
    "WTit": "",
    "OTit": "",
    "Rating": "1749",
    "Gms": "0",
    "K": "40",
    "RatingMonth": "AUG25",
    "B-day": "1998",
    "Flag": ""
  },
  {
    "ID Number": "17800064",
    "Name": "Sesay, Mohamed",
    "Fed": "SLE",
    "Sex": "M",
    "Title": "",
    "WTit": "",
    "OTit": "",
    "Rating": "1726",
    "Gms": "0",
    "K": "40",
    "RatingMonth": "AUG25",
    "B-day": "0",
    "Flag": "i"
  },
  {
    "ID Number": "17800897",
    "Name": "Swaray, Alusine",
    "Fed": "SLE",
    "Sex": "M",
    "Title": "",
    "WTit": "",
    "OTit": "",
    "Rating": "1700",
    "Gms": "0",
    "K": "40",
    "RatingMonth": "AUG25",
    "B-day": "2002",
    "Flag": ""
  },
  {
    "ID Number": "17800560",
    "Name": "Tarawallie, Issa Peter",
    "Fed": "SLE",
    "Sex": "M",
    "Title": "",
    "WTit": "",
    "OTit": "",
    "Rating": "1609",
    "Gms": "0",
    "K": "40",
    "RatingMonth": "AUG25",
    "B-day": "2005",
    "Flag": ""
  },
  {
    "ID Number": "17800196",
    "Name": "Tenequee, Saa Joseph",
    "Fed": "SLE",
    "Sex": "M",
    "Title": "",
    "WTit": "",
    "OTit": "",
    "Rating": "1658",
    "Gms": "0",
    "K": "40",
    "RatingMonth": "AUG25",
    "B-day": "1996",
    "Flag": ""
  },
  {
    "ID Number": "17800269",
    "Name": "Toronka, Abdul Rahman",
    "Fed": "SLE",
    "Sex": "M",
    "Title": "",
    "WTit": "",
    "OTit": "",
    "Rating": "1503",
    "Gms": "0",
    "K": "40",
    "RatingMonth": "AUG25",
    "B-day": "1983",
    "Flag": ""
  },
  {
    "ID Number": "17800048",
    "Name": "Winston Gerald, Mansfield Thomas",
    "Fed": "SLE",
    "Sex": "M",
    "Title": "",
    "WTit": "",
    "OTit": "",
    "Rating": "1928",
    "Gms": "0",
    "K": "20",
    "RatingMonth": "AUG25",
    "B-day": "1963",
    "Flag": ""
  }
]