[
  {
    "ID Number": "241000544"
  },
  {
    "ID Number": "241000587"
  },
  {
    "ID Number": "241002407"
  },
  {
    "ID Number": "241000153"
  },
  {
    "ID Number": "241000161"
  },
  {
    "ID Number": "241000137"
  },
  {
    "ID Number": "241000145"
  },
  {
    "ID Number": "241000200"
  },
  {
    "ID Number": "241000420"
  },
  {
    "ID Number": "241000030"
  },
  {
    "ID Number": "241001931"
  },
  {
    "ID Number": "241000382"
  },
  {
    "ID Number": "241000579"
  },
  {
    "ID Number": "241000226"
  },
  {
    "ID Number": "241000285"
  },
  {
    "ID Number": "241000129"
  },
  {
    "ID Number": "241000552"
  },
  {
    "ID Number": "241000218"
  },
  {
    "ID Number": "241000013"
  },
  {
    "ID Number": "241002164"
  },
  {
    "ID Number": "241000510"
  },
  {
    "ID Number": "241002423"
  },
  {
    "ID Number": "241000480"
  },
  {
    "ID Number": "241000099"
  },
  {
    "ID Number": "241000307"
  },
  {
    "ID Number": "241000404"
  },
  {
    "ID Number": "241000331"
  }
]