[
  {
    "ID Number": "14204525"
  },
  {
    "ID Number": "14206323"
  },
  {
    "ID Number": "14203260"
  },
  {
    "ID Number": "14234009"
  },
  {
    "ID Number": "14209020"
  },
  {
    "ID Number": "14216663"
  },
  {
    "ID Number": "14212340"
  },
  {
    "ID Number": "14243598"
  },
  {
    "ID Number": "14227231"
  },
  {
    "ID Number": "14208440"
  },
  {
    "ID Number": "14216884"
  },
  {
    "ID Number": "14223309"
  },
  {
    "ID Number": "14219522"
  },
  {
    "ID Number": "14203669"
  },
  {
    "ID Number": "14212366"
  },
  {
    "ID Number": "14224763"
  },
  {
    "ID Number": "14202476"
  },
  {
    "ID Number": "14209209"
  },
  {
    "ID Number": "14206420"
  },
  {
    "ID Number": "14205289"
  },
  {
    "ID Number": "14233436"
  },
  {
    "ID Number": "14219751"
  },
  {
    "ID Number": "14210088"
  },
  {
    "ID Number": "14231263"
  },
  {
    "ID Number": "14228394"
  },
  {
    "ID Number": "14231271"
  },
  {
    "ID Number": "14236753"
  },
  {
    "ID Number": "14223120"
  },
  {
    "ID Number": "14210266"
  },
  {
    "ID Number": "14224682"
  },
  {
    "ID Number": "14200228"
  },
  {
    "ID Number": "14219530"
  },
  {
    "ID Number": "14202484"
  },
  {
    "ID Number": "14211750"
  },
  {
    "ID Number": "14236885"
  },
  {
    "ID Number": "14210428"
  },
  {
    "ID Number": "14215659"
  },
  {
    "ID Number": "14204452"
  },
  {
    "ID Number": "14232812"
  },
  {
    "ID Number": "14207656"
  },
  {
    "ID Number": "14224887"
  },
  {
    "ID Number": "14210924"
  },
  {
    "ID Number": "14210932"
  },
  {
    "ID Number": "14212471"
  },
  {
    "ID Number": "14222663"
  },
  {
    "ID Number": "14202972"
  },
  {
    "ID Number": "14209918"
  },
  {
    "ID Number": "14215667"
  },
  {
    "ID Number": "14210380"
  },
  {
    "ID Number": "14207346"
  },
  {
    "ID Number": "14224895"
  },
  {
    "ID Number": "14219980"
  },
  {
    "ID Number": "14203278"
  },
  {
    "ID Number": "14228742"
  },
  {
    "ID Number": "14218313"
  },
  {
    "ID Number": "14223317"
  },
  {
    "ID Number": "14223694"
  },
  {
    "ID Number": "14204118"
  },
  {
    "ID Number": "14212536"
  },
  {
    "ID Number": "14231000"
  },
  {
    "ID Number": "14224917"
  },
  {
    "ID Number": "14228416"
  },
  {
    "ID Number": "14211998"
  },
  {
    "ID Number": "14213818"
  },
  {
    "ID Number": "14227517"
  },
  {
    "ID Number": "14223520"
  },
  {
    "ID Number": "14204690"
  },
  {
    "ID Number": "14224771"
  },
  {
    "ID Number": "14203286"
  },
  {
    "ID Number": "14200449"
  },
  {
    "ID Number": "14200430"
  },
  {
    "ID Number": "14224348"
  },
  {
    "ID Number": "14208342"
  },
  {
    "ID Number": "14226006"
  },
  {
    "ID Number": "14225166"
  },
  {
    "ID Number": "14208253"
  },
  {
    "ID Number": "14224925"
  },
  {
    "ID Number": "14212820"
  },
  {
    "ID Number": "14211955"
  },
  {
    "ID Number": "14224607"
  },
  {
    "ID Number": "14207664"
  },
  {
    "ID Number": "14224135"
  },
  {
    "ID Number": "14219662"
  },
  {
    "ID Number": "14227851"
  },
  {
    "ID Number": "14226383"
  },
  {
    "ID Number": "14226278"
  },
  {
    "ID Number": "14234211"
  },
  {
    "ID Number": "14226391"
  },
  {
    "ID Number": "14205505"
  },
  {
    "ID Number": "14240181"
  },
  {
    "ID Number": "14223538"
  },
  {
    "ID Number": "14223546"
  },
  {
    "ID Number": "14210215"
  },
  {
    "ID Number": "14239833"
  },
  {
    "ID Number": "14220032"
  },
  {
    "ID Number": "14205246"
  },
  {
    "ID Number": "14203316"
  },
  {
    "ID Number": "14225832"
  },
  {
    "ID Number": "14229889"
  },
  {
    "ID Number": "14203308"
  },
  {
    "ID Number": "14204789"
  },
  {
    "ID Number": "14226154"
  },
  {
    "ID Number": "14217406"
  },
  {
    "ID Number": "14207354"
  },
  {
    "ID Number": "14239949"
  },
  {
    "ID Number": "14224933"
  },
  {
    "ID Number": "14233975"
  },
  {
    "ID Number": "14238772"
  },
  {
    "ID Number": "14218666"
  },
  {
    "ID Number": "14218810"
  },
  {
    "ID Number": "14237032"
  },
  {
    "ID Number": "14204622"
  },
  {
    "ID Number": "14232642"
  },
  {
    "ID Number": "14210975"
  },
  {
    "ID Number": "14212692"
  },
  {
    "ID Number": "14213877"
  },
  {
    "ID Number": "14225387"
  },
  {
    "ID Number": "14212560"
  },
  {
    "ID Number": "14249103"
  },
  {
    "ID Number": "14237709"
  },
  {
    "ID Number": "14202395"
  },
  {
    "ID Number": "14223597"
  },
  {
    "ID Number": "14202409"
  },
  {
    "ID Number": "14201798"
  },
  {
    "ID Number": "14204991"
  },
  {
    "ID Number": "14223708"
  },
  {
    "ID Number": "14235978"
  },
  {
    "ID Number": "14218453"
  },
  {
    "ID Number": "14216914"
  },
  {
    "ID Number": "14232774"
  },
  {
    "ID Number": "14220180"
  },
  {
    "ID Number": "14224690"
  },
  {
    "ID Number": "14220407"
  },
  {
    "ID Number": "14219255"
  },
  {
    "ID Number": "14215705"
  },
  {
    "ID Number": "14213672"
  },
  {
    "ID Number": "14208385"
  },
  {
    "ID Number": "14213907"
  },
  {
    "ID Number": "14212609"
  },
  {
    "ID Number": "14206463"
  },
  {
    "ID Number": "14208504"
  },
  {
    "ID Number": "14234025"
  },
  {
    "ID Number": "14220199"
  },
  {
    "ID Number": "14230437"
  },
  {
    "ID Number": "14234041"
  },
  {
    "ID Number": "14224704"
  },
  {
    "ID Number": "14234165"
  },
  {
    "ID Number": "14232120"
  },
  {
    "ID Number": "14203324"
  },
  {
    "ID Number": "14210886"
  },
  {
    "ID Number": "14228351"
  },
  {
    "ID Number": "14219999"
  },
  {
    "ID Number": "14223821"
  },
  {
    "ID Number": "14209640"
  },
  {
    "ID Number": "14224801"
  },
  {
    "ID Number": "14203332"
  },
  {
    "ID Number": "14218909"
  },
  {
    "ID Number": "14223716"
  },
  {
    "ID Number": "14210673"
  },
  {
    "ID Number": "14226480"
  },
  {
    "ID Number": "14215713"
  },
  {
    "ID Number": "14236028"
  },
  {
    "ID Number": "14233444"
  },
  {
    "ID Number": "14228076"
  },
  {
    "ID Number": "14212285"
  },
  {
    "ID Number": "14223554"
  },
  {
    "ID Number": "14223325"
  },
  {
    "ID Number": "14240475"
  },
  {
    "ID Number": "14223724"
  },
  {
    "ID Number": "14227568"
  },
  {
    "ID Number": "14209250"
  },
  {
    "ID Number": "14229030"
  },
  {
    "ID Number": "14210983"
  },
  {
    "ID Number": "14226022"
  },
  {
    "ID Number": "14203340"
  },
  {
    "ID Number": "14236400"
  },
  {
    "ID Number": "14200082"
  },
  {
    "ID Number": "14212960"
  },
  {
    "ID Number": "14209195"
  },
  {
    "ID Number": "14227576"
  },
  {
    "ID Number": "14241978"
  },
  {
    "ID Number": "14216035"
  },
  {
    "ID Number": "14243741"
  },
  {
    "ID Number": "14229048"
  },
  {
    "ID Number": "14203359"
  },
  {
    "ID Number": "14203367"
  },
  {
    "ID Number": "14210207"
  },
  {
    "ID Number": "14229749"
  },
  {
    "ID Number": "14234106"
  },
  {
    "ID Number": "14211009"
  },
  {
    "ID Number": "14223830"
  },
  {
    "ID Number": "14213516"
  },
  {
    "ID Number": "14207508"
  },
  {
    "ID Number": "14207842"
  },
  {
    "ID Number": "14212986"
  },
  {
    "ID Number": "14226880"
  },
  {
    "ID Number": "14207400"
  },
  {
    "ID Number": "14225689"
  },
  {
    "ID Number": "14211432"
  },
  {
    "ID Number": "14219760"
  },
  {
    "ID Number": "14211017"
  },
  {
    "ID Number": "14222698"
  },
  {
    "ID Number": "14223848"
  },
  {
    "ID Number": "14210681"
  },
  {
    "ID Number": "14227878"
  },
  {
    "ID Number": "14233428"
  },
  {
    "ID Number": "14216957"
  },
  {
    "ID Number": "14229757"
  },
  {
    "ID Number": "14210525"
  },
  {
    "ID Number": "14228769"
  },
  {
    "ID Number": "14223031"
  },
  {
    "ID Number": "14205122"
  },
  {
    "ID Number": "14220326"
  },
  {
    "ID Number": "14223856"
  },
  {
    "ID Number": "14200031"
  },
  {
    "ID Number": "14200066"
  },
  {
    "ID Number": "14201950"
  },
  {
    "ID Number": "14214032"
  },
  {
    "ID Number": "14224020"
  },
  {
    "ID Number": "14212447"
  },
  {
    "ID Number": "14232804"
  },
  {
    "ID Number": "14212315"
  },
  {
    "ID Number": "14242389"
  },
  {
    "ID Number": "14204665"
  },
  {
    "ID Number": "14210770"
  },
  {
    "ID Number": "14204800"
  },
  {
    "ID Number": "14209969"
  },
  {
    "ID Number": "14225433"
  },
  {
    "ID Number": "14235846"
  },
  {
    "ID Number": "14237350"
  },
  {
    "ID Number": "14226499"
  },
  {
    "ID Number": "14200236"
  },
  {
    "ID Number": "14208032"
  },
  {
    "ID Number": "14208962"
  },
  {
    "ID Number": "14204126"
  },
  {
    "ID Number": "14234394"
  },
  {
    "ID Number": "14200163"
  },
  {
    "ID Number": "14214105"
  },
  {
    "ID Number": "14210347"
  },
  {
    "ID Number": "14205939"
  },
  {
    "ID Number": "14219859"
  },
  {
    "ID Number": "14211033"
  },
  {
    "ID Number": "14207990"
  },
  {
    "ID Number": "14240521"
  },
  {
    "ID Number": "14232545"
  },
  {
    "ID Number": "14234262"
  },
  {
    "ID Number": "14230976"
  },
  {
    "ID Number": "14223732"
  },
  {
    "ID Number": "14223740"
  },
  {
    "ID Number": "14223759"
  },
  {
    "ID Number": "14217180"
  },
  {
    "ID Number": "14218097"
  },
  {
    "ID Number": "14216566"
  },
  {
    "ID Number": "14214130"
  },
  {
    "ID Number": "14231360"
  },
  {
    "ID Number": "14232090"
  },
  {
    "ID Number": "14225905"
  },
  {
    "ID Number": "14210789"
  },
  {
    "ID Number": "14230810"
  },
  {
    "ID Number": "14202085"
  },
  {
    "ID Number": "14208970"
  },
  {
    "ID Number": "14228173"
  },
  {
    "ID Number": "14227371"
  },
  {
    "ID Number": "14210690"
  },
  {
    "ID Number": "14221683"
  },
  {
    "ID Number": "14229935"
  },
  {
    "ID Number": "14225794"
  },
  {
    "ID Number": "14200554"
  },
  {
    "ID Number": "14218682"
  },
  {
    "ID Number": "14200988"
  },
  {
    "ID Number": "14204134"
  },
  {
    "ID Number": "14230275"
  },
  {
    "ID Number": "14225395"
  },
  {
    "ID Number": "14200929"
  },
  {
    "ID Number": "14217198"
  },
  {
    "ID Number": "14218836"
  },
  {
    "ID Number": "14230470"
  },
  {
    "ID Number": "14231816"
  },
  {
    "ID Number": "14205670"
  },
  {
    "ID Number": "14223619"
  },
  {
    "ID Number": "14206650"
  },
  {
    "ID Number": "14234564"
  },
  {
    "ID Number": "14202344"
  },
  {
    "ID Number": "14205130"
  },
  {
    "ID Number": "14203901"
  },
  {
    "ID Number": "14202174"
  },
  {
    "ID Number": "14231387"
  },
  {
    "ID Number": "14211041"
  },
  {
    "ID Number": "14208130"
  },
  {
    "ID Number": "14232898"
  },
  {
    "ID Number": "14201410"
  },
  {
    "ID Number": "14224470"
  },
  {
    "ID Number": "14205661"
  },
  {
    "ID Number": "14207869"
  },
  {
    "ID Number": "14201151"
  },
  {
    "ID Number": "14220741"
  },
  {
    "ID Number": "14206668"
  },
  {
    "ID Number": "14205190"
  },
  {
    "ID Number": "14200643"
  },
  {
    "ID Number": "14200651"
  },
  {
    "ID Number": "14211050"
  },
  {
    "ID Number": "14243911"
  },
  {
    "ID Number": "14229978"
  },
  {
    "ID Number": "14205440"
  },
  {
    "ID Number": "14207877"
  },
  {
    "ID Number": "14203030"
  },
  {
    "ID Number": "14209497"
  },
  {
    "ID Number": "14200660"
  },
  {
    "ID Number": "14200074"
  },
  {
    "ID Number": "14244110"
  },
  {
    "ID Number": "14225603"
  },
  {
    "ID Number": "14212293"
  },
  {
    "ID Number": "14226936"
  },
  {
    "ID Number": "14230941"
  },
  {
    "ID Number": "14232910"
  },
  {
    "ID Number": "14211483"
  },
  {
    "ID Number": "14207680"
  },
  {
    "ID Number": "14206021"
  },
  {
    "ID Number": "14232340"
  },
  {
    "ID Number": "14216736"
  },
  {
    "ID Number": "14207699"
  },
  {
    "ID Number": "14203146"
  },
  {
    "ID Number": "14223627"
  },
  {
    "ID Number": "14211491"
  },
  {
    "ID Number": "14216086"
  },
  {
    "ID Number": "14222701"
  },
  {
    "ID Number": "14218186"
  },
  {
    "ID Number": "14200546"
  },
  {
    "ID Number": "14207885"
  },
  {
    "ID Number": "14233398"
  },
  {
    "ID Number": "14214229"
  },
  {
    "ID Number": "14234386"
  },
  {
    "ID Number": "14223350"
  },
  {
    "ID Number": "14213079"
  },
  {
    "ID Number": "14212382"
  },
  {
    "ID Number": "14211890"
  },
  {
    "ID Number": "14216400"
  },
  {
    "ID Number": "14234840"
  },
  {
    "ID Number": "14201593"
  },
  {
    "ID Number": "14232669"
  },
  {
    "ID Number": "14213613"
  },
  {
    "ID Number": "14211521"
  },
  {
    "ID Number": "14216191"
  },
  {
    "ID Number": "14209047"
  },
  {
    "ID Number": "14207575"
  },
  {
    "ID Number": "14202115"
  },
  {
    "ID Number": "14219700"
  },
  {
    "ID Number": "14220130"
  },
  {
    "ID Number": "14236931"
  },
  {
    "ID Number": "14200104"
  },
  {
    "ID Number": "14234050"
  },
  {
    "ID Number": "14232502"
  },
  {
    "ID Number": "14203383"
  },
  {
    "ID Number": "14207524"
  },
  {
    "ID Number": "14208288"
  },
  {
    "ID Number": "14208296"
  },
  {
    "ID Number": "14219263"
  },
  {
    "ID Number": "14227894"
  },
  {
    "ID Number": "14234319"
  },
  {
    "ID Number": "14212439"
  },
  {
    "ID Number": "14206048"
  },
  {
    "ID Number": "14240319"
  },
  {
    "ID Number": "14219557"
  },
  {
    "ID Number": "14241099"
  },
  {
    "ID Number": "14242109"
  },
  {
    "ID Number": "14216310"
  },
  {
    "ID Number": "14226170"
  },
  {
    "ID Number": "14228440"
  },
  {
    "ID Number": "14214059"
  },
  {
    "ID Number": "14218780"
  },
  {
    "ID Number": "14221390"
  },
  {
    "ID Number": "14225468"
  },
  {
    "ID Number": "14225476"
  },
  {
    "ID Number": "14210045"
  },
  {
    "ID Number": "14237270"
  },
  {
    "ID Number": "14231824"
  },
  {
    "ID Number": "14228815"
  },
  {
    "ID Number": "14221764"
  },
  {
    "ID Number": "14202905"
  },
  {
    "ID Number": "14228459"
  },
  {
    "ID Number": "14241005"
  },
  {
    "ID Number": "14227835"
  },
  {
    "ID Number": "14207265"
  },
  {
    "ID Number": "14235366"
  },
  {
    "ID Number": "14213095"
  },
  {
    "ID Number": "14232758"
  },
  {
    "ID Number": "14209179"
  },
  {
    "ID Number": "14225611"
  },
  {
    "ID Number": "14200481"
  },
  {
    "ID Number": "14201771"
  },
  {
    "ID Number": "14210118"
  },
  {
    "ID Number": "14243687"
  },
  {
    "ID Number": "14227630"
  },
  {
    "ID Number": "14208202"
  },
  {
    "ID Number": "14231832"
  },
  {
    "ID Number": "14210274"
  },
  {
    "ID Number": "14237725"
  },
  {
    "ID Number": "14220148"
  },
  {
    "ID Number": "14206722"
  },
  {
    "ID Number": "14202603"
  },
  {
    "ID Number": "14236915"
  },
  {
    "ID Number": "14202425"
  },
  {
    "ID Number": "14201607"
  },
  {
    "ID Number": "14200309"
  },
  {
    "ID Number": "14239507"
  },
  {
    "ID Number": "14212161"
  },
  {
    "ID Number": "14210908"
  },
  {
    "ID Number": "14207613"
  },
  {
    "ID Number": "14203766"
  },
  {
    "ID Number": "14216205"
  },
  {
    "ID Number": "14210410"
  },
  {
    "ID Number": "14222329"
  },
  {
    "ID Number": "14237636"
  },
  {
    "ID Number": "14242699"
  },
  {
    "ID Number": "14200384"
  },
  {
    "ID Number": "14204304"
  },
  {
    "ID Number": "14200244"
  },
  {
    "ID Number": "14209683"
  },
  {
    "ID Number": "14226960"
  },
  {
    "ID Number": "14203391"
  },
  {
    "ID Number": "14201488"
  },
  {
    "ID Number": "14218992"
  },
  {
    "ID Number": "14200880"
  },
  {
    "ID Number": "14226332"
  },
  {
    "ID Number": "14208679"
  },
  {
    "ID Number": "14208687"
  },
  {
    "ID Number": "14228823"
  },
  {
    "ID Number": "14207389"
  },
  {
    "ID Number": "14202360"
  },
  {
    "ID Number": "14210258"
  },
  {
    "ID Number": "14224178"
  },
  {
    "ID Number": "14219573"
  },
  {
    "ID Number": "14209500"
  },
  {
    "ID Number": "14224046"
  },
  {
    "ID Number": "14206595"
  },
  {
    "ID Number": "14226766"
  },
  {
    "ID Number": "14212838"
  },
  {
    "ID Number": "14215934"
  },
  {
    "ID Number": "14223422"
  },
  {
    "ID Number": "14210223"
  },
  {
    "ID Number": "14207370"
  },
  {
    "ID Number": "14231840"
  },
  {
    "ID Number": "14210533"
  },
  {
    "ID Number": "14210444"
  },
  {
    "ID Number": "14211106"
  },
  {
    "ID Number": "14219948"
  },
  {
    "ID Number": "14219271"
  },
  {
    "ID Number": "14229404"
  },
  {
    "ID Number": "14201143"
  },
  {
    "ID Number": "14200600"
  },
  {
    "ID Number": "14200996"
  },
  {
    "ID Number": "14201933"
  },
  {
    "ID Number": "14204495"
  },
  {
    "ID Number": "14206749"
  },
  {
    "ID Number": "14237008"
  },
  {
    "ID Number": "14239515"
  },
  {
    "ID Number": "14226030"
  },
  {
    "ID Number": "14218658"
  },
  {
    "ID Number": "14231425"
  },
  {
    "ID Number": "14227657"
  },
  {
    "ID Number": "14230283"
  },
  {
    "ID Number": "14216795"
  },
  {
    "ID Number": "14212056"
  },
  {
    "ID Number": "14235463"
  },
  {
    "ID Number": "14205653"
  },
  {
    "ID Number": "14227410"
  },
  {
    "ID Number": "14205394"
  },
  {
    "ID Number": "14211114"
  },
  {
    "ID Number": "14214482"
  },
  {
    "ID Number": "14225638"
  },
  {
    "ID Number": "14224186"
  },
  {
    "ID Number": "14232987"
  },
  {
    "ID Number": "14208989"
  },
  {
    "ID Number": "14230968"
  },
  {
    "ID Number": "14211122"
  },
  {
    "ID Number": "14214512"
  },
  {
    "ID Number": "14200830"
  },
  {
    "ID Number": "14234815"
  },
  {
    "ID Number": "14220563"
  },
  {
    "ID Number": "14234149"
  },
  {
    "ID Number": "14240769"
  },
  {
    "ID Number": "14226448"
  },
  {
    "ID Number": "14210231"
  },
  {
    "ID Number": "14233878"
  },
  {
    "ID Number": "14235234"
  },
  {
    "ID Number": "14200740"
  },
  {
    "ID Number": "14241285"
  },
  {
    "ID Number": "14237407"
  },
  {
    "ID Number": "14203430"
  },
  {
    "ID Number": "14225026"
  },
  {
    "ID Number": "14236354"
  },
  {
    "ID Number": "14203707"
  },
  {
    "ID Number": "14212730"
  },
  {
    "ID Number": "14206927"
  },
  {
    "ID Number": "14202255"
  },
  {
    "ID Number": "14235986"
  },
  {
    "ID Number": "14227665"
  },
  {
    "ID Number": "14223074"
  },
  {
    "ID Number": "14206528"
  },
  {
    "ID Number": "14209128"
  },
  {
    "ID Number": "14229765"
  },
  {
    "ID Number": "14228106"
  },
  {
    "ID Number": "14227029"
  },
  {
    "ID Number": "14205742"
  },
  {
    "ID Number": "14204541"
  },
  {
    "ID Number": "14204630"
  },
  {
    "ID Number": "14206080"
  },
  {
    "ID Number": "14208008"
  },
  {
    "ID Number": "14215764"
  },
  {
    "ID Number": "14233070"
  },
  {
    "ID Number": "14236940"
  },
  {
    "ID Number": "14234203"
  },
  {
    "ID Number": "14226545"
  },
  {
    "ID Number": "14228882"
  },
  {
    "ID Number": "14234130"
  },
  {
    "ID Number": "14223155"
  },
  {
    "ID Number": "14225492"
  },
  {
    "ID Number": "14203774"
  },
  {
    "ID Number": "14231026"
  },
  {
    "ID Number": "14212811"
  },
  {
    "ID Number": "14229773"
  },
  {
    "ID Number": "14215942"
  },
  {
    "ID Number": "14211130"
  },
  {
    "ID Number": "14207532"
  },
  {
    "ID Number": "14221411"
  },
  {
    "ID Number": "14211548"
  },
  {
    "ID Number": "14210622"
  },
  {
    "ID Number": "14200848"
  },
  {
    "ID Number": "14205343"
  },
  {
    "ID Number": "14216779"
  },
  {
    "ID Number": "14203448"
  },
  {
    "ID Number": "14213184"
  },
  {
    "ID Number": "14230291"
  },
  {
    "ID Number": "14224380"
  },
  {
    "ID Number": "14216094"
  },
  {
    "ID Number": "14201496"
  },
  {
    "ID Number": "14225042"
  },
  {
    "ID Number": "14214598"
  },
  {
    "ID Number": "14200619"
  },
  {
    "ID Number": "14221837"
  },
  {
    "ID Number": "14201780"
  },
  {
    "ID Number": "14209144"
  },
  {
    "ID Number": "14213192"
  },
  {
    "ID Number": "14221853"
  },
  {
    "ID Number": "14227436"
  },
  {
    "ID Number": "14229153"
  },
  {
    "ID Number": "14243032"
  },
  {
    "ID Number": "14209330"
  },
  {
    "ID Number": "14209349"
  },
  {
    "ID Number": "14201356"
  },
  {
    "ID Number": "14236850"
  },
  {
    "ID Number": "14221861"
  },
  {
    "ID Number": "14202654"
  },
  {
    "ID Number": "151105017"
  },
  {
    "ID Number": "14210703"
  },
  {
    "ID Number": "14223872"
  },
  {
    "ID Number": "14201062"
  },
  {
    "ID Number": "14205459"
  },
  {
    "ID Number": "14206340"
  },
  {
    "ID Number": "14224526"
  },
  {
    "ID Number": "14220873"
  },
  {
    "ID Number": "14209357"
  },
  {
    "ID Number": "14220857"
  },
  {
    "ID Number": "14211157"
  },
  {
    "ID Number": "14207702"
  },
  {
    "ID Number": "14228530"
  },
  {
    "ID Number": "14230828"
  },
  {
    "ID Number": "14225409"
  },
  {
    "ID Number": "14209578"
  },
  {
    "ID Number": "14230518"
  },
  {
    "ID Number": "14211165"
  },
  {
    "ID Number": "14210541"
  },
  {
    "ID Number": "14224208"
  },
  {
    "ID Number": "14237741"
  },
  {
    "ID Number": "14200775"
  },
  {
    "ID Number": "14213222"
  },
  {
    "ID Number": "14209365"
  },
  {
    "ID Number": "14216108"
  },
  {
    "ID Number": "14221888"
  },
  {
    "ID Number": "14212463"
  },
  {
    "ID Number": "14201127"
  },
  {
    "ID Number": "14223430"
  },
  {
    "ID Number": "14230305"
  },
  {
    "ID Number": "14208415"
  },
  {
    "ID Number": "14232219"
  },
  {
    "ID Number": "14232480"
  },
  {
    "ID Number": "14227924"
  },
  {
    "ID Number": "14209977"
  },
  {
    "ID Number": "14231867"
  },
  {
    "ID Number": "14208040"
  },
  {
    "ID Number": "14231875"
  },
  {
    "ID Number": "14208105"
  },
  {
    "ID Number": "14216671"
  },
  {
    "ID Number": "14204517"
  },
  {
    "ID Number": "14202816"
  },
  {
    "ID Number": "14219298"
  },
  {
    "ID Number": "14205696"
  },
  {
    "ID Number": "14238055"
  },
  {
    "ID Number": "14226340"
  },
  {
    "ID Number": "14212412"
  },
  {
    "ID Number": "14237440"
  },
  {
    "ID Number": "14208881"
  },
  {
    "ID Number": "14231476"
  },
  {
    "ID Number": "14224224"
  },
  {
    "ID Number": "14215780"
  },
  {
    "ID Number": "14225760"
  },
  {
    "ID Number": "14204010"
  },
  {
    "ID Number": "14219778"
  },
  {
    "ID Number": "14231492"
  },
  {
    "ID Number": "14230011"
  },
  {
    "ID Number": "14215772"
  },
  {
    "ID Number": "14242664"
  },
  {
    "ID Number": "14226065"
  },
  {
    "ID Number": "14237458"
  },
  {
    "ID Number": "14226677"
  },
  {
    "ID Number": "14228890"
  },
  {
    "ID Number": "14215799"
  },
  {
    "ID Number": "14212072"
  },
  {
    "ID Number": "14224232"
  },
  {
    "ID Number": "14220016"
  },
  {
    "ID Number": "14230020"
  },
  {
    "ID Number": "14223635"
  },
  {
    "ID Number": "14223180"
  },
  {
    "ID Number": "14223449"
  },
  {
    "ID Number": "14211572"
  },
  {
    "ID Number": "14234122"
  },
  {
    "ID Number": "14223376"
  },
  {
    "ID Number": "14242575"
  },
  {
    "ID Number": "14231891"
  },
  {
    "ID Number": "14234785"
  },
  {
    "ID Number": "14223198"
  },
  {
    "ID Number": "14207710"
  },
  {
    "ID Number": "14228092"
  },
  {
    "ID Number": "14227690"
  },
  {
    "ID Number": "14244756"
  },
  {
    "ID Number": "14223880"
  },
  {
    "ID Number": "14231522"
  },
  {
    "ID Number": "14211580"
  },
  {
    "ID Number": "14230313"
  },
  {
    "ID Number": "14224755"
  },
  {
    "ID Number": "14216507"
  },
  {
    "ID Number": "14216515"
  },
  {
    "ID Number": "14233967"
  },
  {
    "ID Number": "14213630"
  },
  {
    "ID Number": "14201526"
  },
  {
    "ID Number": "14212765"
  },
  {
    "ID Number": "14206498"
  },
  {
    "ID Number": "14204037"
  },
  {
    "ID Number": "14219611"
  },
  {
    "ID Number": "14208814"
  },
  {
    "ID Number": "14218062"
  },
  {
    "ID Number": "14218828"
  },
  {
    "ID Number": "14203057"
  },
  {
    "ID Number": "14200791"
  },
  {
    "ID Number": "14201445"
  },
  {
    "ID Number": "14201135"
  },
  {
    "ID Number": "14232944"
  },
  {
    "ID Number": "14214741"
  },
  {
    "ID Number": "14227053"
  },
  {
    "ID Number": "14244799"
  },
  {
    "ID Number": "14231913"
  },
  {
    "ID Number": "14212455"
  },
  {
    "ID Number": "14244462"
  },
  {
    "ID Number": "14215829"
  },
  {
    "ID Number": "14225956"
  },
  {
    "ID Number": "14201232"
  },
  {
    "ID Number": "14210282"
  },
  {
    "ID Number": "14214768"
  },
  {
    "ID Number": "14206536"
  },
  {
    "ID Number": "14205408"
  },
  {
    "ID Number": "14214792"
  },
  {
    "ID Number": "14233487"
  },
  {
    "ID Number": "14213290"
  },
  {
    "ID Number": "14225514"
  },
  {
    "ID Number": "14217660"
  },
  {
    "ID Number": "14205572"
  },
  {
    "ID Number": "14228564"
  },
  {
    "ID Number": "14222752"
  },
  {
    "ID Number": "14207397"
  },
  {
    "ID Number": "14206153"
  },
  {
    "ID Number": "14201860"
  },
  {
    "ID Number": "14217252"
  },
  {
    "ID Number": "14230992"
  },
  {
    "ID Number": "14231018"
  },
  {
    "ID Number": "14223570"
  },
  {
    "ID Number": "14231930"
  },
  {
    "ID Number": "14229862"
  },
  {
    "ID Number": "14214806"
  },
  {
    "ID Number": "14217260"
  },
  {
    "ID Number": "14225522"
  },
  {
    "ID Number": "14216680"
  },
  {
    "ID Number": "14212579"
  },
  {
    "ID Number": "14202131"
  },
  {
    "ID Number": "14207729"
  },
  {
    "ID Number": "14206170"
  },
  {
    "ID Number": "14216574"
  },
  {
    "ID Number": "14218305"
  },
  {
    "ID Number": "14228980"
  },
  {
    "ID Number": "14223643"
  },
  {
    "ID Number": "14209080"
  },
  {
    "ID Number": "14204045"
  },
  {
    "ID Number": "14201658"
  },
  {
    "ID Number": "14224860"
  },
  {
    "ID Number": "14226081"
  },
  {
    "ID Number": "14220954"
  },
  {
    "ID Number": "14249090"
  },
  {
    "ID Number": "14226421"
  },
  {
    "ID Number": "14216337"
  },
  {
    "ID Number": "14230046"
  },
  {
    "ID Number": "14217732"
  },
  {
    "ID Number": "14216213"
  },
  {
    "ID Number": "14211939"
  },
  {
    "ID Number": "14237148"
  },
  {
    "ID Number": "14218070"
  },
  {
    "ID Number": "14226090"
  },
  {
    "ID Number": "14229781"
  },
  {
    "ID Number": "14203820"
  },
  {
    "ID Number": "14235323"
  },
  {
    "ID Number": "14233118"
  },
  {
    "ID Number": "14210142"
  },
  {
    "ID Number": "14243881"
  },
  {
    "ID Number": "14204851"
  },
  {
    "ID Number": "14216116"
  },
  {
    "ID Number": "14227339"
  },
  {
    "ID Number": "14229188"
  },
  {
    "ID Number": "14222531"
  },
  {
    "ID Number": "14225271"
  },
  {
    "ID Number": "14237601"
  },
  {
    "ID Number": "14207362"
  },
  {
    "ID Number": "14218844"
  },
  {
    "ID Number": "14232359"
  },
  {
    "ID Number": "14203510"
  },
  {
    "ID Number": "14210355"
  },
  {
    "ID Number": "14228572"
  },
  {
    "ID Number": "14227711"
  },
  {
    "ID Number": "14232081"
  },
  {
    "ID Number": "14205173"
  },
  {
    "ID Number": "14207460"
  },
  {
    "ID Number": "14210916"
  },
  {
    "ID Number": "14212510"
  },
  {
    "ID Number": "14227088"
  },
  {
    "ID Number": "14212552"
  },
  {
    "ID Number": "14226812"
  },
  {
    "ID Number": "14210363"
  },
  {
    "ID Number": "14206978"
  },
  {
    "ID Number": "14209187"
  },
  {
    "ID Number": "14244500"
  },
  {
    "ID Number": "14206358"
  },
  {
    "ID Number": "14225808"
  },
  {
    "ID Number": "14227452"
  },
  {
    "ID Number": "14222540"
  },
  {
    "ID Number": "14225280"
  },
  {
    "ID Number": "14202263"
  },
  {
    "ID Number": "14230348"
  },
  {
    "ID Number": "14207737"
  },
  {
    "ID Number": "14237610"
  },
  {
    "ID Number": "14234955"
  },
  {
    "ID Number": "14234238"
  },
  {
    "ID Number": "14219816"
  },
  {
    "ID Number": "14218739"
  },
  {
    "ID Number": "14234513"
  },
  {
    "ID Number": "14238101"
  },
  {
    "ID Number": "14228599"
  },
  {
    "ID Number": "14209039"
  },
  {
    "ID Number": "14241340"
  },
  {
    "ID Number": "14228971"
  },
  {
    "ID Number": "14202867"
  },
  {
    "ID Number": "14237776"
  },
  {
    "ID Number": "14217279"
  },
  {
    "ID Number": "14244314"
  },
  {
    "ID Number": "14242079"
  },
  {
    "ID Number": "14229447"
  },
  {
    "ID Number": "14211254"
  },
  {
    "ID Number": "14231956"
  },
  {
    "ID Number": "14208377"
  },
  {
    "ID Number": "14204177"
  },
  {
    "ID Number": "14214954"
  },
  {
    "ID Number": "14211262"
  },
  {
    "ID Number": "14209829"
  },
  {
    "ID Number": "14219930"
  },
  {
    "ID Number": "14232324"
  },
  {
    "ID Number": "14230062"
  },
  {
    "ID Number": "14225778"
  },
  {
    "ID Number": "14225530"
  },
  {
    "ID Number": "14234289"
  },
  {
    "ID Number": "14237083"
  },
  {
    "ID Number": "14212684"
  },
  {
    "ID Number": "14216353"
  },
  {
    "ID Number": "14205076"
  },
  {
    "ID Number": "14209837"
  },
  {
    "ID Number": "14207745"
  },
  {
    "ID Number": "14238446"
  },
  {
    "ID Number": "14210185"
  },
  {
    "ID Number": "14224577"
  },
  {
    "ID Number": "14201364"
  },
  {
    "ID Number": "14205785"
  },
  {
    "ID Number": "14205793"
  },
  {
    "ID Number": "14225298"
  },
  {
    "ID Number": "14223899"
  },
  {
    "ID Number": "14208113"
  },
  {
    "ID Number": "14201372"
  },
  {
    "ID Number": "14237784"
  },
  {
    "ID Number": "14214962"
  },
  {
    "ID Number": "14232677"
  },
  {
    "ID Number": "14244080"
  },
  {
    "ID Number": "14211289"
  },
  {
    "ID Number": "14218291"
  },
  {
    "ID Number": "14218771"
  },
  {
    "ID Number": "14227266"
  },
  {
    "ID Number": "14208741"
  },
  {
    "ID Number": "14208334"
  },
  {
    "ID Number": "14234173"
  },
  {
    "ID Number": "14237512"
  },
  {
    "ID Number": "14212170"
  },
  {
    "ID Number": "14238110"
  },
  {
    "ID Number": "14231190"
  },
  {
    "ID Number": "14201992"
  },
  {
    "ID Number": "14207761"
  },
  {
    "ID Number": "14201011"
  },
  {
    "ID Number": "14223112"
  },
  {
    "ID Number": "14219786"
  },
  {
    "ID Number": "14207915"
  },
  {
    "ID Number": "14216140"
  },
  {
    "ID Number": "14211300"
  },
  {
    "ID Number": "14223902"
  },
  {
    "ID Number": "14206803"
  },
  {
    "ID Number": "14202000"
  },
  {
    "ID Number": "14228637"
  },
  {
    "ID Number": "14231590"
  },
  {
    "ID Number": "14206811"
  },
  {
    "ID Number": "14223228"
  },
  {
    "ID Number": "14226103"
  },
  {
    "ID Number": "14215055"
  },
  {
    "ID Number": "14207770"
  },
  {
    "ID Number": "14200333"
  },
  {
    "ID Number": "14222060"
  },
  {
    "ID Number": "14215071"
  },
  {
    "ID Number": "14222825"
  },
  {
    "ID Number": "14201100"
  },
  {
    "ID Number": "14237792"
  },
  {
    "ID Number": "14211874"
  },
  {
    "ID Number": "14232472"
  },
  {
    "ID Number": "14238330"
  },
  {
    "ID Number": "14208920"
  },
  {
    "ID Number": "14204940"
  },
  {
    "ID Number": "14230070"
  },
  {
    "ID Number": "14230089"
  },
  {
    "ID Number": "14221160"
  },
  {
    "ID Number": "14205807"
  },
  {
    "ID Number": "14233576"
  },
  {
    "ID Number": "14218798"
  },
  {
    "ID Number": "14217112"
  },
  {
    "ID Number": "14204380"
  },
  {
    "ID Number": "14202700"
  },
  {
    "ID Number": "14225859"
  },
  {
    "ID Number": "14206986"
  },
  {
    "ID Number": "14209420"
  },
  {
    "ID Number": "14216809"
  },
  {
    "ID Number": "14224550"
  },
  {
    "ID Number": "14203081"
  },
  {
    "ID Number": "14200872"
  },
  {
    "ID Number": "14227100"
  },
  {
    "ID Number": "14220024"
  },
  {
    "ID Number": "14211319"
  },
  {
    "ID Number": "14224402"
  },
  {
    "ID Number": "14232375"
  },
  {
    "ID Number": "14240718"
  },
  {
    "ID Number": "14207443"
  },
  {
    "ID Number": "14206439"
  },
  {
    "ID Number": "14203693"
  },
  {
    "ID Number": "14212200"
  },
  {
    "ID Number": "14244543"
  },
  {
    "ID Number": "14231972"
  },
  {
    "ID Number": "14223457"
  },
  {
    "ID Number": "14225107"
  },
  {
    "ID Number": "14201437"
  },
  {
    "ID Number": "14215144"
  },
  {
    "ID Number": "14215861"
  },
  {
    "ID Number": "14211831"
  },
  {
    "ID Number": "14211840"
  },
  {
    "ID Number": "14234424"
  },
  {
    "ID Number": "14219093"
  },
  {
    "ID Number": "14244160"
  },
  {
    "ID Number": "14207427"
  },
  {
    "ID Number": "14212358"
  },
  {
    "ID Number": "14211335"
  },
  {
    "ID Number": "14231247"
  },
  {
    "ID Number": "14229250"
  },
  {
    "ID Number": "14237199"
  },
  {
    "ID Number": "14227126"
  },
  {
    "ID Number": "14236192"
  },
  {
    "ID Number": "14222787"
  },
  {
    "ID Number": "14227754"
  },
  {
    "ID Number": "14231980"
  },
  {
    "ID Number": "14211343"
  },
  {
    "ID Number": "14207788"
  },
  {
    "ID Number": "14203863"
  },
  {
    "ID Number": "14223929"
  },
  {
    "ID Number": "14205602"
  },
  {
    "ID Number": "14207010"
  },
  {
    "ID Number": "14215179"
  },
  {
    "ID Number": "14223937"
  },
  {
    "ID Number": "14209438"
  },
  {
    "ID Number": "14201216"
  },
  {
    "ID Number": "14235633"
  },
  {
    "ID Number": "14205300"
  },
  {
    "ID Number": "14212307"
  },
  {
    "ID Number": "14202298"
  },
  {
    "ID Number": "14239213"
  },
  {
    "ID Number": "14219956"
  },
  {
    "ID Number": "14226626"
  },
  {
    "ID Number": "14237806"
  },
  {
    "ID Number": "14226111"
  },
  {
    "ID Number": "14225565"
  },
  {
    "ID Number": "14230143"
  },
  {
    "ID Number": "14233177"
  },
  {
    "ID Number": "14225425"
  },
  {
    "ID Number": "14204959"
  },
  {
    "ID Number": "14221225"
  },
  {
    "ID Number": "14202719"
  },
  {
    "ID Number": "14229854"
  },
  {
    "ID Number": "14213567"
  },
  {
    "ID Number": "14213575"
  },
  {
    "ID Number": "14205475"
  },
  {
    "ID Number": "14205483"
  },
  {
    "ID Number": "14207451"
  },
  {
    "ID Number": "14204967"
  },
  {
    "ID Number": "14219360"
  },
  {
    "ID Number": "14235994"
  },
  {
    "ID Number": "14212668"
  },
  {
    "ID Number": "14221233"
  },
  {
    "ID Number": "14225867"
  },
  {
    "ID Number": "14223651"
  },
  {
    "ID Number": "14227762"
  },
  {
    "ID Number": "14228840"
  },
  {
    "ID Number": "14227770"
  },
  {
    "ID Number": "14225875"
  },
  {
    "ID Number": "14229455"
  },
  {
    "ID Number": "14216841"
  },
  {
    "ID Number": "14218089"
  },
  {
    "ID Number": "14209446"
  },
  {
    "ID Number": "14223945"
  },
  {
    "ID Number": "14227789"
  },
  {
    "ID Number": "14212102"
  },
  {
    "ID Number": "14224267"
  },
  {
    "ID Number": "14209454"
  },
  {
    "ID Number": "14228688"
  },
  {
    "ID Number": "14207931"
  },
  {
    "ID Number": "14201259"
  },
  {
    "ID Number": "14202727"
  },
  {
    "ID Number": "14215896"
  },
  {
    "ID Number": "14209527"
  },
  {
    "ID Number": "14210495"
  },
  {
    "ID Number": "14202743"
  },
  {
    "ID Number": "14200406"
  },
  {
    "ID Number": "14202182"
  },
  {
    "ID Number": "14230909"
  },
  {
    "ID Number": "14202441"
  },
  {
    "ID Number": "14201305"
  },
  {
    "ID Number": "14202247"
  },
  {
    "ID Number": "14223953"
  },
  {
    "ID Number": "14209462"
  },
  {
    "ID Number": "14231093"
  },
  {
    "ID Number": "14203626"
  },
  {
    "ID Number": "14215900"
  },
  {
    "ID Number": "14235374"
  },
  {
    "ID Number": "14236524"
  },
  {
    "ID Number": "14213400"
  },
  {
    "ID Number": "14242729"
  },
  {
    "ID Number": "14217872"
  },
  {
    "ID Number": "14228017"
  },
  {
    "ID Number": "14223961"
  },
  {
    "ID Number": "14223236"
  },
  {
    "ID Number": "14202913"
  },
  {
    "ID Number": "14219425"
  },
  {
    "ID Number": "14224569"
  },
  {
    "ID Number": "14207109"
  },
  {
    "ID Number": "14237822"
  },
  {
    "ID Number": "14212323"
  },
  {
    "ID Number": "14203103"
  },
  {
    "ID Number": "14237016"
  },
  {
    "ID Number": "14212404"
  },
  {
    "ID Number": "14201399"
  },
  {
    "ID Number": "14230917"
  },
  {
    "ID Number": "14234092"
  },
  {
    "ID Number": "14234084"
  },
  {
    "ID Number": "14212420"
  },
  {
    "ID Number": "14237830"
  },
  {
    "ID Number": "14226634"
  },
  {
    "ID Number": "14235650"
  },
  {
    "ID Number": "14233525"
  },
  {
    "ID Number": "14224283"
  },
  {
    "ID Number": "14201550"
  },
  {
    "ID Number": "14207419"
  },
  {
    "ID Number": "14209586"
  },
  {
    "ID Number": "14204070"
  },
  {
    "ID Number": "14226650"
  },
  {
    "ID Number": "14215381"
  },
  {
    "ID Number": "14217287"
  },
  {
    "ID Number": "14215411"
  },
  {
    "ID Number": "14207796"
  },
  {
    "ID Number": "14235170"
  },
  {
    "ID Number": "14212234"
  },
  {
    "ID Number": "14219735"
  },
  {
    "ID Number": "14237849"
  },
  {
    "ID Number": "14223490"
  },
  {
    "ID Number": "14233886"
  },
  {
    "ID Number": "14235897"
  },
  {
    "ID Number": "14217155"
  },
  {
    "ID Number": "14217937"
  },
  {
    "ID Number": "14223970"
  },
  {
    "ID Number": "14202468"
  },
  {
    "ID Number": "14202778"
  },
  {
    "ID Number": "14204428"
  },
  {
    "ID Number": "14210550"
  },
  {
    "ID Number": "14209160"
  },
  {
    "ID Number": "14213443"
  },
  {
    "ID Number": "14215470"
  },
  {
    "ID Number": "14215918"
  },
  {
    "ID Number": "14220164"
  },
  {
    "ID Number": "14201682"
  },
  {
    "ID Number": "14209853"
  },
  {
    "ID Number": "14237555"
  },
  {
    "ID Number": "14221314"
  },
  {
    "ID Number": "14225344"
  },
  {
    "ID Number": "14225131"
  },
  {
    "ID Number": "14212137"
  },
  {
    "ID Number": "14210738"
  },
  {
    "ID Number": "14211378"
  },
  {
    "ID Number": "14209012"
  },
  {
    "ID Number": "14204096"
  },
  {
    "ID Number": "14228068"
  },
  {
    "ID Number": "14237571"
  },
  {
    "ID Number": "14236214"
  },
  {
    "ID Number": "14243423"
  },
  {
    "ID Number": "14201429"
  },
  {
    "ID Number": "14200155"
  },
  {
    "ID Number": "14205262"
  },
  {
    "ID Number": "14201801"
  },
  {
    "ID Number": "14202786"
  },
  {
    "ID Number": "14204649"
  },
  {
    "ID Number": "14205270"
  },
  {
    "ID Number": "14210002"
  },
  {
    "ID Number": "14230194"
  },
  {
    "ID Number": "14230208"
  },
  {
    "ID Number": "14210401"
  },
  {
    "ID Number": "14205386"
  },
  {
    "ID Number": "14201070"
  },
  {
    "ID Number": "14205629"
  },
  {
    "ID Number": "14217171"
  },
  {
    "ID Number": "14204223"
  },
  {
    "ID Number": "14201615"
  },
  {
    "ID Number": "14244802"
  },
  {
    "ID Number": "14228947"
  },
  {
    "ID Number": "14218704"
  },
  {
    "ID Number": "14228955"
  },
  {
    "ID Number": "14229463"
  },
  {
    "ID Number": "14204487"
  },
  {
    "ID Number": "14240025"
  },
  {
    "ID Number": "14221322"
  },
  {
    "ID Number": "14203987"
  },
  {
    "ID Number": "14204878"
  },
  {
    "ID Number": "14230801"
  },
  {
    "ID Number": "14202018"
  },
  {
    "ID Number": "14242974"
  },
  {
    "ID Number": "14232316"
  },
  {
    "ID Number": "146241564"
  },
  {
    "ID Number": "14229595"
  },
  {
    "ID Number": "14223988"
  },
  {
    "ID Number": "14223384"
  },
  {
    "ID Number": "14204053"
  },
  {
    "ID Number": "14205319"
  },
  {
    "ID Number": "14232006"
  },
  {
    "ID Number": "14238160"
  },
  {
    "ID Number": "14218321"
  },
  {
    "ID Number": "14237580"
  },
  {
    "ID Number": "14207320"
  },
  {
    "ID Number": "14226375"
  },
  {
    "ID Number": "14218623"
  },
  {
    "ID Number": "14207281"
  },
  {
    "ID Number": "14222264"
  },
  {
    "ID Number": "14223589"
  },
  {
    "ID Number": "14227495"
  },
  {
    "ID Number": "14211386"
  },
  {
    "ID Number": "14223996"
  },
  {
    "ID Number": "14223392"
  },
  {
    "ID Number": "14229315"
  },
  {
    "ID Number": "14205491"
  },
  {
    "ID Number": "14224003"
  },
  {
    "ID Number": "14205637"
  },
  {
    "ID Number": "14204061"
  },
  {
    "ID Number": "14201747"
  },
  {
    "ID Number": "14222345"
  },
  {
    "ID Number": "14200040"
  },
  {
    "ID Number": "14232022"
  },
  {
    "ID Number": "14201917"
  },
  {
    "ID Number": "14222302"
  },
  {
    "ID Number": "14222310"
  },
  {
    "ID Number": "14236958"
  },
  {
    "ID Number": "14204983"
  },
  {
    "ID Number": "14201828"
  },
  {
    "ID Number": "14227223"
  },
  {
    "ID Number": "14223805"
  },
  {
    "ID Number": "14230216"
  },
  {
    "ID Number": "14207800"
  },
  {
    "ID Number": "14244187"
  },
  {
    "ID Number": "14223503"
  },
  {
    "ID Number": "14218852"
  },
  {
    "ID Number": "14228050"
  },
  {
    "ID Number": "14210010"
  },
  {
    "ID Number": "14235315"
  }
]