[
  {
    "ID Number": "5507669"
  },
  {
    "ID Number": "5502993"
  },
  {
    "ID Number": "5512913"
  },
  {
    "ID Number": "5538386"
  },
  {
    "ID Number": "5548462"
  },
  {
    "ID Number": "5533708"
  },
  {
    "ID Number": "5529506"
  },
  {
    "ID Number": "5530709"
  },
  {
    "ID Number": "5521807"
  },
  {
    "ID Number": "5522013"
  },
  {
    "ID Number": "5531934"
  },
  {
    "ID Number": "5522366"
  },
  {
    "ID Number": "5545803"
  },
  {
    "ID Number": "5527333"
  },
  {
    "ID Number": "5503558"
  },
  {
    "ID Number": "5542464"
  },
  {
    "ID Number": "5542472"
  },
  {
    "ID Number": "5508738"
  },
  {
    "ID Number": "5506247"
  },
  {
    "ID Number": "5534054"
  },
  {
    "ID Number": "5531152"
  },
  {
    "ID Number": "5509769"
  },
  {
    "ID Number": "5518350"
  },
  {
    "ID Number": "5515670"
  },
  {
    "ID Number": "5509262"
  },
  {
    "ID Number": "5531314"
  },
  {
    "ID Number": "5501199"
  },
  {
    "ID Number": "5531144"
  },
  {
    "ID Number": "5550980"
  },
  {
    "ID Number": "5523559"
  },
  {
    "ID Number": "5514592"
  },
  {
    "ID Number": "5514347"
  },
  {
    "ID Number": "5501229"
  },
  {
    "ID Number": "5516080"
  },
  {
    "ID Number": "5533449"
  },
  {
    "ID Number": "5517311"
  },
  {
    "ID Number": "5547067"
  },
  {
    "ID Number": "5546451"
  },
  {
    "ID Number": "5507812"
  },
  {
    "ID Number": "5538041"
  },
  {
    "ID Number": "5523800"
  },
  {
    "ID Number": "5552923"
  },
  {
    "ID Number": "5505470"
  },
  {
    "ID Number": "5538831"
  },
  {
    "ID Number": "5510643"
  },
  {
    "ID Number": "5541298"
  },
  {
    "ID Number": "5534607"
  },
  {
    "ID Number": "5501202"
  },
  {
    "ID Number": "5548489"
  },
  {
    "ID Number": "5504864"
  },
  {
    "ID Number": "5513600"
  },
  {
    "ID Number": "5500419"
  },
  {
    "ID Number": "5518636"
  },
  {
    "ID Number": "5522161"
  },
  {
    "ID Number": "5522153"
  },
  {
    "ID Number": "5550777"
  },
  {
    "ID Number": "5547040"
  },
  {
    "ID Number": "5505674"
  },
  {
    "ID Number": "5547156"
  },
  {
    "ID Number": "5507316"
  },
  {
    "ID Number": "5511976"
  },
  {
    "ID Number": "5517524"
  },
  {
    "ID Number": "5514720"
  },
  {
    "ID Number": "5544254"
  },
  {
    "ID Number": "5514711"
  },
  {
    "ID Number": "5502497"
  },
  {
    "ID Number": "5551005"
  },
  {
    "ID Number": "5501776"
  },
  {
    "ID Number": "5512212"
  },
  {
    "ID Number": "5502500"
  },
  {
    "ID Number": "5536154"
  },
  {
    "ID Number": "5539579"
  },
  {
    "ID Number": "5531969"
  },
  {
    "ID Number": "5557658"
  },
  {
    "ID Number": "5541409"
  },
  {
    "ID Number": "5551013"
  },
  {
    "ID Number": "5514606"
  },
  {
    "ID Number": "5551021"
  },
  {
    "ID Number": "5544947"
  },
  {
    "ID Number": "5502519"
  },
  {
    "ID Number": "5522005"
  },
  {
    "ID Number": "5537991"
  },
  {
    "ID Number": "5512077"
  },
  {
    "ID Number": "5506360"
  },
  {
    "ID Number": "5505283"
  },
  {
    "ID Number": "5546508"
  },
  {
    "ID Number": "5502977"
  },
  {
    "ID Number": "5547164"
  },
  {
    "ID Number": "5505895"
  },
  {
    "ID Number": "5505690"
  },
  {
    "ID Number": "5506379"
  },
  {
    "ID Number": "5513049"
  },
  {
    "ID Number": "5529522"
  },
  {
    "ID Number": "5529409"
  },
  {
    "ID Number": "5553652"
  },
  {
    "ID Number": "5519047"
  },
  {
    "ID Number": "5536170"
  },
  {
    "ID Number": "5513022"
  },
  {
    "ID Number": "5503574"
  },
  {
    "ID Number": "5546524"
  },
  {
    "ID Number": "5545463"
  },
  {
    "ID Number": "5544939"
  },
  {
    "ID Number": "5547172"
  },
  {
    "ID Number": "5507375"
  },
  {
    "ID Number": "5524601"
  },
  {
    "ID Number": "5547890"
  },
  {
    "ID Number": "5501628"
  },
  {
    "ID Number": "5500850"
  },
  {
    "ID Number": "5513685"
  },
  {
    "ID Number": "5558956"
  },
  {
    "ID Number": "5501245"
  },
  {
    "ID Number": "5522854"
  },
  {
    "ID Number": "5551030"
  },
  {
    "ID Number": "5539145"
  },
  {
    "ID Number": "5510155"
  },
  {
    "ID Number": "5500338"
  },
  {
    "ID Number": "5535298"
  },
  {
    "ID Number": "5540852"
  },
  {
    "ID Number": "5558964"
  },
  {
    "ID Number": "5506840"
  },
  {
    "ID Number": "5509823"
  },
  {
    "ID Number": "5511372"
  },
  {
    "ID Number": "5529530"
  },
  {
    "ID Number": "5531802"
  },
  {
    "ID Number": "5555590"
  },
  {
    "ID Number": "5504872"
  },
  {
    "ID Number": "5535646"
  },
  {
    "ID Number": "5512069"
  },
  {
    "ID Number": "5532205"
  },
  {
    "ID Number": "5561140"
  },
  {
    "ID Number": "5534119"
  },
  {
    "ID Number": "5533953"
  },
  {
    "ID Number": "5534640"
  },
  {
    "ID Number": "5505305"
  },
  {
    "ID Number": "5546532"
  },
  {
    "ID Number": "5507073"
  },
  {
    "ID Number": "5544920"
  },
  {
    "ID Number": "5550513"
  },
  {
    "ID Number": "5544327"
  },
  {
    "ID Number": "5539110"
  },
  {
    "ID Number": "5505712"
  },
  {
    "ID Number": "5506905"
  },
  {
    "ID Number": "5521513"
  },
  {
    "ID Number": "5539587"
  },
  {
    "ID Number": "5532698"
  },
  {
    "ID Number": "5541123"
  },
  {
    "ID Number": "5544432"
  },
  {
    "ID Number": "600229"
  },
  {
    "ID Number": "5513570"
  },
  {
    "ID Number": "5519888"
  },
  {
    "ID Number": "5531845"
  },
  {
    "ID Number": "5534658"
  },
  {
    "ID Number": "5541131"
  },
  {
    "ID Number": "5546150"
  },
  {
    "ID Number": "5546214"
  },
  {
    "ID Number": "5516897"
  },
  {
    "ID Number": "5546338"
  },
  {
    "ID Number": "5513537"
  },
  {
    "ID Number": "5561159"
  },
  {
    "ID Number": "5538971"
  },
  {
    "ID Number": "5539455"
  },
  {
    "ID Number": "5539501"
  },
  {
    "ID Number": "5563437"
  },
  {
    "ID Number": "5530113"
  },
  {
    "ID Number": "5546540"
  },
  {
    "ID Number": "5547903"
  },
  {
    "ID Number": "5502012"
  },
  {
    "ID Number": "5538980"
  },
  {
    "ID Number": "5508509"
  },
  {
    "ID Number": "5519322"
  },
  {
    "ID Number": "5544661"
  },
  {
    "ID Number": "5525330"
  },
  {
    "ID Number": "652012166"
  },
  {
    "ID Number": "5524610"
  },
  {
    "ID Number": "5556368"
  },
  {
    "ID Number": "5547911"
  },
  {
    "ID Number": "5504899"
  },
  {
    "ID Number": "5513928"
  },
  {
    "ID Number": "5514630"
  },
  {
    "ID Number": "5545021"
  },
  {
    "ID Number": "5510414"
  },
  {
    "ID Number": "5530296"
  },
  {
    "ID Number": "5544360"
  },
  {
    "ID Number": "5539595"
  },
  {
    "ID Number": "5524458"
  },
  {
    "ID Number": "5534151"
  },
  {
    "ID Number": "5506425"
  },
  {
    "ID Number": "5501261"
  },
  {
    "ID Number": "5556120"
  },
  {
    "ID Number": "5529433"
  },
  {
    "ID Number": "5509718"
  },
  {
    "ID Number": "5515270"
  },
  {
    "ID Number": "5547210"
  },
  {
    "ID Number": "5522749"
  },
  {
    "ID Number": "5500362"
  },
  {
    "ID Number": "5505488"
  },
  {
    "ID Number": "5561957"
  },
  {
    "ID Number": "5538467"
  },
  {
    "ID Number": "5538530"
  },
  {
    "ID Number": "5522218"
  },
  {
    "ID Number": "5535441"
  },
  {
    "ID Number": "5507944"
  },
  {
    "ID Number": "5539994"
  },
  {
    "ID Number": "5539226"
  },
  {
    "ID Number": "5539234"
  },
  {
    "ID Number": "5503884"
  },
  {
    "ID Number": "5558727"
  },
  {
    "ID Number": "5544912"
  },
  {
    "ID Number": "5545366"
  },
  {
    "ID Number": "5526710"
  },
  {
    "ID Number": "5532094"
  },
  {
    "ID Number": "5558735"
  },
  {
    "ID Number": "5538017"
  },
  {
    "ID Number": "5545390"
  },
  {
    "ID Number": "5508088"
  },
  {
    "ID Number": "5547245"
  },
  {
    "ID Number": "5555604"
  },
  {
    "ID Number": "5545510"
  },
  {
    "ID Number": "5535662"
  },
  {
    "ID Number": "5539765"
  },
  {
    "ID Number": "5544564"
  },
  {
    "ID Number": "5511801"
  },
  {
    "ID Number": "5553709"
  },
  {
    "ID Number": "5523052"
  },
  {
    "ID Number": "5509831"
  },
  {
    "ID Number": "5557925"
  },
  {
    "ID Number": "5557950"
  },
  {
    "ID Number": "5547946"
  },
  {
    "ID Number": "5531462"
  },
  {
    "ID Number": "5526701"
  },
  {
    "ID Number": "5536057"
  },
  {
    "ID Number": "5507367"
  },
  {
    "ID Number": "5503400"
  },
  {
    "ID Number": "5537142"
  },
  {
    "ID Number": "5504910"
  },
  {
    "ID Number": "5507421"
  },
  {
    "ID Number": "5546354"
  },
  {
    "ID Number": "5514649"
  },
  {
    "ID Number": "5508517"
  },
  {
    "ID Number": "5513030"
  },
  {
    "ID Number": "5535522"
  },
  {
    "ID Number": "5521637"
  },
  {
    "ID Number": "5546583"
  },
  {
    "ID Number": "5526809"
  },
  {
    "ID Number": "5511402"
  },
  {
    "ID Number": "5547768"
  },
  {
    "ID Number": "5540640"
  },
  {
    "ID Number": "5545030"
  },
  {
    "ID Number": "5532388"
  },
  {
    "ID Number": "5519527"
  },
  {
    "ID Number": "5517559"
  },
  {
    "ID Number": "5514797"
  },
  {
    "ID Number": "5533309"
  },
  {
    "ID Number": "5544882"
  },
  {
    "ID Number": "5507847"
  },
  {
    "ID Number": "5501962"
  },
  {
    "ID Number": "5521920"
  },
  {
    "ID Number": "5539480"
  },
  {
    "ID Number": "5535336"
  },
  {
    "ID Number": "5512182"
  },
  {
    "ID Number": "5551870"
  },
  {
    "ID Number": "5551064"
  },
  {
    "ID Number": "5523630"
  },
  {
    "ID Number": "5529441"
  },
  {
    "ID Number": "5533350"
  },
  {
    "ID Number": "5559952"
  },
  {
    "ID Number": "5509858"
  },
  {
    "ID Number": "5510317"
  },
  {
    "ID Number": "5544394"
  },
  {
    "ID Number": "5530830"
  },
  {
    "ID Number": "5531977"
  },
  {
    "ID Number": "5522528"
  },
  {
    "ID Number": "5519225"
  },
  {
    "ID Number": "5510619"
  },
  {
    "ID Number": "5554659"
  },
  {
    "ID Number": "5510309"
  },
  {
    "ID Number": "5507553"
  },
  {
    "ID Number": "5500311"
  },
  {
    "ID Number": "5500010"
  },
  {
    "ID Number": "5510384"
  },
  {
    "ID Number": "5534704"
  },
  {
    "ID Number": "5526426"
  },
  {
    "ID Number": "5524903"
  },
  {
    "ID Number": "5547300"
  },
  {
    "ID Number": "5502560"
  },
  {
    "ID Number": "5509866"
  },
  {
    "ID Number": "5549175"
  },
  {
    "ID Number": "5500460"
  },
  {
    "ID Number": "5554667"
  },
  {
    "ID Number": "5530555"
  },
  {
    "ID Number": "5500370"
  },
  {
    "ID Number": "5535948"
  },
  {
    "ID Number": "5533163"
  },
  {
    "ID Number": "5545048"
  },
  {
    "ID Number": "5511011"
  },
  {
    "ID Number": "5532736"
  },
  {
    "ID Number": "5530946"
  },
  {
    "ID Number": "5514657"
  },
  {
    "ID Number": "5557097"
  },
  {
    "ID Number": "5513006"
  },
  {
    "ID Number": "5500354"
  },
  {
    "ID Number": "5543371"
  },
  {
    "ID Number": "5506620"
  },
  {
    "ID Number": "5512085"
  },
  {
    "ID Number": "5531837"
  },
  {
    "ID Number": "5506050"
  },
  {
    "ID Number": "5544459"
  },
  {
    "ID Number": "5508657"
  },
  {
    "ID Number": "5508649"
  },
  {
    "ID Number": "5508614"
  },
  {
    "ID Number": "5529166"
  },
  {
    "ID Number": "5547954"
  },
  {
    "ID Number": "5548543"
  },
  {
    "ID Number": "5530423"
  },
  {
    "ID Number": "5551099"
  },
  {
    "ID Number": "5501318"
  },
  {
    "ID Number": "5556414"
  },
  {
    "ID Number": "5506638"
  },
  {
    "ID Number": "5545536"
  },
  {
    "ID Number": "5558760"
  },
  {
    "ID Number": "5556961"
  },
  {
    "ID Number": "5528526"
  },
  {
    "ID Number": "5506069"
  },
  {
    "ID Number": "5503639"
  },
  {
    "ID Number": "5534186"
  },
  {
    "ID Number": "5504171"
  },
  {
    "ID Number": "5533295"
  },
  {
    "ID Number": "5507340"
  },
  {
    "ID Number": "5523095"
  },
  {
    "ID Number": "5547784"
  },
  {
    "ID Number": "5534739"
  },
  {
    "ID Number": "5549183"
  },
  {
    "ID Number": "5536073"
  },
  {
    "ID Number": "5517702"
  },
  {
    "ID Number": "5545544"
  },
  {
    "ID Number": "5549191"
  },
  {
    "ID Number": "5501326"
  },
  {
    "ID Number": "5507502"
  },
  {
    "ID Number": "5510708"
  },
  {
    "ID Number": "5511429"
  },
  {
    "ID Number": "5501733"
  },
  {
    "ID Number": "5554675"
  },
  {
    "ID Number": "5507286"
  },
  {
    "ID Number": "5546613"
  },
  {
    "ID Number": "5505496"
  },
  {
    "ID Number": "5525756"
  },
  {
    "ID Number": "5541158"
  },
  {
    "ID Number": "5524911"
  },
  {
    "ID Number": "5546346"
  },
  {
    "ID Number": "5537584"
  },
  {
    "ID Number": "5509777"
  },
  {
    "ID Number": "5525500"
  },
  {
    "ID Number": "5501989"
  },
  {
    "ID Number": "5544319"
  },
  {
    "ID Number": "5546680"
  },
  {
    "ID Number": "5504945"
  },
  {
    "ID Number": "5531861"
  },
  {
    "ID Number": "5522196"
  },
  {
    "ID Number": "5528089"
  },
  {
    "ID Number": "5517400"
  },
  {
    "ID Number": "5544335"
  },
  {
    "ID Number": "5507049"
  },
  {
    "ID Number": "5502616"
  },
  {
    "ID Number": "5506956"
  },
  {
    "ID Number": "5544246"
  },
  {
    "ID Number": "5550343"
  },
  {
    "ID Number": "5544378"
  },
  {
    "ID Number": "5548551"
  },
  {
    "ID Number": "5541450"
  },
  {
    "ID Number": "5508142"
  },
  {
    "ID Number": "5511879"
  },
  {
    "ID Number": "5500478"
  },
  {
    "ID Number": "5533120"
  },
  {
    "ID Number": "5524628"
  },
  {
    "ID Number": "5519136"
  },
  {
    "ID Number": "5512441"
  },
  {
    "ID Number": "5509793"
  },
  {
    "ID Number": "5515475"
  },
  {
    "ID Number": "5520592"
  },
  {
    "ID Number": "5511445"
  },
  {
    "ID Number": "5511453"
  },
  {
    "ID Number": "5529212"
  },
  {
    "ID Number": "5545951"
  },
  {
    "ID Number": "5551951"
  },
  {
    "ID Number": "5503655"
  },
  {
    "ID Number": "5516200"
  },
  {
    "ID Number": "5544866"
  },
  {
    "ID Number": "5547997"
  },
  {
    "ID Number": "5534461"
  },
  {
    "ID Number": "5514886"
  },
  {
    "ID Number": "5535891"
  },
  {
    "ID Number": "5560632"
  },
  {
    "ID Number": "5532396"
  },
  {
    "ID Number": "5509874"
  },
  {
    "ID Number": "5518555"
  },
  {
    "ID Number": "5530440"
  },
  {
    "ID Number": "5536340"
  },
  {
    "ID Number": "5504430"
  },
  {
    "ID Number": "5558719"
  },
  {
    "ID Number": "5504996"
  },
  {
    "ID Number": "5500427"
  },
  {
    "ID Number": "5508665"
  },
  {
    "ID Number": "5501822"
  },
  {
    "ID Number": "5507707"
  },
  {
    "ID Number": "5537967"
  },
  {
    "ID Number": "5541166"
  },
  {
    "ID Number": "5514339"
  },
  {
    "ID Number": "5547369"
  },
  {
    "ID Number": "5542910"
  },
  {
    "ID Number": "5529077"
  },
  {
    "ID Number": "5537762"
  },
  {
    "ID Number": "5553784"
  },
  {
    "ID Number": "5531870"
  },
  {
    "ID Number": "5534810"
  },
  {
    "ID Number": "5545552"
  },
  {
    "ID Number": "5504473"
  },
  {
    "ID Number": "5501377"
  },
  {
    "ID Number": "5500494"
  },
  {
    "ID Number": "5547792"
  },
  {
    "ID Number": "5510783"
  },
  {
    "ID Number": "5510724"
  },
  {
    "ID Number": "5554691"
  },
  {
    "ID Number": "5520231"
  },
  {
    "ID Number": "5522323"
  },
  {
    "ID Number": "5545579"
  },
  {
    "ID Number": "5514207"
  },
  {
    "ID Number": "5518679"
  },
  {
    "ID Number": "5513545"
  },
  {
    "ID Number": "5513251"
  },
  {
    "ID Number": "5555647"
  },
  {
    "ID Number": "5539528"
  },
  {
    "ID Number": "5535832"
  },
  {
    "ID Number": "5564590"
  },
  {
    "ID Number": "5564611"
  },
  {
    "ID Number": "5530210"
  },
  {
    "ID Number": "5502470"
  },
  {
    "ID Number": "5556163"
  },
  {
    "ID Number": "5527589"
  },
  {
    "ID Number": "5535514"
  },
  {
    "ID Number": "5535506"
  },
  {
    "ID Number": "5534216"
  },
  {
    "ID Number": "5548578"
  },
  {
    "ID Number": "5558379"
  },
  {
    "ID Number": "5500079"
  },
  {
    "ID Number": "5537770"
  },
  {
    "ID Number": "5545064"
  },
  {
    "ID Number": "5500508"
  },
  {
    "ID Number": "5523125"
  },
  {
    "ID Number": "5547776"
  },
  {
    "ID Number": "5538360"
  },
  {
    "ID Number": "5524970"
  },
  {
    "ID Number": "5540020"
  },
  {
    "ID Number": "5549230"
  },
  {
    "ID Number": "5540496"
  },
  {
    "ID Number": "5514916"
  },
  {
    "ID Number": "5507570"
  },
  {
    "ID Number": "5534860"
  },
  {
    "ID Number": "5540038"
  },
  {
    "ID Number": "5508991"
  },
  {
    "ID Number": "5529581"
  },
  {
    "ID Number": "5546630"
  },
  {
    "ID Number": "5549248"
  },
  {
    "ID Number": "5539404"
  },
  {
    "ID Number": "5515637"
  },
  {
    "ID Number": "5500516"
  },
  {
    "ID Number": "5502292"
  },
  {
    "ID Number": "5529107"
  },
  {
    "ID Number": "5542677"
  },
  {
    "ID Number": "5512999"
  },
  {
    "ID Number": "5555868"
  },
  {
    "ID Number": "5506433"
  },
  {
    "ID Number": "5539625"
  },
  {
    "ID Number": "5532787"
  },
  {
    "ID Number": "5535611"
  },
  {
    "ID Number": "5507391"
  },
  {
    "ID Number": "5540046"
  },
  {
    "ID Number": "5537479"
  },
  {
    "ID Number": "5545609"
  },
  {
    "ID Number": "5504503"
  },
  {
    "ID Number": "5516579"
  },
  {
    "ID Number": "5550823"
  },
  {
    "ID Number": "5552710"
  },
  {
    "ID Number": "5513375"
  },
  {
    "ID Number": "5544840"
  },
  {
    "ID Number": "5541484"
  },
  {
    "ID Number": "5507359"
  },
  {
    "ID Number": "5525047"
  },
  {
    "ID Number": "5526868"
  },
  {
    "ID Number": "5526892"
  },
  {
    "ID Number": "5503060"
  },
  {
    "ID Number": "5548900"
  },
  {
    "ID Number": "5544831"
  },
  {
    "ID Number": "5550408"
  },
  {
    "ID Number": "5534879"
  },
  {
    "ID Number": "5534887"
  },
  {
    "ID Number": "5556171"
  },
  {
    "ID Number": "5532450"
  },
  {
    "ID Number": "5549264"
  },
  {
    "ID Number": "5555400"
  },
  {
    "ID Number": "5506980"
  },
  {
    "ID Number": "5517257"
  },
  {
    "ID Number": "5535700"
  },
  {
    "ID Number": "5529131"
  },
  {
    "ID Number": "5507332"
  },
  {
    "ID Number": "5539633"
  },
  {
    "ID Number": "5553830"
  },
  {
    "ID Number": "5509807"
  },
  {
    "ID Number": "5539641"
  },
  {
    "ID Number": "5544823"
  },
  {
    "ID Number": "5561167"
  },
  {
    "ID Number": "5537940"
  },
  {
    "ID Number": "5520711"
  },
  {
    "ID Number": "5543568"
  },
  {
    "ID Number": "5513421"
  },
  {
    "ID Number": "5539536"
  },
  {
    "ID Number": "5540704"
  },
  {
    "ID Number": "5553849"
  },
  {
    "ID Number": "5504554"
  },
  {
    "ID Number": "5502195"
  },
  {
    "ID Number": "5531640"
  },
  {
    "ID Number": "5519632"
  },
  {
    "ID Number": "5504589"
  },
  {
    "ID Number": "5505038"
  },
  {
    "ID Number": "5505046"
  },
  {
    "ID Number": "5509335"
  },
  {
    "ID Number": "5550939"
  },
  {
    "ID Number": "5511844"
  },
  {
    "ID Number": "5541174"
  },
  {
    "ID Number": "5537932"
  },
  {
    "ID Number": "5506182"
  },
  {
    "ID Number": "5525446"
  },
  {
    "ID Number": "5507324"
  },
  {
    "ID Number": "5548039"
  },
  {
    "ID Number": "5514967"
  },
  {
    "ID Number": "5531993"
  },
  {
    "ID Number": "5557674"
  },
  {
    "ID Number": "5512700"
  },
  {
    "ID Number": "5561361"
  },
  {
    "ID Number": "5538246"
  },
  {
    "ID Number": "5530024"
  },
  {
    "ID Number": "5556422"
  },
  {
    "ID Number": "5506476"
  },
  {
    "ID Number": "5539650"
  },
  {
    "ID Number": "5544602"
  },
  {
    "ID Number": "5539463"
  },
  {
    "ID Number": "5545650"
  },
  {
    "ID Number": "5542529"
  },
  {
    "ID Number": "5513430"
  },
  {
    "ID Number": "5511178"
  },
  {
    "ID Number": "5541182"
  },
  {
    "ID Number": "5551161"
  },
  {
    "ID Number": "5547440"
  },
  {
    "ID Number": "5535727"
  },
  {
    "ID Number": "5549272"
  },
  {
    "ID Number": "5539447"
  },
  {
    "ID Number": "5531888"
  },
  {
    "ID Number": "5510627"
  },
  {
    "ID Number": "5519756"
  },
  {
    "ID Number": "5506697"
  },
  {
    "ID Number": "5518849"
  },
  {
    "ID Number": "5516498"
  },
  {
    "ID Number": "5512018"
  },
  {
    "ID Number": "5546362"
  },
  {
    "ID Number": "5558310"
  },
  {
    "ID Number": "5548411"
  },
  {
    "ID Number": "5529140"
  },
  {
    "ID Number": "5540518"
  },
  {
    "ID Number": "5550416"
  },
  {
    "ID Number": "5548055"
  },
  {
    "ID Number": "5512689"
  },
  {
    "ID Number": "5502209"
  },
  {
    "ID Number": "5540739"
  },
  {
    "ID Number": "5529255"
  },
  {
    "ID Number": "5529654"
  },
  {
    "ID Number": "5546427"
  },
  {
    "ID Number": "5510651"
  },
  {
    "ID Number": "5526612"
  },
  {
    "ID Number": "5515416"
  },
  {
    "ID Number": "5506140"
  },
  {
    "ID Number": "5530954"
  },
  {
    "ID Number": "5547849"
  },
  {
    "ID Number": "5515696"
  },
  {
    "ID Number": "5535956"
  },
  {
    "ID Number": "5548080"
  },
  {
    "ID Number": "5507456"
  },
  {
    "ID Number": "5518792"
  },
  {
    "ID Number": "5518806"
  },
  {
    "ID Number": "5552079"
  },
  {
    "ID Number": "5511534"
  },
  {
    "ID Number": "5507251"
  },
  {
    "ID Number": "5541522"
  },
  {
    "ID Number": "5507979"
  },
  {
    "ID Number": "5512484"
  },
  {
    "ID Number": "5544610"
  },
  {
    "ID Number": "5517591"
  },
  {
    "ID Number": "5521424"
  },
  {
    "ID Number": "5517362"
  },
  {
    "ID Number": "5534976"
  },
  {
    "ID Number": "5534968"
  },
  {
    "ID Number": "5535980"
  },
  {
    "ID Number": "5548101"
  },
  {
    "ID Number": "5561990"
  },
  {
    "ID Number": "5506492"
  },
  {
    "ID Number": "5506190"
  },
  {
    "ID Number": "5530571"
  },
  {
    "ID Number": "5530652"
  },
  {
    "ID Number": "5530660"
  },
  {
    "ID Number": "5523150"
  },
  {
    "ID Number": "5558751"
  },
  {
    "ID Number": "5558743"
  },
  {
    "ID Number": "5500583"
  },
  {
    "ID Number": "5539552"
  },
  {
    "ID Number": "5522137"
  },
  {
    "ID Number": "5558611"
  },
  {
    "ID Number": "5511550"
  },
  {
    "ID Number": "5503434"
  },
  {
    "ID Number": "5556180"
  },
  {
    "ID Number": "5531675"
  },
  {
    "ID Number": "5505445"
  },
  {
    "ID Number": "5507464"
  },
  {
    "ID Number": "5515351"
  },
  {
    "ID Number": "5554772"
  },
  {
    "ID Number": "5501032"
  },
  {
    "ID Number": "5544513"
  },
  {
    "ID Number": "5502640"
  },
  {
    "ID Number": "5519764"
  },
  {
    "ID Number": "5513413"
  },
  {
    "ID Number": "5526507"
  },
  {
    "ID Number": "5514029"
  },
  {
    "ID Number": "5511909"
  },
  {
    "ID Number": "5535859"
  },
  {
    "ID Number": "5552915"
  },
  {
    "ID Number": "5504627"
  },
  {
    "ID Number": "5504643"
  },
  {
    "ID Number": "5502659"
  },
  {
    "ID Number": "5549299"
  },
  {
    "ID Number": "5561370"
  },
  {
    "ID Number": "5537983"
  },
  {
    "ID Number": "5505348"
  },
  {
    "ID Number": "5541530"
  },
  {
    "ID Number": "5501423"
  },
  {
    "ID Number": "5519640"
  },
  {
    "ID Number": "5503108"
  },
  {
    "ID Number": "5563313"
  },
  {
    "ID Number": "5513286"
  },
  {
    "ID Number": "5510490"
  },
  {
    "ID Number": "5523710"
  },
  {
    "ID Number": "5561388"
  },
  {
    "ID Number": "5505836"
  },
  {
    "ID Number": "5519144"
  },
  {
    "ID Number": "5500885"
  },
  {
    "ID Number": "5516633"
  },
  {
    "ID Number": "5517761"
  },
  {
    "ID Number": "5547482"
  },
  {
    "ID Number": "5554780"
  },
  {
    "ID Number": "5539544"
  },
  {
    "ID Number": "5502217"
  },
  {
    "ID Number": "5561337"
  },
  {
    "ID Number": "5534984"
  },
  {
    "ID Number": "5500591"
  },
  {
    "ID Number": "5509165"
  },
  {
    "ID Number": "5545781"
  },
  {
    "ID Number": "5549310"
  },
  {
    "ID Number": "5534992"
  },
  {
    "ID Number": "5516641"
  },
  {
    "ID Number": "5530474"
  },
  {
    "ID Number": "5536952"
  },
  {
    "ID Number": "5505844"
  },
  {
    "ID Number": "5515874"
  },
  {
    "ID Number": "5521653"
  },
  {
    "ID Number": "5537029"
  },
  {
    "ID Number": "5541581"
  },
  {
    "ID Number": "5515289"
  },
  {
    "ID Number": "5500605"
  },
  {
    "ID Number": "5507472"
  },
  {
    "ID Number": "5535867"
  },
  {
    "ID Number": "5532027"
  },
  {
    "ID Number": "5542901"
  },
  {
    "ID Number": "5543754"
  },
  {
    "ID Number": "5508240"
  },
  {
    "ID Number": "5500044"
  },
  {
    "ID Number": "5525136"
  },
  {
    "ID Number": "5544424"
  },
  {
    "ID Number": "5502870"
  },
  {
    "ID Number": "5534666"
  },
  {
    "ID Number": "5549329"
  },
  {
    "ID Number": "5505135"
  },
  {
    "ID Number": "5532418"
  },
  {
    "ID Number": "5552117"
  },
  {
    "ID Number": "5520282"
  },
  {
    "ID Number": "5503124"
  },
  {
    "ID Number": "5505356"
  },
  {
    "ID Number": "5540291"
  },
  {
    "ID Number": "5540305"
  },
  {
    "ID Number": "5546834"
  },
  {
    "ID Number": "5505364"
  },
  {
    "ID Number": "5559995"
  },
  {
    "ID Number": "5550246"
  },
  {
    "ID Number": "5502675"
  },
  {
    "ID Number": "5548276"
  },
  {
    "ID Number": "5537576"
  },
  {
    "ID Number": "5515181"
  },
  {
    "ID Number": "5532825"
  },
  {
    "ID Number": "5540534"
  },
  {
    "ID Number": "5507189"
  },
  {
    "ID Number": "5510635"
  },
  {
    "ID Number": "5515297"
  },
  {
    "ID Number": "5511216"
  },
  {
    "ID Number": "5540542"
  },
  {
    "ID Number": "5528160"
  },
  {
    "ID Number": "5521661"
  },
  {
    "ID Number": "5508703"
  },
  {
    "ID Number": "5523532"
  },
  {
    "ID Number": "5556449"
  },
  {
    "ID Number": "5519853"
  },
  {
    "ID Number": "5505151"
  },
  {
    "ID Number": "5508274"
  },
  {
    "ID Number": "5530202"
  },
  {
    "ID Number": "5540755"
  },
  {
    "ID Number": "5561396"
  },
  {
    "ID Number": "5548284"
  },
  {
    "ID Number": "5523214"
  },
  {
    "ID Number": "5508282"
  },
  {
    "ID Number": "5556210"
  },
  {
    "ID Number": "5508606"
  },
  {
    "ID Number": "5507898"
  },
  {
    "ID Number": "5530539"
  },
  {
    "ID Number": "5523230"
  },
  {
    "ID Number": "5549345"
  },
  {
    "ID Number": "5546109"
  },
  {
    "ID Number": "5501440"
  },
  {
    "ID Number": "5560780"
  },
  {
    "ID Number": "5539021"
  },
  {
    "ID Number": "5519721"
  },
  {
    "ID Number": "5548330"
  },
  {
    "ID Number": "5505160"
  },
  {
    "ID Number": "5519713"
  },
  {
    "ID Number": "5519705"
  },
  {
    "ID Number": "5535360"
  },
  {
    "ID Number": "5538726"
  },
  {
    "ID Number": "5531403"
  },
  {
    "ID Number": "5539439"
  },
  {
    "ID Number": "5514444"
  },
  {
    "ID Number": "5539285"
  },
  {
    "ID Number": "5541212"
  },
  {
    "ID Number": "5547806"
  },
  {
    "ID Number": "5502403"
  },
  {
    "ID Number": "5503973"
  },
  {
    "ID Number": "5549361"
  },
  {
    "ID Number": "5547512"
  },
  {
    "ID Number": "5523702"
  },
  {
    "ID Number": "5520045"
  },
  {
    "ID Number": "5500290"
  },
  {
    "ID Number": "5531705"
  },
  {
    "ID Number": "5549370"
  },
  {
    "ID Number": "5550106"
  },
  {
    "ID Number": "5544777"
  },
  {
    "ID Number": "5552524"
  },
  {
    "ID Number": "5550335"
  },
  {
    "ID Number": "5544408"
  },
  {
    "ID Number": "5548152"
  },
  {
    "ID Number": "5525160"
  },
  {
    "ID Number": "5539056"
  },
  {
    "ID Number": "5551242"
  },
  {
    "ID Number": "5535034"
  },
  {
    "ID Number": "5504112"
  },
  {
    "ID Number": "5505879"
  },
  {
    "ID Number": "5548934"
  },
  {
    "ID Number": "5518440"
  },
  {
    "ID Number": "5540763"
  },
  {
    "ID Number": "5500672"
  },
  {
    "ID Number": "5502276"
  },
  {
    "ID Number": "5519209"
  },
  {
    "ID Number": "5548640"
  },
  {
    "ID Number": "5540550"
  },
  {
    "ID Number": "5539293"
  },
  {
    "ID Number": "5535778"
  },
  {
    "ID Number": "5548160"
  },
  {
    "ID Number": "5515483"
  },
  {
    "ID Number": "5549027"
  },
  {
    "ID Number": "5547520"
  },
  {
    "ID Number": "5540348"
  },
  {
    "ID Number": "5538220"
  },
  {
    "ID Number": "5503752"
  },
  {
    "ID Number": "5508533"
  },
  {
    "ID Number": "5516528"
  },
  {
    "ID Number": "5523273"
  },
  {
    "ID Number": "5537495"
  },
  {
    "ID Number": "5559740"
  },
  {
    "ID Number": "5500060"
  },
  {
    "ID Number": "5503140"
  },
  {
    "ID Number": "5549655"
  },
  {
    "ID Number": "5549663"
  },
  {
    "ID Number": "5557682"
  },
  {
    "ID Number": "5510503"
  },
  {
    "ID Number": "5510538"
  },
  {
    "ID Number": "5532868"
  },
  {
    "ID Number": "5552176"
  },
  {
    "ID Number": "5551595"
  },
  {
    "ID Number": "5561400"
  },
  {
    "ID Number": "5546923"
  },
  {
    "ID Number": "5523281"
  },
  {
    "ID Number": "5507995"
  },
  {
    "ID Number": "5501148"
  },
  {
    "ID Number": "5544386"
  },
  {
    "ID Number": "5561175"
  },
  {
    "ID Number": "5507561"
  },
  {
    "ID Number": "5501156"
  },
  {
    "ID Number": "5502322"
  },
  {
    "ID Number": "5554829"
  },
  {
    "ID Number": "5554837"
  },
  {
    "ID Number": "5543142"
  },
  {
    "ID Number": "5511968"
  },
  {
    "ID Number": "5507413"
  },
  {
    "ID Number": "5510767"
  },
  {
    "ID Number": "5523303"
  },
  {
    "ID Number": "5549388"
  },
  {
    "ID Number": "5508312"
  },
  {
    "ID Number": "5503000"
  },
  {
    "ID Number": "5501059"
  },
  {
    "ID Number": "5501652"
  },
  {
    "ID Number": "5548438"
  },
  {
    "ID Number": "5551250"
  },
  {
    "ID Number": "5501660"
  },
  {
    "ID Number": "5522200"
  },
  {
    "ID Number": "5517265"
  },
  {
    "ID Number": "5517737"
  },
  {
    "ID Number": "5548942"
  },
  {
    "ID Number": "5503159"
  },
  {
    "ID Number": "5531608"
  },
  {
    "ID Number": "5556740"
  },
  {
    "ID Number": "5519691"
  },
  {
    "ID Number": "5513707"
  },
  {
    "ID Number": "5502772"
  },
  {
    "ID Number": "5507740"
  },
  {
    "ID Number": "5541573"
  },
  {
    "ID Number": "5555892"
  },
  {
    "ID Number": "5531918"
  },
  {
    "ID Number": "5510422"
  },
  {
    "ID Number": "5507758"
  },
  {
    "ID Number": "5541603"
  },
  {
    "ID Number": "5517788"
  },
  {
    "ID Number": "5516900"
  },
  {
    "ID Number": "5554845"
  },
  {
    "ID Number": "5523311"
  },
  {
    "ID Number": "5556473"
  },
  {
    "ID Number": "5564484"
  },
  {
    "ID Number": "5554543"
  },
  {
    "ID Number": "5503779"
  },
  {
    "ID Number": "5503507"
  },
  {
    "ID Number": "5512816"
  },
  {
    "ID Number": "5538793"
  },
  {
    "ID Number": "5541611"
  },
  {
    "ID Number": "5540089"
  },
  {
    "ID Number": "5556260"
  },
  {
    "ID Number": "5535093"
  },
  {
    "ID Number": "5547571"
  },
  {
    "ID Number": "5523320"
  },
  {
    "ID Number": "5513880"
  },
  {
    "ID Number": "5513529"
  },
  {
    "ID Number": "5528690"
  },
  {
    "ID Number": "5501482"
  },
  {
    "ID Number": "5539188"
  },
  {
    "ID Number": "5548683"
  },
  {
    "ID Number": "5505542"
  },
  {
    "ID Number": "5552869"
  },
  {
    "ID Number": "5564689"
  },
  {
    "ID Number": "5561060"
  },
  {
    "ID Number": "5553954"
  },
  {
    "ID Number": "5502799"
  },
  {
    "ID Number": "5523346"
  },
  {
    "ID Number": "5506816"
  },
  {
    "ID Number": "5535786"
  },
  {
    "ID Number": "5531578"
  },
  {
    "ID Number": "45114226"
  },
  {
    "ID Number": "5509653"
  },
  {
    "ID Number": "5553113"
  },
  {
    "ID Number": "5521114"
  },
  {
    "ID Number": "5548209"
  },
  {
    "ID Number": "5521971"
  },
  {
    "ID Number": "5513812"
  },
  {
    "ID Number": "5551269"
  },
  {
    "ID Number": "5561183"
  },
  {
    "ID Number": "5556520"
  },
  {
    "ID Number": "5501490"
  },
  {
    "ID Number": "5554551"
  },
  {
    "ID Number": "5538734"
  },
  {
    "ID Number": "5503191"
  },
  {
    "ID Number": "5508630"
  },
  {
    "ID Number": "5511186"
  },
  {
    "ID Number": "5554560"
  },
  {
    "ID Number": "5544998"
  },
  {
    "ID Number": "5514096"
  },
  {
    "ID Number": "5501075"
  },
  {
    "ID Number": "5507235"
  },
  {
    "ID Number": "5522722"
  },
  {
    "ID Number": "5551277"
  },
  {
    "ID Number": "5542880"
  },
  {
    "ID Number": "5544416"
  },
  {
    "ID Number": "5561191"
  },
  {
    "ID Number": "5505216"
  },
  {
    "ID Number": "5504708"
  },
  {
    "ID Number": "5557364"
  },
  {
    "ID Number": "5539471"
  },
  {
    "ID Number": "5533155"
  },
  {
    "ID Number": "5500869"
  },
  {
    "ID Number": "5502462"
  },
  {
    "ID Number": "5522501"
  },
  {
    "ID Number": "5505950"
  },
  {
    "ID Number": "5539358"
  },
  {
    "ID Number": "5503981"
  },
  {
    "ID Number": "5556767"
  },
  {
    "ID Number": "5543886"
  },
  {
    "ID Number": "5511631"
  },
  {
    "ID Number": "5550050"
  },
  {
    "ID Number": "5510716"
  },
  {
    "ID Number": "5501601"
  },
  {
    "ID Number": "5530482"
  },
  {
    "ID Number": "5564549"
  },
  {
    "ID Number": "5547610"
  },
  {
    "ID Number": "5546931"
  },
  {
    "ID Number": "5505232"
  },
  {
    "ID Number": "5554357"
  },
  {
    "ID Number": "5532302"
  },
  {
    "ID Number": "5538416"
  },
  {
    "ID Number": "5551293"
  },
  {
    "ID Number": "5520193"
  },
  {
    "ID Number": "5533260"
  },
  {
    "ID Number": "5535115"
  },
  {
    "ID Number": "5536596"
  },
  {
    "ID Number": "5530679"
  },
  {
    "ID Number": "5514100"
  },
  {
    "ID Number": "5530326"
  },
  {
    "ID Number": "5510465"
  },
  {
    "ID Number": "5544700"
  },
  {
    "ID Number": "5532930"
  },
  {
    "ID Number": "5539099"
  },
  {
    "ID Number": "5534267"
  },
  {
    "ID Number": "5534259"
  },
  {
    "ID Number": "5539307"
  },
  {
    "ID Number": "5544750"
  },
  {
    "ID Number": "5504732"
  },
  {
    "ID Number": "5531365"
  },
  {
    "ID Number": "5538181"
  },
  {
    "ID Number": "5558786"
  },
  {
    "ID Number": "5505550"
  },
  {
    "ID Number": "5523370"
  },
  {
    "ID Number": "5544718"
  },
  {
    "ID Number": "5535158"
  },
  {
    "ID Number": "5545331"
  },
  {
    "ID Number": "5539498"
  },
  {
    "ID Number": "5544025"
  },
  {
    "ID Number": "5550866"
  },
  {
    "ID Number": "5500745"
  },
  {
    "ID Number": "5511151"
  },
  {
    "ID Number": "5517664"
  },
  {
    "ID Number": "5541638"
  },
  {
    "ID Number": "5513510"
  },
  {
    "ID Number": "5533660"
  },
  {
    "ID Number": "5505984"
  },
  {
    "ID Number": "5508428"
  },
  {
    "ID Number": "5519128"
  },
  {
    "ID Number": "5551307"
  },
  {
    "ID Number": "5548713"
  },
  {
    "ID Number": "5530580"
  },
  {
    "ID Number": "5530598"
  },
  {
    "ID Number": "5529689"
  },
  {
    "ID Number": "5531985"
  },
  {
    "ID Number": "5539196"
  },
  {
    "ID Number": "5521033"
  },
  {
    "ID Number": "5551315"
  },
  {
    "ID Number": "5544742"
  },
  {
    "ID Number": "5550602"
  },
  {
    "ID Number": "5534240"
  },
  {
    "ID Number": "5541239"
  },
  {
    "ID Number": "5506301"
  },
  {
    "ID Number": "5535166"
  },
  {
    "ID Number": "5538823"
  },
  {
    "ID Number": "5548217"
  },
  {
    "ID Number": "5530270"
  },
  {
    "ID Number": "5519683"
  },
  {
    "ID Number": "5530245"
  },
  {
    "ID Number": "5563461"
  },
  {
    "ID Number": "5518571"
  },
  {
    "ID Number": "5526698"
  },
  {
    "ID Number": "5545889"
  },
  {
    "ID Number": "5546249"
  },
  {
    "ID Number": "5513383"
  },
  {
    "ID Number": "5513227"
  },
  {
    "ID Number": "5507782"
  },
  {
    "ID Number": "5530490"
  },
  {
    "ID Number": "5500753"
  },
  {
    "ID Number": "5541646"
  },
  {
    "ID Number": "5506000"
  },
  {
    "ID Number": "5510333"
  },
  {
    "ID Number": "5512000"
  },
  {
    "ID Number": "5541654"
  },
  {
    "ID Number": "5500141"
  },
  {
    "ID Number": "5541042"
  },
  {
    "ID Number": "5504279"
  },
  {
    "ID Number": "5554020"
  },
  {
    "ID Number": "5537975"
  },
  {
    "ID Number": "5541662"
  },
  {
    "ID Number": "5517770"
  },
  {
    "ID Number": "5541743"
  },
  {
    "ID Number": "5554861"
  },
  {
    "ID Number": "5547814"
  },
  {
    "ID Number": "5539706"
  },
  {
    "ID Number": "5561418"
  },
  {
    "ID Number": "5547652"
  },
  {
    "ID Number": "5523400"
  },
  {
    "ID Number": "5505402"
  },
  {
    "ID Number": "5507294"
  },
  {
    "ID Number": "5541816"
  },
  {
    "ID Number": "5537509"
  },
  {
    "ID Number": "5514681"
  },
  {
    "ID Number": "5513243"
  },
  {
    "ID Number": "5533139"
  },
  {
    "ID Number": "5527570"
  },
  {
    "ID Number": "5531470"
  },
  {
    "ID Number": "5550084"
  },
  {
    "ID Number": "5539722"
  },
  {
    "ID Number": "5529000"
  },
  {
    "ID Number": "5506867"
  },
  {
    "ID Number": "5554870"
  },
  {
    "ID Number": "5544270"
  },
  {
    "ID Number": "5536022"
  },
  {
    "ID Number": "5561221"
  },
  {
    "ID Number": "5531063"
  },
  {
    "ID Number": "5500770"
  },
  {
    "ID Number": "5555809"
  },
  {
    "ID Number": "5554888"
  },
  {
    "ID Number": "5501105"
  },
  {
    "ID Number": "5516730"
  },
  {
    "ID Number": "5503221"
  },
  {
    "ID Number": "5554446"
  },
  {
    "ID Number": "5544262"
  },
  {
    "ID Number": "5555957"
  },
  {
    "ID Number": "5516471"
  },
  {
    "ID Number": "5505410"
  },
  {
    "ID Number": "5506115"
  },
  {
    "ID Number": "5548748"
  },
  {
    "ID Number": "5501563"
  },
  {
    "ID Number": "5560560"
  },
  {
    "ID Number": "5547687"
  },
  {
    "ID Number": "5546168"
  },
  {
    "ID Number": "5506557"
  },
  {
    "ID Number": "5523427"
  },
  {
    "ID Number": "5548250"
  },
  {
    "ID Number": "5523435"
  },
  {
    "ID Number": "5510449"
  },
  {
    "ID Number": "5546192"
  },
  {
    "ID Number": "5550629"
  },
  {
    "ID Number": "5500451"
  },
  {
    "ID Number": "5522340"
  },
  {
    "ID Number": "5536685"
  },
  {
    "ID Number": "5507537"
  },
  {
    "ID Number": "5532493"
  },
  {
    "ID Number": "5541352"
  },
  {
    "ID Number": "5533252"
  },
  {
    "ID Number": "5503248"
  },
  {
    "ID Number": "5507170"
  },
  {
    "ID Number": "5554608"
  },
  {
    "ID Number": "5556511"
  },
  {
    "ID Number": "5548632"
  },
  {
    "ID Number": "5520401"
  },
  {
    "ID Number": "5535808"
  },
  {
    "ID Number": "5525489"
  },
  {
    "ID Number": "5525454"
  },
  {
    "ID Number": "5548268"
  },
  {
    "ID Number": "5509572"
  },
  {
    "ID Number": "5508592"
  },
  {
    "ID Number": "5548764"
  },
  {
    "ID Number": "5510678"
  },
  {
    "ID Number": "5500907"
  },
  {
    "ID Number": "5531071"
  },
  {
    "ID Number": "5500796"
  },
  {
    "ID Number": "5504015"
  },
  {
    "ID Number": "5517494"
  },
  {
    "ID Number": "5503833"
  },
  {
    "ID Number": "5509688"
  },
  {
    "ID Number": "5516439"
  },
  {
    "ID Number": "5503345"
  },
  {
    "ID Number": "5552354"
  },
  {
    "ID Number": "5515017"
  },
  {
    "ID Number": "5515084"
  },
  {
    "ID Number": "5515220"
  },
  {
    "ID Number": "5500206"
  },
  {
    "ID Number": "5510139"
  },
  {
    "ID Number": "5510112"
  },
  {
    "ID Number": "5510120"
  },
  {
    "ID Number": "5523460"
  },
  {
    "ID Number": "5517508"
  },
  {
    "ID Number": "5541328"
  },
  {
    "ID Number": "5508487"
  },
  {
    "ID Number": "5527651"
  },
  {
    "ID Number": "5517516"
  },
  {
    "ID Number": "5502330"
  },
  {
    "ID Number": "5507588"
  },
  {
    "ID Number": "5503256"
  },
  {
    "ID Number": "5546303"
  },
  {
    "ID Number": "5504830"
  },
  {
    "ID Number": "5505429"
  },
  {
    "ID Number": "5506220"
  },
  {
    "ID Number": "5533694"
  },
  {
    "ID Number": "5546982"
  },
  {
    "ID Number": "5554080"
  },
  {
    "ID Number": "5524784"
  },
  {
    "ID Number": "5544637"
  }
]