[
  {
    "ID Number": "1960210"
  },
  {
    "ID Number": "1962523"
  },
  {
    "ID Number": "1989855"
  },
  {
    "ID Number": "1943871"
  },
  {
    "ID Number": "1909126"
  },
  {
    "ID Number": "1955047"
  },
  {
    "ID Number": "1942182"
  },
  {
    "ID Number": "1962167"
  },
  {
    "ID Number": "1940155"
  },
  {
    "ID Number": "1942620"
  },
  {
    "ID Number": "1942310"
  },
  {
    "ID Number": "1963147"
  },
  {
    "ID Number": "1913468"
  },
  {
    "ID Number": "1968270"
  },
  {
    "ID Number": "1934341"
  },
  {
    "ID Number": "1983075"
  },
  {
    "ID Number": "1984446"
  },
  {
    "ID Number": "1944410"
  },
  {
    "ID Number": "1966197"
  },
  {
    "ID Number": "1981161"
  },
  {
    "ID Number": "1907549"
  },
  {
    "ID Number": "1969145"
  },
  {
    "ID Number": "1969285"
  },
  {
    "ID Number": "1902571"
  },
  {
    "ID Number": "1908545"
  },
  {
    "ID Number": "1975480"
  },
  {
    "ID Number": "1949365"
  },
  {
    "ID Number": "1938584"
  },
  {
    "ID Number": "1956892"
  },
  {
    "ID Number": "1900439"
  },
  {
    "ID Number": "1919547"
  },
  {
    "ID Number": "1982281"
  },
  {
    "ID Number": "1931806"
  },
  {
    "ID Number": "1980637"
  },
  {
    "ID Number": "1982893"
  },
  {
    "ID Number": "1910329"
  },
  {
    "ID Number": "1927086"
  },
  {
    "ID Number": "1938703"
  },
  {
    "ID Number": "1939718"
  },
  {
    "ID Number": "1970488"
  },
  {
    "ID Number": "1969420"
  },
  {
    "ID Number": "1957805"
  },
  {
    "ID Number": "1970887"
  },
  {
    "ID Number": "1963856"
  },
  {
    "ID Number": "1952765"
  },
  {
    "ID Number": "1958143"
  },
  {
    "ID Number": "1902962"
  },
  {
    "ID Number": "1976230"
  },
  {
    "ID Number": "1956060"
  },
  {
    "ID Number": "1961594"
  },
  {
    "ID Number": "1952439"
  },
  {
    "ID Number": "1949616"
  },
  {
    "ID Number": "1971891"
  },
  {
    "ID Number": "1980670"
  },
  {
    "ID Number": "1974645"
  },
  {
    "ID Number": "1900749"
  },
  {
    "ID Number": "1960989"
  },
  {
    "ID Number": "1962124"
  },
  {
    "ID Number": "1963341"
  },
  {
    "ID Number": "1979876"
  },
  {
    "ID Number": "1936972"
  },
  {
    "ID Number": "1905678"
  },
  {
    "ID Number": "1952170"
  },
  {
    "ID Number": "1982290"
  },
  {
    "ID Number": "1931938"
  },
  {
    "ID Number": "1928376"
  },
  {
    "ID Number": "1967754"
  },
  {
    "ID Number": "1955055"
  },
  {
    "ID Number": "1903110"
  },
  {
    "ID Number": "1988840"
  },
  {
    "ID Number": "1972669"
  },
  {
    "ID Number": "1927345"
  },
  {
    "ID Number": "1975749"
  },
  {
    "ID Number": "1933825"
  },
  {
    "ID Number": "1962000"
  },
  {
    "ID Number": "1965034"
  },
  {
    "ID Number": "1931059"
  },
  {
    "ID Number": "1967452"
  },
  {
    "ID Number": "1988930"
  },
  {
    "ID Number": "1931288"
  },
  {
    "ID Number": "1970917"
  },
  {
    "ID Number": "1970437"
  },
  {
    "ID Number": "1943006"
  },
  {
    "ID Number": "1933434"
  },
  {
    "ID Number": "1969722"
  },
  {
    "ID Number": "1979612"
  },
  {
    "ID Number": "1973231"
  },
  {
    "ID Number": "1924613"
  },
  {
    "ID Number": "1988581"
  },
  {
    "ID Number": "1913107"
  },
  {
    "ID Number": "1962892"
  },
  {
    "ID Number": "1990306"
  },
  {
    "ID Number": "1966367"
  },
  {
    "ID Number": "1900862"
  },
  {
    "ID Number": "1928120"
  },
  {
    "ID Number": "1928139"
  },
  {
    "ID Number": "1902768"
  },
  {
    "ID Number": "1903772"
  },
  {
    "ID Number": "1947621"
  },
  {
    "ID Number": "1915975"
  },
  {
    "ID Number": "1907336"
  },
  {
    "ID Number": "1923617"
  },
  {
    "ID Number": "1900986"
  },
  {
    "ID Number": "1971549"
  },
  {
    "ID Number": "1912291"
  },
  {
    "ID Number": "1976796"
  },
  {
    "ID Number": "1942514"
  },
  {
    "ID Number": "1965336"
  },
  {
    "ID Number": "1926764"
  },
  {
    "ID Number": "1922750"
  },
  {
    "ID Number": "1905414"
  },
  {
    "ID Number": "1934651"
  },
  {
    "ID Number": "1906690"
  },
  {
    "ID Number": "1936310"
  },
  {
    "ID Number": "1903292"
  },
  {
    "ID Number": "1936328"
  },
  {
    "ID Number": "1944622"
  },
  {
    "ID Number": "1945750"
  },
  {
    "ID Number": "1966596"
  },
  {
    "ID Number": "1933540"
  },
  {
    "ID Number": "1965352"
  },
  {
    "ID Number": "1931652"
  },
  {
    "ID Number": "1987364"
  },
  {
    "ID Number": "1987372"
  },
  {
    "ID Number": "1939173"
  },
  {
    "ID Number": "1967908"
  },
  {
    "ID Number": "1973207"
  },
  {
    "ID Number": "1982680"
  },
  {
    "ID Number": "1901052"
  },
  {
    "ID Number": "1907700"
  },
  {
    "ID Number": "1984330"
  },
  {
    "ID Number": "1963570"
  },
  {
    "ID Number": "1957120"
  },
  {
    "ID Number": "1981005"
  },
  {
    "ID Number": "1958666"
  },
  {
    "ID Number": "1949110"
  },
  {
    "ID Number": "1940244"
  },
  {
    "ID Number": "1982389"
  },
  {
    "ID Number": "1936077"
  },
  {
    "ID Number": "1965743"
  },
  {
    "ID Number": "1989618"
  },
  {
    "ID Number": "1970747"
  },
  {
    "ID Number": "1971050"
  },
  {
    "ID Number": "1928643"
  },
  {
    "ID Number": "1967541"
  },
  {
    "ID Number": "1965700"
  },
  {
    "ID Number": "1924664"
  },
  {
    "ID Number": "1944398"
  },
  {
    "ID Number": "1938975"
  },
  {
    "ID Number": "1941950"
  },
  {
    "ID Number": "1970992"
  },
  {
    "ID Number": "1931407"
  },
  {
    "ID Number": "1929631"
  },
  {
    "ID Number": "1912313"
  },
  {
    "ID Number": "1941836"
  },
  {
    "ID Number": "1910370"
  },
  {
    "ID Number": "1905686"
  },
  {
    "ID Number": "1980840"
  },
  {
    "ID Number": "1946048"
  },
  {
    "ID Number": "1976281"
  },
  {
    "ID Number": "1987658"
  },
  {
    "ID Number": "1901567"
  },
  {
    "ID Number": "1981811"
  },
  {
    "ID Number": "1968670"
  },
  {
    "ID Number": "1969609"
  },
  {
    "ID Number": "1919202"
  },
  {
    "ID Number": "1973720"
  },
  {
    "ID Number": "1938282"
  },
  {
    "ID Number": "1964690"
  },
  {
    "ID Number": "1902970"
  },
  {
    "ID Number": "1901036"
  },
  {
    "ID Number": "1989987"
  },
  {
    "ID Number": "1990667"
  },
  {
    "ID Number": "1938983"
  },
  {
    "ID Number": "1902733"
  },
  {
    "ID Number": "1982303"
  },
  {
    "ID Number": "1942328"
  },
  {
    "ID Number": "1903640"
  },
  {
    "ID Number": "1971395"
  },
  {
    "ID Number": "1967266"
  },
  {
    "ID Number": "1981153"
  },
  {
    "ID Number": "1904612"
  },
  {
    "ID Number": "1972545"
  },
  {
    "ID Number": "1966502"
  },
  {
    "ID Number": "1907018"
  },
  {
    "ID Number": "1906500"
  },
  {
    "ID Number": "1939300"
  },
  {
    "ID Number": "1964658"
  },
  {
    "ID Number": "1973479"
  },
  {
    "ID Number": "1979655"
  },
  {
    "ID Number": "1928201"
  },
  {
    "ID Number": "1990748"
  },
  {
    "ID Number": "1929445"
  },
  {
    "ID Number": "1981307"
  },
  {
    "ID Number": "1946757"
  },
  {
    "ID Number": "1942565"
  },
  {
    "ID Number": "1960296"
  },
  {
    "ID Number": "1960300"
  },
  {
    "ID Number": "1941380"
  },
  {
    "ID Number": "1940651"
  },
  {
    "ID Number": "1976630"
  },
  {
    "ID Number": "1916165"
  },
  {
    "ID Number": "1970208"
  },
  {
    "ID Number": "1907409"
  },
  {
    "ID Number": "1906879"
  },
  {
    "ID Number": "1906615"
  },
  {
    "ID Number": "1989200"
  },
  {
    "ID Number": "1935364"
  },
  {
    "ID Number": "1901087"
  },
  {
    "ID Number": "1981765"
  },
  {
    "ID Number": "1908561"
  },
  {
    "ID Number": "2111110"
  },
  {
    "ID Number": "1972405"
  },
  {
    "ID Number": "1981080"
  },
  {
    "ID Number": "1985698"
  },
  {
    "ID Number": "1979485"
  },
  {
    "ID Number": "1973843"
  },
  {
    "ID Number": "1923889"
  },
  {
    "ID Number": "1976370"
  },
  {
    "ID Number": "1947834"
  },
  {
    "ID Number": "1948920"
  },
  {
    "ID Number": "1966200"
  },
  {
    "ID Number": "1922190"
  },
  {
    "ID Number": "1961322"
  },
  {
    "ID Number": "1935550"
  },
  {
    "ID Number": "1904400"
  },
  {
    "ID Number": "1971140"
  },
  {
    "ID Number": "1961330"
  },
  {
    "ID Number": "1969498"
  },
  {
    "ID Number": "1968327"
  },
  {
    "ID Number": "1982311"
  },
  {
    "ID Number": "1910450"
  },
  {
    "ID Number": "1977180"
  },
  {
    "ID Number": "1987453"
  },
  {
    "ID Number": "1980165"
  },
  {
    "ID Number": "1961152"
  },
  {
    "ID Number": "1925075"
  },
  {
    "ID Number": "1983091"
  },
  {
    "ID Number": "1947400"
  },
  {
    "ID Number": "1930435"
  },
  {
    "ID Number": "1984098"
  },
  {
    "ID Number": "1979396"
  },
  {
    "ID Number": "1968297"
  },
  {
    "ID Number": "1989022"
  },
  {
    "ID Number": "1973193"
  },
  {
    "ID Number": "1986333"
  },
  {
    "ID Number": "1986163"
  },
  {
    "ID Number": "1947354"
  },
  {
    "ID Number": "1901150"
  },
  {
    "ID Number": "1941860"
  },
  {
    "ID Number": "1901133"
  },
  {
    "ID Number": "1947656"
  },
  {
    "ID Number": "1976745"
  },
  {
    "ID Number": "1958631"
  },
  {
    "ID Number": "1944797"
  },
  {
    "ID Number": "1939327"
  },
  {
    "ID Number": "1980157"
  },
  {
    "ID Number": "1989030"
  },
  {
    "ID Number": "1944800"
  },
  {
    "ID Number": "1939823"
  },
  {
    "ID Number": "1962876"
  },
  {
    "ID Number": "1903225"
  },
  {
    "ID Number": "1904981"
  },
  {
    "ID Number": "1918281"
  },
  {
    "ID Number": "1970933"
  },
  {
    "ID Number": "1942123"
  },
  {
    "ID Number": "1964380"
  },
  {
    "ID Number": "1982028"
  },
  {
    "ID Number": "1987607"
  },
  {
    "ID Number": "1970909"
  },
  {
    "ID Number": "1966790"
  },
  {
    "ID Number": "1939157"
  },
  {
    "ID Number": "1905350"
  },
  {
    "ID Number": "1933566"
  },
  {
    "ID Number": "1953605"
  },
  {
    "ID Number": "1971069"
  },
  {
    "ID Number": "1901230"
  },
  {
    "ID Number": "1958437"
  },
  {
    "ID Number": "1904175"
  },
  {
    "ID Number": "1974076"
  },
  {
    "ID Number": "1906992"
  },
  {
    "ID Number": "1914073"
  },
  {
    "ID Number": "1908251"
  },
  {
    "ID Number": "1966448"
  },
  {
    "ID Number": "1956566"
  },
  {
    "ID Number": "1968190"
  },
  {
    "ID Number": "1979019"
  },
  {
    "ID Number": "1976060"
  },
  {
    "ID Number": "1973630"
  },
  {
    "ID Number": "1974858"
  },
  {
    "ID Number": "1923552"
  },
  {
    "ID Number": "1966260"
  },
  {
    "ID Number": "1983806"
  },
  {
    "ID Number": "1943782"
  },
  {
    "ID Number": "1966618"
  },
  {
    "ID Number": "1970615"
  },
  {
    "ID Number": "1959700"
  },
  {
    "ID Number": "1935186"
  },
  {
    "ID Number": "1967193"
  },
  {
    "ID Number": "1955187"
  },
  {
    "ID Number": "1942530"
  },
  {
    "ID Number": "1912186"
  },
  {
    "ID Number": "1905899"
  },
  {
    "ID Number": "1975870"
  },
  {
    "ID Number": "1909665"
  },
  {
    "ID Number": "1972120"
  },
  {
    "ID Number": "1986953"
  },
  {
    "ID Number": "1958810"
  },
  {
    "ID Number": "1948202"
  },
  {
    "ID Number": "1926772"
  },
  {
    "ID Number": "1979353"
  },
  {
    "ID Number": "1984926"
  },
  {
    "ID Number": "1946692"
  },
  {
    "ID Number": "1932306"
  },
  {
    "ID Number": "1944673"
  },
  {
    "ID Number": "1959000"
  },
  {
    "ID Number": "1935062"
  },
  {
    "ID Number": "1987534"
  },
  {
    "ID Number": "1945939"
  },
  {
    "ID Number": "1960709"
  },
  {
    "ID Number": "1983997"
  },
  {
    "ID Number": "1906445"
  },
  {
    "ID Number": "1972138"
  },
  {
    "ID Number": "1955950"
  },
  {
    "ID Number": "1927442"
  },
  {
    "ID Number": "1910507"
  },
  {
    "ID Number": "1903454"
  },
  {
    "ID Number": "1901265"
  },
  {
    "ID Number": "1950150"
  },
  {
    "ID Number": "1972219"
  },
  {
    "ID Number": "1941968"
  },
  {
    "ID Number": "1904183"
  },
  {
    "ID Number": "1986660"
  },
  {
    "ID Number": "1971379"
  },
  {
    "ID Number": "1949195"
  },
  {
    "ID Number": "1906240"
  },
  {
    "ID Number": "1933094"
  },
  {
    "ID Number": "1982907"
  },
  {
    "ID Number": "1975226"
  },
  {
    "ID Number": "1970623"
  },
  {
    "ID Number": "1971166"
  },
  {
    "ID Number": "1942344"
  },
  {
    "ID Number": "1904280"
  },
  {
    "ID Number": "1904191"
  },
  {
    "ID Number": "1951874"
  },
  {
    "ID Number": "1970305"
  },
  {
    "ID Number": "1940783"
  },
  {
    "ID Number": "1969625"
  },
  {
    "ID Number": "1946943"
  },
  {
    "ID Number": "1980378"
  },
  {
    "ID Number": "1981510"
  },
  {
    "ID Number": "1968076"
  },
  {
    "ID Number": "1900170"
  },
  {
    "ID Number": "1967290"
  },
  {
    "ID Number": "1942069"
  },
  {
    "ID Number": "1941399"
  },
  {
    "ID Number": "1941321"
  },
  {
    "ID Number": "1946960"
  },
  {
    "ID Number": "1975994"
  },
  {
    "ID Number": "1940791"
  },
  {
    "ID Number": "1935410"
  },
  {
    "ID Number": "1983393"
  },
  {
    "ID Number": "1968165"
  },
  {
    "ID Number": "651084503"
  },
  {
    "ID Number": "1971743"
  },
  {
    "ID Number": "1971000"
  },
  {
    "ID Number": "1950983"
  },
  {
    "ID Number": "1910566"
  },
  {
    "ID Number": "1963333"
  },
  {
    "ID Number": "1986112"
  },
  {
    "ID Number": "1904418"
  },
  {
    "ID Number": "1913387"
  },
  {
    "ID Number": "1937650"
  },
  {
    "ID Number": "1963503"
  },
  {
    "ID Number": "1923382"
  },
  {
    "ID Number": "1970313"
  },
  {
    "ID Number": "1937359"
  },
  {
    "ID Number": "1963740"
  },
  {
    "ID Number": "1938185"
  },
  {
    "ID Number": "651084660"
  },
  {
    "ID Number": "1920553"
  },
  {
    "ID Number": "1946986"
  },
  {
    "ID Number": "1961780"
  },
  {
    "ID Number": "1961721"
  },
  {
    "ID Number": "1968491"
  },
  {
    "ID Number": "1908766"
  },
  {
    "ID Number": "1945726"
  },
  {
    "ID Number": "1906054"
  },
  {
    "ID Number": "1901788"
  },
  {
    "ID Number": "1946056"
  },
  {
    "ID Number": "1978861"
  },
  {
    "ID Number": "1981625"
  },
  {
    "ID Number": "1975528"
  },
  {
    "ID Number": "1923935"
  },
  {
    "ID Number": "1948059"
  },
  {
    "ID Number": "1906887"
  },
  {
    "ID Number": "1903080"
  },
  {
    "ID Number": "1978977"
  },
  {
    "ID Number": "1946277"
  },
  {
    "ID Number": "1903098"
  },
  {
    "ID Number": "1913115"
  },
  {
    "ID Number": "1944436"
  },
  {
    "ID Number": "1955160"
  },
  {
    "ID Number": "1976931"
  },
  {
    "ID Number": "1904574"
  },
  {
    "ID Number": "1921444"
  },
  {
    "ID Number": "1946285"
  },
  {
    "ID Number": "1900471"
  },
  {
    "ID Number": "1904990"
  },
  {
    "ID Number": "1904663"
  },
  {
    "ID Number": "1978268"
  },
  {
    "ID Number": "1943200"
  },
  {
    "ID Number": "1947842"
  },
  {
    "ID Number": "1942921"
  },
  {
    "ID Number": "1918133"
  },
  {
    "ID Number": "1972464"
  },
  {
    "ID Number": "1915312"
  },
  {
    "ID Number": "1975676"
  },
  {
    "ID Number": "1982320"
  },
  {
    "ID Number": "2100614"
  },
  {
    "ID Number": "1957600"
  },
  {
    "ID Number": "1955284"
  },
  {
    "ID Number": "1969196"
  },
  {
    "ID Number": "1981951"
  },
  {
    "ID Number": "1959140"
  },
  {
    "ID Number": "1970283"
  },
  {
    "ID Number": "1963589"
  },
  {
    "ID Number": "1943677"
  },
  {
    "ID Number": "1985582"
  },
  {
    "ID Number": "1979531"
  },
  {
    "ID Number": "1927949"
  },
  {
    "ID Number": "1961799"
  },
  {
    "ID Number": "1989405"
  },
  {
    "ID Number": "1970100"
  },
  {
    "ID Number": "1942794"
  },
  {
    "ID Number": "1984888"
  },
  {
    "ID Number": "1907069"
  },
  {
    "ID Number": "1949209"
  },
  {
    "ID Number": "1989740"
  },
  {
    "ID Number": "1980718"
  },
  {
    "ID Number": "1973215"
  },
  {
    "ID Number": "1905694"
  },
  {
    "ID Number": "1979370"
  },
  {
    "ID Number": "1947133"
  },
  {
    "ID Number": "1972723"
  },
  {
    "ID Number": "1982737"
  },
  {
    "ID Number": "1901435"
  },
  {
    "ID Number": "1901192"
  },
  {
    "ID Number": "1968564"
  },
  {
    "ID Number": "1902857"
  },
  {
    "ID Number": "1962728"
  },
  {
    "ID Number": "1988662"
  },
  {
    "ID Number": "1988085"
  },
  {
    "ID Number": "1975218"
  },
  {
    "ID Number": "1916858"
  },
  {
    "ID Number": "1935291"
  },
  {
    "ID Number": "1942204"
  },
  {
    "ID Number": "1950738"
  },
  {
    "ID Number": "1969781"
  },
  {
    "ID Number": "1936999"
  },
  {
    "ID Number": "1953796"
  },
  {
    "ID Number": "1979108"
  },
  {
    "ID Number": "1976095"
  },
  {
    "ID Number": "1919954"
  },
  {
    "ID Number": "1950045"
  },
  {
    "ID Number": "1915932"
  },
  {
    "ID Number": "1971204"
  },
  {
    "ID Number": "1900927"
  },
  {
    "ID Number": "1942352"
  },
  {
    "ID Number": "1959522"
  },
  {
    "ID Number": "1974092"
  },
  {
    "ID Number": "1990675"
  },
  {
    "ID Number": "1938606"
  },
  {
    "ID Number": "1928147"
  },
  {
    "ID Number": "1945777"
  },
  {
    "ID Number": "1982036"
  },
  {
    "ID Number": "1946323"
  },
  {
    "ID Number": "1901451"
  },
  {
    "ID Number": "1903136"
  },
  {
    "ID Number": "1903373"
  },
  {
    "ID Number": "1983970"
  },
  {
    "ID Number": "1965395"
  },
  {
    "ID Number": "1970216"
  },
  {
    "ID Number": "1971735"
  },
  {
    "ID Number": "1961063"
  },
  {
    "ID Number": "1900838"
  },
  {
    "ID Number": "1928333"
  },
  {
    "ID Number": "1978721"
  },
  {
    "ID Number": "1962116"
  },
  {
    "ID Number": "1936166"
  },
  {
    "ID Number": "2109930"
  },
  {
    "ID Number": "1969161"
  },
  {
    "ID Number": "1901737"
  },
  {
    "ID Number": "1932110"
  },
  {
    "ID Number": "1987186"
  },
  {
    "ID Number": "1967916"
  },
  {
    "ID Number": "1904639"
  },
  {
    "ID Number": "1914790"
  },
  {
    "ID Number": "1964097"
  },
  {
    "ID Number": "1970798"
  },
  {
    "ID Number": "1941496"
  },
  {
    "ID Number": "1968300"
  },
  {
    "ID Number": "1981196"
  },
  {
    "ID Number": "1900900"
  },
  {
    "ID Number": "1956868"
  },
  {
    "ID Number": "1990845"
  },
  {
    "ID Number": "1901648"
  },
  {
    "ID Number": "1986961"
  },
  {
    "ID Number": "1970399"
  },
  {
    "ID Number": "1962701"
  },
  {
    "ID Number": "1907441"
  },
  {
    "ID Number": "1982630"
  },
  {
    "ID Number": "1984160"
  },
  {
    "ID Number": "1964275"
  },
  {
    "ID Number": "1933418"
  },
  {
    "ID Number": "1977113"
  },
  {
    "ID Number": "1950118"
  },
  {
    "ID Number": "1949381"
  },
  {
    "ID Number": "1910680"
  },
  {
    "ID Number": "13902440"
  },
  {
    "ID Number": "1969633"
  },
  {
    "ID Number": "1964887"
  },
  {
    "ID Number": "1904205"
  },
  {
    "ID Number": "1947630"
  },
  {
    "ID Number": "1946404"
  },
  {
    "ID Number": "1979027"
  },
  {
    "ID Number": "1923153"
  },
  {
    "ID Number": "1973118"
  },
  {
    "ID Number": "1981315"
  },
  {
    "ID Number": "1908278"
  },
  {
    "ID Number": "1940520"
  },
  {
    "ID Number": "1919172"
  },
  {
    "ID Number": "1981633"
  },
  {
    "ID Number": "1960628"
  },
  {
    "ID Number": "1979574"
  },
  {
    "ID Number": "1903977"
  },
  {
    "ID Number": "1909320"
  },
  {
    "ID Number": "1981641"
  },
  {
    "ID Number": "1939440"
  },
  {
    "ID Number": "1962795"
  },
  {
    "ID Number": "1978608"
  },
  {
    "ID Number": "1933000"
  },
  {
    "ID Number": "1986686"
  },
  {
    "ID Number": "1951440"
  },
  {
    "ID Number": "1954806"
  },
  {
    "ID Number": "1931890"
  },
  {
    "ID Number": "1907620"
  },
  {
    "ID Number": "1983504"
  },
  {
    "ID Number": "1990470"
  },
  {
    "ID Number": "1904868"
  },
  {
    "ID Number": "1965182"
  },
  {
    "ID Number": "1989430"
  },
  {
    "ID Number": "1965581"
  },
  {
    "ID Number": "1928660"
  },
  {
    "ID Number": "1944240"
  },
  {
    "ID Number": "1984527"
  },
  {
    "ID Number": "1988956"
  },
  {
    "ID Number": "1977105"
  },
  {
    "ID Number": "1971310"
  },
  {
    "ID Number": "1933353"
  },
  {
    "ID Number": "1967177"
  },
  {
    "ID Number": "1962922"
  },
  {
    "ID Number": "1960130"
  },
  {
    "ID Number": "1959905"
  },
  {
    "ID Number": "1900960"
  },
  {
    "ID Number": "1900030"
  },
  {
    "ID Number": "1964470"
  },
  {
    "ID Number": "1900757"
  },
  {
    "ID Number": "1915827"
  },
  {
    "ID Number": "1968912"
  },
  {
    "ID Number": "1910752"
  },
  {
    "ID Number": "1907204"
  },
  {
    "ID Number": "1937243"
  },
  {
    "ID Number": "1937251"
  },
  {
    "ID Number": "1976966"
  },
  {
    "ID Number": "1986171"
  },
  {
    "ID Number": "1923447"
  },
  {
    "ID Number": "1975579"
  },
  {
    "ID Number": "1951548"
  },
  {
    "ID Number": "1950754"
  },
  {
    "ID Number": "1972839"
  },
  {
    "ID Number": "1925334"
  },
  {
    "ID Number": "1928040"
  },
  {
    "ID Number": "1976834"
  },
  {
    "ID Number": "1905813"
  },
  {
    "ID Number": "1921827"
  },
  {
    "ID Number": "1975773"
  },
  {
    "ID Number": "1924079"
  },
  {
    "ID Number": "1989804"
  },
  {
    "ID Number": "1970151"
  },
  {
    "ID Number": "1901680"
  },
  {
    "ID Number": "1946196"
  },
  {
    "ID Number": "1976028"
  },
  {
    "ID Number": "1912348"
  },
  {
    "ID Number": "1947443"
  },
  {
    "ID Number": "1979493"
  },
  {
    "ID Number": "1923943"
  },
  {
    "ID Number": "1949845"
  },
  {
    "ID Number": "1963597"
  },
  {
    "ID Number": "1912356"
  },
  {
    "ID Number": "1987054"
  },
  {
    "ID Number": "1951602"
  },
  {
    "ID Number": "1986597"
  },
  {
    "ID Number": "1900803"
  },
  {
    "ID Number": "1928155"
  },
  {
    "ID Number": "1920910"
  },
  {
    "ID Number": "1930060"
  },
  {
    "ID Number": "1924087"
  },
  {
    "ID Number": "1945785"
  },
  {
    "ID Number": "1957430"
  },
  {
    "ID Number": "1900226"
  },
  {
    "ID Number": "1983814"
  },
  {
    "ID Number": "1950908"
  },
  {
    "ID Number": "1910795"
  },
  {
    "ID Number": "1902628"
  },
  {
    "ID Number": "1982915"
  },
  {
    "ID Number": "1920294"
  },
  {
    "ID Number": "1913611"
  },
  {
    "ID Number": "1910809"
  },
  {
    "ID Number": "1973835"
  },
  {
    "ID Number": "1933124"
  },
  {
    "ID Number": "1935976"
  },
  {
    "ID Number": "1975684"
  },
  {
    "ID Number": "1961810"
  },
  {
    "ID Number": "1941275"
  },
  {
    "ID Number": "1958020"
  },
  {
    "ID Number": "1958038"
  },
  {
    "ID Number": "1931679"
  },
  {
    "ID Number": "1976648"
  },
  {
    "ID Number": "1912399"
  },
  {
    "ID Number": "1957104"
  },
  {
    "ID Number": "2107813"
  },
  {
    "ID Number": "1957040"
  },
  {
    "ID Number": "1923307"
  },
  {
    "ID Number": "1934619"
  },
  {
    "ID Number": "1941011"
  },
  {
    "ID Number": "1987135"
  },
  {
    "ID Number": "1943600"
  },
  {
    "ID Number": "1946234"
  },
  {
    "ID Number": "1928554"
  },
  {
    "ID Number": "1921622"
  },
  {
    "ID Number": "1987445"
  },
  {
    "ID Number": "1940805"
  },
  {
    "ID Number": "1979078"
  },
  {
    "ID Number": "1946900"
  },
  {
    "ID Number": "1945890"
  },
  {
    "ID Number": "1977628"
  },
  {
    "ID Number": "1900510"
  },
  {
    "ID Number": "1950193"
  },
  {
    "ID Number": "1986767"
  },
  {
    "ID Number": "4139500"
  },
  {
    "ID Number": "1953273"
  },
  {
    "ID Number": "1903578"
  },
  {
    "ID Number": "1906453"
  },
  {
    "ID Number": "1942018"
  },
  {
    "ID Number": "1950363"
  },
  {
    "ID Number": "1989073"
  },
  {
    "ID Number": "1970500"
  },
  {
    "ID Number": "1946021"
  },
  {
    "ID Number": "1907174"
  },
  {
    "ID Number": "1988115"
  },
  {
    "ID Number": "1969439"
  },
  {
    "ID Number": "1925300"
  },
  {
    "ID Number": "1979337"
  },
  {
    "ID Number": "1958780"
  },
  {
    "ID Number": "1982150"
  },
  {
    "ID Number": "1987526"
  },
  {
    "ID Number": "1971948"
  },
  {
    "ID Number": "1974190"
  },
  {
    "ID Number": "1902148"
  },
  {
    "ID Number": "1977121"
  },
  {
    "ID Number": "1968645"
  },
  {
    "ID Number": "1946439"
  },
  {
    "ID Number": "1979116"
  },
  {
    "ID Number": "1936190"
  },
  {
    "ID Number": "1964038"
  },
  {
    "ID Number": "1980386"
  },
  {
    "ID Number": "1990314"
  },
  {
    "ID Number": "1941615"
  },
  {
    "ID Number": "1955004"
  },
  {
    "ID Number": "1970801"
  },
  {
    "ID Number": "1963309"
  },
  {
    "ID Number": "1961578"
  },
  {
    "ID Number": "1974459"
  },
  {
    "ID Number": "1904680"
  },
  {
    "ID Number": "1976389"
  },
  {
    "ID Number": "1912968"
  },
  {
    "ID Number": "1974670"
  },
  {
    "ID Number": "1903659"
  },
  {
    "ID Number": "1963880"
  },
  {
    "ID Number": "1900889"
  },
  {
    "ID Number": "1981021"
  },
  {
    "ID Number": "1914138"
  },
  {
    "ID Number": "1900277"
  },
  {
    "ID Number": "1960652"
  },
  {
    "ID Number": "1900021"
  },
  {
    "ID Number": "1935160"
  },
  {
    "ID Number": "1982338"
  },
  {
    "ID Number": "1988344"
  },
  {
    "ID Number": "1935208"
  },
  {
    "ID Number": "1946994"
  },
  {
    "ID Number": "1935119"
  },
  {
    "ID Number": "1903799"
  },
  {
    "ID Number": "1971425"
  },
  {
    "ID Number": "1964909"
  },
  {
    "ID Number": "1966871"
  },
  {
    "ID Number": "1981404"
  },
  {
    "ID Number": "1968599"
  },
  {
    "ID Number": "1926624"
  },
  {
    "ID Number": "1965360"
  },
  {
    "ID Number": "1960547"
  },
  {
    "ID Number": "1920456"
  },
  {
    "ID Number": "1987097"
  },
  {
    "ID Number": "1984500"
  },
  {
    "ID Number": "1910841"
  },
  {
    "ID Number": "1982796"
  },
  {
    "ID Number": "1943464"
  },
  {
    "ID Number": "1923811"
  },
  {
    "ID Number": "1947150"
  },
  {
    "ID Number": "1961713"
  },
  {
    "ID Number": "1963244"
  },
  {
    "ID Number": "1904426"
  },
  {
    "ID Number": "1941305"
  },
  {
    "ID Number": "1920928"
  },
  {
    "ID Number": "1935445"
  },
  {
    "ID Number": "1943219"
  },
  {
    "ID Number": "1972642"
  },
  {
    "ID Number": "1952218"
  },
  {
    "ID Number": "1961241"
  },
  {
    "ID Number": "1941437"
  },
  {
    "ID Number": "1907000"
  },
  {
    "ID Number": "1900110"
  },
  {
    "ID Number": "1903144"
  },
  {
    "ID Number": "1975919"
  },
  {
    "ID Number": "1981471"
  },
  {
    "ID Number": "1951424"
  },
  {
    "ID Number": "1925377"
  },
  {
    "ID Number": "1922262"
  },
  {
    "ID Number": "1904000"
  },
  {
    "ID Number": "1964046"
  },
  {
    "ID Number": "1968750"
  },
  {
    "ID Number": "1987828"
  },
  {
    "ID Number": "1946030"
  },
  {
    "ID Number": "1982346"
  },
  {
    "ID Number": "1957481"
  },
  {
    "ID Number": "1973819"
  },
  {
    "ID Number": "1988654"
  },
  {
    "ID Number": "1974238"
  },
  {
    "ID Number": "1915940"
  },
  {
    "ID Number": "1982524"
  },
  {
    "ID Number": "1936034"
  },
  {
    "ID Number": "1975331"
  },
  {
    "ID Number": "1975463"
  },
  {
    "ID Number": "1910868"
  },
  {
    "ID Number": "1943472"
  },
  {
    "ID Number": "1910850"
  },
  {
    "ID Number": "1980858"
  },
  {
    "ID Number": "1956922"
  },
  {
    "ID Number": "1925385"
  },
  {
    "ID Number": "1925393"
  },
  {
    "ID Number": "1912674"
  },
  {
    "ID Number": "1952137"
  },
  {
    "ID Number": "1951610"
  },
  {
    "ID Number": "1951513"
  },
  {
    "ID Number": "1916017"
  },
  {
    "ID Number": "1900820"
  },
  {
    "ID Number": "1924540"
  },
  {
    "ID Number": "1964100"
  },
  {
    "ID Number": "1974696"
  },
  {
    "ID Number": "1969897"
  },
  {
    "ID Number": "1982354"
  },
  {
    "ID Number": "1965107"
  },
  {
    "ID Number": "1906194"
  },
  {
    "ID Number": "1917900"
  },
  {
    "ID Number": "1912402"
  },
  {
    "ID Number": "1904698"
  },
  {
    "ID Number": "1965255"
  },
  {
    "ID Number": "1945122"
  },
  {
    "ID Number": "1976451"
  },
  {
    "ID Number": "1902865"
  },
  {
    "ID Number": "1908790"
  },
  {
    "ID Number": "1933620"
  },
  {
    "ID Number": "1934279"
  },
  {
    "ID Number": "1920073"
  },
  {
    "ID Number": "1905473"
  },
  {
    "ID Number": "1903004"
  },
  {
    "ID Number": "1904434"
  },
  {
    "ID Number": "1980971"
  },
  {
    "ID Number": "1903489"
  },
  {
    "ID Number": "1939645"
  },
  {
    "ID Number": "1902601"
  },
  {
    "ID Number": "1969463"
  },
  {
    "ID Number": "1953818"
  },
  {
    "ID Number": "1979760"
  },
  {
    "ID Number": "1953826"
  },
  {
    "ID Number": "1973576"
  },
  {
    "ID Number": "1948113"
  },
  {
    "ID Number": "1948121"
  },
  {
    "ID Number": "1951769"
  },
  {
    "ID Number": "1908634"
  },
  {
    "ID Number": "1954130"
  },
  {
    "ID Number": "1964356"
  },
  {
    "ID Number": "1981897"
  },
  {
    "ID Number": "1925970"
  },
  {
    "ID Number": "1932152"
  },
  {
    "ID Number": "1925946"
  },
  {
    "ID Number": "1910914"
  },
  {
    "ID Number": "1955624"
  },
  {
    "ID Number": "1957767"
  },
  {
    "ID Number": "1903551"
  },
  {
    "ID Number": "1964739"
  },
  {
    "ID Number": "1929682"
  },
  {
    "ID Number": "1963988"
  },
  {
    "ID Number": "1961659"
  },
  {
    "ID Number": "1980645"
  },
  {
    "ID Number": "1941810"
  },
  {
    "ID Number": "1942026"
  },
  {
    "ID Number": "45107505"
  },
  {
    "ID Number": "1938444"
  },
  {
    "ID Number": "1966510"
  },
  {
    "ID Number": "1971956"
  },
  {
    "ID Number": "1961411"
  },
  {
    "ID Number": "1982800"
  },
  {
    "ID Number": "1982885"
  },
  {
    "ID Number": "1971441"
  },
  {
    "ID Number": "1942654"
  },
  {
    "ID Number": "1969641"
  },
  {
    "ID Number": "1982990"
  },
  {
    "ID Number": "1962361"
  },
  {
    "ID Number": "1958640"
  },
  {
    "ID Number": "1926420"
  },
  {
    "ID Number": "1973991"
  },
  {
    "ID Number": "1900080"
  },
  {
    "ID Number": "1967410"
  },
  {
    "ID Number": "1967428"
  },
  {
    "ID Number": "1961217"
  },
  {
    "ID Number": "1970526"
  },
  {
    "ID Number": "1966898"
  },
  {
    "ID Number": "1972774"
  },
  {
    "ID Number": "1901990"
  },
  {
    "ID Number": "1903241"
  },
  {
    "ID Number": "1984101"
  },
  {
    "ID Number": "1901923"
  },
  {
    "ID Number": "1910949"
  },
  {
    "ID Number": "1970119"
  },
  {
    "ID Number": "1919148"
  },
  {
    "ID Number": "1900072"
  },
  {
    "ID Number": "1917765"
  },
  {
    "ID Number": "1946617"
  },
  {
    "ID Number": "1901214"
  },
  {
    "ID Number": "1926659"
  },
  {
    "ID Number": "1973240"
  },
  {
    "ID Number": "1961160"
  },
  {
    "ID Number": "1976826"
  },
  {
    "ID Number": "1987348"
  },
  {
    "ID Number": "1955683"
  },
  {
    "ID Number": "1963031"
  },
  {
    "ID Number": "1977865"
  },
  {
    "ID Number": "1981803"
  },
  {
    "ID Number": "1901931"
  },
  {
    "ID Number": "1985809"
  },
  {
    "ID Number": "1936417"
  },
  {
    "ID Number": "1907913"
  },
  {
    "ID Number": "1971018"
  },
  {
    "ID Number": "1949667"
  },
  {
    "ID Number": "1955829"
  },
  {
    "ID Number": "1964917"
  },
  {
    "ID Number": "1905210"
  },
  {
    "ID Number": "1982044"
  },
  {
    "ID Number": "1982206"
  },
  {
    "ID Number": "1982478"
  },
  {
    "ID Number": "1947990"
  },
  {
    "ID Number": "1959603"
  },
  {
    "ID Number": "1909061"
  },
  {
    "ID Number": "1928414"
  },
  {
    "ID Number": "1909193"
  },
  {
    "ID Number": "1936433"
  },
  {
    "ID Number": "1938762"
  },
  {
    "ID Number": "1908154"
  },
  {
    "ID Number": "1951092"
  },
  {
    "ID Number": "1985833"
  },
  {
    "ID Number": "1976893"
  },
  {
    "ID Number": "1904442"
  },
  {
    "ID Number": "1945351"
  },
  {
    "ID Number": "1988999"
  },
  {
    "ID Number": "1938770"
  },
  {
    "ID Number": "1965212"
  },
  {
    "ID Number": "1900897"
  },
  {
    "ID Number": "1953397"
  },
  {
    "ID Number": "1901710"
  },
  {
    "ID Number": "1929119"
  },
  {
    "ID Number": "1958607"
  },
  {
    "ID Number": "1981528"
  },
  {
    "ID Number": "1909371"
  },
  {
    "ID Number": "1936204"
  },
  {
    "ID Number": "1963732"
  },
  {
    "ID Number": "1966979"
  },
  {
    "ID Number": "1970895"
  },
  {
    "ID Number": "1976664"
  },
  {
    "ID Number": "1967258"
  },
  {
    "ID Number": "1963040"
  },
  {
    "ID Number": "1972529"
  },
  {
    "ID Number": "1912879"
  },
  {
    "ID Number": "1951947"
  },
  {
    "ID Number": "1962540"
  },
  {
    "ID Number": "1976842"
  },
  {
    "ID Number": "1982362"
  },
  {
    "ID Number": "1988263"
  },
  {
    "ID Number": "1945610"
  },
  {
    "ID Number": "1935968"
  },
  {
    "ID Number": "1980505"
  },
  {
    "ID Number": "1950274"
  },
  {
    "ID Number": "1941631"
  },
  {
    "ID Number": "1928708"
  },
  {
    "ID Number": "1900285"
  },
  {
    "ID Number": "1947800"
  },
  {
    "ID Number": "1945360"
  },
  {
    "ID Number": "1979035"
  },
  {
    "ID Number": "1906208"
  },
  {
    "ID Number": "1971239"
  },
  {
    "ID Number": "1933795"
  },
  {
    "ID Number": "1961691"
  },
  {
    "ID Number": "1945130"
  },
  {
    "ID Number": "1948342"
  },
  {
    "ID Number": "1979957"
  },
  {
    "ID Number": "1983938"
  },
  {
    "ID Number": "1912950"
  },
  {
    "ID Number": "1920359"
  },
  {
    "ID Number": "1921657"
  },
  {
    "ID Number": "1904345"
  },
  {
    "ID Number": "1972847"
  },
  {
    "ID Number": "1939742"
  },
  {
    "ID Number": "1931539"
  },
  {
    "ID Number": "1967339"
  },
  {
    "ID Number": "1929720"
  },
  {
    "ID Number": "1988123"
  },
  {
    "ID Number": "1951890"
  },
  {
    "ID Number": "1904027"
  },
  {
    "ID Number": "1941500"
  },
  {
    "ID Number": "1901095"
  },
  {
    "ID Number": "1971212"
  },
  {
    "ID Number": "1954903"
  },
  {
    "ID Number": "1905953"
  },
  {
    "ID Number": "1945149"
  },
  {
    "ID Number": "1982370"
  },
  {
    "ID Number": "1903012"
  },
  {
    "ID Number": "1902105"
  },
  {
    "ID Number": "1905821"
  },
  {
    "ID Number": "1946781"
  },
  {
    "ID Number": "1903020"
  },
  {
    "ID Number": "1901508"
  },
  {
    "ID Number": "1942549"
  },
  {
    "ID Number": "1977849"
  },
  {
    "ID Number": "1986740"
  },
  {
    "ID Number": "1900137"
  },
  {
    "ID Number": "1916963"
  },
  {
    "ID Number": "1913212"
  },
  {
    "ID Number": "1953109"
  },
  {
    "ID Number": "1958844"
  },
  {
    "ID Number": "1901486"
  },
  {
    "ID Number": "1963252"
  },
  {
    "ID Number": "1978276"
  },
  {
    "ID Number": "1902180"
  },
  {
    "ID Number": "1974009"
  },
  {
    "ID Number": "1961110"
  },
  {
    "ID Number": "1973010"
  },
  {
    "ID Number": "1902229"
  },
  {
    "ID Number": "1980025"
  },
  {
    "ID Number": "1986830"
  },
  {
    "ID Number": "1981536"
  },
  {
    "ID Number": "1902245"
  },
  {
    "ID Number": "1901168"
  },
  {
    "ID Number": "1945904"
  },
  {
    "ID Number": "1964402"
  },
  {
    "ID Number": "1919733"
  },
  {
    "ID Number": "1945068"
  },
  {
    "ID Number": "1916971"
  },
  {
    "ID Number": "1973380"
  },
  {
    "ID Number": "1955292"
  },
  {
    "ID Number": "1962744"
  },
  {
    "ID Number": "1941089"
  },
  {
    "ID Number": "1985434"
  },
  {
    "ID Number": "1938614"
  },
  {
    "ID Number": "1971514"
  },
  {
    "ID Number": "1935631"
  },
  {
    "ID Number": "1978675"
  },
  {
    "ID Number": "1940570"
  },
  {
    "ID Number": "1980513"
  },
  {
    "ID Number": "1947010"
  },
  {
    "ID Number": "1949314"
  },
  {
    "ID Number": "1977075"
  },
  {
    "ID Number": "1969455"
  },
  {
    "ID Number": "1907930"
  },
  {
    "ID Number": "1966138"
  },
  {
    "ID Number": "1959654"
  },
  {
    "ID Number": "1942077"
  },
  {
    "ID Number": "1981366"
  },
  {
    "ID Number": "1956108"
  },
  {
    "ID Number": "1960008"
  },
  {
    "ID Number": "1942450"
  },
  {
    "ID Number": "1968696"
  },
  {
    "ID Number": "1955306"
  },
  {
    "ID Number": "1955314"
  },
  {
    "ID Number": "1923161"
  },
  {
    "ID Number": "1984373"
  },
  {
    "ID Number": "1945629"
  },
  {
    "ID Number": "1961020"
  },
  {
    "ID Number": "1941461"
  },
  {
    "ID Number": "1957112"
  },
  {
    "ID Number": "1945300"
  },
  {
    "ID Number": "1913085"
  },
  {
    "ID Number": "1986082"
  },
  {
    "ID Number": "1976249"
  },
  {
    "ID Number": "1978365"
  },
  {
    "ID Number": "1980726"
  },
  {
    "ID Number": "1982397"
  },
  {
    "ID Number": "1978535"
  },
  {
    "ID Number": "1980351"
  },
  {
    "ID Number": "1976770"
  },
  {
    "ID Number": "1973258"
  },
  {
    "ID Number": "1979140"
  },
  {
    "ID Number": "1975137"
  },
  {
    "ID Number": "1968467"
  },
  {
    "ID Number": "1987763"
  },
  {
    "ID Number": "1987283"
  },
  {
    "ID Number": "1946714"
  },
  {
    "ID Number": "1973738"
  },
  {
    "ID Number": "1946722"
  },
  {
    "ID Number": "1946730"
  },
  {
    "ID Number": "1986724"
  },
  {
    "ID Number": "1989901"
  },
  {
    "ID Number": "1928988"
  },
  {
    "ID Number": "1919741"
  },
  {
    "ID Number": "1972057"
  },
  {
    "ID Number": "1966995"
  },
  {
    "ID Number": "1987844"
  },
  {
    "ID Number": "1936450"
  },
  {
    "ID Number": "1970224"
  },
  {
    "ID Number": "1925873"
  },
  {
    "ID Number": "1908367"
  },
  {
    "ID Number": "1957376"
  },
  {
    "ID Number": "1977644"
  },
  {
    "ID Number": "1965565"
  },
  {
    "ID Number": "1976117"
  },
  {
    "ID Number": "1954393"
  },
  {
    "ID Number": "1943383"
  },
  {
    "ID Number": "1925563"
  },
  {
    "ID Number": "1978250"
  },
  {
    "ID Number": "1901222"
  },
  {
    "ID Number": "1979400"
  },
  {
    "ID Number": "1939840"
  },
  {
    "ID Number": "1981838"
  },
  {
    "ID Number": "1904035"
  },
  {
    "ID Number": "1979884"
  },
  {
    "ID Number": "1901427"
  },
  {
    "ID Number": "1968637"
  },
  {
    "ID Number": "1905244"
  },
  {
    "ID Number": "1964569"
  },
  {
    "ID Number": "1900234"
  },
  {
    "ID Number": "1978934"
  },
  {
    "ID Number": "1987615"
  },
  {
    "ID Number": "1945769"
  },
  {
    "ID Number": "1943316"
  },
  {
    "ID Number": "1927280"
  },
  {
    "ID Number": "1915380"
  },
  {
    "ID Number": "1966421"
  },
  {
    "ID Number": "1976850"
  },
  {
    "ID Number": "1968807"
  },
  {
    "ID Number": "1950479"
  },
  {
    "ID Number": "1980521"
  },
  {
    "ID Number": "1900935"
  },
  {
    "ID Number": "1927299"
  },
  {
    "ID Number": "1923587"
  },
  {
    "ID Number": "1983709"
  },
  {
    "ID Number": "1934902"
  },
  {
    "ID Number": "1940082"
  },
  {
    "ID Number": "1949756"
  },
  {
    "ID Number": "1937146"
  },
  {
    "ID Number": "1939033"
  },
  {
    "ID Number": "1901060"
  },
  {
    "ID Number": "1974114"
  },
  {
    "ID Number": "1940872"
  },
  {
    "ID Number": "1945203"
  },
  {
    "ID Number": "1936069"
  },
  {
    "ID Number": "1907387"
  },
  {
    "ID Number": "1964780"
  },
  {
    "ID Number": "1936220"
  },
  {
    "ID Number": "1986473"
  },
  {
    "ID Number": "1964259"
  },
  {
    "ID Number": "1988590"
  },
  {
    "ID Number": "1902210"
  },
  {
    "ID Number": "1948806"
  },
  {
    "ID Number": "1902008"
  },
  {
    "ID Number": "1923978"
  },
  {
    "ID Number": "1914839"
  },
  {
    "ID Number": "1906720"
  },
  {
    "ID Number": "1967185"
  },
  {
    "ID Number": "1990764"
  },
  {
    "ID Number": "1925318"
  },
  {
    "ID Number": "1923170"
  },
  {
    "ID Number": "1983555"
  },
  {
    "ID Number": "1919032"
  },
  {
    "ID Number": "1952269"
  },
  {
    "ID Number": "1911066"
  },
  {
    "ID Number": "1916289"
  },
  {
    "ID Number": "1952951"
  },
  {
    "ID Number": "1958194"
  },
  {
    "ID Number": "1977318"
  },
  {
    "ID Number": "1964143"
  },
  {
    "ID Number": "1960326"
  },
  {
    "ID Number": "1972065"
  },
  {
    "ID Number": "1968505"
  },
  {
    "ID Number": "1962647"
  },
  {
    "ID Number": "1968947"
  },
  {
    "ID Number": "1975803"
  },
  {
    "ID Number": "1964712"
  },
  {
    "ID Number": "1961942"
  },
  {
    "ID Number": "1936239"
  },
  {
    "ID Number": "1962329"
  },
  {
    "ID Number": "1964968"
  },
  {
    "ID Number": "1951360"
  },
  {
    "ID Number": "1960717"
  },
  {
    "ID Number": "1971999"
  },
  {
    "ID Number": "1932187"
  },
  {
    "ID Number": "1941658"
  },
  {
    "ID Number": "1984292"
  },
  {
    "ID Number": "1948601"
  },
  {
    "ID Number": "1904825"
  },
  {
    "ID Number": "1961039"
  },
  {
    "ID Number": "1978004"
  },
  {
    "ID Number": "1988301"
  },
  {
    "ID Number": "1922963"
  },
  {
    "ID Number": "1911074"
  },
  {
    "ID Number": "1925466"
  },
  {
    "ID Number": "1933183"
  },
  {
    "ID Number": "1964640"
  },
  {
    "ID Number": "1952650"
  },
  {
    "ID Number": "1953699"
  },
  {
    "ID Number": "1967347"
  },
  {
    "ID Number": "1946838"
  },
  {
    "ID Number": "1935305"
  },
  {
    "ID Number": "1988093"
  },
  {
    "ID Number": "1957295"
  },
  {
    "ID Number": "1943081"
  },
  {
    "ID Number": "1980866"
  },
  {
    "ID Number": "1980874"
  },
  {
    "ID Number": "1906917"
  },
  {
    "ID Number": "1981684"
  },
  {
    "ID Number": "1957449"
  },
  {
    "ID Number": "1979922"
  },
  {
    "ID Number": "1942522"
  },
  {
    "ID Number": "1915835"
  },
  {
    "ID Number": "1988255"
  },
  {
    "ID Number": "1902342"
  },
  {
    "ID Number": "1912933"
  },
  {
    "ID Number": "1954202"
  },
  {
    "ID Number": "1973223"
  },
  {
    "ID Number": "1968785"
  },
  {
    "ID Number": "1943723"
  },
  {
    "ID Number": "1966499"
  },
  {
    "ID Number": "1970593"
  },
  {
    "ID Number": "1959964"
  },
  {
    "ID Number": "1965891"
  },
  {
    "ID Number": "1920227"
  },
  {
    "ID Number": "1942034"
  },
  {
    "ID Number": "1959883"
  },
  {
    "ID Number": "1987887"
  },
  {
    "ID Number": "1944096"
  },
  {
    "ID Number": "1911104"
  },
  {
    "ID Number": "1982001"
  },
  {
    "ID Number": "1914227"
  },
  {
    "ID Number": "1905287"
  },
  {
    "ID Number": "1976125"
  },
  {
    "ID Number": "1983849"
  },
  {
    "ID Number": "1960016"
  },
  {
    "ID Number": "1966642"
  },
  {
    "ID Number": "1967479"
  },
  {
    "ID Number": "1912682"
  },
  {
    "ID Number": "1984578"
  },
  {
    "ID Number": "1976036"
  },
  {
    "ID Number": "1947184"
  },
  {
    "ID Number": "1972561"
  },
  {
    "ID Number": "1958321"
  },
  {
    "ID Number": "1990756"
  },
  {
    "ID Number": "1905856"
  },
  {
    "ID Number": "1953877"
  },
  {
    "ID Number": "1964011"
  },
  {
    "ID Number": "1960334"
  },
  {
    "ID Number": "1976044"
  },
  {
    "ID Number": "1984977"
  },
  {
    "ID Number": "1971107"
  },
  {
    "ID Number": "1948628"
  },
  {
    "ID Number": "1905295"
  },
  {
    "ID Number": "1967932"
  },
  {
    "ID Number": "1990772"
  },
  {
    "ID Number": "1980092"
  },
  {
    "ID Number": "1979930"
  },
  {
    "ID Number": "1905864"
  },
  {
    "ID Number": "1950932"
  },
  {
    "ID Number": "1968408"
  },
  {
    "ID Number": "1917730"
  },
  {
    "ID Number": "1930540"
  },
  {
    "ID Number": "1952285"
  },
  {
    "ID Number": "1964844"
  },
  {
    "ID Number": "1948245"
  },
  {
    "ID Number": "1941291"
  },
  {
    "ID Number": "1905147"
  },
  {
    "ID Number": "1934627"
  },
  {
    "ID Number": "1977083"
  },
  {
    "ID Number": "1947192"
  },
  {
    "ID Number": "1931377"
  },
  {
    "ID Number": "1984632"
  },
  {
    "ID Number": "1946242"
  },
  {
    "ID Number": "1949438"
  },
  {
    "ID Number": "1903390"
  },
  {
    "ID Number": "1948636"
  },
  {
    "ID Number": "1968629"
  },
  {
    "ID Number": "1920669"
  },
  {
    "ID Number": "1948784"
  },
  {
    "ID Number": "1951394"
  },
  {
    "ID Number": "1947281"
  },
  {
    "ID Number": "1907034"
  },
  {
    "ID Number": "1987976"
  },
  {
    "ID Number": "1924281"
  },
  {
    "ID Number": "1930079"
  },
  {
    "ID Number": "1942255"
  },
  {
    "ID Number": "1906216"
  },
  {
    "ID Number": "1950495"
  },
  {
    "ID Number": "1910248"
  },
  {
    "ID Number": "1963791"
  },
  {
    "ID Number": "1909991"
  },
  {
    "ID Number": "1926934"
  },
  {
    "ID Number": "1947389"
  },
  {
    "ID Number": "1988557"
  },
  {
    "ID Number": "1925997"
  },
  {
    "ID Number": "1935801"
  },
  {
    "ID Number": "1986775"
  },
  {
    "ID Number": "1986279"
  },
  {
    "ID Number": "1923994"
  },
  {
    "ID Number": "1912984"
  },
  {
    "ID Number": "1967274"
  },
  {
    "ID Number": "1983148"
  },
  {
    "ID Number": "1985183"
  },
  {
    "ID Number": "1946005"
  },
  {
    "ID Number": "1990420"
  },
  {
    "ID Number": "1936247"
  },
  {
    "ID Number": "1966693"
  },
  {
    "ID Number": "1987984"
  },
  {
    "ID Number": "1978705"
  },
  {
    "ID Number": "1945238"
  },
  {
    "ID Number": "1917021"
  },
  {
    "ID Number": "1984985"
  },
  {
    "ID Number": "1955977"
  },
  {
    "ID Number": "1974955"
  },
  {
    "ID Number": "1911147"
  },
  {
    "ID Number": "1904353"
  },
  {
    "ID Number": "1987194"
  },
  {
    "ID Number": "1952684"
  },
  {
    "ID Number": "1905902"
  },
  {
    "ID Number": "1990683"
  },
  {
    "ID Number": "1952986"
  },
  {
    "ID Number": "1945661"
  },
  {
    "ID Number": "1976133"
  },
  {
    "ID Number": "1961969"
  },
  {
    "ID Number": "1904906"
  },
  {
    "ID Number": "1959034"
  },
  {
    "ID Number": "1905538"
  },
  {
    "ID Number": "1938088"
  },
  {
    "ID Number": "1935259"
  },
  {
    "ID Number": "1933280"
  },
  {
    "ID Number": "1932241"
  },
  {
    "ID Number": "1942743"
  },
  {
    "ID Number": "1965760"
  },
  {
    "ID Number": "1956230"
  },
  {
    "ID Number": "1981846"
  },
  {
    "ID Number": "1969935"
  },
  {
    "ID Number": "1967720"
  },
  {
    "ID Number": "1988670"
  },
  {
    "ID Number": "1980734"
  },
  {
    "ID Number": "1945378"
  },
  {
    "ID Number": "1957287"
  },
  {
    "ID Number": "1939564"
  },
  {
    "ID Number": "1961373"
  },
  {
    "ID Number": "1952862"
  },
  {
    "ID Number": "1905961"
  },
  {
    "ID Number": "1977504"
  },
  {
    "ID Number": "1911171"
  },
  {
    "ID Number": "1988107"
  },
  {
    "ID Number": "1911180"
  },
  {
    "ID Number": "1906984"
  },
  {
    "ID Number": "1937480"
  },
  {
    "ID Number": "1906470"
  },
  {
    "ID Number": "1959468"
  },
  {
    "ID Number": "1950371"
  },
  {
    "ID Number": "1978543"
  },
  {
    "ID Number": "1976559"
  },
  {
    "ID Number": "1968394"
  },
  {
    "ID Number": "1977652"
  },
  {
    "ID Number": "1951319"
  },
  {
    "ID Number": "1935453"
  },
  {
    "ID Number": "1901699"
  },
  {
    "ID Number": "1927477"
  },
  {
    "ID Number": "1913239"
  },
  {
    "ID Number": "1930524"
  },
  {
    "ID Number": "1947770"
  },
  {
    "ID Number": "1971590"
  },
  {
    "ID Number": "1970720"
  },
  {
    "ID Number": "1925598"
  },
  {
    "ID Number": "1954296"
  },
  {
    "ID Number": "1949900"
  },
  {
    "ID Number": "1974262"
  },
  {
    "ID Number": "1925920"
  },
  {
    "ID Number": "1925938"
  },
  {
    "ID Number": "1927400"
  },
  {
    "ID Number": "1955098"
  },
  {
    "ID Number": "1912577"
  },
  {
    "ID Number": "1908049"
  },
  {
    "ID Number": "1901753"
  },
  {
    "ID Number": "1963899"
  },
  {
    "ID Number": "1976087"
  },
  {
    "ID Number": "1943995"
  },
  {
    "ID Number": "1917480"
  },
  {
    "ID Number": "1969099"
  },
  {
    "ID Number": "1938860"
  },
  {
    "ID Number": "1979949"
  },
  {
    "ID Number": "1977350"
  },
  {
    "ID Number": "1980246"
  },
  {
    "ID Number": "1971522"
  },
  {
    "ID Number": "1989537"
  },
  {
    "ID Number": "1919784"
  },
  {
    "ID Number": "1906461"
  },
  {
    "ID Number": "1903403"
  },
  {
    "ID Number": "1970038"
  },
  {
    "ID Number": "1924567"
  },
  {
    "ID Number": "1951815"
  },
  {
    "ID Number": "1960660"
  },
  {
    "ID Number": "1920855"
  },
  {
    "ID Number": "1974483"
  },
  {
    "ID Number": "1980548"
  },
  {
    "ID Number": "1969218"
  },
  {
    "ID Number": "1979647"
  },
  {
    "ID Number": "1932853"
  },
  {
    "ID Number": "1980912"
  },
  {
    "ID Number": "1981200"
  },
  {
    "ID Number": "1956736"
  },
  {
    "ID Number": "1956744"
  },
  {
    "ID Number": "1973657"
  },
  {
    "ID Number": "1923463"
  },
  {
    "ID Number": "1902482"
  },
  {
    "ID Number": "1948741"
  },
  {
    "ID Number": "1922998"
  },
  {
    "ID Number": "1950614"
  },
  {
    "ID Number": "1985949"
  },
  {
    "ID Number": "1925903"
  },
  {
    "ID Number": "1904361"
  },
  {
    "ID Number": "1963295"
  },
  {
    "ID Number": "1979620"
  },
  {
    "ID Number": "1908057"
  },
  {
    "ID Number": "1953702"
  },
  {
    "ID Number": "1933191"
  },
  {
    "ID Number": "1907948"
  },
  {
    "ID Number": "1956477"
  },
  {
    "ID Number": "1942999"
  },
  {
    "ID Number": "1990187"
  },
  {
    "ID Number": "1909860"
  },
  {
    "ID Number": "1959670"
  },
  {
    "ID Number": "1979639"
  },
  {
    "ID Number": "1930800"
  },
  {
    "ID Number": "1970020"
  },
  {
    "ID Number": "1939050"
  },
  {
    "ID Number": "1964666"
  },
  {
    "ID Number": "1959506"
  },
  {
    "ID Number": "1960687"
  },
  {
    "ID Number": "1904728"
  },
  {
    "ID Number": "1900552"
  },
  {
    "ID Number": "1978144"
  },
  {
    "ID Number": "1956990"
  },
  {
    "ID Number": "1923412"
  },
  {
    "ID Number": "1972022"
  },
  {
    "ID Number": "1949764"
  },
  {
    "ID Number": "1903039"
  },
  {
    "ID Number": "1905970"
  },
  {
    "ID Number": "1934643"
  },
  {
    "ID Number": "1982567"
  },
  {
    "ID Number": "1939351"
  },
  {
    "ID Number": "1967622"
  },
  {
    "ID Number": "1963201"
  },
  {
    "ID Number": "1983008"
  },
  {
    "ID Number": "1986228"
  },
  {
    "ID Number": "1903160"
  },
  {
    "ID Number": "1946668"
  },
  {
    "ID Number": "1982605"
  },
  {
    "ID Number": "1976478"
  },
  {
    "ID Number": "1969030"
  },
  {
    "ID Number": "1907956"
  },
  {
    "ID Number": "1960407"
  },
  {
    "ID Number": "1963430"
  },
  {
    "ID Number": "1963465"
  },
  {
    "ID Number": "1972308"
  },
  {
    "ID Number": "1903861"
  },
  {
    "ID Number": "1978756"
  },
  {
    "ID Number": "1904744"
  },
  {
    "ID Number": "1963228"
  },
  {
    "ID Number": "1989057"
  },
  {
    "ID Number": "1904043"
  },
  {
    "ID Number": "1990276"
  },
  {
    "ID Number": "1902393"
  },
  {
    "ID Number": "1937006"
  },
  {
    "ID Number": "1964267"
  },
  {
    "ID Number": "1949691"
  },
  {
    "ID Number": "864633"
  },
  {
    "ID Number": "1970445"
  },
  {
    "ID Number": "1900315"
  },
  {
    "ID Number": "1919865"
  },
  {
    "ID Number": "1981447"
  },
  {
    "ID Number": "1979418"
  },
  {
    "ID Number": "1946854"
  },
  {
    "ID Number": "1900692"
  },
  {
    "ID Number": "1911260"
  },
  {
    "ID Number": "1980238"
  },
  {
    "ID Number": "1905554"
  },
  {
    "ID Number": "1980050"
  },
  {
    "ID Number": "1963864"
  },
  {
    "ID Number": "1972383"
  },
  {
    "ID Number": "1940406"
  },
  {
    "ID Number": "1915487"
  },
  {
    "ID Number": "1920693"
  },
  {
    "ID Number": "1947745"
  },
  {
    "ID Number": "1978098"
  },
  {
    "ID Number": "1901478"
  },
  {
    "ID Number": "1975730"
  },
  {
    "ID Number": "1966758"
  },
  {
    "ID Number": "1917080"
  },
  {
    "ID Number": "1904450"
  },
  {
    "ID Number": "1902024"
  },
  {
    "ID Number": "1949071"
  },
  {
    "ID Number": "1908111"
  },
  {
    "ID Number": "1908162"
  },
  {
    "ID Number": "1988891"
  },
  {
    "ID Number": "1967886"
  },
  {
    "ID Number": "1934996"
  },
  {
    "ID Number": "1922122"
  },
  {
    "ID Number": "1974998"
  },
  {
    "ID Number": "1975986"
  },
  {
    "ID Number": "1959271"
  },
  {
    "ID Number": "1936514"
  },
  {
    "ID Number": "1978080"
  },
  {
    "ID Number": "1985701"
  },
  {
    "ID Number": "1963600"
  },
  {
    "ID Number": "1927167"
  },
  {
    "ID Number": "1963066"
  },
  {
    "ID Number": "1931318"
  },
  {
    "ID Number": "1975048"
  },
  {
    "ID Number": "1949128"
  },
  {
    "ID Number": "1972790"
  },
  {
    "ID Number": "1957899"
  },
  {
    "ID Number": "1943235"
  },
  {
    "ID Number": "1935810"
  },
  {
    "ID Number": "1971247"
  },
  {
    "ID Number": "1938649"
  },
  {
    "ID Number": "1935992"
  },
  {
    "ID Number": "1949802"
  },
  {
    "ID Number": "1911295"
  },
  {
    "ID Number": "1977679"
  },
  {
    "ID Number": "1947869"
  },
  {
    "ID Number": "1977377"
  },
  {
    "ID Number": "1970402"
  },
  {
    "ID Number": "1969838"
  },
  {
    "ID Number": "1981749"
  },
  {
    "ID Number": "1962663"
  },
  {
    "ID Number": "1938797"
  },
  {
    "ID Number": "1972391"
  },
  {
    "ID Number": "1974564"
  },
  {
    "ID Number": "1920480"
  },
  {
    "ID Number": "1945947"
  },
  {
    "ID Number": "1988972"
  },
  {
    "ID Number": "1975943"
  },
  {
    "ID Number": "1975471"
  },
  {
    "ID Number": "1974157"
  },
  {
    "ID Number": "1989359"
  },
  {
    "ID Number": "1921266"
  },
  {
    "ID Number": "1930532"
  },
  {
    "ID Number": "1901583"
  },
  {
    "ID Number": "1930818"
  },
  {
    "ID Number": "1930826"
  },
  {
    "ID Number": "1909436"
  },
  {
    "ID Number": "1911325"
  },
  {
    "ID Number": "1976141"
  },
  {
    "ID Number": "1979582"
  },
  {
    "ID Number": "1906402"
  },
  {
    "ID Number": "1979795"
  },
  {
    "ID Number": "1922220"
  },
  {
    "ID Number": "1985051"
  },
  {
    "ID Number": "1910175"
  },
  {
    "ID Number": "1958089"
  },
  {
    "ID Number": "1903888"
  },
  {
    "ID Number": "1929216"
  },
  {
    "ID Number": "1965689"
  },
  {
    "ID Number": "1985957"
  },
  {
    "ID Number": "1962671"
  },
  {
    "ID Number": "1986198"
  },
  {
    "ID Number": "1987143"
  },
  {
    "ID Number": "1970070"
  },
  {
    "ID Number": "1970356"
  },
  {
    "ID Number": "1901184"
  },
  {
    "ID Number": "1948130"
  },
  {
    "ID Number": "1953133"
  },
  {
    "ID Number": "1970682"
  },
  {
    "ID Number": "1901311"
  },
  {
    "ID Number": "1945106"
  },
  {
    "ID Number": "1984250"
  },
  {
    "ID Number": "1904051"
  },
  {
    "ID Number": "1920995"
  },
  {
    "ID Number": "1986791"
  },
  {
    "ID Number": "1941682"
  },
  {
    "ID Number": "1967070"
  },
  {
    "ID Number": "1952340"
  },
  {
    "ID Number": "1933701"
  },
  {
    "ID Number": "1902539"
  },
  {
    "ID Number": "1940880"
  },
  {
    "ID Number": "1961349"
  },
  {
    "ID Number": "1936522"
  },
  {
    "ID Number": "1983423"
  },
  {
    "ID Number": "1948024"
  },
  {
    "ID Number": "1957210"
  },
  {
    "ID Number": "1973304"
  },
  {
    "ID Number": "1911368"
  },
  {
    "ID Number": "1903071"
  },
  {
    "ID Number": "1908138"
  },
  {
    "ID Number": "1931628"
  },
  {
    "ID Number": "1934848"
  },
  {
    "ID Number": "1972006"
  },
  {
    "ID Number": "1901176"
  },
  {
    "ID Number": "1986945"
  },
  {
    "ID Number": "1924800"
  },
  {
    "ID Number": "1963961"
  },
  {
    "ID Number": "1926462"
  },
  {
    "ID Number": "1926470"
  },
  {
    "ID Number": "1958488"
  },
  {
    "ID Number": "1935143"
  },
  {
    "ID Number": "1941356"
  },
  {
    "ID Number": "1951246"
  },
  {
    "ID Number": "1911376"
  },
  {
    "ID Number": "1983784"
  },
  {
    "ID Number": "1951653"
  },
  {
    "ID Number": "1904485"
  },
  {
    "ID Number": "1911392"
  },
  {
    "ID Number": "1921878"
  },
  {
    "ID Number": "1905570"
  },
  {
    "ID Number": "1949187"
  },
  {
    "ID Number": "1983164"
  },
  {
    "ID Number": "1957937"
  },
  {
    "ID Number": "1974599"
  },
  {
    "ID Number": "1902016"
  },
  {
    "ID Number": "1988360"
  },
  {
    "ID Number": "1937014"
  },
  {
    "ID Number": "1900153"
  },
  {
    "ID Number": "1980564"
  },
  {
    "ID Number": "1967959"
  },
  {
    "ID Number": "1981986"
  },
  {
    "ID Number": "1974386"
  },
  {
    "ID Number": "1979302"
  },
  {
    "ID Number": "1962370"
  },
  {
    "ID Number": "1968955"
  },
  {
    "ID Number": "1969544"
  },
  {
    "ID Number": "1975307"
  },
  {
    "ID Number": "1968114"
  },
  {
    "ID Number": "1977687"
  },
  {
    "ID Number": "1971867"
  },
  {
    "ID Number": "1985426"
  },
  {
    "ID Number": "1911457"
  },
  {
    "ID Number": "1965999"
  },
  {
    "ID Number": "1983172"
  },
  {
    "ID Number": "1903667"
  },
  {
    "ID Number": "1958712"
  },
  {
    "ID Number": "1903063"
  },
  {
    "ID Number": "1937022"
  },
  {
    "ID Number": "1900196"
  },
  {
    "ID Number": "1907301"
  },
  {
    "ID Number": "1960342"
  },
  {
    "ID Number": "1950436"
  },
  {
    "ID Number": "1960636"
  },
  {
    "ID Number": "1970232"
  },
  {
    "ID Number": "1981714"
  },
  {
    "ID Number": "1969226"
  },
  {
    "ID Number": "1939955"
  },
  {
    "ID Number": "1940740"
  },
  {
    "ID Number": "1970410"
  },
  {
    "ID Number": "1948822"
  },
  {
    "ID Number": "1987070"
  },
  {
    "ID Number": "1982052"
  },
  {
    "ID Number": "1958445"
  },
  {
    "ID Number": "1950673"
  },
  {
    "ID Number": "1965794"
  },
  {
    "ID Number": "1901761"
  },
  {
    "ID Number": "1973355"
  },
  {
    "ID Number": "1975960"
  },
  {
    "ID Number": "1900200"
  },
  {
    "ID Number": "1963481"
  },
  {
    "ID Number": "1953265"
  },
  {
    "ID Number": "1955110"
  },
  {
    "ID Number": "1940120"
  },
  {
    "ID Number": "1937910"
  },
  {
    "ID Number": "1903179"
  },
  {
    "ID Number": "1905155"
  },
  {
    "ID Number": "1969382"
  },
  {
    "ID Number": "1900498"
  },
  {
    "ID Number": "1990020"
  },
  {
    "ID Number": "1908731"
  },
  {
    "ID Number": "1971603"
  },
  {
    "ID Number": "1906348"
  },
  {
    "ID Number": "1905589"
  },
  {
    "ID Number": "1928821"
  },
  {
    "ID Number": "1951173"
  },
  {
    "ID Number": "1985710"
  },
  {
    "ID Number": "1907972"
  },
  {
    "ID Number": "1928597"
  },
  {
    "ID Number": "1983989"
  },
  {
    "ID Number": "1972618"
  },
  {
    "ID Number": "1977695"
  },
  {
    "ID Number": "1945173"
  },
  {
    "ID Number": "1961756"
  },
  {
    "ID Number": "1963996"
  },
  {
    "ID Number": "1976150"
  },
  {
    "ID Number": "1931784"
  },
  {
    "ID Number": "1943251"
  },
  {
    "ID Number": "1985841"
  },
  {
    "ID Number": "1976168"
  },
  {
    "ID Number": "1934678"
  },
  {
    "ID Number": "1954695"
  },
  {
    "ID Number": "1981552"
  },
  {
    "ID Number": "1983180"
  },
  {
    "ID Number": "1932276"
  },
  {
    "ID Number": "1977512"
  },
  {
    "ID Number": "1946609"
  },
  {
    "ID Number": "1915584"
  },
  {
    "ID Number": "1902806"
  },
  {
    "ID Number": "1932535"
  },
  {
    "ID Number": "1904787"
  },
  {
    "ID Number": "1944894"
  },
  {
    "ID Number": "1983687"
  },
  {
    "ID Number": "1947478"
  },
  {
    "ID Number": "1914715"
  },
  {
    "ID Number": "1903250"
  },
  {
    "ID Number": "1910078"
  },
  {
    "ID Number": "1963945"
  },
  {
    "ID Number": "1954822"
  },
  {
    "ID Number": "1976575"
  },
  {
    "ID Number": "1926837"
  },
  {
    "ID Number": "1981218"
  },
  {
    "ID Number": "1904078"
  },
  {
    "ID Number": "1972499"
  },
  {
    "ID Number": "1948199"
  },
  {
    "ID Number": "1980882"
  },
  {
    "ID Number": "1979132"
  },
  {
    "ID Number": "1911490"
  },
  {
    "ID Number": "1904388"
  },
  {
    "ID Number": "1971557"
  },
  {
    "ID Number": "1953923"
  },
  {
    "ID Number": "1960695"
  },
  {
    "ID Number": "1956159"
  },
  {
    "ID Number": "1962043"
  },
  {
    "ID Number": "1976176"
  },
  {
    "ID Number": "1970496"
  },
  {
    "ID Number": "1969102"
  },
  {
    "ID Number": "1969110"
  },
  {
    "ID Number": "1911511"
  },
  {
    "ID Number": "1988220"
  },
  {
    "ID Number": "1923510"
  },
  {
    "ID Number": "1955659"
  },
  {
    "ID Number": "1901303"
  },
  {
    "ID Number": "1939084"
  },
  {
    "ID Number": "1939254"
  },
  {
    "ID Number": "1928066"
  },
  {
    "ID Number": "1987089"
  },
  {
    "ID Number": "1904493"
  },
  {
    "ID Number": "1902784"
  },
  {
    "ID Number": "1939483"
  },
  {
    "ID Number": "1979981"
  },
  {
    "ID Number": "1900676"
  },
  {
    "ID Number": "1948350"
  },
  {
    "ID Number": "1921991"
  },
  {
    "ID Number": "1901770"
  },
  {
    "ID Number": "1959565"
  },
  {
    "ID Number": "1982583"
  },
  {
    "ID Number": "1975196"
  },
  {
    "ID Number": "1904086"
  },
  {
    "ID Number": "1974866"
  },
  {
    "ID Number": "1974653"
  },
  {
    "ID Number": "1986058"
  },
  {
    "ID Number": "1948253"
  },
  {
    "ID Number": "1989928"
  },
  {
    "ID Number": "1938509"
  },
  {
    "ID Number": "1949527"
  },
  {
    "ID Number": "1911554"
  },
  {
    "ID Number": "1951327"
  },
  {
    "ID Number": "1973665"
  },
  {
    "ID Number": "1983032"
  },
  {
    "ID Number": "1903268"
  },
  {
    "ID Number": "1964500"
  },
  {
    "ID Number": "1981650"
  },
  {
    "ID Number": "1963848"
  },
  {
    "ID Number": "1950517"
  },
  {
    "ID Number": "1904264"
  },
  {
    "ID Number": "1990039"
  },
  {
    "ID Number": "1906038"
  },
  {
    "ID Number": "1963619"
  },
  {
    "ID Number": "1924206"
  },
  {
    "ID Number": "1990705"
  },
  {
    "ID Number": "1924842"
  },
  {
    "ID Number": "1974394"
  },
  {
    "ID Number": "1974815"
  },
  {
    "ID Number": "1984691"
  },
  {
    "ID Number": "1904914"
  },
  {
    "ID Number": "1900307"
  },
  {
    "ID Number": "1945505"
  },
  {
    "ID Number": "1906976"
  },
  {
    "ID Number": "1934465"
  },
  {
    "ID Number": "1904310"
  },
  {
    "ID Number": "1923528"
  },
  {
    "ID Number": "1924184"
  },
  {
    "ID Number": "1941534"
  },
  {
    "ID Number": "1983962"
  },
  {
    "ID Number": "1989081"
  },
  {
    "ID Number": "1980815"
  },
  {
    "ID Number": "1981668"
  },
  {
    "ID Number": "1962485"
  },
  {
    "ID Number": "1901940"
  },
  {
    "ID Number": "1900609"
  },
  {
    "ID Number": "1963090"
  },
  {
    "ID Number": "1976974"
  },
  {
    "ID Number": "1971026"
  },
  {
    "ID Number": "1978870"
  },
  {
    "ID Number": "1953664"
  },
  {
    "ID Number": "1968793"
  },
  {
    "ID Number": "1954857"
  },
  {
    "ID Number": "1939181"
  },
  {
    "ID Number": "1965280"
  },
  {
    "ID Number": "1980394"
  },
  {
    "ID Number": "1911570"
  },
  {
    "ID Number": "1962345"
  },
  {
    "ID Number": "1902725"
  },
  {
    "ID Number": "1934180"
  },
  {
    "ID Number": "1934066"
  },
  {
    "ID Number": "1928619"
  },
  {
    "ID Number": "1970968"
  },
  {
    "ID Number": "1984110"
  },
  {
    "ID Number": "1901010"
  },
  {
    "ID Number": "1954458"
  },
  {
    "ID Number": "1970879"
  },
  {
    "ID Number": "1908081"
  },
  {
    "ID Number": "1940309"
  },
  {
    "ID Number": "1976508"
  },
  {
    "ID Number": "1965786"
  },
  {
    "ID Number": "1901419"
  },
  {
    "ID Number": "1900382"
  },
  {
    "ID Number": "1956914"
  },
  {
    "ID Number": "1963678"
  },
  {
    "ID Number": "1980181"
  },
  {
    "ID Number": "1941852"
  },
  {
    "ID Number": "1923420"
  },
  {
    "ID Number": "1970097"
  },
  {
    "ID Number": "1911597"
  },
  {
    "ID Number": "1984705"
  },
  {
    "ID Number": "1901796"
  },
  {
    "ID Number": "1978691"
  },
  {
    "ID Number": "1933744"
  },
  {
    "ID Number": "1984730"
  },
  {
    "ID Number": "1960725"
  },
  {
    "ID Number": "1967134"
  },
  {
    "ID Number": "1936573"
  },
  {
    "ID Number": "1974270"
  },
  {
    "ID Number": "1977717"
  },
  {
    "ID Number": "1929844"
  },
  {
    "ID Number": "1939289"
  },
  {
    "ID Number": "1988735"
  },
  {
    "ID Number": "1914871"
  },
  {
    "ID Number": "1984470"
  },
  {
    "ID Number": "1938398"
  },
  {
    "ID Number": "1987860"
  },
  {
    "ID Number": "1941542"
  },
  {
    "ID Number": "1971174"
  },
  {
    "ID Number": "119297867"
  },
  {
    "ID Number": "1980890"
  },
  {
    "ID Number": "1983598"
  },
  {
    "ID Number": "1959891"
  },
  {
    "ID Number": "1950819"
  },
  {
    "ID Number": "1987917"
  },
  {
    "ID Number": "1939297"
  },
  {
    "ID Number": "1904930"
  },
  {
    "ID Number": "1966820"
  },
  {
    "ID Number": "1915657"
  },
  {
    "ID Number": "1924605"
  },
  {
    "ID Number": "1943278"
  },
  {
    "ID Number": "1984721"
  },
  {
    "ID Number": "1900404"
  },
  {
    "ID Number": "1950061"
  },
  {
    "ID Number": "1901656"
  },
  {
    "ID Number": "1970240"
  },
  {
    "ID Number": "1987801"
  },
  {
    "ID Number": "1972952"
  },
  {
    "ID Number": "1945475"
  },
  {
    "ID Number": "1929240"
  },
  {
    "ID Number": "1928740"
  },
  {
    "ID Number": "1970453"
  },
  {
    "ID Number": "1984136"
  },
  {
    "ID Number": "1962183"
  },
  {
    "ID Number": "1971611"
  },
  {
    "ID Number": "1961080"
  },
  {
    "ID Number": "1919377"
  },
  {
    "ID Number": "1915886"
  },
  {
    "ID Number": "1963511"
  },
  {
    "ID Number": "1974130"
  },
  {
    "ID Number": "1901834"
  },
  {
    "ID Number": "1989561"
  },
  {
    "ID Number": "1911643"
  },
  {
    "ID Number": "1934201"
  },
  {
    "ID Number": "1911651"
  },
  {
    "ID Number": "1947257"
  },
  {
    "ID Number": "1942778"
  },
  {
    "ID Number": "1924311"
  },
  {
    "ID Number": "1978837"
  },
  {
    "ID Number": "1978888"
  },
  {
    "ID Number": "1929054"
  },
  {
    "ID Number": "1974165"
  },
  {
    "ID Number": "1904957"
  },
  {
    "ID Number": "1957236"
  },
  {
    "ID Number": "1934724"
  },
  {
    "ID Number": "1969765"
  },
  {
    "ID Number": "1966669"
  },
  {
    "ID Number": "1946153"
  },
  {
    "ID Number": "1971263"
  },
  {
    "ID Number": "1975501"
  },
  {
    "ID Number": "1985965"
  },
  {
    "ID Number": "1946625"
  },
  {
    "ID Number": "1941410"
  },
  {
    "ID Number": "1981790"
  },
  {
    "ID Number": "1977334"
  },
  {
    "ID Number": "1982974"
  },
  {
    "ID Number": "1941127"
  },
  {
    "ID Number": "1938541"
  },
  {
    "ID Number": "1920235"
  },
  {
    "ID Number": "1980190"
  },
  {
    "ID Number": "1986066"
  },
  {
    "ID Number": "1924192"
  },
  {
    "ID Number": "1939149"
  },
  {
    "ID Number": "1975757"
  },
  {
    "ID Number": "1973584"
  },
  {
    "ID Number": "1968718"
  },
  {
    "ID Number": "1961977"
  },
  {
    "ID Number": "1984144"
  },
  {
    "ID Number": "1971760"
  },
  {
    "ID Number": "1973924"
  },
  {
    "ID Number": "1905171"
  },
  {
    "ID Number": "1988565"
  },
  {
    "ID Number": "1907824"
  },
  {
    "ID Number": "1903926"
  },
  {
    "ID Number": "1902890"
  },
  {
    "ID Number": "1930605"
  },
  {
    "ID Number": "24257893"
  },
  {
    "ID Number": "24288020"
  },
  {
    "ID Number": "1902903"
  },
  {
    "ID Number": "1978063"
  },
  {
    "ID Number": "1902911"
  },
  {
    "ID Number": "1928627"
  },
  {
    "ID Number": "1908219"
  },
  {
    "ID Number": "1967495"
  },
  {
    "ID Number": "1971620"
  },
  {
    "ID Number": "1967878"
  },
  {
    "ID Number": "1907875"
  },
  {
    "ID Number": "1963546"
  },
  {
    "ID Number": "1944738"
  },
  {
    "ID Number": "1961012"
  },
  {
    "ID Number": "1940899"
  },
  {
    "ID Number": "1978713"
  },
  {
    "ID Number": "1939092"
  },
  {
    "ID Number": "1980254"
  },
  {
    "ID Number": "1947761"
  },
  {
    "ID Number": "1942751"
  },
  {
    "ID Number": "1921550"
  },
  {
    "ID Number": "1957686"
  },
  {
    "ID Number": "1926012"
  },
  {
    "ID Number": "1900161"
  },
  {
    "ID Number": "1984594"
  },
  {
    "ID Number": "1983040"
  },
  {
    "ID Number": "1946269"
  },
  {
    "ID Number": "1930958"
  },
  {
    "ID Number": "1900099"
  },
  {
    "ID Number": "1965093"
  },
  {
    "ID Number": "1906534"
  },
  {
    "ID Number": "1908685"
  },
  {
    "ID Number": "1975170"
  },
  {
    "ID Number": "1972634"
  },
  {
    "ID Number": "1949144"
  },
  {
    "ID Number": "1973606"
  },
  {
    "ID Number": "1981587"
  },
  {
    "ID Number": "1913026"
  },
  {
    "ID Number": "1913034"
  },
  {
    "ID Number": "1921681"
  },
  {
    "ID Number": "1972588"
  },
  {
    "ID Number": "1905910"
  },
  {
    "ID Number": "1979515"
  },
  {
    "ID Number": "1961381"
  },
  {
    "ID Number": "1973398"
  },
  {
    "ID Number": "1981978"
  },
  {
    "ID Number": "1935607"
  },
  {
    "ID Number": "1956450"
  },
  {
    "ID Number": "1935100"
  },
  {
    "ID Number": "1977806"
  },
  {
    "ID Number": "1900366"
  },
  {
    "ID Number": "1930834"
  },
  {
    "ID Number": "1900048"
  },
  {
    "ID Number": "1920421"
  },
  {
    "ID Number": "1941739"
  },
  {
    "ID Number": "1947966"
  },
  {
    "ID Number": "1900056"
  },
  {
    "ID Number": "1990802"
  },
  {
    "ID Number": "1968459"
  },
  {
    "ID Number": "1900790"
  },
  {
    "ID Number": "1963554"
  },
  {
    "ID Number": "1956523"
  },
  {
    "ID Number": "1984411"
  },
  {
    "ID Number": "1901885"
  },
  {
    "ID Number": "1967142"
  },
  {
    "ID Number": "1947591"
  },
  {
    "ID Number": "1907239"
  },
  {
    "ID Number": "1983210"
  },
  {
    "ID Number": "1962809"
  },
  {
    "ID Number": "1964372"
  },
  {
    "ID Number": "1922246"
  },
  {
    "ID Number": "1908324"
  },
  {
    "ID Number": "1946749"
  },
  {
    "ID Number": "1975439"
  },
  {
    "ID Number": "1916424"
  },
  {
    "ID Number": "1916432"
  },
  {
    "ID Number": "1964984"
  },
  {
    "ID Number": "1952838"
  },
  {
    "ID Number": "1960180"
  },
  {
    "ID Number": "1971034"
  },
  {
    "ID Number": "1990322"
  },
  {
    "ID Number": "1934945"
  },
  {
    "ID Number": "1966677"
  },
  {
    "ID Number": "1979590"
  },
  {
    "ID Number": "1950010"
  },
  {
    "ID Number": "1977415"
  },
  {
    "ID Number": "1984268"
  },
  {
    "ID Number": "1965166"
  },
  {
    "ID Number": "1911783"
  },
  {
    "ID Number": "1916459"
  },
  {
    "ID Number": "1936719"
  },
  {
    "ID Number": "1981277"
  },
  {
    "ID Number": "1940589"
  },
  {
    "ID Number": "1962418"
  },
  {
    "ID Number": "1974122"
  },
  {
    "ID Number": "1960288"
  },
  {
    "ID Number": "1907727"
  },
  {
    "ID Number": "1970054"
  },
  {
    "ID Number": "1980440"
  },
  {
    "ID Number": "1953672"
  },
  {
    "ID Number": "1903616"
  },
  {
    "ID Number": "1987739"
  },
  {
    "ID Number": "1937936"
  },
  {
    "ID Number": "1921789"
  },
  {
    "ID Number": "1914340"
  },
  {
    "ID Number": "1939220"
  },
  {
    "ID Number": "1967509"
  },
  {
    "ID Number": "1965468"
  },
  {
    "ID Number": "1941747"
  },
  {
    "ID Number": "1930400"
  },
  {
    "ID Number": "1953168"
  },
  {
    "ID Number": "1917706"
  },
  {
    "ID Number": "1919679"
  },
  {
    "ID Number": "1932543"
  },
  {
    "ID Number": "1932551"
  },
  {
    "ID Number": "1900293"
  },
  {
    "ID Number": "1948148"
  },
  {
    "ID Number": "1927191"
  },
  {
    "ID Number": "1970470"
  },
  {
    "ID Number": "1909738"
  },
  {
    "ID Number": "1904523"
  },
  {
    "ID Number": "1958429"
  },
  {
    "ID Number": "1948156"
  },
  {
    "ID Number": "1978160"
  },
  {
    "ID Number": "1978020"
  },
  {
    "ID Number": "1908120"
  },
  {
    "ID Number": "1982532"
  },
  {
    "ID Number": "1908707"
  },
  {
    "ID Number": "1951378"
  },
  {
    "ID Number": "1989774"
  },
  {
    "ID Number": "1949357"
  },
  {
    "ID Number": "1941372"
  },
  {
    "ID Number": "1955136"
  },
  {
    "ID Number": "1957945"
  },
  {
    "ID Number": "1961675"
  },
  {
    "ID Number": "1968963"
  },
  {
    "ID Number": "1968653"
  },
  {
    "ID Number": "1900188"
  },
  {
    "ID Number": "1906135"
  },
  {
    "ID Number": "1937529"
  },
  {
    "ID Number": "1966839"
  },
  {
    "ID Number": "1901745"
  },
  {
    "ID Number": "1903691"
  },
  {
    "ID Number": "1974734"
  },
  {
    "ID Number": "1948903"
  },
  {
    "ID Number": "1958518"
  },
  {
    "ID Number": "1982010"
  },
  {
    "ID Number": "1959549"
  },
  {
    "ID Number": "1951386"
  },
  {
    "ID Number": "1915100"
  },
  {
    "ID Number": "1972332"
  },
  {
    "ID Number": "1968483"
  },
  {
    "ID Number": "1967657"
  },
  {
    "ID Number": "1966952"
  },
  {
    "ID Number": "1945840"
  },
  {
    "ID Number": "1910116"
  },
  {
    "ID Number": "1926039"
  },
  {
    "ID Number": "1977385"
  },
  {
    "ID Number": "1979892"
  },
  {
    "ID Number": "1936620"
  },
  {
    "ID Number": "1961136"
  },
  {
    "ID Number": "1985230"
  },
  {
    "ID Number": "1905759"
  },
  {
    "ID Number": "1968769"
  },
  {
    "ID Number": "1918915"
  },
  {
    "ID Number": "1954342"
  },
  {
    "ID Number": "1903314"
  },
  {
    "ID Number": "1934490"
  },
  {
    "ID Number": "1987437"
  },
  {
    "ID Number": "1983229"
  },
  {
    "ID Number": "1971344"
  },
  {
    "ID Number": "1911880"
  },
  {
    "ID Number": "1965298"
  },
  {
    "ID Number": "1919121"
  },
  {
    "ID Number": "1903322"
  },
  {
    "ID Number": "1970461"
  },
  {
    "ID Number": "1965174"
  },
  {
    "ID Number": "1911899"
  },
  {
    "ID Number": "1958119"
  },
  {
    "ID Number": "1958003"
  },
  {
    "ID Number": "1971220"
  },
  {
    "ID Number": "1912852"
  },
  {
    "ID Number": "1911929"
  },
  {
    "ID Number": "1953990"
  },
  {
    "ID Number": "1905082"
  },
  {
    "ID Number": "1975447"
  },
  {
    "ID Number": "1980831"
  },
  {
    "ID Number": "1966120"
  },
  {
    "ID Number": "1985876"
  },
  {
    "ID Number": "1942727"
  },
  {
    "ID Number": "1921916"
  },
  {
    "ID Number": "1932667"
  },
  {
    "ID Number": "1904531"
  },
  {
    "ID Number": "1960946"
  },
  {
    "ID Number": "1946102"
  },
  {
    "ID Number": "1931458"
  },
  {
    "ID Number": "1971085"
  },
  {
    "ID Number": "1964526"
  },
  {
    "ID Number": "1973029"
  },
  {
    "ID Number": "1903543"
  },
  {
    "ID Number": "1947605"
  },
  {
    "ID Number": "1948423"
  },
  {
    "ID Number": "1908910"
  },
  {
    "ID Number": "1900846"
  },
  {
    "ID Number": "1935321"
  },
  {
    "ID Number": "1961896"
  },
  {
    "ID Number": "1905635"
  },
  {
    "ID Number": "1941488"
  },
  {
    "ID Number": "1979469"
  },
  {
    "ID Number": "1903594"
  },
  {
    "ID Number": "1953486"
  },
  {
    "ID Number": "1903284"
  },
  {
    "ID Number": "1957708"
  },
  {
    "ID Number": "1912844"
  },
  {
    "ID Number": "1914413"
  },
  {
    "ID Number": "1958127"
  },
  {
    "ID Number": "1909070"
  },
  {
    "ID Number": "1935003"
  },
  {
    "ID Number": "1908472"
  },
  {
    "ID Number": "1946307"
  },
  {
    "ID Number": "1990411"
  },
  {
    "ID Number": "1988980"
  },
  {
    "ID Number": "1968416"
  },
  {
    "ID Number": "1907492"
  },
  {
    "ID Number": "1950975"
  },
  {
    "ID Number": "1952587"
  },
  {
    "ID Number": "1938177"
  },
  {
    "ID Number": "1977857"
  },
  {
    "ID Number": "1929003"
  },
  {
    "ID Number": "1943880"
  },
  {
    "ID Number": "1980777"
  },
  {
    "ID Number": "1957910"
  },
  {
    "ID Number": "1980661"
  },
  {
    "ID Number": "1933167"
  },
  {
    "ID Number": "1957961"
  },
  {
    "ID Number": "1962752"
  },
  {
    "ID Number": "1948164"
  },
  {
    "ID Number": "1975030"
  },
  {
    "ID Number": "1904124"
  },
  {
    "ID Number": "1936298"
  },
  {
    "ID Number": "1970984"
  },
  {
    "ID Number": "1976907"
  },
  {
    "ID Number": "1949713"
  },
  {
    "ID Number": "1945262"
  },
  {
    "ID Number": "1931725"
  },
  {
    "ID Number": "1948172"
  },
  {
    "ID Number": "1920790"
  },
  {
    "ID Number": "1981862"
  },
  {
    "ID Number": "1981820"
  },
  {
    "ID Number": "1923358"
  },
  {
    "ID Number": "1957228"
  },
  {
    "ID Number": "1956825"
  },
  {
    "ID Number": "1932578"
  },
  {
    "ID Number": "1948962"
  },
  {
    "ID Number": "1970810"
  },
  {
    "ID Number": "1917617"
  },
  {
    "ID Number": "1930508"
  },
  {
    "ID Number": "1944983"
  },
  {
    "ID Number": "1902741"
  },
  {
    "ID Number": "1948695"
  },
  {
    "ID Number": "1945556"
  },
  {
    "ID Number": "1964305"
  },
  {
    "ID Number": "1903705"
  },
  {
    "ID Number": "1956396"
  },
  {
    "ID Number": "1948709"
  },
  {
    "ID Number": "1976753"
  },
  {
    "ID Number": "1978071"
  },
  {
    "ID Number": "1983903"
  },
  {
    "ID Number": "1930842"
  },
  {
    "ID Number": "1964194"
  },
  {
    "ID Number": "1929895"
  },
  {
    "ID Number": "1915207"
  },
  {
    "ID Number": "1971115"
  },
  {
    "ID Number": "1938711"
  },
  {
    "ID Number": "1911961"
  },
  {
    "ID Number": "1944630"
  },
  {
    "ID Number": "1964976"
  },
  {
    "ID Number": "1939319"
  },
  {
    "ID Number": "1930850"
  },
  {
    "ID Number": "1952102"
  },
  {
    "ID Number": "1901826"
  },
  {
    "ID Number": "1917625"
  },
  {
    "ID Number": "1923544"
  },
  {
    "ID Number": "1980114"
  },
  {
    "ID Number": "1903713"
  },
  {
    "ID Number": "1928198"
  },
  {
    "ID Number": "1963317"
  },
  {
    "ID Number": "1929909"
  },
  {
    "ID Number": "1963686"
  },
  {
    "ID Number": "1963694"
  },
  {
    "ID Number": "1966316"
  },
  {
    "ID Number": "1949870"
  },
  {
    "ID Number": "1972154"
  },
  {
    "ID Number": "1940856"
  },
  {
    "ID Number": "1967835"
  },
  {
    "ID Number": "1913972"
  },
  {
    "ID Number": "1954008"
  },
  {
    "ID Number": "1903934"
  },
  {
    "ID Number": "1980602"
  },
  {
    "ID Number": "1984217"
  },
  {
    "ID Number": "1928635"
  },
  {
    "ID Number": "1933329"
  },
  {
    "ID Number": "1975242"
  },
  {
    "ID Number": "1977326"
  },
  {
    "ID Number": "1935232"
  },
  {
    "ID Number": "1981870"
  },
  {
    "ID Number": "1917269"
  },
  {
    "ID Number": "1971123"
  },
  {
    "ID Number": "1943286"
  },
  {
    "ID Number": "1908480"
  },
  {
    "ID Number": "1966359"
  },
  {
    "ID Number": "1930648"
  },
  {
    "ID Number": "1969331"
  },
  {
    "ID Number": "1985914"
  },
  {
    "ID Number": "1921967"
  },
  {
    "ID Number": "1903560"
  },
  {
    "ID Number": "1981285"
  },
  {
    "ID Number": "1918923"
  },
  {
    "ID Number": "1946250"
  },
  {
    "ID Number": "1966189"
  },
  {
    "ID Number": "1982613"
  },
  {
    "ID Number": "1906640"
  },
  {
    "ID Number": "1958402"
  },
  {
    "ID Number": "1976346"
  },
  {
    "ID Number": "1946633"
  },
  {
    "ID Number": "1930516"
  },
  {
    "ID Number": "1970330"
  },
  {
    "ID Number": "1963163"
  },
  {
    "ID Number": "1924931"
  },
  {
    "ID Number": "1968726"
  },
  {
    "ID Number": "1904132"
  },
  {
    "ID Number": "1924893"
  },
  {
    "ID Number": "1947648"
  },
  {
    "ID Number": "1978632"
  },
  {
    "ID Number": "1955578"
  },
  {
    "ID Number": "1949721"
  },
  {
    "ID Number": "1987747"
  },
  {
    "ID Number": "1971190"
  },
  {
    "ID Number": "1971670"
  },
  {
    "ID Number": "1929984"
  },
  {
    "ID Number": "1975811"
  },
  {
    "ID Number": "1980629"
  },
  {
    "ID Number": "1903721"
  },
  {
    "ID Number": "1977156"
  },
  {
    "ID Number": "1954636"
  },
  {
    "ID Number": "1954024"
  },
  {
    "ID Number": "1983024"
  },
  {
    "ID Number": "1964992"
  },
  {
    "ID Number": "1974416"
  },
  {
    "ID Number": "1924680"
  },
  {
    "ID Number": "14113350"
  },
  {
    "ID Number": "14120771"
  },
  {
    "ID Number": "1908502"
  },
  {
    "ID Number": "1981676"
  },
  {
    "ID Number": "1968882"
  },
  {
    "ID Number": "1956124"
  },
  {
    "ID Number": "1977270"
  },
  {
    "ID Number": "1968017"
  },
  {
    "ID Number": "1960865"
  },
  {
    "ID Number": "1908987"
  },
  {
    "ID Number": "1953494"
  },
  {
    "ID Number": "1963775"
  },
  {
    "ID Number": "1903624"
  },
  {
    "ID Number": "1944649"
  },
  {
    "ID Number": "1987020"
  },
  {
    "ID Number": "1903195"
  },
  {
    "ID Number": "1961993"
  },
  {
    "ID Number": "1961772"
  },
  {
    "ID Number": "1903055"
  },
  {
    "ID Number": "1908332"
  },
  {
    "ID Number": "1910132"
  },
  {
    "ID Number": "1975153"
  },
  {
    "ID Number": "1945998"
  },
  {
    "ID Number": "1921568"
  },
  {
    "ID Number": "1953540"
  },
  {
    "ID Number": "1930087"
  },
  {
    "ID Number": "1964755"
  },
  {
    "ID Number": "1960776"
  },
  {
    "ID Number": "1955411"
  },
  {
    "ID Number": "1978896"
  },
  {
    "ID Number": "1982125"
  },
  {
    "ID Number": "1905341"
  },
  {
    "ID Number": "1969978"
  },
  {
    "ID Number": "1912054"
  },
  {
    "ID Number": "1941925"
  },
  {
    "ID Number": "1941933"
  },
  {
    "ID Number": "1982060"
  },
  {
    "ID Number": "1912089"
  },
  {
    "ID Number": "1976362"
  },
  {
    "ID Number": "1981226"
  },
  {
    "ID Number": "1977393"
  },
  {
    "ID Number": "1971530"
  },
  {
    "ID Number": "1989936"
  },
  {
    "ID Number": "1945181"
  },
  {
    "ID Number": "1976184"
  },
  {
    "ID Number": "1957244"
  },
  {
    "ID Number": "1975838"
  },
  {
    "ID Number": "1948830"
  },
  {
    "ID Number": "1970011"
  },
  {
    "ID Number": "1915851"
  },
  {
    "ID Number": "1950088"
  },
  {
    "ID Number": "1955926"
  },
  {
    "ID Number": "1973908"
  },
  {
    "ID Number": "1971093"
  },
  {
    "ID Number": "1908103"
  },
  {
    "ID Number": "1903748"
  },
  {
    "ID Number": "1978055"
  },
  {
    "ID Number": "1984438"
  },
  {
    "ID Number": "1978926"
  },
  {
    "ID Number": "1930230"
  },
  {
    "ID Number": "1905104"
  },
  {
    "ID Number": "1938410"
  },
  {
    "ID Number": "1969340"
  },
  {
    "ID Number": "1900544"
  },
  {
    "ID Number": "1982753"
  },
  {
    "ID Number": "1982761"
  },
  {
    "ID Number": "1970372"
  },
  {
    "ID Number": "1947680"
  },
  {
    "ID Number": "1973100"
  },
  {
    "ID Number": "1976192"
  },
  {
    "ID Number": "1988409"
  },
  {
    "ID Number": "1903438"
  },
  {
    "ID Number": "1905201"
  },
  {
    "ID Number": "1973460"
  },
  {
    "ID Number": "1973282"
  },
  {
    "ID Number": "1966723"
  },
  {
    "ID Number": "1980823"
  },
  {
    "ID Number": "1956469"
  },
  {
    "ID Number": "1965301"
  },
  {
    "ID Number": "1973185"
  },
  {
    "ID Number": "1924494"
  },
  {
    "ID Number": "1917285"
  },
  {
    "ID Number": "1987062"
  },
  {
    "ID Number": "1988611"
  },
  {
    "ID Number": "1964763"
  },
  {
    "ID Number": "1981340"
  },
  {
    "ID Number": "1989847"
  },
  {
    "ID Number": "1969650"
  },
  {
    "ID Number": "1979345"
  },
  {
    "ID Number": "1984497"
  },
  {
    "ID Number": "1965328"
  },
  {
    "ID Number": "1970569"
  },
  {
    "ID Number": "1977776"
  },
  {
    "ID Number": "1971581"
  },
  {
    "ID Number": "1987682"
  },
  {
    "ID Number": "1936956"
  },
  {
    "ID Number": "1973967"
  },
  {
    "ID Number": "1981145"
  },
  {
    "ID Number": "1969013"
  },
  {
    "ID Number": "1979906"
  },
  {
    "ID Number": "1954253"
  }
]