[
  {
    "ID Number": "14204525"
  },
  {
    "ID Number": "14231670"
  },
  {
    "ID Number": "14206323"
  },
  {
    "ID Number": "14234300"
  },
  {
    "ID Number": "14203260"
  },
  {
    "ID Number": "14234009"
  },
  {
    "ID Number": "14209020"
  },
  {
    "ID Number": "14238187"
  },
  {
    "ID Number": "14216663"
  },
  {
    "ID Number": "14212340"
  },
  {
    "ID Number": "14227231"
  },
  {
    "ID Number": "14208440"
  },
  {
    "ID Number": "14223309"
  },
  {
    "ID Number": "14219522"
  },
  {
    "ID Number": "14203669"
  },
  {
    "ID Number": "14212366"
  },
  {
    "ID Number": "14224763"
  },
  {
    "ID Number": "14206420"
  },
  {
    "ID Number": "14205289"
  },
  {
    "ID Number": "14233436"
  },
  {
    "ID Number": "14210088"
  },
  {
    "ID Number": "14231263"
  },
  {
    "ID Number": "14228394"
  },
  {
    "ID Number": "14236753"
  },
  {
    "ID Number": "14202964"
  },
  {
    "ID Number": "14210266"
  },
  {
    "ID Number": "14224682"
  },
  {
    "ID Number": "14215640"
  },
  {
    "ID Number": "14218232"
  },
  {
    "ID Number": "14219530"
  },
  {
    "ID Number": "14236885"
  },
  {
    "ID Number": "14210428"
  },
  {
    "ID Number": "14215659"
  },
  {
    "ID Number": "14218283"
  },
  {
    "ID Number": "14226472"
  },
  {
    "ID Number": "14212471"
  },
  {
    "ID Number": "14222663"
  },
  {
    "ID Number": "14244292"
  },
  {
    "ID Number": "14209918"
  },
  {
    "ID Number": "14215667"
  },
  {
    "ID Number": "14210380"
  },
  {
    "ID Number": "14217376"
  },
  {
    "ID Number": "14207346"
  },
  {
    "ID Number": "14224895"
  },
  {
    "ID Number": "14202980"
  },
  {
    "ID Number": "14232863"
  },
  {
    "ID Number": "14218313"
  },
  {
    "ID Number": "14213508"
  },
  {
    "ID Number": "14218879"
  },
  {
    "ID Number": "14223317"
  },
  {
    "ID Number": "14204118"
  },
  {
    "ID Number": "14212587"
  },
  {
    "ID Number": "14212536"
  },
  {
    "ID Number": "14231000"
  },
  {
    "ID Number": "14224917"
  },
  {
    "ID Number": "14228416"
  },
  {
    "ID Number": "14236265"
  },
  {
    "ID Number": "14211998"
  },
  {
    "ID Number": "14227517"
  },
  {
    "ID Number": "14204690"
  },
  {
    "ID Number": "14203286"
  },
  {
    "ID Number": "14200449"
  },
  {
    "ID Number": "14219867"
  },
  {
    "ID Number": "14226006"
  },
  {
    "ID Number": "14225166"
  },
  {
    "ID Number": "14224925"
  },
  {
    "ID Number": "14232600"
  },
  {
    "ID Number": "14231140"
  },
  {
    "ID Number": "14211955"
  },
  {
    "ID Number": "14227851"
  },
  {
    "ID Number": "14226383"
  },
  {
    "ID Number": "14226278"
  },
  {
    "ID Number": "14231794"
  },
  {
    "ID Number": "14234211"
  },
  {
    "ID Number": "14226391"
  },
  {
    "ID Number": "14205505"
  },
  {
    "ID Number": "14240181"
  },
  {
    "ID Number": "14229838"
  },
  {
    "ID Number": "14223538"
  },
  {
    "ID Number": "14223546"
  },
  {
    "ID Number": "14210215"
  },
  {
    "ID Number": "14220032"
  },
  {
    "ID Number": "14208261"
  },
  {
    "ID Number": "14203316"
  },
  {
    "ID Number": "14225832"
  },
  {
    "ID Number": "14229889"
  },
  {
    "ID Number": "14203308"
  },
  {
    "ID Number": "14226154"
  },
  {
    "ID Number": "14219239"
  },
  {
    "ID Number": "14207354"
  },
  {
    "ID Number": "14224933"
  },
  {
    "ID Number": "14233975"
  },
  {
    "ID Number": "14218666"
  },
  {
    "ID Number": "14218810"
  },
  {
    "ID Number": "14239248"
  },
  {
    "ID Number": "14229900"
  },
  {
    "ID Number": "14232642"
  },
  {
    "ID Number": "14210975"
  },
  {
    "ID Number": "14212692"
  },
  {
    "ID Number": "14213877"
  },
  {
    "ID Number": "14218119"
  },
  {
    "ID Number": "14218445"
  },
  {
    "ID Number": "14212560"
  },
  {
    "ID Number": "14249103"
  },
  {
    "ID Number": "14202395"
  },
  {
    "ID Number": "14201798"
  },
  {
    "ID Number": "14204991"
  },
  {
    "ID Number": "14235978"
  },
  {
    "ID Number": "14218453"
  },
  {
    "ID Number": "14216914"
  },
  {
    "ID Number": "14220385"
  },
  {
    "ID Number": "14232774"
  },
  {
    "ID Number": "14220180"
  },
  {
    "ID Number": "14212030"
  },
  {
    "ID Number": "14214911"
  },
  {
    "ID Number": "14224690"
  },
  {
    "ID Number": "14220407"
  },
  {
    "ID Number": "14219255"
  },
  {
    "ID Number": "14215705"
  },
  {
    "ID Number": "14213672"
  },
  {
    "ID Number": "14244179"
  },
  {
    "ID Number": "14213907"
  },
  {
    "ID Number": "14212609"
  },
  {
    "ID Number": "14206463"
  },
  {
    "ID Number": "14208504"
  },
  {
    "ID Number": "14240459"
  },
  {
    "ID Number": "14234025"
  },
  {
    "ID Number": "14220199"
  },
  {
    "ID Number": "14234041"
  },
  {
    "ID Number": "14232120"
  },
  {
    "ID Number": "14219875"
  },
  {
    "ID Number": "14203324"
  },
  {
    "ID Number": "14210886"
  },
  {
    "ID Number": "14228351"
  },
  {
    "ID Number": "14219999"
  },
  {
    "ID Number": "14223821"
  },
  {
    "ID Number": "14209640"
  },
  {
    "ID Number": "14237202"
  },
  {
    "ID Number": "14234416"
  },
  {
    "ID Number": "14203332"
  },
  {
    "ID Number": "14223716"
  },
  {
    "ID Number": "14210673"
  },
  {
    "ID Number": "14226480"
  },
  {
    "ID Number": "14215713"
  },
  {
    "ID Number": "14233444"
  },
  {
    "ID Number": "14228076"
  },
  {
    "ID Number": "14212285"
  },
  {
    "ID Number": "14237326"
  },
  {
    "ID Number": "14223325"
  },
  {
    "ID Number": "14223724"
  },
  {
    "ID Number": "14227568"
  },
  {
    "ID Number": "14235056"
  },
  {
    "ID Number": "14210983"
  },
  {
    "ID Number": "14236400"
  },
  {
    "ID Number": "14200082"
  },
  {
    "ID Number": "14212960"
  },
  {
    "ID Number": "14227576"
  },
  {
    "ID Number": "14241978"
  },
  {
    "ID Number": "14216035"
  },
  {
    "ID Number": "14243741"
  },
  {
    "ID Number": "14229048"
  },
  {
    "ID Number": "14217317"
  },
  {
    "ID Number": "14203367"
  },
  {
    "ID Number": "14210207"
  },
  {
    "ID Number": "14229749"
  },
  {
    "ID Number": "14223830"
  },
  {
    "ID Number": "14207842"
  },
  {
    "ID Number": "14212986"
  },
  {
    "ID Number": "14207400"
  },
  {
    "ID Number": "14211432"
  },
  {
    "ID Number": "14211017"
  },
  {
    "ID Number": "14222698"
  },
  {
    "ID Number": "14223848"
  },
  {
    "ID Number": "14227878"
  },
  {
    "ID Number": "14233428"
  },
  {
    "ID Number": "14216957"
  },
  {
    "ID Number": "14223031"
  },
  {
    "ID Number": "14244845"
  },
  {
    "ID Number": "14205122"
  },
  {
    "ID Number": "14220326"
  },
  {
    "ID Number": "14200066"
  },
  {
    "ID Number": "14201950"
  },
  {
    "ID Number": "14214032"
  },
  {
    "ID Number": "14224020"
  },
  {
    "ID Number": "14212714"
  },
  {
    "ID Number": "14212447"
  },
  {
    "ID Number": "14218160"
  },
  {
    "ID Number": "14232804"
  },
  {
    "ID Number": "14212315"
  },
  {
    "ID Number": "14242389"
  },
  {
    "ID Number": "14202352"
  },
  {
    "ID Number": "14235790"
  },
  {
    "ID Number": "14225433"
  },
  {
    "ID Number": "14220571"
  },
  {
    "ID Number": "14237350"
  },
  {
    "ID Number": "14226499"
  },
  {
    "ID Number": "14200236"
  },
  {
    "ID Number": "14208032"
  },
  {
    "ID Number": "14208962"
  },
  {
    "ID Number": "14204126"
  },
  {
    "ID Number": "14234394"
  },
  {
    "ID Number": "14200163"
  },
  {
    "ID Number": "14214105"
  },
  {
    "ID Number": "14205939"
  },
  {
    "ID Number": "14203731"
  },
  {
    "ID Number": "14219182"
  },
  {
    "ID Number": "14223244"
  },
  {
    "ID Number": "14225735"
  },
  {
    "ID Number": "14219859"
  },
  {
    "ID Number": "14211033"
  },
  {
    "ID Number": "14207990"
  },
  {
    "ID Number": "14218429"
  },
  {
    "ID Number": "14240521"
  },
  {
    "ID Number": "14232545"
  },
  {
    "ID Number": "14234262"
  },
  {
    "ID Number": "14230976"
  },
  {
    "ID Number": "14231352"
  },
  {
    "ID Number": "14217180"
  },
  {
    "ID Number": "14218097"
  },
  {
    "ID Number": "14216566"
  },
  {
    "ID Number": "14214130"
  },
  {
    "ID Number": "14230810"
  },
  {
    "ID Number": "14228173"
  },
  {
    "ID Number": "14227371"
  },
  {
    "ID Number": "14210690"
  },
  {
    "ID Number": "14229935"
  },
  {
    "ID Number": "14200554"
  },
  {
    "ID Number": "14232430"
  },
  {
    "ID Number": "14232464"
  },
  {
    "ID Number": "14218682"
  },
  {
    "ID Number": "14225450"
  },
  {
    "ID Number": "14200988"
  },
  {
    "ID Number": "14204134"
  },
  {
    "ID Number": "14230275"
  },
  {
    "ID Number": "14200929"
  },
  {
    "ID Number": "14218836"
  },
  {
    "ID Number": "14230470"
  },
  {
    "ID Number": "14231816"
  },
  {
    "ID Number": "14229943"
  },
  {
    "ID Number": "14205670"
  },
  {
    "ID Number": "14223619"
  },
  {
    "ID Number": "14238349"
  },
  {
    "ID Number": "14234564"
  },
  {
    "ID Number": "14242567"
  },
  {
    "ID Number": "14202344"
  },
  {
    "ID Number": "14232766"
  },
  {
    "ID Number": "14205130"
  },
  {
    "ID Number": "14203901"
  },
  {
    "ID Number": "14202174"
  },
  {
    "ID Number": "14231387"
  },
  {
    "ID Number": "14211041"
  },
  {
    "ID Number": "14208130"
  },
  {
    "ID Number": "14239191"
  },
  {
    "ID Number": "14224470"
  },
  {
    "ID Number": "14205661"
  },
  {
    "ID Number": "14201151"
  },
  {
    "ID Number": "14230658"
  },
  {
    "ID Number": "14220741"
  },
  {
    "ID Number": "14206668"
  },
  {
    "ID Number": "14205190"
  },
  {
    "ID Number": "14231166"
  },
  {
    "ID Number": "14211050"
  },
  {
    "ID Number": "14229978"
  },
  {
    "ID Number": "14203030"
  },
  {
    "ID Number": "14226758"
  },
  {
    "ID Number": "14209497"
  },
  {
    "ID Number": "14200074"
  },
  {
    "ID Number": "14240114"
  },
  {
    "ID Number": "14225603"
  },
  {
    "ID Number": "14212293"
  },
  {
    "ID Number": "14231409"
  },
  {
    "ID Number": "14235358"
  },
  {
    "ID Number": "14226936"
  },
  {
    "ID Number": "14232910"
  },
  {
    "ID Number": "14211483"
  },
  {
    "ID Number": "14207680"
  },
  {
    "ID Number": "14216736"
  },
  {
    "ID Number": "14203146"
  },
  {
    "ID Number": "14222701"
  },
  {
    "ID Number": "14218186"
  },
  {
    "ID Number": "14200546"
  },
  {
    "ID Number": "14214229"
  },
  {
    "ID Number": "14234386"
  },
  {
    "ID Number": "14213079"
  },
  {
    "ID Number": "14219689"
  },
  {
    "ID Number": "14212382"
  },
  {
    "ID Number": "14211890"
  },
  {
    "ID Number": "14249235"
  },
  {
    "ID Number": "14234840"
  },
  {
    "ID Number": "14232669"
  },
  {
    "ID Number": "14213613"
  },
  {
    "ID Number": "14216191"
  },
  {
    "ID Number": "14209047"
  },
  {
    "ID Number": "14238217"
  },
  {
    "ID Number": "14207575"
  },
  {
    "ID Number": "14202115"
  },
  {
    "ID Number": "14236931"
  },
  {
    "ID Number": "14200104"
  },
  {
    "ID Number": "14234050"
  },
  {
    "ID Number": "14232502"
  },
  {
    "ID Number": "14208288"
  },
  {
    "ID Number": "14227894"
  },
  {
    "ID Number": "14234319"
  },
  {
    "ID Number": "14212439"
  },
  {
    "ID Number": "14240319"
  },
  {
    "ID Number": "14219557"
  },
  {
    "ID Number": "14242109"
  },
  {
    "ID Number": "14216310"
  },
  {
    "ID Number": "14228440"
  },
  {
    "ID Number": "14218780"
  },
  {
    "ID Number": "14225468"
  },
  {
    "ID Number": "14225476"
  },
  {
    "ID Number": "14210045"
  },
  {
    "ID Number": "14237270"
  },
  {
    "ID Number": "14227908"
  },
  {
    "ID Number": "14202905"
  },
  {
    "ID Number": "14228459"
  },
  {
    "ID Number": "14243563"
  },
  {
    "ID Number": "14241005"
  },
  {
    "ID Number": "14232758"
  },
  {
    "ID Number": "14239663"
  },
  {
    "ID Number": "14209179"
  },
  {
    "ID Number": "14200481"
  },
  {
    "ID Number": "14201771"
  },
  {
    "ID Number": "14210118"
  },
  {
    "ID Number": "14243687"
  },
  {
    "ID Number": "151105026"
  },
  {
    "ID Number": "14227630"
  },
  {
    "ID Number": "14231832"
  },
  {
    "ID Number": "14210274"
  },
  {
    "ID Number": "14243750"
  },
  {
    "ID Number": "14206722"
  },
  {
    "ID Number": "14236915"
  },
  {
    "ID Number": "14202425"
  },
  {
    "ID Number": "14239493"
  },
  {
    "ID Number": "14201607"
  },
  {
    "ID Number": "14200309"
  },
  {
    "ID Number": "14239507"
  },
  {
    "ID Number": "14212161"
  },
  {
    "ID Number": "14216728"
  },
  {
    "ID Number": "14210908"
  },
  {
    "ID Number": "14238756"
  },
  {
    "ID Number": "14210410"
  },
  {
    "ID Number": "14222329"
  },
  {
    "ID Number": "14202310"
  },
  {
    "ID Number": "14242699"
  },
  {
    "ID Number": "14200384"
  },
  {
    "ID Number": "14200244"
  },
  {
    "ID Number": "14209683"
  },
  {
    "ID Number": "14226960"
  },
  {
    "ID Number": "14203391"
  },
  {
    "ID Number": "14218992"
  },
  {
    "ID Number": "14200880"
  },
  {
    "ID Number": "14222469"
  },
  {
    "ID Number": "14233061"
  },
  {
    "ID Number": "14208679"
  },
  {
    "ID Number": "14226979"
  },
  {
    "ID Number": "14207389"
  },
  {
    "ID Number": "14202360"
  },
  {
    "ID Number": "14210258"
  },
  {
    "ID Number": "14219573"
  },
  {
    "ID Number": "14209500"
  },
  {
    "ID Number": "14206595"
  },
  {
    "ID Number": "14226766"
  },
  {
    "ID Number": "14244578"
  },
  {
    "ID Number": "14212838"
  },
  {
    "ID Number": "14215934"
  },
  {
    "ID Number": "14223422"
  },
  {
    "ID Number": "14217554"
  },
  {
    "ID Number": "14210223"
  },
  {
    "ID Number": "14207370"
  },
  {
    "ID Number": "14243407"
  },
  {
    "ID Number": "14231840"
  },
  {
    "ID Number": "14210533"
  },
  {
    "ID Number": "14210444"
  },
  {
    "ID Number": "14211106"
  },
  {
    "ID Number": "14219948"
  },
  {
    "ID Number": "14219271"
  },
  {
    "ID Number": "14229404"
  },
  {
    "ID Number": "14201143"
  },
  {
    "ID Number": "14200600"
  },
  {
    "ID Number": "14200996"
  },
  {
    "ID Number": "14201933"
  },
  {
    "ID Number": "14204495"
  },
  {
    "ID Number": "14206749"
  },
  {
    "ID Number": "14237008"
  },
  {
    "ID Number": "14239515"
  },
  {
    "ID Number": "14226030"
  },
  {
    "ID Number": "14218658"
  },
  {
    "ID Number": "14231425"
  },
  {
    "ID Number": "14227657"
  },
  {
    "ID Number": "14216795"
  },
  {
    "ID Number": "14212056"
  },
  {
    "ID Number": "14202620"
  },
  {
    "ID Number": "14217570"
  },
  {
    "ID Number": "14205653"
  },
  {
    "ID Number": "14238918"
  },
  {
    "ID Number": "14227410"
  },
  {
    "ID Number": "14205394"
  },
  {
    "ID Number": "14211114"
  },
  {
    "ID Number": "14214482"
  },
  {
    "ID Number": "14218224"
  },
  {
    "ID Number": "14232987"
  },
  {
    "ID Number": "14208989"
  },
  {
    "ID Number": "14230968"
  },
  {
    "ID Number": "14211122"
  },
  {
    "ID Number": "14214512"
  },
  {
    "ID Number": "14200830"
  },
  {
    "ID Number": "14234815"
  },
  {
    "ID Number": "14233991"
  },
  {
    "ID Number": "14220563"
  },
  {
    "ID Number": "14210231"
  },
  {
    "ID Number": "14210746"
  },
  {
    "ID Number": "14233878"
  },
  {
    "ID Number": "14222485"
  },
  {
    "ID Number": "14203430"
  },
  {
    "ID Number": "14236036"
  },
  {
    "ID Number": "14234254"
  },
  {
    "ID Number": "14203707"
  },
  {
    "ID Number": "14206927"
  },
  {
    "ID Number": "14235986"
  },
  {
    "ID Number": "14227665"
  },
  {
    "ID Number": "14223074"
  },
  {
    "ID Number": "14206528"
  },
  {
    "ID Number": "14209128"
  },
  {
    "ID Number": "14229765"
  },
  {
    "ID Number": "14228106"
  },
  {
    "ID Number": "14227029"
  },
  {
    "ID Number": "14205742"
  },
  {
    "ID Number": "14204541"
  },
  {
    "ID Number": "14204630"
  },
  {
    "ID Number": "14206080"
  },
  {
    "ID Number": "14215764"
  },
  {
    "ID Number": "14233070"
  },
  {
    "ID Number": "14234203"
  },
  {
    "ID Number": "14226545"
  },
  {
    "ID Number": "14225492"
  },
  {
    "ID Number": "14235293"
  },
  {
    "ID Number": "14203774"
  },
  {
    "ID Number": "14231026"
  },
  {
    "ID Number": "14212811"
  },
  {
    "ID Number": "14229773"
  },
  {
    "ID Number": "14215942"
  },
  {
    "ID Number": "14211130"
  },
  {
    "ID Number": "14210622"
  },
  {
    "ID Number": "14203910"
  },
  {
    "ID Number": "14200848"
  },
  {
    "ID Number": "14216779"
  },
  {
    "ID Number": "14203448"
  },
  {
    "ID Number": "14230291"
  },
  {
    "ID Number": "14216094"
  },
  {
    "ID Number": "14201496"
  },
  {
    "ID Number": "14214598"
  },
  {
    "ID Number": "14200619"
  },
  {
    "ID Number": "14221837"
  },
  {
    "ID Number": "14201780"
  },
  {
    "ID Number": "14209144"
  },
  {
    "ID Number": "14213192"
  },
  {
    "ID Number": "14227436"
  },
  {
    "ID Number": "14229153"
  },
  {
    "ID Number": "14243032"
  },
  {
    "ID Number": "14209349"
  },
  {
    "ID Number": "14201356"
  },
  {
    "ID Number": "14236850"
  },
  {
    "ID Number": "151105017"
  },
  {
    "ID Number": "14210703"
  },
  {
    "ID Number": "14201062"
  },
  {
    "ID Number": "14205459"
  },
  {
    "ID Number": "14206340"
  },
  {
    "ID Number": "14224526"
  },
  {
    "ID Number": "14220873"
  },
  {
    "ID Number": "14222507"
  },
  {
    "ID Number": "14220857"
  },
  {
    "ID Number": "14207702"
  },
  {
    "ID Number": "14228530"
  },
  {
    "ID Number": "14230518"
  },
  {
    "ID Number": "14211165"
  },
  {
    "ID Number": "14210541"
  },
  {
    "ID Number": "14224208"
  },
  {
    "ID Number": "14200775"
  },
  {
    "ID Number": "14216108"
  },
  {
    "ID Number": "14212463"
  },
  {
    "ID Number": "14201127"
  },
  {
    "ID Number": "14236583"
  },
  {
    "ID Number": "14230305"
  },
  {
    "ID Number": "14232480"
  },
  {
    "ID Number": "14227924"
  },
  {
    "ID Number": "14209977"
  },
  {
    "ID Number": "14231867"
  },
  {
    "ID Number": "14231875"
  },
  {
    "ID Number": "14216671"
  },
  {
    "ID Number": "14202816"
  },
  {
    "ID Number": "14219298"
  },
  {
    "ID Number": "14205696"
  },
  {
    "ID Number": "14238055"
  },
  {
    "ID Number": "14226340"
  },
  {
    "ID Number": "14212412"
  },
  {
    "ID Number": "14237440"
  },
  {
    "ID Number": "14208881"
  },
  {
    "ID Number": "14231476"
  },
  {
    "ID Number": "14215780"
  },
  {
    "ID Number": "14225760"
  },
  {
    "ID Number": "14204010"
  },
  {
    "ID Number": "14230011"
  },
  {
    "ID Number": "14215772"
  },
  {
    "ID Number": "14212390"
  },
  {
    "ID Number": "14237458"
  },
  {
    "ID Number": "14215799"
  },
  {
    "ID Number": "14227037"
  },
  {
    "ID Number": "14212072"
  },
  {
    "ID Number": "14231506"
  },
  {
    "ID Number": "14230020"
  },
  {
    "ID Number": "14211203"
  },
  {
    "ID Number": "14211572"
  },
  {
    "ID Number": "14234831"
  },
  {
    "ID Number": "14234785"
  },
  {
    "ID Number": "14207710"
  },
  {
    "ID Number": "14228092"
  },
  {
    "ID Number": "14244756"
  },
  {
    "ID Number": "14231522"
  },
  {
    "ID Number": "14230313"
  },
  {
    "ID Number": "14224755"
  },
  {
    "ID Number": "14216507"
  },
  {
    "ID Number": "14216515"
  },
  {
    "ID Number": "14211769"
  },
  {
    "ID Number": "14233967"
  },
  {
    "ID Number": "14213630"
  },
  {
    "ID Number": "14201526"
  },
  {
    "ID Number": "14239094"
  },
  {
    "ID Number": "14206404"
  },
  {
    "ID Number": "14219611"
  },
  {
    "ID Number": "14244969"
  },
  {
    "ID Number": "14214725"
  },
  {
    "ID Number": "14218828"
  },
  {
    "ID Number": "14203057"
  },
  {
    "ID Number": "14232685"
  },
  {
    "ID Number": "14201445"
  },
  {
    "ID Number": "14232944"
  },
  {
    "ID Number": "14214741"
  },
  {
    "ID Number": "14231913"
  },
  {
    "ID Number": "14226073"
  },
  {
    "ID Number": "14212455"
  },
  {
    "ID Number": "14244462"
  },
  {
    "ID Number": "14218720"
  },
  {
    "ID Number": "14201232"
  },
  {
    "ID Number": "14214768"
  },
  {
    "ID Number": "14219905"
  },
  {
    "ID Number": "14206536"
  },
  {
    "ID Number": "14205408"
  },
  {
    "ID Number": "14214792"
  },
  {
    "ID Number": "14233487"
  },
  {
    "ID Number": "14236974"
  },
  {
    "ID Number": "14225514"
  },
  {
    "ID Number": "14217660"
  },
  {
    "ID Number": "14205572"
  },
  {
    "ID Number": "14228564"
  },
  {
    "ID Number": "14233312"
  },
  {
    "ID Number": "14222752"
  },
  {
    "ID Number": "14207397"
  },
  {
    "ID Number": "14206153"
  },
  {
    "ID Number": "14201860"
  },
  {
    "ID Number": "14217252"
  },
  {
    "ID Number": "14230992"
  },
  {
    "ID Number": "14231018"
  },
  {
    "ID Number": "14231930"
  },
  {
    "ID Number": "14229862"
  },
  {
    "ID Number": "14214806"
  },
  {
    "ID Number": "14225522"
  },
  {
    "ID Number": "14216680"
  },
  {
    "ID Number": "14202131"
  },
  {
    "ID Number": "14206170"
  },
  {
    "ID Number": "14218305"
  },
  {
    "ID Number": "14228980"
  },
  {
    "ID Number": "14209080"
  },
  {
    "ID Number": "14226081"
  },
  {
    "ID Number": "14220954"
  },
  {
    "ID Number": "14249090"
  },
  {
    "ID Number": "14226421"
  },
  {
    "ID Number": "14213699"
  },
  {
    "ID Number": "14217732"
  },
  {
    "ID Number": "14216213"
  },
  {
    "ID Number": "14211939"
  },
  {
    "ID Number": "14214849"
  },
  {
    "ID Number": "14226090"
  },
  {
    "ID Number": "14229781"
  },
  {
    "ID Number": "14203820"
  },
  {
    "ID Number": "14235323"
  },
  {
    "ID Number": "14233118"
  },
  {
    "ID Number": "14208059"
  },
  {
    "ID Number": "14210142"
  },
  {
    "ID Number": "14204851"
  },
  {
    "ID Number": "14216116"
  },
  {
    "ID Number": "14227339"
  },
  {
    "ID Number": "14222531"
  },
  {
    "ID Number": "14225271"
  },
  {
    "ID Number": "14237601"
  },
  {
    "ID Number": "14207362"
  },
  {
    "ID Number": "14218844"
  },
  {
    "ID Number": "14232359"
  },
  {
    "ID Number": "14221985"
  },
  {
    "ID Number": "14210355"
  },
  {
    "ID Number": "14228572"
  },
  {
    "ID Number": "14227711"
  },
  {
    "ID Number": "14232081"
  },
  {
    "ID Number": "14205173"
  },
  {
    "ID Number": "14207460"
  },
  {
    "ID Number": "14210916"
  },
  {
    "ID Number": "14212510"
  },
  {
    "ID Number": "14227088"
  },
  {
    "ID Number": "14212552"
  },
  {
    "ID Number": "14226812"
  },
  {
    "ID Number": "14210363"
  },
  {
    "ID Number": "14206978"
  },
  {
    "ID Number": "14231581"
  },
  {
    "ID Number": "14244500"
  },
  {
    "ID Number": "14225808"
  },
  {
    "ID Number": "14227452"
  },
  {
    "ID Number": "14222540"
  },
  {
    "ID Number": "14230348"
  },
  {
    "ID Number": "14234238"
  },
  {
    "ID Number": "14219816"
  },
  {
    "ID Number": "14218739"
  },
  {
    "ID Number": "14238101"
  },
  {
    "ID Number": "14209039"
  },
  {
    "ID Number": "14236230"
  },
  {
    "ID Number": "14228971"
  },
  {
    "ID Number": "14213524"
  },
  {
    "ID Number": "14208890"
  },
  {
    "ID Number": "14219921"
  },
  {
    "ID Number": "14217279"
  },
  {
    "ID Number": "14244314"
  },
  {
    "ID Number": "14241056"
  },
  {
    "ID Number": "14242079"
  },
  {
    "ID Number": "14211254"
  },
  {
    "ID Number": "14204177"
  },
  {
    "ID Number": "14214954"
  },
  {
    "ID Number": "14211262"
  },
  {
    "ID Number": "14213320"
  },
  {
    "ID Number": "14232324"
  },
  {
    "ID Number": "14230062"
  },
  {
    "ID Number": "14225778"
  },
  {
    "ID Number": "14225530"
  },
  {
    "ID Number": "14239965"
  },
  {
    "ID Number": "14212684"
  },
  {
    "ID Number": "14238446"
  },
  {
    "ID Number": "14210185"
  },
  {
    "ID Number": "14201364"
  },
  {
    "ID Number": "14205785"
  },
  {
    "ID Number": "14205793"
  },
  {
    "ID Number": "14225298"
  },
  {
    "ID Number": "14208113"
  },
  {
    "ID Number": "14227959"
  },
  {
    "ID Number": "14201372"
  },
  {
    "ID Number": "14214962"
  },
  {
    "ID Number": "14232677"
  },
  {
    "ID Number": "14244080"
  },
  {
    "ID Number": "14211289"
  },
  {
    "ID Number": "14218291"
  },
  {
    "ID Number": "14218771"
  },
  {
    "ID Number": "14227266"
  },
  {
    "ID Number": "14237512"
  },
  {
    "ID Number": "14212170"
  },
  {
    "ID Number": "14212595"
  },
  {
    "ID Number": "14238110"
  },
  {
    "ID Number": "14239183"
  },
  {
    "ID Number": "14211777"
  },
  {
    "ID Number": "14216744"
  },
  {
    "ID Number": "14201992"
  },
  {
    "ID Number": "14201011"
  },
  {
    "ID Number": "14219786"
  },
  {
    "ID Number": "14207915"
  },
  {
    "ID Number": "14216140"
  },
  {
    "ID Number": "14202077"
  },
  {
    "ID Number": "14221110"
  },
  {
    "ID Number": "14211300"
  },
  {
    "ID Number": "14212528"
  },
  {
    "ID Number": "14206803"
  },
  {
    "ID Number": "14212374"
  },
  {
    "ID Number": "14202000"
  },
  {
    "ID Number": "14238241"
  },
  {
    "ID Number": "14237288"
  },
  {
    "ID Number": "14237911"
  },
  {
    "ID Number": "14228637"
  },
  {
    "ID Number": "14231590"
  },
  {
    "ID Number": "14206811"
  },
  {
    "ID Number": "14241226"
  },
  {
    "ID Number": "14249456"
  },
  {
    "ID Number": "14215055"
  },
  {
    "ID Number": "14222060"
  },
  {
    "ID Number": "14215071"
  },
  {
    "ID Number": "14222825"
  },
  {
    "ID Number": "14201100"
  },
  {
    "ID Number": "14237792"
  },
  {
    "ID Number": "14211874"
  },
  {
    "ID Number": "14211882"
  },
  {
    "ID Number": "14204940"
  },
  {
    "ID Number": "14230070"
  },
  {
    "ID Number": "14230089"
  },
  {
    "ID Number": "14200058"
  },
  {
    "ID Number": "14205807"
  },
  {
    "ID Number": "14218798"
  },
  {
    "ID Number": "14217112"
  },
  {
    "ID Number": "14204380"
  },
  {
    "ID Number": "14202700"
  },
  {
    "ID Number": "14225859"
  },
  {
    "ID Number": "14206986"
  },
  {
    "ID Number": "14209420"
  },
  {
    "ID Number": "14236923"
  },
  {
    "ID Number": "14224550"
  },
  {
    "ID Number": "14203081"
  },
  {
    "ID Number": "14227100"
  },
  {
    "ID Number": "14211319"
  },
  {
    "ID Number": "14224402"
  },
  {
    "ID Number": "14232375"
  },
  {
    "ID Number": "14240718"
  },
  {
    "ID Number": "14207443"
  },
  {
    "ID Number": "14206439"
  },
  {
    "ID Number": "14203693"
  },
  {
    "ID Number": "14212200"
  },
  {
    "ID Number": "14229803"
  },
  {
    "ID Number": "14220059"
  },
  {
    "ID Number": "14244543"
  },
  {
    "ID Number": "14231972"
  },
  {
    "ID Number": "14224259"
  },
  {
    "ID Number": "14208520"
  },
  {
    "ID Number": "14201437"
  },
  {
    "ID Number": "14236508"
  },
  {
    "ID Number": "14215861"
  },
  {
    "ID Number": "14211840"
  },
  {
    "ID Number": "14222582"
  },
  {
    "ID Number": "14222590"
  },
  {
    "ID Number": "14234424"
  },
  {
    "ID Number": "14244160"
  },
  {
    "ID Number": "14207427"
  },
  {
    "ID Number": "14212358"
  },
  {
    "ID Number": "14236516"
  },
  {
    "ID Number": "14211335"
  },
  {
    "ID Number": "14204193"
  },
  {
    "ID Number": "14204207"
  },
  {
    "ID Number": "14243857"
  },
  {
    "ID Number": "14229250"
  },
  {
    "ID Number": "14227126"
  },
  {
    "ID Number": "14236192"
  },
  {
    "ID Number": "14219204"
  },
  {
    "ID Number": "14227754"
  },
  {
    "ID Number": "14231980"
  },
  {
    "ID Number": "14211343"
  },
  {
    "ID Number": "14207788"
  },
  {
    "ID Number": "14203863"
  },
  {
    "ID Number": "14205602"
  },
  {
    "ID Number": "14207010"
  },
  {
    "ID Number": "14215179"
  },
  {
    "ID Number": "14209438"
  },
  {
    "ID Number": "14201216"
  },
  {
    "ID Number": "14235633"
  },
  {
    "ID Number": "14218135"
  },
  {
    "ID Number": "14220067"
  },
  {
    "ID Number": "14205300"
  },
  {
    "ID Number": "14212307"
  },
  {
    "ID Number": "14211602"
  },
  {
    "ID Number": "14202298"
  },
  {
    "ID Number": "14239213"
  },
  {
    "ID Number": "14219956"
  },
  {
    "ID Number": "14226626"
  },
  {
    "ID Number": "14237806"
  },
  {
    "ID Number": "14223473"
  },
  {
    "ID Number": "14225565"
  },
  {
    "ID Number": "14230143"
  },
  {
    "ID Number": "14233177"
  },
  {
    "ID Number": "14204959"
  },
  {
    "ID Number": "14221225"
  },
  {
    "ID Number": "14229854"
  },
  {
    "ID Number": "14213567"
  },
  {
    "ID Number": "14213575"
  },
  {
    "ID Number": "14205475"
  },
  {
    "ID Number": "14205483"
  },
  {
    "ID Number": "14207451"
  },
  {
    "ID Number": "14212668"
  },
  {
    "ID Number": "14221233"
  },
  {
    "ID Number": "14225867"
  },
  {
    "ID Number": "14227762"
  },
  {
    "ID Number": "14227770"
  },
  {
    "ID Number": "14225875"
  },
  {
    "ID Number": "14229455"
  },
  {
    "ID Number": "14216841"
  },
  {
    "ID Number": "14209446"
  },
  {
    "ID Number": "14223945"
  },
  {
    "ID Number": "14227789"
  },
  {
    "ID Number": "14212102"
  },
  {
    "ID Number": "14224267"
  },
  {
    "ID Number": "14209454"
  },
  {
    "ID Number": "14228688"
  },
  {
    "ID Number": "14201259"
  },
  {
    "ID Number": "14202727"
  },
  {
    "ID Number": "14209527"
  },
  {
    "ID Number": "14210495"
  },
  {
    "ID Number": "14218267"
  },
  {
    "ID Number": "14213389"
  },
  {
    "ID Number": "14202743"
  },
  {
    "ID Number": "14202182"
  },
  {
    "ID Number": "14230909"
  },
  {
    "ID Number": "14202441"
  },
  {
    "ID Number": "14201305"
  },
  {
    "ID Number": "14202247"
  },
  {
    "ID Number": "14209462"
  },
  {
    "ID Number": "14237237"
  },
  {
    "ID Number": "14231093"
  },
  {
    "ID Number": "14203626"
  },
  {
    "ID Number": "14235374"
  },
  {
    "ID Number": "14213400"
  },
  {
    "ID Number": "14242729"
  },
  {
    "ID Number": "14217872"
  },
  {
    "ID Number": "14213419"
  },
  {
    "ID Number": "14228017"
  },
  {
    "ID Number": "14233134"
  },
  {
    "ID Number": "14223236"
  },
  {
    "ID Number": "14212323"
  },
  {
    "ID Number": "14203103"
  },
  {
    "ID Number": "14212404"
  },
  {
    "ID Number": "14201399"
  },
  {
    "ID Number": "14238705"
  },
  {
    "ID Number": "14230917"
  },
  {
    "ID Number": "14234092"
  },
  {
    "ID Number": "14203251"
  },
  {
    "ID Number": "14212420"
  },
  {
    "ID Number": "14226634"
  },
  {
    "ID Number": "14243776"
  },
  {
    "ID Number": "14233525"
  },
  {
    "ID Number": "14224283"
  },
  {
    "ID Number": "14218240"
  },
  {
    "ID Number": "14207419"
  },
  {
    "ID Number": "14209586"
  },
  {
    "ID Number": "14204070"
  },
  {
    "ID Number": "14215411"
  },
  {
    "ID Number": "14207796"
  },
  {
    "ID Number": "14212234"
  },
  {
    "ID Number": "14219735"
  },
  {
    "ID Number": "14215438"
  },
  {
    "ID Number": "14238713"
  },
  {
    "ID Number": "14223490"
  },
  {
    "ID Number": "14233886"
  },
  {
    "ID Number": "14232308"
  },
  {
    "ID Number": "14217937"
  },
  {
    "ID Number": "14223970"
  },
  {
    "ID Number": "14202778"
  },
  {
    "ID Number": "14210550"
  },
  {
    "ID Number": "14209160"
  },
  {
    "ID Number": "14213443"
  },
  {
    "ID Number": "14215470"
  },
  {
    "ID Number": "14215918"
  },
  {
    "ID Number": "14209853"
  },
  {
    "ID Number": "14243520"
  },
  {
    "ID Number": "14225344"
  },
  {
    "ID Number": "14233240"
  },
  {
    "ID Number": "14229293"
  },
  {
    "ID Number": "14210738"
  },
  {
    "ID Number": "14211378"
  },
  {
    "ID Number": "14204096"
  },
  {
    "ID Number": "14237571"
  },
  {
    "ID Number": "14236214"
  },
  {
    "ID Number": "14201429"
  },
  {
    "ID Number": "14200155"
  },
  {
    "ID Number": "14205262"
  },
  {
    "ID Number": "14201801"
  },
  {
    "ID Number": "14202786"
  },
  {
    "ID Number": "14204649"
  },
  {
    "ID Number": "14205270"
  },
  {
    "ID Number": "14210002"
  },
  {
    "ID Number": "14230194"
  },
  {
    "ID Number": "14230208"
  },
  {
    "ID Number": "14210401"
  },
  {
    "ID Number": "14205386"
  },
  {
    "ID Number": "14236117"
  },
  {
    "ID Number": "14203677"
  },
  {
    "ID Number": "14204088"
  },
  {
    "ID Number": "14201070"
  },
  {
    "ID Number": "14217171"
  },
  {
    "ID Number": "14204223"
  },
  {
    "ID Number": "14201615"
  },
  {
    "ID Number": "14227215"
  },
  {
    "ID Number": "14218704"
  },
  {
    "ID Number": "14244551"
  },
  {
    "ID Number": "14235900"
  },
  {
    "ID Number": "14235196"
  },
  {
    "ID Number": "14233231"
  },
  {
    "ID Number": "14228955"
  },
  {
    "ID Number": "14229463"
  },
  {
    "ID Number": "14233584"
  },
  {
    "ID Number": "14236710"
  },
  {
    "ID Number": "14204487"
  },
  {
    "ID Number": "14221322"
  },
  {
    "ID Number": "14203987"
  },
  {
    "ID Number": "14232855"
  },
  {
    "ID Number": "14235935"
  },
  {
    "ID Number": "14230801"
  },
  {
    "ID Number": "14232316"
  },
  {
    "ID Number": "14219492"
  },
  {
    "ID Number": "14229595"
  },
  {
    "ID Number": "14244020"
  },
  {
    "ID Number": "14223988"
  },
  {
    "ID Number": "14223384"
  },
  {
    "ID Number": "14205319"
  },
  {
    "ID Number": "14232006"
  },
  {
    "ID Number": "14238160"
  },
  {
    "ID Number": "14218496"
  },
  {
    "ID Number": "14222620"
  },
  {
    "ID Number": "14212331"
  },
  {
    "ID Number": "14218321"
  },
  {
    "ID Number": "14237580"
  },
  {
    "ID Number": "14226375"
  },
  {
    "ID Number": "14234378"
  },
  {
    "ID Number": "14207281"
  },
  {
    "ID Number": "14222264"
  },
  {
    "ID Number": "14227495"
  },
  {
    "ID Number": "14211386"
  },
  {
    "ID Number": "14210878"
  },
  {
    "ID Number": "14243067"
  },
  {
    "ID Number": "14201747"
  },
  {
    "ID Number": "14200040"
  },
  {
    "ID Number": "14222310"
  },
  {
    "ID Number": "14236958"
  },
  {
    "ID Number": "14226138"
  },
  {
    "ID Number": "14204983"
  },
  {
    "ID Number": "14201828"
  },
  {
    "ID Number": "14227223"
  },
  {
    "ID Number": "14223805"
  },
  {
    "ID Number": "14230216"
  },
  {
    "ID Number": "14234360"
  },
  {
    "ID Number": "14240246"
  },
  {
    "ID Number": "14223503"
  },
  {
    "ID Number": "14218852"
  },
  {
    "ID Number": "14228050"
  },
  {
    "ID Number": "14210010"
  },
  {
    "ID Number": "14235315"
  }
]