[
  {
    "ID Number": "9700374"
  },
  {
    "ID Number": "14309416"
  },
  {
    "ID Number": "9700463"
  },
  {
    "ID Number": "9700358"
  },
  {
    "ID Number": "9700676"
  },
  {
    "ID Number": "6205690"
  },
  {
    "ID Number": "16213831"
  },
  {
    "ID Number": "9700420"
  },
  {
    "ID Number": "9700072"
  },
  {
    "ID Number": "9701958"
  },
  {
    "ID Number": "9700714"
  },
  {
    "ID Number": "9700455"
  },
  {
    "ID Number": "9700323"
  },
  {
    "ID Number": "9701010"
  },
  {
    "ID Number": "9700056"
  },
  {
    "ID Number": "9700099"
  },
  {
    "ID Number": "9700749"
  },
  {
    "ID Number": "9700684"
  },
  {
    "ID Number": "9700536"
  },
  {
    "ID Number": "9700382"
  },
  {
    "ID Number": "9700765"
  },
  {
    "ID Number": "9700331"
  },
  {
    "ID Number": "19601301"
  },
  {
    "ID Number": "9700692"
  },
  {
    "ID Number": "9700730"
  },
  {
    "ID Number": "9701036"
  },
  {
    "ID Number": "9700404"
  }
]