ID Number,Name,Fed,Sex,Title,WTit,OTit,Rating,Gms,K,RatingMonth,B-day,Flag
6405533,"Abad, Delvin",DOM,M,,,,1869,0,40,AUG25,1980,i
6421369,"Abreu Beltre, Luigi",DOM,M,,,,1824,0,40,AUG25,1988,i
6408508,"Abreu De Leon, Francisco Jose",DOM,M,,,,1969,0,40,AUG25,1988,i
6431364,"Abreu Fernandez, Tomas",DOM,M,,,,1659,0,20,AUG25,1961,i
6405525,"Abreu Jean, Carlos Paul",DOM,M,FM,,,2274,0,20,AUG25,1990,
6402712,"Abreu Rodriguez, Juan Luis",DOM,M,,,,1785,0,20,AUG25,1991,i
6409121,"Abreu Rosa, Carlos Rafael",DOM,M,,,,1861,0,40,AUG25,1982,i
6427596,"Abreu Tejeda, Jocarlin de Jesus",DOM,M,,,,1885,0,40,AUG25,1999,i
6400035,"Abreu, Jorge D.",DOM,M,IM,,,2381,0,10,AUG25,1958,i
6401791,"Abreu, Rafael Antonio",DOM,M,,,,1827,0,20,AUG25,1953,i
6417043,"Acero Alcantara, Eslokaren",DOM,F,,,,1660,0,40,AUG25,1999,wi
6400400,"Acevedo Vargas, Julio",DOM,M,,NA,,1850,6,20,AUG25,1963,
6422624,"Acevero Vargas, Frank Verlyn",DOM,M,,,,1718,0,40,AUG25,1998,i
6431054,"Acosta Almonte, Peter Junior",DOM,M,,,,1783,0,20,AUG25,1995,i
6430813,"Acosta Gonzalez, Pedro Emmanuel",DOM,M,,,,1762,0,40,AUG25,1984,i
6409130,"Acosta Rodriguez, Ruben Dario",DOM,M,,,,1948,0,40,AUG25,1967,i
6407862,"Acosta, Andres",DOM,M,,,,1885,0,20,AUG25,1974,
6417167,"Acosta, Manuel De Jesus",DOM,M,,,,1879,0,40,AUG25,1971,i
6437532,"Adames Cabrera, Yovanny Enmanuel",DOM,M,,,,1744,0,40,AUG25,1985,
6406122,"Adames Ramirez, Carlos",DOM,M,,,,1917,0,20,AUG25,1982,
6400477,"Adames Rojas, Ariella",DOM,F,,,,1731,0,20,AUG25,1985,w
6400930,"Adames, Augusto Antonio",DOM,M,,,,2057,0,20,AUG25,1963,
6413064,"Agramonte Ramirez, Jorge Luis",DOM,M,,,,1792,0,20,AUG25,1995,i
6426824,"Aguavivas Bello, Manuel Alejandro",DOM,M,,,,1836,0,40,AUG25,1999,i
6434908,"Aguero Mercedes, Rose Esmeralda",DOM,F,,,,1607,2,40,AUG25,2011,w
6405231,"Aguilera Polanco, Robison Jacinto",DOM,M,,,,1758,0,40,AUG25,1984,i
6434550,"Alcala Del Rosario, Julio Angel",DOM,M,,,,1738,0,40,AUG25,1981,i
6419771,"Alcantara Marte, Joan Marcelino",DOM,M,,,,AFM,1862,0,AUG25,1994,i
6417329,"Alcantara Matos, Digno Jose",DOM,M,,,,1929,0,20,AUG25,1968,i
6409911,"Alcantara Urbaez, Richard Leandro",DOM,M,,,,1817,0,20,AUG25,1981,
6401180,"Alcantara, Ray",DOM,M,,,,2036,0,20,AUG25,1967,i
6401279,"Alegria, Abel",DOM,M,,,,2097,7,20,AUG25,1957,
6416845,"Alfau Sencion, Lisbeth",DOM,F,,,,1803,0,20,AUG25,1996,wi
6411517,"Almanzar Flores, Pedro Manuel",DOM,M,,,,1875,0,20,AUG25,1966,
6408540,"Almanzar Peralta, Felix Javier",DOM,M,,,,1909,0,40,AUG25,1989,i
6433855,"Almanzar Sosa, Jhuly Pavel",DOM,M,,,,1635,0,40,AUG25,2005,
6427090,"Almanzar Suriel, Christopher",DOM,M,,,,1560,0,40,AUG25,1998,i
6406505,"Almanzar Vasquez, Jeniffer Maria",DOM,F,WCM,WCM,,1811,0,20,AUG25,1993,w
6407455,"Almonte Almanzar, Jose Amado",DOM,M,,,,1833,0,20,AUG25,1962,i
6407544,"Almonte Rodriguez, Jose Gregorio",DOM,M,,,,1888,0,40,AUG25,1992,i
6437354,"Almonte Rosario, Bruno Said",DOM,M,,,,1505,6,40,AUG25,2016,
6409431,"Almonte, Denio",DOM,M,,,,1849,0,40,AUG25,1981,
6400310,"Alvarado Sepulveda, Nelson Damian",DOM,M,FM,,,2188,7,20,AUG25,1967,
6428800,"Alvarez Concepcion, Cristian Gonzalo",DOM,M,,,,1920,13,20,AUG25,2003,
6428797,"Alvarez Concepcion, Sebastian Gonzalo",DOM,M,,,,1809,0,40,AUG25,2000,i
6400108,"Alvarez Efres, Franklin Rafael",DOM,M,,,,2052,0,20,AUG25,1956,i
6426786,"Alvarez German, Leander",DOM,M,,,,1926,0,40,AUG25,1999,i
6419666,"Alvarez Leger, Angel Maria",DOM,M,,,,1927,0,40,AUG25,1948,i
6424538,"Alvarez Leger, David",DOM,M,,,,1597,0,40,AUG25,1960,i
6400906,"Amador Cedano, Benedicto Eurispides",DOM,M,,,,1848,0,20,AUG25,1967,i
6400205,"Amador Lorenzo, Braulio",DOM,M,,,,1907,0,40,AUG25,1988,i
6436137,"Amarante Garcia, Kendal Celestino",DOM,M,,,,1970,0,20,AUG25,1994,
6406297,"Ame Carela, Roy Elvis",DOM,M,,,,1883,0,40,AUG25,1981,i
6403131,"Amparo Acosta, Walther Antonio",DOM,M,,,,1831,0,40,AUG25,1978,i
6426107,"Amparo Encarnacion, Carlos Alfredo",DOM,M,,,,1660,0,40,AUG25,2001,
6412521,"Amparo, Edwin",DOM,M,,,,1899,0,40,AUG25,1984,i
6425380,"Andujar Diaz, Pablo",DOM,M,,,,1785,0,40,AUG25,2001,
6401376,"Angeles Nunez, Alberto",DOM,M,,,,2027,0,20,AUG25,1971,i
6415547,"Aquino Castillo, Leonardo",DOM,M,,,,1681,6,40,AUG25,1973,
6421652,"Aquino Ortiz, Luis Manuel",DOM,M,,,,2073,0,40,AUG25,1973,i
6412963,"Aquino, Lenny",DOM,M,,,,1815,0,40,AUG25,0,i
6422683,"Araque Caballero, Humberto",DOM,M,,,,1720,0,40,AUG25,2002,i
6416896,"Araujo Sanchez, Josue",DOM,M,IM,,,2314,5,20,AUG25,2001,
6401244,"Argomaniz, Francis",DOM,M,,,,1926,0,40,AUG25,1948,i
6422071,"Arias Batista, Eligio Querido",DOM,M,,,,1788,0,40,AUG25,1998,i
6403174,"Arias Diaz, Ernesto Antonio",DOM,M,,,,1942,0,20,AUG25,1986,i
6407552,"Arias Gil, Frankely Rafael",DOM,M,,NA,,1866,0,20,AUG25,1992,
6425399,"Arias Taveras, Erick Vladimir",DOM,M,,,,1587,0,40,AUG25,2010,i
6435513,"Arias Valdez, Franyel",DOM,M,,,,1677,0,40,AUG25,2003,i
6400655,"Arias, William Alfredo",DOM,M,CM,,,1958,3,20,AUG25,1968,
6402720,"Arvelo Leo, Gian Carlo",DOM,M,FM,,,2188,0,20,AUG25,1988,
6425194,"Ayats Marcelo, Esoj Leugim",DOM,M,,SI,,1892,0,20,AUG25,2006,
6402143,"Aybar Portes, Omayra",DOM,F,,,,1888,0,20,AUG25,1979,wi
6407854,"Aybar Reyes, Eladio Alberto",DOM,M,,,,1968,0,20,AUG25,0,i
6407650,"Baez Alcantara, Anibal Jose",DOM,M,,,,1928,0,40,AUG25,1987,
6423361,"Baez Batista, Juan Junior",DOM,M,,,,1657,0,40,AUG25,1994,i
6416250,"Baez Fondeur, Maximo Bolivar",DOM,M,,,,1774,0,40,AUG25,1994,i
6425569,"Baez Medrano, Manuel Emilio",DOM,M,,,,1800,0,40,AUG25,1966,i
6425895,"Baez Soto, Carlos Alberto",DOM,M,,,,1811,0,40,AUG25,1974,i
6400167,"Baez, Sayonara",DOM,F,,,,2005,0,20,AUG25,1964,wi
6410057,"Barias Aquino, Tomas",DOM,M,,,,1822,0,40,AUG25,1972,i
2139359,"Barjan Pinedo, Jose Antonio",DOM,M,CM,,,2090,0,20,AUG25,1961,i
6423248,"Batista Almanzar, Israel Antonio",DOM,M,,,,1756,0,40,AUG25,2001,i
6416276,"Batista Crispin, Kenny Leonardo",DOM,M,,,,1843,0,40,AUG25,1980,i
6425755,"Batista Penalo, Darlyn Alexander",DOM,M,,,,1759,0,40,AUG25,1998,
6416730,"Batista Serrano, Angel Yuliano",DOM,M,,,,1705,0,40,AUG25,1999,i
6408559,"Batlle Ysa, Rafael Jorge",DOM,M,,,,1927,0,20,AUG25,1980,i
6418210,"Bautista, Angelica",DOM,F,,,,1540,0,40,AUG25,1995,wi
6421512,"Beato, Jezabel",DOM,M,,,,1767,0,40,AUG25,1998,i
6404065,"Beevers, Luis",DOM,M,,,,1980,0,40,AUG25,1987,i
6404073,"Beevers, Victor",DOM,M,,,,2007,0,40,AUG25,1988,i
6401805,"Belliard Alonzo, Julio Cesar",DOM,M,,,,1759,0,20,AUG25,1950,i
6400213,"Belliard Alonzo, Luis Manuel",DOM,M,,,,2157,0,20,AUG25,1946,i
6400116,"Belliard, Hector Julian",DOM,M,,,,2144,0,20,AUG25,1948,i
6417353,"Bello Herrera, Darwin Smith",DOM,M,,,,1825,0,20,AUG25,1996,i
6437800,"Bello Marizan, Eric Ramon",DOM,M,,,,1541,7,40,AUG25,2010,
6425763,Beltre Diaz Omir Olanex,DOM,M,,,,1945,0,40,AUG25,1990,i
6409555,"Beltre Diaz, Omir Olanex",DOM,M,,,,1926,0,20,AUG25,1990,i
6400469,"Beltre, Pedro",DOM,M,,,,1915,0,20,AUG25,1963,i
6406688,"Bencosme Vargas, Jose Luis",DOM,M,,,,1929,3,20,AUG25,1982,
6401716,"Benitez Pacheco, Alejandro",DOM,M,,,,2128,0,20,AUG25,1968,i
6421660,"Benitez Santana, Noes",DOM,M,,,,1635,0,40,AUG25,1998,i
6415512,"Bens de los Santos, Felix Jose",DOM,M,,,,1742,0,40,AUG25,1999,
6409148,"Benzo Cruz, Joan Fellinis",DOM,M,,,,1878,0,40,AUG25,1984,i
6403964,"Berroa, Alvin",DOM,M,,,,1921,0,40,AUG25,1997,i
6426484,"Blanc Bakirdjian, Brielle Alicia",DOM,F,,,,1562,0,40,AUG25,2009,w
6426492,"Blanc Bakirdjian, Emma Elisa",DOM,F,,,,1525,0,40,AUG25,2008,w
6430856,"Blanc Bakirdjian, Emmanuel Matias",DOM,M,,,,1405,0,40,AUG25,2012,
340105417,"Blanco Jimenez, Jairo Nahuriel",DOM,M,,,,1916,0,40,AUG25,1986,
6403611,"Blanco, Nahury",DOM,M,,,,1907,0,40,AUG25,0,
6440401,"Bodden Leroux, Guillermo Antonio",DOM,M,,,,1697,0,40,AUG25,1961,
6402410,"Bourdierd, Luis",DOM,M,,,,2024,0,20,AUG25,1987,i
6401333,"Bouret Lebron, Gissel",DOM,F,,,,1876,0,20,AUG25,1986,wi
6401252,"Bouret, Angelica",DOM,F,,,,1894,0,40,AUG25,1983,wi
6414850,"Brea Herrera, Hector Paul",DOM,M,,,,1797,0,40,AUG25,1980,i
6405177,"Briones, Ruben",DOM,M,,,,2003,0,40,AUG25,1994,i
6401538,"Brioso Polanco, Manuel De Jesus",DOM,M,,,,1965,0,40,AUG25,1978,i
6408257,"Brito Cedeno, Pedro Maria",DOM,M,,,,1857,0,20,AUG25,1953,i
6419402,"Brito Nunez, Angel Manuel",DOM,M,,,,1800,0,40,AUG25,1998,i
6401813,"Brito Nunez, Miguel Andres",DOM,M,,,,2091,0,20,AUG25,1984,i
6426298,"Brito Rodriguez, Roald",DOM,M,,,,1665,0,40,AUG25,2005,i
6406610,"Brito Rondon, Enmanuel De Jesus",DOM,M,,,,2016,0,20,AUG25,1990,i
6412556,"Brito, Manuel Angel",DOM,M,,,,1894,0,40,AUG25,1994,i
6408265,"Brunet, Eric",DOM,M,,,,1769,0,40,AUG25,1965,i
6416926,"Bueno, Francisco Joel",DOM,M,,,,1780,0,40,AUG25,1988,i
6403727,"Bueno, Hugo Felipe",DOM,M,,,,2006,0,40,AUG25,1992,i
6416934,"Burgos Castro, Jose Ramon",DOM,M,,,,1743,0,40,AUG25,1990,i
6420680,"Burgos G, Nicolas Emil",DOM,M,,,,1731,0,40,AUG25,1997,i
6433090,"Cabreja Lora, Manuel Fidel",DOM,M,,,,1649,0,40,AUG25,2009,i
6416292,"Cabreja Lora, Suzette",DOM,F,,,,AFM,1742,0,AUG25,1995,wi
6429246,"Cabrera Bonilla, Jaime Otilio",DOM,M,,,,1733,0,40,AUG25,1995,i
6406440,"Cabrera Grullon, Felix Francis",DOM,M,,,,1943,0,20,AUG25,1980,i
6422004,"Cabrera Hernandez, Mariam",DOM,M,,,,1602,0,40,AUG25,1999,i
6401392,"Cabrera Matias, Melvis Osvaldo",DOM,M,,,,2043,0,40,AUG25,1985,i
6431593,"Cabrera Morel, Laura Cristina",DOM,F,,,,1695,0,40,AUG25,2004,wi
6420761,"Caceres, Ronalda",DOM,F,,,,1706,0,40,AUG25,1998,wi
6417019,"Calderon Mejia, Yokaury",DOM,F,,,,1706,0,40,AUG25,2003,wi
6406513,"Calderon, Francis",DOM,F,,,,1581,0,40,AUG25,1992,w
6408885,"Camacho Campusano, David Daniel",DOM,M,FM,,,2155,9,20,AUG25,1993,
6429017,"Camacho Campusano, Juan Alberto",DOM,M,,,,1775,0,40,AUG25,1989,i
6411673,"Camacho Rosario, Cristal",DOM,F,,,,1686,0,40,AUG25,2002,wi
6433820,"Cambiaso Del Toro, Felipe",DOM,M,,,,1561,0,40,AUG25,2014,i
6433812,"Cambiaso Del Toro, Franco",DOM,M,,,,1589,0,40,AUG25,2010,i
6400680,"Campusano Espinosa, Zoilo Nelson",DOM,M,,,,2103,0,20,AUG25,1958,i
6423540,"Canela Vargas, Jesus Sabier",DOM,M,,,,1721,0,40,AUG25,1995,i
6404090,"Canela Vasquez, Miguel William",DOM,M,,NA,,1871,4,20,AUG25,1987,
6405061,"Caraballo Del Rosario, Abraham Ernesto",DOM,M,,,,1949,0,20,AUG25,1989,i
6418708,"Carderon Gonzalez, Josue Eliesez",DOM,M,,,,1807,0,40,AUG25,1998,i
6413331,"Carmona, Samuel Ismael",DOM,M,,,,1870,0,40,AUG25,1993,i
6409164,"Carpio, July Antonio",DOM,M,,,,1826,0,20,AUG25,1976,i
6402216,"Carrasco Santana, Yorkenny",DOM,M,,,,1760,0,40,AUG25,1991,i
6400094,"Carrion, Marcelo",DOM,M,FM,,,2219,0,20,AUG25,1956,i
6433448,"Casado Carrasco, Luis Alexander",DOM,M,,,,1756,0,40,AUG25,1999,i
6438580,"Castillo Acosta, Renato Julian",DOM,M,,,,1691,1,40,AUG25,2009,
6400302,"Castillo Bautista, Norman",DOM,M,,,,1965,0,40,AUG25,1977,i
6407684,"Castillo Cid, Gabriel",DOM,M,,,,1921,0,40,AUG25,1990,i
6425259,"Castillo Estrella, Kevin Manuel",DOM,M,,,,1727,0,40,AUG25,1993,i
6402097,"Castillo Garcia, Josue Natanael",DOM,M,CM,SI,,2104,0,20,AUG25,1984,i
6439616,"Castillo Henriquez, Crystal",DOM,F,,,,1559,6,40,AUG25,2010,w
6405070,"Castillo Marte, Antonio",DOM,M,,NA,,1898,0,20,AUG25,1983,i
6402739,"Castillo Ortiz, Nelson Ambrioso",DOM,M,,,,2002,0,20,AUG25,1964,i
6412106,"Castillo Pena, Patricia Evarista",DOM,F,WFM,WFM,,1909,0,20,AUG25,1991,w
6402747,"Castillo Rivera, Nelson Javier",DOM,M,,,,2081,0,20,AUG25,1992,
6405274,"Castillo Rosa, Kelvin Santiago",DOM,M,CM,,,1949,0,20,AUG25,1968,
6403735,"Castillo Vasquez, Adgart Miguel",DOM,M,,,,1902,25,20,AUG25,1986,
6412890,"Castro Fernandez, Domingo",DOM,M,,,,1715,0,40,AUG25,0,i
6426514,"Castro Vargas, Amelia",DOM,F,,,,1682,0,40,AUG25,2004,wi
6436293,"Ceballos Rodriguez, Kelvis Rainerys",DOM,M,,,,1795,9,40,AUG25,1999,
6407447,"Cedeno De La Rosa, Adolfo",DOM,M,,,,1989,0,20,AUG25,1958,i
6414320,"Cepeda De Jesus, Renny Saul",DOM,M,,,,1906,0,20,AUG25,1996,i
6400566,"Cesar, Geovanny",DOM,M,,,,1809,0,20,AUG25,1955,i
6433278,"Cespedes Puntier, Leonardo",DOM,M,,,,1713,4,40,AUG25,1976,
6433693,"Cespedez Perez, Jordin",DOM,M,,,,1937,0,40,AUG25,2001,i
6405851,"Chaer Garcia, Erick A.",DOM,M,,,,1891,0,20,AUG25,1991,i
6414141,"Chalas Arias, Teudy Anthony",DOM,M,,,,1792,0,40,AUG25,2001,
6438040,"Checo Tolentino, Carlos Jose",DOM,M,,SI,,1720,0,40,AUG25,1981,
6405010,"Clark Muller, Gema Mabel",DOM,F,,,,1692,0,40,AUG25,1996,wi
6405576,"Collado Abreu, Johnnattan Joel",DOM,M,,,,1902,0,40,AUG25,1985,i
6426387,"Collado Diaz, Herlin Antonio",DOM,M,,,,1619,0,40,AUG25,2005,
6410847,"Collado Guzman, Juan Danilo",DOM,M,,,,1907,0,40,AUG25,1985,i
6408290,"Collado, Geremia",DOM,M,,,,1801,0,40,AUG25,1991,i
6425011,"Colon Marcelo, Angel Yariel",DOM,M,,,,1777,0,20,AUG25,2000,
6431852,"Concepcion Ramirez, Ivan",DOM,M,,,,1891,0,40,AUG25,2001,
6401821,"Concepcion, Ivan",DOM,M,,,,1871,0,20,AUG25,1975,
6409377,"Contreras Moya, Ramon Elpidio",DOM,M,,,,1646,0,40,AUG25,1973,i
6402968,"Contreras Rodriguez, Felipe De Jesus",DOM,M,,,,1918,0,20,AUG25,1962,i
6437176,"Contreras Tavares, Heydem Fharell",DOM,M,,,,1526,0,40,AUG25,2012,
6400418,"Coplin, Jose",DOM,M,,,,2069,0,20,AUG25,0,i
6434568,"Corcino Rodriguez, Carlos Manuel",DOM,M,,,,1544,2,40,AUG25,2012,
6427375,"Cordero Encarnacion, Victor Manuel",DOM,M,,,,1773,0,40,AUG25,1992,i
6401430,"Cordero Mateo, Sigfrido Alejandro",DOM,M,,,,1839,0,20,AUG25,1958,
6438407,"Cordero Rosario, Eury Augusto",DOM,M,,,,1968,0,40,AUG25,2003,
6402763,"Coronado Paulino, Karen Libell",DOM,F,,,,1759,0,20,AUG25,1994,wi
6405029,"Coronado Paulino, Katerine E.",DOM,F,,,,1764,0,20,AUG25,1999,wi
6405878,"Coronado Paulino, Santo Cosme",DOM,M,,,,1868,0,40,AUG25,1996,i
6415474,"Corporan Alcala, Paola Melissa",DOM,F,,,,1824,0,40,AUG25,1996,wi
6408834,"Corporan, Juan Ramon",DOM,M,,,,1647,0,40,AUG25,0,
6419631,"Cortorreal Severino, Raynier Ant",DOM,M,,,,1773,0,40,AUG25,2001,i
6402771,"Crispin Ferreras, Darvi Abraham",DOM,M,CM,,,2151,0,20,AUG25,1993,
6408567,"Cruz Cruceta, Eduard Francisco",DOM,M,,,,1872,0,20,AUG25,1984,i
6421300,"Cruz Familia, Dewinson Manuel",DOM,M,,,,1695,0,20,AUG25,2004,i
6414036,"Cruz Fernandez, Johan",DOM,M,,,,1835,0,40,AUG25,0,i
6405282,"Cruz Ferreras, Julio Angel",DOM,M,,,,2102,0,20,AUG25,1967,
6425321,"Cruz Gonzalez, Abel Tomas Vianney",DOM,M,,,,1726,0,40,AUG25,1963,i
6410197,"Cruz Jimenez, Gabriel",DOM,M,,,,1785,0,40,AUG25,1998,i
6401830,"Cruz Nina, Engels David",DOM,M,,,,1662,0,20,AUG25,1989,
6433103,"Cruz Roa, Daniel Reynaldo",DOM,M,,,,1812,0,40,AUG25,2008,i
6427766,"Cruz Santos, Joshua Francisco",DOM,M,,,,1755,0,40,AUG25,1999,i
6429866,"Cruz Tejeda, Albert Luigi",DOM,M,,,,1669,0,40,AUG25,2003,i
6407706,"Cuello Perez, Richar Orlando",DOM,M,,,,1948,3,20,AUG25,1965,
6401554,"Cuello, Guillermo",DOM,M,,,,2034,0,40,AUG25,1974,i
6419348,"Cuevas Feliz, Fernando Jose",DOM,M,,NA,,1897,0,20,AUG25,2000,i
6403301,"Cuevas Jimenez, Juan Modesto",DOM,M,,,,1871,0,20,AUG25,1961,i
6415733,"De Jesus Martinez, Enmanuel Olivo",DOM,M,,,,1852,0,40,AUG25,1994,i
6422632,"De Jesus Ponceano, Wellington",DOM,M,,,,1728,0,40,AUG25,1999,i
6403743,"De Jesus Rosa, Michel",DOM,M,,NA,,2039,0,20,AUG25,1984,
6403972,"De Jesus, Elias",DOM,M,,,,1948,0,40,AUG25,1975,
6408575,"De La Cruz Almanzar, Juan Manuel",DOM,M,,,,1952,0,40,AUG25,1970,i
6426352,"De La Cruz Fernandez, Emanuel",DOM,M,,,,1807,0,40,AUG25,2000,i
6422080,"De La Cruz Hernandez, Pablo Alex",DOM,M,,,,1890,0,40,AUG25,2000,i
6414869,"De La Cruz Lugo, Rony Alberto",DOM,M,,,,1730,0,40,AUG25,1996,i
6400914,"De La Cruz Nina, Mercedes Cristina",DOM,F,WFM,WFM,,2048,0,20,AUG25,1982,wi
6400396,"De La Cruz, Juan Carlos",DOM,M,,,,2032,0,40,AUG25,1979,i
6421539,"De La Cruz, Manuel",DOM,M,,,,1848,0,40,AUG25,1993,i
6406041,"De La Mota Rosario, Kelvin Jose",DOM,M,,,,AIM,1831,0,AUG25,1979,i
6429734,"De la Paz Lugo, Ericsson",DOM,M,,,,1876,0,40,AUG25,1986,i
6400582,"De La Rosa Brito, Willi",DOM,M,,,,1992,0,20,AUG25,1989,i
6439136,"De La Rosa Martinez, Miguelina",DOM,F,,,,1647,0,40,AUG25,2004,w
6430872,"De La Rosa Rodriguez, Inginio",DOM,M,,,,1540,0,40,AUG25,1987,
6410430,"De La Rosa Rodriguez, Isaias",DOM,M,,,,1849,0,20,AUG25,1995,i
6406645,"De Leon Alcantara, Jose Manuel",DOM,M,,,,2010,4,20,AUG25,1963,
6403239,"De Leon Garcia, Marcos Antonio",DOM,M,,,,1837,0,40,AUG25,1971,i
6406050,"De Leon, Gustavo",DOM,M,,,,1805,3,20,AUG25,2001,
6410200,"De Leon, Julio Cesar",DOM,M,,,,1779,0,20,AUG25,1968,i
6419321,"De Los Santos Abad, Bryan",DOM,M,,,,1926,0,20,AUG25,1991,i
6422403,"De Los Santos Guerrero, Hector Julio",DOM,M,,,,1798,6,40,AUG25,1965,
6412998,"De Los Santos Loweski, Orlando",DOM,M,,,,1855,0,40,AUG25,2000,i
6418635,"De Los Santos Munagorri, Juan",DOM,M,,,,1885,0,40,AUG25,1967,i
6400264,"De los Santos Nunez, Eddy",DOM,M,,,,1982,7,20,AUG25,1971,
6436510,"De Los Santos Santiago,Atanacio",DOM,M,,,,1648,0,40,AUG25,1985,i
6430627,"De Los Santos, Henfry Porfirio",DOM,M,,,,1750,0,40,AUG25,1999,i
6423558,"De Los Santos, Jose Manuel",DOM,M,,,,1789,0,40,AUG25,2004,
6401082,"De Oleo Montero, Aquiles",DOM,M,,,,2052,0,20,AUG25,1969,i
6407714,"Del Monte Arias, Leonardo",DOM,M,,,,1887,0,40,AUG25,1958,i
6401740,"Del Monte Arias, Nestor Antonio",DOM,M,,,,1871,0,20,AUG25,1951,i
6406173,"Del Rosario Batista, Nobel Oscar",DOM,M,CM,,,1919,0,20,AUG25,1980,
6406165,"Del Rosario Moreno, Carlos",DOM,M,,,,2068,0,20,AUG25,1982,
6403620,"Del Rosario Romero, Rander Betray",DOM,M,,,,2072,0,40,AUG25,1988,i
6400671,"Delgado Malagon, Juan Carlos",DOM,M,CM,,,2211,0,20,AUG25,1959,i
6400043,"Delgado, Alberto",DOM,M,FM,,,2310,0,20,AUG25,1952,i
6429580,"Delgado, Leandro",DOM,M,,,,1663,0,40,AUG25,1998,i
6400639,"Delmonte Arias, Nelson",DOM,M,,,,1902,0,20,AUG25,1947,i
6425747,"Desact, Ivado",DOM,M,,,,1764,0,40,AUG25,1966,i
6403557,"Diaz Cesar, Wilsaida Pieranlly",DOM,F,WFM,WFM,,1890,0,20,AUG25,1991,w
6428738,"Diaz Diaz, Federico",DOM,M,,,,1813,7,20,AUG25,2000,
6422705,"Diaz Espaillat, Ariangel",DOM,M,,,,1832,0,20,AUG25,1994,
6408583,"Diaz Garcia, Roberto",DOM,M,,,,1993,0,20,AUG25,1978,i
6437214,"Diaz Hernandez, Daynalee",DOM,F,,,,1474,0,40,AUG25,2009,w
6425313,"Diaz Perez, Elio Jose",DOM,M,,,,1808,0,40,AUG25,2002,i
6432433,Diaz Polonia Eliandres,DOM,M,,,,1742,0,40,AUG25,2008,
6415954,Diaz Rodriguez Wilber Manuel,DOM,M,,,,1818,0,40,AUG25,1996,i
6424570,"Diaz Rodriguez, Alberto De Jesus",DOM,M,,,,1761,0,40,AUG25,2001,i
6410456,"Diaz Valdez, Eugenio Daniel",DOM,M,,,,1957,8,20,AUG25,1988,
6412483,"Diaz Vicente, Huascar Jael",DOM,M,,FA,,1873,0,20,AUG25,1984,i
6418546,"Diaz Viloria, Maximo Alexander",DOM,M,,,,1852,0,20,AUG25,1995,
6428746,"Diaz Zapata, Edgar",DOM,M,,,,2056,0,20,AUG25,2000,
6401287,"Diaz, Orifiel",DOM,M,,,,2039,0,40,AUG25,0,i
6406424,"Dominguez Brito, Pedro",DOM,M,,,,1949,0,40,AUG25,1964,i
6419755,"Dominguez Duran, Rabel Romarico",DOM,M,,,,1731,0,40,AUG25,1995,i
6405290,"Dominguez, Benjamin",DOM,M,,,,2095,0,40,AUG25,1960,i
6400124,"Dominguez, Jose Manuel",DOM,M,IM,,,2158,0,20,AUG25,1963,
6401660,"Dominguez, Roberto",DOM,M,,,,1903,0,20,AUG25,0,
6401295,"Duarte Diaz, Martire",DOM,M,,,,2125,0,20,AUG25,1983,i
6426638,"Duarte Gomez, Joan Jesus",DOM,M,,NA,,1915,0,20,AUG25,2002,
6430163,"Duarte Gomez, Yoeliberto",DOM,M,,,,1818,5,20,AUG25,2001,
6408338,"Duran Lantigua, Enrique Alfredo",DOM,M,,,,1944,0,20,AUG25,1993,i
6403263,"Duran Moya, Joel Aneudy",DOM,M,,,,1927,0,20,AUG25,1980,i
6433898,"Duran Pablu, Syr Yvan",DOM,M,,,,1666,0,40,AUG25,2007,i
6416993,"Duran Romero, Johnny Ismael",DOM,M,,,,1940,0,40,AUG25,1957,i
6435165,"Duran Rosa, Luisianny Edith",DOM,F,,,,1667,0,40,AUG25,2006,w
6419291,"Encarnacion, Keyner Vladimir",DOM,M,,,,1746,0,40,AUG25,2002,i
6438610,"Encarnacion, Rafael",DOM,M,,,,1532,0,40,AUG25,2006,
6406181,"Escano Dionicio, Porfirio Simeon",DOM,M,,,,1965,0,20,AUG25,1962,i
6401562,"Espinal Garcia, Sergio Antonio",DOM,M,,NA,,1755,0,20,AUG25,1956,
6418422,"Espinal Geraldo, German Adalbert",DOM,M,,,,1760,0,40,AUG25,1990,i
6405304,"Espinal Rojas, Leomar",DOM,M,,,,1673,0,40,AUG25,1987,i
6401201,"Espinal, Gabriel",DOM,M,,,,2026,0,20,AUG25,1985,i
6413927,"Espinal, Virgilio Antonio",DOM,M,,,,1905,0,40,AUG25,1953,i
6403760,"Espiritu, Victor Manuel",DOM,M,,,,1928,0,20,AUG25,1968,i
6426646,"Estevez Hernandez, Jose Daniel",DOM,M,,,,1601,0,40,AUG25,1986,i
6437788,"Estevez Peralta, Starlyn",DOM,M,,,,1650,0,40,AUG25,2010,
6402798,"Estevez Polanco, Leonardo Rafael",DOM,M,FM,"SI,FA",,2106,0,20,AUG25,1981,i
6415466,"Estevez, Vianyelis Stephanie",DOM,F,,,,1726,0,40,AUG25,1972,wi
6405312,"Estrella Gomez, Jose Ormandy",DOM,M,,,,1933,0,40,AUG25,1962,i
6403271,"Eusebio C., Yojeli De Jesus",DOM,M,,,,1875,0,40,AUG25,1983,i
6424406,"Eusebio Mercedes, Andres Arturo",DOM,M,,,,1731,0,40,AUG25,2000,i
6409946,"Eusebio Perez, Hector Eduardo",DOM,M,,,,2173,0,20,AUG25,1987,i
6429696,"Evertz Paulino, Federico",DOM,M,,,,1648,2,40,AUG25,1990,
6400663,"Fabian Brioso, Carlos Julio",DOM,M,,,,AIM,1936,0,AUG25,1985,i
6428061,"Fabian Duran, Jahn Alberto",DOM,M,,,,1734,0,40,AUG25,1987,i
6401570,"Fabian, Johnny",DOM,M,,,,1909,0,40,AUG25,1987,i
6401961,"Fajardo Sabas, Felix Antonio",DOM,M,,,,2060,0,20,AUG25,1953,i
6418236,"Familia Martinez, Yissel",DOM,F,,,,1597,0,40,AUG25,1995,wi
6430503,"Fana Sanchez, Jerry Junior",DOM,M,,,,1887,0,40,AUG25,2001,i
6402232,"Feliciano, Norge Luis",DOM,M,,,,1986,0,20,AUG25,1987,i
6433529,"Felipe Alvarez, Maria Camila",DOM,F,,,,1551,0,40,AUG25,2011,w
6419844,"Felipe Medina, Robert",DOM,M,,,,1852,0,40,AUG25,0,i
6421822,"Felipe Tapia, Jolbert Saul",DOM,M,,,,1820,0,20,AUG25,2002,i
6424791,"Felix Portorreal, Rey",DOM,M,,,,1866,0,40,AUG25,1998,i
6430899,"Feliz Aragon, Frederick",DOM,M,,,,1828,0,40,AUG25,1991,
6416560,"Feliz Custodio, Miguel Angel",DOM,M,,,,1859,0,20,AUG25,1995,
6402801,"Feliz Dotel, Dewar Bienvenido",DOM,M,CM,NA,,1986,0,20,AUG25,1986,
6413137,"Feliz Gomez, Octavio Emmanuel",DOM,M,,,,1816,0,40,AUG25,2001,i
6408605,"Feliz Novas, Samuel",DOM,M,,,,1989,0,20,AUG25,1994,i
6428991,"Feliz Ramirez, Genesis Gabriela",DOM,F,,,,1637,0,40,AUG25,2003,wi
6411070,"Feliz Salazar, Karolay",DOM,F,,,,1774,0,40,AUG25,2001,wi
6403000,"Feliz Segura, Rene Augusto",DOM,M,,,,1871,0,20,AUG25,1984,i
6408060,"Fermin Dicent, Ellian Lissette",DOM,F,,,,1804,0,20,AUG25,1995,wi
6433901,"Fermin Garcia, Miguel",DOM,M,,,,1728,0,40,AUG25,1961,i
6404197,"Fermin, Kedual",DOM,M,,,,1960,0,20,AUG25,1982,
6402810,"Fernandez Concepcion, Rafael Antonio",DOM,M,,,,1932,0,20,AUG25,1990,
6400698,"Fernandez Paulino, Francis M.",DOM,M,FM,,,2273,0,20,AUG25,1976,i
6413005,"Fernandez Polanco, Angel Miguel",DOM,M,,,,1870,0,20,AUG25,1989,i
6416888,"Fernandez Reyes, Roberto Elpidio",DOM,M,,,,1897,0,40,AUG25,1990,i
6429033,"Fernandez Sanchez, Jose Enrique",DOM,M,,,,1667,0,40,AUG25,2000,i
6435521,"Fernandez suero, Ismael Alexander",DOM,M,,,,1649,0,40,AUG25,1988,i
6413145,"Fernandez, Aliem Alayo",DOM,M,,,,1917,0,40,AUG25,1971,i
6400191,"Fernandez, Marino",DOM,M,FM,,,2167,0,20,AUG25,1966,i
6412246,"Fernando Javier, Guerrero Gavilan",DOM,M,,,,1614,0,40,AUG25,1980,i
6419623,"Ferrando Mata, Jose Daniel",DOM,M,,,,1753,0,40,AUG25,1990,i
6416004,"Ferreira Fernandez, Sergio",DOM,M,,,,2133,0,20,AUG25,1994,i
6405584,"Ferreira, Miguel",DOM,M,,,,1902,0,40,AUG25,1984,i
6431526,"Ferreiras Santana, Dioni de Jesus",DOM,M,,,,1827,0,40,AUG25,1997,
6400850,"Ferrera, Jose",DOM,M,,,,2180,0,20,AUG25,1972,i
6420982,"Ferreras , Adrian Arturo",DOM,M,,,,1932,0,40,AUG25,1997,
6406190,"Ferreras Cruz, Sergio A.",DOM,M,,,,1957,0,40,AUG25,1960,i
6403794,"Ferreras Reyes, Oscar Halbey",DOM,M,,,,1942,0,20,AUG25,1987,
6412386,"Ferreras, Felipe Neris",DOM,M,,,,1786,0,40,AUG25,1951,i
6429920,"Ferreras, Johnmarco",DOM,M,,,,1807,0,40,AUG25,2000,
6404200,"Figuereo Valdez, Samuel",DOM,M,,,,1801,0,20,AUG25,0,i
6403808,"Figueroa, Juan",DOM,M,,,,2005,0,40,AUG25,0,i
6400485,"Flaquer Eusebio, Luis Maria",DOM,M,FM,,,2053,0,20,AUG25,1986,i
6409954,"Flete Ynoa, Julian Alberto",DOM,M,,,,1952,0,20,AUG25,1983,i
6432417,"Flores Santana, Josue",DOM,M,,,,1750,0,40,AUG25,2006,i
6433910,"Florian Vasquez, Gabriel Emilio",DOM,M,,,,1839,17,20,AUG25,1988,
6426271,"Fondeur Fernandez, Adrian Francisco",DOM,M,,,,1872,0,20,AUG25,2003,
6404634,"Franco Rodriguez, Andres Avelino",DOM,M,,,,1976,0,20,AUG25,1973,
6415385,"Franco Valenzuela, Albaro",DOM,M,,,,1812,0,20,AUG25,1997,
6431887,"Francois, Jephte",DOM,M,,,,1648,0,40,AUG25,2003,i
6403298,"Fria Alvarez, Leandro",DOM,M,,,,1902,0,20,AUG25,1981,i
6406203,"Frias Hidalgo, Miguel Angel",DOM,M,,,,1972,0,40,AUG25,1985,i
6417221,"Frias Rijo, Leonelbi",DOM,M,,,,1812,0,20,AUG25,2000,i
6429882,"Frias Severino, Dianneiry",DOM,F,,,,1670,0,40,AUG25,2003,wi
6408613,"Fuentes Tejeda, Carlos Manuel",DOM,M,,,,2109,0,20,AUG25,1981,i
6401490,"Fulgencio Astacio, Pedro R.",DOM,M,,,,1963,0,20,AUG25,1986,i
6406211,"Garcia Acosta, Darlin",DOM,M,,,,1899,0,20,AUG25,1988,i
6439861,"Garcia Calderon, Mario David",DOM,M,,,,1868,8,40,AUG25,1994,
6433847,"Garcia Chan, Pablo",DOM,M,,,,1721,18,40,AUG25,2014,
6401848,"Garcia Cruz, Hector Osiris",DOM,M,,,,1987,0,20,AUG25,1986,i
6432980,"Garcia de Jesus, Dahansel",DOM,M,,,,1821,0,40,AUG25,2004,i
6423256,"Garcia Ferrer, Chairel Nicolle",DOM,F,,,,1581,0,40,AUG25,1999,wi
6419100,"Garcia Florentino, Hector",DOM,M,,,,1935,0,20,AUG25,1977,i
6430236,Garcia Fredddy Antonio,DOM,M,,,,1718,0,40,AUG25,1951,i
6433251,"Garcia Kasahara, Aimi",DOM,F,,,,1615,0,40,AUG25,2016,w
6429718,"Garcia Lightbourn, Angel Agustin",DOM,M,,,,1735,0,40,AUG25,1988,i
6415210,"Garcia Matos, Rafael Leonidas",DOM,M,,,,1796,0,40,AUG25,0,i
6404006,"Garcia Matos, Reinaldo Alexis",DOM,M,,,,2124,0,20,AUG25,1990,i
6411703,"Garcia Robles, Rafael Antonio",DOM,M,,,,1772,0,40,AUG25,1986,i
6402470,"Garcia Vasquez, Starlyn Javier",DOM,M,,,,2037,0,40,AUG25,1989,i
6401970,"Garcia, Alejandro",DOM,M,,,,1857,0,40,AUG25,0,i
6402836,"Garcia, Domingo Arberto",DOM,M,,,,1959,0,20,AUG25,1983,i
6400701,"Garcia, Enmanuel",DOM,M,,,,2106,0,40,AUG25,0,i
6424376,"Garcia, Romeo",DOM,M,,,,1679,0,40,AUG25,1952,i
6424902,"Garrido Castillo, Jose Orlando",DOM,M,,,,1908,0,40,AUG25,1964,i
6438377,"Genao Perez, Fermin Radhames",DOM,M,,,,1680,0,40,AUG25,1995,
6433936,"Geraldino Rodriguez, Netzer",DOM,M,,,,1711,11,40,AUG25,2013,
6421210,"Geraldo Sanchez, Rony F",DOM,M,,,,1758,0,40,AUG25,1999,i
6418503,"Gerardino Rosario, Clairelina",DOM,F,,,,1639,0,40,AUG25,1986,wi
6414370,"Gil Bonilla, Eritoniel",DOM,M,,,,1968,0,40,AUG25,1990,i
6409199,"Gil Lauriano, Saury",DOM,M,,,,1985,0,20,AUG25,1982,i
6430724,"Gil, Freddy Alberto",DOM,M,,"SI,NI,NA",,1848,0,20,AUG25,1967,i
6426522,"Giraldo Cortes, Cristobal",DOM,M,,,,1800,0,40,AUG25,2011,
6419453,"Goicochea Ramirez, Demetrio Manu",DOM,M,,,,1684,0,40,AUG25,1956,
6406629,"Gomez Almanzar, Roberto Antonio",DOM,M,,,,1894,0,20,AUG25,1974,i
6410219,"Gomez Batista, Eduardo Antonio",DOM,M,,,,1884,8,20,AUG25,1995,
6418732,"Gomez Brito, Wander",DOM,M,,,,1738,0,40,AUG25,2001,i
6430139,"Gomez Capellan, Juliana Esthefany",DOM,F,,,,1714,0,20,AUG25,2002,w
6404243,"Gomez Diaz, Leonardo De Jesus",DOM,M,,,,1821,0,20,AUG25,1958,i
6420559,"Gomez Ferrera, Jack Sander Jose",DOM,M,,,,1867,0,40,AUG25,1993,i
6408516,"Gomez Ferreras, William Rogelio",DOM,M,,,,1729,0,20,AUG25,1988,i
6438342,"Gomez Henriquez, Jossian Israel",DOM,M,,,,1580,0,40,AUG25,1994,
6428819,"Gomez Henriquez, Ricardo",DOM,M,,,,1649,0,40,AUG25,2000,
6435033,"Gomez Jimenez, Angel Octavio",DOM,M,,,,1642,0,40,AUG25,2006,
6400710,"Gomez Pena, Jose Ramon",DOM,M,,,,2097,0,20,AUG25,1957,i
6431380,"Gomez Perez, Meickel Miguel",DOM,M,,,,1825,0,40,AUG25,2003,i
6423000,"Gomez Urena, Luis Antonio",DOM,M,,,,1830,0,40,AUG25,1983,i
6400078,"Gonzales, Eliseo",DOM,M,,,,2265,0,20,AUG25,0,i
6418562,"Gonzalez Abreu, Neulyn",DOM,M,,,,1770,0,40,AUG25,1997,i
6405347,"Gonzalez Alejo, Wily Gilberto",DOM,M,,,,1875,0,20,AUG25,1980,
6400795,"Gonzalez Brens, Manuel Jose Andres",DOM,M,,,,2017,0,40,AUG25,1992,i
6403310,"Gonzalez Daguendo, Federico Eduardo",DOM,M,,,,1987,0,40,AUG25,1972,i
6403638,"Gonzalez Feliz, Jesus Eliezer",DOM,M,,,,1880,0,20,AUG25,1985,
6421482,"Gonzalez Peguero, Mary Loly",DOM,F,WFM,WFM,,1887,0,20,AUG25,1993,w
6411320,"Gonzalez Robles, Nespil Yusel",DOM,M,,,,1734,0,40,AUG25,1992,i
6426158,"Gonzalez Severino, Erick Ignell",DOM,M,,,,1731,0,40,AUG25,2005,
6423922,"Gonzalez Severino,Ericka Aydee",DOM,F,,,,1532,0,40,AUG25,2006,wi
6401511,"Gonzalez, Jose Luis",DOM,M,,,,2028,0,40,AUG25,1958,i
6416012,"Gonzalez, Pablo Jose",DOM,M,,,,1932,0,40,AUG25,1990,i
6405339,"Gonzalez, Ricardo",DOM,M,,,,1914,5,20,AUG25,1978,
6432018,"Graciano Borgen, Jimmy",DOM,M,,,,1807,0,40,AUG25,1991,
6422020,"Grullon Ceballos, Elias Kelvis",DOM,M,,,,1865,0,40,AUG25,1971,i
6422543,"Grullon Mata, Adelso Bienvenido",DOM,M,,,,1748,3,40,AUG25,1986,
6411339,"Guaba Vasquez, Francisco Antonio",DOM,M,,,,1773,0,40,AUG25,0,
6415962,"Guaba, Alejandro",DOM,M,,,,1770,0,40,AUG25,1980,
6431402,"Guerrero Gil, Richard Manuel",DOM,M,,,,1643,0,40,AUG25,1983,
6405606,"Guerrero Samboy, Juanito",DOM,M,,,,1779,0,20,AUG25,1963,i
6405592,"Guerrero Taveras, Humberto",DOM,M,,,,1925,0,40,AUG25,1994,i
6402852,"Guevara Orbe, Franklin",DOM,M,,,,1886,0,20,AUG25,1991,
6426280,"Gutierrez Arias, Dimarky",DOM,M,,,,1510,0,40,AUG25,1997,i
6427758,"Gutierrez De Leon, Roberd",DOM,M,,,,1682,0,40,AUG25,1990,
6422039,"Gutierrez Morel, Rafael A",DOM,M,,,,1933,0,40,AUG25,1966,i
6422730,"Guzman Burgos, Patricio Jose",DOM,M,,,,1705,0,40,AUG25,2003,i
6406637,"Guzman Cabrera, Jose Francisco",DOM,M,,,,1762,0,40,AUG25,1979,i
6404669,"Guzman Garcia, Julio Cesar",DOM,M,,,,1823,0,20,AUG25,1961,i
6405096,"Guzman, Christopher",DOM,M,FM,,,2232,11,20,AUG25,1989,
6400159,"Guzman, Polonia",DOM,F,,,,1985,0,20,AUG25,0,wi
6413960,"Hache Santana, Jeorge Abraham",DOM,M,,,,1735,0,40,AUG25,1999,i
6400183,"Hazim Gonzalez, Elizabeth",DOM,F,WCM,WCM,,1778,2,20,AUG25,1962,w
6428975,"Henriquez Goico, Maria Fernanda",DOM,F,,,,1597,0,40,AUG25,2006,wi
6404871,"Henriquez Lopez, Roberto Colombino",DOM,M,,,,1889,0,20,AUG25,1957,i
6425356,"Henriquez Ottenwarde, Sadiel",DOM,M,,,,1802,0,40,AUG25,1998,i
6432891,"Henriquez Suero, Jose Miguel",DOM,M,,,,1749,0,40,AUG25,2004,i
6403816,"Henriquez Trinidad, Benjamin",DOM,M,,NA,,1904,4,20,AUG25,1986,
6403646,"Herasme Medina, Euripides",DOM,M,,,,2042,0,40,AUG25,1970,i
6416039,"Heredia Severino, George Matias",DOM,M,,,,1916,0,40,AUG25,1990,i
6433014,"Hernandez Breton, Juan Carlos",DOM,M,,,,1984,0,40,AUG25,1990,i
6432506,Hernandez Contreras Manuel Alexander,DOM,M,,,,1896,0,40,AUG25,2001,i
6422926,"Hernandez G., Francisco Ernesto",DOM,M,,,,1839,0,40,AUG25,1995,i
6424511,"Hernandez Lora, Angel Miguel",DOM,M,,,,1737,0,40,AUG25,2008,i
6423787,"Hernandez Lora, Miguel Angel",DOM,M,,,,1903,0,20,AUG25,2005,i
6433944,"Hernandez Mora, Diego Alexander",DOM,M,,,,1786,0,40,AUG25,2005,i
6413528,"Hernandez Morel, Romel Antonio",DOM,M,,,,1929,0,20,AUG25,1991,i
6405100,"Hernandez Rodriguez, Genesis",DOM,M,,,,1962,0,20,AUG25,1991,i
6400353,"Hernandez Sanchez, Elvis De La Caridad",DOM,M,FM,,,2215,0,20,AUG25,1981,
6400132,"Hernandez Sevillano, Gustavo Rafael",DOM,M,IM,,,2348,0,20,AUG25,1970,i
6403085,"Hernandez Terrero, Daniel Alberto",DOM,M,,,,1995,0,20,AUG25,1985,i
6417370,"Herrera Cepeda, Jose Alfonso",DOM,M,,,,1676,0,40,AUG25,1995,i
6430902,"Herrera Garcia, Cristian De Jesus",DOM,M,,,,1563,0,40,AUG25,2003,i
6429394,"Herrera Mateo, Luis",DOM,M,,,,1757,0,40,AUG25,1990,i
6435530,"Herrera Tejeda, Alexander",DOM,M,,,,1667,0,40,AUG25,1995,i
6433774,"Herrera, Melkin",DOM,M,,,,1822,0,40,AUG25,1986,i
6426166,"Herreras Bavis, Julio Angel",DOM,M,,,,1725,0,40,AUG25,2002,i
6421830,"Hiciano Ortega, Alexander",DOM,M,,,,1686,0,40,AUG25,1997,i
6406548,"Hilario de la Cruz, Juan Fabriel",DOM,M,,,,1871,0,20,AUG25,2000,i
6409628,"Holguin Velazquez, Rene Oscar",DOM,M,,,,1962,0,40,AUG25,1991,i
6401422,"Holguin, Erick",DOM,M,CM,,,1985,0,20,AUG25,1985,i
6400450,"Infante Guerrero, Miguel Antonio",DOM,M,FM,,,2251,0,20,AUG25,1985,i
6400957,"Inoa, Adalberto",DOM,M,,,,1975,0,40,AUG25,0,i
6403093,"Irrizarri Dionicio, Kelvin Arturo",DOM,M,,,,1993,0,20,AUG25,1986,i
6425674,Isaias Mendez Lorenzo,DOM,M,,,,1607,0,40,AUG25,2010,
6415148,"Izquierdo Martinez, Rafael Gerar",DOM,M,,,,1837,0,40,AUG25,1973,i
6401210,"Jaquez Adames, Roman",DOM,M,,,,2145,0,20,AUG25,1962,i
6400230,"Jaquez, Juan Manuel",DOM,M,CM,,,2113,15,20,AUG25,1963,
6417086,"Javier Brito, Anudis",DOM,M,,,,1874,0,40,AUG25,1989,i
6414613,"Javier Florencio, Rafael Apolina",DOM,M,,,,1905,0,40,AUG25,1990,i
6400876,"Javier Tejeda, Franklin",DOM,M,,,,1874,0,40,AUG25,2000,i
6434630,"Javier, Adrian Manuel",DOM,M,,,,1557,0,40,AUG25,2004,i
6416047,"Jimenes, Luis Alberto",DOM,M,,,,1830,0,20,AUG25,1990,i
6422047,"Jimenez Abad, Monico",DOM,M,,,,1721,0,40,AUG25,1957,i
6435220,"Jimenez Angeles, Miranda",DOM,F,,,,1543,0,40,AUG25,2008,wi
6424775,"Jimenez Blanco, Diomedes Patricio",DOM,M,,,,1963,0,40,AUG25,1954,i
6433952,"Jimenez Diaz, Luis Delfin",DOM,M,,,,1766,0,40,AUG25,1979,i
6415253,"Jimenez Jimenez, Leandro",DOM,M,FM,,,2213,0,20,AUG25,1998,
6401155,"Jimenez Lapaix, Jose Nicolas",DOM,M,,,,1941,0,20,AUG25,1978,i
6403107,"Jimenez Luciano, Alexis",DOM,M,,,,1944,0,20,AUG25,1970,i
6400493,"Jimenez Martinez, Dario Alberto",DOM,M,,NA,,1978,14,20,AUG25,1978,
6429637,"Jimenez Martinez, Jean Carlos",DOM,M,,,,1782,0,40,AUG25,1997,i
6411126,"Jimenez Matos, Jimmy",DOM,M,,,,1890,0,20,AUG25,2001,i
6404286,"Jimenez Moronta, Juan Joel",DOM,M,,,,1765,0,40,AUG25,1985,i
6424589,"Jimenez Pujols, Carlos Daniel",DOM,M,,,,1725,0,40,AUG25,2000,i
6433162,"Jimenez Rivas, Matias Enrique",DOM,M,,,,1464,0,40,AUG25,2012,
6435963,"Jimenez Santana, Nelson Otniel",DOM,M,,,,1489,3,40,AUG25,2001,
6405649,"Jimenez, Maykol Yefri",DOM,M,,,,2097,0,20,AUG25,1992,i
6425364,"Joaquin Adames, Ernesto",DOM,M,,,,1549,0,40,AUG25,1994,i
6408095,"Joaquin Salcedo, Candida",DOM,F,,,,1746,0,20,AUG25,1972,w
6425640,Jorge Ernesto Jimenez Alastre,DOM,M,,,,1738,0,40,AUG25,2000,i
6425348,"Jorge Nunez, Elvis Manuel",DOM,M,,,,1869,0,40,AUG25,1984,i
6402860,"Jorge, Alberto",DOM,M,CM,,,2032,5,20,AUG25,1985,
6433430,"Jose Manuel, Paulino Rosario",DOM,M,,,,1851,0,40,AUG25,1995,i
6400922,"Jose Polanco, Keyla",DOM,F,,,,1996,0,20,AUG25,1986,wi
6420109,"Jose, Marianela",DOM,F,,,,1661,0,40,AUG25,1999,wi
6400060,"Juliao, Cesar",DOM,M,,,,2280,0,20,AUG25,0,i
6424473,"Khouri Lopez, Kalil Rafael",DOM,M,,,,1717,0,40,AUG25,1998,i
6419461,"King Rodriguez, Os Misael",DOM,M,CM,,,2000,0,20,AUG25,2005,
6419470,"King Soriano, Misael",DOM,M,,,,1913,0,20,AUG25,1972,i
6409202,"Lake, John Bienvenido",DOM,M,,,,1787,0,40,AUG25,1959,i
6429688,"Lama, Mario",DOM,M,,,,1803,0,40,AUG25,1991,i
6428711,"Lara Arias, Crhistopher",DOM,M,,,,1669,0,40,AUG25,2000,i
6430910,"Lara Santos, Angel Sebastian",DOM,M,CM,,,2059,19,40,AUG25,2012,
6410502,"Lazala Casso, Cesar Alfonso",DOM,M,,,,1990,0,20,AUG25,1996,i
6429475,"Lazo Zumaeta, Milton Gabriel",DOM,M,,,,1789,0,40,AUG25,2002,i
6429750,"Lee Donne, Justin",DOM,M,,,,1609,0,40,AUG25,1977,i
6424120,"Leon Diaz, Erulis Smil",DOM,M,,,,1913,0,40,AUG25,1993,
6401040,"Leonardo, Jose Joel",DOM,M,,,,1878,0,20,AUG25,1968,i
6400086,"Lewis, James E.",DOM,M,,,,2120,0,20,AUG25,1961,i
6400027,"Liao, Yuan Eu",DOM,M,IM,,,2425,0,10,AUG25,1963,i
6430929,Liranzo Hernandez Tania Vickimer,DOM,F,,,,1627,0,40,AUG25,1983,wi
6400949,"Liranzo, Ramon Joaquin",DOM,M,,,,1758,0,40,AUG25,1953,i
6416616,"Lizardo, Carlos",DOM,M,,,,1875,0,40,AUG25,1985,i
6415121,"Lopez Cruz, Sammy Aris",DOM,M,,,,1941,0,40,AUG25,1987,i
6408648,"Lopez Mallen, Neudys Enmanuel",DOM,M,,,,1936,0,20,AUG25,1994,i
6406351,"Lopez Mora, Alexander",DOM,M,,,,1953,0,40,AUG25,1980,i
6420001,"Lopez Peralta, Jose Ramon",DOM,M,,,,1687,0,40,AUG25,1958,i
6404316,"Lopez Sanchez, Bernardo Antonio",DOM,M,,"SI,NA",,1641,0,20,AUG25,1970,
6408630,"Lopez, Damian",DOM,M,,,,AIM,1981,0,AUG25,1973,i
6403840,"Lorenzo De Los Santos, Francisco",DOM,M,,,,1689,0,40,AUG25,1991,i
6402127,"Lorenzo De Los Santos, Luis L.",DOM,M,FM,,,2037,0,20,AUG25,1981,i
6429084,"Lorenzo, Kelvin Cesarin",DOM,M,,,,1919,0,40,AUG25,1998,
6438318,"Lorenzo, Richard",DOM,M,,,,1828,0,40,AUG25,1983,
6404022,"Lugo Matos, Richards Reynier",DOM,M,CM,,,2083,17,20,AUG25,1988,
6425852,Lugo Nunez Emmanuel Abraham,DOM,M,,,,1639,0,40,AUG25,1991,
6401090,"Lugo Sanchez, Maximo",DOM,M,,,,2055,0,20,AUG25,1962,i
6401767,"Luis Moreno, Victor Manuel",DOM,M,,,,1888,0,20,AUG25,1990,i
6408184,"Luna Lantigua, Jose Miguel",DOM,M,,,,1841,0,40,AUG25,1991,i
6422330,"Luna Martinez, Andradis Elieser",DOM,M,,,,1664,0,40,AUG25,1978,i
6407927,"Luna Zapata, Nidio Esteban",DOM,M,,,,1909,0,20,AUG25,1990,i
6433979,"Luna, Cristian Alberto",DOM,M,,,,1614,0,40,AUG25,2006,i
6402879,"Luzon, Pedro",DOM,M,,,,1824,0,40,AUG25,1970,i
6403859,"Manon, Thony",DOM,M,,,,1803,0,40,AUG25,1961,i
6433154,"Manuel Emilio, Olivares Burgos",DOM,M,,,,1903,0,40,AUG25,1990,i
6432832,"Marmol Genao, Raul",DOM,M,,,,1831,0,40,AUG25,1953,i
6401449,"Marquez Moya, Eddy",DOM,M,,,,2024,0,20,AUG25,1957,i
6415768,"Marrero Garcia, Lendry Ismael",DOM,M,,,,1911,0,20,AUG25,1999,i
6423876,"Marte Adames, Jonathan Daniel",DOM,M,,,,1822,0,40,AUG25,2000,i
6400388,"Marte Corripio, Frank Manuel",DOM,M,,,,2093,0,20,AUG25,1976,i
6414222,"Marte Fermin, Johcrap",DOM,M,,,,1876,0,20,AUG25,2000,
6402887,"Marte Guzman, Eddy Rafael",DOM,M,,,,1983,0,20,AUG25,1967,i
6421636,"Marte Solis, Jefry",DOM,M,,,,1593,0,40,AUG25,2002,i
6413536,"Marte, Argelis Enmanuel",DOM,M,,,,1863,0,20,AUG25,1990,i
6429858,"Marti Severino, Adolfo Jose",DOM,M,,,,1570,0,40,AUG25,2004,i
6436536,Martinez Breidy,DOM,M,,,,1701,0,40,AUG25,1988,i
6432239,"Martinez Capellan, Kerry Jonas",DOM,M,,,,1659,0,40,AUG25,2005,i
6401600,"Martinez Castillo, Julio Antonio",DOM,M,CM,,,2116,0,20,AUG25,1984,i
6435157,"Martinez Cordones, Elaine Camila",DOM,F,,,,1642,0,40,AUG25,2005,w
6420567,"Martinez Diaz, Kennedy Rafael",DOM,M,,,,1728,0,40,AUG25,1997,i
6430147,"Martinez Hidalgo, Mario Jose",DOM,M,,,,1684,0,40,AUG25,2003,i
6426077,"Martinez Jimenez, Manyeli",DOM,F,,,,1792,0,20,AUG25,2001,w
6410227,"Martinez Mateo, Arthur",DOM,M,,,,1915,0,20,AUG25,1989,i
6419488,"Martinez Morel, Arismendy",DOM,M,,,,1891,0,40,AUG25,1980,i
6416519,"Martinez Pena, Victor",DOM,M,,,,1680,5,40,AUG25,1968,
6438636,"Martinez Perez, Luis Manuel Johnc",DOM,M,,,,1699,0,40,AUG25,2006,
6423485,"Martinez Rodriguez, Luis Fernando",DOM,M,,,,1801,0,40,AUG25,1999,i
6434525,"Martinez Rodriguez, Moises",DOM,M,,,,1704,6,40,AUG25,2008,
6426450,"Martinez Rodriguez, Oscar Daniel",DOM,M,,,,1779,0,40,AUG25,1994,i
6415881,"Martinez Santana, Francis Amil",DOM,M,,,,1884,0,40,AUG25,1980,i
6411916,"Martinez Vasquez, Reynaldo A.",DOM,M,,,,1837,0,20,AUG25,1996,i
6427260,"Martinez, Amaury",DOM,M,,,,1800,0,40,AUG25,2001,i
6404910,"Martinez, Bienvenido Augusto",DOM,M,,,,1930,0,20,AUG25,1956,i
6407617,"Martinez, Jose Wilfredo",DOM,M,,,,1886,0,40,AUG25,1991,i
6400019,"Mateo, Ramon",DOM,M,GM,,,2396,0,10,AUG25,1958,i
6418961,"Matias Galan, Milet",DOM,M,,,,1848,0,40,AUG25,1993,i
6404405,"Matos Aracena, Juan Odalis A.",DOM,M,,,,1640,0,40,AUG25,1961,i
6419496,"Matos Guevara, Adan",DOM,M,,,,1899,0,40,AUG25,1979,i
6403654,"Matos, Nestor",DOM,M,,,,2073,0,20,AUG25,1983,i
6400248,"Mazara Ruiz, Adan Manuel",DOM,M,FM,,,2293,0,20,AUG25,1976,i
6438296,"Medina Gonzalez, Henry Rafael",DOM,M,,,,1744,0,40,AUG25,1982,
6402518,"Medina Guzman, Braulio Silvestre",DOM,M,,,,1947,0,20,AUG25,1985,i
6440193,"Medina Jimenez, Miguel",DOM,M,,,,1647,6,40,AUG25,2008,
6410553,"Medina Medina, Cesar Augusto",DOM,M,,,,1822,0,20,AUG25,1998,i
6410561,"Medina Medina, Freddy Alberto",DOM,M,,,,1874,0,20,AUG25,2000,i
6415520,"Medina Moreta, Francisco A.",DOM,M,,,,1851,0,40,AUG25,1987,i
6429025,"Medina Perez, Wilson Javier",DOM,M,,,,1876,0,40,AUG25,2003,i
6411924,"Medina Ramirez, Emilio",DOM,M,,,,1894,0,20,AUG25,1996,i
6408150,"Medina, Miguel A.",DOM,M,,,,1822,0,20,AUG25,1970,i
6425160,"Mejia Guerrero, Luis Ismael",DOM,M,,,,1672,0,40,AUG25,2001,i
6439535,"Mejia Mordan, Jair Estiben",DOM,M,,,,1905,0,40,AUG25,2010,
6439918,"Mejia Mordan, Johan Steven",DOM,M,,,,1898,0,40,AUG25,2012,
6426840,"Mejia Pepen, Enrique Arturo",DOM,M,,,,1849,0,40,AUG25,1996,i
6412033,"Mejia Ricart, Tirso",DOM,M,,,,1711,0,40,AUG25,1975,i
6433987,"Mejia Rodriguez, Augusto Enmanuel",DOM,M,,,,1794,0,40,AUG25,2004,i
6408524,"Mejia Sosa, Johnatan Radhames",DOM,M,,FA,,1828,0,20,AUG25,1975,i
6423752,"Mejia Vasquez, Jose Miguel",DOM,M,,,,1767,0,40,AUG25,2000,
6403379,"Mejia, Juan Alberto",DOM,M,,,,1836,0,20,AUG25,1970,
6405134,"Mejia, Pablo",DOM,M,,,,1864,0,40,AUG25,1992,i
6427421,"Melo Luna, Robert Smolly",DOM,M,,,,1850,0,40,AUG25,2000,
6422756,"Mena Hernandez, Luis Manuel",DOM,M,,,,1637,0,40,AUG25,2003,i
6424660,"Mendez Lorenzo, Emily Cristal",DOM,F,,,,1465,0,40,AUG25,2007,w
6408907,"Mendez Perez, Jacinto Ernesto",DOM,M,,,,1753,0,40,AUG25,0,i
6419690,"Mendez Ramirez, Victor",DOM,M,FM,,,2211,0,20,AUG25,1998,
6401309,"Mendez Reyes, David Antonio",DOM,M,,,,1954,0,20,AUG25,1969,
6433995,"Mendez Rivas, Criseidis",DOM,M,,,,1701,15,20,AUG25,1998,
6408532,"Mendez, Jolfran Nicolas",DOM,M,,,,1952,0,40,AUG25,1992,i
6403387,"Mendez, Ruddy Antonio",DOM,M,CM,NA,,2088,22,20,AUG25,1986,
6433227,"Mendoza Camino, Oscar",DOM,M,,,,1719,7,40,AUG25,2010,
6438075,"Mendoza Martinez, Albert Steven",DOM,M,,,,1466,3,40,AUG25,2008,
6426263,"Mendoza, Yunior Jose",DOM,M,,,,1937,0,40,AUG25,1965,i
6431798,"Menendez Benavides, Aimee Viviana",DOM,F,,,,1481,0,40,AUG25,2001,wi
6408435,"Menendez Mendez, Ariel",DOM,M,,,,1918,0,20,AUG25,1990,
6401775,"Mercado Pujols, Domingo",DOM,M,,,,1964,0,20,AUG25,1979,i
6422764,"Mercado Rodriguez, Carlos David",DOM,M,,,,1882,0,20,AUG25,1998,i
6406076,"Mercado, Ramon",DOM,M,,,,2000,0,20,AUG25,1957,i
6407935,"Mercado, Ruddy",DOM,M,,,,1819,0,20,AUG25,1959,i
6401546,"Mercedes Calcano, Luis Alfredo",DOM,M,,,,1691,0,40,AUG25,1993,
6432930,"Mercedes Ramirez, Oliver Eduardo",DOM,M,,,,1904,0,40,AUG25,2006,
6436676,"Mercedes, Genesis",DOM,F,,,,1599,0,40,AUG25,1995,w
6423400,"Mesa Cruz, Juan Carlos",DOM,M,CM,,,2222,7,20,AUG25,2003,
6400426,"Mesa Mejia, Teofilo",DOM,M,,,,2019,6,20,AUG25,1971,
6400434,"Metz Souffront, Francisco Hipolito",DOM,M,,,,1992,0,20,AUG25,1968,
6401317,"Michelen Rodriguez, Victor Isaac",DOM,M,CM,,,2150,0,20,AUG25,1986,
6400604,"Mieses Hernandez, Diomedes Ernesto",DOM,M,,,,1803,0,20,AUG25,1955,i
6411932,"Mieses, Angel Domingo",DOM,M,,,,1839,0,40,AUG25,0,i
6410065,"Mileto, Nazzareno Pietro",DOM,M,,,,1854,0,20,AUG25,1964,i
6436544,Moises De Jesus Mota Terrero,DOM,M,,,,1699,0,40,AUG25,1977,i
6415199,"Mojica Castillo, Jose Manuel",DOM,M,,,,1845,0,40,AUG25,1998,i
6433111,"Monagas Abbott, Thiago Jose",DOM,M,,,,1509,0,40,AUG25,2010,i
6406262,"Moncion Ventura, Angel Luis",DOM,M,,,,1961,0,20,AUG25,1987,i
6422438,"Monero Santana, Pablo Rosendo",DOM,M,,,,1777,0,40,AUG25,1972,i
6421075,"Montero , Michael Alexander",DOM,M,,,,1613,8,20,AUG25,1998,
6402526,"Montero James, Romulo Enmanuel",DOM,M,,,,1932,0,40,AUG25,1994,i
6404030,"Montero Marcelle, Henry",DOM,M,,,,1706,7,20,AUG25,1984,
6432425,"Montero Mercedes, Melvin Marcial",DOM,M,,,,1763,12,20,AUG25,1984,
6423604,"Montero Montero, Alexandro",DOM,M,,,,2122,4,20,AUG25,1997,
6413021,"Montero, Joan Manuel",DOM,M,,,,1702,0,40,AUG25,0,i
6425690,"Montes de Oca Martinez, Jose Eduardo",DOM,M,,,,1940,0,20,AUG25,1976,i
6400442,"Montes De Oca Valerio, Alexis",DOM,M,CM,,,2146,0,20,AUG25,1977,i
6401929,"Montilla, Wandy",DOM,F,,,,1917,0,40,AUG25,1972,wi
6400744,"Moore Guzman, Fernando Augusto",DOM,M,,,,1901,0,20,AUG25,1953,i
6426255,"Mora Martinez, Juana Mercedes",DOM,F,,,,1770,0,40,AUG25,2001,wi
6401457,"Morel Hidalgo, Pedro",DOM,M,,,,1872,0,40,AUG25,1973,i
6437729,"Morel Reyes, Fraimy Alexander",DOM,M,,,,2011,11,40,AUG25,2010,
6437397,"Moreno Castillo, David Daniel",DOM,M,,,,1831,0,40,AUG25,2004,
6400540,"Moreta Matta, Amaury",DOM,M,,,,2018,0,20,AUG25,1981,i
6417477,"Morillo Monegro, Charvel",DOM,M,,,,AIM,1983,0,AUG25,1979,i
6401708,"Morillo Romero, Francisco Alberto",DOM,M,,,,1916,0,20,AUG25,1981,i
6408109,"Moronta Ramos, Dianelva Altagracia",DOM,F,,,,1757,0,20,AUG25,1980,wi
6400370,"Moscoso Silva, Carlos Antonio",DOM,M,CM,SI,,1949,5,20,AUG25,1960,
6408460,"Mota Ortiz, Angel Rafael",DOM,M,,,,1861,0,40,AUG25,1998,i
6425704,"Muniz Cespedes, Sebastian Anselmo",DOM,M,,,,1743,0,40,AUG25,2000,i
6421784,"Munoz Bonifacio, Elena Julia",DOM,F,,,,1570,0,40,AUG25,2004,wi
6422608,"Munoz Bonifacio, Julia Elena",DOM,F,,,,1539,0,40,AUG25,2004,wi
6432263,"Munoz Feliz, Alejandro",DOM,M,,,,1849,13,40,AUG25,2014,
6432271,"Munoz Feliz, Lisanny",DOM,M,,,,1547,15,40,AUG25,2011,
6431801,"Munoz Manzueta, Junior",DOM,M,,,,1621,3,40,AUG25,2000,
6415318,"Munoz Salcedo, Mario",DOM,M,,,,1882,0,40,AUG25,1971,i
6400574,"Munoz Santana, Doribel",DOM,F,WCM,WCM,,1869,0,20,AUG25,1983,wi
6400361,"Munoz Santana, Jose Lisandro",DOM,M,IM,,,2336,0,10,AUG25,1986,
6410235,"Munoz, Cristopher",DOM,M,,,,1753,0,40,AUG25,1999,i
6428703,"Musri Suarez, Yamil Andres",DOM,M,,,,1721,0,40,AUG25,2006,
6414621,"Neris Jimenez, Alberto Rafael",DOM,M,,,,1825,0,40,AUG25,1990,i
6429106,"Nero German, Angel Misael",DOM,M,,,,1755,0,40,AUG25,2003,
6412670,"Newman Caceres, Reynaldo Adolfo",DOM,M,,,,AIM,1978,0,AUG25,1995,
6410243,"Nieto Rodriguez, Alejandro",DOM,M,FM,,,2186,0,20,AUG25,2000,i
6419283,"Nieves Espiritus Santos, Federic",DOM,M,,,,1693,0,40,AUG25,1995,i
6414249,"Noboa , Marcos",DOM,M,,,,1891,0,40,AUG25,0,i
6431429,"Notario Guerrero, Carlos Romney",DOM,M,,,,1800,0,40,AUG25,1989,i
6410251,"Nouel Leon, Juan Manuel",DOM,M,,,,1865,0,20,AUG25,1963,i
6406874,"Nova Ramirez, Presley Eury",DOM,M,,"NI,NA",,1878,0,20,AUG25,1989,i
6416780,"Novas Gomez, Mario De Jesus",DOM,M,,,,1883,0,20,AUG25,2000,i
6416349,"Novas Novas, Andres Guillermo",DOM,M,,,,1831,0,20,AUG25,1991,
6409687,"Nunez Antigua, Inocencio",DOM,M,,,,1737,0,40,AUG25,1982,i
6415652,"Nunez Astacio, Jose Miguel",DOM,M,,,,1896,0,20,AUG25,1990,i
6430686,"Nunez Diaz, Karla Mya",DOM,F,,,,1572,0,20,AUG25,2004,w
6422144,"Nunez Hernandez, Braiyan",DOM,M,,,,1963,4,20,AUG25,1997,
6435262,"Nunez Lopez, Paul Isaac",DOM,M,,,,1526,0,40,AUG25,2015,
6402542,"Nunez Mejia, Hugo Eduardo",DOM,M,,,,1886,9,20,AUG25,1987,
6407943,"Nunez, Tairon",DOM,M,,,,1596,0,40,AUG25,0,i
6400990,"Ogando Diaz, Juan Carlos",DOM,M,,,,1878,0,20,AUG25,1991,i
6427359,"Ogando Garcia, Juan Benjamin",DOM,M,,,,1842,0,40,AUG25,2001,i
6423892,"Ogando Herrera, Wander",DOM,M,,,,1782,0,20,AUG25,2001,i
6403425,"Olivares Pujols, Rey Guarionex",DOM,M,,,,1911,0,40,AUG25,1961,i
6411940,"Olivero Calderon, Edwin",DOM,M,,,,1653,0,40,AUG25,0,i
6402003,"Olivo Espinal, Lewis Abel",DOM,M,,,,2077,0,40,AUG25,1966,i
2013177,"Orizondo, Hugo",DOM,M,,,,2004,0,20,AUG25,1955,i
6431089,"Ortega Anglada, Mauricio",DOM,M,,,,1968,10,20,AUG25,2005,
6419763,"Ortega Gonell, Ignacio Taciano",DOM,M,,,,1765,0,20,AUG25,1967,i
6426654,"Ortega Montano, Edisson Wilfredo",DOM,M,,,,1822,0,40,AUG25,1989,i
6438253,"Ortiz Encarnacion, Melvin Isaac",DOM,M,,,,1738,0,40,AUG25,2012,
6438300,"Ortiz Isabel, Emanuel Jose",DOM,M,,,,1657,0,40,AUG25,2007,
6435378,"Ortiz Olivo, Arianny",DOM,F,,,,1709,0,40,AUG25,2013,w
6435386,"Ortiz Olivo, Christian",DOM,M,,,,1461,0,40,AUG25,2015,
6400752,"Ortiz Pascual, Nelson",DOM,M,,IA,,2012,0,20,AUG25,1982,i
6400531,"Ortiz Pimentel, Olson Ivar",DOM,M,FM,,,2294,0,20,AUG25,1977,i
6411169,"Ortiz Roman, Angello Mikhel",DOM,M,,,,1679,0,20,AUG25,2004,i
6430155,"Ortiz Torres, Ramon Ernesto",DOM,M,,,,1620,0,40,AUG25,1989,i
6411363,"Ortiz, Jose Arturo",DOM,M,,,,1803,0,40,AUG25,0,i
6408915,"Ortiz, Junior Renato",DOM,M,,,,1906,0,20,AUG25,1993,
6423213,"Ortiz, Maximo",DOM,M,,,,1900,0,40,AUG25,1988,i
6429874,"Ortiz, Maximo Jose",DOM,M,,,,1636,0,40,AUG25,2003,i
6424880,"Ovalles Perez, Wellinton Enrique",DOM,M,,,,1788,0,40,AUG25,1987,i
6430287,Ozoria Henriquez Rafael,DOM,M,,,,1812,0,40,AUG25,1999,i
6426620,"Pachano Hernandez, Altagracia Maria",DOM,F,,,,1669,0,20,AUG25,2002,w
6431445,"Pacheco Castillo, Ian Ivan",DOM,M,,,,1591,0,40,AUG25,1993,i
6432077,"Pacheco Gil, Yunior Ysidro",DOM,M,,,,1495,0,40,AUG25,2002,
6421644,"Pacheco Marte, Sergio Andres",DOM,M,,,,1994,9,20,AUG25,2000,
6433332,"Pagan Breton, Manuel",DOM,M,,,,1668,0,40,AUG25,1988,
6409288,"Palmero Sosa, Cesar Shaomir",DOM,M,,,,1867,0,40,AUG25,1988,i
6431453,"Palmero Valerio, Carlos Jose",DOM,M,,,,1668,0,40,AUG25,1968,i
6404715,"Paniagua, Roberto Eduardo",DOM,M,,,,1898,0,40,AUG25,1960,i
6411959,"Paredes Reyes, Pablo Francisco",DOM,M,,,,1740,0,20,AUG25,0,i
6423299,"Paredes Ventura, Angel Luis",DOM,M,,,,1780,0,20,AUG25,2001,i
6429653,"Paula Castillo, Wargner",DOM,M,,,,1836,0,40,AUG25,1993,i
6401937,"Paula Sanchez, Angie Massiel",DOM,F,,,,1785,0,20,AUG25,1990,wi
6427740,"Paula Valerio, Aarony Miguel",DOM,M,,,,1843,12,20,AUG25,1997,
6400868,"Paulino Garcia, Wilfredo Antonio",DOM,M,,,,1962,0,20,AUG25,1959,i
6404448,"Paulino Herrera, Eudy Manfredo",DOM,M,,,,1687,0,40,AUG25,1988,i
6415814,"Paulino Hidalgo, Genesis",DOM,F,,,,1797,0,40,AUG25,2000,wi
6427162,"Paulino Leal, Matias",DOM,M,,,,1628,0,40,AUG25,2007,i
6419143,"Paulino Rijo, Luis Alejandro",DOM,M,,,,1961,0,20,AUG25,1997,i
6421741,"Paulino Rodriguez, Jeffrey",DOM,M,,,,1674,0,40,AUG25,1975,i
6411371,"Paulino Rosario, Dalver",DOM,M,,NA,,1817,0,20,AUG25,1995,
6408206,"Paulino Santos, Silvio Teodulo",DOM,M,,,,1799,0,40,AUG25,1990,i
6405738,"Payan Del Rio, Luis Horacio",DOM,M,,,,1866,0,40,AUG25,1981,i
6401023,"Payan, Pedro Americo",DOM,M,,,,1740,0,40,AUG25,1953,
6433561,"Payano Cruz, Fred",DOM,M,,,,1818,0,40,AUG25,2004,
6424805,"Payero Estrella, Christopher",DOM,M,,,,1941,0,20,AUG25,2003,i
6406106,"Payero, Julio",DOM,M,,,,1895,0,40,AUG25,1974,i
6436501,"Pedro Felix, Garcia Poche",DOM,M,,,,1835,0,40,AUG25,2003,i
6425429,"Peguero Pena, Moises",DOM,M,,,,1711,0,20,AUG25,2001,
6401031,"Peguero, Luciano",DOM,M,,,,1951,0,40,AUG25,1954,i
6423159,"Pena Amparo, Reynaldo R",DOM,M,,,,1742,0,40,AUG25,1985,i
6400884,"Pena Arno, Daniel Isaias",DOM,M,,,,1984,0,20,AUG25,1985,i
6400647,"Pena Felix, Gustavo Adolfo",DOM,M,,,,2003,0,40,AUG25,1933,i
6404723,"Pena Galvan, Armando Antonio",DOM,M,,,,1866,0,40,AUG25,1975,i
6425437,"Pena Jimenez, Joel",DOM,M,,,,1808,0,40,AUG25,1988,
6419704,"Pena Marcano, Jose Carlos",DOM,M,,,,1858,0,20,AUG25,1986,i
6432875,"Pena Payan, Ester",DOM,F,,,,1717,3,40,AUG25,2008,w
6409296,"Pena Perez, Luis Eduardo",DOM,M,,,,2044,0,20,AUG25,1992,i
6405746,"Pena Ramirez, Ambiorix",DOM,M,,,,2072,10,20,AUG25,1987,
6413986,"Pena Sanchez, Raymundo Eduardo",DOM,M,,,,1911,0,20,AUG25,1998,i
6423078,"Pena Santana, Steve Jhon",DOM,M,,SI,,1889,0,20,AUG25,1989,
6401899,"Pena, Aliberto",DOM,M,,,,1959,0,40,AUG25,1986,i
6404456,"Pena, Flavio",DOM,M,,,,2033,0,40,AUG25,0,i
6406661,"Pena, Gianni Michael",DOM,M,,,,1660,0,40,AUG25,1976,i
6425097,"Peralta Diaz, Ariosto Alejandro",DOM,M,,,,1755,0,40,AUG25,1957,i
6401104,"Peralta Moore, Juan Antonio",DOM,M,,,,1934,0,20,AUG25,1972,
6406009,"Peralta, Juan Luis",DOM,M,,,,1972,0,40,AUG25,1968,i
6429530,"Peralta, Nelson Federico",DOM,M,,,,1842,0,40,AUG25,1977,i
6418457,"Perez Barcelo, Ricardo Antonio",DOM,M,,,,1750,0,20,AUG25,1993,i
6420028,"Perez Beltre, Martin",DOM,M,,,,1872,0,40,AUG25,1988,i
6416071,"Perez Cuevas, Henry Domingo",DOM,M,,,,1595,0,40,AUG25,1990,i
6410618,"Perez Estevez, Bartolo",DOM,M,,,,1983,0,20,AUG25,1975,i
6402011,"Perez Familia, Robert Engels",DOM,M,,,,1835,0,20,AUG25,1988,i
6408923,"Perez Feliz, Josue Enrique",DOM,M,,,,1896,0,20,AUG25,1997,
6416080,"Perez Florentino, Yordan Nicolas",DOM,M,,,,1877,0,20,AUG25,1996,i
6407811,"Perez Guzman, Still",DOM,M,,,,1918,0,20,AUG25,1985,i
6440339,"Perez Luna, Angel Moises",DOM,M,,,,1596,0,40,AUG25,2008,
6424597,"Perez Mancevo, Newman Daniel",DOM,M,,,,1740,0,40,AUG25,1991,i
6432301,Perez Mota Sebastian Alberto,DOM,M,,,,1706,0,40,AUG25,2003,i
6400051,"Perez Nivar, Marco Tulio",DOM,M,,,,2295,0,20,AUG25,0,i
6429041,"Perez Ovalles, German Aristy",DOM,M,,,,1551,0,40,AUG25,1972,
6422055,"Perez Pena, Cristino Antonio",DOM,M,,,,1796,0,40,AUG25,1980,i
6400507,"Perez Polanco, Lewis Omar",DOM,M,CM,,,1954,0,20,AUG25,1971,i
6425909,"Perez Zorrilla, Eddy Bienvenido",DOM,M,,,,1771,0,40,AUG25,1958,i
602795,"Perez, Eneida",DOM,F,WFM,WFM,,2025,0,20,AUG25,1964,wi
6406890,"Perez, Luciano",DOM,M,,,,1872,0,40,AUG25,0,i
6401627,"Perez, Melvin",DOM,M,,,,2058,0,20,AUG25,1985,i
6433502,"Perrone Bueno, Amelia Maia",DOM,F,,,,1650,2,40,AUG25,2013,w
6405436,"Pichardo, Agustin",DOM,M,,,,2087,0,40,AUG25,1965,i
6425100,"Pichardo, Miguel Angel",DOM,M,,,,1843,0,40,AUG25,1999,
6429270,"Pimentel Acta, Axel Eduardo",DOM,M,,,,1714,0,40,AUG25,2005,i
6401368,"Pimentel Francisco, Rosaura",DOM,F,,,,1808,0,20,AUG25,1972,wi
3500594,"Pinal Borges, Nelson",DOM,M,IM,,,2285,0,10,AUG25,1955,i
6434711,"Pineda Martinez, Delfin Eduardo",DOM,M,,,,1594,0,40,AUG25,1979,
6400558,"Plata Nelson, Roberto Marino",DOM,M,,,,1940,0,20,AUG25,1956,i
6412734,"Plata, Rafael",DOM,M,,,,1893,0,40,AUG25,0,
6405185,"Polanco Alcantara, Mario Alexander",DOM,M,CM,,,2058,0,20,AUG25,1984,
6429700,"Polanco Cubilete, Javier Isaias",DOM,M,,,,1828,0,40,AUG25,1990,
6422780,"Polanco De La Rosa , Eddy Alfonso",DOM,M,,,,1807,0,20,AUG25,1980,
6422799,"Polanco De La Rosa, Geovanny",DOM,M,,,,1841,0,20,AUG25,1974,i
6406270,"Polanco Duran, Pedro Julio",DOM,M,,,,1980,0,40,AUG25,1989,i
6424821,"Polanco Fernandez, Reynie",DOM,M,CM,,,2001,4,40,AUG25,2009,
6425240,"Polanco Fernandez, Sahiean",DOM,M,CM,,,1975,4,40,AUG25,2011,
6401783,"Polanco Nunez, Yoel Estarling",DOM,M,FM,,,2122,0,20,AUG25,1986,i
6432883,"Polanco Reyes, Wilton Jose",DOM,M,,,,1744,0,40,AUG25,1964,i
6416667,"Polanco Rincon, Romer Alexander",DOM,M,,,,1828,0,20,AUG25,1985,i
6401112,"Potentini Adames, Salvador I.",DOM,M,,,,2126,0,20,AUG25,1963,i
6431461,"Pou Coen, Julio Manuel",DOM,M,,,,1708,0,40,AUG25,1984,i
6422357,"Puello Perez, Winnifer Leanny",DOM,M,,,,1647,0,40,AUG25,2005,i
6415687,"Puello, Pedro E.",DOM,M,,,,1936,0,40,AUG25,1990,i
6400515,"Puntier Andujar, Fausto Jiovanny",DOM,M,,,,2024,20,20,AUG25,1969,
6400299,"Puntier Andujar, William Staling",DOM,M,FM,,,2325,0,20,AUG25,1972,i
6416098,"Quezada Guzman, Samuel",DOM,M,,,,1851,0,40,AUG25,1990,i
6421571,"Quezada Payano, Jose Miguel",DOM,M,,,,1803,0,40,AUG25,1978,
6401872,"Quinones, Luis",DOM,M,,,,1811,0,40,AUG25,1983,i
6408958,"Quiroz Farias, Yelibeth",DOM,F,,,,1811,0,20,AUG25,1999,wi
6433138,"Ramirez Beras, esther",DOM,F,,,,1448,0,40,AUG25,2012,w
6432395,"Ramirez Calderon, Gerald Adoni",DOM,M,,,,1668,0,40,AUG25,1987,i
6402976,"Ramirez Carrasco, Carlos Enrique",DOM,M,,,,2059,0,20,AUG25,1981,i
6409105,"Ramirez David, David",DOM,M,,,,1878,0,40,AUG25,1963,i
6432328,Ramirez Elinson,DOM,M,,,,1738,0,40,AUG25,1992,i
6427430,"Ramirez Florentino, Ramon Eduardo",DOM,M,,,,1700,4,40,AUG25,1998,
6408354,"Ramirez Franco, Manuel",DOM,M,,,,1843,0,40,AUG25,1970,i
6418350,"Ramirez Jimenez, Geraldina Rafaela",DOM,F,,,,1699,0,40,AUG25,1997,wi
6421792,"Ramirez Luzon, Franchesca",DOM,F,WCM,WCM,,1841,0,20,AUG25,2004,w
6409407,"Ramirez Paniagua, Luis Enrique",DOM,M,,,,1944,0,20,AUG25,1987,i
6401007,"Ramirez Reyes, Braulio Fernando",DOM,M,FM,"FI,SI,NA",,2117,9,20,AUG25,1980,
6405959,"Ramirez Severino, Eudomar",DOM,M,,,,1883,0,40,AUG25,1993,i
6410626,"Ramirez, Deyvis",DOM,M,,,,1701,6,40,AUG25,0,
6429424,"Ramirez, Tomas",DOM,M,,,,1881,0,40,AUG25,1964,i
6438601,"Ramirez,Anyeuris",DOM,M,,,,1662,0,40,AUG25,2007,
6410146,"Ramos Burgos, Gregory Joel",DOM,M,,,,1867,0,20,AUG25,1996,
6434886,"Ramos de Leon, Joel Ignacio",DOM,M,,,,1847,0,40,AUG25,2007,i
6415989,"Ramos Guzman, Alvaro Luis",DOM,M,,,,1783,0,40,AUG25,1980,i
6419151,"Ramos Martinez, Daminiel",DOM,M,,,,1873,0,40,AUG25,1991,i
6425712,"Recio Mendez, Alexis Antonio",DOM,M,,,,1888,8,20,AUG25,1986,
6431470,"Regalado Nicasio, Jean Franco",DOM,M,,,,2018,11,40,AUG25,2009,
6403697,"Reyes Acevedo, Ismael",DOM,M,,,,1893,0,20,AUG25,1961,
6412130,"Reyes Bello, Daneiris",DOM,F,,,,1533,0,40,AUG25,1997,wi
6410634,"Reyes Capellan, Elby",DOM,M,,,,2058,0,20,AUG25,1993,
6429262,"Reyes Gonzalez, Joel Kennedy",DOM,M,,,,1937,0,20,AUG25,1998,
6425933,"Reyes Jimenez, Enmanuel",DOM,M,,,,1749,0,40,AUG25,2000,i
6416802,"Reyes Moreno, Marco Antonio",DOM,M,,,,1834,0,20,AUG25,1963,i
6416861,"Reyes Perez, Eury Luis",DOM,M,,,,1962,0,20,AUG25,1994,i
6421415,"Reyes Rodriguez, Jhohansel",DOM,M,,,,1881,0,20,AUG25,1998,i
6434010,"Reyes Sandoval, Josue",DOM,M,,,,AFM,1664,0,AUG25,2006,i
6401120,"Reyes, Waldwin",DOM,M,,,,1981,0,20,AUG25,1986,i
6435041,"Reynoso Almonte, Emir",DOM,M,,,,1796,7,40,AUG25,2009,
6437150,"Reynoso Almonte, Owen",DOM,M,,,,1478,5,40,AUG25,2014,
6414460,"Reynoso Henriquez, Juan Bautista",DOM,M,,,,2039,0,20,AUG25,1979,i
6436200,"Reynoso, Jesus",DOM,M,,,,1573,4,40,AUG25,1973,
6408931,"Ricart Guzman, Amel Anibal",DOM,M,,,,1977,0,40,AUG25,1997,i
340104993,"richardson, julian ercilio",DOM,M,,,,1875,0,40,AUG25,1965,i
6404952,"Rijo Dionicio, Bernardo De Jesus",DOM,M,,,,1867,0,20,AUG25,1961,i
6418597,"Rincon De Los Santos, Rony Azael",DOM,M,,,,1845,0,40,AUG25,1993,i
6429726,"rivera Gonzalez, Yonatan Valentin",DOM,M,,,,1602,0,40,AUG25,1988,i
6429831,"Rivera Polanco, Antony",DOM,M,,,,1710,0,40,AUG25,2006,i
6403891,"Roa Medrano, Alexis Yovanny",DOM,M,,,,2033,0,20,AUG25,1975,i
6404049,"Roa Rojas, Romulo Ruddy",DOM,M,,,,1939,0,20,AUG25,1988,i
6409423,"Roa, Pedro Gregorio",DOM,M,,,,1900,0,40,AUG25,1966,
6410081,"Robineau Germosen,Abel Taino",DOM,M,,,,1873,0,20,AUG25,0,
6423566,"Rodriguez Abreu, Luis Alexander",DOM,M,,,,1698,0,40,AUG25,1998,i
6418872,"Rodriguez Almanzar, Johan Amado",DOM,M,,,,1871,0,40,AUG25,1989,i
6424740,"Rodriguez Batista, Michael Eduardo",DOM,M,,,,1761,0,40,AUG25,1991,i
6405207,"Rodriguez Blanco, Manuel A.",DOM,M,,NA,,AGM,2093,0,AUG25,1971,
6430945,"Rodriguez Brito, Valerio",DOM,M,,,,1622,0,40,AUG25,1974,
6401147,"Rodriguez Cabral, Antmel",DOM,M,,,,2028,0,20,AUG25,1991,i
6423167,"Rodriguez Corniel, Albert Nicolas",DOM,M,,,,1723,0,40,AUG25,1999,i
6433677,"Rodriguez Encarnacion, Manueliza",DOM,F,,,,1743,0,40,AUG25,2004,wi
6412149,"Rodriguez Espaillat, Escarlet M.",DOM,F,,,,1775,0,20,AUG25,1997,wi
6405150,"Rodriguez Franco, Carlos Manuel",DOM,M,CM,,,2038,0,20,AUG25,1983,i
6405169,"Rodriguez Garcia, Eduardo Manuel",DOM,M,,,,AIM,2067,0,AUG25,1988,i
6425224,"Rodriguez Gonzalez, Gustavo Adolfo",DOM,M,,,,1762,0,20,AUG25,2002,i
6420583,"Rodriguez Gonzalez, Jorky Javier",DOM,M,,,,1800,0,40,AUG25,1997,i
6431038,"Rodriguez Manzanillo, Luis Yael",DOM,M,,,,1743,8,40,AUG25,2008,
6427278,"Rodriguez Matias, Nathanael",DOM,M,,,,1828,0,40,AUG25,1996,i
6419712,"Rodriguez Mejia, Eddy Gabriel",DOM,M,,NI,,1997,7,20,AUG25,1997,
6423124,"Rodriguez Meran, Edgar Antonio",DOM,M,,,,1918,2,20,AUG25,1975,
6435122,"Rodriguez Munoz, Omar de Jesus",DOM,M,,,,1591,4,40,AUG25,2012,
6400337,"Rodriguez Nunez, Jose Altagracia",DOM,M,,,,2136,0,20,AUG25,1969,i
6408729,"Rodriguez Ortega, Rafael Marino",DOM,M,,,,1904,0,40,AUG25,1961,i
6409512,"Rodriguez Pena, Carlos Moises",DOM,M,,,,1950,0,20,AUG25,0,i
6428673,"Rodriguez Pimentel, Luis Manuel",DOM,M,,,,1701,0,40,AUG25,2000,i
6410308,"Rodriguez Ramirez, Wilfredo",DOM,M,,,,1886,0,20,AUG25,1983,i
6424724,"Rodriguez Rodriguez, Juan Rafael",DOM,M,,,,1808,5,20,AUG25,1959,
6429289,"Rodriguez Rosario, Raykeny de Jesus",DOM,M,,,,1646,0,40,AUG25,1991,
6424600,"Rodriguez Terrero, Junior Ivan",DOM,M,,,,1786,0,40,AUG25,1999,i
6405444,"Rodriguez Torres, Carlos Manuel",DOM,M,,,,1912,4,20,AUG25,1976,
6403662,"Rodriguez Troncoso, Francisco Eugenio",DOM,M,,,,1905,0,40,AUG25,1961,i
6431208,"Rodriguez Vargas, Henry Ernesto",DOM,M,,,,1838,0,40,AUG25,1987,i
6439802,"Rodriguez Vidal, Sebastian",DOM,M,,,,1728,0,40,AUG25,2010,
6408214,"Rodriguez, Aridio",DOM,M,,,,1949,0,40,AUG25,0,i
6410324,"Rodriguez, Franyeline Antonio",DOM,M,,,,1941,0,20,AUG25,1985,i
6423574,"Rodriguez, Franyi Brian",DOM,M,,,,1623,0,40,AUG25,2000,i
6400590,"Rodriguez, Jose M.",DOM,M,,,,2200,0,40,AUG25,0,i
6401880,"Rodriguez, Rafael Antonio",DOM,M,,,,1801,0,20,AUG25,1948,i
6402585,"Rodriguez, Samuel",DOM,M,,,,1728,0,40,AUG25,0,i
6401759,"Rodriguez, Starling Jesus",DOM,M,,NA,,1987,0,20,AUG25,1982,i
6430651,"Rojas Aguasanta, Inyerin Manuel",DOM,M,,,,1870,0,40,AUG25,1977,i
6437656,"Rojas Beseda, Thiago",DOM,M,,,,1585,0,40,AUG25,2014,
6400825,"Rojas Gomez, Ramon Andres",DOM,M,,,,1812,0,20,AUG25,1963,
6421423,"Rojas Mateo, Angel Alberto",DOM,M,,,,1792,0,40,AUG25,1998,i
6402020,"Rojas Sanchez, Randy Omar",DOM,M,,,,2140,0,40,AUG25,1983,i
6410006,"Rondon Mota, Abraham",DOM,M,,,,1795,0,40,AUG25,1972,i
6403913,"Rosado De Jesus, Angel",DOM,M,,SI,,1740,0,40,AUG25,1965,i
6420460,"Rosario Abreu, Juan Daniel",DOM,M,,,,1846,0,40,AUG25,1995,i
6403573,"Rosario Almanzar, Raydily",DOM,F,WFM,WFM,,1894,0,20,AUG25,1998,w
6406980,"Rosario Cordero, Anderson",DOM,M,,,,1845,0,20,AUG25,1991,i
6402593,"Rosario Crisostomo, Edison J.",DOM,M,,,,1928,0,40,AUG25,0,i
6400612,"Rosario Morillo, Angel",DOM,M,,,,1770,0,20,AUG25,1956,
6435653,"Rosario Ramirez, Orlybel",DOM,M,,,,1635,2,40,AUG25,2010,
6422934,"Rosario Solorin, Carlos Jose",DOM,M,,,,1966,0,20,AUG25,1994,
6413307,"Rosario Tejada, Angel Jose",DOM,M,,,,1845,0,20,AUG25,0,i
6413994,"Rosario, Juan Carlos",DOM,M,,,,1839,0,40,AUG25,1996,i
6424317,"Ruiz Mateo, Daniel",DOM,M,,,,1834,0,40,AUG25,1998,i
6416675,"Ruiz Pimentel, Oscar De Jesus",DOM,M,,,,1928,0,40,AUG25,1981,i
6425739,Ruth Esther Toledo Ramon,DOM,F,,,,1480,0,40,AUG25,2000,wi
6405142,"Rymer Paulino, Domini Wilfredo",DOM,M,,,,1954,0,20,AUG25,1987,i
6401902,"Salazar, Angelo Omar",DOM,M,,,,1808,0,40,AUG25,1969,i
6425267,"Salcedo Alcantara, Dariel",DOM,M,,,,1983,0,40,AUG25,1997,i
6408745,"Salcedo, Jose Miguel",DOM,M,,,,1923,0,40,AUG25,1983,i
6414001,"Salcie, Francisco",DOM,M,,,,1978,0,40,AUG25,1962,
6416365,"Saldivar, Roberto",DOM,M,,,,1870,0,40,AUG25,1980,i
6434738,"Salinas Mejias, Jonathan Gabriel",DOM,M,,,,1624,0,40,AUG25,2008,i
6408753,"Salomon Cortorreal, Jose Chajil",DOM,M,,,,1942,0,20,AUG25,1966,i
6424333,"Salvador Vasquez, Gabriel Fernando",DOM,M,,,,1833,0,40,AUG25,1997,i
6420710,"Samboy Green, Jeremy",DOM,M,,,,1891,0,40,AUG25,1987,i
6411452,"Sanchez Acevedo, Jensy Manuel",DOM,M,,,,1770,0,20,AUG25,1991,i
6425453,"Sanchez Arias, Yonathan Alexander",DOM,M,,,,1855,0,40,AUG25,2001,i
6400779,"Sanchez Castillo, Jose Rafael",DOM,M,,,,2109,0,20,AUG25,1988,i
6402615,"Sanchez de la Cruz, Juan Gradimir",DOM,M,,,,2008,0,20,AUG25,1988,i
6432409,"Sanchez Fernandez, Ezequiel",DOM,M,,,,1798,0,40,AUG25,2008,i
6427618,"Sanchez Jaspez, Rosangel",DOM,F,WCM,WCM,,1713,4,20,AUG25,1998,w
6427510,"Sanchez Lantigua, Miguel Andres",DOM,M,,,,1811,0,20,AUG25,1984,
6420176,"Sanchez Marcelino, Jennifer",DOM,F,,,,1768,0,20,AUG25,2001,wi
6410014,"Sanchez Mejia, Ery A.",DOM,M,,,,1873,0,40,AUG25,1995,i
6419330,"Sanchez Minaya, Eduardo Manuel",DOM,M,,,,1848,0,20,AUG25,1997,i
6429009,"Sanchez Mojica, Sterlin Leonardo",DOM,M,,,,AFM,1780,0,AUG25,2004,i
6401228,"Sanchez Puente, Carlos Johan",DOM,M,,,,1926,0,20,AUG25,1980,
6429890,"Sanchez Ramirez, Diogenes",DOM,M,,,,1644,0,20,AUG25,2002,i
6402046,"Sanchez Vargas, Edward Tancredo",DOM,M,,,,2147,0,20,AUG25,1969,i
6406998,"Sanchez, Ramon",DOM,M,,,,1905,0,20,AUG25,1975,i
6404979,"Santana Concepcion, Fernando J.",DOM,M,,,,1905,0,40,AUG25,0,i
6427308,"Santana Mendoza, Joan Miguel",DOM,M,,,,1852,0,20,AUG25,2000,
6425879,"Santana Polanco, Jeremy Leonel",DOM,M,,,,1619,0,40,AUG25,1982,
6415016,"Santana, Jeremi Saul",DOM,M,,,,1840,0,20,AUG25,2002,i
6431534,"Santiago Ceballos, Christian",DOM,M,,,,1714,7,40,AUG25,2013,
6431542,"Santiago Ceballos, Starlyn",DOM,M,,,,1628,7,40,AUG25,2012,
6417884,"Santiago Osorio, Estalyn",DOM,M,,,,1531,1,40,AUG25,1989,
6402348,"Santos Almonte, Carol",DOM,F,WFM,WFM,,1800,0,20,AUG25,1993,wi
6430325,Santos del Orbe Jennesis Rafelina,DOM,F,,,,1651,3,40,AUG25,2010,w
6430635,"Santos Del Orbe, Genesis Rafael",DOM,M,,,,1847,6,40,AUG25,2009,
6426026,"Santos Espinal, Kendry Samuel",DOM,M,,,,1690,0,40,AUG25,1989,i
6403670,"Santos Valdez, Genesis Rafael",DOM,M,,,,2116,0,20,AUG25,1965,i
6416691,"Santos, Cristian",DOM,M,,,,2014,0,40,AUG25,1985,i
6419607,"Sarante Feliz, Genesis Melquisedec",DOM,M,,,,1888,0,20,AUG25,1996,
6404057,"Segura Encarnacion, Ronald Eliesel",DOM,M,,,,2061,5,20,AUG25,1991,
6400272,"Sena, Juan",DOM,M,,,,1945,0,20,AUG25,1961,i
6410979,"Sepulveda, Domingo Antonio",DOM,M,,,,1699,0,40,AUG25,1960,i
6409342,"Severino Paulino, Johan Manuel",DOM,M,,,,1660,0,20,AUG25,1991,
6431569,"Severino Reyes, Adderlis Junior",DOM,M,,,,1610,0,40,AUG25,1992,i
6426565,"Simo Paulino, Leonardo Michael",DOM,M,,,,1763,7,40,AUG25,2012,
6419542,"Soriano Paulino, Junior Emmanuel",DOM,M,,,,1945,0,20,AUG25,1998,i
6400833,"Sosa Castillo, Tomas",DOM,M,,,,2000,0,20,AUG25,1980,i
6405215,"Sosa Moran, Anthony Marc",DOM,M,,NA,,AFM,1970,0,AUG25,1988,
6412807,"Sosa Moran, Bryan Marc",DOM,M,,,,1970,0,20,AUG25,2000,
6425232,"Sosa Torres, Milciades",DOM,M,,,,AFM,1684,0,AUG25,1981,i
6405487,"Sosa, Jonathan",DOM,M,,,,1981,0,20,AUG25,1988,i
6400787,"Soto Lora, Jose Santiago",DOM,M,,,,1961,0,20,AUG25,1965,i
6401015,"Steel Stephen, Daniel Alberto",DOM,M,,,,1870,0,20,AUG25,1959,
6429483,"Suarez Antonio, Leonel",DOM,M,,,,1948,0,40,AUG25,1984,i
6432336,Suarez Castro Aidan Fernando,DOM,M,,,,1628,0,40,AUG25,2007,i
6404766,"Suazo Dirocie, Juan Carlos",DOM,M,,,,1846,0,40,AUG25,1987,i
6400345,"Subervi, Jonathan Sigfredo",DOM,M,FM,,,2007,9,20,AUG25,1980,
6427154,"Suero Burgos, Noelia",DOM,F,,,,1605,0,40,AUG25,1993,wi
6423132,"Suero Mesa, Angel Dominico",DOM,M,,,,1731,0,40,AUG25,1982,i
6417515,"Tapia Nunez, Edwin Jared",DOM,M,,,,1698,0,40,AUG25,1982,i
6432824,"Tatis Garcia, Manuel de Jesus",DOM,M,,,,1596,3,40,AUG25,2009,
6405509,"Tavarez Germoso, Aneury Antonio",DOM,M,,SI,,1900,0,20,AUG25,1983,i
6401481,"Tavarez Rodriguez, Juan Tomas",DOM,M,,,,1979,0,40,AUG25,1957,i
6402658,"Tavarez Rodriguez, Malfio Joel",DOM,M,,,,2078,0,20,AUG25,1988,i
6433804,"Tavera Herrera, Daury",DOM,M,,,,1649,0,40,AUG25,1986,
6429297,"Tavera Sanchez, Johan Gabriel",DOM,M,,,,1741,4,40,AUG25,2002,
6431828,"Taveras De Asis, Richard Antonio",DOM,M,,,,1697,0,40,AUG25,2002,
6400841,"Taveras Infante, Tirso Roldan",DOM,M,,,,2030,0,20,AUG25,1961,
6431259,"Taveras Jimenez, Wilson Manuel",DOM,M,,,,1668,0,40,AUG25,1977,
6415997,"Taveras Rodriguez, Cristian Gabriel",DOM,M,,,,1709,0,40,AUG25,1997,i
6419720,"Taveras Veras , Felix Miguel",DOM,M,,,,1823,0,20,AUG25,1989,i
6422594,"Tejada, Jose Manuel",DOM,M,,,,1914,0,40,AUG25,1998,
6438423,"Tejeda Lugo, Sebastian Emilio",DOM,M,,,,1919,0,40,AUG25,2006,
6401171,"Tejera Delmonte, Jose Sebastian",DOM,M,,,,2027,0,40,AUG25,1970,i
6425461,"Terrero Chevalier, Gabriel",DOM,M,,,,1860,0,40,AUG25,2001,i
6410685,"Tiburcio Villar, Franklin Jonel",DOM,M,,,,1910,0,20,AUG25,2000,i
6411193,"Tiburcio Villar, Franky Samil",DOM,M,,,,1788,0,20,AUG25,2004,i
6410995,"Tiburcio, Franklin Eddy",DOM,M,,,,1768,0,20,AUG25,1969,i
6418627,"Tineo Acosta, Junior Antonio",DOM,M,,,,1791,0,40,AUG25,1986,i
6400280,"Tineo Bautista, Federico Antonio",DOM,M,,,,2101,0,20,AUG25,1968,i
6416110,"Tineo Rodriguez, Brian Jeremiah",DOM,M,,,,2141,14,20,AUG25,2001,
6416870,"Tolentino Mercedes, Argenis Johan",DOM,M,,,,1960,0,20,AUG25,1984,i
6413030,"Torres Castro, Diomedes Cristino",DOM,M,,,,1943,5,20,AUG25,1955,
6409520,"Torres Corsino, Guillermo",DOM,M,,,,1818,4,20,AUG25,1957,
6409741,"Torres Diaz, Rainiel",DOM,M,,,,1902,0,40,AUG25,1975,i
6435297,"Torres Jimenez, Jandel Augusto",DOM,M,,,,1580,0,40,AUG25,2014,
6433553,"Torres Rodriguez, Alejandro",DOM,M,,,,1778,4,40,AUG25,2012,
6433197,"Torres Rodriguez, Leandra Marie",DOM,F,,,,1460,0,40,AUG25,2016,wi
6430511,"Torres, Mario",DOM,M,,,,1836,0,40,AUG25,1984,
6401066,"Torres, Yelfry",DOM,M,,,,2016,0,20,AUG25,1987,i
6423310,"Troncoso Brugal, Enrique",DOM,M,,,,1863,0,40,AUG25,1996,i
6435556,"Turbi Ramirez,Manuel",DOM,M,,,,1667,0,40,AUG25,2001,i
6409350,"Ubiera, Fidencio Enrique",DOM,M,,,,1933,0,40,AUG25,1975,i
6423833,"Urena de Leon, Frank Jorge",DOM,M,,,,1787,0,40,AUG25,1998,i
6409229,"Urena Martinez, Pablo Antonio",DOM,M,,,,1796,0,20,AUG25,1965,i
6415377,"Urena, Andoreny",DOM,M,,,,1905,0,20,AUG25,0,i
6403018,"Uvina Caba, Franyely Enrique",DOM,M,,,,1981,0,20,AUG25,1991,i
6431836,"Uvina Rodriguez, Carlos",DOM,M,,,,1628,0,40,AUG25,2003,
6412874,"Valdespina Agramonte, Anthony Joasin",DOM,M,,,,1978,0,20,AUG25,1996,i
6433790,"Valdez Cadena, Marcos Antonio",DOM,M,,,,1890,3,20,AUG25,1986,
6411002,"Valdez Cruz, Carlos Arturo",DOM,M,,,,1537,5,20,AUG25,1972,
6421903,"Valdez Luna, Claudio",DOM,M,,,,1721,0,40,AUG25,2005,i
6421806,"Valdez Luna, Claury",DOM,M,,,,1685,0,40,AUG25,2003,i
6434924,"Valdez Moreta, Cesar Sebastian",DOM,M,,,,1567,0,40,AUG25,2011,
6416128,"Valdez Soriano, Fidel Antonio",DOM,M,,,,1919,0,40,AUG25,1990,i
6422411,"Valdez Soriano, Juan Manuel",DOM,M,,,,1877,0,40,AUG25,1970,i
6422829,"Valencia Gonzalez, Manuel Alejandro",DOM,M,,,,1732,0,40,AUG25,2002,i
6409369,"Valoy Castillo, Porfirio",DOM,M,,,,1971,0,20,AUG25,1970,i
6427227,"Vargas Abad, Huascar Arturo",DOM,M,,,,1812,0,40,AUG25,1988,i
6401260,"Vargas Gomez, Hector Ramon",DOM,M,,,,1793,0,20,AUG25,1949,
6403034,"Vargas Gomez, Rafael Apolinar",DOM,M,,,,1800,0,20,AUG25,1947,
6429670,"Vargas Lebron, Floiran Antonio",DOM,M,,,,1727,0,40,AUG25,1992,
6405789,"Vargas Luciano, Juan Francisco",DOM,M,,,,1816,0,20,AUG25,1965,i
6438016,"Vargas Rodriguez, Christopher Manuel",DOM,M,,,,1633,1,40,AUG25,1998,
6408230,"Vargas Santos, Jorge Alberto",DOM,M,,,,1912,0,40,AUG25,1980,i
6432166,"Vargas, Wandi Antonio",DOM,M,,,,1607,0,40,AUG25,1985,
6430775,"Vasquez Cruz, Luis Michael",DOM,M,,,,1778,0,40,AUG25,2001,i
6410367,"Vasquez Lorenzo, Carlos Alberto",DOM,M,,,,1837,0,40,AUG25,1997,i
6429807,"Vasquez Montero, Dangel Antonio",DOM,M,,,,1775,0,40,AUG25,2010,
6422977,"Vasquez Rosado, Nicolas",DOM,M,,,,1789,0,40,AUG25,1998,i
6403689,"Vasquez Sanchez, Antonio",DOM,M,,,,1956,0,20,AUG25,1986,
6410049,"Vasquez, Junior",DOM,M,,,,1885,0,40,AUG25,0,i
6410375,"Vasquez, Sterling",DOM,M,,,,1964,0,40,AUG25,2000,i
6412025,"Vazquez, Jesus Agustin",DOM,M,,,,1778,0,40,AUG25,0,i
6400523,"Velez Espiritusantos, Brunildo Eugenio",DOM,M,FM,,,1929,0,20,AUG25,1956,i
6417310,"Veloz, Reinaldo",DOM,M,,,,1863,0,40,AUG25,2002,i
6423094,"Ventura Rosario, Julio Esdeulin",DOM,M,,,,2001,19,20,AUG25,2000,
6416705,"Ventura Ruiz, Francisco Alberto",DOM,M,,,,1814,0,40,AUG25,1972,i
6401236,"Ventura Ruiz, Jonathan Leonardo",DOM,M,,,,1925,0,20,AUG25,1974,i
6413315,"Veras De Jesus, Randolf",DOM,M,,,,1938,0,40,AUG25,1991,i
6437591,"Verdugo Mendez, Jean Carlos Jesus",DOM,M,,,,1667,0,40,AUG25,2008,
6420508,"Vidal Fondeur, Nestor Manuel",DOM,M,,,,1759,0,40,AUG25,0,i
6423337,"Villalobos Goncalves, Diego Jose",DOM,M,,,,1809,0,40,AUG25,1992,i
6409547,"Villalona Arias, Fidel Bienvenido",DOM,M,,,,1906,0,20,AUG25,1983,
6435807,"Villamil Gil, Luis Felipe",DOM,M,,,,1638,0,40,AUG25,2010,
6405053,"Villar Acevedo, Darlin Rocio",DOM,F,WCM,WCM,,1815,0,20,AUG25,1996,wi
6406408,"Villegas Encarnacion, Joel",DOM,M,,,,1768,6,20,AUG25,1982,
6402674,"Viola Herrera, Victor Manuel",DOM,M,,,,1869,3,20,AUG25,0,
6409539,"Washington Martinez, Avalon Alfonso",DOM,M,,,,1965,0,20,AUG25,1990,i
6431860,"Wesly Camacho, Jack",DOM,M,,,,1819,0,40,AUG25,2001,
6435050,"Wu Antigua, Kvin Diego",DOM,M,,,,1716,8,40,AUG25,2009,
6421466,"Yege Pena, Ayesha Diane",DOM,F,,,,1653,0,20,AUG25,1997,wi
6401635,"Yepez, Francisco",DOM,M,,,,2098,0,40,AUG25,1975,i
6427235,"Yesipov, Pavlo",DOM,M,,,,1780,0,40,AUG25,1987,i
6433685,"Yeudy Rafael, Mieses Santana",DOM,M,,,,1835,0,40,AUG25,1994,i
6412882,"Zapata Robles, Jesus Elias",DOM,M,,,,1855,0,20,AUG25,1984,i
6409113,"Zorrilla Jimenez, Wilber Edwin",DOM,M,,,,2007,0,20,AUG25,1990,i
6420273,"Zorrilla Natera, Maicols",DOM,M,,,,1671,0,40,AUG25,1996,i
6434061,"Zorrilla Soto, Jose Alberto",DOM,M,,,,1645,0,40,AUG25,1998,i