ID Number,Name,Fed,Sex,Title,WTit,OTit,FOA,Rating,Gms,K,B-day,Flag
7400128,"Abbas, Sahir",JAM,M,,,,1895,AUG25,0,20,1990,i
7403798,"Abrahams, Addison",JAM,M,,,,1603,AUG25,0,40,2006,i
7414820,"Allen, Anthony",JAM,M,,,,1460,AUG25,0,40,2004,
7400756,"Asher, Miguel",JAM,M,,,,1954,AUG25,0,20,1991,i
7407220,"Aung, Victoria",JAM,F,,,,1597,AUG25,0,40,2012,w
7401434,"Austin, Nikita",JAM,F,,,,1778,AUG25,0,20,1991,wi
7401183,"Bailey, David",JAM,M,,,,1983,AUG25,0,20,1987,i
7410905,"Bailey, Tashane",JAM,M,,,,1670,AUG25,0,40,1995,
7402732,"Bain, Emile",JAM,M,,,,1772,AUG25,0,20,2001,i
7408528,"Baker, Michael",JAM,M,,,,1539,AUG25,0,40,2009,i
7409451,"Banton, Rojay",JAM,M,,,,1740,AUG25,0,40,2005,
7400411,"Barrett, Ariel",JAM,F,WCM,WCM,,1884,AUG25,0,20,1992,wi
7402120,"Barrett, Leighton",JAM,M,CM,,,1825,AUG25,0,20,2003,i
7412240,"Barrett, Taniel",JAM,M,,,,1696,AUG25,0,40,2007,
7405693,"Bartlett, Khaleel",JAM,M,,,,1471,AUG25,0,40,2012,
7401310,"Belinfante, Nathan",JAM,M,,,,1822,AUG25,0,20,1999,i
7412100,"Blair, Daniel",JAM,M,,,,1601,AUG25,0,40,2012,
7402228,"Blake, Johmoi",JAM,F,,,,1572,AUG25,0,40,2005,wi
7402546,"Bond, Mikhail",JAM,M,,,,1557,AUG25,0,40,2006,i
7400934,"Bowen, Mark",JAM,M,,,,1799,AUG25,0,20,1971,i
7400616,"Brooks, Paul",JAM,M,CM,,,1952,AUG25,0,20,1989,i
7402023,"Brown, Akeem",JAM,M,CM,,,1944,AUG25,0,20,2001,
7400322,"Brown, Equitable",JAM,M,CM,,,2064,AUG25,0,20,1981,i
7409249,"Brown, Johnathan",JAM,M,,,,1677,AUG25,0,40,2007,
7402740,"Brown, Raehanna",JAM,F,WFM,WFM,,1849,AUG25,0,20,2005,wi
7405022,"Bryce, Damari",JAM,M,,,,1521,AUG25,0,40,2005,i
7410328,"Burton, Rojay",JAM,M,,,,1460,AUG25,0,40,2001,
7400853,"Campbell, Kevron",JAM,M,,,,1878,AUG25,0,20,1987,i
7412797,"Carson, Brianardo",JAM,M,,,,1469,AUG25,0,40,2010,
7403690,"Cato, Khatray",JAM,M,,,,1592,AUG25,0,40,2006,i
7403950,"Chai, Leah-Ann",JAM,F,,,,1468,AUG25,0,20,2003,wi
7403011,"Chambers, Davica",JAM,F,,,,1569,AUG25,0,20,2000,wi
7408056,"Chang, Amanda",JAM,F,,,,1669,AUG25,0,40,2011,w
7408064,"Chang, Jessica",JAM,F,,,,1484,AUG25,0,40,2009,w
7400241,"Chin, Eton",JAM,M,,,,1936,AUG25,0,20,1964,i
7404123,"Chin, J-Loy",JAM,M,,,,1729,AUG25,0,40,2008,
7402074,"Christie, Joshua",JAM,M,FM,,,2192,AUG25,0,20,2001,
7401680,"Christie, Michael",JAM,M,,,,1886,AUG25,0,20,1999,i
7402287,"Chung, Antonic",JAM,M,,,,1653,AUG25,0,40,2005,i
7402082,"Clarke, Adani",JAM,F,WFM,WFM,,1807,AUG25,0,20,2003,wi
7402996,"Clarke, Ashanti",JAM,F,,,,1682,AUG25,0,20,2002,wi
7405952,"Clarke, Tsahai",JAM,F,,,,1575,AUG25,0,40,2011,w
7403046,"Coe, Cameron",JAM,M,,,,1572,AUG25,0,40,2010,
7402236,"Curriah, Malik",JAM,M,CM,,,1960,AUG25,0,20,1999,i
7402627,"Curwin, Nickaylah",JAM,F,WCM,WCM,,1653,AUG25,0,20,2000,wi
7404573,"Dakin, Errol",JAM,M,,,,1555,AUG25,0,20,2000,i
7402848,"Davis, Christopher",JAM,M,,NA,,AFM,AUG25,1567,0,1999,i
7401370,"Davis, Tahj",JAM,M,,,,1880,AUG25,0,20,1995,i
7400519,"Davy, Damion",JAM,M,FM,,,2170,AUG25,0,20,1990,i
7408013,"Davy, Khalel",JAM,M,,,,1604,AUG25,3,40,2016,
7414838,"Dawkins, Dominique",JAM,M,,,,1690,AUG25,0,40,1999,
7409990,"Dawkins, Nah-jae",JAM,M,,,,1751,AUG25,0,40,2010,
7400969,"Diedrick, Michael",JAM,M,,,,1917,AUG25,0,20,1955,i
7405570,"Dixon, Rickon",JAM,M,,,,1517,AUG25,0,40,2005,i
7400977,"Douglas, Markland",JAM,M,,,,1924,AUG25,0,20,1966,i
7403054,"Dyer, Armani",JAM,M,,,,1501,AUG25,0,40,2006,i
7400454,"Edwards, Alethia",JAM,F,,,,1743,AUG25,0,20,1993,wi
7402040,"Edwards, Dujean",JAM,M,,,,1805,AUG25,0,20,1989,i
7400179,"Elliott, Warren",JAM,M,FM,FT,,2206,AUG25,0,20,1979,i
7403941,"Fagan, Nathan",JAM,M,,,,1452,AUG25,0,40,2005,i
7405146,"Farquharson, Daniel",JAM,M,,,,1615,AUG25,0,20,2003,i
7408560,"Foreshaw, Jayden",JAM,M,,,,1499,AUG25,0,40,2009,
7412541,"Fuller, Adrian",JAM,M,,,,1601,AUG25,2,40,2007,
7408102,"Gali, Vaishnav",JAM,M,,,,1640,AUG25,3,40,2012,
7403186,"Gayle, Armani",JAM,M,,,,1603,AUG25,0,20,2000,i
7405448,"Gayle, Kaia",JAM,F,,,,1628,AUG25,0,40,2009,w
7405081,"Gayle, Kaity",JAM,F,,,,1521,AUG25,0,40,2006,w
7401752,"Gayle, Malik",JAM,M,,,,1688,AUG25,0,20,2000,i
7402724,"Glaves, Raheem",JAM,M,FM,,,2051,AUG25,0,20,2001,i
7408943,"Gordon, Nkosi",JAM,M,,,,1475,AUG25,0,40,2010,
7403151,"Grant, Chevaughn",JAM,M,,,,1703,AUG25,0,20,1998,
7400659,"Gray, Krishna",JAM,F,,,,1828,AUG25,0,20,1992,wi
7406800,"Green, Nathaniel",JAM,M,,,,1475,AUG25,0,40,2012,
7407530,"Green, Remari",JAM,M,,,,1590,AUG25,0,20,2002,i
7402309,"Gregory, Ashley-Renae",JAM,F,,,,1691,AUG25,0,20,2001,wi
7404212,"Griffiths, Laila",JAM,F,,,,1449,AUG25,0,40,2007,wi
7400993,"Hall, Odane",JAM,M,,SI,,1881,AUG25,0,20,1994,i
7406517,"Hare, Nathan",JAM,M,,,,1731,AUG25,0,20,2004,
7404557,"Harper, Benjamin",JAM,M,,,,1585,AUG25,0,40,2006,i
7404794,"Harvey, Corbin",JAM,M,,,,1542,AUG25,0,40,2009,i
7400039,"Henry, Mark",JAM,M,,,,1879,AUG25,0,20,1974,i
7407416,"Henry, Matthew",JAM,M,,,,1627,AUG25,2,40,2003,
7403372,"Hercules, Andrew",JAM,M,,,,1785,AUG25,0,20,1999,i
7400730,"Hinds, Nathan",JAM,M,CM,SI,,1936,AUG25,0,20,1994,i
7400233,"Holness, Mark",JAM,M,CM,,,1921,AUG25,0,20,1970,i
7404999,"Hope, Nathaniel",JAM,M,,,,1712,AUG25,0,40,2008,i
7405871,"Hylton, Everton",JAM,M,,,,1738,AUG25,0,20,1989,i
7414846,"Hylton, Jaydon",JAM,M,,,,1532,AUG25,0,40,2004,
7402333,"Isaacs, Orion",JAM,M,,,,1670,AUG25,0,20,2004,i
7401124,"Issa, Elias",JAM,M,,,,1730,AUG25,0,20,2000,i
7411693,"James, Josh-Anthony",JAM,M,,,,1714,AUG25,0,40,2011,
7404506,"Johnson, Obrian",JAM,M,,,,1938,AUG25,0,20,1996,i
7404581,"Johnson, Remone",JAM,M,,,,1689,AUG25,0,20,1991,i
7406703,"Jones, Tevaughn",JAM,M,,NA,,ACM,AUG25,1758,0,1994,
7404611,"Jordan, Valence",JAM,M,,,,1857,AUG25,0,20,1986,i
7402155,"Kidd, Aulanni",JAM,F,,,,1686,AUG25,0,20,2003,wi
7407955,"Lattibeaudiere, Kwabena",JAM,M,,,,1408,AUG25,3,40,2011,
7407238,"Leake, Emilia-Rose",JAM,F,,,,1552,AUG25,0,40,2014,w
7414854,"Lee, Teshane",JAM,M,,,,1532,AUG25,0,40,2004,
7410085,"Liao, Justin",JAM,M,,,,1535,AUG25,0,40,2011,
7403402,"Lin, Samuel",JAM,M,,,,1522,AUG25,0,40,2007,
7407190,"Logan, Liam",JAM,M,,,,1464,AUG25,0,40,2012,
7400810,"Lord, John",JAM,M,,,,1913,AUG25,0,20,1998,i
7400330,"Lorne, Ras Malaku",JAM,M,FM,FI,,2079,AUG25,0,20,1984,i
7402473,"Lungrin, Rashade",JAM,M,,,,1846,AUG25,0,20,2002,i
7402210,"Lyn, Anthony",JAM,M,CM,,,1600,AUG25,0,40,2007,i
7402775,"Lyn, Christopher",JAM,M,,,,1846,AUG25,0,20,2002,i
7402350,"Lyn, Nicholas",JAM,M,,,,1778,AUG25,0,20,2004,
7404565,"Mahtani, Rohit",JAM,M,,,,1516,AUG25,0,40,2008,i
7403348,"Martin, Giovanni",JAM,M,,,,1482,AUG25,0,20,2004,i
7400012,"Matthews, Shane",JAM,M,IM,,,2247,AUG25,0,20,1964,i
7401256,"McCook, Natashane",JAM,M,,,,1785,AUG25,0,20,1988,i
7404948,"McDermott, Peter John",JAM,M,,,,1838,AUG25,0,20,2001,i
7402597,"McDonald, Angelus-Seren",JAM,M,,,,1792,AUG25,0,20,2004,i
7402481,"McDonald, Jhustice-Dimonte",JAM,M,CM,,,1838,AUG25,0,20,2001,
7403674,"McDonald, Trinity-St.John",JAM,M,,,,1547,AUG25,0,40,2007,i
7402872,"McKennis, Darren",JAM,M,CM,,,1879,AUG25,0,40,2006,i
7403488,"McKoy, Aaron",JAM,M,,,,1530,AUG25,0,40,2011,
7403496,"McKoy, Arielle",JAM,F,,,,1539,AUG25,0,40,2007,wi
7401949,"McKoy, Troy",JAM,M,,,,1716,AUG25,0,20,1976,i
7400055,"Mellace, Andrew",JAM,M,CM,,,2006,AUG25,0,20,1977,i
7401531,"Merritt, Kevin",JAM,M,CM,,,1950,AUG25,0,20,1985,i
7404204,"Miller, Craig",JAM,M,,,,1569,AUG25,0,40,2003,i
7409923,"Morgan, Cachmar",JAM,M,,,,1430,AUG25,0,40,2001,
7402708,"Morgan, Tajae",JAM,M,,,,1837,AUG25,0,20,2003,i
7407076,"Moses, Kayla",JAM,F,,,,1441,AUG25,0,40,2011,w
7412770,"Murdock, Antasia",JAM,F,,,,1519,AUG25,7,40,2009,w
7407599,"Murphy, Glory",JAM,F,,,,1612,AUG25,0,40,2010,w
7400306,"Myers, Peter",JAM,M,,,,1942,AUG25,0,20,1973,i
7410387,"Nadavaluru, Krishna",JAM,M,,,,1607,AUG25,0,40,2011,
7401426,"Nash, De Mario",JAM,M,,,,1858,AUG25,0,20,1995,i
7400209,"Nelson, Omowale",JAM,M,,,,1999,AUG25,0,20,1969,i
7403909,"OConnor, Zaina",JAM,F,WCM,WCM,,1537,AUG25,0,40,2009,wi
7400284,"Palmer, Adrian",JAM,M,,"SI,NA",,1945,AUG25,0,20,1977,i
7408021,"Patel, Elisha",JAM,F,,,,1425,AUG25,0,40,2013,w
7411758,"Peters, Devon",JAM,M,,,,1628,AUG25,0,40,2007,
7400195,"Porter, Russel",JAM,M,CM,,,2080,AUG25,0,20,1970,i
7405197,"Powell, Joshua",JAM,M,,,,1512,AUG25,0,40,2010,
7407297,"Prata, Luis",JAM,M,,,,1648,AUG25,0,40,2007,i
7407815,"Quest, Zaire",JAM,M,,,,1484,AUG25,0,40,2014,
7402562,"Rampair, Aidan",JAM,M,,,,1591,AUG25,0,40,2007,i
7400314,"Ramsay, Zachary",JAM,M,,,,1933,AUG25,0,20,1990,i
7404875,"Richards, Jaleel",JAM,M,,,,1908,AUG25,0,20,1996,i
7402635,"Richards, Shaheem",JAM,M,,,,1756,AUG25,0,20,2003,i
7400446,"Richards-Porter, Deborah",JAM,F,WIM,WIM,"LSI,FI",1986,AUG25,0,20,1985,wi
7403291,"Roberts, Rohan",JAM,M,,,,1836,AUG25,0,20,2000,i
7409761,"Robinson, Najaire",JAM,M,,,,1754,AUG25,0,40,2010,
7410522,"Robinson, Rushawn",JAM,M,,,,1709,AUG25,0,40,2006,
7402694,"Rodgers, Andryck",JAM,M,,,,1800,AUG25,0,20,1999,i
7400268,"Rowe, Duane",JAM,M,CM,,,1997,AUG25,0,20,1978,i
7405979,"Rowe, Omario",JAM,M,,,,1533,AUG25,0,20,2004,i
7404727,"Scully, Howard",JAM,M,,,,1532,AUG25,0,40,2003,
7404395,"Shakes, Daniel",JAM,M,,,,1481,AUG25,0,40,2006,i
7412258,"Shaw, Christopher",JAM,M,,,,1491,AUG25,2,40,1978,
7402880,"Shaw, Jaden",JAM,M,FM,,,1966,AUG25,0,40,2007,i
7408196,"Shergil, Rajvir",JAM,M,,,,1508,AUG25,4,40,2015,
7405014,"Shergil, Ronak",JAM,M,,,,1525,AUG25,0,40,2011,
7400764,"Sinclair, Horace",JAM,M,,,,1942,AUG25,0,20,1996,i
7410280,"Singh, Samakhya",JAM,F,,,,1483,AUG25,0,40,2015,w
7403992,"Smart, Andrew",JAM,M,,,,1513,AUG25,0,40,2001,i
7404000,"Smart, Bryan",JAM,M,,,,1652,AUG25,0,40,2007,i
7403917,"Smart, Jaheim",JAM,M,,,,1689,AUG25,0,40,2009,i
7406738,"Smart, Jahvier",JAM,M,,,,1474,AUG25,5,40,2012,
7405464,"Smikle, Zahmir",JAM,M,,,,1568,AUG25,0,40,2010,
7400683,"Smith, Annesha",JAM,F,WCM,WCM,,1824,AUG25,0,20,1988,wi
7404590,"Smith, Di-jaun",JAM,M,,,,1879,AUG25,0,20,1999,i
7400845,"Smith, Kenroy",JAM,M,,,,1860,AUG25,0,20,1988,i
7400691,"Smith, Melisha",JAM,F,WCM,WCM,,1816,AUG25,0,20,1987,wi
7407130,"Smith, Samuel",JAM,M,,,,1655,AUG25,0,40,2002,
7400713,"Smith, Shreyas",JAM,M,FM,,,2129,AUG25,0,20,1996,
7401132,"Soares, Andre",JAM,M,,,,1850,AUG25,0,20,1981,i
7400381,"Solomon, Mikhail",JAM,M,,FI,,1978,AUG25,0,20,1987,i
7401736,"Steadman, Tevanio",JAM,M,,,,AIM,AUG25,1909,0,1997,
7403550,"Stephenson, Amy",JAM,F,,,,1608,AUG25,0,40,2006,wi
7404409,"Stephenson, John",JAM,M,,,,1789,AUG25,0,40,2006,i
7407289,"Stewart, Alyssa",JAM,F,,,,1476,AUG25,0,40,2008,w
7407300,"Sunkara, Dedipya",JAM,F,,,,1406,AUG25,2,40,2010,w
7404840,"Sutherland, Kofi",JAM,M,,,,1596,AUG25,0,40,2006,i
7404905,"Thomas, Carson",JAM,M,,,,1726,AUG25,0,20,2001,i
7400608,"Thomas, Peter",JAM,M,,,,2007,AUG25,0,20,1989,i
7403240,"Thompson, Ronaldo",JAM,M,,,,1617,AUG25,0,20,2004,i
7402066,"Thorpe, Jaleel",JAM,M,,,,1687,AUG25,0,20,2002,i
7412045,"Thorpe, Lamouy",JAM,M,,,,1770,AUG25,0,40,1998,
7402392,"Thorpe, Rameze",JAM,M,,NA,,1711,AUG25,0,20,2001,i
7401280,"Walker, Alistair",JAM,M,,,,1989,AUG25,0,20,1997,i
7402058,"Walker, Lontae",JAM,M,,,,1794,AUG25,0,20,2003,i
7403704,"Walters, Romaine",JAM,M,,,,1561,AUG25,0,40,2006,i
7402538,"Watson, Gabriella",JAM,F,WCM,WCM,,1637,AUG25,0,40,2007,wi
7404107,"Watts, Justin",JAM,M,,,,1648,AUG25,0,20,2004,i
7402805,"White, Rushawn",JAM,M,,,,1870,AUG25,0,20,2002,i
7400101,"Wilkinson, Ian",JAM,M,,,,1914,AUG25,0,20,1965,i
7404603,"Williams, Daniel O",JAM,M,,,,1557,AUG25,0,20,2001,i
7408234,"Williams, Dejaun",JAM,M,,,,1532,AUG25,0,40,2014,
7409192,"Williams, Jaiden",JAM,M,,,,1448,AUG25,3,40,2008,
7400578,"Williams, Margoe",JAM,F,WCM,WCM,SI,1791,AUG25,0,20,1991,wi
7406444,"Williams, Michalia",JAM,F,,,,1588,AUG25,0,40,2005,w
7400500,"Wilson, Brandon",JAM,M,CM,,,2084,AUG25,0,20,1988,i
7412789,"Wilson, Cordelia",JAM,F,,,,1567,AUG25,2,40,2011,w
7400438,"Wisdom, Daren",JAM,M,CM,NA,,1993,AUG25,0,20,1983,i
7403135,"Wright, Davielo",JAM,M,,,,1744,AUG25,0,20,2003,i
7410239,"Wright, Luke E",JAM,M,,,,1572,AUG25,5,40,2016,
7407211,"Xiang, Austin",JAM,M,,,,1456,AUG25,2,40,2014,
7402406,"Yankana, Alliyah",JAM,F,,,,1641,AUG25,0,20,2001,wi
7406690,"Yankana, Danielle",JAM,F,,,,1582,AUG25,0,40,2011,w