[
  {
    "ID Number": "8201374"
  },
  {
    "ID Number": "8201200"
  },
  {
    "ID Number": "8201250"
  },
  {
    "ID Number": "8201820"
  },
  {
    "ID Number": "8202931"
  },
  {
    "ID Number": "8205450"
  },
  {
    "ID Number": "8205248"
  },
  {
    "ID Number": "8201064"
  },
  {
    "ID Number": "8202877"
  },
  {
    "ID Number": "8203385"
  },
  {
    "ID Number": "8205809"
  },
  {
    "ID Number": "8201480"
  },
  {
    "ID Number": "8204713"
  },
  {
    "ID Number": "8202516"
  },
  {
    "ID Number": "8202389"
  },
  {
    "ID Number": "8201498"
  },
  {
    "ID Number": "8204462"
  },
  {
    "ID Number": "8201030"
  },
  {
    "ID Number": "8201510"
  },
  {
    "ID Number": "8200025"
  },
  {
    "ID Number": "8205442"
  },
  {
    "ID Number": "8201137"
  },
  {
    "ID Number": "8201145"
  },
  {
    "ID Number": "8202982"
  },
  {
    "ID Number": "8203857"
  },
  {
    "ID Number": "8202800"
  },
  {
    "ID Number": "8202109"
  },
  {
    "ID Number": "8202915"
  },
  {
    "ID Number": "8200505"
  },
  {
    "ID Number": "8200157"
  },
  {
    "ID Number": "8200866"
  },
  {
    "ID Number": "8202125"
  },
  {
    "ID Number": "8200513"
  },
  {
    "ID Number": "8200033"
  },
  {
    "ID Number": "8200521"
  },
  {
    "ID Number": "8200670"
  },
  {
    "ID Number": "8206058"
  },
  {
    "ID Number": "8205485"
  },
  {
    "ID Number": "8202133"
  },
  {
    "ID Number": "8202451"
  },
  {
    "ID Number": "8205671"
  },
  {
    "ID Number": "8205353"
  },
  {
    "ID Number": "8201722"
  },
  {
    "ID Number": "8206295"
  },
  {
    "ID Number": "8200319"
  },
  {
    "ID Number": "8200327"
  },
  {
    "ID Number": "8200335"
  },
  {
    "ID Number": "8206627"
  },
  {
    "ID Number": "8205361"
  },
  {
    "ID Number": "8205841"
  },
  {
    "ID Number": "8203555"
  },
  {
    "ID Number": "8206066"
  },
  {
    "ID Number": "8200904"
  },
  {
    "ID Number": "8200041"
  },
  {
    "ID Number": "8204691"
  },
  {
    "ID Number": "8205868"
  },
  {
    "ID Number": "8200874"
  },
  {
    "ID Number": "8200165"
  },
  {
    "ID Number": "8204829"
  },
  {
    "ID Number": "8205680"
  },
  {
    "ID Number": "8200882"
  },
  {
    "ID Number": "8200173"
  },
  {
    "ID Number": "8200351"
  },
  {
    "ID Number": "8202893"
  },
  {
    "ID Number": "8202214"
  },
  {
    "ID Number": "8204136"
  },
  {
    "ID Number": "8205280"
  },
  {
    "ID Number": "8203571"
  },
  {
    "ID Number": "8204330"
  },
  {
    "ID Number": "8201269"
  },
  {
    "ID Number": "8203270"
  },
  {
    "ID Number": "8200378"
  },
  {
    "ID Number": "8201633"
  },
  {
    "ID Number": "8202478"
  },
  {
    "ID Number": "8202540"
  },
  {
    "ID Number": "8200734"
  },
  {
    "ID Number": "8201730"
  },
  {
    "ID Number": "8201749"
  },
  {
    "ID Number": "8204535"
  },
  {
    "ID Number": "8204349"
  },
  {
    "ID Number": "8204543"
  },
  {
    "ID Number": "8201226"
  },
  {
    "ID Number": "8202508"
  },
  {
    "ID Number": "8203865"
  },
  {
    "ID Number": "8206430"
  },
  {
    "ID Number": "8201340"
  },
  {
    "ID Number": "8201390"
  },
  {
    "ID Number": "8200050"
  },
  {
    "ID Number": "8202230"
  },
  {
    "ID Number": "8203733"
  },
  {
    "ID Number": "8202621"
  },
  {
    "ID Number": "8201889"
  },
  {
    "ID Number": "8204837"
  },
  {
    "ID Number": "8201552"
  },
  {
    "ID Number": "8204268"
  },
  {
    "ID Number": "8201234"
  },
  {
    "ID Number": "8200750"
  },
  {
    "ID Number": "8202265"
  },
  {
    "ID Number": "8203253"
  },
  {
    "ID Number": "8200190"
  },
  {
    "ID Number": "8203598"
  },
  {
    "ID Number": "8200017"
  },
  {
    "ID Number": "8201170"
  },
  {
    "ID Number": "8201757"
  },
  {
    "ID Number": "8200106"
  },
  {
    "ID Number": "8202923"
  },
  {
    "ID Number": "8200416"
  },
  {
    "ID Number": "8205400"
  },
  {
    "ID Number": "8200084"
  },
  {
    "ID Number": "8202273"
  },
  {
    "ID Number": "8200122"
  },
  {
    "ID Number": "8200629"
  },
  {
    "ID Number": "8200149"
  },
  {
    "ID Number": "8205574"
  },
  {
    "ID Number": "8205469"
  },
  {
    "ID Number": "8201765"
  },
  {
    "ID Number": "8201773"
  },
  {
    "ID Number": "8200963"
  },
  {
    "ID Number": "8200068"
  },
  {
    "ID Number": "8202281"
  },
  {
    "ID Number": "8200459"
  },
  {
    "ID Number": "8203725"
  },
  {
    "ID Number": "8200467"
  },
  {
    "ID Number": "8200475"
  },
  {
    "ID Number": "8205256"
  },
  {
    "ID Number": "8205663"
  },
  {
    "ID Number": "8200971"
  },
  {
    "ID Number": "8201668"
  },
  {
    "ID Number": "8204730"
  },
  {
    "ID Number": "8205957"
  },
  {
    "ID Number": "8205590"
  },
  {
    "ID Number": "8203466"
  },
  {
    "ID Number": "8205965"
  },
  {
    "ID Number": "8205655"
  },
  {
    "ID Number": "8206589"
  },
  {
    "ID Number": "8201358"
  },
  {
    "ID Number": "8204187"
  },
  {
    "ID Number": "8201404"
  },
  {
    "ID Number": "8201412"
  },
  {
    "ID Number": "8203059"
  },
  {
    "ID Number": "8203105"
  },
  {
    "ID Number": "8204918"
  },
  {
    "ID Number": "8200491"
  },
  {
    "ID Number": "8200645"
  },
  {
    "ID Number": "8202486"
  },
  {
    "ID Number": "8202494"
  },
  {
    "ID Number": "8206791"
  },
  {
    "ID Number": "8204438"
  },
  {
    "ID Number": "8205973"
  },
  {
    "ID Number": "8200653"
  },
  {
    "ID Number": "8204250"
  },
  {
    "ID Number": "8201323"
  },
  {
    "ID Number": "8202656"
  },
  {
    "ID Number": "8202664"
  },
  {
    "ID Number": "8202974"
  },
  {
    "ID Number": "8202826"
  },
  {
    "ID Number": "8205418"
  },
  {
    "ID Number": "8204390"
  },
  {
    "ID Number": "8202346"
  },
  {
    "ID Number": "8203350"
  },
  {
    "ID Number": "8203369"
  },
  {
    "ID Number": "8203687"
  },
  {
    "ID Number": "8201110"
  },
  {
    "ID Number": "8201080"
  },
  {
    "ID Number": "8200548"
  },
  {
    "ID Number": "8203067"
  },
  {
    "ID Number": "8201188"
  },
  {
    "ID Number": "8200211"
  },
  {
    "ID Number": "8201951"
  },
  {
    "ID Number": "8201978"
  },
  {
    "ID Number": "8200076"
  },
  {
    "ID Number": "8201994"
  },
  {
    "ID Number": "8204276"
  },
  {
    "ID Number": "8205604"
  },
  {
    "ID Number": "8204233"
  },
  {
    "ID Number": "8205701"
  },
  {
    "ID Number": "8202370"
  },
  {
    "ID Number": "8202567"
  },
  {
    "ID Number": "8204055"
  },
  {
    "ID Number": "8201196"
  },
  {
    "ID Number": "8206040"
  },
  {
    "ID Number": "8200580"
  },
  {
    "ID Number": "8201293"
  },
  {
    "ID Number": "8202699"
  },
  {
    "ID Number": "8200092"
  },
  {
    "ID Number": "8203040"
  },
  {
    "ID Number": "8203008"
  },
  {
    "ID Number": "8202990"
  },
  {
    "ID Number": "8201609"
  },
  {
    "ID Number": "8200130"
  },
  {
    "ID Number": "8205477"
  },
  {
    "ID Number": "8200220"
  },
  {
    "ID Number": "8204195"
  },
  {
    "ID Number": "8201692"
  },
  {
    "ID Number": "14327627"
  },
  {
    "ID Number": "14326868"
  },
  {
    "ID Number": "8204110"
  },
  {
    "ID Number": "8202427"
  },
  {
    "ID Number": "8204624"
  },
  {
    "ID Number": "8205426"
  },
  {
    "ID Number": "8205760"
  },
  {
    "ID Number": "8204063"
  },
  {
    "ID Number": "8202958"
  },
  {
    "ID Number": "8202966"
  },
  {
    "ID Number": "8204772"
  },
  {
    "ID Number": "8203970"
  },
  {
    "ID Number": "8203210"
  },
  {
    "ID Number": "8201129"
  }
]