[
  {
    "ID Number": "36100072",
    "Name": "Cottle, Brian S",
    "Fed": "VIN",
    "Sex": "M",
    "Title": "CM",
    "WTit": "NA",
    "OTit": "",
    "FOA": "1880",
    "Rating": "AUG25",
    "Gms": "0",
    "K": "40",
    "B-day": "1962",
    "Flag": ""
  },
  {
    "ID Number": "36100080",
    "Name": "Durham-Balcombe, Ronnia R",
    "Fed": "VIN",
    "Sex": "F",
    "Title": "",
    "WTit": "",
    "OTit": "",
    "FOA": "1601",
    "Rating": "AUG25",
    "Gms": "0",
    "K": "40",
    "B-day": "1986",
    "Flag": "w"
  },
  {
    "ID Number": "8504652",
    "Name": "Enemchukwu Chinedu Benjamin",
    "Fed": "VIN",
    "Sex": "M",
    "Title": "FM",
    "WTit": "",
    "OTit": "",
    "FOA": "AGM",
    "Rating": "AUG25",
    "Gms": "1957",
    "K": "0",
    "B-day": "1982",
    "Flag": ""
  },
  {
    "ID Number": "36100021",
    "Name": "MENTES, UGUR",
    "Fed": "VIN",
    "Sex": "M",
    "Title": "",
    "WTit": "SI",
    "OTit": "",
    "FOA": "1532",
    "Rating": "AUG25",
    "Gms": "0",
    "K": "40",
    "B-day": "1990",
    "Flag": "i"
  },
  {
    "ID Number": "36100030",
    "Name": "Robinson, Oris L",
    "Fed": "VIN",
    "Sex": "M",
    "Title": "",
    "WTit": "",
    "OTit": "",
    "FOA": "1550",
    "Rating": "AUG25",
    "Gms": "0",
    "K": "40",
    "B-day": "1970",
    "Flag": ""
  },
  {
    "ID Number": "36100102",
    "Name": "Schneider, James U",
    "Fed": "VIN",
    "Sex": "M",
    "Title": "",
    "WTit": "",
    "OTit": "",
    "FOA": "1466",
    "Rating": "AUG25",
    "Gms": "0",
    "K": "40",
    "B-day": "1987",
    "Flag": ""
  },
  {
    "ID Number": "36100196",
    "Name": "Shetty, Vedant",
    "Fed": "VIN",
    "Sex": "M",
    "Title": "",
    "WTit": "",
    "OTit": "",
    "FOA": "1684",
    "Rating": "AUG25",
    "Gms": "0",
    "K": "40",
    "B-day": "2016",
    "Flag": ""
  },
  {
    "ID Number": "36100188",
    "Name": "UCHECHUKWU K., OJIOGU",
    "Fed": "VIN",
    "Sex": "M",
    "Title": "",
    "WTit": "",
    "OTit": "",
    "FOA": "1511",
    "Rating": "AUG25",
    "Gms": "0",
    "K": "40",
    "B-day": "1994",
    "Flag": "i"
  }
]