ID Number,Name,Fed,Sex,Title,WTit,OTit,Rating,Gms,K,RatingMonth,B-day,Flag
6502938,"Acevedo Mendez, Lisseth",ISL,F,WIM,WIM,,1860,0,20,SEP25,1993,wi
2322676,"Adalgeirsdottir, Elsa Margret",ISL,F,,,,1562,0,40,SEP25,2013,w
2330725,"Adalsteinsson, Bergmann Oli",ISL,M,,,,1740,0,40,SEP25,1998,
2300591,"Adalsteinsson, Hermann",ISL,M,,,,1650,0,20,SEP25,1968,
2330172,"Adalsteinsson, Sigurdur Einar",ISL,M,,,,1411,0,40,SEP25,2011,
2315483,"Adhikari, Flovent Rigved",ISL,M,,,,1441,0,40,SEP25,2005,i
2311593,"Aegisson, Pall Isak",ISL,M,,,,1594,0,20,SEP25,2002,i
2305895,"Aegisson, Sigurdur",ISL,M,,,,1825,0,20,SEP25,1958,i
2309840,"Agnarsson, Helgi Snaer",ISL,M,,,,1540,0,40,SEP25,1999,i
2316390,"Agnarsson, Ingi",ISL,M,,,,1691,0,20,SEP25,1971,i
2308118,"Agustsson, Egill Steinar",ISL,M,,,,1815,0,40,SEP25,1985,
2302047,"Agustsson, Hafsteinn",ISL,M,,,,1900,0,20,SEP25,1953,
2307090,"Akason, Aevar",ISL,M,,,,1673,0,20,SEP25,1955,
2326566,"Albertsson, Sigurdur Jens",ISL,M,,,,1564,0,40,SEP25,1995,
2315912,"Alexandersson, Orn",ISL,M,,,,1690,0,20,SEP25,2005,i
2330180,"Alguno Openia, Tristan Nash",ISL,M,,,,1596,8,40,SEP25,2011,
2329611,"Andersen, Arnar Bogi",ISL,M,,,,1623,0,40,SEP25,2009,i
2328615,"Andersen, Johann",ISL,M,,,,1468,0,40,SEP25,1997,
2300630,"Andrason, Pall Snaedal",ISL,M,,,,1909,0,20,SEP25,1994,i
2329255,"Andreasson Nyman, Samuel",ISL,M,,,,1559,0,40,SEP25,2001,i
2327961,"Andresson, Gudmundur Arni",ISL,M,,,,1422,0,20,SEP25,2000,i
2307987,"Antonsson, Atli",ISL,M,,,,1870,0,20,SEP25,1976,i
2325144,"Arason, Steinar",ISL,M,,,,1416,0,20,SEP25,1979,i
2310147,"Arnaldarson, Bjarki",ISL,M,,,,1474,0,20,SEP25,2003,i
2304821,"Arnalds, Stefan",ISL,M,,,,1956,0,20,SEP25,1972,
2325420,"Arnaldsson, Orn",ISL,M,,,,1777,0,40,SEP25,1984,i
2329867,"Arnarson, Erlingur",ISL,M,,,,1459,0,20,SEP25,1967,
2312158,"Arnarson, Hilmir",ISL,M,,,,1491,0,40,SEP25,2005,i
2332507,"Arnarson, Hrafn",ISL,M,,,,1794,0,40,SEP25,1953,
2305054,"Arnarson, Sigurdur",ISL,M,,,,2037,0,20,SEP25,1966,i
2316455,"Arnarson, Smari",ISL,M,,,,1732,0,20,SEP25,2000,i
2326221,"Arnarson, Stefan",ISL,M,,,,1727,0,20,SEP25,1988,i
1725033,"Arnarson, Thordur",ISL,M,,,,1774,0,20,SEP25,1980,i
2325438,"Arnarsson, Hugi Vilmundur",ISL,M,,,,1517,0,40,SEP25,2014,
2326574,"Arnarsson, Solvi",ISL,M,,,,1404,0,40,SEP25,2011,
2315246,"Arnason, Agust Ivar",ISL,M,,,,1603,0,40,SEP25,2005,i
2301032,"Arnason, Arni A.",ISL,M,,,,2076,0,20,SEP25,1963,i
2310511,"Arnason, Arni Thor",ISL,M,,,,1749,0,20,SEP25,1951,i
2300427,"Arnason, Asgeir T",ISL,M,,,,2177,0,20,SEP25,1957,i
2305402,"Arnason, Einar Agust",ISL,M,,,,1772,0,20,SEP25,1984,i
2313987,"Arnason, Gisli",ISL,M,,,,1713,0,20,SEP25,1939,i
2302756,"Arnason, Johannes Ingi",ISL,M,,,,1764,0,20,SEP25,1982,
2311259,"Arnason, Johannes Thor",ISL,M,,,,1405,0,20,SEP25,2002,i
2300036,"Arnason, Jon L",ISL,M,GM,,,2421,0,10,SEP25,1960,i
2324946,"Arnason, Jon Robert",ISL,M,,,,1575,0,20,SEP25,1996,i
2300826,"Arnason, Ragnar",ISL,M,,,,1618,0,20,SEP25,1952,i
2331721,"Arnason, Robert Eli",ISL,M,,,,1607,0,40,SEP25,2005,i
2311852,"Arnason, Saemundur",ISL,M,,,,1580,0,20,SEP25,2003,i
2324067,"Arnason, Saevar Max",ISL,M,,,,1536,0,40,SEP25,2005,i
2300435,"Arnason, Throstur",ISL,M,FM,,,2257,0,20,SEP25,1972,i
2301288,"Arngrimsson, Dagur",ISL,M,IM,,,2387,0,20,SEP25,1987,i
2301059,"Arnljotsson, Jon",ISL,M,,,,1905,0,20,SEP25,1961,i
2323036,"Arnorsson, Isleifur",ISL,M,,,,1576,0,20,SEP25,2004,i
2300320,"Asbjornsson, Asgeir",ISL,M,FM,,,2245,0,20,SEP25,1956,
2314967,"Asbjornsson, Magnus Dagur",ISL,M,,,,1750,0,20,SEP25,1977,i
2323940,"Asgeirsson, Adalsteinn Egill",ISL,M,,,,1481,0,40,SEP25,2010,
2329042,"Asgeirsson, Floki",ISL,M,,,,1401,0,40,SEP25,1983,i
2323818,"Asgrimsson, Valur Darri",ISL,M,,,,1409,0,40,SEP25,2012,
2305437,"Asmundsson, Sigurbjorn",ISL,M,,,,1673,0,20,SEP25,1970,
2309874,"Astradsson, Jonas S",ISL,M,,,,1699,0,20,SEP25,1940,i
2328402,"Atlason, Bjartur Ymir",ISL,M,,,,1551,0,40,SEP25,2007,i
2318946,"B. Berglindardottir, Emilia Embla",ISL,F,,,,1599,4,40,SEP25,2012,w
2313464,"Baldursson, Atli Mar",ISL,M,,,,1549,0,20,SEP25,2002,i
2322889,"Baldursson, Benedikt",ISL,M,,,,1769,0,20,SEP25,1970,i
2301423,"Baldursson, Haraldur",ISL,M,,,,1951,0,20,SEP25,1964,i
2301156,"Baldursson, Hrannar",ISL,M,,,,AGM,1996,0,SEP25,1970,
2328127,"Baldursson, Unnar Bui",ISL,M,,,,1561,0,40,SEP25,2010,i
2301261,"Baldvinsson, Loftur",ISL,M,,,,1894,0,20,SEP25,1980,i
2327074,"Barrios, Larry Martin Zavala",ISL,M,,,,1516,0,20,SEP25,1982,
2302691,"Benediktsson, Thorir",ISL,M,,IA,,1932,0,20,SEP25,1976,i
2302306,"Berg, Runar",ISL,M,,,,2138,0,20,SEP25,1964,i
2300273,"Bergsson, Snorri",ISL,M,FM,,,2240,0,20,SEP25,1969,i
2301393,"Bergsson, Stefan",ISL,M,,,,1995,0,20,SEP25,1984,
2302829,"Bergthorsson, Jon Thor",ISL,M,,,,2153,0,20,SEP25,1966,i
2305445,"Bergvinsson, Ludvik",ISL,M,,,,1800,0,20,SEP25,1964,i
2316811,"Berndsen, Soffia Arndis",ISL,F,,,,1522,0,40,SEP25,2008,wi
2309424,"Birgisdottir, Ingibjorg",ISL,F,,IA,,1840,0,20,SEP25,1984,wi
2312603,"Birgisson, Gunnar Ingi",ISL,M,,,,1893,0,20,SEP25,1947,i
2322943,"Birgisson, Hilmar Freyr",ISL,M,,,,1718,0,20,SEP25,1993,i
2301407,"Birgisson, Ingvar Orn",ISL,M,,,,1941,0,20,SEP25,1980,i
2323540,"Birgisson, Magnus Tryggvi",ISL,M,,,,1548,0,40,SEP25,2011,i
2330849,"Birgisson, Oskar Vilhelm",ISL,M,,,,1469,0,40,SEP25,2011,i
2317320,"Birgisson, Viktor Ingi",ISL,M,,,,1512,0,20,SEP25,2002,i
2311860,"Birkisdottir, Freyja",ISL,F,,,,1614,0,20,SEP25,2006,wi
2310597,"Birkisson, Bardur Orn",ISL,M,FM,,,2208,0,20,SEP25,2000,
2310600,"Birkisson, Bjorn Holm",ISL,M,CM,,,2131,0,20,SEP25,2000,
2312697,"Bjarkarson, Kari Christian",ISL,M,,,,1702,0,40,SEP25,2005,i
2322455,"Bjarkason, Brynjar",ISL,M,,NA,,1796,0,20,SEP25,1979,
2310902,"Bjarkason, Brynjar",ISL,M,,,,1728,0,40,SEP25,2001,i
2330008,"Bjarkason, Halldor Palmi",ISL,M,,,,1539,0,20,SEP25,1981,
2334020,"Bjarkason, Jon Elli",ISL,M,,,,1431,0,40,SEP25,2011,
2333449,"Bjarkason, Viktor Franz",ISL,M,,,,1737,0,40,SEP25,2007,
2331489,"Bjarnason, Arnar Orri",ISL,M,,,,1556,0,40,SEP25,2003,i
2323451,"Bjarnason, Benedikt",ISL,M,,,,1749,0,20,SEP25,1988,i
2323028,"Bjarnason, Kristinn",ISL,M,,,,1799,0,20,SEP25,1964,
2301458,"Bjarnason, Kristinn Th",ISL,M,,,,1882,0,20,SEP25,1940,i
2304848,"Bjarnason, Larus H",ISL,M,,,,1697,0,20,SEP25,1956,i
2316501,"Bjarnason, Olafur",ISL,M,,,,1879,0,20,SEP25,1946,i
2314720,"Bjarnason, Petur",ISL,M,,,,1573,0,20,SEP25,1951,i
2327139,"Bjarnason, Tomas Bogi",ISL,M,,,,1623,0,20,SEP25,2006,i
2312182,"Bjarnthorsson, Alexander Mar",ISL,M,,,,1514,0,40,SEP25,2005,i
2312190,"Bjarnthorsson, Gabriel Saer",ISL,M,,,,1418,0,40,SEP25,2006,i
2306913,"Bjorgvinsson, Andri Freyr",ISL,M,,,,2019,0,20,SEP25,1997,i
2324342,"Bjorgvinsson, Bjorn Helgi",ISL,M,,,,1578,0,20,SEP25,1973,i
2335735,"Bjornsson Bende, Daniel Aron",ISL,M,,,,1497,7,40,SEP25,2009,
2302799,"Bjornsson, Agust Bragi",ISL,M,,,,1930,0,40,SEP25,1988,i
2311879,"Bjornsson, Alexander",ISL,M,,,,1473,0,40,SEP25,2006,i
2300834,"Bjornsson, Bjorn Freyr",ISL,M,,,,2120,0,20,SEP25,1963,i
2301563,"Bjornsson, Eirikur K.",ISL,M,,,,1930,0,20,SEP25,1959,
2312310,"Bjornsson, Gabriel Freyr",ISL,M,,,,1608,0,20,SEP25,2004,i
2302039,"Bjornsson, Gunnar",ISL,M,,,,2057,0,20,SEP25,1967,
2325306,"Bjornsson, Harald",ISL,M,,,,1808,0,20,SEP25,1984,
2326892,"Bjornsson, Helgi Valur",ISL,M,,,,1722,0,40,SEP25,2006,
2331810,"Bjornsson, Hordur Ingi",ISL,M,,,,1494,0,40,SEP25,1984,
2300974,"Bjornsson, Sigurbjorn",ISL,M,FM,,,2327,0,20,SEP25,1975,
2301954,"Bjornsson, Sverrir Orn",ISL,M,,,,2110,0,20,SEP25,1971,i
2300303,"Bjornsson, Tomas",ISL,M,FM,,,2186,0,20,SEP25,1969,
2310066,"Bjornsson, Yngvi",ISL,M,,,,1941,0,20,SEP25,1964,i
2323320,"Bonandrini, Vassia",ISL,M,,,,1640,0,20,SEP25,1999,
2307030,"Bragason, Baldur Mar",ISL,M,,,,1652,0,20,SEP25,1972,i
2309483,"Bragason, Gudmundur Agnar",ISL,M,,,,1621,0,20,SEP25,2001,i
2314215,"Bragason, Kormakur Thrainn",ISL,M,,,,1877,0,20,SEP25,1955,i
2315432,"Briem, Benedikt",ISL,M,,,,2088,0,20,SEP25,2006,
2317486,"Briem, Gudrun Fanney",ISL,F,WCM,WCM,,1868,0,40,SEP25,2010,w
2312573,"Briem, Hedinn",ISL,M,,,,1780,0,20,SEP25,1989,i
2317060,"Briem, Kjartan",ISL,M,,,,1580,0,20,SEP25,1970,
2312506,"Briem, Stephan",ISL,M,,,,2076,0,20,SEP25,2003,
2313472,"Brodmann, Gestur Andri",ISL,M,,,,1515,0,20,SEP25,2004,i
2326930,"Brynjarsson, Bjarki Orn",ISL,M,,,,1428,0,40,SEP25,2010,i
2315939,"Brynjarsson, Einar Dagur",ISL,M,,,,1476,0,40,SEP25,2009,i
2302233,"Brynjarsson, Helgi",ISL,M,,,,2007,5,20,SEP25,1991,
2322544,"Brynjarsson, Nokkvi Holm",ISL,M,,,,1566,0,40,SEP25,2011,
2321726,"Brynjarsson, Orvar Holm",ISL,M,,,,1765,0,40,SEP25,2012,
2305313,"Buason, Gudmundur",ISL,M,,,,1786,0,20,SEP25,1944,i
2324210,"Charzynski, Dawid Berg",ISL,M,,,,1554,0,40,SEP25,2015,
2321696,"Christiansen, Janus",ISL,M,,,,1720,0,20,SEP25,1979,i
2324733,"Cumayas, Gabriel",ISL,M,,,,1726,0,20,SEP25,1976,
2301113,"Dadason, Gudmundur",ISL,M,,,,2053,0,20,SEP25,1977,
1400185,"Danielsen, Henrik",ISL,M,GM,,,2528,0,10,SEP25,1966,i
2324075,"Danielsson, Grimur",ISL,M,,,,1767,0,20,SEP25,1985,i
2301792,"Danielsson, Sigurdur",ISL,M,,,,1903,0,20,SEP25,1944,i
2309491,"Davidsdottir, Nansy",ISL,F,,,,1877,0,20,SEP25,2002,wi
2330644,Davidsson Oskar Pall,ISL,M,,,,1701,0,40,SEP25,1997,i
2329263,"Davidsson, Alvar",ISL,M,,,,1494,0,40,SEP25,2004,
2316838,"Davidsson, Daniel",ISL,M,,,,1429,0,40,SEP25,2009,i
2321068,"Davidsson, Emil Andri",ISL,M,,,,1496,0,40,SEP25,2009,i
2328755,"Davidsson, Ingi Rafn William",ISL,M,,,,1401,0,40,SEP25,2010,i
2311631,"Davidsson, Joshua",ISL,M,,,,1660,0,20,SEP25,2005,i
2310627,"Davidsson, Oskar Vikingur",ISL,M,,,,1868,0,20,SEP25,2005,
2325888,"Davidsson, Solvi",ISL,M,,,,1497,0,40,SEP25,2007,i
2311399,"Davidsson, Stefan Orri",ISL,M,,,,1650,0,20,SEP25,2006,i
2326582,"Dilger, Oisin",ISL,M,,,,1595,0,20,SEP25,2001,i
2324784,"Dinmore, Pietro",ISL,M,,,,1686,0,20,SEP25,1994,i
14142805,"Domalchuk-Jonasson, Aleksandr",ISL,M,IM,,,2287,0,20,SEP25,2005,
2316846,"Doruson, Einar Helgi",ISL,M,,,,1720,0,40,SEP25,2009,
2322978,"Edgarsson, Gudmundur",ISL,M,,,,1651,0,20,SEP25,1965,
2332302,"Edvardsson, Eythor",ISL,M,,,,1748,0,40,SEP25,1967,
2300893,"Edvardsson, Kristjan",ISL,M,,,,2216,0,20,SEP25,1973,i
2327147,"Egilsson, Ari Pall",ISL,M,,,,1627,0,40,SEP25,2006,i
2304627,"Egilsson, Fridrik Orn",ISL,M,,,,1919,0,20,SEP25,1965,
2326590,"Egilsson, Gustaf Emil",ISL,M,,,,1483,0,40,SEP25,2010,i
2330148,"Egilsson, Kristofer Arni",ISL,M,,,,1461,6,40,SEP25,2010,
2306654,"Einarsson, Agust Omar",ISL,M,,,,1741,0,20,SEP25,1959,i
2300540,"Einarsson, Arnthor",ISL,M,,,,2066,0,20,SEP25,1946,
2320860,"Einarsson, Baldvin Logi",ISL,M,,,,1533,3,40,SEP25,1988,
2324458,"Einarsson, Daniel Jon",ISL,M,,,,1641,0,20,SEP25,2000,
2301105,"Einarsson, Einar Kristinn",ISL,M,,,,2044,0,20,SEP25,1973,i
2301652,"Einarsson, Einar S",ISL,M,,,,1721,0,20,SEP25,1938,i
2307715,"Einarsson, Eirikur Gardar",ISL,M,,,,1638,0,20,SEP25,1983,
2328275,"Einarsson, Eskil",ISL,M,,,,1456,0,40,SEP25,2005,i
2300150,"Einarsson, Halldor Gretar",ISL,M,FM,,,2080,0,20,SEP25,1966,
2330806,"Einarsson, Ingibergur",ISL,M,,,,1580,0,20,SEP25,1989,i
2309505,"Einarsson, Oskar",ISL,M,,,,1599,0,20,SEP25,1953,i
2309220,"Einarsson, Oskar Long",ISL,M,,,,1791,0,20,SEP25,1976,
2324660,"Einarsson, Petur Fjeldsted",ISL,M,,,,1710,0,20,SEP25,1968,i
2320584,"Einarsson, Saemundur",ISL,M,,NA,,1587,0,20,SEP25,1981,i
2316358,"Einarsson, Styrmir Jokull",ISL,M,,,,1485,0,20,SEP25,2003,i
2301660,"Einarsson, Sveinn Gauti",ISL,M,,,,1729,0,20,SEP25,1989,i
2316536,"Eiriksson, Gisli",ISL,M,,,,1495,0,40,SEP25,1951,i
2302314,"Eiriksson, Sigurdur",ISL,M,,,,1837,0,20,SEP25,1951,
2322277,"Eiriksson, Theodor",ISL,M,,,,1917,13,40,SEP25,2010,
2328801,"Elchaer, Adam",ISL,M,,,,1517,0,40,SEP25,2007,i
2301822,"Eliasson, Jon Steinn",ISL,M,,,,1749,0,20,SEP25,1950,i
2301784,"Eliasson, Kristjan Orn",ISL,M,,IA,,1944,19,20,SEP25,1958,
2325314,"Eliasson, Matthias Mani",ISL,M,,,,1563,0,40,SEP25,2009,
2328283,"Elvarsson, Natan Thor",ISL,M,,,,1525,0,20,SEP25,1998,i
2326116,"Ernisson, Petur Ulfar",ISL,M,,,,1777,0,40,SEP25,2015,
2327457,"Eyjolfsson, Sigurjon Kari",ISL,M,,,,1501,0,40,SEP25,2010,
2304635,"Eymundsson, Eymundur",ISL,M,,,,1809,0,20,SEP25,1967,
2326477,"Eymundsson, Ingvar Oli",ISL,M,,,,1599,0,20,SEP25,1986,i
2327252,"Eythorsson, Einar",ISL,M,,,,1497,0,40,SEP25,2011,i
2321769,"Eythorsson, Engilbert Vidar",ISL,M,,,,1558,0,40,SEP25,2011,i
2325381,"Fatalla, Ronald Surban",ISL,M,,,,1481,0,40,SEP25,1978,i
2300214,"Finnbogadottir, Tinna Kristin",ISL,F,,,,1912,0,20,SEP25,1991,w
1701550,"Finnlaugsson, Gunnar",ISL,M,,,,2034,0,20,SEP25,1947,i
2325462,"Finnsson Fenger, Emil",ISL,M,,,,1558,9,40,SEP25,2012,
2301997,"Finnsson, Finnur",ISL,M,,,,1804,0,20,SEP25,1935,i
2303590,"Finnsson, Gunnar",ISL,M,,,,1859,0,20,SEP25,1947,i
2308240,"Finnsson, Johann Arnar",ISL,M,,,,1893,0,20,SEP25,2000,
2323800,"Finnsson, Robert Orri",ISL,M,,,,1455,0,40,SEP25,2010,i
2330040,"Franklinsson, Hnikarr Bjarmi",ISL,M,,,,1519,0,40,SEP25,1999,i
2335832,"Fridbergsson, Hjalmar",ISL,M,,,,1417,3,40,SEP25,1974,
2300885,"Fridbertsson, Aegir",ISL,M,,,,2043,0,20,SEP25,1966,
2331047,"Fridbertsson, Eirikur Thor",ISL,M,,,,1419,0,40,SEP25,2009,i
2303124,"Fridgeirsson, Dagur Andri",ISL,M,,,,1938,5,20,SEP25,1995,
2300842,"Fridjonsson, Julius",ISL,M,,,,2023,0,20,SEP25,1950,
2330636,Fridriksson Adalsteinn Johann,ISL,M,,,,1751,0,40,SEP25,1991,i
2334186,"Fridriksson, Fridrik",ISL,M,,,,1581,0,40,SEP25,1955,
2318660,"Fridriksson, Gunnlaugur Dan",ISL,M,,,,1587,0,40,SEP25,2009,i
2320878,"Fridriksson, Magnus",ISL,M,,,,1689,0,20,SEP25,1986,i
2326485,"Fridriksson, Reginn",ISL,M,,,,1492,0,40,SEP25,2007,i
2300788,"Fridthjofsdottir, Sigurl. Regina",ISL,F,,,,1802,0,20,SEP25,1961,w
2311895,"Gardarsson, Hakon",ISL,M,,,,1473,0,20,SEP25,2003,i
2303604,"Gardarsson, Hordur",ISL,M,,,,1764,0,20,SEP25,1956,i
2302020,"Gardarsson, Magnus",ISL,M,,,,1708,0,20,SEP25,1975,i
2326809,"Gardarsson, Sigurvin Frank",ISL,M,,,,1429,0,20,SEP25,1990,i
2302055,"Gasanova, Ulker",ISL,F,,,,1674,0,20,SEP25,1992,wi
2302098,"Gautason, Kristofer",ISL,M,,NA,,1797,0,20,SEP25,1997,i
2317494,"Geirsson, Arni",ISL,M,,,,1611,0,40,SEP25,2008,i
2313596,"Geirsson, Kristjan",ISL,M,,,,1824,0,20,SEP25,1963,i
2300702,"Georgsson, Harvey",ISL,M,,,,2086,0,20,SEP25,1943,i
2302080,"Gestsson, Sverrir",ISL,M,,,,1960,0,20,SEP25,1957,i
2325047,"Ghasemi, Mohammadhossein",ISL,M,,,,1865,0,20,SEP25,1990,i
2300559,"Gislason, Gudmundur",ISL,M,FM,,,2267,0,20,SEP25,1964,
2319306,"Gislason, Ingolfur",ISL,M,,,,1939,0,20,SEP25,1974,i
2311283,"Gislason, Jason Andri",ISL,M,,,,1520,0,20,SEP25,2001,i
2302845,"Gislason, Magnus",ISL,M,,,,1996,0,20,SEP25,1949,i
2302276,"Gislason, Stefan",ISL,M,,,,1776,0,20,SEP25,1950,i
2315262,"Gislason, Steinthor Orn",ISL,M,,,,1465,0,20,SEP25,2004,i
2326400,"Gissurarson, Matthias Pall",ISL,M,,,,1597,0,40,SEP25,1991,i
2321661,"Gizurarson, Viktor",ISL,M,,,,1522,0,20,SEP25,1997,i
2325349,"Graham, Carson",ISL,M,,,,1506,0,20,SEP25,1994,i
2322862,"Gramizadeh, Hamed",ISL,M,,,,1569,4,20,SEP25,1990,
2300249,"Gretarsson, Andri A",ISL,M,FM,,,2186,0,20,SEP25,1969,i
2323397,"Gretarsson, Fannar",ISL,M,,,,1570,0,40,SEP25,2006,i
2300699,"Gretarsson, Helgi Ass",ISL,M,GM,,,2373,0,10,SEP25,1977,
2302241,"Gretarsson, Hjorvar Steinn",ISL,M,GM,,,2516,0,10,SEP25,1993,i
2304651,"Gretarsson, Sigurdur Ass",ISL,M,,,,1941,0,40,SEP25,1965,
2322790,"Grettisson, Arnar Breki",ISL,M,,,,1741,5,20,SEP25,2004,
2318164,"Grimsson, Thordur",ISL,M,,,,1653,0,20,SEP25,1985,i
2332140,"Gudbrandsson, Thor Jokull",ISL,M,,,,1663,0,40,SEP25,2009,
2304864,"Gudfinnsson, Saebjorn",ISL,M,,,,1982,0,20,SEP25,1944,i
2323664,"Gudjonsson, Anton Vignir",ISL,M,,,,1665,0,20,SEP25,1992,
2326280,"Gudjonsson, Ingi Haflidi",ISL,M,,,,1654,0,20,SEP25,1964,i
2325110,"Gudjonsson, Petur Alex",ISL,M,,,,1645,0,40,SEP25,2007,i
2309980,"Gudjonsson, Sigurdur Pall",ISL,M,,,,1855,0,40,SEP25,1962,i
2302209,"Gudjonsson, Sindri",ISL,M,,,,1817,0,20,SEP25,1979,i
2304660,"Gudlaugsson, Einar",ISL,M,,,,1893,0,20,SEP25,1945,i
2305526,"Gudlaugsson, Rafn",ISL,M,,,,1623,0,40,SEP25,1949,
2311550,"Gudmarsson, Olafur",ISL,M,,,,1837,0,20,SEP25,1978,
2330482,"Gudmundarson, Birkir",ISL,M,,,,1610,0,40,SEP25,1989,i
2325160,"Gudmundsson, Ari",ISL,M,,,,1546,0,20,SEP25,1988,i
2310473,"Gudmundsson, Bjarni Thor",ISL,M,,,,1725,0,20,SEP25,2001,i
2310520,"Gudmundsson, Bjorgvin S",ISL,M,,,,1938,0,20,SEP25,1962,i
2333694,"Gudmundsson, Bragi Holmar",ISL,M,,,,1490,0,40,SEP25,2009,
2325560,"Gudmundsson, Eirikur Orri",ISL,M,,,,1462,2,20,SEP25,1971,
2300206,"Gudmundsson, Elvar",ISL,M,FM,,,2287,0,20,SEP25,1963,i
2323044,"Gudmundsson, Fridrik Helgi",ISL,M,,,,1517,0,20,SEP25,2000,i
2303620,"Gudmundsson, Gudmundur G",ISL,M,,,,1749,0,20,SEP25,1948,i
2314339,"Gudmundsson, Gunnar Erik",ISL,M,,,,1924,6,40,SEP25,2007,
2327350,"Gudmundsson, Halfdan Ragnar",ISL,M,,,,1450,0,40,SEP25,1970,i
2313316,"Gudmundsson, Heidar Oli",ISL,M,,,,1474,0,20,SEP25,2002,i
2322170,"Gudmundsson, Isak Ernir",ISL,M,,,,1470,0,40,SEP25,2008,i
2307278,"Gudmundsson, Kristofer Orri",ISL,M,,,,2083,15,20,SEP25,1997,
2302411,"Gudmundsson, Petur Steinn",ISL,M,,,,1698,0,20,SEP25,1995,i
2322463,"Gudmundsson, Solvi",ISL,M,,,,1689,0,20,SEP25,2004,
2304872,"Gudmundsson, Stefan Thormar",ISL,M,,,,1893,0,20,SEP25,1946,i
2329808,"Gudmundsson, Steinn",ISL,M,,,,1780,0,40,SEP25,1996,i
2316650,"Gudmundsson, Thordur",ISL,M,,,,1726,0,20,SEP25,1976,i
2324008,"Gudnason, Daniel",ISL,M,,,,1695,0,20,SEP25,1993,
2321637,"Gudnyjarson, Sigurdur Pall",ISL,M,,,,1769,5,40,SEP25,2011,
2321076,"Gudrunarson, Gunnar Logi",ISL,M,,,,1542,0,40,SEP25,2009,
2330059,Gulyas Adam Ferenc,ISL,M,,,,1787,0,40,SEP25,1988,
2327058,"Gunnarsdottir, Eyrun Eva",ISL,F,,,,1415,0,40,SEP25,1991,wi
2300915,"Gunnarsson, Arnar",ISL,M,IM,,,2367,0,10,SEP25,1978,
2311917,"Gunnarsson, Baltasar Mani Wedhol",ISL,M,,,,1564,0,40,SEP25,2005,i
2302497,"Gunnarsson, Gudmundur",ISL,M,,,,1822,0,20,SEP25,1949,i
2300354,"Gunnarsson, Gunnar K",ISL,M,,,,1960,0,20,SEP25,1933,i
2328410,"Gunnarsson, Hallgrimur",ISL,M,,,,1586,0,20,SEP25,1983,
2302519,"Gunnarsson, Helgi Petur",ISL,M,,,,1758,0,20,SEP25,1976,
2300931,"Gunnarsson, Jon Viktor",ISL,M,IM,,,2408,0,10,SEP25,1980,
2312220,"Gunnarsson, Kjartan Karl",ISL,M,,,,1458,0,40,SEP25,2005,i
2318881,"Gunnarsson, Olafur",ISL,M,,,,1564,0,40,SEP25,2009,i
2313944,"Gunnlaugsson, Arnor",ISL,M,,,,1546,0,20,SEP25,2005,i
2301776,"Gunnlaugsson, Gisli",ISL,M,,,,1887,0,20,SEP25,1942,i
2310538,"Gunnlaugsson, Gudmundur Reynir",ISL,M,,,,1822,0,20,SEP25,1975,i
2316560,"Gunnlaugsson, Gylfi Thorsteinn",ISL,M,,,,1679,0,20,SEP25,1997,
2326833,"Gunnlaugsson, Vignir Oli",ISL,M,,,,1519,0,40,SEP25,2010,
2329069,"Gylfason, Birkir Blaer",ISL,M,,,,1506,0,40,SEP25,2007,i
2318938,"Haarde Vignisdottir, Inga Jona",ISL,F,,,,1481,0,40,SEP25,2012,w
2305992,"Hafdisarson, Anton Reynir",ISL,M,,,,1740,6,20,SEP25,1993,
2306956,"Hafdisarson, Ingi Thor",ISL,M,,,,1593,0,20,SEP25,1987,i
2319055,"Haflidason, Haflidi",ISL,M,,,,1725,0,20,SEP25,1988,
2326507,"Hafthorsson, Fannar Orn",ISL,M,,,,1431,0,20,SEP25,1992,
2323206,"Hafthorsson, Jon Ulfur",ISL,M,,IA,,1607,7,20,SEP25,2002,
2315190,"Haile, Batel Goitom",ISL,F,,,,1736,0,40,SEP25,2007,wi
2312239,"Hakonardottir, Ylfa Yr Welding",ISL,F,,,,1459,0,40,SEP25,2005,wi
2318679,"Hakonarson, Eirikur Emil",ISL,M,,,,1489,0,40,SEP25,2009,
2315130,"Hakonarson, Oskar",ISL,M,,,,1488,0,20,SEP25,2003,i
2314665,"Hakonarson, Sverrir",ISL,M,,,,1795,0,20,SEP25,2003,i
2329700,"Halldorsson Kvaran, Einar",ISL,M,,,,1735,0,40,SEP25,1999,i
2327970,"Halldorsson, Arnar Valur",ISL,M,,,,1441,0,40,SEP25,2001,i
2300664,"Halldorsson, Bjorn",ISL,M,,,,2028,0,20,SEP25,1954,i
2300907,"Halldorsson, Bragi",ISL,M,,,,2032,0,20,SEP25,1949,
2300494,"Halldorsson, Gudmundur",ISL,M,CM,,,2195,0,20,SEP25,1959,i
2301369,"Halldorsson, Halldor",ISL,M,CM,,,2180,0,20,SEP25,1984,
2303647,"Halldorsson, Hjorleifur",ISL,M,,,,1923,0,20,SEP25,1944,i
2301075,"Halldorsson, Jon Arni",ISL,M,CM,,,2113,0,20,SEP25,1962,i
2324822,"Halldorsson, Karma",ISL,M,,,,1737,0,40,SEP25,2014,
2302551,"Halldorsson, Kristjan",ISL,M,,,,1844,0,20,SEP25,1969,
2330016,"Halldorsson, Nirvaan",ISL,M,,,,1508,0,40,SEP25,2012,
2325179,"Halldorsson, Oliver",ISL,M,,,,1541,0,20,SEP25,2004,i
2311968,"Halldorsson, Saevar",ISL,M,,,,1498,0,20,SEP25,2003,i
2306069,"Hallgrimsson, Aegir Oskar",ISL,M,,,,1818,0,20,SEP25,1967,i
2319446,"Hallmundarson, Birkir",ISL,M,,,,1919,5,40,SEP25,2013,
2311569,"Hallsson, Jon Eggert",ISL,M,,,,1885,0,20,SEP25,1980,
2323885,"Hannesson, Gudmundur",ISL,M,,,,1539,0,20,SEP25,1973,i
2315777,"Hansson, Erlingur",ISL,M,,,,1715,0,20,SEP25,1950,i
2331497,"Hansson, Fridrik",ISL,M,,,,1503,0,40,SEP25,1962,i
2313324,"Haraldsson, Bjorn Olafur",ISL,M,,,,1451,0,20,SEP25,2003,i
2311402,"Haraldsson, Brynjar",ISL,M,,,,1440,0,20,SEP25,2004,i
2323460,"Haraldsson, Grettir Adolf",ISL,M,,,,1590,0,20,SEP25,1975,i
2323478,"Haraldsson, Harald",ISL,M,,,,1647,0,20,SEP25,1951,i
2311100,"Haraldsson, Haraldur",ISL,M,,,,1882,0,20,SEP25,1954,i
2305852,"Haraldsson, Haraldur",ISL,M,,,,1944,0,20,SEP25,1966,i
2326957,"Haraldsson, Hermann Bjorgvin",ISL,M,,,,1489,0,20,SEP25,1996,i
2301865,"Haraldsson, Oskar",ISL,M,,,,1791,0,20,SEP25,1964,
2303655,"Haraldsson, Sigurjon",ISL,M,,,,1876,0,20,SEP25,1965,
2332906,"Hardarson, Fannar",ISL,M,,,,1511,0,40,SEP25,2005,
2315890,"Hardarson, Gylfi Mar",ISL,M,,,,1516,0,20,SEP25,2003,i
2302594,"Hardarson, Jon Trausti",ISL,M,,,,2022,0,20,SEP25,1997,
2317605,"Hardarson, Petur Palmi",ISL,M,,,,2019,5,20,SEP25,1998,
2302608,"Hauksdottir, Hrund",ISL,F,,,,1822,0,20,SEP25,1996,w
2323079,"Hauksson, Arni G",ISL,M,,,,1723,0,20,SEP25,1968,i
2314223,"Hauksson, Bjorgvin Jonas",ISL,M,,,,1798,0,20,SEP25,1969,
2305593,"Hauksson, Helgi",ISL,M,,,,1685,0,20,SEP25,1964,
2303680,"Hauksson, Hordur Aron",ISL,M,,,,1961,0,20,SEP25,1993,
2324881,Haust,ISL,M,,,,1709,0,20,SEP25,2002,i
2323419,"Hediddeche, Oli Robert",ISL,M,,,,1635,0,20,SEP25,1974,i
2328267,"Hedinsson, Godi",ISL,M,,,,1535,0,40,SEP25,2009,
2312875,"Heidarsson, Arnar Milutin",ISL,M,,,,2123,0,20,SEP25,2003,
2328828,"Heidarsson, Hakon Arni",ISL,M,,,,1439,0,40,SEP25,2009,i
2317532,"Heidarsson, Mikael Bjarki",ISL,M,,,,2011,6,40,SEP25,2009,
2309998,"Heimisson, Hilmir Freyr",ISL,M,IM,,,2247,0,20,SEP25,2001,
2330261,"Heimisson, Viglundur Orri",ISL,M,,,,1490,0,40,SEP25,2014,
2314118,"Helgadottir, Idunn",ISL,F,WCM,WCM,,1765,0,40,SEP25,2007,w
2303701,"Helgadottir, Sigridur Bjorg",ISL,F,,,,1795,0,20,SEP25,1992,wi
2318261,"Helgadottir, Soley Kria",ISL,F,,,,1470,0,40,SEP25,2008,wi
2321041,"Helgadottir, Thorhildur",ISL,F,,,,1441,0,40,SEP25,2010,wi
2316609,"Helgason, Arnor Gauti",ISL,M,,,,1703,0,20,SEP25,1972,i
2323117,"Helgason, Helgi Thor",ISL,M,,,,1488,0,20,SEP25,1956,i
2319551,"Helgason, Kristleifur",ISL,M,,,,1525,0,40,SEP25,2007,i
2335611,"Helgason, Odinn",ISL,M,,,,1744,0,40,SEP25,1988,
370243352,"Helgason, Olafur Sindri",ISL,M,,,,1611,0,20,SEP25,1981,
2327503,"Helmer Tobiasson, Joel",ISL,M,,,,1703,16,40,SEP25,2010,
2311127,"Hermannsson, Jon Adalsteinn",ISL,M,,,,1643,0,20,SEP25,1999,i
2306093,"Hermannsson, Olafur",ISL,M,,,,1751,0,20,SEP25,1961,i
2302632,"Hermannsson, Ragnar",ISL,M,,,,1708,0,20,SEP25,1961,i
2325128,"Hermannsson, Sigurbjorn",ISL,M,,,,1764,0,40,SEP25,2007,
2311062,"Hilmarsson, Andri Steinn",ISL,M,,,,1771,0,20,SEP25,1993,i
2331748,"Hilmarsson, Tomas",ISL,M,,,,1451,0,40,SEP25,2005,i
2326655,"Hinriksson, Brynjar",ISL,M,,,,1416,0,40,SEP25,2010,i
2331756,"Hjalmarsson, Ari Tomas",ISL,M,,,,1503,0,40,SEP25,2005,i
2335816,"Hjalmarsson, Odinn Darri",ISL,M,,,,1429,7,40,SEP25,2014,
2307316,"Hjaltason, Einar Gardar",ISL,M,,,,1788,0,20,SEP25,1955,i
2315084,"Hjaltason, Elvar Orn",ISL,M,,,,1722,0,20,SEP25,1990,
2302640,"Hjaltason, Karl Gauti",ISL,M,,,,1723,0,20,SEP25,1959,i
2312883,"Hjaltason, Magnus",ISL,M,,,,1575,0,40,SEP25,2005,i
2323010,"Hjartar, Jon",ISL,M,,,,1545,0,20,SEP25,1977,
2300672,"Hjartarson, Bjarni",ISL,M,,,,2046,0,20,SEP25,1959,i
2300044,"Hjartarson, Johann",ISL,M,GM,,,2403,0,10,SEP25,1963,
2319012,"Hlynsson, Aron Orn",ISL,M,,,,1484,0,40,SEP25,2008,i
2307324,"Holm, Fridgeir K",ISL,M,,,,1845,0,20,SEP25,1954,i
2331390,"Holm, Jon Benedikt",ISL,M,,,,1516,0,40,SEP25,1971,i
2313227,"Holm, Thordur",ISL,M,,,,1545,0,20,SEP25,2004,i
2319675,"Hoskuldsson, Sigurdur Heidar",ISL,M,,,,1581,0,20,SEP25,1985,i
2305615,"Hrafnkelsson, Thorir Bjorn",ISL,M,,,,1810,0,20,SEP25,1963,
2310481,"Hrafnsson, Hilmir",ISL,M,,,,1604,0,20,SEP25,2001,i
2304686,"Hrafnsson, Hreinn",ISL,M,,,,1716,0,20,SEP25,1946,i
2301253,"Hreinsson, Hlidar",ISL,M,,,,2237,0,20,SEP25,1976,
2317540,"Hreinsson, Johann Helgi",ISL,M,,,,1683,0,40,SEP25,2009,
2306115,"Hrolfsson, Andri",ISL,M,,,,1666,0,20,SEP25,1943,i
2330105,"Hryhorenko, Kirill",ISL,M,,,,1704,0,40,SEP25,2007,i
2321904,"Ingadottir, Tara Lif",ISL,F,,,,1476,5,40,SEP25,2012,w
2318806,"Ingason, Joel Freyr",ISL,M,,,,1497,0,40,SEP25,2009,i
2304902,"Ingason, Olafur G",ISL,M,,,,1901,0,20,SEP25,1955,i
2301709,"Ingason, Sigurdur",ISL,M,,,,1851,0,20,SEP25,1964,i
2328100,"Ingason, Skarphedinn",ISL,M,,,,1596,0,20,SEP25,1977,i
2309076,"Ingibergsson, Gunnar",ISL,M,,,,1692,0,20,SEP25,1979,i
2302250,"Ingibergsson, Valgard",ISL,M,,,,AIM,1895,0,SEP25,1965,i
2301270,"Ingolfsdottir, Harpa",ISL,F,,,,1934,0,20,SEP25,1981,wi
2310422,"Ingolfsson, Arnar",ISL,M,,,,1865,0,20,SEP25,1957,i
2324806,"Ingvarsson, Daniel Hrafn",ISL,M,,,,1467,0,40,SEP25,2006,i
2307065,"Ingvarsson, Kjartan",ISL,M,,,,1848,0,20,SEP25,1966,i
2323796,"Ingvarsson, Thoroddur",ISL,M,,,,1616,0,20,SEP25,1991,i
2319462,"Ingvarsson, Thrandur",ISL,M,,,,1669,0,40,SEP25,2005,
2303000,"Ingvarsson, Unnar",ISL,M,,,,1809,0,20,SEP25,1968,i
2301431,"Ingvason, Johann",ISL,M,,,,2111,0,20,SEP25,1968,
2305917,"Isleifsson, Runar",ISL,M,,,,1918,0,20,SEP25,1962,
2316676,"Ivarsson Schram, Bjorgvin",ISL,M,,,,1887,0,20,SEP25,1989,i
2318172,"Ivarsson, Andri",ISL,M,,,,1650,0,20,SEP25,1988,i
2322510,"Ivarsson, Marino",ISL,M,,,,1563,0,20,SEP25,1997,i
2320614,"Jacobsen Andrason, Benedikt Andri",ISL,M,,,,1414,0,40,SEP25,2012,i
2310368,"Jakobsen, Odinn Orn",ISL,M,,,,1485,0,20,SEP25,2002,i
2301067,"Jensson, Einar Hjalti",ISL,M,IM,,,2375,0,10,SEP25,1980,i
2303019,"Jensson, Erlingur",ISL,M,,,,1741,0,20,SEP25,1968,i
2333384,"Jeremiah, Alwardt",ISL,M,,,,1476,0,40,SEP25,1993,
2324415,"Jimenez, Ricardo",ISL,M,,,,1553,4,20,SEP25,1986,
2322838,"Joelsson , Gudni",ISL,M,,,,1563,0,20,SEP25,2003,i
2304694,"Johannesson, Haki",ISL,M,,,,1818,0,20,SEP25,1947,i
2301490,"Johannesson, Ingvar Thor",ISL,M,FM,NA,,2302,0,20,SEP25,1977,
2307332,"Johannesson, Jon",ISL,M,,,,1853,0,20,SEP25,1960,i
2325039,"Johannesson, Kari Steinn",ISL,M,,,,1578,0,40,SEP25,1990,
2306760,"Johannesson, Kristofer Joel",ISL,M,,,,1665,0,20,SEP25,1999,
2305623,"Johannesson, Oliver",ISL,M,FM,,,2193,0,20,SEP25,1998,
2330156,"Johannesson, Stefan Arnar",ISL,M,,,,1438,0,40,SEP25,2010,
2325390,"Johannesson, Ymir Noi",ISL,M,,,,1583,0,40,SEP25,2010,
2306425,"Johannsdottir, Hildur Berglind",ISL,F,,,,1579,0,20,SEP25,1999,wi
2303108,"Johannsdottir, Johanna Bjorg",ISL,F,WCM,WCM,NA,2029,0,20,SEP25,1993,w
2318210,"Johannsson, Arnar Bjarki",ISL,M,,,,1575,0,40,SEP25,2008,i
2307910,"Johannsson, Benedikt Thor",ISL,M,,,,1738,0,40,SEP25,1994,i
2314673,"Johannsson, Birkir Isak",ISL,M,,,,2176,0,20,SEP25,2002,
2316234,"Johannsson, Bjarki Kroyer",ISL,M,,,,1459,0,40,SEP25,2005,i
2315149,"Johannsson, Fannar Smari",ISL,M,,,,1567,0,40,SEP25,2007,i
2309300,"Johannsson, Hjortur Ingvi",ISL,M,,,,1758,0,20,SEP25,1987,
2308380,"Johannsson, Johann Bernhard",ISL,M,,,,1646,0,20,SEP25,1994,i
2329174,"Johannsson, Leo Mar",ISL,M,,,,1471,12,20,SEP25,1968,
2318539,"Johannsson, Markus Orri",ISL,M,,,,1910,6,40,SEP25,2009,
2310244,"Johannsson, Olafur",ISL,M,,,,1735,0,40,SEP25,1972,
2303051,"Johannsson, Orn Leo",ISL,M,FM,,,2229,6,20,SEP25,1994,
2326906,"Johannsson, Reynir",ISL,M,,,,1558,0,40,SEP25,2006,i
2329085,"Jonasson, Aron",ISL,M,,,,1590,0,40,SEP25,1992,i
2300338,"Jonasson, Benedikt",ISL,M,FM,,,2178,0,20,SEP25,1957,
2311224,"Jonasson, Hordur",ISL,M,,,,1640,0,20,SEP25,1959,
2303116,"Jonatansson, Sigurdur Freyr",ISL,M,,,,1681,8,20,SEP25,1969,
2321939,"Jonsdottir, Halldora",ISL,F,,,,1488,0,40,SEP25,2013,w
2316706,"Jonsdottir, Katrin Maria",ISL,F,,,,1477,0,40,SEP25,2008,w
2324253,"Jonsdottir, Silja Run",ISL,F,,,,1454,0,40,SEP25,2011,w
2320517,"Jonsson, Asgeir",ISL,M,,,,1774,0,20,SEP25,1940,i
2323095,"Jonsson, Benedikt Gylfi",ISL,M,,,,1681,0,40,SEP25,2012,i
2308398,"Jonsson, Birgir",ISL,M,,,,1644,0,20,SEP25,1966,i
2301881,"Jonsson, Bjorn",ISL,M,,,,2039,0,20,SEP25,1966,
2321300,"Jonsson, Daniel Fridrik",ISL,M,,,,1449,0,40,SEP25,2009,
2326132,"Jonsson, Funi",ISL,M,,,,1590,0,40,SEP25,2014,
2313332,"Jonsson, Gabriel Ingi",ISL,M,,,,1402,0,20,SEP25,2002,i
2309092,"Jonsson, Gauti Pall",ISL,M,,,,2076,5,20,SEP25,1999,
2319942,"Jonsson, Gudgeir",ISL,M,,NA,,1704,0,20,SEP25,1981,i
2332361,"Jonsson, Gudmundur Geir",ISL,M,,,,1521,0,40,SEP25,1957,
2323850,"Jonsson, Hallur Steinar",ISL,M,,,,1556,0,40,SEP25,2011,
2329689,"Jonsson, Helgi Gunnar",ISL,M,,,,1520,0,40,SEP25,1998,i
2310961,"Jonsson, Helgi Svanberg",ISL,M,,,,1656,0,40,SEP25,2001,i
2329999,"Jonsson, Ivar",ISL,M,,,,1541,0,20,SEP25,1995,i
2321688,"Jonsson, Johann",ISL,M,,,,1828,0,20,SEP25,1960,i
2326426,"Jonsson, Jon Oddur",ISL,M,,,,1617,0,20,SEP25,1979,i
2319179,"Jonsson, Kjartan Halldor",ISL,M,,,,1465,0,40,SEP25,2010,i
2313413,"Jonsson, Kristjan Dagur",ISL,M,,,,1828,0,20,SEP25,2005,
2309106,"Jonsson, Logi Runar",ISL,M,,,,1730,0,20,SEP25,1996,
2316226,"Jonsson, Magnus",ISL,M,,,,1800,0,40,SEP25,1980,
2303205,"Jonsson, Pall G",ISL,M,,,,1835,0,20,SEP25,1933,i
2302365,"Jonsson, Pall Leo",ISL,M,,,,2024,0,20,SEP25,1957,i
2320525,"Jonsson, Petur",ISL,M,,,,1755,0,20,SEP25,1949,i
2302713,"Jonsson, Sigurdur H",ISL,M,,,,1918,0,20,SEP25,1951,i
2329220,"Jonsson, Sindri Sigurdur",ISL,M,,,,1635,0,40,SEP25,1996,i
2306964,"Jonsson, Sindri Snaer",ISL,M,,,,1420,0,40,SEP25,1996,i
2305666,"Jonsson, Stefan Daniel",ISL,M,,,,1682,0,20,SEP25,1988,i
2319870,"Jonsson, Stefan G",ISL,M,,,,1781,0,20,SEP25,1948,
2303248,"Jonsson, Sveinbjorn",ISL,M,,,,1762,0,20,SEP25,1949,i
2309327,"Jonsson, Thormar",ISL,M,,,,1714,0,40,SEP25,1959,
2310970,"Jonsson, Thorsteinn Emil",ISL,M,,,,1471,0,20,SEP25,2004,i
2321947,"Jonsson, Tristan Fannar",ISL,M,,,,1629,0,40,SEP25,2013,
2302373,"Jonsson, Vidar",ISL,M,,,,1984,0,20,SEP25,1947,i
2300567,"Karason, Askell O",ISL,M,IM,,,2128,0,20,SEP25,1953,
2326868,"Karason, David",ISL,M,,,,1476,0,40,SEP25,2009,i
2316374,"Karason, Fannar Breki",ISL,M,,,,1568,0,40,SEP25,2005,i
2303272,"Karason, Halldor Ingi",ISL,M,,,,1902,0,20,SEP25,1979,i
2321084,"Karason, Jokull Mani",ISL,M,,,,1541,0,40,SEP25,2010,i
2323257,"Karason, Viktor",ISL,M,,,,1484,0,20,SEP25,1998,i
2331306,"Karlsdottir, Harpa Hrafney",ISL,F,,,,1484,0,40,SEP25,2013,w
2301687,"Karlsson, Bjorn-Ivar",ISL,M,FM,FT,,2312,0,20,SEP25,1985,
2325330,"Karlsson, Gustaf Karel",ISL,M,,,,1522,0,40,SEP25,2004,i
2312530,"Karlsson, Isak Orri",ISL,M,,,,1623,0,20,SEP25,2005,i
2305194,"Karlsson, Mikael Johann",ISL,M,,,,2045,0,20,SEP25,1995,
2307936,"Karlsson, Sighvatur",ISL,M,,,,1563,0,20,SEP25,1959,i
2324970,"Karlsson, Sigurdur Vikingur",ISL,M,,,,1550,0,20,SEP25,1998,
2305062,"Karlsson, Thorleifur",ISL,M,,,,1974,0,20,SEP25,1975,
2325357,"Karpelenia, Artur",ISL,M,,,,1549,0,20,SEP25,1997,i
2329131,"Kato, Erik",ISL,M,,,,1670,0,40,SEP25,2009,i
2325578,"Khash-Erdene, Ayushtseren",ISL,M,,,,1492,0,20,SEP25,2001,i
2318237,"Kjartansson, Adalbjorn Thor",ISL,M,,,,1511,0,40,SEP25,2008,i
2317192,"Kjartansson, Andres Mar",ISL,M,,,,1544,0,40,SEP25,2005,i
2318342,"Kjartansson, Arnar Logi",ISL,M,,,,1489,0,40,SEP25,2009,i
2303299,"Kjartansson, Dagur",ISL,M,,,,1829,0,20,SEP25,1996,
2301130,"Kjartansson, David",ISL,M,IM,,,2382,0,20,SEP25,1982,i
2317346,"Kjartansson, Felix Mar",ISL,M,,,,1510,0,20,SEP25,2003,i
2303302,"Kjartansson, Gudfinnur",ISL,M,,,,1858,0,20,SEP25,1945,i
2301318,"Kjartansson, Gudmundur",ISL,M,GM,FT,,2306,0,10,SEP25,1988,
2323168,"Kjartansson, Hafsteinn Oskar",ISL,M,,,,1481,0,40,SEP25,1995,i
2310260,"Kjartansson, Kristofer Halldor",ISL,M,,,,1619,0,20,SEP25,2002,i
2319225,"Kjartansson, Matthias Bjorgvin",ISL,M,,,,1799,0,40,SEP25,2009,i
2301326,"Kjartansson, Olafur",ISL,M,,,,1959,0,20,SEP25,1983,i
2322323,"Kjartansson, Omar Jon",ISL,M,,,,1510,0,40,SEP25,2013,
2328500,"Kjartansson, Stefan Karvel",ISL,M,,,,1630,0,40,SEP25,2009,
2320126,"Klimaszewska, Nikola",ISL,F,,,,1409,0,40,SEP25,2010,wi
2318113,"Klimek, Michal",ISL,M,,,,1671,0,20,SEP25,1984,i
2806231,"Knutsson, Larus",ISL,M,,,,2014,0,20,SEP25,1975,i
2332086,"Kolbeinsson, Tomas Logi",ISL,M,,,,1407,0,40,SEP25,2009,i
2308843,"Kolica, Donika",ISL,F,,,,1554,0,20,SEP25,1997,wi
2308010,"Kolka, David",ISL,M,,,,1997,0,20,SEP25,2000,
2323052,"Kondracki, Damian Jakub",ISL,M,,,,1502,0,40,SEP25,2008,i
2332892,"Korzeniewski, Michal",ISL,M,,,,1537,0,40,SEP25,1998,
2327279,"Kramarenko, Viacheslav",ISL,M,,,,1500,0,40,SEP25,2013,
2310007,"Kravchuk, Mykhaylo",ISL,M,,,,1703,0,20,SEP25,2003,i
2331403,"Krejci, John",ISL,M,,,,1587,0,40,SEP25,1972,i
2305232,"Kristbergsson, Bjorgvin",ISL,M,,,,1430,6,40,SEP25,1963,
2300370,"Kristinardottir, Elsa Maria",ISL,F,,,,1972,0,20,SEP25,1989,w
1404679,"Kristinsson, Baldur",ISL,M,,,,2185,0,20,SEP25,1970,
2302950,"Kristinsson, Bjarni Jens",ISL,M,,,,2070,0,20,SEP25,1991,i
2305682,"Kristinsson, Magnus",ISL,M,,,,1858,0,20,SEP25,1969,i
2304724,"Kristinsson, Ogmundur",ISL,M,,,,1964,0,20,SEP25,1953,
2303752,"Kristinsson, Ossur",ISL,M,,,,1872,0,20,SEP25,1945,i
2310279,"Kristjansson, Aegir Orn",ISL,M,,,,1638,0,20,SEP25,1999,i
2317079,"Kristjansson, Ari Steinn",ISL,M,,,,1482,0,40,SEP25,2001,i
2309335,"Kristjansson, Arni H",ISL,M,,,,1887,0,20,SEP25,1961,i
2320533,"Kristjansson, Arni Thor",ISL,M,,,,1748,0,20,SEP25,1940,i
2315823,"Kristjansson, Halldor",ISL,M,,,,1707,0,20,SEP25,1992,
2310988,"Kristjansson, Halldor Atli",ISL,M,,,,1633,0,20,SEP25,2003,
2315076,"Kristjansson, Hjortur",ISL,M,,,,1627,0,20,SEP25,2003,i
2300656,"Kristjansson, Olafur",ISL,M,,,,1999,0,20,SEP25,1942,i
2302225,"Kristjansson, Sigurdur",ISL,M,,,,1905,0,20,SEP25,1935,i
2320134,"Kristjansson, Snorri",ISL,M,,,,1712,0,20,SEP25,1974,i
2310732,"Kristofersson, Sindri Snaer",ISL,M,,,,1517,0,20,SEP25,2003,i
2300362,"Lagerman, Robert",ISL,M,FM,"FT,IA",,2241,0,20,SEP25,1962,
2304961,"Larusson, Eggert",ISL,M,,,,1697,0,40,SEP25,1948,
2301377,"Larusson, Petur Atli",ISL,M,,,,2002,0,20,SEP25,1972,
2303361,"Lee, Gudmundur Kristinn",ISL,M,,,,1894,0,20,SEP25,1995,i
2313499,"Lemery, Jon Thor",ISL,M,,,,1798,0,20,SEP25,2001,i
2326337,"Lentz, David Walter",ISL,M,,,,1598,0,20,SEP25,1998,i
2308533,"Leosson, Atli Johann",ISL,M,,,,1827,0,20,SEP25,1983,i
2325780,"Leosson, Haukur Vidis",ISL,M,,,,1726,0,40,SEP25,2014,
2325764,"Leosson, Tomas Sindri",ISL,M,,,,1635,13,20,SEP25,2002,
2300966,"Leosson, Torfi",ISL,M,,,,2018,0,20,SEP25,1978,
2317290,"Lis, Sara Solveig",ISL,F,,,,1462,0,40,SEP25,2007,wi
2302870,"Loftsson, Arnaldur",ISL,M,,,,1916,5,20,SEP25,1970,
2300729,"Loftsson, Hrafn",ISL,M,,,,2191,0,20,SEP25,1965,i
2315165,"Lund, Snorri Sveinn",ISL,M,,,,1438,0,40,SEP25,2007,i
2311798,"Luu, Robert",ISL,M,,,,1774,0,20,SEP25,2005,i
2301806,"Maack, Kjartan",ISL,M,,,,2054,0,20,SEP25,1975,i
2303779,"Maggason, Oskar",ISL,M,,,,1825,0,20,SEP25,1965,i
2309114,"Magnusdottir, Veronika Steinunn",ISL,F,,,,1704,0,20,SEP25,1998,w
2303787,"Magnusson, Audbergur",ISL,M,,NA,,1796,0,20,SEP25,1963,i
2312484,"Magnusson, Benedikt Ernir",ISL,M,,,,1617,0,40,SEP25,2003,
2312956,"Magnusson, Bjorn",ISL,M,,,,1554,0,40,SEP25,2005,i
2331411,"Magnusson, Fridfinnur",ISL,M,,,,1670,0,40,SEP25,1973,i
2318628,"Magnusson, Hlynur Thor",ISL,M,,,,1732,0,20,SEP25,1947,i
2305283,"Magnusson, Jon",ISL,M,,,,1898,0,20,SEP25,1960,
2306921,"Magnusson, Jon",ISL,M,,,,1659,0,20,SEP25,1959,i
2302128,"Magnusson, Magnus",ISL,M,,,,1973,0,20,SEP25,1958,i
2303442,"Magnusson, Patrekur Maron",ISL,M,,,,1992,0,20,SEP25,1993,i
2304970,"Magnusson, Thorlakur",ISL,M,,,,1871,0,20,SEP25,1956,
2315874,"Magnusson, Thorsteinn",ISL,M,,NA,,1735,0,20,SEP25,1976,
2310287,"Magnusson, Thorsteinn",ISL,M,,,,1684,5,20,SEP25,2000,
2313391,"Mai, Alexander Oliver",ISL,M,CM,,,2122,0,20,SEP25,2003,
2313383,"Mai, Aron Thor",ISL,M,,,,1986,0,20,SEP25,2001,i
2327759,"Mariuson, Adalsteinn Leifs",ISL,M,,,,1549,0,20,SEP25,1998,
2325250,"Masson, Hrannar Mar",ISL,M,,,,1443,0,40,SEP25,2010,
2303809,"Masson, Kjartan",ISL,M,,,,1812,0,20,SEP25,1970,
2329093,"Masson, Oliver",ISL,M,,,,1620,0,40,SEP25,1995,i
2321521,"Matharel, Tobias",ISL,M,,,,1616,0,40,SEP25,2009,
2329107,"Matthiasson, David Runar",ISL,M,,,,1479,0,40,SEP25,1999,i
2306034,"Matthiasson, Magnus",ISL,M,,,,1783,9,20,SEP25,1965,
2303469,"Moller, Agnar T",ISL,M,,,,1941,0,20,SEP25,1979,i
1427075,"Moller, Baldur Helgi",ISL,M,,,,1954,0,20,SEP25,1980,i
2315343,"Moller, Tomas",ISL,M,,,,1655,0,40,SEP25,2008,i
2333406,"Mourelo, Xavier",ISL,M,,,,1712,0,20,SEP25,1999,
2323150,"Nastor, Adrian Aron",ISL,M,,,,1585,0,20,SEP25,2004,i
2325268,"Nguyen, Victor Thang Tri",ISL,M,,,,1428,0,40,SEP25,2010,i
2331110,"Nielsen, Hilmir Orn",ISL,M,,,,1470,0,40,SEP25,2005,i
2303507,"Nikulasson, Gunnar",ISL,M,,,,1796,0,20,SEP25,1960,i
2310015,"Njardarson, Arnar Ingi",ISL,M,,,,1625,11,20,SEP25,1997,
2313910,"Njardarson, Daniel Ernir",ISL,M,,,,1654,0,20,SEP25,2001,i
2308835,"Njardarson, Sigurjon",ISL,M,,,,1623,0,20,SEP25,1979,i
2323494,"Nordfjord, Isak",ISL,M,,,,1627,0,20,SEP25,2004,i
2318717,"Ofeigsson, Daniel Freyr",ISL,M,,,,1440,0,40,SEP25,2008,i
2328658,"Olafsson, Alexander Orn",ISL,M,,,,1496,0,40,SEP25,2011,
2313510,"Olafsson, Arni",ISL,M,,,,1641,0,20,SEP25,2005,i
2313863,"Olafsson, Bjarki",ISL,M,,,,1553,0,20,SEP25,2002,i
2300451,"Olafsson, David",ISL,M,FM,,,2359,0,20,SEP25,1968,i
2316510,"Olafsson, Ellert",ISL,M,,,,1915,0,20,SEP25,1944,i
2316765,"Olafsson, Heidar",ISL,M,,,,1546,0,20,SEP25,1975,i
2300010,"Olafsson, Helgi",ISL,M,GM,,,2496,0,10,SEP25,1956,
2310023,"Olafsson, Jon Smari",ISL,M,,,,1912,0,20,SEP25,1999,i
2313200,"Olafsson, Kristmundur Thor",ISL,M,,,,1702,0,20,SEP25,1981,i
2312042,"Olafsson, Olafur Orn",ISL,M,,,,1744,19,20,SEP25,2003,
2306514,"Olafsson, Sigurdur",ISL,M,,,,1987,0,20,SEP25,1952,i
2302403,"Olafsson, Smari",ISL,M,,,,1983,0,20,SEP25,1964,
2303949,"Olafsson, Thorarinn I",ISL,M,,,,1723,0,20,SEP25,1942,i
2301148,"Olafsson, Thorvardur",ISL,M,,,,2069,5,20,SEP25,1972,
2320045,"Olafsson, Torfi Karl",ISL,M,,,,1809,0,40,SEP25,1992,
2331080,"Olafsson, Viktor",ISL,M,,,,1558,0,40,SEP25,2005,i
2312352,"Olason, Oliver Isak",ISL,M,,,,1636,0,20,SEP25,2002,i
2303957,"Olgeirsson, Armann",ISL,M,,,,1752,0,20,SEP25,1941,i
2330199,"Olszewski, Milosz Ulfur",ISL,M,,,,1453,10,40,SEP25,2011,
2311453,"Omarsson, Adam",ISL,M,CM,,,2088,0,40,SEP25,2007,
2302772,"Omarsson, Dadi",ISL,M,CM,NA,,2170,11,20,SEP25,1991,
2316102,"Omarsson, Josef",ISL,M,,,,1969,5,40,SEP25,2011,
2310821,"Omarsson, Kristofer",ISL,M,,,,1843,0,20,SEP25,1969,i
2301016,"Ornolfsson, Magnus P.",ISL,M,CM,,,2207,6,20,SEP25,1971,
2320401,"Orrason, Arnar Freyr",ISL,M,,,,1513,0,40,SEP25,2011,i
2328429,"Orrason, Loftur Snaer",ISL,M,,,,1531,0,40,SEP25,2007,i
2323400,"Orvarsson, Daniel Orn",ISL,M,,,,1512,0,40,SEP25,2006,i
2326205,"Orvarsson, Oskar Atli",ISL,M,,,,1464,0,40,SEP25,2011,
2322129,"Oskarsdottir, Hrafndis Karen",ISL,F,,,,1416,0,40,SEP25,2011,w
2313014,"Oskarsson, Anton Breki",ISL,M,,,,1501,0,40,SEP25,2005,i
2330555,"Oskarsson, Jon Elias",ISL,M,,,,1578,0,40,SEP25,2010,
2321793,"Oskarsson, Julius Orri",ISL,M,,,,1661,0,20,SEP25,1993,i
2320118,"Oskarsson, Markus Orri",ISL,M,,,,2011,0,40,SEP25,2009,
2323524,"Ossurarson, Ari Bjorn",ISL,M,,,,1629,0,20,SEP25,1998,i
2303990,"Ottarsson, Tryggvi",ISL,M,,,,1635,0,20,SEP25,1964,
2306816,"Ottesen, Oddgeir",ISL,M,,NA,,1817,0,20,SEP25,1973,
2308568,"Palmarsson, Erlingur Atli",ISL,M,,,,1688,0,20,SEP25,1989,i
2303078,"Palmason, Vilhjalmur",ISL,M,,,,1924,0,20,SEP25,1991,
2306824,"Palsdottir, Soley Lind",ISL,F,,,,1627,0,20,SEP25,1999,wi
2319594,"Palsson Paszek, Antoni",ISL,M,,,,1407,0,40,SEP25,2010,i
2326000,"Palsson, Arnaldur Arni",ISL,M,,,,1645,0,40,SEP25,2008,i
2301202,"Palsson, Halldor",ISL,M,,,,1903,0,20,SEP25,1959,
2321777,"Palsson, Magnus Mar",ISL,M,,,,1462,0,20,SEP25,1998,i
2320142,"Palsson, Oli",ISL,M,,,,1616,0,20,SEP25,1981,i
2328771,"Palsson, Orri Pall",ISL,M,,,,1586,0,40,SEP25,2007,i
2319780,"Paluson, Kristjan Freyr",ISL,M,,,,1450,0,40,SEP25,2013,
2326876,"Pena Torres, Alejandro",ISL,M,,,,1545,0,20,SEP25,1990,i
2314487,"Petersen, Einar Tryggvi",ISL,M,,,,1406,0,40,SEP25,2008,i
2309130,"Petersen, Jakob Alexander",ISL,M,,,,1674,0,20,SEP25,1999,i
2325055,"Pettersson, Michael",ISL,M,,,,1588,0,20,SEP25,1981,i
2301725,"Petursson, Gudni",ISL,M,,,,1930,5,20,SEP25,1983,
2315785,"Petursson, Magnus V.",ISL,M,,,,1752,0,20,SEP25,1932,i
2300028,"Petursson, Margeir",ISL,M,GM,,,2334,0,10,SEP25,1960,
2302136,"Petursson, Palmi Ragnar",ISL,M,FM,NA,,2241,0,20,SEP25,1964,i
2325730,"Petursson, Steingrimur",ISL,M,,,,1634,0,20,SEP25,1966,i
2317990,"Ponzi, Tomas",ISL,M,,,,1712,0,20,SEP25,1959,
2328887,"Pourghani, Reza",ISL,M,,,,1498,0,40,SEP25,2007,i
2323931,"Pradid, Matus",ISL,M,,,,1520,0,20,SEP25,1996,i
14132907,"Prudnikov, Andrey",ISL,M,,,,2073,0,20,SEP25,1992,
14121093,"Prudnykova, Olga",ISL,F,WIM,WIM,,2164,0,20,SEP25,1994,wi
305650,"Ptacnikova, Lenka",ISL,F,WGM,WGM,NA,2109,0,20,SEP25,1976,w
2304058,"Ragnarsson, Dagur",ISL,M,IM,,,2346,0,20,SEP25,1997,
2328763,"Ragnarsson, Gunnar Smari",ISL,M,,,,1444,0,40,SEP25,2012,i
2308860,"Ragnarsson, Heimir Pall",ISL,M,,,,1727,0,20,SEP25,2001,
2310074,"Ragnarsson, Hermann",ISL,M,,,,1731,0,20,SEP25,1939,i
2301040,"Ragnarsson, Johann",ISL,M,,,,1978,0,20,SEP25,1965,
2315386,"Ragnarsson, Rikhard Skorri",ISL,M,,,,1419,0,40,SEP25,2005,i
2333732,"Ragnarsson, Thorhallur",ISL,M,,,,1426,0,40,SEP25,1988,
2320703,"Robertsson, Gudmundur Reynir",ISL,M,,,,1541,0,40,SEP25,2006,i
2304090,"Rognvaldsson, Geir",ISL,M,,,,1677,0,20,SEP25,1949,
2328682,"Rorbeck, Hjorleifur",ISL,M,,,,1620,0,40,SEP25,1986,i
2301768,"Runarsson, Gunnar",ISL,M,CM,NA,,2053,0,20,SEP25,1965,i
2327171,"Rutsson, Kjartan Berg",ISL,M,,,,1554,0,20,SEP25,1980,
2328780,"Ryan, Thorarinn",ISL,M,,,,1448,0,40,SEP25,2007,i
2319845,"Saemundarson, Saethor Ingi",ISL,M,,,,1595,0,40,SEP25,2008,i
2302900,"Saemundsson, Bjarni",ISL,M,,,,1944,0,20,SEP25,1965,i
2311054,"Saevaldsson, Kristinn Jon",ISL,M,,,,1906,0,20,SEP25,1969,i
10601279,"Salama, Omar",ISL,M,,FT,,2260,0,20,SEP25,1980,i
2330741,"Scheving Thorsteinsson, Patrick",ISL,M,,,,1583,0,40,SEP25,1997,
2304139,"Scheving, Sigurdur",ISL,M,,,,1677,0,40,SEP25,1972,
2306972,"Schioth, Tjorvi",ISL,M,,,,1839,0,20,SEP25,1991,i
2314894,"Sharifa, Rayan",ISL,M,,,,1509,0,40,SEP25,2007,i
2313057,"Sigfusson, Ottar Orn Bergmann",ISL,M,,,,1722,0,20,SEP25,2006,i
2300168,"Sigfusson, Sigurdur",ISL,M,FM,,,2231,0,20,SEP25,1972,i
2307430,"Sighvatsson, Palmi",ISL,M,,,,1833,0,20,SEP25,1946,i
2316340,"Signyjarson, Arnar Smari",ISL,M,,,,1678,0,20,SEP25,2002,i
2304767,"Sigthorsson, Andri Thor",ISL,M,,,,1679,0,20,SEP25,1987,i
2317087,"Sigthorsson, Thorarinn",ISL,M,,,,1852,0,20,SEP25,1938,i
2305305,"Sigurbjornsson, Ivar Orn",ISL,M,,,,1700,13,40,SEP25,1981,
2302888,"Sigurbjornsson, Sigurjon",ISL,M,,,,1911,0,20,SEP25,1955,i
2322021,"Sigurdardottir, Emilia",ISL,F,,,,1494,0,40,SEP25,2012,w
2322030,"Sigurdardottir, Sigrun Tara",ISL,F,,,,1419,4,40,SEP25,2012,w
2323222,"Sigurdardottir, Unnur Malin",ISL,F,,,,1440,0,20,SEP25,1984,wi
2311003,"Sigurdarson, Alec Elias",ISL,M,,,,1592,0,20,SEP25,1999,i
2329280,"Sigurdarson, Arni Valur",ISL,M,,,,1804,0,40,SEP25,1988,i
2313421,"Sigurdarson, Eldar",ISL,M,,,,1487,0,20,SEP25,2001,i
2304163,"Sigurdarson, Emil",ISL,M,,,,1921,0,20,SEP25,1996,
2321610,"Sigurdarson, Logi",ISL,M,,,,1678,0,20,SEP25,2002,i
2321483,"Sigurdarson, Oddur",ISL,M,,,,1672,0,20,SEP25,2003,i
2302004,"Sigurdarson, Skuli",ISL,M,,,,2026,0,40,SEP25,1983,
2317044,"Sigurdarson, Sveinn",ISL,M,,,,1527,0,20,SEP25,1997,i
2302977,"Sigurdarson, Tomas Veigar",ISL,M,,,,1996,0,20,SEP25,1977,i
2307448,"Sigurdsson, Arnljotur",ISL,M,,,,1808,0,20,SEP25,1987,i
2309726,"Sigurdsson, Asgeir",ISL,M,,,,1851,0,20,SEP25,1942,i
2313766,"Sigurdsson, Baldur Heidar",ISL,M,,,,1714,0,20,SEP25,1977,i
2304180,"Sigurdsson, Birkir Karl",ISL,M,,,,1926,0,20,SEP25,1996,i
2308614,"Sigurdsson, David",ISL,M,,,,1543,0,20,SEP25,1982,i
2319861,"Sigurdsson, Elvar Mar",ISL,M,,,,1767,0,20,SEP25,1975,i
2303850,"Sigurdsson, Jakob Saevar",ISL,M,,,,1894,0,20,SEP25,1984,
2302217,"Sigurdsson, Johann Helgi",ISL,M,,,,2010,0,20,SEP25,1974,
2328224,"Sigurdsson, Jon Heidar",ISL,M,,,,1752,0,20,SEP25,1991,i
2324288,"Sigurdsson, Kristinn",ISL,M,,,,1587,0,20,SEP25,1986,i
2324474,"Sigurdsson, Kristjan Theodor",ISL,M,,,,1455,0,20,SEP25,1995,i
2302144,"Sigurdsson, Pall",ISL,M,,,,1906,0,20,SEP25,1969,
2319071,"Sigurdsson, Pall",ISL,M,,,,1722,0,20,SEP25,1971,
2320738,"Sigurdsson, Runar",ISL,M,,,,1732,0,20,SEP25,1949,i
2301849,"Sigurdsson, Saeberg",ISL,M,,,,2101,0,20,SEP25,1971,
2306131,"Sigurdsson, Sigurdur J",ISL,M,,,,1675,0,20,SEP25,1954,i
2328232,"Sigurdsson, Siguroli",ISL,M,,,,1452,0,20,SEP25,1993,i
2304210,"Sigurdsson, Smari",ISL,M,,,,1901,0,20,SEP25,1971,
2310830,"Sigurdsson, Snorri Thor",ISL,M,,,,1949,0,20,SEP25,1963,i
2304783,"Sigurdsson, Sveinbjorn",ISL,M,,,,1846,0,20,SEP25,1948,i
2302195,"Sigurdsson, Sverrir",ISL,M,,,,1986,0,20,SEP25,1971,i
2313278,"Sigurdsson, Thorsteinn G",ISL,M,,,,1686,4,20,SEP25,1960,
2334437,"Sigurfinnsson, Agust Leo",ISL,M,,,,1613,0,40,SEP25,2009,
2320967,"Sigurgeirsson, Sigthor Arni",ISL,M,,,,1694,0,40,SEP25,2011,
2312077,"Siguringason, Solon",ISL,M,,,,1571,0,40,SEP25,2005,i
2304228,"Sigurjonsson, Brynjolfur",ISL,M,,,,1740,0,20,SEP25,1970,i
2326663,"Sigurjonsson, Elias",ISL,M,,,,1426,0,40,SEP25,2010,i
2300710,"Sigurjonsson, Johann O",ISL,M,,,,2069,0,20,SEP25,1938,i
2334844,"Sigurjonsson, Jonas Jokull",ISL,M,,,,1544,0,40,SEP25,2009,
2322854,"Sigurjonsson, Ketill",ISL,M,,,,1473,0,20,SEP25,1966,i
2300397,"Sigurjonsson, Siguringi",ISL,M,,,,1984,0,20,SEP25,1971,i
2301008,"Sigurjonsson, Stefan Th.",ISL,M,,,,2033,0,20,SEP25,1966,i
2306140,"Sigurmundsson, Arnar",ISL,M,,,,1738,0,20,SEP25,1943,i
2303884,"Sigurmundsson, Ingimundur",ISL,M,,,,1888,0,20,SEP25,1965,i
2303892,"Sigurmundsson, Ulfhedinn",ISL,M,,,,1963,0,20,SEP25,1967,i
2301024,"Sigurpalsson, Runar",ISL,M,FM,,,2229,0,20,SEP25,1972,
2306018,"Sigurvaldason, Hjalmar",ISL,M,,,,1601,0,20,SEP25,1973,
2332558,"Sivakumar, Pranav",ISL,M,,,,1816,0,40,SEP25,2000,
2305020,"Skarphedinsson, Gunnar",ISL,M,,,,1922,0,20,SEP25,1947,i
2316943,"Skarphedinsson, Ingvar Wu",ISL,M,,,,2059,0,40,SEP25,2007,
2321807,"Skirnisson, Brimir",ISL,M,,,,1578,0,40,SEP25,2009,i
2318148,"Smarason, Kristjan Ingi",ISL,M,,,,1712,0,40,SEP25,2008,
2325004,"Snaebjarnarson, Audunn",ISL,M,,,,1640,0,20,SEP25,1990,i
2303086,"Snorrason, Snorri",ISL,M,,,,1935,0,20,SEP25,1978,i
2322668,"Sokol, Jakub",ISL,M,,,,1428,0,40,SEP25,2011,i
2330733,"Sokolowsky, Jan",ISL,M,,,,1789,0,40,SEP25,1976,
2300850,"Solmundarson, Magnus",ISL,M,,,,2163,0,20,SEP25,1939,i
2311143,"Statkiewicz, Jakub",ISL,M,,,,1627,0,20,SEP25,2000,i
2320541,"Stefansson, Ari",ISL,M,,,,1930,0,20,SEP25,1943,i
2312379,"Stefansson, Benedikt",ISL,M,,,,1663,0,20,SEP25,1999,
2310325,"Stefansson, Bjorn Gretar",ISL,M,,,,1796,0,20,SEP25,1976,i
2313804,"Stefansson, David",ISL,M,,,,1756,0,20,SEP25,1980,i
2300087,"Stefansson, Hannes",ISL,M,GM,,,2440,9,10,SEP25,1972,
2323060,"Stefansson, Helgi Heidar",ISL,M,,,,1621,0,20,SEP25,1980,i
2304295,"Stefansson, Kristjan",ISL,M,,,,1921,0,20,SEP25,1945,i
2324407,"Stefansson, Myrkvi M W",ISL,M,,,,1757,0,20,SEP25,2003,i
2324369,"Stefansson, Stefan Ari",ISL,M,,,,1553,0,20,SEP25,1975,i
2324377,"Stefansson, Stefan Magni",ISL,M,,,,1608,0,40,SEP25,2005,i
2324385,"Stefansson, Torfi Steinn",ISL,M,,,,1531,0,20,SEP25,1978,i
2308649,"Stefansson, Vignir Vatnar",ISL,M,GM,,,2454,0,10,SEP25,2003,
2316757,"Steinbergsson, Hjortur",ISL,M,,,,1846,0,20,SEP25,1961,i
2301229,"Steindorsson, Sigurdur P.",ISL,M,,,,2256,0,20,SEP25,1983,i
2310848,"Steingrimsson, Birgir Orn",ISL,M,,,,1929,0,20,SEP25,1963,i
2316617,"Steingrimsson, Bjorgvin",ISL,M,,,,1521,0,20,SEP25,1968,i
2312441,"Steingrimsson, Egill Gautur",ISL,M,,,,1666,0,20,SEP25,1991,i
2300117,"Steingrimsson, Hedinn",ISL,M,GM,,,2559,0,10,SEP25,1975,i
2304791,"Steingrimsson, Karl Egill",ISL,M,,,,1798,0,20,SEP25,1942,
2318997,"Steinsson, Hallgrimur",ISL,M,,,,1823,0,20,SEP25,1978,i
2304325,"Steinsson, Steinn Kari",ISL,M,,,,1634,0,20,SEP25,1972,i
2312093,"Steinthorsson, Birgir Logi",ISL,M,,,,1420,0,40,SEP25,2005,i
2310040,"Steinthorsson, Felix",ISL,M,,,,1741,0,20,SEP25,2001,i
2329115,"Sturluson, Sigurdur Mar",ISL,M,,,,1492,0,40,SEP25,1982,i
2302730,"Svansson, Patrick",ISL,M,,,,1844,0,20,SEP25,1977,i
2329735,"Svavarsson, Svavar Ellidi",ISL,M,,,,1466,0,40,SEP25,1990,i
2318369,"Sveinbjornsson, Gudmundur Orri",ISL,M,,,,1433,0,40,SEP25,2009,
2314550,"Sveinsson, Gudmundur Peng",ISL,M,,,,1662,0,40,SEP25,2005,i
2306867,"Sveinsson, Sveinn Ingi",ISL,M,,,,1903,0,40,SEP25,1964,
2311089,"Sverrisson, Kristjan Th",ISL,M,,,,1637,0,20,SEP25,1974,
2304376,"Sverrisson, Nokkvi",ISL,M,,,,2030,0,20,SEP25,1994,i
2305771,"Teitsson, Gabriel Mani",ISL,M,,,,1456,0,20,SEP25,1998,i
2303132,"Teitsson, Smari Rafn",ISL,M,,,,2083,0,20,SEP25,1974,i
2310759,"Teitsson, Tinni",ISL,M,,,,1863,0,20,SEP25,2003,i
2304929,"Thor, Gudmundur Sverrir",ISL,M,,,,2025,0,20,SEP25,1975,i
2300265,"Thor, Jon Th",ISL,M,,,,2097,0,20,SEP25,1944,i
2304384,"Thorarensen, Adalsteinn",ISL,M,,NA,,1728,5,20,SEP25,1966,
2323303,"Thorarinsson, Arnar",ISL,M,,,,1450,0,20,SEP25,1989,i
2331284,"Thorarinsson, Daniel Ingi",ISL,M,,,,1505,0,40,SEP25,1989,
2324717,"Thorarinsson, Haraldur",ISL,M,,,,1583,0,20,SEP25,2003,i
2300923,"Thorarinsson, Pall A.",ISL,M,FM,,,2160,0,20,SEP25,1976,i
2329298,"Thorarinsson, Stefan",ISL,M,,,,1543,0,40,SEP25,1986,i
2307693,"Thordarson, Agust Mar",ISL,M,,,,ACM,1685,0,SEP25,2000,i
2310350,"Thordarson, Sturla",ISL,M,,,,1831,0,20,SEP25,1972,
2328305,"Thordarson, Thorarinn Steinn,",ISL,M,,,,1468,0,40,SEP25,2001,i
2300982,"Thorfinnsson, Bjorn",ISL,M,IM,,,2408,0,10,SEP25,1979,
2300958,"Thorfinnsson, Bragi",ISL,M,GM,,,2368,0,10,SEP25,1981,
2307731,"Thorgeirsson, Jon Kristinn",ISL,M,FM,,,2154,0,20,SEP25,1999,i
2302462,"Thorgeirsson, Sverrir",ISL,M,FM,,,2306,0,20,SEP25,1991,i
2306590,"Thorgilsson, Gudlaugur Gauti",ISL,M,,,,1788,0,20,SEP25,1974,
2328259,"Thorgrimsson, Sigmundur",ISL,M,,,,1504,0,40,SEP25,2008,i
2310090,"Thorhallsson, Simon",ISL,M,FM,,,2151,0,20,SEP25,1999,
2300109,"Thorhallsson, Throstur",ISL,M,GM,,,2463,0,10,SEP25,1969,
2324776,"Thorhallsson, Tryggvi",ISL,M,,,,1605,0,20,SEP25,1962,i
2314576,"Thorisson, Benedikt",ISL,M,,,,2015,0,20,SEP25,2006,
2314916,"Thorisson, Bjartur",ISL,M,,,,1525,0,40,SEP25,2009,i
2324636,"Thorisson, Jon Bragi",ISL,M,,,,1487,0,40,SEP25,2006,i
2301695,"Thorkelsson, Sigurjon",ISL,M,,,,1971,0,20,SEP25,1967,i
2315726,"Thoroddsen, Anna Katarina",ISL,F,,,,1420,0,40,SEP25,2008,wi
2309203,"Thoroddsen, Arni",ISL,M,,,,1747,0,20,SEP25,1954,i
2320797,"Thoroddsen, Baldur",ISL,M,,,,1658,0,40,SEP25,2009,
2326884,"Thoroddsen, Gunnar Karl",ISL,M,,,,1492,0,40,SEP25,2004,i
2320622,"Thoroddsen, Jon Louie",ISL,M,,,,1598,0,40,SEP25,2012,
2328690,"Thoroddsen, Karl",ISL,M,,,,1815,0,40,SEP25,1969,i
2316013,"Thoroddsen, Tristan Theodor",ISL,M,,,,1412,0,40,SEP25,2005,i
2311038,"Thorsson, Bjarnsteinn",ISL,M,,,,1771,0,20,SEP25,1963,
2300869,"Thorsson, Olafur",ISL,M,,,,2125,0,20,SEP25,1972,
2304406,"Thorsson, Pall",ISL,M,,,,1829,0,20,SEP25,1977,i
2300753,"Thorsteinsdottir, Gudlaug",ISL,F,WFM,WFM,,1946,0,20,SEP25,1961,wi
2302454,"Thorsteinsdottir, Hallgerdur",ISL,F,WFM,WFM,,1927,0,20,SEP25,1992,w
2310686,"Thorsteinsdottir, Svava",ISL,F,,,,1610,0,20,SEP25,2001,wi
2311763,"Thorsteinsson, Almar Mani",ISL,M,,,,1574,0,20,SEP25,2002,i
2300524,"Thorsteinsson, Arnar",ISL,M,CM,,,2194,0,20,SEP25,1967,
2304422,"Thorsteinsson, Aron Ellert",ISL,M,,,,1773,0,20,SEP25,1992,
2328577,"Thorsteinsson, Birgir",ISL,M,,,,1663,0,40,SEP25,1954,
2301091,"Thorsteinsson, Erlingur",ISL,M,,,,2080,0,20,SEP25,1955,i
2309777,"Thorsteinsson, Leifur",ISL,M,,,,1760,0,20,SEP25,1998,i
2300281,"Thorsteinsson, Thorsteinn",ISL,M,FM,FT,,2148,0,20,SEP25,1960,
2317940,"Thorsteinsson, Thorsteinn Jakob F",ISL,M,,,,1822,0,20,SEP25,2006,
2316528,"Thorvaldsson, Birgir",ISL,M,,,,1782,0,20,SEP25,1942,i
2325977,"Thorvaldsson, Johann",ISL,M,,,,1407,0,40,SEP25,2009,i
2309181,"Thorvaldsson, Jon",ISL,M,,,,2152,0,20,SEP25,1949,i
2327627,"Thorvardarson, Hafthor Andri",ISL,M,,,,1458,0,40,SEP25,2012,
2307626,"Thrainsson, Birgir Rafn",ISL,M,,,,1813,0,20,SEP25,1966,i
2330881,"Thrandarsson, Ingvar",ISL,M,,,,1725,0,40,SEP25,1978,i
2324555,"Thrastarson, Arnor",ISL,M,,,,1497,0,20,SEP25,1987,i
2323435,"Tkachuk, Olena",ISL,F,,,,1421,0,20,SEP25,1995,wi
2331560,"Tomasdottir, Katrin Osk",ISL,F,,,,1412,7,40,SEP25,2014,w
2313286,"Torfadottir, Katla",ISL,F,,,,1477,0,20,SEP25,2002,wi
2334259,"Tran, Anh Hai",ISL,M,,,,1544,11,40,SEP25,2013,
2324113,"Tran, Liam Nam",ISL,M,,,,1495,0,40,SEP25,2014,
2302934,"Traustason, Ingi Tandri",ISL,M,,,,1914,0,20,SEP25,1974,i
2323265,"Tryggvason, Erlingur",ISL,M,,,,1710,0,20,SEP25,1982,
2329948,"Trzonek, Igor",ISL,M,,,,1496,0,40,SEP25,2012,
2327635,"Turchetti, Dominik Jacek",ISL,M,,,,1576,0,40,SEP25,2010,i
2300818,"Ulfarsson, Magnus Orn",ISL,M,FM,,,2300,0,20,SEP25,1976,i
2308738,"Ulfljotsson, Jon",ISL,M,,,,1857,0,20,SEP25,1954,i
2304805,"Unnarsson, Sverrir",ISL,M,,,,1950,0,20,SEP25,1966,i
2310767,"Unnsteinsson, Oddur Thor",ISL,M,,,,1517,0,20,SEP25,2000,i
2304813,"Valdimarsson, Einar",ISL,M,,,,1960,0,20,SEP25,1960,i
2318199,"Valdimarsson, Johann",ISL,M,,,,1663,0,20,SEP25,1962,i
2301334,"Valgardsson, Gudjon Heidar",ISL,M,,,,1992,0,20,SEP25,1985,
2326817,"Valgeirsson, Gudmundur Ingi",ISL,M,,,,1505,0,40,SEP25,2008,
2314703,"Valgeirsson, Nikulas Ymir",ISL,M,,,,1504,0,20,SEP25,2002,i
2318830,"Valsson, Arnar",ISL,M,,,,1491,0,40,SEP25,2005,i
2332370,"Valsson, Nokkvi Mar",ISL,M,,,,1662,0,40,SEP25,2015,
2301903,"Valtysson, Thor",ISL,M,,,,1887,0,20,SEP25,1943,i
2324296,"Vaucher, Eliott",ISL,M,,,,1533,0,20,SEP25,1996,i
2322846,"Vidarsson , Kari",ISL,M,,,,1575,0,20,SEP25,2001,i
2322927,"Vidarsson , Kari Steinn",ISL,M,,,,1654,5,20,SEP25,2001,
2308924,"Vidarsson, Hlynur Snaer",ISL,M,,,,1774,0,20,SEP25,1997,i
2321033,"Vidarsson, Oddur Thorri",ISL,M,,,,1590,0,20,SEP25,1986,i
2310708,"Vigfusson, Robert Orn",ISL,M,,,,1736,0,20,SEP25,2001,i
2300486,"Vigfusson, Thrainn",ISL,M,,,,2142,0,20,SEP25,1967,i
2303914,"Vigfusson, Vigfus",ISL,M,,,,1911,0,20,SEP25,1961,
2314037,"Viggosson, Eirikur",ISL,M,,,,1778,0,20,SEP25,1943,i
2300400,"Viglundsson, Bjorgvin",ISL,M,,,,2149,0,20,SEP25,1946,
2307529,"Viglundsson, Jon",ISL,M,,,,1794,0,20,SEP25,1935,i
2313308,"Vignisson, David",ISL,M,,,,1508,0,20,SEP25,1998,i
2309270,"Vignisson, Ingvar Egill",ISL,M,,,,1780,0,20,SEP25,1990,i
2321343,"Vilhjalmsson, Bjarki Freyr",ISL,M,,,,1535,0,40,SEP25,2009,i
2316447,"Vilhjalmsson, Hilmir",ISL,M,,,,1515,0,20,SEP25,1989,i
2306662,"Vilhjalmsson, Oli Arni",ISL,M,,,,1712,0,20,SEP25,1941,i
2323443,"Villanueva, Adrian Benedicto",ISL,M,,,,1691,0,20,SEP25,1992,i
2328062,"Waldorff Sigurdsson, Fannar Logi",ISL,M,,,,1555,4,40,SEP25,2007,
2324563,"Wentzel, Steinarr",ISL,M,,,,1522,0,20,SEP25,1988,i
2332329,"Wilcox, Svanur",ISL,M,,,,1625,0,40,SEP25,1969,
2335174,"Xavery, Konstanty Sagun",ISL,M,,,,1440,0,40,SEP25,2010,