[
  {
    "ID Number": "15012484"
  },
  {
    "ID Number": "15007499"
  },
  {
    "ID Number": "15007901"
  },
  {
    "ID Number": "15014061"
  },
  {
    "ID Number": "15015041"
  },
  {
    "ID Number": "15020665"
  },
  {
    "ID Number": "15018482"
  },
  {
    "ID Number": "15020673"
  },
  {
    "ID Number": "15010430"
  },
  {
    "ID Number": "15012913"
  },
  {
    "ID Number": "15005518"
  },
  {
    "ID Number": "15012506"
  },
  {
    "ID Number": "15011020"
  },
  {
    "ID Number": "15019888"
  },
  {
    "ID Number": "15020690"
  },
  {
    "ID Number": "15006247"
  },
  {
    "ID Number": "15002713"
  },
  {
    "ID Number": "15012514"
  },
  {
    "ID Number": "15011550"
  },
  {
    "ID Number": "15016870"
  },
  {
    "ID Number": "15001962"
  },
  {
    "ID Number": "15015971"
  },
  {
    "ID Number": "15012522"
  },
  {
    "ID Number": "15010716"
  },
  {
    "ID Number": "15012832"
  },
  {
    "ID Number": "15019772"
  },
  {
    "ID Number": "15020606"
  },
  {
    "ID Number": "15019950"
  },
  {
    "ID Number": "15009963"
  },
  {
    "ID Number": "15012921"
  },
  {
    "ID Number": "15010953"
  },
  {
    "ID Number": "15018539"
  },
  {
    "ID Number": "15020010"
  },
  {
    "ID Number": "15011615"
  },
  {
    "ID Number": "15013120"
  },
  {
    "ID Number": "15014991"
  },
  {
    "ID Number": "15015009"
  },
  {
    "ID Number": "15007235"
  },
  {
    "ID Number": "15012999"
  },
  {
    "ID Number": "15018261"
  },
  {
    "ID Number": "15000966"
  },
  {
    "ID Number": "15014525"
  },
  {
    "ID Number": "15000427"
  },
  {
    "ID Number": "15017354"
  },
  {
    "ID Number": "15001857"
  },
  {
    "ID Number": "15007413"
  },
  {
    "ID Number": "15015050"
  },
  {
    "ID Number": "15021106"
  },
  {
    "ID Number": "15004414"
  },
  {
    "ID Number": "15002390"
  },
  {
    "ID Number": "15003523"
  },
  {
    "ID Number": "15014002"
  },
  {
    "ID Number": "15016617"
  },
  {
    "ID Number": "15013499"
  },
  {
    "ID Number": "15004384"
  },
  {
    "ID Number": "15005526"
  },
  {
    "ID Number": "15010597"
  },
  {
    "ID Number": "15008967"
  },
  {
    "ID Number": "15006417"
  },
  {
    "ID Number": "15006166"
  },
  {
    "ID Number": "15004759"
  },
  {
    "ID Number": "15011054"
  },
  {
    "ID Number": "15015610"
  },
  {
    "ID Number": "15004155"
  },
  {
    "ID Number": "15008657"
  },
  {
    "ID Number": "15016510"
  },
  {
    "ID Number": "15019390"
  },
  {
    "ID Number": "15002632"
  },
  {
    "ID Number": "15008665"
  },
  {
    "ID Number": "15001539"
  },
  {
    "ID Number": "15016501"
  },
  {
    "ID Number": "15002721"
  },
  {
    "ID Number": "15019900"
  },
  {
    "ID Number": "15016218"
  },
  {
    "ID Number": "15005089"
  },
  {
    "ID Number": "15009696"
  },
  {
    "ID Number": "15016099"
  },
  {
    "ID Number": "15016056"
  },
  {
    "ID Number": "15017788"
  },
  {
    "ID Number": "15001024"
  },
  {
    "ID Number": "15017745"
  },
  {
    "ID Number": "15004163"
  },
  {
    "ID Number": "15002780"
  },
  {
    "ID Number": "15004970"
  },
  {
    "ID Number": "15016374"
  },
  {
    "ID Number": "15009700"
  },
  {
    "ID Number": "15004988"
  },
  {
    "ID Number": "15004589"
  },
  {
    "ID Number": "15006182"
  },
  {
    "ID Number": "15008398"
  },
  {
    "ID Number": "15011534"
  },
  {
    "ID Number": "15020282"
  },
  {
    "ID Number": "15017583"
  },
  {
    "ID Number": "15005470"
  },
  {
    "ID Number": "15000206"
  },
  {
    "ID Number": "15006549"
  },
  {
    "ID Number": "15000435"
  },
  {
    "ID Number": "15004457"
  },
  {
    "ID Number": "15014088"
  },
  {
    "ID Number": "15019080"
  },
  {
    "ID Number": "15010635"
  },
  {
    "ID Number": "15005976"
  },
  {
    "ID Number": "15005968"
  },
  {
    "ID Number": "15008860"
  },
  {
    "ID Number": "15005534"
  },
  {
    "ID Number": "15017346"
  },
  {
    "ID Number": "15011909"
  },
  {
    "ID Number": "15009718"
  },
  {
    "ID Number": "15017036"
  },
  {
    "ID Number": "15001164"
  },
  {
    "ID Number": "15007480"
  },
  {
    "ID Number": "15001377"
  },
  {
    "ID Number": "15000907"
  },
  {
    "ID Number": "15005666"
  },
  {
    "ID Number": "15005593"
  },
  {
    "ID Number": "15014037"
  },
  {
    "ID Number": "15017087"
  },
  {
    "ID Number": "15014533"
  },
  {
    "ID Number": "15013820"
  },
  {
    "ID Number": "15003825"
  },
  {
    "ID Number": "15002799"
  },
  {
    "ID Number": "15004945"
  },
  {
    "ID Number": "15005801"
  },
  {
    "ID Number": "15016170"
  },
  {
    "ID Number": "15017869"
  },
  {
    "ID Number": "15006972"
  },
  {
    "ID Number": "15007570"
  },
  {
    "ID Number": "15019020"
  },
  {
    "ID Number": "15013448"
  },
  {
    "ID Number": "15019403"
  },
  {
    "ID Number": "15004996"
  },
  {
    "ID Number": "15020363"
  },
  {
    "ID Number": "15000400"
  },
  {
    "ID Number": "15007260"
  },
  {
    "ID Number": "15000729"
  },
  {
    "ID Number": "15016935"
  },
  {
    "ID Number": "15008681"
  },
  {
    "ID Number": "15019993"
  },
  {
    "ID Number": "15010899"
  },
  {
    "ID Number": "15007332"
  },
  {
    "ID Number": "15005259"
  },
  {
    "ID Number": "15020002"
  },
  {
    "ID Number": "15001202"
  },
  {
    "ID Number": "15004465"
  },
  {
    "ID Number": "15013170"
  },
  {
    "ID Number": "15001920"
  },
  {
    "ID Number": "15016390"
  },
  {
    "ID Number": "15007146"
  },
  {
    "ID Number": "15013502"
  },
  {
    "ID Number": "15004708"
  },
  {
    "ID Number": "15000311"
  },
  {
    "ID Number": "15008363"
  },
  {
    "ID Number": "15017559"
  },
  {
    "ID Number": "15006069"
  },
  {
    "ID Number": "15016633"
  },
  {
    "ID Number": "15015963"
  },
  {
    "ID Number": "15013138"
  },
  {
    "ID Number": "15003299"
  },
  {
    "ID Number": "15001580"
  },
  {
    "ID Number": "15007936"
  },
  {
    "ID Number": "15014819"
  },
  {
    "ID Number": "15012425"
  },
  {
    "ID Number": "15020991"
  },
  {
    "ID Number": "15018083"
  },
  {
    "ID Number": "15016145"
  },
  {
    "ID Number": "15016803"
  },
  {
    "ID Number": "15014010"
  },
  {
    "ID Number": "15004775"
  },
  {
    "ID Number": "15000869"
  },
  {
    "ID Number": "15003973"
  },
  {
    "ID Number": "15001288"
  },
  {
    "ID Number": "15013189"
  },
  {
    "ID Number": "15002730"
  },
  {
    "ID Number": "15005364"
  },
  {
    "ID Number": "15008592"
  },
  {
    "ID Number": "15000095"
  },
  {
    "ID Number": "15011259"
  },
  {
    "ID Number": "15017460"
  },
  {
    "ID Number": "15006611"
  },
  {
    "ID Number": "15009076"
  },
  {
    "ID Number": "15017184"
  },
  {
    "ID Number": "15010643"
  },
  {
    "ID Number": "15017974"
  },
  {
    "ID Number": "15017931"
  },
  {
    "ID Number": "15014800"
  },
  {
    "ID Number": "15017524"
  },
  {
    "ID Number": "15007103"
  },
  {
    "ID Number": "15019624"
  },
  {
    "ID Number": "15019632"
  },
  {
    "ID Number": "15020045"
  },
  {
    "ID Number": "15002012"
  },
  {
    "ID Number": "15019063"
  },
  {
    "ID Number": "15013146"
  },
  {
    "ID Number": "15014711"
  },
  {
    "ID Number": "15020894"
  },
  {
    "ID Number": "1126377"
  },
  {
    "ID Number": "15004074"
  },
  {
    "ID Number": "15004902"
  },
  {
    "ID Number": "15004910"
  },
  {
    "ID Number": "15004732"
  },
  {
    "ID Number": "15011046"
  },
  {
    "ID Number": "15012956"
  },
  {
    "ID Number": "15018903"
  },
  {
    "ID Number": "15019730"
  },
  {
    "ID Number": "15008045"
  },
  {
    "ID Number": "15006999"
  },
  {
    "ID Number": "15004791"
  },
  {
    "ID Number": "15019896"
  },
  {
    "ID Number": "15015440"
  },
  {
    "ID Number": "15011062"
  },
  {
    "ID Number": "15009084"
  },
  {
    "ID Number": "15021009"
  },
  {
    "ID Number": "15014576"
  },
  {
    "ID Number": "15004627"
  },
  {
    "ID Number": "15002802"
  },
  {
    "ID Number": "15011348"
  },
  {
    "ID Number": "15019799"
  },
  {
    "ID Number": "15014070"
  },
  {
    "ID Number": "15011143"
  },
  {
    "ID Number": "15005330"
  },
  {
    "ID Number": "15003337"
  },
  {
    "ID Number": "15016293"
  },
  {
    "ID Number": "15013057"
  },
  {
    "ID Number": "15009211"
  },
  {
    "ID Number": "15016064"
  },
  {
    "ID Number": "15002357"
  },
  {
    "ID Number": "15002420"
  },
  {
    "ID Number": "2903024"
  },
  {
    "ID Number": "15012662"
  },
  {
    "ID Number": "15000532"
  },
  {
    "ID Number": "15018296"
  },
  {
    "ID Number": "15011810"
  },
  {
    "ID Number": "15014835"
  },
  {
    "ID Number": "15015130"
  },
  {
    "ID Number": "15002748"
  },
  {
    "ID Number": "15019217"
  },
  {
    "ID Number": "15011925"
  },
  {
    "ID Number": "15005178"
  },
  {
    "ID Number": "15003663"
  },
  {
    "ID Number": "15014959"
  },
  {
    "ID Number": "15001644"
  },
  {
    "ID Number": "15006174"
  },
  {
    "ID Number": "15015149"
  },
  {
    "ID Number": "15013812"
  },
  {
    "ID Number": "15001229"
  },
  {
    "ID Number": "15001989"
  },
  {
    "ID Number": "15019276"
  },
  {
    "ID Number": "15013758"
  },
  {
    "ID Number": "15005607"
  },
  {
    "ID Number": "15000389"
  },
  {
    "ID Number": "15020070"
  },
  {
    "ID Number": "15003531"
  },
  {
    "ID Number": "15009122"
  },
  {
    "ID Number": "15009025"
  },
  {
    "ID Number": "15013847"
  },
  {
    "ID Number": "15001881"
  },
  {
    "ID Number": "15018652"
  },
  {
    "ID Number": "15004570"
  },
  {
    "ID Number": "15016471"
  },
  {
    "ID Number": "15003043"
  },
  {
    "ID Number": "15019667"
  },
  {
    "ID Number": "15002250"
  },
  {
    "ID Number": "15019675"
  },
  {
    "ID Number": "15012859"
  },
  {
    "ID Number": "15009947"
  },
  {
    "ID Number": "15008568"
  },
  {
    "ID Number": "15011933"
  },
  {
    "ID Number": "15017079"
  },
  {
    "ID Number": "15000443"
  },
  {
    "ID Number": "15013413"
  },
  {
    "ID Number": "15018024"
  },
  {
    "ID Number": "15019853"
  },
  {
    "ID Number": "15005577"
  },
  {
    "ID Number": "15018911"
  },
  {
    "ID Number": "15018920"
  },
  {
    "ID Number": "15015165"
  },
  {
    "ID Number": "15008495"
  },
  {
    "ID Number": "15001148"
  },
  {
    "ID Number": "15003990"
  },
  {
    "ID Number": "15019349"
  },
  {
    "ID Number": "15012808"
  },
  {
    "ID Number": "15005097"
  },
  {
    "ID Number": "15009238"
  },
  {
    "ID Number": "15008061"
  },
  {
    "ID Number": "15007944"
  },
  {
    "ID Number": "15007952"
  },
  {
    "ID Number": "15017966"
  },
  {
    "ID Number": "15005003"
  },
  {
    "ID Number": "15016161"
  },
  {
    "ID Number": "15012352"
  },
  {
    "ID Number": "15019870"
  },
  {
    "ID Number": "15012948"
  },
  {
    "ID Number": "15008436"
  },
  {
    "ID Number": "15008240"
  },
  {
    "ID Number": "15000540"
  },
  {
    "ID Number": "15001520"
  },
  {
    "ID Number": "15001350"
  },
  {
    "ID Number": "15008339"
  },
  {
    "ID Number": "15002640"
  },
  {
    "ID Number": "15000591"
  },
  {
    "ID Number": "15016072"
  },
  {
    "ID Number": "15000346"
  },
  {
    "ID Number": "15017621"
  },
  {
    "ID Number": "15011950"
  },
  {
    "ID Number": "15014797"
  },
  {
    "ID Number": "15017982"
  },
  {
    "ID Number": "15014541"
  },
  {
    "ID Number": "15010740"
  },
  {
    "ID Number": "15008088"
  },
  {
    "ID Number": "15015890"
  },
  {
    "ID Number": "15018474"
  },
  {
    "ID Number": "15010767"
  },
  {
    "ID Number": "15018946"
  },
  {
    "ID Number": "15002934"
  },
  {
    "ID Number": "15016188"
  },
  {
    "ID Number": "15012549"
  },
  {
    "ID Number": "15009246"
  },
  {
    "ID Number": "15021050"
  },
  {
    "ID Number": "15019357"
  },
  {
    "ID Number": "15010996"
  },
  {
    "ID Number": "15016196"
  },
  {
    "ID Number": "15005941"
  },
  {
    "ID Number": "15009254"
  },
  {
    "ID Number": "15002659"
  },
  {
    "ID Number": "15003647"
  },
  {
    "ID Number": "15009742"
  },
  {
    "ID Number": "15019748"
  },
  {
    "ID Number": "15009262"
  },
  {
    "ID Number": "2934310"
  },
  {
    "ID Number": "15015939"
  },
  {
    "ID Number": "15019942"
  },
  {
    "ID Number": "2949938"
  },
  {
    "ID Number": "15016668"
  },
  {
    "ID Number": "15015882"
  },
  {
    "ID Number": "15014770"
  },
  {
    "ID Number": "15021041"
  },
  {
    "ID Number": "15015211"
  },
  {
    "ID Number": "15004805"
  },
  {
    "ID Number": "15015866"
  },
  {
    "ID Number": "15020339"
  },
  {
    "ID Number": "15002942"
  },
  {
    "ID Number": "15005615"
  },
  {
    "ID Number": "15000214"
  },
  {
    "ID Number": "15011267"
  },
  {
    "ID Number": "15010791"
  },
  {
    "ID Number": "15014614"
  },
  {
    "ID Number": "15012891"
  },
  {
    "ID Number": "15017893"
  },
  {
    "ID Number": "15012930"
  },
  {
    "ID Number": "937320"
  },
  {
    "ID Number": "15014649"
  },
  {
    "ID Number": "15005135"
  },
  {
    "ID Number": "15007383"
  },
  {
    "ID Number": "15009440"
  },
  {
    "ID Number": "15010457"
  },
  {
    "ID Number": "15011968"
  },
  {
    "ID Number": "15000931"
  },
  {
    "ID Number": "15002101"
  },
  {
    "ID Number": "15004007"
  },
  {
    "ID Number": "15011208"
  },
  {
    "ID Number": "15021084"
  },
  {
    "ID Number": "15012905"
  },
  {
    "ID Number": "15008223"
  },
  {
    "ID Number": "15008096"
  },
  {
    "ID Number": "15005585"
  },
  {
    "ID Number": "15001865"
  },
  {
    "ID Number": "15010880"
  },
  {
    "ID Number": "15011984"
  },
  {
    "ID Number": "15013073"
  },
  {
    "ID Number": "15010570"
  },
  {
    "ID Number": "15004481"
  },
  {
    "ID Number": "15011666"
  },
  {
    "ID Number": "15015912"
  },
  {
    "ID Number": "15004473"
  },
  {
    "ID Number": "15003671"
  },
  {
    "ID Number": "15018148"
  },
  {
    "ID Number": "15009530"
  },
  {
    "ID Number": "15013367"
  },
  {
    "ID Number": "15013197"
  },
  {
    "ID Number": "15009068"
  },
  {
    "ID Number": "15002438"
  },
  {
    "ID Number": "15007472"
  },
  {
    "ID Number": "15016358"
  },
  {
    "ID Number": "15000737"
  },
  {
    "ID Number": "15009548"
  },
  {
    "ID Number": "15014924"
  },
  {
    "ID Number": "15019683"
  },
  {
    "ID Number": "15018555"
  },
  {
    "ID Number": "15018202"
  },
  {
    "ID Number": "15006409"
  },
  {
    "ID Number": "15008266"
  },
  {
    "ID Number": "15017940"
  },
  {
    "ID Number": "15006344"
  },
  {
    "ID Number": "15008274"
  },
  {
    "ID Number": "15003680"
  },
  {
    "ID Number": "15019071"
  },
  {
    "ID Number": "15018830"
  },
  {
    "ID Number": "15014231"
  },
  {
    "ID Number": "15000052"
  },
  {
    "ID Number": "15012557"
  },
  {
    "ID Number": "15008452"
  },
  {
    "ID Number": "15014290"
  },
  {
    "ID Number": "15012964"
  },
  {
    "ID Number": "15006948"
  },
  {
    "ID Number": "15005194"
  },
  {
    "ID Number": "15021017"
  },
  {
    "ID Number": "15015793"
  },
  {
    "ID Number": "15005100"
  },
  {
    "ID Number": "15018580"
  },
  {
    "ID Number": "15011380"
  },
  {
    "ID Number": "15019837"
  },
  {
    "ID Number": "15011992"
  },
  {
    "ID Number": "15007251"
  },
  {
    "ID Number": "15012000"
  },
  {
    "ID Number": "15003574"
  },
  {
    "ID Number": "15002950"
  },
  {
    "ID Number": "15002969"
  },
  {
    "ID Number": "15010139"
  },
  {
    "ID Number": "15012620"
  },
  {
    "ID Number": "15011372"
  },
  {
    "ID Number": "15013308"
  },
  {
    "ID Number": "15008401"
  },
  {
    "ID Number": "15003698"
  },
  {
    "ID Number": "15000265"
  },
  {
    "ID Number": "15017710"
  },
  {
    "ID Number": "15001270"
  },
  {
    "ID Number": "15001369"
  },
  {
    "ID Number": "15013227"
  },
  {
    "ID Number": "15005356"
  },
  {
    "ID Number": "15004325"
  },
  {
    "ID Number": "15013235"
  },
  {
    "ID Number": "15020037"
  },
  {
    "ID Number": "15014746"
  },
  {
    "ID Number": "15004643"
  },
  {
    "ID Number": "15009157"
  },
  {
    "ID Number": "15019659"
  },
  {
    "ID Number": "15017753"
  },
  {
    "ID Number": "15013200"
  },
  {
    "ID Number": "15004090"
  },
  {
    "ID Number": "15013359"
  },
  {
    "ID Number": "15018628"
  },
  {
    "ID Number": "15016544"
  },
  {
    "ID Number": "15010945"
  },
  {
    "ID Number": "15000060"
  },
  {
    "ID Number": "15000630"
  },
  {
    "ID Number": "15006689"
  },
  {
    "ID Number": "15013456"
  },
  {
    "ID Number": "15002373"
  },
  {
    "ID Number": "15019985"
  },
  {
    "ID Number": "15003620"
  },
  {
    "ID Number": "15012883"
  },
  {
    "ID Number": "15016927"
  },
  {
    "ID Number": "15004104"
  },
  {
    "ID Number": "15004821"
  },
  {
    "ID Number": "15018890"
  },
  {
    "ID Number": "15004660"
  },
  {
    "ID Number": "15016455"
  },
  {
    "ID Number": "15004430"
  },
  {
    "ID Number": "15000664"
  },
  {
    "ID Number": "15005011"
  },
  {
    "ID Number": "15000958"
  },
  {
    "ID Number": "15016366"
  },
  {
    "ID Number": "15008100"
  },
  {
    "ID Number": "15009769"
  },
  {
    "ID Number": "15004899"
  },
  {
    "ID Number": "15001237"
  },
  {
    "ID Number": "15014738"
  },
  {
    "ID Number": "15014045"
  },
  {
    "ID Number": "15016463"
  },
  {
    "ID Number": "937380"
  },
  {
    "ID Number": "15000915"
  },
  {
    "ID Number": "15016420"
  },
  {
    "ID Number": "15007030"
  },
  {
    "ID Number": "15018687"
  },
  {
    "ID Number": "15002543"
  },
  {
    "ID Number": "15000010"
  },
  {
    "ID Number": "352144580"
  },
  {
    "ID Number": "15007375"
  },
  {
    "ID Number": "15019098"
  },
  {
    "ID Number": "15001695"
  },
  {
    "ID Number": "15010511"
  },
  {
    "ID Number": "15020657"
  },
  {
    "ID Number": "15018180"
  },
  {
    "ID Number": "15012476"
  },
  {
    "ID Number": "15004651"
  },
  {
    "ID Number": "15006328"
  },
  {
    "ID Number": "15007081"
  },
  {
    "ID Number": "15018059"
  },
  {
    "ID Number": "15000770"
  },
  {
    "ID Number": "15007073"
  },
  {
    "ID Number": "15004880"
  },
  {
    "ID Number": "15008932"
  },
  {
    "ID Number": "15008215"
  },
  {
    "ID Number": "15011364"
  },
  {
    "ID Number": "15010066"
  },
  {
    "ID Number": "15014347"
  },
  {
    "ID Number": "15005348"
  },
  {
    "ID Number": "15010830"
  },
  {
    "ID Number": "15012018"
  },
  {
    "ID Number": "15019780"
  },
  {
    "ID Number": "15007006"
  },
  {
    "ID Number": "15007014"
  },
  {
    "ID Number": "15005275"
  },
  {
    "ID Number": "15013006"
  },
  {
    "ID Number": "15012565"
  },
  {
    "ID Number": "15012573"
  },
  {
    "ID Number": "15015920"
  },
  {
    "ID Number": "15019616"
  },
  {
    "ID Number": "15019608"
  },
  {
    "ID Number": "15021130"
  },
  {
    "ID Number": "15003370"
  },
  {
    "ID Number": "15004490"
  },
  {
    "ID Number": "15013987"
  },
  {
    "ID Number": "15003590"
  },
  {
    "ID Number": "15014282"
  },
  {
    "ID Number": "15018075"
  },
  {
    "ID Number": "15019411"
  },
  {
    "ID Number": "15012034"
  },
  {
    "ID Number": "15019420"
  },
  {
    "ID Number": "15018172"
  },
  {
    "ID Number": "15013839"
  },
  {
    "ID Number": "15002233"
  },
  {
    "ID Number": "15012743"
  },
  {
    "ID Number": "15012794"
  },
  {
    "ID Number": "15002063"
  },
  {
    "ID Number": "15008428"
  },
  {
    "ID Number": "15006115"
  },
  {
    "ID Number": "15006123"
  },
  {
    "ID Number": "15013219"
  },
  {
    "ID Number": "15000982"
  },
  {
    "ID Number": "15012387"
  },
  {
    "ID Number": "15004201"
  },
  {
    "ID Number": "15014312"
  },
  {
    "ID Number": "15010562"
  },
  {
    "ID Number": "15001261"
  },
  {
    "ID Number": "15005119"
  },
  {
    "ID Number": "15014177"
  },
  {
    "ID Number": "15011410"
  },
  {
    "ID Number": "15018245"
  },
  {
    "ID Number": "15000583"
  },
  {
    "ID Number": "15007065"
  },
  {
    "ID Number": "15019713"
  },
  {
    "ID Number": "15008347"
  },
  {
    "ID Number": "15004503"
  },
  {
    "ID Number": "15003051"
  },
  {
    "ID Number": "15003892"
  },
  {
    "ID Number": "15020843"
  },
  {
    "ID Number": "15004511"
  },
  {
    "ID Number": "15018792"
  },
  {
    "ID Number": "15008487"
  },
  {
    "ID Number": "15009840"
  },
  {
    "ID Number": "15001245"
  },
  {
    "ID Number": "15005682"
  },
  {
    "ID Number": "15014681"
  },
  {
    "ID Number": "15016587"
  },
  {
    "ID Number": "15000508"
  },
  {
    "ID Number": "15012603"
  },
  {
    "ID Number": "15003205"
  },
  {
    "ID Number": "15012310"
  },
  {
    "ID Number": "15012441"
  },
  {
    "ID Number": "15008231"
  },
  {
    "ID Number": "15016790"
  },
  {
    "ID Number": "15016552"
  },
  {
    "ID Number": "15021149"
  },
  {
    "ID Number": "15002861"
  },
  {
    "ID Number": "15016919"
  },
  {
    "ID Number": "15007294"
  },
  {
    "ID Number": "15000354"
  },
  {
    "ID Number": "15000290"
  },
  {
    "ID Number": "15000150"
  },
  {
    "ID Number": "15016684"
  },
  {
    "ID Number": "15020126"
  },
  {
    "ID Number": "15012042"
  },
  {
    "ID Number": "15003736"
  },
  {
    "ID Number": "15017338"
  },
  {
    "ID Number": "15016307"
  },
  {
    "ID Number": "15005569"
  },
  {
    "ID Number": "15006964"
  },
  {
    "ID Number": "15012816"
  },
  {
    "ID Number": "15002330"
  },
  {
    "ID Number": "15015785"
  },
  {
    "ID Number": "15010937"
  },
  {
    "ID Number": "15003221"
  },
  {
    "ID Number": "15010872"
  },
  {
    "ID Number": "15016889"
  },
  {
    "ID Number": "15013111"
  },
  {
    "ID Number": "15013650"
  },
  {
    "ID Number": "15017117"
  },
  {
    "ID Number": "15006301"
  },
  {
    "ID Number": "15021025"
  },
  {
    "ID Number": "15012050"
  },
  {
    "ID Number": "15007847"
  },
  {
    "ID Number": "15007855"
  },
  {
    "ID Number": "15014266"
  },
  {
    "ID Number": "15008622"
  },
  {
    "ID Number": "15001652"
  },
  {
    "ID Number": "15020380"
  },
  {
    "ID Number": "15010368"
  },
  {
    "ID Number": "15005283"
  },
  {
    "ID Number": "15012069"
  },
  {
    "ID Number": "15011399"
  },
  {
    "ID Number": "15010406"
  },
  {
    "ID Number": "15000605"
  },
  {
    "ID Number": "15005380"
  },
  {
    "ID Number": "15020622"
  },
  {
    "ID Number": "15011011"
  },
  {
    "ID Number": "15006450"
  },
  {
    "ID Number": "15000044"
  },
  {
    "ID Number": "15015998"
  },
  {
    "ID Number": "15021157"
  },
  {
    "ID Number": "15002764"
  },
  {
    "ID Number": "15010783"
  },
  {
    "ID Number": "15021165"
  },
  {
    "ID Number": "15000133"
  },
  {
    "ID Number": "15009572"
  },
  {
    "ID Number": "15005933"
  },
  {
    "ID Number": "15014584"
  },
  {
    "ID Number": "15011682"
  },
  {
    "ID Number": "15007197"
  },
  {
    "ID Number": "15019640"
  },
  {
    "ID Number": "15005399"
  },
  {
    "ID Number": "15007456"
  },
  {
    "ID Number": "15003060"
  },
  {
    "ID Number": "15006093"
  },
  {
    "ID Number": "15002314"
  },
  {
    "ID Number": "15009467"
  },
  {
    "ID Number": "15012077"
  },
  {
    "ID Number": "15005461"
  },
  {
    "ID Number": "15015629"
  },
  {
    "ID Number": "15001482"
  },
  {
    "ID Number": "15008509"
  },
  {
    "ID Number": "15008843"
  },
  {
    "ID Number": "15000419"
  },
  {
    "ID Number": "15003744"
  },
  {
    "ID Number": "15018270"
  },
  {
    "ID Number": "15006352"
  },
  {
    "ID Number": "15005496"
  },
  {
    "ID Number": "15009874"
  },
  {
    "ID Number": "15010627"
  },
  {
    "ID Number": "15009270"
  },
  {
    "ID Number": "15018938"
  },
  {
    "ID Number": "15002187"
  },
  {
    "ID Number": "15008410"
  },
  {
    "ID Number": "15002225"
  },
  {
    "ID Number": "15015033"
  },
  {
    "ID Number": "15016951"
  },
  {
    "ID Number": "15021173"
  },
  {
    "ID Number": "15006271"
  },
  {
    "ID Number": "15010031"
  },
  {
    "ID Number": "15009114"
  },
  {
    "ID Number": "15016447"
  },
  {
    "ID Number": "15020096"
  },
  {
    "ID Number": "15009998"
  },
  {
    "ID Number": "15017273"
  },
  {
    "ID Number": "15016706"
  },
  {
    "ID Number": "15005054"
  },
  {
    "ID Number": "15003540"
  },
  {
    "ID Number": "15012972"
  },
  {
    "ID Number": "15001660"
  },
  {
    "ID Number": "15003302"
  },
  {
    "ID Number": "15003396"
  },
  {
    "ID Number": "15008290"
  },
  {
    "ID Number": "15017818"
  },
  {
    "ID Number": "15004422"
  },
  {
    "ID Number": "15004228"
  },
  {
    "ID Number": "15005690"
  },
  {
    "ID Number": "15010392"
  },
  {
    "ID Number": "15006751"
  },
  {
    "ID Number": "15017028"
  },
  {
    "ID Number": "15015394"
  },
  {
    "ID Number": "15000273"
  },
  {
    "ID Number": "15006280"
  },
  {
    "ID Number": "15001440"
  },
  {
    "ID Number": "15001717"
  },
  {
    "ID Number": "15004392"
  },
  {
    "ID Number": "15003078"
  },
  {
    "ID Number": "15002551"
  },
  {
    "ID Number": "15002403"
  },
  {
    "ID Number": "15009645"
  },
  {
    "ID Number": "15000249"
  },
  {
    "ID Number": "15012107"
  },
  {
    "ID Number": "15019101"
  },
  {
    "ID Number": "15007839"
  },
  {
    "ID Number": "15019187"
  },
  {
    "ID Number": "15010988"
  },
  {
    "ID Number": "15005046"
  },
  {
    "ID Number": "15017826"
  },
  {
    "ID Number": "15018806"
  },
  {
    "ID Number": "15002381"
  },
  {
    "ID Number": "15012298"
  },
  {
    "ID Number": "15008533"
  },
  {
    "ID Number": "15009939"
  },
  {
    "ID Number": "15013723"
  },
  {
    "ID Number": "15001075"
  },
  {
    "ID Number": "15007871"
  },
  {
    "ID Number": "15010007"
  },
  {
    "ID Number": "15019225"
  },
  {
    "ID Number": "15010198"
  },
  {
    "ID Number": "15007154"
  },
  {
    "ID Number": "15005062"
  },
  {
    "ID Number": "15008380"
  },
  {
    "ID Number": "15016269"
  },
  {
    "ID Number": "15004600"
  },
  {
    "ID Number": "15021190"
  },
  {
    "ID Number": "15001750"
  },
  {
    "ID Number": "15007774"
  },
  {
    "ID Number": "15012131"
  },
  {
    "ID Number": "15010210"
  },
  {
    "ID Number": "15008118"
  },
  {
    "ID Number": "15009688"
  },
  {
    "ID Number": "15013685"
  },
  {
    "ID Number": "15020614"
  },
  {
    "ID Number": "15009289"
  },
  {
    "ID Number": "15002870"
  },
  {
    "ID Number": "15010970"
  },
  {
    "ID Number": "15010910"
  },
  {
    "ID Number": "15010929"
  },
  {
    "ID Number": "15018873"
  },
  {
    "ID Number": "15003752"
  },
  {
    "ID Number": "15013340"
  },
  {
    "ID Number": "15005267"
  },
  {
    "ID Number": "15014894"
  },
  {
    "ID Number": "15003760"
  },
  {
    "ID Number": "15020860"
  },
  {
    "ID Number": "15004180"
  },
  {
    "ID Number": "15008371"
  },
  {
    "ID Number": "15006018"
  },
  {
    "ID Number": "4148843"
  },
  {
    "ID Number": "15011291"
  },
  {
    "ID Number": "15019918"
  },
  {
    "ID Number": "15001997"
  },
  {
    "ID Number": "15017770"
  },
  {
    "ID Number": "15004848"
  },
  {
    "ID Number": "15005836"
  },
  {
    "ID Number": "15013995"
  },
  {
    "ID Number": "15014665"
  },
  {
    "ID Number": "15005372"
  },
  {
    "ID Number": "15005704"
  },
  {
    "ID Number": "15009726"
  },
  {
    "ID Number": "15010058"
  },
  {
    "ID Number": "15007529"
  },
  {
    "ID Number": "15009297"
  },
  {
    "ID Number": "15005020"
  },
  {
    "ID Number": "15008207"
  },
  {
    "ID Number": "15008754"
  },
  {
    "ID Number": "15005410"
  },
  {
    "ID Number": "15007782"
  },
  {
    "ID Number": "15008827"
  },
  {
    "ID Number": "15016137"
  },
  {
    "ID Number": "15020304"
  },
  {
    "ID Number": "15007979"
  },
  {
    "ID Number": "15001490"
  },
  {
    "ID Number": "15008924"
  },
  {
    "ID Number": "15008983"
  },
  {
    "ID Number": "15013561"
  },
  {
    "ID Number": "15007987"
  },
  {
    "ID Number": "15005038"
  },
  {
    "ID Number": "15009319"
  },
  {
    "ID Number": "15007995"
  },
  {
    "ID Number": "15019721"
  },
  {
    "ID Number": "15005550"
  },
  {
    "ID Number": "15007219"
  },
  {
    "ID Number": "15001830"
  },
  {
    "ID Number": "15014452"
  },
  {
    "ID Number": "15016285"
  },
  {
    "ID Number": "15008010"
  },
  {
    "ID Number": "15011038"
  },
  {
    "ID Number": "15021033"
  },
  {
    "ID Number": "15002888"
  },
  {
    "ID Number": "15020630"
  },
  {
    "ID Number": "15012174"
  },
  {
    "ID Number": "15007324"
  },
  {
    "ID Number": "15016749"
  },
  {
    "ID Number": "15009670"
  },
  {
    "ID Number": "15017761"
  },
  {
    "ID Number": "15009955"
  },
  {
    "ID Number": "15008789"
  },
  {
    "ID Number": "15000923"
  },
  {
    "ID Number": "15001792"
  },
  {
    "ID Number": "15000788"
  },
  {
    "ID Number": "15009394"
  },
  {
    "ID Number": "15015947"
  },
  {
    "ID Number": "15017052"
  },
  {
    "ID Number": "15000028"
  },
  {
    "ID Number": "15008355"
  },
  {
    "ID Number": "15005674"
  },
  {
    "ID Number": "15013286"
  },
  {
    "ID Number": "15018105"
  },
  {
    "ID Number": "15014975"
  },
  {
    "ID Number": "15007243"
  },
  {
    "ID Number": "15010074"
  },
  {
    "ID Number": "15003485"
  },
  {
    "ID Number": "15015513"
  },
  {
    "ID Number": "15009661"
  },
  {
    "ID Number": "15004856"
  },
  {
    "ID Number": "15000478"
  },
  {
    "ID Number": "15010147"
  },
  {
    "ID Number": "15003787"
  },
  {
    "ID Number": "15007790"
  },
  {
    "ID Number": "15007430"
  },
  {
    "ID Number": "15010384"
  },
  {
    "ID Number": "15020061"
  },
  {
    "ID Number": "15008282"
  },
  {
    "ID Number": "15014126"
  },
  {
    "ID Number": "15013278"
  },
  {
    "ID Number": "15000303"
  },
  {
    "ID Number": "15015831"
  },
  {
    "ID Number": "15018091"
  },
  {
    "ID Number": "15013472"
  },
  {
    "ID Number": "15013162"
  },
  {
    "ID Number": "15004864"
  },
  {
    "ID Number": "15009823"
  },
  {
    "ID Number": "15018563"
  },
  {
    "ID Number": "15008444"
  },
  {
    "ID Number": "15009327"
  },
  {
    "ID Number": "15000257"
  },
  {
    "ID Number": "15005640"
  },
  {
    "ID Number": "15009386"
  },
  {
    "ID Number": "15014274"
  },
  {
    "ID Number": "15021211"
  },
  {
    "ID Number": "15016897"
  },
  {
    "ID Number": "15000320"
  },
  {
    "ID Number": "15014762"
  },
  {
    "ID Number": "15004635"
  },
  {
    "ID Number": "15014932"
  },
  {
    "ID Number": "15005240"
  },
  {
    "ID Number": "15015955"
  },
  {
    "ID Number": "15008320"
  },
  {
    "ID Number": "15008460"
  },
  {
    "ID Number": "15007634"
  },
  {
    "ID Number": "15002209"
  },
  {
    "ID Number": "15015858"
  },
  {
    "ID Number": "15017958"
  },
  {
    "ID Number": "15020851"
  },
  {
    "ID Number": "15019209"
  },
  {
    "ID Number": "15021220"
  },
  {
    "ID Number": "15000699"
  },
  {
    "ID Number": "15004252"
  },
  {
    "ID Number": "15012190"
  },
  {
    "ID Number": "15012204"
  },
  {
    "ID Number": "15011437"
  },
  {
    "ID Number": "15000796"
  },
  {
    "ID Number": "15004937"
  },
  {
    "ID Number": "15005755"
  },
  {
    "ID Number": "15002675"
  },
  {
    "ID Number": "15005445"
  },
  {
    "ID Number": "15002900"
  },
  {
    "ID Number": "15014789"
  },
  {
    "ID Number": "15000192"
  },
  {
    "ID Number": "15010244"
  },
  {
    "ID Number": "15011631"
  },
  {
    "ID Number": "15001067"
  },
  {
    "ID Number": "15011607"
  },
  {
    "ID Number": "15007286"
  },
  {
    "ID Number": "15017907"
  },
  {
    "ID Number": "15004260"
  },
  {
    "ID Number": "15012212"
  },
  {
    "ID Number": "15017672"
  },
  {
    "ID Number": "15002594"
  },
  {
    "ID Number": "15012239"
  },
  {
    "ID Number": "15013979"
  },
  {
    "ID Number": "15004538"
  },
  {
    "ID Number": "15004716"
  },
  {
    "ID Number": "15008304"
  },
  {
    "ID Number": "15000761"
  },
  {
    "ID Number": "15008673"
  },
  {
    "ID Number": "15013014"
  },
  {
    "ID Number": "15002241"
  },
  {
    "ID Number": "15007278"
  },
  {
    "ID Number": "15008916"
  },
  {
    "ID Number": "15021068"
  },
  {
    "ID Number": "15004139"
  },
  {
    "ID Number": "15017729"
  },
  {
    "ID Number": "15003922"
  },
  {
    "ID Number": "15007138"
  },
  {
    "ID Number": "15001105"
  },
  {
    "ID Number": "15001679"
  },
  {
    "ID Number": "15018857"
  },
  {
    "ID Number": "15004333"
  },
  {
    "ID Number": "15016943"
  },
  {
    "ID Number": "15001113"
  },
  {
    "ID Number": "15016900"
  },
  {
    "ID Number": "15012980"
  },
  {
    "ID Number": "15013154"
  },
  {
    "ID Number": "15020274"
  },
  {
    "ID Number": "15016528"
  },
  {
    "ID Number": "15014720"
  },
  {
    "ID Number": "15016315"
  },
  {
    "ID Number": "15018954"
  },
  {
    "ID Number": "15019241"
  },
  {
    "ID Number": "15009653"
  },
  {
    "ID Number": "15003795"
  },
  {
    "ID Number": "15016560"
  },
  {
    "ID Number": "15019195"
  },
  {
    "ID Number": "15000800"
  },
  {
    "ID Number": "15017010"
  },
  {
    "ID Number": "15013251"
  },
  {
    "ID Number": "15015823"
  },
  {
    "ID Number": "15011356"
  },
  {
    "ID Number": "15001385"
  },
  {
    "ID Number": "15019373"
  },
  {
    "ID Number": "15003809"
  },
  {
    "ID Number": "15020088"
  },
  {
    "ID Number": "15012840"
  },
  {
    "ID Number": "15002144"
  },
  {
    "ID Number": "15000710"
  },
  {
    "ID Number": "15018210"
  },
  {
    "ID Number": "15003930"
  },
  {
    "ID Number": "15012867"
  },
  {
    "ID Number": "15006867"
  },
  {
    "ID Number": "15005488"
  },
  {
    "ID Number": "15019322"
  },
  {
    "ID Number": "15016986"
  },
  {
    "ID Number": "15013391"
  },
  {
    "ID Number": "15008746"
  },
  {
    "ID Number": "15003566"
  },
  {
    "ID Number": "15014886"
  },
  {
    "ID Number": "15001210"
  },
  {
    "ID Number": "15001954"
  },
  {
    "ID Number": "15006875"
  },
  {
    "ID Number": "15001504"
  },
  {
    "ID Number": "15000575"
  },
  {
    "ID Number": "15005070"
  },
  {
    "ID Number": "15011240"
  },
  {
    "ID Number": "15012247"
  },
  {
    "ID Number": "15001822"
  },
  {
    "ID Number": "15010864"
  },
  {
    "ID Number": "15015483"
  },
  {
    "ID Number": "15014622"
  },
  {
    "ID Number": "15000567"
  },
  {
    "ID Number": "15015688"
  },
  {
    "ID Number": "15004341"
  },
  {
    "ID Number": "15003949"
  },
  {
    "ID Number": "15009335"
  },
  {
    "ID Number": "15000451"
  },
  {
    "ID Number": "15009971"
  },
  {
    "ID Number": "15016129"
  },
  {
    "ID Number": "15009149"
  },
  {
    "ID Number": "15013103"
  },
  {
    "ID Number": "15003507"
  },
  {
    "ID Number": "15013332"
  },
  {
    "ID Number": "15006425"
  },
  {
    "ID Number": "15019829"
  },
  {
    "ID Number": "15006190"
  },
  {
    "ID Number": "15013294"
  },
  {
    "ID Number": "15003086"
  },
  {
    "ID Number": "15005437"
  },
  {
    "ID Number": "15002020"
  },
  {
    "ID Number": "15010228"
  },
  {
    "ID Number": "15002217"
  },
  {
    "ID Number": "15001008"
  },
  {
    "ID Number": "15010422"
  },
  {
    "ID Number": "15006441"
  },
  {
    "ID Number": "15014495"
  },
  {
    "ID Number": "15005658"
  },
  {
    "ID Number": "15008908"
  },
  {
    "ID Number": "15005453"
  },
  {
    "ID Number": "15003604"
  },
  {
    "ID Number": "15006263"
  },
  {
    "ID Number": "15008177"
  },
  {
    "ID Number": "15005992"
  },
  {
    "ID Number": "15006905"
  },
  {
    "ID Number": "15013480"
  },
  {
    "ID Number": "15004546"
  },
  {
    "ID Number": "15003000"
  },
  {
    "ID Number": "15005623"
  },
  {
    "ID Number": "15004694"
  },
  {
    "ID Number": "15003035"
  },
  {
    "ID Number": "15009343"
  },
  {
    "ID Number": "15016579"
  },
  {
    "ID Number": "15015807"
  },
  {
    "ID Number": "15001040"
  },
  {
    "ID Number": "15003582"
  },
  {
    "ID Number": "15014223"
  },
  {
    "ID Number": "15012824"
  },
  {
    "ID Number": "15006255"
  },
  {
    "ID Number": "15013537"
  },
  {
    "ID Number": "15020169"
  },
  {
    "ID Number": "15010619"
  },
  {
    "ID Number": "15014320"
  },
  {
    "ID Number": "15011070"
  },
  {
    "ID Number": "15014983"
  },
  {
    "ID Number": "15001512"
  },
  {
    "ID Number": "15013960"
  },
  {
    "ID Number": "15012581"
  },
  {
    "ID Number": "15009351"
  },
  {
    "ID Number": "15008126"
  },
  {
    "ID Number": "15014940"
  },
  {
    "ID Number": "15004724"
  },
  {
    "ID Number": "15011321"
  },
  {
    "ID Number": "15001709"
  },
  {
    "ID Number": "15020142"
  },
  {
    "ID Number": "15009360"
  },
  {
    "ID Number": "15002489"
  },
  {
    "ID Number": "15021238"
  },
  {
    "ID Number": "15020134"
  },
  {
    "ID Number": "15004279"
  },
  {
    "ID Number": "15013324"
  },
  {
    "ID Number": "15004562"
  },
  {
    "ID Number": "15006387"
  },
  {
    "ID Number": "15009858"
  },
  {
    "ID Number": "15009734"
  },
  {
    "ID Number": "15008029"
  },
  {
    "ID Number": "15007510"
  },
  {
    "ID Number": "15006379"
  },
  {
    "ID Number": "15006026"
  },
  {
    "ID Number": "15018865"
  },
  {
    "ID Number": "15008134"
  },
  {
    "ID Number": "15021076"
  },
  {
    "ID Number": "15004872"
  },
  {
    "ID Number": "15001318"
  },
  {
    "ID Number": "15007588"
  },
  {
    "ID Number": "15008479"
  },
  {
    "ID Number": "15018253"
  },
  {
    "ID Number": "15004295"
  },
  {
    "ID Number": "15002268"
  },
  {
    "ID Number": "15006468"
  },
  {
    "ID Number": "15019314"
  },
  {
    "ID Number": "15005402"
  },
  {
    "ID Number": "15005500"
  },
  {
    "ID Number": "15006484"
  },
  {
    "ID Number": "15016153"
  },
  {
    "ID Number": "15005127"
  },
  {
    "ID Number": "15008142"
  },
  {
    "ID Number": "15008150"
  },
  {
    "ID Number": "15011526"
  },
  {
    "ID Number": "15004961"
  }
]