ID Number,Name,Fed,Sex,Title,WTit,OTit,Rating,Gms,K,RatingMonth,B-day,Flag
25108867,Aaradhya Suyog Bagul,SGP,M,,,,AFM,1814,0,SEP25,2013,
25197037,Aarush Agrawal,SGP,M,,,,1862,0,40,SEP25,2008,
5834392,"Aayan, Gupta",SGP,M,,,,AFM,1706,0,SEP25,2008,i
5834422,"Abhigyan, Jha",SGP,M,,,,AFM,1572,0,SEP25,2014,
5837863,"Abrol, Praneel",SGP,M,,,,1545,0,40,SEP25,2011,
5820642,"Adharsh, Venkatakrishnan",SGP,M,,,,1685,0,20,SEP25,2006,
5840767,"Adhikesavan, Akhilesh",SGP,M,,,,1461,0,40,SEP25,2011,i
5834040,"Adith, Jeyasekharan",SGP,M,,,,1483,0,40,SEP25,2011,i
5820391,"Advait, Bagri",SGP,M,CM,,,1968,8,20,SEP25,2005,
5829224,"Advika, Vinai",SGP,F,,,,1557,0,40,SEP25,2012,w
5819075,"Agarwal, Madhav",SGP,M,,,,AIM,1718,6,SEP25,2006,
5818656,"Agarwal, Rahul",SGP,M,,,,1763,0,20,SEP25,2003,i
5862752,"Anandharaj, Thirumaran",SGP,M,,,,1473,0,20,SEP25,2005,
5813069,"Ang, Hao Yao",SGP,M,,,,1778,0,20,SEP25,1972,
5837650,"Ang, Jun Yi Gabriel",SGP,M,,,,1518,0,40,SEP25,2013,i
5868149,"Ang, Khai Raye Andre",SGP,M,,,,1460,0,40,SEP25,2012,
5806143,"Ang, Mei Choo Sara-Ann",SGP,F,,,,1666,0,20,SEP25,1996,wi
5804949,"Ang, Wei Jun",SGP,M,,,,1593,0,20,SEP25,1996,i
5822076,"Anya, Gupta",SGP,F,,,,ACM,1555,0,SEP25,2004,wi
5800900,"Aplin, Christer Jon",SGP,M,,,,2056,0,20,SEP25,1993,i
5804957,"Arani, Akash",SGP,M,,,,1869,0,20,SEP25,1996,i
33347484,Arjun Anand,SGP,M,,,,1581,0,40,SEP25,2013,
5835470,"Arsh, Singhal",SGP,M,,,,1427,6,40,SEP25,2015,
5857074,"Arul Thevar, Kethes",SGP,M,,,,1613,0,40,SEP25,2010,
5831423,"Ary, Youssef Leet",SGP,M,,,,1624,0,40,SEP25,2008,i
5817099,"Arya, Saranathan",SGP,M,,,,1571,0,20,SEP25,0,
5826276,"Aryan, Abraham George",SGP,M,,,,1612,0,20,SEP25,2003,i
33387230,Ashwath Kaushik,SGP,M,CM,,,2122,0,40,SEP25,2015,
5812666,"Ashwin, Hariharan",SGP,M,,,,1929,0,20,SEP25,2005,i
5846366,"Atapattu, Siyath",SGP,M,,,,AFM,1475,0,SEP25,2011,
5818052,"AuYeung, Chi Hang Lucas",SGP,M,,,,1566,0,20,SEP25,2006,i
5818044,"AuYeung, Chi Hung Jonathan",SGP,M,,,,1804,0,20,SEP25,2004,
5839980,"Avaan, Barack Reza Choudhary",SGP,M,,,,1553,0,40,SEP25,2008,
5822912,"Aw, Kai Le Andrew",SGP,M,,,,1892,0,20,SEP25,2005,
5825385,"Benedict, Silveries Mathias Samuel",SGP,M,,FA,,1491,0,20,SEP25,2004,
5824060,"Bhandari, Neel",SGP,M,,,,1589,0,20,SEP25,1974,i
129112509,"bhate, prajwal",SGP,M,,,,ACM,1414,0,SEP25,2011,
5841232,"Bin, Sultan Muhammad Farid",SGP,M,,,,1596,0,40,SEP25,2009,
6008623,"Bonnet, Gabriel Misa Jean",SGP,M,,,,1995,8,40,SEP25,2011,
5823331,"Borkar, Kush",SGP,M,,,,1427,4,20,SEP25,2005,
5854121,"Breva, Aiden",SGP,M,,,,1513,0,40,SEP25,2012,
5845157,"Burgess, Ammar Dawud",SGP,M,,,,1668,7,20,SEP25,2006,
5821770,"Burman, Ray Pritish",SGP,M,,,,AGM,1894,8,SEP25,2008,
5824982,"Cai, Mingzhe",SGP,M,,,,1628,0,20,SEP25,2006,
5834465,"Cao, Bangling",SGP,F,,,,1534,0,40,SEP25,2014,w
5809100,"Capoor, Ram",SGP,M,,,,AIM,1623,0,SEP25,2001,i
5845106,"Chai, Chon En Clement",SGP,M,,,,1660,0,40,SEP25,2009,i
5844070,"Chai, Ezra Yuan Qi",SGP,M,,,,1531,0,40,SEP25,2010,i
5840953,"Chai, Sea Yong",SGP,M,,,,1422,0,40,SEP25,2009,i
5817900,"Chan, Boon Siang Philip",SGP,M,,,,1789,0,20,SEP25,1955,i
5838185,"Chan, Daniel Yun Jie",SGP,M,,,,1640,0,40,SEP25,2009,
5823650,"Chan, Elkan",SGP,M,,,,1612,8,20,SEP25,2003,
5806542,"Chan, Jia Jie Alexander",SGP,M,,,,1803,0,20,SEP25,2003,i
5811430,"Chan, Jin Zhen",SGP,M,,,,1734,0,40,SEP25,2007,i
5833531,"Chan, Jing Fong Joash",SGP,M,,,,1811,0,40,SEP25,2011,
5874173,"Chan, Kaleb",SGP,M,,,,1479,0,20,SEP25,2006,
5800560,"Chan, Mark",SGP,M,FM,NI,,1962,0,20,SEP25,1978,
5838002,"Chan, Peng Jak",SGP,M,,NA,,1558,0,20,SEP25,2005,i
5800129,"Chan, Peng Kong",SGP,M,IM,,,2179,0,20,SEP25,1956,i
5829364,"Chan, Renjie Jonathan",SGP,M,,,,1606,0,20,SEP25,2004,
5838134,"Chan, Ruiheng Perez",SGP,M,,,,1727,8,20,SEP25,2003,
5805783,"Chan, Wei Jin Thomas",SGP,M,,,,1716,0,20,SEP25,2002,i
5805791,"Chan, Wei Shyan Timothy",SGP,M,,,,1725,0,20,SEP25,2006,i
5802032,"Chan, Wei Xuan Timothy",SGP,M,FM,,,2328,0,20,SEP25,1993,i
5801737,"Chan, Wei Yi Victoria",SGP,F,WFM,WFM,,1972,0,20,SEP25,1992,wi
5805805,"Chan, Wei Ze Tyler",SGP,M,,,,1683,0,20,SEP25,2004,i
5819091,"Chan, Wen Hui Ryan",SGP,M,,NA,,1549,0,20,SEP25,2006,
5800854,"Chan, Weng Chee",SGP,M,,,,2132,0,20,SEP25,1988,i
5830028,"Chan, Yao Hui Alden Nathanael",SGP,M,,,,AFM,1466,0,SEP25,2011,i
5833620,"Chan, Yi Yong Elliott",SGP,M,,,,1544,0,40,SEP25,2011,i
5805341,"Chan, Yung Kang Jerome",SGP,M,,,,1792,0,20,SEP25,2001,i
5849810,"Chang, Chia Yin",SGP,M,,,,1580,0,20,SEP25,2003,i
5828228,"Chang, Hao Yu",SGP,M,,,,1489,0,40,SEP25,2009,i
5828406,"Chang, Hong Yu Henrison",SGP,M,,,,1479,0,40,SEP25,2008,i
5800838,"Cheang Eu Howe, Gabriel",SGP,M,,,,1963,0,20,SEP25,1989,i
5874203,"Chee, Jin Xian Brandon",SGP,M,,,,1566,7,40,SEP25,2018,
5801648,"Chen, Kai Jun",SGP,M,,,,1829,0,20,SEP25,1994,
5812470,"Chen, Meng Boon Marcus",SGP,M,,,,1985,0,20,SEP25,2004,i
5826780,"Chen, Meng Ren Morgan",SGP,M,,,,ACM,1747,0,SEP25,2009,
5868254,"Chen, Runhan",SGP,M,,,,1445,0,40,SEP25,2010,
5832071,"Chen, Yifei",SGP,M,,,,1636,0,40,SEP25,2011,
5824559,"Chen, Yufei",SGP,F,,,,1485,0,40,SEP25,2010,wi
5828961,"Chen, Ziyi Claire",SGP,F,,,,1638,0,40,SEP25,2011,w
39933598,"Cheng, Aiden",SGP,M,,,,1607,0,40,SEP25,2012,
5825423,"Cheng, Chee Heng Jayden",SGP,M,,NA,,ACM,1719,0,SEP25,2009,
5831393,"Cheng, Jarrell",SGP,M,,,,1527,0,40,SEP25,2012,
5855047,"Cheng, Lin Yi Nathan",SGP,M,,,,1525,3,40,SEP25,2016,
5832462,"Cheo, Kai En Joshua",SGP,M,,,,1481,0,40,SEP25,2011,
5812380,"Cheok, Oliver",SGP,M,,,,1826,0,20,SEP25,1997,
5861462,"Cheong, Jia Le Jeryl",SGP,M,,,,1704,8,40,SEP25,2008,
5817820,"Cheong, Sue Lyn",SGP,F,,,,1760,0,20,SEP25,2004,wi
5828295,"Chern, Ze Hearn",SGP,M,,,,1570,0,40,SEP25,2009,i
5839335,"Cheuk, Jonathan Ming Him",SGP,M,,,,1499,0,40,SEP25,2009,i
5848261,"Cheung, Wang Hei Amos",SGP,M,,,,1413,0,40,SEP25,2007,
129104409,"Chew, Alexander Paul Ming",SGP,M,,,,1503,0,40,SEP25,2012,
5803276,"Chew, Cedric",SGP,M,,,,1633,0,20,SEP25,1969,
5802407,"Chew, Clement",SGP,M,,,,1504,0,20,SEP25,1970,
5812100,"Chew, Rayner",SGP,M,,,,1834,0,20,SEP25,2004,i
5856531,"Chia, Caleb",SGP,M,,,,ACM,1436,0,SEP25,2011,
5800463,"Chia, Cheng Yi Aloysius",SGP,M,,,,1884,0,20,SEP25,1997,i
5824664,"Chia, Min Zachary",SGP,M,,,,1415,0,40,SEP25,2009,i
5845351,"Chia, Tai Wen Lucas",SGP,M,,,,1684,0,40,SEP25,2010,
5830923,"Chia, Tiong Lue Jacob",SGP,M,,,,1403,0,40,SEP25,2009,i
5821304,"Chia, Yu Zhe Ashton",SGP,M,FM,,,2208,0,40,SEP25,2008,
5831350,"Chia, Zhi Kai Aaron",SGP,M,,,,1514,0,40,SEP25,2008,i
5837464,"Chiang, Cheng En Christopher",SGP,M,,,,1791,0,40,SEP25,2009,
5813166,"Chin, Chee Shun",SGP,M,,NA,,1517,0,20,SEP25,1973,
5817692,"Chin, Yuen Ling Erica",SGP,F,WCM,WCM,,1624,0,20,SEP25,2005,wi
5821657,"Choksi, Khushi",SGP,F,,,,1763,0,20,SEP25,2005,wi
5806798,"Chong, Dominic Augustine",SGP,M,,,,1703,0,20,SEP25,2001,i
5811651,"Chong, Magdalene Clarissa",SGP,F,,,,1769,0,20,SEP25,2003,wi
5837790,"Chong, Rui Ying Isabella",SGP,F,,,,AFM,1410,0,SEP25,2015,w
5836875,"Chong, Yan Ci",SGP,F,,,,1485,0,40,SEP25,2015,w
5833612,"Chong, Yong Qian",SGP,F,,,,1470,0,40,SEP25,2012,w
5877083,"Choo, Tien Ler Dylan",SGP,M,,,,1507,0,40,SEP25,2008,
5803292,"Choo, Tong Neo",SGP,M,,,,AIM,1823,0,SEP25,0,
5806410,"Choong, Liong-On Mark",SGP,M,CM,,,1966,0,20,SEP25,1947,i
5817994,"Chow, Kit Meng Jordan Max",SGP,M,,,,1895,0,20,SEP25,2000,i
5701724,"Chow, Mon Ben",SGP,M,,,,2119,0,20,SEP25,1983,i
5877610,"Chow, Valery",SGP,M,,,,AFM,1629,0,SEP25,1977,
6013180,"Chu, Wa Ching David",SGP,M,,,,1542,0,40,SEP25,2015,
5840465,"Chua, Cayenne Paige",SGP,F,,,,1436,0,40,SEP25,2013,w
5822890,"Chua, Hao Ren",SGP,M,,,,1622,0,20,SEP25,2004,i
5846129,"Chua, Hong Yu Samuel",SGP,M,,,,1510,0,40,SEP25,2013,
5834791,"Chua, Jia En Cherie",SGP,F,,,,1492,0,40,SEP25,2012,w
5806810,"Chua, Keven Yong Jun",SGP,M,,,,1786,0,20,SEP25,2002,i
5840651,"Chua, Matthew Wee Yang",SGP,M,,,,1684,0,20,SEP25,2006,i
5831237,"Chua, Peng-Qui Terrence",SGP,M,,,,1629,0,20,SEP25,1975,i
5827922,"Chua, Qi Ze Jayden",SGP,M,,,,ACM,1741,0,SEP25,2008,
5812143,"Chua, Ren Kai Edward",SGP,M,,,,1611,0,20,SEP25,2006,i
5832438,"Chua, Tee Khiam Isaac",SGP,M,,,,1449,0,40,SEP25,2009,i
5825164,"Chua, Tze Jay Azel",SGP,M,CM,,,2154,0,20,SEP25,2003,i
5823048,"Chua, Wee Chong",SGP,M,,,,1593,6,20,SEP25,2006,
5801311,"Chua, Xavier",SGP,M,,,,1768,0,20,SEP25,1952,i
5805856,"Chua, Xue Kai Alfred",SGP,M,,,,AIM,1843,0,SEP25,2003,i
5821193,"Chua, Yaw Teng Leonidas",SGP,M,,,,1495,0,40,SEP25,2008,i
5831245,"Chua, Yi Le Kenji",SGP,M,,,,1585,0,40,SEP25,2009,i
5808391,"Chua, Yong Da Irwin",SGP,M,,,,1722,0,20,SEP25,2004,i
5815169,"Chua, Zhi Xiang Elson",SGP,M,,,,1542,0,20,SEP25,2002,i
5820278,"Clements, Scott",SGP,M,,,,1729,0,20,SEP25,1979,i
5847290,"Co, Carlitos Sebastian Alzul",SGP,M,,,,1428,0,40,SEP25,2010,i
5819121,"Dai, Zhuoyang",SGP,M,,,,1708,14,20,SEP25,2006,
5834732,"Dang, Tan Khoi",SGP,M,,,,1561,0,40,SEP25,2013,i
5835542,"Daniel, Thomas John",SGP,M,,,,1683,0,40,SEP25,2013,
5820650,"Darion, Wiradjaja",SGP,M,,,,1561,0,20,SEP25,2005,i
5820707,"Darsh, Patharkar",SGP,M,,,,1538,0,20,SEP25,2002,
5829453,"Dhanesh, Venkata Narayanaswamy",SGP,M,,NA,,AFM,1748,0,SEP25,2007,
5821029,"Dhruv, Raj Chitrada",SGP,M,,,,1485,0,40,SEP25,2008,i
5838363,"Do, Hoang Anh Tu Anthony",SGP,M,,,,1485,0,40,SEP25,2014,i
5861551,"Dolya, Robert",SGP,M,,,,1500,0,40,SEP25,2009,
129105219,"Du, Jingtian Daris",SGP,M,,,,1603,0,40,SEP25,2014,i
5863198,"Dupin, Simon Jeremy Eric",SGP,M,,,,1595,0,20,SEP25,1985,
5833388,"Eng, Isaac",SGP,M,,,,1518,0,40,SEP25,2012,i
5830982,"Er, Wen Chen",SGP,M,,,,1463,0,40,SEP25,2009,i
5803659,"Fam, Jia En Victoria",SGP,F,,NI,,1674,0,20,SEP25,1998,wi
5843642,"Fan, Yi Xuan",SGP,M,,,,1506,0,40,SEP25,2009,
5819660,"Fang, Kun",SGP,F,WCM,WCM,,1794,0,20,SEP25,2005,w
5819148,"Fang, Zheng",SGP,M,,,,1491,0,40,SEP25,2008,i
5877490,"Fong, Cun Wei",SGP,M,,,,1414,0,20,SEP25,2006,
5844177,"Fong, Kai Mun Clarence",SGP,M,,,,1516,0,40,SEP25,2010,i
5832608,"Fong, Yu Ze Chayes",SGP,M,,,,1546,0,40,SEP25,2012,
5804060,"Foo, Andrea",SGP,F,,,,1789,0,20,SEP25,1998,wi
5800587,"Foo, Hsiang Ming",SGP,M,,,,2152,0,20,SEP25,1977,
5801664,"Foo, Zhi Rong Benjamin",SGP,M,CM,,,2158,0,20,SEP25,1994,
5834759,"Fukky, Tantang",SGP,M,,,,1548,0,20,SEP25,1973,i
5835410,"Galang, Alvin Marallag",SGP,M,,,,AFM,1513,0,SEP25,1978,i
5867061,"Gan, Kai Chew",SGP,M,,,,1622,0,20,SEP25,2005,
5812739,"Gan, Shao Hng Gabriel",SGP,M,,,,1562,0,20,SEP25,2006,i
5826659,"Gan, Wei En Justin",SGP,M,,,,1705,0,40,SEP25,2010,
2636565,"Gao, Zhenxi Jerry",SGP,M,,,,1751,0,40,SEP25,2007,
5836956,"Garcia, Delgado Alejandro",SGP,M,,,,1654,8,40,SEP25,2002,
88166333,Gautham Bharadwaj,SGP,M,,,,1498,5,40,SEP25,2013,
5833884,"Gnanasekar, Jai Adithya",SGP,M,,,,1661,7,40,SEP25,2011,
5867380,"Goh, Ang Lee",SGP,M,,,,1500,0,20,SEP25,2003,
5800072,"Goh, Cheng Hong",SGP,M,FM,,,2221,0,20,SEP25,1956,i
5835259,"Goh, Ching Hayk",SGP,M,,,,1581,0,40,SEP25,2013,
5811694,"Goh, Ethan",SGP,M,,,,1764,0,20,SEP25,2002,i
5868734,"Goh, Han Peng",SGP,M,,,,1513,0,20,SEP25,1974,
5804540,"Goh, Jinghan Cameron",SGP,M,,,,2014,0,20,SEP25,2001,
5869021,"Goh, Jordon",SGP,M,,,,1510,0,20,SEP25,2005,
5852986,"Goh, Joseph",SGP,M,,,,1515,0,40,SEP25,2010,
5818060,"Goh, Julien",SGP,M,,,,1535,0,20,SEP25,2006,
5841828,"Goh, Jun Hong Ernest",SGP,M,,,,1528,0,20,SEP25,1997,i
5804558,"Goh, Kai Ning Sebastian",SGP,M,,,,1740,0,20,SEP25,1999,i
5800862,"Goh, Koon Jong Jason",SGP,M,IM,,,2396,0,10,SEP25,1989,i
5832233,"Goh, Pei Sern",SGP,M,,NA,,1479,0,20,SEP25,2005,i
5824680,"Goh, Ren Jet Caleb",SGP,M,,,,1556,0,20,SEP25,2006,
5812488,"Goh, Sean Christian",SGP,M,,,,2015,0,20,SEP25,2004,i
5800706,"Goh, Wei Ming Kevin",SGP,M,GM,,,2372,0,10,SEP25,1983,
5870747,"Goh, Yee Loke",SGP,M,,,,1478,0,40,SEP25,2011,
5803870,"Goh, Yi Jie Jonathan",SGP,M,,NA,,1943,9,20,SEP25,2000,
5865786,"Goh, Yong Han",SGP,M,,,,1659,0,20,SEP25,1972,
5836611,"Goh, Zhan Rui Garrett",SGP,M,,,,1460,0,40,SEP25,2009,i
5819156,"Goh, Zi Han",SGP,M,FM,,,1958,0,40,SEP25,2009,i
5818354,"Goi, Zi Jie Nicholas",SGP,M,,,,1614,0,20,SEP25,2004,i
8602425,"Gong, Qianyun",SGP,F,WGM,WGM,,2153,0,20,SEP25,1985,w
5814774,"Goswami, Dhruv",SGP,M,,,,AFM,1654,0,SEP25,2001,i
5084164,"Govindan, Rohini",SGP,F,,"NI,FA",,1714,0,20,SEP25,1999,wi
5831636,"Goy, Tang Siang Andrius",SGP,M,,,,1431,0,40,SEP25,2012,
5855357,"Gozali, Isaac",SGP,M,,,,1651,0,40,SEP25,2008,
5863864,"Gu, Yimo",SGP,M,,,,1581,7,40,SEP25,2015,
5854415,"Guan, Rui",SGP,M,,,,1567,8,40,SEP25,2008,
5876524,"Gwee, Jonathan Han Min",SGP,M,,,,1429,7,20,SEP25,2001,
5837154,"Han, Isaac",SGP,M,,,,1631,0,20,SEP25,1998,i
5849187,"Han, Lyndon Hao Ding",SGP,M,,,,1531,0,40,SEP25,2011,i
5846340,"Han, Zhi Quan Luke",SGP,M,,,,1426,0,40,SEP25,2015,
5810620,"Handoko, Nathan Timothy",SGP,M,,,,1675,0,20,SEP25,1993,
25656430,Haralalka Devina,SGP,F,,,,1563,0,40,SEP25,2010,wi
45051534,Haralalka Divij,SGP,M,,,,1674,0,40,SEP25,2007,i
5829437,"Haresh, Venkata Narayanaswamy",SGP,M,,,,ACM,1725,0,SEP25,2012,
5824885,"Hari, Advay",SGP,M,,,,1661,0,40,SEP25,2010,
5817765,"Haw, Zi Xuan",SGP,F,,,,1636,0,20,SEP25,2006,wi
5819164,"Hee, Wei Jie",SGP,M,,,,1536,0,20,SEP25,2006,i
5808502,"Hee, Wei Yang",SGP,M,,,,1761,0,20,SEP25,2002,i
5830095,"Heng, Jun Herng Kyan",SGP,M,,,,1625,0,40,SEP25,2012,
5830117,"Heng, Jun Kai Ryan",SGP,M,,,,1517,0,40,SEP25,2010,
5824443,"Heng, Jung Yang Terris",SGP,M,,,,1637,0,20,SEP25,2003,
5837448,"Heng, Yu Zhe",SGP,M,,,,1474,0,40,SEP25,2013,i
5855616,"Heng, Zeng Rui Ray",SGP,M,,,,1488,0,40,SEP25,2012,
5805880,"Heng, Zheng Kai",SGP,M,,,,1881,0,20,SEP25,2002,i
5804566,"Hng, Mei-En Emmanuelle",SGP,F,WFM,WFM,,2083,9,20,SEP25,2001,w
5806585,"Hng, Mei-Xian Eunice",SGP,F,WFM,WFM,,1962,9,20,SEP25,2003,w
5802423,"Ho, En Huei Danielle",SGP,F,WFM,WFM,,1939,0,20,SEP25,1995,wi
5819172,"Ho, Khai Sheng Samuel",SGP,M,,,,1662,0,40,SEP25,2007,i
5848482,"Ho, Kyne Kai En",SGP,M,,,,1439,0,40,SEP25,2011,i
5824516,"Ho, Ray Ee",SGP,M,,,,1593,0,40,SEP25,2008,i
5813379,"Ho, Ruben",SGP,M,,,,1598,0,20,SEP25,2003,i
5805414,"Ho, Rui Hwa Justin",SGP,M,,,,1627,0,20,SEP25,2000,i
5834228,"Ho, Rui Jie Jonathan",SGP,M,,,,1459,0,40,SEP25,2013,
5809207,"Ho, Tsu Jong William",SGP,M,,NA,,1505,0,20,SEP25,2001,
5812763,"Ho, Xinglun Royce",SGP,M,,,,1872,0,20,SEP25,2006,i
5812445,"Ho, Yi Amadeus",SGP,M,,,,1742,0,20,SEP25,2003,i
5824630,"Ho, Yi-En Ian",SGP,M,,,,1569,0,40,SEP25,2007,i
5825750,"Ho, Yifeng Ian",SGP,M,,,,1587,0,20,SEP25,2005,i
5826349,"Ho, Yoong Tze Clarence",SGP,M,,,,1810,0,20,SEP25,2005,i
5875293,"Hong, Ker Young Marcus",SGP,M,,,,1440,0,20,SEP25,2004,
5840350,"Hoon, Dillon Jing Heng",SGP,M,,,,1597,0,20,SEP25,2002,i
5846145,"Hor, Roderick Hon",SGP,M,,,,1416,0,40,SEP25,2007,i
5865921,"Huang, Enya",SGP,F,,,,1438,5,40,SEP25,2017,w
5858011,"Huang, Jedidiah",SGP,M,,SI,,1494,0,20,SEP25,1995,
5846170,"Huang, Junren",SGP,M,,,,1613,6,40,SEP25,2015,
5807360,"Huang, Zi Chao Jonah",SGP,M,,,,1884,0,20,SEP25,1997,i
5818109,"Hui, Zhou Rong Isaiah",SGP,M,,,,1633,0,20,SEP25,2005,i
5856582,"Ian, Chia",SGP,M,,,,1544,0,40,SEP25,2007,
5811732,"Ihsan, Bin Juraiman",SGP,M,,,,1631,0,20,SEP25,2003,i
5805929,"Isa, Ahmad Zakwan",SGP,M,,,,1628,0,20,SEP25,2002,i
5832195,"Isa, Kazu Mohd Faizal",SGP,M,,,,1413,0,40,SEP25,2012,i
5802105,"Iskandar, Bin Abdullah",SGP,M,,,,2021,0,20,SEP25,1996,i
5817650,"Jagadeesh, Balakrishnan",SGP,M,,FI,,AIM,1773,0,SEP25,1977,i
5843316,"Jaya, Shankar Divyan Rahul",SGP,M,,,,1604,8,20,SEP25,2002,
5807280,"Jayakumar, Shashi",SGP,M,,,,1879,0,20,SEP25,1973,i
5812780,"Jiang, Youhan",SGP,M,,,,1699,0,20,SEP25,2005,i
5829879,"Jiang, Zheyuan",SGP,M,,,,1408,0,40,SEP25,2010,
5828015,"Jiang, Zhiyuan",SGP,M,,,,1456,0,40,SEP25,2009,
5823510,"Jin, Zi Yue",SGP,M,,,,1477,0,20,SEP25,2005,i
5807379,"John, George Varughese",SGP,M,,,,1562,0,20,SEP25,1997,
5819920,"Jonathan, Edward",SGP,M,,,,1672,0,20,SEP25,1998,i
5835658,"Josh, Lukimin",SGP,M,,,,ACM,1469,0,SEP25,2003,i
5806607,"Joshi, Aditya",SGP,M,,,,1679,0,20,SEP25,2001,i
5842760,"Jovellano, Alwyn Johann Hernandez",SGP,M,,,,1411,0,40,SEP25,2013,
5822378,"Juluri, Raja Sekhar",SGP,M,,,,AFM,1403,0,SEP25,1980,
5815240,"Kamban, Elangovan",SGP,M,,,,1651,0,20,SEP25,2002,i
72900180,"Kapoor, Satvik",SGP,M,,,,AGM,1946,0,SEP25,2008,
72900369,"Kapoor, Tanush",SGP,M,,,,1661,0,40,SEP25,2011,
5829852,"Karl, Sutanto",SGP,M,,,,1554,0,40,SEP25,2011,
5849004,"Kau, Yann Xiang Joshua",SGP,M,,,,1415,0,40,SEP25,2010,
5820219,"Kavuturu, Venkata Ajay Satwik",SGP,M,,,,1454,0,40,SEP25,2007,
5833086,"Ke, Weizhi",SGP,M,,,,1464,0,40,SEP25,2014,i
5828937,"Ke, Yanqing",SGP,F,,,,ACM,1421,0,SEP25,2010,wi
5838266,"Kelmendi, Paolo",SGP,M,,,,1515,0,40,SEP25,2013,i
5875730,"Khanna, Kashvi",SGP,F,,,,1416,11,40,SEP25,2012,w
14200473,"Khegay, Anjela",SGP,F,WIM,WIM,,2168,0,20,SEP25,1976,wi
5855780,"Kher, Kuang Hong",SGP,M,,,,1482,0,40,SEP25,2010,
5833825,"Kho, Wei-En",SGP,F,,,,1448,0,40,SEP25,2011,w
5807190,"Khor, Eng Yeow",SGP,M,,FA,,AFM,1559,12,SEP25,2001,
5821827,"Khor, Qiao Wen Nicole",SGP,F,,NA,,1532,0,20,SEP25,2006,wi
5855730,"Khor, Tzer Kai",SGP,M,,,,1500,0,40,SEP25,2011,
5827949,"Khor, Wen Xin Esther",SGP,F,,,,1469,12,40,SEP25,2010,w
5823064,"Khua, Yew Heng Brandon",SGP,M,,,,1491,0,40,SEP25,2007,i
5854164,"Koe, Ruihe Joshua",SGP,M,,,,1543,0,40,SEP25,2017,
5860350,"Koh, Dylan",SGP,M,,,,1598,0,40,SEP25,2011,
5838037,"Koh, En Jie Jonathan",SGP,M,,,,1562,0,40,SEP25,2015,
5874092,"Koh, Luther Jeremy",SGP,M,,,,1464,7,40,SEP25,2014,
5808553,"Koh, Ming Yao Gavin",SGP,M,,,,1943,0,20,SEP25,2002,i
5820669,"Koh, Wei Le Gladys",SGP,F,WCM,WCM,,1651,0,40,SEP25,2008,wi
5824850,"Koh, Yang En Elliot",SGP,M,,,,1470,0,20,SEP25,2005,i
5823544,"Koh, Zhe Quan Benedict",SGP,M,,,,AFM,1841,7,SEP25,2007,
5806844,"Koi, Tristan",SGP,M,,,,1789,0,20,SEP25,2001,i
5848890,"Kok, Adam Jing Yu",SGP,M,,,,1425,0,40,SEP25,2012,
5836450,"Kok, Kay Ian Matthew",SGP,M,,,,1593,0,20,SEP25,2004,
5836581,"Kok, Seth Asher",SGP,M,,,,1530,5,20,SEP25,2004,
5812550,"Kong , U-Ham",SGP,F,,,,1676,0,20,SEP25,2005,wi
5818290,"Kong, Yeong Keng Brendan",SGP,M,,,,1551,0,20,SEP25,2006,i
5820235,"Kong, Zi Yau Bernadette",SGP,F,WCM,WCM,NI,1707,0,40,SEP25,2008,w
5825911,"Kottakki, Vahein Patnaik",SGP,M,,,,1514,0,40,SEP25,2007,
5812836,"Kow, Weiliang Bryan",SGP,M,,,,1621,0,20,SEP25,2006,i
5805465,"Kow, Wen Han Jonathan",SGP,M,,,,1783,0,20,SEP25,2001,
5834708,"Krish, Deepak Nagrani",SGP,M,,NA,,ACM,1407,0,SEP25,2005,
5867029,"Krishnasamy, Seranjan",SGP,M,,,,1495,6,20,SEP25,2003,
5838754,"Kua, Tian Long Gary",SGP,M,,,,1473,0,20,SEP25,1986,i
5833949,"Kulkarni, Ansh",SGP,M,,,,1441,0,40,SEP25,2014,i
72900687,"Kuo, Boxian Alexander",SGP,M,,,,1438,0,40,SEP25,2011,i
72900679,"Kuo, Huazhen Nicholas",SGP,M,,,,1601,0,40,SEP25,2013,i
5835267,"Kuppusamy, Shivshankar",SGP,M,,,,1514,0,40,SEP25,2011,
5847885,"Kwan, Alexander",SGP,M,,,,ACM,1535,0,SEP25,2013,
5819210,"Kwan, Jun Yong David",SGP,M,,,,1446,0,40,SEP25,2007,i
5808561,"Kwan, Kaiee",SGP,M,,,,1755,0,20,SEP25,2004,i
5829550,"Kwee, Yu Xiang",SGP,M,,,,1503,0,40,SEP25,2013,
5857430,"Kwok, Benedict",SGP,M,,,,1441,0,20,SEP25,1995,
5819792,"Kwok, Teng Yan Megan",SGP,F,,,,1658,0,20,SEP25,2001,w
5821312,"Lai, Chi Yoong Ethan",SGP,M,,,,1600,0,40,SEP25,2009,
5837901,"Lai, Junwei Wilbert",SGP,M,,,,1580,0,40,SEP25,2008,i
129057748,"Lakshminarasimhan, Rahul",SGP,M,,,,1585,0,40,SEP25,2007,
5025036,"Lakshminarayanan, G.",SGP,M,,,,2010,0,20,SEP25,1980,i
5805279,"Lau, Ende Matthew",SGP,M,,,,1963,0,20,SEP25,2001,i
5855217,"Lau, Gabriel Yi Jia",SGP,M,,,,1702,0,20,SEP25,2004,i
5826462,"Lau, Seo Joon Ethan",SGP,M,,,,1532,0,20,SEP25,2003,i
5822467,"Lau, Seo Kheng Elgin",SGP,M,,,,AFM,1543,0,SEP25,2003,i
5804302,"Lau, Xian Hui Rudolph",SGP,M,,,,1902,0,20,SEP25,2000,i
5856426,"Lau, Xing Yuan",SGP,M,,,,1454,0,20,SEP25,2004,i
5810728,"Lau, Yan Han",SGP,M,,FA,,1553,0,20,SEP25,1996,i
5820090,"Law, Dominic",SGP,M,,,,1603,7,20,SEP25,2001,
5824893,"Law, Ryan",SGP,M,,,,1505,0,20,SEP25,2005,i
5802911,"Lean, Boon Cheng Richard",SGP,M,,,,1704,0,20,SEP25,1965,
5857732,"Lee, Chek Sian Aden",SGP,M,,,,1475,0,40,SEP25,2010,i
5859565,"Lee, Heng Sheng Brandon",SGP,M,,,,1727,0,20,SEP25,2002,
5827825,"Lee, Jie Zhen Tedric",SGP,M,,,,1420,0,40,SEP25,2012,i
5825091,"Lee, Jing Heng",SGP,M,,,,1559,0,20,SEP25,2006,
5825733,"Lee, Jing Xi Jonathan",SGP,M,,,,1962,7,40,SEP25,2008,
5853699,"Lee, Jun De Xavier",SGP,M,,,,1596,0,20,SEP25,2006,i
5804809,"Lee, Jun Wei",SGP,M,FM,NA,,2064,0,20,SEP25,2001,
5818435,"Lee, Jun Yi Melvin",SGP,M,,,,1465,0,20,SEP25,2003,i
5855306,"Lee, Kai Yang George",SGP,M,,,,1792,0,40,SEP25,2015,
5804167,"Lee, Qing Aun",SGP,M,FM,FI,,2164,0,20,SEP25,2001,
5817447,"Lee, Rui Ying Keith",SGP,M,,,,1666,0,20,SEP25,2004,i
5805481,"Lee, Rui Zhe Nicholas",SGP,M,,,,1743,0,20,SEP25,1999,i
5806488,"Lee, Shi Hao",SGP,M,,,,1890,0,20,SEP25,2000,i
5829810,"Lee, Tsuen Jin Aiesec",SGP,M,,,,1654,0,40,SEP25,2012,
5820120,"Lee, Wei Min",SGP,M,,,,1786,0,20,SEP25,1998,i
5819245,"Lee, Yann Ze Darryl",SGP,M,,,,1567,0,40,SEP25,2007,i
5807387,"Lee, Zhong Yi",SGP,M,,,,1785,0,20,SEP25,1997,i
5854504,"Lei, Pak Kio",SGP,M,,,,1425,0,40,SEP25,2015,i
5820740,"Leonardo, Franklin",SGP,M,,,,AIM,1767,0,SEP25,1993,
5836816,"Leong, Jyuin Pang Alexx Xander",SGP,M,,,,1585,0,40,SEP25,2009,i
5812500,"Leong, Sher Hern",SGP,M,,,,1878,0,20,SEP25,2004,i
5818125,"Leong, Zachary",SGP,M,,,,1565,0,20,SEP25,2006,i
5837820,"Leou, Hao De Kirk",SGP,M,,,,1422,0,40,SEP25,2013,i
5800013,"Leow, Leslie M",SGP,M,IM,,,2355,0,10,SEP25,1956,i
5841488,"Leow, Ze Wen",SGP,M,,,,1435,0,40,SEP25,2012,
5805970,"Lew, Zhi Hong",SGP,M,,,,1748,0,20,SEP25,2002,i
5805503,"Lew, Zhi Yang",SGP,M,,,,1507,0,20,SEP25,2001,i
5848997,"Li, Borui",SGP,M,,,,1414,0,40,SEP25,2009,i
5823439,"Li, Chuanfei",SGP,M,,,,1461,0,40,SEP25,2010,i
5815312,"Li, Junxiang",SGP,M,,,,1461,0,20,SEP25,2002,i
5834171,"Li, Muyuan",SGP,M,,,,1530,0,40,SEP25,2007,i
5845327,"Li, Ruiyang",SGP,M,,,,1564,0,40,SEP25,2014,
5845319,"Li, Zhengyang",SGP,M,,,,1402,0,40,SEP25,2016,
5817757,"Lian, Yuen Ching Natalie",SGP,F,,,,1582,0,20,SEP25,2006,wi
5857503,"Liang, Yuchen",SGP,M,,,,1445,0,40,SEP25,2016,
5827230,"Liew, Tze Chi",SGP,F,,,,1698,0,40,SEP25,2008,wi
5827248,"Liew, Tze Hsien",SGP,M,,,,1709,0,40,SEP25,2010,i
5835828,"Liew, Tze Yu",SGP,F,,,,1742,0,40,SEP25,2013,w
5840848,"Lim, Aaron Boon Kiat",SGP,M,,,,1459,0,40,SEP25,2008,
5836310,"Lim, Aiden Tze Choon",SGP,M,,,,AFM,1493,0,SEP25,2009,
5828309,"Lim, Bernard Carleton",SGP,M,,NA,,1594,0,20,SEP25,1988,
5833515,"Lim, Chang Hong",SGP,M,,,,1502,0,20,SEP25,1998,
5822718,"Lim, Chen Rei",SGP,M,,,,1689,0,20,SEP25,2004,i
5700779,"Lim, Chin Lee",SGP,M,,,,1873,0,20,SEP25,1977,i
5831970,"Lim, Dao Xun Kayden",SGP,M,,,,1476,0,40,SEP25,2013,i
5800889,"Lim, De Dao Linson",SGP,M,,,,1881,0,20,SEP25,1997,i
5800935,"Lim, De Li Derek",SGP,M,CM,,,1879,0,20,SEP25,1999,
5811473,"Lim, Heng Lip James",SGP,M,,,,1548,0,20,SEP25,1955,i
5841682,"Lim, Hsien Jin",SGP,M,,,,1701,0,40,SEP25,2011,i
5802555,"Lim, Huay Leon Warren",SGP,M,,,,AIM,1604,0,SEP25,1958,
5857082,"Lim, Jew Hwang",SGP,M,,,,1458,0,20,SEP25,1976,i
5855691,"Lim, Jia Qi Rachel",SGP,F,,,,1435,5,20,SEP25,2006,w
5843332,"Lim, Jie Yi Joel",SGP,M,,,,1627,0,20,SEP25,2002,
5846617,"Lim, Jing Teng Tyler",SGP,M,,,,AFM,1463,0,SEP25,2010,
5841607,"Lim, Jonathan Kian Kuok",SGP,M,,,,1491,0,20,SEP25,2003,i
5839858,"Lim, Josiah Zheng Xian",SGP,M,,,,1498,0,40,SEP25,2011,
5819296,"Lim, Kai Jun",SGP,M,,,,1602,0,40,SEP25,2007,i
5833299,"Lim, Kaiyi Joshua",SGP,M,,,,1589,0,40,SEP25,2013,
5863082,"Lim, Maximus Zhuo Xian",SGP,M,,,,1412,0,40,SEP25,2014,
5804477,"Lim, Mou Jun James",SGP,M,,,,1568,0,20,SEP25,1992,i
5805260,"Lim, Nan",SGP,M,,NI,,1869,0,20,SEP25,1974,i
5837626,"Lim, Samuel Tze Hao",SGP,M,,,,1446,0,40,SEP25,2011,
5845386,"Lim, Sean Jing Kun",SGP,M,,,,1481,0,20,SEP25,2003,i
5839394,"Lim, Shao Yu Ayden",SGP,M,,,,1421,0,40,SEP25,2011,i
5836271,"Lim, Shi Han Magnus",SGP,M,,,,1634,6,40,SEP25,2014,
5811481,"Lim, Tze Hsien",SGP,M,,,,1677,0,20,SEP25,2003,i
5804825,"Lim, Wan Yu Steffi",SGP,F,,,,1774,0,20,SEP25,2002,wi
5834341,"Lim, Xiao Xian Tobias",SGP,M,,,,1730,0,20,SEP25,2005,
5817293,"Lim, Yi Feng Zacharias",SGP,M,,NA,,1810,0,20,SEP25,1996,
5811791,"Lim, Yong Wah Adrian",SGP,M,,,,1657,0,20,SEP25,1992,i
5818168,"Lim, Yu Xuan Ashton",SGP,M,,,,1649,0,20,SEP25,2004,i
5817463,"Lim, Zeen Hunn",SGP,M,,,,1673,7,20,SEP25,2004,
5868700,"Lim, Zhi Rui",SGP,M,,,,AFM,1486,0,SEP25,2008,
5869463,"Lim, Zhi Shiuh",SGP,M,,,,1489,0,20,SEP25,1988,
5831482,"Lim, Zi Yang Percy",SGP,M,,,,1531,0,40,SEP25,2013,
5835909,"Lin, Jie Timothy",SGP,M,,,,1428,0,40,SEP25,2010,
5835917,"Lin, Yi Christopher",SGP,M,,,,1797,0,40,SEP25,2014,
5802164,"Ling, Jin Sheng Timothy",SGP,M,,,,1855,0,20,SEP25,1996,
5849152,"Ling, Sze Kai Noah",SGP,M,,,,1557,0,40,SEP25,2011,i
8639442,"Liu, Muzhou",SGP,M,,,,1559,0,40,SEP25,2011,
5864020,"Liu, Weilie",SGP,M,,,,1601,0,20,SEP25,1990,
8605718,"Liu, Xiangyi",SGP,M,IM,,,2323,0,20,SEP25,2000,i
5858232,"Liu, Xunyi",SGP,M,,,,1479,0,40,SEP25,2007,
5800919,"Liu, Yang Hazel",SGP,F,WFM,WFM,IA,2059,0,20,SEP25,1990,wi
5820944,"Loh, Chiang Sheng Simon",SGP,M,,,,1620,0,20,SEP25,1974,i
5823714,"Loh, Jen Kang Karol Gerard",SGP,M,,,,1421,0,20,SEP25,2006,i
5851564,"Loh, Jia Kang Daniel Jay",SGP,M,,,,1492,0,20,SEP25,2006,
5862531,"Loh, Magnus",SGP,M,,,,1435,0,40,SEP25,2008,
5821258,"Loh, Shao Kai Dylan",SGP,M,CM,,,1746,0,40,SEP25,2007,i
5834104,"Loh, Yang Hao",SGP,M,,,,1638,0,40,SEP25,2008,i
5819350,"Loh, Zhang Yan Leonard",SGP,M,,,,1459,0,40,SEP25,2007,i
5813239,"Long, Kai Xi Dylan",SGP,M,,,,AIM,1650,0,SEP25,2004,i
5839130,"Loo, Desmund Jian Hao",SGP,M,,,,1441,0,20,SEP25,2006,i
5836735,"Loo, Jun He Lucas",SGP,M,,,,1487,0,40,SEP25,2010,i
5839475,"Loo, Louie Jun Xi",SGP,M,,,,1410,0,40,SEP25,2014,i
5824109,"Lou, Rong Sheng Timothy",SGP,M,,,,1556,0,40,SEP25,2007,i
5821673,"Low, Hei Yuet Cheryl",SGP,F,,,,1479,6,20,SEP25,2006,w
5817110,"Low, Hong Yi Clement",SGP,M,,,,1632,0,20,SEP25,2006,i
5834538,"Low, Jia Zhe Ryan",SGP,M,,,,1531,0,40,SEP25,2009,
5814600,"Low, Timothy Jared",SGP,M,,,,1429,0,20,SEP25,2000,i
5806186,"Low, Yi Heng Eugene",SGP,M,,,,1690,0,20,SEP25,2001,i
5804833,"Low, Yi Quan",SGP,M,,,,1677,0,20,SEP25,2002,i
5837707,"Low, Zhe Wei Javon",SGP,M,,NA,,1597,0,20,SEP25,2005,i
5847478,"Low, Zhe Yu Rayden",SGP,M,,,,1455,0,40,SEP25,2009,i
5804175,"Low, Zhen Yu Cyrus",SGP,M,IM,,,2247,0,20,SEP25,2002,i
5854083,"Lu, Bingyang",SGP,M,,,,1464,0,40,SEP25,2017,
5815991,"Lucas, Daniel Francis",SGP,M,,,,1594,0,20,SEP25,2003,i
5857767,"Lum, Jun Yi Ethan",SGP,M,,,,1710,0,40,SEP25,2010,
5831504,"Lum, Yong Bing",SGP,M,,,,1525,0,40,SEP25,2011,
5832063,"Lum, Yong Feng",SGP,M,,,,1499,0,40,SEP25,2011,
5835380,"Machiraju, Pranav Anagh",SGP,M,,,,ACM,1453,0,SEP25,2015,
5837804,"Madhav, Madana Gopal",SGP,M,,,,ACM,1414,0,SEP25,2013,
5860415,"Maheshwari, Savya",SGP,M,,,,1514,0,40,SEP25,2017,
5820332,"Mak, Xiu Ning Charlene",SGP,F,WCM,WCM,NI,1742,0,20,SEP25,2006,w
5823463,"Manan, Agarwal",SGP,M,,,,1584,0,40,SEP25,2007,i
5856116,"Manjunathan Janani, Yokgan",SGP,M,,,,1506,0,40,SEP25,2016,
5840430,"Master, Raphael Dhaval",SGP,M,,,,1438,0,40,SEP25,2012,
5834317,"Matthew, Daniel Varughese",SGP,M,,,,1721,0,20,SEP25,2004,
5836336,"Maxime, Belhoste",SGP,M,,,,1625,0,20,SEP25,1974,i
5820421,"Misha, Jing Er Misra",SGP,F,,,,1451,0,20,SEP25,2006,wi
5831563,"Mok, Kwong Weng",SGP,M,,,,1837,0,20,SEP25,1953,i
33456275,Monali Roy,SGP,F,,,,1542,0,40,SEP25,2014,wi
5805082,"Monteiro, Kevin",SGP,M,,,,1544,0,20,SEP25,1996,
5800528,"Mooi, Kok Onn Osric",SGP,M,,,,AFM,1753,2,SEP25,1969,
5820812,"Motty, Kuriakose Mathew",SGP,M,,,,1455,0,20,SEP25,1985,i
5854920,"Mugilvannan, Arjun Kesav",SGP,M,,,,1440,0,20,SEP25,1997,i
5827477,"Muhammad, Irfan Bin Sufian",SGP,M,,,,1509,0,40,SEP25,2009,i
5822858,"Muhammad, Ridzuan Bin Sufian",SGP,M,,,,1537,0,20,SEP25,2003,i
5834082,"Muhammad, Syahrul Afif Bin Mashkur",SGP,M,,,,ACM,1535,0,SEP25,1986,i
5851823,"Muthu Venkataraman, Niranjan",SGP,M,,,,1464,0,20,SEP25,1982,
429041007,Myra Kaushik,SGP,F,,,,1408,0,40,SEP25,2016,wi
5825873,"Nainika, Gupta",SGP,F,,,,1510,0,40,SEP25,2007,wi
5849284,"Nandakumar, Rakshan",SGP,M,,,,AFM,1556,0,SEP25,2013,
5805988,"Nar, Ken Jin",SGP,M,,,,1791,0,20,SEP25,2002,i
5861691,"Narayan, Nag Nideesh",SGP,M,,,,1499,8,40,SEP25,2008,
5837359,"Navin, Kishore",SGP,M,,,,1602,0,40,SEP25,2008,
5823102,"Neev, Malhotra",SGP,M,,,,1511,0,40,SEP25,2009,i
5823471,"Neo, Han Sheng Marcel",SGP,M,,,,1599,0,40,SEP25,2009,i
5826187,"Neo, Hiang Kiat Charles",SGP,M,,,,1540,0,20,SEP25,1971,i
5824613,"Neo, Jing Yi Mischa",SGP,F,,,,1541,0,40,SEP25,2007,wi
5828350,"Neo, Wei Long Marius",SGP,M,,,,1490,0,40,SEP25,2012,i
5838223,"Neoh, Wei Ren Branden",SGP,M,,,,1402,0,40,SEP25,2014,
5801834,"Neubronner, Jarred",SGP,M,FM,,,2240,0,20,SEP25,1992,i
5814618,"Ng, Brighton",SGP,M,,,,1621,0,20,SEP25,2000,
5849683,"Ng, Clement Cyril Pui Ging",SGP,M,,,,1400,0,40,SEP25,2008,i
5838169,"Ng, Ernest Kai Yao",SGP,M,,,,1486,0,20,SEP25,2006,
5836255,"Ng, Hui Kwang",SGP,M,,,,1417,0,20,SEP25,1977,i
5829356,"Ng, Jaeden Etienne",SGP,M,,,,1687,0,40,SEP25,2008,
5847800,"Ng, Jayden En Shuo",SGP,M,,,,ACM,1506,0,SEP25,2010,
5836247,"Ng, Jing Qi Ashley",SGP,F,,,,1406,0,40,SEP25,2016,w
5828740,"Ng, Jing Xuan Alyssa",SGP,F,,,,1646,0,40,SEP25,2011,w
5807735,"Ng, Jun Jie",SGP,M,,NA,,1551,0,20,SEP25,1998,i
5856612,"Ng, Lucas",SGP,M,,,,1446,0,40,SEP25,2009,
5812216,"Ng, Ren Yong",SGP,M,,,,1454,0,20,SEP25,1999,
5832357,"Ng, Rong Xun Kaymer",SGP,M,,,,1447,0,40,SEP25,2013,i
5834180,"Ng, Say Liang",SGP,M,,,,1620,0,20,SEP25,1979,i
5817803,"Ng, Sheng Feng",SGP,M,,,,1898,0,20,SEP25,2006,i
5860962,"Ng, Shin Sheng Hayden",SGP,M,,,,1555,6,40,SEP25,2012,
5834996,"Ng, Tso Wong Peter",SGP,M,,,,1564,0,20,SEP25,1968,
5805570,"Ng, Wee Hong Brendan",SGP,M,,,,1858,0,20,SEP25,1999,i
5805996,"Ng, Wee Lok Bryan",SGP,M,,,,1662,0,20,SEP25,2003,i
5837340,"Ng, Yong Rui Benjamin",SGP,M,,,,1805,0,40,SEP25,2011,
5840007,"Ng, Yu Cheng Rigel",SGP,M,,,,AFM,1491,0,SEP25,2013,
5842948,"Ng, Yu Long Lucas",SGP,M,,,,1415,0,40,SEP25,2013,
5856892,"Ng, Yuval",SGP,M,,,,1459,0,40,SEP25,2017,
5859760,"Ng, Zhen Jie Gabriel",SGP,M,,,,1449,10,40,SEP25,2012,
5834562,"Ng, Zheng He Sherman",SGP,M,,,,1572,0,40,SEP25,2013,
5803519,"Ng, Zhi Mei Charmaine",SGP,F,,,,1580,0,20,SEP25,1996,wi
5803268,"Ng, Zhi Ying Natanya",SGP,F,,,,1670,0,20,SEP25,2000,wi
5879892,"Ngan, Min Hao",SGP,M,,,,1434,7,40,SEP25,2014,
5833205,"Ngiam, Liyou",SGP,M,,,,1570,0,40,SEP25,2012,
5840830,"Ngu, Joel Yue Zhe",SGP,M,,,,1716,13,40,SEP25,2009,
5823722,"Nisban, Corwin",SGP,M,,,,1414,0,40,SEP25,2009,i
5806003,"Nisban, Cyrus",SGP,M,CM,,,1939,0,20,SEP25,2004,
5822939,"Noel, Mathew Isaac",SGP,M,,,,1730,0,20,SEP25,1998,i
5867088,"Noraizan, Syazwan",SGP,M,,,,AFM,1485,0,SEP25,1993,
5822483,"Oh, Kang Le Clifford",SGP,M,,,,1437,0,20,SEP25,2004,i
5827116,"Oh, Xu Jie Dawson",SGP,M,,,,1521,0,40,SEP25,2011,i
5834830,"Ohng, Kok Yeong Kevin",SGP,M,,,,1564,0,20,SEP25,1973,i
5834554,"Ohng, Wei Zhe Quilliam",SGP,M,,,,1549,0,40,SEP25,2014,
5834430,"Oliver, Goana",SGP,M,,,,1478,0,40,SEP25,2011,
5851734,"Ong, Ee Ming Julian",SGP,M,,,,1552,24,20,SEP25,2006,
5834783,"Ong, En Jie Jakin",SGP,M,,,,1505,0,40,SEP25,2008,i
5820057,"Ong, Jingjie Gordon",SGP,M,,,,1628,0,20,SEP25,1994,i
5818885,"Ong, Jireh",SGP,M,,,,1453,0,20,SEP25,2005,i
5847940,"Ong, Jun Sheng",SGP,M,,,,1450,0,40,SEP25,2008,i
5802954,"Ong, Jun Xue Calvin",SGP,M,,,,1837,0,20,SEP25,1998,i
5841534,"Ong, Qi Yi",SGP,M,,,,1566,0,40,SEP25,2016,
5819431,"Ong, Wei Sheng Aidan",SGP,M,,,,1567,0,40,SEP25,2007,i
5839408,"Ong, Yan Cheng",SGP,M,,,,1722,0,40,SEP25,2009,
5813590,"Ong, Yew Chiang",SGP,M,,,,1908,0,20,SEP25,1966,i
5812240,"Ong, Yi Herng Joel",SGP,M,,,,1989,0,20,SEP25,2005,i
5818311,"Ooi , Kai Shin",SGP,M,,,,1711,0,20,SEP25,1983,i
5827566,"Ooi, Hong Lue Ivan",SGP,M,,,,1552,0,40,SEP25,2007,
5860466,"Oon, Tsao Kyle",SGP,M,,,,1437,0,40,SEP25,2017,
5822971,"Ou, Chuan Teck Kelvin",SGP,M,,,,1650,0,20,SEP25,1967,
5808111,"Ow, Sheldon",SGP,M,,,,AGM,1790,0,SEP25,1999,i
5201322,"Paciencia, Enrique",SGP,M,IM,,,2229,0,10,SEP25,1967,
5806917,"Pahwa, Uttathya",SGP,M,,,,1790,0,20,SEP25,2000,i
5833736,"Palaniappan, Adhi Somu",SGP,M,,,,1522,0,40,SEP25,2012,i
5837561,"Pang, Jun Rui",SGP,M,,,,1546,0,40,SEP25,2016,
5825229,"Pang, Kay Yan Eden",SGP,F,,,,1664,0,40,SEP25,2008,w
5813344,"Pang, Khai Jie Ryan",SGP,M,,,,1802,0,20,SEP25,2003,
5828511,"Parthasarathi, Rishikesh",SGP,M,,,,1718,0,20,SEP25,1982,
5828449,"Peh, Yew Kee",SGP,M,,,,1524,0,40,SEP25,2007,i
5820375,"Peh, Yue Heng Randall",SGP,M,,,,1524,0,20,SEP25,2006,i
5814456,"Peng, Jing Ming Jason",SGP,M,,NA,,1750,0,20,SEP25,1999,
5868866,"Pham, Duy Hung Lucas",SGP,M,,,,1410,0,40,SEP25,2013,
5806283,"Phan, Stefanus Kf",SGP,M,,,,1909,0,20,SEP25,1997,
5806011,"Phua, Zeng Yi Triszen",SGP,M,,"NI,FA",,1596,0,20,SEP25,2003,
5818184,"Poh, Xuan Rui Ethan",SGP,M,,,,2048,0,20,SEP25,2005,i
5701295,"Pok, Wern Jian",SGP,M,,,,2004,0,20,SEP25,1987,i
5816815,"Polavaram, Adhitya",SGP,M,,,,AFM,1891,0,SEP25,2005,i
5816823,"Polavaram, Harsha",SGP,M,,,,AIM,1943,0,SEP25,2005,i
5206030,"Polistico, Eliodoro B",SGP,M,,FT,,1921,0,20,SEP25,1960,i
5833442,"Poon, Ee Rui",SGP,M,,,,AFM,1522,0,SEP25,2012,i
5835186,"Poon, Jin Feng",SGP,M,,,,1736,0,40,SEP25,2008,
5834945,"Poon, Zhi Xin",SGP,M,,,,1434,0,40,SEP25,2010,i
5833990,"Prakash, Sadhana",SGP,F,,,,ACM,1533,6,SEP25,2014,w
5823838,"Prasad, Adithya",SGP,M,,,,1477,0,20,SEP25,2000,i
5014778,"Praveen, Kumar R.",SGP,M,,"FI,FA",,1942,0,20,SEP25,1980,i
5870631,"Pua, Yi Kai Arthur",SGP,M,,,,1444,0,40,SEP25,2007,
5849691,"Qiu, Lexis Jun Herng",SGP,M,,,,1497,0,40,SEP25,2014,
5827000,"Quek, Wei Zhi Matthew",SGP,M,,,,1576,0,40,SEP25,2009,i
5822726,"Quek, Zi Le Aleenta",SGP,F,,,,1573,0,40,SEP25,2009,wi
5866936,"Rai, Rajesh",SGP,M,,,,1634,0,20,SEP25,1972,
5812283,"Raja, Jawahar Vignesh",SGP,M,,,,1629,0,20,SEP25,2005,i
5808804,"Rajasekaran, Soorya",SGP,M,,,,1431,0,20,SEP25,2004,i
5847796,"Rajeev Nair, Chandradhar",SGP,M,,"SI,NA",,1546,0,20,SEP25,2005,
5820561,"Rajesh, Adithya Elara",SGP,M,,,,AFM,1645,0,SEP25,2009,
5838959,"Rajesh, Nathaniel",SGP,M,,,,1441,0,40,SEP25,2016,
5840325,"Raman, Kanav",SGP,M,,,,1507,0,40,SEP25,2015,
5808138,"Ramesh, Aadhitya",SGP,M,,,,AFM,1712,0,SEP25,2003,i
5822696,"Randhir, Bansal",SGP,M,,,,1720,0,20,SEP25,1970,
5867762,"Rathi, Surya Rao",SGP,M,,,,1404,0,40,SEP25,2018,
5831466,"Rice, Lana",SGP,F,,,,1520,0,40,SEP25,2013,w
5824591,"Rice, Lauren",SGP,F,WCM,WCM,,1713,0,40,SEP25,2007,wi
5824605,"Rice, Leah",SGP,F,,,,1943,26,40,SEP25,2010,w
5813247,"Ricnesh, Ravind G.N",SGP,M,,,,AIM,1745,0,SEP25,1991,i
5822351,"Rishi, Kapoor",SGP,M,,"NI,FI",,1563,0,20,SEP25,1976,i
5828988,"Rishikesh, Siddharth",SGP,M,,,,1526,0,40,SEP25,2011,
33341931,Rishil Tatavarthi,SGP,M,,,,ACM,1406,0,SEP25,2007,
5847273,"Roche, Glen Cedric Tze-Lee",SGP,M,,,,1437,0,20,SEP25,1990,i
5826179,"Rohan, Dash",SGP,M,,,,1605,0,40,SEP25,2007,i
5803500,"Rujok, Najwa Jiahui",SGP,F,,,,1773,0,20,SEP25,1996,wi
5835089,"Ryan, De",SGP,M,,,,ACM,1476,0,SEP25,2012,
5815053,Saajid,SGP,M,,"SI,FA",,AIM,1493,0,SEP25,2002,
5820839,"Sabapathy, Saba Arun",SGP,M,,,,1621,0,20,SEP25,1982,i
5862841,"Sahoo, Sai Tejas",SGP,M,,,,1406,0,40,SEP25,2010,
5806445,"Salim, Ken Timur",SGP,M,,,,1733,0,20,SEP25,0,
5828678,"Sanjay, Vasu",SGP,M,,,,1812,6,40,SEP25,2010,
5834724,"Sanjit, Sriniket Hari",SGP,M,,,,1650,0,40,SEP25,2008,
5811520,"Sanjith, Gunasekaran",SGP,M,,NA,,1527,0,20,SEP25,2004,
35068601,Saravanan Durga,SGP,F,,,,1731,0,20,SEP25,2004,w
5845475,"Satheesh Kumar, Samanyu",SGP,M,,,,1570,0,40,SEP25,2011,
5828830,"Sathish, Sathvik",SGP,M,,,,1422,0,40,SEP25,2010,i
5811910,"Sathyanarayan, Subramanian",SGP,M,,,,1735,0,20,SEP25,1974,i
5834627,"Seah, Shin Rui",SGP,M,,,,AFM,1571,0,SEP25,2011,i
5835453,"Sebastian, Jalgalado Panganiban",SGP,M,,,,1489,0,20,SEP25,2002,i
5838320,"See, Eben Kai Teck",SGP,M,,,,1428,0,40,SEP25,2013,i
5867231,"Seefong, Suphaporn",SGP,F,,,,1471,0,20,SEP25,1977,w
5817676,"Senthil, Naren Karttik",SGP,M,,,,1531,0,20,SEP25,2004,i
5876958,"Seow, Woon Hau Andrew",SGP,M,,,,1721,0,20,SEP25,1978,
5849454,"Shahrudin, Shayaan Daniyal",SGP,M,,,,1577,0,40,SEP25,2011,
5876060,"Shalev, Snir",SGP,M,,,,1511,0,20,SEP25,2005,
5801770,"Shanmugam, Ravindran",SGP,M,IM,,,2325,0,20,SEP25,1989,i
5863708,"Shao, Yingxi",SGP,M,,,,1608,0,20,SEP25,2000,i
5831164,"Shaurya, Bohra",SGP,M,,,,1830,8,40,SEP25,2010,
5811929,"Shaveen, Gajaananan",SGP,M,,,,1546,0,20,SEP25,2003,i
5833418,"Shawn, Joseph Simonetti",SGP,M,,,,1565,0,20,SEP25,2006,i
5819466,"Shetty, Vedh Ramkin",SGP,M,,,,1514,0,20,SEP25,2006,i
5821223,"Shravann, Suryaa V.P",SGP,M,,,,AIM,1639,0,SEP25,2006,i
5818320,"Siddharth, Jagadeesh",SGP,M,GM,,,2343,0,20,SEP25,2007,
5823404,"Siddharth, Sai",SGP,M,,,,1974,0,40,SEP25,2011,
5837120,"Siddharth, Siva Kumar",SGP,M,,,,1486,4,40,SEP25,2011,
5804132,"Siew, Kai Xin",SGP,F,,IA,,1755,0,20,SEP25,2001,wi
5852536,"Siew, Yu Kit",SGP,M,,,,1439,0,40,SEP25,2012,
5836549,"Sim, Ching Xiang Christian",SGP,M,,,,1622,8,40,SEP25,2004,
5836425,"Sim, En Rui Audelle",SGP,F,,,,AFM,1689,0,SEP25,2014,w
5834660,"Sim, Ming Yi",SGP,M,,,,AFM,1452,0,SEP25,2014,
5849128,"Sim, Pang Xi Darius",SGP,M,,,,1445,0,40,SEP25,2012,i
5830745,"Sim, Yan Xiang Ethan",SGP,M,,,,1708,0,40,SEP25,2011,
5839947,"Sing, Yun Feng",SGP,M,,,,1495,0,40,SEP25,2009,i
5807115,"Singh, Delroy",SGP,M,,,,1671,0,20,SEP25,2003,i
5861411,"Singh, Shivam",SGP,M,,,,1573,7,20,SEP25,2005,
5879108,"Sinha, Shikhar",SGP,M,,,,1447,7,40,SEP25,2012,
5868980,"Sito, Zhenkai",SGP,M,,,,1626,0,40,SEP25,2012,
5852200,"Siu, De Yu",SGP,M,,,,1571,0,40,SEP25,2009,
5804655,"Sivakumar, Ashvin",SGP,M,FM,,,2163,0,20,SEP25,2001,
5818559,"Sneha, Geethajaya",SGP,F,,,,1410,0,20,SEP25,2000,wi
5801885,"Sng, Zheng Yang",SGP,M,,,,1974,0,20,SEP25,1993,i
5814979,"So, Jun Hong Glenn",SGP,M,,,,1575,0,20,SEP25,2001,i
5850339,"Soh, Daniel",SGP,M,,,,1537,0,40,SEP25,2013,i
5843570,"Soh, Ryder Jun De",SGP,M,,,,1585,0,40,SEP25,2010,i
6008291,"Song, Sichen",SGP,M,,,,1651,0,40,SEP25,2013,
8662193,"Song, Yuchen(SH)",SGP,M,,,,1594,0,40,SEP25,2015,
5837537,"Soo, Cheng Hao",SGP,M,,,,1592,0,40,SEP25,2007,i
5819490,"Soon, Jien Hao Ian Zachary",SGP,M,,,,1568,0,40,SEP25,2007,i
5817501,"Sow, MiaoGeng Malcolm",SGP,M,,,,1833,0,20,SEP25,2004,i
25996045,Sreekarthika Velmurugan,SGP,F,WFM,WFM,,1971,0,40,SEP25,2012,w
5849020,"Srinivasan, Ramanujan",SGP,M,,,,1439,0,40,SEP25,2016,
5854881,"Storey, Nathan Blake",SGP,M,,,,1465,0,40,SEP25,2010,i
5848156,"Sun, Leran",SGP,M,,,,1567,0,40,SEP25,2009,
5825296,"Sundar, Raman",SGP,M,,,,1798,0,20,SEP25,1982,
5832020,"Sung, Tze Shyan Evin",SGP,M,,,,1784,0,40,SEP25,2013,
5837405,"Suresh, Arjun",SGP,M,,,,1497,0,40,SEP25,2012,
5828139,"Suryavarman, Chandrasekar",SGP,M,,,,1674,0,40,SEP25,2011,i
5806046,"Swaminathan, Visakan",SGP,M,,,,1430,0,20,SEP25,2004,i
5818389,"Syed, Abdul Aziz Alkaff",SGP,M,,SI,,1846,0,20,SEP25,1961,i
5852684,"Tan, Ashriel Jia En",SGP,M,,,,1531,0,40,SEP25,2008,
5828813,"Tan, Boon Tham",SGP,M,,NA,,1486,0,20,SEP25,1960,i
5845289,"Tan, Bryan Kwang Wee",SGP,M,,,,1467,0,20,SEP25,2005,i
5840864,"Tan, Chok Joo",SGP,M,,,,AIM,1599,0,SEP25,2005,
5807794,"Tan, Chong Hien Andrew",SGP,M,,"SI,NA",,1630,0,20,SEP25,1998,
5825156,"Tan, D Hearn",SGP,M,,,,1436,0,40,SEP25,2007,i
5824842,"Tan, Deng Jin Benedict",SGP,M,,,,1738,0,20,SEP25,2003,i
5848237,"Tan, Dezheng Daniel",SGP,M,,,,1491,0,20,SEP25,1981,
5840473,"Tan, Ethan",SGP,M,,,,1416,0,20,SEP25,2002,i
5803985,"Tan, Han Liang",SGP,M,,,,1914,0,20,SEP25,1994,i
5849500,"Tan, JiaHe George",SGP,M,,,,1523,0,40,SEP25,2012,
129057499,"Tan, Jimmy",SGP,M,,,,AIM,1867,0,SEP25,1972,i
5807808,"Tan, Jin Chew Andrew",SGP,M,,,,1869,0,20,SEP25,1998,
5808880,"Tan, Jing Kai Bryce",SGP,M,,,,1769,0,20,SEP25,2002,
5850134,"Tan, Jing Xun Jayden",SGP,M,,,,1491,0,40,SEP25,2016,
5845769,"Tan, Jingying Sonia",SGP,F,,,,1564,0,40,SEP25,2014,w
5828635,"Tan, Jun De Alexander",SGP,M,,,,1548,0,40,SEP25,2010,i
5805678,"Tan, Jun Hao",SGP,M,CM,,,1986,9,20,SEP25,2001,
5874696,"Tan, Jun Heng",SGP,M,,,,1559,0,20,SEP25,2002,
5806496,"Tan, Jun Yi Royce",SGP,M,,,,1787,0,20,SEP25,2003,i
5837839,"Tan, Keng Xia Alan",SGP,M,,,,1509,0,20,SEP25,2002,
5800609,"Tan, Kenneth",SGP,M,,,,2084,0,20,SEP25,1967,
5805333,"Tan, Li Cheng Julia",SGP,F,,,,1699,0,20,SEP25,1999,wi
5812593,"Tan, Li Ern Danelle",SGP,F,,,,1693,0,20,SEP25,2004,wi
5838789,"Tan, Li Ya Leah",SGP,F,,,,AFM,1438,0,SEP25,2014,w
5813697,"Tan, Meng Wei",SGP,M,,,,1822,0,20,SEP25,1972,i
5804663,"Tan, Ming Ying Samuel",SGP,M,,,,1648,0,20,SEP25,2001,i
5819520,"Tan, Myn Jae",SGP,M,,,,1616,0,40,SEP25,2007,
129105424,"Tan, Nelson",SGP,M,,,,AFM,1435,0,SEP25,1971,
5832829,"Tan, Peng Yi Arthur",SGP,M,,,,1419,0,20,SEP25,2006,i
5826918,"Tan, Pin Zong Schuyler",SGP,M,,,,1430,0,40,SEP25,2008,i
5877555,"Tan, Qing Ze",SGP,M,,,,1456,0,40,SEP25,2008,
5838231,"Tan, Rui",SGP,M,,,,ACM,1554,0,SEP25,2008,
5816840,"Tan, Si Min",SGP,F,,,,1515,0,20,SEP25,2000,wi
5813522,"Tan, Teck Woon",SGP,M,,,,1711,0,20,SEP25,1975,i
5859476,"Tan, Timothy",SGP,M,,,,1412,0,40,SEP25,2011,
5869366,"Tan, Toddson",SGP,M,,,,1511,0,40,SEP25,2008,
5805295,"Tan, Tze Lin Tommy",SGP,M,,,,AFM,1862,0,SEP25,2000,i
5832640,"Tan, Utt Heng Trevan",SGP,M,,,,ACM,1456,0,SEP25,2013,i
5856191,"Tan, Wei Jie",SGP,M,,,,1434,0,20,SEP25,1984,i
5801974,"Tan, Weiliang",SGP,M,CM,,,2155,0,20,SEP25,1993,i
5823137,"Tan, Xuan Ying",SGP,F,,,,1633,9,40,SEP25,2008,w
5835836,"Tan, Xuan Ying Calyn",SGP,F,,,,1643,0,40,SEP25,2014,w
5836522,"Tan, Yan Chen Nicander",SGP,M,,,,1625,8,40,SEP25,2008,
5823382,"Tan, Yee Lei Caleb",SGP,M,,,,1473,0,40,SEP25,2010,i
5816947,"Tan, Yi Ern Merrick",SGP,M,,,,1710,0,20,SEP25,2006,i
5818249,"Tan, Yian Hau",SGP,M,,,,1732,0,20,SEP25,2004,
5847508,"Tan, Yishun Edison",SGP,M,,,,AGM,1497,0,SEP25,1983,
5837413,"Tan, You Jun Eugene",SGP,M,,,,1515,0,40,SEP25,2007,i
5820847,"Tan, Zhiren Bradley",SGP,M,,,,1767,0,20,SEP25,2002,i
5813123,"Tan, Zhong Kai",SGP,M,,,,1895,0,20,SEP25,2000,
5816688,"Tang, Cheng Ci Bryan",SGP,M,,,,1555,0,20,SEP25,2005,i
5835445,"Tang, Kyle",SGP,M,,,,1648,0,20,SEP25,2001,
5820855,"Tang, Ngai Juan Dixon",SGP,M,,,,AFM,1594,0,SEP25,2006,i
5817684,"Tang, Sheng Joelson",SGP,M,,,,1787,0,20,SEP25,1987,i
5834252,"Tang, Yan Wei Kevin",SGP,M,,NA,,AFM,1524,11,SEP25,1998,
5817331,"Tang, Yiheng",SGP,M,,NA,,1842,0,20,SEP25,2006,
5820570,"Tang, Yiren",SGP,M,,,,1443,0,40,SEP25,2009,i
5835585,"Tang, Ziru",SGP,F,,,,1452,0,40,SEP25,2013,wi
5825792,"Tanuj, Khosla",SGP,M,,,,1411,0,20,SEP25,1983,i
33465045,Tanvi Trivedi,SGP,F,,,,1456,0,40,SEP25,2015,w
5824990,"Tarini, Jagadeesh",SGP,F,,,,1410,0,40,SEP25,2008,wi
5854911,"Tay, Cameron",SGP,M,,,,1450,0,40,SEP25,2017,
5839041,"Tay, Julian Yu Sheng",SGP,M,,,,1522,0,40,SEP25,2007,i
5800439,"Tay, Junior",SGP,M,CM,,,2216,0,20,SEP25,1970,i
5800927,"Tay, Li Jin Jeslin",SGP,F,WFM,WFM,,2021,0,20,SEP25,1990,wi
5804388,"Tay, Quan Li Leon",SGP,M,,,,1888,0,20,SEP25,1995,i
5828619,"Tay, Shing Yee",SGP,M,,,,1581,0,20,SEP25,1976,i
5828643,"Tay, Yi Xiang",SGP,M,,,,1734,0,40,SEP25,2008,
5808952,"Tay, Zhi Sheng Jacob",SGP,M,,,,1804,0,20,SEP25,2002,i
5826624,"Teah, Jared",SGP,M,,,,1722,0,40,SEP25,2011,
5854520,"Teo, Chi You Joshua",SGP,M,,,,1463,0,40,SEP25,2011,i
5835518,"Teo, Hong Kai Javier",SGP,M,,,,AIM,1896,13,SEP25,2012,
5809576,"Teo, Hong Ming",SGP,M,,,,1891,7,20,SEP25,2001,
5836654,"Teo, Jek Kai Aloysius",SGP,M,,,,1851,0,20,SEP25,2002,
5822637,"Teo, Jun Kai Ethan",SGP,M,,,,1839,0,20,SEP25,2006,i
5800056,"Teo, Kok Siong",SGP,M,FM,,,2091,0,20,SEP25,1960,i
5847486,"Teo, Nicolas Zhi Yong",SGP,M,,,,1518,0,20,SEP25,2003,i
5836620,"Teo, Wei Xuan Raphael",SGP,M,,,,1400,0,40,SEP25,2010,
5816262,"Teo, Xavier",SGP,M,,,,1614,0,20,SEP25,2003,i
5804701,"Teo, Xu Yuan Nicholas",SGP,M,,,,1753,0,20,SEP25,1998,i
5832420,"Teo, Zhi Heng Jovan",SGP,M,,,,ACM,1438,0,SEP25,2008,i
5834384,"Teo, Zhi Rong Jeroy",SGP,M,,,,1466,0,40,SEP25,2009,i
5835526,"Teo, Zhiguang",SGP,M,,NA,,1481,0,20,SEP25,1982,
5833396,"Teoh, John",SGP,M,,,,1567,0,40,SEP25,2013,i
5839327,"Tham, Ming Cher",SGP,M,,,,1570,7,20,SEP25,2006,
5828864,"Thoo, Jun Xue Tristan",SGP,M,,,,1480,0,40,SEP25,2008,
5220149,"Tiburcio, Jayson Jacobo",SGP,M,,,,1624,0,40,SEP25,2008,i
5836506,"Timothy, Gerard Lopez",SGP,M,,,,1581,5,20,SEP25,1999,
5806070,"Tin, Jingshun",SGP,M,,,,1739,0,20,SEP25,2005,i
5804418,"Tin, Jingyao",SGP,M,GM,,,2474,0,10,SEP25,2000,
5806453,"Tin, Ruiqi",SGP,F,,,,1790,0,20,SEP25,2002,wi
5866618,"Ting, Peng Chee Gideon",SGP,M,,,,1665,0,20,SEP25,2004,
5838940,"Tiong, Jaydon Kai Tai",SGP,M,,,,1639,0,40,SEP25,2015,
5829011,"Tobin, Paul Nicholas",SGP,M,,,,1577,0,20,SEP25,1964,
5829020,"Tobin, William Christie",SGP,M,,,,1487,0,20,SEP25,2006,
5848768,"Toh, Jun Yu",SGP,M,,,,1488,0,40,SEP25,2009,i
5837111,"Toh, Jun Yu Zondus",SGP,M,,,,AFM,1550,11,SEP25,2008,
5836603,"Toh, Xue Wen Sheares",SGP,M,,,,1416,0,20,SEP25,1999,i
5831369,"Toh, Zhi Kai Jonathan",SGP,M,,,,1574,0,20,SEP25,1998,
5847982,"Tok, Darrell Shao Ley",SGP,M,,,,1428,0,20,SEP25,2006,
5833779,"Tong, Yaocong Isaac",SGP,M,,,,ACM,1430,0,SEP25,2011,i
5803055,"Tong, Yimin",SGP,M,,,,1962,0,20,SEP25,1991,i
1208624,"Urcan, Olimpiu G",SGP,M,CM,,,2114,0,20,SEP25,1977,i
5836743,"Vaishak, Pradeep",SGP,M,,,,1488,0,40,SEP25,2008,
5825890,"Vaishnav, Muralidharan",SGP,M,,,,1517,0,20,SEP25,2001,
33369780,Vedant Nayudu,SGP,M,,,,1737,0,40,SEP25,2011,
5833655,"Vijay, Rege",SGP,M,,,,1762,8,40,SEP25,2009,
5200393,"Villamayor, Buenaventura",SGP,M,GM,FA,,2275,0,10,SEP25,1967,i
5829445,"Vinesh, Venkata Narayanaswamy",SGP,M,,,,ACM,1574,0,SEP25,2010,i
5828970,"Vir, Ravi",SGP,M,,,,1430,0,40,SEP25,2012,i
5851084,"Vishwakarthi, Vihaan",SGP,M,,,,1453,3,40,SEP25,2015,
5851092,"Vishwakarthi, Vikram",SGP,M,,,,1464,5,40,SEP25,2018,
5839467,"Vogel, Francis Michael Li Zhang",SGP,M,,DI,,1796,0,20,SEP25,2005,
5812453,"Wang, Jiahe",SGP,M,,,,1695,0,20,SEP25,2003,
6006566,"Wang, Julian Samuel",SGP,M,,,,1706,0,40,SEP25,2011,i
5831555,"Wang, Junliang",SGP,M,,,,1619,0,20,SEP25,1988,i
5806518,"Wang, Lixin",SGP,M,,,,1750,0,20,SEP25,2004,i
5834856,"Wang, Mi Ya Mia",SGP,F,,,,1505,10,40,SEP25,2014,w
5836131,"Wang, Ningnan",SGP,M,,,,1511,6,40,SEP25,2014,
5839068,"Wang, Rosemarie Claire",SGP,F,,,,1465,0,40,SEP25,2013,wi
5844550,"Wang, Yuchen",SGP,M,,,,1754,13,40,SEP25,2012,
5859506,"Wang, Zhenxuan",SGP,M,,,,AIM,1521,0,SEP25,2011,
5834414,"Wang, Ziyang Bryan",SGP,M,,,,1449,0,40,SEP25,2013,i
5802040,"Wee, Chu En Kelvin",SGP,M,,IA,,2050,0,20,SEP25,1990,i
5801214,"Wee, Chun Jie Eugene",SGP,M,,,,2016,0,20,SEP25,1996,i
5827043,"Wee, Jie-De Jacob",SGP,M,,,,1411,0,40,SEP25,2011,i
5819571,"Wee, Jun Jie Cayden",SGP,M,,,,1557,0,40,SEP25,2007,i
5871000,"Wee, Ryan",SGP,M,,,,1578,0,40,SEP25,2007,
5804019,"Wee, Timothy",SGP,M,,,,1876,0,20,SEP25,1989,i
5836352,"Wee, Yu Heng Lucas John",SGP,M,,,,1728,8,40,SEP25,2016,
5819580,"Wei, Zirui Gabriel",SGP,M,,,,1518,0,40,SEP25,2007,i
5803071,"Wong, Anand",SGP,M,,,,1467,0,20,SEP25,0,
5836441,"Wong, En Ting Alesa",SGP,F,,,,1504,0,40,SEP25,2013,wi
5820456,"Wong, Fan Kong John",SGP,M,,FI,,1729,0,20,SEP25,1963,i
5831571,"Wong, Jun Lin",SGP,M,,,,1471,0,20,SEP25,1999,i
5813131,"Wong, Kai Loon Aston",SGP,M,,,,1500,0,20,SEP25,1996,i
5800030,"Wong, Meng Kong",SGP,M,GM,,,2228,0,20,SEP25,1963,i
5800234,"Wong, Meng Leong",SGP,M,,,,2127,0,20,SEP25,1962,
5831296,"Wong, Ming Wei Benjamin",SGP,M,,,,1586,0,40,SEP25,2012,
5802369,"Wong, Shern Yang Jonathan",SGP,M,FM,,,1865,0,20,SEP25,1996,i
5806500,"Wong, Shyun Fwu Aldrin",SGP,M,,,,AIM,1783,0,SEP25,1970,i
5834694,"Wong, Tzejin Zavier",SGP,M,,,,1464,0,40,SEP25,2014,i
6000908,"Wong, Yee Chit",SGP,M,CM,,,2129,0,20,SEP25,2000,i
5827701,"Wong, Yen-Hsiu Elliot",SGP,M,,,,1896,8,40,SEP25,2011,
5825415,"Wong, Yip Fung",SGP,M,,,,1509,0,40,SEP25,2009,i
5821975,"Wong, Zhenyong Jayden",SGP,M,IM,,,2230,0,20,SEP25,2006,
5806100,"Woon, Sheng Kai Nicholas",SGP,M,,FA,,1533,0,20,SEP25,2002,i
5804906,"Woong, Zhi Wei William",SGP,M,CM,,,2103,0,20,SEP25,2001,i
5833728,"Wu, Chenyu",SGP,M,,,,1724,0,40,SEP25,2014,
6015620,"Wu, Haoyang",SGP,M,,,,1599,0,40,SEP25,2014,
5833540,"Wu, Lin Feng",SGP,M,,,,1706,0,40,SEP25,2007,
5817153,"Xavier, Negron",SGP,M,,,,1642,0,20,SEP25,1997,i
5806119,"Xie, Zu En Jeremiah",SGP,M,,,,1649,0,20,SEP25,2003,i
5872740,"Xu, Chong En",SGP,M,,,,1460,0,40,SEP25,2012,
72900482,"Yadav, Atharv",SGP,M,,,,1495,0,40,SEP25,2007,i
5826144,"Yan, Zhichen",SGP,M,,,,1442,0,40,SEP25,2007,i
5835100,"Yang, Jialu",SGP,M,,,,1522,0,40,SEP25,2013,
5827892,"Yang, Yunsen",SGP,M,,,,1523,0,40,SEP25,2010,
5855411,"Yao, Rui Ze Jonas",SGP,M,,,,AGM,1478,0,SEP25,2010,
5827612,"Yap, Bao Rui Edric",SGP,M,,,,1446,0,40,SEP25,2009,i
5835780,"Yap, Ding Xuan",SGP,M,,,,1628,0,40,SEP25,2008,
5837545,"Yap, Jin Cheng",SGP,M,,,,1688,0,40,SEP25,2008,i
5856183,"Yap, Jyan",SGP,M,,,,1440,0,40,SEP25,2009,
5836832,"Yap, Pao Ming",SGP,M,,,,1561,0,20,SEP25,1970,i
5849411,"Yap, Quan Yi",SGP,M,,,,1558,0,40,SEP25,2015,
33339554,Yashika Das,SGP,F,,,,1520,0,40,SEP25,2010,w
5837529,"Yeap, Jing Chen",SGP,M,,,,1482,0,40,SEP25,2016,
5834163,"Yeap, Jing Feng",SGP,M,,,,1514,0,40,SEP25,2014,
5841291,"Yeduru, Jeremy Prince",SGP,M,,,,1403,0,40,SEP25,2013,i
5826934,"Yen, Gideon",SGP,M,,,,1597,0,40,SEP25,2010,i
5808243,"Yeo, Han Justin Abel",SGP,M,,,,1722,0,20,SEP25,1999,i
5845408,"Yeo, Jin Kai",SGP,M,,NA,,1529,0,20,SEP25,2004,i
5816971,"Yeo, Kai Jun Michael",SGP,M,,,,1608,0,20,SEP25,2006,i
5823293,"Yeo, Klaus Lucas",SGP,M,,,,1863,0,40,SEP25,2009,
5850150,"Yeo, Lucas Li Zhe",SGP,M,,,,1595,0,40,SEP25,2010,
5831407,"Yeo, Matthias Kiran",SGP,M,,,,1459,0,40,SEP25,2012,
5848776,"Yeo, Raphael Matthias",SGP,M,,,,1500,0,40,SEP25,2011,i
5806984,"Yeo, Ruizhi Carwyn",SGP,M,,,,AGM,1924,0,SEP25,2002,i
5836069,"Yeo, Si En Faith",SGP,F,,,,1532,0,40,SEP25,2014,w
5836077,"Yeo, Si Xu Shane",SGP,M,,,,1518,0,40,SEP25,2016,
5836085,"Yeo, Si Xun Shaun",SGP,M,,,,1458,0,40,SEP25,2016,
5823536,"Yeo, Tzer Hee David Stephen",SGP,M,,,,1515,0,20,SEP25,2006,i
5811546,"Yeo, Xian Bin Steward",SGP,M,,,,1566,0,20,SEP25,2004,
5851300,"Yeoh, Peng Yi",SGP,M,,,,1612,0,40,SEP25,2010,i
5710529,"Yeoh, Seong Jui Michael",SGP,M,,,,1734,0,20,SEP25,2005,i
5868203,"Yeung, Tze Hei",SGP,M,,,,1403,0,40,SEP25,2009,
5811554,"Yin, Haoran",SGP,M,,,,1842,0,20,SEP25,2003,
5877873,"Yin, Haoran",SGP,M,,,,1542,0,40,SEP25,2010,
5840333,"Yip, Isaac Yong",SGP,M,,,,1435,0,40,SEP25,2009,
5825806,"Yogesh, Vivek Shelgaonkar",SGP,M,,,,1641,0,20,SEP25,1997,
5802377,"Yong, Han Shawn",SGP,M,,,,1932,0,20,SEP25,1995,i
5822629,"Yong, Phi Lip",SGP,M,,,,1566,0,20,SEP25,1994,i
5813042,"You, Xinyu Tom",SGP,M,,,,1655,0,20,SEP25,2005,i
5833639,"Yu, Bei Hao",SGP,M,,,,1478,0,40,SEP25,2009,
5832179,"Yu, Jianpeng Alvin",SGP,M,,,,1515,0,40,SEP25,2012,
5828686,"Yu, Kaiyi",SGP,M,,,,1600,0,40,SEP25,2012,
5861420,"Yu, Yee Jeremy",SGP,M,,,,1485,0,20,SEP25,1996,
5801877,"Zhang, Changjie",SGP,M,,,,1669,0,20,SEP25,1988,
5844959,"Zhang, Dingxuan",SGP,M,,,,1477,0,40,SEP25,2010,
5835763,"Zhang, Wei En Joel",SGP,M,,,,ACM,1544,0,SEP25,2013,i
5834287,"Zhang, Xinglong",SGP,M,,,,1524,0,20,SEP25,1989,i
5857651,"Zhang, Yunyi",SGP,F,,,,1549,0,40,SEP25,2017,w
5832632,"Zhang, Zixuan",SGP,M,,,,1497,0,40,SEP25,2013,
5837898,"Zheng, Yi Jie",SGP,M,,,,1409,0,40,SEP25,2013,
5832810,"Zheng, Yuanheng",SGP,M,,,,1693,0,20,SEP25,2006,
5849136,"Zhou, Ruixi Kendrick",SGP,M,,,,AFM,1564,0,SEP25,2015,
5837170,"Zhou, Yi Kelvin",SGP,M,,FA,,1481,0,20,SEP25,1998,
5826241,"Ziegler, Jamie Elias",SGP,M,,,,1625,0,40,SEP25,2012,i