[
  {
    "ID Number": "504599"
  },
  {
    "ID Number": "510726"
  },
  {
    "ID Number": "504254"
  },
  {
    "ID Number": "509191"
  },
  {
    "ID Number": "511951"
  },
  {
    "ID Number": "520179"
  },
  {
    "ID Number": "507571"
  },
  {
    "ID Number": "7603053"
  },
  {
    "ID Number": "7601433"
  },
  {
    "ID Number": "507997"
  },
  {
    "ID Number": "7604157"
  },
  {
    "ID Number": "522147"
  },
  {
    "ID Number": "512060"
  },
  {
    "ID Number": "516740"
  },
  {
    "ID Number": "509701"
  },
  {
    "ID Number": "512982"
  },
  {
    "ID Number": "519499"
  },
  {
    "ID Number": "524220"
  },
  {
    "ID Number": "520969"
  },
  {
    "ID Number": "33417075"
  },
  {
    "ID Number": "513199"
  },
  {
    "ID Number": "7600127"
  },
  {
    "ID Number": "514659"
  },
  {
    "ID Number": "515990"
  },
  {
    "ID Number": "510602"
  },
  {
    "ID Number": "44105045"
  },
  {
    "ID Number": "518883"
  },
  {
    "ID Number": "510360"
  },
  {
    "ID Number": "517640"
  },
  {
    "ID Number": "504033"
  },
  {
    "ID Number": "518760"
  },
  {
    "ID Number": "500151"
  },
  {
    "ID Number": "523127"
  },
  {
    "ID Number": "520586"
  },
  {
    "ID Number": "4163907"
  },
  {
    "ID Number": "523232"
  },
  {
    "ID Number": "519405"
  },
  {
    "ID Number": "506702"
  },
  {
    "ID Number": "515582"
  },
  {
    "ID Number": "515728"
  },
  {
    "ID Number": "522627"
  },
  {
    "ID Number": "522619"
  },
  {
    "ID Number": "516058"
  },
  {
    "ID Number": "517828"
  },
  {
    "ID Number": "522236"
  },
  {
    "ID Number": "520705"
  },
  {
    "ID Number": "505170"
  },
  {
    "ID Number": "506591"
  },
  {
    "ID Number": "508071"
  },
  {
    "ID Number": "521477"
  },
  {
    "ID Number": "510106"
  },
  {
    "ID Number": "504262"
  },
  {
    "ID Number": "503894"
  },
  {
    "ID Number": "503886"
  },
  {
    "ID Number": "508403"
  },
  {
    "ID Number": "518158"
  },
  {
    "ID Number": "24177334"
  },
  {
    "ID Number": "521035"
  },
  {
    "ID Number": "518948"
  },
  {
    "ID Number": "521671"
  },
  {
    "ID Number": "511030"
  },
  {
    "ID Number": "524182"
  },
  {
    "ID Number": "515973"
  },
  {
    "ID Number": "517682"
  },
  {
    "ID Number": "501271"
  },
  {
    "ID Number": "508098"
  },
  {
    "ID Number": "518565"
  },
  {
    "ID Number": "502774"
  },
  {
    "ID Number": "519669"
  },
  {
    "ID Number": "509221"
  },
  {
    "ID Number": "516066"
  },
  {
    "ID Number": "523925"
  },
  {
    "ID Number": "521094"
  },
  {
    "ID Number": "501417"
  },
  {
    "ID Number": "501549"
  },
  {
    "ID Number": "29981530"
  },
  {
    "ID Number": "523933"
  },
  {
    "ID Number": "508241"
  },
  {
    "ID Number": "507865"
  },
  {
    "ID Number": "522996"
  },
  {
    "ID Number": "501301"
  },
  {
    "ID Number": "517011"
  },
  {
    "ID Number": "1706063"
  },
  {
    "ID Number": "514101"
  },
  {
    "ID Number": "520039"
  },
  {
    "ID Number": "503045"
  },
  {
    "ID Number": "500240"
  },
  {
    "ID Number": "519820"
  },
  {
    "ID Number": "512419"
  },
  {
    "ID Number": "519880"
  },
  {
    "ID Number": "501239"
  },
  {
    "ID Number": "514179"
  },
  {
    "ID Number": "500933"
  },
  {
    "ID Number": "500542"
  },
  {
    "ID Number": "517224"
  },
  {
    "ID Number": "504564"
  },
  {
    "ID Number": "519090"
  },
  {
    "ID Number": "501719"
  },
  {
    "ID Number": "521396"
  },
  {
    "ID Number": "501484"
  },
  {
    "ID Number": "503240"
  },
  {
    "ID Number": "506931"
  },
  {
    "ID Number": "504297"
  },
  {
    "ID Number": "513350"
  },
  {
    "ID Number": "514896"
  },
  {
    "ID Number": "516040"
  },
  {
    "ID Number": "522686"
  },
  {
    "ID Number": "514977"
  },
  {
    "ID Number": "515485"
  },
  {
    "ID Number": "522678"
  },
  {
    "ID Number": "513407"
  },
  {
    "ID Number": "510572"
  },
  {
    "ID Number": "504220"
  },
  {
    "ID Number": "515531"
  },
  {
    "ID Number": "504548"
  },
  {
    "ID Number": "514128"
  },
  {
    "ID Number": "517526"
  },
  {
    "ID Number": "513202"
  },
  {
    "ID Number": "502448"
  },
  {
    "ID Number": "513210"
  },
  {
    "ID Number": "513040"
  },
  {
    "ID Number": "523941"
  },
  {
    "ID Number": "509639"
  },
  {
    "ID Number": "514373"
  },
  {
    "ID Number": "506800"
  },
  {
    "ID Number": "521183"
  },
  {
    "ID Number": "518816"
  },
  {
    "ID Number": "506958"
  },
  {
    "ID Number": "516376"
  },
  {
    "ID Number": "519650"
  },
  {
    "ID Number": "518611"
  },
  {
    "ID Number": "519707"
  },
  {
    "ID Number": "522864"
  },
  {
    "ID Number": "508225"
  },
  {
    "ID Number": "513113"
  },
  {
    "ID Number": "512893"
  },
  {
    "ID Number": "518522"
  },
  {
    "ID Number": "507369"
  },
  {
    "ID Number": "502081"
  },
  {
    "ID Number": "521051"
  },
  {
    "ID Number": "504742"
  },
  {
    "ID Number": "504203"
  },
  {
    "ID Number": "500585"
  },
  {
    "ID Number": "503390"
  },
  {
    "ID Number": "509256"
  },
  {
    "ID Number": "34101737"
  },
  {
    "ID Number": "509825"
  },
  {
    "ID Number": "500348"
  },
  {
    "ID Number": "919330"
  },
  {
    "ID Number": "508560"
  },
  {
    "ID Number": "523887"
  },
  {
    "ID Number": "514942"
  },
  {
    "ID Number": "505730"
  },
  {
    "ID Number": "510505"
  },
  {
    "ID Number": "502243"
  },
  {
    "ID Number": "501204"
  },
  {
    "ID Number": "501646"
  },
  {
    "ID Number": "505560"
  },
  {
    "ID Number": "500569"
  },
  {
    "ID Number": "506303"
  },
  {
    "ID Number": "511773"
  },
  {
    "ID Number": "501921"
  },
  {
    "ID Number": "510513"
  },
  {
    "ID Number": "501689"
  },
  {
    "ID Number": "500399"
  },
  {
    "ID Number": "5800803"
  },
  {
    "ID Number": "506311"
  },
  {
    "ID Number": "514624"
  },
  {
    "ID Number": "505358"
  },
  {
    "ID Number": "509779"
  },
  {
    "ID Number": "501352"
  },
  {
    "ID Number": "519120"
  },
  {
    "ID Number": "519154"
  },
  {
    "ID Number": "514918"
  },
  {
    "ID Number": "515183"
  },
  {
    "ID Number": "521256"
  },
  {
    "ID Number": "511170"
  },
  {
    "ID Number": "34434712"
  },
  {
    "ID Number": "508993"
  },
  {
    "ID Number": "515868"
  },
  {
    "ID Number": "521493"
  },
  {
    "ID Number": "1706594"
  },
  {
    "ID Number": "509116"
  },
  {
    "ID Number": "504769"
  },
  {
    "ID Number": "350191034"
  },
  {
    "ID Number": "350191043"
  },
  {
    "ID Number": "519200"
  },
  {
    "ID Number": "520047"
  },
  {
    "ID Number": "500720"
  },
  {
    "ID Number": "504823"
  },
  {
    "ID Number": "503380"
  },
  {
    "ID Number": "514446"
  },
  {
    "ID Number": "517160"
  },
  {
    "ID Number": "504319"
  },
  {
    "ID Number": "517968"
  },
  {
    "ID Number": "523666"
  },
  {
    "ID Number": "518042"
  },
  {
    "ID Number": "514713"
  },
  {
    "ID Number": "513989"
  },
  {
    "ID Number": "514284"
  },
  {
    "ID Number": "513814"
  },
  {
    "ID Number": "508314"
  },
  {
    "ID Number": "517658"
  },
  {
    "ID Number": "523470"
  },
  {
    "ID Number": "11629452"
  },
  {
    "ID Number": "510750"
  },
  {
    "ID Number": "507008"
  },
  {
    "ID Number": "501425"
  },
  {
    "ID Number": "501760"
  },
  {
    "ID Number": "510785"
  },
  {
    "ID Number": "512737"
  },
  {
    "ID Number": "510394"
  },
  {
    "ID Number": "504327"
  },
  {
    "ID Number": "512532"
  },
  {
    "ID Number": "501409"
  },
  {
    "ID Number": "500950"
  },
  {
    "ID Number": "505587"
  },
  {
    "ID Number": "520667"
  },
  {
    "ID Number": "510777"
  },
  {
    "ID Number": "504335"
  },
  {
    "ID Number": "519685"
  },
  {
    "ID Number": "505048"
  },
  {
    "ID Number": "512745"
  },
  {
    "ID Number": "513032"
  },
  {
    "ID Number": "65000056"
  },
  {
    "ID Number": "516880"
  },
  {
    "ID Number": "500305"
  },
  {
    "ID Number": "520713"
  },
  {
    "ID Number": "515566"
  },
  {
    "ID Number": "509868"
  },
  {
    "ID Number": "506737"
  },
  {
    "ID Number": "502200"
  },
  {
    "ID Number": "501980"
  },
  {
    "ID Number": "501174"
  },
  {
    "ID Number": "506001"
  },
  {
    "ID Number": "521680"
  },
  {
    "ID Number": "520420"
  },
  {
    "ID Number": "505862"
  },
  {
    "ID Number": "502014"
  },
  {
    "ID Number": "508012"
  },
  {
    "ID Number": "507601"
  },
  {
    "ID Number": "514870"
  },
  {
    "ID Number": "501590"
  },
  {
    "ID Number": "522392"
  },
  {
    "ID Number": "506516"
  },
  {
    "ID Number": "502022"
  },
  {
    "ID Number": "519693"
  },
  {
    "ID Number": "515493"
  },
  {
    "ID Number": "501808"
  },
  {
    "ID Number": "504246"
  },
  {
    "ID Number": "521116"
  },
  {
    "ID Number": "522600"
  },
  {
    "ID Number": "514357"
  },
  {
    "ID Number": "501344"
  },
  {
    "ID Number": "510599"
  },
  {
    "ID Number": "1704036"
  },
  {
    "ID Number": "516384"
  },
  {
    "ID Number": "502197"
  },
  {
    "ID Number": "522430"
  },
  {
    "ID Number": "518310"
  },
  {
    "ID Number": "507423"
  },
  {
    "ID Number": "502227"
  },
  {
    "ID Number": "513938"
  },
  {
    "ID Number": "507890"
  },
  {
    "ID Number": "520675"
  },
  {
    "ID Number": "524212"
  },
  {
    "ID Number": "520349"
  },
  {
    "ID Number": "516228"
  },
  {
    "ID Number": "509108"
  },
  {
    "ID Number": "521019"
  },
  {
    "ID Number": "522481"
  },
  {
    "ID Number": "524484"
  },
  {
    "ID Number": "524263"
  },
  {
    "ID Number": "524190"
  },
  {
    "ID Number": "501875"
  },
  {
    "ID Number": "503126"
  },
  {
    "ID Number": "501050"
  },
  {
    "ID Number": "519316"
  },
  {
    "ID Number": "512656"
  },
  {
    "ID Number": "34139920"
  },
  {
    "ID Number": "509205"
  },
  {
    "ID Number": "515914"
  },
  {
    "ID Number": "510440"
  },
  {
    "ID Number": "513830"
  },
  {
    "ID Number": "503517"
  },
  {
    "ID Number": "507628"
  },
  {
    "ID Number": "507105"
  },
  {
    "ID Number": "515515"
  },
  {
    "ID Number": "502723"
  },
  {
    "ID Number": "504815"
  },
  {
    "ID Number": "518638"
  },
  {
    "ID Number": "510297"
  },
  {
    "ID Number": "522848"
  },
  {
    "ID Number": "522767"
  },
  {
    "ID Number": "500518"
  },
  {
    "ID Number": "522732"
  },
  {
    "ID Number": "500259"
  },
  {
    "ID Number": "515221"
  },
  {
    "ID Number": "504378"
  },
  {
    "ID Number": "505374"
  },
  {
    "ID Number": "500739"
  },
  {
    "ID Number": "518280"
  },
  {
    "ID Number": "505277"
  },
  {
    "ID Number": "503568"
  },
  {
    "ID Number": "503665"
  },
  {
    "ID Number": "508640"
  },
  {
    "ID Number": "506567"
  },
  {
    "ID Number": "4505344"
  },
  {
    "ID Number": "500160"
  },
  {
    "ID Number": "522023"
  },
  {
    "ID Number": "519260"
  },
  {
    "ID Number": "505927"
  },
  {
    "ID Number": "523429"
  },
  {
    "ID Number": "503142"
  },
  {
    "ID Number": "520985"
  },
  {
    "ID Number": "521469"
  },
  {
    "ID Number": "502138"
  },
  {
    "ID Number": "519723"
  },
  {
    "ID Number": "523445"
  },
  {
    "ID Number": "503576"
  },
  {
    "ID Number": "504840"
  },
  {
    "ID Number": "521140"
  },
  {
    "ID Number": "519588"
  },
  {
    "ID Number": "522597"
  },
  {
    "ID Number": "503940"
  },
  {
    "ID Number": "504963"
  },
  {
    "ID Number": "505285"
  },
  {
    "ID Number": "502995"
  },
  {
    "ID Number": "518727"
  },
  {
    "ID Number": "500879"
  },
  {
    "ID Number": "520578"
  },
  {
    "ID Number": "514667"
  },
  {
    "ID Number": "519073"
  },
  {
    "ID Number": "350191286"
  },
  {
    "ID Number": "502375"
  },
  {
    "ID Number": "502812"
  },
  {
    "ID Number": "521400"
  },
  {
    "ID Number": "507776"
  },
  {
    "ID Number": "508063"
  },
  {
    "ID Number": "504092"
  },
  {
    "ID Number": "514764"
  },
  {
    "ID Number": "516449"
  },
  {
    "ID Number": "522724"
  },
  {
    "ID Number": "521108"
  },
  {
    "ID Number": "509337"
  },
  {
    "ID Number": "518930"
  },
  {
    "ID Number": "505838"
  },
  {
    "ID Number": "502545"
  },
  {
    "ID Number": "519308"
  },
  {
    "ID Number": "502456"
  },
  {
    "ID Number": "514381"
  },
  {
    "ID Number": "507644"
  },
  {
    "ID Number": "508349"
  },
  {
    "ID Number": "520268"
  },
  {
    "ID Number": "506478"
  },
  {
    "ID Number": "507156"
  },
  {
    "ID Number": "523984"
  },
  {
    "ID Number": "515779"
  },
  {
    "ID Number": "515957"
  },
  {
    "ID Number": "505935"
  },
  {
    "ID Number": "501603"
  },
  {
    "ID Number": "520632"
  },
  {
    "ID Number": "519189"
  },
  {
    "ID Number": "503878"
  },
  {
    "ID Number": "500712"
  },
  {
    "ID Number": "504572"
  },
  {
    "ID Number": "516392"
  },
  {
    "ID Number": "502324"
  },
  {
    "ID Number": "519731"
  },
  {
    "ID Number": "521159"
  },
  {
    "ID Number": "503649"
  },
  {
    "ID Number": "510050"
  },
  {
    "ID Number": "505145"
  },
  {
    "ID Number": "503738"
  },
  {
    "ID Number": "518832"
  },
  {
    "ID Number": "508551"
  },
  {
    "ID Number": "518867"
  },
  {
    "ID Number": "500917"
  },
  {
    "ID Number": "24148016"
  },
  {
    "ID Number": "504459"
  },
  {
    "ID Number": "502804"
  },
  {
    "ID Number": "518824"
  },
  {
    "ID Number": "516589"
  },
  {
    "ID Number": "517437"
  },
  {
    "ID Number": "513423"
  },
  {
    "ID Number": "519715"
  },
  {
    "ID Number": "511420"
  },
  {
    "ID Number": "503673"
  },
  {
    "ID Number": "504025"
  },
  {
    "ID Number": "522074"
  },
  {
    "ID Number": "505080"
  },
  {
    "ID Number": "518859"
  },
  {
    "ID Number": "518220"
  },
  {
    "ID Number": "501883"
  },
  {
    "ID Number": "515590"
  },
  {
    "ID Number": "516104"
  },
  {
    "ID Number": "502685"
  },
  {
    "ID Number": "512834"
  },
  {
    "ID Number": "516139"
  },
  {
    "ID Number": "508578"
  },
  {
    "ID Number": "510637"
  },
  {
    "ID Number": "523372"
  },
  {
    "ID Number": "500593"
  },
  {
    "ID Number": "517577"
  },
  {
    "ID Number": "511463"
  },
  {
    "ID Number": "44107730"
  },
  {
    "ID Number": "501115"
  },
  {
    "ID Number": "510203"
  },
  {
    "ID Number": "503231"
  },
  {
    "ID Number": "521060"
  },
  {
    "ID Number": "514691"
  },
  {
    "ID Number": "511960"
  },
  {
    "ID Number": "509612"
  },
  {
    "ID Number": "507202"
  },
  {
    "ID Number": "522228"
  },
  {
    "ID Number": "522708"
  },
  {
    "ID Number": "522317"
  },
  {
    "ID Number": "522635"
  },
  {
    "ID Number": "519219"
  },
  {
    "ID Number": "511285"
  },
  {
    "ID Number": "517690"
  },
  {
    "ID Number": "501522"
  },
  {
    "ID Number": "516210"
  },
  {
    "ID Number": "503398"
  },
  {
    "ID Number": "515191"
  },
  {
    "ID Number": "519286"
  },
  {
    "ID Number": "505455"
  },
  {
    "ID Number": "515450"
  },
  {
    "ID Number": "515469"
  },
  {
    "ID Number": "502820"
  },
  {
    "ID Number": "520063"
  },
  {
    "ID Number": "511129"
  },
  {
    "ID Number": "4157052"
  },
  {
    "ID Number": "4169654"
  },
  {
    "ID Number": "24280410"
  },
  {
    "ID Number": "519766"
  },
  {
    "ID Number": "24296600"
  },
  {
    "ID Number": "500763"
  },
  {
    "ID Number": "514160"
  },
  {
    "ID Number": "524042"
  },
  {
    "ID Number": "515418"
  },
  {
    "ID Number": "521922"
  },
  {
    "ID Number": "512176"
  },
  {
    "ID Number": "501735"
  },
  {
    "ID Number": "523402"
  },
  {
    "ID Number": "504467"
  },
  {
    "ID Number": "518875"
  },
  {
    "ID Number": "517615"
  },
  {
    "ID Number": "519529"
  },
  {
    "ID Number": "519782"
  },
  {
    "ID Number": "502901"
  },
  {
    "ID Number": "509515"
  },
  {
    "ID Number": "502405"
  },
  {
    "ID Number": "512842"
  },
  {
    "ID Number": "519812"
  },
  {
    "ID Number": "516864"
  },
  {
    "ID Number": "506524"
  },
  {
    "ID Number": "513903"
  },
  {
    "ID Number": "521701"
  },
  {
    "ID Number": "506621"
  },
  {
    "ID Number": "517089"
  },
  {
    "ID Number": "522066"
  },
  {
    "ID Number": "505340"
  },
  {
    "ID Number": "514187"
  },
  {
    "ID Number": "502251"
  },
  {
    "ID Number": "514608"
  },
  {
    "ID Number": "523704"
  },
  {
    "ID Number": "522821"
  },
  {
    "ID Number": "503622"
  },
  {
    "ID Number": "502740"
  },
  {
    "ID Number": "521329"
  },
  {
    "ID Number": "507660"
  },
  {
    "ID Number": "518590"
  },
  {
    "ID Number": "507245"
  },
  {
    "ID Number": "514900"
  },
  {
    "ID Number": "502340"
  },
  {
    "ID Number": "505129"
  },
  {
    "ID Number": "503703"
  },
  {
    "ID Number": "505668"
  },
  {
    "ID Number": "503401"
  },
  {
    "ID Number": "510947"
  },
  {
    "ID Number": "508209"
  },
  {
    "ID Number": "503088"
  },
  {
    "ID Number": "517763"
  },
  {
    "ID Number": "511196"
  },
  {
    "ID Number": "511412"
  },
  {
    "ID Number": "521078"
  },
  {
    "ID Number": "522694"
  },
  {
    "ID Number": "509272"
  },
  {
    "ID Number": "514861"
  },
  {
    "ID Number": "509590"
  },
  {
    "ID Number": "507555"
  },
  {
    "ID Number": "510076"
  },
  {
    "ID Number": "500054"
  },
  {
    "ID Number": "517046"
  },
  {
    "ID Number": "520977"
  },
  {
    "ID Number": "522740"
  },
  {
    "ID Number": "519065"
  },
  {
    "ID Number": "34134603"
  },
  {
    "ID Number": "517208"
  },
  {
    "ID Number": "503169"
  },
  {
    "ID Number": "515604"
  },
  {
    "ID Number": "509663"
  },
  {
    "ID Number": "521086"
  },
  {
    "ID Number": "518271"
  },
  {
    "ID Number": "506664"
  },
  {
    "ID Number": "501611"
  },
  {
    "ID Number": "500607"
  },
  {
    "ID Number": "517461"
  },
  {
    "ID Number": "1703196"
  },
  {
    "ID Number": "522783"
  },
  {
    "ID Number": "506486"
  },
  {
    "ID Number": "509850"
  },
  {
    "ID Number": "34191442"
  },
  {
    "ID Number": "520802"
  },
  {
    "ID Number": "509876"
  },
  {
    "ID Number": "508217"
  },
  {
    "ID Number": "506575"
  },
  {
    "ID Number": "521230"
  },
  {
    "ID Number": "503967"
  },
  {
    "ID Number": "517348"
  },
  {
    "ID Number": "520837"
  },
  {
    "ID Number": "513024"
  },
  {
    "ID Number": "517216"
  },
  {
    "ID Number": "517275"
  },
  {
    "ID Number": "4618955"
  },
  {
    "ID Number": "501042"
  },
  {
    "ID Number": "514586"
  },
  {
    "ID Number": "500011"
  },
  {
    "ID Number": "519359"
  },
  {
    "ID Number": "520543"
  },
  {
    "ID Number": "522082"
  },
  {
    "ID Number": "524174"
  },
  {
    "ID Number": "8657734"
  },
  {
    "ID Number": "522953"
  },
  {
    "ID Number": "522643"
  },
  {
    "ID Number": "519030"
  }
]