[
  {
    "ID Number": "4829603"
  },
  {
    "ID Number": "4801628"
  },
  {
    "ID Number": "4832345"
  },
  {
    "ID Number": "4804937"
  },
  {
    "ID Number": "4806778"
  },
  {
    "ID Number": "4827260"
  },
  {
    "ID Number": "4808452"
  },
  {
    "ID Number": "4814061"
  },
  {
    "ID Number": "4800613"
  },
  {
    "ID Number": "4802330"
  },
  {
    "ID Number": "4824261"
  },
  {
    "ID Number": "4812212"
  },
  {
    "ID Number": "4819586"
  },
  {
    "ID Number": "4822927"
  },
  {
    "ID Number": "4812433"
  },
  {
    "ID Number": "4828186"
  },
  {
    "ID Number": "4827627"
  },
  {
    "ID Number": "4813936"
  },
  {
    "ID Number": "4830210"
  },
  {
    "ID Number": "4826787"
  },
  {
    "ID Number": "4817575"
  },
  {
    "ID Number": "4824776"
  },
  {
    "ID Number": "4819608"
  },
  {
    "ID Number": "4841603"
  },
  {
    "ID Number": "4818172"
  },
  {
    "ID Number": "4827287"
  },
  {
    "ID Number": "4835522"
  },
  {
    "ID Number": "4814622"
  },
  {
    "ID Number": "4838793"
  },
  {
    "ID Number": "4801849"
  },
  {
    "ID Number": "4815823"
  },
  {
    "ID Number": "4839250"
  },
  {
    "ID Number": "4813731"
  },
  {
    "ID Number": "4800079"
  },
  {
    "ID Number": "4821971"
  },
  {
    "ID Number": "4817117"
  },
  {
    "ID Number": "4814118"
  },
  {
    "ID Number": "4811232"
  },
  {
    "ID Number": "4808118"
  },
  {
    "ID Number": "4812026"
  },
  {
    "ID Number": "4820401"
  },
  {
    "ID Number": "4826108"
  },
  {
    "ID Number": "4816773"
  },
  {
    "ID Number": "4824270"
  },
  {
    "ID Number": "4827309"
  },
  {
    "ID Number": "4802071"
  },
  {
    "ID Number": "4808509"
  },
  {
    "ID Number": "4830296"
  },
  {
    "ID Number": "4822013"
  },
  {
    "ID Number": "4835239"
  },
  {
    "ID Number": "4803191"
  },
  {
    "ID Number": "4820991"
  },
  {
    "ID Number": "4806204"
  },
  {
    "ID Number": "4827317"
  },
  {
    "ID Number": "4822552"
  },
  {
    "ID Number": "4817591"
  },
  {
    "ID Number": "4813014"
  },
  {
    "ID Number": "4800230"
  },
  {
    "ID Number": "4802179"
  },
  {
    "ID Number": "4807235"
  },
  {
    "ID Number": "4807766"
  },
  {
    "ID Number": "4805623"
  },
  {
    "ID Number": "4800192"
  },
  {
    "ID Number": "4804929"
  },
  {
    "ID Number": "4800427"
  },
  {
    "ID Number": "4806700"
  },
  {
    "ID Number": "4806476"
  },
  {
    "ID Number": "4805984"
  },
  {
    "ID Number": "4806042"
  },
  {
    "ID Number": "4800168"
  },
  {
    "ID Number": "4809190"
  },
  {
    "ID Number": "4803132"
  },
  {
    "ID Number": "4801067"
  },
  {
    "ID Number": "4800087"
  },
  {
    "ID Number": "4814452"
  },
  {
    "ID Number": "4801040"
  },
  {
    "ID Number": "4801458"
  },
  {
    "ID Number": "4823001"
  },
  {
    "ID Number": "4827198"
  },
  {
    "ID Number": "4812395"
  },
  {
    "ID Number": "4825454"
  },
  {
    "ID Number": "4813022"
  },
  {
    "ID Number": "4806727"
  },
  {
    "ID Number": "10602348"
  },
  {
    "ID Number": "4808436"
  },
  {
    "ID Number": "4801776"
  },
  {
    "ID Number": "4801180"
  },
  {
    "ID Number": "4810171"
  },
  {
    "ID Number": "4808738"
  },
  {
    "ID Number": "4811569"
  },
  {
    "ID Number": "4808746"
  },
  {
    "ID Number": "4812034"
  },
  {
    "ID Number": "4810139"
  },
  {
    "ID Number": "4810791"
  },
  {
    "ID Number": "4806050"
  },
  {
    "ID Number": "4802870"
  },
  {
    "ID Number": "4807340"
  },
  {
    "ID Number": "4817702"
  },
  {
    "ID Number": "4817443"
  },
  {
    "ID Number": "4806093"
  },
  {
    "ID Number": "4821017"
  },
  {
    "ID Number": "4814401"
  },
  {
    "ID Number": "4817605"
  },
  {
    "ID Number": "4817451"
  },
  {
    "ID Number": "4816609"
  },
  {
    "ID Number": "4812522"
  },
  {
    "ID Number": "4818571"
  },
  {
    "ID Number": "4826680"
  },
  {
    "ID Number": "4800214"
  },
  {
    "ID Number": "4823036"
  },
  {
    "ID Number": "4826809"
  },
  {
    "ID Number": "4821025"
  },
  {
    "ID Number": "4826574"
  },
  {
    "ID Number": "4832353"
  },
  {
    "ID Number": "4826213"
  },
  {
    "ID Number": "4803540"
  },
  {
    "ID Number": "4826817"
  },
  {
    "ID Number": "4835255"
  },
  {
    "ID Number": "4830300"
  },
  {
    "ID Number": "4822099"
  },
  {
    "ID Number": "4829190"
  },
  {
    "ID Number": "4814320"
  },
  {
    "ID Number": "4816617"
  },
  {
    "ID Number": "4802004"
  },
  {
    "ID Number": "4815416"
  },
  {
    "ID Number": "4821041"
  },
  {
    "ID Number": "4823761"
  },
  {
    "ID Number": "4823966"
  },
  {
    "ID Number": "4823770"
  },
  {
    "ID Number": "4828852"
  },
  {
    "ID Number": "4816374"
  },
  {
    "ID Number": "4801920"
  },
  {
    "ID Number": "4809068"
  },
  {
    "ID Number": "4805127"
  },
  {
    "ID Number": "4805135"
  },
  {
    "ID Number": "4817478"
  },
  {
    "ID Number": "4822110"
  },
  {
    "ID Number": "4818245"
  },
  {
    "ID Number": "4816633"
  },
  {
    "ID Number": "4819730"
  },
  {
    "ID Number": "4827333"
  },
  {
    "ID Number": "4807537"
  },
  {
    "ID Number": "4808320"
  },
  {
    "ID Number": "4804074"
  },
  {
    "ID Number": "4802349"
  },
  {
    "ID Number": "4800370"
  },
  {
    "ID Number": "4816242"
  },
  {
    "ID Number": "4804520"
  },
  {
    "ID Number": "4818261"
  },
  {
    "ID Number": "4821076"
  },
  {
    "ID Number": "4805151"
  },
  {
    "ID Number": "4800400"
  },
  {
    "ID Number": "4802543"
  },
  {
    "ID Number": "4814681"
  },
  {
    "ID Number": "4803035"
  },
  {
    "ID Number": "4829654"
  },
  {
    "ID Number": "4813235"
  },
  {
    "ID Number": "4830148"
  },
  {
    "ID Number": "4804902"
  },
  {
    "ID Number": "4814568"
  },
  {
    "ID Number": "4803566"
  },
  {
    "ID Number": "4808142"
  },
  {
    "ID Number": "4831250"
  },
  {
    "ID Number": "4817362"
  },
  {
    "ID Number": "4811496"
  },
  {
    "ID Number": "4823052"
  },
  {
    "ID Number": "4814630"
  },
  {
    "ID Number": "4814479"
  },
  {
    "ID Number": "4828046"
  },
  {
    "ID Number": "4813952"
  },
  {
    "ID Number": "4801636"
  },
  {
    "ID Number": "4803710"
  },
  {
    "ID Number": "4810988"
  },
  {
    "ID Number": "4818318"
  },
  {
    "ID Number": "4802233"
  },
  {
    "ID Number": "4828887"
  },
  {
    "ID Number": "4803450"
  },
  {
    "ID Number": "4816250"
  },
  {
    "ID Number": "4816269"
  },
  {
    "ID Number": "4805933"
  },
  {
    "ID Number": "4835581"
  },
  {
    "ID Number": "4818342"
  },
  {
    "ID Number": "4807111"
  },
  {
    "ID Number": "4806220"
  },
  {
    "ID Number": "4813499"
  },
  {
    "ID Number": "4829220"
  },
  {
    "ID Number": "4817729"
  },
  {
    "ID Number": "4809831"
  },
  {
    "ID Number": "4820193"
  },
  {
    "ID Number": "4807030"
  },
  {
    "ID Number": "4815440"
  },
  {
    "ID Number": "4811658"
  },
  {
    "ID Number": "4817877"
  },
  {
    "ID Number": "4801296"
  },
  {
    "ID Number": "4805925"
  },
  {
    "ID Number": "4812280"
  },
  {
    "ID Number": "4816277"
  },
  {
    "ID Number": "4801156"
  },
  {
    "ID Number": "4820436"
  },
  {
    "ID Number": "4815190"
  },
  {
    "ID Number": "4801300"
  },
  {
    "ID Number": "4808789"
  },
  {
    "ID Number": "4822617"
  },
  {
    "ID Number": "4801830"
  },
  {
    "ID Number": "4805003"
  },
  {
    "ID Number": "4830318"
  },
  {
    "ID Number": "4809793"
  },
  {
    "ID Number": "4810090"
  },
  {
    "ID Number": "4831985"
  },
  {
    "ID Number": "4818687"
  },
  {
    "ID Number": "4807359"
  },
  {
    "ID Number": "4808223"
  },
  {
    "ID Number": "4811500"
  },
  {
    "ID Number": "4827759"
  },
  {
    "ID Number": "4803116"
  },
  {
    "ID Number": "4805780"
  },
  {
    "ID Number": "4808770"
  },
  {
    "ID Number": "4817370"
  },
  {
    "ID Number": "4823834"
  },
  {
    "ID Number": "4801806"
  },
  {
    "ID Number": "4807820"
  },
  {
    "ID Number": "4826841"
  },
  {
    "ID Number": "4806514"
  },
  {
    "ID Number": "4807588"
  },
  {
    "ID Number": "4819829"
  },
  {
    "ID Number": "4811542"
  },
  {
    "ID Number": "4803779"
  },
  {
    "ID Number": "4821092"
  },
  {
    "ID Number": "4827040"
  },
  {
    "ID Number": "4815726"
  },
  {
    "ID Number": "4812581"
  },
  {
    "ID Number": "4802390"
  },
  {
    "ID Number": "4819837"
  },
  {
    "ID Number": "4808991"
  },
  {
    "ID Number": "4806581"
  },
  {
    "ID Number": "4821106"
  },
  {
    "ID Number": "4820584"
  },
  {
    "ID Number": "4821645"
  },
  {
    "ID Number": "4836170"
  },
  {
    "ID Number": "4835417"
  },
  {
    "ID Number": "4805011"
  },
  {
    "ID Number": "4803396"
  },
  {
    "ID Number": "4833805"
  },
  {
    "ID Number": "4835654"
  },
  {
    "ID Number": "4803213"
  },
  {
    "ID Number": "4825071"
  },
  {
    "ID Number": "4801962"
  },
  {
    "ID Number": "4806123"
  },
  {
    "ID Number": "4829905"
  },
  {
    "ID Number": "4832850"
  },
  {
    "ID Number": "4807367"
  },
  {
    "ID Number": "4817885"
  },
  {
    "ID Number": "4825020"
  },
  {
    "ID Number": "4821114"
  },
  {
    "ID Number": "4810953"
  },
  {
    "ID Number": "4815459"
  },
  {
    "ID Number": "4816846"
  },
  {
    "ID Number": "4806140"
  },
  {
    "ID Number": "4808800"
  },
  {
    "ID Number": "4818032"
  },
  {
    "ID Number": "4817613"
  },
  {
    "ID Number": "4818350"
  },
  {
    "ID Number": "4811240"
  },
  {
    "ID Number": "4816668"
  },
  {
    "ID Number": "4808460"
  },
  {
    "ID Number": "4809602"
  },
  {
    "ID Number": "4816854"
  },
  {
    "ID Number": "4828909"
  },
  {
    "ID Number": "4809637"
  },
  {
    "ID Number": "4813049"
  },
  {
    "ID Number": "4814495"
  },
  {
    "ID Number": "4802136"
  },
  {
    "ID Number": "4802721"
  },
  {
    "ID Number": "4811070"
  },
  {
    "ID Number": "4813774"
  },
  {
    "ID Number": "4808363"
  },
  {
    "ID Number": "4824369"
  },
  {
    "ID Number": "4810350"
  },
  {
    "ID Number": "4801164"
  },
  {
    "ID Number": "4803167"
  },
  {
    "ID Number": "4807847"
  },
  {
    "ID Number": "4817494"
  },
  {
    "ID Number": "4804180"
  },
  {
    "ID Number": "4807383"
  },
  {
    "ID Number": "4806824"
  },
  {
    "ID Number": "4815548"
  },
  {
    "ID Number": "4807146"
  },
  {
    "ID Number": "4827066"
  },
  {
    "ID Number": "4808819"
  },
  {
    "ID Number": "4814665"
  },
  {
    "ID Number": "4831519"
  },
  {
    "ID Number": "4826850"
  },
  {
    "ID Number": "4817982"
  },
  {
    "ID Number": "4803728"
  },
  {
    "ID Number": "4823524"
  },
  {
    "ID Number": "4802381"
  },
  {
    "ID Number": "4823532"
  },
  {
    "ID Number": "4805380"
  },
  {
    "ID Number": "4802730"
  },
  {
    "ID Number": "4813782"
  },
  {
    "ID Number": "4832540"
  },
  {
    "ID Number": "4811399"
  },
  {
    "ID Number": "4814088"
  },
  {
    "ID Number": "4813995"
  },
  {
    "ID Number": "4831527"
  },
  {
    "ID Number": "4819845"
  },
  {
    "ID Number": "4813618"
  },
  {
    "ID Number": "4840151"
  },
  {
    "ID Number": "4841271"
  },
  {
    "ID Number": "4817427"
  },
  {
    "ID Number": "4827236"
  },
  {
    "ID Number": "4823150"
  },
  {
    "ID Number": "4813898"
  },
  {
    "ID Number": "4811739"
  },
  {
    "ID Number": "4821157"
  },
  {
    "ID Number": "4807596"
  },
  {
    "ID Number": "4810392"
  },
  {
    "ID Number": "4802098"
  },
  {
    "ID Number": "4811445"
  },
  {
    "ID Number": "4810414"
  },
  {
    "ID Number": "4816056"
  },
  {
    "ID Number": "4823974"
  },
  {
    "ID Number": "4835310"
  },
  {
    "ID Number": "4824652"
  },
  {
    "ID Number": "4826329"
  },
  {
    "ID Number": "4818954"
  },
  {
    "ID Number": "4827082"
  },
  {
    "ID Number": "4826620"
  },
  {
    "ID Number": "4827341"
  },
  {
    "ID Number": "4801253"
  },
  {
    "ID Number": "4827090"
  },
  {
    "ID Number": "4825551"
  },
  {
    "ID Number": "4833570"
  },
  {
    "ID Number": "4813073"
  },
  {
    "ID Number": "4823540"
  },
  {
    "ID Number": "4817621"
  },
  {
    "ID Number": "4814126"
  },
  {
    "ID Number": "4827830"
  },
  {
    "ID Number": "4820614"
  },
  {
    "ID Number": "4821386"
  },
  {
    "ID Number": "4800800"
  },
  {
    "ID Number": "4811755"
  },
  {
    "ID Number": "4800796"
  },
  {
    "ID Number": "4807871"
  },
  {
    "ID Number": "4817508"
  },
  {
    "ID Number": "4800338"
  },
  {
    "ID Number": "4800974"
  },
  {
    "ID Number": "4814517"
  },
  {
    "ID Number": "4804007"
  },
  {
    "ID Number": "4801148"
  },
  {
    "ID Number": "4801024"
  },
  {
    "ID Number": "4811062"
  },
  {
    "ID Number": "4800281"
  },
  {
    "ID Number": "4831276"
  },
  {
    "ID Number": "4821718"
  },
  {
    "ID Number": "4811275"
  },
  {
    "ID Number": "4830229"
  },
  {
    "ID Number": "4829301"
  },
  {
    "ID Number": "369104991"
  },
  {
    "ID Number": "4835727"
  },
  {
    "ID Number": "4803310"
  },
  {
    "ID Number": "4801172"
  },
  {
    "ID Number": "4802420"
  },
  {
    "ID Number": "12527513"
  },
  {
    "ID Number": "4829310"
  },
  {
    "ID Number": "4834976"
  },
  {
    "ID Number": "4817630"
  },
  {
    "ID Number": "4835468"
  },
  {
    "ID Number": "4835735"
  },
  {
    "ID Number": "4817990"
  },
  {
    "ID Number": "4800311"
  },
  {
    "ID Number": "4803388"
  },
  {
    "ID Number": "4837673"
  },
  {
    "ID Number": "4813090"
  },
  {
    "ID Number": "4814045"
  },
  {
    "ID Number": "4841638"
  },
  {
    "ID Number": "4807073"
  },
  {
    "ID Number": "4809734"
  },
  {
    "ID Number": "4838149"
  },
  {
    "ID Number": "4819632"
  },
  {
    "ID Number": "4815483"
  },
  {
    "ID Number": "4817273"
  },
  {
    "ID Number": "4801610"
  },
  {
    "ID Number": "4809807"
  },
  {
    "ID Number": "4806468"
  },
  {
    "ID Number": "4831144"
  },
  {
    "ID Number": "4801059"
  },
  {
    "ID Number": "4814177"
  },
  {
    "ID Number": "4813103"
  },
  {
    "ID Number": "4816285"
  },
  {
    "ID Number": "4804651"
  },
  {
    "ID Number": "4818008"
  },
  {
    "ID Number": "4831810"
  },
  {
    "ID Number": "4803353"
  },
  {
    "ID Number": "4832639"
  },
  {
    "ID Number": "4800435"
  },
  {
    "ID Number": "4820886"
  },
  {
    "ID Number": "4826884"
  },
  {
    "ID Number": "4808568"
  },
  {
    "ID Number": "4820630"
  },
  {
    "ID Number": "4819306"
  },
  {
    "ID Number": "4811283"
  },
  {
    "ID Number": "4825160"
  },
  {
    "ID Number": "4802578"
  },
  {
    "ID Number": "4821173"
  },
  {
    "ID Number": "4806409"
  },
  {
    "ID Number": "4809343"
  },
  {
    "ID Number": "4801270"
  },
  {
    "ID Number": "4805852"
  },
  {
    "ID Number": "4813596"
  },
  {
    "ID Number": "4816226"
  },
  {
    "ID Number": "4821181"
  },
  {
    "ID Number": "4802110"
  },
  {
    "ID Number": "4801288"
  },
  {
    "ID Number": "4823575"
  },
  {
    "ID Number": "4814134"
  },
  {
    "ID Number": "4808835"
  },
  {
    "ID Number": "4814274"
  },
  {
    "ID Number": "4807421"
  },
  {
    "ID Number": "4823222"
  },
  {
    "ID Number": "4800885"
  },
  {
    "ID Number": "4816706"
  },
  {
    "ID Number": "4831080"
  },
  {
    "ID Number": "4810732"
  },
  {
    "ID Number": "4825560"
  },
  {
    "ID Number": "4807430"
  },
  {
    "ID Number": "4811518"
  },
  {
    "ID Number": "4817320"
  },
  {
    "ID Number": "4808843"
  },
  {
    "ID Number": "4811577"
  },
  {
    "ID Number": "4801792"
  },
  {
    "ID Number": "4808673"
  },
  {
    "ID Number": "4802144"
  },
  {
    "ID Number": "4803400"
  },
  {
    "ID Number": "4810929"
  },
  {
    "ID Number": "4820142"
  },
  {
    "ID Number": "4805283"
  },
  {
    "ID Number": "4814185"
  },
  {
    "ID Number": "4824431"
  },
  {
    "ID Number": "4820126"
  },
  {
    "ID Number": "4831284"
  },
  {
    "ID Number": "4825136"
  },
  {
    "ID Number": "4812999"
  },
  {
    "ID Number": "4817648"
  },
  {
    "ID Number": "4821220"
  },
  {
    "ID Number": "4821238"
  },
  {
    "ID Number": "4819853"
  },
  {
    "ID Number": "4814908"
  },
  {
    "ID Number": "4822358"
  },
  {
    "ID Number": "4817656"
  },
  {
    "ID Number": "4826426"
  },
  {
    "ID Number": "4823591"
  },
  {
    "ID Number": "4802799"
  },
  {
    "ID Number": "4814525"
  },
  {
    "ID Number": "4836367"
  },
  {
    "ID Number": "4820134"
  },
  {
    "ID Number": "4821246"
  },
  {
    "ID Number": "4805216"
  },
  {
    "ID Number": "4819861"
  },
  {
    "ID Number": "4821262"
  },
  {
    "ID Number": "4826892"
  },
  {
    "ID Number": "4823605"
  },
  {
    "ID Number": "4817788"
  },
  {
    "ID Number": "4820665"
  },
  {
    "ID Number": "4814355"
  },
  {
    "ID Number": "4825080"
  },
  {
    "ID Number": "4816145"
  },
  {
    "ID Number": "4824458"
  },
  {
    "ID Number": "4801695"
  },
  {
    "ID Number": "4815050"
  },
  {
    "ID Number": "4807456"
  },
  {
    "ID Number": "4829352"
  },
  {
    "ID Number": "4830326"
  },
  {
    "ID Number": "4827368"
  },
  {
    "ID Number": "4802829"
  },
  {
    "ID Number": "4810775"
  },
  {
    "ID Number": "4812247"
  },
  {
    "ID Number": "4807928"
  },
  {
    "ID Number": "4809815"
  },
  {
    "ID Number": "4817664"
  },
  {
    "ID Number": "4827376"
  },
  {
    "ID Number": "4816420"
  },
  {
    "ID Number": "4813502"
  },
  {
    "ID Number": "4814584"
  },
  {
    "ID Number": "4820169"
  },
  {
    "ID Number": "4819780"
  },
  {
    "ID Number": "4826906"
  },
  {
    "ID Number": "4830776"
  },
  {
    "ID Number": "4827384"
  },
  {
    "ID Number": "4821327"
  },
  {
    "ID Number": "4827392"
  },
  {
    "ID Number": "4821335"
  },
  {
    "ID Number": "4819357"
  },
  {
    "ID Number": "4814673"
  },
  {
    "ID Number": "4824490"
  },
  {
    "ID Number": "4813146"
  },
  {
    "ID Number": "4806255"
  },
  {
    "ID Number": "4806980"
  },
  {
    "ID Number": "4801415"
  },
  {
    "ID Number": "4800320"
  },
  {
    "ID Number": "4812298"
  },
  {
    "ID Number": "4834380"
  },
  {
    "ID Number": "4801890"
  },
  {
    "ID Number": "4807944"
  },
  {
    "ID Number": "4819888"
  },
  {
    "ID Number": "4816943"
  },
  {
    "ID Number": "4827414"
  },
  {
    "ID Number": "4805976"
  },
  {
    "ID Number": "4812336"
  },
  {
    "ID Number": "4814363"
  },
  {
    "ID Number": "4827422"
  },
  {
    "ID Number": "4805046"
  },
  {
    "ID Number": "4806883"
  },
  {
    "ID Number": "4817192"
  },
  {
    "ID Number": "4809394"
  },
  {
    "ID Number": "4813510"
  },
  {
    "ID Number": "4800249"
  },
  {
    "ID Number": "1504690"
  },
  {
    "ID Number": "4823796"
  },
  {
    "ID Number": "4806620"
  },
  {
    "ID Number": "4812239"
  },
  {
    "ID Number": "4813529"
  },
  {
    "ID Number": "4816951"
  },
  {
    "ID Number": "4817524"
  },
  {
    "ID Number": "4829042"
  },
  {
    "ID Number": "4801644"
  },
  {
    "ID Number": "4840224"
  },
  {
    "ID Number": "4825640"
  },
  {
    "ID Number": "4820258"
  },
  {
    "ID Number": "4821912"
  },
  {
    "ID Number": "4815912"
  },
  {
    "ID Number": "4813154"
  },
  {
    "ID Number": "4814533"
  },
  {
    "ID Number": "4814193"
  },
  {
    "ID Number": "4838220"
  },
  {
    "ID Number": "4809777"
  },
  {
    "ID Number": "4820371"
  },
  {
    "ID Number": "4812441"
  },
  {
    "ID Number": "4811534"
  },
  {
    "ID Number": "4816960"
  },
  {
    "ID Number": "4809653"
  },
  {
    "ID Number": "4832957"
  },
  {
    "ID Number": "4837720"
  },
  {
    "ID Number": "4805542"
  },
  {
    "ID Number": "4802888"
  },
  {
    "ID Number": "4822455"
  },
  {
    "ID Number": "4811020"
  },
  {
    "ID Number": "4823621"
  },
  {
    "ID Number": "4809645"
  },
  {
    "ID Number": "4806212"
  },
  {
    "ID Number": "4820690"
  },
  {
    "ID Number": "4807685"
  },
  {
    "ID Number": "4831403"
  },
  {
    "ID Number": "4817249"
  },
  {
    "ID Number": "4825594"
  },
  {
    "ID Number": "4800966"
  },
  {
    "ID Number": "4806646"
  },
  {
    "ID Number": "4827430"
  },
  {
    "ID Number": "4824717"
  },
  {
    "ID Number": "4827961"
  },
  {
    "ID Number": "4809432"
  },
  {
    "ID Number": "4814711"
  },
  {
    "ID Number": "4803442"
  },
  {
    "ID Number": "4806654"
  },
  {
    "ID Number": "4808649"
  },
  {
    "ID Number": "4820290"
  },
  {
    "ID Number": "4814215"
  },
  {
    "ID Number": "4808908"
  },
  {
    "ID Number": "4816323"
  },
  {
    "ID Number": "4820266"
  },
  {
    "ID Number": "4814720"
  },
  {
    "ID Number": "4810589"
  },
  {
    "ID Number": "4811291"
  },
  {
    "ID Number": "4807529"
  },
  {
    "ID Number": "4813537"
  },
  {
    "ID Number": "4800036"
  },
  {
    "ID Number": "4805950"
  },
  {
    "ID Number": "4818016"
  },
  {
    "ID Number": "4816994"
  },
  {
    "ID Number": "4812964"
  },
  {
    "ID Number": "4805445"
  },
  {
    "ID Number": "4802918"
  },
  {
    "ID Number": "4827139"
  },
  {
    "ID Number": "4824008"
  },
  {
    "ID Number": "4806999"
  },
  {
    "ID Number": "4819896"
  },
  {
    "ID Number": "4803272"
  },
  {
    "ID Number": "4802942"
  },
  {
    "ID Number": "4815777"
  },
  {
    "ID Number": "4831322"
  },
  {
    "ID Number": "4818784"
  },
  {
    "ID Number": "4824016"
  },
  {
    "ID Number": "4823370"
  },
  {
    "ID Number": "4826469"
  },
  {
    "ID Number": "4810740"
  },
  {
    "ID Number": "4817672"
  },
  {
    "ID Number": "4822463"
  },
  {
    "ID Number": "4818202"
  },
  {
    "ID Number": "4835816"
  },
  {
    "ID Number": "4813600"
  },
  {
    "ID Number": "4832965"
  },
  {
    "ID Number": "4800575"
  },
  {
    "ID Number": "4814002"
  },
  {
    "ID Number": "4821360"
  },
  {
    "ID Number": "4813464"
  },
  {
    "ID Number": "4819799"
  },
  {
    "ID Number": "4819489"
  },
  {
    "ID Number": "4821920"
  },
  {
    "ID Number": "4801326"
  },
  {
    "ID Number": "4814738"
  },
  {
    "ID Number": "4804961"
  },
  {
    "ID Number": "4831420"
  },
  {
    "ID Number": "4809610"
  },
  {
    "ID Number": "4818792"
  },
  {
    "ID Number": "4807219"
  },
  {
    "ID Number": "4812956"
  },
  {
    "ID Number": "4802357"
  },
  {
    "ID Number": "4831438"
  },
  {
    "ID Number": "4809033"
  },
  {
    "ID Number": "4801121"
  },
  {
    "ID Number": "4817222"
  },
  {
    "ID Number": "4814541"
  },
  {
    "ID Number": "4812310"
  },
  {
    "ID Number": "4835867"
  },
  {
    "ID Number": "4800630"
  },
  {
    "ID Number": "4816579"
  },
  {
    "ID Number": "4808240"
  },
  {
    "ID Number": "4810368"
  },
  {
    "ID Number": "4836243"
  },
  {
    "ID Number": "4802438"
  },
  {
    "ID Number": "4805828"
  },
  {
    "ID Number": "4812271"
  },
  {
    "ID Number": "4832132"
  },
  {
    "ID Number": "4828143"
  },
  {
    "ID Number": "4804821"
  },
  {
    "ID Number": "4806301"
  },
  {
    "ID Number": "4818326"
  },
  {
    "ID Number": "4803825"
  },
  {
    "ID Number": "4802551"
  },
  {
    "ID Number": "4830245"
  },
  {
    "ID Number": "4802950"
  },
  {
    "ID Number": "4800958"
  },
  {
    "ID Number": "4820754"
  },
  {
    "ID Number": "4803833"
  },
  {
    "ID Number": "4837762"
  },
  {
    "ID Number": "4807723"
  },
  {
    "ID Number": "4830253"
  },
  {
    "ID Number": "4808665"
  },
  {
    "ID Number": "4809521"
  },
  {
    "ID Number": "4817311"
  },
  {
    "ID Number": "4823800"
  },
  {
    "ID Number": "4800494"
  },
  {
    "ID Number": "4820940"
  },
  {
    "ID Number": "4814304"
  },
  {
    "ID Number": "4809530"
  },
  {
    "ID Number": "4829077"
  },
  {
    "ID Number": "4808088"
  },
  {
    "ID Number": "4812220"
  },
  {
    "ID Number": "4829930"
  },
  {
    "ID Number": "4818830"
  },
  {
    "ID Number": "4808428"
  },
  {
    "ID Number": "4808932"
  },
  {
    "ID Number": "4816331"
  },
  {
    "ID Number": "4827457"
  },
  {
    "ID Number": "4823451"
  },
  {
    "ID Number": "4834194"
  },
  {
    "ID Number": "4835913"
  },
  {
    "ID Number": "4810325"
  },
  {
    "ID Number": "4811828"
  },
  {
    "ID Number": "4805305"
  },
  {
    "ID Number": "4819900"
  },
  {
    "ID Number": "4810384"
  },
  {
    "ID Number": "4812077"
  },
  {
    "ID Number": "4840259"
  },
  {
    "ID Number": "4809572"
  },
  {
    "ID Number": "4811623"
  },
  {
    "ID Number": "4826930"
  },
  {
    "ID Number": "4817869"
  },
  {
    "ID Number": "4814924"
  },
  {
    "ID Number": "4811011"
  },
  {
    "ID Number": "4830377"
  },
  {
    "ID Number": "4840275"
  },
  {
    "ID Number": "4818857"
  },
  {
    "ID Number": "4833422"
  },
  {
    "ID Number": "4817559"
  },
  {
    "ID Number": "4803361"
  },
  {
    "ID Number": "4802535"
  }
]