ID Number,Name,Fed,Sex,Title,WTit,OTit,Rating,Gms,K,RatingMonth,B-day,Flag
13916009,"Ababii, Vlad",MDA,M,,,,1546,0,40,AUG25,2011,
13900609,"Abramciuc, Marius",MDA,M,FM,,,2246,0,20,AUG25,1998,
13908251,"Adascalitei, Anastasia",MDA,F,,,,1675,0,20,AUG25,2000,wi
13900129,"Agababean, Naira",MDA,F,WGM,WGM,,2161,0,20,AUG25,1951,wi
13902199,"Agafii, Victor",MDA,M,FM,,,2260,0,20,AUG25,1989,i
13910043,"Albu, Damian",MDA,M,,,,1470,0,40,AUG25,2010,
13911651,"Albu, Radu",MDA,M,,,,1519,0,40,AUG25,2013,
13909622,"Albu, Vlad",MDA,M,,,,1815,6,40,AUG25,2011,
13916378,"Alexandrov, Matvei",MDA,M,,,,1539,1,40,AUG25,2016,
13912364,"Amoasii, Daniel",MDA,M,,,,1454,0,40,AUG25,2007,i
13909754,"Andries, Victor",MDA,M,,,,1624,0,40,AUG25,2004,i
13912780,"Andriyuk, Andrei",MDA,M,,,,1444,0,40,AUG25,2011,i
13910248,"Andronachi, Corneliu",MDA,M,,,,1402,0,40,AUG25,2005,i
13912917,"Andronic, Andrei",MDA,M,,,,1919,0,40,AUG25,1987,
13902890,"Andronic, Iulia",MDA,F,WFM,WFM,,2102,0,20,AUG25,1985,wi
13915851,"Andronic, Nathaniel",MDA,M,,,,1694,5,40,AUG25,2014,
13906950,"Anghelus, Mihai",MDA,M,,,,1534,0,40,AUG25,2000,i
13910205,"Antoha, Ivan",MDA,M,,,,1738,0,20,AUG25,2005,
13914103,"Apostol, Lucian",MDA,M,,,,1762,13,40,AUG25,2010,
13907379,"Apostol, Victor",MDA,M,,,,1968,0,20,AUG25,2003,i
13904051,"Apostu, Vladimir",MDA,M,,,,1831,0,20,AUG25,1983,i
13906216,"Arabadji, Constantin",MDA,M,,,,1860,0,20,AUG25,2001,i
13914685,"Arama, Dumitru",MDA,M,,,,1455,0,40,AUG25,2009,
13914693,"Arama, Radu-Vasile",MDA,M,,,,1417,0,40,AUG25,2000,i
13900706,"Arhire, Mircea",MDA,M,,,,1768,0,20,AUG25,1985,
13914316,"Arsene, Amadeea",MDA,F,,,,1480,0,40,AUG25,2013,wi
13909150,"Arsene, Fabian",MDA,M,,,,1849,7,40,AUG25,2008,
13908618,"Atamaniuc, Nicolae",MDA,M,,,,1596,0,20,AUG25,1951,
13915983,"Atamaniuc, Nicolai",MDA,M,,,,1455,0,40,AUG25,2012,
13908367,"Avetisyan, Arshak",MDA,M,,,,1591,0,20,AUG25,2004,i
13916483,"Avram, Valentina",MDA,F,,,,1544,7,40,AUG25,2013,w
13912895,"Avramov, Sebastian",MDA,M,,,,1818,0,40,AUG25,2005,i
13918826,"Azman, Alexandr",MDA,M,,,,1697,0,40,AUG25,1994,
13902598,"Babei, Angelica",MDA,F,,,,1978,0,20,AUG25,1991,wi
13914359,"Babii, Arsenii",MDA,M,,,,1573,0,40,AUG25,2012,i
13900773,"Bacalu, Iulian",MDA,M,,,,1841,7,20,AUG25,1977,
13908626,"Bacalu, Silviu",MDA,M,,,,1594,8,40,AUG25,2007,
13903284,"Baciu, Diana",MDA,F,WIM,WIM,,2281,0,20,AUG25,1994,wi
13906755,"Badareu, Mikhail",MDA,M,,,,1639,0,20,AUG25,2000,i
13908707,"Baerle, Adrian",MDA,M,,,,1562,0,20,AUG25,2005,i
13915460,"Bahmuteanu, Alexandru",MDA,M,,,,1434,0,40,AUG25,2012,
13915452,"Bahmuteanu, Arianna",MDA,F,,,,1599,0,40,AUG25,2012,w
13900900,"Bakharev, Andrei",MDA,M,,,,ACM,2125,0,AUG25,1963,i
13907220,"Balabanov, Artiom",MDA,M,,,,1714,0,20,AUG25,2000,i
13916963,"Balan, Cristian",MDA,M,,,,1419,0,40,AUG25,2013,
13917145,"Balan, Grigore",MDA,M,,,,1422,0,40,AUG25,2014,
13910027,"Balan, Iurie",MDA,M,,,,1624,0,40,AUG25,2009,i
13910515,"Balan, Iurie P.",MDA,M,,,,1612,0,20,AUG25,1965,i
13907522,"Balanuta, Artiom",MDA,M,,,,1699,0,20,AUG25,1994,i
13911163,"Balea, Vladimir",MDA,M,,,,1509,0,40,AUG25,2002,i
13905627,"Balta, Dan",MDA,M,,,,1696,0,20,AUG25,2000,i
13901419,"Baltag, Iulian",MDA,M,IM,,,2379,7,10,AUG25,1986,
13911376,"Baltaga, Alexandru-Teodor",MDA,M,,,,1532,0,40,AUG25,2011,i
13910450,"Baltaga, Bogdan",MDA,M,,,,1443,0,40,AUG25,2007,i
13913905,"Baltaga, Sofia",MDA,F,,,,1453,0,40,AUG25,2011,wi
13902938,"Banchik, Gennady",MDA,M,,,,1999,0,40,AUG25,1979,i
13903659,"Banuh, Valerii",MDA,M,,NA,,2031,0,20,AUG25,1990,i
13911856,"Baractari, Gleb",MDA,M,,,,1426,0,40,AUG25,2009,i
13908669,"Baranciuc, Alexandr",MDA,M,FM,,,2309,0,20,AUG25,2006,
13901192,"Baranetski, Dmitry",MDA,M,,,,1919,0,20,AUG25,1953,i
13901303,"Barasiant, Mariana",MDA,F,,,,1897,0,20,AUG25,1984,wi
13914308,"Barbier, Emilia",MDA,F,,,,1560,0,40,AUG25,2013,w
13915177,"Barbul, Chirill",MDA,M,,,,1551,7,40,AUG25,2010,
13900854,"Bargan, Sergiu",MDA,M,IM,,,2206,8,10,AUG25,1979,
13903438,"Bargan, Svetlana",MDA,F,,,,1917,0,20,AUG25,1980,wi
13908197,"Bargan, Victoria",MDA,F,,,,1982,16,40,AUG25,2007,w
13909088,"Barjanschi, Nadejda",MDA,F,,,,1472,0,40,AUG25,1950,wi
13902083,"Baroncea, Radu",MDA,M,,,,2085,0,40,AUG25,0,i
13912119,"Baturin, Dmitrii",MDA,M,,,,1817,0,20,AUG25,2005,i
13903861,"Beitter, Erih",MDA,M,,,,1695,0,40,AUG25,1996,i
13911570,"Bejan, Alexandru",MDA,M,,,,1435,0,40,AUG25,2007,i
13908995,"Bejan, S. Sergiu",MDA,M,,,,1588,0,20,AUG25,2004,i
13905040,"Bejan, Sergiu",MDA,M,,,,1952,5,20,AUG25,1974,
13908448,"Bejan, Vlada",MDA,F,,,,1640,0,20,AUG25,2002,wi
13907239,"Bejenar, Maxim",MDA,M,,,,1694,0,20,AUG25,2001,i
13909177,"Belchina, Ana",MDA,F,,,,1689,0,20,AUG25,2002,wi
13908987,"Beleaeva, Anna",MDA,F,,,,1670,0,40,AUG25,1998,wi
13906607,"Belii, Andrei",MDA,M,,,,1698,0,40,AUG25,2004,i
13903489,"Belinchis, Valerii",MDA,M,,,,1929,0,20,AUG25,1952,i
13909657,"Belioglo, Alexandr",MDA,M,,,,1597,0,40,AUG25,2005,i
13909886,"Berestean, Vlaicu",MDA,M,,,,1593,0,40,AUG25,2010,i
13900447,"Bets, Anatolij",MDA,M,IM,,,2217,0,10,AUG25,1966,i
13915703,"Bezverhnii, Andrei",MDA,M,,,,1511,6,40,AUG25,2014,
13902865,"Biciuc, Valentina",MDA,F,,,,1707,0,20,AUG25,1995,wi
13911236,"Bilba, Arsenie",MDA,M,,,,1424,0,40,AUG25,2007,i
13913220,"Birladeanu, Dumitru",MDA,M,,,,1462,0,40,AUG25,2007,i
13913573,"Bishir, Adelina",MDA,F,,,,1477,0,40,AUG25,2010,wi
13914251,"Bishir, Elizaveta",MDA,F,,,,1476,0,40,AUG25,2009,wi
13914260,"Bishir, Ivan",MDA,M,,,,1773,0,20,AUG25,1964,
13909720,"Bitca, Emilia",MDA,F,,,,1822,7,40,AUG25,2008,w
13903748,"Bizovi, Mihai",MDA,M,,,,2224,0,20,AUG25,1995,i
13917633,"Blanari, Natalia",MDA,F,,,,1548,0,40,AUG25,1987,w
13914189,"Blascova, Alexandra",MDA,F,,,,1558,6,40,AUG25,2011,w
13913956,"Blosenco, Gicu",MDA,M,,,,1410,0,40,AUG25,1997,i
13903004,"Bobutac, Veronica",MDA,F,,,,1932,0,20,AUG25,1989,wi
13901753,"Bocancea, Dmitrii",MDA,M,FM,,,2289,0,20,AUG25,1988,
13904914,"Bodlev, Evgheni",MDA,M,,,,1911,0,20,AUG25,1988,i
13909525,"Bogatu, Vasile",MDA,M,,,,1765,0,40,AUG25,1956,i
13909460,"Bogus, Catalin",MDA,M,,,,1446,0,40,AUG25,2008,i
13907867,"Bogus, Simon",MDA,M,,,,1695,0,20,AUG25,2000,i
13909304,"Boinciuc, Igor",MDA,M,,,,1596,0,40,AUG25,2003,i
13906461,"Boldisor, Constantin",MDA,M,,NA,,1710,7,20,AUG25,1963,
13909339,"Bologan, Anton",MDA,M,,,,1420,0,40,AUG25,2008,i
13900048,"Bologan, Victor",MDA,M,GM,"FST,IO",,2601,0,10,AUG25,1971,
13907719,"Bolohan, Damian",MDA,M,,,,1783,0,40,AUG25,2003,i
13917510,"Bondarev, Veaceslav",MDA,M,,,,1654,0,40,AUG25,2005,
13908847,"Bondari, Arsenii",MDA,M,,,,1457,0,40,AUG25,2007,i
13914650,"Bordei, Alexandru",MDA,M,,,,1429,0,40,AUG25,2007,i
13918923,"Bordeniuc, Matvei",MDA,M,,,,1420,7,40,AUG25,2015,
13913816,"Borimecicov, Maxim",MDA,M,,,,1561,0,40,AUG25,1979,i
13902954,"Borta, Grigore",MDA,M,,,,1949,0,20,AUG25,1988,i
13904337,"Bostan, Ion",MDA,M,,,,1923,0,40,AUG25,1991,i
13910140,"Bostan, Sebastian Constantin",MDA,M,,,,1533,0,40,AUG25,2006,i
13904400,"Bostan, Selina",MDA,F,,,,1665,0,20,AUG25,1999,wi
13903012,"Botan, Anna",MDA,F,,,,1765,0,20,AUG25,1993,wi
13900722,"Botezatu, Gheorghe",MDA,M,FM,,,2313,0,20,AUG25,1983,i
13909096,"Botnari, Danielo",MDA,M,,,,1420,0,40,AUG25,2009,i
13903691,"Botnariuc, Serghei",MDA,M,,,,1855,0,20,AUG25,1986,i
13914014,"Botnaru, Nicolae",MDA,M,,,,1492,0,40,AUG25,2009,i
13903551,"Botosan, Vadim",MDA,M,,,,1980,0,40,AUG25,1993,i
13914146,"Boxan, Artur",MDA,M,,,,1500,0,40,AUG25,2009,i
13908910,"Bradautan, Gheorghe",MDA,M,,,,1773,0,40,AUG25,1954,i
13904523,"Brasoveanu, Ion",MDA,M,,,,1774,0,20,AUG25,1995,i
13916696,"Brenici, Miroslav",MDA,M,,,,1509,7,40,AUG25,2014,
13911023,"Bronasco, Iana",MDA,F,,,,1503,0,40,AUG25,2009,wi
13917498,"Budan, David",MDA,M,,,,1488,0,40,AUG25,2013,
13915991,"Budarin, Andrei",MDA,M,,,,1474,0,40,AUG25,2011,i
13909517,"Bujac, Dan",MDA,M,,,,2025,15,40,AUG25,2008,
13904779,"Bujor, David",MDA,M,,,,1558,0,20,AUG25,1939,i
13911392,"Bulat, Dan",MDA,M,,,,1585,0,40,AUG25,2008,i
13913476,"Burlac, Filipp",MDA,M,,,,1464,0,40,AUG25,2010,
13916700,"Burlaca, Daniil",MDA,M,,,,1567,5,40,AUG25,2015,
13916947,"Burunciuc, Chiril",MDA,M,,,,1509,6,40,AUG25,2010,
13905228,"Butnaru, Andrei",MDA,M,,,,1629,0,40,AUG25,2002,i
13914227,"Butuc, Bogdan",MDA,M,,,,1496,0,40,AUG25,2014,
13902911,"Butuc, Maria",MDA,F,WIM,WIM,,2223,0,20,AUG25,1993,wi
13907638,"Buzdugan, Alexandru",MDA,M,,,,1809,0,20,AUG25,2004,
13911619,"Buzdugan, Victor",MDA,M,,,,1553,8,40,AUG25,2012,
13913557,"Buznea, Iustin",MDA,M,,,,1750,7,40,AUG25,2013,
13913409,"Caipac, Dmitrii",MDA,M,,,,1457,0,40,AUG25,2006,i
13916831,"Caireac, Iurii",MDA,M,,,,1611,0,40,AUG25,2002,i
13916840,"Caireac, Vasilii",MDA,M,,,,1595,0,40,AUG25,1962,
13904426,"Calestru, Ilie",MDA,M,,,,1783,0,20,AUG25,1960,i
13906712,"Caliman, Alexandru",MDA,M,,,,1753,0,20,AUG25,1997,
13903810,"Calin, Alexandr",MDA,M,,,,1943,0,20,AUG25,1992,i
13905554,"Calincov, Nikolai",MDA,M,,,,1815,0,20,AUG25,2001,i
13917544,"Capcelea, David",MDA,M,,,,1407,0,40,AUG25,2014,
13905236,"Caraion, Andrei",MDA,M,,,,1713,0,40,AUG25,0,i
13913417,"Caraivan, Ruslan",MDA,M,,,,1533,0,40,AUG25,1976,i
13906968,"Caraman, Dorin",MDA,M,,,,1608,0,40,AUG25,2004,i
13908499,"Caras, Andrei",MDA,M,,,,1648,0,20,AUG25,2006,i
13909746,"Caras, Vladimir",MDA,M,,,,1639,0,40,AUG25,2008,i
13911490,"Caraseni, Artiom",MDA,M,,,,1989,0,20,AUG25,2006,
13909380,"Carasiov, Artiom",MDA,M,,,,2011,16,40,AUG25,2007,
13916939,"Carcevscaia, Anastasia",MDA,F,,,,1499,0,40,AUG25,2009,wi
13917358,"Cardas, Serghei",MDA,M,,,,1537,0,40,AUG25,2016,
13905678,"Carp, Gheorghe",MDA,M,,,,1677,0,20,AUG25,1942,i
13905449,"Carpenco, Vasile",MDA,M,,,,1524,0,20,AUG25,1945,i
13915657,"Carpinschi, Sergiu",MDA,M,,,,1561,0,40,AUG25,1975,i
13917340,"Casapu, Sergiu",MDA,M,,,,1412,0,40,AUG25,2015,
13910434,"Cataveica, Ion",MDA,M,,,,1556,0,20,AUG25,1951,
13903217,"Cauia, Liviu",MDA,M,,,,1726,0,40,AUG25,1991,i
13903799,"Cazacu, Gabriela",MDA,F,,,,1931,0,20,AUG25,1996,wi
13909436,"Cazacu, Raluca-Cristiana",MDA,F,,,,1741,7,40,AUG25,2009,w
13907980,"Ceban, Anastasia",MDA,F,,,,1673,0,40,AUG25,2001,wi
13907026,"Ceban, Ion",MDA,M,,,,1844,0,40,AUG25,1989,i
13911970,"Ceban, Mihail",MDA,M,,,,1483,0,40,AUG25,2005,i
13909487,"Ceban, Vasile",MDA,M,,,,1636,0,20,AUG25,2002,i
13911961,"Ceban, Vladimir",MDA,M,,,,1480,0,40,AUG25,2005,i
13909029,"Cebotari, Daniil",MDA,M,,,,1769,0,40,AUG25,2005,i
13910116,"Cebotari, Irina",MDA,F,,,,1598,13,40,AUG25,2010,w
13908200,"Cebotari, Stanislav",MDA,M,,,,2176,8,20,AUG25,2006,
13914855,"Cebotari, Victor",MDA,M,,,,1477,0,40,AUG25,2012,
13909673,"Cecoi, Mihai",MDA,M,,,,2011,7,40,AUG25,2008,
13904922,"Celac, Harlampii",MDA,M,,,,1879,0,40,AUG25,1959,i
13904906,"Cerbulenco, Liviu",MDA,M,FM,,,2306,0,20,AUG25,1996,i
13912216,"Cercas, Vasile",MDA,M,,,,1514,0,40,AUG25,2009,i
13917714,"Cerchez, Alexandra",MDA,F,,,,1576,0,40,AUG25,2017,w
13905864,"Ceres, Dragos",MDA,M,IM,,,2452,0,10,AUG25,2004,
13909681,"Ceri, Iunus",MDA,M,,,,1597,0,40,AUG25,2005,i
13909053,"Cernenchi, Andrian",MDA,M,,NA,,1911,0,40,AUG25,1994,i
13911791,"Ceruta, Alexandra",MDA,F,,,,1709,16,40,AUG25,2010,w
13903942,"Cesmedji, Andrei",MDA,M,,,,1428,5,40,AUG25,1949,
13913824,"Cesmedji, Ivan",MDA,M,,,,1471,0,40,AUG25,1963,i
13912704,"Chendighilean, Anna",MDA,F,,,,1947,15,40,AUG25,2009,w
13912712,"Chendighilean, Vladislav",MDA,M,,,,1728,7,40,AUG25,2012,
13904744,"Cheptini, Dan",MDA,M,,,,1719,0,20,AUG25,1997,i
13904647,"Chetrari, Nikita",MDA,M,FM,,,2189,0,20,AUG25,2001,i
13904442,"Chiciuc, Tatiana",MDA,F,,,,1772,0,40,AUG25,1965,wi
13908278,"Chicu, Igor",MDA,M,,,,1701,0,40,AUG25,1966,i
13907999,"Chihai, Ana",MDA,F,,,,1527,0,40,AUG25,2004,wi
13909509,"Chihai, Mihail",MDA,M,,,,1680,0,40,AUG25,2007,i
13908600,"Chilcevschi, Ivan",MDA,M,,,,1759,0,40,AUG25,1948,i
13908839,"Chiosa, Andrei",MDA,M,,,,1517,0,40,AUG25,2004,i
13910191,"Chiosa, Elena",MDA,F,,,,1672,0,40,AUG25,2011,w
13918729,"Chircu, David",MDA,M,,,,1527,5,40,AUG25,2019,
13901893,"Chircu, Vadim",MDA,M,,,,2234,0,20,AUG25,1982,i
13916106,"Chireacov, Vitalii",MDA,M,,,,1466,0,40,AUG25,2007,i
13911287,"Chireacova, Ecaterina",MDA,F,,,,1827,5,40,AUG25,2008,w
13914588,"Chireacova, Eva",MDA,F,,,,1423,5,40,AUG25,2015,w
13903870,"Chiriac, Alexei",MDA,M,,,,2078,0,20,AUG25,1991,i
13911724,"Chiriac, Catalin",MDA,M,,,,1487,0,40,AUG25,2009,
13906895,"Chiriac, Cristian",MDA,M,,,,1737,0,20,AUG25,2006,i
13907247,"Chiriac, Daniel",MDA,M,,,,2042,0,20,AUG25,2004,
13913590,"Chiroglu, Ecaterina",MDA,F,,,,1467,6,40,AUG25,2012,w
13901362,"Chirpii, Alexandru",MDA,M,,,,1734,6,20,AUG25,1953,
13908677,"Chirpii, Ivan",MDA,M,,,,1406,0,40,AUG25,2005,i
13902725,"Chirpii, Valeria",MDA,F,,,,1920,0,20,AUG25,1988,wi
13903446,"Chisleacov, Ilia",MDA,M,,,,1875,0,20,AUG25,1990,i
13906054,"Chitan, Constantin",MDA,M,,,,1906,0,20,AUG25,1990,i
13911473,"Chitan, Iuliana",MDA,F,,,,1519,0,40,AUG25,2006,wi
13909266,"Chitan, Mihaela",MDA,F,,,,1407,0,40,AUG25,2008,wi
13905686,"Chitan, Petru",MDA,M,,,,1823,0,40,AUG25,1994,i
13917420,"Chitoroga, Sergiu",MDA,M,,,,1783,0,40,AUG25,1972,
13904574,"Cibotaru, Alexandr",MDA,M,,,,1619,0,20,AUG25,1998,i
13909010,"Cibotaru-Viziru, Laurentiu",MDA,M,,,,1708,0,40,AUG25,2000,i
13916254,"Ciobanu, Cosmin-Alexandru",MDA,M,,,,1443,0,40,AUG25,2010,i
13900110,"Circiumaru, Ilia",MDA,M,,,,1930,0,20,AUG25,1994,i
13913565,"Cislari, Oleg",MDA,M,,,,1612,0,40,AUG25,1974,i
13913514,"Ciudin, Marina",MDA,F,,,,1457,0,40,AUG25,2012,wi
13903225,"Ciuperca, Adrian",MDA,M,,,,1689,0,40,AUG25,1997,i
13905155,"Ciuperca, Alexandr",MDA,M,,,,2015,0,20,AUG25,1992,i
13904507,"Ciuperca, Alexey",MDA,M,,,,1644,0,40,AUG25,1957,i
13906127,Coada Valeriu.V,MDA,M,,,,1731,0,20,AUG25,2000,i
13900870,"Coada, Elena",MDA,F,,NA,,1818,0,20,AUG25,1993,wi
13901931,"Coada, Valeriu",MDA,M,FM,"FT,SI",,2309,0,20,AUG25,1967,i
13914324,"Codrean, Gloria",MDA,F,,,,1520,15,40,AUG25,2012,w
13907506,"Codreanu, Marius",MDA,M,,,,1952,0,40,AUG25,2007,
13909444,"Codreanu, Severian",MDA,M,,,,1478,0,40,AUG25,2008,i
13909320,"Cogut, Irina",MDA,F,,,,1713,0,20,AUG25,2002,wi
13911031,"Cojemeachin, Vichentii",MDA,M,,,,1692,0,40,AUG25,2010,i
13905880,"Cojocari, Dmitri",MDA,M,,,,2175,0,20,AUG25,2001,
13908561,"Cojosneanu, Maxim",MDA,M,,,,1746,0,40,AUG25,2000,i
13917064,"Cojuhari, Gheorghe",MDA,M,,,,1525,0,40,AUG25,2006,i
13903144,"Colibaba, Alexandr",MDA,M,,,,1908,0,20,AUG25,1980,i
13916432,"Coliban, Dumitru",MDA,M,,,,1465,0,40,AUG25,2013,i
13916548,"Colioglo, Ivan",MDA,M,,,,1434,0,40,AUG25,1983,i
13912020,"Comarnitcaia, Ecaterina",MDA,F,,,,1692,0,40,AUG25,2010,wi
13905503,"Comcov, Alexandr",MDA,M,,,,1875,0,20,AUG25,1964,i
13913603,"Comur, Dmitrii",MDA,M,,,,1710,14,40,AUG25,2013,
13904035,"Condratiev, Alexandr",MDA,M,,,,1681,0,40,AUG25,1998,i
13911325,"Conovca, Alexandru",MDA,M,,,,1498,0,40,AUG25,2011,i
13913581,"Copusciu, Egor",MDA,M,,,,1434,0,40,AUG25,2012,i
13909967,"Corcinschi, Petru",MDA,M,,,,1402,0,40,AUG25,1956,
13915312,"Coroliov, Rodion",MDA,M,,,,1540,0,40,AUG25,2015,i
13914677,"Coropceanu, Eduard",MDA,M,,,,1625,8,40,AUG25,2013,
13900137,"Corotcova, Anastasia",MDA,F,,,,1824,0,20,AUG25,1995,w
13903055,"Coset, Alexandr",MDA,M,FM,,,2059,0,20,AUG25,1956,i
13918508,"Cotofan, Ilia",MDA,M,,,,1436,7,40,AUG25,2014,
13907077,"Cotun, Mihaela",MDA,F,,,,1770,0,20,AUG25,2002,wi
13912470,"Coval, Dmitrii",MDA,M,,,,1632,0,40,AUG25,2008,
13903160,"Covalenco, Vadim",MDA,M,,,,1987,0,40,AUG25,1988,i
13904370,"Craciun, Ilie",MDA,M,,,,1730,0,20,AUG25,1999,i
13903080,"Crasnajon, Nina",MDA,F,,,,2014,0,40,AUG25,1986,wi
13912658,"Crasnopiorov, Alexandr",MDA,M,,,,1753,0,40,AUG25,2004,i
13903560,"Cravcenco, Denis",MDA,M,,,,1912,0,20,AUG25,1995,i
13900153,"Crigan, Galina",MDA,F,,NA,,1804,0,20,AUG25,1974,wi
13907514,"Crigan, Sebastian",MDA,M,,,,1485,0,40,AUG25,2008,i
13904671,"Crijavetchi, Veronica",MDA,F,,,,1661,0,20,AUG25,1999,wi
13907530,"Crimschii, Denis",MDA,M,,,,1639,0,20,AUG25,1978,i
13907956,"Crimschii, Efim",MDA,M,,,,1690,0,20,AUG25,2004,i
13911503,"Cristev, Vladislav",MDA,M,,,,1487,0,40,AUG25,2008,i
13901966,"Croitor, Mihail",MDA,M,,,,2105,0,20,AUG25,1981,i
13913298,"Crusca, Alexandru",MDA,M,,,,1757,13,40,AUG25,2010,
13909690,"Cubarschii, Stanislav",MDA,M,,,,1653,0,40,AUG25,2007,i
13911449,"Cucu, Ecaterina",MDA,F,,,,1521,0,40,AUG25,2006,wi
13918680,"Cuculescu, Valeriu",MDA,M,,,,1657,0,40,AUG25,1956,
13906593,"Culicovschi, George",MDA,M,,,,1888,0,20,AUG25,1980,i
13917323,"Culinici, Artiom",MDA,M,,,,1465,0,40,AUG25,2010,
13904078,"Culiuc, Maxim",MDA,M,,,,1902,0,20,AUG25,1997,i
13901613,"Cusnariov, Nikolai",MDA,M,,,,2083,0,20,AUG25,1963,
13912666,"Cusnir, Artiom",MDA,M,,,,1570,0,40,AUG25,2005,i
13908189,"Da Ros Galbur, Mihai-Giorgio",MDA,M,,,,1483,0,40,AUG25,2004,i
13908880,"Dabija, Paula",MDA,F,,,,1736,5,40,AUG25,2007,w
13905163,"Daicu, Diana",MDA,F,,,,1844,0,20,AUG25,1999,wi
13909207,"Damian, Corina",MDA,F,,,,1562,0,40,AUG25,2009,wi
13908324,"Damian, Marchel",MDA,M,,,,1924,0,20,AUG25,2003,i
13913530,"Danila, Alexandru",MDA,M,,,,1558,0,40,AUG25,2005,i
13915584,"Danilescu, Filip",MDA,M,,,,1425,0,40,AUG25,2007,i
13913425,"Danilov, Victor",MDA,M,,,,1615,0,20,AUG25,1957,
13903233,"Dashenko, Alexandr",MDA,M,,,,1822,0,40,AUG25,1991,i
13913328,"Deli, Alevtina",MDA,F,,,,1461,6,40,AUG25,2012,w
13903993,"Deliu, Oleg",MDA,M,,,,1918,0,20,AUG25,1980,i
13910078,"Demciuc, Vasile",MDA,M,,,,1774,0,40,AUG25,2010,i
13902300,"Demeanciuc, Stanislav",MDA,M,,,,2012,0,20,AUG25,1988,i
13901575,"Dergausov, Denis",MDA,M,,NA,,1893,0,20,AUG25,1979,
13916858,"Derivolkov, Alexandr",MDA,M,,,,1523,0,40,AUG25,1993,i
13904949,"Dermanschi, Andrei",MDA,M,,,,1746,0,40,AUG25,1991,
13900811,"Deseatnicov, Ivan",MDA,M,IM,,,2382,0,10,AUG25,1981,i
13908006,"Deviza, Andrei",MDA,M,,,,1634,0,20,AUG25,2005,
13906402,"Diaconu, Cristian",MDA,M,,,,1590,0,40,AUG25,2002,i
13908782,"Dimcov, Ilie",MDA,M,,,,1471,0,40,AUG25,2007,i
13913263,"Dimitroglo, Andrei",MDA,M,,,,1842,0,40,AUG25,1989,
13916114,"Dimitroglo, Andrei",MDA,M,,,,1459,0,40,AUG25,1958,i
13905147,"Dimov, Dmitri",MDA,M,,,,1873,0,40,AUG25,1958,i
13900552,"Diozu, Gheorghe",MDA,M,,,,2099,0,20,AUG25,1949,i
13900730,"Diulger, Alexey",MDA,M,IM,,,2256,0,10,AUG25,1980,i
13913743,"Dobrovolschi, Artiom",MDA,M,,,,1626,0,40,AUG25,2012,
13913735,"Dodon, Bogdan",MDA,M,,,,1476,0,40,AUG25,2007,i
13905740,"Dodon, Vlad",MDA,M,,,,1751,0,40,AUG25,2002,i
13901591,"Doibani, Lilia",MDA,F,WFM,WFM,,2146,0,20,AUG25,1986,wi
13905368,"Dolganiuc, Victor",MDA,M,,,,1969,0,20,AUG25,1982,i
13902814,"Dolgopolova, Elena",MDA,F,,,,1990,0,20,AUG25,1983,wi
13908294,"Doloton, Mihail",MDA,M,,,,1740,0,40,AUG25,1988,i
13900480,"Doncev, Alexandr",MDA,M,,,,2210,5,20,AUG25,1995,
13913301,"Doncev, Alexandr",MDA,M,,,,1475,0,40,AUG25,2010,
13911139,"Donos, Chirill",MDA,M,,,,1540,0,40,AUG25,2006,i
13904884,"Dormenco, Ecaterina",MDA,F,,,,1612,0,20,AUG25,1996,wi
13902067,"Dorofeev, Alexei",MDA,M,,,,2143,0,20,AUG25,1986,i
13908790,"Dragan, Laurentiu",MDA,M,,,,1599,0,40,AUG25,2008,i
13910159,"Dragomir, Vladislav",MDA,M,,,,1634,0,20,AUG25,2004,i
13914715,"Drobot, Dumitru",MDA,M,,,,1471,0,40,AUG25,2006,i
13901095,"Druc, Constantin",MDA,M,,,,1860,0,20,AUG25,1990,i
13907476,"Dubenco, Alexandra",MDA,F,,,,1536,0,40,AUG25,2005,wi
13910272,"Dulteva, Anastasia",MDA,F,,,,1837,0,40,AUG25,2007,w
13908022,"Dutca, Catalin",MDA,M,,,,1497,0,20,AUG25,2006,i
13900587,"Dvornicen, Ivan",MDA,M,,,,1921,0,20,AUG25,1992,i
13910051,"Edrasco, Roman",MDA,M,,,,1812,0,40,AUG25,2003,i
13901982,"Eletskikh, Alexandr",MDA,M,,NA,,2256,0,20,AUG25,1988,
13914723,"Emelin, Egor",MDA,M,,,,1621,0,40,AUG25,2014,
13905635,"Eremita, Ivan",MDA,M,,,,1996,0,20,AUG25,2000,i
13908383,"Ermolenco, Anatolii",MDA,M,,,,1620,0,40,AUG25,1953,i
13914170,"Evtodienco, Ivan",MDA,M,,,,1472,5,40,AUG25,2016,
13915428,"Evtodienco, Victor",MDA,M,,,,1527,6,40,AUG25,2010,
13906682,"Evtodienko, Feodor",MDA,M,,NA,,1752,0,20,AUG25,1977,
13905767,"Evtusenco, Vlad",MDA,M,,,,1710,0,20,AUG25,2001,i
13901214,"Fedotov, Eduard",MDA,M,,,,2174,0,20,AUG25,1984,i
13904345,"Filin, Nikolai",MDA,M,,,,2051,0,40,AUG25,1987,i
13906160,Filipenco Nichita,MDA,M,,,,1599,0,40,AUG25,2001,i
13903802,"Focsa, Dmitrii",MDA,M,,,,1852,0,40,AUG25,1991,i
13905597,"Focsa, Iurie",MDA,M,,,,1656,7,20,AUG25,1963,
13911910,"Friniuc, Nicolae",MDA,M,,,,1802,0,40,AUG25,1995,i
13906909,"Frunze, Andrei",MDA,M,,,,1513,0,20,AUG25,2006,i
13901060,"Furtuna, Alexei",MDA,M,FM,,,2325,0,10,AUG25,1980,i
13908588,"Gaidau, Ivan",MDA,M,,,,1685,0,20,AUG25,1950,i
13903500,"Gainutdinova, Margarita",MDA,F,,,,1808,0,20,AUG25,1990,wi
13906771,"Galca, Madalina",MDA,M,,,,1636,0,40,AUG25,0,i
13905260,"Gangan, Lilian",MDA,M,,,,1742,0,20,AUG25,2001,i
13915398,"Garaba, Valeria",MDA,F,,,,1433,0,40,AUG25,2013,wi
13913611,"Garanovschii, Egor",MDA,M,,,,1500,0,40,AUG25,2010,i
13900250,"Garbuz, Nicolai",MDA,M,,,,1995,0,40,AUG25,0,i
13911040,"Gargan, Polina",MDA,F,,,,1602,0,20,AUG25,2006,wi
13909312,"Garkusha, Iveta",MDA,F,,,,1509,0,40,AUG25,2005,wi
13909819,"Gavriliuc, Razvan",MDA,M,,,,1549,0,40,AUG25,2004,i
13907875,"Gavriliuc, Victor",MDA,M,,,,1620,0,40,AUG25,2000,i
13916190,"Gavrilov, Pavel",MDA,M,,,,1454,0,40,AUG25,2014,
13901702,"Geru, Victor",MDA,M,,,,1780,0,20,AUG25,1963,i
13911929,"Ghendighelean, Anna",MDA,F,,,,1495,0,40,AUG25,2009,wi
13914820,"Gherasim, Antonel",MDA,M,,,,1414,0,40,AUG25,2006,i
13900170,"Gherasim, Ovidiu",MDA,M,,,,2003,0,40,AUG25,1960,i
13915266,"Gherasimciuc, Iaroslav",MDA,M,,,,1577,6,40,AUG25,2013,
13913620,"Gherghi, Stanislav",MDA,M,,,,1450,0,40,AUG25,2012,i
13907891,"Ghetiu, George",MDA,M,,,,1773,0,20,AUG25,2003,i
13904787,"Ghetivu, Dan",MDA,M,,,,1562,0,40,AUG25,1997,i
13906062,"Ghinda, Nina",MDA,F,,,,1555,0,20,AUG25,1946,wi
13903306,"Gidicov, Artiom",MDA,M,,,,2146,0,20,AUG25,1991,
13906852,"Gilca, Madalina",MDA,F,,,,1530,0,40,AUG25,2002,wi
13908634,"Gindea, David-Alexandru",MDA,M,,,,1551,0,20,AUG25,2006,i
13903853,"Girnet, Ion",MDA,M,,,,1997,0,40,AUG25,1976,i
13904620,"Gitu, Paula-Alexandra",MDA,F,WFM,WFM,,2067,0,20,AUG25,1999,w
13906283,"Glavan, Pavel",MDA,M,,,,2013,0,20,AUG25,2003,i
13913930,"Gnatiuc, Ion",MDA,M,,,,1658,0,40,AUG25,1990,i
13908308,"Godovanchuk, Ilie",MDA,M,,,,1474,0,40,AUG25,2005,i
13909185,"Goian, Larisa",MDA,F,,,,1650,0,20,AUG25,2005,wi
13905716,"Goian, Mihai",MDA,M,,,,ACM,1665,0,AUG25,1983,i
13903241,"Goian, Valeria",MDA,F,,,,1746,0,20,AUG25,1997,wi
13904663,"Golban, Liudmila",MDA,F,,NA,,1740,0,20,AUG25,1967,w
13905511,"Golodnii, Vlad",MDA,M,,,,1867,7,20,AUG25,1983,
13904582,"Golstein, Mihail",MDA,M,,,,1878,0,20,AUG25,1962,i
13901923,"Golub, Dan",MDA,M,,,,2341,0,20,AUG25,1989,i
13903829,"Gorbanovsky, Oleg",MDA,M,,,,2268,0,20,AUG25,1997,i
13911953,"Gorbatiuc, Vladislav",MDA,M,,,,1473,0,40,AUG25,2007,i
13900935,"Gordin, Artiom",MDA,M,FM,,,2313,0,20,AUG25,1983,i
13918710,"Gorgos, Daniel",MDA,M,,,,1481,8,40,AUG25,2016,
13918265,"Gospodinov, Bogdan",MDA,M,,,,1464,0,40,AUG25,2014,
13901737,"Gostev, Serghei",MDA,M,FM,,,2258,0,20,AUG25,1984,
13904353,"Gosudarev, Stanislav",MDA,M,,,,1812,0,20,AUG25,1949,i
13918800,"Grabciuc, Gleb",MDA,M,,,,1499,3,40,AUG25,2014,
13903403,"Grama, Cristian",MDA,M,,,,1920,0,20,AUG25,1998,i
13901010,"Greabca, Diana",MDA,F,WIM,WIM,,2207,0,20,AUG25,1983,wi
13901630,"Greabca, Irina",MDA,F,WIM,WIM,,1999,0,20,AUG25,1984,wi
13901796,"Greabca, Vasile",MDA,M,FM,,,2261,0,20,AUG25,1943,i
13901770,"Grebencio, Mihail",MDA,M,,,,2143,0,20,AUG25,1989,i
13911635,"Grebeniuc, Alexandra",MDA,F,,,,1879,16,40,AUG25,2008,w
13904094,"Grecu, Veaceslav",MDA,M,,,,1905,0,20,AUG25,1987,i
13915371,"Grib, Sofia",MDA,F,,,,1478,4,40,AUG25,2016,w
13910647,"Grigoras, Dan",MDA,M,,,,1521,0,40,AUG25,2005,i
13905457,"Grigorita, Anastasia",MDA,F,,,,1734,0,20,AUG25,2001,wi
13910973,"Grinchevici, Igor",MDA,M,,,,1433,0,40,AUG25,2004,i
13909371,"Gritai, Ecaterina",MDA,F,,,,1439,0,40,AUG25,2009,wi
13912879,"Grosu, Ion",MDA,M,,,,1741,0,40,AUG25,1981,i
13919725,"Grosu, Todor",MDA,M,,,,1494,0,40,AUG25,2008,
13908553,"Grozavu, Lucian",MDA,M,,,,1614,0,20,AUG25,2002,i
13911848,"Gubin, Dmitrii",MDA,M,,,,2219,8,40,AUG25,2011,
13909045,"Guidea, Ion",MDA,M,,,,1751,0,40,AUG25,1947,i
13910779,"Gumennii, Iacov",MDA,M,,,,1677,0,40,AUG25,2009,i
13914510,"Guretchii, Denis",MDA,M,,,,1623,0,40,AUG25,1980,
13911872,"Guretchii, Kirill",MDA,M,,,,2097,10,40,AUG25,2010,
13902687,"Gutol, Igor",MDA,M,FM,,,2243,0,20,AUG25,1985,i
13906836,"Gutol, Mihail",MDA,M,,NA,,1783,0,20,AUG25,1956,i
13905813,"Gutol, Oleg",MDA,M,,,,1649,0,20,AUG25,1978,i
13914952,"Guzun, Artiom",MDA,M,,,,1731,0,40,AUG25,1994,i
13909762,"Guzun, Lavinia",MDA,F,,,,1600,0,40,AUG25,2009,wi
13907263,"Gvozdov, Roman",MDA,M,,,,1558,0,40,AUG25,1984,i
13900803,"Gyrlea, Viktor",MDA,M,IM,,,2340,0,10,AUG25,1948,i
13902393,"Hamitevici, Vladimir",MDA,M,GM,,,2449,18,10,AUG25,1991,
13901710,"Harbuz, Daniela",MDA,F,WFM,WFM,,2082,0,20,AUG25,1984,wi
13905392,"Harbuz, Trayan",MDA,M,,,,2095,0,20,AUG25,1982,i
13913719,"Hariton, Luca",MDA,M,,,,1523,5,40,AUG25,2015,
13905406,"Hasnash, Andrei",MDA,M,,,,1623,0,40,AUG25,2003,i
13904272,"Hincu, Gheorghe",MDA,M,,,,2177,0,20,AUG25,1970,i
13904108,"Hincu, Olga",MDA,F,WFM,WFM,,2124,0,20,AUG25,1997,wi
13914197,"Hiznicenco, Valeria",MDA,F,,,,1493,0,40,AUG25,2012,w
13915193,"Holban, Razvan",MDA,M,,,,1704,0,40,AUG25,2012,
13911244,"Iachimov, Egor",MDA,M,,,,1792,0,40,AUG25,2007,i
13900390,"Iankowski, Roman",MDA,M,IM,,,2344,0,10,AUG25,1978,i
13901125,"Ianocichin, Nicolai",MDA,M,FM,,,2102,0,20,AUG25,1950,i
13901079,"Ianocichin, Victor",MDA,M,,,,2192,0,20,AUG25,1986,i
13909703,"Ianovschii, Dmitrii",MDA,M,,,,1721,0,40,AUG25,2003,i
13908928,"Iarmenco, Petru",MDA,M,,,,1790,0,40,AUG25,1954,i
13911902,"Iaros, Valentina",MDA,F,,,,1497,0,40,AUG25,1964,wi
13912631,"Iastrebceac, Varvara",MDA,F,,,,1570,0,40,AUG25,2009,w
13905171,"Iastremschii, Igor",MDA,M,,,,1911,0,20,AUG25,1995,i
13907484,"Iavorschii, Artur",MDA,M,,,,1460,0,40,AUG25,2005,i
13907425,"Iavorschii, Pavel",MDA,M,,,,1662,0,20,AUG25,2000,i
13902733,"Ignat, Ilie",MDA,M,,,,1734,0,20,AUG25,1996,i
13903616,"Ignat, Xenia",MDA,F,,,,1837,0,20,AUG25,1992,wi
13904515,"Ilyazova, Yulia",MDA,F,,,,1762,0,40,AUG25,1996,wi
13900200,"Iordachescu, Viorel",MDA,M,GM,,,2558,0,10,AUG25,1977,
13915835,"Iordachi, Noe",MDA,M,,,,1405,0,40,AUG25,2012,i
13902164,"Iov, Dmitrii",MDA,M,,,,1929,0,20,AUG25,1982,i
13903837,"Iovcov, Valerii",MDA,M,FM,,,2360,0,10,AUG25,1997,i
13912313,"Istrati, Valeriu",MDA,M,,,,1456,0,40,AUG25,1992,i
13915614,"Istratii, Alexandru",MDA,M,,,,1657,0,40,AUG25,2008,i
13902059,"Iurascu, Mihaela",MDA,F,,,,1902,0,20,AUG25,1989,wi
13909134,"Iurcu, Victor",MDA,M,,,,1478,0,40,AUG25,2006,i
13913832,"Ivanov, Alexei",MDA,M,,,,1415,0,40,AUG25,2009,i
13901990,"Ivanov, Evgeny",MDA,M,,,,1999,0,20,AUG25,1986,i
13904612,"Ivanov, Stefan",MDA,M,,,,1768,0,40,AUG25,1990,i
13914600,"Ivarlac, Alexandr",MDA,M,,,,1582,0,40,AUG25,1987,i
13912690,"Ivarlac, Vladislav",MDA,M,,,,2051,7,40,AUG25,2012,
13915207,"Jantovan, Rodion",MDA,M,,,,1534,0,40,AUG25,2011,
13911422,"Jimji, Vitali",MDA,M,,,,1871,6,40,AUG25,2012,
13909908,"Jingan, Boris",MDA,M,,,,1656,0,40,AUG25,1993,i
13917757,"Jurcanu, Nicolae",MDA,M,,,,1426,4,40,AUG25,2016,
13918699,"Kacean, Serghei",MDA,M,,,,1540,0,40,AUG25,1991,
13912593,"Keller, Alexandr",MDA,M,,,,1635,0,40,AUG25,2006,i
13906011,"Keller, Rostislav",MDA,M,,,,1915,0,20,AUG25,2004,i
13900544,"Khruschiov, Alexey",MDA,M,GM,,,2274,0,10,AUG25,1982,
13900242,"Kichuk, Tatiana",MDA,F,,,,1757,0,20,AUG25,1965,wi
13901400,"Kiseeva, Katerina",MDA,F,,,,2141,0,20,AUG25,1983,wi
13913395,"Kissa, Andrei",MDA,M,,,,1651,0,40,AUG25,1986,i
13915738,"Kissa, Maxim",MDA,M,,,,1524,6,40,AUG25,2015,
13903950,"Kitsan, Konstantin",MDA,M,,,,1987,0,40,AUG25,1990,i
13900030,"Komliakov, Viktor",MDA,M,GM,,,2372,0,10,AUG25,1960,i
13907492,"Kononov, Daniil",MDA,M,,,,1911,0,20,AUG25,2005,i
13915827,"Krepak, Mykhailo",MDA,M,,,,1440,5,40,AUG25,2015,
13903497,"Kruk, Ivan",MDA,M,,,,1870,0,20,AUG25,1960,i
13905830,"Lacusta, Valeriu",MDA,M,,,,1544,8,20,AUG25,1951,
13910914,"Laricov, Vlada",MDA,F,,,,1611,0,40,AUG25,2008,w
13913891,"Larionov, Serghei",MDA,M,,,,1723,6,40,AUG25,2014,
13907808,"Lashkin, Jegor",MDA,M,IM,,,2512,9,10,AUG25,2003,
13903179,"Lauda, Alexandr",MDA,M,CM,FT,,2154,15,20,AUG25,1987,
13901605,"Lazo, Andrei",MDA,M,FM,,,2122,0,20,AUG25,1984,
13914022,"Leancu, Marcu-Aureliu",MDA,M,,,,1420,0,40,AUG25,2009,i
13901443,"Leca, Ion",MDA,M,,,,1802,7,40,AUG25,1955,
13914235,"Leon, Alexandru",MDA,M,,,,1404,5,40,AUG25,2014,
13905902,"Leonova, Sofia",MDA,F,,,,1650,0,40,AUG25,2002,wi
13910175,"Lescinschi, Nichita",MDA,M,,,,1638,0,40,AUG25,2003,i
13902024,"Lesnic, Anastasia",MDA,F,,,,1753,0,40,AUG25,1995,wi
13902857,"Lesnic, Galina",MDA,F,,,,1708,0,20,AUG25,1999,wi
13915274,"lesnoi, Timur",MDA,M,,,,1527,0,40,AUG25,2012,i
13918893,"Leva, Octavian-Cristian",MDA,M,,,,1452,0,40,AUG25,2011,
13910671,"Levca, Dorina",MDA,F,,,,1461,0,40,AUG25,2004,wi
13913093,"Levinta, Denis",MDA,M,,,,1410,0,40,AUG25,2011,i
13913077,"Levinta, Egor",MDA,M,,,,1497,0,40,AUG25,2009,i
13915649,"Levinta, Maria",MDA,F,,,,1520,13,40,AUG25,2016,w
13905007,"Lichii, Elizaveta",MDA,F,,,,1891,0,20,AUG25,2002,wi
13912003,"Lisac, Timofei",MDA,M,,,,1402,0,40,AUG25,2010,i
13905279,"Lopotenco, Alexandru",MDA,M,,,,1669,0,20,AUG25,2001,i
13907921,"Lozovanu, Nicolai",MDA,M,,,,1506,0,40,AUG25,1945,i
13908456,"Luca, Alexandru",MDA,M,,,,1447,0,40,AUG25,2007,i
13908855,"Luca, Alin",MDA,M,,,,1488,0,20,AUG25,2005,i
13916033,"Luca, Daniel",MDA,M,,,,1414,0,40,AUG25,2011,i
13908120,"Luca, Robert",MDA,M,,,,1436,0,40,AUG25,2006,i
13909843,"Luca, Sabin",MDA,M,,,,1482,0,40,AUG25,2008,i
13904388,"Luca, Victor",MDA,M,,,,1682,0,20,AUG25,1995,i
13905643,"Lucas, Andrei",MDA,M,,,,1698,0,40,AUG25,0,i
13908464,"Lungu, Vladimir",MDA,M,,,,1628,5,20,AUG25,1962,
13908170,"Lupan, Evelina",MDA,F,,,,1587,0,40,AUG25,2004,wi
13909770,"Lupasco, Ionut",MDA,M,,,,1513,0,40,AUG25,2009,i
13902474,"Lupascu, Dorin",MDA,M,,,,2006,0,20,AUG25,1991,i
13908340,"Lupea, Gherghe",MDA,M,,,,1790,0,20,AUG25,1975,i
13908863,"Lupu, Alexandru",MDA,M,,,,1489,0,40,AUG25,2007,i
13912380,"Lupu, Ion",MDA,M,,,,1677,9,40,AUG25,2012,
13915479,"Lupu, Laurentiu",MDA,M,,,,1417,0,40,AUG25,2011,i
13904590,"Machidon, Cristi",MDA,M,FM,,,2350,0,20,AUG25,1998,
13904680,"Macovei, Andrei",MDA,M,IM,,,2484,0,10,AUG25,2000,
13912852,"Madan, Bogdan",MDA,M,,,,1717,12,40,AUG25,2011,
13912860,"Madan, David",MDA,M,,,,1474,7,40,AUG25,2014,
13906496,"Magritchi, Oleg",MDA,M,,,,1894,0,40,AUG25,1962,i
13915924,"Malai, Alexandru",MDA,M,,,,1409,0,40,AUG25,2012,i
13910841,"Mamaliga, Camelia",MDA,F,,,,1501,0,40,AUG25,2009,wi
13903624,"Mamaliga, Laurentiu",MDA,M,,,,1884,0,20,AUG25,1995,i
13904655,"Managadze, Livia",MDA,F,,,,1828,0,20,AUG25,2001,wi
13914936,"Manea, David",MDA,M,,,,1487,0,40,AUG25,2014,
13907433,"Manitcaia, Alina",MDA,F,,,,1719,0,20,AUG25,2000,wi
13912399,"Manoila, Ruslana",MDA,F,,,,1517,0,40,AUG25,2012,w
13913840,"Mardari, Andrei",MDA,M,,,,1413,0,40,AUG25,2015,
13908537,"Mardari, Cristian",MDA,M,,,,1680,0,40,AUG25,1999,i
13902229,"Martemianov, Iaroslav",MDA,M,IM,,,2365,0,10,AUG25,1990,i
13901532,"Martemianov, Oleg",MDA,M,,,,2220,0,20,AUG25,1967,i
13907689,"Martev, Alexandr",MDA,M,,,,1827,0,20,AUG25,1973,i
13909452,"Martinenco, Nicolae",MDA,M,,,,1876,0,40,AUG25,2007,
13901559,"Martinenco, Sergiu",MDA,M,,,,1957,14,20,AUG25,1979,
13912682,"Martinenco, Stefania",MDA,F,,,,1412,0,40,AUG25,2012,wi
13914057,"Martiniuc, Taisia",MDA,F,,,,1514,0,40,AUG25,2011,w
13907034,"Martinovici, Ilia",MDA,M,IM,,,2456,5,10,AUG25,2003,
13901265,"Mashtakov, Evgeny",MDA,M,,,,1825,0,20,AUG25,1956,i
13905180,"Maslov, Arteom",MDA,M,,,,1737,7,20,AUG25,1998,
13907565,"Matei, Mihai",MDA,M,,,,1620,0,20,AUG25,2003,i
13917773,"Mavrodi, Ilia",MDA,M,,,,1423,0,40,AUG25,2011,
13907441,"Medvetchii, Vasile",MDA,M,,,,1687,0,20,AUG25,1943,i
13914049,"Melnik, Alina",MDA,F,,,,1415,0,40,AUG25,2008,w
13918761,"Melnyk, Illia",MDA,M,,,,1607,5,40,AUG25,2015,
13917200,"Mereuta, Daria",MDA,F,,,,1402,0,40,AUG25,2014,w
13915746,"Mesheoglo, Mihail",MDA,M,,,,1539,0,40,AUG25,1994,
13905953,"Meteliov, Boris",MDA,M,,,,1929,0,20,AUG25,2001,i
13916076,"Mihai, Elias-Semion",MDA,M,,,,1591,0,40,AUG25,2016,
13901273,"Mihailov, Dimitri",MDA,M,,,,1769,0,20,AUG25,1972,i
13907018,"Mihailova, Alina",MDA,F,WFM,WFM,,1975,0,20,AUG25,2004,w
13916360,"Mihaluta, Irina",MDA,F,,,,1474,0,40,AUG25,2013,wi
13906844,"Mikhailova, Alina",MDA,F,,,,1639,0,40,AUG25,2004,wi
13916866,"Militan, Dmitrii",MDA,M,,,,1455,0,40,AUG25,1943,
13915975,"Mincev, Ilia",MDA,M,,,,1420,0,40,AUG25,2012,
13902016,"Mindrigan, Dumitru",MDA,M,,,,2001,0,20,AUG25,1981,i
13905775,"Mindru, Valeriu",MDA,M,,,,1865,5,20,AUG25,1969,
13913751,"Minzat, Victoria",MDA,F,,,,1534,12,40,AUG25,2014,w
13908227,"Miron, Iurii",MDA,M,,,,2051,7,40,AUG25,2007,
13909363,"Mironica, Madalina",MDA,F,,,,1501,0,40,AUG25,2007,wi
13918540,"Mironiuc, Gabriel",MDA,M,,,,1542,0,40,AUG25,2015,
13905562,"Misin, Alexandr",MDA,M,,,,1792,0,40,AUG25,2003,i
13900838,"Mitkov, Alexander",MDA,M,,,,2100,0,40,AUG25,1991,i
13903764,"Mitronici, Vladimir",MDA,M,,,,1951,0,40,AUG25,1988,i
13912933,"Mocanu, Andrian",MDA,M,,,,1778,11,40,AUG25,2013,
13911120,"Mocanu, Dmitrii",MDA,M,,,,1649,0,40,AUG25,1989,i
13906186,"Mocanu, Paula",MDA,F,,,,1804,0,20,AUG25,2004,wi
13903098,"Mocanu, Sergiu",MDA,M,,,,2227,0,20,AUG25,1992,i
13903411,"Mocanu, Stefan",MDA,M,,,,1934,0,20,AUG25,1985,i
13905287,"Mocanu, Valeria",MDA,F,,,,1904,0,20,AUG25,2002,wi
13901974,"Mogildea, Mihail",MDA,M,,,,1732,0,20,AUG25,1995,i
13918737,"Molocanov, Artiom",MDA,M,,,,1480,3,40,AUG25,2014,
13906038,"Molodiuc, Veaceslav",MDA,M,,,,1546,0,40,AUG25,0,i
13911260,"Moraru, Augustin",MDA,M,,,,1416,0,40,AUG25,2008,i
13900781,"Moraru, Daciu",MDA,M,,,,1924,0,40,AUG25,1993,i
13902989,"Moraru-Straliuc, Andrei",MDA,M,,,,1861,0,20,AUG25,1993,i
13900897,"Morozov, Nichita",MDA,M,IM,,,2400,0,10,AUG25,1999,i
13912909,"Moscaliov, Vladimir",MDA,M,,,,1764,0,40,AUG25,1959,i
13900749,"Moshina, Cristina",MDA,F,WIM,WIM,,2208,0,20,AUG25,1982,wi
13910418,"Munteanu, Daniel",MDA,M,,,,1471,0,40,AUG25,2008,i
13914502,"Munteanu, Oleg",MDA,M,,,,1532,0,40,AUG25,1969,
13904299,"Munteanu, Sandu",MDA,M,,,,1639,0,20,AUG25,1996,i
13913859,"Munteanu, Stanislav",MDA,M,,,,1631,6,40,AUG25,2008,
13906674,"Murinet, Alexei",MDA,M,,,,1569,0,40,AUG25,2000,i
13907905,"Muset, Grigore",MDA,M,,,,1684,0,40,AUG25,1954,i
13901087,"Mutu, Veaceslav",MDA,M,,,,2045,0,20,AUG25,1975,i
13915258,"Nagornii, Daniil",MDA,M,,,,1547,5,40,AUG25,2014,
13901281,"Naidich, Vasily",MDA,M,,,,2042,0,20,AUG25,1984,
13906623,"Nanii, Vladimir",MDA,M,,,,1566,0,40,AUG25,2003,i
13912844,"Nastas, Evgheni",MDA,M,,,,1677,0,40,AUG25,1992,i
13915592,"Nastas, Igor",MDA,M,,,,1490,0,40,AUG25,2009,i
13907182,"Nastasovici, Artur",MDA,M,,,,1732,0,20,AUG25,2002,i
13917412,"Nazarciuc, Nazar",MDA,M,,,,1474,0,40,AUG25,2005,i
13908774,"Nazaria, Sergiu",MDA,M,,,,1470,0,40,AUG25,2006,i
13908286,"Negrivoda, Veaceslav",MDA,M,,,,1793,0,40,AUG25,1978,i
13900366,"Negura, Alexandr",MDA,M,,,,2076,0,20,AUG25,1988,i
13911546,"Nelipovschi, Damian",MDA,M,,,,1404,0,40,AUG25,2006,i
13916084,"Nesterenco, Victor",MDA,M,,,,1435,0,40,AUG25,1993,i
13900080,"Nevednichy, Boris M",MDA,M,IM,,,1950,0,10,AUG25,1939,i
13914448,"Nicolaev, Dmitrii",MDA,M,,,,1505,0,40,AUG25,2011,i
13913646,"Nicologlo, Ivan",MDA,M,,,,1532,7,40,AUG25,2011,
13905031,"Nicora, Cristi",MDA,M,,,,2058,0,20,AUG25,1998,i
13906658,"Nicorici, Nicoleta",MDA,F,,,,1615,0,40,AUG25,2007,wi
13917269,"Novac, Daniil",MDA,M,,,,1631,7,40,AUG25,2014,
13911511,"Novac, Vadim",MDA,M,,,,2110,7,40,AUG25,2009,
13911481,"Odinet, Artur",MDA,M,,,,1562,0,40,AUG25,1965,i
13902326,"Ogleznev, Alexandr",MDA,M,FM,,,2333,0,20,AUG25,1989,
13910752,"Ogorodnic, Maxim",MDA,M,,,,1425,0,40,AUG25,2008,i
13904728,"Ohoncenco, Mihail",MDA,M,,,,1746,0,20,AUG25,1943,i
13906666,"Ojog, Felicia",MDA,F,,,,1811,0,20,AUG25,2005,wi
13909991,"Oleinic, Ion",MDA,M,,,,1578,0,40,AUG25,2001,i
13909274,"Oleinic, Nicolae",MDA,M,,,,1754,16,40,AUG25,2008,
13906526,"Onici, Valeriu",MDA,M,,,,1759,0,40,AUG25,1973,i
13902636,"Opinca, Sorin",MDA,M,,,,2145,0,20,AUG25,1990,i
13902750,"Ornovetsky, Mikhail",MDA,M,,,,2011,0,20,AUG25,1976,i
13916521,"Osmolovskii, Daniil",MDA,M,,,,1465,0,40,AUG25,2013,
13913794,"Padure, Dragos-Alexandru",MDA,M,,,,1872,24,40,AUG25,2012,
13915223,"Paduret, Marcu",MDA,M,,,,1455,0,40,AUG25,2013,i
13904698,"Palean, Oleg",MDA,M,,,,1682,0,40,AUG25,1993,i
13911082,"Palii, Alexandru",MDA,M,,,,1686,0,40,AUG25,2003,i
13908901,"Palii, Janeta",MDA,F,,,,1466,0,40,AUG25,2005,wi
13906232,"Palitu, Iulian",MDA,M,,,,1864,0,20,AUG25,1987,i
13905295,"Panfilii, Laurentiu",MDA,M,,,,1890,0,20,AUG25,2004,i
13918311,"Panicerschii, Nikita",MDA,M,,,,1461,0,40,AUG25,2014,
13914987,"Panisco, Alexandr",MDA,M,,,,1499,0,40,AUG25,2014,
13909142,"Panov, Nicolai",MDA,M,,,,1904,0,40,AUG25,1956,i
13908960,"Pantilii, Nicolae",MDA,M,,,,1693,0,20,AUG25,2005,i
13909592,"Panuta, Daniel",MDA,M,,,,1566,0,40,AUG25,2001,i
13909800,"Papuc, Vitalii",MDA,M,,,,1531,0,40,AUG25,2008,i
13906534,"Parpalac, Vadim",MDA,M,,,,1755,0,20,AUG25,1974,
13901001,"Partac, Elena",MDA,F,WGM,WGM,,2041,0,20,AUG25,1984,w
13914090,"Pascari, Ana",MDA,F,,,,1640,6,40,AUG25,2011,w
13913123,"Pascariuc, Rolan",MDA,M,,,,1618,5,40,AUG25,2013,
13910710,"Pascaru, Marina",MDA,F,,,,1462,0,40,AUG25,2005,wi
13907123,"Paslari, Piotr",MDA,M,,,,1788,0,40,AUG25,1966,
13915355,"Pastuhova, Irina",MDA,F,,,,1424,0,40,AUG25,2013,wi
13916025,"Pavalachi, Daniel",MDA,M,,,,1467,0,40,AUG25,2009,i
13916017,"Pavalachi, Dumitru",MDA,M,,,,1515,0,40,AUG25,2010,i
13915800,"Pavaluc, Maxim",MDA,M,,,,1508,0,40,AUG25,2012,
13900684,"Pavlenko, Bogdan",MDA,M,FM,,,1988,0,20,AUG25,1967,i
13907450,"Pazuratii, Eduard",MDA,M,,,,1596,0,40,AUG25,2001,i
13915762,"Peev, Chiril",MDA,M,,,,1463,0,40,AUG25,2015,
13904434,"Peicea, Fiodor",MDA,M,,,,1716,0,20,AUG25,1963,i
13902334,"Perciun, Dan",MDA,M,,,,2194,0,20,AUG25,1991,i
13915622,"Perlog, Cristian",MDA,M,,,,1828,8,40,AUG25,2003,
13900196,"Petrenko, Svetlana",MDA,F,IM,WGM,,1990,7,20,AUG25,1974,w
13908596,"Petricenco, Ana",MDA,F,WFM,WFM,,2032,0,20,AUG25,2006,w
13912062,"Petrov, Daniel",MDA,M,,,,1880,7,40,AUG25,2008,
13904957,"Petruli, Igor",MDA,M,,,,1981,0,20,AUG25,1998,i
13910540,"Pilchin, Ivan",MDA,M,,,,1527,0,40,AUG25,1983,i
13907913,"Pinteac, Bogdan",MDA,M,,,,1730,0,40,AUG25,2003,i
13905309,"Plamadeala, Ion",MDA,M,,,,1743,0,20,AUG25,2001,i
13904264,"Platon, Constantin",MDA,M,,,,1773,0,40,AUG25,1959,i
13908545,"Platon, Daniel",MDA,M,,,,1684,0,20,AUG25,2002,i
13909789,"Plesca, Benedict",MDA,M,,,,1494,0,40,AUG25,2008,i
13906194,"Plesca, Constantin",MDA,M,,,,1710,0,20,AUG25,2005,i
13902830,"Plesco, Sergiu",MDA,M,,,,2012,0,40,AUG25,1988,i
13901818,"Pleshca, Constantin",MDA,M,,,,1995,0,20,AUG25,1937,i
13904639,"Plohotniuc, Vadim",MDA,M,,,,1830,0,20,AUG25,1999,i
13911180,"Pocitarenco, Klim",MDA,M,,,,1488,0,40,AUG25,2007,i
13910493,"Podvoiski, Stepan",MDA,M,,,,1634,0,20,AUG25,2006,i
13904876,"Pohilenco, Iurie",MDA,M,,,,1696,0,40,AUG25,1997,i
13913964,"Poleacov, David",MDA,M,,,,1590,0,40,AUG25,2008,
13912828,"Poleacova, Anastasia",MDA,F,,,,1596,0,40,AUG25,2012,w
13910167,"Polovitchii, Igor",MDA,M,,,,1636,0,20,AUG25,1985,i
13913050,"Popa, Cristian",MDA,M,,,,1531,0,40,AUG25,2013,
13904396,"Popa, Decebal",MDA,M,,,,1608,15,20,AUG25,1992,
13904418,"Popa, Gheorghe",MDA,M,,,,1582,0,20,AUG25,1939,i
13908723,"Popa, Igor",MDA,M,,,,1514,0,40,AUG25,2007,i
13903187,"Popa, Iuliana",MDA,F,,,,1947,0,20,AUG25,1988,wi
13914618,"Popa, Ruslan",MDA,M,,,,1580,5,40,AUG25,2009,
13903594,"Popa, Vasile",MDA,M,,,,1673,0,20,AUG25,1996,i
13916890,"Popaz, Nikita",MDA,M,,,,1447,0,40,AUG25,2011,
13914642,"Popescu, Alin",MDA,M,,,,1776,0,40,AUG25,2007,
13902040,"Popov, Ian",MDA,M,,,,1762,0,40,AUG25,1981,i
13904817,"Popovici, Chiril",MDA,M,,,,1749,0,40,AUG25,1995,i
13914243,"Popovici, Grigore",MDA,M,,,,1419,0,40,AUG25,2011,i
13905090,"Postolache, Ion",MDA,M,,,,1714,0,40,AUG25,1969,i
13902920,"Postolache, Sergei",MDA,M,,,,1939,0,20,AUG25,1988,i
13902768,"Postolache, Viorel",MDA,M,,,,2159,0,20,AUG25,1993,i
13905724,"Postolachi, Bogdan",MDA,M,,,,1950,0,20,AUG25,1994,i
13908090,"Pozdirca, Petru",MDA,M,,,,1649,0,20,AUG25,2005,i
13908740,"Pranitchi, Michelle",MDA,F,,,,1438,0,20,AUG25,2006,wi
13906100,"Pranitchi, Veaceslav",MDA,M,,FI,,1824,0,40,AUG25,1992,i
13909215,"Pricop, Alexandr",MDA,M,,,,1462,0,40,AUG25,2010,i
13909878,"Prier, Alexandr",MDA,M,,,,1535,0,40,AUG25,2003,i
13904132,"Prikladov, Vladimir",MDA,M,,,,1608,8,20,AUG25,1947,
13900676,"Prilepov, Alexei",MDA,M,,,,2108,0,20,AUG25,1967,i
13907280,"Pripa, Emil",MDA,M,,,,1642,0,40,AUG25,1993,i
13905899,"Prisacari, Ivan",MDA,M,,,,1702,0,40,AUG25,2003,i
13907700,"Priseajniuc, Andrei",MDA,M,,,,1979,0,20,AUG25,2005,
13901656,"Prociuc, Evgenii",MDA,M,,,,1898,0,20,AUG25,1982,
13914995,"Prociuc, Mihail",MDA,M,,,,1551,7,40,AUG25,2013,
13904140,"Procop, Egor",MDA,M,,,,2023,0,20,AUG25,1997,i
13914910,"Profir, Dragos",MDA,M,,,,1422,0,40,AUG25,2013,i
13908243,"Prokopenco, Alexandr",MDA,M,,,,1626,0,40,AUG25,1987,i
13905490,"Prominski, Nicolae",MDA,M,,,,1793,0,20,AUG25,1999,i
13906003,"Pruteanu, Alina",MDA,F,,,,1662,0,20,AUG25,2004,wi
13911554,"Pulbere, Roman",MDA,M,,,,1551,0,40,AUG25,2011,
13903314,"Pynzari, Alexandr",MDA,M,,,,1971,0,20,AUG25,1989,i
13901583,"Rabutki, Dmitri",MDA,M,,,,1726,0,20,AUG25,1955,i
13908030,"Racu, Gabriel",MDA,M,,,,1449,0,40,AUG25,2006,i
13911309,"Radionova, Daria",MDA,F,,,,1512,0,40,AUG25,2007,wi
13912100,"Railean, Sergiu",MDA,M,,NA,,1835,8,40,AUG25,1971,
13914626,"Railean, Vlad",MDA,M,,,,1504,7,40,AUG25,2010,
13900668,"Raischi, Ion",MDA,M,,,,1690,0,40,AUG25,1996,i
13901699,"Rascenco, Gheorghe",MDA,M,,,,1742,0,40,AUG25,1995,i
13907930,"Rascu, Dmitrii",MDA,M,,,,1917,6,20,AUG25,2005,
13912194,"Razdorojnii, Nikita",MDA,M,,,,1770,0,40,AUG25,2009,i
13902237,"Remarciuc, Oleg",MDA,M,,,,2154,0,20,AUG25,1971,i
13910108,"Repcinschi, Maxim",MDA,M,,,,1498,0,40,AUG25,2010,
13917889,"Revenco, Damir",MDA,M,,,,1445,0,40,AUG25,2014,
13906445,"Revencu, Leon",MDA,M,,,,1989,0,20,AUG25,2004,
13908103,"Rija, Dumitru",MDA,M,,,,1556,0,20,AUG25,2005,i
13905198,"Robu, Eduard",MDA,M,,,,1699,0,20,AUG25,1978,
13909851,"Robu, Milania",MDA,F,,,,1646,0,20,AUG25,2005,wi
13902776,"Roitman, Leonid",MDA,M,,,,1988,0,20,AUG25,1989,i
13918990,"Romah, Alexandr",MDA,M,,,,1614,4,40,AUG25,2008,
13900560,"Romcovici, Victor",MDA,M,IM,,,2110,0,10,AUG25,1950,i
13908871,"Rosca, Calin",MDA,M,,,,1407,0,40,AUG25,2004,i
13909924,"Rotaru, Cristi",MDA,M,,,,1576,0,40,AUG25,2007,i
13917455,"Rotaru, Sergiu",MDA,M,,,,1535,0,40,AUG25,1990,i
13905546,"Rotaru, Valentina",MDA,F,,,,1605,0,20,AUG25,2003,wi
13900919,"Rotaru, Vasile",MDA,M,,,,1741,0,40,AUG25,1994,i
13905856,"Rotaru, Victoria",MDA,F,,,,1723,0,40,AUG25,1997,wi
13909398,"Rudenco, Margarita",MDA,F,,,,1667,0,40,AUG25,2004,wi
13910531,"Rudic, Ciprian",MDA,M,,,,1689,0,40,AUG25,1998,
13914375,"Rudnev, Egor",MDA,M,,,,1528,0,40,AUG25,2006,i
13902423,"Rumeantev, Andrei",MDA,M,,,,1957,0,40,AUG25,1995,i
13913336,"Rusev, Mihail",MDA,M,,,,1724,0,40,AUG25,1993,i
13906984,"Russu, Dumitru",MDA,M,,,,1812,0,20,AUG25,2006,i
13909916,"Russu, Vladislav",MDA,M,,,,1681,0,40,AUG25,1993,i
13900412,"Rusu, Vitalii",MDA,M,,,,1806,0,40,AUG25,0,i
13908731,"Salinscaia, Sofia",MDA,F,,,,1405,0,40,AUG25,2008,wi
13914456,"Samsi, Dmitrii",MDA,M,,,,1434,0,40,AUG25,2011,i
13908359,"Sanazarov, Vadim",MDA,M,,,,1815,0,40,AUG25,1974,i
13909223,"Sandetkaia, Liudmila",MDA,F,,,,1764,0,40,AUG25,2002,wi
13900161,"Sanduleac, Vasile",MDA,M,GM,FT,,2338,8,10,AUG25,1971,
13908685,"Sapocinic, Mihail",MDA,M,,,,1441,0,40,AUG25,2007,i
13908693,"Sapocinic, Semion",MDA,M,FM,,,2299,9,20,AUG25,2009,
13906828,"Sapogovsky, Anatoli",MDA,M,,,,1561,0,40,AUG25,2000,i
13916173,"Saprichin, Roman",MDA,M,,NA,,1612,0,20,AUG25,1995,
13901958,"Saprikin, Alexandr",MDA,M,,,,2035,0,20,AUG25,1990,
13915568,"Saraban, Ermac",MDA,M,,,,1542,0,20,AUG25,2005,
13900943,"Saragov, Eugen",MDA,M,,,,1989,0,40,AUG25,1948,i
13903713,"Sarivan, Margareta",MDA,F,,,,1829,0,20,AUG25,1986,w
13903721,"Sarivan, Mircea",MDA,M,,,,1998,0,20,AUG25,1949,i
13918842,"Sasu, Andrei",MDA,M,,,,1453,0,40,AUG25,2012,
13917404,"Sauca, Roman",MDA,M,,,,1499,0,40,AUG25,2014,
13908260,"Savciuc, Andrei",MDA,M,,,,1853,0,40,AUG25,1969,i
13905465,"Schitco, Ivan",MDA,M,GM,,,2482,9,10,AUG25,2003,
13906348,"Scorobogatov, Vasile",MDA,M,,,,1794,0,40,AUG25,1938,i
13905201,"Scorobogatov, Vladimir",MDA,M,,,,1869,0,20,AUG25,1960,i
13906356,"Scovitin, Albert",MDA,M,,,,1988,0,20,AUG25,1941,i
13908529,"Scraba, Doinita",MDA,F,,,,1689,0,40,AUG25,2001,wi
13916319,"Scripco, Denis",MDA,M,,,,1469,0,40,AUG25,2012,
13907972,"Scurtu, Alexandr",MDA,M,,,,2060,18,20,AUG25,2006,
13912372,"Scutaru, Igor",MDA,M,,,,1676,16,40,AUG25,2011,
13908146,"Secrieru, Nicu",MDA,M,,,,1512,0,40,AUG25,2006,i
13906631,"Selevestru, Felicia",MDA,M,,,,1541,0,40,AUG25,2001,i
13918982,"Seliutin, Serhii",MDA,M,,,,1551,0,40,AUG25,1982,
13903462,"Semchiv, Evgenii",MDA,M,,,,1992,0,20,AUG25,1992,i
13907859,"Seredneac, Nicolai",MDA,M,,,,1591,0,40,AUG25,1947,i
13903250,"Sergeev, Maxim",MDA,M,,,,1840,0,20,AUG25,1992,i
13901257,"Sergeev, Valery",MDA,M,,,,1939,0,20,AUG25,1943,i
13903780,"Sergheev, Boris",MDA,M,FM,,,2304,0,20,AUG25,1952,i
13909193,"Serioghin, Ivan",MDA,M,,,,1425,0,40,AUG25,2008,i
13902180,"Sevciuc, Vladlen",MDA,M,,,,2013,8,20,AUG25,1993,
13900102,"Sheremetieva, Marina",MDA,F,WGM,WGM,,2158,0,20,AUG25,1963,wi
13909959,"Shevcenco, Veaceslav",MDA,M,,,,1558,0,20,AUG25,1961,
13900846,"Shtefyrtsa, Vsevolod",MDA,M,,,,1977,0,20,AUG25,1968,i
13913913,"Sicorschi, Lev",MDA,M,,,,1528,0,40,AUG25,2010,
13904159,"Sidenko, Stefan",MDA,M,,,,1669,0,20,AUG25,1994,i
13901508,"Silantiev, Stanislav",MDA,M,,,,1830,0,20,AUG25,1938,i
13904248,"Simionov, Stefan",MDA,M,,,,1774,0,20,AUG25,1994,i
13908642,"Singereanu, Razvan",MDA,M,,,,1435,0,40,AUG25,2009,i
13915118,"Sinhani, Nicolai",MDA,M,,,,1441,0,40,AUG25,2010,
13909355,"Siretanu, Andreia-Cristina",MDA,F,,,,1445,0,40,AUG25,2003,wi
13909282,"Siretanu, Vladislav",MDA,M,,,,1821,7,40,AUG25,2009,
13912070,"Sirghii, Alexandru",MDA,M,,,,1647,0,40,AUG25,2011,i
13915495,"Sit, Lev",MDA,M,,,,1451,11,40,AUG25,2015,
13906119,"Sitov, Daniel",MDA,M,,,,1700,0,20,AUG25,2001,i
13903730,"Skripnik, Dmitry",MDA,M,,,,1926,0,20,AUG25,1992,
13902121,"Skritsky, Stanislav",MDA,M,,,,1993,0,40,AUG25,1981,i
13905732,"Slabari, Dima",MDA,M,,,,1861,0,20,AUG25,1995,i
13905961,"Slanina, Laurentiu",MDA,M,,,,1847,0,20,AUG25,2002,i
13900510,"Slovineanu, Viacheslav",MDA,M,IM,"FT,NA",,2412,0,10,AUG25,1972,i
13913239,"Smochina, Vladislav",MDA,M,,,,1519,0,40,AUG25,2008,
13900382,"Smokina, Karolina",MDA,F,WGM,WGM,,2092,0,20,AUG25,1977,wi
13902644,"Sochin, Leonid",MDA,M,,,,1914,0,40,AUG25,1956,i
13902571,"Sochirca, Eugeniu",MDA,M,,,,1990,0,20,AUG25,1982,
13905023,"Socolov, Victor",MDA,M,,,,1742,0,20,AUG25,1945,i
13907328,"Socolov, Vlad",MDA,M,,,,1777,0,20,AUG25,2006,i
13901621,"Socoloveac, Roman",MDA,M,,,,1930,0,40,AUG25,1986,i
13910442,"Sofroni, Alexei",MDA,M,,,,1496,0,40,AUG25,1943,i
13906925,"Soilita, Nichita",MDA,M,,,,2013,15,40,AUG25,2007,
13900404,"Solcanean, Serghei",MDA,M,IM,NA,,2005,9,10,AUG25,1968,
13911678,"Solomonenco, Valeria",MDA,F,,,,1479,0,40,AUG25,2010,w
13900889,"Soltanici, Ruslan",MDA,M,IM,FT,,2313,22,10,AUG25,1984,
13907573,"Soltanovici, Alexandr",MDA,M,,,,1808,0,40,AUG25,1952,i
13908480,"Sontu, David",MDA,M,,,,1755,0,40,AUG25,2007,
13918575,"Sontu, Karina",MDA,F,,,,1494,6,40,AUG25,2015,w
13915894,"Spataru, Nicolae",MDA,M,,,,1431,0,40,AUG25,2012,
13902784,"Spinu, Evgeny",MDA,M,FM,,,2046,0,20,AUG25,1952,i
13911880,"Sporneac, Samuele",MDA,M,,,,1473,0,40,AUG25,2008,i
13902792,"Spynu, Eugeny",MDA,M,,,,1936,0,20,AUG25,1952,i
13916424,"Stahi, Cezar",MDA,M,,,,1449,0,40,AUG25,2012,i
13915690,"Stahniuc, Eduard",MDA,M,,,,1504,0,40,AUG25,2013,i
13915681,"Stahniuc, Vladimir",MDA,M,,,,1444,0,40,AUG25,2013,i
13910353,"Stancev, Chirill",MDA,M,,,,1944,6,40,AUG25,2007,
13910345,"Stancev, Semion",MDA,M,,,,1938,7,40,AUG25,2010,
13913867,"Stancev, Victor",MDA,M,,,,1602,15,40,AUG25,2014,
13913441,"Stancev, Vlad",MDA,M,,,,1452,10,40,AUG25,2013,
13909100,"Stanciu, Rares",MDA,M,,,,1462,0,40,AUG25,2008,i
13912089,"Stanovschii, Petru",MDA,M,,,,1726,0,40,AUG25,1991,i
13912607,"Starovoit, Daniil",MDA,M,,,,1890,0,40,AUG25,2010,i
13913522,"Stasiuc, Egor",MDA,M,,,,1474,9,40,AUG25,2013,
13902377,"Stavila, Irina",MDA,F,,,,1973,0,20,AUG25,1988,wi
13913662,"Stegarescu, Mirel",MDA,M,,,,1420,0,40,AUG25,2006,i
13911430,"Stirbu, Daniel",MDA,M,,,,1570,0,20,AUG25,2006,i
13918850,"Stoev, Evghenii",MDA,M,,,,1718,0,40,AUG25,1981,
13903772,"Stoianov, Dmitrii",MDA,M,,,,1576,0,20,AUG25,1944,i
13915860,"Stolnicenco, Serghei",MDA,M,,,,1503,0,40,AUG25,1958,
13907042,"Strasevici, Ana",MDA,F,,,,1689,0,20,AUG25,1996,wi
13917013,"Strochenkov, Mihail",MDA,M,,,,1686,0,40,AUG25,2000,
13904701,"Sturza, Dan",MDA,M,,,,1734,0,20,AUG25,1996,i
13906178,"Supac, Anatolie",MDA,M,,,,1701,0,40,AUG25,1958,i
13909169,"Suparski, Dmitrii",MDA,M,,,,1775,0,40,AUG25,2009,i
13905015,"Surdu, Mihai",MDA,M,,,,1812,0,40,AUG25,2002,i
13907581,"Surighin, Vlad",MDA,M,,,,1627,0,40,AUG25,2004,i
13911813,"Surucanu, Calin",MDA,M,,,,1436,0,40,AUG25,2009,i
13901036,"Susterman, Bela",MDA,F,,FT,,2013,0,40,AUG25,1956,wi
13903470,"Susterman, Semion",MDA,M,,,,2099,0,20,AUG25,1980,i
13908715,"Sustov, Savva",MDA,M,,,,2055,16,40,AUG25,2007,
13902261,"Susu, Alexandru",MDA,M,,,,1975,0,20,AUG25,1936,i
13912461,"Svet, Ion",MDA,M,,,,1510,0,40,AUG25,2003,i
13915347,"Svet, Victor",MDA,M,,,,1440,0,40,AUG25,2013,i
13916041,"Tabac, Daniel",MDA,M,,,,1511,0,40,AUG25,2016,i
13917803,"Tafratov, Vadim",MDA,M,,,,1408,0,40,AUG25,2016,
13909975,"Talambuta, Sofia",MDA,F,,,,1484,0,40,AUG25,2008,wi
13905430,"Talmaci, Alexandru",MDA,M,,,,2043,0,20,AUG25,2001,i
13900951,"Talmaci, Alexandru",MDA,M,,,,2006,0,20,AUG25,1991,i
13909479,"Talmaci, Arsenie",MDA,M,,,,2048,18,40,AUG25,2009,
13906372,"Talmaci, Chiril",MDA,M,,,,1929,0,20,AUG25,2005,
13919890,"Talmaci, Ilinca",MDA,F,,,,1444,5,40,AUG25,2015,w
13902482,"Talmazan, Ion",MDA,M,,,,1882,0,20,AUG25,1949,i
13904167,"Talmazan, Oleg",MDA,M,,,,2003,0,20,AUG25,1993,i
13904540,"Talmazan, Oleg N",MDA,M,,NA,,1854,0,40,AUG25,1963,i
13902695,"Talmazan, Olga",MDA,F,,,,2063,0,20,AUG25,1988,wi
13904175,"Talpa, Ruslan",MDA,M,,,,1699,0,20,AUG25,1983,i
13909541,"Tanas, Andrei",MDA,M,,,,1513,0,40,AUG25,2008,i
13910485,"Tanas, Nikolai",MDA,M,,,,1490,0,40,AUG25,2010,i
13904183,"Tanciuc, Alexei",MDA,M,,,,1799,0,20,AUG25,1996,i
13910744,"Targon, Roxana",MDA,F,,,,1503,0,40,AUG25,2008,wi
13914847,"Tarita, Dumitru",MDA,M,,,,1466,14,40,AUG25,2010,
13908952,"Tarita, Marius",MDA,M,,,,1861,0,40,AUG25,1981,i
13916564,"Tarlev, Vitalii",MDA,M,,,,1637,0,40,AUG25,2014,
13918559,"Tarleva, Polina",MDA,F,,,,1467,0,40,AUG25,2016,w
13913654,"Tarnavski, Stanislav",MDA,M,,,,1464,0,40,AUG25,2007,i
13915886,"Tarnogradschi, Mark",MDA,M,,,,1404,9,40,AUG25,2013,
13912615,"Tatarciuc, Iuri",MDA,M,,,,AIM,1935,15,AUG25,1983,
13907140,"Tatarli, Nicolai",MDA,M,,,,1511,0,40,AUG25,1974,i
13904000,"Tataru, Dan",MDA,M,,,,1804,0,20,AUG25,1998,i
13904981,"Tataru, Ian",MDA,M,,,,1548,0,40,AUG25,2000,i
13910060,"Tcacenco, Arteom",MDA,M,,,,1653,0,40,AUG25,2005,i
13911660,"Tcaci, Iaroslav",MDA,M,,,,1626,0,40,AUG25,2006,i
13915665,"Teodor, Anatolie",MDA,M,,,,1519,0,20,AUG25,1960,i
13907727,"Terzi, Vadim",MDA,M,,,,1622,0,40,AUG25,1989,i
13905481,"Tiganas, Vadim",MDA,M,,,,1652,6,20,AUG25,1985,
13912321,"Tigirlas, Vadim",MDA,M,,,,1592,0,40,AUG25,1994,
13917994,"Timcinschii, Alexei",MDA,M,,,,1444,0,40,AUG25,1938,
13905350,"Timotin, Mihai",MDA,M,,,,1714,0,40,AUG25,1996,i
13912259,"Tiron, Alexandru",MDA,M,,,,1532,0,40,AUG25,2009,
13907174,"Todiras, Valerian",MDA,M,,,,1625,0,40,AUG25,2004,i
13916599,"Todorov, Ilia",MDA,M,,,,1492,0,40,AUG25,2011,i
13916122,"Toma, Gabriel",MDA,M,,,,1471,0,40,AUG25,2008,i
13906550,"Tomasevscaia, Ala",MDA,F,,,,1419,0,40,AUG25,1943,wi
13901567,"Tomchuk, Sergei",MDA,M,,,,2221,0,20,AUG25,1979,i
13912410,"Tomuz, Boris",MDA,M,,,,1542,0,40,AUG25,2008,i
13904850,"Topal, Egor",MDA,M,,,,1705,0,40,AUG25,1996,i
13914472,"Topal, Emir",MDA,M,,,,1532,3,40,AUG25,2015,
13916602,"Topal, Gheorghii",MDA,M,,,,1409,0,40,AUG25,1959,i
13918869,"Trandafil, Piotr",MDA,M,,,,1592,0,40,AUG25,1962,
13905600,"Trandafil, Semion",MDA,M,,,,1660,0,40,AUG25,1950,i
13908162,"Triboi, Alexander",MDA,M,,,,1943,0,20,AUG25,2006,i
13911279,"Trifaniuc, Maxim",MDA,M,,,,1487,0,40,AUG25,2008,i
13904191,"Tsurcan, Mihai",MDA,M,,,,1632,0,40,AUG25,1963,i
13901834,"Tufar, Octavian",MDA,M,,,,1948,0,20,AUG25,0,i
13909932,"Tuktamisova, Diana",MDA,F,,,,1817,0,40,AUG25,2007,w
13911708,"Turcan, Adrian",MDA,M,,,,1596,0,40,AUG25,1981,i
13910574,"Turcan, Anatol",MDA,M,,,,1612,0,40,AUG25,2006,i
13911899,"Turcan, Andrei",MDA,M,,,,1753,0,40,AUG25,2000,i
13916050,"Turcan, Daniil",MDA,M,,,,1442,4,40,AUG25,2014,
13917250,"Turcan, Egor",MDA,M,,,,1480,4,40,AUG25,2017,
13904205,"Turcan, Mihai",MDA,M,,,,1788,0,40,AUG25,1963,i
13911562,"Turcan, Robert",MDA,M,,,,1632,7,40,AUG25,2010,
13910086,"Turcan, Vladislav",MDA,M,,,,1468,0,40,AUG25,2001,i
13904302,"Turcanu, Cornel",MDA,M,,,,1903,0,40,AUG25,1982,i
13913948,"Turcanu, Otilia",MDA,F,,,,1723,4,40,AUG25,2012,w
13902555,"Turta, Vladimir",MDA,M,,,,2226,0,20,AUG25,1979,i
13912488,"Ungureanu, Emanuil",MDA,M,,,,1473,0,40,AUG25,2001,i
13903276,"Ungureanu, Radu",MDA,M,,,,1921,0,40,AUG25,1943,i
13902806,"Untila, Stela",MDA,F,WFM,WFM,,2115,0,20,AUG25,1988,wi
13919016,"Urban, Maxim",MDA,M,,,,1405,4,40,AUG25,2009,
13918222,"Urechi, Maxim",MDA,M,,,,1505,6,40,AUG25,2014,
13904213,"Ursu, Ana-Maria W",MDA,F,WCM,WCM,,1919,0,20,AUG25,1991,wi
13901869,"Ursu, Liviu",MDA,M,,,,1861,0,40,AUG25,1993,
13910663,"Usinevici, Iulian",MDA,M,,,,1606,0,40,AUG25,2006,i
13915363,"Uzun, Irina",MDA,F,,,,1467,0,40,AUG25,2010,wi
13909630,"Vainstein, Kira",MDA,F,,,,1515,0,40,AUG25,2006,wi
13904736,"Vancea, Vladimir V",MDA,M,,,,1960,0,20,AUG25,1978,
13909940,"Varekha, Anna",MDA,F,,,,1740,0,20,AUG25,2006,wi
13916912,"Varekha, Yaroslav",MDA,M,,,,1462,0,40,AUG25,2011,
13902660,"Vartic, Irina",MDA,F,,,,1895,0,20,AUG25,1990,wi
13911198,"Vasilache, Dan-Andrei",MDA,M,,,,1980,15,40,AUG25,2007,
13902547,"Vasiliev, Alexandr",MDA,M,,,,1909,0,20,AUG25,1985,i
13903110,"Vasilieva, Maria",MDA,F,WFM,WFM,,1940,0,20,AUG25,1988,wi
13904221,"Vasiloi, Cristina",MDA,F,,,,1828,0,40,AUG25,1989,wi
13912135,"Vataman, Mihail",MDA,M,,,,1657,0,40,AUG25,2004,i
13902032,"Vavric, Pavel",MDA,M,FM,,,2269,0,20,AUG25,1989,
13900790,"Vedmediuc, Serghei",MDA,M,IM,,,2417,18,10,AUG25,1980,
13907115,"Velicanov, Vladimir",MDA,M,,,,1732,0,40,AUG25,1985,i
13911996,"Velikoglo, Ksenia",MDA,F,,,,1789,0,40,AUG25,2008,w
13910825,"Verbin, Cleopatra",MDA,F,,,,1454,0,40,AUG25,2008,wi
13905910,"Verbin, Valentina",MDA,F,WFM,WFM,,2178,9,20,AUG25,2002,w
13902130,"Verbulsky, Vladimir",MDA,M,,,,1951,0,20,AUG25,1987,i
13907590,"Verjbitchii, Serghei",MDA,M,,,,1525,0,20,AUG25,1976,i
13902679,"Vetrila, Sanda",MDA,F,,,,2007,0,20,AUG25,1991,wi
13900536,"Vezdeutsan, Viorel",MDA,M,FM,NA,,2401,0,10,AUG25,1970,i
13903640,"Vicol, Alexandr",MDA,M,,,,1737,0,40,AUG25,1993,i
13910612,"Vicol, Arcadii",MDA,M,,,,1467,0,40,AUG25,2004,i
13900986,"Vicol, Dorian",MDA,M,IM,,,2336,0,10,AUG25,1988,i
13905970,"Vinaga, Victor",MDA,M,,,,1916,0,20,AUG25,1978,i
13905783,"Vinogradsky, Artiom",MDA,M,,,,1747,0,20,AUG25,2000,i
13904710,"Vlah, Maxim",MDA,M,,,,1720,0,20,AUG25,1998,i
13902148,"Vleju, Ion",MDA,M,,,,1848,0,40,AUG25,1987,i
13918400,"Voinschii, Victor",MDA,M,,,,1430,0,40,AUG25,2012,
13912208,"Volcov, Igor",MDA,M,,,,2026,9,40,AUG25,2009,
13914529,"Volosin, Oleg",MDA,M,,,,1431,0,40,AUG25,1986,i
13911317,"Volosin, Roman",MDA,M,,,,1593,0,40,AUG25,2009,i
13908936,"Vorobiov, Victor",MDA,M,,,,1827,0,20,AUG25,1949,i
13905791,"Vorobiov, Vlad",MDA,M,,,,2021,0,20,AUG25,2003,i
13917684,"Vozian, Artiom",MDA,M,,,,1496,0,40,AUG25,2014,
13911767,"Vrabie, Ion",MDA,M,,,,1741,18,40,AUG25,2011,
13912771,"Vrabie, Loredana",MDA,F,,,,1498,12,40,AUG25,2014,w
13904604,"Zagorcea, Eugeniu",MDA,M,,,,1855,0,40,AUG25,1988,i
13910957,"Zaharia, Adriana",MDA,F,,,,1448,0,40,AUG25,2009,wi
13901648,"Zaharia, Alexandru",MDA,M,,,,2137,0,40,AUG25,1987,i
13907000,"Zaiarski, Stepan",MDA,M,,,,1987,21,20,AUG25,2005,
13900315,"Zajarnyi, Anatolyi",MDA,M,IM,,,2280,0,10,AUG25,1965,
13911457,"Zalevschi, Anastasia",MDA,F,,,,1595,7,40,AUG25,2009,w
13905414,"Zaporojan, Andrei",MDA,M,,,,1959,0,20,AUG25,1995,i
13900323,"Zaporojan, Victor",MDA,M,IM,,,2402,0,10,AUG25,1973,i
13917439,"Zatic, Petru",MDA,M,,,,1468,0,40,AUG25,1953,
13914944,"Zazuc, Matei",MDA,M,,,,1522,0,40,AUG25,2014,
13913450,"Zbanc, Macar",MDA,M,,,,1535,15,40,AUG25,2010,
13903357,"Zhadko, Maia",MDA,F,,,,1827,0,40,AUG25,0,wi
13916610,"Zhelezov, Nichita",MDA,M,,,,1405,0,40,AUG25,2013,
13904019,"Zingher, Simi",MDA,M,,,,1818,0,40,AUG25,1995,i
13907050,"Zmievschi, Nicolae",MDA,M,,,,1665,0,20,AUG25,1957,i
13907662,"Zmievschi, Olga",MDA,F,,,,1628,0,40,AUG25,2000,wi
13915169,"Zolotarev, Iaroslav",MDA,M,,,,1595,7,40,AUG25,2016,
13911147,"Zubic, Mihail",MDA,M,,,,1578,0,40,AUG25,2009,i
13911414,"Zueva, Melania",MDA,F,,,,1466,3,40,AUG25,2011,w