[
  {
    "ID Number": "23000376",
    "Name": "Bovell, Bernard",
    "Fed": "LCA",
    "Sex": "M",
    "Title": "",
    "WTit": "NA",
    "OTit": "",
    "FOA": "1687",
    "Rating": "AUG25",
    "Gms": "0",
    "K": "20",
    "B-day": "1982",
    "Flag": "i"
  },
  {
    "ID Number": "23000660",
    "Name": "Charles, Ethan",
    "Fed": "LCA",
    "Sex": "M",
    "Title": "",
    "WTit": "",
    "OTit": "",
    "FOA": "1573",
    "Rating": "AUG25",
    "Gms": "0",
    "K": "20",
    "B-day": "2006",
    "Flag": ""
  },
  {
    "ID Number": "23000848",
    "Name": "Cilpa, Dyorni",
    "Fed": "LCA",
    "Sex": "M",
    "Title": "",
    "WTit": "",
    "OTit": "",
    "FOA": "1714",
    "Rating": "AUG25",
    "Gms": "0",
    "K": "40",
    "B-day": "2011",
    "Flag": ""
  },
  {
    "ID Number": "23000341",
    "Name": "Comas, Martin",
    "Fed": "LCA",
    "Sex": "M",
    "Title": "",
    "WTit": "NA",
    "OTit": "",
    "FOA": "1699",
    "Rating": "AUG25",
    "Gms": "0",
    "K": "20",
    "B-day": "1956",
    "Flag": ""
  },
  {
    "ID Number": "23000228",
    "Name": "Daniel, Cyrus",
    "Fed": "LCA",
    "Sex": "M",
    "Title": "",
    "WTit": "",
    "OTit": "",
    "FOA": "1790",
    "Rating": "AUG25",
    "Gms": "0",
    "K": "20",
    "B-day": "1979",
    "Flag": "i"
  },
  {
    "ID Number": "23000562",
    "Name": "Eliotte, Sam",
    "Fed": "LCA",
    "Sex": "M",
    "Title": "",
    "WTit": "",
    "OTit": "",
    "FOA": "1453",
    "Rating": "AUG25",
    "Gms": "0",
    "K": "40",
    "B-day": "2009",
    "Flag": ""
  },
  {
    "ID Number": "23000392",
    "Name": "Elizee, Kaieem",
    "Fed": "LCA",
    "Sex": "M",
    "Title": "CM",
    "WTit": "",
    "OTit": "",
    "FOA": "1670",
    "Rating": "AUG25",
    "Gms": "6",
    "K": "20",
    "B-day": "2001",
    "Flag": ""
  },
  {
    "ID Number": "23000180",
    "Name": "Gabriel, Sixtus",
    "Fed": "LCA",
    "Sex": "M",
    "Title": "",
    "WTit": "",
    "OTit": "",
    "FOA": "1876",
    "Rating": "AUG25",
    "Gms": "7",
    "K": "20",
    "B-day": "1980",
    "Flag": ""
  },
  {
    "ID Number": "23000295",
    "Name": "Harding, Olivia",
    "Fed": "LCA",
    "Sex": "F",
    "Title": "",
    "WTit": "",
    "OTit": "",
    "FOA": "1617",
    "Rating": "AUG25",
    "Gms": "0",
    "K": "40",
    "B-day": "2008",
    "Flag": "wi"
  },
  {
    "ID Number": "23000422",
    "Name": "James, Justin",
    "Fed": "LCA",
    "Sex": "M",
    "Title": "",
    "WTit": "",
    "OTit": "",
    "FOA": "1839",
    "Rating": "AUG25",
    "Gms": "0",
    "K": "40",
    "B-day": "2007",
    "Flag": ""
  },
  {
    "ID Number": "23000775",
    "Name": "Leonce, Anu",
    "Fed": "LCA",
    "Sex": "M",
    "Title": "",
    "WTit": "",
    "OTit": "",
    "FOA": "1501",
    "Rating": "AUG25",
    "Gms": "0",
    "K": "20",
    "B-day": "2004",
    "Flag": ""
  },
  {
    "ID Number": "23000791",
    "Name": "Leonce, Khai-Addae",
    "Fed": "LCA",
    "Sex": "M",
    "Title": "",
    "WTit": "",
    "OTit": "",
    "FOA": "1491",
    "Rating": "AUG25",
    "Gms": "0",
    "K": "40",
    "B-day": "2013",
    "Flag": ""
  },
  {
    "ID Number": "7400942",
    "Name": "Lindo, Terence",
    "Fed": "LCA",
    "Sex": "M",
    "Title": "",
    "WTit": "",
    "OTit": "",
    "FOA": "1718",
    "Rating": "AUG25",
    "Gms": "0",
    "K": "20",
    "B-day": "1966",
    "Flag": ""
  },
  {
    "ID Number": "7701810",
    "Name": "Martyr, Reginald",
    "Fed": "LCA",
    "Sex": "M",
    "Title": "CM",
    "WTit": "",
    "OTit": "",
    "FOA": "2115",
    "Rating": "AUG25",
    "Gms": "0",
    "K": "20",
    "B-day": "1995",
    "Flag": "i"
  },
  {
    "ID Number": "23000139",
    "Name": "Mathurin, Nathaniel",
    "Fed": "LCA",
    "Sex": "M",
    "Title": "CM",
    "WTit": "",
    "OTit": "",
    "FOA": "2030",
    "Rating": "AUG25",
    "Gms": "0",
    "K": "20",
    "B-day": "2004",
    "Flag": ""
  },
  {
    "ID Number": "7701187",
    "Name": "Nicholas, Arvin",
    "Fed": "LCA",
    "Sex": "M",
    "Title": "",
    "WTit": "",
    "OTit": "",
    "FOA": "1729",
    "Rating": "AUG25",
    "Gms": "0",
    "K": "20",
    "B-day": "1993",
    "Flag": "i"
  },
  {
    "ID Number": "23000198",
    "Name": "Nunez, Daniel",
    "Fed": "LCA",
    "Sex": "M",
    "Title": "",
    "WTit": "",
    "OTit": "",
    "FOA": "1598",
    "Rating": "AUG25",
    "Gms": "9",
    "K": "20",
    "B-day": "1978",
    "Flag": ""
  },
  {
    "ID Number": "23000732",
    "Name": "Regis, Leran",
    "Fed": "LCA",
    "Sex": "M",
    "Title": "",
    "WTit": "",
    "OTit": "",
    "FOA": "1544",
    "Rating": "AUG25",
    "Gms": "0",
    "K": "20",
    "B-day": "2000",
    "Flag": ""
  },
  {
    "ID Number": "23000058",
    "Name": "Richards, TrisAnn",
    "Fed": "LCA",
    "Sex": "F",
    "Title": "WCM",
    "WTit": "WCM",
    "OTit": "FA",
    "FOA": "1684",
    "Rating": "AUG25",
    "Gms": "0",
    "K": "20",
    "B-day": "1992",
    "Flag": "wi"
  },
  {
    "ID Number": "23000694",
    "Name": "Smith, Navi",
    "Fed": "LCA",
    "Sex": "M",
    "Title": "",
    "WTit": "",
    "OTit": "",
    "FOA": "1525",
    "Rating": "AUG25",
    "Gms": "0",
    "K": "40",
    "B-day": "2009",
    "Flag": "i"
  },
  {
    "ID Number": "23000031",
    "Name": "Thomas, Dien",
    "Fed": "LCA",
    "Sex": "M",
    "Title": "",
    "WTit": "",
    "OTit": "",
    "FOA": "1796",
    "Rating": "AUG25",
    "Gms": "0",
    "K": "20",
    "B-day": "1975",
    "Flag": "i"
  },
  {
    "ID Number": "23000627",
    "Name": "Wahid, Chelsea",
    "Fed": "LCA",
    "Sex": "F",
    "Title": "WCM",
    "WTit": "WCM",
    "OTit": "",
    "FOA": "1454",
    "Rating": "AUG25",
    "Gms": "0",
    "K": "40",
    "B-day": "2008",
    "Flag": "w"
  }
]