[
  {
    "ID Number": "29400198",
    "Name": "BAKKER ELLIOTT",
    "Fed": "NIG",
    "Sex": "M",
    "Title": "",
    "WTit": "",
    "OTit": "",
    "Rating": "1563",
    "Gms": "0",
    "K": "40",
    "RatingMonth": "SEP25",
    "B-day": "1991",
    "Flag": ""
  },
  {
    "ID Number": "29400171",
    "Name": "KADI, Ahmed",
    "Fed": "NIG",
    "Sex": "M",
    "Title": "",
    "WTit": "SI",
    "OTit": "",
    "Rating": "1448",
    "Gms": "0",
    "K": "40",
    "RatingMonth": "SEP25",
    "B-day": "1972",
    "Flag": ""
  },
  {
    "ID Number": "29400228",
    "Name": "VADLAMANI Supraja",
    "Fed": "NIG",
    "Sex": "F",
    "Title": "",
    "WTit": "",
    "OTit": "",
    "Rating": "1651",
    "Gms": "0",
    "K": "40",
    "RatingMonth": "SEP25",
    "B-day": "1995",
    "Flag": "w"
  },
  {
    "ID Number": "29400120",
    "Name": "Yacouba, Souley Moussa",
    "Fed": "NIG",
    "Sex": "M",
    "Title": "",
    "WTit": "NA",
    "OTit": "",
    "Rating": "1530",
    "Gms": "0",
    "K": "40",
    "RatingMonth": "SEP25",
    "B-day": "1994",
    "Flag": "i"
  }
]