[
  {
    "ID Number": "6901069",
    "Name": "Alcon Beltran, Alfred",
    "Fed": "AND",
    "Sex": "M",
    "Title": "",
    "WTit": "NA",
    "OTit": "",
    "FOA": "1530",
    "Rating": "AUG25",
    "Gms": "9",
    "K": "20",
    "B-day": "1968",
    "Flag": ""
  },
  {
    "ID Number": "6900780",
    "Name": "Alcon Llosada, Alex",
    "Fed": "AND",
    "Sex": "M",
    "Title": "",
    "WTit": "NI",
    "OTit": "",
    "FOA": "1909",
    "Rating": "AUG25",
    "Gms": "9",
    "K": "20",
    "B-day": "2003",
    "Flag": ""
  },
  {
    "ID Number": "6900798",
    "Name": "Alcon Llosada, Jaume",
    "Fed": "AND",
    "Sex": "M",
    "Title": "",
    "WTit": "",
    "OTit": "",
    "FOA": "1746",
    "Rating": "AUG25",
    "Gms": "0",
    "K": "20",
    "B-day": "2006",
    "Flag": "i"
  },
  {
    "ID Number": "6900720",
    "Name": "Arques Rubio, Daniel",
    "Fed": "AND",
    "Sex": "M",
    "Title": "",
    "WTit": "",
    "OTit": "",
    "FOA": "1702",
    "Rating": "AUG25",
    "Gms": "0",
    "K": "40",
    "B-day": "2001",
    "Flag": "i"
  },
  {
    "ID Number": "6901328",
    "Name": "Barragan Sevilla, Manel",
    "Fed": "AND",
    "Sex": "M",
    "Title": "",
    "WTit": "",
    "OTit": "",
    "FOA": "1711",
    "Rating": "AUG25",
    "Gms": "0",
    "K": "20",
    "B-day": "1970",
    "Flag": ""
  },
  {
    "ID Number": "6901166",
    "Name": "Cabarcos Baulina, Manuel",
    "Fed": "AND",
    "Sex": "M",
    "Title": "",
    "WTit": "",
    "OTit": "",
    "FOA": "1971",
    "Rating": "AUG25",
    "Gms": "9",
    "K": "20",
    "B-day": "1997",
    "Flag": ""
  },
  {
    "ID Number": "6900445",
    "Name": "Casanovas Cantarero, Eric",
    "Fed": "AND",
    "Sex": "M",
    "Title": "",
    "WTit": "",
    "OTit": "",
    "FOA": "1846",
    "Rating": "AUG25",
    "Gms": "0",
    "K": "20",
    "B-day": "1997",
    "Flag": "i"
  },
  {
    "ID Number": "2260808",
    "Name": "Cortes Lizano, Jesus",
    "Fed": "AND",
    "Sex": "M",
    "Title": "FM",
    "WTit": "",
    "OTit": "",
    "FOA": "2065",
    "Rating": "AUG25",
    "Gms": "5",
    "K": "20",
    "B-day": "1988",
    "Flag": ""
  },
  {
    "ID Number": "6900160",
    "Name": "Cots Paltor, Jordi",
    "Fed": "AND",
    "Sex": "M",
    "Title": "",
    "WTit": "",
    "OTit": "",
    "FOA": "1987",
    "Rating": "AUG25",
    "Gms": "0",
    "K": "20",
    "B-day": "1968",
    "Flag": ""
  },
  {
    "ID Number": "22268820",
    "Name": "Da Rocha Soares, Diana",
    "Fed": "AND",
    "Sex": "F",
    "Title": "",
    "WTit": "",
    "OTit": "",
    "FOA": "1738",
    "Rating": "AUG25",
    "Gms": "0",
    "K": "20",
    "B-day": "1996",
    "Flag": "wi"
  },
  {
    "ID Number": "6900224",
    "Name": "De La Riva Aguado, Oscar",
    "Fed": "AND",
    "Sex": "M",
    "Title": "GM",
    "WTit": "FT",
    "OTit": "",
    "FOA": "2439",
    "Rating": "AUG25",
    "Gms": "0",
    "K": "10",
    "B-day": "1972",
    "Flag": ""
  },
  {
    "ID Number": "6901018",
    "Name": "De la Riva Real, Ariadna",
    "Fed": "AND",
    "Sex": "F",
    "Title": "",
    "WTit": "",
    "OTit": "",
    "FOA": "1821",
    "Rating": "AUG25",
    "Gms": "9",
    "K": "20",
    "B-day": "2005",
    "Flag": "w"
  },
  {
    "ID Number": "6901131",
    "Name": "De la Riva Real, Jana",
    "Fed": "AND",
    "Sex": "F",
    "Title": "",
    "WTit": "",
    "OTit": "",
    "FOA": "1558",
    "Rating": "AUG25",
    "Gms": "0",
    "K": "40",
    "B-day": "2009",
    "Flag": "w"
  },
  {
    "ID Number": "45166412",
    "Name": "Ercoli, Andria",
    "Fed": "AND",
    "Sex": "M",
    "Title": "",
    "WTit": "",
    "OTit": "",
    "FOA": "2004",
    "Rating": "AUG25",
    "Gms": "18",
    "K": "40",
    "B-day": "2010",
    "Flag": ""
  },
  {
    "ID Number": "4617738",
    "Name": "Fassnacht, Peter",
    "Fed": "AND",
    "Sex": "M",
    "Title": "",
    "WTit": "",
    "OTit": "",
    "FOA": "2113",
    "Rating": "AUG25",
    "Gms": "0",
    "K": "20",
    "B-day": "1969",
    "Flag": "i"
  },
  {
    "ID Number": "6900348",
    "Name": "Fernandez Lopez, Joan",
    "Fed": "AND",
    "Sex": "M",
    "Title": "",
    "WTit": "",
    "OTit": "",
    "FOA": "2066",
    "Rating": "AUG25",
    "Gms": "0",
    "K": "20",
    "B-day": "1989",
    "Flag": "i"
  },
  {
    "ID Number": "1902873",
    "Name": "Ferreira, Antonio Viriato",
    "Fed": "AND",
    "Sex": "M",
    "Title": "",
    "WTit": "",
    "OTit": "",
    "FOA": "1914",
    "Rating": "AUG25",
    "Gms": "0",
    "K": "20",
    "B-day": "1968",
    "Flag": "i"
  },
  {
    "ID Number": "6900380",
    "Name": "Filipowicz, Luc",
    "Fed": "AND",
    "Sex": "M",
    "Title": "",
    "WTit": "",
    "OTit": "",
    "FOA": "1648",
    "Rating": "AUG25",
    "Gms": "9",
    "K": "40",
    "B-day": "1958",
    "Flag": ""
  },
  {
    "ID Number": "2214334",
    "Name": "Fluvia Poyatos, Jordi",
    "Fed": "AND",
    "Sex": "M",
    "Title": "IM",
    "WTit": "FT",
    "OTit": "",
    "FOA": "2421",
    "Rating": "AUG25",
    "Gms": "0",
    "K": "10",
    "B-day": "1984",
    "Flag": ""
  },
  {
    "ID Number": "6900496",
    "Name": "Fontbona, Marc",
    "Fed": "AND",
    "Sex": "M",
    "Title": "",
    "WTit": "",
    "OTit": "",
    "FOA": "2054",
    "Rating": "AUG25",
    "Gms": "0",
    "K": "20",
    "B-day": "1990",
    "Flag": "i"
  },
  {
    "ID Number": "6901760",
    "Name": "Furman, Dzianis",
    "Fed": "AND",
    "Sex": "M",
    "Title": "",
    "WTit": "",
    "OTit": "",
    "FOA": "1742",
    "Rating": "AUG25",
    "Gms": "0",
    "K": "40",
    "B-day": "1989",
    "Flag": ""
  },
  {
    "ID Number": "6900283",
    "Name": "Galera Serra, Maria",
    "Fed": "AND",
    "Sex": "F",
    "Title": "",
    "WTit": "NI",
    "OTit": "",
    "FOA": "1628",
    "Rating": "AUG25",
    "Gms": "2",
    "K": "20",
    "B-day": "1998",
    "Flag": "w"
  },
  {
    "ID Number": "6900062",
    "Name": "Gallego, Ruben",
    "Fed": "AND",
    "Sex": "M",
    "Title": "FM",
    "WTit": "",
    "OTit": "",
    "FOA": "2242",
    "Rating": "AUG25",
    "Gms": "0",
    "K": "20",
    "B-day": "1957",
    "Flag": "i"
  },
  {
    "ID Number": "6900020",
    "Name": "Garcia Paolicchi, Raul",
    "Fed": "AND",
    "Sex": "M",
    "Title": "FM",
    "WTit": "NI",
    "OTit": "",
    "FOA": "2013",
    "Rating": "AUG25",
    "Gms": "14",
    "K": "20",
    "B-day": "1952",
    "Flag": ""
  },
  {
    "ID Number": "6900321",
    "Name": "Gomez Abad, Antonio",
    "Fed": "AND",
    "Sex": "M",
    "Title": "",
    "WTit": "",
    "OTit": "",
    "FOA": "1797",
    "Rating": "AUG25",
    "Gms": "0",
    "K": "20",
    "B-day": "1932",
    "Flag": "i"
  },
  {
    "ID Number": "2218151",
    "Name": "Gomez Anadon, Daniel",
    "Fed": "AND",
    "Sex": "M",
    "Title": "FM",
    "WTit": "FT",
    "OTit": "",
    "FOA": "2198",
    "Rating": "AUG25",
    "Gms": "18",
    "K": "20",
    "B-day": "1983",
    "Flag": ""
  },
  {
    "ID Number": "2222744",
    "Name": "Gonzalez Garcia, Marc",
    "Fed": "AND",
    "Sex": "M",
    "Title": "",
    "WTit": "",
    "OTit": "",
    "FOA": "2112",
    "Rating": "AUG25",
    "Gms": "5",
    "K": "20",
    "B-day": "1979",
    "Flag": ""
  },
  {
    "ID Number": "6900046",
    "Name": "Gorgues Mateu, David",
    "Fed": "AND",
    "Sex": "M",
    "Title": "",
    "WTit": "",
    "OTit": "",
    "FOA": "1822",
    "Rating": "AUG25",
    "Gms": "0",
    "K": "20",
    "B-day": "1971",
    "Flag": "i"
  },
  {
    "ID Number": "6900011",
    "Name": "Gorgues Valle, Jose Maria",
    "Fed": "AND",
    "Sex": "M",
    "Title": "",
    "WTit": "",
    "OTit": "",
    "FOA": "1752",
    "Rating": "AUG25",
    "Gms": "0",
    "K": "20",
    "B-day": "1945",
    "Flag": "i"
  },
  {
    "ID Number": "6900372",
    "Name": "Grajera Lleixa, Manel",
    "Fed": "AND",
    "Sex": "M",
    "Title": "",
    "WTit": "",
    "OTit": "",
    "FOA": "1983",
    "Rating": "AUG25",
    "Gms": "0",
    "K": "40",
    "B-day": "1969",
    "Flag": "i"
  },
  {
    "ID Number": "6900526",
    "Name": "Gras Travesset, Ferran",
    "Fed": "AND",
    "Sex": "M",
    "Title": "",
    "WTit": "",
    "OTit": "",
    "FOA": "1808",
    "Rating": "AUG25",
    "Gms": "0",
    "K": "20",
    "B-day": "1996",
    "Flag": "i"
  },
  {
    "ID Number": "2224801",
    "Name": "Guerra Reig, Juan",
    "Fed": "AND",
    "Sex": "M",
    "Title": "",
    "WTit": "",
    "OTit": "",
    "FOA": "2019",
    "Rating": "AUG25",
    "Gms": "0",
    "K": "20",
    "B-day": "1974",
    "Flag": ""
  },
  {
    "ID Number": "32096577",
    "Name": "Henderson de La Fuente, Andrea",
    "Fed": "AND",
    "Sex": "F",
    "Title": "WFM",
    "WTit": "WFM",
    "OTit": "",
    "FOA": "2013",
    "Rating": "AUG25",
    "Gms": "0",
    "K": "20",
    "B-day": "2001",
    "Flag": "w"
  },
  {
    "ID Number": "32096585",
    "Name": "Henderson de La Fuente, Lance",
    "Fed": "AND",
    "Sex": "M",
    "Title": "GM",
    "WTit": "",
    "OTit": "",
    "FOA": "2510",
    "Rating": "AUG25",
    "Gms": "0",
    "K": "10",
    "B-day": "2003",
    "Flag": ""
  },
  {
    "ID Number": "32096593",
    "Name": "Henderson, Matthew Franklin",
    "Fed": "AND",
    "Sex": "M",
    "Title": "",
    "WTit": "",
    "OTit": "",
    "FOA": "1729",
    "Rating": "AUG25",
    "Gms": "0",
    "K": "20",
    "B-day": "1968",
    "Flag": ""
  },
  {
    "ID Number": "6900356",
    "Name": "Hidalgo Ramos, Toni",
    "Fed": "AND",
    "Sex": "M",
    "Title": "",
    "WTit": "NI",
    "OTit": "",
    "FOA": "1970",
    "Rating": "AUG25",
    "Gms": "0",
    "K": "20",
    "B-day": "1979",
    "Flag": "i"
  },
  {
    "ID Number": "6900267",
    "Name": "Jansat Mir, Arnau",
    "Fed": "AND",
    "Sex": "M",
    "Title": "",
    "WTit": "",
    "OTit": "",
    "FOA": "1677",
    "Rating": "AUG25",
    "Gms": "0",
    "K": "20",
    "B-day": "2000",
    "Flag": "i"
  },
  {
    "ID Number": "6900089",
    "Name": "Jose Queralto, Daniel",
    "Fed": "AND",
    "Sex": "M",
    "Title": "CM",
    "WTit": "",
    "OTit": "",
    "FOA": "2108",
    "Rating": "AUG25",
    "Gms": "0",
    "K": "20",
    "B-day": "1973",
    "Flag": "i"
  },
  {
    "ID Number": "6900682",
    "Name": "Lacuesta Malkovets, Carolina",
    "Fed": "AND",
    "Sex": "F",
    "Title": "",
    "WTit": "",
    "OTit": "",
    "FOA": "1593",
    "Rating": "AUG25",
    "Gms": "0",
    "K": "40",
    "B-day": "2002",
    "Flag": "wi"
  },
  {
    "ID Number": "6901026",
    "Name": "Llopis Arrabal, Aitana",
    "Fed": "AND",
    "Sex": "F",
    "Title": "",
    "WTit": "",
    "OTit": "",
    "FOA": "1438",
    "Rating": "AUG25",
    "Gms": "0",
    "K": "40",
    "B-day": "2003",
    "Flag": "w"
  },
  {
    "ID Number": "6900054",
    "Name": "Lopez Pla, Francesc Asis",
    "Fed": "AND",
    "Sex": "M",
    "Title": "",
    "WTit": "",
    "OTit": "",
    "FOA": "1720",
    "Rating": "AUG25",
    "Gms": "0",
    "K": "40",
    "B-day": "1996",
    "Flag": "i"
  },
  {
    "ID Number": "2274477",
    "Name": "Luke Brezmes, Cristofer",
    "Fed": "AND",
    "Sex": "M",
    "Title": "CM",
    "WTit": "FI,NA",
    "OTit": "",
    "FOA": "2077",
    "Rating": "AUG25",
    "Gms": "9",
    "K": "20",
    "B-day": "1986",
    "Flag": ""
  },
  {
    "ID Number": "6900461",
    "Name": "Malagueta Vinal, Ivan",
    "Fed": "AND",
    "Sex": "M",
    "Title": "",
    "WTit": "",
    "OTit": "",
    "FOA": "1963",
    "Rating": "AUG25",
    "Gms": "0",
    "K": "20",
    "B-day": "1990",
    "Flag": "i"
  },
  {
    "ID Number": "6900410",
    "Name": "Mangado Granado, Daniel",
    "Fed": "AND",
    "Sex": "M",
    "Title": "",
    "WTit": "",
    "OTit": "",
    "FOA": "1774",
    "Rating": "AUG25",
    "Gms": "0",
    "K": "40",
    "B-day": "1977",
    "Flag": ""
  },
  {
    "ID Number": "6901085",
    "Name": "Martinez Balastegui, Marti",
    "Fed": "AND",
    "Sex": "M",
    "Title": "",
    "WTit": "DI",
    "OTit": "",
    "FOA": "1538",
    "Rating": "AUG25",
    "Gms": "0",
    "K": "20",
    "B-day": "1974",
    "Flag": "i"
  },
  {
    "ID Number": "6900976",
    "Name": "Martinez Gamiz, Marc",
    "Fed": "AND",
    "Sex": "M",
    "Title": "",
    "WTit": "",
    "OTit": "",
    "FOA": "1910",
    "Rating": "AUG25",
    "Gms": "0",
    "K": "20",
    "B-day": "2005",
    "Flag": ""
  },
  {
    "ID Number": "22270728",
    "Name": "Mateu Guiu, Esteve",
    "Fed": "AND",
    "Sex": "M",
    "Title": "",
    "WTit": "NI,FA",
    "OTit": "",
    "FOA": "2140",
    "Rating": "AUG25",
    "Gms": "9",
    "K": "20",
    "B-day": "1992",
    "Flag": ""
  },
  {
    "ID Number": "6900097",
    "Name": "Montoliu Montes, Joaquim",
    "Fed": "AND",
    "Sex": "M",
    "Title": "",
    "WTit": "",
    "OTit": "",
    "FOA": "1606",
    "Rating": "AUG25",
    "Gms": "9",
    "K": "40",
    "B-day": "1992",
    "Flag": ""
  },
  {
    "ID Number": "6901344",
    "Name": "Montraveta Rodriguez, Jose Maria",
    "Fed": "AND",
    "Sex": "M",
    "Title": "",
    "WTit": "",
    "OTit": "",
    "FOA": "1902",
    "Rating": "AUG25",
    "Gms": "0",
    "K": "20",
    "B-day": "1974",
    "Flag": ""
  },
  {
    "ID Number": "6900593",
    "Name": "Morente Plaza, Marc",
    "Fed": "AND",
    "Sex": "M",
    "Title": "",
    "WTit": "",
    "OTit": "",
    "FOA": "1923",
    "Rating": "AUG25",
    "Gms": "0",
    "K": "20",
    "B-day": "1990",
    "Flag": "i"
  },
  {
    "ID Number": "6900100",
    "Name": "Moscoso Rodriguez, Joan",
    "Fed": "AND",
    "Sex": "M",
    "Title": "",
    "WTit": "",
    "OTit": "",
    "FOA": "1637",
    "Rating": "AUG25",
    "Gms": "8",
    "K": "20",
    "B-day": "1954",
    "Flag": ""
  },
  {
    "ID Number": "22227172",
    "Name": "Muratet Carmona, Alexandra",
    "Fed": "AND",
    "Sex": "F",
    "Title": "WCM",
    "WTit": "WCM",
    "OTit": "NI,IA",
    "FOA": "1812",
    "Rating": "AUG25",
    "Gms": "0",
    "K": "20",
    "B-day": "1990",
    "Flag": "w"
  },
  {
    "ID Number": "2204282",
    "Name": "Muratet Carmona, Julia",
    "Fed": "AND",
    "Sex": "F",
    "Title": "WCM",
    "WTit": "WCM",
    "OTit": "NI,NA",
    "FOA": "1831",
    "Rating": "AUG25",
    "Gms": "9",
    "K": "20",
    "B-day": "1995",
    "Flag": "w"
  },
  {
    "ID Number": "400106",
    "Name": "Norwood, David R",
    "Fed": "AND",
    "Sex": "M",
    "Title": "GM",
    "WTit": "",
    "OTit": "",
    "FOA": "2494",
    "Rating": "AUG25",
    "Gms": "0",
    "K": "10",
    "B-day": "1968",
    "Flag": "i"
  },
  {
    "ID Number": "6900119",
    "Name": "Obregon Pantebre, Marc",
    "Fed": "AND",
    "Sex": "M",
    "Title": "",
    "WTit": "",
    "OTit": "",
    "FOA": "1824",
    "Rating": "AUG25",
    "Gms": "0",
    "K": "20",
    "B-day": "1998",
    "Flag": "i"
  },
  {
    "ID Number": "22260617",
    "Name": "Onna Amargant, Josep",
    "Fed": "AND",
    "Sex": "M",
    "Title": "",
    "WTit": "",
    "OTit": "",
    "FOA": "1924",
    "Rating": "AUG25",
    "Gms": "0",
    "K": "20",
    "B-day": "1962",
    "Flag": "i"
  },
  {
    "ID Number": "6900429",
    "Name": "Pantebre Martinez, Benet",
    "Fed": "AND",
    "Sex": "M",
    "Title": "",
    "WTit": "",
    "OTit": "",
    "FOA": "1765",
    "Rating": "AUG25",
    "Gms": "0",
    "K": "20",
    "B-day": "1929",
    "Flag": "i"
  },
  {
    "ID Number": "32049056",
    "Name": "Pastor Jorda, Nerea",
    "Fed": "AND",
    "Sex": "F",
    "Title": "",
    "WTit": "NI,FA",
    "OTit": "",
    "FOA": "1476",
    "Rating": "AUG25",
    "Gms": "0",
    "K": "20",
    "B-day": "2002",
    "Flag": "w"
  },
  {
    "ID Number": "6901425",
    "Name": "Perez Cortes, Bonifacio",
    "Fed": "AND",
    "Sex": "M",
    "Title": "",
    "WTit": "",
    "OTit": "",
    "FOA": "1586",
    "Rating": "AUG25",
    "Gms": "5",
    "K": "40",
    "B-day": "1973",
    "Flag": ""
  },
  {
    "ID Number": "6900453",
    "Name": "Perez Dorado, Jorge",
    "Fed": "AND",
    "Sex": "M",
    "Title": "",
    "WTit": "",
    "OTit": "",
    "FOA": "1972",
    "Rating": "AUG25",
    "Gms": "0",
    "K": "20",
    "B-day": "1960",
    "Flag": "i"
  },
  {
    "ID Number": "6901360",
    "Name": "Perez Escuredo, Bonifacio",
    "Fed": "AND",
    "Sex": "M",
    "Title": "",
    "WTit": "",
    "OTit": "",
    "FOA": "1701",
    "Rating": "AUG25",
    "Gms": "0",
    "K": "40",
    "B-day": "2011",
    "Flag": "i"
  },
  {
    "ID Number": "6901271",
    "Name": "Perez Escuredo, Nicolas",
    "Fed": "AND",
    "Sex": "M",
    "Title": "",
    "WTit": "",
    "OTit": "",
    "FOA": "1616",
    "Rating": "AUG25",
    "Gms": "0",
    "K": "40",
    "B-day": "2006",
    "Flag": "i"
  },
  {
    "ID Number": "22271279",
    "Name": "Pericas Rechi, Marc",
    "Fed": "AND",
    "Sex": "M",
    "Title": "",
    "WTit": "",
    "OTit": "",
    "FOA": "1846",
    "Rating": "AUG25",
    "Gms": "0",
    "K": "20",
    "B-day": "1994",
    "Flag": "i"
  },
  {
    "ID Number": "6901638",
    "Name": "PETZKA, Leonie Sharon",
    "Fed": "AND",
    "Sex": "F",
    "Title": "",
    "WTit": "",
    "OTit": "",
    "FOA": "1443",
    "Rating": "AUG25",
    "Gms": "0",
    "K": "40",
    "B-day": "2001",
    "Flag": "wi"
  },
  {
    "ID Number": "2279193",
    "Name": "Porras Mateo, Felipe",
    "Fed": "AND",
    "Sex": "M",
    "Title": "FM",
    "WTit": "",
    "OTit": "",
    "FOA": "2356",
    "Rating": "AUG25",
    "Gms": "0",
    "K": "20",
    "B-day": "1991",
    "Flag": ""
  },
  {
    "ID Number": "6901336",
    "Name": "Real Puigdollers, Silvia",
    "Fed": "AND",
    "Sex": "F",
    "Title": "WCM",
    "WTit": "WCM",
    "OTit": "",
    "FOA": "1745",
    "Rating": "AUG25",
    "Gms": "0",
    "K": "40",
    "B-day": "1974",
    "Flag": "w"
  },
  {
    "ID Number": "6900232",
    "Name": "Rechi Montes, Aritz",
    "Fed": "AND",
    "Sex": "M",
    "Title": "",
    "WTit": "",
    "OTit": "",
    "FOA": "1794",
    "Rating": "AUG25",
    "Gms": "0",
    "K": "40",
    "B-day": "1980",
    "Flag": ""
  },
  {
    "ID Number": "22249303",
    "Name": "Rechi Montes, Xavier",
    "Fed": "AND",
    "Sex": "M",
    "Title": "",
    "WTit": "",
    "OTit": "",
    "FOA": "1869",
    "Rating": "AUG25",
    "Gms": "0",
    "K": "20",
    "B-day": "1982",
    "Flag": "i"
  },
  {
    "ID Number": "6900330",
    "Name": "Rechi Perez, Francesc",
    "Fed": "AND",
    "Sex": "M",
    "Title": "",
    "WTit": "NI",
    "OTit": "",
    "FOA": "1905",
    "Rating": "AUG25",
    "Gms": "0",
    "K": "20",
    "B-day": "1956",
    "Flag": ""
  },
  {
    "ID Number": "6900143",
    "Name": "Rechi, Jesus",
    "Fed": "AND",
    "Sex": "M",
    "Title": "",
    "WTit": "",
    "OTit": "",
    "FOA": "2091",
    "Rating": "AUG25",
    "Gms": "0",
    "K": "20",
    "B-day": "1971",
    "Flag": "i"
  },
  {
    "ID Number": "6901573",
    "Name": "Reyes Sirkia, Gael",
    "Fed": "AND",
    "Sex": "M",
    "Title": "",
    "WTit": "",
    "OTit": "",
    "FOA": "1501",
    "Rating": "AUG25",
    "Gms": "9",
    "K": "40",
    "B-day": "2013",
    "Flag": ""
  },
  {
    "ID Number": "6900364",
    "Name": "Riba Revert, Valenti",
    "Fed": "AND",
    "Sex": "M",
    "Title": "",
    "WTit": "",
    "OTit": "",
    "FOA": "1756",
    "Rating": "AUG25",
    "Gms": "0",
    "K": "20",
    "B-day": "2000",
    "Flag": "i"
  },
  {
    "ID Number": "6900305",
    "Name": "Ribera Baztan, Jose",
    "Fed": "AND",
    "Sex": "M",
    "Title": "CM",
    "WTit": "",
    "OTit": "",
    "FOA": "2054",
    "Rating": "AUG25",
    "Gms": "10",
    "K": "20",
    "B-day": "1972",
    "Flag": ""
  },
  {
    "ID Number": "6900763",
    "Name": "Ribera Veganzones, Josep Maria",
    "Fed": "AND",
    "Sex": "M",
    "Title": "CM",
    "WTit": "",
    "OTit": "",
    "FOA": "2157",
    "Rating": "AUG25",
    "Gms": "18",
    "K": "20",
    "B-day": "2003",
    "Flag": ""
  },
  {
    "ID Number": "6900860",
    "Name": "Ribera Veganzones, Serni",
    "Fed": "AND",
    "Sex": "M",
    "Title": "FM",
    "WTit": "",
    "OTit": "",
    "FOA": "2338",
    "Rating": "AUG25",
    "Gms": "9",
    "K": "20",
    "B-day": "2007",
    "Flag": ""
  },
  {
    "ID Number": "6901590",
    "Name": "Rivero Rechi, Pol",
    "Fed": "AND",
    "Sex": "M",
    "Title": "",
    "WTit": "",
    "OTit": "",
    "FOA": "1567",
    "Rating": "AUG25",
    "Gms": "0",
    "K": "40",
    "B-day": "2006",
    "Flag": "i"
  },
  {
    "ID Number": "6900240",
    "Name": "Sanchez Marcos, Narcis",
    "Fed": "AND",
    "Sex": "M",
    "Title": "",
    "WTit": "",
    "OTit": "",
    "FOA": "1998",
    "Rating": "AUG25",
    "Gms": "0",
    "K": "40",
    "B-day": "1984",
    "Flag": "i"
  },
  {
    "ID Number": "6901115",
    "Name": "Sanchez Sala, Marc",
    "Fed": "AND",
    "Sex": "M",
    "Title": "",
    "WTit": "",
    "OTit": "",
    "FOA": "1707",
    "Rating": "AUG25",
    "Gms": "0",
    "K": "20",
    "B-day": "2006",
    "Flag": "i"
  },
  {
    "ID Number": "6901220",
    "Name": "Sanchez Sala, Roger",
    "Fed": "AND",
    "Sex": "M",
    "Title": "",
    "WTit": "",
    "OTit": "",
    "FOA": "1451",
    "Rating": "AUG25",
    "Gms": "0",
    "K": "40",
    "B-day": "2008",
    "Flag": "i"
  },
  {
    "ID Number": "6900038",
    "Name": "Santamaria Mas, Vicens",
    "Fed": "AND",
    "Sex": "M",
    "Title": "",
    "WTit": "",
    "OTit": "",
    "FOA": "1938",
    "Rating": "AUG25",
    "Gms": "0",
    "K": "20",
    "B-day": "1953",
    "Flag": ""
  },
  {
    "ID Number": "6900127",
    "Name": "Simonet, Marc",
    "Fed": "AND",
    "Sex": "M",
    "Title": "FM",
    "WTit": "",
    "OTit": "",
    "FOA": "2214",
    "Rating": "AUG25",
    "Gms": "0",
    "K": "20",
    "B-day": "1977",
    "Flag": ""
  },
  {
    "ID Number": "6901476",
    "Name": "SINFREU SOBRE, David",
    "Fed": "AND",
    "Sex": "M",
    "Title": "",
    "WTit": "",
    "OTit": "",
    "FOA": "1908",
    "Rating": "AUG25",
    "Gms": "0",
    "K": "20",
    "B-day": "1984",
    "Flag": ""
  },
  {
    "ID Number": "6900488",
    "Name": "Soler Vert, Joan",
    "Fed": "AND",
    "Sex": "M",
    "Title": "",
    "WTit": "",
    "OTit": "",
    "FOA": "1806",
    "Rating": "AUG25",
    "Gms": "0",
    "K": "40",
    "B-day": "1927",
    "Flag": "i"
  },
  {
    "ID Number": "6901743",
    "Name": "Toker, Idan",
    "Fed": "AND",
    "Sex": "M",
    "Title": "",
    "WTit": "",
    "OTit": "",
    "FOA": "1714",
    "Rating": "AUG25",
    "Gms": "11",
    "K": "40",
    "B-day": "2011",
    "Flag": ""
  },
  {
    "ID Number": "6900623",
    "Name": "Torrent Casado, Marc",
    "Fed": "AND",
    "Sex": "M",
    "Title": "",
    "WTit": "",
    "OTit": "",
    "FOA": "1841",
    "Rating": "AUG25",
    "Gms": "0",
    "K": "20",
    "B-day": "1996",
    "Flag": "i"
  },
  {
    "ID Number": "6900674",
    "Name": "Trojman Gea, Alex",
    "Fed": "AND",
    "Sex": "M",
    "Title": "",
    "WTit": "",
    "OTit": "",
    "FOA": "1538",
    "Rating": "AUG25",
    "Gms": "0",
    "K": "40",
    "B-day": "2001",
    "Flag": "i"
  },
  {
    "ID Number": "6900259",
    "Name": "Vano Novau, Pau",
    "Fed": "AND",
    "Sex": "M",
    "Title": "",
    "WTit": "",
    "OTit": "",
    "FOA": "2011",
    "Rating": "AUG25",
    "Gms": "0",
    "K": "20",
    "B-day": "1983",
    "Flag": "i"
  },
  {
    "ID Number": "6900313",
    "Name": "Vanyo Perez, Josep",
    "Fed": "AND",
    "Sex": "M",
    "Title": "",
    "WTit": "",
    "OTit": "",
    "FOA": "1682",
    "Rating": "AUG25",
    "Gms": "7",
    "K": "20",
    "B-day": "1953",
    "Flag": ""
  },
  {
    "ID Number": "22201823",
    "Name": "Visa Jordana, Joel",
    "Fed": "AND",
    "Sex": "M",
    "Title": "",
    "WTit": "",
    "OTit": "",
    "FOA": "2202",
    "Rating": "AUG25",
    "Gms": "0",
    "K": "20",
    "B-day": "1989",
    "Flag": ""
  }
]