[
  {
    "ID Number": "6901069"
  },
  {
    "ID Number": "6900780"
  },
  {
    "ID Number": "6900798"
  },
  {
    "ID Number": "6900720"
  },
  {
    "ID Number": "6901328"
  },
  {
    "ID Number": "6901166"
  },
  {
    "ID Number": "6900445"
  },
  {
    "ID Number": "2260808"
  },
  {
    "ID Number": "6900160"
  },
  {
    "ID Number": "22268820"
  },
  {
    "ID Number": "6900224"
  },
  {
    "ID Number": "6901018"
  },
  {
    "ID Number": "6901131"
  },
  {
    "ID Number": "45166412"
  },
  {
    "ID Number": "4617738"
  },
  {
    "ID Number": "6900348"
  },
  {
    "ID Number": "1902873"
  },
  {
    "ID Number": "6900380"
  },
  {
    "ID Number": "2214334"
  },
  {
    "ID Number": "6900496"
  },
  {
    "ID Number": "6901760"
  },
  {
    "ID Number": "6900283"
  },
  {
    "ID Number": "6900062"
  },
  {
    "ID Number": "6900020"
  },
  {
    "ID Number": "6900321"
  },
  {
    "ID Number": "2218151"
  },
  {
    "ID Number": "2222744"
  },
  {
    "ID Number": "6900046"
  },
  {
    "ID Number": "6900011"
  },
  {
    "ID Number": "6900372"
  },
  {
    "ID Number": "6900526"
  },
  {
    "ID Number": "2224801"
  },
  {
    "ID Number": "32096577"
  },
  {
    "ID Number": "32096585"
  },
  {
    "ID Number": "32096593"
  },
  {
    "ID Number": "6900356"
  },
  {
    "ID Number": "6900267"
  },
  {
    "ID Number": "6900089"
  },
  {
    "ID Number": "6900682"
  },
  {
    "ID Number": "6901026"
  },
  {
    "ID Number": "6900054"
  },
  {
    "ID Number": "2274477"
  },
  {
    "ID Number": "6900461"
  },
  {
    "ID Number": "6900410"
  },
  {
    "ID Number": "6901085"
  },
  {
    "ID Number": "6900976"
  },
  {
    "ID Number": "22270728"
  },
  {
    "ID Number": "6900097"
  },
  {
    "ID Number": "6901344"
  },
  {
    "ID Number": "6900593"
  },
  {
    "ID Number": "6900100"
  },
  {
    "ID Number": "22227172"
  },
  {
    "ID Number": "2204282"
  },
  {
    "ID Number": "400106"
  },
  {
    "ID Number": "6900119"
  },
  {
    "ID Number": "22260617"
  },
  {
    "ID Number": "6900429"
  },
  {
    "ID Number": "32049056"
  },
  {
    "ID Number": "6901425"
  },
  {
    "ID Number": "6900453"
  },
  {
    "ID Number": "6901360"
  },
  {
    "ID Number": "6901271"
  },
  {
    "ID Number": "22271279"
  },
  {
    "ID Number": "6901638"
  },
  {
    "ID Number": "2279193"
  },
  {
    "ID Number": "6901336"
  },
  {
    "ID Number": "6900232"
  },
  {
    "ID Number": "22249303"
  },
  {
    "ID Number": "6900330"
  },
  {
    "ID Number": "6900143"
  },
  {
    "ID Number": "6901573"
  },
  {
    "ID Number": "6900364"
  },
  {
    "ID Number": "6900305"
  },
  {
    "ID Number": "6900763"
  },
  {
    "ID Number": "6900860"
  },
  {
    "ID Number": "6901590"
  },
  {
    "ID Number": "6900240"
  },
  {
    "ID Number": "6901115"
  },
  {
    "ID Number": "6901220"
  },
  {
    "ID Number": "6900038"
  },
  {
    "ID Number": "6900127"
  },
  {
    "ID Number": "6901476"
  },
  {
    "ID Number": "6900488"
  },
  {
    "ID Number": "6901743"
  },
  {
    "ID Number": "6900623"
  },
  {
    "ID Number": "6900674"
  },
  {
    "ID Number": "6900259"
  },
  {
    "ID Number": "6900313"
  },
  {
    "ID Number": "22201823"
  }
]