ID Number,Name,Fed,Sex,Title,WTit,OTit,Rating,Gms,K,RatingMonth,B-day,Flag
21205701,"Adama, Teko Francis",TOG,M,,,,1429,0,40,SEP25,2005,
21205400,"Adja, Gnimdou Richard",TOG,M,,,,1509,0,40,SEP25,2003,i
21204977,"Adjinon, Kossi Merveille",TOG,F,,,,1532,0,40,SEP25,2001,wi
21204993,"Afanou, Kossi Amegbo Emmanuel",TOG,M,,,,1593,4,40,SEP25,2005,
21205175,"Agbekponou, Jules Akuete",TOG,M,,,,1407,3,20,SEP25,2002,
21204497,"Agbevide, Kossi",TOG,M,,,,1599,0,20,SEP25,1990,i
21204624,"Agboton, Babatounde Frejuste",TOG,M,,,,1675,0,20,SEP25,1995,
21200394,"Ajavon, Ayayi Jean Le Clair",TOG,M,,,,1800,7,20,SEP25,1984,
21205345,"Akpadza, Franck Herve Komi",TOG,M,,,,1524,0,40,SEP25,2006,i
21204667,"Amediame, Jacques",TOG,M,,,,1612,4,20,SEP25,2001,
21201625,"Amega-Dzaka, Komi Nukunu",TOG,M,,,,1829,0,20,SEP25,1997,i
21204110,"Ameganshie, Lucke",TOG,M,,,,1654,0,40,SEP25,2002,i
21200017,"Amewounou, Komlan Kouessan",TOG,M,,SI,,1837,7,20,SEP25,1983,
21205329,"Anador, Kossi Ferdinand",TOG,M,,,,1565,0,40,SEP25,1996,
21204551,"Andriamanelisoa, Louis Orivah",TOG,M,,,,1592,1,40,SEP25,1998,
21200211,"Assagba, Kodjo Mawuli",TOG,M,,,,1588,5,20,SEP25,1978,
21201498,"Assogba, Paul",TOG,M,,,,1749,0,40,SEP25,2008,i
21204500,"Assogba, Tessi",TOG,M,,,,1464,0,40,SEP25,1985,i
21200491,"Ayena, Yao Thimothee",TOG,M,,,,1531,0,40,SEP25,2003,
21201994,"Ayena, Yaovi Serge",TOG,M,,,,1611,0,20,SEP25,2004,
21201790,"Azoti Tawi,  Gerbeaud",TOG,M,,,,1444,0,40,SEP25,2000,
21201390,"Ballebako, Kokou Difendramakada Jacques",TOG,M,,,,1766,2,20,SEP25,1995,
21205051,"Bledje, Benito",TOG,M,,,,1622,0,20,SEP25,2006,
21200190,"Bodjona, Abalou Bitchareou",TOG,M,,,,1749,0,20,SEP25,1979,
21200025,"Botsoe, Koffi",TOG,M,,SI,,1719,3,20,SEP25,1974,
21200831,"Codjo, Delava Komlan",TOG,M,,,,1704,0,20,SEP25,1948,i
21204675,"Conte, Saidou",TOG,M,,,,AFM,1812,7,SEP25,1994,
21203989,"Dagnon, Micheline",TOG,F,,,,1550,0,40,SEP25,2009,wi
21205493,"Date, Datevi Abel Sitsope",TOG,M,,,,1693,7,20,SEP25,1999,
21201439,"De Gonzague, Ayite Prince",TOG,M,,,,1559,0,40,SEP25,2001,i
21201200,"De Souza, Ivana Claudia Eyram",TOG,F,,,,1485,0,20,SEP25,2003,wi
21201366,"Diallo, Mamadou",TOG,M,,,,1542,0,20,SEP25,1997,i
21205221,"Dick, Komlan Armand",TOG,M,,,,1537,4,20,SEP25,2002,
21204411,"Domingo, Siloe Nicalas Comlan",TOG,M,,,,1639,0,20,SEP25,1994,i
21204586,"Doumassi, Kodjovi Folly Corazon",TOG,M,,,,1620,5,20,SEP25,2001,
21206317,"Doumassi, Komlanvi Kangni Hermanito",TOG,M,,,,1511,5,40,SEP25,2005,
21205507,"Douti, Monipake Alain",TOG,M,,,,1437,0,40,SEP25,2003,i
21201510,"Egbe, Kossi Thierry",TOG,M,,,,1869,0,20,SEP25,2001,i
21205442,"Egou, Kossi Enyefia",TOG,M,,,,1468,0,40,SEP25,1999,i
21201285,"Ekoue, Kossi Rodrigue",TOG,M,,,,1608,0,20,SEP25,1983,i
21200149,"Ephoevi-Ga, Adama Mawulikplimi",TOG,M,CM,,,1843,0,20,SEP25,1986,i
21200220,"Esse, Akua Kosife",TOG,F,WCM,WCM,,1585,0,20,SEP25,1975,wi
21201021,"Etey, Yaovi Agusto",TOG,M,,,,1763,0,20,SEP25,1993,
21204195,"Folly, Kokou Claude",TOG,M,,,,1633,0,20,SEP25,1996,i
21200033,"Fumey, Enyonam Sewa",TOG,M,CM,,,1841,0,20,SEP25,1981,i
21205426,"Hounakey, Graceson",TOG,M,,,,1557,0,40,SEP25,2003,i
21205965,"Hounton, Dehumon Seyive Richard",TOG,M,,,,1785,0,40,SEP25,1977,
21206031,"Hountonnagnon, Irman Weziza",TOG,M,,,,1604,0,40,SEP25,2009,
21206252,"Idoko, Angel Idoko",TOG,M,,,,1567,0,40,SEP25,2002,
21204217,"Kabiya, Aklesso Richard",TOG,M,,,,1420,0,20,SEP25,1995,
21205906,"Kadagali, Yaovi Herve Jean Baptiste",TOG,M,,,,1690,5,40,SEP25,1999,
21206171,"Kakomkate, Yao Asmah",TOG,M,,,,1480,9,40,SEP25,2007,
21201544,"Kataka, Koffi Dessirama",TOG,M,,,,1672,6,40,SEP25,1993,
21205299,"Kenkou, Giovani",TOG,M,,,,1628,0,40,SEP25,2001,
21200580,"Kouevi, Arnaud Folly",TOG,M,,,,1602,3,20,SEP25,1994,
21200041,"Kouevi, Mawuvi Koue",TOG,M,,,,1800,0,20,SEP25,1960,i
21206392,"Kousse, Kadoukpe Raphael",TOG,M,,,,1428,5,40,SEP25,2015,
21206376,"Kousse, Korede Ranel",TOG,M,,,,1442,5,40,SEP25,2008,
21205736,"Kpodonou, Kossigam Gael God-Love",TOG,M,,,,1573,0,40,SEP25,2006,
21201420,"Kpomblekou, Elom Kossigan Mawuto",TOG,M,,,,1661,0,40,SEP25,1986,
21204047,"Kponsou, Afiwa",TOG,F,WCM,WCM,,1422,3,20,SEP25,1992,w
21204055,"Kudafa, Sandra",TOG,F,,,,1436,2,40,SEP25,2008,w
21204063,"Kudafa, Sandrine",TOG,F,WCM,WCM,,1422,3,40,SEP25,2008,w
21201323,"Kueviakoe, Folly Cedric",TOG,M,,,,1736,0,20,SEP25,2002,i
21206163,"Lokou, Koffi Jacques-Kevin",TOG,M,,,,1528,0,40,SEP25,2003,
21205515,"Lokou, Kofi Emile",TOG,M,,,,1563,0,20,SEP25,1997,
21206074,"Mama, Abdalah",TOG,M,,,,1618,5,40,SEP25,2002,
21204187,"Nana, Komlavi",TOG,M,,,,1598,5,40,SEP25,1998,
21204233,"Nani, Timothee Michaelie",TOG,M,,,,1583,0,40,SEP25,2002,i
21200084,"Ndjelle, Abby Edah",TOG,M,,,,1498,0,20,SEP25,1964,i
21204888,"Ndjelle-Abby, Loic Gnimdou",TOG,M,,,,1426,0,40,SEP25,2009,
21205370,"Ndjelle-Abby, Marcel",TOG,M,,,,1446,0,40,SEP25,2004,i
21200050,"Neglo, Yaovi Dodji",TOG,M,,NA,,1707,0,20,SEP25,1986,i
21206040,"Nneji-Ohanogu, Marvin Tobechukwu",TOG,M,,,,1848,0,40,SEP25,2008,
21206180,"Numatsi, Koku Dzigba",TOG,M,,,,1567,6,40,SEP25,1979,
21200254,"Numatsi, Yawotsu Dzigba",TOG,M,,NA,,1644,0,20,SEP25,1980,
21200483,"Okoro, Aderemi Bankole Mubarak",TOG,M,,"LSI,IA",,1630,0,20,SEP25,1992,i
21204420,"Oyenga, Justine Anassika",TOG,F,,,,1501,0,20,SEP25,1993,wi
21204543,"Pascual, David",TOG,M,,,,1491,0,20,SEP25,1974,i
21204969,"Pedanou, Yao Esenam Samuel",TOG,M,,,,1509,0,40,SEP25,1997,
21204241,"Perezi, Edna Firmin",TOG,M,,,,1585,0,20,SEP25,1991,
21204535,"Sablassou, Anani Kokou",TOG,M,,,,1624,0,20,SEP25,1989,i
21200157,"Sagbo, Afiwa Nicole",TOG,F,,,,1432,0,20,SEP25,1998,wi
21205884,"Samuel, Chidozie",TOG,M,,,,1611,0,40,SEP25,1998,i
21204160,"Semeko, Lumen Paco",TOG,M,,,,1881,7,20,SEP25,2000,
24111627,"Strovskiy, Mikhail",TOG,M,CM,,,1963,0,20,SEP25,1986,i
21201382,"Tchouka, Yakini",TOG,M,,,,1879,0,20,SEP25,1996,i
21201609,"Togbe, Yao Paul",TOG,M,,,,1507,5,20,SEP25,2000,
21201528,"Tohe, Kossi",TOG,M,,,,1541,0,40,SEP25,2004,i
21204845,"Tuyizere, Benoit",TOG,M,,,,1505,0,20,SEP25,2006,
21205680,"Wilson, Tete Yann Theodore",TOG,M,,,,1606,0,40,SEP25,2007,i
21205698,"Zekpo, Kodjo Samuel Pablo",TOG,M,,,,1637,5,40,SEP25,2008,