[
  {
    "ID Number": "9007849"
  },
  {
    "ID Number": "9005994"
  },
  {
    "ID Number": "9003002"
  },
  {
    "ID Number": "9002960"
  },
  {
    "ID Number": "9013725"
  },
  {
    "ID Number": "9000089"
  },
  {
    "ID Number": "9023534"
  },
  {
    "ID Number": "9035001"
  },
  {
    "ID Number": "9002456"
  },
  {
    "ID Number": "9058508"
  },
  {
    "ID Number": "45188033"
  },
  {
    "ID Number": "45188041"
  },
  {
    "ID Number": "9014047"
  },
  {
    "ID Number": "9033726"
  },
  {
    "ID Number": "9048251"
  },
  {
    "ID Number": "9004025"
  },
  {
    "ID Number": "9001670"
  },
  {
    "ID Number": "9001220"
  },
  {
    "ID Number": "9034021"
  },
  {
    "ID Number": "9034030"
  },
  {
    "ID Number": "9024344"
  },
  {
    "ID Number": "9002090"
  },
  {
    "ID Number": "9034358"
  },
  {
    "ID Number": "9034366"
  },
  {
    "ID Number": "9016031"
  },
  {
    "ID Number": "9045031"
  },
  {
    "ID Number": "7812957"
  },
  {
    "ID Number": "9010327"
  },
  {
    "ID Number": "9013733"
  },
  {
    "ID Number": "9058753"
  },
  {
    "ID Number": "9000720"
  },
  {
    "ID Number": "9012443"
  },
  {
    "ID Number": "9060022"
  },
  {
    "ID Number": "9002464"
  },
  {
    "ID Number": "9041320"
  },
  {
    "ID Number": "9003932"
  },
  {
    "ID Number": "9009922"
  },
  {
    "ID Number": "9009930"
  },
  {
    "ID Number": "9007164"
  },
  {
    "ID Number": "9009710"
  },
  {
    "ID Number": "9001123"
  },
  {
    "ID Number": "9002375"
  },
  {
    "ID Number": "9002472"
  },
  {
    "ID Number": "9005137"
  },
  {
    "ID Number": "9045864"
  },
  {
    "ID Number": "9060057"
  },
  {
    "ID Number": "9019022"
  },
  {
    "ID Number": "8100977"
  },
  {
    "ID Number": "9047891"
  },
  {
    "ID Number": "9005129"
  },
  {
    "ID Number": "9014381"
  },
  {
    "ID Number": "9020268"
  },
  {
    "ID Number": "9014063"
  },
  {
    "ID Number": "9019197"
  },
  {
    "ID Number": "9046437"
  },
  {
    "ID Number": "9002499"
  },
  {
    "ID Number": "9007032"
  },
  {
    "ID Number": "9060073"
  },
  {
    "ID Number": "9017739"
  },
  {
    "ID Number": "9018697"
  },
  {
    "ID Number": "9004904"
  },
  {
    "ID Number": "9060081"
  },
  {
    "ID Number": "9026622"
  },
  {
    "ID Number": "9047298"
  },
  {
    "ID Number": "9000151"
  },
  {
    "ID Number": "9010777"
  },
  {
    "ID Number": "9042458"
  },
  {
    "ID Number": "9018905"
  },
  {
    "ID Number": "9012362"
  },
  {
    "ID Number": "9060090"
  },
  {
    "ID Number": "9017550"
  },
  {
    "ID Number": "9007954"
  },
  {
    "ID Number": "9020047"
  },
  {
    "ID Number": "9004815"
  },
  {
    "ID Number": "9017607"
  },
  {
    "ID Number": "9005218"
  },
  {
    "ID Number": "9058818"
  },
  {
    "ID Number": "9047301"
  },
  {
    "ID Number": "9007695"
  },
  {
    "ID Number": "9009736"
  },
  {
    "ID Number": "9000275"
  },
  {
    "ID Number": "9015779"
  },
  {
    "ID Number": "9034390"
  },
  {
    "ID Number": "9049487"
  },
  {
    "ID Number": "9035109"
  },
  {
    "ID Number": "9006540"
  },
  {
    "ID Number": "9024115"
  },
  {
    "ID Number": "9000895"
  },
  {
    "ID Number": "9002308"
  },
  {
    "ID Number": "9005153"
  },
  {
    "ID Number": "9007830"
  },
  {
    "ID Number": "9001050"
  },
  {
    "ID Number": "9000194"
  },
  {
    "ID Number": "9055100"
  },
  {
    "ID Number": "9036350"
  },
  {
    "ID Number": "9014098"
  },
  {
    "ID Number": "9050175"
  },
  {
    "ID Number": "9046550"
  },
  {
    "ID Number": "9004254"
  },
  {
    "ID Number": "9000313"
  },
  {
    "ID Number": "9011552"
  },
  {
    "ID Number": "9049592"
  },
  {
    "ID Number": "9046291"
  },
  {
    "ID Number": "9061045"
  },
  {
    "ID Number": "9020403"
  },
  {
    "ID Number": "9004637"
  },
  {
    "ID Number": "9007504"
  },
  {
    "ID Number": "9003959"
  },
  {
    "ID Number": "9000160"
  },
  {
    "ID Number": "9008489"
  },
  {
    "ID Number": "9009183"
  },
  {
    "ID Number": "9003967"
  },
  {
    "ID Number": "9006575"
  },
  {
    "ID Number": "9017488"
  },
  {
    "ID Number": "9000364"
  },
  {
    "ID Number": "9014128"
  },
  {
    "ID Number": "9032622"
  },
  {
    "ID Number": "9012265"
  },
  {
    "ID Number": "9007636"
  },
  {
    "ID Number": "9008071"
  },
  {
    "ID Number": "9009957"
  },
  {
    "ID Number": "9060146"
  },
  {
    "ID Number": "9056297"
  },
  {
    "ID Number": "9026401"
  },
  {
    "ID Number": "9035540"
  },
  {
    "ID Number": "9000933"
  },
  {
    "ID Number": "9044434"
  },
  {
    "ID Number": "9003061"
  },
  {
    "ID Number": "9003088"
  },
  {
    "ID Number": "9006605"
  },
  {
    "ID Number": "9012605"
  },
  {
    "ID Number": "9020390"
  },
  {
    "ID Number": "9013148"
  },
  {
    "ID Number": "9060154"
  },
  {
    "ID Number": "9043870"
  },
  {
    "ID Number": "9013180"
  },
  {
    "ID Number": "9050485"
  },
  {
    "ID Number": "9027742"
  },
  {
    "ID Number": "9004580"
  },
  {
    "ID Number": "9025154"
  },
  {
    "ID Number": "9019227"
  },
  {
    "ID Number": "9045112"
  },
  {
    "ID Number": "9036636"
  },
  {
    "ID Number": "9023380"
  },
  {
    "ID Number": "9021280"
  },
  {
    "ID Number": "9003657"
  },
  {
    "ID Number": "9007733"
  },
  {
    "ID Number": "9034013"
  },
  {
    "ID Number": "9035524"
  },
  {
    "ID Number": "9002510"
  },
  {
    "ID Number": "9015078"
  },
  {
    "ID Number": "9016180"
  },
  {
    "ID Number": "9012060"
  },
  {
    "ID Number": "9002529"
  },
  {
    "ID Number": "9007989"
  },
  {
    "ID Number": "9016910"
  },
  {
    "ID Number": "9000380"
  },
  {
    "ID Number": "9009744"
  },
  {
    "ID Number": "9010360"
  },
  {
    "ID Number": "9000399"
  },
  {
    "ID Number": "9003100"
  },
  {
    "ID Number": "9006133"
  },
  {
    "ID Number": "9003118"
  },
  {
    "ID Number": "9020098"
  },
  {
    "ID Number": "9009752"
  },
  {
    "ID Number": "9048634"
  },
  {
    "ID Number": "9055541"
  },
  {
    "ID Number": "9049614"
  },
  {
    "ID Number": "9026410"
  },
  {
    "ID Number": "9040730"
  },
  {
    "ID Number": "9001069"
  },
  {
    "ID Number": "9003991"
  },
  {
    "ID Number": "9016813"
  },
  {
    "ID Number": "9033521"
  },
  {
    "ID Number": "7814062"
  },
  {
    "ID Number": "9046674"
  },
  {
    "ID Number": "9011587"
  },
  {
    "ID Number": "9006672"
  },
  {
    "ID Number": "9004009"
  },
  {
    "ID Number": "9005404"
  },
  {
    "ID Number": "9000305"
  },
  {
    "ID Number": "9039139"
  },
  {
    "ID Number": "9005463"
  },
  {
    "ID Number": "9005366"
  },
  {
    "ID Number": "9002537"
  },
  {
    "ID Number": "9011480"
  },
  {
    "ID Number": "9014837"
  },
  {
    "ID Number": "9014845"
  },
  {
    "ID Number": "9014853"
  },
  {
    "ID Number": "9002847"
  },
  {
    "ID Number": "9024492"
  },
  {
    "ID Number": "9000410"
  },
  {
    "ID Number": "9023119"
  },
  {
    "ID Number": "9037012"
  },
  {
    "ID Number": "9016198"
  },
  {
    "ID Number": "9044426"
  },
  {
    "ID Number": "9014861"
  },
  {
    "ID Number": "9024093"
  },
  {
    "ID Number": "9016953"
  },
  {
    "ID Number": "9017658"
  },
  {
    "ID Number": "9017640"
  },
  {
    "ID Number": "26051419"
  },
  {
    "ID Number": "9005382"
  },
  {
    "ID Number": "9055355"
  },
  {
    "ID Number": "9001301"
  },
  {
    "ID Number": "9000402"
  },
  {
    "ID Number": "9002545"
  },
  {
    "ID Number": "9047344"
  },
  {
    "ID Number": "9005684"
  },
  {
    "ID Number": "9011366"
  },
  {
    "ID Number": "9046720"
  },
  {
    "ID Number": "9005030"
  },
  {
    "ID Number": "9005048"
  },
  {
    "ID Number": "9006222"
  },
  {
    "ID Number": "9045155"
  },
  {
    "ID Number": "9012087"
  },
  {
    "ID Number": "9000429"
  },
  {
    "ID Number": "9031758"
  },
  {
    "ID Number": "9007067"
  },
  {
    "ID Number": "9060596"
  },
  {
    "ID Number": "9034757"
  },
  {
    "ID Number": "9015469"
  },
  {
    "ID Number": "9016210"
  },
  {
    "ID Number": "9003681"
  },
  {
    "ID Number": "9009469"
  },
  {
    "ID Number": "9033297"
  },
  {
    "ID Number": "9025251"
  },
  {
    "ID Number": "9015485"
  },
  {
    "ID Number": "9041877"
  },
  {
    "ID Number": "9060189"
  },
  {
    "ID Number": "9010840"
  },
  {
    "ID Number": "9010858"
  },
  {
    "ID Number": "9028145"
  },
  {
    "ID Number": "9009760"
  },
  {
    "ID Number": "9014160"
  },
  {
    "ID Number": "9012095"
  },
  {
    "ID Number": "9019545"
  },
  {
    "ID Number": "9042474"
  },
  {
    "ID Number": "9014179"
  },
  {
    "ID Number": "9011331"
  },
  {
    "ID Number": "9021795"
  },
  {
    "ID Number": "9000445"
  },
  {
    "ID Number": "9007440"
  },
  {
    "ID Number": "9052593"
  },
  {
    "ID Number": "9014039"
  },
  {
    "ID Number": "9060227"
  },
  {
    "ID Number": "9007091"
  },
  {
    "ID Number": "9044876"
  },
  {
    "ID Number": "9017020"
  },
  {
    "ID Number": "9041575"
  },
  {
    "ID Number": "9058079"
  },
  {
    "ID Number": "9058133"
  },
  {
    "ID Number": "9000488"
  },
  {
    "ID Number": "9006206"
  },
  {
    "ID Number": "9002006"
  },
  {
    "ID Number": "9050868"
  },
  {
    "ID Number": "9016864"
  },
  {
    "ID Number": "9034773"
  },
  {
    "ID Number": "9000127"
  },
  {
    "ID Number": "9012435"
  },
  {
    "ID Number": "9022988"
  },
  {
    "ID Number": "9000518"
  },
  {
    "ID Number": "9026258"
  },
  {
    "ID Number": "9014187"
  },
  {
    "ID Number": "9004017"
  },
  {
    "ID Number": "9005170"
  },
  {
    "ID Number": "9003142"
  },
  {
    "ID Number": "9007750"
  },
  {
    "ID Number": "9036601"
  },
  {
    "ID Number": "9029753"
  },
  {
    "ID Number": "9007563"
  },
  {
    "ID Number": "9003185"
  },
  {
    "ID Number": "9042512"
  },
  {
    "ID Number": "9002553"
  },
  {
    "ID Number": "9007911"
  },
  {
    "ID Number": "9033734"
  },
  {
    "ID Number": "9007580"
  },
  {
    "ID Number": "9017062"
  },
  {
    "ID Number": "9044477"
  },
  {
    "ID Number": "9016546"
  },
  {
    "ID Number": "9023186"
  },
  {
    "ID Number": "9037926"
  },
  {
    "ID Number": "9019812"
  },
  {
    "ID Number": "9012460"
  },
  {
    "ID Number": "9017070"
  },
  {
    "ID Number": "9029354"
  },
  {
    "ID Number": "9000542"
  },
  {
    "ID Number": "9003223"
  },
  {
    "ID Number": "9015515"
  },
  {
    "ID Number": "9044493"
  },
  {
    "ID Number": "9017798"
  },
  {
    "ID Number": "9007725"
  },
  {
    "ID Number": "9007598"
  },
  {
    "ID Number": "9046810"
  },
  {
    "ID Number": "9000569"
  },
  {
    "ID Number": "9019898"
  },
  {
    "ID Number": "9003738"
  },
  {
    "ID Number": "9003720"
  },
  {
    "ID Number": "9005188"
  },
  {
    "ID Number": "9033599"
  },
  {
    "ID Number": "9000593"
  },
  {
    "ID Number": "9046844"
  },
  {
    "ID Number": "9003231"
  },
  {
    "ID Number": "9017437"
  },
  {
    "ID Number": "9013350"
  },
  {
    "ID Number": "9007385"
  },
  {
    "ID Number": "9013113"
  },
  {
    "ID Number": "9011633"
  },
  {
    "ID Number": "9003240"
  },
  {
    "ID Number": "9001778"
  },
  {
    "ID Number": "9009531"
  },
  {
    "ID Number": "9017356"
  },
  {
    "ID Number": "9038566"
  },
  {
    "ID Number": "9002910"
  },
  {
    "ID Number": "9003258"
  },
  {
    "ID Number": "9017119"
  },
  {
    "ID Number": "9014209"
  },
  {
    "ID Number": "9011650"
  },
  {
    "ID Number": "7814054"
  },
  {
    "ID Number": "9031618"
  },
  {
    "ID Number": "9016520"
  },
  {
    "ID Number": "9000011"
  },
  {
    "ID Number": "9044507"
  },
  {
    "ID Number": "9003754"
  },
  {
    "ID Number": "9004653"
  },
  {
    "ID Number": "9003274"
  },
  {
    "ID Number": "9016783"
  },
  {
    "ID Number": "9008004"
  },
  {
    "ID Number": "9046887"
  },
  {
    "ID Number": "9044906"
  },
  {
    "ID Number": "9018441"
  },
  {
    "ID Number": "9009779"
  },
  {
    "ID Number": "9007881"
  },
  {
    "ID Number": "9008411"
  },
  {
    "ID Number": "9000623"
  },
  {
    "ID Number": "45117144"
  },
  {
    "ID Number": "9018093"
  },
  {
    "ID Number": "9014217"
  },
  {
    "ID Number": "9003290"
  },
  {
    "ID Number": "9004319"
  },
  {
    "ID Number": "9020420"
  },
  {
    "ID Number": "9005803"
  },
  {
    "ID Number": "9016295"
  },
  {
    "ID Number": "9021159"
  },
  {
    "ID Number": "9000259"
  },
  {
    "ID Number": "9011420"
  },
  {
    "ID Number": "9009795"
  },
  {
    "ID Number": "9000666"
  },
  {
    "ID Number": "9060308"
  },
  {
    "ID Number": "9042008"
  },
  {
    "ID Number": "9021680"
  },
  {
    "ID Number": "9017151"
  },
  {
    "ID Number": "9016317"
  },
  {
    "ID Number": "9009426"
  },
  {
    "ID Number": "9003339"
  },
  {
    "ID Number": "9002863"
  },
  {
    "ID Number": "9060588"
  },
  {
    "ID Number": "9005064"
  },
  {
    "ID Number": "9005072"
  },
  {
    "ID Number": "9009337"
  },
  {
    "ID Number": "9009809"
  },
  {
    "ID Number": "9004564"
  },
  {
    "ID Number": "9035206"
  },
  {
    "ID Number": "625736"
  },
  {
    "ID Number": "9008012"
  },
  {
    "ID Number": "9011455"
  },
  {
    "ID Number": "9006370"
  },
  {
    "ID Number": "9006796"
  },
  {
    "ID Number": "9052607"
  },
  {
    "ID Number": "9066527"
  },
  {
    "ID Number": "9009264"
  },
  {
    "ID Number": "9029397"
  },
  {
    "ID Number": "9011447"
  },
  {
    "ID Number": "9049517"
  },
  {
    "ID Number": "9007890"
  },
  {
    "ID Number": "9038035"
  },
  {
    "ID Number": "9038043"
  },
  {
    "ID Number": "9052674"
  },
  {
    "ID Number": "9012117"
  },
  {
    "ID Number": "9000640"
  },
  {
    "ID Number": "9014594"
  },
  {
    "ID Number": "9014950"
  },
  {
    "ID Number": "9037101"
  },
  {
    "ID Number": "9016333"
  },
  {
    "ID Number": "9036580"
  },
  {
    "ID Number": "9026460"
  },
  {
    "ID Number": "9015841"
  },
  {
    "ID Number": "9037330"
  },
  {
    "ID Number": "9023372"
  },
  {
    "ID Number": "9002561"
  },
  {
    "ID Number": "9001328"
  },
  {
    "ID Number": "9048758"
  },
  {
    "ID Number": "9002570"
  },
  {
    "ID Number": "9062041"
  },
  {
    "ID Number": "9020730"
  },
  {
    "ID Number": "9039163"
  },
  {
    "ID Number": "9001190"
  },
  {
    "ID Number": "9009400"
  },
  {
    "ID Number": "9020179"
  },
  {
    "ID Number": "9003797"
  },
  {
    "ID Number": "9057676"
  },
  {
    "ID Number": "9001581"
  },
  {
    "ID Number": "9012680"
  },
  {
    "ID Number": "9012729"
  },
  {
    "ID Number": "9001590"
  },
  {
    "ID Number": "9038639"
  },
  {
    "ID Number": "9037993"
  },
  {
    "ID Number": "9005161"
  },
  {
    "ID Number": "9017542"
  },
  {
    "ID Number": "9040269"
  },
  {
    "ID Number": "9013342"
  },
  {
    "ID Number": "9007423"
  },
  {
    "ID Number": "9052623"
  },
  {
    "ID Number": "9012125"
  },
  {
    "ID Number": "9012451"
  },
  {
    "ID Number": "9009094"
  },
  {
    "ID Number": "9012303"
  },
  {
    "ID Number": "9000232"
  },
  {
    "ID Number": "9012478"
  },
  {
    "ID Number": "9007431"
  },
  {
    "ID Number": "9012320"
  },
  {
    "ID Number": "9003380"
  },
  {
    "ID Number": "9003819"
  },
  {
    "ID Number": "9014233"
  },
  {
    "ID Number": "9060561"
  },
  {
    "ID Number": "9018123"
  },
  {
    "ID Number": "9035788"
  },
  {
    "ID Number": "9059830"
  },
  {
    "ID Number": "9001603"
  },
  {
    "ID Number": "9033718"
  },
  {
    "ID Number": "9001808"
  },
  {
    "ID Number": "9007270"
  },
  {
    "ID Number": "9004661"
  },
  {
    "ID Number": "9010947"
  },
  {
    "ID Number": "9001387"
  },
  {
    "ID Number": "9001727"
  },
  {
    "ID Number": "9007458"
  },
  {
    "ID Number": "9009833"
  },
  {
    "ID Number": "9016791"
  },
  {
    "ID Number": "9032630"
  },
  {
    "ID Number": "9003690"
  },
  {
    "ID Number": "7810970"
  },
  {
    "ID Number": "9000682"
  },
  {
    "ID Number": "9001476"
  },
  {
    "ID Number": "203149"
  },
  {
    "ID Number": "9014667"
  },
  {
    "ID Number": "9018450"
  },
  {
    "ID Number": "9017216"
  },
  {
    "ID Number": "9019561"
  },
  {
    "ID Number": "9017224"
  },
  {
    "ID Number": "9011900"
  },
  {
    "ID Number": "9047077"
  },
  {
    "ID Number": "9017623"
  },
  {
    "ID Number": "9018921"
  },
  {
    "ID Number": "9022228"
  },
  {
    "ID Number": "9035800"
  },
  {
    "ID Number": "9007300"
  },
  {
    "ID Number": "9008730"
  },
  {
    "ID Number": "9039147"
  },
  {
    "ID Number": "9002243"
  },
  {
    "ID Number": "9001018"
  },
  {
    "ID Number": "9012141"
  },
  {
    "ID Number": "9012508"
  },
  {
    "ID Number": "9018956"
  },
  {
    "ID Number": "9001484"
  },
  {
    "ID Number": "9001816"
  },
  {
    "ID Number": "9003835"
  },
  {
    "ID Number": "9009027"
  },
  {
    "ID Number": "9001913"
  },
  {
    "ID Number": "9007121"
  },
  {
    "ID Number": "9026479"
  },
  {
    "ID Number": "9002588"
  },
  {
    "ID Number": "9050680"
  },
  {
    "ID Number": "9008470"
  },
  {
    "ID Number": "675938"
  },
  {
    "ID Number": "9002367"
  },
  {
    "ID Number": "9000739"
  },
  {
    "ID Number": "9001395"
  },
  {
    "ID Number": "9017518"
  },
  {
    "ID Number": "9036202"
  },
  {
    "ID Number": "9004343"
  },
  {
    "ID Number": "9003460"
  },
  {
    "ID Number": "9014250"
  },
  {
    "ID Number": "9010130"
  },
  {
    "ID Number": "9011935"
  },
  {
    "ID Number": "9011706"
  },
  {
    "ID Number": "9034447"
  },
  {
    "ID Number": "9012150"
  },
  {
    "ID Number": "9012168"
  },
  {
    "ID Number": "9047115"
  },
  {
    "ID Number": "9058036"
  },
  {
    "ID Number": "9008047"
  },
  {
    "ID Number": "9006427"
  },
  {
    "ID Number": "9027190"
  },
  {
    "ID Number": "9047123"
  },
  {
    "ID Number": "9003851"
  },
  {
    "ID Number": "9013156"
  },
  {
    "ID Number": "9004734"
  },
  {
    "ID Number": "9013415"
  },
  {
    "ID Number": "9005587"
  },
  {
    "ID Number": "9000283"
  },
  {
    "ID Number": "9012613"
  },
  {
    "ID Number": "9006443"
  },
  {
    "ID Number": "9004610"
  },
  {
    "ID Number": "9014268"
  },
  {
    "ID Number": "9017372"
  },
  {
    "ID Number": "9017399"
  },
  {
    "ID Number": "9007130"
  },
  {
    "ID Number": "9057862"
  },
  {
    "ID Number": "9000437"
  },
  {
    "ID Number": "9001417"
  },
  {
    "ID Number": "9025197"
  },
  {
    "ID Number": "9026630"
  },
  {
    "ID Number": "9038094"
  },
  {
    "ID Number": "9019715"
  },
  {
    "ID Number": "9004750"
  },
  {
    "ID Number": "9004173"
  },
  {
    "ID Number": "9024832"
  },
  {
    "ID Number": "9008365"
  },
  {
    "ID Number": "9017674"
  },
  {
    "ID Number": "9014276"
  },
  {
    "ID Number": "9007679"
  },
  {
    "ID Number": "9001921"
  },
  {
    "ID Number": "9002596"
  },
  {
    "ID Number": "9020756"
  },
  {
    "ID Number": "9014284"
  },
  {
    "ID Number": "9008055"
  },
  {
    "ID Number": "9008403"
  },
  {
    "ID Number": "9015922"
  },
  {
    "ID Number": "9022953"
  },
  {
    "ID Number": "9008748"
  },
  {
    "ID Number": "9005200"
  },
  {
    "ID Number": "9036628"
  },
  {
    "ID Number": "9009850"
  },
  {
    "ID Number": "9001646"
  },
  {
    "ID Number": "9014292"
  },
  {
    "ID Number": "9017267"
  },
  {
    "ID Number": "9014470"
  },
  {
    "ID Number": "9040617"
  },
  {
    "ID Number": "9025138"
  },
  {
    "ID Number": "9007148"
  },
  {
    "ID Number": "9002146"
  },
  {
    "ID Number": "9007342"
  },
  {
    "ID Number": "9025243"
  },
  {
    "ID Number": "9039643"
  },
  {
    "ID Number": "9001255"
  },
  {
    "ID Number": "9034471"
  },
  {
    "ID Number": "9012206"
  },
  {
    "ID Number": "9001247"
  },
  {
    "ID Number": "9002170"
  },
  {
    "ID Number": "9016511"
  },
  {
    "ID Number": "9025626"
  },
  {
    "ID Number": "9006893"
  },
  {
    "ID Number": "9009868"
  },
  {
    "ID Number": "9017275"
  },
  {
    "ID Number": "9000810"
  },
  {
    "ID Number": "9001948"
  },
  {
    "ID Number": "9010998"
  },
  {
    "ID Number": "9028790"
  },
  {
    "ID Number": "9042555"
  },
  {
    "ID Number": "9009213"
  },
  {
    "ID Number": "9006990"
  },
  {
    "ID Number": "9004190"
  },
  {
    "ID Number": "9002626"
  },
  {
    "ID Number": "9004203"
  },
  {
    "ID Number": "9003886"
  },
  {
    "ID Number": "9009876"
  },
  {
    "ID Number": "9009019"
  },
  {
    "ID Number": "9033440"
  },
  {
    "ID Number": "9012214"
  },
  {
    "ID Number": "9002634"
  },
  {
    "ID Number": "9014306"
  },
  {
    "ID Number": "9027181"
  },
  {
    "ID Number": "9024050"
  },
  {
    "ID Number": "9019219"
  },
  {
    "ID Number": "9025634"
  },
  {
    "ID Number": "9000828"
  },
  {
    "ID Number": "9023739"
  },
  {
    "ID Number": "9011951"
  },
  {
    "ID Number": "9049088"
  },
  {
    "ID Number": "9017291"
  },
  {
    "ID Number": "9012222"
  },
  {
    "ID Number": "9014314"
  },
  {
    "ID Number": "9003479"
  },
  {
    "ID Number": "9004980"
  },
  {
    "ID Number": "9033424"
  },
  {
    "ID Number": "9002073"
  },
  {
    "ID Number": "9012354"
  },
  {
    "ID Number": "9000844"
  },
  {
    "ID Number": "9008039"
  },
  {
    "ID Number": "9031723"
  },
  {
    "ID Number": "9010440"
  },
  {
    "ID Number": "9000852"
  },
  {
    "ID Number": "9027920"
  },
  {
    "ID Number": "9021663"
  },
  {
    "ID Number": "9009221"
  },
  {
    "ID Number": "9006478"
  },
  {
    "ID Number": "9006931"
  },
  {
    "ID Number": "9014330"
  },
  {
    "ID Number": "9004769"
  },
  {
    "ID Number": "9048480"
  },
  {
    "ID Number": "9060510"
  },
  {
    "ID Number": "9000240"
  },
  {
    "ID Number": "9007741"
  },
  {
    "ID Number": "9002669"
  },
  {
    "ID Number": "9025650"
  },
  {
    "ID Number": "9004246"
  },
  {
    "ID Number": "9024433"
  },
  {
    "ID Number": "9017747"
  },
  {
    "ID Number": "9019910"
  },
  {
    "ID Number": "9028447"
  },
  {
    "ID Number": "9034528"
  },
  {
    "ID Number": "9021612"
  },
  {
    "ID Number": "9011722"
  },
  {
    "ID Number": "9013814"
  },
  {
    "ID Number": "9032029"
  },
  {
    "ID Number": "9002677"
  },
  {
    "ID Number": "9012346"
  },
  {
    "ID Number": "9025022"
  },
  {
    "ID Number": "9049240"
  },
  {
    "ID Number": "9014489"
  },
  {
    "ID Number": "9009892"
  },
  {
    "ID Number": "9000879"
  },
  {
    "ID Number": "9017305"
  },
  {
    "ID Number": "9007806"
  },
  {
    "ID Number": "9020691"
  },
  {
    "ID Number": "9014365"
  },
  {
    "ID Number": "9009906"
  },
  {
    "ID Number": "9034005"
  },
  {
    "ID Number": "9018000"
  },
  {
    "ID Number": "9001867"
  },
  {
    "ID Number": "9007920"
  },
  {
    "ID Number": "9002693"
  }
]