[
  {
    "ID Number": "16506723"
  },
  {
    "ID Number": "918776"
  },
  {
    "ID Number": "16506693"
  },
  {
    "ID Number": "939811"
  },
  {
    "ID Number": "16503465"
  },
  {
    "ID Number": "16508572"
  },
  {
    "ID Number": "16510437"
  },
  {
    "ID Number": "909556"
  },
  {
    "ID Number": "16501098"
  },
  {
    "ID Number": "16512952"
  },
  {
    "ID Number": "16512430"
  },
  {
    "ID Number": "16504925"
  },
  {
    "ID Number": "16500024"
  },
  {
    "ID Number": "936707"
  },
  {
    "ID Number": "16501632"
  },
  {
    "ID Number": "16504917"
  },
  {
    "ID Number": "942332"
  },
  {
    "ID Number": "16502094"
  },
  {
    "ID Number": "16502086"
  },
  {
    "ID Number": "921424"
  },
  {
    "ID Number": "16502493"
  },
  {
    "ID Number": "16509730"
  },
  {
    "ID Number": "4135229"
  },
  {
    "ID Number": "16508343"
  },
  {
    "ID Number": "16509250"
  },
  {
    "ID Number": "16509366"
  },
  {
    "ID Number": "16501314"
  },
  {
    "ID Number": "16505255"
  },
  {
    "ID Number": "903914"
  },
  {
    "ID Number": "16507266"
  },
  {
    "ID Number": "16500245"
  },
  {
    "ID Number": "16505859"
  },
  {
    "ID Number": "16508580"
  },
  {
    "ID Number": "16508599"
  },
  {
    "ID Number": "918636"
  },
  {
    "ID Number": "16504577"
  },
  {
    "ID Number": "909580"
  },
  {
    "ID Number": "16505077"
  },
  {
    "ID Number": "940925"
  },
  {
    "ID Number": "16503473"
  },
  {
    "ID Number": "16512910"
  },
  {
    "ID Number": "16510860"
  },
  {
    "ID Number": "16503481"
  },
  {
    "ID Number": "16511174"
  },
  {
    "ID Number": "16508327"
  },
  {
    "ID Number": "16505867"
  },
  {
    "ID Number": "16506170"
  },
  {
    "ID Number": "920800"
  },
  {
    "ID Number": "913880"
  },
  {
    "ID Number": "16505875"
  },
  {
    "ID Number": "16508947"
  },
  {
    "ID Number": "907928"
  },
  {
    "ID Number": "16506138"
  },
  {
    "ID Number": "16502620"
  },
  {
    "ID Number": "936715"
  },
  {
    "ID Number": "16510925"
  },
  {
    "ID Number": "900885"
  },
  {
    "ID Number": "916773"
  },
  {
    "ID Number": "909602"
  },
  {
    "ID Number": "16509196"
  },
  {
    "ID Number": "16505085"
  },
  {
    "ID Number": "16508807"
  },
  {
    "ID Number": "16511042"
  },
  {
    "ID Number": "16504526"
  },
  {
    "ID Number": "16508840"
  },
  {
    "ID Number": "16506677"
  },
  {
    "ID Number": "16512758"
  },
  {
    "ID Number": "16500326"
  },
  {
    "ID Number": "940976"
  },
  {
    "ID Number": "16511212"
  },
  {
    "ID Number": "16504739"
  },
  {
    "ID Number": "16504046"
  },
  {
    "ID Number": "936456"
  },
  {
    "ID Number": "903663"
  },
  {
    "ID Number": "16500253"
  },
  {
    "ID Number": "16501535"
  },
  {
    "ID Number": "16508963"
  },
  {
    "ID Number": "914843"
  },
  {
    "ID Number": "918458"
  },
  {
    "ID Number": "16509269"
  },
  {
    "ID Number": "16505310"
  },
  {
    "ID Number": "16501330"
  },
  {
    "ID Number": "16505891"
  },
  {
    "ID Number": "16511905"
  },
  {
    "ID Number": "909645"
  },
  {
    "ID Number": "16506456"
  },
  {
    "ID Number": "16505093"
  },
  {
    "ID Number": "16503651"
  },
  {
    "ID Number": "16502884"
  },
  {
    "ID Number": "16501829"
  },
  {
    "ID Number": "923290"
  },
  {
    "ID Number": "16500202"
  },
  {
    "ID Number": "918628"
  },
  {
    "ID Number": "907588"
  },
  {
    "ID Number": "16502965"
  },
  {
    "ID Number": "16501896"
  },
  {
    "ID Number": "16509277"
  },
  {
    "ID Number": "16502868"
  },
  {
    "ID Number": "16500717"
  },
  {
    "ID Number": "909661"
  },
  {
    "ID Number": "16504747"
  },
  {
    "ID Number": "16504755"
  },
  {
    "ID Number": "912727"
  },
  {
    "ID Number": "903558"
  },
  {
    "ID Number": "16510585"
  },
  {
    "ID Number": "16509382"
  },
  {
    "ID Number": "926078"
  },
  {
    "ID Number": "16510704"
  },
  {
    "ID Number": "16510690"
  },
  {
    "ID Number": "16507444"
  },
  {
    "ID Number": "16511557"
  },
  {
    "ID Number": "16506537"
  },
  {
    "ID Number": "16505425"
  },
  {
    "ID Number": "909700"
  },
  {
    "ID Number": "936731"
  },
  {
    "ID Number": "939650"
  },
  {
    "ID Number": "16504402"
  },
  {
    "ID Number": "16508319"
  },
  {
    "ID Number": "16502302"
  },
  {
    "ID Number": "16507592"
  },
  {
    "ID Number": "16501349"
  },
  {
    "ID Number": "16511182"
  },
  {
    "ID Number": "16511719"
  },
  {
    "ID Number": "16509390"
  },
  {
    "ID Number": "16509285"
  },
  {
    "ID Number": "16507606"
  },
  {
    "ID Number": "903930"
  },
  {
    "ID Number": "16503201"
  },
  {
    "ID Number": "16512510"
  },
  {
    "ID Number": "16500334"
  },
  {
    "ID Number": "920304"
  },
  {
    "ID Number": "16508874"
  },
  {
    "ID Number": "922412"
  },
  {
    "ID Number": "16509579"
  },
  {
    "ID Number": "16509188"
  },
  {
    "ID Number": "16511123"
  },
  {
    "ID Number": "16503902"
  },
  {
    "ID Number": "16508769"
  },
  {
    "ID Number": "16504780"
  },
  {
    "ID Number": "16510780"
  },
  {
    "ID Number": "16503562"
  },
  {
    "ID Number": "931306"
  },
  {
    "ID Number": "16512057"
  },
  {
    "ID Number": "900397"
  },
  {
    "ID Number": "16502027"
  },
  {
    "ID Number": "944327"
  },
  {
    "ID Number": "944335"
  },
  {
    "ID Number": "16504909"
  },
  {
    "ID Number": "16509200"
  },
  {
    "ID Number": "909734"
  },
  {
    "ID Number": "16504224"
  },
  {
    "ID Number": "909750"
  },
  {
    "ID Number": "16508971"
  },
  {
    "ID Number": "16509650"
  },
  {
    "ID Number": "16509668"
  },
  {
    "ID Number": "16510127"
  },
  {
    "ID Number": "16506669"
  },
  {
    "ID Number": "16502124"
  },
  {
    "ID Number": "16513827"
  },
  {
    "ID Number": "16510917"
  },
  {
    "ID Number": "16511190"
  },
  {
    "ID Number": "16506472"
  },
  {
    "ID Number": "903698"
  },
  {
    "ID Number": "16510879"
  },
  {
    "ID Number": "16510410"
  },
  {
    "ID Number": "16500288"
  },
  {
    "ID Number": "16505433"
  },
  {
    "ID Number": "16503074"
  },
  {
    "ID Number": "16506430"
  },
  {
    "ID Number": "16509226"
  },
  {
    "ID Number": "906220"
  },
  {
    "ID Number": "900370"
  },
  {
    "ID Number": "16505905"
  },
  {
    "ID Number": "16501667"
  },
  {
    "ID Number": "16507371"
  },
  {
    "ID Number": "16505344"
  },
  {
    "ID Number": "16508610"
  },
  {
    "ID Number": "16503805"
  },
  {
    "ID Number": "16507533"
  },
  {
    "ID Number": "16504623"
  },
  {
    "ID Number": "16512839"
  },
  {
    "ID Number": "909777"
  },
  {
    "ID Number": "16502132"
  },
  {
    "ID Number": "16511972"
  },
  {
    "ID Number": "16500490"
  },
  {
    "ID Number": "4156021"
  },
  {
    "ID Number": "900095"
  },
  {
    "ID Number": "16500857"
  },
  {
    "ID Number": "16507410"
  },
  {
    "ID Number": "16504976"
  },
  {
    "ID Number": "903728"
  },
  {
    "ID Number": "16509307"
  },
  {
    "ID Number": "16510933"
  },
  {
    "ID Number": "16502574"
  },
  {
    "ID Number": "930920"
  },
  {
    "ID Number": "16507231"
  },
  {
    "ID Number": "16510895"
  },
  {
    "ID Number": "16512979"
  },
  {
    "ID Number": "16500474"
  },
  {
    "ID Number": "16513835"
  },
  {
    "ID Number": "16511913"
  },
  {
    "ID Number": "16510712"
  },
  {
    "ID Number": "909831"
  },
  {
    "ID Number": "16506685"
  },
  {
    "ID Number": "16504410"
  },
  {
    "ID Number": "16510984"
  },
  {
    "ID Number": "16500571"
  },
  {
    "ID Number": "900702"
  },
  {
    "ID Number": "16502140"
  },
  {
    "ID Number": "16507991"
  },
  {
    "ID Number": "909866"
  },
  {
    "ID Number": "909874"
  },
  {
    "ID Number": "16510666"
  },
  {
    "ID Number": "903760"
  },
  {
    "ID Number": "16512847"
  },
  {
    "ID Number": "932060"
  },
  {
    "ID Number": "16512065"
  },
  {
    "ID Number": "14403803"
  },
  {
    "ID Number": "16513363"
  },
  {
    "ID Number": "16511077"
  },
  {
    "ID Number": "16501608"
  },
  {
    "ID Number": "921815"
  },
  {
    "ID Number": "16502698"
  },
  {
    "ID Number": "16508165"
  },
  {
    "ID Number": "932825"
  },
  {
    "ID Number": "16505360"
  },
  {
    "ID Number": "16506073"
  },
  {
    "ID Number": "16513606"
  },
  {
    "ID Number": "16506324"
  },
  {
    "ID Number": "943819"
  },
  {
    "ID Number": "16511352"
  },
  {
    "ID Number": "16510216"
  },
  {
    "ID Number": "16510534"
  },
  {
    "ID Number": "16502841"
  },
  {
    "ID Number": "16510992"
  },
  {
    "ID Number": "16501730"
  },
  {
    "ID Number": "16510542"
  },
  {
    "ID Number": "16503856"
  },
  {
    "ID Number": "16500342"
  },
  {
    "ID Number": "16500350"
  },
  {
    "ID Number": "16510909"
  },
  {
    "ID Number": "16508394"
  },
  {
    "ID Number": "16504429"
  },
  {
    "ID Number": "16500296"
  },
  {
    "ID Number": "16500865"
  },
  {
    "ID Number": "16500822"
  },
  {
    "ID Number": "909882"
  },
  {
    "ID Number": "16509501"
  },
  {
    "ID Number": "16501551"
  },
  {
    "ID Number": "16504852"
  },
  {
    "ID Number": "16505018"
  },
  {
    "ID Number": "16508688"
  },
  {
    "ID Number": "16508408"
  },
  {
    "ID Number": "16501675"
  },
  {
    "ID Number": "16503945"
  },
  {
    "ID Number": "16512014"
  },
  {
    "ID Number": "16500130"
  },
  {
    "ID Number": "902284"
  },
  {
    "ID Number": "16503384"
  },
  {
    "ID Number": "16500580"
  },
  {
    "ID Number": "16504372"
  },
  {
    "ID Number": "16512073"
  },
  {
    "ID Number": "16507797"
  },
  {
    "ID Number": "900290"
  },
  {
    "ID Number": "933899"
  },
  {
    "ID Number": "903779"
  },
  {
    "ID Number": "16509048"
  },
  {
    "ID Number": "16506898"
  },
  {
    "ID Number": "16509684"
  },
  {
    "ID Number": "16502701"
  },
  {
    "ID Number": "16502809"
  },
  {
    "ID Number": "16503252"
  },
  {
    "ID Number": "16510224"
  },
  {
    "ID Number": "16503660"
  },
  {
    "ID Number": "16512588"
  },
  {
    "ID Number": "16508289"
  },
  {
    "ID Number": "16511360"
  },
  {
    "ID Number": "936499"
  },
  {
    "ID Number": "16509757"
  },
  {
    "ID Number": "931314"
  },
  {
    "ID Number": "16509420"
  },
  {
    "ID Number": "16510232"
  },
  {
    "ID Number": "944653"
  },
  {
    "ID Number": "943959"
  },
  {
    "ID Number": "909920"
  },
  {
    "ID Number": "16511018"
  },
  {
    "ID Number": "16508629"
  },
  {
    "ID Number": "16513843"
  },
  {
    "ID Number": "16509692"
  },
  {
    "ID Number": "16506197"
  },
  {
    "ID Number": "16505913"
  },
  {
    "ID Number": "925390"
  },
  {
    "ID Number": "909955"
  },
  {
    "ID Number": "16502060"
  },
  {
    "ID Number": "16503953"
  },
  {
    "ID Number": "16505530"
  },
  {
    "ID Number": "16505646"
  },
  {
    "ID Number": "16501616"
  },
  {
    "ID Number": "16502191"
  },
  {
    "ID Number": "16509889"
  },
  {
    "ID Number": "905330"
  },
  {
    "ID Number": "900052"
  },
  {
    "ID Number": "16507495"
  },
  {
    "ID Number": "903965"
  },
  {
    "ID Number": "16504070"
  },
  {
    "ID Number": "16513851"
  },
  {
    "ID Number": "16501918"
  },
  {
    "ID Number": "16504160"
  },
  {
    "ID Number": "16506200"
  },
  {
    "ID Number": "16513860"
  },
  {
    "ID Number": "909963"
  },
  {
    "ID Number": "16513614"
  },
  {
    "ID Number": "909971"
  },
  {
    "ID Number": "16511930"
  },
  {
    "ID Number": "16500598"
  },
  {
    "ID Number": "16501101"
  },
  {
    "ID Number": "927511"
  },
  {
    "ID Number": "908924"
  },
  {
    "ID Number": "16502990"
  },
  {
    "ID Number": "16503007"
  },
  {
    "ID Number": "16504801"
  },
  {
    "ID Number": "16504496"
  },
  {
    "ID Number": "16501756"
  },
  {
    "ID Number": "16501578"
  },
  {
    "ID Number": "16501640"
  },
  {
    "ID Number": "16511875"
  },
  {
    "ID Number": "16508548"
  },
  {
    "ID Number": "16502205"
  },
  {
    "ID Number": "16509439"
  },
  {
    "ID Number": "16503392"
  },
  {
    "ID Number": "16500881"
  },
  {
    "ID Number": "16507452"
  },
  {
    "ID Number": "16513878"
  },
  {
    "ID Number": "16512081"
  },
  {
    "ID Number": "16510011"
  },
  {
    "ID Number": "16504585"
  },
  {
    "ID Number": "16500032"
  },
  {
    "ID Number": "910007"
  },
  {
    "ID Number": "921653"
  },
  {
    "ID Number": "16502558"
  },
  {
    "ID Number": "16512456"
  },
  {
    "ID Number": "16507460"
  },
  {
    "ID Number": "903825"
  },
  {
    "ID Number": "16511050"
  },
  {
    "ID Number": "918792"
  },
  {
    "ID Number": "16507541"
  },
  {
    "ID Number": "16500040"
  },
  {
    "ID Number": "16512855"
  },
  {
    "ID Number": "16500059"
  },
  {
    "ID Number": "16504674"
  },
  {
    "ID Number": "900320"
  },
  {
    "ID Number": "16502221"
  },
  {
    "ID Number": "16508750"
  },
  {
    "ID Number": "16505441"
  },
  {
    "ID Number": "16504143"
  },
  {
    "ID Number": "935069"
  },
  {
    "ID Number": "921033"
  },
  {
    "ID Number": "16503406"
  },
  {
    "ID Number": "16511069"
  },
  {
    "ID Number": "16510852"
  },
  {
    "ID Number": "16503716"
  },
  {
    "ID Number": "16511948"
  },
  {
    "ID Number": "16508041"
  },
  {
    "ID Number": "901385"
  },
  {
    "ID Number": "16503155"
  },
  {
    "ID Number": "942022"
  },
  {
    "ID Number": "16501055"
  },
  {
    "ID Number": "16501586"
  },
  {
    "ID Number": "16506332"
  },
  {
    "ID Number": "933988"
  },
  {
    "ID Number": "16504330"
  },
  {
    "ID Number": "930903"
  },
  {
    "ID Number": "16509455"
  },
  {
    "ID Number": "16506510"
  },
  {
    "ID Number": "16506944"
  },
  {
    "ID Number": "16505379"
  },
  {
    "ID Number": "16505450"
  },
  {
    "ID Number": "16509323"
  },
  {
    "ID Number": "933538"
  },
  {
    "ID Number": "16512936"
  },
  {
    "ID Number": "16501691"
  },
  {
    "ID Number": "920037"
  },
  {
    "ID Number": "16509030"
  },
  {
    "ID Number": "16510240"
  },
  {
    "ID Number": "900575"
  },
  {
    "ID Number": "16500555"
  },
  {
    "ID Number": "936766"
  },
  {
    "ID Number": "16508424"
  },
  {
    "ID Number": "918784"
  },
  {
    "ID Number": "16500369"
  },
  {
    "ID Number": "16509714"
  },
  {
    "ID Number": "16503970"
  },
  {
    "ID Number": "16505514"
  },
  {
    "ID Number": "16507711"
  },
  {
    "ID Number": "16504097"
  },
  {
    "ID Number": "919365"
  },
  {
    "ID Number": "16512120"
  },
  {
    "ID Number": "16502272"
  },
  {
    "ID Number": "16501446"
  },
  {
    "ID Number": "16502922"
  },
  {
    "ID Number": "16512464"
  },
  {
    "ID Number": "16505786"
  },
  {
    "ID Number": "16501624"
  },
  {
    "ID Number": "16501845"
  },
  {
    "ID Number": "16513886"
  },
  {
    "ID Number": "16505395"
  },
  {
    "ID Number": "2071851"
  },
  {
    "ID Number": "939935"
  },
  {
    "ID Number": "16503023"
  },
  {
    "ID Number": "928330"
  },
  {
    "ID Number": "16506464"
  },
  {
    "ID Number": "16505301"
  },
  {
    "ID Number": "900591"
  },
  {
    "ID Number": "908975"
  },
  {
    "ID Number": "16508432"
  },
  {
    "ID Number": "901776"
  },
  {
    "ID Number": "16512022"
  },
  {
    "ID Number": "16500903"
  },
  {
    "ID Number": "925853"
  },
  {
    "ID Number": "16511883"
  },
  {
    "ID Number": "16509331"
  },
  {
    "ID Number": "16505794"
  },
  {
    "ID Number": "4146794"
  },
  {
    "ID Number": "16508203"
  },
  {
    "ID Number": "16507550"
  },
  {
    "ID Number": "16511085"
  },
  {
    "ID Number": "16500920"
  },
  {
    "ID Number": "16509560"
  },
  {
    "ID Number": "16507401"
  },
  {
    "ID Number": "16513894"
  },
  {
    "ID Number": "16506219"
  },
  {
    "ID Number": "900699"
  },
  {
    "ID Number": "16504860"
  },
  {
    "ID Number": "16508351"
  },
  {
    "ID Number": "16512863"
  },
  {
    "ID Number": "16504810"
  },
  {
    "ID Number": "16509544"
  },
  {
    "ID Number": "16510259"
  },
  {
    "ID Number": "944963"
  },
  {
    "ID Number": "16502230"
  },
  {
    "ID Number": "921017"
  },
  {
    "ID Number": "920991"
  },
  {
    "ID Number": "943207"
  },
  {
    "ID Number": "16508742"
  },
  {
    "ID Number": "16508238"
  },
  {
    "ID Number": "16504178"
  },
  {
    "ID Number": "16503414"
  },
  {
    "ID Number": "16507614"
  },
  {
    "ID Number": "16509617"
  },
  {
    "ID Number": "16509463"
  },
  {
    "ID Number": "16506480"
  },
  {
    "ID Number": "16507010"
  },
  {
    "ID Number": "16502248"
  },
  {
    "ID Number": "16506049"
  },
  {
    "ID Number": "16505468"
  },
  {
    "ID Number": "16501713"
  },
  {
    "ID Number": "16507037"
  },
  {
    "ID Number": "919640"
  },
  {
    "ID Number": "16500768"
  },
  {
    "ID Number": "939978"
  },
  {
    "ID Number": "924962"
  },
  {
    "ID Number": "16513452"
  },
  {
    "ID Number": "16510577"
  },
  {
    "ID Number": "16510089"
  },
  {
    "ID Number": "916625"
  },
  {
    "ID Number": "16500148"
  },
  {
    "ID Number": "16511794"
  },
  {
    "ID Number": "4101286"
  },
  {
    "ID Number": "16509773"
  },
  {
    "ID Number": "920355"
  },
  {
    "ID Number": "16509781"
  },
  {
    "ID Number": "936332"
  },
  {
    "ID Number": "936782"
  },
  {
    "ID Number": "16500075"
  },
  {
    "ID Number": "16502850"
  },
  {
    "ID Number": "16503589"
  },
  {
    "ID Number": "942049"
  },
  {
    "ID Number": "14600129"
  },
  {
    "ID Number": "913650"
  },
  {
    "ID Number": "927457"
  },
  {
    "ID Number": "910040"
  },
  {
    "ID Number": "16505921"
  },
  {
    "ID Number": "16512944"
  },
  {
    "ID Number": "16504518"
  },
  {
    "ID Number": "16509625"
  },
  {
    "ID Number": "16510615"
  },
  {
    "ID Number": "906069"
  },
  {
    "ID Number": "16507851"
  },
  {
    "ID Number": "16510828"
  },
  {
    "ID Number": "16500083"
  },
  {
    "ID Number": "16507690"
  },
  {
    "ID Number": "910058"
  },
  {
    "ID Number": "939765"
  },
  {
    "ID Number": "924504"
  },
  {
    "ID Number": "16504941"
  },
  {
    "ID Number": "16507290"
  },
  {
    "ID Number": "16501373"
  },
  {
    "ID Number": "16500512"
  },
  {
    "ID Number": "16500520"
  },
  {
    "ID Number": "16504720"
  },
  {
    "ID Number": "16501926"
  },
  {
    "ID Number": "16501772"
  },
  {
    "ID Number": "925268"
  },
  {
    "ID Number": "16508831"
  },
  {
    "ID Number": "16504291"
  },
  {
    "ID Number": "16503520"
  },
  {
    "ID Number": "16501381"
  },
  {
    "ID Number": "939056"
  },
  {
    "ID Number": "16501020"
  },
  {
    "ID Number": "16512227"
  },
  {
    "ID Number": "900435"
  },
  {
    "ID Number": "16503309"
  },
  {
    "ID Number": "16509528"
  },
  {
    "ID Number": "16507061"
  },
  {
    "ID Number": "16509846"
  },
  {
    "ID Number": "16500938"
  },
  {
    "ID Number": "16503538"
  },
  {
    "ID Number": "16507240"
  },
  {
    "ID Number": "910120"
  },
  {
    "ID Number": "16510100"
  },
  {
    "ID Number": "16507789"
  },
  {
    "ID Number": "16502264"
  },
  {
    "ID Number": "16505409"
  },
  {
    "ID Number": "16509471"
  },
  {
    "ID Number": "910139"
  },
  {
    "ID Number": "16508246"
  },
  {
    "ID Number": "16504950"
  },
  {
    "ID Number": "16509820"
  },
  {
    "ID Number": "901040"
  },
  {
    "ID Number": "16505140"
  },
  {
    "ID Number": "16501497"
  },
  {
    "ID Number": "16503635"
  },
  {
    "ID Number": "16504348"
  },
  {
    "ID Number": "16508556"
  },
  {
    "ID Number": "16501322"
  },
  {
    "ID Number": "16504194"
  },
  {
    "ID Number": "16511476"
  },
  {
    "ID Number": "16506634"
  },
  {
    "ID Number": "16506642"
  },
  {
    "ID Number": "16512871"
  },
  {
    "ID Number": "936537"
  },
  {
    "ID Number": "16505034"
  },
  {
    "ID Number": "16504879"
  },
  {
    "ID Number": "16503694"
  },
  {
    "ID Number": "16508017"
  },
  {
    "ID Number": "16509340"
  },
  {
    "ID Number": "16500440"
  },
  {
    "ID Number": "912956"
  },
  {
    "ID Number": "16513908"
  },
  {
    "ID Number": "16502175"
  },
  {
    "ID Number": "16503317"
  },
  {
    "ID Number": "16503171"
  },
  {
    "ID Number": "16508912"
  },
  {
    "ID Number": "16504500"
  },
  {
    "ID Number": "16503430"
  },
  {
    "ID Number": "16505549"
  },
  {
    "ID Number": "932043"
  },
  {
    "ID Number": "16503180"
  },
  {
    "ID Number": "16504887"
  },
  {
    "ID Number": "16511506"
  },
  {
    "ID Number": "16510178"
  },
  {
    "ID Number": "16510941"
  },
  {
    "ID Number": "16502477"
  },
  {
    "ID Number": "16503490"
  },
  {
    "ID Number": "16509137"
  },
  {
    "ID Number": "933368"
  },
  {
    "ID Number": "909319"
  },
  {
    "ID Number": "16509811"
  },
  {
    "ID Number": "934550"
  },
  {
    "ID Number": "16500393"
  },
  {
    "ID Number": "905810"
  },
  {
    "ID Number": "16508459"
  },
  {
    "ID Number": "16507339"
  },
  {
    "ID Number": "16507720"
  },
  {
    "ID Number": "940011"
  },
  {
    "ID Number": "940020"
  },
  {
    "ID Number": "932078"
  },
  {
    "ID Number": "16501934"
  },
  {
    "ID Number": "16509943"
  },
  {
    "ID Number": "16502949"
  },
  {
    "ID Number": "16508092"
  },
  {
    "ID Number": "16507398"
  },
  {
    "ID Number": "16503325"
  },
  {
    "ID Number": "16512103"
  },
  {
    "ID Number": "16510267"
  },
  {
    "ID Number": "942910"
  },
  {
    "ID Number": "16510801"
  },
  {
    "ID Number": "16510810"
  },
  {
    "ID Number": "16510798"
  },
  {
    "ID Number": "16503546"
  },
  {
    "ID Number": "16505069"
  },
  {
    "ID Number": "16511484"
  },
  {
    "ID Number": "910317"
  },
  {
    "ID Number": "24108600"
  },
  {
    "ID Number": "24166251"
  },
  {
    "ID Number": "16507118"
  },
  {
    "ID Number": "940844"
  },
  {
    "ID Number": "4143256"
  },
  {
    "ID Number": "16510275"
  },
  {
    "ID Number": "16509480"
  },
  {
    "ID Number": "928348"
  },
  {
    "ID Number": "16508815"
  },
  {
    "ID Number": "16503627"
  },
  {
    "ID Number": "16503040"
  },
  {
    "ID Number": "945218"
  },
  {
    "ID Number": "16510836"
  },
  {
    "ID Number": "16505611"
  },
  {
    "ID Number": "16509960"
  },
  {
    "ID Number": "16508734"
  },
  {
    "ID Number": "16503104"
  },
  {
    "ID Number": "921670"
  },
  {
    "ID Number": "16511611"
  },
  {
    "ID Number": "16506081"
  },
  {
    "ID Number": "16511662"
  },
  {
    "ID Number": "930318"
  },
  {
    "ID Number": "16508467"
  },
  {
    "ID Number": "16508920"
  },
  {
    "ID Number": "16502655"
  },
  {
    "ID Number": "931411"
  },
  {
    "ID Number": "16505999"
  },
  {
    "ID Number": "16500814"
  },
  {
    "ID Number": "16508475"
  },
  {
    "ID Number": "16513487"
  },
  {
    "ID Number": "16504968"
  },
  {
    "ID Number": "16508483"
  },
  {
    "ID Number": "16502507"
  },
  {
    "ID Number": "16511956"
  },
  {
    "ID Number": "16507134"
  },
  {
    "ID Number": "16503708"
  },
  {
    "ID Number": "16502310"
  },
  {
    "ID Number": "16502329"
  },
  {
    "ID Number": "16502051"
  },
  {
    "ID Number": "16500610"
  },
  {
    "ID Number": "16505590"
  },
  {
    "ID Number": "16505603"
  },
  {
    "ID Number": "16509110"
  },
  {
    "ID Number": "16509102"
  },
  {
    "ID Number": "16510739"
  },
  {
    "ID Number": "16509080"
  },
  {
    "ID Number": "16504186"
  },
  {
    "ID Number": "16503333"
  },
  {
    "ID Number": "16502426"
  },
  {
    "ID Number": "16508661"
  },
  {
    "ID Number": "16512340"
  },
  {
    "ID Number": "16501799"
  },
  {
    "ID Number": "16502485"
  },
  {
    "ID Number": "939072"
  },
  {
    "ID Number": "941328"
  },
  {
    "ID Number": "16500547"
  },
  {
    "ID Number": "16512472"
  },
  {
    "ID Number": "16500679"
  },
  {
    "ID Number": "16500407"
  },
  {
    "ID Number": "16511867"
  },
  {
    "ID Number": "16504682"
  },
  {
    "ID Number": "16512235"
  },
  {
    "ID Number": "16503341"
  },
  {
    "ID Number": "16500539"
  },
  {
    "ID Number": "16504100"
  },
  {
    "ID Number": "9221250"
  },
  {
    "ID Number": "16510747"
  },
  {
    "ID Number": "16510283"
  },
  {
    "ID Number": "16511620"
  },
  {
    "ID Number": "16504640"
  },
  {
    "ID Number": "942340"
  },
  {
    "ID Number": "16507169"
  },
  {
    "ID Number": "920126"
  },
  {
    "ID Number": "16503449"
  },
  {
    "ID Number": "935360"
  },
  {
    "ID Number": "16511530"
  },
  {
    "ID Number": "934038"
  },
  {
    "ID Number": "16507177"
  },
  {
    "ID Number": "16507509"
  },
  {
    "ID Number": "16507770"
  },
  {
    "ID Number": "16508335"
  },
  {
    "ID Number": "16505166"
  },
  {
    "ID Number": "16501250"
  },
  {
    "ID Number": "16504798"
  },
  {
    "ID Number": "16501870"
  },
  {
    "ID Number": "932620"
  },
  {
    "ID Number": "16509072"
  },
  {
    "ID Number": "16502213"
  },
  {
    "ID Number": "910449"
  },
  {
    "ID Number": "910465"
  },
  {
    "ID Number": "16508491"
  },
  {
    "ID Number": "16504356"
  },
  {
    "ID Number": "16505930"
  },
  {
    "ID Number": "16503864"
  },
  {
    "ID Number": "16501128"
  },
  {
    "ID Number": "901580"
  },
  {
    "ID Number": "14427036"
  },
  {
    "ID Number": "16502000"
  },
  {
    "ID Number": "16504895"
  },
  {
    "ID Number": "16508939"
  },
  {
    "ID Number": "909394"
  },
  {
    "ID Number": "16501500"
  },
  {
    "ID Number": "16504020"
  },
  {
    "ID Number": "16510763"
  },
  {
    "ID Number": "16501560"
  },
  {
    "ID Number": "16510950"
  },
  {
    "ID Number": "16510488"
  },
  {
    "ID Number": "16504283"
  },
  {
    "ID Number": "16501519"
  },
  {
    "ID Number": "16509978"
  },
  {
    "ID Number": "16509633"
  },
  {
    "ID Number": "941808"
  },
  {
    "ID Number": "16509587"
  },
  {
    "ID Number": "16512987"
  },
  {
    "ID Number": "16502590"
  },
  {
    "ID Number": "16509870"
  },
  {
    "ID Number": "16502515"
  },
  {
    "ID Number": "16507258"
  },
  {
    "ID Number": "16511492"
  },
  {
    "ID Number": "16501071"
  },
  {
    "ID Number": "16510135"
  },
  {
    "ID Number": "16505638"
  },
  {
    "ID Number": "942286"
  },
  {
    "ID Number": "16505948"
  },
  {
    "ID Number": "16502817"
  },
  {
    "ID Number": "16512146"
  },
  {
    "ID Number": "16504364"
  },
  {
    "ID Number": "16508670"
  },
  {
    "ID Number": "1300270"
  },
  {
    "ID Number": "16507436"
  },
  {
    "ID Number": "16508297"
  },
  {
    "ID Number": "24105880"
  },
  {
    "ID Number": "16503139"
  },
  {
    "ID Number": "938980"
  },
  {
    "ID Number": "16502442"
  },
  {
    "ID Number": "16512111"
  },
  {
    "ID Number": "943274"
  },
  {
    "ID Number": "16512898"
  },
  {
    "ID Number": "16512030"
  },
  {
    "ID Number": "16510003"
  },
  {
    "ID Number": "24129518"
  },
  {
    "ID Number": "16512138"
  },
  {
    "ID Number": "16505484"
  },
  {
    "ID Number": "16500636"
  },
  {
    "ID Number": "16507223"
  },
  {
    "ID Number": "16509803"
  },
  {
    "ID Number": "16509790"
  },
  {
    "ID Number": "16504488"
  },
  {
    "ID Number": "16505417"
  }
]