ID Number,Name,Fed,Sex,Title,WTit,OTit,FOA,Rating,Gms,K,B-day,Flag
15703720,"Abasimel,Naji Mohammed",ETH,M,,,,1806,AUG25,0,40,1991,i
15702049,"Abay , Fitsum Desta",ETH,M,,,,1984,AUG25,0,40,2000,i
15701964,"Abera , Mekdes Demssie",ETH,F,,,,1626,AUG25,0,20,1997,w
15702413,Abera Reesom Bisrat,ETH,M,,,,1855,AUG25,0,40,1983,i
10801839,"Abera, Aydagnuhem Gezachew",ETH,M,CM,FI,,2096,AUG25,0,20,1986,i
15700542,"Abie, Tilahun Lemma",ETH,M,,,,1863,AUG25,0,20,1975,
15701778,"Abraha , Yared Kalayou",ETH,M,,,,1959,AUG25,0,40,1974,i
15704157,"Abrha,Robel Brhane",ETH,M,,,,2077,AUG25,0,20,2000,i
15700631,"Adebo, Muhaba Detamo",ETH,M,CM,,,1950,AUG25,0,20,1988,i
15701905,"Adem , Mahmud Seid",ETH,M,,,,1773,AUG25,0,40,1998,i
15704327,"Agga , Abey Kifle",ETH,M,,,,1877,AUG25,0,40,1976,i
15702545,Akmel Nesru Beshir,ETH,M,,,,1969,AUG25,0,20,1979,i
15700283,"Alemu Huluka, Aschalech",ETH,F,,,,1622,AUG25,0,40,1978,wi
15700054,"Alemu, Fikreselassie",ETH,M,,,,2067,AUG25,0,40,0,i
15700186,"Alemu, Haregeweyn Abera",ETH,F,,,,1689,AUG25,0,40,1996,wi
15700356,"Altaye, Girum Teklewold",ETH,M,,,,1956,AUG25,0,20,1980,
15704149,"Anjulo,Biruk Fantahun",ETH,M,,,,1878,AUG25,0,40,1995,i
15703738,"Aregay,Feven Dawit",ETH,F,,,,1627,AUG25,0,20,2002,wi
15708144,"Arkew , Seyfe Yihenew",ETH,M,,,,1722,AUG25,0,40,1994,i
15701719,"Aseged,Habtamu sisay",ETH,M,,,,1912,AUG25,0,40,1992,
15702421,"Asnake,Adugna Girma",ETH,M,,NA,,1905,AUG25,0,40,1991,i
15702316,"Assefa , Efrem Mesfin",ETH,M,,,,2001,AUG25,0,40,1985,i
15702286,"Assefu,Yirgalem Addis",ETH,M,,,,1903,AUG25,0,40,1982,
15700755,Aster Gebregiorgis,ETH,F,,,,1604,AUG25,0,40,1994,wi
15707687,"Ayele , Hana Mulugeta",ETH,F,,,,1647,AUG25,0,40,2002,wi
15707598,"Badene , Habtamu Bayu",ETH,M,,,,2043,AUG25,0,20,2003,i
10801820,"Bajje, Endashaw Ashame",ETH,M,,,,1929,AUG25,0,20,1968,i
15702081,"Bantiwalu , Aster Melake",ETH,F,,,,1719,AUG25,0,20,1997,w
15708985,"Bekele , Miki Abdissa",ETH,M,,,,2069,AUG25,0,40,2003,
15700062,"Bekele, Abenet",ETH,M,,,,2200,AUG25,0,40,0,i
2028948,"Belachew, Kebadu M",ETH,M,,,,1939,AUG25,0,40,1966,i
15700046,"Belachew, Yimam Abera",ETH,M,FM,,,2090,AUG25,0,20,1963,i
15701913,"Belay , Mekdes Moges",ETH,F,WCM,WCM,,1516,AUG25,0,40,2000,wi
15708250,"Belayneh , Solomon Gezahegn",ETH,M,,,,1946,AUG25,0,40,1977,i
15700291,"Berhe, Azeb Asmelash",ETH,F,,,,1707,AUG25,0,40,1984,wi
15704254,"Berhe,Milat Tekle",ETH,F,,,,1483,AUG25,0,40,1995,wi
15701107,"Berihe,Adem Tofik",ETH,M,,,,AFM,AUG25,1888,0,2003,i
15700089,"Bezabeh, Zelalem",ETH,M,,,,2038,AUG25,0,40,1965,i
15702170,"Birhanu, Tegegn Mehadem",ETH,M,,,,2038,AUG25,0,40,1968,
15704521,"Bogino , Megersa Gobena",ETH,M,,,,1807,AUG25,0,40,1970,i
15707652,"Bulcha , Petros Olana",ETH,M,,,,1966,AUG25,0,20,2003,
15702057,"Ekubamichal,Kibrom Berhe",ETH,M,,,,1991,AUG25,0,40,2000,i
15704432,"Emana , Amanuel Diriba",ETH,M,,,,1776,AUG25,0,40,1994,i
15701085,"Enquneh, Eyob",ETH,M,,,,1941,AUG25,0,40,1984,i
15708977,"Ermias , Caleb Yared",ETH,M,,,,ACM,AUG25,1560,0,2010,i
15700194,"Eshete , Ruth Leykun",ETH,F,,,,1633,AUG25,0,20,1994,wi
15700321,"Eshetu, Bizuayehu Haile",ETH,M,,,,1935,AUG25,0,40,1983,i
15707695,"Fekede , Dagim Tiruneh",ETH,M,,,,1794,AUG25,0,40,2004,i
15704661,"Gebenom , Baraki Muez",ETH,M,,,,1844,AUG25,0,40,1999,
15704190,"Gebratsadik , Merhawit Brhane",ETH,F,,,,1606,AUG25,0,20,1999,wi
15704270,"Gebregiorgis , Habtamu Gebremedhin",ETH,M,,,,1900,AUG25,0,20,1990,i
15700119,"Gebregziabher, Berhane Gebremichael",ETH,M,CM,,,1983,AUG25,0,20,1968,i
15704459,"Gebremariam , Temesgen Haileslassie",ETH,M,,,,1981,AUG25,0,40,1978,i
15704203,"Gebremariam,Tewolde Gebreamlak",ETH,M,,,,1795,AUG25,0,40,1987,i
15702928,"Gebremedhin,Tsigabu Asay",ETH,M,,,,1943,AUG25,0,40,1994,i
15702278,"Gebremichael , Dagnachew Mengistu",ETH,M,,,,1785,AUG25,0,40,1984,i
15702090,"Geleta,Teshome Bekele",ETH,M,,,,1810,AUG25,0,40,1974,i
15710530,"Gerawerk , Abraham Betrearon",ETH,M,,,,1789,AUG25,0,40,2008,i
15700267,"Getachew, Michael",ETH,M,,,,1943,AUG25,0,40,1982,i
15711153,Gezahagn Girmay Gebrewahid,ETH,M,,,,1839,AUG25,0,40,1999,i
15700739,"Ghebrehiwet , Haftom Ghebremedhn",ETH,M,CM,,,1921,AUG25,0,20,1982,i
15704483,"Ghebrehiwet , Hannil Ghebremedhn",ETH,M,,,,1965,AUG25,0,40,2000,i
15702618,"Gidey , Berhane Tilahun",ETH,M,,,,1781,AUG25,0,40,1947,i
10801804,"Girmay, Feven Gebremeskel",ETH,F,WCM,WCM,,1650,AUG25,0,20,1996,wi
10801812,"Girmay, Fiyori Gebremeskel",ETH,F,,,,1542,AUG25,0,40,1996,wi
15702847,"Gole,Habtamu Ashenafi",ETH,M,,,,2029,AUG25,0,20,1995,i
15708500,"Gurara , Samrawit Girma",ETH,F,,,,1662,AUG25,0,40,2002,wi
15708357,"Haile , Abrham Gebre",ETH,M,,,,1688,AUG25,0,40,1968,i
15702073,"Haile , Lidet Abate",ETH,F,,,,1844,AUG25,0,20,1996,w
15708853,"Haile , Temesgen Girma",ETH,M,,,,1692,AUG25,0,40,1986,
15707954,"Haile , Yohannes Sharew",ETH,M,,,,1768,AUG25,0,40,1997,
15704017,"Hailemariam,Yidnekachew Mesfin",ETH,M,,,,1981,AUG25,0,40,1995,i
15701735,"Hailu , Melese Gidey",ETH,M,,,,1998,AUG25,0,40,1993,i
15700011,"Hailu, Wossenyelew",ETH,M,,,,2150,AUG25,0,40,0,i
15700020,"Haite Giorgis, Shewaseged",ETH,M,,,,2200,AUG25,0,40,0,i
15708195,"Ismael , Adil Fethi",ETH,M,,,,1661,AUG25,0,40,2002,i
15708209,"Ismael , Muluka Fethi",ETH,F,,,,1761,AUG25,0,40,2006,wi
15704009,"Jada,Abenezer Shiferaw",ETH,M,,,,1833,AUG25,0,40,1989,i
15702804,"Janka,Abraham Zewdie",ETH,M,,,,1941,AUG25,0,40,1990,
15700070,"Jimma , Desalegn Fekadu",ETH,M,CM,,,2042,AUG25,0,20,1976,
15701697,"Kahsay, Solomon Gebremedhin",ETH,M,,,,1923,AUG25,0,40,1989,i
15707601,"Kebede , Biniyam Aklilu",ETH,M,,,,1885,AUG25,0,40,2004,i
15708063,"Kebede , Yoseph Kifle",ETH,M,,,,2110,AUG25,0,20,2002,
15704084,"Kebede,Zelalem Tilahun",ETH,M,,,,1814,AUG25,0,40,1980,
15704173,"Kenea,Endale Mekonnen",ETH,M,,,,1876,AUG25,0,20,1963,i
15702308,"Keno,Mesfin Dhufere",ETH,M,,,,1977,AUG25,0,40,1982,i
15707776,"Lema , Bitaniya Ermiyas",ETH,F,,,,1590,AUG25,0,40,2003,wi
15711269,Mamo Hanawi Kassahun,ETH,F,,,,1436,AUG25,0,40,2008,wi
15704467,"Mekonen , Selemawit Kidanemaryam",ETH,F,,,,1534,AUG25,0,20,1994,wi
15707725,"Mekonnen , Selemawit Sileshi",ETH,F,,,,1612,AUG25,0,40,2005,wi
15707490,"Melebo , Netsanet Lukas",ETH,F,,,,1609,AUG25,0,40,2001,wi
15702332,"Melebo,Yenenesh Lukas",ETH,F,,,,1644,AUG25,0,20,1997,wi
15700305,"Menassie Zeleke, Azeb",ETH,F,,,,1619,AUG25,0,40,1981,wi
15700097,"Mesfin, Leykun",ETH,M,FM,,,2136,AUG25,0,20,1976,
15701662,"Moges,Flower Habtu",ETH,M,,,,1960,AUG25,0,20,1993,
15700232,"Mulugeta, Ashenafi",ETH,M,,,,1945,AUG25,0,40,1987,i
15709507,"Mussa , Jemal Adem",ETH,M,,,,1815,AUG25,0,40,1981,i
15708306,"Nega , Eyob Adisa",ETH,M,,,,1702,AUG25,0,40,2003,i
15707644,"Nega , Yabsira Zerihun",ETH,F,,,,1557,AUG25,0,40,2003,wi
15708020,"Negi , Henok Tadesse",ETH,M,,,,1800,AUG25,0,40,1996,
15704262,"Nurye, Haimanot Asefa",ETH,M,,,,1740,AUG25,0,40,1979,i
15701050,"Reda,Tofik Berhe",ETH,M,,FI,,1836,AUG25,0,40,1970,i
15708373,"Regassa , Hunde Eba",ETH,M,,,,1804,AUG25,0,40,1994,i
15700712,Remel Ramirez,ETH,M,,,,1973,AUG25,0,40,1984,i
15707660,"Sahle , Kalkidan Shewarega",ETH,F,,,,1534,AUG25,0,40,2001,wi
15702502,Samrawit Alemayehu Kebede,ETH,M,,,,1427,AUG25,0,40,1997,i
15702324,"Seifu,Daniel Fekade",ETH,M,,,,1965,AUG25,0,40,1976,i
15701824,"Semere , Nega Agegnehu",ETH,M,,,,1882,AUG25,0,40,1970,i
15707873,"Sheferaw , Eyob Alemu",ETH,M,,,,1872,AUG25,0,40,2002,i
15709051,"Shiferaw , Leul Abiy",ETH,M,,,,1857,AUG25,0,40,1998,i
15700470,"Shiferaw, Yalemzewde Mekonnen",ETH,M,,NI,,2002,AUG25,0,20,1989,
15708233,"Soresa , Zelalem Masresha",ETH,M,,,,1778,AUG25,0,40,1997,
15700330,"Tadese, Estube Haileselassie",ETH,M,CM,,,2097,AUG25,0,20,1991,i
15702146,"Tadesse, Sisay Temesgen",ETH,M,,,,1925,AUG25,0,40,1987,i
15700950,"Tafesse,Yohaness Tesfay",ETH,M,,,,1954,AUG25,0,40,1986,i
15700143,"Taffese, Abebaw Kebede",ETH,M,,,,1921,AUG25,0,40,1965,
15700488,"Tawey,Yosef Bereded",ETH,M,,,,1917,AUG25,0,40,1992,i
15704530,"Tefera , Zenebe Tadesse",ETH,M,,,,1714,AUG25,0,40,1987,i
15711129,Teka Yehaysh Araya,ETH,F,,,,1868,AUG25,0,40,1996,wi
15700704,Teklay Teshager,ETH,M,,,,1924,AUG25,0,40,1981,i
15701611,"Tekle, Solomon Mekonnen",ETH,M,,,,1753,AUG25,0,40,1982,i
15702120,"Teklegiorgis , Henok Yosef",ETH,M,,,,1857,AUG25,0,40,1986,i
15704165,"Teklehaymanot , Friat Mekonen",ETH,M,,,,1787,AUG25,0,40,1996,
15700690,"Teklemariam, Hailay Mezgebo",ETH,M,,,,1780,AUG25,0,40,1980,i
15702758,"Tekulu,Masho Beyene",ETH,F,,,,1642,AUG25,0,20,1999,wi
15704491,"Temam , Abel Seifu",ETH,M,,,,1840,AUG25,0,40,1996,
15702510,"Temesgen , Sewalem Wondimeneh",ETH,F,,,,1617,AUG25,0,40,2000,wi
15701646,"Terefe,Melkamu Sewunet",ETH,M,,,,1904,AUG25,0,20,1984,
15702448,"Teshome , Wubrist Bekele",ETH,F,,,,1596,AUG25,0,40,2002,w
15704181,"Teweldemedhn,Mekdes Teklay",ETH,F,,,,1635,AUG25,0,40,2006,w
15702391,"Tilahun , Abel Mathewos",ETH,M,CM,FI,,1944,AUG25,0,20,1989,
15702910,"Tilahun , Kidus Mathewos",ETH,M,,,,1888,AUG25,0,40,1991,i
15704033,"Tilahun,Daniel Tibebu",ETH,M,,,,1812,AUG25,0,40,1996,i
15702405,"Tolu, Behailu Workneh",ETH,M,,,,1960,AUG25,0,20,1991,i
15700160,"Tsige, Addisalem Temesgen",ETH,M,,,,2060,AUG25,0,20,1981,
15701930,Tsigereda Derso Engda,ETH,M,,,,1505,AUG25,0,40,2000,i
15700208,"Tulu, Tigist Legesse",ETH,F,,,,1644,AUG25,0,40,1994,wi
15701794,"Weldeamanuel, Bekele Teshome",ETH,M,,,,1739,AUG25,0,40,1964,i
15700313,"Weldegebriel , Israel Tekeste",ETH,F,,,,1650,AUG25,0,20,1988,wi
15701743,"Weldegergs , Shushay Gebrezher",ETH,M,,,,1984,AUG25,0,40,1983,i
15700224,"Weldemariam , Debesay Yohanes",ETH,M,,,,1997,AUG25,0,40,1971,i
15704475,"Welearegay , Roza Mehari",ETH,F,,,,1497,AUG25,0,40,1999,wi
15704025,"Woldeselassie,Ermias Teklemariam",ETH,M,,,,1771,AUG25,0,40,1985,
15701786,"Woldeyes , Adnew Mesfin",ETH,M,,,,1746,AUG25,0,40,1970,i
15700135,"Woldeyes, Mekitew Molla",ETH,M,,,,1993,AUG25,0,40,1966,i
15700038,"Wondimu, Dawit",ETH,M,,,,2200,AUG25,0,40,0,i
15700526,"Workneh,Damte Demeke",ETH,M,,,,1869,AUG25,0,40,1966,i
15704513,"Worku , Abeselom Gobeze",ETH,M,,,,1650,AUG25,0,40,2003,i
15708420,"Yemane , Zeslassie Teklehaymanot",ETH,M,,,,1803,AUG25,0,40,1996,i
15700534,"Yirga , Nigussie Mitiku",ETH,M,,,,1972,AUG25,0,20,1986,i
15708381,"Zeleke , Amanuel Tadesse",ETH,M,,,,1822,AUG25,0,40,1993,i
15707857,"Zenebe , Maraki Endryas",ETH,M,,,,1949,AUG25,0,40,2002,i
15710289,"Zeru , Yohanes Muluken",ETH,M,,,,1752,AUG25,0,40,1994,i
15707504,"Zewde , Engidawerk Zerihun",ETH,F,,,,1549,AUG25,0,40,2001,wi
15702227,"Zewde, Serkalem Zerihun",ETH,F,,,,1482,AUG25,0,40,1988,wi