[
  {
    "ID Number": "13804472"
  },
  {
    "ID Number": "13824554"
  },
  {
    "ID Number": "13854690"
  },
  {
    "ID Number": "13853139"
  },
  {
    "ID Number": "13840460"
  },
  {
    "ID Number": "13834738"
  },
  {
    "ID Number": "13845179"
  },
  {
    "ID Number": "13811991"
  },
  {
    "ID Number": "13816179"
  },
  {
    "ID Number": "13805819"
  },
  {
    "ID Number": "13804413"
  },
  {
    "ID Number": "13836633"
  },
  {
    "ID Number": "13802364"
  },
  {
    "ID Number": "13824295"
  },
  {
    "ID Number": "13823469"
  },
  {
    "ID Number": "13847589"
  },
  {
    "ID Number": "13821385"
  },
  {
    "ID Number": "13800256"
  },
  {
    "ID Number": "13814044"
  },
  {
    "ID Number": "13807374"
  },
  {
    "ID Number": "13802925"
  },
  {
    "ID Number": "13843575"
  },
  {
    "ID Number": "13814559"
  },
  {
    "ID Number": "13820672"
  },
  {
    "ID Number": "13820680"
  },
  {
    "ID Number": "13830066"
  },
  {
    "ID Number": "13838083"
  },
  {
    "ID Number": "13806840"
  },
  {
    "ID Number": "13840207"
  },
  {
    "ID Number": "13803476"
  },
  {
    "ID Number": "13818007"
  },
  {
    "ID Number": "13806220"
  },
  {
    "ID Number": "13804669"
  },
  {
    "ID Number": "13824597"
  },
  {
    "ID Number": "13820702"
  },
  {
    "ID Number": "13852388"
  },
  {
    "ID Number": "13803700"
  },
  {
    "ID Number": "13833227"
  },
  {
    "ID Number": "13800337"
  },
  {
    "ID Number": "13800361"
  },
  {
    "ID Number": "13803395"
  },
  {
    "ID Number": "13809784"
  },
  {
    "ID Number": "13805770"
  },
  {
    "ID Number": "13800973"
  },
  {
    "ID Number": "13818708"
  },
  {
    "ID Number": "13812009"
  },
  {
    "ID Number": "13812017"
  },
  {
    "ID Number": "13818716"
  },
  {
    "ID Number": "13840991"
  },
  {
    "ID Number": "13803263"
  },
  {
    "ID Number": "13840070"
  },
  {
    "ID Number": "13823485"
  },
  {
    "ID Number": "13806424"
  },
  {
    "ID Number": "13824589"
  },
  {
    "ID Number": "13809571"
  },
  {
    "ID Number": "13833235"
  },
  {
    "ID Number": "13844482"
  },
  {
    "ID Number": "13817728"
  },
  {
    "ID Number": "13832824"
  },
  {
    "ID Number": "13839195"
  },
  {
    "ID Number": "13817540"
  },
  {
    "ID Number": "13840215"
  },
  {
    "ID Number": "13840509"
  },
  {
    "ID Number": "13840088"
  },
  {
    "ID Number": "13832832"
  },
  {
    "ID Number": "13802372"
  },
  {
    "ID Number": "13851128"
  },
  {
    "ID Number": "13809660"
  },
  {
    "ID Number": "13814257"
  },
  {
    "ID Number": "13806343"
  },
  {
    "ID Number": "13800663"
  },
  {
    "ID Number": "13832522"
  },
  {
    "ID Number": "13800264"
  },
  {
    "ID Number": "13838539"
  },
  {
    "ID Number": "13806882"
  },
  {
    "ID Number": "13842803"
  },
  {
    "ID Number": "13841300"
  },
  {
    "ID Number": "13801600"
  },
  {
    "ID Number": "13813668"
  },
  {
    "ID Number": "13809210"
  },
  {
    "ID Number": "13827022"
  },
  {
    "ID Number": "13813471"
  },
  {
    "ID Number": "13808095"
  },
  {
    "ID Number": "13800353"
  },
  {
    "ID Number": "13828827"
  },
  {
    "ID Number": "13811231"
  },
  {
    "ID Number": "13833243"
  },
  {
    "ID Number": "13802380"
  },
  {
    "ID Number": "13800990"
  },
  {
    "ID Number": "13813250"
  },
  {
    "ID Number": "13826921"
  },
  {
    "ID Number": "13841688"
  },
  {
    "ID Number": "13836196"
  },
  {
    "ID Number": "13848798"
  },
  {
    "ID Number": "13806181"
  },
  {
    "ID Number": "13845039"
  },
  {
    "ID Number": "13850830"
  },
  {
    "ID Number": "13807170"
  },
  {
    "ID Number": "13802909"
  },
  {
    "ID Number": "13851187"
  },
  {
    "ID Number": "13813544"
  },
  {
    "ID Number": "13844830"
  },
  {
    "ID Number": "13804090"
  },
  {
    "ID Number": "13822250"
  },
  {
    "ID Number": "13830279"
  },
  {
    "ID Number": "13847546"
  },
  {
    "ID Number": "13829947"
  },
  {
    "ID Number": "13807676"
  },
  {
    "ID Number": "13801899"
  },
  {
    "ID Number": "13702670"
  },
  {
    "ID Number": "13807765"
  },
  {
    "ID Number": "13800043"
  },
  {
    "ID Number": "13819372"
  },
  {
    "ID Number": "13836200"
  },
  {
    "ID Number": "13856162"
  },
  {
    "ID Number": "13833499"
  },
  {
    "ID Number": "13804693"
  },
  {
    "ID Number": "13808796"
  },
  {
    "ID Number": "13807773"
  },
  {
    "ID Number": "13823493"
  },
  {
    "ID Number": "13803751"
  },
  {
    "ID Number": "13834100"
  },
  {
    "ID Number": "13806360"
  },
  {
    "ID Number": "13818732"
  },
  {
    "ID Number": "13808931"
  },
  {
    "ID Number": "13810456"
  },
  {
    "ID Number": "13804154"
  },
  {
    "ID Number": "13828207"
  },
  {
    "ID Number": "13804162"
  },
  {
    "ID Number": "13805657"
  },
  {
    "ID Number": "13833251"
  },
  {
    "ID Number": "13849948"
  },
  {
    "ID Number": "13800191"
  },
  {
    "ID Number": "13801007"
  },
  {
    "ID Number": "13827839"
  },
  {
    "ID Number": "13816993"
  },
  {
    "ID Number": "13814524"
  },
  {
    "ID Number": "13819968"
  },
  {
    "ID Number": "13802585"
  },
  {
    "ID Number": "13823361"
  },
  {
    "ID Number": "13800167"
  },
  {
    "ID Number": "13816926"
  },
  {
    "ID Number": "13848305"
  },
  {
    "ID Number": "13825437"
  },
  {
    "ID Number": "13834304"
  },
  {
    "ID Number": "13808621"
  },
  {
    "ID Number": "13841319"
  },
  {
    "ID Number": "13846035"
  },
  {
    "ID Number": "13845454"
  },
  {
    "ID Number": "13840452"
  },
  {
    "ID Number": "13801228"
  },
  {
    "ID Number": "13800370"
  },
  {
    "ID Number": "13811240"
  },
  {
    "ID Number": "13802984"
  },
  {
    "ID Number": "13813480"
  },
  {
    "ID Number": "13823655"
  },
  {
    "ID Number": "13827120"
  },
  {
    "ID Number": "13809776"
  },
  {
    "ID Number": "13836218"
  },
  {
    "ID Number": "13804731"
  },
  {
    "ID Number": "13856146"
  },
  {
    "ID Number": "13807803"
  },
  {
    "ID Number": "13804138"
  },
  {
    "ID Number": "13807196"
  },
  {
    "ID Number": "13802399"
  },
  {
    "ID Number": "13806084"
  },
  {
    "ID Number": "13836030"
  },
  {
    "ID Number": "13800418"
  },
  {
    "ID Number": "13841661"
  },
  {
    "ID Number": "13836722"
  },
  {
    "ID Number": "13851519"
  },
  {
    "ID Number": "13811789"
  },
  {
    "ID Number": "13808770"
  },
  {
    "ID Number": "13808761"
  },
  {
    "ID Number": "13805150"
  },
  {
    "ID Number": "13845861"
  },
  {
    "ID Number": "13801970"
  },
  {
    "ID Number": "13821032"
  },
  {
    "ID Number": "13818090"
  },
  {
    "ID Number": "13818082"
  },
  {
    "ID Number": "13818104"
  },
  {
    "ID Number": "13818112"
  },
  {
    "ID Number": "13816934"
  },
  {
    "ID Number": "13816888"
  },
  {
    "ID Number": "13833529"
  },
  {
    "ID Number": "13819976"
  },
  {
    "ID Number": "13815962"
  },
  {
    "ID Number": "13829637"
  },
  {
    "ID Number": "13848674"
  },
  {
    "ID Number": "13800841"
  },
  {
    "ID Number": "13831402"
  },
  {
    "ID Number": "13842617"
  },
  {
    "ID Number": "13808885"
  },
  {
    "ID Number": "13808842"
  },
  {
    "ID Number": "13826263"
  },
  {
    "ID Number": "13841327"
  },
  {
    "ID Number": "13826603"
  },
  {
    "ID Number": "13819194"
  },
  {
    "ID Number": "13809598"
  },
  {
    "ID Number": "13812467"
  },
  {
    "ID Number": "13813404"
  },
  {
    "ID Number": "13832425"
  },
  {
    "ID Number": "13830112"
  },
  {
    "ID Number": "13814621"
  },
  {
    "ID Number": "13832840"
  },
  {
    "ID Number": "13800850"
  },
  {
    "ID Number": "13826050"
  },
  {
    "ID Number": "13832530"
  },
  {
    "ID Number": "13815024"
  },
  {
    "ID Number": "13850547"
  },
  {
    "ID Number": "13838369"
  },
  {
    "ID Number": "13807560"
  },
  {
    "ID Number": "13848917"
  },
  {
    "ID Number": "13801694"
  },
  {
    "ID Number": "13802127"
  },
  {
    "ID Number": "13802135"
  },
  {
    "ID Number": "13803387"
  },
  {
    "ID Number": "13826468"
  },
  {
    "ID Number": "13816942"
  },
  {
    "ID Number": "13823507"
  },
  {
    "ID Number": "13828851"
  },
  {
    "ID Number": "13834320"
  },
  {
    "ID Number": "13816063"
  },
  {
    "ID Number": "13835483"
  },
  {
    "ID Number": "13842927"
  },
  {
    "ID Number": "13828959"
  },
  {
    "ID Number": "13832557"
  },
  {
    "ID Number": "13835041"
  },
  {
    "ID Number": "13847562"
  },
  {
    "ID Number": "13841335"
  },
  {
    "ID Number": "13802801"
  },
  {
    "ID Number": "13854658"
  },
  {
    "ID Number": "13835726"
  },
  {
    "ID Number": "13816870"
  },
  {
    "ID Number": "13832433"
  },
  {
    "ID Number": "13803670"
  },
  {
    "ID Number": "13840223"
  },
  {
    "ID Number": "13801708"
  },
  {
    "ID Number": "13832719"
  },
  {
    "ID Number": "13845888"
  },
  {
    "ID Number": "13814346"
  },
  {
    "ID Number": "13823035"
  },
  {
    "ID Number": "13821059"
  },
  {
    "ID Number": "13822640"
  },
  {
    "ID Number": "13817426"
  },
  {
    "ID Number": "13823043"
  },
  {
    "ID Number": "13804189"
  },
  {
    "ID Number": "13817876"
  },
  {
    "ID Number": "13838130"
  },
  {
    "ID Number": "13823515"
  },
  {
    "ID Number": "13814354"
  },
  {
    "ID Number": "13832441"
  },
  {
    "ID Number": "13852914"
  },
  {
    "ID Number": "13815032"
  },
  {
    "ID Number": "13832999"
  },
  {
    "ID Number": "13850881"
  },
  {
    "ID Number": "13856022"
  },
  {
    "ID Number": "13835475"
  },
  {
    "ID Number": "13803468"
  },
  {
    "ID Number": "13803158"
  },
  {
    "ID Number": "13835270"
  },
  {
    "ID Number": "13846760"
  },
  {
    "ID Number": "13801236"
  },
  {
    "ID Number": "13819909"
  },
  {
    "ID Number": "381043108"
  },
  {
    "ID Number": "13816071"
  },
  {
    "ID Number": "7817070"
  },
  {
    "ID Number": "13826271"
  },
  {
    "ID Number": "13849697"
  },
  {
    "ID Number": "13845691"
  },
  {
    "ID Number": "13833006"
  },
  {
    "ID Number": "13849417"
  },
  {
    "ID Number": "13802640"
  },
  {
    "ID Number": "13823965"
  },
  {
    "ID Number": "13800442"
  },
  {
    "ID Number": "13852604"
  },
  {
    "ID Number": "13840592"
  },
  {
    "ID Number": "13829807"
  },
  {
    "ID Number": "13841009"
  },
  {
    "ID Number": "13818783"
  },
  {
    "ID Number": "13850890"
  },
  {
    "ID Number": "13857614"
  },
  {
    "ID Number": "13818155"
  },
  {
    "ID Number": "13829734"
  },
  {
    "ID Number": "13810812"
  },
  {
    "ID Number": "13803409"
  },
  {
    "ID Number": "13802780"
  },
  {
    "ID Number": "13823078"
  },
  {
    "ID Number": "13813978"
  },
  {
    "ID Number": "13807030"
  },
  {
    "ID Number": "13830074"
  },
  {
    "ID Number": "13836226"
  },
  {
    "ID Number": "13803689"
  },
  {
    "ID Number": "13836773"
  },
  {
    "ID Number": "13839403"
  },
  {
    "ID Number": "13835904"
  },
  {
    "ID Number": "13832263"
  },
  {
    "ID Number": "13802470"
  },
  {
    "ID Number": "13806378"
  },
  {
    "ID Number": "13832670"
  },
  {
    "ID Number": "13846361"
  },
  {
    "ID Number": "13803298"
  },
  {
    "ID Number": "13804529"
  },
  {
    "ID Number": "13817604"
  },
  {
    "ID Number": "13813986"
  },
  {
    "ID Number": "13801244"
  },
  {
    "ID Number": "13833820"
  },
  {
    "ID Number": "13808737"
  },
  {
    "ID Number": "13815075"
  },
  {
    "ID Number": "13813994"
  },
  {
    "ID Number": "13814273"
  },
  {
    "ID Number": "13845993"
  },
  {
    "ID Number": "13825143"
  },
  {
    "ID Number": "13805886"
  },
  {
    "ID Number": "13826077"
  },
  {
    "ID Number": "13835920"
  },
  {
    "ID Number": "13839411"
  },
  {
    "ID Number": "13835289"
  },
  {
    "ID Number": "13845241"
  },
  {
    "ID Number": "13845250"
  },
  {
    "ID Number": "13819704"
  },
  {
    "ID Number": "13842005"
  },
  {
    "ID Number": "13840231"
  },
  {
    "ID Number": "13836234"
  },
  {
    "ID Number": "13803573"
  },
  {
    "ID Number": "13800736"
  },
  {
    "ID Number": "13800680"
  },
  {
    "ID Number": "13824686"
  },
  {
    "ID Number": "13803727"
  },
  {
    "ID Number": "13832859"
  },
  {
    "ID Number": "13835491"
  },
  {
    "ID Number": "13836250"
  },
  {
    "ID Number": "13845900"
  },
  {
    "ID Number": "13818546"
  },
  {
    "ID Number": "13805800"
  },
  {
    "ID Number": "13844601"
  },
  {
    "ID Number": "13821130"
  },
  {
    "ID Number": "13833278"
  },
  {
    "ID Number": "13800388"
  },
  {
    "ID Number": "13804634"
  },
  {
    "ID Number": "13836269"
  },
  {
    "ID Number": "13855743"
  },
  {
    "ID Number": "13849166"
  },
  {
    "ID Number": "13813838"
  },
  {
    "ID Number": "13813331"
  },
  {
    "ID Number": "13844989"
  },
  {
    "ID Number": "13845390"
  },
  {
    "ID Number": "13806777"
  },
  {
    "ID Number": "13814362"
  },
  {
    "ID Number": "13815164"
  },
  {
    "ID Number": "13821555"
  },
  {
    "ID Number": "13834347"
  },
  {
    "ID Number": "13845489"
  },
  {
    "ID Number": "13824562"
  },
  {
    "ID Number": "13819259"
  },
  {
    "ID Number": "13820788"
  },
  {
    "ID Number": "13806947"
  },
  {
    "ID Number": "13800051"
  },
  {
    "ID Number": "13847279"
  },
  {
    "ID Number": "13833286"
  },
  {
    "ID Number": "13800086"
  },
  {
    "ID Number": "13811657"
  },
  {
    "ID Number": "13815890"
  },
  {
    "ID Number": "13834436"
  },
  {
    "ID Number": "13833294"
  },
  {
    "ID Number": "13838172"
  },
  {
    "ID Number": "13817078"
  },
  {
    "ID Number": "13829777"
  },
  {
    "ID Number": "13827685"
  },
  {
    "ID Number": "13835297"
  },
  {
    "ID Number": "13854135"
  },
  {
    "ID Number": "13802828"
  },
  {
    "ID Number": "13811274"
  },
  {
    "ID Number": "13801660"
  },
  {
    "ID Number": "13806157"
  },
  {
    "ID Number": "13830325"
  },
  {
    "ID Number": "13827898"
  },
  {
    "ID Number": "13808079"
  },
  {
    "ID Number": "13827987"
  },
  {
    "ID Number": "13802542"
  },
  {
    "ID Number": "13800710"
  },
  {
    "ID Number": "13803638"
  },
  {
    "ID Number": "13802402"
  },
  {
    "ID Number": "13800868"
  },
  {
    "ID Number": "13839152"
  },
  {
    "ID Number": "13813129"
  },
  {
    "ID Number": "13806556"
  },
  {
    "ID Number": "13844695"
  },
  {
    "ID Number": "13840401"
  },
  {
    "ID Number": "13831909"
  },
  {
    "ID Number": "13855050"
  },
  {
    "ID Number": "13802550"
  },
  {
    "ID Number": "13848089"
  },
  {
    "ID Number": "13803646"
  },
  {
    "ID Number": "13834355"
  },
  {
    "ID Number": "13828550"
  },
  {
    "ID Number": "13804219"
  },
  {
    "ID Number": "13803026"
  },
  {
    "ID Number": "13834681"
  },
  {
    "ID Number": "13841980"
  },
  {
    "ID Number": "13840746"
  },
  {
    "ID Number": "13802577"
  },
  {
    "ID Number": "146241813"
  },
  {
    "ID Number": "13839390"
  },
  {
    "ID Number": "13850318"
  },
  {
    "ID Number": "13814427"
  },
  {
    "ID Number": "13800671"
  },
  {
    "ID Number": "13804227"
  },
  {
    "ID Number": "13831917"
  },
  {
    "ID Number": "13835793"
  },
  {
    "ID Number": "13832395"
  },
  {
    "ID Number": "13805401"
  },
  {
    "ID Number": "13832867"
  },
  {
    "ID Number": "13802496"
  },
  {
    "ID Number": "13800655"
  },
  {
    "ID Number": "13828967"
  },
  {
    "ID Number": "13823388"
  },
  {
    "ID Number": "13823523"
  },
  {
    "ID Number": "13802259"
  },
  {
    "ID Number": "13803069"
  },
  {
    "ID Number": "13807463"
  },
  {
    "ID Number": "13845918"
  },
  {
    "ID Number": "13849905"
  },
  {
    "ID Number": "13823256"
  },
  {
    "ID Number": "13855972"
  },
  {
    "ID Number": "13845802"
  },
  {
    "ID Number": "13822551"
  },
  {
    "ID Number": "13839365"
  },
  {
    "ID Number": "13804715"
  },
  {
    "ID Number": "13830724"
  },
  {
    "ID Number": "13853236"
  },
  {
    "ID Number": "13830732"
  },
  {
    "ID Number": "13840177"
  },
  {
    "ID Number": "13846922"
  },
  {
    "ID Number": "13803654"
  },
  {
    "ID Number": "13830350"
  },
  {
    "ID Number": "13835300"
  },
  {
    "ID Number": "13814370"
  },
  {
    "ID Number": "13836870"
  },
  {
    "ID Number": "13811304"
  },
  {
    "ID Number": "13833308"
  },
  {
    "ID Number": "13822292"
  },
  {
    "ID Number": "13803883"
  },
  {
    "ID Number": "13836285"
  },
  {
    "ID Number": "13814281"
  },
  {
    "ID Number": "13814443"
  },
  {
    "ID Number": "13801287"
  },
  {
    "ID Number": "13848003"
  },
  {
    "ID Number": "13807544"
  },
  {
    "ID Number": "13817620"
  },
  {
    "ID Number": "13807234"
  },
  {
    "ID Number": "13851764"
  },
  {
    "ID Number": "13834690"
  },
  {
    "ID Number": "13802410"
  },
  {
    "ID Number": "13804235"
  },
  {
    "ID Number": "13804243"
  },
  {
    "ID Number": "13836048"
  },
  {
    "ID Number": "13834770"
  },
  {
    "ID Number": "13851020"
  },
  {
    "ID Number": "13811967"
  },
  {
    "ID Number": "13826964"
  },
  {
    "ID Number": "13806688"
  },
  {
    "ID Number": "13838750"
  },
  {
    "ID Number": "13838679"
  },
  {
    "ID Number": "13808516"
  },
  {
    "ID Number": "13816012"
  },
  {
    "ID Number": "13801716"
  },
  {
    "ID Number": "13819267"
  },
  {
    "ID Number": "13815822"
  },
  {
    "ID Number": "13803328"
  },
  {
    "ID Number": "13804537"
  },
  {
    "ID Number": "13801058"
  },
  {
    "ID Number": "13837176"
  },
  {
    "ID Number": "13852574"
  },
  {
    "ID Number": "13807536"
  },
  {
    "ID Number": "13829181"
  },
  {
    "ID Number": "13847724"
  },
  {
    "ID Number": "13847376"
  },
  {
    "ID Number": "13838547"
  },
  {
    "ID Number": "13847678"
  },
  {
    "ID Number": "13850962"
  },
  {
    "ID Number": "13801180"
  },
  {
    "ID Number": "13816772"
  },
  {
    "ID Number": "13810901"
  },
  {
    "ID Number": "13822241"
  },
  {
    "ID Number": "13807684"
  },
  {
    "ID Number": "13803336"
  },
  {
    "ID Number": "13831569"
  },
  {
    "ID Number": "13801295"
  },
  {
    "ID Number": "13802968"
  },
  {
    "ID Number": "13826972"
  },
  {
    "ID Number": "13803760"
  },
  {
    "ID Number": "13849891"
  },
  {
    "ID Number": "13817736"
  },
  {
    "ID Number": "13828592"
  },
  {
    "ID Number": "13851047"
  },
  {
    "ID Number": "14200287"
  },
  {
    "ID Number": "13801554"
  },
  {
    "ID Number": "13804553"
  },
  {
    "ID Number": "13838377"
  },
  {
    "ID Number": "13840754"
  },
  {
    "ID Number": "13800884"
  },
  {
    "ID Number": "13801309"
  },
  {
    "ID Number": "13835750"
  },
  {
    "ID Number": "13841998"
  },
  {
    "ID Number": "13811312"
  },
  {
    "ID Number": "13817884"
  },
  {
    "ID Number": "13827073"
  },
  {
    "ID Number": "13838555"
  },
  {
    "ID Number": "13810910"
  },
  {
    "ID Number": "13831593"
  },
  {
    "ID Number": "13813633"
  },
  {
    "ID Number": "13800205"
  },
  {
    "ID Number": "13815105"
  },
  {
    "ID Number": "13835963"
  },
  {
    "ID Number": "13813340"
  },
  {
    "ID Number": "13829963"
  },
  {
    "ID Number": "13804839"
  },
  {
    "ID Number": "13813137"
  },
  {
    "ID Number": "13841114"
  },
  {
    "ID Number": "13830660"
  },
  {
    "ID Number": "13803166"
  },
  {
    "ID Number": "13850482"
  },
  {
    "ID Number": "13817469"
  },
  {
    "ID Number": "13802836"
  },
  {
    "ID Number": "13842013"
  },
  {
    "ID Number": "13848925"
  },
  {
    "ID Number": "13805541"
  },
  {
    "ID Number": "13804863"
  },
  {
    "ID Number": "13839942"
  },
  {
    "ID Number": "13844806"
  },
  {
    "ID Number": "13831275"
  },
  {
    "ID Number": "13825755"
  },
  {
    "ID Number": "13808524"
  },
  {
    "ID Number": "13834940"
  },
  {
    "ID Number": "13801830"
  },
  {
    "ID Number": "13811797"
  },
  {
    "ID Number": "13817000"
  },
  {
    "ID Number": "13830376"
  },
  {
    "ID Number": "13829378"
  },
  {
    "ID Number": "13843745"
  },
  {
    "ID Number": "13819453"
  },
  {
    "ID Number": "13818252"
  },
  {
    "ID Number": "13810103"
  },
  {
    "ID Number": "13812181"
  },
  {
    "ID Number": "13805339"
  },
  {
    "ID Number": "13804561"
  },
  {
    "ID Number": "13839160"
  },
  {
    "ID Number": "13842811"
  },
  {
    "ID Number": "13804146"
  },
  {
    "ID Number": "13817442"
  },
  {
    "ID Number": "13845845"
  },
  {
    "ID Number": "13839420"
  },
  {
    "ID Number": "13832409"
  },
  {
    "ID Number": "13832492"
  },
  {
    "ID Number": "13801317"
  },
  {
    "ID Number": "13837931"
  },
  {
    "ID Number": "13819461"
  },
  {
    "ID Number": "13808990"
  },
  {
    "ID Number": "13819623"
  },
  {
    "ID Number": "13840126"
  },
  {
    "ID Number": "13833677"
  },
  {
    "ID Number": "13834908"
  },
  {
    "ID Number": "13804871"
  },
  {
    "ID Number": "13801651"
  },
  {
    "ID Number": "13800280"
  },
  {
    "ID Number": "13713248"
  },
  {
    "ID Number": "13842790"
  },
  {
    "ID Number": "13802321"
  },
  {
    "ID Number": "13832875"
  },
  {
    "ID Number": "13819712"
  },
  {
    "ID Number": "13805983"
  },
  {
    "ID Number": "13817809"
  },
  {
    "ID Number": "13800124"
  },
  {
    "ID Number": "13801511"
  },
  {
    "ID Number": "13803867"
  },
  {
    "ID Number": "13837265"
  },
  {
    "ID Number": "13837273"
  },
  {
    "ID Number": "13809687"
  },
  {
    "ID Number": "13825577"
  },
  {
    "ID Number": "13836315"
  },
  {
    "ID Number": "13831410"
  },
  {
    "ID Number": "13819488"
  },
  {
    "ID Number": "13806955"
  },
  {
    "ID Number": "13835955"
  },
  {
    "ID Number": "13832271"
  },
  {
    "ID Number": "13819305"
  },
  {
    "ID Number": "13817817"
  },
  {
    "ID Number": "13813358"
  },
  {
    "ID Number": "13853163"
  },
  {
    "ID Number": "13845519"
  },
  {
    "ID Number": "13800027"
  },
  {
    "ID Number": "13804588"
  },
  {
    "ID Number": "13829661"
  },
  {
    "ID Number": "13837320"
  },
  {
    "ID Number": "13822373"
  },
  {
    "ID Number": "13804260"
  },
  {
    "ID Number": "13823140"
  },
  {
    "ID Number": "13829505"
  },
  {
    "ID Number": "13830759"
  },
  {
    "ID Number": "13824570"
  },
  {
    "ID Number": "13800400"
  },
  {
    "ID Number": "13817990"
  },
  {
    "ID Number": "13832883"
  },
  {
    "ID Number": "13851055"
  },
  {
    "ID Number": "13814060"
  },
  {
    "ID Number": "13853988"
  },
  {
    "ID Number": "13800698"
  },
  {
    "ID Number": "13817833"
  },
  {
    "ID Number": "13832450"
  },
  {
    "ID Number": "13834371"
  },
  {
    "ID Number": "13831607"
  },
  {
    "ID Number": "13800302"
  },
  {
    "ID Number": "13818902"
  },
  {
    "ID Number": "34372539"
  },
  {
    "ID Number": "13816632"
  },
  {
    "ID Number": "13804456"
  },
  {
    "ID Number": "13804286"
  },
  {
    "ID Number": "13840240"
  },
  {
    "ID Number": "13801597"
  },
  {
    "ID Number": "13802160"
  },
  {
    "ID Number": "13846655"
  },
  {
    "ID Number": "13811355"
  },
  {
    "ID Number": "13841971"
  },
  {
    "ID Number": "13829742"
  },
  {
    "ID Number": "13822306"
  },
  {
    "ID Number": "13801333"
  },
  {
    "ID Number": "13848151"
  },
  {
    "ID Number": "13805398"
  },
  {
    "ID Number": "13824775"
  },
  {
    "ID Number": "13812203"
  },
  {
    "ID Number": "13840762"
  },
  {
    "ID Number": "13837346"
  },
  {
    "ID Number": "13837354"
  },
  {
    "ID Number": "13845527"
  },
  {
    "ID Number": "13812211"
  },
  {
    "ID Number": "13800760"
  },
  {
    "ID Number": "13803131"
  },
  {
    "ID Number": "13829785"
  },
  {
    "ID Number": "13804294"
  },
  {
    "ID Number": "13821903"
  },
  {
    "ID Number": "13800906"
  },
  {
    "ID Number": "13845721"
  },
  {
    "ID Number": "13821571"
  },
  {
    "ID Number": "13817370"
  },
  {
    "ID Number": "13823787"
  },
  {
    "ID Number": "13836730"
  },
  {
    "ID Number": "13818910"
  },
  {
    "ID Number": "13816578"
  },
  {
    "ID Number": "13836498"
  },
  {
    "ID Number": "13829599"
  },
  {
    "ID Number": "13821075"
  },
  {
    "ID Number": "13810170"
  },
  {
    "ID Number": "13804308"
  },
  {
    "ID Number": "13841246"
  },
  {
    "ID Number": "13828991"
  },
  {
    "ID Number": "13837370"
  },
  {
    "ID Number": "13836323"
  },
  {
    "ID Number": "13821580"
  },
  {
    "ID Number": "13825798"
  },
  {
    "ID Number": "13805878"
  },
  {
    "ID Number": "13830929"
  },
  {
    "ID Number": "13804057"
  },
  {
    "ID Number": "13840398"
  },
  {
    "ID Number": "13829246"
  },
  {
    "ID Number": "13804120"
  },
  {
    "ID Number": "13852582"
  },
  {
    "ID Number": "13801341"
  },
  {
    "ID Number": "13801643"
  },
  {
    "ID Number": "13808451"
  },
  {
    "ID Number": "13818945"
  },
  {
    "ID Number": "13832468"
  },
  {
    "ID Number": "13814290"
  },
  {
    "ID Number": "13838270"
  },
  {
    "ID Number": "13814168"
  },
  {
    "ID Number": "13838563"
  },
  {
    "ID Number": "13803085"
  },
  {
    "ID Number": "13839500"
  },
  {
    "ID Number": "13813811"
  },
  {
    "ID Number": "13834380"
  },
  {
    "ID Number": "13804944"
  },
  {
    "ID Number": "13854259"
  },
  {
    "ID Number": "13845535"
  },
  {
    "ID Number": "13816950"
  },
  {
    "ID Number": "13831615"
  },
  {
    "ID Number": "13852345"
  },
  {
    "ID Number": "13803662"
  },
  {
    "ID Number": "13839438"
  },
  {
    "ID Number": "13817477"
  },
  {
    "ID Number": "13840703"
  },
  {
    "ID Number": "13840690"
  },
  {
    "ID Number": "13837745"
  },
  {
    "ID Number": "13837753"
  },
  {
    "ID Number": "13800310"
  },
  {
    "ID Number": "13857657"
  },
  {
    "ID Number": "13836609"
  },
  {
    "ID Number": "13801848"
  },
  {
    "ID Number": "13841122"
  },
  {
    "ID Number": "13800183"
  },
  {
    "ID Number": "13802011"
  },
  {
    "ID Number": "13806971"
  },
  {
    "ID Number": "13849816"
  },
  {
    "ID Number": "13831526"
  },
  {
    "ID Number": "13813870"
  },
  {
    "ID Number": "13804480"
  },
  {
    "ID Number": "13801139"
  },
  {
    "ID Number": "13804421"
  },
  {
    "ID Number": "13835831"
  },
  {
    "ID Number": "13840770"
  },
  {
    "ID Number": "13840258"
  },
  {
    "ID Number": "13816705"
  },
  {
    "ID Number": "13831283"
  },
  {
    "ID Number": "13841700"
  },
  {
    "ID Number": "13822268"
  },
  {
    "ID Number": "13810677"
  },
  {
    "ID Number": "13801953"
  },
  {
    "ID Number": "13819518"
  },
  {
    "ID Number": "13803697"
  },
  {
    "ID Number": "13807498"
  },
  {
    "ID Number": "13800752"
  },
  {
    "ID Number": "13856766"
  },
  {
    "ID Number": "13832891"
  },
  {
    "ID Number": "13808958"
  },
  {
    "ID Number": "13802682"
  },
  {
    "ID Number": "13804596"
  },
  {
    "ID Number": "13804332"
  },
  {
    "ID Number": "13843478"
  },
  {
    "ID Number": "13823949"
  },
  {
    "ID Number": "13803972"
  },
  {
    "ID Number": "13802240"
  },
  {
    "ID Number": "13817841"
  },
  {
    "ID Number": "13804464"
  },
  {
    "ID Number": "13802437"
  },
  {
    "ID Number": "13817400"
  },
  {
    "ID Number": "13806416"
  },
  {
    "ID Number": "13802526"
  },
  {
    "ID Number": "13813579"
  },
  {
    "ID Number": "13817515"
  },
  {
    "ID Number": "13818317"
  },
  {
    "ID Number": "13800060"
  },
  {
    "ID Number": "13826654"
  },
  {
    "ID Number": "13806904"
  },
  {
    "ID Number": "13800914"
  },
  {
    "ID Number": "13808613"
  },
  {
    "ID Number": "13801732"
  },
  {
    "ID Number": "13812220"
  },
  {
    "ID Number": "13831623"
  },
  {
    "ID Number": "13840380"
  },
  {
    "ID Number": "13840525"
  },
  {
    "ID Number": "13810065"
  },
  {
    "ID Number": "13835858"
  },
  {
    "ID Number": "13816292"
  },
  {
    "ID Number": "13838873"
  },
  {
    "ID Number": "13821210"
  },
  {
    "ID Number": "13844814"
  },
  {
    "ID Number": "13805894"
  },
  {
    "ID Number": "13816110"
  },
  {
    "ID Number": "13846043"
  },
  {
    "ID Number": "13836501"
  },
  {
    "ID Number": "13811835"
  },
  {
    "ID Number": "13831542"
  },
  {
    "ID Number": "13838393"
  },
  {
    "ID Number": "13815130"
  },
  {
    "ID Number": "13829939"
  },
  {
    "ID Number": "13847813"
  },
  {
    "ID Number": "13847988"
  },
  {
    "ID Number": "55748210"
  },
  {
    "ID Number": "13853120"
  },
  {
    "ID Number": "13853228"
  },
  {
    "ID Number": "13817159"
  },
  {
    "ID Number": "13847007"
  },
  {
    "ID Number": "13817094"
  },
  {
    "ID Number": "13853112"
  },
  {
    "ID Number": "13824058"
  },
  {
    "ID Number": "13813510"
  },
  {
    "ID Number": "13831216"
  },
  {
    "ID Number": "13820907"
  },
  {
    "ID Number": "13840371"
  },
  {
    "ID Number": "13834401"
  },
  {
    "ID Number": "13848208"
  },
  {
    "ID Number": "13834975"
  },
  {
    "ID Number": "13804952"
  },
  {
    "ID Number": "13810294"
  },
  {
    "ID Number": "13823175"
  },
  {
    "ID Number": "13824759"
  },
  {
    "ID Number": "13811703"
  },
  {
    "ID Number": "13816896"
  },
  {
    "ID Number": "13820621"
  },
  {
    "ID Number": "13809695"
  },
  {
    "ID Number": "13801503"
  },
  {
    "ID Number": "13833715"
  },
  {
    "ID Number": "13819844"
  },
  {
    "ID Number": "13807153"
  },
  {
    "ID Number": "13817108"
  },
  {
    "ID Number": "13809105"
  },
  {
    "ID Number": "13805789"
  },
  {
    "ID Number": "13847732"
  },
  {
    "ID Number": "13842510"
  },
  {
    "ID Number": "13835866"
  },
  {
    "ID Number": "13804340"
  },
  {
    "ID Number": "13820877"
  },
  {
    "ID Number": "13823540"
  },
  {
    "ID Number": "13852205"
  },
  {
    "ID Number": "13811460"
  },
  {
    "ID Number": "13800221"
  },
  {
    "ID Number": "13800345"
  },
  {
    "ID Number": "13801147"
  },
  {
    "ID Number": "13855204"
  },
  {
    "ID Number": "13841149"
  },
  {
    "ID Number": "13845926"
  },
  {
    "ID Number": "13844326"
  },
  {
    "ID Number": "13839900"
  },
  {
    "ID Number": "13811479"
  },
  {
    "ID Number": "13834410"
  },
  {
    "ID Number": "13803859"
  },
  {
    "ID Number": "13818376"
  },
  {
    "ID Number": "13819003"
  },
  {
    "ID Number": "13804960"
  },
  {
    "ID Number": "13843770"
  },
  {
    "ID Number": "13850202"
  },
  {
    "ID Number": "13844610"
  },
  {
    "ID Number": "13852256"
  },
  {
    "ID Number": "13809733"
  },
  {
    "ID Number": "13803948"
  },
  {
    "ID Number": "13804987"
  },
  {
    "ID Number": "13833073"
  },
  {
    "ID Number": "13847023"
  },
  {
    "ID Number": "13827081"
  },
  {
    "ID Number": "13832905"
  },
  {
    "ID Number": "13803816"
  },
  {
    "ID Number": "13824511"
  },
  {
    "ID Number": "13821156"
  },
  {
    "ID Number": "13813595"
  },
  {
    "ID Number": "13813498"
  },
  {
    "ID Number": "13813757"
  },
  {
    "ID Number": "13800582"
  },
  {
    "ID Number": "13823396"
  },
  {
    "ID Number": "13814036"
  },
  {
    "ID Number": "13845934"
  },
  {
    "ID Number": "13824473"
  },
  {
    "ID Number": "13837788"
  },
  {
    "ID Number": "13814400"
  },
  {
    "ID Number": "13801627"
  },
  {
    "ID Number": "13802046"
  },
  {
    "ID Number": "13808028"
  },
  {
    "ID Number": "13801856"
  },
  {
    "ID Number": "13826018"
  },
  {
    "ID Number": "13803590"
  },
  {
    "ID Number": "13802739"
  },
  {
    "ID Number": "13851500"
  },
  {
    "ID Number": "13832590"
  },
  {
    "ID Number": "13800930"
  },
  {
    "ID Number": "13825275"
  },
  {
    "ID Number": "13840843"
  },
  {
    "ID Number": "13807790"
  },
  {
    "ID Number": "13831437"
  },
  {
    "ID Number": "13824732"
  },
  {
    "ID Number": "13823582"
  },
  {
    "ID Number": "13814320"
  },
  {
    "ID Number": "13827146"
  },
  {
    "ID Number": "13805851"
  },
  {
    "ID Number": "13809741"
  },
  {
    "ID Number": "13832689"
  },
  {
    "ID Number": "13822020"
  },
  {
    "ID Number": "13829769"
  },
  {
    "ID Number": "13832123"
  },
  {
    "ID Number": "13838580"
  },
  {
    "ID Number": "13804642"
  },
  {
    "ID Number": "13810634"
  },
  {
    "ID Number": "13815148"
  },
  {
    "ID Number": "13817760"
  },
  {
    "ID Number": "13830465"
  },
  {
    "ID Number": "13833200"
  },
  {
    "ID Number": "13834479"
  },
  {
    "ID Number": "13807013"
  },
  {
    "ID Number": "13804650"
  },
  {
    "ID Number": "13823558"
  },
  {
    "ID Number": "13851780"
  },
  {
    "ID Number": "13800426"
  },
  {
    "ID Number": "13805118"
  },
  {
    "ID Number": "13800531"
  },
  {
    "ID Number": "13817302"
  },
  {
    "ID Number": "13808494"
  },
  {
    "ID Number": "13811509"
  },
  {
    "ID Number": "13832948"
  },
  {
    "ID Number": "13840169"
  },
  {
    "ID Number": "13842935"
  },
  {
    "ID Number": "13824210"
  },
  {
    "ID Number": "13823183"
  },
  {
    "ID Number": "13801945"
  },
  {
    "ID Number": "13833324"
  },
  {
    "ID Number": "13840185"
  },
  {
    "ID Number": "13856731"
  },
  {
    "ID Number": "13825372"
  },
  {
    "ID Number": "13801910"
  },
  {
    "ID Number": "13844709"
  },
  {
    "ID Number": "13802917"
  },
  {
    "ID Number": "13804081"
  },
  {
    "ID Number": "13829726"
  },
  {
    "ID Number": "13846795"
  },
  {
    "ID Number": "13811517"
  },
  {
    "ID Number": "13846302"
  },
  {
    "ID Number": "13852965"
  },
  {
    "ID Number": "13814249"
  },
  {
    "ID Number": "13817779"
  },
  {
    "ID Number": "13804499"
  },
  {
    "ID Number": "13801562"
  },
  {
    "ID Number": "13811100"
  },
  {
    "ID Number": "13834070"
  },
  {
    "ID Number": "13814818"
  },
  {
    "ID Number": "13824007"
  },
  {
    "ID Number": "13800493"
  },
  {
    "ID Number": "13809121"
  },
  {
    "ID Number": "13826816"
  },
  {
    "ID Number": "13856170"
  },
  {
    "ID Number": "13836056"
  },
  {
    "ID Number": "13852590"
  },
  {
    "ID Number": "13837494"
  },
  {
    "ID Number": "13823191"
  },
  {
    "ID Number": "13825844"
  },
  {
    "ID Number": "13806831"
  },
  {
    "ID Number": "13807447"
  },
  {
    "ID Number": "13802941"
  },
  {
    "ID Number": "13803433"
  },
  {
    "ID Number": "13833952"
  },
  {
    "ID Number": "13847643"
  },
  {
    "ID Number": "13802607"
  },
  {
    "ID Number": "13806254"
  },
  {
    "ID Number": "13837982"
  },
  {
    "ID Number": "13805916"
  },
  {
    "ID Number": "13811738"
  },
  {
    "ID Number": "13829610"
  },
  {
    "ID Number": "13808109"
  },
  {
    "ID Number": "13840444"
  },
  {
    "ID Number": "13804618"
  },
  {
    "ID Number": "13802062"
  },
  {
    "ID Number": "13800779"
  },
  {
    "ID Number": "13801163"
  },
  {
    "ID Number": "13823876"
  },
  {
    "ID Number": "13825380"
  },
  {
    "ID Number": "13820133"
  },
  {
    "ID Number": "13800272"
  },
  {
    "ID Number": "13800949"
  },
  {
    "ID Number": "13816640"
  },
  {
    "ID Number": "13811843"
  },
  {
    "ID Number": "13802356"
  },
  {
    "ID Number": "13811959"
  },
  {
    "ID Number": "13845578"
  },
  {
    "ID Number": "13808036"
  },
  {
    "ID Number": "13809113"
  },
  {
    "ID Number": "13827090"
  },
  {
    "ID Number": "13853260"
  },
  {
    "ID Number": "13802208"
  },
  {
    "ID Number": "13813528"
  },
  {
    "ID Number": "13834258"
  },
  {
    "ID Number": "13814133"
  },
  {
    "ID Number": "13801937"
  },
  {
    "ID Number": "13802798"
  },
  {
    "ID Number": "13805479"
  },
  {
    "ID Number": "13845853"
  },
  {
    "ID Number": "13851039"
  },
  {
    "ID Number": "13820060"
  },
  {
    "ID Number": "13817051"
  },
  {
    "ID Number": "13834630"
  },
  {
    "ID Number": "13825518"
  },
  {
    "ID Number": "13824716"
  },
  {
    "ID Number": "13833340"
  },
  {
    "ID Number": "13814192"
  },
  {
    "ID Number": "13823566"
  },
  {
    "ID Number": "13802089"
  },
  {
    "ID Number": "13805487"
  },
  {
    "ID Number": "13814150"
  },
  {
    "ID Number": "13803239"
  },
  {
    "ID Number": "13800639"
  },
  {
    "ID Number": "13800396"
  },
  {
    "ID Number": "13823604"
  },
  {
    "ID Number": "13843532"
  },
  {
    "ID Number": "13819771"
  },
  {
    "ID Number": "13839543"
  },
  {
    "ID Number": "13839187"
  },
  {
    "ID Number": "13839535"
  },
  {
    "ID Number": "13819054"
  },
  {
    "ID Number": "13802623"
  },
  {
    "ID Number": "13823400"
  },
  {
    "ID Number": "13816489"
  },
  {
    "ID Number": "13832778"
  },
  {
    "ID Number": "13856723"
  },
  {
    "ID Number": "13835653"
  },
  {
    "ID Number": "13834991"
  },
  {
    "ID Number": "13808044"
  },
  {
    "ID Number": "13803778"
  },
  {
    "ID Number": "13800299"
  },
  {
    "ID Number": "13842900"
  },
  {
    "ID Number": "13807420"
  },
  {
    "ID Number": "13802593"
  },
  {
    "ID Number": "13831038"
  },
  {
    "ID Number": "13805045"
  },
  {
    "ID Number": "13814451"
  },
  {
    "ID Number": "13803247"
  },
  {
    "ID Number": "13823590"
  },
  {
    "ID Number": "13802852"
  },
  {
    "ID Number": "13849018"
  },
  {
    "ID Number": "13855930"
  },
  {
    "ID Number": "13816861"
  },
  {
    "ID Number": "13800574"
  },
  {
    "ID Number": "13833111"
  },
  {
    "ID Number": "13823884"
  },
  {
    "ID Number": "13836528"
  },
  {
    "ID Number": "13838326"
  },
  {
    "ID Number": "13840533"
  },
  {
    "ID Number": "13840266"
  },
  {
    "ID Number": "13803352"
  },
  {
    "ID Number": "13847929"
  },
  {
    "ID Number": "13833359"
  },
  {
    "ID Number": "13803514"
  },
  {
    "ID Number": "13811525"
  },
  {
    "ID Number": "13822217"
  },
  {
    "ID Number": "13826425"
  },
  {
    "ID Number": "13802453"
  },
  {
    "ID Number": "13839527"
  },
  {
    "ID Number": "13805517"
  },
  {
    "ID Number": "13807188"
  },
  {
    "ID Number": "13831445"
  },
  {
    "ID Number": "13808362"
  },
  {
    "ID Number": "13826905"
  },
  {
    "ID Number": "13839659"
  },
  {
    "ID Number": "13817310"
  },
  {
    "ID Number": "13817329"
  },
  {
    "ID Number": "13832913"
  },
  {
    "ID Number": "13853147"
  },
  {
    "ID Number": "13838598"
  },
  {
    "ID Number": "13814338"
  },
  {
    "ID Number": "13850687"
  },
  {
    "ID Number": "13840495"
  },
  {
    "ID Number": "13832301"
  },
  {
    "ID Number": "13836854"
  },
  {
    "ID Number": "13803360"
  },
  {
    "ID Number": "13832506"
  },
  {
    "ID Number": "13817680"
  },
  {
    "ID Number": "13826549"
  },
  {
    "ID Number": "13814893"
  },
  {
    "ID Number": "13814001"
  },
  {
    "ID Number": "13800248"
  },
  {
    "ID Number": "13800965"
  },
  {
    "ID Number": "13804383"
  },
  {
    "ID Number": "13825860"
  },
  {
    "ID Number": "13821105"
  },
  {
    "ID Number": "13816853"
  },
  {
    "ID Number": "13817523"
  },
  {
    "ID Number": "13830090"
  },
  {
    "ID Number": "13814419"
  },
  {
    "ID Number": "13819100"
  },
  {
    "ID Number": "13818449"
  },
  {
    "ID Number": "13833367"
  },
  {
    "ID Number": "13822489"
  },
  {
    "ID Number": "13802461"
  },
  {
    "ID Number": "13832930"
  },
  {
    "ID Number": "13823264"
  },
  {
    "ID Number": "13802569"
  },
  {
    "ID Number": "13819550"
  },
  {
    "ID Number": "13856758"
  },
  {
    "ID Number": "13811746"
  },
  {
    "ID Number": "13803140"
  },
  {
    "ID Number": "13832620"
  },
  {
    "ID Number": "13844822"
  },
  {
    "ID Number": "13840479"
  },
  {
    "ID Number": "13803808"
  },
  {
    "ID Number": "13823957"
  },
  {
    "ID Number": "13847597"
  },
  {
    "ID Number": "13823418"
  },
  {
    "ID Number": "13824520"
  },
  {
    "ID Number": "13800450"
  },
  {
    "ID Number": "13803174"
  },
  {
    "ID Number": "13832417"
  },
  {
    "ID Number": "13804405"
  },
  {
    "ID Number": "13848259"
  },
  {
    "ID Number": "13835459"
  },
  {
    "ID Number": "13854275"
  },
  {
    "ID Number": "13809652"
  },
  {
    "ID Number": "13803603"
  },
  {
    "ID Number": "13802518"
  },
  {
    "ID Number": "13822926"
  },
  {
    "ID Number": "13809750"
  },
  {
    "ID Number": "13814117"
  },
  {
    "ID Number": "13805312"
  },
  {
    "ID Number": "13809644"
  },
  {
    "ID Number": "13825879"
  },
  {
    "ID Number": "13848267"
  },
  {
    "ID Number": "13816551"
  },
  {
    "ID Number": "13832131"
  },
  {
    "ID Number": "13803034"
  },
  {
    "ID Number": "13803042"
  },
  {
    "ID Number": "13829629"
  },
  {
    "ID Number": "13821245"
  },
  {
    "ID Number": "13804111"
  },
  {
    "ID Number": "13800795"
  },
  {
    "ID Number": "13824538"
  },
  {
    "ID Number": "13814141"
  },
  {
    "ID Number": "13805673"
  },
  {
    "ID Number": "13816381"
  },
  {
    "ID Number": "13836404"
  },
  {
    "ID Number": "13817787"
  },
  {
    "ID Number": "13835386"
  },
  {
    "ID Number": "13805290"
  },
  {
    "ID Number": "13817892"
  },
  {
    "ID Number": "13817981"
  },
  {
    "ID Number": "13819356"
  },
  {
    "ID Number": "13822624"
  },
  {
    "ID Number": "13838601"
  },
  {
    "ID Number": "13832921"
  },
  {
    "ID Number": "13800485"
  },
  {
    "ID Number": "13819135"
  },
  {
    "ID Number": "13803743"
  },
  {
    "ID Number": "13805932"
  },
  {
    "ID Number": "13830902"
  },
  {
    "ID Number": "13817507"
  },
  {
    "ID Number": "13801635"
  },
  {
    "ID Number": "13829041"
  },
  {
    "ID Number": "13833383"
  },
  {
    "ID Number": "13838342"
  },
  {
    "ID Number": "13825046"
  },
  {
    "ID Number": "13805592"
  },
  {
    "ID Number": "13802488"
  },
  {
    "ID Number": "13811851"
  },
  {
    "ID Number": "13832476"
  },
  {
    "ID Number": "13853155"
  },
  {
    "ID Number": "13828754"
  },
  {
    "ID Number": "13828762"
  },
  {
    "ID Number": "13819143"
  },
  {
    "ID Number": "13817795"
  },
  {
    "ID Number": "13814109"
  },
  {
    "ID Number": "13832662"
  },
  {
    "ID Number": "13833405"
  },
  {
    "ID Number": "13809628"
  },
  {
    "ID Number": "13819780"
  },
  {
    "ID Number": "13841190"
  },
  {
    "ID Number": "13821938"
  },
  {
    "ID Number": "13815946"
  },
  {
    "ID Number": "13810251"
  },
  {
    "ID Number": "13824465"
  },
  {
    "ID Number": "13856103"
  },
  {
    "ID Number": "13817710"
  },
  {
    "ID Number": "13839446"
  },
  {
    "ID Number": "13800876"
  },
  {
    "ID Number": "13835688"
  },
  {
    "ID Number": "13836897"
  },
  {
    "ID Number": "13813749"
  },
  {
    "ID Number": "13817868"
  },
  {
    "ID Number": "13827103"
  },
  {
    "ID Number": "13856154"
  },
  {
    "ID Number": "13800035"
  },
  {
    "ID Number": "13844857"
  }
]