[
  {
    "ID Number": "17700680"
  },
  {
    "ID Number": "17700353"
  },
  {
    "ID Number": "17700728"
  },
  {
    "ID Number": "17700299"
  },
  {
    "ID Number": "17700345"
  },
  {
    "ID Number": "17701058"
  },
  {
    "ID Number": "17701627"
  },
  {
    "ID Number": "17701163"
  },
  {
    "ID Number": "17700876"
  },
  {
    "ID Number": "17700566"
  },
  {
    "ID Number": "17700574"
  },
  {
    "ID Number": "17701694"
  },
  {
    "ID Number": "17701651"
  },
  {
    "ID Number": "17702500"
  },
  {
    "ID Number": "17700175"
  },
  {
    "ID Number": "17701996"
  },
  {
    "ID Number": "17700710"
  },
  {
    "ID Number": "17700736"
  },
  {
    "ID Number": "17700469"
  },
  {
    "ID Number": "17700167"
  },
  {
    "ID Number": "17702488"
  },
  {
    "ID Number": "17700213"
  },
  {
    "ID Number": "17700124"
  },
  {
    "ID Number": "17700698"
  },
  {
    "ID Number": "17700582"
  },
  {
    "ID Number": "5201055"
  },
  {
    "ID Number": "17702038"
  },
  {
    "ID Number": "17701236"
  },
  {
    "ID Number": "17700647"
  },
  {
    "ID Number": "17700221"
  },
  {
    "ID Number": "17702135"
  }
]