[
  {
    "ID Number": "17700680",
    "Name": "Boualapim, Daokham",
    "Fed": "LAO",
    "Sex": "M",
    "Title": "",
    "WTit": "",
    "OTit": "",
    "FOA": "1469",
    "Rating": "AUG25",
    "Gms": "0",
    "K": "40",
    "B-day": "2000",
    "Flag": "i"
  },
  {
    "ID Number": "17700353",
    "Name": "Bouasithong, Songkan",
    "Fed": "LAO",
    "Sex": "M",
    "Title": "",
    "WTit": "",
    "OTit": "",
    "FOA": "1583",
    "Rating": "AUG25",
    "Gms": "0",
    "K": "40",
    "B-day": "1997",
    "Flag": "i"
  },
  {
    "ID Number": "17700728",
    "Name": "Bounyaseng, Phoumin",
    "Fed": "LAO",
    "Sex": "M",
    "Title": "",
    "WTit": "",
    "OTit": "",
    "FOA": "1621",
    "Rating": "AUG25",
    "Gms": "0",
    "K": "40",
    "B-day": "2001",
    "Flag": "i"
  },
  {
    "ID Number": "17700299",
    "Name": "Chanthaphavong, Daophasouk",
    "Fed": "LAO",
    "Sex": "F",
    "Title": "",
    "WTit": "",
    "OTit": "",
    "FOA": "1493",
    "Rating": "AUG25",
    "Gms": "0",
    "K": "40",
    "B-day": "1999",
    "Flag": "wi"
  },
  {
    "ID Number": "17700345",
    "Name": "Chanthavongsa, Xayophone",
    "Fed": "LAO",
    "Sex": "M",
    "Title": "",
    "WTit": "",
    "OTit": "",
    "FOA": "1518",
    "Rating": "AUG25",
    "Gms": "0",
    "K": "40",
    "B-day": "1997",
    "Flag": "i"
  },
  {
    "ID Number": "17701058",
    "Name": "Charlee, Porthor",
    "Fed": "LAO",
    "Sex": "M",
    "Title": "",
    "WTit": "",
    "OTit": "",
    "FOA": "1808",
    "Rating": "AUG25",
    "Gms": "0",
    "K": "40",
    "B-day": "1997",
    "Flag": "i"
  },
  {
    "ID Number": "17701627",
    "Name": "Chi Yang",
    "Fed": "LAO",
    "Sex": "M",
    "Title": "CM",
    "WTit": "",
    "OTit": "",
    "FOA": "1723",
    "Rating": "AUG25",
    "Gms": "2",
    "K": "40",
    "B-day": "2001",
    "Flag": ""
  },
  {
    "ID Number": "17701163",
    "Name": "Chintanakone Sisouk",
    "Fed": "LAO",
    "Sex": "F",
    "Title": "",
    "WTit": "",
    "OTit": "",
    "FOA": "1499",
    "Rating": "AUG25",
    "Gms": "0",
    "K": "40",
    "B-day": "2002",
    "Flag": "w"
  },
  {
    "ID Number": "17700876",
    "Name": "Homsombath, Nola",
    "Fed": "LAO",
    "Sex": "F",
    "Title": "",
    "WTit": "NA",
    "OTit": "",
    "FOA": "1441",
    "Rating": "AUG25",
    "Gms": "0",
    "K": "40",
    "B-day": "2003",
    "Flag": "w"
  },
  {
    "ID Number": "17700566",
    "Name": "Inthavong , Maly",
    "Fed": "LAO",
    "Sex": "F",
    "Title": "",
    "WTit": "",
    "OTit": "",
    "FOA": "1539",
    "Rating": "AUG25",
    "Gms": "0",
    "K": "40",
    "B-day": "1996",
    "Flag": "wi"
  },
  {
    "ID Number": "17700574",
    "Name": "Laotham , Thangsoupha",
    "Fed": "LAO",
    "Sex": "M",
    "Title": "",
    "WTit": "",
    "OTit": "",
    "FOA": "1703",
    "Rating": "AUG25",
    "Gms": "0",
    "K": "40",
    "B-day": "1997",
    "Flag": "i"
  },
  {
    "ID Number": "17701694",
    "Name": "Maglacion, Herald Wayne Fresco",
    "Fed": "LAO",
    "Sex": "M",
    "Title": "",
    "WTit": "",
    "OTit": "",
    "FOA": "1548",
    "Rating": "AUG25",
    "Gms": "12",
    "K": "40",
    "B-day": "2008",
    "Flag": ""
  },
  {
    "ID Number": "17701651",
    "Name": "Maly Inthavong",
    "Fed": "LAO",
    "Sex": "F",
    "Title": "WCM",
    "WTit": "WCM",
    "OTit": "",
    "FOA": "1548",
    "Rating": "AUG25",
    "Gms": "0",
    "K": "40",
    "B-day": "1996",
    "Flag": "w"
  },
  {
    "ID Number": "17702500",
    "Name": "MANICHITH, NAMPHET",
    "Fed": "LAO",
    "Sex": "F",
    "Title": "",
    "WTit": "",
    "OTit": "",
    "FOA": "1639",
    "Rating": "AUG25",
    "Gms": "5",
    "K": "40",
    "B-day": "2011",
    "Flag": "w"
  },
  {
    "ID Number": "17700175",
    "Name": "Nattaky, Insesuphun",
    "Fed": "LAO",
    "Sex": "M",
    "Title": "",
    "WTit": "",
    "OTit": "",
    "FOA": "1557",
    "Rating": "AUG25",
    "Gms": "0",
    "K": "40",
    "B-day": "1997",
    "Flag": "i"
  },
  {
    "ID Number": "17701996",
    "Name": "NGUYEN, SUNJON KAYDEN",
    "Fed": "LAO",
    "Sex": "M",
    "Title": "",
    "WTit": "",
    "OTit": "",
    "FOA": "1412",
    "Rating": "AUG25",
    "Gms": "8",
    "K": "40",
    "B-day": "2010",
    "Flag": ""
  },
  {
    "ID Number": "17700710",
    "Name": "Phimmaly, Khouanchai",
    "Fed": "LAO",
    "Sex": "F",
    "Title": "",
    "WTit": "",
    "OTit": "",
    "FOA": "1470",
    "Rating": "AUG25",
    "Gms": "0",
    "K": "40",
    "B-day": "2000",
    "Flag": "wi"
  },
  {
    "ID Number": "17700736",
    "Name": "Phongphachit, Sommith",
    "Fed": "LAO",
    "Sex": "M",
    "Title": "",
    "WTit": "",
    "OTit": "",
    "FOA": "1500",
    "Rating": "AUG25",
    "Gms": "0",
    "K": "40",
    "B-day": "1995",
    "Flag": "i"
  },
  {
    "ID Number": "17700469",
    "Name": "Sanouban, Thatsanee",
    "Fed": "LAO",
    "Sex": "M",
    "Title": "",
    "WTit": "",
    "OTit": "",
    "FOA": "1703",
    "Rating": "AUG25",
    "Gms": "0",
    "K": "40",
    "B-day": "1995",
    "Flag": "i"
  },
  {
    "ID Number": "17700167",
    "Name": "Senglek, Khonsavanh",
    "Fed": "LAO",
    "Sex": "M",
    "Title": "",
    "WTit": "NA",
    "OTit": "",
    "FOA": "1620",
    "Rating": "AUG25",
    "Gms": "2",
    "K": "20",
    "B-day": "2001",
    "Flag": ""
  },
  {
    "ID Number": "17702488",
    "Name": "SENGPHACHAN, BOUNTHENGNOY",
    "Fed": "LAO",
    "Sex": "M",
    "Title": "",
    "WTit": "",
    "OTit": "",
    "FOA": "1444",
    "Rating": "AUG25",
    "Gms": "6",
    "K": "40",
    "B-day": "2013",
    "Flag": ""
  },
  {
    "ID Number": "17700213",
    "Name": "Sihanath, Souphaphone",
    "Fed": "LAO",
    "Sex": "F",
    "Title": "",
    "WTit": "",
    "OTit": "",
    "FOA": "1461",
    "Rating": "AUG25",
    "Gms": "0",
    "K": "40",
    "B-day": "0",
    "Flag": "w"
  },
  {
    "ID Number": "17700124",
    "Name": "Sihavong, Sinnalone",
    "Fed": "LAO",
    "Sex": "F",
    "Title": "WCM",
    "WTit": "WCM",
    "OTit": "",
    "FOA": "1703",
    "Rating": "AUG25",
    "Gms": "0",
    "K": "40",
    "B-day": "1998",
    "Flag": "wi"
  },
  {
    "ID Number": "17700698",
    "Name": "Singdala, Sonethanou",
    "Fed": "LAO",
    "Sex": "M",
    "Title": "",
    "WTit": "",
    "OTit": "",
    "FOA": "1554",
    "Rating": "AUG25",
    "Gms": "0",
    "K": "40",
    "B-day": "1976",
    "Flag": "i"
  },
  {
    "ID Number": "17700582",
    "Name": "Soukaloun , Detdamlong",
    "Fed": "LAO",
    "Sex": "M",
    "Title": "",
    "WTit": "",
    "OTit": "",
    "FOA": "1567",
    "Rating": "AUG25",
    "Gms": "0",
    "K": "40",
    "B-day": "1997",
    "Flag": "i"
  },
  {
    "ID Number": "5201055",
    "Name": "Suelo, Roberto Jr.",
    "Fed": "LAO",
    "Sex": "M",
    "Title": "",
    "WTit": "",
    "OTit": "",
    "FOA": "2126",
    "Rating": "AUG25",
    "Gms": "0",
    "K": "20",
    "B-day": "1976",
    "Flag": ""
  },
  {
    "ID Number": "17702038",
    "Name": "SUELO, RYZIA LEI ZHEYSHA",
    "Fed": "LAO",
    "Sex": "F",
    "Title": "",
    "WTit": "",
    "OTit": "",
    "FOA": "1472",
    "Rating": "AUG25",
    "Gms": "11",
    "K": "40",
    "B-day": "2010",
    "Flag": "w"
  },
  {
    "ID Number": "17701236",
    "Name": "Vilaphen, Phakthong",
    "Fed": "LAO",
    "Sex": "M",
    "Title": "",
    "WTit": "NA",
    "OTit": "",
    "FOA": "1647",
    "Rating": "AUG25",
    "Gms": "0",
    "K": "40",
    "B-day": "1998",
    "Flag": ""
  },
  {
    "ID Number": "17700647",
    "Name": "Viphommavongsa, Onanong",
    "Fed": "LAO",
    "Sex": "F",
    "Title": "",
    "WTit": "",
    "OTit": "",
    "FOA": "1536",
    "Rating": "AUG25",
    "Gms": "0",
    "K": "40",
    "B-day": "1996",
    "Flag": "wi"
  },
  {
    "ID Number": "17700221",
    "Name": "Xayxorthor, Sypheng",
    "Fed": "LAO",
    "Sex": "M",
    "Title": "",
    "WTit": "",
    "OTit": "",
    "FOA": "1583",
    "Rating": "AUG25",
    "Gms": "0",
    "K": "40",
    "B-day": "1994",
    "Flag": "i"
  },
  {
    "ID Number": "17702135",
    "Name": "YOMVILATH, SOUMINTA",
    "Fed": "LAO",
    "Sex": "M",
    "Title": "",
    "WTit": "",
    "OTit": "",
    "FOA": "1483",
    "Rating": "AUG25",
    "Gms": "9",
    "K": "40",
    "B-day": "2012",
    "Flag": ""
  }
]