ID Number,Name,Fed,Sex,Title,WTit,OTit,Rating,Gms,K,RatingMonth,B-day,Flag
6201318,"Akharaboollasez, Akharin",THA,M,,NA,,1841,0,20,SEP25,1977,
6208169,"Alriyami, Faris Rashid",THA,M,,,,AIM,1837,0,SEP25,2006,i
6204953,"Angkanawin, Siwabannakorn",THA,M,,,,1684,0,20,SEP25,2004,
6204988,"Angkanawin, Tethineekanya",THA,F,,,,1433,0,40,SEP25,2006,wi
6200761,"Angsuwarangsee, Parinpat",THA,M,,,,1974,0,20,SEP25,1992,i
6221750,"Angyut, Warakorn",THA,F,,,,1427,0,40,SEP25,2003,wi
6217826,"Aramvareekul, Aten Parit",THA,M,,,,1618,0,40,SEP25,2011,
6208860,"Aree, Yasamin",THA,F,,,,1433,0,40,SEP25,1999,wi
6200907,"Arpijuntarangkoon, Jaradpong",THA,M,,,,1929,0,20,SEP25,1981,i
6226906,"Arun, Naruebej",THA,M,,,,1641,5,40,SEP25,2014,
6206476,"Arun, Supanut",THA,M,,,,1564,0,40,SEP25,2005,i
6202039,"Arunnuntapanich, Tinnakrit",THA,M,FM,,,2099,0,20,SEP25,1991,
6204856,"Asavasaetakul, Chawit",THA,M,,,,AGM,2014,0,SEP25,2003,
6201857,"Asavayutphol, Pattarapong",THA,M,,FA,,1597,0,20,SEP25,1998,i
6200575,"Assarat, Suthiraphan",THA,M,,,,1939,0,20,SEP25,1965,i
6210384,"Asvahem, Peerathat",THA,M,,,,1528,0,40,SEP25,2013,
6203191,"Atikankhotchasee, Manunthon",THA,F,WFM,WFM,FI,1687,0,20,SEP25,1991,wi
6201555,"Atthaworadej, Woradej",THA,M,,,,1858,0,20,SEP25,1998,i
6201563,"Atthaworadej, Worasuda",THA,F,WCM,WCM,,1839,0,20,SEP25,1999,wi
6210929,"Auarun, Prerasuk",THA,M,,,,1506,0,40,SEP25,1997,i
6200893,"Bell, Bruce",THA,M,,,,1927,0,40,SEP25,1949,i
6205488,"Bodemar, Jonathan",THA,M,CM,,,2154,0,20,SEP25,2006,
6201865,"Boonruamboon, Arch",THA,M,,,,1929,0,40,SEP25,1972,i
6201113,"Boonsong, Permsak",THA,M,,,,1756,0,20,SEP25,1984,i
6210740,"Boonsung, Satchukorn",THA,M,,,,1407,0,40,SEP25,2010,i
6209165,"Boonyaudomsart, Nuttapon",THA,M,,,,1673,0,40,SEP25,2001,i
6204317,"Bootchon, Korada",THA,F,,,,1653,0,40,SEP25,1993,wi
6206654,"Bootsumran, Sirin",THA,F,,NA,,1743,0,40,SEP25,2008,w
6207561,"Borirakphatthanakul, Waranya",THA,F,,,,1484,0,40,SEP25,2005,wi
6200265,"Brahmawong, Patcharawee",THA,M,,,,1974,0,20,SEP25,1980,i
6210120,"Branz, Alan",THA,M,,,,1568,0,40,SEP25,2009,i
6212557,"Brunner, Dan Nathan",THA,M,,,,1554,0,40,SEP25,2007,i
6211232,"Buakird, Apichit",THA,M,,,,2020,0,20,SEP25,1994,
6201148,"Buasroung, Ekasith",THA,M,,,,1695,0,20,SEP25,1945,i
6205658,"Buhagiar, Julian Robert",THA,M,,,,1563,0,40,SEP25,2003,i
6205640,"Buhagiar, Melita Sunan",THA,F,WCM,WCM,,1771,0,40,SEP25,2007,wi
6221343,"Bunkangwan, Veerasaroot",THA,M,,,,AFM,1707,0,SEP25,2009,
6202357,"Bunnag, Bhon",THA,M,,,,1831,0,20,SEP25,1996,i
6206638,"Bunnag, Pirat",THA,M,,,,1712,0,40,SEP25,1998,i
6207650,"Buranasing, Wanawee",THA,M,,NA,,1805,6,20,SEP25,1997,
6205682,"Burbach, Brunel Baron",THA,M,,,,1828,0,40,SEP25,2008,i
6200850,"Campi, William",THA,M,,,,1874,0,20,SEP25,1979,i
6204813,"Chaiongkarn, Bunyapon",THA,M,,,,1718,0,20,SEP25,2004,i
6203701,"Chaipa, Kanyanut",THA,F,,,,1603,0,20,SEP25,2003,wi
6203558,"Chaipa, Kullanan",THA,F,,,,1474,0,20,SEP25,2001,wi
6204163,"Chaipornpisuth, Chadin",THA,M,,,,1669,0,40,SEP25,1998,i
6200010,"Chaivichit, Suchart",THA,M,FM,,,2270,0,20,SEP25,1956,i
6220851,"Chaiyapong, Pasit",THA,M,,,,1586,0,40,SEP25,2006,
6201814,"Chaiyatud, Kanchanut",THA,M,,,,1918,0,40,SEP25,1966,i
6203060,"Chamsub, Saranporn",THA,F,,,,1666,0,20,SEP25,1997,wi
6201156,"Chansaenwilai, Krieng",THA,M,,,,1980,0,40,SEP25,1967,i
6201164,"Chansaenwilai, Kriengchai",THA,M,,,,1893,0,40,SEP25,1964,i
6200303,"Chansaenwilai, Kriengkrai",THA,M,,,,1964,0,40,SEP25,1963,i
6219250,"Chanthanam, Chaiyapat",THA,M,,,,1603,0,40,SEP25,2003,
6201776,"Chantratip, Thongchai",THA,M,,,,1861,0,40,SEP25,1950,i
6202993,"Chaoveeraprasit, Chayapol",THA,M,,,,1443,0,40,SEP25,2003,
6216986,"Charatwatanawan, Pada",THA,M,,,,1447,0,40,SEP25,2012,
6204562,"Charnsripinyo, Teerapat",THA,M,,,,1732,0,20,SEP25,2006,i
6209378,"Charoen-Rajapark, Chulavadi",THA,F,,,,1407,0,40,SEP25,2008,wi
6202195,"Charoenkwan, Pat",THA,M,,,,1795,0,20,SEP25,2001,
6205305,"Charoenlarpnopparut, Shanon",THA,M,,,,1628,0,40,SEP25,2003,i
6218385,"Chawachart, Kuntee",THA,M,,,,1609,0,40,SEP25,2009,
6200915,"Chermprayoung, Thian",THA,M,,,,1966,0,40,SEP25,1979,i
6210937,"Chiadthaisong, Kanuengnit",THA,F,,,,1519,0,20,SEP25,1995,w
6214894,"Chimyam, Jakkawan",THA,M,,,,1441,0,20,SEP25,1988,
6209343,"Chinkulkitniwat, Purichaya",THA,F,,,,1636,0,40,SEP25,2011,w
6209980,"Chirakranont, Rawit",THA,M,,,,1411,0,40,SEP25,2011,i
6209998,"Chirakranont, Warit",THA,M,,,,1408,0,40,SEP25,2011,i
6200982,"Chirananthavat, Theemathas",THA,M,,,,2027,0,20,SEP25,1998,i
6207871,"Chiravanich, Pathee",THA,M,,,,ACM,1699,0,SEP25,2008,i
6208720,"Chokthitirath, Akararath",THA,M,,,,1560,0,40,SEP25,2009,
6204570,"Chokthitirath, Wongpakorn",THA,M,,,,1490,0,40,SEP25,2004,i
6205178,"Chongstitwattana, Cholapat",THA,M,,IA,,AIM,1592,0,SEP25,1981,
6207294,"Choomwattana, Patnarin",THA,F,,,,1500,0,40,SEP25,2009,wi
6218644,"Choophan, Thumtiwat",THA,M,,,,1522,0,40,SEP25,2009,
6223524,"Chotesuparach, Vimutti",THA,M,,,,1473,4,40,SEP25,2011,
6204589,"Chotichanathawewong, Sanquan",THA,M,,,,1752,0,20,SEP25,2003,i
6202209,"Chotitada, Sivawong",THA,M,,,,1848,0,20,SEP25,1995,i
6200273,"Chuachavalit, Surasak",THA,M,,,,2102,0,20,SEP25,1959,i
6215190,"Chuehom, Chinnakit",THA,M,,NA,,1597,0,40,SEP25,1999,i
6203710,"Chuemsakul, Sarocha",THA,F,WFM,WFM,NA,1969,0,20,SEP25,2004,w
6204597,"Chuensuwonkul, Pariyakul",THA,F,,,,1488,0,20,SEP25,2006,wi
6216374,"Chulanon, Pongrak",THA,M,,NA,,1588,0,40,SEP25,1993,i
6207634,"Chulasereekul, Kwanchanok",THA,F,,,,1518,0,20,SEP25,1998,wi
6214444,"Chunsukon, Viritpol",THA,M,,,,1693,0,40,SEP25,2007,i
6200923,"Chutubtim, Prayudh",THA,M,,,,1964,0,20,SEP25,1944,i
6207510,"Dadoung, Chanthanipa",THA,F,,,,1563,0,20,SEP25,2003,wi
6226248,"Damraks, Teeravee",THA,M,,,,1561,0,40,SEP25,2018,
6204333,"Danyuttasilp, Yuttasak",THA,M,,,,1651,0,40,SEP25,1974,i
6200079,"Darakorn, Prachum",THA,M,,,,2230,0,20,SEP25,1941,i
6200451,"Darby, Peter",THA,M,,,,1921,0,20,SEP25,1961,i
6212336,"Dechjarernsi, Kantapon",THA,M,,,,1566,0,40,SEP25,1998,i
6214053,"Deeprasert, Fauzi",THA,M,,,,1450,0,40,SEP25,2007,
6218180,"Deeprasit, Napat",THA,M,,,,1468,0,40,SEP25,2010,
6200613,"Deewan, Nitat",THA,M,,,,2059,0,20,SEP25,1974,i
6215122,"Dhippayom, Tara",THA,M,,,,1548,0,40,SEP25,2008,i
6202055,"Duangchaiya, Paphon",THA,M,,,,1738,0,40,SEP25,1998,i
6201180,"Duangsasitorn, Panya",THA,M,,,,1799,0,40,SEP25,1959,i
6200524,"Ekaworawong, Prayoon",THA,M,,,,2017,0,40,SEP25,1963,i
6204341,"Eksithichai, Sasawat",THA,M,,,,1705,0,40,SEP25,1993,i
6208452,"Footrakul, Tiwat",THA,M,,,,1744,0,40,SEP25,2003,i
6219233,"Fukushima, Yuto",THA,M,,,,1580,0,40,SEP25,2011,
6202063,"Gavil, Thatpon",THA,M,,,,1860,0,40,SEP25,1996,i
6206611,"Ghongsing, Pakaporn",THA,F,,,,1471,0,40,SEP25,2006,wi
6205216,"Giordano, Benito",THA,M,,,,1509,0,40,SEP25,1999,i
6207235,"Gueta, Rafael",THA,M,,,,1530,0,40,SEP25,2010,i
6200125,"Hansing, Saphong",THA,M,,,,1990,0,20,SEP25,1986,i
6210465,"Haugerudbraaten, Hanna Mai",THA,F,,,,1468,0,40,SEP25,2008,wi
6223290,"Homsetnan, Tanatch",THA,M,,,,AFM,1632,0,SEP25,2013,
6208762,"Houston, Jay",THA,M,,,,1552,0,40,SEP25,2005,i
6201768,"Iamjarern, Piyaratch",THA,F,,,,1957,0,40,SEP25,1972,wi
6207936,"Iamwattananan, Nattapong",THA,M,,,,1462,0,40,SEP25,2000,i
6225802,"Immaraporn, Popdham",THA,M,,,,1569,0,40,SEP25,2010,
6205712,"Inbanlue, Chanapol",THA,M,,,,1660,0,40,SEP25,1997,i
6214800,"Inthasoi, Thip-aksorn",THA,F,,,,1575,0,20,SEP25,2000,w
6207391,"Iwashita, Shun",THA,M,,,,1548,0,40,SEP25,2005,i
6220606,"Jairakkla, Napapat",THA,F,,,,1487,0,40,SEP25,2016,w
6203116,"Jandang, Thita",THA,F,,,,1616,0,40,SEP25,2002,wi
6201342,"Janset, Pakpoom",THA,M,,,,1685,0,20,SEP25,1999,i
6214797,"Jantharajirakul, Athit",THA,M,,,,1479,0,40,SEP25,2013,
6203906,"Janudom, Petoori",THA,F,,,,1533,0,40,SEP25,1978,wi
6216480,"Jarernpon, Kesinee",THA,F,,NA,,1457,0,40,SEP25,1999,wi
6216650,"Jarernpun, Napattonr",THA,M,,,,1438,0,40,SEP25,2001,i
6209050,"Jarusintop, Benyapa",THA,F,,,,1435,0,40,SEP25,1998,wi
140244578,"Jeeradit, Metha",THA,M,,,,1604,0,20,SEP25,1980,
6213871,"Jetruksawana, Matirak",THA,M,,,,1782,0,40,SEP25,1952,i
6206794,"Jingjang, Shin",THA,M,,,,1815,0,20,SEP25,2006,i
6215882,"Jirasiriariyakul, Sirawat",THA,M,,,,1492,0,40,SEP25,2007,
6200150,"Jiravorasuk, Banjuab",THA,M,FM,,,2281,0,20,SEP25,1963,i
6208924,"Jiroajvanichakorn, Rathasart",THA,M,,,,1808,0,40,SEP25,2009,
6222609,"Jitjuajun, Waratorn",THA,M,,,,1550,0,40,SEP25,2013,
6214878,"Jitsamlan, Aittipong",THA,M,,,,1536,0,40,SEP25,1996,i
6211801,"Jitwichian, Nichanart",THA,F,,,,1470,0,40,SEP25,2014,w
6209963,"Jitwichian, Pataradit",THA,M,,,,1646,0,40,SEP25,2011,
6214010,"Jongatireklap, Wacharaphol",THA,M,,NA,,1594,3,20,SEP25,1988,
6219063,"Jongjaturachok, Phumthakit",THA,M,,,,1623,0,40,SEP25,2008,
6202420,"Jumpathong, Chayanon",THA,M,,,,1822,0,40,SEP25,1994,i
6208789,"Junput, Orachaporn",THA,F,,,,1542,0,40,SEP25,2009,wi
6204775,"Kaeding, Khanittha",THA,F,,,,1451,0,40,SEP25,1965,wi
6209092,"Kaenratana, Pannathon",THA,F,,,,1503,0,40,SEP25,2011,w
6209106,"Kaenratana, Punyathon",THA,M,,,,1728,0,40,SEP25,2011,
6216846,"Kaewdee, Aphivit",THA,M,,,,1571,0,40,SEP25,2010,i
6202217,"Kaewsawang, Wuttisak",THA,M,,,,1931,0,40,SEP25,1983,i
6212166,"Kaewwattha, Chanathun",THA,M,,,,1416,0,20,SEP25,2005,i
6212174,"Kaewwattha, Natrada",THA,F,,,,1655,0,40,SEP25,2007,w
6207375,"Kajornmanee, Prin",THA,M,,,,1525,0,20,SEP25,2006,i
6204970,"Kalpana, Ariya",THA,M,,,,1600,0,40,SEP25,2002,i
6218440,"Kamonhat, Tumpapon",THA,M,,,,1655,0,40,SEP25,2011,
6203183,"Kamphusan, Thaphat",THA,M,,,,1809,0,20,SEP25,1996,i
6200990,"Kanan, Rugsit",THA,M,,,,1910,0,20,SEP25,1993,i
6201601,"Kananub, Warot",THA,M,CM,,,2151,0,20,SEP25,1994,i
6209890,"Kangkorn, San",THA,M,,,,1455,0,40,SEP25,2009,
6208193,"Kangkorn, Sek",THA,M,,,,1563,0,40,SEP25,2006,i
6221017,"kasemsup, Teetat",THA,M,,,,1490,2,40,SEP25,2016,
6200168,"Kasetchol, Sathit",THA,M,,,,2037,0,20,SEP25,1962,i
6207740,"Kasikam, Thanut",THA,M,,,,1470,0,20,SEP25,1969,i
6214916,"Kaveevorayan, Nichakarn",THA,F,,,,1429,2,40,SEP25,1992,w
6203426,"Kemmler, Kathrin Khanchanok",THA,F,,,,1707,0,40,SEP25,2000,w
6217184,"Keongamaroon, Artittaya",THA,F,,,,1447,0,40,SEP25,2010,w
6218016,"Kesareeporn, Parinpat",THA,M,,,,1448,0,40,SEP25,2012,
6222200,"Khamkuer, Thanthorn",THA,M,,,,AFM,1453,0,SEP25,2001,
6204260,"Khampliw, Jitasan",THA,F,,,,1444,0,20,SEP25,1992,wi
6204228,"Khanijou, Harin",THA,M,,,,1441,0,40,SEP25,2001,i
6204244,"Khanijou, Kavin",THA,M,,,,1622,0,40,SEP25,1995,i
6204147,"Khanijou, Rajbir Singh",THA,M,,,,1760,0,20,SEP25,1972,i
6209289,"Khantree, Napat",THA,F,WCM,WCM,,1663,0,40,SEP25,2007,w
6212280,"Khoonmee, Yoodthana",THA,M,,,,1569,0,20,SEP25,1997,
6215378,"Khovitoongij, Chai",THA,M,,,,1480,0,40,SEP25,1993,i
6214851,"Khuijanthuek, Kannika",THA,F,,,,1499,0,40,SEP25,1997,w
6202071,"Khumnorkaew, Tupfah",THA,M,,NA,,2011,0,20,SEP25,1998,i
6200494,"Khunpugdee, Plymas",THA,F,,,,1878,0,40,SEP25,1962,wi
6200532,"Khunpugdee, Saipan",THA,F,,,,1946,0,40,SEP25,1963,wi
6211593,"Kiattananan, Punn",THA,M,,,,1490,0,40,SEP25,2006,i
6207111,"Kingpoom, Sakdiphat",THA,M,,,,1626,0,20,SEP25,2004,i
6222277,"Kititheerakul, Thanaset",THA,M,,,,1553,0,40,SEP25,1999,i
6218792,"Kittikongnapa, Chinnapat",THA,M,,,,1456,0,40,SEP25,2007,i
6225535,"Kittisiripan, Sarocha",THA,F,,,,1433,1,40,SEP25,1993,w
6213430,"Kledmanee, Darun",THA,M,,,,1703,0,40,SEP25,2009,
6200346,"Kongsee, Uaychai",THA,M,FM,,,2172,0,20,SEP25,1979,
6201520,"Koosiripanit, Worakamon",THA,F,,,,1954,0,40,SEP25,1980,wi
6211771,"Kosaisoonthorn, Marwin",THA,M,,,,1710,0,20,SEP25,2003,i
6201393,"Kositapant, Alisara",THA,F,,,,1924,0,40,SEP25,1970,wi
6209149,"Kositwongsakul, Thanig",THA,M,,,,1666,0,40,SEP25,1997,i
6203264,"Krachangpun, Nathat",THA,M,,NA,,1861,0,20,SEP25,1996,i
6224164,"Krajaejun, Yanakorn",THA,M,,,,1456,0,40,SEP25,2011,
6206980,"Kulchayodom, Pridiyathon",THA,M,,,,1684,0,20,SEP25,2006,i
6201610,"Kulpruethanon, Thanadon",THA,M,FM,,,2281,0,20,SEP25,1994,
6209874,"Kunanantakul, Kunapat",THA,M,,,,AFM,1421,0,SEP25,2008,
6209777,"Kunanantakul, Kunawach",THA,M,,,,AIM,1626,0,SEP25,2006,
6218490,"Kunsansuphakit, Kitgawin",THA,M,,,,1642,0,40,SEP25,2004,i
6216366,"Kusakulpiboon, Sirawich",THA,M,,,,1715,0,20,SEP25,2006,i
6211518,"Kusalanukhun, Pattarawadee",THA,F,,,,1500,0,40,SEP25,2009,wi
6206247,"Kuttiyawittayakul, Kannikar",THA,F,,,,1668,0,40,SEP25,1990,wi
6200869,"Laiprasitporn, Winyu",THA,M,,,,1831,0,40,SEP25,1975,i
6217001,"Lam Zen Wee, Wisely",THA,M,,,,1626,0,40,SEP25,2004,i
6215785,"Laoaraya, Natchanan",THA,F,,,,1483,0,40,SEP25,2009,w
6221203,"Laogumnerd, Kritpithak",THA,M,,,,1424,0,40,SEP25,2013,
6205003,"Laohawirapap, Prin",THA,M,IM,,,2423,9,10,SEP25,2006,
6204139,"Laosaengpha, Napat",THA,M,,,,1728,0,20,SEP25,1998,i
6204279,"Laosaengpha, Pimmada",THA,F,,,,1473,0,40,SEP25,2000,wi
6200397,"Leabsuwon, Krisda",THA,M,,,,1991,0,40,SEP25,0,i
6215661,"Leeanant, Kraisit",THA,M,,,,1673,3,40,SEP25,2003,
6218504,"Leeisaranukul, Michael",THA,M,,,,1695,0,40,SEP25,1972,i
6214681,"Leksukhum, Torne",THA,M,,,,1706,0,40,SEP25,2011,
6216765,"Leowchawalit, Tanakorn",THA,M,,,,1444,0,40,SEP25,2015,i
6218300,"Lertariyanunt, Peeranat",THA,M,,,,1471,0,40,SEP25,2012,i
6217699,"Lertpatarakomol, Rathawas",THA,M,,,,1438,0,40,SEP25,2011,
6206468,"Lertvanangkul, Pongsapak",THA,M,,,,1440,0,40,SEP25,1994,i
6202233,"Lertwiram, Apichat",THA,M,,,,1860,0,20,SEP25,2000,i
6211542,"Liewsaree, Tasapon",THA,M,,,,1405,0,40,SEP25,1989,i
6206484,"Limlungkarn, Apiwat",THA,M,,,,1795,0,20,SEP25,1993,i
6215645,"Limpetcharakul, Nutnapon",THA,M,,,,AFM,1764,0,SEP25,2009,
6210864,"Limpornchaicharoen, Napat",THA,M,,,,1413,0,40,SEP25,2006,i
6217680,"Liukasemsarn, Pakornnarong",THA,M,,,,1627,0,40,SEP25,2015,
6212026,"Lohanimit, Thiti",THA,M,,,,1546,0,40,SEP25,2006,i
6213618,"Louwakul, Phuwin",THA,M,,,,AFM,1503,0,SEP25,2014,
6216170,"Luangvaranunt, Napat",THA,M,,,,1444,0,40,SEP25,2013,i
6215335,"Lueang-urai, Peerasit",THA,M,,,,1641,0,40,SEP25,2008,i
6217370,"Luttakunaporn, Pichamon",THA,F,,,,1427,0,40,SEP25,2009,w
6219527,"Maetavittayakorn, Chawakorn",THA,M,,,,1713,3,40,SEP25,2014,
6212239,"Mahapiyasilp, Spa",THA,M,,,,1631,0,40,SEP25,2006,
6205747,"Malaitham, Bhujong",THA,M,,,,1487,0,40,SEP25,2005,i
6204090,"Manakit, Piyalap",THA,M,,,,1666,0,40,SEP25,1979,i
6201482,"Maneeratanasak, Chanavuth",THA,M,,,,1762,0,20,SEP25,1969,i
6202241,"Maneesorn, Kankawee",THA,M,,,,1923,0,20,SEP25,1999,i
6202250,"Mangkham, Keartisak",THA,M,,,,1681,0,20,SEP25,2002,i
6200877,"Maouel, Kamel",THA,M,,,,1887,0,20,SEP25,1976,i
6221033,"Maungwong, Arada",THA,F,,,,1416,0,40,SEP25,2016,w
6204376,"Meesukkulpat, Kantames",THA,M,,,,1615,0,40,SEP25,1993,i
6204384,"Mekarapiruk, Chawit",THA,M,,,,1730,0,20,SEP25,2006,i
6208487,"Mekarapiruk, Nathasha",THA,F,WCM,WCM,,1808,0,40,SEP25,2009,w
6221645,"Mekasuwandit, Chanayus",THA,M,,,,1444,0,40,SEP25,2011,
6200311,"Mephuch, Yolyonk",THA,M,,,,1971,0,20,SEP25,1951,i
6200087,"Methaset, Thawat",THA,M,,,,2215,0,20,SEP25,0,i
6214738,"Mishra, Arush",THA,M,,,,1659,0,40,SEP25,2008,
6207618,"Mokawattana, Wongsathorn",THA,M,,,,1790,0,20,SEP25,2003,
6209602,"Mongkolpradit, Harris",THA,M,,,,1671,0,20,SEP25,2002,i
6214770,"Mongkoltawephun, Chanon",THA,M,,,,1616,0,40,SEP25,2005,
6204651,"Mutaya, Chayanit",THA,F,,,,1492,0,20,SEP25,2006,wi
6218415,"Na Lampoon, Ronnakorn",THA,M,,,,1468,0,40,SEP25,2007,i
6200109,"Nainapalert, Tanin",THA,M,,NA,,2126,0,20,SEP25,1951,i
6223796,"Najai, Theeraphat",THA,M,,,,1702,5,40,SEP25,2012,
6220509,"Nakthip, Nakorn",THA,M,,,,1502,0,40,SEP25,2016,
6200478,"Nakvanich, Sahapol",THA,M,,,,1690,0,20,SEP25,1969,
6213952,"Nampitak, Surachai",THA,M,,,,1426,0,40,SEP25,1989,i
6218636,"Nantarattanasakul, Suphata",THA,M,,,,1549,0,40,SEP25,2009,
6207448,"Narischat, Phudit",THA,M,,,,1431,0,40,SEP25,2008,i
6209017,"Narkchaiya, Bhum",THA,M,,,,1429,0,40,SEP25,2000,i
6203213,"Nattavutthisit, Kavin",THA,M,,,,1930,0,20,SEP25,1999,i
6214495,"Ngamdeethae, Wimok",THA,M,,,,1480,0,40,SEP25,2004,i
6209300,"Ngamdeethae, Wimutti",THA,M,,,,1560,0,40,SEP25,2003,i
6207570,"Nilkhumhaeng, Nilwadee",THA,F,,NA,,1507,0,20,SEP25,2005,w
6201938,"Nimityongskul, Pichai",THA,M,,,,1783,0,40,SEP25,1947,i
6211399,"Ninpattanangkul, Chatchanon",THA,M,,,,1605,0,40,SEP25,2011,
6217303,"Niramitpattanakoson, Ditsapat",THA,M,,,,1770,0,40,SEP25,2009,
6214177,"Noparatvarakorn, Peewatin",THA,M,,,,1433,0,40,SEP25,2012,i
6204660,"Noppakun, Napat",THA,M,,,,1594,0,40,SEP25,2005,i
6202080,"Norris, Christopher",THA,M,,,,1467,0,40,SEP25,1997,i
6211240,"Nuchit, Apisit",THA,M,,,,1568,0,40,SEP25,2000,i
6206689,"Nudat, Pinpremsin",THA,F,,,,1620,0,40,SEP25,2005,wi
6203310,"Nunbhakdi, Tawin Matthew",THA,M,,,,2076,0,20,SEP25,1998,i
6216390,"Onbumrung, Anon",THA,M,,,,1500,0,40,SEP25,1991,i
6217834,"Onggara, Hugh Ananta",THA,M,,,,1458,0,40,SEP25,2011,
6209157,"Pa-in, Thunpisit",THA,M,,,,1482,0,40,SEP25,2012,
6200648,"Pakornrat, Worranat",THA,M,,,,1858,0,40,SEP25,1984,i
6219128,"Pamonvisutisuk, Pongpat",THA,M,,,,1422,0,40,SEP25,1987,
6219489,"Panittanakom, Warantorn",THA,M,,,,1633,0,40,SEP25,2011,
6226639,"Panthong, Jakkid",THA,M,,,,1401,0,40,SEP25,1982,
6204392,"Pantong, Tikampon",THA,M,,,,1714,0,20,SEP25,1990,
6208525,"Panyaraj, Prissayaporn",THA,F,,,,1510,0,40,SEP25,2007,wi
6208959,"Panyoyai, Pacharapong",THA,M,,,,1405,0,40,SEP25,2008,i
6206956,"Parhira, Preeda",THA,M,,,,1699,0,40,SEP25,2003,i
6207383,"Parkpoom, Chawanakorn",THA,M,,,,1483,0,40,SEP25,2005,i
6220118,"Parnumats, Jetsadakorn",THA,M,,,,1537,0,40,SEP25,2012,i
6215971,"Patanasakdikul, Thanapipat",THA,M,,,,1497,0,40,SEP25,2012,
6201628,"Patharajindaskoon, Suteep",THA,M,,,,1912,0,40,SEP25,1969,i
6207308,"Pattanak, Wittawat",THA,M,,,,1564,0,20,SEP25,1982,
6206590,"Payapvattanavong, Punnawit",THA,M,,,,1589,0,20,SEP25,2005,i
6216633,"Pengsee, Pemika",THA,F,,,,1473,2,40,SEP25,1991,w
6204511,"Pengwanphuk, Narrongdej",THA,M,,,,1607,0,40,SEP25,1998,i
6201210,"Petchrongrusamee, Pornpong",THA,M,,,,1632,0,20,SEP25,1970,i
6200656,"Petprasert, Vasaron",THA,M,,,,1899,0,20,SEP25,1990,i
6202462,"Phaireekayard, Thanita",THA,F,,,,1627,0,40,SEP25,1993,wi
6211127,"Phaithoon Na Ayuttaya, Apirak",THA,M,,,,1668,0,40,SEP25,1999,i
6212395,"Phandsupatavorn, Wasin",THA,M,,,,1702,0,40,SEP25,1999,i
6209009,"Phanudom, Khosak",THA,M,,IA,,1531,0,40,SEP25,1956,i
6202268,"Pheephacharakan, Pinatpong",THA,M,,NA,,1854,0,20,SEP25,2003,i
6217532,"Phichetarpha, Thanakit",THA,M,,,,1662,0,40,SEP25,2009,
6213820,"Phimpraphan, Sunny",THA,M,,NA,,1509,0,40,SEP25,2008,i
6205631,"Phisitkul, Victor Djasli",THA,M,,,,1522,0,20,SEP25,2005,i
6212352,"Phisuthikul, Poj",THA,M,,,,1464,0,40,SEP25,2012,i
6201911,"Phitchayarom, Ruja",THA,F,WCM,WCM,,1656,0,20,SEP25,1992,wi
6206573,"Phomsong, Wayu",THA,M,,,,1485,0,40,SEP25,2007,i
6223788,"Phumpayom, Kittin",THA,M,,,,1569,0,40,SEP25,2009,
6203590,"Phumphuang, Nathawat",THA,M,,,,1699,0,20,SEP25,2003,i
6203450,"Phumphuang, Natthaphat",THA,M,,,,1674,0,20,SEP25,2000,i
6214967,"Pienpoldeesakul, Baimon",THA,M,,,,1683,0,40,SEP25,2008,
6204406,"Pincharoen, Piyawat",THA,M,,,,1775,0,40,SEP25,1985,i
6203914,"Pinphetsawan, Sirikwan",THA,F,,NA,,1513,3,20,SEP25,1993,w
6217915,"Pinpraserd, Tanawat",THA,M,,,,1419,0,40,SEP25,2003,i
6201008,"Pinsuwan, Natchanok",THA,M,,,,1732,0,40,SEP25,1995,i
6201016,"Pinsuwan, Thatchawat",THA,M,,,,1794,0,40,SEP25,1997,i
6221670,"Piriyalertsak, Teerathut",THA,M,,,,1434,2,40,SEP25,2014,
6213065,"Pitakdantham, Perawit",THA,M,,,,1534,0,40,SEP25,2008,i
6204678,"Pitantanakij, Olarn",THA,M,,,,1721,0,20,SEP25,1969,i
6200206,"Pitirotjirathon, Jirapak",THA,M,FM,"FT,SI",,2187,0,20,SEP25,1977,i
6206816,"Piyathumawuttikul, Kantapat",THA,M,,,,1713,0,40,SEP25,2007,i
6204414,"Plakwongsirikul, Sakkaranant",THA,M,,NA,,1754,0,20,SEP25,2004,
6200486,"Plengsap, Krisadayut",THA,M,,,,2160,0,20,SEP25,1971,i
6218075,"Plodnaimueang, Ueaangkun",THA,M,,,,1606,0,40,SEP25,2010,
6201229,"Pojpanichpong, Phongsaphat",THA,M,,,,1809,0,40,SEP25,1992,i
6200354,"Pongkiettisak, Sant",THA,M,,,,1994,0,20,SEP25,1969,i
6201970,"Pongsacharoennont, Smarn",THA,M,,,,1791,0,40,SEP25,1955,i
6200516,"Pornariyasombat, Atippat",THA,M,,,,1972,0,20,SEP25,1973,i
6202497,"Pornpichitwattanakij, Pornmongkol",THA,M,,,,1724,0,40,SEP25,1991,i
6212727,"Prairahongkun, Narupachai",THA,M,,,,1693,0,40,SEP25,2001,i
6218474,"Praneechotiros, Tharawut",THA,M,,,,1488,0,40,SEP25,1994,
6201369,"Prapaipis, Vanatip",THA,M,,,,1886,0,40,SEP25,0,i
6216129,"Praphapornvorakul, Kemanat",THA,M,,,,1534,0,40,SEP25,2007,i
6215084,"Prasertcharoensuk, Poomjai",THA,M,,,,1426,0,40,SEP25,2009,i
6204422,"Prasitsoonthorn, Teerachoti",THA,M,,,,AIM,1816,0,SEP25,2003,i
6201300,"Prasopchandra, Surachai",THA,M,,,,1867,0,20,SEP25,0,i
6202500,"Pratuengsukpong, Chitaporn",THA,F,WCM,WCM,,1819,0,40,SEP25,1993,wi
6210686,"Prayoonthamrongthiti, Pisut",THA,M,,,,1839,0,20,SEP25,2002,i
6204694,"Promchan, Noppakun",THA,M,,,,1564,0,40,SEP25,2007,i
6204996,"Prommuang, Araya",THA,F,WCM,WCM,NA,1827,0,40,SEP25,2007,w
6204171,"Promsirinimit, Pornouma",THA,F,,,,1735,0,40,SEP25,1995,wi
6203922,"Promsirinimit, Suratsada",THA,F,,,,1666,0,40,SEP25,1994,wi
6221360,"Punbua, Naphapach",THA,F,,,,1446,0,40,SEP25,2009,w
6204708,"Punpuckdeekoon, Matang",THA,F,,,,1414,0,40,SEP25,2007,wi
6216706,"Puntuyakorn, Nachapol",THA,M,,,,1521,0,40,SEP25,2007,
6207782,"Punyanitya, Jirath",THA,M,,,,1686,0,40,SEP25,2010,
6211704,"Punyanitya, Prempipath",THA,M,,,,1497,0,40,SEP25,2012,
6217273,"Quint, Stefan",THA,M,,,,1439,0,40,SEP25,2004,i
6203078,"Rangkaew, Katunchalee",THA,F,,,,1567,0,20,SEP25,1991,w
6219047,"Rangsimanurak, Thitiphan",THA,M,,,,1417,0,40,SEP25,2011,i
6213677,"Rattanasinurangkun, Nuttapon",THA,M,,,,1674,0,40,SEP25,1997,i
6201032,"Rattanawicha, Payothon",THA,M,,,,1784,0,40,SEP25,1970,i
6200435,"Raungvorrarugsiri, Opas",THA,M,,,,2057,0,20,SEP25,1967,i
6224717,"Remigereau, Mathys",THA,M,,,,1568,0,40,SEP25,2016,
6204732,"Riangrungrote, Phawat",THA,M,,,,1776,0,20,SEP25,2005,i
6200583,"Rittilert, Raweewish",THA,M,,,,1990,0,40,SEP25,1977,i
6200060,"Rittiphunyawong, Anothai",THA,M,,,,2230,0,20,SEP25,1945,i
6221793,"Rodraksa, Traya",THA,M,,,,1591,0,40,SEP25,2014,
6207669,"Roekwiree, Kob-ngoen",THA,F,,NA,,1593,0,20,SEP25,1997,wi
6200133,"Rojprapayont, Viroj",THA,M,,,,2205,0,40,SEP25,0,i
6220347,"Ruengjirachuporn, Chantat",THA,M,,,,1490,4,40,SEP25,2017,
6221823,"Rungrawi, Supphachet",THA,M,,,,1505,0,40,SEP25,2007,i
6201040,"Sae Lee, Krish",THA,M,,,,1907,0,40,SEP25,1979,i
6200184,"Saeheng, Boonsueb",THA,M,FM,,,2029,0,20,SEP25,1966,i
6207316,"Saelee, Suppakrit",THA,M,,,,1833,0,20,SEP25,1979,i
6225284,"Saengngoen, Kantawit",THA,M,,,,1603,0,40,SEP25,2009,
6214860,"Saenpoch, Kansak",THA,M,,,,1677,0,20,SEP25,2000,
6204880,"Saiai, Purimprach",THA,M,,,,1566,0,40,SEP25,2010,i
6206697,"Saipetch, Kai",THA,M,,,,1604,0,40,SEP25,2008,i
6211380,"Saisud, Krit",THA,M,,,,1602,0,40,SEP25,2008,
6202101,"Sajjapornthep, Jarunpol",THA,M,,,,1859,0,20,SEP25,1973,
6214754,"Sajjapornthep, Varisara",THA,F,,,,1529,0,40,SEP25,2005,wi
6202519,"Sakboon, Chanita",THA,F,,,,1565,0,40,SEP25,2000,wi
6202314,"Sakboon, Harit",THA,M,,,,1707,0,20,SEP25,1998,i
6201784,"Sakdavisarak, Komgrib",THA,M,,,,1722,0,20,SEP25,1970,
6221866,"Sakpongsathorn, Krittapas",THA,M,,,,AIM,1629,0,SEP25,2007,
6204740,"Saksaringkarn, Nattawee",THA,M,,,,1739,0,40,SEP25,1998,i
6201423,"Saksaringkarn, Nattawut",THA,M,,,,1798,0,40,SEP25,0,i
6221262,"Samalapa, Sansern",THA,M,,,,1536,0,40,SEP25,1967,i
6207243,"Samatthanan, Jirath",THA,M,,,,1611,0,40,SEP25,2008,i
6207251,"Samatthanan, Theerath",THA,M,,,,1583,0,40,SEP25,2010,i
6204058,"Samphaothong, Siriwan",THA,F,,,,1583,0,40,SEP25,2000,w
6203124,"Sandhiratne, Akkarawut",THA,M,,,,1825,0,20,SEP25,1992,i
6205518,"Sangkham, Irada",THA,F,,,,1521,0,40,SEP25,2002,wi
6205585,"Sangkham, Tanawat",THA,M,,,,1478,0,40,SEP25,2007,i
6201407,"Sangsanguan, Khantchai",THA,M,,,,2119,0,40,SEP25,1960,i
6219896,"Sangsinghanart, Pattharapoom",THA,M,,,,1502,2,40,SEP25,2010,
6200362,"Sangsuwan, Dhanuphob",THA,M,,,,2093,0,40,SEP25,1970,i
6206760,"Sattayanuchit, Kongkiat",THA,M,,,,1463,0,40,SEP25,1991,i
6204015,"Seela, Prajuk",THA,M,,,,1660,0,20,SEP25,1979,
6204023,"Sevikul, Bhasit",THA,M,,,,1812,0,40,SEP25,1958,i
6204910,"Siladaeng, Teewasu",THA,M,,,,1750,0,20,SEP25,2006,i
6200680,"Silalikhit, Jakkapan",THA,M,,,,1598,0,40,SEP25,1966,
6211690,"Simaroj, Ratravee",THA,M,,,,1539,0,40,SEP25,2006,i
6204082,"Simawit, Tirasak",THA,M,,,,1443,0,20,SEP25,2002,i
6200800,"Singh, Kritin",THA,M,,,,1912,0,40,SEP25,1992,i
6212255,"Singhamanas, Teerachart",THA,M,,,,1459,0,40,SEP25,1979,i
6200699,"Singhsilarak, Tisadee",THA,M,,,,1910,0,40,SEP25,1971,i
6204767,"Singsomroj, Sornsawan",THA,F,,,,1602,0,20,SEP25,2003,wi
6206930,"Singtoroj, Rattchapol",THA,M,,,,1488,0,40,SEP25,2006,i
6221300,"Sinman, Chawin",THA,M,,,,1596,0,40,SEP25,2007,i
6200052,"Sinprayoon, Pricha",THA,M,,,,2235,0,20,SEP25,1944,i
6210961,"Sintusiri, Teeruch",THA,M,,,,1552,0,40,SEP25,1998,i
6216323,"Siridanupath, Gavin",THA,M,,,,1790,9,40,SEP25,2013,
6210902,"Siripatvanich, Nonglak",THA,F,,,,1576,1,20,SEP25,1992,w
6217133,"Siriponlai, Sivakorn",THA,M,,,,1732,0,40,SEP25,1997,i
6214568,"Siripraiwan, Tanawat",THA,M,,,,AFM,1554,0,SEP25,2008,i
6220380,"Sirisinghol, Natthanun",THA,M,,,,1401,0,40,SEP25,2011,
6212590,"Siriswangmek, Natnicha",THA,F,,,,1535,0,40,SEP25,2012,w
6200400,"Siriwiyo, Sunthorn",THA,M,,,,2175,0,40,SEP25,0,i
6200443,"Sivara, Poompat",THA,M,,,,1866,0,20,SEP25,1964,
6220576,"Sivaraksa, Sanhawat",THA,M,,,,1430,0,40,SEP25,2013,i
6214673,"Som-Aang, Jon",THA,M,,,,1422,0,40,SEP25,2010,i
6201261,"Somprasong, Pramote",THA,M,,,,1891,0,20,SEP25,1970,i
6210759,"Somthong, Aonuma",THA,F,,,,1482,0,40,SEP25,2007,wi
6205020,"Sorncharoensap, Pongphop",THA,M,,,,1488,0,40,SEP25,2006,i
6203779,"Sorncharoensap, Poramet",THA,M,,,,1633,0,20,SEP25,2005,i
6208835,"Srettawiwatt, Nicharee",THA,F,,,,1508,0,40,SEP25,2008,w
6222196,"Sricharoen, Pore",THA,M,,,,1543,0,40,SEP25,1998,
6204961,"Srichawla, Adithep",THA,M,,,,1617,0,40,SEP25,2004,i
6204929,"Srichawla, Aphithep",THA,M,,,,1482,0,40,SEP25,2006,i
6217877,"Srichiraratana, Sittha",THA,M,,,,1455,0,40,SEP25,2004,i
6201903,"Srijomtong, Isawan",THA,F,WCM,WCM,,1753,0,40,SEP25,1998,wi
6202004,"Srijomtong, Oraric",THA,M,,,,1772,0,40,SEP25,1998,i
6217761,"Srilaoong, Kuakoon",THA,M,,,,1571,0,40,SEP25,1997,i
6205046,"Sripaiboon, Thanomsak",THA,M,,,,1583,0,40,SEP25,1972,i
6212263,"Sripakdee, Padungsak",THA,M,,,,1535,0,20,SEP25,1968,
6201636,"Sriphutkiat, Yannapol",THA,M,,,,1929,0,40,SEP25,1991,i
6214886,"Sriraksa, Phongkit",THA,M,,,,1561,2,20,SEP25,1994,
6213383,"Srisawang, Piroon",THA,M,,FA,,1808,1,20,SEP25,1995,
6205070,"Srisawat, Suchart",THA,M,,,,1762,0,40,SEP25,1959,i
6207359,"Srisuwan, Poohhans",THA,M,,,,1420,0,40,SEP25,2004,i
6200419,"Srithongkul, Yuthikorn",THA,M,,,,2083,0,40,SEP25,0,i
6207731,"Sritipsukho, Patarawut",THA,M,,,,1609,0,40,SEP25,2002,i
6200230,"Srivachirawat, Kannapon",THA,M,,,,2205,0,20,SEP25,1967,i
6200508,"Srivatanakul, Pricha",THA,M,,,,1617,0,20,SEP25,1937,i
6213995,"Srivilaived, Pruetipong",THA,M,,,,1476,0,40,SEP25,2003,i
6216226,"Sriwises, Tachit",THA,M,,,,1663,0,40,SEP25,2007,
6219799,"Sucharit, Phop-phon",THA,M,,,,1593,0,40,SEP25,2007,
6204180,"Sukpancharoen, Sirikan",THA,F,,,,1671,0,40,SEP25,2001,wi
6218709,"Sumetchotimaytha, Thanakorn",THA,M,,,,1428,0,40,SEP25,2014,i
6201890,"Sunathvanichkul, Tawan",THA,M,,,,1633,0,40,SEP25,1992,i
6200370,"Suppt-hongs, Paisal",THA,M,,,,1789,0,20,SEP25,1950,i
6202306,"Suranatbunsiri, Suphadithakorn",THA,M,,,,1897,0,20,SEP25,1987,i
6225209,"Surapongprapa, Rabil",THA,M,,,,1634,0,40,SEP25,1973,
6226256,"Surarangsiman, Aritat",THA,M,,,,1639,0,40,SEP25,2007,
6200788,"Surintharaseree, Kittitat",THA,M,,,,1939,0,40,SEP25,1989,i
6219357,"Suriyajan, Chayakorn",THA,M,,,,1708,0,40,SEP25,2015,
6207553,"Suriyasathaporn, Arpunna",THA,F,,,,1532,0,40,SEP25,2001,wi
6214657,"Suthiponpaisarn, Proudpitcha",THA,F,,,,1544,2,40,SEP25,2014,w
6207723,"Sutjaritsunchai, Thiti",THA,M,,,,1735,0,40,SEP25,1998,i
6202322,"Sutthithamwasi, Nut",THA,M,,,,1986,0,20,SEP25,1990,i
6201288,"Sutthithamwasi, Sirasit",THA,M,,,,1874,0,40,SEP25,1976,i
6224474,"Suttiprapa, Punwit",THA,M,,,,1512,0,40,SEP25,2010,
6200702,"Suwan, Pairoj",THA,M,,,,1874,0,20,SEP25,1970,
6220991,"Suwannaphong, Surasit",THA,M,,,,1717,0,40,SEP25,2005,
6213359,"Suwansawaiphol, Nuntaphat",THA,M,,,,1512,0,40,SEP25,2013,i
6215220,"Suwansawaiphol, Nuttaphat",THA,M,,,,1537,0,40,SEP25,2011,i
6203540,"Suwanvaree, Porawee",THA,M,,,,1672,0,20,SEP25,2002,i
6220789,"Suwitchanpan, Natthabhumi",THA,M,,,,1616,0,40,SEP25,2010,
6201652,"Tachaplalert, Suvich",THA,M,,,,1868,0,20,SEP25,1997,i
6217397,"Tairahan, Sorawit",THA,M,,,,1414,0,40,SEP25,2007,
6203477,"Tamtrakoon, Rattathammanoon",THA,M,,,,1767,0,20,SEP25,2000,i
6203604,"Tamtrakoon, Santi",THA,M,,,,1540,0,40,SEP25,2003,i
6217281,"Tangitvet, Permpetch",THA,M,,,,1458,0,40,SEP25,2010,i
6218369,"Tangsunawan, Natthanan",THA,M,,,,1642,0,40,SEP25,2011,
6204821,"Tangsunawan, Tada",THA,M,,,,1490,0,40,SEP25,2008,i
6204791,"Tantipura, Noppakorn",THA,M,,,,1999,0,20,SEP25,2003,i
6203043,"Taowal, Phanuwat",THA,M,,,,1871,0,20,SEP25,1998,i
6217095,"Tapanakulsak, Peramin",THA,M,,,,1588,0,40,SEP25,2010,
6205860,"Taulananda, Anon",THA,M,,,,AIM,1796,0,SEP25,2006,
6206115,"Tawankanjana, Dhi",THA,M,,,,1615,0,40,SEP25,2008,i
6208894,"Tawankanjana, Sasinat",THA,F,,,,1687,0,40,SEP25,2011,w
6200117,"Taweesupmun, Chanida",THA,F,WCM,WCM,,1764,0,20,SEP25,1984,wi
6207227,"Techamuanvivit, Pawit Cooper",THA,M,,,,1467,0,40,SEP25,2008,i
6206530,"Techavimol, Chayanon",THA,M,,,,1675,0,40,SEP25,1999,i
6200176,"Teerapabpaisit, Wisuwat",THA,M,FM,,,2051,0,20,SEP25,1971,
6207286,"Teerawuttiudom, Bhudit",THA,M,,,,1455,0,40,SEP25,2008,i
6218067,"Thamthinawut, Chanicha",THA,F,,,,1401,0,40,SEP25,1992,wi
6214819,"Thamthinawut, Nitcha",THA,F,,,,1438,0,40,SEP25,1992,wi
6203000,"Thanarotrung, Natkritta",THA,F,WFM,WFM,,1707,0,20,SEP25,1992,wi
6201059,"Thanarotrung, Ratchaphon",THA,M,,,,1935,0,20,SEP25,1994,i
6201733,"Thanatipanonda, Thotsaporn",THA,M,,,,2055,0,20,SEP25,1977,i
6204783,"Thanintharathan, Thawanphon",THA,F,,,,1591,0,40,SEP25,1994,wi
6215360,"Tharnthong, Nannapat",THA,F,,,,1461,0,40,SEP25,2010,w
6208908,"Thasangkha, Phakawan",THA,M,,,,1753,0,40,SEP25,1994,i
6204040,"Thassanamethin, Methavee",THA,M,,,,1703,0,20,SEP25,1980,i
6223613,"Thonganant, Bantat",THA,M,,,,1502,0,40,SEP25,2010,
6210970,"Thongkonsing, Prathak",THA,M,,,,1516,0,40,SEP25,1998,i
6206603,"Thongsuk, Supawaree",THA,F,,,,1572,0,20,SEP25,2005,wi
6205984,"Thongsuk, Teerawat",THA,M,,,,1598,0,20,SEP25,2003,i
6206492,"Thuaimirit, Nopparut",THA,M,,,,1468,0,40,SEP25,1993,i
6202330,"Tianopart, Ruengyot",THA,M,,,,1771,0,20,SEP25,1998,i
6205895,"Timsri, Worathep",THA,M,,,,2055,0,40,SEP25,1988,i
6218601,"Tipayadamrongkul, Dhrash",THA,M,,,,1473,0,40,SEP25,2013,i
6206166,"Tipkongras, Phitthayarat",THA,F,,,,1522,0,40,SEP25,1992,wi
6209882,"Titapiwatanakun, Boonjertpan",THA,M,,,,1472,0,40,SEP25,2008,i
652009726,"Tourteau, Victoria",THA,F,,,,1465,0,40,SEP25,2014,w
6200320,"Tovirat, Teerapong",THA,M,,,,2123,0,40,SEP25,1964,i
6218695,"Traisattaya, Sakolwat",THA,M,,,,1555,0,40,SEP25,2003,i
6200036,"Trisa-Ard, Nakorn",THA,M,FM,,,2117,0,20,SEP25,1943,i
6200729,"Tuamsang, Sawapop",THA,M,,,,1909,0,20,SEP25,1986,i
6203230,"Tungkaew, Pitchakorn",THA,M,,,,1682,0,40,SEP25,2001,i
6203493,"Tungkaew, Sitikan",THA,M,,,,1637,0,20,SEP25,2000,i
6210554,"Tunsakul, Nuttapol",THA,M,,,,1555,3,40,SEP25,1993,
6215017,"Tuntrairat, Banyawat",THA,M,,,,1459,2,40,SEP25,2016,
6202551,"Tuorila, Christina",THA,F,,,,1651,0,20,SEP25,1996,wi
6200214,"Tuorila, Kai",THA,M,,,,1818,0,20,SEP25,1965,
6202152,"Tuorila, Nina",THA,F,,NA,,1537,0,20,SEP25,2002,w
6218296,"Uapongkitikul, Pavatt",THA,M,,,,1521,0,40,SEP25,2012,
6213332,"Udornpim, Tye",THA,M,,,,1419,0,40,SEP25,2008,
6214118,"Ukachoke, Keeratipong",THA,M,,,,1695,0,40,SEP25,1989,
6207324,"Ungsrithong, Chanachoke",THA,M,,,,1438,0,40,SEP25,2008,i
6200389,"Unsomsri, Sertrachai",THA,M,,,,2035,0,40,SEP25,1975,i
6200222,"Unsomsri, Thongchai",THA,M,,,,2022,0,20,SEP25,1950,i
6203760,"Upachan, Songkasem",THA,M,,,,1633,0,20,SEP25,2006,i
6208967,"Uttapong, Peang-or",THA,F,,,,1623,0,40,SEP25,1998,wi
6206743,"Vanisri, Nubtong",THA,M,,,,1469,0,40,SEP25,2002,i
6218806,"Vesaruchavit, Apivich",THA,M,,,,1543,0,40,SEP25,2006,i
6213260,"Viriya, A-nak",THA,M,,,,1563,0,40,SEP25,2006,i
6211534,"Vitayakovit, Thanyathep",THA,M,,,,1402,0,40,SEP25,2004,i
6200745,"Vitithum, Issara",THA,M,,,,1962,0,20,SEP25,1964,i
6215319,"Volapattavechoti, Walinrumpai",THA,F,,,,1519,0,40,SEP25,2010,w
6210716,"Vongrungrot, Kritin",THA,M,,,,1464,0,40,SEP25,2012,i
6205887,"Vongsarath, Chanon Tyler",THA,M,,NA,,ACM,1783,0,SEP25,1994,i
6202179,"Vongvastana, Chananchida",THA,F,,,,1749,0,20,SEP25,2000,wi
6214509,"Voranavin, Jomsup",THA,M,,,,1851,0,20,SEP25,2006,
6203965,"Wanacharoen, Khanittha",THA,F,,,,1519,0,40,SEP25,1991,wi
6208282,"Wangthumboon, Patawee",THA,M,,,,1666,0,40,SEP25,2007,i
6204473,"Wannawichian, Suwicha",THA,F,,,,1633,0,40,SEP25,1978,wi
6207260,"Wanngam, Klongkwan",THA,M,,,,1423,0,40,SEP25,2000,i
6203523,"Watcharachaipong, Chantouch",THA,M,,,,1659,0,40,SEP25,2001,i
6202187,"Wattanarat, Pasawon",THA,M,,,,1953,0,20,SEP25,1991,i
6209190,"Wattanarotjanaporn, Teerapat",THA,M,,,,1468,0,40,SEP25,2002,i
6209203,"Wattanarotjanaporn, Waranyu",THA,M,,,,1522,0,40,SEP25,2004,i
6203825,"Weerapan, Phumrapee",THA,M,,,,1506,0,20,SEP25,2006,i
6204945,"Wiratworapong, Patee",THA,M,,,,1543,0,40,SEP25,2005,i
6223460,"Wisetsak, Supanat",THA,M,,,,1521,0,40,SEP25,2005,
6201075,"Wiwarin, Piyapon",THA,M,,,,1778,0,20,SEP25,1991,
6201083,"Wiwatanadate, Poompong",THA,M,FM,IA,,2053,3,20,SEP25,1990,
6213006,"Wongbenjarat, Supakrit",THA,M,,,,1748,0,20,SEP25,2006,
6215157,"Wongbunchailert, Rawat",THA,M,,,,1437,3,20,SEP25,1990,
6215050,"Wongrung, Intouch",THA,M,,,,1688,0,40,SEP25,2003,
6209114,"Wongsariyawanich, Saran",THA,M,,,,1441,0,40,SEP25,2005,i
6202349,"Wongsawan, Thoetsak",THA,M,,,,1883,0,20,SEP25,1995,
6211470,"Wongwaiwit, Nrah",THA,M,,,,1438,0,40,SEP25,2006,i
6215939,"Wutti-udomlert, Gunn Daniel",THA,M,,,,1469,0,40,SEP25,2008,i
6206808,"Yabsanthia, Tawatchai",THA,M,,,,1470,0,20,SEP25,1995,i
6204937,"Yap, Benjamin Jun Hong",THA,M,,,,1543,0,40,SEP25,2007,i
6221246,"Yensudchai, Lilih",THA,F,,,,1565,0,40,SEP25,2013,w
6209068,"Yindee, Wanida",THA,F,,,,1504,0,40,SEP25,1999,wi
6212247,"Yingchuros, Suriya",THA,M,,,,1529,0,40,SEP25,1987,i
6218610,"Yodpijit, Vincent Tho",THA,M,,,,1451,0,40,SEP25,2015,
6207219,"Yongvanich, Kunthee",THA,M,,,,1522,0,40,SEP25,2007,i
6200770,"Yothinnorratham, Tepparit",THA,M,,,,1965,0,20,SEP25,1992,i
6200591,"Yutithamnon, Surapole",THA,M,,,,1936,0,20,SEP25,1976,i