[
  {
    "ID Number": "9100024",
    "Name": "Fancy, Stuart",
    "Fed": "PNG",
    "Sex": "M",
    "Title": "FM",
    "WTit": "NA",
    "OTit": "",
    "Rating": "1923",
    "Gms": "0",
    "K": "20",
    "RatingMonth": "SEP25",
    "B-day": "1959",
    "Flag": ""
  },
  {
    "ID Number": "9100253",
    "Name": "Giregire, Akisaropo",
    "Fed": "PNG",
    "Sex": "M",
    "Title": "",
    "WTit": "",
    "OTit": "",
    "Rating": "1603",
    "Gms": "0",
    "K": "40",
    "RatingMonth": "SEP25",
    "B-day": "1994",
    "Flag": ""
  },
  {
    "ID Number": "9100040",
    "Name": "Hesketh, Bruce",
    "Fed": "PNG",
    "Sex": "M",
    "Title": "",
    "WTit": "",
    "OTit": "",
    "Rating": "1515",
    "Gms": "0",
    "K": "40",
    "RatingMonth": "SEP25",
    "B-day": "1939",
    "Flag": "i"
  },
  {
    "ID Number": "9100121",
    "Name": "Jones, Rupert",
    "Fed": "PNG",
    "Sex": "M",
    "Title": "FM",
    "WTit": "",
    "OTit": "",
    "Rating": "1835",
    "Gms": "0",
    "K": "20",
    "RatingMonth": "SEP25",
    "B-day": "1961",
    "Flag": ""
  },
  {
    "ID Number": "9100091",
    "Name": "Marcos, Joselito",
    "Fed": "PNG",
    "Sex": "M",
    "Title": "CM",
    "WTit": "",
    "OTit": "",
    "Rating": "2039",
    "Gms": "0",
    "K": "20",
    "RatingMonth": "SEP25",
    "B-day": "1957",
    "Flag": "i"
  },
  {
    "ID Number": "9100032",
    "Name": "Marko, Helmut",
    "Fed": "PNG",
    "Sex": "M",
    "Title": "CM",
    "WTit": "NA",
    "OTit": "",
    "Rating": "1915",
    "Gms": "0",
    "K": "20",
    "RatingMonth": "SEP25",
    "B-day": "1954",
    "Flag": "i"
  },
  {
    "ID Number": "9100229",
    "Name": "McCoy, Tom",
    "Fed": "PNG",
    "Sex": "M",
    "Title": "CM",
    "WTit": "NA",
    "OTit": "",
    "Rating": "1903",
    "Gms": "0",
    "K": "40",
    "RatingMonth": "SEP25",
    "B-day": "1980",
    "Flag": ""
  },
  {
    "ID Number": "9100075",
    "Name": "Press, Shaun",
    "Fed": "PNG",
    "Sex": "M",
    "Title": "FM",
    "WTit": "",
    "OTit": "",
    "Rating": "1932",
    "Gms": "0",
    "K": "20",
    "RatingMonth": "SEP25",
    "B-day": "1966",
    "Flag": ""
  },
  {
    "ID Number": "9100059",
    "Name": "Rush, Joe",
    "Fed": "PNG",
    "Sex": "M",
    "Title": "",
    "WTit": "",
    "OTit": "",
    "Rating": "2205",
    "Gms": "0",
    "K": "40",
    "RatingMonth": "SEP25",
    "B-day": "1936",
    "Flag": "i"
  },
  {
    "ID Number": "9100148",
    "Name": "Skehan, Craig",
    "Fed": "PNG",
    "Sex": "M",
    "Title": "",
    "WTit": "",
    "OTit": "",
    "Rating": "1795",
    "Gms": "0",
    "K": "40",
    "RatingMonth": "SEP25",
    "B-day": "1957",
    "Flag": "i"
  },
  {
    "ID Number": "9100245",
    "Name": "Stuart, Terry",
    "Fed": "PNG",
    "Sex": "M",
    "Title": "",
    "WTit": "",
    "OTit": "",
    "Rating": "1572",
    "Gms": "0",
    "K": "40",
    "RatingMonth": "SEP25",
    "B-day": "2000",
    "Flag": ""
  },
  {
    "ID Number": "9100067",
    "Name": "Tia, Rudy Jr.",
    "Fed": "PNG",
    "Sex": "M",
    "Title": "",
    "WTit": "",
    "OTit": "",
    "Rating": "1714",
    "Gms": "8",
    "K": "20",
    "RatingMonth": "SEP25",
    "B-day": "1964",
    "Flag": ""
  }
]