ID Number,Name,Fed,Sex,Title,WTit,OTit,Rating,Gms,K,RatingMonth,B-day,Flag
14401509,"Abdic, Adnan",BIH,M,,,,2148,0,20,SEP25,1978,i
14410001,"Abdic, Husnija",BIH,M,,,,1827,0,20,SEP25,1953,i
14402394,"Abdil, Halil",BIH,M,FM,,,2010,0,20,SEP25,1974,
14402769,"Adzic, Mitar",BIH,M,,,,2017,0,20,SEP25,1970,i
14410788,"Agic, Ahmed",BIH,M,,,,1854,0,20,SEP25,1943,i
14431432,"Ahmethodzic, Vahidin",BIH,M,,,,1683,0,20,SEP25,1992,i
14437139,"Ahmetovic, Munib",BIH,M,,,,1832,0,20,SEP25,1960,i
14407094,"Ahmic, Nesim",BIH,M,,,,2015,0,20,SEP25,1950,i
14408970,"Ahmic, Samir",BIH,M,,,,1889,0,20,SEP25,1972,i
14441403,"Ajanic, Arman",BIH,M,,,,1906,0,20,SEP25,1991,i
14425661,"Akmadzic, Edin",BIH,M,,,,1928,0,20,SEP25,1999,
14434717,"Aldzic, Muhamed",BIH,M,,,,1811,0,20,SEP25,1959,
14412500,"Aleksic, Dalibor",BIH,M,,,,1836,0,20,SEP25,1979,i
14408651,"Aleksic, Nemanja D",BIH,M,,,,1814,0,20,SEP25,2004,i
14421704,"Aleksic, Slavenko",BIH,M,,NA,,1694,0,20,SEP25,1996,i
14422239,"Alibegovic, Edin",BIH,M,,,,1759,0,20,SEP25,1991,i
14408023,"Alic, Amir",BIH,M,,,,2107,0,20,SEP25,1985,i
14405466,"Alic, Selmir",BIH,M,,,,1972,0,20,SEP25,1981,i
14400685,"Alihodzic, Muzafer",BIH,M,,,,2066,0,20,SEP25,1968,i
14415917,"Aljkanovic, Safet",BIH,M,,,,1806,0,20,SEP25,1951,i
14428822,"Aljukic, Samir",BIH,M,,,,1860,0,20,SEP25,1972,i
14406608,"Amidzic, Muhamed",BIH,M,,,,1945,0,20,SEP25,1952,
14418320,"Andric, Marin",BIH,M,,,,2000,0,20,SEP25,1964,i
14411806,"Antonic, Ljubomir",BIH,M,,,,1870,0,20,SEP25,1959,i
14424398,"Arandjelovic Rakas, Jona",BIH,F,,,,1681,0,40,SEP25,2011,w
14401614,"Arapovic, Vitomir",BIH,M,IM,,,2279,0,20,SEP25,1951,i
14403498,"Arnaut, Armin",BIH,M,,,,1962,0,20,SEP25,1991,i
14410370,"Arsenic, Milorad",BIH,M,,,,1869,0,20,SEP25,1952,i
14406357,"Asonja, Momir",BIH,M,,,,1979,0,20,SEP25,1954,i
14405113,"Atlic, Mirza",BIH,M,,,,2042,0,20,SEP25,1980,i
14403358,"Avdic, Adnan A",BIH,M,,,,2007,0,20,SEP25,1967,i
14423138,"Avdic, Adnan B",BIH,M,,,,1782,0,20,SEP25,1993,i
14422328,"Avdic, Faris",BIH,M,,,,2360,0,20,SEP25,2005,
14403501,"Avdic, Ismet",BIH,M,,,,1755,0,20,SEP25,1958,i
14403137,"Avdic, Mirza",BIH,M,,,,2237,0,20,SEP25,1980,
14413922,"Avdic, Ramiz",BIH,M,,,,1857,0,20,SEP25,1961,
14440938,"Avdic, Saldin",BIH,M,,,,1780,0,20,SEP25,1998,
14422140,"Avdusinovic, Selman",BIH,M,,,,1756,0,20,SEP25,2001,i
14430819,"Avdusinovic, Suad",BIH,M,,,,1868,0,20,SEP25,1970,i
14415445,"Babajic, Ehlimana",BIH,F,,,,1699,0,40,SEP25,2007,wi
14415437,"Babajic, Imran",BIH,M,,,,1645,0,40,SEP25,2009,i
14422247,"Babajic, Nihad",BIH,M,,,,1648,0,20,SEP25,1975,i
14440954,"Babajic, Sefik",BIH,M,,,,1841,0,20,SEP25,1962,i
14420694,"Babic, Adnan",BIH,M,,,,1655,0,20,SEP25,2002,i
14423596,"Babic, Amer",BIH,M,,,,1768,0,20,SEP25,2006,i
14408163,"Babic, Boris",BIH,M,,,,1907,0,20,SEP25,1978,
14414635,"Babic, Dragan",BIH,M,,,,1894,0,20,SEP25,1983,i
904422,"Babic, Drasko",BIH,M,FM,,,2186,0,20,SEP25,1959,i
14423600,"Babic, Eldin",BIH,M,,,,1581,0,40,SEP25,2013,i
14440806,"Babic, Luka",BIH,M,,,,1777,0,20,SEP25,2003,
14414937,"Babic, Masa",BIH,F,WFM,WFM,,2165,9,40,SEP25,2008,w
14414945,"Babic, Milana",BIH,F,WFM,WFM,,2204,9,40,SEP25,2008,w
14439310,"Babic, Mirko",BIH,M,,,,1686,0,20,SEP25,1987,
14411121,"Babic, Samir",BIH,M,,,,1711,0,20,SEP25,1981,i
14406888,"Babic, Tijana",BIH,F,,,,1785,0,20,SEP25,1999,wi
14421119,"Badzak, Mustafa",BIH,M,,,,1849,0,20,SEP25,1966,i
14417618,"Bahtic, Muhamed",BIH,M,,,,1918,0,20,SEP25,1942,i
14426536,"Bajic, Nenad",BIH,M,,,,1657,0,20,SEP25,1958,i
14409410,"Bajic, Salko",BIH,M,,,,1852,0,20,SEP25,1955,i
14429187,"Bajic, Stevo",BIH,M,,,,1598,0,40,SEP25,2011,
14401215,"Bajramovic, Halid",BIH,M,,,,2040,0,20,SEP25,1952,
14428393,"Bajramovic, Ismet",BIH,M,,,,1705,0,20,SEP25,1958,i
14429551,"Bajramovic, Sead",BIH,M,,,,1867,0,20,SEP25,1982,i
14405474,"Bajric, Samir",BIH,M,,,,2132,0,20,SEP25,1966,
14405679,"Bakic, Aleksandar",BIH,M,,,,1960,0,20,SEP25,1995,i
14407175,"Bakula, Dalibor",BIH,M,,,,1785,0,20,SEP25,1962,i
14442329,"Balaban, Dejan",BIH,M,,,,1731,0,20,SEP25,1984,
14435403,"Balaban, Vaso",BIH,M,,,,1849,0,20,SEP25,1961,
14407760,"Balic, Dervis",BIH,M,,,,1795,0,20,SEP25,1955,i
14441411,"Baljic, Amer",BIH,M,,,,1754,0,20,SEP25,1981,i
14426552,"Balta, Igor",BIH,M,,,,1698,0,20,SEP25,1991,i
14400987,"Bandic, Adnan",BIH,M,,,,2161,0,20,SEP25,1974,
14430118,"Banjac, Aleksej",BIH,M,,,,1749,0,40,SEP25,2014,
14419270,"Banovic, Ranko",BIH,M,,,,1833,0,20,SEP25,1961,i
14422760,"Banovic, Vedran",BIH,M,,,,1798,0,20,SEP25,1993,i
14412110,"Barasin, Predrag",BIH,M,,,,1988,0,20,SEP25,1961,
14402904,"Barisic, Predrag",BIH,M,,,,1976,0,20,SEP25,1967,
14420066,"Basic, Adnan",BIH,M,,,,1837,0,20,SEP25,1994,i
14411156,"Basic, Dervo",BIH,M,,,,1848,0,20,SEP25,1955,i
14406748,"Basic, Edin",BIH,M,,,,1869,0,20,SEP25,1975,i
14402912,"Basic, Enver",BIH,M,,,,1858,0,20,SEP25,1958,i
14435306,"Basic, Hasan",BIH,M,,,,1731,0,20,SEP25,1956,i
14425327,"Basic, Semir",BIH,M,,,,1757,0,20,SEP25,1987,
14437023,"Bavcic, Emir",BIH,M,,,,1915,0,20,SEP25,1975,
14417138,"Bavcic, Fuad",BIH,M,,,,1841,0,20,SEP25,1957,i
14409666,"Bazina, Drazen",BIH,M,,,,1873,0,20,SEP25,1972,
14431076,"Becic, Emir",BIH,M,,,,1824,0,20,SEP25,1982,i
14406870,"Becic, Nedim",BIH,M,,,,1795,0,20,SEP25,2003,
14418606,"Becic, Orhan",BIH,M,,,,1988,0,40,SEP25,2009,
14442124,"Becirovic, Mustafa A",BIH,M,,,,1658,0,20,SEP25,1948,
14417510,"Becirovic, Zaim",BIH,M,,,,1845,0,20,SEP25,1964,i
14429071,"Becirspahic, Anel",BIH,M,,,,1770,0,20,SEP25,1975,i
14421992,"Beganovic, Emil",BIH,M,,,,1871,0,20,SEP25,2002,i
14441276,"Beganovic, Emin",BIH,M,,,,1619,0,40,SEP25,2012,
14405482,"Beganovic, Enver",BIH,M,,,,AIM,2175,0,SEP25,1960,
14433648,"Beganovic, Nedim",BIH,M,,,,1663,0,40,SEP25,2007,i
14440962,"Beganovic, Nermin",BIH,M,,,,1857,0,20,SEP25,1970,
14426323,"Begic, Leonid",BIH,M,,,,1704,0,20,SEP25,1997,i
14424614,"Begic, Mujo",BIH,M,,,,1929,0,20,SEP25,1975,
14428563,"Begic, Osman",BIH,M,,,,1645,0,20,SEP25,1953,
14420309,"Begic, Radojko",BIH,M,,,,1751,0,20,SEP25,1975,i
14430827,"Begic, Rifet",BIH,M,,,,1926,0,20,SEP25,1957,i
14400472,"Begic, Senad",BIH,M,FM,,,2228,0,20,SEP25,1963,i
14407779,"Begluk, Jusuf",BIH,M,,,,1875,0,20,SEP25,1962,i
14440911,"Begovic, Jasmin",BIH,M,,,,1810,0,20,SEP25,1977,
14409100,"Begovic, Mehmed",BIH,M,,,,1930,0,20,SEP25,1938,i
14431661,"Behrem, Hajrudin",BIH,M,,,,1763,0,20,SEP25,1963,i
14430916,"Berberovic, Jasmina",BIH,F,,,,1501,0,20,SEP25,2005,wi
14434725,"Berberovic, Mirsad",BIH,M,,,,1660,0,20,SEP25,1970,i
14426609,"Beronja, Mirko",BIH,M,,,,1811,0,20,SEP25,1965,i
14411164,"Bertovic, Milena",BIH,F,,,,1642,0,20,SEP25,2001,wi
14422158,"Besic, Muhamed",BIH,M,,,,1855,0,20,SEP25,1982,i
14440202,"Besirevic, Dzevad",BIH,M,,,,1838,0,20,SEP25,1961,i
14405270,"Besirevic, Jasmin",BIH,M,,,,1866,0,20,SEP25,1958,
14422409,"Beslic, Edvin",BIH,M,,,,1737,0,20,SEP25,2006,i
14413612,"Beslija, Hana",BIH,F,,,,1712,0,20,SEP25,2005,wi
14413604,"Beslija, Ismir",BIH,M,,,,1698,0,20,SEP25,1976,i
14435314,"Bijedic, Armin",BIH,M,,,,1687,0,40,SEP25,2010,
14405130,"Bilalic, Midhat",BIH,M,,,,1902,0,20,SEP25,1951,i
14409801,"Bilic, Sanja",BIH,F,,,,1813,0,20,SEP25,2000,wi
927252,"Bilic, Vladimir",BIH,M,FM,,,2285,0,20,SEP25,1980,i
14422000,"Bilkic, Sulejman",BIH,M,,,,1795,0,20,SEP25,1962,
14419033,"Bilobrk, Mihovil",BIH,M,,,,1707,0,20,SEP25,2005,i
14423413,"Biogradlija, Sedin",BIH,M,,,,1850,0,20,SEP25,1978,
14440717,"Biogradlija, Tejmur",BIH,M,,,,1579,0,40,SEP25,2013,
14436108,"Bisic, Fuad",BIH,M,,,,1757,0,20,SEP25,1959,
14400294,"Bistric, Faruk",BIH,M,GM,,,2331,0,20,SEP25,1958,i
14440830,"Biukovic, Dusan",BIH,M,,,,1643,0,20,SEP25,1981,
14402700,"Bjelic, Jovan",BIH,M,,,,1939,0,20,SEP25,1994,i
14400782,"Bjelopoljak, Salko",BIH,M,,,,2016,0,20,SEP25,1957,i
14417146,"Blagojevic, Bozo",BIH,M,,,,1915,0,20,SEP25,1943,i
14416476,"Blazevic, Stjepan",BIH,M,,,,1728,0,20,SEP25,1971,i
14418509,"Bogicevic, Miroslav",BIH,M,,,,1846,0,20,SEP25,1982,
14407248,"Bogut, Petar",BIH,M,,,,1923,0,20,SEP25,1993,i
14505207,"Bogut, Zeljko",BIH,M,IM,FT,,2284,9,10,SEP25,1969,
14409089,"Bojanic, Bojana",BIH,F,,,,1869,0,20,SEP25,2002,wi
14414791,"Bojo, Leon",BIH,M,,,,2058,0,20,SEP25,2000,i
14432463,"Boloban, Branko",BIH,M,,,,1662,0,20,SEP25,1960,i
14400839,"Boric, Elena",BIH,F,WIM,WIM,,2063,0,20,SEP25,1963,wi
14400235,"Boric, Muhamed",BIH,M,IM,,,2347,0,10,SEP25,1960,i
14427630,"Borisavljevic, Nemanja",BIH,M,,,,1834,0,20,SEP25,2004,i
14407108,"Borojevic, Dragoljub",BIH,M,,,,2162,0,20,SEP25,1956,i
14440067,"Borovac, Emir",BIH,M,,,,1597,0,40,SEP25,2010,
14413930,"Boskovic, Mirko",BIH,M,,,,1926,0,20,SEP25,1958,i
14433125,"Bosnjak, Bruno",BIH,M,,,,1772,0,20,SEP25,1994,i
14401495,"Bosnjak, Damir",BIH,M,FM,,,2193,0,20,SEP25,1971,i
14404370,"Bosnjak, Domagoj",BIH,M,,,,1957,0,20,SEP25,1998,i
14432331,"Bota, Mirza",BIH,M,,,,1830,0,20,SEP25,1980,i
14424916,"Bozic, Milan A",BIH,M,,,,1822,0,20,SEP25,1966,i
14427176,"Bozic, Petko",BIH,M,,,,1865,0,20,SEP25,1948,i
14409674,"Bozic, Zoran",BIH,M,,,,1989,0,20,SEP25,1980,
14436370,"Bozickovic, David",BIH,M,,,,1897,0,40,SEP25,2008,
14430517,"Brajkovic, Marija",BIH,F,,,,1652,0,40,SEP25,2009,w
14430339,"Brajkovic, Toma",BIH,M,,,,1566,0,40,SEP25,2011,
14418720,"Brckalo, Pavle",BIH,M,,,,1970,0,20,SEP25,2004,i
14404427,"Brkic, Dragomir",BIH,M,,,,1932,0,20,SEP25,1960,i
14402106,"Brkic, Milan",BIH,M,,,,2162,0,20,SEP25,1967,i
14416875,"Brkic, Miroslav",BIH,M,,,,1689,0,20,SEP25,1984,
14422905,"Brkic, Radivoj",BIH,M,,,,1754,0,20,SEP25,1958,i
14404885,"Bubalo, Ibrahim",BIH,M,,,,1900,0,20,SEP25,1950,i
14404001,"Bucan, Eldin",BIH,M,,,,2162,0,20,SEP25,1973,i
14411180,"Budimir, Anto",BIH,M,,,,1812,0,20,SEP25,1962,i
14401380,"Budimir, Boris",BIH,M,FM,FI,,2138,0,20,SEP25,1969,i
14429586,"Bulajic, Dragan",BIH,M,,,,1723,0,40,SEP25,2009,i
14427508,"Bulatovic, Niksa",BIH,M,,,,1619,0,40,SEP25,2013,
14416506,"Bule, Ante",BIH,M,,,,1913,0,20,SEP25,1997,i
14416883,"Buliga, Nikola",BIH,M,,,,1967,0,20,SEP25,1997,
14421542,"Buljubasic, Ahmed",BIH,M,,,,2152,0,20,SEP25,1982,
14400790,"Buljubasic, Sabahudin",BIH,M,FM,,,2242,0,20,SEP25,1973,
14408520,"Bundalo, Marko",BIH,M,,,,1699,0,20,SEP25,1998,i
14410419,"Bunjevac, Zeljko",BIH,M,,,,1891,0,20,SEP25,1963,i
14416514,"Buntic, Alen",BIH,M,,,,1866,0,20,SEP25,1976,i
14420155,"Buntic, Mihaela",BIH,F,,,,1732,0,40,SEP25,2010,wi
14431963,"Burgic, Matija",BIH,M,,,,1590,0,40,SEP25,2014,
14423480,"Buric, Dragan",BIH,M,,,,1881,0,20,SEP25,1996,i
14400219,"Burovic, Ismet",BIH,M,FM,,,2303,0,20,SEP25,1971,i
14407701,"Burovic, Rijad",BIH,M,IM,,,2409,0,10,SEP25,2000,
14413450,"Burzic, Suvad",BIH,M,,,,1908,0,20,SEP25,1962,
14428830,"Busic, Branko",BIH,M,,,,1869,0,20,SEP25,1940,
14439590,"Busic, Mateo",BIH,M,,,,1836,0,40,SEP25,2013,
14400910,"Cabric, Izet",BIH,M,,,,1950,0,20,SEP25,1960,i
14422590,"Cagalj, Miralem",BIH,M,,,,1754,0,20,SEP25,1959,i
14403250,"Cahtarevic, Ferid",BIH,M,,,,1857,0,20,SEP25,1953,i
14430843,"Cahtarevic, Ramiz",BIH,M,,,,1782,0,20,SEP25,1957,i
14432145,"Cakarevic, Brano",BIH,M,,,,1954,0,20,SEP25,1952,i
14417170,"Camdzija, Samir",BIH,M,,,,1805,0,20,SEP25,1964,i
14403935,"Cardaklija, Mirsad",BIH,M,,,,2009,12,20,SEP25,1957,
14425335,"Catak, Ersad",BIH,M,,,,1781,0,20,SEP25,1958,i
14431734,"Catakovic, Jasmin A",BIH,M,,,,1867,0,20,SEP25,1978,i
14428571,"Catakovic, Senahid",BIH,M,,,,1842,0,20,SEP25,1981,
14418266,"Catic, Semso",BIH,M,,,,2028,0,20,SEP25,1952,i
14414953,"Catovic, Almazaga",BIH,M,,,,1849,0,20,SEP25,1948,i
14434733,"Causegic, Dzevad",BIH,M,,,,1645,0,40,SEP25,2010,i
14422778,"Causevic, Jasmin",BIH,M,,,,1916,0,20,SEP25,1962,i
14412071,"Causevic, Sead",BIH,M,,,,2299,0,20,SEP25,1989,
14434245,"Cavar, Josip",BIH,M,,,,1614,0,40,SEP25,2013,
14434091,"Cavar, Petra",BIH,F,,,,1511,0,40,SEP25,2010,w
14437732,"Cavic, Stefan",BIH,M,,,,1682,0,40,SEP25,2009,
14413949,"Cecavac, Bogdan",BIH,M,,,,1852,0,20,SEP25,1925,i
14413469,"Cehic, Amir",BIH,M,,,,1856,0,20,SEP25,1970,i
14403293,"Cengic, Semsudin",BIH,M,,,,1902,0,20,SEP25,1950,i
14403510,"Cerimovic, Aldin",BIH,M,,,,1999,0,20,SEP25,1984,
14420619,"Cerkez, Bajram",BIH,M,,,,1704,0,20,SEP25,1944,i
14421895,"Cerkez, Matej",BIH,M,,,,1754,0,40,SEP25,2011,
14405660,"Cetojevic, Radoslav",BIH,M,,,,2070,0,20,SEP25,1999,
14410877,"Cicak, Dzoni",BIH,M,,,,1903,0,20,SEP25,1971,i
14425343,"Cicic, Dino",BIH,M,,,,1422,0,40,SEP25,2007,i
14411628,"Cigoja, Vuk",BIH,M,,,,1719,0,20,SEP25,1998,
14424983,"Cikic, Aleksandar",BIH,M,,,,1619,0,20,SEP25,1971,i
14407710,"Cinac, Dzemal",BIH,M,,,,1914,0,20,SEP25,1988,
14402483,"Cisic, Alan",BIH,M,,,,2187,0,20,SEP25,1969,i
14428482,"Civcija, Mirko",BIH,M,,,,1696,0,20,SEP25,1952,i
14430932,"Civic, Damir",BIH,M,,,,1824,0,20,SEP25,2002,i
14418339,"Cizmic, Dervis",BIH,M,,,,1836,0,20,SEP25,1943,
14425670,"Cizmic, Sefik",BIH,M,,,,1864,0,20,SEP25,1974,i
14417219,"Cmiljanic, Aleksandar",BIH,M,,,,1892,0,20,SEP25,1978,i
14430665,"Colic, Dalibor",BIH,M,,,,1750,0,20,SEP25,1977,i
14409496,"Colic, Mladen",BIH,M,,,,1980,0,20,SEP25,1957,i
14442388,"Colic, Sebastian",BIH,M,,,,1535,0,40,SEP25,2011,
14442426,"Colic, Sladjan",BIH,M,,,,1655,0,20,SEP25,1982,
14419173,"Colovic, Edin",BIH,M,,,,2011,0,20,SEP25,1977,i
14403528,"Colpa, Fahrudin",BIH,M,,,,1909,0,20,SEP25,1944,i
14402408,"Colpa, Husein",BIH,M,,,,1921,0,20,SEP25,1940,i
14413841,"Comor, Faris",BIH,M,,,,1816,0,20,SEP25,1997,i
14411636,"Comor, Harun",BIH,M,,,,1844,0,20,SEP25,1999,i
14411644,"Comor, Vahidin",BIH,M,,,,1887,0,20,SEP25,1971,i
14411652,"Coralic, Sead",BIH,M,,,,1897,0,20,SEP25,1958,
14402440,"Corbadzic, Samir",BIH,M,,,,2117,0,20,SEP25,1971,i
14404834,"Coric, Ahmed",BIH,M,,,,2036,0,20,SEP25,1976,
14417626,"Coric, Bojan",BIH,M,,,,1713,0,20,SEP25,1996,
14418274,"Coric, Halil",BIH,M,,,,2000,0,20,SEP25,1965,i
14430371,"Coric, Ivan",BIH,M,,,,1522,0,40,SEP25,2014,
14429160,"Corovic, Jovan",BIH,M,,,,1638,0,40,SEP25,2009,i
14401800,"Corovic, Sean",BIH,M,,,,2168,0,20,SEP25,1983,
14421747,"Cosic, Hrvoje",BIH,M,,,,1696,0,20,SEP25,1959,i
14429926,"Cosic, Muamer",BIH,M,,,,AIM,1914,0,SEP25,1973,i
14405180,"Cosovic, Aziz",BIH,M,,,,2001,0,20,SEP25,1973,i
14411849,"Crepulja, Vojo",BIH,M,,,,1907,0,20,SEP25,1964,
14427761,"Crnoja, Ivan",BIH,M,,,,1525,0,40,SEP25,2012,i
14411199,"Crnoja, Jozo",BIH,M,,,,1895,0,20,SEP25,1978,i
14434261,"Crnoja, Nikola",BIH,M,,,,1645,0,40,SEP25,2014,i
14427770,"Crnoja, Zvonimir",BIH,M,,,,1645,0,40,SEP25,2010,i
14407299,"Culo, Ante",BIH,M,,,,1880,0,20,SEP25,1968,i
14418045,"Culum, Marko",BIH,M,,,,1865,0,20,SEP25,1984,
14420937,"Culum, Sanjin",BIH,M,IM,,,2366,0,10,SEP25,2007,
14410710,"Cunjalo, Faris",BIH,M,CM,,,2270,0,20,SEP25,1997,
14409313,"Curcic, Stanko",BIH,M,,,,1911,0,20,SEP25,1962,i
14432153,"Curtovic, Jasmin",BIH,M,,,,1863,0,20,SEP25,1978,i
14430533,"Cuvalo, Stipe",BIH,M,,,,1622,9,20,SEP25,2006,
14424606,"Cvijanovic, Dragoslav",BIH,M,,,,1596,0,40,SEP25,2011,i
14442469,"Cvijetinovic, Stefan",BIH,M,,,,1619,0,20,SEP25,2003,
14428490,"Cvijic, Nemanja",BIH,M,,,,1732,0,20,SEP25,2000,i
14438305,"Dajic, Dzemal",BIH,M,,,,1746,0,20,SEP25,1958,i
14410427,"Damjanovic, Slobodan",BIH,M,,,,1861,0,20,SEP25,1958,i
14406373,"Damjanovic, Trivun",BIH,M,,,,1887,0,20,SEP25,1947,i
14407957,"Danojevic, Zivko",BIH,M,,,,1979,0,20,SEP25,1965,
14436760,"Davidovic, Andrej",BIH,M,,,,1511,0,40,SEP25,2016,i
14442361,"Davidovic, Drasko",BIH,M,,,,1934,0,20,SEP25,1981,
14403161,"Davidovic, Mirjana S",BIH,F,,,,1578,0,20,SEP25,1982,w
14400979,"Dedic, Nedzad",BIH,M,,,,1947,0,20,SEP25,1952,i
14424991,"Dedic, Zoran",BIH,M,,,,1886,0,20,SEP25,1958,i
14408031,"Dedovic, Muhamed",BIH,M,,,,1857,0,20,SEP25,1990,i
14414864,"Dedukic, Dzan",BIH,M,,,,1834,0,20,SEP25,1991,i
14430851,"Delic, Ajdin",BIH,M,,,,1744,0,20,SEP25,1992,i
14404656,"Delic, Jasmin",BIH,M,,,,2014,0,20,SEP25,1993,i
14420074,"Delic, Nedim",BIH,M,,,,1916,0,20,SEP25,1978,i
14414180,"Delic, Niko",BIH,M,,,,1868,0,20,SEP25,1957,i
14443694,"Delic, Rahman",BIH,M,,,,1813,0,20,SEP25,1995,
14408996,"Delic, Rifat",BIH,M,,,,1985,0,20,SEP25,1966,i
14423162,"Delic, Rifet",BIH,M,,,,1813,0,20,SEP25,1967,i
14414961,"Deljic, Zinaid",BIH,M,,,,2064,0,20,SEP25,1965,i
920274,"Dena, Branislav",BIH,M,FM,,,2246,0,20,SEP25,1963,i
14400081,"Dengler, Dijana",BIH,F,WFM,WFM,,1999,0,20,SEP25,1966,wi
14438798,"Dervisevic, Dervis",BIH,M,,,,1784,0,20,SEP25,1958,i
14413655,"Dervisevic, Salih",BIH,M,,,,1917,0,20,SEP25,1954,i
14414244,"Devic, Jovan",BIH,M,,,,2057,0,20,SEP25,1995,i
14430975,"Devic, Slavko",BIH,M,,,,1812,0,20,SEP25,1959,i
14402785,"Divljan, Borisa",BIH,M,,,,2064,0,20,SEP25,1958,
14426277,"Dizdarevic, Dervis",BIH,M,,,,1922,0,20,SEP25,1949,i
14400693,"Dizdarevic, Mehmedalija",BIH,M,,,,1870,0,20,SEP25,1952,i
14405296,"Dizdarevic, Mirsad",BIH,M,,,,1908,0,20,SEP25,1968,i
14427133,"Dizdarevic, Zajim",BIH,M,,NA,,1669,0,20,SEP25,1966,i
14421151,"Djapic, Nenad",BIH,M,,,,1983,0,20,SEP25,1962,i
14407787,"Djedovic, Asmir",BIH,M,,,,1795,0,20,SEP25,1979,i
14411660,"Djelilovic, Ahmed",BIH,M,,,,1896,0,20,SEP25,1957,i
14437147,"Djerzic, Mevludin",BIH,M,,,,1853,0,20,SEP25,1977,
14427044,"Djogic, Meho",BIH,M,,,,1864,0,20,SEP25,1960,i
14412128,"Djordjic, Vojislav",BIH,M,,,,1657,0,20,SEP25,1967,i
14440920,"Djuhera, Almir",BIH,M,,,,1832,0,20,SEP25,1971,i
14408660,"Djukaric, Milos",BIH,M,,,,1993,11,20,SEP25,2003,
929646,"Djukic, Boris",BIH,M,FM,,,2234,0,20,SEP25,1968,
14416344,"Djukic, Mile",BIH,M,,,,1903,0,20,SEP25,1966,i
14423839,"Djukic, Nikola",BIH,M,,,,1706,0,40,SEP25,2009,i
14429144,"Djukic, Petar",BIH,M,,,,1442,0,40,SEP25,2012,i
14414252,"Djukic, Slobodan",BIH,M,,,,1912,0,20,SEP25,1948,i
14417855,"Djulic, Nermin",BIH,M,,,,1932,0,20,SEP25,1967,
14413477,"Djulic, Samir",BIH,M,,,,2055,0,20,SEP25,1984,i
14418347,"Djulovic, Mujaga",BIH,M,,,,1738,0,20,SEP25,1961,i
14424444,"Djulovic, Sadik",BIH,M,,,,1752,0,20,SEP25,1946,
14434504,"Djurasinovic, Maksim",BIH,M,,,,1529,0,40,SEP25,2013,i
14418126,"Djuric, Anastasija",BIH,F,,,,1744,0,40,SEP25,2009,w
14406969,"Djuric, Anja",BIH,F,,,,1746,0,20,SEP25,2001,wi
14435268,"Djuric, Dejan",BIH,M,,,,1730,0,40,SEP25,2007,i
14423537,"Djuric, Simo",BIH,M,,,,1756,0,20,SEP25,1998,i
14419939,"Djuric, Zoran",BIH,M,,,,2062,0,20,SEP25,1967,i
14433702,"Djuricic, Dejan A",BIH,M,,,,1679,0,20,SEP25,1996,
14442337,"Dobrijevic, Aleksandar",BIH,M,,,,1636,0,20,SEP25,1973,
14435055,"Dobrijevic, Vukasin",BIH,M,,,,1565,0,40,SEP25,2009,
14436868,"Dobrilovic, Aleksa",BIH,M,,,,1569,0,40,SEP25,2012,
14417200,"Doknjas, Hrvoje",BIH,M,,,,1611,0,20,SEP25,2006,i
14411547,"Dominkovic, Ivo",BIH,M,,,,1872,0,20,SEP25,1966,i
14422948,"Dominkovic, Lukas",BIH,M,,,,1809,0,20,SEP25,2006,i
14410958,"Draganovic, Sulejman",BIH,M,,,,1941,0,20,SEP25,1965,i
14412551,"Dragisic, Dusko",BIH,M,,,,1857,0,20,SEP25,1967,i
14442728,"Dragolj, Ajnur",BIH,M,,,,1599,0,40,SEP25,2014,
14406551,"Drino, Faris",BIH,M,,,,1948,0,20,SEP25,1997,i
14415925,"Dropic, Suljo",BIH,M,,,,1803,0,20,SEP25,1950,i
14412420,"Dudic, Dalibor",BIH,M,,,,1914,0,20,SEP25,1979,
916072,"Dugonjic, Dragan",BIH,M,FM,,,1969,0,20,SEP25,1957,
14400570,"Dumpor, Atif",BIH,M,IM,,,2219,0,10,SEP25,1958,
14418282,"Dumpor, Nermin",BIH,M,,,,1745,0,20,SEP25,1983,i
14401894,"Durakovic, Alman",BIH,M,FM,,,2266,0,20,SEP25,1986,
14403897,"Durakovic, Edhem",BIH,M,,,,1980,0,20,SEP25,1950,
14417820,"Duvnjak, Dejan",BIH,M,,,,1784,0,20,SEP25,2003,i
14410869,"Duvnjak, Ivan",BIH,M,,,,1863,0,20,SEP25,1998,i
14440083,"Dzaferovic, Kerim",BIH,M,,,,1502,0,40,SEP25,2013,
14440091,"Dzaferovic, Tarik",BIH,M,,,,1535,0,40,SEP25,2008,
14441446,"Dzafic, Dzevad",BIH,M,,,,1950,0,20,SEP25,1957,i
14435330,"Dzafic, Hasan Tz",BIH,M,,,,1777,0,20,SEP25,1969,i
14404729,"Dzafic, Jakub",BIH,M,,,,1873,0,20,SEP25,1962,i
14436442,"Dzafic, Merjem",BIH,F,,,,1591,0,40,SEP25,2013,wi
14416352,"Dzanan, Aldin",BIH,M,,,,2006,0,20,SEP25,1985,
14416360,"Dzanan, Galib",BIH,M,,,,1682,0,20,SEP25,1960,
14404893,"Dzankic, Safet",BIH,M,,,,1898,0,20,SEP25,1962,
14415763,"Dzebic, Hasan",BIH,M,,,,1851,0,20,SEP25,1957,i
14415771,"Dzekic, Rahman",BIH,M,,,,2000,0,20,SEP25,1962,i
14401002,"Dzelilovic, Ahmed",BIH,M,,,,1929,0,20,SEP25,1957,i
14413825,"Dziho, Sadzida",BIH,F,,,,1673,0,20,SEP25,2002,wi
14427320,"Dzinic, Edin",BIH,M,,,,1789,0,20,SEP25,1971,
14409615,"Ekmescic, Edhem",BIH,M,,,,1986,0,20,SEP25,1967,i
14408546,"Ekmescic, Tarik",BIH,M,,,,1953,0,20,SEP25,1998,
14417197,"El Chekh, Faruk",BIH,M,,,,1702,0,40,SEP25,2008,i
14420325,"Elez, Josip",BIH,M,,,,1887,0,20,SEP25,1990,i
933643,"Elez, Sinisa",BIH,M,,,,2062,0,20,SEP25,1966,i
14429764,"Elezovic, Ermin",BIH,M,,,,1774,0,20,SEP25,1985,i
14409143,"Elezovic, Mujo",BIH,M,,,,1867,0,20,SEP25,1931,i
14424452,"Eminovic, Alen",BIH,M,,,,2004,0,20,SEP25,1987,
14424460,"Eminovic, Raif",BIH,M,,,,1743,0,20,SEP25,1961,
14413914,"Erdelj, Bogdan",BIH,M,,,,1810,0,20,SEP25,1935,i
14407795,"Faladzic, Halil",BIH,M,,,,1809,0,20,SEP25,1952,i
14435276,"Fehric, Dino",BIH,M,,,,1752,0,20,SEP25,1997,i
14413957,"Fejzic, Salko",BIH,M,,,,1908,0,20,SEP25,1954,i
14418428,"Ferizovic, Hajrudin",BIH,M,,,,1945,0,20,SEP25,1958,i
14431319,"Filipovic, Mitar",BIH,M,,,,1559,0,20,SEP25,1958,
14427524,"Foric, Luka",BIH,M,,,,1523,0,40,SEP25,2010,i
14440105,"Forto, Hamza",BIH,M,,,,1582,0,40,SEP25,2012,
14440113,"Gabela, Sanin",BIH,M,,,,1484,0,40,SEP25,2011,
14410729,"Gacic, Uzeir",BIH,M,,,,1761,0,20,SEP25,1962,i
14412195,"Gajic, Aleksandar",BIH,M,,,,1992,0,20,SEP25,2005,i
14427990,"Gajic, Helena A",BIH,F,,,,1599,0,40,SEP25,2007,wi
923869,"Gajic, Zoran",BIH,M,,,,1988,0,20,SEP25,1968,i
14404907,"Galic, David",BIH,M,,,,AFM,1822,0,SEP25,1991,i
14411210,"Galic, Filip",BIH,M,,,,1875,0,20,SEP25,1996,
14424169,"Galic, Lucija",BIH,F,,,,1700,9,40,SEP25,2013,w
14412136,"Galic, Mihajlo",BIH,M,,,,1804,0,20,SEP25,1937,i
14430380,"Galic, Vinko",BIH,M,,,,1504,8,40,SEP25,2015,
14400227,"Galic, Zeljko",BIH,M,FM,,,2134,0,20,SEP25,1954,
14413850,"Ganjto, Zeljko",BIH,M,,,,1851,0,20,SEP25,1959,i
14403544,"Garic, Almir",BIH,M,,,,2008,0,20,SEP25,1992,i
14427885,"Garic, Slavko",BIH,M,,,,1891,0,20,SEP25,1953,i
14409151,"Gastan, Himzo",BIH,M,,,,1799,0,20,SEP25,1964,i
14427788,"Gataric, Boris",BIH,M,,,,1937,0,20,SEP25,1980,
14405792,"Gavranovic, Tahir",BIH,M,,,,1863,0,20,SEP25,1956,i
902268,"Gavric, Miladin",BIH,M,FM,,,2300,0,20,SEP25,1960,i
14426463,"Gavrilovic, Sofija",BIH,F,,,,1683,0,40,SEP25,2010,w
14430177,"Gazic, Mario",BIH,M,,,,1648,0,20,SEP25,1987,
14430185,"Gazic, Petar",BIH,M,,,,2013,0,40,SEP25,2014,
14441608,"Glamocic, Djordje",BIH,M,,,,1543,0,20,SEP25,1998,i
14420082,"Gluhic, Sead",BIH,M,,,,1704,0,20,SEP25,1949,i
14433770,"Gluhic, Sinan",BIH,M,,,,1644,0,20,SEP25,1972,i
14425114,"Glumcevic, Emin",BIH,M,,,,1701,0,20,SEP25,1941,i
14422166,"Goga, Amir",BIH,M,,,,1743,0,20,SEP25,1990,i
14439336,"Gojkovic, Srdjan",BIH,M,,,,1573,0,20,SEP25,1994,i
14414708,"Golijanin, Mladen",BIH,M,,,,1861,0,20,SEP25,1969,i
14423278,"Golubovic, Miljana",BIH,F,,,,1765,0,20,SEP25,2004,wi
14418290,"Gosto, Ibro",BIH,M,,,,1912,0,20,SEP25,1952,i
14403552,"Grahovac, Danijel",BIH,M,,,,1892,0,20,SEP25,1997,i
14423499,"Grahovac, Dragomir",BIH,M,,,,2048,0,20,SEP25,1970,i
14418355,"Grbesic, Adnan",BIH,M,,,,1783,0,20,SEP25,2002,i
14422174,"Grbesic, Sandra",BIH,F,,,,1852,0,20,SEP25,1979,wi
14437155,"Grcic, Dragan",BIH,M,,,,1819,0,20,SEP25,1956,i
14415933,"Grebovic, Arif",BIH,M,,,,1833,0,20,SEP25,1946,
14413680,"Grgic, Anto",BIH,M,,,,1810,0,20,SEP25,1965,i
14418363,"Grgic, Jozo",BIH,M,,,,1870,0,20,SEP25,1949,
14424401,"Grizic, Rijad",BIH,M,,,,1922,0,20,SEP25,1975,
14405504,"Grosic, Elvir",BIH,M,,,,1862,0,20,SEP25,1967,
14410966,"Grozdanic, Besim",BIH,M,,,,1811,0,20,SEP25,1960,i
14410800,"Grozdanic, Nevenko",BIH,M,,,,2014,0,20,SEP25,1963,i
14429667,"Grubac, Dragisa",BIH,M,,,,1669,0,40,SEP25,2014,
14429659,"Grubac, Ivona",BIH,F,,,,1573,0,40,SEP25,2010,w
14407345,"Grubisic, Frano",BIH,M,,,,1823,0,20,SEP25,1991,
14403188,"Grujic, Milenko",BIH,M,,,,2078,0,20,SEP25,1959,i
14410206,"Gurda, Enes",BIH,M,,,,1907,0,20,SEP25,1965,i
14439980,"Gusic, Jusuf",BIH,M,,,,1804,0,20,SEP25,1960,i
14420449,"Gusic, Mirnes",BIH,M,,,,1959,0,20,SEP25,1982,i
14409348,"Guzvic, Danko",BIH,M,,,,1961,0,20,SEP25,1990,
14402475,"Habibovic, Hazim",BIH,M,,,,1916,0,20,SEP25,1957,i
14404613,"Hadzialic, Benjamin",BIH,M,,,,1893,0,20,SEP25,1998,i
14412802,"Hadzialijagic, Adnan",BIH,M,,,,1996,0,20,SEP25,1974,
14441020,"Hadzic, Edin",BIH,M,,,,1543,0,40,SEP25,2008,
14438313,"Hadzic, Elmedin",BIH,M,,,,1563,0,40,SEP25,2010,i
14415941,"Hadzic, Faruk",BIH,M,,,,1944,0,20,SEP25,1944,i
14402521,"Hadzic, Hazim",BIH,M,,,,1819,0,20,SEP25,1950,i
14425041,"Hadzic, Kenan",BIH,M,,,,1694,0,40,SEP25,2007,i
14409445,"Hadzic, Latif",BIH,M,,,,1963,0,20,SEP25,1959,
14406624,"Hadzic, Sabahet",BIH,M,,,,2144,9,20,SEP25,1977,
14422298,"Hadzic, Tahir",BIH,M,,,,1674,0,20,SEP25,2000,i
14409003,"Hadzipasic, Emir",BIH,M,,,,2035,0,20,SEP25,1958,i
14403455,"Hadziselimovic, Bernardina",BIH,F,,,,1911,0,20,SEP25,1960,wi
14402300,"Hadzovic, Amir",BIH,M,FM,,,2270,0,20,SEP25,1988,
14427338,"Hafizovic, Sead",BIH,M,,,,1824,0,20,SEP25,1964,i
14406004,"Hajdarevic, Dino",BIH,M,,,,2115,0,20,SEP25,1989,
14420430,"Hajdarevic, Mirsad",BIH,M,,,,1920,0,20,SEP25,1971,i
14404737,"Hajdarevic, Samir",BIH,M,,,,2033,0,20,SEP25,1965,
14407353,"Hajdarevic, Senad",BIH,M,,,,1896,0,20,SEP25,1960,
14422182,"Hajdarovac, Mirhet",BIH,M,,,,2034,0,20,SEP25,1977,i
14420953,"Hajdic, Sead",BIH,M,,,,1927,0,20,SEP25,1957,i
14404923,"Hajvaz, Dzemal",BIH,M,,,,2097,0,20,SEP25,1974,
14432234,"Halilcevic, Kasim",BIH,M,,,,1891,0,20,SEP25,1997,
14404842,"Halilovic, Dilaver",BIH,M,,,,1922,0,20,SEP25,1948,
14432366,"Halilovic, Emir",BIH,M,,,,1878,0,20,SEP25,1978,
14406020,"Halilovic, Fahrudin",BIH,M,,,,2075,0,20,SEP25,1988,
14443902,"Halilovic, Halid",BIH,M,,,,1644,0,40,SEP25,2008,
14401320,"Halilovic, Husein",BIH,M,,,,2100,0,20,SEP25,1964,
14410478,"Halilovic, Mustafa",BIH,M,,,,2053,0,20,SEP25,1947,i
14423782,"Halilovic, Suljo",BIH,M,,,,1770,0,20,SEP25,1960,i
14404273,"Hamzagic, Abdel",BIH,M,,,,1909,0,20,SEP25,1968,
14403315,"Hamzic, Adil",BIH,M,,,,1747,0,20,SEP25,1959,
14407965,"Hamzic, Vahidin",BIH,M,,,,1951,0,20,SEP25,1970,
14405342,"Hankic, Ramiz",BIH,M,,,,1855,0,20,SEP25,1961,i
14404281,"Harcin, Amer",BIH,M,,,,2014,0,20,SEP25,1992,i
14420961,"Hasak, Resad",BIH,M,,,,1939,0,20,SEP25,1977,i
14418258,"Hasanovic, Jakub",BIH,M,,,,1786,0,20,SEP25,1972,i
14403951,"Hasanovic, Nurija",BIH,M,,,,1979,13,20,SEP25,1958,
14428865,"Hasanspahic, Amin",BIH,M,,,,1856,0,20,SEP25,1996,
14428873,"Hasecic, Benjamin",BIH,M,,,,1680,0,20,SEP25,1989,i
14430860,"Hasic, Aldin",BIH,M,,,,1683,0,20,SEP25,1985,i
14415798,"Hasic, Muharem",BIH,M,,,,1802,0,20,SEP25,1956,i
14401231,"Haskovic, Salih",BIH,M,,,,1909,0,20,SEP25,1958,i
14440121,"Hasovic, Bakir",BIH,M,,,,1668,0,40,SEP25,2011,
14405768,"Hasovic, Edin",BIH,M,,,,1975,0,20,SEP25,1981,
14440130,"Hasovic, Emel",BIH,M,,,,1676,0,40,SEP25,2008,
14403900,"Hasovic, Rasim",BIH,M,,,,1811,0,20,SEP25,1950,
14431572,"Hatibovic, Lamija",BIH,F,,,,1539,0,40,SEP25,2012,wi
14428202,"Hatibovic, Nermin",BIH,M,,,,1804,0,40,SEP25,2010,
14401240,"Hatibovic, Samir",BIH,M,,,,1938,0,20,SEP25,1966,i
14422352,"Haznadar, Nermin",BIH,M,,,,2135,0,20,SEP25,2004,
14411687,"Hebilovic, Mehmed",BIH,M,,,,1873,0,20,SEP25,1964,
14409518,"Hebilovic, Mirsad",BIH,M,,,,1993,0,20,SEP25,1969,
14427168,"Herceg, Ivan",BIH,M,,,,1735,0,20,SEP25,1987,i
14423626,"Hodzic, Elma",BIH,F,,,,1692,0,20,SEP25,2005,wi
14428156,"Hodzic, Fuad",BIH,M,,,,1797,0,20,SEP25,2001,
14438801,"Hodzic, Midhat",BIH,M,,,,1948,0,20,SEP25,1946,i
14402041,"Hodzic, Nihad",BIH,M,FM,,,2243,0,20,SEP25,1984,
14413442,"Hogic, Enes",BIH,M,,,,1967,0,20,SEP25,1965,i
14422190,"Hopic, Osman",BIH,M,,,,1800,0,20,SEP25,1979,i
14418371,"Hoti, Miralem",BIH,M,,,,1952,0,20,SEP25,1980,i
14411695,"Hozdic, Asmir",BIH,M,,,,1976,0,20,SEP25,1971,
14440210,"Hozdic, Edhem",BIH,M,,,,1750,0,20,SEP25,1963,i
14421046,"Hrncic, Amer",BIH,M,,,,1683,0,40,SEP25,2010,i
14429721,"Hrnjica, Muhamed",BIH,M,,,,1965,0,20,SEP25,1962,
14440016,"Hrustic, Enes",BIH,M,,,,1702,0,20,SEP25,1978,i
14440024,"Hrustic, Ibrahim",BIH,M,,,,1817,0,20,SEP25,1972,i
14411490,"Hrvacanin, Miodrag",BIH,M,,,,1957,0,20,SEP25,1974,i
14417880,"Hrvacanin, Stefan",BIH,M,,,,1870,0,20,SEP25,2006,
14406799,"Hrvic, Bilal",BIH,M,,,,1989,0,20,SEP25,1964,i
14415011,"Hujdur, Ahmet",BIH,M,,,,1754,0,20,SEP25,1971,i
14415020,"Hujdur, Emir",BIH,M,,,,1774,0,20,SEP25,2006,i
14415038,"Hujdur, Nermin",BIH,M,,,,1866,0,20,SEP25,2000,i
14415046,"Hujdur, Ramiz",BIH,M,,,,1950,0,20,SEP25,1974,i
14418380,"Hujdur, Ramiza",BIH,F,,,,1922,0,20,SEP25,2002,wi
14428784,"Huremagic, Edin",BIH,M,,,,2114,0,20,SEP25,1973,i
14412020,"Huremovic, Elmedin",BIH,M,,,,AFM,1975,0,SEP25,1994,i
14406632,"Huremovic, Fadil",BIH,M,,,,1879,0,20,SEP25,1966,i
14440970,"Husanovic, Edi",BIH,M,,,,1661,0,40,SEP25,2015,
14404044,"Husic, Hajrudin",BIH,M,,,,1930,0,20,SEP25,1957,i
14420090,"Husic, Haris",BIH,M,,,,1969,0,20,SEP25,1984,i
14403226,"Hutinovic, Halim",BIH,M,,,,2212,30,20,SEP25,1986,
14431580,"Ibrahimagic, Menil",BIH,M,,,,2110,0,40,SEP25,2007,
14424339,"Ibrahimagic, Zinedin",BIH,M,,,,1671,0,40,SEP25,2007,
14414015,"Ibrahimkadic, Senad",BIH,M,,,,1920,0,20,SEP25,1982,i
14441179,"Ibrahimovic, Emil",BIH,M,,,,1898,0,40,SEP25,2009,
14435349,"Ibrakic, Fikret",BIH,M,,,,1734,0,20,SEP25,1951,i
14404290,"Idriz, Fuad",BIH,M,,,,1855,0,20,SEP25,1950,
14417898,"Ignjatovic, Dragan V",BIH,M,,,,2004,0,20,SEP25,1956,
14425483,"Ignjic, Bozo",BIH,M,,,,1890,0,20,SEP25,1964,
14430878,"Ikanovic, Husein",BIH,M,,,,1939,0,20,SEP25,1959,i
14415127,"Ilicic, Dusko",BIH,M,,,,1784,0,20,SEP25,1948,
14410486,"Ilicic, Novak",BIH,M,,,,1770,0,20,SEP25,1980,i
14435357,"Imamovic, Erik",BIH,M,,,,1558,0,40,SEP25,2010,i
14420015,"Imamovic, Esad",BIH,M,,,,1861,0,20,SEP25,1967,i
14407833,"Imamovic, Selim",BIH,M,,,,1896,0,20,SEP25,1957,i
14404303,"Imamovic, Smajl",BIH,M,,,,1960,0,20,SEP25,1951,i
14405970,"Imamovic, Sulejman",BIH,M,,,,1887,0,20,SEP25,1954,i
14437082,"Imsirovic, Sefik",BIH,M,,,,1779,0,20,SEP25,1954,
14410494,"Imsirovic, Vahid",BIH,M,,,,1935,0,20,SEP25,1963,i
14440946,"Isic, Narcis",BIH,M,,,,1833,0,20,SEP25,1981,i
14422204,"Isovic, Zlatan",BIH,M,,,,1909,0,20,SEP25,1952,i
14416557,"Ivankovic, Jure",BIH,M,,,,1866,0,20,SEP25,1974,i
14420163,"Ivankovic, Tomislav",BIH,M,,,,1691,0,20,SEP25,2006,i
14425882,"Ivanovic, Andjela",BIH,F,,,,1624,0,20,SEP25,2006,wi
14415950,"Ivanovic, Goran",BIH,M,,,,1630,0,20,SEP25,1983,i
14425890,"Ivanovic, Marko N",BIH,M,,,,1668,0,20,SEP25,2004,i
14422530,"Ivanovic, Milan J",BIH,M,,,,1879,0,40,SEP25,2008,
14412845,"Ivanovic, Petar",BIH,M,,,,1873,0,20,SEP25,1997,i
14427966,"Ivanovic, Vasika",BIH,M,,,,1617,0,40,SEP25,2011,i
14402572,"Iveljic, Igor",BIH,M,FM,,,2208,0,20,SEP25,1977,
14407035,"Ivic, Sanja",BIH,F,,,,1852,0,20,SEP25,1997,wi
14409690,"Ivkovic, Andrija",BIH,M,,,,1882,0,20,SEP25,1981,i
14401266,"Jabandzic, Irfan",BIH,M,,,,2163,0,20,SEP25,1990,
14403668,"Jacimovic, Sara",BIH,F,WFM,WFM,FA,2065,0,20,SEP25,1997,w
14415968,"Jahic, Galib",BIH,M,,,,1714,0,20,SEP25,1940,i
14426366,"Jahic, Omer",BIH,M,,,,1810,0,40,SEP25,2010,i
14426285,"Jakovac, Josip",BIH,M,,,,1932,0,20,SEP25,1977,i
14419947,"Jakovljevic, Mate",BIH,M,,,,1812,0,20,SEP25,1983,i
916080,"Jakovljevic, Vlado",BIH,M,IM,,,2258,0,10,SEP25,1975,
14402068,"Janjic, Jovo",BIH,M,,,,1946,0,20,SEP25,1940,i
14409453,"Janjic, Nikola",BIH,M,,,,1989,0,20,SEP25,1978,
14423146,"Jankovic, Boro",BIH,M,,,,1770,0,20,SEP25,1960,i
14429179,"Jankovic, Djordje",BIH,M,,,,1450,0,40,SEP25,2010,i
14434539,"Jankovic, Jovan A",BIH,M,,,,1660,0,40,SEP25,2013,
14425696,"Japic, Amir",BIH,M,,,,1732,0,20,SEP25,1969,
14424711,"Javorac, Milos",BIH,M,,,,1724,0,40,SEP25,2009,
14403080,"Jefic, Srdjan",BIH,M,FM,,,2258,0,20,SEP25,1992,i
14418398,"Jeftic, Luka",BIH,M,,,,1763,0,20,SEP25,1941,i
14419041,"Jelcic, Gordan",BIH,M,,,,1977,0,20,SEP25,1963,i
14406489,"Jelcic, Marko",BIH,M,CM,,,2147,0,20,SEP25,1984,
14403790,"Jelen, Darko",BIH,M,,,,2015,0,20,SEP25,1965,i
14428008,"Jerinic, Damjan",BIH,M,,,,1534,0,40,SEP25,2016,
14428016,"Jerinic, Nikola",BIH,M,,,,1648,0,20,SEP25,1984,
14402165,"Jevtic, Sreten",BIH,M,,,,2219,0,20,SEP25,1982,
14441560,"Jokic, Rastko",BIH,M,,,,1583,0,40,SEP25,2014,
14422255,"Jokic, Veroljub",BIH,M,,,,1767,0,40,SEP25,2009,i
14413086,"Joksimovic, Dusan",BIH,M,,,,1455,0,20,SEP25,2005,i
14424479,"Joldic, Safet",BIH,M,,,,1891,0,20,SEP25,1970,i
14423561,"Jonlija, Boris",BIH,M,,,,1497,0,40,SEP25,2010,
14406411,"Jonlija, Miroslav",BIH,M,,,,1892,0,20,SEP25,1978,i
14405695,"Josipovic, Zeljko2",BIH,M,,,,1910,0,20,SEP25,1969,i
14412918,"Jotanovic, Dragoslav",BIH,M,,,,2019,0,20,SEP25,1979,i
14419866,"Jotanovic, Nebojsa",BIH,M,,,,1555,0,20,SEP25,1998,
14417464,"Jotic, Danijel",BIH,M,,,,1449,0,20,SEP25,1979,
14427001,"Jovanovic, Darko A",BIH,M,,,,1984,0,40,SEP25,2009,
14439344,"Jovanovic, Davor",BIH,M,,,,1679,0,20,SEP25,1989,
915319,"Jovanovic, Zeljko",BIH,M,,,,2052,0,20,SEP25,1974,i
14414031,"Jovic, Zoran",BIH,M,,,,1916,0,20,SEP25,1960,i
14427010,"Jovicic, Dragan A",BIH,M,,,,1915,0,20,SEP25,1967,i
14402297,"Jovicic, Milan",BIH,M,,,,1983,0,20,SEP25,1938,i
14409704,"Jovisevic, Miroslav",BIH,M,,,,1911,0,20,SEP25,1973,
14431351,"Jovisic, Aleksa",BIH,M,,,,1803,0,20,SEP25,2006,
14435080,"Jovisic, Ognjen",BIH,M,,,,1542,0,40,SEP25,2010,
14408040,"Jovovic, Milan",BIH,M,,,,1903,0,20,SEP25,1966,
14410311,"Juic, Ranko",BIH,M,,,,2116,0,20,SEP25,1961,
14419050,"Jukic, Milenko",BIH,M,,,,1729,0,20,SEP25,1970,i
14419955,"Jukic, Stipe",BIH,M,,,,1706,0,20,SEP25,1982,i
14437465,"Jungic, Luka D",BIH,M,,,,1457,0,40,SEP25,2007,
14411245,"Juric, Marin",BIH,M,,,,1864,0,20,SEP25,1953,
14423570,"Jurkovic, Ante A",BIH,M,,,,1671,0,20,SEP25,1998,i
14423340,"Jusic, Muradif",BIH,M,,,,1849,0,20,SEP25,1964,i
14406560,"Kadic, Edin",BIH,M,,,,1954,0,20,SEP25,1978,
14428644,"Kadric, Mustafa",BIH,M,,,,1925,0,20,SEP25,1966,i
14401444,"Kadusic, Jasmin",BIH,M,,,,2034,7,20,SEP25,1963,
14419289,"Kahrimanovic, Husein",BIH,M,,,,1698,0,20,SEP25,1951,i
14405776,"Kahvedzic, Emir",BIH,M,,,,2010,0,20,SEP25,1981,i
14416581,"Kahvic, Jusuf",BIH,M,,,,1860,0,20,SEP25,1953,i
14404931,"Kajevic, Dzevad",BIH,M,,,,1971,0,20,SEP25,1956,i
14425033,"Kalajdzic, Renata",BIH,F,,,,1725,0,20,SEP25,2004,wi
14409224,"Kalem, Igor",BIH,M,,,,1959,0,20,SEP25,1979,i
14428539,"Kamberovic, Dino",BIH,M,,,,1675,0,20,SEP25,1993,i
14400812,"Kamberovic, Senad",BIH,M,FM,,,2199,0,20,SEP25,1967,
14404060,"Kapetanovic, Edin",BIH,M,,,,2166,0,20,SEP25,1961,i
14418592,"Kapetanovic, Rayan",BIH,M,,,,1801,0,40,SEP25,2009,i
14433800,"Kapic, Ibrahim",BIH,M,,,,1864,0,20,SEP25,1965,
14405873,"Kapic, Muamer",BIH,M,,,,1923,0,20,SEP25,1994,i
14411563,"Kapic, Senad",BIH,M,,,,1822,0,20,SEP25,1965,i
14428407,"Kapidzic, Edhem",BIH,M,,,,1857,0,20,SEP25,2003,i
14411717,"Karabegovic, Irfan",BIH,M,,NA,,1935,0,20,SEP25,1961,i
14433206,"Karac, Aleksa",BIH,M,,,,1555,0,20,SEP25,1997,i
14433214,"Karac, Cvijo",BIH,M,,,,1671,0,20,SEP25,1996,
14418053,"Karac, Darko",BIH,M,,,,1892,0,20,SEP25,1977,
14416590,"Karacic, Anton",BIH,M,,,,1744,0,20,SEP25,1976,i
14409836,"Karacic, Ivan",BIH,M,,,,1985,0,20,SEP25,1987,i
14401673,"Karahmetovic, Adnan",BIH,M,FM,,,2285,0,20,SEP25,1977,i
14417391,"Karajbic, Elvir",BIH,M,,,,1963,0,20,SEP25,1976,i
14404079,"Karalic, Ahmed",BIH,M,,,,2015,0,20,SEP25,1974,
14412780,"Karalic, Evel",BIH,M,,,,2053,0,20,SEP25,2001,
14417227,"Karic, Djordje",BIH,M,,,,1870,0,20,SEP25,1991,
14424010,"Karic, Nermin",BIH,M,,,,1808,0,20,SEP25,1988,i
14433605,"Karic, Tarik",BIH,M,,,,1968,0,40,SEP25,2008,i
14409844,"Karlovic, Zvonimir",BIH,M,,,,1989,0,20,SEP25,1998,i
14401851,"Karup, Edin",BIH,M,,,,2052,0,20,SEP25,1962,
14427303,"Kasabasic, Djordje",BIH,M,,,,1879,0,20,SEP25,1988,i
14432609,"Kasibovic, Ekrem",BIH,M,,,,1825,0,20,SEP25,1954,i
14432617,"Kasibovic, Sead",BIH,M,,,,1684,0,20,SEP25,1953,i
14409283,"Kasumovic, Muhidin",BIH,M,,,,2001,0,20,SEP25,1967,i
14416271,"Kasumovic, Zihnija",BIH,M,,,,1803,0,20,SEP25,1941,i
14432480,"Katic, Dusko",BIH,M,,,,1777,0,20,SEP25,1972,i
14411725,"Katkic, Amel",BIH,M,,,,2149,0,20,SEP25,1982,
14429780,"Keca, Miroslav",BIH,M,,,,1971,0,20,SEP25,1954,i
14422123,"Kekic, Ahmed",BIH,M,,,,2167,0,40,SEP25,2012,
14401274,"Kekic, Armin",BIH,M,CM,,,2212,0,20,SEP25,1976,
14422115,"Kekic, Naid",BIH,M,,,,2072,0,40,SEP25,2011,
14401452,"Keric, Amer",BIH,M,,,,1920,0,20,SEP25,1977,
14418630,"Keserovic, Sefik",BIH,M,,,,1756,0,20,SEP25,1960,i
14425122,"Kesetovic, Hazim",BIH,M,,,,1776,0,20,SEP25,1949,i
14417677,"Kesetovic, Nihad",BIH,M,,,,1902,0,20,SEP25,1966,
14413132,"Kevac, Goran",BIH,M,,,,1873,0,20,SEP25,1978,
14428504,"Kezic, Miroslav",BIH,M,,,,1873,0,20,SEP25,1961,i
14409232,"Kijac, Ljubomir",BIH,M,,,,1935,0,20,SEP25,1967,
14403013,"Klajic, Marko",BIH,M,,,,1982,0,20,SEP25,1973,
14422603,"Klepo, Almir",BIH,M,,,,1641,0,20,SEP25,1986,i
14420635,"Klepo, Kemo",BIH,M,,,,1765,0,20,SEP25,1956,i
14407850,"Kljajic, Nedeljko",BIH,M,,,,1874,0,20,SEP25,1974,
14442434,"Knezevic, Aleksandar",BIH,M,,,,1552,0,20,SEP25,1975,
14442353,"Knezevic, Boris",BIH,M,,,,1760,0,20,SEP25,1983,
14439883,"Knezevic, David",BIH,M,,,,1977,0,40,SEP25,2011,
14435373,"Knezevic, Sanjin",BIH,M,,,,1669,0,20,SEP25,2005,i
14440695,"Knezevic, Zoran",BIH,M,,,,1886,0,20,SEP25,1957,
14437643,"Knezovic, David",BIH,M,,,,1646,0,40,SEP25,2010,i
14408228,"Knezovic, Ivica",BIH,M,,,,2043,0,20,SEP25,1979,i
14400340,"Kobas, Adnan",BIH,M,FM,,,2183,0,20,SEP25,1956,i
14411024,"Kocanovic, Armin",BIH,M,,,,1761,0,20,SEP25,2002,i
14414198,"Kojic, Aleksandar",BIH,M,,,,1641,0,20,SEP25,1997,i
14436345,"Kojic, Dusan",BIH,M,,,,1553,0,20,SEP25,1996,
14427079,"Kojic, Savo",BIH,M,,NA,,1707,0,20,SEP25,1962,i
14400952,"Kojic, Tigran",BIH,M,FM,,,2333,0,20,SEP25,1974,i
14407132,"Kokanovic, Dragan",BIH,M,,,,2122,0,20,SEP25,1972,i
14404230,"Kokanovic, Zana",BIH,F,,,,1705,0,20,SEP25,1998,wi
14402980,"Kokotovic, Aleksandar",BIH,M,,,,2062,0,20,SEP25,1994,i
14442612,"Koleska, David",BIH,M,,,,1423,0,40,SEP25,2015,
14442400,"Kolundzija, Dragan",BIH,M,,,,1700,0,20,SEP25,1984,
14401312,"Komic, Ibrahim",BIH,M,,,,2192,0,20,SEP25,1960,
14441373,"Kondic Cacan, Lazar",BIH,M,,,,1452,0,40,SEP25,2016,
14411040,"Kondic, Radomir",BIH,M,,,,1922,0,20,SEP25,1946,i
14424592,"Konjevic, Jelenko",BIH,M,,,,1992,0,20,SEP25,1963,i
14427427,"Konjic, Merima",BIH,F,,,,1594,0,40,SEP25,2013,wi
14402343,"Konjicanin, Muris",BIH,M,FM,,,2303,0,20,SEP25,1983,
14408490,"Koricanac, Bojan",BIH,M,,,,2167,0,20,SEP25,1995,i
14402360,"Korjenic, Esef",BIH,M,,,,2003,0,20,SEP25,1965,
14418401,"Korman, Armin",BIH,M,,,,1647,0,20,SEP25,1992,i
14428210,"Kos, Adna",BIH,F,,,,1890,0,20,SEP25,2004,w
14428229,"Kos, Elma",BIH,F,,,,1808,0,20,SEP25,2002,w
14412390,"Kosic, Djuro",BIH,M,,,,1825,0,20,SEP25,1962,i
14414368,"Kosic, Radovan",BIH,M,,,,1939,0,20,SEP25,1955,i
14423332,"Kosic, Uros",BIH,M,,,,1696,0,20,SEP25,1949,i
14402084,"Koso, Ekrem",BIH,M,,,,2174,0,20,SEP25,1969,
14419076,"Koso, Nedim",BIH,M,,,,1722,0,20,SEP25,2001,i
14411890,"Kostres, Simo",BIH,M,,,,1891,0,20,SEP25,1970,i
14430703,"Kosutic, Cedomir",BIH,M,,,,1905,0,40,SEP25,2010,
14443910,"Kovac, Almedin",BIH,M,,,,1629,0,40,SEP25,2007,
14425262,"Kovacevic, Aleksandar A",BIH,M,,,,1652,0,20,SEP25,1971,i
14424649,"Kovacevic, Izet",BIH,M,,,,1850,0,20,SEP25,1966,i
14439840,"Kovacevic, Sakib",BIH,M,,,,1714,0,20,SEP25,1958,i
14420996,"Kovacevic, Zeljko",BIH,M,,,,1871,0,20,SEP25,1967,
14407744,"Kovacevic, Zeljko T",BIH,M,,,,1858,0,20,SEP25,1968,i
14411903,"Kovacic, Milan",BIH,M,,,,1908,0,20,SEP25,1988,i
14417928,"Kovrlija, Maja",BIH,F,,,,1521,0,20,SEP25,2006,wi
14410524,"Kozomara, Djurdjica",BIH,F,,,,1546,0,20,SEP25,2005,wi
14410532,"Kozomara, Dusan",BIH,M,,,,1727,0,20,SEP25,2004,i
14425505,"Krajisnik, Braco",BIH,M,,,,1765,0,20,SEP25,1949,
14418568,"Kralj, Mladjo",BIH,M,,,,1895,0,20,SEP25,1947,i
14428652,"Kratina, Ibrahim",BIH,M,,,,1939,0,20,SEP25,1950,
14428237,"Kratina, Imran",BIH,M,,,,1638,0,20,SEP25,2004,i
14417944,"Krcmar, Sergej",BIH,M,,,,1633,0,20,SEP25,2002,i
14424355,"Krdzalic, Adnan",BIH,M,,,,1825,0,20,SEP25,1953,i
14436280,"Krilic, Goran",BIH,M,,,,1871,0,20,SEP25,1957,i
14420724,"Krkalic, Edin",BIH,M,,,,1914,0,20,SEP25,1957,
14415143,"Krminac, Dragisa",BIH,M,,,,1795,0,20,SEP25,1978,
14429195,"Krnojelac, Kristina",BIH,F,,,,1416,0,20,SEP25,2005,wi
14427532,"Krsic, Filip",BIH,M,,,,1486,0,40,SEP25,2014,
14427478,"Krsic, Vuk",BIH,M,,,,1507,0,40,SEP25,2012,
14408252,"Krtalic, Marin",BIH,M,,,,1993,0,20,SEP25,1960,i
14435128,"Krunic, Ema",BIH,F,,,,1550,0,40,SEP25,2013,w
14423707,"Kugic, Dragan",BIH,M,,,,1912,0,20,SEP25,1973,i
14428296,"Kujacic, Sladjan",BIH,M,,,,1737,0,40,SEP25,2007,i
14433230,"Kukolj, Nebojsa",BIH,M,,,,1583,0,20,SEP25,2001,
14414414,"Kulic, Daris",BIH,M,,,,1704,0,40,SEP25,2008,i
14404940,"Kulic, Dino",BIH,M,,,,1987,0,20,SEP25,1971,i
14409500,"Kuna, Boris",BIH,M,,,,1788,0,20,SEP25,1961,i
14417162,"Kurpis, Zdenko",BIH,M,,,,1694,0,20,SEP25,1951,i
14409585,"Kurtcehajic, Suad",BIH,M,,,,1955,0,20,SEP25,1962,
14428890,"Kurtesi, Alen",BIH,M,,,,1705,0,20,SEP25,1994,
14420279,"Kuruzovic, Danilo",BIH,M,,,,1894,0,20,SEP25,1994,i
14412039,"Kustura, Hajrudin",BIH,M,,,,1816,0,20,SEP25,1954,i
14405237,"Lakota, Izet",BIH,M,,,,1821,0,20,SEP25,1946,i
14423260,"Lalovic, Uros",BIH,M,,,,1785,0,40,SEP25,2011,i
14422441,"Lambeta, Vasilije",BIH,M,,,,1797,0,20,SEP25,2004,i
14404176,"Lapo, Safet",BIH,M,,,,1858,0,20,SEP25,1956,i
14412586,"Latincic, Nenad",BIH,M,,,,1936,0,20,SEP25,1960,i
14407892,"Lavic, Serif",BIH,M,,,,1882,0,20,SEP25,1966,i
14431378,"Lazarevic, Darko",BIH,M,,,,1804,0,20,SEP25,2006,i
14407981,"Lazarevic, Nedeljko",BIH,M,,,,1889,0,20,SEP25,1988,i
14418088,"Lazendic, Vaskrsija",BIH,M,,,,1801,0,20,SEP25,1953,i
14412594,"Lazic, Emanuel",BIH,M,FM,,,2203,0,40,SEP25,2008,
14416999,"Lazicic, Goran",BIH,M,,,,2002,0,20,SEP25,1979,
14419084,"Leko, Miron",BIH,M,,,,1783,0,20,SEP25,2001,i
14416328,"Lendic, Goran",BIH,M,,,,1939,0,20,SEP25,1959,
14430100,"Lepan, Mijo",BIH,M,,,,1626,0,20,SEP25,1966,i
14423472,"Letic, Anela",BIH,F,,,,1559,0,40,SEP25,2009,wi
14403323,"Letic, Nermin",BIH,M,,,,1861,0,20,SEP25,1963,
14423367,"Letic, Selma",BIH,F,,,,1696,0,20,SEP25,2005,wi
14417685,"Leto, Zoran",BIH,M,,,,1616,0,20,SEP25,1996,
14409631,"Lipovcic, Marko",BIH,M,,,,2027,0,20,SEP25,2005,
14409178,"Lizde, Emir",BIH,M,,,,1983,0,20,SEP25,1967,i
14432579,"Ljepojevic, Dusan",BIH,M,,,,1519,0,40,SEP25,2009,
14443643,"Ljubanic, Dusan",BIH,M,,,,1655,0,20,SEP25,1997,
14443678,"Ljubinac, Dusan",BIH,M,,,,1496,0,20,SEP25,1997,
14401720,"Lojanica, Milenko",BIH,M,,,,2006,0,20,SEP25,1953,
14409593,"Lubura, Zoran",BIH,M,,,,1867,0,20,SEP25,1979,i
14433940,"Lucic, Alojzije",BIH,M,,,,1768,0,20,SEP25,1939,i
14442060,"Lucic, Jedinko",BIH,M,,,,1797,0,20,SEP25,1963,
14441772,"Lukacevic, Matija",BIH,M,,,,1703,0,40,SEP25,2010,
14410540,"Lukic, Aleksandar",BIH,M,,,,2087,0,20,SEP25,1979,
14420104,"Lukic, Djordje",BIH,M,,,,2000,0,40,SEP25,2011,
14422549,"Lukic, Sladjana",BIH,F,,,,1765,0,20,SEP25,2004,wi
14421186,"Lukic, Viktor",BIH,M,,,,1912,0,20,SEP25,1959,i
14425769,"Lulic, Alija",BIH,M,,,,1756,0,20,SEP25,1963,i
14412250,"Macanovic, Suad",BIH,M,,,,1880,0,20,SEP25,1958,i
14420732,"Mahalbasic, Harun",BIH,M,,,,1586,0,20,SEP25,2003,i
14401550,"Mahmutbegovic Smajilbasic, Nadina",BIH,F,WFM,WFM,,1913,0,20,SEP25,1995,wi
14402416,"Mahmutbegovic, Midhat",BIH,M,,,,1984,0,20,SEP25,1964,i
14406322,"Mahmutbegovic, Muharem",BIH,M,,,,2179,0,20,SEP25,2002,
14403811,"Mahmutovic, Ajdin",BIH,M,,,,1899,0,20,SEP25,1989,i
14428903,"Mahmutovic, Miralem",BIH,M,,,,1758,0,20,SEP25,1970,
14415003,"Mahmutovic, Zikrija",BIH,M,,,,1870,0,20,SEP25,1950,i
14413698,"Mahmutspahic, Hazim",BIH,M,,,,1791,0,20,SEP25,1964,
14422557,"Majkic, Filip",BIH,M,,,,1602,0,40,SEP25,2008,i
14411059,"Majstorovic, Sretko",BIH,M,,,,2027,0,20,SEP25,1958,i
14426129,"Makas, Halil",BIH,M,,,,1902,0,20,SEP25,1963,i
14408120,"Maksimovic, Bojan",BIH,M,IM,,,2513,0,10,SEP25,2002,
14408902,"Maksimovic, Masa",BIH,F,WFM,WFM,,2051,0,20,SEP25,2001,w
14424738,"Maksimovic, Savo",BIH,M,,,,1656,0,20,SEP25,1969,
14429942,"Maletic, Branimir",BIH,M,,,,1754,0,20,SEP25,1972,
14411938,"Malic, Aleksandar",BIH,M,,,,1627,0,20,SEP25,1987,
14404869,"Malkic, Jusuf",BIH,M,,,,1969,0,20,SEP25,1944,
14418215,"Mandic, Dejan",BIH,M,,,,1927,0,20,SEP25,1989,i
14414449,"Mandic, Jelena",BIH,F,,,,1683,0,20,SEP25,2001,wi
14430290,"Mandic, Slaven",BIH,M,,,,1789,0,40,SEP25,2008,i
14424053,"Mandzuka, Adin",BIH,M,,,,1566,0,40,SEP25,2011,i
14419203,"Manic, Mujo",BIH,M,,,,1936,0,20,SEP25,1968,i
14408066,"Manigodic, Bojan",BIH,M,,,,1854,0,20,SEP25,1982,i
14414066,"Manojlovic, Zarko",BIH,M,,,,1915,0,20,SEP25,1961,i
14422611,"Maric, Alija",BIH,M,,,,1768,0,20,SEP25,1968,i
14401835,"Maric, Bozo",BIH,M,,,,2284,0,10,SEP25,1978,i
14412268,"Maric, Vedran",BIH,M,,,,1821,0,20,SEP25,1998,i
14434431,"Maricic, Ostoja",BIH,M,,,,1740,0,20,SEP25,1957,
14406179,"Marjanovic, Branko",BIH,M,,,,1919,0,20,SEP25,1979,
14402661,"Marjanovic, Dejan",BIH,M,IM,FI,,2451,0,10,SEP25,1996,
14403820,"Marjanovic, Denis",BIH,M,,,,1981,0,20,SEP25,1992,i
14416425,"Marjanovic, Marko",BIH,M,,,,1931,0,20,SEP25,1999,
14415151,"Marjanovic, Matej",BIH,M,,,,1683,0,40,SEP25,2009,i
14414473,"Marjanovic, Radovan",BIH,M,,,,2143,0,20,SEP25,1971,
14407140,"Marjanovic, Zlatko",BIH,M,,,,1927,0,20,SEP25,1974,i
14406314,"Markovic, Dino",BIH,M,,,,2146,0,20,SEP25,2000,
14402874,"Markovic, Dusan",BIH,M,,,,2129,0,20,SEP25,1986,
14442418,"Markovic, Igor",BIH,M,,,,1664,0,20,SEP25,1983,
907723,"Markovic, Lazar",BIH,M,FM,,,2108,0,20,SEP25,1945,i
14415631,"Markovic, Nedeljko",BIH,M,,,,1761,0,20,SEP25,1950,i
14409461,"Markovic, Rade A",BIH,M,,,,1862,0,20,SEP25,1961,i
14407450,"Markovic, Tihomir",BIH,M,,,,1818,11,20,SEP25,1967,
14407477,"Marosevic, Tunjo",BIH,M,,,,1782,0,20,SEP25,1961,i
14417707,"Masanovic, Mihajlo",BIH,M,,,,1586,0,40,SEP25,2008,i
14400197,"Mataradzic, Almir",BIH,M,,,,2151,0,20,SEP25,1986,i
14420538,"Matavulj, Marko",BIH,M,,,,1840,0,20,SEP25,2001,
14406896,"Matijevic, Ivan",BIH,M,,,,1785,0,20,SEP25,1997,i
14415267,"Matijevic, Jozo",BIH,M,,,,2003,0,20,SEP25,1967,
14404702,"Matijevic, Jure",BIH,M,,,,2034,0,20,SEP25,1993,i
14423693,"Matoruga, Hajdar",BIH,M,,,,1770,0,20,SEP25,1962,i
14427826,"Mecavica, Djemil",BIH,M,,,,1979,0,20,SEP25,1965,i
14420031,"Mecavica, Fahrudin",BIH,M,,,,1817,0,20,SEP25,1979,i
14405245,"Medic, Nevenko",BIH,M,,,,1937,0,20,SEP25,1955,
14413752,"Mehdi, Vejsil",BIH,M,,,,1728,0,20,SEP25,1992,i
14420740,"Mehic, Orhan",BIH,M,,,,1649,0,20,SEP25,2002,i
14441284,"Mehic, Sakib",BIH,M,,,,1676,0,20,SEP25,1953,
14413329,"Mehmedic, Ibrahim",BIH,M,,,,1985,0,20,SEP25,1947,i
14425793,"Mehulic, Sead",BIH,M,,,,1773,0,20,SEP25,1960,
14441209,"Memisevic, Viktor",BIH,M,,,,1502,0,40,SEP25,2015,
14431742,"Merdanovic, Muhamed",BIH,M,,,,1835,0,20,SEP25,1957,i
14420546,"Merdzic, Armano",BIH,M,,,,1511,0,20,SEP25,2001,
14422921,"Mesa, Suljo",BIH,M,,,,1666,0,20,SEP25,1997,i
14431084,"Mesic, Admir",BIH,M,,,,1793,0,20,SEP25,1984,i
14426412,"Mesic, Ado",BIH,M,,,,1932,0,40,SEP25,2010,i
14411105,"Mesic, Ismet",BIH,M,FM,,,2177,0,40,SEP25,2007,i
14415801,"Mesic, Merim",BIH,M,,,,1823,31,20,SEP25,1961,
14404320,"Mesic, Vehid",BIH,M,,,,2056,0,20,SEP25,1994,i
14411512,"Mesulic, Milenko",BIH,M,,,,1912,0,20,SEP25,1964,
14434571,"Mihajlovic, Aleksandar",BIH,M,,,,1675,0,40,SEP25,2017,
14432846,"Mihajlovic, Niksa",BIH,M,,,,1435,0,40,SEP25,2015,
908045,"Mihojlic, Miodrag",BIH,M,,,,1982,0,20,SEP25,1952,i
14422565,"Mijatovic, Nikola",BIH,M,,,,1636,0,20,SEP25,2005,i
14436060,"Mijic, Arman",BIH,M,,,,1748,0,40,SEP25,2009,
14442370,"Mijic, Davor",BIH,M,,,,1704,0,20,SEP25,1977,
14418819,"Mijic, Goran",BIH,M,,,,1968,0,40,SEP25,2010,
14438569,"Mijic, Stefan A",BIH,M,,,,1493,0,20,SEP25,2005,
904228,"Mikanovic, Milorad",BIH,M,,,,1993,0,20,SEP25,1947,i
14402645,"Mikanovic, Sandro",BIH,M,FM,NI,,2205,0,20,SEP25,1988,i
14545080,"Mikic, Ivana",BIH,F,,,,1990,12,20,SEP25,2003,w
14414481,"Mikic, Ljubomir",BIH,M,,,,1828,0,20,SEP25,1942,i
14442442,"Mikic, Stefan",BIH,M,,,,1810,0,20,SEP25,1998,
14425351,"Mikulic, Luka",BIH,M,,,,1894,0,20,SEP25,1996,i
14424509,"Mikulic, Vinko F",BIH,M,,,,1678,0,20,SEP25,1991,i
934160,"Milekic, Daniel",BIH,M,FM,,,2262,0,20,SEP25,1983,
14406420,"Miletic, Rade",BIH,M,,,,1890,0,20,SEP25,1974,i
14404648,"Milicevic, Dajana",BIH,F,,,,1849,0,20,SEP25,1994,wi
14419424,"Milicevic, Dragoljub",BIH,M,,,,1794,0,20,SEP25,1952,i
14428610,"Milicevic, Josip",BIH,M,,,,1804,0,20,SEP25,2004,
14407159,"Milicic, Dusko",BIH,M,,,,1891,0,20,SEP25,1972,i
14410583,"Milicic, Nikica",BIH,M,,,,1922,0,20,SEP25,1953,
14411954,"Milinkovic, Veselin",BIH,M,,,,1927,0,20,SEP25,1948,i
14401819,"Miljkovic, Milan",BIH,M,FM,,,2027,0,20,SEP25,1978,i
14417006,"Milojevic, Nebojsa",BIH,M,,,,1869,0,20,SEP25,1988,i
14413817,"Milosevic, Andjelko",BIH,M,,,,1800,0,20,SEP25,1975,i
14423979,"Milovanovic, Rado",BIH,M,,,,1852,0,40,SEP25,2009,i
14437775,"Milovanovic, Todor",BIH,M,,,,1563,0,40,SEP25,2009,i
14417235,"Milovic, Andrija",BIH,M,,,,1672,0,40,SEP25,2009,i
14405954,"Milovic, Milomir",BIH,M,,,,1899,0,20,SEP25,1954,i
14425912,"Mimic, Lazar",BIH,M,,,,1611,0,40,SEP25,2010,i
14425920,"Mimic, Sofija",BIH,F,,,,1702,0,40,SEP25,2008,w
14419130,"Mirkovic, Slavisa",BIH,M,,,,1870,0,20,SEP25,1994,i
14413302,"Mirvic, Mumin",BIH,M,,,,1796,0,20,SEP25,1947,
14402939,"Miskic, Sejfudin",BIH,M,,,,2119,0,20,SEP25,1967,i
14433427,"Misuric-Ramljak, Mihael",BIH,M,,,,1589,0,20,SEP25,2006,i
14428512,"Mitric, Danilo",BIH,M,,,,1916,0,20,SEP25,1974,
921130,"Mitrovic, Jovica",BIH,M,,,,2108,0,20,SEP25,1958,i
14433729,"Mitrovic, Lazar A",BIH,M,,,,1630,0,40,SEP25,2010,
14432595,"Mitrovic, Maksim",BIH,M,,,,1455,0,40,SEP25,2009,
14440482,"Mitrovic, Nemanja",BIH,M,,,,1565,0,40,SEP25,2015,
14431220,"Mitrovic, Stefan A",BIH,M,,,,1827,0,40,SEP25,2010,
14415240,"Mlinarevic, Dobrica",BIH,M,,,,1744,0,20,SEP25,1998,i
14408414,"Molcanov, Sergej",BIH,M,,,,1975,0,20,SEP25,1980,i
14436809,"Momcilovic, Jovan",BIH,M,,,,1492,0,40,SEP25,2015,
14434830,"Moskovic, Mateo",BIH,M,,,,1714,0,20,SEP25,2005,i
14437317,"Mrkanovic, Jasmin",BIH,M,,,,1562,0,40,SEP25,2011,i
14418843,"Mrkovic, Nikola",BIH,M,,,,1813,0,20,SEP25,2006,i
14402114,"Mrndjic, Muamer",BIH,M,,,,2197,0,20,SEP25,1977,
14440857,"Mrsic, Djordje",BIH,M,,,,1695,0,40,SEP25,2011,
14413884,"Mrsic, Zdenko",BIH,M,,,,1878,0,20,SEP25,1951,i
14401568,"Muharemovic, Arif",BIH,M,,,,1841,0,20,SEP25,1944,i
14415054,"Muharemovic, Rasim",BIH,M,,,,1814,0,20,SEP25,1957,i
14401584,"Muhibic, Cazim",BIH,M,,,,1917,0,20,SEP25,1954,i
14425718,"Muhic, Elvis",BIH,M,,,,1744,0,20,SEP25,1989,i
14604434,"Muhic, Sulejman",BIH,M,,,,1949,0,20,SEP25,1962,i
14425726,"Muhic, Zijad",BIH,M,,,,1792,0,20,SEP25,1970,i
14408139,"Mujacic, Haris",BIH,M,,,,AFM,1933,0,SEP25,1987,
14404338,"Mujagic, Ismet",BIH,M,,,,1911,0,20,SEP25,1956,i
14412098,"Mujagic, Muhamed",BIH,M,,,,2111,0,20,SEP25,1988,
14406837,"Mujagic, Nusret",BIH,M,,,,1811,0,20,SEP25,1961,i
14433290,"Mujcic, Edin",BIH,M,,,,1500,0,40,SEP25,2009,
14406527,"Mujcinovic, Muharem",BIH,M,,,,1844,0,20,SEP25,1949,
14430886,"Mujdzic, Eldar",BIH,M,,,,1854,0,20,SEP25,2004,i
14422212,"Mujic, Emin",BIH,M,,,,1882,0,20,SEP25,1961,i
14415976,"Mujic, Fadil",BIH,M,,,,1819,0,20,SEP25,1951,i
14435284,"Mujic, Senahid",BIH,M,,,,1855,0,20,SEP25,1974,i
14405105,"Mujkanovic, Alija",BIH,M,,,,1911,0,20,SEP25,1955,i
14412047,"Mujkanovic, Amel",BIH,M,,,,1815,0,20,SEP25,1991,i
14423111,"Mujkanovic, Beriz",BIH,M,,,,1708,0,20,SEP25,1959,i
14428547,"Mujkic, Muhamed",BIH,M,,,,1493,0,40,SEP25,2014,i
14423642,"Mujkic, Nesad",BIH,M,,,,1559,0,40,SEP25,2007,i
14430894,"Mulahalilovic, Ismet",BIH,M,,,,1920,0,20,SEP25,1973,i
14401649,"Mulic, Sulejman",BIH,M,,,,1847,0,20,SEP25,1951,i
14406276,"Mumanovic, Adis",BIH,M,,,,2154,0,20,SEP25,1978,
14405369,"Muminovic, Semsudin",BIH,M,,,,1917,0,20,SEP25,1974,i
14421160,"Muratovic, Adnan",BIH,M,,,,1731,0,20,SEP25,1999,i
14417340,"Muratovic, Asif",BIH,M,,,,1909,0,20,SEP25,1972,i
14401169,"Muratovic, Efim",BIH,M,FM,,,2310,0,20,SEP25,1966,
14401363,"Muratovic, Enver",BIH,M,FM,,,2213,0,20,SEP25,1964,
14428911,"Muratovic, Husejn",BIH,M,,,,2133,0,20,SEP25,1996,i
14406438,"Murselji, Sefer",BIH,M,,,,1878,0,20,SEP25,1968,i
14421518,"Murtic, Ibrahim",BIH,M,,,,1788,0,20,SEP25,1952,i
14423812,"Music, Edin",BIH,M,,,,1863,0,20,SEP25,1998,i
14432005,"Music, Edmir",BIH,M,,,,1601,0,40,SEP25,2013,
14427125,"Music, Huso",BIH,M,,,,1691,0,20,SEP25,1952,i
14401657,"Music, Suad",BIH,M,,,,1993,0,20,SEP25,1967,
14441063,"Musija, Amila",BIH,F,,,,1451,0,40,SEP25,2010,wi
14416409,"Musija, Nermin",BIH,M,,,,1813,0,20,SEP25,1950,i
14413760,"Musinovic, Mirsad",BIH,M,,,,1750,0,20,SEP25,1992,i
14427443,"Mustafic, Ermina",BIH,F,,,,1758,0,20,SEP25,1974,wi
14410591,"Mustafic, Mehmed",BIH,M,,,,1734,0,20,SEP25,1953,i
14436620,"Mustafic, Remzija",BIH,M,,,,1823,0,20,SEP25,1960,
14429799,"Mustafic, Safet",BIH,M,,,,1597,0,20,SEP25,1951,
14432170,"Mustedanagic, Enver",BIH,M,,,,1902,0,20,SEP25,1958,
14412101,"Mutapcic, Nijaz",BIH,M,,,,1758,0,20,SEP25,1954,
14412063,"Nadarevic, Hasib",BIH,M,,,,1988,0,20,SEP25,1980,i
901512,"Narancic, Vlado",BIH,M,FM,,,2293,0,20,SEP25,1965,
14434768,"Nastic, Aleksandar",BIH,M,,,,1726,0,40,SEP25,2009,i
14429950,"Nedic, Gabriel",BIH,M,,,,1539,0,40,SEP25,2015,
14422964,"Nedic, Matej",BIH,M,,,,1830,0,40,SEP25,2008,
14428334,"Nedic, Mihael",BIH,M,,,,1471,0,40,SEP25,2011,
14403200,"Nesic, Dragana",BIH,F,,,,1891,0,20,SEP25,1993,wi
14431688,"Neziric, Ibro",BIH,M,,,,1764,0,20,SEP25,1961,i
2606160,"Nezirovic, Ozren",BIH,M,,,,2031,0,20,SEP25,1967,
14409259,"Nikitovic, Andjelko",BIH,M,,,,1840,0,20,SEP25,1952,i
14431823,"Nikolic, Lav",BIH,M,,,,1506,0,40,SEP25,2013,i
14412896,"Nikolic, Marko",BIH,M,,,,1761,0,20,SEP25,2006,i
14432161,"Nikolic, Nikola",BIH,M,,,,1752,0,20,SEP25,1938,i
14400014,"Nikolic, Predrag",BIH,M,GM,,,2550,0,10,SEP25,1960,i
14419440,"Ninic, Djuro",BIH,M,,,,1885,0,20,SEP25,1968,
14408716,"Ninkovic, Aleksa",BIH,M,,,,1764,0,20,SEP25,2005,i
14408724,"Ninkovic, Marko",BIH,M,,,,1925,0,20,SEP25,2003,i
14441624,"Ninkovic, Ranko",BIH,M,,,,1892,0,20,SEP25,1963,
14414902,"Novcic, Djordjo",BIH,M,,,,1730,0,20,SEP25,1939,i
14436639,"Nuhanovic, Memaga",BIH,M,,,,1800,0,20,SEP25,1971,
14409291,"Nukic, Farik",BIH,M,,,,1905,0,20,SEP25,1995,i
14409038,"Nurkic, Alija",BIH,M,,,,1982,0,20,SEP25,1977,i
14410249,"Nurkic, Husein",BIH,M,,,,2222,0,20,SEP25,1948,i
14412276,"Obad, Andrija",BIH,M,FM,,,2180,0,20,SEP25,1969,i
14415178,"Obradovic, Draze",BIH,M,,,,1707,0,20,SEP25,1954,
14402149,"Obuca, Bajro",BIH,M,CM,FI,,2080,0,20,SEP25,1966,
14413507,"Odobasic, Semir",BIH,M,,,,1876,0,20,SEP25,1973,
14418860,"Odzak, Tarik",BIH,M,,,,1701,0,40,SEP25,2010,i
14413337,"Ohran, Nihad",BIH,M,,,,2014,0,20,SEP25,1970,
14421003,"Okic, Bajro",BIH,M,,,,1912,0,20,SEP25,1966,i
14404974,"Okovic, Edin",BIH,M,,,,1860,0,20,SEP25,1994,
14432250,"Omanovic, Edo",BIH,M,,,,1805,0,20,SEP25,1986,i
14420643,"Omanovic, Salko",BIH,M,,,,1656,0,20,SEP25,1958,i
14401797,"Omanovic, Vahidin",BIH,M,,,,2023,0,20,SEP25,1972,i
14416654,"Omercic, Alen",BIH,M,,,,1821,0,20,SEP25,1990,i
14401886,"Omercic, Muhamed",BIH,M,,,,2039,0,20,SEP25,1956,
14407906,"Omerika, Arif",BIH,M,,,,1905,0,20,SEP25,1950,i
14429900,"Omerkic, Ahmed",BIH,M,,,,2041,0,20,SEP25,1978,
14429462,"Omerovic, Damir",BIH,M,,,,1763,0,40,SEP25,2011,i
14413779,"Omerovic, Enver",BIH,M,,,,1699,0,20,SEP25,1955,i
14425130,"Omerovic, Kasim",BIH,M,,,,1719,0,20,SEP25,1951,i
14404982,"Oputic, Mirsad",BIH,M,,,,1929,0,20,SEP25,1961,i
14422972,"Orsolic, Andrea Maria",BIH,F,,,,1593,11,20,SEP25,2006,w
14422930,"Orsolic, Dominik",BIH,M,,,,1875,0,20,SEP25,2006,i
14407531,"Orsolic, Jela",BIH,F,,,,1567,0,20,SEP25,1966,w
14425521,"Orsolic, Ruza",BIH,F,,,,1571,0,40,SEP25,2011,w
14422956,"Orsolic, Zvonimir",BIH,M,,,,1727,11,40,SEP25,2008,
14401908,"Oruc, Izet",BIH,M,,,,2008,0,20,SEP25,1958,i
14435292,"Osmanagic, Ivor",BIH,M,,,,2000,29,40,SEP25,2010,
14413078,"Osmanbegovic, Avdo",BIH,M,,,,1863,0,20,SEP25,1959,i
14423650,"Osmanbegovic, Benjamin",BIH,M,,,,1553,0,40,SEP25,2010,i
14427141,"Osmanbegovic, Haris",BIH,M,,,,1659,0,20,SEP25,1984,i
14439859,"Osmancevic, Faruk",BIH,M,,,,1591,0,40,SEP25,2009,i
14433630,"Osmancevic, Lamia",BIH,F,,,,1659,0,40,SEP25,2007,wi
14433524,"Osmanhodzic, Daris",BIH,M,,,,1604,0,40,SEP25,2012,
14430053,"Osmanhodzic, Emin",BIH,M,,,,1771,0,40,SEP25,2011,i
14414848,"Osmic, Enis",BIH,M,,,,1731,0,20,SEP25,2006,i
14422263,"Osmic, Samir",BIH,M,,,,1665,0,20,SEP25,1979,i
14416662,"Ostojic, Ana A",BIH,F,,,,1686,0,40,SEP25,2008,wi
14418894,"Ostojic, Patrik",BIH,M,,,,1524,0,20,SEP25,2005,i
14416670,"Ostojic, Zeljko",BIH,M,,,,1662,0,20,SEP25,1966,i
14406284,"Ovcina, Salko",BIH,M,,,,1818,0,20,SEP25,1938,i
14422050,"Pajalic, Becir",BIH,M,,,,1699,0,20,SEP25,1964,i
14422069,"Pajalic, Ismet",BIH,M,,,,1734,0,20,SEP25,1972,i
14443651,"Pajkanovic, Drago",BIH,M,,,,1897,0,20,SEP25,1972,
14421178,"Paldum, Amir",BIH,M,,,,1869,0,20,SEP25,1968,i
14405121,"Paligoric, Stjepan",BIH,M,,,,1712,0,20,SEP25,1953,
14405075,"Panic, Marko",BIH,M,,,,2009,0,20,SEP25,1956,i
14431645,"Panic, Viktor",BIH,M,,,,1937,0,40,SEP25,2011,
14422450,"Papic, Dario",BIH,M,,,,1872,0,20,SEP25,1996,
14406390,"Paravac, Dusko",BIH,M,,,,1903,0,20,SEP25,1959,i
14406446,"Parganlija, Mernis",BIH,M,,,,1750,0,20,SEP25,1961,
14402467,"Pasalic, Adnan",BIH,M,,,,2035,0,20,SEP25,1967,
14403269,"Pasalic, Harun",BIH,M,FM,,,1956,0,20,SEP25,1983,i
14404877,"Pasic, Asim",BIH,M,,,,1797,0,20,SEP25,1937,i
14428253,"Pasic, Emrah",BIH,M,,,,1662,0,20,SEP25,2004,i
14430908,"Pasic, Hamdo",BIH,M,,,,1782,0,20,SEP25,1955,i
14402718,"Pastar, Slaven",BIH,M,IM,,,2348,0,20,SEP25,1994,
14405571,"Patkovic, Vahdet",BIH,M,,,,2013,0,20,SEP25,1957,
14419343,"Pavicic, Karlo",BIH,M,,,,1838,0,40,SEP25,2007,i
14406209,"Pavlovic, Marko",BIH,M,,,,2054,0,20,SEP25,1969,i
14429624,"Pazalja, Suada",BIH,F,,,,1699,0,20,SEP25,1967,w
14413868,"Peco, Ibrahim",BIH,M,,,,2007,0,20,SEP25,1981,i
14422620,"Peco, Nijaz",BIH,M,,,,1908,0,20,SEP25,1952,i
14408619,"Pehar, Ante",BIH,M,,,,1733,0,20,SEP25,2001,i
14416700,"Pehar, Filip",BIH,M,,,,1687,0,20,SEP25,2006,i
14420333,"Pehar, Ivan",BIH,M,,,,1518,0,20,SEP25,1968,i
14407086,"Pehar, Stjepan",BIH,M,,,,1755,0,20,SEP25,2000,i
14420813,"Pejcic, Spasoje",BIH,M,,,,1972,0,20,SEP25,1977,i
14420112,"Pejic, Dario",BIH,M,,,,1718,0,40,SEP25,2008,i
14406497,"Pejic, Stjepan",BIH,M,,,,1884,0,20,SEP25,1975,i
14412616,"Pejic, Tode",BIH,M,,,,1802,0,20,SEP25,1945,
14411962,"Pejic, Vladan",BIH,M,,NA,,1888,0,20,SEP25,2000,
14415186,"Pejic, Vladislav",BIH,M,,NA,,1941,0,20,SEP25,2000,
14409267,"Pejicic, Spasoje",BIH,M,,,,1966,0,20,SEP25,1977,i
14417715,"Pekmezovic, Jusuf",BIH,M,,,,1996,0,20,SEP25,1954,i
14407540,"Penava, Jerko",BIH,M,,,,1927,0,20,SEP25,1989,i
14440822,"Pepic, Dejan",BIH,M,,,,1525,0,20,SEP25,1995,i
14436728,"Pepic, Vasilije",BIH,M,,,,1656,0,40,SEP25,2009,
14412888,"Peric, David",BIH,M,,,,1717,0,20,SEP25,2003,i
9217902,"Peric, David M",BIH,M,,,,AFM,2075,8,SEP25,2014,
14414503,"Peric, Jakov",BIH,M,,,,1556,0,40,SEP25,2009,i
14411334,"Peric, Pero",BIH,M,,,,1706,0,20,SEP25,1957,i
14405717,"Perisic, Boris",BIH,M,,,,2059,0,20,SEP25,1971,i
14418452,"Perisic, Miodrag",BIH,M,,,,1943,0,20,SEP25,1962,i
14428300,"Perisic, Tadej",BIH,M,,,,1681,0,40,SEP25,2008,i
14421194,"Perkanovic, Milenko",BIH,M,,,,1807,0,40,SEP25,2010,i
14405008,"Pestek, Elvis",BIH,M,,,,2154,0,20,SEP25,1983,
14401479,"Petkovic, Zeljko",BIH,M,,,,1986,0,20,SEP25,1985,i
14416441,"Petricevic, Vedran",BIH,M,,,,1823,0,20,SEP25,1989,i
14410257,"Petrovic, Aleksandar",BIH,M,,,,1900,0,20,SEP25,1981,i
14420457,"Petrovic, Boro",BIH,M,,,,1819,0,20,SEP25,1951,i
14423120,"Petrovic, Darko",BIH,M,,,,1677,0,20,SEP25,2002,i
14408287,"Petrovic, Ivo",BIH,M,,,,1879,0,20,SEP25,1965,i
924750,"Petrovic, Sasa",BIH,M,,,,2173,0,20,SEP25,1964,i
14400510,"Pilavdzic, Hamdija",BIH,M,,,,1941,0,20,SEP25,1948,i
14425084,"Pilipovic, Jovo",BIH,M,,,,1559,0,20,SEP25,1939,i
14402580,"Piric, Fikret",BIH,M,,,,1919,0,20,SEP25,1957,
14404400,"Pisarevic, Goran",BIH,M,,,,2184,0,20,SEP25,1970,i
14550202,"Pistalovic, Slobodan",BIH,M,,,,2018,0,40,SEP25,2007,i
14432285,"Planinic, Ivo",BIH,M,,,,1680,0,40,SEP25,2008,
14421208,"Plavsic, Dusan",BIH,M,,,,1706,0,20,SEP25,1994,i
14405016,"Pleh, Semir",BIH,M,,,,1906,0,20,SEP25,1969,
14415712,"Pojavnik, Marko",BIH,M,,,,1804,0,20,SEP25,1994,i
14412144,"Poletan, Ranko",BIH,M,,,,1846,0,20,SEP25,1954,i
14440032,"Poljakovic, Abdulah",BIH,M,,,,1804,0,20,SEP25,1963,i
14435586,"Polovina, Aleksa",BIH,M,,,,1774,0,40,SEP25,2007,i
14410168,"Popadic, Milan",BIH,M,,,,1957,0,20,SEP25,1967,i
14404664,"Popadic, Mirjana",BIH,F,,,,1795,0,20,SEP25,1994,wi
14410176,"Popara, Radenko",BIH,M,,,,1788,0,20,SEP25,1958,i
14410184,"Popic, Boris",BIH,M,,,,1929,0,20,SEP25,1980,
14403030,"Popovic, Darko",BIH,M,,,,2097,0,20,SEP25,1986,
14405024,"Popovic, Emir",BIH,M,,,,1923,0,20,SEP25,1991,i
14421216,"Popovic, Milan",BIH,M,,,,2014,0,20,SEP25,1965,i
14410095,"Popovic, Samir",BIH,M,,,,1817,0,20,SEP25,1971,
909017,"Popovic, Zoran",BIH,M,FM,,,2167,0,20,SEP25,1964,
14441950,"Poric, Cazim",BIH,M,,,,1893,0,20,SEP25,1964,
14443210,"Poricanin, Sulejman",BIH,M,,,,1800,0,20,SEP25,1990,
14438844,"Potogija, Nedim",BIH,M,,,,1733,0,20,SEP25,1973,
14414929,"Pozderovic, Smajo",BIH,M,,,,1724,0,20,SEP25,1928,
14410265,"Pozegic, Semso",BIH,M,,,,1891,0,20,SEP25,1999,
14414074,"Pozegic, Vehid",BIH,M,,,,1771,0,20,SEP25,1934,i
14440814,"Pralica, Rade",BIH,M,,,,ACM,1743,0,SEP25,1972,
924164,"Prastalo, Borislav",BIH,M,FM,,,2133,9,20,SEP25,1957,
930849,"Predojevic, Borki",BIH,M,GM,FT,,2597,0,10,SEP25,1987,i
14441632,"Prole, Jovan",BIH,M,,,,1766,0,20,SEP25,1990,
14419114,"Prskalo, Dragan",BIH,M,,,,1728,0,20,SEP25,1966,i
14416735,"Prskalo, Gojko",BIH,M,,,,1669,0,20,SEP25,1954,i
14407914,"Prskalo, Vladislav",BIH,M,,,,1962,0,20,SEP25,1942,i
14406160,"Puharic, Mladen",BIH,M,,,,1917,0,20,SEP25,1949,i
905445,"Puric, Nenad",BIH,M,FM,,,2115,0,20,SEP25,1968,i
14429136,"Racic, Aziz",BIH,M,,,,1768,0,20,SEP25,1983,i
14438720,"Racic, Aziz A",BIH,M,,,,1634,0,20,SEP25,1969,
14427931,"Racic, Danilo",BIH,M,,,,1621,0,40,SEP25,2013,
14443007,"Racic, Dzevad",BIH,M,,,,1560,0,20,SEP25,1987,
14414520,"Radaca, Nasir",BIH,M,,,,2134,0,40,SEP25,2007,
14437783,"Radanovic, Sergej",BIH,M,,,,1914,0,20,SEP25,2006,
14411369,"Radeljic-Jakic, Zdravko",BIH,M,,,,2001,0,20,SEP25,1995,
14425190,"Radesic, Sasa",BIH,M,,,,1848,0,20,SEP25,1979,i
14401770,"Radic, Bojan",BIH,M,,,,2245,0,20,SEP25,1986,i
14425360,"Radisic, Zoran",BIH,M,,,,1760,0,20,SEP25,1961,i
14429063,"Radonic, Marko",BIH,M,,,,1611,0,40,SEP25,2012,i
14417723,"Radosavljevic, Zivomir",BIH,M,,,,1680,0,20,SEP25,1949,i
14414112,"Radovanovic, Dobrosav",BIH,M,,,,1892,0,20,SEP25,1935,i
921157,"Radovanovic, Milan",BIH,M,,,,2089,0,20,SEP25,1956,i
14402335,"Radulovic, Drazen",BIH,M,,,,2221,0,20,SEP25,1981,i
14417731,"Radulovic, Jagos",BIH,M,,,,2064,0,20,SEP25,1942,i
14444178,"Radumilo, Filip",BIH,M,,,,1571,0,40,SEP25,2012,
14413167,"Radumilo, Petar",BIH,M,,,,1913,0,20,SEP25,1959,
14444186,"Radumilo, Rajko",BIH,M,,,,1608,0,40,SEP25,2011,
14411377,"Rajic, Ivan",BIH,M,,,,2053,0,20,SEP25,1998,
14424525,"Rajic, Ruza",BIH,F,,,,1544,0,40,SEP25,2009,w
14413639,"Rakita, Jandrija",BIH,M,,,,1742,0,20,SEP25,1954,
14402432,"Ramic, Mirnes",BIH,M,,,,2035,0,20,SEP25,1988,i
14407922,"Ramic, Ramiz",BIH,M,,,,1715,0,20,SEP25,1948,i
14416204,"Ramic, Sead",BIH,M,,,,1805,0,20,SEP25,1962,i
14411393,"Raos, Josip",BIH,M,,,,1660,0,20,SEP25,1950,
14420651,"Rebic, Radoslav",BIH,M,,,,1846,0,20,SEP25,1972,i
14411768,"Rebihic, Mahmut",BIH,M,,,,1703,0,20,SEP25,1960,
14405032,"Redzepi, Mehmedalija",BIH,M,,,,1927,0,20,SEP25,1957,i
14407728,"Redzic, Dzemal",BIH,M,,,,1946,0,20,SEP25,1975,
14419513,"Redzic, Mustafa",BIH,M,,,,1786,0,20,SEP25,1947,i
14416310,"Reljic, Stefan",BIH,M,,,,1762,0,20,SEP25,1994,
14423359,"Residbegovic, Davud",BIH,M,,,,1576,0,40,SEP25,2007,i
14400766,"Ribic, Kasmir",BIH,M,FM,,,2296,0,20,SEP25,1959,
14424789,"Rikanovic, Zdravko",BIH,M,,,,1815,0,20,SEP25,1978,i
14417740,"Ristic, Ivan",BIH,M,,,,1889,0,20,SEP25,1934,i
14415984,"Ristic, Mladen",BIH,M,,,,1921,0,20,SEP25,1968,i
14404524,"Rizvanovic, Ismet",BIH,M,,,,2125,0,20,SEP25,1961,i
14442183,"Rizvic, Tarik",BIH,M,,,,1745,0,20,SEP25,2003,
14413175,"Robovic, Muharem",BIH,M,,,,2010,0,20,SEP25,1953,
14401983,"Robovic, Sead",BIH,M,,,,2089,0,20,SEP25,1978,i
14402602,"Rogovic, Ismet",BIH,M,,,,1905,0,20,SEP25,1962,
14421224,"Rokvic, Nikola",BIH,M,,,,1725,0,20,SEP25,1984,i
14444500,"Rosic, Pavle",BIH,M,,,,1612,0,40,SEP25,2012,
14402289,"Rosic, Slavko",BIH,M,,,,1878,0,20,SEP25,1968,i
922927,"Rosic, Slavko S",BIH,M,FM,,,2138,12,20,SEP25,1952,
14436914,"Rozic, Jovan",BIH,M,,,,1440,0,40,SEP25,2012,
14423154,"Rozic, Uros",BIH,M,,,,1803,0,20,SEP25,2000,
14444216,"Rozman, Anton",BIH,M,,,,1612,0,20,SEP25,1952,
14401410,"Runic, Zoran",BIH,M,IM,NA,,2314,17,10,SEP25,1970,
14429683,"Ruzic, Ivan",BIH,M,,,,1559,0,40,SEP25,2014,
14433176,"Ruzicic, Zoran",BIH,M,,,,1843,0,20,SEP25,1966,i
14406667,"Ruznic, Ramiz",BIH,M,,,,1989,0,20,SEP25,1961,
14411067,"Sabanagic, Mirza",BIH,M,,,,1774,0,20,SEP25,1998,i
14428946,"Sabanovic, Admir",BIH,M,,,,AIM,1913,0,SEP25,1994,
14431092,"Sabanovic, Mehmed",BIH,M,,,,1801,0,20,SEP25,1954,i
14411776,"Sabic, Medin",BIH,M,,,,AFM,1787,0,SEP25,1997,
14403838,"Sabic, Muris",BIH,M,,,,1834,0,20,SEP25,1955,
14422077,"Sadikovic, Fadil",BIH,M,,,,1847,0,20,SEP25,1961,
14402173,"Sadikovic, Jasmin",BIH,M,,,,2100,0,20,SEP25,1972,
14431416,"Sadikovic, Vedad",BIH,M,,,,1732,0,40,SEP25,2008,i
14438364,"Sahinovic, Mirsad",BIH,M,,,,1545,0,20,SEP25,1981,
14413523,"Sahinovic, Sejad",BIH,M,,,,1908,0,20,SEP25,1966,i
14433095,"Sahinpasic, Emin",BIH,M,,,,1720,0,20,SEP25,1951,i
14417421,"Sahman, Djemal",BIH,M,,,,1672,0,20,SEP25,1959,
14433788,"Sahman, Nihada",BIH,F,,,,1746,0,20,SEP25,1967,wi
14412870,"Sajin, Mirko",BIH,M,FM,,,2271,12,20,SEP25,2007,
14409747,"Sakan, Dusko",BIH,M,,,,1795,0,20,SEP25,1962,
14406675,"Sakanovic, Samir",BIH,M,,,,1915,0,20,SEP25,1968,i
14413566,"Sakic, Dino",BIH,M,,,,1901,0,20,SEP25,1997,i
14406535,"Salibasic, Damir",BIH,M,,,,1929,20,20,SEP25,1987,
14406292,"Salibasic, Ibrahim",BIH,M,,,,1924,0,20,SEP25,1964,
14443201,"Salihagic, Alen",BIH,M,,,,1570,0,20,SEP25,1994,
14439719,"Salihbegovic, Danin",BIH,M,,,,1735,0,40,SEP25,2015,i
14433931,"Salihovic, Jasmin",BIH,M,,,,1913,0,20,SEP25,1973,i
14415810,"Salimovic, Belmin",BIH,M,,,,1806,0,20,SEP25,2002,i
14424959,"Salimovic, Edin",BIH,M,,,,1772,0,20,SEP25,1996,i
14422085,"Salkic, Esad",BIH,M,,,,1867,0,20,SEP25,1974,
14401959,"Salkic, Izet",BIH,M,,,,1912,0,20,SEP25,1953,i
14408945,"Salkic, Mahir",BIH,M,,,,2134,0,20,SEP25,1998,i
14442132,"Salkic, Nedim",BIH,M,,,,1507,0,40,SEP25,2013,
14424436,"Salkovic, Safet",BIH,M,,,,1663,0,20,SEP25,1962,i
14415720,"Samardzija, Aleksandar",BIH,M,,,,1764,0,20,SEP25,2004,i
14420660,"Samardzija, Milanko",BIH,M,,,,1879,0,20,SEP25,1950,i
14408333,"Santic, Damjan",BIH,M,,,,1810,0,20,SEP25,1941,i
14422638,"Santic, Mujo",BIH,M,,,,1852,0,20,SEP25,1947,i
14430649,"Sarajlic, Eldar",BIH,M,,,,1697,0,20,SEP25,2004,i
14437171,"Sarajlic, Zijad",BIH,M,,,,1904,0,20,SEP25,1950,
14412624,"Sarajlic, Zlatko",BIH,M,,,,1968,0,20,SEP25,1971,
14437503,"Saravanja, Ante A",BIH,M,,,,1698,12,20,SEP25,1972,
14436493,"Sarcevic, Lazar",BIH,M,,,,1650,0,40,SEP25,2009,i
14409194,"Saric, Afan",BIH,M,,,,1777,0,20,SEP25,1944,i
14401290,"Saric, Ibro",BIH,M,GM,,,2510,0,10,SEP25,1982,i
14425742,"Saric, Mirnes",BIH,M,,,,1836,0,20,SEP25,1997,i
914932,"Savanovic, Aleksandar",BIH,M,IM,,,2343,0,10,SEP25,1973,
14415313,"Savanovic, Maksim",BIH,M,,,,2195,0,20,SEP25,2005,
14417758,"Savic, Borislav",BIH,M,,,,1862,0,20,SEP25,1947,i
14422581,"Savic, Predrag A",BIH,M,,,,1755,0,20,SEP25,2003,i
14425017,"Segic, Drasko",BIH,M,,,,1790,0,20,SEP25,1974,
14419521,"Sehic, Vahid",BIH,M,,,,1777,0,20,SEP25,1957,i
14401967,"Sejmenovic, Senad",BIH,M,,,,1885,0,20,SEP25,1963,i
14418231,"Sejtanic, Ramiz",BIH,M,,,,1772,0,20,SEP25,1956,i
14411520,"Sekulic, Gojko",BIH,M,,,,2068,0,20,SEP25,1970,i
9215543,"Sekulic, Pavle",BIH,M,,,,1559,0,40,SEP25,2013,i
904317,"Sekulic, Vlatko",BIH,M,FM,,,2216,0,20,SEP25,1963,i
14407949,"Selimovic, Amir",BIH,M,,,,1987,0,20,SEP25,1981,
14442302,"Selimovic, Arnel A",BIH,M,,,,1524,0,20,SEP25,1997,
14404133,"Selimovic, Mahir",BIH,M,,,,1981,0,20,SEP25,1976,i
14405989,"Selimovic, Sakib",BIH,M,,,,1915,0,20,SEP25,1946,
14416212,"Senjak, Marko",BIH,M,,,,1927,0,20,SEP25,2002,i
14441250,"Serbedzija, Slavko",BIH,M,,,,1806,0,20,SEP25,1981,
14407590,"Sesar, Dario",BIH,M,,,,2044,0,20,SEP25,1996,i
14407604,"Sesar, Ivan",BIH,M,,,,2120,0,20,SEP25,1997,
14402505,"Seslija, Zoran",BIH,M,,,,2128,0,20,SEP25,1959,i
14415682,"Sestic, Nedim",BIH,M,,,,1779,0,20,SEP25,2002,i
14405458,"Sestic, Nermin",BIH,M,,,,2065,0,20,SEP25,1965,
14431696,"Setka, Ivan",BIH,M,,,,1684,0,20,SEP25,1948,i
14413272,"Setka, Mladen",BIH,M,,,,1859,0,20,SEP25,1939,i
14431424,"Sibincic, Nikola",BIH,M,,,,2101,0,40,SEP25,2011,
14409372,"Sikman, Drago",BIH,M,,,,1944,0,20,SEP25,1963,i
14417987,"Sikman, Filip",BIH,M,,,,1752,0,40,SEP25,2009,i
14418932,"Siljegovic, Dario",BIH,M,,,,1926,0,20,SEP25,2004,
14421062,"Siljegovic, Nadina",BIH,F,,,,1574,0,40,SEP25,2008,wi
14410648,"Simeunovic, Zoran",BIH,M,,,,1983,0,20,SEP25,1973,i
14406403,"Simic, Aleksandar",BIH,M,,,,2232,12,20,SEP25,1975,
14441233,"Simic, Dejan",BIH,M,,,,1696,12,40,SEP25,2009,
14413094,"Simic, Dragica",BIH,F,,,,1640,0,20,SEP25,2003,wi
14415887,"Simic, Kresimir",BIH,M,,,,1980,0,20,SEP25,1984,i
14409070,"Simic, Marko L",BIH,M,,,,1955,0,20,SEP25,1961,i
929328,"Simic, Zeljko",BIH,M,FM,,,2162,0,20,SEP25,1980,i
14401690,"Simunovic, Bozidar",BIH,M,,,,2103,0,20,SEP25,1954,i
14417570,"Sinanovic, Amir",BIH,M,,,,1789,0,20,SEP25,1965,i
14408953,"Sinanovic, Ermin",BIH,M,,,,1991,0,20,SEP25,1999,
14401975,"Sinanovic, Fadil",BIH,M,,,,1893,0,20,SEP25,1959,i
14412632,"Sinik, Tomislav",BIH,M,,,,1665,0,20,SEP25,1954,
14409305,"Sipka, Nemanja",BIH,M,,IA,,1874,0,20,SEP25,1987,
14417243,"Sipovac, Radomir",BIH,M,,,,1796,0,20,SEP25,1972,i
14419530,"Sisic, Muhamed",BIH,M,,,,2243,12,20,SEP25,2007,
14428962,"Sisic, Samir",BIH,M,,,,1900,0,20,SEP25,1981,i
14403854,"Sitnic, Adnan",BIH,M,CM,,,2073,0,20,SEP25,1992,
14403862,"Sitnic, Ahmed",BIH,M,,,,1987,0,20,SEP25,1995,i
14441101,"Sitnic, Faris",BIH,M,,,,1707,0,20,SEP25,1990,
14419882,"Skobic, Spasoja",BIH,M,,,,1789,0,20,SEP25,1955,i
14444852,"Skrobic, Boro",BIH,M,,,,1775,0,20,SEP25,1966,
14418940,"Skula, Lejla",BIH,F,,,,1752,0,20,SEP25,2005,wi
14429233,"Sladoje, Mitar",BIH,M,,,,1849,0,20,SEP25,1981,
14422913,"Slijepcevic, Jovo",BIH,M,,,,1916,0,20,SEP25,1961,
941581,"Slijepcevic, Ranka",BIH,F,,,,1885,0,20,SEP25,1989,w
14407639,"Slisko, Ilija",BIH,M,,,,1852,0,20,SEP25,1978,i
14439433,"Sljivic, Dusko",BIH,M,,,,1453,0,20,SEP25,1977,
14439441,"Sljivic, Sasa",BIH,M,,,,1530,0,20,SEP25,1974,
14439301,"Sljuka, Lazar",BIH,M,,,,1621,0,40,SEP25,2011,i
14440180,"Smajic, Dzejna",BIH,F,,,,1471,0,40,SEP25,2016,w
14421100,"Smajic, Ervin",BIH,M,,,,1813,0,20,SEP25,1985,i
14440059,"Smajic, Zuhdija",BIH,M,,,,1668,0,20,SEP25,1970,i
14441470,"Smajlovic, Anes",BIH,M,,,,1811,0,20,SEP25,1980,i
14402009,"Smajlovic, Nijaz",BIH,M,,,,2052,0,20,SEP25,1969,i
14410664,"Smajlovic, Samir",BIH,M,,,,2021,0,20,SEP25,1964,
14410737,"Smaka, Faruk",BIH,M,,,,1864,0,20,SEP25,1958,i
14438135,"Smiljanic, Dusan",BIH,M,,,,1480,0,40,SEP25,2011,
14438143,"Smiljanic, Marko",BIH,M,,,,1467,0,40,SEP25,2008,i
14429861,"Softic, Amir",BIH,M,,,,1662,0,20,SEP25,1970,i
14404753,"Softic, Kasim",BIH,M,,,,1894,0,20,SEP25,1948,
14409275,"Softic, Mensud",BIH,M,,,,1821,0,20,SEP25,1983,
14402351,"Solaja, Veljko",BIH,M,,,,1889,0,20,SEP25,1959,
14418622,"Solakovic, Vuk",BIH,M,,,,1647,0,40,SEP25,2009,i
14420368,"Soldo, Dalibor",BIH,M,,,,1775,0,20,SEP25,1975,i
14439786,"Soldo, Mario",BIH,M,,,,1769,0,40,SEP25,2012,i
14434024,"Soljic, Timur",BIH,M,,,,1768,0,40,SEP25,2007,i
14402378,"Soprenic, Momcilo",BIH,M,,,,1925,0,20,SEP25,1946,
14407647,"Sose, Zelimir",BIH,M,,,,1924,0,20,SEP25,1952,i
14431700,"Spago, Ibrahim",BIH,M,,,,1867,0,20,SEP25,1943,i
14403870,"Spaho, Samir",BIH,M,,,,2090,0,20,SEP25,1964,i
934356,"Spasenovic, Zoran",BIH,M,,,,2165,0,20,SEP25,1970,i
14421011,"Spasojevic, Marko",BIH,M,,,,1720,0,40,SEP25,2007,i
14417790,"Spasojevic, Sladjan",BIH,M,,,,1927,0,20,SEP25,1967,i
14415194,"Srdic, Braco",BIH,M,,,,1743,0,20,SEP25,1956,
14410745,"Srdic, Milenko",BIH,M,,,,1921,0,20,SEP25,1956,i
14433656,"Srebric, Armin",BIH,M,,,,1898,0,20,SEP25,1977,i
14433001,"Stamenkovic, Matija",BIH,M,,,,1691,0,40,SEP25,2011,
14433010,"Stamenkovic, Mihailo",BIH,M,,,,1665,0,40,SEP25,2011,
14413183,"Stanisic, Nedjo",BIH,M,,,,1662,0,20,SEP25,1956,
14414562,"Stanisic, Tijana",BIH,F,,,,1467,0,20,SEP25,2006,wi
14403889,"Stanisic, Vlajko",BIH,M,,,,1979,0,20,SEP25,1977,
14433249,"Stanivukovic, Danilo",BIH,M,,,,1514,0,20,SEP25,2003,i
14409763,"Stankic, Anastasija",BIH,F,,,,1719,0,20,SEP25,2005,wi
14411997,"Stankovic, Darko A",BIH,M,,,,1882,0,20,SEP25,1994,i
14425610,"Stankovic, Dejan A",BIH,M,,,,1928,0,20,SEP25,1995,
14408740,"Stankovic, Dragan",BIH,M,,,,2205,0,20,SEP25,2002,
14420570,"Stankovic, Zeljko",BIH,M,,,,1760,0,20,SEP25,1996,i
14400707,"Stanojevic, Stanimir",BIH,M,,,,2005,0,20,SEP25,1960,
14405253,"Starcevic, Najdan",BIH,M,,,,1991,0,20,SEP25,1986,
932027,"Stavnjak, Lazar",BIH,M,FM,,,2119,0,20,SEP25,1958,
14411431,"Stipic, Ivan",BIH,M,,,,1864,0,20,SEP25,1990,i
14402610,"Stjepanovic, Dusko",BIH,M,,,,1956,0,20,SEP25,1948,i
922692,"Stojanovic, Dalibor",BIH,M,GM,FT,,2459,0,10,SEP25,1983,
902969,"Stojanovic, Dobrisav",BIH,M,FM,,,2279,0,20,SEP25,1955,i
921190,"Stojanovic, Vlado",BIH,M,,,,1920,0,20,SEP25,1958,
14403757,"Stojcevic, Jovanka",BIH,F,,,,1622,0,20,SEP25,1943,wi
14434466,"Stojicic, Dragan",BIH,M,,,,1825,0,20,SEP25,1976,
14414171,"Stokic, Dragoljub",BIH,M,,,,1855,0,20,SEP25,1947,i
14429152,"Stosic, Filip",BIH,M,,,,1454,0,40,SEP25,2013,i
14433680,"Stosic, Sava",BIH,M,,,,1684,0,20,SEP25,1985,i
14402513,"Strinic, Halid",BIH,M,,,,2145,0,20,SEP25,1952,
14412284,"Strinic, Hamdija",BIH,M,,,,1886,0,20,SEP25,1950,
14407655,"Strkalj, Stipo",BIH,M,,,,1841,0,20,SEP25,1956,i
14427567,"Stula, Nikola A",BIH,M,,,,1695,0,40,SEP25,2009,i
14423669,"Subasic, Fadil",BIH,M,,,,1951,0,20,SEP25,1978,
14426242,"Subotic, Ilija",BIH,M,,,,1746,0,20,SEP25,1978,i
14414554,"Subotic, Vladimir",BIH,M,,,,1905,0,20,SEP25,1981,i
14429560,"Sucic, Anto",BIH,M,,,,1911,0,20,SEP25,1982,i
14429578,"Sucic, Markos",BIH,M,,,,1829,0,20,SEP25,1979,i
14435187,"Sukalo, Dobrica",BIH,M,,,,1737,0,40,SEP25,2009,
14441268,"Sukalo, Tomislav",BIH,M,,,,1673,0,20,SEP25,1976,i
14415461,"Suljic, Mirza",BIH,M,,,,1971,0,20,SEP25,1981,i
14441489,"Suljic, Mujo",BIH,M,,,,1774,0,20,SEP25,1969,i
14433958,"Suljkanovic, Asmir",BIH,M,,,,AFM,1873,0,SEP25,1992,i
14437481,"Surlan, Sergej",BIH,M,,,,1467,0,40,SEP25,2010,
14404354,"Susic, Nihad",BIH,M,,IA,,ACM,1917,0,SEP25,1984,i
14441640,"Susljik, Andrija",BIH,M,,,,1739,0,40,SEP25,2010,
14402203,"Suta, Adil",BIH,M,,,,1998,0,20,SEP25,1979,i
14400820,"Sutkovic, Damir",BIH,M,IM,,,2277,0,20,SEP25,1978,i
14416450,"Sutonja, Srecko",BIH,M,,,,1939,0,20,SEP25,1966,i
14436086,"Tabak, Adnan",BIH,M,,,,1689,0,40,SEP25,2011,i
14413795,"Tabak, Mehmed",BIH,M,,,,1866,0,20,SEP25,1962,i
14433621,"Tabak, Nidal",BIH,M,,,,1701,0,40,SEP25,2008,i
14409380,"Tadic, Zeljko",BIH,M,,,,1778,0,20,SEP25,1957,
14404532,"Tahirovic, Adnan",BIH,M,,,,1955,0,20,SEP25,1976,i
14425831,"Tahirovic, Saban",BIH,M,,,,1815,0,20,SEP25,1963,i
14414996,"Tanasic, Predrag",BIH,M,,,,1857,0,20,SEP25,1978,i
14431106,"Tanaskovic, David",BIH,M,,,,1893,0,20,SEP25,2006,
14440199,"Tanjo, Emir",BIH,M,,,,1724,0,20,SEP25,2006,i
14412861,"Tatarevic, Adin",BIH,M,,,,2123,0,20,SEP25,1984,
14441667,"Tegeltija, Bozo",BIH,M,,,,1738,0,20,SEP25,1990,
14419467,"Tekac, Jusuf",BIH,M,,,,1916,0,20,SEP25,1947,i
14425068,"Telebak, Vladimir",BIH,M,,,,1695,0,20,SEP25,1985,i
14400359,"Terzic, Ilijas",BIH,M,FM,,,2157,0,20,SEP25,1956,i
14432625,"Tesic, Zelimir",BIH,M,,,,1490,0,20,SEP25,1988,i
14433745,"Timarac, Vladimir",BIH,M,,,,1611,0,40,SEP25,2015,
14434954,"Tinjic, Jasmin",BIH,M,,,,1615,0,40,SEP25,2007,i
14444526,"Todorovic, Igor",BIH,M,,,,1922,0,20,SEP25,2006,
14444534,"Todorovic, Milenko",BIH,M,,,,1676,0,20,SEP25,1966,
14412187,"Todorovic, Rado",BIH,M,,,,1856,0,20,SEP25,1963,i
14410680,"Tomanic, Trivo",BIH,M,,,,1882,0,20,SEP25,1936,i
14417065,"Tomasevic, Jovan",BIH,M,,,,1755,0,20,SEP25,1992,i
14423855,"Tomic, Bojan",BIH,M,,NA,,1837,0,20,SEP25,1974,
14401401,"Tomic, Bosko",BIH,M,IM,,,2432,0,10,SEP25,1983,i
14406330,"Tomic, Jelena",BIH,F,,,,1923,0,20,SEP25,2001,wi
14412942,"Tomic, Krizan",BIH,M,,,,2063,0,20,SEP25,1991,i
14438038,"Tomic, Pavle A",BIH,M,,,,1672,8,40,SEP25,2016,
14405725,"Tomic, Velicko",BIH,M,,,,1993,0,20,SEP25,1955,
14406926,"Tomic, Vladanka",BIH,F,,,,1881,0,20,SEP25,2000,wi
14428660,"Tomicic, Domagoj",BIH,M,,,,1638,0,40,SEP25,2009,i
14428679,"Tomicic, Franko",BIH,M,,,,1881,0,20,SEP25,2006,i
14426064,"Tomicic, Miroslav",BIH,M,,,,1752,0,20,SEP25,1983,
921718,"Tonkovic, Robert",BIH,M,,,,2116,0,20,SEP25,1974,i
14427249,"Topic, Boban",BIH,M,,,,1859,0,20,SEP25,1979,
921173,"Topic, Dragan",BIH,M,,,,2197,0,20,SEP25,1967,i
14418240,"Topoljak, Mehmed",BIH,M,,,,1937,0,40,SEP25,2008,
14431750,"Toromanovic, Abdulrahman",BIH,M,,,,1579,0,20,SEP25,1998,i
14437392,"Tosic, Danilo",BIH,M,,,,1504,0,40,SEP25,2010,i
14439042,"Tosic, Nemanja",BIH,M,,,,1632,0,40,SEP25,2008,i
14407663,"Totic, Viktor",BIH,M,,,,1791,0,20,SEP25,1985,i
14408422,"Tovirac, Mihajlo",BIH,M,,,,1881,0,20,SEP25,1963,i
14440989,"Trbalic, Nedim",BIH,M,,,,1583,0,40,SEP25,2009,
14406217,"Trcalo, Ramiz",BIH,M,,,,2003,0,20,SEP25,1946,i
14428261,"Trebo, Sumeja",BIH,F,,,,1535,0,20,SEP25,2004,w
14401053,"Trkulja, Goran",BIH,M,IM,FT,,2223,0,20,SEP25,1969,
14411458,"Trogrlic, Andjelko",BIH,M,,,,2016,0,20,SEP25,1972,i
14401070,"Trumic, Enes",BIH,M,,,,2188,0,20,SEP25,1964,i
14403110,"Tucakovic, Mario",BIH,M,,,,2112,0,20,SEP25,1989,
14404761,"Tunjic, Petar",BIH,M,,,,2038,0,20,SEP25,1946,i
14423677,"Turanjanin, Dragan",BIH,M,,,,1838,0,20,SEP25,1961,i
14403773,"Tursunovic, Ibro",BIH,M,,,,1981,0,20,SEP25,1958,i
14416794,"Turudic, Marinko",BIH,M,,,,1698,0,20,SEP25,1961,i
14410362,"Tutic, Amina",BIH,F,,,,1608,0,20,SEP25,2001,w
14400871,"Tutic, Resad",BIH,M,FM,,,2163,0,20,SEP25,1965,
14410281,"Unkic, Mesud",BIH,M,,,,1907,0,20,SEP25,1964,i
14402750,"Urosevic, Aleksandar",BIH,M,,,,2244,0,20,SEP25,1979,
14417413,"Uzunovic, Abdulah",BIH,M,,,,2062,0,20,SEP25,1941,i
14402890,"Vajic, Goran",BIH,M,FM,,,2238,0,20,SEP25,1990,i
14406349,"Vajic, Mladenko",BIH,M,,,,1984,0,20,SEP25,1964,
14433435,"Valjevac, Mujo",BIH,M,,,,1722,0,20,SEP25,1974,i
14438046,"Vasic, Milos",BIH,M,,,,1495,0,40,SEP25,2016,
14440881,"Vasic, Nikolas",BIH,M,,,,1737,0,40,SEP25,2011,
14416808,"Vasilj, Ante",BIH,M,,,,1751,0,20,SEP25,1950,i
14406225,"Vego, Nikica",BIH,M,,,,2084,0,20,SEP25,1958,i
14412241,"Veladzic, Ernad",BIH,M,,,,2050,0,20,SEP25,1982,i
14420600,"Veselinovic, Dusko",BIH,M,,,,1796,0,20,SEP25,1995,i
14418002,"Vidic, Aleksej",BIH,M,,,,1689,0,20,SEP25,2004,i
14420473,"Vidovic, Boro",BIH,M,,,,1687,0,20,SEP25,1941,
14414600,"Vidovic, Djordje",BIH,M,,,,1948,0,20,SEP25,1972,
14403021,"Vincetic, Joso",BIH,M,,,,1922,0,20,SEP25,1963,i
14419122,"Vlacic, Asim",BIH,M,,,,1783,0,20,SEP25,1954,i
14417103,"Voruna, Mihajlo",BIH,M,,,,1748,0,20,SEP25,1996,
14420589,"Vranjes, Ljubomir",BIH,M,,,,1748,0,20,SEP25,2001,
14442191,"Vrazalica, Edvin",BIH,M,,,,1845,0,20,SEP25,1985,
14444194,"Vrban, Aleksandar",BIH,M,,,,1742,0,20,SEP25,1988,
14422310,"Vrcic, Anto",BIH,M,,,,1659,0,20,SEP25,1947,i
14420597,"Vrhovac, Gostimir",BIH,M,,,,1622,0,20,SEP25,1949,
14427877,"Vrsajevic, Mirza",BIH,M,,,,1818,0,20,SEP25,1981,i
14443120,"Vrucinic, Zoran",BIH,M,,,,1850,0,20,SEP25,1973,
14420830,"Vucic, Mirko",BIH,M,,,,1930,0,20,SEP25,1955,i
14434636,"Vucic, Vanja",BIH,M,,,,1505,0,40,SEP25,2009,
14410699,"Vucic, Vladimir",BIH,M,,,,1855,0,20,SEP25,1984,
14417294,"Vucinic, Stefan",BIH,M,,,,1632,0,20,SEP25,2000,i
14412691,"Vuckovac, Borislav",BIH,M,,,,1672,0,20,SEP25,1954,i
14412705,"Vuckovac, Branislav",BIH,M,,,,1873,0,20,SEP25,1985,
14406462,"Vujica, Boro",BIH,M,,,,1890,0,20,SEP25,1973,
14407671,"Vujica, Branislav",BIH,M,,,,1855,0,20,SEP25,1960,
14407680,"Vujica, Marinko",BIH,M,,,,2011,0,20,SEP25,1958,
14427028,"Vujicic, Miso",BIH,M,,,,1908,0,20,SEP25,1957,i
14416840,"Vukelja, Mihael",BIH,M,,,,1761,0,40,SEP25,2007,
900273,"Vukic, Milan",BIH,M,GM,,,2337,9,10,SEP25,1942,
14430037,"Vukoje, Marija",BIH,F,,,,1721,0,40,SEP25,2012,w
14422476,"Vukojevic, Antonio",BIH,M,,,,1705,0,20,SEP25,1976,i
14417588,"Vukojevic, Miodrag",BIH,M,,,,1841,0,20,SEP25,1950,i
14415321,"Vukovic, Adis",BIH,M,,,,2058,0,20,SEP25,1975,i
14420287,"Vukovic, Dusan",BIH,M,,,,1845,0,20,SEP25,1968,i
14443139,"Vukovic, Goran",BIH,M,,,,1781,0,20,SEP25,1978,
14418010,"Vukovic, Sara",BIH,F,,,,1686,0,40,SEP25,2008,w
14420848,"Vulesevic, Stevo",BIH,M,,,,1939,0,20,SEP25,1943,i
14429934,"Vunic, Elzudin",BIH,M,,,,1895,0,20,SEP25,1971,
14400669,"Zacinovic, Alija",BIH,M,,,,2219,0,20,SEP25,1977,i
14441241,"Zahirovic, Nedzad",BIH,M,,,,1729,0,20,SEP25,1960,
14415372,"Zahirovic, Ramiz",BIH,M,,,,1890,0,20,SEP25,1955,i
14436515,"Zaid, Ensar",BIH,M,,,,2015,0,40,SEP25,2008,
14404583,"Zdilar, Emilija",BIH,F,,,,1917,0,20,SEP25,1994,wi
14417596,"Zecic, Emir",BIH,M,,,,1700,0,20,SEP25,1979,i
14409526,"Zecirevic, Bahrudin",BIH,M,,,,1893,0,20,SEP25,1978,
14405610,"Zekic, Sead",BIH,M,,,,1921,0,20,SEP25,1968,i
14408392,"Zekusic, Miroslav",BIH,M,,,,1957,0,20,SEP25,1945,i
14403196,"Zelenika, Ivan",BIH,M,,,,1760,0,20,SEP25,1954,i
14432030,"Zelenkovic, Simo",BIH,M,,,,1709,0,40,SEP25,2008,i
14433265,"Zeljkovic, Djordje",BIH,M,,,,1789,0,20,SEP25,2003,i
14409208,"Zenelaj, Fisnik",BIH,M,,,,1945,0,20,SEP25,1977,i
4701631,"Zenelaj, Samuel",BIH,M,FM,,,2224,0,20,SEP25,2003,
14413809,"Zenelaj, Xhonatan",BIH,M,,,,1764,0,40,SEP25,2007,i
14403447,"Zidansek, Bojan",BIH,M,,,,1826,0,20,SEP25,1944,
14420856,"Zirojevic, Goran",BIH,M,,,,1876,0,20,SEP25,1985,i
14420864,"Zirojevic, Sasa",BIH,M,,,,1962,0,20,SEP25,1992,i
14439077,"Zivanic, Igor",BIH,M,,,,1607,0,40,SEP25,2009,
14436523,"Zivkovic, Gabriel",BIH,M,,,,1510,0,40,SEP25,2010,
14419300,"Zivkovic, Ivan",BIH,M,,,,1734,0,20,SEP25,2002,i
14412373,"Zivkovic, Marijan",BIH,M,,,,1804,0,20,SEP25,1965,i
14434644,"Zivkovic, Strahinja",BIH,M,,,,1474,0,40,SEP25,2013,
14421720,"Zjajic, Stojan",BIH,M,,,,1705,0,20,SEP25,1987,
14412233,"Zlatarevic, Ivan",BIH,M,,,,2015,0,20,SEP25,1984,
14413280,"Znahor, Bojan",BIH,M,,,,1912,0,20,SEP25,1979,i
14412713,"Zrnic, Ljubomir",BIH,M,,,,1890,0,20,SEP25,1947,i
14416859,"Zrno, Tino",BIH,M,,,,1637,0,40,SEP25,2008,i
14413876,"Zuhric, Osman",BIH,M,,,,1780,0,20,SEP25,1984,i
14402998,"Zuko, Rasim",BIH,M,,,,1924,0,20,SEP25,1952,i
14421097,"Zulic, Hakija",BIH,M,,,,1957,0,20,SEP25,1960,i
14428423,"Zupcevic, Ermin",BIH,M,,,,1874,0,20,SEP25,1971,i
14402629,"Zupcevic, Nedim",BIH,M,,,,1971,0,20,SEP25,1966,i
14407752,"Zvekic, Hajrudin",BIH,M,,,,1673,0,20,SEP25,1954,