[
  {
    "ID Number": "11642904"
  },
  {
    "ID Number": "11603232"
  },
  {
    "ID Number": "11600675"
  },
  {
    "ID Number": "11614862"
  },
  {
    "ID Number": "11633131"
  },
  {
    "ID Number": "11622075"
  },
  {
    "ID Number": "11616423"
  },
  {
    "ID Number": "11645172"
  },
  {
    "ID Number": "11602104"
  },
  {
    "ID Number": "11622830"
  },
  {
    "ID Number": "11636440"
  },
  {
    "ID Number": "11606835"
  },
  {
    "ID Number": "11609095"
  },
  {
    "ID Number": "11617608"
  },
  {
    "ID Number": "11609001"
  },
  {
    "ID Number": "11620480"
  },
  {
    "ID Number": "11611618"
  },
  {
    "ID Number": "11631813"
  },
  {
    "ID Number": "11631805"
  },
  {
    "ID Number": "11602392"
  },
  {
    "ID Number": "11652381"
  },
  {
    "ID Number": "11602260"
  },
  {
    "ID Number": "11610425"
  },
  {
    "ID Number": "11624035"
  },
  {
    "ID Number": "11602899"
  },
  {
    "ID Number": "11612762"
  },
  {
    "ID Number": "11635991"
  },
  {
    "ID Number": "11602708"
  },
  {
    "ID Number": "11602201"
  },
  {
    "ID Number": "11604603"
  },
  {
    "ID Number": "11623853"
  },
  {
    "ID Number": "11617632"
  },
  {
    "ID Number": "11604611"
  },
  {
    "ID Number": "11635487"
  },
  {
    "ID Number": "11632747"
  },
  {
    "ID Number": "11621753"
  },
  {
    "ID Number": "11624248"
  },
  {
    "ID Number": "11601469"
  },
  {
    "ID Number": "11646195"
  },
  {
    "ID Number": "11643471"
  },
  {
    "ID Number": "11604484"
  },
  {
    "ID Number": "11640634"
  },
  {
    "ID Number": "11611669"
  },
  {
    "ID Number": "11634448"
  },
  {
    "ID Number": "11602139"
  },
  {
    "ID Number": "11633000"
  },
  {
    "ID Number": "11613513"
  },
  {
    "ID Number": "11638729"
  },
  {
    "ID Number": "11615028"
  },
  {
    "ID Number": "11602651"
  },
  {
    "ID Number": "11609141"
  },
  {
    "ID Number": "11603089"
  },
  {
    "ID Number": "11622733"
  },
  {
    "ID Number": "11604280"
  },
  {
    "ID Number": "11637625"
  },
  {
    "ID Number": "11629932"
  },
  {
    "ID Number": "11606665"
  },
  {
    "ID Number": "11608811"
  },
  {
    "ID Number": "11646373"
  },
  {
    "ID Number": "11644761"
  },
  {
    "ID Number": "11609052"
  },
  {
    "ID Number": "11617098"
  },
  {
    "ID Number": "11600861"
  },
  {
    "ID Number": "11610670"
  },
  {
    "ID Number": "11607009"
  },
  {
    "ID Number": "11604832"
  },
  {
    "ID Number": "11600888"
  },
  {
    "ID Number": "11603593"
  },
  {
    "ID Number": "11608897"
  },
  {
    "ID Number": "11602147"
  },
  {
    "ID Number": "11603240"
  },
  {
    "ID Number": "11600810"
  },
  {
    "ID Number": "11639636"
  },
  {
    "ID Number": "11606029"
  },
  {
    "ID Number": "11603836"
  },
  {
    "ID Number": "11613343"
  },
  {
    "ID Number": "11632674"
  },
  {
    "ID Number": "11637102"
  },
  {
    "ID Number": "11608706"
  },
  {
    "ID Number": "11637013"
  },
  {
    "ID Number": "11601426"
  },
  {
    "ID Number": "11639237"
  },
  {
    "ID Number": "11601221"
  },
  {
    "ID Number": "11601345"
  },
  {
    "ID Number": "11600764"
  },
  {
    "ID Number": "11611650"
  },
  {
    "ID Number": "11600357"
  },
  {
    "ID Number": "11602120"
  },
  {
    "ID Number": "11639822"
  },
  {
    "ID Number": "11603259"
  },
  {
    "ID Number": "11613106"
  },
  {
    "ID Number": "11604638"
  },
  {
    "ID Number": "11607238"
  },
  {
    "ID Number": "11646675"
  },
  {
    "ID Number": "11629134"
  },
  {
    "ID Number": "11644966"
  },
  {
    "ID Number": "11604298"
  },
  {
    "ID Number": "11604034"
  },
  {
    "ID Number": "11604433"
  },
  {
    "ID Number": "11635541"
  },
  {
    "ID Number": "11634251"
  },
  {
    "ID Number": "11632569"
  },
  {
    "ID Number": "11608064"
  },
  {
    "ID Number": "11623713"
  },
  {
    "ID Number": "11604182"
  },
  {
    "ID Number": "11639881"
  },
  {
    "ID Number": "11601981"
  },
  {
    "ID Number": "11602929"
  },
  {
    "ID Number": "315362"
  },
  {
    "ID Number": "11603925"
  },
  {
    "ID Number": "11632925"
  },
  {
    "ID Number": "11602660"
  },
  {
    "ID Number": "11635231"
  },
  {
    "ID Number": "11645920"
  },
  {
    "ID Number": "11636351"
  },
  {
    "ID Number": "11604646"
  },
  {
    "ID Number": "11600322"
  },
  {
    "ID Number": "11609389"
  },
  {
    "ID Number": "11608978"
  },
  {
    "ID Number": "11628014"
  },
  {
    "ID Number": "11639776"
  },
  {
    "ID Number": "11611596"
  },
  {
    "ID Number": "11612096"
  },
  {
    "ID Number": "11605642"
  },
  {
    "ID Number": "11645091"
  },
  {
    "ID Number": "11615044"
  },
  {
    "ID Number": "11636343"
  },
  {
    "ID Number": "11636475"
  },
  {
    "ID Number": "11605014"
  },
  {
    "ID Number": "11636912"
  },
  {
    "ID Number": "11606258"
  },
  {
    "ID Number": "11603151"
  },
  {
    "ID Number": "11635835"
  },
  {
    "ID Number": "11602384"
  },
  {
    "ID Number": "11601787"
  },
  {
    "ID Number": "11604654"
  },
  {
    "ID Number": "11622113"
  },
  {
    "ID Number": "11634650"
  },
  {
    "ID Number": "11631473"
  },
  {
    "ID Number": "11640464"
  },
  {
    "ID Number": "11640456"
  },
  {
    "ID Number": "11623241"
  },
  {
    "ID Number": "11633255"
  },
  {
    "ID Number": "11600519"
  },
  {
    "ID Number": "11603453"
  },
  {
    "ID Number": "11603461"
  },
  {
    "ID Number": "11630779"
  },
  {
    "ID Number": "68400098"
  },
  {
    "ID Number": "11610441"
  },
  {
    "ID Number": "11626453"
  },
  {
    "ID Number": "11601590"
  },
  {
    "ID Number": "11647035"
  },
  {
    "ID Number": "11602872"
  },
  {
    "ID Number": "11604794"
  },
  {
    "ID Number": "11638346"
  },
  {
    "ID Number": "11640316"
  },
  {
    "ID Number": "11645385"
  },
  {
    "ID Number": "34292446"
  },
  {
    "ID Number": "11630132"
  },
  {
    "ID Number": "11605022"
  },
  {
    "ID Number": "11645717"
  },
  {
    "ID Number": "11620218"
  },
  {
    "ID Number": "11624698"
  },
  {
    "ID Number": "11650133"
  },
  {
    "ID Number": "11613432"
  },
  {
    "ID Number": "11623730"
  },
  {
    "ID Number": "11603020"
  },
  {
    "ID Number": "11632593"
  },
  {
    "ID Number": "11612100"
  },
  {
    "ID Number": "11605030"
  },
  {
    "ID Number": "11609532"
  },
  {
    "ID Number": "11624906"
  },
  {
    "ID Number": "11600594"
  },
  {
    "ID Number": "11651997"
  },
  {
    "ID Number": "11601833"
  },
  {
    "ID Number": "11607246"
  },
  {
    "ID Number": "11607661"
  },
  {
    "ID Number": "11649887"
  },
  {
    "ID Number": "11644257"
  },
  {
    "ID Number": "11601477"
  },
  {
    "ID Number": "11611472"
  },
  {
    "ID Number": "11611103"
  },
  {
    "ID Number": "11602210"
  },
  {
    "ID Number": "11604131"
  },
  {
    "ID Number": "11612118"
  },
  {
    "ID Number": "11603860"
  },
  {
    "ID Number": "11601280"
  },
  {
    "ID Number": "11644788"
  },
  {
    "ID Number": "11613416"
  },
  {
    "ID Number": "11633670"
  },
  {
    "ID Number": "11616652"
  },
  {
    "ID Number": "11605650"
  },
  {
    "ID Number": "11606622"
  },
  {
    "ID Number": "11640359"
  },
  {
    "ID Number": "11603267"
  },
  {
    "ID Number": "11606576"
  },
  {
    "ID Number": "11641398"
  },
  {
    "ID Number": "11600284"
  },
  {
    "ID Number": "11606703"
  },
  {
    "ID Number": "11605138"
  },
  {
    "ID Number": "11600241"
  },
  {
    "ID Number": "11652101"
  },
  {
    "ID Number": "11604042"
  },
  {
    "ID Number": "11607912"
  },
  {
    "ID Number": "11610794"
  },
  {
    "ID Number": "11612398"
  },
  {
    "ID Number": "11608820"
  },
  {
    "ID Number": "11631899"
  },
  {
    "ID Number": "11633468"
  },
  {
    "ID Number": "11602031"
  },
  {
    "ID Number": "11615923"
  },
  {
    "ID Number": "11637838"
  },
  {
    "ID Number": "11633735"
  },
  {
    "ID Number": "11607360"
  },
  {
    "ID Number": "11615265"
  },
  {
    "ID Number": "11615451"
  },
  {
    "ID Number": "11643390"
  },
  {
    "ID Number": "11610891"
  },
  {
    "ID Number": "11617314"
  },
  {
    "ID Number": "11617322"
  },
  {
    "ID Number": "11635690"
  },
  {
    "ID Number": "11608960"
  },
  {
    "ID Number": "11606053"
  },
  {
    "ID Number": "11630990"
  },
  {
    "ID Number": "11633530"
  },
  {
    "ID Number": "11636106"
  },
  {
    "ID Number": "11629738"
  },
  {
    "ID Number": "11624086"
  },
  {
    "ID Number": "11623683"
  },
  {
    "ID Number": "11641681"
  },
  {
    "ID Number": "11637951"
  },
  {
    "ID Number": "11606061"
  },
  {
    "ID Number": "11606010"
  },
  {
    "ID Number": "11618671"
  },
  {
    "ID Number": "11603658"
  },
  {
    "ID Number": "11633301"
  },
  {
    "ID Number": "11633484"
  },
  {
    "ID Number": "11636360"
  },
  {
    "ID Number": "11601906"
  },
  {
    "ID Number": "11636831"
  },
  {
    "ID Number": "11606193"
  },
  {
    "ID Number": "11604301"
  },
  {
    "ID Number": "11609710"
  },
  {
    "ID Number": "11639083"
  },
  {
    "ID Number": "11633913"
  },
  {
    "ID Number": "11629789"
  },
  {
    "ID Number": "11639580"
  },
  {
    "ID Number": "11600446"
  },
  {
    "ID Number": "68400071"
  },
  {
    "ID Number": "11625260"
  },
  {
    "ID Number": "11607386"
  },
  {
    "ID Number": "11607394"
  },
  {
    "ID Number": "11601582"
  },
  {
    "ID Number": "11613670"
  },
  {
    "ID Number": "11603577"
  },
  {
    "ID Number": "11608528"
  },
  {
    "ID Number": "11603224"
  },
  {
    "ID Number": "11628839"
  },
  {
    "ID Number": "4199650"
  },
  {
    "ID Number": "11627115"
  },
  {
    "ID Number": "11606070"
  },
  {
    "ID Number": "11604310"
  },
  {
    "ID Number": "11601990"
  },
  {
    "ID Number": "11601604"
  },
  {
    "ID Number": "11630752"
  },
  {
    "ID Number": "11607408"
  },
  {
    "ID Number": "11601620"
  },
  {
    "ID Number": "11640200"
  },
  {
    "ID Number": "11645369"
  },
  {
    "ID Number": "11614773"
  },
  {
    "ID Number": "11604670"
  },
  {
    "ID Number": "11604050"
  },
  {
    "ID Number": "11617942"
  },
  {
    "ID Number": "11609753"
  },
  {
    "ID Number": "11609060"
  },
  {
    "ID Number": "11609850"
  },
  {
    "ID Number": "11623802"
  },
  {
    "ID Number": "11632461"
  },
  {
    "ID Number": "11602040"
  },
  {
    "ID Number": "11603488"
  },
  {
    "ID Number": "11613556"
  },
  {
    "ID Number": "11608765"
  },
  {
    "ID Number": "11613688"
  },
  {
    "ID Number": "11617691"
  },
  {
    "ID Number": "11632879"
  },
  {
    "ID Number": "11612746"
  },
  {
    "ID Number": "11600179"
  },
  {
    "ID Number": "11602368"
  },
  {
    "ID Number": "11628790"
  },
  {
    "ID Number": "11604239"
  },
  {
    "ID Number": "11602171"
  },
  {
    "ID Number": "11636505"
  },
  {
    "ID Number": "11640715"
  },
  {
    "ID Number": "11609559"
  },
  {
    "ID Number": "11601850"
  },
  {
    "ID Number": "11633034"
  },
  {
    "ID Number": "11604158"
  },
  {
    "ID Number": "11603305"
  },
  {
    "ID Number": "11601027"
  },
  {
    "ID Number": "4668030"
  },
  {
    "ID Number": "11601485"
  },
  {
    "ID Number": "11625970"
  },
  {
    "ID Number": "34137430"
  },
  {
    "ID Number": "11609125"
  },
  {
    "ID Number": "11626283"
  },
  {
    "ID Number": "11603941"
  },
  {
    "ID Number": "11608498"
  },
  {
    "ID Number": "11601167"
  },
  {
    "ID Number": "11634685"
  },
  {
    "ID Number": "11603496"
  },
  {
    "ID Number": "11604190"
  },
  {
    "ID Number": "11624469"
  },
  {
    "ID Number": "11604247"
  },
  {
    "ID Number": "11633220"
  },
  {
    "ID Number": "11603313"
  },
  {
    "ID Number": "11643447"
  },
  {
    "ID Number": "11613300"
  },
  {
    "ID Number": "11639407"
  },
  {
    "ID Number": "11643463"
  },
  {
    "ID Number": "11601108"
  },
  {
    "ID Number": "11611316"
  },
  {
    "ID Number": "11619929"
  },
  {
    "ID Number": "11615583"
  },
  {
    "ID Number": "11600551"
  },
  {
    "ID Number": "11604867"
  },
  {
    "ID Number": "11614722"
  },
  {
    "ID Number": "11619040"
  },
  {
    "ID Number": "11637269"
  },
  {
    "ID Number": "11624523"
  },
  {
    "ID Number": "11636807"
  },
  {
    "ID Number": "11609966"
  },
  {
    "ID Number": "11633808"
  },
  {
    "ID Number": "11610255"
  },
  {
    "ID Number": "11637773"
  },
  {
    "ID Number": "11612010"
  },
  {
    "ID Number": "11604492"
  },
  {
    "ID Number": "11650044"
  },
  {
    "ID Number": "11649470"
  },
  {
    "ID Number": "11601299"
  },
  {
    "ID Number": "11602325"
  },
  {
    "ID Number": "11615389"
  },
  {
    "ID Number": "11628227"
  },
  {
    "ID Number": "11605359"
  },
  {
    "ID Number": "11601302"
  },
  {
    "ID Number": "11607947"
  },
  {
    "ID Number": "11632429"
  },
  {
    "ID Number": "11638699"
  },
  {
    "ID Number": "11622466"
  },
  {
    "ID Number": "11644540"
  },
  {
    "ID Number": "11620811"
  },
  {
    "ID Number": "11602724"
  },
  {
    "ID Number": "11610905"
  },
  {
    "ID Number": "11650010"
  },
  {
    "ID Number": "11612134"
  },
  {
    "ID Number": "11633948"
  },
  {
    "ID Number": "11632330"
  },
  {
    "ID Number": "11604808"
  },
  {
    "ID Number": "11607211"
  },
  {
    "ID Number": "11631856"
  },
  {
    "ID Number": "11607955"
  },
  {
    "ID Number": "11600756"
  },
  {
    "ID Number": "11622555"
  },
  {
    "ID Number": "11638230"
  },
  {
    "ID Number": "11604069"
  },
  {
    "ID Number": "11641258"
  },
  {
    "ID Number": "11637757"
  },
  {
    "ID Number": "11602732"
  },
  {
    "ID Number": "11602236"
  },
  {
    "ID Number": "11603569"
  },
  {
    "ID Number": "11605049"
  },
  {
    "ID Number": "11629312"
  },
  {
    "ID Number": "11629304"
  },
  {
    "ID Number": "11602945"
  },
  {
    "ID Number": "11644460"
  },
  {
    "ID Number": "11602562"
  },
  {
    "ID Number": "11616776"
  },
  {
    "ID Number": "11633905"
  },
  {
    "ID Number": "11605731"
  },
  {
    "ID Number": "11600942"
  },
  {
    "ID Number": "11630442"
  },
  {
    "ID Number": "11602643"
  },
  {
    "ID Number": "11600225"
  },
  {
    "ID Number": "11629460"
  },
  {
    "ID Number": "11601370"
  },
  {
    "ID Number": "11612754"
  },
  {
    "ID Number": "11611987"
  },
  {
    "ID Number": "11600489"
  },
  {
    "ID Number": "11617705"
  },
  {
    "ID Number": "11608935"
  },
  {
    "ID Number": "11633719"
  },
  {
    "ID Number": "11600039"
  },
  {
    "ID Number": "11616385"
  },
  {
    "ID Number": "11609109"
  },
  {
    "ID Number": "11600373"
  },
  {
    "ID Number": "11642440"
  },
  {
    "ID Number": "11600381"
  },
  {
    "ID Number": "11643820"
  },
  {
    "ID Number": "11643862"
  },
  {
    "ID Number": "11602066"
  },
  {
    "ID Number": "11602350"
  },
  {
    "ID Number": "11600438"
  },
  {
    "ID Number": "11623594"
  },
  {
    "ID Number": "11616849"
  },
  {
    "ID Number": "11629320"
  },
  {
    "ID Number": "11604255"
  },
  {
    "ID Number": "11602244"
  },
  {
    "ID Number": "11623276"
  },
  {
    "ID Number": "11636491"
  },
  {
    "ID Number": "11606096"
  },
  {
    "ID Number": "11602376"
  },
  {
    "ID Number": "11601973"
  },
  {
    "ID Number": "11602155"
  },
  {
    "ID Number": "11600462"
  },
  {
    "ID Number": "11621290"
  },
  {
    "ID Number": "11624051"
  },
  {
    "ID Number": "11618019"
  },
  {
    "ID Number": "11618078"
  },
  {
    "ID Number": "11607343"
  },
  {
    "ID Number": "11603666"
  },
  {
    "ID Number": "11603674"
  },
  {
    "ID Number": "11631643"
  },
  {
    "ID Number": "11602163"
  },
  {
    "ID Number": "11618086"
  },
  {
    "ID Number": "11603100"
  },
  {
    "ID Number": "11600349"
  },
  {
    "ID Number": "11604883"
  },
  {
    "ID Number": "11640758"
  },
  {
    "ID Number": "11635665"
  },
  {
    "ID Number": "11604077"
  },
  {
    "ID Number": "11601701"
  },
  {
    "ID Number": "11607890"
  },
  {
    "ID Number": "11620854"
  },
  {
    "ID Number": "11614080"
  },
  {
    "ID Number": "11600730"
  },
  {
    "ID Number": "11609818"
  },
  {
    "ID Number": "11602686"
  },
  {
    "ID Number": "11630116"
  },
  {
    "ID Number": "11634952"
  },
  {
    "ID Number": "11622040"
  },
  {
    "ID Number": "11601744"
  },
  {
    "ID Number": "11607963"
  },
  {
    "ID Number": "11606932"
  },
  {
    "ID Number": "11634405"
  },
  {
    "ID Number": "11613440"
  },
  {
    "ID Number": "11635061"
  },
  {
    "ID Number": "11600470"
  },
  {
    "ID Number": "11600071"
  },
  {
    "ID Number": "11601795"
  },
  {
    "ID Number": "11610930"
  },
  {
    "ID Number": "11606320"
  },
  {
    "ID Number": "11617357"
  },
  {
    "ID Number": "11613122"
  },
  {
    "ID Number": "11602074"
  },
  {
    "ID Number": "11640090"
  },
  {
    "ID Number": "11604514"
  },
  {
    "ID Number": "11616130"
  },
  {
    "ID Number": "11618736"
  },
  {
    "ID Number": "11604557"
  },
  {
    "ID Number": "11619570"
  },
  {
    "ID Number": "11637935"
  },
  {
    "ID Number": "11600497"
  },
  {
    "ID Number": "11605774"
  },
  {
    "ID Number": "11646926"
  },
  {
    "ID Number": "11609915"
  },
  {
    "ID Number": "11628278"
  },
  {
    "ID Number": "11606797"
  },
  {
    "ID Number": "11628294"
  },
  {
    "ID Number": "11628286"
  },
  {
    "ID Number": "11625511"
  },
  {
    "ID Number": "11602465"
  },
  {
    "ID Number": "11603348"
  },
  {
    "ID Number": "11603046"
  },
  {
    "ID Number": "11609443"
  },
  {
    "ID Number": "11600047"
  },
  {
    "ID Number": "11622105"
  },
  {
    "ID Number": "11602805"
  },
  {
    "ID Number": "11604778"
  },
  {
    "ID Number": "11608994"
  },
  {
    "ID Number": "11632259"
  },
  {
    "ID Number": "11619015"
  },
  {
    "ID Number": "11601647"
  },
  {
    "ID Number": "11609168"
  },
  {
    "ID Number": "11635452"
  },
  {
    "ID Number": "11634200"
  },
  {
    "ID Number": "11619643"
  },
  {
    "ID Number": "11634197"
  },
  {
    "ID Number": "11618701"
  },
  {
    "ID Number": "11604816"
  },
  {
    "ID Number": "11607564"
  },
  {
    "ID Number": "11604085"
  },
  {
    "ID Number": "11644915"
  },
  {
    "ID Number": "11608455"
  },
  {
    "ID Number": "11611561"
  },
  {
    "ID Number": "11611553"
  },
  {
    "ID Number": "11613866"
  },
  {
    "ID Number": "11607254"
  },
  {
    "ID Number": "11602856"
  },
  {
    "ID Number": "11604328"
  },
  {
    "ID Number": "11638893"
  },
  {
    "ID Number": "11607289"
  },
  {
    "ID Number": "11609257"
  },
  {
    "ID Number": "11606207"
  },
  {
    "ID Number": "11629290"
  },
  {
    "ID Number": "11609729"
  },
  {
    "ID Number": "11654880"
  },
  {
    "ID Number": "11635894"
  },
  {
    "ID Number": "11600799"
  },
  {
    "ID Number": "11600500"
  },
  {
    "ID Number": "11621176"
  },
  {
    "ID Number": "11617977"
  },
  {
    "ID Number": "11641550"
  },
  {
    "ID Number": "11640219"
  },
  {
    "ID Number": "11603054"
  },
  {
    "ID Number": "11602406"
  },
  {
    "ID Number": "11603682"
  },
  {
    "ID Number": "11601574"
  },
  {
    "ID Number": "11636785"
  },
  {
    "ID Number": "11603542"
  },
  {
    "ID Number": "11604530"
  },
  {
    "ID Number": "11606100"
  },
  {
    "ID Number": "11615257"
  },
  {
    "ID Number": "11607440"
  },
  {
    "ID Number": "11639903"
  },
  {
    "ID Number": "11639253"
  },
  {
    "ID Number": "11625740"
  },
  {
    "ID Number": "11603992"
  },
  {
    "ID Number": "11620951"
  },
  {
    "ID Number": "11614609"
  },
  {
    "ID Number": "11607459"
  },
  {
    "ID Number": "11600616"
  },
  {
    "ID Number": "11603879"
  },
  {
    "ID Number": "11635134"
  },
  {
    "ID Number": "11606118"
  },
  {
    "ID Number": "11648600"
  },
  {
    "ID Number": "11635517"
  },
  {
    "ID Number": "11625430"
  },
  {
    "ID Number": "11605812"
  },
  {
    "ID Number": "11600268"
  },
  {
    "ID Number": "11604441"
  },
  {
    "ID Number": "11644567"
  },
  {
    "ID Number": "11618272"
  },
  {
    "ID Number": "11610476"
  },
  {
    "ID Number": "11634146"
  },
  {
    "ID Number": "11644109"
  },
  {
    "ID Number": "11620072"
  },
  {
    "ID Number": "11617748"
  },
  {
    "ID Number": "11603470"
  },
  {
    "ID Number": "11613548"
  },
  {
    "ID Number": "11602546"
  },
  {
    "ID Number": "11643544"
  },
  {
    "ID Number": "11604204"
  },
  {
    "ID Number": "11625600"
  },
  {
    "ID Number": "11601540"
  },
  {
    "ID Number": "11604565"
  },
  {
    "ID Number": "11636483"
  },
  {
    "ID Number": "11611138"
  },
  {
    "ID Number": "11600012"
  },
  {
    "ID Number": "11622130"
  },
  {
    "ID Number": "11601914"
  },
  {
    "ID Number": "11628545"
  },
  {
    "ID Number": "11607467"
  },
  {
    "ID Number": "11606126"
  },
  {
    "ID Number": "11601710"
  },
  {
    "ID Number": "11610344"
  },
  {
    "ID Number": "11616601"
  },
  {
    "ID Number": "11605162"
  },
  {
    "ID Number": "11605820"
  },
  {
    "ID Number": "11623900"
  },
  {
    "ID Number": "11600845"
  },
  {
    "ID Number": "11605839"
  },
  {
    "ID Number": "11617560"
  },
  {
    "ID Number": "11602287"
  },
  {
    "ID Number": "11624647"
  },
  {
    "ID Number": "11655003"
  },
  {
    "ID Number": "11635525"
  },
  {
    "ID Number": "11610484"
  },
  {
    "ID Number": "11624710"
  },
  {
    "ID Number": "11602740"
  },
  {
    "ID Number": "11606347"
  },
  {
    "ID Number": "11601663"
  },
  {
    "ID Number": "11644435"
  },
  {
    "ID Number": "11600691"
  },
  {
    "ID Number": "11607521"
  },
  {
    "ID Number": "11634715"
  },
  {
    "ID Number": "11617292"
  },
  {
    "ID Number": "11632070"
  },
  {
    "ID Number": "11616830"
  },
  {
    "ID Number": "11603178"
  },
  {
    "ID Number": "11604336"
  },
  {
    "ID Number": "11604344"
  },
  {
    "ID Number": "11600136"
  },
  {
    "ID Number": "11604964"
  },
  {
    "ID Number": "11604891"
  },
  {
    "ID Number": "11603690"
  },
  {
    "ID Number": "11601531"
  },
  {
    "ID Number": "11641355"
  },
  {
    "ID Number": "11602996"
  },
  {
    "ID Number": "11635703"
  },
  {
    "ID Number": "11633832"
  },
  {
    "ID Number": "11607475"
  },
  {
    "ID Number": "11633018"
  },
  {
    "ID Number": "11608803"
  },
  {
    "ID Number": "11623187"
  },
  {
    "ID Number": "11606363"
  },
  {
    "ID Number": "11609192"
  },
  {
    "ID Number": "11642939"
  },
  {
    "ID Number": "11640472"
  },
  {
    "ID Number": "11604506"
  },
  {
    "ID Number": "11612770"
  },
  {
    "ID Number": "11639440"
  },
  {
    "ID Number": "11622660"
  },
  {
    "ID Number": "11603704"
  },
  {
    "ID Number": "11622369"
  },
  {
    "ID Number": "11640170"
  },
  {
    "ID Number": "11629100"
  },
  {
    "ID Number": "11602295"
  },
  {
    "ID Number": "11626348"
  },
  {
    "ID Number": "11636009"
  },
  {
    "ID Number": "11617659"
  },
  {
    "ID Number": "11606908"
  },
  {
    "ID Number": "11606959"
  },
  {
    "ID Number": "11607106"
  },
  {
    "ID Number": "11623225"
  },
  {
    "ID Number": "11633433"
  },
  {
    "ID Number": "11601388"
  },
  {
    "ID Number": "11602180"
  },
  {
    "ID Number": "11600853"
  },
  {
    "ID Number": "11600829"
  },
  {
    "ID Number": "11608684"
  },
  {
    "ID Number": "11602481"
  },
  {
    "ID Number": "11610948"
  },
  {
    "ID Number": "11608366"
  },
  {
    "ID Number": "11617543"
  },
  {
    "ID Number": "11601493"
  },
  {
    "ID Number": "11606592"
  },
  {
    "ID Number": "11648104"
  },
  {
    "ID Number": "11635312"
  },
  {
    "ID Number": "11633476"
  },
  {
    "ID Number": "11647680"
  },
  {
    "ID Number": "11611413"
  },
  {
    "ID Number": "11605065"
  },
  {
    "ID Number": "11604212"
  },
  {
    "ID Number": "11611707"
  },
  {
    "ID Number": "11631830"
  },
  {
    "ID Number": "11604352"
  },
  {
    "ID Number": "11601655"
  },
  {
    "ID Number": "11633140"
  },
  {
    "ID Number": "11601825"
  },
  {
    "ID Number": "11636173"
  },
  {
    "ID Number": "11629525"
  },
  {
    "ID Number": "11639717"
  },
  {
    "ID Number": "11602341"
  },
  {
    "ID Number": "11610867"
  },
  {
    "ID Number": "11601752"
  },
  {
    "ID Number": "11603550"
  },
  {
    "ID Number": "11617594"
  },
  {
    "ID Number": "11618949"
  },
  {
    "ID Number": "11606142"
  },
  {
    "ID Number": "11623810"
  },
  {
    "ID Number": "11602678"
  },
  {
    "ID Number": "11601671"
  },
  {
    "ID Number": "11649631"
  },
  {
    "ID Number": "11624957"
  },
  {
    "ID Number": "11622989"
  },
  {
    "ID Number": "11605456"
  },
  {
    "ID Number": "11602457"
  },
  {
    "ID Number": "11612738"
  },
  {
    "ID Number": "11624078"
  },
  {
    "ID Number": "11607483"
  },
  {
    "ID Number": "11602058"
  },
  {
    "ID Number": "11601507"
  },
  {
    "ID Number": "11600969"
  },
  {
    "ID Number": "11615052"
  },
  {
    "ID Number": "11603720"
  },
  {
    "ID Number": "11603950"
  },
  {
    "ID Number": "11602473"
  },
  {
    "ID Number": "11606185"
  },
  {
    "ID Number": "11603216"
  },
  {
    "ID Number": "11616172"
  },
  {
    "ID Number": "11600721"
  },
  {
    "ID Number": "11631295"
  },
  {
    "ID Number": "11632631"
  },
  {
    "ID Number": "11605855"
  },
  {
    "ID Number": "11617306"
  },
  {
    "ID Number": "11601736"
  },
  {
    "ID Number": "11602570"
  },
  {
    "ID Number": "11601434"
  },
  {
    "ID Number": "11624825"
  },
  {
    "ID Number": "11639954"
  },
  {
    "ID Number": "11606843"
  },
  {
    "ID Number": "11635568"
  },
  {
    "ID Number": "11640324"
  },
  {
    "ID Number": "11607769"
  },
  {
    "ID Number": "11630426"
  },
  {
    "ID Number": "11606800"
  },
  {
    "ID Number": "11652187"
  },
  {
    "ID Number": "11601892"
  },
  {
    "ID Number": "11618795"
  },
  {
    "ID Number": "11604379"
  },
  {
    "ID Number": "11613971"
  },
  {
    "ID Number": "11604476"
  },
  {
    "ID Number": "11638290"
  },
  {
    "ID Number": "11603186"
  },
  {
    "ID Number": "11603968"
  },
  {
    "ID Number": "11616091"
  },
  {
    "ID Number": "11609117"
  },
  {
    "ID Number": "11635320"
  },
  {
    "ID Number": "11626879"
  },
  {
    "ID Number": "11636378"
  },
  {
    "ID Number": "11612150"
  },
  {
    "ID Number": "11622598"
  },
  {
    "ID Number": "11604840"
  },
  {
    "ID Number": "11646250"
  },
  {
    "ID Number": "11628731"
  },
  {
    "ID Number": "11629266"
  },
  {
    "ID Number": "11613327"
  },
  {
    "ID Number": "11601272"
  },
  {
    "ID Number": "11604387"
  },
  {
    "ID Number": "11614269"
  },
  {
    "ID Number": "11620587"
  },
  {
    "ID Number": "11602333"
  },
  {
    "ID Number": "11626500"
  },
  {
    "ID Number": "11609176"
  },
  {
    "ID Number": "11611367"
  },
  {
    "ID Number": "11602953"
  },
  {
    "ID Number": "11603976"
  },
  {
    "ID Number": "11603194"
  },
  {
    "ID Number": "11637510"
  },
  {
    "ID Number": "11601639"
  },
  {
    "ID Number": "11600217"
  },
  {
    "ID Number": "11600993"
  },
  {
    "ID Number": "11601760"
  },
  {
    "ID Number": "11603739"
  },
  {
    "ID Number": "11647302"
  },
  {
    "ID Number": "11613718"
  },
  {
    "ID Number": "11602511"
  },
  {
    "ID Number": "11628855"
  },
  {
    "ID Number": "11621893"
  },
  {
    "ID Number": "11605073"
  },
  {
    "ID Number": "11635304"
  },
  {
    "ID Number": "11605170"
  },
  {
    "ID Number": "11600659"
  },
  {
    "ID Number": "11644397"
  },
  {
    "ID Number": "11603372"
  },
  {
    "ID Number": "11604700"
  },
  {
    "ID Number": "11608846"
  },
  {
    "ID Number": "11601000"
  },
  {
    "ID Number": "11608889"
  },
  {
    "ID Number": "11629347"
  },
  {
    "ID Number": "11625465"
  },
  {
    "ID Number": "11625473"
  },
  {
    "ID Number": "11601060"
  },
  {
    "ID Number": "11600250"
  },
  {
    "ID Number": "11615435"
  },
  {
    "ID Number": "11602988"
  },
  {
    "ID Number": "11601124"
  },
  {
    "ID Number": "11609656"
  },
  {
    "ID Number": "11643455"
  },
  {
    "ID Number": "11605006"
  },
  {
    "ID Number": "11624884"
  },
  {
    "ID Number": "11600837"
  },
  {
    "ID Number": "11624000"
  },
  {
    "ID Number": "11616245"
  },
  {
    "ID Number": "11603380"
  },
  {
    "ID Number": "11618329"
  },
  {
    "ID Number": "11600772"
  },
  {
    "ID Number": "11601876"
  },
  {
    "ID Number": "11602775"
  },
  {
    "ID Number": "11645873"
  },
  {
    "ID Number": "11601922"
  },
  {
    "ID Number": "11634081"
  },
  {
    "ID Number": "11601051"
  },
  {
    "ID Number": "11600802"
  },
  {
    "ID Number": "11602970"
  },
  {
    "ID Number": "11606380"
  },
  {
    "ID Number": "11602554"
  },
  {
    "ID Number": "11633387"
  },
  {
    "ID Number": "11647760"
  },
  {
    "ID Number": "11636734"
  },
  {
    "ID Number": "11606940"
  },
  {
    "ID Number": "11616547"
  },
  {
    "ID Number": "11614854"
  },
  {
    "ID Number": "11600683"
  },
  {
    "ID Number": "11606231"
  },
  {
    "ID Number": "11638028"
  },
  {
    "ID Number": "11600900"
  },
  {
    "ID Number": "11604727"
  },
  {
    "ID Number": "11647817"
  },
  {
    "ID Number": "11600586"
  },
  {
    "ID Number": "11619821"
  },
  {
    "ID Number": "11602937"
  },
  {
    "ID Number": "11607084"
  },
  {
    "ID Number": "11605871"
  },
  {
    "ID Number": "11639660"
  },
  {
    "ID Number": "11607505"
  },
  {
    "ID Number": "11602112"
  },
  {
    "ID Number": "11633336"
  },
  {
    "ID Number": "11638249"
  },
  {
    "ID Number": "11603399"
  },
  {
    "ID Number": "11603003"
  },
  {
    "ID Number": "11630159"
  },
  {
    "ID Number": "11629126"
  },
  {
    "ID Number": "11605189"
  },
  {
    "ID Number": "11601779"
  },
  {
    "ID Number": "11602082"
  },
  {
    "ID Number": "11617489"
  },
  {
    "ID Number": "11633212"
  },
  {
    "ID Number": "11600578"
  },
  {
    "ID Number": "11620692"
  },
  {
    "ID Number": "11606975"
  },
  {
    "ID Number": "11618159"
  },
  {
    "ID Number": "11600543"
  },
  {
    "ID Number": "11603747"
  },
  {
    "ID Number": "11611936"
  },
  {
    "ID Number": "11603402"
  },
  {
    "ID Number": "11600608"
  },
  {
    "ID Number": "11604263"
  },
  {
    "ID Number": "11604271"
  },
  {
    "ID Number": "11616210"
  },
  {
    "ID Number": "11601698"
  },
  {
    "ID Number": "11608056"
  },
  {
    "ID Number": "11610492"
  },
  {
    "ID Number": "11605278"
  },
  {
    "ID Number": "11643722"
  },
  {
    "ID Number": "11640308"
  },
  {
    "ID Number": "11620528"
  },
  {
    "ID Number": "11604921"
  },
  {
    "ID Number": "11627000"
  },
  {
    "ID Number": "11609036"
  },
  {
    "ID Number": "11632771"
  },
  {
    "ID Number": "11608048"
  },
  {
    "ID Number": "11622679"
  },
  {
    "ID Number": "11602414"
  },
  {
    "ID Number": "11601400"
  },
  {
    "ID Number": "11635339"
  },
  {
    "ID Number": "11603127"
  },
  {
    "ID Number": "11618523"
  },
  {
    "ID Number": "11609680"
  },
  {
    "ID Number": "11602813"
  },
  {
    "ID Number": "11603755"
  },
  {
    "ID Number": "11604468"
  },
  {
    "ID Number": "11630019"
  },
  {
    "ID Number": "11630620"
  },
  {
    "ID Number": "11609150"
  },
  {
    "ID Number": "11603291"
  },
  {
    "ID Number": "44158165"
  },
  {
    "ID Number": "11604573"
  },
  {
    "ID Number": "11601957"
  },
  {
    "ID Number": "11611030"
  },
  {
    "ID Number": "11644931"
  },
  {
    "ID Number": "11638567"
  },
  {
    "ID Number": "11643536"
  },
  {
    "ID Number": "11610077"
  },
  {
    "ID Number": "11643510"
  },
  {
    "ID Number": "11603429"
  },
  {
    "ID Number": "11640618"
  },
  {
    "ID Number": "11621621"
  },
  {
    "ID Number": "11605081"
  },
  {
    "ID Number": "11626968"
  },
  {
    "ID Number": "11600977"
  },
  {
    "ID Number": "11600276"
  },
  {
    "ID Number": "11611405"
  },
  {
    "ID Number": "11644176"
  },
  {
    "ID Number": "11609788"
  },
  {
    "ID Number": "11636599"
  },
  {
    "ID Number": "11648120"
  },
  {
    "ID Number": "11640391"
  },
  {
    "ID Number": "11636866"
  },
  {
    "ID Number": "11601515"
  },
  {
    "ID Number": "11614013"
  },
  {
    "ID Number": "11601817"
  },
  {
    "ID Number": "11602759"
  },
  {
    "ID Number": "11629908"
  },
  {
    "ID Number": "11603771"
  },
  {
    "ID Number": "11606657"
  },
  {
    "ID Number": "11633166"
  },
  {
    "ID Number": "11602015"
  },
  {
    "ID Number": "11600306"
  },
  {
    "ID Number": "11629193"
  },
  {
    "ID Number": "11611480"
  },
  {
    "ID Number": "11601183"
  },
  {
    "ID Number": "11608862"
  },
  {
    "ID Number": "11602619"
  },
  {
    "ID Number": "11602520"
  },
  {
    "ID Number": "11602767"
  },
  {
    "ID Number": "11622504"
  },
  {
    "ID Number": "11604107"
  },
  {
    "ID Number": "11629681"
  },
  {
    "ID Number": "11629690"
  },
  {
    "ID Number": "11611804"
  },
  {
    "ID Number": "11615680"
  },
  {
    "ID Number": "11629479"
  },
  {
    "ID Number": "11615826"
  },
  {
    "ID Number": "11610506"
  },
  {
    "ID Number": "11602910"
  },
  {
    "ID Number": "11650583"
  },
  {
    "ID Number": "11603984"
  },
  {
    "ID Number": "11633204"
  },
  {
    "ID Number": "11606568"
  },
  {
    "ID Number": "11610514"
  },
  {
    "ID Number": "11635916"
  },
  {
    "ID Number": "11602961"
  },
  {
    "ID Number": "11619503"
  },
  {
    "ID Number": "11601086"
  },
  {
    "ID Number": "11600748"
  },
  {
    "ID Number": "11604743"
  },
  {
    "ID Number": "11639555"
  },
  {
    "ID Number": "11611677"
  },
  {
    "ID Number": "11605197"
  },
  {
    "ID Number": "11629991"
  },
  {
    "ID Number": "11635126"
  },
  {
    "ID Number": "11601078"
  },
  {
    "ID Number": "11635797"
  },
  {
    "ID Number": "11610972"
  },
  {
    "ID Number": "11622695"
  },
  {
    "ID Number": "11602422"
  },
  {
    "ID Number": "11600292"
  },
  {
    "ID Number": "11604174"
  },
  {
    "ID Number": "11633158"
  },
  {
    "ID Number": "11622164"
  },
  {
    "ID Number": "11611782"
  },
  {
    "ID Number": "11631953"
  },
  {
    "ID Number": "11622903"
  },
  {
    "ID Number": "11622350"
  },
  {
    "ID Number": "11601310"
  },
  {
    "ID Number": "11633174"
  },
  {
    "ID Number": "11606177"
  },
  {
    "ID Number": "11608625"
  },
  {
    "ID Number": "11650214"
  },
  {
    "ID Number": "11644613"
  },
  {
    "ID Number": "11644591"
  },
  {
    "ID Number": "11611340"
  },
  {
    "ID Number": "11603780"
  },
  {
    "ID Number": "11624329"
  },
  {
    "ID Number": "11646225"
  },
  {
    "ID Number": "11641118"
  },
  {
    "ID Number": "11602490"
  },
  {
    "ID Number": "11613645"
  },
  {
    "ID Number": "11635479"
  },
  {
    "ID Number": "11609222"
  },
  {
    "ID Number": "11601884"
  },
  {
    "ID Number": "11606517"
  },
  {
    "ID Number": "11608854"
  },
  {
    "ID Number": "11632240"
  },
  {
    "ID Number": "11623365"
  },
  {
    "ID Number": "11621630"
  },
  {
    "ID Number": "11633875"
  },
  {
    "ID Number": "11601930"
  },
  {
    "ID Number": "11601566"
  },
  {
    "ID Number": "11623349"
  },
  {
    "ID Number": "11614900"
  },
  {
    "ID Number": "11632194"
  },
  {
    "ID Number": "11600152"
  },
  {
    "ID Number": "11613530"
  },
  {
    "ID Number": "11610522"
  },
  {
    "ID Number": "11607815"
  },
  {
    "ID Number": "11604581"
  },
  {
    "ID Number": "11604972"
  },
  {
    "ID Number": "11602830"
  },
  {
    "ID Number": "11602023"
  },
  {
    "ID Number": "11632682"
  },
  {
    "ID Number": "11611430"
  },
  {
    "ID Number": "11605600"
  },
  {
    "ID Number": "11603011"
  },
  {
    "ID Number": "11622938"
  },
  {
    "ID Number": "11618590"
  },
  {
    "ID Number": "11617519"
  },
  {
    "ID Number": "11633840"
  },
  {
    "ID Number": "11645512"
  },
  {
    "ID Number": "11615745"
  },
  {
    "ID Number": "11634073"
  },
  {
    "ID Number": "11636149"
  },
  {
    "ID Number": "11638877"
  },
  {
    "ID Number": "11626470"
  },
  {
    "ID Number": "11637870"
  },
  {
    "ID Number": "11631880"
  },
  {
    "ID Number": "11636939"
  },
  {
    "ID Number": "11601558"
  },
  {
    "ID Number": "11613157"
  },
  {
    "ID Number": "11619007"
  },
  {
    "ID Number": "11603526"
  },
  {
    "ID Number": "11603615"
  },
  {
    "ID Number": "11616466"
  },
  {
    "ID Number": "11602090"
  },
  {
    "ID Number": "11643366"
  },
  {
    "ID Number": "11622334"
  },
  {
    "ID Number": "11600330"
  },
  {
    "ID Number": "11601205"
  },
  {
    "ID Number": "11602317"
  },
  {
    "ID Number": "11602430"
  },
  {
    "ID Number": "11607971"
  },
  {
    "ID Number": "11637609"
  },
  {
    "ID Number": "11612185"
  },
  {
    "ID Number": "11602848"
  },
  {
    "ID Number": "11605936"
  },
  {
    "ID Number": "11605944"
  },
  {
    "ID Number": "11638052"
  },
  {
    "ID Number": "11617578"
  },
  {
    "ID Number": "11611871"
  },
  {
    "ID Number": "11601450"
  },
  {
    "ID Number": "11604000"
  },
  {
    "ID Number": "11646004"
  },
  {
    "ID Number": "11635509"
  },
  {
    "ID Number": "11641568"
  },
  {
    "ID Number": "11634057"
  },
  {
    "ID Number": "11633786"
  },
  {
    "ID Number": "11620161"
  },
  {
    "ID Number": "11633964"
  },
  {
    "ID Number": "11626402"
  },
  {
    "ID Number": "11606827"
  },
  {
    "ID Number": "11600195"
  },
  {
    "ID Number": "11622067"
  },
  {
    "ID Number": "11603135"
  },
  {
    "ID Number": "11608412"
  },
  {
    "ID Number": "11625783"
  },
  {
    "ID Number": "11604417"
  },
  {
    "ID Number": "11601213"
  },
  {
    "ID Number": "11615249"
  },
  {
    "ID Number": "11635355"
  },
  {
    "ID Number": "11600063"
  },
  {
    "ID Number": "11610786"
  },
  {
    "ID Number": "11600527"
  },
  {
    "ID Number": "11631180"
  },
  {
    "ID Number": "11605979"
  },
  {
    "ID Number": "11620366"
  },
  {
    "ID Number": "11605987"
  },
  {
    "ID Number": "11601841"
  },
  {
    "ID Number": "11618493"
  },
  {
    "ID Number": "11618485"
  },
  {
    "ID Number": "11630728"
  },
  {
    "ID Number": "11608013"
  },
  {
    "ID Number": "11603810"
  },
  {
    "ID Number": "11600560"
  },
  {
    "ID Number": "11636920"
  },
  {
    "ID Number": "11644311"
  },
  {
    "ID Number": "11645296"
  },
  {
    "ID Number": "11602589"
  },
  {
    "ID Number": "11633182"
  },
  {
    "ID Number": "11603828"
  },
  {
    "ID Number": "11611979"
  },
  {
    "ID Number": "11611731"
  },
  {
    "ID Number": "11634324"
  },
  {
    "ID Number": "11623047"
  },
  {
    "ID Number": "11604140"
  },
  {
    "ID Number": "11632364"
  },
  {
    "ID Number": "11608161"
  },
  {
    "ID Number": "11600870"
  },
  {
    "ID Number": "11604956"
  },
  {
    "ID Number": "11610069"
  },
  {
    "ID Number": "11631007"
  },
  {
    "ID Number": "11622172"
  },
  {
    "ID Number": "11619880"
  },
  {
    "ID Number": "11604220"
  },
  {
    "ID Number": "11631406"
  },
  {
    "ID Number": "11611812"
  },
  {
    "ID Number": "315400"
  },
  {
    "ID Number": "11601523"
  },
  {
    "ID Number": "11629924"
  },
  {
    "ID Number": "11612622"
  },
  {
    "ID Number": "11606240"
  },
  {
    "ID Number": "11600233"
  },
  {
    "ID Number": "11616482"
  },
  {
    "ID Number": "11634669"
  },
  {
    "ID Number": "11622873"
  },
  {
    "ID Number": "11612690"
  },
  {
    "ID Number": "11611170"
  },
  {
    "ID Number": "11624280"
  },
  {
    "ID Number": "11622920"
  },
  {
    "ID Number": "11603445"
  },
  {
    "ID Number": "11603534"
  },
  {
    "ID Number": "11629860"
  },
  {
    "ID Number": "11618655"
  },
  {
    "ID Number": "11605251"
  },
  {
    "ID Number": "11604425"
  },
  {
    "ID Number": "11611529"
  },
  {
    "ID Number": "11607980"
  },
  {
    "ID Number": "11610816"
  },
  {
    "ID Number": "11632453"
  },
  {
    "ID Number": "11601868"
  },
  {
    "ID Number": "11604760"
  },
  {
    "ID Number": "11605995"
  },
  {
    "ID Number": "11607297"
  },
  {
    "ID Number": "11613319"
  },
  {
    "ID Number": "11600420"
  },
  {
    "ID Number": "11609664"
  },
  {
    "ID Number": "11611014"
  },
  {
    "ID Number": "11615753"
  },
  {
    "ID Number": "11603801"
  },
  {
    "ID Number": "11603909"
  },
  {
    "ID Number": "11646845"
  },
  {
    "ID Number": "11600667"
  },
  {
    "ID Number": "11638770"
  }
]