[
  {
    "ID Number": "2959151"
  },
  {
    "ID Number": "2945240"
  },
  {
    "ID Number": "2949954"
  },
  {
    "ID Number": "2945800"
  },
  {
    "ID Number": "2904756"
  },
  {
    "ID Number": "2926040"
  },
  {
    "ID Number": "2939541"
  },
  {
    "ID Number": "2931753"
  },
  {
    "ID Number": "2911981"
  },
  {
    "ID Number": "2936755"
  },
  {
    "ID Number": "2919206"
  },
  {
    "ID Number": "2935597"
  },
  {
    "ID Number": "2943549"
  },
  {
    "ID Number": "2901790"
  },
  {
    "ID Number": "2913941"
  },
  {
    "ID Number": "2949865"
  },
  {
    "ID Number": "2930544"
  },
  {
    "ID Number": "2931060"
  },
  {
    "ID Number": "2935490"
  },
  {
    "ID Number": "2930161"
  },
  {
    "ID Number": "2932709"
  },
  {
    "ID Number": "2907780"
  },
  {
    "ID Number": "2948036"
  },
  {
    "ID Number": "2908824"
  },
  {
    "ID Number": "2922738"
  },
  {
    "ID Number": "2907968"
  },
  {
    "ID Number": "2929686"
  },
  {
    "ID Number": "2931893"
  },
  {
    "ID Number": "2904802"
  },
  {
    "ID Number": "2903520"
  },
  {
    "ID Number": "2911868"
  },
  {
    "ID Number": "2922746"
  },
  {
    "ID Number": "2928906"
  },
  {
    "ID Number": "2929139"
  },
  {
    "ID Number": "2910985"
  },
  {
    "ID Number": "2901668"
  },
  {
    "ID Number": "2903830"
  },
  {
    "ID Number": "2911639"
  },
  {
    "ID Number": "2911019"
  },
  {
    "ID Number": "2941694"
  },
  {
    "ID Number": "2907798"
  },
  {
    "ID Number": "2921014"
  },
  {
    "ID Number": "2906864"
  },
  {
    "ID Number": "2907453"
  },
  {
    "ID Number": "2935945"
  },
  {
    "ID Number": "2904934"
  },
  {
    "ID Number": "2946025"
  },
  {
    "ID Number": "2918099"
  },
  {
    "ID Number": "2901200"
  },
  {
    "ID Number": "2968150"
  },
  {
    "ID Number": "2901145"
  },
  {
    "ID Number": "2908875"
  },
  {
    "ID Number": "2908808"
  },
  {
    "ID Number": "2965453"
  },
  {
    "ID Number": "2934256"
  },
  {
    "ID Number": "2903059"
  },
  {
    "ID Number": "2901072"
  },
  {
    "ID Number": "2923467"
  },
  {
    "ID Number": "2948087"
  },
  {
    "ID Number": "2901218"
  },
  {
    "ID Number": "2927209"
  },
  {
    "ID Number": "2939320"
  },
  {
    "ID Number": "2927217"
  },
  {
    "ID Number": "2928671"
  },
  {
    "ID Number": "2957892"
  },
  {
    "ID Number": "2905353"
  },
  {
    "ID Number": "2937530"
  },
  {
    "ID Number": "2921189"
  },
  {
    "ID Number": "2955806"
  },
  {
    "ID Number": "2926016"
  },
  {
    "ID Number": "2918102"
  },
  {
    "ID Number": "2933209"
  },
  {
    "ID Number": "2915081"
  },
  {
    "ID Number": "2939843"
  },
  {
    "ID Number": "2900327"
  },
  {
    "ID Number": "2906775"
  },
  {
    "ID Number": "2915235"
  },
  {
    "ID Number": "2923874"
  },
  {
    "ID Number": "2950880"
  },
  {
    "ID Number": "2921847"
  },
  {
    "ID Number": "2951444"
  },
  {
    "ID Number": "2923564"
  },
  {
    "ID Number": "2934884"
  },
  {
    "ID Number": "2903539"
  },
  {
    "ID Number": "2907127"
  },
  {
    "ID Number": "2901706"
  },
  {
    "ID Number": "2927004"
  },
  {
    "ID Number": "2928477"
  },
  {
    "ID Number": "2931966"
  },
  {
    "ID Number": "2923157"
  },
  {
    "ID Number": "2906961"
  },
  {
    "ID Number": "2906171"
  },
  {
    "ID Number": "2956470"
  },
  {
    "ID Number": "2905590"
  },
  {
    "ID Number": "2947323"
  },
  {
    "ID Number": "2916410"
  },
  {
    "ID Number": "2907488"
  },
  {
    "ID Number": "2934329"
  },
  {
    "ID Number": "2929422"
  },
  {
    "ID Number": "2905647"
  },
  {
    "ID Number": "2902109"
  },
  {
    "ID Number": "2930455"
  },
  {
    "ID Number": "2937000"
  },
  {
    "ID Number": "2906201"
  },
  {
    "ID Number": "2935503"
  },
  {
    "ID Number": "2924650"
  },
  {
    "ID Number": "2927306"
  },
  {
    "ID Number": "2966433"
  },
  {
    "ID Number": "2901080"
  },
  {
    "ID Number": "2918676"
  },
  {
    "ID Number": "2908530"
  },
  {
    "ID Number": "2923831"
  },
  {
    "ID Number": "2937875"
  },
  {
    "ID Number": "2922428"
  },
  {
    "ID Number": "2945398"
  },
  {
    "ID Number": "2929457"
  },
  {
    "ID Number": "2909260"
  },
  {
    "ID Number": "2922207"
  },
  {
    "ID Number": "2911396"
  },
  {
    "ID Number": "2941783"
  },
  {
    "ID Number": "2923866"
  },
  {
    "ID Number": "2934337"
  },
  {
    "ID Number": "2900629"
  },
  {
    "ID Number": "2916843"
  },
  {
    "ID Number": "2902796"
  },
  {
    "ID Number": "2903547"
  },
  {
    "ID Number": "2945371"
  },
  {
    "ID Number": "2912007"
  },
  {
    "ID Number": "2927772"
  },
  {
    "ID Number": "2913690"
  },
  {
    "ID Number": "2938600"
  },
  {
    "ID Number": "2955466"
  },
  {
    "ID Number": "2940965"
  },
  {
    "ID Number": "2916932"
  },
  {
    "ID Number": "2901471"
  },
  {
    "ID Number": "2938928"
  },
  {
    "ID Number": "2914344"
  },
  {
    "ID Number": "2901544"
  },
  {
    "ID Number": "2927292"
  },
  {
    "ID Number": "2936186"
  },
  {
    "ID Number": "2910942"
  },
  {
    "ID Number": "2924668"
  },
  {
    "ID Number": "2932245"
  },
  {
    "ID Number": "2918706"
  },
  {
    "ID Number": "2945100"
  },
  {
    "ID Number": "2929899"
  },
  {
    "ID Number": "2923114"
  },
  {
    "ID Number": "2900920"
  },
  {
    "ID Number": "2969750"
  },
  {
    "ID Number": "2937387"
  },
  {
    "ID Number": "2901986"
  },
  {
    "ID Number": "2919680"
  },
  {
    "ID Number": "2921049"
  },
  {
    "ID Number": "2928930"
  },
  {
    "ID Number": "2902702"
  },
  {
    "ID Number": "2928949"
  },
  {
    "ID Number": "2949210"
  },
  {
    "ID Number": "2942909"
  },
  {
    "ID Number": "2963566"
  },
  {
    "ID Number": "2933314"
  },
  {
    "ID Number": "2926474"
  },
  {
    "ID Number": "2901129"
  },
  {
    "ID Number": "2911892"
  },
  {
    "ID Number": "2910101"
  },
  {
    "ID Number": "2930285"
  },
  {
    "ID Number": "2911906"
  },
  {
    "ID Number": "2906406"
  },
  {
    "ID Number": "2914573"
  },
  {
    "ID Number": "2926482"
  },
  {
    "ID Number": "2902311"
  },
  {
    "ID Number": "2905388"
  },
  {
    "ID Number": "2912023"
  },
  {
    "ID Number": "2911752"
  },
  {
    "ID Number": "2909391"
  },
  {
    "ID Number": "2909944"
  },
  {
    "ID Number": "2931923"
  },
  {
    "ID Number": "2917068"
  },
  {
    "ID Number": "2920026"
  },
  {
    "ID Number": "2966743"
  },
  {
    "ID Number": "2932253"
  },
  {
    "ID Number": "2948516"
  },
  {
    "ID Number": "2936089"
  },
  {
    "ID Number": "2912031"
  },
  {
    "ID Number": "2906570"
  },
  {
    "ID Number": "2937409"
  },
  {
    "ID Number": "2964880"
  },
  {
    "ID Number": "2930587"
  },
  {
    "ID Number": "2929473"
  },
  {
    "ID Number": "2941988"
  },
  {
    "ID Number": "2910373"
  },
  {
    "ID Number": "2900530"
  },
  {
    "ID Number": "2906228"
  },
  {
    "ID Number": "2910446"
  },
  {
    "ID Number": "2913380"
  },
  {
    "ID Number": "2937395"
  },
  {
    "ID Number": "2902931"
  },
  {
    "ID Number": "2935236"
  },
  {
    "ID Number": "2927012"
  },
  {
    "ID Number": "2940809"
  },
  {
    "ID Number": "2938421"
  },
  {
    "ID Number": "2936062"
  },
  {
    "ID Number": "2910381"
  },
  {
    "ID Number": "2942410"
  },
  {
    "ID Number": "2944197"
  },
  {
    "ID Number": "2927519"
  },
  {
    "ID Number": "2901552"
  },
  {
    "ID Number": "2905086"
  },
  {
    "ID Number": "2937565"
  },
  {
    "ID Number": "2917769"
  },
  {
    "ID Number": "2929902"
  },
  {
    "ID Number": "2928850"
  },
  {
    "ID Number": "2909251"
  },
  {
    "ID Number": "2909871"
  },
  {
    "ID Number": "2974029"
  },
  {
    "ID Number": "2900475"
  },
  {
    "ID Number": "2946610"
  },
  {
    "ID Number": "2907429"
  },
  {
    "ID Number": "2904292"
  },
  {
    "ID Number": "2927942"
  },
  {
    "ID Number": "2900858"
  },
  {
    "ID Number": "2918730"
  },
  {
    "ID Number": "2907054"
  },
  {
    "ID Number": "2907640"
  },
  {
    "ID Number": "2932784"
  },
  {
    "ID Number": "2945584"
  },
  {
    "ID Number": "2914352"
  },
  {
    "ID Number": "2909413"
  },
  {
    "ID Number": "2907801"
  },
  {
    "ID Number": "2918536"
  },
  {
    "ID Number": "2944200"
  },
  {
    "ID Number": "2938510"
  },
  {
    "ID Number": "2921324"
  },
  {
    "ID Number": "2925591"
  },
  {
    "ID Number": "2944910"
  },
  {
    "ID Number": "2935937"
  },
  {
    "ID Number": "2959674"
  },
  {
    "ID Number": "2928787"
  },
  {
    "ID Number": "2945118"
  },
  {
    "ID Number": "2945460"
  },
  {
    "ID Number": "2929147"
  },
  {
    "ID Number": "2945258"
  },
  {
    "ID Number": "2930048"
  },
  {
    "ID Number": "2906082"
  },
  {
    "ID Number": "2919222"
  },
  {
    "ID Number": "2927640"
  },
  {
    "ID Number": "2953447"
  },
  {
    "ID Number": "2905280"
  },
  {
    "ID Number": "2904268"
  },
  {
    "ID Number": "2902362"
  },
  {
    "ID Number": "2918250"
  },
  {
    "ID Number": "2906678"
  },
  {
    "ID Number": "2904446"
  },
  {
    "ID Number": "2901307"
  },
  {
    "ID Number": "2901234"
  },
  {
    "ID Number": "2920697"
  },
  {
    "ID Number": "2910608"
  },
  {
    "ID Number": "2910390"
  },
  {
    "ID Number": "2911922"
  },
  {
    "ID Number": "2954664"
  },
  {
    "ID Number": "2958384"
  },
  {
    "ID Number": "2959097"
  },
  {
    "ID Number": "2917203"
  },
  {
    "ID Number": "2948532"
  },
  {
    "ID Number": "2901994"
  },
  {
    "ID Number": "2938618"
  },
  {
    "ID Number": "2900653"
  },
  {
    "ID Number": "2940701"
  },
  {
    "ID Number": "2954230"
  },
  {
    "ID Number": "2962306"
  },
  {
    "ID Number": "2909766"
  },
  {
    "ID Number": "2930609"
  },
  {
    "ID Number": "2930617"
  },
  {
    "ID Number": "2929929"
  },
  {
    "ID Number": "2929341"
  },
  {
    "ID Number": "2903563"
  },
  {
    "ID Number": "2959267"
  },
  {
    "ID Number": "2911400"
  },
  {
    "ID Number": "2905540"
  },
  {
    "ID Number": "2905426"
  },
  {
    "ID Number": "2908131"
  },
  {
    "ID Number": "2919397"
  },
  {
    "ID Number": "2935805"
  },
  {
    "ID Number": "2912058"
  },
  {
    "ID Number": "2937077"
  },
  {
    "ID Number": "2921057"
  },
  {
    "ID Number": "2902214"
  },
  {
    "ID Number": "2930439"
  },
  {
    "ID Number": "2937433"
  },
  {
    "ID Number": "2920425"
  },
  {
    "ID Number": "2919311"
  },
  {
    "ID Number": "2921332"
  },
  {
    "ID Number": "2931184"
  },
  {
    "ID Number": "2904977"
  },
  {
    "ID Number": "2915251"
  },
  {
    "ID Number": "2908034"
  },
  {
    "ID Number": "2923360"
  },
  {
    "ID Number": "2918110"
  },
  {
    "ID Number": "2923459"
  },
  {
    "ID Number": "2932237"
  },
  {
    "ID Number": "2942488"
  },
  {
    "ID Number": "2912066"
  },
  {
    "ID Number": "2916428"
  },
  {
    "ID Number": "2915260"
  },
  {
    "ID Number": "2945029"
  },
  {
    "ID Number": "2904888"
  },
  {
    "ID Number": "2922010"
  },
  {
    "ID Number": "2902044"
  },
  {
    "ID Number": "2915758"
  },
  {
    "ID Number": "2922509"
  },
  {
    "ID Number": "2926504"
  },
  {
    "ID Number": "2956667"
  },
  {
    "ID Number": "2941813"
  },
  {
    "ID Number": "2927250"
  },
  {
    "ID Number": "2920700"
  },
  {
    "ID Number": "2900114"
  },
  {
    "ID Number": "2926512"
  },
  {
    "ID Number": "2933217"
  },
  {
    "ID Number": "2956756"
  },
  {
    "ID Number": "2934345"
  },
  {
    "ID Number": "2925788"
  },
  {
    "ID Number": "2952319"
  },
  {
    "ID Number": "2932296"
  },
  {
    "ID Number": "2916312"
  },
  {
    "ID Number": "2916185"
  },
  {
    "ID Number": "2928701"
  },
  {
    "ID Number": "2903598"
  },
  {
    "ID Number": "2902800"
  },
  {
    "ID Number": "2907356"
  },
  {
    "ID Number": "2902567"
  },
  {
    "ID Number": "2902575"
  },
  {
    "ID Number": "2927870"
  },
  {
    "ID Number": "2915162"
  },
  {
    "ID Number": "2951924"
  },
  {
    "ID Number": "2916061"
  },
  {
    "ID Number": "2903873"
  },
  {
    "ID Number": "2931990"
  },
  {
    "ID Number": "2927799"
  },
  {
    "ID Number": "2938731"
  },
  {
    "ID Number": "2902052"
  },
  {
    "ID Number": "2966336"
  },
  {
    "ID Number": "2924684"
  },
  {
    "ID Number": "2937948"
  },
  {
    "ID Number": "2963876"
  },
  {
    "ID Number": "2906236"
  },
  {
    "ID Number": "2907704"
  },
  {
    "ID Number": "2950901"
  },
  {
    "ID Number": "2954001"
  },
  {
    "ID Number": "2911930"
  },
  {
    "ID Number": "2914590"
  },
  {
    "ID Number": "2901749"
  },
  {
    "ID Number": "2943352"
  },
  {
    "ID Number": "2906368"
  },
  {
    "ID Number": "2954800"
  },
  {
    "ID Number": "2908883"
  },
  {
    "ID Number": "2930099"
  },
  {
    "ID Number": "2907160"
  },
  {
    "ID Number": "2911949"
  },
  {
    "ID Number": "2910403"
  },
  {
    "ID Number": "2958643"
  },
  {
    "ID Number": "2937794"
  },
  {
    "ID Number": "2966310"
  },
  {
    "ID Number": "2910276"
  },
  {
    "ID Number": "2945215"
  },
  {
    "ID Number": "2939665"
  },
  {
    "ID Number": "2917351"
  },
  {
    "ID Number": "2911000"
  },
  {
    "ID Number": "2942623"
  },
  {
    "ID Number": "2907380"
  },
  {
    "ID Number": "2934159"
  },
  {
    "ID Number": "2933977"
  },
  {
    "ID Number": "2957442"
  },
  {
    "ID Number": "2958651"
  },
  {
    "ID Number": "2923122"
  },
  {
    "ID Number": "2931478"
  },
  {
    "ID Number": "2936097"
  },
  {
    "ID Number": "2934264"
  },
  {
    "ID Number": "2908484"
  },
  {
    "ID Number": "2907437"
  },
  {
    "ID Number": "2908620"
  },
  {
    "ID Number": "2917211"
  },
  {
    "ID Number": "2919729"
  },
  {
    "ID Number": "2943395"
  },
  {
    "ID Number": "2907526"
  },
  {
    "ID Number": "2915170"
  },
  {
    "ID Number": "2914379"
  },
  {
    "ID Number": "2900408"
  },
  {
    "ID Number": "2952718"
  },
  {
    "ID Number": "2923645"
  },
  {
    "ID Number": "2934078"
  },
  {
    "ID Number": "2921677"
  },
  {
    "ID Number": "2956136"
  },
  {
    "ID Number": "2916193"
  },
  {
    "ID Number": "2901625"
  },
  {
    "ID Number": "2912082"
  },
  {
    "ID Number": "2924099"
  },
  {
    "ID Number": "2920352"
  },
  {
    "ID Number": "2942003"
  },
  {
    "ID Number": "2922517"
  },
  {
    "ID Number": "2953102"
  },
  {
    "ID Number": "2928426"
  },
  {
    "ID Number": "2934272"
  },
  {
    "ID Number": "2955431"
  },
  {
    "ID Number": "2938189"
  },
  {
    "ID Number": "2932814"
  },
  {
    "ID Number": "2911760"
  },
  {
    "ID Number": "2908972"
  },
  {
    "ID Number": "2907470"
  },
  {
    "ID Number": "2900700"
  },
  {
    "ID Number": "2902745"
  },
  {
    "ID Number": "2908549"
  },
  {
    "ID Number": "2914883"
  },
  {
    "ID Number": "2935473"
  },
  {
    "ID Number": "2901480"
  },
  {
    "ID Number": "2953730"
  },
  {
    "ID Number": "2918757"
  },
  {
    "ID Number": "2917220"
  },
  {
    "ID Number": "2900050"
  },
  {
    "ID Number": "2937018"
  },
  {
    "ID Number": "2924692"
  },
  {
    "ID Number": "2909669"
  },
  {
    "ID Number": "2925184"
  },
  {
    "ID Number": "2961440"
  },
  {
    "ID Number": "2915588"
  },
  {
    "ID Number": "2920433"
  },
  {
    "ID Number": "2902427"
  },
  {
    "ID Number": "2925869"
  },
  {
    "ID Number": "2916878"
  },
  {
    "ID Number": "2941350"
  },
  {
    "ID Number": "2922525"
  },
  {
    "ID Number": "2902958"
  },
  {
    "ID Number": "2957370"
  },
  {
    "ID Number": "2908140"
  },
  {
    "ID Number": "2903342"
  },
  {
    "ID Number": "2942461"
  },
  {
    "ID Number": "2904640"
  },
  {
    "ID Number": "2922312"
  },
  {
    "ID Number": "2916959"
  },
  {
    "ID Number": "2903407"
  },
  {
    "ID Number": "2924242"
  },
  {
    "ID Number": "2930331"
  },
  {
    "ID Number": "2931508"
  },
  {
    "ID Number": "2932610"
  },
  {
    "ID Number": "2904497"
  },
  {
    "ID Number": "2941961"
  },
  {
    "ID Number": "2905400"
  },
  {
    "ID Number": "2906040"
  },
  {
    "ID Number": "2927594"
  },
  {
    "ID Number": "2928981"
  },
  {
    "ID Number": "2926520"
  },
  {
    "ID Number": "2908891"
  },
  {
    "ID Number": "2906945"
  },
  {
    "ID Number": "2905167"
  },
  {
    "ID Number": "2903202"
  },
  {
    "ID Number": "2970899"
  },
  {
    "ID Number": "2901935"
  },
  {
    "ID Number": "2904985"
  },
  {
    "ID Number": "2929791"
  },
  {
    "ID Number": "2929023"
  },
  {
    "ID Number": "2961067"
  },
  {
    "ID Number": "2916894"
  },
  {
    "ID Number": "2941830"
  },
  {
    "ID Number": "2900335"
  },
  {
    "ID Number": "2901633"
  },
  {
    "ID Number": "2902419"
  },
  {
    "ID Number": "2907810"
  },
  {
    "ID Number": "2937239"
  },
  {
    "ID Number": "2963892"
  },
  {
    "ID Number": "2964392"
  },
  {
    "ID Number": "2915600"
  },
  {
    "ID Number": "2928485"
  },
  {
    "ID Number": "2928914"
  },
  {
    "ID Number": "2913763"
  },
  {
    "ID Number": "2900939"
  },
  {
    "ID Number": "2929350"
  },
  {
    "ID Number": "2917238"
  },
  {
    "ID Number": "2917246"
  },
  {
    "ID Number": "2959160"
  },
  {
    "ID Number": "2953455"
  },
  {
    "ID Number": "2919532"
  },
  {
    "ID Number": "2900351"
  },
  {
    "ID Number": "2900025"
  },
  {
    "ID Number": "2915766"
  },
  {
    "ID Number": "2902397"
  },
  {
    "ID Number": "2936100"
  },
  {
    "ID Number": "2910659"
  },
  {
    "ID Number": "2956004"
  },
  {
    "ID Number": "2903482"
  },
  {
    "ID Number": "2959305"
  },
  {
    "ID Number": "2936534"
  },
  {
    "ID Number": "2931206"
  },
  {
    "ID Number": "2928027"
  },
  {
    "ID Number": "2961458"
  },
  {
    "ID Number": "2923785"
  },
  {
    "ID Number": "2932300"
  },
  {
    "ID Number": "2902460"
  },
  {
    "ID Number": "2928035"
  },
  {
    "ID Number": "2907224"
  },
  {
    "ID Number": "2955024"
  },
  {
    "ID Number": "2973120"
  },
  {
    "ID Number": "2956772"
  },
  {
    "ID Number": "2901676"
  },
  {
    "ID Number": "2907232"
  },
  {
    "ID Number": "2903571"
  },
  {
    "ID Number": "2901560"
  },
  {
    "ID Number": "2957426"
  },
  {
    "ID Number": "2927039"
  },
  {
    "ID Number": "2903261"
  },
  {
    "ID Number": "2955652"
  },
  {
    "ID Number": "2926806"
  },
  {
    "ID Number": "2909880"
  },
  {
    "ID Number": "2938197"
  },
  {
    "ID Number": "2916908"
  },
  {
    "ID Number": "2908638"
  },
  {
    "ID Number": "2919044"
  },
  {
    "ID Number": "2918978"
  },
  {
    "ID Number": "2937247"
  },
  {
    "ID Number": "2919540"
  },
  {
    "ID Number": "2938715"
  },
  {
    "ID Number": "2905663"
  },
  {
    "ID Number": "2933551"
  },
  {
    "ID Number": "2909774"
  },
  {
    "ID Number": "2914611"
  },
  {
    "ID Number": "2908905"
  },
  {
    "ID Number": "2949482"
  },
  {
    "ID Number": "2927390"
  },
  {
    "ID Number": "2937085"
  },
  {
    "ID Number": "2950057"
  },
  {
    "ID Number": "2957124"
  },
  {
    "ID Number": "2945606"
  },
  {
    "ID Number": "2929775"
  },
  {
    "ID Number": "2908158"
  },
  {
    "ID Number": "2912902"
  },
  {
    "ID Number": "2907712"
  },
  {
    "ID Number": "2956365"
  },
  {
    "ID Number": "2932920"
  },
  {
    "ID Number": "2919079"
  },
  {
    "ID Number": "2910284"
  },
  {
    "ID Number": "2900106"
  },
  {
    "ID Number": "2942631"
  },
  {
    "ID Number": "2924714"
  },
  {
    "ID Number": "2907496"
  },
  {
    "ID Number": "2946041"
  },
  {
    "ID Number": "2928043"
  },
  {
    "ID Number": "2948605"
  },
  {
    "ID Number": "2928051"
  },
  {
    "ID Number": "2916630"
  },
  {
    "ID Number": "2931559"
  },
  {
    "ID Number": "2907500"
  },
  {
    "ID Number": "2909430"
  },
  {
    "ID Number": "2902818"
  },
  {
    "ID Number": "2930196"
  },
  {
    "ID Number": "2937972"
  },
  {
    "ID Number": "2910535"
  },
  {
    "ID Number": "2941970"
  },
  {
    "ID Number": "2959224"
  },
  {
    "ID Number": "2912147"
  },
  {
    "ID Number": "2925796"
  },
  {
    "ID Number": "2912929"
  },
  {
    "ID Number": "2908166"
  },
  {
    "ID Number": "2900874"
  },
  {
    "ID Number": "2917076"
  },
  {
    "ID Number": "2909995"
  },
  {
    "ID Number": "2926458"
  },
  {
    "ID Number": "2952688"
  },
  {
    "ID Number": "2900882"
  },
  {
    "ID Number": "2918366"
  },
  {
    "ID Number": "2919338"
  },
  {
    "ID Number": "2907852"
  },
  {
    "ID Number": "2938910"
  },
  {
    "ID Number": "2913542"
  },
  {
    "ID Number": "2903687"
  },
  {
    "ID Number": "2965097"
  },
  {
    "ID Number": "2955695"
  },
  {
    "ID Number": "2903458"
  },
  {
    "ID Number": "2949989"
  },
  {
    "ID Number": "2929945"
  },
  {
    "ID Number": "2900890"
  },
  {
    "ID Number": "2909448"
  },
  {
    "ID Number": "2941708"
  },
  {
    "ID Number": "2921987"
  },
  {
    "ID Number": "2916851"
  },
  {
    "ID Number": "2932555"
  },
  {
    "ID Number": "2964970"
  },
  {
    "ID Number": "2953048"
  },
  {
    "ID Number": "2966280"
  },
  {
    "ID Number": "2916649"
  },
  {
    "ID Number": "2919400"
  },
  {
    "ID Number": "2923661"
  },
  {
    "ID Number": "2927675"
  },
  {
    "ID Number": "2919346"
  },
  {
    "ID Number": "2913461"
  },
  {
    "ID Number": "2912163"
  },
  {
    "ID Number": "2926300"
  },
  {
    "ID Number": "2947617"
  },
  {
    "ID Number": "2958015"
  },
  {
    "ID Number": "2911566"
  },
  {
    "ID Number": "2925605"
  },
  {
    "ID Number": "2919737"
  },
  {
    "ID Number": "2925583"
  },
  {
    "ID Number": "2962411"
  },
  {
    "ID Number": "2900211"
  },
  {
    "ID Number": "2901579"
  },
  {
    "ID Number": "2929600"
  },
  {
    "ID Number": "2956586"
  },
  {
    "ID Number": "2935511"
  },
  {
    "ID Number": "2919745"
  },
  {
    "ID Number": "2905612"
  },
  {
    "ID Number": "2919753"
  },
  {
    "ID Number": "2902273"
  },
  {
    "ID Number": "2910900"
  },
  {
    "ID Number": "2932938"
  },
  {
    "ID Number": "2919761"
  },
  {
    "ID Number": "2919087"
  },
  {
    "ID Number": "2919095"
  },
  {
    "ID Number": "2900947"
  },
  {
    "ID Number": "2912171"
  },
  {
    "ID Number": "2907860"
  },
  {
    "ID Number": "2903768"
  },
  {
    "ID Number": "2913771"
  },
  {
    "ID Number": "2907879"
  },
  {
    "ID Number": "2954087"
  },
  {
    "ID Number": "2944022"
  },
  {
    "ID Number": "2918714"
  },
  {
    "ID Number": "2914638"
  },
  {
    "ID Number": "2907925"
  },
  {
    "ID Number": "2944715"
  },
  {
    "ID Number": "2938430"
  },
  {
    "ID Number": "2900017"
  },
  {
    "ID Number": "2924986"
  },
  {
    "ID Number": "2924870"
  },
  {
    "ID Number": "2916975"
  },
  {
    "ID Number": "2933225"
  },
  {
    "ID Number": "2927055"
  },
  {
    "ID Number": "2944693"
  },
  {
    "ID Number": "2958929"
  },
  {
    "ID Number": "2965607"
  },
  {
    "ID Number": "2936380"
  },
  {
    "ID Number": "2918129"
  },
  {
    "ID Number": "2925613"
  },
  {
    "ID Number": "2945266"
  },
  {
    "ID Number": "2911221"
  },
  {
    "ID Number": "2936208"
  },
  {
    "ID Number": "2965119"
  },
  {
    "ID Number": "2908913"
  },
  {
    "ID Number": "2916088"
  },
  {
    "ID Number": "2936453"
  },
  {
    "ID Number": "2947730"
  },
  {
    "ID Number": "2907666"
  },
  {
    "ID Number": "2945517"
  },
  {
    "ID Number": "2904276"
  },
  {
    "ID Number": "2918374"
  },
  {
    "ID Number": "2925362"
  },
  {
    "ID Number": "2911736"
  },
  {
    "ID Number": "2922819"
  },
  {
    "ID Number": "2930200"
  },
  {
    "ID Number": "2902451"
  },
  {
    "ID Number": "2910888"
  },
  {
    "ID Number": "2906694"
  },
  {
    "ID Number": "2959321"
  },
  {
    "ID Number": "2923491"
  },
  {
    "ID Number": "2902150"
  },
  {
    "ID Number": "2937913"
  },
  {
    "ID Number": "2910543"
  },
  {
    "ID Number": "2925877"
  },
  {
    "ID Number": "2924722"
  },
  {
    "ID Number": "2916983"
  },
  {
    "ID Number": "2912210"
  },
  {
    "ID Number": "2917084"
  },
  {
    "ID Number": "2907186"
  },
  {
    "ID Number": "2926318"
  },
  {
    "ID Number": "2905000"
  },
  {
    "ID Number": "2901412"
  },
  {
    "ID Number": "2937859"
  },
  {
    "ID Number": "2900718"
  },
  {
    "ID Number": "2922320"
  },
  {
    "ID Number": "2908816"
  },
  {
    "ID Number": "2909073"
  },
  {
    "ID Number": "2902206"
  },
  {
    "ID Number": "2957981"
  },
  {
    "ID Number": "2937182"
  },
  {
    "ID Number": "2903695"
  },
  {
    "ID Number": "2954770"
  },
  {
    "ID Number": "2956373"
  },
  {
    "ID Number": "2913747"
  },
  {
    "ID Number": "2919230"
  },
  {
    "ID Number": "2906872"
  },
  {
    "ID Number": "2900726"
  },
  {
    "ID Number": "2913801"
  },
  {
    "ID Number": "2935481"
  },
  {
    "ID Number": "2917815"
  },
  {
    "ID Number": "2912236"
  },
  {
    "ID Number": "2955032"
  },
  {
    "ID Number": "2944790"
  },
  {
    "ID Number": "2921766"
  },
  {
    "ID Number": "2924030"
  },
  {
    "ID Number": "2922150"
  },
  {
    "ID Number": "2917262"
  },
  {
    "ID Number": "2907313"
  },
  {
    "ID Number": "2913933"
  },
  {
    "ID Number": "2938812"
  },
  {
    "ID Number": "2954249"
  },
  {
    "ID Number": "2930684"
  },
  {
    "ID Number": "2930242"
  },
  {
    "ID Number": "2957647"
  },
  {
    "ID Number": "2953773"
  },
  {
    "ID Number": "2937255"
  },
  {
    "ID Number": "2902141"
  },
  {
    "ID Number": "2908646"
  },
  {
    "ID Number": "2928248"
  },
  {
    "ID Number": "2940833"
  },
  {
    "ID Number": "2902010"
  },
  {
    "ID Number": "2938901"
  },
  {
    "ID Number": "2946084"
  },
  {
    "ID Number": "2940400"
  },
  {
    "ID Number": "2932326"
  },
  {
    "ID Number": "2936461"
  },
  {
    "ID Number": "2961024"
  },
  {
    "ID Number": "2955490"
  },
  {
    "ID Number": "2929252"
  },
  {
    "ID Number": "2948630"
  },
  {
    "ID Number": "2926750"
  },
  {
    "ID Number": "2949717"
  },
  {
    "ID Number": "2913470"
  },
  {
    "ID Number": "2912970"
  },
  {
    "ID Number": "2920581"
  },
  {
    "ID Number": "2941856"
  },
  {
    "ID Number": "2959976"
  },
  {
    "ID Number": "2931320"
  },
  {
    "ID Number": "2954052"
  },
  {
    "ID Number": "2912260"
  },
  {
    "ID Number": "2902486"
  },
  {
    "ID Number": "2965941"
  },
  {
    "ID Number": "2923572"
  },
  {
    "ID Number": "2930358"
  },
  {
    "ID Number": "2956250"
  },
  {
    "ID Number": "2949490"
  },
  {
    "ID Number": "2939568"
  },
  {
    "ID Number": "2933187"
  },
  {
    "ID Number": "2903733"
  },
  {
    "ID Number": "2910632"
  },
  {
    "ID Number": "2953471"
  },
  {
    "ID Number": "2939576"
  },
  {
    "ID Number": "2934280"
  },
  {
    "ID Number": "2937093"
  },
  {
    "ID Number": "2924889"
  },
  {
    "ID Number": "2912279"
  },
  {
    "ID Number": "2928515"
  },
  {
    "ID Number": "2907518"
  },
  {
    "ID Number": "2956799"
  },
  {
    "ID Number": "2971070"
  },
  {
    "ID Number": "2932334"
  },
  {
    "ID Number": "2919419"
  },
  {
    "ID Number": "2929449"
  },
  {
    "ID Number": "2923963"
  },
  {
    "ID Number": "2910837"
  },
  {
    "ID Number": "2914417"
  },
  {
    "ID Number": "2906015"
  },
  {
    "ID Number": "2907976"
  },
  {
    "ID Number": "2910411"
  },
  {
    "ID Number": "2938405"
  },
  {
    "ID Number": "2935066"
  },
  {
    "ID Number": "2905876"
  },
  {
    "ID Number": "2928256"
  },
  {
    "ID Number": "2925257"
  },
  {
    "ID Number": "2908301"
  },
  {
    "ID Number": "2925885"
  },
  {
    "ID Number": "2958171"
  },
  {
    "ID Number": "2906244"
  },
  {
    "ID Number": "2932571"
  },
  {
    "ID Number": "2918854"
  },
  {
    "ID Number": "2906147"
  },
  {
    "ID Number": "2920727"
  },
  {
    "ID Number": "2936810"
  },
  {
    "ID Number": "2929066"
  },
  {
    "ID Number": "2903660"
  },
  {
    "ID Number": "2907771"
  },
  {
    "ID Number": "2904900"
  },
  {
    "ID Number": "2934574"
  },
  {
    "ID Number": "2910225"
  },
  {
    "ID Number": "2904500"
  },
  {
    "ID Number": "2932717"
  },
  {
    "ID Number": "2906880"
  },
  {
    "ID Number": "2960427"
  },
  {
    "ID Number": "2937107"
  },
  {
    "ID Number": "2939614"
  },
  {
    "ID Number": "2913550"
  },
  {
    "ID Number": "2930145"
  },
  {
    "ID Number": "2931842"
  },
  {
    "ID Number": "2963574"
  },
  {
    "ID Number": "2912996"
  },
  {
    "ID Number": "2901498"
  },
  {
    "ID Number": "2929953"
  },
  {
    "ID Number": "2908018"
  },
  {
    "ID Number": "2964171"
  },
  {
    "ID Number": "2949350"
  },
  {
    "ID Number": "2919559"
  },
  {
    "ID Number": "2908026"
  },
  {
    "ID Number": "2960192"
  },
  {
    "ID Number": "2925800"
  },
  {
    "ID Number": "2916096"
  },
  {
    "ID Number": "2926091"
  },
  {
    "ID Number": "2917548"
  },
  {
    "ID Number": "2902222"
  },
  {
    "ID Number": "2933560"
  },
  {
    "ID Number": "2909235"
  },
  {
    "ID Number": "2926148"
  },
  {
    "ID Number": "2903334"
  },
  {
    "ID Number": "2915618"
  },
  {
    "ID Number": "2926849"
  },
  {
    "ID Number": "2927691"
  },
  {
    "ID Number": "2900033"
  },
  {
    "ID Number": "2906503"
  },
  {
    "ID Number": "2909898"
  },
  {
    "ID Number": "2906074"
  },
  {
    "ID Number": "2909324"
  },
  {
    "ID Number": "2948664"
  },
  {
    "ID Number": "2950065"
  },
  {
    "ID Number": "2944626"
  },
  {
    "ID Number": "2903717"
  },
  {
    "ID Number": "2926555"
  },
  {
    "ID Number": "2922851"
  },
  {
    "ID Number": "2907305"
  },
  {
    "ID Number": "2905256"
  },
  {
    "ID Number": "2945878"
  },
  {
    "ID Number": "2912317"
  },
  {
    "ID Number": "2966964"
  },
  {
    "ID Number": "2915804"
  },
  {
    "ID Number": "2951690"
  },
  {
    "ID Number": "2936224"
  },
  {
    "ID Number": "2904357"
  },
  {
    "ID Number": "2908921"
  },
  {
    "ID Number": "2902079"
  },
  {
    "ID Number": "2939517"
  },
  {
    "ID Number": "2945495"
  },
  {
    "ID Number": "2929090"
  },
  {
    "ID Number": "2963019"
  },
  {
    "ID Number": "2944820"
  },
  {
    "ID Number": "2904616"
  },
  {
    "ID Number": "2911256"
  },
  {
    "ID Number": "2930978"
  },
  {
    "ID Number": "2917840"
  },
  {
    "ID Number": "2936119"
  },
  {
    "ID Number": "2904764"
  },
  {
    "ID Number": "2928299"
  },
  {
    "ID Number": "2949229"
  },
  {
    "ID Number": "2919117"
  },
  {
    "ID Number": "2907100"
  },
  {
    "ID Number": "2933195"
  },
  {
    "ID Number": "2923882"
  },
  {
    "ID Number": "2957710"
  },
  {
    "ID Number": "2921596"
  },
  {
    "ID Number": "2952505"
  },
  {
    "ID Number": "2931575"
  },
  {
    "ID Number": "2930218"
  },
  {
    "ID Number": "2906589"
  },
  {
    "ID Number": "2907291"
  },
  {
    "ID Number": "2910675"
  },
  {
    "ID Number": "2901250"
  },
  {
    "ID Number": "2933730"
  },
  {
    "ID Number": "2925702"
  },
  {
    "ID Number": "2968002"
  },
  {
    "ID Number": "2917858"
  },
  {
    "ID Number": "2934140"
  },
  {
    "ID Number": "2903776"
  },
  {
    "ID Number": "2928965"
  },
  {
    "ID Number": "2919770"
  },
  {
    "ID Number": "2954818"
  },
  {
    "ID Number": "2928442"
  },
  {
    "ID Number": "2952106"
  },
  {
    "ID Number": "2939096"
  },
  {
    "ID Number": "2942348"
  },
  {
    "ID Number": "2908174"
  },
  {
    "ID Number": "2910950"
  },
  {
    "ID Number": "2950790"
  },
  {
    "ID Number": "2923793"
  },
  {
    "ID Number": "2936127"
  },
  {
    "ID Number": "2900483"
  },
  {
    "ID Number": "2918412"
  },
  {
    "ID Number": "2941864"
  },
  {
    "ID Number": "2903245"
  },
  {
    "ID Number": "2908980"
  },
  {
    "ID Number": "2924269"
  },
  {
    "ID Number": "327137059"
  },
  {
    "ID Number": "2902583"
  },
  {
    "ID Number": "2934434"
  },
  {
    "ID Number": "2910063"
  },
  {
    "ID Number": "2907720"
  },
  {
    "ID Number": "2938847"
  },
  {
    "ID Number": "2910870"
  },
  {
    "ID Number": "2934361"
  },
  {
    "ID Number": "2919125"
  },
  {
    "ID Number": "2931400"
  },
  {
    "ID Number": "2918919"
  },
  {
    "ID Number": "2930366"
  },
  {
    "ID Number": "2921693"
  },
  {
    "ID Number": "2912325"
  },
  {
    "ID Number": "2906414"
  },
  {
    "ID Number": "2929325"
  },
  {
    "ID Number": "2947757"
  },
  {
    "ID Number": "2925621"
  },
  {
    "ID Number": "2932725"
  },
  {
    "ID Number": "2950278"
  },
  {
    "ID Number": "2913356"
  },
  {
    "ID Number": "2919290"
  },
  {
    "ID Number": "2912333"
  },
  {
    "ID Number": "2940140"
  },
  {
    "ID Number": "2900548"
  },
  {
    "ID Number": "2904039"
  },
  {
    "ID Number": "2901099"
  },
  {
    "ID Number": "2903016"
  },
  {
    "ID Number": "2900360"
  },
  {
    "ID Number": "2924072"
  },
  {
    "ID Number": "2906554"
  },
  {
    "ID Number": "2903903"
  },
  {
    "ID Number": "2905639"
  },
  {
    "ID Number": "2901030"
  },
  {
    "ID Number": "2902656"
  },
  {
    "ID Number": "2904683"
  },
  {
    "ID Number": "2906031"
  },
  {
    "ID Number": "2912341"
  },
  {
    "ID Number": "2904527"
  },
  {
    "ID Number": "2907062"
  },
  {
    "ID Number": "2912350"
  },
  {
    "ID Number": "2943557"
  },
  {
    "ID Number": "2910365"
  },
  {
    "ID Number": "2903253"
  },
  {
    "ID Number": "2903970"
  },
  {
    "ID Number": "2946092"
  },
  {
    "ID Number": "2949946"
  },
  {
    "ID Number": "2934124"
  },
  {
    "ID Number": "2917661"
  },
  {
    "ID Number": "2963906"
  },
  {
    "ID Number": "2923424"
  },
  {
    "ID Number": "2929961"
  },
  {
    "ID Number": "2957248"
  },
  {
    "ID Number": "2956683"
  },
  {
    "ID Number": "2906953"
  },
  {
    "ID Number": "2930960"
  },
  {
    "ID Number": "2915812"
  },
  {
    "ID Number": "2915626"
  },
  {
    "ID Number": "2922878"
  },
  {
    "ID Number": "2906635"
  },
  {
    "ID Number": "2908930"
  },
  {
    "ID Number": "2902435"
  },
  {
    "ID Number": "2902591"
  },
  {
    "ID Number": "2970481"
  },
  {
    "ID Number": "2948680"
  },
  {
    "ID Number": "2904772"
  },
  {
    "ID Number": "2928450"
  },
  {
    "ID Number": "2906970"
  },
  {
    "ID Number": "2947404"
  },
  {
    "ID Number": "2908255"
  },
  {
    "ID Number": "2924048"
  },
  {
    "ID Number": "2922886"
  },
  {
    "ID Number": "2906155"
  },
  {
    "ID Number": "2941880"
  },
  {
    "ID Number": "2933012"
  },
  {
    "ID Number": "2927322"
  },
  {
    "ID Number": "2915820"
  },
  {
    "ID Number": "2940868"
  },
  {
    "ID Number": "2937603"
  },
  {
    "ID Number": "2904551"
  },
  {
    "ID Number": "2938294"
  },
  {
    "ID Number": "2928531"
  },
  {
    "ID Number": "2951517"
  },
  {
    "ID Number": "2954630"
  },
  {
    "ID Number": "2955520"
  },
  {
    "ID Number": "2908999"
  },
  {
    "ID Number": "2900904"
  },
  {
    "ID Number": "2968363"
  },
  {
    "ID Number": "2963710"
  },
  {
    "ID Number": "2948699"
  },
  {
    "ID Number": "2922550"
  },
  {
    "ID Number": "2922568"
  },
  {
    "ID Number": "2932342"
  },
  {
    "ID Number": "2971631"
  },
  {
    "ID Number": "2934205"
  },
  {
    "ID Number": "2905299"
  },
  {
    "ID Number": "2925710"
  },
  {
    "ID Number": "2919150"
  },
  {
    "ID Number": "2906430"
  },
  {
    "ID Number": "2920603"
  },
  {
    "ID Number": "2910802"
  },
  {
    "ID Number": "2900556"
  },
  {
    "ID Number": "2914042"
  },
  {
    "ID Number": "2929171"
  },
  {
    "ID Number": "2929180"
  },
  {
    "ID Number": "2924358"
  },
  {
    "ID Number": "2910004"
  },
  {
    "ID Number": "2952823"
  },
  {
    "ID Number": "2910071"
  },
  {
    "ID Number": "2913003"
  },
  {
    "ID Number": "2923513"
  },
  {
    "ID Number": "2956268"
  },
  {
    "ID Number": "2938456"
  },
  {
    "ID Number": "2957396"
  },
  {
    "ID Number": "2922576"
  },
  {
    "ID Number": "2945223"
  },
  {
    "ID Number": "2900734"
  },
  {
    "ID Number": "2954303"
  },
  {
    "ID Number": "2911710"
  },
  {
    "ID Number": "2922894"
  },
  {
    "ID Number": "2901501"
  },
  {
    "ID Number": "2940256"
  },
  {
    "ID Number": "2955873"
  },
  {
    "ID Number": "2933837"
  },
  {
    "ID Number": "2948702"
  },
  {
    "ID Number": "2973774"
  },
  {
    "ID Number": "2917882"
  },
  {
    "ID Number": "2957159"
  },
  {
    "ID Number": "2914930"
  },
  {
    "ID Number": "2919575"
  },
  {
    "ID Number": "2910012"
  },
  {
    "ID Number": "2931273"
  },
  {
    "ID Number": "2909952"
  },
  {
    "ID Number": "2921359"
  },
  {
    "ID Number": "2910241"
  },
  {
    "ID Number": "2926598"
  },
  {
    "ID Number": "2901269"
  },
  {
    "ID Number": "2972964"
  },
  {
    "ID Number": "2944510"
  },
  {
    "ID Number": "2904950"
  },
  {
    "ID Number": "2922584"
  },
  {
    "ID Number": "2908492"
  },
  {
    "ID Number": "2924366"
  },
  {
    "ID Number": "2915316"
  },
  {
    "ID Number": "2930374"
  },
  {
    "ID Number": "2926741"
  },
  {
    "ID Number": "2901153"
  },
  {
    "ID Number": "2929198"
  },
  {
    "ID Number": "2929201"
  },
  {
    "ID Number": "2953749"
  },
  {
    "ID Number": "2932350"
  },
  {
    "ID Number": "2937611"
  },
  {
    "ID Number": "2944332"
  },
  {
    "ID Number": "2917890"
  },
  {
    "ID Number": "2902370"
  },
  {
    "ID Number": "2945924"
  },
  {
    "ID Number": "2924730"
  },
  {
    "ID Number": "2900246"
  },
  {
    "ID Number": "2944049"
  },
  {
    "ID Number": "2902532"
  },
  {
    "ID Number": "2903008"
  },
  {
    "ID Number": "2935279"
  },
  {
    "ID Number": "2900130"
  },
  {
    "ID Number": "2901463"
  },
  {
    "ID Number": "2954826"
  },
  {
    "ID Number": "2906996"
  },
  {
    "ID Number": "2919583"
  },
  {
    "ID Number": "2903849"
  },
  {
    "ID Number": "2926601"
  },
  {
    "ID Number": "2905302"
  },
  {
    "ID Number": "2906740"
  },
  {
    "ID Number": "2919788"
  },
  {
    "ID Number": "2962004"
  },
  {
    "ID Number": "2918137"
  },
  {
    "ID Number": "2925036"
  },
  {
    "ID Number": "2937450"
  },
  {
    "ID Number": "2906104"
  },
  {
    "ID Number": "2915499"
  },
  {
    "ID Number": "2957400"
  },
  {
    "ID Number": "2944146"
  },
  {
    "ID Number": "2927420"
  },
  {
    "ID Number": "2934167"
  },
  {
    "ID Number": "2907844"
  },
  {
    "ID Number": "2910420"
  },
  {
    "ID Number": "2912376"
  },
  {
    "ID Number": "2922908"
  },
  {
    "ID Number": "2928361"
  },
  {
    "ID Number": "2930153"
  },
  {
    "ID Number": "2917904"
  },
  {
    "ID Number": "2920468"
  },
  {
    "ID Number": "2905337"
  },
  {
    "ID Number": "2911531"
  },
  {
    "ID Number": "2949555"
  },
  {
    "ID Number": "2955903"
  },
  {
    "ID Number": "2931605"
  },
  {
    "ID Number": "2925648"
  },
  {
    "ID Number": "2934477"
  },
  {
    "ID Number": "2932741"
  },
  {
    "ID Number": "2910934"
  },
  {
    "ID Number": "2927438"
  },
  {
    "ID Number": "2947684"
  },
  {
    "ID Number": "2936585"
  },
  {
    "ID Number": "2958813"
  },
  {
    "ID Number": "2906929"
  },
  {
    "ID Number": "2920085"
  },
  {
    "ID Number": "2914069"
  },
  {
    "ID Number": "2941538"
  },
  {
    "ID Number": "2964961"
  },
  {
    "ID Number": "2911744"
  },
  {
    "ID Number": "2909464"
  },
  {
    "ID Number": "2901102"
  },
  {
    "ID Number": "2902028"
  },
  {
    "ID Number": "2922924"
  },
  {
    "ID Number": "2901439"
  },
  {
    "ID Number": "2957299"
  },
  {
    "ID Number": "2935899"
  },
  {
    "ID Number": "2915324"
  },
  {
    "ID Number": "2938960"
  },
  {
    "ID Number": "2901803"
  },
  {
    "ID Number": "2924374"
  },
  {
    "ID Number": "2924382"
  },
  {
    "ID Number": "2924749"
  },
  {
    "ID Number": "2925559"
  },
  {
    "ID Number": "30909015"
  },
  {
    "ID Number": "2902168"
  },
  {
    "ID Number": "2914093"
  },
  {
    "ID Number": "2933926"
  },
  {
    "ID Number": "2929333"
  },
  {
    "ID Number": "2955440"
  },
  {
    "ID Number": "2920093"
  },
  {
    "ID Number": "2911779"
  },
  {
    "ID Number": "2902869"
  },
  {
    "ID Number": "2902613"
  },
  {
    "ID Number": "2921391"
  },
  {
    "ID Number": "2942798"
  },
  {
    "ID Number": "2926857"
  },
  {
    "ID Number": "2922720"
  },
  {
    "ID Number": "2912406"
  },
  {
    "ID Number": "2908263"
  },
  {
    "ID Number": "2926059"
  },
  {
    "ID Number": "2955636"
  },
  {
    "ID Number": "2957558"
  },
  {
    "ID Number": "2921570"
  },
  {
    "ID Number": "2916525"
  },
  {
    "ID Number": "2906260"
  },
  {
    "ID Number": "2920360"
  },
  {
    "ID Number": "2910292"
  },
  {
    "ID Number": "2900564"
  },
  {
    "ID Number": "2905418"
  },
  {
    "ID Number": "2922592"
  },
  {
    "ID Number": "2907003"
  },
  {
    "ID Number": "2901757"
  },
  {
    "ID Number": "2923807"
  },
  {
    "ID Number": "2917270"
  },
  {
    "ID Number": "2909480"
  },
  {
    "ID Number": "2952238"
  },
  {
    "ID Number": "2903857"
  },
  {
    "ID Number": "2904098"
  },
  {
    "ID Number": "2907321"
  },
  {
    "ID Number": "2944057"
  },
  {
    "ID Number": "2926865"
  },
  {
    "ID Number": "2955911"
  },
  {
    "ID Number": "2917289"
  },
  {
    "ID Number": "2949997"
  },
  {
    "ID Number": "2922029"
  },
  {
    "ID Number": "2929678"
  },
  {
    "ID Number": "2908107"
  },
  {
    "ID Number": "2936526"
  },
  {
    "ID Number": "2964333"
  },
  {
    "ID Number": "2915332"
  },
  {
    "ID Number": "2902621"
  },
  {
    "ID Number": "2974037"
  },
  {
    "ID Number": "327136641"
  },
  {
    "ID Number": "2927446"
  },
  {
    "ID Number": "2908115"
  },
  {
    "ID Number": "2902699"
  },
  {
    "ID Number": "2902320"
  },
  {
    "ID Number": "2912422"
  },
  {
    "ID Number": "2929163"
  },
  {
    "ID Number": "2912414"
  },
  {
    "ID Number": "2906341"
  },
  {
    "ID Number": "2906139"
  },
  {
    "ID Number": "2906520"
  },
  {
    "ID Number": "11634103"
  },
  {
    "ID Number": "2924757"
  },
  {
    "ID Number": "2929368"
  },
  {
    "ID Number": "2935856"
  },
  {
    "ID Number": "2913852"
  },
  {
    "ID Number": "2924927"
  },
  {
    "ID Number": "2944723"
  },
  {
    "ID Number": "2911574"
  },
  {
    "ID Number": "2900459"
  },
  {
    "ID Number": "2908182"
  },
  {
    "ID Number": "2901765"
  },
  {
    "ID Number": "2906821"
  },
  {
    "ID Number": "2946130"
  },
  {
    "ID Number": "2963388"
  },
  {
    "ID Number": "2923327"
  },
  {
    "ID Number": "2900416"
  },
  {
    "ID Number": "2910993"
  },
  {
    "ID Number": "2958104"
  },
  {
    "ID Number": "2920751"
  },
  {
    "ID Number": "2945886"
  },
  {
    "ID Number": "2910969"
  },
  {
    "ID Number": "2900254"
  },
  {
    "ID Number": "2907364"
  },
  {
    "ID Number": "2910683"
  },
  {
    "ID Number": "2939550"
  },
  {
    "ID Number": "2902494"
  },
  {
    "ID Number": "2906538"
  },
  {
    "ID Number": "2901382"
  },
  {
    "ID Number": "2910080"
  },
  {
    "ID Number": "2931850"
  },
  {
    "ID Number": "2941236"
  },
  {
    "ID Number": "2909006"
  },
  {
    "ID Number": "2924102"
  },
  {
    "ID Number": "2905345"
  },
  {
    "ID Number": "2909499"
  },
  {
    "ID Number": "2955628"
  },
  {
    "ID Number": "2916223"
  },
  {
    "ID Number": "2925893"
  },
  {
    "ID Number": "2963221"
  },
  {
    "ID Number": "2903300"
  },
  {
    "ID Number": "2915189"
  },
  {
    "ID Number": "2906597"
  },
  {
    "ID Number": "2905396"
  },
  {
    "ID Number": "2945630"
  },
  {
    "ID Number": "2901277"
  },
  {
    "ID Number": "2904390"
  },
  {
    "ID Number": "2923530"
  },
  {
    "ID Number": "2923815"
  },
  {
    "ID Number": "2942895"
  },
  {
    "ID Number": "2960974"
  },
  {
    "ID Number": "2900157"
  },
  {
    "ID Number": "2919001"
  },
  {
    "ID Number": "2902915"
  },
  {
    "ID Number": "2918307"
  },
  {
    "ID Number": "2923190"
  },
  {
    "ID Number": "2922940"
  },
  {
    "ID Number": "2940884"
  },
  {
    "ID Number": "2905370"
  },
  {
    "ID Number": "2919826"
  },
  {
    "ID Number": "2932660"
  },
  {
    "ID Number": "2917106"
  },
  {
    "ID Number": "2947412"
  },
  {
    "ID Number": "2947420"
  },
  {
    "ID Number": "2923599"
  },
  {
    "ID Number": "2922606"
  },
  {
    "ID Number": "2926768"
  },
  {
    "ID Number": "2901331"
  },
  {
    "ID Number": "2915197"
  },
  {
    "ID Number": "2913070"
  },
  {
    "ID Number": "2950570"
  },
  {
    "ID Number": "2902354"
  },
  {
    "ID Number": "2940450"
  },
  {
    "ID Number": "2910020"
  },
  {
    "ID Number": "2900505"
  },
  {
    "ID Number": "2919591"
  },
  {
    "ID Number": "2904519"
  },
  {
    "ID Number": "2953269"
  },
  {
    "ID Number": "2930781"
  },
  {
    "ID Number": "2930064"
  },
  {
    "ID Number": "2914441"
  },
  {
    "ID Number": "2958023"
  },
  {
    "ID Number": "2926261"
  },
  {
    "ID Number": "2901340"
  },
  {
    "ID Number": "2927365"
  },
  {
    "ID Number": "2958120"
  },
  {
    "ID Number": "2937638"
  },
  {
    "ID Number": "2906422"
  },
  {
    "ID Number": "2954010"
  },
  {
    "ID Number": "2956071"
  },
  {
    "ID Number": "2935872"
  },
  {
    "ID Number": "2926466"
  },
  {
    "ID Number": "2930226"
  },
  {
    "ID Number": "2912449"
  },
  {
    "ID Number": "2912457"
  },
  {
    "ID Number": "2908220"
  },
  {
    "ID Number": "2927454"
  },
  {
    "ID Number": "2902508"
  },
  {
    "ID Number": "2947439"
  },
  {
    "ID Number": "2929635"
  },
  {
    "ID Number": "2904586"
  },
  {
    "ID Number": "2907330"
  },
  {
    "ID Number": "2945037"
  },
  {
    "ID Number": "2931869"
  },
  {
    "ID Number": "2945231"
  },
  {
    "ID Number": "2939592"
  },
  {
    "ID Number": "2918315"
  },
  {
    "ID Number": "2927063"
  },
  {
    "ID Number": "2916860"
  },
  {
    "ID Number": "2912465"
  },
  {
    "ID Number": "2937646"
  },
  {
    "ID Number": "2936623"
  },
  {
    "ID Number": "2908662"
  },
  {
    "ID Number": "2936690"
  },
  {
    "ID Number": "2946149"
  },
  {
    "ID Number": "2927721"
  },
  {
    "ID Number": "2936232"
  },
  {
    "ID Number": "2935600"
  },
  {
    "ID Number": "2934396"
  },
  {
    "ID Number": "2929236"
  },
  {
    "ID Number": "2930234"
  },
  {
    "ID Number": "2912473"
  },
  {
    "ID Number": "2917920"
  },
  {
    "ID Number": "2937921"
  },
  {
    "ID Number": "2934230"
  },
  {
    "ID Number": "2936968"
  },
  {
    "ID Number": "2966638"
  },
  {
    "ID Number": "2901048"
  },
  {
    "ID Number": "2965968"
  },
  {
    "ID Number": "2950499"
  },
  {
    "ID Number": "2909790"
  },
  {
    "ID Number": "2934914"
  },
  {
    "ID Number": "2948761"
  },
  {
    "ID Number": "2910306"
  },
  {
    "ID Number": "2908506"
  },
  {
    "ID Number": "2916673"
  },
  {
    "ID Number": "2916916"
  },
  {
    "ID Number": "2911027"
  },
  {
    "ID Number": "2917572"
  },
  {
    "ID Number": "2925508"
  },
  {
    "ID Number": "2943484"
  },
  {
    "ID Number": "2918935"
  },
  {
    "ID Number": "2939622"
  },
  {
    "ID Number": "2938375"
  },
  {
    "ID Number": "2930404"
  },
  {
    "ID Number": "2955504"
  },
  {
    "ID Number": "2944537"
  },
  {
    "ID Number": "2923939"
  },
  {
    "ID Number": "2924765"
  },
  {
    "ID Number": "2926628"
  },
  {
    "ID Number": "2956691"
  },
  {
    "ID Number": "2911035"
  },
  {
    "ID Number": "2958481"
  },
  {
    "ID Number": "2950286"
  },
  {
    "ID Number": "2936542"
  },
  {
    "ID Number": "2906490"
  },
  {
    "ID Number": "2902117"
  },
  {
    "ID Number": "2914450"
  },
  {
    "ID Number": "2907348"
  },
  {
    "ID Number": "2939150"
  },
  {
    "ID Number": "2956519"
  },
  {
    "ID Number": "2905469"
  },
  {
    "ID Number": "2918455"
  },
  {
    "ID Number": "2907020"
  },
  {
    "ID Number": "2918323"
  },
  {
    "ID Number": "2937468"
  },
  {
    "ID Number": "2925834"
  },
  {
    "ID Number": "2928310"
  },
  {
    "ID Number": "2923203"
  },
  {
    "ID Number": "2902630"
  },
  {
    "ID Number": "2929112"
  },
  {
    "ID Number": "2957663"
  },
  {
    "ID Number": "2938235"
  },
  {
    "ID Number": "2961580"
  },
  {
    "ID Number": "2926873"
  },
  {
    "ID Number": "2907569"
  },
  {
    "ID Number": "2974061"
  },
  {
    "ID Number": "2907984"
  },
  {
    "ID Number": "2926881"
  },
  {
    "ID Number": "2917947"
  },
  {
    "ID Number": "2919494"
  },
  {
    "ID Number": "2926890"
  },
  {
    "ID Number": "2926105"
  },
  {
    "ID Number": "2901170"
  },
  {
    "ID Number": "2915650"
  },
  {
    "ID Number": "2912490"
  },
  {
    "ID Number": "2904942"
  },
  {
    "ID Number": "2910519"
  },
  {
    "ID Number": "2957795"
  },
  {
    "ID Number": "2900580"
  },
  {
    "ID Number": "2928230"
  },
  {
    "ID Number": "2903474"
  },
  {
    "ID Number": "2913348"
  },
  {
    "ID Number": "2929287"
  },
  {
    "ID Number": "2940418"
  },
  {
    "ID Number": "2921707"
  },
  {
    "ID Number": "2937867"
  },
  {
    "ID Number": "2912511"
  },
  {
    "ID Number": "2927969"
  },
  {
    "ID Number": "2943972"
  },
  {
    "ID Number": "2938022"
  },
  {
    "ID Number": "2917955"
  },
  {
    "ID Number": "2901820"
  },
  {
    "ID Number": "2932385"
  },
  {
    "ID Number": "2942933"
  },
  {
    "ID Number": "2944731"
  },
  {
    "ID Number": "2902176"
  },
  {
    "ID Number": "2930072"
  },
  {
    "ID Number": "2911655"
  },
  {
    "ID Number": "2922258"
  },
  {
    "ID Number": "2962489"
  },
  {
    "ID Number": "2937808"
  },
  {
    "ID Number": "2904918"
  },
  {
    "ID Number": "2954834"
  },
  {
    "ID Number": "2940213"
  },
  {
    "ID Number": "2930498"
  },
  {
    "ID Number": "2906180"
  },
  {
    "ID Number": "2914468"
  },
  {
    "ID Number": "2932547"
  },
  {
    "ID Number": "2901897"
  },
  {
    "ID Number": "2906023"
  },
  {
    "ID Number": "2934086"
  },
  {
    "ID Number": "2970457"
  },
  {
    "ID Number": "2905248"
  },
  {
    "ID Number": "2928728"
  },
  {
    "ID Number": "2906830"
  },
  {
    "ID Number": "2917963"
  },
  {
    "ID Number": "2918862"
  },
  {
    "ID Number": "2910322"
  },
  {
    "ID Number": "2964988"
  },
  {
    "ID Number": "2952378"
  },
  {
    "ID Number": "2942100"
  },
  {
    "ID Number": "2954265"
  },
  {
    "ID Number": "26300320"
  },
  {
    "ID Number": "2928272"
  },
  {
    "ID Number": "2918170"
  },
  {
    "ID Number": "2959852"
  },
  {
    "ID Number": "2905566"
  },
  {
    "ID Number": "2942224"
  },
  {
    "ID Number": "2904284"
  },
  {
    "ID Number": "2928647"
  },
  {
    "ID Number": "2902648"
  },
  {
    "ID Number": "2917971"
  },
  {
    "ID Number": "4650891"
  },
  {
    "ID Number": "2903938"
  },
  {
    "ID Number": "2906449"
  },
  {
    "ID Number": "2950588"
  },
  {
    "ID Number": "2938855"
  },
  {
    "ID Number": "2913526"
  },
  {
    "ID Number": "2917440"
  },
  {
    "ID Number": "2926636"
  },
  {
    "ID Number": "2932091"
  },
  {
    "ID Number": "2918773"
  },
  {
    "ID Number": "2906295"
  },
  {
    "ID Number": "2925907"
  },
  {
    "ID Number": "2909936"
  },
  {
    "ID Number": "2900661"
  },
  {
    "ID Number": "2925079"
  },
  {
    "ID Number": "2957655"
  },
  {
    "ID Number": "2908328"
  },
  {
    "ID Number": "2925842"
  },
  {
    "ID Number": "2909804"
  },
  {
    "ID Number": "2918587"
  },
  {
    "ID Number": "2925982"
  },
  {
    "ID Number": "2933055"
  },
  {
    "ID Number": "2914743"
  },
  {
    "ID Number": "2932393"
  },
  {
    "ID Number": "2913151"
  },
  {
    "ID Number": "2945967"
  },
  {
    "ID Number": "2903946"
  },
  {
    "ID Number": "2908778"
  },
  {
    "ID Number": "2901110"
  },
  {
    "ID Number": "2944154"
  },
  {
    "ID Number": "2971283"
  },
  {
    "ID Number": "2910896"
  },
  {
    "ID Number": "2936143"
  },
  {
    "ID Number": "2936976"
  },
  {
    "ID Number": "2939355"
  },
  {
    "ID Number": "2934825"
  },
  {
    "ID Number": "2909537"
  },
  {
    "ID Number": "2902338"
  },
  {
    "ID Number": "2949385"
  },
  {
    "ID Number": "2917114"
  },
  {
    "ID Number": "2934507"
  },
  {
    "ID Number": "2920549"
  },
  {
    "ID Number": "2915880"
  },
  {
    "ID Number": "2959020"
  },
  {
    "ID Number": "2917980"
  },
  {
    "ID Number": "2954028"
  },
  {
    "ID Number": "2905698"
  },
  {
    "ID Number": "2923890"
  },
  {
    "ID Number": "2926245"
  },
  {
    "ID Number": "2966000"
  },
  {
    "ID Number": "2953757"
  },
  {
    "ID Number": "2953145"
  },
  {
    "ID Number": "2939681"
  },
  {
    "ID Number": "2906112"
  },
  {
    "ID Number": "2905019"
  },
  {
    "ID Number": "2964996"
  },
  {
    "ID Number": "2906309"
  },
  {
    "ID Number": "2905710"
  },
  {
    "ID Number": "2924110"
  },
  {
    "ID Number": "2941902"
  },
  {
    "ID Number": "2915111"
  },
  {
    "ID Number": "2900963"
  },
  {
    "ID Number": "2939126"
  },
  {
    "ID Number": "2916460"
  },
  {
    "ID Number": "2919605"
  },
  {
    "ID Number": "2912546"
  },
  {
    "ID Number": "2910527"
  },
  {
    "ID Number": "2928990"
  },
  {
    "ID Number": "2911051"
  },
  {
    "ID Number": "2927462"
  },
  {
    "ID Number": "2954842"
  },
  {
    "ID Number": "2905264"
  },
  {
    "ID Number": "2911620"
  },
  {
    "ID Number": "2900297"
  },
  {
    "ID Number": "2907909"
  },
  {
    "ID Number": "2904993"
  },
  {
    "ID Number": "2957825"
  },
  {
    "ID Number": "2919168"
  },
  {
    "ID Number": "2926644"
  },
  {
    "ID Number": "2941376"
  },
  {
    "ID Number": "2903954"
  },
  {
    "ID Number": "2908689"
  },
  {
    "ID Number": "2924277"
  },
  {
    "ID Number": "2900807"
  },
  {
    "ID Number": "2903962"
  },
  {
    "ID Number": "2911060"
  },
  {
    "ID Number": "2900181"
  },
  {
    "ID Number": "2900424"
  },
  {
    "ID Number": "2905043"
  },
  {
    "ID Number": "2903890"
  },
  {
    "ID Number": "2934426"
  },
  {
    "ID Number": "2908840"
  },
  {
    "ID Number": "2964473"
  },
  {
    "ID Number": "2906708"
  },
  {
    "ID Number": "2937123"
  },
  {
    "ID Number": "2922967"
  },
  {
    "ID Number": "2904870"
  },
  {
    "ID Number": "2948095"
  },
  {
    "ID Number": "2952890"
  },
  {
    "ID Number": "2913089"
  },
  {
    "ID Number": "2908557"
  },
  {
    "ID Number": "2944545"
  },
  {
    "ID Number": "2947854"
  },
  {
    "ID Number": "2929554"
  },
  {
    "ID Number": "2922371"
  },
  {
    "ID Number": "2915898"
  },
  {
    "ID Number": "2912570"
  },
  {
    "ID Number": "2900742"
  },
  {
    "ID Number": "2946173"
  },
  {
    "ID Number": "2900190"
  },
  {
    "ID Number": "2924390"
  },
  {
    "ID Number": "2905604"
  },
  {
    "ID Number": "2932750"
  },
  {
    "ID Number": "2950596"
  },
  {
    "ID Number": "2926326"
  },
  {
    "ID Number": "2907259"
  },
  {
    "ID Number": "2957418"
  },
  {
    "ID Number": "2922100"
  },
  {
    "ID Number": "2941910"
  },
  {
    "ID Number": "2901374"
  },
  {
    "ID Number": "2900637"
  },
  {
    "ID Number": "2900750"
  },
  {
    "ID Number": "2929228"
  },
  {
    "ID Number": "2958031"
  },
  {
    "ID Number": "2903610"
  },
  {
    "ID Number": "2941511"
  },
  {
    "ID Number": "2911310"
  },
  {
    "ID Number": "2901390"
  },
  {
    "ID Number": "2935554"
  },
  {
    "ID Number": "2903580"
  },
  {
    "ID Number": "2909812"
  },
  {
    "ID Number": "2904020"
  },
  {
    "ID Number": "2925850"
  },
  {
    "ID Number": "2932407"
  },
  {
    "ID Number": "2928540"
  },
  {
    "ID Number": "2901714"
  },
  {
    "ID Number": "2945150"
  },
  {
    "ID Number": "2902443"
  },
  {
    "ID Number": "2908956"
  },
  {
    "ID Number": "2954567"
  },
  {
    "ID Number": "2909910"
  },
  {
    "ID Number": "2925737"
  },
  {
    "ID Number": "2922061"
  },
  {
    "ID Number": "2913860"
  },
  {
    "ID Number": "2938740"
  },
  {
    "ID Number": "2923971"
  },
  {
    "ID Number": "2925656"
  },
  {
    "ID Number": "2916240"
  },
  {
    "ID Number": "2950952"
  },
  {
    "ID Number": "2925095"
  },
  {
    "ID Number": "2919869"
  },
  {
    "ID Number": "2919877"
  },
  {
    "ID Number": "2950960"
  },
  {
    "ID Number": "2902400"
  },
  {
    "ID Number": "2938626"
  },
  {
    "ID Number": "2903920"
  },
  {
    "ID Number": "2962748"
  },
  {
    "ID Number": "2957027"
  },
  {
    "ID Number": "2913585"
  },
  {
    "ID Number": "2916371"
  },
  {
    "ID Number": "2959810"
  },
  {
    "ID Number": "2944375"
  },
  {
    "ID Number": "2901358"
  },
  {
    "ID Number": "2910730"
  },
  {
    "ID Number": "2926660"
  },
  {
    "ID Number": "2906457"
  },
  {
    "ID Number": "2910250"
  },
  {
    "ID Number": "2945975"
  },
  {
    "ID Number": "2935864"
  },
  {
    "ID Number": "2966573"
  },
  {
    "ID Number": "2904896"
  },
  {
    "ID Number": "2917300"
  },
  {
    "ID Number": "2959100"
  },
  {
    "ID Number": "2913925"
  },
  {
    "ID Number": "2929830"
  },
  {
    "ID Number": "2903490"
  },
  {
    "ID Number": "2904730"
  },
  {
    "ID Number": "2970740"
  },
  {
    "ID Number": "2959232"
  },
  {
    "ID Number": "2908565"
  },
  {
    "ID Number": "2939282"
  },
  {
    "ID Number": "2923602"
  },
  {
    "ID Number": "2925109"
  },
  {
    "ID Number": "2915901"
  },
  {
    "ID Number": "2906724"
  },
  {
    "ID Number": "2937476"
  },
  {
    "ID Number": "2920654"
  },
  {
    "ID Number": "2939169"
  },
  {
    "ID Number": "2945045"
  },
  {
    "ID Number": "2925664"
  },
  {
    "ID Number": "2914476"
  },
  {
    "ID Number": "2921642"
  },
  {
    "ID Number": "2903989"
  },
  {
    "ID Number": "2943565"
  },
  {
    "ID Number": "2923394"
  },
  {
    "ID Number": "2923408"
  },
  {
    "ID Number": "2965771"
  },
  {
    "ID Number": "2901188"
  },
  {
    "ID Number": "2920492"
  },
  {
    "ID Number": "2929392"
  },
  {
    "ID Number": "2917688"
  },
  {
    "ID Number": "2955776"
  },
  {
    "ID Number": "2913160"
  },
  {
    "ID Number": "2935341"
  },
  {
    "ID Number": "2908573"
  },
  {
    "ID Number": "2909057"
  },
  {
    "ID Number": "2937654"
  },
  {
    "ID Number": "2906511"
  },
  {
    "ID Number": "2955687"
  },
  {
    "ID Number": "2961474"
  },
  {
    "ID Number": "2916690"
  },
  {
    "ID Number": "2928124"
  },
  {
    "ID Number": "2934523"
  },
  {
    "ID Number": "2903075"
  },
  {
    "ID Number": "2930129"
  },
  {
    "ID Number": "2904411"
  },
  {
    "ID Number": "2926180"
  },
  {
    "ID Number": "2952769"
  },
  {
    "ID Number": "2901773"
  },
  {
    "ID Number": "2911086"
  },
  {
    "ID Number": "2937816"
  },
  {
    "ID Number": "2918870"
  },
  {
    "ID Number": "2924129"
  },
  {
    "ID Number": "2957868"
  },
  {
    "ID Number": "2906848"
  },
  {
    "ID Number": "2900769"
  },
  {
    "ID Number": "2934299"
  },
  {
    "ID Number": "2904071"
  },
  {
    "ID Number": "2961679"
  },
  {
    "ID Number": "2927101"
  },
  {
    "ID Number": "2906619"
  },
  {
    "ID Number": "2907372"
  },
  {
    "ID Number": "2910764"
  },
  {
    "ID Number": "2955512"
  },
  {
    "ID Number": "2901846"
  },
  {
    "ID Number": "2910691"
  },
  {
    "ID Number": "2957876"
  },
  {
    "ID Number": "2935244"
  },
  {
    "ID Number": "2923289"
  },
  {
    "ID Number": "2917319"
  },
  {
    "ID Number": "2907615"
  },
  {
    "ID Number": "2902940"
  },
  {
    "ID Number": "2933764"
  },
  {
    "ID Number": "2963140"
  },
  {
    "ID Number": "2917343"
  },
  {
    "ID Number": "2926199"
  },
  {
    "ID Number": "2902230"
  },
  {
    "ID Number": "2952777"
  },
  {
    "ID Number": "2916711"
  },
  {
    "ID Number": "2929406"
  },
  {
    "ID Number": "2960591"
  },
  {
    "ID Number": "2927110"
  },
  {
    "ID Number": "2916118"
  },
  {
    "ID Number": "2929260"
  },
  {
    "ID Number": "2917700"
  },
  {
    "ID Number": "2902389"
  },
  {
    "ID Number": "2900971"
  },
  {
    "ID Number": "2952971"
  },
  {
    "ID Number": "2913720"
  },
  {
    "ID Number": "2944170"
  },
  {
    "ID Number": "2929988"
  },
  {
    "ID Number": "2902559"
  },
  {
    "ID Number": "2912627"
  },
  {
    "ID Number": "2900165"
  },
  {
    "ID Number": "2908336"
  },
  {
    "ID Number": "2905892"
  },
  {
    "ID Number": "2907917"
  },
  {
    "ID Number": "2942720"
  },
  {
    "ID Number": "2900173"
  },
  {
    "ID Number": "2933420"
  },
  {
    "ID Number": "2918641"
  },
  {
    "ID Number": "2939630"
  },
  {
    "ID Number": "2900645"
  },
  {
    "ID Number": "2932148"
  },
  {
    "ID Number": "2932156"
  },
  {
    "ID Number": "2932164"
  },
  {
    "ID Number": "2900432"
  },
  {
    "ID Number": "2919010"
  },
  {
    "ID Number": "2900815"
  },
  {
    "ID Number": "2912635"
  },
  {
    "ID Number": "2900777"
  },
  {
    "ID Number": "2937131"
  },
  {
    "ID Number": "2939878"
  },
  {
    "ID Number": "2931028"
  },
  {
    "ID Number": "2907402"
  },
  {
    "ID Number": "2938065"
  },
  {
    "ID Number": "2904608"
  },
  {
    "ID Number": "2902966"
  },
  {
    "ID Number": "2914999"
  },
  {
    "ID Number": "2912643"
  },
  {
    "ID Number": "2941473"
  },
  {
    "ID Number": "2962020"
  },
  {
    "ID Number": "2915405"
  },
  {
    "ID Number": "2929643"
  },
  {
    "ID Number": "2901447"
  },
  {
    "ID Number": "2900300"
  },
  {
    "ID Number": "2926687"
  },
  {
    "ID Number": "2905701"
  },
  {
    "ID Number": "2906660"
  },
  {
    "ID Number": "2902478"
  },
  {
    "ID Number": "2905574"
  },
  {
    "ID Number": "2905442"
  },
  {
    "ID Number": "2904101"
  },
  {
    "ID Number": "2924951"
  },
  {
    "ID Number": "2930501"
  },
  {
    "ID Number": "2924790"
  },
  {
    "ID Number": "2928140"
  },
  {
    "ID Number": "2932180"
  },
  {
    "ID Number": "2928744"
  },
  {
    "ID Number": "2927470"
  },
  {
    "ID Number": "2929376"
  },
  {
    "ID Number": "2927128"
  },
  {
    "ID Number": "2930994"
  },
  {
    "ID Number": "2915049"
  },
  {
    "ID Number": "2935040"
  },
  {
    "ID Number": "2903750"
  },
  {
    "ID Number": "2904047"
  },
  {
    "ID Number": "2967065"
  },
  {
    "ID Number": "2917718"
  },
  {
    "ID Number": "2905760"
  },
  {
    "ID Number": "2940469"
  },
  {
    "ID Number": "2908654"
  },
  {
    "ID Number": "2911795"
  },
  {
    "ID Number": "2931222"
  },
  {
    "ID Number": "2907755"
  },
  {
    "ID Number": "2929767"
  },
  {
    "ID Number": "2938545"
  },
  {
    "ID Number": "2945401"
  },
  {
    "ID Number": "2928469"
  },
  {
    "ID Number": "2939525"
  },
  {
    "ID Number": "2945908"
  },
  {
    "ID Number": "2903784"
  },
  {
    "ID Number": "2905434"
  },
  {
    "ID Number": "2938723"
  },
  {
    "ID Number": "2909820"
  },
  {
    "ID Number": "2906627"
  },
  {
    "ID Number": "2904187"
  },
  {
    "ID Number": "2945860"
  },
  {
    "ID Number": "2935252"
  },
  {
    "ID Number": "2946203"
  },
  {
    "ID Number": "2966328"
  },
  {
    "ID Number": "2918650"
  },
  {
    "ID Number": "2904128"
  },
  {
    "ID Number": "2904136"
  },
  {
    "ID Number": "2909570"
  },
  {
    "ID Number": "2948826"
  },
  {
    "ID Number": "2955539"
  },
  {
    "ID Number": "2935260"
  },
  {
    "ID Number": "2900785"
  },
  {
    "ID Number": "2915138"
  },
  {
    "ID Number": "2904144"
  },
  {
    "ID Number": "2904780"
  },
  {
    "ID Number": "2924803"
  },
  {
    "ID Number": "2911809"
  },
  {
    "ID Number": "2901684"
  },
  {
    "ID Number": "2962110"
  },
  {
    "ID Number": "2904810"
  },
  {
    "ID Number": "2921898"
  },
  {
    "ID Number": "2906759"
  },
  {
    "ID Number": "2931141"
  },
  {
    "ID Number": "2908697"
  },
  {
    "ID Number": "2909588"
  },
  {
    "ID Number": "2902281"
  },
  {
    "ID Number": "2935350"
  },
  {
    "ID Number": "2901730"
  },
  {
    "ID Number": "2927357"
  },
  {
    "ID Number": "2900068"
  },
  {
    "ID Number": "2919613"
  },
  {
    "ID Number": "2924463"
  },
  {
    "ID Number": "2958040"
  },
  {
    "ID Number": "2903393"
  },
  {
    "ID Number": "2905906"
  },
  {
    "ID Number": "2964589"
  },
  {
    "ID Number": "2964570"
  },
  {
    "ID Number": "2948290"
  },
  {
    "ID Number": "2917998"
  },
  {
    "ID Number": "2937506"
  },
  {
    "ID Number": "2907410"
  },
  {
    "ID Number": "2935813"
  },
  {
    "ID Number": "2924005"
  },
  {
    "ID Number": "2933276"
  },
  {
    "ID Number": "2914492"
  },
  {
    "ID Number": "2944677"
  },
  {
    "ID Number": "2901609"
  },
  {
    "ID Number": "2902346"
  },
  {
    "ID Number": "2950464"
  },
  {
    "ID Number": "2904624"
  },
  {
    "ID Number": "2940914"
  },
  {
    "ID Number": "2923025"
  },
  {
    "ID Number": "2900840"
  },
  {
    "ID Number": "2962934"
  },
  {
    "ID Number": "2932431"
  },
  {
    "ID Number": "2943727"
  },
  {
    "ID Number": "2944570"
  },
  {
    "ID Number": "2969092"
  },
  {
    "ID Number": "2906066"
  },
  {
    "ID Number": "2901692"
  },
  {
    "ID Number": "2953862"
  },
  {
    "ID Number": "2969947"
  },
  {
    "ID Number": "2923211"
  },
  {
    "ID Number": "2935830"
  },
  {
    "ID Number": "2911108"
  },
  {
    "ID Number": "2967049"
  },
  {
    "ID Number": "2948044"
  },
  {
    "ID Number": "2957698"
  },
  {
    "ID Number": "2952904"
  },
  {
    "ID Number": "2941937"
  },
  {
    "ID Number": "2905175"
  },
  {
    "ID Number": "2904632"
  },
  {
    "ID Number": "2912694"
  },
  {
    "ID Number": "2934060"
  },
  {
    "ID Number": "2949440"
  },
  {
    "ID Number": "2908387"
  },
  {
    "ID Number": "2915430"
  },
  {
    "ID Number": "2924285"
  },
  {
    "ID Number": "2936950"
  },
  {
    "ID Number": "2928876"
  },
  {
    "ID Number": "2950421"
  },
  {
    "ID Number": "2909596"
  },
  {
    "ID Number": "2912708"
  },
  {
    "ID Number": "2908522"
  },
  {
    "ID Number": "2910560"
  },
  {
    "ID Number": "2904721"
  },
  {
    "ID Number": "2913593"
  },
  {
    "ID Number": "2908239"
  },
  {
    "ID Number": "2944707"
  },
  {
    "ID Number": "2930838"
  },
  {
    "ID Number": "2911116"
  },
  {
    "ID Number": "2950308"
  },
  {
    "ID Number": "2908417"
  },
  {
    "ID Number": "2918005"
  },
  {
    "ID Number": "2918013"
  },
  {
    "ID Number": "2918021"
  },
  {
    "ID Number": "2913992"
  },
  {
    "ID Number": "2938588"
  },
  {
    "ID Number": "2901978"
  },
  {
    "ID Number": "2901528"
  },
  {
    "ID Number": "2911345"
  },
  {
    "ID Number": "2918030"
  },
  {
    "ID Number": "2909928"
  },
  {
    "ID Number": "2912724"
  },
  {
    "ID Number": "2924412"
  },
  {
    "ID Number": "2934990"
  },
  {
    "ID Number": "2941481"
  },
  {
    "ID Number": "2922045"
  },
  {
    "ID Number": "2933780"
  },
  {
    "ID Number": "2906465"
  },
  {
    "ID Number": "2949016"
  },
  {
    "ID Number": "2941287"
  },
  {
    "ID Number": "2911353"
  },
  {
    "ID Number": "2952408"
  },
  {
    "ID Number": "2904454"
  },
  {
    "ID Number": "2910624"
  },
  {
    "ID Number": "2966123"
  },
  {
    "ID Number": "2903725"
  },
  {
    "ID Number": "2952416"
  },
  {
    "ID Number": "2916592"
  },
  {
    "ID Number": "2900041"
  },
  {
    "ID Number": "2900270"
  },
  {
    "ID Number": "2906333"
  },
  {
    "ID Number": "2900220"
  },
  {
    "ID Number": "2900238"
  },
  {
    "ID Number": "2938499"
  },
  {
    "ID Number": "2926938"
  },
  {
    "ID Number": "2922410"
  },
  {
    "ID Number": "2940370"
  },
  {
    "ID Number": "2902133"
  },
  {
    "ID Number": "2969734"
  },
  {
    "ID Number": "2903709"
  },
  {
    "ID Number": "2922657"
  },
  {
    "ID Number": "2931087"
  },
  {
    "ID Number": "2905884"
  },
  {
    "ID Number": "2931125"
  },
  {
    "ID Number": "2908280"
  },
  {
    "ID Number": "2909081"
  },
  {
    "ID Number": "2911698"
  },
  {
    "ID Number": "2913496"
  },
  {
    "ID Number": "2913259"
  },
  {
    "ID Number": "2952920"
  },
  {
    "ID Number": "2941490"
  },
  {
    "ID Number": "2942046"
  },
  {
    "ID Number": "2900670"
  },
  {
    "ID Number": "2942330"
  },
  {
    "ID Number": "2905825"
  },
  {
    "ID Number": "2904152"
  },
  {
    "ID Number": "2929759"
  },
  {
    "ID Number": "2901056"
  },
  {
    "ID Number": "2923840"
  },
  {
    "ID Number": "2918048"
  },
  {
    "ID Number": "2908700"
  },
  {
    "ID Number": "2908247"
  },
  {
    "ID Number": "2926024"
  },
  {
    "ID Number": "2926784"
  },
  {
    "ID Number": "2960087"
  },
  {
    "ID Number": "2909839"
  },
  {
    "ID Number": "2902850"
  },
  {
    "ID Number": "2911817"
  },
  {
    "ID Number": "2932440"
  },
  {
    "ID Number": "2926946"
  },
  {
    "ID Number": "2908409"
  },
  {
    "ID Number": "2914794"
  },
  {
    "ID Number": "2907070"
  },
  {
    "ID Number": "2925117"
  },
  {
    "ID Number": "2944596"
  },
  {
    "ID Number": "2937328"
  },
  {
    "ID Number": "2914514"
  },
  {
    "ID Number": "2900319"
  },
  {
    "ID Number": "2932458"
  },
  {
    "ID Number": "2930277"
  },
  {
    "ID Number": "2967286"
  },
  {
    "ID Number": "2900980"
  },
  {
    "ID Number": "2937425"
  },
  {
    "ID Number": "2939177"
  },
  {
    "ID Number": "2959569"
  },
  {
    "ID Number": "2902257"
  },
  {
    "ID Number": "2929996"
  },
  {
    "ID Number": "2923440"
  },
  {
    "ID Number": "2907682"
  },
  {
    "ID Number": "2925753"
  },
  {
    "ID Number": "2935902"
  },
  {
    "ID Number": "2957094"
  },
  {
    "ID Number": "2910349"
  },
  {
    "ID Number": "2912732"
  },
  {
    "ID Number": "2912740"
  },
  {
    "ID Number": "2948915"
  },
  {
    "ID Number": "2919265"
  },
  {
    "ID Number": "2926067"
  },
  {
    "ID Number": "2902877"
  },
  {
    "ID Number": "2926717"
  },
  {
    "ID Number": "2905655"
  },
  {
    "ID Number": "2911485"
  },
  {
    "ID Number": "2901404"
  },
  {
    "ID Number": "2907941"
  },
  {
    "ID Number": "2911493"
  },
  {
    "ID Number": "2904373"
  },
  {
    "ID Number": "2905485"
  },
  {
    "ID Number": "2904578"
  },
  {
    "ID Number": "2903180"
  },
  {
    "ID Number": "2905914"
  },
  {
    "ID Number": "2929430"
  },
  {
    "ID Number": "2954036"
  },
  {
    "ID Number": "2939258"
  },
  {
    "ID Number": "2942364"
  },
  {
    "ID Number": "2930005"
  },
  {
    "ID Number": "2954273"
  },
  {
    "ID Number": "2923947"
  },
  {
    "ID Number": "2939185"
  },
  {
    "ID Number": "2925125"
  },
  {
    "ID Number": "2962578"
  },
  {
    "ID Number": "2923238"
  },
  {
    "ID Number": "2929570"
  },
  {
    "ID Number": "2916258"
  },
  {
    "ID Number": "2927373"
  },
  {
    "ID Number": "2902982"
  },
  {
    "ID Number": "2906473"
  },
  {
    "ID Number": "2917734"
  },
  {
    "ID Number": "2951584"
  },
  {
    "ID Number": "2926725"
  },
  {
    "ID Number": "2957965"
  },
  {
    "ID Number": "2965720"
  },
  {
    "ID Number": "2925672"
  },
  {
    "ID Number": "2925990"
  },
  {
    "ID Number": "2930420"
  },
  {
    "ID Number": "2922053"
  },
  {
    "ID Number": "2907607"
  },
  {
    "ID Number": "2910918"
  },
  {
    "ID Number": "2915448"
  },
  {
    "ID Number": "2904160"
  },
  {
    "ID Number": "2922673"
  },
  {
    "ID Number": "2921154"
  },
  {
    "ID Number": "2939649"
  },
  {
    "ID Number": "2939240"
  },
  {
    "ID Number": "2915022"
  },
  {
    "ID Number": "2917173"
  },
  {
    "ID Number": "2913607"
  },
  {
    "ID Number": "2922266"
  },
  {
    "ID Number": "2947110"
  },
  {
    "ID Number": "2918056"
  },
  {
    "ID Number": "2947129"
  },
  {
    "ID Number": "2961490"
  },
  {
    "ID Number": "2954613"
  },
  {
    "ID Number": "2943573"
  },
  {
    "ID Number": "2956357"
  },
  {
    "ID Number": "2929120"
  },
  {
    "ID Number": "2910233"
  },
  {
    "ID Number": "2939703"
  },
  {
    "ID Number": "2923920"
  },
  {
    "ID Number": "2912759"
  },
  {
    "ID Number": "2900998"
  },
  {
    "ID Number": "2906279"
  },
  {
    "ID Number": "2915456"
  },
  {
    "ID Number": "2945363"
  },
  {
    "ID Number": "2903997"
  },
  {
    "ID Number": "2924439"
  },
  {
    "ID Number": "2914522"
  },
  {
    "ID Number": "2969114"
  },
  {
    "ID Number": "2933128"
  },
  {
    "ID Number": "2944073"
  },
  {
    "ID Number": "2906120"
  },
  {
    "ID Number": "2908450"
  },
  {
    "ID Number": "2903415"
  },
  {
    "ID Number": "2904179"
  },
  {
    "ID Number": "2923955"
  },
  {
    "ID Number": "2900823"
  },
  {
    "ID Number": "2946220"
  },
  {
    "ID Number": "2960850"
  },
  {
    "ID Number": "2943476"
  },
  {
    "ID Number": "2945797"
  },
  {
    "ID Number": "2924293"
  },
  {
    "ID Number": "2962446"
  },
  {
    "ID Number": "2904004"
  },
  {
    "ID Number": "2947510"
  },
  {
    "ID Number": "2904195"
  },
  {
    "ID Number": "2953943"
  },
  {
    "ID Number": "2907275"
  },
  {
    "ID Number": "2939398"
  },
  {
    "ID Number": "2907950"
  },
  {
    "ID Number": "2926334"
  },
  {
    "ID Number": "2935635"
  },
  {
    "ID Number": "2922452"
  },
  {
    "ID Number": "2943956"
  },
  {
    "ID Number": "2924501"
  },
  {
    "ID Number": "2934671"
  },
  {
    "ID Number": "2925397"
  },
  {
    "ID Number": "2940990"
  },
  {
    "ID Number": "2918811"
  },
  {
    "ID Number": "2918331"
  },
  {
    "ID Number": "2905124"
  },
  {
    "ID Number": "2934132"
  },
  {
    "ID Number": "2908719"
  },
  {
    "ID Number": "2901064"
  },
  {
    "ID Number": "2912783"
  },
  {
    "ID Number": "2904209"
  },
  {
    "ID Number": "2927276"
  },
  {
    "ID Number": "2927284"
  },
  {
    "ID Number": "2936895"
  },
  {
    "ID Number": "2911825"
  },
  {
    "ID Number": "2901005"
  },
  {
    "ID Number": "2969521"
  },
  {
    "ID Number": "2909090"
  },
  {
    "ID Number": "2925133"
  },
  {
    "ID Number": "2901870"
  },
  {
    "ID Number": "2903350"
  },
  {
    "ID Number": "2935562"
  },
  {
    "ID Number": "2917475"
  },
  {
    "ID Number": "2961148"
  },
  {
    "ID Number": "2915502"
  },
  {
    "ID Number": "2904241"
  },
  {
    "ID Number": "2913534"
  },
  {
    "ID Number": "2948990"
  },
  {
    "ID Number": "2934213"
  },
  {
    "ID Number": "2903067"
  },
  {
    "ID Number": "2903652"
  },
  {
    "ID Number": "2901617"
  },
  {
    "ID Number": "2916010"
  },
  {
    "ID Number": "2957639"
  },
  {
    "ID Number": "2901196"
  },
  {
    "ID Number": "2907011"
  },
  {
    "ID Number": "2906350"
  },
  {
    "ID Number": "2916479"
  },
  {
    "ID Number": "2957680"
  },
  {
    "ID Number": "2900521"
  },
  {
    "ID Number": "2903385"
  },
  {
    "ID Number": "2933446"
  },
  {
    "ID Number": "2910357"
  },
  {
    "ID Number": "2915030"
  },
  {
    "ID Number": "2921464"
  },
  {
    "ID Number": "2937492"
  },
  {
    "ID Number": "2933284"
  },
  {
    "ID Number": "2900688"
  },
  {
    "ID Number": "2925494"
  },
  {
    "ID Number": "2926202"
  },
  {
    "ID Number": "2911540"
  },
  {
    "ID Number": "2911833"
  },
  {
    "ID Number": "2925923"
  },
  {
    "ID Number": "2933454"
  },
  {
    "ID Number": "2935457"
  },
  {
    "ID Number": "2906007"
  },
  {
    "ID Number": "2912805"
  },
  {
    "ID Number": "2918340"
  },
  {
    "ID Number": "2954753"
  },
  {
    "ID Number": "2916835"
  },
  {
    "ID Number": "2955962"
  },
  {
    "ID Number": "2947153"
  },
  {
    "ID Number": "2908964"
  },
  {
    "ID Number": "2942240"
  },
  {
    "ID Number": "2901722"
  },
  {
    "ID Number": "2924056"
  },
  {
    "ID Number": "2958066"
  },
  {
    "ID Number": "2944090"
  },
  {
    "ID Number": "2947714"
  },
  {
    "ID Number": "2956209"
  },
  {
    "ID Number": "2900491"
  },
  {
    "ID Number": "2962284"
  },
  {
    "ID Number": "2918617"
  },
  {
    "ID Number": "2955040"
  },
  {
    "ID Number": "2900084"
  },
  {
    "ID Number": "2935821"
  },
  {
    "ID Number": "2903083"
  },
  {
    "ID Number": "2942259"
  },
  {
    "ID Number": "2910780"
  },
  {
    "ID Number": "2900122"
  },
  {
    "ID Number": "2944758"
  },
  {
    "ID Number": "2902087"
  },
  {
    "ID Number": "2951959"
  },
  {
    "ID Number": "2935171"
  },
  {
    "ID Number": "2906546"
  },
  {
    "ID Number": "2904594"
  },
  {
    "ID Number": "2924960"
  },
  {
    "ID Number": "2944120"
  },
  {
    "ID Number": "2900386"
  },
  {
    "ID Number": "2903369"
  },
  {
    "ID Number": "2910616"
  },
  {
    "ID Number": "2962250"
  },
  {
    "ID Number": "2909022"
  },
  {
    "ID Number": "2913887"
  },
  {
    "ID Number": "2919486"
  },
  {
    "ID Number": "2916282"
  },
  {
    "ID Number": "2916487"
  },
  {
    "ID Number": "2902192"
  },
  {
    "ID Number": "2903105"
  },
  {
    "ID Number": "2924978"
  },
  {
    "ID Number": "2908581"
  },
  {
    "ID Number": "2908476"
  },
  {
    "ID Number": "2937832"
  },
  {
    "ID Number": "2918897"
  },
  {
    "ID Number": "2909642"
  },
  {
    "ID Number": "2916606"
  },
  {
    "ID Number": "2909030"
  },
  {
    "ID Number": "2924021"
  },
  {
    "ID Number": "2938804"
  },
  {
    "ID Number": "2909049"
  },
  {
    "ID Number": "2945274"
  },
  {
    "ID Number": "2930021"
  },
  {
    "ID Number": "2905205"
  },
  {
    "ID Number": "2951975"
  },
  {
    "ID Number": "2911167"
  },
  {
    "ID Number": "2901951"
  },
  {
    "ID Number": "2914867"
  },
  {
    "ID Number": "2935961"
  },
  {
    "ID Number": "2927152"
  },
  {
    "ID Number": "2917149"
  },
  {
    "ID Number": "2962349"
  },
  {
    "ID Number": "2943930"
  },
  {
    "ID Number": "2901455"
  },
  {
    "ID Number": "2927160"
  },
  {
    "ID Number": "2900831"
  },
  {
    "ID Number": "2916827"
  },
  {
    "ID Number": "2929074"
  },
  {
    "ID Number": "2955547"
  },
  {
    "ID Number": "2959186"
  },
  {
    "ID Number": "2908425"
  },
  {
    "ID Number": "2906651"
  },
  {
    "ID Number": "2919141"
  },
  {
    "ID Number": "2941082"
  },
  {
    "ID Number": "2905051"
  },
  {
    "ID Number": "2905850"
  },
  {
    "ID Number": "2963310"
  },
  {
    "ID Number": "2936992"
  },
  {
    "ID Number": "2916134"
  },
  {
    "ID Number": "2933772"
  },
  {
    "ID Number": "2940353"
  },
  {
    "ID Number": "2947773"
  },
  {
    "ID Number": "2914875"
  },
  {
    "ID Number": "2929384"
  },
  {
    "ID Number": "2901536"
  },
  {
    "ID Number": "2904748"
  },
  {
    "ID Number": "2908727"
  },
  {
    "ID Number": "2924811"
  },
  {
    "ID Number": "2929589"
  },
  {
    "ID Number": "2926075"
  },
  {
    "ID Number": "2926083"
  },
  {
    "ID Number": "2937352"
  },
  {
    "ID Number": "2937751"
  },
  {
    "ID Number": "2915480"
  },
  {
    "ID Number": "2953536"
  },
  {
    "ID Number": "2937840"
  },
  {
    "ID Number": "2937360"
  },
  {
    "ID Number": "2944782"
  },
  {
    "ID Number": "2915707"
  },
  {
    "ID Number": "2933993"
  },
  {
    "ID Number": "2929007"
  },
  {
    "ID Number": "2906376"
  },
  {
    "ID Number": "2905817"
  },
  {
    "ID Number": "2909855"
  },
  {
    "ID Number": "2914336"
  },
  {
    "ID Number": "2926962"
  },
  {
    "ID Number": "2917025"
  },
  {
    "ID Number": "2907283"
  },
  {
    "ID Number": "2936682"
  },
  {
    "ID Number": "2918625"
  },
  {
    "ID Number": "2918790"
  },
  {
    "ID Number": "2904063"
  },
  {
    "ID Number": "2958422"
  },
  {
    "ID Number": "2905531"
  },
  {
    "ID Number": "2905507"
  },
  {
    "ID Number": "2909618"
  },
  {
    "ID Number": "2901013"
  },
  {
    "ID Number": "2903091"
  },
  {
    "ID Number": "2917505"
  },
  {
    "ID Number": "2940957"
  },
  {
    "ID Number": "2921502"
  },
  {
    "ID Number": "2910179"
  },
  {
    "ID Number": "2931230"
  },
  {
    "ID Number": "2947536"
  },
  {
    "ID Number": "2905094"
  },
  {
    "ID Number": "2909367"
  },
  {
    "ID Number": "2966450"
  },
  {
    "ID Number": "2913283"
  },
  {
    "ID Number": "2953919"
  },
  {
    "ID Number": "2904012"
  },
  {
    "ID Number": "2917157"
  },
  {
    "ID Number": "2923068"
  },
  {
    "ID Number": "2933896"
  },
  {
    "ID Number": "2932768"
  },
  {
    "ID Number": "2903628"
  },
  {
    "ID Number": "2900912"
  },
  {
    "ID Number": "2925001"
  },
  {
    "ID Number": "2909863"
  },
  {
    "ID Number": "2927179"
  },
  {
    "ID Number": "2906910"
  },
  {
    "ID Number": "2906317"
  },
  {
    "ID Number": "2904314"
  },
  {
    "ID Number": "2941953"
  },
  {
    "ID Number": "2905965"
  },
  {
    "ID Number": "2903040"
  },
  {
    "ID Number": "2934531"
  },
  {
    "ID Number": "2902060"
  },
  {
    "ID Number": "2908441"
  },
  {
    "ID Number": "2923351"
  },
  {
    "ID Number": "2906600"
  },
  {
    "ID Number": "2961547"
  },
  {
    "ID Number": "2904250"
  },
  {
    "ID Number": "2910829"
  },
  {
    "ID Number": "2917513"
  },
  {
    "ID Number": "2909197"
  },
  {
    "ID Number": "2916800"
  },
  {
    "ID Number": "2925532"
  },
  {
    "ID Number": "2913895"
  },
  {
    "ID Number": "2902001"
  },
  {
    "ID Number": "2924315"
  },
  {
    "ID Number": "2912830"
  },
  {
    "ID Number": "2906481"
  },
  {
    "ID Number": "2901021"
  },
  {
    "ID Number": "2944618"
  },
  {
    "ID Number": "2903210"
  },
  {
    "ID Number": "2907097"
  },
  {
    "ID Number": "2953927"
  },
  {
    "ID Number": "2935198"
  },
  {
    "ID Number": "2913755"
  },
  {
    "ID Number": "2927187"
  },
  {
    "ID Number": "2923904"
  },
  {
    "ID Number": "2932474"
  },
  {
    "ID Number": "2900149"
  },
  {
    "ID Number": "2912856"
  },
  {
    "ID Number": "2919648"
  },
  {
    "ID Number": "2960044"
  },
  {
    "ID Number": "2927500"
  },
  {
    "ID Number": "2909987"
  },
  {
    "ID Number": "2965143"
  },
  {
    "ID Number": "2950634"
  },
  {
    "ID Number": "2905680"
  },
  {
    "ID Number": "2913291"
  },
  {
    "ID Number": "2912864"
  },
  {
    "ID Number": "2904322"
  },
  {
    "ID Number": "2952289"
  },
  {
    "ID Number": "2906899"
  },
  {
    "ID Number": "2931885"
  },
  {
    "ID Number": "2907763"
  },
  {
    "ID Number": "2918072"
  },
  {
    "ID Number": "2904667"
  },
  {
    "ID Number": "2932482"
  },
  {
    "ID Number": "2906210"
  },
  {
    "ID Number": "2902524"
  },
  {
    "ID Number": "2971194"
  },
  {
    "ID Number": "2907038"
  },
  {
    "ID Number": "2923254"
  },
  {
    "ID Number": "2939401"
  },
  {
    "ID Number": "2951398"
  },
  {
    "ID Number": "2908735"
  },
  {
    "ID Number": "2908310"
  },
  {
    "ID Number": "2926342"
  },
  {
    "ID Number": "2908590"
  },
  {
    "ID Number": "2945380"
  },
  {
    "ID Number": "2908743"
  },
  {
    "ID Number": "2900602"
  },
  {
    "ID Number": "2958309"
  },
  {
    "ID Number": "2911191"
  },
  {
    "ID Number": "2908867"
  },
  {
    "ID Number": "2922185"
  },
  {
    "ID Number": "2903431"
  },
  {
    "ID Number": "34674284"
  },
  {
    "ID Number": "2909901"
  },
  {
    "ID Number": "2956721"
  },
  {
    "ID Number": "2969084"
  },
  {
    "ID Number": "2935910"
  },
  {
    "ID Number": "2940760"
  },
  {
    "ID Number": "2941317"
  },
  {
    "ID Number": "2938693"
  },
  {
    "ID Number": "2917017"
  },
  {
    "ID Number": "2910756"
  },
  {
    "ID Number": "2921529"
  },
  {
    "ID Number": "2910110"
  },
  {
    "ID Number": "2929597"
  },
  {
    "ID Number": "2929015"
  },
  {
    "ID Number": "2913313"
  },
  {
    "ID Number": "2925540"
  },
  {
    "ID Number": "2931176"
  },
  {
    "ID Number": "2939193"
  },
  {
    "ID Number": "2925249"
  },
  {
    "ID Number": "2912880"
  },
  {
    "ID Number": "2959518"
  },
  {
    "ID Number": "2916940"
  },
  {
    "ID Number": "2937719"
  },
  {
    "ID Number": "2922690"
  },
  {
    "ID Number": "2923750"
  },
  {
    "ID Number": "2916169"
  },
  {
    "ID Number": "2911701"
  },
  {
    "ID Number": "2936160"
  },
  {
    "ID Number": "2936917"
  },
  {
    "ID Number": "2924846"
  },
  {
    "ID Number": "2961520"
  },
  {
    "ID Number": "2905272"
  },
  {
    "ID Number": "2951606"
  },
  {
    "ID Number": "2918927"
  },
  {
    "ID Number": "2931109"
  },
  {
    "ID Number": "2928590"
  },
  {
    "ID Number": "2906163"
  },
  {
    "ID Number": "2907445"
  },
  {
    "ID Number": "2933292"
  },
  {
    "ID Number": "2939410"
  },
  {
    "ID Number": "2919656"
  },
  {
    "ID Number": "2955989"
  },
  {
    "ID Number": "2904330"
  },
  {
    "ID Number": "2920395"
  },
  {
    "ID Number": "2936275"
  },
  {
    "ID Number": "2905108"
  },
  {
    "ID Number": "2901420"
  },
  {
    "ID Number": "2921588"
  },
  {
    "ID Number": "2907534"
  },
  {
    "ID Number": "2905795"
  },
  {
    "ID Number": "2932520"
  },
  {
    "ID Number": "2936470"
  },
  {
    "ID Number": "2918528"
  },
  {
    "ID Number": "2903806"
  },
  {
    "ID Number": "2919664"
  },
  {
    "ID Number": "2944383"
  },
  {
    "ID Number": "2900289"
  },
  {
    "ID Number": "2932539"
  },
  {
    "ID Number": "2901927"
  },
  {
    "ID Number": "2937140"
  },
  {
    "ID Number": "2927829"
  },
  {
    "ID Number": "2928205"
  },
  {
    "ID Number": "2928213"
  },
  {
    "ID Number": "2908603"
  },
  {
    "ID Number": "2941325"
  },
  {
    "ID Number": "2913623"
  },
  {
    "ID Number": "2934248"
  },
  {
    "ID Number": "2903377"
  },
  {
    "ID Number": "2905329"
  },
  {
    "ID Number": "2921600"
  },
  {
    "ID Number": "2958082"
  },
  {
    "ID Number": "2959798"
  },
  {
    "ID Number": "2907631"
  },
  {
    "ID Number": "2939207"
  },
  {
    "ID Number": "2956977"
  },
  {
    "ID Number": "2901161"
  },
  {
    "ID Number": "2956969"
  },
  {
    "ID Number": "2928604"
  },
  {
    "ID Number": "2938820"
  },
  {
    "ID Number": "2904365"
  },
  {
    "ID Number": "2947552"
  },
  {
    "ID Number": "2926733"
  },
  {
    "ID Number": "2948370"
  },
  {
    "ID Number": "2931737"
  },
  {
    "ID Number": "2923912"
  },
  {
    "ID Number": "2933152"
  },
  {
    "ID Number": "2907135"
  },
  {
    "ID Number": "2904675"
  },
  {
    "ID Number": "2941058"
  },
  {
    "ID Number": "2953790"
  },
  {
    "ID Number": "2902303"
  },
  {
    "ID Number": "2955423"
  },
  {
    "ID Number": "2921294"
  },
  {
    "ID Number": "2921308"
  },
  {
    "ID Number": "2928868"
  },
  {
    "ID Number": "2900467"
  },
  {
    "ID Number": "2961687"
  },
  {
    "ID Number": "2959119"
  },
  {
    "ID Number": "2904403"
  }
]