[
  {
    "ID Number": "22001832",
    "Name": "Akaak, Mohammed",
    "Fed": "OMA",
    "Sex": "M",
    "Title": "",
    "WTit": "",
    "OTit": "",
    "FOA": "1465",
    "Rating": "AUG25",
    "Gms": "0",
    "K": "40",
    "B-day": "1975",
    "Flag": "i"
  },
  {
    "ID Number": "22004025",
    "Name": "Al Aamri, Abdallah",
    "Fed": "OMA",
    "Sex": "M",
    "Title": "",
    "WTit": "",
    "OTit": "",
    "FOA": "AFM",
    "Rating": "AUG25",
    "Gms": "1628",
    "K": "0",
    "B-day": "1997",
    "Flag": ""
  },
  {
    "ID Number": "22020152",
    "Name": "Al Abdul Sallam, Abdallah",
    "Fed": "OMA",
    "Sex": "M",
    "Title": "",
    "WTit": "",
    "OTit": "",
    "FOA": "1529",
    "Rating": "AUG25",
    "Gms": "0",
    "K": "40",
    "B-day": "1993",
    "Flag": "i"
  },
  {
    "ID Number": "22020144",
    "Name": "Al Abdul Sallam, Ahmed",
    "Fed": "OMA",
    "Sex": "M",
    "Title": "",
    "WTit": "",
    "OTit": "",
    "FOA": "1494",
    "Rating": "AUG25",
    "Gms": "0",
    "K": "40",
    "B-day": "1991",
    "Flag": "i"
  },
  {
    "ID Number": "22012320",
    "Name": "Al Abri, Ahmed Hamad",
    "Fed": "OMA",
    "Sex": "M",
    "Title": "",
    "WTit": "",
    "OTit": "",
    "FOA": "1539",
    "Rating": "AUG25",
    "Gms": "0",
    "K": "40",
    "B-day": "2004",
    "Flag": "i"
  },
  {
    "ID Number": "22011897",
    "Name": "Al Abri, Almoatasim",
    "Fed": "OMA",
    "Sex": "M",
    "Title": "",
    "WTit": "",
    "OTit": "",
    "FOA": "1550",
    "Rating": "AUG25",
    "Gms": "0",
    "K": "40",
    "B-day": "1999",
    "Flag": ""
  },
  {
    "ID Number": "22003231",
    "Name": "Al abri. Hamood",
    "Fed": "OMA",
    "Sex": "M",
    "Title": "",
    "WTit": "",
    "OTit": "",
    "FOA": "1521",
    "Rating": "AUG25",
    "Gms": "0",
    "K": "40",
    "B-day": "1976",
    "Flag": "i"
  },
  {
    "ID Number": "22004017",
    "Name": "Al Adawi, Abdullah",
    "Fed": "OMA",
    "Sex": "M",
    "Title": "",
    "WTit": "",
    "OTit": "",
    "FOA": "1665",
    "Rating": "AUG25",
    "Gms": "0",
    "K": "40",
    "B-day": "1993",
    "Flag": "i"
  },
  {
    "ID Number": "22012290",
    "Name": "Al Adawi, Ibraheem",
    "Fed": "OMA",
    "Sex": "M",
    "Title": "",
    "WTit": "",
    "OTit": "",
    "FOA": "1604",
    "Rating": "AUG25",
    "Gms": "0",
    "K": "40",
    "B-day": "2004",
    "Flag": "i"
  },
  {
    "ID Number": "22004483",
    "Name": "Al Adawi, Mohammed",
    "Fed": "OMA",
    "Sex": "M",
    "Title": "",
    "WTit": "",
    "OTit": "",
    "FOA": "1591",
    "Rating": "AUG25",
    "Gms": "0",
    "K": "40",
    "B-day": "1995",
    "Flag": "i"
  },
  {
    "ID Number": "22009752",
    "Name": "Al Aisaee, Anat",
    "Fed": "OMA",
    "Sex": "F",
    "Title": "",
    "WTit": "",
    "OTit": "",
    "FOA": "1656",
    "Rating": "AUG25",
    "Gms": "6",
    "K": "20",
    "B-day": "1992",
    "Flag": "w"
  },
  {
    "ID Number": "22005927",
    "Name": "Al Aisaee, Mohammad",
    "Fed": "OMA",
    "Sex": "M",
    "Title": "",
    "WTit": "",
    "OTit": "",
    "FOA": "1606",
    "Rating": "AUG25",
    "Gms": "0",
    "K": "40",
    "B-day": "2005",
    "Flag": "i"
  },
  {
    "ID Number": "22005900",
    "Name": "Al Aisaee, Yousuf",
    "Fed": "OMA",
    "Sex": "M",
    "Title": "",
    "WTit": "",
    "OTit": "",
    "FOA": "1606",
    "Rating": "AUG25",
    "Gms": "0",
    "K": "40",
    "B-day": "2003",
    "Flag": "i"
  },
  {
    "ID Number": "22004343",
    "Name": "Al Alawi, Omar Saleh",
    "Fed": "OMA",
    "Sex": "M",
    "Title": "",
    "WTit": "",
    "OTit": "",
    "FOA": "1558",
    "Rating": "AUG25",
    "Gms": "0",
    "K": "40",
    "B-day": "1978",
    "Flag": "i"
  },
  {
    "ID Number": "22004297",
    "Name": "Al Amari, Mohammed",
    "Fed": "OMA",
    "Sex": "M",
    "Title": "",
    "WTit": "",
    "OTit": "",
    "FOA": "1809",
    "Rating": "AUG25",
    "Gms": "0",
    "K": "20",
    "B-day": "1991",
    "Flag": ""
  },
  {
    "ID Number": "22008250",
    "Name": "Al Amori, Mubarak",
    "Fed": "OMA",
    "Sex": "M",
    "Title": "",
    "WTit": "",
    "OTit": "",
    "FOA": "1710",
    "Rating": "AUG25",
    "Gms": "0",
    "K": "40",
    "B-day": "1987",
    "Flag": "i"
  },
  {
    "ID Number": "22025111",
    "Name": "Al Amri, Abdullah Ahmed",
    "Fed": "OMA",
    "Sex": "M",
    "Title": "",
    "WTit": "",
    "OTit": "",
    "FOA": "1542",
    "Rating": "AUG25",
    "Gms": "0",
    "K": "40",
    "B-day": "1996",
    "Flag": "i"
  },
  {
    "ID Number": "22027297",
    "Name": "Al Amri, Al Azhar",
    "Fed": "OMA",
    "Sex": "M",
    "Title": "",
    "WTit": "",
    "OTit": "",
    "FOA": "1665",
    "Rating": "AUG25",
    "Gms": "0",
    "K": "40",
    "B-day": "2000",
    "Flag": ""
  },
  {
    "ID Number": "22025103",
    "Name": "Al Amri, Al Khlil",
    "Fed": "OMA",
    "Sex": "M",
    "Title": "",
    "WTit": "",
    "OTit": "",
    "FOA": "1695",
    "Rating": "AUG25",
    "Gms": "0",
    "K": "40",
    "B-day": "2000",
    "Flag": "i"
  },
  {
    "ID Number": "22004319",
    "Name": "Al Amri, Mahad",
    "Fed": "OMA",
    "Sex": "M",
    "Title": "",
    "WTit": "",
    "OTit": "",
    "FOA": "1747",
    "Rating": "AUG25",
    "Gms": "0",
    "K": "20",
    "B-day": "1992",
    "Flag": ""
  },
  {
    "ID Number": "22006893",
    "Name": "Al Amri, Mahad Suhail",
    "Fed": "OMA",
    "Sex": "M",
    "Title": "",
    "WTit": "",
    "OTit": "",
    "FOA": "1696",
    "Rating": "AUG25",
    "Gms": "0",
    "K": "40",
    "B-day": "1993",
    "Flag": "i"
  },
  {
    "ID Number": "22000380",
    "Name": "Al Amri, Mohammed A",
    "Fed": "OMA",
    "Sex": "M",
    "Title": "",
    "WTit": "",
    "OTit": "",
    "FOA": "1805",
    "Rating": "AUG25",
    "Gms": "0",
    "K": "20",
    "B-day": "1981",
    "Flag": ""
  },
  {
    "ID Number": "22006710",
    "Name": "Al Amri, Mohmmed Ali",
    "Fed": "OMA",
    "Sex": "M",
    "Title": "",
    "WTit": "",
    "OTit": "",
    "FOA": "1601",
    "Rating": "AUG25",
    "Gms": "0",
    "K": "40",
    "B-day": "1997",
    "Flag": ""
  },
  {
    "ID Number": "22008462",
    "Name": "Al Ansari, Ahmed",
    "Fed": "OMA",
    "Sex": "M",
    "Title": "",
    "WTit": "",
    "OTit": "",
    "FOA": "1440",
    "Rating": "AUG25",
    "Gms": "0",
    "K": "40",
    "B-day": "2007",
    "Flag": "i"
  },
  {
    "ID Number": "22008314",
    "Name": "Al Ansari, Mohammed",
    "Fed": "OMA",
    "Sex": "M",
    "Title": "",
    "WTit": "",
    "OTit": "",
    "FOA": "1447",
    "Rating": "AUG25",
    "Gms": "0",
    "K": "40",
    "B-day": "2008",
    "Flag": "i"
  },
  {
    "ID Number": "22000054",
    "Name": "Al Ansi Amin",
    "Fed": "OMA",
    "Sex": "M",
    "Title": "",
    "WTit": "",
    "OTit": "",
    "FOA": "1812",
    "Rating": "AUG25",
    "Gms": "0",
    "K": "20",
    "B-day": "1973",
    "Flag": ""
  },
  {
    "ID Number": "22012869",
    "Name": "Al Azri, Ibrahim",
    "Fed": "OMA",
    "Sex": "M",
    "Title": "",
    "WTit": "",
    "OTit": "",
    "FOA": "1659",
    "Rating": "AUG25",
    "Gms": "0",
    "K": "40",
    "B-day": "1993",
    "Flag": "i"
  },
  {
    "ID Number": "22021760",
    "Name": "Al Badi, Mohammed Issa",
    "Fed": "OMA",
    "Sex": "M",
    "Title": "",
    "WTit": "",
    "OTit": "",
    "FOA": "1493",
    "Rating": "AUG25",
    "Gms": "0",
    "K": "40",
    "B-day": "1969",
    "Flag": ""
  },
  {
    "ID Number": "22001603",
    "Name": "Al Badi, Mohammed najeem",
    "Fed": "OMA",
    "Sex": "M",
    "Title": "",
    "WTit": "",
    "OTit": "",
    "FOA": "1650",
    "Rating": "AUG25",
    "Gms": "0",
    "K": "40",
    "B-day": "1969",
    "Flag": "i"
  },
  {
    "ID Number": "22022929",
    "Name": "Al Bakri, Ziyad Saleh",
    "Fed": "OMA",
    "Sex": "M",
    "Title": "",
    "WTit": "",
    "OTit": "",
    "FOA": "1540",
    "Rating": "AUG25",
    "Gms": "4",
    "K": "40",
    "B-day": "2005",
    "Flag": ""
  },
  {
    "ID Number": "22016538",
    "Name": "Al Balushi, Abdul Muaeen",
    "Fed": "OMA",
    "Sex": "M",
    "Title": "",
    "WTit": "",
    "OTit": "",
    "FOA": "1569",
    "Rating": "AUG25",
    "Gms": "0",
    "K": "40",
    "B-day": "1997",
    "Flag": "i"
  },
  {
    "ID Number": "22003053",
    "Name": "Al Balushi, Abdul Razak",
    "Fed": "OMA",
    "Sex": "M",
    "Title": "",
    "WTit": "",
    "OTit": "",
    "FOA": "1746",
    "Rating": "AUG25",
    "Gms": "0",
    "K": "40",
    "B-day": "1970",
    "Flag": "i"
  },
  {
    "ID Number": "22011587",
    "Name": "Al Balushi, Abdulaziz",
    "Fed": "OMA",
    "Sex": "M",
    "Title": "",
    "WTit": "",
    "OTit": "",
    "FOA": "1710",
    "Rating": "AUG25",
    "Gms": "0",
    "K": "40",
    "B-day": "1987",
    "Flag": "i"
  },
  {
    "ID Number": "22010440",
    "Name": "Al Balushi, Abdullah Ali",
    "Fed": "OMA",
    "Sex": "M",
    "Title": "",
    "WTit": "",
    "OTit": "",
    "FOA": "1491",
    "Rating": "AUG25",
    "Gms": "0",
    "K": "40",
    "B-day": "2008",
    "Flag": "i"
  },
  {
    "ID Number": "22018034",
    "Name": "Al Balushi, Abdulmonem",
    "Fed": "OMA",
    "Sex": "M",
    "Title": "",
    "WTit": "",
    "OTit": "",
    "FOA": "1431",
    "Rating": "AUG25",
    "Gms": "0",
    "K": "40",
    "B-day": "2001",
    "Flag": "i"
  },
  {
    "ID Number": "22000321",
    "Name": "Al Balushi, Afra",
    "Fed": "OMA",
    "Sex": "F",
    "Title": "",
    "WTit": "",
    "OTit": "",
    "FOA": "1550",
    "Rating": "AUG25",
    "Gms": "0",
    "K": "40",
    "B-day": "1989",
    "Flag": "wi"
  },
  {
    "ID Number": "22020098",
    "Name": "Al Balushi, Ahmed M H",
    "Fed": "OMA",
    "Sex": "M",
    "Title": "",
    "WTit": "",
    "OTit": "",
    "FOA": "1450",
    "Rating": "AUG25",
    "Gms": "0",
    "K": "40",
    "B-day": "1969",
    "Flag": "i"
  },
  {
    "ID Number": "22008276",
    "Name": "Al Balushi, Ahmed Mohamed",
    "Fed": "OMA",
    "Sex": "M",
    "Title": "",
    "WTit": "",
    "OTit": "",
    "FOA": "1551",
    "Rating": "AUG25",
    "Gms": "0",
    "K": "20",
    "B-day": "1969",
    "Flag": ""
  },
  {
    "ID Number": "22006206",
    "Name": "Al Balushi, Ahmed Mohammed",
    "Fed": "OMA",
    "Sex": "M",
    "Title": "",
    "WTit": "",
    "OTit": "",
    "FOA": "1652",
    "Rating": "AUG25",
    "Gms": "0",
    "K": "20",
    "B-day": "1992",
    "Flag": "i"
  },
  {
    "ID Number": "22008667",
    "Name": "Al Balushi, Ahmed Murad",
    "Fed": "OMA",
    "Sex": "M",
    "Title": "",
    "WTit": "",
    "OTit": "",
    "FOA": "1695",
    "Rating": "AUG25",
    "Gms": "0",
    "K": "40",
    "B-day": "1979",
    "Flag": "i"
  },
  {
    "ID Number": "22022821",
    "Name": "Al Balushi, Ali Hassan",
    "Fed": "OMA",
    "Sex": "M",
    "Title": "",
    "WTit": "",
    "OTit": "",
    "FOA": "1404",
    "Rating": "AUG25",
    "Gms": "0",
    "K": "40",
    "B-day": "2012",
    "Flag": "i"
  },
  {
    "ID Number": "22001506",
    "Name": "Al Balushi, Emad",
    "Fed": "OMA",
    "Sex": "M",
    "Title": "",
    "WTit": "",
    "OTit": "",
    "FOA": "1816",
    "Rating": "AUG25",
    "Gms": "0",
    "K": "20",
    "B-day": "1999",
    "Flag": ""
  },
  {
    "ID Number": "22030719",
    "Name": "Al Balushi, Hadhifa Mahmood",
    "Fed": "OMA",
    "Sex": "M",
    "Title": "",
    "WTit": "",
    "OTit": "",
    "FOA": "1521",
    "Rating": "AUG25",
    "Gms": "0",
    "K": "40",
    "B-day": "2002",
    "Flag": ""
  },
  {
    "ID Number": "22023135",
    "Name": "Al Balushi, Haitham Khalil",
    "Fed": "OMA",
    "Sex": "M",
    "Title": "",
    "WTit": "",
    "OTit": "",
    "FOA": "1440",
    "Rating": "AUG25",
    "Gms": "0",
    "K": "40",
    "B-day": "1980",
    "Flag": "i"
  },
  {
    "ID Number": "22003010",
    "Name": "Al Balushi, Haza Salim",
    "Fed": "OMA",
    "Sex": "M",
    "Title": "",
    "WTit": "",
    "OTit": "",
    "FOA": "1476",
    "Rating": "AUG25",
    "Gms": "0",
    "K": "40",
    "B-day": "2003",
    "Flag": "i"
  },
  {
    "ID Number": "22021108",
    "Name": "Al Balushi, Khalid",
    "Fed": "OMA",
    "Sex": "M",
    "Title": "",
    "WTit": "",
    "OTit": "",
    "FOA": "1606",
    "Rating": "AUG25",
    "Gms": "0",
    "K": "40",
    "B-day": "2005",
    "Flag": ""
  },
  {
    "ID Number": "22000330",
    "Name": "Al Balushi, Mariya",
    "Fed": "OMA",
    "Sex": "F",
    "Title": "WCM",
    "WTit": "WCM",
    "OTit": "",
    "FOA": "1511",
    "Rating": "AUG25",
    "Gms": "0",
    "K": "20",
    "B-day": "1998",
    "Flag": "w"
  },
  {
    "ID Number": "22010769",
    "Name": "Al Balushi, Maryam Yusuf",
    "Fed": "OMA",
    "Sex": "F",
    "Title": "",
    "WTit": "",
    "OTit": "",
    "FOA": "1448",
    "Rating": "AUG25",
    "Gms": "0",
    "K": "40",
    "B-day": "2010",
    "Flag": "w"
  },
  {
    "ID Number": "22027173",
    "Name": "Al Balushi, Mohammed Ahmed",
    "Fed": "OMA",
    "Sex": "M",
    "Title": "",
    "WTit": "",
    "OTit": "",
    "FOA": "1500",
    "Rating": "AUG25",
    "Gms": "3",
    "K": "40",
    "B-day": "2012",
    "Flag": ""
  },
  {
    "ID Number": "22012362",
    "Name": "Al Balushi, Mohammed Qais",
    "Fed": "OMA",
    "Sex": "M",
    "Title": "",
    "WTit": "",
    "OTit": "",
    "FOA": "1426",
    "Rating": "AUG25",
    "Gms": "0",
    "K": "40",
    "B-day": "2008",
    "Flag": "i"
  },
  {
    "ID Number": "22027181",
    "Name": "Al Balushi, Munir Ahmed",
    "Fed": "OMA",
    "Sex": "M",
    "Title": "",
    "WTit": "",
    "OTit": "",
    "FOA": "1534",
    "Rating": "AUG25",
    "Gms": "0",
    "K": "40",
    "B-day": "2007",
    "Flag": "i"
  },
  {
    "ID Number": "22002650",
    "Name": "Al Balushi, Omar",
    "Fed": "OMA",
    "Sex": "M",
    "Title": "",
    "WTit": "",
    "OTit": "",
    "FOA": "1710",
    "Rating": "AUG25",
    "Gms": "0",
    "K": "40",
    "B-day": "1990",
    "Flag": "i"
  },
  {
    "ID Number": "22000984",
    "Name": "Al Balushi, Rashid Ali",
    "Fed": "OMA",
    "Sex": "M",
    "Title": "",
    "WTit": "",
    "OTit": "",
    "FOA": "1577",
    "Rating": "AUG25",
    "Gms": "0",
    "K": "20",
    "B-day": "1983",
    "Flag": ""
  },
  {
    "ID Number": "22000593",
    "Name": "Al Balushi, Ruqaya Abdullah",
    "Fed": "OMA",
    "Sex": "F",
    "Title": "",
    "WTit": "IA",
    "OTit": "",
    "FOA": "1408",
    "Rating": "AUG25",
    "Gms": "0",
    "K": "40",
    "B-day": "1988",
    "Flag": "wi"
  },
  {
    "ID Number": "22001336",
    "Name": "Al Balushi, Said",
    "Fed": "OMA",
    "Sex": "M",
    "Title": "",
    "WTit": "",
    "OTit": "",
    "FOA": "1717",
    "Rating": "AUG25",
    "Gms": "0",
    "K": "20",
    "B-day": "1997",
    "Flag": ""
  },
  {
    "ID Number": "22001824",
    "Name": "Al Balushi, Salim",
    "Fed": "OMA",
    "Sex": "M",
    "Title": "",
    "WTit": "",
    "OTit": "",
    "FOA": "1617",
    "Rating": "AUG25",
    "Gms": "0",
    "K": "20",
    "B-day": "1971",
    "Flag": ""
  },
  {
    "ID Number": "22015744",
    "Name": "Al Balushi, Shahd Salim",
    "Fed": "OMA",
    "Sex": "F",
    "Title": "",
    "WTit": "",
    "OTit": "",
    "FOA": "1594",
    "Rating": "AUG25",
    "Gms": "0",
    "K": "40",
    "B-day": "2002",
    "Flag": "w"
  },
  {
    "ID Number": "22002502",
    "Name": "Al Balushi, Shuaib Abdul Wahab",
    "Fed": "OMA",
    "Sex": "M",
    "Title": "",
    "WTit": "NA",
    "OTit": "",
    "FOA": "1549",
    "Rating": "AUG25",
    "Gms": "0",
    "K": "40",
    "B-day": "1990",
    "Flag": "i"
  },
  {
    "ID Number": "22001107",
    "Name": "Al Barami, Musallam Ahmed",
    "Fed": "OMA",
    "Sex": "M",
    "Title": "",
    "WTit": "",
    "OTit": "",
    "FOA": "1722",
    "Rating": "AUG25",
    "Gms": "0",
    "K": "40",
    "B-day": "1990",
    "Flag": "i"
  },
  {
    "ID Number": "22020373",
    "Name": "Al Breiki, Almuaiyad",
    "Fed": "OMA",
    "Sex": "M",
    "Title": "",
    "WTit": "",
    "OTit": "",
    "FOA": "1463",
    "Rating": "AUG25",
    "Gms": "0",
    "K": "40",
    "B-day": "2011",
    "Flag": ""
  },
  {
    "ID Number": "22020365",
    "Name": "Al Breiki, Mohammed",
    "Fed": "OMA",
    "Sex": "M",
    "Title": "",
    "WTit": "",
    "OTit": "",
    "FOA": "1476",
    "Rating": "AUG25",
    "Gms": "0",
    "K": "40",
    "B-day": "2009",
    "Flag": ""
  },
  {
    "ID Number": "22016007",
    "Name": "Al Breiki, Salem",
    "Fed": "OMA",
    "Sex": "M",
    "Title": "",
    "WTit": "",
    "OTit": "",
    "FOA": "1695",
    "Rating": "AUG25",
    "Gms": "0",
    "K": "40",
    "B-day": "1997",
    "Flag": "i"
  },
  {
    "ID Number": "22003746",
    "Name": "Al Bulushi, Ahmed Said",
    "Fed": "OMA",
    "Sex": "M",
    "Title": "",
    "WTit": "",
    "OTit": "",
    "FOA": "1527",
    "Rating": "AUG25",
    "Gms": "0",
    "K": "40",
    "B-day": "2005",
    "Flag": "i"
  },
  {
    "ID Number": "22007440",
    "Name": "Al Bulushi, Ali",
    "Fed": "OMA",
    "Sex": "M",
    "Title": "",
    "WTit": "",
    "OTit": "",
    "FOA": "1488",
    "Rating": "AUG25",
    "Gms": "0",
    "K": "40",
    "B-day": "2010",
    "Flag": ""
  },
  {
    "ID Number": "22007431",
    "Name": "Al Bulushi, Omar",
    "Fed": "OMA",
    "Sex": "M",
    "Title": "",
    "WTit": "",
    "OTit": "",
    "FOA": "1437",
    "Rating": "AUG25",
    "Gms": "0",
    "K": "40",
    "B-day": "2008",
    "Flag": ""
  },
  {
    "ID Number": "22007415",
    "Name": "Al Bulushi, Rawan",
    "Fed": "OMA",
    "Sex": "F",
    "Title": "WCM",
    "WTit": "WCM",
    "OTit": "",
    "FOA": "1559",
    "Rating": "AUG25",
    "Gms": "0",
    "K": "20",
    "B-day": "2005",
    "Flag": "w"
  },
  {
    "ID Number": "22012044",
    "Name": "Al Busafi, Khalid",
    "Fed": "OMA",
    "Sex": "M",
    "Title": "",
    "WTit": "",
    "OTit": "",
    "FOA": "1727",
    "Rating": "AUG25",
    "Gms": "0",
    "K": "20",
    "B-day": "1987",
    "Flag": "i"
  },
  {
    "ID Number": "22016848",
    "Name": "Al Busaidi, Abrar",
    "Fed": "OMA",
    "Sex": "F",
    "Title": "",
    "WTit": "",
    "OTit": "",
    "FOA": "1506",
    "Rating": "AUG25",
    "Gms": "0",
    "K": "40",
    "B-day": "2003",
    "Flag": "wi"
  },
  {
    "ID Number": "22007903",
    "Name": "Al Busaidi, Anwar Ali",
    "Fed": "OMA",
    "Sex": "M",
    "Title": "",
    "WTit": "",
    "OTit": "",
    "FOA": "1420",
    "Rating": "AUG25",
    "Gms": "0",
    "K": "20",
    "B-day": "1974",
    "Flag": ""
  },
  {
    "ID Number": "22006230",
    "Name": "Al Busaidi, Hamood",
    "Fed": "OMA",
    "Sex": "M",
    "Title": "CM",
    "WTit": "",
    "OTit": "",
    "FOA": "1988",
    "Rating": "AUG25",
    "Gms": "7",
    "K": "20",
    "B-day": "2005",
    "Flag": ""
  },
  {
    "ID Number": "22001220",
    "Name": "Al Dahmani, Nasser",
    "Fed": "OMA",
    "Sex": "M",
    "Title": "",
    "WTit": "",
    "OTit": "",
    "FOA": "1756",
    "Rating": "AUG25",
    "Gms": "0",
    "K": "40",
    "B-day": "1989",
    "Flag": "i"
  },
  {
    "ID Number": "22000852",
    "Name": "Al Dahmani, Zayid",
    "Fed": "OMA",
    "Sex": "M",
    "Title": "",
    "WTit": "",
    "OTit": "",
    "FOA": "1623",
    "Rating": "AUG25",
    "Gms": "0",
    "K": "40",
    "B-day": "1985",
    "Flag": "i"
  },
  {
    "ID Number": "22008128",
    "Name": "Al Darwashi, Anas",
    "Fed": "OMA",
    "Sex": "M",
    "Title": "",
    "WTit": "",
    "OTit": "",
    "FOA": "1845",
    "Rating": "AUG25",
    "Gms": "0",
    "K": "20",
    "B-day": "2004",
    "Flag": "i"
  },
  {
    "ID Number": "22008136",
    "Name": "Al Darwashi, Usama",
    "Fed": "OMA",
    "Sex": "M",
    "Title": "",
    "WTit": "",
    "OTit": "",
    "FOA": "1734",
    "Rating": "AUG25",
    "Gms": "6",
    "K": "20",
    "B-day": "2001",
    "Flag": ""
  },
  {
    "ID Number": "22002545",
    "Name": "Al Dhiyabi, Mohammed",
    "Fed": "OMA",
    "Sex": "M",
    "Title": "",
    "WTit": "",
    "OTit": "",
    "FOA": "1692",
    "Rating": "AUG25",
    "Gms": "0",
    "K": "20",
    "B-day": "1987",
    "Flag": ""
  },
  {
    "ID Number": "22006753",
    "Name": "Al Dhiyabi, Yousuf",
    "Fed": "OMA",
    "Sex": "M",
    "Title": "",
    "WTit": "",
    "OTit": "",
    "FOA": "1630",
    "Rating": "AUG25",
    "Gms": "0",
    "K": "20",
    "B-day": "1984",
    "Flag": "i"
  },
  {
    "ID Number": "22003886",
    "Name": "Al Farsi, Aziz",
    "Fed": "OMA",
    "Sex": "M",
    "Title": "",
    "WTit": "",
    "OTit": "",
    "FOA": "1615",
    "Rating": "AUG25",
    "Gms": "0",
    "K": "20",
    "B-day": "1985",
    "Flag": "i"
  },
  {
    "ID Number": "22005749",
    "Name": "Al Farsi, Fahad Fayal",
    "Fed": "OMA",
    "Sex": "M",
    "Title": "",
    "WTit": "",
    "OTit": "",
    "FOA": "1516",
    "Rating": "AUG25",
    "Gms": "0",
    "K": "40",
    "B-day": "1980",
    "Flag": "i"
  },
  {
    "ID Number": "22001573",
    "Name": "Al Farsi, Mohammed Ali",
    "Fed": "OMA",
    "Sex": "M",
    "Title": "",
    "WTit": "",
    "OTit": "",
    "FOA": "1686",
    "Rating": "AUG25",
    "Gms": "0",
    "K": "20",
    "B-day": "1992",
    "Flag": ""
  },
  {
    "ID Number": "22006583",
    "Name": "Al Farsi, Sulaiman Mohammed",
    "Fed": "OMA",
    "Sex": "M",
    "Title": "",
    "WTit": "",
    "OTit": "",
    "FOA": "1527",
    "Rating": "AUG25",
    "Gms": "0",
    "K": "40",
    "B-day": "1992",
    "Flag": "i"
  },
  {
    "ID Number": "22001280",
    "Name": "Al Fazari, Abdallah Gharib",
    "Fed": "OMA",
    "Sex": "M",
    "Title": "",
    "WTit": "",
    "OTit": "",
    "FOA": "1820",
    "Rating": "AUG25",
    "Gms": "0",
    "K": "40",
    "B-day": "2000",
    "Flag": "i"
  },
  {
    "ID Number": "22009361",
    "Name": "Al Foori, Murshed Saleh",
    "Fed": "OMA",
    "Sex": "M",
    "Title": "",
    "WTit": "",
    "OTit": "",
    "FOA": "1589",
    "Rating": "AUG25",
    "Gms": "0",
    "K": "40",
    "B-day": "2000",
    "Flag": "i"
  },
  {
    "ID Number": "22029095",
    "Name": "Al Ghadani, Abdul Salam",
    "Fed": "OMA",
    "Sex": "M",
    "Title": "",
    "WTit": "",
    "OTit": "",
    "FOA": "1518",
    "Rating": "AUG25",
    "Gms": "0",
    "K": "40",
    "B-day": "1998",
    "Flag": ""
  },
  {
    "ID Number": "22004041",
    "Name": "Al Ghafri, Abdulla Marhoon",
    "Fed": "OMA",
    "Sex": "M",
    "Title": "",
    "WTit": "",
    "OTit": "",
    "FOA": "1587",
    "Rating": "AUG25",
    "Gms": "0",
    "K": "40",
    "B-day": "1989",
    "Flag": "i"
  },
  {
    "ID Number": "22010840",
    "Name": "Al Ghafri, Al Khatab",
    "Fed": "OMA",
    "Sex": "M",
    "Title": "",
    "WTit": "",
    "OTit": "",
    "FOA": "1445",
    "Rating": "AUG25",
    "Gms": "0",
    "K": "40",
    "B-day": "2004",
    "Flag": "i"
  },
  {
    "ID Number": "22000313",
    "Name": "Al Ghafri, Alanoud",
    "Fed": "OMA",
    "Sex": "F",
    "Title": "WCM",
    "WTit": "WCM",
    "OTit": "",
    "FOA": "1498",
    "Rating": "AUG25",
    "Gms": "0",
    "K": "20",
    "B-day": "1996",
    "Flag": "w"
  },
  {
    "ID Number": "22003436",
    "Name": "Al Ghafri, Amer",
    "Fed": "OMA",
    "Sex": "M",
    "Title": "",
    "WTit": "",
    "OTit": "",
    "FOA": "1728",
    "Rating": "AUG25",
    "Gms": "0",
    "K": "20",
    "B-day": "1975",
    "Flag": ""
  },
  {
    "ID Number": "22024387",
    "Name": "Al Ghafri, Faris",
    "Fed": "OMA",
    "Sex": "M",
    "Title": "",
    "WTit": "",
    "OTit": "",
    "FOA": "1434",
    "Rating": "AUG25",
    "Gms": "0",
    "K": "40",
    "B-day": "2009",
    "Flag": ""
  },
  {
    "ID Number": "22012192",
    "Name": "Al Ghafri, Hilal",
    "Fed": "OMA",
    "Sex": "M",
    "Title": "",
    "WTit": "",
    "OTit": "",
    "FOA": "1491",
    "Rating": "AUG25",
    "Gms": "0",
    "K": "40",
    "B-day": "2009",
    "Flag": "i"
  },
  {
    "ID Number": "22017917",
    "Name": "Al Ghafri, Mohammed Saif",
    "Fed": "OMA",
    "Sex": "M",
    "Title": "",
    "WTit": "",
    "OTit": "",
    "FOA": "1657",
    "Rating": "AUG25",
    "Gms": "0",
    "K": "40",
    "B-day": "1998",
    "Flag": ""
  },
  {
    "ID Number": "22000291",
    "Name": "Al Ghafri, Wafia",
    "Fed": "OMA",
    "Sex": "F",
    "Title": "",
    "WTit": "",
    "OTit": "",
    "FOA": "1707",
    "Rating": "AUG25",
    "Gms": "0",
    "K": "20",
    "B-day": "1996",
    "Flag": "wi"
  },
  {
    "ID Number": "22020780",
    "Name": "Al Ghammari, Ahmed",
    "Fed": "OMA",
    "Sex": "M",
    "Title": "",
    "WTit": "",
    "OTit": "",
    "FOA": "1413",
    "Rating": "AUG25",
    "Gms": "0",
    "K": "40",
    "B-day": "1982",
    "Flag": "i"
  },
  {
    "ID Number": "22006494",
    "Name": "Al Ghanami, Fuad",
    "Fed": "OMA",
    "Sex": "M",
    "Title": "",
    "WTit": "",
    "OTit": "",
    "FOA": "1451",
    "Rating": "AUG25",
    "Gms": "0",
    "K": "40",
    "B-day": "2000",
    "Flag": ""
  },
  {
    "ID Number": "22003690",
    "Name": "Al Ghelani Hamood",
    "Fed": "OMA",
    "Sex": "M",
    "Title": "",
    "WTit": "",
    "OTit": "",
    "FOA": "1671",
    "Rating": "AUG25",
    "Gms": "0",
    "K": "40",
    "B-day": "1988",
    "Flag": "i"
  },
  {
    "ID Number": "22007334",
    "Name": "Al Ghelani, Mohammed Said",
    "Fed": "OMA",
    "Sex": "M",
    "Title": "",
    "WTit": "",
    "OTit": "",
    "FOA": "1580",
    "Rating": "AUG25",
    "Gms": "0",
    "K": "40",
    "B-day": "1985",
    "Flag": "i"
  },
  {
    "ID Number": "22008446",
    "Name": "Al Ghuzaili, Abdullah",
    "Fed": "OMA",
    "Sex": "M",
    "Title": "",
    "WTit": "",
    "OTit": "",
    "FOA": "1484",
    "Rating": "AUG25",
    "Gms": "0",
    "K": "40",
    "B-day": "1978",
    "Flag": "i"
  },
  {
    "ID Number": "22010181",
    "Name": "Al Habsi, Sultan Mohamed",
    "Fed": "OMA",
    "Sex": "M",
    "Title": "",
    "WTit": "",
    "OTit": "",
    "FOA": "1656",
    "Rating": "AUG25",
    "Gms": "0",
    "K": "20",
    "B-day": "1999",
    "Flag": ""
  },
  {
    "ID Number": "22031847",
    "Name": "Al Hadabi, Osama Sulaiman",
    "Fed": "OMA",
    "Sex": "M",
    "Title": "",
    "WTit": "",
    "OTit": "",
    "FOA": "1487",
    "Rating": "AUG25",
    "Gms": "5",
    "K": "40",
    "B-day": "2002",
    "Flag": ""
  },
  {
    "ID Number": "22013849",
    "Name": "Al Hadabi, Saddam",
    "Fed": "OMA",
    "Sex": "M",
    "Title": "",
    "WTit": "",
    "OTit": "",
    "FOA": "1580",
    "Rating": "AUG25",
    "Gms": "0",
    "K": "40",
    "B-day": "2000",
    "Flag": ""
  },
  {
    "ID Number": "22025596",
    "Name": "Al Hadhrami, Haitham",
    "Fed": "OMA",
    "Sex": "M",
    "Title": "",
    "WTit": "",
    "OTit": "",
    "FOA": "1622",
    "Rating": "AUG25",
    "Gms": "0",
    "K": "40",
    "B-day": "1996",
    "Flag": ""
  },
  {
    "ID Number": "22025030",
    "Name": "Al Hadhrami, Hassain",
    "Fed": "OMA",
    "Sex": "M",
    "Title": "",
    "WTit": "",
    "OTit": "",
    "FOA": "1479",
    "Rating": "AUG25",
    "Gms": "0",
    "K": "40",
    "B-day": "2000",
    "Flag": ""
  },
  {
    "ID Number": "22024433",
    "Name": "Al Hadhrami, Wisam",
    "Fed": "OMA",
    "Sex": "M",
    "Title": "",
    "WTit": "",
    "OTit": "",
    "FOA": "1582",
    "Rating": "AUG25",
    "Gms": "0",
    "K": "40",
    "B-day": "2010",
    "Flag": ""
  },
  {
    "ID Number": "22024417",
    "Name": "Al Hadi, Hassan",
    "Fed": "OMA",
    "Sex": "M",
    "Title": "",
    "WTit": "",
    "OTit": "",
    "FOA": "1615",
    "Rating": "AUG25",
    "Gms": "0",
    "K": "40",
    "B-day": "2003",
    "Flag": "i"
  },
  {
    "ID Number": "22024522",
    "Name": "Al Hadi, Hussain Khalid",
    "Fed": "OMA",
    "Sex": "M",
    "Title": "",
    "WTit": "",
    "OTit": "",
    "FOA": "1576",
    "Rating": "AUG25",
    "Gms": "0",
    "K": "40",
    "B-day": "2003",
    "Flag": "i"
  },
  {
    "ID Number": "22000194",
    "Name": "Al Hadidi Khalid",
    "Fed": "OMA",
    "Sex": "M",
    "Title": "",
    "WTit": "IA",
    "OTit": "",
    "FOA": "1738",
    "Rating": "AUG25",
    "Gms": "0",
    "K": "40",
    "B-day": "1973",
    "Flag": "i"
  },
  {
    "ID Number": "22021264",
    "Name": "Al Hadidi, Abdullah",
    "Fed": "OMA",
    "Sex": "M",
    "Title": "",
    "WTit": "",
    "OTit": "",
    "FOA": "1654",
    "Rating": "AUG25",
    "Gms": "0",
    "K": "40",
    "B-day": "1991",
    "Flag": "i"
  },
  {
    "ID Number": "22002570",
    "Name": "Al Hadidi, Ahmed Khalid",
    "Fed": "OMA",
    "Sex": "M",
    "Title": "",
    "WTit": "",
    "OTit": "",
    "FOA": "1553",
    "Rating": "AUG25",
    "Gms": "0",
    "K": "20",
    "B-day": "2002",
    "Flag": ""
  },
  {
    "ID Number": "22006257",
    "Name": "Al Hadidi, Mahmood",
    "Fed": "OMA",
    "Sex": "M",
    "Title": "",
    "WTit": "",
    "OTit": "",
    "FOA": "1459",
    "Rating": "AUG25",
    "Gms": "0",
    "K": "40",
    "B-day": "2003",
    "Flag": ""
  },
  {
    "ID Number": "22010696",
    "Name": "Al Hadidi, Mohammed Khalid",
    "Fed": "OMA",
    "Sex": "M",
    "Title": "",
    "WTit": "",
    "OTit": "",
    "FOA": "1405",
    "Rating": "AUG25",
    "Gms": "0",
    "K": "40",
    "B-day": "2008",
    "Flag": ""
  },
  {
    "ID Number": "22023933",
    "Name": "Al Hadidi, Mohammed Younis",
    "Fed": "OMA",
    "Sex": "M",
    "Title": "",
    "WTit": "",
    "OTit": "",
    "FOA": "1532",
    "Rating": "AUG25",
    "Gms": "0",
    "K": "40",
    "B-day": "2011",
    "Flag": ""
  },
  {
    "ID Number": "22002561",
    "Name": "Al Hadidi, Osama Khalid",
    "Fed": "OMA",
    "Sex": "M",
    "Title": "",
    "WTit": "",
    "OTit": "",
    "FOA": "1563",
    "Rating": "AUG25",
    "Gms": "0",
    "K": "20",
    "B-day": "2000",
    "Flag": ""
  },
  {
    "ID Number": "22012311",
    "Name": "Al Hadidi, Saad",
    "Fed": "OMA",
    "Sex": "M",
    "Title": "",
    "WTit": "",
    "OTit": "",
    "FOA": "1516",
    "Rating": "AUG25",
    "Gms": "0",
    "K": "40",
    "B-day": "2010",
    "Flag": ""
  },
  {
    "ID Number": "22025197",
    "Name": "Al Hajri, Mohammed Badar",
    "Fed": "OMA",
    "Sex": "M",
    "Title": "",
    "WTit": "",
    "OTit": "",
    "FOA": "1525",
    "Rating": "AUG25",
    "Gms": "0",
    "K": "40",
    "B-day": "1999",
    "Flag": ""
  },
  {
    "ID Number": "22001484",
    "Name": "Al Hamadani, Khalid Said",
    "Fed": "OMA",
    "Sex": "M",
    "Title": "",
    "WTit": "",
    "OTit": "",
    "FOA": "1572",
    "Rating": "AUG25",
    "Gms": "0",
    "K": "40",
    "B-day": "1977",
    "Flag": ""
  },
  {
    "ID Number": "22016198",
    "Name": "Al Hamrashdi, Ali",
    "Fed": "OMA",
    "Sex": "M",
    "Title": "",
    "WTit": "",
    "OTit": "",
    "FOA": "1720",
    "Rating": "AUG25",
    "Gms": "0",
    "K": "40",
    "B-day": "2005",
    "Flag": "i"
  },
  {
    "ID Number": "22015736",
    "Name": "Al Hamrashdi, Omar",
    "Fed": "OMA",
    "Sex": "M",
    "Title": "",
    "WTit": "",
    "OTit": "",
    "FOA": "1472",
    "Rating": "AUG25",
    "Gms": "0",
    "K": "40",
    "B-day": "1996",
    "Flag": "i"
  },
  {
    "ID Number": "22001077",
    "Name": "Al Hanai, Said Hashil",
    "Fed": "OMA",
    "Sex": "M",
    "Title": "",
    "WTit": "",
    "OTit": "",
    "FOA": "1664",
    "Rating": "AUG25",
    "Gms": "0",
    "K": "20",
    "B-day": "1973",
    "Flag": ""
  },
  {
    "ID Number": "22027343",
    "Name": "Al Handasi, Khamis",
    "Fed": "OMA",
    "Sex": "M",
    "Title": "",
    "WTit": "",
    "OTit": "",
    "FOA": "1458",
    "Rating": "AUG25",
    "Gms": "0",
    "K": "40",
    "B-day": "1977",
    "Flag": ""
  },
  {
    "ID Number": "22009841",
    "Name": "Al Handhali, Mazin",
    "Fed": "OMA",
    "Sex": "M",
    "Title": "",
    "WTit": "",
    "OTit": "",
    "FOA": "1563",
    "Rating": "AUG25",
    "Gms": "0",
    "K": "20",
    "B-day": "1995",
    "Flag": ""
  },
  {
    "ID Number": "22000216",
    "Name": "Al Harasi Ahmed Obeid",
    "Fed": "OMA",
    "Sex": "M",
    "Title": "",
    "WTit": "",
    "OTit": "",
    "FOA": "1756",
    "Rating": "AUG25",
    "Gms": "0",
    "K": "40",
    "B-day": "1990",
    "Flag": "i"
  },
  {
    "ID Number": "22000208",
    "Name": "Al Harasi Saif",
    "Fed": "OMA",
    "Sex": "M",
    "Title": "",
    "WTit": "",
    "OTit": "",
    "FOA": "1709",
    "Rating": "AUG25",
    "Gms": "0",
    "K": "20",
    "B-day": "1982",
    "Flag": "i"
  },
  {
    "ID Number": "22002111",
    "Name": "Al Harrasi, Bader Harith",
    "Fed": "OMA",
    "Sex": "M",
    "Title": "",
    "WTit": "",
    "OTit": "",
    "FOA": "1696",
    "Rating": "AUG25",
    "Gms": "0",
    "K": "40",
    "B-day": "1980",
    "Flag": "i"
  },
  {
    "ID Number": "22002294",
    "Name": "Al Harrasi, Faisal Zahran",
    "Fed": "OMA",
    "Sex": "M",
    "Title": "",
    "WTit": "",
    "OTit": "",
    "FOA": "1598",
    "Rating": "AUG25",
    "Gms": "0",
    "K": "40",
    "B-day": "1987",
    "Flag": "i"
  },
  {
    "ID Number": "22025600",
    "Name": "Al Harrasi, Omar",
    "Fed": "OMA",
    "Sex": "M",
    "Title": "",
    "WTit": "",
    "OTit": "",
    "FOA": "1462",
    "Rating": "AUG25",
    "Gms": "0",
    "K": "40",
    "B-day": "1998",
    "Flag": ""
  },
  {
    "ID Number": "22020357",
    "Name": "Al Harrasi, Osama Muntaser",
    "Fed": "OMA",
    "Sex": "M",
    "Title": "",
    "WTit": "",
    "OTit": "",
    "FOA": "1594",
    "Rating": "AUG25",
    "Gms": "0",
    "K": "40",
    "B-day": "2009",
    "Flag": ""
  },
  {
    "ID Number": "22024913",
    "Name": "Al Harrasi, Taher",
    "Fed": "OMA",
    "Sex": "M",
    "Title": "",
    "WTit": "",
    "OTit": "",
    "FOA": "1488",
    "Rating": "AUG25",
    "Gms": "0",
    "K": "40",
    "B-day": "1983",
    "Flag": ""
  },
  {
    "ID Number": "22008993",
    "Name": "Al Hasani, Amjad",
    "Fed": "OMA",
    "Sex": "M",
    "Title": "",
    "WTit": "",
    "OTit": "",
    "FOA": "1583",
    "Rating": "AUG25",
    "Gms": "0",
    "K": "40",
    "B-day": "1996",
    "Flag": "i"
  },
  {
    "ID Number": "22015558",
    "Name": "Al Hasani, Thabit",
    "Fed": "OMA",
    "Sex": "M",
    "Title": "",
    "WTit": "",
    "OTit": "",
    "FOA": "1679",
    "Rating": "AUG25",
    "Gms": "4",
    "K": "20",
    "B-day": "1991",
    "Flag": ""
  },
  {
    "ID Number": "22027777",
    "Name": "Al Hashmi, Ahmed Ramadhan",
    "Fed": "OMA",
    "Sex": "M",
    "Title": "",
    "WTit": "",
    "OTit": "",
    "FOA": "1633",
    "Rating": "AUG25",
    "Gms": "0",
    "K": "40",
    "B-day": "2005",
    "Flag": "i"
  },
  {
    "ID Number": "22011200",
    "Name": "Al Hatmi, Ammar",
    "Fed": "OMA",
    "Sex": "M",
    "Title": "",
    "WTit": "",
    "OTit": "",
    "FOA": "1511",
    "Rating": "AUG25",
    "Gms": "0",
    "K": "40",
    "B-day": "2011",
    "Flag": ""
  },
  {
    "ID Number": "22001069",
    "Name": "Al Hatmi, Khalid",
    "Fed": "OMA",
    "Sex": "M",
    "Title": "",
    "WTit": "",
    "OTit": "",
    "FOA": "1696",
    "Rating": "AUG25",
    "Gms": "0",
    "K": "40",
    "B-day": "1987",
    "Flag": "i"
  },
  {
    "ID Number": "22002073",
    "Name": "Al Hinai, Abdul Rahim",
    "Fed": "OMA",
    "Sex": "M",
    "Title": "",
    "WTit": "",
    "OTit": "",
    "FOA": "1488",
    "Rating": "AUG25",
    "Gms": "0",
    "K": "20",
    "B-day": "1978",
    "Flag": "i"
  },
  {
    "ID Number": "22000712",
    "Name": "Al Hinai, Hamdan",
    "Fed": "OMA",
    "Sex": "M",
    "Title": "",
    "WTit": "",
    "OTit": "",
    "FOA": "1690",
    "Rating": "AUG25",
    "Gms": "0",
    "K": "40",
    "B-day": "1981",
    "Flag": "i"
  },
  {
    "ID Number": "22004114",
    "Name": "Al Hinai, Kamal",
    "Fed": "OMA",
    "Sex": "M",
    "Title": "",
    "WTit": "NA",
    "OTit": "",
    "FOA": "1524",
    "Rating": "AUG25",
    "Gms": "0",
    "K": "40",
    "B-day": "1990",
    "Flag": ""
  },
  {
    "ID Number": "22020829",
    "Name": "Al Hinai, Mahmood",
    "Fed": "OMA",
    "Sex": "M",
    "Title": "",
    "WTit": "",
    "OTit": "",
    "FOA": "1613",
    "Rating": "AUG25",
    "Gms": "0",
    "K": "40",
    "B-day": "2003",
    "Flag": "i"
  },
  {
    "ID Number": "22018832",
    "Name": "Al Hinai, Mazin",
    "Fed": "OMA",
    "Sex": "M",
    "Title": "",
    "WTit": "",
    "OTit": "",
    "FOA": "1452",
    "Rating": "AUG25",
    "Gms": "0",
    "K": "40",
    "B-day": "2008",
    "Flag": "i"
  },
  {
    "ID Number": "22026541",
    "Name": "Al Hinai, Mohammed Badar",
    "Fed": "OMA",
    "Sex": "M",
    "Title": "",
    "WTit": "",
    "OTit": "",
    "FOA": "1514",
    "Rating": "AUG25",
    "Gms": "0",
    "K": "40",
    "B-day": "2010",
    "Flag": ""
  },
  {
    "ID Number": "22022007",
    "Name": "Al Hinai, Osama",
    "Fed": "OMA",
    "Sex": "M",
    "Title": "",
    "WTit": "",
    "OTit": "",
    "FOA": "1587",
    "Rating": "AUG25",
    "Gms": "0",
    "K": "40",
    "B-day": "1998",
    "Flag": "i"
  },
  {
    "ID Number": "22016244",
    "Name": "Al Hinai, Qusay",
    "Fed": "OMA",
    "Sex": "M",
    "Title": "",
    "WTit": "",
    "OTit": "",
    "FOA": "1828",
    "Rating": "AUG25",
    "Gms": "6",
    "K": "20",
    "B-day": "2006",
    "Flag": ""
  },
  {
    "ID Number": "22014896",
    "Name": "Al Hinai, Zakariya",
    "Fed": "OMA",
    "Sex": "M",
    "Title": "",
    "WTit": "",
    "OTit": "",
    "FOA": "1591",
    "Rating": "AUG25",
    "Gms": "0",
    "K": "40",
    "B-day": "1996",
    "Flag": "i"
  },
  {
    "ID Number": "22011005",
    "Name": "Al Hinai,Abdulaziz",
    "Fed": "OMA",
    "Sex": "M",
    "Title": "",
    "WTit": "",
    "OTit": "",
    "FOA": "1587",
    "Rating": "AUG25",
    "Gms": "0",
    "K": "40",
    "B-day": "2013",
    "Flag": "i"
  },
  {
    "ID Number": "22008330",
    "Name": "Al Hooti, Mansoor",
    "Fed": "OMA",
    "Sex": "M",
    "Title": "",
    "WTit": "",
    "OTit": "",
    "FOA": "1562",
    "Rating": "AUG25",
    "Gms": "0",
    "K": "40",
    "B-day": "1989",
    "Flag": "i"
  },
  {
    "ID Number": "22013156",
    "Name": "Al Hosni, Al Yaqdhan",
    "Fed": "OMA",
    "Sex": "M",
    "Title": "",
    "WTit": "",
    "OTit": "",
    "FOA": "1709",
    "Rating": "AUG25",
    "Gms": "0",
    "K": "40",
    "B-day": "2000",
    "Flag": ""
  },
  {
    "ID Number": "22012958",
    "Name": "Al Hosni, Khalfan",
    "Fed": "OMA",
    "Sex": "M",
    "Title": "",
    "WTit": "",
    "OTit": "",
    "FOA": "1808",
    "Rating": "AUG25",
    "Gms": "7",
    "K": "20",
    "B-day": "1991",
    "Flag": ""
  },
  {
    "ID Number": "22005587",
    "Name": "Al Hosni, Mohammed Ali",
    "Fed": "OMA",
    "Sex": "M",
    "Title": "",
    "WTit": "",
    "OTit": "",
    "FOA": "1722",
    "Rating": "AUG25",
    "Gms": "0",
    "K": "40",
    "B-day": "1980",
    "Flag": "i"
  },
  {
    "ID Number": "22026789",
    "Name": "Al Housni, Abdullah Saif",
    "Fed": "OMA",
    "Sex": "M",
    "Title": "",
    "WTit": "",
    "OTit": "",
    "FOA": "1620",
    "Rating": "AUG25",
    "Gms": "0",
    "K": "40",
    "B-day": "1999",
    "Flag": "i"
  },
  {
    "ID Number": "22000259",
    "Name": "Al Houti, Houd",
    "Fed": "OMA",
    "Sex": "M",
    "Title": "",
    "WTit": "",
    "OTit": "",
    "FOA": "1764",
    "Rating": "AUG25",
    "Gms": "0",
    "K": "20",
    "B-day": "1975",
    "Flag": "i"
  },
  {
    "ID Number": "22024468",
    "Name": "Al Jabri, Abdul Rahman",
    "Fed": "OMA",
    "Sex": "M",
    "Title": "",
    "WTit": "",
    "OTit": "",
    "FOA": "1403",
    "Rating": "AUG25",
    "Gms": "3",
    "K": "40",
    "B-day": "2012",
    "Flag": ""
  },
  {
    "ID Number": "22028072",
    "Name": "Al Jabri, Ahmed Badar",
    "Fed": "OMA",
    "Sex": "M",
    "Title": "",
    "WTit": "",
    "OTit": "",
    "FOA": "1572",
    "Rating": "AUG25",
    "Gms": "5",
    "K": "40",
    "B-day": "2017",
    "Flag": ""
  },
  {
    "ID Number": "22028366",
    "Name": "Al Jabri, Hilal Gharib",
    "Fed": "OMA",
    "Sex": "M",
    "Title": "",
    "WTit": "",
    "OTit": "",
    "FOA": "1516",
    "Rating": "AUG25",
    "Gms": "0",
    "K": "40",
    "B-day": "1969",
    "Flag": ""
  },
  {
    "ID Number": "22029400",
    "Name": "Al Jabri, Moath Sulaiman",
    "Fed": "OMA",
    "Sex": "M",
    "Title": "",
    "WTit": "",
    "OTit": "",
    "FOA": "1600",
    "Rating": "AUG25",
    "Gms": "0",
    "K": "40",
    "B-day": "2003",
    "Flag": ""
  },
  {
    "ID Number": "22001158",
    "Name": "Al Jabri, Rashid",
    "Fed": "OMA",
    "Sex": "M",
    "Title": "",
    "WTit": "",
    "OTit": "",
    "FOA": "1781",
    "Rating": "AUG25",
    "Gms": "0",
    "K": "20",
    "B-day": "1990",
    "Flag": ""
  },
  {
    "ID Number": "22003185",
    "Name": "Al Jabri, salam humaid",
    "Fed": "OMA",
    "Sex": "M",
    "Title": "",
    "WTit": "",
    "OTit": "",
    "FOA": "1719",
    "Rating": "AUG25",
    "Gms": "0",
    "K": "20",
    "B-day": "1981",
    "Flag": "i"
  },
  {
    "ID Number": "22024441",
    "Name": "Al Jabri, Shihab",
    "Fed": "OMA",
    "Sex": "M",
    "Title": "",
    "WTit": "",
    "OTit": "",
    "FOA": "1447",
    "Rating": "AUG25",
    "Gms": "1",
    "K": "40",
    "B-day": "2014",
    "Flag": ""
  },
  {
    "ID Number": "22024450",
    "Name": "Al Jabri, Sultan Ahmed",
    "Fed": "OMA",
    "Sex": "M",
    "Title": "",
    "WTit": "",
    "OTit": "",
    "FOA": "1492",
    "Rating": "AUG25",
    "Gms": "1",
    "K": "40",
    "B-day": "2016",
    "Flag": ""
  },
  {
    "ID Number": "22030476",
    "Name": "Al Jabri, Zakariya Saif",
    "Fed": "OMA",
    "Sex": "M",
    "Title": "",
    "WTit": "",
    "OTit": "",
    "FOA": "1548",
    "Rating": "AUG25",
    "Gms": "0",
    "K": "40",
    "B-day": "1995",
    "Flag": ""
  },
  {
    "ID Number": "22001115",
    "Name": "Al Jahwari, Adnan Mohammed",
    "Fed": "OMA",
    "Sex": "M",
    "Title": "",
    "WTit": "",
    "OTit": "",
    "FOA": "1740",
    "Rating": "AUG25",
    "Gms": "0",
    "K": "20",
    "B-day": "1988",
    "Flag": "i"
  },
  {
    "ID Number": "22000836",
    "Name": "Al Jahwari, Asad",
    "Fed": "OMA",
    "Sex": "M",
    "Title": "",
    "WTit": "",
    "OTit": "",
    "FOA": "1585",
    "Rating": "AUG25",
    "Gms": "0",
    "K": "40",
    "B-day": "1997",
    "Flag": "i"
  },
  {
    "ID Number": "22011366",
    "Name": "Al Jahwari, Basim",
    "Fed": "OMA",
    "Sex": "M",
    "Title": "",
    "WTit": "",
    "OTit": "",
    "FOA": "1693",
    "Rating": "AUG25",
    "Gms": "0",
    "K": "40",
    "B-day": "1989",
    "Flag": "i"
  },
  {
    "ID Number": "22006923",
    "Name": "Al Jasasi, Muhamad Rashid",
    "Fed": "OMA",
    "Sex": "M",
    "Title": "",
    "WTit": "",
    "OTit": "",
    "FOA": "1541",
    "Rating": "AUG25",
    "Gms": "0",
    "K": "40",
    "B-day": "1989",
    "Flag": "i"
  },
  {
    "ID Number": "22027807",
    "Name": "Al Kalbani, Adnan Saif",
    "Fed": "OMA",
    "Sex": "M",
    "Title": "",
    "WTit": "",
    "OTit": "",
    "FOA": "1481",
    "Rating": "AUG25",
    "Gms": "0",
    "K": "40",
    "B-day": "2008",
    "Flag": "i"
  },
  {
    "ID Number": "22030131",
    "Name": "Al Kalbani, Omar Khalid",
    "Fed": "OMA",
    "Sex": "M",
    "Title": "",
    "WTit": "",
    "OTit": "",
    "FOA": "1426",
    "Rating": "AUG25",
    "Gms": "0",
    "K": "40",
    "B-day": "2007",
    "Flag": ""
  },
  {
    "ID Number": "22025278",
    "Name": "Al Kasbi, Hamid",
    "Fed": "OMA",
    "Sex": "M",
    "Title": "",
    "WTit": "",
    "OTit": "",
    "FOA": "1482",
    "Rating": "AUG25",
    "Gms": "1",
    "K": "40",
    "B-day": "1975",
    "Flag": ""
  },
  {
    "ID Number": "22022120",
    "Name": "Al Kasbi, Jaber",
    "Fed": "OMA",
    "Sex": "M",
    "Title": "",
    "WTit": "",
    "OTit": "",
    "FOA": "1453",
    "Rating": "AUG25",
    "Gms": "0",
    "K": "40",
    "B-day": "1981",
    "Flag": "i"
  },
  {
    "ID Number": "22000429",
    "Name": "Al Kathiri, Hassan",
    "Fed": "OMA",
    "Sex": "M",
    "Title": "",
    "WTit": "",
    "OTit": "",
    "FOA": "1760",
    "Rating": "AUG25",
    "Gms": "0",
    "K": "20",
    "B-day": "1983",
    "Flag": "i"
  },
  {
    "ID Number": "22002030",
    "Name": "Al Kathiri, Khalid Saad",
    "Fed": "OMA",
    "Sex": "M",
    "Title": "",
    "WTit": "",
    "OTit": "",
    "FOA": "1747",
    "Rating": "AUG25",
    "Gms": "0",
    "K": "40",
    "B-day": "1976",
    "Flag": "i"
  },
  {
    "ID Number": "22006648",
    "Name": "Al Kathiri, Mana",
    "Fed": "OMA",
    "Sex": "M",
    "Title": "CM",
    "WTit": "",
    "OTit": "",
    "FOA": "1869",
    "Rating": "AUG25",
    "Gms": "0",
    "K": "20",
    "B-day": "1993",
    "Flag": ""
  },
  {
    "ID Number": "22028315",
    "Name": "Al Kathiri, Masoud Bakhit",
    "Fed": "OMA",
    "Sex": "M",
    "Title": "",
    "WTit": "",
    "OTit": "",
    "FOA": "1733",
    "Rating": "AUG25",
    "Gms": "0",
    "K": "40",
    "B-day": "2000",
    "Flag": ""
  },
  {
    "ID Number": "22020209",
    "Name": "Al Kathiri, Mohammed Nasser",
    "Fed": "OMA",
    "Sex": "M",
    "Title": "",
    "WTit": "",
    "OTit": "",
    "FOA": "1743",
    "Rating": "AUG25",
    "Gms": "0",
    "K": "40",
    "B-day": "1991",
    "Flag": "i"
  },
  {
    "ID Number": "22000585",
    "Name": "Al Kathiri, Musallam Mustahil",
    "Fed": "OMA",
    "Sex": "M",
    "Title": "",
    "WTit": "",
    "OTit": "",
    "FOA": "1731",
    "Rating": "AUG25",
    "Gms": "0",
    "K": "20",
    "B-day": "1978",
    "Flag": "i"
  },
  {
    "ID Number": "22000526",
    "Name": "Al Kathiri, Salim Said",
    "Fed": "OMA",
    "Sex": "M",
    "Title": "CM",
    "WTit": "",
    "OTit": "",
    "FOA": "1773",
    "Rating": "AUG25",
    "Gms": "0",
    "K": "20",
    "B-day": "1983",
    "Flag": "i"
  },
  {
    "ID Number": "22006761",
    "Name": "Al Khadouri, Sultan",
    "Fed": "OMA",
    "Sex": "M",
    "Title": "",
    "WTit": "",
    "OTit": "",
    "FOA": "1503",
    "Rating": "AUG25",
    "Gms": "0",
    "K": "20",
    "B-day": "1989",
    "Flag": "i"
  },
  {
    "ID Number": "22020047",
    "Name": "Al Khaldi, Ahmed",
    "Fed": "OMA",
    "Sex": "M",
    "Title": "",
    "WTit": "",
    "OTit": "",
    "FOA": "1520",
    "Rating": "AUG25",
    "Gms": "0",
    "K": "40",
    "B-day": "2003",
    "Flag": "i"
  },
  {
    "ID Number": "22002626",
    "Name": "Al Khamisi, Hamed Abdullah",
    "Fed": "OMA",
    "Sex": "M",
    "Title": "",
    "WTit": "",
    "OTit": "",
    "FOA": "1687",
    "Rating": "AUG25",
    "Gms": "0",
    "K": "40",
    "B-day": "1993",
    "Flag": "i"
  },
  {
    "ID Number": "22006010",
    "Name": "Al Kharusi, Ahmed Khamis",
    "Fed": "OMA",
    "Sex": "M",
    "Title": "",
    "WTit": "",
    "OTit": "",
    "FOA": "1639",
    "Rating": "AUG25",
    "Gms": "0",
    "K": "40",
    "B-day": "1984",
    "Flag": "i"
  },
  {
    "ID Number": "22003509",
    "Name": "Al Kharusi, Mohammed",
    "Fed": "OMA",
    "Sex": "M",
    "Title": "",
    "WTit": "",
    "OTit": "",
    "FOA": "1748",
    "Rating": "AUG25",
    "Gms": "0",
    "K": "20",
    "B-day": "2003",
    "Flag": ""
  },
  {
    "ID Number": "22026487",
    "Name": "Al Khusaibi, Al Julandi",
    "Fed": "OMA",
    "Sex": "M",
    "Title": "",
    "WTit": "",
    "OTit": "",
    "FOA": "1539",
    "Rating": "AUG25",
    "Gms": "0",
    "K": "40",
    "B-day": "1999",
    "Flag": "i"
  },
  {
    "ID Number": "22021116",
    "Name": "Al Khusaibi, Ammar",
    "Fed": "OMA",
    "Sex": "M",
    "Title": "",
    "WTit": "",
    "OTit": "",
    "FOA": "1435",
    "Rating": "AUG25",
    "Gms": "0",
    "K": "40",
    "B-day": "2006",
    "Flag": "i"
  },
  {
    "ID Number": "22021043",
    "Name": "Al Kindi, Said",
    "Fed": "OMA",
    "Sex": "M",
    "Title": "",
    "WTit": "",
    "OTit": "",
    "FOA": "1438",
    "Rating": "AUG25",
    "Gms": "0",
    "K": "40",
    "B-day": "1977",
    "Flag": ""
  },
  {
    "ID Number": "22000879",
    "Name": "Al Kiyumi, Fahad",
    "Fed": "OMA",
    "Sex": "M",
    "Title": "",
    "WTit": "",
    "OTit": "",
    "FOA": "1686",
    "Rating": "AUG25",
    "Gms": "0",
    "K": "40",
    "B-day": "1985",
    "Flag": "i"
  },
  {
    "ID Number": "22000941",
    "Name": "Al Kthiri, Suhail Said",
    "Fed": "OMA",
    "Sex": "M",
    "Title": "",
    "WTit": "",
    "OTit": "",
    "FOA": "1693",
    "Rating": "AUG25",
    "Gms": "0",
    "K": "40",
    "B-day": "1985",
    "Flag": "i"
  },
  {
    "ID Number": "22030123",
    "Name": "Al Kulaibi, Hani Ali",
    "Fed": "OMA",
    "Sex": "M",
    "Title": "",
    "WTit": "",
    "OTit": "",
    "FOA": "1453",
    "Rating": "AUG25",
    "Gms": "0",
    "K": "40",
    "B-day": "1984",
    "Flag": ""
  },
  {
    "ID Number": "22026002",
    "Name": "Al Lawati, Feras",
    "Fed": "OMA",
    "Sex": "M",
    "Title": "",
    "WTit": "",
    "OTit": "",
    "FOA": "1489",
    "Rating": "AUG25",
    "Gms": "0",
    "K": "40",
    "B-day": "2011",
    "Flag": "i"
  },
  {
    "ID Number": "22014381",
    "Name": "Al Maamari, Abdulmalik",
    "Fed": "OMA",
    "Sex": "M",
    "Title": "",
    "WTit": "",
    "OTit": "",
    "FOA": "1463",
    "Rating": "AUG25",
    "Gms": "0",
    "K": "40",
    "B-day": "2010",
    "Flag": ""
  },
  {
    "ID Number": "22015914",
    "Name": "Al Maamari, Haitham",
    "Fed": "OMA",
    "Sex": "M",
    "Title": "",
    "WTit": "",
    "OTit": "",
    "FOA": "1572",
    "Rating": "AUG25",
    "Gms": "0",
    "K": "40",
    "B-day": "1994",
    "Flag": "i"
  },
  {
    "ID Number": "22010459",
    "Name": "Al Maani, Luqman",
    "Fed": "OMA",
    "Sex": "M",
    "Title": "",
    "WTit": "",
    "OTit": "",
    "FOA": "1424",
    "Rating": "AUG25",
    "Gms": "0",
    "K": "40",
    "B-day": "2001",
    "Flag": ""
  },
  {
    "ID Number": "22000542",
    "Name": "Al Maashani, Abdullah",
    "Fed": "OMA",
    "Sex": "M",
    "Title": "",
    "WTit": "",
    "OTit": "",
    "FOA": "1893",
    "Rating": "AUG25",
    "Gms": "0",
    "K": "20",
    "B-day": "1983",
    "Flag": ""
  },
  {
    "ID Number": "22002138",
    "Name": "Al Maashani, Ahmed Salim",
    "Fed": "OMA",
    "Sex": "M",
    "Title": "",
    "WTit": "",
    "OTit": "",
    "FOA": "1730",
    "Rating": "AUG25",
    "Gms": "0",
    "K": "40",
    "B-day": "1990",
    "Flag": "i"
  },
  {
    "ID Number": "22009116",
    "Name": "Al Maashani, Ali Salim",
    "Fed": "OMA",
    "Sex": "M",
    "Title": "",
    "WTit": "",
    "OTit": "",
    "FOA": "1647",
    "Rating": "AUG25",
    "Gms": "0",
    "K": "40",
    "B-day": "1997",
    "Flag": "i"
  },
  {
    "ID Number": "22000100",
    "Name": "Al Maashani, Amer",
    "Fed": "OMA",
    "Sex": "M",
    "Title": "FM",
    "WTit": "",
    "OTit": "",
    "FOA": "1977",
    "Rating": "AUG25",
    "Gms": "0",
    "K": "20",
    "B-day": "1985",
    "Flag": ""
  },
  {
    "ID Number": "22002383",
    "Name": "Al maashani, Amer Ahmed",
    "Fed": "OMA",
    "Sex": "M",
    "Title": "",
    "WTit": "",
    "OTit": "",
    "FOA": "1800",
    "Rating": "AUG25",
    "Gms": "0",
    "K": "40",
    "B-day": "1985",
    "Flag": "i"
  },
  {
    "ID Number": "22014713",
    "Name": "Al Maawali, Ammar",
    "Fed": "OMA",
    "Sex": "M",
    "Title": "",
    "WTit": "",
    "OTit": "",
    "FOA": "1476",
    "Rating": "AUG25",
    "Gms": "0",
    "K": "40",
    "B-day": "2011",
    "Flag": "i"
  },
  {
    "ID Number": "22012249",
    "Name": "Al Maawali, Dirias",
    "Fed": "OMA",
    "Sex": "M",
    "Title": "",
    "WTit": "",
    "OTit": "",
    "FOA": "1509",
    "Rating": "AUG25",
    "Gms": "0",
    "K": "40",
    "B-day": "2004",
    "Flag": "i"
  },
  {
    "ID Number": "22015698",
    "Name": "Al Maawali, Yousuf",
    "Fed": "OMA",
    "Sex": "M",
    "Title": "",
    "WTit": "",
    "OTit": "",
    "FOA": "1502",
    "Rating": "AUG25",
    "Gms": "0",
    "K": "40",
    "B-day": "2015",
    "Flag": "i"
  },
  {
    "ID Number": "22007997",
    "Name": "Al Mabsali, Salim Said",
    "Fed": "OMA",
    "Sex": "M",
    "Title": "",
    "WTit": "",
    "OTit": "",
    "FOA": "1576",
    "Rating": "AUG25",
    "Gms": "0",
    "K": "40",
    "B-day": "1991",
    "Flag": "i"
  },
  {
    "ID Number": "22010963",
    "Name": "Al Madhani, Ahmed",
    "Fed": "OMA",
    "Sex": "M",
    "Title": "",
    "WTit": "",
    "OTit": "",
    "FOA": "1437",
    "Rating": "AUG25",
    "Gms": "0",
    "K": "40",
    "B-day": "2008",
    "Flag": "i"
  },
  {
    "ID Number": "22011331",
    "Name": "Al Madhani, Khlfan",
    "Fed": "OMA",
    "Sex": "M",
    "Title": "",
    "WTit": "",
    "OTit": "",
    "FOA": "1506",
    "Rating": "AUG25",
    "Gms": "0",
    "K": "40",
    "B-day": "2004",
    "Flag": "i"
  },
  {
    "ID Number": "22015396",
    "Name": "Al Madhani, Omar",
    "Fed": "OMA",
    "Sex": "M",
    "Title": "",
    "WTit": "",
    "OTit": "",
    "FOA": "1557",
    "Rating": "AUG25",
    "Gms": "0",
    "K": "40",
    "B-day": "2007",
    "Flag": "i"
  },
  {
    "ID Number": "22004963",
    "Name": "Al Mahrezi, Ali",
    "Fed": "OMA",
    "Sex": "M",
    "Title": "",
    "WTit": "",
    "OTit": "",
    "FOA": "1551",
    "Rating": "AUG25",
    "Gms": "0",
    "K": "40",
    "B-day": "1979",
    "Flag": "i"
  },
  {
    "ID Number": "22007954",
    "Name": "Al Mahrooqi, Ahmed Zahran",
    "Fed": "OMA",
    "Sex": "M",
    "Title": "",
    "WTit": "",
    "OTit": "",
    "FOA": "1521",
    "Rating": "AUG25",
    "Gms": "0",
    "K": "40",
    "B-day": "1978",
    "Flag": "i"
  },
  {
    "ID Number": "22006621",
    "Name": "Al Mahrouqi, Fahad Said",
    "Fed": "OMA",
    "Sex": "M",
    "Title": "",
    "WTit": "",
    "OTit": "",
    "FOA": "1584",
    "Rating": "AUG25",
    "Gms": "0",
    "K": "40",
    "B-day": "2006",
    "Flag": "i"
  },
  {
    "ID Number": "22006168",
    "Name": "Al Mahrouqi, Mahmood",
    "Fed": "OMA",
    "Sex": "M",
    "Title": "",
    "WTit": "",
    "OTit": "",
    "FOA": "1436",
    "Rating": "AUG25",
    "Gms": "0",
    "K": "40",
    "B-day": "2008",
    "Flag": "i"
  },
  {
    "ID Number": "22006176",
    "Name": "Al Mahrouqi, Mohammed",
    "Fed": "OMA",
    "Sex": "M",
    "Title": "",
    "WTit": "",
    "OTit": "",
    "FOA": "1517",
    "Rating": "AUG25",
    "Gms": "0",
    "K": "40",
    "B-day": "2010",
    "Flag": ""
  },
  {
    "ID Number": "22000267",
    "Name": "Al Mahrouqi, Salem Mohamed",
    "Fed": "OMA",
    "Sex": "M",
    "Title": "",
    "WTit": "",
    "OTit": "",
    "FOA": "1748",
    "Rating": "AUG25",
    "Gms": "0",
    "K": "20",
    "B-day": "1979",
    "Flag": "i"
  },
  {
    "ID Number": "22004513",
    "Name": "Al Majaali, Mohammed",
    "Fed": "OMA",
    "Sex": "M",
    "Title": "",
    "WTit": "",
    "OTit": "",
    "FOA": "1704",
    "Rating": "AUG25",
    "Gms": "0",
    "K": "40",
    "B-day": "1990",
    "Flag": "i"
  },
  {
    "ID Number": "22001000",
    "Name": "Al Makhamari, Ahmed",
    "Fed": "OMA",
    "Sex": "M",
    "Title": "",
    "WTit": "",
    "OTit": "",
    "FOA": "1712",
    "Rating": "AUG25",
    "Gms": "0",
    "K": "20",
    "B-day": "1986",
    "Flag": ""
  },
  {
    "ID Number": "22008217",
    "Name": "Al Makhladi, Faisal",
    "Fed": "OMA",
    "Sex": "M",
    "Title": "",
    "WTit": "",
    "OTit": "",
    "FOA": "1701",
    "Rating": "AUG25",
    "Gms": "0",
    "K": "40",
    "B-day": "1995",
    "Flag": "i"
  },
  {
    "ID Number": "22000232",
    "Name": "Al Mamari Mohammed Salim",
    "Fed": "OMA",
    "Sex": "M",
    "Title": "",
    "WTit": "",
    "OTit": "",
    "FOA": "1709",
    "Rating": "AUG25",
    "Gms": "0",
    "K": "20",
    "B-day": "1977",
    "Flag": "i"
  },
  {
    "ID Number": "22013415",
    "Name": "Al Mamari, Abdulaziz khalfan",
    "Fed": "OMA",
    "Sex": "M",
    "Title": "",
    "WTit": "",
    "OTit": "",
    "FOA": "1616",
    "Rating": "AUG25",
    "Gms": "0",
    "K": "40",
    "B-day": "1997",
    "Flag": "i"
  },
  {
    "ID Number": "22029435",
    "Name": "Al Mamari, Abdullah Nasser",
    "Fed": "OMA",
    "Sex": "M",
    "Title": "",
    "WTit": "",
    "OTit": "",
    "FOA": "1467",
    "Rating": "AUG25",
    "Gms": "0",
    "K": "40",
    "B-day": "2004",
    "Flag": ""
  },
  {
    "ID Number": "22004190",
    "Name": "Al Mamari, Ahmed",
    "Fed": "OMA",
    "Sex": "M",
    "Title": "",
    "WTit": "NA",
    "OTit": "",
    "FOA": "1633",
    "Rating": "AUG25",
    "Gms": "0",
    "K": "20",
    "B-day": "1990",
    "Flag": "i"
  },
  {
    "ID Number": "22009671",
    "Name": "Al Mamari, Ali Abdullah",
    "Fed": "OMA",
    "Sex": "M",
    "Title": "",
    "WTit": "",
    "OTit": "",
    "FOA": "1759",
    "Rating": "AUG25",
    "Gms": "0",
    "K": "20",
    "B-day": "2000",
    "Flag": ""
  },
  {
    "ID Number": "22015213",
    "Name": "Al Mamari, Ghassan",
    "Fed": "OMA",
    "Sex": "M",
    "Title": "",
    "WTit": "",
    "OTit": "",
    "FOA": "1500",
    "Rating": "AUG25",
    "Gms": "0",
    "K": "20",
    "B-day": "1998",
    "Flag": ""
  },
  {
    "ID Number": "22007083",
    "Name": "Al Mamari, Imran",
    "Fed": "OMA",
    "Sex": "M",
    "Title": "",
    "WTit": "FA",
    "OTit": "",
    "FOA": "1701",
    "Rating": "AUG25",
    "Gms": "0",
    "K": "20",
    "B-day": "1998",
    "Flag": ""
  },
  {
    "ID Number": "22006184",
    "Name": "Al Mamari, Khalid Ahmed",
    "Fed": "OMA",
    "Sex": "M",
    "Title": "",
    "WTit": "FA",
    "OTit": "",
    "FOA": "1550",
    "Rating": "AUG25",
    "Gms": "0",
    "K": "20",
    "B-day": "1989",
    "Flag": "i"
  },
  {
    "ID Number": "22012699",
    "Name": "Al Mamari, Mohammed",
    "Fed": "OMA",
    "Sex": "M",
    "Title": "",
    "WTit": "",
    "OTit": "",
    "FOA": "1667",
    "Rating": "AUG25",
    "Gms": "0",
    "K": "20",
    "B-day": "2000",
    "Flag": ""
  },
  {
    "ID Number": "22000933",
    "Name": "Al Mamari, Mohammed Saif",
    "Fed": "OMA",
    "Sex": "M",
    "Title": "",
    "WTit": "",
    "OTit": "",
    "FOA": "1680",
    "Rating": "AUG25",
    "Gms": "0",
    "K": "40",
    "B-day": "1978",
    "Flag": "i"
  },
  {
    "ID Number": "22012400",
    "Name": "Al Mamari, Rajab",
    "Fed": "OMA",
    "Sex": "M",
    "Title": "",
    "WTit": "",
    "OTit": "",
    "FOA": "1684",
    "Rating": "AUG25",
    "Gms": "0",
    "K": "40",
    "B-day": "1990",
    "Flag": "i"
  },
  {
    "ID Number": "22008772",
    "Name": "Al Mamari, Said Ahmed",
    "Fed": "OMA",
    "Sex": "M",
    "Title": "",
    "WTit": "",
    "OTit": "",
    "FOA": "1796",
    "Rating": "AUG25",
    "Gms": "7",
    "K": "20",
    "B-day": "1995",
    "Flag": ""
  },
  {
    "ID Number": "22000992",
    "Name": "Al Mamari, Salem Said",
    "Fed": "OMA",
    "Sex": "M",
    "Title": "",
    "WTit": "",
    "OTit": "",
    "FOA": "1607",
    "Rating": "AUG25",
    "Gms": "0",
    "K": "40",
    "B-day": "1965",
    "Flag": ""
  },
  {
    "ID Number": "22016856",
    "Name": "Al Mamary, Kothar",
    "Fed": "OMA",
    "Sex": "F",
    "Title": "",
    "WTit": "",
    "OTit": "",
    "FOA": "1583",
    "Rating": "AUG25",
    "Gms": "0",
    "K": "20",
    "B-day": "2003",
    "Flag": "wi"
  },
  {
    "ID Number": "22021086",
    "Name": "Al Mandhari, Mohammed",
    "Fed": "OMA",
    "Sex": "M",
    "Title": "",
    "WTit": "",
    "OTit": "",
    "FOA": "1594",
    "Rating": "AUG25",
    "Gms": "5",
    "K": "40",
    "B-day": "2001",
    "Flag": ""
  },
  {
    "ID Number": "22030620",
    "Name": "Al Manwari, Abdulhadi Saleem",
    "Fed": "OMA",
    "Sex": "M",
    "Title": "",
    "WTit": "",
    "OTit": "",
    "FOA": "1561",
    "Rating": "AUG25",
    "Gms": "11",
    "K": "40",
    "B-day": "1993",
    "Flag": ""
  },
  {
    "ID Number": "22016325",
    "Name": "Al Maqbali, Doaa",
    "Fed": "OMA",
    "Sex": "F",
    "Title": "",
    "WTit": "",
    "OTit": "",
    "FOA": "1542",
    "Rating": "AUG25",
    "Gms": "0",
    "K": "40",
    "B-day": "2012",
    "Flag": "w"
  },
  {
    "ID Number": "22001140",
    "Name": "Al Maqbali, Faham Said",
    "Fed": "OMA",
    "Sex": "M",
    "Title": "",
    "WTit": "",
    "OTit": "",
    "FOA": "1789",
    "Rating": "AUG25",
    "Gms": "0",
    "K": "20",
    "B-day": "1968",
    "Flag": ""
  },
  {
    "ID Number": "22015370",
    "Name": "Al Maqbali, Saif",
    "Fed": "OMA",
    "Sex": "M",
    "Title": "",
    "WTit": "",
    "OTit": "",
    "FOA": "1470",
    "Rating": "AUG25",
    "Gms": "0",
    "K": "40",
    "B-day": "1999",
    "Flag": ""
  },
  {
    "ID Number": "22003452",
    "Name": "Al Maqbali, Wisam",
    "Fed": "OMA",
    "Sex": "M",
    "Title": "",
    "WTit": "",
    "OTit": "",
    "FOA": "1534",
    "Rating": "AUG25",
    "Gms": "0",
    "K": "40",
    "B-day": "2007",
    "Flag": "i"
  },
  {
    "ID Number": "22004394",
    "Name": "Al Mashani, Ahmed.S. Amer",
    "Fed": "OMA",
    "Sex": "M",
    "Title": "",
    "WTit": "",
    "OTit": "",
    "FOA": "1696",
    "Rating": "AUG25",
    "Gms": "0",
    "K": "20",
    "B-day": "1982",
    "Flag": "i"
  },
  {
    "ID Number": "22001921",
    "Name": "Al Masheki, Abdislam",
    "Fed": "OMA",
    "Sex": "M",
    "Title": "",
    "WTit": "",
    "OTit": "",
    "FOA": "1811",
    "Rating": "AUG25",
    "Gms": "0",
    "K": "20",
    "B-day": "1993",
    "Flag": "i"
  },
  {
    "ID Number": "22000097",
    "Name": "Al Mashikhi, Mohammed Alyan",
    "Fed": "OMA",
    "Sex": "M",
    "Title": "CM",
    "WTit": "",
    "OTit": "",
    "FOA": "1904",
    "Rating": "AUG25",
    "Gms": "0",
    "K": "20",
    "B-day": "1990",
    "Flag": ""
  },
  {
    "ID Number": "22000046",
    "Name": "Al Mashikhi, Salim Aliyan",
    "Fed": "OMA",
    "Sex": "M",
    "Title": "FM",
    "WTit": "",
    "OTit": "",
    "FOA": "1951",
    "Rating": "AUG25",
    "Gms": "0",
    "K": "20",
    "B-day": "1985",
    "Flag": ""
  },
  {
    "ID Number": "22000950",
    "Name": "Al Mashli, Thabit",
    "Fed": "OMA",
    "Sex": "M",
    "Title": "",
    "WTit": "",
    "OTit": "",
    "FOA": "1765",
    "Rating": "AUG25",
    "Gms": "0",
    "K": "20",
    "B-day": "1995",
    "Flag": "i"
  },
  {
    "ID Number": "22010831",
    "Name": "Al Masqari, Mohammed",
    "Fed": "OMA",
    "Sex": "M",
    "Title": "",
    "WTit": "",
    "OTit": "",
    "FOA": "1456",
    "Rating": "AUG25",
    "Gms": "0",
    "K": "40",
    "B-day": "2006",
    "Flag": "i"
  },
  {
    "ID Number": "22014861",
    "Name": "Al Mawali, Nasser",
    "Fed": "OMA",
    "Sex": "M",
    "Title": "",
    "WTit": "",
    "OTit": "",
    "FOA": "1425",
    "Rating": "AUG25",
    "Gms": "0",
    "K": "40",
    "B-day": "1991",
    "Flag": "i"
  },
  {
    "ID Number": "22025618",
    "Name": "Al Mayahi, Nizar",
    "Fed": "OMA",
    "Sex": "M",
    "Title": "",
    "WTit": "",
    "OTit": "",
    "FOA": "1457",
    "Rating": "AUG25",
    "Gms": "0",
    "K": "40",
    "B-day": "2001",
    "Flag": ""
  },
  {
    "ID Number": "22002677",
    "Name": "Al Moharbi, Mustafa",
    "Fed": "OMA",
    "Sex": "M",
    "Title": "",
    "WTit": "",
    "OTit": "",
    "FOA": "1687",
    "Rating": "AUG25",
    "Gms": "0",
    "K": "40",
    "B-day": "1995",
    "Flag": "i"
  },
  {
    "ID Number": "22013059",
    "Name": "Al Mughaizwi, Muna",
    "Fed": "OMA",
    "Sex": "F",
    "Title": "",
    "WTit": "",
    "OTit": "",
    "FOA": "1545",
    "Rating": "AUG25",
    "Gms": "0",
    "K": "40",
    "B-day": "1999",
    "Flag": "w"
  },
  {
    "ID Number": "22013717",
    "Name": "Al Muharbi, Imran",
    "Fed": "OMA",
    "Sex": "M",
    "Title": "",
    "WTit": "",
    "OTit": "",
    "FOA": "1570",
    "Rating": "AUG25",
    "Gms": "0",
    "K": "20",
    "B-day": "2001",
    "Flag": "i"
  },
  {
    "ID Number": "22026754",
    "Name": "Al Musallami, Talal",
    "Fed": "OMA",
    "Sex": "M",
    "Title": "",
    "WTit": "",
    "OTit": "",
    "FOA": "1422",
    "Rating": "AUG25",
    "Gms": "0",
    "K": "40",
    "B-day": "1970",
    "Flag": ""
  },
  {
    "ID Number": "22008756",
    "Name": "Al Naamani, Khalid",
    "Fed": "OMA",
    "Sex": "M",
    "Title": "",
    "WTit": "",
    "OTit": "",
    "FOA": "1510",
    "Rating": "AUG25",
    "Gms": "0",
    "K": "40",
    "B-day": "1980",
    "Flag": "i"
  },
  {
    "ID Number": "22014373",
    "Name": "Al Nadabi, Yomna",
    "Fed": "OMA",
    "Sex": "F",
    "Title": "",
    "WTit": "",
    "OTit": "",
    "FOA": "1597",
    "Rating": "AUG25",
    "Gms": "0",
    "K": "20",
    "B-day": "2005",
    "Flag": "w"
  },
  {
    "ID Number": "22016678",
    "Name": "Al Nahdi, Turki",
    "Fed": "OMA",
    "Sex": "M",
    "Title": "",
    "WTit": "",
    "OTit": "",
    "FOA": "1628",
    "Rating": "AUG25",
    "Gms": "0",
    "K": "40",
    "B-day": "2003",
    "Flag": "i"
  },
  {
    "ID Number": "22030727",
    "Name": "Al Nasiri, Dawoud Sulaiman",
    "Fed": "OMA",
    "Sex": "M",
    "Title": "",
    "WTit": "",
    "OTit": "",
    "FOA": "1422",
    "Rating": "AUG25",
    "Gms": "0",
    "K": "40",
    "B-day": "1986",
    "Flag": ""
  },
  {
    "ID Number": "22001352",
    "Name": "Al Nofli, Mohammed Saif",
    "Fed": "OMA",
    "Sex": "M",
    "Title": "",
    "WTit": "",
    "OTit": "",
    "FOA": "1632",
    "Rating": "AUG25",
    "Gms": "0",
    "K": "20",
    "B-day": "1991",
    "Flag": "i"
  },
  {
    "ID Number": "22008306",
    "Name": "Al Nofli, Zakaria",
    "Fed": "OMA",
    "Sex": "M",
    "Title": "",
    "WTit": "",
    "OTit": "",
    "FOA": "1607",
    "Rating": "AUG25",
    "Gms": "0",
    "K": "40",
    "B-day": "2003",
    "Flag": "i"
  },
  {
    "ID Number": "22004734",
    "Name": "Al Noufali, Isehaq",
    "Fed": "OMA",
    "Sex": "M",
    "Title": "",
    "WTit": "",
    "OTit": "",
    "FOA": "1633",
    "Rating": "AUG25",
    "Gms": "0",
    "K": "40",
    "B-day": "1992",
    "Flag": "i"
  },
  {
    "ID Number": "22011498",
    "Name": "Al Owaisi, Yaseen",
    "Fed": "OMA",
    "Sex": "M",
    "Title": "",
    "WTit": "",
    "OTit": "",
    "FOA": "1416",
    "Rating": "AUG25",
    "Gms": "0",
    "K": "40",
    "B-day": "1998",
    "Flag": "i"
  },
  {
    "ID Number": "22028048",
    "Name": "Al Qutaiti, Aiman",
    "Fed": "OMA",
    "Sex": "M",
    "Title": "",
    "WTit": "",
    "OTit": "",
    "FOA": "1470",
    "Rating": "AUG25",
    "Gms": "0",
    "K": "40",
    "B-day": "1992",
    "Flag": ""
  },
  {
    "ID Number": "22001204",
    "Name": "Al Qutaiti, Ghanim",
    "Fed": "OMA",
    "Sex": "M",
    "Title": "",
    "WTit": "",
    "OTit": "",
    "FOA": "1707",
    "Rating": "AUG25",
    "Gms": "0",
    "K": "40",
    "B-day": "1984",
    "Flag": "i"
  },
  {
    "ID Number": "22006427",
    "Name": "Al Rahbi, Ahmed Badar",
    "Fed": "OMA",
    "Sex": "M",
    "Title": "",
    "WTit": "",
    "OTit": "",
    "FOA": "1738",
    "Rating": "AUG25",
    "Gms": "7",
    "K": "40",
    "B-day": "2007",
    "Flag": ""
  },
  {
    "ID Number": "22023631",
    "Name": "Al Rahbi, Mohammed Sufyan",
    "Fed": "OMA",
    "Sex": "M",
    "Title": "",
    "WTit": "",
    "OTit": "",
    "FOA": "1472",
    "Rating": "AUG25",
    "Gms": "0",
    "K": "40",
    "B-day": "2012",
    "Flag": "i"
  },
  {
    "ID Number": "22019952",
    "Name": "Al Rahbi, Talal",
    "Fed": "OMA",
    "Sex": "M",
    "Title": "",
    "WTit": "",
    "OTit": "",
    "FOA": "1458",
    "Rating": "AUG25",
    "Gms": "0",
    "K": "40",
    "B-day": "1999",
    "Flag": "i"
  },
  {
    "ID Number": "22000275",
    "Name": "Al Raisi, Yasser Mansoor",
    "Fed": "OMA",
    "Sex": "M",
    "Title": "",
    "WTit": "",
    "OTit": "",
    "FOA": "1608",
    "Rating": "AUG25",
    "Gms": "0",
    "K": "20",
    "B-day": "1976",
    "Flag": ""
  },
  {
    "ID Number": "22023062",
    "Name": "Al Rajaibi, Mohammed",
    "Fed": "OMA",
    "Sex": "M",
    "Title": "",
    "WTit": "",
    "OTit": "",
    "FOA": "1471",
    "Rating": "AUG25",
    "Gms": "0",
    "K": "40",
    "B-day": "1993",
    "Flag": ""
  },
  {
    "ID Number": "22025146",
    "Name": "Al Rasbi, Al Hasan",
    "Fed": "OMA",
    "Sex": "M",
    "Title": "",
    "WTit": "",
    "OTit": "",
    "FOA": "1453",
    "Rating": "AUG25",
    "Gms": "0",
    "K": "40",
    "B-day": "2005",
    "Flag": "i"
  },
  {
    "ID Number": "22025081",
    "Name": "Al Rasbi, Muammar",
    "Fed": "OMA",
    "Sex": "M",
    "Title": "",
    "WTit": "",
    "OTit": "",
    "FOA": "1541",
    "Rating": "AUG25",
    "Gms": "0",
    "K": "40",
    "B-day": "1998",
    "Flag": "i"
  },
  {
    "ID Number": "22006869",
    "Name": "Al Rasbi, Said Nasser",
    "Fed": "OMA",
    "Sex": "M",
    "Title": "",
    "WTit": "",
    "OTit": "",
    "FOA": "1547",
    "Rating": "AUG25",
    "Gms": "0",
    "K": "40",
    "B-day": "1991",
    "Flag": "i"
  },
  {
    "ID Number": "22025820",
    "Name": "Al Rashdi, Feras",
    "Fed": "OMA",
    "Sex": "M",
    "Title": "",
    "WTit": "",
    "OTit": "",
    "FOA": "1491",
    "Rating": "AUG25",
    "Gms": "0",
    "K": "40",
    "B-day": "2007",
    "Flag": "i"
  },
  {
    "ID Number": "22002804",
    "Name": "Al Rashdi, Maath Hassan",
    "Fed": "OMA",
    "Sex": "M",
    "Title": "",
    "WTit": "",
    "OTit": "",
    "FOA": "1597",
    "Rating": "AUG25",
    "Gms": "0",
    "K": "40",
    "B-day": "2000",
    "Flag": "i"
  },
  {
    "ID Number": "22012451",
    "Name": "Al Rashdi, Mohammed",
    "Fed": "OMA",
    "Sex": "M",
    "Title": "",
    "WTit": "",
    "OTit": "",
    "FOA": "1615",
    "Rating": "AUG25",
    "Gms": "0",
    "K": "20",
    "B-day": "2006",
    "Flag": "i"
  },
  {
    "ID Number": "22016201",
    "Name": "Al Rawahi, Abdulrahman",
    "Fed": "OMA",
    "Sex": "M",
    "Title": "",
    "WTit": "",
    "OTit": "",
    "FOA": "1515",
    "Rating": "AUG25",
    "Gms": "0",
    "K": "40",
    "B-day": "2005",
    "Flag": "i"
  },
  {
    "ID Number": "22010505",
    "Name": "Al Rawahi, Ali",
    "Fed": "OMA",
    "Sex": "M",
    "Title": "",
    "WTit": "",
    "OTit": "",
    "FOA": "1710",
    "Rating": "AUG25",
    "Gms": "0",
    "K": "40",
    "B-day": "1979",
    "Flag": "i"
  },
  {
    "ID Number": "22017810",
    "Name": "Al Rawahi, Khalid Saif",
    "Fed": "OMA",
    "Sex": "M",
    "Title": "",
    "WTit": "",
    "OTit": "",
    "FOA": "1530",
    "Rating": "AUG25",
    "Gms": "0",
    "K": "40",
    "B-day": "1996",
    "Flag": "i"
  },
  {
    "ID Number": "22027645",
    "Name": "Al Rawahy, Abdul Malik",
    "Fed": "OMA",
    "Sex": "M",
    "Title": "",
    "WTit": "",
    "OTit": "",
    "FOA": "1480",
    "Rating": "AUG25",
    "Gms": "0",
    "K": "40",
    "B-day": "2009",
    "Flag": ""
  },
  {
    "ID Number": "22011978",
    "Name": "Al Rawas, Salim Ahmed",
    "Fed": "OMA",
    "Sex": "M",
    "Title": "",
    "WTit": "",
    "OTit": "",
    "FOA": "1507",
    "Rating": "AUG25",
    "Gms": "0",
    "K": "40",
    "B-day": "2001",
    "Flag": "i"
  },
  {
    "ID Number": "22016899",
    "Name": "Al Riyami, Majd",
    "Fed": "OMA",
    "Sex": "M",
    "Title": "",
    "WTit": "",
    "OTit": "",
    "FOA": "1476",
    "Rating": "AUG25",
    "Gms": "4",
    "K": "40",
    "B-day": "2015",
    "Flag": ""
  },
  {
    "ID Number": "22016902",
    "Name": "Al Riyami, Mohammed",
    "Fed": "OMA",
    "Sex": "M",
    "Title": "",
    "WTit": "",
    "OTit": "",
    "FOA": "1418",
    "Rating": "AUG25",
    "Gms": "5",
    "K": "40",
    "B-day": "2009",
    "Flag": ""
  },
  {
    "ID Number": "22017046",
    "Name": "Al Riyami, Saeed",
    "Fed": "OMA",
    "Sex": "M",
    "Title": "",
    "WTit": "",
    "OTit": "",
    "FOA": "1440",
    "Rating": "AUG25",
    "Gms": "0",
    "K": "40",
    "B-day": "2013",
    "Flag": ""
  },
  {
    "ID Number": "22015442",
    "Name": "Al Riyami, Saif",
    "Fed": "OMA",
    "Sex": "M",
    "Title": "",
    "WTit": "",
    "OTit": "",
    "FOA": "1577",
    "Rating": "AUG25",
    "Gms": "0",
    "K": "40",
    "B-day": "2010",
    "Flag": ""
  },
  {
    "ID Number": "22003665",
    "Name": "Al Rizeiqi, Omar",
    "Fed": "OMA",
    "Sex": "M",
    "Title": "",
    "WTit": "",
    "OTit": "",
    "FOA": "1563",
    "Rating": "AUG25",
    "Gms": "0",
    "K": "40",
    "B-day": "1991",
    "Flag": "i"
  },
  {
    "ID Number": "22006141",
    "Name": "Al Rubaee, Suhaib",
    "Fed": "OMA",
    "Sex": "M",
    "Title": "",
    "WTit": "",
    "OTit": "",
    "FOA": "1553",
    "Rating": "AUG25",
    "Gms": "0",
    "K": "20",
    "B-day": "2005",
    "Flag": "i"
  },
  {
    "ID Number": "22006109",
    "Name": "Al Rusheidi, Omer",
    "Fed": "OMA",
    "Sex": "M",
    "Title": "",
    "WTit": "",
    "OTit": "",
    "FOA": "1626",
    "Rating": "AUG25",
    "Gms": "0",
    "K": "40",
    "B-day": "1989",
    "Flag": "i"
  },
  {
    "ID Number": "22000917",
    "Name": "Al Ryami, Mustafa",
    "Fed": "OMA",
    "Sex": "M",
    "Title": "",
    "WTit": "",
    "OTit": "",
    "FOA": "1742",
    "Rating": "AUG25",
    "Gms": "0",
    "K": "40",
    "B-day": "1989",
    "Flag": "i"
  },
  {
    "ID Number": "22002618",
    "Name": "Al Saadi, Al Mutasim",
    "Fed": "OMA",
    "Sex": "M",
    "Title": "",
    "WTit": "",
    "OTit": "",
    "FOA": "1474",
    "Rating": "AUG25",
    "Gms": "0",
    "K": "20",
    "B-day": "1984",
    "Flag": "i"
  },
  {
    "ID Number": "22008861",
    "Name": "Al Saadi, Azher",
    "Fed": "OMA",
    "Sex": "M",
    "Title": "",
    "WTit": "",
    "OTit": "",
    "FOA": "1543",
    "Rating": "AUG25",
    "Gms": "0",
    "K": "40",
    "B-day": "1990",
    "Flag": "i"
  },
  {
    "ID Number": "22002553",
    "Name": "Al Saadi, Mazin",
    "Fed": "OMA",
    "Sex": "M",
    "Title": "",
    "WTit": "",
    "OTit": "",
    "FOA": "1616",
    "Rating": "AUG25",
    "Gms": "0",
    "K": "20",
    "B-day": "1984",
    "Flag": ""
  },
  {
    "ID Number": "22013520",
    "Name": "Al Sabagh, Mohamed",
    "Fed": "OMA",
    "Sex": "M",
    "Title": "",
    "WTit": "",
    "OTit": "",
    "FOA": "1508",
    "Rating": "AUG25",
    "Gms": "6",
    "K": "40",
    "B-day": "1991",
    "Flag": ""
  },
  {
    "ID Number": "22017950",
    "Name": "Al Sabei, Al Mouther",
    "Fed": "OMA",
    "Sex": "M",
    "Title": "",
    "WTit": "",
    "OTit": "",
    "FOA": "1656",
    "Rating": "AUG25",
    "Gms": "0",
    "K": "40",
    "B-day": "1996",
    "Flag": "i"
  },
  {
    "ID Number": "22017925",
    "Name": "Al Sabti, Abdul Malik",
    "Fed": "OMA",
    "Sex": "M",
    "Title": "",
    "WTit": "",
    "OTit": "",
    "FOA": "1660",
    "Rating": "AUG25",
    "Gms": "5",
    "K": "40",
    "B-day": "2007",
    "Flag": ""
  },
  {
    "ID Number": "22017887",
    "Name": "Al Sabti, Ahmed",
    "Fed": "OMA",
    "Sex": "M",
    "Title": "",
    "WTit": "",
    "OTit": "",
    "FOA": "1577",
    "Rating": "AUG25",
    "Gms": "3",
    "K": "40",
    "B-day": "2004",
    "Flag": ""
  },
  {
    "ID Number": "22017933",
    "Name": "Al Sabti, Wadhah",
    "Fed": "OMA",
    "Sex": "M",
    "Title": "",
    "WTit": "",
    "OTit": "",
    "FOA": "1592",
    "Rating": "AUG25",
    "Gms": "3",
    "K": "40",
    "B-day": "2009",
    "Flag": ""
  },
  {
    "ID Number": "22011374",
    "Name": "Al Saidi, Abdullah Harib",
    "Fed": "OMA",
    "Sex": "M",
    "Title": "",
    "WTit": "",
    "OTit": "",
    "FOA": "1635",
    "Rating": "AUG25",
    "Gms": "0",
    "K": "40",
    "B-day": "1996",
    "Flag": ""
  },
  {
    "ID Number": "22015132",
    "Name": "Al Saidi, Almuhannad",
    "Fed": "OMA",
    "Sex": "M",
    "Title": "",
    "WTit": "",
    "OTit": "",
    "FOA": "1564",
    "Rating": "AUG25",
    "Gms": "0",
    "K": "40",
    "B-day": "1991",
    "Flag": ""
  },
  {
    "ID Number": "22001271",
    "Name": "Al Saidi, Mohammed Khalfan",
    "Fed": "OMA",
    "Sex": "M",
    "Title": "",
    "WTit": "",
    "OTit": "",
    "FOA": "1915",
    "Rating": "AUG25",
    "Gms": "0",
    "K": "20",
    "B-day": "1990",
    "Flag": ""
  },
  {
    "ID Number": "22015795",
    "Name": "Al Saifi, Nasser",
    "Fed": "OMA",
    "Sex": "M",
    "Title": "",
    "WTit": "",
    "OTit": "",
    "FOA": "1534",
    "Rating": "AUG25",
    "Gms": "0",
    "K": "40",
    "B-day": "1991",
    "Flag": ""
  },
  {
    "ID Number": "22011790",
    "Name": "Al Salehi, Adnan",
    "Fed": "OMA",
    "Sex": "M",
    "Title": "",
    "WTit": "",
    "OTit": "",
    "FOA": "1474",
    "Rating": "AUG25",
    "Gms": "0",
    "K": "40",
    "B-day": "2005",
    "Flag": "i"
  },
  {
    "ID Number": "22011137",
    "Name": "Al Salehi, Azzan",
    "Fed": "OMA",
    "Sex": "M",
    "Title": "",
    "WTit": "",
    "OTit": "",
    "FOA": "1700",
    "Rating": "AUG25",
    "Gms": "0",
    "K": "20",
    "B-day": "1999",
    "Flag": "i"
  },
  {
    "ID Number": "22007180",
    "Name": "Al Salhi, Faisal Turki",
    "Fed": "OMA",
    "Sex": "M",
    "Title": "",
    "WTit": "",
    "OTit": "",
    "FOA": "1474",
    "Rating": "AUG25",
    "Gms": "0",
    "K": "40",
    "B-day": "2007",
    "Flag": "i"
  },
  {
    "ID Number": "22007172",
    "Name": "Al Salhi, Maitham Turki",
    "Fed": "OMA",
    "Sex": "M",
    "Title": "",
    "WTit": "",
    "OTit": "",
    "FOA": "1596",
    "Rating": "AUG25",
    "Gms": "0",
    "K": "40",
    "B-day": "2004",
    "Flag": "i"
  },
  {
    "ID Number": "22007199",
    "Name": "Al Salhi, Mulhem Turki",
    "Fed": "OMA",
    "Sex": "M",
    "Title": "",
    "WTit": "",
    "OTit": "",
    "FOA": "1439",
    "Rating": "AUG25",
    "Gms": "0",
    "K": "40",
    "B-day": "2009",
    "Flag": "i"
  },
  {
    "ID Number": "22016600",
    "Name": "Al Salmani, Mazin",
    "Fed": "OMA",
    "Sex": "M",
    "Title": "",
    "WTit": "",
    "OTit": "",
    "FOA": "1474",
    "Rating": "AUG25",
    "Gms": "0",
    "K": "40",
    "B-day": "1995",
    "Flag": "i"
  },
  {
    "ID Number": "22009078",
    "Name": "Al Sarairi, Said Hamed",
    "Fed": "OMA",
    "Sex": "M",
    "Title": "",
    "WTit": "",
    "OTit": "",
    "FOA": "1549",
    "Rating": "AUG25",
    "Gms": "0",
    "K": "40",
    "B-day": "1992",
    "Flag": "i"
  },
  {
    "ID Number": "22003380",
    "Name": "Al Sawafi, Abdul malik",
    "Fed": "OMA",
    "Sex": "M",
    "Title": "",
    "WTit": "",
    "OTit": "",
    "FOA": "1666",
    "Rating": "AUG25",
    "Gms": "0",
    "K": "40",
    "B-day": "1996",
    "Flag": "i"
  },
  {
    "ID Number": "22014306",
    "Name": "Al Sawafi, Abdulrhman",
    "Fed": "OMA",
    "Sex": "M",
    "Title": "",
    "WTit": "",
    "OTit": "",
    "FOA": "1529",
    "Rating": "AUG25",
    "Gms": "6",
    "K": "40",
    "B-day": "2004",
    "Flag": ""
  },
  {
    "ID Number": "22001964",
    "Name": "Al Shabibi, Al Yaqdhan",
    "Fed": "OMA",
    "Sex": "M",
    "Title": "",
    "WTit": "",
    "OTit": "",
    "FOA": "1709",
    "Rating": "AUG25",
    "Gms": "0",
    "K": "40",
    "B-day": "1995",
    "Flag": "i"
  },
  {
    "ID Number": "22025952",
    "Name": "Al Shabibi, Azzan",
    "Fed": "OMA",
    "Sex": "M",
    "Title": "",
    "WTit": "",
    "OTit": "",
    "FOA": "1536",
    "Rating": "AUG25",
    "Gms": "0",
    "K": "40",
    "B-day": "2008",
    "Flag": "i"
  },
  {
    "ID Number": "22001212",
    "Name": "Al Shabibi, Mohammed Sultan",
    "Fed": "OMA",
    "Sex": "M",
    "Title": "",
    "WTit": "",
    "OTit": "",
    "FOA": "1665",
    "Rating": "AUG25",
    "Gms": "0",
    "K": "40",
    "B-day": "1990",
    "Flag": "i"
  },
  {
    "ID Number": "22006699",
    "Name": "Al Shahri, Ali Ahmed",
    "Fed": "OMA",
    "Sex": "M",
    "Title": "",
    "WTit": "",
    "OTit": "",
    "FOA": "1533",
    "Rating": "AUG25",
    "Gms": "0",
    "K": "40",
    "B-day": "1980",
    "Flag": "i"
  },
  {
    "ID Number": "22020039",
    "Name": "Al Shaqri, Said",
    "Fed": "OMA",
    "Sex": "M",
    "Title": "",
    "WTit": "",
    "OTit": "",
    "FOA": "1437",
    "Rating": "AUG25",
    "Gms": "0",
    "K": "40",
    "B-day": "1993",
    "Flag": ""
  },
  {
    "ID Number": "22003193",
    "Name": "Al Shereiqi, Nasir",
    "Fed": "OMA",
    "Sex": "M",
    "Title": "",
    "WTit": "",
    "OTit": "",
    "FOA": "1554",
    "Rating": "AUG25",
    "Gms": "0",
    "K": "20",
    "B-day": "1988",
    "Flag": ""
  },
  {
    "ID Number": "22008829",
    "Name": "Al Shizawi, Mohammed",
    "Fed": "OMA",
    "Sex": "M",
    "Title": "",
    "WTit": "",
    "OTit": "",
    "FOA": "1519",
    "Rating": "AUG25",
    "Gms": "0",
    "K": "40",
    "B-day": "2009",
    "Flag": "i"
  },
  {
    "ID Number": "22016252",
    "Name": "Al Shukaili, Abdulaziz",
    "Fed": "OMA",
    "Sex": "M",
    "Title": "",
    "WTit": "",
    "OTit": "",
    "FOA": "1453",
    "Rating": "AUG25",
    "Gms": "1",
    "K": "40",
    "B-day": "2013",
    "Flag": ""
  },
  {
    "ID Number": "22013709",
    "Name": "Al Shukaili, Hoor",
    "Fed": "OMA",
    "Sex": "F",
    "Title": "",
    "WTit": "",
    "OTit": "",
    "FOA": "1478",
    "Rating": "AUG25",
    "Gms": "2",
    "K": "40",
    "B-day": "2008",
    "Flag": "w"
  },
  {
    "ID Number": "22013695",
    "Name": "Al Shukaili, Reem",
    "Fed": "OMA",
    "Sex": "F",
    "Title": "",
    "WTit": "",
    "OTit": "",
    "FOA": "1401",
    "Rating": "AUG25",
    "Gms": "4",
    "K": "40",
    "B-day": "2008",
    "Flag": "w"
  },
  {
    "ID Number": "22015426",
    "Name": "Al Shukaili, Zakariya",
    "Fed": "OMA",
    "Sex": "M",
    "Title": "",
    "WTit": "",
    "OTit": "",
    "FOA": "1431",
    "Rating": "AUG25",
    "Gms": "5",
    "K": "40",
    "B-day": "2013",
    "Flag": ""
  },
  {
    "ID Number": "22015647",
    "Name": "Al Sinani, Al Muhanad",
    "Fed": "OMA",
    "Sex": "M",
    "Title": "",
    "WTit": "",
    "OTit": "",
    "FOA": "1578",
    "Rating": "AUG25",
    "Gms": "0",
    "K": "40",
    "B-day": "2007",
    "Flag": "i"
  },
  {
    "ID Number": "22012796",
    "Name": "Al Sinani, Muayid",
    "Fed": "OMA",
    "Sex": "M",
    "Title": "",
    "WTit": "",
    "OTit": "",
    "FOA": "1601",
    "Rating": "AUG25",
    "Gms": "0",
    "K": "40",
    "B-day": "2004",
    "Flag": "i"
  },
  {
    "ID Number": "22001190",
    "Name": "Al Siyabi, Amjad Thani",
    "Fed": "OMA",
    "Sex": "M",
    "Title": "",
    "WTit": "DI",
    "OTit": "",
    "FOA": "1583",
    "Rating": "AUG25",
    "Gms": "0",
    "K": "40",
    "B-day": "1993",
    "Flag": "i"
  },
  {
    "ID Number": "22025049",
    "Name": "Al Subhi, Abdullah",
    "Fed": "OMA",
    "Sex": "M",
    "Title": "",
    "WTit": "",
    "OTit": "",
    "FOA": "1541",
    "Rating": "AUG25",
    "Gms": "0",
    "K": "40",
    "B-day": "1984",
    "Flag": ""
  },
  {
    "ID Number": "22003126",
    "Name": "Al Toubi, Emad",
    "Fed": "OMA",
    "Sex": "M",
    "Title": "",
    "WTit": "",
    "OTit": "",
    "FOA": "1515",
    "Rating": "AUG25",
    "Gms": "0",
    "K": "40",
    "B-day": "1992",
    "Flag": "i"
  },
  {
    "ID Number": "22019987",
    "Name": "Al Wadhahi, Ahmed",
    "Fed": "OMA",
    "Sex": "M",
    "Title": "",
    "WTit": "",
    "OTit": "",
    "FOA": "1669",
    "Rating": "AUG25",
    "Gms": "0",
    "K": "40",
    "B-day": "2006",
    "Flag": "i"
  },
  {
    "ID Number": "22006265",
    "Name": "Al Wadhahi, Salim",
    "Fed": "OMA",
    "Sex": "M",
    "Title": "",
    "WTit": "",
    "OTit": "",
    "FOA": "1467",
    "Rating": "AUG25",
    "Gms": "0",
    "K": "40",
    "B-day": "2007",
    "Flag": "i"
  },
  {
    "ID Number": "22004211",
    "Name": "Al Wadhahi, Sauod",
    "Fed": "OMA",
    "Sex": "M",
    "Title": "",
    "WTit": "",
    "OTit": "",
    "FOA": "1495",
    "Rating": "AUG25",
    "Gms": "0",
    "K": "40",
    "B-day": "1986",
    "Flag": ""
  },
  {
    "ID Number": "22015779",
    "Name": "Al Wahaibi, Intisar",
    "Fed": "OMA",
    "Sex": "F",
    "Title": "",
    "WTit": "",
    "OTit": "",
    "FOA": "1448",
    "Rating": "AUG25",
    "Gms": "0",
    "K": "40",
    "B-day": "1990",
    "Flag": "wi"
  },
  {
    "ID Number": "22008284",
    "Name": "Al Wahaibi, Salah",
    "Fed": "OMA",
    "Sex": "M",
    "Title": "",
    "WTit": "",
    "OTit": "",
    "FOA": "1563",
    "Rating": "AUG25",
    "Gms": "0",
    "K": "20",
    "B-day": "1983",
    "Flag": "i"
  },
  {
    "ID Number": "22025120",
    "Name": "Al Wardi, Jaber",
    "Fed": "OMA",
    "Sex": "M",
    "Title": "",
    "WTit": "",
    "OTit": "",
    "FOA": "1557",
    "Rating": "AUG25",
    "Gms": "0",
    "K": "40",
    "B-day": "1996",
    "Flag": "i"
  },
  {
    "ID Number": "22025090",
    "Name": "Al Wardi, Moaath",
    "Fed": "OMA",
    "Sex": "M",
    "Title": "",
    "WTit": "",
    "OTit": "",
    "FOA": "1494",
    "Rating": "AUG25",
    "Gms": "0",
    "K": "40",
    "B-day": "2002",
    "Flag": "i"
  },
  {
    "ID Number": "22012354",
    "Name": "Al Wardi, Saif",
    "Fed": "OMA",
    "Sex": "M",
    "Title": "",
    "WTit": "",
    "OTit": "",
    "FOA": "1409",
    "Rating": "AUG25",
    "Gms": "0",
    "K": "40",
    "B-day": "2008",
    "Flag": "i"
  },
  {
    "ID Number": "22012524",
    "Name": "Al Yahmadi, Anas",
    "Fed": "OMA",
    "Sex": "M",
    "Title": "",
    "WTit": "",
    "OTit": "",
    "FOA": "1629",
    "Rating": "AUG25",
    "Gms": "0",
    "K": "20",
    "B-day": "1997",
    "Flag": ""
  },
  {
    "ID Number": "22016643",
    "Name": "Al Yahmadi, Idris",
    "Fed": "OMA",
    "Sex": "M",
    "Title": "",
    "WTit": "",
    "OTit": "",
    "FOA": "1408",
    "Rating": "AUG25",
    "Gms": "0",
    "K": "40",
    "B-day": "2005",
    "Flag": "i"
  },
  {
    "ID Number": "22006370",
    "Name": "Al Yahmedi, Abdul Rahman",
    "Fed": "OMA",
    "Sex": "M",
    "Title": "",
    "WTit": "",
    "OTit": "",
    "FOA": "1480",
    "Rating": "AUG25",
    "Gms": "0",
    "K": "40",
    "B-day": "2008",
    "Flag": ""
  },
  {
    "ID Number": "22006389",
    "Name": "Al Yahmedi, Ahmed",
    "Fed": "OMA",
    "Sex": "M",
    "Title": "",
    "WTit": "",
    "OTit": "",
    "FOA": "1456",
    "Rating": "AUG25",
    "Gms": "0",
    "K": "40",
    "B-day": "2006",
    "Flag": "i"
  },
  {
    "ID Number": "22006397",
    "Name": "Al Yahmedi, Ibrahim",
    "Fed": "OMA",
    "Sex": "M",
    "Title": "",
    "WTit": "",
    "OTit": "",
    "FOA": "1488",
    "Rating": "AUG25",
    "Gms": "0",
    "K": "40",
    "B-day": "2010",
    "Flag": ""
  },
  {
    "ID Number": "22012966",
    "Name": "Al Yahyaee, Mohammed",
    "Fed": "OMA",
    "Sex": "M",
    "Title": "",
    "WTit": "",
    "OTit": "",
    "FOA": "1502",
    "Rating": "AUG25",
    "Gms": "0",
    "K": "40",
    "B-day": "1992",
    "Flag": ""
  },
  {
    "ID Number": "22005188",
    "Name": "Al Yahyaee, Sultan",
    "Fed": "OMA",
    "Sex": "M",
    "Title": "",
    "WTit": "",
    "OTit": "",
    "FOA": "1597",
    "Rating": "AUG25",
    "Gms": "0",
    "K": "20",
    "B-day": "1982",
    "Flag": "i"
  },
  {
    "ID Number": "22029486",
    "Name": "Al Yahyai, Abudl Rahman Hamood",
    "Fed": "OMA",
    "Sex": "M",
    "Title": "",
    "WTit": "",
    "OTit": "",
    "FOA": "1709",
    "Rating": "AUG25",
    "Gms": "0",
    "K": "40",
    "B-day": "2003",
    "Flag": ""
  },
  {
    "ID Number": "22001255",
    "Name": "Al Yaqoubi, Hilal Awadh",
    "Fed": "OMA",
    "Sex": "M",
    "Title": "",
    "WTit": "",
    "OTit": "",
    "FOA": "1561",
    "Rating": "AUG25",
    "Gms": "0",
    "K": "20",
    "B-day": "1991",
    "Flag": "i"
  },
  {
    "ID Number": "22018476",
    "Name": "Al Yousufi, Dawood",
    "Fed": "OMA",
    "Sex": "M",
    "Title": "",
    "WTit": "",
    "OTit": "",
    "FOA": "1562",
    "Rating": "AUG25",
    "Gms": "0",
    "K": "20",
    "B-day": "2004",
    "Flag": ""
  },
  {
    "ID Number": "22012567",
    "Name": "Al Zaabi, Faras",
    "Fed": "OMA",
    "Sex": "M",
    "Title": "",
    "WTit": "",
    "OTit": "",
    "FOA": "1723",
    "Rating": "AUG25",
    "Gms": "0",
    "K": "20",
    "B-day": "1997",
    "Flag": "i"
  },
  {
    "ID Number": "22008144",
    "Name": "Al Zadjali, Abdul Rahman",
    "Fed": "OMA",
    "Sex": "M",
    "Title": "",
    "WTit": "",
    "OTit": "",
    "FOA": "1939",
    "Rating": "AUG25",
    "Gms": "0",
    "K": "20",
    "B-day": "2006",
    "Flag": ""
  },
  {
    "ID Number": "22003398",
    "Name": "Al Zadjali, Hood",
    "Fed": "OMA",
    "Sex": "M",
    "Title": "",
    "WTit": "",
    "OTit": "",
    "FOA": "1500",
    "Rating": "AUG25",
    "Gms": "0",
    "K": "40",
    "B-day": "2001",
    "Flag": "i"
  },
  {
    "ID Number": "22030263",
    "Name": "Al Zadjali, Wail Yahya",
    "Fed": "OMA",
    "Sex": "M",
    "Title": "",
    "WTit": "",
    "OTit": "",
    "FOA": "1433",
    "Rating": "AUG25",
    "Gms": "0",
    "K": "40",
    "B-day": "1994",
    "Flag": ""
  },
  {
    "ID Number": "22025898",
    "Name": "Al Zuhimi, Abdullah",
    "Fed": "OMA",
    "Sex": "M",
    "Title": "",
    "WTit": "",
    "OTit": "",
    "FOA": "1540",
    "Rating": "AUG25",
    "Gms": "0",
    "K": "40",
    "B-day": "2003",
    "Flag": "i"
  },
  {
    "ID Number": "22025774",
    "Name": "Amar Jid, Mohsin",
    "Fed": "OMA",
    "Sex": "M",
    "Title": "",
    "WTit": "",
    "OTit": "",
    "FOA": "1462",
    "Rating": "AUG25",
    "Gms": "0",
    "K": "40",
    "B-day": "1972",
    "Flag": "i"
  },
  {
    "ID Number": "22024867",
    "Name": "Amar Jid, Nasr",
    "Fed": "OMA",
    "Sex": "M",
    "Title": "",
    "WTit": "",
    "OTit": "",
    "FOA": "1519",
    "Rating": "AUG25",
    "Gms": "0",
    "K": "40",
    "B-day": "2013",
    "Flag": "i"
  },
  {
    "ID Number": "22002081",
    "Name": "Amerjeed, Salim",
    "Fed": "OMA",
    "Sex": "M",
    "Title": "",
    "WTit": "",
    "OTit": "",
    "FOA": "1549",
    "Rating": "AUG25",
    "Gms": "0",
    "K": "40",
    "B-day": "1988",
    "Flag": "i"
  },
  {
    "ID Number": "22028323",
    "Name": "Bait Jamil, Amad",
    "Fed": "OMA",
    "Sex": "M",
    "Title": "",
    "WTit": "",
    "OTit": "",
    "FOA": "1514",
    "Rating": "AUG25",
    "Gms": "0",
    "K": "40",
    "B-day": "1983",
    "Flag": "i"
  },
  {
    "ID Number": "22008608",
    "Name": "Bait Said, Abdullah",
    "Fed": "OMA",
    "Sex": "M",
    "Title": "",
    "WTit": "",
    "OTit": "",
    "FOA": "1521",
    "Rating": "AUG25",
    "Gms": "0",
    "K": "40",
    "B-day": "2007",
    "Flag": "i"
  },
  {
    "ID Number": "22011277",
    "Name": "Bait Said, Ahmed Mohammed",
    "Fed": "OMA",
    "Sex": "M",
    "Title": "",
    "WTit": "",
    "OTit": "",
    "FOA": "1488",
    "Rating": "AUG25",
    "Gms": "0",
    "K": "40",
    "B-day": "2009",
    "Flag": "i"
  },
  {
    "ID Number": "22002197",
    "Name": "Bait Said, Ali",
    "Fed": "OMA",
    "Sex": "M",
    "Title": "",
    "WTit": "",
    "OTit": "",
    "FOA": "1656",
    "Rating": "AUG25",
    "Gms": "0",
    "K": "20",
    "B-day": "1977",
    "Flag": "i"
  },
  {
    "ID Number": "22001034",
    "Name": "Bait Said, Manaf Salim",
    "Fed": "OMA",
    "Sex": "M",
    "Title": "",
    "WTit": "",
    "OTit": "",
    "FOA": "1715",
    "Rating": "AUG25",
    "Gms": "0",
    "K": "40",
    "B-day": "1989",
    "Flag": ""
  },
  {
    "ID Number": "22006567",
    "Name": "Bait Said, Mohammed Ahmed",
    "Fed": "OMA",
    "Sex": "M",
    "Title": "",
    "WTit": "",
    "OTit": "",
    "FOA": "1602",
    "Rating": "AUG25",
    "Gms": "0",
    "K": "40",
    "B-day": "1979",
    "Flag": "i"
  },
  {
    "ID Number": "22005951",
    "Name": "Bait Said, Mohammed Ali",
    "Fed": "OMA",
    "Sex": "M",
    "Title": "",
    "WTit": "",
    "OTit": "",
    "FOA": "1652",
    "Rating": "AUG25",
    "Gms": "0",
    "K": "40",
    "B-day": "2003",
    "Flag": "i"
  },
  {
    "ID Number": "22001425",
    "Name": "Bait Said, Mosalam Mohad",
    "Fed": "OMA",
    "Sex": "M",
    "Title": "",
    "WTit": "",
    "OTit": "",
    "FOA": "1819",
    "Rating": "AUG25",
    "Gms": "0",
    "K": "40",
    "B-day": "1990",
    "Flag": "i"
  },
  {
    "ID Number": "22006613",
    "Name": "Bait Said, Musallam Mahad S.Z",
    "Fed": "OMA",
    "Sex": "M",
    "Title": "",
    "WTit": "",
    "OTit": "",
    "FOA": "1795",
    "Rating": "AUG25",
    "Gms": "0",
    "K": "40",
    "B-day": "1993",
    "Flag": "i"
  },
  {
    "ID Number": "22002227",
    "Name": "Bait Said, Salim Ahmed",
    "Fed": "OMA",
    "Sex": "M",
    "Title": "",
    "WTit": "NA",
    "OTit": "",
    "FOA": "1704",
    "Rating": "AUG25",
    "Gms": "0",
    "K": "20",
    "B-day": "1982",
    "Flag": "i"
  },
  {
    "ID Number": "22016155",
    "Name": "Balfora, Khalid",
    "Fed": "OMA",
    "Sex": "M",
    "Title": "",
    "WTit": "",
    "OTit": "",
    "FOA": "1490",
    "Rating": "AUG25",
    "Gms": "0",
    "K": "40",
    "B-day": "2002",
    "Flag": "i"
  },
  {
    "ID Number": "22030212",
    "Name": "Baoqbah, Ahmed Abdullah",
    "Fed": "OMA",
    "Sex": "M",
    "Title": "",
    "WTit": "",
    "OTit": "",
    "FOA": "1647",
    "Rating": "AUG25",
    "Gms": "0",
    "K": "40",
    "B-day": "2003",
    "Flag": ""
  },
  {
    "ID Number": "22002022",
    "Name": "Fadhil, Abdullah Salim",
    "Fed": "OMA",
    "Sex": "M",
    "Title": "",
    "WTit": "",
    "OTit": "",
    "FOA": "1781",
    "Rating": "AUG25",
    "Gms": "0",
    "K": "20",
    "B-day": "1993",
    "Flag": "i"
  },
  {
    "ID Number": "22009809",
    "Name": "Fadhil, Ahmed Salim",
    "Fed": "OMA",
    "Sex": "M",
    "Title": "",
    "WTit": "",
    "OTit": "",
    "FOA": "1528",
    "Rating": "AUG25",
    "Gms": "0",
    "K": "40",
    "B-day": "2009",
    "Flag": "i"
  },
  {
    "ID Number": "22002146",
    "Name": "Fadhil, Khalid Ahmed",
    "Fed": "OMA",
    "Sex": "M",
    "Title": "",
    "WTit": "",
    "OTit": "",
    "FOA": "1600",
    "Rating": "AUG25",
    "Gms": "0",
    "K": "40",
    "B-day": "1985",
    "Flag": "i"
  },
  {
    "ID Number": "22002260",
    "Name": "Fadhil, khalid Ali",
    "Fed": "OMA",
    "Sex": "M",
    "Title": "",
    "WTit": "",
    "OTit": "",
    "FOA": "1758",
    "Rating": "AUG25",
    "Gms": "0",
    "K": "20",
    "B-day": "1981",
    "Flag": ""
  },
  {
    "ID Number": "22009817",
    "Name": "Fadhil, Mohammed Salim Ahmed",
    "Fed": "OMA",
    "Sex": "M",
    "Title": "",
    "WTit": "",
    "OTit": "",
    "FOA": "1464",
    "Rating": "AUG25",
    "Gms": "0",
    "K": "40",
    "B-day": "2011",
    "Flag": "i"
  },
  {
    "ID Number": "22001417",
    "Name": "Fadhil, Salim Ahmed",
    "Fed": "OMA",
    "Sex": "M",
    "Title": "",
    "WTit": "",
    "OTit": "",
    "FOA": "1662",
    "Rating": "AUG25",
    "Gms": "0",
    "K": "20",
    "B-day": "1979",
    "Flag": ""
  },
  {
    "ID Number": "22000976",
    "Name": "Fadhil, Suhail Salim",
    "Fed": "OMA",
    "Sex": "M",
    "Title": "",
    "WTit": "",
    "OTit": "",
    "FOA": "1801",
    "Rating": "AUG25",
    "Gms": "0",
    "K": "40",
    "B-day": "1989",
    "Flag": "i"
  },
  {
    "ID Number": "22000534",
    "Name": "Hardan, Hamid Musallem",
    "Fed": "OMA",
    "Sex": "M",
    "Title": "",
    "WTit": "",
    "OTit": "",
    "FOA": "1858",
    "Rating": "AUG25",
    "Gms": "0",
    "K": "20",
    "B-day": "1976",
    "Flag": "i"
  },
  {
    "ID Number": "22002103",
    "Name": "Hardan, Mohammed Said",
    "Fed": "OMA",
    "Sex": "M",
    "Title": "",
    "WTit": "",
    "OTit": "",
    "FOA": "1810",
    "Rating": "AUG25",
    "Gms": "0",
    "K": "40",
    "B-day": "1971",
    "Flag": "i"
  },
  {
    "ID Number": "22020322",
    "Name": "Jaboob, Musallam",
    "Fed": "OMA",
    "Sex": "M",
    "Title": "",
    "WTit": "",
    "OTit": "",
    "FOA": "1615",
    "Rating": "AUG25",
    "Gms": "0",
    "K": "40",
    "B-day": "1988",
    "Flag": "i"
  },
  {
    "ID Number": "22000127",
    "Name": "Matar Hamad Nasser Al Bricki",
    "Fed": "OMA",
    "Sex": "M",
    "Title": "",
    "WTit": "",
    "OTit": "",
    "FOA": "1659",
    "Rating": "AUG25",
    "Gms": "0",
    "K": "40",
    "B-day": "1986",
    "Flag": "i"
  },
  {
    "ID Number": "22000356",
    "Name": "Mohammed Abdullah Al Maqbali",
    "Fed": "OMA",
    "Sex": "M",
    "Title": "",
    "WTit": "",
    "OTit": "",
    "FOA": "1692",
    "Rating": "AUG25",
    "Gms": "0",
    "K": "40",
    "B-day": "1979",
    "Flag": ""
  },
  {
    "ID Number": "22006079",
    "Name": "Mohammed Al Ryami",
    "Fed": "OMA",
    "Sex": "M",
    "Title": "",
    "WTit": "",
    "OTit": "",
    "FOA": "1826",
    "Rating": "AUG25",
    "Gms": "0",
    "K": "40",
    "B-day": "2008",
    "Flag": ""
  },
  {
    "ID Number": "22000399",
    "Name": "Musallam Salim Al Aamri",
    "Fed": "OMA",
    "Sex": "M",
    "Title": "",
    "WTit": "",
    "OTit": "",
    "FOA": "1913",
    "Rating": "AUG25",
    "Gms": "0",
    "K": "20",
    "B-day": "1984",
    "Flag": ""
  },
  {
    "ID Number": "22000860",
    "Name": "Qatan, Said Mahad",
    "Fed": "OMA",
    "Sex": "M",
    "Title": "",
    "WTit": "",
    "OTit": "",
    "FOA": "1747",
    "Rating": "AUG25",
    "Gms": "0",
    "K": "20",
    "B-day": "1976",
    "Flag": "i"
  },
  {
    "ID Number": "22000070",
    "Name": "Said Ahmed Ali Jidal Fadhil",
    "Fed": "OMA",
    "Sex": "M",
    "Title": "",
    "WTit": "FA",
    "OTit": "",
    "FOA": "1818",
    "Rating": "AUG25",
    "Gms": "0",
    "K": "20",
    "B-day": "1982",
    "Flag": ""
  },
  {
    "ID Number": "22000062",
    "Name": "Salim Issa, Ali Shamas",
    "Fed": "OMA",
    "Sex": "M",
    "Title": "CM",
    "WTit": "",
    "OTit": "",
    "FOA": "1827",
    "Rating": "AUG25",
    "Gms": "0",
    "K": "20",
    "B-day": "1969",
    "Flag": "i"
  },
  {
    "ID Number": "22000089",
    "Name": "Salim Mohammed, Salim Al Amri",
    "Fed": "OMA",
    "Sex": "M",
    "Title": "FM",
    "WTit": "",
    "OTit": "",
    "FOA": "1976",
    "Rating": "AUG25",
    "Gms": "0",
    "K": "20",
    "B-day": "1989",
    "Flag": ""
  },
  {
    "ID Number": "22000240",
    "Name": "Shamas Salim Ahmed",
    "Fed": "OMA",
    "Sex": "M",
    "Title": "",
    "WTit": "",
    "OTit": "",
    "FOA": "1729",
    "Rating": "AUG25",
    "Gms": "0",
    "K": "20",
    "B-day": "1976",
    "Flag": ""
  },
  {
    "ID Number": "22010920",
    "Name": "Shamas, Abdulrhman",
    "Fed": "OMA",
    "Sex": "M",
    "Title": "",
    "WTit": "",
    "OTit": "",
    "FOA": "1510",
    "Rating": "AUG25",
    "Gms": "0",
    "K": "40",
    "B-day": "2005",
    "Flag": "i"
  },
  {
    "ID Number": "22001816",
    "Name": "Shimas, Said Issa",
    "Fed": "OMA",
    "Sex": "M",
    "Title": "",
    "WTit": "",
    "OTit": "",
    "FOA": "1702",
    "Rating": "AUG25",
    "Gms": "0",
    "K": "20",
    "B-day": "1990",
    "Flag": ""
  },
  {
    "ID Number": "22004939",
    "Name": "Tabook, Hamed Salim",
    "Fed": "OMA",
    "Sex": "M",
    "Title": "",
    "WTit": "",
    "OTit": "",
    "FOA": "1740",
    "Rating": "AUG25",
    "Gms": "0",
    "K": "40",
    "B-day": "1993",
    "Flag": "i"
  },
  {
    "ID Number": "22019804",
    "Name": "Tabook, Mahad",
    "Fed": "OMA",
    "Sex": "M",
    "Title": "",
    "WTit": "",
    "OTit": "",
    "FOA": "1632",
    "Rating": "AUG25",
    "Gms": "0",
    "K": "40",
    "B-day": "1982",
    "Flag": "i"
  }
]