[
  {
    "ID Number": "22001832"
  },
  {
    "ID Number": "22004025"
  },
  {
    "ID Number": "22020152"
  },
  {
    "ID Number": "22020144"
  },
  {
    "ID Number": "22012320"
  },
  {
    "ID Number": "22011897"
  },
  {
    "ID Number": "22003231"
  },
  {
    "ID Number": "22004017"
  },
  {
    "ID Number": "22012290"
  },
  {
    "ID Number": "22004483"
  },
  {
    "ID Number": "22009752"
  },
  {
    "ID Number": "22005927"
  },
  {
    "ID Number": "22005900"
  },
  {
    "ID Number": "22004343"
  },
  {
    "ID Number": "22004297"
  },
  {
    "ID Number": "22008250"
  },
  {
    "ID Number": "22025111"
  },
  {
    "ID Number": "22027297"
  },
  {
    "ID Number": "22025103"
  },
  {
    "ID Number": "22004319"
  },
  {
    "ID Number": "22006893"
  },
  {
    "ID Number": "22000380"
  },
  {
    "ID Number": "22006710"
  },
  {
    "ID Number": "22008462"
  },
  {
    "ID Number": "22008314"
  },
  {
    "ID Number": "22000054"
  },
  {
    "ID Number": "22012869"
  },
  {
    "ID Number": "22021760"
  },
  {
    "ID Number": "22001603"
  },
  {
    "ID Number": "22022929"
  },
  {
    "ID Number": "22016538"
  },
  {
    "ID Number": "22003053"
  },
  {
    "ID Number": "22011587"
  },
  {
    "ID Number": "22010440"
  },
  {
    "ID Number": "22018034"
  },
  {
    "ID Number": "22000321"
  },
  {
    "ID Number": "22020098"
  },
  {
    "ID Number": "22008276"
  },
  {
    "ID Number": "22006206"
  },
  {
    "ID Number": "22008667"
  },
  {
    "ID Number": "22022821"
  },
  {
    "ID Number": "22001506"
  },
  {
    "ID Number": "22030719"
  },
  {
    "ID Number": "22023135"
  },
  {
    "ID Number": "22003010"
  },
  {
    "ID Number": "22021108"
  },
  {
    "ID Number": "22000330"
  },
  {
    "ID Number": "22010769"
  },
  {
    "ID Number": "22027173"
  },
  {
    "ID Number": "22012362"
  },
  {
    "ID Number": "22027181"
  },
  {
    "ID Number": "22002650"
  },
  {
    "ID Number": "22000984"
  },
  {
    "ID Number": "22000593"
  },
  {
    "ID Number": "22001336"
  },
  {
    "ID Number": "22001824"
  },
  {
    "ID Number": "22015744"
  },
  {
    "ID Number": "22002502"
  },
  {
    "ID Number": "22001107"
  },
  {
    "ID Number": "22020373"
  },
  {
    "ID Number": "22020365"
  },
  {
    "ID Number": "22016007"
  },
  {
    "ID Number": "22003746"
  },
  {
    "ID Number": "22007440"
  },
  {
    "ID Number": "22007431"
  },
  {
    "ID Number": "22007415"
  },
  {
    "ID Number": "22012044"
  },
  {
    "ID Number": "22016848"
  },
  {
    "ID Number": "22007903"
  },
  {
    "ID Number": "22006230"
  },
  {
    "ID Number": "22001220"
  },
  {
    "ID Number": "22000852"
  },
  {
    "ID Number": "22008128"
  },
  {
    "ID Number": "22008136"
  },
  {
    "ID Number": "22002545"
  },
  {
    "ID Number": "22006753"
  },
  {
    "ID Number": "22003886"
  },
  {
    "ID Number": "22005749"
  },
  {
    "ID Number": "22001573"
  },
  {
    "ID Number": "22006583"
  },
  {
    "ID Number": "22001280"
  },
  {
    "ID Number": "22009361"
  },
  {
    "ID Number": "22029095"
  },
  {
    "ID Number": "22004041"
  },
  {
    "ID Number": "22010840"
  },
  {
    "ID Number": "22000313"
  },
  {
    "ID Number": "22003436"
  },
  {
    "ID Number": "22024387"
  },
  {
    "ID Number": "22012192"
  },
  {
    "ID Number": "22017917"
  },
  {
    "ID Number": "22000291"
  },
  {
    "ID Number": "22020780"
  },
  {
    "ID Number": "22006494"
  },
  {
    "ID Number": "22003690"
  },
  {
    "ID Number": "22007334"
  },
  {
    "ID Number": "22008446"
  },
  {
    "ID Number": "22010181"
  },
  {
    "ID Number": "22031847"
  },
  {
    "ID Number": "22013849"
  },
  {
    "ID Number": "22025596"
  },
  {
    "ID Number": "22025030"
  },
  {
    "ID Number": "22024433"
  },
  {
    "ID Number": "22024417"
  },
  {
    "ID Number": "22024522"
  },
  {
    "ID Number": "22000194"
  },
  {
    "ID Number": "22021264"
  },
  {
    "ID Number": "22002570"
  },
  {
    "ID Number": "22006257"
  },
  {
    "ID Number": "22010696"
  },
  {
    "ID Number": "22023933"
  },
  {
    "ID Number": "22002561"
  },
  {
    "ID Number": "22012311"
  },
  {
    "ID Number": "22025197"
  },
  {
    "ID Number": "22001484"
  },
  {
    "ID Number": "22016198"
  },
  {
    "ID Number": "22015736"
  },
  {
    "ID Number": "22001077"
  },
  {
    "ID Number": "22027343"
  },
  {
    "ID Number": "22009841"
  },
  {
    "ID Number": "22000216"
  },
  {
    "ID Number": "22000208"
  },
  {
    "ID Number": "22002111"
  },
  {
    "ID Number": "22002294"
  },
  {
    "ID Number": "22025600"
  },
  {
    "ID Number": "22020357"
  },
  {
    "ID Number": "22024913"
  },
  {
    "ID Number": "22008993"
  },
  {
    "ID Number": "22015558"
  },
  {
    "ID Number": "22027777"
  },
  {
    "ID Number": "22011200"
  },
  {
    "ID Number": "22001069"
  },
  {
    "ID Number": "22002073"
  },
  {
    "ID Number": "22000712"
  },
  {
    "ID Number": "22004114"
  },
  {
    "ID Number": "22020829"
  },
  {
    "ID Number": "22018832"
  },
  {
    "ID Number": "22026541"
  },
  {
    "ID Number": "22022007"
  },
  {
    "ID Number": "22016244"
  },
  {
    "ID Number": "22014896"
  },
  {
    "ID Number": "22011005"
  },
  {
    "ID Number": "22008330"
  },
  {
    "ID Number": "22013156"
  },
  {
    "ID Number": "22012958"
  },
  {
    "ID Number": "22005587"
  },
  {
    "ID Number": "22026789"
  },
  {
    "ID Number": "22000259"
  },
  {
    "ID Number": "22024468"
  },
  {
    "ID Number": "22028072"
  },
  {
    "ID Number": "22028366"
  },
  {
    "ID Number": "22029400"
  },
  {
    "ID Number": "22001158"
  },
  {
    "ID Number": "22003185"
  },
  {
    "ID Number": "22024441"
  },
  {
    "ID Number": "22024450"
  },
  {
    "ID Number": "22030476"
  },
  {
    "ID Number": "22001115"
  },
  {
    "ID Number": "22000836"
  },
  {
    "ID Number": "22011366"
  },
  {
    "ID Number": "22006923"
  },
  {
    "ID Number": "22027807"
  },
  {
    "ID Number": "22030131"
  },
  {
    "ID Number": "22025278"
  },
  {
    "ID Number": "22022120"
  },
  {
    "ID Number": "22000429"
  },
  {
    "ID Number": "22002030"
  },
  {
    "ID Number": "22006648"
  },
  {
    "ID Number": "22028315"
  },
  {
    "ID Number": "22020209"
  },
  {
    "ID Number": "22000585"
  },
  {
    "ID Number": "22000526"
  },
  {
    "ID Number": "22006761"
  },
  {
    "ID Number": "22020047"
  },
  {
    "ID Number": "22002626"
  },
  {
    "ID Number": "22006010"
  },
  {
    "ID Number": "22003509"
  },
  {
    "ID Number": "22026487"
  },
  {
    "ID Number": "22021116"
  },
  {
    "ID Number": "22021043"
  },
  {
    "ID Number": "22000879"
  },
  {
    "ID Number": "22000941"
  },
  {
    "ID Number": "22030123"
  },
  {
    "ID Number": "22026002"
  },
  {
    "ID Number": "22014381"
  },
  {
    "ID Number": "22015914"
  },
  {
    "ID Number": "22010459"
  },
  {
    "ID Number": "22000542"
  },
  {
    "ID Number": "22002138"
  },
  {
    "ID Number": "22009116"
  },
  {
    "ID Number": "22000100"
  },
  {
    "ID Number": "22002383"
  },
  {
    "ID Number": "22014713"
  },
  {
    "ID Number": "22012249"
  },
  {
    "ID Number": "22015698"
  },
  {
    "ID Number": "22007997"
  },
  {
    "ID Number": "22010963"
  },
  {
    "ID Number": "22011331"
  },
  {
    "ID Number": "22015396"
  },
  {
    "ID Number": "22004963"
  },
  {
    "ID Number": "22007954"
  },
  {
    "ID Number": "22006621"
  },
  {
    "ID Number": "22006168"
  },
  {
    "ID Number": "22006176"
  },
  {
    "ID Number": "22000267"
  },
  {
    "ID Number": "22004513"
  },
  {
    "ID Number": "22001000"
  },
  {
    "ID Number": "22008217"
  },
  {
    "ID Number": "22000232"
  },
  {
    "ID Number": "22013415"
  },
  {
    "ID Number": "22029435"
  },
  {
    "ID Number": "22004190"
  },
  {
    "ID Number": "22009671"
  },
  {
    "ID Number": "22015213"
  },
  {
    "ID Number": "22007083"
  },
  {
    "ID Number": "22006184"
  },
  {
    "ID Number": "22012699"
  },
  {
    "ID Number": "22000933"
  },
  {
    "ID Number": "22012400"
  },
  {
    "ID Number": "22008772"
  },
  {
    "ID Number": "22000992"
  },
  {
    "ID Number": "22016856"
  },
  {
    "ID Number": "22021086"
  },
  {
    "ID Number": "22030620"
  },
  {
    "ID Number": "22016325"
  },
  {
    "ID Number": "22001140"
  },
  {
    "ID Number": "22015370"
  },
  {
    "ID Number": "22003452"
  },
  {
    "ID Number": "22004394"
  },
  {
    "ID Number": "22001921"
  },
  {
    "ID Number": "22000097"
  },
  {
    "ID Number": "22000046"
  },
  {
    "ID Number": "22000950"
  },
  {
    "ID Number": "22010831"
  },
  {
    "ID Number": "22014861"
  },
  {
    "ID Number": "22025618"
  },
  {
    "ID Number": "22002677"
  },
  {
    "ID Number": "22013059"
  },
  {
    "ID Number": "22013717"
  },
  {
    "ID Number": "22026754"
  },
  {
    "ID Number": "22008756"
  },
  {
    "ID Number": "22014373"
  },
  {
    "ID Number": "22016678"
  },
  {
    "ID Number": "22030727"
  },
  {
    "ID Number": "22001352"
  },
  {
    "ID Number": "22008306"
  },
  {
    "ID Number": "22004734"
  },
  {
    "ID Number": "22011498"
  },
  {
    "ID Number": "22028048"
  },
  {
    "ID Number": "22001204"
  },
  {
    "ID Number": "22006427"
  },
  {
    "ID Number": "22023631"
  },
  {
    "ID Number": "22019952"
  },
  {
    "ID Number": "22000275"
  },
  {
    "ID Number": "22023062"
  },
  {
    "ID Number": "22025146"
  },
  {
    "ID Number": "22025081"
  },
  {
    "ID Number": "22006869"
  },
  {
    "ID Number": "22025820"
  },
  {
    "ID Number": "22002804"
  },
  {
    "ID Number": "22012451"
  },
  {
    "ID Number": "22016201"
  },
  {
    "ID Number": "22010505"
  },
  {
    "ID Number": "22017810"
  },
  {
    "ID Number": "22027645"
  },
  {
    "ID Number": "22011978"
  },
  {
    "ID Number": "22016899"
  },
  {
    "ID Number": "22016902"
  },
  {
    "ID Number": "22017046"
  },
  {
    "ID Number": "22015442"
  },
  {
    "ID Number": "22003665"
  },
  {
    "ID Number": "22006141"
  },
  {
    "ID Number": "22006109"
  },
  {
    "ID Number": "22000917"
  },
  {
    "ID Number": "22002618"
  },
  {
    "ID Number": "22008861"
  },
  {
    "ID Number": "22002553"
  },
  {
    "ID Number": "22013520"
  },
  {
    "ID Number": "22017950"
  },
  {
    "ID Number": "22017925"
  },
  {
    "ID Number": "22017887"
  },
  {
    "ID Number": "22017933"
  },
  {
    "ID Number": "22011374"
  },
  {
    "ID Number": "22015132"
  },
  {
    "ID Number": "22001271"
  },
  {
    "ID Number": "22015795"
  },
  {
    "ID Number": "22011790"
  },
  {
    "ID Number": "22011137"
  },
  {
    "ID Number": "22007180"
  },
  {
    "ID Number": "22007172"
  },
  {
    "ID Number": "22007199"
  },
  {
    "ID Number": "22016600"
  },
  {
    "ID Number": "22009078"
  },
  {
    "ID Number": "22003380"
  },
  {
    "ID Number": "22014306"
  },
  {
    "ID Number": "22001964"
  },
  {
    "ID Number": "22025952"
  },
  {
    "ID Number": "22001212"
  },
  {
    "ID Number": "22006699"
  },
  {
    "ID Number": "22020039"
  },
  {
    "ID Number": "22003193"
  },
  {
    "ID Number": "22008829"
  },
  {
    "ID Number": "22016252"
  },
  {
    "ID Number": "22013709"
  },
  {
    "ID Number": "22013695"
  },
  {
    "ID Number": "22015426"
  },
  {
    "ID Number": "22015647"
  },
  {
    "ID Number": "22012796"
  },
  {
    "ID Number": "22001190"
  },
  {
    "ID Number": "22025049"
  },
  {
    "ID Number": "22003126"
  },
  {
    "ID Number": "22019987"
  },
  {
    "ID Number": "22006265"
  },
  {
    "ID Number": "22004211"
  },
  {
    "ID Number": "22015779"
  },
  {
    "ID Number": "22008284"
  },
  {
    "ID Number": "22025120"
  },
  {
    "ID Number": "22025090"
  },
  {
    "ID Number": "22012354"
  },
  {
    "ID Number": "22012524"
  },
  {
    "ID Number": "22016643"
  },
  {
    "ID Number": "22006370"
  },
  {
    "ID Number": "22006389"
  },
  {
    "ID Number": "22006397"
  },
  {
    "ID Number": "22012966"
  },
  {
    "ID Number": "22005188"
  },
  {
    "ID Number": "22029486"
  },
  {
    "ID Number": "22001255"
  },
  {
    "ID Number": "22018476"
  },
  {
    "ID Number": "22012567"
  },
  {
    "ID Number": "22008144"
  },
  {
    "ID Number": "22003398"
  },
  {
    "ID Number": "22030263"
  },
  {
    "ID Number": "22025898"
  },
  {
    "ID Number": "22025774"
  },
  {
    "ID Number": "22024867"
  },
  {
    "ID Number": "22002081"
  },
  {
    "ID Number": "22028323"
  },
  {
    "ID Number": "22008608"
  },
  {
    "ID Number": "22011277"
  },
  {
    "ID Number": "22002197"
  },
  {
    "ID Number": "22001034"
  },
  {
    "ID Number": "22006567"
  },
  {
    "ID Number": "22005951"
  },
  {
    "ID Number": "22001425"
  },
  {
    "ID Number": "22006613"
  },
  {
    "ID Number": "22002227"
  },
  {
    "ID Number": "22016155"
  },
  {
    "ID Number": "22030212"
  },
  {
    "ID Number": "22002022"
  },
  {
    "ID Number": "22009809"
  },
  {
    "ID Number": "22002146"
  },
  {
    "ID Number": "22002260"
  },
  {
    "ID Number": "22009817"
  },
  {
    "ID Number": "22001417"
  },
  {
    "ID Number": "22000976"
  },
  {
    "ID Number": "22000534"
  },
  {
    "ID Number": "22002103"
  },
  {
    "ID Number": "22020322"
  },
  {
    "ID Number": "22000127"
  },
  {
    "ID Number": "22000356"
  },
  {
    "ID Number": "22006079"
  },
  {
    "ID Number": "22000399"
  },
  {
    "ID Number": "22000860"
  },
  {
    "ID Number": "22000070"
  },
  {
    "ID Number": "22000062"
  },
  {
    "ID Number": "22000089"
  },
  {
    "ID Number": "22000240"
  },
  {
    "ID Number": "22010920"
  },
  {
    "ID Number": "22001816"
  },
  {
    "ID Number": "22004939"
  },
  {
    "ID Number": "22019804"
  }
]