[
  {
    "ID Number": "10502840",
    "Name": "Abd Aziz, Hazim Safwan",
    "Fed": "BRU",
    "Sex": "M",
    "Title": "",
    "WTit": "",
    "OTit": "",
    "FOA": "1800",
    "Rating": "AUG25",
    "Gms": "0",
    "K": "40",
    "B-day": "2003",
    "Flag": "i"
  },
  {
    "ID Number": "10503854",
    "Name": "Abd. Mujiib Yahya, Muhd. Nur Afiq",
    "Fed": "BRU",
    "Sex": "M",
    "Title": "",
    "WTit": "",
    "OTit": "",
    "FOA": "1525",
    "Rating": "AUG25",
    "Gms": "0",
    "K": "40",
    "B-day": "2000",
    "Flag": "i"
  },
  {
    "ID Number": "10500251",
    "Name": "Abidin, Zukkernain",
    "Fed": "BRU",
    "Sex": "M",
    "Title": "",
    "WTit": "",
    "OTit": "",
    "FOA": "1991",
    "Rating": "AUG25",
    "Gms": "0",
    "K": "20",
    "B-day": "0",
    "Flag": "i"
  },
  {
    "ID Number": "10501975",
    "Name": "Ahmad, Hj Mohd Nassir",
    "Fed": "BRU",
    "Sex": "M",
    "Title": "",
    "WTit": "",
    "OTit": "",
    "FOA": "1734",
    "Rating": "AUG25",
    "Gms": "0",
    "K": "20",
    "B-day": "1958",
    "Flag": "i"
  },
  {
    "ID Number": "10500260",
    "Name": "Ahmad, Md Siraj Munir",
    "Fed": "BRU",
    "Sex": "M",
    "Title": "",
    "WTit": "",
    "OTit": "",
    "FOA": "1949",
    "Rating": "AUG25",
    "Gms": "0",
    "K": "20",
    "B-day": "0",
    "Flag": "i"
  },
  {
    "ID Number": "10500278",
    "Name": "Ahmad, Munirruddin",
    "Fed": "BRU",
    "Sex": "M",
    "Title": "",
    "WTit": "",
    "OTit": "",
    "FOA": "2071",
    "Rating": "AUG25",
    "Gms": "0",
    "K": "40",
    "B-day": "0",
    "Flag": "i"
  },
  {
    "ID Number": "10502203",
    "Name": "Ak Abdel Faizzuddin Pg Sallehuddin",
    "Fed": "BRU",
    "Sex": "M",
    "Title": "",
    "WTit": "",
    "OTit": "",
    "FOA": "1606",
    "Rating": "AUG25",
    "Gms": "0",
    "K": "40",
    "B-day": "1996",
    "Flag": "i"
  },
  {
    "ID Number": "10503846",
    "Name": "Akmal, Ahmad",
    "Fed": "BRU",
    "Sex": "M",
    "Title": "",
    "WTit": "",
    "OTit": "",
    "FOA": "1809",
    "Rating": "AUG25",
    "Gms": "0",
    "K": "20",
    "B-day": "2004",
    "Flag": ""
  },
  {
    "ID Number": "10500634",
    "Name": "Akmal, Lathif",
    "Fed": "BRU",
    "Sex": "M",
    "Title": "",
    "WTit": "",
    "OTit": "",
    "FOA": "1833",
    "Rating": "AUG25",
    "Gms": "0",
    "K": "40",
    "B-day": "0",
    "Flag": "i"
  },
  {
    "ID Number": "10500014",
    "Name": "Ali, M.Z.",
    "Fed": "BRU",
    "Sex": "M",
    "Title": "",
    "WTit": "",
    "OTit": "",
    "FOA": "2305",
    "Rating": "AUG25",
    "Gms": "0",
    "K": "20",
    "B-day": "0",
    "Flag": "i"
  },
  {
    "ID Number": "10501924",
    "Name": "Ali, Zainal Abidin",
    "Fed": "BRU",
    "Sex": "M",
    "Title": "",
    "WTit": "",
    "OTit": "",
    "FOA": "1950",
    "Rating": "AUG25",
    "Gms": "0",
    "K": "40",
    "B-day": "1955",
    "Flag": "i"
  },
  {
    "ID Number": "10503811",
    "Name": "Ashton Lit Fu Ho",
    "Fed": "BRU",
    "Sex": "M",
    "Title": "",
    "WTit": "",
    "OTit": "",
    "FOA": "1679",
    "Rating": "AUG25",
    "Gms": "0",
    "K": "40",
    "B-day": "2008",
    "Flag": "i"
  },
  {
    "ID Number": "10500324",
    "Name": "Azahari, Aliuddin",
    "Fed": "BRU",
    "Sex": "M",
    "Title": "FM",
    "WTit": "NA",
    "OTit": "",
    "FOA": "1989",
    "Rating": "AUG25",
    "Gms": "0",
    "K": "20",
    "B-day": "1991",
    "Flag": "i"
  },
  {
    "ID Number": "10500235",
    "Name": "Badarudin, Muhammad Ahsanuddien",
    "Fed": "BRU",
    "Sex": "M",
    "Title": "",
    "WTit": "",
    "OTit": "",
    "FOA": "1826",
    "Rating": "AUG25",
    "Gms": "0",
    "K": "20",
    "B-day": "1996",
    "Flag": "i"
  },
  {
    "ID Number": "10503200",
    "Name": "Bobby, Hassan",
    "Fed": "BRU",
    "Sex": "M",
    "Title": "",
    "WTit": "",
    "OTit": "",
    "FOA": "1702",
    "Rating": "AUG25",
    "Gms": "0",
    "K": "40",
    "B-day": "1981",
    "Flag": "i"
  },
  {
    "ID Number": "10500049",
    "Name": "Dollah, Zaidi",
    "Fed": "BRU",
    "Sex": "M",
    "Title": "",
    "WTit": "",
    "OTit": "",
    "FOA": "2365",
    "Rating": "AUG25",
    "Gms": "0",
    "K": "10",
    "B-day": "0",
    "Flag": "i"
  },
  {
    "ID Number": "10500286",
    "Name": "Edin, Jamil",
    "Fed": "BRU",
    "Sex": "M",
    "Title": "",
    "WTit": "",
    "OTit": "",
    "FOA": "2272",
    "Rating": "AUG25",
    "Gms": "0",
    "K": "40",
    "B-day": "0",
    "Flag": "i"
  },
  {
    "ID Number": "10502068",
    "Name": "Fauzi, Zaini",
    "Fed": "BRU",
    "Sex": "M",
    "Title": "",
    "WTit": "",
    "OTit": "",
    "FOA": "1857",
    "Rating": "AUG25",
    "Gms": "0",
    "K": "40",
    "B-day": "1986",
    "Flag": "i"
  },
  {
    "ID Number": "10500294",
    "Name": "Gani, Baharom",
    "Fed": "BRU",
    "Sex": "M",
    "Title": "",
    "WTit": "",
    "OTit": "",
    "FOA": "2206",
    "Rating": "AUG25",
    "Gms": "0",
    "K": "40",
    "B-day": "0",
    "Flag": "i"
  },
  {
    "ID Number": "10503480",
    "Name": "Haji Mahmud, Haji Adi Ihram",
    "Fed": "BRU",
    "Sex": "M",
    "Title": "",
    "WTit": "",
    "OTit": "",
    "FOA": "1660",
    "Rating": "AUG25",
    "Gms": "0",
    "K": "40",
    "B-day": "1972",
    "Flag": "i"
  },
  {
    "ID Number": "10502670",
    "Name": "Hasnul, Hashim",
    "Fed": "BRU",
    "Sex": "M",
    "Title": "",
    "WTit": "",
    "OTit": "",
    "FOA": "1695",
    "Rating": "AUG25",
    "Gms": "8",
    "K": "20",
    "B-day": "1972",
    "Flag": ""
  },
  {
    "ID Number": "10500669",
    "Name": "Hj Ibrahim, Ali",
    "Fed": "BRU",
    "Sex": "M",
    "Title": "",
    "WTit": "",
    "OTit": "",
    "FOA": "1897",
    "Rating": "AUG25",
    "Gms": "0",
    "K": "40",
    "B-day": "0",
    "Flag": "i"
  },
  {
    "ID Number": "10502017",
    "Name": "Hj Jumarali,Muhamad Saruddin",
    "Fed": "BRU",
    "Sex": "M",
    "Title": "",
    "WTit": "",
    "OTit": "",
    "FOA": "1861",
    "Rating": "AUG25",
    "Gms": "0",
    "K": "40",
    "B-day": "1976",
    "Flag": "i"
  },
  {
    "ID Number": "10500022",
    "Name": "Hj Kura, A.",
    "Fed": "BRU",
    "Sex": "M",
    "Title": "",
    "WTit": "",
    "OTit": "",
    "FOA": "2247",
    "Rating": "AUG25",
    "Gms": "0",
    "K": "20",
    "B-day": "1958",
    "Flag": "i"
  },
  {
    "ID Number": "10502092",
    "Name": "Hj Md Said, Matnor",
    "Fed": "BRU",
    "Sex": "M",
    "Title": "",
    "WTit": "",
    "OTit": "",
    "FOA": "1749",
    "Rating": "AUG25",
    "Gms": "0",
    "K": "40",
    "B-day": "1952",
    "Flag": "i"
  },
  {
    "ID Number": "10501959",
    "Name": "Hj Metahir, Hj Abd Rahman",
    "Fed": "BRU",
    "Sex": "M",
    "Title": "",
    "WTit": "",
    "OTit": "",
    "FOA": "1879",
    "Rating": "AUG25",
    "Gms": "0",
    "K": "40",
    "B-day": "1947",
    "Flag": "i"
  },
  {
    "ID Number": "10500308",
    "Name": "Hj, Abd Hamid Ilham",
    "Fed": "BRU",
    "Sex": "M",
    "Title": "",
    "WTit": "",
    "OTit": "",
    "FOA": "2229",
    "Rating": "AUG25",
    "Gms": "0",
    "K": "40",
    "B-day": "0",
    "Flag": "i"
  },
  {
    "ID Number": "10500316",
    "Name": "Hj, Abd Wahid Saiful Azmi",
    "Fed": "BRU",
    "Sex": "M",
    "Title": "",
    "WTit": "",
    "OTit": "",
    "FOA": "2028",
    "Rating": "AUG25",
    "Gms": "0",
    "K": "40",
    "B-day": "0",
    "Flag": "i"
  },
  {
    "ID Number": "10501940",
    "Name": "Hj, Awg Idris, Mohammad Ihsan",
    "Fed": "BRU",
    "Sex": "M",
    "Title": "",
    "WTit": "",
    "OTit": "",
    "FOA": "1982",
    "Rating": "AUG25",
    "Gms": "0",
    "K": "40",
    "B-day": "1987",
    "Flag": "i"
  },
  {
    "ID Number": "10500332",
    "Name": "Hj, Azahari Md Nur Arrifin",
    "Fed": "BRU",
    "Sex": "M",
    "Title": "",
    "WTit": "",
    "OTit": "",
    "FOA": "1996",
    "Rating": "AUG25",
    "Gms": "0",
    "K": "20",
    "B-day": "0",
    "Flag": "i"
  },
  {
    "ID Number": "10500340",
    "Name": "Hj, Azahari Siti Nur Fatanah",
    "Fed": "BRU",
    "Sex": "F",
    "Title": "",
    "WTit": "",
    "OTit": "",
    "FOA": "1927",
    "Rating": "AUG25",
    "Gms": "0",
    "K": "20",
    "B-day": "1996",
    "Flag": "wi"
  },
  {
    "ID Number": "10500359",
    "Name": "Hj, Azahari Siti Nur Fatimah",
    "Fed": "BRU",
    "Sex": "F",
    "Title": "WFM",
    "WTit": "WFM",
    "OTit": "",
    "FOA": "1972",
    "Rating": "AUG25",
    "Gms": "0",
    "K": "20",
    "B-day": "1992",
    "Flag": "wi"
  },
  {
    "ID Number": "10500367",
    "Name": "Hj, Emran Ahmad Bukhari",
    "Fed": "BRU",
    "Sex": "M",
    "Title": "",
    "WTit": "",
    "OTit": "",
    "FOA": "2119",
    "Rating": "AUG25",
    "Gms": "0",
    "K": "40",
    "B-day": "0",
    "Flag": "i"
  },
  {
    "ID Number": "10500375",
    "Name": "Hj, Emran Md Abqari",
    "Fed": "BRU",
    "Sex": "M",
    "Title": "",
    "WTit": "",
    "OTit": "",
    "FOA": "2114",
    "Rating": "AUG25",
    "Gms": "0",
    "K": "40",
    "B-day": "0",
    "Flag": "i"
  },
  {
    "ID Number": "10500383",
    "Name": "Hj, Shamsuddin Siti Syazwani",
    "Fed": "BRU",
    "Sex": "M",
    "Title": "",
    "WTit": "",
    "OTit": "",
    "FOA": "2036",
    "Rating": "AUG25",
    "Gms": "0",
    "K": "40",
    "B-day": "0",
    "Flag": "i"
  },
  {
    "ID Number": "10500391",
    "Name": "Hj, Sulaiman Amir Fakhry",
    "Fed": "BRU",
    "Sex": "M",
    "Title": "",
    "WTit": "",
    "OTit": "",
    "FOA": "1998",
    "Rating": "AUG25",
    "Gms": "0",
    "K": "20",
    "B-day": "0",
    "Flag": "i"
  },
  {
    "ID Number": "10500405",
    "Name": "Hj, Sulaiman Hj Md Baharuddin",
    "Fed": "BRU",
    "Sex": "M",
    "Title": "",
    "WTit": "",
    "OTit": "",
    "FOA": "2121",
    "Rating": "AUG25",
    "Gms": "0",
    "K": "20",
    "B-day": "0",
    "Flag": "i"
  },
  {
    "ID Number": "10500421",
    "Name": "Hj, Zabadi Siti Syazalina",
    "Fed": "BRU",
    "Sex": "M",
    "Title": "",
    "WTit": "",
    "OTit": "",
    "FOA": "2036",
    "Rating": "AUG25",
    "Gms": "0",
    "K": "40",
    "B-day": "0",
    "Flag": "i"
  },
  {
    "ID Number": "10500731",
    "Name": "Hj. Mahrup, Hj. Kipli",
    "Fed": "BRU",
    "Sex": "M",
    "Title": "",
    "WTit": "",
    "OTit": "",
    "FOA": "1771",
    "Rating": "AUG25",
    "Gms": "0",
    "K": "20",
    "B-day": "0",
    "Flag": "i"
  },
  {
    "ID Number": "10503110",
    "Name": "Hj. Maidin, Md. Amirul Asri",
    "Fed": "BRU",
    "Sex": "M",
    "Title": "",
    "WTit": "",
    "OTit": "",
    "FOA": "1751",
    "Rating": "AUG25",
    "Gms": "0",
    "K": "40",
    "B-day": "1986",
    "Flag": "i"
  },
  {
    "ID Number": "10503170",
    "Name": "Hussin, Fazreena",
    "Fed": "BRU",
    "Sex": "F",
    "Title": "",
    "WTit": "",
    "OTit": "",
    "FOA": "1627",
    "Rating": "AUG25",
    "Gms": "0",
    "K": "40",
    "B-day": "1990",
    "Flag": "w"
  },
  {
    "ID Number": "10500995",
    "Name": "Ibrahim, Pg Abu Bakar",
    "Fed": "BRU",
    "Sex": "M",
    "Title": "",
    "WTit": "",
    "OTit": "",
    "FOA": "1861",
    "Rating": "AUG25",
    "Gms": "0",
    "K": "40",
    "B-day": "1965",
    "Flag": "i"
  },
  {
    "ID Number": "10501703",
    "Name": "Izan, Bujang",
    "Fed": "BRU",
    "Sex": "M",
    "Title": "",
    "WTit": "",
    "OTit": "",
    "FOA": "1720",
    "Rating": "AUG25",
    "Gms": "0",
    "K": "40",
    "B-day": "1974",
    "Flag": "i"
  },
  {
    "ID Number": "10500677",
    "Name": "Izzuddin , Zain",
    "Fed": "BRU",
    "Sex": "M",
    "Title": "",
    "WTit": "",
    "OTit": "",
    "FOA": "1911",
    "Rating": "AUG25",
    "Gms": "0",
    "K": "20",
    "B-day": "0",
    "Flag": "i"
  },
  {
    "ID Number": "10502149",
    "Name": "Japar,Pg Omar Baki",
    "Fed": "BRU",
    "Sex": "M",
    "Title": "",
    "WTit": "",
    "OTit": "",
    "FOA": "1829",
    "Rating": "AUG25",
    "Gms": "0",
    "K": "20",
    "B-day": "1959",
    "Flag": "i"
  },
  {
    "ID Number": "10501053",
    "Name": "Kamarul Arriffin, Bin Hj Kipli",
    "Fed": "BRU",
    "Sex": "M",
    "Title": "",
    "WTit": "",
    "OTit": "",
    "FOA": "1742",
    "Rating": "AUG25",
    "Gms": "0",
    "K": "20",
    "B-day": "0",
    "Flag": "i"
  },
  {
    "ID Number": "10500170",
    "Name": "Kamis, Kamarunsalehin",
    "Fed": "BRU",
    "Sex": "M",
    "Title": "",
    "WTit": "",
    "OTit": "",
    "FOA": "1986",
    "Rating": "AUG25",
    "Gms": "0",
    "K": "20",
    "B-day": "1986",
    "Flag": "i"
  },
  {
    "ID Number": "10500456",
    "Name": "Kasim, Matiin",
    "Fed": "BRU",
    "Sex": "M",
    "Title": "",
    "WTit": "",
    "OTit": "",
    "FOA": "AFM",
    "Rating": "AUG25",
    "Gms": "2014",
    "K": "0",
    "B-day": "1986",
    "Flag": "i"
  },
  {
    "ID Number": "10500073",
    "Name": "Leong, Voon CHoon",
    "Fed": "BRU",
    "Sex": "M",
    "Title": "",
    "WTit": "",
    "OTit": "",
    "FOA": "1930",
    "Rating": "AUG25",
    "Gms": "0",
    "K": "20",
    "B-day": "0",
    "Flag": "i"
  },
  {
    "ID Number": "10502629",
    "Name": "Lim Teck Guan,Rodney",
    "Fed": "BRU",
    "Sex": "M",
    "Title": "",
    "WTit": "",
    "OTit": "",
    "FOA": "1945",
    "Rating": "AUG25",
    "Gms": "0",
    "K": "20",
    "B-day": "2003",
    "Flag": ""
  },
  {
    "ID Number": "10500430",
    "Name": "Lim, Joseph Dato",
    "Fed": "BRU",
    "Sex": "M",
    "Title": "",
    "WTit": "",
    "OTit": "",
    "FOA": "2200",
    "Rating": "AUG25",
    "Gms": "0",
    "K": "40",
    "B-day": "0",
    "Flag": "i"
  },
  {
    "ID Number": "10502190",
    "Name": "Md Ridhwan Md Ismail",
    "Fed": "BRU",
    "Sex": "M",
    "Title": "",
    "WTit": "",
    "OTit": "",
    "FOA": "1829",
    "Rating": "AUG25",
    "Gms": "0",
    "K": "40",
    "B-day": "1999",
    "Flag": "i"
  },
  {
    "ID Number": "10502211",
    "Name": "Md Syafiq Syukri Awang Arifin",
    "Fed": "BRU",
    "Sex": "M",
    "Title": "",
    "WTit": "",
    "OTit": "",
    "FOA": "1719",
    "Rating": "AUG25",
    "Gms": "0",
    "K": "40",
    "B-day": "1997",
    "Flag": "i"
  },
  {
    "ID Number": "10502823",
    "Name": "Md. Nabil, Irfan",
    "Fed": "BRU",
    "Sex": "M",
    "Title": "",
    "WTit": "",
    "OTit": "",
    "FOA": "1718",
    "Rating": "AUG25",
    "Gms": "0",
    "K": "40",
    "B-day": "1996",
    "Flag": "i"
  },
  {
    "ID Number": "10502220",
    "Name": "Md. Zekree Leong",
    "Fed": "BRU",
    "Sex": "M",
    "Title": "",
    "WTit": "",
    "OTit": "",
    "FOA": "1773",
    "Rating": "AUG25",
    "Gms": "0",
    "K": "40",
    "B-day": "1997",
    "Flag": "i"
  },
  {
    "ID Number": "10500588",
    "Name": "Mohd Ab, Syauqi B Md Khir",
    "Fed": "BRU",
    "Sex": "M",
    "Title": "",
    "WTit": "",
    "OTit": "",
    "FOA": "1871",
    "Rating": "AUG25",
    "Gms": "0",
    "K": "20",
    "B-day": "0",
    "Flag": "i"
  },
  {
    "ID Number": "10500448",
    "Name": "Morani, Md Nizam",
    "Fed": "BRU",
    "Sex": "M",
    "Title": "",
    "WTit": "",
    "OTit": "",
    "FOA": "2115",
    "Rating": "AUG25",
    "Gms": "0",
    "K": "40",
    "B-day": "0",
    "Flag": "i"
  },
  {
    "ID Number": "10502025",
    "Name": "Muhamad, Md Shahrul Nazrul",
    "Fed": "BRU",
    "Sex": "M",
    "Title": "",
    "WTit": "",
    "OTit": "",
    "FOA": "1587",
    "Rating": "AUG25",
    "Gms": "0",
    "K": "40",
    "B-day": "2003",
    "Flag": "i"
  },
  {
    "ID Number": "10500685",
    "Name": "Muhd, Syahmi Bin Badarudin",
    "Fed": "BRU",
    "Sex": "M",
    "Title": "",
    "WTit": "",
    "OTit": "",
    "FOA": "1715",
    "Rating": "AUG25",
    "Gms": "0",
    "K": "40",
    "B-day": "0",
    "Flag": "i"
  },
  {
    "ID Number": "10503382",
    "Name": "Muhd. Hadi, Muhd. Danish Zaqwan",
    "Fed": "BRU",
    "Sex": "M",
    "Title": "",
    "WTit": "",
    "OTit": "",
    "FOA": "1802",
    "Rating": "AUG25",
    "Gms": "0",
    "K": "40",
    "B-day": "2008",
    "Flag": "i"
  },
  {
    "ID Number": "10502432",
    "Name": "Muhd. Syahmirul, Abdul Manaf",
    "Fed": "BRU",
    "Sex": "M",
    "Title": "",
    "WTit": "",
    "OTit": "",
    "FOA": "1678",
    "Rating": "AUG25",
    "Gms": "0",
    "K": "40",
    "B-day": "1999",
    "Flag": "i"
  },
  {
    "ID Number": "10502564",
    "Name": "Muhd. Taib, Jumat",
    "Fed": "BRU",
    "Sex": "M",
    "Title": "",
    "WTit": "",
    "OTit": "",
    "FOA": "1760",
    "Rating": "AUG25",
    "Gms": "0",
    "K": "40",
    "B-day": "1993",
    "Flag": "i"
  },
  {
    "ID Number": "10500057",
    "Name": "Munir, Azizi Bin Ahmad",
    "Fed": "BRU",
    "Sex": "M",
    "Title": "",
    "WTit": "",
    "OTit": "",
    "FOA": "1953",
    "Rating": "AUG25",
    "Gms": "0",
    "K": "20",
    "B-day": "0",
    "Flag": "i"
  },
  {
    "ID Number": "10500030",
    "Name": "Pe Japar, P.",
    "Fed": "BRU",
    "Sex": "M",
    "Title": "",
    "WTit": "",
    "OTit": "",
    "FOA": "2140",
    "Rating": "AUG25",
    "Gms": "0",
    "K": "20",
    "B-day": "0",
    "Flag": "i"
  },
  {
    "ID Number": "10501665",
    "Name": "Pehin Salleh , Zulkifli",
    "Fed": "BRU",
    "Sex": "M",
    "Title": "",
    "WTit": "",
    "OTit": "",
    "FOA": "1860",
    "Rating": "AUG25",
    "Gms": "0",
    "K": "40",
    "B-day": "0",
    "Flag": "i"
  },
  {
    "ID Number": "10502904",
    "Name": "Pg Abu Bakar, Ak Abu Afham",
    "Fed": "BRU",
    "Sex": "M",
    "Title": "",
    "WTit": "",
    "OTit": "",
    "FOA": "1799",
    "Rating": "AUG25",
    "Gms": "0",
    "K": "40",
    "B-day": "1995",
    "Flag": "i"
  },
  {
    "ID Number": "10503188",
    "Name": "Pg Hj Janudin, Dk Siti Haziqah",
    "Fed": "BRU",
    "Sex": "F",
    "Title": "",
    "WTit": "",
    "OTit": "",
    "FOA": "1627",
    "Rating": "AUG25",
    "Gms": "0",
    "K": "40",
    "B-day": "2004",
    "Flag": "w"
  },
  {
    "ID Number": "10500464",
    "Name": "Pg, Hassan Pg Khashiem",
    "Fed": "BRU",
    "Sex": "M",
    "Title": "",
    "WTit": "",
    "OTit": "",
    "FOA": "AFM",
    "Rating": "AUG25",
    "Gms": "1850",
    "K": "0",
    "B-day": "0",
    "Flag": "i"
  },
  {
    "ID Number": "10500472",
    "Name": "Pg, Hj Zahari Ak Muhd Ramzi",
    "Fed": "BRU",
    "Sex": "M",
    "Title": "",
    "WTit": "",
    "OTit": "",
    "FOA": "2046",
    "Rating": "AUG25",
    "Gms": "0",
    "K": "40",
    "B-day": "1987",
    "Flag": "i"
  },
  {
    "ID Number": "10500480",
    "Name": "Pg, L Wijaya Pg Hj Mohd Limbang",
    "Fed": "BRU",
    "Sex": "M",
    "Title": "",
    "WTit": "",
    "OTit": "",
    "FOA": "1944",
    "Rating": "AUG25",
    "Gms": "0",
    "K": "20",
    "B-day": "0",
    "Flag": "i"
  },
  {
    "ID Number": "10500499",
    "Name": "Pg, Md Omar Ak Hafizon",
    "Fed": "BRU",
    "Sex": "M",
    "Title": "CM",
    "WTit": "",
    "OTit": "",
    "FOA": "2118",
    "Rating": "AUG25",
    "Gms": "0",
    "K": "20",
    "B-day": "1992",
    "Flag": ""
  },
  {
    "ID Number": "10500103",
    "Name": "Pg, Mohd Omar Ak Hira",
    "Fed": "BRU",
    "Sex": "M",
    "Title": "CM",
    "WTit": "",
    "OTit": "",
    "FOA": "2166",
    "Rating": "AUG25",
    "Gms": "0",
    "K": "20",
    "B-day": "1980",
    "Flag": "i"
  },
  {
    "ID Number": "10500111",
    "Name": "Pg, Mohd Omar Ak Hirawan",
    "Fed": "BRU",
    "Sex": "M",
    "Title": "",
    "WTit": "",
    "OTit": "",
    "FOA": "2261",
    "Rating": "AUG25",
    "Gms": "0",
    "K": "20",
    "B-day": "1985",
    "Flag": "i"
  },
  {
    "ID Number": "10500120",
    "Name": "Pg, Mohd Omar Ak Qadri",
    "Fed": "BRU",
    "Sex": "M",
    "Title": "",
    "WTit": "",
    "OTit": "",
    "FOA": "2255",
    "Rating": "AUG25",
    "Gms": "0",
    "K": "40",
    "B-day": "0",
    "Flag": "i"
  },
  {
    "ID Number": "10500197",
    "Name": "Pg, Mohd Omar Dk Qalila",
    "Fed": "BRU",
    "Sex": "M",
    "Title": "",
    "WTit": "",
    "OTit": "",
    "FOA": "2260",
    "Rating": "AUG25",
    "Gms": "0",
    "K": "20",
    "B-day": "0",
    "Flag": "i"
  },
  {
    "ID Number": "10503234",
    "Name": "Pg. Shahridin, Ak. Abdul Wafie",
    "Fed": "BRU",
    "Sex": "M",
    "Title": "",
    "WTit": "",
    "OTit": "",
    "FOA": "1902",
    "Rating": "AUG25",
    "Gms": "0",
    "K": "40",
    "B-day": "2005",
    "Flag": ""
  },
  {
    "ID Number": "10500502",
    "Name": "Pg., Baharuddin Ak. Ahmad",
    "Fed": "BRU",
    "Sex": "M",
    "Title": "",
    "WTit": "",
    "OTit": "",
    "FOA": "1806",
    "Rating": "AUG25",
    "Gms": "0",
    "K": "20",
    "B-day": "0",
    "Flag": "i"
  },
  {
    "ID Number": "10500510",
    "Name": "Pg., Mohd Omar Ak Wira",
    "Fed": "BRU",
    "Sex": "M",
    "Title": "",
    "WTit": "",
    "OTit": "",
    "FOA": "2080",
    "Rating": "AUG25",
    "Gms": "0",
    "K": "40",
    "B-day": "0",
    "Flag": "i"
  },
  {
    "ID Number": "10501720",
    "Name": "Philkerson, Chong Wei Voon",
    "Fed": "BRU",
    "Sex": "M",
    "Title": "",
    "WTit": "",
    "OTit": "",
    "FOA": "1766",
    "Rating": "AUG25",
    "Gms": "0",
    "K": "40",
    "B-day": "1999",
    "Flag": "i"
  },
  {
    "ID Number": "10502394",
    "Name": "Rezuan, A",
    "Fed": "BRU",
    "Sex": "M",
    "Title": "",
    "WTit": "NA",
    "OTit": "",
    "FOA": "1695",
    "Rating": "AUG25",
    "Gms": "0",
    "K": "20",
    "B-day": "1979",
    "Flag": ""
  },
  {
    "ID Number": "10503145",
    "Name": "Rezuan, Khaizuran",
    "Fed": "BRU",
    "Sex": "M",
    "Title": "",
    "WTit": "",
    "OTit": "",
    "FOA": "1661",
    "Rating": "AUG25",
    "Gms": "0",
    "K": "40",
    "B-day": "2009",
    "Flag": ""
  },
  {
    "ID Number": "10500529",
    "Name": "Sabli, Ira Kartika Dewi",
    "Fed": "BRU",
    "Sex": "F",
    "Title": "",
    "WTit": "",
    "OTit": "",
    "FOA": "1956",
    "Rating": "AUG25",
    "Gms": "0",
    "K": "20",
    "B-day": "1995",
    "Flag": "wi"
  },
  {
    "ID Number": "10500537",
    "Name": "Sabli, Mohd Arif Afifi",
    "Fed": "BRU",
    "Sex": "M",
    "Title": "",
    "WTit": "",
    "OTit": "",
    "FOA": "2009",
    "Rating": "AUG25",
    "Gms": "0",
    "K": "40",
    "B-day": "0",
    "Flag": "i"
  },
  {
    "ID Number": "10500545",
    "Name": "Sabli, Mohd Nabil",
    "Fed": "BRU",
    "Sex": "M",
    "Title": "",
    "WTit": "",
    "OTit": "",
    "FOA": "2046",
    "Rating": "AUG25",
    "Gms": "0",
    "K": "40",
    "B-day": "0",
    "Flag": "i"
  },
  {
    "ID Number": "10503897",
    "Name": "Saiful Azmi, Nur Farzana",
    "Fed": "BRU",
    "Sex": "F",
    "Title": "",
    "WTit": "",
    "OTit": "",
    "FOA": "1483",
    "Rating": "AUG25",
    "Gms": "0",
    "K": "40",
    "B-day": "2003",
    "Flag": "w"
  },
  {
    "ID Number": "10501371",
    "Name": "Samsul, Alif Shamari Akmal",
    "Fed": "BRU",
    "Sex": "M",
    "Title": "",
    "WTit": "",
    "OTit": "",
    "FOA": "1752",
    "Rating": "AUG25",
    "Gms": "0",
    "K": "40",
    "B-day": "0",
    "Flag": "i"
  },
  {
    "ID Number": "10501673",
    "Name": "Sharikhan, Shawal",
    "Fed": "BRU",
    "Sex": "M",
    "Title": "",
    "WTit": "",
    "OTit": "",
    "FOA": "1833",
    "Rating": "AUG25",
    "Gms": "0",
    "K": "20",
    "B-day": "0",
    "Flag": "i"
  },
  {
    "ID Number": "10500189",
    "Name": "Suni, Syairazi",
    "Fed": "BRU",
    "Sex": "M",
    "Title": "",
    "WTit": "",
    "OTit": "",
    "FOA": "1937",
    "Rating": "AUG25",
    "Gms": "0",
    "K": "20",
    "B-day": "0",
    "Flag": "i"
  },
  {
    "ID Number": "10502971",
    "Name": "Syahmi, Izzan",
    "Fed": "BRU",
    "Sex": "M",
    "Title": "",
    "WTit": "",
    "OTit": "",
    "FOA": "1895",
    "Rating": "AUG25",
    "Gms": "0",
    "K": "40",
    "B-day": "1998",
    "Flag": "i"
  },
  {
    "ID Number": "10500715",
    "Name": "Syasya Badrina, Bte Badarudin",
    "Fed": "BRU",
    "Sex": "M",
    "Title": "",
    "WTit": "",
    "OTit": "",
    "FOA": "1772",
    "Rating": "AUG25",
    "Gms": "0",
    "K": "40",
    "B-day": "0",
    "Flag": "i"
  },
  {
    "ID Number": "10500758",
    "Name": "Timbang, Japar",
    "Fed": "BRU",
    "Sex": "M",
    "Title": "",
    "WTit": "",
    "OTit": "",
    "FOA": "1837",
    "Rating": "AUG25",
    "Gms": "0",
    "K": "20",
    "B-day": "0",
    "Flag": "i"
  },
  {
    "ID Number": "10500413",
    "Name": "Tuneh, Nadzri",
    "Fed": "BRU",
    "Sex": "M",
    "Title": "",
    "WTit": "",
    "OTit": "",
    "FOA": "1853",
    "Rating": "AUG25",
    "Gms": "0",
    "K": "20",
    "B-day": "1988",
    "Flag": "i"
  },
  {
    "ID Number": "10500065",
    "Name": "Yap, Choow Tun",
    "Fed": "BRU",
    "Sex": "M",
    "Title": "",
    "WTit": "",
    "OTit": "",
    "FOA": "1882",
    "Rating": "AUG25",
    "Gms": "0",
    "K": "20",
    "B-day": "0",
    "Flag": "i"
  },
  {
    "ID Number": "10500553",
    "Name": "Yee, Soon Wei",
    "Fed": "BRU",
    "Sex": "M",
    "Title": "FM",
    "WTit": "",
    "OTit": "",
    "FOA": "2167",
    "Rating": "AUG25",
    "Gms": "0",
    "K": "20",
    "B-day": "1989",
    "Flag": ""
  },
  {
    "ID Number": "10500219",
    "Name": "Yussof, Pg Abd Rahman",
    "Fed": "BRU",
    "Sex": "M",
    "Title": "",
    "WTit": "",
    "OTit": "",
    "FOA": "1823",
    "Rating": "AUG25",
    "Gms": "0",
    "K": "20",
    "B-day": "1951",
    "Flag": "i"
  },
  {
    "ID Number": "10503528",
    "Name": "Zabri, Aiden Syahmi",
    "Fed": "BRU",
    "Sex": "M",
    "Title": "",
    "WTit": "",
    "OTit": "",
    "FOA": "1717",
    "Rating": "AUG25",
    "Gms": "0",
    "K": "40",
    "B-day": "2011",
    "Flag": ""
  },
  {
    "ID Number": "10500146",
    "Name": "Zainal, Farah Atiyah",
    "Fed": "BRU",
    "Sex": "F",
    "Title": "",
    "WTit": "",
    "OTit": "",
    "FOA": "2245",
    "Rating": "AUG25",
    "Gms": "0",
    "K": "20",
    "B-day": "0",
    "Flag": "wi"
  },
  {
    "ID Number": "10502858",
    "Name": "Zakaria, Liyana",
    "Fed": "BRU",
    "Sex": "F",
    "Title": "WCM",
    "WTit": "WCM",
    "OTit": "",
    "FOA": "1572",
    "Rating": "AUG25",
    "Gms": "0",
    "K": "20",
    "B-day": "1991",
    "Flag": "w"
  },
  {
    "ID Number": "10502122",
    "Name": "Zazali, Abdul Zahirul",
    "Fed": "BRU",
    "Sex": "M",
    "Title": "",
    "WTit": "",
    "OTit": "",
    "FOA": "1777",
    "Rating": "AUG25",
    "Gms": "0",
    "K": "20",
    "B-day": "2004",
    "Flag": "i"
  }
]