[
  {
    "ID Number": "10502840"
  },
  {
    "ID Number": "10503854"
  },
  {
    "ID Number": "10500251"
  },
  {
    "ID Number": "10501975"
  },
  {
    "ID Number": "10500260"
  },
  {
    "ID Number": "10500278"
  },
  {
    "ID Number": "10502203"
  },
  {
    "ID Number": "10503846"
  },
  {
    "ID Number": "10500634"
  },
  {
    "ID Number": "10500014"
  },
  {
    "ID Number": "10501924"
  },
  {
    "ID Number": "10503811"
  },
  {
    "ID Number": "10500324"
  },
  {
    "ID Number": "10500235"
  },
  {
    "ID Number": "10503200"
  },
  {
    "ID Number": "10500049"
  },
  {
    "ID Number": "10500286"
  },
  {
    "ID Number": "10502068"
  },
  {
    "ID Number": "10500294"
  },
  {
    "ID Number": "10503480"
  },
  {
    "ID Number": "10502670"
  },
  {
    "ID Number": "10500669"
  },
  {
    "ID Number": "10502017"
  },
  {
    "ID Number": "10500022"
  },
  {
    "ID Number": "10502092"
  },
  {
    "ID Number": "10501959"
  },
  {
    "ID Number": "10500308"
  },
  {
    "ID Number": "10500316"
  },
  {
    "ID Number": "10501940"
  },
  {
    "ID Number": "10500332"
  },
  {
    "ID Number": "10500340"
  },
  {
    "ID Number": "10500359"
  },
  {
    "ID Number": "10500367"
  },
  {
    "ID Number": "10500375"
  },
  {
    "ID Number": "10500383"
  },
  {
    "ID Number": "10500391"
  },
  {
    "ID Number": "10500405"
  },
  {
    "ID Number": "10500421"
  },
  {
    "ID Number": "10500731"
  },
  {
    "ID Number": "10503110"
  },
  {
    "ID Number": "10503170"
  },
  {
    "ID Number": "10500995"
  },
  {
    "ID Number": "10501703"
  },
  {
    "ID Number": "10500677"
  },
  {
    "ID Number": "10502149"
  },
  {
    "ID Number": "10501053"
  },
  {
    "ID Number": "10500170"
  },
  {
    "ID Number": "10500456"
  },
  {
    "ID Number": "10500073"
  },
  {
    "ID Number": "10502629"
  },
  {
    "ID Number": "10500430"
  },
  {
    "ID Number": "10502190"
  },
  {
    "ID Number": "10502211"
  },
  {
    "ID Number": "10502823"
  },
  {
    "ID Number": "10502220"
  },
  {
    "ID Number": "10500588"
  },
  {
    "ID Number": "10500448"
  },
  {
    "ID Number": "10502025"
  },
  {
    "ID Number": "10500685"
  },
  {
    "ID Number": "10503382"
  },
  {
    "ID Number": "10502432"
  },
  {
    "ID Number": "10502564"
  },
  {
    "ID Number": "10500057"
  },
  {
    "ID Number": "10500030"
  },
  {
    "ID Number": "10501665"
  },
  {
    "ID Number": "10502904"
  },
  {
    "ID Number": "10503188"
  },
  {
    "ID Number": "10500464"
  },
  {
    "ID Number": "10500472"
  },
  {
    "ID Number": "10500480"
  },
  {
    "ID Number": "10500499"
  },
  {
    "ID Number": "10500103"
  },
  {
    "ID Number": "10500111"
  },
  {
    "ID Number": "10500120"
  },
  {
    "ID Number": "10500197"
  },
  {
    "ID Number": "10503234"
  },
  {
    "ID Number": "10500502"
  },
  {
    "ID Number": "10500510"
  },
  {
    "ID Number": "10501720"
  },
  {
    "ID Number": "10502394"
  },
  {
    "ID Number": "10503145"
  },
  {
    "ID Number": "10500529"
  },
  {
    "ID Number": "10500537"
  },
  {
    "ID Number": "10500545"
  },
  {
    "ID Number": "10503897"
  },
  {
    "ID Number": "10501371"
  },
  {
    "ID Number": "10501673"
  },
  {
    "ID Number": "10500189"
  },
  {
    "ID Number": "10502971"
  },
  {
    "ID Number": "10500715"
  },
  {
    "ID Number": "10500758"
  },
  {
    "ID Number": "10500413"
  },
  {
    "ID Number": "10500065"
  },
  {
    "ID Number": "10500553"
  },
  {
    "ID Number": "10500219"
  },
  {
    "ID Number": "10503528"
  },
  {
    "ID Number": "10500146"
  },
  {
    "ID Number": "10502858"
  },
  {
    "ID Number": "10502122"
  }
]