[
  {
    "ID Number": "21100608"
  },
  {
    "ID Number": "21100039"
  },
  {
    "ID Number": "21100071"
  },
  {
    "ID Number": "21100837"
  },
  {
    "ID Number": "21100802"
  },
  {
    "ID Number": "21100845"
  },
  {
    "ID Number": "21100721"
  },
  {
    "ID Number": "21100055"
  },
  {
    "ID Number": "21100306"
  },
  {
    "ID Number": "21100810"
  },
  {
    "ID Number": "21100128"
  },
  {
    "ID Number": "21100349"
  },
  {
    "ID Number": "21100586"
  },
  {
    "ID Number": "21100357"
  },
  {
    "ID Number": "21100063"
  },
  {
    "ID Number": "21100179"
  },
  {
    "ID Number": "21100403"
  },
  {
    "ID Number": "21100730"
  },
  {
    "ID Number": "21100020"
  },
  {
    "ID Number": "21100080"
  },
  {
    "ID Number": "21100284"
  },
  {
    "ID Number": "21100705"
  },
  {
    "ID Number": "21100462"
  },
  {
    "ID Number": "21100241"
  },
  {
    "ID Number": "21100195"
  }
]