ID Number,Name,Fed,Sex,Title,WTit,OTit,Rating,Gms,K,RatingMonth,B-day,Flag
14204525,"Abdel Madjid, Dina",UZB,F,,,,1918,0,20,AUG25,1999,wi
14206323,"Abdisalimov, Abdimalik",UZB,M,GM,,,2435,0,10,AUG25,2002,
14203260,"Abduazimov, Abror",UZB,M,,,,1957,0,20,AUG25,1976,i
14234009,"Abdugofurov, Mustafobek",UZB,M,,,,1531,0,40,AUG25,2015,
14209020,"Abdugofurova, Feruza",UZB,F,,NA,,1600,0,20,AUG25,2002,w
14216663,"Abdujabborov, Abrorbek",UZB,M,,,,1575,0,40,AUG25,2006,i
14212340,"Abdujabborova, Vasila",UZB,F,,,,1799,0,40,AUG25,2008,w
14243598,Abdujalilov Fozilbek,UZB,M,,,,1641,0,40,AUG25,2010,
14227231,"Abdukarimov, Azizjon",UZB,M,,,,1480,0,40,AUG25,2014,
14208440,"Abdukarimova, Hilola",UZB,F,,,,1853,0,20,AUG25,2000,wi
14216884,"Abdukaxxorov, Abdukamol",UZB,M,,,,1731,0,40,AUG25,2010,i
14223309,"Abdukayumov, Alisher",UZB,M,,,,1815,0,40,AUG25,2012,
14219522,"Abdukhakimov, Akbarali",UZB,M,FM,,,2148,0,40,AUG25,2009,
14203669,"Abdukholikov, Fotikh",UZB,M,,"NI,FA",,1914,0,20,AUG25,2001,i
14212366,"Abdukholikov, Sarvar",UZB,M,,,,1759,0,40,AUG25,2006,i
14224763,"Abdukholikov, Shavkatjon",UZB,M,,,,1675,0,40,AUG25,2012,
14202476,"Abdukholikov, Shukhrat",UZB,M,,,,1739,0,20,AUG25,1993,i
14209209,"Abdukholikova, Gulchekhra",UZB,F,,,,1557,0,20,AUG25,2004,wi
14206420,"Abdukholikova, Rano",UZB,F,,,,1771,0,20,AUG25,2001,wi
14205289,"Abdukodirov, Otabek",UZB,M,,NA,,1664,0,20,AUG25,2004,i
14233436,"Abdulakhatov, Nurislom",UZB,M,,,,1493,0,40,AUG25,2016,
14219751,"Abdulatipov, Alakbar",UZB,M,,,,1689,0,40,AUG25,2007,i
14210088,"Abdulatipova, Zarnigor",UZB,F,,NA,,1660,0,40,AUG25,2005,wi
14231263,"Abdulazizov, Asadbek",UZB,M,,,,1484,0,40,AUG25,2010,
14228394,"Abdulazizov, Asilbek",UZB,M,,,,1494,0,40,AUG25,2012,
14231271,"Abdulazizova, Asmina",UZB,F,,,,1450,0,40,AUG25,2017,w
14236753,"Abdulkhamidov, Abdumajid",UZB,M,,,,1641,0,40,AUG25,2013,
14223120,"Abdulkhudjaev, Amirkhon",UZB,M,,,,1456,0,40,AUG25,2009,i
14210266,"Abdullaev, Javokhir",UZB,M,,,,1534,0,40,AUG25,2010,i
14224682,"Abdullaev, Kamronbek",UZB,M,,,,1685,0,40,AUG25,2010,i
14200228,"Abdullaev, Kurban",UZB,M,,,,1595,0,20,AUG25,1963,i
14219530,"Abdullaev, Mukhammadrahim",UZB,M,,,,1824,0,40,AUG25,2011,
14202484,"Abdullaev, Mumin",UZB,M,,,,1975,0,20,AUG25,1974,i
14211750,"Abdullaev, Oleg",UZB,M,,,,1488,0,40,AUG25,2007,i
14236885,"Abdullaev, Otabek",UZB,M,,,,1505,0,40,AUG25,2014,
14210428,"Abdullaev, Rasulbek",UZB,M,,,,1952,0,40,AUG25,2007,
14215659,"Abdullaeva, Sevinch",UZB,F,,,,1688,0,20,AUG25,2004,wi
14204452,"Abdullayev, Amrillo",UZB,M,,,,1941,0,20,AUG25,1954,i
14232812,"Abdulloev, Otabek",UZB,M,,,,1547,0,40,AUG25,2014,
14207656,"Abdumalikov, Abduzafar",UZB,M,,,,1743,0,20,AUG25,2002,i
14224887,"Abdumalikov, Shaxriyor",UZB,M,,,,1585,0,40,AUG25,2010,i
14210924,"Abdumannopova, Farzona",UZB,F,,,,1542,0,40,AUG25,2010,wi
14210932,"Abdumannopova, Shakhina",UZB,F,,,,1565,0,40,AUG25,2007,wi
14212471,"Abdumuminov, Khasan",UZB,M,,,,1877,0,20,AUG25,1999,i
14222663,"Abdumutalov, Khojiakbar",UZB,M,,,,1728,0,40,AUG25,2007,i
14202972,"Abdurahmonov, Abror",UZB,M,,,,1804,0,20,AUG25,1985,i
14209918,"Abduraimov, Server",UZB,M,,,,1875,0,20,AUG25,1978,i
14215667,"Abdurakhimov, Botir",UZB,M,,,,1799,0,20,AUG25,2002,i
14210380,"Abdurakhimov, Muslimbek",UZB,M,,,,1987,7,20,AUG25,2001,
14207346,"Abdurakhmonov, Mukhammadali",UZB,M,IM,,,2293,0,20,AUG25,2002,
14224895,"Abdurasulov, Muzaffarjon",UZB,M,,,,1510,0,40,AUG25,2013,
14219980,"Abdurazzokov, Shokhjaxon",UZB,M,,,,1459,0,20,AUG25,2004,i
14203278,"Abdusaitov, Rustam",UZB,M,,NA,,2014,0,20,AUG25,1992,i
14228742,"Abdusalomov, Daler",UZB,M,,NA,,1644,0,20,AUG25,2002,i
14218313,"Abdusamadov, Firdavs",UZB,M,,,,1446,0,40,AUG25,2012,i
14223317,"Abdusamatov, Asad",UZB,M,,,,1603,0,40,AUG25,2009,i
14223694,"Abdusamatova, Gulsum",UZB,F,,,,1593,0,20,AUG25,1954,wi
14204118,"Abdusattorov, Nodirbek",UZB,M,GM,,,2721,9,10,AUG25,2004,
14212536,"Abdushukurova, Rukhsona",UZB,F,,,,1677,0,40,AUG25,2005,wi
14231000,"Abduvakhobova, Muhabbat",UZB,F,,,,1434,0,40,AUG25,2014,w
14224917,"Abduvaliev, Abdulboriy",UZB,M,,,,1717,0,40,AUG25,2012,
14228416,"Abduvaliev, Botirjon",UZB,M,,,,1694,0,40,AUG25,2003,
14211998,"Abrorova, Zaynura",UZB,F,,,,1534,0,40,AUG25,2012,wi
14213818,"Abulova, Munisa",UZB,F,,,,1411,0,40,AUG25,2010,wi
14227517,"Achilov, Akbarshoh",UZB,M,,,,1723,0,40,AUG25,2014,
14223520,"Achilov, Jakhongir",UZB,M,,,,1508,0,40,AUG25,2004,i
14204690,"Adilbaev, Abdigappar",UZB,M,,,,1804,0,20,AUG25,1961,
14224771,"Adkhamov, Davron",UZB,M,,,,1551,0,20,AUG25,2003,i
14203286,"Agishev, Aleksandr",UZB,M,,,,1904,0,20,AUG25,1989,i
14200449,"Agzamov, Valeriy",UZB,M,,,,2170,0,20,AUG25,1949,i
14200430,"Agzamov, Viachesiav",UZB,M,,,,2111,0,20,AUG25,1946,i
14224348,"Akbaraliev, Yuldashali",UZB,M,,,,1578,0,20,AUG25,1950,i
14208342,"Akbarov, Komil",UZB,M,,,,1761,0,20,AUG25,1984,i
14226006,"Akbarov, Mironshoh",UZB,M,,,,1594,0,40,AUG25,2011,i
14225166,"Akhadjonov, Nuriddin",UZB,M,,,,1594,0,40,AUG25,2009,i
14208253,"Akhmadjonov, Ahror",UZB,M,,,,1869,0,40,AUG25,2005,i
14224925,"Akhmadjonov, Asadullo",UZB,M,,,,1537,0,40,AUG25,2011,
14212820,"Akhmadjonov, Komronbek",UZB,M,,,,1625,0,20,AUG25,2004,i
14211955,"Akhmedjanov, Shavkat",UZB,M,,,,1921,0,20,AUG25,1965,i
14224607,"Akhmedov, Alisher",UZB,M,,,,1482,0,20,AUG25,1973,i
14207664,"Akhmedov, Azamat",UZB,M,,,,1930,0,20,AUG25,2002,i
14224135,"Akhmedov, Omil",UZB,M,,,,1681,0,20,AUG25,1956,i
14219662,"Akhmedov, Saidakhmadkhon",UZB,M,,,,1507,0,20,AUG25,2002,i
14227851,"Akhmedov, Shakhriyor",UZB,M,,NA,,1671,0,40,AUG25,2008,
14226383,"Akhmedova, Nigina",UZB,F,,,,1535,0,40,AUG25,2005,wi
14226278,"Akhmedova, Shohina",UZB,F,,,,1707,0,40,AUG25,2009,w
14234211,"Akhrorov, Muhammadyusuf",UZB,M,,,,1457,0,40,AUG25,2016,
14226391,"Akobirov, Bakhtiyor",UZB,M,,,,1542,0,40,AUG25,1955,i
14205505,"Akobirov, Jamshed",UZB,M,,NA,,1890,0,20,AUG25,1988,i
14240181,Akramjonov Oyatillo,UZB,M,,,,1651,0,40,AUG25,2014,
14223538,"Akramov, Khasan",UZB,M,,,,1790,0,40,AUG25,2014,
14223546,"Akramov, Khusan",UZB,M,,,,1600,0,40,AUG25,2014,
14210215,"Aktamova, Zilola",UZB,F,WCM,WCM,,1701,0,40,AUG25,2008,w
14239833,Al-Hatef Adam,UZB,M,,,,1458,0,40,AUG25,2011,
14220032,"Alamov, Umarjon",UZB,M,,,,1524,0,40,AUG25,2010,i
14205246,"Alibekova, Dinara",UZB,F,,NA,,1803,0,20,AUG25,1995,wi
14203316,"Aliev, Saidkosim",UZB,M,,NA,,2147,0,20,AUG25,1996,i
14225832,"Alijonov, Khojiakbar",UZB,M,,,,1765,0,40,AUG25,2011,
14229889,"Alikberov, Sultanbek",UZB,M,,,,1503,0,40,AUG25,2015,i
14203308,"Alikulov, Elbek",UZB,M,IM,,,2253,0,10,AUG25,1993,i
14204789,"Alimjanov, Mirhayot",UZB,M,,,,1993,0,20,AUG25,1964,i
14226154,"Alimov, Abdulloh",UZB,M,,,,AIM,1610,0,AUG25,2010,
14217406,"Alimov, Sukhrob",UZB,M,,,,1408,0,40,AUG25,2009,i
14207354,"Alimova, Sevinch",UZB,F,,NA,,1680,0,20,AUG25,2004,wi
14239949,Alisherov Sunnatbek,UZB,M,,,,1457,0,40,AUG25,2016,
14224933,"Alisherov, Javokhir",UZB,M,,,,1599,0,40,AUG25,2012,i
14233975,"Alisherov, Mirkamol",UZB,M,,,,1486,0,40,AUG25,2010,i
14238772,"Alisherov, Sultonbek",UZB,M,,,,1658,0,40,AUG25,2012,
14218666,"Allaberganov, Akbar",UZB,M,,,,1554,0,40,AUG25,2013,i
14218810,"Allakhonova, Zukhra",UZB,F,,,,1567,0,40,AUG25,2006,wi
14237032,"Amangeldiev, Atabek",UZB,M,,,,1538,0,40,AUG25,2009,i
14204622,"Amartcev, Petr",UZB,M,,,,1729,0,20,AUG25,1947,i
14232642,"Amirkulov, Elbek",UZB,M,,,,1492,0,40,AUG25,2009,i
14210975,"Amirova, Makhliyo",UZB,F,,,,1656,0,20,AUG25,2004,wi
14212692,"Amonov, Bekhruz",UZB,M,,,,1659,0,20,AUG25,2004,i
14213877,"Amonov, Jakhongir",UZB,M,,,,1665,0,40,AUG25,2008,i
14225387,"Anarov, Anvar",UZB,M,,,,1611,0,20,AUG25,1983,i
14212560,"Anvarjonov, Mukhammadiqbol",UZB,M,,,,1651,0,40,AUG25,2009,i
14249103,"Aralov, Anvar",UZB,M,,,,1827,9,40,AUG25,1982,
14237709,"Aripov, Akbarali",UZB,M,,NA,,1616,0,40,AUG25,1979,
14202395,"Aripov, Iskandar",UZB,M,,,,2188,0,20,AUG25,1996,i
14223597,"Aripov, Sardor",UZB,M,,,,1614,0,20,AUG25,1990,i
14202409,"Aripova, Nazima",UZB,F,,,,1847,0,20,AUG25,1997,wi
14201798,"Artemenko, Oleg",UZB,M,FM,,,2313,0,20,AUG25,1997,
14204991,"Arutyunyan, Armen",UZB,M,,,,2082,0,20,AUG25,2000,i
14223708,"Asadov, Elbotir",UZB,M,,,,1489,0,40,AUG25,2008,i
14235978,"Asadova, Madinabonu",UZB,F,,,,1702,0,40,AUG25,2016,w
14218453,"Asanov, Otabek",UZB,M,,,,1581,0,20,AUG25,2000,i
14216914,"Ashikmamutov, Saidkhon",UZB,M,,,,1892,9,40,AUG25,2010,
14232774,"Ashrapov, Alisher",UZB,M,,,,1473,0,40,AUG25,2015,
14220180,"Aslonov, Islom",UZB,M,,,,1488,0,40,AUG25,2007,
14224690,"Atabaev, Nikita",UZB,M,,NA,,1609,0,40,AUG25,2006,i
14220407,"Ataev, Aziz",UZB,M,,,,1703,0,40,AUG25,2011,
14219255,"Ataev, Kamronbek",UZB,M,,,,1717,0,20,AUG25,2004,i
14215705,"Atakhanov, Sanjar",UZB,M,,,,1741,0,40,AUG25,2005,i
14213672,"Atakhanov, Umar",UZB,M,,,,1641,0,40,AUG25,2009,i
14208385,"Atamurotov, Farruh",UZB,M,,,,1756,0,20,AUG25,1990,i
14213907,"Ataxanov, Umar",UZB,M,,,,1671,0,40,AUG25,2009,i
14212609,"Auezimbetov, Abbaz",UZB,M,,,,1930,0,20,AUG25,2000,i
14206463,"Avalboev, Sukhrobjon",UZB,M,,,,1941,0,20,AUG25,2003,i
14208504,"Avazkhonov, Alikhon",UZB,M,CM,,,1838,0,40,AUG25,2009,i
14234025,"Avezov, Zamir",UZB,M,,,,1531,0,40,AUG25,1983,i
14220199,"Aytimbetov, Jamshidbek",UZB,M,,,,1720,0,40,AUG25,2006,i
14230437,"Azamjonova, Zebiniso",UZB,F,,,,1501,0,40,AUG25,2009,w
14234041,"Azamkhujaeva, Mohinur",UZB,F,,,,1567,0,40,AUG25,2018,w
14224704,"Azamov, Otabek",UZB,M,,,,1468,0,40,AUG25,2009,i
14234165,"Azimboev, Isfandiyor",UZB,M,,,,1566,0,40,AUG25,2006,i
14232120,"Azimjonov, Abdurahmon",UZB,M,,,,1508,8,40,AUG25,2013,
14203324,"Azimov, Nurali",UZB,M,,,,2010,0,20,AUG25,1990,i
14210886,"Azizkulova, Marjona",UZB,F,,,,1542,0,40,AUG25,2007,w
14228351,"Azizov, Bekhroz",UZB,M,,,,1798,0,40,AUG25,2012,
14219999,"Azizov, Komiljon",UZB,M,,FA,,AIM,1804,0,AUG25,2004,i
14223821,"Azizov, Sadullo",UZB,M,CM,,,2047,0,40,AUG25,2010,
14209640,"Babaev, Avaz",UZB,M,,,,1761,0,20,AUG25,2002,i
14224801,"Babaev, Karimjon",UZB,M,,,,1595,0,20,AUG25,1979,i
14203332,"Badalyan, Shavarsh",UZB,M,,,,2089,0,20,AUG25,1998,i
14218909,"Bahriddinov, Samariddin",UZB,M,,,,1689,0,40,AUG25,2006,i
14223716,"Bahtiyorova, Nodirabegim",UZB,F,,,,1650,0,40,AUG25,2009,w
14210673,"Bakhodirjonova, Xadichabonu",UZB,F,,NA,,1700,0,20,AUG25,2004,wi
14226480,"Bakhodirov, Abdulaziz",UZB,M,,,,1624,0,20,AUG25,2004,
14215713,"Bakhodirov, Umarjon",UZB,M,,,,1623,0,40,AUG25,2011,i
14236028,"Bakhodirova, Muzayyana",UZB,F,,,,1434,0,40,AUG25,2006,wi
14233444,"Bakhodirova, Umidahon",UZB,F,,,,1544,0,40,AUG25,2008,w
14228076,"Bakhriev, Sharofitdin",UZB,M,,,,1618,0,40,AUG25,1961,
14212285,"Bakhrillaev, Bakhrom",UZB,M,FM,,,2231,0,40,AUG25,2008,
14223554,"Bakhromov, Ibrokhim",UZB,M,,,,1606,0,40,AUG25,2015,
14223325,"Bakhromov, Muhammadamin",UZB,M,,,,1640,0,40,AUG25,2011,i
14240475,Bakhshilloeva Aziza,UZB,F,,,,1506,0,40,AUG25,2015,w
14223724,"Bakhtiyarov, Kamronbek",UZB,M,,,,1702,0,40,AUG25,2011,
14227568,"Bakhtiyarova, Shakhzoda",UZB,F,,,,1520,0,40,AUG25,2007,wi
14209250,"Bakhtiyorov, Asadbek",UZB,M,,,,1755,0,40,AUG25,2001,i
14229030,"Bakhtiyorov, Javokhir",UZB,M,,,,1416,0,40,AUG25,2006,i
14210983,"Bakhtiyorov, Jonibek",UZB,M,,,,1792,0,40,AUG25,2006,i
14226022,"Bakirova, Barno",UZB,F,,,,1500,0,40,AUG25,2007,wi
14203340,"Baniyazov, Sunnat",UZB,M,,NA,,AIM,1944,0,AUG25,1991,i
14236400,"Baratova, Asal",UZB,F,,,,1514,0,40,AUG25,2010,wi
14200082,"Barsov, Alexei",UZB,M,GM,,,2311,0,10,AUG25,1966,
14212960,"Bashritdinova, Rukhshona",UZB,F,,,,1659,0,40,AUG25,2005,wi
14209195,"Bashritdinova, Shakhrizoda",UZB,F,,,,1551,0,40,AUG25,2007,wi
14227576,"Baxodirov, Nurzod",UZB,M,,,,1443,0,40,AUG25,2015,
14241978,Baxromov Botir,UZB,M,,,,1576,0,40,AUG25,2015,
14216035,"Bayzakov, Marat",UZB,M,,,,1587,0,20,AUG25,1979,i
14243741,Bazarbaev Atabek,UZB,M,,,,1690,0,40,AUG25,2008,
14229048,"Bazarbaev, Bekhruz",UZB,M,,,,1410,0,40,AUG25,2012,
14203359,"Begmatov, Jamshid",UZB,M,,,,1911,0,20,AUG25,1974,i
14203367,"Begmuratov, Alisher",UZB,M,FM,,,2289,0,20,AUG25,1997,i
14210207,"Begmuratov, Khumoyun",UZB,M,IM,,,2435,0,10,AUG25,2010,
14229749,"Begmuratova, Sarvinoz",UZB,F,,,,1686,9,40,AUG25,2013,w
14234106,"Bekjanova, Dilobar",UZB,F,,,,1584,0,40,AUG25,2013,w
14211009,"Beknazarov, Bekmukhammad",UZB,M,,,,1678,0,40,AUG25,2007,i
14223830,"Belaya, Liliya",UZB,F,,,,1733,0,40,AUG25,2010,w
14213516,"Beristenov, Salamat",UZB,M,,,,1808,0,20,AUG25,1991,i
14207508,"Bikbaev, Abduvokhid",UZB,M,,,,1933,0,20,AUG25,1989,i
14207842,"Bobokhodjaev, Bobur",UZB,M,,,,1787,0,40,AUG25,2006,i
14212986,"Bobokulov, Bakhrom",UZB,M,,,,1669,0,40,AUG25,2005,i
14226880,"Bobomurodov, Shakhrambek",UZB,M,,,,1473,0,40,AUG25,1999,
14207400,"Bobomurodova, Maftuna",UZB,F,WIM,WIM,,1852,0,20,AUG25,2006,w
14225689,"Bobonorov, Bobur",UZB,M,,,,1678,0,40,AUG25,2006,i
14211432,"Bokhodirov, Abdulkodir",UZB,M,CM,,,1986,0,40,AUG25,2011,
14219760,"Boltaboyev, Toxirbek",UZB,M,,,,1828,0,20,AUG25,1973,i
14211017,"Boltaev, Sardor",UZB,M,,,,1813,0,20,AUG25,2003,i
14222698,"Botiraliev, Abdumajid",UZB,M,CM,,,2031,0,40,AUG25,2012,
14223848,"Botirjonov, Abdullokh",UZB,M,,,,1517,0,40,AUG25,2012,i
14210681,"Boymurodov, Bakhrom",UZB,M,,,,1675,0,20,AUG25,1987,i
14227878,"Bozorboev, Jurabek",UZB,M,,,,1521,0,40,AUG25,2009,
14233428,"Bozorhojaev, Azamat",UZB,M,,,,1629,0,40,AUG25,2013,
14216957,"Bozorov, Javohir",UZB,M,FM,,,1910,0,40,AUG25,2011,
14229757,"Bozorova, Farzonabonu",UZB,F,,,,1510,0,40,AUG25,2016,w
14210525,"Budnikov, Vasiliy",UZB,M,,,,1713,0,20,AUG25,1952,i
14228769,"Bukharbaev, Janibek",UZB,M,,,,1438,0,20,AUG25,1999,i
14223031,"Burkhonova, Rukhsora",UZB,F,,,,1470,0,40,AUG25,2011,w
14205122,"Chaykina, Svetlana",UZB,F,,,,1896,0,20,AUG25,2000,wi
14220326,"Chernishev, Mark",UZB,M,,,,1832,0,40,AUG25,2007,i
14223856,"Chorshanbiev, Bobur",UZB,M,,,,1837,0,40,AUG25,2008,i
14200031,"Chorshanbieva, Umida",UZB,F,,NA,,1963,0,20,AUG25,1988,wi
14200066,"Danierova, Rayhon",UZB,F,,,,1899,0,20,AUG25,1992,wi
14201950,"Daurimbetov, Azamat",UZB,M,FM,,,2228,0,20,AUG25,1986,
14214032,"Davlatova, Sevinch",UZB,F,,,,1621,0,40,AUG25,2011,w
14224020,"Davronbekov, Kamron",UZB,M,,,,1663,0,20,AUG25,2003,
14212447,"Davronova, Diyorakhon",UZB,F,,,,1710,0,20,AUG25,2004,wi
14232804,"Dilmurodov, Jakhongir",UZB,M,,,,1532,0,40,AUG25,2013,
14212315,"Dilmurodova, Nozimakhon",UZB,F,,,,1590,0,40,AUG25,2007,wi
14242389,Djalilov Nurshod,UZB,M,,,,1641,0,40,AUG25,2015,
14204665,"Djalilova, Mehribon",UZB,F,,NA,,1836,0,20,AUG25,1995,wi
14210770,"Djavakov, Avaz",UZB,M,,,,1959,0,20,AUG25,1981,i
14204800,"Djumaev, Bakhtiyor",UZB,M,,NA,,1921,0,20,AUG25,1983,
14209969,"Djumaev, Doniyor",UZB,M,,,,1789,0,40,AUG25,2006,i
14225433,"Dosmuxamedov, Asilxon",UZB,M,,,,1573,0,40,AUG25,2009,i
14235846,"Durov, Maksim",UZB,M,,,,1475,0,40,AUG25,2013,i
14237350,"Duschanov, Jakhongir",UZB,M,,,,1500,0,40,AUG25,2012,
14226499,"Dustmurodov, Bobur",UZB,M,,,,1495,0,40,AUG25,2005,
14200236,"Dzhumaev, Marat",UZB,M,GM,,,2395,0,10,AUG25,1976,i
14208032,"Egamberdiev, Asad",UZB,M,,NA,,1706,0,20,AUG25,2002,
14208962,"Egamberdiev, Farhod",UZB,M,,,,1914,0,20,AUG25,1996,i
14204126,"Egamberdieva, Bakhora",UZB,F,WIM,WIM,,1935,0,20,AUG25,1999,wi
14234394,"Egamberdieva, Zebuzar",UZB,F,,,,1660,0,40,AUG25,2010,w
14200163,"Egin, Vladimir",UZB,M,IM,FT,,2232,0,20,AUG25,1952,i
14214105,"Elmirzaev, Khondamir",UZB,M,,,,1911,0,40,AUG25,2009,
14210347,"Elmurodov, Sokhibjon",UZB,M,,,,1630,0,40,AUG25,2007,i
14205939,"Eminjonov, Muzaffarjon",UZB,M,,,,1983,0,20,AUG25,2001,i
14219859,"Ergashev, Ilkhom",UZB,M,,FA,,1605,7,20,AUG25,1976,
14211033,"Ergashev, Khoshim",UZB,M,,,,2031,0,20,AUG25,1999,i
14207990,"Ergashev, Miraziz",UZB,M,,,,1764,0,40,AUG25,2006,i
14240521,Ergashov Zufarbek,UZB,M,,,,1618,0,40,AUG25,2013,
14232545,"Ergashov, Nurmuhammad",UZB,M,,,,1603,9,40,AUG25,2013,
14234262,"Erkinboev, Sayfuddin",UZB,M,,,,1699,0,40,AUG25,2017,
14230976,"Erkinov, Bakhodir",UZB,M,,,,1591,0,40,AUG25,2016,
14223732,"Erkinov, Fayozbek",UZB,M,,,,1578,0,40,AUG25,2008,i
14223740,"Erkinov, Khasan",UZB,M,,,,1432,0,40,AUG25,2014,i
14223759,"Erkinov, Khusan",UZB,M,,,,1641,0,40,AUG25,2014,i
14217180,"Erkinov, Mukhammadjon",UZB,M,,,,1474,0,40,AUG25,2010,i
14218097,"Erkinov, Nurillokh",UZB,M,,,,1652,0,40,AUG25,2011,
14216566,"Erkinov, Rustambek",UZB,M,,,,1930,0,20,AUG25,2006,
14214130,"Erkinov, Sultonali",UZB,M,,,,1631,0,40,AUG25,2010,
14231360,"Erkinova, Gavhar",UZB,F,,,,1467,0,40,AUG25,2010,w
14232090,"Erkinova, Mubina",UZB,F,,,,1497,0,40,AUG25,2014,w
14225905,"Ermatov, Jasur",UZB,M,,,,1617,0,20,AUG25,2004,i
14210789,"Erov, Asad",UZB,M,,,,1781,0,20,AUG25,1976,i
14230810,"Esanboev, Elshodbek",UZB,M,,,,1492,0,40,AUG25,2015,
14202085,"Esanboeva, Gulrukhsor",UZB,F,,,,1901,0,20,AUG25,1991,wi
14208970,"Eshboev, Bobur",UZB,M,,,,1886,0,20,AUG25,2002,i
14228173,"Eshkulov, Daler",UZB,M,,,,1627,0,40,AUG25,2014,
14227371,"Eshpulatov, Islombek",UZB,M,,,,1509,0,40,AUG25,2014,
14210690,"Fakhriddinxujaev, Umarxon",UZB,M,,,,2001,0,40,AUG25,2007,
14221683,"Farkhadov, Mukhriddin",UZB,M,,,,1448,0,40,AUG25,2013,i
14229935,"Farkhodov, Fazliddin",UZB,M,,,,1588,5,40,AUG25,2017,
14225794,"Fayazova, Samira",UZB,F,,NA,,1516,0,40,AUG25,2007,wi
14200554,"Fayzullaev, Akmal",UZB,M,IM,"NI,NA",,2239,0,20,AUG25,1991,i
14218682,"Fazliddinov, Bekhzodbek",UZB,M,,,,1597,0,40,AUG25,2012,i
14200988,"Filippov, Anton",UZB,M,GM,"FST,NA",,2494,0,10,AUG25,1986,i
14204134,"Foziljonov, Khojiakbar",UZB,M,,,,1896,0,20,AUG25,1999,i
14230275,"Gafurjanova, Dilnura",UZB,F,,,,1508,0,40,AUG25,2014,w
14225395,"Gaipnazarov, Bokhodir",UZB,M,,,,1648,0,20,AUG25,1967,i
14200929,"Galyamov, Vildan",UZB,M,,,,2305,0,20,AUG25,1985,i
14217198,"Ganiev, Abdurakhim",UZB,M,,,,1796,0,20,AUG25,1953,
14218836,"Ganieva, Odina",UZB,F,,,,1672,0,20,AUG25,2002,wi
14230470,"Gapparov, Temur",UZB,M,,,,1454,0,40,AUG25,2011,
14231816,"Gataulin, Ravil",UZB,M,,,,1452,0,40,AUG25,1953,i
14205670,"Gayimnazarov, Bahadir",UZB,M,,,,1759,8,40,AUG25,1967,
14223619,"Gaziev, Dilmurod",UZB,M,,,,1668,0,20,AUG25,1985,i
14206650,"Gaziev, Jasurbek",UZB,M,,,,1815,0,20,AUG25,2002,i
14234564,"Gimranova, Amelina",UZB,F,,,,1438,0,40,AUG25,2015,w
14202344,"Golubev, Roman",UZB,M,IM,,,2260,0,20,AUG25,1994,i
14205130,"Grigorev, Artem",UZB,M,,,,1920,0,20,AUG25,1999,i
14203901,"Gruzdev, Oleg",UZB,M,,,,1882,0,20,AUG25,1986,i
14202174,"Gubaydulin, Talgat",UZB,M,IM,,,2240,0,20,AUG25,1992,
14231387,"Gulmurodova, Dilnoza",UZB,F,,,,1498,0,40,AUG25,2010,w
14211041,"Gulomov, Javokhir",UZB,M,,,,1707,0,40,AUG25,2007,i
14208130,"Gulyamov, Amirkhon",UZB,M,,,,1653,0,40,AUG25,2007,i
14232898,"Hakimova, Mehribon",UZB,M,,,,1446,0,40,AUG25,2012,
14201410,"Halilov, Gayrat",UZB,M,,,,1965,0,20,AUG25,1980,i
14224470,"Halimov, Bahovuddin",UZB,M,,,,1636,0,40,AUG25,2012,
14205661,"Hamidova, Ozoda",UZB,F,,,,1887,0,20,AUG25,1998,wi
14207869,"Hamraev, Dilshod",UZB,M,,,,1804,0,20,AUG25,1978,i
14201151,"Hamrakulova, Yulduz",UZB,F,WIM,WIM,FA,1905,0,20,AUG25,1989,wi
14220741,"Hamzaev, Shahzodbek",UZB,M,,,,1806,0,40,AUG25,2010,
14206668,"Hasanov, Alo",UZB,M,,,,1899,0,20,AUG25,2000,i
14205190,"Hasanov, Temurbek",UZB,M,,,,1941,0,20,AUG25,1998,i
14200643,"Haylaev, Anvar",UZB,M,,,,2095,0,20,AUG25,1988,i
14200651,"Haylaev, Otabek",UZB,M,,,,1906,0,20,AUG25,1993,i
14211050,"Hayrullaeva, Muslima",UZB,F,,,,1408,0,40,AUG25,2007,wi
14243911,Hazratova Sevinch,UZB,F,,,,1620,0,40,AUG25,2009,w
14229978,"Hibatilloev, Ramazon",UZB,M,,,,1723,0,40,AUG25,2013,
14205440,"Holmatov, Shohruh",UZB,M,,,,1857,0,20,AUG25,1994,i
14207877,"Holmomatov, Shuhrat",UZB,M,,,,1797,0,40,AUG25,2006,i
14203030,"Hoshimov, Odiljon",UZB,M,,,,1903,0,20,AUG25,1959,
14209497,"Ibodullaev, Jurabek",UZB,M,,,,1883,0,20,AUG25,2004,
14200660,"Ibodullaev, Murodullo",UZB,M,,,,1819,0,20,AUG25,1955,i
14200074,"Ibragimova, Iroda",UZB,F,,NA,,1874,0,20,AUG25,1991,wi
14244110,Ibrohimov Ibrohimbek,UZB,M,,,,1617,0,40,AUG25,2007,
14225603,"Ibrokhimov, Abdullokh",UZB,M,,,,1463,0,40,AUG25,2011,i
14212293,"Ibrokhimov, Mukhammadali",UZB,M,,,,1742,0,40,AUG25,2007,
14226936,"Ikromov, Shaxboz",UZB,M,,,,1639,0,40,AUG25,2006,
14230941,"Ikromova, Dilnoza",UZB,F,,,,1570,0,40,AUG25,2016,w
14232910,"Ilkhomova, Nurangiz",UZB,M,,,,1522,0,40,AUG25,2012,
14211483,"Ilxomjonova, Mehriniso",UZB,F,,,,1567,0,20,AUG25,2003,wi
14207680,"Ilyushin, Viktor",UZB,M,,NA,,1711,0,20,AUG25,1987,i
14206021,"Imamov, Timur",UZB,M,,,,2020,0,20,AUG25,1999,i
14232340,Imomkuziev Sarvarbek,UZB,M,,,,1431,0,40,AUG25,2015,
14216736,"Imomkuzieva, Nilufarkhon",UZB,F,WFM,WFM,,2007,0,40,AUG25,2010,w
14207699,"Inakov, Anvar",UZB,M,,,,1822,0,20,AUG25,2000,i
14203146,"Inogamov, Nurbek",UZB,M,,,,1882,0,20,AUG25,1993,i
14223627,"Inomjonov, Izatullo",UZB,M,,,,1435,0,20,AUG25,1993,i
14211491,"Inomov, Muhammadaziz",UZB,M,,,,1596,0,40,AUG25,2008,i
14216086,"Isaboev, Mirkomil",UZB,M,,,,1423,0,40,AUG25,1979,
14222701,"Isadjanov, Kuchkar",UZB,M,,,,1596,0,20,AUG25,1958,
14218186,"Isaev, Alan",UZB,M,,,,1561,0,40,AUG25,2012,i
14200546,"Ishbaev, Avazbek",UZB,M,,,,AGM,2149,0,AUG25,1986,i
14207885,"Ishniyazov, Shuhrat",UZB,M,,,,1836,0,20,AUG25,1968,i
14233398,"Iskandarova, Azizakhon",UZB,F,,,,1481,0,40,AUG25,2011,wi
14214229,"Islamov, Shakhzod",UZB,M,,,,1854,0,40,AUG25,2012,
14234386,"Islomov, Ahror",UZB,M,,,,1505,0,40,AUG25,2016,
14223350,"Islomov, Akrom",UZB,M,,,,1546,0,40,AUG25,2012,i
14213079,"Islomov, Aslitdin",UZB,M,,,,1755,0,40,AUG25,2005,i
14212382,"Islomova, Mokhinur",UZB,F,,,,1602,0,40,AUG25,2005,wi
14211890,"Islomova, Nafisa",UZB,F,,,,1718,0,20,AUG25,2000,wi
14216400,"Ismailov, Asrorkhon",UZB,M,,,,1533,0,40,AUG25,2009,i
14234840,"Ismailov, Aybek",UZB,M,,,,1567,0,40,AUG25,1997,i
14201593,"Ismailov, Eldor",UZB,M,,,,2066,0,20,AUG25,1981,i
14232669,"Ismatov, Akobirkhon",UZB,M,,,,1458,0,40,AUG25,2014,
14213613,"Ismatova, Zebiniso",UZB,F,,,,1732,0,20,AUG25,2002,wi
14211521,"Ismoiljonova, Sharifaxon",UZB,F,,,,1411,0,40,AUG25,2008,wi
14216191,"Ismoilov, Saidalo",UZB,M,,,,1753,0,40,AUG25,2005,i
14209047,"Ismoilova, Iroda",UZB,F,,,,1693,0,20,AUG25,2003,wi
14207575,"Isomov, Umar",UZB,M,,,,1894,0,20,AUG25,2003,i
14202115,"Israilov, Sardor",UZB,M,,,,1975,0,20,AUG25,1997,i
14219700,"Israilova, Yulduzkhon",UZB,F,,,,1604,0,20,AUG25,2004,wi
14220130,"Isroilov, Zokhirjon",UZB,M,,,,1582,0,40,AUG25,2010,i
14236931,"Istamkulov, Yakub",UZB,M,,,,1522,0,40,AUG25,2016,
14200104,"Iuldachev, Saidali",UZB,M,GM,"FT,NA",,2445,0,10,AUG25,1968,i
14234050,"Iunusov, Shamsiddin",UZB,M,,,,1553,0,40,AUG25,2009,i
14232502,"Izentaeva, Aynura",UZB,F,,,,1400,0,40,AUG25,2012,w
14203383,"Izmailov, Timur",UZB,M,,,,1710,0,20,AUG25,1950,i
14207524,"Jabborberganov, Alisher",UZB,M,,,,1887,0,20,AUG25,1975,i
14208288,"Jabborberganov, Dilmurod",UZB,M,,,,1893,0,20,AUG25,2003,i
14208296,"Jabborberganov, Dilshod",UZB,M,,,,1669,0,20,AUG25,2001,i
14219263,"Jabborov, Sanjar",UZB,M,,,,1689,0,20,AUG25,2002,i
14227894,"Jabborov, Shaxruz",UZB,M,,,,1671,0,40,AUG25,2012,
14234319,"Jakhongirov, Afruz",UZB,M,,,,1572,0,40,AUG25,2016,i
14212439,"Jalilova, Safinoza",UZB,F,,,,1734,0,20,AUG25,2003,wi
14206048,"Jamgaryan, Nikolai",UZB,M,,,,1880,0,20,AUG25,1999,i
14240319,Jamoliddinov Mukhammadumar,UZB,M,,,,1699,0,40,AUG25,2014,
14219557,"Jangabaev, Nurjan",UZB,M,,,,1668,0,40,AUG25,2011,
14241099,Joraboeva Madinabonu,UZB,F,,,,1466,0,40,AUG25,2013,w
14242109,Jorayev Habibullo,UZB,M,,,,1568,0,40,AUG25,2014,
14216310,"Jumabaev, Asadbek",UZB,M,,,,1642,0,40,AUG25,2006,i
14226170,"Jumabaev, Bekhzod",UZB,M,,,,1441,0,40,AUG25,2009,i
14228440,"Jumabaev, Nekruz",UZB,M,,,,1498,0,40,AUG25,2010,
14214059,"Jumaev, Kamol",UZB,M,,,,1707,0,20,AUG25,1981,i
14218780,"Jumaeva, Malika",UZB,F,,,,1721,0,40,AUG25,2011,w
14221390,"Jumanaliev, Akhmadjon",UZB,M,,,,1724,0,40,AUG25,2008,
14225468,"Jumanazarov, Ibrohim",UZB,M,,,,1883,0,40,AUG25,2014,
14225476,"Jumanazarova, Osiyo",UZB,F,,,,1557,0,40,AUG25,2011,wi
14210045,"Jumaniezov, Salahiddin",UZB,M,,,,1805,0,20,AUG25,2003,i
14237270,"Jumaniyazov, Muhammadsharif",UZB,M,,,,1551,0,40,AUG25,2015,
14231824,"Jumaniyazova, Zebiniso",UZB,F,,,,1517,0,40,AUG25,2011,w
14228815,"Jumaniyozov, Ibrat",UZB,M,,,,1645,0,40,AUG25,2007,i
14221764,"Jumaniyozov, Javlonbek",UZB,M,,,,1632,0,40,AUG25,2005,i
14202905,"Jumanov, Elbek",UZB,M,FM,NA,,2139,0,20,AUG25,1997,i
14228459,"Jumavaev, Bekzod",UZB,M,,,,1681,0,40,AUG25,2009,i
14241005,Jumayeva Iroda,UZB,F,,,,1655,0,40,AUG25,2015,w
14227835,"Jumonova, Durdona",UZB,F,,,,1576,0,40,AUG25,2002,wi
14207265,"Jurabekov, Javlonbek",UZB,M,,,,1874,0,20,AUG25,2000,i
14235366,"Juraboev, Komronbek",UZB,M,,,,1514,0,40,AUG25,2015,i
14213095,"Juraev, Akobir",UZB,M,,,,1785,0,40,AUG25,2008,i
14232758,"Juraev, Kholbek",UZB,M,,,,1479,0,40,AUG25,2007,
14209179,"Juraeva, Muattar",UZB,F,,,,1520,0,40,AUG25,2008,w
14225611,"Jurakulov, Sanjar",UZB,M,,,,1512,0,20,AUG25,1991,i
14200481,"Kagirov, Ravil",UZB,M,,,,2175,0,20,AUG25,1962,
14201771,"Kakhramonova, Mokhinur",UZB,F,,NA,,1951,0,20,AUG25,1996,wi
14210118,"Kakishova, Selbi",UZB,F,,NA,,1743,0,20,AUG25,2001,wi
14243687,Kalandarov Sohib,UZB,M,,,,1539,0,40,AUG25,2012,
14227630,"Kamilev, Aybek",UZB,M,,,,1588,0,40,AUG25,2010,
14208202,"Kamolov, Gulamjon",UZB,M,,,,1708,0,20,AUG25,2000,i
14231832,"Kamolova, Uljarkin",UZB,F,,,,1556,0,40,AUG25,2008,w
14210274,"Karabaev, Kamronbek",UZB,M,,,,1765,0,20,AUG25,2002,i
14237725,"Karabaev, Mansur",UZB,M,,,,1884,0,40,AUG25,1967,
14220148,"Karaboev, Mahamadjon",UZB,M,,,,1729,0,20,AUG25,1955,i
14206722,"Karimbaev, Ziyniddin",UZB,M,,,,1896,0,20,AUG25,1998,
14202603,"Karimboboev, Anvar",UZB,M,,,,1806,0,20,AUG25,1979,i
14236915,"Karimjonova, Nigina",UZB,F,,,,1617,0,40,AUG25,2014,w
14202425,"Karimov, Adkhamzhan",UZB,M,,,,1995,0,20,AUG25,1964,i
14201607,"Karimov, Farukh",UZB,M,FM,NA,,2126,0,20,AUG25,1988,
14200309,"Karimov, Ibragim",UZB,M,FM,NA,,2046,0,20,AUG25,1966,
14239507,"Karimov, Iskandar",UZB,M,,,,1477,0,40,AUG25,2015,
14212161,"Karimov, Kamron",UZB,M,,,,1640,0,40,AUG25,2009,
14210908,"Karimov, Shakhrombek",UZB,M,,,,1913,0,40,AUG25,2009,
14207613,"Karimov, Shakhzod",UZB,M,,,,AFM,1865,0,AUG25,2001,
14203766,"Karimov, Utkir",UZB,M,,,,1547,0,20,AUG25,1943,i
14216205,"Karimov, Zeynur",UZB,M,,,,1650,0,20,AUG25,1995,i
14210410,"Karimova, Guldona",UZB,F,WIM,WIM,,1896,0,40,AUG25,2007,w
14222329,"Karimova, Mohinaxon",UZB,F,,,,1440,0,40,AUG25,2013,w
14237636,"Karimova, Mokhidil",UZB,F,,NA,,1461,0,40,AUG25,1979,w
14242699,Karimsakov Alisher,UZB,M,,,,1507,0,40,AUG25,2014,
14200384,"Karpov, Alexander",UZB,M,IM,,,2150,0,20,AUG25,1959,i
14204304,"Kashaev, Mohir",UZB,M,,,,1678,0,20,AUG25,1947,i
14200244,"Kasimdzhanov, Rustam",UZB,M,GM,,,2646,0,10,AUG25,1979,
14209683,"Kasimov, Ali",UZB,M,FM,NA,,2090,0,20,AUG25,2003,i
14226960,"Kasimov, Rauf",UZB,M,,,,1956,0,40,AUG25,2010,
14203391,"Kasparov, Aram",UZB,M,,,,1992,0,20,AUG25,1998,i
14201488,"Kasyan, Aleksandr",UZB,M,IM,,,2314,0,20,AUG25,1990,i
14218992,"Kaypbergenov, Nauriz",UZB,M,,,,1625,0,40,AUG25,2011,
14200880,"Kayumov, Sergey",UZB,M,GM,,,2405,0,10,AUG25,1981,i
14226332,"Keldiboev, Farkhod",UZB,M,,,,1761,0,20,AUG25,1981,i
14208679,"Kenjaev, Khasan",UZB,M,,NA,,1625,0,40,AUG25,2007,i
14208687,"Kenjaev, Khusan",UZB,M,,NA,,1613,0,40,AUG25,2007,i
14228823,"Kenjaev, Nishonbek",UZB,M,,,,1441,0,20,AUG25,2000,i
14207389,"Khabibullaeva, Mokhinur",UZB,F,,,,1771,0,20,AUG25,2006,wi
14202360,"Khaitov, Akmal",UZB,M,,,,1689,0,20,AUG25,1959,i
14210258,"Khaitov, Mashkhur",UZB,M,,,,1639,0,40,AUG25,2008,
14224178,"Khakimjanov, Muslim",UZB,M,,,,1512,0,20,AUG25,2003,i
14219573,"Khakimov, Akbar",UZB,M,,FI,,1831,0,20,AUG25,1978,i
14209500,"Khakimov, Anvar",UZB,M,,,,1760,0,20,AUG25,2001,i
14224046,"Khakimov, Kakhkhar",UZB,M,,,,1621,0,20,AUG25,1952,i
14206595,"Khakimova, Makhliyo",UZB,F,,,,1773,0,20,AUG25,1999,wi
14226766,"Khakimova, Shakhrizoda",UZB,F,,,,1438,0,40,AUG25,2012,w
14212838,"Khalilov, Abdumalik",UZB,M,,,,1689,0,40,AUG25,2010,
14215934,"Khalilov, Ikromjon",UZB,M,,,,1765,0,40,AUG25,2009,
14223422,"Khalilova, Madinabonu",UZB,F,WCM,WCM,,1850,0,40,AUG25,2009,w
14210223,"Khalimjonov, Fayzullo",UZB,M,,,,1978,0,40,AUG25,2006,
14207370,"Khalmuratov, Makhmudbek",UZB,M,,,,1761,0,20,AUG25,2004,i
14231840,"Khamdamov, Shermuhammad",UZB,M,,,,1413,0,40,AUG25,2011,i
14210533,"Khamdamov, Siyovush",UZB,M,,,,1861,0,40,AUG25,2006,i
14210444,"Khamdamova, Afruza",UZB,F,WIM,WIM,FI,2400,0,10,AUG25,2009,w
14211106,"Khamidov, Okilbek",UZB,M,,,,1950,0,20,AUG25,2000,i
14219948,"Khamidova, Yulduzkhon",UZB,F,,,,1483,0,40,AUG25,2012,w
14219271,"Khamidullaev, Shokhrux",UZB,M,,,,1761,0,20,AUG25,2002,i
14229404,"Khamraeva, Sabrina",UZB,F,,,,1459,0,40,AUG25,2009,w
14201143,"Khamrakulov, Djurabek",UZB,M,GM,,,2482,0,10,AUG25,1988,i
14200600,"Khamrakulova, Iroda",UZB,F,,NA,,2078,0,20,AUG25,1981,wi
14200996,"Khamrakulova, Shakhnoza",UZB,F,,,,2017,0,20,AUG25,1985,wi
14201933,"Khamroev, Ravshan",UZB,M,,,,2188,0,20,AUG25,1992,i
14204495,"Khamroeva, Dilbar",UZB,F,,,,1789,0,20,AUG25,2003,wi
14206749,"Khasanjonov, Khasanboy",UZB,M,,,,1787,0,40,AUG25,2002,
14237008,"Khasanov, Abdulaziz",UZB,M,,,,1591,0,40,AUG25,2018,i
14239515,"Khasanov, Bilolhuja",UZB,M,,,,1648,0,40,AUG25,2013,
14226030,"Khasanov, Dostonbek",UZB,M,,,,1494,0,40,AUG25,2015,
14218658,"Khasanova, Ezozakhon",UZB,F,,,,1614,0,40,AUG25,2012,w
14231425,"Khasanova, Gulshoda",UZB,F,,,,1422,0,40,AUG25,2011,w
14227657,"Khasanova, Mushtariy",UZB,F,,,,1461,0,40,AUG25,2011,wi
14230283,"Khasanova, Noziya",UZB,F,,,,1496,0,40,AUG25,2009,wi
14216795,"Khasanova, Shakhzoda",UZB,F,,,,1627,0,40,AUG25,2010,wi
14212056,"Khatamov, Sayidamirbek",UZB,M,,,,1690,0,40,AUG25,2009,i
14235463,"Khaydarov, Gulom",UZB,M,,,,1493,0,40,AUG25,1986,i
14205653,"Khaydarov, Ravshan",UZB,M,,,,AFM,2000,0,AUG25,1986,
14227410,"Khayridinov, Elerbek",UZB,M,,,,1579,0,40,AUG25,2013,
14205394,"Khegay, Yuliya",UZB,F,WFM,WFM,NA,1849,0,20,AUG25,2004,wi
14211114,"Khikmatilloev, Samandar",UZB,M,,,,1612,0,40,AUG25,2008,i
14214482,"Khikmatov, Islom",UZB,M,,,,1860,0,40,AUG25,2010,
14225638,"Khisamutdinov, Marsel",UZB,M,,,,1718,0,20,AUG25,1981,i
14224186,"Khodjaev, Samandar",UZB,M,,,,1714,0,20,AUG25,1976,i
14232987,"Khojiakhmedova, Iroda",UZB,F,,NA,,1468,0,40,AUG25,1977,wi
14208989,"Kholikov, Kakhramon",UZB,M,,,,2028,0,20,AUG25,1985,i
14230968,"Kholikova, Sofiya",UZB,F,,,,1438,0,40,AUG25,2011,w
14211122,"Kholmamatov, Islombek",UZB,M,,,,1751,0,40,AUG25,2007,
14214512,"Kholmamatova, Maftuna",UZB,F,,,,1585,0,40,AUG25,2007,wi
14200830,"Kholmirzaev, Bakhodir",UZB,M,FM,FA,,2288,0,20,AUG25,1984,i
14234815,"Kholmirzaev, Salokhiddin",UZB,M,,,,1559,0,40,AUG25,2012,
14220563,"Kholmurodov, Ziyodbek",UZB,M,,,,1699,0,20,AUG25,2004,i
14234149,"Khomidov, Shohjahon",UZB,M,,,,1439,0,40,AUG25,2017,
14240769,Khonnazarov Akobir,UZB,M,,,,1486,0,40,AUG25,2014,
14226448,"Khoshimov, Farkhod",UZB,M,,,,1656,0,20,AUG25,1946,i
14210231,"Khotamova, Sevinch",UZB,F,,,,1564,0,40,AUG25,2005,wi
14233878,"Khudanov, Jurat",UZB,M,,,,1403,0,40,AUG25,2012,i
14235234,"Khudanov, Samandar",UZB,M,,,,1444,0,40,AUG25,2009,i
14200740,"Khudaynazarov, Sirojiddin",UZB,M,,NA,,2002,0,20,AUG25,1991,i
14241285,Khudoyberdieva Nigina,UZB,F,,,,1543,0,40,AUG25,2016,w
14237407,"Khudoybergenov, Timurbey",UZB,M,,,,1716,0,40,AUG25,2008,i
14203430,"Khudoykulov, Nuriddin",UZB,M,,,,1975,0,20,AUG25,1996,i
14225026,"Khudoynazarov, Xasanboy",UZB,M,,,,1750,0,20,AUG25,1957,i
14236354,"Khudoyorkhonov, Tamirlan",UZB,M,,,,1453,0,40,AUG25,2015,i
14203707,"Khursanova, Farida",UZB,F,,,,1944,0,20,AUG25,1996,wi
14212730,"Khusainov, Abdurakhmon",UZB,M,,,,1689,0,20,AUG25,2000,i
14206927,"Khusainova, Ozoda",UZB,F,,,,1733,0,20,AUG25,2002,wi
14202255,Khusanbaev Akmal,UZB,M,,,,2108,0,20,AUG25,1990,i
14235986,"Khusanbaev, Khudoyorkhon",UZB,M,,,,1439,0,40,AUG25,2016,
14227665,"Khusanov, Diyorbek",UZB,M,,,,1491,0,40,AUG25,2013,
14223074,"Khusanov, Ibrokhimjon",UZB,M,,,,1700,0,20,AUG25,1960,i
14206528,"Khusanov, Umidjon",UZB,M,,,,1627,0,40,AUG25,2006,i
14209128,"Khushmurodova, Marjona",UZB,F,,,,1740,0,20,AUG25,1998,wi
14229765,"Khusnitdinova, Azizakhon",UZB,F,,,,1467,0,40,AUG25,2007,wi
14228106,"Khusnitdinova, Husnorakhon",UZB,F,WCM,WCM,,1698,7,40,AUG25,2015,w
14227029,"Khvan, Vadim",UZB,M,,,,1612,0,40,AUG25,2008,
14205742,"Kilicheva, Sarvinoz",UZB,F,,,,1744,0,20,AUG25,2002,wi
14204541,"Kim, Igor",UZB,M,,,,1588,0,20,AUG25,1952,i
14204630,"Kim, Lev",UZB,M,,,,1837,0,20,AUG25,1943,i
14206080,"Kim, Leyla",UZB,F,,,,1708,0,20,AUG25,2003,wi
14208008,"Kim, Vasiliy",UZB,M,,,,1909,0,20,AUG25,1950,i
14215764,"Kimsanboyev, Axadxon",UZB,M,,,,1801,0,20,AUG25,2003,
14233070,"Kimsanov, Akhrorbek",UZB,M,,,,1565,0,40,AUG25,2009,
14236940,"Kityan, Amaliya",UZB,F,,,,1413,0,40,AUG25,2016,w
14234203,"Klichev, Shakhzod",UZB,M,,,,1526,0,40,AUG25,2007,i
14226545,"Kobiljonova, Jasmina",UZB,F,,,,1520,0,40,AUG25,2007,wi
14228882,"Kobiljonova, Muslima",UZB,M,,,,1483,0,40,AUG25,2009,i
14234130,"Kodiriy, Muhammadyusuf",UZB,M,,,,1464,0,40,AUG25,2012,i
14223155,"Kodirov, Abdulaziz",UZB,M,,,,1420,0,40,AUG25,2011,i
14225492,"Kodirov, Axrorbek",UZB,M,,,,1534,0,40,AUG25,2015,
14203774,"Kodirov, Saidjon",UZB,M,,NA,,1911,0,20,AUG25,1982,i
14231026,"Kodirova, Asal",UZB,F,,,,1433,0,40,AUG25,2014,w
14212811,"Komiljonov, Sukhrob",UZB,M,,FA,,1531,0,20,AUG25,2004,i
14229773,"Komiljonova, Lazizabonu",UZB,F,,,,1655,0,40,AUG25,2013,w
14215942,"Komilkhonzoda, Dovudkhon",UZB,M,,,,1524,0,40,AUG25,2011,i
14211130,"Komilov, Jahongir",UZB,M,,,,1542,0,40,AUG25,2010,i
14207532,"Komilov, Kamol",UZB,M,,,,1770,0,20,AUG25,1990,i
14221411,"Koraboev, Khusniddin",UZB,M,,,,1678,0,20,AUG25,1987,i
14211548,"Kosimov, Kamoliddin",UZB,M,,,,1678,0,40,AUG25,2005,i
14210622,"Kosimov, Zafar",UZB,M,,,,1706,0,20,AUG25,1968,i
14200848,"Kozak, Leonid",UZB,M,,,,2222,0,20,AUG25,1983,i
14205343,"Kuchkarov, Farhod",UZB,M,,,,1923,0,20,AUG25,1952,i
14216779,"Kudratov, Bekhruz",UZB,M,,,,1801,0,40,AUG25,2009,
14203448,"Kudratov, Bekhzod",UZB,M,,,,1930,0,20,AUG25,1998,i
14213184,"Kudratov, Ruslan",UZB,M,,,,1782,0,20,AUG25,2002,
14230291,"Kuliboeva, Nargiza",UZB,F,,,,1634,0,40,AUG25,2012,w
14224380,"Kuranbaev, Shodibek",UZB,M,,,,1517,0,40,AUG25,2005,i
14216094,"Kurbanov, Abdulaziz",UZB,M,,,,1882,0,20,AUG25,2005,
14201496,"Kurbanov, Djakhongir",UZB,M,,,,2097,0,20,AUG25,1984,i
14225042,"Kurbanov, Xakimjon",UZB,M,,,,1794,0,20,AUG25,1950,i
14214598,"Kurbanova, Feruza",UZB,F,,,,1567,0,40,AUG25,2005,wi
14200619,"Kurbedinov, Ramis",UZB,M,IM,,,2266,0,20,AUG25,1970,i
14221837,"Kurbonboev, Asadbek",UZB,M,,,,1542,0,40,AUG25,2006,i
14201780,"Kurbonboeva, Sarvinoz",UZB,F,WGM,WGM,,2103,0,20,AUG25,1994,wi
14209144,"Kurbonov, Asilbek",UZB,M,,,,1848,0,20,AUG25,2003,i
14213192,"Kurbonova, Umida",UZB,F,,,,1681,0,40,AUG25,2009,w
14221853,"Kuronboev, Utkir",UZB,M,,,,1671,0,20,AUG25,2002,i
14227436,"Kushnazarov, Sultonmurod",UZB,M,,,,1427,0,40,AUG25,2013,i
14229153,"Kuvandikova, Nafisa",UZB,F,,,,1616,0,40,AUG25,2014,w
14243032,Kuvondikov Davlatbek,UZB,M,,,,1581,0,40,AUG25,2017,
14209330,"Kuvondikov, Khasan",UZB,M,,,,1713,0,20,AUG25,1984,i
14209349,"Kuvvatov, Azizbek",UZB,M,,NA,,1812,0,20,AUG25,2001,i
14201356,"Kvon, Andrey",UZB,M,GM,,,2485,0,10,AUG25,1989,i
14236850,"Larina, Zarina",UZB,F,,,,1571,0,40,AUG25,2017,w
14221861,"Latipov, Isomiddin",UZB,M,,,,1644,0,40,AUG25,2009,i
14202654,"Lebedev, Boris",UZB,M,,,,2164,0,20,AUG25,1967,i
151105017,"Li, Oleg",UZB,M,,,,1469,0,40,AUG25,2012,i
14210703,"Madaminov, Mukhiddin",UZB,M,GM,,,2458,0,10,AUG25,2006,
14223872,"Madetov, Dauranbek",UZB,M,,,,1689,0,20,AUG25,2004,i
14201062,"Madjidov, Jasur",UZB,M,,,,AGM,1998,0,AUG25,1982,i
14205459,"Madolimov, Dilshod",UZB,M,,,,AIM,1873,0,AUG25,1980,i
14206340,"Mahammatov, Sirojiddin",UZB,M,,,,1845,0,20,AUG25,2004,i
14224526,"Mahmudov, Ezozbek",UZB,M,,,,1637,8,40,AUG25,2014,
14220873,"Mahmudova, Nilufar",UZB,F,,,,1474,7,40,AUG25,2014,w
14209357,"Mahsudov, Ergash",UZB,M,,,,1729,0,20,AUG25,1981,i
14220857,"Majidov, Asilbek",UZB,M,,,,1611,0,40,AUG25,2010,
14211157,"Makagonov, Danil",UZB,M,,,,1587,0,40,AUG25,2009,i
14207702,"Makarkin, Artemiy",UZB,M,,,,1632,0,40,AUG25,2005,i
14228530,"Makhamadullaev, Mukhammaddiyor",UZB,M,,,,1687,0,40,AUG25,2010,
14230828,"Makhamataliev, Eldor",UZB,M,,,,1761,0,40,AUG25,1988,
14225409,"Makhamatjonov, Mukhammadjo",UZB,M,,,,1571,0,40,AUG25,2008,i
14209578,"Makhkamov, Erkin",UZB,M,,,,1640,0,20,AUG25,1945,i
14230518,"Makhmudbekov, Bekzod",UZB,M,,,,1456,0,40,AUG25,2008,i
14211165,"Makhmudjonov, Davlatbek",UZB,M,,,,1903,0,40,AUG25,2007,i
14210541,"Makhmudov, Abbos",UZB,M,,,,1828,0,20,AUG25,1996,i
14224208,"Makhmudov, Alisher",UZB,M,,,,1807,0,20,AUG25,1962,i
14237741,"Makhmudov, Qilichbek",UZB,M,,,,1595,0,40,AUG25,2009,
14200775,"Makhmudov, Shukhrat",UZB,M,CM,,,2126,0,20,AUG25,1973,i
14213222,"Makhmudova, Dilnoza",UZB,F,,,,1536,0,20,AUG25,2004,wi
14209365,"Maksudov, Bakhodir",UZB,M,,,,1630,0,20,AUG25,1980,i
14216108,"Maksyutov, Nur",UZB,M,,,,1540,0,20,AUG25,1951,i
14221888,"Malikov, Daler",UZB,M,,NA,,1752,0,20,AUG25,2003,i
14212463,"Malikova, Marjona",UZB,F,WIM,WIM,,1995,0,20,AUG25,2002,w
14201127,"Malinichev, Konstantin",UZB,M,FM,,,2309,0,20,AUG25,1941,i
14223430,"Mamadaminova, Sofiya",UZB,F,,,,1469,0,40,AUG25,2005,wi
14230305,"Mamadiyorov, Javokhir",UZB,M,,,,1471,0,40,AUG25,2014,
14208415,"Mamajonov, Ismoil",UZB,M,,,,1568,0,20,AUG25,1958,i
14232219,"Mamanazarov, Mamadiyor",UZB,M,,,,1580,0,40,AUG25,1973,
14232480,"Mamanazarov, Marufjon",UZB,M,,,,1481,0,40,AUG25,2014,i
14227924,"Mamanazarov, Ogabek",UZB,M,,,,1494,0,40,AUG25,2012,i
14209977,"Mamarajabov, Sardorbek",UZB,M,,,,1759,0,20,AUG25,1995,
14231867,"Mamarasulov, Husan",UZB,M,,,,1422,0,40,AUG25,2013,i
14208040,"Mamarasulov, Mamaradjab",UZB,M,,,,1848,0,20,AUG25,2002,i
14231875,"Mamarasulova, Yasmina",UZB,F,,,,1639,0,40,AUG25,2014,w
14208105,"Mamasaidov, Ibragim",UZB,M,,,,1595,0,20,AUG25,2000,i
14216671,"Mamasaidov, Ibrokhim",UZB,M,,,,1574,0,40,AUG25,2007,i
14204517,"Mamatkulov, Rustamjon",UZB,M,,,,1843,0,20,AUG25,1954,i
14202816,"Mamatkulova, Maftuna",UZB,F,,,,2027,0,20,AUG25,1992,wi
14219298,"Mamatsalaev, Shohjahon",UZB,M,,,,1795,0,40,AUG25,2011,
14205696,"Mamayusupov, Jasur",UZB,M,,NA,,1836,0,20,AUG25,1985,i
14238055,"Mamaziyaev, Bekzod",UZB,M,,,,1542,0,40,AUG25,2010,
14226340,"Mamurov, Kamoluddin",UZB,M,,,,1681,0,40,AUG25,2014,
14212412,"Mamurova, Dilrabokhon",UZB,F,,,,1587,0,20,AUG25,2004,w
14237440,"Mamutova, Sarvinaz",UZB,F,,,,1422,0,40,AUG25,2010,w
14208881,"Manashev, Renat",UZB,M,,,,1804,0,20,AUG25,1963,i
14231476,"Mannonov, Umidjon",UZB,M,,,,1498,0,40,AUG25,2011,
14224224,"Mansurov, Sarvar",UZB,M,,,,1470,0,20,AUG25,2003,i
14215780,"Mansurova, Mumtozbegim",UZB,F,WCM,WCM,,1763,0,40,AUG25,2009,w
14225760,"Maraimov, Khudoyor",UZB,M,,,,1839,0,40,AUG25,2007,
14204010,"Masharipov, Sirojiddin",UZB,M,,,,1845,0,20,AUG25,1995,i
14219778,"Matboboyev, Ikboljon",UZB,M,,,,1561,0,20,AUG25,2003,i
14231492,"Matkarimova, Sevinch",UZB,F,,,,1528,0,40,AUG25,2011,w
14230011,"Matyakubov, Bekhruz",UZB,M,,,,1426,0,40,AUG25,2011,i
14215772,"Matyakubov, Miraziz",UZB,M,CM,,,1983,0,40,AUG25,2009,i
14242664,Maulenova Barno,UZB,F,,,,1589,0,40,AUG25,2015,w
14226065,"Maxmuraliev, Islombek",UZB,M,,,,1589,0,40,AUG25,2007,i
14237458,"Medetova, Robiya",UZB,F,,,,1468,0,40,AUG25,2011,w
14226677,"Mirakhatov, Mirabror",UZB,M,,,,1674,0,40,AUG25,2007,i
14228890,"Mirisakova, Marjona",UZB,M,,,,1528,0,40,AUG25,2007,i
14215799,"Mirpulatov, Mirabror",UZB,M,,,,1750,0,40,AUG25,2009,i
14212072,"Mirxosilov, Isroil",UZB,M,,,,1740,0,20,AUG25,2003,i
14224232,"Mirzaabdullaev, Anvarjon",UZB,M,,,,1660,0,20,AUG25,2002,i
14220016,"Mirzaev, Ibrohim",UZB,M,,,,1743,0,40,AUG25,2007,i
14230020,"Mirzaev, Jakhongir",UZB,M,,,,1604,0,40,AUG25,2016,
14223635,"Mirzaev, Sherzod",UZB,M,,,,1637,0,20,AUG25,1985,i
14223180,"Mirzakhidov, Oybek",UZB,M,,,,1500,0,40,AUG25,2009,i
14223449,"Mirzakhoshimova, Marjona",UZB,F,,,,1492,0,40,AUG25,2009,wi
14211572,"Mirzaodilov, Bokhodir",UZB,M,,NA,,1921,0,20,AUG25,2002,
14234122,"Mirzoev, Bekhzod",UZB,M,,,,1421,0,40,AUG25,2003,i
14223376,"Muhammadhodjaev, Nurmuhamma",UZB,M,,,,1475,0,40,AUG25,2005,i
14242575,Muhammadiev Temurbek,UZB,M,,,,1447,0,40,AUG25,2009,
14231891,"Muhammadumarov, Muhammad Bobur",UZB,M,,,,1561,0,40,AUG25,2016,
14234785,"Mukhamadiev, Samir",UZB,M,,,,1602,0,40,AUG25,2013,
14223198,"Mukhamadjidov, Nurmukhamad",UZB,M,,,,1502,0,40,AUG25,2010,i
14207710,"Mukhamedov, Khadiyatullo",UZB,M,,,,1903,0,20,AUG25,2006,
14228092,Mukhammadiev Khushnudbek,UZB,M,,,,1576,0,40,AUG25,2015,
14227690,"Mukhammadieva, Kholida",UZB,F,,,,1472,0,40,AUG25,2014,w
14244756,Mukhammadkhanov Mukhammadabdujabbor,UZB,M,,,,1466,0,40,AUG25,2012,
14223880,"Mukhammadov, Islombek",UZB,M,,,,1759,0,20,AUG25,2003,i
14231522,"Mukhammatsoliev, Muhammadyusuf",UZB,M,,,,1431,0,40,AUG25,2009,
14211580,"Mukhiddinov, Abdulaziz",UZB,M,,,,1716,0,20,AUG25,2003,i
14230313,"Mukhiddinov, Mirzohid",UZB,M,,,,1589,0,40,AUG25,2016,
14224755,"Mukhiddinova, Nilufar",UZB,F,,,,1446,0,40,AUG25,2014,wi
14216507,"Mukhsinov, Mukhammad Yusuf",UZB,M,,,,1836,0,40,AUG25,2010,
14216515,"Mukhsinova, Mokhizoda",UZB,F,,,,1728,0,20,AUG25,2005,w
14233967,"Mukimov, Mahmudjon",UZB,M,,,,1475,0,40,AUG25,2015,i
14213630,"Mukumov, Arjin",UZB,M,,,,1872,0,40,AUG25,2006,i
14201526,"Muminova, Nafisa",UZB,F,WGM,WGM,"FT,NA",2230,0,20,AUG25,1990,wi
14212765,Munasibov Rabbim,UZB,M,,,,1588,0,20,AUG25,1951,i
14206498,"Muradov, Khayriddin",UZB,M,,,,1783,0,20,AUG25,2002,i
14204037,"Muratbekov, Anvarbek",UZB,M,,,,1713,0,20,AUG25,1946,i
14219611,"Muratov, Barno",UZB,M,,,,1579,0,20,AUG25,1957,i
14208814,"Muratov, Gabit",UZB,M,,,,1605,0,20,AUG25,1979,i
14218062,"Murodjonov, Xondamir",UZB,M,,,,1580,0,40,AUG25,2009,i
14218828,"Murotaliev, Shokhjakhon",UZB,M,,,,1672,0,40,AUG25,2005,i
14203057,"Murzambetov, Islam",UZB,M,,,,1996,0,20,AUG25,1988,i
14200791,"Muslimov, Farkhad",UZB,M,,,,2132,0,20,AUG25,1992,i
14201445,"Mustafaev, Jamshid",UZB,M,,NA,,2254,0,20,AUG25,1991,i
14201135,"Mustafaev, Khurshed",UZB,M,,NA,,2267,0,20,AUG25,1991,i
14232944,"Mustafakulov, Akbar",UZB,M,,,,1695,0,40,AUG25,2015,
14214741,"Mustafoev, Sanjar",UZB,M,,,,1680,0,40,AUG25,2009,
14227053,"Mustafoeva, Rukhshona",UZB,F,,,,1443,0,40,AUG25,2009,wi
14244799,Musulmonqulov Shakhzod,UZB,M,,,,1589,0,40,AUG25,2011,
14231913,"Mutalov, Jakhongir",UZB,M,,,,1589,0,40,AUG25,2013,
14212455,"Muzafarov, Avazbek",UZB,M,,,,1873,0,20,AUG25,2002,i
14244462,Muzaffarov Jasur,UZB,M,,,,1775,0,40,AUG25,2009,
14215829,"Muzaffarova, Makhbbuba",UZB,F,,,,1486,0,20,AUG25,2004,wi
14225956,"Nabiyev, Nasimbek",UZB,M,,,,1593,0,20,AUG25,1994,i
14201232,"Nadirjanova, Nodira",UZB,F,WIM,WIM,,2015,0,20,AUG25,1990,wi
14210282,"Najimiddinov, Valilillokh",UZB,M,,,,1643,0,20,AUG25,1997,i
14214768,"Najmiddinova, Gulkhumor",UZB,F,,,,1647,0,40,AUG25,2006,w
14206536,"Narzikulov, Giyosjon",UZB,M,,,,1861,0,20,AUG25,1999,i
14205408,"Narzikulova, Gulhae",UZB,F,,,,1870,0,20,AUG25,1997,wi
14214792,"Nasimov, Jasurbek",UZB,M,,,,1669,0,40,AUG25,2010,
14233487,"Nasriddinov, Ilkhomjon",UZB,M,,,,1434,0,40,AUG25,2011,
14213290,"Nasritdinov, Alisher",UZB,M,,,,1514,0,40,AUG25,2006,i
14225514,"Nasritdinova, Mashkhura",UZB,F,,,,1516,0,40,AUG25,2009,wi
14217660,"Nasullaev, Usmonjon",UZB,M,,,,1539,0,40,AUG25,2010,i
14205572,"Navruzov, Tukhtamurod",UZB,M,,,,1923,0,20,AUG25,1996,i
14228564,"Nazarov, Bekhruzjon",UZB,M,,,,1525,0,40,AUG25,2009,i
14222752,"Nazarov, Shoxruz",UZB,M,,,,1413,0,40,AUG25,2013,i
14207397,"Nazarova, Amina",UZB,F,,,,1604,0,40,AUG25,2006,wi
14206153,"Nazarova, Sitora",UZB,F,,,,1791,0,20,AUG25,2002,wi
14201860,"Nazhmeddinov, Sirodjiddin",UZB,M,,NA,,2169,0,20,AUG25,1989,i
14217252,"Naziraliev, Kilichbek",UZB,M,,,,1834,0,40,AUG25,2007,
14230992,"Nazirjonov, Imronbek",UZB,M,,,,1519,0,40,AUG25,2014,
14231018,"Nazirkulova, Mehribonu",UZB,F,,,,1428,0,40,AUG25,2015,w
14223570,"Nazrullaev, Fayzullo",UZB,M,,,,1722,0,20,AUG25,2001,i
14231930,"Nematillakhonov, Nurmuhammad",UZB,M,,,,1842,9,40,AUG25,2016,
14229862,Nematjonov Rakhmonali,UZB,M,,,,1636,0,40,AUG25,2014,
14214806,"Nematjonov, Saidnazar",UZB,M,,,,1438,0,40,AUG25,2010,i
14217260,"Nematjonov, Zikrulloh",UZB,M,,,,1698,0,40,AUG25,2010,i
14225522,"Nematjonova, Zarina",UZB,F,,,,1591,0,40,AUG25,2015,w
14216680,"Nematov, Tokhir",UZB,M,CM,,,1747,0,40,AUG25,2011,
14212579,"Nematova, Gulasal",UZB,F,,,,1575,0,20,AUG25,2003,wi
14202131,"Nigmatov, Ortik",UZB,M,GM,,,2463,0,10,AUG25,2000,
14207729,"Nishonov, Mokhir",UZB,M,,,,1863,0,20,AUG25,2000,i
14206170,"Nishonova, Gulbadan",UZB,F,,,,1652,0,20,AUG25,2001,wi
14216574,"Niyazmetov, Davron",UZB,M,,,,2122,0,40,AUG25,1980,i
14218305,"Niyozov, Mukhammadsaid",UZB,M,,,,1574,0,20,AUG25,2004,i
14228980,"Niyozov, Shavkatbek",UZB,M,,,,1783,0,20,AUG25,1979,i
14223643,"Nizamkhodjaev, Saidkamol",UZB,M,,,,1514,0,40,AUG25,2005,i
14209080,"Nomozova, Holida",UZB,F,,,,1816,0,20,AUG25,2001,wi
14204045,"Noraliev, Saparali",UZB,M,,,,1910,0,20,AUG25,1991,i
14201658,"Norbaev, Nabijon",UZB,M,,NA,,2218,0,20,AUG25,1978,i
14224860,"Norboev, Anvar",UZB,M,,,,1569,0,20,AUG25,1975,i
14226081,"Norboev, Xoshimjon",UZB,M,,,,AIM,1551,0,AUG25,2009,i
14220954,"Norkulova, Malika",UZB,F,,,,1678,0,40,AUG25,2014,w
14249090,"Normuminov, Uralbek",UZB,M,,,,1665,9,40,AUG25,2010,
14226421,"Normurodov, Ilkhom",UZB,M,,,,1633,0,40,AUG25,2012,
14216337,"Normurodov, Rakhmanbek",UZB,M,,,,1653,0,40,AUG25,2007,i
14230046,"Nozimov, Ulugbek",UZB,M,,,,1514,0,40,AUG25,2006,
14217732,"Nugmonov, Dilshod",UZB,M,,,,1581,0,40,AUG25,2007,i
14216213,"Numanov, Dilshod",UZB,M,,,,1578,0,40,AUG25,2006,i
14211939,"Numonova, Rukhshona",UZB,F,,,,1663,0,40,AUG25,2005,wi
14237148,"Nuraddinova, Marjona",UZB,F,,,,1527,0,40,AUG25,2014,w
14218070,"Nuriddinov, Akhror",UZB,M,,NA,,1783,0,20,AUG25,1957,i
14226090,"Nurillaev, Sultonbek",UZB,M,,,,1611,0,40,AUG25,2011,i
14229781,"Nurillaeva, Nilufar",UZB,F,,,,1563,0,40,AUG25,2010,wi
14203820,"Nuritdinov, Nizomiddin",UZB,M,,,,1900,0,20,AUG25,1960,i
14235323,"Nuritdinov, Temurbek",UZB,M,,,,1508,0,40,AUG25,2015,
14233118,"Nurmatov, Ayubxon",UZB,M,,,,1568,0,40,AUG25,2009,
14210142,"Nurmatova, Kamola",UZB,F,,NA,,1632,0,20,AUG25,2001,wi
14243881,Nurmurodova Gavhar,UZB,F,,,,1423,0,40,AUG25,2011,w
14204851,"Nurullaev, Akhmad",UZB,M,,,,1948,0,20,AUG25,2001,i
14216116,"Nurullaev, Shkurullo",UZB,M,,,,1524,0,20,AUG25,1958,i
14227339,"Nurullaeva, Dilnoza",UZB,F,,,,1565,0,40,AUG25,2012,w
14229188,"Nurullaeva, Shirinoy",UZB,F,,,,1435,0,40,AUG25,2015,w
14222531,"Obidjonov, Oriyat",UZB,M,CM,,,1892,0,40,AUG25,2013,
14225271,"Obidov, Biloliddin",UZB,M,,,,2011,9,40,AUG25,2012,
14237601,"Obidov, Sarvar",UZB,M,,,,1571,0,40,AUG25,2009,
14207362,"Oblakulova, Ozoda",UZB,F,,,,1640,0,20,AUG25,2004,wi
14218844,"Ochilov, Abdugani",UZB,M,,,,1887,0,20,AUG25,2001,i
14232359,"Ochilov, Lochinbek",UZB,M,,,,1513,0,40,AUG25,2010,
14203510,"Ochilova, Shahnoza",UZB,F,,NA,,1734,0,40,AUG25,1995,wi
14210355,"Ofokov, Abdulboriy",UZB,M,,,,1671,0,40,AUG25,2006,i
14228572,"Ogay, Maksim",UZB,M,,,,1628,0,40,AUG25,2008,
14227711,"Oktamov, Ulugbek",UZB,M,,,,1536,0,40,AUG25,2010,
14232081,"Olimjonov, Muhammadziyo",UZB,M,,,,1671,0,40,AUG25,2014,
14205173,"Olimjonov, Sarvarbek",UZB,M,,,,1898,0,20,AUG25,2001,i
14207460,"Olimjonova, Samirabonu",UZB,F,,,,1642,0,40,AUG25,2005,wi
14210916,"Olimova, Odina",UZB,F,WCM,WCM,,1771,0,40,AUG25,2009,w
14212510,"Olimova, Rukiya",UZB,F,,,,1881,0,40,AUG25,2011,w
14227088,"Ollaberganov, Safarmurod",UZB,M,,NA,,AIM,1772,0,AUG25,2006,
14212552,"Omonov, Asrorjon",UZB,M,FM,,,2211,0,40,AUG25,2009,
14226812,"Omonov, Saidamin",UZB,M,,,,1645,0,40,AUG25,2010,i
14210363,"Omonova, Umida",UZB,F,WIM,WIM,,2265,6,20,AUG25,2006,w
14206978,"Orazmukhammedova, Makhim",UZB,F,,"NI,NA",,1775,0,20,AUG25,2000,wi
14209187,"Orazmuxamedova, Maysa",UZB,F,,,,1680,0,20,AUG25,2003,wi
14244500,Orolov Ogabek,UZB,M,,,,1623,0,40,AUG25,2010,
14206358,"Orolov, Otabek",UZB,M,,,,1772,0,20,AUG25,2000,i
14225808,"Ortikov, Sherali",UZB,M,,,,1747,0,40,AUG25,2010,
14227452,"Ortikova, Mokhlaroyim",UZB,F,,,,1508,0,40,AUG25,2015,w
14222540,"Ortikova, Nozimakhon",UZB,F,,,,1653,0,40,AUG25,2008,w
14225280,"Orzikulov, Umidjon",UZB,M,,,,1604,0,20,AUG25,2000,i
14202263,"Orzikulova, Maftuna",UZB,F,,NA,,1970,0,20,AUG25,1989,wi
14230348,"Orzikulova, Sarvinoz",UZB,F,,,,1462,0,40,AUG25,2009,w
14207737,"Otahonov, Tohirjon",UZB,M,,,,1806,0,20,AUG25,1978,i
14237610,"Otajonov, Alisher",UZB,M,,,,1443,0,40,AUG25,2007,
14234955,"Otajonova, Madinakhon",UZB,F,,,,1485,0,40,AUG25,2009,w
14234238,"Otamirzaev, Bekzod",UZB,M,,,,1514,0,40,AUG25,2006,i
14219816,"Oybekov, Otabekjon",UZB,M,,,,1703,0,40,AUG25,2011,
14218739,"Oybekov, Ozodbekjon",UZB,M,,,,1644,0,40,AUG25,2012,
14234513,"Palibekov, Jasur",UZB,M,,,,1433,0,40,AUG25,2015,i
14238101,"Pardabaev, Sulton",UZB,M,,,,1546,0,40,AUG25,2013,
14228599,"Pardabaeva, Surayyo",UZB,F,,,,1456,0,40,AUG25,2005,wi
14209039,"Pardabaeva, Zebo",UZB,F,,,,1765,0,20,AUG25,2001,wi
14241340,Pardaboyev Fayozbek,UZB,M,,,,1564,0,40,AUG25,2014,
14228971,"Pardaev, Javokhir",UZB,M,,,,1753,0,40,AUG25,2013,
14202867,"Parpieva, Nodirabegim",UZB,F,WFM,WFM,,2098,0,20,AUG25,1997,wi
14237776,"Pirnazarov, Khamidjon",UZB,M,,,,1882,0,40,AUG25,1987,
14217279,"Pulatov, Rakhimjon",UZB,M,,,,1895,0,20,AUG25,1947,
14244314,Qarshiyev Asadbek,UZB,M,,,,1689,0,40,AUG25,2008,
14242079,Qoshoqov Asadbek,UZB,M,,,,1559,0,40,AUG25,2014,
14229447,"Rabbimov, Jahongir",UZB,M,,,,1709,0,40,AUG25,2015,
14211254,"Rabbimova, Dilnura",UZB,F,,,,1764,0,20,AUG25,2006,wi
14231956,"Rahimberdieva, Ruhshona",UZB,F,,,,1524,0,40,AUG25,2010,wi
14208377,"Rahkimov, Daler",UZB,M,,,,1617,0,20,AUG25,1997,i
14204177,"Rahman, Adel",UZB,M,FM,,,2173,0,20,AUG25,1998,i
14214954,"Rahmonov, Ansor",UZB,M,,,,1598,0,40,AUG25,2009,
14211262,"Raimkulov, Khidirdavlat",UZB,M,,,,1710,0,40,AUG25,2005,i
14209829,"Rajabbaev, Sardorbek",UZB,M,,,,1668,0,20,AUG25,1997,i
14219930,"Rajabboev, Ibrat",UZB,M,,,,1674,0,40,AUG25,2011,i
14232324,"Rajabov, Abdukhakim",UZB,M,,,,1502,0,40,AUG25,2012,
14230062,"Rajabov, Abdurahmon",UZB,M,,,,1838,0,40,AUG25,2016,
14225778,"Rajabov, Jakhongir",UZB,M,,,,1483,0,40,AUG25,2008,
14225530,"Rajabov, Jasur",UZB,M,,,,1499,0,40,AUG25,2015,
14234289,"Rajabov, Shokhruh",UZB,M,,,,1443,0,40,AUG25,2011,
14237083,"Rakhimberdiev, Akbar",UZB,M,,,,1529,0,40,AUG25,2006,i
14212684,"Rakhimov, Alisher",UZB,M,,,,1580,0,20,AUG25,1972,i
14216353,"Rakhimov, Ibragim",UZB,M,,,,1756,0,20,AUG25,1966,i
14205076,"Rakhimov, Jakhongir",UZB,M,,NA,,2092,0,20,AUG25,1977,i
14209837,"Rakhimov, Rakhmatjon",UZB,M,,NA,,2025,0,20,AUG25,1973,i
14207745,"Rakhimov, Rustam",UZB,M,,,,1776,0,20,AUG25,1944,i
14238446,"Rakhimov, Umidjon",UZB,M,,,,1834,0,40,AUG25,2000,
14210185,"Rakhmatkoriev, Ibrokhim",UZB,M,,,,1728,0,40,AUG25,2006,i
14224577,"Rakhmatov, Islombek",UZB,M,,,,1480,0,40,AUG25,2008,i
14201364,"Rakhmatulaev, Konstantin",UZB,M,,,,1863,0,20,AUG25,1955,
14205785,"Rakhmatullaev, Akjol",UZB,M,,,,1600,0,40,AUG25,2008,i
14205793,"Rakhmatullaev, Almas",UZB,M,IM,,,2410,0,10,AUG25,2006,
14225298,"Rakhmatullaev, Muhammadsolih",UZB,M,,,,1956,0,40,AUG25,2010,
14223899,"Rakhmatullaev, Mukhammadis",UZB,M,,,,1511,0,40,AUG25,2010,i
14208113,"Rakhmatullaev, Rustam",UZB,M,,,,1892,0,20,AUG25,2000,i
14201372,"Rakhmatullin, Kamil",UZB,M,,,,2055,0,20,AUG25,1967,
14237784,"Rakhmonkulov, Bakhramjon",UZB,M,,,,1674,0,40,AUG25,1983,
14214962,"Rakhmonov, Nazar",UZB,M,,,,1641,0,40,AUG25,2007,
14232677,"Rakhmonov, Oybek",UZB,M,,,,1589,0,40,AUG25,2014,
14244080,Ramazanov Daler,UZB,M,,,,1551,0,40,AUG25,2009,
14211289,"Ramazonov, Muslimbek",UZB,M,,,,AFM,1648,0,AUG25,2002,i
14218291,"Rashidov, Samir",UZB,M,,,,1635,0,40,AUG25,2008,i
14218771,"Rashidova, Mubina",UZB,F,,,,1507,0,40,AUG25,2010,wi
14227266,"Rasulev, Imran",UZB,M,,,,1501,0,40,AUG25,2009,i
14208741,"Rasuljanov, Mukhammadamin",UZB,M,,,,1783,0,20,AUG25,2003,i
14208334,"Rasulov, Shukhrat",UZB,M,,,,1771,0,20,AUG25,2003,i
14234173,"Raufov, Dilshod",UZB,M,,,,1460,0,40,AUG25,2006,i
14237512,"Ravshanov, Elshodbek",UZB,M,,,,1542,0,40,AUG25,2011,
14212170,"Ravshanov, Sheralijon",UZB,M,CM,,,1932,0,40,AUG25,2009,
14238110,"Rayimjonov, Javlonbek",UZB,M,,,,1585,0,40,AUG25,2012,
14231190,"Rustambekov, Umarbek",UZB,M,,,,1411,0,40,AUG25,2009,i
14201992,"Rustamov, Alisher",UZB,M,FM,,,2084,0,20,AUG25,1966,
14207761,"Rustamov, Anvar-Hodja",UZB,M,,,,1814,0,20,AUG25,1972,i
14201011,"Rustamov, Asilbek",UZB,M,,,,1806,0,20,AUG25,1967,
14223112,"Rustamov, Azamat",UZB,M,,,,1699,0,40,AUG25,1984,i
14219786,"Rustamov, Bekzod",UZB,M,,,,1786,0,40,AUG25,2009,
14207915,"Rustamov, Kamoliddin",UZB,M,,,,1686,0,20,AUG25,1982,i
14216140,"Rustamov, Khumoyun",UZB,M,,,,1734,0,20,AUG25,2003,i
14211300,"Ruzikulova, Ozoda",UZB,F,,,,1582,0,20,AUG25,2000,wi
14223902,"Ruzmatov, Alisher",UZB,M,,,,1465,0,20,AUG25,1961,i
14206803,"Sabirov, Asilbek",UZB,M,,,,2054,0,20,AUG25,2000,
14202000,"Sabirova, Shakhnoza",UZB,F,,NA,,1888,0,20,AUG25,1992,w
14228637,"Safarboeva, Sevinch",UZB,F,,,,1589,0,40,AUG25,2009,w
14231590,"Safarov, Azizbek",UZB,M,,,,1458,0,40,AUG25,2007,
14206811,"Safarov, Doniyor",UZB,M,,,,AFM,1902,0,AUG25,1998,
14223228,"Safarov, Ibodulla",UZB,M,,,,1522,0,20,AUG25,1956,i
14226103,"Saidazimov, Saidakrom",UZB,M,,,,1582,0,40,AUG25,2012,i
14215055,"Saidmurodov, Khojiakbar",UZB,M,,,,1527,0,20,AUG25,1999,i
14207770,"Saidnyozov, Abdulmalik",UZB,M,,,,1672,0,20,AUG25,2005,i
14200333,"Saidov, Beqali",UZB,M,FM,,,2364,0,20,AUG25,1980,i
14222060,"Saidov, Sardor",UZB,M,,,,1794,0,40,AUG25,2013,
14215071,"Saidov, Sardorbek",UZB,M,,,,1711,0,40,AUG25,2007,
14222825,"Saidov, Sobirjon",UZB,M,,,,1748,0,20,AUG25,1991,
14201100,"Saidov, Suvonkul",UZB,M,,NA,,1980,0,20,AUG25,1986,i
14237792,"Sakhobiddinov, Burkhonbek",UZB,M,,,,1509,0,40,AUG25,2009,
14211874,"Salaev, Aziz",UZB,M,,,,1730,0,40,AUG25,2005,i
14232472,"Salikhova, Renata",UZB,F,,,,1551,0,40,AUG25,2014,wi
14238330,"Salimjonov, Bakhtiyor",UZB,M,,,,1452,0,40,AUG25,2002,
14208920,"Salimov, Azamat",UZB,M,,,,1756,0,20,AUG25,1999,i
14204940,"Salimova, Asal",UZB,F,WCM,WCM,,1866,0,20,AUG25,2001,w
14230070,"Salohiddinov, Sardor",UZB,M,,,,1524,0,40,AUG25,2013,i
14230089,"Salohiddinov, Sarvar",UZB,M,,,,1450,0,40,AUG25,2015,
14221160,"Salomov, Asilbek",UZB,M,,,,1530,0,20,AUG25,2002,i
14205807,"Samandarov, Sherzod",UZB,M,,NA,,1862,0,20,AUG25,2006,i
14233576,"Samaruddinov, Nuruddin",UZB,M,,,,1716,0,40,AUG25,2015,i
14218798,"Samatova, Farangiz",UZB,F,,NA,,1603,0,40,AUG25,2008,w
14217112,"Sanetullaev, Almas",UZB,M,,,,1548,0,40,AUG25,2012,i
14204380,"Sapaev, Begzod",UZB,M,,NA,,1840,0,20,AUG25,1990,i
14202700,"Sapaev, Maksad",UZB,M,,,,2146,0,20,AUG25,1993,i
14225859,"Saparov, Khumoyun",UZB,M,,,,1472,0,40,AUG25,2010,
14206986,"Saparova, Sitora",UZB,F,WFM,WFM,,1837,0,20,AUG25,2002,wi
14209420,"Sardorova, Robiyakhon",UZB,F,,NA,,AFM,1799,0,AUG25,2003,w
14216809,"Sarsenbaev, Zeynulla",UZB,M,,,,1556,0,40,AUG25,2008,i
14224550,"Sattarov, Azizbek",UZB,M,,,,1502,0,40,AUG25,2008,
14203081,"Sattarov, Bobir",UZB,M,IM,NA,,2160,0,20,AUG25,1995,i
14200872,"Sattarov, Fakhriddin",UZB,M,FM,IA,,2111,0,20,AUG25,1965,
14227100,"Sattarova, Shaxrizoda",UZB,F,,,,1643,0,40,AUG25,2011,w
14220024,"Sattorov, Isfandiyor",UZB,M,,,,1565,0,40,AUG25,2005,i
14211319,"Sattorov, Shakhruz",UZB,M,,,,1728,0,20,AUG25,2004,i
14224402,"Satvaldiyev, Munazzam",UZB,M,,,,1620,0,40,AUG25,2013,
14232375,Savriddinov Abdurahmon,UZB,M,,,,1481,0,40,AUG25,2014,
14240718,Saxobiddinov Ozodbek,UZB,M,,,,1471,0,40,AUG25,2014,
14207443,"Saydaliev, Akobirkhon",UZB,M,IM,,,2047,0,40,AUG25,2008,
14206439,"Saydaliev, Roostam",UZB,M,,,,1959,0,20,AUG25,1970,i
14203693,"Saydaliev, Saidakbar",UZB,M,IM,,,2323,0,20,AUG25,2001,
14212200,"Saydalieva, Sharofatbegim",UZB,F,,,,1615,0,40,AUG25,2010,wi
14244543,Sayfiddinov Ulugbek,UZB,M,,,,1481,0,40,AUG25,2010,
14231972,"Sayfiddinov, Khudoyberdi",UZB,M,,,,AIM,1668,0,AUG25,2007,
14223457,"Sayfullaev, Sirojiddin",UZB,M,,,,1638,0,20,AUG25,2006,i
14225107,"Sayitkamolov, Saidaxror",UZB,M,,,,1652,0,40,AUG25,2009,i
14201437,"Semenova, Irina",UZB,F,WGM,WGM,"FT,IA",2066,0,20,AUG25,1990,wi
14215144,"Shabanov, Baxodir",UZB,M,,,,AFM,1717,0,AUG25,2005,i
14215861,"Shakhzodova, Ozoda",UZB,F,,,,1760,0,20,AUG25,2006,w
14211831,"Shamsuddin, Sayyid Kutb",UZB,M,,,,1621,0,40,AUG25,2006,i
14211840,"Shamsuddin, Sayyid Usmon",UZB,M,,,,AIM,2057,0,AUG25,2009,
14234424,"Shapokhatova, Robiyakhon",UZB,F,,,,1444,0,40,AUG25,2015,w
14219093,"Shaptakov, Omonjon",UZB,M,,,,1645,0,40,AUG25,2006,i
14244160,Sharifboyev Rozmatjon,UZB,M,,,,1651,0,40,AUG25,2012,
14207427,"Sharifjonov, Abdulbosit",UZB,M,,,,1731,0,40,AUG25,2008,i
14212358,"Sharipov, Davron",UZB,M,FM,,,2122,0,20,AUG25,2005,
14211335,"Sharipov, Shakhriyor",UZB,M,,,,1825,0,40,AUG25,2006,i
14231247,"Sharofova, Raykhona",UZB,F,,,,1437,0,40,AUG25,2002,wi
14229250,"Shavkatov, Asadbek",UZB,M,,,,1505,0,40,AUG25,2015,
14237199,"Shavkatov, Javohir",UZB,M,,,,1472,0,40,AUG25,2015,
14227126,"Shavkatov, Lazizbek",UZB,M,,,,1873,0,40,AUG25,2014,
14236192,"Shavkatov, Muhammadsaid",UZB,M,,,,1402,0,40,AUG25,2017,
14222787,"Shavkatov, Saidakbar",UZB,M,,,,1412,0,40,AUG25,2007,i
14227754,"Shavkatov, Temur",UZB,M,,,,AIM,1910,0,AUG25,2012,
14231980,"Shaymardanova, Charos",UZB,F,,,,1400,0,40,AUG25,2010,wi
14211343,"Shayusupov, Marsel",UZB,M,,,,1889,0,20,AUG25,2006,i
14207788,"Shemin, Vadim",UZB,M,,,,1957,0,20,AUG25,1970,i
14203863,"Sherdanov, Chori",UZB,M,,,,1859,0,20,AUG25,1969,i
14223929,"Shermatov, Aziz",UZB,M,,,,1549,0,20,AUG25,2004,i
14205602,"Shermuhammadov, Samandar",UZB,M,FM,NA,,2022,0,20,AUG25,2004,i
14207010,"Shermuhammadova, Shahzoda",UZB,F,,,,1729,0,20,AUG25,2000,wi
14215179,"Shernazarov, Temur",UZB,M,,,,AIM,1844,0,AUG25,2002,i
14223937,"Shodiev, Ali",UZB,M,,,,1618,0,20,AUG25,1959,i
14209438,"Shodiev, Javokhir",UZB,M,,,,1887,0,20,AUG25,2000,i
14201216,"Shodikulov, Djamshid",UZB,M,CM,,,2125,0,20,AUG25,1990,i
14235633,"Shodikulov, Firdavs",UZB,M,,,,1689,0,40,AUG25,2012,
14205300,"Shokir, Usmon",UZB,M,,,,1777,0,20,AUG25,2000,i
14212307,"Shokirjonova, Barchinoy",UZB,F,WFM,WFM,,1884,0,40,AUG25,2007,w
14202298,"Shokirova, Mukkadam",UZB,F,,,,1780,0,20,AUG25,1964,wi
14239213,"Shomirzaev, Davronbek",UZB,M,,,,1517,0,40,AUG25,2014,
14219956,"Shomurodova, Raykhona",UZB,F,,,,1614,0,40,AUG25,2009,w
14226626,"Shoniyozov, Azamat",UZB,M,,,,1631,0,20,AUG25,2003,
14237806,"Shoxobiddinov, Sirojiddin",UZB,M,,,,1666,0,40,AUG25,1994,
14226111,"Shukhratillaev, Saidmurodkhon",UZB,M,,,,1447,0,40,AUG25,2011,i
14225565,"Shukurov, Khasan",UZB,M,,,,1540,0,40,AUG25,2005,i
14230143,"Shukurov, Otabek",UZB,M,,,,1507,0,40,AUG25,2015,
14233177,"Shukurov, Umarjon",UZB,M,,,,1513,0,40,AUG25,2013,i
14225425,"Shukurov, Umid",UZB,M,,,,1489,0,20,AUG25,1985,i
14204959,"Shvanov, Georgiy",UZB,M,,,,2070,0,20,AUG25,1999,i
14221225,"Siddikov, Saidislombek",UZB,M,,,,1525,0,40,AUG25,2010,
14202719,"Sidikov, Sherzod",UZB,M,,,,1906,0,20,AUG25,1985,i
14229854,"Sidikov, Shohjahon",UZB,M,,,,1683,0,40,AUG25,2016,
14213567,"Sindarov, Bekhruz",UZB,M,,,,1507,0,40,AUG25,2010,i
14213575,"Sindarov, Feruz",UZB,M,,,,1577,0,40,AUG25,2008,
14205475,"Sindarov, Islombek",UZB,M,CM,NA,,1941,0,40,AUG25,2007,
14205483,"Sindarov, Javokhir",UZB,M,GM,,,2688,0,10,AUG25,2005,
14207451,"Sindarov, Khumoyun",UZB,M,,,,1671,0,40,AUG25,2009,i
14204967,"Siparixin, Aleksandr",UZB,M,,,,1713,0,20,AUG25,1965,i
14219360,"Sirojkulov, Mukhammadali",UZB,M,,,,1495,0,40,AUG25,2005,i
14235994,"Sitchanov, Bekhruzbek",UZB,M,,,,1434,0,40,AUG25,2017,
14212668,"Slapoguzova, Oksana",UZB,F,,,,1717,0,20,AUG25,2004,wi
14221233,"Sobirjonov, Bunyod",UZB,M,,,,1490,0,40,AUG25,2012,
14225867,"Sobirov, Afruzbek",UZB,M,,,,1796,0,40,AUG25,2012,
14223651,"Sobirov, Bobur",UZB,M,,,,1669,0,20,AUG25,1991,i
14227762,"Sobirov, Feruzbek",UZB,M,,,,1461,0,40,AUG25,2012,i
14228840,"Sobirov, Shamdshodbek",UZB,M,,,,1779,0,20,AUG25,2001,i
14227770,"Sobirova, Mumtozbegim",UZB,F,,,,1514,0,40,AUG25,2015,w
14225875,"Sobirova, Shirina",UZB,F,,,,1465,0,40,AUG25,2011,wi
14229455,"Sobirova, Shukrona",UZB,M,,,,1665,0,40,AUG25,2013,
14216841,"Sobitjonov, Azamjon",UZB,M,,,,1631,0,40,AUG25,2006,i
14218089,"Soibjonov, Mukhammadzokhid",UZB,M,,,,1818,0,40,AUG25,2007,i
14209446,"Solijonov, Bekhzod",UZB,M,,,,2050,0,20,AUG25,2000,i
14223945,"Sukhrobov, Alisher",UZB,M,,,,1555,0,40,AUG25,2010,i
14227789,"Sukhropov, Alisher",UZB,M,,,,1502,0,40,AUG25,2010,
14212102,"Sulaymonov, Elbek",UZB,M,,,,1770,0,20,AUG25,2004,i
14224267,"Sulaymonov, Oqil",UZB,M,,,,1738,0,20,AUG25,2004,i
14209454,"Sulaymonov, Rakhmonkul",UZB,M,,NA,,1786,0,20,AUG25,2002,i
14228688,"Suleymanov, Temur",UZB,M,,,,1511,0,40,AUG25,2013,i
14207931,"Suleymonov, Dovud",UZB,M,,,,1587,0,40,AUG25,2005,i
14201259,"Sultanov, Izzatilla",UZB,M,,,,2074,0,20,AUG25,1992,i
14202727,"Sultanov, Jamshid",UZB,M,,,,2035,0,20,AUG25,1988,i
14215896,"Sultonov, Ulugbek",UZB,M,,,,1558,0,40,AUG25,2010,i
14209527,"Sunnatov,Mirfayz",UZB,M,,NA,,2037,0,20,AUG25,2005,
14210495,"Suyarov, Mukhammadzokhid",UZB,M,IM,,,2356,0,20,AUG25,2009,
14202743,"Tashbulov, Normamat",UZB,M,,,,1870,0,20,AUG25,1954,i
14200406,"Tashkhodzhaev, Akram",UZB,M,,,,2090,0,20,AUG25,1954,i
14202182,"Tashpulatova, Sevara",UZB,F,WIM,WIM,,2130,0,20,AUG25,1990,wi
14230909,"Tavadov, Albert",UZB,M,,,,1684,0,40,AUG25,1987,
14202441,"Tillyaev, Ulugbek",UZB,M,IM,NA,,2168,0,20,AUG25,1993,i
14201305,"Tiukaev, Ilgiz",UZB,M,,,,2209,0,20,AUG25,1988,i
14202247,"Tohirjonova, Hulkar",UZB,F,WFM,WFM,"FI,NA",2052,0,20,AUG25,1991,wi
14223953,"Tojiboev, Nematilla",UZB,M,,,,1667,0,20,AUG25,1991,i
14209462,"Tojiboev, Shokhamir",UZB,M,,,,1981,0,20,AUG25,2002,
14231093,"Tokhirjonov, Usmonkhon",UZB,M,,,,1574,0,40,AUG25,2011,i
14203626,"Tokhirjonova, Gulrukhbegim",UZB,F,IM,WGM,,2270,4,20,AUG25,1999,w
14215900,"Tokhirov, Ibrokhim",UZB,M,,,,1413,0,40,AUG25,2007,i
14235374,"Tokhirov, Saidamir",UZB,M,,,,1472,0,40,AUG25,2015,
14236524,"Tolipov, Zafar",UZB,M,,,,1489,0,40,AUG25,2009,i
14213400,"Toraev, Begench",UZB,M,,,,1704,0,20,AUG25,2004,i
14242729,Torayev Tojiddin,UZB,M,,,,1659,0,40,AUG25,2012,
14217872,"Toshboev, Diyorbek",UZB,M,,,,1777,0,40,AUG25,2007,i
14228017,"Toshmatov, Javokhir",UZB,M,,,,1446,0,40,AUG25,2009,i
14223961,"Toshtemirov, Shakhzod",UZB,M,,,,1513,0,40,AUG25,2011,i
14223236,"Tsoin, Mikhail",UZB,M,,,,1708,0,20,AUG25,1958,i
14202913,"Tsygankova, Enni",UZB,F,,,,1812,0,20,AUG25,1943,wi
14219425,"Tukhtaeva, Madina",UZB,F,,,,1576,0,20,AUG25,2004,wi
14224569,"Tukhtaeva, Marjona",UZB,F,,,,1438,0,40,AUG25,2012,wi
14207109,"Tukhtahujaev, Saidkamol",UZB,M,,,,1756,0,20,AUG25,1955,i
14237822,"Tukhtamatov, Sadulo",UZB,M,,,,1654,0,40,AUG25,1961,
14212323,"Turaboeva, Ozoda",UZB,F,,,,1443,0,40,AUG25,2008,wi
14203103,"Turaev, Abdikarim",UZB,M,,,,1937,0,20,AUG25,1973,i
14237016,"Turaev, Chingiz",UZB,M,,,,1507,0,40,AUG25,2010,i
14212404,"Turaev, Elbek",UZB,M,,,,1699,0,20,AUG25,2004,i
14201399,"Turaev, Halim",UZB,M,FM,,,2071,0,20,AUG25,1952,i
14230917,"Turakhanov, Bekzod",UZB,M,,,,1575,0,40,AUG25,2008,
14234092,"Turapov, Sardorjon",UZB,M,,,,1415,0,40,AUG25,2018,
14234084,"Turapov, Zafarjon",UZB,M,,,,1419,0,40,AUG25,2014,i
14212420,"Turdimurodova, Dildora",UZB,F,,,,1606,0,20,AUG25,2004,wi
14237830,"Turgunboev, Asadbek",UZB,M,,NA,,1501,0,40,AUG25,2004,
14226634,"Turgunboev, Sardor",UZB,M,,,,1637,0,40,AUG25,2009,i
14235650,"Turobov, Anvar",UZB,M,,,,1635,0,40,AUG25,1986,i
14233525,"Tursunboeva, Dilnura",UZB,F,,,,1462,0,40,AUG25,2014,w
14224283,"Tursunov, Bakhodir",UZB,M,,,,1659,0,20,AUG25,1995,i
14201550,"Tursunov, Ruslan",UZB,M,FM,,,2125,0,20,AUG25,1983,i
14207419,"Tursunov, Sulton",UZB,M,,,,1704,0,40,AUG25,2007,i
14209586,"Tursunova, Aziza",UZB,F,,,,1823,0,20,AUG25,2003,wi
14204070,"Tursunova, Shakhnoza",UZB,F,,,,1963,0,20,AUG25,1997,wi
14226650,"Tuvalov, Shoxjahon",UZB,M,,,,1466,0,20,AUG25,2004,
14215381,"Tuxtaeva, Marjona",UZB,F,,,,1560,0,40,AUG25,2010,w
14217287,"Tuychibaev, Marufjon",UZB,M,,,,1971,0,20,AUG25,1991,i
14215411,"Tuychiev, Shoxrux",UZB,M,,,,1583,0,40,AUG25,2010,
14207796,"Tuychiev, Xondamir",UZB,M,,,,1798,0,40,AUG25,2006,i
14235170,"Tuychieva, Farangiz",UZB,M,,,,1615,0,40,AUG25,2009,
14212234,"Tuychieva, Munisa",UZB,F,,,,1493,0,40,AUG25,2010,w
14219735,"Ubaydullaev, Mukhammadiso",UZB,M,,,,1818,0,40,AUG25,2011,
14237849,"Ubaydullaev, Qodirkhon",UZB,M,,,,1807,0,40,AUG25,2007,
14223490,"Uktamov, Khayriddin",UZB,M,,,,1657,0,40,AUG25,2009,i
14233886,"Ulugbekov, Abubakr",UZB,M,,,,1549,0,40,AUG25,2010,i
14235897,"Umaraliev, Maqsudali",UZB,M,,,,1497,0,40,AUG25,2012,
14217155,"Umarov, Anvar",UZB,M,,,,1651,0,40,AUG25,2009,i
14217937,"Umarov, Bekhruz",UZB,M,,,,1995,0,40,AUG25,2007,
14223970,"Umarov, Mukhammadrizo",UZB,M,,,,1925,0,20,AUG25,2005,
14202468,"Umarov, Najmeddin",UZB,M,,FA,,1923,0,20,AUG25,1993,i
14202778,"Umarov, Rabbim",UZB,M,,,,1929,0,20,AUG25,1957,i
14204428,"Umarov, Rakhman",UZB,M,,,,1882,0,20,AUG25,1950,i
14210550,"Umarov, Temur",UZB,M,,,,1765,0,20,AUG25,1997,i
14209160,"Umarov,Javlonbek",UZB,M,,,,1976,0,20,AUG25,1994,i
14213443,"Umirbaev, Mirzakhmet",UZB,M,,,,1816,0,20,AUG25,2001,i
14215470,"Umirov, Uchkun",UZB,M,,NA,,1890,0,20,AUG25,2001,i
14215918,"Umurzakov, Alisher",UZB,M,,,,1689,0,40,AUG25,2010,i
14220164,"Uralboyev, Ulugbek",UZB,M,,,,1678,0,40,AUG25,2010,i
14201682,"Uralov, Nurulla",UZB,M,,,,2035,0,20,AUG25,1975,
14209853,"Urmonov, Davron",UZB,M,,,,1765,0,20,AUG25,2004,i
14237555,"Urolova, Rayhona",UZB,F,,,,1602,0,40,AUG25,2009,w
14221314,"Urozova, Saida",UZB,F,,,,1471,0,40,AUG25,2010,wi
14225344,"Useinov, Lenur",UZB,M,,,,1450,0,40,AUG25,2009,
14225131,"Usmanov, Rustam",UZB,M,,,,1743,0,20,AUG25,1960,i
14212137,"Usmonov, Mustafo",UZB,M,,,,1630,0,40,AUG25,2009,i
14210738,"Usmonov, Rofikjon",UZB,M,,,,1602,0,40,AUG25,2009,i
14211378,"Usmonov, Shokhjakhon",UZB,M,,,,1780,0,40,AUG25,2005,i
14209012,"Usmonov, Srojiddin",UZB,M,,,,1992,0,20,AUG25,1979,
14204096,"Usmonova, Zebo",UZB,F,,,,1783,0,20,AUG25,2002,wi
14228068,"Uymaz, Ibrakhim",UZB,M,,,,1483,0,40,AUG25,2012,i
14237571,"Uzakbaeva, Gulnaz",UZB,F,,,,1600,0,40,AUG25,2009,w
14236214,"Uzokova, Kumushoy",UZB,F,,,,1465,0,40,AUG25,2017,w
14243423,Uzoqova Nafosot,UZB,F,,,,1486,0,40,AUG25,2010,w
14201429,"Vahidov, Manuchehr",UZB,M,,FA,,1947,0,20,AUG25,1988,i
14200155,"Vahidov, Tair",UZB,M,GM,,,2405,0,10,AUG25,1963,
14205262,"Vakhidov, Daler",UZB,M,FM,,,2151,0,20,AUG25,2002,
14201801,"Vakhidov, Jakhongir",UZB,M,GM,,,2494,0,10,AUG25,1995,
14202786,"Vakhidov, Nodir",UZB,M,,,,2149,0,20,AUG25,1993,i
14204649,"Vakhidov, Parviz",UZB,M,,FA,,1985,0,20,AUG25,1990,i
14205270,"Vakhidov, Shahzod",UZB,M,FM,FA,,2212,0,20,AUG25,2000,i
14210002,"Valiev, Azizbek",UZB,M,,,,1610,0,20,AUG25,2004,i
14230194,"Valiev, Ibrokhim",UZB,M,,,,ACM,1527,0,AUG25,2012,
14230208,"Valiev, Islom",UZB,M,,,,1508,0,40,AUG25,2015,i
14210401,"Valieva, Nozima",UZB,F,,,,1470,0,40,AUG25,2009,wi
14205386,"Vasbutdinov, Ravil",UZB,M,,,,1954,0,20,AUG25,1983,i
14201070,"Vladimirov, Vladimir",UZB,M,,,,1899,0,20,AUG25,1950,i
14205629,"Vokhidov, Abdumutalib",UZB,M,,,,1885,0,20,AUG25,1951,
14217171,"Vokhidov, Saidkhuja",UZB,M,,,,1471,0,40,AUG25,2011,
14204223,"Vokhidov, Shamsiddin",UZB,M,GM,,,2519,0,10,AUG25,2002,
14201615,"Xalmatov, Yakubjon",UZB,M,CM,NA,,2174,0,20,AUG25,1987,i
14244802,Xasanov Sardor,UZB,M,,,,1513,0,40,AUG25,2012,
14228947,"Xasanova, Iroda",UZB,M,,,,1432,0,40,AUG25,2008,i
14218704,"Xikmatkhonova, Mokhinur",UZB,F,,,,1681,0,40,AUG25,2012,w
14228955,"Xudoyberganova, Dilyora",UZB,F,,,,1481,0,40,AUG25,2015,w
14229463,"Xusanov, Islombek",UZB,M,,,,1807,0,40,AUG25,2014,
14204487,"Yakubbaeva, Nilufar",UZB,F,WGM,WGM,,2095,0,20,AUG25,2000,w
14240025,Yakubboev Yoqubboy,UZB,M,,,,1409,0,40,AUG25,2013,
14221322,"Yakubboev, Akbar",UZB,M,,,,1800,0,40,AUG25,2010,
14203987,"Yakubboev, Nodirbek",UZB,M,GM,,,2550,0,10,AUG25,2002,
14204878,"Yakubov, Mardon",UZB,M,,,,2133,0,20,AUG25,1973,i
14230801,"Yalgashov, Ziyodullo",UZB,M,,,,1454,0,40,AUG25,2015,
14202018,"Yarovoy, I",UZB,M,,,,2084,0,20,AUG25,1968,i
14242974,Yoldasheva Sevinch,UZB,F,,,,1554,0,40,AUG25,2013,w
14232316,"Yugay, Denis",UZB,M,,,,1468,0,40,AUG25,2012,i
146241564,"Yulchuraev, Aleksey",UZB,M,,,,1470,0,20,AUG25,1981,
14229595,"Yuldashboev, Shohjahon",UZB,M,,,,1482,0,40,AUG25,2009,i
14223988,"Yuldashev, Akrom",UZB,M,,,,1501,0,40,AUG25,2014,
14223384,"Yuldashev, Dilshod",UZB,M,,,,1854,0,40,AUG25,2008,i
14204053,"Yuldashev, Hushnutbek",UZB,M,,,,1900,0,20,AUG25,1995,i
14205319,"Yuldashev, Karim",UZB,M,,NA,,1863,0,20,AUG25,1995,i
14232006,"Yuldashev, Khudoyor",UZB,M,,,,1557,0,40,AUG25,2011,i
14238160,"Yuldashev, Shakhriyor",UZB,M,,,,1554,0,40,AUG25,2011,
14218321,"Yuldasheva, Sabina",UZB,F,,,,1506,0,40,AUG25,2008,wi
14237580,"Yuldashov, Doniyorbek",UZB,M,,,,1542,0,40,AUG25,2011,
14207320,"Yuldashov, Shovkat",UZB,M,,,,1801,0,20,AUG25,1954,i
14226375,"Yuldoshboeva, Odina",UZB,F,,,,1572,0,40,AUG25,2009,w
14218623,"Yuldoshev, Dilshod",UZB,M,,,,1440,0,20,AUG25,1996,i
14207281,"Yuldoshev, Mekhriddin",UZB,M,,,,1881,0,20,AUG25,2003,i
14222264,"Yuldoshev, Shohjahon",UZB,M,,,,1614,0,40,AUG25,2007,i
14223589,"Yulvasov, Nishonboy",UZB,M,,,,1534,0,20,AUG25,1956,i
14227495,"Yun, Maksim",UZB,M,,,,AFM,1474,0,AUG25,2014,
14211386,"Yunusov, Akhadbek",UZB,M,,NA,,1788,0,20,AUG25,2004,i
14223996,"Yunusov, Amir",UZB,M,,,,1535,0,40,AUG25,2008,i
14223392,"Yurchenko, Aleksandra",UZB,F,,,,1587,0,40,AUG25,2012,wi
14229315,"Yusubbaev, Xudoshukur",UZB,M,,,,1536,0,40,AUG25,2013,i
14205491,"Yusupov, Jahongir",UZB,M,,,,1751,0,20,AUG25,2002,i
14224003,"Yusupov, Mirislom",UZB,M,,,,1408,0,40,AUG25,2011,i
14205637,"Yusupov, Obidjon",UZB,M,,,,1917,0,20,AUG25,1956,
14204061,"Yusupov, Rashid",UZB,M,,,,1953,0,20,AUG25,1974,i
14201747,"Yusupov, Sarvar",UZB,M,,NA,,2040,0,20,AUG25,1989,i
14222345,"Yusupov, Suxrobbek",UZB,M,,,,1572,0,40,AUG25,2011,i
14200040,"Zagrebelny, Sergey",UZB,M,GM,,,2463,0,10,AUG25,1965,i
14232022,"Zairkulova, Asal",UZB,F,,,,1414,0,40,AUG25,2011,w
14201917,"Zakharov, Anatoliy",UZB,M,,,,1729,0,20,AUG25,1932,i
14222302,"Zaripboev, Nurbek",UZB,M,,,,1690,0,40,AUG25,2009,i
14222310,"Zaripboeva, Feruza",UZB,F,,,,1698,0,40,AUG25,2008,w
14236958,"Zaylobiddinova, Sevinchxon",UZB,F,,,,1425,0,40,AUG25,2016,w
14204983,"Zayniddinova, Sabokhat",UZB,F,,"NI,FA",,1823,0,20,AUG25,1991,wi
14201828,"Zaynidinov, Sirojiddin",UZB,M,FM,NI,,1940,0,20,AUG25,1990,
14227223,"Zeynalov, Oktay",UZB,M,,,,1512,0,40,AUG25,2010,i
14223805,"Zikirilloev, Aziz",UZB,M,,,,1544,0,40,AUG25,2013,i
14230216,"Ziyadullaev, Islom",UZB,M,,,,1463,0,40,AUG25,2013,i
14207800,"Ziyodov, Doniyor",UZB,M,,,,1659,0,40,AUG25,2007,i
14244187,Zoidov Shaxzodbek,UZB,M,,,,1431,0,40,AUG25,2007,
14223503,"Zokirjonov, Kamron",UZB,M,,,,1542,0,40,AUG25,2008,i
14218852,"Zokirov, Elbek",UZB,M,,,,2073,0,20,AUG25,2000,i
14228050,"Zokirova, Bagrigul",UZB,F,,,,1505,0,40,AUG25,2009,w
14210010,"Zoyitjonov, Zafar",UZB,M,,,,1707,0,40,AUG25,2007,i
14235315,"Zubaydilloev, Muhammad",UZB,M,,,,1514,0,40,AUG25,2015,