ID Number,Name,Fed,Sex,Title,WTit,OTit,FOA,Rating,Gms,K,B-day,Flag
14426269,"Abazi, Nusret",BIH,M,,,,1939,AUG25,0,40,1958,i
14401509,"Abdic, Adnan",BIH,M,,,,2162,AUG25,0,20,1978,
14410001,"Abdic, Husnija",BIH,M,,,,1855,AUG25,0,40,1953,i
14402394,"Abdil, Halil",BIH,M,FM,,,2050,AUG25,0,20,1974,i
14405822,"Adzemovic, Ahmed",BIH,M,,,,1858,AUG25,0,40,1995,i
14402769,"Adzic, Mitar",BIH,M,,,,2020,AUG25,0,20,1970,
14410788,"Agic, Ahmed",BIH,M,,,,1852,AUG25,0,40,1943,i
14409097,"Ahmetovic, Rasim",BIH,M,,,,1621,AUG25,0,40,1939,i
14407094,"Ahmic, Nesim",BIH,M,,,,2003,AUG25,0,20,1950,
14408970,"Ahmic, Samir",BIH,M,,,,1900,AUG25,0,40,1972,i
14408651,"Aleksic, Nemanja D",BIH,M,,,,1874,AUG25,0,20,2004,i
14408023,"Alic, Amir",BIH,M,,,,1980,AUG25,0,20,1985,i
14405466,"Alic, Selmir",BIH,M,,,,2049,AUG25,0,20,1981,
14400685,"Alihodzic, Muzafer",BIH,M,,,,2125,AUG25,0,20,1968,
14401282,"Alilovic, Haris",BIH,M,,,,2409,AUG25,0,10,1980,i
14416417,"Alispahic, Armin",BIH,M,,,,1733,AUG25,0,40,1985,i
14406608,"Amidzic, Muhamed",BIH,M,,,,1974,AUG25,0,40,1952,i
14400499,"Amidzic, Ognjen",BIH,M,,,,2072,AUG25,0,20,1969,i
14400880,"Andic, B.",BIH,M,,,,2125,AUG25,0,20,1978,i
14404710,"Anusic, Vlado",BIH,M,,,,1885,AUG25,0,40,1956,i
14424398,"Arandjelovic Rakas, Jona",BIH,F,,,,1475,AUG25,0,40,2011,w
14401614,"Arapovic, Vitomir",BIH,M,IM,,,2274,AUG25,0,10,1951,
14403498,"Arnaut, Armin",BIH,M,,,,1996,AUG25,0,20,1991,i
14408880,"Arnaut, Katarina",BIH,F,,,,1485,AUG25,0,40,2003,wi
14405113,"Atlic, Mirza",BIH,M,,,,1939,AUG25,0,20,1980,
14409542,"Avdic, Adna",BIH,F,,,,1765,AUG25,0,40,1997,wi
14400715,"Avdic, Adnan",BIH,M,,,,2185,AUG25,0,20,1976,
14403358,"Avdic, Adnan A",BIH,M,,,,1974,AUG25,0,20,1967,
14406080,"Avdic, Amna",BIH,F,,,,1758,AUG25,0,40,1994,wi
14422328,"Avdic, Faris",BIH,M,,,,2278,AUG25,7,20,2005,
14403137,"Avdic, Mirza",BIH,M,,,,2129,AUG25,0,20,1980,
14413922,"Avdic, Ramiz",BIH,M,,,,1872,AUG25,0,40,1961,i
14403463,"Avdic, Zukri",BIH,M,,,,1977,AUG25,0,40,1965,i
14403684,"Aziraj, Nermina",BIH,F,,,,1936,AUG25,0,20,1981,wi
14415445,"Babajic, Ehlimana",BIH,F,,,,1684,AUG25,0,40,2007,wi
14415437,"Babajic, Imran",BIH,M,,,,1546,AUG25,0,40,2009,i
14401533,"Baban, Marko",BIH,M,,,,1977,AUG25,0,40,1950,i
14421739,"Babic, Davor",BIH,M,,,,1746,AUG25,0,40,2005,i
14414635,"Babic, Dragan",BIH,M,,,,1880,AUG25,0,20,1983,
904422,"Babic, Drasko",BIH,M,FM,,,2185,AUG25,0,20,1959,i
14404419,"Babic, Dusan",BIH,M,,,,1890,AUG25,0,20,1958,
14414937,"Babic, Masa",BIH,F,WFM,WFM,,2010,AUG25,7,40,2008,w
14414945,"Babic, Milana",BIH,F,WFM,WFM,,2195,AUG25,7,40,2008,w
14406888,"Babic, Tijana",BIH,F,,,,1845,AUG25,0,20,1999,wi
14401096,"Babovic, Nihad",BIH,M,,,,2197,AUG25,0,20,1950,i
14417618,"Bahtic, Muhamed",BIH,M,,,,1842,AUG25,0,40,1942,i
14409410,"Bajic, Salko",BIH,M,,,,1777,AUG25,0,20,1955,
14401215,"Bajramovic, Halid",BIH,M,,,,2025,AUG25,0,20,1952,
14410010,"Bajric, Himzo",BIH,M,,,,1857,AUG25,0,40,1959,i
14403064,"Bajric, Sakib",BIH,M,FM,,,2206,AUG25,0,20,1968,i
14405474,"Bajric, Samir",BIH,M,,,,1969,AUG25,0,20,1966,i
14405679,"Bakic, Aleksandar",BIH,M,,,,1969,AUG25,0,20,1995,i
14411482,"Bakic, Dragan",BIH,M,,,,1998,AUG25,0,40,1959,i
14407175,"Bakula, Dalibor",BIH,M,,,,1818,AUG25,0,20,1962,
14423863,"Balic, Anis",BIH,M,,,,1894,AUG25,0,40,1976,i
14407760,"Balic, Dervis",BIH,M,,,,1707,AUG25,0,20,1955,i
14400987,"Bandic, Adnan",BIH,M,,,,2235,AUG25,0,20,1974,
14430118,"Banjac, Aleksej",BIH,M,,,,1479,AUG25,0,40,2014,
14402904,"Barisic, Predrag",BIH,M,,,,1994,AUG25,0,20,1967,
14411156,"Basic, Dervo",BIH,M,,,,1800,AUG25,0,20,1955,
14406748,"Basic, Edin",BIH,M,,,,1879,AUG25,0,40,1975,i
14402912,"Basic, Enver",BIH,M,,,,1887,AUG25,0,20,1958,i
926710,"Batinic, Predrag",BIH,M,FM,,,2281,AUG25,0,20,1963,
14437023,"Bavcic, Emir",BIH,M,,,,1924,AUG25,0,40,1975,i
14417138,"Bavcic, Fuad",BIH,M,,,,1789,AUG25,0,20,1957,i
14405741,"Bavrlic, Spomenko",BIH,M,,,,2081,AUG25,0,40,1942,i
14401134,"Bazdalich, Emir",BIH,M,,,,2381,AUG25,0,20,1974,i
14406870,"Becic, Nedim",BIH,M,,,,1746,AUG25,0,40,2003,
14418606,"Becic, Orhan",BIH,M,,,,2021,AUG25,0,40,2009,
14406136,"Becirbasic, Atif",BIH,M,,,,1918,AUG25,0,20,1996,i
14417502,"Becirovic, Velid",BIH,M,,,,1886,AUG25,0,40,1996,i
14417510,"Becirovic, Zaim",BIH,M,,,,1822,AUG25,0,40,1964,
14405482,"Beganovic, Enver",BIH,M,,,,AIM,AUG25,2181,0,1960,
14400472,"Begic, Senad",BIH,M,FM,,,2283,AUG25,0,20,1963,
14407779,"Begluk, Jusuf",BIH,M,,,,1777,AUG25,0,40,1962,i
14409429,"Begovic, Raif",BIH,M,,,,2053,AUG25,0,40,1965,i
14400936,"Bejtovic, Jasmin",BIH,M,IM,,,2362,AUG25,0,10,1978,i
14419475,"Besic, Senad",BIH,M,,,,1742,AUG25,0,40,1963,
14405270,"Besirevic, Jasmin",BIH,M,,,,1885,AUG25,0,20,1958,
14403919,"Besirevic, Mirsad",BIH,M,,,,2007,AUG25,0,40,1961,i
14407213,"Besker, Misko",BIH,M,,,,1848,AUG25,0,40,1962,
14413612,"Beslija, Hana",BIH,F,,,,1747,AUG25,0,20,2005,w
14413604,"Beslija, Ismir",BIH,M,,,,1758,AUG25,0,40,1976,i
14435314,"Bijedic, Armin",BIH,M,,,,1678,AUG25,0,40,2010,i
14434784,"Bijelic, Anes",BIH,M,,,,1954,AUG25,0,40,2005,i
14401118,"Bilalic, Merim",BIH,M,FM,,,2267,AUG25,0,20,1977,i
14405130,"Bilalic, Midhat",BIH,M,,,,1855,AUG25,0,40,1951,
14409801,"Bilic, Sanja",BIH,F,,,,1789,AUG25,0,20,2000,wi
927252,"Bilic, Vladimir",BIH,M,FM,,,2362,AUG25,0,20,1980,
14436582,"Biogradlija, Denis",BIH,M,,,,1655,AUG25,0,40,1988,
14400294,"Bistric, Faruk",BIH,M,GM,,,2347,AUG25,0,10,1958,i
14402700,"Bjelic, Jovan",BIH,M,,,,1934,AUG25,0,20,1994,i
14403579,"Bjeljac, Dragoljub",BIH,M,,,,1984,AUG25,0,40,1960,i
14400782,"Bjelopoljak, Salko",BIH,M,,,,2044,AUG25,0,20,1957,i
14417146,"Blagojevic, Bozo",BIH,M,,,,1852,AUG25,0,40,1943,i
14412519,"Blagojevic, Zivko",BIH,M,,,,1881,AUG25,0,20,1969,i
14405164,"Bogdanovic, Branco",BIH,M,,,,2152,AUG25,0,40,1948,i
14400316,"Bogdanovic, Rajko",BIH,M,IM,,,2233,AUG25,0,10,1931,i
14407230,"Bogut, Paula",BIH,F,,,,1740,AUG25,0,40,2000,wi
14505207,"Bogut, Zeljko",BIH,M,IM,FT,,2371,AUG25,0,10,1969,
14409089,"Bojanic, Bojana",BIH,F,,,,1929,AUG25,0,20,2002,wi
932000,"Bojanic, Vaso",BIH,M,,,,2057,AUG25,0,20,1952,i
14404680,"Bojicic, Mirnes",BIH,M,,,,1813,AUG25,0,40,1996,i
14414791,"Bojo, Leon",BIH,M,,,,2166,AUG25,0,20,2000,
14436540,"Borcak, Dino",BIH,M,,,,1708,AUG25,0,40,2011,
14400839,"Boric, Elena",BIH,F,WIM,WIM,,2133,AUG25,0,20,1963,wi
14402734,"Boric, Masa",BIH,F,,,,1800,AUG25,0,20,1992,wi
14400235,"Boric, Muhamed",BIH,M,IM,,,2346,AUG25,0,10,1960,i
14407108,"Borojevic, Dragoljub",BIH,M,,,,2095,AUG25,0,20,1956,
14425475,"Bosancic, Luka",BIH,M,,,,1881,AUG25,0,40,2003,i
14415828,"Bosancic, Rajko",BIH,M,,,,1988,AUG25,0,40,1959,i
14402262,"Boskovic, Ante",BIH,M,,,,1939,AUG25,0,20,1968,i
14413930,"Boskovic, Mirko",BIH,M,,,,1877,AUG25,0,40,1958,i
14400464,"Bosnic, Ljiljana",BIH,F,,,,2065,AUG25,0,20,0,wi
14433125,"Bosnjak, Bruno",BIH,M,,,,1626,AUG25,0,40,1994,i
14401495,"Bosnjak, Damir",BIH,M,FM,,,2157,AUG25,0,20,1971,i
14404370,"Bosnjak, Domagoj",BIH,M,,,,1953,AUG25,0,20,1998,i
14414813,"Bosnjak, Josipa",BIH,F,,,,1648,AUG25,0,40,2002,wi
14409674,"Bozic, Zoran",BIH,M,,,,2039,AUG25,0,20,1980,
14436370,"Bozickovic, David",BIH,M,,,,1929,AUG25,0,40,2008,
14442175,"Brakovic, Adnan",BIH,M,,,,1708,AUG25,0,40,2003,
14401991,"Bratic, Ismar",BIH,M,,,,2226,AUG25,0,20,1972,i
14409658,"Brcaninovic, Enes",BIH,M,,,,1811,AUG25,0,20,2003,i
14418720,"Brckalo, Pavle",BIH,M,,,,1991,AUG25,0,40,2004,i
14400863,"Brkic, Jasmin",BIH,M,,,,1936,AUG25,0,40,1992,i
14402106,"Brkic, Milan",BIH,M,,,,2144,AUG25,0,20,1967,
14401193,"Brkic, Mustafa",BIH,M,,,,2146,AUG25,0,20,1943,i
14404001,"Bucan, Eldin",BIH,M,,,,2078,AUG25,0,20,1973,
14405172,"Bucevac, Ljubisa",BIH,M,,,,2001,AUG25,0,20,1972,i
14411180,"Budimir, Anto",BIH,M,,,,1861,AUG25,0,20,1962,i
14401380,"Budimir, Boris",BIH,M,FM,FI,,2215,AUG25,0,20,1969,i
14400790,"Buljubasic, Sabahudin",BIH,M,FM,,,2341,AUG25,0,20,1973,
14408007,"Bunjo, Adnan",BIH,M,,,,1922,AUG25,0,20,1974,
14406470,"Bunoza, Mario",BIH,M,,,,1776,AUG25,0,40,1968,i
14419165,"Burekovic, Namir",BIH,M,,,,1892,AUG25,0,40,1987,i
14423456,"Burgic, Jasmin",BIH,M,,,,1808,AUG25,0,40,1970,i
14400324,"Burnazovic, Ervin",BIH,M,,,,2323,AUG25,0,20,1965,i
14400219,"Burovic, Ismet",BIH,M,FM,,,2258,AUG25,0,20,1971,
14407701,"Burovic, Rijad",BIH,M,IM,,,2420,AUG25,0,10,2000,
14413450,"Burzic, Suvad",BIH,M,,,,1854,AUG25,0,40,1962,i
14439590,"Busic, Mateo",BIH,M,,,,1731,AUG25,7,40,2013,
14400910,"Cabric, Izet",BIH,M,,,,1905,AUG25,0,20,1960,i
14403250,"Cahtarevic, Ferid",BIH,M,,,,1884,AUG25,0,20,1953,i
14421038,"Cajic, Mirsad",BIH,M,,,,1733,AUG25,0,40,2004,i
14417170,"Camdzija, Samir",BIH,M,,,,1813,AUG25,0,20,1964,
14403935,"Cardaklija, Mirsad",BIH,M,,,,1976,AUG25,0,20,1957,
14425335,"Catak, Ersad",BIH,M,,,,1749,AUG25,0,20,1958,
319104993,"Catibusic, Faik",BIH,M,,,,1786,AUG25,0,40,1986,i
14406152,"Catovic, Nedzib",BIH,M,,,,1962,AUG25,0,40,1949,i
14422778,"Causevic, Jasmin",BIH,M,,,,1818,AUG25,0,40,1962,i
14419319,"Causevic, Nejla",BIH,F,,,,1845,AUG25,0,40,2006,wi
14412071,"Causevic, Sead",BIH,M,,,,2168,AUG25,0,20,1989,
14417499,"Cecavac, Marko",BIH,M,,,,1782,AUG25,0,20,1937,
14413469,"Cehic, Amir",BIH,M,,,,1957,AUG25,0,40,1970,i
14403366,"Cencic, Josip",BIH,M,,,,1976,AUG25,0,40,1983,i
14403293,"Cengic, Semsudin",BIH,M,,,,1713,AUG25,0,40,1950,i
14403510,"Cerimovic, Aldin",BIH,M,,,,2015,AUG25,0,20,1984,
14418614,"Cerkez, Lorena",BIH,F,,,,1596,AUG25,0,40,2009,wi
14421895,"Cerkez, Matej",BIH,M,,,,1627,AUG25,0,40,2011,
14425343,"Cicic, Dino",BIH,M,,,,1411,AUG25,0,40,2007,i
14411628,"Cigoja, Vuk",BIH,M,,,,1777,AUG25,0,20,1998,
14407710,"Cinac, Dzemal",BIH,M,,,,1947,AUG25,0,40,1988,
14402483,"Cisic, Alan",BIH,M,,,,2229,AUG25,0,20,1969,i
14400634,"Cocalic, Ferid",BIH,M,,,,2186,AUG25,0,20,1958,i
14403528,"Colpa, Fahrudin",BIH,M,,,,1931,AUG25,0,20,1944,i
14402408,"Colpa, Husein",BIH,M,,,,1811,AUG25,0,20,1940,
14411636,"Comor, Harun",BIH,M,,,,1904,AUG25,0,20,1999,i
14411644,"Comor, Vahidin",BIH,M,,,,1921,AUG25,0,40,1971,i
14411652,"Coralic, Sead",BIH,M,,,,1899,AUG25,0,20,1958,
14402440,"Corbadzic, Samir",BIH,M,,,,2074,AUG25,0,20,1971,i
14404834,"Coric, Ahmed",BIH,M,,,,2078,AUG25,0,20,1976,
14430371,"Coric, Ivan",BIH,M,,,,1694,AUG25,0,40,2014,
14401800,"Corovic, Sean",BIH,M,,,,2098,AUG25,0,20,1983,
14429926,"Cosic, Muamer",BIH,M,,,,AIM,AUG25,1824,0,1973,i
14431947,"Cosic, Tarik",BIH,M,,,,1866,AUG25,0,40,2009,
14405180,"Cosovic, Aziz",BIH,M,,,,2034,AUG25,0,20,1973,i
14403153,"Cosovic, Azra",BIH,F,,,,1896,AUG25,0,40,1987,wi
14415860,"Crnoja, Zoran",BIH,M,,,,1974,AUG25,0,20,1973,
14407299,"Culo, Ante",BIH,M,,,,1895,AUG25,0,20,1968,
14420937,"Culum, Sanjin",BIH,M,IM,,,2444,AUG25,9,10,2007,
14410710,"Cunjalo, Faris",BIH,M,CM,,,2214,AUG25,0,20,1997,
14409313,"Curcic, Stanko",BIH,M,,,,1912,AUG25,0,40,1962,i
14425297,"Cvetkovic, Matija",BIH,M,,,,1677,AUG25,0,40,2006,i
14422999,"Dakic, Sanja",BIH,M,,,,1650,AUG25,0,40,2000,i
14403609,"Damjanovic, Nenad",BIH,M,,,,2085,AUG25,0,20,1948,i
14407957,"Danojevic, Zivko",BIH,M,,,,2014,AUG25,0,20,1965,
14400022,"Dautovic, Dzenan",BIH,M,,,,2119,AUG25,0,20,1980,i
14400090,"Dautovic, Smail",BIH,M,,NA,,2189,AUG25,0,20,1951,i
14436760,"Davidovic, Andrej",BIH,M,,,,1487,AUG25,0,40,2016,
14403994,"Davidovic, Miroslav",BIH,M,,,,1971,AUG25,0,40,1980,i
14409437,"Davidovic, Mladen",BIH,M,,,,1917,AUG25,0,40,1960,i
14400979,"Dedic, Nedzad",BIH,M,,,,1951,AUG25,0,20,1952,i
14422794,"Dedic, Sajra",BIH,F,,,,1625,AUG25,0,40,2010,w
14401622,"Dedijer, Mira",BIH,F,,,,1996,AUG25,0,20,1984,wi
14401878,"Dedijer, Sanja",BIH,F,,,,2026,AUG25,0,20,1986,wi
14408031,"Dedovic, Muhamed",BIH,M,,,,1878,AUG25,0,40,1990,i
14404656,"Delic, Jasmin",BIH,M,,,,1974,AUG25,0,20,1993,i
14408996,"Delic, Rifat",BIH,M,,,,1937,AUG25,0,20,1966,i
14415410,"Demirovic, Lamija",BIH,F,,,,1715,AUG25,0,40,2009,wi
920274,"Dena, Branislav",BIH,M,FM,,,2292,AUG25,0,20,1963,i
14400081,"Dengler, Dijana",BIH,F,WFM,WFM,,2025,AUG25,0,20,1966,wi
14414244,"Devic, Jovan",BIH,M,,,,2020,AUG25,0,40,1995,i
931616,"Dimovski, Aleksandra",BIH,F,,,,2110,AUG25,0,20,1985,wi
935417,"Dimovski, Nebojsa",BIH,M,,,,2084,AUG25,0,20,1988,i
14402785,"Divljan, Borisa",BIH,M,,,,1990,AUG25,0,20,1958,
14400260,"Dizdar, Selim",BIH,M,FM,,,2299,AUG25,0,10,1967,i
14405857,"Dizdarevic, Adnan",BIH,M,,,,1990,AUG25,0,20,1996,i
14405865,"Dizdarevic, Ermin",BIH,M,,,,1969,AUG25,0,40,1998,i
14400693,"Dizdarevic, Mehmedalija",BIH,M,,,,1750,AUG25,0,20,1952,
14405296,"Dizdarevic, Mirsad",BIH,M,,,,1867,AUG25,0,20,1968,i
14427133,"Dizdarevic, Zajim",BIH,M,,NA,,1693,AUG25,0,40,1966,i
14402599,"Djalic, Sinisa",BIH,M,,,,1908,AUG25,0,40,1986,i
14421151,"Djapic, Nenad",BIH,M,,,,1906,AUG25,0,40,1962,i
14407787,"Djedovic, Asmir",BIH,M,,,,1838,AUG25,0,20,1979,i
14436590,"Djekic, Nedeljko",BIH,M,,,,1875,AUG25,0,40,1964,i
14413213,"Djeno, Lovro",BIH,M,,,,1935,AUG25,0,40,1942,i
14402122,"Djeric, Nenad",BIH,M,,,,2009,AUG25,0,20,1972,
14420910,"Djerlek, Emin",BIH,M,,,,1812,AUG25,0,40,1944,i
14400405,"Djipa, Neven",BIH,M,,,,2260,AUG25,0,20,1956,i
14412012,"Djogic, Harun",BIH,M,,,,1868,AUG25,0,40,1997,i
14412128,"Djordjic, Vojislav",BIH,M,,,,1804,AUG25,0,40,1967,
14408660,"Djukaric, Milos",BIH,M,,,,1848,AUG25,0,20,2003,i
929646,"Djukic, Boris",BIH,M,FM,,,2280,AUG25,0,20,1968,i
14415739,"Djulic, Almin",BIH,M,,,,1810,AUG25,0,40,1986,i
14417855,"Djulic, Nermin",BIH,M,,,,1852,AUG25,0,40,1967,i
14413477,"Djulic, Samir",BIH,M,,,,1871,AUG25,0,20,1984,
14407124,"Djurdjevic, Boris",BIH,M,,,,2129,AUG25,0,20,1987,
14420392,"Djurdjevic, Dragutin",BIH,M,,,,1765,AUG25,0,40,1948,i
14418126,"Djuric, Anastasija",BIH,F,,,,1532,AUG25,0,40,2009,w
14406969,"Djuric, Anja",BIH,F,,,,1756,AUG25,0,20,2001,wi
14402548,"Djuric, Nebojsa",BIH,M,,,,2195,AUG25,0,20,1989,i
14419939,"Djuric, Zoran",BIH,M,,,,2099,AUG25,0,40,1967,i
14401932,"Doborac, Adem",BIH,M,,,,1941,AUG25,0,40,1950,i
14417200,"Doknjas, Hrvoje",BIH,M,,,,1618,AUG25,0,40,2006,i
14411539,"Dominkovic, Joso",BIH,M,,,,1792,AUG25,0,40,1954,i
14402220,"Doric, Muhamed",BIH,M,,,,1971,AUG25,0,40,1967,i
14410958,"Draganovic, Sulejman",BIH,M,,,,1961,AUG25,0,40,1965,i
14401703,"Dragovic, Nada",BIH,F,,,,2011,AUG25,0,20,1961,wi
14406551,"Drino, Faris",BIH,M,,,,1950,AUG25,0,20,1997,
14400103,"Ducic, Rasim",BIH,M,,,,1942,AUG25,0,40,1949,i
916072,"Dugonjic, Dragan",BIH,M,FM,,,2024,AUG25,0,20,1957,
9204096,"Dukic, Teona",BIH,F,,,,1842,AUG25,9,40,2009,w
14400570,"Dumpor, Atif",BIH,M,IM,,,2167,AUG25,0,10,1958,
14401894,"Durakovic, Alman",BIH,M,FM,,,2305,AUG25,0,20,1986,
14403897,"Durakovic, Edhem",BIH,M,,,,2152,AUG25,0,40,1950,i
14407329,"Duvnjak, Ante",BIH,M,,,,1833,AUG25,0,40,2000,i
14410869,"Duvnjak, Ivan",BIH,M,,,,1901,AUG25,0,20,1998,
14404729,"Dzafic, Jakub",BIH,M,,,,1891,AUG25,0,20,1962,i
14436442,"Dzafic, Merjem",BIH,F,,,,1468,AUG25,0,40,2013,w
14412403,"Dzambic, Edin",BIH,M,,,,1766,AUG25,0,40,1980,i
14404893,"Dzankic, Safet",BIH,M,,,,1928,AUG25,0,40,1962,i
14415763,"Dzebic, Hasan",BIH,M,,,,1865,AUG25,0,20,1957,
14400529,"Dzevlan, Miralem",BIH,M,IM,,,2369,AUG25,0,10,1960,i
14413825,"Dziho, Sadzida",BIH,F,,,,1697,AUG25,0,20,2002,wi
14427320,"Dzinic, Edin",BIH,M,,,,1731,AUG25,0,40,1971,
14423553,"Dzonko, Ajdin",BIH,M,,,,1665,AUG25,0,40,2001,i
14409615,"Ekmescic, Edhem",BIH,M,,,,1930,AUG25,0,20,1967,
14408546,"Ekmescic, Tarik",BIH,M,,,,2008,AUG25,0,20,1998,
933643,"Elez, Sinisa",BIH,M,,,,2090,AUG25,0,20,1966,i
14424452,"Eminovic, Alen",BIH,M,,,,2085,AUG25,0,40,1987,
14405300,"Emkic, Sahbaz",BIH,M,,,,1937,AUG25,0,40,1948,i
14436256,"Emrovic, Lamija",BIH,F,,,,1526,AUG25,0,40,2013,w
14400120,"Fajkic, Jasmin",BIH,M,,,,2237,AUG25,0,40,1982,i
14407795,"Faladzic, Halil",BIH,M,,,,1611,AUG25,0,40,1952,i
14409640,"Fejzic, Danis",BIH,M,,,,1726,AUG25,0,20,2006,i
14406993,"Fejzic, Edo",BIH,M,,,,1818,AUG25,0,20,1999,i
14413051,"Fetic, Kemal",BIH,M,,,,1786,AUG25,0,40,1981,i
14403072,"Fontan, Tihomir",BIH,M,,,,2037,AUG25,0,20,1967,i
14403536,"Frljak, Samir",BIH,M,,,,1923,AUG25,0,40,1980,i
14410729,"Gacic, Uzeir",BIH,M,,,,1796,AUG25,0,40,1962,i
14404516,"Gaco, Sefik",BIH,M,,,,2033,AUG25,0,20,1949,i
14431459,"Gagic, Abdurahman",BIH,M,,,,1816,AUG25,0,40,1958,i
923869,"Gajic, Zoran",BIH,M,,,,2006,AUG25,0,20,1968,
14404907,"Galic, David",BIH,M,,,,AFM,AUG25,1833,0,1991,i
14424169,"Galic, Lucija",BIH,F,,,,1644,AUG25,0,40,2013,w
14418436,"Galic, Petar",BIH,M,,,,1980,AUG25,0,40,1954,i
14400227,"Galic, Zeljko",BIH,M,FM,,,2276,AUG25,0,20,1954,
14422883,"Ganic, Lamija",BIH,F,,,,1634,AUG25,0,40,2007,wi
14419327,"Ganic, Miralem",BIH,M,,,,1677,AUG25,0,40,2008,i
14404028,"Gapa, Amir",BIH,M,,,,1933,AUG25,0,20,1968,i
14413310,"Garaplija, Eniz",BIH,M,,,,1835,AUG25,0,40,1998,
14403544,"Garic, Almir",BIH,M,,,,1991,AUG25,0,40,1992,i
14400855,"Gaso, Robert",BIH,M,,,,2180,AUG25,0,40,1960,i
14409151,"Gastan, Himzo",BIH,M,,,,1751,AUG25,0,40,1964,
14405792,"Gavranovic, Tahir",BIH,M,,,,1877,AUG25,0,20,1956,
902268,"Gavric, Miladin",BIH,M,FM,,,2325,AUG25,0,10,1960,i
14426463,"Gavrilovic, Sofija",BIH,F,,,,1515,AUG25,0,40,2010,w
14430177,"Gazic, Mario",BIH,M,,,,1677,AUG25,0,40,1987,i
14430185,"Gazic, Petar",BIH,M,,,,1821,AUG25,7,40,2014,
14414295,"Gazija, Tarik",BIH,M,,,,1760,AUG25,0,20,2006,i
14409550,"Gekic, Haris",BIH,M,CM,,,2174,AUG25,0,40,1984,i
14400430,"Glavan, Slavenko",BIH,M,,,,2208,AUG25,0,20,1955,
14415097,"Gligorevic, Milorad",BIH,M,,,,1832,AUG25,0,40,1958,i
14422166,"Goga, Amir",BIH,M,,,,1691,AUG25,0,40,1990,i
14401916,"Gojak, Vehbija",BIH,M,,,,2097,AUG25,0,40,1957,i
14403625,"Golic, Nadil",BIH,M,,,,1933,AUG25,0,20,1951,i
14423278,"Golubovic, Miljana",BIH,F,,,,1766,AUG25,0,20,2004,wi
14423286,"Golubovic, Milomir",BIH,M,,,,1708,AUG25,0,40,2003,i
14407337,"Grabovac, Dejan",BIH,M,,,,1873,AUG25,0,40,1984,i
14403552,"Grahovac, Danijel",BIH,M,,,,1886,AUG25,0,20,1997,i
14413680,"Grgic, Anto",BIH,M,,,,1628,AUG25,0,40,1965,i
14418363,"Grgic, Jozo",BIH,M,,,,1851,AUG25,0,40,1949,
14410800,"Grozdanic, Nevenko",BIH,M,,,,2046,AUG25,0,40,1963,i
14405920,"Grubacic, Mile",BIH,M,,,,1974,AUG25,0,20,1960,i
14407345,"Grubisic, Frano",BIH,M,,,,1880,AUG25,0,40,1991,i
14403188,"Grujic, Milenko",BIH,M,,,,2111,AUG25,0,20,1959,i
14428377,"Gucanin Gazibaric, Mario",BIH,M,,,,1822,AUG25,0,40,1987,i
14410206,"Gurda, Enes",BIH,M,,,,1869,AUG25,0,40,1965,i
14424908,"Gusic, Goran",BIH,M,,,,1935,AUG25,0,20,1986,
14406683,"Gusic, Jelena",BIH,M,,,,1587,AUG25,0,40,1998,i
14431858,"Gutic, Darko",BIH,M,,,,1855,AUG25,0,40,1961,i
14409348,"Guzvic, Danko",BIH,M,,,,2130,AUG25,0,40,1990,i
14402475,"Habibovic, Hazim",BIH,M,,,,1892,AUG25,0,20,1957,i
14413191,"Hadziabdic, Nadja",BIH,F,,,,1471,AUG25,0,40,2007,wi
14404613,"Hadzialic, Benjamin",BIH,M,,,,1953,AUG25,0,20,1998,i
14412802,"Hadzialijagic, Adnan",BIH,M,,,,2011,AUG25,0,40,1974,i
14401746,"Hadzic, Amar",BIH,M,,,,2130,AUG25,0,40,1980,i
14409445,"Hadzic, Latif",BIH,M,,,,1985,AUG25,0,20,1959,
14402025,"Hadzic, Nusret",BIH,M,,,,1981,AUG25,0,40,1963,i
14406624,"Hadzic, Sabahet",BIH,M,,,,2066,AUG25,0,20,1977,
14422298,"Hadzic, Tahir",BIH,M,,,,1689,AUG25,0,40,2000,i
14406730,"Hadzihajdic, Sead",BIH,M,,,,1804,AUG25,0,40,1958,
14401207,"Hadzikasimovic, Zikret",BIH,M,,,,2056,AUG25,0,20,1961,i
14402556,"Hadzimehmedovic, Mustafa",BIH,M,,,,1991,AUG25,0,40,1957,i
14400138,"Hadzimujic, Sead",BIH,M,,,,1972,AUG25,0,20,1978,i
14401517,"Hadzimustafic, Samir",BIH,M,FM,,,2334,AUG25,0,40,1969,i
14403633,"Hadziomerovic, Mithat",BIH,M,,,,1947,AUG25,0,40,1967,i
14409003,"Hadzipasic, Emir",BIH,M,,,,2075,AUG25,0,20,1958,i
14403455,"Hadziselimovic, Bernardina",BIH,F,,,,1945,AUG25,0,20,1960,wi
14403641,"Hadziselimovic, Maja",BIH,F,,,,1815,AUG25,0,20,1991,wi
14402300,"Hadzovic, Amir",BIH,M,FM,,,2354,AUG25,0,20,1988,
14400383,"Hadzovic, Izet",BIH,M,,,,2250,AUG25,0,40,1941,i
14427338,"Hafizovic, Sead",BIH,M,,,,1837,AUG25,0,40,1964,
14415780,"Hairic, Nedzib",BIH,M,,,,1938,AUG25,0,40,1952,i
14401789,"Hairlahovic, Mujaga",BIH,M,,,,2148,AUG25,0,20,1960,i
14406004,"Hajdarevic, Dino",BIH,M,,,,2152,AUG25,0,20,1989,
14404737,"Hajdarevic, Samir",BIH,M,,,,2077,AUG25,0,20,1965,i
14407353,"Hajdarevic, Senad",BIH,M,,,,1852,AUG25,0,40,1960,
14407809,"Hajduk, Fikret",BIH,M,,,,1740,AUG25,0,40,1959,i
14406780,"Hajrulahovic, Izet",BIH,M,,,,1867,AUG25,0,40,1948,i
14404923,"Hajvaz, Dzemal",BIH,M,,,,1995,AUG25,0,20,1974,
14432234,"Halilcevic, Kasim",BIH,M,,,,1954,AUG25,0,40,1997,
14404842,"Halilovic, Dilaver",BIH,M,,,,1986,AUG25,0,20,1948,
14432366,"Halilovic, Emir",BIH,M,,,,1634,AUG25,0,40,1978,
14406020,"Halilovic, Fahrudin",BIH,M,,,,2140,AUG25,0,20,1988,
14401320,"Halilovic, Husein",BIH,M,,,,1998,AUG25,0,20,1964,
14405520,"Halilovic, Midhat",BIH,M,,,,2157,AUG25,0,40,1959,i
14404273,"Hamzagic, Abdel",BIH,M,,,,2002,AUG25,0,20,1968,
14403315,"Hamzic, Adil",BIH,M,,,,1797,AUG25,0,20,1959,
14401576,"Hamzic, Sefko",BIH,M,FM,,,2075,AUG25,0,20,1957,
14407965,"Hamzic, Vahidin",BIH,M,,,,1994,AUG25,0,20,1970,
14405342,"Hankic, Ramiz",BIH,M,,,,1767,AUG25,0,20,1961,i
14404281,"Harcin, Amer",BIH,M,,,,1971,AUG25,0,20,1992,
14404036,"Hasanicevic, Amir",BIH,M,,,,2005,AUG25,0,40,1994,i
14401223,"Hasanicevic, Sakib",BIH,M,,,,2157,AUG25,0,40,1953,i
14418258,"Hasanovic, Jakub",BIH,M,,,,1766,AUG25,0,20,1972,i
14423316,"Hasanovic, Mustafa",BIH,M,,,,1860,AUG25,0,20,1953,i
14403951,"Hasanovic, Nurija",BIH,M,,,,1960,AUG25,0,20,1958,
14428865,"Hasanspahic, Amin",BIH,M,,,,1845,AUG25,0,40,1996,
14401711,"Hasecic, Sabahudin",BIH,M,FM,,,2233,AUG25,0,20,1964,i
14405539,"Hasic, Fehim",BIH,M,,,,1978,AUG25,0,40,1937,i
14401231,"Haskovic, Salih",BIH,M,,,,1848,AUG25,0,20,1958,
14405768,"Hasovic, Edin",BIH,M,,,,1910,AUG25,0,20,1981,i
14403900,"Hasovic, Rasim",BIH,M,,,,1841,AUG25,0,20,1950,
14431572,"Hatibovic, Lamija",BIH,F,,,,1520,AUG25,0,40,2012,w
14428202,"Hatibovic, Nermin",BIH,M,,,,1772,AUG25,0,40,2010,i
14422352,"Haznadar, Nermin",BIH,M,,,,2137,AUG25,0,20,2004,
14411687,"Hebilovic, Mehmed",BIH,M,,,,1867,AUG25,0,40,1964,
14409518,"Hebilovic, Mirsad",BIH,M,,,,1972,AUG25,0,20,1969,
14427168,"Herceg, Ivan",BIH,M,,,,1735,AUG25,0,40,1987,i
14419920,"Herco, Resad",BIH,M,,,,1764,AUG25,0,40,1949,i
14405962,"Hirkic, Elmir",BIH,M,,,,1904,AUG25,0,20,1966,
14415488,"Hodzic, Amir S",BIH,M,,,,1882,AUG25,0,40,1972,i
14423626,"Hodzic, Elma",BIH,F,,,,1677,AUG25,0,40,2005,wi
14428156,"Hodzic, Fuad",BIH,M,,,,1726,AUG25,0,40,2001,
14407817,"Hodzic, Habib",BIH,M,,,,2132,AUG25,0,40,1950,i
14413620,"Hodzic, Mujo",BIH,M,,,,1669,AUG25,0,40,2000,i
14406195,"Hodzic, Nermin",BIH,M,,,,2006,AUG25,0,40,1985,i
14402041,"Hodzic, Nihad",BIH,M,FM,,,2247,AUG25,0,20,1984,
14413442,"Hogic, Enes",BIH,M,,,,1962,AUG25,0,20,1965,
14429098,"Hozanovic, Ibrahim",BIH,M,,,,1814,AUG25,0,40,1963,
14411695,"Hozdic, Asmir",BIH,M,,,,1926,AUG25,0,20,1971,
14421046,"Hrncic, Amer",BIH,M,,,,1633,AUG25,0,40,2010,i
14429721,"Hrnjica, Muhamed",BIH,M,,,,2019,AUG25,0,40,1962,i
14417880,"Hrvacanin, Stefan",BIH,M,,,,1917,AUG25,0,40,2006,
14416255,"Hrvatovic, Nedzad",BIH,M,,,,2002,AUG25,0,40,1952,i
14406799,"Hrvic, Bilal",BIH,M,,,,2065,AUG25,0,20,1964,i
14428784,"Huremagic, Edin",BIH,M,,,,1965,AUG25,0,40,1973,i
14412020,"Huremovic, Elmedin",BIH,M,,,,AFM,AUG25,1879,0,1994,i
14406632,"Huremovic, Fadil",BIH,M,,,,1825,AUG25,0,20,1966,
14410214,"Huric, Adnan",BIH,M,,,,1683,AUG25,0,40,2001,i
14404044,"Husic, Hajrudin",BIH,M,,,,1965,AUG25,0,20,1957,i
14420090,"Husic, Haris",BIH,M,,,,1910,AUG25,0,40,1984,
14409020,"Huskic, Ramiz",BIH,M,,,,1749,AUG25,0,40,1959,i
14403226,"Hutinovic, Halim",BIH,M,,,,2070,AUG25,0,20,1986,
14431580,"Ibrahimagic, Menil",BIH,M,,,,1858,AUG25,0,40,2007,
14402050,"Ibrahimovic, Ibro",BIH,M,,,,2078,AUG25,0,40,1960,i
14406802,"Ibrisimbegovic, Mesud",BIH,M,,,,1741,AUG25,0,40,1948,i
14417898,"Ignjatovic, Dragan V",BIH,M,,,,1934,AUG25,0,40,1956,
14404850,"Ikanovic, Amir",BIH,M,,,,2032,AUG25,0,40,1958,i
14430878,"Ikanovic, Husein",BIH,M,,,,1797,AUG25,0,40,1959,i
14405644,"Ilic, Dusan",BIH,M,,,,1845,AUG25,0,20,1954,i
14404770,"Ilic, Savo",BIH,M,,,,1846,AUG25,0,40,1992,i
14403331,"Ilic, Slavisa",BIH,M,,,,2075,AUG25,0,20,1988,i
934348,"Ilic, Slobodan S",BIH,M,,,,2174,AUG25,0,20,1957,i
14410222,"Imamovic, Samir",BIH,M,,,,1953,AUG25,0,20,1970,i
14407833,"Imamovic, Selim",BIH,M,,,,1892,AUG25,0,20,1957,i
14404303,"Imamovic, Smajl",BIH,M,,,,1942,AUG25,0,20,1951,
14405970,"Imamovic, Sulejman",BIH,M,,,,1835,AUG25,0,40,1954,
14410494,"Imsirovic, Vahid",BIH,M,,,,1861,AUG25,0,40,1963,i
14438895,"Isakovic, Ermin",BIH,M,,,,1715,AUG25,0,40,1981,
14425882,"Ivanovic, Andjela",BIH,F,,,,1645,AUG25,0,40,2006,wi
922633,"Ivanovic, Jelena",BIH,F,WFM,WFM,,2157,AUG25,0,20,1979,wi
14403340,"Ivanovic, Jovan",BIH,M,,,,1985,AUG25,0,40,1981,i
14425890,"Ivanovic, Marko N",BIH,M,,,,1681,AUG25,0,40,2004,i
14422530,"Ivanovic, Milan J",BIH,M,,,,1896,AUG25,9,40,2008,
14412845,"Ivanovic, Petar",BIH,M,,,,1920,AUG25,0,40,1997,i
14427966,"Ivanovic, Vasika",BIH,M,,,,1644,AUG25,0,40,2011,i
14402572,"Iveljic, Igor",BIH,M,FM,,,2229,AUG25,0,20,1977,i
14403650,"Ivic, Marko",BIH,M,,,,1946,AUG25,0,20,1939,i
14407035,"Ivic, Sanja",BIH,F,,,,1821,AUG25,0,20,1997,wi
14401266,"Jabandzic, Irfan",BIH,M,,,,2040,AUG25,0,20,1990,
14405067,"Jacimovic, Dragan",BIH,M,,,,1732,AUG25,0,40,1965,i
14403668,"Jacimovic, Sara",BIH,F,WFM,WFM,FA,1993,AUG25,0,20,1997,w
14423634,"Jahic, Selma",BIH,F,,,,1552,AUG25,0,40,2005,wi
14411229,"Jakesevic, Karlo",BIH,M,,,,1965,AUG25,0,40,1953,i
14434806,"Jakic, Luka",BIH,M,,,,1879,AUG25,0,40,1993,i
14400677,"Jakirlic, Nermin",BIH,M,,,,2123,AUG25,0,20,1959,i
14426285,"Jakovac, Josip",BIH,M,,,,1975,AUG25,0,40,1977,
916080,"Jakovljevic, Vlado",BIH,M,IM,,,2342,AUG25,0,10,1975,
14400847,"Jakupovic, Neven",BIH,M,FM,,,2282,AUG25,0,20,1982,i
14405199,"Jamak, Anes",BIH,M,,,,1945,AUG25,0,40,1971,i
14415704,"Jamakovic, Osman",BIH,M,,,,1801,AUG25,0,40,1963,i
14402068,"Janjic, Jovo",BIH,M,,,,1966,AUG25,0,20,1940,i
14409453,"Janjic, Nikola",BIH,M,,,,1861,AUG25,0,20,1978,
14425696,"Japic, Amir",BIH,M,,,,1819,AUG25,0,40,1969,
14424711,"Javorac, Milos",BIH,M,,,,1718,AUG25,0,40,2009,
14409356,"Javoric, Igor",BIH,M,,,,2031,AUG25,0,40,1974,i
14403129,"Jefic, Aleksandar",BIH,M,,,,1908,AUG25,0,40,1988,i
14403080,"Jefic, Srdjan",BIH,M,FM,,,2312,AUG25,0,20,1992,i
14419041,"Jelcic, Gordan",BIH,M,,,,1894,AUG25,0,40,1963,i
14406489,"Jelcic, Marko",BIH,M,CM,,,2177,AUG25,9,20,1984,
14418304,"Jelcic, Mateo",BIH,M,,,,1631,AUG25,0,40,2009,i
14403790,"Jelen, Darko",BIH,M,,,,1982,AUG25,0,20,1965,i
14432552,"Jeremic, Zeljko",BIH,M,,,,1584,AUG25,0,40,1965,i
14428016,"Jerinic, Nikola",BIH,M,,,,1596,AUG25,0,40,1984,i
14402165,"Jevtic, Sreten",BIH,M,,,,2195,AUG25,0,20,1982,
14400600,"Jokic, Ilija",BIH,M,FM,,,2365,AUG25,0,40,1943,i
14402653,"Jokic, Stefan",BIH,M,,,,1788,AUG25,0,40,1996,i
14413086,"Joksimovic, Dusan",BIH,M,,,,1496,AUG25,0,40,2005,i
14423561,"Jonlija, Boris",BIH,M,,,,1622,AUG25,8,40,2010,
14406411,"Jonlija, Miroslav",BIH,M,,,,1905,AUG25,0,40,1978,i
14437767,"Josilo, Dragoljub",BIH,M,,,,1817,AUG25,0,20,1965,
14412918,"Jotanovic, Dragoslav",BIH,M,,,,2067,AUG25,0,40,1979,i
14406918,"Jotanovic, Stefan",BIH,M,,,,1650,AUG25,0,40,2001,i
14411504,"Jovanic, Milos",BIH,M,,,,1907,AUG25,0,40,1966,i
14427001,"Jovanovic, Darko A",BIH,M,,,,1972,AUG25,9,40,2009,
14402530,"Jovanovic, Nenad",BIH,M,,,,2046,AUG25,0,20,1958,i
14412721,"Jovanovic, Relja",BIH,M,,,,1942,AUG25,0,40,1939,i
915319,"Jovanovic, Zeljko",BIH,M,,,,2147,AUG25,0,20,1974,
14414031,"Jovic, Zoran",BIH,M,,,,1813,AUG25,0,40,1960,i
14402297,"Jovicic, Milan",BIH,M,,,,1996,AUG25,0,20,1938,i
14431351,"Jovisic, Aleksa",BIH,M,,,,1651,AUG25,0,40,2006,
14408040,"Jovovic, Milan",BIH,M,,,,2030,AUG25,0,20,1966,
14410311,"Juic, Ranko",BIH,M,,,,2004,AUG25,0,20,1961,
14423340,"Jusic, Muradif",BIH,M,,,,1863,AUG25,0,40,1964,
14406560,"Kadic, Edin",BIH,M,,,,2005,AUG25,0,40,1978,
14408058,"Kadric, Vahidin",BIH,M,,,,1959,AUG25,0,40,1967,i
14401444,"Kadusic, Jasmin",BIH,M,,,,1942,AUG25,0,20,1963,
14405776,"Kahvedzic, Emir",BIH,M,,,,1973,AUG25,0,20,1981,i
14404931,"Kajevic, Dzevad",BIH,M,,,,1910,AUG25,0,20,1956,
14425033,"Kalajdzic, Renata",BIH,F,,,,1750,AUG25,0,40,2004,wi
14409224,"Kalem, Igor",BIH,M,,,,1978,AUG25,0,20,1979,i
14400812,"Kamberovic, Senad",BIH,M,FM,,,2200,AUG25,0,20,1967,
14400154,"Kanafija, Ahmed",BIH,M,,,,1831,AUG25,0,40,1939,i
14415062,"Kanjic, Elvir",BIH,M,,,,1794,AUG25,0,40,1978,i
14418770,"Kantardzic, Asja",BIH,M,,,,1675,AUG25,0,40,2000,i
14400545,"Kapetanovic, Armin",BIH,M,IM,,,2449,AUG25,0,10,0,i
14404060,"Kapetanovic, Edin",BIH,M,,,,2160,AUG25,0,40,1961,i
14405873,"Kapic, Muamer",BIH,M,,,,1960,AUG25,0,40,1994,i
14428407,"Kapidzic, Edhem",BIH,M,,,,1750,AUG25,0,40,2003,
14411717,"Karabegovic, Irfan",BIH,M,,NA,,1956,AUG25,0,40,1961,i
14409836,"Karacic, Ivan",BIH,M,,,,2001,AUG25,0,40,1987,i
14401673,"Karahmetovic, Adnan",BIH,M,FM,,,2268,AUG25,0,20,1977,i
14404079,"Karalic, Ahmed",BIH,M,,,,1920,AUG25,0,20,1974,i
14412780,"Karalic, Evel",BIH,M,,,,1972,AUG25,0,20,2001,i
14424010,"Karic, Nermin",BIH,M,,,,1833,AUG25,0,40,1988,i
14409844,"Karlovic, Zvonimir",BIH,M,,,,2015,AUG25,0,20,1998,i
14401851,"Karup, Edin",BIH,M,,,,2118,AUG25,0,20,1962,i
14427303,"Kasabasic, Djordje",BIH,M,,,,1828,AUG25,0,40,1988,i
14409984,"Kasic, Nazif",BIH,M,,,,1909,AUG25,0,40,1998,i
14409283,"Kasumovic, Muhidin",BIH,M,,,,1911,AUG25,0,20,1967,
14411725,"Katkic, Amel",BIH,M,,,,2072,AUG25,0,40,1982,i
14401126,"Kazich, Goran",BIH,M,,,,2118,AUG25,0,20,1970,i
14422123,"Kekic, Ahmed",BIH,M,,,,2107,AUG25,0,40,2012,
14401274,"Kekic, Armin",BIH,M,CM,,,2148,AUG25,0,20,1976,
14422115,"Kekic, Naid",BIH,M,,,,1908,AUG25,0,40,2011,
14405652,"Kemura, Adnan",BIH,M,,,,1980,AUG25,0,40,1962,i
14401452,"Keric, Amer",BIH,M,,,,1907,AUG25,0,20,1977,i
14418630,"Keserovic, Sefik",BIH,M,,,,1814,AUG25,0,20,1960,
14406829,"Kesten, Ermin",BIH,M,,,,1946,AUG25,0,40,1973,i
14409232,"Kijac, Ljubomir",BIH,M,,,,1957,AUG25,0,20,1967,i
14403013,"Klajic, Marko",BIH,M,,,,1905,AUG25,0,40,1973,
926019,"Klincov, Petar",BIH,M,,,,2160,AUG25,0,40,1945,i
14407850,"Kljajic, Nedeljko",BIH,M,,,,2018,AUG25,0,20,1974,
14424924,"Kljecanin, Goran",BIH,M,,,,1767,AUG25,0,40,1996,i
14439883,"Knezevic, David",BIH,M,,,,1568,AUG25,0,40,2011,
14440695,"Knezevic, Zoran",BIH,M,,,,1773,AUG25,0,40,1957,
14408228,"Knezovic, Ivica",BIH,M,,,,2108,AUG25,0,20,1979,
14400340,"Kobas, Adnan",BIH,M,FM,,,2208,AUG25,0,20,1956,i
14411024,"Kocanovic, Armin",BIH,M,,,,1821,AUG25,0,20,2002,i
14427079,"Kojic, Savo",BIH,M,,NA,,1683,AUG25,0,40,1962,i
14400952,"Kojic, Tigran",BIH,M,FM,,,2303,AUG25,0,20,1974,
14407132,"Kokanovic, Dragan",BIH,M,,,,2128,AUG25,0,20,1972,
14404230,"Kokanovic, Zana",BIH,F,,,,1730,AUG25,0,20,1998,wi
14402980,"Kokotovic, Aleksandar",BIH,M,,,,2136,AUG25,0,20,1994,i
14402076,"Komadaric, Edin",BIH,M,,,,2122,AUG25,0,20,1965,
14401312,"Komic, Ibrahim",BIH,M,,,,2176,AUG25,0,20,1960,
14408570,"Kondic, Stefan",BIH,M,,,,1818,AUG25,0,40,1999,i
14402343,"Konjicanin, Muris",BIH,M,FM,,,2198,AUG25,0,20,1983,
14402360,"Korjenic, Esef",BIH,M,,,,1915,AUG25,0,20,1965,
14428210,"Kos, Adna",BIH,F,,,,1746,AUG25,0,40,2004,w
14428229,"Kos, Elma",BIH,F,,,,1803,AUG25,0,40,2002,w
14401347,"Kos, Emin",BIH,M,,,,2179,AUG25,0,20,1951,i
14414368,"Kosic, Radovan",BIH,M,,,,1750,AUG25,0,40,1955,
14402084,"Koso, Ekrem",BIH,M,,,,2179,AUG25,0,20,1969,
14423081,"Kosovic, Senad",BIH,M,,,,1807,AUG25,0,40,1952,
14411890,"Kostres, Simo",BIH,M,,,,1871,AUG25,0,40,1970,
14430703,"Kosutic, Cedomir",BIH,M,,,,1834,AUG25,9,40,2010,
14419335,"Kovac, Mijo",BIH,M,,,,1804,AUG25,0,40,2002,i
14407744,"Kovacevic, Zeljko T",BIH,M,,,,1853,AUG25,0,40,1968,i
14401525,"Kovacic, Dubravko",BIH,M,,,,1984,AUG25,0,20,1976,i
14410524,"Kozomara, Djurdjica",BIH,F,,,,1515,AUG25,0,40,2005,wi
14410532,"Kozomara, Dusan",BIH,M,,,,1704,AUG25,0,20,2004,i
14415607,"Kragic, Zlatko",BIH,M,,,,2142,AUG25,0,40,1974,i
14418568,"Kralj, Mladjo",BIH,M,,,,1932,AUG25,0,40,1947,i
14428237,"Kratina, Imran",BIH,M,,,,1629,AUG25,0,40,2004,i
14417936,"Krcmar, Andrej",BIH,M,,,,1993,AUG25,0,40,2007,i
14442493,"Kreco, Vedad",BIH,M,,,,1634,AUG25,0,40,2010,
14429195,"Krnojelac, Kristina",BIH,F,,,,1718,AUG25,0,40,2005,w
14427478,"Krsic, Vuk",BIH,M,,,,1429,AUG25,0,40,2012,
14401541,"Kruskic, Mirsad",BIH,M,FM,,,2054,AUG25,0,20,1959,i
14410230,"Kudic, Emir",BIH,M,,,,1756,AUG25,0,40,2001,i
14400162,"Kukic, Almir",BIH,M,,,,1977,AUG25,0,40,1979,i
14401010,"Kukic, Ismet",BIH,M,FM,,,2305,AUG25,0,20,1958,i
14414414,"Kulic, Daris",BIH,M,,,,1554,AUG25,0,40,2008,i
14414856,"Kuljanin, Filip",BIH,M,,,,1912,AUG25,0,40,1999,i
14437031,"Kuljuh, Jasmin",BIH,M,,,,1624,AUG25,0,40,2006,
14407370,"Kuraja, Mijo",BIH,M,,,,1964,AUG25,0,20,1970,
14400111,"Kurajica, Mladen",BIH,M,,,,2211,AUG25,0,20,1978,i
14434814,"Kurbasic, Mirsad",BIH,M,,NA,,1920,AUG25,0,40,1983,i
14434822,"Kurbasic, Safet",BIH,M,,,,1978,AUG25,0,40,1970,i
14402327,"Kures, Dario",BIH,M,,,,2153,AUG25,0,40,1984,i
14409585,"Kurtcehajic, Suad",BIH,M,,,,1948,AUG25,0,20,1962,
14428890,"Kurtesi, Alen",BIH,M,,,,1747,AUG25,0,40,1994,
14517990,"Kurtovic, Nedzad",BIH,M,,,,1885,AUG25,0,20,1960,
14412039,"Kustura, Hajrudin",BIH,M,,,,1822,AUG25,0,20,1954,i
14435012,"Kvoco, Ajdin",BIH,M,,,,1662,AUG25,0,40,2008,
905321,"Lakic, Nikola",BIH,M,FM,,,2148,AUG25,0,20,1947,i
14405237,"Lakota, Izet",BIH,M,,,,1848,AUG25,0,20,1946,i
14404095,"Lakovic, Mustafa",BIH,M,,,,2042,AUG25,0,40,1963,i
14400243,"Lalic, Nedim",BIH,M,FM,,,2386,AUG25,0,20,1955,i
14404176,"Lapo, Safet",BIH,M,,,,1848,AUG25,0,20,1956,i
14412586,"Latincic, Nenad",BIH,M,,,,1973,AUG25,0,40,1960,
14407892,"Lavic, Serif",BIH,M,,,,1865,AUG25,0,40,1966,i
14431378,"Lazarevic, Darko",BIH,M,,,,1907,AUG25,0,40,2006,i
14407981,"Lazarevic, Nedeljko",BIH,M,,,,1859,AUG25,0,20,1988,
14412594,"Lazic, Emanuel",BIH,M,FM,,,2136,AUG25,0,20,2008,
14416999,"Lazicic, Goran",BIH,M,,,,1816,AUG25,0,40,1979,
922684,"Leka, Zeljko",BIH,M,,,,2084,AUG25,0,40,1956,i
14416328,"Lendic, Goran",BIH,M,,,,2005,AUG25,0,40,1959,
14405938,"Lepenica, Mirnes",BIH,M,,,,1800,AUG25,0,40,1996,i
14405946,"Lepenica, Nedim",BIH,M,,,,1741,AUG25,0,40,2001,i
14404966,"Lepenica, Sinan",BIH,M,,,,1913,AUG25,0,40,1968,i
14403323,"Letic, Nermin",BIH,M,,,,1906,AUG25,0,20,1963,
14423367,"Letic, Selma",BIH,F,,,,1727,AUG25,0,40,2005,w
14417685,"Leto, Zoran",BIH,M,,,,1784,AUG25,0,40,1996,
14409631,"Lipovcic, Marko",BIH,M,,,,2204,AUG25,0,20,2005,
904872,"Lisica, Alan",BIH,M,,,,2213,AUG25,0,20,1973,i
14409178,"Lizde, Emir",BIH,M,,,,2011,AUG25,0,20,1967,i
14403986,"Ljubojevic, Sanja",BIH,F,,,,1848,AUG25,0,40,1981,wi
14401720,"Lojanica, Milenko",BIH,M,,,,1946,AUG25,0,20,1953,
14419602,"Loncar, Jozo",BIH,M,,,,1799,AUG25,0,40,1958,
14416182,"Lovric, Lovro",BIH,M,,,,1688,AUG25,0,40,2006,i
14421569,"Lovric, Miro",BIH,M,,,,1939,AUG25,0,40,1955,i
14409593,"Lubura, Zoran",BIH,M,,,,1864,AUG25,0,40,1979,i
14442060,"Lucic, Jedinko",BIH,M,,,,1831,AUG25,0,40,1963,
14402491,"Lugavic, Alija",BIH,M,,,,2011,AUG25,0,20,1961,i
14441772,"Lukacevic, Matija",BIH,M,,,,1630,AUG25,0,40,2010,
14410540,"Lukic, Aleksandar",BIH,M,,,,2015,AUG25,0,20,1979,
14420104,"Lukic, Djordje",BIH,M,,,,1907,AUG25,0,40,2011,
14412055,"Lukic, Igor",BIH,M,,,,1973,AUG25,0,40,1974,i
913979,"Lukic, Mirko",BIH,M,,,,2220,AUG25,0,20,1946,i
14407418,"Lukic, Zeljko",BIH,M,,,,1864,AUG25,0,40,1964,
14412250,"Macanovic, Suad",BIH,M,,,,1838,AUG25,0,40,1958,i
14410117,"Mahmutagic, Azra",BIH,F,,FI,,1890,AUG25,0,40,1964,wi
14413531,"Mahmutagic, Mevlida",BIH,F,,,,1644,AUG25,0,20,2001,wi
14401550,"Mahmutbegovic Smajilbasic, Nadina",BIH,F,WFM,WFM,,1946,AUG25,0,20,1995,w
14402416,"Mahmutbegovic, Midhat",BIH,M,,,,1993,AUG25,0,20,1964,
14406322,"Mahmutbegovic, Muharem",BIH,M,,,,2047,AUG25,0,20,2002,
14412080,"Mahmutovic, Edin",BIH,M,,,,1758,AUG25,0,20,1961,i
14414880,"Mahmutovic, Mihrudin",BIH,M,,,,1884,AUG25,0,40,1987,i
14422557,"Majkic, Filip",BIH,M,,,,1671,AUG25,0,40,2008,i
14408120,"Maksimovic, Bojan",BIH,M,IM,,,2513,AUG25,9,10,2002,
14419254,"Maksimovic, Marko",BIH,M,,,,1764,AUG25,0,40,2002,i
14408902,"Maksimovic, Masa",BIH,F,WFM,WFM,,2091,AUG25,0,20,2001,w
14424738,"Maksimovic, Savo",BIH,M,,,,1576,AUG25,0,20,1969,
14411938,"Malic, Aleksandar",BIH,M,,,,1653,AUG25,0,40,1987,
14423308,"Malis, Bogdana",BIH,F,,,,1678,AUG25,0,40,2004,wi
14423294,"Malis, Veljko",BIH,M,,,,1906,AUG25,0,40,2003,i
14404869,"Malkic, Jusuf",BIH,M,,,,1997,AUG25,0,20,1944,
14423022,"Malkoc, Hazim",BIH,M,,,,1966,AUG25,0,40,1948,i
14418215,"Mandic, Dejan",BIH,M,,,,1987,AUG25,0,40,1989,i
14430290,"Mandic, Slaven",BIH,M,,,,1702,AUG25,0,40,2008,i
14419203,"Manic, Mujo",BIH,M,,,,1887,AUG25,0,20,1968,
14408066,"Manigodic, Bojan",BIH,M,,,,1812,AUG25,0,20,1982,
14407426,"Manojlovic, Bojana",BIH,F,,,,1836,AUG25,0,40,1954,wi
14401835,"Maric, Bozo",BIH,M,,,,2214,AUG25,0,20,1978,i
14409186,"Maric, Marijan",BIH,M,,,,1846,AUG25,0,40,1939,i
14407043,"Maric, Sara",BIH,F,,,,1804,AUG25,0,40,1999,wi
14407434,"Maric, Tihomir",BIH,M,,,,1857,AUG25,0,20,1972,i
14412268,"Maric, Vedran",BIH,M,,,,1779,AUG25,0,20,1998,i
14407442,"Maricic, Josip",BIH,M,,,,1905,AUG25,0,20,1967,
14406179,"Marjanovic, Branko",BIH,M,,,,1994,AUG25,0,20,1979,
14402661,"Marjanovic, Dejan",BIH,M,IM,FI,,2395,AUG25,0,10,1996,
14403820,"Marjanovic, Denis",BIH,M,,,,1989,AUG25,0,20,1992,i
14416425,"Marjanovic, Marko",BIH,M,,,,1833,AUG25,0,20,1999,
14415151,"Marjanovic, Matej",BIH,M,,,,1689,AUG25,0,40,2009,i
14403692,"Marjanovic, Novka",BIH,F,,,,1864,AUG25,0,40,1990,wi
14414473,"Marjanovic, Radovan",BIH,M,,,,2129,AUG25,0,40,1971,i
14407140,"Marjanovic, Zlatko",BIH,M,,,,1929,AUG25,0,20,1974,
14402190,"Marjanovic, Zoran",BIH,M,,,,2006,AUG25,0,40,1955,i
14406314,"Markovic, Dino",BIH,M,,,,2118,AUG25,0,20,2000,
14402874,"Markovic, Dusan",BIH,M,,,,2136,AUG25,0,20,1986,i
14409992,"Markovic, Irma",BIH,F,,,,1698,AUG25,0,40,1996,wi
907723,"Markovic, Lazar",BIH,M,FM,,,2108,AUG25,0,20,1945,i
14415631,"Markovic, Nedeljko",BIH,M,,,,1765,AUG25,0,40,1950,i
14409461,"Markovic, Rade A",BIH,M,,,,1886,AUG25,0,20,1961,
14407450,"Markovic, Tihomir",BIH,M,,,,1840,AUG25,0,20,1967,
14407477,"Marosevic, Tunjo",BIH,M,,,,1828,AUG25,0,40,1961,
14400197,"Mataradzic, Almir",BIH,M,,,,2134,AUG25,0,20,1986,i
14406896,"Matijevic, Ivan",BIH,M,,,,1806,AUG25,0,40,1997,i
14415267,"Matijevic, Jozo",BIH,M,,,,1983,AUG25,0,40,1967,
14404702,"Matijevic, Jure",BIH,M,,,,1977,AUG25,0,20,1993,i
14420031,"Mecavica, Fahrudin",BIH,M,,,,1834,AUG25,0,40,1979,i
14405245,"Medic, Nevenko",BIH,M,,,,1958,AUG25,0,20,1955,i
14413493,"Mehic, Hazim",BIH,M,,,,1815,AUG25,0,40,1956,i
14401037,"Mehmedovic, Mirza",BIH,M,,,,2226,AUG25,0,20,1953,i
14404206,"Memic, Hazim",BIH,M,,,,2000,AUG25,0,20,1953,i
14401185,"Memich, Haris",BIH,M,,,,2390,AUG25,0,10,1977,i
14426412,"Mesic, Ado",BIH,M,,,,1951,AUG25,0,40,2010,
14411105,"Mesic, Ismet",BIH,M,FM,,,2300,AUG25,0,20,2007,
14415801,"Mesic, Merim",BIH,M,,,,1783,AUG25,0,20,1961,
14404320,"Mesic, Vehid",BIH,M,,,,2135,AUG25,0,20,1994,
14411512,"Mesulic, Milenko",BIH,M,,,,1822,AUG25,0,40,1964,i
14406381,"Micic, Vlado",BIH,M,,,,2030,AUG25,0,20,1957,
908045,"Mihojlic, Miodrag",BIH,M,,,,1844,AUG25,0,20,1952,
14400928,"Mijatovic, Mijo",BIH,M,,,,2045,AUG25,0,40,1963,i
14412900,"Mijatovic, Vinko",BIH,M,,,,1921,AUG25,0,40,1955,i
14436060,"Mijic, Arman",BIH,M,,,,1563,AUG25,0,40,2009,
14418819,"Mijic, Goran",BIH,M,,,,1794,AUG25,0,40,2010,
904228,"Mikanovic, Milorad",BIH,M,,,,2054,AUG25,0,20,1947,i
14402645,"Mikanovic, Sandro",BIH,M,FM,NI,,2281,AUG25,0,20,1988,i
14545080,"Mikic, Ivana",BIH,F,,,,1919,AUG25,0,20,2003,w
14435152,"Mikulic, Andrej",BIH,M,,,,1740,AUG25,0,40,2008,i
14407485,"Mikulic, Mladen",BIH,M,,,,1953,AUG25,0,20,1965,i
14400332,"Miladinovic, Zlatko",BIH,M,,,,2042,AUG25,0,20,1958,i
934160,"Milekic, Daniel",BIH,M,FM,,,2181,AUG25,0,20,1983,
14414201,"Miletic, Luka",BIH,M,,,,1605,AUG25,0,40,2004,i
14404648,"Milicevic, Dajana",BIH,F,,,,1848,AUG25,0,20,1994,wi
14428610,"Milicevic, Josip",BIH,M,,,,1751,AUG25,0,40,2004,i
14402211,"Milicevic, Ljubo",BIH,M,,,,1933,AUG25,0,40,1936,i
14411326,"Milicevic, Sasa",BIH,M,,,,1933,AUG25,0,40,1964,
14409895,"Milicevic, Tomo",BIH,M,,,,1794,AUG25,0,40,1962,i
14405709,"Milicevic, Veselin",BIH,M,,,,1987,AUG25,0,40,1955,i
14404451,"Milicevic, Veselin",BIH,M,,,,1841,AUG25,0,40,1955,
14407159,"Milicic, Dusko",BIH,M,,,,1911,AUG25,0,40,1972,i
14410583,"Milicic, Nikica",BIH,M,,,,2009,AUG25,0,40,1953,
14401819,"Miljkovic, Milan",BIH,M,FM,,,2125,AUG25,0,20,1978,i
14413817,"Milosevic, Andjelko",BIH,M,,,,1818,AUG25,0,20,1975,i
14402793,"Milovanovic, Boro",BIH,M,,,,1953,AUG25,0,20,1993,i
14423979,"Milovanovic, Rado",BIH,M,,,,1870,AUG25,0,40,2009,
14405954,"Milovic, Milomir",BIH,M,,,,1870,AUG25,0,20,1954,i
14404460,"Milutinovic, Miodrag",BIH,M,,,,2078,AUG25,0,40,1967,i
14425912,"Mimic, Lazar",BIH,M,,,,1600,AUG25,0,40,2010,
14425920,"Mimic, Sofija",BIH,F,,,,1845,AUG25,7,40,2008,w
14402866,"Miralem, Mirza",BIH,M,,,,2038,AUG25,0,40,1958,i
14412837,"Mirkovic, Aleksandar",BIH,M,,,,1756,AUG25,0,40,1998,i
14413302,"Mirvic, Mumin",BIH,M,,,,1752,AUG25,0,20,1947,
14400073,"Misanovic, Vesna",BIH,F,WGM,WGM,,2231,AUG25,0,20,1964,wi
14407493,"Miskic, Belmir",BIH,M,,,,1810,AUG25,0,40,1992,i
14402939,"Miskic, Sejfudin",BIH,M,,,,2116,AUG25,0,20,1967,i
14401460,"Miskovic, Dragan",BIH,M,,,,2142,AUG25,0,20,1985,i
14401398,"Miskovic, Ivica",BIH,M,,,,2130,AUG25,0,20,1958,i
14407515,"Miskovic, Mirko",BIH,M,,,,1799,AUG25,0,40,1961,i
921130,"Mitrovic, Jovica",BIH,M,,,,1990,AUG25,0,20,1958,i
14431220,"Mitrovic, Stefan A",BIH,M,,,,1880,AUG25,9,40,2010,
14415240,"Mlinarevic, Dobrica",BIH,M,,,,1804,AUG25,0,40,1998,i
14408414,"Molcanov, Sergej",BIH,M,,,,1977,AUG25,0,20,1980,
14418843,"Mrkovic, Nikola",BIH,M,,,,1901,AUG25,0,20,2006,
14404214,"Mrndjic, Armin",BIH,M,,,,2145,AUG25,0,20,1981,
14402114,"Mrndjic, Muamer",BIH,M,,,,2165,AUG25,0,20,1977,
14440857,"Mrsic, Djordje",BIH,M,,,,1683,AUG25,0,40,2011,
14401584,"Muhibic, Cazim",BIH,M,,,,1822,AUG25,0,20,1954,
14402947,"Muhic, Nagib",BIH,M,,,,2049,AUG25,0,20,1961,i
14604434,"Muhic, Sulejman",BIH,M,,,,1978,AUG25,0,20,1962,i
14408139,"Mujacic, Haris",BIH,M,,,,AFM,AUG25,1989,0,1987,
14419505,"Mujadzic, Rusmir",BIH,M,,,,1920,AUG25,0,40,1953,i
14404338,"Mujagic, Ismet",BIH,M,,,,1902,AUG25,0,20,1956,i
14412098,"Mujagic, Muhamed",BIH,M,,,,2059,AUG25,0,20,1988,
14433290,"Mujcic, Edin",BIH,M,,,,1585,AUG25,0,40,2009,
14406527,"Mujcinovic, Muharem",BIH,M,,,,1827,AUG25,0,20,1949,
14441055,"Mujezinovic, Adna",BIH,F,,,,1526,AUG25,0,40,2008,w
14422220,"Mujicic, Benjamin",BIH,M,,,,1627,AUG25,0,40,1991,i
14405555,"Mujinovic, Muhamed",BIH,M,,,,2023,AUG25,0,40,1959,i
14412047,"Mujkanovic, Amel",BIH,M,,,,1849,AUG25,0,40,1991,i
14401100,"Mujkic, Nihad",BIH,M,,,,2233,AUG25,0,20,1966,i
14419726,"Mulalic, Jasmin",BIH,M,,,,1785,AUG25,0,40,1965,i
14401649,"Mulic, Sulejman",BIH,M,,,,1863,AUG25,0,20,1951,
14406276,"Mumanovic, Adis",BIH,M,,,,2118,AUG25,0,20,1978,i
14405369,"Muminovic, Semsudin",BIH,M,,,,1911,AUG25,0,20,1974,i
14421160,"Muratovic, Adnan",BIH,M,,,,1755,AUG25,0,20,1999,
14401169,"Muratovic, Efim",BIH,M,FM,,,2329,AUG25,0,10,1966,
14401363,"Muratovic, Enver",BIH,M,FM,,,2257,AUG25,0,20,1964,
14428911,"Muratovic, Husejn",BIH,M,,,,2131,AUG25,0,40,1996,
14406438,"Murselji, Sefer",BIH,M,,,,1871,AUG25,0,40,1968,i
14421518,"Murtic, Ibrahim",BIH,M,,,,1696,AUG25,0,40,1952,i
14423812,"Music, Edin",BIH,M,,,,1776,AUG25,0,40,1998,i
14401657,"Music, Suad",BIH,M,,,,1960,AUG25,0,20,1967,
14413760,"Musinovic, Mirsad",BIH,M,,,,1716,AUG25,0,40,1992,i
14401665,"Muslimovic, Seval",BIH,M,,,,1986,AUG25,0,40,1961,i
14412101,"Mutapcic, Nijaz",BIH,M,,,,1778,AUG25,0,20,1954,i
14401681,"Mutic, Sead",BIH,M,,,,1974,AUG25,0,40,1953,i
14412063,"Nadarevic, Hasib",BIH,M,,,,2053,AUG25,0,40,1980,
14404117,"Nalic, Ahmet",BIH,M,,,,1975,AUG25,0,40,1957,i
901512,"Narancic, Vlado",BIH,M,FM,,,2253,AUG25,0,10,1965,
14429950,"Nedic, Gabriel",BIH,M,,,,1499,AUG25,0,40,2015,
14422964,"Nedic, Matej",BIH,M,,,,1870,AUG25,0,40,2008,
14428334,"Nedic, Mihael",BIH,M,,,,1613,AUG25,0,40,2011,
14403200,"Nesic, Dragana",BIH,F,,,,1938,AUG25,0,20,1993,w
2606160,"Nezirovic, Ozren",BIH,M,,,,2013,AUG25,0,20,1967,
14412896,"Nikolic, Marko",BIH,M,,,,1759,AUG25,0,20,2006,i
14400065,"Nikolic, Nebojsa",BIH,M,IM,,,2267,AUG25,0,10,1968,
14400014,"Nikolic, Predrag",BIH,M,GM,,,2546,AUG25,0,10,1960,
14403242,"Nikolic, Sanja",BIH,F,,,,1827,AUG25,0,40,1991,wi
14408716,"Ninkovic, Aleksa",BIH,M,,,,1717,AUG25,0,40,2005,i
14408724,"Ninkovic, Marko",BIH,M,,,,1928,AUG25,0,20,2003,i
14425289,"Njezic, Aleksa",BIH,M,,,,1756,AUG25,0,40,2005,i
14406659,"Nuhanovic, Nermin",BIH,M,,,,1864,AUG25,0,20,1981,
14404125,"Nuhic, Amir",BIH,M,,,,2147,AUG25,0,20,1990,i
14409291,"Nukic, Farik",BIH,M,,,,1846,AUG25,0,20,1995,i
14409038,"Nurkic, Alija",BIH,M,,,,2029,AUG25,0,20,1977,i
14410249,"Nurkic, Husein",BIH,M,,,,2220,AUG25,0,20,1948,i
14412276,"Obad, Andrija",BIH,M,FM,,,2183,AUG25,0,20,1969,
14402130,"Obarcanin, Nijaz",BIH,M,,NI,,1988,AUG25,0,20,1961,
14419220,"Oberman, Armin",BIH,M,,,,1934,AUG25,0,40,1969,i
14400561,"Obralic, Esad",BIH,M,FM,,,2331,AUG25,0,20,1960,i
14437929,"Obrenovic, Djordje",BIH,M,,,,1695,AUG25,0,40,2009,
14402149,"Obuca, Bajro",BIH,M,CM,FI,,2041,AUG25,0,20,1966,
14413507,"Odobasic, Semir",BIH,M,,,,1894,AUG25,0,40,1973,
14420929,"Odzak, Senad",BIH,M,,,,1900,AUG25,0,40,1978,i
14418860,"Odzak, Tarik",BIH,M,,,,1686,AUG25,0,40,2010,
14413337,"Ohran, Nihad",BIH,M,,,,1911,AUG25,0,40,1970,
14403099,"Okicic, Nermin",BIH,M,,,,2099,AUG25,0,20,1964,
14404974,"Okovic, Edin",BIH,M,,,,1840,AUG25,0,20,1994,
14432250,"Omanovic, Edo",BIH,M,,,,1809,AUG25,0,40,1986,i
14401797,"Omanovic, Vahidin",BIH,M,,,,1984,AUG25,0,20,1972,i
14413140,"Omeragic, abaz",BIH,M,,,,1893,AUG25,0,40,1961,i
14403714,"Omeragic, Muhamed",BIH,M,,,,2041,AUG25,0,40,1968,i
14402459,"Omercic, Adnan",BIH,M,,,,2128,AUG25,0,20,1978,i
14401886,"Omercic, Muhamed",BIH,M,,,,2060,AUG25,0,20,1956,
14406578,"Omerefendic, Omer",BIH,M,,,,1746,AUG25,0,40,1936,i
14407906,"Omerika, Arif",BIH,M,,,,1833,AUG25,0,20,1950,i
14429900,"Omerkic, Ahmed",BIH,M,,,,1936,AUG25,0,20,1978,
14429462,"Omerovic, Damir",BIH,M,,,,1743,AUG25,0,40,2011,
14404982,"Oputic, Mirsad",BIH,M,,,,1909,AUG25,0,20,1961,
14404486,"Oroz, Slobodan",BIH,M,,,,1996,AUG25,0,40,1958,i
14422972,"Orsolic, Andrea Maria",BIH,F,,,,1602,AUG25,0,20,2006,wi
14422930,"Orsolic, Dominik",BIH,M,,,,1605,AUG25,0,40,2006,i
14407531,"Orsolic, Jela",BIH,F,,,,1703,AUG25,0,20,1966,wi
14425521,"Orsolic, Ruza",BIH,F,,,,1566,AUG25,0,40,2011,wi
14422956,"Orsolic, Zvonimir",BIH,M,,,,1621,AUG25,0,40,2008,
14401908,"Oruc, Izet",BIH,M,,,,1910,AUG25,0,40,1958,i
14401045,"Osmanagic, Muamer",BIH,M,,,,2260,AUG25,0,20,1933,i
14413078,"Osmanbegovic, Avdo",BIH,M,,,,1971,AUG25,0,20,1959,
14430053,"Osmanhodzic, Emin",BIH,M,,,,1793,AUG25,0,40,2011,
14400278,"Osmanovic, Kemal",BIH,M,IM,,,2221,AUG25,0,20,1941,i
14404540,"Osmanovic, Zehrudin",BIH,M,,,,1858,AUG25,0,40,1954,
14414848,"Osmic, Enis",BIH,M,,,,1719,AUG25,0,20,2006,i
14416662,"Ostojic, Ana A",BIH,F,,,,1695,AUG25,0,40,2008,w
14411741,"Pacariz, Faik",BIH,M,,,,2023,AUG25,0,40,1960,i
14405121,"Paligoric, Stjepan",BIH,M,,,,1770,AUG25,0,40,1953,i
14405075,"Panic, Marko",BIH,M,,,,2013,AUG25,0,40,1956,i
14431645,"Panic, Viktor",BIH,M,,,,1859,AUG25,0,40,2011,
14402807,"Pantic, Bojan",BIH,M,,,,2110,AUG25,0,20,1991,i
14422450,"Papic, Dario",BIH,M,,,,1913,AUG25,0,40,1996,i
14406446,"Parganlija, Mernis",BIH,M,,,,1768,AUG25,0,40,1961,i
14402467,"Pasalic, Adnan",BIH,M,,,,1983,AUG25,0,20,1967,
14403269,"Pasalic, Harun",BIH,M,FM,,,2177,AUG25,0,20,1983,
14400413,"Pasic, Enes",BIH,M,,,,2162,AUG25,0,20,1956,
14402718,"Pastar, Slaven",BIH,M,IM,,,2360,AUG25,0,10,1994,
14411750,"Patkovic, Aziz",BIH,M,,,,1951,AUG25,0,40,1964,i
14405571,"Patkovic, Vahdet",BIH,M,,,,2042,AUG25,0,20,1957,
14402955,"Patrucic, Miroslav",BIH,M,,,,2044,AUG25,0,20,1955,i
14419343,"Pavicic, Karlo",BIH,M,,,,1974,AUG25,0,40,2007,
14425947,"Pavlovic, Slavko",BIH,M,,,,1872,AUG25,0,40,1983,i
14429624,"Pazalja, Suada",BIH,F,,,,1485,AUG25,0,40,1967,w
14406497,"Pejic, Stjepan",BIH,M,,,,1935,AUG25,0,40,1975,i
14415186,"Pejic, Vladislav",BIH,M,,NA,,1871,AUG25,0,40,2000,i
14409267,"Pejicic, Spasoje",BIH,M,,,,1899,AUG25,0,40,1977,i
14411555,"Pekmezovic, Omer",BIH,M,,,,1819,AUG25,0,20,1950,i
14421585,"Penic, Ivica",BIH,M,,,,1872,AUG25,0,40,1962,
14412888,"Peric, David",BIH,M,,,,1685,AUG25,0,40,2003,i
9217902,"Peric, David M",BIH,M,,,,AFM,AUG25,1800,7,2014,
935930,"Peric, Milovan",BIH,M,,,,1960,AUG25,0,20,1940,i
14411334,"Peric, Pero",BIH,M,,,,1757,AUG25,0,20,1957,i
14414511,"Peric, Sofija",BIH,F,,,,1674,AUG25,0,40,2007,w
14405717,"Perisic, Boris",BIH,M,,,,1984,AUG25,0,20,1971,i
14418460,"Perkovic, Filip",BIH,M,,,,1888,AUG25,0,40,2001,i
14405008,"Pestek, Elvis",BIH,M,,,,1972,AUG25,0,20,1983,
14401479,"Petkovic, Zeljko",BIH,M,,,,2038,AUG25,0,40,1985,i
14416441,"Petricevic, Vedran",BIH,M,,,,1821,AUG25,0,40,1989,i
14410257,"Petrovic, Aleksandar",BIH,M,,,,1887,AUG25,0,40,1981,i
14408287,"Petrovic, Ivo",BIH,M,,,,1890,AUG25,0,40,1965,i
924750,"Petrovic, Sasa",BIH,M,,,,2171,AUG25,0,20,1964,i
14400510,"Pilavdzic, Hamdija",BIH,M,,,,2032,AUG25,0,20,1948,i
14404400,"Pisarevic, Goran",BIH,M,,,,2235,AUG25,0,20,1970,i
14550202,"Pistalovic, Slobodan",BIH,M,,,,2108,AUG25,0,40,2007,
14401304,"Pitic, Mustafa",BIH,M,,,,1766,AUG25,0,20,1939,
930075,"Plakalovic, Predrag",BIH,M,,,,2238,AUG25,0,20,1977,i
14432285,"Planinic, Ivo",BIH,M,,,,1665,AUG25,9,40,2008,
14405016,"Pleh, Semir",BIH,M,,,,1848,AUG25,0,20,1969,
14402882,"Plivcevic, Ivana",BIH,F,,,,1912,AUG25,0,20,1987,wi
14402696,"Popadic, Milica",BIH,F,,,,1784,AUG25,0,20,1994,w
14404664,"Popadic, Mirjana",BIH,F,,,,1827,AUG25,0,20,1994,wi
14410184,"Popic, Boris",BIH,M,,,,2024,AUG25,0,20,1980,i
14403030,"Popovic, Darko",BIH,M,,,,2126,AUG25,0,20,1986,
14405024,"Popovic, Emir",BIH,M,,,,1909,AUG25,0,20,1991,i
14402319,"Popovic, Milenko",BIH,M,,,,1964,AUG25,0,40,1944,i
14410095,"Popovic, Samir",BIH,M,,,,1767,AUG25,0,40,1971,i
909017,"Popovic, Zoran",BIH,M,FM,,,2235,AUG25,0,20,1964,
14411970,"Poprzen, Miroslav A",BIH,M,,,,1988,AUG25,0,40,1951,
14410265,"Pozegic, Semso",BIH,M,,,,1920,AUG25,0,40,1999,i
14440814,"Pralica, Rade",BIH,M,,,,ACM,AUG25,1845,0,1972,i
14413035,"Pranjic, Josip",BIH,M,,,,1860,AUG25,0,40,1944,i
14415690,"Pranjkovic, Matija",BIH,M,,,,1653,AUG25,6,40,1997,
924164,"Prastalo, Borislav",BIH,M,FM,,,2213,AUG25,0,20,1957,
930849,"Predojevic, Borki",BIH,M,GM,FT,,2565,AUG25,0,10,1987,
14412969,"Pripoljac, Samir",BIH,M,,,,1654,AUG25,0,40,1984,i
14419114,"Prskalo, Dragan",BIH,M,,,,1612,AUG25,0,40,1966,i
14407914,"Prskalo, Vladislav",BIH,M,,,,1973,AUG25,0,20,1942,i
905445,"Puric, Nenad",BIH,M,FM,,,2204,AUG25,0,20,1968,i
14409739,"Pusara, Ostoja",BIH,M,,,,1952,AUG25,0,40,1944,i
14414520,"Radaca, Nasir",BIH,M,,,,1945,AUG25,0,40,2007,
14437783,"Radanovic, Sergej",BIH,M,,,,1945,AUG25,0,40,2006,
14411369,"Radeljic-Jakic, Zdravko",BIH,M,,,,2026,AUG25,0,40,1995,
14401770,"Radic, Bojan",BIH,M,,,,2234,AUG25,0,20,1986,i
14406454,"Radmilovic, Aldin",BIH,M,,,,1921,AUG25,0,40,1996,i
921157,"Radovanovic, Milan",BIH,M,,,,1875,AUG25,0,20,1956,
14441870,"Radovanovic, Ostoja",BIH,M,,,,1897,AUG25,0,40,1970,
14402335,"Radulovic, Drazen",BIH,M,,,,2208,AUG25,0,20,1981,
14417731,"Radulovic, Jagos",BIH,M,,,,1890,AUG25,0,40,1942,i
14405440,"Rahmanovic, Mesan",BIH,M,,,,1945,AUG25,0,20,1951,i
14419351,"Rajic, Ana",BIH,F,,,,1685,AUG25,0,40,2002,wi
14424886,"Rajic, Dario",BIH,M,,,,1909,AUG25,0,40,1981,i
14407574,"Rajic, Darko",BIH,M,,,,1970,AUG25,0,40,1972,i
14411377,"Rajic, Ivan",BIH,M,,,,2149,AUG25,0,20,1998,
14413639,"Rakita, Jandrija",BIH,M,,,,1684,AUG25,0,20,1954,
14403056,"Ramdedovic, Delija",BIH,M,,,,1911,AUG25,0,20,1959,
14402432,"Ramic, Mirnes",BIH,M,,,,2032,AUG25,0,20,1988,
14407922,"Ramic, Ramiz",BIH,M,,,,1720,AUG25,0,40,1948,i
14416204,"Ramic, Sead",BIH,M,,,,1800,AUG25,0,40,1962,i
14413264,"Ramljak, Slaven",BIH,M,,,,1760,AUG25,0,40,2001,i
14411393,"Raos, Josip",BIH,M,,,,1912,AUG25,0,40,1950,
14408015,"Rasevic, Srdjan",BIH,M,,,,2226,AUG25,0,40,1970,i
14400286,"Rasidovic, Sead",BIH,M,FM,,,2206,AUG25,0,20,1956,i
14405032,"Redzepi, Mehmedalija",BIH,M,,,,1900,AUG25,0,20,1957,i
14407728,"Redzic, Dzemal",BIH,M,,,,1963,AUG25,0,20,1975,
14419513,"Redzic, Mustafa",BIH,M,,,,1792,AUG25,0,20,1947,i
14416310,"Reljic, Stefan",BIH,M,,,,1914,AUG25,0,40,1994,i
14423359,"Residbegovic, Davud",BIH,M,,,,1578,AUG25,0,40,2007,i
14400766,"Ribic, Kasmir",BIH,M,FM,,,2204,AUG25,0,20,1959,
14404524,"Rizvanovic, Ismet",BIH,M,,,,2169,AUG25,0,40,1961,i
14413175,"Robovic, Muharem",BIH,M,,,,1930,AUG25,0,40,1953,
14400251,"Robovic, Saudin",BIH,M,IM,,,2357,AUG25,0,10,1966,i
14401983,"Robovic, Sead",BIH,M,,,,2095,AUG25,0,40,1978,i
14400448,"Rodic-Kures, Gordana",BIH,F,,,,2029,AUG25,0,20,1941,wi
14402602,"Rogovic, Ismet",BIH,M,,,,1971,AUG25,0,20,1962,i
14421224,"Rokvic, Nikola",BIH,M,,,,1906,AUG25,0,40,1984,i
14402289,"Rosic, Slavko",BIH,M,,,,1975,AUG25,0,40,1968,i
922927,"Rosic, Slavko S",BIH,M,FM,,,2164,AUG25,0,20,1952,
14401410,"Runic, Zoran",BIH,M,IM,NA,,2167,AUG25,0,10,1970,
14433176,"Ruzicic, Zoran",BIH,M,,,,1946,AUG25,0,40,1966,i
14406667,"Ruznic, Ramiz",BIH,M,,,,1989,AUG25,0,20,1961,i
14411067,"Sabanagic, Mirza",BIH,M,,,,1769,AUG25,0,40,1998,i
14428946,"Sabanovic, Admir",BIH,M,,,,AIM,AUG25,1907,0,1994,
14408074,"Sabic, Kerim",BIH,M,,,,1567,AUG25,0,40,2003,i
14411776,"Sabic, Medin",BIH,M,,,,AFM,AUG25,1846,0,1997,i
14403838,"Sabic, Muris",BIH,M,,,,1966,AUG25,0,20,1955,i
14402173,"Sadikovic, Jasmin",BIH,M,,,,2055,AUG25,0,20,1972,
14431416,"Sadikovic, Vedad",BIH,M,,,,1763,AUG25,0,40,2008,i
14413523,"Sahinovic, Sejad",BIH,M,,,,1913,AUG25,0,40,1966,
14417421,"Sahman, Djemal",BIH,M,,,,1762,AUG25,0,40,1959,i
14412870,"Sajin, Mirko",BIH,M,FM,,,2179,AUG25,9,20,2007,
14412730,"Sajin, Mladen",BIH,M,,,,1942,AUG25,0,20,1982,i
14406675,"Sakanovic, Samir",BIH,M,,,,1905,AUG25,0,40,1968,i
14413566,"Sakic, Dino",BIH,M,,,,1908,AUG25,0,40,1997,i
14406535,"Salibasic, Damir",BIH,M,,,,1899,AUG25,0,20,1987,
14406292,"Salibasic, Ibrahim",BIH,M,,,,1911,AUG25,0,20,1964,
14439719,"Salihbegovic, Danin",BIH,M,,,,1578,AUG25,6,40,2015,
14403285,"Salihbegovic, Edim",BIH,M,,,,2033,AUG25,0,20,1982,
14403846,"Salihovic, Amar",BIH,M,FM,,,2311,AUG25,0,20,1990,i
14415810,"Salimovic, Belmin",BIH,M,,,,1786,AUG25,0,40,2002,i
14422085,"Salkic, Esad",BIH,M,,,,1858,AUG25,0,40,1974,i
14400588,"Salkic, Fikret",BIH,M,,,,2143,AUG25,0,20,1968,i
14401959,"Salkic, Izet",BIH,M,,,,1907,AUG25,0,20,1953,i
14408945,"Salkic, Mahir",BIH,M,,,,2192,AUG25,0,20,1998,
14406721,"Salkic, Midhat",BIH,M,,,,2089,AUG25,0,20,1994,
14424436,"Salkovic, Safet",BIH,M,,,,1645,AUG25,0,40,1962,i
14401177,"Santic, Berislav",BIH,M,,,,2228,AUG25,0,20,1970,i
14408333,"Santic, Damjan",BIH,M,,,,1822,AUG25,0,20,1941,i
14412624,"Sarajlic, Zlatko",BIH,M,,,,1858,AUG25,0,40,1971,
14437503,"Saravanja, Ante A",BIH,M,,,,1666,AUG25,0,20,1972,
14436493,"Sarcevic, Lazar",BIH,M,,,,1744,AUG25,0,40,2009,
14401290,"Saric, Ibro",BIH,M,GM,,,2514,AUG25,0,10,1982,
914932,"Savanovic, Aleksandar",BIH,M,IM,,,2357,AUG25,9,10,1973,
14415313,"Savanovic, Maksim",BIH,M,,,,2140,AUG25,0,20,2005,i
14423324,"Savic, Milorad",BIH,M,,,,1914,AUG25,0,20,1968,
14422581,"Savic, Predrag A",BIH,M,,,,1739,AUG25,0,40,2003,i
14400944,"Sejdic, Enis",BIH,M,,,,2145,AUG25,0,20,1956,i
14401967,"Sejmenovic, Senad",BIH,M,,,,1833,AUG25,0,40,1963,i
14411520,"Sekulic, Gojko",BIH,M,,,,2148,AUG25,0,40,1970,i
904317,"Sekulic, Vlatko",BIH,M,FM,,,2309,AUG25,0,20,1963,i
14407949,"Selimovic, Amir",BIH,M,,,,1949,AUG25,0,20,1981,
14404133,"Selimovic, Mahir",BIH,M,,,,1960,AUG25,0,20,1976,i
14405989,"Selimovic, Sakib",BIH,M,,,,1939,AUG25,0,40,1946,i
14416212,"Senjak, Marko",BIH,M,,,,1987,AUG25,0,40,2002,i
14407590,"Sesar, Dario",BIH,M,,,,2040,AUG25,0,20,1996,i
14407604,"Sesar, Ivan",BIH,M,,,,2123,AUG25,9,20,1997,
14402505,"Seslija, Zoran",BIH,M,,,,2066,AUG25,0,20,1959,i
14415682,"Sestic, Nedim",BIH,M,,,,1792,AUG25,0,20,2002,i
14405458,"Sestic, Nermin",BIH,M,,,,2039,AUG25,0,20,1965,
14422417,"Sestic, Vedad",BIH,M,,,,1963,AUG25,0,40,1967,i
14413272,"Setka, Mladen",BIH,M,,,,1832,AUG25,0,40,1939,i
901563,"Sibarevic, Milenko",BIH,M,IM,,,2250,AUG25,0,10,1945,i
14431424,"Sibincic, Nikola",BIH,M,,,,1898,AUG25,0,40,2011,
14408341,"Sicaja, Ivan",BIH,M,,,,1804,AUG25,0,40,1997,i
14406586,"Sikiric, Halid",BIH,M,,,,1903,AUG25,0,40,1946,i
14409372,"Sikman, Drago",BIH,M,,,,1965,AUG25,0,20,1963,
14405040,"Silajdzic, Haris",BIH,M,,,,1745,AUG25,0,40,1994,i
14418932,"Siljegovic, Dario",BIH,M,,,,2022,AUG25,0,40,2004,i
14421062,"Siljegovic, Nadina",BIH,F,,,,1550,AUG25,0,40,2008,wi
14410648,"Simeunovic, Zoran",BIH,M,,,,1827,AUG25,0,40,1973,i
14406403,"Simic, Aleksandar",BIH,M,,,,2300,AUG25,0,20,1975,
14406900,"Simic, Dragan",BIH,M,,,,1713,AUG25,0,40,2000,i
14413094,"Simic, Dragica",BIH,F,,,,1539,AUG25,0,40,2003,wi
14409933,"Simic, Josip",BIH,M,,,,1829,AUG25,0,40,1970,i
14409070,"Simic, Marko L",BIH,M,,,,1980,AUG25,0,20,1961,
929328,"Simic, Zeljko",BIH,M,FM,,,2272,AUG25,0,20,1980,
14401690,"Simunovic, Bozidar",BIH,M,,,,2218,AUG25,0,40,1954,i
14417570,"Sinanovic, Amir",BIH,M,,,,1759,AUG25,0,40,1965,
14408953,"Sinanovic, Ermin",BIH,M,,,,2125,AUG25,0,20,1999,
14401975,"Sinanovic, Fadil",BIH,M,,,,1929,AUG25,0,40,1959,i
14400553,"Sinanovic, Muhamed",BIH,M,IM,,,2283,AUG25,0,10,1961,
14406861,"Sisic, Enes",BIH,M,,,,1959,AUG25,0,40,1959,i
14419530,"Sisic, Muhamed",BIH,M,,,,2214,AUG25,9,40,2007,
14403854,"Sitnic, Adnan",BIH,M,CM,,,2058,AUG25,0,20,1992,
14403862,"Sitnic, Ahmed",BIH,M,,,,1920,AUG25,0,40,1995,i
14419882,"Skobic, Spasoja",BIH,M,,,,1803,AUG25,0,40,1955,i
14438348,"Skocajic, Aljosa",BIH,M,,,,1902,AUG25,0,40,1991,i
14418940,"Skula, Lejla",BIH,F,,,,1731,AUG25,0,40,2005,wi
14418959,"Skula, Tarik",BIH,M,,,,1704,AUG25,0,40,2007,i
14429233,"Sladoje, Mitar",BIH,M,,,,1743,AUG25,0,40,1981,
941581,"Slijepcevic, Ranka",BIH,F,,,,1916,AUG25,0,20,1989,wi
14407639,"Slisko, Ilija",BIH,M,,,,1788,AUG25,0,40,1978,
14439301,"Sljuka, Lazar",BIH,M,,,,1693,AUG25,0,40,2011,
14400642,"Smailkadic, Nadir",BIH,M,,,,2122,AUG25,0,20,1967,i
14421100,"Smajic, Ervin",BIH,M,,,,1776,AUG25,0,20,1985,
14426404,"Smajlovic, Aldin",BIH,M,,,,1594,AUG25,0,40,2009,i
14400804,"Smajlovic, Lejla",BIH,F,,,,2042,AUG25,0,20,1978,wi
14421070,"Smajlovic, Naida",BIH,F,,,,1743,AUG25,0,40,2007,wi
14402009,"Smajlovic, Nijaz",BIH,M,,,,2011,AUG25,0,20,1969,
14410664,"Smajlovic, Samir",BIH,M,,,,1868,AUG25,0,40,1964,i
14410737,"Smaka, Faruk",BIH,M,,,,1888,AUG25,0,20,1958,i
14406950,"Softic, Husein",BIH,M,,,,1869,AUG25,0,40,2003,i
14404753,"Softic, Kasim",BIH,M,,,,1838,AUG25,0,20,1948,
14409275,"Softic, Mensud",BIH,M,,,,1836,AUG25,0,40,1983,
14400650,"Softic, Nusret",BIH,M,,,,1933,AUG25,0,20,1960,i
14406594,"Soko, Miroslav",BIH,M,,,,2116,AUG25,0,20,1976,i
14402351,"Solaja, Veljko",BIH,M,,,,1917,AUG25,0,20,1959,i
14418622,"Solakovic, Vuk",BIH,M,,,,1719,AUG25,0,40,2009,i
14402378,"Soprenic, Momcilo",BIH,M,,,,1900,AUG25,0,40,1946,
14407647,"Sose, Zelimir",BIH,M,,,,1915,AUG25,0,40,1952,i
14403870,"Spaho, Samir",BIH,M,,,,2064,AUG25,0,20,1964,
934356,"Spasenovic, Zoran",BIH,M,,,,2077,AUG25,0,20,1970,
14410745,"Srdic, Milenko",BIH,M,,,,1889,AUG25,0,20,1956,i
14404630,"Srkalovic, Faruk",BIH,M,,,,1911,AUG25,0,40,1996,i
14435225,"Stanic, Sofija",BIH,F,,,,1584,AUG25,0,40,2012,w
14414562,"Stanisic, Tijana",BIH,F,,,,1440,AUG25,0,40,2006,wi
14403889,"Stanisic, Vlajko",BIH,M,,,,2030,AUG25,0,20,1977,
14409763,"Stankic, Anastasija",BIH,F,,,,1639,AUG25,0,20,2005,wi
14411997,"Stankovic, Darko A",BIH,M,,,,1888,AUG25,0,40,1994,i
14408740,"Stankovic, Dragan",BIH,M,,,,2158,AUG25,0,20,2002,
14412160,"Stanojevic, Milorad",BIH,M,,,,1906,AUG25,0,40,1951,i
14400707,"Stanojevic, Stanimir",BIH,M,,,,1975,AUG25,0,20,1960,
14405253,"Starcevic, Najdan",BIH,M,,,,1946,AUG25,0,20,1986,
932027,"Stavnjak, Lazar",BIH,M,FM,,,2138,AUG25,0,20,1958,
14403749,"Stevanovic, Petra",BIH,F,,,,1861,AUG25,0,40,1971,wi
14402610,"Stjepanovic, Dusko",BIH,M,,,,2027,AUG25,0,20,1948,i
922692,"Stojanovic, Dalibor",BIH,M,GM,FT,,2434,AUG25,0,10,1983,
902969,"Stojanovic, Dobrisav",BIH,M,FM,,,2335,AUG25,0,20,1955,i
14405083,"Stojanovic, Momcilo",BIH,M,,,,1979,AUG25,0,20,1957,i
921190,"Stojanovic, Vlado",BIH,M,,,,1959,AUG25,0,20,1958,i
14402513,"Strinic, Halid",BIH,M,,,,2095,AUG25,0,20,1952,
14412284,"Strinic, Hamdija",BIH,M,,,,1809,AUG25,0,20,1950,
14407655,"Strkalj, Stipo",BIH,M,,,,1877,AUG25,0,40,1956,
14412411,"Strugar, Dragos",BIH,M,,,,1905,AUG25,0,40,1998,i
14414554,"Subotic, Vladimir",BIH,M,,,,1965,AUG25,0,40,1981,i
14435187,"Sukalo, Dobrica",BIH,M,,,,1592,AUG25,0,40,2009,
14401088,"Suljic, Fadil",BIH,M,,,,2220,AUG25,0,40,1951,i
14404354,"Susic, Nihad",BIH,M,,IA,,ACM,AUG25,1941,0,1984,i
14434873,"Susic, Sefik",BIH,M,,,,1966,AUG25,0,40,1948,i
14435942,"Susic, Suad",BIH,M,,,,1978,AUG25,0,40,1973,i
14402203,"Suta, Adil",BIH,M,,,,2055,AUG25,0,20,1979,i
14402424,"Sutkovic, Adnan",BIH,M,,,,2040,AUG25,0,20,1975,i
14400820,"Sutkovic, Damir",BIH,M,IM,,,2289,AUG25,0,10,1978,
14416450,"Sutonja, Srecko",BIH,M,,,,2043,AUG25,0,20,1966,i
928950,"Suvajac, Marinko",BIH,M,,,,2247,AUG25,0,40,1967,i
14404532,"Tahirovic, Adnan",BIH,M,,,,1984,AUG25,0,20,1976,i
14401371,"Tajic, Zlatan",BIH,M,,,,2113,AUG25,0,40,1953,i
912050,"Talic, Miro",BIH,M,,,,2131,AUG25,0,20,1952,i
14431106,"Tanaskovic, David",BIH,M,,,,1862,AUG25,0,40,2006,
14412861,"Tatarevic, Adin",BIH,M,,,,2097,AUG25,0,20,1984,
14419467,"Tekac, Jusuf",BIH,M,,,,1788,AUG25,0,40,1947,i
14440784,"Telalovic, Denis",BIH,M,,,,1639,AUG25,0,40,1987,
14439727,"Telalovic, Nedim",BIH,M,,,,1566,AUG25,0,40,2015,
14415208,"Tepic, Cedo",BIH,M,,,,1823,AUG25,0,40,1964,
14410044,"Terzic, Enes",BIH,M,,,,1845,AUG25,0,40,1979,i
14400359,"Terzic, Ilijas",BIH,M,FM,,,2042,AUG25,0,20,1956,i
14400189,"Terzic, Safet",BIH,M,FM,,,2200,AUG25,0,20,1943,i
14412004,"Tesic, Slobodan",BIH,M,,,,1986,AUG25,0,40,1947,i
14411784,"Tica, Ekrem",BIH,M,,,,1777,AUG25,0,40,1970,i
14412187,"Todorovic, Rado",BIH,M,,,,1909,AUG25,0,40,1963,i
14418177,"Todorovic, Simo",BIH,M,,,,1473,AUG25,0,40,2002,i
14437791,"Tokanovic, Miroslav",BIH,M,,,,1744,AUG25,0,40,1989,i
14401401,"Tomic, Bosko",BIH,M,IM,,,2420,AUG25,0,10,1983,
919918,"Tomic, Branko",BIH,M,,FI,,2208,AUG25,0,40,1965,i
14411440,"Tomic, Branko",BIH,M,,,,1913,AUG25,0,40,1980,i
14406330,"Tomic, Jelena",BIH,F,,,,1937,AUG25,0,20,2001,w
14412942,"Tomic, Krizan",BIH,M,,,,2019,AUG25,0,40,1991,i
14404249,"Tomic, Milanka",BIH,F,,,,1895,AUG25,0,20,1996,w
14427281,"Tomic, Miroslav",BIH,M,,,,1829,AUG25,0,40,1967,i
14409399,"Tomic, Mladen",BIH,M,,,,1945,AUG25,0,40,1947,i
14438038,"Tomic, Pavle A",BIH,M,,,,1494,AUG25,6,40,2016,
14423049,"Tomic, Tadija",BIH,M,,,,1917,AUG25,0,40,1948,i
14400898,"Tomic, Tomislav",BIH,M,,,,2082,AUG25,0,40,1960,i
14406926,"Tomic, Vladanka",BIH,F,,,,1854,AUG25,0,20,2000,wi
14412667,"Tomic, Zeljko",BIH,M,,,,1835,AUG25,0,20,1963,
14428679,"Tomicic, Franko",BIH,M,,,,1890,AUG25,0,40,2006,i
921718,"Tonkovic, Robert",BIH,M,,,,2129,AUG25,0,20,1974,
14412934,"Topalovic, Dejan",BIH,M,,,,1828,AUG25,0,40,1979,i
14404591,"Topic, Aja",BIH,F,,,,2034,AUG25,0,40,1998,wi
14404605,"Topic, Ajla",BIH,F,,,,1825,AUG25,0,20,1995,wi
14405407,"Topic, Ajna",BIH,F,,,,1873,AUG25,0,40,1995,wi
921173,"Topic, Dragan",BIH,M,,,,2207,AUG25,0,20,1967,i
14406128,"Topic, Ena",BIH,F,,,,1941,AUG25,0,40,2000,wi
14409488,"Topic, Izet",BIH,M,,,,1974,AUG25,0,40,1960,i
14418240,"Topoljak, Mehmed",BIH,M,,,,1955,AUG25,0,40,2008,
14402017,"Trkulja, Dusko",BIH,M,,,,2187,AUG25,0,20,1963,i
14401053,"Trkulja, Goran",BIH,M,IM,FT,,2255,AUG25,0,10,1969,
14412977,"Trkulja, Sinisa",BIH,M,,,,1741,AUG25,0,40,1998,i
14403102,"Trograncic, Davor",BIH,M,,,,2018,AUG25,0,20,1961,i
14411458,"Trogrlic, Andjelko",BIH,M,,,,1964,AUG25,0,20,1972,
14413434,"Trumic, Admir",BIH,M,,,,1791,AUG25,0,40,1989,i
14401070,"Trumic, Enes",BIH,M,,,,2186,AUG25,0,20,1964,
14403110,"Tucakovic, Mario",BIH,M,,,,2180,AUG25,0,20,1989,i
14419548,"Tufekcic, Refik",BIH,M,,,,1732,AUG25,0,40,1953,i
14410362,"Tutic, Amina",BIH,F,,,,1639,AUG25,0,20,2001,wi
14400871,"Tutic, Resad",BIH,M,FM,,,2247,AUG25,0,20,1965,
14410281,"Unkic, Mesud",BIH,M,,,,1890,AUG25,0,20,1964,
14402750,"Urosevic, Aleksandar",BIH,M,,,,2238,AUG25,0,20,1979,i
14405059,"Usanovic, Mevsud",BIH,M,,,,2107,AUG25,0,40,1974,i
14402890,"Vajic, Goran",BIH,M,FM,,,2293,AUG25,0,20,1990,
14406349,"Vajic, Mladenko",BIH,M,,,,2050,AUG25,0,40,1964,i
14438046,"Vasic, Milos",BIH,M,,,,1483,AUG25,0,40,2016,
14420058,"Vego, Ana Marija",BIH,F,,,,1746,AUG25,0,40,1999,w
14406225,"Vego, Nikica",BIH,M,,,,2130,AUG25,0,20,1958,
14412241,"Veladzic, Ernad",BIH,M,,,,1936,AUG25,0,40,1982,i
14413647,"veljacic, elvis",BIH,M,,,,1941,AUG25,0,40,1978,i
14417090,"Vidic, Radomir",BIH,M,,,,1962,AUG25,0,40,1999,
14414600,"Vidovic, Djordje",BIH,M,,,,1945,AUG25,0,40,1972,i
14411466,"Vojinovic, Ivica",BIH,M,,,,1996,AUG25,0,40,1938,i
14414899,"Vrce, Anes",BIH,M,,,,1799,AUG25,0,40,2001,i
14413540,"Vujic, Milorad",BIH,M,,,,1876,AUG25,0,40,1959,i
14406462,"Vujica, Boro",BIH,M,,,,1899,AUG25,0,20,1973,
14407671,"Vujica, Branislav",BIH,M,,,,1813,AUG25,0,40,1960,
14407680,"Vujica, Marinko",BIH,M,,,,2062,AUG25,0,20,1958,
14406039,"Vujicic, Dragisa",BIH,M,,,,1898,AUG25,0,20,1967,
14403374,"Vukadin, Toni",BIH,M,,,,1929,AUG25,0,40,1984,i
14416840,"Vukelja, Mihael",BIH,M,,,,1818,AUG25,0,40,2007,i
14406977,"Vukic, Katarina",BIH,F,,,,1849,AUG25,0,40,1992,wi
900273,"Vukic, Milan",BIH,M,GM,,,2324,AUG25,0,10,1942,
14430037,"Vukoje, Marija",BIH,F,,,,1579,AUG25,0,40,2012,w
14425955,"Vukovic, Mile",BIH,M,,,,1936,AUG25,0,20,1952,
14418010,"Vukovic, Sara",BIH,F,,,,1768,AUG25,0,40,2008,w
14400669,"Zacinovic, Alija",BIH,M,,,,2053,AUG25,0,20,1977,
14412985,"Zahirovic, Bego",BIH,M,,,,1877,AUG25,0,40,1956,i
14436515,"Zaid, Ensar",BIH,M,,,,1996,AUG25,0,40,2008,
14412810,"Zakic, Marijo",BIH,M,,,,1853,AUG25,0,40,1976,i
14404583,"Zdilar, Emilija",BIH,F,,,,1839,AUG25,0,20,1994,wi
14417596,"Zecic, Emir",BIH,M,,,,1599,AUG25,0,40,1979,i
14409526,"Zecirevic, Bahrudin",BIH,M,,,,1926,AUG25,0,40,1978,i
14405610,"Zekic, Sead",BIH,M,,,,1954,AUG25,0,40,1968,
14408392,"Zekusic, Miroslav",BIH,M,,,,1962,AUG25,0,20,1945,i
14403196,"Zelenika, Ivan",BIH,M,,,,1752,AUG25,0,40,1954,i
14409208,"Zenelaj, Fisnik",BIH,M,,,,1970,AUG25,0,20,1977,i
4701631,"Zenelaj, Samuel",BIH,M,FM,,,2230,AUG25,0,20,2003,
14413809,"Zenelaj, Xhonatan",BIH,M,,,,1759,AUG25,0,40,2007,i
14400901,"Zerdo, Mirza",BIH,M,,,,2095,AUG25,0,20,1981,
14403447,"Zidansek, Bojan",BIH,M,,,,1808,AUG25,0,40,1944,
14400308,"Zildzic, Kenan",BIH,M,FM,,,2143,AUG25,0,20,1948,i
14420864,"Zirojevic, Sasa",BIH,M,,,,1948,AUG25,0,40,1992,i
14437813,"Zivanovic, Milorad",BIH,M,,,,1917,AUG25,0,40,1989,i
14436523,"Zivkovic, Gabriel",BIH,M,,,,1543,AUG25,0,40,2010,i
14412233,"Zlatarevic, Ivan",BIH,M,,,,1990,AUG25,0,20,1984,
14413280,"Znahor, Bojan",BIH,M,,,,1984,AUG25,0,20,1979,
14404494,"Zoric, Brane",BIH,M,,,,2057,AUG25,0,40,1967,i
14402998,"Zuko, Rasim",BIH,M,,,,2048,AUG25,0,20,1952,i
14423464,"Zunic, Adi",BIH,M,,,,1705,AUG25,0,40,2007,i
14401738,"Zunic, Muzafer",BIH,M,,,,2051,AUG25,0,40,0,i
14429918,"Zunic, Sefik",BIH,M,,,,1856,AUG25,0,40,1954,i
14403048,"Zupcevic, Damir",BIH,M,,,,1989,AUG25,0,40,1977,i
14428423,"Zupcevic, Ermin",BIH,M,,,,1899,AUG25,0,40,1971,i
14402629,"Zupcevic, Nedim",BIH,M,,,,1996,AUG25,0,20,1966,i