[
  {
    "ID Number": "20702744"
  },
  {
    "ID Number": "20701209"
  },
  {
    "ID Number": "20701110"
  },
  {
    "ID Number": "20702787"
  },
  {
    "ID Number": "20701462"
  },
  {
    "ID Number": "20702868"
  },
  {
    "ID Number": "20700512"
  },
  {
    "ID Number": "20701020"
  },
  {
    "ID Number": "20700962"
  },
  {
    "ID Number": "20701217"
  },
  {
    "ID Number": "20700997"
  },
  {
    "ID Number": "20700202"
  },
  {
    "ID Number": "20702752"
  },
  {
    "ID Number": "20700237"
  },
  {
    "ID Number": "14318091"
  },
  {
    "ID Number": "20701098"
  },
  {
    "ID Number": "20702124"
  },
  {
    "ID Number": "20701071"
  },
  {
    "ID Number": "20700741"
  },
  {
    "ID Number": "20702949"
  },
  {
    "ID Number": "20700318"
  },
  {
    "ID Number": "20701810"
  },
  {
    "ID Number": "20700709"
  },
  {
    "ID Number": "20701268"
  },
  {
    "ID Number": "20700610"
  },
  {
    "ID Number": "20700245"
  },
  {
    "ID Number": "20700954"
  },
  {
    "ID Number": "20703147"
  },
  {
    "ID Number": "20702850"
  },
  {
    "ID Number": "20701675"
  },
  {
    "ID Number": "20701608"
  },
  {
    "ID Number": "20702116"
  },
  {
    "ID Number": "20703090"
  },
  {
    "ID Number": "20700393"
  },
  {
    "ID Number": "20702426"
  },
  {
    "ID Number": "20700040"
  },
  {
    "ID Number": "20700113"
  },
  {
    "ID Number": "20702450"
  },
  {
    "ID Number": "20700121"
  },
  {
    "ID Number": "20701438"
  },
  {
    "ID Number": "20701977"
  },
  {
    "ID Number": "20702590"
  },
  {
    "ID Number": "20702256"
  },
  {
    "ID Number": "20700369"
  },
  {
    "ID Number": "20702604"
  },
  {
    "ID Number": "20702442"
  },
  {
    "ID Number": "20700350"
  },
  {
    "ID Number": "20702620"
  },
  {
    "ID Number": "20700164"
  },
  {
    "ID Number": "20701730"
  },
  {
    "ID Number": "20701861"
  },
  {
    "ID Number": "20700270"
  },
  {
    "ID Number": "20702833"
  },
  {
    "ID Number": "20700059"
  },
  {
    "ID Number": "20700261"
  },
  {
    "ID Number": "20702817"
  },
  {
    "ID Number": "20703244"
  },
  {
    "ID Number": "20701381"
  },
  {
    "ID Number": "20701179"
  },
  {
    "ID Number": "20701152"
  },
  {
    "ID Number": "20700130"
  },
  {
    "ID Number": "20702485"
  },
  {
    "ID Number": "20702388"
  },
  {
    "ID Number": "20700253"
  },
  {
    "ID Number": "345279188"
  },
  {
    "ID Number": "20702396"
  },
  {
    "ID Number": "20701160"
  },
  {
    "ID Number": "20700105"
  },
  {
    "ID Number": "20702086"
  },
  {
    "ID Number": "20700431"
  },
  {
    "ID Number": "20703058"
  },
  {
    "ID Number": "20700750"
  },
  {
    "ID Number": "20701411"
  },
  {
    "ID Number": "20700784"
  },
  {
    "ID Number": "20700814"
  },
  {
    "ID Number": "20702094"
  },
  {
    "ID Number": "20700440"
  },
  {
    "ID Number": "20700881"
  },
  {
    "ID Number": "20700210"
  },
  {
    "ID Number": "20700865"
  },
  {
    "ID Number": "20701950"
  },
  {
    "ID Number": "20703120"
  },
  {
    "ID Number": "20700679"
  },
  {
    "ID Number": "20700717"
  },
  {
    "ID Number": "20701756"
  },
  {
    "ID Number": "20702345"
  },
  {
    "ID Number": "20702434"
  },
  {
    "ID Number": "20701705"
  }
]