[
  {
    "ID Number": "235000120",
    "Name": "Callister, Gavin Andrew",
    "Fed": "IOM",
    "Sex": "M",
    "Title": "",
    "WTit": "",
    "OTit": "",
    "FOA": "1744",
    "Rating": "AUG25",
    "Gms": "0",
    "K": "40",
    "B-day": "1990",
    "Flag": ""
  },
  {
    "ID Number": "451819",
    "Name": "Costello, John",
    "Fed": "IOM",
    "Sex": "M",
    "Title": "",
    "WTit": "",
    "OTit": "",
    "FOA": "1820",
    "Rating": "AUG25",
    "Gms": "0",
    "K": "20",
    "B-day": "1966",
    "Flag": ""
  },
  {
    "ID Number": "403270",
    "Name": "Fabri, Henrik",
    "Fed": "IOM",
    "Sex": "M",
    "Title": "",
    "WTit": "",
    "OTit": "",
    "FOA": "1968",
    "Rating": "AUG25",
    "Gms": "0",
    "K": "20",
    "B-day": "1965",
    "Flag": ""
  },
  {
    "ID Number": "448885",
    "Name": "Gumireddy, Sanjay",
    "Fed": "IOM",
    "Sex": "M",
    "Title": "",
    "WTit": "",
    "OTit": "",
    "FOA": "1891",
    "Rating": "AUG25",
    "Gms": "0",
    "K": "20",
    "B-day": "1977",
    "Flag": ""
  },
  {
    "ID Number": "235000112",
    "Name": "Harkort, Yannik",
    "Fed": "IOM",
    "Sex": "M",
    "Title": "",
    "WTit": "",
    "OTit": "",
    "FOA": "1678",
    "Rating": "AUG25",
    "Gms": "0",
    "K": "40",
    "B-day": "2014",
    "Flag": ""
  },
  {
    "ID Number": "449008",
    "Name": "Jackson, Antony",
    "Fed": "IOM",
    "Sex": "M",
    "Title": "",
    "WTit": "",
    "OTit": "",
    "FOA": "1643",
    "Rating": "AUG25",
    "Gms": "0",
    "K": "20",
    "B-day": "1969",
    "Flag": ""
  },
  {
    "ID Number": "448940",
    "Name": "Miah, Zahed",
    "Fed": "IOM",
    "Sex": "M",
    "Title": "",
    "WTit": "NA",
    "OTit": "",
    "FOA": "1828",
    "Rating": "AUG25",
    "Gms": "0",
    "K": "20",
    "B-day": "1982",
    "Flag": ""
  },
  {
    "ID Number": "403407",
    "Name": "Ormsby, Alan",
    "Fed": "IOM",
    "Sex": "M",
    "Title": "",
    "WTit": "NA",
    "OTit": "",
    "FOA": "1866",
    "Rating": "AUG25",
    "Gms": "0",
    "K": "20",
    "B-day": "1968",
    "Flag": ""
  },
  {
    "ID Number": "444260",
    "Name": "Sipos, Silvester",
    "Fed": "IOM",
    "Sex": "M",
    "Title": "",
    "WTit": "",
    "OTit": "",
    "FOA": "AFM",
    "Rating": "AUG25",
    "Gms": "1973",
    "K": "0",
    "B-day": "1980",
    "Flag": ""
  },
  {
    "ID Number": "418218",
    "Name": "Smith, Paul",
    "Fed": "IOM",
    "Sex": "M",
    "Title": "",
    "WTit": "",
    "OTit": "",
    "FOA": "1814",
    "Rating": "AUG25",
    "Gms": "0",
    "K": "20",
    "B-day": "1948",
    "Flag": ""
  },
  {
    "ID Number": "474673",
    "Name": "Talas, Sandor",
    "Fed": "IOM",
    "Sex": "M",
    "Title": "",
    "WTit": "",
    "OTit": "",
    "FOA": "1718",
    "Rating": "AUG25",
    "Gms": "0",
    "K": "40",
    "B-day": "1964",
    "Flag": ""
  },
  {
    "ID Number": "2808617",
    "Name": "Towers, Brian",
    "Fed": "IOM",
    "Sex": "M",
    "Title": "",
    "WTit": "",
    "OTit": "",
    "FOA": "1857",
    "Rating": "AUG25",
    "Gms": "0",
    "K": "20",
    "B-day": "1956",
    "Flag": "i"
  },
  {
    "ID Number": "235000023",
    "Name": "Watkinson, Colin",
    "Fed": "IOM",
    "Sex": "M",
    "Title": "",
    "WTit": "NA",
    "OTit": "",
    "FOA": "1719",
    "Rating": "AUG25",
    "Gms": "0",
    "K": "40",
    "B-day": "1979",
    "Flag": ""
  },
  {
    "ID Number": "448923",
    "Name": "Woodard, Brian",
    "Fed": "IOM",
    "Sex": "M",
    "Title": "",
    "WTit": "NA",
    "OTit": "",
    "FOA": "1782",
    "Rating": "AUG25",
    "Gms": "0",
    "K": "20",
    "B-day": "1964",
    "Flag": ""
  },
  {
    "ID Number": "411086",
    "Name": "Wu, Li",
    "Fed": "IOM",
    "Sex": "M",
    "Title": "FM",
    "WTit": "",
    "OTit": "",
    "FOA": "2289",
    "Rating": "AUG25",
    "Gms": "0",
    "K": "20",
    "B-day": "1989",
    "Flag": ""
  }
]