[
  {
    "ID Number": "235000120"
  },
  {
    "ID Number": "451819"
  },
  {
    "ID Number": "403270"
  },
  {
    "ID Number": "448885"
  },
  {
    "ID Number": "235000112"
  },
  {
    "ID Number": "449008"
  },
  {
    "ID Number": "448940"
  },
  {
    "ID Number": "403407"
  },
  {
    "ID Number": "444260"
  },
  {
    "ID Number": "418218"
  },
  {
    "ID Number": "474673"
  },
  {
    "ID Number": "2808617"
  },
  {
    "ID Number": "235000023"
  },
  {
    "ID Number": "448923"
  },
  {
    "ID Number": "411086"
  }
]