ID Number,Name,Fed,Sex,Title,WTit,OTit,Rating,Gms,K,RatingMonth,B-day,Flag
5507669,"Abassi, Adel",TUN,M,,,,1948,0,20,AUG25,1970,i
5511348,"Abbasi, Adel",TUN,M,,,,1876,0,20,AUG25,1975,i
5551757,Abbassi Adem,TUN,M,,,,1706,0,20,AUG25,2003,i
5502993,"Abbes , Tarek",TUN,M,,,,1855,0,20,AUG25,1955,i
5512913,Abbes Rached,TUN,M,,,,1815,0,20,AUG25,2001,i
5500222,"Abbes, Ali",TUN,M,CM,,,2103,0,20,AUG25,1973,i
5538939,"Abbes, Talel",TUN,M,,,,1717,0,20,AUG25,1994,i
5538386,"Abboud, Dorra",TUN,F,,,,1456,0,40,AUG25,2010,w
5529506,"Abdallah, Mohamed Khalil",TUN,M,CM,,,2024,0,40,AUG25,2009,
5530709,"Abdallah, Yara",TUN,F,,,,1640,0,40,AUG25,2014,w
5522013,"Abdaoui,Adnen",TUN,M,,,,1722,0,20,AUG25,1996,i
5522366,Abdelkefi Beya,TUN,F,,,,1453,0,40,AUG25,2009,w
5527333,Abdelmalek Marouane,TUN,M,,,,1938,0,20,AUG25,1974,
5503558,"Abdelmoumen, Ahmed",TUN,M,,,,1795,0,20,AUG25,1966,i
5542464,"Abdelwahed,Adel",TUN,M,,,,1743,0,20,AUG25,1972,
5542472,"Abdelwahed,Yacine",TUN,M,,,,1663,0,40,AUG25,2009,
5534054,"Abderrazak, Youssef",TUN,M,,,,1762,0,40,AUG25,2014,
5540577,"Abderrazek,Youssef",TUN,M,,,,1838,0,40,AUG25,2014,
5531152,"Abid, Abderahman",TUN,M,,,,1709,8,20,AUG25,2005,
5511364,"Abid, Nader",TUN,M,,,,1911,0,20,AUG25,1985,i
5509769,"Abida, Abderazek",TUN,M,,,,1675,0,20,AUG25,1961,
5518350,"Abidi,Anis",TUN,M,,,,1851,0,20,AUG25,1980,i
5523516,"Achouch,Rafael",TUN,M,,,,1564,0,20,AUG25,1985,i
5509262,ACHOUR Oussama,TUN,M,,,,1716,0,20,AUG25,2002,i
5531314,"Achour, Ahmed Aziz",TUN,M,,,,1556,0,40,AUG25,2012,
5501199,"Achour, Mahdi",TUN,M,,,,2034,0,20,AUG25,0,i
5512794,"Achour,Anis",TUN,M,,,,1744,0,20,AUG25,1968,i
5552893,"Achraf,Ben Kaabar",TUN,M,,,,1592,0,20,AUG25,1998,i
5554098,"Added, Nadhem",TUN,M,,,,1537,1,40,AUG25,2011,
5554101,"Adouani, Mohamed",TUN,M,,,,1627,0,20,AUG25,1995,
5531144,"Affene, Mokhtar",TUN,M,,,,1805,0,20,AUG25,2006,i
5517680,"Affi,Mohamed Aziz",TUN,M,,,,1470,0,20,AUG25,2005,i
5550980,"Aguir, Hamza",TUN,M,,,,1743,0,20,AUG25,2004,
5523559,Ahmed Dahmen,TUN,M,,,,1792,0,20,AUG25,1981,i
5514592,Ahmed Nizar,TUN,M,,,,1554,0,20,AUG25,1975,
5516080,Ajili Rayen,TUN,M,,SI,,1864,0,20,AUG25,2005,i
5533449,"Ajili, Issam",TUN,M,,,,1819,0,20,AUG25,1986,i
5517311,"Ajili,Khadija",TUN,F,,,,1470,0,20,AUG25,2005,wi
5536138,"Ajmi, Ahmed",TUN,M,,,,1792,0,20,AUG25,2004,i
5531497,"Ajmi, Mohamed Ali",TUN,M,,,,1724,0,20,AUG25,1974,i
5522978,"Ajmi,Ahmed",TUN,M,,,,1604,0,40,AUG25,2011,i
5547067,"Akermi,Louay",TUN,M,,,,1717,0,20,AUG25,2003,i
5507812,"Akrout, Mansour",TUN,M,,,,1723,0,20,AUG25,1970,i
5562678,"akrouti, nassim",TUN,M,,,,1632,0,20,AUG25,2002,
5538041,"Alaya, Mahmoud",TUN,M,,,,1677,6,20,AUG25,1981,
5523800,Ali Boubakri,TUN,M,,,,1696,0,20,AUG25,1971,i
5550092,"Alila,Amine",TUN,M,,,,1443,0,20,AUG25,1992,i
5505470,"Alimi, Kamel",TUN,M,,,,1914,0,20,AUG25,0,i
5538831,"Alouani, Ahmed",TUN,M,,,,1614,0,20,AUG25,2003,
5510643,"Aloui, Adel",TUN,M,,,,1731,0,20,AUG25,1970,i
5520509,"Aloui, Samir",TUN,M,,,,1762,0,20,AUG25,1987,i
5541298,"Aloui,Mohamed",TUN,M,,,,1707,0,20,AUG25,1976,i
5504864,"Aloulou, Mahmoud",TUN,M,,,,1852,0,20,AUG25,0,i
5552532,"Alter,Aymen",TUN,M,,,,1447,0,20,AUG25,2001,
5551773,Amara Ala,TUN,M,,,,1566,0,20,AUG25,2001,
5513600,Amdouni Amenallah,TUN,M,,,,1681,0,20,AUG25,2004,i
5500419,"Amdouni, Zoubaier",TUN,M,FM,,,2192,0,20,AUG25,1987,
5520886,"Ammar,Brahim",TUN,M,,,,1496,0,20,AUG25,2005,i
5548497,"Ammar,Mouadh",TUN,M,,,,1474,4,40,AUG25,2017,
5522153,"Ammous, Mahmoud",TUN,M,,,,1777,0,40,AUG25,2011,
5550777,"Amri,Mehdi",TUN,M,,,,1716,7,40,AUG25,2008,
5532639,"Anen, Mohamed",TUN,M,,,,1812,0,20,AUG25,1991,i
5561922,"Aouadi , Anis",TUN,M,,,,1642,0,20,AUG25,1981,
5535816,"Aouani, Bechir",TUN,M,,,,1664,0,20,AUG25,1972,i
5505674,"Aouina, Mondher",TUN,M,,,,1825,0,20,AUG25,1969,
5547156,"Aouina,Adem",TUN,M,,,,1776,7,20,AUG25,2006,
5507316,"Aouissi, Mohamed",TUN,M,,,,1872,0,20,AUG25,1972,
5521602,"Aouissi,Youssef",TUN,M,,,,1541,0,40,AUG25,2009,
5507146,"Ardhaoui, Mariam",TUN,F,,,,1468,0,20,AUG25,2005,wi
5509602,"Arfa, Khaled",TUN,M,,,,1865,0,20,AUG25,1964,i
5517524,"Arfaoui, Mohamed Amine",TUN,M,,,,1586,0,40,AUG25,2007,i
5514720,"Arfaoui, Mohamed Aziz",TUN,M,,,,1621,0,40,AUG25,2010,
5526450,"Arfaoui, Mohamed Yassine",TUN,M,,,,1493,0,40,AUG25,2015,
5518474,"Arfaoui,Fedi",TUN,M,,,,1779,0,20,AUG25,1997,i
5514711,"Arfaoui,Mohamed Amine",TUN,M,,,,1564,0,40,AUG25,2007,i
5549760,Aroua Oubey,TUN,M,,,,1509,0,40,AUG25,2011,
5502497,"Aroua, Ahmed",TUN,M,,,,1643,0,20,AUG25,0,i
5551781,Arrak Elyes,TUN,M,,,,1551,0,20,AUG25,2006,
5551005,"Arroum, El Motez bellah",TUN,M,,,,1639,7,40,AUG25,2013,
5538947,"Askri, Yassine",TUN,M,,,,1674,0,20,AUG25,1996,i
5501776,"Asri, Sofiane",TUN,M,,SI,,1980,0,20,AUG25,1969,
5512212,"Assiani, Habib",TUN,M,,,,1914,0,20,AUG25,1950,i
5502500,"Atia, Mohamed",TUN,M,,,,1858,0,20,AUG25,2001,i
5536154,"Atti, jamel",TUN,M,,,,1799,0,20,AUG25,1961,i
5531969,"Attia, Yahia",TUN,M,,,,1547,0,40,AUG25,2007,
5551013,"Ayachi, Iyed",TUN,M,,,,1766,15,20,AUG25,2005,
5514606,Ayadi Mohamed Chaouki,TUN,M,,NA,,1790,0,20,AUG25,1994,
5551021,"Ayadi, Ahmed",TUN,M,,,,1732,7,20,AUG25,1997,
5544947,"Ayadi,Mehdi",TUN,M,,,,ACM,1509,0,AUG25,2010,
5555582,"Ayadi,Tayem",TUN,M,,,,1589,0,40,AUG25,2010,
5522005,"Ayari,Badis",TUN,M,,,,1451,0,20,AUG25,1996,i
5537991,"Aydi, Kamel",TUN,M,,,,1584,0,20,AUG25,1971,i
5512077,Ayed Mohamed,TUN,M,,,,1686,0,20,AUG25,1971,i
5506360,"Ayed, Abdelhedi",TUN,M,,,,1700,0,20,AUG25,1993,i
5505283,"Ayed, Ranim",TUN,F,,,,1645,0,20,AUG25,2003,wi
5552761,Aymen GHRAB,TUN,M,,,,1527,0,20,AUG25,2006,
5502977,Azouz Boubaker,TUN,M,,,,1994,0,20,AUG25,0,
5561353,"Azouz,Ali",TUN,M,,,,1425,0,20,AUG25,2003,
5547164,"Azouz,Skander",TUN,M,,,,1823,0,20,AUG25,1966,
5505895,"Azzouz, Makram",TUN,M,,NA,,1632,0,20,AUG25,1973,
5505690,"Azzouz, Nassim",TUN,M,,,,1706,7,20,AUG25,0,
5506379,"Baba, Ayoub",TUN,M,,,,1600,0,20,AUG25,1983,
5513049,"Baba, Mohamed",TUN,M,,,,1485,0,40,AUG25,2010,
5529522,"Baba,Jihed",TUN,M,,,,1518,0,40,AUG25,2012,
5529409,"Baba,Mouadh",TUN,M,,,,1555,0,40,AUG25,2014,
5539153,"Baccar, Mehdi",TUN,M,,,,1669,0,20,AUG25,1980,i
5560047,"Baccar, Seif Eddine",TUN,M,,,,1633,0,20,AUG25,1998,
5540437,"Bada,Saifallah",TUN,M,,,,1701,0,40,AUG25,2012,
5536170,"Baghouli, youssef",TUN,M,,,,1499,0,40,AUG25,2007,i
5544939,"Bahri,Mahdi",TUN,M,,,,1728,0,20,AUG25,1993,
5507375,"Bahria, Mohamed Helmi",TUN,M,,,,2018,0,20,AUG25,1979,
5511330,"Bahroun, Farhat",TUN,M,,,,1939,0,20,AUG25,1953,i
5522943,"Baklouti,Fatma",TUN,M,,,,1535,0,20,AUG25,2004,
5501628,"Baktach, Nesrine",TUN,F,WFM,WFM,,1807,0,20,AUG25,1992,wi
5503019,"Baktache, Hamza",TUN,M,,,,1845,0,20,AUG25,0,i
5500850,"Baktache, Mohamed Ali",TUN,M,,,,2061,0,20,AUG25,1960,i
5513685,Bamri Salim,TUN,M,,,,1729,0,20,AUG25,2000,
5558956,"BANGOURA, Ibrahima",TUN,M,,,,1624,18,20,AUG25,2003,
5500320,"Barakati, Sabri",TUN,M,,,,1777,0,20,AUG25,1980,i
5501245,"Barbaria, Yacine",TUN,M,CM,,,2080,0,20,AUG25,1987,
5522854,"Barbaria,Younes",TUN,M,,,,1422,0,40,AUG25,2010,
5551030,"Bardi, Mouhamed Rachid",TUN,M,,,,1619,19,40,AUG25,2012,
5539145,"Bargaoui, Ahmed",TUN,M,,,,1837,0,20,AUG25,2005,
5518652,"Bargaoui,Foued",TUN,M,,,,1836,0,20,AUG25,1978,i
5510155,"Barhoumi, Marwen",TUN,M,,,,1932,0,20,AUG25,1995,i
5500338,"Barhoumi, Med Anis",TUN,M,,,,1965,0,20,AUG25,1976,
5535298,"Barhoumi, Mohamed Aziz",TUN,M,,,,1507,0,20,AUG25,2005,i
5540852,"Barhoumi,Ahmed",TUN,M,,,,1641,0,40,AUG25,2016,
5526469,Barouni Fedi,TUN,M,,,,1518,0,40,AUG25,2014,i
5526493,Barouni Nadim,TUN,M,,,,1607,0,40,AUG25,2013,i
5509823,"Barouni, Gaith",TUN,M,,,,1519,0,20,AUG25,2005,i
5532663,"Barouni, Tarak",TUN,M,,,,1834,0,20,AUG25,1969,i
5511372,"Barrani, Adem",TUN,M,,,,1733,0,20,AUG25,2002,
5521017,Bassem Nafla,TUN,M,,,,1912,0,20,AUG25,1984,i
5552567,"Battikh,Chedly",TUN,M,,,,1635,0,20,AUG25,1987,
5531802,"Bchir, Ichrak",TUN,F,,NA,,1482,0,20,AUG25,2005,wi
5555590,"Bchir,Mohamed Abdelkarim",TUN,M,,,,1585,0,20,AUG25,2001,
5504872,"Bdeoui, Mohamed Aziz",TUN,M,,,,1517,0,20,AUG25,2004,i
5504341,"Bechikh, Chaima",TUN,F,,,,1601,0,20,AUG25,2002,wi
5552940,"Bechir,Ben Yahya",TUN,M,,,,1701,0,20,AUG25,1984,i
5512069,Bedoui Ahmed Amine,TUN,M,,,,1869,6,20,AUG25,1990,
5534119,"Belanes, Ahmed",TUN,M,,,,1557,0,40,AUG25,2012,
5533953,"Belgacem, Adam",TUN,M,,,,1530,0,40,AUG25,2009,
5537703,"Belgacem, Mohamed",TUN,M,,,,1533,6,40,AUG25,2012,i
5537711,"Belgacem, Mounib",TUN,M,,,,1561,9,40,AUG25,2014,
5505704,"Belgasmi, Mohamed",TUN,M,,,,1979,0,20,AUG25,0,i
5505305,"Belgasmi, Najib",TUN,M,,,,1918,0,20,AUG25,0,i
5511232,"Belghith, Eliyes",TUN,M,,,,1680,0,20,AUG25,1990,i
5535654,"Belhadj Ali, Khalil",TUN,M,,,,1842,0,20,AUG25,1992,i
5507073,"Belhadj Hassen, Hakim",TUN,M,,IA,,1908,0,20,AUG25,1983,i
5550513,"Belhadj,Mohamed Adem",TUN,M,,,,1402,0,40,AUG25,2015,
5544327,"Belhadj,Nidhal",TUN,M,,,,1686,0,20,AUG25,1997,
5505712,"Belhaj, Khalil",TUN,M,,,,1780,0,20,AUG25,1992,
5506905,"Belhaj, Nadhem",TUN,M,,,,2015,0,20,AUG25,1970,i
5521513,"Belhaj,Mehdi",TUN,M,,,,1768,0,20,AUG25,1998,
5539587,"Belhedi, karim",TUN,M,,,,1427,0,20,AUG25,1969,
5532698,"Belhout, Ahmed Zoubaier",TUN,M,,,,1648,0,20,AUG25,1997,
5541123,"Belkacem,Mohamed",TUN,M,,,,1539,0,20,AUG25,1978,i
600229,"Belkhodja, Slim",TUN,M,GM,,,2286,0,10,AUG25,1962,
5510805,"Bellili, Abdelwahed",TUN,M,,,,1603,0,20,AUG25,1970,i
5519888,"Ben Abbes,Ayoub",TUN,M,,NA,,1887,8,20,AUG25,2003,
5531845,"Ben Abdallah, Ahmed",TUN,M,,,,1674,0,20,AUG25,1976,
5534658,"Ben Abdallah, Fatma",TUN,F,,,,1481,5,40,AUG25,2009,w
5541131,"Ben Abdallah,Fakhri",TUN,M,,,,1668,0,20,AUG25,1979,i
5546150,"Ben Abdallah,Thamer",TUN,M,,,,1621,0,20,AUG25,1985,
5546214,"Ben Abdallah,Wassim",TUN,M,,,,1629,0,20,AUG25,2003,
5558700,"Ben Abdelaziz, Youssef",TUN,M,,,,1585,0,40,AUG25,2007,
5523915,"Ben Ahmed,Naoures",TUN,M,,,,1881,0,20,AUG25,2000,i
5513537,Ben Alaya Hazem,TUN,M,,,,1743,0,20,AUG25,2003,
5506913,"Ben Alaya, Mohsen",TUN,M,,,,1915,0,20,AUG25,1970,i
5511747,"Ben Ali , Bechir",TUN,M,,,,1851,0,20,AUG25,1977,i
5538971,"Ben Ali, Ahmed",TUN,M,,,,1767,0,20,AUG25,1999,i
5539455,"Ben Ali, Hadil",TUN,F,,,,1450,0,40,AUG25,2010,w
5539501,"Ben Ali, Wael",TUN,M,,,,1874,0,20,AUG25,2003,
5563437,"Ben Ali, Yacine Ben Ali",TUN,M,,,,1448,28,40,AUG25,2008,
5562686,"ben ameur, mahdi",TUN,M,,,,1590,0,20,AUG25,2002,
5530113,"Ben Ameur, Mohamed Ali",TUN,M,,,,1811,0,20,AUG25,1979,i
5502012,"Ben Ammar, Mohamed",TUN,M,CM,FI,,2025,0,20,AUG25,1995,
5552486,"Ben Ammar,Hassen",TUN,M,,,,1792,0,20,AUG25,1999,i
5538980,"Ben amor, Anas",TUN,M,,,,1560,0,20,AUG25,2006,i
5508509,"Ben Amor, Meriem",TUN,F,WCM,WCM,,1688,0,40,AUG25,2008,w
5503531,"Ben Amor, Moez",TUN,M,,,,2102,0,20,AUG25,1966,i
5505739,"Ben Ayed, Mohamed",TUN,M,,,,1907,0,20,AUG25,1981,i
5525330,"Ben Ayed, Youssef",TUN,M,,,,1635,0,40,AUG25,2008,i
5524610,"Ben Ayed,Iskandar",TUN,M,,,,1707,0,40,AUG25,2010,i
5556368,"Ben Aziza, Awes",TUN,M,,,,1411,24,40,AUG25,2017,
5547911,"Ben Bahri, Ahmed",TUN,M,,,,1513,0,20,AUG25,2006,
5504899,"Ben Brahem, Aymen",TUN,M,FM,,,2080,0,20,AUG25,1998,i
5513928,"Ben Brahem, Emna",TUN,F,,,,1499,0,20,AUG25,2005,wi
5514630,Ben Brahim Adnen,TUN,M,,,,1524,0,20,AUG25,1988,
5530717,"Ben Brahim, Mohamed",TUN,M,,,,1624,0,20,AUG25,1984,i
5545021,"Ben Brahim,Abdeldhaher",TUN,M,,,,1730,0,20,AUG25,1998,i
5515998,"Ben Brahim,Fouad",TUN,M,,,,1705,0,20,AUG25,1985,i
5510414,"Ben Chaabane, Akram",TUN,M,,SI,,1799,0,20,AUG25,1985,
5530296,Ben Charf Eddine Achref,TUN,M,,,,1809,0,20,AUG25,1997,
5503043,"Ben Cheikh, Brahim",TUN,M,,,,1999,0,20,AUG25,0,i
5544360,"Ben Della,Anwer",TUN,M,,,,1550,0,20,AUG25,1972,
5551587,Ben Dhia Sami,TUN,M,,,,1712,0,20,AUG25,1975,i
5552591,"Ben Fadhel,Ezar",TUN,M,,,,1692,0,20,AUG25,1996,i
5552605,"Ben Fadhel,Rami",TUN,M,,,,1660,0,20,AUG25,1986,i
5502020,"Ben Fredj, Mariem",TUN,F,WCM,WCM,,1588,0,20,AUG25,2001,wi
5506425,"Ben Ghali, Adel",TUN,M,,,,1911,0,20,AUG25,1965,i
5501261,"Ben Ghanem, Hamed",TUN,M,FM,,,2013,0,20,AUG25,1988,i
5507820,Ben Hamed Maaouia,TUN,M,,,,1787,0,20,AUG25,1979,i
5529026,"Ben Hamed,Rawene",TUN,F,,,,1500,0,40,AUG25,2011,w
5529433,"Ben Hamed,Rayene",TUN,M,,,,1603,0,40,AUG25,2013,
5509718,"Ben Hamouda, Fedi",TUN,M,,,,1752,0,20,AUG25,2002,i
5515270,"Ben Hamouda, Mohamed Aymen",TUN,M,,,,1705,0,20,AUG25,2004,i
5522749,"Ben Heni,Hamza",TUN,M,,,,1518,0,40,AUG25,2012,
5500362,"Ben Hlima, Rafik",TUN,M,,,,1938,0,20,AUG25,1969,
5507677,"Ben Hmida, Zied",TUN,M,,,,1801,0,20,AUG25,1978,i
5547237,"Ben Hmida,Ghassen",TUN,M,,,,1631,0,20,AUG25,2001,i
5519926,"Ben Hssin,Mejed",TUN,M,,,,1708,0,20,AUG25,1989,i
5538467,"Ben Ismail, Mohamed Seddik",TUN,M,,,,1536,5,40,AUG25,2011,
5535441,"Ben Jemaa, Selim",TUN,M,,,,1608,0,40,AUG25,2009,
5507944,"Ben Kahla, Tahar",TUN,M,,,,1714,0,20,AUG25,1954,i
5515831,"Ben Khalef, Alaya",TUN,M,,,,1771,0,20,AUG25,1964,
5500389,"Ben Khedija, Kais",TUN,M,,,,1932,0,20,AUG25,1973,i
5555310,"Ben Lakhel, Naissem",TUN,M,,,,1562,0,20,AUG25,2006,
5539234,"Ben lazreg, Hatem",TUN,M,,,,1728,0,20,AUG25,2003,
5503884,"Ben Mabrouk, Mohamed Ali",TUN,M,,,,1767,0,20,AUG25,0,i
5558727,"Ben Mabrouk, Mohamed Aziz",TUN,M,,,,1572,5,40,AUG25,2007,
5519730,"Ben Mahjouba,Fredj",TUN,M,,,,1565,0,20,AUG25,1994,
5544912,"Ben Mansour,Mohamed Ali",TUN,M,,,,1810,0,20,AUG25,1982,
5526710,"Ben Manssour, Yassine",TUN,M,,,,1806,0,20,AUG25,2000,
5532094,"Ben Mbarek, Mohamed",TUN,M,,NA,,1592,0,20,AUG25,1990,
5558735,"Ben Mechria, Rayen",TUN,M,,,,1621,10,40,AUG25,2008,
5550211,"Ben Meftah, Sabeur",TUN,M,,,,1597,0,20,AUG25,1979,i
5530407,Ben moussa mohamed,TUN,M,,,,1431,17,20,AUG25,1963,
5561540,"Ben Moussa, Naim",TUN,M,,,,1570,0,20,AUG25,1993,
5508088,"Ben Moussa, Rached",TUN,M,,,,1786,7,20,AUG25,1952,
5507839,"Ben Mustapha, Hamdi",TUN,M,,SI,,1962,0,20,AUG25,1973,i
5500397,"Ben Nasr, Sami",TUN,M,,,,2038,0,20,AUG25,1968,i
5547245,"Ben Nasr,Farouk",TUN,M,,,,1566,0,40,AUG25,2008,
5555604,"Ben Nasr,Iyed",TUN,M,,,,1486,0,40,AUG25,2009,
5530130,"Ben Othman, Taieb",TUN,M,,,,1690,0,20,AUG25,1987,i
5539765,"Ben Othman, Zahreddine",TUN,M,,,,1660,6,20,AUG25,1962,
5549892,Ben Ouirane Mohamed Fares,TUN,M,,,,1511,0,40,AUG25,2013,
5549795,Ben Ouirane Mohamed Rayen,TUN,M,,,,1556,0,40,AUG25,2011,
5523052,"Ben Rabia,Moncef",TUN,M,,,,1716,0,20,AUG25,2000,
5509831,"Ben Rayana, Mohamed",TUN,M,,,,1489,0,40,AUG25,2008,i
5557925,"Ben Rejeb, Tarek",TUN,M,,,,1705,0,20,AUG25,1975,
5557950,"Ben Rejeb, Walid",TUN,M,,,,1580,0,20,AUG25,1971,
5511143,"Ben Rhaiem, Mohamed",TUN,M,,,,1799,0,20,AUG25,2000,i
5531462,"Ben Rhaiem, Mohamed Dhia",TUN,M,,,,1672,0,20,AUG25,2004,i
5524873,"Ben Rhouma,Malek",TUN,M,,,,1815,0,20,AUG25,1984,i
5556392,"Ben Rjab, Adem",TUN,M,,,,1461,0,20,AUG25,2000,
5535433,"Ben Rjab, Mohamed Kacem",TUN,M,,,,1735,0,20,AUG25,2004,
5564476,"BEN ROMDHANE, JALELEDDINE",TUN,M,,,,1726,8,40,AUG25,2004,
5526701,"Ben Romdhane, salma",TUN,F,,,,1655,0,40,AUG25,2007,w
5536057,"Ben Romdhane, Wajdi",TUN,M,,,,1772,0,20,AUG25,2001,i
5507367,"Ben Romdhane, Walid",TUN,M,,NA,,1822,7,20,AUG25,1974,
5548969,"Ben Romdhane, Wassim",TUN,M,,,,1627,0,20,AUG25,1998,i
5501296,"Ben Said, Firas",TUN,M,,,,1849,0,20,AUG25,1999,i
5503400,"Ben Said, Safa",TUN,F,WFM,WFM,FI,1797,6,20,AUG25,1998,w
5537142,"Ben Said, Zouheir",TUN,M,,,,1719,2,20,AUG25,1975,
5513405,"Ben Said,Ayoub",TUN,M,,,,1637,0,20,AUG25,2005,
5504910,"Ben Salah, Ghassen",TUN,M,,,,1856,0,20,AUG25,1992,
5546389,"Ben Salah,Donia",TUN,F,,,,1501,0,40,AUG25,2016,w
5539102,"Ben Salem, Ghazi",TUN,M,,,,1783,0,20,AUG25,1988,i
5538998,"Ben Salem, Majed",TUN,M,,,,1668,0,20,AUG25,1994,i
5513030,"Ben Salem, Mohamed Youssef",TUN,M,,,,1496,0,40,AUG25,2011,i
5526809,"Ben Salha, Ahmed",TUN,M,,,,2012,0,40,AUG25,2011,
5540640,"Ben Sikali,Youssef",TUN,M,,,,1590,0,40,AUG25,2008,
5550530,"Ben Slima,Fedi",TUN,M,,,,1499,0,40,AUG25,2015,
5539161,"Ben Slimene, AbdelHamid",TUN,M,,,,1564,0,20,AUG25,2005,i
5535689,"Ben Souissi, Nizar",TUN,M,,,,1706,0,20,AUG25,1973,i
5519527,"Ben Soussia,Imed",TUN,M,,,,1882,0,20,AUG25,1964,i
5517559,"Ben Thabet,Mohamed Dhia",TUN,M,,,,1619,0,40,AUG25,2008,
5561442,"Ben Tili,Elyes",TUN,M,,,,1422,0,40,AUG25,2009,
5514797,Ben Torkia Omar,TUN,M,,,,1450,0,20,AUG25,2001,
5533309,"Ben Toumia, Ayoub",TUN,M,,,,1674,0,20,AUG25,2005,
5544882,"Ben Yedder,Mohamed Hedi",TUN,M,,,,1598,2,20,AUG25,1998,
5557089,"Ben Younes , Adem",TUN,M,,,,1603,0,20,AUG25,2002,
5507308,"Ben Younes, Mohamed",TUN,M,,,,1836,0,20,AUG25,1966,i
5501962,"Ben Youssef, Chedly",TUN,M,,,,1768,0,20,AUG25,1954,
5539480,"Ben Zakour, Meher",TUN,M,,,,1784,0,20,AUG25,2004,
5535336,"Ben Zid, Rayhane",TUN,F,,,,1430,0,40,AUG25,2010,w
5512182,"Benaoun,Idriss",TUN,M,,,,1710,0,20,AUG25,1999,i
5551064,"Benhassine, mounib",TUN,M,,,,1655,10,20,AUG25,2005,
5562708,"beniougue, isselmou",TUN,M,,,,1419,0,20,AUG25,2003,
5541441,"Benslimen,Thamer",TUN,M,,,,1785,0,20,AUG25,1993,i
5523630,"Benyahyaten,Hatem",TUN,M,,,,1656,0,20,AUG25,1988,
5556775,"Benzarti,Abdelkader",TUN,M,,,,1604,0,20,AUG25,1980,
5556783,"Benzarti,Ritej",TUN,F,,,,1417,0,40,AUG25,2014,w
5529441,"Benzarti,Thabet",TUN,M,,,,1666,0,40,AUG25,2014,
5509840,"Bettaieb, Ibrahim",TUN,M,,,,1521,0,40,AUG25,2009,i
5509858,"Bettaieb, Salma",TUN,F,,,,1641,0,20,AUG25,2006,wi
5511267,"Bghouri, Hamdi",TUN,M,,,,1965,0,20,AUG25,1988,
5544394,"Bidouk,Mohsen",TUN,M,,,,1543,0,20,AUG25,1965,
5530830,"Blibech, Nabil",TUN,M,,,,1587,0,20,AUG25,1967,
5561965,"Bou Ali , Mehdi",TUN,M,,,,1438,6,40,AUG25,2014,
5561973,"Bou Ali , Omar",TUN,M,,,,1681,0,40,AUG25,2007,
5550912,"Bouabid,Hedi",TUN,M,,,,1540,0,40,AUG25,2007,
5522528,Bouafia Akwen,TUN,M,,,,1458,0,40,AUG25,2013,
5519225,"Bouafia,Arken",TUN,M,,,,1656,0,40,AUG25,2010,
5517800,"Bouajila,Atef",TUN,M,,,,1825,0,20,AUG25,1994,i
5537150,"Bouallegui, Mohamed Anas",TUN,M,,,,1616,0,20,AUG25,1998,
5506930,"Bouamaid, Idriss",TUN,M,,,,1774,0,20,AUG25,1970,i
5510309,"Bouamid, Idris",TUN,M,,,,1797,0,20,AUG25,1960,i
5549809,Bouamor Ahmed,TUN,M,,,,1448,0,40,AUG25,2013,
5557666,"Bouattour,Khalil",TUN,M,,,,1472,0,20,AUG25,1990,
5507553,"Bouaziz, Fadhel",TUN,M,,,,1708,0,20,AUG25,1946,i
5500311,"Bouaziz, Mehdi",TUN,M,FM,,,2165,0,20,AUG25,1983,
5560187,"Bouaziz, Mohamed",TUN,M,,,,1566,0,40,AUG25,2014,
5500010,"Bouaziz, Slim",TUN,M,GM,,,2262,0,20,AUG25,1950,i
5510384,"Bouaziz,Mohamed",TUN,M,,,,1998,0,20,AUG25,1962,i
5551080,"Boubaker, Mouhamed ali",TUN,M,,,,1549,5,40,AUG25,2008,
5524903,"Boubakri,Alaeddine",TUN,M,,,,1611,0,20,AUG25,2005,i
5502560,"Bouchamla, Alaa",TUN,M,,,,1869,0,20,AUG25,2000,i
5509866,"Boudaya, Ahmed",TUN,M,,,,1574,0,40,AUG25,2009,
5549175,"Boudhaouia, Ghazy",TUN,M,,,,1481,0,20,AUG25,1992,
5500460,"Boudriga, Mohamed Ali",TUN,M,IM,,,2252,0,20,AUG25,1985,
5554179,"Boufahja, Mohamed Ali",TUN,M,,,,1560,0,20,AUG25,1959,i
5530555,"Boufaied, Montassar",TUN,M,,,,1437,0,20,AUG25,2005,
5500370,"Bouflija, Hedi",TUN,M,,NA,,2020,0,20,AUG25,1970,i
5552656,"Bouflija,Houcine",TUN,M,,,,1695,0,20,AUG25,1968,
5535948,"Boughanmi, Ghafer",TUN,M,,,,1513,0,40,AUG25,2009,i
5545048,"Boughanmi,Hamouda",TUN,M,,,,1731,0,20,AUG25,1992,
5511011,"Boughattas, Anouar",TUN,M,,,,1544,0,20,AUG25,1978,
5532736,"Boughdiri, Mariem",TUN,F,,,,1474,0,40,AUG25,2007,w
5531527,"Boughizane, Jalel",TUN,M,,,,1826,0,20,AUG25,1970,i
5530946,"Boughizene, Farhat",TUN,M,,,,1609,0,20,AUG25,1966,
5514657,Boughraira Malek,TUN,M,,,,1580,0,20,AUG25,1982,
5557097,"Bouguecha , Aymen",TUN,M,,,,1539,0,20,AUG25,2002,
5519802,"Bouguida,Mounir",TUN,M,,,,1825,0,20,AUG25,1968,
5502179,"Bouhamed, Abdelaziz",TUN,M,,SI,,1986,0,20,AUG25,1978,i
5543380,"Bouida,Ismail",TUN,M,,,,1415,0,40,AUG25,2016,
5506620,"Boukadida, Youssef",TUN,M,CM,,,1584,0,40,AUG25,2007,
5536278,"Boukhari, Aymen",TUN,M,,,,1618,0,20,AUG25,1982,i
5512085,Boukhchana Mohamed,TUN,M,,,,1810,16,20,AUG25,1968,
5518415,"Boukhris,Mourad",TUN,M,,,,1890,0,20,AUG25,1965,
5506050,Boukhriss Mohamed Mehdi,TUN,M,,,,1682,0,20,AUG25,1982,
5513693,Boulaares Amine,TUN,M,,,,1525,0,20,AUG25,2000,i
5508657,"Boulaares, Adam",TUN,M,,,,2026,0,20,AUG25,2004,
5508649,"Boulaares, Akram",TUN,M,,,,1816,0,20,AUG25,2006,
5510031,"Boulajfen, Mohamed",TUN,M,,,,1882,0,20,AUG25,1947,i
5508614,"Boumaiza, Fares",TUN,M,,,,1616,0,40,AUG25,2008,
5516013,"Boumaiza,Issam",TUN,M,,,,1682,0,20,AUG25,1985,i
5552664,"Boumaiza,Youssef",TUN,M,,,,1635,0,40,AUG25,2007,i
5529166,"Boumrifek,Najeh",TUN,M,,,,1666,0,20,AUG25,2002,i
5555159,"Bouraoui, Ahmed",TUN,M,,,,1533,0,40,AUG25,2015,
5530423,Bourguiba mohamed,TUN,M,,,,1642,0,20,AUG25,1991,
5501318,"Bourkhis, Adnen",TUN,M,,,,1959,0,20,AUG25,1974,i
5556414,"Bourokba, Majd",TUN,M,,,,1565,17,40,AUG25,2011,
5506638,"Bourourou, Ahmed",TUN,M,,NA,,1566,0,20,AUG25,2005,i
5556961,"Bouslama , Abdeljelil",TUN,M,,,,1753,0,20,AUG25,1953,
5528526,"Bouslama, Youssef",TUN,M,,,,1735,0,40,AUG25,2013,
5506069,Bousnina Mourad,TUN,M,,FA,,1902,0,20,AUG25,1980,i
5503639,"Bousrih, Maher",TUN,M,,NI,,1743,0,20,AUG25,1976,
5504171,"Boussama, Hmida",TUN,M,,,,1932,0,20,AUG25,0,i
5561981,"Bousselmi , Mohamed",TUN,M,,,,1714,0,20,AUG25,1978,
5533295,"Bousselmi, Chahd",TUN,F,,,,1755,0,20,AUG25,2005,wi
5507340,"Bousselmi, Moez",TUN,M,,NA,,1789,0,20,AUG25,1972,i
5532744,"Bousslema, Moataz",TUN,M,,,,1456,0,40,AUG25,2011,i
5534739,"Boutaba, Abdelghani",TUN,M,,,,1699,0,20,AUG25,1982,
5536073,"Boutiti, Elyes",TUN,M,,,,1650,0,20,AUG25,1967,i
5517702,"Bouzaiane,Mariem",TUN,F,,,,1498,0,20,AUG25,2006,wi
5545544,"Bouzaima,Anouar",TUN,M,,,,1891,0,20,AUG25,1979,
5531535,"Bouzguenda, Karim",TUN,M,,,,1593,0,20,AUG25,1997,i
5507502,"Bouzid, Taher",TUN,M,,,,1750,0,20,AUG25,1957,i
5511429,"Bouzidi, Abdessalem",TUN,M,,,,1749,0,20,AUG25,1977,
5501733,"Bouzidi, Ahmed",TUN,M,CM,,,2220,8,20,AUG25,1986,
5507286,"Bouzidi, Ridha",TUN,M,,,,1849,0,20,AUG25,1982,i
5545323,"Bouzouita,Moez",TUN,M,,,,1462,0,20,AUG25,1987,
5531543,"Brahem, Abderrahman",TUN,M,,,,1683,0,20,AUG25,2006,i
5525756,"Brahim, Dhiaeddine",TUN,M,,,,1684,0,20,AUG25,2004,
5507510,"Brahim, Salah",TUN,M,,,,1765,0,20,AUG25,1948,i
5524911,"Bribech,Mohamed Adnene",TUN,M,,,,1758,0,20,AUG25,1997,
5511313,"Cahrfi, Wadi",TUN,M,,,,1926,0,20,AUG25,1973,i
5537584,"Chaabane, Ayoub",TUN,M,,,,1548,0,20,AUG25,2006,
5509777,"Chaabane, Hafedh",TUN,M,,,,1630,0,20,AUG25,1956,
5536294,"Chaabane, mahdi",TUN,M,,,,1789,0,20,AUG25,1987,i
5560152,"Chaabane, Mohamed Aziz",TUN,M,,,,1453,0,40,AUG25,2013,
5553776,"Chaabane, Youssef",TUN,M,,,,1507,0,40,AUG25,2012,
5525500,"Chaabane,Rayen",TUN,M,,,,1692,0,20,AUG25,2000,i
5501989,"Chaabani, Abdelkader",TUN,M,,,,1838,0,20,AUG25,1948,i
5507529,"Chaabani, Foued",TUN,M,,,,1642,0,20,AUG25,1975,i
5557968,"Chaaben, Mahdi",TUN,M,,,,1876,0,20,AUG25,1987,
5523591,Chaabene Mahdi,TUN,M,,,,1709,0,20,AUG25,1987,i
5547962,"Chaabeni, Mouheb",TUN,M,,,,1512,0,20,AUG25,2004,i
5536308,"Chaalane, seif",TUN,M,,,,1691,0,20,AUG25,1999,i
5544319,"Chabbouh,Mohamed Rayen",TUN,M,,,,ACM,1541,0,AUG25,2000,
5546680,"Chabchoub,Badr Bilel",TUN,M,,,,1697,0,40,AUG25,2007,
5508100,"Chafai, Khalil",TUN,M,,,,1968,0,20,AUG25,1991,i
5547318,"Chagma,Abderrahman",TUN,M,,,,1527,0,20,AUG25,2005,i
5531861,"Chaibi, Ala",TUN,M,,,,1573,0,20,AUG25,1999,
5508134,"Chairat, Malek",TUN,M,,,,1548,0,20,AUG25,2004,i
5517400,"Chakroun, Wael",TUN,M,FM,,,1892,0,40,AUG25,2007,
5529204,"Chakroun,Mohamed Aziz",TUN,M,,,,1605,0,20,AUG25,2003,i
5544335,"Challouf,Chiheb",TUN,M,,,,1767,0,20,AUG25,1981,
5502616,"Chamam, Nazih",TUN,M,,,,2094,8,20,AUG25,1982,
5506956,"Chamekh, Ahmed",TUN,M,,NA,,1889,0,20,AUG25,1970,i
5544246,"Chamri,Mohamed Nadhir",TUN,M,,,,1952,0,20,AUG25,1998,
5550343,"Chamsi, Mohamed",TUN,M,,,,1531,14,20,AUG25,2002,
5541450,"Chaouech,Oussama",TUN,M,,,,1715,0,20,AUG25,1991,
5508142,"Charfeddine, Achref",TUN,M,,NA,,1737,0,20,AUG25,1997,i
5511879,"Charfeddine, Ahmed",TUN,M,,,,1886,0,20,AUG25,1982,i
5500478,"Charfeddine, Akram",TUN,M,,SI,,1977,0,20,AUG25,1985,
5524628,"Charfeddine,Chadi",TUN,M,,,,1528,0,40,AUG25,2012,
5519136,"Charfeddine,Khaled",TUN,M,,,,1816,0,20,AUG25,1986,
5512441,"Charfi, Wadii",TUN,M,,,,1872,0,20,AUG25,1973,i
5509793,"Chargui, Saleh",TUN,M,,,,1682,0,20,AUG25,1952,
5530083,"Charrahi, Youssef",TUN,M,,,,1850,0,20,AUG25,1996,i
5515475,Chater Mohammed Aymen,TUN,M,,,,1974,0,20,AUG25,1986,i
5557976,"Chawabi, Ahmed",TUN,M,,,,1669,0,20,AUG25,1989,
5557984,"Chawabi, Oussama",TUN,M,,,,1502,0,20,AUG25,1995,
5524814,"Chbil,Chayma",TUN,F,,,,1566,0,20,AUG25,2006,wi
5511453,"Chebbi, Rayen",TUN,M,,,,1517,0,40,AUG25,2009,
5545951,"Cheffi,Mohamed Ezzeddine",TUN,M,,,,1580,0,40,AUG25,2012,
5519250,"Chehaidar,Chedi",TUN,M,,,,1766,0,40,AUG25,2009,
5551951,Chehata Mohamed,TUN,M,,,,1459,0,20,AUG25,2002,
5500303,"Cheikh Mhamed, Kamel",TUN,M,,,,2041,0,20,AUG25,1966,i
5503655,"Chelli, Hichem",TUN,M,,,,1748,0,20,AUG25,1976,
5509629,"Chelli, Kaies",TUN,M,,NA,,1932,0,20,AUG25,1969,i
5503906,"Chelly, Hichem",TUN,M,,,,1902,0,20,AUG25,0,i
5502373,"Chelly, Kais",TUN,M,,,,1753,0,20,AUG25,1969,i
5516200,"Chelly, Yahya",TUN,M,CM,,,1993,0,40,AUG25,2010,
5536065,"Chemingui, Malek",TUN,M,,,,1751,0,20,AUG25,1987,i
5544866,"Chemingui,Sadok",TUN,M,,,,1639,0,20,AUG25,1985,i
5534461,"Chennoufi, Hamza",TUN,M,,,,AIM,1806,0,AUG25,2009,
5536332,"Chennoufi, Yahia",TUN,M,,,,1479,0,40,AUG25,2013,
5535891,"Cherif, Ahmed",TUN,M,,,,1478,0,40,AUG25,2007,i
5560632,"Cherif, Mohamed Ali",TUN,M,,,,1565,16,20,AUG25,1995,
5502969,"Cherif, Mondher",TUN,M,,,,1783,0,20,AUG25,1970,
5509874,"Cherif, Omar",TUN,M,,,,1793,0,20,AUG25,2005,i
5518555,"Cherni, Sofien",TUN,M,,,,1904,0,20,AUG25,1971,i
5530440,Chibani nizar,TUN,M,,,,1677,8,40,AUG25,1998,
5536901,"Chihaoui, Chiheb",TUN,M,,,,1467,0,20,AUG25,2000,i
5558719,"Chihi, Youssef",TUN,M,,,,1761,0,40,AUG25,2007,
5500427,"Chikhaoui, Walid",TUN,M,FM,,,2178,0,20,AUG25,1978,
5518520,"Chokri,Elyes",TUN,M,,,,1617,0,20,AUG25,1989,i
5508665,"Chorfen, Youssef",TUN,M,,,,2018,0,20,AUG25,2001,
5500184,"Chouari, Wajdi",TUN,M,,,,1904,0,20,AUG25,1974,i
5501822,"Chouchane, Amine",TUN,M,CM,FA,,1986,0,20,AUG25,1991,i
5507707,"Chouchane, Hichem",TUN,M,,NA,,1622,0,20,AUG25,1980,i
5509890,"Chouchane, Mohamed",TUN,M,,,,1946,0,20,AUG25,1979,i
5500486,"Chouchane, Nizar",TUN,M,,,,1794,0,20,AUG25,1984,i
5537967,"Chouchen, Mokhtar",TUN,M,,,,1481,0,20,AUG25,1965,
5541166,"Chouchen,Mohamed",TUN,M,,,,1744,0,20,AUG25,1994,i
5550386,"Chtourou,Ibrahim",TUN,M,,,,1570,0,40,AUG25,2016,
5503272,"Daami, Brahim",TUN,M,,,,1867,0,20,AUG25,0,
5537762,"Dabbous, Ayoub",TUN,M,,,,1718,0,20,AUG25,1985,
5531870,"Dadi, Imed",TUN,M,,,,1671,0,20,AUG25,2000,i
5519179,"Dadi,Messaoud",TUN,M,,,,1694,0,20,AUG25,1964,i
5545552,"Dahech,Ahmed",TUN,M,,,,1585,0,20,AUG25,1986,
5530075,"Dahman, Mohamed Amin",TUN,M,,,,1621,0,20,AUG25,1997,i
5504473,"Dahmani, Sami",TUN,M,CM,NA,,1741,0,20,AUG25,2006,
5518660,"Dahmani,Anis",TUN,M,,,,1880,0,20,AUG25,1980,i
5501377,"Dahmen, Chady",TUN,M,,,,1809,0,20,AUG25,0,i
5500494,"Dai, Salem",TUN,M,,NA,,1703,0,20,AUG25,1973,i
5522323,Dammak Mohamed Amine,TUN,M,,,,1649,0,40,AUG25,2010,
5509785,"Daoud, Mohamed",TUN,M,,,,1680,0,20,AUG25,1948,i
5545579,"Daoud,Mohamed Amine",TUN,M,,,,1576,0,40,AUG25,2011,
5536367,"Darragi, Abdelaziz",TUN,M,,,,1634,0,20,AUG25,2000,i
5510163,"Debbiche, Louay",TUN,M,,,,1866,0,20,AUG25,1999,i
5514207,Dehmani Rochdi,TUN,M,,,,1656,0,20,AUG25,1987,i
5518679,"Dekhili,Aymen",TUN,M,,,,1701,6,20,AUG25,1980,
5513545,Derouiche Mohamed Ramy,TUN,M,,,,1681,0,20,AUG25,2004,i
5513251,Derouiche Omar,TUN,M,,,,1701,0,40,AUG25,2007,
5555647,"Derouiche,Aymen",TUN,M,,,,1552,0,20,AUG25,1994,
5564590,"Dhahri, Moez",TUN,M,,,,1648,6,40,AUG25,1984,
5564611,"Dhahri, Monom",TUN,M,,,,1543,12,40,AUG25,1986,
5502470,"Dhaouadi, Nejmeddine",TUN,M,,,,2085,0,20,AUG25,1974,i
5547385,"Dhaouadi,Amine",TUN,M,,,,1680,4,20,AUG25,1999,
5562082,"Dhiaeddine, Majed",TUN,M,,,,1568,0,20,AUG25,1982,
5533597,"Dilou, Anis",TUN,M,,,,1656,0,20,AUG25,1980,i
5554195,"Dilou, Mohamed Anis",TUN,M,,,,1606,0,20,AUG25,1981,i
5534216,"Dimassi, Yasmine",TUN,F,,,,1607,0,40,AUG25,2016,w
5548578,"Dimassi,Yahya",TUN,M,,,,1531,0,40,AUG25,2018,
5557151,"Dirani , Mohammed Hamza",TUN,M,,,,1544,0,20,AUG25,2002,
5558379,"DJEMAIEL, Janna",TUN,F,,,,1497,0,40,AUG25,2018,w
5551501,"Dkhili, Aziz",TUN,M,,,,1670,0,20,AUG25,2002,
5500079,"Doghri, Nabil",TUN,M,FM,FT,,2164,0,20,AUG25,1964,
5537770,"Dorgham, Bechir",TUN,M,,,,1619,0,20,AUG25,2001,
5500508,"Douissa, Oussama",TUN,M,FM,,,2240,0,20,AUG25,1984,
5562651,"douzi, mouheb",TUN,M,,,,1666,0,20,AUG25,2001,
5562694,"dribek, fedi",TUN,M,,,,1601,0,20,AUG25,2002,
5547776,"Dridi ,Ayoub",TUN,M,,,,1739,5,20,AUG25,2004,
5540020,"Drira, Houssem",TUN,M,,,,1674,0,20,AUG25,2004,
5540496,"Drira,Fares",TUN,M,,,,1526,0,40,AUG25,2014,
5507570,"El Abed, Amine",TUN,M,,,,1795,0,20,AUG25,2003,i
5534860,"El Adab, Foued",TUN,M,,,,1756,0,20,AUG25,1973,i
5529581,"El Behi, Hatem",TUN,M,,,,1754,0,40,AUG25,2011,
5546630,"El Behiri,Nejah",TUN,F,,,,1641,0,20,AUG25,1985,w
5546648,"El Behiri,Yasmine",TUN,F,,,,1474,0,40,AUG25,2015,w
5515637,El Ghozzi Ahmed,TUN,M,,,,1582,0,20,AUG25,2006,i
5529107,"El Kefi,Yasmine",TUN,F,,,,1448,0,40,AUG25,2013,w
5555868,"Elair,Karim",TUN,M,,,,1705,0,20,AUG25,1980,
5518490,"Elair,Talel",TUN,M,,,,1728,0,20,AUG25,1982,i
5506433,"Elayeb, Med Yessine",TUN,M,,,,1726,0,20,AUG25,2001,i
5539625,"Elhani, Salah",TUN,M,,,,1702,8,20,AUG25,1979,
5538106,Elkebsi Arafet,TUN,M,,,,1675,0,20,AUG25,2000,
5532787,"Ellafi, Amine",TUN,M,,,,1684,0,20,AUG25,1999,
5562732,"elleuch, ahmed",TUN,M,,,,1603,0,40,AUG25,2010,
5535611,"Elleuch, Siwar",TUN,F,,,,1432,0,20,AUG25,2006,w
5545609,"Errachi,Moedem",TUN,M,,,,1890,0,20,AUG25,2004,
5519829,"Essayeh,Jaber",TUN,M,,,,1677,0,20,AUG25,1990,
5505801,"Essid,Mohamed Farouk",TUN,M,,,,1860,0,20,AUG25,1980,i
5550823,"Essid,Youssef",TUN,M,,,,1684,0,40,AUG25,2009,
5552710,"Essouri,Bechir",TUN,M,,,,1829,9,40,AUG25,1981,
5550831,"Ezine,Ayoub",TUN,M,,,,1485,0,40,AUG25,2009,
5513375,Ezzeddine Mohamed Amine,TUN,M,,,,1649,0,20,AUG25,2005,i
5502306,"Ezzine, Mohamed",TUN,M,,NA,,1945,0,20,AUG25,1977,i
5546028,"Fakhfekh,Mouna",TUN,F,,,,1435,0,40,AUG25,2014,w
5541484,"Faleh,Ines",TUN,F,,,,1533,0,20,AUG25,2005,w
5507359,"Fares, Naoufel",TUN,M,,,,1739,0,20,AUG25,1978,i
5525047,"Farhani,Aziz",TUN,M,,,,1865,0,20,AUG25,2002,i
5526868,"Farhat, Amen Allah",TUN,M,,,,1549,0,40,AUG25,2010,i
5526892,"Farhat, Assil",TUN,F,,,,1612,0,40,AUG25,2008,wi
5503060,"Farhat, Mohamed Tawfik",TUN,M,,,,1915,0,20,AUG25,1967,
5548900,"Farjallah, Mohamed",TUN,M,,,,1505,0,20,AUG25,1995,
5550408,"Fatnassi,Raed",TUN,M,,,,1476,0,40,AUG25,2016,
5555485,"Fayech, Ahmed Amine",TUN,M,,,,1595,0,40,AUG25,2012,
5534879,"Fayech, Mohamed Aziz",TUN,M,,,,1558,4,40,AUG25,2012,
5534887,"Fayech, Youssef",TUN,M,,,,1694,7,40,AUG25,2009,
5554209,"Fazaa, Nader",TUN,M,,,,1595,0,20,AUG25,2004,i
5562988,"Feki, Oussema",TUN,M,,,,1410,0,40,AUG25,2007,
5555400,"Ferchichi, Mohamed Malek",TUN,M,,,,1547,0,40,AUG25,2008,
5506980,"Ferchichi, Sofiane",TUN,M,,,,1999,9,20,AUG25,1970,
5508177,"Ferjani, Ali",TUN,M,,,,1812,0,20,AUG25,1955,i
5517257,"Ferjani, Mohamed Islem",TUN,M,,,,1542,0,40,AUG25,2010,
5535700,"Ferjani, Mounir",TUN,M,,,,1782,0,20,AUG25,1970,i
5529131,"Ferjani, Nourcine",TUN,F,,,,1535,0,40,AUG25,2012,w
5507332,"Ferjaoui, Khaled",TUN,M,,,,1803,0,20,AUG25,1963,
5539633,"Ferjaoui, Mohamed Karim",TUN,M,,,,1791,5,20,AUG25,1994,
5518687,"Ferjaoui,Badia",TUN,M,,,,1702,0,20,AUG25,1980,i
5523940,"Fguir,Mootez",TUN,M,,,,1482,0,20,AUG25,2000,
5528003,Fourati Hedi,TUN,M,,,,1746,0,40,AUG25,2007,i
5558514,"Fourati, Mohamed",TUN,M,,,,1564,0,40,AUG25,2014,
5520711,"Frej, Chedly",TUN,M,,,,1962,0,40,AUG25,2007,
5529972,"Ftita, Mohamed",TUN,M,,,,1518,0,20,AUG25,1998,i
5558522,"Gaabab, Hakim",TUN,M,,,,1666,5,40,AUG25,2013,
5513421,Gabsi Amine,TUN,M,,,,1550,0,20,AUG25,2005,i
5539536,"Gabsi, Ahmed Rayen",TUN,M,,,,1574,0,40,AUG25,2009,
5531390,"Gabsi, Ilyes",TUN,M,,,,1850,0,20,AUG25,1995,i
5554225,"Gabsi, Mohamed Aziz",TUN,M,,,,1545,0,20,AUG25,2003,
5522080,"Gaddour,Wassim",TUN,M,,,,1501,0,20,AUG25,1980,i
5515440,Gader Anis,TUN,M,,,,1830,0,20,AUG25,1978,i
5504554,"Gadhab, Tarek",TUN,M,,,,1868,0,20,AUG25,1966,i
5555663,"Gaida,Lina",TUN,F,,,,1437,0,40,AUG25,2013,w
5502195,"Gaieb, Amen Allah",TUN,M,,,,1941,0,20,AUG25,1988,
5531640,"Gaied, Mourad",TUN,M,,,,1620,0,20,AUG25,1967,
5558425,"Gam, Salmen",TUN,M,,,,1443,0,40,AUG25,2017,
5504589,"Gamha, Sadok",TUN,M,,NA,,1747,0,20,AUG25,2005,
5505038,"Gamha, Yasmine",TUN,F,WCM,WCM,,1734,0,40,AUG25,2007,w
5509335,"Gammar, Oussema",TUN,M,,,,1578,0,20,AUG25,2000,i
5515386,Garech Achref,TUN,M,,,,1706,8,40,AUG25,1987,
5562775,"gargouri, kais",TUN,M,,,,1546,0,40,AUG25,2009,
5550939,"Gargouri,Helmi",TUN,M,,,,1604,0,20,AUG25,2006,i
5504058,"Garrab, Ali",TUN,M,,,,1923,0,20,AUG25,0,i
5508185,"Gasmi, Nabil",TUN,M,,,,1736,0,20,AUG25,1967,i
5511844,"Gasmi, Walid",TUN,M,,,,1984,0,20,AUG25,1991,i
5500249,"Gassouma, Mohamed",TUN,M,,,,1856,0,20,AUG25,1979,i
5537932,"Gelra, Samyak Kumar",TUN,M,,,,1557,0,40,AUG25,2010,i
5506271,"Ghali, Mehdi",TUN,M,,,,1963,0,20,AUG25,1990,i
5525446,Ghalleb Chiheb,TUN,M,,,,1712,0,20,AUG25,1972,i
5547431,"Ghalleb,Lina",TUN,F,,,,1536,0,20,AUG25,2006,wi
5507324,"Ghanem, Khaled",TUN,M,,,,1926,0,20,AUG25,1957,i
5514967,Gharbi Chiheb,TUN,M,,,,1711,0,20,AUG25,2005,i
5548047,"Gharbi, Ahmed Yazid",TUN,M,,,,1441,0,40,AUG25,2016,
5512700,"Gharbi, Nabil",TUN,M,,,,1675,0,20,AUG25,1973,
5536391,"Gharbi, Wahid",TUN,M,,,,1620,0,20,AUG25,1967,i
5538246,"Gharsallah, Seif",TUN,M,,,,1655,0,20,AUG25,2003,
5530024,"Gharsellaoui, Hamdi",TUN,M,,,,1610,0,20,AUG25,1999,i
5506476,"Gharssalli, Fathi",TUN,M,,,,1945,0,20,AUG25,1973,i
5539463,"Ghobber, Tayaa",TUN,M,,,,1818,0,20,AUG25,1986,
5557194,Ghouil Mohamed Oussema,TUN,M,,,,1594,0,20,AUG25,2000,
5511178,"Ghozzi, Ahmed",TUN,M,,,,1759,0,40,AUG25,2008,i
5551161,"Ghrairi, Mouheb",TUN,M,,,,1482,11,40,AUG25,2014,
5547440,"Ghrairi,Rayen",TUN,M,,,,1585,4,40,AUG25,2008,
5535727,"Ghrissi, Adel",TUN,M,,,,1484,0,20,AUG25,1964,i
5501393,"Glaoui, Houssemeddine",TUN,M,,,,1729,0,20,AUG25,1997,i
5531888,"Gouider, Houcine",TUN,M,,,,1710,17,20,AUG25,1971,
5507448,"Goul, Med Hedi",TUN,M,,,,1956,0,20,AUG25,1968,i
5557534,"Guermazi , Karim",TUN,M,,,,1458,0,20,AUG25,1992,
5535735,"Guermech, Marouane",TUN,M,,,,1582,0,20,AUG25,1988,i
5510627,"Guesmi, Walid",TUN,M,,,,1943,0,20,AUG25,1991,
5506697,"Guidara, Rawia",TUN,F,,,,1626,0,20,AUG25,2003,wi
5562945,"Guitouni, Aymen",TUN,M,,,,1588,0,20,AUG25,1982,
5530156,"Guizani,Chaker",TUN,M,,,,1692,0,20,AUG25,1975,i
5512018,Haddad Amor,TUN,M,,,,1506,0,20,AUG25,1975,i
5525462,Hadded Omar,TUN,M,,,,1719,0,20,AUG25,1975,i
5558310,"Hadhek, Eline",TUN,F,,,,1431,0,40,AUG25,2018,w
5548411,"Hadhek,Lina",TUN,F,,,,1578,0,40,AUG25,2015,w
5529140,"Hadj Hassan, Chaima",TUN,F,,,,1542,0,40,AUG25,2012,w
5540518,"Hadj Salah,Eya",TUN,F,,,,1562,0,40,AUG25,2015,w
5548055,"Haffouz, Mohamed Yasser",TUN,M,,,,1542,0,20,AUG25,1979,
5502209,"Hafsa, Adem",TUN,M,,,,1765,0,20,AUG25,1966,
5540739,"Hafsa,Yessine",TUN,M,,,,1832,0,40,AUG25,2014,
5529255,"Haj Hassen, Mohamed Yassin",TUN,M,,NA,,1467,0,20,AUG25,2003,i
5558603,"Haj Kacem, Moataz",TUN,M,,,,1457,0,40,AUG25,2010,
5529654,"Hajri, Mohamed Amine",TUN,M,,,,1547,0,40,AUG25,2011,
5526612,Halouani mounib,TUN,M,,,,1712,0,20,AUG25,2003,
5555671,"Hamami,Omar",TUN,M,,,,1573,0,20,AUG25,1994,
5547849,"Hamila,Fakhri",TUN,M,,,,1864,0,20,AUG25,1986,
5515696,Hammad Mahdi,TUN,M,,,,1722,0,20,AUG25,2001,i
5514428,Hammami Mounir,TUN,M,,,,1748,0,20,AUG25,1974,i
5513456,Hammami Youssef,TUN,M,,,,1510,0,20,AUG25,2005,i
5535956,"Hammami, Adem",TUN,M,,,,1474,0,40,AUG25,2008,i
5557542,"Hammami, Mehdi",TUN,M,,,,1535,0,20,AUG25,1987,
5538289,"Hammami, Mohamed Amine",TUN,M,,,,1571,0,20,AUG25,2006,i
5535743,"Hammami, Noureddine",TUN,M,,,,1567,0,20,AUG25,1995,i
5502080,"Hammami, Slim",TUN,M,,,,1628,0,20,AUG25,1964,
5550580,"Hammami,Yacine",TUN,M,,,,1559,0,40,AUG25,2015,
5518806,"Hamza,Yasser",TUN,M,,,,1650,0,20,AUG25,1994,i
5511534,"Hamzaoui, Khalil",TUN,M,,,,1936,0,20,AUG25,1999,
5507251,Hanen  Montero,TUN,F,,,,1630,11,20,AUG25,1991,w
5555515,"Hannachi, Jaber",TUN,M,,,,1598,0,20,AUG25,1984,
5507979,"Haouari, Amor",TUN,M,,,,1777,14,20,AUG25,1950,
5527562,Harrane Mahdi,TUN,M,,,,1610,0,20,AUG25,1993,
5543126,"Harrathi,Azer",TUN,M,,,,1430,0,40,AUG25,2013,
5536413,"Harzalli, Said",TUN,M,,,,1579,0,20,AUG25,1977,i
5517591,"Hasnaoui, Amen Allah",TUN,M,,,,1641,0,40,AUG25,2009,
5517362,"Hasnaoui,Abrar",TUN,F,,,,1662,0,40,AUG25,2011,w
5534976,"Hassan, Adam",TUN,M,,,,1603,4,40,AUG25,2010,
5530636,hassen Brahim,TUN,M,,,,1449,5,40,AUG25,2009,
5561990,"Hattab , Mohamed Aziz",TUN,M,,,,1510,0,20,AUG25,2002,
5557569,"Hazallah , Yasmine",TUN,F,,,,1485,0,20,AUG25,1991,w
5506492,"Hbacha, Achraf",TUN,M,IM,,,2189,0,20,AUG25,1999,
5531667,"Hedhli, Mohamed",TUN,M,,,,1472,0,40,AUG25,2007,i
5555680,"Hedi,Houssem",TUN,M,,,,1897,0,20,AUG25,2004,
5555698,"Hedi,Mohamed Ghaith",TUN,M,,,,1420,0,20,AUG25,2002,
5555264,"Hefyen, Zayd",TUN,M,,,,1401,0,20,AUG25,2004,
5506190,"Helali, Abdessalem",TUN,M,,,,1713,0,20,AUG25,1969,i
5530571,hemdani Oubay,TUN,M,,,,1475,4,40,AUG25,2011,
5530660,"Hemdani, Iyed",TUN,M,,,,1703,7,40,AUG25,2008,
5523150,"Heni,Ahmed Sari",TUN,M,,,,1721,0,40,AUG25,2007,i
5562740,"hentati, ayoub",TUN,M,,,,1478,0,40,AUG25,2014,
5558751,"Herch, Adam",TUN,M,,,,1504,21,40,AUG25,2017,
5558743,"Herch, Rimes",TUN,F,,,,1448,23,40,AUG25,2015,w
5500583,"Hergli, Amir",TUN,M,,,,2156,0,20,AUG25,1980,i
5503728,"Hergli, Khaled",TUN,M,,,,1834,0,20,AUG25,1994,i
5511550,"Hichri, Wissem",TUN,M,,,,1762,0,20,AUG25,1976,
5503434,"Hilali, Wissal",TUN,F,WCM,WCM,,1650,0,20,AUG25,1998,wi
5531675,"Hizem, Firas",TUN,M,,,,1538,0,20,AUG25,2003,i
5505445,"Hizi, Faleh",TUN,M,,,,1874,0,20,AUG25,1968,i
5507464,"Hizi, Majid",TUN,M,,NA,,1767,0,20,AUG25,1970,i
5515351,Hlaoui Saber,TUN,M,,,,1678,0,20,AUG25,1980,i
5554772,"Hlimi, Naissem",TUN,M,,,,1567,0,20,AUG25,2004,
5519780,"Hmadi,Mahdi",TUN,M,,,,1665,0,20,AUG25,1987,i
5501032,"Hmam, Mohamed",TUN,M,,,,2120,0,20,AUG25,1970,i
5502640,"Hmida, Mohamed",TUN,M,,NA,,1741,0,20,AUG25,2001,
5519764,"Hmida,Haythem",TUN,M,,,,1561,0,20,AUG25,1984,i
5519837,"Houdaibi,Rached",TUN,M,,,,1714,0,20,AUG25,1995,i
5535859,"Houli, Aymen",TUN,M,,,,1492,0,20,AUG25,1983,
5552915,"Houssem Eddine,Ben Rabeh",TUN,M,,,,1794,0,20,AUG25,2003,i
5529263,"Hsouna,Fedi",TUN,M,,,,1614,0,20,AUG25,2001,i
5504627,"Hwass, Amina",TUN,F,,,,1459,0,40,AUG25,2007,wi
5504643,"Hwass, Zaineb",TUN,F,WCM,WCM,,1657,0,20,AUG25,2005,wi
5528267,Ismail Iyed,TUN,M,,,,1410,0,40,AUG25,2012,i
5502659,"Ismail, Hassen",TUN,M,,,,1876,0,20,AUG25,1988,
5549299,"Ismail, Miled",TUN,M,,,,1540,0,20,AUG25,1994,
5561370,"Ismail,Khalil",TUN,M,,,,1679,0,20,AUG25,1994,
5536430,"Issa, Wael",TUN,M,,,,1641,0,20,AUG25,1994,i
5537983,"Issaoui, Abdelkader",TUN,M,,,,1691,0,20,AUG25,1968,
5505348,"Issaoui, Lazhar",TUN,M,,,,1686,0,20,AUG25,0,
5532817,"Issaoui, Marwen",TUN,M,,,,1550,0,20,AUG25,1992,i
5501423,"Jaballah, Moncef",TUN,M,,FI,,1951,0,20,AUG25,1969,i
5519640,"Jaballah,Mohamed",TUN,M,,,,1625,0,20,AUG25,1988,
5503108,"Jabloun , Bilel",TUN,M,,,,1960,0,20,AUG25,0,
5523958,"Jabloun, Abdelmoumen",TUN,M,,,,1486,0,20,AUG25,2000,i
5563313,"Jabrane, Ayoub",TUN,M,,,,1702,8,40,AUG25,2009,
5508215,"Jabri, Noamen",TUN,M,,,,1825,0,20,AUG25,1970,i
5506999,"Jahmi, Khalil",TUN,M,,,,1763,0,20,AUG25,1970,i
5513286,"Jalleli,Youssef",TUN,M,,,,1587,0,40,AUG25,2007,
5514517,Jallouli Mohamed Amine,TUN,M,,,,1653,0,20,AUG25,1985,i
5550840,"Jammoussi,Taoufik",TUN,M,,,,1516,0,40,AUG25,2008,
5523710,"Jaouadi, Saif Eddine",TUN,M,,,,1647,0,20,AUG25,1981,i
5561388,"Jaouadi,Haythem",TUN,M,,,,1637,0,20,AUG25,2000,
5519144,"Jaoued,Najeh",TUN,M,,,,1629,0,20,AUG25,1972,i
5500885,"Jarraya, Zied",TUN,M,,,,2201,0,20,AUG25,1988,i
5516633,"Jaziri, Yassine",TUN,M,,,,1539,0,20,AUG25,2006,i
5513901,Jbara Amira,TUN,F,,,,1474,0,20,AUG25,2006,wi
5517761,"Jbeli,Nabil",TUN,M,,NA,,1638,0,20,AUG25,1977,
5505097,"Jday, Zoubeir",TUN,M,,,,1590,0,20,AUG25,2005,i
5537053,"Jelassi,Hichem",TUN,M,,,,1654,0,20,AUG25,1980,i
5561337,"Jelassi,Lotfi",TUN,M,,,,1735,0,20,AUG25,1962,
5500591,"Jemai, Akram",TUN,M,,,,2085,0,20,AUG25,1986,
5509165,JEMLI Hamza,TUN,M,,,,1645,0,20,AUG25,2003,i
5516641,"Jerraya,Youssef",TUN,M,,,,1665,0,20,AUG25,2006,i
5519845,"Jguiel,Ahmed",TUN,M,,,,1667,0,20,AUG25,1952,i
5536952,"Jinaoui, Hedi",TUN,M,,,,1449,0,20,AUG25,2003,
5505844,"Jlajla, Imed",TUN,M,,,,2108,0,20,AUG25,1968,
5515874,"Jlajla,Amine",TUN,M,,,,1891,8,40,AUG25,2009,
5562619,"jlassi, ahmed",TUN,M,,,,1579,0,40,AUG25,2014,
5537029,"Jlassi, Lotfi",TUN,M,,,,1846,0,20,AUG25,1962,
5541581,"Jlassi,Jamel",TUN,M,,,,1659,0,20,AUG25,1984,i
5500605,"Jmila, Omar",TUN,M,,,,2075,0,20,AUG25,1985,i
5507472,"Jomaa, Fawzi",TUN,M,,,,1618,0,20,AUG25,1979,i
5535751,"Jouni, Ezzedine",TUN,M,,,,1557,0,20,AUG25,1963,i
5553237,"Jridi,Mohamed Hedi",TUN,M,,,,1724,0,20,AUG25,1981,i
5542901,"Jridi,Raed",TUN,M,,,,1646,0,20,AUG25,1998,
5543754,"Jridi,Ramez",TUN,M,,,,1520,0,20,AUG25,1998,i
5508240,"Kaabi, Iheb",TUN,M,,,,1889,5,20,AUG25,1994,
5500044,"Kaabi, Mejdi",TUN,M,IM,,,2344,0,20,AUG25,1961,i
5525136,"Kaabi,Omar",TUN,M,,,,1755,0,20,AUG25,2006,i
5544424,"Kacem,Mohamed Ali",TUN,M,,,,1620,0,20,AUG25,1983,i
5552117,Kahouli Wajd,TUN,M,,,,1746,0,20,AUG25,2000,i
5504236,"Kalai, Jihed",TUN,M,,,,1917,0,20,AUG25,0,i
5509947,"Kalfat, Ahmed",TUN,M,,,,1500,0,20,AUG25,1997,
5555710,"Kallal,Hamza",TUN,M,,,,1559,0,40,AUG25,2010,
5505356,"Kallala , Abbas",TUN,M,,,,1804,0,20,AUG25,0,i
5540305,"Kammoun, Adam",TUN,M,,,,1585,4,40,AUG25,2014,
5505364,"Kamoun, Amine",TUN,M,,,,1626,0,20,AUG25,0,i
5518482,"Kanzari, Slim",TUN,M,,,,1896,0,20,AUG25,1984,i
5554250,"Kaouech, Mounir",TUN,M,,,,1637,0,20,AUG25,2001,i
5507863,"Kardough, Ahmed",TUN,M,,,,2003,0,20,AUG25,1980,i
5559995,"Karoui, Karim",TUN,M,,,,1540,0,20,AUG25,1998,
5501750,"Karoui, Seif Eddine",TUN,M,,,,2095,0,20,AUG25,1978,i
5555728,"Karoui,Taha",TUN,M,,,,1614,0,20,AUG25,1997,
5531020,"Kassouss, Saber",TUN,M,,,,1535,0,20,AUG25,1979,i
5510260,"Kebir, Achref",TUN,M,,,,1890,0,20,AUG25,1998,i
5515181,"Kefi, Malik",TUN,M,,,,1563,0,40,AUG25,2007,i
5532825,"Kefi, Mehdi",TUN,M,,,,1588,0,20,AUG25,1982,i
5507189,"Khadhraoui, Ramzi",TUN,M,,FA,,1767,0,20,AUG25,1977,i
5515297,Khaled Kilani,TUN,M,,,,1526,0,40,AUG25,2007,
5511216,"Khalfa, Mhamed",TUN,M,,,,1814,0,20,AUG25,1996,
5555221,"Khalfat, Ahmed",TUN,M,,,,1553,0,20,AUG25,1997,
5532833,"Khalil, Tawfik",TUN,M,,,,1713,0,20,AUG25,1963,i
5558620,"Khalsi, Mohamed",TUN,M,,,,1504,0,40,AUG25,2009,
5528160,kharat Oways,TUN,M,,,,1568,0,40,AUG25,2015,
5521661,"Kharbech,Driss",TUN,M,,,,1558,0,40,AUG25,2008,i
5523532,Khayriddine Battikh,TUN,M,,,,1688,0,20,AUG25,1995,
5519853,"Khelifi,Nizar",TUN,M,,,,1791,0,20,AUG25,1978,
5508274,"Khemiri, Mohamed Dhia Eddine",TUN,M,,,,1756,0,20,AUG25,1996,
5560454,"Khemis, Mohamed Amine",TUN,M,,,,1608,0,20,AUG25,2006,
5530202,Khenissi Radhouane,TUN,M,,,,1699,0,20,AUG25,1988,i
5509696,"Khlaf, Bassem",TUN,M,,,,1681,0,20,AUG25,1963,i
5540755,"Khlif,Abderrahmen",TUN,M,,,,1419,0,40,AUG25,2015,
5562244,"khlifi, ahmed",TUN,M,,,,1603,0,20,AUG25,1971,
5535018,"Khlifi, Yakin",TUN,M,,,,1425,0,40,AUG25,2008,
5536731,"Khlil, taoufik",TUN,M,,,,1822,0,20,AUG25,1963,i
5511291,"Khnissi, Marwen",TUN,M,,,,1812,0,20,AUG25,1979,i
5552133,Khouaja Ahmed,TUN,M,,,,1605,0,20,AUG25,2000,i
5555205,"Khoualdia, Jawher",TUN,M,,,,1475,0,20,AUG25,2003,
5500630,"Kilani, Kamel",TUN,M,,NA,,2051,0,20,AUG25,1979,i
5508282,Klai Abdelhalim,TUN,M,,,,1764,8,20,AUG25,1965,
5556210,"Klebi,Racem",TUN,M,,,,1535,0,40,AUG25,2009,
5541301,"Kmanter,Aziz",TUN,M,,,,1791,0,20,AUG25,1974,i
5508606,"Kolsi, Mohamed Aziz",TUN,M,,,,1573,0,40,AUG25,2009,
5530539,Kraiem Bilel,TUN,M,,,,1612,6,40,AUG25,2010,
5512239,Kramti Mohamed,TUN,M,,,,1779,0,20,AUG25,1981,i
5549345,"Krichen, Achref",TUN,M,,,,1533,0,40,AUG25,2008,
5546109,"Krid, Saif Eddine",TUN,M,,,,1628,0,20,AUG25,1999,
5500648,"Krifa, Med",TUN,M,,,,2130,0,20,AUG25,1974,i
5501040,"Krifa, Najla",TUN,F,WFM,WFM,IA,1869,0,20,AUG25,1992,wi
5555736,"Ksibi,Seifeddine",TUN,M,,,,1556,0,20,AUG25,2000,
5562015,"Kssibi , Seifedine",TUN,M,,,,1626,0,20,AUG25,2000,
5501440,"Ktita, Dhafer",TUN,M,,,,1956,0,20,AUG25,1984,i
5560780,"Laabidi , Selim",TUN,M,,,,1419,0,20,AUG25,2004,
5550955,"Laabidi,Rami",TUN,M,,,,1661,0,20,AUG25,2006,
5539021,"Laadhari, Ali",TUN,M,,,,1668,0,20,AUG25,1971,i
5519721,"Laagab,Mhamed",TUN,M,,,,1834,0,20,AUG25,1994,
5548330,"Laajimi,Anass",TUN,M,,,,1737,0,20,AUG25,2005,
5505160,"Laaribi, Adem",TUN,M,,,,1547,0,20,AUG25,0,i
5519713,"Laaribi,Mariem",TUN,F,,,,1629,0,40,AUG25,2009,w
5535360,"Labbaoui, Adem",TUN,M,,,,1750,0,40,AUG25,2015,
5531403,"Labiadh, Firas",TUN,M,,,,1734,0,20,AUG25,1999,i
5539030,"Labiadh, Hazem",TUN,M,,,,1803,0,20,AUG25,1997,i
5530806,"Labidi, Mahmoud",TUN,M,,,,2137,0,20,AUG25,1979,i
5560020,"Ladjimi, Mohamed Ali",TUN,M,,,,1524,0,20,AUG25,2006,
5502063,"Lahmar, Chaima",TUN,F,,,,1731,0,20,AUG25,1997,wi
5502055,"Lahmar, Mohamed Ali",TUN,M,,,,1733,0,20,AUG25,2001,i
5502403,"Lahouimel, Omar",TUN,M,FM,,,1930,0,20,AUG25,1996,i
5549361,"Lajmi, Ibrahim",TUN,M,,,,1497,0,20,AUG25,1998,
5547512,"Lajmi,Mohamed",TUN,M,,,,1690,0,20,AUG25,1998,
5536103,"Lakhoua, Hammouda",TUN,M,,,,1608,0,20,AUG25,1960,i
5523702,"Lamari,Faycal",TUN,M,,,,1815,0,20,AUG25,1981,i
5531705,"Laouiti, Ali",TUN,M,,,,1480,0,20,AUG25,2005,i
5521300,Lasmar Ahmed,TUN,M,,,,1781,0,20,AUG25,1980,
5550106,"Lasmer,Dhia Eddine",TUN,M,,,,1436,6,20,AUG25,2003,
5544777,"Lasmer,Mohamed Aziz",TUN,M,,,,1839,9,20,AUG25,2004,
5539048,"Lasoued, Ghassen",TUN,M,,,,1771,0,20,AUG25,1984,i
5542669,"Lataoui,Fahd",TUN,M,,,,1543,0,20,AUG25,1969,i
5550335,"Lazrag, Zied",TUN,M,,,,1528,3,20,AUG25,1998,
5503515,"Limam, Bassem",TUN,M,,,,1934,0,20,AUG25,0,
5525160,"Louati, Skandar",TUN,M,,,,1625,0,20,AUG25,1993,i
5539056,"Louhaishi, Ahmed",TUN,M,,,,1731,0,20,AUG25,1999,i
5535034,"Ltaief, Yahia",TUN,M,,,,1476,6,40,AUG25,2011,
5536456,Maalaoui Bilel,TUN,M,,,,1699,0,20,AUG25,1995,
5504112,"Maalaoui, Achraf",TUN,M,,,,AIM,1973,0,AUG25,1994,i
5505879,"Maalmi, Khalil",TUN,M,,,,1861,0,20,AUG25,1986,
5549558,"Maamoun, malek",TUN,M,,,,1745,0,20,AUG25,1961,i
5548934,"Maaref, Imed",TUN,M,,,,1600,0,20,AUG25,1988,
5539064,"Maatallah, Helmi",TUN,M,,,,1562,0,20,AUG25,1966,
5518440,Maatar Abdeljabbar,TUN,M,,,,1978,0,20,AUG25,1956,
5531713,"Maatouk, Mohamed Neji",TUN,M,,,,1550,0,20,AUG25,2004,i
5529298,"Maatouk, Mohamed Yassine",TUN,M,,,,1476,0,20,AUG25,2003,i
5500672,"Mabrouk, Fathi",TUN,M,,,,1987,0,20,AUG25,1984,
5502276,"Mabrouk, Fethi",TUN,M,,"DI,NA",,1607,0,20,AUG25,1957,
5554365,"Mabrouk, Rahim",TUN,M,,,,1508,3,20,AUG25,2006,
5511135,"Madani, Mohamed Salah",TUN,M,,,,1860,0,20,AUG25,1974,i
5540550,"Maftah,Mohamed",TUN,M,,,,1627,0,40,AUG25,2010,
5555566,"Maghraoui,Mohamed Takiy",TUN,M,,,,1472,0,40,AUG25,2013,
5539293,"Mahfoudh, Baha Eddine",TUN,M,,,,1821,0,20,AUG25,2005,
5535778,"Mahjoubi, Rabi",TUN,M,,,,1677,0,20,AUG25,1975,i
5515483,Mahmoudi Chiheb,TUN,M,,,,1788,0,20,AUG25,1991,
5543797,"Mahmoudi,Oussama",TUN,M,,,,1453,0,20,AUG25,2000,i
5502764,"Majdoub, Amrou",TUN,M,,,,1711,0,20,AUG25,2001,i
5503752,"Majdoub, Jihed",TUN,M,,,,1693,0,20,AUG25,2002,i
5516528,"Majdoub,Elae",TUN,F,,,,1620,0,40,AUG25,2012,w
5523273,"Majdoub,Mouadh",TUN,M,,,,1614,0,20,AUG25,2004,
5508720,"MAJOUL, Fadhel",TUN,M,,,,1829,0,20,AUG25,1969,i
5537495,"Makaadi, Youssef",TUN,M,,,,1452,0,40,AUG25,2012,i
5558506,"Makdouli, Adem",TUN,M,,,,1465,0,40,AUG25,2015,
5547547,"Makhlouf,Ahmed",TUN,M,,,,1627,0,40,AUG25,2007,
5562023,"Malek , Fares",TUN,M,,,,1504,0,20,AUG25,2006,
5500060,"Malek, Farabi",TUN,M,FM,,,2196,0,20,AUG25,1965,i
5540364,"Malek, Mohamed Rayen",TUN,M,,,,1462,0,40,AUG25,2014,i
5503140,"Malki, Mounir",TUN,M,,,,1517,0,20,AUG25,1944,
5537096,"Malki,Mourad",TUN,M,,,,1727,0,20,AUG25,2003,
5549655,"Mallah,Abderrahmane",TUN,M,,,,1615,0,40,AUG25,2013,
5549663,"Mallah,Mohamed Khalil",TUN,M,,,,1569,0,40,AUG25,2014,
5550440,"Mallek,Adam",TUN,M,,,,1420,0,40,AUG25,2016,
5507723,"Mammou, Sadok",TUN,M,,,,1753,0,20,AUG25,1965,i
5536472,Mannai Mohamed,TUN,M,,,,1749,0,20,AUG25,1989,
5536464,"Mannai, Khalil",TUN,M,,,,1614,0,20,AUG25,1992,i
5551595,Mannoubi Ahmed,TUN,M,,,,1623,0,40,AUG25,2008,
5515491,Mansouri Brahim,TUN,M,,,,1570,0,20,AUG25,1952,i
5515521,Mansouri Montaha,TUN,F,,,,1452,0,40,AUG25,2007,wi
5523281,"Mardassi,Abdellatif",TUN,M,,,,1623,0,40,AUG25,2008,i
5507995,"Marrakchi, Mahdi",TUN,M,,NA,,1797,0,20,AUG25,1982,
5511615,"Marroui, Sahbi",TUN,M,,,,1868,0,20,AUG25,1988,i
5501148,"Marzouk, Amira",TUN,F,WFM,WFM,,1809,0,20,AUG25,1988,wi
5548187,"Masmoudi, Ahmed",TUN,M,,,,1537,0,40,AUG25,2018,
5531616,"Masmoudi, Mootez",TUN,M,,,,1489,0,20,AUG25,2005,i
5506751,"Mathlouthi, Mohamed Khalil",TUN,M,,,,1566,0,20,AUG25,2005,
5507561,"Matmati, Ramzi",TUN,M,,,,1980,9,20,AUG25,1981,
5501156,"Matoussi, Amani",TUN,F,,NA,,1764,0,20,AUG25,1987,wi
5501164,"Matoussi, Amina",TUN,F,WFM,WFM,,1851,0,20,AUG25,1987,wi
5502322,"Matoussi, Wael",TUN,M,,,,2037,0,20,AUG25,1979,
5530792,"Mbarek, Majdi",TUN,M,,,,1626,0,20,AUG25,1981,i
5543142,"Mbarki,Dhiaeddine",TUN,M,,,,1897,0,20,AUG25,2005,
5507413,"Mdaini, Najib",TUN,M,,,,2002,0,20,AUG25,1971,i
5510767,"Mdaini,Mohamed Aziz",TUN,M,,,,1497,0,20,AUG25,2004,
5508312,"Mdimegh, Mohamed",TUN,M,,,,1650,0,20,AUG25,1993,
5562996,"Mechi, Kousay",TUN,M,,,,1594,0,40,AUG25,2007,
5503000,"Meddeb, Amine",TUN,M,,FI,,1860,0,20,AUG25,1988,i
5501059,"Meddeb, Anis",TUN,M,FM,,,2020,0,20,AUG25,1978,
5501652,"Meddeb, Chadha",TUN,F,WIM,WIM,FA,1743,0,20,AUG25,1993,wi
5548438,"Medimagh,Hiba",TUN,F,,,,1504,0,40,AUG25,2015,w
5551250,"Meftah, Iheb",TUN,M,,,,1476,0,20,AUG25,1999,
5501660,"Meftahi, Houssem Eddine",TUN,M,IM,,,2120,0,20,AUG25,1994,i
5522200,Mefteh Mahdi,TUN,M,,,,1445,0,40,AUG25,2013,
5517737,"Mefteh,Meyssem",TUN,F,WFM,WFM,,1639,0,40,AUG25,2007,w
5548942,"Mehrez, Walid",TUN,M,,,,1555,0,20,AUG25,1983,
5508339,Mehri Hamdi,TUN,M,,,,1869,0,20,AUG25,1994,i
5531608,"Mejri, Tarek",TUN,M,,,,1493,0,20,AUG25,1991,i
5556740,"Mejri,Mahdi",TUN,M,,,,1641,6,40,AUG25,2010,
5523729,"Mekki,Walid",TUN,M,,,,1551,0,20,AUG25,1981,
5513707,Mekni Wajih,TUN,M,,,,1780,0,20,AUG25,2000,
5502772,"Melki, Mounir",TUN,M,,,,1536,0,20,AUG25,0,
5502420,"Melliti, Imed",TUN,M,,,,1549,0,20,AUG25,1973,i
5507740,"Mendili, Khalil",TUN,M,,,,1847,0,20,AUG25,1988,
5541573,"Mendili,Jahed",TUN,M,,,,1822,0,40,AUG25,2015,
5555892,"Mendili,Yakin",TUN,F,,,,1497,0,40,AUG25,2017,w
5531918,"Messaoudi, Abdellatif",TUN,M,,,,1584,17,20,AUG25,1961,
5510422,"Messaoudi, Fethi",TUN,M,,,,1659,0,20,AUG25,1961,i
5521866,"Messaoudi,Walid",TUN,M,,,,1609,0,20,AUG25,1980,
5563135,"Mezhed, Mohamed Khalil",TUN,M,,,,1469,0,20,AUG25,2002,
5514258,Mezni Anis,TUN,M,,,,1721,0,20,AUG25,1987,
5516900,"Mezni, Elyes",TUN,M,,,,1690,0,40,AUG25,2010,i
5556473,"Midassi, Riadh",TUN,M,,,,1435,18,40,AUG25,2014,
5519152,"Mighri,Ali",TUN,M,,,,1576,0,20,AUG25,1986,i
5564484,"Mikchaha, majd",TUN,M,,,,1785,9,40,AUG25,2006,
5503779,"Miladi, Amen",TUN,F,WFM,WFM,,1755,0,20,AUG25,2004,wi
5503507,"Miladi, Chaher Eddine",TUN,M,,FI,,2130,0,20,AUG25,1958,i
5518512,"Mimoun,Chokri",TUN,M,,,,1518,0,20,AUG25,1987,i
5506280,"Mimouna, Issam",TUN,M,,,,1774,0,20,AUG25,1998,
5504252,"Mimouna, Kouraych",TUN,M,,,,1852,0,20,AUG25,0,i
5512816,Missaoui Nizar,TUN,M,,,,1774,0,20,AUG25,1984,i
5540089,"Mizouri, Mohamed Ali",TUN,M,,,,1611,0,20,AUG25,2004,
5535093,"Mlaouah, Mohamed Mehdi",TUN,M,,,,1700,0,40,AUG25,2008,
5507766,"Mnakbi, Mohamed",TUN,M,,,,1851,0,20,AUG25,1984,i
5550114,"Moalla,Rafia",TUN,F,,,,1558,5,40,AUG25,2003,w
5503183,"Mohamed , Romdhane",TUN,M,,,,1942,0,20,AUG25,0,i
5528690,Mohamed Sayah,TUN,M,,,,1539,0,40,AUG25,2016,
5552842,"Mohamed,Aydi",TUN,M,,,,1689,0,20,AUG25,2002,
5539188,"Mokaadi, Sarra",TUN,F,,,,1441,0,40,AUG25,2013,wi
5505542,"Mokhtar, Tarek",TUN,M,,,,1873,0,20,AUG25,0,i
5552869,"Mokhtar,Ben Amor",TUN,M,,,,1856,0,20,AUG25,2003,
5553954,"Mosbeh, Mohamed",TUN,M,,,,1603,0,40,AUG25,2007,
5502799,"Moussa, Ahmed",TUN,M,,,,1849,0,20,AUG25,1990,i
5515203,Mrassi Moatez,TUN,M,,,,1651,0,20,AUG25,2006,i
5535786,"Msaddek, Issam",TUN,M,,,,1639,0,20,AUG25,1970,i
5531578,"Msalmi, Hamed",TUN,M,,,,1938,9,20,AUG25,1988,
45114226,"Naam, Shedy",TUN,M,,,,1522,0,40,AUG25,2008,i
5509653,"Nabli, Mohamed Hedi",TUN,M,,"FI,NA",,1791,0,20,AUG25,1984,i
5553113,"Nabli,Mourad",TUN,M,,NA,,1546,16,20,AUG25,1988,
5507774,"Naddari, Mohamed Ridha",TUN,M,,,,1681,0,20,AUG25,1965,i
5521971,"Nafti,Mohamed",TUN,M,,,,1522,0,40,AUG25,2007,
5513812,"Naguez, Loujein",TUN,F,,,,1485,0,40,AUG25,2010,w
5523737,"Nahom,Perez",TUN,M,,,,1627,0,20,AUG25,1994,i
5551269,"Najah, Ahmed Yessin",TUN,M,,,,1618,19,40,AUG25,2011,
5556520,"Najar, Ahmed Rayen",TUN,M,,,,1633,9,40,AUG25,2010,
5501490,"Najar, Chedly",TUN,M,,,,1970,0,20,AUG25,1944,i
5562031,"Najjar , Mohamed Aladin",TUN,M,,,,1792,0,20,AUG25,1997,
5503191,"Najjar, Khaled",TUN,M,,,,1895,0,20,AUG25,0,i
5508630,"Najjar, Seif",TUN,M,,,,1758,0,20,AUG25,2006,i
5511186,"Najjar, Yasmine",TUN,F,,,,1407,0,40,AUG25,2008,wi
5554560,"Najjar,karam",TUN,M,,,,1592,14,40,AUG25,2013,
5544998,"Najjar,Nader",TUN,M,,,,1586,0,20,AUG25,2004,
5514096,Nakhli Ghazi,TUN,M,,,,ACM,1606,0,AUG25,1984,i
5501075,"Naouali, Bechir",TUN,M,,,,1859,0,20,AUG25,0,
5507235,"Naoui, Kamel",TUN,M,,NA,,1870,0,20,AUG25,1978,i
5522722,"Naoui,Mohamed Moncef",TUN,M,,,,1461,0,40,AUG25,2012,
5509998,"Nasr, Badis",TUN,M,,,,1863,0,20,AUG25,1955,i
5555140,"Nasralli, Mohamed",TUN,M,,,,1646,0,20,AUG25,1976,
5557356,"Nasri , Yacine",TUN,M,,,,1727,0,40,AUG25,2007,
5551277,"Nasri, Bilel",TUN,M,,,,1529,0,20,AUG25,1987,
5505216,"Neggaz, Louey",TUN,M,,,,1646,0,20,AUG25,0,i
5505941,"Nenni, Mokdad",TUN,M,,,,1668,0,20,AUG25,1980,i
5500869,"Njili, Kamel",TUN,M,IM,,,2255,0,20,AUG25,1982,
5502462,"Nouali, Mohamed",TUN,M,FM,,,2048,0,20,AUG25,2000,i
5522501,NOUAR GHASSEN,TUN,M,,,,1726,0,20,AUG25,2004,i
5503981,"Nouira, Najeh",TUN,M,,,,1921,0,20,AUG25,0,
5556767,"Nouira,Bassem",TUN,M,,,,1923,0,20,AUG25,1998,
5543886,"Nouira,Jalel",TUN,M,,,,1767,0,20,AUG25,1968,i
5536553,"Nouiri, Aziz",TUN,M,,,,1401,0,40,AUG25,2008,i
5521823,"Nouisser,Oussama",TUN,M,,,,1699,0,20,AUG25,2000,i
5511631,"Noumi, Amir",TUN,M,,,,1841,0,20,AUG25,1989,i
5555760,"Nsiri,Yahya",TUN,M,,,,1504,0,40,AUG25,2009,
5550050,Omar Zerriaa,TUN,M,,,,1476,0,40,AUG25,2013,
5525217,"Omraoui,Nader",TUN,M,,,,1761,0,20,AUG25,1990,i
5532922,"Omri, Rabii",TUN,M,,,,1912,0,20,AUG25,1970,i
5501601,"Ouannes, Majed",TUN,M,,,,1720,0,20,AUG25,2000,i
5555574,"Ouchikh, Oussema",TUN,M,,,,1466,0,20,AUG25,2001,
5521475,"Oudhini,Helmi",TUN,M,,,,1735,0,20,AUG25,2000,
5531420,"Ouerhani, Hassen",TUN,M,,,,1779,0,20,AUG25,1988,i
5539676,"Oueslati, Youssef",TUN,M,,,,1421,0,40,AUG25,2014,
5541026,"Oueslati,Skander",TUN,M,,,,1423,0,40,AUG25,2017,
5550858,"Ouesleti,Rayane",TUN,M,,,,1466,0,40,AUG25,2009,
5563020,"Oukhai, Amir",TUN,M,,,,1540,0,40,AUG25,2012,
5552885,"Oumayma,Ben Harzallah",TUN,F,,,,1415,0,20,AUG25,1998,w
5536570,"Qhman, Mohammed",TUN,M,,,,1705,0,20,AUG25,1998,i
5505232,"Rabhi, Lotfi",TUN,M,,,,1651,0,20,AUG25,0,i
5531560,"Rabi, Maram",TUN,F,,,,1651,0,40,AUG25,2008,wi
5555779,"Rabii,Iyes",TUN,M,,,,1576,0,40,AUG25,2010,
5562287,"radhouani, khalil",TUN,M,,,,1416,0,40,AUG25,2009,
5554357,"Rafrafi, Amin",TUN,M,,,,1557,0,20,AUG25,2004,i
5514479,Ragoubi Faouzi,TUN,M,,,,1773,0,20,AUG25,1968,i
5532302,"Rahali, Mohamed hedi",TUN,M,,,,1564,0,40,AUG25,2012,
5538416,"Rahali, Yassmine",TUN,F,,,,1524,0,40,AUG25,2010,w
5500052,"Rahmani, Chedly",TUN,M,,,,2152,0,20,AUG25,1966,i
5511682,"Ramadi, Noureddine",TUN,M,,,,1729,0,20,AUG25,1955,
5507138,"Rammadi, Noureddine",TUN,M,,,,1948,0,20,AUG25,1955,i
5543908,"Raoudh,Oussama",TUN,M,,,,1431,0,20,AUG25,1998,
5533260,"Redissi, Taki",TUN,M,,,,1531,4,40,AUG25,2010,
5536596,Reguiai Mohamed,TUN,M,,,,1769,6,40,AUG25,2008,
5530679,"Reguigui, Maher",TUN,M,,,,1484,0,20,AUG25,2006,
5514100,Rekik Ismail,TUN,M,,,,2021,0,20,AUG25,1993,
5530326,Rekik Mohamed,TUN,M,,,,1694,0,20,AUG25,1994,
5510465,"Rekik, Ghazi",TUN,M,,IA,,1793,0,20,AUG25,1992,i
5538165,"Rezgui, Mohamed",TUN,M,,,,1587,0,20,AUG25,1993,i
5539072,"Rguez, Assil",TUN,M,,,,1524,0,20,AUG25,2005,i
5539080,"Rguez, Ishak",TUN,M,,,,1500,0,20,AUG25,1984,i
5536618,Riahi Houssem,TUN,M,,,,1703,0,20,AUG25,1989,i
5507480,"Riden, Abd Sattar",TUN,M,,,,1875,0,20,AUG25,1988,i
5534267,"Rjeb, Eya",TUN,F,,,,1410,0,40,AUG25,2011,wi
5534259,"Rjeb, Mariem",TUN,F,,,,1426,0,20,AUG25,2005,wi
5539307,"Rjeb, Nadine",TUN,F,,,,1716,0,40,AUG25,2011,w
5504732,"Romdhan, Ahmed",TUN,M,,,,1568,0,40,AUG25,2009,i
5531365,"Romdhan, Youssef",TUN,M,,,,1627,0,20,AUG25,2004,
5538181,"Romdhane, Ferid",TUN,M,,,,1597,9,20,AUG25,1975,
5558786,"Romdhane, Mariem",TUN,M,,,,1519,27,40,AUG25,2014,
5505550,"Romdhane, Mohamed",TUN,M,,,,1827,7,20,AUG25,1968,
5535158,"Romdhani, Khmaies",TUN,M,,,,1752,0,20,AUG25,1985,
5510368,"Rsaissi, Adnen",TUN,M,,,,1874,0,20,AUG25,1974,i
5500745,"Saadani, Tarak",TUN,M,,,,2024,0,20,AUG25,1974,i
5511151,"Saadaoui, Jaafer",TUN,M,,NA,,1985,20,20,AUG25,1994,
5517664,"Saadaoui, Mohamed Iyad",TUN,M,,,,1596,0,40,AUG25,2009,
5513235,Saadi Med Bechir,TUN,M,,,,1478,0,40,AUG25,2007,i
5513510,Saadi Mohamed Amine,TUN,M,,,,1508,0,20,AUG25,2005,i
5505984,"Sadkaoui, Ghazi",TUN,M,,,,1863,0,20,AUG25,1973,
5522706,"Sadkaoui,Mohamed",TUN,M,,,,1549,0,40,AUG25,2012,
5508428,"Safraoui, Salah",TUN,M,,,,1895,0,20,AUG25,1958,
5503990,"Safta, Firas-16",TUN,M,,,,1722,0,20,AUG25,0,i
5519128,"Sagar,Ihsen",TUN,M,,,,1803,6,20,AUG25,1986,
5554373,"Said, Ahmed",TUN,M,,,,1444,0,20,AUG25,2006,
5548713,"Saidani, Mohamed Anas",TUN,M,,,,1809,0,40,AUG25,2013,
5530580,Saidi Mohamed hassen,TUN,M,,,,1721,0,40,AUG25,2008,
5522145,"Saidi, Chokri",TUN,M,,IO,,1432,0,20,AUG25,1975,i
5529689,"Saidi, Mohamed Ali",TUN,M,,,,1908,0,40,AUG25,2011,
5531985,"Saidi, Mootez",TUN,M,,,,1722,6,40,AUG25,2009,
5510147,"Saidi, Sami",TUN,M,,,,1730,0,20,AUG25,1994,i
5552427,"Saidi,Belgacem",TUN,M,,,,1685,0,20,AUG25,1973,i
5529964,"Saidi,Ridha",TUN,M,,,,1506,0,20,AUG25,1972,i
5521033,"Saifeddine, Affana",TUN,M,,NA,,ACM,1675,0,AUG25,1987,i
5551315,"Saket, Hassen",TUN,M,,,,1524,7,40,AUG25,2010,
5510015,"Sakkouhi, Samir",TUN,M,,,,1831,0,20,AUG25,1960,i
5550602,"Salah,Adem",TUN,M,,,,1669,0,40,AUG25,2014,
5541239,"Saleh,Iyed",TUN,M,,,,1588,0,40,AUG25,2016,
5535166,"Salhi, Abdelfateh",TUN,M,,,,1642,0,20,AUG25,1994,i
5538823,"Salhi, Abdelfattah",TUN,M,,,,1545,0,20,AUG25,1988,
5548217,"Sali, Faysal",TUN,M,,,,1496,0,20,AUG25,1976,
5530270,Sallem Seif Eddine,TUN,M,,,,1800,0,20,AUG25,1990,i
5518571,"Samali,Abdelhamid",TUN,M,,,,1711,7,20,AUG25,1959,
5546117,"Samet,Aymen",TUN,M,,,,1559,0,40,AUG25,2017,
5513227,Sanaa Najd,TUN,M,,,,1428,0,40,AUG25,2007,
5505259,"Sanaa, Walid",TUN,M,,,,2026,0,20,AUG25,0,i
5523869,Saoud Hassan,TUN,M,,,,1599,0,20,AUG25,1998,i
5533058,"Saoud, Mohamed Amine",TUN,M,,,,1574,0,20,AUG25,2002,i
5507782,"Saoud, Slim",TUN,M,,,,1683,0,20,AUG25,1972,
5530490,Sassi Abdelatif,TUN,M,,,,1659,0,20,AUG25,1961,
5502438,"Sassi, Adnen",TUN,M,,,,2021,0,20,AUG25,1980,i
5500753,"Sassi, Ahmed",TUN,M,,,,1647,0,20,AUG25,1982,
5521009,"Sassi,Nizar",TUN,M,,,,1416,0,20,AUG25,2006,i
5541646,"sassi,Saber",TUN,M,,,,1671,0,20,AUG25,1981,
5549930,Sayada Haninay,TUN,M,,,,1558,0,20,AUG25,1995,i
5520827,"Sayah, Nabil",TUN,M,,,,1615,0,20,AUG25,1972,i
5501679,"Sayah, Wassim",TUN,M,,,,1760,0,20,AUG25,1976,i
5506000,"Sayari, Sofien",TUN,M,,,,1667,6,20,AUG25,1968,
5510333,"Sayhi, Yassine",TUN,M,,,,1888,0,20,AUG25,1991,i
5530741,"Sbaa, Mohamed Hedi",TUN,M,,,,1823,0,20,AUG25,1995,i
5530733,"Sbaa, Saif Eddine",TUN,M,,,,1886,0,20,AUG25,1999,i
5512000,"Sboui, Samer",TUN,M,,,,1817,0,20,AUG25,1993,
5541654,"Sboui,Idriss",TUN,M,,,,1734,0,20,AUG25,1987,i
5500141,Schenaoui Nabil,TUN,M,,"FI,NA",,AGM,2022,0,AUG25,1965,
5541042,"Seffen,Farah",TUN,F,,,,1539,0,40,AUG25,2008,w
5557941,"Sellami, Mohamed Hedi",TUN,M,,,,1609,0,20,AUG25,1995,
5555108,"Sellami, Rafik",TUN,M,,,,1424,0,20,AUG25,1999,
5504279,"Selmi, Amor",TUN,M,,,,1548,0,20,AUG25,1977,
5537975,"Selmi, Moez",TUN,M,,,,1564,0,20,AUG25,1971,
5517770,"Selmi,Hedi",TUN,M,,,,1737,0,20,AUG25,1988,i
5541743,"Selmi,Mehrez",TUN,M,,,,1642,0,20,AUG25,1971,
5552273,Sfar Oussama,TUN,M,,,,1466,0,20,AUG25,2001,
5547814,"Sfaxi , Hatem",TUN,M,,,,1547,0,20,AUG25,1983,
5500176,"Sghaier, Mokhtar",TUN,M,,,,1961,0,20,AUG25,0,i
5523400,"Shabou,Mohamed Ridha",TUN,M,,,,1837,0,20,AUG25,1983,i
5557607,"Shili , Zouhair",TUN,M,,,,1597,0,20,AUG25,1970,
5507294,"Shili, Abderrazek",TUN,M,,,,1836,0,20,AUG25,1970,i
5554047,"Shili, Med Yassine",TUN,M,,,,1585,0,40,AUG25,2012,
5541069,"Shili,Aymen",TUN,M,,,,1619,0,20,AUG25,1996,
5537509,"Shill, Amen Allah",TUN,M,,,,1837,0,40,AUG25,2008,
5546320,"Siala,Adem",TUN,M,,,,1508,0,40,AUG25,2015,
5514681,Sioud Tawfik,TUN,M,,,,1672,0,20,AUG25,1972,i
5513243,Skhiri Youssef,TUN,M,,,,1744,0,40,AUG25,2007,
5531438,"Slama, Aymen",TUN,M,,,,1654,0,20,AUG25,1995,i
5525250,"Smaali,Ahmed",TUN,M,,,,1538,0,20,AUG25,1996,i
5501539,"Smida, Tahar",TUN,M,,,,1824,0,20,AUG25,0,i
5527570,smidi Taher,TUN,M,,,,1638,0,20,AUG25,1989,
5531470,"Smiri, Walid",TUN,M,,,,1697,0,20,AUG25,1981,i
5536642,"Soltane, Abderrahmen",TUN,M,,,,1671,0,20,AUG25,1987,i
5508444,"Soudani, Hassan",TUN,M,,,,1583,0,20,AUG25,1973,
5529000,"Souibgui, Maram",TUN,F,,,,1486,0,40,AUG25,2010,w
5506867,"Souissi, Adem",TUN,M,,,,1459,0,20,AUG25,2006,i
5538190,"Souissi, Ameur",TUN,M,,,,1501,0,20,AUG25,1961,
5502845,"Souissi, Farouk",TUN,M,,,,1577,0,20,AUG25,0,
5531047,"Souissi, Imed",TUN,M,,,,1737,0,20,AUG25,1973,i
5509610,"Souissi, Nebil",TUN,M,,NA,,1849,0,20,AUG25,1973,i
5520371,"Souli, Sarhane",TUN,M,,,,1913,0,20,AUG25,1987,i
5544270,"Soumri,Badis",TUN,M,,,,1648,0,20,AUG25,2000,
5512751,Souri Med Bechir,TUN,M,,,,1628,0,20,AUG25,1981,i
5541280,"Sriha,Mohamed",TUN,M,,,,1523,0,20,AUG25,1986,i
5561221,"Tabassi , Houssem",TUN,M,,,,1645,7,20,AUG25,2003,
5555078,"Taieb, Mohamed Hamdi",TUN,M,,,,1703,0,20,AUG25,1983,
5500770,"Taieb, Sahbi",TUN,M,CM,,,2106,0,20,AUG25,1987,i
5555809,"Tajouri,Mounir",TUN,M,,,,1684,0,20,AUG25,1962,
5503213,"Taktak , Salmen",TUN,M,,,,1866,0,20,AUG25,0,i
5501105,"Tamzali, Baccar",TUN,M,,,,1933,0,20,AUG25,1993,i
5516730,"Tamzali,Mahjoub",TUN,M,,,,1832,5,20,AUG25,2000,
5554446,"Tawfik, Khalil",TUN,M,,,,1644,0,20,AUG25,1963,i
5500095,"Tbourbi, Khaled",TUN,M,,,,2195,0,20,AUG25,0,i
5552303,Thami Ahmed Amine,TUN,M,,,,1644,0,20,AUG25,1999,i
5501113,"Tira, Mohamed Ali",TUN,M,,NA,,2051,0,20,AUG25,1991,i
5555060,"Tiwajni, Wassim",TUN,M,,,,1552,0,20,AUG25,2003,
5505410,"Tka , Adnene",TUN,M,,,,1957,0,20,AUG25,0,i
5506115,Tkitek Mohamed Mejed,TUN,M,,,,1917,0,20,AUG25,1966,i
5509742,"Tkitek, Walid",TUN,M,,,,1980,0,20,AUG25,1977,i
5548748,"Tormane, Youssef",TUN,M,,,,1618,0,40,AUG25,2016,
5557410,Toujani Maher,TUN,M,,,,1437,0,20,AUG25,2004,
5560560,"Toukebri, Ahmed",TUN,M,,,,1706,8,40,AUG25,1976,
5552753,"Touzri,Youssef",TUN,M,,,,1432,0,20,AUG25,1986,i
5502268,"Trabelsi, Haykel",TUN,M,,,,1846,0,20,AUG25,0,i
5561310,"Trabelsi, Mohamed",TUN,M,,,,1717,0,20,AUG25,1975,
5523427,"Trabelsi,Ahmed",TUN,M,,,,1474,0,20,AUG25,1993,
5523435,"Trabelsi,Wajdi",TUN,M,,,,1832,0,20,AUG25,1986,
5546192,"Trigui,Mahdi",TUN,M,,,,1580,0,20,AUG25,2002,
5550629,"Triki,Yassine",TUN,M,,,,1619,0,40,AUG25,2014,
5500451,"Tritar, Kamel",TUN,M,,,,AGM,1914,0,AUG25,1968,
5526620,Turki aymen,TUN,M,,,,1761,0,20,AUG25,2003,i
5536685,"Turki, Anis",TUN,M,,,,1547,0,20,AUG25,1982,i
5507537,"Turki, Riadh",TUN,M,,,,1510,0,20,AUG25,1981,
5509700,"Turki, Sami",TUN,M,,,,1867,0,20,AUG25,1984,i
5562368,"Wanich, Mootez",TUN,M,,,,1424,0,40,AUG25,2016,
5541352,"Weslati,Monem",TUN,M,,,,1712,0,20,AUG25,1971,
5533252,"Yaakoubi, Mohamed Amine",TUN,M,,,,1786,0,20,AUG25,1986,
5503248,"Yacine , Ben Thabet",TUN,M,,,,1869,0,20,AUG25,0,
5560799,"Yahia , Iyed",TUN,M,,,,1526,0,20,AUG25,1996,
5554608,"Yahya,asmi",TUN,M,,,,1649,0,20,AUG25,2005,
5555000,"Yahyaoui, Ramzi",TUN,M,,,,1936,0,20,AUG25,1973,
5556511,"Yahyaoui, Zine eddine",TUN,M,,,,1459,12,40,AUG25,2015,
5548632,"Yahyaoui,Louay",TUN,M,,,,1744,4,40,AUG25,2007,
5525284,"Yahyaoui,Rafik",TUN,M,,,,1650,0,20,AUG25,1980,i
5535808,"Yakoubi, Mohamed Amine",TUN,M,,,,1788,0,20,AUG25,1986,i
5525489,YASSER CHEBBI,TUN,M,,,,1672,0,20,AUG25,1996,i
5527058,Yassine Bessaies,TUN,M,,,,1602,0,20,AUG25,2004,i
5525454,"Younes, Hamdi",TUN,M,,,,1645,0,20,AUG25,1977,i
5548764,"Zaafrane, Anas",TUN,M,,,,1473,0,40,AUG25,2016,
5554489,"Zaara, Ahmed Khalil",TUN,M,,,,1840,0,40,AUG25,2012,
5536847,"Zaghdoudi, Issa",TUN,M,,,,1563,0,20,AUG25,2003,
5500907,"Zaghouani, Adel",TUN,M,,,,1872,0,20,AUG25,1965,
5500796,"Zaibi, Amir",TUN,M,GM,,,2260,0,20,AUG25,1988,
5551684,Zairi Abdallah,TUN,M,,,,1536,0,20,AUG25,1994,
5507790,"Zairi, Aymen",TUN,M,,,,1804,0,20,AUG25,1985,i
5504015,"Zakhama, Yosri",TUN,M,,IA,,1774,0,20,AUG25,1979,i
5512034,"Zakraoui, Faouzi",TUN,M,,,,1696,0,20,AUG25,1977,i
5525292,"Zakraoui,Faouzi",TUN,M,,,,1663,0,20,AUG25,1963,i
5532973,"Zamiti, Amin",TUN,M,,,,1723,0,20,AUG25,1982,i
5503833,"Zanina, Moncef",TUN,M,,,,2085,0,20,AUG25,0,i
5552346,Zaoui Hamza,TUN,M,,,,1598,0,20,AUG25,2000,i
5509688,"Zarougui, Abdallah",TUN,M,,NI,,1750,22,20,AUG25,1963,
5516439,Zarrouk Zaid,TUN,M,,,,1455,0,20,AUG25,2005,i
5512948,"Zarrouk, Makrem",TUN,M,,,,1789,0,20,AUG25,1972,i
5503345,"Zaydia, Marwen",TUN,M,,,,2044,0,20,AUG25,1987,
5563011,"Zellama, Alae",TUN,M,,,,1577,0,40,AUG25,2012,
5515017,"Zena, Hachem",TUN,M,,,,1548,0,40,AUG25,2010,
5515084,"Zena, Ilef",TUN,F,,,,1409,0,40,AUG25,2008,wi
5515220,"Zena,Rawaf",TUN,F,,,,1600,0,40,AUG25,2012,w
5500206,"Zenaidi, Kais",TUN,M,,,,1887,0,20,AUG25,1972,i
5510139,"Zenaidi, Mohtadi",TUN,M,,,,1716,0,20,AUG25,2005,
5510112,"Zenaidi, Mokhtar",TUN,M,,,,1966,0,20,AUG25,2003,
5510120,"Zenaidi, Sadok",TUN,M,,,,1949,0,20,AUG25,2005,
5525322,"Zenaidi,Fatma Ezzahra",TUN,F,,,,1522,0,40,AUG25,2009,wi
5523770,"Zenkri,Khoubaib",TUN,M,,,,1647,0,20,AUG25,1989,
5517508,"Zgolli,Yassine",TUN,M,,,,1535,0,20,AUG25,2006,i
5537177,"Ziadi, Foued",TUN,M,,,,1760,0,20,AUG25,1967,
5500923,"Ziche, Jelel",TUN,M,,,,1516,0,20,AUG25,1965,
5541328,"Zidi,Ayoub",TUN,M,,,,1624,0,40,AUG25,2009,
5508479,"Zied, Mohamed",TUN,M,,,,1596,0,20,AUG25,1982,i
5506336,"Zkhama, Yossri",TUN,M,,,,1904,0,20,AUG25,1979,i
5508487,"Znazen, Nizar",TUN,M,,,,1684,0,20,AUG25,1972,
5557615,"Zoghlami , Mohamed Amine",TUN,M,,,,1484,0,20,AUG25,2006,
5504813,"Zormati, Wassim",TUN,M,,,,1710,0,20,AUG25,2000,i
5517516,"Zouaghi,Ahmed",TUN,M,,,,1905,0,20,AUG25,2006,
5507588,"Zouaoui, Mohamed",TUN,M,,,,2090,0,20,AUG25,1961,i
5503256,"Zouaoui, Mohamed",TUN,M,,,,1836,0,20,AUG25,1987,i
5513596,Zouari Youssef,TUN,M,,,,1562,0,20,AUG25,2003,
5510198,"Zouari, Hafedh",TUN,M,,,,1952,0,20,AUG25,1970,i
5562791,"zouari, haitham",TUN,M,,,,1721,0,20,AUG25,1999,
5504830,"Zouari, Med Hedi",TUN,M,,,,1783,0,20,AUG25,0,i
5505429,"Zouari, Mohamed Fakher",TUN,M,,,,1565,0,20,AUG25,1976,i
5552745,"Zouari, Mohamed Habib",TUN,M,,,,1726,0,20,AUG25,1971,i
5506220,"Zouari, Mohanned",TUN,M,,,,1814,0,20,AUG25,2003,
5546982,"Zouari,Hammadi",TUN,M,,,,1709,0,20,AUG25,1959,
5546990,"Zouari,Youssef",TUN,M,,,,1429,0,40,AUG25,2013,
5508495,"Zoubeidi, Hamed",TUN,M,,,,1717,3,20,AUG25,1984,
5554080,"Zrelli, Ahmad",TUN,M,,,,1642,0,40,AUG25,2007,