[
  {
    "ID Number": "13616609"
  },
  {
    "ID Number": "13620754"
  },
  {
    "ID Number": "13643142"
  },
  {
    "ID Number": "13626850"
  },
  {
    "ID Number": "13621696"
  },
  {
    "ID Number": "13627538"
  },
  {
    "ID Number": "13638300"
  },
  {
    "ID Number": "13606042"
  },
  {
    "ID Number": "13602900"
  },
  {
    "ID Number": "13641956"
  },
  {
    "ID Number": "13618067"
  },
  {
    "ID Number": "13636812"
  },
  {
    "ID Number": "13620797"
  },
  {
    "ID Number": "13641417"
  },
  {
    "ID Number": "13625853"
  },
  {
    "ID Number": "13614584"
  },
  {
    "ID Number": "13639196"
  },
  {
    "ID Number": "13628143"
  },
  {
    "ID Number": "13616153"
  },
  {
    "ID Number": "13609351"
  },
  {
    "ID Number": "13637320"
  },
  {
    "ID Number": "13633260"
  },
  {
    "ID Number": "13619403"
  },
  {
    "ID Number": "13617362"
  },
  {
    "ID Number": "13601938"
  },
  {
    "ID Number": "13637479"
  },
  {
    "ID Number": "13629816"
  },
  {
    "ID Number": "13632949"
  },
  {
    "ID Number": "13640607"
  },
  {
    "ID Number": "13643681"
  },
  {
    "ID Number": "13610260"
  },
  {
    "ID Number": "13636081"
  },
  {
    "ID Number": "13636103"
  },
  {
    "ID Number": "13650637"
  },
  {
    "ID Number": "13636111"
  },
  {
    "ID Number": "13636006"
  },
  {
    "ID Number": "13639250"
  },
  {
    "ID Number": "13611089"
  },
  {
    "ID Number": "13603728"
  },
  {
    "ID Number": "13639447"
  },
  {
    "ID Number": "13635220"
  },
  {
    "ID Number": "13635026"
  },
  {
    "ID Number": "13603710"
  },
  {
    "ID Number": "13620142"
  },
  {
    "ID Number": "13613685"
  },
  {
    "ID Number": "13625950"
  },
  {
    "ID Number": "13642758"
  },
  {
    "ID Number": "13630660"
  },
  {
    "ID Number": "13625330"
  },
  {
    "ID Number": "13636022"
  },
  {
    "ID Number": "13619853"
  },
  {
    "ID Number": "13618610"
  },
  {
    "ID Number": "13615475"
  },
  {
    "ID Number": "13622315"
  },
  {
    "ID Number": "13629590"
  },
  {
    "ID Number": "13604040"
  },
  {
    "ID Number": "13611054"
  },
  {
    "ID Number": "13628704"
  },
  {
    "ID Number": "13630911"
  },
  {
    "ID Number": "13648608"
  },
  {
    "ID Number": "13619306"
  },
  {
    "ID Number": "13650947"
  },
  {
    "ID Number": "13614835"
  },
  {
    "ID Number": "13639269"
  },
  {
    "ID Number": "13610511"
  },
  {
    "ID Number": "13649965"
  },
  {
    "ID Number": "13624733"
  },
  {
    "ID Number": "13633473"
  },
  {
    "ID Number": "13635360"
  },
  {
    "ID Number": "13601741"
  },
  {
    "ID Number": "13629603"
  },
  {
    "ID Number": "13614525"
  },
  {
    "ID Number": "13646397"
  },
  {
    "ID Number": "13607758"
  },
  {
    "ID Number": "13641980"
  },
  {
    "ID Number": "13636715"
  },
  {
    "ID Number": "13637231"
  },
  {
    "ID Number": "13626493"
  },
  {
    "ID Number": "13626124"
  },
  {
    "ID Number": "13625187"
  },
  {
    "ID Number": "13637037"
  },
  {
    "ID Number": "13643118"
  },
  {
    "ID Number": "13645978"
  },
  {
    "ID Number": "13622510"
  },
  {
    "ID Number": "13624725"
  },
  {
    "ID Number": "13603027"
  },
  {
    "ID Number": "13618644"
  },
  {
    "ID Number": "13641042"
  },
  {
    "ID Number": "13601326"
  },
  {
    "ID Number": "13611399"
  },
  {
    "ID Number": "13622471"
  },
  {
    "ID Number": "13616331"
  },
  {
    "ID Number": "13626353"
  },
  {
    "ID Number": "13600133"
  },
  {
    "ID Number": "13611330"
  },
  {
    "ID Number": "13621726"
  },
  {
    "ID Number": "13646907"
  },
  {
    "ID Number": "13611577"
  },
  {
    "ID Number": "13613863"
  },
  {
    "ID Number": "13628755"
  },
  {
    "ID Number": "13600915"
  },
  {
    "ID Number": "13630334"
  },
  {
    "ID Number": "13601881"
  },
  {
    "ID Number": "13602420"
  },
  {
    "ID Number": "13626256"
  },
  {
    "ID Number": "13634445"
  },
  {
    "ID Number": "13628712"
  },
  {
    "ID Number": "13639285"
  },
  {
    "ID Number": "13613057"
  },
  {
    "ID Number": "13628240"
  },
  {
    "ID Number": "13628950"
  },
  {
    "ID Number": "13621017"
  },
  {
    "ID Number": "13637193"
  },
  {
    "ID Number": "13643630"
  },
  {
    "ID Number": "13651234"
  },
  {
    "ID Number": "13616234"
  },
  {
    "ID Number": "13628321"
  },
  {
    "ID Number": "13621106"
  },
  {
    "ID Number": "13602993"
  },
  {
    "ID Number": "13642197"
  },
  {
    "ID Number": "13651250"
  },
  {
    "ID Number": "13632175"
  },
  {
    "ID Number": "13615777"
  },
  {
    "ID Number": "13609050"
  },
  {
    "ID Number": "13610937"
  },
  {
    "ID Number": "13613278"
  },
  {
    "ID Number": "13620762"
  },
  {
    "ID Number": "13620185"
  },
  {
    "ID Number": "13627384"
  },
  {
    "ID Number": "13613294"
  },
  {
    "ID Number": "13620240"
  },
  {
    "ID Number": "13619756"
  },
  {
    "ID Number": "13637347"
  },
  {
    "ID Number": "13650050"
  },
  {
    "ID Number": "13616927"
  },
  {
    "ID Number": "13641999"
  },
  {
    "ID Number": "13650068"
  },
  {
    "ID Number": "13623893"
  },
  {
    "ID Number": "13635328"
  },
  {
    "ID Number": "13612484"
  },
  {
    "ID Number": "13648993"
  },
  {
    "ID Number": "13621491"
  },
  {
    "ID Number": "13610368"
  },
  {
    "ID Number": "13634453"
  },
  {
    "ID Number": "13634461"
  },
  {
    "ID Number": "13619080"
  },
  {
    "ID Number": "13617486"
  },
  {
    "ID Number": "13619098"
  },
  {
    "ID Number": "13613766"
  },
  {
    "ID Number": "13647962"
  },
  {
    "ID Number": "13603086"
  },
  {
    "ID Number": "13604619"
  },
  {
    "ID Number": "13604597"
  },
  {
    "ID Number": "13603841"
  },
  {
    "ID Number": "13621114"
  },
  {
    "ID Number": "13600192"
  },
  {
    "ID Number": "13635450"
  },
  {
    "ID Number": "13641727"
  },
  {
    "ID Number": "13633554"
  },
  {
    "ID Number": "13632752"
  },
  {
    "ID Number": "13633066"
  },
  {
    "ID Number": "13617664"
  },
  {
    "ID Number": "13645986"
  },
  {
    "ID Number": "13603400"
  },
  {
    "ID Number": "13638114"
  },
  {
    "ID Number": "13636480"
  },
  {
    "ID Number": "13641247"
  },
  {
    "ID Number": "13647121"
  },
  {
    "ID Number": "13629425"
  },
  {
    "ID Number": "13607880"
  },
  {
    "ID Number": "13600290"
  },
  {
    "ID Number": "13601873"
  },
  {
    "ID Number": "13604236"
  },
  {
    "ID Number": "13615068"
  },
  {
    "ID Number": "13610317"
  },
  {
    "ID Number": "13624687"
  },
  {
    "ID Number": "13617338"
  },
  {
    "ID Number": "13640380"
  },
  {
    "ID Number": "13634356"
  },
  {
    "ID Number": "13615181"
  },
  {
    "ID Number": "13610449"
  },
  {
    "ID Number": "13624741"
  },
  {
    "ID Number": "13603663"
  },
  {
    "ID Number": "13635468"
  },
  {
    "ID Number": "13625861"
  },
  {
    "ID Number": "13624679"
  },
  {
    "ID Number": "13620568"
  },
  {
    "ID Number": "13611402"
  },
  {
    "ID Number": "13613103"
  },
  {
    "ID Number": "13604732"
  },
  {
    "ID Number": "13603264"
  },
  {
    "ID Number": "13624113"
  },
  {
    "ID Number": "13639307"
  },
  {
    "ID Number": "13628542"
  },
  {
    "ID Number": "13636928"
  },
  {
    "ID Number": "13616242"
  },
  {
    "ID Number": "13638882"
  },
  {
    "ID Number": "13631624"
  },
  {
    "ID Number": "13608371"
  },
  {
    "ID Number": "13634780"
  },
  {
    "ID Number": "13606786"
  },
  {
    "ID Number": "13618849"
  },
  {
    "ID Number": "13622854"
  },
  {
    "ID Number": "13600435"
  },
  {
    "ID Number": "13638890"
  },
  {
    "ID Number": "13620533"
  },
  {
    "ID Number": "13621513"
  },
  {
    "ID Number": "13628984"
  },
  {
    "ID Number": "13634470"
  },
  {
    "ID Number": "13631462"
  },
  {
    "ID Number": "13612166"
  },
  {
    "ID Number": "13610082"
  },
  {
    "ID Number": "13633279"
  },
  {
    "ID Number": "13616862"
  },
  {
    "ID Number": "13616870"
  },
  {
    "ID Number": "13641875"
  },
  {
    "ID Number": "13641107"
  },
  {
    "ID Number": "13601547"
  },
  {
    "ID Number": "13606808"
  },
  {
    "ID Number": "13624920"
  },
  {
    "ID Number": "13631306"
  },
  {
    "ID Number": "13619330"
  },
  {
    "ID Number": "13606530"
  },
  {
    "ID Number": "13617931"
  },
  {
    "ID Number": "13621149"
  },
  {
    "ID Number": "13620460"
  },
  {
    "ID Number": "13612220"
  },
  {
    "ID Number": "13618857"
  },
  {
    "ID Number": "13634488"
  },
  {
    "ID Number": "13619390"
  },
  {
    "ID Number": "13603175"
  },
  {
    "ID Number": "13607359"
  },
  {
    "ID Number": "13610384"
  },
  {
    "ID Number": "13626361"
  },
  {
    "ID Number": "13601431"
  },
  {
    "ID Number": "13647113"
  },
  {
    "ID Number": "13619110"
  },
  {
    "ID Number": "13605828"
  },
  {
    "ID Number": "13620886"
  },
  {
    "ID Number": "13619705"
  },
  {
    "ID Number": "13606816"
  },
  {
    "ID Number": "13639706"
  },
  {
    "ID Number": "13626370"
  },
  {
    "ID Number": "13626507"
  },
  {
    "ID Number": "13600036"
  },
  {
    "ID Number": "13634810"
  },
  {
    "ID Number": "13646613"
  },
  {
    "ID Number": "13602039"
  },
  {
    "ID Number": "13628666"
  },
  {
    "ID Number": "13634143"
  },
  {
    "ID Number": "13634151"
  },
  {
    "ID Number": "13605186"
  },
  {
    "ID Number": "13610104"
  },
  {
    "ID Number": "13613774"
  },
  {
    "ID Number": "13622463"
  },
  {
    "ID Number": "13601571"
  },
  {
    "ID Number": "13629433"
  },
  {
    "ID Number": "13625020"
  },
  {
    "ID Number": "13625039"
  },
  {
    "ID Number": "13629905"
  },
  {
    "ID Number": "13646460"
  },
  {
    "ID Number": "13623907"
  },
  {
    "ID Number": "13634496"
  },
  {
    "ID Number": "13602977"
  },
  {
    "ID Number": "13644483"
  },
  {
    "ID Number": "13624377"
  },
  {
    "ID Number": "13632108"
  },
  {
    "ID Number": "13628879"
  },
  {
    "ID Number": "13636014"
  },
  {
    "ID Number": "13610686"
  },
  {
    "ID Number": "13623940"
  },
  {
    "ID Number": "13628887"
  },
  {
    "ID Number": "13605577"
  },
  {
    "ID Number": "13617087"
  },
  {
    "ID Number": "13601750"
  },
  {
    "ID Number": "13640844"
  },
  {
    "ID Number": "13637290"
  },
  {
    "ID Number": "13635166"
  },
  {
    "ID Number": "13649027"
  },
  {
    "ID Number": "13613014"
  },
  {
    "ID Number": "13603736"
  },
  {
    "ID Number": "13627830"
  },
  {
    "ID Number": "13605194"
  },
  {
    "ID Number": "13610074"
  },
  {
    "ID Number": "13610015"
  },
  {
    "ID Number": "13618423"
  },
  {
    "ID Number": "13601059"
  },
  {
    "ID Number": "13612182"
  },
  {
    "ID Number": "13600931"
  },
  {
    "ID Number": "13608410"
  },
  {
    "ID Number": "13606387"
  },
  {
    "ID Number": "13632809"
  },
  {
    "ID Number": "13621521"
  },
  {
    "ID Number": "13629018"
  },
  {
    "ID Number": "13620649"
  },
  {
    "ID Number": "13610520"
  },
  {
    "ID Number": "13620975"
  },
  {
    "ID Number": "13613731"
  },
  {
    "ID Number": "13603671"
  },
  {
    "ID Number": "13615386"
  },
  {
    "ID Number": "13600478"
  },
  {
    "ID Number": "13604767"
  },
  {
    "ID Number": "13617656"
  },
  {
    "ID Number": "13620606"
  },
  {
    "ID Number": "13621440"
  },
  {
    "ID Number": "13602390"
  },
  {
    "ID Number": "13614762"
  },
  {
    "ID Number": "13626140"
  },
  {
    "ID Number": "13637495"
  },
  {
    "ID Number": "13644092"
  },
  {
    "ID Number": "13615599"
  },
  {
    "ID Number": "13609220"
  },
  {
    "ID Number": "13623818"
  },
  {
    "ID Number": "13636804"
  },
  {
    "ID Number": "13632760"
  },
  {
    "ID Number": "44131364"
  },
  {
    "ID Number": "13629034"
  },
  {
    "ID Number": "13626159"
  },
  {
    "ID Number": "13611410"
  },
  {
    "ID Number": "13611534"
  },
  {
    "ID Number": "13625268"
  },
  {
    "ID Number": "13636677"
  },
  {
    "ID Number": "13627139"
  },
  {
    "ID Number": "13617117"
  },
  {
    "ID Number": "13618768"
  },
  {
    "ID Number": "13623010"
  },
  {
    "ID Number": "13606255"
  },
  {
    "ID Number": "13608509"
  },
  {
    "ID Number": "13630687"
  },
  {
    "ID Number": "13617524"
  },
  {
    "ID Number": "13614649"
  },
  {
    "ID Number": "13646672"
  },
  {
    "ID Number": "13628771"
  },
  {
    "ID Number": "13615491"
  },
  {
    "ID Number": "13625802"
  },
  {
    "ID Number": "13627880"
  },
  {
    "ID Number": "13613120"
  },
  {
    "ID Number": "13627872"
  },
  {
    "ID Number": "13601288"
  },
  {
    "ID Number": "13640461"
  },
  {
    "ID Number": "13601903"
  },
  {
    "ID Number": "13648632"
  },
  {
    "ID Number": "13636049"
  },
  {
    "ID Number": "13635905"
  },
  {
    "ID Number": "13628356"
  },
  {
    "ID Number": "13627082"
  },
  {
    "ID Number": "13604660"
  },
  {
    "ID Number": "13636685"
  },
  {
    "ID Number": "13601067"
  },
  {
    "ID Number": "13612859"
  },
  {
    "ID Number": "13612832"
  },
  {
    "ID Number": "13616951"
  },
  {
    "ID Number": "13640410"
  },
  {
    "ID Number": "13618318"
  },
  {
    "ID Number": "13605208"
  },
  {
    "ID Number": "13600753"
  },
  {
    "ID Number": "13617354"
  },
  {
    "ID Number": "13650076"
  },
  {
    "ID Number": "13628062"
  },
  {
    "ID Number": "13637185"
  },
  {
    "ID Number": "13636138"
  },
  {
    "ID Number": "13603744"
  },
  {
    "ID Number": "13613065"
  },
  {
    "ID Number": "13611186"
  },
  {
    "ID Number": "13620517"
  },
  {
    "ID Number": "13602624"
  },
  {
    "ID Number": "13646621"
  },
  {
    "ID Number": "13615572"
  },
  {
    "ID Number": "13618083"
  },
  {
    "ID Number": "13651439"
  },
  {
    "ID Number": "13628364"
  },
  {
    "ID Number": "13616080"
  },
  {
    "ID Number": "13641689"
  },
  {
    "ID Number": "13614991"
  },
  {
    "ID Number": "13641433"
  },
  {
    "ID Number": "13601172"
  },
  {
    "ID Number": "13637371"
  },
  {
    "ID Number": "13612190"
  },
  {
    "ID Number": "13620592"
  },
  {
    "ID Number": "13620495"
  },
  {
    "ID Number": "13619136"
  },
  {
    "ID Number": "13604678"
  },
  {
    "ID Number": "13627821"
  },
  {
    "ID Number": "13607928"
  },
  {
    "ID Number": "13636375"
  },
  {
    "ID Number": "13642006"
  },
  {
    "ID Number": "13601652"
  },
  {
    "ID Number": "13620479"
  },
  {
    "ID Number": "13641549"
  },
  {
    "ID Number": "13600125"
  },
  {
    "ID Number": "13601091"
  },
  {
    "ID Number": "13620770"
  },
  {
    "ID Number": "13602586"
  },
  {
    "ID Number": "13636162"
  },
  {
    "ID Number": "13639692"
  },
  {
    "ID Number": "13619691"
  },
  {
    "ID Number": "13638858"
  },
  {
    "ID Number": "13628690"
  },
  {
    "ID Number": "13632990"
  },
  {
    "ID Number": "13600702"
  },
  {
    "ID Number": "13601598"
  },
  {
    "ID Number": "13606417"
  },
  {
    "ID Number": "13633945"
  },
  {
    "ID Number": "13617320"
  },
  {
    "ID Number": "13614568"
  },
  {
    "ID Number": "13650904"
  },
  {
    "ID Number": "13644955"
  },
  {
    "ID Number": "13619870"
  },
  {
    "ID Number": "13610724"
  },
  {
    "ID Number": "13613227"
  },
  {
    "ID Number": "13629824"
  },
  {
    "ID Number": "13610538"
  },
  {
    "ID Number": "13617605"
  },
  {
    "ID Number": "13644343"
  },
  {
    "ID Number": "13647334"
  },
  {
    "ID Number": "13632655"
  },
  {
    "ID Number": "13626264"
  },
  {
    "ID Number": "13633805"
  },
  {
    "ID Number": "13615394"
  },
  {
    "ID Number": "13602128"
  },
  {
    "ID Number": "13641387"
  },
  {
    "ID Number": "13630008"
  },
  {
    "ID Number": "13648462"
  },
  {
    "ID Number": "13648926"
  },
  {
    "ID Number": "13614029"
  },
  {
    "ID Number": "13641050"
  },
  {
    "ID Number": "13600265"
  },
  {
    "ID Number": "13616820"
  },
  {
    "ID Number": "13613197"
  },
  {
    "ID Number": "13621831"
  },
  {
    "ID Number": "13644645"
  },
  {
    "ID Number": "13651978"
  },
  {
    "ID Number": "13600044"
  },
  {
    "ID Number": "13619667"
  },
  {
    "ID Number": "13636839"
  },
  {
    "ID Number": "13612026"
  },
  {
    "ID Number": "13610546"
  },
  {
    "ID Number": "13630130"
  },
  {
    "ID Number": "13617249"
  },
  {
    "ID Number": "13631420"
  },
  {
    "ID Number": "13619470"
  },
  {
    "ID Number": "13648780"
  },
  {
    "ID Number": "13620452"
  },
  {
    "ID Number": "13648268"
  },
  {
    "ID Number": "13646346"
  },
  {
    "ID Number": "13625888"
  },
  {
    "ID Number": "13620584"
  },
  {
    "ID Number": "13642545"
  },
  {
    "ID Number": "13646370"
  },
  {
    "ID Number": "13600940"
  },
  {
    "ID Number": "13630253"
  },
  {
    "ID Number": "13636499"
  },
  {
    "ID Number": "13611372"
  },
  {
    "ID Number": "13616749"
  },
  {
    "ID Number": "13613316"
  },
  {
    "ID Number": "13606840"
  },
  {
    "ID Number": "13649612"
  },
  {
    "ID Number": "13619152"
  },
  {
    "ID Number": "13614860"
  },
  {
    "ID Number": "13636642"
  },
  {
    "ID Number": "13614053"
  },
  {
    "ID Number": "13647717"
  },
  {
    "ID Number": "13602012"
  },
  {
    "ID Number": "13631608"
  },
  {
    "ID Number": "13609556"
  },
  {
    "ID Number": "13632957"
  },
  {
    "ID Number": "13636057"
  },
  {
    "ID Number": "13619721"
  },
  {
    "ID Number": "13605232"
  },
  {
    "ID Number": "13617133"
  },
  {
    "ID Number": "13611550"
  },
  {
    "ID Number": "13617141"
  },
  {
    "ID Number": "13617150"
  },
  {
    "ID Number": "13639803"
  },
  {
    "ID Number": "13619730"
  },
  {
    "ID Number": "13618245"
  },
  {
    "ID Number": "13621203"
  },
  {
    "ID Number": "13619160"
  },
  {
    "ID Number": "13624580"
  },
  {
    "ID Number": "13601822"
  },
  {
    "ID Number": "13637258"
  },
  {
    "ID Number": "13603639"
  },
  {
    "ID Number": "13617702"
  },
  {
    "ID Number": "13630350"
  },
  {
    "ID Number": "355093760"
  },
  {
    "ID Number": "13636189"
  },
  {
    "ID Number": "13638920"
  },
  {
    "ID Number": "13605798"
  },
  {
    "ID Number": "13612492"
  },
  {
    "ID Number": "13600958"
  },
  {
    "ID Number": "13620711"
  },
  {
    "ID Number": "13614770"
  },
  {
    "ID Number": "13626515"
  },
  {
    "ID Number": "13629085"
  },
  {
    "ID Number": "13629093"
  },
  {
    "ID Number": "13607960"
  },
  {
    "ID Number": "13600222"
  },
  {
    "ID Number": "13629492"
  },
  {
    "ID Number": "13616412"
  },
  {
    "ID Number": "13603531"
  },
  {
    "ID Number": "13604520"
  },
  {
    "ID Number": "13624431"
  },
  {
    "ID Number": "13638939"
  },
  {
    "ID Number": "13617168"
  },
  {
    "ID Number": "13622358"
  },
  {
    "ID Number": "13638785"
  },
  {
    "ID Number": "13614088"
  },
  {
    "ID Number": "13617257"
  },
  {
    "ID Number": "13606883"
  },
  {
    "ID Number": "13638866"
  },
  {
    "ID Number": "13648616"
  },
  {
    "ID Number": "13601440"
  },
  {
    "ID Number": "13623958"
  },
  {
    "ID Number": "13614118"
  },
  {
    "ID Number": "13602160"
  },
  {
    "ID Number": "13624784"
  },
  {
    "ID Number": "13620657"
  },
  {
    "ID Number": "13618032"
  },
  {
    "ID Number": "13600974"
  },
  {
    "ID Number": "13605259"
  },
  {
    "ID Number": "13609572"
  },
  {
    "ID Number": "13631578"
  },
  {
    "ID Number": "13628380"
  },
  {
    "ID Number": "13647784"
  },
  {
    "ID Number": "13630920"
  },
  {
    "ID Number": "13621548"
  },
  {
    "ID Number": "13621068"
  },
  {
    "ID Number": "13637339"
  },
  {
    "ID Number": "13643363"
  },
  {
    "ID Number": "13624695"
  },
  {
    "ID Number": "13604252"
  },
  {
    "ID Number": "13605895"
  },
  {
    "ID Number": "13636545"
  },
  {
    "ID Number": "13635018"
  },
  {
    "ID Number": "13601334"
  },
  {
    "ID Number": "13641590"
  },
  {
    "ID Number": "13624598"
  },
  {
    "ID Number": "13644971"
  },
  {
    "ID Number": "13612344"
  },
  {
    "ID Number": "13635069"
  },
  {
    "ID Number": "13603876"
  },
  {
    "ID Number": "13612077"
  },
  {
    "ID Number": "13600087"
  },
  {
    "ID Number": "13600389"
  },
  {
    "ID Number": "13646478"
  },
  {
    "ID Number": "13622277"
  },
  {
    "ID Number": "13605909"
  },
  {
    "ID Number": "13625276"
  },
  {
    "ID Number": "13603647"
  },
  {
    "ID Number": "13601458"
  },
  {
    "ID Number": "13609955"
  },
  {
    "ID Number": "13636693"
  },
  {
    "ID Number": "13607995"
  },
  {
    "ID Number": "13603094"
  },
  {
    "ID Number": "13641069"
  },
  {
    "ID Number": "13616692"
  },
  {
    "ID Number": "13625357"
  },
  {
    "ID Number": "13638157"
  },
  {
    "ID Number": "13633430"
  },
  {
    "ID Number": "13605852"
  },
  {
    "ID Number": "13639129"
  },
  {
    "ID Number": "13601504"
  },
  {
    "ID Number": "13616960"
  },
  {
    "ID Number": "13621378"
  },
  {
    "ID Number": "13601520"
  },
  {
    "ID Number": "13602047"
  },
  {
    "ID Number": "13641603"
  },
  {
    "ID Number": "13602543"
  },
  {
    "ID Number": "13641832"
  },
  {
    "ID Number": "13602837"
  },
  {
    "ID Number": "13628399"
  },
  {
    "ID Number": "13605283"
  },
  {
    "ID Number": "13648489"
  },
  {
    "ID Number": "13611860"
  },
  {
    "ID Number": "13600613"
  },
  {
    "ID Number": "13618334"
  },
  {
    "ID Number": "13641840"
  },
  {
    "ID Number": "13646524"
  },
  {
    "ID Number": "13617885"
  },
  {
    "ID Number": "13623176"
  },
  {
    "ID Number": "13619926"
  },
  {
    "ID Number": "13621939"
  },
  {
    "ID Number": "13635719"
  },
  {
    "ID Number": "13642146"
  },
  {
    "ID Number": "13638173"
  },
  {
    "ID Number": "13623435"
  },
  {
    "ID Number": "13606034"
  },
  {
    "ID Number": "13636790"
  },
  {
    "ID Number": "13621122"
  },
  {
    "ID Number": "13643940"
  },
  {
    "ID Number": "13624156"
  },
  {
    "ID Number": "13638963"
  },
  {
    "ID Number": "13615220"
  },
  {
    "ID Number": "13625659"
  },
  {
    "ID Number": "13601628"
  },
  {
    "ID Number": "13646125"
  },
  {
    "ID Number": "13608010"
  },
  {
    "ID Number": "13623966"
  },
  {
    "ID Number": "13644173"
  },
  {
    "ID Number": "13641379"
  },
  {
    "ID Number": "13635557"
  },
  {
    "ID Number": "13609335"
  },
  {
    "ID Number": "13608657"
  },
  {
    "ID Number": "13645048"
  },
  {
    "ID Number": "13608428"
  },
  {
    "ID Number": "13613553"
  },
  {
    "ID Number": "13616099"
  },
  {
    "ID Number": "13613219"
  },
  {
    "ID Number": "13618016"
  },
  {
    "ID Number": "13626000"
  },
  {
    "ID Number": "13626027"
  },
  {
    "ID Number": "13648373"
  },
  {
    "ID Number": "13640330"
  },
  {
    "ID Number": "13600354"
  },
  {
    "ID Number": "13648497"
  },
  {
    "ID Number": "13640348"
  },
  {
    "ID Number": "13616765"
  },
  {
    "ID Number": "13641140"
  },
  {
    "ID Number": "13641719"
  },
  {
    "ID Number": "13626191"
  },
  {
    "ID Number": "13637240"
  },
  {
    "ID Number": "13600818"
  },
  {
    "ID Number": "13604635"
  },
  {
    "ID Number": "13620002"
  },
  {
    "ID Number": "13605801"
  },
  {
    "ID Number": "13634232"
  },
  {
    "ID Number": "13641077"
  },
  {
    "ID Number": "13603930"
  },
  {
    "ID Number": "13626426"
  },
  {
    "ID Number": "13605305"
  },
  {
    "ID Number": "13642219"
  },
  {
    "ID Number": "13612468"
  },
  {
    "ID Number": "13638645"
  },
  {
    "ID Number": "13643657"
  },
  {
    "ID Number": "13608843"
  },
  {
    "ID Number": "13617648"
  },
  {
    "ID Number": "13633988"
  },
  {
    "ID Number": "13628895"
  },
  {
    "ID Number": "13642235"
  },
  {
    "ID Number": "13638181"
  },
  {
    "ID Number": "13605313"
  },
  {
    "ID Number": "13606328"
  },
  {
    "ID Number": "13612840"
  },
  {
    "ID Number": "13606956"
  },
  {
    "ID Number": "13623460"
  },
  {
    "ID Number": "13616773"
  },
  {
    "ID Number": "13618350"
  },
  {
    "ID Number": "13602667"
  },
  {
    "ID Number": "13603574"
  },
  {
    "ID Number": "13603230"
  },
  {
    "ID Number": "13614169"
  },
  {
    "ID Number": "13605321"
  },
  {
    "ID Number": "13642014"
  },
  {
    "ID Number": "13604600"
  },
  {
    "ID Number": "13641611"
  },
  {
    "ID Number": "13621092"
  },
  {
    "ID Number": "13634887"
  },
  {
    "ID Number": "13619179"
  },
  {
    "ID Number": "13614827"
  },
  {
    "ID Number": "13616757"
  },
  {
    "ID Number": "13600710"
  },
  {
    "ID Number": "13605534"
  },
  {
    "ID Number": "13603191"
  },
  {
    "ID Number": "13600249"
  },
  {
    "ID Number": "13614738"
  },
  {
    "ID Number": "13639854"
  },
  {
    "ID Number": "13619578"
  },
  {
    "ID Number": "13610759"
  },
  {
    "ID Number": "13625616"
  },
  {
    "ID Number": "13602640"
  },
  {
    "ID Number": "13620843"
  },
  {
    "ID Number": "13637134"
  },
  {
    "ID Number": "13600516"
  },
  {
    "ID Number": "13602055"
  },
  {
    "ID Number": "13611950"
  },
  {
    "ID Number": "13603469"
  },
  {
    "ID Number": "13629999"
  },
  {
    "ID Number": "13600419"
  },
  {
    "ID Number": "13617346"
  },
  {
    "ID Number": "13610287"
  },
  {
    "ID Number": "13613421"
  },
  {
    "ID Number": "13620908"
  },
  {
    "ID Number": "13620436"
  },
  {
    "ID Number": "13611453"
  },
  {
    "ID Number": "13650661"
  },
  {
    "ID Number": "13628801"
  },
  {
    "ID Number": "13629638"
  },
  {
    "ID Number": "13622137"
  },
  {
    "ID Number": "13625284"
  },
  {
    "ID Number": "13604686"
  },
  {
    "ID Number": "13629670"
  },
  {
    "ID Number": "13626248"
  },
  {
    "ID Number": "13633210"
  },
  {
    "ID Number": "13606972"
  },
  {
    "ID Number": "13629689"
  },
  {
    "ID Number": "13608614"
  },
  {
    "ID Number": "13603213"
  },
  {
    "ID Number": "13614533"
  },
  {
    "ID Number": "13639870"
  },
  {
    "ID Number": "13601300"
  },
  {
    "ID Number": "13634976"
  },
  {
    "ID Number": "13641123"
  },
  {
    "ID Number": "13624318"
  },
  {
    "ID Number": "13623389"
  },
  {
    "ID Number": "13617966"
  },
  {
    "ID Number": "13607600"
  },
  {
    "ID Number": "13619195"
  },
  {
    "ID Number": "13622714"
  },
  {
    "ID Number": "13643304"
  },
  {
    "ID Number": "13628917"
  },
  {
    "ID Number": "13619977"
  },
  {
    "ID Number": "13627643"
  },
  {
    "ID Number": "13612204"
  },
  {
    "ID Number": "13641620"
  },
  {
    "ID Number": "13642952"
  },
  {
    "ID Number": "13621076"
  },
  {
    "ID Number": "13617893"
  },
  {
    "ID Number": "13622749"
  },
  {
    "ID Number": "13601580"
  },
  {
    "ID Number": "13600605"
  },
  {
    "ID Number": "13601350"
  },
  {
    "ID Number": "13621564"
  },
  {
    "ID Number": "13643398"
  },
  {
    "ID Number": "13615076"
  },
  {
    "ID Number": "13609599"
  },
  {
    "ID Number": "13641085"
  },
  {
    "ID Number": "13605933"
  },
  {
    "ID Number": "13622617"
  },
  {
    "ID Number": "13640917"
  },
  {
    "ID Number": "13650017"
  },
  {
    "ID Number": "13617290"
  },
  {
    "ID Number": "13602616"
  },
  {
    "ID Number": "13603795"
  },
  {
    "ID Number": "13612514"
  },
  {
    "ID Number": "13612115"
  },
  {
    "ID Number": "13619888"
  },
  {
    "ID Number": "13645064"
  },
  {
    "ID Number": "13603280"
  },
  {
    "ID Number": "13628437"
  },
  {
    "ID Number": "13642030"
  },
  {
    "ID Number": "13620509"
  },
  {
    "ID Number": "13634577"
  },
  {
    "ID Number": "13643991"
  },
  {
    "ID Number": "13612360"
  },
  {
    "ID Number": "13605348"
  },
  {
    "ID Number": "13619217"
  },
  {
    "ID Number": "13628739"
  },
  {
    "ID Number": "13621998"
  },
  {
    "ID Number": "13646532"
  },
  {
    "ID Number": "13613251"
  },
  {
    "ID Number": "13615840"
  },
  {
    "ID Number": "13621238"
  },
  {
    "ID Number": "13621246"
  },
  {
    "ID Number": "13600621"
  },
  {
    "ID Number": "13634372"
  },
  {
    "ID Number": "13618369"
  },
  {
    "ID Number": "13620630"
  },
  {
    "ID Number": "13618652"
  },
  {
    "ID Number": "13631403"
  },
  {
    "ID Number": "13648772"
  },
  {
    "ID Number": "13648853"
  },
  {
    "ID Number": "13618636"
  },
  {
    "ID Number": "13644270"
  },
  {
    "ID Number": "13643410"
  },
  {
    "ID Number": "13618709"
  },
  {
    "ID Number": "13641921"
  },
  {
    "ID Number": "13604295"
  },
  {
    "ID Number": "13641735"
  },
  {
    "ID Number": "13620851"
  },
  {
    "ID Number": "13612379"
  },
  {
    "ID Number": "13623028"
  },
  {
    "ID Number": "13625780"
  },
  {
    "ID Number": "13613243"
  },
  {
    "ID Number": "13601385"
  },
  {
    "ID Number": "13637711"
  },
  {
    "ID Number": "13613588"
  },
  {
    "ID Number": "13620339"
  },
  {
    "ID Number": "13613596"
  },
  {
    "ID Number": "13621254"
  },
  {
    "ID Number": "13626957"
  },
  {
    "ID Number": "13600893"
  },
  {
    "ID Number": "13636413"
  },
  {
    "ID Number": "13636421"
  },
  {
    "ID Number": "13624601"
  },
  {
    "ID Number": "13627066"
  },
  {
    "ID Number": "13638971"
  },
  {
    "ID Number": "13616811"
  },
  {
    "ID Number": "13624342"
  },
  {
    "ID Number": "13611461"
  },
  {
    "ID Number": "13628682"
  },
  {
    "ID Number": "13636774"
  },
  {
    "ID Number": "13640054"
  },
  {
    "ID Number": "13602500"
  },
  {
    "ID Number": "13639358"
  },
  {
    "ID Number": "13623265"
  },
  {
    "ID Number": "13623273"
  },
  {
    "ID Number": "13601393"
  },
  {
    "ID Number": "13629743"
  },
  {
    "ID Number": "13643924"
  },
  {
    "ID Number": "13651951"
  },
  {
    "ID Number": "13634895"
  },
  {
    "ID Number": "13636448"
  },
  {
    "ID Number": "13636456"
  },
  {
    "ID Number": "13612662"
  },
  {
    "ID Number": "13638980"
  },
  {
    "ID Number": "13644939"
  },
  {
    "ID Number": "13619004"
  },
  {
    "ID Number": "13616781"
  },
  {
    "ID Number": "13609823"
  },
  {
    "ID Number": "13636820"
  },
  {
    "ID Number": "13626647"
  },
  {
    "ID Number": "13612476"
  },
  {
    "ID Number": "13641646"
  },
  {
    "ID Number": "13627422"
  },
  {
    "ID Number": "13617699"
  },
  {
    "ID Number": "13622170"
  },
  {
    "ID Number": "13604120"
  },
  {
    "ID Number": "13643436"
  },
  {
    "ID Number": "13613154"
  },
  {
    "ID Number": "13620878"
  },
  {
    "ID Number": "13613138"
  },
  {
    "ID Number": "13600656"
  },
  {
    "ID Number": "13619373"
  },
  {
    "ID Number": "13603450"
  },
  {
    "ID Number": "13618377"
  },
  {
    "ID Number": "13611879"
  },
  {
    "ID Number": "13629441"
  },
  {
    "ID Number": "13620428"
  },
  {
    "ID Number": "13626434"
  },
  {
    "ID Number": "13609416"
  },
  {
    "ID Number": "13610430"
  },
  {
    "ID Number": "13620070"
  },
  {
    "ID Number": "13604058"
  },
  {
    "ID Number": "13610376"
  },
  {
    "ID Number": "13617214"
  },
  {
    "ID Number": "13605356"
  },
  {
    "ID Number": "13605070"
  },
  {
    "ID Number": "13602276"
  },
  {
    "ID Number": "13627562"
  },
  {
    "ID Number": "13621572"
  },
  {
    "ID Number": "13618822"
  },
  {
    "ID Number": "13635930"
  },
  {
    "ID Number": "13617826"
  },
  {
    "ID Number": "13615610"
  },
  {
    "ID Number": "13628569"
  },
  {
    "ID Number": "13602683"
  },
  {
    "ID Number": "13605372"
  },
  {
    "ID Number": "13603272"
  },
  {
    "ID Number": "13622684"
  },
  {
    "ID Number": "13644068"
  },
  {
    "ID Number": "13626108"
  },
  {
    "ID Number": "13620088"
  },
  {
    "ID Number": "13626442"
  },
  {
    "ID Number": "13616986"
  },
  {
    "ID Number": "13639714"
  },
  {
    "ID Number": "13617710"
  },
  {
    "ID Number": "13614460"
  },
  {
    "ID Number": "13601369"
  },
  {
    "ID Number": "13626485"
  },
  {
    "ID Number": "13627686"
  },
  {
    "ID Number": "13644211"
  },
  {
    "ID Number": "13622188"
  },
  {
    "ID Number": "13604392"
  },
  {
    "ID Number": "13624288"
  },
  {
    "ID Number": "13610988"
  },
  {
    "ID Number": "13637061"
  },
  {
    "ID Number": "13624466"
  },
  {
    "ID Number": "13608134"
  },
  {
    "ID Number": "13617222"
  },
  {
    "ID Number": "13614215"
  },
  {
    "ID Number": "13616129"
  },
  {
    "ID Number": "13644912"
  },
  {
    "ID Number": "13644904"
  },
  {
    "ID Number": "13605810"
  },
  {
    "ID Number": "13618946"
  },
  {
    "ID Number": "13642898"
  },
  {
    "ID Number": "13600575"
  },
  {
    "ID Number": "13608142"
  },
  {
    "ID Number": "13601253"
  },
  {
    "ID Number": "13604422"
  },
  {
    "ID Number": "13618733"
  },
  {
    "ID Number": "13639374"
  },
  {
    "ID Number": "13638270"
  },
  {
    "ID Number": "13639382"
  },
  {
    "ID Number": "13602926"
  },
  {
    "ID Number": "13618199"
  },
  {
    "ID Number": "13637169"
  },
  {
    "ID Number": "13611313"
  },
  {
    "ID Number": "13613022"
  },
  {
    "ID Number": "13637177"
  },
  {
    "ID Number": "13623281"
  },
  {
    "ID Number": "13624660"
  },
  {
    "ID Number": "13637894"
  },
  {
    "ID Number": "13642243"
  },
  {
    "ID Number": "13600966"
  },
  {
    "ID Number": "13624539"
  },
  {
    "ID Number": "13605399"
  },
  {
    "ID Number": "13603418"
  },
  {
    "ID Number": "13620398"
  },
  {
    "ID Number": "13637509"
  },
  {
    "ID Number": "13623044"
  },
  {
    "ID Number": "13600397"
  },
  {
    "ID Number": "13602446"
  },
  {
    "ID Number": "13641484"
  },
  {
    "ID Number": "13632787"
  },
  {
    "ID Number": "13614819"
  },
  {
    "ID Number": "13639390"
  },
  {
    "ID Number": "13623761"
  },
  {
    "ID Number": "13619233"
  },
  {
    "ID Number": "13603760"
  },
  {
    "ID Number": "13603132"
  },
  {
    "ID Number": "13619632"
  },
  {
    "ID Number": "13619640"
  },
  {
    "ID Number": "13642057"
  },
  {
    "ID Number": "13612905"
  },
  {
    "ID Number": "13609530"
  },
  {
    "ID Number": "13627678"
  },
  {
    "ID Number": "13637029"
  },
  {
    "ID Number": "13640429"
  },
  {
    "ID Number": "13649884"
  },
  {
    "ID Number": "13618130"
  },
  {
    "ID Number": "13639935"
  },
  {
    "ID Number": "13613464"
  },
  {
    "ID Number": "13647806"
  },
  {
    "ID Number": "13634763"
  },
  {
    "ID Number": "13632221"
  },
  {
    "ID Number": "13637452"
  },
  {
    "ID Number": "13621130"
  },
  {
    "ID Number": "13601202"
  },
  {
    "ID Number": "13625870"
  },
  {
    "ID Number": "13615203"
  },
  {
    "ID Number": "13647393"
  },
  {
    "ID Number": "13616706"
  },
  {
    "ID Number": "13603108"
  },
  {
    "ID Number": "13600150"
  },
  {
    "ID Number": "13619497"
  },
  {
    "ID Number": "13601792"
  },
  {
    "ID Number": "13635190"
  },
  {
    "ID Number": "13625527"
  },
  {
    "ID Number": "13624571"
  },
  {
    "ID Number": "13631179"
  },
  {
    "ID Number": "13632434"
  },
  {
    "ID Number": "13647229"
  },
  {
    "ID Number": "13614843"
  },
  {
    "ID Number": "13604570"
  },
  {
    "ID Number": "13639676"
  },
  {
    "ID Number": "13604589"
  },
  {
    "ID Number": "13609602"
  },
  {
    "ID Number": "13633155"
  },
  {
    "ID Number": "13641158"
  },
  {
    "ID Number": "13644149"
  },
  {
    "ID Number": "13609564"
  },
  {
    "ID Number": "13610457"
  },
  {
    "ID Number": "13617630"
  },
  {
    "ID Number": "13602535"
  },
  {
    "ID Number": "13603590"
  },
  {
    "ID Number": "13618385"
  },
  {
    "ID Number": "13617001"
  },
  {
    "ID Number": "13635840"
  },
  {
    "ID Number": "13612123"
  },
  {
    "ID Number": "13609394"
  },
  {
    "ID Number": "13609122"
  },
  {
    "ID Number": "13623486"
  },
  {
    "ID Number": "13617842"
  },
  {
    "ID Number": "13616188"
  },
  {
    "ID Number": "13639552"
  },
  {
    "ID Number": "13603396"
  },
  {
    "ID Number": "13613626"
  },
  {
    "ID Number": "13639137"
  },
  {
    "ID Number": "13641778"
  },
  {
    "ID Number": "13629298"
  },
  {
    "ID Number": "13601512"
  },
  {
    "ID Number": "13609645"
  },
  {
    "ID Number": "13643843"
  },
  {
    "ID Number": "13611615"
  },
  {
    "ID Number": "13639005"
  },
  {
    "ID Number": "13615866"
  },
  {
    "ID Number": "13647709"
  },
  {
    "ID Number": "13606271"
  },
  {
    "ID Number": "13619527"
  },
  {
    "ID Number": "13602462"
  },
  {
    "ID Number": "13604481"
  },
  {
    "ID Number": "13619250"
  },
  {
    "ID Number": "13608193"
  },
  {
    "ID Number": "13628445"
  },
  {
    "ID Number": "13638513"
  },
  {
    "ID Number": "13638521"
  },
  {
    "ID Number": "13613162"
  },
  {
    "ID Number": "13603078"
  },
  {
    "ID Number": "13603302"
  },
  {
    "ID Number": "13632728"
  },
  {
    "ID Number": "13600427"
  },
  {
    "ID Number": "13639013"
  },
  {
    "ID Number": "13604015"
  },
  {
    "ID Number": "13602578"
  },
  {
    "ID Number": "13620347"
  },
  {
    "ID Number": "13646494"
  },
  {
    "ID Number": "13613707"
  },
  {
    "ID Number": "13629182"
  },
  {
    "ID Number": "13638289"
  },
  {
    "ID Number": "13608207"
  },
  {
    "ID Number": "13638807"
  },
  {
    "ID Number": "13609661"
  },
  {
    "ID Number": "13639579"
  },
  {
    "ID Number": "13613715"
  },
  {
    "ID Number": "13629395"
  },
  {
    "ID Number": "13626450"
  },
  {
    "ID Number": "13627589"
  },
  {
    "ID Number": "13639021"
  },
  {
    "ID Number": "13646796"
  },
  {
    "ID Number": "13619586"
  },
  {
    "ID Number": "13605100"
  },
  {
    "ID Number": "13624474"
  },
  {
    "ID Number": "13634593"
  },
  {
    "ID Number": "13641654"
  },
  {
    "ID Number": "13602934"
  },
  {
    "ID Number": "13646869"
  },
  {
    "ID Number": "13618741"
  },
  {
    "ID Number": "13602071"
  },
  {
    "ID Number": "13616730"
  },
  {
    "ID Number": "13618903"
  },
  {
    "ID Number": "13613073"
  },
  {
    "ID Number": "13606638"
  },
  {
    "ID Number": "13639587"
  },
  {
    "ID Number": "13603485"
  },
  {
    "ID Number": "13626035"
  },
  {
    "ID Number": "13639030"
  },
  {
    "ID Number": "13625683"
  },
  {
    "ID Number": "13603493"
  },
  {
    "ID Number": "13635409"
  },
  {
    "ID Number": "13647300"
  },
  {
    "ID Number": "13611216"
  },
  {
    "ID Number": "13614576"
  },
  {
    "ID Number": "13624040"
  },
  {
    "ID Number": "13650939"
  },
  {
    "ID Number": "13639412"
  },
  {
    "ID Number": "13629530"
  },
  {
    "ID Number": "13625322"
  },
  {
    "ID Number": "13627040"
  },
  {
    "ID Number": "13617923"
  },
  {
    "ID Number": "13614290"
  },
  {
    "ID Number": "13639048"
  },
  {
    "ID Number": "13620010"
  },
  {
    "ID Number": "13616641"
  },
  {
    "ID Number": "13602659"
  },
  {
    "ID Number": "13640968"
  },
  {
    "ID Number": "13628720"
  },
  {
    "ID Number": "13601245"
  },
  {
    "ID Number": "13615408"
  },
  {
    "ID Number": "13640437"
  },
  {
    "ID Number": "13600842"
  },
  {
    "ID Number": "13619764"
  },
  {
    "ID Number": "13619535"
  },
  {
    "ID Number": "13618296"
  },
  {
    "ID Number": "13643460"
  },
  {
    "ID Number": "13643479"
  },
  {
    "ID Number": "13627449"
  },
  {
    "ID Number": "13602250"
  },
  {
    "ID Number": "13639960"
  },
  {
    "ID Number": "13617028"
  },
  {
    "ID Number": "13601474"
  },
  {
    "ID Number": "13636340"
  },
  {
    "ID Number": "13622412"
  },
  {
    "ID Number": "13640364"
  },
  {
    "ID Number": "13632973"
  },
  {
    "ID Number": "13619349"
  },
  {
    "ID Number": "13611178"
  },
  {
    "ID Number": "13645781"
  },
  {
    "ID Number": "13622862"
  },
  {
    "ID Number": "13630997"
  },
  {
    "ID Number": "13635859"
  },
  {
    "ID Number": "13629450"
  },
  {
    "ID Number": "13622692"
  },
  {
    "ID Number": "13622030"
  },
  {
    "ID Number": "13604643"
  },
  {
    "ID Number": "13629204"
  },
  {
    "ID Number": "13637380"
  },
  {
    "ID Number": "13612786"
  },
  {
    "ID Number": "13637754"
  },
  {
    "ID Number": "13617982"
  },
  {
    "ID Number": "13639064"
  },
  {
    "ID Number": "13605410"
  },
  {
    "ID Number": "13620118"
  },
  {
    "ID Number": "13643886"
  },
  {
    "ID Number": "13628909"
  },
  {
    "ID Number": "13625691"
  },
  {
    "ID Number": "13644580"
  },
  {
    "ID Number": "13619438"
  },
  {
    "ID Number": "13632027"
  },
  {
    "ID Number": "13640771"
  },
  {
    "ID Number": "13605119"
  },
  {
    "ID Number": "13619802"
  },
  {
    "ID Number": "13616404"
  },
  {
    "ID Number": "13619543"
  },
  {
    "ID Number": "13612280"
  },
  {
    "ID Number": "13623052"
  },
  {
    "ID Number": "13615513"
  },
  {
    "ID Number": "13637002"
  },
  {
    "ID Number": "13640992"
  },
  {
    "ID Number": "13636880"
  },
  {
    "ID Number": "13636669"
  },
  {
    "ID Number": "13637843"
  },
  {
    "ID Number": "13636995"
  },
  {
    "ID Number": "13636529"
  },
  {
    "ID Number": "13643851"
  },
  {
    "ID Number": "13648691"
  },
  {
    "ID Number": "13623974"
  },
  {
    "ID Number": "13629212"
  },
  {
    "ID Number": "13631152"
  },
  {
    "ID Number": "13614355"
  },
  {
    "ID Number": "13602756"
  },
  {
    "ID Number": "13639072"
  },
  {
    "ID Number": "13648438"
  },
  {
    "ID Number": "13642294"
  },
  {
    "ID Number": "13620860"
  },
  {
    "ID Number": "13625365"
  },
  {
    "ID Number": "13615424"
  },
  {
    "ID Number": "13625349"
  },
  {
    "ID Number": "13611208"
  },
  {
    "ID Number": "13602608"
  },
  {
    "ID Number": "13622870"
  },
  {
    "ID Number": "13625705"
  },
  {
    "ID Number": "13624636"
  },
  {
    "ID Number": "13624881"
  },
  {
    "ID Number": "13620541"
  },
  {
    "ID Number": "13615874"
  },
  {
    "ID Number": "13639625"
  },
  {
    "ID Number": "13646508"
  },
  {
    "ID Number": "13621041"
  },
  {
    "ID Number": "13621033"
  },
  {
    "ID Number": "13620681"
  },
  {
    "ID Number": "13623362"
  },
  {
    "ID Number": "13637991"
  },
  {
    "ID Number": "13624709"
  },
  {
    "ID Number": "13600532"
  },
  {
    "ID Number": "13601008"
  },
  {
    "ID Number": "13625713"
  },
  {
    "ID Number": "13629700"
  },
  {
    "ID Number": "13619950"
  },
  {
    "ID Number": "13611496"
  },
  {
    "ID Number": "13623290"
  },
  {
    "ID Number": "13602195"
  },
  {
    "ID Number": "13601784"
  },
  {
    "ID Number": "13619993"
  },
  {
    "ID Number": "13646451"
  },
  {
    "ID Number": "13623222"
  },
  {
    "ID Number": "13608258"
  },
  {
    "ID Number": "13622811"
  },
  {
    "ID Number": "13619411"
  },
  {
    "ID Number": "13651960"
  },
  {
    "ID Number": "13637932"
  },
  {
    "ID Number": "13601261"
  },
  {
    "ID Number": "13621602"
  },
  {
    "ID Number": "13650041"
  },
  {
    "ID Number": "13647512"
  },
  {
    "ID Number": "13619969"
  },
  {
    "ID Number": "13625977"
  },
  {
    "ID Number": "13633252"
  },
  {
    "ID Number": "13607138"
  },
  {
    "ID Number": "13632698"
  },
  {
    "ID Number": "13604716"
  },
  {
    "ID Number": "13623303"
  },
  {
    "ID Number": "13628518"
  },
  {
    "ID Number": "13633350"
  },
  {
    "ID Number": "13634046"
  },
  {
    "ID Number": "13614932"
  },
  {
    "ID Number": "13648470"
  },
  {
    "ID Number": "13619276"
  },
  {
    "ID Number": "13639722"
  },
  {
    "ID Number": "13602799"
  },
  {
    "ID Number": "13620410"
  },
  {
    "ID Number": "13623079"
  },
  {
    "ID Number": "13620401"
  },
  {
    "ID Number": "13623060"
  },
  {
    "ID Number": "13611194"
  },
  {
    "ID Number": "13620800"
  },
  {
    "ID Number": "13628577"
  },
  {
    "ID Number": "13608266"
  },
  {
    "ID Number": "13601318"
  },
  {
    "ID Number": "13633570"
  },
  {
    "ID Number": "13603973"
  },
  {
    "ID Number": "13603299"
  },
  {
    "ID Number": "13615084"
  },
  {
    "ID Number": "355105450"
  },
  {
    "ID Number": "13634054"
  },
  {
    "ID Number": "13641948"
  },
  {
    "ID Number": "13615440"
  },
  {
    "ID Number": "13641395"
  },
  {
    "ID Number": "13626540"
  },
  {
    "ID Number": "13632981"
  },
  {
    "ID Number": "13610651"
  },
  {
    "ID Number": "13622420"
  },
  {
    "ID Number": "13600095"
  },
  {
    "ID Number": "13635131"
  },
  {
    "ID Number": "13622587"
  },
  {
    "ID Number": "13623095"
  },
  {
    "ID Number": "13637207"
  },
  {
    "ID Number": "13611810"
  },
  {
    "ID Number": "13602284"
  },
  {
    "ID Number": "13651447"
  },
  {
    "ID Number": "13640020"
  },
  {
    "ID Number": "13651242"
  },
  {
    "ID Number": "13639080"
  },
  {
    "ID Number": "13618148"
  },
  {
    "ID Number": "13638661"
  },
  {
    "ID Number": "13606301"
  },
  {
    "ID Number": "13634798"
  },
  {
    "ID Number": "13607774"
  },
  {
    "ID Number": "13609378"
  },
  {
    "ID Number": "13639641"
  },
  {
    "ID Number": "13630024"
  },
  {
    "ID Number": "13625420"
  },
  {
    "ID Number": "13641000"
  },
  {
    "ID Number": "355106303"
  },
  {
    "ID Number": "13610821"
  },
  {
    "ID Number": "13608720"
  },
  {
    "ID Number": "13611003"
  },
  {
    "ID Number": "13635425"
  },
  {
    "ID Number": "13630300"
  },
  {
    "ID Number": "13646338"
  },
  {
    "ID Number": "13601911"
  },
  {
    "ID Number": "13634917"
  },
  {
    "ID Number": "13613740"
  },
  {
    "ID Number": "13638297"
  },
  {
    "ID Number": "13610830"
  },
  {
    "ID Number": "13639480"
  },
  {
    "ID Number": "13628470"
  },
  {
    "ID Number": "13637088"
  },
  {
    "ID Number": "13611712"
  },
  {
    "ID Number": "13601539"
  },
  {
    "ID Number": "13649213"
  },
  {
    "ID Number": "13631977"
  },
  {
    "ID Number": "13642774"
  },
  {
    "ID Number": "13629409"
  },
  {
    "ID Number": "13618814"
  },
  {
    "ID Number": "13649019"
  },
  {
    "ID Number": "13603515"
  },
  {
    "ID Number": "24126721"
  },
  {
    "ID Number": "13614517"
  },
  {
    "ID Number": "13600486"
  },
  {
    "ID Number": "13602829"
  },
  {
    "ID Number": "13605470"
  },
  {
    "ID Number": "13613855"
  },
  {
    "ID Number": "13610481"
  },
  {
    "ID Number": "13632094"
  },
  {
    "ID Number": "13623338"
  },
  {
    "ID Number": "13626477"
  },
  {
    "ID Number": "13601814"
  },
  {
    "ID Number": "13639188"
  },
  {
    "ID Number": "13603906"
  },
  {
    "ID Number": "13601113"
  },
  {
    "ID Number": "13640585"
  },
  {
    "ID Number": "13608282"
  },
  {
    "ID Number": "13613111"
  },
  {
    "ID Number": "13600737"
  },
  {
    "ID Number": "13620690"
  },
  {
    "ID Number": "13621009"
  },
  {
    "ID Number": "13649922"
  },
  {
    "ID Number": "13615912"
  },
  {
    "ID Number": "13619420"
  },
  {
    "ID Number": "13612298"
  },
  {
    "ID Number": "13625993"
  },
  {
    "ID Number": "13636901"
  },
  {
    "ID Number": "13648330"
  },
  {
    "ID Number": "13603434"
  },
  {
    "ID Number": "13643312"
  },
  {
    "ID Number": "13604503"
  },
  {
    "ID Number": "13602470"
  },
  {
    "ID Number": "13612565"
  },
  {
    "ID Number": "13603523"
  },
  {
    "ID Number": "13624075"
  },
  {
    "ID Number": "13647342"
  },
  {
    "ID Number": "13631241"
  },
  {
    "ID Number": "13644017"
  },
  {
    "ID Number": "13643134"
  },
  {
    "ID Number": "13623834"
  },
  {
    "ID Number": "13623567"
  },
  {
    "ID Number": "13623885"
  },
  {
    "ID Number": "13601806"
  },
  {
    "ID Number": "13632450"
  },
  {
    "ID Number": "13644165"
  },
  {
    "ID Number": "13640593"
  },
  {
    "ID Number": "13620991"
  },
  {
    "ID Number": "13609726"
  },
  {
    "ID Number": "13616196"
  },
  {
    "ID Number": "13602942"
  },
  {
    "ID Number": "13605666"
  },
  {
    "ID Number": "13619012"
  },
  {
    "ID Number": "13622633"
  },
  {
    "ID Number": "13601920"
  },
  {
    "ID Number": "13634275"
  },
  {
    "ID Number": "13634410"
  },
  {
    "ID Number": "13632590"
  },
  {
    "ID Number": "13647253"
  },
  {
    "ID Number": "13628496"
  },
  {
    "ID Number": "13608738"
  },
  {
    "ID Number": "13630059"
  },
  {
    "ID Number": "13622439"
  },
  {
    "ID Number": "13624237"
  },
  {
    "ID Number": "13637010"
  },
  {
    "ID Number": "13639102"
  },
  {
    "ID Number": "13616803"
  },
  {
    "ID Number": "13604023"
  },
  {
    "ID Number": "13601890"
  },
  {
    "ID Number": "13632060"
  },
  {
    "ID Number": "13627457"
  },
  {
    "ID Number": "13623311"
  },
  {
    "ID Number": "13611895"
  },
  {
    "ID Number": "13605496"
  },
  {
    "ID Number": "13611518"
  },
  {
    "ID Number": "13610341"
  },
  {
    "ID Number": "13627465"
  },
  {
    "ID Number": "13615939"
  },
  {
    "ID Number": "13647580"
  },
  {
    "ID Number": "13625845"
  },
  {
    "ID Number": "13634925"
  },
  {
    "ID Number": "13618008"
  },
  {
    "ID Number": "13617060"
  },
  {
    "ID Number": "13621084"
  },
  {
    "ID Number": "13624326"
  },
  {
    "ID Number": "13624164"
  },
  {
    "ID Number": "13624130"
  },
  {
    "ID Number": "13604350"
  },
  {
    "ID Number": "13620916"
  },
  {
    "ID Number": "13603124"
  },
  {
    "ID Number": "13639420"
  },
  {
    "ID Number": "13625446"
  },
  {
    "ID Number": "13624997"
  },
  {
    "ID Number": "13626019"
  },
  {
    "ID Number": "13602853"
  },
  {
    "ID Number": "13641905"
  },
  {
    "ID Number": "13613456"
  },
  {
    "ID Number": "13605518"
  },
  {
    "ID Number": "13620983"
  },
  {
    "ID Number": "13618784"
  },
  {
    "ID Number": "13602705"
  },
  {
    "ID Number": "13623591"
  },
  {
    "ID Number": "13624717"
  },
  {
    "ID Number": "13630270"
  },
  {
    "ID Number": "13602560"
  },
  {
    "ID Number": "13605569"
  },
  {
    "ID Number": "13608320"
  },
  {
    "ID Number": "13633821"
  },
  {
    "ID Number": "13635816"
  },
  {
    "ID Number": "13626965"
  },
  {
    "ID Number": "13629760"
  },
  {
    "ID Number": "13629808"
  },
  {
    "ID Number": "13624873"
  },
  {
    "ID Number": "13631284"
  },
  {
    "ID Number": "13639471"
  },
  {
    "ID Number": "13600524"
  },
  {
    "ID Number": "13604376"
  },
  {
    "ID Number": "13623370"
  },
  {
    "ID Number": "13641174"
  },
  {
    "ID Number": "13642316"
  },
  {
    "ID Number": "13612093"
  },
  {
    "ID Number": "13625985"
  },
  {
    "ID Number": "13608339"
  },
  {
    "ID Number": "13635204"
  },
  {
    "ID Number": "13623869"
  },
  {
    "ID Number": "13602292"
  },
  {
    "ID Number": "13603825"
  },
  {
    "ID Number": "13611992"
  },
  {
    "ID Number": "13616854"
  },
  {
    "ID Number": "13639439"
  },
  {
    "ID Number": "13604031"
  },
  {
    "ID Number": "13604813"
  },
  {
    "ID Number": "13623877"
  },
  {
    "ID Number": "13630946"
  },
  {
    "ID Number": "13646826"
  },
  {
    "ID Number": "13618407"
  }
]