ID Number,Name,Fed,Sex,Title,WTit,OTit,Rating,Gms,K,RatingMonth,B-day,Flag
13804472,"Abaeva, Aiana",KGZ,F,WCM,WCM,,1869,0,40,AUG25,2009,w
13804502,"Abakirov, Akylbek",KGZ,M,,,,1631,7,20,AUG25,1987,
13851144,"Abasbekov, Ariet",KGZ,M,,,,1405,6,40,AUG25,2015,
13846493,"Abdikaiumov, Emir",KGZ,M,,,,1550,0,40,AUG25,2011,
13845160,"Abdimalikov, Emir",KGZ,M,,,,1432,0,40,AUG25,2012,
13834738,"Abdimitalipov, Abai",KGZ,M,,,,1659,0,40,AUG25,2008,
13816179,"Abdirazakova, Erkeaiym",KGZ,F,,,,1479,0,20,AUG25,2003,wi
13843702,"Abdisamatov, Kutbek",KGZ,M,,,,1468,0,40,AUG25,2009,i
13804413,"Abdivaliev, Daniial",KGZ,M,,,,1714,0,20,AUG25,1994,i
13836633,"Abdizhalilov, Iliyaz",KGZ,M,,,,1507,0,40,AUG25,2008,
13802364,"Abdrahmanov, Abduvali",KGZ,M,,,,1734,0,20,AUG25,1968,i
13845942,"Abdraimov, Airat",KGZ,M,,,,1405,0,40,AUG25,2015,
13801171,"Abdrakhmanov, Chingiz",KGZ,M,,,,1702,0,40,AUG25,1999,i
13855433,"Abdulaev, Umar",KGZ,M,,,,1436,6,40,AUG25,2013,
13800256,"Abdurahmanov, Kamil",KGZ,M,,NA,,1637,7,20,AUG25,1954,
13807374,"Abdurahmanova, Ramina",KGZ,F,,,,1570,0,40,AUG25,2008,w
13802925,"Abdurasulov, Maksat",KGZ,M,,,,1765,0,20,AUG25,2003,i
13804022,"Abdykadyrov, Arzymat",KGZ,M,,,,1546,0,40,AUG25,1963,i
13831895,"Abdykadyrov, Ruslan",KGZ,M,,,,1541,0,40,AUG25,2008,i
13819364,"Abdykarimov, Azim",KGZ,M,,,,1591,0,40,AUG25,2006,i
13824848,"Abdykerimov, Kubanych",KGZ,M,,,,1493,0,40,AUG25,2009,i
13808923,"Abdylashymov, Rysbek",KGZ,M,,,,1502,0,40,AUG25,2008,i
13855484,"Abdyldaev, Iskender",KGZ,M,,,,1471,4,40,AUG25,2011,
13803476,"Abdyldaev, Nurislam",KGZ,M,,,,AFM,1611,8,AUG25,2007,
13804669,"Abdyrahmanov, Akylbek",KGZ,M,,,,1631,0,40,AUG25,1982,i
13824597,"Abdyrahmanov, Osmonbek",KGZ,M,,,,1483,0,40,AUG25,2008,i
13820702,"Abdyrahmanov, Rysbek",KGZ,M,,,,1573,0,20,AUG25,2003,
13852388,"Abdyraiimov, Imarbek",KGZ,M,,,,1577,0,40,AUG25,2007,
13803700,"Abdyraimov, Smail",KGZ,M,,,,1524,0,20,AUG25,1956,
13819674,"Abdyrakmanov, Rysbek",KGZ,M,,,,1459,0,40,AUG25,2003,i
13805959,"Abdyrasulov, Ilham",KGZ,M,,,,1983,0,40,AUG25,1995,i
13851098,"Abdyrasulov, Rustam",KGZ,M,,,,1488,0,40,AUG25,1983,
13800337,"Abdyzhapar, Asylbek",KGZ,M,IM,,,2319,8,10,AUG25,1988,
13800361,"Abdyzhaparov, Aidar",KGZ,M,,,,1987,0,20,AUG25,1978,i
13803395,"Abdyzhaparov, Sultan",KGZ,M,,,,1704,0,20,AUG25,2004,i
13800973,"Abidov, Sabirdzhan",KGZ,M,,,,1628,0,40,AUG25,1951,
13830953,"Ablasova, Aibiike",KGZ,F,,,,1428,0,40,AUG25,2012,wi
13818708,"Abykeev, Taalaibek",KGZ,M,,,,1499,0,40,AUG25,2008,
13812009,"Abylaev, Ahmed",KGZ,M,,,,1544,0,40,AUG25,2008,i
13812017,"Abylaev, Aktilek",KGZ,M,,,,1513,0,40,AUG25,2010,i
13818716,"Abylgaziev, Adis",KGZ,M,,,,1534,0,40,AUG25,2007,i
13803263,"Abylkasymov, Kairatbek",KGZ,M,,FA,,1911,0,20,AUG25,2001,i
13806297,"Abylov, Ayan",KGZ,M,,,,1536,0,40,AUG25,2005,i
13806300,"Abylov, Bayan",KGZ,M,,,,1523,0,40,AUG25,2005,i
13827642,"Adenov, Ramis",KGZ,M,,,,1580,0,40,AUG25,2005,i
13806424,"Adylov, Esendiiar",KGZ,M,,,,1908,0,20,AUG25,1998,i
13809571,"Agalykova, Angelina",KGZ,F,,,,1750,0,40,AUG25,2009,w
13845217,"Aibek, Elkhan",KGZ,M,,,,1535,0,40,AUG25,2013,i
13851160,"Aibekov, Alimran",KGZ,M,,,,1479,0,40,AUG25,2016,
13846213,"Aibekov, Sulaiman",KGZ,M,,,,1496,7,40,AUG25,2014,
13840215,"Aitaliev, Alim",KGZ,M,,,,1694,0,40,AUG25,1961,
13816713,"Aitalieva, Nuraiym",KGZ,F,,,,1509,0,40,AUG25,1984,wi
13822705,"Aitiev, Daniel",KGZ,M,,,,1460,0,40,AUG25,2008,i
13802372,"Aitmyrzaev, Kalybek",KGZ,M,,,,1759,0,40,AUG25,1984,i
13851128,"Aituganov, Dzhuma",KGZ,M,,,,1476,0,40,AUG25,1956,i
13806343,"Akbarkanov, Nurbai",KGZ,M,,,,1925,0,20,AUG25,2005,i
13800663,"Akerov, Dan",KGZ,M,,NA,,1920,0,20,AUG25,1992,
13832522,"Akimbekov, Mamat",KGZ,M,,,,1450,0,40,AUG25,1960,i
13800264,"Akimov, Israil",KGZ,M,,,,1774,0,20,AUG25,1963,
13838539,"Akmataliev, Nurlan",KGZ,M,,,,1545,7,40,AUG25,1973,
13828932,"Akmatalieva, Alina",KGZ,M,,,,1408,0,40,AUG25,2009,i
13806882,"Akmatbekov, Aitegin",KGZ,M,,,,1796,0,40,AUG25,2003,
13826107,"Akmatbekov, Chubak",KGZ,M,,,,1600,0,40,AUG25,1987,i
13801600,"Akmatov, Altay",KGZ,M,,NA,,1816,0,20,AUG25,2003,i
13809210,"Akmatov, Zhoomart",KGZ,M,,,,AGM,1903,9,AUG25,2008,
13833480,"Akmatzhanov, Uveys",KGZ,M,,,,1575,0,40,AUG25,2012,i
13822187,"Akopian, Alexsander",KGZ,M,,,,1645,0,40,AUG25,1966,i
13822195,"Akopian, Evgenii",KGZ,M,,,,1701,0,40,AUG25,1972,i
13827022,"Akunov, Abdykadyr",KGZ,M,,,,1640,0,40,AUG25,1957,
13852477,"Akunov, Esenkadyr",KGZ,M,,,,1569,0,40,AUG25,1964,
13801112,"Akunov, Maksat",KGZ,M,,,,1928,0,20,AUG25,1995,i
13813471,"Akunov, Talant",KGZ,M,,,,1741,0,40,AUG25,1978,
13811592,"Akylbek uulu, Iman",KGZ,M,,,,1686,0,40,AUG25,2000,i
13818015,"Akylbekov, Adilhan",KGZ,M,,,,1458,0,40,AUG25,2010,i
13808095,"Akylbekov, Bekzhan",KGZ,M,,,,1430,0,40,AUG25,2010,i
13800353,"Akylbekov, Nasyr",KGZ,M,FM,,,2239,0,20,AUG25,1984,i
13842870,"Akylbekova, Aliya",KGZ,F,,,,1470,0,40,AUG25,2013,wi
13836412,"Akzholov, Said",KGZ,M,,,,1705,0,40,AUG25,2012,
13802380,"Alaiev, Ababakir",KGZ,M,,,,1795,0,40,AUG25,1953,i
13800990,"Aldashukurov, Yrysbek",KGZ,M,,,,1862,0,40,AUG25,1977,i
13813919,"Aldebaev, Atai",KGZ,M,,,,1525,0,40,AUG25,2003,i
13813250,"Aleev, Eldar",KGZ,M,,,,1626,0,40,AUG25,2005,i
13813463,"Ali-Askarov, Ali-Nur",KGZ,M,,,,1516,0,40,AUG25,2005,i
13841688,"Aliev, Kubanbek",KGZ,M,,,,1623,0,40,AUG25,1954,i
13849360,"Alieva, Ainazik",KGZ,F,,,,1574,0,40,AUG25,2007,w
13848798,"Alikov, Shabdan",KGZ,M,,,,AFM,1558,0,AUG25,2012,
13812688,"Alimbaev, Aldair",KGZ,M,,,,1484,0,40,AUG25,2010,
13845039,"Alimbekov, Adahan",KGZ,M,,,,1579,0,40,AUG25,2010,
13807170,"Alisherov, Abdulla",KGZ,M,,,,1749,0,40,AUG25,1948,i
13802909,"Alisherov, Alikhan",KGZ,M,,,,1747,0,40,AUG25,2008,i
13851187,"Alisherov, Altai",KGZ,M,,,,1472,0,40,AUG25,2017,
13811606,"Almanbet kyzy, Nuriza",KGZ,F,,,,1503,0,20,AUG25,1997,w
13811886,"Almanbet uulu, Edilbek",KGZ,M,,,,1616,0,20,AUG25,2000,
13804090,"Almanbetov, Kubanych",KGZ,M,,,,1858,0,40,AUG25,1985,i
13830279,"Almazbekov, Alinur",KGZ,M,,,,1443,0,40,AUG25,2013,
13847546,"Almazbekov, Bekzhan",KGZ,M,,,,1713,16,40,AUG25,2009,
13829947,"Almazbekov, Shabdan",KGZ,M,,,,1483,0,20,AUG25,1995,
13807676,"Altynbek kyzy, Asel",KGZ,F,,,,1574,0,20,AUG25,2004,w
13802232,"Alybaev, Atai",KGZ,M,,,,1453,0,40,AUG25,2007,i
13801899,"Alybaev, Bolot",KGZ,M,,,,1721,0,20,AUG25,1955,
13702670,"Alybaev, Djekshenbek",KGZ,M,,,,1782,0,20,AUG25,1955,
13807765,"Alybakov, Nail",KGZ,M,,,,1648,0,40,AUG25,2011,
13847740,"Alykulov, Alydin",KGZ,M,,,,1501,0,40,AUG25,2005,i
13800043,"Alymbai kyzy, Aizhan",KGZ,F,,,,1935,0,20,AUG25,1995,wi
13819372,"Alymbekov, Arslan",KGZ,M,,,,1661,0,20,AUG25,2006,i
13831240,"Alymbekov, Nurahmad",KGZ,M,,,,1608,0,40,AUG25,2009,i
13811614,"Alymkulov, Kumushbek",KGZ,M,,,,1789,0,40,AUG25,1965,i
13800590,"Amanbaev, Islam",KGZ,M,,,,2079,0,40,AUG25,1993,i
13833499,"Amanbekova, Rozel",KGZ,F,,,,1485,0,40,AUG25,2011,wi
13804693,"Amangeldiev, Zalkar",KGZ,M,,,,1525,0,40,AUG25,2009,
13849930,"Amankulov, Ilim",KGZ,M,,,,1525,0,40,AUG25,2014,
13807773,"Amanov, Asad",KGZ,M,,,,1475,0,40,AUG25,2012,i
13819879,"Amanov, Khairulla",KGZ,M,,,,1822,0,40,AUG25,1951,i
13803751,"Amanov, Nurdan",KGZ,M,,,,1623,0,40,AUG25,2006,i
13834100,"Amanova, Adiya",KGZ,F,,,,1563,0,40,AUG25,2013,w
13843974,"Amanturova, Adinay",KGZ,F,,,,1454,0,40,AUG25,2013,w
13806360,"Ametov, Nurdin",KGZ,M,,,,1481,0,40,AUG25,2006,i
13818732,"Amirazhanov, Bekbol",KGZ,M,,,,1880,6,40,AUG25,2008,
13808931,"Amirjan, Bekbolot",KGZ,M,,,,1483,0,40,AUG25,2008,
13836420,"Anarbaev, Erturan",KGZ,M,,,,1446,0,40,AUG25,2013,
13848348,"Anarbaeva, Aelun",KGZ,F,,,,1485,0,40,AUG25,2009,w
13810456,"Anarbekov, Arstanbek",KGZ,M,,,,1582,0,40,AUG25,2010,
13804154,"Anarkasov, Aidar",KGZ,M,,,,1774,0,20,AUG25,1999,i
13828207,"Anarkulov, Keremet",KGZ,M,,,,1694,0,40,AUG25,2007,
13805657,"Andasheva, Altynai",KGZ,F,,,,1588,0,40,AUG25,2001,wi
13850350,"Apyshev, Elchibek",KGZ,M,,,,1601,0,40,AUG25,2011,i
13849948,"Arapbaev, Islam",KGZ,M,,,,1432,0,40,AUG25,2014,
13800191,"Arishin, Sergei",KGZ,M,,,,2191,0,20,AUG25,1962,i
13801007,"Arstanbekov, Dzhanysh",KGZ,M,,,,1723,0,20,AUG25,1953,
13827839,"Arstanbekov, Nazaret",KGZ,M,,NA,,1516,0,20,AUG25,2006,i
13816993,"Arynov, Ayar",KGZ,M,,,,1400,0,40,AUG25,2007,i
13819968,"Arzymatov, Dastan",KGZ,M,,,,1758,9,40,AUG25,2011,
13802585,"Arzymatov, Rysbek",KGZ,M,,,,1845,0,40,AUG25,1958,i
13800167,"Asanakunov, Zhumagazy",KGZ,M,,,,1946,0,20,AUG25,1988,
13816926,"Asanbaev, Khanbolot",KGZ,M,,,,1809,0,40,AUG25,2011,
13850628,"Asanbaeva, Akylai",KGZ,F,,,,1445,0,40,AUG25,2014,w
13848305,"Asanbekov, Beksultan",KGZ,M,,,,1656,0,40,AUG25,2011,
13834304,"Asanbekov, Urmatbek",KGZ,M,,,,1879,9,20,AUG25,1974,
13816608,"Asanbekova, Aelita",KGZ,M,,,,1408,0,40,AUG25,2006,i
13840851,"Asanbekova, Liana",KGZ,F,,,,1509,0,40,AUG25,2013,w
13808621,"Asangariev, Nurel",KGZ,M,,,,1601,0,40,AUG25,2010,
13843982,"Asangazieva, Myrzagul",KGZ,F,,,,1513,6,40,AUG25,2014,w
13841319,"Asankalyev, Makhmud",KGZ,M,,,,1465,0,40,AUG25,2014,
13846035,"Asankulov, Kambar",KGZ,M,,,,1437,0,40,AUG25,2016,i
13800370,"Asanov, Turgun",KGZ,M,,,,2015,0,20,AUG25,1963,i
13802984,"Asanova, Arina",KGZ,F,,,,1500,0,40,AUG25,2007,wi
13843591,"Asekov, Alim",KGZ,M,,,,1500,0,40,AUG25,2012,i
13854704,"Ashimov, Nurmukhammed",KGZ,M,,,,1945,6,40,AUG25,2004,
13804731,"Asylbekov, Ulan",KGZ,M,,,,1502,0,40,AUG25,2009,i
13807803,"Ataibekov, Adilet",KGZ,M,,,,1561,0,40,AUG25,2011,
13804138,"Ataibekov, Aibek",KGZ,M,,,,1706,0,20,AUG25,2006,
13807196,"Ataibekova, Aisuluu",KGZ,F,,,,1573,0,40,AUG25,2012,w
13802399,"Atakanov, Adil",KGZ,M,,,,1891,0,20,AUG25,2001,i
13806084,"Atambaev, Selim",KGZ,M,,,,ACM,1611,0,AUG25,2008,i
13800418,"Attokurov, Adilet",KGZ,M,,NA,,1942,0,20,AUG25,1986,
13836722,"Avazbekov, Elkhan",KGZ,M,,,,1620,0,40,AUG25,2013,i
13811789,"Ayupov, Mulladzhan",KGZ,M,,,,1672,0,40,AUG25,2004,i
13832956,"Azamatov, Albert",KGZ,M,,,,1409,0,40,AUG25,2007,i
13802631,"Azamatov, Sanzhar",KGZ,M,,,,1537,0,40,AUG25,2005,i
13808770,"Azarov, Alim",KGZ,M,,NA,,1545,0,40,AUG25,2007,i
13808761,"Azarov, Azim",KGZ,M,,NA,,1596,0,40,AUG25,2007,i
13805150,"Azhibaev, Keneshbek",KGZ,M,,,,1585,0,20,AUG25,1947,
13801970,"Azhigulov, Nurmat",KGZ,M,,,,1782,0,20,AUG25,2002,i
13857703,"Azhimamatov, Amantur",KGZ,M,,,,1827,8,40,AUG25,1987,
13818090,"Azimov, Aslan",KGZ,M,,,,AIM,1771,0,AUG25,2009,
13818082,"Azimov, Islam",KGZ,M,,,,1776,0,40,AUG25,2009,
13818104,"Azimov, Umar",KGZ,M,,,,1536,0,40,AUG25,2010,i
13818112,"Azimov, Usman",KGZ,M,,,,1486,0,40,AUG25,2010,i
13848941,"Azimova, Asylzat",KGZ,F,,,,1506,0,40,AUG25,2014,w
13826298,"Azizbekov, Baiel",KGZ,M,,,,1513,0,40,AUG25,2011,
13816934,"Azizova, Adilia",KGZ,F,,,,1545,0,40,AUG25,2011,w
13816888,"Azizova, Nazilya",KGZ,F,,,,1544,0,40,AUG25,2009,w
13846205,"Azybaev, Akbar",KGZ,M,,,,1533,5,40,AUG25,2016,
13819976,"Azyrankulov, Aktilek",KGZ,M,,,,1787,8,40,AUG25,2012,
13803522,"Babadzhanov, Nursaid",KGZ,M,,,,1837,0,40,AUG25,2000,i
13815962,"Bagyshanov, Argen",KGZ,M,,,,1626,0,40,AUG25,2004,i
13846272,"Baialiev, Tilek",KGZ,M,,,,1407,0,40,AUG25,2008,i
13848674,"Baisalov, Azamat",KGZ,M,,,,1500,0,40,AUG25,1981,
13800841,"Baisynov, Islambek",KGZ,M,,NA,,1912,0,20,AUG25,1980,
13842617,"Baiyshev, Iliyaz",KGZ,M,,,,1472,0,40,AUG25,2002,
13808885,"Baizbekov, Nursaid",KGZ,M,,,,1510,0,40,AUG25,2008,i
13808842,"Bakaev, Hanmyrza",KGZ,M,,,,1526,0,40,AUG25,2007,i
13835033,"Baktiyarov, Amin",KGZ,M,,,,1409,0,40,AUG25,2011,i
381043215,"Baktiyarov, Malik",KGZ,M,,,,1579,0,40,AUG25,1989,i
13841327,"Baktybek Kyzy, Alika",KGZ,F,,,,1583,0,40,AUG25,2015,w
13826603,"Baktybekov, Dastan",KGZ,M,,,,1569,0,40,AUG25,2006,i
13851900,"Baktybekov, Tabiat",KGZ,M,,,,1488,0,40,AUG25,2016,
13819194,"Bakyt Kyzy, Kamila",KGZ,F,,,,1480,0,40,AUG25,2007,wi
13809598,"Bakytbekov, Tilek",KGZ,M,,,,1593,0,20,AUG25,1992,i
13812467,"Bakytova, Altynai",KGZ,F,,,,1442,0,40,AUG25,2010,w
13813404,"Bakytova, Begimay",KGZ,F,,,,1627,0,20,AUG25,2004,wi
13845870,"Baltabaev, Alisher",KGZ,M,,,,1576,0,40,AUG25,2008,
13814621,"Bapaev, Amir",KGZ,M,,,,1802,0,40,AUG25,2009,
13832840,"Barktabasov, Kasymbek",KGZ,M,,,,1623,0,40,AUG25,1941,i
13842943,"Bashir, Ahmad Gulistani",KGZ,M,,,,1600,0,40,AUG25,1985,i
13800850,"Batabaev, Mirgalim",KGZ,M,,,,1852,0,20,AUG25,1959,i
13827715,"Batilova, Aidai",KGZ,F,,,,1442,0,40,AUG25,2010,wi
13827723,"Batilova, Aisuluu",KGZ,F,,,,1527,0,40,AUG25,2010,wi
13815024,"Batyrbekova, Miraida",KGZ,M,,,,1440,0,40,AUG25,2003,i
13848445,"Bayaliev, Tilek",KGZ,M,,,,1476,0,40,AUG25,2008,i
13833545,"Bayishbekova, Ayperi",KGZ,M,,,,1461,0,40,AUG25,2012,i
13850547,"Baysalov, Ruslan",KGZ,M,,,,1660,0,40,AUG25,2008,
13838369,"Bazakechev, Tugelbai",KGZ,M,,,,1467,0,40,AUG25,1955,
13803190,"Bazakechov, Esenbek",KGZ,M,,"NI,NA",,1564,0,40,AUG25,1966,i
13854330,"Bazarbaeva, Gaukhar",KGZ,F,,,,1412,1,40,AUG25,2015,w
13807560,"Bazarbaeva, Saadat",KGZ,F,,,,1666,0,20,AUG25,2005,wi
13848917,"Bazarkulov, Kairat",KGZ,M,,,,1585,0,40,AUG25,2006,
13828886,"Bazarkulov, Shaidylda",KGZ,M,,,,1491,0,40,AUG25,1951,i
13801694,"Beisheev, Kanat",KGZ,M,,,,1818,0,20,AUG25,1967,
13802127,"Beishembaev, Beksultan",KGZ,M,,,,1858,0,40,AUG25,1998,i
13806386,"Beishenaliev, Ilim",KGZ,M,,,,1619,0,40,AUG25,2006,i
13826468,"Beishenbekov, Kambar",KGZ,M,,,,1436,0,40,AUG25,2009,i
13829513,Beishenov Nurel,KGZ,M,,,,1534,0,40,AUG25,2010,i
13816942,"Bekbasarova, Nurnisa",KGZ,F,,,,1684,0,40,AUG25,2007,w
13802810,"Bekkulova, Nuriza",KGZ,F,,,,1595,0,40,AUG25,1997,wi
13816063,"Beknazarov, Emir",KGZ,M,,,,AIM,1878,0,AUG25,2010,
13835483,"Beknazarov, Rahim",KGZ,M,,,,1573,0,40,AUG25,2015,
13832557,"Bektemir uulu, Kairatbek",KGZ,M,,NA,,AIM,1810,0,AUG25,2005,
13835041,"Bektemirov, Bekzhan",KGZ,M,,,,1465,0,40,AUG25,2012,i
13847562,"Bekturganov, Tynchtykbek",KGZ,M,,,,1625,0,40,AUG25,2003,
13841335,"Bekturov, Atai",KGZ,M,,,,1586,6,40,AUG25,2014,
13802801,"Bektursunov, Nursultan",KGZ,M,,FA,,AFM,1718,0,AUG25,2002,i
13835726,"Belekov, Samidin",KGZ,M,,,,1604,0,40,AUG25,1965,i
13816870,"Berdibaeva, Edisa",KGZ,F,,,,1833,0,40,AUG25,2010,w
13803670,"Beshimov, Mikhail",KGZ,M,,,,1879,0,20,AUG25,2002,i
13801708,"Bespalov, Alexandr",KGZ,M,,,,1786,0,40,AUG25,1947,i
13854208,"Beyshenov, Rimbek",KGZ,M,,,,1543,0,40,AUG25,2009,
13832719,"Bigeldiev, Ali",KGZ,M,,,,1614,10,40,AUG25,2015,
13831054,"Bigeldieva, Asema",KGZ,F,,,,1496,0,40,AUG25,2007,wi
13816721,"Boiutov, Turarbek",KGZ,M,,,,1743,0,40,AUG25,1997,i
13822640,"Bolotbekov, Beksultan",KGZ,M,,,,1630,0,40,AUG25,2011,
13843222,"Bolotbekov, Dayan",KGZ,M,,,,1475,0,40,AUG25,2014,
13849492,"Bolotbekov, Nurgazy",KGZ,M,,,,1708,0,40,AUG25,2007,
13817426,"Bolotbekov, Sher-Mukhamed",KGZ,M,,,,1538,0,40,AUG25,2011,
13803050,"Bolotbekova, Begimai",KGZ,F,,,,1729,0,40,AUG25,1997,wi
13804189,"Bolotov, Toktobek",KGZ,M,,,,1616,0,40,AUG25,1954,
13833561,"Bolotova, Aidemi",KGZ,F,,,,1466,0,40,AUG25,2012,wi
13827421,"Bopoev, Arstanbek",KGZ,M,,,,1588,0,40,AUG25,2010,
13838130,"Boronbaev, Koshbai",KGZ,M,,NA,,1661,0,40,AUG25,1961,
13809024,"Borubaev, Nursultan",KGZ,M,,,,1454,0,40,AUG25,2007,i
13839039,"Boruev, Akylbek",KGZ,M,,FA,,1743,0,20,AUG25,1987,
13840045,"Borukeeva, Aisuluu",KGZ,F,,,,1505,0,40,AUG25,2005,wi
13814354,"Bugubaeva, Aiperi",KGZ,M,,,,1567,0,40,AUG25,2000,i
13832441,"Chakirov, Zamirbek",KGZ,M,,,,1611,0,40,AUG25,1973,
13802143,"Chalbaev, Sultan",KGZ,M,,,,1416,0,40,AUG25,1999,i
13815032,"Chatak Kyzy, Nurisa",KGZ,M,,,,1623,0,40,AUG25,2004,i
13801791,"Chebotarev, Vilen",KGZ,M,,,,1911,0,40,AUG25,1938,i
13831992,"Chekanov, Trofim",KGZ,M,,,,1552,0,40,AUG25,2004,i
13833570,"Chorchoev, Kutman",KGZ,M,,,,1520,0,40,AUG25,2012,i
13848453,"Chormokov, Kerez",KGZ,M,,,,1449,0,40,AUG25,1950,i
13803468,"Chubakov, Sultan",KGZ,M,FM,,,2242,0,20,AUG25,2007,
13803158,"Chyngyz, Sultai",KGZ,M,CM,,,1991,0,40,AUG25,2010,
13835270,"Chynybaev, Nuramir",KGZ,M,,,,1488,6,40,AUG25,2012,
13846760,"Dabaev, Ermek",KGZ,M,,,,1480,0,40,AUG25,2017,
13852159,"Dadabaev, Ardasher",KGZ,M,,,,1538,0,40,AUG25,2015,
13801236,"Dadabaev, Zhanybek",KGZ,M,,,,1931,0,20,AUG25,1989,
13827669,"Dairbek uulu, Sultan",KGZ,M,,,,1574,0,40,AUG25,2008,i
13819909,"Daiyrbekov, Nursultan",KGZ,M,,,,1723,7,20,AUG25,2004,
381043108,"Damir, Talapker",KGZ,M,,"NI,IO,IA",,1857,0,20,AUG25,1995,i
13816071,"Daniarov, Eldar",KGZ,M,,,,1555,0,40,AUG25,2009,
13849697,"Daudov, Timur",KGZ,M,,,,1878,8,40,AUG25,2009,
13845691,"Dautov, Salman",KGZ,M,,,,1424,5,40,AUG25,2015,
13800566,"Davletbakov, Saddam",KGZ,M,,,,2207,0,20,AUG25,1991,i
13802640,"Degenbaev, Aziz",KGZ,M,FM,,,2295,4,20,AUG25,2005,
13824546,"Degtiareva, Ekaterina",KGZ,F,,,,1493,0,40,AUG25,2011,w
13823965,"Denisakov, Murat",KGZ,M,,,,1550,8,40,AUG25,2007,
13800442,"Derkembaev, Samatbek",KGZ,M,,,,1725,8,20,AUG25,1980,
13852604,"Divazov, Marsu",KGZ,M,,,,1712,0,40,AUG25,1949,
13840592,"Djumaliev, Talantbek",KGZ,M,,,,1775,0,40,AUG25,1983,
13829807,"Dogdurbaev, Bael",KGZ,M,,,,1484,0,40,AUG25,2013,
13818155,"Duishenaliev, Dastan",KGZ,M,,,,1491,0,40,AUG25,2010,
13829734,"Duishenaliev, Eldar",KGZ,M,,,,1662,8,40,AUG25,2012,
13810812,"Duishenbekov, Elhan",KGZ,M,,,,1644,0,40,AUG25,2008,
13818520,"Duishenbekova, Nursuluu",KGZ,F,,,,1539,0,40,AUG25,2009,wi
13802780,"Dulatova, Aliia",KGZ,F,,,,1534,0,40,AUG25,1998,wi
13822985,"Dzhailoeva, Eldana",KGZ,M,,,,1478,0,40,AUG25,2009,i
13823078,"Dzhakypova, Chinara",KGZ,M,,,,1543,0,40,AUG25,1966,i
13850008,"Dzhalilov, Shergazy",KGZ,M,,,,1516,0,40,AUG25,2013,
13813978,"Dzhansakov, Muratbek",KGZ,M,,,,1640,0,40,AUG25,1953,i
13803689,"Dzhaparov, Medet",KGZ,M,,NA,,1604,0,20,AUG25,1975,
13836773,"Dzhaparova, Tatyna",KGZ,F,,,,1471,6,40,AUG25,2013,w
13835904,"Dzheenchoroev, Kubanychbek",KGZ,M,,,,1655,0,40,AUG25,1968,i
13832263,"Dzhekshebaev, Nurali",KGZ,M,,,,1735,9,40,AUG25,2013,
13802470,"Dzhenaliev, Azamat",KGZ,M,,,,1992,0,40,AUG25,1986,i
13831968,"Dzhetimishev, Baatyrkhan",KGZ,M,,,,1529,0,40,AUG25,2006,i
13851250,"Dzhilkibaev, Cholponbek",KGZ,M,,,,1477,0,40,AUG25,1956,i
13832670,"Dzhilkybaev, Cholponbek",KGZ,M,,,,1450,5,40,AUG25,1956,
13833812,"Dzholdoshbekov, Bakai",KGZ,M,,,,1686,0,40,AUG25,2010,i
13846361,"Dzhumabekov, Azamat",KGZ,M,,,,1644,0,40,AUG25,2009,
13803298,"Dzhumaev, Taalaibek",KGZ,M,,,,1556,8,20,AUG25,1982,
13804529,"Dzhumagulov, Almanbet",KGZ,M,,,,1765,0,40,AUG25,1952,i
13835785,"Dzhumaliev, Batyrbek",KGZ,M,,,,1734,0,40,AUG25,1959,i
13813986,"Dzhuraev, Baktiiar",KGZ,M,,,,1804,0,40,AUG25,1988,i
13801244,"Egemberdiev, Zulumbek",KGZ,M,,,,1691,0,40,AUG25,1992,i
13833820,"Elbrusov, Agil",KGZ,M,,,,1446,0,40,AUG25,2010,i
13808737,"Eldarov, Daniil",KGZ,M,,,,1615,0,40,AUG25,2008,i
13813994,"Elebesov, Salavat",KGZ,M,,,,AFM,1554,0,AUG25,1996,i
13857568,"Emilbekov, Amir",KGZ,M,,,,1520,5,40,AUG25,2014,
13816128,"Eraliev, Mirlan",KGZ,M,,,,1716,0,40,AUG25,1971,i
13843826,"Ergeshov, Bekturat",KGZ,M,,,,1572,0,40,AUG25,2008,
13845780,"Erkimbaev, Maksat",KGZ,M,,,,1546,0,40,AUG25,1980,i
13826077,"Erkinbaev, Maksatbek",KGZ,M,,,,1560,0,40,AUG25,1959,i
13830570,"Erkinova, Ajana",KGZ,M,,,,1426,0,40,AUG25,2012,i
13835289,"Ermekov, Aaly",KGZ,M,,,,AIM,1643,0,AUG25,2011,
13845241,"Ermekov, Davles",KGZ,M,,,,1472,0,40,AUG25,2013,
13819704,"Ernisov, Nurdoolot",KGZ,M,,,,1512,0,40,AUG25,2004,i
13850040,"Esenakunov, Emir",KGZ,M,,,,1434,6,40,AUG25,2013,
13842005,"Esenaliev, Tabyshbek",KGZ,M,,,,1698,8,20,AUG25,1961,
13800787,"Esenbaeva, Alina",KGZ,F,,,,1789,0,20,AUG25,1992,wi
13803573,"Esenbek kyzy, Aizhyldyz",KGZ,F,,,,1559,0,40,AUG25,2007,wi
13800736,"Esenbek Uulu, Bakai",KGZ,M,,NA,,2051,0,20,AUG25,1995,i
13800604,"Esenbek Uulu, Beknazar",KGZ,M,,,,1963,0,40,AUG25,1993,i
13800680,"Esenbek Uulu, Ilimbek",KGZ,M,,"FI,IA",,AFM,1971,0,AUG25,1989,i
13805967,"Eshaliev, Orozbek",KGZ,M,,,,1748,0,40,AUG25,1960,i
13803727,"Eshbekov, Kattabek",KGZ,M,,,,2052,0,40,AUG25,1973,i
13844423,"Fakhriddinova, Eliza",KGZ,F,,,,1480,0,40,AUG25,2005,wi
13830201,"Filjaev, Vitali",KGZ,M,,,,1780,0,40,AUG25,1975,i
13853015,"Gainutdinov, Rafis Maratovich",KGZ,M,,,,1418,0,40,AUG25,2016,
13831534,"Galzhigitov, Kaiym",KGZ,M,,,,1712,0,40,AUG25,1974,
13851845,"Gaparova, Aizat",KGZ,F,,,,1500,0,40,AUG25,2017,w
13840576,"Gazikoylu, Amir-Ali",KGZ,M,,,,1522,7,40,AUG25,2012,
13800388,"Giljazitdinov, Eduard",KGZ,M,,,,2099,0,20,AUG25,1967,i
13830910,"Guldosunov, Alikhan",KGZ,M,,,,1574,0,40,AUG25,2006,i
13836269,"Hamzamulin, Temirbek",KGZ,M,,,,1474,0,40,AUG25,1980,
13851748,"Iakubov, Imran",KGZ,M,,,,1487,0,40,AUG25,2012,
13813838,"Iarmukhambetov, Dilmurat",KGZ,M,,,,1753,0,40,AUG25,1958,i
13856090,"Iasen, Abubakir",KGZ,M,,,,1725,0,40,AUG25,2007,
13805690,"Ibraeva, Aiana",KGZ,F,,,,1502,0,40,AUG25,2002,wi
13844989,"Ibragimov, Aidar",KGZ,M,,,,1443,0,40,AUG25,2009,i
13803506,"Ibragimov, Iasynzhan",KGZ,M,,,,1660,0,40,AUG25,2003,i
13806777,"Ibraimov, Baiel",KGZ,M,,,,1823,0,20,AUG25,2005,
13814362,"Ibraimov, Begaly",KGZ,M,,,,1659,0,40,AUG25,1964,i
13815164,"Ibraimov, Dastan",KGZ,M,,,,1833,0,40,AUG25,2012,
13821555,"Ibraimov, Iman",KGZ,M,,,,1536,0,40,AUG25,2011,i
13824562,"Ibraimov, Kubanychbek",KGZ,M,,,,1747,9,20,AUG25,1968,
13819259,"Ibraimova, Aruuke",KGZ,F,,,,1487,0,40,AUG25,2008,wi
13806947,"Idrisov, Nazib",KGZ,M,,,,1677,0,20,AUG25,2004,i
13832697,"Igamberdiev, Akbar",KGZ,M,,,,1405,4,40,AUG25,2014,
13834860,"Igamberdieva, Aigerim",KGZ,F,,,,1436,0,40,AUG25,2009,wi
13800051,"Ilinsky, Vladimir",KGZ,M,IM,,,2260,0,20,AUG25,1956,i
13847279,"Imamidinov, Alinur",KGZ,M,,,,1438,0,40,AUG25,2015,
13822209,"Imamov, Bolotbek",KGZ,M,,,,1614,0,40,AUG25,2000,i
13800086,"Imanaliev, Taalaibek",KGZ,M,FM,,,2113,9,10,AUG25,1965,
13811657,"Imanaliev, Tanatar",KGZ,M,,,,1666,0,40,AUG25,1995,i
13815890,"Imanov, Alisher",KGZ,M,,,,1638,0,40,AUG25,2007,i
13834436,"Imanov, Tahir",KGZ,M,,,,1575,0,40,AUG25,1990,i
13833294,"Imarbekov, Bael",KGZ,M,,,,1770,0,20,AUG25,2006,
13843915,"Imarbekov, Bekzhan",KGZ,M,,,,1658,0,40,AUG25,2005,i
13817078,"Imashev, Islam",KGZ,M,,,,1576,0,40,AUG25,2009,
13829777,"Imashev, Islan",KGZ,M,,,,1560,0,40,AUG25,2008,i
13827685,"Imashov, Akyl",KGZ,M,,,,1497,0,40,AUG25,2004,i
13835297,"Iminov, Sanjar",KGZ,M,,,,1468,0,40,AUG25,2012,i
13854135,"Imirkhanov, Kurban",KGZ,M,,,,1645,0,40,AUG25,2011,
13802828,"Inarkiev, Ortsi",KGZ,M,,,,1563,0,20,AUG25,2004,i
13833642,"Isabekov, Elaman",KGZ,M,,,,1426,0,40,AUG25,2012,
13835408,"Isaev, Aman",KGZ,M,,,,1594,0,40,AUG25,2011,i
13801660,"Isaev, Chyngyz",KGZ,M,,,,2112,0,20,AUG25,1999,i
13806157,"Isaeva, Ainura",KGZ,F,,,,1440,0,40,AUG25,2011,wi
13830325,"Isakov, Amin",KGZ,M,,,,1696,0,40,AUG25,2012,
13827898,"Isakov, Artem",KGZ,M,,,,1492,0,40,AUG25,2007,
13808079,"Isakov, Mukhammad",KGZ,M,,FA,,1693,0,20,AUG25,1990,
13827987,"Isakova, Elina",KGZ,F,,,,1522,0,40,AUG25,2009,w
13851918,"Isakunov, Emir",KGZ,M,,,,1424,0,40,AUG25,2016,
13802542,"Isakzhanov, Aibek",KGZ,M,,,,1881,0,20,AUG25,1999,i
13800710,"Isakzhanov, Kelsinbek",KGZ,M,,,,2070,0,20,AUG25,1997,i
13803638,"Ishenov, Bakay",KGZ,M,,,,1860,0,20,AUG25,1998,i
13802402,"Isirailov, Nurgazy",KGZ,M,,,,1760,0,20,AUG25,1985,
13800868,"Isirailov, Tynar",KGZ,M,,,,1679,8,20,AUG25,1972,
13813129,"Iskakov, Abdurahim",KGZ,M,,,,1446,0,40,AUG25,2008,i
13806556,"Iskenderbekov, Erbol",KGZ,M,,,,1531,0,40,AUG25,2005,i
13844695,"Ismaev, Chyngyz",KGZ,M,,,,1457,0,40,AUG25,1995,i
13847210,"Ismailov, Abdykaiym",KGZ,M,,,,1633,0,40,AUG25,2008,i
13840401,"Ismailov, Abu-Bakr",KGZ,M,,,,1718,0,40,AUG25,2014,
13855050,"Ismailov, Alinur",KGZ,M,,,,1592,6,40,AUG25,2016,
13855328,"Ismailov, Azamat",KGZ,M,,,,1945,7,40,AUG25,1997,
13802550,"Ismailov, Erkinbek",KGZ,M,,,,1633,0,40,AUG25,1967,i
13803620,"Ismailov, Ulugbek",KGZ,M,,,,1958,0,20,AUG25,1989,i
13853562,"Ismatillaev, Nurdin",KGZ,M,,,,1485,0,40,AUG25,2015,
13849700,"Ismatillaev, Sabyr",KGZ,M,,,,1475,0,40,AUG25,2011,i
13803646,"Ismoilov, Khayrulla",KGZ,M,,,,1609,0,40,AUG25,1978,i
13834355,"Israilov, Nurgazy",KGZ,M,,,,1666,0,40,AUG25,1985,i
13828550,"Israilov, Radmir",KGZ,M,,,,1464,0,40,AUG25,2010,
13804219,"Iuldashev, Akmataly",KGZ,M,,,,1776,0,20,AUG25,1981,i
13803026,"Iunusov, Nuriddin",KGZ,M,CM,,,2007,8,40,AUG25,2008,
13851136,"Iusupov, Chyngyz",KGZ,M,,,,1575,0,40,AUG25,2009,
13834681,"Iusupov, Salman",KGZ,M,,,,1462,0,40,AUG25,2010,i
13839390,"Janybekov, Elhan",KGZ,M,,,,1791,8,40,AUG25,2008,
13800671,"Kachiev, Eldar",KGZ,M,,,,2137,0,20,AUG25,1993,i
13804227,"Kachkymbaev, Kyiazbek",KGZ,M,,,,1637,0,20,AUG25,1985,
13816500,"Kadyraliev, Aden",KGZ,M,,,,1440,0,40,AUG25,2011,
13853570,"Kadyrbekov, Alikhan",KGZ,M,,,,1415,5,40,AUG25,2017,
13831917,"Kadyrbekov, Annur",KGZ,M,,,,1560,0,40,AUG25,2008,i
13835793,"Kadyrbekov, Nurlan",KGZ,M,,,,1523,0,40,AUG25,1961,i
13805401,"Kadyrkulov, Saiid",KGZ,M,,NA,,1679,0,20,AUG25,2004,i
13802496,"Kadyrov, Adil",KGZ,M,,,,1719,7,20,AUG25,1960,
13800655,"Kadyrova, Begimai",KGZ,F,,,,1990,0,20,AUG25,1989,wi
13843834,"Kakarov, Umarbek",KGZ,M,,,,1434,0,40,AUG25,2007,i
13802259,"Kalkanov, Kaidu",KGZ,M,,NA,,1757,0,20,AUG25,2003,i
13803069,"Kalkanova, Tomiris",KGZ,F,,,,1546,0,40,AUG25,2007,wi
13807463,"Kalkanova, Zarina",KGZ,F,,,,1513,0,40,AUG25,2007,wi
13855972,"Kalygulov, Nursultan",KGZ,M,,,,1583,14,40,AUG25,2007,
13845802,"Kalykov, Amanbek",KGZ,M,,,,AFM,1659,0,AUG25,2009,
13822551,"Kamchybekov, Altai",KGZ,M,,,,1527,0,40,AUG25,2012,
13827901,"Kamchybekov, Kubanychbek",KGZ,M,,,,1545,0,40,AUG25,2007,i
13804715,"Kanatbek, Amir",KGZ,M,,,,1782,9,40,AUG25,2010,
13830724,"Kanatbekov, Amir",KGZ,M,,,,1659,12,40,AUG25,2012,
13830732,"Kanatbekov, Chyngyz",KGZ,M,,,,1740,9,40,AUG25,2011,
13849719,"Kanatov, Aktan",KGZ,M,,,,1499,0,40,AUG25,2008,i
13830350,"Kanybekov, Ayar",KGZ,M,,,,1499,0,40,AUG25,2012,
13830872,"Kanybekov, Ernazar",KGZ,M,,,,1541,0,40,AUG25,2008,i
13850393,"Kanybekov, Nurel",KGZ,M,,,,1542,0,40,AUG25,2011,
13835300,"Kanybekov, Tariyel",KGZ,M,,,,1471,5,40,AUG25,2012,
13811304,"Karabaev, Artyk",KGZ,M,,,,1500,0,40,AUG25,1973,i
13801287,"Karimov, Ismail",KGZ,M,,,,1600,9,20,AUG25,1965,
13848003,"Karimov, Kutmanali",KGZ,M,,,,1586,0,40,AUG25,1998,
13807544,"Karimova, Dariia",KGZ,F,,,,1473,0,40,AUG25,2005,wi
13817620,"Karmyshev, Suban",KGZ,M,,,,1644,0,40,AUG25,1950,
13807234,"Kartasheva, Iana",KGZ,F,,,,1457,0,40,AUG25,2010,wi
13834690,"Karybekov, Zhakshylyk",KGZ,M,,,,1504,0,40,AUG25,2009,i
13802410,"Karymshakov, Meder",KGZ,M,,,,1628,0,20,AUG25,1964,i
13804235,"Karymshakov, Rahman",KGZ,M,,,,1659,0,40,AUG25,2004,i
13804243,"Karypbaev, Almaz",KGZ,M,,,,1652,0,20,AUG25,1977,
13836048,"Kasabaev, Timur",KGZ,M,,,,1528,0,40,AUG25,1984,i
13834770,"Kasabaeva, Zhanel",KGZ,F,,,,1547,7,40,AUG25,2011,w
13851020,"Kashapov, Roman",KGZ,M,,,,1583,0,40,AUG25,2016,
13817639,"Kasiev, Kubanychbek",KGZ,M,,,,1518,0,40,AUG25,1957,i
13852825,"Kasymbaeva, Gulzat",KGZ,F,,,,1541,0,40,AUG25,1968,w
13806688,"Kasymkulov, Omurbek",KGZ,M,,,,1498,0,40,AUG25,2005,i
13838750,"Kasymov, Aktan",KGZ,M,,,,1431,0,40,AUG25,2011,
13808516,"Kasymov, Alinur",KGZ,M,,,,1527,0,40,AUG25,2010,
13856987,"Kasymov, Temirbek",KGZ,M,,,,1500,0,40,AUG25,1963,
13816012,"Kasymova, Eliza",KGZ,F,,,,1572,0,20,AUG25,2003,w
13801716,"Kazakbaev, Sezdbek",KGZ,M,,,,1761,8,20,AUG25,1961,
13834665,"Kazakov, Barsbek",KGZ,M,,,,1563,0,40,AUG25,2013,
13843290,"Kaziev, Alim",KGZ,M,,,,1546,0,40,AUG25,2014,i
13803328,"Kazizov, Ydrys",KGZ,M,,,,1513,7,40,AUG25,1951,
13804537,"Kazybekov, Syimyk",KGZ,M,,,,1659,0,40,AUG25,1997,i
13802313,"Kedeibaeva, Nurzhan",KGZ,F,,NA,,1689,0,40,AUG25,1991,wi
13801058,"Keldibaev, Daniiar",KGZ,M,,,,1499,0,20,AUG25,1973,
13837176,"Keldibek Uulu, Aktilek",KGZ,M,,,,1684,0,40,AUG25,2002,i
13807536,"Kelgenbaeva, Adelya",KGZ,F,,,,1545,0,40,AUG25,2006,wi
13848968,"Kemelbekova, Aidai",KGZ,F,,,,1416,0,40,AUG25,2015,w
13829181,"Kemelov, Dastan",KGZ,M,,,,1533,0,40,AUG25,2011,
13807986,"Kemelov, Muras",KGZ,M,,,,1402,0,40,AUG25,2012,i
13847724,"Kendirbaev, Bekzhan",KGZ,M,,,,1738,0,40,AUG25,1988,
13838547,"Kendirbaev, Talant",KGZ,M,,,,1536,0,40,AUG25,1962,
13801180,"Kenenbaev, Aidar",KGZ,M,,,,2062,0,20,AUG25,1999,i
13830945,"Keneshbekov, Adilet",KGZ,M,,,,1738,0,40,AUG25,2004,i
13816772,"Keneshbekov, Elim",KGZ,M,CM,,,1892,0,40,AUG25,2011,
13807684,"Kenzhebaeva, Ademi",KGZ,F,,,,1538,0,40,AUG25,2004,wi
13831569,"Kerimbaev, Akan",KGZ,M,,,,1714,0,40,AUG25,2000,i
13801295,"Kerimbaev, Nurlan",KGZ,M,,,,1930,0,40,AUG25,1984,i
13806963,"Kerimbekov, Kutman",KGZ,M,,FA,,1713,0,20,AUG25,2003,
13856138,"Kerimbekov, Rustom",KGZ,M,,,,1507,7,40,AUG25,2013,
13802968,"Kerimkulov, Omurbek",KGZ,M,,,,1904,0,20,AUG25,2004,i
13826972,"Kerimov, Duishekul",KGZ,M,,,,1513,0,40,AUG25,1943,i
13857177,"Kerimov, Umar",KGZ,M,,,,1557,0,40,AUG25,2014,
13803760,"Kerimzhanov, Azamat",KGZ,M,,FA,,1923,0,20,AUG25,1994,i
13849891,"Khakhaza, Ramza",KGZ,M,,,,1472,0,40,AUG25,1953,
13817736,"Khalbaiev, Torobek",KGZ,M,,,,1507,4,20,AUG25,1967,
13828592,"Khalmurzaeva, Saniya",KGZ,F,,,,1543,0,40,AUG25,2008,w
13851047,"Khilou, Salman",KGZ,M,,,,1495,5,40,AUG25,2016,
14200287,"Khoroshev, Nikita",KGZ,M,IM,,,2345,9,10,AUG25,1992,
13848470,"Kidikov, Urmat",KGZ,M,,,,1443,0,40,AUG25,1986,i
13848860,"Kim, Artem",KGZ,M,,,,1487,0,40,AUG25,2011,i
13815229,"Kim, David",KGZ,M,,,,1587,0,40,AUG25,2012,
13801554,"Kim, Eduard",KGZ,M,,,,1662,0,20,AUG25,1960,
13804553,"Kim, Sergey",KGZ,M,,,,1632,0,20,AUG25,1975,i
13800523,"Kim, Valeria",KGZ,F,,,,1909,0,40,AUG25,1991,wi
13800884,"Kitikov, Oleg",KGZ,M,,,,1754,7,20,AUG25,1949,
13801309,"Kobonov, Omurbek",KGZ,M,,,,1753,0,20,AUG25,1955,i
13835750,"Koibagarov, Djergalbek",KGZ,M,,,,1526,0,40,AUG25,1952,
13852779,"Koikeldiev, Murataly",KGZ,M,,,,1578,0,40,AUG25,1970,
13811312,"Kokoev, Zamirbek",KGZ,M,,,,1671,0,40,AUG25,1982,i
13855603,"Kokonbaeva, Aibiyke",KGZ,M,,,,1511,0,40,AUG25,2012,
13844725,"Koldoshev, Adyl",KGZ,M,,,,1621,0,40,AUG25,1987,i
13831070,"Konokbaeva, Chynara",KGZ,F,,,,1483,0,40,AUG25,2005,wi
13817884,"Konulkulov, Edil",KGZ,M,,,,1552,0,40,AUG25,1947,i
13810910,"Korlanov, Ashat",KGZ,M,,,,1467,0,40,AUG25,2008,i
13800329,"Korsakova, Tatiana",KGZ,F,WCM,WCM,FA,2044,0,40,AUG25,1974,wi
13800205,"Kozubay Uulu, Azamat",KGZ,M,,,,2193,0,20,AUG25,1990,i
13850571,"Kuanyshbai, Ahat",KGZ,M,,,,1429,0,40,AUG25,2007,
13815040,"Kubanychbek Kyzy, Burulai",KGZ,M,,,,1659,0,40,AUG25,1999,i
13813340,"Kubanychbekov, Asyltay",KGZ,M,,,,1856,8,20,AUG25,2006,
13854143,"Kubanychbekov, Bayel",KGZ,M,,,,1520,0,40,AUG25,2012,
13804839,"Kubanychbekov, Eldiar",KGZ,M,,,,1500,0,40,AUG25,2006,i
13847163,"Kubanychbekov, Samir",KGZ,M,,,,1418,0,40,AUG25,2014,
13806580,"Kubanychbekov, Shailoobek",KGZ,M,,,,1593,0,40,AUG25,2005,i
13813137,"Kubanychbekov, Ulukbek",KGZ,M,,,,1668,0,40,AUG25,2007,i
13841114,"Kubanychbekov, Zalkar",KGZ,M,,,,1769,9,40,AUG25,2014,
13814699,"Kubataliev, Beksultan",KGZ,M,,,,1738,7,40,AUG25,2008,
13803166,"Kubatbek kyzy, Perizat",KGZ,F,,,,1585,0,20,AUG25,1997,wi
13850482,"Kubatbekov, Arsen",KGZ,M,,,,1547,0,40,AUG25,2010,
13843656,"Kubatbekov, Emir",KGZ,M,,,,1466,0,40,AUG25,2011,
13802836,"Kubatbekova, Bermet",KGZ,F,,,,1460,0,40,AUG25,2005,wi
13835696,Kubatova Ademi,KGZ,F,,,,1462,0,40,AUG25,2008,wi
13824260,"Kudaiberdieva, Aitunuk",KGZ,F,,,,1450,0,40,AUG25,2008,wi
13824899,"Kudaibergenov, Aikol",KGZ,M,,,,1418,0,40,AUG25,2007,i
13811916,"Kudaibergenov, Syimyk",KGZ,M,,,,1450,0,40,AUG25,2002,i
13848925,"Kudaibergenov, Umaradil",KGZ,M,,,,1444,0,40,AUG25,2007,
13807250,"Kudaibergenova, Aelina",KGZ,F,,,,1517,0,40,AUG25,2010,wi
13814702,"Kudaikulov, Akylbek",KGZ,M,,,,1449,0,40,AUG25,2009,i
13849433,"Kudaikulov, Tolukbai",KGZ,M,,,,1437,0,40,AUG25,2003,i
13805541,"Kudainazarova, Daira",KGZ,F,,,,1522,0,40,AUG25,2007,wi
13804863,"Kulmanov, Adil",KGZ,M,,,,1420,0,40,AUG25,2008,i
13844431,"Kulmyrsaeva, Diana",KGZ,F,,,,1472,0,40,AUG25,2006,wi
13802534,"Kulsarieva, Nyrita",KGZ,F,,,,1613,0,40,AUG25,2001,wi
13808524,"Kurbanbaev, Zalkar",KGZ,M,,,,2161,9,40,AUG25,2009,
13850580,"Kurbanbekov, Alikhan",KGZ,M,,,,1621,0,40,AUG25,2008,
13834940,"Kurman Uulu, Mairambek",KGZ,M,,,,1645,0,40,AUG25,2007,i
13821881,"Kurmanaliev, Danijar",KGZ,M,,,,1562,0,40,AUG25,2006,i
13801830,"Kurmanbek uulu, Dooronbek",KGZ,M,,,,1645,0,40,AUG25,1999,i
13811797,"Kurmanbekov, Akimaly",KGZ,M,,,,1551,0,40,AUG25,2005,i
13817000,"Kurmanbekov, Aktan",KGZ,M,,,,1737,0,40,AUG25,2011,
13829378,"Kurmanbekov, Arlen",KGZ,M,,,,1506,0,40,AUG25,2009,i
13843745,"Kurmanbekov, Baiel",KGZ,M,,,,1470,0,40,AUG25,2009,i
13819453,"Kurmankaliev, Daniyar",KGZ,M,,,,1545,0,40,AUG25,2006,i
13818252,"Kurumbekov, Marat",KGZ,M,,,,1570,0,40,AUG25,2010,i
13810103,"Kush, Agniya",KGZ,F,,,,1508,0,40,AUG25,2010,wi
13812181,"Kushbakov, Isan",KGZ,M,,,,1504,0,40,AUG25,2013,
13805339,"Kushbakov, Uralbai",KGZ,M,,,,1618,0,40,AUG25,2003,i
13839160,"Kutunaev, Ilijaz",KGZ,M,,,,1632,0,40,AUG25,2005,i
13842811,"Kutunaev, Nuriaz",KGZ,M,,,,1688,0,40,AUG25,1986,
13804146,"Kuvan, Aigul",KGZ,F,,,,1794,0,20,AUG25,2003,wi
13817442,"Kuvanychbekov, Artur",KGZ,M,,,,1467,0,40,AUG25,2009,i
13823426,"Kydyraliev, Beksultan",KGZ,M,,,,1611,0,40,AUG25,2000,i
13801317,"Kydyraliev, Zamir",KGZ,M,,,,2079,0,40,AUG25,1964,i
13819461,"Kydyrbekov, Kanimet",KGZ,M,,NA,,1605,0,20,AUG25,2006,i
13808990,"Kylychbekov, Islam",KGZ,M,,,,1482,0,40,AUG25,2007,i
13819623,"Kylychbekova, Azema",KGZ,F,,,,1420,0,40,AUG25,2006,wi
13834908,"Layashukurova, Altynai",KGZ,F,,,,1578,0,40,AUG25,2007,wi
13804871,"Lee, Batyrkhan",KGZ,M,,,,1555,0,40,AUG25,2010,
13801651,"Lee, Dariya",KGZ,F,WCM,WCM,FA,1709,0,20,AUG25,2003,wi
13800280,"Lee, Igor",KGZ,M,,,,2047,0,40,AUG25,1970,i
13713248,"Lesbekova, Assel",KGZ,F,WCM,WCM,FA,1948,0,20,AUG25,2004,w
13818880,"Levchenko, Pavel",KGZ,M,,,,1455,0,40,AUG25,2008,i
13800620,"Lim, Greta",KGZ,F,,,,1869,0,20,AUG25,1956,wi
13802321,"Loboda, Diana",KGZ,F,,,,1762,0,20,AUG25,1996,wi
13805983,"Maatkerimov, Nurbek",KGZ,M,,,,1630,0,20,AUG25,1966,i
13854151,"Maatmuratov, Alihan",KGZ,M,,,,1506,0,40,AUG25,2012,
13800124,"Magai, Vladimir",KGZ,M,IM,,,2492,0,10,AUG25,1971,i
13823450,"Mahmarazhapova, Shoira",KGZ,M,,,,1488,0,40,AUG25,2000,i
13801511,"Mairambekova, Aiperi",KGZ,F,,,,1737,0,20,AUG25,2002,wi
13843753,"Makambaev, Rysbek",KGZ,M,,,,1525,0,40,AUG25,2009,i
13837273,"Makambaeva, Shirin",KGZ,F,,,,1494,11,20,AUG25,2005,w
13825577,"Makeeva, Bermet",KGZ,F,,,,1502,0,40,AUG25,2011,wi
13814729,"Makelenov, Bael",KGZ,M,,,,1522,0,40,AUG25,2008,i
13831410,"Makhmudhodzhaev, Saitkamil",KGZ,M,,,,1571,0,40,AUG25,1947,i
13819488,"Maksat Uulu, Eldos",KGZ,M,,,,1494,0,40,AUG25,2005,i
13805355,"Maksatbek uulu, Zhumaaly",KGZ,M,,,,1548,0,40,AUG25,2004,i
13806955,"Maksatbekov, Nurtegin",KGZ,M,,FA,,1574,0,20,AUG25,2003,
13835955,"Malaikanov, Kuban",KGZ,M,,,,1443,0,40,AUG25,1959,i
13832271,"Malikov, Arsen",KGZ,M,,,,1466,0,40,AUG25,2014,
13803611,"Mamasaliev, Uson",KGZ,M,,,,1545,0,40,AUG25,1994,i
13843842,"Mamatbekov, Aidar",KGZ,M,,,,1423,0,40,AUG25,2007,i
13813358,"Mamatisakova, Nargiza",KGZ,F,,,,1536,0,40,AUG25,2005,wi
13850121,"Mamatkarimov, Emir",KGZ,M,,,,1453,0,40,AUG25,2014,
13800027,"Mamatov, Melis",KGZ,M,FM,,,2336,0,10,AUG25,1996,
13804588,"Mamatov, Nursultan",KGZ,M,,,,1871,0,40,AUG25,1994,i
13802950,"Mamatova, Ainagul",KGZ,F,,,,AIM,1506,0,AUG25,1985,wi
13815121,"Mamazhanov, Kabylzhan",KGZ,M,,,,1833,0,40,AUG25,1985,i
13824570,"Mambetov, Zhoomart",KGZ,M,,,,1753,0,20,AUG25,1988,i
13800400,"Mamontov, Alexandr",KGZ,M,,,,2014,0,20,AUG25,1964,i
13817990,"Mamyrazakov, Artur",KGZ,M,,,,1757,0,40,AUG25,1988,
13801325,"Mansurov, Anvar",KGZ,M,,,,2067,0,40,AUG25,1986,i
13826891,"Maratbekov, Bakyt",KGZ,M,,,,1440,0,40,AUG25,2006,i
13843389,"Maratbekov, Selim",KGZ,M,,,,1474,0,40,AUG25,2013,
13851055,"Maratbekova, Ademi",KGZ,F,,,,1441,0,40,AUG25,2016,w
13814060,"Maratov, Arsen",KGZ,M,,,,1678,0,20,AUG25,2004,
13853988,"Maratov, Artur",KGZ,M,,,,1546,0,40,AUG25,2013,
13843397,"Maratov, Emir",KGZ,M,,,,1447,0,40,AUG25,2013,
13800698,"Markov, Mikhail",KGZ,M,IM,NA,,2237,9,10,AUG25,1989,
13817833,"Mashaev, Yanvarbek",KGZ,M,,,,1555,0,40,AUG25,1959,i
13832450,"Matkabylov, Nurbek",KGZ,M,,,,1565,0,40,AUG25,1975,
13831607,"Mazhitov, Abdymalik",KGZ,M,,,,1533,0,40,AUG25,1950,i
13800302,"Maznitsin, Andrei",KGZ,M,FM,NA,,2164,0,20,AUG25,1984,
13854232,"Medetbekov, Adis",KGZ,M,,,,AFM,1505,0,AUG25,2010,
13818902,"Medetov, Adil",KGZ,M,,,,1500,0,40,AUG25,2007,i
34372539,"Medvedev, Fedor M",KGZ,M,,,,1756,0,40,AUG25,2011,
13801473,"Meimanaliev, Nursultan",KGZ,M,,,,1672,0,40,AUG25,2002,i
13805991,"Meleshin, Vasily",KGZ,M,,,,1695,0,20,AUG25,1950,i
13830058,"Melisova, Gulyanda",KGZ,F,,,,1436,0,40,AUG25,2008,wi
13852787,"Meschechko, Nikolay",KGZ,M,,,,1580,0,40,AUG25,1950,
13835807,"Metaliev, Erken",KGZ,M,,,,1589,0,40,AUG25,1960,i
13835432,"Mirbekov, Isa",KGZ,M,,,,1755,0,40,AUG25,2014,i
13801597,"Mirlan kyzy, Azaliia",KGZ,F,,,,1737,0,20,AUG25,2005,wi
13802160,"Mirlan uulu, Syimyk",KGZ,M,,NA,,1887,0,20,AUG25,2003,i
13848437,"Mitaliev, Erkin",KGZ,M,,,,1647,0,40,AUG25,1959,i
13842951,"Mohammad, Mahdi Qambari",KGZ,M,,,,1726,0,40,AUG25,1985,i
13839810,"Mokenov, Elmyrza",KGZ,M,,,,1572,0,40,AUG25,2007,i
13825402,"Moldabekov, Zhenis",KGZ,M,,,,1730,0,40,AUG25,2000,i
13829742,"Moldakunov, Nurel",KGZ,M,,,,1551,0,40,AUG25,2009,
13843400,"Moldaliev, Eldar",KGZ,M,,,,1481,0,40,AUG25,2013,
13801333,"Moldobaev, Erik",KGZ,M,,,,1743,0,20,AUG25,1961,
13853996,"Moldobekov, Ayan",KGZ,M,,,,1486,1,40,AUG25,2014,
13805398,"Moldobekov, Nasir",KGZ,M,,,,1759,0,40,AUG25,2002,i
13854160,"Mombekov, Almambet",KGZ,M,,,,1442,0,40,AUG25,2012,
13812211,"Momunaliev, Ruslan",KGZ,M,CM,,,2175,9,40,AUG25,2011,
13800760,"Momunalieva, Shaadat",KGZ,F,,,,1723,0,20,AUG25,1996,wi
13803131,"Momunkulova, Imannur",KGZ,F,,,,1651,0,40,AUG25,2007,wi
13804294,"Monoldorov, Rashid",KGZ,M,,,,1647,8,20,AUG25,1972,
13816047,"Monoshev, Ulugbek",KGZ,M,,,,1489,0,40,AUG25,2007,i
13821903,"Monoshov, Ulukbek",KGZ,M,,,,1602,0,20,AUG25,2005,i
13800906,"Morozov, Aleksandr",KGZ,M,,,,1649,0,20,AUG25,1953,
13845721,"Muhamedzhanov, Umar",KGZ,M,,,,1421,0,40,AUG25,2016,
13821571,"Mukaev, Nursultan",KGZ,M,,,,1424,0,40,AUG25,2011,i
13847864,"Mukalaev, Sardar",KGZ,M,,,,1529,6,40,AUG25,2016,
13836730,"Mukanbetalyeva, Alina",KGZ,F,,,,1525,0,40,AUG25,2012,wi
13829599,"Mukanov, Iskender",KGZ,M,,,,1716,9,40,AUG25,2013,
13810170,"Mukanova, Rayana",KGZ,F,,,,1590,0,40,AUG25,2008,w
13846973,"Mukhitdinova, Olga",KGZ,F,,,,1438,0,40,AUG25,2013,wi
13841246,"Mukhtarov, Umar",KGZ,M,,,,1528,0,40,AUG25,2013,i
13836323,"Muradeli Uulu, Myktybek",KGZ,M,,,,1613,0,40,AUG25,2000,i
13821580,"Muradylov, Baiel",KGZ,M,,,,1864,0,40,AUG25,2011,
13835130,"Muratbekova, Aibike",KGZ,F,,,,1429,0,40,AUG25,2013,wi
13823353,"Muratov, Erzhan",KGZ,M,,,,1612,0,40,AUG25,2006,i
13808150,"Muratov, Nuremir",KGZ,M,,,,1513,0,40,AUG25,2010,i
13830929,"Muratzhanov, Nurbol",KGZ,M,,,,1451,0,40,AUG25,2006,
13840398,"Murzakimov, Zhenishbek",KGZ,M,,,,1562,8,20,AUG25,1960,
13804120,"Musabekov, Nurtilek",KGZ,M,,,,1468,0,40,AUG25,2009,i
13811924,"Musabekova, Aiday",KGZ,F,,,,1501,0,40,AUG25,2003,wi
13822446,"Musaev, Ilnur",KGZ,M,,,,1449,0,40,AUG25,2013,i
13822578,"Musaev, Iskhak",KGZ,M,,,,1486,0,40,AUG25,2012,i
13830031,"Musaev, Nail",KGZ,M,,,,1496,0,40,AUG25,2011,i
13818937,"Musaev, Nurgazy",KGZ,M,,,,1481,0,40,AUG25,2007,i
13854240,"Musaev, Umar",KGZ,M,,,,ACM,1463,0,AUG25,2009,
13801341,"Musaev, Usein",KGZ,M,,,,1708,0,40,AUG25,1952,i
13801643,"Musaeva, Shakhnazi",KGZ,F,,FA,,1759,0,20,AUG25,2000,wi
13808451,"Musahodzhaev, Sultan",KGZ,M,,,,1465,0,40,AUG25,2009,i
13832468,"Muteshov, Duyshek",KGZ,M,,,,1527,0,20,AUG25,1952,
13814290,"Myrzabekov, Asanbek",KGZ,M,,,,1755,0,40,AUG25,1940,i
13816535,"Myrzabekov, Nurbol",KGZ,M,,,,1469,0,40,AUG25,2010,i
13838270,"Myrzaev, Aripzhan",KGZ,M,,,,1772,0,40,AUG25,1999,i
13843443,"Myrzakerimov, Tagai",KGZ,M,,,,1501,0,40,AUG25,2014,
13814168,"Namazaliev, Daniar",KGZ,M,,,,1827,0,40,AUG25,1978,i
13803085,"Narbekov, Mamytbek",KGZ,M,,FA,,1859,0,40,AUG25,2000,i
13821598,"Narynbekov, Iskender",KGZ,M,,,,1491,0,40,AUG25,2012,
13804944,"Naseredinov, Amantai",KGZ,M,,,,1430,0,40,AUG25,2006,i
13805410,"Naseredinov, Sanzhar",KGZ,M,,,,1420,0,40,AUG25,2004,i
13850490,"Nazarbekov, Aidar",KGZ,M,,,,1540,0,40,AUG25,2009,
13816950,"Nazarmukhamedov, Alisher",KGZ,M,,,,1660,0,20,AUG25,2005,i
13835440,"Nazhimidinova, Yasmina",KGZ,M,,,,1680,0,40,AUG25,2012,i
13827529,"Naziev, Elhan",KGZ,M,,,,1422,0,40,AUG25,2010,i
13852345,"Neematov, Akzhol",KGZ,M,,,,1623,7,40,AUG25,2014,
13800230,"Ni, Dmitriy",KGZ,M,,,,2116,0,40,AUG25,1985,i
13803662,"Nishanov, Mamirzhan",KGZ,M,,,,1764,0,40,AUG25,1982,
13817477,"Nogoev, Daniiar",KGZ,M,,,,ACM,1459,0,AUG25,2006,i
13840690,"Nogoeva, Aiturgan",KGZ,F,,,,1515,0,40,AUG25,2015,w
13800310,"Nolletov, Vladimir",KGZ,M,,,,1824,0,20,AUG25,1950,
13836609,"Nurakhunov, Makhmud",KGZ,M,,,,1544,0,40,AUG25,2010,
13801848,"Nuraliev, Berdibek",KGZ,M,,,,1903,0,40,AUG25,1977,i
13841122,"Nurbekov, Ali Nur",KGZ,M,,,,1566,7,40,AUG25,2014,
13800183,"Nurdin Uulu, Sardarbek",KGZ,M,,"NI,IA",,AFM,1907,0,AUG25,1989,
13802011,"Nurdinov, Aibolot",KGZ,M,,,,1699,0,40,AUG25,1998,i
13806971,"Nurdinov, Azamat",KGZ,M,,NA,,1807,24,20,AUG25,2004,
13848879,"Nurgaziev, Sanzhar",KGZ,M,,,,1481,0,40,AUG25,2011,i
13819640,"Nurgazy Kyzy, Gulzhamal",KGZ,F,,,,1438,0,40,AUG25,2005,wi
13819500,"Nurlanbek Uulu, Tilek",KGZ,M,,,,1472,0,40,AUG25,2006,i
13813870,"Nurlanbek, Aruuke",KGZ,F,,,,1431,0,40,AUG25,2008,wi
13804480,"Nurlanov, Nurmukhammad",KGZ,M,,,,1744,0,20,AUG25,2003,i
13801139,"Nurlanov, Zhakshylyk",KGZ,M,,,,1987,0,20,AUG25,1997,i
13804421,"Nurmahmatov, Abdurafyk",KGZ,M,,,,1559,0,40,AUG25,1956,
13835831,"Nurmamatov, Akbii",KGZ,M,,,,1609,5,40,AUG25,2002,
13831283,"Nurov, Baizak",KGZ,M,,,,1913,0,40,AUG25,2010,
13841700,"Obozkanov, Abdykerim",KGZ,M,,,,1654,0,40,AUG25,1954,i
13801953,"Olzhobai Kyzy, Alisa",KGZ,F,,,,1810,0,20,AUG25,1999,wi
13801929,"Olzhobai, Evr",KGZ,M,,,,1586,0,40,AUG25,2001,i
13819518,"Olzhobolotov, Akzholtoi",KGZ,M,,,,1485,0,40,AUG25,2005,i
13803697,"Omuraliev, Kairat",KGZ,M,,,,1794,0,20,AUG25,1966,
13807498,"Omuralieva, Zhumagul",KGZ,F,,,,1451,0,40,AUG25,2007,w
13800752,"Omurbekova, Diana",KGZ,F,WCM,WCM,NA,1748,9,20,AUG25,1999,w
13808958,"Omurzakov, Bair",KGZ,M,,,,1543,0,40,AUG25,2008,i
13802682,"Omurzakov, Sabyrbek",KGZ,M,,,,1531,0,20,AUG25,1957,i
13804596,"Onufrienko, Vladimir",KGZ,M,,,,1446,0,40,AUG25,2005,i
13804332,"Onufrienko, Vladislav",KGZ,M,,NA,,2069,8,20,AUG25,2004,
13852795,"Ormukov, Temirlan",KGZ,M,,,,1506,0,40,AUG25,1976,
13814761,"Ormushev, Aidar",KGZ,M,,,,1585,0,40,AUG25,2008,i
13811010,"Ormushov, Aydar",KGZ,M,,,,1561,0,40,AUG25,2009,
13802240,"Orozbaev, Eldiyar",KGZ,M,IM,,,2381,18,10,AUG25,2006,
13817841,"Orozbaev, Zhursunbek",KGZ,M,,,,1452,0,20,AUG25,1950,i
13806009,"Orozbekov, Turar",KGZ,M,,,,1636,0,40,AUG25,1992,i
13804464,"Orozbekova, Aiiza",KGZ,F,,,,1642,8,20,AUG25,2006,w
13832735,"Orozkojoeva, Ainuru",KGZ,F,,,,1495,0,40,AUG25,2014,w
13802437,"Orozobaev, Zamirbek",KGZ,M,,,,1852,0,20,AUG25,1985,i
13817400,"Orunbaev, Bael",KGZ,M,,,,1527,0,40,AUG25,2007,i
13806416,"Oruzbaev, Tagai",KGZ,M,,,,1592,0,40,AUG25,2005,i
13802526,"Osmonaliev, Erzhan",KGZ,M,,,,1627,0,20,AUG25,2005,i
13813579,"Osmonaliev, Sultan",KGZ,M,,,,1591,0,40,AUG25,1956,i
13838776,"Osmonaliev, Umar",KGZ,M,,,,1525,0,40,AUG25,2011,i
13849778,"Osmonov, Amanbei",KGZ,M,,,,1455,0,40,AUG25,2015,
13818317,"Osmonov, Umar",KGZ,M,,,,1428,0,40,AUG25,2010,i
13854682,"Osmonova, Aidai",KGZ,F,,,,1570,0,40,AUG25,2010,w
13800060,"Ostry, Irina",KGZ,F,WIM,WIM,,2147,0,20,AUG25,1950,wi
13800612,"Otorbaeva, Nuriza",KGZ,F,,,,1836,0,20,AUG25,1989,wi
13800469,"Otyutskaya, Elena",KGZ,F,,,,2003,0,40,AUG25,1986,wi
13806904,"Ozgon, Ularbek",KGZ,M,,,,1550,0,40,AUG25,2004,i
13800914,"Pahomeev, Oleg",KGZ,M,,,,1780,0,20,AUG25,1952,
13808613,"Pak, Aaron",KGZ,M,,,,1931,7,40,AUG25,2009,
13801732,"Pak, Vadim",KGZ,M,,,,1817,0,20,AUG25,1990,
13812220,"Pak, Yaroslav",KGZ,M,,,,1612,0,40,AUG25,2011,i
13821423,"Patar Uulu, Barsbek",KGZ,M,,,,1615,0,40,AUG25,2004,i
13806203,"Pazylbekova, Nurzhamal",KGZ,F,,,,1470,0,40,AUG25,2009,wi
13831623,"Pazylov, Topchubek",KGZ,M,,,,1586,0,40,AUG25,1963,
13850504,"Penkin, Aleksandr",KGZ,M,,,,1553,0,40,AUG25,2009,i
13850784,"Podpolnaia, Sofija",KGZ,F,,,,1432,0,40,AUG25,2007,wi
13840380,"Poliak, Margarita",KGZ,F,,,,1671,0,40,AUG25,2014,w
13826158,"Povodyrev, Sergei",KGZ,M,,,,1533,0,40,AUG25,2010,i
13810065,"Prikop, David",KGZ,M,,,,1567,0,40,AUG25,2000,
13835858,"Rahatbekov, Nurumar",KGZ,M,,,,1470,0,40,AUG25,2016,
13805894,"Rahmatulin, Bakyt",KGZ,M,,,,1795,0,20,AUG25,1983,i
13846043,"Raiymbekov, Nurali",KGZ,M,,,,1485,0,40,AUG25,2016,
13836501,"Raiymbekov, Nurel",KGZ,M,,,,1686,0,40,AUG25,2012,
13811835,"Rakhatbekov, Tilegen",KGZ,M,,,,1803,0,20,AUG25,2004,
13838393,"Rakmat Uulu, Talas",KGZ,M,,,,1599,7,40,AUG25,1985,
13815130,"Ramanov, Almanbet",KGZ,M,,,,1774,0,40,AUG25,1999,i
13829939,"Ramisova, Adelina",KGZ,F,,,,1579,8,40,AUG25,2013,w
13847813,"Rashitov, Mir",KGZ,M,,,,1611,0,40,AUG25,1956,i
13847988,"Razabaev, Imran",KGZ,M,,,,1487,0,40,AUG25,2013,
55748210,"Rodionov, Rodion",KGZ,M,,,,1511,0,40,AUG25,2013,
13848607,"Ruslanov, Aktan",KGZ,M,,,,1668,0,40,AUG25,2005,i
13817094,"Rustamov, Emir",KGZ,M,,,,1604,0,20,AUG25,2005,
13831429,"Rydchenko, Andrei",KGZ,M,,,,1489,0,40,AUG25,1979,i
13825992,"Rysbaev, Ernest",KGZ,M,,,,1402,0,40,AUG25,2007,i
13824066,"Rysbaeva, Alsuu",KGZ,F,,,,1584,0,40,AUG25,2009,wi
13808982,"Ryskulov, Chyngyz",KGZ,M,,,,1434,0,40,AUG25,2008,i
13813510,"Rysmatov, Azamat",KGZ,M,,,,1626,0,40,AUG25,1996,
13857720,"Sabirov, Erlan",KGZ,M,,,,1875,8,40,AUG25,1978,
13849441,"Sabirov, Kushtarbek",KGZ,M,,,,1516,0,40,AUG25,1995,i
13848208,"Sabirov, Omar",KGZ,M,,,,1452,0,40,AUG25,2015,
13800078,"Sabirova, Sophia",KGZ,F,WFM,WFM,,2118,0,20,AUG25,1980,wi
13804952,"Sabyrbekov, Akim",KGZ,M,,,,1680,0,40,AUG25,2007,i
13810294,"Sabyrbekova, Aizhan",KGZ,F,,,,1652,0,40,AUG25,2012,w
13842706,"Sabyrov, Nurtaazim",KGZ,M,,,,1450,0,40,AUG25,2015,
13821954,"Sadikov, Davruhbek",KGZ,M,,,,1580,0,40,AUG25,2003,i
13823175,"Sadygaliev, Sarylbek",KGZ,M,,,,1457,6,20,AUG25,1955,
13811703,"Sagaliev, Beishen",KGZ,M,,,,1645,0,20,AUG25,1965,i
13848488,"Sagalieva, Adinai",KGZ,F,,,,1445,0,40,AUG25,2009,wi
13802186,"Sagynaliev, Iljas",KGZ,M,,,,1774,0,40,AUG25,1999,i
13805460,"Sagynbekov, Ilgiz",KGZ,M,,,,1514,0,40,AUG25,2005,i
13816896,"Sagynbekova, Alsu",KGZ,F,,,,1726,0,40,AUG25,2008,w
13820621,"Sagynbekova, Zhibek",KGZ,F,,,,1764,9,40,AUG25,2013,w
13833715,"Sagyndykova, Ayimbike",KGZ,M,,,,1489,0,40,AUG25,2012,
13807153,"Saiakbaev, Bektemir",KGZ,M,,,,1702,0,40,AUG25,2003,i
13841017,"Saidinov, Kalybai",KGZ,M,,,,1651,0,40,AUG25,1980,i
13809105,"Saidzhoraev, Hozhiakbar",KGZ,M,,,,1498,0,40,AUG25,2007,i
13847732,"Saipidinov, Nazhmidin",KGZ,M,,,,1491,0,40,AUG25,1954,i
13827200,"Saipiev, Temirlan",KGZ,M,,,,1569,0,40,AUG25,2000,i
13842510,"Saitmamat uulu, Nuradyl",KGZ,M,,,,AFM,1518,0,AUG25,2003,i
13835866,"Saizildaeva, Aimana",KGZ,F,,,,1535,3,40,AUG25,2014,w
13804340,"Sakibaev, Nursultan",KGZ,M,,,,1878,0,20,AUG25,2004,i
13800221,"Samaganova, Aleksandra",KGZ,F,WFM,WFM,FI,1933,0,20,AUG25,1986,w
13800345,"Samakov, Nurdin",KGZ,M,FM,,,2342,0,20,AUG25,1985,i
13821610,"Samarbekov, Adil",KGZ,M,,,,1452,0,40,AUG25,2011,i
13848623,"Samatov, Nuraly",KGZ,M,,,,1458,0,40,AUG25,2009,i
13849883,"Samokhvalov, Maksim",KGZ,M,,,,1615,15,40,AUG25,2009,
13802933,"Samsalieva, Nazgul",KGZ,F,,,,1726,0,40,AUG25,1989,wi
13801147,"Samudin, Elina",KGZ,F,,,,1855,0,20,AUG25,1998,wi
13841149,"Santashbekov, Emirlan",KGZ,M,,,,1448,8,40,AUG25,2014,
13844326,"Santashbekova, Eliyana",KGZ,F,,,,1415,7,40,AUG25,2010,w
13839900,"Santashbekova, Evelina",KGZ,F,,,,1496,7,40,AUG25,2012,w
13827952,"Saruev, Islam",KGZ,M,,,,1408,0,40,AUG25,2007,i
13845675,"Sarybaev, Sultan",KGZ,M,,NA,,1720,0,40,AUG25,1984,
13818376,"Sarylbekov, Eldos",KGZ,M,,,,1417,0,40,AUG25,2010,
13819003,"Sarylbekov, Ismail",KGZ,M,,,,1500,0,40,AUG25,2008,i
13852949,"Saryldykov, Abai",KGZ,M,,,,1476,0,40,AUG25,2017,
13821920,"Sataev, Adilet",KGZ,M,,,,1588,0,40,AUG25,2004,i
13843770,"Satanov, Baiel",KGZ,M,,,,1501,0,40,AUG25,2010,
13850202,"Satanov, Daniel",KGZ,M,,,,1413,4,40,AUG25,2013,
13809733,"Sattarov, Inat",KGZ,M,,,,1574,0,40,AUG25,1964,
13803948,"Satybaev, Akylbek",KGZ,M,,,,1587,0,20,AUG25,2001,
13804987,"Satybaldiev, Beknur",KGZ,M,,,,1536,0,40,AUG25,2007,i
13847023,"Satybaldiev, Sheishenbek",KGZ,M,,,,1455,0,40,AUG25,1950,i
13800582,"Seitaliev, Erlan",KGZ,M,,,,1857,0,20,AUG25,1995,
13814036,"Semizbaev, Bolotbek",KGZ,M,,,,1731,0,40,AUG25,1989,i
13824473,"Serkebaev, Azamat",KGZ,M,,,,1557,0,40,AUG25,2004,i
13801627,"Sezdbekov, Almaz",KGZ,M,,,,1752,9,20,AUG25,2004,
13802046,"Sezdbekov, Arzybek",KGZ,M,,NA,,ACM,1878,24,AUG25,2001,
13801856,"Sezdbekov, Ruslan",KGZ,M,FM,NA,,2203,9,20,AUG25,2002,
13803590,"Sezdbekova, Aizhan",KGZ,F,WCM,WCM,,1884,0,40,AUG25,2010,w
13802739,"Sezdbekova, Nazira",KGZ,F,,,,1631,0,20,AUG25,2006,w
13832590,"Shabdanbekova, Erkinai",KGZ,F,,,,1564,0,40,AUG25,1995,wi
13800930,"Shabdanov, Moldobek",KGZ,M,,,,1996,0,20,AUG25,1967,i
13855115,"Shadymanov, Bek",KGZ,M,,,,1551,0,40,AUG25,1985,
13840843,"Shafranov, Ilya",KGZ,M,,NA,,1574,7,20,AUG25,1966,
13831437,"Shakeev, Taalaibek",KGZ,M,,,,1731,0,20,AUG25,1988,i
13824732,"Shakenov, Turat",KGZ,M,,,,1465,0,40,AUG25,2010,i
13814320,"Shakirov, Dyikan",KGZ,M,,,,1623,0,40,AUG25,1990,i
13809741,"Shaltakov, Shakir",KGZ,M,,,,1620,0,40,AUG25,1944,
13832689,"Shambetov, Atai",KGZ,M,,,,1474,0,40,AUG25,2014,
13801864,"Shambetov, Zarlyk",KGZ,M,,,,1899,0,40,AUG25,1953,i
13817914,"Sharipova, Zuura",KGZ,F,,,,1403,0,20,AUG25,2002,wi
13832123,"Sharshebaeva, Railya",KGZ,F,,,,1484,0,40,AUG25,2015,w
13846051,"Sharsheev, Marsel",KGZ,M,,,,1413,0,40,AUG25,2010,i
13804642,"Sharshembiev, Adil",KGZ,M,,,,1921,0,20,AUG25,2002,i
13810634,"Sharshenbekov, Emir",KGZ,M,CM,,,2175,9,40,AUG25,2010,
13844733,"Sharshenov, Almaz",KGZ,M,,,,1552,0,40,AUG25,2010,i
13802658,"Shatenov, Atai",KGZ,M,,,,1549,0,40,AUG25,2005,i
13817760,"Shatmanaliev, Kapar",KGZ,M,,,,1765,0,40,AUG25,1979,i
13851950,"Sheishenov, Bilal",KGZ,M,,,,1501,0,40,AUG25,2016,
13833200,"Shekekov, Kurmanbek",KGZ,M,,,,1719,0,40,AUG25,2000,i
13803255,"Shergaliev, Nurlan",KGZ,M,,,,1638,0,20,AUG25,1984,i
13834479,"Shergalieva, Amina",KGZ,F,,,,1507,0,40,AUG25,2017,w
13811720,"Shergaziev, Bakyt",KGZ,M,,,,1732,0,40,AUG25,1973,i
13837486,"Shermatov, Argen",KGZ,M,,,,1702,0,40,AUG25,1996,
13807013,"Shidlovskas, Romanas",KGZ,M,,,,1428,0,40,AUG25,2004,i
13833464,Shokenov Chyngyz,KGZ,M,,,,1435,0,40,AUG25,2009,i
13804650,"Shokenov, Myktybek",KGZ,M,,,,1848,9,20,AUG25,1978,
13832484,"Shokenov, Nurtegin",KGZ,M,,,,1461,6,40,AUG25,2013,
13851780,"Shomatov, Bakhriddin",KGZ,M,,,,1623,0,40,AUG25,1974,
13800426,"Shukuraliev, Algis",KGZ,M,FM,,,2359,0,20,AUG25,1983,i
13800531,"Shyngys Kyzy, Aizharkyn",KGZ,F,,,,1888,0,20,AUG25,1993,wi
13800094,"Sidorenko, Alexei",KGZ,M,,,,2276,0,20,AUG25,1976,i
13829688,"Smagulov, Ryan",KGZ,M,,,,1485,0,40,AUG25,2010,i
13832948,"Smagulova, Rayana",KGZ,F,,,,1456,0,40,AUG25,2010,w
13848585,"Smailov, Beknazar",KGZ,M,,,,1527,0,40,AUG25,1994,i
13816020,"Soghomonyan, Khachik",KGZ,M,,,,1575,0,40,AUG25,2007,i
13801945,"Solomko, Artur",KGZ,M,,,,1733,0,20,AUG25,2006,
13804600,"Solovyev, Oleg",KGZ,M,,,,1875,0,40,AUG25,1959,i
13849522,"Soltonbaev, Nazar",KGZ,M,,,,1607,0,40,AUG25,2011,
13801910,"Sovetbekova, Nurai",KGZ,F,WFM,WFM,,2027,9,20,AUG25,2005,w
13844709,"Spiridonov, Kirill",KGZ,M,,,,1880,0,20,AUG25,1987,i
13802917,"Stalbekov, Kantemir",KGZ,M,,,,1683,0,40,AUG25,2005,i
13840711,"Stamova, Akzholtoi",KGZ,F,,,,1546,0,20,AUG25,1985,w
13804081,"Stankulov, Ilim",KGZ,M,,,,1497,0,40,AUG25,2007,i
13829726,"Subankulova, Kanykei",KGZ,F,,,,1493,5,40,AUG25,2012,w
13846795,"Subanov, Aytegin",KGZ,M,,,,1570,6,40,AUG25,2014,
13846302,"Suerkulov, Baitemir",KGZ,M,,,,1719,0,20,AUG25,2006,
13817779,"Sulaimanov, Islam",KGZ,M,,,,1573,0,40,AUG25,2002,i
13804499,"Sulaimanov, Tilekmatali",KGZ,M,,,,1848,0,40,AUG25,2007,
13811100,"Suleimanov, Baibolot",KGZ,M,,,,1506,0,40,AUG25,2008,
13800493,"Sultanbekov, Kubat",KGZ,M,,,,1902,0,20,AUG25,1985,i
13809121,"Sultangaziev, Amir",KGZ,M,,,,1868,0,40,AUG25,2008,i
13826816,"Sultanov, Abdulaziz",KGZ,M,,,,1561,0,40,AUG25,2008,
13806831,"Sultanov, Tahir",KGZ,M,,,,1426,0,40,AUG25,2007,i
13807447,"Sultanova, Adelina",KGZ,F,,,,1534,0,40,AUG25,2008,wi
13802941,"Sultanova, Asel",KGZ,F,,,,1624,0,40,AUG25,1995,wi
13845004,"Sulumov, Erbol",KGZ,M,,,,1522,0,40,AUG25,2009,i
13803433,"Surabaldieva, Kanyshai",KGZ,F,,,,1416,0,20,AUG25,2005,wi
13833952,"Surkeev, Shumkar",KGZ,M,,,,1851,18,40,AUG25,2009,
13802607,"Suvanbekov, Jahangir",KGZ,M,,,,1786,0,20,AUG25,2006,i
13824767,"Suvanbekov, Nurhan",KGZ,M,,,,1439,0,40,AUG25,2010,i
13840835,"Suvanbekov, Tamer",KGZ,M,,,,1485,0,40,AUG25,2016,i
13805916,"Sydykov, Almaz",KGZ,M,,,,1630,0,40,AUG25,1983,i
13811738,"Sydykov, Bakyt",KGZ,M,,,,1681,0,20,AUG25,1965,
13829610,"Sydykov, Bayastan",KGZ,M,FM,,,2322,9,20,AUG25,2011,
13840444,"Sydykov, Ernazar",KGZ,M,,,,1729,0,40,AUG25,2000,i
13804618,"Sydykov, Nurtilek",KGZ,M,,,,1617,0,20,AUG25,2005,i
13802062,"Sydykova, Akylai",KGZ,F,,,,1587,0,40,AUG25,2007,wi
13811584,"Sydykova, Gulbara",KGZ,M,,,,1519,0,40,AUG25,1960,i
13800779,"Sydykova, Myrzagul",KGZ,F,,,,1866,0,40,AUG25,1995,wi
13843877,"Taalaibekov, Aktan",KGZ,M,,,,1402,0,40,AUG25,2008,i
13836510,"Taalaibekov, Chyngyz",KGZ,M,,,,1457,0,40,AUG25,2013,i
13842897,"Taalaibekov, Emir",KGZ,M,,,,1454,0,40,AUG25,2014,
13801163,"Taalaibekov, Tagir",KGZ,M,,,,2217,0,20,AUG25,1998,i
13823876,"Tabyldieva, Asema",KGZ,F,,,,1447,0,40,AUG25,2008,wi
13830473,"Tairov, Amir",KGZ,M,,,,1526,0,40,AUG25,2011,i
13832050,"Takhirova, Elizabet",KGZ,F,,,,1485,0,40,AUG25,2006,wi
13800272,"Takyrbashev, Bolot",KGZ,M,,,,2057,0,20,AUG25,1983,
13800949,"Takyrbashev, Tilek",KGZ,M,FM,,,1870,9,20,AUG25,1956,
13816640,"Talant, Aruuke",KGZ,F,,,,1523,0,40,AUG25,2007,wi
13823205,"Talantbek Uulu, Dastan",KGZ,M,,,,1525,0,40,AUG25,2003,i
13849468,"Talantbekova, Baizada",KGZ,M,,,,1427,0,40,AUG25,2002,i
13811843,"Talipov, Aziz",KGZ,M,,,,1606,0,40,AUG25,2005,i
13802356,"Tantabaeva, Mira",KGZ,F,,,,1536,0,40,AUG25,1972,wi
13811959,"Tapaev, Totuhan",KGZ,M,,NA,,1876,0,20,AUG25,2006,
13808036,"Tashmat uulu, Ariet",KGZ,M,,,,1469,0,40,AUG25,2011,i
13809113,"Tashmat uulu, Tariel",KGZ,M,,,,1585,0,40,AUG25,2008,i
13829190,"Tashmatov, Adilet",KGZ,M,,,,1435,0,40,AUG25,2011,
13830937,"Tashmatov, Azamat",KGZ,M,,,,1450,0,40,AUG25,2005,i
13827090,"Tashtanbaev, Omurbek",KGZ,M,,,,1524,0,40,AUG25,1956,
13842722,"Tashtanbekov, Ramazan",KGZ,M,,,,1454,0,40,AUG25,2015,
13802208,"Tashtanbekova, Elina",KGZ,F,,,,1486,0,40,AUG25,2004,wi
13841157,"Tashtemirov, Elhan",KGZ,M,,,,1415,0,40,AUG25,2014,i
13844660,"Taspolotov, Zamirbek",KGZ,M,,,,1714,0,40,AUG25,2000,i
13834258,"Tavaldyeva, Alija",KGZ,F,,,,1619,9,40,AUG25,2007,w
13814133,"Tazhimyrzaev, Elzarbek",KGZ,M,,,,1828,0,40,AUG25,1981,
13846094,"Te, Sofia",KGZ,F,,,,1517,0,40,AUG25,2016,w
13803719,"Teguebayev, Zhumabay",KGZ,M,,,,1664,0,40,AUG25,1991,i
13801937,"Teiitbaev, Aktilek",KGZ,M,,,,2106,0,20,AUG25,2000,i
13802798,"Temir, Musa",KGZ,M,,,,1646,0,20,AUG25,2004,i
13816977,"Temiraliev, Zalkar",KGZ,M,,NA,,1912,7,40,AUG25,1995,
13848011,"Temirbekov, Almaz",KGZ,M,,,,1594,0,40,AUG25,2006,i
13851039,"Temirbekov, Baiaman",KGZ,M,,,,1695,0,40,AUG25,2015,
13855212,"Temirov, Nazar",KGZ,M,,,,1485,0,40,AUG25,1985,
13846620,"Tentimishev, Akylbek",KGZ,M,,,,1857,8,40,AUG25,2012,
13824716,"Terehin, Danil",KGZ,M,,,,1512,0,40,AUG25,2008,i
13833340,"Teshebaev, Zhumabai",KGZ,M,,,,1598,0,40,AUG25,1981,
13803530,"Teterevenkov, Daniil",KGZ,M,,,,1758,0,40,AUG25,2000,i
13814192,"Tezekbaev, Kubanychbek",KGZ,M,,,,1658,0,40,AUG25,1962,
13801490,"Thaher, Renat",KGZ,M,,,,1707,0,40,AUG25,1999,i
13823566,"Tigai, Vilory",KGZ,M,,,,1637,0,40,AUG25,1945,i
13802089,"Tihonchuk, Nazar",KGZ,M,,,,1618,0,40,AUG25,1964,
13805487,"Tilek uulu, Eldar",KGZ,M,,,,1648,0,40,AUG25,2004,i
13814150,"Tilekov, Eldar",KGZ,M,,NA,,1706,8,20,AUG25,2003,
13803239,"Tilenbaev, Cholponbek",KGZ,M,,,,1689,0,20,AUG25,1955,
13800639,"Tilenbaeva, Baktygul",KGZ,F,,,,1925,0,20,AUG25,1961,wi
13800396,"Tilenbaeva, Janyl",KGZ,F,,,,2003,0,20,AUG25,1988,wi
13843532,"Timurov, Emir",KGZ,M,,,,1417,4,40,AUG25,2014,
13819771,"Tobokelov, Akboto",KGZ,M,,,,1658,0,20,AUG25,2004,i
13819054,"Tokonov, Nazar",KGZ,M,,,,1560,0,40,AUG25,2007,i
13802623,"Toksombaev, Sanzhar",KGZ,M,,,,1588,0,40,AUG25,2005,i
13816489,"Toktaaliev, Namys",KGZ,M,,,,1826,9,40,AUG25,2013,
13832778,"Toktaalieva, Ayana",KGZ,F,,,,1560,6,40,AUG25,2014,w
13802615,"Toktalieva, Aidana",KGZ,F,,,,1647,0,40,AUG25,2001,wi
13808044,"Toktobekov, Shabdan",KGZ,M,,,,1599,8,40,AUG25,2012,
13803778,"Toktobekova, Azema",KGZ,F,,,,1563,0,40,AUG25,2008,wi
13800299,"Toktogonov, Damil",KGZ,M,,,,2043,0,20,AUG25,1963,
13842900,"Toktokozhoeva, Aiana",KGZ,F,,,,1538,0,40,AUG25,2015,w
13807420,"Toktokozhoeva, Altynai",KGZ,F,,,,1636,0,40,AUG25,2008,w
13805045,"Toktomushev, Bek",KGZ,M,,,,1564,0,40,AUG25,2006,i
13814451,"Toktonaliev, Ernak",KGZ,M,,,,1694,0,20,AUG25,1980,i
13803247,"Toktonazarov, Maniyaz",KGZ,M,,,,1692,0,20,AUG25,1982,i
13851101,"Toktonazarov, Sanzhar",KGZ,M,,,,1639,0,40,AUG25,1983,i
13805495,"Toktosunov, Chubak",KGZ,M,,,,1488,0,40,AUG25,2005,i
13802852,"Toktosunov, Ismail",KGZ,M,,,,1528,0,40,AUG25,2008,i
13849018,"Toktosunova, Aruuke",KGZ,F,,,,1516,0,40,AUG25,2014,w
13816861,"Tolobaldiev, Alikhan",KGZ,M,,,,1664,0,40,AUG25,2012,
13800574,"Tologon tegin, Semetei",KGZ,M,IM,NA,,2304,27,10,AUG25,1990,
13805053,"Tologonov, Esen",KGZ,M,,,,1463,0,40,AUG25,2008,i
13836528,"Tolonbaev, Muhammedumar",KGZ,M,,,,1651,7,40,AUG25,2013,
13854186,"Tolubaev, Alibek",KGZ,M,,,,1521,0,40,AUG25,2011,
13840533,"Torogeldiev, Erlan",KGZ,M,,,,1658,0,40,AUG25,1988,i
13803352,"Tsai, Dmitrii",KGZ,M,,,,1771,0,20,AUG25,1950,i
13804626,"Tuichiev, Baratbek",KGZ,M,,,,1667,0,40,AUG25,1964,i
13803514,"Tulendybaev, Muhammed-Salih",KGZ,M,,,,1591,0,40,AUG25,2003,i
13822217,"Turaliev, Zhanybek",KGZ,M,,,,1577,0,40,AUG25,1964,i
13817922,"Turatbek Kyzy, Nazgul",KGZ,M,,,,1538,0,40,AUG25,2002,i
13848887,"Turatbekov, Arsen",KGZ,M,,,,1409,0,40,AUG25,2011,i
13802453,"Turdahunov, Doolotbek",KGZ,M,,,,1665,0,20,AUG25,1953,i
13840649,"Turdubekov, Azamat",KGZ,M,,,,1531,9,20,AUG25,1988,
13811541,"Turdukulov, Suyun",KGZ,M,,,,1482,0,40,AUG25,1986,i
13848895,"Turganbaev, Alikhan",KGZ,M,,,,1429,0,40,AUG25,2010,
13831445,"Turgunbaev, Baktybek",KGZ,M,,,,1612,0,40,AUG25,1975,i
13808362,"Turgunbaev, Tilek",KGZ,M,,,,1415,0,40,AUG25,2009,i
13843540,"Turgunov, Yusuf",KGZ,M,,,,1549,6,40,AUG25,2013,
13826905,"Turksoi, Zhanpolat",KGZ,M,,,,2184,9,40,AUG25,2008,
13800116,"Turpanov, Milan",KGZ,M,FM,,,2243,0,20,AUG25,1978,i
13839659,"Tursunaliev, Daniel",KGZ,M,,,,1483,0,40,AUG25,2009,i
13846310,"Tursunalieva, Aelita",KGZ,F,,,,1411,0,40,AUG25,2013,wi
13817310,"Tursunalieva, Nuraiym",KGZ,F,,,,1683,8,40,AUG25,2010,w
13817329,"Tursunalieva, Nurelina",KGZ,F,WCM,WCM,,1775,9,40,AUG25,2012,w
13836790,"Tursunbekova, Asema",KGZ,F,,,,1425,5,40,AUG25,2011,w
13850687,"Turusbekova, Aliman",KGZ,F,,,,1437,0,40,AUG25,2014,w
13806440,"Turusbekova, Bermet",KGZ,F,,,,1433,0,40,AUG25,2004,wi
13853791,"Tutashev, Daler",KGZ,M,,,,1508,4,40,AUG25,2016,
13836692,"Tynaliev, Maulen",KGZ,M,,,,1429,0,40,AUG25,2008,i
13832301,"Tynchtykbekov, Aidar",KGZ,M,,,,1635,0,40,AUG25,2012,
13836854,"Tynchybekova, Tansuluu",KGZ,F,,,,1517,0,40,AUG25,2010,wi
13803360,"Tynybekov, Bakyt",KGZ,M,,,,1795,0,20,AUG25,2003,i
13809547,"Ubyshev, Marat",KGZ,M,,,,1441,0,40,AUG25,2008,i
13826549,"Ulukbekova, Myrzaiym",KGZ,F,,,,1436,0,40,AUG25,2011,wi
13814893,"Ulukshaev, Abdurauf",KGZ,M,,,,1428,0,40,AUG25,2008,i
13814001,"Umaraliev, Kanat",KGZ,M,,,,1956,0,40,AUG25,1972,i
13800248,"Umarbekov, Aziz",KGZ,M,,IA,,2067,0,20,AUG25,1968,
13804383,"Umetaliev, Arsen",KGZ,M,,,,1801,0,40,AUG25,2008,i
13816853,"Urkadyrov, Syimyk",KGZ,M,,,,1684,0,20,AUG25,2006,
13817523,"Urkeev, Nursultan",KGZ,M,,,,1740,0,40,AUG25,2010,
13814419,"Urkunbaev, Aalybek",KGZ,M,,,,1674,0,20,AUG25,1964,
13819100,"Urmanbetov, Temirlan",KGZ,M,,,,AFM,1677,0,AUG25,2008,
13846647,"Usekov, Yryskeldi",KGZ,M,,,,1431,0,40,AUG25,2012,i
13818449,"Usenbaev, Bek",KGZ,M,,,,1423,0,40,AUG25,2009,i
13853392,"Usenova, Kunduz",KGZ,F,,,,1402,5,40,AUG25,2009,w
13847058,"Usmanov, Bekhzod",KGZ,M,,,,1438,0,40,AUG25,2012,i
13802461,"Usmanov, Ulugbek",KGZ,M,,,,1743,0,20,AUG25,1985,
13832930,"Usmanova, Aisha",KGZ,F,,,,1533,0,40,AUG25,2012,w
13823264,"Usubaliev, Arlan",KGZ,M,,,,1451,0,40,AUG25,2013,i
13802569,"Usubaliev, Ermat",KGZ,M,,,,1559,0,20,AUG25,1935,
13829491,"Usubaliev, Nursultan",KGZ,M,,,,1484,0,40,AUG25,2011,i
13811746,"Usupbaev, Omor",KGZ,M,,,,1572,0,20,AUG25,1959,i
13803140,"Usupbekova, Zarina",KGZ,F,,"NI,FA",,1770,0,20,AUG25,2001,wi
13832620,"Usupov, Damirbek",KGZ,M,,,,1626,0,40,AUG25,1969,i
13800450,"Vilinsky, Vladimir",KGZ,M,,,,1873,0,20,AUG25,1941,i
13803174,"Vishentsev, Aleksandr",KGZ,M,,,,1926,0,20,AUG25,2001,i
13848259,"Ymanbaev, Alymbek",KGZ,M,,,,1538,6,40,AUG25,2015,
13853813,"Yryskeldiev, Elhan",KGZ,M,,,,1464,0,40,AUG25,2015,
13835459,"Yrysov, Timur",KGZ,M,,,,1830,9,40,AUG25,2015,
13831550,"Ysakov, Ulugbek",KGZ,M,,,,1576,0,40,AUG25,1980,i
13854275,"Ysakulov, Biytegin",KGZ,M,,,,1467,0,40,AUG25,2009,
13849506,"Zaiitov, Makhmutkhan",KGZ,M,,,,1577,0,40,AUG25,1960,i
13803603,"Zairbek kyzy, Begimai",KGZ,F,WFM,WFM,,1936,0,20,AUG25,2001,w
13832646,"Zakharchenko, Viktor",KGZ,M,,,,1451,0,40,AUG25,2005,i
13802518,"Zakirov, Asan",KGZ,M,,,,1806,0,40,AUG25,1959,i
13822926,"Zakirov, Elnur",KGZ,M,,,,1633,0,40,AUG25,2006,i
13805312,"Zamirbek uulu, Adilet",KGZ,M,,,,1704,0,20,AUG25,2004,i
13836625,"Zarylbekov, Aslan",KGZ,M,,,,1426,0,40,AUG25,2010,
13816551,"Zarylykov, Erhan",KGZ,M,,,,1913,0,40,AUG25,2010,
13832131,"Zarylykova, Akmarzhana",KGZ,F,,,,1570,0,40,AUG25,2015,w
13803034,"Zhainakov, Sagynych",KGZ,M,,,,1705,0,40,AUG25,2003,i
13803042,"Zhainakov, Talaibek",KGZ,M,,,,1767,0,20,AUG25,2006,i
13829629,Zhakov Aleksandr,KGZ,M,,,,1686,0,40,AUG25,1983,i
13804111,"Zhakshylykov, Erzhan",KGZ,M,IM,,,2362,0,20,AUG25,2007,
13800795,"Zhakypov, Artur",KGZ,M,,,,1831,0,20,AUG25,1998,i
13824538,"Zhakypov, Bekbol",KGZ,M,,,,1444,0,40,AUG25,2011,i
13852892,"Zhakypov, Bilal",KGZ,M,,,,1422,0,40,AUG25,2013,
13814141,"Zhakypov, Ernist",KGZ,M,,,,1600,0,20,AUG25,1962,
13805673,"Zhakypova, Adelia",KGZ,M,,,,1431,0,40,AUG25,2002,i
13840550,"Zhakypova, Chynara",KGZ,M,,,,1404,0,40,AUG25,1966,i
13816381,"Zhakypova, Nuraiym",KGZ,F,,,,1435,0,40,AUG25,2013,wi
13852809,"Zhamgyrchiev, Abdrazak",KGZ,M,,,,1464,0,40,AUG25,1958,
13811754,"Zhanadilov, Taalai",KGZ,M,,,,1462,0,40,AUG25,1976,i
13835386,"Zhanybekov, Aktan",KGZ,M,,,,1478,0,40,AUG25,2012,
13815997,"Zhanybekov, Akzhan",KGZ,M,,,,1862,0,40,AUG25,2004,i
13817981,"Zhanybekov, Syimyk",KGZ,M,,,,1704,0,40,AUG25,2001,i
13819356,"Zhanybekova, Begimay",KGZ,F,WCM,WCM,,1900,0,40,AUG25,2007,w
13807455,"Zhanybekova, Indirahan",KGZ,F,,,,1403,0,40,AUG25,2008,wi
13852264,"Zhanybekova, Malika",KGZ,F,,,,1556,0,40,AUG25,2008,w
13814915,"Zhaparakunov, Ahmad",KGZ,M,,,,1501,0,40,AUG25,2009,
13822624,"Zhaparov, Altynbek",KGZ,M,,,,1437,5,40,AUG25,2012,
13832654,"Zharova, Marina",KGZ,F,,NA,,1425,0,40,AUG25,1975,wi
13800485,"Zheenbekov, Nurgazy",KGZ,M,,FI,,2176,9,20,AUG25,1986,
13803743,"Zhenishbekov, Alisher",KGZ,M,,,,1546,0,40,AUG25,2009,i
13848844,"Zhenishbekov, Erzhan",KGZ,M,,,,1498,0,40,AUG25,2012,
13849026,"Zhenishbekova, Aiyma",KGZ,F,,,,1509,0,40,AUG25,2014,w
13801279,"Zhlobovich, Erbol",KGZ,M,,,,1807,0,40,AUG25,1970,i
13805932,"Zholdoshbek kyzy, Adinai",KGZ,F,,,,1537,0,20,AUG25,2002,wi
13830902,"Zholdoshbekov, Nuradyl",KGZ,M,,,,1454,0,40,AUG25,2007,
13826573,"Zholdoshbekov, Timur",KGZ,M,,,,1403,0,40,AUG25,2011,
13832514,"Zholdoshev, Baiel",KGZ,M,,,,1597,0,40,AUG25,2009,i
13801635,"Zholdoshmamatov, Adilet",KGZ,M,,NA,,AIM,1779,9,AUG25,2003,
13833383,"Zhoraev, Adahamzhan",KGZ,M,,,,1531,0,40,AUG25,1967,
13805592,"Zhorobekova, Khalima",KGZ,F,,,,1424,0,40,AUG25,2009,w
13802488,"Zhoroev, Adahan",KGZ,M,,,,1650,0,40,AUG25,1967,
13841173,"Zhumabekov, Amir",KGZ,M,,,,1427,0,40,AUG25,2015,
13828754,"Zhumabekova, Darina",KGZ,F,,,,1543,0,40,AUG25,2012,w
13828762,"Zhumaeva, Ademi",KGZ,F,,,,1405,0,40,AUG25,2012,wi
13828908,"Zhumakunov, Esenbek",KGZ,M,,,,1506,0,40,AUG25,1970,i
13832662,"Zhumanazar Uulu, Syimyk",KGZ,M,,,,1537,0,40,AUG25,1999,i
13852078,"Zhumashaliev, Aisultan",KGZ,M,,,,1513,0,40,AUG25,2014,
13821717,"Zhumashaliev, Akai",KGZ,M,,,,1425,0,40,AUG25,2011,i
13819780,"Zhumataev, Nursultan",KGZ,M,,,,1563,0,20,AUG25,2003,i
13841190,"Zhumaturdu, Kutmanbek",KGZ,M,,,,1406,0,40,AUG25,2015,
13821938,"Zhunusaliev, Islam",KGZ,M,,,,AFM,1649,0,AUG25,2005,
13815946,"Zhunusaliev, Sultan",KGZ,M,,,,1576,0,40,AUG25,2006,i
13810251,"Zhunusbekova, Aimonchok",KGZ,F,,,,1917,9,40,AUG25,2009,w
13815156,"Zhunushbaev, Zhyrgalbek",KGZ,M,,,,1791,0,40,AUG25,1985,i
13824465,"Zhunushev, Atai",KGZ,M,,,,1504,0,40,AUG25,2006,i
13800876,"Zhusupov, Mairambek",KGZ,M,,,,1773,9,20,AUG25,1953,
13836897,"Zhuzumaliev, Temir",KGZ,M,,,,1781,0,40,AUG25,2009,
13800035,"Zilberman, Nathan R",KGZ,M,IM,,,2325,0,10,AUG25,1940,i