ID Number,Name,Fed,Sex,Title,WTit,OTit,Rating,Gms,K,RatingMonth,B-day,Flag
13201492,"Ahn, Hongjin",KOR,M,IM,,,2182,0,20,SEP25,1999,i
13201034,"Ahn, Sungmin",KOR,M,,,,1854,0,20,SEP25,1985,i
13227220,"Alimbekov, Umar",KOR,M,,,,1461,0,40,SEP25,2014,
13227211,"Alimbekova, Aibiike",KOR,F,,,,1517,0,40,SEP25,2010,w
13222228,"Bae, Jaemin",KOR,M,,,,1605,0,40,SEP25,2015,
13203436,"Bae, Sungwoo",KOR,M,,,,1754,0,20,SEP25,1999,i
13200186,"Baek, Wongi",KOR,M,,FI,,1752,0,20,SEP25,1982,
13207091,"Bin Nasrin, Nayyef Ashyraf",KOR,M,,,,AFM,1765,0,SEP25,1993,i
13205480,"Cheon, Sehyuk",KOR,M,CM,,,1804,0,40,SEP25,2008,i
13226185,"Cho, Eunjun",KOR,M,,,,1692,0,40,SEP25,2016,
13200550,"Cho, Seongho",KOR,M,,NI,,1908,0,20,SEP25,1990,i
13201190,"Cho, Yeonhee",KOR,F,WCM,WCM,"NI,NA",1743,0,20,SEP25,2001,wi
13235613,"Cho, Yoon",KOR,M,,,,1418,6,40,SEP25,2013,
13234706,"Choe, Matthew Hajoon",KOR,M,,,,1676,0,40,SEP25,2015,
13224530,"Choi, Chanuk",KOR,M,,,,AFM,1670,0,SEP25,2009,
13232355,"Choi, Hoyeon",KOR,M,,,,1617,0,20,SEP25,2005,
13211382,"Choi, Hyunbin",KOR,M,,,,1587,0,20,SEP25,2006,i
13201379,"Choi, Ian",KOR,M,,,,1788,0,20,SEP25,1998,i
13221140,"Choi, Jungwoon",KOR,M,,,,1478,0,40,SEP25,2017,
13202820,"Chon, Yongjoon",KOR,M,,,,1837,0,20,SEP25,2001,i
13206079,"Chun, Junhyun",KOR,M,,,,AIM,1540,0,SEP25,2009,
13211790,"Chung, Junhyeon",KOR,M,,,,1596,0,40,SEP25,2010,
13219928,"Feigin, Benjamin",KOR,M,,,,1447,0,40,SEP25,2015,
13215175,"Feigin, Daniel",KOR,M,,,,1874,14,40,SEP25,2012,
4908538,Gerelt-Od Boldbaatar,KOR,M,,,,1653,0,40,SEP25,2010,i
13217267,"Gim, Hajin",KOR,M,,,,AFM,1570,0,SEP25,2014,
55686737,"Gon, Andrei",KOR,M,,,,AFM,1804,0,SEP25,1985,
13200232,Gu In-Jung,KOR,M,,,,1874,0,20,SEP25,1995,i
13205501,"Ha, Jaebeen",KOR,M,,,,1687,0,20,SEP25,2002,i
13213741,"Han, Eunkyeol",KOR,M,,,,1435,0,40,SEP25,2013,i
13206702,"Ho, Joonsoo",KOR,M,,,,1650,0,20,SEP25,2006,i
13209795,"Hong, Ian",KOR,M,,,,1992,0,40,SEP25,2008,i
13213687,"Hong, Joohyuk",KOR,M,,,,AFM,1652,0,SEP25,2013,
13212702,"Hong, Jueun",KOR,F,,,,1499,0,40,SEP25,2010,w
13205250,"Hong, Sungha",KOR,M,,,,1639,0,40,SEP25,2007,i
13209590,"Huh, Isaak",KOR,M,CM,,,1983,0,40,SEP25,2011,
13203193,"Huh, Maximilian Romeo Eunhong",KOR,M,,,,1590,0,20,SEP25,2005,i
13227475,"Hur, Jiyu",KOR,M,,,,1535,0,40,SEP25,2015,
13200534,"Hwang, Jinuk",KOR,M,,,,1874,0,20,SEP25,1985,i
13233114,"Hwang, Noel",KOR,F,,,,1643,0,40,SEP25,2012,w
13224875,"Hwang, Seungha",KOR,M,,,,1554,0,40,SEP25,2011,i
13224220,"I, Mark",KOR,M,,,,1607,0,40,SEP25,2012,
13204955,"Jang, Hyeonho",KOR,M,,,,1737,0,20,SEP25,2001,i
13216520,"Jang, Seojun",KOR,M,,,,AFM,1754,0,SEP25,2014,
13218875,"Jang, Seungwoo",KOR,M,,,,1454,0,20,SEP25,1980,i
13216538,"Jang, Yunseo",KOR,F,,,,1504,0,40,SEP25,2011,w
13216023,"Je, Jiwoo",KOR,M,,,,1665,0,20,SEP25,1999,i
13234013,"Jeong, Hajun",KOR,M,,,,1809,0,40,SEP25,2010,
13219782,"Joi, Woojoo",KOR,M,,,,1411,4,40,SEP25,2016,
13215205,"Joo, Eram",KOR,M,,,,1509,0,40,SEP25,2012,
13213202,"Joo, Hyunwoo",KOR,M,,,,1660,0,20,SEP25,1995,i
13207954,"Jung, Jinuk",KOR,M,,,,1677,0,20,SEP25,2006,i
13212710,"Jung, Minju",KOR,F,,,,1412,0,40,SEP25,2012,w
13203762,"Jung, Yoonseo",KOR,M,,,,1614,0,20,SEP25,2005,i
13200194,"Jung, Young Hoon",KOR,M,CM,,,1959,0,20,SEP25,1996,i
13201980,"Kang, Jiin",KOR,F,,,,1585,0,20,SEP25,2002,wi
13205706,"Kang, Sohyun",KOR,F,WCM,WCM,,1681,0,40,SEP25,2007,wi
13201727,"Kang, Taehyung",KOR,M,CM,,,1953,0,20,SEP25,2003,i
13227564,"Kha, Unkho",KOR,M,,,,1696,0,20,SEP25,1963,
24173860,"Khan, Anastasiia",KOR,F,WCM,WCM,NA,1917,0,20,SEP25,2001,wi
13224921,"Khegai, Denis",KOR,M,,,,1510,0,20,SEP25,1977,
4129776,"Kim, Alexey",KOR,M,GM,,,2517,0,10,SEP25,1986,i
13751794,"Kim, Andrey",KOR,M,,,,ACM,1829,0,SEP25,2008,
13225189,"Kim, Artem D",KOR,M,,,,1531,0,40,SEP25,2013,
13204572,"Kim, Bokeon",KOR,M,,,,1718,0,20,SEP25,1991,i
34117234,"Kim, Changhoon",KOR,M,CM,,,1896,0,20,SEP25,1985,i
13205200,"Kim, Changhyung",KOR,M,,,,AIM,1812,0,SEP25,2004,i
13212842,"Kim, Donghan",KOR,M,,,,1656,0,40,SEP25,2013,i
13214420,"Kim, Doyeon B",KOR,F,,,,1483,4,40,SEP25,2013,w
13215280,"Kim, Echae",KOR,M,,,,1707,0,40,SEP25,2014,
13224654,"Kim, Evgenii Vlad",KOR,M,,,,1508,0,40,SEP25,2010,
13223569,"Kim, Gyubeen",KOR,M,,,,1591,0,40,SEP25,2014,
13218905,"Kim, Hajoon",KOR,M,,,,1627,0,40,SEP25,2012,
13207245,"Kim, Hannah",KOR,F,,DI,,1591,0,20,SEP25,2003,wi
13209736,"Kim, Heeyou",KOR,M,,,,1520,0,40,SEP25,2010,
13206699,"Kim, Heonwoo",KOR,M,,,,1528,0,40,SEP25,2009,i
13231936,"Kim, Hyowon",KOR,F,,,,1584,0,40,SEP25,2012,w
13219790,"Kim, Jaeha",KOR,M,,,,1693,8,40,SEP25,2017,
13230158,"Kim, Jiho A",KOR,M,,,,1438,0,40,SEP25,2015,
13227467,"Kim, Jihun",KOR,M,,,,1476,0,40,SEP25,2015,
13202405,"Kim, Jinsoo",KOR,M,CM,,,2105,0,20,SEP25,1991,i
13219774,"Kim, Jonghun",KOR,M,,,,1511,0,20,SEP25,2006,
13214462,"Kim, Jooyeon",KOR,F,,,,1684,9,40,SEP25,2015,w
382104398,"Kim, Junho C",KOR,M,,,,1622,0,40,SEP25,2010,i
13211447,"Kim, Junhwan",KOR,M,,,,1545,0,20,SEP25,1975,i
13229877,"Kim, Juwon",KOR,M,,,,1558,6,40,SEP25,2012,
13217895,"Kim, Keonwoo",KOR,M,,,,1474,0,40,SEP25,2014,
13209000,"Kim, Kunhoo Alexander",KOR,M,,,,1725,0,40,SEP25,2011,
13225740,"Kim, Lucas Jiwon",KOR,M,,,,1434,0,40,SEP25,2014,
13230603,"Kim, Mikhail Den",KOR,M,,,,1404,0,40,SEP25,2013,
13212885,"Kim, Minjun D",KOR,M,,,,1623,0,40,SEP25,2012,i
13233459,"Kim, Minseung",KOR,M,,,,AFM,1659,0,SEP25,2011,
13213580,"Kim, Minwoo",KOR,M,,,,1434,0,40,SEP25,2012,
13229630,"Kim, Myoungsang",KOR,M,,,,1668,0,20,SEP25,2000,
13215183,"Kim, Nayoon B",KOR,F,,,,1512,5,40,SEP25,2014,w
13224794,"Kim, Oleg Al",KOR,M,,,,1546,0,20,SEP25,1999,
13222872,"Kim, Rian",KOR,M,,,,ACM,1467,0,SEP25,2016,
13215477,"Kim, Ryan Joonwoo",KOR,M,,,,1609,0,40,SEP25,2010,i
13209744,"Kim, Sangmin",KOR,M,,,,1465,0,40,SEP25,2011,i
13223682,"Kim, Siwon",KOR,M,,,,1564,0,40,SEP25,2016,
13214454,"Kim, Sumin",KOR,F,,,,1512,0,20,SEP25,2001,wi
13207288,"Kim, Taehun A",KOR,M,,,,1522,0,40,SEP25,2009,i
13227432,"Kim, Taei A",KOR,M,,,,1474,0,40,SEP25,2017,
13204386,"Kim, Taewoo A",KOR,M,,,,1747,0,20,SEP25,2002,
13215132,"Kim, Taewoo C",KOR,M,,,,1579,8,40,SEP25,2014,
13219022,"Kim, Yegeon",KOR,M,,,,1761,8,40,SEP25,2010,
13215760,"Kim, Yejun",KOR,M,,,,1742,0,40,SEP25,2010,
13233335,"Kim, Yejun A",KOR,M,,,,1441,0,40,SEP25,2014,
13220020,"Kim, Yeonseo",KOR,F,,,,ACM,1474,0,SEP25,2017,w
13221256,"Kim, Yubin",KOR,M,,,,1658,0,40,SEP25,2008,
13202316,"Kim, Yubin",KOR,F,WCM,WCM,,1760,0,20,SEP25,2004,wi
13233718,"Koo, Inseong",KOR,M,,,,1503,8,40,SEP25,2002,
13216341,"Kwak, Jeonghwan",KOR,M,,,,1522,6,40,SEP25,2011,
13220977,"Kwak, Joohwan",KOR,M,,,,1467,5,40,SEP25,2016,
13203088,"Kwon, Sehyun",KOR,M,FM,,,2154,0,20,SEP25,1998,
13202022,"Kwun, Minhyeok",KOR,M,,,,1675,0,20,SEP25,1999,i
13212664,"Layam, Danny Lardizabal",KOR,M,,,,1756,0,20,SEP25,1979,
13220110,"Lee, Ain",KOR,M,,,,1542,0,40,SEP25,2013,
13234080,"Lee, Boram",KOR,M,,,,1910,0,20,SEP25,1984,
34117277,"Lee, Chulwoo",KOR,M,,FI,,1745,0,20,SEP25,1971,i
13225790,"Lee, David J",KOR,M,,,,1719,8,40,SEP25,2016,
13222953,"Lee, Donggeon",KOR,M,,,,1454,0,40,SEP25,2014,i
13232266,"Lee, Donghoon A",KOR,M,,,,1599,0,20,SEP25,1994,
13220632,"Lee, Donghyun C",KOR,M,,DI,,1652,0,20,SEP25,2000,
13232061,"Lee, Doyun A",KOR,M,,,,1629,4,40,SEP25,2010,
13224883,"Lee, Eunhak",KOR,M,,,,1545,0,40,SEP25,2015,i
13229605,"Lee, Gyuyeon",KOR,M,,,,1466,0,40,SEP25,2012,
13209299,"Lee, Hyo",KOR,M,,,,2103,10,40,SEP25,2007,
13209280,"Lee, Hyuk",KOR,M,,,,1910,11,20,SEP25,2000,
13216821,"Lee, Jeongjun B",KOR,M,,,,1460,6,40,SEP25,2015,
13229613,"Lee, Jian A",KOR,F,,,,1601,6,40,SEP25,2015,w
13234269,"Lee, Jiho",KOR,M,,,,1496,5,40,SEP25,2014,
13213776,"Lee, Jihoon",KOR,M,,,,1462,0,40,SEP25,2010,
13224433,"Lee, Jinwoo A",KOR,M,,,,1586,0,40,SEP25,2016,
13212877,"Lee, Jiwoo A",KOR,M,,,,AIM,1749,0,SEP25,2012,
13212435,"Lee, Jonghyun",KOR,M,,,,1650,0,40,SEP25,2011,i
13202340,"Lee, Junhyeok",KOR,M,IM,,,2305,0,20,SEP25,1999,i
13225960,"Lee, Junwoo A",KOR,M,,,,1509,0,40,SEP25,2016,
13221825,"Lee, Juyeop",KOR,M,,,,1436,4,20,SEP25,2000,
13205048,"Lee, Kyung Chan",KOR,M,,,,1691,0,20,SEP25,1998,i
13202154,"Lee, Kyungseok",KOR,M,CM,,,2029,0,20,SEP25,1992,i
13222805,"Lee, Minjoon C",KOR,M,,,,1555,0,40,SEP25,2011,
13208586,"Lee, Onbin",KOR,M,,NI,,1679,6,20,SEP25,1998,
13220373,"Lee, Ruk",KOR,M,,,,1542,7,40,SEP25,2015,
13200011,"Lee, Sanghoon",KOR,M,FM,NI,,2085,0,20,SEP25,1981,i
13201212,"Lee, Seho",KOR,M,,,,1740,0,20,SEP25,1989,
13231847,"Lee, Seoha",KOR,F,,,,1451,0,40,SEP25,2013,w
13225480,"Lee, Seohan",KOR,M,,,,1563,0,40,SEP25,2015,
13225758,"Lee, Seunghyun A",KOR,M,,,,1512,2,40,SEP25,2016,
13220586,"Lee, Sungjun",KOR,M,,,,1848,0,40,SEP25,2008,i
13207946,"Lee, Woosung",KOR,M,,,,AIM,1746,0,SEP25,2008,i
13222899,"Lee, Yoonsoo",KOR,M,,,,1459,0,40,SEP25,2011,
34422587,"Li, Anna",KOR,F,,,,1605,0,40,SEP25,2007,w
13224620,"Lim, Dmitry",KOR,M,,,,1802,0,20,SEP25,1974,
13203312,"Lim, Hyeyoon",KOR,F,,,,1555,0,20,SEP25,2005,wi
13221159,"Lim, Jihyuk",KOR,M,,,,1480,0,40,SEP25,2014,i
13218930,"Lim, Jiseong",KOR,M,,,,1548,0,20,SEP25,2006,i
13233084,"Lim, Seungmin",KOR,M,,,,1626,0,40,SEP25,2011,
13230611,"Lim, Vladislav",KOR,M,,,,1442,0,20,SEP25,1971,
366109475,"Meiyazhagan, Kaviinayan",KOR,M,,,,AFM,1672,0,SEP25,2016,
88128288,"Meiyazhagan, Ruvedha",KOR,F,,,,ACM,1453,0,SEP25,2009,wi
13203584,"Mikulik, Dmitry",KOR,M,,,,1856,0,20,SEP25,1980,i
13226347,"Moon, Sunwoong",KOR,M,,,,1823,0,40,SEP25,2010,i
13203240,"Nam, Ju Won",KOR,M,,,,1733,0,20,SEP25,2003,i
13208810,"Nam, Kanghyeon",KOR,M,,,,1789,0,20,SEP25,2001,
13215329,"Nam, Wonwoo",KOR,M,,,,1560,0,20,SEP25,2003,
13211307,"Noh, Jinwoo",KOR,M,,,,AIM,1887,0,SEP25,2007,
13220861,"Ock, Seungheon",KOR,M,,,,1467,0,40,SEP25,2013,i
13731998,"Ogay, Anastassiya",KOR,F,,,,1628,0,40,SEP25,2008,w
13214500,"Oh, Jeongyun",KOR,M,,,,1448,0,40,SEP25,2013,i
13201239,"Oh, Minah",KOR,F,WCM,WCM,,1723,0,20,SEP25,1997,wi
13216112,"Oh, Sejun",KOR,M,,,,1692,0,40,SEP25,2014,i
13225227,"Osipenko, Arina",KOR,F,,,,1438,0,40,SEP25,2012,w
13221086,"Pak, Daniil",KOR,M,,,,1560,0,20,SEP25,2003,
13227238,"Pak, Maksim",KOR,M,,,,1598,0,40,SEP25,2012,
13226789,"Pak, Vadim Al",KOR,M,,,,1432,0,40,SEP25,2012,
34170936,"Palamar, Alina",KOR,F,,,,1494,0,40,SEP25,2008,wi
13224581,"Park, Chabeen",KOR,M,,,,1497,7,40,SEP25,2013,
4907485,"Park, Haneul",KOR,F,WCM,WCM,,1780,10,40,SEP25,2008,w
13205994,"Park, Hongkyu",KOR,M,,,,1674,0,20,SEP25,2006,i
13200992,"Park, Hyuckmin",KOR,M,,NI,,1699,0,20,SEP25,1997,i
13219413,"Park, Ian Yu",KOR,M,,,,1416,0,40,SEP25,2011,i
13212052,"Park, Inchan",KOR,M,,,,1897,7,40,SEP25,2009,
13215450,"Park, Jaeik",KOR,M,,,,1483,0,40,SEP25,2014,i
13230484,"Park, Jaemin A",KOR,M,,,,1560,5,40,SEP25,2017,
13222864,"Park, Kokun",KOR,M,,,,1554,0,40,SEP25,2009,i
13209833,"Park, Kun",KOR,M,,,,1791,0,20,SEP25,1991,
13205293,"Park, Minwoo",KOR,M,,,,1527,0,20,SEP25,2006,i
13208136,"Park, Minwoo B",KOR,M,,,,1723,0,20,SEP25,2005,i
13216139,"Park, Onyoo",KOR,M,,,,AFM,1784,0,SEP25,2012,
13205056,"Park, Seonghyeon",KOR,M,,,,1654,0,20,SEP25,2006,i
13213768,"Park, Seonjae",KOR,M,,,,1881,0,40,SEP25,2008,i
13220578,"Park, Sihoo",KOR,M,,,,1781,6,40,SEP25,2009,
13234463,"Park, Siwoo D",KOR,M,,,,1530,8,40,SEP25,2014,
13203320,"Park, Sunwoo",KOR,F,WFM,WFM,,1846,8,20,SEP25,2003,w
13203835,"Park, Yerim",KOR,F,,DI,,1446,0,20,SEP25,2004,w
13218239,"Quirk, Duk Hunter",KOR,M,,,,1612,0,40,SEP25,2010,i
4901320,"Rentsen, Erdenetulga",KOR,M,,,,2140,0,20,SEP25,1992,
5029015,"RV, Adith",KOR,M,,,,1843,0,20,SEP25,1998,i
13208004,"Ryu, Joon",KOR,M,,,,1615,0,20,SEP25,2004,i
13216597,"Seo, Juwon",KOR,M,,,,AFM,1753,7,SEP25,2014,
13216058,"Seo, Minwook",KOR,M,,,,1860,0,40,SEP25,2008,i
13220900,"Seo, Pureum",KOR,M,,,,1618,7,40,SEP25,2016,
13224352,"Shim, Hyunjoon",KOR,M,,,,1518,0,40,SEP25,2011,i
13220870,"Shin, Hyeonseo",KOR,M,,,,1569,6,40,SEP25,2017,
13209230,"Shin, Minchan",KOR,M,,,,1619,0,20,SEP25,2006,i
329218666,"Shinn, Jungmin",KOR,M,,,,AGM,1905,0,SEP25,2004,i
13215698,"Son, Juwon",KOR,M,,,,AGM,1593,0,SEP25,2012,
13219057,"Song, Jihu",KOR,M,,,,1821,0,40,SEP25,2013,
413003,"Song, Jinwoo",KOR,M,FM,FI,,1894,0,20,SEP25,1973,
13211617,"Song, Mingeun",KOR,M,,,,1704,0,40,SEP25,2011,i
23766506,"Song, Yul",KOR,M,,,,1473,0,40,SEP25,2012,i
13231855,"Ten, Dmitriy Val",KOR,M,,,,1448,0,40,SEP25,2011,
34205985,"Ten, Polina",KOR,F,,,,1591,0,40,SEP25,2009,wi
13205145,"Wong, Hayoung",KOR,M,,,,1715,0,20,SEP25,1985,
13221841,"Yang, Dongwoo",KOR,M,,,,1656,0,40,SEP25,2008,
13219901,"Yang, Haeun",KOR,F,,,,1450,0,40,SEP25,2015,w
13225316,"Yang, Hayeon",KOR,F,,,,1502,0,40,SEP25,2012,w
13222945,"Yang, Heewook",KOR,M,,,,1601,3,40,SEP25,2018,
13216554,"Yang, Jin",KOR,M,,,,1484,0,40,SEP25,2013,i
13219014,"Yang, Joowon",KOR,M,,,,1742,7,40,SEP25,2011,
13203266,"Yi, Sejin",KOR,M,,,,1661,0,20,SEP25,2002,i
13204513,"Yim, Jay",KOR,F,,,,1464,0,40,SEP25,2007,wi
2062020,"Yim, Sung Ho",KOR,M,FM,,,2233,0,20,SEP25,1999,i
13216244,"Yoon, Jiwan",KOR,M,,,,1459,0,40,SEP25,2007,
13201484,"You, Haneul",KOR,M,,,,1858,0,20,SEP25,1999,i
13206923,"You, Jiho",KOR,M,,,,1705,0,20,SEP25,2005,i
13216457,"Youn, Laeho",KOR,M,,,,AFM,1661,0,SEP25,2015,
13223437,"Yu, Shiwoon",KOR,M,,,,ACM,1513,0,SEP25,2011,
13210670,"Yun, Hungi",KOR,M,CM,,,2245,0,40,SEP25,2010,
13215663,"Zee, Hyeonjeong",KOR,F,,,,1485,0,40,SEP25,2011,w