ID Number,Name,Fed,Sex,Title,WTit,OTit,Rating,Gms,K,RatingMonth,B-day,Flag
3307573,"Abasto Chavez, Dorian Quintin",BOL,M,,,,1918,0,20,SEP25,1997,i
3331423,"Abularach Vera, Jairo Andres",BOL,M,,,,1604,0,20,SEP25,1999,
3326942,"Acapa Mamani, Jhonathan",BOL,M,,,,1754,0,20,SEP25,2003,
3339050,"Acapa Mamani, Tabita Maya",BOL,F,,,,1550,0,40,SEP25,2016,w
3343901,"Acarapi Velasco, Ronaldo",BOL,M,,,,1566,0,40,SEP25,2007,
3311562,"Accinelli, Itzel",BOL,F,,,,1580,0,20,SEP25,2004,wi
3302199,"Accinelli, Javier",BOL,M,,,,1986,0,20,SEP25,1977,i
3334392,"Acho Yujra, Adhemar Logan",BOL,M,,,,1778,0,40,SEP25,2010,
3332233,"Achocalla Huaipara, Pavel Andres",BOL,M,,,,1798,0,40,SEP25,2006,
3340341,"Aduviri Melendres, Nicolas",BOL,M,,,,1471,0,40,SEP25,2014,
3344800,"Aguayo Mamani, Alejandro",BOL,M,,,,1526,0,40,SEP25,1986,i
3323978,"Aguilar Flores, Fidel",BOL,M,,,,1862,0,20,SEP25,1966,i
3324222,"Aguilar Morejon, Fidel Sebastian",BOL,M,,,,1525,0,40,SEP25,2006,i
3319571,"Aguilar Rios, Luis Daniel",BOL,M,,NA,,1785,0,20,SEP25,2000,
3329895,"Aguilar Salazar, Americo",BOL,M,,,,1503,0,40,SEP25,2011,i
3310876,"Aguilar, Irasema",BOL,F,,,,1575,0,40,SEP25,2007,wi
3312410,"Aguilar, Martin",BOL,M,,,,1453,0,40,SEP25,2008,i
3300650,"Aguilar, Pedro",BOL,M,CM,,,1959,0,20,SEP25,1987,i
3345068,"Ajata Fuentes, Raul",BOL,M,,,,1529,0,40,SEP25,1990,
3345017,"Ajata Ordonez, Nicolas Rayco",BOL,M,,,,1502,0,40,SEP25,2016,
3300323,"Ajata, Pabel",BOL,M,,,,1856,0,20,SEP25,1989,
3331210,"Ala Chiri, Jhamil Cristian",BOL,M,,,,1707,0,40,SEP25,2008,i
3322530,"Ala Lopez, Axel Fernando",BOL,M,,,,1568,0,40,SEP25,2005,i
3325474,"Ala Ortiz, Kevin Josue",BOL,M,,,,1612,0,40,SEP25,2009,
3339017,"Ala Ortiz, Mildred Ariana",BOL,F,,,,1468,0,40,SEP25,2014,w
3333671,"Alacoria Mena, Alejandro",BOL,M,,,,1484,0,40,SEP25,2013,
3317188,"Alanoca Torrez, Jefferson",BOL,M,,,,1833,0,20,SEP25,1998,
3338517,"Alarcon Miranda, Alejandro",BOL,M,,,,1647,0,20,SEP25,1981,i
3369234,"Alarcon Poma, Yohan Cristobal",BOL,M,,,,1426,0,40,SEP25,2013,
3333361,"Alarcon Ramos, Luis Brian",BOL,M,,,,1763,0,40,SEP25,2009,
3306852,"Alba, Nicolas",BOL,M,,,,1923,0,20,SEP25,2002,i
3355900,"Albares Escalera, Matias Gael",BOL,M,,,,1470,3,40,SEP25,2015,
3328813,"Alcon Apaza, Carlos Daniel",BOL,M,,,,1564,0,40,SEP25,2002,i
3329682,"Alconz Huajlla, Andy Ubaldo",BOL,M,,,,1474,0,40,SEP25,2010,i
3324966,"Alejo Condori, Yosti Alexis",BOL,M,,,,1477,0,20,SEP25,2004,i
3305805,"Almendras Cortez, Elias",BOL,M,,,,2106,0,20,SEP25,1982,
3341313,"Aloma Fernandez, Lariza",BOL,F,,,,1520,0,40,SEP25,2007,wi
3342972,"Alvarado, Ronald",BOL,M,,,,1794,0,40,SEP25,2006,i
3327051,"Alvarez Orellana, Isai Jeremi",BOL,M,,,,1623,0,40,SEP25,2012,
3333094,"Alvarez Sarmiento, Arnold Joseph",BOL,M,,,,1555,0,40,SEP25,2007,
3304930,"Alvarez, Marco Antonio",BOL,M,,,,1918,0,20,SEP25,1999,
3310787,"Alvaro, Harnez",BOL,M,,,,1924,0,20,SEP25,2000,i
3323080,"Ameller Flores, Catalina",BOL,F,,,,1439,0,40,SEP25,2011,wi
6614264,"Amelunge Moreno, Alan Alfredo",BOL,M,,,,1410,0,40,SEP25,2015,
3328449,"Amelunge Moreno, Oscar Alejandro",BOL,M,,,,1774,0,40,SEP25,2012,
3335496,"Amezaga Bejarano, Jonathan Luis",BOL,M,,,,1437,0,20,SEP25,1995,i
3331261,"Andia Montero, Jheison",BOL,M,,,,1684,0,40,SEP25,2009,i
3313417,"Andrade, Luz",BOL,F,,,,1545,0,20,SEP25,2004,wi
3301141,"Anez, Carlos",BOL,M,,,,2088,0,20,SEP25,0,i
3301400,"Angulo P., Carlos",BOL,M,,,,2150,0,20,SEP25,1987,i
3355683,"Antezana Araujo, Lucas",BOL,M,,,,1649,0,40,SEP25,2010,
3332950,"Antezana Choquechambi, Jose Ervin",BOL,M,,,,1491,0,40,SEP25,2006,i
3336794,"Antezana Cordova, Hugo Alexis",BOL,M,,,,1403,0,20,SEP25,1971,i
3314693,"Antezana Peredo, Jhasmany Nemeci",BOL,M,,,,1686,0,20,SEP25,1981,i
3345882,"Anze Rodriguez, Danna Mikaela",BOL,F,,,,1490,0,40,SEP25,2017,w
3310655,"Anze Subieta, Juan Antonio",BOL,M,,,,1612,0,40,SEP25,2005,i
3357490,"Aparicio Miranda, Cesar Sebastian",BOL,M,,,,1582,0,40,SEP25,2009,
3315690,"Apaza Aranibar, Isaac",BOL,M,,,,1576,0,40,SEP25,2005,i
3326268,"Apaza Ricaldi, Dylan Brian",BOL,M,,,,1633,0,40,SEP25,2006,i
3353206,"Apaza Salas, David Uriel",BOL,M,,,,1563,0,40,SEP25,2015,i
3314570,"Aquino Mallqui, Juan Ignacio",BOL,M,,,,1442,0,40,SEP25,2007,i
3341062,"Aquise Huanca, Matias Fernando",BOL,M,,,,1434,0,40,SEP25,2014,i
3347737,"Araca Lopez, Yessica Belen",BOL,F,,,,1593,0,40,SEP25,2009,w
3351416,"Aramayo Calle, Fabio Daniel",BOL,M,,,,1677,0,40,SEP25,2012,
3320294,"Aramayo Karageorge, Daniel",BOL,M,,,,1561,0,20,SEP25,2002,i
3306860,"Aramayo, Miguel",BOL,M,,,,1686,0,20,SEP25,0,i
3320316,"Araujo Arnez, Alexia",BOL,F,,,,1572,0,20,SEP25,2002,wi
3317684,"Araujo Miranda, Styven Sandro",BOL,M,,,,1608,0,40,SEP25,2005,i
3316882,"Araujo, Amilcar",BOL,M,,,,1706,0,20,SEP25,2003,
3335712,"Arce Arduz, Luis Fernando",BOL,M,,,,1586,0,40,SEP25,2011,i
3325482,"Arce Choque, Joel",BOL,M,,,,1548,0,40,SEP25,2010,i
3319423,"Arce Pillco, Josue",BOL,M,,,,1457,0,40,SEP25,2006,i
3314049,"Arce, Angela",BOL,F,,,,1471,0,40,SEP25,2008,wi
3313182,"Arce, Laura",BOL,F,,,,1606,0,20,SEP25,2002,wi
3314057,"Arce, Valeria",BOL,F,,,,1515,0,40,SEP25,2008,wi
3318230,"Arduz Rengel, Sofia",BOL,F,,,,1463,0,40,SEP25,2007,w
3342166,"Areco Palacios, Enzo Demian",BOL,M,,,,1411,0,40,SEP25,2015,i
3338827,"Arellano Sejas, Ana Valeria",BOL,F,,,,1516,0,40,SEP25,2007,w
3348342,"Argote Nunez, Eduardo Erick",BOL,M,,,,1493,0,40,SEP25,2016,
3344177,"Arias Moya, Daniel Alejandro",BOL,M,,,,1618,0,40,SEP25,2007,i
3348180,"Arias Navia, Victor Augusto",BOL,M,,,,1519,0,40,SEP25,2015,
3315029,"Arias, Alex",BOL,M,,,,1746,0,20,SEP25,1993,i
3358496,"Arimoza Rojas, Thiago",BOL,M,,,,1443,0,40,SEP25,2017,
3302903,"Armaza, Jose Luis",BOL,M,,,,2031,0,20,SEP25,1969,i
3321584,"Armijo Mamani, Alvaro Roger",BOL,M,,,,1644,0,20,SEP25,2003,i
3333370,"Arnez Vargas, Anderson",BOL,M,,,,1738,0,40,SEP25,2009,
3334716,"Arnez Vargas, Maite Gabriela",BOL,F,,,,1459,0,40,SEP25,2012,wi
3344517,"Arrojas Pena, Melissa Jheandira",BOL,F,,,,1493,0,40,SEP25,2016,wi
3335739,"Arteaga Herbas, Thiago Andre",BOL,M,,,,1750,0,40,SEP25,2016,
3306631,"Arteaga Perez, Hugo David",BOL,M,,,,1815,0,20,SEP25,1996,
3366413,"Arteaga Vaca, Miguel Angel",BOL,M,,,,1584,0,40,SEP25,1983,
3367010,"Avendano Mamani, Fangio",BOL,M,,,,1672,0,40,SEP25,2001,
3368912,"Avila Yovio, Miguel Angel",BOL,M,,,,1520,0,40,SEP25,2009,
3335747,"Avila Zurita, Kiara Victoria",BOL,F,,,,1618,0,40,SEP25,2011,w
3302938,"Avila, Carlos",BOL,M,CM,,,1920,0,20,SEP25,2001,i
3312445,"Aviles Portal, Pedro Carlos",BOL,M,,,,1702,0,40,SEP25,2006,
3321231,"Ayala Helguero, Juan Gabriel",BOL,M,,,,1745,0,20,SEP25,1992,i
3369250,"Ayala Rojas, Roberto",BOL,M,,,,1444,0,40,SEP25,2014,
3341070,"Ayllon Valle, Jhoel Samir",BOL,M,,,,1464,0,40,SEP25,2013,i
3348598,"Azurduy Cuellar, Jhulianne",BOL,F,,,,1509,0,40,SEP25,2017,w
3314561,"Bacarreza, Samuel",BOL,M,,,,1555,0,40,SEP25,2010,i
3350282,"Balandra Prado, Francisco Joe",BOL,M,,,,1422,0,20,SEP25,2006,
3348601,"Balcazar Inocente, Jose Pablo",BOL,M,,,,1467,0,40,SEP25,2014,
3306194,"Balcera, Carlos",BOL,M,,,,1849,0,20,SEP25,1998,i
3359999,"Balderrama Cavita, Luis Javier",BOL,M,,,,1614,0,40,SEP25,2011,i
3337618,"Baldiviezo Daza, Cristofer Marcelo",BOL,M,,,,1626,0,40,SEP25,2010,i
3325911,"Baldiviezo Plata, Ariadne",BOL,F,,,,1513,0,40,SEP25,2007,wi
3342980,"Baldiviezo Romero, Leonardo",BOL,M,,,,1538,0,40,SEP25,2009,i
3316270,"Baltazar Llave, Mauricio Shangai",BOL,M,,,,1474,0,40,SEP25,2008,i
3318354,"Barja Viveros, Matias Ariel",BOL,M,,,,2032,0,40,SEP25,2008,
3325970,"Barrancos Zarate, Alvaro Gabriel",BOL,M,,,,1444,0,40,SEP25,2009,i
3324672,"Barrientos Mamani, Andrea",BOL,F,,,,1506,0,40,SEP25,2011,w
3367991,"Barriga Barriga, Rolly Aaron",BOL,M,,,,1759,0,40,SEP25,2014,
3366731,"Baspineiro Cordova, Luciana Aracely",BOL,F,,,,1485,0,40,SEP25,2011,w
3342921,"Baspineiro F, Maria Fernanda",BOL,F,,,,1592,0,40,SEP25,2009,w
3345076,"Bazoalto Aquino, Leonardo",BOL,M,,,,1542,0,40,SEP25,2008,i
3321460,"Bejarano Irahola, Julian",BOL,M,,,,1484,0,40,SEP25,2008,i
3316890,"Bellota Ichaso, Josue",BOL,M,,,,1734,0,20,SEP25,2003,i
3310078,"Beltran Salvador, Milka",BOL,F,,,,1698,0,40,SEP25,2006,wi
3314553,"Beltran Ticona, David Salomon",BOL,M,,,,1570,0,40,SEP25,2008,i
3313786,"Beltran Ticona, Sofia Abigail",BOL,F,,,,1435,0,40,SEP25,2006,wi
3345610,"Benitez Cary, Hugo Leonel",BOL,M,,,,1541,0,40,SEP25,1994,
3357503,"Benitez Ramos, Yhossue Gabriel",BOL,M,,,,1598,0,40,SEP25,2008,
3357015,"Berdeja Morales, Ivan Alejandro",BOL,M,,,,1432,0,40,SEP25,2009,
3339440,"Bernachi Menacho, Letizia",BOL,F,,,,1472,0,40,SEP25,2010,w
3340821,"Berrios Garcia, Yulisa Yaneth",BOL,F,,,,1494,0,40,SEP25,2007,w
3304094,"Bolanos, Fernando",BOL,M,FM,,,2235,0,20,SEP25,2000,
3368920,"Bolivar Pocomani, Geremy Alexande",BOL,M,,,,1482,0,40,SEP25,2007,
3340074,"Borda Garcia, Nuria Belen",BOL,F,,,,1565,0,40,SEP25,2012,w
3301087,"Borda Rivera, Carla Wendy",BOL,F,WCM,WCM,,1974,0,20,SEP25,1989,wi
3358208,"Borja Villarruel, William Matias",BOL,M,,,,1482,0,40,SEP25,2011,
3331385,"Boza Robaina, Antonio",BOL,M,,,,1807,0,20,SEP25,1983,
3309746,"Bracamonte, Humberto",BOL,M,,,,1758,0,40,SEP25,2006,
3311716,"Bracamonte, Leonel",BOL,M,,,,1500,0,40,SEP25,2009,
3314537,"Bracamonte, Rommel",BOL,M,,,,1646,0,40,SEP25,2007,i
3309223,"Bravo Vaquera, Sandro",BOL,M,,,,1595,0,20,SEP25,1991,
3357678,"Brito Sanchez, Josue",BOL,M,,,,1481,0,40,SEP25,2010,
3304558,"Bucett Santa Cruz, Jean Pierry",BOL,M,,,,1657,0,40,SEP25,1990,
3354423,"Bustamante Simon, Paul Eduardo",BOL,M,,,,1495,0,40,SEP25,2012,i
3348610,"Bustillos Villca, Felix",BOL,M,,,,1496,0,20,SEP25,1968,
3304493,"Caba Hinojosa, Edgar",BOL,M,,,,1922,0,20,SEP25,1988,i
3355110,"Caba Hinojosa, Eloy",BOL,M,,,,1569,0,20,SEP25,1980,
3326632,"Cabellos, Ezequiel Neyer",BOL,M,,,,1534,0,40,SEP25,2009,i
3353354,"Cabrera Rojas, Ariel Anibal",BOL,M,,,,1541,0,40,SEP25,1987,i
3364062,"Cabrera Sanchez, Wilver",BOL,M,,,,1413,0,40,SEP25,2017,
3333388,"Cabrera Urey, Santiago Edil",BOL,M,,,,1624,0,40,SEP25,2010,i
3300790,"Cabrera, Elmo",BOL,M,,,,1884,0,20,SEP25,1953,i
3307620,"Cabrera, Manuel",BOL,M,,,,1844,0,20,SEP25,1998,i
3311902,"Caceres, Alejandro",BOL,M,,,,1444,0,40,SEP25,2008,i
3317102,"Cachi Sirpa, Bryan Fernando",BOL,M,,,,1615,4,20,SEP25,2005,
3314529,"Cahuana Mamani, Mauricio Alain",BOL,M,,,,1472,0,40,SEP25,2010,i
3340350,"Cala Vela, Icker Antonio",BOL,M,,,,1532,0,40,SEP25,2012,
3351068,"Calderon Cabrera, Jose Maria",BOL,M,,,,1524,0,40,SEP25,2010,
3353907,"Calderon Santos, Fortunato Ruddy",BOL,M,,,,1503,0,40,SEP25,1984,
3337626,"Calisaya Apaza, Beymar",BOL,M,,,,1615,0,20,SEP25,2006,
3324834,"Calizaya Fuentes, Alejandro",BOL,M,,,,1453,0,40,SEP25,2007,i
3303560,"Calla, Gonzalo",BOL,M,,,,1901,5,20,SEP25,1993,
3305490,"Calla, Saul",BOL,M,,,,1906,0,20,SEP25,0,i
3360954,"Calle Davila, Derek",BOL,M,,,,1512,0,40,SEP25,2009,
3323099,"Calle Pacheco, Eydan Jhoel",BOL,M,,,,1493,0,40,SEP25,2010,i
3319709,"Calle Pizzo, Rodrigo Leonel",BOL,M,,,,1576,0,40,SEP25,2010,
3353389,"Callejas Sinca, William Oscar",BOL,M,,,,1461,0,40,SEP25,1978,i
3354695,"Callisaya Mamani, Luis Fernando",BOL,M,,,,1545,0,40,SEP25,2009,
3336107,"Callisaya Tipo, Oscar Juan",BOL,M,,,,1738,0,40,SEP25,2007,i
3350843,"Calsina Gutierrez, Abner Hassam",BOL,M,,,,1543,0,40,SEP25,2012,i
3357686,"Camachano Huayhua, Lian Edduar",BOL,M,,,,1420,0,40,SEP25,2017,
3300455,"Campero, Ronald",BOL,M,FM,,,2125,0,20,SEP25,1973,i
3332250,"Canaviri Delgado, Said Pabel",BOL,M,,,,1415,0,40,SEP25,2006,i
3312585,"Canaviri, Adriana",BOL,F,,,,1596,0,40,SEP25,2008,wi
3312593,"Canaviri, Gabriela",BOL,F,,,,1431,0,40,SEP25,2008,wi
3326080,"Canaza Febrero, Alex Roman",BOL,M,,,,1515,0,40,SEP25,2009,i
3356051,"Cardozo Lopez, Luziana",BOL,F,,,,1463,0,40,SEP25,2009,w
3356060,"Cardozo Lopez, Sofia",BOL,F,,,,1468,0,40,SEP25,2012,w
3356078,"Cardozo Lopez, Victoria",BOL,F,,,,1517,0,40,SEP25,2015,w
3358852,"Cardozo Palacios, Jose Ezequiel",BOL,M,,,,1511,0,40,SEP25,2015,
3325377,"Cardozo Ramos, Cesar Ariel",BOL,M,,,,1566,0,40,SEP25,2008,i
3306224,"Cardozo, Willam",BOL,M,,,,1835,0,20,SEP25,1975,i
3304531,"Careaga, Daniel",BOL,M,,,,1654,0,20,SEP25,1972,
3308251,"Caro, Erick",BOL,M,,,,1530,0,40,SEP25,0,i
3343618,"Carrasco Chipata, Jose Maximilian",BOL,M,,,,1712,0,40,SEP25,2012,
3362809,"Carrillo Zurita, Moises",BOL,M,,,,1784,0,40,SEP25,2006,i
3312321,"Casano, Alicia",BOL,F,,,,1548,0,20,SEP25,2002,wi
3325105,"Castedo Rojas, Andres Ivan",BOL,M,,,,1600,0,20,SEP25,1987,i
3368610,"Castille, Guillaume Sylvain",BOL,M,,,,1552,0,40,SEP25,1976,
3343260,"Castillo Condori, Jesus Alexander",BOL,M,,,,1433,0,40,SEP25,2012,
3323846,"Castillo Valverde, Mayki",BOL,M,,,,1563,0,40,SEP25,2006,i
3307751,"Castillo Yujra, Miguel Angel",BOL,M,,,,1997,0,20,SEP25,1987,i
3306917,"Castillo Yujra, Ronald",BOL,M,,,,1731,0,20,SEP25,1994,i
3323226,"Castillo Yujra, Vladimir Alex",BOL,M,,,,1638,0,20,SEP25,2000,i
3332969,"Castro Aguilera, Leonardo",BOL,M,,,,1524,0,40,SEP25,2005,i
3311724,"Castro Cruz, Guerson",BOL,M,,,,1467,0,40,SEP25,2005,i
3327060,"Castro Jaime, Emmanuel",BOL,M,,,,1799,0,40,SEP25,1987,i
3345629,"Castro Tejerina, Uziel Jeremias",BOL,M,,,,1521,0,40,SEP25,2007,
3319059,"Castro Velasco, Carlos Andres",BOL,M,,,,1577,0,40,SEP25,2007,
3315479,"Cavero Alarcon, Omar",BOL,M,,,,1679,0,20,SEP25,1999,i
3329534,"Cazorla Herrera, Rudy Daniel",BOL,M,,,,1849,0,40,SEP25,2009,
3303276,"Celis, Kevin",BOL,M,,NA,,2084,0,20,SEP25,1994,
3362817,"Celiz Hernandez, Mariel Esperanza",BOL,F,,,,1551,0,40,SEP25,2008,wi
3315142,"Cerezo Plata, Franc Jhassir",BOL,M,,,,1650,0,40,SEP25,2007,i
3345920,"Cespedes Mamani, Mayli Nicole",BOL,F,,,,1661,0,40,SEP25,2014,w
3302717,"Cespedes, Sandra",BOL,F,,,,1834,0,20,SEP25,1987,w
3350541,"Chacon Tejerina, Nancy Shanel",BOL,F,,,,1439,0,40,SEP25,2013,w
3316300,"Chambi Choque, Matias",BOL,M,,,,1495,0,40,SEP25,2006,i
3352340,"Chambi Flores, Rafael Imanol Veer",BOL,M,,,,1519,0,40,SEP25,2012,
3341216,"Chambi Quenta, Angel Jehu",BOL,M,,,,1417,0,40,SEP25,2015,i
3325660,"Chavarria Rueda, Isabella",BOL,F,,,,1419,0,40,SEP25,2008,wi
3360032,"Chavez Velasco, Matias Isaac",BOL,M,,,,1423,0,40,SEP25,2008,
3307646,"Chavez, Perla",BOL,F,,,,1618,0,20,SEP25,2001,w
3350304,"Chino Borras, Carlos",BOL,M,,,,1696,0,40,SEP25,1999,i
3336140,"Chipana Conde, Isaac Froilan",BOL,M,,,,1507,0,40,SEP25,2014,i
3306933,"Chipana, Gabriel",BOL,M,,,,1867,0,20,SEP25,1997,i
3320030,"Chiu Lelyen, Kinyen",BOL,M,,,,1819,0,20,SEP25,1968,i
3351289,"Choque Beltran, Sergio Jaziel",BOL,M,,,,1735,0,40,SEP25,2014,
3335283,"Choque Cruz, Miguel",BOL,M,,,,1530,0,20,SEP25,2002,i
3314502,"Choque Juchazara, Jhojan Ariel",BOL,M,,,,1402,0,40,SEP25,2007,i
3343278,"Choque Lima, Maite Jhesenia",BOL,F,,,,1441,0,40,SEP25,2010,wi
3341445,"Choque Lima, Marcelo",BOL,M,,,,1503,0,40,SEP25,2012,i
3345530,"Choque Ramos, Gabriela Karen",BOL,F,,,,1436,0,40,SEP25,2014,wi
3353630,"Choque Yubanure, Misael Alejandro",BOL,M,,,,1518,0,40,SEP25,2013,
3352501,"Choque, Darwin",BOL,M,,,,1435,0,40,SEP25,2009,i
3367940,"Chore Cuyati, Carlos Alberto",BOL,M,,,,1456,0,40,SEP25,2009,
3317595,"Chuari Condori, Jhoselin",BOL,F,,,,1598,0,20,SEP25,2003,w
3310949,"Chumacero Estrada, Sdenka",BOL,F,,,,1689,0,20,SEP25,2001,wi
3321720,"Chura Gonzales, Cristian",BOL,M,,,,1791,0,40,SEP25,2008,
3314499,"Churata Huacani, John Osman",BOL,M,,,,1583,0,40,SEP25,2007,
3312712,"Churqui Perez, Josue Waldo",BOL,M,,,,1593,0,40,SEP25,2005,i
3324567,"Churqui Vila, Uriel Franz",BOL,M,,,,1571,0,40,SEP25,2009,i
3356906,"Claros Forguez, Rafael",BOL,M,,,,1486,0,40,SEP25,2009,i
3473430,"Claros Fuentes, David",BOL,M,,,,1680,5,40,SEP25,1991,
3335194,"Claure Verastegui, Rene David",BOL,M,CM,,,2052,9,40,SEP25,2009,
3324400,"Coaquira Chipana, Grisel",BOL,F,,,,1526,0,40,SEP25,2008,w
3331458,"Colodro Pacajes, Santos Mateo",BOL,M,,,,1506,0,40,SEP25,2007,i
3304272,"Colodro, Carlos",BOL,M,,,,1843,0,20,SEP25,1988,i
3342999,"Colque Gutierrez, Lucio",BOL,M,,,,1635,0,20,SEP25,1979,i
3342093,"Colque Lugones, Wilhem Eithan",BOL,M,,,,1504,4,40,SEP25,2013,
3344657,"Colque Mamani, Asiel Naomi",BOL,F,,,,1424,0,40,SEP25,2015,wi
3367347,"Colque Rodriguez, Mario Leodan",BOL,M,,,,1540,0,40,SEP25,1990,
3302741,"Colque, Mauricio",BOL,M,,,,1837,0,20,SEP25,1993,i
3311848,"Colquechambi, Carmen",BOL,F,,,,1533,0,40,SEP25,2005,wi
3352986,"Conde Chima, Ruben",BOL,M,,,,1549,0,40,SEP25,2005,i
3334759,"Conde Vargas, Luis Alberto",BOL,M,,,,1458,0,20,SEP25,2001,i
3358577,"Condo Claros, Rafael Andres",BOL,M,,,,1643,0,40,SEP25,2012,i
3358585,"Condo Claros, Rene Mateo",BOL,M,,,,1482,0,40,SEP25,2010,i
3302512,"Condori Calderon, Jhoel",BOL,M,,,,1758,0,20,SEP25,1984,i
3325806,"Condori Chambi, Brayan Rafael",BOL,M,,,,1483,0,40,SEP25,1999,i
3319067,"Condori Mamani, Daner Paul",BOL,M,,,,1585,0,40,SEP25,2008,i
3347435,"Condori Plata, Neymar Victor",BOL,M,,,,1422,0,40,SEP25,2012,i
3317196,"Condori Quispe, Rider",BOL,M,,,,1772,0,20,SEP25,2001,i
3320200,"Condori Rodriguez, Asael",BOL,M,,,,1589,0,40,SEP25,2008,i
3320286,"Condori Rodriguez, Ashelen",BOL,F,,,,1509,0,40,SEP25,2008,wi
3308553,"Condori Terrazas, Jhonatan Deyvid",BOL,M,,,,1698,0,20,SEP25,2004,i
3360059,"Condori Zurita, Angel Aaron",BOL,M,,,,1535,0,40,SEP25,2017,
3308561,"Condori, Wendy",BOL,F,,,,1623,0,20,SEP25,2003,wi
3304981,"Condori, Zamira",BOL,F,,,,1704,0,20,SEP25,1999,wi
3329127,"Contreras Yanque, Alexis Raul",BOL,M,,,,1610,0,40,SEP25,2011,
3367592,"Copajira Duran, Wilfredo Gadiel",BOL,M,,,,1489,0,40,SEP25,2009,
3354164,"Cordero Yahuincha, Uriel Benson",BOL,M,,,,1515,0,40,SEP25,2011,i
3301630,"Cordero, Daniela",BOL,F,WIM,WIM,,1983,0,20,SEP25,1992,w
3315550,"Cordero, Jhasith",BOL,M,,,,AFM,1722,0,SEP25,2001,
3314472,"Coria, Alex",BOL,M,,,,1608,0,40,SEP25,2007,i
3348920,"Coro Colque, Eunice Silem",BOL,F,,,,1409,0,40,SEP25,2012,wi
3313891,"Coronado Calderon, Kaled Gabriel",BOL,M,,,,1487,0,40,SEP25,2006,i
3328970,"Coronel Rodriguez, Alexis Diego",BOL,M,,,,1455,0,40,SEP25,2006,i
3319890,"Coronel, Carlos",BOL,M,,,,1785,0,20,SEP25,1973,i
3335330,"Correa Estrada, Luis Eduardo",BOL,M,,,,1419,0,40,SEP25,2015,i
3333728,"Cortez Chuviru, Gael Marbel",BOL,M,,,,1672,0,40,SEP25,2012,
3364542,"Cortez Quintero, Gustavo Alberto",BOL,M,,,,1558,0,40,SEP25,2012,
3353915,"Cosio Perez, Yajaira",BOL,F,,,,1504,0,40,SEP25,2015,w
3308120,"Costas, Javier",BOL,M,,,,1924,0,20,SEP25,1956,i
3300510,"Cruz Condori, Alfredo",BOL,M,FM,,,1999,0,20,SEP25,1968,
3345700,"Cuba Flores, Jose Manuel",BOL,M,,,,1534,0,40,SEP25,2003,
3361411,"Cuellar Crespo, Alejandro",BOL,M,,,,1509,0,40,SEP25,2009,
3368939,"Cuellar Crespo, Diana",BOL,F,,,,1508,0,40,SEP25,2012,w
3336620,"Cuellar Cruz, Nicolas",BOL,M,,,,1729,0,40,SEP25,2008,
3300358,"Cuellar, Luis Eduardo",BOL,M,,,,1865,0,20,SEP25,0,i
3339378,"Cuentas Molina, Adrian",BOL,M,,,,1576,0,40,SEP25,2005,i
3300145,"Cueto, Jonny",BOL,M,IM,,,2221,0,20,SEP25,1972,
3364232,"Davalos Fernandez, Elias",BOL,M,,,,1619,0,40,SEP25,1993,
3321681,"De La Cruz, Giselle Andrea",BOL,F,,,,1586,0,40,SEP25,2007,wi
3357198,"Delgadillo Garcia, Alyson Brisa",BOL,F,,,,1437,0,40,SEP25,2011,w
3351300,"Delgadillo Martinez, Narely",BOL,F,,,,1521,4,40,SEP25,2013,w
2283417,"Delgadillo Torrico, Felipe",BOL,M,,,,1841,0,20,SEP25,1970,
3301915,"Delgadillo, Adonay",BOL,M,FM,,,2284,0,20,SEP25,1994,i
3337685,"Delgado Canaviri, Diego Alvaro",BOL,M,,,,1613,0,40,SEP25,2006,i
3337693,"Delgado Canaviri, Jorge Jhon",BOL,M,,,,1518,0,40,SEP25,1999,i
3352650,"Dominguez Miranda, Margot Mariana",BOL,F,,,,1414,0,40,SEP25,2017,w
3350738,"Dominguez Monrroy, Axel",BOL,M,,,,1436,0,40,SEP25,1998,
3362256,"Dorado Arancibia, Maria Jose",BOL,F,,,,1486,0,40,SEP25,2012,wi
3313590,"Duran Coro, Roy Alex",BOL,M,,,,1539,0,20,SEP25,2003,i
3362019,"Duran Machico, Arturo",BOL,M,,,,1414,0,40,SEP25,2012,
3367606,"Duran Machico, Dayan Ayrton",BOL,M,,,,1501,0,40,SEP25,2013,
3307522,"Duran, Gustavo",BOL,M,,,,1761,0,20,SEP25,2000,i
3308405,"Echalar Chumacero, Pedro",BOL,M,,,,1647,0,20,SEP25,1961,
3318389,"El Hage Serrano, Caely",BOL,F,WCM,WCM,,1601,14,40,SEP25,2010,w
3324893,"Encinas Gutierrez, Jhillmar",BOL,M,,,,1417,0,40,SEP25,2010,i
3316955,"Enriquez Coronel, Gaia Paola",BOL,F,,,,1656,0,20,SEP25,2003,wi
3343510,"Erostegui Navia, Diego",BOL,M,,,,1519,0,20,SEP25,1988,i
3341038,"Escalera Merlos, Eduardo",BOL,M,,,,1447,0,40,SEP25,2005,i
3363538,"Escalera Rodriguez, Ariel",BOL,M,,,,1663,0,40,SEP25,2002,i
3350851,"Escalier Rojas, Bruno Andres",BOL,M,,,,1631,6,40,SEP25,2011,
3326667,"Escobar Mamani, Sebastian",BOL,M,,,,1465,0,40,SEP25,2006,i
3333779,"Escobar Rojas, Marizol",BOL,F,,,,1481,0,40,SEP25,2011,wi
3345408,"Escobar Tronconi, Miguel Angel",BOL,M,,,,1471,0,40,SEP25,2011,
3302997,"Escobar, Alexis",BOL,M,,,,1809,0,40,SEP25,1995,
3325512,"Escudero Quispe, Efren",BOL,M,,,,1502,0,40,SEP25,2010,i
3329470,"Escudero Quispe, Gabriel",BOL,M,,,,1495,0,40,SEP25,2007,i
3341399,"Espejo Tarqui, Jose Maria",BOL,M,,,,1463,0,40,SEP25,2013,
3327582,"Espinoza Coca, Laura",BOL,F,,,,1614,0,40,SEP25,2006,wi
3352757,"Espinoza Flores, Javier",BOL,M,,,,1524,0,40,SEP25,2012,
3315487,"Espinoza Romero, Andres",BOL,M,,,,1736,0,20,SEP25,2000,
3355870,"Espinoza Romero, Sabrina Raquel",BOL,F,,,,1470,0,40,SEP25,2009,w
3343022,"Espinoza, Jose Renzo",BOL,M,,,,1618,0,20,SEP25,1988,i
3343634,"Estrada Rodriguez, Carlos Daniel",BOL,M,,,,1418,0,40,SEP25,2001,
3301923,"Estrada, Lucia",BOL,F,WIM,WIM,,1959,0,20,SEP25,1993,wi
3325113,"Farfan Gomez, Andres Marcos",BOL,M,,,,1759,0,40,SEP25,2007,i
3318290,"Fernandez Arce, Gisnela",BOL,F,,,,1561,0,40,SEP25,2007,wi
3305090,"Fernandez Baez, Jairo",BOL,M,,,,AIM,1765,0,SEP25,1992,i
3324419,"Fernandez Campero, Mayori Andrea",BOL,F,,,,1660,0,20,SEP25,2003,wi
3331288,"Fernandez Conni, Isaac Paulo",BOL,M,,,,1762,0,40,SEP25,2008,
3328317,"Fernandez Mallco, Alejandro Elvis",BOL,M,,,,1523,0,40,SEP25,2009,i
3316041,"Fernandez Mendoza, Emanuel",BOL,M,,,,1701,0,40,SEP25,2006,i
3324087,"Fernandez Queteguari, Ivan",BOL,M,,,,1812,0,20,SEP25,2001,i
3334767,"Fernandez Ramos, Iver",BOL,M,,,,1545,0,20,SEP25,2001,
3335798,"Fernandez Rocha, Mariana Abigail",BOL,F,,,,1558,0,40,SEP25,2012,w
3335801,"Fernandez Rocha, Mauro Alejandro",BOL,M,,,,1585,0,40,SEP25,2014,
3327132,"Fernandez Ruiz, Rodrigo",BOL,M,,,,1447,0,40,SEP25,2012,
3340619,"Fernandez Salazar, Nahomy",BOL,F,,,,1483,0,40,SEP25,2013,w
3345777,"Fernandez Torrez, Victoria",BOL,F,,,,1529,0,40,SEP25,2013,w
3345785,"Fernandez Torrez, Wilson",BOL,M,,,,1553,0,40,SEP25,2015,
3356086,"Fernandez Valda, Jhon Anderson",BOL,M,,,,1473,0,40,SEP25,2010,
3334775,"Fernandez Zabala, Paolo Rider",BOL,M,,,,1763,0,20,SEP25,1989,i
3321479,"Ferrano Gutierrez, Erick",BOL,M,,,,1672,0,40,SEP25,2005,i
3300170,"Ferrufino, Boris",BOL,M,CM,,,2050,0,20,SEP25,1972,
3303942,"Filipps, Yamil",BOL,M,,,,1987,0,20,SEP25,1998,i
3357708,"Flores Aguilera, Anita",BOL,F,,,,1536,0,40,SEP25,2012,w
3361462,"Flores Barrancos, Josue Jair",BOL,M,,,,1531,0,40,SEP25,2008,i
3361489,"Flores Calderon, Sarely",BOL,F,,,,1568,0,40,SEP25,2008,wi
3319130,"Flores Calle, Luz Eliana",BOL,F,,,,1414,0,40,SEP25,2009,wi
3344240,"Flores Casillas, Bryan Mijael",BOL,M,,,,1510,0,40,SEP25,2011,
3351785,"Flores Eyzaguirre, Shamira Valeria",BOL,F,,,,1670,6,40,SEP25,2014,w
3334783,"Flores Gambarte, David",BOL,M,,,,1582,0,40,SEP25,2007,i
3341046,"Flores Gambarte, Katherin Keyla",BOL,F,,,,1448,3,40,SEP25,2013,w
3308618,"Flores Gutierrez, Alejandro",BOL,M,,,,1770,0,20,SEP25,2001,i
3354601,"Flores Huallpa, Diego",BOL,M,,,,1486,0,40,SEP25,2014,
3318303,"Flores Maldonado, Keyla",BOL,F,,,,1537,0,40,SEP25,2007,wi
3320618,"Flores Ortiz, Eliana Nicol",BOL,F,,,,1476,0,40,SEP25,2006,wi
3354768,"Flores Rodriguez, Julian Richard",BOL,M,,,,1673,0,40,SEP25,2012,
3337499,"Flores Vallejos, Daniel Pablo",BOL,M,,,,1411,0,40,SEP25,2011,i
3319458,"Flores Victoria, Alvaro Hernan",BOL,M,,,,1635,0,40,SEP25,2006,i
3304124,"Flores, Juan Carlos",BOL,M,,,,1947,0,20,SEP25,1979,i
3319083,"Flores, Nicolas Adrian",BOL,M,,,,1474,0,40,SEP25,2007,i
3303420,"Foronda, Ernesto",BOL,M,,,,1815,0,20,SEP25,1963,i
3303594,"Frederiksen, Eguil E.",BOL,M,,,,1692,6,20,SEP25,1964,
3341542,"Fuentes Diaz, Luis Sebastian",BOL,M,,,,1473,0,40,SEP25,2010,i
3305201,"Fuertes, Juan Jose",BOL,M,,,,1675,0,20,SEP25,1970,
3350576,"Gallardo Rodriguez, Maria Jose",BOL,F,,,,1588,0,40,SEP25,2016,w
3305520,"Gallardo, Reynaldo",BOL,M,,,,1924,0,20,SEP25,1991,i
3328910,"Garcia Castellon, Karen Natalia",BOL,F,,,,1507,0,40,SEP25,2007,wi
3352536,"Garcia Coca, Lucas Santiago",BOL,M,,,,1447,0,40,SEP25,2015,
3925030,"Garcia Garban, Jorge Marcos",BOL,M,,,,AGM,1956,0,SEP25,1992,i
3355071,"Garcia Gutierrez, Oscar Miguel",BOL,M,,,,AFM,1563,0,SEP25,1996,
3320006,"Garcia Vacaflor, Zuleyka",BOL,F,,,,1572,0,40,SEP25,2009,wi
3308413,"Garcia Vega, Lenin",BOL,M,,,,1590,0,20,SEP25,2002,i
3327590,"Gareca Ordonez, Laura",BOL,F,,,,1594,0,40,SEP25,2008,wi
3349551,"Gemio Yujra, Daniel Donato",BOL,M,,,,1471,0,40,SEP25,2008,
3301478,"Gemy, Jose Daniel",BOL,M,IM,,,2245,0,20,SEP25,1992,i
3325130,"Gil Marquez, Anahi",BOL,F,,,,1687,0,20,SEP25,2006,wi
3325148,"Gil Marquez, Joel Dickie",BOL,M,,,,1724,0,40,SEP25,2005,i
3324923,"Gomes, Juan Alberto",BOL,M,,,,1421,0,40,SEP25,2007,i
3321347,"Gomez Cruz, Mauro Luciano",BOL,M,,,,1488,0,40,SEP25,2008,i
3324702,"Gomez Hernandez, Joaquin",BOL,M,,,,1479,0,40,SEP25,2010,i
3306046,"Gomez Montano, Ariel Ivan",BOL,M,,,,1721,0,40,SEP25,1994,
3353265,"Gomez Rodriguez, Staysy Preity",BOL,F,,,,1423,0,40,SEP25,2011,wi
3310965,"Gomez, Danahi",BOL,F,,,,1675,0,20,SEP25,2002,wi
3309029,"Gonzales Mendoza, Milton",BOL,M,,,,1779,0,20,SEP25,1978,i
3339106,"Gonzales Porco, Leo Rafael",BOL,M,,,,1483,0,40,SEP25,2012,
3340740,"Gonzales Serrudo, Cielo Esmeralda",BOL,F,,,,1593,0,40,SEP25,2012,w
3302334,"Gonzales, Rodolfo",BOL,M,,,,1674,0,20,SEP25,1982,i
3301192,"Gonzalez Justiniano, Roberto",BOL,M,,,,1938,0,20,SEP25,1987,i
3366758,"Gordillo Contreras, Juan Francisco",BOL,M,,,,1712,0,40,SEP25,1983,
3331504,"Grimaldis Cardozo, Joaquin",BOL,M,,,,1592,0,20,SEP25,2003,
3311643,"Guachalla, Sebastian",BOL,M,,,,1750,0,20,SEP25,2001,i
3358658,"Guardia Cabrera, Richard",BOL,M,,,,1674,0,40,SEP25,1993,
3349314,"Guerra Llave, Selina Brigitte",BOL,F,,,,1545,0,40,SEP25,2016,w
3327833,"Guevara, Jose Raul",BOL,M,,,,1712,0,40,SEP25,2005,
3339610,"Gutierrez Espinoza, Rommel Josue",BOL,M,,,,1402,0,40,SEP25,2014,i
3353923,"Gutierrez Gonzales, Marco Antonio",BOL,M,,,,1432,0,40,SEP25,1990,
3315940,"Gutierrez Morales, Betzabe",BOL,F,,,,1581,0,20,SEP25,2004,wi
3313913,"Gutierrez Villca, Samuel Ignacio",BOL,M,,,,1692,0,40,SEP25,2006,i
3306992,"Gutierrez, Alex",BOL,M,,,,1635,0,40,SEP25,2006,i
3356396,"Guzman Caba, Sebastian Alejandro",BOL,M,,,,1442,0,40,SEP25,2007,
3317145,"Guzman Heredia, Simon",BOL,M,,,,1597,0,20,SEP25,1982,
3358666,"Guzman Rivas, Edward Daniel",BOL,M,,,,1468,0,40,SEP25,2008,i
3313921,"Guzman, Benjamin",BOL,M,,,,1554,0,40,SEP25,2005,i
3347311,"Herbas Gallardo, Daniel",BOL,M,,,,1420,0,40,SEP25,2011,i
3326381,"Herbas Muriel, Gustavo",BOL,M,,NA,,1692,0,40,SEP25,2001,
3334295,"Herrera Beltran, Clever",BOL,M,,,,1527,0,40,SEP25,1995,i
3359727,"Herrera Garcia, Luis Fernando",BOL,M,,,,1468,0,40,SEP25,2007,
3344444,"Herrera Gomez, Jons Avan",BOL,M,,,,1492,0,40,SEP25,2014,
3317714,"Herrera Ramallo, Luis Osvaldo",BOL,M,,,,1534,0,40,SEP25,2005,i
3307255,"Herrera, Jhon",BOL,M,,,,1804,0,20,SEP25,1997,i
3366308,"Hidalgo Escobar, Fernando Ezequiel",BOL,M,,,,1734,0,40,SEP25,2007,
3319202,"Hilari Cabrera, Samis Samael",BOL,M,,,,1641,0,20,SEP25,1998,
3359000,"Hilarion Cano, Wilber",BOL,M,,,,1561,0,20,SEP25,1983,
3312500,"Hinojosa Cadena, Eduardo",BOL,M,,,,1497,0,40,SEP25,2008,i
3364089,"Hinojosa Jurado, Alfredo",BOL,M,,,,1541,0,40,SEP25,2012,
3330206,"Huanapaco Mamani, Sameli",BOL,F,,,,1601,0,40,SEP25,2010,wi
3352692,"Huanca Torrico, Axel Daniel",BOL,M,,,,1438,0,40,SEP25,2011,i
3305236,"Huanca, Edson",BOL,M,,,,1947,6,20,SEP25,1999,
3336239,"Huanto Aruquipa, Efren",BOL,M,,,,1552,7,40,SEP25,2009,
3336247,"Huanto Aruquipa, Gerson",BOL,M,,,,1400,0,40,SEP25,2012,
3352390,"Huarachi Choque, Lilian",BOL,F,,,,1463,0,40,SEP25,2012,w
3310817,"Huarachi, Aldo",BOL,M,,,,1765,0,20,SEP25,2000,i
3331520,"Huaycho Ricaldes, Anderson",BOL,M,,,,1504,0,40,SEP25,2011,
3331539,"Huaycho Ricaldes, Emerson",BOL,M,,,,1743,0,20,SEP25,2006,
3370755,"Huayta Sinani, Herlan Abdon",BOL,M,,,,1471,5,40,SEP25,2005,
3315746,"Huiza Levandro, Juan",BOL,M,,,,1555,0,20,SEP25,2004,i
3351327,"Hurtado Cuellar, Dilan Joel",BOL,M,,,,1437,0,40,SEP25,2005,
3355977,"Hurtado Ferriel, Emily Kiara",BOL,F,,,,1471,0,40,SEP25,2015,w
3334791,"Hurtado Urgel, Eladio",BOL,M,,,,1531,0,20,SEP25,1944,i
3342042,"Ibanez Valdez, Analia",BOL,F,,,,1547,0,40,SEP25,2012,w
3340120,"Ibarra Flores, Joel Sebastian",BOL,M,,,,1559,0,40,SEP25,2010,i
3331717,"Ibarra Pinto, Joel Sebastian",BOL,M,,,,1464,0,40,SEP25,2010,i
3325679,"Ignacio Becerra, Lizeth Selma",BOL,F,,,,1480,0,40,SEP25,2009,wi
3319563,"Iporre Escobar, Sergio",BOL,M,,,,1627,0,20,SEP25,1992,
3314898,"Iquise Calle, Edriam Bladimir",BOL,M,,,,1470,0,40,SEP25,2007,i
3309479,"Iquise Calle, Jhosselyn",BOL,F,,,,1576,0,20,SEP25,2004,wi
3333469,"Iquise Chumacero, Jose Miguel",BOL,M,,,,1418,0,40,SEP25,2009,i
3344720,"Jaldin Soriano, Derek Neythan",BOL,M,,,,1555,0,40,SEP25,2013,
3307018,"Jaldin, Damaris",BOL,F,,,,1544,0,40,SEP25,1999,w
3319377,"Jaldin, Jose Fernando",BOL,M,,,,1526,0,20,SEP25,2004,i
3311945,"Jarro Quiroz, Joel",BOL,M,,,,1623,0,20,SEP25,2001,i
3320464,"Jarro Rodriguez, Samuel",BOL,M,,,,1543,0,40,SEP25,2005,i
3323943,"Jauregui Jines, Alvaro",BOL,M,,,,1595,0,20,SEP25,2000,
3335305,"Jimenez Mercado, Julio Esteban",BOL,M,,,,1870,0,20,SEP25,2005,
3314413,"Jimenez, Edwin Nicolas",BOL,M,,,,1505,0,40,SEP25,2007,i
3340031,"Joffre Marino, Cristhian Adrian",BOL,M,,,,1578,0,40,SEP25,2014,
3349926,"Jorge Javier, Helen Magaly",BOL,F,,,,1615,0,40,SEP25,2010,w
3349934,"Jorge Javier, Neymar Josimar",BOL,M,,,,1439,0,40,SEP25,2011,
3323129,"Jorge Pacheco, Jhamil Deymar",BOL,M,,,,1433,0,40,SEP25,2011,i
3322670,"Jorge Pacheco, Stefanny Leonor",BOL,F,,,,1442,0,40,SEP25,2005,wi
3361535,"Juan Huallpa, Jhon Beimar",BOL,M,,,,1593,0,40,SEP25,2008,
3339823,"Juanes Revollo, Alexander",BOL,M,,,,1479,0,40,SEP25,2010,i
3366316,"Juarez Escobar, Jorge Fernando",BOL,M,,,,1505,0,40,SEP25,2011,
3319717,"Justiniano Flores, Luis Fernando",BOL,M,,,,1863,0,40,SEP25,2008,
3337570,"Justiniano Flores, Tsuyoko Fernanda",BOL,F,,,,1569,0,40,SEP25,2015,w
3356124,"Justiniano Yoshihara, Sebastian",BOL,M,,,,1495,0,40,SEP25,2012,
3345025,"Kababat Mejia, Raul Ignacio",BOL,M,,,,1628,0,40,SEP25,2008,
3318419,"Kilibarda Acebey, Veroska Isabela",BOL,F,,,,AGM,1711,0,SEP25,2011,w
3350908,"Laime Cardenas, Sebastian",BOL,M,,,,1548,0,40,SEP25,2006,i
3342620,"Laka Medrano, Gabriel",BOL,M,,,,1458,0,40,SEP25,2011,i
3359883,"Laque Mamani, Adiel Milton",BOL,M,,,,1483,0,40,SEP25,2014,
3335828,"Laura Cabrera, Jhon Magno",BOL,M,,,,1828,9,40,SEP25,2011,
3350053,"Laura Quispe, Wara",BOL,F,,,,1558,0,40,SEP25,2012,wi
3334562,"Lavayen Cuellar, Ludwing",BOL,M,,,,1539,0,40,SEP25,2005,i
3311910,"Layme Garcia, Ivan Alejandro",BOL,M,,,,1790,0,20,SEP25,2003,
3316173,"Layme Garcia, Raily Melany",BOL,F,,,,1450,0,40,SEP25,2010,wi
3356140,"Leanos Orellana, Jesus Dayiro",BOL,M,,,,1444,0,40,SEP25,2012,
3309541,"Leon Barco, Miguel",BOL,M,,,,1575,0,20,SEP25,2003,i
3302474,"Leon, Vladimir",BOL,M,,,,1822,0,20,SEP25,0,
3343383,"Lequipe Flores, Maykol Jhoswar",BOL,M,,,,1425,0,40,SEP25,2013,i
3353699,"Leyva Ojopi, Iker Emiliano",BOL,M,,,,1640,0,40,SEP25,2013,i
3344096,"Limachi Gomez, Linzy Keit",BOL,F,,,,1530,0,40,SEP25,2012,wi
3321274,"Lipe Montero, Luis Miguel",BOL,M,,,,1561,0,20,SEP25,2001,i
3351742,"Llanos Mendoza, William Mijael",BOL,M,,,,1409,0,40,SEP25,2017,
3322572,"Llanque, Juan Carlos",BOL,M,,,,1497,0,40,SEP25,2006,i
3324478,"Llusco, Wilsmer",BOL,M,,,,1772,0,20,SEP25,1998,
3301419,"Loayza, Antonio",BOL,M,,,,1958,0,20,SEP25,1976,i
3307778,"Lopez A., Richard",BOL,M,,,,1973,0,20,SEP25,1996,
3319989,"Lopez Castro, Kael Daniel",BOL,M,,,,1654,0,20,SEP25,1988,i
3355349,"Lopez Flores, Rodrigo",BOL,M,,,,1495,0,40,SEP25,2007,i
3338320,"Lopez Sanchez, Alexi",BOL,M,,,,1747,0,20,SEP25,1993,
3301079,"Lopez, Mario Yber",BOL,M,FM,,,2208,0,20,SEP25,1959,i
3319911,"Lopez, Ricardo",BOL,M,,,,1686,0,20,SEP25,1997,i
3301095,"Lopez, Victor Hugo",BOL,M,,,,2123,0,20,SEP25,1971,i
3306267,"Lora, Kevin",BOL,M,,,,1754,0,20,SEP25,2000,i
3332071,"Loza Ponce, Miguel Eleazar",BOL,M,,,,1566,4,40,SEP25,2011,
3302482,"Loza, Carlos",BOL,M,,,,2074,0,20,SEP25,1961,i
3300854,"Lozada, Juan Pablo",BOL,M,,,,1914,0,20,SEP25,1998,i
3300870,"Lozada, Silvio Ricardo",BOL,M,,,,1750,0,20,SEP25,1991,i
3332721,"Lucana Quispe, Sebastian Israel",BOL,M,,,,1647,0,40,SEP25,2011,
3337251,"Luna Pinaya, Fernando",BOL,M,,,,1497,0,20,SEP25,1990,i
3345300,"Lupati Martinez, Edy",BOL,M,,,,1586,5,20,SEP25,1993,
3329445,"Lutina Bueno, Leila Daniela",BOL,F,,,,1614,0,40,SEP25,2007,wi
3314146,"Maceda, Erleen",BOL,F,,,,1450,0,40,SEP25,2010,wi
3341917,"Machaca Delgadillo, Esteban",BOL,M,,,,1424,0,40,SEP25,2008,i
3325822,"Machaca Huallpa, Alan Zelier",BOL,M,,,,1507,0,40,SEP25,2006,i
3359964,"Machaca Mamani, Yamil Ashley",BOL,M,,,,1689,0,40,SEP25,2010,i
3337502,"Machaca Paniagua, Leinier Lionel",BOL,M,,,,1691,0,40,SEP25,2012,
3317315,"Machaca Sinani, Roberto Carlos",BOL,M,,,,1654,0,20,SEP25,2000,i
3365875,"Macias Ticona, Jose Miguel",BOL,M,,,,1466,0,40,SEP25,2011,
3316785,"Macono Perez, Yanahina",BOL,F,,,,1506,0,20,SEP25,2003,wi
3354040,"Macuchapi Mamani, Jehu Benjamin",BOL,M,,,,1440,0,40,SEP25,2014,
3338894,"Maertens Sandoval, Bruno Guillermo",BOL,M,,,,1491,0,40,SEP25,2006,i
3331555,"Magne Alcoba, Yonatan Israel",BOL,M,,,,1852,0,40,SEP25,2010,
3331989,"Magne Cordova, Elsa Maria",BOL,F,,,,1458,0,20,SEP25,1995,wi
3339831,"Mallea Valverde, Jose Adolfo",BOL,M,,,,1558,0,20,SEP25,1997,i
3355039,"Mamani Alcon, Zahir Amir",BOL,M,,,,1578,0,40,SEP25,2006,i
3318583,"Mamani Alegria, Fabian",BOL,M,,,,1746,0,20,SEP25,2002,i
3318427,"Mamani Alvino, Esdras Adrian",BOL,M,,,,1664,0,40,SEP25,2011,
3366790,"Mamani Anaguaya, Jair Emanuel",BOL,M,,,,1596,0,40,SEP25,2011,
3362086,"Mamani Apaza, Douglas Miguel",BOL,M,,,,1945,0,20,SEP25,1999,
3308723,"Mamani Apaza, Vladimir Nestor",BOL,M,,,,1862,0,20,SEP25,1997,
3334813,"Mamani Calle, Rene Paco",BOL,M,,,,1444,0,20,SEP25,1997,i
3313646,"Mamani Cantuta, Erik Julian",BOL,M,,,,1663,0,20,SEP25,2003,i
3303969,"Mamani Carlo, Leonardo",BOL,M,,,,1666,0,20,SEP25,1986,
3352412,"Mamani Chambi, Thiago Willy",BOL,M,,,,1424,0,40,SEP25,2016,i
3342646,"Mamani Choque, Adler Esau",BOL,M,,,,1540,0,40,SEP25,2017,
3352927,"Mamani Colque, Gerson Abel",BOL,M,,,,1414,0,40,SEP25,2009,i
3355144,"Mamani Cuiza, Wilson Brayan",BOL,M,,,,1433,0,40,SEP25,2008,i
3359638,"Mamani Huarachi, Brisaly",BOL,F,,,,1462,0,40,SEP25,2012,wi
3339734,"Mamani Lima, Joel Samuel",BOL,M,,,,1467,0,40,SEP25,2015,i
3339742,"Mamani Lima, Jose Andres",BOL,M,,,,1823,0,40,SEP25,2010,
3345173,"Mamani Lima, Karen Jhasiel",BOL,F,,,,1403,0,40,SEP25,2009,wi
3311295,"Mamani Martinez, Alan",BOL,M,,,,1675,0,20,SEP25,2001,i
3352668,"Mamani Pedraza, Kiara Maia",BOL,F,,,,1479,0,40,SEP25,2013,wi
3344665,"Mamani Quenta, Jaren Sheila",BOL,F,,,,1400,0,40,SEP25,2015,wi
3355608,"Mamani Quino, Hector Luciano",BOL,M,,,,1570,0,40,SEP25,2009,
3345181,"Mamani Silva, Josue",BOL,M,,,,1477,0,40,SEP25,2009,i
3339262,"Mamani Solis, Alicia Valentina",BOL,F,,,,1609,0,40,SEP25,2014,w
3339270,"Mamani Solis, Juan Diego",BOL,M,,,,1516,0,40,SEP25,2011,
3349284,"Mamani Taborga, Cecilia",BOL,F,,,,1455,0,40,SEP25,2010,w
3339637,"Mamani Villca, Vicente Juan",BOL,M,,,,1421,0,40,SEP25,2013,
3311589,"Mamani, Anahi",BOL,F,WFM,WFM,,1856,0,20,SEP25,2004,wi
3305910,"Mancilla, Dieter Hugo",BOL,M,,,,1651,0,40,SEP25,0,
3342930,"Mansilla Espindola, Mark",BOL,M,,,,1435,0,40,SEP25,2011,
3363635,"Maquera Quenallata, Juan Carlos",BOL,M,,,,1435,5,40,SEP25,1984,
3345084,"Maquera Soto, Abigail Katherine",BOL,F,,,,1448,4,40,SEP25,2014,w
3345092,"Maquera Soto, Benjamin",BOL,M,,,,1405,5,40,SEP25,2016,
3345106,"Maquera Soto, Carlos Daniel",BOL,M,,,,1504,0,40,SEP25,2009,i
3308189,"Marca Vargas, William",BOL,M,,,,1829,0,20,SEP25,1967,i
3314383,"Marcapaillo Luque, Alexey",BOL,M,,,,1425,0,40,SEP25,2009,i
3318680,"Marcapaillo Luque, Yamil Bahir",BOL,M,,,,1435,0,40,SEP25,2010,i
3337510,"Marcoz Orellana, Matias Alexis",BOL,M,,,,1550,0,40,SEP25,2013,i
3311520,"Marin Yucra, Gabriel Ramiro",BOL,M,,,,1649,0,20,SEP25,2002,i
3318117,"Marquez Bulegio, Edson Freddy",BOL,M,,,,1612,0,40,SEP25,2006,
3309290,"Marquez, Karen",BOL,F,,,,1729,0,20,SEP25,1999,wi
3356850,"Martinez Betancur, Gustavo",BOL,M,,,,1564,0,40,SEP25,1997,
3323013,"Martinez Delgado, Nicole Ariana",BOL,F,,,,1550,0,40,SEP25,2008,w
3327884,"Martinez Mamani, Danner Gonzalo",BOL,M,,,,1434,0,40,SEP25,2009,i
3335682,"Martinez Romay, Mei Andrea",BOL,F,,,,1529,0,40,SEP25,2006,wi
3313662,"Martinez Soliz, Fabio Adrian",BOL,M,,,,1595,0,40,SEP25,2004,
3352250,"Martinez Urquizu, Raul Alexander",BOL,M,,,,1463,0,40,SEP25,2011,
3301745,"Martinez, Ariel",BOL,M,CM,,,2242,0,20,SEP25,1990,
3303616,"Martinez, Marco Antonio",BOL,M,,,,1537,0,20,SEP25,1966,i
3307336,"Mayta Aiza, Maveric",BOL,M,CM,,,2197,6,40,SEP25,2007,
3307328,"Mayta Aiza, Vicmar",BOL,M,,,,1854,0,20,SEP25,2003,
3344681,"Mebarek Daza, Amin Andres",BOL,M,,,,1805,0,20,SEP25,1987,
3356957,"Medina Adamczyk, Franco",BOL,M,,,,1597,0,40,SEP25,2007,i
3351335,"Medrano Andia, Pablo",BOL,M,,,,1596,0,40,SEP25,2015,
3310159,"Medrano Irahola, Jonathan",BOL,M,,,,1650,0,20,SEP25,2003,i
3307050,"Medrano, Esteban",BOL,M,,,,1669,0,20,SEP25,2003,
3303470,"Medrano, Mario",BOL,M,,,,2020,0,20,SEP25,1991,
3303110,"Medrano, Sebastian",BOL,M,,,,1982,0,20,SEP25,2000,
3319725,"Mejia Menacho, Victor Manuel",BOL,M,,,,1593,0,20,SEP25,1995,i
3323501,"Menchaca Villca, Ernesto",BOL,M,,,,1452,0,40,SEP25,2008,i
3336077,"Mendez Calderon, Christian",BOL,M,,,,1416,0,40,SEP25,2011,
3369323,"Mendez Chura, Italo Josue",BOL,M,,,,1544,5,40,SEP25,2006,
3326691,"Mendez Linarez, Jose Luis",BOL,M,,,,1706,0,40,SEP25,1999,
3351343,"Mendez Lopez, Carlos",BOL,M,,,,1411,0,40,SEP25,1952,
3367371,"Mendez Ordonez, Luis Mario",BOL,M,,,,1506,0,40,SEP25,2013,
3351807,"Mendieta Caba, Joseph Sebastian",BOL,M,,,,1668,0,40,SEP25,2011,i
3351955,"Mendoza Mamani, Cristiano Ruben",BOL,M,,,,1410,0,40,SEP25,2009,i
3332870,"Mendoza Perez, Rodrigo",BOL,M,,,,1666,0,40,SEP25,2004,
3302547,"Mendoza Sempertegui, Daniel",BOL,M,,,,1930,0,20,SEP25,1989,i
3308979,"Mendoza Tapia, Luis Armando",BOL,M,,,,1908,0,20,SEP25,0,i
3302792,"Mendoza, Fredy",BOL,M,,,,2010,0,20,SEP25,1967,i
3301931,"Mendoza, Rodrigo",BOL,M,CM,,,2242,0,20,SEP25,1994,i
3328481,"Mercado Diaz, Fabricio Edwin",BOL,M,,,,1656,0,40,SEP25,2010,i
3310833,"Mercado, Edgar",BOL,M,,,,1806,0,20,SEP25,1993,
3307506,"Meza Crespo, Dario",BOL,M,,,,2042,0,20,SEP25,2001,i
3321487,"Michel Altamirano, Luciana",BOL,F,,,,1418,0,40,SEP25,2009,wi
3366006,"Michel Nogales, Carlos Alejandro",BOL,M,,,,1570,0,40,SEP25,2012,
3308758,"Milanesi, Adriane",BOL,F,,,,1585,0,40,SEP25,2005,wi
3306054,"Mirabal, Yojan",BOL,M,,,,1670,0,40,SEP25,1995,i
3339874,"Miranda Hidalgo, Gabriel Rene",BOL,M,,,,1568,0,40,SEP25,2010,
3305350,"Miranda, Juan",BOL,M,,NA,,1939,0,20,SEP25,1983,i
3332853,"Molina Chambilla, Jeshel",BOL,F,,,,1458,0,20,SEP25,2002,wi
3320073,"Molina Torrez, Lizandro",BOL,M,,,,1856,0,20,SEP25,1986,i
3303888,"Molina, Jessica",BOL,F,WFM,WFM,,1875,0,20,SEP25,2000,w
3316696,"Molina, Julio Andres",BOL,M,,,,1552,0,20,SEP25,2003,i
3302342,"Molina, Ruben",BOL,M,,,,1907,0,20,SEP25,1993,
3325075,"Mollericona Yujra, Alexander",BOL,M,,,,1653,0,40,SEP25,1997,i
3316408,"Mollinedo Quispe, Daniel",BOL,M,,,,1461,0,40,SEP25,2007,i
3317943,"Mollinedo Quispe, Paola",BOL,F,,,,1457,0,40,SEP25,2005,wi
3325687,"Mollo Figueroa, Nicole",BOL,F,WFM,WFM,,1884,0,40,SEP25,2011,w
3322106,"Mollo Flores, Fabricio",BOL,M,,,,1500,0,40,SEP25,2005,i
3332900,"Mollo Serrudo, Jose David",BOL,M,,,,1622,0,20,SEP25,2003,
3344266,"Mollo Taquemallco, Jhair Ernesto",BOL,M,,,,1453,0,40,SEP25,2009,i
3309126,"Mollo Vega, Katherine",BOL,F,,,,1517,0,40,SEP25,2006,wi
3304620,"Mollo, Jhoan",BOL,M,FM,,,1923,0,20,SEP25,2003,i
54703190,"Monasterio Pena, Ian Gustavo",BOL,M,,,,1528,0,40,SEP25,2008,
3319407,"Monasterio Saucedo, Agustin",BOL,M,,,,1753,0,40,SEP25,2005,i
3356868,"Monje Rodriguez, Ivan",BOL,M,,,,1569,0,40,SEP25,1982,i
3300544,"Monroy Carrizo, Javier",BOL,M,CM,,,1954,0,20,SEP25,1966,
3302067,"Monroy G., Javier A.",BOL,M,CM,NA,,2043,0,20,SEP25,1994,
3304019,"Monroy G., Nataly A.",BOL,F,WIM,WIM,,1926,0,20,SEP25,2000,wi
3300471,"Monroy, Osvaldo",BOL,M,,,,1777,0,20,SEP25,1971,
3335852,"Montano Cardozo, Franco Leonardo",BOL,M,,,,1669,0,40,SEP25,2014,
3603202,montano jose,BOL,M,,,,1965,0,20,SEP25,1985,i
3339122,"Montano Lima, Leandro David",BOL,M,,,,1472,0,40,SEP25,2009,
3339130,"Montano Lima, Mateo Adrian",BOL,M,,,,1571,0,40,SEP25,2011,
3311953,"Montecinos Chavarria, David",BOL,M,,,,1632,0,20,SEP25,1979,i
3339319,"Montenegro Vilches, Lucas Enrique",BOL,M,,,,1525,0,40,SEP25,2012,
3324052,"Montero Camacho, Victor Andres",BOL,M,,,,1613,0,40,SEP25,2005,i
3366880,"Montero Suarez, Bruno",BOL,M,,,,1496,0,40,SEP25,2016,
3300242,"Montero, Kusevic",BOL,M,,,,1985,0,20,SEP25,0,i
3322211,"Montevilla C., Elias Alejandro",BOL,M,,,,1658,0,40,SEP25,2006,
3335887,"Montevilla Cahuasa, Amanda",BOL,F,,,,1455,0,40,SEP25,2014,wi
3322220,"Montevilla Cahuasa, Jonathan I.",BOL,M,CM,,,1941,0,40,SEP25,2009,
3323900,"Montevilla Cahuasa, Sebastian",BOL,M,,,,1449,0,40,SEP25,2011,
3350827,"Montevilla Titirico, Yerson",BOL,M,,,,1472,0,40,SEP25,2010,
3323676,"Montevilla, Jhonny",BOL,M,,,,1482,0,40,SEP25,1982,i
3335410,"Montoya Mercado, Julio Cesar",BOL,M,,,,1516,0,20,SEP25,1978,i
3321843,"Morales Estrada, Jhoel Henry",BOL,M,,,,1677,0,40,SEP25,2006,i
3352013,"Morales Orellana, Cristian",BOL,M,,,,1455,0,40,SEP25,2007,i
3303748,"Morales, Diego",BOL,M,,,,1795,0,20,SEP25,1993,i
3305252,"Morales, Martin",BOL,M,,,,1463,0,20,SEP25,1985,i
3301028,"Moreno Romero, Alejandro",BOL,M,,,,1657,0,20,SEP25,1999,
3347958,"Moscoso Mollendo, Dajaira Liz",BOL,F,,,,ACM,1491,0,SEP25,2010,w
3332136,"Moscoso Paz, Esther Angela",BOL,F,,,,1726,0,40,SEP25,2009,w
3306569,"Mostajo, Gaston",BOL,M,,,,1675,0,20,SEP25,1952,i
3341739,"Mujica Salguero, Eiko",BOL,M,,,,1554,0,40,SEP25,2002,i
3336751,"Mullisaca Mamani, Estiben Josue",BOL,M,,,,1699,0,40,SEP25,2007,
3336549,"Munoz Barboza, Matias Ariel",BOL,M,,,,1728,0,20,SEP25,2005,
3368874,"Mur Lagraba, Juan Jose",BOL,M,,,,1493,0,40,SEP25,1983,
3336280,"Murga Paz, Diego Emanuel",BOL,M,,,,1484,0,40,SEP25,2013,
3351165,"Murillo Fernandez, Wendel Efrain",BOL,M,,,,1774,0,40,SEP25,2010,
3367169,"Nava Orihuela, Leonardo Fabian",BOL,M,,,,1549,0,40,SEP25,2011,
3367177,"Nava Orihuela, Oscar Alejandro",BOL,M,,,,1685,0,40,SEP25,2008,
3354857,"Nava Pinedo, Noe Bethuel",BOL,M,,,,1693,0,40,SEP25,2006,
3316971,"Navarro Gorena, Angel",BOL,M,,,,1597,0,20,SEP25,1953,
3316700,"Navia Rocha, Oscar",BOL,M,,,,1665,0,20,SEP25,2004,
3348393,"Nina Apaza, Samuel",BOL,M,,,,1548,0,40,SEP25,1984,i
3320090,"Nina Flores, Jorge",BOL,M,,,,1648,0,20,SEP25,2000,i
3348547,"Nina Maraz, Miguel",BOL,M,,,,1533,0,40,SEP25,2008,i
3336760,"Nina Plata, Jesus Ramiro",BOL,M,,,,1847,0,40,SEP25,2004,i
3315010,"Nina Tablada, Vasualdo Elias",BOL,M,,,,1549,0,20,SEP25,2002,
3354210,"Nina Yampasi, Jhonatan Erwin",BOL,M,,,,1509,0,40,SEP25,2008,i
3308200,"Nina, Isaac",BOL,M,,,,1580,0,20,SEP25,0,i
3302490,"Nunez, Samuel",BOL,M,,,,2011,0,20,SEP25,1990,i
3315622,"Nunez, Wilson",BOL,M,,,,1619,0,20,SEP25,1988,
3361136,"Ocampo Albarez, Breyner Miguel",BOL,M,,,,1428,0,40,SEP25,2012,
3320235,"Ocampo Correa, Carlos David",BOL,M,,,,1502,0,40,SEP25,2008,
3361578,"Ocampo Romero, Eliezer Jhoan",BOL,M,,,,1493,5,40,SEP25,2010,
3327388,"Okina Pinto, Eban",BOL,M,,,,1474,0,40,SEP25,2008,
3351173,"Olivares Velarde, Thiago Sebastian",BOL,M,,,,1437,0,40,SEP25,2009,i
3363678,"Olivera Avalos, Erick Lionel",BOL,M,,,,1544,0,40,SEP25,2012,i
3359573,"Olivera Garcia, Gael Sebastian",BOL,M,,,,1418,0,40,SEP25,2012,
3309320,"Oller, Roberto",BOL,M,,,,1417,0,20,SEP25,1960,i
3340759,"Olmos Cayo, Dario Alberto",BOL,M,,,,1494,0,20,SEP25,2001,i
3340163,"Olmos Soliz, Soren Ariel",BOL,M,,,,1603,5,40,SEP25,2009,
3325580,"Ontiveros, Roberto Alejandro",BOL,M,,,,1449,0,40,SEP25,2008,i
3348768,"Orellana Dominguez, Diego Alexander",BOL,M,,,,1699,6,40,SEP25,2010,
3302911,"Orias, Marcelo",BOL,M,,,,1928,0,20,SEP25,1987,
3348121,"Ortega Benitez, Dominic",BOL,M,,,,1662,0,40,SEP25,2011,
3333906,"Ortega Condori, Ilian Porfirio",BOL,M,,,,1579,0,40,SEP25,2008,
3365999,"Ortega Cusipuma, Yhojan Eduardo",BOL,M,,,,1541,0,40,SEP25,2011,
3356167,"Ortega Lucana, Enzo Dilan",BOL,M,,,,1526,0,40,SEP25,2016,
3309339,"Ortega, Gilmar",BOL,M,,,,1635,0,20,SEP25,2004,
3326128,"Ortiz Ala, Ramiel Eddy",BOL,M,,,,1467,0,40,SEP25,2009,
3364267,"Ortiz Pizarro, Sebastian",BOL,M,,,,1609,0,40,SEP25,2011,
3367037,"Ortiz Salvatierra, Jose Andres",BOL,M,,,,1538,0,40,SEP25,2004,
3358720,"Ortiz Soliz, Mireya",BOL,F,,,,1531,0,40,SEP25,2013,w
3324613,"Pacheco Blanco, Milton Luis",BOL,M,,,,1454,0,40,SEP25,2007,i
3321649,"Paco Amador, Jhasmany Kevin",BOL,M,,,,1466,0,40,SEP25,2010,i
3345319,"Paco Vargas, Jhon Erick",BOL,M,,,,1869,7,40,SEP25,2009,
3343715,"Padilla Ajata, Aisha",BOL,F,,,,1440,0,40,SEP25,2015,w
3339335,"Padilla Quiroz, Irina Lineth",BOL,F,,,,1489,0,40,SEP25,2016,w
3335925,"Palma Rojas, Anahi Patricia",BOL,F,,,,1646,0,40,SEP25,2008,wi
3357740,"Palma Rojas, Cristian Yadin",BOL,M,,,,1645,0,40,SEP25,2013,i
3338851,"Palma Rojas, Leonel Reynaldo",BOL,M,,,,1468,0,40,SEP25,2012,i
3361861,"Palma Rojas, Miguel Alejandro",BOL,M,,,,1478,0,40,SEP25,2011,
3325180,"Paniagua Adomeit, Abraham",BOL,M,,,,1843,0,20,SEP25,2004,i
3324877,"Paniagua, Eunice Soraya",BOL,F,,NA,,1434,0,20,SEP25,2003,w
3309940,"Paniagua, Otoniel Gadiel",BOL,M,,NA,,AGM,1789,0,SEP25,1999,i
3351661,"Parada Cespedes, Juan Antonio",BOL,M,,,,1418,0,40,SEP25,2014,
3301303,"Parada, Felipe",BOL,M,,,,1995,0,20,SEP25,1994,i
3352595,"Paredes Aucachi, Letizia Carolina",BOL,F,,,,1450,0,40,SEP25,2012,wi
3305570,"Pareja, Jose E.",BOL,M,,,,1729,0,20,SEP25,0,i
3324516,"Pari Segura, Josue",BOL,M,,,,1522,0,20,SEP25,2004,i
3305376,"Parihuancollo, Franz",BOL,M,,,,1522,0,40,SEP25,1998,
3325865,"Parodi Lenarduzzi, Leon",BOL,M,,,,1663,0,20,SEP25,2002,
3359905,"Parra Ortiz, Amanda Lucia",BOL,F,,,,1572,0,40,SEP25,2017,w
3327639,"Parra, Daniel Alejandro",BOL,M,,,,1690,0,20,SEP25,2002,
3300617,"Parraga, Alejandro",BOL,M,CM,,,2198,0,20,SEP25,1985,i
3300820,"Patty, Oscar",BOL,M,,,,2021,0,20,SEP25,1977,i
3325385,"Paucara Manzaneda, Maite Noelia",BOL,F,,,,1418,0,40,SEP25,2011,wi
3361950,"Paxi Mamani, Jorge Joel",BOL,M,,,,1656,0,40,SEP25,2004,i
3308804,"Paz Valencia, Cesar",BOL,M,,,,1544,0,40,SEP25,2003,i
3354326,"Pelaes Cayo, Tomas",BOL,M,,,,1404,0,40,SEP25,2007,i
3302920,"Penafiel, Erick",BOL,M,,,,1852,0,20,SEP25,0,i
3349195,"Penaranda Carrasco, Gabriel",BOL,M,,,,1420,3,40,SEP25,2018,
3343723,"Penaranda Leandro, Mario",BOL,M,,,,1572,3,20,SEP25,1997,
3356183,"Perales Choque, Dylan Yazid",BOL,M,,,,1480,0,40,SEP25,2013,
3337731,"Perca Quelca, Ronald Rene",BOL,M,,,,1474,0,40,SEP25,2008,i
3306330,"Peredo Claros, Luis Gabriel",BOL,M,,,,1845,0,20,SEP25,1966,
3313999,"Pereira Solamayo, Jairo Bladimir",BOL,M,,,,1491,0,20,SEP25,2006,
3305384,"Perez Alvarado, Jose Luis",BOL,M,,,,1754,0,20,SEP25,1985,i
3348784,"Perez Pacara, Amilcar Sedov",BOL,M,,,,1583,0,40,SEP25,2011,
3326055,"Perez Pinto, Fabian Alejandro",BOL,M,,,,1526,0,40,SEP25,2010,
3318168,"Perez Toledo, Zenit Zeid",BOL,M,,,,1669,0,40,SEP25,2006,
3302539,"Perez, Hilton",BOL,M,,,,1915,0,20,SEP25,1978,i
3311961,"Pinto Baltazar, Ruben Dario",BOL,M,,FA,,1657,0,20,SEP25,1991,i
3338991,"Pinto Lizarraga, Isaac Alexandre",BOL,M,,,,1452,0,40,SEP25,2014,i
3341925,"Pinto Munoz, Carlos Andres",BOL,M,,,,1526,0,40,SEP25,2012,
3303144,"Pinto, Daniel",BOL,M,FM,,,2236,0,20,SEP25,2001,
3340406,"Poma Tinini, Matias Nicolas",BOL,M,,,,1423,0,40,SEP25,2014,i
3349241,"Porcel Rodriguez, Sebastian",BOL,M,,,,1479,0,40,SEP25,2013,
3351351,"Porco Huarachi, Lucas Abad",BOL,M,,,,1518,0,40,SEP25,2012,i
3304302,"Portal, Jorge Luis",BOL,M,,,,1933,0,20,SEP25,1980,i
3348130,"Poveda Cueto, Julio Manuel",BOL,M,,,,1520,0,40,SEP25,2012,i
3307417,"Pozo Uria, Daniel Mauricio",BOL,M,,,,1622,0,20,SEP25,2004,i
3301346,"Prado, Alexandra",BOL,F,WCM,WCM,,1900,0,20,SEP25,1995,wi
3338207,"Puma Ojeda, Jhostin Angelo",BOL,M,,,,1500,0,40,SEP25,2013,
3341330,"Pusarico Garcia, Marie Jane",BOL,F,,,,1521,0,40,SEP25,2013,w
3316823,"Putare Velez, Anely",BOL,F,,,,1437,0,40,SEP25,2005,w
3306305,"Putare, Rodrigo",BOL,M,,,,1816,0,20,SEP25,2000,i
3363759,"Quelca Rodriguez, Ythan Emmanuel",BOL,M,,,,1412,0,40,SEP25,2012,i
3356515,"Quenallata Huanca, Dominic Hugo",BOL,M,,,,1438,0,40,SEP25,2010,i
3307719,"Quenta Barrientos, Miguel Angel",BOL,M,,,,1721,0,20,SEP25,1994,
3321886,"Quilla, Eliseo",BOL,M,,,,1706,0,20,SEP25,1994,
3340201,"Quinaya Chilaca, Leonardo",BOL,M,,,,1454,3,40,SEP25,2013,
3328376,"Quiroga Cuba, Carlos Andres",BOL,M,,,,1567,0,40,SEP25,2008,
3308103,"Quiroga, Walter Gonzalo",BOL,M,,,,1646,0,20,SEP25,1956,i
3320529,"Quisbert Ojeda, Jose Antonio",BOL,M,,,,1492,0,40,SEP25,2005,i
3319148,"Quisbert Quispe, Leonidaz Kalel",BOL,M,,,,1678,6,40,SEP25,2009,
3319288,"Quisbert Vega, Brayan Daniel",BOL,M,,,,1759,0,20,SEP25,2002,i
3355047,"Quisbert Villarroel, Jose Carlos",BOL,M,,,,1762,0,40,SEP25,1997,
3354369,"Quisbert Villarroel, Jose Dylan G",BOL,M,,,,1634,0,40,SEP25,2006,
3341623,"Quispe Campos, Gueder Cristian",BOL,M,,,,1480,0,40,SEP25,2009,
3323684,"Quispe Chambi, Pedro",BOL,M,,,,1551,0,20,SEP25,1983,i
3339769,"Quispe Choquehuanca, Angeles Aydee",BOL,F,,,,1615,6,40,SEP25,2012,w
3342190,"Quispe Choquehuanca, Gael Bismar",BOL,M,,,,1453,3,40,SEP25,2017,
3354245,"Quispe Condori, Angel Leonel",BOL,M,,,,1456,0,40,SEP25,2010,i
3317757,"Quispe Condori, Jorge Rafael",BOL,M,,,,1531,0,40,SEP25,2005,i
3311007,"Quispe Cruz, Daniela",BOL,F,,,,1595,0,20,SEP25,2004,wi
3311813,"Quispe Cruz, Samuel",BOL,M,,,,1620,0,40,SEP25,2006,i
3324532,"Quispe Huanca, Edmilson Mario",BOL,M,,,,1549,0,40,SEP25,2007,i
3314162,"Quispe Mamani, Briseyda Belen",BOL,F,,,,1422,0,40,SEP25,2009,wi
3323927,"Quispe Mamani, Eguilberto Roymar",BOL,M,,,,1463,0,40,SEP25,2010,i
3336417,"Quispe Mamani, Katerin Gabriela",BOL,F,,,,1436,0,40,SEP25,2015,w
3332152,"Quispe Mamani, Lenny Liz Anabel",BOL,F,,,,1454,0,40,SEP25,2012,wi
3313808,"Quispe Mamani, Nikaela Nazaret",BOL,F,,,,1574,0,40,SEP25,2006,w
3304426,"Quispe Vera, Jesus Manuel",BOL,M,,,,1897,0,40,SEP25,1994,
3303632,"Quispe, Rene",BOL,M,,,,1681,0,20,SEP25,1982,i
3324621,"Ramallo Aguilar, Ariadne Ricela",BOL,F,,,,1750,0,20,SEP25,2006,w
3325881,"Ramirez Cerezo, Erick Nadyr",BOL,M,,,,1677,0,20,SEP25,1982,i
3366405,"Ramirez Choque, Javier",BOL,M,,,,1524,0,40,SEP25,1958,
3344940,"Ramirez Espinoza, Percy Willy",BOL,M,,,,1648,0,20,SEP25,1946,
3337308,"Ramirez Mamani, Andrea",BOL,F,,,,1481,0,40,SEP25,2009,wi
3337316,"Ramirez Mamani, Roy Yaser",BOL,M,,,,1483,0,40,SEP25,2011,i
3325199,"Ramirez Pinto, Juan Alberto",BOL,M,,,,1571,0,40,SEP25,2008,
3301680,"Ramirez, Maria Eugenia",BOL,F,WFM,WFM,,1987,0,20,SEP25,1988,wi
3313026,"Ramos Aranda, Aisha Libna",BOL,F,,,,1581,0,40,SEP25,2008,wi
3312526,"Ramos Aranda, Zahid",BOL,M,,,,1797,0,40,SEP25,2006,i
3344380,"Ramos Cano, Lia Brissa",BOL,F,,,,1659,0,40,SEP25,2016,w
3343413,"Ramos Mamani, Dorian",BOL,M,,,,1549,0,20,SEP25,1988,i
3366820,"Ramos Mayta, Andy Rene",BOL,M,,,,1515,0,40,SEP25,2011,
3348849,"Revollo Hurtado, Libertad Arely",BOL,F,,,,1607,0,40,SEP25,2007,w
3343065,"Reyes Morales, Esteban Marcelo",BOL,M,,,,1549,0,20,SEP25,1999,i
3302830,"Ribera Arce, Yorch Willy",BOL,M,,,,1953,0,20,SEP25,1990,i
3328023,"Ribera, Miguel Angel",BOL,M,,,,1965,0,20,SEP25,1997,
3323528,"Ricalde Benavidez, Anibal",BOL,M,,,,1514,0,40,SEP25,2009,i
3342735,"Ricaldez Martinez, Rodrigo",BOL,M,,,,ACM,1608,0,SEP25,2005,
3311635,"Rios Perez, Ricardo Daniel",BOL,M,,,,1773,0,20,SEP25,2004,i
3324265,"Rios Reyes Ortiz, Federico",BOL,M,,,,1632,0,20,SEP25,2000,i
3325318,"Rios Vaca Diez, Angelica Claret",BOL,F,,,,1625,0,40,SEP25,2005,wi
3316238,"Rivas Perez, Oscar Daniel",BOL,M,,,,1550,0,40,SEP25,2008,i
3339432,"Rivas Ramos, Carlos Dilan",BOL,M,,,,1558,0,40,SEP25,2011,
3336573,"Rivas Ramos, Ivan",BOL,M,,,,1750,0,40,SEP25,2008,
3354997,"Rivas Ramos, Luana",BOL,F,,,,1423,0,40,SEP25,2012,w
3300412,"Rivas, Oswaldo",BOL,M,,,,2112,0,20,SEP25,1946,
3314901,"Rivera, Mauricio",BOL,M,,,,1593,0,40,SEP25,2006,i
3360164,"Rivero Teran, Andre Alejandro",BOL,M,,,,1401,3,40,SEP25,2015,
3314685,"Riveros Dullmann, Francisco A.",BOL,M,,,,1707,0,20,SEP25,1977,i
3301249,"Robles, Gustavo",BOL,M,,,,1992,0,20,SEP25,1981,i
3355004,"Roca Aguirre, Santiago",BOL,M,,,,1565,0,40,SEP25,2010,
3319105,"Rocha Correa, Jhonn Gregor",BOL,M,,,,1483,0,40,SEP25,2007,i
3364119,"Rocha Huarachi, Carlos Gabriel",BOL,M,,,,1443,0,40,SEP25,2014,
3354610,"Rocha Mamani, Michael",BOL,M,,,,1468,0,40,SEP25,1989,
3328384,"Rocha Michel, Jose Ignacio",BOL,M,,,,1737,0,40,SEP25,2009,
3340716,"Rocha Quispe, Beymar Eloy",BOL,M,,,,1564,0,40,SEP25,2012,i
3351670,"Rocha Rojas, Wiliberto",BOL,M,,,,1473,0,20,SEP25,1963,
3318737,"Rocha Suarez, Mauricio Jose",BOL,M,,NA,,AIM,1598,0,SEP25,2000,i
3346641,"Rocha Vivanco, Victor Ezequiel",BOL,M,,,,1423,0,40,SEP25,2012,
3306836,"Rocha, Ignacio",BOL,M,,,,1851,0,20,SEP25,1987,
3304574,"Rocha, Nicolas",BOL,M,,,,1857,0,20,SEP25,1998,i
3336425,"Rodriguez Barrientos, Johan Raziel",BOL,M,,,,1597,0,40,SEP25,2015,i
3364291,"Rodriguez Cassia, Erland David",BOL,M,,,,1742,0,40,SEP25,2003,
3317978,"Rodriguez Chapi, Dayana",BOL,F,,,,1695,0,40,SEP25,2005,wi
3335950,"Rodriguez Cuellar, Benjamin Matias",BOL,M,,,,1491,0,40,SEP25,2013,i
3325008,"Rodriguez Lujan, Oliver Albert",BOL,M,,,,1608,4,40,SEP25,2008,
3342751,"Rodriguez Murillo, Thiago Akier",BOL,M,,,,1446,0,40,SEP25,2012,
3311023,"Rodriguez Nina, Fabian",BOL,M,,,,1737,0,40,SEP25,2006,
3311031,"Rodriguez Nina, Fabiola",BOL,F,,,,1652,0,20,SEP25,2002,wi
3366480,"Rodriguez Oropeza, Raul Ramiro",BOL,M,,,,1453,4,40,SEP25,1962,
3323536,"Rodriguez Porco, Elias Nazareno",BOL,M,,,,1552,0,40,SEP25,2008,i
3323420,"Rodriguez Porco, Jose Fabian",BOL,M,,,,1815,0,20,SEP25,2006,
3327671,"Rodriguez Porco, Sofia Eugenia",BOL,F,,,,1523,0,40,SEP25,2010,wi
3346781,"Rodriguez Ramos, Mateo",BOL,M,,,,1574,0,40,SEP25,2009,
3348040,"Rodriguez Ricaldi, Haylen",BOL,F,,,,1566,0,40,SEP25,2008,w
3338363,"Rodriguez Rodriguez, Javier Ramiro",BOL,M,,,,1494,0,40,SEP25,1990,i
3302059,"Rodriguez Rosas, Denisse",BOL,F,,,,1900,0,20,SEP25,1992,w
3301710,"Rodriguez, Denisse",BOL,F,,,,1701,0,20,SEP25,1992,wi
3346021,"Rojas Davalos, Raily",BOL,M,,,,1440,0,40,SEP25,2012,i
3370356,"Rojas Nava, Cristian Josue",BOL,M,,,,1689,0,40,SEP25,2007,
3301605,"Rojas Valdivia, Gustavo",BOL,M,,,,1783,0,20,SEP25,1981,i
3319741,"Romero Perez, Panfilo",BOL,M,,,,1565,0,20,SEP25,1977,
3333205,"Romero Villarroel, Rodrigo Ever",BOL,M,,,,1732,0,40,SEP25,2007,i
3306593,"Romero, Roly",BOL,M,,,,1917,0,20,SEP25,1986,i
3311163,"Roque Flores, Helen",BOL,F,,,,1507,0,20,SEP25,2003,wi
3311171,"Roque Flores, Jean Pol",BOL,M,,,,1439,0,40,SEP25,2005,i
3312259,"Rosales, Rommy",BOL,F,,,,1720,0,20,SEP25,2002,wi
3335968,"Rosas Navarro, Bruno Shahid",BOL,M,,,,1655,0,40,SEP25,2010,
3336581,"Rosas Navarro, Dominic Giselle",BOL,F,,,,1565,0,40,SEP25,2012,w
3302105,"Rozo, Paulo",BOL,M,FM,,,2165,0,20,SEP25,1995,
3350452,"Rueda Aguirre, Sander Jefferson",BOL,M,,,,1572,0,40,SEP25,2011,
3308987,"Rueda Flores, Rolando",BOL,M,,,,1746,0,20,SEP25,0,i
3353311,"Ruiz Achacollo, Jose Damir",BOL,M,,,,1678,0,40,SEP25,2016,
3348725,"Ruiz Arce, Luis Daniel",BOL,M,,,,1555,0,40,SEP25,2007,i
3304892,"Ruiz, Samuel",BOL,M,,,,1813,0,20,SEP25,2001,i
3328511,"Saavedra Aiza, Alejandro",BOL,M,,,,1650,0,40,SEP25,2011,
3335976,"Saavedra Castro, Matias Santiago",BOL,M,,,,1663,0,40,SEP25,2010,i
3300102,"Saavedra, Carlos",BOL,M,FM,,,2082,7,20,SEP25,1957,
3301257,"Saavedra, Nilo",BOL,M,,,,1819,6,20,SEP25,1946,
3335380,"Salamanca Paraguayo, Mateo",BOL,M,,,,1712,0,40,SEP25,2013,
3302237,"Salas, Javier",BOL,M,,,,1834,0,20,SEP25,1960,i
3361098,"Salazar Rivero, Leonardo Alfonso",BOL,M,,,,1569,0,40,SEP25,2007,i
3331598,"Salazar Salinas, Daniel",BOL,M,,,,1528,0,20,SEP25,2004,i
3331601,"Salazar Salinas, Maria Jose",BOL,F,,,,1659,0,40,SEP25,2009,wi
3331610,"Salazar Salinas, Rodrigo",BOL,M,,,,1748,0,40,SEP25,2011,
3337065,"Salgueiro Rocabado, Marcelo",BOL,M,,,,1507,0,40,SEP25,2005,i
3342204,"Salgueiro Sangalli, Asbel Sebastian",BOL,M,,,,1469,0,40,SEP25,2016,
3316467,"Salvador Taquimallco, Alex",BOL,M,,,,1431,0,40,SEP25,2006,i
3317579,"Salvador Taquimallco, Ruben",BOL,M,,,,1533,0,20,SEP25,2003,i
3334554,"Salvatierra Rodriguez, Abel",BOL,M,,,,2036,0,40,SEP25,1979,
3354385,"Salvatierra Zelada, Lucio Alfredo",BOL,M,,,,1683,0,40,SEP25,2009,
3316742,"Salvatierra, Franklin",BOL,M,,,,1652,0,40,SEP25,2006,i
3340678,"Sanchez Flores, Carlos Alejandro",BOL,M,,,,1495,0,40,SEP25,2013,
3349268,"Sanchez Saldias, Said Gabriel",BOL,M,,,,1401,0,40,SEP25,2010,
3307824,"Sanchez, Davy",BOL,M,,,,1769,0,20,SEP25,1990,i
3301265,"Sanchez, Raul",BOL,M,,,,1804,2,20,SEP25,1967,
3318184,"Sandoval Canido, Rolando",BOL,M,,,,1485,0,40,SEP25,2007,i
3304582,"Sandoval, Juan Carlos",BOL,M,,,,1924,0,20,SEP25,1967,i
3309401,"Sanez Camacho, Ariel",BOL,M,,,,1797,0,20,SEP25,1986,
3336000,"Santivanez Videz, Nicole Denisse",BOL,F,,,,1508,0,40,SEP25,2012,w
3322246,"Santoja Rocha, Nuri",BOL,M,,,,1625,0,40,SEP25,1992,
3316629,"Santos Callahuara, Monzerrat",BOL,F,,,,1549,0,40,SEP25,2010,wi
3318508,"Santos, Carlos Kevin",BOL,M,,,,1521,0,40,SEP25,2008,i
3317781,"Santos, Jesus Andres",BOL,M,,,,1547,0,40,SEP25,2005,i
3355861,"Sarabia Loayza, Arturo Andrew Romes",BOL,M,,,,1636,0,40,SEP25,2010,
3357341,"Saravia Pachury, Jesus Miguel",BOL,M,,,,1559,0,40,SEP25,2006,
3356213,"Saucedo Sare, Eduardo",BOL,M,,,,1429,0,40,SEP25,2013,
3344304,"Sejas Carballo, Rodrigo",BOL,M,,,,1537,0,40,SEP25,2010,i
3326721,"Sempertegui Tames, Juan Manuel",BOL,M,,NA,,ACM,1651,0,SEP25,1998,i
3367924,"Sepulveda Coria, Andres Orlando",BOL,M,,,,1461,0,40,SEP25,2014,
3346390,"Serrudo Condori, Xialine Tiare",BOL,F,,,,1419,0,40,SEP25,2012,wi
3343960,"Sesgo Rafael, Roberto Carlos",BOL,M,,,,1504,0,40,SEP25,2004,i
3321428,"Siles Kora, Brayan",BOL,M,,,,1557,0,40,SEP25,2007,i
3323188,"Siles Kora, Dayana Karolyn",BOL,F,,,,1443,0,40,SEP25,2009,wi
3308898,"Silicuana Quispe, Cristhian",BOL,M,,,,1746,0,20,SEP25,2002,i
3338959,"Silicuana Quispe, Katerin",BOL,F,,,,1499,0,40,SEP25,2008,w
3314006,"Silva Pardo, Hanns",BOL,M,,,,1698,0,40,SEP25,2005,i
3343286,"Silvestre Tambo, Franz Alexis",BOL,M,,,,1509,0,40,SEP25,2013,i
3359468,"Sinani Nacho, Iker Allen",BOL,M,,,,1454,0,40,SEP25,2014,i
3328597,"Sirpa Calizaya, Benjamin",BOL,M,,,,1612,0,40,SEP25,2005,i
3352161,"Sobral Palma, Joao Gabriel",BOL,M,,,,1520,0,40,SEP25,2012,i
3306003,"Solano, Juan Pablo",BOL,M,,,,1990,0,20,SEP25,1996,i
3339785,"Solari Quelali, Valeska Tiana",BOL,F,,,,1755,6,40,SEP25,2012,w
3336018,"Soliz Colque, Pablo Andre",BOL,M,,,,1581,0,40,SEP25,2010,i
3336433,"Soliz Flores, Luz Neyda",BOL,F,,,,1836,0,40,SEP25,2008,w
3340244,"Soliz Guarachi, Adan Sergio",BOL,M,,,,1619,0,20,SEP25,2004,i
3316475,"Soliz Molina, Adrian",BOL,M,,,,1515,0,40,SEP25,2007,i
3354474,"Soliz Urena, Vincent Gael",BOL,M,,,,1414,5,40,SEP25,2016,
3305295,"Soruco, Valerie",BOL,F,,,,1760,0,20,SEP25,2001,wi
3327450,"Sossa Humerez, Eduardo Emanuel",BOL,M,,,,1876,0,20,SEP25,1990,i
3315517,"Sossa Quecana, Daniel",BOL,M,,,,1460,0,20,SEP25,1992,i
3309584,"Soto Cabellos, Benjamin",BOL,M,,,,1757,0,40,SEP25,2006,i
3310760,"Suarez Antelo, Jesus",BOL,M,,,,1744,0,20,SEP25,1955,i
3315169,"Suarez Claros, Henry",BOL,M,,,,1831,0,20,SEP25,2005,
3315118,"Suarez Gutierrez, Camila",BOL,F,,,,1538,0,40,SEP25,2008,wi
3323250,"Suarez Herrera, Felix Hugo",BOL,M,,,,1776,0,20,SEP25,1991,
3300234,"Sustach, Marcos",BOL,M,FM,,,2099,0,20,SEP25,1968,
3355080,"Taboada Gutierrez, Ivar Alejandro",BOL,M,,,,1448,0,40,SEP25,2014,
3314170,"Tambo, Camila",BOL,F,WCM,WCM,,1611,0,40,SEP25,2007,wi
3321916,"Tapia Espada, Antonio Enrique",BOL,M,,NA,,1878,0,20,SEP25,1999,
3308910,"Tapia Leano, Leidy Yoselyn",BOL,F,,,,1446,0,40,SEP25,2003,w
3346030,"Tapia Merino, Gilmar Reix",BOL,M,,,,1410,0,40,SEP25,2014,
3305686,"Tapia, Mauricio",BOL,M,,NA,,1916,0,20,SEP25,1993,
3325237,"Taquichiri Menacho, Franz",BOL,M,,,,1585,0,40,SEP25,2005,i
3300196,"Tarn, Gerald",BOL,M,,,,1848,0,20,SEP25,1957,i
3342131,"Tarqui Aruquipa, Deimar Abdiel",BOL,M,,,,1533,0,40,SEP25,2009,i
3302954,"Tejerina Condori, Martha",BOL,F,,,,1730,0,20,SEP25,1999,wi
3321924,"Tejerina Lazarte, Juan Carlos",BOL,M,,,,1575,0,40,SEP25,2010,i
3308995,"Telera, Eduardo",BOL,M,,,,1848,0,20,SEP25,1984,i
3316050,"Teran Medina, Marcelo",BOL,M,,,,1669,0,20,SEP25,2001,i
3315290,"Terrazas , Mijael",BOL,M,,,,1747,0,20,SEP25,2001,i
3339173,"Ticona Avine, Miguel Angel",BOL,M,,,,1431,0,40,SEP25,2008,i
3319113,"Ticona Rocabado, Licael Roderick",BOL,M,IM,,,2367,0,20,SEP25,2008,
3309550,"Titichoca Daza, Daniel",BOL,M,CM,,,2143,0,20,SEP25,2003,
3331415,"Tito Ramirez, Jorge Alberto",BOL,M,,,,1734,0,20,SEP25,1993,i
3337324,"Tola Gutierrez, Caroline Xiomara",BOL,F,,,,1461,0,40,SEP25,2011,wi
3335666,"Tola Vargas, Nefi Jafid",BOL,M,,,,1409,0,40,SEP25,1992,i
3370577,"Torres Choque, Jose Miguel",BOL,M,,,,1616,6,40,SEP25,2004,
3336026,"Torrez Basto, Alex Sebastian",BOL,M,,,,1516,0,40,SEP25,2015,
3346587,"Torrez Condarco, Khaled Ramiro",BOL,M,,,,1579,0,40,SEP25,2009,
3326950,"Torrez Gutierrez, Juan Jose",BOL,M,,,,1483,0,20,SEP25,2001,
3336441,"Torrez Taboada, Flor Belen",BOL,F,,,,1580,0,40,SEP25,2012,w
3338002,"Torrico Castro, Raikonen Dairo",BOL,M,,,,1609,0,40,SEP25,2013,i
3337545,"Torrico Franco, Jose Alberto",BOL,M,,,,1663,0,40,SEP25,2013,i
3307140,"Torrico Ramos, Alexis",BOL,M,,NA,,1921,0,20,SEP25,1999,i
3340252,"Torrico Sanchez, Jhair Ernesto",BOL,M,,,,1550,0,40,SEP25,2008,
3340260,"Torrico Sanchez, Yamir",BOL,M,,,,1549,0,40,SEP25,2006,
3327116,"Torrico, Jose Miguel",BOL,M,,,,1615,0,40,SEP25,2000,
3301591,"Torrico, Mirko",BOL,M,,,,1938,0,20,SEP25,0,i
3301044,"Trigo, Oswaldo",BOL,M,,,,1968,0,20,SEP25,1956,i
3334570,"Trujillo Caceres, Juan David",BOL,M,,,,1684,0,20,SEP25,1976,i
3367614,"Trujillo Castro, Edson",BOL,M,,,,1818,6,20,SEP25,1995,
3360202,"Trujillo Vargas, Leonardo Aaron",BOL,M,,,,1460,0,40,SEP25,2013,
3329496,"Urrelo Arellano, Sebastian",BOL,M,,,,1482,0,40,SEP25,2007,i
3339386,"Urzagasti Montero, Nivardo",BOL,M,,,,1506,0,20,SEP25,1993,i
3368947,"Uscamayta Zegarra, Leandro",BOL,M,,,,1502,5,40,SEP25,2017,
3302016,"Vaca, Jose Miguel",BOL,M,,,,1920,0,20,SEP25,1995,i
3321436,"Valda Quelali, Britany Nicole",BOL,F,,,,1580,0,40,SEP25,2007,wi
3364836,"Valdivia Melgar, Ticoyo",BOL,M,,,,1555,0,40,SEP25,2010,
3351360,"Vallejos Gallardo, David Haniel",BOL,M,,,,1507,0,40,SEP25,2007,i
3325261,"Valverde Mengari, Roly",BOL,M,,,,1804,0,20,SEP25,1984,i
3357520,"Valverde Teran, Jose Uriel",BOL,M,,,,1482,0,40,SEP25,2009,
3305287,"Valverde, Pedro",BOL,M,,,,1869,0,20,SEP25,1974,i
3361110,"Vargas Alvarez, Matias",BOL,M,,,,1606,0,40,SEP25,2008,i
3302687,"Vargas Amaru, Hernan Miguel",BOL,M,,,,1637,0,40,SEP25,1981,
3304825,"Vargas D, Carolina",BOL,F,WCM,WCM,,1683,0,20,SEP25,2003,wi
3357597,"Vargas Garzon, Isabella",BOL,F,,,,1659,0,40,SEP25,2016,w
3312550,"Vargas Garzon, Maximiliano",BOL,M,,,,1632,0,40,SEP25,2009,
3314774,"Vargas Lopez, Jhonny Julio",BOL,M,,,,1557,0,40,SEP25,1967,
3327647,"Vargas Mamani, Juan Antonio",BOL,M,,,,1658,0,40,SEP25,2007,
3320049,"Vargas Manuel, Jimmy Erwin",BOL,M,,,,1706,0,40,SEP25,1991,
3335453,"Vargas Miranda, Gregorio",BOL,M,,NA,,1592,0,20,SEP25,1985,i
3336786,"Vargas Quispe, Maciel Celin",BOL,F,,,,1652,0,40,SEP25,2011,w
3331342,"Vargas Sanchez, Dashely",BOL,F,,,,1430,0,40,SEP25,2008,w
3353028,"Vargas Vasquez, Carlos Augusto",BOL,M,,,,1412,0,40,SEP25,2006,i
3307875,"Vargas, Jhosua",BOL,M,,,,1873,0,20,SEP25,1997,i
3303365,"Vargas, Tomas",BOL,M,,,,1754,0,20,SEP25,1993,
3319547,"Vasquez Gonzales, Fabricio",BOL,M,,,,1619,0,40,SEP25,2007,i
3341615,"Vasquez Negretty, Alexander Jhon",BOL,M,,,,1546,0,40,SEP25,2009,i
3340708,"Vedia Ibarra, Edwin Danel",BOL,M,,,,1630,0,40,SEP25,2009,i
3307727,"Vedia, Jonatan",BOL,M,,,,1907,0,20,SEP25,0,
3343480,"Veizaga Mamani, Kirsten Ivana",BOL,F,,,,1698,8,40,SEP25,2011,w
3346048,"Velarde Alarcon, Denys Jhoel",BOL,M,,,,1439,0,40,SEP25,2002,
3320103,"Velarde Alarcon, Jhoana",BOL,F,,,,1842,0,40,SEP25,2007,w
3356256,"Velasco Torrico, Leonela",BOL,F,,,,1421,0,40,SEP25,2012,wi
3351491,"Velasquez Aguirre, Fabian Mauricio",BOL,M,,,,1594,0,40,SEP25,2011,
3342069,"Velasquez Ajacopa, Rodrigo Efrain",BOL,M,,,,1589,0,40,SEP25,2012,
3325709,"Velasquez Nava, Marcia",BOL,F,,,,1463,0,40,SEP25,2008,w
3325776,"Velasquez Nava, Raquel",BOL,F,,,,1684,0,20,SEP25,2004,w
3367533,"Velasquez Vallejos, Edgar Noe",BOL,M,,,,1547,0,40,SEP25,2007,
3363996,"Velasquez, Marcial",BOL,M,,,,1628,0,40,SEP25,1995,i
3300218,"Velasquez, Omar",BOL,M,,,,1784,0,20,SEP25,1987,
3308138,"Velazquez Cruz, Gustavo",BOL,M,,,,1779,0,20,SEP25,1989,
3337430,"Velez Mendoza, Gabriel Ignacio",BOL,M,,,,1725,0,40,SEP25,2008,
3340287,"Velez Perez, Jorge Carlos",BOL,M,,,,1568,0,20,SEP25,1988,
3318664,"Velez, Juan Carlos",BOL,M,,,,1892,0,20,SEP25,1994,
3334236,"Veliz Gonzales, Jhon Hoswel",BOL,M,,,,1424,0,40,SEP25,2012,i
3311880,"Veliz Quispe, Cindy Rocio",BOL,F,,,,1524,0,20,SEP25,2003,wi
3340902,"Ventura Guzman, Laia Isabella",BOL,F,,,,1468,0,40,SEP25,2014,w
3304779,"Vera, Pavel",BOL,M,,,,2115,0,20,SEP25,2002,
3333540,"Verastegui, Alexander",BOL,M,,,,1462,0,40,SEP25,2009,i
3361985,"Via Escalante, Erick",BOL,M,,,,1628,0,40,SEP25,1979,
3305767,"Vicente Calderon, Henrich",BOL,M,,,,1824,0,20,SEP25,1982,i
3346056,"Vicente Porcel, Mateo",BOL,M,,,,1511,0,40,SEP25,2012,i
3319229,"Vidaurre Vargas, Juan Pablo",BOL,M,,,,1641,0,40,SEP25,1998,
3302024,"Vidaurre, Luis",BOL,M,,,,2001,7,20,SEP25,1997,
3350460,"Villa Colque, Gabriel Isaac",BOL,M,,,,1564,0,40,SEP25,2007,
3326160,"Villa Mamani, Diana Yalitza",BOL,F,,,,1425,0,40,SEP25,2006,wi
3349276,"Villagomez Cespedes, Jhezer",BOL,M,,,,1526,0,40,SEP25,2011,i
3346676,"Villamontes Rios, Adrian Runaldo",BOL,M,,,,1597,0,40,SEP25,2012,
3353834,"Villanueva Escobar, Arturo Anibal",BOL,M,,,,1520,0,40,SEP25,2012,
3341470,"Villanueva Flores, Eliel",BOL,M,,,,1701,0,40,SEP25,2013,i
3344495,"Villanueva Flores, Jotam Joel",BOL,M,,,,1442,0,40,SEP25,2015,i
3306739,"Villarroel Camacho, Windsor",BOL,M,,,,1871,0,20,SEP25,1995,i
3335275,"Villarroel Cari, Katerine",BOL,F,,,,1441,0,40,SEP25,2011,w
3351106,"Villarroel Yucra, Lenin",BOL,M,,,,1570,6,20,SEP25,1990,
3314260,"Villazon Zeballos, Manuel",BOL,M,,,,1544,0,40,SEP25,2007,
3322998,"Villca Espinoza, Edgar Castulo",BOL,M,,,,1514,0,40,SEP25,2008,i
3345211,"Villca Flores, Danner Emil",BOL,M,,,,1491,0,40,SEP25,2007,i
3314251,"Villca Pereira, Rafael",BOL,M,,,,1701,0,40,SEP25,2007,
3328805,"Villegas Garcia, Renata Alejandra",BOL,F,,,,1558,0,40,SEP25,2010,w
3315525,"Viquini Serrano, Juan de Dios",BOL,M,,,,1732,0,20,SEP25,2003,i
3367630,"Viracochea Melendres, Milton Xavier",BOL,M,,,,1460,0,40,SEP25,1994,
3343251,"Viza Choque, Ronal",BOL,M,,,,1721,0,20,SEP25,2002,
3355390,"Viza Valer, Isai Abner",BOL,M,,,,1446,0,40,SEP25,2016,
3358429,"Von Bergen Stahmer, Lucas",BOL,M,,,,1459,0,40,SEP25,2012,i
3352226,"Wang Garcia, Wiwi",BOL,M,,,,1442,0,40,SEP25,2012,
3315320,"Yanez Arcienega, Camilo",BOL,M,,,,1913,0,20,SEP25,2004,
3343936,"Yapura Colque, Elsa",BOL,F,,,,1579,0,40,SEP25,2005,w
3318001,"Yepez Montenegro, Gloria Luz",BOL,F,WCM,WCM,,1721,0,40,SEP25,2005,w
3328252,"Yepez, Mauricio",BOL,M,,,,1579,0,40,SEP25,2006,i
3324648,"Yucra Quispe, Mauricio Dimar",BOL,M,,,,1450,0,40,SEP25,2008,i
3333264,"Yucra Valdes, Diego Alonso",BOL,M,,,,1799,0,40,SEP25,2008,
3343570,"Yujra Condori, Luz Mariela",BOL,F,,,,1496,0,40,SEP25,2012,w
3336859,"Yujra Condori, Miguel Angel",BOL,M,,,,1601,5,40,SEP25,2011,
3320278,"Yujra Paredez, Ignacio Tadeo",BOL,M,,,,1708,0,40,SEP25,2008,i
3310299,"Yujra Vargas, Fiorela",BOL,F,,,,1596,0,20,SEP25,2004,wi
3314243,"Yujra Vargas, Jhonatan",BOL,M,,,,1539,0,40,SEP25,2007,i
3324559,"Yupanqui Zapata, Rodrigo",BOL,M,,,,1590,6,40,SEP25,2012,
3339181,"Zabala Segundo, Nelson Luciano",BOL,M,,,,1443,0,40,SEP25,2011,
3311082,"Zabalaga, Sergio Denis",BOL,M,,,,1747,0,20,SEP25,1999,i
3319652,"Zaigua Pedraza, Carlos",BOL,M,,,,1923,7,20,SEP25,1984,
3342271,"Zambrana Espinoza, Luis Hamilton",BOL,M,,,,1611,0,40,SEP25,2008,
3316513,"Zambrana Estrada, Breyner Andre",BOL,M,,,,1647,0,40,SEP25,2006,i
3318222,"Zambrana Salmon, Bruce Fabio",BOL,M,,,,1479,0,40,SEP25,2007,
3317846,"Zambrana Salmon, Freddy Brandon",BOL,M,,,,1527,0,20,SEP25,2004,
3322319,"Zambrana Veizaga, Fabio",BOL,M,,,,1561,0,40,SEP25,2008,i
3322378,"Zambrana, Bryan",BOL,M,,,,1748,0,20,SEP25,2002,
3300200,"Zambrana, Osvaldo",BOL,M,GM,FT,,2444,0,10,SEP25,1981,
3337081,"Zeballos Guerra, Iago Jose",BOL,M,,,,1463,0,40,SEP25,2014,i
3314227,"Zenteno Herrera, Diego Pablo",BOL,M,,,,1510,0,40,SEP25,2007,i
3314200,"Zubieta Echalar, Eduardo",BOL,M,,,,1677,0,40,SEP25,2007,i
3322327,"Zubieta Echalar, Rafaella",BOL,F,,,,1523,0,40,SEP25,2010,wi
3322335,"Zubieta Fernandez, Rafael",BOL,M,,,,1483,0,20,SEP25,1977,i
3354636,"Zuna Diaz, Kelyn Escarlen",BOL,F,,,,1481,0,40,SEP25,2014,w
3323935,"Zurita Cabellos, Joshua Andre",BOL,M,,,,1493,0,40,SEP25,2011,i
3358810,"Zurita Coca, Gary Neyer",BOL,M,,,,1740,0,40,SEP25,1992,i
3359808,"Zurita Cruz, Ariel Andridt",BOL,M,,,,1607,5,40,SEP25,2015,
3352234,"Zurita Cruz, Jhon Brandon",BOL,M,,,,1594,6,40,SEP25,2014,
3307174,"Zurita Machicado, Santiago",BOL,M,,,,1761,0,20,SEP25,2003,i
3366553,"Zurita Paco, Yon Jairo",BOL,M,,,,1521,0,40,SEP25,2008,