[
  {
    "ID Number": "2009412"
  },
  {
    "ID Number": "2076829"
  },
  {
    "ID Number": "39927849"
  },
  {
    "ID Number": "2075792"
  },
  {
    "ID Number": "13301918"
  },
  {
    "ID Number": "39961656"
  },
  {
    "ID Number": "2024861"
  },
  {
    "ID Number": "2009730"
  },
  {
    "ID Number": "2023849"
  },
  {
    "ID Number": "30966396"
  },
  {
    "ID Number": "2074010"
  },
  {
    "ID Number": "150033835"
  },
  {
    "ID Number": "30972370"
  },
  {
    "ID Number": "30956706"
  },
  {
    "ID Number": "2083396"
  },
  {
    "ID Number": "30962471"
  },
  {
    "ID Number": "2094770"
  },
  {
    "ID Number": "30985323"
  },
  {
    "ID Number": "39978346"
  },
  {
    "ID Number": "2000784"
  },
  {
    "ID Number": "30915147"
  },
  {
    "ID Number": "13300580"
  },
  {
    "ID Number": "13300032"
  },
  {
    "ID Number": "2099535"
  },
  {
    "ID Number": "150096521"
  },
  {
    "ID Number": "2000156"
  },
  {
    "ID Number": "2030942"
  },
  {
    "ID Number": "30931312"
  },
  {
    "ID Number": "2061937"
  },
  {
    "ID Number": "30987938"
  },
  {
    "ID Number": "39926176"
  },
  {
    "ID Number": "30998808"
  },
  {
    "ID Number": "39927431"
  },
  {
    "ID Number": "39913597"
  },
  {
    "ID Number": "39916235"
  },
  {
    "ID Number": "30973112"
  },
  {
    "ID Number": "39905500"
  },
  {
    "ID Number": "12952273"
  },
  {
    "ID Number": "30969999"
  },
  {
    "ID Number": "30925240"
  },
  {
    "ID Number": "2043572"
  },
  {
    "ID Number": "30958300"
  },
  {
    "ID Number": "4107012"
  },
  {
    "ID Number": "2085330"
  },
  {
    "ID Number": "30945232"
  },
  {
    "ID Number": "2019647"
  },
  {
    "ID Number": "30984440"
  },
  {
    "ID Number": "2074036"
  },
  {
    "ID Number": "2045494"
  },
  {
    "ID Number": "45084068"
  },
  {
    "ID Number": "2031205"
  },
  {
    "ID Number": "2022320"
  },
  {
    "ID Number": "13300474"
  },
  {
    "ID Number": "5141621"
  },
  {
    "ID Number": "2090830"
  },
  {
    "ID Number": "39914860"
  },
  {
    "ID Number": "39912027"
  },
  {
    "ID Number": "30956714"
  },
  {
    "ID Number": "2062666"
  },
  {
    "ID Number": "2071045"
  },
  {
    "ID Number": "2096374"
  },
  {
    "ID Number": "2082640"
  },
  {
    "ID Number": "2044161"
  },
  {
    "ID Number": "2071274"
  },
  {
    "ID Number": "39916820"
  },
  {
    "ID Number": "2025310"
  },
  {
    "ID Number": "39919994"
  },
  {
    "ID Number": "39916391"
  },
  {
    "ID Number": "30972728"
  },
  {
    "ID Number": "2031221"
  },
  {
    "ID Number": "2082578"
  },
  {
    "ID Number": "2041456"
  },
  {
    "ID Number": "39963357"
  },
  {
    "ID Number": "30979870"
  },
  {
    "ID Number": "30930685"
  },
  {
    "ID Number": "2025558"
  },
  {
    "ID Number": "39930904"
  },
  {
    "ID Number": "30928133"
  },
  {
    "ID Number": "39909948"
  },
  {
    "ID Number": "30939577"
  },
  {
    "ID Number": "30942063"
  },
  {
    "ID Number": "30965179"
  },
  {
    "ID Number": "39904105"
  },
  {
    "ID Number": "2021293"
  },
  {
    "ID Number": "2078074"
  },
  {
    "ID Number": "39911470"
  },
  {
    "ID Number": "30981565"
  },
  {
    "ID Number": "2020602"
  },
  {
    "ID Number": "2064871"
  },
  {
    "ID Number": "39932320"
  },
  {
    "ID Number": "39932338"
  },
  {
    "ID Number": "30900760"
  },
  {
    "ID Number": "39924963"
  },
  {
    "ID Number": "30937701"
  },
  {
    "ID Number": "30965829"
  },
  {
    "ID Number": "2058235"
  },
  {
    "ID Number": "39918602"
  },
  {
    "ID Number": "30923050"
  },
  {
    "ID Number": "30938236"
  },
  {
    "ID Number": "39965520"
  },
  {
    "ID Number": "2024055"
  },
  {
    "ID Number": "39935558"
  },
  {
    "ID Number": "2061538"
  },
  {
    "ID Number": "30928141"
  },
  {
    "ID Number": "30951151"
  },
  {
    "ID Number": "30943574"
  },
  {
    "ID Number": "39954552"
  },
  {
    "ID Number": "880515"
  },
  {
    "ID Number": "2036720"
  },
  {
    "ID Number": "30949394"
  },
  {
    "ID Number": "30901006"
  },
  {
    "ID Number": "2016010"
  },
  {
    "ID Number": "2019353"
  },
  {
    "ID Number": "30976740"
  },
  {
    "ID Number": "30926203"
  },
  {
    "ID Number": "2000300"
  },
  {
    "ID Number": "4900839"
  },
  {
    "ID Number": "30929423"
  },
  {
    "ID Number": "2020467"
  },
  {
    "ID Number": "2022087"
  },
  {
    "ID Number": "30972477"
  },
  {
    "ID Number": "39948390"
  },
  {
    "ID Number": "30946611"
  },
  {
    "ID Number": "30945216"
  },
  {
    "ID Number": "150110916"
  },
  {
    "ID Number": "30974984"
  },
  {
    "ID Number": "2033160"
  },
  {
    "ID Number": "2070588"
  },
  {
    "ID Number": "30978114"
  },
  {
    "ID Number": "2021838"
  },
  {
    "ID Number": "30949149"
  },
  {
    "ID Number": "30969026"
  },
  {
    "ID Number": "2000091"
  },
  {
    "ID Number": "39904903"
  },
  {
    "ID Number": "39961311"
  },
  {
    "ID Number": "39958302"
  },
  {
    "ID Number": "39922545"
  },
  {
    "ID Number": "39924394"
  },
  {
    "ID Number": "2099225"
  },
  {
    "ID Number": "39970639"
  },
  {
    "ID Number": "30917638"
  },
  {
    "ID Number": "2012359"
  },
  {
    "ID Number": "150093824"
  },
  {
    "ID Number": "30955106"
  },
  {
    "ID Number": "2011352"
  },
  {
    "ID Number": "39984885"
  },
  {
    "ID Number": "39970841"
  },
  {
    "ID Number": "39932117"
  },
  {
    "ID Number": "30991692"
  },
  {
    "ID Number": "2056372"
  },
  {
    "ID Number": "2084490"
  },
  {
    "ID Number": "2016893"
  },
  {
    "ID Number": "2082322"
  },
  {
    "ID Number": "39947289"
  },
  {
    "ID Number": "30908736"
  },
  {
    "ID Number": "30969980"
  },
  {
    "ID Number": "39918599"
  },
  {
    "ID Number": "2048280"
  },
  {
    "ID Number": "30974674"
  },
  {
    "ID Number": "2040239"
  },
  {
    "ID Number": "30951496"
  },
  {
    "ID Number": "3900622"
  },
  {
    "ID Number": "30962307"
  },
  {
    "ID Number": "30915651"
  },
  {
    "ID Number": "30946760"
  },
  {
    "ID Number": "2043858"
  },
  {
    "ID Number": "2024292"
  },
  {
    "ID Number": "30914116"
  },
  {
    "ID Number": "39900240"
  },
  {
    "ID Number": "2096439"
  },
  {
    "ID Number": "30926866"
  },
  {
    "ID Number": "30930537"
  },
  {
    "ID Number": "35064541"
  },
  {
    "ID Number": "30983266"
  },
  {
    "ID Number": "2070561"
  },
  {
    "ID Number": "2000644"
  },
  {
    "ID Number": "30921791"
  },
  {
    "ID Number": "39916839"
  },
  {
    "ID Number": "30949483"
  },
  {
    "ID Number": "2066149"
  },
  {
    "ID Number": "2096927"
  },
  {
    "ID Number": "30949467"
  },
  {
    "ID Number": "30932637"
  },
  {
    "ID Number": "30939909"
  },
  {
    "ID Number": "2000539"
  },
  {
    "ID Number": "30958326"
  },
  {
    "ID Number": "30920418"
  },
  {
    "ID Number": "30901847"
  },
  {
    "ID Number": "30905303"
  },
  {
    "ID Number": "2041758"
  },
  {
    "ID Number": "2038862"
  },
  {
    "ID Number": "2008947"
  },
  {
    "ID Number": "30903742"
  },
  {
    "ID Number": "2043700"
  },
  {
    "ID Number": "2086476"
  },
  {
    "ID Number": "39909239"
  },
  {
    "ID Number": "39943267"
  },
  {
    "ID Number": "2041570"
  },
  {
    "ID Number": "2073250"
  },
  {
    "ID Number": "30915627"
  },
  {
    "ID Number": "39948854"
  },
  {
    "ID Number": "30902827"
  },
  {
    "ID Number": "39947653"
  },
  {
    "ID Number": "2100835"
  },
  {
    "ID Number": "30944821"
  },
  {
    "ID Number": "3503739"
  },
  {
    "ID Number": "2031280"
  },
  {
    "ID Number": "2031299"
  },
  {
    "ID Number": "30945925"
  },
  {
    "ID Number": "30932521"
  },
  {
    "ID Number": "30980798"
  },
  {
    "ID Number": "30901480"
  },
  {
    "ID Number": "2052644"
  },
  {
    "ID Number": "2034948"
  },
  {
    "ID Number": "39912825"
  },
  {
    "ID Number": "2007029"
  },
  {
    "ID Number": "30963397"
  },
  {
    "ID Number": "30927153"
  },
  {
    "ID Number": "2082160"
  },
  {
    "ID Number": "2064421"
  },
  {
    "ID Number": "39916154"
  },
  {
    "ID Number": "39923959"
  },
  {
    "ID Number": "2094061"
  },
  {
    "ID Number": "39927814"
  },
  {
    "ID Number": "30905982"
  },
  {
    "ID Number": "30940524"
  },
  {
    "ID Number": "30923760"
  },
  {
    "ID Number": "39919498"
  },
  {
    "ID Number": "39917886"
  },
  {
    "ID Number": "30908167"
  },
  {
    "ID Number": "2020009"
  },
  {
    "ID Number": "30901995"
  },
  {
    "ID Number": "30909899"
  },
  {
    "ID Number": "2031337"
  },
  {
    "ID Number": "2050323"
  },
  {
    "ID Number": "2093626"
  },
  {
    "ID Number": "2064286"
  },
  {
    "ID Number": "3520498"
  },
  {
    "ID Number": "30969840"
  },
  {
    "ID Number": "2009765"
  },
  {
    "ID Number": "2018039"
  },
  {
    "ID Number": "39905497"
  },
  {
    "ID Number": "25006711"
  },
  {
    "ID Number": "39909620"
  },
  {
    "ID Number": "39942473"
  },
  {
    "ID Number": "39916162"
  },
  {
    "ID Number": "30908477"
  },
  {
    "ID Number": "39921476"
  },
  {
    "ID Number": "30922054"
  },
  {
    "ID Number": "30980810"
  },
  {
    "ID Number": "2077752"
  },
  {
    "ID Number": "2069342"
  },
  {
    "ID Number": "30984882"
  },
  {
    "ID Number": "30929652"
  },
  {
    "ID Number": "39919366"
  },
  {
    "ID Number": "30978548"
  },
  {
    "ID Number": "2094088"
  },
  {
    "ID Number": "30947154"
  },
  {
    "ID Number": "2098199"
  },
  {
    "ID Number": "30929121"
  },
  {
    "ID Number": "30938244"
  },
  {
    "ID Number": "30915139"
  },
  {
    "ID Number": "30940109"
  },
  {
    "ID Number": "2007606"
  },
  {
    "ID Number": "2002531"
  },
  {
    "ID Number": "2091984"
  },
  {
    "ID Number": "30978688"
  },
  {
    "ID Number": "39917614"
  },
  {
    "ID Number": "30962331"
  },
  {
    "ID Number": "2058286"
  },
  {
    "ID Number": "30962803"
  },
  {
    "ID Number": "39943259"
  },
  {
    "ID Number": "30976677"
  },
  {
    "ID Number": "30900654"
  },
  {
    "ID Number": "30996821"
  },
  {
    "ID Number": "39906337"
  },
  {
    "ID Number": "39980820"
  },
  {
    "ID Number": "2019094"
  },
  {
    "ID Number": "2000059"
  },
  {
    "ID Number": "2024012"
  },
  {
    "ID Number": "39903362"
  },
  {
    "ID Number": "30937825"
  },
  {
    "ID Number": "2027658"
  },
  {
    "ID Number": "2064022"
  },
  {
    "ID Number": "2026074"
  },
  {
    "ID Number": "30917344"
  },
  {
    "ID Number": "39908690"
  },
  {
    "ID Number": "2052636"
  },
  {
    "ID Number": "2024551"
  },
  {
    "ID Number": "2044447"
  },
  {
    "ID Number": "2005646"
  },
  {
    "ID Number": "2022010"
  },
  {
    "ID Number": "39932850"
  },
  {
    "ID Number": "39926141"
  },
  {
    "ID Number": "2080079"
  },
  {
    "ID Number": "2003236"
  },
  {
    "ID Number": "30963273"
  },
  {
    "ID Number": "30946581"
  },
  {
    "ID Number": "2006316"
  },
  {
    "ID Number": "39927237"
  },
  {
    "ID Number": "2024306"
  },
  {
    "ID Number": "2038641"
  },
  {
    "ID Number": "30969190"
  },
  {
    "ID Number": "3506690"
  },
  {
    "ID Number": "30946212"
  },
  {
    "ID Number": "2011700"
  },
  {
    "ID Number": "2039397"
  },
  {
    "ID Number": "2053020"
  },
  {
    "ID Number": "30964334"
  },
  {
    "ID Number": "2095793"
  },
  {
    "ID Number": "2089882"
  },
  {
    "ID Number": "39924939"
  },
  {
    "ID Number": "39954145"
  },
  {
    "ID Number": "2079607"
  },
  {
    "ID Number": "39973913"
  },
  {
    "ID Number": "39952975"
  },
  {
    "ID Number": "2079100"
  },
  {
    "ID Number": "39938727"
  },
  {
    "ID Number": "2063662"
  },
  {
    "ID Number": "30900212"
  },
  {
    "ID Number": "2022311"
  },
  {
    "ID Number": "2087553"
  },
  {
    "ID Number": "30902193"
  },
  {
    "ID Number": "30911605"
  },
  {
    "ID Number": "13909614"
  },
  {
    "ID Number": "2059541"
  },
  {
    "ID Number": "39967484"
  },
  {
    "ID Number": "30902894"
  },
  {
    "ID Number": "30937124"
  },
  {
    "ID Number": "30988330"
  },
  {
    "ID Number": "30972361"
  },
  {
    "ID Number": "30934354"
  },
  {
    "ID Number": "30955262"
  },
  {
    "ID Number": "30958679"
  },
  {
    "ID Number": "30929504"
  },
  {
    "ID Number": "30975972"
  },
  {
    "ID Number": "30927900"
  },
  {
    "ID Number": "30989256"
  },
  {
    "ID Number": "39967972"
  },
  {
    "ID Number": "2034999"
  },
  {
    "ID Number": "2077655"
  },
  {
    "ID Number": "39954412"
  },
  {
    "ID Number": "30965586"
  },
  {
    "ID Number": "30912792"
  },
  {
    "ID Number": "2000105"
  },
  {
    "ID Number": "30946921"
  },
  {
    "ID Number": "2074710"
  },
  {
    "ID Number": "30900166"
  },
  {
    "ID Number": "30920256"
  },
  {
    "ID Number": "2001179"
  },
  {
    "ID Number": "2017628"
  },
  {
    "ID Number": "39937291"
  },
  {
    "ID Number": "2043408"
  },
  {
    "ID Number": "30935075"
  },
  {
    "ID Number": "30961904"
  },
  {
    "ID Number": "2014734"
  },
  {
    "ID Number": "12500330"
  },
  {
    "ID Number": "39925242"
  },
  {
    "ID Number": "39914194"
  },
  {
    "ID Number": "30967902"
  },
  {
    "ID Number": "2097257"
  },
  {
    "ID Number": "30915554"
  },
  {
    "ID Number": "30921864"
  },
  {
    "ID Number": "39958639"
  },
  {
    "ID Number": "30965691"
  },
  {
    "ID Number": "30923174"
  },
  {
    "ID Number": "39949141"
  },
  {
    "ID Number": "30961874"
  },
  {
    "ID Number": "30946182"
  },
  {
    "ID Number": "30927200"
  },
  {
    "ID Number": "39924483"
  },
  {
    "ID Number": "2000075"
  },
  {
    "ID Number": "150096586"
  },
  {
    "ID Number": "3503240"
  },
  {
    "ID Number": "2090694"
  },
  {
    "ID Number": "2049023"
  },
  {
    "ID Number": "2060442"
  },
  {
    "ID Number": "2000709"
  },
  {
    "ID Number": "2021749"
  },
  {
    "ID Number": "30977380"
  },
  {
    "ID Number": "39919722"
  },
  {
    "ID Number": "2011220"
  },
  {
    "ID Number": "30942128"
  },
  {
    "ID Number": "39920119"
  },
  {
    "ID Number": "30907551"
  },
  {
    "ID Number": "39919706"
  },
  {
    "ID Number": "39924297"
  },
  {
    "ID Number": "39946045"
  },
  {
    "ID Number": "2053730"
  },
  {
    "ID Number": "30946379"
  },
  {
    "ID Number": "2053691"
  },
  {
    "ID Number": "2019663"
  },
  {
    "ID Number": "2001837"
  },
  {
    "ID Number": "39932222"
  },
  {
    "ID Number": "2091046"
  },
  {
    "ID Number": "2075300"
  },
  {
    "ID Number": "2045168"
  },
  {
    "ID Number": "30951470"
  },
  {
    "ID Number": "2001993"
  },
  {
    "ID Number": "2000660"
  },
  {
    "ID Number": "2087154"
  },
  {
    "ID Number": "4500016"
  },
  {
    "ID Number": "2011530"
  },
  {
    "ID Number": "2098750"
  },
  {
    "ID Number": "30919886"
  },
  {
    "ID Number": "39927512"
  },
  {
    "ID Number": "39985547"
  },
  {
    "ID Number": "30931622"
  },
  {
    "ID Number": "2083957"
  },
  {
    "ID Number": "39980871"
  },
  {
    "ID Number": "2027143"
  },
  {
    "ID Number": "2096323"
  },
  {
    "ID Number": "2011778"
  },
  {
    "ID Number": "30901626"
  },
  {
    "ID Number": "30901642"
  },
  {
    "ID Number": "2805642"
  },
  {
    "ID Number": "39910806"
  },
  {
    "ID Number": "2045486"
  },
  {
    "ID Number": "30921066"
  },
  {
    "ID Number": "2018616"
  },
  {
    "ID Number": "2014815"
  },
  {
    "ID Number": "39915697"
  },
  {
    "ID Number": "30963818"
  },
  {
    "ID Number": "2061880"
  },
  {
    "ID Number": "2055112"
  },
  {
    "ID Number": "2031531"
  },
  {
    "ID Number": "2094401"
  },
  {
    "ID Number": "10600507"
  },
  {
    "ID Number": "30987466"
  },
  {
    "ID Number": "30995868"
  },
  {
    "ID Number": "2024608"
  },
  {
    "ID Number": "39968340"
  },
  {
    "ID Number": "30980895"
  },
  {
    "ID Number": "39981657"
  },
  {
    "ID Number": "2015390"
  },
  {
    "ID Number": "2017644"
  },
  {
    "ID Number": "2016079"
  },
  {
    "ID Number": "30933986"
  },
  {
    "ID Number": "2052717"
  },
  {
    "ID Number": "2091542"
  },
  {
    "ID Number": "30950961"
  },
  {
    "ID Number": "39974340"
  },
  {
    "ID Number": "2000377"
  },
  {
    "ID Number": "2055783"
  },
  {
    "ID Number": "2009889"
  },
  {
    "ID Number": "30927790"
  },
  {
    "ID Number": "2083353"
  },
  {
    "ID Number": "30934230"
  },
  {
    "ID Number": "30933994"
  },
  {
    "ID Number": "2012693"
  },
  {
    "ID Number": "1212915"
  },
  {
    "ID Number": "2092050"
  },
  {
    "ID Number": "30937647"
  },
  {
    "ID Number": "2061996"
  },
  {
    "ID Number": "2027755"
  },
  {
    "ID Number": "2097192"
  },
  {
    "ID Number": "2027151"
  },
  {
    "ID Number": "2047357"
  },
  {
    "ID Number": "30984270"
  },
  {
    "ID Number": "1102958"
  },
  {
    "ID Number": "39950280"
  },
  {
    "ID Number": "39943550"
  },
  {
    "ID Number": "2020017"
  },
  {
    "ID Number": "2087863"
  },
  {
    "ID Number": "39938077"
  },
  {
    "ID Number": "30998565"
  },
  {
    "ID Number": "2052008"
  },
  {
    "ID Number": "2081962"
  },
  {
    "ID Number": "39932737"
  },
  {
    "ID Number": "30998522"
  },
  {
    "ID Number": "39968430"
  },
  {
    "ID Number": "2067684"
  },
  {
    "ID Number": "39907007"
  },
  {
    "ID Number": "30990629"
  },
  {
    "ID Number": "30974801"
  },
  {
    "ID Number": "39922618"
  },
  {
    "ID Number": "30996546"
  },
  {
    "ID Number": "2067250"
  },
  {
    "ID Number": "13311980"
  },
  {
    "ID Number": "13311972"
  },
  {
    "ID Number": "30995965"
  },
  {
    "ID Number": "2036495"
  },
  {
    "ID Number": "30966892"
  },
  {
    "ID Number": "30917883"
  },
  {
    "ID Number": "30939305"
  },
  {
    "ID Number": "30998158"
  },
  {
    "ID Number": "30956994"
  },
  {
    "ID Number": "2006944"
  },
  {
    "ID Number": "39916057"
  },
  {
    "ID Number": "2028743"
  },
  {
    "ID Number": "2027160"
  },
  {
    "ID Number": "2026287"
  },
  {
    "ID Number": "2089971"
  },
  {
    "ID Number": "2041650"
  },
  {
    "ID Number": "30989361"
  },
  {
    "ID Number": "2091216"
  },
  {
    "ID Number": "2002019"
  },
  {
    "ID Number": "2059169"
  },
  {
    "ID Number": "30949190"
  },
  {
    "ID Number": "30937540"
  },
  {
    "ID Number": "2040646"
  },
  {
    "ID Number": "30996465"
  },
  {
    "ID Number": "30951747"
  },
  {
    "ID Number": "30947200"
  },
  {
    "ID Number": "2031620"
  },
  {
    "ID Number": "13601105"
  },
  {
    "ID Number": "2014904"
  },
  {
    "ID Number": "39909018"
  },
  {
    "ID Number": "39902064"
  },
  {
    "ID Number": "39940535"
  },
  {
    "ID Number": "2091666"
  },
  {
    "ID Number": "2072505"
  },
  {
    "ID Number": "2072211"
  },
  {
    "ID Number": "30994098"
  },
  {
    "ID Number": "30922224"
  },
  {
    "ID Number": "2087090"
  },
  {
    "ID Number": "2096609"
  },
  {
    "ID Number": "30914469"
  },
  {
    "ID Number": "2002280"
  },
  {
    "ID Number": "2018969"
  },
  {
    "ID Number": "30968666"
  },
  {
    "ID Number": "2017865"
  },
  {
    "ID Number": "30911494"
  },
  {
    "ID Number": "2046318"
  },
  {
    "ID Number": "2067552"
  },
  {
    "ID Number": "2014718"
  },
  {
    "ID Number": "2063476"
  },
  {
    "ID Number": "30964725"
  },
  {
    "ID Number": "30993423"
  },
  {
    "ID Number": "30941709"
  },
  {
    "ID Number": "30998832"
  },
  {
    "ID Number": "30998387"
  },
  {
    "ID Number": "2024764"
  },
  {
    "ID Number": "2000040"
  },
  {
    "ID Number": "39935671"
  },
  {
    "ID Number": "6363636"
  },
  {
    "ID Number": "39930947"
  },
  {
    "ID Number": "30993890"
  },
  {
    "ID Number": "30947421"
  },
  {
    "ID Number": "30984939"
  },
  {
    "ID Number": "30976359"
  },
  {
    "ID Number": "39938093"
  },
  {
    "ID Number": "39948641"
  },
  {
    "ID Number": "6004172"
  },
  {
    "ID Number": "45041490"
  },
  {
    "ID Number": "39938891"
  },
  {
    "ID Number": "2044676"
  },
  {
    "ID Number": "2000407"
  },
  {
    "ID Number": "2000628"
  },
  {
    "ID Number": "30964296"
  },
  {
    "ID Number": "39946010"
  },
  {
    "ID Number": "30903734"
  },
  {
    "ID Number": "30949220"
  },
  {
    "ID Number": "39902234"
  },
  {
    "ID Number": "13310860"
  },
  {
    "ID Number": "2062186"
  },
  {
    "ID Number": "39913627"
  },
  {
    "ID Number": "39946355"
  },
  {
    "ID Number": "2035421"
  },
  {
    "ID Number": "30910242"
  },
  {
    "ID Number": "30951054"
  },
  {
    "ID Number": "30975204"
  },
  {
    "ID Number": "30956560"
  },
  {
    "ID Number": "30997232"
  },
  {
    "ID Number": "30941849"
  },
  {
    "ID Number": "39950468"
  },
  {
    "ID Number": "39962261"
  },
  {
    "ID Number": "39958914"
  },
  {
    "ID Number": "30958130"
  },
  {
    "ID Number": "39943666"
  },
  {
    "ID Number": "2030772"
  },
  {
    "ID Number": "2031663"
  },
  {
    "ID Number": "2024900"
  },
  {
    "ID Number": "2059975"
  },
  {
    "ID Number": "39926664"
  },
  {
    "ID Number": "39933067"
  },
  {
    "ID Number": "39902030"
  },
  {
    "ID Number": "30983517"
  },
  {
    "ID Number": "2084570"
  },
  {
    "ID Number": "2087235"
  },
  {
    "ID Number": "30951348"
  },
  {
    "ID Number": "39925188"
  },
  {
    "ID Number": "39939251"
  },
  {
    "ID Number": "2078732"
  },
  {
    "ID Number": "30937965"
  },
  {
    "ID Number": "39914240"
  },
  {
    "ID Number": "2047411"
  },
  {
    "ID Number": "2028441"
  },
  {
    "ID Number": "2044102"
  },
  {
    "ID Number": "39970280"
  },
  {
    "ID Number": "30912245"
  },
  {
    "ID Number": "2081679"
  },
  {
    "ID Number": "39920240"
  },
  {
    "ID Number": "2000318"
  },
  {
    "ID Number": "2028964"
  },
  {
    "ID Number": "30935016"
  },
  {
    "ID Number": "2022745"
  },
  {
    "ID Number": "2067331"
  },
  {
    "ID Number": "30972205"
  },
  {
    "ID Number": "2022036"
  },
  {
    "ID Number": "2099195"
  },
  {
    "ID Number": "45053936"
  },
  {
    "ID Number": "2083515"
  },
  {
    "ID Number": "30911290"
  },
  {
    "ID Number": "2062674"
  },
  {
    "ID Number": "39955990"
  },
  {
    "ID Number": "2047420"
  },
  {
    "ID Number": "30960487"
  },
  {
    "ID Number": "30965292"
  },
  {
    "ID Number": "30964610"
  },
  {
    "ID Number": "2073110"
  },
  {
    "ID Number": "2027550"
  },
  {
    "ID Number": "2042118"
  },
  {
    "ID Number": "30964644"
  },
  {
    "ID Number": "2001470"
  },
  {
    "ID Number": "2031752"
  },
  {
    "ID Number": "2034387"
  },
  {
    "ID Number": "30988446"
  },
  {
    "ID Number": "2099438"
  },
  {
    "ID Number": "39934632"
  },
  {
    "ID Number": "39920445"
  },
  {
    "ID Number": "39920690"
  },
  {
    "ID Number": "39917959"
  },
  {
    "ID Number": "2020734"
  },
  {
    "ID Number": "2097400"
  },
  {
    "ID Number": "2030047"
  },
  {
    "ID Number": "30901014"
  },
  {
    "ID Number": "30968739"
  },
  {
    "ID Number": "2020696"
  },
  {
    "ID Number": "30953600"
  },
  {
    "ID Number": "30953561"
  },
  {
    "ID Number": "39909930"
  },
  {
    "ID Number": "2011875"
  },
  {
    "ID Number": "30950511"
  },
  {
    "ID Number": "24221333"
  },
  {
    "ID Number": "2090848"
  },
  {
    "ID Number": "2006065"
  },
  {
    "ID Number": "2021030"
  },
  {
    "ID Number": "30909090"
  },
  {
    "ID Number": "30947030"
  },
  {
    "ID Number": "30931126"
  },
  {
    "ID Number": "39950093"
  },
  {
    "ID Number": "2063247"
  },
  {
    "ID Number": "2031809"
  },
  {
    "ID Number": "2019744"
  },
  {
    "ID Number": "2071444"
  },
  {
    "ID Number": "2017415"
  },
  {
    "ID Number": "39956881"
  },
  {
    "ID Number": "2031825"
  },
  {
    "ID Number": "2046164"
  },
  {
    "ID Number": "2050838"
  },
  {
    "ID Number": "13601733"
  },
  {
    "ID Number": "2095564"
  },
  {
    "ID Number": "2019833"
  },
  {
    "ID Number": "39941825"
  },
  {
    "ID Number": "30922747"
  },
  {
    "ID Number": "39926818"
  },
  {
    "ID Number": "2004437"
  },
  {
    "ID Number": "30900603"
  },
  {
    "ID Number": "2089912"
  },
  {
    "ID Number": "30901561"
  },
  {
    "ID Number": "39921450"
  },
  {
    "ID Number": "39935639"
  },
  {
    "ID Number": "39912116"
  },
  {
    "ID Number": "39912108"
  },
  {
    "ID Number": "39963667"
  },
  {
    "ID Number": "39902218"
  },
  {
    "ID Number": "25093436"
  },
  {
    "ID Number": "30979536"
  },
  {
    "ID Number": "30996040"
  },
  {
    "ID Number": "39915115"
  },
  {
    "ID Number": "2029081"
  },
  {
    "ID Number": "39934969"
  },
  {
    "ID Number": "55627994"
  },
  {
    "ID Number": "30957001"
  },
  {
    "ID Number": "39980723"
  },
  {
    "ID Number": "2000601"
  },
  {
    "ID Number": "5026520"
  },
  {
    "ID Number": "39902790"
  },
  {
    "ID Number": "30912644"
  },
  {
    "ID Number": "30901782"
  },
  {
    "ID Number": "39918890"
  },
  {
    "ID Number": "2035952"
  },
  {
    "ID Number": "39916120"
  },
  {
    "ID Number": "39961672"
  },
  {
    "ID Number": "30953510"
  },
  {
    "ID Number": "39905900"
  },
  {
    "ID Number": "30915511"
  },
  {
    "ID Number": "39938050"
  },
  {
    "ID Number": "30984076"
  },
  {
    "ID Number": "30923930"
  },
  {
    "ID Number": "30949122"
  },
  {
    "ID Number": "2048078"
  },
  {
    "ID Number": "39920933"
  },
  {
    "ID Number": "39932915"
  },
  {
    "ID Number": "39900100"
  },
  {
    "ID Number": "2095912"
  },
  {
    "ID Number": "2015269"
  },
  {
    "ID Number": "39946568"
  },
  {
    "ID Number": "429069874"
  },
  {
    "ID Number": "2075423"
  },
  {
    "ID Number": "39911896"
  },
  {
    "ID Number": "30900727"
  },
  {
    "ID Number": "2027259"
  },
  {
    "ID Number": "2022346"
  },
  {
    "ID Number": "2035898"
  },
  {
    "ID Number": "2094150"
  },
  {
    "ID Number": "39958817"
  },
  {
    "ID Number": "30946816"
  },
  {
    "ID Number": "2007355"
  },
  {
    "ID Number": "39942996"
  },
  {
    "ID Number": "39911527"
  },
  {
    "ID Number": "2007630"
  },
  {
    "ID Number": "39907503"
  },
  {
    "ID Number": "39973492"
  },
  {
    "ID Number": "39952800"
  },
  {
    "ID Number": "2092514"
  },
  {
    "ID Number": "2019817"
  },
  {
    "ID Number": "39910130"
  },
  {
    "ID Number": "2024985"
  },
  {
    "ID Number": "30965799"
  },
  {
    "ID Number": "2040603"
  },
  {
    "ID Number": "150109970"
  },
  {
    "ID Number": "2022753"
  },
  {
    "ID Number": "2025337"
  },
  {
    "ID Number": "2042339"
  },
  {
    "ID Number": "39935663"
  },
  {
    "ID Number": "2042282"
  },
  {
    "ID Number": "2085720"
  },
  {
    "ID Number": "39985792"
  },
  {
    "ID Number": "39911420"
  },
  {
    "ID Number": "30946050"
  },
  {
    "ID Number": "30970067"
  },
  {
    "ID Number": "30990467"
  },
  {
    "ID Number": "30935962"
  },
  {
    "ID Number": "30981034"
  },
  {
    "ID Number": "2039796"
  },
  {
    "ID Number": "30932467"
  },
  {
    "ID Number": "30913411"
  },
  {
    "ID Number": "39948803"
  },
  {
    "ID Number": "39933997"
  },
  {
    "ID Number": "2026384"
  },
  {
    "ID Number": "2046512"
  },
  {
    "ID Number": "2025426"
  },
  {
    "ID Number": "2038439"
  },
  {
    "ID Number": "2064170"
  },
  {
    "ID Number": "410667"
  },
  {
    "ID Number": "39922529"
  },
  {
    "ID Number": "13300512"
  },
  {
    "ID Number": "30901596"
  },
  {
    "ID Number": "30915996"
  },
  {
    "ID Number": "35096966"
  },
  {
    "ID Number": "35096974"
  },
  {
    "ID Number": "39922251"
  },
  {
    "ID Number": "39922243"
  },
  {
    "ID Number": "30901510"
  },
  {
    "ID Number": "39938549"
  },
  {
    "ID Number": "12543640"
  },
  {
    "ID Number": "39951502"
  },
  {
    "ID Number": "30973856"
  },
  {
    "ID Number": "39950212"
  },
  {
    "ID Number": "2063620"
  },
  {
    "ID Number": "39955737"
  },
  {
    "ID Number": "39982130"
  },
  {
    "ID Number": "39947033"
  },
  {
    "ID Number": "39903257"
  },
  {
    "ID Number": "2022702"
  },
  {
    "ID Number": "2068990"
  },
  {
    "ID Number": "39907694"
  },
  {
    "ID Number": "2083981"
  },
  {
    "ID Number": "30978467"
  },
  {
    "ID Number": "16278640"
  },
  {
    "ID Number": "30957605"
  },
  {
    "ID Number": "39988759"
  },
  {
    "ID Number": "2068834"
  },
  {
    "ID Number": "2065940"
  },
  {
    "ID Number": "30965764"
  },
  {
    "ID Number": "30926270"
  },
  {
    "ID Number": "2078457"
  },
  {
    "ID Number": "2064189"
  },
  {
    "ID Number": "30907985"
  },
  {
    "ID Number": "2038676"
  },
  {
    "ID Number": "39950247"
  },
  {
    "ID Number": "30960770"
  },
  {
    "ID Number": "39915913"
  },
  {
    "ID Number": "39935574"
  },
  {
    "ID Number": "30982740"
  },
  {
    "ID Number": "30990440"
  },
  {
    "ID Number": "39912175"
  },
  {
    "ID Number": "39911861"
  },
  {
    "ID Number": "30920302"
  },
  {
    "ID Number": "2098288"
  },
  {
    "ID Number": "30993440"
  },
  {
    "ID Number": "2074869"
  },
  {
    "ID Number": "39943089"
  },
  {
    "ID Number": "2096412"
  },
  {
    "ID Number": "2044234"
  },
  {
    "ID Number": "39911900"
  },
  {
    "ID Number": "39969053"
  },
  {
    "ID Number": "30918510"
  },
  {
    "ID Number": "30939887"
  },
  {
    "ID Number": "30947227"
  },
  {
    "ID Number": "39912876"
  },
  {
    "ID Number": "30975662"
  },
  {
    "ID Number": "30910609"
  },
  {
    "ID Number": "30969115"
  },
  {
    "ID Number": "39970175"
  },
  {
    "ID Number": "30996678"
  },
  {
    "ID Number": "30996686"
  },
  {
    "ID Number": "2012782"
  },
  {
    "ID Number": "2012235"
  },
  {
    "ID Number": "39935590"
  },
  {
    "ID Number": "30907942"
  },
  {
    "ID Number": "30901790"
  },
  {
    "ID Number": "2058871"
  },
  {
    "ID Number": "39932265"
  },
  {
    "ID Number": "30949971"
  },
  {
    "ID Number": "30904730"
  },
  {
    "ID Number": "150032918"
  },
  {
    "ID Number": "150271050"
  },
  {
    "ID Number": "30998395"
  },
  {
    "ID Number": "30926580"
  },
  {
    "ID Number": "39949567"
  },
  {
    "ID Number": "30915716"
  },
  {
    "ID Number": "2008351"
  },
  {
    "ID Number": "2080273"
  },
  {
    "ID Number": "30951623"
  },
  {
    "ID Number": "30908647"
  },
  {
    "ID Number": "2008076"
  },
  {
    "ID Number": "4400216"
  },
  {
    "ID Number": "30944104"
  },
  {
    "ID Number": "30918855"
  },
  {
    "ID Number": "30942799"
  },
  {
    "ID Number": "30942780"
  },
  {
    "ID Number": "39966690"
  },
  {
    "ID Number": "2082128"
  },
  {
    "ID Number": "30926599"
  },
  {
    "ID Number": "75003732"
  },
  {
    "ID Number": "2003350"
  },
  {
    "ID Number": "2020742"
  },
  {
    "ID Number": "30902916"
  },
  {
    "ID Number": "2006960"
  },
  {
    "ID Number": "30966485"
  },
  {
    "ID Number": "2077990"
  },
  {
    "ID Number": "2061384"
  },
  {
    "ID Number": "2076926"
  },
  {
    "ID Number": "30954592"
  },
  {
    "ID Number": "30972396"
  },
  {
    "ID Number": "39946436"
  },
  {
    "ID Number": "2092611"
  },
  {
    "ID Number": "30924570"
  },
  {
    "ID Number": "30941822"
  },
  {
    "ID Number": "2017180"
  },
  {
    "ID Number": "30916160"
  },
  {
    "ID Number": "30939011"
  },
  {
    "ID Number": "39918947"
  },
  {
    "ID Number": "39914852"
  },
  {
    "ID Number": "39917088"
  },
  {
    "ID Number": "30941830"
  },
  {
    "ID Number": "2029618"
  },
  {
    "ID Number": "39927865"
  },
  {
    "ID Number": "30939194"
  },
  {
    "ID Number": "30901324"
  },
  {
    "ID Number": "2021285"
  },
  {
    "ID Number": "39902943"
  },
  {
    "ID Number": "30996457"
  },
  {
    "ID Number": "2032082"
  },
  {
    "ID Number": "2006898"
  },
  {
    "ID Number": "30940680"
  },
  {
    "ID Number": "30987148"
  },
  {
    "ID Number": "2011611"
  },
  {
    "ID Number": "39911047"
  },
  {
    "ID Number": "2072742"
  },
  {
    "ID Number": "39924343"
  },
  {
    "ID Number": "39917487"
  },
  {
    "ID Number": "30930952"
  },
  {
    "ID Number": "39914135"
  },
  {
    "ID Number": "30993407"
  },
  {
    "ID Number": "30905443"
  },
  {
    "ID Number": "30958415"
  },
  {
    "ID Number": "30939941"
  },
  {
    "ID Number": "2090678"
  },
  {
    "ID Number": "39924351"
  },
  {
    "ID Number": "39956423"
  },
  {
    "ID Number": "30909058"
  },
  {
    "ID Number": "39918793"
  },
  {
    "ID Number": "30988667"
  },
  {
    "ID Number": "2061074"
  },
  {
    "ID Number": "30913578"
  },
  {
    "ID Number": "2056437"
  },
  {
    "ID Number": "39900479"
  },
  {
    "ID Number": "30971101"
  },
  {
    "ID Number": "30940303"
  },
  {
    "ID Number": "39946746"
  },
  {
    "ID Number": "39942538"
  },
  {
    "ID Number": "39915255"
  },
  {
    "ID Number": "2036037"
  },
  {
    "ID Number": "66202256"
  },
  {
    "ID Number": "30987121"
  },
  {
    "ID Number": "2046342"
  },
  {
    "ID Number": "30969530"
  },
  {
    "ID Number": "30983118"
  },
  {
    "ID Number": "2043874"
  },
  {
    "ID Number": "39956342"
  },
  {
    "ID Number": "30926432"
  },
  {
    "ID Number": "39938760"
  },
  {
    "ID Number": "30982766"
  },
  {
    "ID Number": "30940249"
  },
  {
    "ID Number": "30965780"
  },
  {
    "ID Number": "30932726"
  },
  {
    "ID Number": "30906989"
  },
  {
    "ID Number": "2046881"
  },
  {
    "ID Number": "39953092"
  },
  {
    "ID Number": "2099241"
  },
  {
    "ID Number": "30945615"
  },
  {
    "ID Number": "14171457"
  },
  {
    "ID Number": "2091712"
  },
  {
    "ID Number": "30944007"
  },
  {
    "ID Number": "30941539"
  },
  {
    "ID Number": "2028662"
  },
  {
    "ID Number": "39943674"
  },
  {
    "ID Number": "2005557"
  },
  {
    "ID Number": "2096242"
  },
  {
    "ID Number": "39976246"
  },
  {
    "ID Number": "30985773"
  },
  {
    "ID Number": "30916178"
  },
  {
    "ID Number": "2048213"
  },
  {
    "ID Number": "30981158"
  },
  {
    "ID Number": "2019779"
  },
  {
    "ID Number": "39906957"
  },
  {
    "ID Number": "39920704"
  },
  {
    "ID Number": "2014505"
  },
  {
    "ID Number": "2017431"
  },
  {
    "ID Number": "39922448"
  },
  {
    "ID Number": "30998891"
  },
  {
    "ID Number": "2083604"
  },
  {
    "ID Number": "30934222"
  },
  {
    "ID Number": "39980502"
  },
  {
    "ID Number": "2090767"
  },
  {
    "ID Number": "30939780"
  },
  {
    "ID Number": "30958342"
  },
  {
    "ID Number": "2025493"
  },
  {
    "ID Number": "2043483"
  },
  {
    "ID Number": "39938492"
  },
  {
    "ID Number": "2009986"
  },
  {
    "ID Number": "30946557"
  },
  {
    "ID Number": "39938867"
  },
  {
    "ID Number": "39920534"
  },
  {
    "ID Number": "4162170"
  },
  {
    "ID Number": "39909344"
  },
  {
    "ID Number": "2021315"
  },
  {
    "ID Number": "2097168"
  },
  {
    "ID Number": "2039710"
  },
  {
    "ID Number": "39911845"
  },
  {
    "ID Number": "2007177"
  },
  {
    "ID Number": "2022850"
  },
  {
    "ID Number": "30902002"
  },
  {
    "ID Number": "24105325"
  },
  {
    "ID Number": "34171158"
  },
  {
    "ID Number": "39981223"
  },
  {
    "ID Number": "30994977"
  },
  {
    "ID Number": "30940966"
  },
  {
    "ID Number": "30974518"
  },
  {
    "ID Number": "2085070"
  },
  {
    "ID Number": "30963036"
  },
  {
    "ID Number": "39952428"
  },
  {
    "ID Number": "39947530"
  },
  {
    "ID Number": "39973930"
  },
  {
    "ID Number": "30979528"
  },
  {
    "ID Number": "30930871"
  },
  {
    "ID Number": "39920712"
  },
  {
    "ID Number": "30920051"
  },
  {
    "ID Number": "39959724"
  },
  {
    "ID Number": "2017954"
  },
  {
    "ID Number": "30964300"
  },
  {
    "ID Number": "2096595"
  },
  {
    "ID Number": "30962439"
  },
  {
    "ID Number": "2005484"
  },
  {
    "ID Number": "2075890"
  },
  {
    "ID Number": "2069113"
  },
  {
    "ID Number": "39963217"
  },
  {
    "ID Number": "2040743"
  },
  {
    "ID Number": "30964784"
  },
  {
    "ID Number": "39905365"
  },
  {
    "ID Number": "30975166"
  },
  {
    "ID Number": "2039770"
  },
  {
    "ID Number": "2082195"
  },
  {
    "ID Number": "39907350"
  },
  {
    "ID Number": "2083752"
  },
  {
    "ID Number": "39908542"
  },
  {
    "ID Number": "39920631"
  },
  {
    "ID Number": "2035790"
  },
  {
    "ID Number": "30914523"
  },
  {
    "ID Number": "170273060"
  },
  {
    "ID Number": "30955602"
  },
  {
    "ID Number": "2097443"
  },
  {
    "ID Number": "30957044"
  },
  {
    "ID Number": "30990840"
  },
  {
    "ID Number": "39922332"
  },
  {
    "ID Number": "39922367"
  },
  {
    "ID Number": "2051400"
  },
  {
    "ID Number": "30993482"
  },
  {
    "ID Number": "2058596"
  },
  {
    "ID Number": "2000342"
  },
  {
    "ID Number": "30948355"
  },
  {
    "ID Number": "2021714"
  },
  {
    "ID Number": "30901529"
  },
  {
    "ID Number": "2008750"
  },
  {
    "ID Number": "2041243"
  },
  {
    "ID Number": "2032252"
  },
  {
    "ID Number": "39951642"
  },
  {
    "ID Number": "2035820"
  },
  {
    "ID Number": "30961157"
  },
  {
    "ID Number": "39956679"
  },
  {
    "ID Number": "2022613"
  },
  {
    "ID Number": "39974332"
  },
  {
    "ID Number": "2061945"
  },
  {
    "ID Number": "2017482"
  },
  {
    "ID Number": "30950180"
  },
  {
    "ID Number": "2067641"
  },
  {
    "ID Number": "39900797"
  },
  {
    "ID Number": "2018551"
  },
  {
    "ID Number": "2044765"
  },
  {
    "ID Number": "2023229"
  },
  {
    "ID Number": "39977706"
  },
  {
    "ID Number": "30925835"
  },
  {
    "ID Number": "39955702"
  },
  {
    "ID Number": "30925827"
  },
  {
    "ID Number": "30969956"
  },
  {
    "ID Number": "2036851"
  },
  {
    "ID Number": "2046830"
  },
  {
    "ID Number": "30923905"
  },
  {
    "ID Number": "30997690"
  },
  {
    "ID Number": "30951755"
  },
  {
    "ID Number": "30995540"
  },
  {
    "ID Number": "39935116"
  },
  {
    "ID Number": "30920019"
  },
  {
    "ID Number": "39928110"
  },
  {
    "ID Number": "2084147"
  },
  {
    "ID Number": "2073102"
  },
  {
    "ID Number": "30932599"
  },
  {
    "ID Number": "2055120"
  },
  {
    "ID Number": "39978249"
  },
  {
    "ID Number": "30960592"
  },
  {
    "ID Number": "30904340"
  },
  {
    "ID Number": "30952646"
  },
  {
    "ID Number": "30927277"
  },
  {
    "ID Number": "2021722"
  },
  {
    "ID Number": "2079445"
  },
  {
    "ID Number": "2009650"
  },
  {
    "ID Number": "2870334"
  },
  {
    "ID Number": "30997488"
  },
  {
    "ID Number": "30961300"
  },
  {
    "ID Number": "30970610"
  },
  {
    "ID Number": "30930529"
  },
  {
    "ID Number": "30981190"
  },
  {
    "ID Number": "30989531"
  },
  {
    "ID Number": "12501255"
  },
  {
    "ID Number": "3501140"
  },
  {
    "ID Number": "30902282"
  },
  {
    "ID Number": "2024357"
  },
  {
    "ID Number": "30933218"
  },
  {
    "ID Number": "30922615"
  },
  {
    "ID Number": "30937558"
  },
  {
    "ID Number": "39969134"
  },
  {
    "ID Number": "2021650"
  },
  {
    "ID Number": "30987490"
  },
  {
    "ID Number": "2003546"
  },
  {
    "ID Number": "39911780"
  },
  {
    "ID Number": "30985862"
  },
  {
    "ID Number": "30939836"
  },
  {
    "ID Number": "39925277"
  },
  {
    "ID Number": "2046377"
  },
  {
    "ID Number": "2020807"
  },
  {
    "ID Number": "39956016"
  },
  {
    "ID Number": "2071452"
  },
  {
    "ID Number": "39921034"
  },
  {
    "ID Number": "30961580"
  },
  {
    "ID Number": "2009072"
  },
  {
    "ID Number": "39900649"
  },
  {
    "ID Number": "39950336"
  },
  {
    "ID Number": "30908906"
  },
  {
    "ID Number": "2013401"
  },
  {
    "ID Number": "30994020"
  },
  {
    "ID Number": "2016990"
  },
  {
    "ID Number": "30983150"
  },
  {
    "ID Number": "30987261"
  },
  {
    "ID Number": "30977053"
  },
  {
    "ID Number": "2041715"
  },
  {
    "ID Number": "39926419"
  },
  {
    "ID Number": "129063880"
  },
  {
    "ID Number": "2082918"
  },
  {
    "ID Number": "2093197"
  },
  {
    "ID Number": "30903920"
  },
  {
    "ID Number": "2016192"
  },
  {
    "ID Number": "39978214"
  },
  {
    "ID Number": "39900401"
  },
  {
    "ID Number": "2079585"
  },
  {
    "ID Number": "2026961"
  },
  {
    "ID Number": "2053187"
  },
  {
    "ID Number": "30941946"
  },
  {
    "ID Number": "30943612"
  },
  {
    "ID Number": "30915589"
  },
  {
    "ID Number": "2012332"
  },
  {
    "ID Number": "30957079"
  },
  {
    "ID Number": "39911446"
  },
  {
    "ID Number": "39911438"
  },
  {
    "ID Number": "30977240"
  },
  {
    "ID Number": "2075180"
  },
  {
    "ID Number": "2041910"
  },
  {
    "ID Number": "2089300"
  },
  {
    "ID Number": "30928648"
  },
  {
    "ID Number": "39930955"
  },
  {
    "ID Number": "39908470"
  },
  {
    "ID Number": "322750"
  },
  {
    "ID Number": "30989973"
  },
  {
    "ID Number": "30955416"
  },
  {
    "ID Number": "2035715"
  },
  {
    "ID Number": "2008491"
  },
  {
    "ID Number": "2006464"
  },
  {
    "ID Number": "39967093"
  },
  {
    "ID Number": "2039273"
  },
  {
    "ID Number": "2093596"
  },
  {
    "ID Number": "30902177"
  },
  {
    "ID Number": "39955745"
  },
  {
    "ID Number": "30993571"
  },
  {
    "ID Number": "2082462"
  },
  {
    "ID Number": "30954827"
  },
  {
    "ID Number": "2024799"
  },
  {
    "ID Number": "2077779"
  },
  {
    "ID Number": "30940850"
  },
  {
    "ID Number": "2033771"
  },
  {
    "ID Number": "30908590"
  },
  {
    "ID Number": "2071584"
  },
  {
    "ID Number": "30965667"
  },
  {
    "ID Number": "2059487"
  },
  {
    "ID Number": "39909352"
  },
  {
    "ID Number": "39937364"
  },
  {
    "ID Number": "30919975"
  },
  {
    "ID Number": "2017040"
  },
  {
    "ID Number": "30977100"
  },
  {
    "ID Number": "2080893"
  },
  {
    "ID Number": "14101025"
  },
  {
    "ID Number": "2095386"
  },
  {
    "ID Number": "24125890"
  },
  {
    "ID Number": "2034239"
  },
  {
    "ID Number": "30999057"
  },
  {
    "ID Number": "2068460"
  },
  {
    "ID Number": "2025523"
  },
  {
    "ID Number": "30991960"
  },
  {
    "ID Number": "30965772"
  },
  {
    "ID Number": "39948650"
  },
  {
    "ID Number": "13603620"
  },
  {
    "ID Number": "2098091"
  },
  {
    "ID Number": "39913856"
  },
  {
    "ID Number": "39901068"
  },
  {
    "ID Number": "39927580"
  },
  {
    "ID Number": "30957320"
  },
  {
    "ID Number": "39938085"
  },
  {
    "ID Number": "2060523"
  },
  {
    "ID Number": "30981239"
  },
  {
    "ID Number": "30962552"
  },
  {
    "ID Number": "2026724"
  },
  {
    "ID Number": "30903297"
  },
  {
    "ID Number": "30922887"
  },
  {
    "ID Number": "30972620"
  },
  {
    "ID Number": "30973023"
  },
  {
    "ID Number": "30973007"
  },
  {
    "ID Number": "35006860"
  },
  {
    "ID Number": "2041545"
  },
  {
    "ID Number": "30940893"
  },
  {
    "ID Number": "30962021"
  },
  {
    "ID Number": "2005379"
  },
  {
    "ID Number": "2009803"
  },
  {
    "ID Number": "30929890"
  },
  {
    "ID Number": "2038684"
  },
  {
    "ID Number": "2075105"
  },
  {
    "ID Number": "30995612"
  },
  {
    "ID Number": "2045591"
  },
  {
    "ID Number": "39971180"
  },
  {
    "ID Number": "39916901"
  },
  {
    "ID Number": "30961297"
  },
  {
    "ID Number": "39917967"
  },
  {
    "ID Number": "4134729"
  },
  {
    "ID Number": "39970329"
  },
  {
    "ID Number": "39943208"
  },
  {
    "ID Number": "2054515"
  },
  {
    "ID Number": "2009099"
  },
  {
    "ID Number": "2096480"
  },
  {
    "ID Number": "30971462"
  },
  {
    "ID Number": "39900827"
  },
  {
    "ID Number": "2009102"
  },
  {
    "ID Number": "30984467"
  },
  {
    "ID Number": "8614601"
  },
  {
    "ID Number": "30936187"
  },
  {
    "ID Number": "2079658"
  },
  {
    "ID Number": "39955095"
  },
  {
    "ID Number": "30971497"
  },
  {
    "ID Number": "39914313"
  },
  {
    "ID Number": "2035251"
  },
  {
    "ID Number": "2048434"
  },
  {
    "ID Number": "39916146"
  },
  {
    "ID Number": "30979595"
  },
  {
    "ID Number": "39921727"
  },
  {
    "ID Number": "2032465"
  },
  {
    "ID Number": "30912288"
  },
  {
    "ID Number": "39911500"
  },
  {
    "ID Number": "30977045"
  },
  {
    "ID Number": "30973490"
  },
  {
    "ID Number": "2056275"
  },
  {
    "ID Number": "2082136"
  },
  {
    "ID Number": "30986133"
  },
  {
    "ID Number": "2035294"
  },
  {
    "ID Number": "39908836"
  },
  {
    "ID Number": "2087006"
  },
  {
    "ID Number": "2006324"
  },
  {
    "ID Number": "39904881"
  },
  {
    "ID Number": "30969603"
  },
  {
    "ID Number": "36043958"
  },
  {
    "ID Number": "2084716"
  },
  {
    "ID Number": "2081997"
  },
  {
    "ID Number": "2064880"
  },
  {
    "ID Number": "30932955"
  },
  {
    "ID Number": "2013673"
  },
  {
    "ID Number": "2025094"
  },
  {
    "ID Number": "30903980"
  },
  {
    "ID Number": "30903157"
  },
  {
    "ID Number": "30920043"
  },
  {
    "ID Number": "2011239"
  },
  {
    "ID Number": "2096889"
  },
  {
    "ID Number": "2057590"
  },
  {
    "ID Number": "12502014"
  },
  {
    "ID Number": "30998905"
  },
  {
    "ID Number": "39916413"
  },
  {
    "ID Number": "30968810"
  },
  {
    "ID Number": "30992940"
  },
  {
    "ID Number": "88153690"
  },
  {
    "ID Number": "150110872"
  },
  {
    "ID Number": "39936406"
  },
  {
    "ID Number": "30944830"
  },
  {
    "ID Number": "30984106"
  },
  {
    "ID Number": "2023547"
  },
  {
    "ID Number": "30925967"
  },
  {
    "ID Number": "30925959"
  },
  {
    "ID Number": "2024810"
  },
  {
    "ID Number": "30900255"
  },
  {
    "ID Number": "2004860"
  },
  {
    "ID Number": "30915635"
  },
  {
    "ID Number": "30950538"
  },
  {
    "ID Number": "30923859"
  },
  {
    "ID Number": "30951089"
  },
  {
    "ID Number": "39905012"
  },
  {
    "ID Number": "30981298"
  },
  {
    "ID Number": "30938279"
  },
  {
    "ID Number": "2068974"
  },
  {
    "ID Number": "30995914"
  },
  {
    "ID Number": "39905268"
  },
  {
    "ID Number": "3504409"
  },
  {
    "ID Number": "2093464"
  },
  {
    "ID Number": "2077728"
  },
  {
    "ID Number": "39957195"
  },
  {
    "ID Number": "2028670"
  },
  {
    "ID Number": "2053764"
  },
  {
    "ID Number": "2044340"
  },
  {
    "ID Number": "39918106"
  },
  {
    "ID Number": "39928136"
  },
  {
    "ID Number": "30931223"
  },
  {
    "ID Number": "39921077"
  },
  {
    "ID Number": "39970515"
  },
  {
    "ID Number": "30939380"
  },
  {
    "ID Number": "30941032"
  },
  {
    "ID Number": "30969581"
  },
  {
    "ID Number": "30946719"
  },
  {
    "ID Number": "30930693"
  },
  {
    "ID Number": "30940729"
  },
  {
    "ID Number": "2078740"
  },
  {
    "ID Number": "39910032"
  },
  {
    "ID Number": "39938832"
  },
  {
    "ID Number": "2076870"
  },
  {
    "ID Number": "25959280"
  },
  {
    "ID Number": "25913549"
  },
  {
    "ID Number": "30988870"
  },
  {
    "ID Number": "30934303"
  },
  {
    "ID Number": "25113879"
  },
  {
    "ID Number": "3513823"
  },
  {
    "ID Number": "150111234"
  },
  {
    "ID Number": "2099543"
  },
  {
    "ID Number": "30979560"
  },
  {
    "ID Number": "2066394"
  },
  {
    "ID Number": "2056518"
  },
  {
    "ID Number": "30954770"
  },
  {
    "ID Number": "39979423"
  },
  {
    "ID Number": "30920248"
  },
  {
    "ID Number": "2016850"
  },
  {
    "ID Number": "39911870"
  },
  {
    "ID Number": "45042632"
  },
  {
    "ID Number": "39908178"
  },
  {
    "ID Number": "2032490"
  },
  {
    "ID Number": "30901383"
  },
  {
    "ID Number": "39911519"
  },
  {
    "ID Number": "30990610"
  },
  {
    "ID Number": "30990424"
  },
  {
    "ID Number": "2004402"
  },
  {
    "ID Number": "2081865"
  },
  {
    "ID Number": "30915759"
  },
  {
    "ID Number": "39950034"
  },
  {
    "ID Number": "39949214"
  },
  {
    "ID Number": "150267997"
  },
  {
    "ID Number": "30937930"
  },
  {
    "ID Number": "30921155"
  },
  {
    "ID Number": "39965066"
  },
  {
    "ID Number": "30903882"
  },
  {
    "ID Number": "2001071"
  },
  {
    "ID Number": "2017202"
  },
  {
    "ID Number": "2008343"
  },
  {
    "ID Number": "30950902"
  },
  {
    "ID Number": "30950929"
  },
  {
    "ID Number": "2080150"
  },
  {
    "ID Number": "30979196"
  },
  {
    "ID Number": "30958717"
  },
  {
    "ID Number": "2042215"
  },
  {
    "ID Number": "39935582"
  },
  {
    "ID Number": "30921597"
  },
  {
    "ID Number": "2095742"
  },
  {
    "ID Number": "30938767"
  },
  {
    "ID Number": "30937884"
  },
  {
    "ID Number": "2032520"
  },
  {
    "ID Number": "2028565"
  },
  {
    "ID Number": "39947025"
  },
  {
    "ID Number": "150267469"
  },
  {
    "ID Number": "2099560"
  },
  {
    "ID Number": "2064570"
  },
  {
    "ID Number": "2096587"
  },
  {
    "ID Number": "39932486"
  },
  {
    "ID Number": "30960401"
  },
  {
    "ID Number": "2023970"
  },
  {
    "ID Number": "39904784"
  },
  {
    "ID Number": "2000172"
  },
  {
    "ID Number": "39941710"
  },
  {
    "ID Number": "2068192"
  },
  {
    "ID Number": "2032562"
  },
  {
    "ID Number": "2019299"
  },
  {
    "ID Number": "39935809"
  },
  {
    "ID Number": "2045150"
  },
  {
    "ID Number": "2041588"
  },
  {
    "ID Number": "39981649"
  },
  {
    "ID Number": "2017571"
  },
  {
    "ID Number": "30966841"
  },
  {
    "ID Number": "13207423"
  },
  {
    "ID Number": "39922553"
  },
  {
    "ID Number": "2039877"
  },
  {
    "ID Number": "2079925"
  },
  {
    "ID Number": "39945197"
  },
  {
    "ID Number": "30960509"
  },
  {
    "ID Number": "30911737"
  },
  {
    "ID Number": "2036363"
  },
  {
    "ID Number": "30983860"
  },
  {
    "ID Number": "2034603"
  },
  {
    "ID Number": "30985595"
  },
  {
    "ID Number": "2084856"
  },
  {
    "ID Number": "150267576"
  },
  {
    "ID Number": "30910285"
  },
  {
    "ID Number": "39917002"
  },
  {
    "ID Number": "30919908"
  },
  {
    "ID Number": "2007916"
  },
  {
    "ID Number": "39926060"
  },
  {
    "ID Number": "2000903"
  },
  {
    "ID Number": "10302743"
  },
  {
    "ID Number": "2012901"
  },
  {
    "ID Number": "2017563"
  },
  {
    "ID Number": "30990246"
  },
  {
    "ID Number": "75000776"
  },
  {
    "ID Number": "39926109"
  },
  {
    "ID Number": "30986206"
  },
  {
    "ID Number": "2005425"
  },
  {
    "ID Number": "30970008"
  },
  {
    "ID Number": "2032627"
  },
  {
    "ID Number": "30969883"
  },
  {
    "ID Number": "39914380"
  },
  {
    "ID Number": "2025817"
  },
  {
    "ID Number": "30992737"
  },
  {
    "ID Number": "30909830"
  },
  {
    "ID Number": "39951146"
  },
  {
    "ID Number": "13308130"
  },
  {
    "ID Number": "2010011"
  },
  {
    "ID Number": "39911543"
  },
  {
    "ID Number": "30967538"
  },
  {
    "ID Number": "39948757"
  },
  {
    "ID Number": "2010623"
  },
  {
    "ID Number": "2049031"
  },
  {
    "ID Number": "39941329"
  },
  {
    "ID Number": "39920682"
  },
  {
    "ID Number": "30903130"
  },
  {
    "ID Number": "30996295"
  },
  {
    "ID Number": "39940900"
  },
  {
    "ID Number": "2066971"
  },
  {
    "ID Number": "2039311"
  },
  {
    "ID Number": "2013789"
  },
  {
    "ID Number": "2019043"
  },
  {
    "ID Number": "2075261"
  },
  {
    "ID Number": "2011921"
  },
  {
    "ID Number": "39962296"
  },
  {
    "ID Number": "39915077"
  },
  {
    "ID Number": "2009323"
  },
  {
    "ID Number": "2026171"
  },
  {
    "ID Number": "2024535"
  },
  {
    "ID Number": "30941156"
  },
  {
    "ID Number": "2048450"
  },
  {
    "ID Number": "2045826"
  },
  {
    "ID Number": "2084708"
  },
  {
    "ID Number": "2024950"
  },
  {
    "ID Number": "39955877"
  },
  {
    "ID Number": "30911915"
  },
  {
    "ID Number": "39904725"
  },
  {
    "ID Number": "30933889"
  },
  {
    "ID Number": "2039540"
  },
  {
    "ID Number": "2000032"
  },
  {
    "ID Number": "2061015"
  },
  {
    "ID Number": "39915204"
  },
  {
    "ID Number": "39925390"
  },
  {
    "ID Number": "39925293"
  },
  {
    "ID Number": "39925080"
  },
  {
    "ID Number": "30988896"
  },
  {
    "ID Number": "2063557"
  },
  {
    "ID Number": "30913942"
  },
  {
    "ID Number": "150111440"
  },
  {
    "ID Number": "30965250"
  },
  {
    "ID Number": "2040506"
  },
  {
    "ID Number": "2008572"
  },
  {
    "ID Number": "30993342"
  },
  {
    "ID Number": "30990670"
  },
  {
    "ID Number": "2009064"
  },
  {
    "ID Number": "30988640"
  },
  {
    "ID Number": "55681085"
  },
  {
    "ID Number": "39942210"
  },
  {
    "ID Number": "2004887"
  },
  {
    "ID Number": "2044420"
  },
  {
    "ID Number": "2087740"
  },
  {
    "ID Number": "2059665"
  },
  {
    "ID Number": "13503189"
  },
  {
    "ID Number": "39900380"
  },
  {
    "ID Number": "39911918"
  },
  {
    "ID Number": "30990920"
  },
  {
    "ID Number": "30954398"
  },
  {
    "ID Number": "39902650"
  },
  {
    "ID Number": "30901731"
  },
  {
    "ID Number": "30998719"
  },
  {
    "ID Number": "39920720"
  },
  {
    "ID Number": "2080311"
  },
  {
    "ID Number": "39927490"
  },
  {
    "ID Number": "39904008"
  },
  {
    "ID Number": "2070693"
  },
  {
    "ID Number": "30953448"
  },
  {
    "ID Number": "2093456"
  },
  {
    "ID Number": "39963128"
  },
  {
    "ID Number": "33359849"
  },
  {
    "ID Number": "2097516"
  },
  {
    "ID Number": "30908361"
  },
  {
    "ID Number": "2017342"
  },
  {
    "ID Number": "30962358"
  },
  {
    "ID Number": "30936470"
  },
  {
    "ID Number": "30921686"
  },
  {
    "ID Number": "30908116"
  },
  {
    "ID Number": "2009692"
  },
  {
    "ID Number": "30901103"
  },
  {
    "ID Number": "2048396"
  },
  {
    "ID Number": "2010267"
  },
  {
    "ID Number": "39975312"
  },
  {
    "ID Number": "30958636"
  },
  {
    "ID Number": "30922704"
  },
  {
    "ID Number": "39902676"
  },
  {
    "ID Number": "39907023"
  },
  {
    "ID Number": "39943399"
  },
  {
    "ID Number": "2065231"
  },
  {
    "ID Number": "30974780"
  },
  {
    "ID Number": "30940176"
  },
  {
    "ID Number": "39912566"
  },
  {
    "ID Number": "39909875"
  },
  {
    "ID Number": "30959446"
  },
  {
    "ID Number": "30961564"
  },
  {
    "ID Number": "2073773"
  },
  {
    "ID Number": "4104870"
  },
  {
    "ID Number": "2036738"
  },
  {
    "ID Number": "2018950"
  },
  {
    "ID Number": "2025833"
  },
  {
    "ID Number": "2069334"
  },
  {
    "ID Number": "2017083"
  },
  {
    "ID Number": "2024195"
  },
  {
    "ID Number": "30993326"
  },
  {
    "ID Number": "2086492"
  },
  {
    "ID Number": "30901472"
  },
  {
    "ID Number": "2063808"
  },
  {
    "ID Number": "39961435"
  },
  {
    "ID Number": "2039460"
  },
  {
    "ID Number": "30915422"
  },
  {
    "ID Number": "30985617"
  },
  {
    "ID Number": "2048949"
  },
  {
    "ID Number": "39904350"
  },
  {
    "ID Number": "5202213"
  },
  {
    "ID Number": "2070715"
  },
  {
    "ID Number": "2009161"
  },
  {
    "ID Number": "39955672"
  },
  {
    "ID Number": "30968720"
  },
  {
    "ID Number": "2005131"
  },
  {
    "ID Number": "2070197"
  },
  {
    "ID Number": "2010542"
  },
  {
    "ID Number": "30967392"
  },
  {
    "ID Number": "2046865"
  },
  {
    "ID Number": "39938212"
  },
  {
    "ID Number": "2019876"
  },
  {
    "ID Number": "30989868"
  },
  {
    "ID Number": "30900123"
  },
  {
    "ID Number": "30925479"
  },
  {
    "ID Number": "39902242"
  },
  {
    "ID Number": "39951880"
  },
  {
    "ID Number": "39913090"
  },
  {
    "ID Number": "2018594"
  },
  {
    "ID Number": "2005174"
  },
  {
    "ID Number": "1265733"
  },
  {
    "ID Number": "1265741"
  },
  {
    "ID Number": "2009706"
  },
  {
    "ID Number": "2062496"
  },
  {
    "ID Number": "2089548"
  },
  {
    "ID Number": "30934109"
  },
  {
    "ID Number": "30988659"
  },
  {
    "ID Number": "2032740"
  },
  {
    "ID Number": "30999928"
  },
  {
    "ID Number": "39923894"
  },
  {
    "ID Number": "30963907"
  },
  {
    "ID Number": "30906008"
  },
  {
    "ID Number": "39956989"
  },
  {
    "ID Number": "2015315"
  },
  {
    "ID Number": "2007304"
  },
  {
    "ID Number": "39963500"
  },
  {
    "ID Number": "30979080"
  },
  {
    "ID Number": "30926513"
  },
  {
    "ID Number": "2002124"
  },
  {
    "ID Number": "30926246"
  },
  {
    "ID Number": "39933091"
  },
  {
    "ID Number": "2070022"
  },
  {
    "ID Number": "1126881"
  },
  {
    "ID Number": "2064588"
  },
  {
    "ID Number": "39919030"
  },
  {
    "ID Number": "2012367"
  },
  {
    "ID Number": "30915694"
  },
  {
    "ID Number": "39917304"
  },
  {
    "ID Number": "30962498"
  },
  {
    "ID Number": "30915007"
  },
  {
    "ID Number": "2059835"
  },
  {
    "ID Number": "39935914"
  },
  {
    "ID Number": "30966590"
  },
  {
    "ID Number": "30977355"
  },
  {
    "ID Number": "2060850"
  },
  {
    "ID Number": "2059630"
  },
  {
    "ID Number": "39912442"
  },
  {
    "ID Number": "30952530"
  },
  {
    "ID Number": "2023962"
  },
  {
    "ID Number": "39935973"
  },
  {
    "ID Number": "2090716"
  },
  {
    "ID Number": "30941083"
  },
  {
    "ID Number": "39908763"
  },
  {
    "ID Number": "2004526"
  },
  {
    "ID Number": "2097389"
  },
  {
    "ID Number": "39942295"
  },
  {
    "ID Number": "30985072"
  },
  {
    "ID Number": "2001276"
  },
  {
    "ID Number": "39940659"
  },
  {
    "ID Number": "2047772"
  },
  {
    "ID Number": "2073790"
  },
  {
    "ID Number": "30967821"
  },
  {
    "ID Number": "2021935"
  },
  {
    "ID Number": "2069539"
  },
  {
    "ID Number": "30981980"
  },
  {
    "ID Number": "30902967"
  },
  {
    "ID Number": "2956853"
  },
  {
    "ID Number": "150267398"
  },
  {
    "ID Number": "2090805"
  },
  {
    "ID Number": "39920399"
  },
  {
    "ID Number": "2088355"
  },
  {
    "ID Number": "2032864"
  },
  {
    "ID Number": "30980631"
  },
  {
    "ID Number": "30959365"
  },
  {
    "ID Number": "2047896"
  },
  {
    "ID Number": "30954746"
  },
  {
    "ID Number": "39954811"
  },
  {
    "ID Number": "39976254"
  },
  {
    "ID Number": "30975700"
  },
  {
    "ID Number": "2023334"
  },
  {
    "ID Number": "30907640"
  },
  {
    "ID Number": "30961688"
  },
  {
    "ID Number": "39939901"
  },
  {
    "ID Number": "150036962"
  },
  {
    "ID Number": "2052601"
  },
  {
    "ID Number": "2093944"
  },
  {
    "ID Number": "30982944"
  },
  {
    "ID Number": "30901499"
  },
  {
    "ID Number": "30941555"
  },
  {
    "ID Number": "2081300"
  },
  {
    "ID Number": "30952638"
  },
  {
    "ID Number": "39965546"
  },
  {
    "ID Number": "2087316"
  },
  {
    "ID Number": "30999693"
  },
  {
    "ID Number": "30987245"
  },
  {
    "ID Number": "39926869"
  },
  {
    "ID Number": "39943232"
  },
  {
    "ID Number": "39928144"
  },
  {
    "ID Number": "39946070"
  },
  {
    "ID Number": "2095351"
  },
  {
    "ID Number": "2086700"
  },
  {
    "ID Number": "2001691"
  },
  {
    "ID Number": "30908078"
  },
  {
    "ID Number": "30984610"
  },
  {
    "ID Number": "30920523"
  },
  {
    "ID Number": "30915112"
  },
  {
    "ID Number": "39950573"
  },
  {
    "ID Number": "25792318"
  },
  {
    "ID Number": "35059793"
  },
  {
    "ID Number": "39945570"
  },
  {
    "ID Number": "30948339"
  },
  {
    "ID Number": "2017636"
  },
  {
    "ID Number": "30970130"
  },
  {
    "ID Number": "30960967"
  },
  {
    "ID Number": "39901211"
  },
  {
    "ID Number": "39959538"
  },
  {
    "ID Number": "39901599"
  },
  {
    "ID Number": "30987881"
  },
  {
    "ID Number": "2097850"
  },
  {
    "ID Number": "30931665"
  },
  {
    "ID Number": "30931649"
  },
  {
    "ID Number": "30979404"
  },
  {
    "ID Number": "30937655"
  },
  {
    "ID Number": "3507041"
  },
  {
    "ID Number": "39975576"
  },
  {
    "ID Number": "30933196"
  },
  {
    "ID Number": "39951561"
  },
  {
    "ID Number": "39903133"
  },
  {
    "ID Number": "2043424"
  },
  {
    "ID Number": "2066165"
  },
  {
    "ID Number": "39915905"
  },
  {
    "ID Number": "39912159"
  },
  {
    "ID Number": "2059533"
  },
  {
    "ID Number": "2065673"
  },
  {
    "ID Number": "39915271"
  },
  {
    "ID Number": "2090775"
  },
  {
    "ID Number": "2027500"
  },
  {
    "ID Number": "30904757"
  },
  {
    "ID Number": "30907357"
  },
  {
    "ID Number": "39963276"
  },
  {
    "ID Number": "2079488"
  },
  {
    "ID Number": "2019973"
  },
  {
    "ID Number": "39943895"
  },
  {
    "ID Number": "30981441"
  },
  {
    "ID Number": "30981433"
  },
  {
    "ID Number": "2071320"
  },
  {
    "ID Number": "30971756"
  },
  {
    "ID Number": "2098083"
  },
  {
    "ID Number": "2012391"
  },
  {
    "ID Number": "2079631"
  },
  {
    "ID Number": "30924162"
  },
  {
    "ID Number": "2069890"
  },
  {
    "ID Number": "2053900"
  },
  {
    "ID Number": "30996759"
  },
  {
    "ID Number": "30987946"
  },
  {
    "ID Number": "30928605"
  },
  {
    "ID Number": "30927080"
  },
  {
    "ID Number": "30919541"
  },
  {
    "ID Number": "30911370"
  },
  {
    "ID Number": "2008424"
  },
  {
    "ID Number": "2099721"
  },
  {
    "ID Number": "30977215"
  },
  {
    "ID Number": "2063824"
  },
  {
    "ID Number": "2056739"
  },
  {
    "ID Number": "30923247"
  },
  {
    "ID Number": "150111860"
  },
  {
    "ID Number": "2020548"
  },
  {
    "ID Number": "39950344"
  },
  {
    "ID Number": "2053829"
  },
  {
    "ID Number": "30927714"
  },
  {
    "ID Number": "2058707"
  },
  {
    "ID Number": "30934133"
  },
  {
    "ID Number": "30952247"
  },
  {
    "ID Number": "30952255"
  },
  {
    "ID Number": "30956277"
  },
  {
    "ID Number": "39925625"
  },
  {
    "ID Number": "2004143"
  },
  {
    "ID Number": "2060531"
  },
  {
    "ID Number": "2008548"
  },
  {
    "ID Number": "2021897"
  },
  {
    "ID Number": "4326474"
  },
  {
    "ID Number": "2086530"
  },
  {
    "ID Number": "2001209"
  },
  {
    "ID Number": "39953289"
  },
  {
    "ID Number": "30942241"
  },
  {
    "ID Number": "2033690"
  },
  {
    "ID Number": "2050404"
  },
  {
    "ID Number": "39909670"
  },
  {
    "ID Number": "30977568"
  },
  {
    "ID Number": "2049929"
  },
  {
    "ID Number": "2039362"
  },
  {
    "ID Number": "30981468"
  },
  {
    "ID Number": "39923622"
  },
  {
    "ID Number": "39923614"
  },
  {
    "ID Number": "2023130"
  },
  {
    "ID Number": "30926173"
  },
  {
    "ID Number": "2095904"
  },
  {
    "ID Number": "2002523"
  },
  {
    "ID Number": "39949540"
  },
  {
    "ID Number": "30962790"
  },
  {
    "ID Number": "2000148"
  },
  {
    "ID Number": "39909484"
  },
  {
    "ID Number": "2016788"
  },
  {
    "ID Number": "30979935"
  },
  {
    "ID Number": "39969266"
  },
  {
    "ID Number": "30953499"
  },
  {
    "ID Number": "30985749"
  },
  {
    "ID Number": "30914558"
  },
  {
    "ID Number": "30972558"
  },
  {
    "ID Number": "30908132"
  },
  {
    "ID Number": "8623171"
  },
  {
    "ID Number": "39901653"
  },
  {
    "ID Number": "30993466"
  },
  {
    "ID Number": "2047640"
  },
  {
    "ID Number": "2052318"
  },
  {
    "ID Number": "30941423"
  },
  {
    "ID Number": "2014149"
  },
  {
    "ID Number": "30962781"
  },
  {
    "ID Number": "39914291"
  },
  {
    "ID Number": "30919860"
  },
  {
    "ID Number": "2020165"
  },
  {
    "ID Number": "2029111"
  },
  {
    "ID Number": "30940664"
  },
  {
    "ID Number": "39942260"
  },
  {
    "ID Number": "30965268"
  },
  {
    "ID Number": "30922640"
  },
  {
    "ID Number": "2029758"
  },
  {
    "ID Number": "30947570"
  },
  {
    "ID Number": "2099608"
  },
  {
    "ID Number": "39910415"
  },
  {
    "ID Number": "30926998"
  },
  {
    "ID Number": "30972345"
  },
  {
    "ID Number": "30932025"
  },
  {
    "ID Number": "2005492"
  },
  {
    "ID Number": "30983533"
  },
  {
    "ID Number": "30953111"
  },
  {
    "ID Number": "2017580"
  },
  {
    "ID Number": "2090732"
  },
  {
    "ID Number": "30900735"
  },
  {
    "ID Number": "30984335"
  },
  {
    "ID Number": "30909694"
  },
  {
    "ID Number": "30928095"
  },
  {
    "ID Number": "30997356"
  },
  {
    "ID Number": "2079305"
  },
  {
    "ID Number": "2078341"
  },
  {
    "ID Number": "30985927"
  },
  {
    "ID Number": "2007037"
  },
  {
    "ID Number": "30950171"
  },
  {
    "ID Number": "39914070"
  },
  {
    "ID Number": "39922723"
  },
  {
    "ID Number": "39908810"
  },
  {
    "ID Number": "30997305"
  },
  {
    "ID Number": "39901777"
  },
  {
    "ID Number": "30975182"
  },
  {
    "ID Number": "2073587"
  },
  {
    "ID Number": "30944856"
  },
  {
    "ID Number": "30962099"
  },
  {
    "ID Number": "13600109"
  },
  {
    "ID Number": "2023075"
  },
  {
    "ID Number": "2098172"
  },
  {
    "ID Number": "30923727"
  },
  {
    "ID Number": "14101572"
  },
  {
    "ID Number": "2077787"
  },
  {
    "ID Number": "30943027"
  },
  {
    "ID Number": "39928659"
  },
  {
    "ID Number": "30952298"
  },
  {
    "ID Number": "30932980"
  },
  {
    "ID Number": "2085259"
  },
  {
    "ID Number": "39946185"
  },
  {
    "ID Number": "30967988"
  },
  {
    "ID Number": "39912183"
  },
  {
    "ID Number": "39915964"
  },
  {
    "ID Number": "39947688"
  },
  {
    "ID Number": "39914356"
  },
  {
    "ID Number": "30993865"
  },
  {
    "ID Number": "30946930"
  },
  {
    "ID Number": "39912795"
  },
  {
    "ID Number": "14116804"
  },
  {
    "ID Number": "30983495"
  },
  {
    "ID Number": "8603537"
  },
  {
    "ID Number": "30931967"
  },
  {
    "ID Number": "39903800"
  },
  {
    "ID Number": "2099713"
  },
  {
    "ID Number": "30943396"
  },
  {
    "ID Number": "39900428"
  },
  {
    "ID Number": "30995566"
  },
  {
    "ID Number": "2015323"
  },
  {
    "ID Number": "2034255"
  },
  {
    "ID Number": "39914216"
  },
  {
    "ID Number": "39949745"
  },
  {
    "ID Number": "30950732"
  },
  {
    "ID Number": "2320673"
  },
  {
    "ID Number": "2080923"
  },
  {
    "ID Number": "30903955"
  }
]