[
  {
    "ID Number": "20300204",
    "Name": "Ezra Paul Chambers",
    "Fed": "BDI",
    "Sex": "M",
    "Title": "FM",
    "WTit": "",
    "OTit": "",
    "FOA": "2194",
    "Rating": "AUG25",
    "Gms": "0",
    "K": "20",
    "B-day": "2000",
    "Flag": ""
  },
  {
    "ID Number": "20300166",
    "Name": "Ntamatungiro, Wilfried",
    "Fed": "BDI",
    "Sex": "M",
    "Title": "",
    "WTit": "SI",
    "OTit": "",
    "FOA": "AFM",
    "Rating": "AUG25",
    "Gms": "1884",
    "K": "0",
    "B-day": "1992",
    "Flag": "i"
  }
]