[
  {
    "ID Number": "21300402",
    "Name": "Balene Cekwane",
    "Fed": "LES",
    "Sex": "M",
    "Title": "",
    "WTit": "",
    "OTit": "",
    "FOA": "1750",
    "Rating": "AUG25",
    "Gms": "0",
    "K": "40",
    "B-day": "1998",
    "Flag": "i"
  },
  {
    "ID Number": "21302782",
    "Name": "Boitumelo Sethabathaba",
    "Fed": "LES",
    "Sex": "F",
    "Title": "",
    "WTit": "",
    "OTit": "",
    "FOA": "1597",
    "Rating": "AUG25",
    "Gms": "0",
    "K": "20",
    "B-day": "2000",
    "Flag": "w"
  },
  {
    "ID Number": "21303509",
    "Name": "Bokang Motsamai Nthole Emma",
    "Fed": "LES",
    "Sex": "M",
    "Title": "",
    "WTit": "",
    "OTit": "",
    "FOA": "1418",
    "Rating": "AUG25",
    "Gms": "0",
    "K": "40",
    "B-day": "2004",
    "Flag": ""
  },
  {
    "ID Number": "21301441",
    "Name": "Bokang, Motsamai",
    "Fed": "LES",
    "Sex": "M",
    "Title": "",
    "WTit": "",
    "OTit": "",
    "FOA": "1806",
    "Rating": "AUG25",
    "Gms": "0",
    "K": "20",
    "B-day": "2005",
    "Flag": ""
  },
  {
    "ID Number": "21303410",
    "Name": "Bonginkosi Cekwane",
    "Fed": "LES",
    "Sex": "M",
    "Title": "",
    "WTit": "",
    "OTit": "",
    "FOA": "1606",
    "Rating": "AUG25",
    "Gms": "0",
    "K": "40",
    "B-day": "1998",
    "Flag": "i"
  },
  {
    "ID Number": "21301484",
    "Name": "David, Mosebi",
    "Fed": "LES",
    "Sex": "M",
    "Title": "",
    "WTit": "",
    "OTit": "",
    "FOA": "1448",
    "Rating": "AUG25",
    "Gms": "0",
    "K": "40",
    "B-day": "1995",
    "Flag": "i"
  },
  {
    "ID Number": "21302898",
    "Name": "George Mahommed",
    "Fed": "LES",
    "Sex": "M",
    "Title": "",
    "WTit": "",
    "OTit": "",
    "FOA": "1829",
    "Rating": "AUG25",
    "Gms": "0",
    "K": "40",
    "B-day": "2008",
    "Flag": ""
  },
  {
    "ID Number": "14317214",
    "Name": "Hatane, Tiisetso",
    "Fed": "LES",
    "Sex": "F",
    "Title": "",
    "WTit": "",
    "OTit": "",
    "FOA": "1672",
    "Rating": "AUG25",
    "Gms": "0",
    "K": "40",
    "B-day": "1996",
    "Flag": "wi"
  },
  {
    "ID Number": "21302235",
    "Name": "Jaase, Thabiso",
    "Fed": "LES",
    "Sex": "M",
    "Title": "",
    "WTit": "",
    "OTit": "",
    "FOA": "1558",
    "Rating": "AUG25",
    "Gms": "0",
    "K": "40",
    "B-day": "1997",
    "Flag": "i"
  },
  {
    "ID Number": "21300380",
    "Name": "Joang Molapo",
    "Fed": "LES",
    "Sex": "M",
    "Title": "CM",
    "WTit": "",
    "OTit": "",
    "FOA": "1675",
    "Rating": "AUG25",
    "Gms": "0",
    "K": "20",
    "B-day": "1965",
    "Flag": ""
  },
  {
    "ID Number": "21304505",
    "Name": "Jobo Lehlohonolo",
    "Fed": "LES",
    "Sex": "M",
    "Title": "",
    "WTit": "",
    "OTit": "",
    "FOA": "1419",
    "Rating": "AUG25",
    "Gms": "0",
    "K": "40",
    "B-day": "1995",
    "Flag": "i"
  },
  {
    "ID Number": "21300984",
    "Name": "Josias Molomo",
    "Fed": "LES",
    "Sex": "M",
    "Title": "",
    "WTit": "",
    "OTit": "",
    "FOA": "1650",
    "Rating": "AUG25",
    "Gms": "0",
    "K": "40",
    "B-day": "1996",
    "Flag": "i"
  },
  {
    "ID Number": "21301468",
    "Name": "Kabelo, Chitja",
    "Fed": "LES",
    "Sex": "M",
    "Title": "",
    "WTit": "",
    "OTit": "",
    "FOA": "1476",
    "Rating": "AUG25",
    "Gms": "0",
    "K": "40",
    "B-day": "1997",
    "Flag": "i"
  },
  {
    "ID Number": "21303649",
    "Name": "Kamohelo Pali",
    "Fed": "LES",
    "Sex": "M",
    "Title": "",
    "WTit": "",
    "OTit": "",
    "FOA": "1404",
    "Rating": "AUG25",
    "Gms": "0",
    "K": "40",
    "B-day": "2005",
    "Flag": "i"
  },
  {
    "ID Number": "21302855",
    "Name": "Kananelo Nkalimeng",
    "Fed": "LES",
    "Sex": "M",
    "Title": "",
    "WTit": "",
    "OTit": "",
    "FOA": "1635",
    "Rating": "AUG25",
    "Gms": "0",
    "K": "20",
    "B-day": "2000",
    "Flag": ""
  },
  {
    "ID Number": "21303622",
    "Name": "Karabo Mokete",
    "Fed": "LES",
    "Sex": "M",
    "Title": "",
    "WTit": "",
    "OTit": "",
    "FOA": "1814",
    "Rating": "AUG25",
    "Gms": "0",
    "K": "20",
    "B-day": "2001",
    "Flag": ""
  },
  {
    "ID Number": "21303819",
    "Name": "Karabo Shao",
    "Fed": "LES",
    "Sex": "F",
    "Title": "",
    "WTit": "",
    "OTit": "",
    "FOA": "1572",
    "Rating": "AUG25",
    "Gms": "0",
    "K": "40",
    "B-day": "2009",
    "Flag": "wi"
  },
  {
    "ID Number": "21303029",
    "Name": "Katleho Mohale",
    "Fed": "LES",
    "Sex": "M",
    "Title": "",
    "WTit": "",
    "OTit": "",
    "FOA": "1579",
    "Rating": "AUG25",
    "Gms": "0",
    "K": "40",
    "B-day": "2006",
    "Flag": "i"
  },
  {
    "ID Number": "21300496",
    "Name": "Katleho Nyofane",
    "Fed": "LES",
    "Sex": "M",
    "Title": "",
    "WTit": "",
    "OTit": "",
    "FOA": "1714",
    "Rating": "AUG25",
    "Gms": "0",
    "K": "40",
    "B-day": "1998",
    "Flag": "i"
  },
  {
    "ID Number": "21303088",
    "Name": "Katleho Phakisi",
    "Fed": "LES",
    "Sex": "M",
    "Title": "",
    "WTit": "",
    "OTit": "",
    "FOA": "1626",
    "Rating": "AUG25",
    "Gms": "0",
    "K": "40",
    "B-day": "2008",
    "Flag": "i"
  },
  {
    "ID Number": "21301310",
    "Name": "Kemohele, Koetle",
    "Fed": "LES",
    "Sex": "M",
    "Title": "",
    "WTit": "",
    "OTit": "",
    "FOA": "AFM",
    "Rating": "AUG25",
    "Gms": "1695",
    "K": "0",
    "B-day": "1999",
    "Flag": "i"
  },
  {
    "ID Number": "14317176",
    "Name": "Khalema, Sechaba",
    "Fed": "LES",
    "Sex": "M",
    "Title": "",
    "WTit": "",
    "OTit": "",
    "FOA": "1793",
    "Rating": "AUG25",
    "Gms": "0",
    "K": "20",
    "B-day": "1996",
    "Flag": ""
  },
  {
    "ID Number": "21302243",
    "Name": "Khama, Letsatsi",
    "Fed": "LES",
    "Sex": "M",
    "Title": "",
    "WTit": "",
    "OTit": "",
    "FOA": "1701",
    "Rating": "AUG25",
    "Gms": "0",
    "K": "20",
    "B-day": "2001",
    "Flag": ""
  },
  {
    "ID Number": "21302340",
    "Name": "Khasake, Kelello",
    "Fed": "LES",
    "Sex": "F",
    "Title": "",
    "WTit": "",
    "OTit": "",
    "FOA": "1406",
    "Rating": "AUG25",
    "Gms": "0",
    "K": "40",
    "B-day": "2000",
    "Flag": "wi"
  },
  {
    "ID Number": "21300577",
    "Name": "Khotso Motlomelo",
    "Fed": "LES",
    "Sex": "M",
    "Title": "",
    "WTit": "",
    "OTit": "",
    "FOA": "1612",
    "Rating": "AUG25",
    "Gms": "0",
    "K": "20",
    "B-day": "1995",
    "Flag": "i"
  },
  {
    "ID Number": "21304599",
    "Name": "Khotso Ranthimo",
    "Fed": "LES",
    "Sex": "M",
    "Title": "",
    "WTit": "",
    "OTit": "",
    "FOA": "1489",
    "Rating": "AUG25",
    "Gms": "0",
    "K": "40",
    "B-day": "2000",
    "Flag": "i"
  },
  {
    "ID Number": "21300020",
    "Name": "Klaas, Tokelo",
    "Fed": "LES",
    "Sex": "M",
    "Title": "CM",
    "WTit": "",
    "OTit": "",
    "FOA": "1855",
    "Rating": "AUG25",
    "Gms": "0",
    "K": "20",
    "B-day": "1996",
    "Flag": ""
  },
  {
    "ID Number": "14317206",
    "Name": "Latela, Kananelo",
    "Fed": "LES",
    "Sex": "M",
    "Title": "",
    "WTit": "",
    "OTit": "",
    "FOA": "1861",
    "Rating": "AUG25",
    "Gms": "0",
    "K": "20",
    "B-day": "1996",
    "Flag": "i"
  },
  {
    "ID Number": "21302170",
    "Name": "Lebakae, Khau",
    "Fed": "LES",
    "Sex": "M",
    "Title": "",
    "WTit": "",
    "OTit": "",
    "FOA": "1606",
    "Rating": "AUG25",
    "Gms": "0",
    "K": "40",
    "B-day": "1992",
    "Flag": "i"
  },
  {
    "ID Number": "21300119",
    "Name": "Leboela, Maboloko",
    "Fed": "LES",
    "Sex": "F",
    "Title": "WCM",
    "WTit": "WCM",
    "OTit": "",
    "FOA": "1561",
    "Rating": "AUG25",
    "Gms": "0",
    "K": "20",
    "B-day": "1997",
    "Flag": "wi"
  },
  {
    "ID Number": "21300976",
    "Name": "Lebohang Manyanye",
    "Fed": "LES",
    "Sex": "M",
    "Title": "",
    "WTit": "",
    "OTit": "",
    "FOA": "1580",
    "Rating": "AUG25",
    "Gms": "0",
    "K": "40",
    "B-day": "1999",
    "Flag": "i"
  },
  {
    "ID Number": "21300542",
    "Name": "Lehlohonolo Sekhoto",
    "Fed": "LES",
    "Sex": "M",
    "Title": "",
    "WTit": "NA",
    "OTit": "",
    "FOA": "1603",
    "Rating": "AUG25",
    "Gms": "0",
    "K": "20",
    "B-day": "1996",
    "Flag": "i"
  },
  {
    "ID Number": "21301271",
    "Name": "Lehlohonolo, Matela",
    "Fed": "LES",
    "Sex": "M",
    "Title": "",
    "WTit": "",
    "OTit": "",
    "FOA": "1659",
    "Rating": "AUG25",
    "Gms": "0",
    "K": "40",
    "B-day": "1995",
    "Flag": "i"
  },
  {
    "ID Number": "21300348",
    "Name": "Lejaha Jakote",
    "Fed": "LES",
    "Sex": "M",
    "Title": "",
    "WTit": "",
    "OTit": "",
    "FOA": "1686",
    "Rating": "AUG25",
    "Gms": "0",
    "K": "40",
    "B-day": "1996",
    "Flag": "i"
  },
  {
    "ID Number": "14317281",
    "Name": "Lekau, Ramokotjo",
    "Fed": "LES",
    "Sex": "M",
    "Title": "",
    "WTit": "",
    "OTit": "",
    "FOA": "1713",
    "Rating": "AUG25",
    "Gms": "0",
    "K": "20",
    "B-day": "1991",
    "Flag": ""
  },
  {
    "ID Number": "21300798",
    "Name": "Lelimo Moeketsi",
    "Fed": "LES",
    "Sex": "M",
    "Title": "",
    "WTit": "",
    "OTit": "",
    "FOA": "1664",
    "Rating": "AUG25",
    "Gms": "0",
    "K": "40",
    "B-day": "2006",
    "Flag": "i"
  },
  {
    "ID Number": "21303150",
    "Name": "Lempe Mokoma",
    "Fed": "LES",
    "Sex": "M",
    "Title": "",
    "WTit": "",
    "OTit": "",
    "FOA": "1566",
    "Rating": "AUG25",
    "Gms": "0",
    "K": "40",
    "B-day": "1989",
    "Flag": "i"
  },
  {
    "ID Number": "21300747",
    "Name": "Lentsoe Mosollo",
    "Fed": "LES",
    "Sex": "M",
    "Title": "",
    "WTit": "",
    "OTit": "",
    "FOA": "1671",
    "Rating": "AUG25",
    "Gms": "0",
    "K": "40",
    "B-day": "2000",
    "Flag": "i"
  },
  {
    "ID Number": "21301506",
    "Name": "Lephoto, Kopano",
    "Fed": "LES",
    "Sex": "M",
    "Title": "",
    "WTit": "",
    "OTit": "",
    "FOA": "1603",
    "Rating": "AUG25",
    "Gms": "0",
    "K": "40",
    "B-day": "1988",
    "Flag": "i"
  },
  {
    "ID Number": "21301042",
    "Name": "Lerotholi Mocheko",
    "Fed": "LES",
    "Sex": "M",
    "Title": "",
    "WTit": "",
    "OTit": "",
    "FOA": "1578",
    "Rating": "AUG25",
    "Gms": "0",
    "K": "40",
    "B-day": "1995",
    "Flag": "i"
  },
  {
    "ID Number": "21302499",
    "Name": "Lerotholi, Senate",
    "Fed": "LES",
    "Sex": "F",
    "Title": "",
    "WTit": "",
    "OTit": "",
    "FOA": "1495",
    "Rating": "AUG25",
    "Gms": "0",
    "K": "40",
    "B-day": "2000",
    "Flag": "wi"
  },
  {
    "ID Number": "21301808",
    "Name": "Letoao, Ntsepiseng",
    "Fed": "LES",
    "Sex": "F",
    "Title": "",
    "WTit": "",
    "OTit": "",
    "FOA": "1432",
    "Rating": "AUG25",
    "Gms": "0",
    "K": "40",
    "B-day": "1997",
    "Flag": "wi"
  },
  {
    "ID Number": "21302359",
    "Name": "Letsaba, Mojabeng",
    "Fed": "LES",
    "Sex": "F",
    "Title": "",
    "WTit": "",
    "OTit": "",
    "FOA": "1423",
    "Rating": "AUG25",
    "Gms": "0",
    "K": "40",
    "B-day": "2000",
    "Flag": "wi"
  },
  {
    "ID Number": "21301719",
    "Name": "Letsoara, Mpeke",
    "Fed": "LES",
    "Sex": "M",
    "Title": "",
    "WTit": "",
    "OTit": "",
    "FOA": "1549",
    "Rating": "AUG25",
    "Gms": "0",
    "K": "40",
    "B-day": "1997",
    "Flag": ""
  },
  {
    "ID Number": "21301247",
    "Name": "Libe, Sofonea",
    "Fed": "LES",
    "Sex": "M",
    "Title": "",
    "WTit": "",
    "OTit": "",
    "FOA": "1680",
    "Rating": "AUG25",
    "Gms": "0",
    "K": "20",
    "B-day": "1997",
    "Flag": ""
  },
  {
    "ID Number": "21300372",
    "Name": "Lieketseng Makhalemele",
    "Fed": "LES",
    "Sex": "F",
    "Title": "",
    "WTit": "NA",
    "OTit": "",
    "FOA": "ACM",
    "Rating": "AUG25",
    "Gms": "1447",
    "K": "0",
    "B-day": "1997",
    "Flag": "wi"
  },
  {
    "ID Number": "21300585",
    "Name": "Lieketseng, Ngatane",
    "Fed": "LES",
    "Sex": "F",
    "Title": "WFM",
    "WTit": "WFM",
    "OTit": "",
    "FOA": "1638",
    "Rating": "AUG25",
    "Gms": "0",
    "K": "20",
    "B-day": "1995",
    "Flag": "w"
  },
  {
    "ID Number": "21300356",
    "Name": "Likeleli Rasephei",
    "Fed": "LES",
    "Sex": "F",
    "Title": "",
    "WTit": "",
    "OTit": "",
    "FOA": "1607",
    "Rating": "AUG25",
    "Gms": "0",
    "K": "40",
    "B-day": "1999",
    "Flag": "wi"
  },
  {
    "ID Number": "21303185",
    "Name": "lintle molise",
    "Fed": "LES",
    "Sex": "F",
    "Title": "",
    "WTit": "",
    "OTit": "",
    "FOA": "1601",
    "Rating": "AUG25",
    "Gms": "0",
    "K": "20",
    "B-day": "2006",
    "Flag": "w"
  },
  {
    "ID Number": "21304025",
    "Name": "Lintsa Kamohelo",
    "Fed": "LES",
    "Sex": "M",
    "Title": "",
    "WTit": "",
    "OTit": "",
    "FOA": "1561",
    "Rating": "AUG25",
    "Gms": "0",
    "K": "40",
    "B-day": "2010",
    "Flag": ""
  },
  {
    "ID Number": "21300445",
    "Name": "Litsitso Motseremeli",
    "Fed": "LES",
    "Sex": "M",
    "Title": "",
    "WTit": "",
    "OTit": "",
    "FOA": "1552",
    "Rating": "AUG25",
    "Gms": "0",
    "K": "40",
    "B-day": "1978",
    "Flag": "i"
  },
  {
    "ID Number": "21302774",
    "Name": "Lovemore Sithole",
    "Fed": "LES",
    "Sex": "M",
    "Title": "",
    "WTit": "",
    "OTit": "",
    "FOA": "1679",
    "Rating": "AUG25",
    "Gms": "0",
    "K": "40",
    "B-day": "1982",
    "Flag": "i"
  },
  {
    "ID Number": "21302715",
    "Name": "Machoba, Hlompho",
    "Fed": "LES",
    "Sex": "M",
    "Title": "",
    "WTit": "",
    "OTit": "",
    "FOA": "1613",
    "Rating": "AUG25",
    "Gms": "0",
    "K": "20",
    "B-day": "2002",
    "Flag": ""
  },
  {
    "ID Number": "21300810",
    "Name": "Maepe Kemang",
    "Fed": "LES",
    "Sex": "M",
    "Title": "",
    "WTit": "",
    "OTit": "",
    "FOA": "1612",
    "Rating": "AUG25",
    "Gms": "0",
    "K": "40",
    "B-day": "1995",
    "Flag": "i"
  },
  {
    "ID Number": "14317230",
    "Name": "Mafube, Masilo",
    "Fed": "LES",
    "Sex": "M",
    "Title": "",
    "WTit": "",
    "OTit": "",
    "FOA": "1790",
    "Rating": "AUG25",
    "Gms": "0",
    "K": "20",
    "B-day": "1984",
    "Flag": "i"
  },
  {
    "ID Number": "21302731",
    "Name": "Mahao, Mokhae",
    "Fed": "LES",
    "Sex": "M",
    "Title": "",
    "WTit": "",
    "OTit": "",
    "FOA": "1603",
    "Rating": "AUG25",
    "Gms": "0",
    "K": "40",
    "B-day": "2004",
    "Flag": "i"
  },
  {
    "ID Number": "21302464",
    "Name": "Makhele, Lisema",
    "Fed": "LES",
    "Sex": "M",
    "Title": "",
    "WTit": "",
    "OTit": "",
    "FOA": "1682",
    "Rating": "AUG25",
    "Gms": "0",
    "K": "40",
    "B-day": "2002",
    "Flag": "i"
  },
  {
    "ID Number": "21302634",
    "Name": "Makhema, Tiisetso",
    "Fed": "LES",
    "Sex": "M",
    "Title": "",
    "WTit": "",
    "OTit": "",
    "FOA": "1505",
    "Rating": "AUG25",
    "Gms": "0",
    "K": "40",
    "B-day": "1995",
    "Flag": "i"
  },
  {
    "ID Number": "21305153",
    "Name": "Makotoko Leshoboro",
    "Fed": "LES",
    "Sex": "M",
    "Title": "",
    "WTit": "",
    "OTit": "",
    "FOA": "1596",
    "Rating": "AUG25",
    "Gms": "0",
    "K": "40",
    "B-day": "2000",
    "Flag": ""
  },
  {
    "ID Number": "21301603",
    "Name": "Malaka, Sekhoane",
    "Fed": "LES",
    "Sex": "M",
    "Title": "",
    "WTit": "",
    "OTit": "",
    "FOA": "1644",
    "Rating": "AUG25",
    "Gms": "0",
    "K": "40",
    "B-day": "1999",
    "Flag": "i"
  },
  {
    "ID Number": "21301255",
    "Name": "Malehloa, Likhomo",
    "Fed": "LES",
    "Sex": "F",
    "Title": "",
    "WTit": "",
    "OTit": "",
    "FOA": "1608",
    "Rating": "AUG25",
    "Gms": "0",
    "K": "20",
    "B-day": "1999",
    "Flag": "wi"
  },
  {
    "ID Number": "21303908",
    "Name": "Maliehe Serongoane",
    "Fed": "LES",
    "Sex": "M",
    "Title": "",
    "WTit": "",
    "OTit": "",
    "FOA": "1486",
    "Rating": "AUG25",
    "Gms": "0",
    "K": "40",
    "B-day": "2003",
    "Flag": "i"
  },
  {
    "ID Number": "21300763",
    "Name": "Malillo, Phera",
    "Fed": "LES",
    "Sex": "F",
    "Title": "",
    "WTit": "",
    "OTit": "",
    "FOA": "1586",
    "Rating": "AUG25",
    "Gms": "0",
    "K": "20",
    "B-day": "2005",
    "Flag": "wi"
  },
  {
    "ID Number": "21300968",
    "Name": "Mamotena Molomo",
    "Fed": "LES",
    "Sex": "F",
    "Title": "",
    "WTit": "",
    "OTit": "",
    "FOA": "1489",
    "Rating": "AUG25",
    "Gms": "0",
    "K": "20",
    "B-day": "1996",
    "Flag": "wi"
  },
  {
    "ID Number": "21300313",
    "Name": "Mampoi Morienyane",
    "Fed": "LES",
    "Sex": "F",
    "Title": "",
    "WTit": "",
    "OTit": "",
    "FOA": "1490",
    "Rating": "AUG25",
    "Gms": "0",
    "K": "40",
    "B-day": "1992",
    "Flag": "wi"
  },
  {
    "ID Number": "21300283",
    "Name": "Mapena Thabang Odilon",
    "Fed": "LES",
    "Sex": "M",
    "Title": "",
    "WTit": "",
    "OTit": "",
    "FOA": "1611",
    "Rating": "AUG25",
    "Gms": "0",
    "K": "40",
    "B-day": "1988",
    "Flag": "i"
  },
  {
    "ID Number": "21303525",
    "Name": "Marake Kabelo",
    "Fed": "LES",
    "Sex": "M",
    "Title": "",
    "WTit": "",
    "OTit": "",
    "FOA": "1601",
    "Rating": "AUG25",
    "Gms": "0",
    "K": "40",
    "B-day": "2003",
    "Flag": ""
  },
  {
    "ID Number": "21300852",
    "Name": "Maseru Matsumunyane",
    "Fed": "LES",
    "Sex": "M",
    "Title": "",
    "WTit": "",
    "OTit": "",
    "FOA": "1669",
    "Rating": "AUG25",
    "Gms": "0",
    "K": "20",
    "B-day": "1995",
    "Flag": "i"
  },
  {
    "ID Number": "21301646",
    "Name": "Mashato, Phetetso",
    "Fed": "LES",
    "Sex": "M",
    "Title": "",
    "WTit": "",
    "OTit": "",
    "FOA": "1550",
    "Rating": "AUG25",
    "Gms": "0",
    "K": "40",
    "B-day": "1997",
    "Flag": "i"
  },
  {
    "ID Number": "21301816",
    "Name": "Mashobane, Mongoli",
    "Fed": "LES",
    "Sex": "M",
    "Title": "",
    "WTit": "",
    "OTit": "",
    "FOA": "1590",
    "Rating": "AUG25",
    "Gms": "0",
    "K": "40",
    "B-day": "1995",
    "Flag": "i"
  },
  {
    "ID Number": "21300836",
    "Name": "Matela Mohapi",
    "Fed": "LES",
    "Sex": "M",
    "Title": "",
    "WTit": "",
    "OTit": "",
    "FOA": "1791",
    "Rating": "AUG25",
    "Gms": "0",
    "K": "40",
    "B-day": "1998",
    "Flag": "i"
  },
  {
    "ID Number": "21303428",
    "Name": "Mathaba Maraisane",
    "Fed": "LES",
    "Sex": "M",
    "Title": "",
    "WTit": "",
    "OTit": "",
    "FOA": "1448",
    "Rating": "AUG25",
    "Gms": "0",
    "K": "40",
    "B-day": "1997",
    "Flag": ""
  },
  {
    "ID Number": "21304033",
    "Name": "Matlali Pofane",
    "Fed": "LES",
    "Sex": "M",
    "Title": "",
    "WTit": "",
    "OTit": "",
    "FOA": "1533",
    "Rating": "AUG25",
    "Gms": "0",
    "K": "40",
    "B-day": "2006",
    "Flag": ""
  },
  {
    "ID Number": "21300178",
    "Name": "McPherson, Naleli",
    "Fed": "LES",
    "Sex": "F",
    "Title": "",
    "WTit": "",
    "OTit": "",
    "FOA": "1645",
    "Rating": "AUG25",
    "Gms": "7",
    "K": "20",
    "B-day": "1998",
    "Flag": "w"
  },
  {
    "ID Number": "21300488",
    "Name": "Mfundisi Nhlapo",
    "Fed": "LES",
    "Sex": "M",
    "Title": "",
    "WTit": "",
    "OTit": "",
    "FOA": "1540",
    "Rating": "AUG25",
    "Gms": "0",
    "K": "40",
    "B-day": "1999",
    "Flag": "i"
  },
  {
    "ID Number": "21304041",
    "Name": "Moakhi Neo",
    "Fed": "LES",
    "Sex": "M",
    "Title": "",
    "WTit": "",
    "OTit": "",
    "FOA": "1477",
    "Rating": "AUG25",
    "Gms": "0",
    "K": "40",
    "B-day": "1999",
    "Flag": ""
  },
  {
    "ID Number": "21303401",
    "Name": "Moeketsi Lekhooa",
    "Fed": "LES",
    "Sex": "M",
    "Title": "",
    "WTit": "",
    "OTit": "",
    "FOA": "1414",
    "Rating": "AUG25",
    "Gms": "0",
    "K": "40",
    "B-day": "2004",
    "Flag": "i"
  },
  {
    "ID Number": "21301328",
    "Name": "Moeketsi Pelesa",
    "Fed": "LES",
    "Sex": "M",
    "Title": "",
    "WTit": "",
    "OTit": "",
    "FOA": "1707",
    "Rating": "AUG25",
    "Gms": "0",
    "K": "20",
    "B-day": "1997",
    "Flag": "i"
  },
  {
    "ID Number": "21302529",
    "Name": "Mofali, Katleho",
    "Fed": "LES",
    "Sex": "M",
    "Title": "",
    "WTit": "",
    "OTit": "",
    "FOA": "1586",
    "Rating": "AUG25",
    "Gms": "0",
    "K": "40",
    "B-day": "2002",
    "Flag": "i"
  },
  {
    "ID Number": "21300453",
    "Name": "Mohale Lebona",
    "Fed": "LES",
    "Sex": "M",
    "Title": "",
    "WTit": "",
    "OTit": "",
    "FOA": "1695",
    "Rating": "AUG25",
    "Gms": "0",
    "K": "40",
    "B-day": "1999",
    "Flag": "i"
  },
  {
    "ID Number": "21300275",
    "Name": "Mohale Malebanye",
    "Fed": "LES",
    "Sex": "M",
    "Title": "",
    "WTit": "",
    "OTit": "",
    "FOA": "1664",
    "Rating": "AUG25",
    "Gms": "0",
    "K": "40",
    "B-day": "1996",
    "Flag": "i"
  },
  {
    "ID Number": "21301875",
    "Name": "Mohapi, Thuso",
    "Fed": "LES",
    "Sex": "M",
    "Title": "",
    "WTit": "",
    "OTit": "",
    "FOA": "1615",
    "Rating": "AUG25",
    "Gms": "0",
    "K": "40",
    "B-day": "2002",
    "Flag": "i"
  },
  {
    "ID Number": "21301794",
    "Name": "Mohapi, Tsukulu",
    "Fed": "LES",
    "Sex": "M",
    "Title": "",
    "WTit": "",
    "OTit": "",
    "FOA": "1404",
    "Rating": "AUG25",
    "Gms": "0",
    "K": "40",
    "B-day": "1986",
    "Flag": "i"
  },
  {
    "ID Number": "21302545",
    "Name": "Mohapi, Tumelo",
    "Fed": "LES",
    "Sex": "M",
    "Title": "",
    "WTit": "",
    "OTit": "",
    "FOA": "1497",
    "Rating": "AUG25",
    "Gms": "0",
    "K": "40",
    "B-day": "2003",
    "Flag": "i"
  },
  {
    "ID Number": "14317265",
    "Name": "Mohatlane, Liteboho",
    "Fed": "LES",
    "Sex": "M",
    "Title": "",
    "WTit": "",
    "OTit": "",
    "FOA": "1810",
    "Rating": "AUG25",
    "Gms": "0",
    "K": "20",
    "B-day": "1994",
    "Flag": "i"
  },
  {
    "ID Number": "21300038",
    "Name": "Mohlahli Motsie",
    "Fed": "LES",
    "Sex": "M",
    "Title": "",
    "WTit": "",
    "OTit": "",
    "FOA": "1689",
    "Rating": "AUG25",
    "Gms": "0",
    "K": "40",
    "B-day": "1988",
    "Flag": "i"
  },
  {
    "ID Number": "21300569",
    "Name": "Mohlekoa Mokemane",
    "Fed": "LES",
    "Sex": "M",
    "Title": "",
    "WTit": "NA",
    "OTit": "",
    "FOA": "1543",
    "Rating": "AUG25",
    "Gms": "0",
    "K": "40",
    "B-day": "1994",
    "Flag": "i"
  },
  {
    "ID Number": "21302294",
    "Name": "Moholo, Lucky",
    "Fed": "LES",
    "Sex": "M",
    "Title": "",
    "WTit": "",
    "OTit": "",
    "FOA": "1512",
    "Rating": "AUG25",
    "Gms": "0",
    "K": "40",
    "B-day": "1985",
    "Flag": "i"
  },
  {
    "ID Number": "21300674",
    "Name": "Mojakisane Lebakae",
    "Fed": "LES",
    "Sex": "M",
    "Title": "",
    "WTit": "",
    "OTit": "",
    "FOA": "1547",
    "Rating": "AUG25",
    "Gms": "0",
    "K": "40",
    "B-day": "2009",
    "Flag": "i"
  },
  {
    "ID Number": "21301344",
    "Name": "Mokete, Maile",
    "Fed": "LES",
    "Sex": "M",
    "Title": "",
    "WTit": "",
    "OTit": "",
    "FOA": "1717",
    "Rating": "AUG25",
    "Gms": "0",
    "K": "40",
    "B-day": "1990",
    "Flag": "i"
  },
  {
    "ID Number": "21303487",
    "Name": "Mokhameleli Mohale",
    "Fed": "LES",
    "Sex": "M",
    "Title": "",
    "WTit": "",
    "OTit": "",
    "FOA": "1652",
    "Rating": "AUG25",
    "Gms": "0",
    "K": "40",
    "B-day": "2004",
    "Flag": ""
  },
  {
    "ID Number": "21300054",
    "Name": "Mokone, Moshe",
    "Fed": "LES",
    "Sex": "M",
    "Title": "",
    "WTit": "",
    "OTit": "",
    "FOA": "1722",
    "Rating": "AUG25",
    "Gms": "0",
    "K": "40",
    "B-day": "1979",
    "Flag": "i"
  },
  {
    "ID Number": "21301751",
    "Name": "Mokonyana, Lineo",
    "Fed": "LES",
    "Sex": "M",
    "Title": "",
    "WTit": "",
    "OTit": "",
    "FOA": "1506",
    "Rating": "AUG25",
    "Gms": "0",
    "K": "40",
    "B-day": "1998",
    "Flag": "i"
  },
  {
    "ID Number": "21301620",
    "Name": "Mokoteli, Setsabelo",
    "Fed": "LES",
    "Sex": "M",
    "Title": "",
    "WTit": "",
    "OTit": "",
    "FOA": "1645",
    "Rating": "AUG25",
    "Gms": "0",
    "K": "40",
    "B-day": "2000",
    "Flag": "i"
  },
  {
    "ID Number": "21301824",
    "Name": "Molibeli, Bruce",
    "Fed": "LES",
    "Sex": "M",
    "Title": "",
    "WTit": "",
    "OTit": "",
    "FOA": "1527",
    "Rating": "AUG25",
    "Gms": "0",
    "K": "40",
    "B-day": "1997",
    "Flag": "i"
  },
  {
    "ID Number": "14317290",
    "Name": "Molupe, Itumeleng",
    "Fed": "LES",
    "Sex": "F",
    "Title": "",
    "WTit": "",
    "OTit": "",
    "FOA": "1581",
    "Rating": "AUG25",
    "Gms": "0",
    "K": "40",
    "B-day": "1988",
    "Flag": "wi"
  },
  {
    "ID Number": "21303053",
    "Name": "Monaheng Molibeli",
    "Fed": "LES",
    "Sex": "M",
    "Title": "",
    "WTit": "",
    "OTit": "",
    "FOA": "1479",
    "Rating": "AUG25",
    "Gms": "0",
    "K": "40",
    "B-day": "2008",
    "Flag": "i"
  },
  {
    "ID Number": "21300470",
    "Name": "Monaheng Motlomelo",
    "Fed": "LES",
    "Sex": "M",
    "Title": "",
    "WTit": "FA",
    "OTit": "",
    "FOA": "1726",
    "Rating": "AUG25",
    "Gms": "0",
    "K": "20",
    "B-day": "1995",
    "Flag": "i"
  },
  {
    "ID Number": "21300895",
    "Name": "Monyake Doti",
    "Fed": "LES",
    "Sex": "M",
    "Title": "",
    "WTit": "",
    "OTit": "",
    "FOA": "1734",
    "Rating": "AUG25",
    "Gms": "0",
    "K": "40",
    "B-day": "1996",
    "Flag": "i"
  },
  {
    "ID Number": "21300240",
    "Name": "Monyalotsa Mobe",
    "Fed": "LES",
    "Sex": "M",
    "Title": "",
    "WTit": "",
    "OTit": "",
    "FOA": "1602",
    "Rating": "AUG25",
    "Gms": "0",
    "K": "40",
    "B-day": "1987",
    "Flag": "i"
  },
  {
    "ID Number": "21300690",
    "Name": "Moorosi Makhele",
    "Fed": "LES",
    "Sex": "M",
    "Title": "",
    "WTit": "",
    "OTit": "",
    "FOA": "1553",
    "Rating": "AUG25",
    "Gms": "0",
    "K": "40",
    "B-day": "2006",
    "Flag": "i"
  },
  {
    "ID Number": "21303436",
    "Name": "Moorosi Thato",
    "Fed": "LES",
    "Sex": "M",
    "Title": "",
    "WTit": "",
    "OTit": "",
    "FOA": "1447",
    "Rating": "AUG25",
    "Gms": "2",
    "K": "40",
    "B-day": "2012",
    "Flag": ""
  },
  {
    "ID Number": "21300046",
    "Name": "Morienyane Tlhoriso",
    "Fed": "LES",
    "Sex": "M",
    "Title": "",
    "WTit": "",
    "OTit": "",
    "FOA": "1666",
    "Rating": "AUG25",
    "Gms": "0",
    "K": "40",
    "B-day": "1988",
    "Flag": "i"
  },
  {
    "ID Number": "21300070",
    "Name": "Mosa Mantutle",
    "Fed": "LES",
    "Sex": "M",
    "Title": "",
    "WTit": "",
    "OTit": "",
    "FOA": "1663",
    "Rating": "AUG25",
    "Gms": "0",
    "K": "40",
    "B-day": "1998",
    "Flag": "i"
  },
  {
    "ID Number": "14317249",
    "Name": "Moseli, Phera",
    "Fed": "LES",
    "Sex": "M",
    "Title": "",
    "WTit": "",
    "OTit": "",
    "FOA": "1723",
    "Rating": "AUG25",
    "Gms": "0",
    "K": "20",
    "B-day": "1985",
    "Flag": "i"
  },
  {
    "ID Number": "21301352",
    "Name": "Moshoeshoe, Moshoeshoe",
    "Fed": "LES",
    "Sex": "M",
    "Title": "",
    "WTit": "",
    "OTit": "",
    "FOA": "1565",
    "Rating": "AUG25",
    "Gms": "0",
    "K": "40",
    "B-day": "2003",
    "Flag": "i"
  },
  {
    "ID Number": "21303177",
    "Name": "mota Tsele",
    "Fed": "LES",
    "Sex": "M",
    "Title": "",
    "WTit": "",
    "OTit": "",
    "FOA": "1486",
    "Rating": "AUG25",
    "Gms": "0",
    "K": "40",
    "B-day": "1999",
    "Flag": "i"
  },
  {
    "ID Number": "21302626",
    "Name": "Motalingoane, Caesar",
    "Fed": "LES",
    "Sex": "M",
    "Title": "",
    "WTit": "",
    "OTit": "",
    "FOA": "1586",
    "Rating": "AUG25",
    "Gms": "0",
    "K": "20",
    "B-day": "2005",
    "Flag": "i"
  },
  {
    "ID Number": "21303568",
    "Name": "Mothopeng Michael Mapetja",
    "Fed": "LES",
    "Sex": "M",
    "Title": "",
    "WTit": "",
    "OTit": "",
    "FOA": "1641",
    "Rating": "AUG25",
    "Gms": "0",
    "K": "40",
    "B-day": "2005",
    "Flag": "i"
  },
  {
    "ID Number": "21300267",
    "Name": "Motlohi Motlatsi",
    "Fed": "LES",
    "Sex": "M",
    "Title": "",
    "WTit": "",
    "OTit": "",
    "FOA": "1664",
    "Rating": "AUG25",
    "Gms": "0",
    "K": "20",
    "B-day": "1971",
    "Flag": ""
  },
  {
    "ID Number": "21301948",
    "Name": "Motlomelo, Lihloela",
    "Fed": "LES",
    "Sex": "M",
    "Title": "",
    "WTit": "",
    "OTit": "",
    "FOA": "1760",
    "Rating": "AUG25",
    "Gms": "0",
    "K": "20",
    "B-day": "2003",
    "Flag": ""
  },
  {
    "ID Number": "21300151",
    "Name": "Motsoko Makhetha",
    "Fed": "LES",
    "Sex": "M",
    "Title": "",
    "WTit": "",
    "OTit": "",
    "FOA": "1677",
    "Rating": "AUG25",
    "Gms": "0",
    "K": "40",
    "B-day": "1996",
    "Flag": "i"
  },
  {
    "ID Number": "21300291",
    "Name": "Mphetole Mona",
    "Fed": "LES",
    "Sex": "M",
    "Title": "",
    "WTit": "SI",
    "OTit": "",
    "FOA": "1649",
    "Rating": "AUG25",
    "Gms": "0",
    "K": "20",
    "B-day": "1995",
    "Flag": ""
  },
  {
    "ID Number": "21300879",
    "Name": "Mphoto Molapo",
    "Fed": "LES",
    "Sex": "M",
    "Title": "",
    "WTit": "",
    "OTit": "",
    "FOA": "1645",
    "Rating": "AUG25",
    "Gms": "0",
    "K": "20",
    "B-day": "1996",
    "Flag": "i"
  },
  {
    "ID Number": "21300933",
    "Name": "Mpiko Thobileng",
    "Fed": "LES",
    "Sex": "M",
    "Title": "",
    "WTit": "",
    "OTit": "",
    "FOA": "1557",
    "Rating": "AUG25",
    "Gms": "0",
    "K": "40",
    "B-day": "1997",
    "Flag": "i"
  },
  {
    "ID Number": "21303495",
    "Name": "Naeo Mokhachane",
    "Fed": "LES",
    "Sex": "M",
    "Title": "",
    "WTit": "",
    "OTit": "",
    "FOA": "1587",
    "Rating": "AUG25",
    "Gms": "0",
    "K": "40",
    "B-day": "1998",
    "Flag": "i"
  },
  {
    "ID Number": "21300500",
    "Name": "Ngakana Nzema",
    "Fed": "LES",
    "Sex": "M",
    "Title": "",
    "WTit": "",
    "OTit": "",
    "FOA": "1668",
    "Rating": "AUG25",
    "Gms": "0",
    "K": "20",
    "B-day": "1999",
    "Flag": "i"
  },
  {
    "ID Number": "21302308",
    "Name": "Nonofo, Phitisi",
    "Fed": "LES",
    "Sex": "M",
    "Title": "",
    "WTit": "",
    "OTit": "",
    "FOA": "1645",
    "Rating": "AUG25",
    "Gms": "0",
    "K": "40",
    "B-day": "2005",
    "Flag": "i"
  },
  {
    "ID Number": "21301921",
    "Name": "Ntsielo, Bonolo",
    "Fed": "LES",
    "Sex": "F",
    "Title": "",
    "WTit": "",
    "OTit": "",
    "FOA": "1824",
    "Rating": "AUG25",
    "Gms": "0",
    "K": "40",
    "B-day": "2008",
    "Flag": "w"
  },
  {
    "ID Number": "21302103",
    "Name": "Ntsonyana, Bahlakoana",
    "Fed": "LES",
    "Sex": "M",
    "Title": "",
    "WTit": "",
    "OTit": "",
    "FOA": "1717",
    "Rating": "AUG25",
    "Gms": "0",
    "K": "20",
    "B-day": "2004",
    "Flag": ""
  },
  {
    "ID Number": "21300259",
    "Name": "Ntsonyane Phamotse",
    "Fed": "LES",
    "Sex": "M",
    "Title": "",
    "WTit": "",
    "OTit": "",
    "FOA": "1635",
    "Rating": "AUG25",
    "Gms": "0",
    "K": "40",
    "B-day": "1995",
    "Flag": "i"
  },
  {
    "ID Number": "21300437",
    "Name": "Palamo Makhele",
    "Fed": "LES",
    "Sex": "M",
    "Title": "",
    "WTit": "",
    "OTit": "",
    "FOA": "1543",
    "Rating": "AUG25",
    "Gms": "0",
    "K": "20",
    "B-day": "1985",
    "Flag": "i"
  },
  {
    "ID Number": "21301956",
    "Name": "Phakisi,Letuma",
    "Fed": "LES",
    "Sex": "M",
    "Title": "",
    "WTit": "",
    "OTit": "",
    "FOA": "1504",
    "Rating": "AUG25",
    "Gms": "0",
    "K": "40",
    "B-day": "1996",
    "Flag": "i"
  },
  {
    "ID Number": "21302537",
    "Name": "Phate, Mohanoe",
    "Fed": "LES",
    "Sex": "M",
    "Title": "",
    "WTit": "",
    "OTit": "",
    "FOA": "1605",
    "Rating": "AUG25",
    "Gms": "0",
    "K": "40",
    "B-day": "2000",
    "Flag": "i"
  },
  {
    "ID Number": "21301131",
    "Name": "Pitso Pitso",
    "Fed": "LES",
    "Sex": "M",
    "Title": "",
    "WTit": "",
    "OTit": "",
    "FOA": "1604",
    "Rating": "AUG25",
    "Gms": "0",
    "K": "40",
    "B-day": "1995",
    "Flag": "i"
  },
  {
    "ID Number": "21300739",
    "Name": "Pontso Makhebesela",
    "Fed": "LES",
    "Sex": "F",
    "Title": "",
    "WTit": "",
    "OTit": "",
    "FOA": "1459",
    "Rating": "AUG25",
    "Gms": "0",
    "K": "40",
    "B-day": "2002",
    "Flag": "w"
  },
  {
    "ID Number": "21302316",
    "Name": "Rafutho, Khauheloa",
    "Fed": "LES",
    "Sex": "M",
    "Title": "",
    "WTit": "",
    "OTit": "",
    "FOA": "1485",
    "Rating": "AUG25",
    "Gms": "0",
    "K": "40",
    "B-day": "1996",
    "Flag": "i"
  },
  {
    "ID Number": "21302324",
    "Name": "Raliapeng, Mahlomola",
    "Fed": "LES",
    "Sex": "M",
    "Title": "",
    "WTit": "",
    "OTit": "",
    "FOA": "1581",
    "Rating": "AUG25",
    "Gms": "0",
    "K": "40",
    "B-day": "1995",
    "Flag": "i"
  },
  {
    "ID Number": "14317311",
    "Name": "Ramakabane, Refuoe",
    "Fed": "LES",
    "Sex": "M",
    "Title": "",
    "WTit": "",
    "OTit": "",
    "FOA": "1558",
    "Rating": "AUG25",
    "Gms": "0",
    "K": "20",
    "B-day": "1983",
    "Flag": ""
  },
  {
    "ID Number": "21302057",
    "Name": "Ranthimo, Lesitse",
    "Fed": "LES",
    "Sex": "M",
    "Title": "",
    "WTit": "",
    "OTit": "",
    "FOA": "1638",
    "Rating": "AUG25",
    "Gms": "0",
    "K": "40",
    "B-day": "1998",
    "Flag": "i"
  },
  {
    "ID Number": "21300771",
    "Name": "Rapelang Khutsoane",
    "Fed": "LES",
    "Sex": "M",
    "Title": "",
    "WTit": "",
    "OTit": "",
    "FOA": "1570",
    "Rating": "AUG25",
    "Gms": "0",
    "K": "40",
    "B-day": "1995",
    "Flag": "i"
  },
  {
    "ID Number": "21301883",
    "Name": "Rapopo, Mthimkhulu",
    "Fed": "LES",
    "Sex": "M",
    "Title": "",
    "WTit": "",
    "OTit": "",
    "FOA": "1457",
    "Rating": "AUG25",
    "Gms": "0",
    "K": "40",
    "B-day": "2000",
    "Flag": "i"
  },
  {
    "ID Number": "21300399",
    "Name": "Refiloe Hlabisi",
    "Fed": "LES",
    "Sex": "M",
    "Title": "",
    "WTit": "",
    "OTit": "",
    "FOA": "1679",
    "Rating": "AUG25",
    "Gms": "0",
    "K": "40",
    "B-day": "1990",
    "Flag": "i"
  },
  {
    "ID Number": "21300658",
    "Name": "Reitumetse Taioe",
    "Fed": "LES",
    "Sex": "F",
    "Title": "",
    "WTit": "",
    "OTit": "",
    "FOA": "1565",
    "Rating": "AUG25",
    "Gms": "0",
    "K": "40",
    "B-day": "2009",
    "Flag": "wi"
  },
  {
    "ID Number": "21305110",
    "Name": "Rethabisitsoe Sehlabaka",
    "Fed": "LES",
    "Sex": "M",
    "Title": "",
    "WTit": "",
    "OTit": "",
    "FOA": "1649",
    "Rating": "AUG25",
    "Gms": "0",
    "K": "40",
    "B-day": "2008",
    "Flag": "i"
  },
  {
    "ID Number": "14317192",
    "Name": "Seboka, Bakoena",
    "Fed": "LES",
    "Sex": "M",
    "Title": "",
    "WTit": "",
    "OTit": "",
    "FOA": "1702",
    "Rating": "AUG25",
    "Gms": "0",
    "K": "20",
    "B-day": "1997",
    "Flag": "i"
  },
  {
    "ID Number": "21302804",
    "Name": "Sefeane Masupha",
    "Fed": "LES",
    "Sex": "M",
    "Title": "",
    "WTit": "",
    "OTit": "",
    "FOA": "1453",
    "Rating": "AUG25",
    "Gms": "0",
    "K": "20",
    "B-day": "2004",
    "Flag": "i"
  },
  {
    "ID Number": "21301514",
    "Name": "Sehlabaka, Rethabile",
    "Fed": "LES",
    "Sex": "M",
    "Title": "",
    "WTit": "",
    "OTit": "",
    "FOA": "1690",
    "Rating": "AUG25",
    "Gms": "0",
    "K": "20",
    "B-day": "1996",
    "Flag": "i"
  },
  {
    "ID Number": "21300011",
    "Name": "Selatela, Khiba",
    "Fed": "LES",
    "Sex": "M",
    "Title": "",
    "WTit": "",
    "OTit": "",
    "FOA": "1645",
    "Rating": "AUG25",
    "Gms": "0",
    "K": "20",
    "B-day": "1996",
    "Flag": "i"
  },
  {
    "ID Number": "21302944",
    "Name": "Sello Gloria Tsioa",
    "Fed": "LES",
    "Sex": "F",
    "Title": "",
    "WTit": "",
    "OTit": "",
    "FOA": "1489",
    "Rating": "AUG25",
    "Gms": "0",
    "K": "40",
    "B-day": "2001",
    "Flag": "wi"
  },
  {
    "ID Number": "21304122",
    "Name": "Sello Liteboho",
    "Fed": "LES",
    "Sex": "M",
    "Title": "",
    "WTit": "",
    "OTit": "",
    "FOA": "1488",
    "Rating": "AUG25",
    "Gms": "0",
    "K": "40",
    "B-day": "2010",
    "Flag": ""
  },
  {
    "ID Number": "21301433",
    "Name": "Sello, Tholoana",
    "Fed": "LES",
    "Sex": "M",
    "Title": "",
    "WTit": "",
    "OTit": "",
    "FOA": "1584",
    "Rating": "AUG25",
    "Gms": "0",
    "K": "40",
    "B-day": "2001",
    "Flag": "i"
  },
  {
    "ID Number": "21303720",
    "Name": "Semano Neo",
    "Fed": "LES",
    "Sex": "M",
    "Title": "",
    "WTit": "",
    "OTit": "",
    "FOA": "1417",
    "Rating": "AUG25",
    "Gms": "0",
    "K": "40",
    "B-day": "2007",
    "Flag": "i"
  },
  {
    "ID Number": "21303398",
    "Name": "Senohe Chaka",
    "Fed": "LES",
    "Sex": "M",
    "Title": "",
    "WTit": "",
    "OTit": "",
    "FOA": "1644",
    "Rating": "AUG25",
    "Gms": "0",
    "K": "40",
    "B-day": "2005",
    "Flag": ""
  },
  {
    "ID Number": "21301263",
    "Name": "Sentsuoe, Mariti",
    "Fed": "LES",
    "Sex": "M",
    "Title": "",
    "WTit": "",
    "OTit": "",
    "FOA": "1577",
    "Rating": "AUG25",
    "Gms": "0",
    "K": "40",
    "B-day": "1998",
    "Flag": "i"
  },
  {
    "ID Number": "21302960",
    "Name": "Setipe Tsepo",
    "Fed": "LES",
    "Sex": "M",
    "Title": "",
    "WTit": "",
    "OTit": "",
    "FOA": "1511",
    "Rating": "AUG25",
    "Gms": "0",
    "K": "40",
    "B-day": "2005",
    "Flag": "i"
  },
  {
    "ID Number": "21303380",
    "Name": "Siyabonga Sibeko",
    "Fed": "LES",
    "Sex": "M",
    "Title": "",
    "WTit": "",
    "OTit": "",
    "FOA": "1754",
    "Rating": "AUG25",
    "Gms": "0",
    "K": "20",
    "B-day": "2005",
    "Flag": "i"
  },
  {
    "ID Number": "21303533",
    "Name": "Soro Mzwandile",
    "Fed": "LES",
    "Sex": "M",
    "Title": "",
    "WTit": "",
    "OTit": "",
    "FOA": "1553",
    "Rating": "AUG25",
    "Gms": "0",
    "K": "40",
    "B-day": "2001",
    "Flag": ""
  },
  {
    "ID Number": "21300720",
    "Name": "Teboho Lelimo",
    "Fed": "LES",
    "Sex": "M",
    "Title": "",
    "WTit": "",
    "OTit": "",
    "FOA": "1563",
    "Rating": "AUG25",
    "Gms": "0",
    "K": "20",
    "B-day": "2003",
    "Flag": "i"
  },
  {
    "ID Number": "21301379",
    "Name": "Teboho Makhele",
    "Fed": "LES",
    "Sex": "M",
    "Title": "",
    "WTit": "",
    "OTit": "",
    "FOA": "1677",
    "Rating": "AUG25",
    "Gms": "0",
    "K": "20",
    "B-day": "2000",
    "Flag": "i"
  },
  {
    "ID Number": "21300429",
    "Name": "Thabang Maepe",
    "Fed": "LES",
    "Sex": "M",
    "Title": "",
    "WTit": "",
    "OTit": "",
    "FOA": "1768",
    "Rating": "AUG25",
    "Gms": "0",
    "K": "20",
    "B-day": "1998",
    "Flag": "i"
  },
  {
    "ID Number": "21301549",
    "Name": "Thabang, Mphane",
    "Fed": "LES",
    "Sex": "M",
    "Title": "",
    "WTit": "",
    "OTit": "",
    "FOA": "1778",
    "Rating": "AUG25",
    "Gms": "0",
    "K": "20",
    "B-day": "2002",
    "Flag": ""
  },
  {
    "ID Number": "21300950",
    "Name": "Thabiso Seleso",
    "Fed": "LES",
    "Sex": "M",
    "Title": "",
    "WTit": "",
    "OTit": "",
    "FOA": "1670",
    "Rating": "AUG25",
    "Gms": "0",
    "K": "40",
    "B-day": "1996",
    "Flag": "i"
  },
  {
    "ID Number": "21301492",
    "Name": "Thabo, Setlhotlelo",
    "Fed": "LES",
    "Sex": "M",
    "Title": "",
    "WTit": "",
    "OTit": "",
    "FOA": "1663",
    "Rating": "AUG25",
    "Gms": "0",
    "K": "40",
    "B-day": "2000",
    "Flag": "i"
  },
  {
    "ID Number": "21303916",
    "Name": "Thapelo Musa",
    "Fed": "LES",
    "Sex": "M",
    "Title": "",
    "WTit": "",
    "OTit": "",
    "FOA": "1517",
    "Rating": "AUG25",
    "Gms": "0",
    "K": "40",
    "B-day": "2007",
    "Flag": "i"
  },
  {
    "ID Number": "21300550",
    "Name": "Theko, Khanyapa",
    "Fed": "LES",
    "Sex": "M",
    "Title": "",
    "WTit": "",
    "OTit": "",
    "FOA": "1884",
    "Rating": "AUG25",
    "Gms": "0",
    "K": "20",
    "B-day": "1997",
    "Flag": "i"
  },
  {
    "ID Number": "21301204",
    "Name": "Theoha, Pheta",
    "Fed": "LES",
    "Sex": "M",
    "Title": "",
    "WTit": "",
    "OTit": "",
    "FOA": "1614",
    "Rating": "AUG25",
    "Gms": "0",
    "K": "40",
    "B-day": "2002",
    "Flag": "i"
  },
  {
    "ID Number": "21301930",
    "Name": "Thetsane, Nteboheleng",
    "Fed": "LES",
    "Sex": "F",
    "Title": "",
    "WTit": "",
    "OTit": "",
    "FOA": "1630",
    "Rating": "AUG25",
    "Gms": "0",
    "K": "40",
    "B-day": "2008",
    "Flag": "w"
  },
  {
    "ID Number": "21301298",
    "Name": "Tlotlisang Motlhokoa",
    "Fed": "LES",
    "Sex": "M",
    "Title": "",
    "WTit": "",
    "OTit": "",
    "FOA": "1515",
    "Rating": "AUG25",
    "Gms": "0",
    "K": "20",
    "B-day": "2002",
    "Flag": "i"
  },
  {
    "ID Number": "21301573",
    "Name": "Tlotliso, Motlhokoa",
    "Fed": "LES",
    "Sex": "M",
    "Title": "",
    "WTit": "",
    "OTit": "",
    "FOA": "1544",
    "Rating": "AUG25",
    "Gms": "0",
    "K": "40",
    "B-day": "2002",
    "Flag": ""
  },
  {
    "ID Number": "21302197",
    "Name": "Tsephe, Lebajoa",
    "Fed": "LES",
    "Sex": "M",
    "Title": "",
    "WTit": "",
    "OTit": "",
    "FOA": "1950",
    "Rating": "AUG25",
    "Gms": "0",
    "K": "20",
    "B-day": "2005",
    "Flag": ""
  },
  {
    "ID Number": "21303843",
    "Name": "Tsepo Masaballa",
    "Fed": "LES",
    "Sex": "M",
    "Title": "",
    "WTit": "",
    "OTit": "",
    "FOA": "1517",
    "Rating": "AUG25",
    "Gms": "0",
    "K": "40",
    "B-day": "2004",
    "Flag": ""
  },
  {
    "ID Number": "21301174",
    "Name": "Tsepo Thoala",
    "Fed": "LES",
    "Sex": "M",
    "Title": "",
    "WTit": "",
    "OTit": "",
    "FOA": "1617",
    "Rating": "AUG25",
    "Gms": "0",
    "K": "40",
    "B-day": "1995",
    "Flag": "i"
  },
  {
    "ID Number": "21301387",
    "Name": "Tsepo Tjamela",
    "Fed": "LES",
    "Sex": "M",
    "Title": "",
    "WTit": "",
    "OTit": "",
    "FOA": "1598",
    "Rating": "AUG25",
    "Gms": "0",
    "K": "20",
    "B-day": "1998",
    "Flag": ""
  },
  {
    "ID Number": "21301069",
    "Name": "Tsiu Matsepe",
    "Fed": "LES",
    "Sex": "M",
    "Title": "",
    "WTit": "",
    "OTit": "",
    "FOA": "1706",
    "Rating": "AUG25",
    "Gms": "0",
    "K": "20",
    "B-day": "1999",
    "Flag": "i"
  },
  {
    "ID Number": "21301476",
    "Name": "Tsoanelo, Malupe",
    "Fed": "LES",
    "Sex": "M",
    "Title": "",
    "WTit": "",
    "OTit": "",
    "FOA": "1644",
    "Rating": "AUG25",
    "Gms": "0",
    "K": "40",
    "B-day": "1997",
    "Flag": "i"
  },
  {
    "ID Number": "21302596",
    "Name": "Tsukulu, Tumelo",
    "Fed": "LES",
    "Sex": "M",
    "Title": "",
    "WTit": "",
    "OTit": "",
    "FOA": "1522",
    "Rating": "AUG25",
    "Gms": "0",
    "K": "40",
    "B-day": "2003",
    "Flag": "i"
  },
  {
    "ID Number": "21301417",
    "Name": "Tumelo, Chauke",
    "Fed": "LES",
    "Sex": "M",
    "Title": "",
    "WTit": "",
    "OTit": "",
    "FOA": "1556",
    "Rating": "AUG25",
    "Gms": "0",
    "K": "40",
    "B-day": "2002",
    "Flag": "i"
  }
]