[
  {
    "ID Number": "21300402"
  },
  {
    "ID Number": "21302782"
  },
  {
    "ID Number": "21303509"
  },
  {
    "ID Number": "21301441"
  },
  {
    "ID Number": "21303410"
  },
  {
    "ID Number": "21301484"
  },
  {
    "ID Number": "21302898"
  },
  {
    "ID Number": "14317214"
  },
  {
    "ID Number": "21302235"
  },
  {
    "ID Number": "21300380"
  },
  {
    "ID Number": "21304505"
  },
  {
    "ID Number": "21300984"
  },
  {
    "ID Number": "21301468"
  },
  {
    "ID Number": "21303649"
  },
  {
    "ID Number": "21302855"
  },
  {
    "ID Number": "21303622"
  },
  {
    "ID Number": "21303819"
  },
  {
    "ID Number": "21303029"
  },
  {
    "ID Number": "21300496"
  },
  {
    "ID Number": "21303088"
  },
  {
    "ID Number": "21301310"
  },
  {
    "ID Number": "14317176"
  },
  {
    "ID Number": "21302243"
  },
  {
    "ID Number": "21302340"
  },
  {
    "ID Number": "21300577"
  },
  {
    "ID Number": "21304599"
  },
  {
    "ID Number": "21300020"
  },
  {
    "ID Number": "14317206"
  },
  {
    "ID Number": "21302170"
  },
  {
    "ID Number": "21300119"
  },
  {
    "ID Number": "21300976"
  },
  {
    "ID Number": "21300542"
  },
  {
    "ID Number": "21301271"
  },
  {
    "ID Number": "21300348"
  },
  {
    "ID Number": "14317281"
  },
  {
    "ID Number": "21300798"
  },
  {
    "ID Number": "21303150"
  },
  {
    "ID Number": "21300747"
  },
  {
    "ID Number": "21301506"
  },
  {
    "ID Number": "21301042"
  },
  {
    "ID Number": "21302499"
  },
  {
    "ID Number": "21301808"
  },
  {
    "ID Number": "21302359"
  },
  {
    "ID Number": "21301719"
  },
  {
    "ID Number": "21301247"
  },
  {
    "ID Number": "21300372"
  },
  {
    "ID Number": "21300585"
  },
  {
    "ID Number": "21300356"
  },
  {
    "ID Number": "21303185"
  },
  {
    "ID Number": "21304025"
  },
  {
    "ID Number": "21300445"
  },
  {
    "ID Number": "21302774"
  },
  {
    "ID Number": "21302715"
  },
  {
    "ID Number": "21300810"
  },
  {
    "ID Number": "14317230"
  },
  {
    "ID Number": "21302731"
  },
  {
    "ID Number": "21302464"
  },
  {
    "ID Number": "21302634"
  },
  {
    "ID Number": "21305153"
  },
  {
    "ID Number": "21301603"
  },
  {
    "ID Number": "21301255"
  },
  {
    "ID Number": "21303908"
  },
  {
    "ID Number": "21300763"
  },
  {
    "ID Number": "21300968"
  },
  {
    "ID Number": "21300313"
  },
  {
    "ID Number": "21300283"
  },
  {
    "ID Number": "21303525"
  },
  {
    "ID Number": "21300852"
  },
  {
    "ID Number": "21301646"
  },
  {
    "ID Number": "21301816"
  },
  {
    "ID Number": "21300836"
  },
  {
    "ID Number": "21303428"
  },
  {
    "ID Number": "21304033"
  },
  {
    "ID Number": "21300178"
  },
  {
    "ID Number": "21300488"
  },
  {
    "ID Number": "21304041"
  },
  {
    "ID Number": "21303401"
  },
  {
    "ID Number": "21301328"
  },
  {
    "ID Number": "21302529"
  },
  {
    "ID Number": "21300453"
  },
  {
    "ID Number": "21300275"
  },
  {
    "ID Number": "21301875"
  },
  {
    "ID Number": "21301794"
  },
  {
    "ID Number": "21302545"
  },
  {
    "ID Number": "14317265"
  },
  {
    "ID Number": "21300038"
  },
  {
    "ID Number": "21300569"
  },
  {
    "ID Number": "21302294"
  },
  {
    "ID Number": "21300674"
  },
  {
    "ID Number": "21301344"
  },
  {
    "ID Number": "21303487"
  },
  {
    "ID Number": "21300054"
  },
  {
    "ID Number": "21301751"
  },
  {
    "ID Number": "21301620"
  },
  {
    "ID Number": "21301824"
  },
  {
    "ID Number": "14317290"
  },
  {
    "ID Number": "21303053"
  },
  {
    "ID Number": "21300470"
  },
  {
    "ID Number": "21300895"
  },
  {
    "ID Number": "21300240"
  },
  {
    "ID Number": "21300690"
  },
  {
    "ID Number": "21303436"
  },
  {
    "ID Number": "21300046"
  },
  {
    "ID Number": "21300070"
  },
  {
    "ID Number": "14317249"
  },
  {
    "ID Number": "21301352"
  },
  {
    "ID Number": "21303177"
  },
  {
    "ID Number": "21302626"
  },
  {
    "ID Number": "21303568"
  },
  {
    "ID Number": "21300267"
  },
  {
    "ID Number": "21301948"
  },
  {
    "ID Number": "21300151"
  },
  {
    "ID Number": "21300291"
  },
  {
    "ID Number": "21300879"
  },
  {
    "ID Number": "21300933"
  },
  {
    "ID Number": "21303495"
  },
  {
    "ID Number": "21300500"
  },
  {
    "ID Number": "21302308"
  },
  {
    "ID Number": "21301921"
  },
  {
    "ID Number": "21302103"
  },
  {
    "ID Number": "21300259"
  },
  {
    "ID Number": "21300437"
  },
  {
    "ID Number": "21301956"
  },
  {
    "ID Number": "21302537"
  },
  {
    "ID Number": "21301131"
  },
  {
    "ID Number": "21300739"
  },
  {
    "ID Number": "21302316"
  },
  {
    "ID Number": "21302324"
  },
  {
    "ID Number": "14317311"
  },
  {
    "ID Number": "21302057"
  },
  {
    "ID Number": "21300771"
  },
  {
    "ID Number": "21301883"
  },
  {
    "ID Number": "21300399"
  },
  {
    "ID Number": "21300658"
  },
  {
    "ID Number": "21305110"
  },
  {
    "ID Number": "14317192"
  },
  {
    "ID Number": "21302804"
  },
  {
    "ID Number": "21301514"
  },
  {
    "ID Number": "21300011"
  },
  {
    "ID Number": "21302944"
  },
  {
    "ID Number": "21304122"
  },
  {
    "ID Number": "21301433"
  },
  {
    "ID Number": "21303720"
  },
  {
    "ID Number": "21303398"
  },
  {
    "ID Number": "21301263"
  },
  {
    "ID Number": "21302960"
  },
  {
    "ID Number": "21303380"
  },
  {
    "ID Number": "21303533"
  },
  {
    "ID Number": "21300720"
  },
  {
    "ID Number": "21301379"
  },
  {
    "ID Number": "21300429"
  },
  {
    "ID Number": "21301549"
  },
  {
    "ID Number": "21300950"
  },
  {
    "ID Number": "21301492"
  },
  {
    "ID Number": "21303916"
  },
  {
    "ID Number": "21300550"
  },
  {
    "ID Number": "21301204"
  },
  {
    "ID Number": "21301930"
  },
  {
    "ID Number": "21301298"
  },
  {
    "ID Number": "21301573"
  },
  {
    "ID Number": "21302197"
  },
  {
    "ID Number": "21303843"
  },
  {
    "ID Number": "21301174"
  },
  {
    "ID Number": "21301387"
  },
  {
    "ID Number": "21301069"
  },
  {
    "ID Number": "21301476"
  },
  {
    "ID Number": "21302596"
  },
  {
    "ID Number": "21301417"
  }
]