[
  {
    "ID Number": "12202339"
  },
  {
    "ID Number": "12208019"
  },
  {
    "ID Number": "12201359"
  },
  {
    "ID Number": "12204676"
  },
  {
    "ID Number": "12205036"
  },
  {
    "ID Number": "12204455"
  },
  {
    "ID Number": "12203866"
  },
  {
    "ID Number": "12202576"
  },
  {
    "ID Number": "12202460"
  },
  {
    "ID Number": "12207586"
  },
  {
    "ID Number": "12200859"
  },
  {
    "ID Number": "12208779"
  },
  {
    "ID Number": "12206229"
  },
  {
    "ID Number": "12200875"
  },
  {
    "ID Number": "12200115"
  },
  {
    "ID Number": "12201723"
  },
  {
    "ID Number": "12202568"
  },
  {
    "ID Number": "12208426"
  },
  {
    "ID Number": "12207403"
  },
  {
    "ID Number": "12206571"
  },
  {
    "ID Number": "12201715"
  },
  {
    "ID Number": "12205184"
  },
  {
    "ID Number": "12208329"
  },
  {
    "ID Number": "12205303"
  },
  {
    "ID Number": "12207373"
  },
  {
    "ID Number": "12209058"
  },
  {
    "ID Number": "12205150"
  },
  {
    "ID Number": "12200590"
  },
  {
    "ID Number": "12201588"
  },
  {
    "ID Number": "12200328"
  },
  {
    "ID Number": "12202550"
  },
  {
    "ID Number": "12206580"
  },
  {
    "ID Number": "12209589"
  },
  {
    "ID Number": "12211028"
  },
  {
    "ID Number": "12216402"
  },
  {
    "ID Number": "12202924"
  },
  {
    "ID Number": "12200654"
  },
  {
    "ID Number": "12204358"
  },
  {
    "ID Number": "12207225"
  },
  {
    "ID Number": "12201871"
  },
  {
    "ID Number": "12203947"
  },
  {
    "ID Number": "12200123"
  },
  {
    "ID Number": "12208337"
  },
  {
    "ID Number": "12201650"
  },
  {
    "ID Number": "12202061"
  },
  {
    "ID Number": "12201103"
  },
  {
    "ID Number": "12200719"
  },
  {
    "ID Number": "12201804"
  },
  {
    "ID Number": "12204340"
  },
  {
    "ID Number": "12208132"
  },
  {
    "ID Number": "12203572"
  },
  {
    "ID Number": "12202843"
  },
  {
    "ID Number": "12206849"
  },
  {
    "ID Number": "12201561"
  },
  {
    "ID Number": "12217115"
  },
  {
    "ID Number": "12202770"
  },
  {
    "ID Number": "12204145"
  },
  {
    "ID Number": "12216623"
  },
  {
    "ID Number": "12204579"
  },
  {
    "ID Number": "12200727"
  },
  {
    "ID Number": "12204250"
  },
  {
    "ID Number": "12205338"
  },
  {
    "ID Number": "12201448"
  },
  {
    "ID Number": "12206300"
  },
  {
    "ID Number": "12206962"
  },
  {
    "ID Number": "12200883"
  },
  {
    "ID Number": "12201987"
  },
  {
    "ID Number": "12205010"
  },
  {
    "ID Number": "12200190"
  },
  {
    "ID Number": "12200913"
  },
  {
    "ID Number": "12205621"
  },
  {
    "ID Number": "12201758"
  },
  {
    "ID Number": "12207217"
  },
  {
    "ID Number": "12203300"
  },
  {
    "ID Number": "12204315"
  },
  {
    "ID Number": "738794"
  },
  {
    "ID Number": "12200310"
  },
  {
    "ID Number": "12201421"
  },
  {
    "ID Number": "12204471"
  },
  {
    "ID Number": "12204889"
  },
  {
    "ID Number": "12205273"
  },
  {
    "ID Number": "12205583"
  },
  {
    "ID Number": "12208035"
  },
  {
    "ID Number": "12205346"
  },
  {
    "ID Number": "12200700"
  },
  {
    "ID Number": "12201316"
  },
  {
    "ID Number": "12207551"
  },
  {
    "ID Number": "12202380"
  },
  {
    "ID Number": "12201006"
  },
  {
    "ID Number": "12200948"
  },
  {
    "ID Number": "12201839"
  },
  {
    "ID Number": "12200247"
  },
  {
    "ID Number": "12204978"
  },
  {
    "ID Number": "12201685"
  },
  {
    "ID Number": "12202614"
  },
  {
    "ID Number": "12202908"
  },
  {
    "ID Number": "12200492"
  },
  {
    "ID Number": "12204668"
  },
  {
    "ID Number": "12205257"
  },
  {
    "ID Number": "12210480"
  },
  {
    "ID Number": "12205192"
  },
  {
    "ID Number": "12201731"
  },
  {
    "ID Number": "12208175"
  },
  {
    "ID Number": "12202584"
  },
  {
    "ID Number": "12212903"
  },
  {
    "ID Number": "12201529"
  },
  {
    "ID Number": "12200336"
  },
  {
    "ID Number": "12206636"
  },
  {
    "ID Number": "12211869"
  },
  {
    "ID Number": "12201057"
  },
  {
    "ID Number": "12206407"
  },
  {
    "ID Number": "12202304"
  },
  {
    "ID Number": "12217034"
  },
  {
    "ID Number": "12202002"
  },
  {
    "ID Number": "12210919"
  },
  {
    "ID Number": "12200174"
  },
  {
    "ID Number": "12204447"
  },
  {
    "ID Number": "12204285"
  },
  {
    "ID Number": "12202231"
  },
  {
    "ID Number": "12201200"
  },
  {
    "ID Number": "12200506"
  },
  {
    "ID Number": "12203343"
  },
  {
    "ID Number": "12205699"
  },
  {
    "ID Number": "12202029"
  },
  {
    "ID Number": "12204013"
  },
  {
    "ID Number": "12204021"
  },
  {
    "ID Number": "12206679"
  },
  {
    "ID Number": "12202681"
  },
  {
    "ID Number": "12201464"
  },
  {
    "ID Number": "12206687"
  },
  {
    "ID Number": "12202789"
  },
  {
    "ID Number": "12203360"
  },
  {
    "ID Number": "12203637"
  },
  {
    "ID Number": "12205613"
  },
  {
    "ID Number": "12216810"
  },
  {
    "ID Number": "12201910"
  },
  {
    "ID Number": "12209406"
  },
  {
    "ID Number": "12211524"
  },
  {
    "ID Number": "12216771"
  },
  {
    "ID Number": "12210595"
  },
  {
    "ID Number": "12204730"
  },
  {
    "ID Number": "12211885"
  },
  {
    "ID Number": "12203394"
  },
  {
    "ID Number": "12214612"
  },
  {
    "ID Number": "12201677"
  },
  {
    "ID Number": "12202606"
  },
  {
    "ID Number": "12200964"
  },
  {
    "ID Number": "12203149"
  },
  {
    "ID Number": "12203424"
  },
  {
    "ID Number": "12202134"
  },
  {
    "ID Number": "12209007"
  },
  {
    "ID Number": "12204633"
  },
  {
    "ID Number": "12205540"
  },
  {
    "ID Number": "12200735"
  },
  {
    "ID Number": "12204064"
  },
  {
    "ID Number": "12205362"
  },
  {
    "ID Number": "12212300"
  },
  {
    "ID Number": "12207527"
  },
  {
    "ID Number": "12207543"
  },
  {
    "ID Number": "12202096"
  },
  {
    "ID Number": "12204498"
  },
  {
    "ID Number": "12203653"
  },
  {
    "ID Number": "12203440"
  },
  {
    "ID Number": "12202088"
  },
  {
    "ID Number": "12214426"
  },
  {
    "ID Number": "12200085"
  },
  {
    "ID Number": "12200433"
  },
  {
    "ID Number": "12217050"
  },
  {
    "ID Number": "12205788"
  },
  {
    "ID Number": "12202347"
  },
  {
    "ID Number": "12212598"
  },
  {
    "ID Number": "12205060"
  },
  {
    "ID Number": "12201880"
  },
  {
    "ID Number": "12211575"
  },
  {
    "ID Number": "12204080"
  },
  {
    "ID Number": "12205370"
  },
  {
    "ID Number": "12202282"
  },
  {
    "ID Number": "12202703"
  },
  {
    "ID Number": "12204102"
  },
  {
    "ID Number": "12204986"
  },
  {
    "ID Number": "10610499"
  },
  {
    "ID Number": "12202487"
  },
  {
    "ID Number": "12205052"
  },
  {
    "ID Number": "12204641"
  },
  {
    "ID Number": "12207594"
  },
  {
    "ID Number": "12211478"
  },
  {
    "ID Number": "12201456"
  },
  {
    "ID Number": "12204110"
  },
  {
    "ID Number": "12206695"
  },
  {
    "ID Number": "12203114"
  },
  {
    "ID Number": "12201014"
  },
  {
    "ID Number": "12205206"
  },
  {
    "ID Number": "12201480"
  },
  {
    "ID Number": "12201162"
  },
  {
    "ID Number": "12209120"
  },
  {
    "ID Number": "12205397"
  },
  {
    "ID Number": "12214434"
  },
  {
    "ID Number": "12202010"
  },
  {
    "ID Number": "12205850"
  },
  {
    "ID Number": "12204463"
  }
]