[
  {
    "ID Number": "12202339",
    "Name": "Aadm Mosad Abdrhman",
    "Fed": "SUD",
    "Sex": "M",
    "Title": "",
    "WTit": "",
    "OTit": "",
    "FOA": "1903",
    "Rating": "AUG25",
    "Gms": "0",
    "K": "20",
    "B-day": "1982",
    "Flag": "i"
  },
  {
    "ID Number": "12208019",
    "Name": "AAYA MUDATHIR ELGAILI IBRAHIM",
    "Fed": "SUD",
    "Sex": "F",
    "Title": "",
    "WTit": "",
    "OTit": "",
    "FOA": "1504",
    "Rating": "AUG25",
    "Gms": "0",
    "K": "40",
    "B-day": "2008",
    "Flag": "wi"
  },
  {
    "ID Number": "12201359",
    "Name": "Abd alhafeez Mohamed Ahmed",
    "Fed": "SUD",
    "Sex": "M",
    "Title": "",
    "WTit": "",
    "OTit": "",
    "FOA": "1752",
    "Rating": "AUG25",
    "Gms": "0",
    "K": "20",
    "B-day": "1970",
    "Flag": "i"
  },
  {
    "ID Number": "12204676",
    "Name": "Abdalla Hussain Homed Mohamed",
    "Fed": "SUD",
    "Sex": "M",
    "Title": "",
    "WTit": "",
    "OTit": "",
    "FOA": "1949",
    "Rating": "AUG25",
    "Gms": "0",
    "K": "20",
    "B-day": "1985",
    "Flag": "i"
  },
  {
    "ID Number": "12205036",
    "Name": "Abdalla Mansoor Abdalla",
    "Fed": "SUD",
    "Sex": "M",
    "Title": "",
    "WTit": "",
    "OTit": "",
    "FOA": "1899",
    "Rating": "AUG25",
    "Gms": "0",
    "K": "20",
    "B-day": "2002",
    "Flag": "i"
  },
  {
    "ID Number": "12204455",
    "Name": "AbdAllah Mohammed Ahmed",
    "Fed": "SUD",
    "Sex": "M",
    "Title": "",
    "WTit": "",
    "OTit": "",
    "FOA": "1984",
    "Rating": "AUG25",
    "Gms": "0",
    "K": "20",
    "B-day": "1973",
    "Flag": "i"
  },
  {
    "ID Number": "12203866",
    "Name": "Abdalrahman, Awad Ahmed Rajab",
    "Fed": "SUD",
    "Sex": "M",
    "Title": "",
    "WTit": "",
    "OTit": "",
    "FOA": "1801",
    "Rating": "AUG25",
    "Gms": "0",
    "K": "20",
    "B-day": "1974",
    "Flag": "i"
  },
  {
    "ID Number": "12202576",
    "Name": "Abdelazeez, Mohamed Abdalla",
    "Fed": "SUD",
    "Sex": "M",
    "Title": "FM",
    "WTit": "NA",
    "OTit": "",
    "FOA": "2189",
    "Rating": "AUG25",
    "Gms": "0",
    "K": "20",
    "B-day": "1988",
    "Flag": "i"
  },
  {
    "ID Number": "12202460",
    "Name": "Abdelhakiem Abdelatief Nogdalla Fadul",
    "Fed": "SUD",
    "Sex": "M",
    "Title": "",
    "WTit": "",
    "OTit": "",
    "FOA": "1979",
    "Rating": "AUG25",
    "Gms": "0",
    "K": "20",
    "B-day": "1968",
    "Flag": "i"
  },
  {
    "ID Number": "12207586",
    "Name": "Abdelrahman Omer Abubakr",
    "Fed": "SUD",
    "Sex": "M",
    "Title": "",
    "WTit": "",
    "OTit": "",
    "FOA": "1840",
    "Rating": "AUG25",
    "Gms": "0",
    "K": "20",
    "B-day": "1984",
    "Flag": "i"
  },
  {
    "ID Number": "12200859",
    "Name": "Abdul Jalil, Omar",
    "Fed": "SUD",
    "Sex": "M",
    "Title": "",
    "WTit": "",
    "OTit": "",
    "FOA": "1913",
    "Rating": "AUG25",
    "Gms": "0",
    "K": "20",
    "B-day": "1978",
    "Flag": ""
  },
  {
    "ID Number": "12208779",
    "Name": "Abo Obaida khidir osman Hussain",
    "Fed": "SUD",
    "Sex": "M",
    "Title": "",
    "WTit": "",
    "OTit": "",
    "FOA": "1727",
    "Rating": "AUG25",
    "Gms": "0",
    "K": "20",
    "B-day": "1981",
    "Flag": "i"
  },
  {
    "ID Number": "12206229",
    "Name": "Aboelgasem Mohammed",
    "Fed": "SUD",
    "Sex": "M",
    "Title": "",
    "WTit": "",
    "OTit": "",
    "FOA": "1860",
    "Rating": "AUG25",
    "Gms": "0",
    "K": "20",
    "B-day": "1977",
    "Flag": "i"
  },
  {
    "ID Number": "12200875",
    "Name": "Abubaker Abdalsalam",
    "Fed": "SUD",
    "Sex": "M",
    "Title": "FM",
    "WTit": "FT",
    "OTit": "",
    "FOA": "2131",
    "Rating": "AUG25",
    "Gms": "0",
    "K": "20",
    "B-day": "1982",
    "Flag": "i"
  },
  {
    "ID Number": "12200115",
    "Name": "Abubakr, Mohamed A.",
    "Fed": "SUD",
    "Sex": "M",
    "Title": "",
    "WTit": "",
    "OTit": "",
    "FOA": "1784",
    "Rating": "AUG25",
    "Gms": "0",
    "K": "20",
    "B-day": "1972",
    "Flag": ""
  },
  {
    "ID Number": "12201723",
    "Name": "Abusam Mohame Ali Abusam",
    "Fed": "SUD",
    "Sex": "M",
    "Title": "",
    "WTit": "",
    "OTit": "",
    "FOA": "1910",
    "Rating": "AUG25",
    "Gms": "0",
    "K": "20",
    "B-day": "1974",
    "Flag": "i"
  },
  {
    "ID Number": "12202568",
    "Name": "Adam Zakariya",
    "Fed": "SUD",
    "Sex": "M",
    "Title": "",
    "WTit": "",
    "OTit": "",
    "FOA": "1857",
    "Rating": "AUG25",
    "Gms": "0",
    "K": "20",
    "B-day": "1973",
    "Flag": "i"
  },
  {
    "ID Number": "12208426",
    "Name": "Adeeb Mohammed Abdallah Adam",
    "Fed": "SUD",
    "Sex": "M",
    "Title": "",
    "WTit": "",
    "OTit": "",
    "FOA": "1791",
    "Rating": "AUG25",
    "Gms": "0",
    "K": "20",
    "B-day": "2002",
    "Flag": ""
  },
  {
    "ID Number": "12207403",
    "Name": "Adil Musa Hussain",
    "Fed": "SUD",
    "Sex": "M",
    "Title": "",
    "WTit": "",
    "OTit": "",
    "FOA": "1783",
    "Rating": "AUG25",
    "Gms": "0",
    "K": "20",
    "B-day": "1975",
    "Flag": "i"
  },
  {
    "ID Number": "12206571",
    "Name": "Adil Mustafa",
    "Fed": "SUD",
    "Sex": "M",
    "Title": "",
    "WTit": "",
    "OTit": "",
    "FOA": "1880",
    "Rating": "AUG25",
    "Gms": "0",
    "K": "20",
    "B-day": "1977",
    "Flag": "i"
  },
  {
    "ID Number": "12201715",
    "Name": "Adil Omer Ahmad",
    "Fed": "SUD",
    "Sex": "M",
    "Title": "",
    "WTit": "",
    "OTit": "",
    "FOA": "1911",
    "Rating": "AUG25",
    "Gms": "0",
    "K": "20",
    "B-day": "1983",
    "Flag": "i"
  },
  {
    "ID Number": "12205184",
    "Name": "Adil Osman Hamza",
    "Fed": "SUD",
    "Sex": "M",
    "Title": "",
    "WTit": "",
    "OTit": "",
    "FOA": "1930",
    "Rating": "AUG25",
    "Gms": "0",
    "K": "20",
    "B-day": "1976",
    "Flag": "i"
  },
  {
    "ID Number": "12208329",
    "Name": "Adil Osman Hamza Ahmed",
    "Fed": "SUD",
    "Sex": "M",
    "Title": "",
    "WTit": "",
    "OTit": "",
    "FOA": "1721",
    "Rating": "AUG25",
    "Gms": "0",
    "K": "20",
    "B-day": "1985",
    "Flag": "i"
  },
  {
    "ID Number": "12205303",
    "Name": "Ahmed Abdel Wahab",
    "Fed": "SUD",
    "Sex": "M",
    "Title": "",
    "WTit": "",
    "OTit": "",
    "FOA": "1882",
    "Rating": "AUG25",
    "Gms": "0",
    "K": "20",
    "B-day": "1976",
    "Flag": "i"
  },
  {
    "ID Number": "12207373",
    "Name": "Ahmed Basher",
    "Fed": "SUD",
    "Sex": "M",
    "Title": "",
    "WTit": "",
    "OTit": "",
    "FOA": "1798",
    "Rating": "AUG25",
    "Gms": "0",
    "K": "20",
    "B-day": "1977",
    "Flag": "i"
  },
  {
    "ID Number": "12209058",
    "Name": "Ahmed Elzain Hamed Suliman",
    "Fed": "SUD",
    "Sex": "M",
    "Title": "",
    "WTit": "",
    "OTit": "",
    "FOA": "1690",
    "Rating": "AUG25",
    "Gms": "0",
    "K": "20",
    "B-day": "1990",
    "Flag": "i"
  },
  {
    "ID Number": "12205150",
    "Name": "Ahmed Faisal Ahmed",
    "Fed": "SUD",
    "Sex": "M",
    "Title": "",
    "WTit": "",
    "OTit": "",
    "FOA": "1957",
    "Rating": "AUG25",
    "Gms": "0",
    "K": "20",
    "B-day": "1976",
    "Flag": "i"
  },
  {
    "ID Number": "12200590",
    "Name": "Ahmed Hassan",
    "Fed": "SUD",
    "Sex": "M",
    "Title": "FM",
    "WTit": "",
    "OTit": "",
    "FOA": "2077",
    "Rating": "AUG25",
    "Gms": "0",
    "K": "20",
    "B-day": "1984",
    "Flag": ""
  },
  {
    "ID Number": "12201588",
    "Name": "Ahmed Hassan Ahmed",
    "Fed": "SUD",
    "Sex": "M",
    "Title": "CM",
    "WTit": "",
    "OTit": "",
    "FOA": "1992",
    "Rating": "AUG25",
    "Gms": "0",
    "K": "20",
    "B-day": "1982",
    "Flag": "i"
  },
  {
    "ID Number": "12200328",
    "Name": "Ahmed Holi Ali, Moawia",
    "Fed": "SUD",
    "Sex": "M",
    "Title": "CM",
    "WTit": "",
    "OTit": "",
    "FOA": "1946",
    "Rating": "AUG25",
    "Gms": "0",
    "K": "20",
    "B-day": "1980",
    "Flag": ""
  },
  {
    "ID Number": "12202550",
    "Name": "Ahmed isam hassan",
    "Fed": "SUD",
    "Sex": "M",
    "Title": "",
    "WTit": "",
    "OTit": "",
    "FOA": "1910",
    "Rating": "AUG25",
    "Gms": "0",
    "K": "20",
    "B-day": "1980",
    "Flag": "i"
  },
  {
    "ID Number": "12206580",
    "Name": "Ahmed Isshag",
    "Fed": "SUD",
    "Sex": "M",
    "Title": "",
    "WTit": "",
    "OTit": "",
    "FOA": "1796",
    "Rating": "AUG25",
    "Gms": "0",
    "K": "20",
    "B-day": "1977",
    "Flag": "i"
  },
  {
    "ID Number": "12209589",
    "Name": "Ahmed Khalid AbdElrhman",
    "Fed": "SUD",
    "Sex": "M",
    "Title": "",
    "WTit": "",
    "OTit": "",
    "FOA": "1683",
    "Rating": "AUG25",
    "Gms": "0",
    "K": "20",
    "B-day": "1966",
    "Flag": ""
  },
  {
    "ID Number": "12211028",
    "Name": "Ahmed Mohamed Saeed",
    "Fed": "SUD",
    "Sex": "M",
    "Title": "",
    "WTit": "",
    "OTit": "",
    "FOA": "1920",
    "Rating": "AUG25",
    "Gms": "0",
    "K": "20",
    "B-day": "1982",
    "Flag": "i"
  },
  {
    "ID Number": "12216402",
    "Name": "Ahmed Mohammed Elsiddig",
    "Fed": "SUD",
    "Sex": "M",
    "Title": "",
    "WTit": "",
    "OTit": "",
    "FOA": "1593",
    "Rating": "AUG25",
    "Gms": "0",
    "K": "40",
    "B-day": "2007",
    "Flag": ""
  },
  {
    "ID Number": "12202924",
    "Name": "Ahmed Salih",
    "Fed": "SUD",
    "Sex": "M",
    "Title": "",
    "WTit": "",
    "OTit": "",
    "FOA": "1852",
    "Rating": "AUG25",
    "Gms": "0",
    "K": "20",
    "B-day": "1978",
    "Flag": "i"
  },
  {
    "ID Number": "12200654",
    "Name": "Ahmed, Ali",
    "Fed": "SUD",
    "Sex": "M",
    "Title": "",
    "WTit": "",
    "OTit": "",
    "FOA": "1889",
    "Rating": "AUG25",
    "Gms": "0",
    "K": "20",
    "B-day": "1976",
    "Flag": ""
  },
  {
    "ID Number": "12204358",
    "Name": "Albala Faiez Alkair Ahmed",
    "Fed": "SUD",
    "Sex": "M",
    "Title": "",
    "WTit": "",
    "OTit": "",
    "FOA": "1930",
    "Rating": "AUG25",
    "Gms": "0",
    "K": "20",
    "B-day": "1995",
    "Flag": "i"
  },
  {
    "ID Number": "12207225",
    "Name": "Alfrzdag Mohamed Bushara",
    "Fed": "SUD",
    "Sex": "M",
    "Title": "",
    "WTit": "",
    "OTit": "",
    "FOA": "1947",
    "Rating": "AUG25",
    "Gms": "0",
    "K": "20",
    "B-day": "1979",
    "Flag": "i"
  },
  {
    "ID Number": "12201871",
    "Name": "Ali Idris Ali",
    "Fed": "SUD",
    "Sex": "M",
    "Title": "",
    "WTit": "",
    "OTit": "",
    "FOA": "1824",
    "Rating": "AUG25",
    "Gms": "0",
    "K": "20",
    "B-day": "1972",
    "Flag": "i"
  },
  {
    "ID Number": "12203947",
    "Name": "Ali, Musa Ali Mohamed",
    "Fed": "SUD",
    "Sex": "M",
    "Title": "",
    "WTit": "",
    "OTit": "",
    "FOA": "1833",
    "Rating": "AUG25",
    "Gms": "0",
    "K": "20",
    "B-day": "1976",
    "Flag": "i"
  },
  {
    "ID Number": "12200123",
    "Name": "Ali, Obay",
    "Fed": "SUD",
    "Sex": "M",
    "Title": "",
    "WTit": "",
    "OTit": "",
    "FOA": "1986",
    "Rating": "AUG25",
    "Gms": "0",
    "K": "20",
    "B-day": "1975",
    "Flag": "i"
  },
  {
    "ID Number": "12208337",
    "Name": "Alrayah EL Nour Aballa Mohammed",
    "Fed": "SUD",
    "Sex": "M",
    "Title": "",
    "WTit": "",
    "OTit": "",
    "FOA": "1859",
    "Rating": "AUG25",
    "Gms": "0",
    "K": "20",
    "B-day": "1977",
    "Flag": "i"
  },
  {
    "ID Number": "12201650",
    "Name": "Alsafi Mohammed Ahmed",
    "Fed": "SUD",
    "Sex": "M",
    "Title": "",
    "WTit": "",
    "OTit": "",
    "FOA": "1573",
    "Rating": "AUG25",
    "Gms": "0",
    "K": "20",
    "B-day": "1987",
    "Flag": "i"
  },
  {
    "ID Number": "12202061",
    "Name": "Alsahabee Alsadig Alshareif",
    "Fed": "SUD",
    "Sex": "M",
    "Title": "",
    "WTit": "",
    "OTit": "",
    "FOA": "1910",
    "Rating": "AUG25",
    "Gms": "0",
    "K": "20",
    "B-day": "1970",
    "Flag": "i"
  },
  {
    "ID Number": "12201103",
    "Name": "Alslmani, Idriss",
    "Fed": "SUD",
    "Sex": "M",
    "Title": "",
    "WTit": "",
    "OTit": "",
    "FOA": "1916",
    "Rating": "AUG25",
    "Gms": "0",
    "K": "20",
    "B-day": "0",
    "Flag": "i"
  },
  {
    "ID Number": "12200719",
    "Name": "Amer, Mohammed Bishara",
    "Fed": "SUD",
    "Sex": "M",
    "Title": "",
    "WTit": "",
    "OTit": "",
    "FOA": "1851",
    "Rating": "AUG25",
    "Gms": "0",
    "K": "20",
    "B-day": "1980",
    "Flag": ""
  },
  {
    "ID Number": "12201804",
    "Name": "Amin Ali Hussain",
    "Fed": "SUD",
    "Sex": "M",
    "Title": "",
    "WTit": "",
    "OTit": "",
    "FOA": "1827",
    "Rating": "AUG25",
    "Gms": "0",
    "K": "20",
    "B-day": "1973",
    "Flag": "i"
  },
  {
    "ID Number": "12204340",
    "Name": "Anas Mohamed Ahmed",
    "Fed": "SUD",
    "Sex": "M",
    "Title": "",
    "WTit": "",
    "OTit": "",
    "FOA": "1866",
    "Rating": "AUG25",
    "Gms": "0",
    "K": "20",
    "B-day": "1976",
    "Flag": "i"
  },
  {
    "ID Number": "12208132",
    "Name": "Asaad Elnour Mohammed",
    "Fed": "SUD",
    "Sex": "M",
    "Title": "",
    "WTit": "",
    "OTit": "",
    "FOA": "1581",
    "Rating": "AUG25",
    "Gms": "0",
    "K": "20",
    "B-day": "2000",
    "Flag": "i"
  },
  {
    "ID Number": "12203572",
    "Name": "Ashraf Mohamed Yahia",
    "Fed": "SUD",
    "Sex": "M",
    "Title": "",
    "WTit": "",
    "OTit": "",
    "FOA": "1856",
    "Rating": "AUG25",
    "Gms": "0",
    "K": "20",
    "B-day": "1982",
    "Flag": "i"
  },
  {
    "ID Number": "12202843",
    "Name": "Assad, Joseph",
    "Fed": "SUD",
    "Sex": "M",
    "Title": "",
    "WTit": "",
    "OTit": "",
    "FOA": "1853",
    "Rating": "AUG25",
    "Gms": "0",
    "K": "20",
    "B-day": "0",
    "Flag": "i"
  },
  {
    "ID Number": "12206849",
    "Name": "Atif Hamid",
    "Fed": "SUD",
    "Sex": "M",
    "Title": "",
    "WTit": "",
    "OTit": "",
    "FOA": "1786",
    "Rating": "AUG25",
    "Gms": "0",
    "K": "20",
    "B-day": "1977",
    "Flag": "i"
  },
  {
    "ID Number": "12201561",
    "Name": "Atif Mahgoub Elhassan",
    "Fed": "SUD",
    "Sex": "M",
    "Title": "",
    "WTit": "",
    "OTit": "",
    "FOA": "1987",
    "Rating": "AUG25",
    "Gms": "0",
    "K": "20",
    "B-day": "1974",
    "Flag": "i"
  },
  {
    "ID Number": "12217115",
    "Name": "Awab Mohamed",
    "Fed": "SUD",
    "Sex": "M",
    "Title": "",
    "WTit": "",
    "OTit": "",
    "FOA": "1585",
    "Rating": "AUG25",
    "Gms": "9",
    "K": "40",
    "B-day": "1989",
    "Flag": ""
  },
  {
    "ID Number": "12202770",
    "Name": "Awad Elkareem Abdo",
    "Fed": "SUD",
    "Sex": "M",
    "Title": "",
    "WTit": "",
    "OTit": "",
    "FOA": "1858",
    "Rating": "AUG25",
    "Gms": "0",
    "K": "20",
    "B-day": "1979",
    "Flag": "i"
  },
  {
    "ID Number": "12204145",
    "Name": "Ayman Ali Dafalla Yousif",
    "Fed": "SUD",
    "Sex": "M",
    "Title": "",
    "WTit": "",
    "OTit": "",
    "FOA": "1933",
    "Rating": "AUG25",
    "Gms": "0",
    "K": "20",
    "B-day": "1999",
    "Flag": "i"
  },
  {
    "ID Number": "12216623",
    "Name": "Ayman Liakat mokaram",
    "Fed": "SUD",
    "Sex": "M",
    "Title": "",
    "WTit": "",
    "OTit": "",
    "FOA": "1722",
    "Rating": "AUG25",
    "Gms": "0",
    "K": "40",
    "B-day": "2009",
    "Flag": ""
  },
  {
    "ID Number": "12204579",
    "Name": "Bak Abwen Jhon",
    "Fed": "SUD",
    "Sex": "M",
    "Title": "",
    "WTit": "",
    "OTit": "",
    "FOA": "1758",
    "Rating": "AUG25",
    "Gms": "0",
    "K": "20",
    "B-day": "1979",
    "Flag": "i"
  },
  {
    "ID Number": "12200727",
    "Name": "Boshara, Mohammed Ahmed",
    "Fed": "SUD",
    "Sex": "M",
    "Title": "",
    "WTit": "",
    "OTit": "",
    "FOA": "1894",
    "Rating": "AUG25",
    "Gms": "0",
    "K": "20",
    "B-day": "1980",
    "Flag": "i"
  },
  {
    "ID Number": "12204250",
    "Name": "Bushra Siddig Mohammed",
    "Fed": "SUD",
    "Sex": "M",
    "Title": "",
    "WTit": "",
    "OTit": "",
    "FOA": "1784",
    "Rating": "AUG25",
    "Gms": "0",
    "K": "20",
    "B-day": "1981",
    "Flag": "i"
  },
  {
    "ID Number": "12205338",
    "Name": "El Moez Awad",
    "Fed": "SUD",
    "Sex": "M",
    "Title": "",
    "WTit": "",
    "OTit": "",
    "FOA": "1834",
    "Rating": "AUG25",
    "Gms": "0",
    "K": "20",
    "B-day": "1976",
    "Flag": "i"
  },
  {
    "ID Number": "12201448",
    "Name": "Elizabeth  Tanyous",
    "Fed": "SUD",
    "Sex": "F",
    "Title": "",
    "WTit": "FI,NA",
    "OTit": "",
    "FOA": "1618",
    "Rating": "AUG25",
    "Gms": "0",
    "K": "20",
    "B-day": "1989",
    "Flag": "wi"
  },
  {
    "ID Number": "12206300",
    "Name": "Elmohalb, Hassan Suliman",
    "Fed": "SUD",
    "Sex": "M",
    "Title": "",
    "WTit": "NA",
    "OTit": "",
    "FOA": "1881",
    "Rating": "AUG25",
    "Gms": "0",
    "K": "20",
    "B-day": "1978",
    "Flag": "i"
  },
  {
    "ID Number": "12206962",
    "Name": "Elmutasim Awad Abdelgadir",
    "Fed": "SUD",
    "Sex": "M",
    "Title": "",
    "WTit": "",
    "OTit": "",
    "FOA": "1893",
    "Rating": "AUG25",
    "Gms": "0",
    "K": "20",
    "B-day": "1993",
    "Flag": "i"
  },
  {
    "ID Number": "12200883",
    "Name": "Elnasri, Mohammed",
    "Fed": "SUD",
    "Sex": "M",
    "Title": "CM",
    "WTit": "",
    "OTit": "",
    "FOA": "1953",
    "Rating": "AUG25",
    "Gms": "0",
    "K": "20",
    "B-day": "1979",
    "Flag": "i"
  },
  {
    "ID Number": "12201987",
    "Name": "ELNAZIR MOHAMED ELMAHDI",
    "Fed": "SUD",
    "Sex": "M",
    "Title": "",
    "WTit": "",
    "OTit": "",
    "FOA": "1886",
    "Rating": "AUG25",
    "Gms": "0",
    "K": "20",
    "B-day": "1975",
    "Flag": "i"
  },
  {
    "ID Number": "12205010",
    "Name": "Elnazir Widatalla",
    "Fed": "SUD",
    "Sex": "M",
    "Title": "",
    "WTit": "",
    "OTit": "",
    "FOA": "1878",
    "Rating": "AUG25",
    "Gms": "0",
    "K": "20",
    "B-day": "1995",
    "Flag": "i"
  },
  {
    "ID Number": "12200190",
    "Name": "Elobeid, Asim Ali",
    "Fed": "SUD",
    "Sex": "M",
    "Title": "CM",
    "WTit": "",
    "OTit": "",
    "FOA": "2053",
    "Rating": "AUG25",
    "Gms": "0",
    "K": "20",
    "B-day": "1977",
    "Flag": "i"
  },
  {
    "ID Number": "12200913",
    "Name": "Elrashed, SIddig",
    "Fed": "SUD",
    "Sex": "M",
    "Title": "",
    "WTit": "",
    "OTit": "",
    "FOA": "1888",
    "Rating": "AUG25",
    "Gms": "0",
    "K": "20",
    "B-day": "1982",
    "Flag": "i"
  },
  {
    "ID Number": "12205621",
    "Name": "Elsadig Elzubair",
    "Fed": "SUD",
    "Sex": "M",
    "Title": "",
    "WTit": "",
    "OTit": "",
    "FOA": "1807",
    "Rating": "AUG25",
    "Gms": "0",
    "K": "20",
    "B-day": "1977",
    "Flag": "i"
  },
  {
    "ID Number": "12201758",
    "Name": "Elshareef Hassan",
    "Fed": "SUD",
    "Sex": "M",
    "Title": "",
    "WTit": "",
    "OTit": "",
    "FOA": "2030",
    "Rating": "AUG25",
    "Gms": "0",
    "K": "20",
    "B-day": "1975",
    "Flag": "i"
  },
  {
    "ID Number": "12207217",
    "Name": "Elsharif Samir khidir",
    "Fed": "SUD",
    "Sex": "M",
    "Title": "",
    "WTit": "",
    "OTit": "",
    "FOA": "1507",
    "Rating": "AUG25",
    "Gms": "0",
    "K": "20",
    "B-day": "1992",
    "Flag": "i"
  },
  {
    "ID Number": "12203300",
    "Name": "Elsir Awadelseed Mohamed Tumsah",
    "Fed": "SUD",
    "Sex": "M",
    "Title": "",
    "WTit": "",
    "OTit": "",
    "FOA": "1765",
    "Rating": "AUG25",
    "Gms": "0",
    "K": "20",
    "B-day": "1980",
    "Flag": "i"
  },
  {
    "ID Number": "12204315",
    "Name": "Eltahir Osman Ahmed Mohamed",
    "Fed": "SUD",
    "Sex": "M",
    "Title": "",
    "WTit": "",
    "OTit": "",
    "FOA": "1825",
    "Rating": "AUG25",
    "Gms": "0",
    "K": "20",
    "B-day": "1976",
    "Flag": "i"
  },
  {
    "ID Number": "738794",
    "Name": "Eltigani, Omar",
    "Fed": "SUD",
    "Sex": "M",
    "Title": "IM",
    "WTit": "",
    "OTit": "",
    "FOA": "2213",
    "Rating": "AUG25",
    "Gms": "0",
    "K": "20",
    "B-day": "1996",
    "Flag": "i"
  },
  {
    "ID Number": "12200310",
    "Name": "Elwali, Gismalla",
    "Fed": "SUD",
    "Sex": "M",
    "Title": "",
    "WTit": "",
    "OTit": "",
    "FOA": "AFM",
    "Rating": "AUG25",
    "Gms": "1776",
    "K": "0",
    "B-day": "0",
    "Flag": ""
  },
  {
    "ID Number": "12201421",
    "Name": "Emad Hassan wedatalla",
    "Fed": "SUD",
    "Sex": "M",
    "Title": "",
    "WTit": "NA",
    "OTit": "",
    "FOA": "1897",
    "Rating": "AUG25",
    "Gms": "0",
    "K": "20",
    "B-day": "1966",
    "Flag": "i"
  },
  {
    "ID Number": "12204471",
    "Name": "Emadaldin Abdelrahim",
    "Fed": "SUD",
    "Sex": "M",
    "Title": "",
    "WTit": "",
    "OTit": "",
    "FOA": "1551",
    "Rating": "AUG25",
    "Gms": "0",
    "K": "20",
    "B-day": "1973",
    "Flag": "i"
  },
  {
    "ID Number": "12204889",
    "Name": "Emutaz Bakri Elamin",
    "Fed": "SUD",
    "Sex": "M",
    "Title": "",
    "WTit": "",
    "OTit": "",
    "FOA": "1807",
    "Rating": "AUG25",
    "Gms": "0",
    "K": "20",
    "B-day": "1976",
    "Flag": "i"
  },
  {
    "ID Number": "12205273",
    "Name": "Faiez Al Khair",
    "Fed": "SUD",
    "Sex": "M",
    "Title": "",
    "WTit": "",
    "OTit": "",
    "FOA": "1930",
    "Rating": "AUG25",
    "Gms": "0",
    "K": "20",
    "B-day": "1995",
    "Flag": "i"
  },
  {
    "ID Number": "12205583",
    "Name": "Fakhri Awad Amer",
    "Fed": "SUD",
    "Sex": "M",
    "Title": "",
    "WTit": "",
    "OTit": "",
    "FOA": "1783",
    "Rating": "AUG25",
    "Gms": "0",
    "K": "20",
    "B-day": "1977",
    "Flag": "i"
  },
  {
    "ID Number": "12208035",
    "Name": "FATIMA MUDATHIR ELGAILI IBRAHIM",
    "Fed": "SUD",
    "Sex": "F",
    "Title": "",
    "WTit": "",
    "OTit": "",
    "FOA": "1413",
    "Rating": "AUG25",
    "Gms": "0",
    "K": "20",
    "B-day": "2006",
    "Flag": "wi"
  },
  {
    "ID Number": "12205346",
    "Name": "Gamal Aldin Mobarak",
    "Fed": "SUD",
    "Sex": "M",
    "Title": "",
    "WTit": "",
    "OTit": "",
    "FOA": "1781",
    "Rating": "AUG25",
    "Gms": "0",
    "K": "20",
    "B-day": "1976",
    "Flag": "i"
  },
  {
    "ID Number": "12200700",
    "Name": "Gemish, A.",
    "Fed": "SUD",
    "Sex": "M",
    "Title": "",
    "WTit": "",
    "OTit": "",
    "FOA": "1938",
    "Rating": "AUG25",
    "Gms": "0",
    "K": "20",
    "B-day": "0",
    "Flag": "i"
  },
  {
    "ID Number": "12201316",
    "Name": "Ghareeb, Abdelsalam",
    "Fed": "SUD",
    "Sex": "M",
    "Title": "",
    "WTit": "",
    "OTit": "",
    "FOA": "1818",
    "Rating": "AUG25",
    "Gms": "0",
    "K": "20",
    "B-day": "1969",
    "Flag": "i"
  },
  {
    "ID Number": "12207551",
    "Name": "Habeeb Ali Aseel Gbreel",
    "Fed": "SUD",
    "Sex": "M",
    "Title": "",
    "WTit": "",
    "OTit": "",
    "FOA": "1605",
    "Rating": "AUG25",
    "Gms": "0",
    "K": "20",
    "B-day": "1988",
    "Flag": "i"
  },
  {
    "ID Number": "12202380",
    "Name": "Haitham Mohammed abdalrasool",
    "Fed": "SUD",
    "Sex": "M",
    "Title": "",
    "WTit": "",
    "OTit": "",
    "FOA": "1915",
    "Rating": "AUG25",
    "Gms": "0",
    "K": "20",
    "B-day": "1978",
    "Flag": "i"
  },
  {
    "ID Number": "12201006",
    "Name": "Hajar , Muhannad",
    "Fed": "SUD",
    "Sex": "M",
    "Title": "",
    "WTit": "",
    "OTit": "",
    "FOA": "1980",
    "Rating": "AUG25",
    "Gms": "0",
    "K": "20",
    "B-day": "0",
    "Flag": "i"
  },
  {
    "ID Number": "12200948",
    "Name": "Hamid Ibrahim",
    "Fed": "SUD",
    "Sex": "M",
    "Title": "FM",
    "WTit": "",
    "OTit": "",
    "FOA": "1994",
    "Rating": "AUG25",
    "Gms": "0",
    "K": "20",
    "B-day": "1993",
    "Flag": "i"
  },
  {
    "ID Number": "12201839",
    "Name": "Hamza El Emam",
    "Fed": "SUD",
    "Sex": "M",
    "Title": "",
    "WTit": "",
    "OTit": "",
    "FOA": "1930",
    "Rating": "AUG25",
    "Gms": "0",
    "K": "20",
    "B-day": "1980",
    "Flag": "i"
  },
  {
    "ID Number": "12200247",
    "Name": "Hamza HassAn, Suliman",
    "Fed": "SUD",
    "Sex": "M",
    "Title": "",
    "WTit": "",
    "OTit": "",
    "FOA": "1707",
    "Rating": "AUG25",
    "Gms": "0",
    "K": "20",
    "B-day": "0",
    "Flag": ""
  },
  {
    "ID Number": "12204978",
    "Name": "Hassan Abdalla Mohamed",
    "Fed": "SUD",
    "Sex": "M",
    "Title": "",
    "WTit": "",
    "OTit": "",
    "FOA": "1900",
    "Rating": "AUG25",
    "Gms": "0",
    "K": "20",
    "B-day": "1994",
    "Flag": "i"
  },
  {
    "ID Number": "12201685",
    "Name": "Hassan Abubaker abdalmalik Ali",
    "Fed": "SUD",
    "Sex": "M",
    "Title": "FM",
    "WTit": "",
    "OTit": "",
    "FOA": "2102",
    "Rating": "AUG25",
    "Gms": "0",
    "K": "20",
    "B-day": "1984",
    "Flag": "i"
  },
  {
    "ID Number": "12202614",
    "Name": "Hassan Ali Mohamed",
    "Fed": "SUD",
    "Sex": "M",
    "Title": "",
    "WTit": "",
    "OTit": "",
    "FOA": "1978",
    "Rating": "AUG25",
    "Gms": "0",
    "K": "20",
    "B-day": "1974",
    "Flag": "i"
  },
  {
    "ID Number": "12202908",
    "Name": "Haytham Eisa Osman",
    "Fed": "SUD",
    "Sex": "M",
    "Title": "",
    "WTit": "",
    "OTit": "",
    "FOA": "1869",
    "Rating": "AUG25",
    "Gms": "0",
    "K": "20",
    "B-day": "1974",
    "Flag": "i"
  },
  {
    "ID Number": "12200492",
    "Name": "Holi, Sief Al Din",
    "Fed": "SUD",
    "Sex": "M",
    "Title": "",
    "WTit": "",
    "OTit": "",
    "FOA": "1766",
    "Rating": "AUG25",
    "Gms": "0",
    "K": "20",
    "B-day": "1975",
    "Flag": ""
  },
  {
    "ID Number": "12204668",
    "Name": "Husham Ahmed Yousif",
    "Fed": "SUD",
    "Sex": "M",
    "Title": "",
    "WTit": "",
    "OTit": "",
    "FOA": "1827",
    "Rating": "AUG25",
    "Gms": "0",
    "K": "20",
    "B-day": "1978",
    "Flag": "i"
  },
  {
    "ID Number": "12205257",
    "Name": "Hussam Eldain Hamed",
    "Fed": "SUD",
    "Sex": "M",
    "Title": "",
    "WTit": "",
    "OTit": "",
    "FOA": "1773",
    "Rating": "AUG25",
    "Gms": "0",
    "K": "20",
    "B-day": "1976",
    "Flag": "i"
  },
  {
    "ID Number": "12210480",
    "Name": "Hussein Adam Sharafeldin",
    "Fed": "SUD",
    "Sex": "M",
    "Title": "",
    "WTit": "",
    "OTit": "",
    "FOA": "1597",
    "Rating": "AUG25",
    "Gms": "0",
    "K": "20",
    "B-day": "2001",
    "Flag": ""
  },
  {
    "ID Number": "12205192",
    "Name": "Hussein Siddig Mohamed",
    "Fed": "SUD",
    "Sex": "M",
    "Title": "",
    "WTit": "",
    "OTit": "",
    "FOA": "1723",
    "Rating": "AUG25",
    "Gms": "0",
    "K": "20",
    "B-day": "1976",
    "Flag": ""
  },
  {
    "ID Number": "12201731",
    "Name": "Ibraheem Awad",
    "Fed": "SUD",
    "Sex": "M",
    "Title": "",
    "WTit": "",
    "OTit": "",
    "FOA": "1972",
    "Rating": "AUG25",
    "Gms": "0",
    "K": "20",
    "B-day": "1975",
    "Flag": "i"
  },
  {
    "ID Number": "12208175",
    "Name": "Ibrahim Adam Hassan",
    "Fed": "SUD",
    "Sex": "M",
    "Title": "",
    "WTit": "",
    "OTit": "",
    "FOA": "1688",
    "Rating": "AUG25",
    "Gms": "0",
    "K": "20",
    "B-day": "1992",
    "Flag": "i"
  },
  {
    "ID Number": "12202584",
    "Name": "Ibrahim Esheikh Ahmed Saad",
    "Fed": "SUD",
    "Sex": "M",
    "Title": "",
    "WTit": "",
    "OTit": "",
    "FOA": "1922",
    "Rating": "AUG25",
    "Gms": "0",
    "K": "20",
    "B-day": "1968",
    "Flag": "i"
  },
  {
    "ID Number": "12212903",
    "Name": "Ibrahim Osama Abdelhamid",
    "Fed": "SUD",
    "Sex": "M",
    "Title": "",
    "WTit": "",
    "OTit": "",
    "FOA": "1690",
    "Rating": "AUG25",
    "Gms": "7",
    "K": "20",
    "B-day": "2004",
    "Flag": ""
  },
  {
    "ID Number": "12201529",
    "Name": "Ibtihal Osman",
    "Fed": "SUD",
    "Sex": "F",
    "Title": "WCM",
    "WTit": "WCM",
    "OTit": "",
    "FOA": "1649",
    "Rating": "AUG25",
    "Gms": "0",
    "K": "20",
    "B-day": "1986",
    "Flag": "wi"
  },
  {
    "ID Number": "12200336",
    "Name": "Ishak, Rashid",
    "Fed": "SUD",
    "Sex": "M",
    "Title": "FM",
    "WTit": "",
    "OTit": "",
    "FOA": "2124",
    "Rating": "AUG25",
    "Gms": "0",
    "K": "20",
    "B-day": "1982",
    "Flag": "i"
  },
  {
    "ID Number": "12206636",
    "Name": "IzzAlarab Altahir Yonis",
    "Fed": "SUD",
    "Sex": "M",
    "Title": "",
    "WTit": "",
    "OTit": "",
    "FOA": "1692",
    "Rating": "AUG25",
    "Gms": "0",
    "K": "20",
    "B-day": "1977",
    "Flag": "i"
  },
  {
    "ID Number": "12211869",
    "Name": "Kamal GadAlkareem AbuElnaw",
    "Fed": "SUD",
    "Sex": "M",
    "Title": "",
    "WTit": "",
    "OTit": "",
    "FOA": "1699",
    "Rating": "AUG25",
    "Gms": "0",
    "K": "20",
    "B-day": "1987",
    "Flag": "i"
  },
  {
    "ID Number": "12201057",
    "Name": "Kamal, Altayeb",
    "Fed": "SUD",
    "Sex": "M",
    "Title": "",
    "WTit": "",
    "OTit": "",
    "FOA": "1707",
    "Rating": "AUG25",
    "Gms": "0",
    "K": "20",
    "B-day": "0",
    "Flag": "i"
  },
  {
    "ID Number": "12206407",
    "Name": "Khaled, Mohammed Osman",
    "Fed": "SUD",
    "Sex": "M",
    "Title": "",
    "WTit": "",
    "OTit": "",
    "FOA": "1554",
    "Rating": "AUG25",
    "Gms": "0",
    "K": "20",
    "B-day": "1977",
    "Flag": "i"
  },
  {
    "ID Number": "12202304",
    "Name": "Khaleid Ebrahim Adlan",
    "Fed": "SUD",
    "Sex": "M",
    "Title": "",
    "WTit": "",
    "OTit": "",
    "FOA": "1870",
    "Rating": "AUG25",
    "Gms": "0",
    "K": "20",
    "B-day": "1973",
    "Flag": "i"
  },
  {
    "ID Number": "12217034",
    "Name": "Khalid ali",
    "Fed": "SUD",
    "Sex": "M",
    "Title": "",
    "WTit": "",
    "OTit": "",
    "FOA": "1561",
    "Rating": "AUG25",
    "Gms": "0",
    "K": "20",
    "B-day": "2006",
    "Flag": ""
  },
  {
    "ID Number": "12202002",
    "Name": "Khalid Altaheir DaifAllah",
    "Fed": "SUD",
    "Sex": "M",
    "Title": "",
    "WTit": "",
    "OTit": "",
    "FOA": "1652",
    "Rating": "AUG25",
    "Gms": "0",
    "K": "20",
    "B-day": "1975",
    "Flag": "i"
  },
  {
    "ID Number": "12210919",
    "Name": "Khalid Salih Khalafallah",
    "Fed": "SUD",
    "Sex": "M",
    "Title": "",
    "WTit": "",
    "OTit": "",
    "FOA": "1882",
    "Rating": "AUG25",
    "Gms": "0",
    "K": "20",
    "B-day": "1983",
    "Flag": "i"
  },
  {
    "ID Number": "12200174",
    "Name": "Khalid, El Amin",
    "Fed": "SUD",
    "Sex": "M",
    "Title": "CM",
    "WTit": "NA",
    "OTit": "",
    "FOA": "1992",
    "Rating": "AUG25",
    "Gms": "0",
    "K": "20",
    "B-day": "1978",
    "Flag": "i"
  },
  {
    "ID Number": "12204447",
    "Name": "Khtab Kamal",
    "Fed": "SUD",
    "Sex": "M",
    "Title": "",
    "WTit": "",
    "OTit": "",
    "FOA": "1930",
    "Rating": "AUG25",
    "Gms": "0",
    "K": "20",
    "B-day": "1985",
    "Flag": "i"
  },
  {
    "ID Number": "12204285",
    "Name": "Kwol Arop Deng",
    "Fed": "SUD",
    "Sex": "M",
    "Title": "",
    "WTit": "",
    "OTit": "",
    "FOA": "1872",
    "Rating": "AUG25",
    "Gms": "0",
    "K": "20",
    "B-day": "1976",
    "Flag": "i"
  },
  {
    "ID Number": "12202231",
    "Name": "Magdi AbuEisa",
    "Fed": "SUD",
    "Sex": "M",
    "Title": "",
    "WTit": "",
    "OTit": "",
    "FOA": "1818",
    "Rating": "AUG25",
    "Gms": "0",
    "K": "20",
    "B-day": "1963",
    "Flag": ""
  },
  {
    "ID Number": "12201200",
    "Name": "Maher Musa",
    "Fed": "SUD",
    "Sex": "M",
    "Title": "",
    "WTit": "NI,IA",
    "OTit": "",
    "FOA": "AFM",
    "Rating": "AUG25",
    "Gms": "1888",
    "K": "0",
    "B-day": "1977",
    "Flag": "i"
  },
  {
    "ID Number": "12200506",
    "Name": "Mahmoud, Haitham",
    "Fed": "SUD",
    "Sex": "M",
    "Title": "",
    "WTit": "",
    "OTit": "",
    "FOA": "1994",
    "Rating": "AUG25",
    "Gms": "0",
    "K": "20",
    "B-day": "0",
    "Flag": "i"
  },
  {
    "ID Number": "12203343",
    "Name": "Mazen Habib",
    "Fed": "SUD",
    "Sex": "M",
    "Title": "",
    "WTit": "",
    "OTit": "",
    "FOA": "1686",
    "Rating": "AUG25",
    "Gms": "0",
    "K": "20",
    "B-day": "1986",
    "Flag": "i"
  },
  {
    "ID Number": "12205699",
    "Name": "Modathir Mohamed Elshareef",
    "Fed": "SUD",
    "Sex": "M",
    "Title": "",
    "WTit": "",
    "OTit": "",
    "FOA": "1824",
    "Rating": "AUG25",
    "Gms": "0",
    "K": "20",
    "B-day": "1977",
    "Flag": "i"
  },
  {
    "ID Number": "12202029",
    "Name": "Mogeeb Alrahman Sedeeg",
    "Fed": "SUD",
    "Sex": "M",
    "Title": "",
    "WTit": "",
    "OTit": "",
    "FOA": "1836",
    "Rating": "AUG25",
    "Gms": "0",
    "K": "20",
    "B-day": "1979",
    "Flag": "i"
  },
  {
    "ID Number": "12204013",
    "Name": "Moh, Ramzi Fadlallh Dowalbet",
    "Fed": "SUD",
    "Sex": "M",
    "Title": "",
    "WTit": "",
    "OTit": "",
    "FOA": "1937",
    "Rating": "AUG25",
    "Gms": "0",
    "K": "20",
    "B-day": "1980",
    "Flag": "i"
  },
  {
    "ID Number": "12204021",
    "Name": "Mohamed , Hafiz Abbas Hamid",
    "Fed": "SUD",
    "Sex": "M",
    "Title": "",
    "WTit": "",
    "OTit": "",
    "FOA": "1753",
    "Rating": "AUG25",
    "Gms": "0",
    "K": "20",
    "B-day": "1979",
    "Flag": "i"
  },
  {
    "ID Number": "12206679",
    "Name": "Mohamed Abdalla Gibril",
    "Fed": "SUD",
    "Sex": "M",
    "Title": "",
    "WTit": "",
    "OTit": "",
    "FOA": "1834",
    "Rating": "AUG25",
    "Gms": "0",
    "K": "20",
    "B-day": "1977",
    "Flag": "i"
  },
  {
    "ID Number": "12202681",
    "Name": "Mohamed Ahmed eid Ellaham",
    "Fed": "SUD",
    "Sex": "M",
    "Title": "",
    "WTit": "",
    "OTit": "",
    "FOA": "1645",
    "Rating": "AUG25",
    "Gms": "0",
    "K": "20",
    "B-day": "1970",
    "Flag": "i"
  },
  {
    "ID Number": "12201464",
    "Name": "Mohamed Ahmed, Najwa",
    "Fed": "SUD",
    "Sex": "F",
    "Title": "WCM",
    "WTit": "WCM",
    "OTit": "",
    "FOA": "1657",
    "Rating": "AUG25",
    "Gms": "0",
    "K": "20",
    "B-day": "1981",
    "Flag": "wi"
  },
  {
    "ID Number": "12206687",
    "Name": "Mohamed Alamin Rahmtallah",
    "Fed": "SUD",
    "Sex": "M",
    "Title": "",
    "WTit": "",
    "OTit": "",
    "FOA": "1687",
    "Rating": "AUG25",
    "Gms": "0",
    "K": "20",
    "B-day": "1977",
    "Flag": "i"
  },
  {
    "ID Number": "12202789",
    "Name": "Mohamed Ali Adam",
    "Fed": "SUD",
    "Sex": "M",
    "Title": "",
    "WTit": "",
    "OTit": "",
    "FOA": "1875",
    "Rating": "AUG25",
    "Gms": "0",
    "K": "20",
    "B-day": "1977",
    "Flag": "i"
  },
  {
    "ID Number": "12203360",
    "Name": "Mohamed Ali Ahmed Fadlalla",
    "Fed": "SUD",
    "Sex": "M",
    "Title": "",
    "WTit": "",
    "OTit": "",
    "FOA": "1861",
    "Rating": "AUG25",
    "Gms": "0",
    "K": "20",
    "B-day": "1982",
    "Flag": "i"
  },
  {
    "ID Number": "12203637",
    "Name": "Mohamed Alsadiq Noureldin",
    "Fed": "SUD",
    "Sex": "M",
    "Title": "",
    "WTit": "",
    "OTit": "",
    "FOA": "1806",
    "Rating": "AUG25",
    "Gms": "0",
    "K": "20",
    "B-day": "1980",
    "Flag": "i"
  },
  {
    "ID Number": "12205613",
    "Name": "Mohamed Dawood",
    "Fed": "SUD",
    "Sex": "M",
    "Title": "",
    "WTit": "",
    "OTit": "",
    "FOA": "1815",
    "Rating": "AUG25",
    "Gms": "0",
    "K": "20",
    "B-day": "1977",
    "Flag": "i"
  },
  {
    "ID Number": "12216810",
    "Name": "Mohamed Elsharif",
    "Fed": "SUD",
    "Sex": "M",
    "Title": "",
    "WTit": "",
    "OTit": "",
    "FOA": "1408",
    "Rating": "AUG25",
    "Gms": "0",
    "K": "20",
    "B-day": "1990",
    "Flag": "i"
  },
  {
    "ID Number": "12201910",
    "Name": "Mohamed Hamza Zakaria",
    "Fed": "SUD",
    "Sex": "M",
    "Title": "",
    "WTit": "",
    "OTit": "",
    "FOA": "1845",
    "Rating": "AUG25",
    "Gms": "0",
    "K": "20",
    "B-day": "1985",
    "Flag": "i"
  },
  {
    "ID Number": "12209406",
    "Name": "Mohamed Kamal Wais",
    "Fed": "SUD",
    "Sex": "M",
    "Title": "",
    "WTit": "",
    "OTit": "",
    "FOA": "1447",
    "Rating": "AUG25",
    "Gms": "8",
    "K": "40",
    "B-day": "2005",
    "Flag": ""
  },
  {
    "ID Number": "12211524",
    "Name": "Mohamed Mansour Hussain",
    "Fed": "SUD",
    "Sex": "M",
    "Title": "",
    "WTit": "",
    "OTit": "",
    "FOA": "1681",
    "Rating": "AUG25",
    "Gms": "0",
    "K": "20",
    "B-day": "1998",
    "Flag": "i"
  },
  {
    "ID Number": "12216771",
    "Name": "Mohamed Osman",
    "Fed": "SUD",
    "Sex": "M",
    "Title": "",
    "WTit": "",
    "OTit": "",
    "FOA": "1580",
    "Rating": "AUG25",
    "Gms": "0",
    "K": "20",
    "B-day": "1996",
    "Flag": ""
  },
  {
    "ID Number": "12210595",
    "Name": "Mohamed Osman Ahmed Mustafa",
    "Fed": "SUD",
    "Sex": "M",
    "Title": "",
    "WTit": "",
    "OTit": "",
    "FOA": "1954",
    "Rating": "AUG25",
    "Gms": "0",
    "K": "20",
    "B-day": "1973",
    "Flag": "i"
  },
  {
    "ID Number": "12204730",
    "Name": "Mohamed sabir El sadig",
    "Fed": "SUD",
    "Sex": "M",
    "Title": "",
    "WTit": "",
    "OTit": "",
    "FOA": "AIM",
    "Rating": "AUG25",
    "Gms": "1895",
    "K": "0",
    "B-day": "1996",
    "Flag": ""
  },
  {
    "ID Number": "12211885",
    "Name": "Mohamed Salih Aafa",
    "Fed": "SUD",
    "Sex": "M",
    "Title": "",
    "WTit": "",
    "OTit": "",
    "FOA": "1763",
    "Rating": "AUG25",
    "Gms": "0",
    "K": "20",
    "B-day": "1974",
    "Flag": "i"
  },
  {
    "ID Number": "12203394",
    "Name": "Mohamed Suliman Aldood",
    "Fed": "SUD",
    "Sex": "M",
    "Title": "",
    "WTit": "",
    "OTit": "",
    "FOA": "1860",
    "Rating": "AUG25",
    "Gms": "0",
    "K": "20",
    "B-day": "1973",
    "Flag": "i"
  },
  {
    "ID Number": "12214612",
    "Name": "Mohamed Yousif Mohamed",
    "Fed": "SUD",
    "Sex": "M",
    "Title": "",
    "WTit": "",
    "OTit": "",
    "FOA": "1691",
    "Rating": "AUG25",
    "Gms": "0",
    "K": "20",
    "B-day": "1993",
    "Flag": "i"
  },
  {
    "ID Number": "12201677",
    "Name": "Mohamed Zahir Mohamed Khamis",
    "Fed": "SUD",
    "Sex": "M",
    "Title": "",
    "WTit": "",
    "OTit": "",
    "FOA": "1843",
    "Rating": "AUG25",
    "Gms": "0",
    "K": "20",
    "B-day": "1976",
    "Flag": "i"
  },
  {
    "ID Number": "12202606",
    "Name": "Mohamed, Faisal",
    "Fed": "SUD",
    "Sex": "M",
    "Title": "FM",
    "WTit": "",
    "OTit": "",
    "FOA": "2023",
    "Rating": "AUG25",
    "Gms": "0",
    "K": "20",
    "B-day": "1989",
    "Flag": "i"
  },
  {
    "ID Number": "12200964",
    "Name": "Mohammed , Tarig Elther",
    "Fed": "SUD",
    "Sex": "M",
    "Title": "",
    "WTit": "",
    "OTit": "",
    "FOA": "2049",
    "Rating": "AUG25",
    "Gms": "0",
    "K": "20",
    "B-day": "0",
    "Flag": ""
  },
  {
    "ID Number": "12203149",
    "Name": "Mohammed Hassan Osman",
    "Fed": "SUD",
    "Sex": "M",
    "Title": "",
    "WTit": "",
    "OTit": "",
    "FOA": "1659",
    "Rating": "AUG25",
    "Gms": "0",
    "K": "20",
    "B-day": "1979",
    "Flag": "i"
  },
  {
    "ID Number": "12203424",
    "Name": "Mohaned Faroug Abdelwahab",
    "Fed": "SUD",
    "Sex": "M",
    "Title": "",
    "WTit": "",
    "OTit": "",
    "FOA": "1935",
    "Rating": "AUG25",
    "Gms": "0",
    "K": "20",
    "B-day": "1990",
    "Flag": "i"
  },
  {
    "ID Number": "12202134",
    "Name": "Mohi ELdeen AbeldAllah",
    "Fed": "SUD",
    "Sex": "M",
    "Title": "",
    "WTit": "",
    "OTit": "",
    "FOA": "1814",
    "Rating": "AUG25",
    "Gms": "0",
    "K": "20",
    "B-day": "1972",
    "Flag": "i"
  },
  {
    "ID Number": "12209007",
    "Name": "Mohieldin Ahmed Haroun Ahmed",
    "Fed": "SUD",
    "Sex": "M",
    "Title": "",
    "WTit": "",
    "OTit": "",
    "FOA": "1733",
    "Rating": "AUG25",
    "Gms": "0",
    "K": "20",
    "B-day": "1973",
    "Flag": "i"
  },
  {
    "ID Number": "12204633",
    "Name": "mohmoud Hamid Nafie",
    "Fed": "SUD",
    "Sex": "M",
    "Title": "",
    "WTit": "",
    "OTit": "",
    "FOA": "1800",
    "Rating": "AUG25",
    "Gms": "0",
    "K": "20",
    "B-day": "1978",
    "Flag": "i"
  },
  {
    "ID Number": "12205540",
    "Name": "Monir Ahmed Bashir",
    "Fed": "SUD",
    "Sex": "M",
    "Title": "",
    "WTit": "",
    "OTit": "",
    "FOA": "1779",
    "Rating": "AUG25",
    "Gms": "0",
    "K": "20",
    "B-day": "1977",
    "Flag": "i"
  },
  {
    "ID Number": "12200735",
    "Name": "Montaser, Kamil",
    "Fed": "SUD",
    "Sex": "M",
    "Title": "",
    "WTit": "",
    "OTit": "",
    "FOA": "1857",
    "Rating": "AUG25",
    "Gms": "0",
    "K": "20",
    "B-day": "0",
    "Flag": "i"
  },
  {
    "ID Number": "12204064",
    "Name": "Morhed, Mohammed Ali Mohammed",
    "Fed": "SUD",
    "Sex": "M",
    "Title": "",
    "WTit": "",
    "OTit": "",
    "FOA": "1847",
    "Rating": "AUG25",
    "Gms": "0",
    "K": "20",
    "B-day": "1972",
    "Flag": "i"
  },
  {
    "ID Number": "12205362",
    "Name": "Mosab Yousif",
    "Fed": "SUD",
    "Sex": "M",
    "Title": "",
    "WTit": "",
    "OTit": "",
    "FOA": "1854",
    "Rating": "AUG25",
    "Gms": "0",
    "K": "20",
    "B-day": "1976",
    "Flag": "i"
  },
  {
    "ID Number": "12212300",
    "Name": "Mugtaba Hamza Ali",
    "Fed": "SUD",
    "Sex": "M",
    "Title": "",
    "WTit": "",
    "OTit": "",
    "FOA": "1775",
    "Rating": "AUG25",
    "Gms": "0",
    "K": "20",
    "B-day": "1998",
    "Flag": "i"
  },
  {
    "ID Number": "12207527",
    "Name": "Mujahed Sulaiman",
    "Fed": "SUD",
    "Sex": "M",
    "Title": "",
    "WTit": "",
    "OTit": "",
    "FOA": "1872",
    "Rating": "AUG25",
    "Gms": "0",
    "K": "20",
    "B-day": "1989",
    "Flag": "i"
  },
  {
    "ID Number": "12207543",
    "Name": "Mujtaba Mohamed Abdalla",
    "Fed": "SUD",
    "Sex": "M",
    "Title": "",
    "WTit": "",
    "OTit": "",
    "FOA": "1630",
    "Rating": "AUG25",
    "Gms": "0",
    "K": "20",
    "B-day": "1988",
    "Flag": ""
  },
  {
    "ID Number": "12202096",
    "Name": "Munadil El Taher Adam",
    "Fed": "SUD",
    "Sex": "M",
    "Title": "",
    "WTit": "",
    "OTit": "",
    "FOA": "1901",
    "Rating": "AUG25",
    "Gms": "0",
    "K": "20",
    "B-day": "1980",
    "Flag": "i"
  },
  {
    "ID Number": "12204498",
    "Name": "Musa AbdaallhAbdulla",
    "Fed": "SUD",
    "Sex": "M",
    "Title": "",
    "WTit": "",
    "OTit": "",
    "FOA": "1806",
    "Rating": "AUG25",
    "Gms": "0",
    "K": "20",
    "B-day": "1979",
    "Flag": "i"
  },
  {
    "ID Number": "12203653",
    "Name": "Musa Abubakr Musa",
    "Fed": "SUD",
    "Sex": "M",
    "Title": "",
    "WTit": "",
    "OTit": "",
    "FOA": "1781",
    "Rating": "AUG25",
    "Gms": "0",
    "K": "20",
    "B-day": "1990",
    "Flag": "i"
  },
  {
    "ID Number": "12203440",
    "Name": "Musab Abdelgabar Nasir",
    "Fed": "SUD",
    "Sex": "M",
    "Title": "",
    "WTit": "",
    "OTit": "",
    "FOA": "1783",
    "Rating": "AUG25",
    "Gms": "0",
    "K": "20",
    "B-day": "1986",
    "Flag": "i"
  },
  {
    "ID Number": "12202088",
    "Name": "Mustafa Mohamed Ahmad",
    "Fed": "SUD",
    "Sex": "M",
    "Title": "",
    "WTit": "",
    "OTit": "",
    "FOA": "2023",
    "Rating": "AUG25",
    "Gms": "0",
    "K": "20",
    "B-day": "1978",
    "Flag": "i"
  },
  {
    "ID Number": "12214426",
    "Name": "Muzamil Abubakr Abass",
    "Fed": "SUD",
    "Sex": "M",
    "Title": "",
    "WTit": "NA",
    "OTit": "",
    "FOA": "ACM",
    "Rating": "AUG25",
    "Gms": "1866",
    "K": "0",
    "B-day": "1988",
    "Flag": "i"
  },
  {
    "ID Number": "12200085",
    "Name": "Nader Obeid",
    "Fed": "SUD",
    "Sex": "M",
    "Title": "FM",
    "WTit": "",
    "OTit": "",
    "FOA": "2011",
    "Rating": "AUG25",
    "Gms": "0",
    "K": "20",
    "B-day": "1973",
    "Flag": ""
  },
  {
    "ID Number": "12200433",
    "Name": "Nasreldin, Zeinab",
    "Fed": "SUD",
    "Sex": "F",
    "Title": "WCM",
    "WTit": "WCM",
    "OTit": "DI",
    "FOA": "1691",
    "Rating": "AUG25",
    "Gms": "0",
    "K": "20",
    "B-day": "1981",
    "Flag": "wi"
  },
  {
    "ID Number": "12217050",
    "Name": "Noureldin Sidahmed",
    "Fed": "SUD",
    "Sex": "M",
    "Title": "",
    "WTit": "",
    "OTit": "",
    "FOA": "1535",
    "Rating": "AUG25",
    "Gms": "0",
    "K": "20",
    "B-day": "1996",
    "Flag": ""
  },
  {
    "ID Number": "12205788",
    "Name": "Omer Marof Mohamed",
    "Fed": "SUD",
    "Sex": "M",
    "Title": "",
    "WTit": "",
    "OTit": "",
    "FOA": "AFM",
    "Rating": "AUG25",
    "Gms": "1707",
    "K": "0",
    "B-day": "1998",
    "Flag": ""
  },
  {
    "ID Number": "12202347",
    "Name": "Omer Nafi Edress",
    "Fed": "SUD",
    "Sex": "M",
    "Title": "",
    "WTit": "",
    "OTit": "",
    "FOA": "1831",
    "Rating": "AUG25",
    "Gms": "0",
    "K": "20",
    "B-day": "1980",
    "Flag": "i"
  },
  {
    "ID Number": "12212598",
    "Name": "Omran Yousif Adam",
    "Fed": "SUD",
    "Sex": "M",
    "Title": "",
    "WTit": "",
    "OTit": "",
    "FOA": "1677",
    "Rating": "AUG25",
    "Gms": "0",
    "K": "20",
    "B-day": "1986",
    "Flag": "i"
  },
  {
    "ID Number": "12205060",
    "Name": "Osman Eldawi",
    "Fed": "SUD",
    "Sex": "M",
    "Title": "",
    "WTit": "",
    "OTit": "",
    "FOA": "1867",
    "Rating": "AUG25",
    "Gms": "0",
    "K": "20",
    "B-day": "1977",
    "Flag": "i"
  },
  {
    "ID Number": "12201880",
    "Name": "Osman Ibraheem",
    "Fed": "SUD",
    "Sex": "M",
    "Title": "",
    "WTit": "",
    "OTit": "",
    "FOA": "1826",
    "Rating": "AUG25",
    "Gms": "0",
    "K": "20",
    "B-day": "1973",
    "Flag": "i"
  },
  {
    "ID Number": "12211575",
    "Name": "Osman Ibrahim Abdalla",
    "Fed": "SUD",
    "Sex": "M",
    "Title": "",
    "WTit": "",
    "OTit": "",
    "FOA": "1735",
    "Rating": "AUG25",
    "Gms": "0",
    "K": "20",
    "B-day": "1961",
    "Flag": "i"
  },
  {
    "ID Number": "12204080",
    "Name": "Osman, Ziyad Abdalmonem Alkhleg",
    "Fed": "SUD",
    "Sex": "M",
    "Title": "",
    "WTit": "",
    "OTit": "",
    "FOA": "1875",
    "Rating": "AUG25",
    "Gms": "0",
    "K": "20",
    "B-day": "1992",
    "Flag": "i"
  },
  {
    "ID Number": "12205370",
    "Name": "Pagan Andrew",
    "Fed": "SUD",
    "Sex": "M",
    "Title": "",
    "WTit": "",
    "OTit": "",
    "FOA": "1711",
    "Rating": "AUG25",
    "Gms": "0",
    "K": "20",
    "B-day": "1976",
    "Flag": "i"
  },
  {
    "ID Number": "12202282",
    "Name": "Rahamt Allah Babiker",
    "Fed": "SUD",
    "Sex": "M",
    "Title": "",
    "WTit": "NA",
    "OTit": "",
    "FOA": "1910",
    "Rating": "AUG25",
    "Gms": "0",
    "K": "20",
    "B-day": "1967",
    "Flag": "i"
  },
  {
    "ID Number": "12202703",
    "Name": "Rahid gibreil musa idres",
    "Fed": "SUD",
    "Sex": "M",
    "Title": "",
    "WTit": "",
    "OTit": "",
    "FOA": "1510",
    "Rating": "AUG25",
    "Gms": "0",
    "K": "20",
    "B-day": "1970",
    "Flag": "i"
  },
  {
    "ID Number": "12204102",
    "Name": "Ramadan, Mahamed Osman Ahmed",
    "Fed": "SUD",
    "Sex": "M",
    "Title": "",
    "WTit": "",
    "OTit": "",
    "FOA": "1770",
    "Rating": "AUG25",
    "Gms": "0",
    "K": "20",
    "B-day": "1963",
    "Flag": "i"
  },
  {
    "ID Number": "12204986",
    "Name": "Saad eldin Mohammed Alfdl",
    "Fed": "SUD",
    "Sex": "M",
    "Title": "",
    "WTit": "",
    "OTit": "",
    "FOA": "1849",
    "Rating": "AUG25",
    "Gms": "0",
    "K": "20",
    "B-day": "1987",
    "Flag": "i"
  },
  {
    "ID Number": "10610499",
    "Name": "Sabreen Oraby",
    "Fed": "SUD",
    "Sex": "F",
    "Title": "WCM",
    "WTit": "WCM",
    "OTit": "",
    "FOA": "1766",
    "Rating": "AUG25",
    "Gms": "0",
    "K": "20",
    "B-day": "1988",
    "Flag": "w"
  },
  {
    "ID Number": "12202487",
    "Name": "sabri mustafa",
    "Fed": "SUD",
    "Sex": "M",
    "Title": "",
    "WTit": "",
    "OTit": "",
    "FOA": "1853",
    "Rating": "AUG25",
    "Gms": "0",
    "K": "20",
    "B-day": "1977",
    "Flag": "i"
  },
  {
    "ID Number": "12205052",
    "Name": "Saif El Yazal Omer",
    "Fed": "SUD",
    "Sex": "M",
    "Title": "",
    "WTit": "",
    "OTit": "",
    "FOA": "1886",
    "Rating": "AUG25",
    "Gms": "0",
    "K": "20",
    "B-day": "1977",
    "Flag": "i"
  },
  {
    "ID Number": "12204641",
    "Name": "SalahEldin Hameed",
    "Fed": "SUD",
    "Sex": "M",
    "Title": "",
    "WTit": "",
    "OTit": "",
    "FOA": "1844",
    "Rating": "AUG25",
    "Gms": "0",
    "K": "20",
    "B-day": "1978",
    "Flag": "i"
  },
  {
    "ID Number": "12207594",
    "Name": "Sami Altayeb",
    "Fed": "SUD",
    "Sex": "M",
    "Title": "",
    "WTit": "",
    "OTit": "",
    "FOA": "1793",
    "Rating": "AUG25",
    "Gms": "0",
    "K": "20",
    "B-day": "1978",
    "Flag": "i"
  },
  {
    "ID Number": "12211478",
    "Name": "Samih Alagib Ahmed",
    "Fed": "SUD",
    "Sex": "M",
    "Title": "",
    "WTit": "",
    "OTit": "",
    "FOA": "1696",
    "Rating": "AUG25",
    "Gms": "0",
    "K": "20",
    "B-day": "1982",
    "Flag": ""
  },
  {
    "ID Number": "12201456",
    "Name": "Sara Mohamed",
    "Fed": "SUD",
    "Sex": "F",
    "Title": "",
    "WTit": "",
    "OTit": "",
    "FOA": "1621",
    "Rating": "AUG25",
    "Gms": "0",
    "K": "20",
    "B-day": "1984",
    "Flag": "w"
  },
  {
    "ID Number": "12204110",
    "Name": "Shomo, Khalid Ahmed Ali",
    "Fed": "SUD",
    "Sex": "M",
    "Title": "",
    "WTit": "",
    "OTit": "",
    "FOA": "1687",
    "Rating": "AUG25",
    "Gms": "0",
    "K": "20",
    "B-day": "1986",
    "Flag": "i"
  },
  {
    "ID Number": "12206695",
    "Name": "Siddig Mustafa Abobakr",
    "Fed": "SUD",
    "Sex": "M",
    "Title": "",
    "WTit": "",
    "OTit": "",
    "FOA": "1948",
    "Rating": "AUG25",
    "Gms": "0",
    "K": "20",
    "B-day": "1977",
    "Flag": "i"
  },
  {
    "ID Number": "12203114",
    "Name": "Souliman Idris",
    "Fed": "SUD",
    "Sex": "M",
    "Title": "",
    "WTit": "",
    "OTit": "",
    "FOA": "1724",
    "Rating": "AUG25",
    "Gms": "0",
    "K": "20",
    "B-day": "1969",
    "Flag": "i"
  },
  {
    "ID Number": "12201014",
    "Name": "Taha , Adam",
    "Fed": "SUD",
    "Sex": "M",
    "Title": "",
    "WTit": "",
    "OTit": "",
    "FOA": "1914",
    "Rating": "AUG25",
    "Gms": "0",
    "K": "20",
    "B-day": "0",
    "Flag": "i"
  },
  {
    "ID Number": "12205206",
    "Name": "Tariq Babikir",
    "Fed": "SUD",
    "Sex": "M",
    "Title": "",
    "WTit": "",
    "OTit": "",
    "FOA": "1857",
    "Rating": "AUG25",
    "Gms": "0",
    "K": "20",
    "B-day": "1981",
    "Flag": "i"
  },
  {
    "ID Number": "12201480",
    "Name": "Tayseer Mohammed",
    "Fed": "SUD",
    "Sex": "F",
    "Title": "",
    "WTit": "",
    "OTit": "",
    "FOA": "1656",
    "Rating": "AUG25",
    "Gms": "0",
    "K": "20",
    "B-day": "1980",
    "Flag": "wi"
  },
  {
    "ID Number": "12201162",
    "Name": "Wadidi, Samir",
    "Fed": "SUD",
    "Sex": "M",
    "Title": "",
    "WTit": "FT",
    "OTit": "",
    "FOA": "1909",
    "Rating": "AUG25",
    "Gms": "0",
    "K": "20",
    "B-day": "1980",
    "Flag": "i"
  },
  {
    "ID Number": "12209120",
    "Name": "Wais Kamal Wais Mohamed",
    "Fed": "SUD",
    "Sex": "M",
    "Title": "",
    "WTit": "",
    "OTit": "",
    "FOA": "1818",
    "Rating": "AUG25",
    "Gms": "7",
    "K": "40",
    "B-day": "2001",
    "Flag": ""
  },
  {
    "ID Number": "12205397",
    "Name": "Walid Fathi",
    "Fed": "SUD",
    "Sex": "M",
    "Title": "",
    "WTit": "",
    "OTit": "",
    "FOA": "1783",
    "Rating": "AUG25",
    "Gms": "0",
    "K": "20",
    "B-day": "1976",
    "Flag": "i"
  },
  {
    "ID Number": "12214434",
    "Name": "Walid Isam Ahmed",
    "Fed": "SUD",
    "Sex": "M",
    "Title": "",
    "WTit": "",
    "OTit": "",
    "FOA": "1700",
    "Rating": "AUG25",
    "Gms": "0",
    "K": "20",
    "B-day": "1984",
    "Flag": ""
  },
  {
    "ID Number": "12202010",
    "Name": "Yaseir Kalbash Daleel",
    "Fed": "SUD",
    "Sex": "M",
    "Title": "",
    "WTit": "",
    "OTit": "",
    "FOA": "1935",
    "Rating": "AUG25",
    "Gms": "0",
    "K": "20",
    "B-day": "1984",
    "Flag": "i"
  },
  {
    "ID Number": "12205850",
    "Name": "Yousif Eltayeb El Mahadi Bakheet",
    "Fed": "SUD",
    "Sex": "M",
    "Title": "",
    "WTit": "",
    "OTit": "",
    "FOA": "1567",
    "Rating": "AUG25",
    "Gms": "0",
    "K": "20",
    "B-day": "2006",
    "Flag": "i"
  },
  {
    "ID Number": "12204463",
    "Name": "Zakaria Adam",
    "Fed": "SUD",
    "Sex": "M",
    "Title": "",
    "WTit": "",
    "OTit": "",
    "FOA": "1809",
    "Rating": "AUG25",
    "Gms": "0",
    "K": "20",
    "B-day": "1976",
    "Flag": "i"
  }
]