[
  {
    "ID Number": "5303729",
    "Name": "Abbas, Khalil",
    "Fed": "LBN",
    "Sex": "M",
    "Title": "",
    "WTit": "NI",
    "OTit": "",
    "FOA": "1917",
    "Rating": "AUG25",
    "Gms": "0",
    "K": "20",
    "B-day": "0",
    "Flag": "i"
  },
  {
    "ID Number": "5304911",
    "Name": "Abdallah, Jamal",
    "Fed": "LBN",
    "Sex": "M",
    "Title": "",
    "WTit": "",
    "OTit": "",
    "FOA": "1980",
    "Rating": "AUG25",
    "Gms": "0",
    "K": "20",
    "B-day": "1957",
    "Flag": "i"
  },
  {
    "ID Number": "5313759",
    "Name": "Abdel Ahad, Moussa Mario",
    "Fed": "LBN",
    "Sex": "M",
    "Title": "",
    "WTit": "",
    "OTit": "",
    "FOA": "1780",
    "Rating": "AUG25",
    "Gms": "0",
    "K": "20",
    "B-day": "2006",
    "Flag": "i"
  },
  {
    "ID Number": "5331021",
    "Name": "Abdel Khalek, Anil",
    "Fed": "LBN",
    "Sex": "M",
    "Title": "",
    "WTit": "",
    "OTit": "",
    "FOA": "1512",
    "Rating": "AUG25",
    "Gms": "6",
    "K": "40",
    "B-day": "2009",
    "Flag": ""
  },
  {
    "ID Number": "5306655",
    "Name": "Abdo, Elie",
    "Fed": "LBN",
    "Sex": "M",
    "Title": "",
    "WTit": "",
    "OTit": "",
    "FOA": "1859",
    "Rating": "AUG25",
    "Gms": "0",
    "K": "20",
    "B-day": "1984",
    "Flag": "i"
  },
  {
    "ID Number": "5302129",
    "Name": "Abdo, Moussa",
    "Fed": "LBN",
    "Sex": "M",
    "Title": "",
    "WTit": "",
    "OTit": "",
    "FOA": "1791",
    "Rating": "AUG25",
    "Gms": "0",
    "K": "20",
    "B-day": "0",
    "Flag": "i"
  },
  {
    "ID Number": "5306663",
    "Name": "Abdo, Oussama",
    "Fed": "LBN",
    "Sex": "M",
    "Title": "",
    "WTit": "",
    "OTit": "",
    "FOA": "1918",
    "Rating": "AUG25",
    "Gms": "0",
    "K": "20",
    "B-day": "1950",
    "Flag": "i"
  },
  {
    "ID Number": "5302889",
    "Name": "Abdullatif, Hassan",
    "Fed": "LBN",
    "Sex": "M",
    "Title": "",
    "WTit": "",
    "OTit": "",
    "FOA": "1640",
    "Rating": "AUG25",
    "Gms": "0",
    "K": "20",
    "B-day": "1999",
    "Flag": "i"
  },
  {
    "ID Number": "5301700",
    "Name": "Abi Nader, Charles",
    "Fed": "LBN",
    "Sex": "M",
    "Title": "",
    "WTit": "",
    "OTit": "",
    "FOA": "1832",
    "Rating": "AUG25",
    "Gms": "0",
    "K": "20",
    "B-day": "0",
    "Flag": "i"
  },
  {
    "ID Number": "5307058",
    "Name": "Abi Rached, Joseph",
    "Fed": "LBN",
    "Sex": "M",
    "Title": "",
    "WTit": "",
    "OTit": "",
    "FOA": "1709",
    "Rating": "AUG25",
    "Gms": "0",
    "K": "20",
    "B-day": "1983",
    "Flag": "i"
  },
  {
    "ID Number": "5303923",
    "Name": "Abou Adelah, Ghassan",
    "Fed": "LBN",
    "Sex": "M",
    "Title": "",
    "WTit": "",
    "OTit": "",
    "FOA": "1778",
    "Rating": "AUG25",
    "Gms": "0",
    "K": "20",
    "B-day": "1970",
    "Flag": "i"
  },
  {
    "ID Number": "5319587",
    "Name": "Abou Chakra,Michael",
    "Fed": "LBN",
    "Sex": "M",
    "Title": "",
    "WTit": "",
    "OTit": "",
    "FOA": "1561",
    "Rating": "AUG25",
    "Gms": "0",
    "K": "40",
    "B-day": "2007",
    "Flag": ""
  },
  {
    "ID Number": "5303010",
    "Name": "Abou El Hussen, Amir",
    "Fed": "LBN",
    "Sex": "M",
    "Title": "",
    "WTit": "",
    "OTit": "",
    "FOA": "1911",
    "Rating": "AUG25",
    "Gms": "0",
    "K": "20",
    "B-day": "1989",
    "Flag": "i"
  },
  {
    "ID Number": "5303087",
    "Name": "Abou El Kateh, Adham",
    "Fed": "LBN",
    "Sex": "M",
    "Title": "",
    "WTit": "",
    "OTit": "",
    "FOA": "1825",
    "Rating": "AUG25",
    "Gms": "0",
    "K": "20",
    "B-day": "0",
    "Flag": "i"
  },
  {
    "ID Number": "5329590",
    "Name": "Abou Hjeily, Karim",
    "Fed": "LBN",
    "Sex": "M",
    "Title": "",
    "WTit": "",
    "OTit": "",
    "FOA": "1579",
    "Rating": "AUG25",
    "Gms": "21",
    "K": "40",
    "B-day": "2012",
    "Flag": ""
  },
  {
    "ID Number": "5315271",
    "Name": "Abou Taam, Fatima",
    "Fed": "LBN",
    "Sex": "F",
    "Title": "",
    "WTit": "",
    "OTit": "",
    "FOA": "1630",
    "Rating": "AUG25",
    "Gms": "0",
    "K": "40",
    "B-day": "2009",
    "Flag": "wi"
  },
  {
    "ID Number": "5301378",
    "Name": "Abou Zahr, Ezzeddine",
    "Fed": "LBN",
    "Sex": "M",
    "Title": "",
    "WTit": "NI,FA",
    "OTit": "",
    "FOA": "1770",
    "Rating": "AUG25",
    "Gms": "0",
    "K": "20",
    "B-day": "1986",
    "Flag": "i"
  },
  {
    "ID Number": "5317363",
    "Name": "Abrahamian, Sevag Apig",
    "Fed": "LBN",
    "Sex": "M",
    "Title": "",
    "WTit": "",
    "OTit": "",
    "FOA": "1771",
    "Rating": "AUG25",
    "Gms": "0",
    "K": "20",
    "B-day": "1994",
    "Flag": "i"
  },
  {
    "ID Number": "5323460",
    "Name": "Absi Halabi,Taym Basil",
    "Fed": "LBN",
    "Sex": "M",
    "Title": "",
    "WTit": "",
    "OTit": "",
    "FOA": "1664",
    "Rating": "AUG25",
    "Gms": "0",
    "K": "40",
    "B-day": "2010",
    "Flag": "i"
  },
  {
    "ID Number": "689165",
    "Name": "Adeimi, Michel",
    "Fed": "LBN",
    "Sex": "M",
    "Title": "CM",
    "WTit": "",
    "OTit": "",
    "FOA": "2025",
    "Rating": "AUG25",
    "Gms": "0",
    "K": "20",
    "B-day": "1994",
    "Flag": ""
  },
  {
    "ID Number": "5321573",
    "Name": "Ahmed, Abbas",
    "Fed": "LBN",
    "Sex": "M",
    "Title": "",
    "WTit": "",
    "OTit": "",
    "FOA": "1428",
    "Rating": "AUG25",
    "Gms": "10",
    "K": "40",
    "B-day": "1983",
    "Flag": ""
  },
  {
    "ID Number": "5301874",
    "Name": "Akhrass, Roland",
    "Fed": "LBN",
    "Sex": "M",
    "Title": "",
    "WTit": "FI",
    "OTit": "",
    "FOA": "1920",
    "Rating": "AUG25",
    "Gms": "0",
    "K": "20",
    "B-day": "1979",
    "Flag": "i"
  },
  {
    "ID Number": "5324521",
    "Name": "Akl, Jad Eli",
    "Fed": "LBN",
    "Sex": "M",
    "Title": "",
    "WTit": "",
    "OTit": "",
    "FOA": "AFM",
    "Rating": "AUG25",
    "Gms": "1691",
    "K": "5",
    "B-day": "2011",
    "Flag": ""
  },
  {
    "ID Number": "5309662",
    "Name": "Al Anis, Sirine",
    "Fed": "LBN",
    "Sex": "F",
    "Title": "",
    "WTit": "NA",
    "OTit": "",
    "FOA": "1525",
    "Rating": "AUG25",
    "Gms": "0",
    "K": "20",
    "B-day": "2006",
    "Flag": "wi"
  },
  {
    "ID Number": "5303753",
    "Name": "Al Anjom, Jean",
    "Fed": "LBN",
    "Sex": "M",
    "Title": "",
    "WTit": "",
    "OTit": "",
    "FOA": "1744",
    "Rating": "AUG25",
    "Gms": "0",
    "K": "20",
    "B-day": "1966",
    "Flag": "i"
  },
  {
    "ID Number": "5319935",
    "Name": "Al Asmar, Remy",
    "Fed": "LBN",
    "Sex": "F",
    "Title": "WCM",
    "WTit": "WCM",
    "OTit": "",
    "FOA": "1700",
    "Rating": "AUG25",
    "Gms": "0",
    "K": "40",
    "B-day": "2007",
    "Flag": "wi"
  },
  {
    "ID Number": "5307295",
    "Name": "Al Assi, Ahmad",
    "Fed": "LBN",
    "Sex": "M",
    "Title": "",
    "WTit": "",
    "OTit": "",
    "FOA": "1607",
    "Rating": "AUG25",
    "Gms": "3",
    "K": "20",
    "B-day": "1987",
    "Flag": ""
  },
  {
    "ID Number": "5303710",
    "Name": "Al Dahabi, Mohamad",
    "Fed": "LBN",
    "Sex": "M",
    "Title": "",
    "WTit": "NI",
    "OTit": "",
    "FOA": "1807",
    "Rating": "AUG25",
    "Gms": "0",
    "K": "20",
    "B-day": "1985",
    "Flag": "i"
  },
  {
    "ID Number": "5307430",
    "Name": "Al Ghazzawi, Omar",
    "Fed": "LBN",
    "Sex": "M",
    "Title": "",
    "WTit": "",
    "OTit": "",
    "FOA": "1648",
    "Rating": "AUG25",
    "Gms": "0",
    "K": "20",
    "B-day": "1995",
    "Flag": "i"
  },
  {
    "ID Number": "5326907",
    "Name": "Al Hakim, Mohammad Shafik",
    "Fed": "LBN",
    "Sex": "M",
    "Title": "",
    "WTit": "",
    "OTit": "",
    "FOA": "1563",
    "Rating": "AUG25",
    "Gms": "0",
    "K": "20",
    "B-day": "1996",
    "Flag": "i"
  },
  {
    "ID Number": "5324343",
    "Name": "Al Jurdi, Ribal",
    "Fed": "LBN",
    "Sex": "M",
    "Title": "",
    "WTit": "",
    "OTit": "",
    "FOA": "1638",
    "Rating": "AUG25",
    "Gms": "0",
    "K": "40",
    "B-day": "2009",
    "Flag": "i"
  },
  {
    "ID Number": "5302803",
    "Name": "Al Kaoury, Mahdi",
    "Fed": "LBN",
    "Sex": "M",
    "Title": "CM",
    "WTit": "",
    "OTit": "",
    "FOA": "2094",
    "Rating": "AUG25",
    "Gms": "0",
    "K": "20",
    "B-day": "1993",
    "Flag": "i"
  },
  {
    "ID Number": "5317541",
    "Name": "Al Masri, Omar",
    "Fed": "LBN",
    "Sex": "M",
    "Title": "",
    "WTit": "",
    "OTit": "",
    "FOA": "1646",
    "Rating": "AUG25",
    "Gms": "14",
    "K": "40",
    "B-day": "2001",
    "Flag": ""
  },
  {
    "ID Number": "5301726",
    "Name": "Al Salman, Mohamad",
    "Fed": "LBN",
    "Sex": "M",
    "Title": "",
    "WTit": "",
    "OTit": "",
    "FOA": "1974",
    "Rating": "AUG25",
    "Gms": "0",
    "K": "20",
    "B-day": "1992",
    "Flag": "i"
  },
  {
    "ID Number": "5304504",
    "Name": "Alaa Eddine, Hani",
    "Fed": "LBN",
    "Sex": "M",
    "Title": "",
    "WTit": "",
    "OTit": "",
    "FOA": "1860",
    "Rating": "AUG25",
    "Gms": "0",
    "K": "20",
    "B-day": "1970",
    "Flag": "i"
  },
  {
    "ID Number": "5306248",
    "Name": "Alaa El Din, Abdallah",
    "Fed": "LBN",
    "Sex": "M",
    "Title": "",
    "WTit": "",
    "OTit": "",
    "FOA": "1741",
    "Rating": "AUG25",
    "Gms": "0",
    "K": "20",
    "B-day": "2002",
    "Flag": "i"
  },
  {
    "ID Number": "5331153",
    "Name": "Alaadine, Abdullah",
    "Fed": "LBN",
    "Sex": "M",
    "Title": "",
    "WTit": "",
    "OTit": "",
    "FOA": "1855",
    "Rating": "AUG25",
    "Gms": "9",
    "K": "40",
    "B-day": "2002",
    "Flag": ""
  },
  {
    "ID Number": "5301890",
    "Name": "Alan, Helo",
    "Fed": "LBN",
    "Sex": "M",
    "Title": "",
    "WTit": "",
    "OTit": "",
    "FOA": "1753",
    "Rating": "AUG25",
    "Gms": "0",
    "K": "20",
    "B-day": "1976",
    "Flag": "i"
  },
  {
    "ID Number": "5319137",
    "Name": "Alassaad, Ali Hassan",
    "Fed": "LBN",
    "Sex": "M",
    "Title": "",
    "WTit": "",
    "OTit": "",
    "FOA": "1544",
    "Rating": "AUG25",
    "Gms": "0",
    "K": "40",
    "B-day": "2014",
    "Flag": ""
  },
  {
    "ID Number": "5307570",
    "Name": "Ali Khan, Amani",
    "Fed": "LBN",
    "Sex": "F",
    "Title": "",
    "WTit": "NA",
    "OTit": "",
    "FOA": "ACM",
    "Rating": "AUG25",
    "Gms": "1559",
    "K": "6",
    "B-day": "1993",
    "Flag": "w"
  },
  {
    "ID Number": "5311896",
    "Name": "Alloue, Mohamad",
    "Fed": "LBN",
    "Sex": "M",
    "Title": "",
    "WTit": "",
    "OTit": "",
    "FOA": "1644",
    "Rating": "AUG25",
    "Gms": "0",
    "K": "20",
    "B-day": "1968",
    "Flag": "i"
  },
  {
    "ID Number": "5328853",
    "Name": "Almawla, Amin Sara",
    "Fed": "LBN",
    "Sex": "M",
    "Title": "",
    "WTit": "",
    "OTit": "",
    "FOA": "1595",
    "Rating": "AUG25",
    "Gms": "21",
    "K": "40",
    "B-day": "2016",
    "Flag": ""
  },
  {
    "ID Number": "5322634",
    "Name": "Andounian, Sako",
    "Fed": "LBN",
    "Sex": "M",
    "Title": "",
    "WTit": "",
    "OTit": "",
    "FOA": "1517",
    "Rating": "AUG25",
    "Gms": "0",
    "K": "20",
    "B-day": "2004",
    "Flag": "i"
  },
  {
    "ID Number": "5320550",
    "Name": "Andraos , Georges",
    "Fed": "LBN",
    "Sex": "M",
    "Title": "",
    "WTit": "",
    "OTit": "",
    "FOA": "1522",
    "Rating": "AUG25",
    "Gms": "0",
    "K": "40",
    "B-day": "2009",
    "Flag": "i"
  },
  {
    "ID Number": "5300843",
    "Name": "Antonios, Johnny",
    "Fed": "LBN",
    "Sex": "M",
    "Title": "CM",
    "WTit": "",
    "OTit": "",
    "FOA": "2246",
    "Rating": "AUG25",
    "Gms": "0",
    "K": "20",
    "B-day": "1981",
    "Flag": "i"
  },
  {
    "ID Number": "5300770",
    "Name": "Aramali, Ohannes",
    "Fed": "LBN",
    "Sex": "M",
    "Title": "",
    "WTit": "NI,NA",
    "OTit": "",
    "FOA": "1762",
    "Rating": "AUG25",
    "Gms": "0",
    "K": "20",
    "B-day": "0",
    "Flag": "i"
  },
  {
    "ID Number": "5309670",
    "Name": "Arkadan, Adam",
    "Fed": "LBN",
    "Sex": "M",
    "Title": "",
    "WTit": "",
    "OTit": "",
    "FOA": "1584",
    "Rating": "AUG25",
    "Gms": "0",
    "K": "40",
    "B-day": "2011",
    "Flag": "i"
  },
  {
    "ID Number": "5304946",
    "Name": "Arkadan, Adib",
    "Fed": "LBN",
    "Sex": "M",
    "Title": "CM",
    "WTit": "",
    "OTit": "",
    "FOA": "2035",
    "Rating": "AUG25",
    "Gms": "0",
    "K": "20",
    "B-day": "2006",
    "Flag": "i"
  },
  {
    "ID Number": "5309697",
    "Name": "Arkadan, Ibrahim",
    "Fed": "LBN",
    "Sex": "M",
    "Title": "",
    "WTit": "",
    "OTit": "",
    "FOA": "1561",
    "Rating": "AUG25",
    "Gms": "0",
    "K": "20",
    "B-day": "2003",
    "Flag": "i"
  },
  {
    "ID Number": "5302897",
    "Name": "Arnelian, Nanor",
    "Fed": "LBN",
    "Sex": "F",
    "Title": "",
    "WTit": "",
    "OTit": "",
    "FOA": "1597",
    "Rating": "AUG25",
    "Gms": "0",
    "K": "20",
    "B-day": "2004",
    "Flag": "wi"
  },
  {
    "ID Number": "5306256",
    "Name": "Asaad, Ali",
    "Fed": "LBN",
    "Sex": "M",
    "Title": "",
    "WTit": "",
    "OTit": "",
    "FOA": "1639",
    "Rating": "AUG25",
    "Gms": "7",
    "K": "40",
    "B-day": "2004",
    "Flag": ""
  },
  {
    "ID Number": "5301432",
    "Name": "Asmar, Elie",
    "Fed": "LBN",
    "Sex": "M",
    "Title": "",
    "WTit": "",
    "OTit": "",
    "FOA": "2043",
    "Rating": "AUG25",
    "Gms": "0",
    "K": "20",
    "B-day": "0",
    "Flag": "i"
  },
  {
    "ID Number": "5310504",
    "Name": "Assaad, Joe",
    "Fed": "LBN",
    "Sex": "M",
    "Title": "CM",
    "WTit": "",
    "OTit": "",
    "FOA": "2079",
    "Rating": "AUG25",
    "Gms": "9",
    "K": "20",
    "B-day": "1998",
    "Flag": ""
  },
  {
    "ID Number": "5317606",
    "Name": "Atayan, Michel",
    "Fed": "LBN",
    "Sex": "M",
    "Title": "",
    "WTit": "",
    "OTit": "",
    "FOA": "1591",
    "Rating": "AUG25",
    "Gms": "0",
    "K": "40",
    "B-day": "2012",
    "Flag": "i"
  },
  {
    "ID Number": "5313562",
    "Name": "Attieh, Kate",
    "Fed": "LBN",
    "Sex": "F",
    "Title": "",
    "WTit": "",
    "OTit": "",
    "FOA": "1667",
    "Rating": "AUG25",
    "Gms": "0",
    "K": "40",
    "B-day": "2012",
    "Flag": "wi"
  },
  {
    "ID Number": "5313570",
    "Name": "Attieh, Skye",
    "Fed": "LBN",
    "Sex": "F",
    "Title": "WCM",
    "WTit": "WCM",
    "OTit": "",
    "FOA": "1727",
    "Rating": "AUG25",
    "Gms": "0",
    "K": "40",
    "B-day": "2015",
    "Flag": "wi"
  },
  {
    "ID Number": "5301734",
    "Name": "Attieh, Wael",
    "Fed": "LBN",
    "Sex": "M",
    "Title": "",
    "WTit": "",
    "OTit": "",
    "FOA": "1799",
    "Rating": "AUG25",
    "Gms": "0",
    "K": "20",
    "B-day": "0",
    "Flag": "i"
  },
  {
    "ID Number": "5300452",
    "Name": "Atwi, Hassan",
    "Fed": "LBN",
    "Sex": "M",
    "Title": "",
    "WTit": "",
    "OTit": "",
    "FOA": "1746",
    "Rating": "AUG25",
    "Gms": "0",
    "K": "20",
    "B-day": "0",
    "Flag": "i"
  },
  {
    "ID Number": "5324572",
    "Name": "Ayache, Ali",
    "Fed": "LBN",
    "Sex": "M",
    "Title": "",
    "WTit": "",
    "OTit": "",
    "FOA": "1648",
    "Rating": "AUG25",
    "Gms": "0",
    "K": "40",
    "B-day": "2010",
    "Flag": "i"
  },
  {
    "ID Number": "5305233",
    "Name": "Ayoub, Auriane",
    "Fed": "LBN",
    "Sex": "F",
    "Title": "",
    "WTit": "",
    "OTit": "",
    "FOA": "1423",
    "Rating": "AUG25",
    "Gms": "0",
    "K": "40",
    "B-day": "2011",
    "Flag": "wi"
  },
  {
    "ID Number": "5313163",
    "Name": "Ayoub, Bilal",
    "Fed": "LBN",
    "Sex": "M",
    "Title": "",
    "WTit": "",
    "OTit": "",
    "FOA": "1762",
    "Rating": "AUG25",
    "Gms": "0",
    "K": "20",
    "B-day": "2000",
    "Flag": "i"
  },
  {
    "ID Number": "5301742",
    "Name": "Ayoub, Maurice",
    "Fed": "LBN",
    "Sex": "M",
    "Title": "",
    "WTit": "NA",
    "OTit": "",
    "FOA": "1902",
    "Rating": "AUG25",
    "Gms": "0",
    "K": "20",
    "B-day": "0",
    "Flag": "i"
  },
  {
    "ID Number": "5305217",
    "Name": "Badieh, Mahmoud",
    "Fed": "LBN",
    "Sex": "M",
    "Title": "",
    "WTit": "",
    "OTit": "",
    "FOA": "1698",
    "Rating": "AUG25",
    "Gms": "0",
    "K": "40",
    "B-day": "2008",
    "Flag": "i"
  },
  {
    "ID Number": "5313430",
    "Name": "Baghdadi, Mohamad",
    "Fed": "LBN",
    "Sex": "M",
    "Title": "",
    "WTit": "",
    "OTit": "",
    "FOA": "1622",
    "Rating": "AUG25",
    "Gms": "0",
    "K": "20",
    "B-day": "2004",
    "Flag": "i"
  },
  {
    "ID Number": "5300096",
    "Name": "Barakat, Rafic",
    "Fed": "LBN",
    "Sex": "M",
    "Title": "",
    "WTit": "",
    "OTit": "",
    "FOA": "1992",
    "Rating": "AUG25",
    "Gms": "0",
    "K": "20",
    "B-day": "1962",
    "Flag": "i"
  },
  {
    "ID Number": "5302900",
    "Name": "Bassam, Adam",
    "Fed": "LBN",
    "Sex": "M",
    "Title": "",
    "WTit": "",
    "OTit": "",
    "FOA": "1506",
    "Rating": "AUG25",
    "Gms": "0",
    "K": "20",
    "B-day": "2004",
    "Flag": "i"
  },
  {
    "ID Number": "5300657",
    "Name": "Bassel, Charaf",
    "Fed": "LBN",
    "Sex": "M",
    "Title": "",
    "WTit": "",
    "OTit": "",
    "FOA": "2118",
    "Rating": "AUG25",
    "Gms": "0",
    "K": "20",
    "B-day": "1986",
    "Flag": "i"
  },
  {
    "ID Number": "5314267",
    "Name": "Baydoun, Rayan",
    "Fed": "LBN",
    "Sex": "M",
    "Title": "",
    "WTit": "",
    "OTit": "",
    "FOA": "1606",
    "Rating": "AUG25",
    "Gms": "0",
    "K": "20",
    "B-day": "2004",
    "Flag": "i"
  },
  {
    "ID Number": "5326923",
    "Name": "Baz, Karam",
    "Fed": "LBN",
    "Sex": "M",
    "Title": "",
    "WTit": "",
    "OTit": "",
    "FOA": "1479",
    "Rating": "AUG25",
    "Gms": "0",
    "K": "20",
    "B-day": "1997",
    "Flag": "i"
  },
  {
    "ID Number": "5323908",
    "Name": "Bchara, Anthony",
    "Fed": "LBN",
    "Sex": "M",
    "Title": "",
    "WTit": "",
    "OTit": "",
    "FOA": "1664",
    "Rating": "AUG25",
    "Gms": "16",
    "K": "40",
    "B-day": "2006",
    "Flag": ""
  },
  {
    "ID Number": "5323916",
    "Name": "Bchara, Charbel",
    "Fed": "LBN",
    "Sex": "M",
    "Title": "",
    "WTit": "",
    "OTit": "",
    "FOA": "1787",
    "Rating": "AUG25",
    "Gms": "18",
    "K": "40",
    "B-day": "2009",
    "Flag": ""
  },
  {
    "ID Number": "5323924",
    "Name": "Bchara, Eugenie",
    "Fed": "LBN",
    "Sex": "F",
    "Title": "",
    "WTit": "",
    "OTit": "",
    "FOA": "1704",
    "Rating": "AUG25",
    "Gms": "8",
    "K": "20",
    "B-day": "2006",
    "Flag": "w"
  },
  {
    "ID Number": "5314941",
    "Name": "Bchouty, Mounir Maroun",
    "Fed": "LBN",
    "Sex": "M",
    "Title": "",
    "WTit": "",
    "OTit": "",
    "FOA": "1645",
    "Rating": "AUG25",
    "Gms": "0",
    "K": "20",
    "B-day": "1999",
    "Flag": ""
  },
  {
    "ID Number": "5300479",
    "Name": "Bedrosian, Danielle",
    "Fed": "LBN",
    "Sex": "F",
    "Title": "",
    "WTit": "",
    "OTit": "",
    "FOA": "1762",
    "Rating": "AUG25",
    "Gms": "0",
    "K": "20",
    "B-day": "0",
    "Flag": "wi"
  },
  {
    "ID Number": "5300827",
    "Name": "Berbari, Imad",
    "Fed": "LBN",
    "Sex": "M",
    "Title": "",
    "WTit": "",
    "OTit": "",
    "FOA": "1827",
    "Rating": "AUG25",
    "Gms": "0",
    "K": "20",
    "B-day": "0",
    "Flag": "i"
  },
  {
    "ID Number": "5302480",
    "Name": "Bitar, Nassim",
    "Fed": "LBN",
    "Sex": "M",
    "Title": "",
    "WTit": "",
    "OTit": "",
    "FOA": "1893",
    "Rating": "AUG25",
    "Gms": "0",
    "K": "20",
    "B-day": "1981",
    "Flag": "i"
  },
  {
    "ID Number": "5301467",
    "Name": "Bohlok, Houssam",
    "Fed": "LBN",
    "Sex": "M",
    "Title": "",
    "WTit": "",
    "OTit": "",
    "FOA": "1788",
    "Rating": "AUG25",
    "Gms": "20",
    "K": "20",
    "B-day": "1986",
    "Flag": ""
  },
  {
    "ID Number": "5310970",
    "Name": "Bou Fakhr, Shadi",
    "Fed": "LBN",
    "Sex": "M",
    "Title": "",
    "WTit": "",
    "OTit": "",
    "FOA": "1418",
    "Rating": "AUG25",
    "Gms": "0",
    "K": "40",
    "B-day": "2009",
    "Flag": "i"
  },
  {
    "ID Number": "5322677",
    "Name": "Bou Ghannam, Bahaa",
    "Fed": "LBN",
    "Sex": "M",
    "Title": "",
    "WTit": "",
    "OTit": "",
    "FOA": "1530",
    "Rating": "AUG25",
    "Gms": "0",
    "K": "40",
    "B-day": "2011",
    "Flag": "i"
  },
  {
    "ID Number": "5313686",
    "Name": "Bou Merhy , Ziad Steven",
    "Fed": "LBN",
    "Sex": "M",
    "Title": "",
    "WTit": "",
    "OTit": "",
    "FOA": "1407",
    "Rating": "AUG25",
    "Gms": "0",
    "K": "40",
    "B-day": "2010",
    "Flag": "i"
  },
  {
    "ID Number": "5318130",
    "Name": "Bou Mjahid, Naji",
    "Fed": "LBN",
    "Sex": "M",
    "Title": "",
    "WTit": "",
    "OTit": "",
    "FOA": "1565",
    "Rating": "AUG25",
    "Gms": "0",
    "K": "20",
    "B-day": "1975",
    "Flag": "i"
  },
  {
    "ID Number": "5302749",
    "Name": "Boulos, Carlos",
    "Fed": "LBN",
    "Sex": "M",
    "Title": "CM",
    "WTit": "",
    "OTit": "",
    "FOA": "2065",
    "Rating": "AUG25",
    "Gms": "0",
    "K": "20",
    "B-day": "2004",
    "Flag": ""
  },
  {
    "ID Number": "5324092",
    "Name": "Bourji,Ali Ghaleb",
    "Fed": "LBN",
    "Sex": "M",
    "Title": "",
    "WTit": "",
    "OTit": "",
    "FOA": "1535",
    "Rating": "AUG25",
    "Gms": "0",
    "K": "40",
    "B-day": "2011",
    "Flag": "i"
  },
  {
    "ID Number": "5307597",
    "Name": "Braidy, Mohamad",
    "Fed": "LBN",
    "Sex": "M",
    "Title": "",
    "WTit": "NA",
    "OTit": "",
    "FOA": "1808",
    "Rating": "AUG25",
    "Gms": "0",
    "K": "20",
    "B-day": "1995",
    "Flag": "i"
  },
  {
    "ID Number": "5300649",
    "Name": "Braydi, Chawki",
    "Fed": "LBN",
    "Sex": "M",
    "Title": "",
    "WTit": "NA",
    "OTit": "",
    "FOA": "1819",
    "Rating": "AUG25",
    "Gms": "0",
    "K": "20",
    "B-day": "1964",
    "Flag": "i"
  },
  {
    "ID Number": "5304571",
    "Name": "Brounsouzian, Hrair",
    "Fed": "LBN",
    "Sex": "M",
    "Title": "",
    "WTit": "",
    "OTit": "",
    "FOA": "1911",
    "Rating": "AUG25",
    "Gms": "0",
    "K": "20",
    "B-day": "1977",
    "Flag": "i"
  },
  {
    "ID Number": "5324904",
    "Name": "Bsat, Kinana",
    "Fed": "LBN",
    "Sex": "M",
    "Title": "",
    "WTit": "",
    "OTit": "",
    "FOA": "1543",
    "Rating": "AUG25",
    "Gms": "14",
    "K": "40",
    "B-day": "2009",
    "Flag": ""
  },
  {
    "ID Number": "5321123",
    "Name": "Chaaya, Morched",
    "Fed": "LBN",
    "Sex": "M",
    "Title": "",
    "WTit": "",
    "OTit": "",
    "FOA": "1734",
    "Rating": "AUG25",
    "Gms": "0",
    "K": "20",
    "B-day": "1978",
    "Flag": "i"
  },
  {
    "ID Number": "5327563",
    "Name": "Chaheen, Raed",
    "Fed": "LBN",
    "Sex": "M",
    "Title": "",
    "WTit": "",
    "OTit": "",
    "FOA": "1478",
    "Rating": "AUG25",
    "Gms": "0",
    "K": "40",
    "B-day": "2009",
    "Flag": ""
  },
  {
    "ID Number": "5301653",
    "Name": "Chahrour, Ibrahim",
    "Fed": "LBN",
    "Sex": "M",
    "Title": "IM",
    "WTit": "",
    "OTit": "",
    "FOA": "2087",
    "Rating": "AUG25",
    "Gms": "0",
    "K": "20",
    "B-day": "1997",
    "Flag": "i"
  },
  {
    "ID Number": "5324602",
    "Name": "Chahrour, Jad",
    "Fed": "LBN",
    "Sex": "M",
    "Title": "",
    "WTit": "",
    "OTit": "",
    "FOA": "1550",
    "Rating": "AUG25",
    "Gms": "0",
    "K": "20",
    "B-day": "2002",
    "Flag": "i"
  },
  {
    "ID Number": "5314950",
    "Name": "Chalhoub, Antoine Edgar",
    "Fed": "LBN",
    "Sex": "M",
    "Title": "",
    "WTit": "",
    "OTit": "",
    "FOA": "1631",
    "Rating": "AUG25",
    "Gms": "0",
    "K": "40",
    "B-day": "2008",
    "Flag": "i"
  },
  {
    "ID Number": "5314968",
    "Name": "Chalhoub, Antoine Wiliam",
    "Fed": "LBN",
    "Sex": "M",
    "Title": "",
    "WTit": "",
    "OTit": "",
    "FOA": "1690",
    "Rating": "AUG25",
    "Gms": "0",
    "K": "20",
    "B-day": "2006",
    "Flag": "i"
  },
  {
    "ID Number": "5324610",
    "Name": "Chami, Amir",
    "Fed": "LBN",
    "Sex": "M",
    "Title": "",
    "WTit": "",
    "OTit": "",
    "FOA": "1560",
    "Rating": "AUG25",
    "Gms": "0",
    "K": "40",
    "B-day": "2013",
    "Flag": "i"
  },
  {
    "ID Number": "5313961",
    "Name": "Chamoun , George Oliver",
    "Fed": "LBN",
    "Sex": "M",
    "Title": "",
    "WTit": "",
    "OTit": "",
    "FOA": "1672",
    "Rating": "AUG25",
    "Gms": "0",
    "K": "20",
    "B-day": "2004",
    "Flag": "i"
  },
  {
    "ID Number": "5326931",
    "Name": "Charafeddine Chehayeb, Naji",
    "Fed": "LBN",
    "Sex": "M",
    "Title": "",
    "WTit": "",
    "OTit": "",
    "FOA": "1530",
    "Rating": "AUG25",
    "Gms": "0",
    "K": "20",
    "B-day": "2001",
    "Flag": "i"
  },
  {
    "ID Number": "5308690",
    "Name": "Charife, Ahmad",
    "Fed": "LBN",
    "Sex": "M",
    "Title": "",
    "WTit": "",
    "OTit": "",
    "FOA": "1750",
    "Rating": "AUG25",
    "Gms": "0",
    "K": "20",
    "B-day": "1964",
    "Flag": "i"
  },
  {
    "ID Number": "5303303",
    "Name": "Chatila, Abdulkader",
    "Fed": "LBN",
    "Sex": "M",
    "Title": "",
    "WTit": "",
    "OTit": "",
    "FOA": "1822",
    "Rating": "AUG25",
    "Gms": "0",
    "K": "20",
    "B-day": "1970",
    "Flag": "i"
  },
  {
    "ID Number": "5305950",
    "Name": "Chedid, Joseph",
    "Fed": "LBN",
    "Sex": "M",
    "Title": "",
    "WTit": "",
    "OTit": "",
    "FOA": "1783",
    "Rating": "AUG25",
    "Gms": "0",
    "K": "20",
    "B-day": "1970",
    "Flag": "i"
  },
  {
    "ID Number": "5313180",
    "Name": "Chidiac, Ghady",
    "Fed": "LBN",
    "Sex": "M",
    "Title": "",
    "WTit": "",
    "OTit": "",
    "FOA": "1764",
    "Rating": "AUG25",
    "Gms": "0",
    "K": "20",
    "B-day": "2001",
    "Flag": "i"
  },
  {
    "ID Number": "5322294",
    "Name": "Dagher, Habib",
    "Fed": "LBN",
    "Sex": "M",
    "Title": "",
    "WTit": "",
    "OTit": "",
    "FOA": "ACM",
    "Rating": "AUG25",
    "Gms": "1606",
    "K": "0",
    "B-day": "1985",
    "Flag": "i"
  },
  {
    "ID Number": "5320577",
    "Name": "Daou , Kenan",
    "Fed": "LBN",
    "Sex": "M",
    "Title": "",
    "WTit": "",
    "OTit": "",
    "FOA": "1667",
    "Rating": "AUG25",
    "Gms": "0",
    "K": "20",
    "B-day": "1994",
    "Flag": "i"
  },
  {
    "ID Number": "5304806",
    "Name": "Daou, Ziad",
    "Fed": "LBN",
    "Sex": "M",
    "Title": "",
    "WTit": "",
    "OTit": "",
    "FOA": "1761",
    "Rating": "AUG25",
    "Gms": "0",
    "K": "20",
    "B-day": "1972",
    "Flag": "i"
  },
  {
    "ID Number": "5316081",
    "Name": "Darweeche , Hussein",
    "Fed": "LBN",
    "Sex": "M",
    "Title": "",
    "WTit": "",
    "OTit": "",
    "FOA": "1843",
    "Rating": "AUG25",
    "Gms": "18",
    "K": "40",
    "B-day": "2014",
    "Flag": ""
  },
  {
    "ID Number": "5313082",
    "Name": "Darweeche, Roaa",
    "Fed": "LBN",
    "Sex": "F",
    "Title": "WCM",
    "WTit": "WCM",
    "OTit": "",
    "FOA": "1620",
    "Rating": "AUG25",
    "Gms": "0",
    "K": "20",
    "B-day": "2006",
    "Flag": "wi"
  },
  {
    "ID Number": "5309239",
    "Name": "Darwich,Mohamad",
    "Fed": "LBN",
    "Sex": "M",
    "Title": "",
    "WTit": "",
    "OTit": "",
    "FOA": "1672",
    "Rating": "AUG25",
    "Gms": "0",
    "K": "20",
    "B-day": "1979",
    "Flag": "i"
  },
  {
    "ID Number": "5312663",
    "Name": "Darwiche, Mohamad",
    "Fed": "LBN",
    "Sex": "M",
    "Title": "",
    "WTit": "",
    "OTit": "",
    "FOA": "1765",
    "Rating": "AUG25",
    "Gms": "12",
    "K": "40",
    "B-day": "2014",
    "Flag": ""
  },
  {
    "ID Number": "5313872",
    "Name": "Dergham , Fadi Christian",
    "Fed": "LBN",
    "Sex": "M",
    "Title": "",
    "WTit": "",
    "OTit": "",
    "FOA": "1624",
    "Rating": "AUG25",
    "Gms": "0",
    "K": "20",
    "B-day": "2006",
    "Flag": "i"
  },
  {
    "ID Number": "5300940",
    "Name": "Dia, Ahmad",
    "Fed": "LBN",
    "Sex": "M",
    "Title": "",
    "WTit": "",
    "OTit": "",
    "FOA": "1683",
    "Rating": "AUG25",
    "Gms": "0",
    "K": "20",
    "B-day": "0",
    "Flag": "i"
  },
  {
    "ID Number": "5305330",
    "Name": "Diab, Moetassem",
    "Fed": "LBN",
    "Sex": "M",
    "Title": "",
    "WTit": "",
    "OTit": "",
    "FOA": "1800",
    "Rating": "AUG25",
    "Gms": "0",
    "K": "20",
    "B-day": "1993",
    "Flag": "i"
  },
  {
    "ID Number": "5314283",
    "Name": "Dirani, Hussien",
    "Fed": "LBN",
    "Sex": "M",
    "Title": "",
    "WTit": "",
    "OTit": "",
    "FOA": "1698",
    "Rating": "AUG25",
    "Gms": "0",
    "K": "20",
    "B-day": "1988",
    "Flag": "i"
  },
  {
    "ID Number": "5307465",
    "Name": "Doueihy,Toufic",
    "Fed": "LBN",
    "Sex": "M",
    "Title": "",
    "WTit": "NA",
    "OTit": "",
    "FOA": "1642",
    "Rating": "AUG25",
    "Gms": "0",
    "K": "20",
    "B-day": "1990",
    "Flag": "i"
  },
  {
    "ID Number": "5303133",
    "Name": "Edelby, Ahmad",
    "Fed": "LBN",
    "Sex": "M",
    "Title": "",
    "WTit": "",
    "OTit": "",
    "FOA": "1652",
    "Rating": "AUG25",
    "Gms": "0",
    "K": "20",
    "B-day": "1968",
    "Flag": "i"
  },
  {
    "ID Number": "5300118",
    "Name": "Eid, Fadi",
    "Fed": "LBN",
    "Sex": "M",
    "Title": "IM",
    "WTit": "FT",
    "OTit": "",
    "FOA": "2132",
    "Rating": "AUG25",
    "Gms": "18",
    "K": "20",
    "B-day": "1970",
    "Flag": ""
  },
  {
    "ID Number": "5310792",
    "Name": "Eid, Floron",
    "Fed": "LBN",
    "Sex": "M",
    "Title": "",
    "WTit": "",
    "OTit": "",
    "FOA": "1496",
    "Rating": "AUG25",
    "Gms": "0",
    "K": "20",
    "B-day": "1975",
    "Flag": "i"
  },
  {
    "ID Number": "5328373",
    "Name": "Eid, Joe",
    "Fed": "LBN",
    "Sex": "M",
    "Title": "",
    "WTit": "",
    "OTit": "",
    "FOA": "1421",
    "Rating": "AUG25",
    "Gms": "8",
    "K": "40",
    "B-day": "2011",
    "Flag": ""
  },
  {
    "ID Number": "5307880",
    "Name": "Eid, Wissam",
    "Fed": "LBN",
    "Sex": "M",
    "Title": "",
    "WTit": "",
    "OTit": "",
    "FOA": "1720",
    "Rating": "AUG25",
    "Gms": "0",
    "K": "20",
    "B-day": "1995",
    "Flag": "i"
  },
  {
    "ID Number": "5311160",
    "Name": "El Agha, Hashem",
    "Fed": "LBN",
    "Sex": "M",
    "Title": "",
    "WTit": "",
    "OTit": "",
    "FOA": "1789",
    "Rating": "AUG25",
    "Gms": "0",
    "K": "20",
    "B-day": "2002",
    "Flag": "i"
  },
  {
    "ID Number": "5309778",
    "Name": "El Habboub, Hicham",
    "Fed": "LBN",
    "Sex": "M",
    "Title": "",
    "WTit": "",
    "OTit": "",
    "FOA": "1577",
    "Rating": "AUG25",
    "Gms": "0",
    "K": "40",
    "B-day": "2010",
    "Flag": ""
  },
  {
    "ID Number": "5309999",
    "Name": "El Hajj, Youssef",
    "Fed": "LBN",
    "Sex": "M",
    "Title": "",
    "WTit": "",
    "OTit": "",
    "FOA": "1612",
    "Rating": "AUG25",
    "Gms": "0",
    "K": "20",
    "B-day": "1986",
    "Flag": "i"
  },
  {
    "ID Number": "5322782",
    "Name": "El Hayek, Khaled Mohamad",
    "Fed": "LBN",
    "Sex": "M",
    "Title": "",
    "WTit": "",
    "OTit": "",
    "FOA": "1650",
    "Rating": "AUG25",
    "Gms": "0",
    "K": "20",
    "B-day": "2002",
    "Flag": "i"
  },
  {
    "ID Number": "5300231",
    "Name": "El Jawich, Ali",
    "Fed": "LBN",
    "Sex": "M",
    "Title": "",
    "WTit": "",
    "OTit": "",
    "FOA": "2082",
    "Rating": "AUG25",
    "Gms": "0",
    "K": "20",
    "B-day": "1964",
    "Flag": "i"
  },
  {
    "ID Number": "5300380",
    "Name": "El Jawich, Amro",
    "Fed": "LBN",
    "Sex": "M",
    "Title": "FM",
    "WTit": "FT",
    "OTit": "",
    "FOA": "2249",
    "Rating": "AUG25",
    "Gms": "0",
    "K": "20",
    "B-day": "1995",
    "Flag": "i"
  },
  {
    "ID Number": "5302919",
    "Name": "El Jawich, Mohammad",
    "Fed": "LBN",
    "Sex": "M",
    "Title": "",
    "WTit": "",
    "OTit": "",
    "FOA": "1667",
    "Rating": "AUG25",
    "Gms": "0",
    "K": "20",
    "B-day": "2006",
    "Flag": "i"
  },
  {
    "ID Number": "5323533",
    "Name": "El Jawich, Qusay",
    "Fed": "LBN",
    "Sex": "M",
    "Title": "",
    "WTit": "",
    "OTit": "",
    "FOA": "1665",
    "Rating": "AUG25",
    "Gms": "12",
    "K": "40",
    "B-day": "2016",
    "Flag": ""
  },
  {
    "ID Number": "5313953",
    "Name": "El Khatib ,Ali .M",
    "Fed": "LBN",
    "Sex": "M",
    "Title": "",
    "WTit": "",
    "OTit": "",
    "FOA": "1663",
    "Rating": "AUG25",
    "Gms": "0",
    "K": "20",
    "B-day": "2002",
    "Flag": "i"
  },
  {
    "ID Number": "5320127",
    "Name": "EL Khoury, Alexander",
    "Fed": "LBN",
    "Sex": "M",
    "Title": "",
    "WTit": "",
    "OTit": "",
    "FOA": "1664",
    "Rating": "AUG25",
    "Gms": "17",
    "K": "40",
    "B-day": "2013",
    "Flag": ""
  },
  {
    "ID Number": "5324220",
    "Name": "El Khoury, Antonio",
    "Fed": "LBN",
    "Sex": "M",
    "Title": "",
    "WTit": "",
    "OTit": "",
    "FOA": "1620",
    "Rating": "AUG25",
    "Gms": "0",
    "K": "40",
    "B-day": "2012",
    "Flag": "i"
  },
  {
    "ID Number": "5311020",
    "Name": "El Khoury, Brayan",
    "Fed": "LBN",
    "Sex": "M",
    "Title": "",
    "WTit": "",
    "OTit": "",
    "FOA": "1963",
    "Rating": "AUG25",
    "Gms": "0",
    "K": "20",
    "B-day": "1995",
    "Flag": "i"
  },
  {
    "ID Number": "5315360",
    "Name": "El Khoury, Camille Peter",
    "Fed": "LBN",
    "Sex": "M",
    "Title": "",
    "WTit": "",
    "OTit": "",
    "FOA": "1767",
    "Rating": "AUG25",
    "Gms": "0",
    "K": "20",
    "B-day": "2006",
    "Flag": "i"
  },
  {
    "ID Number": "5320135",
    "Name": "EL Khoury, Elias",
    "Fed": "LBN",
    "Sex": "M",
    "Title": "",
    "WTit": "",
    "OTit": "",
    "FOA": "1532",
    "Rating": "AUG25",
    "Gms": "17",
    "K": "40",
    "B-day": "2010",
    "Flag": ""
  },
  {
    "ID Number": "5324238",
    "Name": "El Khoury, Jean Pierre",
    "Fed": "LBN",
    "Sex": "M",
    "Title": "",
    "WTit": "",
    "OTit": "",
    "FOA": "1468",
    "Rating": "AUG25",
    "Gms": "0",
    "K": "40",
    "B-day": "2015",
    "Flag": "i"
  },
  {
    "ID Number": "5300401",
    "Name": "EL Mahmoud, AbdulAziz",
    "Fed": "LBN",
    "Sex": "M",
    "Title": "CM",
    "WTit": "FT",
    "OTit": "",
    "FOA": "2072",
    "Rating": "AUG25",
    "Gms": "0",
    "K": "20",
    "B-day": "1972",
    "Flag": "i"
  },
  {
    "ID Number": "5321646",
    "Name": "El Masri, Ahmad",
    "Fed": "LBN",
    "Sex": "M",
    "Title": "",
    "WTit": "",
    "OTit": "",
    "FOA": "ACM",
    "Rating": "AUG25",
    "Gms": "1606",
    "K": "8",
    "B-day": "1981",
    "Flag": ""
  },
  {
    "ID Number": "5315379",
    "Name": "El Mawla, Khalil Issa",
    "Fed": "LBN",
    "Sex": "M",
    "Title": "",
    "WTit": "",
    "OTit": "",
    "FOA": "1628",
    "Rating": "AUG25",
    "Gms": "0",
    "K": "20",
    "B-day": "2003",
    "Flag": "i"
  },
  {
    "ID Number": "5307899",
    "Name": "El Mekdad, Haidar Samir",
    "Fed": "LBN",
    "Sex": "M",
    "Title": "",
    "WTit": "",
    "OTit": "",
    "FOA": "1750",
    "Rating": "AUG25",
    "Gms": "0",
    "K": "20",
    "B-day": "1997",
    "Flag": "i"
  },
  {
    "ID Number": "5313520",
    "Name": "El Nawar, Peter",
    "Fed": "LBN",
    "Sex": "M",
    "Title": "",
    "WTit": "",
    "OTit": "",
    "FOA": "1780",
    "Rating": "AUG25",
    "Gms": "0",
    "K": "40",
    "B-day": "2008",
    "Flag": "i"
  },
  {
    "ID Number": "5302218",
    "Name": "El Samad, Mohamad Omar",
    "Fed": "LBN",
    "Sex": "M",
    "Title": "",
    "WTit": "",
    "OTit": "",
    "FOA": "2207",
    "Rating": "AUG25",
    "Gms": "0",
    "K": "20",
    "B-day": "1984",
    "Flag": "i"
  },
  {
    "ID Number": "5324637",
    "Name": "El Tannir, Mostapha",
    "Fed": "LBN",
    "Sex": "M",
    "Title": "",
    "WTit": "",
    "OTit": "",
    "FOA": "1512",
    "Rating": "AUG25",
    "Gms": "0",
    "K": "40",
    "B-day": "2009",
    "Flag": "i"
  },
  {
    "ID Number": "5313210",
    "Name": "El Zein, Zayne-Eddine",
    "Fed": "LBN",
    "Sex": "M",
    "Title": "FM",
    "WTit": "",
    "OTit": "",
    "FOA": "2110",
    "Rating": "AUG25",
    "Gms": "13",
    "K": "40",
    "B-day": "2011",
    "Flag": ""
  },
  {
    "ID Number": "5322316",
    "Name": "Elhage, Joe",
    "Fed": "LBN",
    "Sex": "M",
    "Title": "",
    "WTit": "",
    "OTit": "",
    "FOA": "1685",
    "Rating": "AUG25",
    "Gms": "0",
    "K": "20",
    "B-day": "2004",
    "Flag": ""
  },
  {
    "ID Number": "5320038",
    "Name": "Ezzo, Enzo",
    "Fed": "LBN",
    "Sex": "M",
    "Title": "",
    "WTit": "",
    "OTit": "",
    "FOA": "1465",
    "Rating": "AUG25",
    "Gms": "0",
    "K": "40",
    "B-day": "2008",
    "Flag": "i"
  },
  {
    "ID Number": "5304270",
    "Name": "Fakhoury, Dory",
    "Fed": "LBN",
    "Sex": "M",
    "Title": "",
    "WTit": "",
    "OTit": "",
    "FOA": "1623",
    "Rating": "AUG25",
    "Gms": "0",
    "K": "20",
    "B-day": "1995",
    "Flag": "i"
  },
  {
    "ID Number": "5306817",
    "Name": "Fakoua, Khalil",
    "Fed": "LBN",
    "Sex": "M",
    "Title": "",
    "WTit": "",
    "OTit": "",
    "FOA": "1665",
    "Rating": "AUG25",
    "Gms": "0",
    "K": "20",
    "B-day": "1950",
    "Flag": ""
  },
  {
    "ID Number": "5306833",
    "Name": "Farah, Ralph",
    "Fed": "LBN",
    "Sex": "M",
    "Title": "",
    "WTit": "",
    "OTit": "",
    "FOA": "1704",
    "Rating": "AUG25",
    "Gms": "0",
    "K": "20",
    "B-day": "1950",
    "Flag": "i"
  },
  {
    "ID Number": "5321158",
    "Name": "Fares, Ali",
    "Fed": "LBN",
    "Sex": "M",
    "Title": "",
    "WTit": "",
    "OTit": "",
    "FOA": "1511",
    "Rating": "AUG25",
    "Gms": "10",
    "K": "20",
    "B-day": "1998",
    "Flag": ""
  },
  {
    "ID Number": "5320453",
    "Name": "Fares, Hussein",
    "Fed": "LBN",
    "Sex": "M",
    "Title": "",
    "WTit": "",
    "OTit": "",
    "FOA": "1625",
    "Rating": "AUG25",
    "Gms": "0",
    "K": "20",
    "B-day": "2000",
    "Flag": "i"
  },
  {
    "ID Number": "5303443",
    "Name": "Farhat, Hady",
    "Fed": "LBN",
    "Sex": "M",
    "Title": "",
    "WTit": "",
    "OTit": "",
    "FOA": "1681",
    "Rating": "AUG25",
    "Gms": "0",
    "K": "20",
    "B-day": "1999",
    "Flag": "i"
  },
  {
    "ID Number": "5303788",
    "Name": "Farhat, Jawad",
    "Fed": "LBN",
    "Sex": "M",
    "Title": "",
    "WTit": "",
    "OTit": "",
    "FOA": "1779",
    "Rating": "AUG25",
    "Gms": "0",
    "K": "20",
    "B-day": "2002",
    "Flag": ""
  },
  {
    "ID Number": "5305209",
    "Name": "Farhat, Mohamad Ali",
    "Fed": "LBN",
    "Sex": "M",
    "Title": "",
    "WTit": "",
    "OTit": "",
    "FOA": "1514",
    "Rating": "AUG25",
    "Gms": "0",
    "K": "40",
    "B-day": "2007",
    "Flag": "i"
  },
  {
    "ID Number": "5331161",
    "Name": "Farhat, Mohamad Ali",
    "Fed": "LBN",
    "Sex": "M",
    "Title": "",
    "WTit": "",
    "OTit": "",
    "FOA": "1520",
    "Rating": "AUG25",
    "Gms": "5",
    "K": "40",
    "B-day": "2003",
    "Flag": ""
  },
  {
    "ID Number": "5302579",
    "Name": "Farhat, Mohamed",
    "Fed": "LBN",
    "Sex": "M",
    "Title": "",
    "WTit": "NA",
    "OTit": "",
    "FOA": "1911",
    "Rating": "AUG25",
    "Gms": "0",
    "K": "20",
    "B-day": "1982",
    "Flag": "i"
  },
  {
    "ID Number": "5302587",
    "Name": "Fawaz, Kassem",
    "Fed": "LBN",
    "Sex": "M",
    "Title": "",
    "WTit": "FA",
    "OTit": "",
    "FOA": "1744",
    "Rating": "AUG25",
    "Gms": "0",
    "K": "20",
    "B-day": "0",
    "Flag": "i"
  },
  {
    "ID Number": "5309743",
    "Name": "Fawaz, Nadia",
    "Fed": "LBN",
    "Sex": "F",
    "Title": "WCM",
    "WTit": "WCM",
    "OTit": "",
    "FOA": "1692",
    "Rating": "AUG25",
    "Gms": "0",
    "K": "40",
    "B-day": "2010",
    "Flag": "w"
  },
  {
    "ID Number": "5308879",
    "Name": "Fawaz,Mohamad",
    "Fed": "LBN",
    "Sex": "M",
    "Title": "",
    "WTit": "",
    "OTit": "",
    "FOA": "1903",
    "Rating": "AUG25",
    "Gms": "16",
    "K": "40",
    "B-day": "2009",
    "Flag": ""
  },
  {
    "ID Number": "5317088",
    "Name": "Fayad, Steven",
    "Fed": "LBN",
    "Sex": "M",
    "Title": "",
    "WTit": "",
    "OTit": "",
    "FOA": "1615",
    "Rating": "AUG25",
    "Gms": "8",
    "K": "20",
    "B-day": "2004",
    "Flag": ""
  },
  {
    "ID Number": "5310288",
    "Name": "Ferzli,Michael",
    "Fed": "LBN",
    "Sex": "M",
    "Title": "",
    "WTit": "",
    "OTit": "",
    "FOA": "1866",
    "Rating": "AUG25",
    "Gms": "0",
    "K": "20",
    "B-day": "2001",
    "Flag": ""
  },
  {
    "ID Number": "5317096",
    "Name": "Flayhan, Zouhair",
    "Fed": "LBN",
    "Sex": "M",
    "Title": "",
    "WTit": "",
    "OTit": "",
    "FOA": "1575",
    "Rating": "AUG25",
    "Gms": "11",
    "K": "20",
    "B-day": "1984",
    "Flag": ""
  },
  {
    "ID Number": "5305721",
    "Name": "Francis, Habib",
    "Fed": "LBN",
    "Sex": "M",
    "Title": "",
    "WTit": "",
    "OTit": "",
    "FOA": "1828",
    "Rating": "AUG25",
    "Gms": "0",
    "K": "20",
    "B-day": "1994",
    "Flag": "i"
  },
  {
    "ID Number": "5323550",
    "Name": "Garabet, Charbel",
    "Fed": "LBN",
    "Sex": "M",
    "Title": "",
    "WTit": "",
    "OTit": "",
    "FOA": "ACM",
    "Rating": "AUG25",
    "Gms": "1632",
    "K": "15",
    "B-day": "2009",
    "Flag": ""
  },
  {
    "ID Number": "5313970",
    "Name": "Ghandour ,Wissam Hicham",
    "Fed": "LBN",
    "Sex": "M",
    "Title": "",
    "WTit": "",
    "OTit": "",
    "FOA": "1507",
    "Rating": "AUG25",
    "Gms": "0",
    "K": "20",
    "B-day": "1990",
    "Flag": "i"
  },
  {
    "ID Number": "5311179",
    "Name": "Gharissa, Mahmoud",
    "Fed": "LBN",
    "Sex": "M",
    "Title": "",
    "WTit": "",
    "OTit": "",
    "FOA": "1507",
    "Rating": "AUG25",
    "Gms": "0",
    "K": "20",
    "B-day": "2004",
    "Flag": "i"
  },
  {
    "ID Number": "5320941",
    "Name": "Ghezzawi , Souheil",
    "Fed": "LBN",
    "Sex": "M",
    "Title": "",
    "WTit": "",
    "OTit": "",
    "FOA": "1683",
    "Rating": "AUG25",
    "Gms": "0",
    "K": "40",
    "B-day": "2007",
    "Flag": "i"
  },
  {
    "ID Number": "5303478",
    "Name": "Ghnatios, Ralph",
    "Fed": "LBN",
    "Sex": "M",
    "Title": "",
    "WTit": "FI",
    "OTit": "",
    "FOA": "1842",
    "Rating": "AUG25",
    "Gms": "0",
    "K": "20",
    "B-day": "1990",
    "Flag": ""
  },
  {
    "ID Number": "4136845",
    "Name": "Grishina, Alexandra",
    "Fed": "LBN",
    "Sex": "F",
    "Title": "WFM",
    "WTit": "WFM",
    "OTit": "",
    "FOA": "2024",
    "Rating": "AUG25",
    "Gms": "0",
    "K": "20",
    "B-day": "1982",
    "Flag": "wi"
  },
  {
    "ID Number": "5327601",
    "Name": "Habanjar, Mohammad",
    "Fed": "LBN",
    "Sex": "M",
    "Title": "",
    "WTit": "",
    "OTit": "",
    "FOA": "1587",
    "Rating": "AUG25",
    "Gms": "14",
    "K": "40",
    "B-day": "2015",
    "Flag": ""
  },
  {
    "ID Number": "5303486",
    "Name": "Habash, Mohamad",
    "Fed": "LBN",
    "Sex": "M",
    "Title": "",
    "WTit": "FI",
    "OTit": "",
    "FOA": "1851",
    "Rating": "AUG25",
    "Gms": "12",
    "K": "20",
    "B-day": "1992",
    "Flag": ""
  },
  {
    "ID Number": "5327610",
    "Name": "Haddad, Charbel-Anthony",
    "Fed": "LBN",
    "Sex": "M",
    "Title": "",
    "WTit": "",
    "OTit": "",
    "FOA": "1460",
    "Rating": "AUG25",
    "Gms": "6",
    "K": "40",
    "B-day": "2004",
    "Flag": ""
  },
  {
    "ID Number": "5326940",
    "Name": "Haddad, Elie",
    "Fed": "LBN",
    "Sex": "M",
    "Title": "",
    "WTit": "",
    "OTit": "",
    "FOA": "1610",
    "Rating": "AUG25",
    "Gms": "0",
    "K": "20",
    "B-day": "1994",
    "Flag": "i"
  },
  {
    "ID Number": "5316669",
    "Name": "Haddad, Peter",
    "Fed": "LBN",
    "Sex": "M",
    "Title": "",
    "WTit": "",
    "OTit": "",
    "FOA": "1724",
    "Rating": "AUG25",
    "Gms": "24",
    "K": "40",
    "B-day": "2010",
    "Flag": ""
  },
  {
    "ID Number": "5303958",
    "Name": "Haidar, Wassim",
    "Fed": "LBN",
    "Sex": "M",
    "Title": "",
    "WTit": "",
    "OTit": "",
    "FOA": "1797",
    "Rating": "AUG25",
    "Gms": "0",
    "K": "20",
    "B-day": "1986",
    "Flag": "i"
  },
  {
    "ID Number": "5323568",
    "Name": "Hajjar, Joe",
    "Fed": "LBN",
    "Sex": "M",
    "Title": "",
    "WTit": "",
    "OTit": "",
    "FOA": "1432",
    "Rating": "AUG25",
    "Gms": "0",
    "K": "40",
    "B-day": "2009",
    "Flag": "i"
  },
  {
    "ID Number": "5307031",
    "Name": "Halawani, Mohamad",
    "Fed": "LBN",
    "Sex": "M",
    "Title": "",
    "WTit": "",
    "OTit": "",
    "FOA": "1722",
    "Rating": "AUG25",
    "Gms": "0",
    "K": "20",
    "B-day": "1973",
    "Flag": "i"
  },
  {
    "ID Number": "5306850",
    "Name": "Hallak, Mumtaz",
    "Fed": "LBN",
    "Sex": "M",
    "Title": "",
    "WTit": "",
    "OTit": "",
    "FOA": "1682",
    "Rating": "AUG25",
    "Gms": "0",
    "K": "20",
    "B-day": "1950",
    "Flag": "i"
  },
  {
    "ID Number": "5305349",
    "Name": "Hamad, Chadi Syr",
    "Fed": "LBN",
    "Sex": "M",
    "Title": "",
    "WTit": "",
    "OTit": "",
    "FOA": "1630",
    "Rating": "AUG25",
    "Gms": "0",
    "K": "20",
    "B-day": "1960",
    "Flag": "i"
  },
  {
    "ID Number": "5317690",
    "Name": "Hamad, Ismael",
    "Fed": "LBN",
    "Sex": "M",
    "Title": "",
    "WTit": "",
    "OTit": "",
    "FOA": "1809",
    "Rating": "AUG25",
    "Gms": "0",
    "K": "20",
    "B-day": "2005",
    "Flag": "i"
  },
  {
    "ID Number": "5302315",
    "Name": "Hamad, Mohammad",
    "Fed": "LBN",
    "Sex": "M",
    "Title": "",
    "WTit": "FA",
    "OTit": "",
    "FOA": "1881",
    "Rating": "AUG25",
    "Gms": "0",
    "K": "20",
    "B-day": "0",
    "Flag": "i"
  },
  {
    "ID Number": "5322863",
    "Name": "Hamadani, Rida",
    "Fed": "LBN",
    "Sex": "M",
    "Title": "",
    "WTit": "",
    "OTit": "",
    "FOA": "1714",
    "Rating": "AUG25",
    "Gms": "0",
    "K": "20",
    "B-day": "2001",
    "Flag": "i"
  },
  {
    "ID Number": "5312671",
    "Name": "Hamadeh, Sally",
    "Fed": "LBN",
    "Sex": "F",
    "Title": "",
    "WTit": "",
    "OTit": "",
    "FOA": "1514",
    "Rating": "AUG25",
    "Gms": "0",
    "K": "40",
    "B-day": "2011",
    "Flag": "w"
  },
  {
    "ID Number": "5303621",
    "Name": "Hamawi, Karim",
    "Fed": "LBN",
    "Sex": "M",
    "Title": "",
    "WTit": "",
    "OTit": "",
    "FOA": "1842",
    "Rating": "AUG25",
    "Gms": "0",
    "K": "20",
    "B-day": "1998",
    "Flag": "i"
  },
  {
    "ID Number": "5303818",
    "Name": "Hamdoun, Jad",
    "Fed": "LBN",
    "Sex": "M",
    "Title": "",
    "WTit": "",
    "OTit": "",
    "FOA": "1510",
    "Rating": "AUG25",
    "Gms": "0",
    "K": "20",
    "B-day": "2003",
    "Flag": "i"
  },
  {
    "ID Number": "5306310",
    "Name": "Hamdoun, Karim",
    "Fed": "LBN",
    "Sex": "M",
    "Title": "",
    "WTit": "",
    "OTit": "",
    "FOA": "1530",
    "Rating": "AUG25",
    "Gms": "0",
    "K": "40",
    "B-day": "2009",
    "Flag": "i"
  },
  {
    "ID Number": "5303826",
    "Name": "Hamdoun, Rayan",
    "Fed": "LBN",
    "Sex": "M",
    "Title": "",
    "WTit": "",
    "OTit": "",
    "FOA": "1437",
    "Rating": "AUG25",
    "Gms": "0",
    "K": "20",
    "B-day": "2005",
    "Flag": "i"
  },
  {
    "ID Number": "5306329",
    "Name": "Hamieh, Hassan",
    "Fed": "LBN",
    "Sex": "M",
    "Title": "",
    "WTit": "",
    "OTit": "",
    "FOA": "1740",
    "Rating": "AUG25",
    "Gms": "0",
    "K": "20",
    "B-day": "1994",
    "Flag": "i"
  },
  {
    "ID Number": "5301009",
    "Name": "Hammoud, Nadim",
    "Fed": "LBN",
    "Sex": "M",
    "Title": "",
    "WTit": "",
    "OTit": "",
    "FOA": "1837",
    "Rating": "AUG25",
    "Gms": "0",
    "K": "20",
    "B-day": "1991",
    "Flag": "i"
  },
  {
    "ID Number": "5302277",
    "Name": "Hammoudi, Murjan",
    "Fed": "LBN",
    "Sex": "M",
    "Title": "",
    "WTit": "",
    "OTit": "",
    "FOA": "1687",
    "Rating": "AUG25",
    "Gms": "8",
    "K": "40",
    "B-day": "0",
    "Flag": ""
  },
  {
    "ID Number": "5303494",
    "Name": "Hanna, Elie",
    "Fed": "LBN",
    "Sex": "M",
    "Title": "",
    "WTit": "",
    "OTit": "",
    "FOA": "1903",
    "Rating": "AUG25",
    "Gms": "0",
    "K": "20",
    "B-day": "0",
    "Flag": "i"
  },
  {
    "ID Number": "5305896",
    "Name": "Harb, Gregory",
    "Fed": "LBN",
    "Sex": "M",
    "Title": "",
    "WTit": "",
    "OTit": "",
    "FOA": "1718",
    "Rating": "AUG25",
    "Gms": "0",
    "K": "20",
    "B-day": "1991",
    "Flag": "i"
  },
  {
    "ID Number": "5303834",
    "Name": "Harb, Mohamad",
    "Fed": "LBN",
    "Sex": "M",
    "Title": "",
    "WTit": "",
    "OTit": "",
    "FOA": "1719",
    "Rating": "AUG25",
    "Gms": "0",
    "K": "20",
    "B-day": "0",
    "Flag": "i"
  },
  {
    "ID Number": "5309310",
    "Name": "Hariri, Hadi Moustafa",
    "Fed": "LBN",
    "Sex": "M",
    "Title": "",
    "WTit": "",
    "OTit": "",
    "FOA": "1768",
    "Rating": "AUG25",
    "Gms": "0",
    "K": "20",
    "B-day": "1988",
    "Flag": "i"
  },
  {
    "ID Number": "5302323",
    "Name": "Hariri, Nizar",
    "Fed": "LBN",
    "Sex": "M",
    "Title": "",
    "WTit": "",
    "OTit": "",
    "FOA": "2050",
    "Rating": "AUG25",
    "Gms": "0",
    "K": "20",
    "B-day": "0",
    "Flag": "i"
  },
  {
    "ID Number": "5309301",
    "Name": "Hariri-Awada, Chadi",
    "Fed": "LBN",
    "Sex": "M",
    "Title": "",
    "WTit": "",
    "OTit": "",
    "FOA": "1851",
    "Rating": "AUG25",
    "Gms": "0",
    "K": "20",
    "B-day": "1981",
    "Flag": "i"
  },
  {
    "ID Number": "5315174",
    "Name": "Hasan Jad",
    "Fed": "LBN",
    "Sex": "M",
    "Title": "",
    "WTit": "",
    "OTit": "",
    "FOA": "AFM",
    "Rating": "AUG25",
    "Gms": "1609",
    "K": "0",
    "B-day": "2006",
    "Flag": ""
  },
  {
    "ID Number": "5326540",
    "Name": "Hassabo, Christopher",
    "Fed": "LBN",
    "Sex": "M",
    "Title": "",
    "WTit": "",
    "OTit": "",
    "FOA": "1510",
    "Rating": "AUG25",
    "Gms": "14",
    "K": "40",
    "B-day": "2007",
    "Flag": ""
  },
  {
    "ID Number": "5325064",
    "Name": "Hawshar, Mohamad",
    "Fed": "LBN",
    "Sex": "M",
    "Title": "",
    "WTit": "",
    "OTit": "",
    "FOA": "1569",
    "Rating": "AUG25",
    "Gms": "0",
    "K": "40",
    "B-day": "2008",
    "Flag": ""
  },
  {
    "ID Number": "5323789",
    "Name": "Hayek, Ali",
    "Fed": "LBN",
    "Sex": "M",
    "Title": "",
    "WTit": "",
    "OTit": "",
    "FOA": "1708",
    "Rating": "AUG25",
    "Gms": "1",
    "K": "40",
    "B-day": "2009",
    "Flag": ""
  },
  {
    "ID Number": "5316189",
    "Name": "Helou, Jad Bechara",
    "Fed": "LBN",
    "Sex": "M",
    "Title": "",
    "WTit": "",
    "OTit": "",
    "FOA": "1662",
    "Rating": "AUG25",
    "Gms": "0",
    "K": "20",
    "B-day": "1991",
    "Flag": "i"
  },
  {
    "ID Number": "5304598",
    "Name": "Hijazi, Asma",
    "Fed": "LBN",
    "Sex": "F",
    "Title": "",
    "WTit": "",
    "OTit": "",
    "FOA": "1482",
    "Rating": "AUG25",
    "Gms": "0",
    "K": "20",
    "B-day": "1970",
    "Flag": "wi"
  },
  {
    "ID Number": "5327792",
    "Name": "Houmani, Ali",
    "Fed": "LBN",
    "Sex": "M",
    "Title": "",
    "WTit": "",
    "OTit": "",
    "FOA": "1518",
    "Rating": "AUG25",
    "Gms": "13",
    "K": "40",
    "B-day": "2004",
    "Flag": ""
  },
  {
    "ID Number": "5309115",
    "Name": "Housseiny, Ali",
    "Fed": "LBN",
    "Sex": "M",
    "Title": "",
    "WTit": "",
    "OTit": "",
    "FOA": "1665",
    "Rating": "AUG25",
    "Gms": "0",
    "K": "20",
    "B-day": "2000",
    "Flag": "i"
  },
  {
    "ID Number": "5302242",
    "Name": "Hussein, Mohamad Ali",
    "Fed": "LBN",
    "Sex": "M",
    "Title": "",
    "WTit": "",
    "OTit": "",
    "FOA": "1553",
    "Rating": "AUG25",
    "Gms": "0",
    "K": "20",
    "B-day": "1987",
    "Flag": "i"
  },
  {
    "ID Number": "5303141",
    "Name": "Iaali, Abdelrahman",
    "Fed": "LBN",
    "Sex": "M",
    "Title": "",
    "WTit": "",
    "OTit": "",
    "FOA": "1833",
    "Rating": "AUG25",
    "Gms": "0",
    "K": "20",
    "B-day": "1994",
    "Flag": "i"
  },
  {
    "ID Number": "5312850",
    "Name": "Ibrahim, Issam",
    "Fed": "LBN",
    "Sex": "M",
    "Title": "",
    "WTit": "NA",
    "OTit": "",
    "FOA": "1719",
    "Rating": "AUG25",
    "Gms": "0",
    "K": "20",
    "B-day": "2003",
    "Flag": "i"
  },
  {
    "ID Number": "5319005",
    "Name": "Itani, Dany",
    "Fed": "LBN",
    "Sex": "M",
    "Title": "",
    "WTit": "",
    "OTit": "",
    "FOA": "ACM",
    "Rating": "AUG25",
    "Gms": "1579",
    "K": "0",
    "B-day": "2009",
    "Flag": "i"
  },
  {
    "ID Number": "5309140",
    "Name": "Itani, Mohamad",
    "Fed": "LBN",
    "Sex": "M",
    "Title": "",
    "WTit": "",
    "OTit": "",
    "FOA": "1635",
    "Rating": "AUG25",
    "Gms": "0",
    "K": "20",
    "B-day": "1975",
    "Flag": "i"
  },
  {
    "ID Number": "5300800",
    "Name": "Jalloul, Maya",
    "Fed": "LBN",
    "Sex": "F",
    "Title": "WFM",
    "WTit": "WFM",
    "OTit": "",
    "FOA": "1969",
    "Rating": "AUG25",
    "Gms": "0",
    "K": "20",
    "B-day": "1990",
    "Flag": "wi"
  },
  {
    "ID Number": "5303214",
    "Name": "Janbein, Salah",
    "Fed": "LBN",
    "Sex": "M",
    "Title": "",
    "WTit": "",
    "OTit": "",
    "FOA": "1731",
    "Rating": "AUG25",
    "Gms": "0",
    "K": "20",
    "B-day": "0",
    "Flag": "i"
  },
  {
    "ID Number": "5302137",
    "Name": "Jawhar, Oussama",
    "Fed": "LBN",
    "Sex": "M",
    "Title": "",
    "WTit": "IA",
    "OTit": "",
    "FOA": "1804",
    "Rating": "AUG25",
    "Gms": "0",
    "K": "20",
    "B-day": "1970",
    "Flag": "i"
  },
  {
    "ID Number": "5302609",
    "Name": "Jouni, Hassan",
    "Fed": "LBN",
    "Sex": "M",
    "Title": "",
    "WTit": "",
    "OTit": "",
    "FOA": "1823",
    "Rating": "AUG25",
    "Gms": "0",
    "K": "20",
    "B-day": "1970",
    "Flag": "i"
  },
  {
    "ID Number": "5302692",
    "Name": "Kabalan, Mohamad",
    "Fed": "LBN",
    "Sex": "M",
    "Title": "",
    "WTit": "",
    "OTit": "",
    "FOA": "1655",
    "Rating": "AUG25",
    "Gms": "0",
    "K": "20",
    "B-day": "2003",
    "Flag": "i"
  },
  {
    "ID Number": "5313597",
    "Name": "kablaoui, Fouad Fahed",
    "Fed": "LBN",
    "Sex": "M",
    "Title": "",
    "WTit": "",
    "OTit": "",
    "FOA": "1530",
    "Rating": "AUG25",
    "Gms": "0",
    "K": "40",
    "B-day": "2007",
    "Flag": "i"
  },
  {
    "ID Number": "5310440",
    "Name": "Kaddah, Hassan",
    "Fed": "LBN",
    "Sex": "M",
    "Title": "",
    "WTit": "",
    "OTit": "",
    "FOA": "1512",
    "Rating": "AUG25",
    "Gms": "0",
    "K": "20",
    "B-day": "1997",
    "Flag": "i"
  },
  {
    "ID Number": "5321077",
    "Name": "Kalfayan,Garo",
    "Fed": "LBN",
    "Sex": "M",
    "Title": "",
    "WTit": "NA",
    "OTit": "",
    "FOA": "1693",
    "Rating": "AUG25",
    "Gms": "0",
    "K": "20",
    "B-day": "2001",
    "Flag": "i"
  },
  {
    "ID Number": "5303699",
    "Name": "Kaloust, Giorgio",
    "Fed": "LBN",
    "Sex": "M",
    "Title": "",
    "WTit": "",
    "OTit": "",
    "FOA": "1923",
    "Rating": "AUG25",
    "Gms": "0",
    "K": "20",
    "B-day": "2002",
    "Flag": "i"
  },
  {
    "ID Number": "5317002",
    "Name": "Karam, Carlo",
    "Fed": "LBN",
    "Sex": "M",
    "Title": "",
    "WTit": "",
    "OTit": "",
    "FOA": "ACM",
    "Rating": "AUG25",
    "Gms": "1459",
    "K": "0",
    "B-day": "2008",
    "Flag": "i"
  },
  {
    "ID Number": "5303877",
    "Name": "Karam, Michel",
    "Fed": "LBN",
    "Sex": "M",
    "Title": "",
    "WTit": "",
    "OTit": "",
    "FOA": "1877",
    "Rating": "AUG25",
    "Gms": "0",
    "K": "20",
    "B-day": "0",
    "Flag": "i"
  },
  {
    "ID Number": "5306590",
    "Name": "Karam, Peter",
    "Fed": "LBN",
    "Sex": "M",
    "Title": "",
    "WTit": "",
    "OTit": "",
    "FOA": "1627",
    "Rating": "AUG25",
    "Gms": "0",
    "K": "40",
    "B-day": "2010",
    "Flag": "i"
  },
  {
    "ID Number": "5314992",
    "Name": "Karam,Mark",
    "Fed": "LBN",
    "Sex": "M",
    "Title": "",
    "WTit": "",
    "OTit": "",
    "FOA": "1889",
    "Rating": "AUG25",
    "Gms": "0",
    "K": "40",
    "B-day": "2007",
    "Flag": ""
  },
  {
    "ID Number": "5324009",
    "Name": "Karout, Al Horr",
    "Fed": "LBN",
    "Sex": "M",
    "Title": "",
    "WTit": "",
    "OTit": "",
    "FOA": "1447",
    "Rating": "AUG25",
    "Gms": "0",
    "K": "40",
    "B-day": "2014",
    "Flag": "i"
  },
  {
    "ID Number": "5307422",
    "Name": "Kashmar, ahmad",
    "Fed": "LBN",
    "Sex": "M",
    "Title": "",
    "WTit": "",
    "OTit": "",
    "FOA": "1650",
    "Rating": "AUG25",
    "Gms": "3",
    "K": "20",
    "B-day": "1977",
    "Flag": ""
  },
  {
    "ID Number": "5309085",
    "Name": "Kassar, Bashar",
    "Fed": "LBN",
    "Sex": "M",
    "Title": "",
    "WTit": "",
    "OTit": "",
    "FOA": "1868",
    "Rating": "AUG25",
    "Gms": "21",
    "K": "20",
    "B-day": "2006",
    "Flag": ""
  },
  {
    "ID Number": "5307392",
    "Name": "Kassar, Paul",
    "Fed": "LBN",
    "Sex": "M",
    "Title": "",
    "WTit": "",
    "OTit": "",
    "FOA": "1604",
    "Rating": "AUG25",
    "Gms": "12",
    "K": "20",
    "B-day": "1968",
    "Flag": ""
  },
  {
    "ID Number": "5305578",
    "Name": "Kassar, Pierre",
    "Fed": "LBN",
    "Sex": "M",
    "Title": "",
    "WTit": "",
    "OTit": "",
    "FOA": "1585",
    "Rating": "AUG25",
    "Gms": "2",
    "K": "20",
    "B-day": "1968",
    "Flag": ""
  },
  {
    "ID Number": "5300150",
    "Name": "Kassis, Antoine",
    "Fed": "LBN",
    "Sex": "M",
    "Title": "FM",
    "WTit": "",
    "OTit": "",
    "FOA": "2039",
    "Rating": "AUG25",
    "Gms": "9",
    "K": "20",
    "B-day": "1972",
    "Flag": ""
  },
  {
    "ID Number": "5304393",
    "Name": "Katerjian, Vladimir",
    "Fed": "LBN",
    "Sex": "M",
    "Title": "",
    "WTit": "",
    "OTit": "",
    "FOA": "1879",
    "Rating": "AUG25",
    "Gms": "0",
    "K": "20",
    "B-day": "2000",
    "Flag": "i"
  },
  {
    "ID Number": "10302573",
    "Name": "Kattan, Ghada",
    "Fed": "LBN",
    "Sex": "F",
    "Title": "",
    "WTit": "",
    "OTit": "",
    "FOA": "1600",
    "Rating": "AUG25",
    "Gms": "0",
    "K": "20",
    "B-day": "1971",
    "Flag": "wi"
  },
  {
    "ID Number": "5310628",
    "Name": "Kaypekian, Ignace",
    "Fed": "LBN",
    "Sex": "M",
    "Title": "",
    "WTit": "",
    "OTit": "",
    "FOA": "1689",
    "Rating": "AUG25",
    "Gms": "0",
    "K": "20",
    "B-day": "1995",
    "Flag": "i"
  },
  {
    "ID Number": "5312442",
    "Name": "Kazandjian,Aram",
    "Fed": "LBN",
    "Sex": "M",
    "Title": "",
    "WTit": "",
    "OTit": "",
    "FOA": "AFM",
    "Rating": "AUG25",
    "Gms": "1646",
    "K": "4",
    "B-day": "1982",
    "Flag": ""
  },
  {
    "ID Number": "5303222",
    "Name": "Kfoury, Raymond",
    "Fed": "LBN",
    "Sex": "M",
    "Title": "",
    "WTit": "",
    "OTit": "",
    "FOA": "1723",
    "Rating": "AUG25",
    "Gms": "0",
    "K": "20",
    "B-day": "1965",
    "Flag": "i"
  },
  {
    "ID Number": "4628250",
    "Name": "Khairallah, Faisal",
    "Fed": "LBN",
    "Sex": "M",
    "Title": "FM",
    "WTit": "",
    "OTit": "",
    "FOA": "2313",
    "Rating": "AUG25",
    "Gms": "0",
    "K": "20",
    "B-day": "1975",
    "Flag": "i"
  },
  {
    "ID Number": "5302994",
    "Name": "Khairallah, Ralph",
    "Fed": "LBN",
    "Sex": "M",
    "Title": "",
    "WTit": "NA",
    "OTit": "",
    "FOA": "1834",
    "Rating": "AUG25",
    "Gms": "0",
    "K": "20",
    "B-day": "1998",
    "Flag": "i"
  },
  {
    "ID Number": "5301831",
    "Name": "Khalil, Adnan",
    "Fed": "LBN",
    "Sex": "M",
    "Title": "",
    "WTit": "",
    "OTit": "",
    "FOA": "2004",
    "Rating": "AUG25",
    "Gms": "0",
    "K": "20",
    "B-day": "0",
    "Flag": "i"
  },
  {
    "ID Number": "5304520",
    "Name": "Khalili, Moustafa",
    "Fed": "LBN",
    "Sex": "M",
    "Title": "",
    "WTit": "",
    "OTit": "",
    "FOA": "1852",
    "Rating": "AUG25",
    "Gms": "0",
    "K": "20",
    "B-day": "1992",
    "Flag": "i"
  },
  {
    "ID Number": "5303656",
    "Name": "Khallouf, Abdallah",
    "Fed": "LBN",
    "Sex": "M",
    "Title": "",
    "WTit": "FI",
    "OTit": "",
    "FOA": "1858",
    "Rating": "AUG25",
    "Gms": "0",
    "K": "20",
    "B-day": "1995",
    "Flag": ""
  },
  {
    "ID Number": "5304350",
    "Name": "Khanjian, Samir",
    "Fed": "LBN",
    "Sex": "M",
    "Title": "",
    "WTit": "",
    "OTit": "",
    "FOA": "1600",
    "Rating": "AUG25",
    "Gms": "0",
    "K": "20",
    "B-day": "1964",
    "Flag": "i"
  },
  {
    "ID Number": "5306396",
    "Name": "Khatchadourian, Chris",
    "Fed": "LBN",
    "Sex": "M",
    "Title": "",
    "WTit": "",
    "OTit": "",
    "FOA": "1611",
    "Rating": "AUG25",
    "Gms": "0",
    "K": "20",
    "B-day": "1988",
    "Flag": "i"
  },
  {
    "ID Number": "5303974",
    "Name": "Khatib, Mohamad",
    "Fed": "LBN",
    "Sex": "M",
    "Title": "",
    "WTit": "",
    "OTit": "",
    "FOA": "1719",
    "Rating": "AUG25",
    "Gms": "0",
    "K": "20",
    "B-day": "1970",
    "Flag": "i"
  },
  {
    "ID Number": "5327806",
    "Name": "Khayat, Ryan",
    "Fed": "LBN",
    "Sex": "M",
    "Title": "",
    "WTit": "",
    "OTit": "",
    "FOA": "1476",
    "Rating": "AUG25",
    "Gms": "5",
    "K": "40",
    "B-day": "2007",
    "Flag": ""
  },
  {
    "ID Number": "5300029",
    "Name": "Khechen, Nabil E",
    "Fed": "LBN",
    "Sex": "M",
    "Title": "IM",
    "WTit": "",
    "OTit": "",
    "FOA": "2011",
    "Rating": "AUG25",
    "Gms": "0",
    "K": "20",
    "B-day": "1948",
    "Flag": "i"
  },
  {
    "ID Number": "5306914",
    "Name": "Khoder, Akram",
    "Fed": "LBN",
    "Sex": "M",
    "Title": "FM",
    "WTit": "",
    "OTit": "",
    "FOA": "2125",
    "Rating": "AUG25",
    "Gms": "9",
    "K": "20",
    "B-day": "2005",
    "Flag": ""
  },
  {
    "ID Number": "5305900",
    "Name": "Khoder, Mazen",
    "Fed": "LBN",
    "Sex": "M",
    "Title": "",
    "WTit": "",
    "OTit": "",
    "FOA": "1505",
    "Rating": "AUG25",
    "Gms": "0",
    "K": "20",
    "B-day": "1974",
    "Flag": "i"
  },
  {
    "ID Number": "5303230",
    "Name": "Khoury, Elias",
    "Fed": "LBN",
    "Sex": "M",
    "Title": "",
    "WTit": "",
    "OTit": "",
    "FOA": "1901",
    "Rating": "AUG25",
    "Gms": "0",
    "K": "20",
    "B-day": "1972",
    "Flag": "i"
  },
  {
    "ID Number": "5307635",
    "Name": "khoury, Rabih",
    "Fed": "LBN",
    "Sex": "M",
    "Title": "",
    "WTit": "",
    "OTit": "",
    "FOA": "1580",
    "Rating": "AUG25",
    "Gms": "4",
    "K": "20",
    "B-day": "1981",
    "Flag": ""
  },
  {
    "ID Number": "5310520",
    "Name": "Kiwan, Shadi",
    "Fed": "LBN",
    "Sex": "M",
    "Title": "",
    "WTit": "",
    "OTit": "",
    "FOA": "1423",
    "Rating": "AUG25",
    "Gms": "0",
    "K": "20",
    "B-day": "2004",
    "Flag": "i"
  },
  {
    "ID Number": "5320666",
    "Name": "Kobeissey , Daniel",
    "Fed": "LBN",
    "Sex": "M",
    "Title": "",
    "WTit": "",
    "OTit": "",
    "FOA": "1507",
    "Rating": "AUG25",
    "Gms": "0",
    "K": "40",
    "B-day": "2011",
    "Flag": "i"
  },
  {
    "ID Number": "5320623",
    "Name": "Kobeissey , Jessica",
    "Fed": "LBN",
    "Sex": "F",
    "Title": "",
    "WTit": "",
    "OTit": "",
    "FOA": "1502",
    "Rating": "AUG25",
    "Gms": "0",
    "K": "40",
    "B-day": "2017",
    "Flag": "wi"
  },
  {
    "ID Number": "5302960",
    "Name": "Lakhoyan, Hrag",
    "Fed": "LBN",
    "Sex": "M",
    "Title": "",
    "WTit": "",
    "OTit": "",
    "FOA": "1727",
    "Rating": "AUG25",
    "Gms": "0",
    "K": "20",
    "B-day": "2004",
    "Flag": "i"
  },
  {
    "ID Number": "5330882",
    "Name": "Lezzeik, Hady",
    "Fed": "LBN",
    "Sex": "M",
    "Title": "",
    "WTit": "",
    "OTit": "",
    "FOA": "1584",
    "Rating": "AUG25",
    "Gms": "8",
    "K": "40",
    "B-day": "2012",
    "Flag": ""
  },
  {
    "ID Number": "5307325",
    "Name": "Louak, Milad",
    "Fed": "LBN",
    "Sex": "M",
    "Title": "",
    "WTit": "",
    "OTit": "",
    "FOA": "1559",
    "Rating": "AUG25",
    "Gms": "1",
    "K": "20",
    "B-day": "1998",
    "Flag": ""
  },
  {
    "ID Number": "5317126",
    "Name": "Maalouf, Charbel",
    "Fed": "LBN",
    "Sex": "M",
    "Title": "",
    "WTit": "",
    "OTit": "",
    "FOA": "1696",
    "Rating": "AUG25",
    "Gms": "0",
    "K": "40",
    "B-day": "2008",
    "Flag": "i"
  },
  {
    "ID Number": "5300681",
    "Name": "Maasarani, Mahmoud",
    "Fed": "LBN",
    "Sex": "M",
    "Title": "",
    "WTit": "FI,NA",
    "OTit": "",
    "FOA": "2039",
    "Rating": "AUG25",
    "Gms": "0",
    "K": "20",
    "B-day": "1968",
    "Flag": "i"
  },
  {
    "ID Number": "5304849",
    "Name": "Madani, Nicolas",
    "Fed": "LBN",
    "Sex": "M",
    "Title": "",
    "WTit": "",
    "OTit": "",
    "FOA": "1717",
    "Rating": "AUG25",
    "Gms": "0",
    "K": "20",
    "B-day": "1993",
    "Flag": "i"
  },
  {
    "ID Number": "5314739",
    "Name": "Mahdi, Issa",
    "Fed": "LBN",
    "Sex": "M",
    "Title": "",
    "WTit": "",
    "OTit": "",
    "FOA": "1425",
    "Rating": "AUG25",
    "Gms": "0",
    "K": "20",
    "B-day": "2002",
    "Flag": "i"
  },
  {
    "ID Number": "5303559",
    "Name": "Maita, Khaled",
    "Fed": "LBN",
    "Sex": "M",
    "Title": "",
    "WTit": "",
    "OTit": "",
    "FOA": "1696",
    "Rating": "AUG25",
    "Gms": "0",
    "K": "20",
    "B-day": "0",
    "Flag": "i"
  },
  {
    "ID Number": "5317452",
    "Name": "Majd , Rizk",
    "Fed": "LBN",
    "Sex": "M",
    "Title": "",
    "WTit": "",
    "OTit": "",
    "FOA": "1511",
    "Rating": "AUG25",
    "Gms": "0",
    "K": "20",
    "B-day": "2003",
    "Flag": "i"
  },
  {
    "ID Number": "5307627",
    "Name": "Majied, Amer",
    "Fed": "LBN",
    "Sex": "M",
    "Title": "",
    "WTit": "",
    "OTit": "",
    "FOA": "1714",
    "Rating": "AUG25",
    "Gms": "14",
    "K": "20",
    "B-day": "1988",
    "Flag": ""
  },
  {
    "ID Number": "5312957",
    "Name": "Makhoulian Bedros,Asso Sako",
    "Fed": "LBN",
    "Sex": "M",
    "Title": "",
    "WTit": "",
    "OTit": "",
    "FOA": "1660",
    "Rating": "AUG25",
    "Gms": "0",
    "K": "20",
    "B-day": "1992",
    "Flag": "i"
  },
  {
    "ID Number": "5312868",
    "Name": "Malaeb, Osmat",
    "Fed": "LBN",
    "Sex": "M",
    "Title": "",
    "WTit": "",
    "OTit": "",
    "FOA": "1852",
    "Rating": "AUG25",
    "Gms": "0",
    "K": "20",
    "B-day": "2006",
    "Flag": ""
  },
  {
    "ID Number": "5306426",
    "Name": "Malaeb, Rawad",
    "Fed": "LBN",
    "Sex": "M",
    "Title": "",
    "WTit": "",
    "OTit": "",
    "FOA": "1834",
    "Rating": "AUG25",
    "Gms": "0",
    "K": "20",
    "B-day": "1983",
    "Flag": "i"
  },
  {
    "ID Number": "5308674",
    "Name": "Mallab, Jamal",
    "Fed": "LBN",
    "Sex": "M",
    "Title": "",
    "WTit": "",
    "OTit": "",
    "FOA": "1549",
    "Rating": "AUG25",
    "Gms": "0",
    "K": "20",
    "B-day": "1984",
    "Flag": "i"
  },
  {
    "ID Number": "5310636",
    "Name": "Mansour, Halim",
    "Fed": "LBN",
    "Sex": "M",
    "Title": "",
    "WTit": "",
    "OTit": "",
    "FOA": "1690",
    "Rating": "AUG25",
    "Gms": "0",
    "K": "20",
    "B-day": "1999",
    "Flag": "i"
  },
  {
    "ID Number": "5315697",
    "Name": "Mardikian, Antranik Marc",
    "Fed": "LBN",
    "Sex": "M",
    "Title": "",
    "WTit": "",
    "OTit": "",
    "FOA": "1891",
    "Rating": "AUG25",
    "Gms": "18",
    "K": "40",
    "B-day": "2012",
    "Flag": ""
  },
  {
    "ID Number": "5315700",
    "Name": "Mardikian, Antranik Mardig",
    "Fed": "LBN",
    "Sex": "M",
    "Title": "",
    "WTit": "",
    "OTit": "",
    "FOA": "1569",
    "Rating": "AUG25",
    "Gms": "10",
    "K": "40",
    "B-day": "2009",
    "Flag": ""
  },
  {
    "ID Number": "5318904",
    "Name": "Masri, Ali Rida",
    "Fed": "LBN",
    "Sex": "M",
    "Title": "",
    "WTit": "",
    "OTit": "",
    "FOA": "1670",
    "Rating": "AUG25",
    "Gms": "16",
    "K": "40",
    "B-day": "2011",
    "Flag": ""
  },
  {
    "ID Number": "5320151",
    "Name": "Masri, Hasanein",
    "Fed": "LBN",
    "Sex": "M",
    "Title": "",
    "WTit": "",
    "OTit": "",
    "FOA": "1728",
    "Rating": "AUG25",
    "Gms": "0",
    "K": "20",
    "B-day": "1992",
    "Flag": "i"
  },
  {
    "ID Number": "5319048",
    "Name": "Masri, Mohamad",
    "Fed": "LBN",
    "Sex": "M",
    "Title": "",
    "WTit": "",
    "OTit": "",
    "FOA": "1540",
    "Rating": "AUG25",
    "Gms": "4",
    "K": "40",
    "B-day": "2012",
    "Flag": ""
  },
  {
    "ID Number": "5301572",
    "Name": "Matta, Dany",
    "Fed": "LBN",
    "Sex": "M",
    "Title": "",
    "WTit": "",
    "OTit": "",
    "FOA": "1765",
    "Rating": "AUG25",
    "Gms": "0",
    "K": "20",
    "B-day": "1975",
    "Flag": "i"
  },
  {
    "ID Number": "5307333",
    "Name": "Medawar, Jad",
    "Fed": "LBN",
    "Sex": "M",
    "Title": "",
    "WTit": "",
    "OTit": "",
    "FOA": "1794",
    "Rating": "AUG25",
    "Gms": "0",
    "K": "20",
    "B-day": "1982",
    "Flag": "i"
  },
  {
    "ID Number": "5316871",
    "Name": "Mhanna Jean",
    "Fed": "LBN",
    "Sex": "M",
    "Title": "",
    "WTit": "",
    "OTit": "",
    "FOA": "1896",
    "Rating": "AUG25",
    "Gms": "0",
    "K": "40",
    "B-day": "2013",
    "Flag": ""
  },
  {
    "ID Number": "5301084",
    "Name": "Mikati, Hani",
    "Fed": "LBN",
    "Sex": "M",
    "Title": "",
    "WTit": "",
    "OTit": "",
    "FOA": "1807",
    "Rating": "AUG25",
    "Gms": "0",
    "K": "20",
    "B-day": "1962",
    "Flag": "i"
  },
  {
    "ID Number": "5302374",
    "Name": "Mikati, Mohammad",
    "Fed": "LBN",
    "Sex": "M",
    "Title": "",
    "WTit": "",
    "OTit": "",
    "FOA": "1924",
    "Rating": "AUG25",
    "Gms": "0",
    "K": "20",
    "B-day": "0",
    "Flag": "i"
  },
  {
    "ID Number": "5307376",
    "Name": "Moghnieh, Hussein",
    "Fed": "LBN",
    "Sex": "M",
    "Title": "",
    "WTit": "",
    "OTit": "",
    "FOA": "AIM",
    "Rating": "AUG25",
    "Gms": "1699",
    "K": "0",
    "B-day": "1982",
    "Flag": "i"
  },
  {
    "ID Number": "5317029",
    "Name": "Monzer, Mohamad Jawad",
    "Fed": "LBN",
    "Sex": "M",
    "Title": "",
    "WTit": "",
    "OTit": "",
    "FOA": "1679",
    "Rating": "AUG25",
    "Gms": "0",
    "K": "40",
    "B-day": "2009",
    "Flag": "i"
  },
  {
    "ID Number": "5312710",
    "Name": "Mouawad, Anthony",
    "Fed": "LBN",
    "Sex": "M",
    "Title": "",
    "WTit": "",
    "OTit": "",
    "FOA": "1554",
    "Rating": "AUG25",
    "Gms": "0",
    "K": "40",
    "B-day": "2012",
    "Flag": "i"
  },
  {
    "ID Number": "5315476",
    "Name": "Mouawad,Sergio",
    "Fed": "LBN",
    "Sex": "M",
    "Title": "",
    "WTit": "",
    "OTit": "",
    "FOA": "1491",
    "Rating": "AUG25",
    "Gms": "0",
    "K": "40",
    "B-day": "2015",
    "Flag": "i"
  },
  {
    "ID Number": "5300630",
    "Name": "Moudallal, Tarek",
    "Fed": "LBN",
    "Sex": "M",
    "Title": "",
    "WTit": "",
    "OTit": "",
    "FOA": "1797",
    "Rating": "AUG25",
    "Gms": "14",
    "K": "20",
    "B-day": "1978",
    "Flag": ""
  },
  {
    "ID Number": "5304857",
    "Name": "Moughames, Ronald",
    "Fed": "LBN",
    "Sex": "M",
    "Title": "",
    "WTit": "",
    "OTit": "",
    "FOA": "1869",
    "Rating": "AUG25",
    "Gms": "21",
    "K": "20",
    "B-day": "1992",
    "Flag": ""
  },
  {
    "ID Number": "5318785",
    "Name": "Mounayar, Maroun",
    "Fed": "LBN",
    "Sex": "M",
    "Title": "",
    "WTit": "",
    "OTit": "",
    "FOA": "1691",
    "Rating": "AUG25",
    "Gms": "0",
    "K": "20",
    "B-day": "1964",
    "Flag": "i"
  },
  {
    "ID Number": "5300517",
    "Name": "Mouradian, Knarik",
    "Fed": "LBN",
    "Sex": "F",
    "Title": "WIM",
    "WTit": "WIM",
    "OTit": "",
    "FOA": "2053",
    "Rating": "AUG25",
    "Gms": "0",
    "K": "20",
    "B-day": "1983",
    "Flag": "wi"
  },
  {
    "ID Number": "5300290",
    "Name": "Mrad, Charif",
    "Fed": "LBN",
    "Sex": "M",
    "Title": "",
    "WTit": "",
    "OTit": "",
    "FOA": "1970",
    "Rating": "AUG25",
    "Gms": "0",
    "K": "20",
    "B-day": "1970",
    "Flag": "i"
  },
  {
    "ID Number": "5313201",
    "Name": "Mroue, Bachar",
    "Fed": "LBN",
    "Sex": "M",
    "Title": "",
    "WTit": "",
    "OTit": "",
    "FOA": "1563",
    "Rating": "AUG25",
    "Gms": "0",
    "K": "20",
    "B-day": "2006",
    "Flag": "i"
  },
  {
    "ID Number": "5317312",
    "Name": "Naboulsi, Ziad",
    "Fed": "LBN",
    "Sex": "M",
    "Title": "",
    "WTit": "",
    "OTit": "",
    "FOA": "1610",
    "Rating": "AUG25",
    "Gms": "0",
    "K": "20",
    "B-day": "1974",
    "Flag": "i"
  },
  {
    "ID Number": "5300495",
    "Name": "Nader, Elias",
    "Fed": "LBN",
    "Sex": "M",
    "Title": "",
    "WTit": "",
    "OTit": "",
    "FOA": "2061",
    "Rating": "AUG25",
    "Gms": "0",
    "K": "20",
    "B-day": "0",
    "Flag": "i"
  },
  {
    "ID Number": "5300100",
    "Name": "Najjar, Ahmad",
    "Fed": "LBN",
    "Sex": "M",
    "Title": "FM",
    "WTit": "",
    "OTit": "",
    "FOA": "2034",
    "Rating": "AUG25",
    "Gms": "22",
    "K": "20",
    "B-day": "1966",
    "Flag": ""
  },
  {
    "ID Number": "5304261",
    "Name": "Nassar, Marc",
    "Fed": "LBN",
    "Sex": "M",
    "Title": "",
    "WTit": "",
    "OTit": "",
    "FOA": "2017",
    "Rating": "AUG25",
    "Gms": "0",
    "K": "20",
    "B-day": "1996",
    "Flag": ""
  },
  {
    "ID Number": "5301343",
    "Name": "Nassar, Marwan",
    "Fed": "LBN",
    "Sex": "M",
    "Title": "",
    "WTit": "",
    "OTit": "",
    "FOA": "2014",
    "Rating": "AUG25",
    "Gms": "0",
    "K": "20",
    "B-day": "1983",
    "Flag": "i"
  },
  {
    "ID Number": "5301580",
    "Name": "Nassar, Ziad",
    "Fed": "LBN",
    "Sex": "M",
    "Title": "",
    "WTit": "",
    "OTit": "",
    "FOA": "1715",
    "Rating": "AUG25",
    "Gms": "0",
    "K": "20",
    "B-day": "0",
    "Flag": "i"
  },
  {
    "ID Number": "5313317",
    "Name": "Nasser, Hadi",
    "Fed": "LBN",
    "Sex": "M",
    "Title": "",
    "WTit": "",
    "OTit": "",
    "FOA": "1697",
    "Rating": "AUG25",
    "Gms": "16",
    "K": "20",
    "B-day": "2001",
    "Flag": ""
  },
  {
    "ID Number": "5303982",
    "Name": "Nasser, Youssef",
    "Fed": "LBN",
    "Sex": "M",
    "Title": "",
    "WTit": "",
    "OTit": "",
    "FOA": "1744",
    "Rating": "AUG25",
    "Gms": "0",
    "K": "20",
    "B-day": "1993",
    "Flag": ""
  },
  {
    "ID Number": "5311403",
    "Name": "Nassif, Mariel",
    "Fed": "LBN",
    "Sex": "M",
    "Title": "",
    "WTit": "",
    "OTit": "",
    "FOA": "1511",
    "Rating": "AUG25",
    "Gms": "0",
    "K": "40",
    "B-day": "2010",
    "Flag": "i"
  },
  {
    "ID Number": "5326230",
    "Name": "Nassour, Roudy",
    "Fed": "LBN",
    "Sex": "M",
    "Title": "",
    "WTit": "",
    "OTit": "",
    "FOA": "1642",
    "Rating": "AUG25",
    "Gms": "0",
    "K": "20",
    "B-day": "2002",
    "Flag": "i"
  },
  {
    "ID Number": "5320348",
    "Name": "Nawfal , Georges",
    "Fed": "LBN",
    "Sex": "M",
    "Title": "",
    "WTit": "",
    "OTit": "",
    "FOA": "1461",
    "Rating": "AUG25",
    "Gms": "0",
    "K": "20",
    "B-day": "1978",
    "Flag": "i"
  },
  {
    "ID Number": "5310857",
    "Name": "Nejmeh, Hussein",
    "Fed": "LBN",
    "Sex": "M",
    "Title": "",
    "WTit": "",
    "OTit": "",
    "FOA": "1703",
    "Rating": "AUG25",
    "Gms": "0",
    "K": "20",
    "B-day": "1993",
    "Flag": "i"
  },
  {
    "ID Number": "14100908",
    "Name": "Nekrasova, Elena",
    "Fed": "LBN",
    "Sex": "F",
    "Title": "WFM",
    "WTit": "WFM",
    "OTit": "",
    "FOA": "1846",
    "Rating": "AUG25",
    "Gms": "0",
    "K": "20",
    "B-day": "1970",
    "Flag": "w"
  },
  {
    "ID Number": "5306965",
    "Name": "Obeid, Fadi",
    "Fed": "LBN",
    "Sex": "M",
    "Title": "",
    "WTit": "",
    "OTit": "",
    "FOA": "1717",
    "Rating": "AUG25",
    "Gms": "0",
    "K": "20",
    "B-day": "1950",
    "Flag": "i"
  },
  {
    "ID Number": "5311284",
    "Name": "Obeid, Omar",
    "Fed": "LBN",
    "Sex": "M",
    "Title": "",
    "WTit": "",
    "OTit": "",
    "FOA": "1689",
    "Rating": "AUG25",
    "Gms": "0",
    "K": "20",
    "B-day": "1999",
    "Flag": "i"
  },
  {
    "ID Number": "5302269",
    "Name": "Oknayan, Jirair",
    "Fed": "LBN",
    "Sex": "M",
    "Title": "",
    "WTit": "",
    "OTit": "",
    "FOA": "1963",
    "Rating": "AUG25",
    "Gms": "0",
    "K": "20",
    "B-day": "1991",
    "Flag": "i"
  },
  {
    "ID Number": "5301599",
    "Name": "Oknayan, Krikor",
    "Fed": "LBN",
    "Sex": "M",
    "Title": "",
    "WTit": "",
    "OTit": "",
    "FOA": "1820",
    "Rating": "AUG25",
    "Gms": "0",
    "K": "20",
    "B-day": "0",
    "Flag": "i"
  },
  {
    "ID Number": "5301602",
    "Name": "Oknayan, Razmig",
    "Fed": "LBN",
    "Sex": "M",
    "Title": "",
    "WTit": "",
    "OTit": "",
    "FOA": "1959",
    "Rating": "AUG25",
    "Gms": "0",
    "K": "20",
    "B-day": "1992",
    "Flag": "i"
  },
  {
    "ID Number": "5317959",
    "Name": "Qudsi, Mohammad",
    "Fed": "LBN",
    "Sex": "M",
    "Title": "",
    "WTit": "",
    "OTit": "",
    "FOA": "1700",
    "Rating": "AUG25",
    "Gms": "18",
    "K": "40",
    "B-day": "2012",
    "Flag": ""
  },
  {
    "ID Number": "5331218",
    "Name": "Raad, Jude",
    "Fed": "LBN",
    "Sex": "M",
    "Title": "",
    "WTit": "",
    "OTit": "",
    "FOA": "1513",
    "Rating": "AUG25",
    "Gms": "5",
    "K": "40",
    "B-day": "2012",
    "Flag": ""
  },
  {
    "ID Number": "5301122",
    "Name": "Ramadan, Wissam",
    "Fed": "LBN",
    "Sex": "M",
    "Title": "",
    "WTit": "",
    "OTit": "",
    "FOA": "1692",
    "Rating": "AUG25",
    "Gms": "0",
    "K": "20",
    "B-day": "0",
    "Flag": "i"
  },
  {
    "ID Number": "5303265",
    "Name": "Rashidi, Rabih",
    "Fed": "LBN",
    "Sex": "M",
    "Title": "",
    "WTit": "",
    "OTit": "",
    "FOA": "1851",
    "Rating": "AUG25",
    "Gms": "0",
    "K": "20",
    "B-day": "0",
    "Flag": "i"
  },
  {
    "ID Number": "5324688",
    "Name": "Ryan, Maroun",
    "Fed": "LBN",
    "Sex": "M",
    "Title": "",
    "WTit": "",
    "OTit": "",
    "FOA": "1448",
    "Rating": "AUG25",
    "Gms": "13",
    "K": "40",
    "B-day": "2003",
    "Flag": ""
  },
  {
    "ID Number": "5331064",
    "Name": "Saab, Iyan",
    "Fed": "LBN",
    "Sex": "M",
    "Title": "",
    "WTit": "",
    "OTit": "",
    "FOA": "1638",
    "Rating": "AUG25",
    "Gms": "6",
    "K": "40",
    "B-day": "2011",
    "Flag": ""
  },
  {
    "ID Number": "5325862",
    "Name": "Saab, Mario",
    "Fed": "LBN",
    "Sex": "M",
    "Title": "",
    "WTit": "",
    "OTit": "",
    "FOA": "1438",
    "Rating": "AUG25",
    "Gms": "0",
    "K": "20",
    "B-day": "1996",
    "Flag": "i"
  },
  {
    "ID Number": "5302170",
    "Name": "Saad, Charbel",
    "Fed": "LBN",
    "Sex": "M",
    "Title": "",
    "WTit": "",
    "OTit": "",
    "FOA": "1875",
    "Rating": "AUG25",
    "Gms": "0",
    "K": "20",
    "B-day": "0",
    "Flag": "i"
  },
  {
    "ID Number": "5324696",
    "Name": "Saad, Tarek",
    "Fed": "LBN",
    "Sex": "M",
    "Title": "",
    "WTit": "",
    "OTit": "",
    "FOA": "1872",
    "Rating": "AUG25",
    "Gms": "18",
    "K": "40",
    "B-day": "2011",
    "Flag": ""
  },
  {
    "ID Number": "5311110",
    "Name": "Saadeddine, Adam",
    "Fed": "LBN",
    "Sex": "M",
    "Title": "",
    "WTit": "",
    "OTit": "",
    "FOA": "1915",
    "Rating": "AUG25",
    "Gms": "21",
    "K": "40",
    "B-day": "2012",
    "Flag": ""
  },
  {
    "ID Number": "5325390",
    "Name": "Saadeddine, Lea",
    "Fed": "LBN",
    "Sex": "F",
    "Title": "",
    "WTit": "",
    "OTit": "",
    "FOA": "1509",
    "Rating": "AUG25",
    "Gms": "8",
    "K": "40",
    "B-day": "2016",
    "Flag": "w"
  },
  {
    "ID Number": "5302838",
    "Name": "Saadeh, Antoine",
    "Fed": "LBN",
    "Sex": "M",
    "Title": "",
    "WTit": "",
    "OTit": "",
    "FOA": "1734",
    "Rating": "AUG25",
    "Gms": "0",
    "K": "20",
    "B-day": "1976",
    "Flag": "i"
  },
  {
    "ID Number": "5311128",
    "Name": "Saba, Georges",
    "Fed": "LBN",
    "Sex": "M",
    "Title": "",
    "WTit": "NA",
    "OTit": "",
    "FOA": "1774",
    "Rating": "AUG25",
    "Gms": "0",
    "K": "20",
    "B-day": "1998",
    "Flag": ""
  },
  {
    "ID Number": "5307716",
    "Name": "Sakka, Bashir",
    "Fed": "LBN",
    "Sex": "M",
    "Title": "",
    "WTit": "",
    "OTit": "",
    "FOA": "1733",
    "Rating": "AUG25",
    "Gms": "0",
    "K": "20",
    "B-day": "1987",
    "Flag": "i"
  },
  {
    "ID Number": "5300185",
    "Name": "Sakr, Nassim",
    "Fed": "LBN",
    "Sex": "M",
    "Title": "CM",
    "WTit": "",
    "OTit": "",
    "FOA": "2135",
    "Rating": "AUG25",
    "Gms": "0",
    "K": "20",
    "B-day": "1973",
    "Flag": "i"
  },
  {
    "ID Number": "5301858",
    "Name": "Sakr, Wissam",
    "Fed": "LBN",
    "Sex": "M",
    "Title": "",
    "WTit": "",
    "OTit": "",
    "FOA": "1928",
    "Rating": "AUG25",
    "Gms": "0",
    "K": "20",
    "B-day": "0",
    "Flag": "i"
  },
  {
    "ID Number": "5326567",
    "Name": "Salameh, Celio Wissam",
    "Fed": "LBN",
    "Sex": "M",
    "Title": "",
    "WTit": "",
    "OTit": "",
    "FOA": "1767",
    "Rating": "AUG25",
    "Gms": "12",
    "K": "40",
    "B-day": "2012",
    "Flag": ""
  },
  {
    "ID Number": "5303990",
    "Name": "Salameh, Rami",
    "Fed": "LBN",
    "Sex": "M",
    "Title": "",
    "WTit": "",
    "OTit": "",
    "FOA": "1765",
    "Rating": "AUG25",
    "Gms": "0",
    "K": "20",
    "B-day": "1970",
    "Flag": "i"
  },
  {
    "ID Number": "5307783",
    "Name": "Salameh, Sleiman",
    "Fed": "LBN",
    "Sex": "M",
    "Title": "",
    "WTit": "",
    "OTit": "",
    "FOA": "1803",
    "Rating": "AUG25",
    "Gms": "0",
    "K": "20",
    "B-day": "1976",
    "Flag": "i"
  },
  {
    "ID Number": "5302641",
    "Name": "Salameh, Wassim",
    "Fed": "LBN",
    "Sex": "M",
    "Title": "",
    "WTit": "",
    "OTit": "",
    "FOA": "1912",
    "Rating": "AUG25",
    "Gms": "0",
    "K": "20",
    "B-day": "0",
    "Flag": "i"
  },
  {
    "ID Number": "5318190",
    "Name": "Salem, Ralph",
    "Fed": "LBN",
    "Sex": "M",
    "Title": "",
    "WTit": "",
    "OTit": "",
    "FOA": "1581",
    "Rating": "AUG25",
    "Gms": "4",
    "K": "40",
    "B-day": "2015",
    "Flag": ""
  },
  {
    "ID Number": "5307350",
    "Name": "Saliba, Nicolas",
    "Fed": "LBN",
    "Sex": "M",
    "Title": "",
    "WTit": "FI,NA",
    "OTit": "",
    "FOA": "1919",
    "Rating": "AUG25",
    "Gms": "0",
    "K": "20",
    "B-day": "1985",
    "Flag": "i"
  },
  {
    "ID Number": "5315093",
    "Name": "Saliba, Walid Karl",
    "Fed": "LBN",
    "Sex": "M",
    "Title": "",
    "WTit": "",
    "OTit": "",
    "FOA": "1653",
    "Rating": "AUG25",
    "Gms": "0",
    "K": "20",
    "B-day": "2005",
    "Flag": "i"
  },
  {
    "ID Number": "5310644",
    "Name": "Salman, Fatima",
    "Fed": "LBN",
    "Sex": "F",
    "Title": "",
    "WTit": "",
    "OTit": "",
    "FOA": "1474",
    "Rating": "AUG25",
    "Gms": "0",
    "K": "20",
    "B-day": "2006",
    "Flag": "wi"
  },
  {
    "ID Number": "5326257",
    "Name": "Salman, Jamal",
    "Fed": "LBN",
    "Sex": "M",
    "Title": "",
    "WTit": "",
    "OTit": "",
    "FOA": "1675",
    "Rating": "AUG25",
    "Gms": "0",
    "K": "20",
    "B-day": "1998",
    "Flag": "i"
  },
  {
    "ID Number": "5307503",
    "Name": "Salman, Samer",
    "Fed": "LBN",
    "Sex": "M",
    "Title": "",
    "WTit": "",
    "OTit": "",
    "FOA": "1920",
    "Rating": "AUG25",
    "Gms": "9",
    "K": "20",
    "B-day": "2004",
    "Flag": ""
  },
  {
    "ID Number": "5303273",
    "Name": "Sayegh, Elias",
    "Fed": "LBN",
    "Sex": "M",
    "Title": "",
    "WTit": "",
    "OTit": "",
    "FOA": "1841",
    "Rating": "AUG25",
    "Gms": "0",
    "K": "20",
    "B-day": "0",
    "Flag": "i"
  },
  {
    "ID Number": "5322367",
    "Name": "Seifeddine, Ghazi",
    "Fed": "LBN",
    "Sex": "M",
    "Title": "",
    "WTit": "",
    "OTit": "",
    "FOA": "1658",
    "Rating": "AUG25",
    "Gms": "0",
    "K": "40",
    "B-day": "2015",
    "Flag": "i"
  },
  {
    "ID Number": "5300444",
    "Name": "Shamieh, Jamal",
    "Fed": "LBN",
    "Sex": "M",
    "Title": "",
    "WTit": "FT",
    "OTit": "",
    "FOA": "2035",
    "Rating": "AUG25",
    "Gms": "0",
    "K": "20",
    "B-day": "1985",
    "Flag": "i"
  },
  {
    "ID Number": "5300509",
    "Name": "Shamieh, Mahmoud",
    "Fed": "LBN",
    "Sex": "M",
    "Title": "CM",
    "WTit": "",
    "OTit": "",
    "FOA": "2110",
    "Rating": "AUG25",
    "Gms": "18",
    "K": "20",
    "B-day": "1987",
    "Flag": ""
  },
  {
    "ID Number": "5302196",
    "Name": "Shamieh, Sara",
    "Fed": "LBN",
    "Sex": "F",
    "Title": "WCM",
    "WTit": "WCM",
    "OTit": "FI,FA",
    "FOA": "1885",
    "Rating": "AUG25",
    "Gms": "0",
    "K": "20",
    "B-day": "1990",
    "Flag": "wi"
  },
  {
    "ID Number": "5304687",
    "Name": "Shamieh, Sayed",
    "Fed": "LBN",
    "Sex": "M",
    "Title": "",
    "WTit": "FI",
    "OTit": "",
    "FOA": "1906",
    "Rating": "AUG25",
    "Gms": "0",
    "K": "20",
    "B-day": "1988",
    "Flag": "i"
  },
  {
    "ID Number": "5301629",
    "Name": "Sharbel, Marwan",
    "Fed": "LBN",
    "Sex": "M",
    "Title": "",
    "WTit": "",
    "OTit": "",
    "FOA": "1868",
    "Rating": "AUG25",
    "Gms": "0",
    "K": "20",
    "B-day": "0",
    "Flag": "i"
  },
  {
    "ID Number": "5300746",
    "Name": "Shihab, Khaled",
    "Fed": "LBN",
    "Sex": "M",
    "Title": "",
    "WTit": "",
    "OTit": "",
    "FOA": "1910",
    "Rating": "AUG25",
    "Gms": "21",
    "K": "20",
    "B-day": "0",
    "Flag": ""
  },
  {
    "ID Number": "5306574",
    "Name": "Shokor, Hussein",
    "Fed": "LBN",
    "Sex": "M",
    "Title": "",
    "WTit": "",
    "OTit": "",
    "FOA": "1679",
    "Rating": "AUG25",
    "Gms": "0",
    "K": "20",
    "B-day": "2002",
    "Flag": "i"
  },
  {
    "ID Number": "5303320",
    "Name": "Singer, Imad",
    "Fed": "LBN",
    "Sex": "M",
    "Title": "",
    "WTit": "",
    "OTit": "",
    "FOA": "1992",
    "Rating": "AUG25",
    "Gms": "0",
    "K": "20",
    "B-day": "1981",
    "Flag": "i"
  },
  {
    "ID Number": "5320739",
    "Name": "Sinno , Abdul Salam",
    "Fed": "LBN",
    "Sex": "M",
    "Title": "",
    "WTit": "",
    "OTit": "",
    "FOA": "AFM",
    "Rating": "AUG25",
    "Gms": "1556",
    "K": "5",
    "B-day": "1985",
    "Flag": ""
  },
  {
    "ID Number": "5320771",
    "Name": "Sinno , Hicham",
    "Fed": "LBN",
    "Sex": "M",
    "Title": "",
    "WTit": "",
    "OTit": "",
    "FOA": "ACM",
    "Rating": "AUG25",
    "Gms": "1416",
    "K": "0",
    "B-day": "2004",
    "Flag": ""
  },
  {
    "ID Number": "5320747",
    "Name": "Sinno , Mohamad-Osman",
    "Fed": "LBN",
    "Sex": "M",
    "Title": "",
    "WTit": "",
    "OTit": "",
    "FOA": "1637",
    "Rating": "AUG25",
    "Gms": "0",
    "K": "20",
    "B-day": "2005",
    "Flag": ""
  },
  {
    "ID Number": "5307791",
    "Name": "Sinno, Hassan",
    "Fed": "LBN",
    "Sex": "M",
    "Title": "",
    "WTit": "",
    "OTit": "",
    "FOA": "1570",
    "Rating": "AUG25",
    "Gms": "0",
    "K": "20",
    "B-day": "1987",
    "Flag": "i"
  },
  {
    "ID Number": "5303664",
    "Name": "Slaiby, Youssef",
    "Fed": "LBN",
    "Sex": "M",
    "Title": "",
    "WTit": "",
    "OTit": "",
    "FOA": "1967",
    "Rating": "AUG25",
    "Gms": "0",
    "K": "20",
    "B-day": "0",
    "Flag": "i"
  },
  {
    "ID Number": "5307007",
    "Name": "Slim, Nadim",
    "Fed": "LBN",
    "Sex": "M",
    "Title": "",
    "WTit": "",
    "OTit": "",
    "FOA": "1755",
    "Rating": "AUG25",
    "Gms": "0",
    "K": "20",
    "B-day": "1988",
    "Flag": "i"
  },
  {
    "ID Number": "5302676",
    "Name": "Slim, Samah",
    "Fed": "LBN",
    "Sex": "M",
    "Title": "",
    "WTit": "",
    "OTit": "",
    "FOA": "1903",
    "Rating": "AUG25",
    "Gms": "0",
    "K": "20",
    "B-day": "0",
    "Flag": "i"
  },
  {
    "ID Number": "5325897",
    "Name": "Soboh,Rakan",
    "Fed": "LBN",
    "Sex": "M",
    "Title": "",
    "WTit": "",
    "OTit": "",
    "FOA": "1550",
    "Rating": "AUG25",
    "Gms": "0",
    "K": "40",
    "B-day": "2010",
    "Flag": "i"
  },
  {
    "ID Number": "5300754",
    "Name": "Somoff, Abdo",
    "Fed": "LBN",
    "Sex": "M",
    "Title": "FM",
    "WTit": "",
    "OTit": "",
    "FOA": "1919",
    "Rating": "AUG25",
    "Gms": "0",
    "K": "20",
    "B-day": "1961",
    "Flag": ""
  },
  {
    "ID Number": "5306159",
    "Name": "Somoff, Alexiy",
    "Fed": "LBN",
    "Sex": "M",
    "Title": "",
    "WTit": "",
    "OTit": "",
    "FOA": "1634",
    "Rating": "AUG25",
    "Gms": "0",
    "K": "40",
    "B-day": "2010",
    "Flag": "i"
  },
  {
    "ID Number": "5303044",
    "Name": "Somoff, Christina",
    "Fed": "LBN",
    "Sex": "F",
    "Title": "",
    "WTit": "",
    "OTit": "",
    "FOA": "1485",
    "Rating": "AUG25",
    "Gms": "0",
    "K": "20",
    "B-day": "2006",
    "Flag": "wi"
  },
  {
    "ID Number": "5320267",
    "Name": "Souaid, Elie",
    "Fed": "LBN",
    "Sex": "M",
    "Title": "",
    "WTit": "",
    "OTit": "",
    "FOA": "1622",
    "Rating": "AUG25",
    "Gms": "0",
    "K": "20",
    "B-day": "1994",
    "Flag": "i"
  },
  {
    "ID Number": "5304199",
    "Name": "Soueid, Khaled",
    "Fed": "LBN",
    "Sex": "M",
    "Title": "",
    "WTit": "",
    "OTit": "",
    "FOA": "1685",
    "Rating": "AUG25",
    "Gms": "0",
    "K": "20",
    "B-day": "1970",
    "Flag": "i"
  },
  {
    "ID Number": "5300010",
    "Name": "Sursock, Sameer",
    "Fed": "LBN",
    "Sex": "M",
    "Title": "FM",
    "WTit": "",
    "OTit": "",
    "FOA": "1996",
    "Rating": "AUG25",
    "Gms": "0",
    "K": "20",
    "B-day": "0",
    "Flag": "i"
  },
  {
    "ID Number": "5307236",
    "Name": "Tabaja, Ali",
    "Fed": "LBN",
    "Sex": "M",
    "Title": "",
    "WTit": "",
    "OTit": "",
    "FOA": "1566",
    "Rating": "AUG25",
    "Gms": "0",
    "K": "40",
    "B-day": "2007",
    "Flag": "i"
  },
  {
    "ID Number": "5317169",
    "Name": "Talayeh, Rawad",
    "Fed": "LBN",
    "Sex": "M",
    "Title": "",
    "WTit": "",
    "OTit": "",
    "FOA": "1624",
    "Rating": "AUG25",
    "Gms": "2",
    "K": "20",
    "B-day": "1989",
    "Flag": ""
  },
  {
    "ID Number": "5301262",
    "Name": "Tarraf, Tarraf",
    "Fed": "LBN",
    "Sex": "M",
    "Title": "",
    "WTit": "NA",
    "OTit": "",
    "FOA": "1801",
    "Rating": "AUG25",
    "Gms": "0",
    "K": "20",
    "B-day": "1973",
    "Flag": "i"
  },
  {
    "ID Number": "5301270",
    "Name": "Temraz, Samer",
    "Fed": "LBN",
    "Sex": "M",
    "Title": "",
    "WTit": "",
    "OTit": "",
    "FOA": "1559",
    "Rating": "AUG25",
    "Gms": "17",
    "K": "20",
    "B-day": "0",
    "Flag": ""
  },
  {
    "ID Number": "5309638",
    "Name": "Thoumi, Antoine",
    "Fed": "LBN",
    "Sex": "M",
    "Title": "",
    "WTit": "",
    "OTit": "",
    "FOA": "1714",
    "Rating": "AUG25",
    "Gms": "0",
    "K": "20",
    "B-day": "1983",
    "Flag": "i"
  },
  {
    "ID Number": "5309220",
    "Name": "Toko, Jamal",
    "Fed": "LBN",
    "Sex": "M",
    "Title": "",
    "WTit": "",
    "OTit": "",
    "FOA": "1715",
    "Rating": "AUG25",
    "Gms": "0",
    "K": "20",
    "B-day": "1990",
    "Flag": "i"
  },
  {
    "ID Number": "5300398",
    "Name": "Tomb, Maroun",
    "Fed": "LBN",
    "Sex": "M",
    "Title": "CM",
    "WTit": "",
    "OTit": "",
    "FOA": "2122",
    "Rating": "AUG25",
    "Gms": "0",
    "K": "20",
    "B-day": "1984",
    "Flag": ""
  },
  {
    "ID Number": "5319862",
    "Name": "Totonji, Kamal",
    "Fed": "LBN",
    "Sex": "M",
    "Title": "",
    "WTit": "",
    "OTit": "",
    "FOA": "1618",
    "Rating": "AUG25",
    "Gms": "3",
    "K": "20",
    "B-day": "1995",
    "Flag": ""
  },
  {
    "ID Number": "5301335",
    "Name": "Toufayli, Adnan",
    "Fed": "LBN",
    "Sex": "M",
    "Title": "",
    "WTit": "",
    "OTit": "",
    "FOA": "1699",
    "Rating": "AUG25",
    "Gms": "0",
    "K": "20",
    "B-day": "1970",
    "Flag": "i"
  },
  {
    "ID Number": "5318610",
    "Name": "Trad, Charbel",
    "Fed": "LBN",
    "Sex": "M",
    "Title": "",
    "WTit": "",
    "OTit": "",
    "FOA": "1648",
    "Rating": "AUG25",
    "Gms": "0",
    "K": "40",
    "B-day": "2008",
    "Flag": "i"
  },
  {
    "ID Number": "5321492",
    "Name": "Usta, Jamal",
    "Fed": "LBN",
    "Sex": "M",
    "Title": "",
    "WTit": "",
    "OTit": "",
    "FOA": "1503",
    "Rating": "AUG25",
    "Gms": "8",
    "K": "40",
    "B-day": "2011",
    "Flag": ""
  },
  {
    "ID Number": "5309077",
    "Name": "Vayanos,George Marwan",
    "Fed": "LBN",
    "Sex": "M",
    "Title": "",
    "WTit": "",
    "OTit": "",
    "FOA": "2007",
    "Rating": "AUG25",
    "Gms": "0",
    "K": "20",
    "B-day": "2006",
    "Flag": ""
  },
  {
    "ID Number": "5325269",
    "Name": "Wadih, Michel",
    "Fed": "LBN",
    "Sex": "M",
    "Title": "",
    "WTit": "",
    "OTit": "",
    "FOA": "1791",
    "Rating": "AUG25",
    "Gms": "0",
    "K": "40",
    "B-day": "2009",
    "Flag": "i"
  },
  {
    "ID Number": "5301866",
    "Name": "Ward, Serge",
    "Fed": "LBN",
    "Sex": "M",
    "Title": "",
    "WTit": "",
    "OTit": "",
    "FOA": "1740",
    "Rating": "AUG25",
    "Gms": "19",
    "K": "20",
    "B-day": "0",
    "Flag": ""
  },
  {
    "ID Number": "5323851",
    "Name": "Wehbe, Roy",
    "Fed": "LBN",
    "Sex": "M",
    "Title": "",
    "WTit": "",
    "OTit": "",
    "FOA": "1833",
    "Rating": "AUG25",
    "Gms": "0",
    "K": "40",
    "B-day": "2008",
    "Flag": ""
  },
  {
    "ID Number": "5301297",
    "Name": "Wehbi, Issa",
    "Fed": "LBN",
    "Sex": "M",
    "Title": "",
    "WTit": "",
    "OTit": "",
    "FOA": "1739",
    "Rating": "AUG25",
    "Gms": "0",
    "K": "20",
    "B-day": "0",
    "Flag": "i"
  },
  {
    "ID Number": "5310652",
    "Name": "Wehbi, Joe",
    "Fed": "LBN",
    "Sex": "M",
    "Title": "",
    "WTit": "",
    "OTit": "",
    "FOA": "1719",
    "Rating": "AUG25",
    "Gms": "0",
    "K": "20",
    "B-day": "2002",
    "Flag": "i"
  },
  {
    "ID Number": "5323177",
    "Name": "Wehbi, Roy Sabr",
    "Fed": "LBN",
    "Sex": "M",
    "Title": "",
    "WTit": "",
    "OTit": "",
    "FOA": "1601",
    "Rating": "AUG25",
    "Gms": "0",
    "K": "40",
    "B-day": "2008",
    "Flag": "i"
  },
  {
    "ID Number": "5321506",
    "Name": "Younes, Mohamad Hussein",
    "Fed": "LBN",
    "Sex": "M",
    "Title": "",
    "WTit": "",
    "OTit": "",
    "FOA": "1613",
    "Rating": "AUG25",
    "Gms": "20",
    "K": "20",
    "B-day": "2004",
    "Flag": ""
  },
  {
    "ID Number": "5324130",
    "Name": "Younes,Youssef",
    "Fed": "LBN",
    "Sex": "M",
    "Title": "",
    "WTit": "",
    "OTit": "",
    "FOA": "1406",
    "Rating": "AUG25",
    "Gms": "8",
    "K": "40",
    "B-day": "2016",
    "Flag": ""
  },
  {
    "ID Number": "5329744",
    "Name": "Younis, Youssef El Sedeek",
    "Fed": "LBN",
    "Sex": "M",
    "Title": "",
    "WTit": "",
    "OTit": "",
    "FOA": "1504",
    "Rating": "AUG25",
    "Gms": "7",
    "K": "40",
    "B-day": "2006",
    "Flag": ""
  },
  {
    "ID Number": "5313694",
    "Name": "Zaarour , Abdullah Rabeeh",
    "Fed": "LBN",
    "Sex": "M",
    "Title": "",
    "WTit": "",
    "OTit": "",
    "FOA": "1640",
    "Rating": "AUG25",
    "Gms": "4",
    "K": "20",
    "B-day": "1987",
    "Flag": ""
  },
  {
    "ID Number": "5309158",
    "Name": "Zahwi, Ahmad",
    "Fed": "LBN",
    "Sex": "M",
    "Title": "",
    "WTit": "",
    "OTit": "",
    "FOA": "1813",
    "Rating": "AUG25",
    "Gms": "0",
    "K": "20",
    "B-day": "2002",
    "Flag": "i"
  },
  {
    "ID Number": "5309166",
    "Name": "Zahwi, Mohamad",
    "Fed": "LBN",
    "Sex": "M",
    "Title": "",
    "WTit": "",
    "OTit": "",
    "FOA": "1703",
    "Rating": "AUG25",
    "Gms": "0",
    "K": "20",
    "B-day": "2000",
    "Flag": "i"
  },
  {
    "ID Number": "5302200",
    "Name": "Zeidan, Mohammad",
    "Fed": "LBN",
    "Sex": "M",
    "Title": "",
    "WTit": "",
    "OTit": "",
    "FOA": "2027",
    "Rating": "AUG25",
    "Gms": "0",
    "K": "20",
    "B-day": "0",
    "Flag": "i"
  },
  {
    "ID Number": "5317282",
    "Name": "Zeitjian,Sarkis",
    "Fed": "LBN",
    "Sex": "M",
    "Title": "",
    "WTit": "",
    "OTit": "",
    "FOA": "1615",
    "Rating": "AUG25",
    "Gms": "16",
    "K": "40",
    "B-day": "2017",
    "Flag": ""
  },
  {
    "ID Number": "5317177",
    "Name": "Zeitouni, Jad",
    "Fed": "LBN",
    "Sex": "M",
    "Title": "",
    "WTit": "",
    "OTit": "",
    "FOA": "1515",
    "Rating": "AUG25",
    "Gms": "0",
    "K": "20",
    "B-day": "1994",
    "Flag": "i"
  },
  {
    "ID Number": "5323223",
    "Name": "Zemaan, Zahi",
    "Fed": "LBN",
    "Sex": "M",
    "Title": "",
    "WTit": "",
    "OTit": "",
    "FOA": "1513",
    "Rating": "AUG25",
    "Gms": "0",
    "K": "20",
    "B-day": "1969",
    "Flag": "i"
  },
  {
    "ID Number": "5311314",
    "Name": "Zgheib, Andy",
    "Fed": "LBN",
    "Sex": "M",
    "Title": "",
    "WTit": "",
    "OTit": "",
    "FOA": "1493",
    "Rating": "AUG25",
    "Gms": "0",
    "K": "40",
    "B-day": "2009",
    "Flag": "i"
  },
  {
    "ID Number": "5303591",
    "Name": "Zgheib, Georges",
    "Fed": "LBN",
    "Sex": "M",
    "Title": "",
    "WTit": "",
    "OTit": "",
    "FOA": "1674",
    "Rating": "AUG25",
    "Gms": "0",
    "K": "20",
    "B-day": "0",
    "Flag": "i"
  },
  {
    "ID Number": "5301459",
    "Name": "Zoghbi, Jean Paul",
    "Fed": "LBN",
    "Sex": "M",
    "Title": "",
    "WTit": "",
    "OTit": "",
    "FOA": "1648",
    "Rating": "AUG25",
    "Gms": "0",
    "K": "20",
    "B-day": "1968",
    "Flag": "i"
  },
  {
    "ID Number": "5315530",
    "Name": "Zrour, Hanna",
    "Fed": "LBN",
    "Sex": "M",
    "Title": "",
    "WTit": "",
    "OTit": "",
    "FOA": "1576",
    "Rating": "AUG25",
    "Gms": "0",
    "K": "20",
    "B-day": "1987",
    "Flag": "i"
  },
  {
    "ID Number": "5316740",
    "Name": "Zrour, Nabil Badoui",
    "Fed": "LBN",
    "Sex": "M",
    "Title": "",
    "WTit": "",
    "OTit": "",
    "FOA": "1657",
    "Rating": "AUG25",
    "Gms": "0",
    "K": "20",
    "B-day": "1984",
    "Flag": "i"
  }
]