[
  {
    "ID Number": "11001917"
  },
  {
    "ID Number": "11029617"
  },
  {
    "ID Number": "11000457"
  },
  {
    "ID Number": "11008482"
  },
  {
    "ID Number": "11009306"
  },
  {
    "ID Number": "11011602"
  },
  {
    "ID Number": "11005777"
  },
  {
    "ID Number": "11007460"
  },
  {
    "ID Number": "323105020"
  },
  {
    "ID Number": "11031158"
  },
  {
    "ID Number": "11008105"
  },
  {
    "ID Number": "11019158"
  },
  {
    "ID Number": "11003596"
  },
  {
    "ID Number": "11016051"
  },
  {
    "ID Number": "11011335"
  },
  {
    "ID Number": "11032170"
  },
  {
    "ID Number": "11001887"
  },
  {
    "ID Number": "11031140"
  },
  {
    "ID Number": "11003693"
  },
  {
    "ID Number": "11022914"
  },
  {
    "ID Number": "11032189"
  },
  {
    "ID Number": "11008903"
  },
  {
    "ID Number": "11001836"
  },
  {
    "ID Number": "11011661"
  },
  {
    "ID Number": "11001780"
  },
  {
    "ID Number": "11014083"
  },
  {
    "ID Number": "11032197"
  },
  {
    "ID Number": "11000236"
  },
  {
    "ID Number": "11000341"
  },
  {
    "ID Number": "11000155"
  },
  {
    "ID Number": "11004355"
  },
  {
    "ID Number": "11029560"
  },
  {
    "ID Number": "11011882"
  },
  {
    "ID Number": "11005416"
  },
  {
    "ID Number": "11013303"
  },
  {
    "ID Number": "11000538"
  },
  {
    "ID Number": "11022728"
  },
  {
    "ID Number": "11009390"
  },
  {
    "ID Number": "11005050"
  },
  {
    "ID Number": "11014920"
  },
  {
    "ID Number": "11011890"
  },
  {
    "ID Number": "11004681"
  },
  {
    "ID Number": "11004673"
  },
  {
    "ID Number": "11013931"
  },
  {
    "ID Number": "11014938"
  },
  {
    "ID Number": "11012153"
  },
  {
    "ID Number": "11005068"
  },
  {
    "ID Number": "11003383"
  },
  {
    "ID Number": "11009411"
  },
  {
    "ID Number": "11003219"
  },
  {
    "ID Number": "11004932"
  },
  {
    "ID Number": "11008911"
  },
  {
    "ID Number": "11007184"
  },
  {
    "ID Number": "11003731"
  },
  {
    "ID Number": "11003707"
  },
  {
    "ID Number": "11003669"
  },
  {
    "ID Number": "11017570"
  },
  {
    "ID Number": "11032715"
  },
  {
    "ID Number": "11000287"
  },
  {
    "ID Number": "11008920"
  },
  {
    "ID Number": "11005564"
  },
  {
    "ID Number": "11004460"
  },
  {
    "ID Number": "11002980"
  },
  {
    "ID Number": "11000449"
  },
  {
    "ID Number": "11012765"
  },
  {
    "ID Number": "11012757"
  },
  {
    "ID Number": "11004304"
  },
  {
    "ID Number": "11002220"
  },
  {
    "ID Number": "11020512"
  },
  {
    "ID Number": "11012200"
  },
  {
    "ID Number": "11014113"
  },
  {
    "ID Number": "11008946"
  },
  {
    "ID Number": "11012781"
  },
  {
    "ID Number": "11007192"
  },
  {
    "ID Number": "11004770"
  },
  {
    "ID Number": "11012994"
  },
  {
    "ID Number": "11005718"
  },
  {
    "ID Number": "11014946"
  },
  {
    "ID Number": "11002409"
  },
  {
    "ID Number": "11003448"
  },
  {
    "ID Number": "11031980"
  },
  {
    "ID Number": "11028998"
  },
  {
    "ID Number": "11000260"
  },
  {
    "ID Number": "158105331"
  },
  {
    "ID Number": "11005084"
  },
  {
    "ID Number": "11005424"
  },
  {
    "ID Number": "11002050"
  },
  {
    "ID Number": "11002310"
  },
  {
    "ID Number": "11013800"
  },
  {
    "ID Number": "11014695"
  },
  {
    "ID Number": "11028793"
  },
  {
    "ID Number": "11012218"
  },
  {
    "ID Number": "11005572"
  },
  {
    "ID Number": "11020067"
  },
  {
    "ID Number": "11012609"
  },
  {
    "ID Number": "11014717"
  },
  {
    "ID Number": "11004940"
  },
  {
    "ID Number": "11009446"
  },
  {
    "ID Number": "11003529"
  },
  {
    "ID Number": "11029706"
  },
  {
    "ID Number": "11011009"
  },
  {
    "ID Number": "11001577"
  },
  {
    "ID Number": "11000104"
  },
  {
    "ID Number": "11011017"
  },
  {
    "ID Number": "11028378"
  },
  {
    "ID Number": "11008008"
  },
  {
    "ID Number": "11014733"
  },
  {
    "ID Number": "11000023"
  },
  {
    "ID Number": "11013516"
  },
  {
    "ID Number": "11004282"
  },
  {
    "ID Number": "11004126"
  },
  {
    "ID Number": "11000600"
  },
  {
    "ID Number": "11003740"
  },
  {
    "ID Number": "11003421"
  },
  {
    "ID Number": "11001941"
  },
  {
    "ID Number": "11001364"
  },
  {
    "ID Number": "11001771"
  },
  {
    "ID Number": "11015322"
  },
  {
    "ID Number": "11023040"
  },
  {
    "ID Number": "11001852"
  },
  {
    "ID Number": "11012129"
  },
  {
    "ID Number": "11019867"
  },
  {
    "ID Number": "11018925"
  },
  {
    "ID Number": "11020628"
  },
  {
    "ID Number": "11011378"
  },
  {
    "ID Number": "11012242"
  },
  {
    "ID Number": "11003405"
  },
  {
    "ID Number": "11008369"
  },
  {
    "ID Number": "11000082"
  },
  {
    "ID Number": "11005408"
  },
  {
    "ID Number": "11010487"
  },
  {
    "ID Number": "11016159"
  },
  {
    "ID Number": "11007559"
  },
  {
    "ID Number": "11032774"
  },
  {
    "ID Number": "11001798"
  },
  {
    "ID Number": "11000031"
  },
  {
    "ID Number": "11017430"
  },
  {
    "ID Number": "11015217"
  },
  {
    "ID Number": "11005092"
  },
  {
    "ID Number": "11000775"
  },
  {
    "ID Number": "11014121"
  },
  {
    "ID Number": "11028823"
  },
  {
    "ID Number": "11008067"
  },
  {
    "ID Number": "11014040"
  },
  {
    "ID Number": "11004592"
  },
  {
    "ID Number": "11001119"
  },
  {
    "ID Number": "11000996"
  },
  {
    "ID Number": "11002433"
  },
  {
    "ID Number": "11011386"
  },
  {
    "ID Number": "11005637"
  },
  {
    "ID Number": "11016167"
  },
  {
    "ID Number": "11020075"
  },
  {
    "ID Number": "11013958"
  },
  {
    "ID Number": "11000228"
  },
  {
    "ID Number": "11014130"
  },
  {
    "ID Number": "11000961"
  },
  {
    "ID Number": "11008458"
  },
  {
    "ID Number": "11004797"
  },
  {
    "ID Number": "11003839"
  },
  {
    "ID Number": "11003871"
  },
  {
    "ID Number": "11004703"
  },
  {
    "ID Number": "11001879"
  },
  {
    "ID Number": "11002190"
  },
  {
    "ID Number": "11001860"
  },
  {
    "ID Number": "11002450"
  },
  {
    "ID Number": "11020520"
  },
  {
    "ID Number": "11014822"
  },
  {
    "ID Number": "11012005"
  },
  {
    "ID Number": "11006447"
  },
  {
    "ID Number": "11001950"
  },
  {
    "ID Number": "11006196"
  },
  {
    "ID Number": "14321386"
  },
  {
    "ID Number": "11001720"
  },
  {
    "ID Number": "11006587"
  },
  {
    "ID Number": "11002344"
  },
  {
    "ID Number": "11019050"
  },
  {
    "ID Number": "11001968"
  },
  {
    "ID Number": "11008954"
  },
  {
    "ID Number": "11007591"
  },
  {
    "ID Number": "11008288"
  },
  {
    "ID Number": "11012250"
  },
  {
    "ID Number": "11005106"
  },
  {
    "ID Number": "11017856"
  },
  {
    "ID Number": "11004495"
  },
  {
    "ID Number": "11012269"
  },
  {
    "ID Number": "11014830"
  },
  {
    "ID Number": "11012277"
  },
  {
    "ID Number": "11011033"
  },
  {
    "ID Number": "11003170"
  },
  {
    "ID Number": "11014849"
  },
  {
    "ID Number": "11004746"
  },
  {
    "ID Number": "11012617"
  },
  {
    "ID Number": "11018046"
  },
  {
    "ID Number": "11005114"
  },
  {
    "ID Number": "11000139"
  },
  {
    "ID Number": "11002468"
  },
  {
    "ID Number": "11014164"
  },
  {
    "ID Number": "11012471"
  },
  {
    "ID Number": "11020091"
  },
  {
    "ID Number": "11009470"
  },
  {
    "ID Number": "11000473"
  },
  {
    "ID Number": "11009950"
  },
  {
    "ID Number": "11009489"
  },
  {
    "ID Number": "11002921"
  },
  {
    "ID Number": "11031344"
  },
  {
    "ID Number": "11002484"
  },
  {
    "ID Number": "11018518"
  },
  {
    "ID Number": "11006617"
  },
  {
    "ID Number": "11030216"
  },
  {
    "ID Number": "11011416"
  },
  {
    "ID Number": "11011688"
  },
  {
    "ID Number": "11001925"
  },
  {
    "ID Number": "11003359"
  },
  {
    "ID Number": "11001526"
  },
  {
    "ID Number": "11001690"
  },
  {
    "ID Number": "11005351"
  },
  {
    "ID Number": "11004339"
  },
  {
    "ID Number": "11007273"
  },
  {
    "ID Number": "11005130"
  },
  {
    "ID Number": "11022671"
  },
  {
    "ID Number": "11003260"
  },
  {
    "ID Number": "11001801"
  },
  {
    "ID Number": "11019387"
  },
  {
    "ID Number": "11014172"
  },
  {
    "ID Number": "11022884"
  },
  {
    "ID Number": "11020539"
  },
  {
    "ID Number": "123104617"
  },
  {
    "ID Number": "11002492"
  },
  {
    "ID Number": "11003650"
  },
  {
    "ID Number": "11030208"
  },
  {
    "ID Number": "11011734"
  },
  {
    "ID Number": "11012960"
  },
  {
    "ID Number": "11012919"
  },
  {
    "ID Number": "11003146"
  },
  {
    "ID Number": "11029390"
  },
  {
    "ID Number": "11002018"
  },
  {
    "ID Number": "11003847"
  },
  {
    "ID Number": "11003138"
  },
  {
    "ID Number": "11004320"
  },
  {
    "ID Number": "11001739"
  },
  {
    "ID Number": "11009012"
  },
  {
    "ID Number": "11012293"
  },
  {
    "ID Number": "11014571"
  },
  {
    "ID Number": "11007907"
  },
  {
    "ID Number": "11007303"
  },
  {
    "ID Number": "11004959"
  },
  {
    "ID Number": "11014199"
  },
  {
    "ID Number": "11013974"
  },
  {
    "ID Number": "11006161"
  },
  {
    "ID Number": "11002255"
  },
  {
    "ID Number": "11012137"
  },
  {
    "ID Number": "11009993"
  },
  {
    "ID Number": "11002514"
  },
  {
    "ID Number": "11014202"
  },
  {
    "ID Number": "11009330"
  },
  {
    "ID Number": "11009039"
  },
  {
    "ID Number": "11012307"
  },
  {
    "ID Number": "11020547"
  },
  {
    "ID Number": "11014210"
  },
  {
    "ID Number": "11002182"
  },
  {
    "ID Number": "11011742"
  },
  {
    "ID Number": "11000120"
  },
  {
    "ID Number": "11022787"
  },
  {
    "ID Number": "11030720"
  },
  {
    "ID Number": "11003391"
  },
  {
    "ID Number": "11029161"
  },
  {
    "ID Number": "11029153"
  },
  {
    "ID Number": "11002549"
  },
  {
    "ID Number": "11011432"
  },
  {
    "ID Number": "11000147"
  },
  {
    "ID Number": "11010541"
  },
  {
    "ID Number": "11003316"
  },
  {
    "ID Number": "11027657"
  },
  {
    "ID Number": "11009047"
  },
  {
    "ID Number": "11000430"
  },
  {
    "ID Number": "11003545"
  },
  {
    "ID Number": "11000392"
  },
  {
    "ID Number": "11014229"
  },
  {
    "ID Number": "11001291"
  },
  {
    "ID Number": "11014350"
  },
  {
    "ID Number": "11000201"
  },
  {
    "ID Number": "11004649"
  },
  {
    "ID Number": "11012889"
  },
  {
    "ID Number": "11010568"
  },
  {
    "ID Number": "11013354"
  },
  {
    "ID Number": "11010550"
  },
  {
    "ID Number": "11027681"
  },
  {
    "ID Number": "11010592"
  },
  {
    "ID Number": "11002280"
  },
  {
    "ID Number": "11001488"
  },
  {
    "ID Number": "11006650"
  },
  {
    "ID Number": "11020130"
  },
  {
    "ID Number": "11004380"
  },
  {
    "ID Number": "11011750"
  },
  {
    "ID Number": "11001275"
  },
  {
    "ID Number": "11011459"
  },
  {
    "ID Number": "11020148"
  },
  {
    "ID Number": "158105378"
  },
  {
    "ID Number": "11007613"
  },
  {
    "ID Number": "11022892"
  },
  {
    "ID Number": "11001127"
  },
  {
    "ID Number": "11005548"
  },
  {
    "ID Number": "11000112"
  },
  {
    "ID Number": "14300753"
  },
  {
    "ID Number": "11006706"
  },
  {
    "ID Number": "11004029"
  },
  {
    "ID Number": "11014628"
  },
  {
    "ID Number": "11012480"
  },
  {
    "ID Number": "11020555"
  },
  {
    "ID Number": "11010665"
  },
  {
    "ID Number": "11001640"
  },
  {
    "ID Number": "11014636"
  },
  {
    "ID Number": "11002999"
  },
  {
    "ID Number": "11005157"
  },
  {
    "ID Number": "11002271"
  },
  {
    "ID Number": "11000090"
  },
  {
    "ID Number": "11007702"
  },
  {
    "ID Number": "11006048"
  },
  {
    "ID Number": "11029277"
  },
  {
    "ID Number": "11006501"
  },
  {
    "ID Number": "11007354"
  },
  {
    "ID Number": "11012927"
  },
  {
    "ID Number": "11016620"
  },
  {
    "ID Number": "11010029"
  },
  {
    "ID Number": "11020326"
  },
  {
    "ID Number": "11003898"
  },
  {
    "ID Number": "11004711"
  },
  {
    "ID Number": "11005165"
  },
  {
    "ID Number": "11016485"
  },
  {
    "ID Number": "11011564"
  },
  {
    "ID Number": "11017830"
  },
  {
    "ID Number": "11000210"
  },
  {
    "ID Number": "11001585"
  },
  {
    "ID Number": "14317940"
  },
  {
    "ID Number": "11003120"
  },
  {
    "ID Number": "11003189"
  },
  {
    "ID Number": "11010290"
  },
  {
    "ID Number": "11005602"
  },
  {
    "ID Number": "11012315"
  },
  {
    "ID Number": "11009055"
  },
  {
    "ID Number": "11013460"
  },
  {
    "ID Number": "123108840"
  },
  {
    "ID Number": "11030097"
  },
  {
    "ID Number": "11013010"
  },
  {
    "ID Number": "11028467"
  },
  {
    "ID Number": "11009241"
  },
  {
    "ID Number": "11028165"
  },
  {
    "ID Number": "11008610"
  },
  {
    "ID Number": "11009527"
  },
  {
    "ID Number": "11012170"
  },
  {
    "ID Number": "11003570"
  },
  {
    "ID Number": "11011556"
  },
  {
    "ID Number": "11014237"
  },
  {
    "ID Number": "11014652"
  },
  {
    "ID Number": "11019190"
  },
  {
    "ID Number": "11010886"
  },
  {
    "ID Number": "11012935"
  },
  {
    "ID Number": "11032812"
  },
  {
    "ID Number": "11004207"
  },
  {
    "ID Number": "11001712"
  },
  {
    "ID Number": "11008261"
  },
  {
    "ID Number": "11013478"
  },
  {
    "ID Number": "11013362"
  },
  {
    "ID Number": "11015438"
  },
  {
    "ID Number": "11006234"
  },
  {
    "ID Number": "11029250"
  },
  {
    "ID Number": "11003553"
  },
  {
    "ID Number": "11018461"
  },
  {
    "ID Number": "11002611"
  },
  {
    "ID Number": "11009071"
  },
  {
    "ID Number": "11004967"
  },
  {
    "ID Number": "11014660"
  },
  {
    "ID Number": "11010673"
  },
  {
    "ID Number": "11012943"
  },
  {
    "ID Number": "11012510"
  },
  {
    "ID Number": "11013125"
  },
  {
    "ID Number": "11011157"
  },
  {
    "ID Number": "11027541"
  },
  {
    "ID Number": "11013834"
  },
  {
    "ID Number": "11029471"
  },
  {
    "ID Number": "11013133"
  },
  {
    "ID Number": "11013222"
  },
  {
    "ID Number": "11012323"
  },
  {
    "ID Number": "11000627"
  },
  {
    "ID Number": "11000503"
  },
  {
    "ID Number": "158104316"
  },
  {
    "ID Number": "11000597"
  },
  {
    "ID Number": "11018534"
  },
  {
    "ID Number": "11004800"
  },
  {
    "ID Number": "11001550"
  },
  {
    "ID Number": "11004630"
  },
  {
    "ID Number": "11003367"
  },
  {
    "ID Number": "11002158"
  },
  {
    "ID Number": "11018232"
  },
  {
    "ID Number": "11014687"
  },
  {
    "ID Number": "11015101"
  },
  {
    "ID Number": "11007699"
  },
  {
    "ID Number": "11002247"
  },
  {
    "ID Number": "11013923"
  },
  {
    "ID Number": "11001089"
  },
  {
    "ID Number": "11002620"
  },
  {
    "ID Number": "11009101"
  },
  {
    "ID Number": "11020180"
  },
  {
    "ID Number": "11002638"
  },
  {
    "ID Number": "11006951"
  },
  {
    "ID Number": "11002646"
  },
  {
    "ID Number": "11004576"
  },
  {
    "ID Number": "11000821"
  },
  {
    "ID Number": "11014245"
  },
  {
    "ID Number": "11012340"
  },
  {
    "ID Number": "11007362"
  },
  {
    "ID Number": "11000970"
  },
  {
    "ID Number": "11001615"
  },
  {
    "ID Number": "11006293"
  },
  {
    "ID Number": "11020202"
  },
  {
    "ID Number": "11002964"
  },
  {
    "ID Number": "11007001"
  },
  {
    "ID Number": "11012366"
  },
  {
    "ID Number": "11031751"
  },
  {
    "ID Number": "11007370"
  },
  {
    "ID Number": "11004428"
  },
  {
    "ID Number": "11008474"
  },
  {
    "ID Number": "11001895"
  },
  {
    "ID Number": "11032235"
  },
  {
    "ID Number": "11031182"
  },
  {
    "ID Number": "11018496"
  },
  {
    "ID Number": "11012064"
  },
  {
    "ID Number": "11009110"
  },
  {
    "ID Number": "11005300"
  },
  {
    "ID Number": "11007028"
  },
  {
    "ID Number": "11001984"
  },
  {
    "ID Number": "11011971"
  },
  {
    "ID Number": "11008784"
  },
  {
    "ID Number": "11012978"
  },
  {
    "ID Number": "11012382"
  },
  {
    "ID Number": "11003782"
  },
  {
    "ID Number": "11027630"
  },
  {
    "ID Number": "11005556"
  },
  {
    "ID Number": "11016205"
  },
  {
    "ID Number": "11004754"
  },
  {
    "ID Number": "11006900"
  },
  {
    "ID Number": "11006927"
  },
  {
    "ID Number": "11004371"
  },
  {
    "ID Number": "11011483"
  },
  {
    "ID Number": "11003049"
  },
  {
    "ID Number": "11003103"
  },
  {
    "ID Number": "11002263"
  },
  {
    "ID Number": "11014393"
  },
  {
    "ID Number": "11004614"
  },
  {
    "ID Number": "11020504"
  },
  {
    "ID Number": "11032766"
  },
  {
    "ID Number": "11031328"
  },
  {
    "ID Number": "11013869"
  },
  {
    "ID Number": "11007982"
  },
  {
    "ID Number": "11009128"
  },
  {
    "ID Number": "11006323"
  },
  {
    "ID Number": "11020393"
  },
  {
    "ID Number": "11019395"
  },
  {
    "ID Number": "11002140"
  },
  {
    "ID Number": "11012390"
  },
  {
    "ID Number": "11005025"
  },
  {
    "ID Number": "11022973"
  },
  {
    "ID Number": "11003952"
  },
  {
    "ID Number": "11309504"
  },
  {
    "ID Number": "11005939"
  },
  {
    "ID Number": "11010126"
  },
  {
    "ID Number": "11007079"
  },
  {
    "ID Number": "11003111"
  },
  {
    "ID Number": "11012404"
  },
  {
    "ID Number": "11011874"
  },
  {
    "ID Number": "11010932"
  },
  {
    "ID Number": "11006943"
  },
  {
    "ID Number": "11030488"
  },
  {
    "ID Number": "11031433"
  },
  {
    "ID Number": "11020229"
  },
  {
    "ID Number": "11015187"
  },
  {
    "ID Number": "11027029"
  },
  {
    "ID Number": "11014989"
  },
  {
    "ID Number": "11005190"
  },
  {
    "ID Number": "11002239"
  },
  {
    "ID Number": "11009560"
  },
  {
    "ID Number": "11030402"
  },
  {
    "ID Number": "11004720"
  },
  {
    "ID Number": "11010940"
  },
  {
    "ID Number": "11009152"
  },
  {
    "ID Number": "11010142"
  },
  {
    "ID Number": "11008083"
  },
  {
    "ID Number": "11005980"
  },
  {
    "ID Number": "11000040"
  },
  {
    "ID Number": "11014512"
  },
  {
    "ID Number": "11001542"
  },
  {
    "ID Number": "11006307"
  },
  {
    "ID Number": "11004436"
  },
  {
    "ID Number": "11012544"
  },
  {
    "ID Number": "11012820"
  },
  {
    "ID Number": "11004657"
  },
  {
    "ID Number": "11001216"
  },
  {
    "ID Number": "11002735"
  },
  {
    "ID Number": "11019913"
  },
  {
    "ID Number": "11004037"
  },
  {
    "ID Number": "11012196"
  },
  {
    "ID Number": "11015136"
  },
  {
    "ID Number": "11018054"
  },
  {
    "ID Number": "11001518"
  },
  {
    "ID Number": "14315548"
  },
  {
    "ID Number": "11003561"
  },
  {
    "ID Number": "11002760"
  },
  {
    "ID Number": "11006005"
  },
  {
    "ID Number": "11018526"
  },
  {
    "ID Number": "11008806"
  },
  {
    "ID Number": "11005513"
  },
  {
    "ID Number": "11015799"
  },
  {
    "ID Number": "11013176"
  },
  {
    "ID Number": "11011785"
  },
  {
    "ID Number": "11018119"
  },
  {
    "ID Number": "11013885"
  },
  {
    "ID Number": "11008407"
  },
  {
    "ID Number": "11005017"
  },
  {
    "ID Number": "11014261"
  },
  {
    "ID Number": "11012684"
  },
  {
    "ID Number": "11001160"
  },
  {
    "ID Number": "11008040"
  },
  {
    "ID Number": "11001178"
  },
  {
    "ID Number": "11022779"
  },
  {
    "ID Number": "11004398"
  },
  {
    "ID Number": "11007400"
  },
  {
    "ID Number": "11030631"
  },
  {
    "ID Number": "11029960"
  },
  {
    "ID Number": "11008350"
  },
  {
    "ID Number": "11006749"
  },
  {
    "ID Number": "11003413"
  },
  {
    "ID Number": "11012552"
  },
  {
    "ID Number": "11003901"
  },
  {
    "ID Number": "11005203"
  },
  {
    "ID Number": "11004550"
  },
  {
    "ID Number": "11013036"
  },
  {
    "ID Number": "11011505"
  },
  {
    "ID Number": "11013257"
  },
  {
    "ID Number": "11006773"
  },
  {
    "ID Number": "11011513"
  },
  {
    "ID Number": "11009209"
  },
  {
    "ID Number": "11009217"
  },
  {
    "ID Number": "11013893"
  },
  {
    "ID Number": "11020580"
  },
  {
    "ID Number": "11001208"
  },
  {
    "ID Number": "11013907"
  },
  {
    "ID Number": "11013206"
  },
  {
    "ID Number": "11013435"
  },
  {
    "ID Number": "11010185"
  },
  {
    "ID Number": "11012412"
  },
  {
    "ID Number": "11002972"
  },
  {
    "ID Number": "11002786"
  },
  {
    "ID Number": "11005009"
  },
  {
    "ID Number": "11018194"
  },
  {
    "ID Number": "11011653"
  },
  {
    "ID Number": "11003642"
  },
  {
    "ID Number": "11000546"
  },
  {
    "ID Number": "11019077"
  },
  {
    "ID Number": "11006315"
  },
  {
    "ID Number": "11002107"
  },
  {
    "ID Number": "11003278"
  },
  {
    "ID Number": "11004541"
  },
  {
    "ID Number": "11004533"
  },
  {
    "ID Number": "11022965"
  },
  {
    "ID Number": "11006374"
  },
  {
    "ID Number": "11020598"
  },
  {
    "ID Number": "11027436"
  },
  {
    "ID Number": "11002298"
  },
  {
    "ID Number": "11002883"
  },
  {
    "ID Number": "11011823"
  },
  {
    "ID Number": "11000198"
  },
  {
    "ID Number": "11000074"
  },
  {
    "ID Number": "11012420"
  },
  {
    "ID Number": "11005661"
  },
  {
    "ID Number": "11006439"
  },
  {
    "ID Number": "11031808"
  },
  {
    "ID Number": "11003022"
  },
  {
    "ID Number": "11004991"
  },
  {
    "ID Number": "11014857"
  },
  {
    "ID Number": "11005211"
  },
  {
    "ID Number": "11019115"
  },
  {
    "ID Number": "11001429"
  },
  {
    "ID Number": "11006013"
  },
  {
    "ID Number": "11001283"
  },
  {
    "ID Number": "11015152"
  },
  {
    "ID Number": "11011548"
  },
  {
    "ID Number": "11007427"
  },
  {
    "ID Number": "11001631"
  },
  {
    "ID Number": "11008865"
  },
  {
    "ID Number": "11002816"
  },
  {
    "ID Number": "11006846"
  },
  {
    "ID Number": "11011831"
  },
  {
    "ID Number": "11014873"
  },
  {
    "ID Number": "11032758"
  },
  {
    "ID Number": "11005220"
  },
  {
    "ID Number": "11006021"
  },
  {
    "ID Number": "11002352"
  },
  {
    "ID Number": "11006064"
  },
  {
    "ID Number": "11016132"
  },
  {
    "ID Number": "11029897"
  },
  {
    "ID Number": "11009594"
  },
  {
    "ID Number": "11004827"
  },
  {
    "ID Number": "11030607"
  },
  {
    "ID Number": "11002000"
  },
  {
    "ID Number": "11011580"
  },
  {
    "ID Number": "11003880"
  },
  {
    "ID Number": "11008431"
  },
  {
    "ID Number": "11019140"
  },
  {
    "ID Number": "11012560"
  },
  {
    "ID Number": "11011840"
  },
  {
    "ID Number": "14304333"
  },
  {
    "ID Number": "11019344"
  },
  {
    "ID Number": "11014288"
  },
  {
    "ID Number": "11011858"
  },
  {
    "ID Number": "11016191"
  },
  {
    "ID Number": "11031166"
  },
  {
    "ID Number": "11001011"
  },
  {
    "ID Number": "11006170"
  },
  {
    "ID Number": "11007796"
  },
  {
    "ID Number": "11007540"
  },
  {
    "ID Number": "11015861"
  },
  {
    "ID Number": "11002301"
  },
  {
    "ID Number": "11002123"
  },
  {
    "ID Number": "11003855"
  },
  {
    "ID Number": "11004762"
  },
  {
    "ID Number": "11020008"
  },
  {
    "ID Number": "11014881"
  },
  {
    "ID Number": "11016604"
  },
  {
    "ID Number": "11013265"
  },
  {
    "ID Number": "11010533"
  },
  {
    "ID Number": "11022760"
  },
  {
    "ID Number": "11003677"
  },
  {
    "ID Number": "11011092"
  },
  {
    "ID Number": "11008849"
  },
  {
    "ID Number": "11000058"
  },
  {
    "ID Number": "11032740"
  },
  {
    "ID Number": "11009772"
  },
  {
    "ID Number": "11003863"
  },
  {
    "ID Number": "11012587"
  },
  {
    "ID Number": "11014270"
  },
  {
    "ID Number": "11011866"
  },
  {
    "ID Number": "11008172"
  },
  {
    "ID Number": "11007486"
  },
  {
    "ID Number": "11015837"
  },
  {
    "ID Number": "11002077"
  },
  {
    "ID Number": "11018275"
  },
  {
    "ID Number": "11001305"
  },
  {
    "ID Number": "11015764"
  },
  {
    "ID Number": "11013273"
  },
  {
    "ID Number": "11011327"
  },
  {
    "ID Number": "11013567"
  },
  {
    "ID Number": "11019123"
  },
  {
    "ID Number": "11000660"
  },
  {
    "ID Number": "11001313"
  },
  {
    "ID Number": "11028831"
  },
  {
    "ID Number": "11001933"
  },
  {
    "ID Number": "11006676"
  },
  {
    "ID Number": "11003090"
  },
  {
    "ID Number": "11001992"
  },
  {
    "ID Number": "11000066"
  },
  {
    "ID Number": "11010266"
  },
  {
    "ID Number": "11010525"
  },
  {
    "ID Number": "11004142"
  },
  {
    "ID Number": "11020474"
  },
  {
    "ID Number": "11014059"
  },
  {
    "ID Number": "11004410"
  },
  {
    "ID Number": "11014407"
  }
]