[
  {
    "ID Number": "9009914"
  },
  {
    "ID Number": "9007849"
  },
  {
    "ID Number": "9005994"
  },
  {
    "ID Number": "9003002"
  },
  {
    "ID Number": "9002960"
  },
  {
    "ID Number": "9013725"
  },
  {
    "ID Number": "9005374"
  },
  {
    "ID Number": "9000089"
  },
  {
    "ID Number": "9023534"
  },
  {
    "ID Number": "9020128"
  },
  {
    "ID Number": "9035001"
  },
  {
    "ID Number": "9059717"
  },
  {
    "ID Number": "9004599"
  },
  {
    "ID Number": "9002456"
  },
  {
    "ID Number": "9007601"
  },
  {
    "ID Number": "9015876"
  },
  {
    "ID Number": "45188033"
  },
  {
    "ID Number": "45188041"
  },
  {
    "ID Number": "9014047"
  },
  {
    "ID Number": "9048251"
  },
  {
    "ID Number": "9042083"
  },
  {
    "ID Number": "9004025"
  },
  {
    "ID Number": "9001670"
  },
  {
    "ID Number": "9001220"
  },
  {
    "ID Number": "9034200"
  },
  {
    "ID Number": "9034021"
  },
  {
    "ID Number": "9034030"
  },
  {
    "ID Number": "9062360"
  },
  {
    "ID Number": "9024344"
  },
  {
    "ID Number": "9009698"
  },
  {
    "ID Number": "9049800"
  },
  {
    "ID Number": "9034358"
  },
  {
    "ID Number": "9034366"
  },
  {
    "ID Number": "9016031"
  },
  {
    "ID Number": "9045031"
  },
  {
    "ID Number": "9018107"
  },
  {
    "ID Number": "9011765"
  },
  {
    "ID Number": "9010327"
  },
  {
    "ID Number": "9013733"
  },
  {
    "ID Number": "9000720"
  },
  {
    "ID Number": "9035036"
  },
  {
    "ID Number": "9012443"
  },
  {
    "ID Number": "9015736"
  },
  {
    "ID Number": "9015728"
  },
  {
    "ID Number": "9002464"
  },
  {
    "ID Number": "9007903"
  },
  {
    "ID Number": "9041320"
  },
  {
    "ID Number": "9009922"
  },
  {
    "ID Number": "9007164"
  },
  {
    "ID Number": "9009710"
  },
  {
    "ID Number": "9001123"
  },
  {
    "ID Number": "9002375"
  },
  {
    "ID Number": "9002472"
  },
  {
    "ID Number": "9005137"
  },
  {
    "ID Number": "9035338"
  },
  {
    "ID Number": "9019022"
  },
  {
    "ID Number": "8100977"
  },
  {
    "ID Number": "9047891"
  },
  {
    "ID Number": "9035044"
  },
  {
    "ID Number": "9005129"
  },
  {
    "ID Number": "9014381"
  },
  {
    "ID Number": "9020268"
  },
  {
    "ID Number": "9014063"
  },
  {
    "ID Number": "9053719"
  },
  {
    "ID Number": "9019197"
  },
  {
    "ID Number": "9017348"
  },
  {
    "ID Number": "9046437"
  },
  {
    "ID Number": "9029338"
  },
  {
    "ID Number": "9032649"
  },
  {
    "ID Number": "9002499"
  },
  {
    "ID Number": "9020764"
  },
  {
    "ID Number": "9007032"
  },
  {
    "ID Number": "9014071"
  },
  {
    "ID Number": "9017739"
  },
  {
    "ID Number": "9018433"
  },
  {
    "ID Number": "9035052"
  },
  {
    "ID Number": "9034927"
  },
  {
    "ID Number": "9004904"
  },
  {
    "ID Number": "9059725"
  },
  {
    "ID Number": "9026622"
  },
  {
    "ID Number": "9000038"
  },
  {
    "ID Number": "9026584"
  },
  {
    "ID Number": "9002286"
  },
  {
    "ID Number": "9000151"
  },
  {
    "ID Number": "9010777"
  },
  {
    "ID Number": "9022023"
  },
  {
    "ID Number": "9015353"
  },
  {
    "ID Number": "9011099"
  },
  {
    "ID Number": "9037071"
  },
  {
    "ID Number": "9000577"
  },
  {
    "ID Number": "9041923"
  },
  {
    "ID Number": "9049843"
  },
  {
    "ID Number": "9012800"
  },
  {
    "ID Number": "9018905"
  },
  {
    "ID Number": "9003584"
  },
  {
    "ID Number": "9004866"
  },
  {
    "ID Number": "9042695"
  },
  {
    "ID Number": "9020047"
  },
  {
    "ID Number": "9004815"
  },
  {
    "ID Number": "9034951"
  },
  {
    "ID Number": "9016104"
  },
  {
    "ID Number": "9014799"
  },
  {
    "ID Number": "9019294"
  },
  {
    "ID Number": "9004602"
  },
  {
    "ID Number": "392080834"
  },
  {
    "ID Number": "9020748"
  },
  {
    "ID Number": "9012524"
  },
  {
    "ID Number": "9058168"
  },
  {
    "ID Number": "9004807"
  },
  {
    "ID Number": "9039198"
  },
  {
    "ID Number": "9000275"
  },
  {
    "ID Number": "9015779"
  },
  {
    "ID Number": "9049487"
  },
  {
    "ID Number": "9001468"
  },
  {
    "ID Number": "9035109"
  },
  {
    "ID Number": "9006540"
  },
  {
    "ID Number": "9047930"
  },
  {
    "ID Number": "9024115"
  },
  {
    "ID Number": "9055231"
  },
  {
    "ID Number": "9042954"
  },
  {
    "ID Number": "9042997"
  },
  {
    "ID Number": "9043047"
  },
  {
    "ID Number": "9025090"
  },
  {
    "ID Number": "9025073"
  },
  {
    "ID Number": "9006052"
  },
  {
    "ID Number": "9000895"
  },
  {
    "ID Number": "9002308"
  },
  {
    "ID Number": "9035257"
  },
  {
    "ID Number": "9017364"
  },
  {
    "ID Number": "9005153"
  },
  {
    "ID Number": "9007830"
  },
  {
    "ID Number": "9001050"
  },
  {
    "ID Number": "9036938"
  },
  {
    "ID Number": "9000194"
  },
  {
    "ID Number": "9055100"
  },
  {
    "ID Number": "9036350"
  },
  {
    "ID Number": "9046550"
  },
  {
    "ID Number": "9025200"
  },
  {
    "ID Number": "9004254"
  },
  {
    "ID Number": "9005013"
  },
  {
    "ID Number": "9000313"
  },
  {
    "ID Number": "9044698"
  },
  {
    "ID Number": "9011552"
  },
  {
    "ID Number": "9024352"
  },
  {
    "ID Number": "9057854"
  },
  {
    "ID Number": "9049592"
  },
  {
    "ID Number": "9026541"
  },
  {
    "ID Number": "9024590"
  },
  {
    "ID Number": "9020039"
  },
  {
    "ID Number": "9061045"
  },
  {
    "ID Number": "9020403"
  },
  {
    "ID Number": "9004637"
  },
  {
    "ID Number": "9059210"
  },
  {
    "ID Number": "9003959"
  },
  {
    "ID Number": "9015906"
  },
  {
    "ID Number": "9067698"
  },
  {
    "ID Number": "9000160"
  },
  {
    "ID Number": "9010173"
  },
  {
    "ID Number": "9050264"
  },
  {
    "ID Number": "9008489"
  },
  {
    "ID Number": "9009183"
  },
  {
    "ID Number": "9003967"
  },
  {
    "ID Number": "9042113"
  },
  {
    "ID Number": "7811144"
  },
  {
    "ID Number": "9047697"
  },
  {
    "ID Number": "9027459"
  },
  {
    "ID Number": "9026177"
  },
  {
    "ID Number": "9054987"
  },
  {
    "ID Number": "9016171"
  },
  {
    "ID Number": "9000364"
  },
  {
    "ID Number": "9023240"
  },
  {
    "ID Number": "9007636"
  },
  {
    "ID Number": "9008071"
  },
  {
    "ID Number": "9007970"
  },
  {
    "ID Number": "9009957"
  },
  {
    "ID Number": "9067370"
  },
  {
    "ID Number": "9005226"
  },
  {
    "ID Number": "9056297"
  },
  {
    "ID Number": "9017330"
  },
  {
    "ID Number": "9035540"
  },
  {
    "ID Number": "9057153"
  },
  {
    "ID Number": "9000933"
  },
  {
    "ID Number": "9044434"
  },
  {
    "ID Number": "9003061"
  },
  {
    "ID Number": "9003088"
  },
  {
    "ID Number": "9006605"
  },
  {
    "ID Number": "9020390"
  },
  {
    "ID Number": "9013148"
  },
  {
    "ID Number": "9023658"
  },
  {
    "ID Number": "9043101"
  },
  {
    "ID Number": "9000178"
  },
  {
    "ID Number": "9042369"
  },
  {
    "ID Number": "9029702"
  },
  {
    "ID Number": "9024263"
  },
  {
    "ID Number": "9050485"
  },
  {
    "ID Number": "9027742"
  },
  {
    "ID Number": "9024913"
  },
  {
    "ID Number": "9006125"
  },
  {
    "ID Number": "9025154"
  },
  {
    "ID Number": "9020500"
  },
  {
    "ID Number": "9045333"
  },
  {
    "ID Number": "9034706"
  },
  {
    "ID Number": "9048987"
  },
  {
    "ID Number": "9008683"
  },
  {
    "ID Number": "9020136"
  },
  {
    "ID Number": "9019227"
  },
  {
    "ID Number": "9024220"
  },
  {
    "ID Number": "9032444"
  },
  {
    "ID Number": "9023380"
  },
  {
    "ID Number": "9021280"
  },
  {
    "ID Number": "9032100"
  },
  {
    "ID Number": "9010181"
  },
  {
    "ID Number": "9027351"
  },
  {
    "ID Number": "9015884"
  },
  {
    "ID Number": "9007733"
  },
  {
    "ID Number": "9034013"
  },
  {
    "ID Number": "9035524"
  },
  {
    "ID Number": "9063730"
  },
  {
    "ID Number": "9063790"
  },
  {
    "ID Number": "9051171"
  },
  {
    "ID Number": "9030026"
  },
  {
    "ID Number": "9002510"
  },
  {
    "ID Number": "9039945"
  },
  {
    "ID Number": "9015078"
  },
  {
    "ID Number": "9026703"
  },
  {
    "ID Number": "9016180"
  },
  {
    "ID Number": "9050507"
  },
  {
    "ID Number": "9002529"
  },
  {
    "ID Number": "9056408"
  },
  {
    "ID Number": "9007989"
  },
  {
    "ID Number": "9013059"
  },
  {
    "ID Number": "9000135"
  },
  {
    "ID Number": "9000380"
  },
  {
    "ID Number": "9009744"
  },
  {
    "ID Number": "9010360"
  },
  {
    "ID Number": "9000399"
  },
  {
    "ID Number": "9003100"
  },
  {
    "ID Number": "9006133"
  },
  {
    "ID Number": "9003118"
  },
  {
    "ID Number": "9020098"
  },
  {
    "ID Number": "9042938"
  },
  {
    "ID Number": "9047956"
  },
  {
    "ID Number": "9048634"
  },
  {
    "ID Number": "9049614"
  },
  {
    "ID Number": "9009205"
  },
  {
    "ID Number": "9048642"
  },
  {
    "ID Number": "9001069"
  },
  {
    "ID Number": "9029494"
  },
  {
    "ID Number": "9003991"
  },
  {
    "ID Number": "9016813"
  },
  {
    "ID Number": "9033521"
  },
  {
    "ID Number": "9026711"
  },
  {
    "ID Number": "9026720"
  },
  {
    "ID Number": "9006672"
  },
  {
    "ID Number": "9004009"
  },
  {
    "ID Number": "9049622"
  },
  {
    "ID Number": "9005404"
  },
  {
    "ID Number": "9000305"
  },
  {
    "ID Number": "9005463"
  },
  {
    "ID Number": "9002537"
  },
  {
    "ID Number": "9011480"
  },
  {
    "ID Number": "9014837"
  },
  {
    "ID Number": "9014845"
  },
  {
    "ID Number": "9014853"
  },
  {
    "ID Number": "9049630"
  },
  {
    "ID Number": "9002847"
  },
  {
    "ID Number": "7814046"
  },
  {
    "ID Number": "9024492"
  },
  {
    "ID Number": "9000410"
  },
  {
    "ID Number": "9047972"
  },
  {
    "ID Number": "9037012"
  },
  {
    "ID Number": "9001298"
  },
  {
    "ID Number": "9016198"
  },
  {
    "ID Number": "9044426"
  },
  {
    "ID Number": "9047980"
  },
  {
    "ID Number": "9059750"
  },
  {
    "ID Number": "9014861"
  },
  {
    "ID Number": "9042873"
  },
  {
    "ID Number": "9002901"
  },
  {
    "ID Number": "9024093"
  },
  {
    "ID Number": "9016953"
  },
  {
    "ID Number": "9002502"
  },
  {
    "ID Number": "9017658"
  },
  {
    "ID Number": "9017640"
  },
  {
    "ID Number": "7811012"
  },
  {
    "ID Number": "9009086"
  },
  {
    "ID Number": "26051419"
  },
  {
    "ID Number": "9005382"
  },
  {
    "ID Number": "9029435"
  },
  {
    "ID Number": "9055355"
  },
  {
    "ID Number": "9001301"
  },
  {
    "ID Number": "9000402"
  },
  {
    "ID Number": "9002545"
  },
  {
    "ID Number": "9047344"
  },
  {
    "ID Number": "9005684"
  },
  {
    "ID Number": "9049142"
  },
  {
    "ID Number": "9011366"
  },
  {
    "ID Number": "9046720"
  },
  {
    "ID Number": "9029389"
  },
  {
    "ID Number": "9005030"
  },
  {
    "ID Number": "9005048"
  },
  {
    "ID Number": "9012281"
  },
  {
    "ID Number": "9006222"
  },
  {
    "ID Number": "9040005"
  },
  {
    "ID Number": "9000429"
  },
  {
    "ID Number": "9031758"
  },
  {
    "ID Number": "9007067"
  },
  {
    "ID Number": "9060596"
  },
  {
    "ID Number": "9015469"
  },
  {
    "ID Number": "9052666"
  },
  {
    "ID Number": "9037152"
  },
  {
    "ID Number": "9016210"
  },
  {
    "ID Number": "9003681"
  },
  {
    "ID Number": "9024468"
  },
  {
    "ID Number": "9033297"
  },
  {
    "ID Number": "9025251"
  },
  {
    "ID Number": "9015485"
  },
  {
    "ID Number": "9007075"
  },
  {
    "ID Number": "9010840"
  },
  {
    "ID Number": "9010858"
  },
  {
    "ID Number": "9028145"
  },
  {
    "ID Number": "9045511"
  },
  {
    "ID Number": "9003150"
  },
  {
    "ID Number": "9009760"
  },
  {
    "ID Number": "9045520"
  },
  {
    "ID Number": "9014870"
  },
  {
    "ID Number": "9042016"
  },
  {
    "ID Number": "9012095"
  },
  {
    "ID Number": "9019545"
  },
  {
    "ID Number": "9042474"
  },
  {
    "ID Number": "9044442"
  },
  {
    "ID Number": "9049509"
  },
  {
    "ID Number": "9052437"
  },
  {
    "ID Number": "9049924"
  },
  {
    "ID Number": "9059466"
  },
  {
    "ID Number": "9002383"
  },
  {
    "ID Number": "9047999"
  },
  {
    "ID Number": "9067825"
  },
  {
    "ID Number": "9000445"
  },
  {
    "ID Number": "9007440"
  },
  {
    "ID Number": "9052593"
  },
  {
    "ID Number": "9032851"
  },
  {
    "ID Number": "9014039"
  },
  {
    "ID Number": "9044876"
  },
  {
    "ID Number": "9046739"
  },
  {
    "ID Number": "9013075"
  },
  {
    "ID Number": "9017020"
  },
  {
    "ID Number": "9000470"
  },
  {
    "ID Number": "9041575"
  },
  {
    "ID Number": "9058079"
  },
  {
    "ID Number": "9058133"
  },
  {
    "ID Number": "9047433"
  },
  {
    "ID Number": "9000488"
  },
  {
    "ID Number": "9006184"
  },
  {
    "ID Number": "9002006"
  },
  {
    "ID Number": "9016864"
  },
  {
    "ID Number": "9034765"
  },
  {
    "ID Number": "9039554"
  },
  {
    "ID Number": "9007377"
  },
  {
    "ID Number": "9001212"
  },
  {
    "ID Number": "9007652"
  },
  {
    "ID Number": "9019588"
  },
  {
    "ID Number": "9000127"
  },
  {
    "ID Number": "9005471"
  },
  {
    "ID Number": "9001743"
  },
  {
    "ID Number": "9031880"
  },
  {
    "ID Number": "9020888"
  },
  {
    "ID Number": "9036555"
  },
  {
    "ID Number": "7810954"
  },
  {
    "ID Number": "9011609"
  },
  {
    "ID Number": "9058516"
  },
  {
    "ID Number": "9059792"
  },
  {
    "ID Number": "9059806"
  },
  {
    "ID Number": "9048006"
  },
  {
    "ID Number": "9057625"
  },
  {
    "ID Number": "9034781"
  },
  {
    "ID Number": "9000518"
  },
  {
    "ID Number": "9026258"
  },
  {
    "ID Number": "9050744"
  },
  {
    "ID Number": "9067833"
  },
  {
    "ID Number": "9037756"
  },
  {
    "ID Number": "9042024"
  },
  {
    "ID Number": "9009108"
  },
  {
    "ID Number": "9005170"
  },
  {
    "ID Number": "9003142"
  },
  {
    "ID Number": "9011625"
  },
  {
    "ID Number": "9027670"
  },
  {
    "ID Number": "9007750"
  },
  {
    "ID Number": "9036601"
  },
  {
    "ID Number": "9029753"
  },
  {
    "ID Number": "9008527"
  },
  {
    "ID Number": "9007563"
  },
  {
    "ID Number": "9039961"
  },
  {
    "ID Number": "9027513"
  },
  {
    "ID Number": "9000534"
  },
  {
    "ID Number": "9017054"
  },
  {
    "ID Number": "9042512"
  },
  {
    "ID Number": "9059849"
  },
  {
    "ID Number": "9049894"
  },
  {
    "ID Number": "9002553"
  },
  {
    "ID Number": "9007911"
  },
  {
    "ID Number": "9020233"
  },
  {
    "ID Number": "9056815"
  },
  {
    "ID Number": "9022465"
  },
  {
    "ID Number": "9058087"
  },
  {
    "ID Number": "9007580"
  },
  {
    "ID Number": "9001271"
  },
  {
    "ID Number": "9009310"
  },
  {
    "ID Number": "9017062"
  },
  {
    "ID Number": "9016546"
  },
  {
    "ID Number": "9023186"
  },
  {
    "ID Number": "9011234"
  },
  {
    "ID Number": "9023879"
  },
  {
    "ID Number": "9014900"
  },
  {
    "ID Number": "9032304"
  },
  {
    "ID Number": "9019812"
  },
  {
    "ID Number": "9017070"
  },
  {
    "ID Number": "9029354"
  },
  {
    "ID Number": "9000542"
  },
  {
    "ID Number": "9003223"
  },
  {
    "ID Number": "9044493"
  },
  {
    "ID Number": "9017798"
  },
  {
    "ID Number": "9007725"
  },
  {
    "ID Number": "9050345"
  },
  {
    "ID Number": "9007598"
  },
  {
    "ID Number": "9000569"
  },
  {
    "ID Number": "9016260"
  },
  {
    "ID Number": "9034331"
  },
  {
    "ID Number": "9034340"
  },
  {
    "ID Number": "9019898"
  },
  {
    "ID Number": "9003720"
  },
  {
    "ID Number": "9032169"
  },
  {
    "ID Number": "9005188"
  },
  {
    "ID Number": "9033599"
  },
  {
    "ID Number": "9034870"
  },
  {
    "ID Number": "9000593"
  },
  {
    "ID Number": "9003231"
  },
  {
    "ID Number": "9017437"
  },
  {
    "ID Number": "9048022"
  },
  {
    "ID Number": "9013350"
  },
  {
    "ID Number": "9013113"
  },
  {
    "ID Number": "9049118"
  },
  {
    "ID Number": "9011633"
  },
  {
    "ID Number": "9032452"
  },
  {
    "ID Number": "9011641"
  },
  {
    "ID Number": "9003240"
  },
  {
    "ID Number": "9001778"
  },
  {
    "ID Number": "9015965"
  },
  {
    "ID Number": "9048030"
  },
  {
    "ID Number": "9009531"
  },
  {
    "ID Number": "9017356"
  },
  {
    "ID Number": "9038566"
  },
  {
    "ID Number": "9056874"
  },
  {
    "ID Number": "9002910"
  },
  {
    "ID Number": "9003258"
  },
  {
    "ID Number": "9017119"
  },
  {
    "ID Number": "9011340"
  },
  {
    "ID Number": "9014705"
  },
  {
    "ID Number": "9045805"
  },
  {
    "ID Number": "9011650"
  },
  {
    "ID Number": "9049169"
  },
  {
    "ID Number": "9014918"
  },
  {
    "ID Number": "9031618"
  },
  {
    "ID Number": "9016520"
  },
  {
    "ID Number": "9000011"
  },
  {
    "ID Number": "9003754"
  },
  {
    "ID Number": "9004653"
  },
  {
    "ID Number": "9017810"
  },
  {
    "ID Number": "9016783"
  },
  {
    "ID Number": "9008004"
  },
  {
    "ID Number": "9046887"
  },
  {
    "ID Number": "9044906"
  },
  {
    "ID Number": "9023437"
  },
  {
    "ID Number": "9018441"
  },
  {
    "ID Number": "9009779"
  },
  {
    "ID Number": "9007881"
  },
  {
    "ID Number": "9034536"
  },
  {
    "ID Number": "9005340"
  },
  {
    "ID Number": "9052445"
  },
  {
    "ID Number": "9039970"
  },
  {
    "ID Number": "9034544"
  },
  {
    "ID Number": "45117144"
  },
  {
    "ID Number": "9058222"
  },
  {
    "ID Number": "9036547"
  },
  {
    "ID Number": "9025081"
  },
  {
    "ID Number": "9027980"
  },
  {
    "ID Number": "9024204"
  },
  {
    "ID Number": "9058230"
  },
  {
    "ID Number": "9018093"
  },
  {
    "ID Number": "9046917"
  },
  {
    "ID Number": "9014934"
  },
  {
    "ID Number": "9050272"
  },
  {
    "ID Number": "9024107"
  },
  {
    "ID Number": "9014217"
  },
  {
    "ID Number": "9003290"
  },
  {
    "ID Number": "9004319"
  },
  {
    "ID Number": "9020420"
  },
  {
    "ID Number": "9005803"
  },
  {
    "ID Number": "9016295"
  },
  {
    "ID Number": "9021159"
  },
  {
    "ID Number": "9000259"
  },
  {
    "ID Number": "9011889"
  },
  {
    "ID Number": "9005943"
  },
  {
    "ID Number": "9018611"
  },
  {
    "ID Number": "9000666"
  },
  {
    "ID Number": "9042008"
  },
  {
    "ID Number": "9015566"
  },
  {
    "ID Number": "9017151"
  },
  {
    "ID Number": "9016317"
  },
  {
    "ID Number": "9043381"
  },
  {
    "ID Number": "9006346"
  },
  {
    "ID Number": "9019669"
  },
  {
    "ID Number": "9018735"
  },
  {
    "ID Number": "9009426"
  },
  {
    "ID Number": "9003339"
  },
  {
    "ID Number": "9059822"
  },
  {
    "ID Number": "9002863"
  },
  {
    "ID Number": "9048731"
  },
  {
    "ID Number": "9005072"
  },
  {
    "ID Number": "9009337"
  },
  {
    "ID Number": "9034056"
  },
  {
    "ID Number": "9004564"
  },
  {
    "ID Number": "9017160"
  },
  {
    "ID Number": "9000461"
  },
  {
    "ID Number": "9024450"
  },
  {
    "ID Number": "625736"
  },
  {
    "ID Number": "9008012"
  },
  {
    "ID Number": "9043365"
  },
  {
    "ID Number": "9049681"
  },
  {
    "ID Number": "9034153"
  },
  {
    "ID Number": "9034161"
  },
  {
    "ID Number": "9006370"
  },
  {
    "ID Number": "9006796"
  },
  {
    "ID Number": "9055088"
  },
  {
    "ID Number": "9050353"
  },
  {
    "ID Number": "9026851"
  },
  {
    "ID Number": "9044663"
  },
  {
    "ID Number": "9009264"
  },
  {
    "ID Number": "9058052"
  },
  {
    "ID Number": "9009990"
  },
  {
    "ID Number": "9029397"
  },
  {
    "ID Number": "9002855"
  },
  {
    "ID Number": "9003355"
  },
  {
    "ID Number": "9003363"
  },
  {
    "ID Number": "9058044"
  },
  {
    "ID Number": "9001026"
  },
  {
    "ID Number": "9049967"
  },
  {
    "ID Number": "9060979"
  },
  {
    "ID Number": "9049517"
  },
  {
    "ID Number": "9036377"
  },
  {
    "ID Number": "9048928"
  },
  {
    "ID Number": "9052674"
  },
  {
    "ID Number": "9000640"
  },
  {
    "ID Number": "9015990"
  },
  {
    "ID Number": "9014594"
  },
  {
    "ID Number": "9014950"
  },
  {
    "ID Number": "9037101"
  },
  {
    "ID Number": "9019740"
  },
  {
    "ID Number": "9003789"
  },
  {
    "ID Number": "9016333"
  },
  {
    "ID Number": "9032762"
  },
  {
    "ID Number": "9026460"
  },
  {
    "ID Number": "9021477"
  },
  {
    "ID Number": "9015841"
  },
  {
    "ID Number": "9037330"
  },
  {
    "ID Number": "9023372"
  },
  {
    "ID Number": "9002561"
  },
  {
    "ID Number": "9036415"
  },
  {
    "ID Number": "9001328"
  },
  {
    "ID Number": "9001522"
  },
  {
    "ID Number": "9011668"
  },
  {
    "ID Number": "9002570"
  },
  {
    "ID Number": "9014985"
  },
  {
    "ID Number": "9001190"
  },
  {
    "ID Number": "9009400"
  },
  {
    "ID Number": "9020179"
  },
  {
    "ID Number": "9003797"
  },
  {
    "ID Number": "9057676"
  },
  {
    "ID Number": "9012680"
  },
  {
    "ID Number": "9012745"
  },
  {
    "ID Number": "9001590"
  },
  {
    "ID Number": "9049185"
  },
  {
    "ID Number": "9038639"
  },
  {
    "ID Number": "9006818"
  },
  {
    "ID Number": "9016341"
  },
  {
    "ID Number": "9032738"
  },
  {
    "ID Number": "7811136"
  },
  {
    "ID Number": "9024905"
  },
  {
    "ID Number": "9016015"
  },
  {
    "ID Number": "9028048"
  },
  {
    "ID Number": "9016368"
  },
  {
    "ID Number": "9013342"
  },
  {
    "ID Number": "9007423"
  },
  {
    "ID Number": "9047794"
  },
  {
    "ID Number": "9012125"
  },
  {
    "ID Number": "9015604"
  },
  {
    "ID Number": "9013717"
  },
  {
    "ID Number": "9005510"
  },
  {
    "ID Number": "9012451"
  },
  {
    "ID Number": "9014993"
  },
  {
    "ID Number": "9009094"
  },
  {
    "ID Number": "9000232"
  },
  {
    "ID Number": "9025499"
  },
  {
    "ID Number": "9029028"
  },
  {
    "ID Number": "9023275"
  },
  {
    "ID Number": "9023267"
  },
  {
    "ID Number": "9020640"
  },
  {
    "ID Number": "9012478"
  },
  {
    "ID Number": "9039996"
  },
  {
    "ID Number": "9028854"
  },
  {
    "ID Number": "9025731"
  },
  {
    "ID Number": "9011676"
  },
  {
    "ID Number": "9003380"
  },
  {
    "ID Number": "9059385"
  },
  {
    "ID Number": "9058257"
  },
  {
    "ID Number": "9035788"
  },
  {
    "ID Number": "9020080"
  },
  {
    "ID Number": "9001603"
  },
  {
    "ID Number": "9001808"
  },
  {
    "ID Number": "9010947"
  },
  {
    "ID Number": "9054200"
  },
  {
    "ID Number": "9023828"
  },
  {
    "ID Number": "9001727"
  },
  {
    "ID Number": "9009175"
  },
  {
    "ID Number": "9015892"
  },
  {
    "ID Number": "9051597"
  },
  {
    "ID Number": "9024441"
  },
  {
    "ID Number": "9049703"
  },
  {
    "ID Number": "9016791"
  },
  {
    "ID Number": "9025278"
  },
  {
    "ID Number": "9003690"
  },
  {
    "ID Number": "9045830"
  },
  {
    "ID Number": "9047069"
  },
  {
    "ID Number": "7810970"
  },
  {
    "ID Number": "9000682"
  },
  {
    "ID Number": "9001476"
  },
  {
    "ID Number": "203149"
  },
  {
    "ID Number": "9014667"
  },
  {
    "ID Number": "9034064"
  },
  {
    "ID Number": "9018450"
  },
  {
    "ID Number": "9011684"
  },
  {
    "ID Number": "9017216"
  },
  {
    "ID Number": "9019561"
  },
  {
    "ID Number": "9017224"
  },
  {
    "ID Number": "9011900"
  },
  {
    "ID Number": "9047077"
  },
  {
    "ID Number": "9018557"
  },
  {
    "ID Number": "9020250"
  },
  {
    "ID Number": "9049762"
  },
  {
    "ID Number": "9018921"
  },
  {
    "ID Number": "9022228"
  },
  {
    "ID Number": "9035800"
  },
  {
    "ID Number": "9007300"
  },
  {
    "ID Number": "9002243"
  },
  {
    "ID Number": "9001905"
  },
  {
    "ID Number": "9038680"
  },
  {
    "ID Number": "9012508"
  },
  {
    "ID Number": "9013962"
  },
  {
    "ID Number": "9017453"
  },
  {
    "ID Number": "9018956"
  },
  {
    "ID Number": "9001484"
  },
  {
    "ID Number": "9001816"
  },
  {
    "ID Number": "9003835"
  },
  {
    "ID Number": "9009027"
  },
  {
    "ID Number": "9001913"
  },
  {
    "ID Number": "9049207"
  },
  {
    "ID Number": "9007121"
  },
  {
    "ID Number": "9026479"
  },
  {
    "ID Number": "9049525"
  },
  {
    "ID Number": "9023399"
  },
  {
    "ID Number": "9049720"
  },
  {
    "ID Number": "675938"
  },
  {
    "ID Number": "9016384"
  },
  {
    "ID Number": "9002367"
  },
  {
    "ID Number": "9035281"
  },
  {
    "ID Number": "9034439"
  },
  {
    "ID Number": "9043128"
  },
  {
    "ID Number": "9015019"
  },
  {
    "ID Number": "9035494"
  },
  {
    "ID Number": "9000739"
  },
  {
    "ID Number": "9049738"
  },
  {
    "ID Number": "9001395"
  },
  {
    "ID Number": "9017500"
  },
  {
    "ID Number": "9017518"
  },
  {
    "ID Number": "9036202"
  },
  {
    "ID Number": "9004343"
  },
  {
    "ID Number": "9054650"
  },
  {
    "ID Number": "9010130"
  },
  {
    "ID Number": "9015647"
  },
  {
    "ID Number": "9011706"
  },
  {
    "ID Number": "9004696"
  },
  {
    "ID Number": "9012150"
  },
  {
    "ID Number": "9047115"
  },
  {
    "ID Number": "9058036"
  },
  {
    "ID Number": "9035290"
  },
  {
    "ID Number": "9008047"
  },
  {
    "ID Number": "9008772"
  },
  {
    "ID Number": "9006427"
  },
  {
    "ID Number": "9027190"
  },
  {
    "ID Number": "9047123"
  },
  {
    "ID Number": "9003851"
  },
  {
    "ID Number": "9001620"
  },
  {
    "ID Number": "9001638"
  },
  {
    "ID Number": "9004700"
  },
  {
    "ID Number": "9004734"
  },
  {
    "ID Number": "9013415"
  },
  {
    "ID Number": "9005587"
  },
  {
    "ID Number": "9000283"
  },
  {
    "ID Number": "9008241"
  },
  {
    "ID Number": "9006443"
  },
  {
    "ID Number": "9004610"
  },
  {
    "ID Number": "9001352"
  },
  {
    "ID Number": "9017399"
  },
  {
    "ID Number": "9007130"
  },
  {
    "ID Number": "6214576"
  },
  {
    "ID Number": "9057862"
  },
  {
    "ID Number": "9037861"
  },
  {
    "ID Number": "9026843"
  },
  {
    "ID Number": "9000437"
  },
  {
    "ID Number": "9001417"
  },
  {
    "ID Number": "9025197"
  },
  {
    "ID Number": "9026630"
  },
  {
    "ID Number": "9038094"
  },
  {
    "ID Number": "9004750"
  },
  {
    "ID Number": "9004173"
  },
  {
    "ID Number": "9024832"
  },
  {
    "ID Number": "9017674"
  },
  {
    "ID Number": "9007679"
  },
  {
    "ID Number": "9001921"
  },
  {
    "ID Number": "9026932"
  },
  {
    "ID Number": "9067965"
  },
  {
    "ID Number": "9002596"
  },
  {
    "ID Number": "9020756"
  },
  {
    "ID Number": "9014284"
  },
  {
    "ID Number": "9047824"
  },
  {
    "ID Number": "9037004"
  },
  {
    "ID Number": "9008055"
  },
  {
    "ID Number": "9003860"
  },
  {
    "ID Number": "9034285"
  },
  {
    "ID Number": "9006982"
  },
  {
    "ID Number": "9032185"
  },
  {
    "ID Number": "9015922"
  },
  {
    "ID Number": "9057080"
  },
  {
    "ID Number": "9008748"
  },
  {
    "ID Number": "9005200"
  },
  {
    "ID Number": "9036628"
  },
  {
    "ID Number": "9057870"
  },
  {
    "ID Number": "9016422"
  },
  {
    "ID Number": "9006869"
  },
  {
    "ID Number": "9009850"
  },
  {
    "ID Number": "9068732"
  },
  {
    "ID Number": "7814070"
  },
  {
    "ID Number": "9023321"
  },
  {
    "ID Number": "9019634"
  },
  {
    "ID Number": "9052020"
  },
  {
    "ID Number": "9047190"
  },
  {
    "ID Number": "9005439"
  },
  {
    "ID Number": "9043306"
  },
  {
    "ID Number": "9014470"
  },
  {
    "ID Number": "9040617"
  },
  {
    "ID Number": "9001930"
  },
  {
    "ID Number": "9027963"
  },
  {
    "ID Number": "9025138"
  },
  {
    "ID Number": "9007148"
  },
  {
    "ID Number": "9002146"
  },
  {
    "ID Number": "9007342"
  },
  {
    "ID Number": "9037128"
  },
  {
    "ID Number": "9001255"
  },
  {
    "ID Number": "9036784"
  },
  {
    "ID Number": "9034471"
  },
  {
    "ID Number": "9059423"
  },
  {
    "ID Number": "9012206"
  },
  {
    "ID Number": "9001247"
  },
  {
    "ID Number": "9002170"
  },
  {
    "ID Number": "9006893"
  },
  {
    "ID Number": "9017275"
  },
  {
    "ID Number": "9002324"
  },
  {
    "ID Number": "9014683"
  },
  {
    "ID Number": "9000810"
  },
  {
    "ID Number": "9010980"
  },
  {
    "ID Number": "9001948"
  },
  {
    "ID Number": "9007350"
  },
  {
    "ID Number": "9020535"
  },
  {
    "ID Number": "9042555"
  },
  {
    "ID Number": "9009213"
  },
  {
    "ID Number": "9006990"
  },
  {
    "ID Number": "7811055"
  },
  {
    "ID Number": "9004190"
  },
  {
    "ID Number": "9052470"
  },
  {
    "ID Number": "9002626"
  },
  {
    "ID Number": "9004203"
  },
  {
    "ID Number": "9003886"
  },
  {
    "ID Number": "9009876"
  },
  {
    "ID Number": "9009019"
  },
  {
    "ID Number": "9060987"
  },
  {
    "ID Number": "9034501"
  },
  {
    "ID Number": "9047395"
  },
  {
    "ID Number": "9035419"
  },
  {
    "ID Number": "9019723"
  },
  {
    "ID Number": "9002634"
  },
  {
    "ID Number": "9041630"
  },
  {
    "ID Number": "9027181"
  },
  {
    "ID Number": "9024050"
  },
  {
    "ID Number": "9017992"
  },
  {
    "ID Number": "9019219"
  },
  {
    "ID Number": "9016465"
  },
  {
    "ID Number": "9045821"
  },
  {
    "ID Number": "9025634"
  },
  {
    "ID Number": "9000828"
  },
  {
    "ID Number": "9011951"
  },
  {
    "ID Number": "9049088"
  },
  {
    "ID Number": "9017291"
  },
  {
    "ID Number": "9068759"
  },
  {
    "ID Number": "9049770"
  },
  {
    "ID Number": "9051988"
  },
  {
    "ID Number": "9036946"
  },
  {
    "ID Number": "9004980"
  },
  {
    "ID Number": "9002073"
  },
  {
    "ID Number": "9036571"
  },
  {
    "ID Number": "9001409"
  },
  {
    "ID Number": "9012354"
  },
  {
    "ID Number": "9000844"
  },
  {
    "ID Number": "9012664"
  },
  {
    "ID Number": "9012672"
  },
  {
    "ID Number": "9008039"
  },
  {
    "ID Number": "9031723"
  },
  {
    "ID Number": "9005498"
  },
  {
    "ID Number": "9010440"
  },
  {
    "ID Number": "9000852"
  },
  {
    "ID Number": "9055983"
  },
  {
    "ID Number": "9027920"
  },
  {
    "ID Number": "9008985"
  },
  {
    "ID Number": "9009221"
  },
  {
    "ID Number": "9006478"
  },
  {
    "ID Number": "9004548"
  },
  {
    "ID Number": "9040510"
  },
  {
    "ID Number": "9035443"
  },
  {
    "ID Number": "9040013"
  },
  {
    "ID Number": "9004769"
  },
  {
    "ID Number": "9045767"
  },
  {
    "ID Number": "9049746"
  },
  {
    "ID Number": "9002936"
  },
  {
    "ID Number": "9026517"
  },
  {
    "ID Number": "9000240"
  },
  {
    "ID Number": "9002669"
  },
  {
    "ID Number": "9025650"
  },
  {
    "ID Number": "9004246"
  },
  {
    "ID Number": "9029788"
  },
  {
    "ID Number": "9024433"
  },
  {
    "ID Number": "9011714"
  },
  {
    "ID Number": "9017747"
  },
  {
    "ID Number": "9019910"
  },
  {
    "ID Number": "9019928"
  },
  {
    "ID Number": "9047620"
  },
  {
    "ID Number": "9050361"
  },
  {
    "ID Number": "9021612"
  },
  {
    "ID Number": "9013814"
  },
  {
    "ID Number": "9032029"
  },
  {
    "ID Number": "9013571"
  },
  {
    "ID Number": "9002677"
  },
  {
    "ID Number": "9033971"
  },
  {
    "ID Number": "9000097"
  },
  {
    "ID Number": "9049240"
  },
  {
    "ID Number": "9013857"
  },
  {
    "ID Number": "9014489"
  },
  {
    "ID Number": "9006516"
  },
  {
    "ID Number": "9044558"
  },
  {
    "ID Number": "9009892"
  },
  {
    "ID Number": "9000879"
  },
  {
    "ID Number": "9045783"
  },
  {
    "ID Number": "9013318"
  },
  {
    "ID Number": "9059440"
  },
  {
    "ID Number": "9011730"
  },
  {
    "ID Number": "9042725"
  },
  {
    "ID Number": "9017305"
  },
  {
    "ID Number": "9020691"
  },
  {
    "ID Number": "9006958"
  },
  {
    "ID Number": "9045392"
  },
  {
    "ID Number": "9005560"
  },
  {
    "ID Number": "9016490"
  },
  {
    "ID Number": "9014365"
  },
  {
    "ID Number": "9068015"
  },
  {
    "ID Number": "9037853"
  },
  {
    "ID Number": "9002685"
  },
  {
    "ID Number": "9051996"
  },
  {
    "ID Number": "9018000"
  },
  {
    "ID Number": "9001867"
  },
  {
    "ID Number": "9007920"
  },
  {
    "ID Number": "9002693"
  },
  {
    "ID Number": "9003916"
  }
]