[
  {
    "ID Number": "12100978"
  },
  {
    "ID Number": "12102709"
  },
  {
    "ID Number": "12101257"
  },
  {
    "ID Number": "12101290"
  },
  {
    "ID Number": "12100242"
  },
  {
    "ID Number": "12102431"
  },
  {
    "ID Number": "12102440"
  },
  {
    "ID Number": "12101117"
  },
  {
    "ID Number": "12102580"
  },
  {
    "ID Number": "12102725"
  },
  {
    "ID Number": "12100900"
  },
  {
    "ID Number": "12102636"
  },
  {
    "ID Number": "12102610"
  },
  {
    "ID Number": "12101001"
  },
  {
    "ID Number": "12102881"
  },
  {
    "ID Number": "12102385"
  },
  {
    "ID Number": "12100625"
  },
  {
    "ID Number": "12100145"
  },
  {
    "ID Number": "12100048"
  },
  {
    "ID Number": "12100382"
  },
  {
    "ID Number": "12100633"
  },
  {
    "ID Number": "12102679"
  },
  {
    "ID Number": "12102687"
  },
  {
    "ID Number": "12100226"
  },
  {
    "ID Number": "121105419"
  },
  {
    "ID Number": "12102407"
  },
  {
    "ID Number": "12100307"
  },
  {
    "ID Number": "12100030"
  },
  {
    "ID Number": "12102598"
  },
  {
    "ID Number": "12102059"
  },
  {
    "ID Number": "12102024"
  },
  {
    "ID Number": "12102040"
  },
  {
    "ID Number": "12101036"
  },
  {
    "ID Number": "12100196"
  },
  {
    "ID Number": "12102695"
  },
  {
    "ID Number": "12102415"
  },
  {
    "ID Number": "12101125"
  },
  {
    "ID Number": "12100293"
  },
  {
    "ID Number": "447010096"
  },
  {
    "ID Number": "12101133"
  },
  {
    "ID Number": "12102032"
  },
  {
    "ID Number": "12100986"
  },
  {
    "ID Number": "12100099"
  },
  {
    "ID Number": "12102180"
  },
  {
    "ID Number": "12100021"
  },
  {
    "ID Number": "12102482"
  },
  {
    "ID Number": "12100277"
  },
  {
    "ID Number": "12100072"
  },
  {
    "ID Number": "8600546"
  }
]