[
  {
    "ID Number": "12100978",
    "Name": "Abdullatif, Al Hor",
    "Fed": "QAT",
    "Sex": "M",
    "Title": "",
    "WTit": "",
    "OTit": "",
    "FOA": "1648",
    "Rating": "AUG25",
    "Gms": "0",
    "K": "20",
    "B-day": "2002",
    "Flag": "i"
  },
  {
    "ID Number": "12102709",
    "Name": "Ahmad, Saif",
    "Fed": "QAT",
    "Sex": "M",
    "Title": "",
    "WTit": "",
    "OTit": "",
    "FOA": "1509",
    "Rating": "AUG25",
    "Gms": "4",
    "K": "40",
    "B-day": "2008",
    "Flag": ""
  },
  {
    "ID Number": "12101257",
    "Name": "Ahmed, Yousef",
    "Fed": "QAT",
    "Sex": "M",
    "Title": "",
    "WTit": "",
    "OTit": "",
    "FOA": "1887",
    "Rating": "AUG25",
    "Gms": "0",
    "K": "20",
    "B-day": "0",
    "Flag": "i"
  },
  {
    "ID Number": "12101290",
    "Name": "Al Jaber, Hamad Salem",
    "Fed": "QAT",
    "Sex": "M",
    "Title": "",
    "WTit": "",
    "OTit": "",
    "FOA": "1669",
    "Rating": "AUG25",
    "Gms": "0",
    "K": "20",
    "B-day": "1993",
    "Flag": "i"
  },
  {
    "ID Number": "12100242",
    "Name": "Al Qassabi, Mansour",
    "Fed": "QAT",
    "Sex": "M",
    "Title": "",
    "WTit": "",
    "OTit": "",
    "FOA": "2081",
    "Rating": "AUG25",
    "Gms": "0",
    "K": "20",
    "B-day": "1978",
    "Flag": "i"
  },
  {
    "ID Number": "12102431",
    "Name": "Al Sulaiti Saad",
    "Fed": "QAT",
    "Sex": "M",
    "Title": "",
    "WTit": "",
    "OTit": "",
    "FOA": "1562",
    "Rating": "AUG25",
    "Gms": "0",
    "K": "20",
    "B-day": "2005",
    "Flag": ""
  },
  {
    "ID Number": "12102440",
    "Name": "Al Yafei Ali Khalid",
    "Fed": "QAT",
    "Sex": "M",
    "Title": "",
    "WTit": "",
    "OTit": "",
    "FOA": "1485",
    "Rating": "AUG25",
    "Gms": "0",
    "K": "20",
    "B-day": "1997",
    "Flag": ""
  },
  {
    "ID Number": "12101117",
    "Name": "Al-Ansari Abdulla",
    "Fed": "QAT",
    "Sex": "M",
    "Title": "",
    "WTit": "",
    "OTit": "",
    "FOA": "1560",
    "Rating": "AUG25",
    "Gms": "0",
    "K": "20",
    "B-day": "2004",
    "Flag": "i"
  },
  {
    "ID Number": "12102580",
    "Name": "Al-Atas, Abdulrahman",
    "Fed": "QAT",
    "Sex": "M",
    "Title": "",
    "WTit": "",
    "OTit": "",
    "FOA": "1520",
    "Rating": "AUG25",
    "Gms": "0",
    "K": "20",
    "B-day": "2002",
    "Flag": ""
  },
  {
    "ID Number": "12102725",
    "Name": "Al-Fahad, Hamad",
    "Fed": "QAT",
    "Sex": "M",
    "Title": "",
    "WTit": "",
    "OTit": "",
    "FOA": "1460",
    "Rating": "AUG25",
    "Gms": "0",
    "K": "40",
    "B-day": "2011",
    "Flag": "i"
  },
  {
    "ID Number": "12100900",
    "Name": "Al-Hajri, Hamda",
    "Fed": "QAT",
    "Sex": "F",
    "Title": "",
    "WTit": "",
    "OTit": "",
    "FOA": "1611",
    "Rating": "AUG25",
    "Gms": "0",
    "K": "20",
    "B-day": "2002",
    "Flag": "wi"
  },
  {
    "ID Number": "12102636",
    "Name": "Al-Hammadi, Amer",
    "Fed": "QAT",
    "Sex": "M",
    "Title": "",
    "WTit": "",
    "OTit": "",
    "FOA": "1442",
    "Rating": "AUG25",
    "Gms": "0",
    "K": "40",
    "B-day": "2013",
    "Flag": "i"
  },
  {
    "ID Number": "12102610",
    "Name": "Al-Hammadi, Fatima",
    "Fed": "QAT",
    "Sex": "F",
    "Title": "",
    "WTit": "",
    "OTit": "",
    "FOA": "1424",
    "Rating": "AUG25",
    "Gms": "0",
    "K": "40",
    "B-day": "2009",
    "Flag": "w"
  },
  {
    "ID Number": "12101001",
    "Name": "Al-Hor, Salih",
    "Fed": "QAT",
    "Sex": "M",
    "Title": "",
    "WTit": "",
    "OTit": "",
    "FOA": "1816",
    "Rating": "AUG25",
    "Gms": "0",
    "K": "20",
    "B-day": "2000",
    "Flag": "i"
  },
  {
    "ID Number": "12102881",
    "Name": "Al-Hothi, Bader",
    "Fed": "QAT",
    "Sex": "M",
    "Title": "",
    "WTit": "",
    "OTit": "",
    "FOA": "1491",
    "Rating": "AUG25",
    "Gms": "7",
    "K": "40",
    "B-day": "2011",
    "Flag": ""
  },
  {
    "ID Number": "12102385",
    "Name": "Al-Janahi, Ibrahim",
    "Fed": "QAT",
    "Sex": "M",
    "Title": "",
    "WTit": "",
    "OTit": "",
    "FOA": "1519",
    "Rating": "AUG25",
    "Gms": "6",
    "K": "40",
    "B-day": "2011",
    "Flag": ""
  },
  {
    "ID Number": "12100625",
    "Name": "Al-Khelaifi, Aisha",
    "Fed": "QAT",
    "Sex": "F",
    "Title": "WCM",
    "WTit": "WCM",
    "OTit": "NA",
    "FOA": "1644",
    "Rating": "AUG25",
    "Gms": "0",
    "K": "20",
    "B-day": "1992",
    "Flag": "w"
  },
  {
    "ID Number": "12100145",
    "Name": "Al-Khelaifi, Kholoud",
    "Fed": "QAT",
    "Sex": "F",
    "Title": "WCM",
    "WTit": "WCM",
    "OTit": "",
    "FOA": "1656",
    "Rating": "AUG25",
    "Gms": "0",
    "K": "20",
    "B-day": "1991",
    "Flag": "w"
  },
  {
    "ID Number": "12100048",
    "Name": "Al-Khelaifi, Salama",
    "Fed": "QAT",
    "Sex": "F",
    "Title": "WFM",
    "WTit": "WFM",
    "OTit": "",
    "FOA": "1796",
    "Rating": "AUG25",
    "Gms": "0",
    "K": "20",
    "B-day": "1991",
    "Flag": "w"
  },
  {
    "ID Number": "12100382",
    "Name": "Al-khulaifi, Fatima",
    "Fed": "QAT",
    "Sex": "F",
    "Title": "WFM",
    "WTit": "WFM",
    "OTit": "",
    "FOA": "1770",
    "Rating": "AUG25",
    "Gms": "0",
    "K": "20",
    "B-day": "1991",
    "Flag": "wi"
  },
  {
    "ID Number": "12100633",
    "Name": "Al-Khulaifi, Ghada",
    "Fed": "QAT",
    "Sex": "F",
    "Title": "WCM",
    "WTit": "WCM",
    "OTit": "",
    "FOA": "1675",
    "Rating": "AUG25",
    "Gms": "0",
    "K": "20",
    "B-day": "1995",
    "Flag": "w"
  },
  {
    "ID Number": "12102679",
    "Name": "Al-Kuwari, Hamad",
    "Fed": "QAT",
    "Sex": "M",
    "Title": "CM",
    "WTit": "",
    "OTit": "",
    "FOA": "1645",
    "Rating": "AUG25",
    "Gms": "7",
    "K": "40",
    "B-day": "2010",
    "Flag": ""
  },
  {
    "ID Number": "12102687",
    "Name": "Al-Kuwari, Turki",
    "Fed": "QAT",
    "Sex": "M",
    "Title": "",
    "WTit": "",
    "OTit": "",
    "FOA": "1637",
    "Rating": "AUG25",
    "Gms": "8",
    "K": "40",
    "B-day": "2007",
    "Flag": ""
  },
  {
    "ID Number": "12100226",
    "Name": "Al-Mahasna, Yousuf",
    "Fed": "QAT",
    "Sex": "M",
    "Title": "",
    "WTit": "IA",
    "OTit": "",
    "FOA": "2044",
    "Rating": "AUG25",
    "Gms": "0",
    "K": "20",
    "B-day": "1973",
    "Flag": "i"
  },
  {
    "ID Number": "121105419",
    "Name": "Al-Malki, Khalifa",
    "Fed": "QAT",
    "Sex": "M",
    "Title": "",
    "WTit": "",
    "OTit": "",
    "FOA": "1511",
    "Rating": "AUG25",
    "Gms": "1",
    "K": "20",
    "B-day": "1999",
    "Flag": ""
  },
  {
    "ID Number": "12102407",
    "Name": "Al-Mansouri, Fahad",
    "Fed": "QAT",
    "Sex": "M",
    "Title": "",
    "WTit": "",
    "OTit": "",
    "FOA": "1509",
    "Rating": "AUG25",
    "Gms": "0",
    "K": "40",
    "B-day": "2007",
    "Flag": ""
  },
  {
    "ID Number": "12100307",
    "Name": "Al-Modiahki, Ali",
    "Fed": "QAT",
    "Sex": "M",
    "Title": "",
    "WTit": "",
    "OTit": "",
    "FOA": "2104",
    "Rating": "AUG25",
    "Gms": "0",
    "K": "20",
    "B-day": "1987",
    "Flag": "i"
  },
  {
    "ID Number": "12100030",
    "Name": "Al-Mudahka, Mohd",
    "Fed": "QAT",
    "Sex": "M",
    "Title": "GM",
    "WTit": "IO",
    "OTit": "",
    "FOA": "2385",
    "Rating": "AUG25",
    "Gms": "0",
    "K": "10",
    "B-day": "1974",
    "Flag": ""
  },
  {
    "ID Number": "12102598",
    "Name": "Al-Naimi, Ali",
    "Fed": "QAT",
    "Sex": "M",
    "Title": "",
    "WTit": "",
    "OTit": "",
    "FOA": "1423",
    "Rating": "AUG25",
    "Gms": "0",
    "K": "20",
    "B-day": "1990",
    "Flag": ""
  },
  {
    "ID Number": "12102059",
    "Name": "Al-Qassabi, Layan",
    "Fed": "QAT",
    "Sex": "F",
    "Title": "",
    "WTit": "",
    "OTit": "",
    "FOA": "1594",
    "Rating": "AUG25",
    "Gms": "0",
    "K": "40",
    "B-day": "2010",
    "Flag": "w"
  },
  {
    "ID Number": "12102024",
    "Name": "Al-Qassabi, Mohammed",
    "Fed": "QAT",
    "Sex": "M",
    "Title": "",
    "WTit": "",
    "OTit": "",
    "FOA": "1528",
    "Rating": "AUG25",
    "Gms": "0",
    "K": "40",
    "B-day": "2007",
    "Flag": ""
  },
  {
    "ID Number": "12102040",
    "Name": "Al-Qassabi, Rawda",
    "Fed": "QAT",
    "Sex": "F",
    "Title": "",
    "WTit": "",
    "OTit": "",
    "FOA": "1493",
    "Rating": "AUG25",
    "Gms": "0",
    "K": "40",
    "B-day": "2009",
    "Flag": "w"
  },
  {
    "ID Number": "12101036",
    "Name": "Al-Saadi, Ali",
    "Fed": "QAT",
    "Sex": "M",
    "Title": "",
    "WTit": "",
    "OTit": "",
    "FOA": "1550",
    "Rating": "AUG25",
    "Gms": "0",
    "K": "20",
    "B-day": "2004",
    "Flag": "i"
  },
  {
    "ID Number": "12100196",
    "Name": "Al-Sayed, Mohammed",
    "Fed": "QAT",
    "Sex": "M",
    "Title": "GM",
    "WTit": "",
    "OTit": "",
    "FOA": "2535",
    "Rating": "AUG25",
    "Gms": "0",
    "K": "10",
    "B-day": "1981",
    "Flag": "i"
  },
  {
    "ID Number": "12102695",
    "Name": "Al-Subaiey, Mohammed",
    "Fed": "QAT",
    "Sex": "M",
    "Title": "",
    "WTit": "",
    "OTit": "",
    "FOA": "1448",
    "Rating": "AUG25",
    "Gms": "0",
    "K": "40",
    "B-day": "2007",
    "Flag": ""
  },
  {
    "ID Number": "12102415",
    "Name": "AlJamaat, Khaled",
    "Fed": "QAT",
    "Sex": "M",
    "Title": "",
    "WTit": "",
    "OTit": "",
    "FOA": "1821",
    "Rating": "AUG25",
    "Gms": "9",
    "K": "40",
    "B-day": "2015",
    "Flag": ""
  },
  {
    "ID Number": "12101125",
    "Name": "Almaha Ali Bahzad",
    "Fed": "QAT",
    "Sex": "F",
    "Title": "",
    "WTit": "",
    "OTit": "",
    "FOA": "1659",
    "Rating": "AUG25",
    "Gms": "0",
    "K": "20",
    "B-day": "2002",
    "Flag": "wi"
  },
  {
    "ID Number": "12100293",
    "Name": "Aziz, Husain",
    "Fed": "QAT",
    "Sex": "M",
    "Title": "IM",
    "WTit": "",
    "OTit": "",
    "FOA": "2342",
    "Rating": "AUG25",
    "Gms": "0",
    "K": "10",
    "B-day": "1985",
    "Flag": ""
  },
  {
    "ID Number": "447010096",
    "Name": "Djerbi, Mohamed",
    "Fed": "QAT",
    "Sex": "M",
    "Title": "",
    "WTit": "",
    "OTit": "",
    "FOA": "1488",
    "Rating": "AUG25",
    "Gms": "0",
    "K": "40",
    "B-day": "2016",
    "Flag": ""
  },
  {
    "ID Number": "12101133",
    "Name": "Elnatsheh, Rafeeq Khalid",
    "Fed": "QAT",
    "Sex": "M",
    "Title": "",
    "WTit": "",
    "OTit": "",
    "FOA": "1422",
    "Rating": "AUG25",
    "Gms": "0",
    "K": "20",
    "B-day": "2004",
    "Flag": "i"
  },
  {
    "ID Number": "12102032",
    "Name": "Erfan Mohamad Firdaus",
    "Fed": "QAT",
    "Sex": "M",
    "Title": "CM",
    "WTit": "",
    "OTit": "",
    "FOA": "1699",
    "Rating": "AUG25",
    "Gms": "0",
    "K": "40",
    "B-day": "2009",
    "Flag": ""
  },
  {
    "ID Number": "12100986",
    "Name": "Ghanem, Al Shamari",
    "Fed": "QAT",
    "Sex": "M",
    "Title": "",
    "WTit": "",
    "OTit": "",
    "FOA": "1802",
    "Rating": "AUG25",
    "Gms": "0",
    "K": "20",
    "B-day": "2001",
    "Flag": "i"
  },
  {
    "ID Number": "12100099",
    "Name": "Hashim, Ali Abdulrazak",
    "Fed": "QAT",
    "Sex": "M",
    "Title": "FM",
    "WTit": "",
    "OTit": "",
    "FOA": "2148",
    "Rating": "AUG25",
    "Gms": "0",
    "K": "20",
    "B-day": "1976",
    "Flag": "i"
  },
  {
    "ID Number": "12102180",
    "Name": "Khalid Abdulrahman AlKhulaifi",
    "Fed": "QAT",
    "Sex": "M",
    "Title": "",
    "WTit": "",
    "OTit": "",
    "FOA": "1696",
    "Rating": "AUG25",
    "Gms": "0",
    "K": "20",
    "B-day": "1978",
    "Flag": ""
  },
  {
    "ID Number": "12100021",
    "Name": "Moosa, Issa",
    "Fed": "QAT",
    "Sex": "M",
    "Title": "",
    "WTit": "",
    "OTit": "",
    "FOA": "2090",
    "Rating": "AUG25",
    "Gms": "0",
    "K": "20",
    "B-day": "1963",
    "Flag": "i"
  },
  {
    "ID Number": "12102482",
    "Name": "Saleh Ahmad Talfat",
    "Fed": "QAT",
    "Sex": "M",
    "Title": "",
    "WTit": "",
    "OTit": "",
    "FOA": "1569",
    "Rating": "AUG25",
    "Gms": "0",
    "K": "40",
    "B-day": "2008",
    "Flag": "i"
  },
  {
    "ID Number": "12100277",
    "Name": "Salem, Ali Abdulla",
    "Fed": "QAT",
    "Sex": "M",
    "Title": "",
    "WTit": "",
    "OTit": "",
    "FOA": "2250",
    "Rating": "AUG25",
    "Gms": "0",
    "K": "20",
    "B-day": "0",
    "Flag": "i"
  },
  {
    "ID Number": "12100072",
    "Name": "Yousuf M M Al Mutawa",
    "Fed": "QAT",
    "Sex": "M",
    "Title": "",
    "WTit": "",
    "OTit": "",
    "FOA": "2094",
    "Rating": "AUG25",
    "Gms": "0",
    "K": "20",
    "B-day": "1975",
    "Flag": "i"
  },
  {
    "ID Number": "8600546",
    "Name": "Zhu, Chen",
    "Fed": "QAT",
    "Sex": "F",
    "Title": "GM",
    "WTit": "",
    "OTit": "",
    "FOA": "2296",
    "Rating": "AUG25",
    "Gms": "9",
    "K": "10",
    "B-day": "1976",
    "Flag": "w"
  }
]