ID Number,Name,Fed,Sex,Title,WTit,OTit,FOA,Rating,Gms,K,B-day,Flag
2959151,"Abdula, Adrian",BUL,M,,,,1534,AUG25,0,40,2009,i
2949954,"Abramyan, Maria",BUL,F,,,,1582,AUG25,0,40,2007,wi
2935597,"Aladzhov, Stoyan",BUL,M,,,,1491,AUG25,0,40,2008,i
2913941,"Aleksandrov, Georgi Valentinov",BUL,M,,,,1869,AUG25,0,20,1973,i
2949865,"Aleksandrov, Kristiyan",BUL,M,,,,1625,AUG25,6,40,2011,
2930161,"Aleksiev, Georgi",BUL,M,,,,1766,AUG25,0,20,1977,i
2932709,"Aleksiev, Kristiyan",BUL,M,,,,1577,AUG25,0,40,2007,i
2948036,"Aleksov, Martin",BUL,M,,,,1425,AUG25,0,20,2006,i
2957167,"Alexiev, Bogdan",BUL,M,,,,1414,AUG25,0,40,2007,i
2929686,"Anastasova, Yoana",BUL,F,,,,1627,AUG25,0,20,2005,wi
2931893,"Anavi, David",BUL,M,,,,1703,AUG25,0,20,2002,i
2928906,"Andonova, Ivanina",BUL,F,,,,1621,AUG25,0,20,2006,wi
2929139,"Andonova, Luiza-Desislava",BUL,F,,,,1822,AUG25,0,20,1979,wi
2948931,"Andreev, Borislav",BUL,M,,,,ACM,AUG25,1918,0,1963,i
2901668,"Andreev, Dobrotich",BUL,M,,,,1963,AUG25,0,20,1943,i
2911639,"Andreev, Martin",BUL,M,,,,2026,AUG25,0,20,1990,i
2911019,"Andreev, Sasho",BUL,M,,,,2184,AUG25,0,20,1994,i
2941694,"Andreev, Simeon",BUL,M,,,,1857,AUG25,7,20,2006,
2907798,"Andreev, Stanislav",BUL,M,,,,1950,AUG25,0,20,1983,i
2906864,"Andreeva, Plamena",BUL,F,WFM,WFM,,1969,AUG25,0,20,1987,wi
2907453,"Andreeva, Veronika",BUL,F,,,,1906,AUG25,0,20,1987,wi
2935945,"Anev, Aleksandar",BUL,M,,,,1435,AUG25,0,20,2005,i
2904934,"Anev, Asen",BUL,M,,,,1953,AUG25,0,20,1940,i
2946025,"Angelov, Aleksandar",BUL,M,,,,1510,AUG25,5,40,2012,
2918099,"Angelov, Alexandar",BUL,M,,,,1894,AUG25,0,20,1996,
2908875,"Angelov, Boyan",BUL,M,,,,2058,AUG25,0,20,1992,i
2924641,"Angelov, Boyko",BUL,M,,,,1798,AUG25,0,20,1965,i
2923467,"Angelov, Georgi",BUL,M,,,,1768,AUG25,0,20,1975,
2948087,"Angelov, Ivaylo",BUL,M,,,,1848,AUG25,0,20,2006,i
2901218,"Angelov, Kosta",BUL,M,IM,,,2085,AUG25,0,20,1946,i
2927209,"Angelov, Kristian",BUL,M,,,,1655,AUG25,0,20,2006,i
2939320,"Angelov, Maximilian",BUL,M,,,,1463,AUG25,0,40,2010,i
2927217,"Angelov, Stilian",BUL,M,,,,1876,AUG25,0,20,2006,i
2928671,"Angelov, Toma",BUL,M,,,,1525,AUG25,0,40,2008,
2957892,"Angelov, Veselin",BUL,M,,,,1487,AUG25,0,40,2015,
2905353,"Angelov, Zvetomir",BUL,M,,NA,,AGM,AUG25,2099,9,1973,
2937530,Angelova Kristina,BUL,F,,,,1449,AUG25,0,40,2009,wi
2926016,"Angelova, Lara",BUL,F,,,,1591,AUG25,0,20,2003,wi
2939843,"Antonov, Vasil",BUL,M,,,,1504,AUG25,0,40,2014,i
2915235,"Antova, Gabriela",BUL,F,FM,WGM,FI,2154,AUG25,0,20,2002,w
2923874,"Apostolov, Teodor",BUL,M,,,,1784,AUG25,7,20,1974,
2921847,"Apulcheva, Kristina",BUL,F,,,,1549,AUG25,0,20,2005,wi
2934884,"Ardenski, Dimitar",BUL,M,,,,1919,AUG25,0,20,2006,i
2907127,"Arnaudov, G. Petar",BUL,M,GM,,,2417,AUG25,0,10,1986,
2948125,"Arnaudov, Vitomir",BUL,M,,,,1519,AUG25,0,40,2011,i
2927004,"Arnautski, Martin",BUL,M,,,,1650,AUG25,0,20,2005,i
2928477,"Arshinkova, Boryana",BUL,F,,,,1679,AUG25,0,40,2008,wi
2931966,"Arshinkova, Ralitsa",BUL,F,,,,1459,AUG25,0,40,2011,wi
2922142,"Arsov, Arsen",BUL,M,,,,1984,AUG25,0,20,1963,i
2923157,"Arsov, Metodi",BUL,M,,,,1938,AUG25,0,20,1965,i
2947323,"Asenov, Martin",BUL,M,,,,1501,AUG25,0,40,2014,i
2907488,"Asenov, Yordan",BUL,M,,,,1969,AUG25,0,20,1986,i
2905647,"Asparuhov, Parvan",BUL,M,,,,2021,AUG25,0,20,1958,
2937000,"Atanasov, Aleksandar",BUL,M,,,,1769,AUG25,0,40,2011,i
2906201,"Atanasov, Anatoli",BUL,M,,,,1972,AUG25,0,20,1995,i
2920867,"Atanasov, Emil",BUL,M,,,,1429,AUG25,0,20,2003,i
2918676,"Atanasov, Hristo",BUL,M,,,,1699,AUG25,0,20,1995,i
2923831,"Atanasov, Ivaylo",BUL,M,,,,1671,AUG25,0,20,1971,i
2945398,"Atanasov, Kristiyan",BUL,M,,,,1666,AUG25,0,20,1990,
2909260,"Atanasov, Margarit",BUL,M,,,,1946,AUG25,0,20,1987,
2922207,"Atanasov, Marian",BUL,M,,,,1953,AUG25,0,20,1977,i
2911396,"Atanasov, Marin",BUL,M,,,,1890,AUG25,0,20,1954,
2923866,"Atanasov, Martin",BUL,M,,,,1561,AUG25,0,20,2004,i
2916843,"Atanasov, Radoslav",BUL,M,,,,2003,AUG25,0,20,1976,i
2903547,"Atanasov, Viktor",BUL,M,,,,1867,AUG25,0,20,1996,i
2912007,"Atanasov, Viktor Atanasov",BUL,M,,,,1864,AUG25,0,20,1997,i
2952297,"Atanasov, Zhivko",BUL,M,,,,AFM,AUG25,1681,0,1978,i
2913690,"Atanasova, Elitsa",BUL,F,,,,1837,AUG25,0,20,1994,wi
2938600,"Atanasova, Marina",BUL,F,,,,1668,AUG25,0,40,2008,wi
2940965,"Atanasova, Tsvetina",BUL,F,,,,1523,AUG25,0,40,2010,wi
2916932,"Atanasova, Yoana",BUL,F,,,,1606,AUG25,0,20,2002,wi
2901471,"Atanassov, Radislav",BUL,M,,,,2023,AUG25,0,20,1960,i
2901544,"Avramov, Anton",BUL,M,,"FI,NA",,2082,AUG25,0,20,1963,i
2936186,"Avramov, Evgeni",BUL,M,,,,1590,AUG25,0,40,2007,i
2928779,"Azmanov, Vincent",BUL,M,,,,1513,AUG25,0,40,2008,i
2918706,"Babachev, Bogdan",BUL,M,,,,1729,AUG25,0,20,1996,i
2948940,"Babacheva, Katya",BUL,F,,,,1764,AUG25,0,20,1986,wi
2945100,"Baban, Boris",BUL,M,,,,1777,AUG25,0,20,1957,
2929899,"Babanov, Stoyan",BUL,M,,,,1470,AUG25,0,40,2007,i
2923114,"Babatov, Martin",BUL,M,,,,1800,AUG25,0,20,1997,i
2901986,"Badev, Kiril",BUL,M,FM,,,2263,AUG25,0,20,1973,i
2919680,"Bakalov, Milko",BUL,M,,,,1808,AUG25,0,20,2003,i
2921049,"Bakalov, Vladimir",BUL,M,,,,1623,AUG25,0,20,2005,i
2928930,"Bakalova, Hristina",BUL,F,,,,1481,AUG25,0,40,2008,wi
2928949,"Bakalova, Tsvetelina",BUL,F,,,,1546,AUG25,0,40,2008,wi
2949210,"Bakalski, Martin",BUL,M,,,,1504,AUG25,0,40,2014,i
2963566,"Bakardzhiev, Martin M.",BUL,M,,,,ACM,AUG25,1507,5,2015,
2933314,"Baklova, Mila",BUL,F,,,,1540,AUG25,0,40,2008,wi
2911892,"Balimezova, Margarita",BUL,F,,,,1836,AUG25,0,20,2000,wi
2910101,"Balinov, Feri",BUL,M,,,,2089,AUG25,0,20,1961,i
2911906,"Baltov, Nikola",BUL,M,,,,1789,AUG25,0,20,1996,i
2936500,"Balukov, Dimitar",BUL,M,,,,1702,AUG25,0,40,2010,
2914573,"Banev, Momchil",BUL,M,,,,1717,AUG25,0,20,2000,i
2902311,"Baninska, Tanja",BUL,F,WFM,WFM,,1986,AUG25,0,20,1961,w
2905388,"Banov, Boil",BUL,M,,,,1986,AUG25,0,20,1971,i
2911752,"Bardarov, Georgi",BUL,M,,,,1892,AUG25,0,20,1997,i
2920026,"Basri, Sali",BUL,M,,,,1722,AUG25,0,20,2002,i
2966743,"Bayatov, Mario",BUL,M,,,,1836,AUG25,7,40,2010,
2968398,"Baynabiev, Eren",BUL,M,,,,1547,AUG25,7,40,2009,
2948516,"Bayryam, Myumyun",BUL,M,,,,1790,AUG25,0,20,1991,i
2912031,"Bednikov, Georgi",BUL,M,,,,1812,AUG25,0,20,1956,
2929821,"Bednikov, Lubomir",BUL,M,,,,1866,AUG25,0,20,1966,i
2906570,"Bednikova, Stefi",BUL,F,WIM,WIM,,1981,AUG25,0,20,1986,wi
2937409,"Bekirov, Adem",BUL,M,,,,1870,AUG25,0,20,1966,i
2930587,"Belchev, Valeri",BUL,M,,,,1643,AUG25,0,40,2009,i
2941988,"Belenkiy, Lev",BUL,M,,,,1519,AUG25,0,40,2010,i
2910373,"Belev, Ivaylo",BUL,M,,,,1843,AUG25,0,20,1984,i
2947900,"Belev, Velin",BUL,M,,,,1996,AUG25,0,20,1967,i
2913380,"Berberyan, Maruke",BUL,M,,,,1736,AUG25,0,20,1922,i
2902931,"Berovski, Krum",BUL,M,,,,2201,AUG25,11,20,1974,
2935236,"Bilyal, Kyamran",BUL,M,,NA,,1770,AUG25,0,20,1989,i
2936062,"Bizheva, Stefani",BUL,F,,,,1495,AUG25,0,40,2009,wi
2942410,"Blagoev, Denislav",BUL,M,,,,1669,AUG25,0,40,2008,i
2927519,"Bochev, Branimir",BUL,M,,,,1560,AUG25,0,20,2001,i
2901552,"Bochev, Krasimir",BUL,M,,,,2076,AUG25,0,20,1959,
2905086,"Bocheva, Margarita",BUL,F,,,,1724,AUG25,0,20,1963,wi
2917769,"Boev, Viktor",BUL,M,,,,2142,AUG25,0,20,2001,i
2929902,"Bogdanin, Kaloyan",BUL,M,,,,1501,AUG25,0,40,2007,i
2907054,"Bonev, Todor",BUL,M,,,,2196,AUG25,0,20,1987,i
2907640,"Boneva, Zvezdelina",BUL,F,,,,1896,AUG25,0,20,1985,w
2932784,"Borisov, Aleks",BUL,M,,,,1473,AUG25,0,40,2007,i
2945584,"Borisov, Boris",BUL,M,,,,1513,AUG25,0,20,1975,i
2945452,"Borisov, Boris",BUL,M,,,,1494,AUG25,0,20,1948,i
2907801,"Borisov, Lubomir",BUL,M,,,,1943,AUG25,0,20,1954,i
2923475,"Borisov, Svetoslav",BUL,M,,,,2106,AUG25,0,20,1957,i
2918536,"Borisov, Tsvetomir",BUL,M,,,,1815,AUG25,0,20,2000,i
2944200,"Borisov, Vasil",BUL,M,,,,1653,AUG25,0,40,2007,i
2921324,"Botev, Stanislav",BUL,M,,,,1870,AUG25,8,20,2006,
2925591,"Botev, Stoyko",BUL,M,,,,1681,AUG25,7,20,1971,
2944910,"Boyadzhieva, Katerina",BUL,F,,,,1489,AUG25,0,40,2011,wi
2935937,"Boychev, Petar",BUL,M,,,,1569,AUG25,0,20,2002,i
2959674,"Boykinov, Petar",BUL,M,,,,ACM,AUG25,1463,0,2009,
2928787,"Bozhilov, Georgi",BUL,M,,,,1541,AUG25,0,40,2007,i
2941597,"Bozhilov, Stoycho",BUL,M,,,,1717,AUG25,0,20,1954,i
2927632,"Bozhkov, Miroslav",BUL,M,,,,1635,AUG25,0,20,2004,i
2945258,"Bozhkov, Yovitsa",BUL,M,,,,1540,AUG25,0,20,1970,i
2906082,"Bozov, Ahmet",BUL,M,,,,1978,AUG25,12,20,1963,
2919222,"Bozov, Dimitar",BUL,M,,,,1954,AUG25,0,20,1973,i
2904268,"Bratanov, Zsivko",BUL,M,IM,,,2367,AUG25,0,20,1977,i
2918250,"Brezalieva, Steliyana",BUL,F,,NA,,1720,AUG25,0,20,2000,wi
2910390,"Burdarev, Evgeni",BUL,M,,,,1925,AUG25,0,20,1987,i
2911922,"Bureva, Radilena",BUL,F,,,,1648,AUG25,0,20,2000,wi
2948532,"Carraro, Luciano",BUL,M,,,,1687,AUG25,0,20,1972,i
2938618,"Chakarova, Stefani",BUL,F,,,,1519,AUG25,0,40,2008,wi
2940701,"Chakov, Stefan",BUL,M,,,,1428,AUG25,0,40,2009,i
2930609,"Chamurkov, Slav",BUL,M,,,,1474,AUG25,0,40,2009,i
2930617,"Chamurkov, Veselin",BUL,M,,,,1626,AUG25,0,40,2009,i
2929929,"Chan, Dzhi",BUL,M,,,,1564,AUG25,0,20,2004,i
2934744,"Chelibiev, Kristiyan",BUL,M,,,,1571,AUG25,0,40,2007,i
2911400,"Chepandov, Georgi",BUL,M,,,,1824,AUG25,0,20,1946,i
2905540,"Cheparinov, Ivan",BUL,M,GM,FST,,2600,AUG25,0,10,1986,
2921057,"Chilikova, Eli",BUL,F,,,,1660,AUG25,0,20,2002,w
2930439,"Chirakov, Petar",BUL,M,,,,1900,AUG25,0,20,1976,i
2934892,"Chirkov, Asen",BUL,M,,,,1959,AUG25,0,20,1972,i
2920425,"Chitakova, Galya",BUL,F,,,,1727,AUG25,0,20,2003,wi
2921332,"Chobanov, Ivan",BUL,M,,,,1792,AUG25,0,20,2000,i
2904977,"Chokova, Galabina",BUL,F,,,,1798,AUG25,0,20,1959,wi
2915251,"Cholakov, Nikolay",BUL,M,,,,1808,AUG25,0,20,2003,i
2923360,"Cholchev, Aleksandar",BUL,M,,,,1685,AUG25,0,20,2000,i
2910489,"Chorapinov, Aleksi",BUL,M,,,,1707,AUG25,0,20,2001,i
2910497,"Chorapinov, Marian",BUL,M,,,,1895,AUG25,0,20,1998,i
2942488,"Chuchukova, Stefani",BUL,F,,NA,,AIM,AUG25,2008,9,2006,w
2916428,"Chunchukov, Ivelin",BUL,M,,,,1863,AUG25,0,20,1974,i
2922010,"Colov, Hristo",BUL,M,,,,1755,AUG25,0,20,1968,i
2915758,"Dafchev, Ivan Bonchev",BUL,M,,,,1737,AUG25,0,20,2000,i
2926504,"Damyanov, Boris",BUL,M,,,,1681,AUG25,0,20,2005,i
2943018,"Damyanov, Damyan",BUL,M,,,,1428,AUG25,0,40,2011,i
2920700,"Damyanov, Pavel",BUL,M,,,,1525,AUG25,0,20,2003,i
2900114,"Danailov, Silvio",BUL,M,IM,,,2410,AUG25,0,10,1961,i
2926512,"Danailova, Stefani",BUL,F,,,,1488,AUG25,0,20,2005,wi
2956756,"Danev, Tsvetan",BUL,M,,,,1458,AUG25,6,40,2015,
2952319,"Dankov, Boris",BUL,M,,,,1822,AUG25,0,20,2006,i
2916312,"Danov, Lyubomir",BUL,M,,,,2394,AUG25,0,20,1994,
2916185,"Danov, Radi",BUL,M,FM,,,2238,AUG25,0,20,1996,i
2928701,"Danov, Valentin",BUL,M,,,,1803,AUG25,0,40,2007,i
2903598,"Darakchiev, Manol",BUL,M,,,,1800,AUG25,0,20,1954,
2902800,"Daskalov, Dimitar",BUL,M,,,,2198,AUG25,0,20,1997,i
2945410,"Daskalov, Martin",BUL,M,,,,1511,AUG25,0,20,2004,i
2915162,"Davidov, Stefan",BUL,M,,,,1832,AUG25,0,20,1960,i
2951924,"Dayredzhiev, Boris",BUL,M,,,,1565,AUG25,0,40,2009,i
2942291,"Delchev, Dimitar P",BUL,M,,,,1732,AUG25,0,20,1992,i
2903873,"Delchev, Petar",BUL,M,,,,2240,AUG25,0,20,1976,i
2931990,"Delcheva, Gergana",BUL,F,,,,1432,AUG25,0,40,2010,wi
2927020,"Deliev, Martin",BUL,M,,,,1490,AUG25,0,20,2006,i
2938731,"Delikostov, Stefan",BUL,M,,,,1460,AUG25,0,40,2008,i
2924684,"Demirov, Todor",BUL,M,,,,1646,AUG25,0,20,2005,i
2934752,"Denchev, Angel",BUL,M,,,,1492,AUG25,0,40,2007,i
2937948,"Denchev, Hristiyan",BUL,M,,,,1576,AUG25,0,20,2004,i
2963876,"Denov, Georgi",BUL,M,,,,1675,AUG25,0,20,1985,
2906236,"Dereshki, Dario",BUL,M,,,,1990,AUG25,0,20,1997,
2932792,"Desev, Nikola",BUL,M,,,,1860,AUG25,0,20,1967,i
2902095,"Diakova, Diana",BUL,F,,,,1674,AUG25,0,20,1956,w
2911930,"Dichev, Dragomir",BUL,M,,,,1771,AUG25,0,20,1997,i
2914590,"Dichev, Kaloyan",BUL,M,,,,1726,AUG25,0,20,2001,i
2943352,"Dichev, Simeon",BUL,M,,,,1528,AUG25,0,40,2009,i
2911558,"Diklyovski, Ivan",BUL,M,,,,1865,AUG25,0,20,1985,i
2910403,"Dimchevski, Valeri",BUL,M,,,,1813,AUG25,0,20,1979,i
2937794,Dimitrov Petar,BUL,M,,,,1483,AUG25,0,40,2008,i
2944804,"Dimitrov, Boris",BUL,M,,,,1506,AUG25,0,20,2005,i
2911000,"Dimitrov, Dejan",BUL,M,,NA,,2016,AUG25,0,20,1982,
2942623,"Dimitrov, Delyan",BUL,M,,,,1816,AUG25,0,20,1995,i
2923122,"Dimitrov, Dimitar Gen.",BUL,M,,,,1753,AUG25,0,20,2004,i
2931478,"Dimitrov, Dimitar Hr.",BUL,M,,,,1522,AUG25,0,40,2010,i
2936097,"Dimitrov, Dimitar K.",BUL,M,,,,1708,AUG25,0,20,1960,i
2907437,"Dimitrov, Encho",BUL,M,,,,1992,AUG25,0,20,1940,i
2917211,"Dimitrov, Georgi",BUL,M,,,,1906,AUG25,0,20,1974,i
2919729,"Dimitrov, Georgi",BUL,M,,,,1687,AUG25,0,20,2001,i
2943395,"Dimitrov, Georgi Y",BUL,M,,,,1583,AUG25,6,40,2011,
2915170,"Dimitrov, Ivan",BUL,M,,,,1806,AUG25,0,20,1974,i
2952793,"Dimitrov, Ivan",BUL,M,,,,1515,AUG25,0,20,1993,i
2934078,"Dimitrov, Kaloyan St.",BUL,M,,,,1502,AUG25,0,40,2008,i
2953889,"Dimitrov, Kamen",BUL,M,,,,1880,AUG25,0,20,1967,i
2911965,"Dimitrov, Krasen",BUL,M,,,,1763,AUG25,0,20,2000,i
2921677,"Dimitrov, Kristian",BUL,M,,,,1671,AUG25,0,20,2003,i
2943808,"Dimitrov, Ljubomir",BUL,M,,,,1916,AUG25,0,20,1971,i
2924099,"Dimitrov, Martin",BUL,M,,,,1909,AUG25,9,40,2009,
2942003,"Dimitrov, Martin D",BUL,M,,,,1485,AUG25,0,40,2010,i
2953102,"Dimitrov, Miroslav",BUL,M,,,,1443,AUG25,0,40,2014,
2934272,"Dimitrov, Nedelcho",BUL,M,,,,1735,AUG25,0,20,1979,
2955431,"Dimitrov, Nikolaj",BUL,M,,,,1544,AUG25,0,40,2017,
2907470,"Dimitrov, Pavel",BUL,M,IM,,,2215,AUG25,9,20,1991,
2908549,"Dimitrov, Radoslav",BUL,M,GM,,,2458,AUG25,9,10,1993,
2918757,"Dimitrov, Teodor",BUL,M,,,,2065,AUG25,0,20,1976,i
2900050,"Dimitrov, Vladimir",BUL,M,GM,,,2253,AUG25,0,20,1968,i
2937018,"Dimitrov, Vladimir",BUL,M,,,,1561,AUG25,0,40,2010,i
2925184,"Dimitrova, Darina",BUL,F,,,,1785,AUG25,0,20,2000,wi
2915588,"Dimitrova, Gergana",BUL,F,,,,1740,AUG25,0,20,1999,wi
2920433,"Dimitrova, Kalina",BUL,F,,,,1624,AUG25,0,20,2002,wi
2902427,"Dimitrova, Leila",BUL,F,,,,1985,AUG25,0,20,1973,wi
2925869,"Dimitrova, Stefaniya",BUL,F,,,,1447,AUG25,0,20,2005,wi
2941350,"Dimitrova, Valentina",BUL,F,,,,1584,AUG25,0,20,2006,wi
2908140,"Dimov, Danail",BUL,M,,,,1800,AUG25,0,20,1971,i
2903342,"Dimov, Dian",BUL,M,FM,,,2250,AUG25,0,20,1974,i
2916959,"Dimov, Iskren",BUL,M,,,,1792,AUG25,0,20,1974,i
2924242,"Dimov, Nikola",BUL,M,,,,1828,AUG25,7,20,2005,
2931508,"Dimov, Teodor",BUL,M,,,,1715,AUG25,0,40,2008,i
2932610,"Dimov, Vasil",BUL,M,,,,1516,AUG25,0,20,2006,i
2941961,"Dimov, Yancho Tod",BUL,M,,,,1795,AUG25,0,20,1968,i
2926520,"Dinkov, Ivan",BUL,M,,,,1552,AUG25,0,20,2004,i
2958147,"Dinkov, Nikolai2",BUL,M,,,,1697,AUG25,9,40,1975,
2916894,"Dobrev, Dobromir",BUL,M,,,,1806,AUG25,0,20,1990,i
2902419,"Dobrev, Nayden",BUL,M,,,,2321,AUG25,0,20,1991,i
2907810,"Dobrev, Petko",BUL,M,,,,1927,AUG25,0,20,1960,i
2937239,"Dobrev, Simeon",BUL,M,,,,1511,AUG25,0,40,2009,i
2915600,"Dobreva, Tcveta",BUL,F,,,,1744,AUG25,0,20,1999,wi
2928914,"Dobrislavov, Kaloyan",BUL,M,,,,1478,AUG25,0,40,2007,i
2913763,"Dochev, Delyan",BUL,M,,,,1923,AUG25,0,20,1999,i
2929350,"Dochev, Marian",BUL,M,,,,1993,AUG25,0,20,1972,i
2953455,"Dokuzov, Nikolay",BUL,M,,,,1687,AUG25,0,40,2007,i
2919532,"Dokuzov, Yaroslav",BUL,M,,,,1943,AUG25,0,20,2003,i
2915766,"Donchev, Teodor",BUL,M,,,,1686,AUG25,0,20,2000,i
2936100,"Donkov, Danail",BUL,M,,,,1496,AUG25,0,20,2006,i
2903482,"Dovramadjiev, Tihomir",BUL,M,FM,,,2330,AUG25,0,20,1979,i
2936534,"Doychev, Ivan",BUL,M,,,,1740,AUG25,0,40,2008,i
2928027,"Doychinov, Simeon",BUL,M,,,,1476,AUG25,0,40,2007,i
2923785,"Doykov, Stoycho",BUL,M,,,,1551,AUG25,0,20,1939,
2902460,"Draganova, Petranka",BUL,F,WFM,WFM,,1945,AUG25,0,20,1956,wi
2928035,"Draganova, Yana",BUL,F,,,,1488,AUG25,0,20,2005,wi
2907224,"Dragiev, Drago",BUL,M,,,,1824,AUG25,0,20,1953,i
2956772,"Dragiev, Teodor",BUL,M,,,,1518,AUG25,5,40,2016,
2907232,"Dragieva, Denitza",BUL,F,WFM,WFM,,1980,AUG25,0,20,1996,wi
2903261,"Drenchev, Petar",BUL,M,GM,,,2308,AUG25,9,10,1977,
2916908,"Dyakov, Martin",BUL,M,,,,1875,AUG25,0,20,1978,
2957221,"Dyakov, Preslav",BUL,M,,,,1450,AUG25,0,40,2010,i
2908638,"Dyakov, Vladimir",BUL,M,,,,1989,AUG25,0,20,1960,i
2919044,"Dyulgerov, Dimitar",BUL,M,,,,1980,AUG25,0,20,1996,i
2918978,"Dyulgerov, Volen",BUL,M,CM,,,2098,AUG25,0,20,1999,i
2937247,"Dyulgerova, Anushka",BUL,F,,,,1547,AUG25,0,40,2009,wi
2919540,"Dyulgerova, Elena",BUL,F,,,,1717,AUG25,0,20,1997,wi
2938715,"Dyurishich, Miyat",BUL,M,,,,1459,AUG25,0,40,2009,i
2925699,"Dzhegov, Ivan",BUL,M,,,,1974,AUG25,0,20,1981,i
2927390,"Dzyunzhu, Dzin",BUL,M,,,,1537,AUG25,0,20,2003,i
2957922,"Eftimov, Kalin",BUL,M,,,,1635,AUG25,0,20,1976,i
2937085,"Ehimanov, Kezim",BUL,M,,,,1641,AUG25,0,20,1950,i
2950057,"Ekimov, Ivan",BUL,M,,,,1611,AUG25,0,40,2016,
2937760,Elchinov Georgi,BUL,M,,,,1877,AUG25,0,20,1972,i
2945606,"Emanouilov, Radoslav",BUL,M,,,,1542,AUG25,0,40,2012,i
2929775,"Eminov, Sinan",BUL,M,,,,1723,AUG25,0,20,1989,i
2908158,"Enchev, Evgeni",BUL,M,,,,2046,AUG25,0,20,1986,i
2907712,"Enchev, Ivajlo",BUL,M,GM,,,2425,AUG25,9,10,1989,
2932920,"Enev, Aleks",BUL,M,,,,1612,AUG25,0,40,2011,
2919079,"Enev, Enio",BUL,M,,,,1797,AUG25,0,20,1968,
2910284,"Enev, Martin",BUL,M,,,,1894,AUG25,0,20,1989,
2900106,"Ermenkov, Evgenij",BUL,M,GM,,,2360,AUG25,0,10,1949,i
2942631,"Esmer, Ege",BUL,M,,,,1840,AUG25,8,40,2011,
2924714,"Evrov, Aleksandar",BUL,M,,,,1620,AUG25,0,20,2006,i
2946041,"Evtimov, Preslav",BUL,M,,,,1589,AUG25,0,40,2011,i
2928043,"Evtimova, Bilyana",BUL,F,,,,1565,AUG25,0,20,2005,wi
2948605,"Fangarliev, Anil",BUL,M,,,,1813,AUG25,0,40,2011,
2928051,"Ferdov, Stavri",BUL,M,,,,1821,AUG25,0,20,1961,i
2931559,"Fezova, Iva",BUL,F,,,,1478,AUG25,0,40,2009,wi
2907500,"Filev, Georgi",BUL,M,FM,,,2239,AUG25,0,20,1984,
2930196,"Filipov, Valentin",BUL,M,,,,1461,AUG25,0,40,2007,i
2917653,"Gachev, Rumen",BUL,M,,,,1889,AUG25,0,20,1993,i
2925796,"Gadzhev, Denislav",BUL,M,,,,1721,AUG25,0,20,2006,i
2900874,"Galunov, Todor",BUL,M,FM,,,2249,AUG25,0,20,1964,i
2909995,"Galunova, Tsveta",BUL,F,WIM,WIM,,2072,AUG25,0,20,1995,wi
2952688,"Ganchev, Evgeni",BUL,M,,,,1484,AUG25,0,40,2015,
2918366,"Ganchev, Georgi",BUL,M,,,,1704,AUG25,0,20,2001,i
2940710,"Ganchev, Miroslav",BUL,M,,,,1460,AUG25,0,40,2009,i
2913542,"Ganev, Daniel",BUL,M,,,,1760,AUG25,0,20,1997,i
2967162,"Garkov, Velizar",BUL,M,,,,1508,AUG25,7,40,2016,
2932555,"Gavazov, Veselin",BUL,M,,,,1513,AUG25,0,40,2010,i
2966280,"Gavrilov, Ivailo",BUL,M,,,,1732,AUG25,0,20,1969,
2916649,"Gavrilov, Petar",BUL,M,,,,1756,AUG25,0,20,1994,i
2919400,"Gelemerov, Yane",BUL,M,,,,1934,AUG25,0,20,1949,i
2926393,"Genadiev, Mihail",BUL,M,,,,1503,AUG25,0,20,2006,i
2927675,"Genchev, Asparuh",BUL,M,,,,1545,AUG25,0,20,2005,i
2913461,"Genchev, Evgeni",BUL,M,,,,1885,AUG25,0,20,1994,i
2926300,"Genchev, Petar",BUL,M,,,,1589,AUG25,0,20,2005,i
2919737,"Genov, Ivaylo",BUL,M,,,,1782,AUG25,0,20,2004,i
2925583,"Genov, Krasimir",BUL,M,,,,1697,AUG25,0,20,1965,i
2900211,"Genov, Petar",BUL,M,GM,,,2448,AUG25,0,10,1970,
2901579,"Genov, Petko",BUL,M,,,,2215,AUG25,0,20,1962,i
2929600,"Genov, Radoslav",BUL,M,,,,1819,AUG25,8,40,2007,
2956586,"Genov, Samuil",BUL,M,,,,1496,AUG25,0,40,2014,
2935511,"Genov, Svetlin",BUL,M,,,,1446,AUG25,0,40,2008,i
2919745,"Genov, Valentin",BUL,M,CM,,,1848,AUG25,0,20,2006,
2905612,"Genova, Lyubka",BUL,F,WIM,WIM,,2224,AUG25,0,20,1983,wi
2902273,"Genova, Ruzhka",BUL,F,WIM,WIM,,2068,AUG25,0,20,1963,wi
2932938,"Georgiev, Aleksandar",BUL,M,,,,1537,AUG25,0,40,2008,i
2928060,"Georgiev, Aleksandar",BUL,M,,,,1660,AUG25,0,20,1963,i
2919761,"Georgiev, Alexandar",BUL,M,,,,1591,AUG25,0,20,2003,i
2942640,"Georgiev, Antoniy",BUL,M,,,,1695,AUG25,0,40,2009,i
2900947,"Georgiev, Biser",BUL,M,,,,2122,AUG25,0,20,1962,i
2969580,"Georgiev, Carlos",BUL,M,,,,1621,AUG25,0,20,2001,
2912171,"Georgiev, Dimitar",BUL,M,,,,1815,AUG25,0,20,1944,i
2916347,"Georgiev, Dzhulian",BUL,M,,,,1791,AUG25,0,20,1993,i
2954087,"Georgiev, Georgi J",BUL,M,,,,1727,AUG25,8,20,1972,
2918714,"Georgiev, Ivan",BUL,M,,,,1841,AUG25,0,20,1980,i
2914638,"Georgiev, Ivan",BUL,M,,,,1725,AUG25,0,20,2000,i
2900017,"Georgiev, Kiril",BUL,M,GM,,,2537,AUG25,9,10,1965,
2924986,"Georgiev, Kiril Malinov",BUL,M,,,,1747,AUG25,0,20,2000,i
2924870,"Georgiev, Konstantin",BUL,M,,,,AIM,AUG25,2053,0,2007,i
2916975,"Georgiev, Konstantin",BUL,M,,,,1954,AUG25,0,20,1956,i
2927055,"Georgiev, Kristian",BUL,M,,,,1684,AUG25,0,20,2006,i
2958929,"Georgiev, Marin J.",BUL,M,,,,1680,AUG25,0,20,1972,i
2936208,"Georgiev, Radmil",BUL,M,,,,1541,AUG25,0,40,2009,i
2916088,"Georgiev, Todor",BUL,M,,NA,,2135,AUG25,0,20,1999,i
2918374,"Georgiev, Veselin",BUL,M,,,,1716,AUG25,0,20,2001,i
2922819,"Georgiev, Zhivko",BUL,M,,,,1921,AUG25,0,20,1969,i
2930200,"Georgieva, Dariya",BUL,M,,,,1491,AUG25,0,40,2007,i
2902451,"Georgieva, Emilia",BUL,F,,,,1781,AUG25,7,20,1967,w
2906694,"Georgieva, Marina",BUL,F,,,,1824,AUG25,0,20,1994,wi
2923491,"Georgieva, Sofia",BUL,F,,,,1817,AUG25,0,20,1990,wi
2902150,"Georgieva, Toni",BUL,F,,,,1872,AUG25,0,20,1966,wi
2937913,"Georgieva, Yoana",BUL,F,,,,1427,AUG25,0,40,2009,wi
2955237,"Gerchev, Nikolay",BUL,M,,,,1484,AUG25,6,40,2014,
2925877,"Gergova, Veneta",BUL,F,,,,1484,AUG25,0,20,2006,wi
2924722,"Gerov, Hristo",BUL,M,,,,1614,AUG25,0,20,2005,i
2907186,"Gigov, Mihail",BUL,M,,,,2105,AUG25,0,20,1988,i
2963833,"Gladichev, Momchil",BUL,M,,,,1561,AUG25,0,20,2006,
2901412,"Glavchev, Stanislav",BUL,M,,NA,,AIM,AUG25,2027,0,1975,i
2937859,"Gochev, Gincho",BUL,M,,NA,,1824,AUG25,0,20,2000,i
2922320,"Gochev, Pavlin",BUL,M,,,,1619,AUG25,0,20,1982,
2909073,"Gochev, Plamen",BUL,M,,,,2003,AUG25,9,20,1963,
2902206,"Gocheva, Rumiana",BUL,F,WIM,WIM,NA,1972,AUG25,0,20,1957,wi
2906872,"Gospodinov, Gospodin",BUL,M,,,,2016,AUG25,0,20,1943,i
2913801,"Gospodinova, Nikoleta",BUL,F,,,,1743,AUG25,0,20,1999,wi
2917815,"Grabcheva, Natalia",BUL,F,,,,1797,AUG25,0,20,2002,wi
2960940,"Grancharov, Atanas",BUL,M,,,,1658,AUG25,0,40,2011,i
2921766,"Green, Moria",BUL,M,,,,1987,AUG25,0,20,2000,i
2922150,"Grigorov, Daniel",BUL,M,,,,2090,AUG25,0,20,1975,
2949970,"Grigorov, Georgi G",BUL,M,,,,1578,AUG25,0,20,1998,i
2907313,"Grigorov, Grigor",BUL,M,GM,,,2512,AUG25,0,10,1987,i
2938812,"Grigorov, Maykal",BUL,M,,,,1433,AUG25,0,40,2010,i
2930684,"Grigorov, Petar",BUL,M,,,,1557,AUG25,0,40,2010,i
2930242,"Grigorova, Asya",BUL,F,,,,1582,AUG25,0,40,2007,wi
2941147,"Grozdilov, Mario",BUL,M,,,,1792,AUG25,0,20,1975,i
2953773,"Grozev, Nikola",BUL,M,,,,ACM,AUG25,1527,0,2008,i
2937255,"Grudov, Krasen",BUL,M,,,,1438,AUG25,0,40,2009,i
2920980,"Gugova, Viktoriya",BUL,F,,,,1500,AUG25,0,20,0,wi
2946084,"Gyokov, Georgi",BUL,M,,,,1444,AUG25,0,40,2007,i
2940400,"Gyulestan, Fikri",BUL,M,,,,1575,AUG25,0,20,1960,i
2950910,"Gyulyustan, Myumyun",BUL,M,,,,1464,AUG25,0,20,1940,i
2936461,"Gyurov, Vladimir",BUL,M,,,,1749,AUG25,0,20,1970,i
2961024,"Hachaduryan, Vartan",BUL,M,,,,ACM,AUG25,1432,0,2007,i
2944634,"Hadjibeev, Ventzislav",BUL,M,,,,1910,AUG25,0,20,1976,i
2920581,"Haleplis, Evtimios",BUL,M,,,,1617,AUG25,0,20,2000,i
2945487,"Hlayf, Karim",BUL,M,,,,1537,AUG25,0,20,1999,i
2930358,"Hristakiev, Kristyan",BUL,M,,,,1546,AUG25,0,20,2005,i
2939568,"Hristov, Aleksandar",BUL,M,,,,1721,AUG25,0,20,2004,i
2933187,"Hristov, Angel",BUL,M,,,,1508,AUG25,0,20,1981,i
2903733,"Hristov, Atanas",BUL,M,,,,2066,AUG25,0,20,1975,i
2910632,"Hristov, Boris",BUL,M,,,,1718,AUG25,0,20,1937,i
2939576,"Hristov, Boyko",BUL,M,,,,1696,AUG25,0,20,1973,i
2937093,"Hristov, Denislav Tsv.",BUL,M,,,,1464,AUG25,0,40,2007,i
2912279,"Hristov, Dimitar",BUL,M,,,,1889,AUG25,0,20,1999,i
2928515,"Hristov, Dimitar",BUL,M,,,,1514,AUG25,0,40,2008,i
2941600,"Hristov, Dimitar",BUL,M,,,,1885,AUG25,0,20,1974,i
2956799,"Hristov, Georgi",BUL,M,,,,1475,AUG25,6,40,2015,
2905230,"Hristov, Hristo",BUL,M,,,,2157,AUG25,0,20,1996,i
2919419,"Hristov, Hristo Mitov",BUL,M,,,,2058,AUG25,0,20,1998,
2929449,"Hristov, Ivan",BUL,M,,,,ACM,AUG25,1615,0,2006,i
2910837,"Hristov, Kaloyan",BUL,M,,,,1816,AUG25,0,20,1998,i
2969599,"Hristov, Konstantin M.",BUL,M,,,,1580,AUG25,0,20,1999,
2914417,"Hristov, Krasimir Iv.",BUL,M,,,,1859,AUG25,0,20,1958,
2941732,"Hristov, Nikola",BUL,M,,,,1480,AUG25,0,40,2009,i
2907976,"Hristov, Nikolay Valeriev",BUL,M,,,,2092,AUG25,0,20,1999,i
2910411,"Hristov, Petar",BUL,M,,,,1954,AUG25,0,20,1988,i
2941619,"Hristov, Stefan",BUL,M,,,,1859,AUG25,0,20,1967,i
2928078,"Hristov, Stoyan",BUL,M,,,,1798,AUG25,0,20,1960,i
2942305,"Hristov, Todor",BUL,M,,,,1932,AUG25,0,20,1974,i
2925257,"Hristova, Detelina",BUL,F,,,,1600,AUG25,0,20,2003,wi
2925885,"Hristova, Ivelina",BUL,F,,,,1862,AUG25,7,40,2008,w
2958171,"Hyusein, Alper",BUL,M,,,,1587,AUG25,9,40,2008,
2932571,"Ibryamov, Dzhihan",BUL,M,,,,1515,AUG25,0,20,2006,i
2920727,"Ignatov, Georgi",BUL,M,,,,1954,AUG25,0,20,2003,
2936810,"Ignatov, Kristiyan",BUL,M,,,,1533,AUG25,0,40,2009,i
2929066,"Ilchev, Anton",BUL,M,,,,1669,AUG25,0,20,1978,i
2903660,"Ilchev, Dimitar",BUL,M,,,,2035,AUG25,0,20,1960,i
2904900,"Ilchov, Rosen",BUL,M,,,,2165,AUG25,0,20,1966,i
2932717,"Iliev, Hristiyan",BUL,M,,,,2311,AUG25,9,20,2006,
2969351,"Iliev, Iliyan",BUL,M,,,,1749,AUG25,0,20,1982,
2930145,"Iliev, Krasimir",BUL,M,,,,1809,AUG25,0,20,1975,i
2931842,"Iliev, Kristiyan",BUL,M,,,,1447,AUG25,0,40,2008,i
2912996,"Iliev, Martin",BUL,M,,,,1810,AUG25,7,20,1976,
2908018,"Iliev, Nikolay",BUL,M,,,,2024,AUG25,0,20,1986,i
2949350,"Iliev, Stoyan",BUL,M,,,,1725,AUG25,7,40,2014,
2908026,"Iliev, Vasil",BUL,M,,,,2004,AUG25,0,20,1978,i
2925800,"Iliev, Viktor",BUL,M,,,,1648,AUG25,0,20,2006,i
2916096,"Iliev, Yoan",BUL,M,,,,1752,AUG25,0,20,1999,i
2917548,"Ilieva, Gabriela",BUL,F,,,,1741,AUG25,0,20,2000,wi
2933560,"Ilieva, Kalina",BUL,F,,,,1473,AUG25,0,40,2007,wi
2909235,"Ilieva, Nikol",BUL,F,,,,1723,AUG25,0,20,1999,wi
2919974,"Ilieva, Rada",BUL,F,,,,1575,AUG25,0,20,2003,wi
2926148,"Ilieva, Ralitsa",BUL,F,,,,1797,AUG25,0,20,2004,wi
2915618,"Iliyazova, Arzu",BUL,F,,,,1647,AUG25,0,20,1998,wi
2927691,"Ingilizov, Dimitar",BUL,M,,,,1600,AUG25,0,20,2005,i
2900033,"Inkiov, Ventzislav",BUL,M,GM,,,2423,AUG25,0,10,1956,i
2906503,"Iordanov, Nikolay",BUL,M,,,,2219,AUG25,0,20,1976,i
2906074,"Iotov, Valentin",BUL,M,GM,,,2586,AUG25,0,10,1988,i
2909324,"Ismail, Nersin",BUL,M,,,,1816,AUG25,0,20,1970,i
2948664,"Ismailov, Nedim",BUL,M,,,,1670,AUG25,0,20,1978,i
2926555,"Ivanov, Antoan",BUL,M,,,,1749,AUG25,0,20,2006,i
2907305,"Ivanov, Bogidar",BUL,M,,,,2142,AUG25,9,20,1974,
2905256,"Ivanov, Boris",BUL,M,,,,1933,AUG25,0,20,1999,i
2922169,"Ivanov, Danail",BUL,M,,,,1862,AUG25,0,20,0,i
2912317,"Ivanov, Daniel",BUL,M,,,,1828,AUG25,0,20,1980,i
2915804,"Ivanov, Denis",BUL,M,,,,1815,AUG25,0,20,2001,i
2951690,"Ivanov, Denislav",BUL,M,,,,1802,AUG25,0,40,2015,
2936224,"Ivanov, Denislav",BUL,M,,,,1530,AUG25,0,40,2008,i
2902079,"Ivanov, Emil",BUL,M,,,,2089,AUG25,0,20,1956,i
2945495,"Ivanov, Galin",BUL,M,,,,1633,AUG25,0,20,1976,i
2929090,"Ivanov, Georgi",BUL,M,,,,1683,AUG25,0,20,1975,i
2944820,"Ivanov, Hristiyan",BUL,M,,,,AFM,AUG25,1725,8,2007,
2917840,"Ivanov, Iliyan V",BUL,M,,,,1705,AUG25,0,20,2002,i
2928299,"Ivanov, Ivan",BUL,M,,,,1488,AUG25,0,20,2004,i
2950146,"Ivanov, Ivan",BUL,M,,,,1623,AUG25,0,20,1990,i
2938839,"Ivanov, Ivan",BUL,M,,,,1455,AUG25,0,40,2010,i
2941627,"Ivanov, Ivan Penchev",BUL,M,,,,1743,AUG25,0,20,1968,i
2923882,"Ivanov, Ivan Petkov",BUL,M,,,,1965,AUG25,0,20,1952,i
2931575,"Ivanov, Ivan T.",BUL,M,,,,1626,AUG25,0,40,2009,i
2930218,"Ivanov, Ivan Vasilev",BUL,M,,,,1716,AUG25,0,20,1939,
2907291,"Ivanov, Ivelin",BUL,M,,,,2042,AUG25,0,20,1965,i
2901250,"Ivanov, Jordan",BUL,M,IM,,,2309,AUG25,0,20,1960,i
2933730,"Ivanov, Kalin",BUL,M,,,,1597,AUG25,0,40,2007,i
2925702,"Ivanov, Kaloyan",BUL,M,,,,1952,AUG25,0,20,1998,i
2934140,"Ivanov, Lachezar",BUL,M,,,,1723,AUG25,0,40,2008,
2903776,"Ivanov, Ljubomir",BUL,M,,,,1843,AUG25,0,20,1969,i
2928965,"Ivanov, Lyubomir",BUL,M,,,,1444,AUG25,0,40,2007,i
2910950,"Ivanov, Oleg",BUL,M,,,,1779,AUG25,0,20,1952,i
2941864,"Ivanov, Stefan V",BUL,M,,,,1729,AUG25,0,40,2009,i
2903245,"Ivanov, Stojan Emilov",BUL,M,,,,2129,AUG25,9,20,1973,
2924269,"Ivanov, Svetlen",BUL,M,CM,,,2028,AUG25,9,40,2008,
2907720,"Ivanov, Tsvetalin",BUL,M,,,,2187,AUG25,0,20,1986,i
2938847,"Ivanov, Tsvetan",BUL,M,,,,1483,AUG25,0,40,2011,i
2942020,"Ivanov, Ventsislav",BUL,M,,,,1522,AUG25,0,40,2012,i
2935953,"Ivanov, Yoan",BUL,M,,,,1459,AUG25,0,40,2007,i
2921693,"Ivanov, Zahari",BUL,M,,,,1692,AUG25,0,20,2004,i
2947919,"Ivanov,ivan, D",BUL,M,,,,1951,AUG25,0,20,1972,i
2906414,"Ivanova, Alexandra",BUL,F,,,,1795,AUG25,0,20,1995,wi
2929325,"Ivanova, Boyana",BUL,F,,,,1465,AUG25,0,40,2007,wi
2947757,"Ivanova, Darina",BUL,F,,,,AFM,AUG25,1558,0,2014,w
2925621,"Ivanova, Dilyana",BUL,F,WCM,WCM,,1838,AUG25,21,40,2007,w
2932725,"Ivanova, Elena",BUL,F,,,,1540,AUG25,0,40,2007,wi
2919290,"Ivanova, Hristina",BUL,F,,,,1683,AUG25,0,20,2003,wi
2940140,"Ivanova, Nikol",BUL,F,,,,1688,AUG25,0,40,2014,w
2926571,"Ivanova, Paolina",BUL,F,,,,1447,AUG25,0,20,2003,wi
2911370,"Ivanova, Silvia",BUL,F,,,,1878,AUG25,0,20,1994,wi
2900548,"Ivanova, Simoneta",BUL,F,WFM,WFM,,1979,AUG25,0,20,1997,wi
2904039,"Ivelinov, Hristo",BUL,M,,,,2123,AUG25,0,20,1975,i
2901099,"Janakiev, Ivan",BUL,M,IM,,,2033,AUG25,0,20,1948,i
2924072,"Janev, Ivan",BUL,M,,,,1912,AUG25,0,20,1980,i
2912350,"Jordanova, Joana",BUL,F,,,,1809,AUG25,0,20,1992,wi
2910365,"Jotev, Yassen",BUL,M,,,,AIM,AUG25,1928,0,1976,
2903253,"Jovchev, Aleksi",BUL,M,,,,2135,AUG25,0,20,1975,i
2946092,"Kabaivanov, Aleks",BUL,M,,,,ACM,AUG25,1519,7,2012,
2929961,"Kadir, Metin",BUL,M,,,,1462,AUG25,0,40,2008,i
2957248,"Kafedzhijski, Stefan",BUL,M,,,,1573,AUG25,0,40,2010,
2956675,"Kafedzhiyski, Nikola",BUL,M,,,,1482,AUG25,0,40,2016,
2956683,"Kafedzhiyski, Stefan",BUL,M,,,,1622,AUG25,8,40,2010,
2906953,"Kalajdzhiev, Radoslav",BUL,M,,,,2013,AUG25,0,20,1972,i
2915812,"Kalbanov, Damyan",BUL,M,,,,1773,AUG25,0,20,2001,i
2908930,"Kalchev, Stefan",BUL,M,,,,2073,AUG25,0,20,1956,i
2942690,"Kaloyanov, Zhivko",BUL,M,,,,1546,AUG25,8,40,2011,
2948680,"Kamber, Aydan",BUL,M,,,,1810,AUG25,0,20,1977,i
2908255,"Kamenov, Valentin",BUL,M,,,,1717,AUG25,62,20,1967,
2922886,"Kan, Efim",BUL,M,,,,2053,AUG25,0,20,2005,
2906155,"Kanazirev, Pavel",BUL,M,,,,2053,AUG25,0,20,1978,i
2933012,"Kanchev, Martin",BUL,M,,,,1708,AUG25,0,40,2009,i
2915820,"Kanchev, Rumen",BUL,M,,,,1643,AUG25,0,20,2001,i
2937603,Kanev Kristiyan,BUL,M,,,,1459,AUG25,0,40,2010,i
2928531,"Kanov, Nikola",BUL,M,IM,,,2225,AUG25,0,40,2007,i
2954630,"Kapitanski, Furion",BUL,M,,,,1586,AUG25,0,40,2016,
2908999,"Karadaliev, Daniel",BUL,M,,,,1923,AUG25,0,20,1994,i
2948699,"Karadzhov, Hristo",BUL,M,,,,1792,AUG25,0,20,1975,i
2922568,"Karadzhov, Ivan",BUL,M,,,,1954,AUG25,0,20,2004,i
2971631,"Karadzhov, Zhivomir",BUL,M,,,,1645,AUG25,7,40,2007,
2933578,"Karageorgieva, Zhanet",BUL,F,,,,1470,AUG25,0,20,2006,wi
2905299,"Karaivanov, Alexander",BUL,M,,FI,,AGM,AUG25,1921,0,1988,
2925710,"Karaivanov, Kaloyan",BUL,M,,,,2009,AUG25,0,20,1999,i
2919150,"Karaivanova, Petya",BUL,F,WFM,WFM,NA,1943,AUG25,0,40,2007,w
2935570,"Karaliyski, Mariyan",BUL,M,,,,1714,AUG25,0,20,1979,i
2953692,"Karanashev, Kosta",BUL,M,,,,1642,AUG25,0,20,1973,i
2934906,"Karnobatov, Tenyo",BUL,M,,,,1756,AUG25,0,20,1967,i
2929171,"Karov, Aleksandar",BUL,M,,,,1429,AUG25,0,40,2007,i
2929180,"Karova, Peya",BUL,F,,,,1615,AUG25,0,20,2004,wi
2910004,"Kartalov, Kiril",BUL,M,,,,1701,AUG25,0,20,1951,i
2910071,"Katov, Luboslav",BUL,M,FM,,,2361,AUG25,0,20,1990,i
2913003,"Katsarov, Hristo",BUL,M,,,,1665,AUG25,0,20,1961,i
2923513,"Katsarski, Martin",BUL,M,,,,1818,AUG25,0,20,1986,
2929538,"Kaymakanski, Ventsi",BUL,M,,,,1467,AUG25,0,40,2007,i
2957396,"Kazak, Anna",BUL,F,,,,1531,AUG25,0,40,2012,wi
2954303,"Kazakov, Nikolay",BUL,M,,,,1628,AUG25,0,20,2006,
2911710,"Kazakov, Peter",BUL,M,,,,2126,AUG25,0,20,1972,i
2933837,"Keryan, David",BUL,M,,,,1486,AUG25,0,20,2005,i
2948702,"Keshev, Alper",BUL,M,,,,1821,AUG25,0,20,1982,i
2957159,"Kichukova, Eva",BUL,F,,,,ACM,AUG25,1472,0,2016,w
2938634,"Kineva, Ivona",BUL,F,,,,1508,AUG25,0,40,2008,wi
2919575,"Kirachen, Dimitar",BUL,M,,,,1797,AUG25,0,20,1984,i
2910012,"Kirchev, Krasimir",BUL,M,,,,1944,AUG25,0,20,1973,i
2942313,"Kirikov, Sergey",BUL,M,,,,1573,AUG25,0,20,1964,i
2943824,"Kirilov, Atanas",BUL,M,,,,1934,AUG25,0,20,1983,i
2921359,"Kirilov, Ivaylo",BUL,M,,,,1975,AUG25,0,20,2003,i
2904950,"Kirjakov, Toma",BUL,M,,,,2253,AUG25,9,20,1975,
2922584,"Kirkov, Mihail",BUL,M,,,,1764,AUG25,0,20,2004,i
2946106,"Kiryazova, Mikaela",BUL,F,,,,1495,AUG25,0,40,2013,wi
2930374,"Kisyov, Krum-Petar",BUL,M,,,,AIM,AUG25,1601,0,2007,i
2929198,"Klaklov, Adrian",BUL,M,,,,1473,AUG25,0,20,2006,i
2929201,"Klaklov, Nikola",BUL,M,,,,1476,AUG25,0,40,2009,i
2937611,Kochev Ivan,BUL,M,,,,1494,AUG25,0,40,2011,i
2930382,"Kochev, Bozhidar",BUL,M,,,,1503,AUG25,0,40,2007,i
2944332,"Kochev, Kristiyan",BUL,M,,,,1511,AUG25,0,40,2013,i
2917890,"Kochiev, Ivan",BUL,M,CM,,,2286,AUG25,0,20,2002,
2902370,"Koen, Maja",BUL,F,WIM,WIM,,2049,AUG25,0,20,1973,wi
2945924,"Koev, Georgi",BUL,M,,,,1473,AUG25,0,40,2014,i
2924730,"Koev, Koycho",BUL,M,,,,1617,AUG25,0,20,2005,i
2973456,"Kogiev, Svetlozar",BUL,M,,,,1706,AUG25,0,40,2008,
2922118,"Kokerov, Stefan",BUL,M,,,,1896,AUG25,0,20,1961,i
2944049,"Kolarov, Miroslav",BUL,M,,,,1671,AUG25,0,20,2003,i
2903008,"Kolev, Aleksandar",BUL,M,,,,2267,AUG25,0,20,1972,i
2901463,"Kolev, Atanas Tonchev",BUL,M,,,,2086,AUG25,0,20,1963,i
2919583,"Kolev, Georgi",BUL,M,,,,1759,AUG25,0,20,2005,i
2903849,"Kolev, Hristian",BUL,M,,,,1887,AUG25,0,20,1995,i
2906740,"Kolev, Ivan",BUL,M,,,,2135,AUG25,0,20,1981,i
2919788,"Kolev, Lachezar",BUL,M,,,,1980,AUG25,0,20,2005,i
2925036,"Kolev, Nikola G",BUL,M,,,,1579,AUG25,0,20,2004,i
2937450,"Kolev, Nikola T",BUL,M,,,,1487,AUG25,0,40,2011,i
2957191,"Kolev, Nikolaj",BUL,M,,,,1572,AUG25,0,40,2011,i
2915499,"Kolev, Nikolay Bonev",BUL,M,,,,1791,AUG25,0,20,1955,
2957400,"Kolev, Nikolay Dragomirov",BUL,M,,,,1519,AUG25,0,40,2011,i
2905337,"Koleva, Djuliana",BUL,F,,,,1827,AUG25,0,20,1998,wi
2931605,"Kondeva, Zhasmina",BUL,F,,,,1588,AUG25,0,40,2008,wi
2925648,"Kondov, Vasil",BUL,M,,,,1745,AUG25,0,40,2007,i
2932741,"Kononenko, Vladimir",BUL,M,,,,1817,AUG25,0,40,2009,i
2910934,"Konstantinov, Aleksandar",BUL,M,,,,AIM,AUG25,1928,0,1989,i
2942321,"Koruderliev, Yanko",BUL,M,,,,1780,AUG25,0,20,1948,i
2920085,"Kosev, Alexandar",BUL,M,,,,1647,AUG25,0,20,2000,i
2914069,"Kostadinov, Angel",BUL,M,,,,1716,AUG25,0,20,1949,i
2929805,"Kostadinov, Anton",BUL,M,,,,2189,AUG25,0,20,1982,i
2911744,"Kostadinov, Kaloyan",BUL,M,,,,2069,AUG25,0,20,1979,i
2922924,"Kostadinov, Stilyan",BUL,M,,,,1638,AUG25,0,20,2005,i
2935899,"Kostadinova, Fabiyana",BUL,F,,,,1454,AUG25,0,40,2010,wi
2915324,"Kostadinova, Marieta",BUL,F,,,,1678,AUG25,0,20,2001,wi
2938960,"Kostadinova, Siyana",BUL,F,,,,1591,AUG25,0,40,2008,wi
2924374,"Kostev, Alex",BUL,M,,,,1643,AUG25,0,20,2005,i
2924382,"Kosteva, Stefani",BUL,F,,,,1668,AUG25,0,20,2003,wi
2925559,"Kostov, Anton",BUL,M,,,,1621,AUG25,0,20,2002,i
30909015,"Kostov, Deyan Samuil",BUL,M,FM,,,2217,AUG25,0,20,2006,
2902168,"Kostov, Galin",BUL,M,,,,2058,AUG25,0,20,1964,i
2933926,"Kostov, Kiril",BUL,M,,,,2233,AUG25,0,40,2007,
2929333,"Kostov, Kosta Georgiev",BUL,M,,,,1709,AUG25,0,20,1949,i
2920093,"Kostov, Mihail",BUL,M,,,,1582,AUG25,0,20,2004,i
2911779,"Kostov, Miroslav",BUL,M,,,,1972,AUG25,0,20,1975,i
2902869,"Kostov, Nikolay",BUL,M,,,,1944,AUG25,0,20,1936,i
2902613,"Kostov, Stracimir",BUL,M,,,,1971,AUG25,0,20,1991,i
2942798,"Kostov, Troyan",BUL,M,,,,1755,AUG25,0,40,2010,i
2926857,"Kosturkov, Hristo",BUL,M,,,,AIM,AUG25,1718,7,1968,
2922720,"Kosturkov, Krasimir",BUL,M,,,,1771,AUG25,0,20,1979,i
2916525,"Kovachev, Ivan",BUL,M,,,,1752,AUG25,0,20,1996,
2906260,"Kovachev, Radoslav",BUL,M,,,,1704,AUG25,0,20,1944,i
2910292,"Kozarev, Petar",BUL,M,,,,1939,AUG25,0,20,1973,i
2905418,"Kozhuharov, Spas",BUL,M,IM,,,2373,AUG25,0,10,1980,i
2909480,"Krastev, Goran",BUL,M,,,,2056,AUG25,0,20,1989,i
2952238,"Krastev, Hanko",BUL,M,,,,1629,AUG25,0,40,2013,i
2903857,"Krastev, Kalin",BUL,M,,,,1891,AUG25,0,20,1995,i
2904098,"Krastev, Krasimir",BUL,M,,,,1848,AUG25,0,20,1962,
2955911,"Krastev, Stanislav",BUL,M,,,,1738,AUG25,0,40,2010,i
2917289,"Krastev, Vladimir",BUL,M,,,,1969,AUG25,0,20,1977,
2949997,"Krastev, Vladislav",BUL,M,,,,1531,AUG25,0,40,2008,i
2922029,"Krasteva, Beloslava",BUL,F,FM,WGM,,2098,AUG25,0,20,2004,w
2936526,"Krasteva, Yoana",BUL,F,,,,1614,AUG25,7,40,2009,w
2902621,"Krumov, Georgi",BUL,M,,,,1803,AUG25,0,20,1992,i
2927446,"Krumov, Troyan",BUL,M,,,,1482,AUG25,0,20,2004,i
2902699,"Krumova, Ani",BUL,F,,,,2074,AUG25,0,20,1994,wi
2936330,"Krushkov, Vladimir",BUL,M,,,,1636,AUG25,0,20,1960,i
2906139,"Kukov, Velislav",BUL,M,IM,NA,,2266,AUG25,0,20,1983,i
11634103,"Kukushkin, Ivan",BUL,M,CM,,,2218,AUG25,0,40,2014,
2924757,"Kulev, Atanas",BUL,M,,,,1819,AUG25,0,20,2006,i
2929368,"Kulev, Valentin",BUL,M,,,,1434,AUG25,0,40,2009,i
2913852,"Kulinchev, Georgi",BUL,M,,,,2132,AUG25,0,20,1959,
2946130,"Kyosev, Martin",BUL,M,,,,1596,AUG25,0,40,2013,
2963388,"Kyosev, Yordan",BUL,M,,,,1526,AUG25,0,20,1985,i
2923327,"Kyuchukov, Denis",BUL,M,,,,1842,AUG25,0,20,1996,i
2910993,"Kyupriyski, Borislav",BUL,M,,,,1863,AUG25,0,20,1990,i
2920751,"Kyurov, Iliyan",BUL,M,,,,1543,AUG25,0,20,2002,i
2900254,"Lalev, Dimitar",BUL,M,IM,,,2331,AUG25,0,20,1960,
2939550,"Laleva, Radoslava",BUL,F,,,,AFM,AUG25,1627,0,1981,wi
2953706,"Laskov, Zhivko",BUL,M,,,,1508,AUG25,0,20,1955,i
2923521,"Lazarov, Dimitar A.",BUL,M,,,,1836,AUG25,0,20,1992,i
2931850,"Lazarov, Kiril Pavlinov",BUL,M,,,,1522,AUG25,0,20,2005,i
2941236,"Lazarov, Lachezar",BUL,M,,,,1744,AUG25,0,20,1977,i
2924102,"Lazarov, Nikola",BUL,M,,,,1699,AUG25,0,20,2004,i
2929864,"Lazov, Dimitar",BUL,M,,,,1545,AUG25,0,20,2000,i
2916223,"Lazov, Stefan",BUL,M,,,,2038,AUG25,0,20,1996,i
2925893,"Lenkova, Lyubomira",BUL,F,,,,1551,AUG25,0,20,2005,wi
2915189,"Lichkov, Ivan",BUL,M,,,,2051,AUG25,0,20,1980,i
2901277,"Ljangov, Petar",BUL,M,,,,2079,AUG25,0,20,1937,i
2904390,"Lozanov, Grozdan",BUL,M,,,,2105,AUG25,0,20,1985,i
2952840,"Lozanov, Pavel",BUL,M,,,,1578,AUG25,8,40,2017,
2923530,"Lozanov, Svetoslav",BUL,M,,,,AGM,AUG25,1986,0,1971,i
2942895,"Luizov, Hristo",BUL,M,,,,1415,AUG25,0,40,2009,i
2919001,"Lyondev, Konstantin",BUL,M,,,,1676,AUG25,0,20,2002,i
2923190,"Ma, Ichen",BUL,F,,,,1606,AUG25,0,20,2005,wi
2932660,"Maihoefer, Aleksandar",BUL,M,,,,1800,AUG25,0,20,2002,
2947412,"Malchev, Nikola",BUL,M,,,,1802,AUG25,8,40,2014,
2947420,"Malcheva, Niya",BUL,F,,,,1685,AUG25,7,40,2014,w
2922606,"Malinov, Martin",BUL,M,,,,AFM,AUG25,1746,0,2004,i
2926768,"Manchev, Sevdalin",BUL,M,,,,1665,AUG25,0,20,1970,i
2915197,"Mandzhukov, Stoyan",BUL,M,,,,1827,AUG25,0,20,1953,i
2950570,"Manev, Miroslav",BUL,M,,,,1497,AUG25,0,40,2013,i
2930064,"Manov, Iliyan",BUL,M,,,,1775,AUG25,0,20,2005,i
2926261,"Margaritov, Andrey",BUL,M,,,,1550,AUG25,0,20,2004,i
2901340,"Marholev, Dimitar",BUL,M,IM,,,2247,AUG25,0,20,1971,i
2927365,"Marholev, Todor",BUL,M,,,,1657,AUG25,0,20,1984,i
2937638,Marinov Veselin,BUL,M,,,,1410,AUG25,0,40,2009,i
2935872,"Marinov, Ilizar",BUL,M,,,,1561,AUG25,0,20,2004,i
2942852,"Marinov, Marin Pl",BUL,M,,,,1427,AUG25,0,40,2010,i
2931869,"Markov, Daniel",BUL,M,,,,1500,AUG25,0,40,2008,i
2945231,"Markov, Mario",BUL,M,,,,1825,AUG25,0,20,1976,i
2939592,"Markov, Svetlin",BUL,M,,NA,,1648,AUG25,0,20,1974,i
2918315,"Markova, Ralitca",BUL,F,,,,1723,AUG25,0,20,2000,w
2948729,"Markvard, Lenka",BUL,F,,,,1631,AUG25,0,20,2005,wi
2916860,"Marmarov, Atanas",BUL,M,,,,2125,AUG25,0,20,1965,i
2912465,"Martinov, Nasko",BUL,M,,,,1821,AUG25,0,20,1971,i
2937646,Marzakov Rumen,BUL,M,,,,1558,AUG25,0,40,2011,i
2936623,"Marzakov, Mihail",BUL,M,,,,1873,AUG25,8,40,2008,
2936690,"Mateev, Kaloyan Mateev",BUL,M,,,,1781,AUG25,0,20,1974,i
2935600,"Mateeva, Yana",BUL,F,,,,1536,AUG25,0,40,2011,wi
2934396,"Matsinski, Konstantin",BUL,M,,NA,,1707,AUG25,0,20,2001,i
2967227,"Mazgarev, Boyan",BUL,M,,,,1436,AUG25,0,40,2017,
2922959,"Mazhdrakova, Magdalena",BUL,F,,,,1498,AUG25,0,20,1982,wi
2948230,"Mehmed, Ahmed",BUL,M,,,,1511,AUG25,8,20,1956,
2937921,"Mehmed, Neshe",BUL,F,,,,1518,AUG25,0,20,2006,wi
2940728,"Mehmedov, Akay",BUL,M,,,,1427,AUG25,0,40,2009,i
2909790,"Merdzhanov, Vladko",BUL,M,,,,1711,AUG25,0,20,1958,i
2948761,"Mestan, Kazim",BUL,M,,,,1560,AUG25,0,20,1950,i
2910306,"Metev, Jordan",BUL,M,,,,1839,AUG25,0,20,1946,i
2908506,"Metev, Martin",BUL,M,,,,2029,AUG25,0,20,1984,i
2911027,"Metodiev, Veselin",BUL,M,,,,1994,AUG25,0,20,1998,i
2934647,"Metushev, Adrian",BUL,M,,,,1661,AUG25,0,40,2008,i
2943190,"Mihailov, Kostadin",BUL,M,,,,1798,AUG25,0,20,1970,i
2957183,"Mihajlov, Mihail",BUL,M,,,,1484,AUG25,5,20,1971,
2905957,"Mihajlov, Mihail BUL",BUL,M,,,,1788,AUG25,0,20,1971,i
2918935,"Mihalev, Daniil",BUL,M,,,,1882,AUG25,0,20,1995,i
2938375,"Mihalev, Rosen",BUL,M,,,,1900,AUG25,0,20,1962,i
2934922,"Mihaylov, Aleksey",BUL,M,,,,1599,AUG25,0,20,1981,i
2955504,"Mihaylov, Boyan",BUL,M,,,,1564,AUG25,0,40,2011,i
2944537,"Mihaylov, Bozhidar",BUL,M,,,,1591,AUG25,0,40,2013,i
2923939,"Mihaylov, Dimitar",BUL,M,,,,1763,AUG25,0,20,2003,i
2924765,"Mihaylov, Petar",BUL,M,,,,1543,AUG25,0,20,2003,i
2926628,"Mihaylov, Radoslav",BUL,M,,,,1533,AUG25,0,20,2005,i
2952254,"Mihova, Sofia",BUL,F,,,,1558,AUG25,0,40,2013,wi
2904861,"Mikov, Ognyan",BUL,M,,,,1922,AUG25,0,20,1987,
2936542,"Mikov, Simeon",BUL,M,,,,1889,AUG25,0,40,2007,
2914450,"Milanov, Milan",BUL,M,,,,1801,AUG25,0,20,1944,
2939150,"Milanov, Stanimir",BUL,M,,,,1478,AUG25,0,20,2006,i
2905469,"Milanova, Maria",BUL,F,,,,1914,AUG25,0,20,1994,wi
2918455,"Milchev, Lyubomir",BUL,M,,,,1702,AUG25,0,20,2002,i
2907020,"Milchev, Miroslav",BUL,M,,,,2175,AUG25,0,20,1980,
2925834,"Milev, Kristiyan",BUL,M,,,,1633,AUG25,0,20,2006,i
2928310,"Milev, Raicho",BUL,M,,,,1527,AUG25,9,20,2003,
2924498,"Milushev, Iordan",BUL,M,,,,1929,AUG25,0,20,1967,
2945142,"Minchev, Istatko",BUL,M,,,,1637,AUG25,0,20,1946,
2907569,"Minchev, Valentin",BUL,M,,,,2084,AUG25,0,20,1959,i
2926881,"Minev, Preslav",BUL,M,,,,1484,AUG25,0,40,2007,i
2917947,"Mineva, Rada",BUL,F,,,,1605,AUG25,0,20,2003,wi
2926890,"Minkov, Borislav",BUL,M,,,,1567,AUG25,0,40,2007,i
2936054,"Mirchev, Iliyan",BUL,M,,,,1507,AUG25,0,20,2005,i
2915650,"Mircheva, Nona",BUL,F,,,,1811,AUG25,0,20,1999,wi
2920000,"Mironova, Magdalena",BUL,F,,,,1590,AUG25,0,20,2004,wi
2904942,"Mishev, Liubomir",BUL,M,,,,2166,AUG25,0,20,1976,i
2910519,"Mishkovski, Lubomir",BUL,M,,,,1955,AUG25,0,20,1980,i
2957795,"Mitev, Atila",BUL,M,,,,1434,AUG25,0,40,2017,
2903474,"Mitev, Kamen",BUL,M,,,,1690,AUG25,0,20,1968,i
2913348,"Mitev, Miroslav",BUL,M,,"FI,IA",,1895,AUG25,0,20,1990,i
2929287,"Mitev, Mitko",BUL,M,,,,1803,AUG25,0,20,1965,i
2920760,"Mitev, Stanislav",BUL,M,,,,1747,AUG25,0,20,2003,i
2921707,"Mitev, Valentin",BUL,M,FM,,,2228,AUG25,9,20,2004,
2912511,"Miteva, Silvena",BUL,F,,,,1835,AUG25,0,20,1994,wi
2946920,"Mitkov, Denis",BUL,M,,,,1783,AUG25,0,20,2000,i
2927969,"Mitkov, Simeon-Alekzander",BUL,M,,,,1552,AUG25,0,20,2004,i
2943972,"Mitkova, Victoria-Elizabeth",BUL,F,,,,1473,AUG25,0,40,2007,wi
2938022,Mitov Nikola,BUL,M,,,,1458,AUG25,0,40,2011,i
2911043,"Mitov, Kiril",BUL,M,,,,1929,AUG25,0,20,1994,i
2916452,"Mitov, Pavel",BUL,M,,,,1820,AUG25,9,40,1985,
2902176,"Mitrev, Emil",BUL,M,,,,2085,AUG25,0,20,1959,
2930072,"Mitushev, Adrian",BUL,M,,,,1624,AUG25,0,40,2008,i
2911655,"Mladenov, Andrey",BUL,M,,,,1741,AUG25,0,20,1979,i
2922258,"Mladenov, Angel",BUL,M,,,,1850,AUG25,0,20,1959,
2937808,"Mladenov, Elian",BUL,M,,,,1581,AUG25,0,40,2008,i
2904918,"Mladenov, Emil",BUL,M,,,,1882,AUG25,11,20,1962,
2940213,"Mladenov, Georgi",BUL,M,,,,AFM,AUG25,1513,0,2012,i
2930498,"Mladenov, Hristo",BUL,M,,,,AFM,AUG25,1609,0,2007,i
2932547,"Mladenov, Mladen",BUL,M,,,,1743,AUG25,0,20,1974,i
2959402,"Mladenov, Valentin",BUL,M,,,,1641,AUG25,0,40,2014,
2928728,"Mollov, Aleksandar",BUL,M,,,,1605,AUG25,0,20,2005,i
2945444,"Mollov, Antoniy",BUL,M,,,,1885,AUG25,0,20,1977,i
2917963,"Mollov, Plamen",BUL,M,,,,1974,AUG25,0,20,1958,i
2918862,"Momchev, Momchil",BUL,M,,,,1892,AUG25,0,20,1975,i
2950154,"Momchev, Venelin",BUL,M,,,,1542,AUG25,0,20,1991,i
2910322,"Monev, Aleksandar",BUL,M,,,,2226,AUG25,0,20,1996,i
2957230,"Moskov, Viktor",BUL,M,,,,1545,AUG25,0,20,2006,i
2948800,"Musa, Myumyun",BUL,M,,,,1455,AUG25,0,20,1982,i
2942100,"Musin, Maksim",BUL,M,,,,1803,AUG25,0,20,1973,i
2957582,"Mustafa, Umut",BUL,M,,,,1579,AUG25,0,40,2008,i
2918170,"Mustedjeb, Anher",BUL,M,,,,1782,AUG25,0,20,2002,i
2919842,"Mutafchiyska, Maria",BUL,F,,,,1669,AUG25,0,20,2005,wi
2905566,"Mutafov, Krasimir",BUL,M,,,,1995,AUG25,9,20,1977,
2928647,"Nachev, Grigor",BUL,M,,,,1587,AUG25,0,40,2007,i
2917971,"Nacheva, Jana",BUL,F,,,,1632,AUG25,0,20,2000,wi
4650891,"Naiditsch, Arkadij",BUL,M,GM,,,2577,AUG25,0,10,1985,
2906449,"Nancheva, Doroteya",BUL,F,,,,1873,AUG25,0,20,1996,wi
2950588,"Naneva, Aleksandra",BUL,F,,,,1521,AUG25,0,40,2014,wi
2917440,"Nanovski, Stiliyan",BUL,M,,,,1719,AUG25,0,20,2002,i
2926636,"Nasar, Lazar",BUL,M,,,,1875,AUG25,0,20,2003,i
2932091,"Naydenov, Kristiyan",BUL,M,,,,ACM,AUG25,1526,0,2008,i
2925907,"Naymanova, Patricie",BUL,F,WFM,WFM,,1880,AUG25,0,20,2005,wi
2925079,"Nedev, Ivan",BUL,M,,,,1522,AUG25,0,20,2004,i
2925842,"Nedev, Todor",BUL,M,,,,1650,AUG25,0,20,2005,i
2918587,"Nedkov, Daniel",BUL,M,,,,1634,AUG25,0,20,1999,i
2925982,"Nedkov, Kaloyan",BUL,M,,,,1648,AUG25,0,20,2004,i
2933055,"Neev, Valeri",BUL,M,,,,1677,AUG25,0,20,2005,i
2914743,"Neikov, Radostin",BUL,M,,,,1760,AUG25,0,20,2002,i
2913151,"Nemski, Bozhidar",BUL,M,,,,1783,AUG25,0,20,2001,i
2944766,"Nenchev, Nikola",BUL,M,,,,1426,AUG25,0,40,2011,i
2901110,"Nenkov, Ljudmil",BUL,M,,,,2277,AUG25,0,20,1958,i
2944154,"Nenkov, Zhivko",BUL,M,,,,1803,AUG25,0,20,1974,
2939355,"Nenova, Andzhelika",BUL,F,,,,1839,AUG25,0,40,2010,wi
2934825,"Neshev, Nikola",BUL,M,,,,1806,AUG25,0,20,2004,i
2902338,"Nestorova, Lozanka",BUL,F,,,,1875,AUG25,0,20,1947,wi
2949385,"Neychev, Nikola",BUL,M,,,,1613,AUG25,0,40,2012,i
2949393,"Neycheva, Gabriela",BUL,F,,,,1402,AUG25,0,40,2014,wi
2950162,"Neykov, Tihomir",BUL,M,,,,1827,AUG25,0,20,1985,i
2934507,"Niklenov, Nikola",BUL,M,,,,1496,AUG25,0,40,2009,i
2920549,"Nikolaev, Georgi",BUL,M,,,,2083,AUG25,0,20,1997,
2923890,"Nikolov , Todor",BUL,M,,,,1920,AUG25,0,20,1987,i
2926245,"Nikolov, Anton",BUL,M,,,,1906,AUG25,0,20,1998,i
2958856,"Nikolov, Georgi2",BUL,M,,,,1676,AUG25,0,40,2008,i
2934663,"Nikolov, Jordan",BUL,M,,,,1899,AUG25,0,20,1953,
2939681,"Nikolov, Jordan G.",BUL,M,,,,1605,AUG25,0,20,1944,i
2906112,"Nikolov, Jordan V.",BUL,M,,,,1914,AUG25,0,20,1960,
2905019,"Nikolov, Krasen",BUL,M,,,,1918,AUG25,0,20,1953,i
2932806,"Nikolov, Mariyan",BUL,M,,,,1551,AUG25,0,20,1967,i
2906309,"Nikolov, Mihail",BUL,M,,,,1879,AUG25,0,20,1997,i
2905710,"Nikolov, Momchil",BUL,M,GM,,,2406,AUG25,0,10,1985,
2924110,"Nikolov, Nikola",BUL,M,,,,1659,AUG25,0,20,2006,i
2941902,"Nikolov, Nikola Evg",BUL,M,,,,1463,AUG25,0,40,2011,i
2915111,"Nikolov, Nikolaev Ivan",BUL,M,,,,1731,AUG25,0,20,2001,i
2919605,"Nikolov, Nikolay Malchev",BUL,M,,,,1849,AUG25,0,20,1984,i
2912546,"Nikolov, Nikolay Petrov",BUL,M,,,,2077,AUG25,0,20,1981,i
2910527,"Nikolov, Orlin",BUL,M,,,,1855,AUG25,0,20,1979,i
2911051,"Nikolov, Petko",BUL,M,,,,1884,AUG25,0,20,1994,i
2954842,"Nikolov, Robert",BUL,M,,,,1542,AUG25,0,20,2004,i
2911620,"Nikolov, Rumen",BUL,M,FM,,,2140,AUG25,0,20,1997,i
2900297,"Nikolov, Sasho",BUL,M,IM,,,2222,AUG25,0,10,1958,
2911590,"Nikolov, Stoyan",BUL,M,,,,1956,AUG25,0,20,1966,i
2919168,"Nikolov, Ventsislav",BUL,M,,,,2218,AUG25,0,20,1982,i
2926644,"Nikolov, Yavor",BUL,M,,,,1980,AUG25,8,20,2005,
2941376,"Nikolov, Yosif",BUL,M,,,,1708,AUG25,0,20,2002,i
2908689,"Nikolova, Adriana",BUL,F,WGM,WGM,,2191,AUG25,0,20,1988,wi
2948249,"Nikolova, Bozhana",BUL,F,,,,1537,AUG25,0,20,1991,wi
2903962,"Ninchev, Daniel",BUL,M,,,,1909,AUG25,0,20,1996,i
2911060,"Ninov, Dayan",BUL,M,FM,"FT,FA",,2189,AUG25,0,20,1993,i
2900424,"Ninov, Nikolai",BUL,M,GM,,,2388,AUG25,0,10,1969,
2903890,"Ninov, Ventsislav",BUL,M,,,,2211,AUG25,0,20,1973,i
2934426,"Ninova, Katrin",BUL,F,,,,1494,AUG25,0,20,2006,wi
2922967,"Novikov, Sergey",BUL,M,,,,1902,AUG25,0,20,1963,i
2904870,"Nuhov, Zija",BUL,M,,,,2196,AUG25,0,20,1961,i
2926377,"Obesnikov, Hristo",BUL,M,,,,1595,AUG25,0,20,1964,i
2913089,"Obesnikova, Eva",BUL,F,,,,1631,AUG25,0,20,2000,wi
2908557,"Ochkov, Radoslav",BUL,M,,NA,,1932,AUG25,8,20,1989,
2944545,"Ochkova, Maria",BUL,F,,,,1430,AUG25,7,40,2011,w
2947854,"Ochkova, Vasilena",BUL,F,,,,1520,AUG25,9,40,2013,w
2929554,"Ognyanski, Hristiyan",BUL,M,,,,1566,AUG25,0,20,2006,i
2922371,"Okov, Mario",BUL,M,,,,1987,AUG25,0,20,1994,i
2926253,"Okov, Yordan",BUL,M,,,,1808,AUG25,0,20,1963,i
2915898,"Oreshkov, Ivaylo",BUL,M,,,,1593,AUG25,0,20,2000,i
2946173,"Orfanudakis, Emanuil",BUL,M,,,,1581,AUG25,0,40,2007,i
2941040,"Osmanov, Onur",BUL,M,,,,1606,AUG25,0,20,2006,i
2924390,"Palikarski, Georgi",BUL,M,,,,1967,AUG25,0,20,1960,i
2932750,"Palikov, Kaloyan",BUL,M,,,,1550,AUG25,0,40,2008,i
2950596,"Palukova, Daria",BUL,F,,,,1471,AUG25,0,40,2012,wi
2907259,"Panaiatov, Radoslav",BUL,M,,,,2101,AUG25,0,20,1970,
2957418,"Panaiotova, Gabriela",BUL,F,,,,1410,AUG25,1,40,2014,w
2941910,"Panayotov, Mihail",BUL,M,,,,1531,AUG25,0,40,2011,i
2900637,"Panbukchian, Valentin",BUL,M,IM,,,2119,AUG25,8,20,1956,
2929228,"Panev, Radoslav",BUL,M,,,,1462,AUG25,0,40,2008,i
2931796,"Pantev, Ivan",BUL,M,,,,1707,AUG25,0,20,1999,i
2941511,"Pantev, Kaloyan",BUL,M,,,,1630,AUG25,0,40,2012,i
2911310,"Pantev, Tsvetelin",BUL,M,,,,2062,AUG25,0,20,1996,i
2901390,"Pantev, Veselin",BUL,M,IM,,,2402,AUG25,0,10,1971,i
2935554,"Panteva, Veronika",BUL,F,,,,1482,AUG25,0,40,2008,wi
2903580,"Papazov, Ivajlo",BUL,M,,,,2309,AUG25,0,20,1978,i
2934930,"Papazov, Zhelyazko",BUL,M,,,,1615,AUG25,0,20,1985,i
2925850,"Paraskevov, Emil",BUL,M,,,,AIM,AUG25,1613,0,2005,i
2932407,"Parpulov, Tsvetomir",BUL,M,,,,1492,AUG25,0,40,2007,i
2901714,"Parvanov, Mitko",BUL,M,,,,1941,AUG25,0,20,1955,
2945150,"Parvanov, Rumen",BUL,M,,,,1429,AUG25,0,20,1962,i
2903296,"Paskalev, Georgi",BUL,M,,,,1899,AUG25,0,20,1978,
2923971,"Pavlov, Dimitar",BUL,M,,,,1590,AUG25,0,20,2002,i
2916240,"Pavlov, Ivaylo",BUL,M,,,,1732,AUG25,0,20,1996,i
2925095,"Pavlov, Pavel",BUL,M,,,,1715,AUG25,0,20,2003,i
2923548,"Pavlov, Simeon",BUL,M,,,,1935,AUG25,0,20,1964,i
2919869,"Pavlov, Viktor",BUL,M,,,,1787,AUG25,0,20,2004,i
2919877,"Pavlov, Vladimir",BUL,M,,NA,,2022,AUG25,0,20,2004,
2925214,"Pavlova, Miglena",BUL,F,,,,1609,AUG25,0,20,2002,wi
2938626,"Pavlova, Ralitsa",BUL,F,,,,1443,AUG25,0,40,2008,wi
2903920,"Pavlovski, Todor",BUL,M,,,,2108,AUG25,0,20,1974,i
2913585,"Peev, Georgi",BUL,M,,,,1748,AUG25,0,20,1997,i
2916371,"Peev, Martin",BUL,M,,,,1858,AUG25,8,20,1992,
2944375,"Pehlivanova, Aleksandra",BUL,F,WCM,WCM,,1546,AUG25,0,40,2013,wi
2945681,"Peltekov, Georgi",BUL,M,,,,1695,AUG25,0,20,1987,i
2910730,"Penchev Zapryanov, Vasil",BUL,M,,,,1837,AUG25,0,20,1964,
2906457,"Pencheva, Iva",BUL,F,,,,1900,AUG25,0,20,1997,wi
2904896,"Penev, Valeri",BUL,M,,,,1910,AUG25,9,20,1987,
2913925,"Penkova, Mariana",BUL,F,,,,1770,AUG25,0,20,1970,w
2929830,"Penov, Luboslav",BUL,M,,,,1941,AUG25,0,20,1989,i
2904730,"Peshev, Sashko",BUL,M,,,,2056,AUG25,0,20,1954,i
2942712,"Petkov, Alexsandar",BUL,M,,,,1559,AUG25,5,40,2010,
2923602,"Petkov, Emil",BUL,M,,,,2088,AUG25,0,20,1972,
2925109,"Petkov, Gabriel",BUL,M,,,,1555,AUG25,0,20,2004,i
2915901,"Petkov, Georgi",BUL,M,,,,1669,AUG25,0,20,2000,i
2906724,"Petkov, Hristo",BUL,M,,,,2046,AUG25,0,20,1939,i
2925664,"Petkov, Martin",BUL,M,,,,1841,AUG25,0,20,1987,i
2914476,"Petkov, Matey",BUL,M,,,,2085,AUG25,0,20,2002,i
2921642,"Petkov, Momchil",BUL,M,GM,,,2383,AUG25,0,10,2005,i
2923394,"Petkov, Preslav",BUL,M,,,,1876,AUG25,0,20,1999,i
2923408,"Petkov, Rostislav",BUL,M,,,,1897,AUG25,0,20,1999,i
2901188,"Petkov, Vladimir",BUL,M,GM,,,2432,AUG25,0,10,1971,i
2920492,"Petkova, Denitsa",BUL,F,,,,1739,AUG25,0,20,2003,wi
2929392,"Petkova, Irina",BUL,F,,,,1782,AUG25,0,40,2007,wi
2917688,"Petkova, Lilia",BUL,F,,,,1575,AUG25,0,20,2002,wi
2913160,"Petkova, Nadezhda",BUL,F,,,,1768,AUG25,0,20,2000,wi
2935341,"Petkova, Tsvetelina",BUL,F,,,,1439,AUG25,0,40,2009,wi
2908573,"Petkova, Veneta",BUL,F,,,,1967,AUG25,0,20,1987,wi
2909057,"Petkovski, Radoslav",BUL,M,,,,1681,AUG25,0,20,1997,i
2937654,Petrov Nikola,BUL,M,,,,1519,AUG25,0,40,2010,i
2916690,"Petrov, Anton",BUL,M,,,,1966,AUG25,0,20,2003,i
2957906,"Petrov, Antoniy",BUL,M,,,,1703,AUG25,6,20,1979,
2928124,"Petrov, Asen",BUL,M,,,,1827,AUG25,0,20,1940,
2904411,"Petrov, Ivan",BUL,M,,,,2169,AUG25,0,20,1972,
2926180,"Petrov, Ivo",BUL,M,,,,1569,AUG25,0,20,2006,i
2952769,"Petrov, Krassimir",BUL,M,,,,1770,AUG25,0,20,1969,i
2901773,"Petrov, Marian",BUL,M,GM,FT,,2418,AUG25,0,10,1975,i
2921030,"Petrov, Marian",BUL,M,,,,2361,AUG25,0,20,0,i
2911086,"Petrov, Martin",BUL,M,GM,FT,,2449,AUG25,9,10,2000,
2929520,"Petrov, Martin V.",BUL,M,,,,1826,AUG25,0,20,1987,i
2945509,"Petrov, Miroslav",BUL,M,,,,1515,AUG25,0,20,1997,i
2937816,"Petrov, Momchil",BUL,M,,,,1546,AUG25,0,40,2008,i
2924129,"Petrov, Nikolay",BUL,M,,,,1605,AUG25,0,20,2003,i
2904071,"Petrov, Plamen",BUL,M,,,,1900,AUG25,0,20,1989,i
2961679,"Petrov, Presiyan",BUL,M,,,,AFM,AUG25,1611,5,1990,
2927101,"Petrov, Preslav",BUL,M,,,,1683,AUG25,0,20,2006,i
2906619,"Petrov, Rosen Yanev",BUL,M,,,,1684,AUG25,0,20,1996,
2907372,"Petrov, Simeon",BUL,M,,,,2027,AUG25,0,20,1968,i
2955512,"Petrov, Todor P",BUL,M,,,,1434,AUG25,0,40,2011,i
2910691,"Petrov, Valeri",BUL,M,,,,1922,AUG25,0,20,1954,
2957876,"Petrov, Valeri P.",BUL,M,,,,1458,AUG25,0,40,2016,
2935244,"Petrov, Valeriy",BUL,M,,,,1707,AUG25,6,20,1964,
2907615,"Petrov, Vladimir Olegov",BUL,M,,,,1993,AUG25,0,20,1980,i
2902940,"Petrov, Vladimir Sergeev",BUL,M,IM,,,2249,AUG25,0,20,1999,i
2907585,"Petrov, Vladislav",BUL,M,,,,1892,AUG25,0,20,1981,i
2917343,"Petrova , Boryana",BUL,F,,,,1816,AUG25,0,20,1998,wi
2953382,"Petrova, Viktoriya",BUL,F,,,,1477,AUG25,3,40,2015,w
2916711,"Peycheva, Gergana",BUL,F,FM,WIM,,2167,AUG25,0,20,2003,w
2929260,"Pilev, Kiril",BUL,M,,,,1808,AUG25,0,20,1965,i
2917700,"Pingov, Krasen",BUL,M,,,,1941,AUG25,0,20,1977,i
2902389,"Pionova, Sonja",BUL,F,,,,1963,AUG25,0,20,1964,wi
2950600,"Pisev, Ivan",BUL,M,,,,1489,AUG25,7,40,2014,
2900165,"Popchev, Milko",BUL,M,GM,,,2148,AUG25,0,20,1964,
2905892,"Popov, Georgi",BUL,M,,,,2060,AUG25,0,20,1941,i
2907917,"Popov, Ilian",BUL,M,,,,2013,AUG25,0,20,1978,i
2942720,"Popov, Kamen",BUL,M,,,,1791,AUG25,0,20,1956,i
2918641,"Popov, Milen",BUL,M,,,,1838,AUG25,0,20,1998,i
2932156,"Popzafirov, Danail",BUL,M,,,,1813,AUG25,0,40,2011,i
2932164,"Popzafirov, Vasil",BUL,M,,,,ACM,AUG25,1545,0,2008,i
2919010,"Portokalski, Yordan",BUL,M,,,,1813,AUG25,0,20,2004,i
2931028,"Pulev, Boris",BUL,M,,,,1502,AUG25,0,20,2005,i
2914999,"Radev, Aleksi",BUL,M,,,,1751,AUG25,0,20,1946,i
2941473,"Radev, Slavi",BUL,M,,,,1506,AUG25,0,40,2009,i
2915405,"Radeva, Viktoria",BUL,F,WGM,WGM,,2141,AUG25,0,20,2001,w
2929643,"Radkova, Radost",BUL,F,,,,1587,AUG25,0,20,2005,wi
2926687,"Radulov, Nikolay",BUL,M,,,,1812,AUG25,0,20,2006,i
2905701,"Raev, Rostislav",BUL,M,,,,2117,AUG25,9,20,1984,
2906660,"Raeva, Elitsa",BUL,F,WIM,WIM,,2074,AUG25,9,20,1987,w
2905574,"Rafailov, Radostin",BUL,M,,,,1943,AUG25,0,20,1996,i
2905442,"Rahnev, Alexander",BUL,M,,,,2034,AUG25,0,20,1981,i
2924951,"Ralchev, Lachezar",BUL,M,,,,1781,AUG25,0,40,2007,i
2924790,"Ramadanov, Esat",BUL,M,,,,1820,AUG25,0,20,2006,i
2928140,"Rangelov, Boyan",BUL,M,,,,1674,AUG25,0,40,2007,i
2941546,"Rangelov, Daniel",BUL,M,,,,1465,AUG25,0,40,2007,i
2932180,"Rangelov, Kristiyan",BUL,M,,,,1557,AUG25,0,40,2008,i
2928744,"Rasheva, Nora",BUL,F,WCM,WCM,,1884,AUG25,8,40,2008,w
2948281,"Rashkov, Plamen",BUL,M,,,,1521,AUG25,0,20,1982,i
2927470,"Rastashki, Nikola",BUL,M,,,,1414,AUG25,0,20,2005,i
2904047,"Ribarov, Valerij",BUL,M,,,,1947,AUG25,0,20,1954,i
2933101,"Rizanov, Angel V.",BUL,M,,,,1458,AUG25,0,20,2004,i
2950170,"Rjustemov, Dzhan",BUL,M,,,,1573,AUG25,0,40,2008,i
2908654,"Roydov, Plamen",BUL,M,,,,1777,AUG25,0,20,1954,i
2938545,"Rusev, Daniel",BUL,M,,,,1596,AUG25,7,40,2012,
2903784,"Rusev, Jeliazko",BUL,M,,,,2129,AUG25,0,20,1976,i
2905434,"Rusev, Krasimir",BUL,M,GM,,,2501,AUG25,9,10,1983,
2938723,"Rusev, Kristiyan",BUL,M,,,,1477,AUG25,0,40,2009,i
2906627,"Rusev, Rosen",BUL,M,,,,2022,AUG25,9,20,1963,
2904187,"Rusev, Rosen Yordanov",BUL,M,FM,,,2292,AUG25,0,20,1981,i
2945860,"Rusev, Victor",BUL,M,,,,1405,AUG25,0,40,2012,i
2935252,"Ruseva, Eva",BUL,F,,,,1817,AUG25,0,20,2005,wi
2946211,"Ruseva, Spasimira",BUL,F,,,,1544,AUG25,0,40,2012,w
2967855,"Sabit, Sabit",BUL,M,,,,1716,AUG25,9,40,1968,
2936151,"Sabri, Samir",BUL,M,,,,1474,AUG25,0,40,2008,i
2948826,"Sadula, Sevim",BUL,M,,,,1575,AUG25,0,20,1969,i
2935260,"Salif, Eminali",BUL,M,,,,1808,AUG25,0,20,1988,i
2900785,"Salimov, Salim",BUL,M,,,,2281,AUG25,0,20,1955,i
2915138,"Salimova, Nurgyul",BUL,F,IM,WGM,,2336,AUG25,0,20,2003,w
2904780,"Sapareva, Magdalena",BUL,F,,,,1744,AUG25,0,20,1943,wi
2924803,"Sapundzhiev, Aleksandar",BUL,M,,,,1534,AUG25,0,20,2005,i
2921898,"Sashova, Ivelina",BUL,F,,,,1642,AUG25,0,20,2001,wi
2931141,"Savov, Ilko Ananiev",BUL,M,,,,2037,AUG25,0,20,1989,i
2908697,"Savov, Petar",BUL,M,,,,2086,AUG25,0,20,1974,
2909588,"Savov, Zheljazko",BUL,M,,,,1924,AUG25,0,20,1995,i
2935350,"Sedmakov, Georgi",BUL,M,,,,1575,AUG25,0,40,2008,i
2935589,"Sedyankov, Georgi",BUL,M,,,,1739,AUG25,0,20,1992,i
2924463,"Serafimov, Aleks",BUL,M,,,,1753,AUG25,0,20,2004,i
2905906,"Serafimov, Tervel",BUL,M,IM,,,2365,AUG25,0,20,1978,i
2929872,"Shahanov, Goroslav",BUL,M,,,,1622,AUG25,0,20,1997,i
2948290,"Shahbazyan, Norayr",BUL,M,,,,1615,AUG25,7,40,2012,
2917998,"Shalamanov, Vladimir",BUL,M,,,,1746,AUG25,0,20,1981,i
2924005,"Sharkov, Venko",BUL,M,,,,1829,AUG25,0,20,1996,i
2914492,"Shentov, Petar-Delian",BUL,M,,,,1902,AUG25,0,20,2001,i
2944677,"Sheytanov, Radoslav",BUL,M,,,,1637,AUG25,0,20,2002,i
2950464,"Shishkov, Aleksandar",BUL,M,,,,1616,AUG25,0,20,2006,i
2904624,"Shishkov, Minko",BUL,M,,,,2254,AUG25,0,20,1971,i
2900840,"Shivacheva, Donika",BUL,F,,,,1923,AUG25,0,20,1999,wi
2922193,"Shopov, Ivan",BUL,M,,,,2020,AUG25,0,20,1972,i
2943727,"Shopov, Vladimir",BUL,M,,,,1442,AUG25,0,40,2010,i
2944570,"Shterev, Georgi",BUL,M,,,,1475,AUG25,0,40,2010,i
2901692,"Shukin, Emil",BUL,M,,,,2189,AUG25,0,20,1966,
2908352,"Shurliev, Martin",BUL,M,,,,1860,AUG25,0,20,1997,i
2953862,"Shvenk, Denis",BUL,M,,,,1675,AUG25,7,40,2010,
2923211,"Simeonov, Boyan",BUL,M,,,,1660,AUG25,0,20,2003,i
2935830,"Simeonov, Daniel",BUL,M,,,,1713,AUG25,0,20,1955,i
2911108,"Simeonov, Kamen",BUL,M,,,,1903,AUG25,0,20,1996,i
2948044,"Simeonov, Mario",BUL,M,,,,1589,AUG25,0,20,2006,i
2941937,"Simeonov, Petar",BUL,M,,,,1471,AUG25,0,40,2011,i
2912694,"Simeonov, Svetoslav",BUL,M,,,,1800,AUG25,0,20,1949,
2934060,"Simeonov, Tihomir",BUL,M,,,,1653,AUG25,0,20,1964,i
2949440,"Simeonov, Velin",BUL,M,,,,1770,AUG25,7,40,2013,
2908387,"Simeonov, Ventsislav",BUL,M,,,,1968,AUG25,0,20,1972,i
2915430,"Simidchieva, Lora",BUL,F,,,,1743,AUG25,0,20,2002,wi
2936950,"Simonski, Atanas",BUL,M,,,,1497,AUG25,0,40,2009,i
2950421,"Simonski, Yordan",BUL,M,,,,1447,AUG25,0,40,2007,i
2910560,"Sirkova, Darena",BUL,F,WFM,WFM,,1990,AUG25,0,20,1994,wi
2913593,"Sisoev, Robert",BUL,M,,,,1846,AUG25,0,20,1998,i
2908239,"Sjulejmanov, Turhan",BUL,M,,,,1914,AUG25,9,20,1974,
2930838,"Skachkov, Yulian",BUL,M,,,,1636,AUG25,0,40,2008,i
2911116,"Skenderski, Hristiyan",BUL,M,,,,1786,AUG25,0,20,2000,i
2950308,"Slavchev, Hristo",BUL,M,,,,1426,AUG25,0,40,2014,i
2938588,"Slaveva, Eva",BUL,F,,,,1402,AUG25,0,40,2010,wi
2901528,"Slavov, Dimitar",BUL,M,,,,2158,AUG25,0,20,1959,i
2911345,"Slavov, Hristo",BUL,M,,,,1866,AUG25,0,20,1982,i
2918030,"Slavov, Janko",BUL,M,,,,1992,AUG25,0,20,1978,i
2934990,"Slavova, Lilyana",BUL,F,,,,1565,AUG25,0,40,2008,wi
2941481,"Smilov, Konstantin",BUL,M,,,,1438,AUG25,0,40,2009,i
2933780,"Smirnov, Grigorii",BUL,M,,,,1633,AUG25,0,40,2007,i
2941287,"Sotirov, Adrian",BUL,M,,,,1504,AUG25,0,40,2007,i
2911353,"Sotirov, Ilia",BUL,M,,,,1854,AUG25,0,20,1951,i
2918501,"Spasov, Radoslav",BUL,M,,,,1740,AUG25,0,20,2002,i
2900041,"Spasov, Vasil",BUL,M,GM,,,2518,AUG25,0,10,1971,i
2900270,"Spasova, Tsvetelina",BUL,F,,,,1842,AUG25,0,20,1997,wi
2940590,"Spasovski, Veselin",BUL,M,,,,1853,AUG25,0,20,1973,i
2906333,"Spassov, Borislav",BUL,M,,,,1807,AUG25,0,20,1981,i
2940370,"Srebrev, Biser",BUL,M,,,,1752,AUG25,0,20,1963,i
2931087,"Stamatov, Kiril",BUL,M,,,,1518,AUG25,0,40,2008,i
2931125,"Stamboliyski, Radi",BUL,M,,,,1512,AUG25,0,20,2006,i
2909081,"Stanchev, Aleksandar",BUL,M,,,,1974,AUG25,0,20,1991,i
2911698,"Stanchev, Plamen",BUL,M,,NA,,AFM,AUG25,1842,0,1981,i
2913259,"Stanchev, Svetoslav",BUL,M,,,,1949,AUG25,0,20,1985,i
2935759,"Stancheva, Gergana",BUL,F,,,,1474,AUG25,0,40,2008,wi
2941490,"Stanev, Simeon",BUL,M,,,,1562,AUG25,0,40,2009,i
2942046,"Stanev, Stefan",BUL,M,,,,1424,AUG25,0,40,2010,i
2942330,"Stanev, Ventsislav",BUL,M,,,,1702,AUG25,0,20,1960,i
2904152,"Stankov, Apostol",BUL,M,,,,1848,AUG25,0,20,1967,i
2926024,"Stanoeva, Vladislava",BUL,F,,,,1455,AUG25,0,20,2002,wi
2909839,"Stavrev, Ludmil",BUL,M,,,,2156,AUG25,0,20,1982,
2902850,"Stavrev, Nikolai",BUL,M,,,,2309,AUG25,0,20,1972,i
2923556,"Stefanov, Asen",BUL,M,,,,1947,AUG25,0,20,1973,i
2908409,"Stefanov, Boris",BUL,M,,,,1866,AUG25,0,20,1996,i
2967235,"Stefanov, Boyan",BUL,M,,,,1404,AUG25,0,40,2015,
2914794,"Stefanov, Emil",BUL,M,IM,,,2243,AUG25,0,20,1999,i
2907070,"Stefanov, Evtim",BUL,M,,,,1978,AUG25,0,20,1978,i
2925117,"Stefanov, Georgi",BUL,M,,,,1597,AUG25,0,20,2005,i
2944596,"Stefanov, Georgi S",BUL,M,,,,1592,AUG25,0,40,2013,i
2937328,"Stefanov, Ivelin",BUL,M,,,,1432,AUG25,0,40,2007,i
2900319,"Stefanov, Krasimir",BUL,M,IM,,,2272,AUG25,0,20,1960,i
2932458,"Stefanov, Lyubomir",BUL,M,,,,1552,AUG25,0,20,1949,i
2930277,"Stefanov, Mihail",BUL,M,,,,1522,AUG25,0,40,2009,
2900980,"Stefanov, Plamen",BUL,M,,IA,,2016,AUG25,0,20,1961,i
2902257,"Stefanova, Antoaneta",BUL,F,GM,,,2374,AUG25,0,10,1979,w
2929996,"Stefanova, Elitsa",BUL,F,,,,1413,AUG25,0,40,2007,wi
2923440,"Stefanova, Liliya",BUL,F,,,,1429,AUG25,0,20,2000,wi
2907682,"Stefanova, Milena",BUL,F,,,,2018,AUG25,0,20,1990,wi
2957094,"Stoev, Borislav",BUL,M,,,,1741,AUG25,8,40,2010,
2910349,"Stoev, Krasimir",BUL,M,,,,1742,AUG25,0,20,1957,i
2912740,"Stoev, Tsvetoslav",BUL,M,,SI,,1858,AUG25,0,20,1990,i
2948915,"Stoev, Venko",BUL,M,,,,1777,AUG25,0,20,1987,
2928167,"Stoichkov, Yordan",BUL,M,,,,1727,AUG25,0,20,1944,i
2926067,"Stoilov, Aleksandar",BUL,M,,,,1902,AUG25,0,20,1978,i
2911485,"Stoimenov, Plamen",BUL,M,,,,1860,AUG25,0,20,1963,i
2901404,"Stoinev, Metodi",BUL,M,,,,2008,AUG25,8,20,1959,
2907941,"Stojanov, Alexandar",BUL,M,,,,2024,AUG25,0,20,1983,i
2905485,"Stojanov, Hristo",BUL,M,,,,2030,AUG25,0,20,1979,i
2904578,"Stojanov, Stanislav",BUL,M,FM,,,2249,AUG25,0,20,1980,i
2903180,"Stojanov, Svetlin",BUL,M,,,,2267,AUG25,0,20,1974,i
2939258,"Stoyadinov, Viktor",BUL,M,,,,1441,AUG25,0,40,2013,i
2942364,"Stoyanov, Boris",BUL,M,,,,1585,AUG25,0,40,2011,
2930005,"Stoyanov, Boris",BUL,M,,,,1519,AUG25,0,40,2007,i
2923947,"Stoyanov, Daniel",BUL,M,,,,1877,AUG25,8,20,2003,
2939185,"Stoyanov, Denislav",BUL,M,,,,1645,AUG25,0,40,2007,i
2925125,"Stoyanov, Encho",BUL,M,,,,1669,AUG25,0,20,2004,i
2923238,"Stoyanov, Georgi",BUL,M,,,,1965,AUG25,0,20,2004,i
2929570,"Stoyanov, Georgi Kr.",BUL,M,,,,1516,AUG25,0,20,2003,i
2916258,"Stoyanov, Iliyan",BUL,M,,,,1856,AUG25,0,20,1996,i
2906473,"Stoyanov, Ivaylo",BUL,M,,FA,,2023,AUG25,0,20,1995,i
2917734,"Stoyanov, Kaloian",BUL,M,,,,1791,AUG25,0,20,2003,i
2926725,"Stoyanov, Nikola",BUL,M,,,,1461,AUG25,0,20,2006,i
2925672,"Stoyanov, Ognyan",BUL,M,,,,1743,AUG25,0,20,1963,i
2925990,"Stoyanov, Petar",BUL,M,,,,1647,AUG25,0,20,2001,i
2930420,"Stoyanov, Plamen",BUL,M,,,,AFM,AUG25,2042,0,2006,i
2924617,"Stoyanov, Stoyan Minchev",BUL,M,,,,AFM,AUG25,1735,0,1985,
2922673,"Stoyanov, Stoyan Or",BUL,M,,,,2199,AUG25,0,20,2003,i
2921154,"Stoyanov, Svetlomir",BUL,M,,,,2070,AUG25,0,20,1984,i
2915022,"Stoyanov, Tihomir",BUL,M,,,,2033,AUG25,0,20,1979,i
2917173,"Stoyanov, Tsvetan",BUL,M,IM,,,2404,AUG25,9,10,2004,
2913607,"Stoyanov, Valeri",BUL,M,,,,1924,AUG25,0,20,1998,i
2947110,"Stoyanov, Vladimir",BUL,M,,,,1630,AUG25,7,20,1997,
2924307,"Stoyanov, Zlatomir",BUL,M,,,,1714,AUG25,0,20,1974,i
2948311,"Stoyanova, Magdalena",BUL,F,,,,1594,AUG25,0,20,2006,wi
2954613,"Stoychev, Martin",BUL,M,,,,1627,AUG25,5,40,2008,
2943573,"Stoychev, Ognian",BUL,M,,,,1945,AUG25,0,20,1959,
2939703,"Stoykov, Jordan",BUL,M,,,,1647,AUG25,0,20,1951,i
2900998,"Stoynov, Ivan",BUL,M,FM,,,2281,AUG25,0,20,1960,i
2906279,"Stoynov, Stefan",BUL,M,,,,1912,AUG25,0,20,1962,i
2915456,"Strateva, Margarita",BUL,F,,,,1619,AUG25,0,20,2001,wi
2924439,"Strendeva, Viktoria",BUL,F,,,,1652,AUG25,0,20,2006,wi
2914522,"Strugov, Stojan",BUL,M,,,,1665,AUG25,0,20,1961,
2924137,"Surudzhon, Velina",BUL,F,,,,1521,AUG25,0,20,2005,wi
2904179,"Tachev, Kamen",BUL,M,,,,1696,AUG25,0,20,1975,i
2946220,"Tanev, Rumen Iv",BUL,M,,,,1608,AUG25,0,40,2012,i
2945797,"Taseva, Nia",BUL,F,,,,1569,AUG25,0,20,2002,wi
2924293,"Tashev,  Alexander",BUL,M,,,,2034,AUG25,0,20,2006,i
2903318,"Tashev, Radoslav",BUL,M,,,,1954,AUG25,0,20,1978,
2904004,"Tashkov, Rumen",BUL,M,,,,2155,AUG25,0,20,1962,
2947510,"Taskov, Atanas",BUL,M,,,,1507,AUG25,0,40,2015,i
2942755,"Tefikov, Kaan",BUL,M,,,,1574,AUG25,6,40,2008,
2939398,"Tegarkov, Kalin",BUL,M,,,,1693,AUG25,0,20,1983,i
2947293,"Temelkov, Temelko",BUL,M,,,,1804,AUG25,0,20,1965,i
2924501,"Teofilov, Kamen",BUL,M,,,,1957,AUG25,0,20,1961,i
2925397,"Terziev, Dimo",BUL,M,CM,,,2023,AUG25,0,20,2004,i
2918811,"Terzieva, Viktoria",BUL,F,,,,1768,AUG25,0,20,1994,wi
2905124,"Terzijski, Kiril",BUL,M,,,,2141,AUG25,0,20,1979,i
2908719,"Tetimov, Ivan",BUL,M,,,,2058,AUG25,0,20,1988,i
2927276,"Tilev, Bozhidar",BUL,M,,,,1693,AUG25,0,40,2008,i
2927284,"Tilev, Emil",BUL,M,,,,1554,AUG25,0,20,2004,i
2936895,"Timev, Aleksandar",BUL,M,,,,1698,AUG25,0,40,2007,i
2909090,"Titov, Tito",BUL,M,,,,1965,AUG25,0,20,1994,i
2925133,"Todev, Simeon",BUL,M,CM,,,2075,AUG25,9,40,2008,
2935562,"Todorov, Anton",BUL,M,,,,1592,AUG25,0,20,2003,i
2917475,"Todorov, Antonio",BUL,M,,,,1769,AUG25,0,20,1999,i
2905990,"Todorov, Dimitar",BUL,M,,,,1842,AUG25,7,20,1990,
2903067,"Todorov, Ilian",BUL,M,,,,1976,AUG25,0,20,1967,i
2903652,"Todorov, Ivailo",BUL,M,,,,2216,AUG25,0,20,1969,i
2916010,"Todorov, Kaloyan",BUL,M,,,,1950,AUG25,0,20,2000,i
2916479,"Todorov, Nikolay",BUL,M,,,,AIM,AUG25,2005,0,1964,i
2957680,"Todorov, Nikolay T.",BUL,M,,,,AFM,AUG25,1695,9,2013,
2903385,"Todorov, Petar G.",BUL,M,,,,1900,AUG25,0,20,1996,i
2933446,"Todorov, Rayan",BUL,M,,,,1516,AUG25,0,40,2011,i
2910357,"Todorov, Rosen",BUL,M,,,,1840,AUG25,0,20,1993,i
2915030,"Todorov, Spasiyan",BUL,M,,,,1692,AUG25,0,20,2001,i
2933284,"Todorov, Teodor",BUL,M,,,,1498,AUG25,0,20,2003,i
2900688,"Todorov, Todor Spirov",BUL,M,,,,2142,AUG25,0,20,1945,i
2925494,"Todorov, Tsetsko",BUL,M,,,,1980,AUG25,0,20,1953,i
2926202,"Todorov, Vladimir",BUL,M,,,,1671,AUG25,0,20,2005,i
2911540,"Todorov, Yavor",BUL,M,,,,2156,AUG25,0,20,1999,i
2923343,"Todorov, Zhulien",BUL,M,,,,1615,AUG25,0,20,2002,i
2911833,"Todorov,Kostadinov Todor",BUL,M,,,,2002,AUG25,0,20,1967,i
2925923,"Todorova, Adelina",BUL,F,,,,1446,AUG25,0,20,2005,wi
2933454,"Todorova, Daniela",BUL,F,,,,1669,AUG25,0,40,2008,w
2935457,"Todorova, Dobrinka",BUL,F,,,,1651,AUG25,0,40,2007,wi
2918340,"Todorova, Magdalena",BUL,F,,,,1618,AUG25,0,20,2000,wi
2947153,"Tomislavov, Stefan",BUL,M,,,,1809,AUG25,0,20,2003,i
2908964,"Tomov, Georgi",BUL,M,FM,,,2214,AUG25,0,20,1979,
2924056,"Toncheva, Nadya",BUL,F,FM,WGM,,2219,AUG25,0,20,2005,w
2947714,"Tonev, Slavcho",BUL,M,,,,1748,AUG25,0,20,1944,i
2955040,"Topalov, Plamen",BUL,M,,,,1470,AUG25,0,20,1947,i
2900084,"Topalov, Veselin",BUL,M,GM,,,2627,AUG25,0,10,1975,
2942259,"Toshkin, Stanislav",BUL,M,,,,1423,AUG25,0,40,2011,i
2910780,"Toshkov, Angel",BUL,M,,,,1864,AUG25,0,20,1982,i
2966018,"Totev, Dobromir",BUL,M,,,,1519,AUG25,7,40,2016,
2935171,"Trakov, Dimitar",BUL,M,,,,1446,AUG25,0,40,2009,i
2906546,"Traykova, Vasilena",BUL,F,,,,1834,AUG25,0,20,1998,wi
2924960,"Trendafilov, Plamen",BUL,M,,,,1608,AUG25,0,20,2006,i
2944120,"Trendafilov, Simeon",BUL,M,,,,1946,AUG25,0,40,2007,i
2900386,"Trifonov, Dimitar",BUL,M,,,,2377,AUG25,0,10,1964,i
2909022,"Tsakov, Petar",BUL,M,,,,1955,AUG25,0,20,1956,i
2913887,"Tsanov, Miroslav",BUL,M,,,,1892,AUG25,0,20,1971,
2916282,"Tsekov, Georgi",BUL,M,,,,1903,AUG25,0,20,1996,i
2924978,"Tsekov, Nikolay",BUL,M,,,,1632,AUG25,0,40,2007,i
2908581,"Tsekov, Svetozar",BUL,M,,,,2153,AUG25,0,20,1988,i
2908476,"Tsekova, Viktoria",BUL,F,,,,1864,AUG25,0,20,1993,wi
2937832,"Tsenkov, Alekasndar",BUL,M,,,,1483,AUG25,0,40,2009,i
2916606,"Tsenov, Tsvetoslav",BUL,M,,,,2043,AUG25,0,20,1968,i
2938804,"Tsolov, Aleksandar",BUL,M,,,,AFM,AUG25,1817,0,2011,i
2909049,"Tsolov, Emil",BUL,M,,,,1990,AUG25,0,20,1967,i
2970317,"Tsolov, Goran",BUL,M,,,,1684,AUG25,0,20,1964,
2905205,"Tsonev, Kiril",BUL,M,,,,1969,AUG25,0,20,1979,i
2968118,"Tsonev, Krasimir",BUL,M,,,,1530,AUG25,8,40,1984,
2951975,"Tsonev, Yavor",BUL,M,,,,AFM,AUG25,1815,0,2009,
2911167,"Tsonkov, Tsvetelin",BUL,M,,,,1914,AUG25,0,20,1993,
2941295,"Tsotsov, Delyan",BUL,M,,,,1787,AUG25,0,20,1987,i
2914867,"Tsvetanov, David",BUL,M,,,,1875,AUG25,0,20,2001,i
2939231,"Tsvetanov, Nikolay",BUL,M,,,,1471,AUG25,0,40,2010,i
2935961,"Tsvetanov, Teodor",BUL,M,,,,1811,AUG25,8,40,2008,
2941082,"Tutekov, Teodor",BUL,M,,,,1662,AUG25,0,40,2011,i
2936992,"Uzunov, Emil",BUL,M,,,,1477,AUG25,0,40,2011,i
2916134,"Uzunov, Radoslav",BUL,M,,,,1672,AUG25,0,20,1999,i
2933772,"Uzunov, Stefan",BUL,M,,,,1747,AUG25,9,40,2009,
2914875,"Vachev, Kostadin",BUL,M,,,,1776,AUG25,0,20,1998,i
2915219,"Vakavchiev, Ivan",BUL,M,,,,1860,AUG25,0,20,1956,i
2924811,"Valchev, Dragomir",BUL,M,,,,AFM,AUG25,1456,0,2007,i
2929589,"Valchev, Kaloyan",BUL,M,,,,1721,AUG25,0,20,2004,i
2926075,"Valchev, Kristian",BUL,M,,,,1581,AUG25,0,40,2007,i
2926083,"Valchev, Martin",BUL,M,,,,1596,AUG25,0,20,2004,i
2937352,"Valchev, Martin V",BUL,M,,,,1511,AUG25,0,40,2009,i
2937751,"Valchev, Valeri",BUL,M,,,,1918,AUG25,0,20,1972,i
2915480,"Valchinov, Martin",BUL,M,,,,1646,AUG25,0,20,2000,i
2953536,"Valchinov, Zaharin",BUL,M,,,,1747,AUG25,0,20,1982,i
2937840,"Valentinov, Aleksandar",BUL,M,,,,1600,AUG25,0,40,2009,i
2937360,"Valentinov, Valentin",BUL,M,,,,1482,AUG25,0,20,2006,i
2944782,"Valentinova, Eleonora",BUL,F,,,,1488,AUG25,0,40,2011,wi
2915707,"Valentinova, Zheni",BUL,F,,,,1693,AUG25,0,20,1997,wi
2909855,"Valev, Valentin",BUL,M,,,,2034,AUG25,0,20,1998,i
2914336,"Valeva, Ana",BUL,F,,,,1678,AUG25,0,20,2000,wi
2926962,"Valkov, Mitko",BUL,M,,,,1458,AUG25,0,20,2003,i
2907283,"Valkov, Vladimir",BUL,M,,,,2019,AUG25,0,20,1974,i
2936682,"Valkov, Zhivko",BUL,M,,,,1449,AUG25,0,40,2007,i
2904063,"Vandev, Dimitar",BUL,M,,,,1970,AUG25,0,20,1969,i
2953870,"Varbanov, Rumen R",BUL,M,,,,1427,AUG25,0,40,2011,i
2917505,"Varbanov, Vladimir",BUL,M,,,,1847,AUG25,0,20,2002,i
2947536,"Vasilev, Aleksandar",BUL,M,,,,1618,AUG25,0,40,2012,i
2905094,"Vasilev, Dimitar P.",BUL,M,,,,1866,AUG25,0,20,1951,i
2909367,"Vasilev, Hristo",BUL,M,,,,1772,AUG25,0,20,1999,i
2913283,"Vasilev, Kristian",BUL,M,,,,1797,AUG25,0,20,2000,i
2917157,"Vasilev, Lyuboslav",BUL,M,,,,AIM,AUG25,1879,0,1979,i
2932768,"Vasilev, Maykal",BUL,M,,,,1519,AUG25,0,40,2008,i
2903628,"Vasilev, Milen",BUL,M,GM,,,2291,AUG25,0,20,1978,
2900912,"Vasilev, Nikolai",BUL,M,FM,,,2202,AUG25,0,20,1969,i
2925001,"Vasilev, Penyo",BUL,M,,,,1718,AUG25,0,20,2001,i
2906910,"Vasilev, Rosen",BUL,M,,,,1885,AUG25,0,20,1958,i
2941953,"Vasilev, Svetoslav",BUL,M,,,,1806,AUG25,0,20,1970,i
2905965,"Vasilev, Vasil Aleksandrov",BUL,M,,,,2369,AUG25,0,20,1973,i
2934531,"Vasilev, Velislav",BUL,M,,,,1463,AUG25,0,40,2008,i
2902060,"Vasilev, Vergil",BUL,M,,,,1936,AUG25,0,20,1963,i
2923351,"Vasilev, Vladislav",BUL,M,,,,1704,AUG25,0,20,2002,i
2961547,"Vasileva, Avigeya",BUL,F,,,,ACM,AUG25,1609,0,2015,w
2904250,"Vasileva, Cveta",BUL,F,,,,1640,AUG25,6,20,1972,w
2910829,"Vasileva, Veronika",BUL,F,,,,1851,AUG25,0,20,1995,wi
2917513,"Vasiliadis, Antony",BUL,M,,,,1817,AUG25,0,20,2001,i
2916800,"Vassilev, Martin",BUL,M,,,,1980,AUG25,0,20,2002,i
2902001,"Vatkovski, Mitko",BUL,M,,,,1654,AUG25,0,20,1950,i
2906481,"Velchev, Hristo",BUL,M,FM,,,2368,AUG25,0,20,1987,i
2903210,"Velcheva, Maria",BUL,F,WGM,WGM,,2276,AUG25,0,20,1976,wi
2907097,"Velev, Josif",BUL,M,,,,1949,AUG25,0,20,1976,
2927187,"Velikov, Georgi",BUL,M,,,,1551,AUG25,0,20,2006,i
2932474,"Velikov, Nikola",BUL,M,,,,1836,AUG25,0,40,2008,i
2900149,"Velikov, Petar",BUL,M,GM,,,2352,AUG25,0,20,1951,i
2912856,"Velikov, Vladimir",BUL,M,,,,1949,AUG25,0,20,1989,i
2919648,"Velikova, Gabriela",BUL,F,,,,1660,AUG25,0,20,2002,wi
2927500,"Velinov, Nikolay",BUL,M,,,,1522,AUG25,0,20,2004,i
2966182,"Velkov, Yavor",BUL,M,,,,1441,AUG25,8,40,2017,
2905680,"Venkova, Polina",BUL,F,,,,1892,AUG25,0,20,1995,wi
2913291,"Veselinov, Dimcho",BUL,M,,,,2067,AUG25,0,20,1971,i
2928183,"Vetsev, Pavel",BUL,M,,,,1860,AUG25,0,20,1945,i
2952289,"Vichev, Ivaylo",BUL,M,,,,1910,AUG25,7,40,2008,
2907763,"Videnova-Kuljasevic, Iva",BUL,F,IM,WGM,FT,2217,AUG25,0,20,1987,wi
2948842,"Vittig, Arnold",BUL,M,,,,1587,AUG25,0,40,2008,i
2950430,"Vladimirov, Anton",BUL,M,,,,1635,AUG25,0,40,2008,i
2907038,"Vladimirov, Ivo",BUL,M,,,,1922,AUG25,0,20,1947,i
2923254,"Vladimirov, Mario",BUL,M,,,,1552,AUG25,0,20,2004,i
2939401,"Vladimirov, Nikola",BUL,M,,,,1536,AUG25,0,40,2009,i
2951398,"Vladimirov, Simeon",BUL,M,,,,1573,AUG25,0,40,2012,
2926342,"Vladov, Lyubomir",BUL,M,,,,1831,AUG25,0,20,1985,i
2908743,"Vlashki, Nino",BUL,M,,,,2246,AUG25,0,20,1989,i
2900602,"Voyska, Margarita",BUL,F,WGM,WGM,,2157,AUG25,0,20,1963,w
2958309,"Vranyashki, Viktor",BUL,M,,,,1679,AUG25,0,20,2005,i
2911191,"Vrigazov, Hristo",BUL,M,,,,1954,AUG25,0,20,1995,i
2908867,"Vutev, Yordan",BUL,M,,FI,,1951,AUG25,0,20,1962,i
2922185,"Vutov, Biser",BUL,M,,,,1980,AUG25,0,20,1975,
2903431,"Vutov, Mario",BUL,M,,,,2339,AUG25,0,20,1974,
2934876,"Yanakiev, Nikola",BUL,M,,,,1519,AUG25,0,20,2004,i
2910756,"Yanev, Pavel",BUL,M,,,,2211,AUG25,9,20,1992,
2910110,"Yanev, Tihomir",BUL,M,IM,,,2404,AUG25,0,10,1991,i
2929597,"Yanev, Ventsislav",BUL,M,,,,1558,AUG25,0,20,2003,i
2929015,"Yanev, Yordan",BUL,M,,,,1883,AUG25,0,20,1973,i
2913313,"Yankov, Kristian",BUL,M,,,,1941,AUG25,0,20,1996,i
2925540,"Yankov, Presiyan",BUL,M,,,,1673,AUG25,0,20,2004,i
2925249,"Yanusheva, Valeriya",BUL,F,,,,1403,AUG25,0,20,2003,wi
2916940,Yordanov Adrian Daniel,BUL,M,,,,1684,AUG25,0,20,2001,i
2916169,"Yordanov, Georgi",BUL,M,,,,1830,AUG25,0,20,1999,i
2936160,"Yordanov, Ivan Y.",BUL,M,,,,1850,AUG25,0,20,2001,i
2936917,"Yordanov, Ivaylo",BUL,M,,,,1704,AUG25,0,20,2003,i
2924846,"Yordanov, Kaloyan",BUL,M,,,,1623,AUG25,0,20,2005,i
2905272,"Yordanov, Kristian",BUL,M,,,,1917,AUG25,0,20,1996,i
2951606,"Yordanov, Kristiyan",BUL,M,,,,1460,AUG25,0,40,2012,i
2918927,"Yordanov, Lachezar",BUL,M,FM,,,2375,AUG25,0,20,2001,i
2906163,"Yordanov, Nikolay",BUL,M,,FT,,2125,AUG25,0,20,1971,
2907445,"Yordanov, Nikolay Plamenov",BUL,M,FM,,,2195,AUG25,0,20,1986,i
2933292,"Yordanov, Rosen",BUL,M,,,,1802,AUG25,0,20,1985,i
2939410,"Yordanov, Valentin",BUL,M,,,,ACM,AUG25,1759,0,1954,i
2920395,"Yordanova, Kristina",BUL,F,,,,1683,AUG25,0,20,2001,wi
2936275,"Yordanova, Monika",BUL,F,,,,1438,AUG25,0,40,2009,wi
2905108,"Yordanova, Svetla",BUL,F,WIM,WIM,FT,2094,AUG25,0,20,1976,w
2921618,"Yosifov, Asen",BUL,M,,,,1740,AUG25,0,20,0,i
2932520,"Yurukova, Ginka",BUL,F,,,,AFM,AUG25,1549,0,2004,wi
2919664,"Zahariev, Ognyan",BUL,M,,,,1881,AUG25,0,20,1962,i
2953781,"Zahariev, Stoyan",BUL,M,,,,1410,AUG25,0,20,1988,i
2944383,"Zahariev, Velislav",BUL,M,,,,1459,AUG25,0,40,2015,i
2927829,"Zangarova, Gabriela",BUL,F,,,,1449,AUG25,0,40,2008,wi
2928205,"Zanov, Georgi",BUL,M,,,,1648,AUG25,0,40,2008,i
2928213,"Zanov, Simeon",BUL,M,,,,1615,AUG25,0,40,2008,i
2929880,"Zarev, Lubomir",BUL,M,,,,1931,AUG25,0,20,1956,i
2913623,"Zashev, Ivan",BUL,M,,,,1753,AUG25,0,20,1997,i
2934248,"Zavivalkin, Alexandr",BUL,M,,,,1635,AUG25,0,20,1999,i
2921600,"Zeort, Martin",BUL,M,,,,1648,AUG25,0,20,2003,i
2939207,"Zhelev, Bozhidar",BUL,M,,,,1529,AUG25,0,40,2007,i
2956969,"Zhelev, Momchil",BUL,M,,,,AFM,AUG25,1592,0,2010,i
2928604,"Zhelev, Nikolay",BUL,M,,,,1858,AUG25,0,40,2008,i
2938820,"Zhelev, Stefan",BUL,M,,,,1421,AUG25,0,40,2010,i
2904365,"Zhelev, Zhelcho",BUL,M,,,,2005,AUG25,0,20,1960,i
2948370,"Zhelyazkov, Borislav",BUL,M,,,,1593,AUG25,7,40,2013,
2953790,"Zlatanov, Ivan",BUL,M,,,,1666,AUG25,0,20,1987,i
2902303,"Zlatanova, Emilia",BUL,F,WIM,WIM,,1946,AUG25,0,20,1958,wi
2921294,"Zlateva, Mina",BUL,F,,,,1735,AUG25,0,20,2004,wi
2928868,"Zlateva, Viktoriya",BUL,F,,,,1548,AUG25,0,40,2008,wi
2961687,"Zlatkov, Boris",BUL,M,,,,1430,AUG25,0,40,2016,i
2959119,"Zlatkov, Nikolay",BUL,M,,,,1407,AUG25,0,40,2013,i