ID Number,Name,Fed,Sex,Title,WTit,OTit,FOA,Rating,Gms,K,B-day,Flag
7710380,"Abdulla, Alex",TTO,M,,,,1632,AUG25,0,40,2000,i
7701926,"Aboud, Sebastien",TTO,M,,,,1981,AUG25,0,40,0,i
7708629,"Absolam, Denique",TTO,F,,,,1488,AUG25,0,40,1993,wi
7711433,"Adam, Arav",TTO,M,,,,1572,AUG25,0,40,2012,
7707428,"Adam, Ashvin",TTO,M,,,,1452,AUG25,0,40,2010,
7702450,"Agostini, Kyron",TTO,M,,,,1512,AUG25,0,20,2003,i
7706413,"Ali, Alan",TTO,M,,,,1618,AUG25,0,20,1979,i
7703015,"Ali, Amy",TTO,F,WCM,WCM,,1602,AUG25,0,20,2001,wi
7700601,"Ali, Ian",TTO,M,,,,1770,AUG25,0,20,1959,i
7712480,"Ali, Reaz",TTO,M,,,,1761,AUG25,0,40,2009,
7706910,"Allum, Adrian",TTO,M,,,,1505,AUG25,0,40,2013,
7702485,"Allum, Zachary",TTO,M,,,,1608,AUG25,0,40,2005,i
7701730,"Ammon, Christian",TTO,M,,,,1876,AUG25,0,20,1997,i
7702612,"Archer, Carl",TTO,M,,,,1771,AUG25,0,20,1971,i
7701365,"Attong, Ian",TTO,M,,,,1527,AUG25,0,40,1961,i
7712251,"Austin, Adrianna",TTO,F,,,,1433,AUG25,0,40,2008,w
7712340,"Austin, Angelo",TTO,M,,,,1513,AUG25,0,40,2010,
7712260,"Austin, Annabelle",TTO,F,,,,1536,AUG25,0,40,2012,w
7702493,"Austin, Marlon",TTO,M,,,,1773,AUG25,0,20,1974,
7705700,"Balliram, Luke",TTO,M,,,,1543,AUG25,0,40,2008,
7705697,"Balliram, Taydan",TTO,M,,,,ACM,AUG25,1663,0,2010,
7705689,"Balliram, Tristan",TTO,M,,,,ACM,AUG25,1544,0,2010,
7707177,"Balroop, Rishi",TTO,M,,,,1541,AUG25,0,40,2004,i
7708181,"Baptiste, Vade",TTO,M,,,,1477,AUG25,0,40,2008,i
7700911,"Bartholomew, Kena",TTO,M,,,,1885,AUG25,0,20,1985,i
7710682,"Bassant, Zac",TTO,M,,,,1491,AUG25,0,40,2010,
7705336,"Belgrave, Paschal",TTO,M,,,,1698,AUG25,0,40,1976,i
7714912,"Bernard, Omari",TTO,M,,,,1597,AUG25,5,40,2010,
7705832,"Bharath, Sameer",TTO,M,,,,1489,AUG25,0,40,2007,
7702760,"Bhola, Daniel",TTO,M,,,,1873,AUG25,0,20,1999,i
7704208,"Bhola, Naresh",TTO,M,,,,1623,AUG25,0,40,1965,i
7703295,"Boodoo, Zidane",TTO,M,,,,1543,AUG25,0,40,2004,i
7700237,"Bowles, Andrew",TTO,M,CM,,,1716,AUG25,0,20,1953,
7713436,"Bramble, Dereon",TTO,M,,,,1580,AUG25,0,40,2011,
7706375,"Brathwaite, Kelon",TTO,M,,,,1568,AUG25,0,40,2008,i
7706995,"Brathwaite, Kiara",TTO,F,,,,1448,AUG25,0,40,2009,wi
7704178,"Browne, Paul",TTO,M,,,,1907,AUG25,0,20,1975,i
7700440,"Cabralis, Quinn",TTO,M,FM,NA,,2212,AUG25,0,20,1995,
7702175,"Callender, Noel",TTO,M,,,,1625,AUG25,0,40,1951,i
7714971,"Campo, Caleb",TTO,M,,,,1457,AUG25,0,40,2013,
7700113,"Cave, Christo",TTO,M,FM,,,2142,AUG25,0,20,1961,i
7705026,"Chaitram, Aaron",TTO,M,,,,1437,AUG25,0,40,2007,i
7705018,"Chaitram, Aiden",TTO,M,,,,1463,AUG25,0,40,2010,i
7700342,"Chang, Eddison, Dr.",TTO,M,,,,2015,AUG25,0,20,1977,i
7705409,"Charles, Aalliyah",TTO,F,,,,1574,AUG25,0,40,1999,wi
7702604,"Charles, Denise",TTO,F,,,,1781,AUG25,0,40,1975,wi
7704747,"Charles-Richards, Kamaria",TTO,F,,,,1458,AUG25,0,40,2003,wi
7700636,"Chin, Nicholas",TTO,M,,,,1872,AUG25,0,20,0,i
7704755,"Chin, Peter",TTO,M,,,,1518,AUG25,0,40,2006,i
7712561,"Choi, Jinhyeok",TTO,M,,,,1459,AUG25,0,40,2007,i
7700130,"Chong, Kurtis",TTO,M,,,,2073,AUG25,0,20,1961,i
11100265,"Christopher, David",TTO,M,,,,2086,AUG25,0,20,0,i
7702191,"Chuniesingh, Nikielia",TTO,F,,,,1656,AUG25,0,20,1997,wi
7700989,"Cobham, Marcus",TTO,M,CM,,,1981,AUG25,0,20,1979,
7706936,"Cowie, Frank",TTO,M,,,,1590,AUG25,0,40,1963,i
7703554,"Creese, Josau",TTO,M,,,,1723,AUG25,0,40,1977,i
7703686,"Cudjoe, Shawn",TTO,M,,,,1896,AUG25,0,40,1969,i
7700512,"Cupid, Kevin",TTO,M,FM,,,2178,AUG25,15,20,1991,
7713525,"Daniel, Cristino",TTO,M,,,,1426,AUG25,0,40,2010,
7705603,"Dasent, Joseph",TTO,M,,,,1780,AUG25,0,40,2000,i
7701250,"Davis, Daryl",TTO,M,CM,NA,,1835,AUG25,0,20,1972,i
7701896,"De Silva, Darrien",TTO,M,,,,1627,AUG25,0,40,1997,i
7701454,"Dennis, Brent",TTO,M,,,,1687,AUG25,0,20,1975,i
7702477,"Dixon, Brian",TTO,M,,,,1603,AUG25,0,40,1997,i
7710402,"Dolly, Nicholas",TTO,M,,,,1462,AUG25,0,40,2013,i
7709986,"Dolly, Samantha",TTO,F,,,,1675,AUG25,5,40,2010,w
7702566,"Dover, Kelvin",TTO,M,,,,1772,AUG25,0,40,1998,i
7701462,"Drayton, Doff",TTO,M,,,,ACM,AUG25,1763,0,1955,i
7700024,"Duchesne, E.L.",TTO,M,,,,2230,AUG25,0,20,0,i
7709706,"Duffrin, Adelia",TTO,F,,,,1520,AUG25,4,40,2007,w
7700474,"Duke, Mateo",TTO,M,,,,1743,AUG25,0,40,1999,i
7700180,"Duncan, Leonard",TTO,M,CM,,,1802,AUG25,0,20,1954,
7705131,"Dyaanand, Kiran",TTO,M,,,,1469,AUG25,0,40,2002,i
7700644,"Everon, John",TTO,M,,,,1832,AUG25,0,20,1955,i
7700520,"Fitzpatrick, Chantal",TTO,F,,,,1841,AUG25,0,40,1990,wi
7701470,"Flower, Trevor",TTO,M,,,,1798,AUG25,0,20,1958,i
7700652,"Fortune, David",TTO,M,,,,1859,AUG25,0,20,1949,i
7701659,"Francis, Samuel",TTO,M,,,,1843,AUG25,0,40,0,i
7706839,"Francis-Ramai, Mathias",TTO,M,,,,1555,AUG25,0,40,2005,i
7702507,"Francois, Miguel",TTO,M,,,,1862,AUG25,0,20,1976,i
7711921,"Frederick, Jon",TTO,M,,,,1481,AUG25,0,40,2008,
7700040,"Geofroy, Marilyn",TTO,F,WCM,WCM,,1847,AUG25,0,40,1956,w
7708556,"George, Ezekiel",TTO,M,,,,1453,AUG25,0,40,2006,i
7707983,"George, Spencer",TTO,M,,,,1462,AUG25,0,40,2013,
2014203,"Gill, Joseph",TTO,M,CM,,,1973,AUG25,0,20,1992,i
7712383,"Gill, Tyrese",TTO,M,,,,1916,AUG25,7,20,2006,
7705859,"Gillette, James",TTO,M,,,,1421,AUG25,0,40,2007,
7706111,"Gillette, Luke",TTO,M,,,,1711,AUG25,6,40,2010,
7707240,"Gooding, Vishal",TTO,M,,,,1446,AUG25,0,40,2004,i
7701705,"Gordon, Anderson",TTO,M,,,,1994,AUG25,0,20,1974,i
7701497,"Grant, Ian",TTO,M,,,,1767,AUG25,6,20,1973,
7700415,"Guerrero, Rafael",TTO,M,,,,1920,AUG25,0,40,1994,i
7709846,"Harford, Adam",TTO,M,,,,1487,AUG25,0,40,2010,i
7700156,"Harper, Ryan",TTO,M,FM,NA,,2131,AUG25,0,20,1977,
7710003,"Harry, Caleb",TTO,M,,,,1504,AUG25,5,40,2015,
7708700,"Haynes, Anthony Daniel",TTO,M,,,,1424,AUG25,0,40,2010,
7708130,"Haynes, Trevor Anthony",TTO,M,,,,1612,AUG25,0,20,1956,
7700660,"Heerah, Rohan",TTO,M,,,,1863,AUG25,0,20,1964,i
3912167,"Hermoso Rodriguez, Ysvett",TTO,F,WFM,WFM,,1895,AUG25,9,20,1991,w
7707258,"Hosein, Rayshard",TTO,M,,,,1533,AUG25,0,40,2005,i
7713878,"Hosein, Yuri",TTO,M,,,,1655,AUG25,0,40,2014,
7709439,"Humphrey, Ty",TTO,M,,,,ACM,AUG25,1651,6,2016,
7703210,"Hunte, Keelan",TTO,M,,NI,,1759,AUG25,0,20,1986,i
7703589,"Iligan, Rodelio",TTO,M,,,,1870,AUG25,0,40,0,i
7703112,"Inkim, Matthew",TTO,M,,,,1687,AUG25,0,20,2003,i
7705468,"Inkim, Thomas",TTO,M,,,,1720,AUG25,0,40,1963,i
7707266,"Jagadeesh, Ghanashyaam",TTO,M,,,,1548,AUG25,0,40,2007,i
7705344,"James, Cordel",TTO,M,,,,1698,AUG25,0,40,1981,i
7706782,"James, Ethan",TTO,M,,,,1471,AUG25,0,40,2008,i
7704127,"James, Fidel",TTO,M,,,,1711,AUG25,0,40,1959,i
7701373,"James, Keevin",TTO,M,,,,1865,AUG25,0,20,1981,
7708726,"James, Levi",TTO,M,,,,1730,AUG25,5,40,2011,
7708424,"James, Nathanael",TTO,M,,,,1434,AUG25,0,40,2010,i
7702060,"James, Shemilah",TTO,F,WCM,WCM,,1770,AUG25,0,20,2003,w
7711611,"Jogie, Ari",TTO,M,,,,1477,AUG25,0,40,2010,
7708025,"Johnson, Adaya",TTO,F,,,,1569,AUG25,0,40,2011,w
7703317,"Johnson, Chaya",TTO,F,,,,1513,AUG25,0,20,2005,wi
7701128,"Johnson, Gabriella",TTO,F,WIM,WIM,LSI,1820,AUG25,0,20,2000,w
7700768,"Johnson, Joshua",TTO,M,FM,"FI,NA",,2213,AUG25,9,20,1999,
7703511,"Jones, Akeisha",TTO,F,,,,1595,AUG25,0,20,2001,wi
7700075,"Jones, David",TTO,M,,,,1887,AUG25,0,20,1974,
7703058,"Jones, Joanna",TTO,F,,,,1410,AUG25,0,40,2001,wi
7710135,"Jones, Marcus",TTO,M,,,,1464,AUG25,0,40,2013,
7700253,"Joseph, Jerome",TTO,M,,,,1974,AUG25,0,40,0,i
7700393,"Joseph, Marcus",TTO,M,FM,,,2121,AUG25,0,20,1987,
7706014,"Joseph, Sajan",TTO,M,,,,1470,AUG25,0,40,2009,i
7706022,"Joseph, Sanjiv",TTO,M,,,,1532,AUG25,0,40,2008,i
7700300,"Kennedy, Jane",TTO,F,,,,1842,AUG25,0,40,1989,wi
7704844,"Khafra, Enen-Sa-Tefa Ab",TTO,M,,NA,,1909,AUG25,0,20,1998,
7708084,"Khan, Ajay",TTO,M,,,,1422,AUG25,0,40,2007,i
7711069,"Khan, Zidan",TTO,M,,,,1475,AUG25,0,40,2013,i
7710267,"King, Cameron",TTO,M,,,,1467,AUG25,0,40,2008,i
7700695,"Knight, Colin",TTO,M,,,,1917,AUG25,0,20,1964,i
7708300,"Kumar, Alexandra",TTO,F,,,,ACM,AUG25,1523,0,2012,w
7705417,"La Fleur, Juninho",TTO,M,,,,1681,AUG25,0,40,2007,i
7703848,"La Fleur, Zara",TTO,F,WCM,WCM,SI,1769,AUG25,8,20,2006,w
7704780,"Lackhai, Tristan",TTO,M,,,,1573,AUG25,0,40,2006,i
7709927,"Laing, Adam",TTO,M,,,,1458,AUG25,0,40,2012,
7707851,"Laing, Raquel",TTO,F,,,,1430,AUG25,0,40,2010,w
7708351,"Lalla, Eli",TTO,M,,,,1403,AUG25,0,40,2013,
7705670,"Lalsie, Kyle",TTO,M,,,,1521,AUG25,0,40,2004,i
7715218,"Lau, Jacek",TTO,M,,,,1588,AUG25,0,40,2012,
7708599,"Lee, Brad",TTO,M,,,,1603,AUG25,0,20,1988,
7703228,"Lee, Courtney",TTO,M,,,,1863,AUG25,0,20,1949,i
7700350,"Lee, Hayden",TTO,M,,,,1836,AUG25,6,20,1966,
7701136,"Leemoon, Brian",TTO,M,,,,1815,AUG25,0,40,1966,i
7711662,"Lewis, Maliq",TTO,M,,,,1548,AUG25,0,40,2011,
7703465,"Lewis, Tyrell",TTO,M,,,,1624,AUG25,0,40,2002,i
7705999,"Lookit, Lucas",TTO,M,,,,1404,AUG25,0,40,2008,i
7706898,"Lutawan, Adrian",TTO,M,,,,1502,AUG25,0,40,2009,
7705204,"Ly Fook, Nicholas",TTO,M,,,,1431,AUG25,0,20,2005,i
7703473,"Lynch, Jennika",TTO,F,,,,1663,AUG25,0,20,2002,wi
7707134,"Mahabir, Yuri Harvard",TTO,M,,,,1566,AUG25,0,40,2007,i
7706367,"Mahadeo, Amir",TTO,M,,,,1631,AUG25,0,20,2005,
7704925,"Mahadeo, Sanjeev",TTO,M,,,,1712,AUG25,0,40,1999,
7705743,"Maharaj, Keshav",TTO,M,,,,1458,AUG25,0,20,2005,i
7705573,"Maharaj, Kevin",TTO,M,,,,1500,AUG25,0,40,2007,
7705085,"Maharaj, Sanat",TTO,M,,,,1440,AUG25,0,40,2006,i
7701071,"Maharaj, Steve",TTO,M,,,,1904,AUG25,0,20,0,
7707479,"Maharaj, Vandina",TTO,F,,,,1408,AUG25,0,40,2009,wi
7704968,"Maharaj, Varenyam",TTO,M,,,,1756,AUG25,0,20,2002,i
7704879,"Maharaj-Ali, Jaedon",TTO,M,,,,1579,AUG25,0,40,2003,i
7705565,"Malle, Angel",TTO,M,,,,1542,AUG25,0,40,2001,i
7707290,"Mano, Syon",TTO,M,,,,1524,AUG25,0,40,2007,i
7705727,"Manocha, Cayleigh",TTO,F,,,,1473,AUG25,0,40,2008,wi
7713452,"Manswell, Castillo",TTO,M,,,,1535,AUG25,0,40,2010,
7700261,"Marcelle, Joffrey",TTO,M,,,,1987,AUG25,0,20,1977,i
7702280,"Martin, Athena",TTO,F,,,,1480,AUG25,0,20,2005,wi
7702884,"Martin, David",TTO,M,,FI,,1694,AUG25,0,40,1956,i
7706804,"Martin, Joshua",TTO,M,,,,1462,AUG25,0,40,2007,i
7706650,"Martin, Kayla",TTO,F,,NA,,1470,AUG25,0,20,2004,w
7707096,"Martin, Kevin",TTO,M,,,,1425,AUG25,0,40,1977,i
7702310,"Martin, Mikel",TTO,M,,,,1898,AUG25,0,20,2001,i
7707991,"Martin, Neyah",TTO,F,,,,1474,AUG25,0,40,2013,wi
7707843,"Martinez, Robert",TTO,M,,,,1717,AUG25,0,40,1987,i
7702949,"Mason, Kriston",TTO,M,,,,1582,AUG25,0,20,1997,i
7703716,"Maynard, David",TTO,M,,,,1522,AUG25,3,20,1953,
7703244,"Maynard, Lennox",TTO,M,,,,1789,AUG25,0,40,0,i
7703791,"Mc Intosh, Isaiah",TTO,M,FM,,,2246,AUG25,0,20,2000,
7708254,"Mc Letchie, Nicholas",TTO,M,,,,1671,AUG25,0,40,2014,
7712871,"McClatchie, Zephaniah",TTO,M,,,,1547,AUG25,0,40,2009,
7706030,"Medina, Joshua",TTO,M,CM,,,1965,AUG25,7,40,2008,
7701349,"Mentor, Hermes",TTO,M,,,,1787,AUG25,0,20,0,i
7700148,"Merritt, Mario",TTO,M,FM,,,2143,AUG25,0,20,1977,
7700920,"Mitchell, Adrian",TTO,M,,,,1887,AUG25,0,40,1988,i
7711697,"Mitchell, Deandre",TTO,M,,,,1646,AUG25,0,40,2010,
7708203,"Mohammed, Celine Angelina",TTO,F,,,,1477,AUG25,0,40,2002,w
7706553,"Mohammed, Kiran",TTO,M,,,,1636,AUG25,0,20,2005,i
7710194,"Mohammed, Samiyah",TTO,F,,,,1448,AUG25,0,40,2012,w
7709196,"Mohan, Sofia",TTO,F,,,,1423,AUG25,0,40,2008,wi
7700059,"Moheni, A E",TTO,F,,,,2005,AUG25,0,20,0,wi
7702728,"Moheni, Thuku",TTO,M,,,,1513,AUG25,0,40,1948,i
7700245,"Munro, Allan",TTO,M,FM,,,1953,AUG25,0,20,1986,
7703260,"Munroe-Brown, Brad",TTO,M,,,,1608,AUG25,0,20,2006,
7702671,"Munroe-Brown, Joshua",TTO,M,,,,1655,AUG25,0,40,2000,i
7706871,"Muradali, Kyan",TTO,M,,,,1559,AUG25,0,40,2011,i
7707002,"Murray, Ross",TTO,M,,,,1557,AUG25,0,40,2004,i
7707029,"Murray, Zachary",TTO,M,,,,AFM,AUG25,1545,0,2009,i
7713410,"Myneni, Sree Anwita Sai",TTO,F,,,,1505,AUG25,5,40,2013,w
7705360,"Nedd, Sean",TTO,M,,NA,,1932,AUG25,0,40,1978,i
7700482,"Nelson, Ronnie",TTO,M,,,,1756,AUG25,0,40,1999,i
7700083,"Noel, Roderick",TTO,M,,FA,,1879,AUG25,0,20,1958,i
7709218,"Norbert, Leonov",TTO,M,,,,1501,AUG25,0,40,2005,
7707606,"Nurse, Xavier",TTO,M,,,,1584,AUG25,0,40,2009,
7702914,"Oliverie, Kristian",TTO,M,,,,1604,AUG25,0,40,1995,
7701950,"Pacheco, Dimitri",TTO,M,,,,1732,AUG25,0,20,1997,i
7702841,"Patihk, Marc",TTO,M,,,,1768,AUG25,0,20,1972,i
7706588,"Patrick, John",TTO,M,,,,1405,AUG25,0,40,2006,i
7700539,"Paul, Jarryon",TTO,M,,,,1822,AUG25,0,40,1996,i
7700210,"Paul, Jayson",TTO,M,,,,1950,AUG25,0,20,1992,i
7712090,"Paul, Jesu",TTO,M,,,,1536,AUG25,0,40,2012,
7705662,"Paul, Trevor",TTO,M,,,,1511,AUG25,3,20,1967,
7701993,"Pegus, Melchezidek",TTO,M,,,,1708,AUG25,0,40,1998,i
7700369,"Perryman, Sean",TTO,M,,,,2041,AUG25,0,20,0,i
7701233,"Phillip, Petersen",TTO,M,,NA,,1500,AUG25,0,40,1955,i
7704690,"Phillips, Marliyah",TTO,F,,,,1433,AUG25,0,20,2005,wi
7704453,"Portell, Gerard",TTO,M,,,,1675,AUG25,0,40,1995,i
7700172,"Pouchet, Michael",TTO,M,FM,,,1983,AUG25,0,20,0,i
7707754,"Prabhakar, Chandresh",TTO,M,,,,1562,AUG25,0,40,2007,i
7707967,"Prabhakar, Rakesh",TTO,M,,,,1719,AUG25,0,40,1963,i
7700725,"Primus, Prince",TTO,M,,,,1619,AUG25,0,20,1955,
7704666,"Ragbir, Kiran",TTO,M,,,,1567,AUG25,0,40,2001,i
7705212,"Ragoobar, Keagan",TTO,M,,,,1668,AUG25,0,20,2005,i
7702442,"Rahaman, Najarah",TTO,F,,,,1613,AUG25,0,20,1997,wi
143105003,"Rajkumar, Daniel",TTO,M,,,,AIM,AUG25,1936,9,2010,
7700091,"Ramadhar, Kishore",TTO,M,CM,,,1836,AUG25,5,20,1960,
7705441,"Ramadhin, Avinath",TTO,M,,,,1815,AUG25,0,40,1988,i
7709250,"Rambally, Arjun",TTO,M,,,,1474,AUG25,4,40,2010,
7703929,"Rambally, Eon",TTO,M,,,,1498,AUG25,0,20,1970,i
7705875,"Ramdass, Jonathan",TTO,M,,,,1555,AUG25,0,20,2006,i
7702515,"Ramdath, Simon",TTO,M,,,,1911,AUG25,0,20,1997,
7713070,"Ramdatt, Nilesh",TTO,M,,,,1512,AUG25,4,40,2012,
7709870,"Ramdial, Gabriel",TTO,M,,,,1539,AUG25,0,40,2009,
7712359,"Ramkissoon, Adam",TTO,M,,,,1454,AUG25,0,40,2010,i
7701900,"Ramlogan, Rishon",TTO,M,,,,1857,AUG25,0,40,2000,i
7706006,"Ramnarine Singh, Aradhana",TTO,F,,,,1605,AUG25,0,40,2008,w
7703171,"Ramnarine, Jordaine",TTO,M,,,,1598,AUG25,0,40,2002,i
3901513,"Ramos Caldera, Cesar",TTO,M,CM,,,1823,AUG25,1,20,1945,
7704224,"Ramoutar, Alan-Safar",TTO,M,IM,,,2313,AUG25,9,10,2003,
7704232,"Ramoutar, Anahita",TTO,F,,,,1550,AUG25,0,40,2006,wi
7704240,"Ramoutar, Ariana",TTO,F,,,,1469,AUG25,0,40,2006,wi
7711905,"Rampersad, Jaeden",TTO,M,,,,1421,AUG25,0,40,2010,i
7704100,"Rampersad, Rayden",TTO,M,CM,,,1509,AUG25,0,40,2007,
7708360,"Rampersad, Ved",TTO,M,,,,1498,AUG25,0,40,2013,
7708378,"Rampersad, Veer",TTO,M,,,,1452,AUG25,0,40,2012,
7700270,"Ramrattan, Ian",TTO,M,,,,1696,AUG25,0,40,0,i
7714300,"Ramroop, Rivaldo",TTO,M,,,,1583,AUG25,0,40,2006,
7714718,"Ramsaroop, Sandhya",TTO,F,,,,1484,AUG25,0,40,2012,w
7700067,"Ramsingh, Yogendranath",TTO,M,CM,,,2097,AUG25,0,20,1965,
7704801,"Ramsumair, Daenon",TTO,M,,,,1846,AUG25,0,20,2001,i
7704917,"Ramtahal, Justin",TTO,M,,,,1410,AUG25,0,40,2003,i
7700229,"Raphael, Christopher",TTO,M,,,,1981,AUG25,0,20,1992,i
7700032,"Raphael, John",TTO,M,,,,2069,AUG25,0,20,1957,i
7702329,"Razark, Sadiqah",TTO,F,WFM,WFM,"LSI,FA",1482,AUG25,0,20,1998,wi
7702345,"Razark, Zaakir",TTO,M,,NA,,1513,AUG25,0,20,2002,i
7703910,"Reid, Shaun",TTO,M,,,,1798,AUG25,0,40,1987,i
7704640,"Richards, Kaleb",TTO,M,,,,1614,AUG25,0,40,2002,i
7702736,"Richards, Mark",TTO,M,,,,1896,AUG25,0,40,0,i
7708602,"Richardson, Jerome",TTO,M,,,,1671,AUG25,0,20,1994,
7709323,"Roberts, Michael",TTO,M,,,,1553,AUG25,0,40,2008,i
7702469,"Robertson, Jordan",TTO,M,,,,1599,AUG25,0,40,2003,i
7702850,"Rodney, Christopher",TTO,M,,,,1873,AUG25,0,40,1960,i
7711930,"Rodriguez, Micah",TTO,M,,,,1570,AUG25,0,40,2005,
7706979,"Rodriguez, Ricardo",TTO,M,,,,1477,AUG25,0,40,2006,i
7703767,"Romany, Ronaldo",TTO,M,,,,1473,AUG25,0,40,2004,i
7704054,"Roopnarine, Reece",TTO,M,,,,1708,AUG25,0,20,2003,i
7700288,"Rosales, Guelmo",TTO,M,,,,1986,AUG25,0,20,1977,i
7708432,"Sagramsingh, Ricardo",TTO,M,,,,1421,AUG25,0,40,2010,i
7704038,"Saha, Anusha",TTO,F,,,,1647,AUG25,0,20,2004,wi
7700377,"Salloum, Justin",TTO,M,,,,1984,AUG25,0,40,1991,i
7702744,"Sama, Savon",TTO,M,,,,1620,AUG25,0,40,0,
7708149,"Sammy, Christopher",TTO,M,,,,1424,AUG25,0,40,2009,i
7710607,"Sammy, Styris",TTO,M,,,,1505,AUG25,0,40,2007,
7706618,"Sampath, Avidesh",TTO,M,,,,1581,AUG25,0,40,2005,i
7706880,"Samuel Bisnath, Kael",TTO,M,CM,,,2023,AUG25,0,40,2009,
7706669,"Samuel Bisnath, Keira",TTO,F,,,,1472,AUG25,0,20,2004,w
7705387,"Sandy, Jared",TTO,M,,,,1679,AUG25,0,40,1999,i
7710224,"Sayyid, Akeera",TTO,F,,,,1543,AUG25,4,40,2003,w
7705425,"Scoon, Kalel",TTO,M,,,,1666,AUG25,0,40,2006,
7701276,"Seaforth, Sylvan",TTO,M,,,,1815,AUG25,0,20,1956,i
7701586,"Sealy, Gerard",TTO,M,,,,1710,AUG25,0,20,2000,i
7701594,"Sealy, Jon Raphael",TTO,M,,,,1537,AUG25,0,20,2001,i
7700121,"Sears, Frank",TTO,M,CM,NA,,1757,AUG25,5,20,1944,
7710283,"Seegoolam, Aiden",TTO,M,,,,1428,AUG25,0,40,2009,i
7706928,"Seunarine, Vishal",TTO,M,,,,1596,AUG25,0,40,1992,i
7707959,"Shah, Rydell",TTO,M,,,,1627,AUG25,0,40,1979,i
7709340,"Siewdass, Tristan",TTO,M,,,,1783,AUG25,0,40,2009,
7702809,"Simeon, Chad",TTO,M,,,,1870,AUG25,0,40,1988,i
7702868,"Sims, Andre",TTO,M,,,,1662,AUG25,0,40,1998,i
7700733,"Singh, Carlyle",TTO,M,,,,1676,AUG25,0,20,1948,
7705760,"Singh, Kavira",TTO,F,,,,1478,AUG25,0,40,2008,wi
7711336,"Singh, Liam",TTO,M,,,,1422,AUG25,0,40,2013,i
7700938,"Singh, Mahendra",TTO,M,,,,1924,AUG25,0,20,1998,i
7700199,"Singh, Ravishen",TTO,M,CM,,,1989,AUG25,0,20,1977,
7703651,"Singh, Reece",TTO,M,,,,1537,AUG25,0,40,2001,i
7700946,"Singh, Vishnu",TTO,M,IM,,,2188,AUG25,0,20,1995,
7700423,"Smith, Alpacino",TTO,M,,,,1897,AUG25,0,20,1993,i
7700466,"Smith, Javanna",TTO,F,WFM,WFM,,1836,AUG25,0,20,1997,wi
7700890,"Smith, Russell",TTO,M,,,,1966,AUG25,0,40,1958,i
7700458,"Smith, Vandoff",TTO,M,,,,1815,AUG25,0,20,1995,i
7714505,"Smith, Zayvion",TTO,M,,,,1416,AUG25,0,40,2009,
7700490,"Smith, Zurich",TTO,M,,,,1573,AUG25,0,20,2000,i
7700741,"Solomon, Ian",TTO,M,,,,1728,AUG25,0,20,1957,i
7702698,"Sonoo, Karissa",TTO,F,,,,1662,AUG25,0,40,2001,wi
7715595,"Sookdeo, Devesh",TTO,M,,,,1504,AUG25,0,40,2010,
7706855,"Sookdeo, Saanjive",TTO,M,,,,1555,AUG25,0,40,2005,i
7705093,"Sookdeo, Tristan",TTO,M,,,,1605,AUG25,0,40,2006,i
7703937,"Sookoor, Sameer",TTO,M,,,,1458,AUG25,0,40,2006,i
7705352,"Sookraj, Druva",TTO,M,,,,1667,AUG25,5,20,1981,
7713363,"Sookraj, Sameer",TTO,M,,,,1534,AUG25,0,40,2012,
7700598,"Soondarsingh, Aditi",TTO,F,WCM,WCM,,1812,AUG25,0,20,1988,wi
7700903,"Soondarsingh, Bhisham",TTO,M,,,,1810,AUG25,0,40,1949,i
7700954,"Soondarsingh, Dev",TTO,M,CM,,,2028,AUG25,0,20,1987,i
7702876,"Soverall, Peter",TTO,M,,,,1746,AUG25,0,20,1955,i
7703520,"Squires, Collette",TTO,F,,,,1559,AUG25,0,40,2001,wi
7703236,"Superville, Arthur",TTO,M,,,,1516,AUG25,4,20,1952,
7702035,"Thomas, Lewson",TTO,M,,,,1794,AUG25,0,40,0,i
7704135,"Thomas, Rickson",TTO,M,,,,1880,AUG25,0,20,1989,i
7704356,"Thompson, Anthony",TTO,M,,,,1858,AUG25,0,40,1979,i
7712391,"Tuberoso, Liam",TTO,M,,,,1417,AUG25,0,40,2006,i
7701667,"Tyson, Keith",TTO,M,,,,1650,AUG25,0,40,1965,i
7701721,"Valentine, Bryan",TTO,M,,,,1606,AUG25,0,20,1961,i
7712421,"Vassell, Isaiah",TTO,M,,,,1849,AUG25,6,40,2010,
7701390,"Walcott, Alex",TTO,M,,,,1665,AUG25,0,40,1998,i
7701438,"Waldron, Omari",TTO,M,,,,1947,AUG25,0,20,1992,i
7713428,"Walker, Khadija",TTO,F,,,,1580,AUG25,0,40,1999,wi
7709390,"Williams, Saqiv",TTO,M,,,,1647,AUG25,0,20,2005,
7704526,"Williams, Shorndel",TTO,M,,,,1899,AUG25,0,40,1989,i
7701446,"Wilson, Jonathan",TTO,M,,,,1873,AUG25,0,40,1993,i
7700318,"Wiltshire, Esan",TTO,M,CM,,,2060,AUG25,0,20,1990,i
7701098,"Wiltshire, Louis",TTO,M,,,,1749,AUG25,0,20,1936,i
7700750,"Winter Atwell, Adrian",TTO,M,FM,NA,,2090,AUG25,0,20,1985,
7702639,"Wong, Samson",TTO,M,,,,1803,AUG25,0,40,1971,i
7701616,"Worrell, David",TTO,M,,,,1827,AUG25,0,40,0,i
7705735,"Yashvardhan Bunsee, Ari",TTO,M,,,,1550,AUG25,0,40,2009,i
7702426,"Yearwood, Sean",TTO,M,CM,NA,,1839,AUG25,0,20,2003,i
7702523,"Yearwood, Shannon",TTO,F,CM,WFM,,1781,AUG25,0,20,2000,wi
7703287,"Yearwood, Sheldon",TTO,M,,,,1502,AUG25,0,20,2006,i
7702590,"Yearwood, Sylvan",TTO,M,,,,1725,AUG25,0,40,1999,i
7700105,"Yee, Frank",TTO,M,FM,,,1975,AUG25,0,20,1970,i
7711875,"Zhan, Julian",TTO,M,,,,1592,AUG25,0,40,2010,