[
  {
    "ID Number": "6800300"
  },
  {
    "ID Number": "6800297"
  },
  {
    "ID Number": "6800785"
  },
  {
    "ID Number": "6800467"
  },
  {
    "ID Number": "6800831"
  },
  {
    "ID Number": "6800378"
  },
  {
    "ID Number": "6800033"
  },
  {
    "ID Number": "6800262"
  },
  {
    "ID Number": "2402076"
  },
  {
    "ID Number": "6800602"
  },
  {
    "ID Number": "6800807"
  },
  {
    "ID Number": "6800041"
  },
  {
    "ID Number": "6800726"
  },
  {
    "ID Number": "6800637"
  },
  {
    "ID Number": "6800114"
  },
  {
    "ID Number": "6800076"
  },
  {
    "ID Number": "6800823"
  },
  {
    "ID Number": "6800564"
  },
  {
    "ID Number": "6800718"
  },
  {
    "ID Number": "6800068"
  },
  {
    "ID Number": "6800173"
  },
  {
    "ID Number": "6800246"
  },
  {
    "ID Number": "6800025"
  },
  {
    "ID Number": "6800742"
  },
  {
    "ID Number": "6800700"
  },
  {
    "ID Number": "6800734"
  },
  {
    "ID Number": "6800092"
  },
  {
    "ID Number": "6800815"
  },
  {
    "ID Number": "6800165"
  },
  {
    "ID Number": "6800858"
  },
  {
    "ID Number": "6800653"
  }
]