[
  {
    "ID Number": "3307573"
  },
  {
    "ID Number": "3331423"
  },
  {
    "ID Number": "3326942"
  },
  {
    "ID Number": "3339050"
  },
  {
    "ID Number": "3343901"
  },
  {
    "ID Number": "3311562"
  },
  {
    "ID Number": "3302199"
  },
  {
    "ID Number": "3334392"
  },
  {
    "ID Number": "3332233"
  },
  {
    "ID Number": "3340341"
  },
  {
    "ID Number": "3344800"
  },
  {
    "ID Number": "3323978"
  },
  {
    "ID Number": "3324222"
  },
  {
    "ID Number": "3319571"
  },
  {
    "ID Number": "3329895"
  },
  {
    "ID Number": "3310876"
  },
  {
    "ID Number": "3312410"
  },
  {
    "ID Number": "3300650"
  },
  {
    "ID Number": "3345068"
  },
  {
    "ID Number": "3345017"
  },
  {
    "ID Number": "3300323"
  },
  {
    "ID Number": "3331210"
  },
  {
    "ID Number": "3322530"
  },
  {
    "ID Number": "3325474"
  },
  {
    "ID Number": "3339017"
  },
  {
    "ID Number": "3333671"
  },
  {
    "ID Number": "3317188"
  },
  {
    "ID Number": "3338517"
  },
  {
    "ID Number": "3369234"
  },
  {
    "ID Number": "3333361"
  },
  {
    "ID Number": "3306852"
  },
  {
    "ID Number": "3355900"
  },
  {
    "ID Number": "3328813"
  },
  {
    "ID Number": "3329682"
  },
  {
    "ID Number": "3324966"
  },
  {
    "ID Number": "3344533"
  },
  {
    "ID Number": "3305805"
  },
  {
    "ID Number": "3341313"
  },
  {
    "ID Number": "3342972"
  },
  {
    "ID Number": "3327051"
  },
  {
    "ID Number": "3333094"
  },
  {
    "ID Number": "3304930"
  },
  {
    "ID Number": "3310787"
  },
  {
    "ID Number": "3323080"
  },
  {
    "ID Number": "6614264"
  },
  {
    "ID Number": "3328449"
  },
  {
    "ID Number": "3335496"
  },
  {
    "ID Number": "3331261"
  },
  {
    "ID Number": "3313417"
  },
  {
    "ID Number": "3301141"
  },
  {
    "ID Number": "3301400"
  },
  {
    "ID Number": "3355683"
  },
  {
    "ID Number": "3332950"
  },
  {
    "ID Number": "3336794"
  },
  {
    "ID Number": "3314693"
  },
  {
    "ID Number": "3345882"
  },
  {
    "ID Number": "3310655"
  },
  {
    "ID Number": "3357490"
  },
  {
    "ID Number": "3315690"
  },
  {
    "ID Number": "3326268"
  },
  {
    "ID Number": "3353206"
  },
  {
    "ID Number": "3314570"
  },
  {
    "ID Number": "3341062"
  },
  {
    "ID Number": "3347737"
  },
  {
    "ID Number": "3351416"
  },
  {
    "ID Number": "3320294"
  },
  {
    "ID Number": "3306860"
  },
  {
    "ID Number": "3320316"
  },
  {
    "ID Number": "3317684"
  },
  {
    "ID Number": "3316882"
  },
  {
    "ID Number": "3335712"
  },
  {
    "ID Number": "3325482"
  },
  {
    "ID Number": "3319423"
  },
  {
    "ID Number": "3314049"
  },
  {
    "ID Number": "3313182"
  },
  {
    "ID Number": "3314057"
  },
  {
    "ID Number": "3318230"
  },
  {
    "ID Number": "3342166"
  },
  {
    "ID Number": "3338827"
  },
  {
    "ID Number": "3348342"
  },
  {
    "ID Number": "3344177"
  },
  {
    "ID Number": "3348180"
  },
  {
    "ID Number": "3315029"
  },
  {
    "ID Number": "3358496"
  },
  {
    "ID Number": "3302903"
  },
  {
    "ID Number": "3321584"
  },
  {
    "ID Number": "3333370"
  },
  {
    "ID Number": "3334716"
  },
  {
    "ID Number": "3344517"
  },
  {
    "ID Number": "3335739"
  },
  {
    "ID Number": "3306631"
  },
  {
    "ID Number": "3366413"
  },
  {
    "ID Number": "3367010"
  },
  {
    "ID Number": "3368912"
  },
  {
    "ID Number": "3335747"
  },
  {
    "ID Number": "3302938"
  },
  {
    "ID Number": "3312445"
  },
  {
    "ID Number": "3321231"
  },
  {
    "ID Number": "3341070"
  },
  {
    "ID Number": "3348598"
  },
  {
    "ID Number": "3314561"
  },
  {
    "ID Number": "3350282"
  },
  {
    "ID Number": "3348601"
  },
  {
    "ID Number": "3306194"
  },
  {
    "ID Number": "3359999"
  },
  {
    "ID Number": "3337618"
  },
  {
    "ID Number": "3325911"
  },
  {
    "ID Number": "3342980"
  },
  {
    "ID Number": "3316270"
  },
  {
    "ID Number": "3318354"
  },
  {
    "ID Number": "3325970"
  },
  {
    "ID Number": "3324672"
  },
  {
    "ID Number": "3367991"
  },
  {
    "ID Number": "3366731"
  },
  {
    "ID Number": "3342921"
  },
  {
    "ID Number": "3345076"
  },
  {
    "ID Number": "3321460"
  },
  {
    "ID Number": "3316890"
  },
  {
    "ID Number": "3310078"
  },
  {
    "ID Number": "3314553"
  },
  {
    "ID Number": "3313786"
  },
  {
    "ID Number": "3345610"
  },
  {
    "ID Number": "3357503"
  },
  {
    "ID Number": "3357015"
  },
  {
    "ID Number": "3339440"
  },
  {
    "ID Number": "3340821"
  },
  {
    "ID Number": "3304094"
  },
  {
    "ID Number": "3368920"
  },
  {
    "ID Number": "3340074"
  },
  {
    "ID Number": "3301087"
  },
  {
    "ID Number": "3358208"
  },
  {
    "ID Number": "3331385"
  },
  {
    "ID Number": "3309746"
  },
  {
    "ID Number": "3311716"
  },
  {
    "ID Number": "3314537"
  },
  {
    "ID Number": "3309223"
  },
  {
    "ID Number": "3357678"
  },
  {
    "ID Number": "3304558"
  },
  {
    "ID Number": "3354423"
  },
  {
    "ID Number": "3348610"
  },
  {
    "ID Number": "3304493"
  },
  {
    "ID Number": "3355110"
  },
  {
    "ID Number": "3326632"
  },
  {
    "ID Number": "3353354"
  },
  {
    "ID Number": "3364062"
  },
  {
    "ID Number": "3333388"
  },
  {
    "ID Number": "3300790"
  },
  {
    "ID Number": "3307620"
  },
  {
    "ID Number": "3311902"
  },
  {
    "ID Number": "3317102"
  },
  {
    "ID Number": "3314529"
  },
  {
    "ID Number": "3340350"
  },
  {
    "ID Number": "3351068"
  },
  {
    "ID Number": "3353907"
  },
  {
    "ID Number": "3337626"
  },
  {
    "ID Number": "3324834"
  },
  {
    "ID Number": "3303560"
  },
  {
    "ID Number": "3305490"
  },
  {
    "ID Number": "3360954"
  },
  {
    "ID Number": "3323099"
  },
  {
    "ID Number": "3319709"
  },
  {
    "ID Number": "3353389"
  },
  {
    "ID Number": "3354695"
  },
  {
    "ID Number": "3336107"
  },
  {
    "ID Number": "3350843"
  },
  {
    "ID Number": "3300455"
  },
  {
    "ID Number": "3332250"
  },
  {
    "ID Number": "3312585"
  },
  {
    "ID Number": "3312593"
  },
  {
    "ID Number": "3326080"
  },
  {
    "ID Number": "3356051"
  },
  {
    "ID Number": "3356060"
  },
  {
    "ID Number": "3356078"
  },
  {
    "ID Number": "3358852"
  },
  {
    "ID Number": "3325377"
  },
  {
    "ID Number": "3306224"
  },
  {
    "ID Number": "3304531"
  },
  {
    "ID Number": "3308251"
  },
  {
    "ID Number": "3343618"
  },
  {
    "ID Number": "3362809"
  },
  {
    "ID Number": "3312321"
  },
  {
    "ID Number": "3325105"
  },
  {
    "ID Number": "3368610"
  },
  {
    "ID Number": "3343260"
  },
  {
    "ID Number": "3323846"
  },
  {
    "ID Number": "3307751"
  },
  {
    "ID Number": "3306917"
  },
  {
    "ID Number": "3323226"
  },
  {
    "ID Number": "3332969"
  },
  {
    "ID Number": "3311724"
  },
  {
    "ID Number": "3327060"
  },
  {
    "ID Number": "3345629"
  },
  {
    "ID Number": "3319059"
  },
  {
    "ID Number": "3315479"
  },
  {
    "ID Number": "3329534"
  },
  {
    "ID Number": "3303276"
  },
  {
    "ID Number": "3362817"
  },
  {
    "ID Number": "3315142"
  },
  {
    "ID Number": "3345920"
  },
  {
    "ID Number": "3302717"
  },
  {
    "ID Number": "3350541"
  },
  {
    "ID Number": "3316300"
  },
  {
    "ID Number": "3352340"
  },
  {
    "ID Number": "3341216"
  },
  {
    "ID Number": "3325660"
  },
  {
    "ID Number": "3360032"
  },
  {
    "ID Number": "3307646"
  },
  {
    "ID Number": "3350304"
  },
  {
    "ID Number": "3336140"
  },
  {
    "ID Number": "3306933"
  },
  {
    "ID Number": "3320030"
  },
  {
    "ID Number": "3351289"
  },
  {
    "ID Number": "3335283"
  },
  {
    "ID Number": "3314502"
  },
  {
    "ID Number": "3343278"
  },
  {
    "ID Number": "3341445"
  },
  {
    "ID Number": "3345530"
  },
  {
    "ID Number": "3353630"
  },
  {
    "ID Number": "3352501"
  },
  {
    "ID Number": "3367940"
  },
  {
    "ID Number": "3317595"
  },
  {
    "ID Number": "3310949"
  },
  {
    "ID Number": "3321720"
  },
  {
    "ID Number": "3314499"
  },
  {
    "ID Number": "3312712"
  },
  {
    "ID Number": "3324567"
  },
  {
    "ID Number": "3356906"
  },
  {
    "ID Number": "3473430"
  },
  {
    "ID Number": "3335194"
  },
  {
    "ID Number": "3324400"
  },
  {
    "ID Number": "3331458"
  },
  {
    "ID Number": "3304272"
  },
  {
    "ID Number": "3349152"
  },
  {
    "ID Number": "3342999"
  },
  {
    "ID Number": "3342093"
  },
  {
    "ID Number": "3344657"
  },
  {
    "ID Number": "3367347"
  },
  {
    "ID Number": "3302741"
  },
  {
    "ID Number": "3311848"
  },
  {
    "ID Number": "3352986"
  },
  {
    "ID Number": "3334759"
  },
  {
    "ID Number": "3358577"
  },
  {
    "ID Number": "3302512"
  },
  {
    "ID Number": "3325806"
  },
  {
    "ID Number": "3319067"
  },
  {
    "ID Number": "3347435"
  },
  {
    "ID Number": "3317196"
  },
  {
    "ID Number": "3320200"
  },
  {
    "ID Number": "3320286"
  },
  {
    "ID Number": "3308553"
  },
  {
    "ID Number": "3360059"
  },
  {
    "ID Number": "3308561"
  },
  {
    "ID Number": "3304981"
  },
  {
    "ID Number": "3329127"
  },
  {
    "ID Number": "3367592"
  },
  {
    "ID Number": "3354164"
  },
  {
    "ID Number": "3301630"
  },
  {
    "ID Number": "3315550"
  },
  {
    "ID Number": "3314472"
  },
  {
    "ID Number": "3348920"
  },
  {
    "ID Number": "3313891"
  },
  {
    "ID Number": "3328970"
  },
  {
    "ID Number": "3319890"
  },
  {
    "ID Number": "3335330"
  },
  {
    "ID Number": "3333728"
  },
  {
    "ID Number": "3364542"
  },
  {
    "ID Number": "3353915"
  },
  {
    "ID Number": "3308120"
  },
  {
    "ID Number": "3300510"
  },
  {
    "ID Number": "3345700"
  },
  {
    "ID Number": "3361411"
  },
  {
    "ID Number": "3368939"
  },
  {
    "ID Number": "3336620"
  },
  {
    "ID Number": "3300358"
  },
  {
    "ID Number": "3339378"
  },
  {
    "ID Number": "3300145"
  },
  {
    "ID Number": "3364232"
  },
  {
    "ID Number": "3321681"
  },
  {
    "ID Number": "3357198"
  },
  {
    "ID Number": "3351300"
  },
  {
    "ID Number": "2283417"
  },
  {
    "ID Number": "3301915"
  },
  {
    "ID Number": "3337685"
  },
  {
    "ID Number": "3337693"
  },
  {
    "ID Number": "3352650"
  },
  {
    "ID Number": "3350738"
  },
  {
    "ID Number": "3362256"
  },
  {
    "ID Number": "3313590"
  },
  {
    "ID Number": "3362019"
  },
  {
    "ID Number": "3367606"
  },
  {
    "ID Number": "3307522"
  },
  {
    "ID Number": "3308405"
  },
  {
    "ID Number": "3318389"
  },
  {
    "ID Number": "3324893"
  },
  {
    "ID Number": "3316955"
  },
  {
    "ID Number": "3343510"
  },
  {
    "ID Number": "3341038"
  },
  {
    "ID Number": "3363538"
  },
  {
    "ID Number": "3350851"
  },
  {
    "ID Number": "3326667"
  },
  {
    "ID Number": "3333779"
  },
  {
    "ID Number": "3345408"
  },
  {
    "ID Number": "3302997"
  },
  {
    "ID Number": "3325512"
  },
  {
    "ID Number": "3329470"
  },
  {
    "ID Number": "3341399"
  },
  {
    "ID Number": "3327582"
  },
  {
    "ID Number": "3352757"
  },
  {
    "ID Number": "3315487"
  },
  {
    "ID Number": "3355870"
  },
  {
    "ID Number": "3343022"
  },
  {
    "ID Number": "3343634"
  },
  {
    "ID Number": "3301923"
  },
  {
    "ID Number": "3325113"
  },
  {
    "ID Number": "3318290"
  },
  {
    "ID Number": "3305090"
  },
  {
    "ID Number": "3324419"
  },
  {
    "ID Number": "3331288"
  },
  {
    "ID Number": "3328317"
  },
  {
    "ID Number": "3316041"
  },
  {
    "ID Number": "3324087"
  },
  {
    "ID Number": "3334767"
  },
  {
    "ID Number": "3335798"
  },
  {
    "ID Number": "3335801"
  },
  {
    "ID Number": "3327132"
  },
  {
    "ID Number": "3340619"
  },
  {
    "ID Number": "3345777"
  },
  {
    "ID Number": "3345785"
  },
  {
    "ID Number": "3356086"
  },
  {
    "ID Number": "3334775"
  },
  {
    "ID Number": "3321479"
  },
  {
    "ID Number": "3300170"
  },
  {
    "ID Number": "3303942"
  },
  {
    "ID Number": "3357708"
  },
  {
    "ID Number": "3361462"
  },
  {
    "ID Number": "3361489"
  },
  {
    "ID Number": "3319130"
  },
  {
    "ID Number": "3344240"
  },
  {
    "ID Number": "3351785"
  },
  {
    "ID Number": "3354466"
  },
  {
    "ID Number": "3334783"
  },
  {
    "ID Number": "3341046"
  },
  {
    "ID Number": "3308618"
  },
  {
    "ID Number": "3354601"
  },
  {
    "ID Number": "3318303"
  },
  {
    "ID Number": "3320618"
  },
  {
    "ID Number": "3354768"
  },
  {
    "ID Number": "3319458"
  },
  {
    "ID Number": "3304124"
  },
  {
    "ID Number": "3319083"
  },
  {
    "ID Number": "3303420"
  },
  {
    "ID Number": "3303594"
  },
  {
    "ID Number": "3341542"
  },
  {
    "ID Number": "3305201"
  },
  {
    "ID Number": "3350576"
  },
  {
    "ID Number": "3305520"
  },
  {
    "ID Number": "3328910"
  },
  {
    "ID Number": "3352536"
  },
  {
    "ID Number": "3925030"
  },
  {
    "ID Number": "3355071"
  },
  {
    "ID Number": "3320006"
  },
  {
    "ID Number": "3308413"
  },
  {
    "ID Number": "3327590"
  },
  {
    "ID Number": "3349551"
  },
  {
    "ID Number": "3301478"
  },
  {
    "ID Number": "3325130"
  },
  {
    "ID Number": "3325148"
  },
  {
    "ID Number": "3324923"
  },
  {
    "ID Number": "3321347"
  },
  {
    "ID Number": "3324702"
  },
  {
    "ID Number": "3306046"
  },
  {
    "ID Number": "3353265"
  },
  {
    "ID Number": "3310965"
  },
  {
    "ID Number": "3309029"
  },
  {
    "ID Number": "3339106"
  },
  {
    "ID Number": "3340740"
  },
  {
    "ID Number": "3302334"
  },
  {
    "ID Number": "3301192"
  },
  {
    "ID Number": "3366758"
  },
  {
    "ID Number": "3331504"
  },
  {
    "ID Number": "3311643"
  },
  {
    "ID Number": "3358658"
  },
  {
    "ID Number": "3349314"
  },
  {
    "ID Number": "3327833"
  },
  {
    "ID Number": "3339610"
  },
  {
    "ID Number": "3353923"
  },
  {
    "ID Number": "3315940"
  },
  {
    "ID Number": "3313913"
  },
  {
    "ID Number": "3306992"
  },
  {
    "ID Number": "3356396"
  },
  {
    "ID Number": "3317145"
  },
  {
    "ID Number": "3358666"
  },
  {
    "ID Number": "3313921"
  },
  {
    "ID Number": "3347311"
  },
  {
    "ID Number": "3326381"
  },
  {
    "ID Number": "3334295"
  },
  {
    "ID Number": "3359727"
  },
  {
    "ID Number": "3344444"
  },
  {
    "ID Number": "3317714"
  },
  {
    "ID Number": "3307255"
  },
  {
    "ID Number": "3366308"
  },
  {
    "ID Number": "3319202"
  },
  {
    "ID Number": "3359000"
  },
  {
    "ID Number": "3312500"
  },
  {
    "ID Number": "3364089"
  },
  {
    "ID Number": "3330206"
  },
  {
    "ID Number": "3352692"
  },
  {
    "ID Number": "3305236"
  },
  {
    "ID Number": "3336239"
  },
  {
    "ID Number": "3336247"
  },
  {
    "ID Number": "3352390"
  },
  {
    "ID Number": "3310817"
  },
  {
    "ID Number": "3331520"
  },
  {
    "ID Number": "3331539"
  },
  {
    "ID Number": "3315746"
  },
  {
    "ID Number": "3351327"
  },
  {
    "ID Number": "3355977"
  },
  {
    "ID Number": "3334791"
  },
  {
    "ID Number": "3342042"
  },
  {
    "ID Number": "3340120"
  },
  {
    "ID Number": "3331717"
  },
  {
    "ID Number": "3325679"
  },
  {
    "ID Number": "3319563"
  },
  {
    "ID Number": "3314898"
  },
  {
    "ID Number": "3309479"
  },
  {
    "ID Number": "3333469"
  },
  {
    "ID Number": "3344720"
  },
  {
    "ID Number": "3307018"
  },
  {
    "ID Number": "3319377"
  },
  {
    "ID Number": "3311945"
  },
  {
    "ID Number": "3320464"
  },
  {
    "ID Number": "3323943"
  },
  {
    "ID Number": "3335305"
  },
  {
    "ID Number": "3314413"
  },
  {
    "ID Number": "3340031"
  },
  {
    "ID Number": "3349926"
  },
  {
    "ID Number": "3349934"
  },
  {
    "ID Number": "3323129"
  },
  {
    "ID Number": "3322670"
  },
  {
    "ID Number": "3361535"
  },
  {
    "ID Number": "3339823"
  },
  {
    "ID Number": "3366316"
  },
  {
    "ID Number": "3319717"
  },
  {
    "ID Number": "3337570"
  },
  {
    "ID Number": "3356124"
  },
  {
    "ID Number": "3345025"
  },
  {
    "ID Number": "3318419"
  },
  {
    "ID Number": "3350908"
  },
  {
    "ID Number": "3342620"
  },
  {
    "ID Number": "3359883"
  },
  {
    "ID Number": "3335828"
  },
  {
    "ID Number": "3350053"
  },
  {
    "ID Number": "3334562"
  },
  {
    "ID Number": "3311910"
  },
  {
    "ID Number": "3316173"
  },
  {
    "ID Number": "3356140"
  },
  {
    "ID Number": "3309541"
  },
  {
    "ID Number": "3302474"
  },
  {
    "ID Number": "3343383"
  },
  {
    "ID Number": "3353699"
  },
  {
    "ID Number": "3344096"
  },
  {
    "ID Number": "3321274"
  },
  {
    "ID Number": "3351742"
  },
  {
    "ID Number": "3322572"
  },
  {
    "ID Number": "3324478"
  },
  {
    "ID Number": "3301419"
  },
  {
    "ID Number": "3307778"
  },
  {
    "ID Number": "3319989"
  },
  {
    "ID Number": "3355349"
  },
  {
    "ID Number": "3338320"
  },
  {
    "ID Number": "3301079"
  },
  {
    "ID Number": "3319911"
  },
  {
    "ID Number": "3301095"
  },
  {
    "ID Number": "3306267"
  },
  {
    "ID Number": "3332071"
  },
  {
    "ID Number": "3302482"
  },
  {
    "ID Number": "3300854"
  },
  {
    "ID Number": "3300870"
  },
  {
    "ID Number": "3332721"
  },
  {
    "ID Number": "3337251"
  },
  {
    "ID Number": "3345300"
  },
  {
    "ID Number": "3329445"
  },
  {
    "ID Number": "3314146"
  },
  {
    "ID Number": "3341917"
  },
  {
    "ID Number": "3325822"
  },
  {
    "ID Number": "3359964"
  },
  {
    "ID Number": "3337502"
  },
  {
    "ID Number": "3317315"
  },
  {
    "ID Number": "3365875"
  },
  {
    "ID Number": "3316785"
  },
  {
    "ID Number": "3354040"
  },
  {
    "ID Number": "3338894"
  },
  {
    "ID Number": "3331555"
  },
  {
    "ID Number": "3331989"
  },
  {
    "ID Number": "3339831"
  },
  {
    "ID Number": "3355039"
  },
  {
    "ID Number": "3318583"
  },
  {
    "ID Number": "3318427"
  },
  {
    "ID Number": "3366790"
  },
  {
    "ID Number": "3362086"
  },
  {
    "ID Number": "3308723"
  },
  {
    "ID Number": "3334813"
  },
  {
    "ID Number": "3313646"
  },
  {
    "ID Number": "3303969"
  },
  {
    "ID Number": "3352412"
  },
  {
    "ID Number": "3342646"
  },
  {
    "ID Number": "3352927"
  },
  {
    "ID Number": "3355144"
  },
  {
    "ID Number": "3359638"
  },
  {
    "ID Number": "3339734"
  },
  {
    "ID Number": "3339742"
  },
  {
    "ID Number": "3345173"
  },
  {
    "ID Number": "3311295"
  },
  {
    "ID Number": "3352668"
  },
  {
    "ID Number": "3344665"
  },
  {
    "ID Number": "3355608"
  },
  {
    "ID Number": "3345181"
  },
  {
    "ID Number": "3339262"
  },
  {
    "ID Number": "3339270"
  },
  {
    "ID Number": "3349284"
  },
  {
    "ID Number": "3339637"
  },
  {
    "ID Number": "3311589"
  },
  {
    "ID Number": "3305910"
  },
  {
    "ID Number": "3342930"
  },
  {
    "ID Number": "3363635"
  },
  {
    "ID Number": "3345084"
  },
  {
    "ID Number": "3345092"
  },
  {
    "ID Number": "3345106"
  },
  {
    "ID Number": "3308189"
  },
  {
    "ID Number": "3314383"
  },
  {
    "ID Number": "3318680"
  },
  {
    "ID Number": "3337510"
  },
  {
    "ID Number": "3311520"
  },
  {
    "ID Number": "3318117"
  },
  {
    "ID Number": "3309290"
  },
  {
    "ID Number": "3356850"
  },
  {
    "ID Number": "3323013"
  },
  {
    "ID Number": "3327884"
  },
  {
    "ID Number": "3335682"
  },
  {
    "ID Number": "3313662"
  },
  {
    "ID Number": "3352250"
  },
  {
    "ID Number": "3301745"
  },
  {
    "ID Number": "3303616"
  },
  {
    "ID Number": "3307336"
  },
  {
    "ID Number": "3307328"
  },
  {
    "ID Number": "3344681"
  },
  {
    "ID Number": "3356957"
  },
  {
    "ID Number": "3351335"
  },
  {
    "ID Number": "3310159"
  },
  {
    "ID Number": "3307050"
  },
  {
    "ID Number": "3303470"
  },
  {
    "ID Number": "3303110"
  },
  {
    "ID Number": "3319725"
  },
  {
    "ID Number": "3323501"
  },
  {
    "ID Number": "3326691"
  },
  {
    "ID Number": "3351343"
  },
  {
    "ID Number": "3367371"
  },
  {
    "ID Number": "3351807"
  },
  {
    "ID Number": "3351955"
  },
  {
    "ID Number": "3332870"
  },
  {
    "ID Number": "3302547"
  },
  {
    "ID Number": "3308979"
  },
  {
    "ID Number": "3302792"
  },
  {
    "ID Number": "3301931"
  },
  {
    "ID Number": "3328481"
  },
  {
    "ID Number": "3310833"
  },
  {
    "ID Number": "3307506"
  },
  {
    "ID Number": "3321487"
  },
  {
    "ID Number": "3366006"
  },
  {
    "ID Number": "3308758"
  },
  {
    "ID Number": "3306054"
  },
  {
    "ID Number": "3339874"
  },
  {
    "ID Number": "3305350"
  },
  {
    "ID Number": "3332853"
  },
  {
    "ID Number": "3320073"
  },
  {
    "ID Number": "3303888"
  },
  {
    "ID Number": "3316696"
  },
  {
    "ID Number": "3302342"
  },
  {
    "ID Number": "3325075"
  },
  {
    "ID Number": "3316408"
  },
  {
    "ID Number": "3317943"
  },
  {
    "ID Number": "3325687"
  },
  {
    "ID Number": "3322106"
  },
  {
    "ID Number": "3332900"
  },
  {
    "ID Number": "3344266"
  },
  {
    "ID Number": "3309126"
  },
  {
    "ID Number": "3304620"
  },
  {
    "ID Number": "54703190"
  },
  {
    "ID Number": "3319407"
  },
  {
    "ID Number": "3356868"
  },
  {
    "ID Number": "3300544"
  },
  {
    "ID Number": "3302067"
  },
  {
    "ID Number": "3304019"
  },
  {
    "ID Number": "3300471"
  },
  {
    "ID Number": "3335852"
  },
  {
    "ID Number": "3603202"
  },
  {
    "ID Number": "3339122"
  },
  {
    "ID Number": "3339130"
  },
  {
    "ID Number": "3339947"
  },
  {
    "ID Number": "3311953"
  },
  {
    "ID Number": "3339319"
  },
  {
    "ID Number": "3324052"
  },
  {
    "ID Number": "3366880"
  },
  {
    "ID Number": "3300242"
  },
  {
    "ID Number": "3322211"
  },
  {
    "ID Number": "3335887"
  },
  {
    "ID Number": "3322220"
  },
  {
    "ID Number": "3323900"
  },
  {
    "ID Number": "3350827"
  },
  {
    "ID Number": "3323676"
  },
  {
    "ID Number": "3335410"
  },
  {
    "ID Number": "3321843"
  },
  {
    "ID Number": "3352013"
  },
  {
    "ID Number": "3303748"
  },
  {
    "ID Number": "3305252"
  },
  {
    "ID Number": "3301028"
  },
  {
    "ID Number": "3347958"
  },
  {
    "ID Number": "3332136"
  },
  {
    "ID Number": "3306569"
  },
  {
    "ID Number": "3341739"
  },
  {
    "ID Number": "3336751"
  },
  {
    "ID Number": "3336549"
  },
  {
    "ID Number": "3368874"
  },
  {
    "ID Number": "3336280"
  },
  {
    "ID Number": "3351165"
  },
  {
    "ID Number": "3367169"
  },
  {
    "ID Number": "3367177"
  },
  {
    "ID Number": "3354857"
  },
  {
    "ID Number": "3316971"
  },
  {
    "ID Number": "3316700"
  },
  {
    "ID Number": "3348393"
  },
  {
    "ID Number": "3320090"
  },
  {
    "ID Number": "3348547"
  },
  {
    "ID Number": "3336760"
  },
  {
    "ID Number": "3315010"
  },
  {
    "ID Number": "3354210"
  },
  {
    "ID Number": "3308200"
  },
  {
    "ID Number": "3302490"
  },
  {
    "ID Number": "3315622"
  },
  {
    "ID Number": "3361136"
  },
  {
    "ID Number": "3320235"
  },
  {
    "ID Number": "3361578"
  },
  {
    "ID Number": "3327388"
  },
  {
    "ID Number": "3351173"
  },
  {
    "ID Number": "3363678"
  },
  {
    "ID Number": "3309320"
  },
  {
    "ID Number": "3340759"
  },
  {
    "ID Number": "3340163"
  },
  {
    "ID Number": "3325580"
  },
  {
    "ID Number": "3348768"
  },
  {
    "ID Number": "3302911"
  },
  {
    "ID Number": "3348121"
  },
  {
    "ID Number": "3333906"
  },
  {
    "ID Number": "3365999"
  },
  {
    "ID Number": "3309339"
  },
  {
    "ID Number": "3326128"
  },
  {
    "ID Number": "3364267"
  },
  {
    "ID Number": "3367037"
  },
  {
    "ID Number": "3358720"
  },
  {
    "ID Number": "3324613"
  },
  {
    "ID Number": "3321649"
  },
  {
    "ID Number": "3345319"
  },
  {
    "ID Number": "3343715"
  },
  {
    "ID Number": "3339335"
  },
  {
    "ID Number": "3335925"
  },
  {
    "ID Number": "3357740"
  },
  {
    "ID Number": "3338851"
  },
  {
    "ID Number": "3361861"
  },
  {
    "ID Number": "3325180"
  },
  {
    "ID Number": "3324877"
  },
  {
    "ID Number": "3309940"
  },
  {
    "ID Number": "3351661"
  },
  {
    "ID Number": "3301303"
  },
  {
    "ID Number": "3352595"
  },
  {
    "ID Number": "3305570"
  },
  {
    "ID Number": "3324516"
  },
  {
    "ID Number": "3305376"
  },
  {
    "ID Number": "3325865"
  },
  {
    "ID Number": "3359905"
  },
  {
    "ID Number": "3327639"
  },
  {
    "ID Number": "3300617"
  },
  {
    "ID Number": "3300820"
  },
  {
    "ID Number": "3325385"
  },
  {
    "ID Number": "3361950"
  },
  {
    "ID Number": "3308804"
  },
  {
    "ID Number": "3354326"
  },
  {
    "ID Number": "3302920"
  },
  {
    "ID Number": "3349195"
  },
  {
    "ID Number": "3343723"
  },
  {
    "ID Number": "3356183"
  },
  {
    "ID Number": "3337731"
  },
  {
    "ID Number": "3306330"
  },
  {
    "ID Number": "3313999"
  },
  {
    "ID Number": "3305384"
  },
  {
    "ID Number": "3348784"
  },
  {
    "ID Number": "3326055"
  },
  {
    "ID Number": "3318168"
  },
  {
    "ID Number": "3302539"
  },
  {
    "ID Number": "3311961"
  },
  {
    "ID Number": "3338991"
  },
  {
    "ID Number": "3341925"
  },
  {
    "ID Number": "3303144"
  },
  {
    "ID Number": "3340406"
  },
  {
    "ID Number": "3349241"
  },
  {
    "ID Number": "3351351"
  },
  {
    "ID Number": "3304302"
  },
  {
    "ID Number": "3348130"
  },
  {
    "ID Number": "3307417"
  },
  {
    "ID Number": "3301346"
  },
  {
    "ID Number": "3338207"
  },
  {
    "ID Number": "3341330"
  },
  {
    "ID Number": "3316823"
  },
  {
    "ID Number": "3306305"
  },
  {
    "ID Number": "3363759"
  },
  {
    "ID Number": "3356515"
  },
  {
    "ID Number": "3307719"
  },
  {
    "ID Number": "3321886"
  },
  {
    "ID Number": "3340201"
  },
  {
    "ID Number": "3328376"
  },
  {
    "ID Number": "3308103"
  },
  {
    "ID Number": "3320529"
  },
  {
    "ID Number": "3319148"
  },
  {
    "ID Number": "3319288"
  },
  {
    "ID Number": "3355047"
  },
  {
    "ID Number": "3354369"
  },
  {
    "ID Number": "3341623"
  },
  {
    "ID Number": "3323684"
  },
  {
    "ID Number": "3339769"
  },
  {
    "ID Number": "3342190"
  },
  {
    "ID Number": "3354245"
  },
  {
    "ID Number": "3317757"
  },
  {
    "ID Number": "3311007"
  },
  {
    "ID Number": "3311813"
  },
  {
    "ID Number": "3324532"
  },
  {
    "ID Number": "3314162"
  },
  {
    "ID Number": "3323927"
  },
  {
    "ID Number": "3336417"
  },
  {
    "ID Number": "3332152"
  },
  {
    "ID Number": "3313808"
  },
  {
    "ID Number": "3304426"
  },
  {
    "ID Number": "3303632"
  },
  {
    "ID Number": "3324621"
  },
  {
    "ID Number": "3325881"
  },
  {
    "ID Number": "3366405"
  },
  {
    "ID Number": "3344940"
  },
  {
    "ID Number": "3337308"
  },
  {
    "ID Number": "3337316"
  },
  {
    "ID Number": "3325199"
  },
  {
    "ID Number": "3301680"
  },
  {
    "ID Number": "3313026"
  },
  {
    "ID Number": "3312526"
  },
  {
    "ID Number": "3344380"
  },
  {
    "ID Number": "3343413"
  },
  {
    "ID Number": "3366820"
  },
  {
    "ID Number": "3348849"
  },
  {
    "ID Number": "3343065"
  },
  {
    "ID Number": "3302830"
  },
  {
    "ID Number": "3328023"
  },
  {
    "ID Number": "3323528"
  },
  {
    "ID Number": "3342735"
  },
  {
    "ID Number": "3311635"
  },
  {
    "ID Number": "3324265"
  },
  {
    "ID Number": "3325318"
  },
  {
    "ID Number": "3316238"
  },
  {
    "ID Number": "3339432"
  },
  {
    "ID Number": "3336573"
  },
  {
    "ID Number": "3354997"
  },
  {
    "ID Number": "3300412"
  },
  {
    "ID Number": "3314901"
  },
  {
    "ID Number": "3360164"
  },
  {
    "ID Number": "3314685"
  },
  {
    "ID Number": "3301249"
  },
  {
    "ID Number": "3355004"
  },
  {
    "ID Number": "3319105"
  },
  {
    "ID Number": "3364119"
  },
  {
    "ID Number": "3354610"
  },
  {
    "ID Number": "3328384"
  },
  {
    "ID Number": "3340716"
  },
  {
    "ID Number": "3351670"
  },
  {
    "ID Number": "3318737"
  },
  {
    "ID Number": "3346641"
  },
  {
    "ID Number": "3306836"
  },
  {
    "ID Number": "3304574"
  },
  {
    "ID Number": "3336425"
  },
  {
    "ID Number": "3364291"
  },
  {
    "ID Number": "3317978"
  },
  {
    "ID Number": "3335950"
  },
  {
    "ID Number": "3325008"
  },
  {
    "ID Number": "3342751"
  },
  {
    "ID Number": "3311023"
  },
  {
    "ID Number": "3311031"
  },
  {
    "ID Number": "3366480"
  },
  {
    "ID Number": "3323536"
  },
  {
    "ID Number": "3323420"
  },
  {
    "ID Number": "3327671"
  },
  {
    "ID Number": "3346781"
  },
  {
    "ID Number": "3348040"
  },
  {
    "ID Number": "3338363"
  },
  {
    "ID Number": "3302059"
  },
  {
    "ID Number": "3301710"
  },
  {
    "ID Number": "3346021"
  },
  {
    "ID Number": "3370356"
  },
  {
    "ID Number": "3301605"
  },
  {
    "ID Number": "3319741"
  },
  {
    "ID Number": "3333205"
  },
  {
    "ID Number": "3306593"
  },
  {
    "ID Number": "3311163"
  },
  {
    "ID Number": "3311171"
  },
  {
    "ID Number": "3312259"
  },
  {
    "ID Number": "3335968"
  },
  {
    "ID Number": "3336581"
  },
  {
    "ID Number": "3302105"
  },
  {
    "ID Number": "3350452"
  },
  {
    "ID Number": "3308987"
  },
  {
    "ID Number": "3353311"
  },
  {
    "ID Number": "3348725"
  },
  {
    "ID Number": "3304892"
  },
  {
    "ID Number": "3328511"
  },
  {
    "ID Number": "3335976"
  },
  {
    "ID Number": "3300102"
  },
  {
    "ID Number": "3301257"
  },
  {
    "ID Number": "3335380"
  },
  {
    "ID Number": "3302237"
  },
  {
    "ID Number": "3361098"
  },
  {
    "ID Number": "3331598"
  },
  {
    "ID Number": "3331601"
  },
  {
    "ID Number": "3331610"
  },
  {
    "ID Number": "3337065"
  },
  {
    "ID Number": "3342204"
  },
  {
    "ID Number": "3316467"
  },
  {
    "ID Number": "3317579"
  },
  {
    "ID Number": "3334554"
  },
  {
    "ID Number": "3354385"
  },
  {
    "ID Number": "3316742"
  },
  {
    "ID Number": "3340678"
  },
  {
    "ID Number": "3307824"
  },
  {
    "ID Number": "3301265"
  },
  {
    "ID Number": "3318184"
  },
  {
    "ID Number": "3304582"
  },
  {
    "ID Number": "3309401"
  },
  {
    "ID Number": "3336000"
  },
  {
    "ID Number": "3322246"
  },
  {
    "ID Number": "3316629"
  },
  {
    "ID Number": "3318508"
  },
  {
    "ID Number": "3317781"
  },
  {
    "ID Number": "3355861"
  },
  {
    "ID Number": "3357341"
  },
  {
    "ID Number": "3344304"
  },
  {
    "ID Number": "3326721"
  },
  {
    "ID Number": "3367924"
  },
  {
    "ID Number": "3346390"
  },
  {
    "ID Number": "3343960"
  },
  {
    "ID Number": "3321428"
  },
  {
    "ID Number": "3323188"
  },
  {
    "ID Number": "3308898"
  },
  {
    "ID Number": "3338959"
  },
  {
    "ID Number": "3314006"
  },
  {
    "ID Number": "3343286"
  },
  {
    "ID Number": "3359468"
  },
  {
    "ID Number": "3328597"
  },
  {
    "ID Number": "3352161"
  },
  {
    "ID Number": "3306003"
  },
  {
    "ID Number": "3339785"
  },
  {
    "ID Number": "3368300"
  },
  {
    "ID Number": "3336018"
  },
  {
    "ID Number": "3336433"
  },
  {
    "ID Number": "3340244"
  },
  {
    "ID Number": "3316475"
  },
  {
    "ID Number": "3305295"
  },
  {
    "ID Number": "3327450"
  },
  {
    "ID Number": "3315517"
  },
  {
    "ID Number": "3309584"
  },
  {
    "ID Number": "3310760"
  },
  {
    "ID Number": "3315169"
  },
  {
    "ID Number": "3315118"
  },
  {
    "ID Number": "3323250"
  },
  {
    "ID Number": "3300234"
  },
  {
    "ID Number": "3355080"
  },
  {
    "ID Number": "3314170"
  },
  {
    "ID Number": "3321916"
  },
  {
    "ID Number": "3308910"
  },
  {
    "ID Number": "3346030"
  },
  {
    "ID Number": "3349667"
  },
  {
    "ID Number": "3305686"
  },
  {
    "ID Number": "3325237"
  },
  {
    "ID Number": "3300196"
  },
  {
    "ID Number": "3342131"
  },
  {
    "ID Number": "3302954"
  },
  {
    "ID Number": "3321924"
  },
  {
    "ID Number": "3308995"
  },
  {
    "ID Number": "3316050"
  },
  {
    "ID Number": "3315290"
  },
  {
    "ID Number": "3339173"
  },
  {
    "ID Number": "3319113"
  },
  {
    "ID Number": "3309550"
  },
  {
    "ID Number": "3331415"
  },
  {
    "ID Number": "3337324"
  },
  {
    "ID Number": "3335666"
  },
  {
    "ID Number": "3336026"
  },
  {
    "ID Number": "3346587"
  },
  {
    "ID Number": "3326950"
  },
  {
    "ID Number": "3336441"
  },
  {
    "ID Number": "3338002"
  },
  {
    "ID Number": "3337545"
  },
  {
    "ID Number": "3307140"
  },
  {
    "ID Number": "3340252"
  },
  {
    "ID Number": "3340260"
  },
  {
    "ID Number": "3327116"
  },
  {
    "ID Number": "3301591"
  },
  {
    "ID Number": "3301044"
  },
  {
    "ID Number": "3334570"
  },
  {
    "ID Number": "3367614"
  },
  {
    "ID Number": "3360202"
  },
  {
    "ID Number": "3329496"
  },
  {
    "ID Number": "3339386"
  },
  {
    "ID Number": "3302016"
  },
  {
    "ID Number": "3321436"
  },
  {
    "ID Number": "3364836"
  },
  {
    "ID Number": "3351360"
  },
  {
    "ID Number": "3325261"
  },
  {
    "ID Number": "3357520"
  },
  {
    "ID Number": "3305287"
  },
  {
    "ID Number": "3361110"
  },
  {
    "ID Number": "3302687"
  },
  {
    "ID Number": "3304825"
  },
  {
    "ID Number": "3357597"
  },
  {
    "ID Number": "3312550"
  },
  {
    "ID Number": "3314774"
  },
  {
    "ID Number": "3327647"
  },
  {
    "ID Number": "3320049"
  },
  {
    "ID Number": "3335453"
  },
  {
    "ID Number": "3351092"
  },
  {
    "ID Number": "3336786"
  },
  {
    "ID Number": "3331342"
  },
  {
    "ID Number": "3353028"
  },
  {
    "ID Number": "3307875"
  },
  {
    "ID Number": "3303365"
  },
  {
    "ID Number": "3319547"
  },
  {
    "ID Number": "3341615"
  },
  {
    "ID Number": "3340708"
  },
  {
    "ID Number": "3307727"
  },
  {
    "ID Number": "3343480"
  },
  {
    "ID Number": "3346048"
  },
  {
    "ID Number": "3320103"
  },
  {
    "ID Number": "3356256"
  },
  {
    "ID Number": "3351491"
  },
  {
    "ID Number": "3342069"
  },
  {
    "ID Number": "3325709"
  },
  {
    "ID Number": "3325776"
  },
  {
    "ID Number": "3367533"
  },
  {
    "ID Number": "3363996"
  },
  {
    "ID Number": "3300218"
  },
  {
    "ID Number": "3308138"
  },
  {
    "ID Number": "3337430"
  },
  {
    "ID Number": "3340287"
  },
  {
    "ID Number": "3318664"
  },
  {
    "ID Number": "3334236"
  },
  {
    "ID Number": "3311880"
  },
  {
    "ID Number": "3340902"
  },
  {
    "ID Number": "3304779"
  },
  {
    "ID Number": "3333540"
  },
  {
    "ID Number": "3361985"
  },
  {
    "ID Number": "3305767"
  },
  {
    "ID Number": "3346056"
  },
  {
    "ID Number": "3319229"
  },
  {
    "ID Number": "3302024"
  },
  {
    "ID Number": "3350460"
  },
  {
    "ID Number": "3326160"
  },
  {
    "ID Number": "3349276"
  },
  {
    "ID Number": "3346676"
  },
  {
    "ID Number": "3353834"
  },
  {
    "ID Number": "3341470"
  },
  {
    "ID Number": "3344495"
  },
  {
    "ID Number": "3306739"
  },
  {
    "ID Number": "3335275"
  },
  {
    "ID Number": "3351106"
  },
  {
    "ID Number": "3314260"
  },
  {
    "ID Number": "3349047"
  },
  {
    "ID Number": "3322998"
  },
  {
    "ID Number": "3345211"
  },
  {
    "ID Number": "3314251"
  },
  {
    "ID Number": "3328805"
  },
  {
    "ID Number": "3315525"
  },
  {
    "ID Number": "3367630"
  },
  {
    "ID Number": "3343251"
  },
  {
    "ID Number": "3355390"
  },
  {
    "ID Number": "3358429"
  },
  {
    "ID Number": "3352226"
  },
  {
    "ID Number": "3315320"
  },
  {
    "ID Number": "3343936"
  },
  {
    "ID Number": "3318001"
  },
  {
    "ID Number": "3328252"
  },
  {
    "ID Number": "3324648"
  },
  {
    "ID Number": "3333264"
  },
  {
    "ID Number": "3343570"
  },
  {
    "ID Number": "3336859"
  },
  {
    "ID Number": "3320278"
  },
  {
    "ID Number": "3310299"
  },
  {
    "ID Number": "3314243"
  },
  {
    "ID Number": "3324559"
  },
  {
    "ID Number": "3339181"
  },
  {
    "ID Number": "3311082"
  },
  {
    "ID Number": "3319652"
  },
  {
    "ID Number": "3342271"
  },
  {
    "ID Number": "3316513"
  },
  {
    "ID Number": "3318222"
  },
  {
    "ID Number": "3317846"
  },
  {
    "ID Number": "3322319"
  },
  {
    "ID Number": "3322378"
  },
  {
    "ID Number": "3300200"
  },
  {
    "ID Number": "3337081"
  },
  {
    "ID Number": "3314227"
  },
  {
    "ID Number": "3314200"
  },
  {
    "ID Number": "3322327"
  },
  {
    "ID Number": "3322335"
  },
  {
    "ID Number": "3354636"
  },
  {
    "ID Number": "3323935"
  },
  {
    "ID Number": "3358810"
  },
  {
    "ID Number": "3359808"
  },
  {
    "ID Number": "3352234"
  },
  {
    "ID Number": "3307174"
  },
  {
    "ID Number": "3366553"
  }
]