ID Number,Name,Fed,Sex,Title,WTit,OTit,Rating,Gms,K,RatingMonth,B-day,Flag
6408508,"Abreu De Leon, Francisco Jose",DOM,M,,,,1978,0,20,AUG25,1988,i
6405525,"Abreu Jean, Carlos Paul",DOM,M,FM,,,2245,0,20,AUG25,1990,i
6402712,"Abreu Rodriguez, Juan Luis",DOM,M,,,,1804,0,20,AUG25,1991,i
6409121,"Abreu Rosa, Carlos Rafael",DOM,M,,,,1801,0,20,AUG25,1982,i
6427596,"Abreu Tejeda, Jocarlin de Jesus",DOM,M,,,,1614,0,20,AUG25,1999,i
6430520,"Abreu, Francisco",DOM,M,,,,1809,0,20,AUG25,2000,i
6414834,"Abreu, Maykel Junior",DOM,M,,,,1692,0,20,AUG25,0,i
6435696,"Abreu, Nick Jefferson",DOM,M,,,,1792,0,20,AUG25,2004,i
6401791,"Abreu, Rafael Antonio",DOM,M,,,,1878,0,20,AUG25,1953,i
6400400,"Acevedo Vargas, Julio",DOM,M,,NA,,1966,0,20,AUG25,1963,i
6412491,"Acevedo, Angel",DOM,M,,,,1812,0,20,AUG25,0,
6431054,"Acosta Almonte, Peter Junior",DOM,M,,,,1661,0,20,AUG25,1995,i
6409130,"Acosta Rodriguez, Ruben Dario",DOM,M,,,,1915,0,20,AUG25,1967,
6407862,"Acosta, Andres",DOM,M,,,,1888,0,20,AUG25,1974,
6420613,"Acosta, Manuel",DOM,M,,,,1831,0,20,AUG25,1975,i
6406122,"Adames Ramirez, Carlos",DOM,M,,,,1880,0,20,AUG25,1982,i
6400477,"Adames Rojas, Ariella",DOM,F,,,,1928,0,20,AUG25,1985,wi
6400930,"Adames, Augusto Antonio",DOM,M,,,,2050,0,20,AUG25,1963,i
6429980,"Aguilera Peralta, Ray",DOM,M,,,,1768,0,20,AUG25,1990,
6405231,"Aguilera Polanco, Robison Jacinto",DOM,M,,,,1801,0,20,AUG25,1984,i
6430376,"Aguilo, Leiby",DOM,M,,,,1765,0,20,AUG25,1999,i
6410383,"Albuelme Garcia, Ahimelec Ediberto",DOM,M,,,,1968,0,20,AUG25,1975,i
6419771,"Alcantara Marte, Joan Marcelino",DOM,M,,,,AFM,1921,0,AUG25,1994,i
6409911,"Alcantara Urbaez, Richard Leandro",DOM,M,,,,1842,0,20,AUG25,1981,i
6401180,"Alcantara, Ray",DOM,M,,,,2063,0,20,AUG25,1967,i
6416845,"Alfau Sencion, Lisbeth",DOM,F,,,,1805,0,20,AUG25,1996,wi
6411517,"Almanzar Flores, Pedro Manuel",DOM,M,,,,1887,0,20,AUG25,1966,i
6408540,"Almanzar Peralta, Felix Javier",DOM,M,,,,1936,0,20,AUG25,1989,i
6406505,"Almanzar Vasquez, Jeniffer Maria",DOM,F,WCM,WCM,,1816,0,20,AUG25,1993,w
6407455,"Almonte Almanzar, Jose Amado",DOM,M,,,,1937,0,20,AUG25,1962,
6407544,"Almonte Rodriguez, Jose Gregorio",DOM,M,,,,1828,0,20,AUG25,1992,i
6409431,"Almonte, Denio",DOM,M,,,,2074,0,20,AUG25,1981,
6424465,"Almonte, Gabriel",DOM,M,,,,1740,0,20,AUG25,1975,i
6415725,"Almonte, Henrry Nicolas",DOM,M,,,,1763,0,20,AUG25,1991,
6410588,"Alonzo Pujols, Michael",DOM,M,,,,1857,0,20,AUG25,1969,i
6400310,"Alvarado Sepulveda, Nelson Damian",DOM,M,FM,,,2113,0,20,AUG25,1967,
6428800,"Alvarez Concepcion, Cristian Gonzalo",DOM,M,,,,1923,0,20,AUG25,2003,i
6426786,"Alvarez German, Leander",DOM,M,,,,1846,0,20,AUG25,1999,i
6400906,"Amador Cedano, Benedicto Eurispides",DOM,M,,,,1864,0,20,AUG25,1967,i
6400205,"Amador Lorenzo, Braulio",DOM,M,,,,1879,0,20,AUG25,1988,i
6436137,"Amarante Garcia, Kendal Celestino",DOM,M,,,,1898,0,20,AUG25,1994,
6406297,"Ame Carela, Roy Elvis",DOM,M,,,,1941,0,20,AUG25,1981,i
6403131,"Amparo Acosta, Walther Antonio",DOM,M,,,,1828,0,20,AUG25,1978,i
6412521,"Amparo, Edwin",DOM,M,,,,1901,0,20,AUG25,1984,i
6435939,"Angeles Berrido, Jose Bolivar",DOM,M,,,,1505,0,20,AUG25,1977,
6436684,"Angeles Jimenez, Francisco Javier",DOM,M,,,,1844,0,20,AUG25,2002,
6415547,"Aquino Castillo, Leonardo",DOM,M,,,,1680,0,20,AUG25,1973,
6434088,"Aquino Suero, Roberto",DOM,M,,,,1798,0,20,AUG25,1989,
6412963,"Aquino, Lenny",DOM,M,,,,1813,0,20,AUG25,0,i
6406130,"Aracena Garcia , Enmanuel",DOM,M,,,,1976,0,20,AUG25,1986,i
6416896,"Araujo Sanchez, Josue",DOM,M,IM,,,2419,0,10,AUG25,2001,
6422071,"Arias Batista, Eligio Querido",DOM,M,,,,1791,0,20,AUG25,1998,i
6403174,"Arias Diaz, Ernesto Antonio",DOM,M,,,,1929,0,20,AUG25,1986,i
6407552,"Arias Gil, Frankely Rafael",DOM,M,,NA,,1817,0,20,AUG25,1992,
6419550,"Arias, Nelson",DOM,M,,,,1853,0,20,AUG25,1978,
6400655,"Arias, William Alfredo",DOM,M,CM,,,1944,0,20,AUG25,1968,
6402720,"Arvelo Leo, Gian Carlo",DOM,M,FM,,,2206,0,20,AUG25,1988,
6425194,"Ayats Marcelo, Esoj Leugim",DOM,M,,SI,,1882,0,20,AUG25,2006,
6411029,"Aybar Mancebo, Jose",DOM,M,,,,1843,0,20,AUG25,1999,i
6407854,"Aybar Reyes, Eladio Alberto",DOM,M,,,,1901,0,20,AUG25,0,i
6407650,"Baez Alcantara, Anibal Jose",DOM,M,,,,1896,0,20,AUG25,1987,i
6423361,"Baez Batista, Juan Junior",DOM,M,,,,1727,0,20,AUG25,1994,i
6425569,"Baez Medrano, Manuel Emilio",DOM,M,,,,1800,0,20,AUG25,1966,i
6419569,"Barcalari, Juan Jose",DOM,M,,,,1735,0,20,AUG25,1985,i
6407560,"Barias, Julio",DOM,M,,,,1786,0,20,AUG25,1991,i
2139359,"Barjan Pinedo, Jose Antonio",DOM,M,CM,,,1987,0,20,AUG25,1961,i
6423841,"Batista Aquino, Cesia Patrick",DOM,F,,,,1564,0,20,AUG25,2001,w
6416276,"Batista Crispin, Kenny Leonardo",DOM,M,,,,1843,0,20,AUG25,1980,i
6425755,"Batista Penalo, Darlyn Alexander",DOM,M,,,,1771,0,20,AUG25,1998,i
6435700,"Batista, Anderson",DOM,M,,,,1664,0,40,AUG25,2007,i
6408559,"Batlle Ysa, Rafael Jorge",DOM,M,,,,1911,0,20,AUG25,1980,
6437583,"Beard Santos, Luciano",DOM,M,,,,1651,0,20,AUG25,1961,
6404065,"Beevers, Luis",DOM,M,,,,1998,0,20,AUG25,1987,i
6401805,"Belliard Alonzo, Julio Cesar",DOM,M,,,,1802,0,20,AUG25,1950,i
6400116,"Belliard, Hector Julian",DOM,M,,,,2108,0,20,AUG25,1948,i
6417353,"Bello Herrera, Darwin Smith",DOM,M,,,,1835,0,20,AUG25,1996,
6400469,"Beltre, Pedro",DOM,M,,,,1933,0,20,AUG25,1963,i
6406688,"Bencosme Vargas, Jose Luis",DOM,M,,,,1880,0,20,AUG25,1982,
6401716,"Benitez Pacheco, Alejandro",DOM,M,,,,2118,0,20,AUG25,1968,i
6415512,"Bens de los Santos, Felix Jose",DOM,M,,,,1699,0,20,AUG25,1999,
6402410,"Bourdierd, Luis",DOM,M,,,,1959,0,20,AUG25,1987,i
6414850,"Brea Herrera, Hector Paul",DOM,M,,,,1807,0,20,AUG25,1980,i
6401538,"Brioso Polanco, Manuel De Jesus",DOM,M,,,,1984,0,20,AUG25,1978,i
6408257,"Brito Cedeno, Pedro Maria",DOM,M,,,,1902,0,20,AUG25,1953,i
6419402,"Brito Nunez, Angel Manuel",DOM,M,,,,1840,0,20,AUG25,1998,i
6401813,"Brito Nunez, Miguel Andres",DOM,M,,,,2057,0,20,AUG25,1984,i
6406610,"Brito Rondon, Enmanuel De Jesus",DOM,M,,,,2042,0,20,AUG25,1990,
6412556,"Brito, Manuel Angel",DOM,M,,,,1875,0,20,AUG25,1994,i
6434517,"Brugal, Pablo Francisco",DOM,M,,,,1638,0,40,AUG25,2012,i
6416926,"Bueno, Francisco Joel",DOM,M,,,,1830,0,20,AUG25,1988,i
6435726,"Buenrostro, Kevin",DOM,M,,,,1653,0,20,AUG25,1996,i
6417639,"Burgos, Jhoan",DOM,M,,,,1731,0,20,AUG25,1992,i
6433090,"Cabreja Lora, Manuel Fidel",DOM,M,,,,1645,0,40,AUG25,2009,i
6406440,"Cabrera Grullon, Felix Francis",DOM,M,,,,1975,0,20,AUG25,1980,i
6410774,"Cabrera, Fernando",DOM,M,,,,2082,0,20,AUG25,0,i
6407870,"Cabrera, Luis",DOM,M,,,,1778,0,20,AUG25,0,
6414559,"Cabrera, Reyi",DOM,M,,,,1925,0,20,AUG25,0,i
6408885,"Camacho Campusano, David Daniel",DOM,M,FM,,,2093,0,20,AUG25,1993,
6400680,"Campusano Espinosa, Zoilo Nelson",DOM,M,,,,2003,0,20,AUG25,1958,i
6404090,"Canela Vasquez, Miguel William",DOM,M,,NA,,1926,0,20,AUG25,1987,
6424015,"Caraballo Abad, Elimelet",DOM,M,,,,1811,0,20,AUG25,2002,i
6405061,"Caraballo Del Rosario, Abraham Ernesto",DOM,M,,,,1910,0,20,AUG25,1989,
6413331,"Carmona, Samuel Ismael",DOM,M,,,,1845,0,20,AUG25,1993,i
6409164,"Carpio, July Antonio",DOM,M,,,,1891,0,20,AUG25,1976,
6416551,"Carrasco Medina, Federico Paulino",DOM,M,,,,1967,0,20,AUG25,1979,i
6402216,"Carrasco Santana, Yorkenny",DOM,M,,,,1788,0,20,AUG25,1991,i
6433448,"Casado Carrasco, Luis Alexander",DOM,M,,,,1734,0,20,AUG25,1999,i
6438580,"Castillo Acosta, Renato Julian",DOM,M,,,,1640,0,40,AUG25,2009,
6400302,"Castillo Bautista, Norman",DOM,M,,,,1925,0,20,AUG25,1977,i
6407684,"Castillo Cid, Gabriel",DOM,M,,,,1893,0,20,AUG25,1990,i
6425259,"Castillo Estrella, Kevin Manuel",DOM,M,,,,1715,0,20,AUG25,1993,i
6402097,"Castillo Garcia, Josue Natanael",DOM,M,CM,SI,,2232,0,20,AUG25,1984,i
6438148,"Castillo Gomez, Ruben Dario",DOM,M,,,,1586,0,20,AUG25,1994,
6405070,"Castillo Marte, Antonio",DOM,M,,NA,,1892,0,20,AUG25,1983,i
6402739,"Castillo Ortiz, Nelson Ambrioso",DOM,M,,,,1976,0,20,AUG25,1964,i
6412106,"Castillo Pena, Patricia Evarista",DOM,F,WFM,WFM,,1886,0,20,AUG25,1991,w
6402747,"Castillo Rivera, Nelson Javier",DOM,M,,,,2175,0,20,AUG25,1992,
6405274,"Castillo Rosa, Kelvin Santiago",DOM,M,CM,,,1951,0,20,AUG25,1968,
6403735,"Castillo Vasquez, Adgart Miguel",DOM,M,,,,2020,0,20,AUG25,1986,
6415830,"Castro Brito, Rafael",DOM,M,,,,1805,0,20,AUG25,1980,i
6419976,"Castro Grullon, Rafael",DOM,M,,,,1855,0,20,AUG25,1961,i
6424546,"Castro Soto, Katherine Massiel",DOM,F,,,,1809,0,20,AUG25,2001,wi
6407579,"Castro, Luis Miguel",DOM,M,,,,1774,0,20,AUG25,1989,i
6436293,"Ceballos Rodriguez, Kelvis Rainerys",DOM,M,,,,1712,0,20,AUG25,1999,
6419810,"Cedeno Castro, Jose",DOM,M,,,,1711,0,20,AUG25,0,i
6407447,"Cedeno De La Rosa, Adolfo",DOM,M,,,,1886,0,20,AUG25,1958,
6414320,"Cepeda De Jesus, Renny Saul",DOM,M,,,,1927,0,20,AUG25,1996,i
6400566,"Cesar, Geovanny",DOM,M,,,,1934,0,20,AUG25,1955,i
6433278,"Cespedes Puntier, Leonardo",DOM,M,,,,1827,0,20,AUG25,1976,
6433693,"Cespedez Perez, Jordin",DOM,M,,,,1860,0,20,AUG25,2001,i
6405851,"Chaer Garcia, Erick A.",DOM,M,,,,1893,0,20,AUG25,1991,i
6414141,"Chalas Arias, Teudy Anthony",DOM,M,,,,1757,0,20,AUG25,2001,i
6422209,"Charles Avila, Daniel",DOM,M,,,,1774,0,20,AUG25,1978,i
6431119,"Checo Belen, Juan Ariel",DOM,M,,,,1896,0,20,AUG25,2000,i
6438040,"Checo Tolentino, Carlos Jose",DOM,M,,SI,,1685,0,20,AUG25,1981,
6436064,"Chen Liu, Hai Feng",DOM,M,,,,1744,0,40,AUG25,2009,i
6429068,"Chevalier Cabrera, Jans Rodrigo",DOM,M,,,,1906,0,20,AUG25,1997,
6404111,"Ciriaco Soto, Smith Carlos",DOM,M,,,,2061,0,20,AUG25,1983,i
6405576,"Collado Abreu, Johnnattan Joel",DOM,M,,,,2035,0,20,AUG25,1985,i
6426387,"Collado Diaz, Herlin Antonio",DOM,M,,,,1653,0,20,AUG25,2005,i
6410847,"Collado Guzman, Juan Danilo",DOM,M,,,,2056,0,20,AUG25,1985,i
6408281,"Collado, Corintio",DOM,M,,,,1756,0,20,AUG25,0,i
6408290,"Collado, Geremia",DOM,M,,,,1834,0,20,AUG25,1991,i
6406785,"Colon Hernandez, Jahaziel Emisael",DOM,M,,,,1944,0,20,AUG25,1975,i
6425011,"Colon Marcelo, Angel Yariel",DOM,M,,,,1751,0,20,AUG25,2000,i
6431852,"Concepcion Ramirez, Ivan",DOM,M,,,,1828,0,20,AUG25,2001,
6438156,"Contreras Martinez, Luis Erasmo",DOM,M,,,,1763,0,20,AUG25,1978,
6409377,"Contreras Moya, Ramon Elpidio",DOM,M,,,,1715,0,20,AUG25,1973,
6402968,"Contreras Rodriguez, Felipe De Jesus",DOM,M,,,,1942,0,20,AUG25,1962,i
6402100,"Contreras, Alejandro",DOM,M,,,,1898,0,20,AUG25,1985,i
6400418,"Coplin, Jose",DOM,M,,,,2128,0,20,AUG25,0,i
6406327,"Cordero, Emmanuel",DOM,M,,,,1986,0,20,AUG25,1984,i
6419984,"Cornielle Pons, Reyes Gerobohan",DOM,M,,,,1704,0,20,AUG25,1988,i
6402984,"Corona, Jose",DOM,M,,,,1965,0,20,AUG25,1952,i
6402763,"Coronado Paulino, Karen Libell",DOM,F,,,,1843,0,20,AUG25,1994,wi
6405029,"Coronado Paulino, Katerine E.",DOM,F,,,,1809,0,20,AUG25,1999,wi
6405878,"Coronado Paulino, Santo Cosme",DOM,M,,,,1837,0,20,AUG25,1996,i
6419747,"Coronado Reyes, Nicholes Ramon",DOM,M,,,,1707,0,20,AUG25,1989,i
6402771,"Crispin Ferreras, Darvi Abraham",DOM,M,CM,,,2187,0,20,AUG25,1993,
6408567,"Cruz Cruceta, Eduard Francisco",DOM,M,,,,2039,0,20,AUG25,1984,i
6405282,"Cruz Ferreras, Julio Angel",DOM,M,,,,2066,0,20,AUG25,1967,
6422500,"Cruz Gomez, Oliver Andres",DOM,M,,,,1832,0,20,AUG25,1976,i
6425321,"Cruz Gonzalez, Abel Tomas Vianney",DOM,M,,,,1771,0,20,AUG25,1963,i
6410197,"Cruz Jimenez, Gabriel",DOM,M,,,,1782,0,20,AUG25,1998,i
6401830,"Cruz Nina, Engels David",DOM,M,,,,1701,0,20,AUG25,1989,
6427766,"Cruz Santos, Joshua Francisco",DOM,M,,,,1784,0,20,AUG25,1999,
6407706,"Cuello Perez, Richar Orlando",DOM,M,,,,1958,0,20,AUG25,1965,
6401554,"Cuello, Guillermo",DOM,M,,,,2022,0,20,AUG25,1974,i
6403301,"Cuevas Jimenez, Juan Modesto",DOM,M,,,,1864,0,20,AUG25,1961,i
6419208,"Custodio Lara, Francis Esmaller",DOM,M,,,,1800,0,20,AUG25,1995,i
6421270,"Custodio Lara, Miguel Angel",DOM,M,,,,1893,0,20,AUG25,1988,i
6432387,Darwin Nicolas Valdez Hernandez,DOM,M,,,,1898,0,20,AUG25,2003,i
6415733,"De Jesus Martinez, Enmanuel Olivo",DOM,M,,,,1812,0,20,AUG25,1994,i
6422632,"De Jesus Ponceano, Wellington",DOM,M,,,,1735,0,20,AUG25,1999,i
6403743,"De Jesus Rosa, Michel",DOM,M,,NA,,2059,0,20,AUG25,1984,
6403972,"De Jesus, Elias",DOM,M,,,,1954,0,20,AUG25,1975,i
6408575,"De La Cruz Almanzar, Juan Manuel",DOM,M,,,,1909,0,20,AUG25,1970,
6438164,"De La Cruz Garcia, Jorge",DOM,M,,,,1662,0,20,AUG25,1989,
6422861,"De la Cruz Reynoso, Edickson Manuel",DOM,M,,,,1726,0,20,AUG25,2000,i
6416578,"De La Cruz Severino, Yegeurys",DOM,M,,,,1828,0,20,AUG25,1985,i
6419828,"De La Cruz, Hector Bienvenido",DOM,M,,,,1906,0,20,AUG25,0,i
6415644,"De La Cruz, Jeison",DOM,M,,,,1830,0,20,AUG25,1990,i
6426689,"De La Cruz, Jonathan",DOM,M,,,,1733,0,20,AUG25,2005,i
6406041,"De La Mota Rosario, Kelvin Jose",DOM,M,,,,AIM,1882,0,AUG25,1979,i
6429734,"De la Paz Lugo, Ericsson",DOM,M,,,,1917,0,20,AUG25,1986,i
6400582,"De La Rosa Brito, Willi",DOM,M,,,,1989,0,20,AUG25,1989,i
6410430,"De La Rosa Rodriguez, Isaias",DOM,M,,,,1840,0,20,AUG25,1995,i
6412599,"De La Rosa, Francisco",DOM,M,,,,1912,0,20,AUG25,0,i
6406645,"De Leon Alcantara, Jose Manuel",DOM,M,,,,1984,0,20,AUG25,1963,
6403239,"De Leon Garcia, Marcos Antonio",DOM,M,,,,1803,0,20,AUG25,1971,i
6430791,"De Leon Jana, Tomas Eduardo",DOM,M,,,,1713,0,20,AUG25,1992,i
6410200,"De Leon, Julio Cesar",DOM,M,,,,1794,0,20,AUG25,1968,i
6422403,"De Los Santos Guerrero, Hector Julio",DOM,M,,,,1833,0,20,AUG25,1965,i
6412998,"De Los Santos Loweski, Orlando",DOM,M,,,,1846,0,20,AUG25,2000,i
6400264,"De los Santos Nunez, Eddy",DOM,M,,,,2108,0,20,AUG25,1971,
6428630,"De los Santos Santiago, Atavio",DOM,M,,,,1776,0,20,AUG25,1985,i
6430627,"De Los Santos, Henfry Porfirio",DOM,M,,,,1738,0,20,AUG25,1999,i
6401082,"De Oleo Montero, Aquiles",DOM,M,,,,1981,0,20,AUG25,1969,i
6421199,"Decena Ciprian, Ezequiel",DOM,M,,,,1930,0,20,AUG25,1998,i
6401740,"Del Monte Arias, Nestor Antonio",DOM,M,,,,1899,0,20,AUG25,1951,i
6406173,"Del Rosario Batista, Nobel Oscar",DOM,M,CM,,,2092,0,20,AUG25,1980,
6424503,"Del Rosario Caminero, Samuel Ignacio",DOM,M,,,,1605,0,20,AUG25,2003,i
6426964,"Del Rosario Medina, Felipe",DOM,M,,,,1954,0,20,AUG25,1954,i
6406165,"Del Rosario Moreno, Carlos",DOM,M,,,,2120,0,20,AUG25,1982,i
6403620,"Del Rosario Romero, Rander Betray",DOM,M,,,,1983,0,20,AUG25,1988,i
6400671,"Delgado Malagon, Juan Carlos",DOM,M,CM,,,2108,0,20,AUG25,1959,
6416152,"Diaz Camilo, Angel Francisco",DOM,M,,,,1782,0,20,AUG25,1990,i
6403557,"Diaz Cesar, Wilsaida Pieranlly",DOM,F,WFM,WFM,,1926,0,20,AUG25,1991,wi
6422705,"Diaz Espaillat, Ariangel",DOM,M,,,,1776,0,20,AUG25,1994,
6408583,"Diaz Garcia, Roberto",DOM,M,,,,1945,0,20,AUG25,1978,i
6432433,Diaz Polonia Eliandres,DOM,M,,,,1793,0,40,AUG25,2008,
6415954,Diaz Rodriguez Wilber Manuel,DOM,M,,,,1806,0,20,AUG25,1996,i
6424570,"Diaz Rodriguez, Alberto De Jesus",DOM,M,,,,1767,0,20,AUG25,2001,i
6410456,"Diaz Valdez, Eugenio Daniel",DOM,M,,,,1864,0,20,AUG25,1988,
6433570,"Diaz Zapata, Guimel Rafael",DOM,M,,,,1860,0,20,AUG25,1996,
6432590,"Diaz, Juan",DOM,M,,,,1698,0,20,AUG25,2000,i
6401287,"Diaz, Orifiel",DOM,M,,,,2030,0,20,AUG25,0,i
6425534,Dicarlo Castillo,DOM,M,,,,1709,0,20,AUG25,1992,i
6405290,"Dominguez, Benjamin",DOM,M,,,,1993,0,20,AUG25,1960,
6400124,"Dominguez, Jose Manuel",DOM,M,IM,,,2203,0,20,AUG25,1963,
6410464,"Dominguez, Richard Lorenzo",DOM,M,,,,1932,0,20,AUG25,0,i
6401660,"Dominguez, Roberto",DOM,M,,,,1815,0,20,AUG25,0,
6432476,Donastorg Francisco,DOM,M,,,,1600,0,20,AUG25,2000,
6401295,"Duarte Diaz, Martire",DOM,M,,,,2187,0,20,AUG25,1983,i
6426638,"Duarte Gomez, Joan Jesus",DOM,M,,NA,,1887,0,20,AUG25,2002,i
6430163,"Duarte Gomez, Yoeliberto",DOM,M,,,,1899,0,20,AUG25,2001,
6408338,"Duran Lantigua, Enrique Alfredo",DOM,M,,,,1884,0,20,AUG25,1993,i
6403263,"Duran Moya, Joel Aneudy",DOM,M,,,,1940,0,20,AUG25,1980,
6433898,"Duran Pablu, Syr Yvan",DOM,M,,,,1739,0,40,AUG25,2007,i
6425518,Enmanuel Compres,DOM,M,,,,1708,0,20,AUG25,1991,i
6406181,"Escano Dionicio, Porfirio Simeon",DOM,M,,,,1981,0,20,AUG25,1962,i
6406068,"Espinal Espinal, Santo Eduardo",DOM,M,,,,1952,0,20,AUG25,1983,i
6431739,"Espinal Franco, Hector Yohenry",DOM,M,,,,1905,0,20,AUG25,1980,
6405304,"Espinal Rojas, Leomar",DOM,M,,,,1728,0,20,AUG25,1987,i
6435920,"Esteban, Jose Miguel",DOM,M,,,,1615,0,20,AUG25,2005,i
6437788,"Estevez Peralta, Starlyn",DOM,M,,,,1701,0,40,AUG25,2010,
6402798,"Estevez Polanco, Leonardo Rafael",DOM,M,FM,"SI,FA",,2049,0,20,AUG25,1981,
6401678,"Estrada, Daniel",DOM,M,,,,1936,0,20,AUG25,1955,i
6405312,"Estrella Gomez, Jose Ormandy",DOM,M,,,,1821,0,20,AUG25,1962,
6403271,"Eusebio C., Yojeli De Jesus",DOM,M,,,,1883,0,20,AUG25,1983,i
6419836,"Eusebio Jimenez , Joel Alexander",DOM,M,,,,1783,0,20,AUG25,0,i
6409946,"Eusebio Perez, Hector Eduardo",DOM,M,,,,2238,0,20,AUG25,1987,
6422896,"Eustate, Ezequiel",DOM,M,,,,1819,0,20,AUG25,1997,i
6400663,"Fabian Brioso, Carlos Julio",DOM,M,,,,AIM,2017,0,AUG25,1985,i
6430503,"Fana Sanchez, Jerry Junior",DOM,M,,,,1918,0,20,AUG25,2001,i
6402232,"Feliciano, Norge Luis",DOM,M,,,,1945,0,20,AUG25,1987,i
6433529,"Felipe Alvarez, Maria Camila",DOM,F,,,,1582,0,40,AUG25,2011,w
6419844,"Felipe Medina, Robert",DOM,M,,,,1792,0,20,AUG25,0,i
6416560,"Feliz Custodio, Miguel Angel",DOM,M,,,,1944,0,20,AUG25,1995,i
6440568,"Feliz Diaz, Jose Miguel",DOM,M,,,,1582,0,20,AUG25,1992,
6402801,"Feliz Dotel, Dewar Bienvenido",DOM,M,CM,NA,,2080,0,20,AUG25,1986,
6407757,"Feliz Feliz, Jaimel Jose",DOM,M,,,,1923,0,20,AUG25,1988,i
6408605,"Feliz Novas, Samuel",DOM,M,,,,2003,0,20,AUG25,1994,i
6408060,"Fermin Dicent, Ellian Lissette",DOM,F,,,,1808,0,20,AUG25,1995,wi
6404197,"Fermin, Kedual",DOM,M,,,,1902,0,20,AUG25,1982,
6420338,"Fernandez , Dwarling",DOM,M,,,,1792,0,20,AUG25,0,i
6402810,"Fernandez Concepcion, Rafael Antonio",DOM,M,,,,1960,0,20,AUG25,1990,i
6400698,"Fernandez Paulino, Francis M.",DOM,M,FM,,,2233,0,20,AUG25,1976,i
6413005,"Fernandez Polanco, Angel Miguel",DOM,M,,,,1884,0,20,AUG25,1989,i
6413145,"Fernandez, Aliem Alayo",DOM,M,,,,1915,0,20,AUG25,1971,i
6405584,"Ferreira, Miguel",DOM,M,,,,1877,0,20,AUG25,1984,i
6430732,"Ferreiras de los Santos, Felix Alberto",DOM,M,,,,1830,0,20,AUG25,2000,i
6431526,"Ferreiras Santana, Dioni de Jesus",DOM,M,,,,1715,0,20,AUG25,1997,
6400850,"Ferrera, Jose",DOM,M,,,,2180,0,20,AUG25,1972,i
6406190,"Ferreras Cruz, Sergio A.",DOM,M,,,,1969,0,20,AUG25,1960,i
6403794,"Ferreras Reyes, Oscar Halbey",DOM,M,,,,1978,0,20,AUG25,1987,i
6410472,"Ferreras, Julio",DOM,M,,,,1848,0,20,AUG25,1996,i
6404200,"Figuereo Valdez, Samuel",DOM,M,,,,1776,0,20,AUG25,0,i
6400485,"Flaquer Eusebio, Luis Maria",DOM,M,FM,,,2288,0,20,AUG25,1986,i
6402119,"Flaquer Eusebio, Miguel Angel",DOM,M,,,,1755,0,20,AUG25,1979,i
6409954,"Flete Ynoa, Julian Alberto",DOM,M,,,,1998,0,20,AUG25,1983,i
6433910,"Florian Vasquez, Gabriel Emilio",DOM,M,,,,1953,0,20,AUG25,1988,
6426271,"Fondeur Fernandez, Adrian Francisco",DOM,M,,,,1803,0,20,AUG25,2003,
6404634,"Franco Rodriguez, Andres Avelino",DOM,M,,,,1984,0,20,AUG25,1973,i
6415385,"Franco Valenzuela, Albaro",DOM,M,,,,1816,0,20,AUG25,1997,i
6419577,"Frias Arciniega, Cristobal",DOM,M,,,,1959,0,20,AUG25,1983,i
6406203,"Frias Hidalgo, Miguel Angel",DOM,M,,,,1928,0,20,AUG25,1985,
6417221,"Frias Rijo, Leonelbi",DOM,M,,,,1766,0,20,AUG25,2000,i
6429882,"Frias Severino, Dianneiry",DOM,F,,,,1639,0,20,AUG25,2003,wi
6408613,"Fuentes Tejeda, Carlos Manuel",DOM,M,,,,2008,0,20,AUG25,1981,
6401490,"Fulgencio Astacio, Pedro R.",DOM,M,,,,1969,0,20,AUG25,1986,i
6408842,"Fung Portorreal, Oscar",DOM,M,,,,1659,0,20,AUG25,1970,
6410480,"Galva Montero, Eusebio",DOM,M,,,,1788,0,20,AUG25,1985,i
6406211,"Garcia Acosta, Darlin",DOM,M,,,,1898,0,20,AUG25,1988,i
6438172,"Garcia Capellan, Hairo",DOM,M,,,,1665,0,20,AUG25,1993,
6433847,"Garcia Chan, Pablo",DOM,M,,,,1669,0,40,AUG25,2014,
6401848,"Garcia Cruz, Hector Osiris",DOM,M,,,,1989,0,20,AUG25,1986,i
6432980,"Garcia de Jesus, Dahansel",DOM,M,,,,2038,0,20,AUG25,2004,i
6419100,"Garcia Florentino, Hector",DOM,M,,,,1858,0,20,AUG25,1977,i
6423370,"Garcia Martinez, Jorge Luis",DOM,M,,,,1929,0,20,AUG25,1981,i
6404006,"Garcia Matos, Reinaldo Alexis",DOM,M,,,,2028,0,20,AUG25,1990,i
6411703,"Garcia Robles, Rafael Antonio",DOM,M,,,,1779,0,20,AUG25,1986,i
6402470,"Garcia Vasquez, Starlyn Javier",DOM,M,,,,2029,0,20,AUG25,1989,i
6402836,"Garcia, Domingo Arberto",DOM,M,,,,1931,0,20,AUG25,1983,i
6419852,"Garo Castro, Emil",DOM,M,,,,1788,0,20,AUG25,0,i
6424902,"Garrido Castillo, Jose Orlando",DOM,M,,,,1962,0,20,AUG25,1964,i
6438180,"Genao, Azarias",DOM,M,,,,1576,0,20,AUG25,1999,
6421210,"Geraldo Sanchez, Rony F",DOM,M,,,,1842,0,20,AUG25,1999,i
6434207,"German, Hendry Javiel",DOM,M,,,,1695,0,20,AUG25,1994,i
6413366,"Germes Suarez, Hector Augusto",DOM,M,,,,2078,0,20,AUG25,1976,i
6409199,"Gil Lauriano, Saury",DOM,M,,,,2038,0,20,AUG25,1982,i
6430724,"Gil, Freddy Alberto",DOM,M,,"SI,NI,NA",,1815,0,20,AUG25,1967,i
6407900,"Gil, Sergio Agustin",DOM,M,,,,1866,0,20,AUG25,1967,
6419860,"Giraldi , Fernando",DOM,M,,,,1819,0,20,AUG25,0,i
6419453,"Goicochea Ramirez, Demetrio Manu",DOM,M,,,,1690,0,20,AUG25,1956,i
6406629,"Gomez Almanzar, Roberto Antonio",DOM,M,,,,1872,0,20,AUG25,1974,i
6410219,"Gomez Batista, Eduardo Antonio",DOM,M,,,,1879,0,20,AUG25,1995,
6418732,"Gomez Brito, Wander",DOM,M,,,,1763,0,20,AUG25,2001,i
6430139,"Gomez Capellan, Juliana Esthefany",DOM,F,,,,1718,0,20,AUG25,2002,wi
6430015,"Gomez Cos, Alicia Marie",DOM,F,,,,1602,0,20,AUG25,2001,wi
6408516,"Gomez Ferreras, William Rogelio",DOM,M,,,,1948,0,20,AUG25,1988,i
6419119,"Gomez Garcia, Rafael De Jesus",DOM,M,,,,1710,0,20,AUG25,1994,i
6435033,"Gomez Jimenez, Angel Octavio",DOM,M,,,,1670,0,20,AUG25,2006,
6436102,"Gomez Martinez, Jeremy Uziel",DOM,M,,,,1752,0,20,AUG25,2006,i
6400710,"Gomez Pena, Jose Ramon",DOM,M,,,,2113,0,20,AUG25,1957,i
6431380,"Gomez Perez, Meickel Miguel",DOM,M,,,,1797,0,20,AUG25,2003,i
6414591,"Gomez Popoters, Victor Ramon",DOM,M,,,,1783,0,20,AUG25,1960,i
6440312,"Gomez Santelises, Enmanuel Arturo",DOM,M,,,,1680,0,40,AUG25,2010,
6438199,"Gomez, Enmanuel Toribio",DOM,M,,,,1617,0,20,AUG25,2000,
6413382,"Gomez, Manolo",DOM,M,,,,1925,0,20,AUG25,1970,i
6405347,"Gonzalez Alejo, Wily Gilberto",DOM,M,,,,1889,0,20,AUG25,1980,
6403310,"Gonzalez Daguendo, Federico Eduardo",DOM,M,,,,2002,0,20,AUG25,1972,i
6403638,"Gonzalez Feliz, Jesus Eliezer",DOM,M,,,,1950,0,20,AUG25,1985,
6421482,"Gonzalez Peguero, Mary Loly",DOM,F,WFM,WFM,,1834,0,20,AUG25,1993,w
6432158,"Gonzalez Rosario, Elvin Rafael",DOM,M,,,,1804,0,20,AUG25,1989,i
6426158,"Gonzalez Severino, Erick Ignell",DOM,M,,,,1818,0,20,AUG25,2005,i
6416179,"Gonzalez Taveras, Joel Ramon Dav",DOM,M,,,,1802,0,20,AUG25,1990,
6424783,"Gonzalez Villa, Angel Manuel",DOM,M,,,,1836,0,20,AUG25,1999,i
6416012,"Gonzalez, Pablo Jose",DOM,M,,,,1876,0,20,AUG25,1990,
6405339,"Gonzalez, Ricardo",DOM,M,,,,1861,0,20,AUG25,1978,i
6432018,"Graciano Borgen, Jimmy",DOM,M,,,,1831,0,20,AUG25,1991,i
6422543,"Grullon Mata, Adelso Bienvenido",DOM,M,,,,1747,0,20,AUG25,1986,
6419879,"Guerrero Castillo, Fernando",DOM,M,,,,1766,0,20,AUG25,1980,i
6402852,"Guevara Orbe, Franklin",DOM,M,,,,1901,0,20,AUG25,1991,i
6433316,"Gutierrez Garcia, Diego Alejandro",DOM,M,,,,1519,0,40,AUG25,2010,i
6422730,"Guzman Burgos, Patricio Jose",DOM,M,,,,1747,0,20,AUG25,2003,i
6405096,"Guzman, Christopher",DOM,M,FM,,,2304,0,20,AUG25,1989,
6400183,"Hazim Gonzalez, Elizabeth",DOM,F,WCM,WCM,,1842,0,20,AUG25,1962,wi
6404871,"Henriquez Lopez, Roberto Colombino",DOM,M,,,,1969,0,20,AUG25,1957,i
6403816,"Henriquez Trinidad, Benjamin",DOM,M,,NA,,1935,0,20,AUG25,1986,
6403646,"Herasme Medina, Euripides",DOM,M,,,,2076,0,20,AUG25,1970,i
6416039,"Heredia Severino, George Matias",DOM,M,,,,1936,0,20,AUG25,1990,i
6432506,Hernandez Contreras Manuel Alexander,DOM,M,,,,1841,0,20,AUG25,2001,i
6422926,"Hernandez G., Francisco Ernesto",DOM,M,,,,1816,0,20,AUG25,1995,
6432778,Hernandez Gonzalez Francisco Ernesto,DOM,M,,,,2002,0,20,AUG25,1998,i
6423787,"Hernandez Lora, Miguel Angel",DOM,M,,,,1941,0,20,AUG25,2005,i
6433944,"Hernandez Mora, Diego Alexander",DOM,M,,,,1809,0,20,AUG25,2005,i
6413528,"Hernandez Morel, Romel Antonio",DOM,M,,,,1987,0,20,AUG25,1991,
6405100,"Hernandez Rodriguez, Genesis",DOM,M,,,,2001,0,20,AUG25,1991,i
6403085,"Hernandez Terrero, Daniel Alberto",DOM,M,,,,1976,0,20,AUG25,1985,i
6430759,"Hernandez, David",DOM,M,,,,1779,0,20,AUG25,2000,i
6401988,"Hernandez, Elvin Manuel",DOM,M,,,,1929,0,20,AUG25,1981,i
6413188,"Herrera Febles, Franklin",DOM,M,,,,1857,0,20,AUG25,0,i
6436005,"Herrera Marte, Abel",DOM,M,,,,1858,0,20,AUG25,2003,i
6432514,Hiciano Harol,DOM,M,,,,1653,0,20,AUG25,1999,i
6421830,"Hiciano Ortega, Alexander",DOM,M,,,,1671,0,20,AUG25,1997,i
6406548,"Hilario de la Cruz, Juan Fabriel",DOM,M,,,,1837,0,20,AUG25,2000,i
6421938,"Hilario Vega , Ramon Leonardo",DOM,M,,,,1731,0,20,AUG25,1971,i
6412645,"Hilario, Estarlin Manuel",DOM,M,,,,2127,0,20,AUG25,1996,i
6415873,"Holguin Castillo, Heriberto",DOM,M,,,,1853,0,20,AUG25,1980,
6401422,"Holguin, Erick",DOM,M,CM,,,2091,0,20,AUG25,1985,
6435483,"Huang Ko, Kue Fu Ramses",DOM,M,,,,1634,0,40,AUG25,2014,i
6400450,"Infante Guerrero, Miguel Antonio",DOM,M,FM,,,2383,0,10,AUG25,1985,i
6430490,"Inoa, Jose",DOM,M,,,,1830,0,20,AUG25,1960,
6403093,"Irrizarri Dionicio, Kelvin Arturo",DOM,M,,,,2016,0,20,AUG25,1986,i
6419585,"Isaac, Jesus Alberto",DOM,M,,,,1822,0,20,AUG25,1985,i
6401210,"Jaquez Adames, Roman",DOM,M,,,,2083,0,20,AUG25,1962,i
6400230,"Jaquez, Juan Manuel",DOM,M,CM,,,2140,0,20,AUG25,1963,
6417086,"Javier Brito, Anudis",DOM,M,,,,1908,0,20,AUG25,1989,
6416047,"Jimenes, Luis Alberto",DOM,M,,,,1828,0,20,AUG25,1990,i
6433952,"Jimenez Diaz, Luis Delfin",DOM,M,,,,1826,0,20,AUG25,1979,i
6415253,"Jimenez Jimenez, Leandro",DOM,M,FM,,,2162,0,20,AUG25,1998,
6401155,"Jimenez Lapaix, Jose Nicolas",DOM,M,,,,1945,0,20,AUG25,1978,i
6403107,"Jimenez Luciano, Alexis",DOM,M,,,,1905,0,20,AUG25,1970,i
6400493,"Jimenez Martinez, Dario Alberto",DOM,M,,NA,,2013,0,20,AUG25,1978,i
6429637,"Jimenez Martinez, Jean Carlos",DOM,M,,,,1782,0,20,AUG25,1997,i
6411126,"Jimenez Matos, Jimmy",DOM,M,,,,1984,0,20,AUG25,2001,i
6404286,"Jimenez Moronta, Juan Joel",DOM,M,,,,1928,0,20,AUG25,1985,i
6434266,"Jimenez Nunez, Angel",DOM,M,,,,1771,0,20,AUG25,1998,i
6401996,"Jimenez Revolta, Marcos",DOM,M,,,,1851,0,20,AUG25,1987,i
6435963,"Jimenez Santana, Nelson Otniel",DOM,M,,,,1695,0,20,AUG25,2001,
6410499,"Jimenez, Jason",DOM,M,,,,1932,0,20,AUG25,0,i
6419127,"Jimenez, Luis Alberto",DOM,M,,,,1888,0,20,AUG25,1990,i
6405649,"Jimenez, Maykol Yefri",DOM,M,,,,2150,0,20,AUG25,1992,i
6425364,"Joaquin Adames, Ernesto",DOM,M,,,,1540,0,20,AUG25,1994,
6425062,"Joaquin Mata, Carlos Augusto",DOM,M,,,,1717,0,20,AUG25,1978,i
6408095,"Joaquin Salcedo, Candida",DOM,F,,,,1722,0,20,AUG25,1972,w
6430414,"Jordan, Loy",DOM,M,,,,1714,0,20,AUG25,2006,i
6425348,"Jorge Nunez, Elvis Manuel",DOM,M,,,,1862,0,20,AUG25,1984,
6402860,"Jorge, Alberto",DOM,M,CM,,,1992,0,20,AUG25,1985,
6421229,"Jose Abreu, Adrian Armando",DOM,M,,,,1674,0,20,AUG25,2000,i
6404014,"Jose Abreu, Cesar Augusto",DOM,M,,,,1961,0,20,AUG25,1989,i
6420109,"Jose, Marianela",DOM,F,,,,1683,0,20,AUG25,1999,wi
6419461,"King Rodriguez, Os Misael",DOM,M,CM,,,1911,0,20,AUG25,2005,
6419470,"King Soriano, Misael",DOM,M,,,,1954,0,20,AUG25,1972,i
6423388,"Landron Correa, Robinson",DOM,M,,,,1780,0,20,AUG25,1997,i
6437575,"Lantigua Carvajal, Luis Abel",DOM,M,,,,1789,0,40,AUG25,2009,
6406823,"Lantigua Naut, Carlos",DOM,M,,,,1977,0,20,AUG25,0,i
6430910,"Lara Santos, Angel Sebastian",DOM,M,CM,,,1976,0,40,AUG25,2012,
6417094,"Lara, Benito",DOM,M,,,,1929,0,20,AUG25,1972,i
6414214,"Lara, Yeudy",DOM,M,,,,1925,0,20,AUG25,0,i
6410502,"Lazala Casso, Cesar Alfonso",DOM,M,,,,1962,0,20,AUG25,1996,
6424120,"Leon Diaz, Erulis Smil",DOM,M,,,,1831,0,20,AUG25,1993,i
6401040,"Leonardo, Jose Joel",DOM,M,,,,1949,0,20,AUG25,1968,i
6405932,"Lizardo Vargas, Cristopher Judilson",DOM,M,,,,1824,0,20,AUG25,1991,i
6416616,"Lizardo, Carlos",DOM,M,,,,1956,0,20,AUG25,1985,
6420117,"Lopez Garcia, Jose Joaquin",DOM,M,,,,1615,0,20,AUG25,1978,
6408648,"Lopez Mallen, Neudys Enmanuel",DOM,M,,,,1896,0,20,AUG25,1994,i
6406351,"Lopez Mora, Alexander",DOM,M,,,,1950,0,20,AUG25,1980,i
6420001,"Lopez Peralta, Jose Ramon",DOM,M,,,,1680,0,20,AUG25,1958,i
6404316,"Lopez Sanchez, Bernardo Antonio",DOM,M,,"SI,NA",,1797,0,20,AUG25,1970,i
6426883,"Lopez Villafana, Braulio",DOM,M,,,,1894,0,20,AUG25,1993,
6430350,"Lopez Villafana, Ricardo",DOM,M,,,,1829,0,20,AUG25,1993,
6408630,"Lopez, Damian",DOM,M,,,,AIM,1875,0,AUG25,1973,
6404901,"Lopez, Micael",DOM,M,,,,1658,0,20,AUG25,1965,
6402127,"Lorenzo De Los Santos, Luis L.",DOM,M,FM,,,2141,0,20,AUG25,1981,i
6407439,"Lorenzo Solis, Jose Ramon",DOM,M,,,,1954,0,20,AUG25,1965,i
6411487,"Lorenzo, David",DOM,M,,,,1936,0,20,AUG25,1990,i
6429084,"Lorenzo, Kelvin Cesarin",DOM,M,,,,1839,0,20,AUG25,1998,i
6404022,"Lugo Matos, Richards Reynier",DOM,M,CM,,,2152,0,20,AUG25,1988,
6401090,"Lugo Sanchez, Maximo",DOM,M,,,,2052,0,20,AUG25,1962,i
6401767,"Luis Moreno, Victor Manuel",DOM,M,,,,1900,0,20,AUG25,1990,i
6408184,"Luna Lantigua, Jose Miguel",DOM,M,,,,1875,0,20,AUG25,1991,
6407927,"Luna Zapata, Nidio Esteban",DOM,M,,,,2016,0,20,AUG25,1990,
6402879,"Luzon, Pedro",DOM,M,,,,1902,0,20,AUG25,1970,i
6433154,"Manuel Emilio, Olivares Burgos",DOM,M,,,,1767,0,20,AUG25,1990,
6417566,"Mariano Chevalier, Eugenio",DOM,M,,,,1981,0,20,AUG25,1967,
6432832,"Marmol Genao, Raul",DOM,M,,,,1858,0,20,AUG25,1953,
6401449,"Marquez Moya, Eddy",DOM,M,,,,1980,0,20,AUG25,1957,i
6415768,"Marrero Garcia, Lendry Ismael",DOM,M,,,,1860,0,20,AUG25,1999,i
6400388,"Marte Corripio, Frank Manuel",DOM,M,,,,2073,0,20,AUG25,1976,
6414222,"Marte Fermin, Johcrap",DOM,M,,,,1872,0,20,AUG25,2000,i
6413420,"Marte Perez, Yvan German",DOM,M,,,,1977,0,20,AUG25,1964,i
6418066,"Marte Quiroz, Adalberto Felix",DOM,M,,,,1855,0,20,AUG25,1988,i
6413536,"Marte, Argelis Enmanuel",DOM,M,,,,1851,0,20,AUG25,1990,
6417116,"Martinez Brito, Felix Jose",DOM,M,,,,2089,0,20,AUG25,1990,i
6431607,"Martinez Cabrera, Leandro Javier",DOM,M,,,,1651,0,20,AUG25,1998,
6401600,"Martinez Castillo, Julio Antonio",DOM,M,CM,,,2054,0,20,AUG25,1984,i
6435157,"Martinez Cordones, Elaine Camila",DOM,F,,,,1502,0,20,AUG25,2005,w
6420567,"Martinez Diaz, Kennedy Rafael",DOM,M,,,,1707,0,20,AUG25,1997,
6414419,"Martinez Estrella, Andres Ernesto",DOM,M,,,,1773,0,20,AUG25,1987,i
6436994,"Martinez Gallardo, Ramon De Jesus",DOM,M,,,,1805,0,20,AUG25,1954,i
6430147,"Martinez Hidalgo, Mario Jose",DOM,M,,,,1687,0,20,AUG25,2003,i
6426077,"Martinez Jimenez, Manyeli",DOM,F,,,,1727,0,20,AUG25,2001,wi
6410227,"Martinez Mateo, Arthur",DOM,M,,,,1880,0,20,AUG25,1989,i
6419488,"Martinez Morel, Arismendy",DOM,M,,,,1955,0,20,AUG25,1980,i
6404367,"Martinez Olivo, Persy",DOM,M,,,,1932,0,20,AUG25,1967,i
6420133,"Martinez Paulino, Roberto Carlos",DOM,M,,,,1864,0,20,AUG25,1987,i
6416519,"Martinez Pena, Victor",DOM,M,,,,1592,0,20,AUG25,1968,
6438636,"Martinez Perez, Luis Manuel Johnc",DOM,M,,,,1701,0,20,AUG25,2006,
6412262,"Martinez Rijo, Miquea",DOM,M,,,,1884,0,20,AUG25,0,i
6423485,"Martinez Rodriguez, Luis Fernando",DOM,M,,,,1886,0,20,AUG25,1999,
6434525,"Martinez Rodriguez, Moises",DOM,M,,,,1734,0,40,AUG25,2008,
6426450,"Martinez Rodriguez, Oscar Daniel",DOM,M,,,,1782,0,20,AUG25,1994,i
6418430,"Martinez Sanchez, Willy",DOM,M,,,,1876,0,20,AUG25,1992,i
6415881,"Martinez Santana, Francis Amil",DOM,M,,,,1869,0,20,AUG25,1980,i
6411916,"Martinez Vasquez, Reynaldo A.",DOM,M,,,,1860,0,20,AUG25,1996,i
6435971,"Martinez Vega, Alejandro Alan",DOM,M,,,,1640,0,20,AUG25,2006,
6435980,"Martinez Vega, Gabriel",DOM,M,,,,1737,0,20,AUG25,2004,
6433634,"Martinez Vizcaino, Paul Mateo",DOM,M,,,,1866,0,40,AUG25,2009,i
6409210,"Martinez, Arismendy",DOM,M,,,,1861,0,20,AUG25,0,i
6404910,"Martinez, Bienvenido Augusto",DOM,M,,,,1930,0,20,AUG25,1956,i
6407617,"Martinez, Jose Wilfredo",DOM,M,,,,1883,0,20,AUG25,1991,i
6421237,"Martinez, Luis Andres",DOM,M,,,,1719,0,20,AUG25,1982,i
6410545,"Mascarell, Jorge",DOM,M,,,,1762,0,20,AUG25,0,i
6405401,"Mata, Randy",DOM,M,,,,1949,0,20,AUG25,0,i
6408990,"Mateo Aquino, Lissa Esther",DOM,F,,,,1770,0,20,AUG25,2000,wi
6400019,"Mateo, Ramon",DOM,M,GM,,,2408,0,10,AUG25,1958,i
6418961,"Matias Galan, Milet",DOM,M,,,,1811,0,20,AUG25,1993,
6419496,"Matos Guevara, Adan",DOM,M,,,,1842,0,20,AUG25,1979,i
6403654,"Matos, Nestor",DOM,M,,,,2066,0,20,AUG25,1983,i
6400248,"Mazara Ruiz, Adan Manuel",DOM,M,FM,,,2239,0,20,AUG25,1976,i
6402518,"Medina Guzman, Braulio Silvestre",DOM,M,,,,1916,0,20,AUG25,1985,i
6415520,"Medina Moreta, Francisco A.",DOM,M,,,,1915,0,20,AUG25,1987,i
6429025,"Medina Perez, Wilson Javier",DOM,M,,,,1911,0,20,AUG25,2003,
6404413,"Medrano Frias, Ramon Emilio",DOM,M,,,,1930,0,20,AUG25,1950,i
6433987,"Mejia Rodriguez, Augusto Enmanuel",DOM,M,,,,1776,0,20,AUG25,2004,i
6408524,"Mejia Sosa, Johnatan Radhames",DOM,M,,FA,,1861,0,20,AUG25,1975,i
6423752,"Mejia Vasquez, Jose Miguel",DOM,M,,,,1750,0,20,AUG25,2000,i
6403379,"Mejia, Juan Alberto",DOM,M,,,,1880,0,20,AUG25,1970,i
6405134,"Mejia, Pablo",DOM,M,,,,1899,0,20,AUG25,1992,i
6421245,"Mejia, Plutarco",DOM,M,,,,1875,0,20,AUG25,1978,i
6436773,"Melo De Leon, Miguel Angel",DOM,M,,,,1916,0,20,AUG25,1980,
6427421,"Melo Luna, Robert Smolly",DOM,M,,,,1885,0,20,AUG25,2000,
6422756,"Mena Hernandez, Luis Manuel",DOM,M,,,,1617,0,20,AUG25,2003,i
6419690,"Mendez Ramirez, Victor",DOM,M,FM,,,2141,0,20,AUG25,1998,
6401309,"Mendez Reyes, David Antonio",DOM,M,,,,2053,0,20,AUG25,1969,
6433995,"Mendez Rivas, Criseidis",DOM,M,,,,1709,0,20,AUG25,1998,
6408532,"Mendez, Jolfran Nicolas",DOM,M,,,,1926,0,20,AUG25,1992,i
6403387,"Mendez, Ruddy Antonio",DOM,M,CM,NA,,2120,0,20,AUG25,1986,
6403867,"Mendez, Victor Manuel",DOM,M,,,,2061,0,20,AUG25,0,i
6426263,"Mendoza, Yunior Jose",DOM,M,,,,1909,0,20,AUG25,1965,i
6408435,"Menendez Mendez, Ariel",DOM,M,,,,2015,0,20,AUG25,1990,
6422764,"Mercado Rodriguez, Carlos David",DOM,M,,,,1896,0,20,AUG25,1998,i
6406076,"Mercado, Ramon",DOM,M,,,,1998,0,20,AUG25,1957,i
6407935,"Mercado, Ruddy",DOM,M,,,,1815,0,20,AUG25,1959,i
6401546,"Mercedes Calcano, Luis Alfredo",DOM,M,,,,1785,0,20,AUG25,1993,i
6432930,"Mercedes Ramirez, Oliver Eduardo",DOM,M,,,,1885,0,20,AUG25,2006,
6430465,"Mercedes, Adrian",DOM,M,,,,2015,0,40,AUG25,2009,
6419801,"Mercedes, Yeinfry",DOM,M,,,,1744,0,20,AUG25,1990,i
6423400,"Mesa Cruz, Juan Carlos",DOM,M,CM,,,2162,0,20,AUG25,2003,
6400426,"Mesa Mejia, Teofilo",DOM,M,,,,2066,0,20,AUG25,1971,
6400434,"Metz Souffront, Francisco Hipolito",DOM,M,,,,1982,0,20,AUG25,1968,
6401317,"Michelen Rodriguez, Victor Isaac",DOM,M,CM,,,2202,0,20,AUG25,1986,
6400604,"Mieses Hernandez, Diomedes Ernesto",DOM,M,,,,1903,0,20,AUG25,1955,i
6410065,"Mileto, Nazzareno Pietro",DOM,M,,,,1825,0,20,AUG25,1964,i
6423884,"Mirabal Rodriguez, Bryan",DOM,M,,,,1711,0,20,AUG25,1998,i
6406262,"Moncion Ventura, Angel Luis",DOM,M,,,,1921,0,20,AUG25,1987,
6419593,"Monegro Santana, Willy Jhonatan",DOM,M,,,,1804,0,20,AUG25,1989,i
6404030,"Montero Marcelle, Henry",DOM,M,,,,1837,0,20,AUG25,1984,
6432425,"Montero Mercedes, Melvin Marcial",DOM,M,,,,1786,0,20,AUG25,1984,
6423604,"Montero Montero, Alexandro",DOM,M,,,,2123,0,20,AUG25,1997,
6414699,"Montero Suero, Rafael",DOM,M,,,,1894,0,20,AUG25,0,i
6416330,"Montero, Manuel",DOM,M,,,,1791,0,20,AUG25,1980,i
6400442,"Montes De Oca Valerio, Alexis",DOM,M,CM,,,2116,0,20,AUG25,1977,
6410910,"Montes De Oca, Abel",DOM,M,,,,1657,0,20,AUG25,0,i
6401457,"Morel Hidalgo, Pedro",DOM,M,,,,1950,0,20,AUG25,1973,i
6437729,"Morel Reyes, Fraimy Alexander",DOM,M,,,,1822,0,40,AUG25,2010,
6434002,"Moreno Betances, Deivi Alexander",DOM,M,,,,1495,0,20,AUG25,1961,i
6400540,"Moreta Matta, Amaury",DOM,M,,,,2005,0,20,AUG25,1981,i
6417477,"Morillo Monegro, Charvel",DOM,M,,,,AIM,1917,0,AUG25,1979,
6430708,"Morillo Moreta, Francisco",DOM,M,,,,1856,0,20,AUG25,2000,i
6401708,"Morillo Romero, Francisco Alberto",DOM,M,,,,1976,0,20,AUG25,1981,
6410111,"Morillo, Esteban",DOM,M,,,,1888,0,20,AUG25,0,i
6420419,"Moronta Marine, Yeriel",DOM,M,,,,1758,0,20,AUG25,1991,i
6408109,"Moronta Ramos, Dianelva Altagracia",DOM,F,,,,1761,0,20,AUG25,1980,wi
6400370,"Moscoso Silva, Carlos Antonio",DOM,M,CM,SI,,1886,0,20,AUG25,1960,
6437311,"Mota Garcia, Luis Alfredo",DOM,M,,,,1843,0,20,AUG25,1991,
6432263,"Munoz Feliz, Alejandro",DOM,M,,,,1917,0,40,AUG25,2014,
6431801,"Munoz Manzueta, Junior",DOM,M,,,,1754,0,20,AUG25,2000,
6400574,"Munoz Santana, Doribel",DOM,F,WCM,WCM,,1941,0,20,AUG25,1983,wi
6400361,"Munoz Santana, Jose Lisandro",DOM,M,IM,,,2467,0,10,AUG25,1986,
6410235,"Munoz, Cristopher",DOM,M,,,,1767,0,20,AUG25,1999,i
6412670,"Newman Caceres, Reynaldo Adolfo",DOM,M,,,,AIM,2011,0,AUG25,1995,
6410243,"Nieto Rodriguez, Alejandro",DOM,M,FM,,,2086,0,20,AUG25,2000,i
6414249,"Noboa , Marcos",DOM,M,,,,1855,0,20,AUG25,0,i
6430589,"Noesi Almonte, Belkis Leonora",DOM,M,,,,1753,0,20,AUG25,1990,
6410251,"Nouel Leon, Juan Manuel",DOM,M,,,,1897,0,20,AUG25,1963,i
6406874,"Nova Ramirez, Presley Eury",DOM,M,,"NI,NA",,1923,0,20,AUG25,1989,i
6440479,"Nova, Luis Roberto",DOM,M,,,,1880,0,20,AUG25,1970,
6416780,"Novas Gomez, Mario De Jesus",DOM,M,,,,1801,0,20,AUG25,2000,
6409687,"Nunez Antigua, Inocencio",DOM,M,,,,1902,0,20,AUG25,1982,i
6415652,"Nunez Astacio, Jose Miguel",DOM,M,,,,1914,0,20,AUG25,1990,i
6430686,"Nunez Diaz, Karla Mya",DOM,F,,,,1644,0,20,AUG25,2004,w
6422144,"Nunez Hernandez, Braiyan",DOM,M,,,,1911,0,20,AUG25,1997,
6402542,"Nunez Mejia, Hugo Eduardo",DOM,M,,,,1884,0,20,AUG25,1987,
6414257,"Nunez Reynoso, Angel",DOM,M,,,,1853,0,20,AUG25,1990,i
6405410,"Nunez Santana, Michael",DOM,M,,,,1807,0,20,AUG25,1983,i
6426735,"Nunez, Francisco",DOM,M,,,,1696,0,20,AUG25,1990,i
6409490,"Nunez, Mito",DOM,M,,,,1908,0,20,AUG25,0,i
6400990,"Ogando Diaz, Juan Carlos",DOM,M,,,,1954,0,20,AUG25,1991,i
6423892,"Ogando Herrera, Wander",DOM,M,,,,1774,0,20,AUG25,2001,i
2013177,"Orizondo, Hugo",DOM,M,,,,1929,0,20,AUG25,1955,i
6435386,"Ortiz Olivo, Christian",DOM,M,,,,1514,0,40,AUG25,2015,
6400752,"Ortiz Pascual, Nelson",DOM,M,,IA,,2009,0,20,AUG25,1982,i
6400531,"Ortiz Pimentel, Olson Ivar",DOM,M,FM,,,2194,0,20,AUG25,1977,i
6411169,"Ortiz Roman, Angello Mikhel",DOM,M,,,,1726,0,20,AUG25,2004,i
6411363,"Ortiz, Jose Arturo",DOM,M,,,,1860,0,20,AUG25,0,i
6408915,"Ortiz, Junior Renato",DOM,M,,,,1866,0,20,AUG25,1993,i
6438210,"Ovalle Rosa, Harold",DOM,M,,,,1622,0,20,AUG25,1992,
6407951,"Ovalle, Ramon",DOM,M,,,,2054,0,20,AUG25,1972,i
6424880,"Ovalles Perez, Wellinton Enrique",DOM,M,,,,1821,0,20,AUG25,1987,i
6430287,Ozoria Henriquez Rafael,DOM,M,,,,1711,0,20,AUG25,1999,i
6426620,"Pachano Hernandez, Altagracia Maria",DOM,F,,,,1744,0,20,AUG25,2002,wi
6431445,"Pacheco Castillo, Ian Ivan",DOM,M,,,,1605,0,20,AUG25,1993,i
6421644,"Pacheco Marte, Sergio Andres",DOM,M,,,,1863,0,20,AUG25,2000,
6408699,"Padilla Martinez, Felix Jose",DOM,M,,,,2121,0,20,AUG25,1968,i
6409288,"Palmero Sosa, Cesar Shaomir",DOM,M,,,,1852,0,20,AUG25,1988,i
6434347,"Paredes Pilarte, Angel",DOM,M,,,,1911,0,20,AUG25,1980,i
6433391,"Paredes Sierra, Junior Antonio",DOM,M,,,,1617,0,20,AUG25,1991,i
6428525,"Paredes, Pedro",DOM,M,,,,1846,0,20,AUG25,2000,i
6432638,"Pascual, Juan Enrique",DOM,M,,,,1786,0,20,AUG25,1963,i
6429653,"Paula Castillo, Wargner",DOM,M,,,,1788,0,20,AUG25,1993,i
6427740,"Paula Valerio, Aarony Miguel",DOM,M,,,,1745,0,20,AUG25,1997,
6400868,"Paulino Garcia, Wilfredo Antonio",DOM,M,,,,1903,0,20,AUG25,1959,
6404448,"Paulino Herrera, Eudy Manfredo",DOM,M,,,,1680,0,20,AUG25,1988,i
6416209,"Paulino Jacobo, Ruby Manuel",DOM,M,,,,1901,0,20,AUG25,1990,
6427162,"Paulino Leal, Matias",DOM,M,,,,1723,0,40,AUG25,2007,i
6419143,"Paulino Rijo, Luis Alejandro",DOM,M,,,,1926,0,20,AUG25,1997,i
6411371,"Paulino Rosario, Dalver",DOM,M,,NA,,1912,0,20,AUG25,1995,
6428509,"Paulino Suverbi, Angel Abel",DOM,M,,,,1737,0,20,AUG25,2000,i
6421253,"Payan Castro, Yoleinis Aylin",DOM,M,,,,1754,0,40,AUG25,2009,i
6405738,"Payan Del Rio, Luis Horacio",DOM,M,,,,1924,0,20,AUG25,1981,i
6433561,"Payano Cruz, Fred",DOM,M,,,,1758,0,20,AUG25,2004,
6424805,"Payero Estrella, Christopher",DOM,M,,,,1881,0,20,AUG25,2003,i
6406106,"Payero, Julio",DOM,M,,,,1835,0,20,AUG25,1974,i
6401031,"Peguero, Luciano",DOM,M,,,,1945,0,20,AUG25,1954,i
6400884,"Pena Arno, Daniel Isaias",DOM,M,,,,1959,0,20,AUG25,1985,i
6425437,"Pena Jimenez, Joel",DOM,M,,,,1777,0,20,AUG25,1988,i
6419704,"Pena Marcano, Jose Carlos",DOM,M,,,,1946,0,20,AUG25,1986,i
6432875,"Pena Payan, Ester",DOM,F,,,,1533,0,40,AUG25,2008,w
6409296,"Pena Perez, Luis Eduardo",DOM,M,,,,2009,0,20,AUG25,1992,i
6405746,"Pena Ramirez, Ambiorix",DOM,M,,,,1965,0,20,AUG25,1987,
6413986,"Pena Sanchez, Raymundo Eduardo",DOM,M,,,,1851,0,20,AUG25,1998,i
6433600,"Pena Santana, Servio Rafael",DOM,M,,,,1617,0,20,AUG25,1995,i
6401899,"Pena, Aliberto",DOM,M,,,,1955,0,20,AUG25,1986,i
6438229,"Peralta Arrollo, Orlando",DOM,M,,,,1759,0,20,AUG25,1987,
6435831,"Peralta Martinez, Jeansix Raul",DOM,M,,,,1566,0,20,AUG25,1982,
6401104,"Peralta Moore, Juan Antonio",DOM,M,,,,1995,0,20,AUG25,1972,
6406009,"Peralta, Juan Luis",DOM,M,,,,1912,0,20,AUG25,1968,i
6422160,"Perez , Vinicio",DOM,M,,,,1918,0,20,AUG25,1992,i
6418457,"Perez Barcelo, Ricardo Antonio",DOM,M,,,,1786,0,20,AUG25,1993,i
6420028,"Perez Beltre, Martin",DOM,M,,,,1929,0,20,AUG25,1988,i
6416071,"Perez Cuevas, Henry Domingo",DOM,M,,,,1591,0,20,AUG25,1990,i
6410618,"Perez Estevez, Bartolo",DOM,M,,,,1989,0,20,AUG25,1975,
6408923,"Perez Feliz, Josue Enrique",DOM,M,,,,1876,0,20,AUG25,1997,i
6416080,"Perez Florentino, Yordan Nicolas",DOM,M,,,,1870,0,20,AUG25,1996,i
6407811,"Perez Guzman, Still",DOM,M,,,,1951,0,20,AUG25,1985,i
6420427,"Perez Lopez, Jose Antonio",DOM,M,,,,1819,0,20,AUG25,1984,i
6440339,"Perez Luna, Angel Moises",DOM,M,,,,1814,0,40,AUG25,2008,
6429041,"Perez Ovalles, German Aristy",DOM,M,,,,1540,0,20,AUG25,1972,
6422055,"Perez Pena, Cristino Antonio",DOM,M,,,,1801,0,20,AUG25,1980,i
6400507,"Perez Polanco, Lewis Omar",DOM,M,CM,,,1904,0,20,AUG25,1971,i
6433367,"Perez Terrero, Spencer",DOM,M,,,,1694,0,40,AUG25,2008,i
6425909,"Perez Zorrilla, Eddy Bienvenido",DOM,M,,,,1760,0,20,AUG25,1958,i
6437680,"Perez, Julio Pastor",DOM,M,,,,1708,0,20,AUG25,1998,
6402550,"Perez, Martin",DOM,M,,,,1941,0,20,AUG25,0,i
6409504,"Perez, Uliano",DOM,M,,,,2035,0,20,AUG25,0,
6433502,"Perrone Bueno, Amelia Maia",DOM,F,,,,1670,0,40,AUG25,2013,w
6435459,"Perrone Bueno, Angeolino",DOM,M,,,,1526,0,40,AUG25,2015,
6432956,"Perrone Bueno, Isabella Marie",DOM,F,,,,1594,0,40,AUG25,2011,w
6429270,"Pimentel Acta, Axel Eduardo",DOM,M,,,,1712,0,20,AUG25,2005,i
3500594,"Pinal Borges, Nelson",DOM,M,IM,,,2374,0,20,AUG25,1955,i
6400558,"Plata Nelson, Roberto Marino",DOM,M,,,,1975,0,20,AUG25,1956,i
6412734,"Plata, Rafael",DOM,M,,,,1909,0,20,AUG25,0,i
6405185,"Polanco Alcantara, Mario Alexander",DOM,M,CM,,,2155,0,20,AUG25,1984,
6429700,"Polanco Cubilete, Javier Isaias",DOM,M,,,,1860,0,20,AUG25,1990,i
6422780,"Polanco De La Rosa , Eddy Alfonso",DOM,M,,,,1759,0,20,AUG25,1980,i
6423418,"Polanco De La Rosa, Eddy Alfon",DOM,M,,,,1735,0,20,AUG25,1991,i
6422799,"Polanco De La Rosa, Geovanny",DOM,M,,,,1800,0,20,AUG25,1974,i
6413250,"Polanco De Oleo, Anderson",DOM,M,,,,2022,0,20,AUG25,1984,i
6406270,"Polanco Duran, Pedro Julio",DOM,M,,,,1991,0,20,AUG25,1989,i
6424821,"Polanco Fernandez, Reynie",DOM,M,CM,,,1943,0,40,AUG25,2009,
6425240,"Polanco Fernandez, Sahiean",DOM,M,CM,,,2094,0,40,AUG25,2011,
6435998,"Polanco Moreno, Alexander Jose",DOM,M,,,,2121,0,20,AUG25,2002,i
6401783,"Polanco Nunez, Yoel Estarling",DOM,M,FM,,,2140,0,20,AUG25,1986,i
6432883,"Polanco Reyes, Wilton Jose",DOM,M,,,,1861,0,20,AUG25,1964,i
6416667,"Polanco Rincon, Romer Alexander",DOM,M,,,,1829,0,20,AUG25,1985,i
6410286,"Polanco, Arismendy",DOM,M,,,,1986,0,20,AUG25,0,i
6437320,"Polanco, Jose Nicolas",DOM,M,,,,1630,0,20,AUG25,1968,
6401112,"Potentini Adames, Salvador I.",DOM,M,,,,2052,0,20,AUG25,1963,i
6400515,"Puntier Andujar, Fausto Jiovanny",DOM,M,,,,2137,0,20,AUG25,1969,i
6400299,"Puntier Andujar, William Staling",DOM,M,FM,,,2231,0,20,AUG25,1972,i
6408958,"Quiroz Farias, Yelibeth",DOM,F,,,,1819,0,20,AUG25,1999,wi
6433138,"Ramirez Beras, esther",DOM,F,,,,1545,0,40,AUG25,2012,wi
6402976,"Ramirez Carrasco, Carlos Enrique",DOM,M,,,,2060,0,20,AUG25,1981,i
6409105,"Ramirez David, David",DOM,M,,,,1974,0,20,AUG25,1963,i
6427430,"Ramirez Florentino, Ramon Eduardo",DOM,M,,,,1734,0,20,AUG25,1998,
6408354,"Ramirez Franco, Manuel",DOM,M,,,,1855,0,20,AUG25,1970,i
6421792,"Ramirez Luzon, Franchesca",DOM,F,WCM,WCM,,1808,0,20,AUG25,2004,w
6434363,"Ramirez Melendez, Lawel Alexander",DOM,M,,,,1645,0,40,AUG25,2012,i
6434371,"Ramirez Melendez, Nowal Alexander",DOM,M,,,,1706,0,40,AUG25,2007,i
6409407,"Ramirez Paniagua, Luis Enrique",DOM,M,,,,1885,0,20,AUG25,1987,i
6401007,"Ramirez Reyes, Braulio Fernando",DOM,M,FM,"FI,SI,NA",,2115,0,20,AUG25,1980,
6410626,"Ramirez, Deyvis",DOM,M,,,,1775,0,20,AUG25,0,i
6438091,"Ramirez, Hirundy",DOM,M,,,,1827,0,20,AUG25,1960,
6410146,"Ramos Burgos, Gregory Joel",DOM,M,,,,1840,0,20,AUG25,1996,i
6434886,"Ramos de Leon, Joel Ignacio",DOM,M,,,,1827,0,40,AUG25,2007,i
6401058,"Ramos Manon, Elio Enay",DOM,M,,,,1728,0,20,AUG25,1958,i
6419151,"Ramos Martinez, Daminiel",DOM,M,,,,1866,0,20,AUG25,1991,i
6413790,"Ramos, Jose Raul",DOM,M,,,,1710,0,20,AUG25,1974,
6425712,"Recio Mendez, Alexis Antonio",DOM,M,,,,1820,0,20,AUG25,1986,
6422268,"Recio, Enmanuel",DOM,M,,,,1761,0,20,AUG25,1987,i
6431470,"Regalado Nicasio, Jean Franco",DOM,M,,,,1965,0,40,AUG25,2009,
6403697,"Reyes Acevedo, Ismael",DOM,M,,,,2039,0,20,AUG25,1961,i
6410634,"Reyes Capellan, Elby",DOM,M,,,,2098,0,20,AUG25,1993,
6429262,"Reyes Gonzalez, Joel Kennedy",DOM,M,,,,1943,0,20,AUG25,1998,
6423426,"Reyes Landron, Aris de Jesus",DOM,M,,,,1909,0,20,AUG25,1999,i
6416802,"Reyes Moreno, Marco Antonio",DOM,M,,,,1774,0,20,AUG25,1963,i
6416861,"Reyes Perez, Eury Luis",DOM,M,,,,2124,0,20,AUG25,1994,
6412378,"Reyes Sosa, Rafael Ramon",DOM,M,,,,1984,0,20,AUG25,1969,
6415342,"Reyes Vargas, Camilo",DOM,M,,,,1794,0,20,AUG25,0,i
6436048,"Reyes, Jeremy",DOM,M,,,,1758,0,40,AUG25,2007,i
6435041,"Reynoso Almonte, Emir",DOM,M,,,,1714,0,40,AUG25,2009,
6437150,"Reynoso Almonte, Owen",DOM,M,,,,1647,0,40,AUG25,2014,
6414460,"Reynoso Henriquez, Juan Bautista",DOM,M,,,,2070,0,20,AUG25,1979,
6436200,"Reynoso, Jesus",DOM,M,,,,1583,0,20,AUG25,1973,
6408931,"Ricart Guzman, Amel Anibal",DOM,M,,,,1993,0,20,AUG25,1997,i
6404952,"Rijo Dionicio, Bernardo De Jesus",DOM,M,,,,1915,0,20,AUG25,1961,i
6429831,"Rivera Polanco, Antony",DOM,M,,,,1819,0,20,AUG25,2006,
6403891,"Roa Medrano, Alexis Yovanny",DOM,M,,,,2036,0,20,AUG25,1975,i
6404049,"Roa Rojas, Romulo Ruddy",DOM,M,,,,1935,0,20,AUG25,1988,i
6409423,"Roa, Pedro Gregorio",DOM,M,,,,1912,0,20,AUG25,1966,i
6410081,"Robineau Germosen,Abel Taino",DOM,M,,,,1795,0,20,AUG25,0,i
6405207,"Rodriguez Blanco, Manuel A.",DOM,M,,NA,,AGM,2011,0,AUG25,1971,
6430945,"Rodriguez Brito, Valerio",DOM,M,,,,1672,0,20,AUG25,1974,i
6401147,"Rodriguez Cabral, Antmel",DOM,M,,,,1957,0,20,AUG25,1991,i
6412149,"Rodriguez Espaillat, Escarlet M.",DOM,F,,,,1779,0,20,AUG25,1997,wi
6416985,"Rodriguez Espaillat, Michael E.",DOM,M,,,,1755,0,20,AUG25,1990,i
6405150,"Rodriguez Franco, Carlos Manuel",DOM,M,CM,,,1963,0,20,AUG25,1983,i
6425224,"Rodriguez Gonzalez, Gustavo Adolfo",DOM,M,,,,1783,0,20,AUG25,2002,i
6420583,"Rodriguez Gonzalez, Jorky Javier",DOM,M,,,,1796,0,20,AUG25,1997,i
6422179,"Rodriguez Hernandez, Luis Alberto",DOM,M,,,,1804,0,20,AUG25,1987,i
6431038,"Rodriguez Manzanillo, Luis Yael",DOM,M,,,,1657,0,40,AUG25,2008,i
6427278,"Rodriguez Matias, Nathanael",DOM,M,,,,1793,0,20,AUG25,1996,
6419712,"Rodriguez Mejia, Eddy Gabriel",DOM,M,,NI,,2075,0,20,AUG25,1997,
6423124,"Rodriguez Meran, Edgar Antonio",DOM,M,,,,1919,0,20,AUG25,1975,
6435122,"Rodriguez Munoz, Omar de Jesus",DOM,M,,,,1733,0,40,AUG25,2012,
6400337,"Rodriguez Nunez, Jose Altagracia",DOM,M,,,,2118,0,20,AUG25,1969,i
6408729,"Rodriguez Ortega, Rafael Marino",DOM,M,,,,1911,0,20,AUG25,1961,i
6409512,"Rodriguez Pena, Carlos Moises",DOM,M,,,,1893,0,20,AUG25,0,i
6440584,"Rodriguez Peralta, Kevin Jhansel",DOM,M,,,,1594,0,20,AUG25,1993,
6428673,"Rodriguez Pimentel, Luis Manuel",DOM,M,,,,1761,0,20,AUG25,2000,i
6410308,"Rodriguez Ramirez, Wilfredo",DOM,M,,,,1902,0,20,AUG25,1983,i
6424724,"Rodriguez Rodriguez, Juan Rafael",DOM,M,,,,1861,0,20,AUG25,1959,
6434975,"Rodriguez Rodriguez, Luis Dariel",DOM,M,,,,1856,0,20,AUG25,2006,i
6435777,"Rodriguez Rosario, Benito Alexand",DOM,M,,,,1872,0,20,AUG25,2005,i
6429289,"Rodriguez Rosario, Raykeny de Jesus",DOM,M,,,,1658,0,20,AUG25,1991,
6429254,"Rodriguez Rosario, Vladimir",DOM,M,,,,1787,0,20,AUG25,1993,i
6430317,Rodriguez Saldana Ezequiel,DOM,M,,,,1690,0,20,AUG25,1992,i
6434037,"Rodriguez Sosa, Miguel Angel",DOM,M,,,,1642,0,20,AUG25,1992,i
6405444,"Rodriguez Torres, Carlos Manuel",DOM,M,,,,1944,0,20,AUG25,1976,
6403662,"Rodriguez Troncoso, Francisco Eugenio",DOM,M,,,,1910,0,20,AUG25,1961,i
6431208,"Rodriguez Vargas, Henry Ernesto",DOM,M,,,,1716,0,20,AUG25,1987,i
6434398,"Rodriguez Vinas, Alan Joel",DOM,M,,,,1795,0,40,AUG25,2007,i
6410324,"Rodriguez, Franyeline Antonio",DOM,M,,,,1944,0,20,AUG25,1985,i
6438237,"Rodriguez, Radhames",DOM,M,,,,1708,0,20,AUG25,1981,
6436129,"Rodriguez, Ronald",DOM,M,,,,1788,0,20,AUG25,1986,i
6402585,"Rodriguez, Samuel",DOM,M,,,,1767,0,20,AUG25,0,i
6401759,"Rodriguez, Starling Jesus",DOM,M,,NA,,1991,0,20,AUG25,1982,
6410154,"Rodriguez, Vidal T.",DOM,M,,,,1941,0,20,AUG25,0,i
6437656,"Rojas Beseda, Thiago",DOM,M,,,,1552,0,40,AUG25,2014,
6400825,"Rojas Gomez, Ramon Andres",DOM,M,,,,1875,0,20,AUG25,1963,i
6421423,"Rojas Mateo, Angel Alberto",DOM,M,,,,1783,0,20,AUG25,1998,i
6402020,"Rojas Sanchez, Randy Omar",DOM,M,,,,2075,0,20,AUG25,1983,i
6410006,"Rondon Mota, Abraham",DOM,M,,,,1932,0,20,AUG25,1972,i
6404529,"Rondon, Jesus",DOM,M,,,,1915,0,20,AUG25,0,i
6414486,"Rosado Paula, Felix",DOM,M,,,,1881,0,20,AUG25,0,i
6420460,"Rosario Abreu, Juan Daniel",DOM,M,,,,1786,0,20,AUG25,1995,i
6403573,"Rosario Almanzar, Raydily",DOM,F,WFM,WFM,,1819,0,20,AUG25,1998,w
6406980,"Rosario Cordero, Anderson",DOM,M,,,,1900,0,20,AUG25,1991,i
6402593,"Rosario Crisostomo, Edison J.",DOM,M,,,,1974,0,20,AUG25,0,i
6400612,"Rosario Morillo, Angel",DOM,M,,,,1836,0,20,AUG25,1956,i
6435653,"Rosario Ramirez, Orlybel",DOM,M,,,,1493,0,40,AUG25,2010,
6422934,"Rosario Solorin, Carlos Jose",DOM,M,,,,2055,0,20,AUG25,1994,
6413307,"Rosario Tejada, Angel Jose",DOM,M,,,,1903,0,20,AUG25,0,
6405452,"Rosario, Leudy",DOM,M,,,,1914,0,20,AUG25,0,i
6416675,"Ruiz Pimentel, Oscar De Jesus",DOM,M,,,,1904,0,20,AUG25,1981,i
6405142,"Rymer Paulino, Domini Wilfredo",DOM,M,,,,1989,0,20,AUG25,1987,i
6410960,"Salazar Ortiz, Edwin Ondino",DOM,M,,,,1652,0,20,AUG25,1982,i
6416357,"Salcedo, Cesar Estalin",DOM,M,,,,1898,0,20,AUG25,1983,i
6408745,"Salcedo, Jose Miguel",DOM,M,,,,1946,0,20,AUG25,1983,
6414001,"Salcie, Francisco",DOM,M,,,,1972,0,20,AUG25,1962,i
6434410,"Salichez Rodriguez, Randy",DOM,M,,,,1600,0,20,AUG25,1999,i
6408753,"Salomon Cortorreal, Jose Chajil",DOM,M,,,,1970,0,20,AUG25,1966,i
6420710,"Samboy Green, Jeremy",DOM,M,,,,2010,0,20,AUG25,1987,i
6419780,"Sanchez , Jose Anibal",DOM,M,,,,1821,0,20,AUG25,1970,i
6411452,"Sanchez Acevedo, Jensy Manuel",DOM,M,,,,1825,0,20,AUG25,1991,i
6425453,"Sanchez Arias, Yonathan Alexander",DOM,M,,,,1881,0,20,AUG25,2001,i
6400779,"Sanchez Castillo, Jose Rafael",DOM,M,,,,2195,0,20,AUG25,1988,i
6402615,"Sanchez de la Cruz, Juan Gradimir",DOM,M,,,,2000,0,20,AUG25,1988,i
6427618,"Sanchez Jaspez, Rosangel",DOM,F,WCM,WCM,,1777,0,20,AUG25,1998,w
6427510,"Sanchez Lantigua, Miguel Andres",DOM,M,,,,1821,0,20,AUG25,1984,
6410014,"Sanchez Mejia, Ery A.",DOM,M,,,,1856,0,20,AUG25,1995,
6429009,"Sanchez Mojica, Sterlin Leonardo",DOM,M,,,,AFM,1774,0,AUG25,2004,i
6401228,"Sanchez Puente, Carlos Johan",DOM,M,,,,1987,0,20,AUG25,1980,
6429890,"Sanchez Ramirez, Diogenes",DOM,M,,,,1579,0,20,AUG25,2002,i
6424341,"Sanchez Sanchez, Junior Adremar",DOM,M,,,,1842,0,20,AUG25,1994,i
6402046,"Sanchez Vargas, Edward Tancredo",DOM,M,,,,2162,0,20,AUG25,1969,
6415890,"Sanchez, Jose Anibal",DOM,M,,,,1939,0,20,AUG25,1980,i
6406998,"Sanchez, Ramon",DOM,M,,,,1981,0,20,AUG25,1975,i
6402623,"Sanchez, Starling",DOM,M,,,,1960,0,20,AUG25,0,
6437028,"Santana Duran, Alejandro",DOM,M,,,,1609,0,20,AUG25,1997,i
6419798,"Santana Martinez, Alberto Francisco",DOM,M,,,,ACM,1854,0,AUG25,1985,i
6412319,"Santana Palacio, Leonardo",DOM,M,,,,1956,0,20,AUG25,0,i
6404545,"Santana Reyna, Victor",DOM,M,,,,1869,0,20,AUG25,1985,i
6402631,"Santana, Carlos A.",DOM,M,,,,1880,0,20,AUG25,0,i
6419313,"Santana, Humbertilio",DOM,M,,,,1804,0,20,AUG25,1968,i
6435785,"Santana, Irving",DOM,M,,,,1865,0,20,AUG25,1998,i
6412785,"Santana, Osvaldo",DOM,M,,,,1915,0,20,AUG25,0,i
6431534,"Santiago Ceballos, Christian",DOM,M,,,,1599,0,40,AUG25,2013,
6431542,"Santiago Ceballos, Starlyn",DOM,M,,,,1546,0,40,AUG25,2012,
6417884,"Santiago Osorio, Estalyn",DOM,M,,,,1664,0,20,AUG25,1989,
6402348,"Santos Almonte, Carol",DOM,F,WFM,WFM,,1845,0,20,AUG25,1993,wi
6434436,"Santos Aquino, Manuel De Jesus",DOM,M,,,,1731,0,20,AUG25,1980,i
6430325,Santos del Orbe Jennesis Rafelina,DOM,F,,,,1638,0,40,AUG25,2010,w
6430635,"Santos Del Orbe, Genesis Rafael",DOM,M,,,,1932,0,40,AUG25,2009,
6430619,"Santos Lopez, Felix Marcelo",DOM,M,,,,1723,0,20,AUG25,1987,i
6420478,"Santos Paulino, Kelvin Felix",DOM,M,,,,1910,0,20,AUG25,1987,i
6415539,"Santos Rojas, Juan Abimelec",DOM,M,,,,1932,0,20,AUG25,1986,i
6403670,"Santos Valdez, Genesis Rafael",DOM,M,,,,2122,0,20,AUG25,1965,
6416691,"Santos, Cristian",DOM,M,,,,1994,0,20,AUG25,1985,i
6415903,"Santos, Henry",DOM,M,,NA,,1906,0,20,AUG25,1980,
6419607,"Sarante Feliz, Genesis Melquisedec",DOM,M,,,,1776,0,20,AUG25,1996,i
6438245,"Sarita, Cristian",DOM,M,,,,1617,0,40,AUG25,2008,
6419178,"Schieck, Ralf",DOM,M,,,,1913,0,20,AUG25,1970,i
6404057,"Segura Encarnacion, Ronald Eliesel",DOM,M,,,,1970,0,20,AUG25,1991,
6400272,"Sena, Juan",DOM,M,,,,2178,0,20,AUG25,1961,i
6409342,"Severino Paulino, Johan Manuel",DOM,M,,,,1710,0,20,AUG25,1991,i
6411380,"Severino Peralta, Cesar Alexander",DOM,M,,,,1935,0,20,AUG25,1991,i
6431569,"Severino Reyes, Adderlis Junior",DOM,M,,,,1677,0,20,AUG25,1992,i
6414281,"Severino, Eliezer",DOM,M,,,,1822,0,20,AUG25,0,i
6417159,"Silva Archetti, Jose Rafael",DOM,M,,,,2000,0,20,AUG25,1985,i
6426565,"Simo Paulino, Leonardo Michael",DOM,M,,,,1668,0,40,AUG25,2012,
6440592,"Slaughter, Cameron",DOM,M,,,,1588,0,20,AUG25,1995,
6404758,"Soriano Alberto, Genaro Arturo",DOM,M,,,,2002,0,20,AUG25,1975,i
6419542,"Soriano Paulino, Junior Emmanuel",DOM,M,,,,1906,0,20,AUG25,1998,i
6415628,"Soriano, Leonel Gabriel",DOM,M,,,,1839,0,20,AUG25,1990,i
6433642,"Sosa Alonzo, Claudio",DOM,M,,,,1719,0,40,AUG25,2010,i
6400833,"Sosa Castillo, Tomas",DOM,M,,,,2063,0,20,AUG25,1980,
6405215,"Sosa Moran, Anthony Marc",DOM,M,,NA,,AFM,1905,0,AUG25,1988,
6412807,"Sosa Moran, Bryan Marc",DOM,M,,,,2026,0,20,AUG25,2000,
6405983,"Sosa Moran, Edward Marc",DOM,M,,,,1958,0,20,AUG25,1994,
6411509,"Sosa, Johan Noel",DOM,M,,,,1888,0,20,AUG25,0,i
6405487,"Sosa, Jonathan",DOM,M,,,,1998,0,20,AUG25,1988,i
6405495,"Sosa, Leonel",DOM,M,,,,1822,0,20,AUG25,1981,i
6400787,"Soto Lora, Jose Santiago",DOM,M,,,,1971,0,20,AUG25,1965,i
6401015,"Steel Stephen, Daniel Alberto",DOM,M,,,,1904,0,20,AUG25,1959,i
6404766,"Suazo Dirocie, Juan Carlos",DOM,M,,,,1888,0,20,AUG25,1987,i
6400345,"Subervi, Jonathan Sigfredo",DOM,M,FM,,,1957,0,20,AUG25,1980,
6416373,"Suresa Camacho, Amauris",DOM,M,,,,1758,0,20,AUG25,1980,i
6417515,"Tapia Nunez, Edwin Jared",DOM,M,,,,1831,0,20,AUG25,1982,i
6432824,"Tatis Garcia, Manuel de Jesus",DOM,M,,,,1688,0,40,AUG25,2009,i
6430988,"Tavarez Castillo, Eric Abraham",DOM,M,,,,1601,0,20,AUG25,1995,i
6405509,"Tavarez Germoso, Aneury Antonio",DOM,M,,SI,,1904,0,20,AUG25,1983,
6413480,"Tavarez Jimenez, Leandro",DOM,M,,,,1846,0,20,AUG25,0,i
6401481,"Tavarez Rodriguez, Juan Tomas",DOM,M,,,,1882,0,20,AUG25,1957,i
6402658,"Tavarez Rodriguez, Malfio Joel",DOM,M,,,,2077,0,20,AUG25,1988,i
6429297,"Tavera Sanchez, Johan Gabriel",DOM,M,,,,1744,0,20,AUG25,2002,
6432565,Taveras Cruz Luis Emmanuel,DOM,M,,,,1698,0,40,AUG25,2007,i
6431828,"Taveras De Asis, Richard Antonio",DOM,M,,,,1708,0,20,AUG25,2002,
6400841,"Taveras Infante, Tirso Roldan",DOM,M,,,,1946,0,20,AUG25,1961,i
6419720,"Taveras Veras , Felix Miguel",DOM,M,,,,1776,0,20,AUG25,1989,i
6408770,"Tejada Reinoso, Eduard Rafael",DOM,M,,,,1972,0,20,AUG25,1990,
6420494,"Then Morillo, Aneury",DOM,M,,,,1802,0,20,AUG25,0,i
6410685,"Tiburcio Villar, Franklin Jonel",DOM,M,,,,1966,0,20,AUG25,2000,i
6411193,"Tiburcio Villar, Franky Samil",DOM,M,,,,1800,0,20,AUG25,2004,i
6410995,"Tiburcio, Franklin Eddy",DOM,M,,,,1875,0,20,AUG25,1969,i
6400280,"Tineo Bautista, Federico Antonio",DOM,M,,,,1985,0,20,AUG25,1968,
6416110,"Tineo Rodriguez, Brian Jeremiah",DOM,M,,,,2007,0,20,AUG25,2001,
6416870,"Tolentino Mercedes, Argenis Johan",DOM,M,,,,1900,0,20,AUG25,1984,i
6413030,"Torres Castro, Diomedes Cristino",DOM,M,,,,1946,0,20,AUG25,1955,
6409520,"Torres Corsino, Guillermo",DOM,M,,,,1780,0,20,AUG25,1957,
6433553,"Torres Rodriguez, Alejandro",DOM,M,,,,1745,0,40,AUG25,2012,
6430511,"Torres, Mario",DOM,M,,,,1879,0,20,AUG25,1984,
6401066,"Torres, Yelfry",DOM,M,,,,2165,0,20,AUG25,1987,
6436080,"Troshina, Elizaveta",DOM,M,,,,1771,0,40,AUG25,2008,i
6409229,"Urena Martinez, Pablo Antonio",DOM,M,,,,1914,0,20,AUG25,1965,
6415377,"Urena, Andoreny",DOM,M,,,,1903,0,20,AUG25,0,i
6415172,"Urraca, Gabriel",DOM,M,,,,1806,0,20,AUG25,1974,
6403018,"Uvina Caba, Franyely Enrique",DOM,M,,,,2037,0,20,AUG25,1991,
6431836,"Uvina Rodriguez, Carlos",DOM,M,,,,1693,0,20,AUG25,2003,i
6433790,"Valdez Cadena, Marcos Antonio",DOM,M,,,,1866,0,20,AUG25,1986,
6411002,"Valdez Cruz, Carlos Arturo",DOM,M,,,,1702,0,20,AUG25,1972,i
6427197,"Valdez Garcia, Domingo Jose",DOM,M,,,,1724,0,20,AUG25,1983,
6416128,"Valdez Soriano, Fidel Antonio",DOM,M,,,,1940,0,20,AUG25,1990,
6422829,"Valencia Gonzalez, Manuel Alejandro",DOM,M,,,,1769,0,20,AUG25,2002,i
6408796,"Valerio, Elvin Ramon",DOM,M,,,,AFM,1861,0,AUG25,0,i
6409369,"Valoy Castillo, Porfirio",DOM,M,,,,1957,0,20,AUG25,1970,i
6416411,"Vargas Dujarric, Francisco Noel",DOM,M,,,,1838,0,20,AUG25,1985,i
6432611,"Vargas Gomez, Dario",DOM,M,,,,1759,0,20,AUG25,1950,i
6401260,"Vargas Gomez, Hector Ramon",DOM,M,,,,1751,0,20,AUG25,1949,
6403034,"Vargas Gomez, Rafael Apolinar",DOM,M,,,,1808,0,20,AUG25,1947,i
6405789,"Vargas Luciano, Juan Francisco",DOM,M,,,,1873,0,20,AUG25,1965,i
6432581,Vargas Paul Joaquin,DOM,M,,,,1835,0,20,AUG25,2004,i
6438016,"Vargas Rodriguez, Christopher Manuel",DOM,M,,,,1582,0,20,AUG25,1998,
6422187,"Vargas Santos, Jorge",DOM,M,,,,1969,0,20,AUG25,1994,i
6408230,"Vargas Santos, Jorge Alberto",DOM,M,,,,1973,0,20,AUG25,1980,
6432166,"Vargas, Wandi Antonio",DOM,M,,,,1466,0,20,AUG25,1985,
6410367,"Vasquez Lorenzo, Carlos Alberto",DOM,M,,,,1858,0,20,AUG25,1997,i
6422977,"Vasquez Rosado, Nicolas",DOM,M,,,,1865,0,20,AUG25,1998,i
6438105,"Vasquez, Angel",DOM,M,,,,1717,0,40,AUG25,2008,
6438113,"Vasquez, Joseph",DOM,M,,,,1698,0,40,AUG25,2009,
6438121,"Vasquez, Noah",DOM,M,,,,1626,0,20,AUG25,2006,
6410375,"Vasquez, Sterling",DOM,M,,,,1941,0,20,AUG25,2000,i
6412025,"Vazquez, Jesus Agustin",DOM,M,,,,1793,0,20,AUG25,0,i
6400523,"Velez Espiritusantos, Brunildo Eugenio",DOM,M,FM,,,2032,0,20,AUG25,1956,i
6412815,"Velez, Enmanuel",DOM,M,,,,1758,0,20,AUG25,0,i
6438130,"Ventura Pichardo, German Jose",DOM,M,,,,1919,0,20,AUG25,1988,
6423094,"Ventura Rosario, Julio Esdeulin",DOM,M,,,,1963,0,20,AUG25,2000,
6416705,"Ventura Ruiz, Francisco Alberto",DOM,M,,,,1838,0,20,AUG25,1972,i
6401236,"Ventura Ruiz, Jonathan Leonardo",DOM,M,,,,1938,0,20,AUG25,1974,i
6416233,"Victoriano Delgado, Juan Bautista",DOM,M,,,,1807,0,20,AUG25,1960,i
6417531,"Victoriano, Niman",DOM,M,,,,1822,0,20,AUG25,1981,
6423337,"Villalobos Goncalves, Diego Jose",DOM,M,,,,1788,0,20,AUG25,1992,i
6409547,"Villalona Arias, Fidel Bienvenido",DOM,M,,,,2056,0,20,AUG25,1983,i
6436099,"Villaman Gonzalez, Pedro Alberto",DOM,M,,,,1636,0,20,AUG25,1984,i
6435807,"Villamil Gil, Luis Felipe",DOM,M,,,,1556,0,40,AUG25,2010,
6405053,"Villar Acevedo, Darlin Rocio",DOM,F,WCM,WCM,,1827,0,20,AUG25,1996,wi
6406408,"Villegas Encarnacion, Joel",DOM,M,,,,1813,0,20,AUG25,1982,i
6402674,"Viola Herrera, Victor Manuel",DOM,M,,,,1869,0,20,AUG25,0,
6419950,"Volquez Mejia, Ysrael Jose",DOM,M,,,,1824,0,20,AUG25,0,i
6409539,"Washington Martinez, Avalon Alfonso",DOM,M,,,,2088,0,20,AUG25,1990,
6425526,Wilquin Acevedo,DOM,M,,,,1854,0,20,AUG25,1998,i
6401635,"Yepez, Francisco",DOM,M,,,,2064,0,20,AUG25,1975,i
6427235,"Yesipov, Pavlo",DOM,M,,,,1797,0,20,AUG25,1987,
6429351,"Zacarias George, Gerlin Damian",DOM,M,,,,1657,0,20,AUG25,1989,i
6412882,"Zapata Robles, Jesus Elias",DOM,M,,,,1864,0,20,AUG25,1984,i
6409113,"Zorrilla Jimenez, Wilber Edwin",DOM,M,,,,2096,0,20,AUG25,1990,i
6420273,"Zorrilla Natera, Maicols",DOM,M,,,,1758,0,20,AUG25,1996,i
6434061,"Zorrilla Soto, Jose Alberto",DOM,M,,,,1681,0,20,AUG25,1998,i