[
  {
    "ID Number": "6702147",
    "Name": "Abarca, Xavier",
    "Fed": "ESA",
    "Sex": "M",
    "Title": "",
    "WTit": "",
    "OTit": "",
    "Rating": "1903",
    "Gms": "0",
    "K": "20",
    "RatingMonth": "AUG25",
    "B-day": "0",
    "Flag": "i"
  },
  {
    "ID Number": "6707106",
    "Name": "Agreda Camilo alejandro",
    "Fed": "ESA",
    "Sex": "M",
    "Title": "",
    "WTit": "",
    "OTit": "",
    "Rating": "1772",
    "Gms": "0",
    "K": "40",
    "RatingMonth": "AUG25",
    "B-day": "2007",
    "Flag": ""
  },
  {
    "ID Number": "6701949",
    "Name": "Alas, Rigoberto",
    "Fed": "ESA",
    "Sex": "M",
    "Title": "",
    "WTit": "",
    "OTit": "",
    "Rating": "1908",
    "Gms": "0",
    "K": "20",
    "RatingMonth": "AUG25",
    "B-day": "0",
    "Flag": "i"
  },
  {
    "ID Number": "6709656",
    "Name": "Alessandro Giuseppe Benavides Revelo",
    "Fed": "ESA",
    "Sex": "M",
    "Title": "",
    "WTit": "",
    "OTit": "",
    "Rating": "1561",
    "Gms": "0",
    "K": "40",
    "RatingMonth": "AUG25",
    "B-day": "2010",
    "Flag": "i"
  },
  {
    "ID Number": "6700276",
    "Name": "Alvarez, Carlos",
    "Fed": "ESA",
    "Sex": "M",
    "Title": "",
    "WTit": "",
    "OTit": "",
    "Rating": "2063",
    "Gms": "0",
    "K": "20",
    "RatingMonth": "AUG25",
    "B-day": "1977",
    "Flag": "i"
  },
  {
    "ID Number": "6707017",
    "Name": "Araujo Jose Eduardo",
    "Fed": "ESA",
    "Sex": "M",
    "Title": "",
    "WTit": "",
    "OTit": "",
    "Rating": "1855",
    "Gms": "0",
    "K": "20",
    "RatingMonth": "AUG25",
    "B-day": "1992",
    "Flag": "i"
  },
  {
    "ID Number": "6700845",
    "Name": "Argueta, Carlos",
    "Fed": "ESA",
    "Sex": "M",
    "Title": "",
    "WTit": "",
    "OTit": "",
    "Rating": "1999",
    "Gms": "0",
    "K": "20",
    "RatingMonth": "AUG25",
    "B-day": "1991",
    "Flag": "i"
  },
  {
    "ID Number": "6700640",
    "Name": "Arias, Daniel",
    "Fed": "ESA",
    "Sex": "M",
    "Title": "FM",
    "WTit": "",
    "OTit": "",
    "Rating": "2203",
    "Gms": "0",
    "K": "20",
    "RatingMonth": "AUG25",
    "B-day": "1997",
    "Flag": "i"
  },
  {
    "ID Number": "6700284",
    "Name": "Arias, Lemnys A.",
    "Fed": "ESA",
    "Sex": "M",
    "Title": "IM",
    "WTit": "",
    "OTit": "",
    "Rating": "2245",
    "Gms": "0",
    "K": "20",
    "RatingMonth": "AUG25",
    "B-day": "1978",
    "Flag": "i"
  },
  {
    "ID Number": "6705669",
    "Name": "Arriaza, Allison Charlize",
    "Fed": "ESA",
    "Sex": "F",
    "Title": "",
    "WTit": "",
    "OTit": "",
    "Rating": "1546",
    "Gms": "0",
    "K": "40",
    "RatingMonth": "AUG25",
    "B-day": "2007",
    "Flag": "w"
  },
  {
    "ID Number": "6707734",
    "Name": "Aviles Rafael",
    "Fed": "ESA",
    "Sex": "M",
    "Title": "",
    "WTit": "",
    "OTit": "",
    "Rating": "1687",
    "Gms": "0",
    "K": "40",
    "RatingMonth": "AUG25",
    "B-day": "2008",
    "Flag": "i"
  },
  {
    "ID Number": "6701906",
    "Name": "Aviles, Claudia Maria",
    "Fed": "ESA",
    "Sex": "F",
    "Title": "",
    "WTit": "",
    "OTit": "",
    "Rating": "1892",
    "Gms": "0",
    "K": "20",
    "RatingMonth": "AUG25",
    "B-day": "1994",
    "Flag": "wi"
  },
  {
    "ID Number": "6700225",
    "Name": "Ayala, Rolando",
    "Fed": "ESA",
    "Sex": "M",
    "Title": "CM",
    "WTit": "",
    "OTit": "",
    "Rating": "1989",
    "Gms": "0",
    "K": "20",
    "RatingMonth": "AUG25",
    "B-day": "1953",
    "Flag": "i"
  },
  {
    "ID Number": "6705570",
    "Name": "Baldelomar, Carlos Marcelo",
    "Fed": "ESA",
    "Sex": "M",
    "Title": "",
    "WTit": "",
    "OTit": "",
    "Rating": "1763",
    "Gms": "0",
    "K": "20",
    "RatingMonth": "AUG25",
    "B-day": "1985",
    "Flag": "i"
  },
  {
    "ID Number": "6705740",
    "Name": "Barahona, Dalila Yamileth",
    "Fed": "ESA",
    "Sex": "F",
    "Title": "WCM",
    "WTit": "WCM",
    "OTit": "",
    "Rating": "1822",
    "Gms": "0",
    "K": "40",
    "RatingMonth": "AUG25",
    "B-day": "2005",
    "Flag": "wi"
  },
  {
    "ID Number": "6700292",
    "Name": "Blanco, David E.",
    "Fed": "ESA",
    "Sex": "M",
    "Title": "",
    "WTit": "",
    "OTit": "",
    "Rating": "1990",
    "Gms": "0",
    "K": "20",
    "RatingMonth": "AUG25",
    "B-day": "1981",
    "Flag": "i"
  },
  {
    "ID Number": "6700837",
    "Name": "Blandon, Jaime",
    "Fed": "ESA",
    "Sex": "M",
    "Title": "",
    "WTit": "",
    "OTit": "",
    "Rating": "1948",
    "Gms": "0",
    "K": "20",
    "RatingMonth": "AUG25",
    "B-day": "1987",
    "Flag": "i"
  },
  {
    "ID Number": "6701639",
    "Name": "Bolanos, Jeremias",
    "Fed": "ESA",
    "Sex": "M",
    "Title": "",
    "WTit": "",
    "OTit": "",
    "Rating": "ACM",
    "Gms": "1540",
    "K": "0",
    "RatingMonth": "AUG25",
    "B-day": "0",
    "Flag": "i"
  },
  {
    "ID Number": "6700187",
    "Name": "Burgos Figueroa, Carlos E.",
    "Fed": "ESA",
    "Sex": "M",
    "Title": "IM",
    "WTit": "",
    "OTit": "",
    "Rating": "2278",
    "Gms": "0",
    "K": "20",
    "RatingMonth": "AUG25",
    "B-day": "1979",
    "Flag": "i"
  },
  {
    "ID Number": "6709796",
    "Name": "Calles, Johan",
    "Fed": "ESA",
    "Sex": "M",
    "Title": "",
    "WTit": "",
    "OTit": "",
    "Rating": "1482",
    "Gms": "0",
    "K": "40",
    "RatingMonth": "AUG25",
    "B-day": "2011",
    "Flag": "i"
  },
  {
    "ID Number": "6700527",
    "Name": "Castaneda, Ada",
    "Fed": "ESA",
    "Sex": "F",
    "Title": "WIM",
    "WTit": "WIM",
    "OTit": "",
    "Rating": "1996",
    "Gms": "0",
    "K": "20",
    "RatingMonth": "AUG25",
    "B-day": "1988",
    "Flag": "wi"
  },
  {
    "ID Number": "6710590",
    "Name": "Chavez Gomez, Miguel Angel",
    "Fed": "ESA",
    "Sex": "M",
    "Title": "",
    "WTit": "NA",
    "OTit": "",
    "Rating": "1709",
    "Gms": "0",
    "K": "40",
    "RatingMonth": "AUG25",
    "B-day": "1953",
    "Flag": "i"
  },
  {
    "ID Number": "6710603",
    "Name": "Chavez Hernandez, Miguel Angel",
    "Fed": "ESA",
    "Sex": "M",
    "Title": "",
    "WTit": "NA",
    "OTit": "",
    "Rating": "1571",
    "Gms": "0",
    "K": "40",
    "RatingMonth": "AUG25",
    "B-day": "1995",
    "Flag": "i"
  },
  {
    "ID Number": "6700870",
    "Name": "Chavez, Hector Antonio",
    "Fed": "ESA",
    "Sex": "M",
    "Title": "",
    "WTit": "",
    "OTit": "",
    "Rating": "ACM",
    "Gms": "1938",
    "K": "0",
    "RatingMonth": "AUG25",
    "B-day": "1956",
    "Flag": "i"
  },
  {
    "ID Number": "6700098",
    "Name": "Chavez, Ricardo Ernesto",
    "Fed": "ESA",
    "Sex": "M",
    "Title": "FM",
    "WTit": "",
    "OTit": "",
    "Rating": "2232",
    "Gms": "0",
    "K": "20",
    "RatingMonth": "AUG25",
    "B-day": "1982",
    "Flag": "i"
  },
  {
    "ID Number": "6709516",
    "Name": "Cisneros Gamez, Carlos Alexis",
    "Fed": "ESA",
    "Sex": "M",
    "Title": "",
    "WTit": "",
    "OTit": "",
    "Rating": "1832",
    "Gms": "0",
    "K": "40",
    "RatingMonth": "AUG25",
    "B-day": "2000",
    "Flag": "i"
  },
  {
    "ID Number": "6702821",
    "Name": "Contreras, Benjamin",
    "Fed": "ESA",
    "Sex": "M",
    "Title": "",
    "WTit": "",
    "OTit": "",
    "Rating": "1863",
    "Gms": "0",
    "K": "20",
    "RatingMonth": "AUG25",
    "B-day": "0",
    "Flag": "i"
  },
  {
    "ID Number": "6710760",
    "Name": "Cordova Montano, Jose Elias",
    "Fed": "ESA",
    "Sex": "M",
    "Title": "",
    "WTit": "",
    "OTit": "",
    "Rating": "1596",
    "Gms": "0",
    "K": "40",
    "RatingMonth": "AUG25",
    "B-day": "2003",
    "Flag": "i"
  },
  {
    "ID Number": "6700977",
    "Name": "Coreas, Guillermo",
    "Fed": "ESA",
    "Sex": "M",
    "Title": "",
    "WTit": "",
    "OTit": "",
    "Rating": "1969",
    "Gms": "0",
    "K": "20",
    "RatingMonth": "AUG25",
    "B-day": "1988",
    "Flag": "i"
  },
  {
    "ID Number": "6703232",
    "Name": "Cornejo, Milton",
    "Fed": "ESA",
    "Sex": "M",
    "Title": "",
    "WTit": "",
    "OTit": "",
    "Rating": "1773",
    "Gms": "0",
    "K": "20",
    "RatingMonth": "AUG25",
    "B-day": "0",
    "Flag": "i"
  },
  {
    "ID Number": "6710158",
    "Name": "Cruz Galvez, America Julissa",
    "Fed": "ESA",
    "Sex": "F",
    "Title": "",
    "WTit": "",
    "OTit": "",
    "Rating": "1558",
    "Gms": "0",
    "K": "40",
    "RatingMonth": "AUG25",
    "B-day": "2008",
    "Flag": "w"
  },
  {
    "ID Number": "6703259",
    "Name": "De Leon, Gabriel",
    "Fed": "ESA",
    "Sex": "M",
    "Title": "",
    "WTit": "",
    "OTit": "",
    "Rating": "1861",
    "Gms": "0",
    "K": "20",
    "RatingMonth": "AUG25",
    "B-day": "0",
    "Flag": "i"
  },
  {
    "ID Number": "6703127",
    "Name": "De Leon, Stephanie",
    "Fed": "ESA",
    "Sex": "F",
    "Title": "WCM",
    "WTit": "WCM",
    "OTit": "",
    "Rating": "1786",
    "Gms": "0",
    "K": "20",
    "RatingMonth": "AUG25",
    "B-day": "2000",
    "Flag": "wi"
  },
  {
    "ID Number": "6700683",
    "Name": "Duarte, Juan",
    "Fed": "ESA",
    "Sex": "M",
    "Title": "",
    "WTit": "",
    "OTit": "",
    "Rating": "AIM",
    "Gms": "1972",
    "K": "0",
    "RatingMonth": "AUG25",
    "B-day": "1979",
    "Flag": "i"
  },
  {
    "ID Number": "6707530",
    "Name": "Dubon Mario Andre",
    "Fed": "ESA",
    "Sex": "M",
    "Title": "",
    "WTit": "",
    "OTit": "",
    "Rating": "1648",
    "Gms": "0",
    "K": "40",
    "RatingMonth": "AUG25",
    "B-day": "2006",
    "Flag": "i"
  },
  {
    "ID Number": "6708854",
    "Name": "Fang Juan",
    "Fed": "ESA",
    "Sex": "M",
    "Title": "",
    "WTit": "",
    "OTit": "",
    "Rating": "1522",
    "Gms": "0",
    "K": "40",
    "RatingMonth": "AUG25",
    "B-day": "2010",
    "Flag": "i"
  },
  {
    "ID Number": "6707009",
    "Name": "Fernandez Denis",
    "Fed": "ESA",
    "Sex": "M",
    "Title": "",
    "WTit": "",
    "OTit": "",
    "Rating": "1766",
    "Gms": "0",
    "K": "20",
    "RatingMonth": "AUG25",
    "B-day": "2001",
    "Flag": "i"
  },
  {
    "ID Number": "6709745",
    "Name": "Figueroa, Americo",
    "Fed": "ESA",
    "Sex": "M",
    "Title": "",
    "WTit": "",
    "OTit": "",
    "Rating": "1626",
    "Gms": "0",
    "K": "40",
    "RatingMonth": "AUG25",
    "B-day": "1973",
    "Flag": "i"
  },
  {
    "ID Number": "6705227",
    "Name": "Flores, Carlos Mario",
    "Fed": "ESA",
    "Sex": "M",
    "Title": "",
    "WTit": "",
    "OTit": "",
    "Rating": "1810",
    "Gms": "0",
    "K": "40",
    "RatingMonth": "AUG25",
    "B-day": "0",
    "Flag": "i"
  },
  {
    "ID Number": "6703275",
    "Name": "Garay, Nelson",
    "Fed": "ESA",
    "Sex": "M",
    "Title": "",
    "WTit": "",
    "OTit": "",
    "Rating": "1736",
    "Gms": "0",
    "K": "20",
    "RatingMonth": "AUG25",
    "B-day": "0",
    "Flag": "i"
  },
  {
    "ID Number": "6702945",
    "Name": "Garcia Mendez, Alcira Guadalupe",
    "Fed": "ESA",
    "Sex": "F",
    "Title": "WCM",
    "WTit": "WCM",
    "OTit": "",
    "Rating": "1864",
    "Gms": "0",
    "K": "20",
    "RatingMonth": "AUG25",
    "B-day": "1998",
    "Flag": "wi"
  },
  {
    "ID Number": "6702503",
    "Name": "Garcia, Angie",
    "Fed": "ESA",
    "Sex": "F",
    "Title": "WIM",
    "WTit": "WIM",
    "OTit": "",
    "Rating": "1935",
    "Gms": "0",
    "K": "20",
    "RatingMonth": "AUG25",
    "B-day": "2002",
    "Flag": "wi"
  },
  {
    "ID Number": "6709141",
    "Name": "Garcia, Luis",
    "Fed": "ESA",
    "Sex": "M",
    "Title": "",
    "WTit": "",
    "OTit": "",
    "Rating": "1819",
    "Gms": "0",
    "K": "40",
    "RatingMonth": "AUG25",
    "B-day": "1962",
    "Flag": "i"
  },
  {
    "ID Number": "6702309",
    "Name": "Giron, Jorge Ernesto",
    "Fed": "ESA",
    "Sex": "M",
    "Title": "IM",
    "WTit": "",
    "OTit": "",
    "Rating": "2276",
    "Gms": "0",
    "K": "20",
    "RatingMonth": "AUG25",
    "B-day": "1997",
    "Flag": "i"
  },
  {
    "ID Number": "6701817",
    "Name": "Godoy, Erick David",
    "Fed": "ESA",
    "Sex": "M",
    "Title": "",
    "WTit": "",
    "OTit": "",
    "Rating": "1897",
    "Gms": "0",
    "K": "20",
    "RatingMonth": "AUG25",
    "B-day": "1991",
    "Flag": "i"
  },
  {
    "ID Number": "6700608",
    "Name": "Gonzalez, Americo",
    "Fed": "ESA",
    "Sex": "M",
    "Title": "",
    "WTit": "",
    "OTit": "",
    "Rating": "2065",
    "Gms": "0",
    "K": "20",
    "RatingMonth": "AUG25",
    "B-day": "0",
    "Flag": "i"
  },
  {
    "ID Number": "6710670",
    "Name": "Grande, Melissa Abigail",
    "Fed": "ESA",
    "Sex": "F",
    "Title": "",
    "WTit": "",
    "OTit": "",
    "Rating": "1560",
    "Gms": "0",
    "K": "40",
    "RatingMonth": "AUG25",
    "B-day": "2009",
    "Flag": "w"
  },
  {
    "ID Number": "6703062",
    "Name": "Guardado Flores, Diana Beatriz",
    "Fed": "ESA",
    "Sex": "F",
    "Title": "",
    "WTit": "NA",
    "OTit": "",
    "Rating": "1782",
    "Gms": "0",
    "K": "20",
    "RatingMonth": "AUG25",
    "B-day": "1998",
    "Flag": "wi"
  },
  {
    "ID Number": "6708889",
    "Name": "Guevara Ruiz, Marvin Andres",
    "Fed": "ESA",
    "Sex": "M",
    "Title": "CM",
    "WTit": "",
    "OTit": "",
    "Rating": "1759",
    "Gms": "0",
    "K": "40",
    "RatingMonth": "AUG25",
    "B-day": "2009",
    "Flag": ""
  },
  {
    "ID Number": "6708870",
    "Name": "Guevara Ruiz, Santiago Jose",
    "Fed": "ESA",
    "Sex": "M",
    "Title": "FM",
    "WTit": "",
    "OTit": "",
    "Rating": "1988",
    "Gms": "0",
    "K": "40",
    "RatingMonth": "AUG25",
    "B-day": "2013",
    "Flag": "i"
  },
  {
    "ID Number": "6700136",
    "Name": "Guevara Sanchez, Erick Marvin",
    "Fed": "ESA",
    "Sex": "M",
    "Title": "FM",
    "WTit": "",
    "OTit": "",
    "Rating": "2005",
    "Gms": "0",
    "K": "20",
    "RatingMonth": "AUG25",
    "B-day": "1980",
    "Flag": "i"
  },
  {
    "ID Number": "6703321",
    "Name": "Guevara, Eduardo",
    "Fed": "ESA",
    "Sex": "M",
    "Title": "",
    "WTit": "",
    "OTit": "",
    "Rating": "1685",
    "Gms": "0",
    "K": "20",
    "RatingMonth": "AUG25",
    "B-day": "0",
    "Flag": "i"
  },
  {
    "ID Number": "6703666",
    "Name": "Guzman, Francisco",
    "Fed": "ESA",
    "Sex": "M",
    "Title": "",
    "WTit": "",
    "OTit": "",
    "Rating": "1967",
    "Gms": "0",
    "K": "20",
    "RatingMonth": "AUG25",
    "B-day": "0",
    "Flag": "i"
  },
  {
    "ID Number": "6706460",
    "Name": "Hernandez Sofia",
    "Fed": "ESA",
    "Sex": "F",
    "Title": "WCM",
    "WTit": "WCM",
    "OTit": "",
    "Rating": "1718",
    "Gms": "0",
    "K": "40",
    "RatingMonth": "AUG25",
    "B-day": "2008",
    "Flag": "wi"
  },
  {
    "ID Number": "6700080",
    "Name": "Hernandez, Bera",
    "Fed": "ESA",
    "Sex": "F",
    "Title": "WCM",
    "WTit": "WCM",
    "OTit": "",
    "Rating": "1906",
    "Gms": "0",
    "K": "20",
    "RatingMonth": "AUG25",
    "B-day": "1992",
    "Flag": "wi"
  },
  {
    "ID Number": "6701159",
    "Name": "Hernandez, Diego",
    "Fed": "ESA",
    "Sex": "M",
    "Title": "FM",
    "WTit": "",
    "OTit": "",
    "Rating": "1943",
    "Gms": "0",
    "K": "20",
    "RatingMonth": "AUG25",
    "B-day": "1998",
    "Flag": "i"
  },
  {
    "ID Number": "6701175",
    "Name": "Hernandez, Jose M.",
    "Fed": "ESA",
    "Sex": "M",
    "Title": "",
    "WTit": "",
    "OTit": "",
    "Rating": "1744",
    "Gms": "0",
    "K": "20",
    "RatingMonth": "AUG25",
    "B-day": "1960",
    "Flag": "i"
  },
  {
    "ID Number": "6701183",
    "Name": "Hernandez, Mauricio Daniel",
    "Fed": "ESA",
    "Sex": "M",
    "Title": "CM",
    "WTit": "",
    "OTit": "",
    "Rating": "1972",
    "Gms": "0",
    "K": "20",
    "RatingMonth": "AUG25",
    "B-day": "1996",
    "Flag": "i"
  },
  {
    "ID Number": "6709281",
    "Name": "Hernandez, Rocio Guadalupe",
    "Fed": "ESA",
    "Sex": "F",
    "Title": "",
    "WTit": "",
    "OTit": "",
    "Rating": "1443",
    "Gms": "0",
    "K": "40",
    "RatingMonth": "AUG25",
    "B-day": "2010",
    "Flag": "wi"
  },
  {
    "ID Number": "6704743",
    "Name": "Herrera, Marjorie",
    "Fed": "ESA",
    "Sex": "F",
    "Title": "WCM",
    "WTit": "WCM",
    "OTit": "",
    "Rating": "1778",
    "Gms": "0",
    "K": "20",
    "RatingMonth": "AUG25",
    "B-day": "2001",
    "Flag": "wi"
  },
  {
    "ID Number": "6707556",
    "Name": "Ibarra Alex",
    "Fed": "ESA",
    "Sex": "M",
    "Title": "",
    "WTit": "",
    "OTit": "",
    "Rating": "1823",
    "Gms": "0",
    "K": "40",
    "RatingMonth": "AUG25",
    "B-day": "2007",
    "Flag": ""
  },
  {
    "ID Number": "6707173",
    "Name": "Ibarra Carlos Roberto",
    "Fed": "ESA",
    "Sex": "M",
    "Title": "FM",
    "WTit": "",
    "OTit": "",
    "Rating": "2015",
    "Gms": "0",
    "K": "40",
    "RatingMonth": "AUG25",
    "B-day": "2009",
    "Flag": ""
  },
  {
    "ID Number": "6700144",
    "Name": "Infante, Salvador",
    "Fed": "ESA",
    "Sex": "M",
    "Title": "FM",
    "WTit": "",
    "OTit": "",
    "Rating": "2189",
    "Gms": "0",
    "K": "20",
    "RatingMonth": "AUG25",
    "B-day": "1951",
    "Flag": "i"
  },
  {
    "ID Number": "6700560",
    "Name": "Leiva, Marlon",
    "Fed": "ESA",
    "Sex": "M",
    "Title": "",
    "WTit": "",
    "OTit": "",
    "Rating": "1916",
    "Gms": "0",
    "K": "20",
    "RatingMonth": "AUG25",
    "B-day": "1987",
    "Flag": "i"
  },
  {
    "ID Number": "6701248",
    "Name": "Manzur, Salvador",
    "Fed": "ESA",
    "Sex": "M",
    "Title": "",
    "WTit": "",
    "OTit": "",
    "Rating": "1983",
    "Gms": "0",
    "K": "40",
    "RatingMonth": "AUG25",
    "B-day": "1967",
    "Flag": "i"
  },
  {
    "ID Number": "6709460",
    "Name": "Martell Arias, Saul Enrique",
    "Fed": "ESA",
    "Sex": "M",
    "Title": "",
    "WTit": "",
    "OTit": "",
    "Rating": "1658",
    "Gms": "0",
    "K": "20",
    "RatingMonth": "AUG25",
    "B-day": "2001",
    "Flag": "i"
  },
  {
    "ID Number": "6704786",
    "Name": "Martinez, Gerson",
    "Fed": "ESA",
    "Sex": "M",
    "Title": "",
    "WTit": "",
    "OTit": "",
    "Rating": "1861",
    "Gms": "0",
    "K": "20",
    "RatingMonth": "AUG25",
    "B-day": "0",
    "Flag": "i"
  },
  {
    "ID Number": "6703372",
    "Name": "Martinez, Josue",
    "Fed": "ESA",
    "Sex": "M",
    "Title": "",
    "WTit": "",
    "OTit": "",
    "Rating": "1661",
    "Gms": "0",
    "K": "20",
    "RatingMonth": "AUG25",
    "B-day": "0",
    "Flag": ""
  },
  {
    "ID Number": "6700691",
    "Name": "Martinez, Luis Gerardo",
    "Fed": "ESA",
    "Sex": "M",
    "Title": "",
    "WTit": "",
    "OTit": "",
    "Rating": "1963",
    "Gms": "0",
    "K": "20",
    "RatingMonth": "AUG25",
    "B-day": "1993",
    "Flag": "i"
  },
  {
    "ID Number": "6700420",
    "Name": "Martinez, Nelson",
    "Fed": "ESA",
    "Sex": "M",
    "Title": "FM",
    "WTit": "",
    "OTit": "",
    "Rating": "2099",
    "Gms": "0",
    "K": "20",
    "RatingMonth": "AUG25",
    "B-day": "1985",
    "Flag": "i"
  },
  {
    "ID Number": "6703380",
    "Name": "Medrano, Camilo",
    "Fed": "ESA",
    "Sex": "M",
    "Title": "",
    "WTit": "",
    "OTit": "",
    "Rating": "1891",
    "Gms": "0",
    "K": "20",
    "RatingMonth": "AUG25",
    "B-day": "2004",
    "Flag": "i"
  },
  {
    "ID Number": "6703402",
    "Name": "Medrano, Daniel",
    "Fed": "ESA",
    "Sex": "M",
    "Title": "",
    "WTit": "",
    "OTit": "",
    "Rating": "1784",
    "Gms": "0",
    "K": "20",
    "RatingMonth": "AUG25",
    "B-day": "2002",
    "Flag": "i"
  },
  {
    "ID Number": "6701256",
    "Name": "Mejia, Guiseped",
    "Fed": "ESA",
    "Sex": "M",
    "Title": "",
    "WTit": "",
    "OTit": "",
    "Rating": "1980",
    "Gms": "0",
    "K": "20",
    "RatingMonth": "AUG25",
    "B-day": "1992",
    "Flag": "i"
  },
  {
    "ID Number": "6701264",
    "Name": "Mejia, Lucio",
    "Fed": "ESA",
    "Sex": "M",
    "Title": "",
    "WTit": "NA",
    "OTit": "",
    "Rating": "1909",
    "Gms": "0",
    "K": "20",
    "RatingMonth": "AUG25",
    "B-day": "1993",
    "Flag": "i"
  },
  {
    "ID Number": "6703917",
    "Name": "Melara, Moises",
    "Fed": "ESA",
    "Sex": "M",
    "Title": "FM",
    "WTit": "",
    "OTit": "",
    "Rating": "1987",
    "Gms": "0",
    "K": "20",
    "RatingMonth": "AUG25",
    "B-day": "2001",
    "Flag": "i"
  },
  {
    "ID Number": "6709508",
    "Name": "Melendez Cruz, Jose Roberto",
    "Fed": "ESA",
    "Sex": "M",
    "Title": "",
    "WTit": "",
    "OTit": "",
    "Rating": "1708",
    "Gms": "0",
    "K": "40",
    "RatingMonth": "AUG25",
    "B-day": "2007",
    "Flag": ""
  },
  {
    "ID Number": "6706819",
    "Name": "Melendez Jose Armando",
    "Fed": "ESA",
    "Sex": "M",
    "Title": "",
    "WTit": "",
    "OTit": "",
    "Rating": "1651",
    "Gms": "0",
    "K": "40",
    "RatingMonth": "AUG25",
    "B-day": "1998",
    "Flag": "i"
  },
  {
    "ID Number": "6706800",
    "Name": "Melendez Manuel A.",
    "Fed": "ESA",
    "Sex": "M",
    "Title": "FM",
    "WTit": "",
    "OTit": "",
    "Rating": "2071",
    "Gms": "0",
    "K": "40",
    "RatingMonth": "AUG25",
    "B-day": "2005",
    "Flag": "i"
  },
  {
    "ID Number": "6701710",
    "Name": "Melendez, Jose Edo.",
    "Fed": "ESA",
    "Sex": "M",
    "Title": "",
    "WTit": "",
    "OTit": "",
    "Rating": "1843",
    "Gms": "0",
    "K": "20",
    "RatingMonth": "AUG25",
    "B-day": "0",
    "Flag": "i"
  },
  {
    "ID Number": "6705405",
    "Name": "Mendez, Alan Steven",
    "Fed": "ESA",
    "Sex": "M",
    "Title": "",
    "WTit": "",
    "OTit": "",
    "Rating": "1915",
    "Gms": "0",
    "K": "20",
    "RatingMonth": "AUG25",
    "B-day": "0",
    "Flag": "i"
  },
  {
    "ID Number": "6700632",
    "Name": "Mendez, Marlon",
    "Fed": "ESA",
    "Sex": "M",
    "Title": "",
    "WTit": "",
    "OTit": "",
    "Rating": "1980",
    "Gms": "0",
    "K": "20",
    "RatingMonth": "AUG25",
    "B-day": "1989",
    "Flag": "i"
  },
  {
    "ID Number": "6710182",
    "Name": "Mendoza, Emma Lily",
    "Fed": "ESA",
    "Sex": "F",
    "Title": "",
    "WTit": "",
    "OTit": "",
    "Rating": "1409",
    "Gms": "0",
    "K": "40",
    "RatingMonth": "AUG25",
    "B-day": "2009",
    "Flag": "wi"
  },
  {
    "ID Number": "6703453",
    "Name": "Monge, Rafael",
    "Fed": "ESA",
    "Sex": "M",
    "Title": "",
    "WTit": "",
    "OTit": "",
    "Rating": "AIM",
    "Gms": "1717",
    "K": "0",
    "RatingMonth": "AUG25",
    "B-day": "1982",
    "Flag": "i"
  },
  {
    "ID Number": "6701337",
    "Name": "Montenegro, Joaquin",
    "Fed": "ESA",
    "Sex": "M",
    "Title": "",
    "WTit": "",
    "OTit": "",
    "Rating": "1817",
    "Gms": "0",
    "K": "20",
    "RatingMonth": "AUG25",
    "B-day": "1947",
    "Flag": "i"
  },
  {
    "ID Number": "6710581",
    "Name": "Montoya Saravia, Edwin Andres",
    "Fed": "ESA",
    "Sex": "M",
    "Title": "",
    "WTit": "",
    "OTit": "",
    "Rating": "1532",
    "Gms": "0",
    "K": "40",
    "RatingMonth": "AUG25",
    "B-day": "2011",
    "Flag": "i"
  },
  {
    "ID Number": "6706754",
    "Name": "Morales Carlos",
    "Fed": "ESA",
    "Sex": "M",
    "Title": "FM",
    "WTit": "",
    "OTit": "",
    "Rating": "2127",
    "Gms": "0",
    "K": "20",
    "RatingMonth": "AUG25",
    "B-day": "2001",
    "Flag": "i"
  },
  {
    "ID Number": "6707920",
    "Name": "Moreno Guillermo",
    "Fed": "ESA",
    "Sex": "M",
    "Title": "",
    "WTit": "",
    "OTit": "",
    "Rating": "1748",
    "Gms": "0",
    "K": "20",
    "RatingMonth": "AUG25",
    "B-day": "2002",
    "Flag": "i"
  },
  {
    "ID Number": "6703500",
    "Name": "Navarrete, Guillermo",
    "Fed": "ESA",
    "Sex": "M",
    "Title": "",
    "WTit": "",
    "OTit": "",
    "Rating": "1816",
    "Gms": "0",
    "K": "20",
    "RatingMonth": "AUG25",
    "B-day": "0",
    "Flag": "i"
  },
  {
    "ID Number": "6702392",
    "Name": "Ortez, Andrea",
    "Fed": "ESA",
    "Sex": "F",
    "Title": "WIM",
    "WTit": "WIM",
    "OTit": "",
    "Rating": "1926",
    "Gms": "0",
    "K": "20",
    "RatingMonth": "AUG25",
    "B-day": "2001",
    "Flag": "wi"
  },
  {
    "ID Number": "6703135",
    "Name": "Palacios, Celina",
    "Fed": "ESA",
    "Sex": "F",
    "Title": "WFM",
    "WTit": "WFM",
    "OTit": "NA",
    "Rating": "1841",
    "Gms": "0",
    "K": "20",
    "RatingMonth": "AUG25",
    "B-day": "1999",
    "Flag": "wi"
  },
  {
    "ID Number": "6707505",
    "Name": "Perez Francisco",
    "Fed": "ESA",
    "Sex": "M",
    "Title": "",
    "WTit": "",
    "OTit": "",
    "Rating": "1767",
    "Gms": "0",
    "K": "20",
    "RatingMonth": "AUG25",
    "B-day": "2002",
    "Flag": "i"
  },
  {
    "ID Number": "6707912",
    "Name": "Perez Nayeli",
    "Fed": "ESA",
    "Sex": "F",
    "Title": "",
    "WTit": "",
    "OTit": "",
    "Rating": "1599",
    "Gms": "0",
    "K": "20",
    "RatingMonth": "AUG25",
    "B-day": "2001",
    "Flag": "wi"
  },
  {
    "ID Number": "6709052",
    "Name": "Perez, Alexia",
    "Fed": "ESA",
    "Sex": "F",
    "Title": "",
    "WTit": "",
    "OTit": "",
    "Rating": "1533",
    "Gms": "0",
    "K": "40",
    "RatingMonth": "AUG25",
    "B-day": "2006",
    "Flag": "wi"
  },
  {
    "ID Number": "6703690",
    "Name": "Pinto, Alejandro",
    "Fed": "ESA",
    "Sex": "M",
    "Title": "",
    "WTit": "",
    "OTit": "",
    "Rating": "1831",
    "Gms": "0",
    "K": "20",
    "RatingMonth": "AUG25",
    "B-day": "0",
    "Flag": "i"
  },
  {
    "ID Number": "6701434",
    "Name": "Ramirez, Jorge",
    "Fed": "ESA",
    "Sex": "M",
    "Title": "FM",
    "WTit": "",
    "OTit": "",
    "Rating": "2110",
    "Gms": "0",
    "K": "20",
    "RatingMonth": "AUG25",
    "B-day": "1987",
    "Flag": "i"
  },
  {
    "ID Number": "6702023",
    "Name": "Recinos, Jonathan",
    "Fed": "ESA",
    "Sex": "M",
    "Title": "",
    "WTit": "",
    "OTit": "",
    "Rating": "1891",
    "Gms": "0",
    "K": "20",
    "RatingMonth": "AUG25",
    "B-day": "0",
    "Flag": "i"
  },
  {
    "ID Number": "6709486",
    "Name": "Ricardo Enrique Morales Tejada",
    "Fed": "ESA",
    "Sex": "M",
    "Title": "",
    "WTit": "",
    "OTit": "",
    "Rating": "1637",
    "Gms": "0",
    "K": "40",
    "RatingMonth": "AUG25",
    "B-day": "1978",
    "Flag": "i"
  },
  {
    "ID Number": "6702139",
    "Name": "Rios, Carlos",
    "Fed": "ESA",
    "Sex": "M",
    "Title": "",
    "WTit": "",
    "OTit": "",
    "Rating": "1992",
    "Gms": "0",
    "K": "20",
    "RatingMonth": "AUG25",
    "B-day": "0",
    "Flag": "i"
  },
  {
    "ID Number": "6703534",
    "Name": "Rivas, Rigoberto",
    "Fed": "ESA",
    "Sex": "M",
    "Title": "",
    "WTit": "",
    "OTit": "",
    "Rating": "1811",
    "Gms": "0",
    "K": "20",
    "RatingMonth": "AUG25",
    "B-day": "0",
    "Flag": "i"
  },
  {
    "ID Number": "6701892",
    "Name": "Rodriguez, Cristian A.",
    "Fed": "ESA",
    "Sex": "M",
    "Title": "",
    "WTit": "",
    "OTit": "",
    "Rating": "1921",
    "Gms": "0",
    "K": "20",
    "RatingMonth": "AUG25",
    "B-day": "1994",
    "Flag": "i"
  },
  {
    "ID Number": "6702430",
    "Name": "Romero, Armando Gaitan",
    "Fed": "ESA",
    "Sex": "M",
    "Title": "",
    "WTit": "",
    "OTit": "",
    "Rating": "1772",
    "Gms": "0",
    "K": "20",
    "RatingMonth": "AUG25",
    "B-day": "0",
    "Flag": "i"
  },
  {
    "ID Number": "6704913",
    "Name": "Ruballo, Jose",
    "Fed": "ESA",
    "Sex": "M",
    "Title": "",
    "WTit": "",
    "OTit": "",
    "Rating": "1824",
    "Gms": "0",
    "K": "20",
    "RatingMonth": "AUG25",
    "B-day": "0",
    "Flag": "i"
  },
  {
    "ID Number": "6705391",
    "Name": "Ruiz Caceres, German",
    "Fed": "ESA",
    "Sex": "M",
    "Title": "",
    "WTit": "",
    "OTit": "",
    "Rating": "1730",
    "Gms": "0",
    "K": "20",
    "RatingMonth": "AUG25",
    "B-day": "1948",
    "Flag": "i"
  },
  {
    "ID Number": "6706509",
    "Name": "Salazar David",
    "Fed": "ESA",
    "Sex": "M",
    "Title": "",
    "WTit": "",
    "OTit": "",
    "Rating": "1654",
    "Gms": "0",
    "K": "20",
    "RatingMonth": "AUG25",
    "B-day": "2000",
    "Flag": "i"
  },
  {
    "ID Number": "6701493",
    "Name": "Sanchez, David",
    "Fed": "ESA",
    "Sex": "M",
    "Title": "",
    "WTit": "",
    "OTit": "",
    "Rating": "1908",
    "Gms": "0",
    "K": "20",
    "RatingMonth": "AUG25",
    "B-day": "1997",
    "Flag": "i"
  },
  {
    "ID Number": "6700217",
    "Name": "Sanchez, Ingrid",
    "Fed": "ESA",
    "Sex": "F",
    "Title": "WFM",
    "WTit": "WFM",
    "OTit": "",
    "Rating": "2019",
    "Gms": "0",
    "K": "20",
    "RatingMonth": "AUG25",
    "B-day": "1991",
    "Flag": "wi"
  },
  {
    "ID Number": "6701507",
    "Name": "Sanchez, Jose",
    "Fed": "ESA",
    "Sex": "M",
    "Title": "",
    "WTit": "",
    "OTit": "",
    "Rating": "1929",
    "Gms": "0",
    "K": "20",
    "RatingMonth": "AUG25",
    "B-day": "1992",
    "Flag": "i"
  },
  {
    "ID Number": "6700349",
    "Name": "Sandoval, Mario",
    "Fed": "ESA",
    "Sex": "M",
    "Title": "",
    "WTit": "",
    "OTit": "",
    "Rating": "1889",
    "Gms": "0",
    "K": "20",
    "RatingMonth": "AUG25",
    "B-day": "1950",
    "Flag": "i"
  },
  {
    "ID Number": "6702970",
    "Name": "Santos Reyes, Rodrigo",
    "Fed": "ESA",
    "Sex": "M",
    "Title": "",
    "WTit": "",
    "OTit": "",
    "Rating": "1773",
    "Gms": "0",
    "K": "20",
    "RatingMonth": "AUG25",
    "B-day": "1976",
    "Flag": ""
  },
  {
    "ID Number": "6700497",
    "Name": "Tobar, Jorge",
    "Fed": "ESA",
    "Sex": "M",
    "Title": "",
    "WTit": "",
    "OTit": "",
    "Rating": "2055",
    "Gms": "0",
    "K": "20",
    "RatingMonth": "AUG25",
    "B-day": "1963",
    "Flag": "i"
  },
  {
    "ID Number": "6701531",
    "Name": "Torres, Vicente",
    "Fed": "ESA",
    "Sex": "M",
    "Title": "",
    "WTit": "",
    "OTit": "",
    "Rating": "1815",
    "Gms": "0",
    "K": "20",
    "RatingMonth": "AUG25",
    "B-day": "1953",
    "Flag": "i"
  },
  {
    "ID Number": "6709478",
    "Name": "Valdez Hernandez, Francisco Eliseo",
    "Fed": "ESA",
    "Sex": "M",
    "Title": "",
    "WTit": "NA",
    "OTit": "",
    "Rating": "1663",
    "Gms": "0",
    "K": "40",
    "RatingMonth": "AUG25",
    "B-day": "2005",
    "Flag": "i"
  },
  {
    "ID Number": "6703780",
    "Name": "Valencia, Oscar",
    "Fed": "ESA",
    "Sex": "M",
    "Title": "",
    "WTit": "",
    "OTit": "",
    "Rating": "1858",
    "Gms": "0",
    "K": "20",
    "RatingMonth": "AUG25",
    "B-day": "0",
    "Flag": "i"
  },
  {
    "ID Number": "6710530",
    "Name": "Vaquerano Lazo, Jose Daniel",
    "Fed": "ESA",
    "Sex": "M",
    "Title": "",
    "WTit": "",
    "OTit": "",
    "Rating": "1713",
    "Gms": "0",
    "K": "40",
    "RatingMonth": "AUG25",
    "B-day": "1980",
    "Flag": "i"
  },
  {
    "ID Number": "6705723",
    "Name": "Vasquez Vasquez, Marielos",
    "Fed": "ESA",
    "Sex": "F",
    "Title": "WCM",
    "WTit": "WCM",
    "OTit": "",
    "Rating": "1884",
    "Gms": "0",
    "K": "40",
    "RatingMonth": "AUG25",
    "B-day": "2007",
    "Flag": "w"
  },
  {
    "ID Number": "6700438",
    "Name": "Vasquez, Marlon David",
    "Fed": "ESA",
    "Sex": "M",
    "Title": "CM",
    "WTit": "FT",
    "OTit": "",
    "Rating": "2003",
    "Gms": "0",
    "K": "20",
    "RatingMonth": "AUG25",
    "B-day": "1958",
    "Flag": "i"
  },
  {
    "ID Number": "6710859",
    "Name": "Vasquez, Sergio",
    "Fed": "ESA",
    "Sex": "M",
    "Title": "",
    "WTit": "",
    "OTit": "",
    "Rating": "1614",
    "Gms": "0",
    "K": "40",
    "RatingMonth": "AUG25",
    "B-day": "1990",
    "Flag": "i"
  },
  {
    "ID Number": "6700110",
    "Name": "Velasquez, Oscar",
    "Fed": "ESA",
    "Sex": "M",
    "Title": "",
    "WTit": "",
    "OTit": "",
    "Rating": "2058",
    "Gms": "0",
    "K": "20",
    "RatingMonth": "AUG25",
    "B-day": "1955",
    "Flag": "i"
  },
  {
    "ID Number": "6709613",
    "Name": "Zabdiel Neftaly Torres Perez",
    "Fed": "ESA",
    "Sex": "M",
    "Title": "",
    "WTit": "",
    "OTit": "",
    "Rating": "1727",
    "Gms": "0",
    "K": "20",
    "RatingMonth": "AUG25",
    "B-day": "2005",
    "Flag": "i"
  },
  {
    "ID Number": "6703089",
    "Name": "Zavala Galindo, Alejandra Beatriz",
    "Fed": "ESA",
    "Sex": "F",
    "Title": "WFM",
    "WTit": "WFM",
    "OTit": "NA",
    "Rating": "1936",
    "Gms": "0",
    "K": "20",
    "RatingMonth": "AUG25",
    "B-day": "1997",
    "Flag": "wi"
  },
  {
    "ID Number": "6710727",
    "Name": "Zelaya Rivas, Jonathan Neftali",
    "Fed": "ESA",
    "Sex": "M",
    "Title": "",
    "WTit": "",
    "OTit": "",
    "Rating": "AFM",
    "Gms": "1651",
    "K": "0",
    "RatingMonth": "AUG25",
    "B-day": "1997",
    "Flag": "i"
  },
  {
    "ID Number": "6700128",
    "Name": "Zelaya, Porfirio",
    "Fed": "ESA",
    "Sex": "M",
    "Title": "",
    "WTit": "",
    "OTit": "",
    "Rating": "2189",
    "Gms": "0",
    "K": "20",
    "RatingMonth": "AUG25",
    "B-day": "0",
    "Flag": "i"
  },
  {
    "ID Number": "6700233",
    "Name": "Zepeda, Lorena",
    "Fed": "ESA",
    "Sex": "F",
    "Title": "WIM",
    "WTit": "WIM",
    "OTit": "",
    "Rating": "2086",
    "Gms": "0",
    "K": "20",
    "RatingMonth": "AUG25",
    "B-day": "1984",
    "Flag": "wi"
  },
  {
    "ID Number": "6700195",
    "Name": "Zepeda, Rafael",
    "Fed": "ESA",
    "Sex": "M",
    "Title": "",
    "WTit": "",
    "OTit": "",
    "Rating": "2085",
    "Gms": "0",
    "K": "20",
    "RatingMonth": "AUG25",
    "B-day": "1954",
    "Flag": "i"
  },
  {
    "ID Number": "6701590",
    "Name": "Zometa Guzman, Miguel Angel",
    "Fed": "ESA",
    "Sex": "M",
    "Title": "",
    "WTit": "FI,FA",
    "OTit": "",
    "Rating": "AGM",
    "Gms": "1956",
    "K": "0",
    "RatingMonth": "AUG25",
    "B-day": "1987",
    "Flag": "i"
  }
]