ID Number,Name,Fed,Sex,Title,WTit,OTit,FOA,Rating,Gms,K,B-day,Flag
12348651,"Acharya, Abishek",NEP,M,,,,1607,AUG25,0,40,2007,
12353892,"Acharya, Bipin",NEP,M,,,,1741,AUG25,6,40,2000,
12316148,"Acharya, Sabin",NEP,M,,,,1818,AUG25,0,20,1994,i
12351555,"Acharya, Samir",NEP,M,,,,1683,AUG25,0,40,2000,i
12337501,"Acharya, Samir",NEP,M,,,,1749,AUG25,0,20,2002,i
12318027,"Acharya, Sushan",NEP,M,,,,1798,AUG25,0,20,2001,i
12301329,"Adhikari, Ashmita",NEP,F,,,,1791,AUG25,0,20,1994,wi
12316385,"Adhikari, Krish",NEP,M,,,,1573,AUG25,0,40,2006,
12315583,"Adhikari, Kritisara",NEP,F,,NA,,1702,AUG25,0,20,2003,wi
12309168,"Adhikari, Maheswor",NEP,M,,,,1809,AUG25,0,20,1979,i
12355500,"Adhikari, Prem Bikram",NEP,M,,,,1568,AUG25,0,40,2009,
12337218,"Adhikari, Sangam",NEP,M,,,,1584,AUG25,0,20,2001,i
12360015,"Adhikari, Utkarsh",NEP,M,,,,1577,AUG25,0,40,2010,
12314552,"Adil, Mohammad Adnan",NEP,M,,,,1836,AUG25,0,20,2002,i
12343536,"Aganja, Swapnil",NEP,M,,,,1723,AUG25,0,40,2007,i
12358312,"Agrawal, Aryan",NEP,M,,,,1644,AUG25,0,40,2010,
5004870,"Agrawal, Sitaram",NEP,M,,,,1796,AUG25,0,20,1945,
12316814,"Al Saiyad, Mahamad Janil",NEP,M,,,,1691,AUG25,0,20,2004,
12324558,"Alam, Amajad",NEP,M,,,,1794,AUG25,0,20,1958,i
12308013,"Ale, Som",NEP,M,,,,1822,AUG25,0,40,0,
12301523,"Ali, Iliyas",NEP,M,,,,1785,AUG25,0,20,1976,
12305685,"Amatya, Bipin",NEP,M,,,,1817,AUG25,0,20,1968,i
12310743,"Amatya, Pramit",NEP,M,,,,1753,AUG25,0,20,2003,i
12343544,"Amatya, Sayush",NEP,M,,,,1742,AUG25,0,40,2006,
12348007,"Angdembe, Eleen",NEP,M,,,,1820,AUG25,0,40,1997,i
12352748,"Aryal, Arnav",NEP,M,,,,AIM,AUG25,1407,5,2014,
12332020,"Aryal, Madan",NEP,M,,,,1776,AUG25,0,20,1991,i
12364215,"Aryal, Sparsh",NEP,M,,,,1580,AUG25,0,40,2005,
12335150,"Aryal, Sudarshan",NEP,M,,,,1573,AUG25,0,20,1974,i
12336297,"Aryal, Utsav",NEP,M,,,,1702,AUG25,0,20,2001,i
12334260,"Ashish, Gaire",NEP,M,,,,1736,AUG25,0,20,2002,i
12303003,"Awal, Ganesh",NEP,M,,,,1852,AUG25,0,20,1971,
12341444,"Awale, Purna Narayan",NEP,M,,,,1785,AUG25,0,20,1987,
12338117,"Awale, Surya Narayan",NEP,M,,,,1651,AUG25,0,20,1986,
12360023,"Awasthi, Pawan",NEP,M,,,,1819,AUG25,0,40,2003,
12301337,"B.K , Tirth Bahadur",NEP,M,,NA,,1875,AUG25,0,20,1970,
12305251,"Baidya, Arun Shankar",NEP,M,,,,1808,AUG25,0,20,1965,i
12337609,"Baishya, Bikram",NEP,M,,,,1771,AUG25,0,40,2001,
12310140,"Bajiko, Suresh",NEP,M,,,,1769,AUG25,0,20,1978,
12337226,"Bajracharya, Aditya",NEP,M,,,,1666,AUG25,0,20,2002,i
12353914,"Bajracharya, Arin Muni",NEP,M,,,,1576,AUG25,0,40,2004,
12326135,"Bajracharya, Bibek",NEP,M,,,,1843,AUG25,0,20,1987,i
12353922,"Bajracharya, Kiran Muni",NEP,M,,,,1570,AUG25,4,20,1969,
12300241,"Bajracharya, Rajendra",NEP,M,,,,1861,AUG25,7,20,1974,
12325384,"Bajracharya, Sanuraj",NEP,M,,,,1756,AUG25,5,20,1989,
12359092,"Bajracharya, Sohan",NEP,M,,,,1526,AUG25,0,40,2006,
12305707,"Bajracharya, Sudip",NEP,M,,,,1933,AUG25,0,20,1978,i
12318426,"Bajracharya, Suraj Ratna",NEP,M,,,,1694,AUG25,0,20,1998,i
12316156,"Bantawa, Raj Kumar",NEP,M,,NA,,1721,AUG25,2,20,1970,
12352780,"Baral, Govinda",NEP,M,,,,1729,AUG25,0,40,1983,i
12336220,"Baral, Hari Prasad",NEP,M,,,,1803,AUG25,0,40,1979,
12364592,"Baral, Kailash Sharan",NEP,M,,,,1759,AUG25,0,40,1995,
12323934,"Baral, Santosh",NEP,M,,,,1763,AUG25,0,20,1988,i
12358355,"Baral, Santosh",NEP,M,,,,1617,AUG25,0,40,2005,
12363405,"Baruwal, Sandesh",NEP,M,,,,1703,AUG25,0,40,2011,
12362581,"Baruwal, Sandip",NEP,M,,,,1712,AUG25,0,40,2006,
12354945,"Baskota, Bishal",NEP,M,,,,1606,AUG25,0,40,2003,
12327018,"Baskota, Mishan",NEP,M,,FA,,1755,AUG25,0,20,2000,i
12349399,"Baskota, Pratima",NEP,F,,,,1580,AUG25,0,40,2010,w
12361496,"Basnet, Hriday",NEP,M,,,,1601,AUG25,0,40,2015,
12301485,"Basnet, Indra Kumar",NEP,M,,,,1704,AUG25,0,40,1977,
12316172,"Basnet, Prajwal",NEP,M,,,,1691,AUG25,0,40,2005,i
12320706,"Basnet, Sinchan",NEP,M,,,,1581,AUG25,0,40,2008,i
12310751,"Basnet, Surya",NEP,M,,,,1850,AUG25,0,20,1997,i
12339962,"Bastola, Drona Kumar",NEP,M,,,,1618,AUG25,0,40,1957,i
12359106,"Bastola, Nitesh",NEP,M,,,,1810,AUG25,0,40,2006,
12324736,"Basukala, Naresh",NEP,M,,,,1869,AUG25,0,20,1982,i
12338150,"Basukala, Ronik",NEP,M,,,,1648,AUG25,0,40,2010,i
12329487,"Belbase, Kushal",NEP,M,,,,1779,AUG25,6,40,2007,
12363421,"Belbase, Pradip",NEP,M,,,,1691,AUG25,0,40,2005,
12357162,"Bhandari, Aayush",NEP,M,,,,1673,AUG25,0,40,2009,
12319058,"Bhandari, Bimal",NEP,M,,,,1684,AUG25,0,40,1991,i
12318469,"Bhandari, Hem",NEP,M,,,,1732,AUG25,0,20,1974,
12316784,"Bhandari, Hemraj",NEP,M,,,,1818,AUG25,0,20,1991,
12354953,"Bhandari, Krishna",NEP,M,,,,1583,AUG25,0,40,2003,
12310654,"Bhandari, Kshitiz",NEP,M,FM,,,2099,AUG25,7,20,1989,
12312967,"Bhandari, Pooja",NEP,F,,FA,,1622,AUG25,4,20,1998,w
12354961,"Bhandari, Ram Krishna",NEP,M,,,,1518,AUG25,0,40,2002,i
12301566,"Bhandari, Ramesh",NEP,M,,,,1882,AUG25,0,20,1975,
12349097,"Bhandari, Suyog",NEP,M,,,,1776,AUG25,0,40,2004,i
12329800,"Bhandari, Toran",NEP,M,,,,1892,AUG25,0,20,1995,i
12324744,"Bhandari, Tulasi",NEP,M,,NA,,AFM,AUG25,1790,0,1987,i
12335029,"Bhandari, Yubaraj",NEP,M,,NA,,1800,AUG25,0,20,1985,i
12301558,"Bhasima, Prashan",NEP,M,,,,1808,AUG25,0,20,1990,i
12360040,"Bhatt, Ishika",NEP,M,,,,1632,AUG25,0,40,2010,
12314650,"Bhatt, Netra Raj",NEP,M,,,,1624,AUG25,0,40,1985,i
12353590,"Bhatt, Umesh",NEP,M,,,,1764,AUG25,0,40,2008,
12328553,"Bhatta, Aadarsha",NEP,M,,,,1750,AUG25,0,40,2007,i
12303380,"Bhatta, Arjun Prasad",NEP,M,,,,1768,AUG25,0,20,1980,i
12363430,"Bhatta, Bibek",NEP,M,,,,1661,AUG25,0,40,2001,
12351636,"Bhatta, Binod Raj",NEP,M,,,,1662,AUG25,0,40,2001,i
12332046,"Bhatta, Deepak",NEP,M,,,,1620,AUG25,0,20,2003,i
12303402,"Bhatta, Mohan Prasad",NEP,M,,,,1852,AUG25,0,20,1990,i
12346390,"Bhatta, Sakshyam",NEP,M,,,,1552,AUG25,0,40,2009,i
12358789,"Bhatta, Samir",NEP,M,,,,1636,AUG25,0,40,2008,
12336394,"Bhattarai, Bhim",NEP,M,,,,1774,AUG25,0,20,1965,i
12300705,"Bhattarai, Chudamani",NEP,M,,,,1940,AUG25,0,20,1981,i
12319260,"Bhattarai, Manoj",NEP,M,,,,1743,AUG25,0,20,1972,i
12358193,"Bhattarai, Pitambar",NEP,M,,,,1735,AUG25,0,40,1972,i
12337234,"Bhattarai, Sandesh Raj",NEP,M,,,,1654,AUG25,0,20,1971,i
12351652,"Bhattarai, Satkrit",NEP,M,,,,1687,AUG25,0,40,2008,i
12348040,"Bhattarai, Sunil",NEP,M,,,,1670,AUG25,0,40,2005,
12351660,"Bhul, Ramsharan",NEP,M,,,,1607,AUG25,0,40,2003,i
12343595,"Bhurtel, Aditya",NEP,M,,,,1631,AUG25,0,40,2005,
12305260,"Bista, Bhuwan",NEP,M,,,,1703,AUG25,0,20,1953,i
12354988,"Bista, Kalendra",NEP,M,,,,1507,AUG25,0,40,1998,i
12354996,"Bista, Sarthak",NEP,M,,,,1674,AUG25,0,40,2005,i
12309966,"BK, Manoj",NEP,M,,,,1798,AUG25,0,20,1980,i
12329495,"Bk, Santoshi",NEP,F,,,,1581,AUG25,0,40,2008,wi
12319759,"BK, Shivam Kumar",NEP,M,,,,1660,AUG25,0,20,2001,
12360759,"Bochhe, Nabin",NEP,M,,,,1576,AUG25,0,40,1998,
12303496,"Bogati, Dhan Bahadur",NEP,M,,,,1781,AUG25,0,20,1978,
12331406,"Bohara, Aayush",NEP,M,,,,1622,AUG25,0,40,2009,
12344664,"Bohara, Bijeet",NEP,M,,,,1612,AUG25,0,40,2005,i
12360910,"Bohara, Gaurav Singh",NEP,M,,,,1560,AUG25,0,40,2008,
12303526,"Bohora, Nar Bahadur",NEP,M,,,,1566,AUG25,0,40,1959,i
12367400,"Bohora, Pravesh",NEP,M,,,,1515,AUG25,6,40,2005,
12334642,"Budathoki, Karna Bahadur",NEP,M,,,,1728,AUG25,0,40,1981,
12358398,"Budathoki, Khem",NEP,M,,,,1641,AUG25,0,40,1985,
12301353,"Budha, Shakti Ram",NEP,M,,,,1816,AUG25,0,40,1978,
12328405,"Budhathoki, Nakul",NEP,M,,,,1763,AUG25,0,20,2000,i
12364606,"Budhathoki, Roshan",NEP,M,,,,1582,AUG25,0,40,1996,
12300683,"Byanjankar, Ratna",NEP,M,,,,1858,AUG25,6,20,1978,
12367419,"Byanjankar, Subin",NEP,M,,,,1759,AUG25,7,40,1982,
12338176,"Chakradhar, Santosh",NEP,M,,,,1549,AUG25,0,40,2007,
12310174,"Chakumani, Ganesh Kumar",NEP,M,,,,1603,AUG25,0,40,1970,
12345083,"Chand, Bikash",NEP,M,,NA,,1534,AUG25,0,40,1997,i
12356824,"Chand, Dhiraj Bahadur",NEP,M,,,,1736,AUG25,0,40,2001,
12350478,"Chand, Lokendra Bahadur",NEP,M,,,,1494,AUG25,0,40,1998,i
12365068,"Chapagain, Arpan",NEP,M,,,,1864,AUG25,0,40,2011,
12329509,"Chaudhary, Ascharya",NEP,M,,,,1542,AUG25,0,40,2009,
12305898,"Chaudhary, Bhubaneshwar",NEP,M,,,,1830,AUG25,0,20,1967,
12347361,"Chaudhary, Dev",NEP,M,,,,1608,AUG25,0,40,2000,
12334308,"Chaudhary, Dev Kumar",NEP,M,,,,1602,AUG25,0,20,2000,i
12325406,"Chaudhary, Devendra",NEP,M,,,,1654,AUG25,0,20,1997,i
12336300,"Chaudhary, Mahesh Kumar",NEP,M,,,,1766,AUG25,0,20,1985,i
12300780,"Chaudhary, Navin Kumar",NEP,M,,,,1839,AUG25,0,20,1977,i
12363227,"Chaudhary, Nishan",NEP,M,,,,1728,AUG25,0,40,2005,
12337048,"Chaudhary, Raj Narayan",NEP,M,,,,1554,AUG25,0,40,1965,
12306053,"Chaudhary, Sachin Kumar",NEP,M,,,,1756,AUG25,0,20,1981,i
12306231,"Chaudhary, Sushil",NEP,M,,FA,,1888,AUG25,0,20,1995,
12363014,"Chaulagai, Shreeyansh",NEP,M,,,,1485,AUG25,0,40,2012,
12313335,"Chaulagain, Kamal Prasad",NEP,M,,,,1624,AUG25,0,20,1982,i
12332070,"Chaulagain, Prajwol",NEP,M,,,,1645,AUG25,0,40,2007,
12300730,"Chaulagain, Purusottam",NEP,M,CM,,,2014,AUG25,7,20,1986,
12337242,"Chaulagain, Rajan",NEP,M,,,,1700,AUG25,0,20,2000,i
12307360,"Chemjong, Prasanta Das",NEP,M,,,,1798,AUG25,0,20,1990,i
12332437,"Chemjong, Samir",NEP,M,,,,1761,AUG25,0,40,2005,i
12348090,"Chhanayl, Netra",NEP,M,,,,1567,AUG25,0,40,1981,
12324086,"Chhatkuli, Aarati",NEP,F,,FA,,1635,AUG25,0,20,2001,wi
12351679,"Chhatkuli, Kedar Nath",NEP,M,,,,1702,AUG25,0,40,1973,i
12347388,"Chhetri, Ajij",NEP,M,,,,1676,AUG25,0,40,2004,
12358207,"Chhetri, Gobinda",NEP,M,,,,1667,AUG25,0,40,1971,i
12357243,"Chhetri, Hridaya Poudel",NEP,M,,,,1555,AUG25,2,40,2011,
12300799,"Chhetri, Ram Bahadur",NEP,M,,NA,,1883,AUG25,0,20,1966,
12301590,"Chitrakar, Manoj",NEP,M,,,,1869,AUG25,0,20,1961,i
12303020,"Chokami, Bikram",NEP,M,,,,1915,AUG25,0,20,1990,
12348112,"Chongwang, Hari",NEP,M,,,,1958,AUG25,0,20,1973,
12347396,"Chongwang, Harkha Bahadur",NEP,M,,,,1856,AUG25,0,20,1973,
12323969,"Dahal, Dimanjan",NEP,M,,,,1738,AUG25,0,20,1999,i
12328286,"Dahal, Jiban",NEP,M,,,,1654,AUG25,0,40,1979,
12361518,"Dahal, Madan",NEP,M,,,,1555,AUG25,2,40,2009,
12316393,"Dahal, Mission",NEP,M,,,,1842,AUG25,0,20,2004,
12303887,"Dahal, Rajan",NEP,M,,,,1782,AUG25,0,20,1984,i
12316636,"Dahal, Ram Chandra",NEP,M,,,,1738,AUG25,0,20,1970,i
12350516,"Dahal, Shreeyash",NEP,M,,,,1507,AUG25,0,40,2012,
12310506,"Dahal, Sujan",NEP,M,,,,1755,AUG25,0,40,2001,
12335584,"Dahal, Surendra Raj",NEP,M,,,,1745,AUG25,5,40,1967,
12303275,"Dahal, Sushrut",NEP,M,CM,NA,,2019,AUG25,0,20,1995,
12300802,"Dahal, Tikadatta",NEP,M,,,,1814,AUG25,0,20,1973,
12340880,"Dahal, Ujjwal",NEP,M,,,,1692,AUG25,0,20,2001,
12348724,"Dahal, Ujwal",NEP,M,,,,1686,AUG25,0,40,2006,
12343676,"Danekhu, Nikhil",NEP,M,,,,1523,AUG25,0,40,2008,
12360775,"Dangi, Kushal",NEP,M,,,,1504,AUG25,0,40,2008,
12300292,"Dangi, Mani Raj",NEP,M,,,,1785,AUG25,8,20,1964,
12321230,"Dangol, Anish",NEP,M,,,,1686,AUG25,0,40,2003,i
12303038,"Dangol, Bijaya",NEP,M,,,,1921,AUG25,0,20,1997,i
12360287,"Dangol, Ishan",NEP,M,,,,1562,AUG25,0,40,2008,
12316660,"Dangol, Jitendra",NEP,M,,,,1680,AUG25,0,40,1970,
12301477,"Dangol, Maheshwor Lal",NEP,M,,,,1848,AUG25,0,20,1963,
12321257,"Dangol, Nishan",NEP,M,,,,1576,AUG25,0,40,2004,
12313513,"Dangol, Ranabahadur",NEP,M,,,,1767,AUG25,0,20,1985,
12350591,"Dangol, Samrat",NEP,M,,,,1558,AUG25,0,40,1999,
12361720,"Dangol, Sushan",NEP,M,,,,1650,AUG25,0,40,1999,
12350656,"Danuwar, Tarjan",NEP,M,,,,1558,AUG25,0,40,2007,
12308714,"Das, Shyam Lal",NEP,M,,,,1788,AUG25,0,20,1995,i
12300829,"Das, Singhesor",NEP,M,,,,1909,AUG25,0,20,1965,i
12311766,"Das, Surya Narayan",NEP,M,,,,1726,AUG25,0,20,1974,i
12352497,"Dawadi, Mahesh",NEP,M,,,,1590,AUG25,0,40,2012,
12352500,"Dawadi, Prawisha",NEP,F,,,,1515,AUG25,0,40,2014,w
12358428,"Deo, Kumar Manish",NEP,M,,,,1847,AUG25,0,40,1994,
12366463,"Dhakal, Abhiyan",NEP,M,,,,1641,AUG25,0,40,2004,
12306657,"Dhakal, Narayan",NEP,M,,,,1656,AUG25,0,40,1984,
12349240,"Dhakal, Sampanna",NEP,M,,,,1747,AUG25,0,40,2008,
12360520,"Dhamala, Gokarna",NEP,M,,,,1509,AUG25,0,40,1998,
12348155,"Dhamala, Kumar",NEP,M,,,,1654,AUG25,0,40,1980,i
12325899,"Dhami, Deepak",NEP,M,,NA,,1561,AUG25,0,40,2005,i
12301612,"Dhimal, Bharat",NEP,M,,,,1706,AUG25,0,20,1967,
12329380,"Dhimal, Mahesh",NEP,M,,,,1822,AUG25,0,20,1990,i
12319805,"Dhimal, Shanti",NEP,F,,,,1631,AUG25,5,20,1993,w
12350664,"Dhimal, Subash",NEP,M,,,,1548,AUG25,0,40,1990,i
12359149,"Dhungana, Nirvik",NEP,M,,,,1651,AUG25,0,40,2006,
12363472,"Dhungana, Sworup",NEP,M,,,,1670,AUG25,0,40,1996,
12359157,"Dhungel, Pratik",NEP,M,,,,1559,AUG25,0,40,2010,
12321338,"Dhungel, Shishir",NEP,M,,,,1570,AUG25,0,20,2004,i
12306240,"Dhungel, Uttam",NEP,M,,"NI,IA",,1754,AUG25,0,20,1996,i
12308021,"Dr. Kakshapati, Prayash Shrestha",NEP,M,,,,1700,AUG25,0,20,1991,i
12326569,"Dr. Sah, Jitendra Kumar",NEP,M,,,,1719,AUG25,0,20,1982,i
12331732,"Dr. Sharma, Padam Prakash Dev",NEP,M,,,,1764,AUG25,0,20,1979,i
12316083,"Dr. Yadav, Manoj Kumar",NEP,M,,,,1712,AUG25,0,20,1971,i
12302279,"Dr.Tiwari, Suraj",NEP,M,,,,1876,AUG25,0,20,1982,i
12343293,"Dubey, Rajaji",NEP,M,,,,1647,AUG25,0,40,2000,
12329355,"Dugar, Darshan",NEP,M,,,,1612,AUG25,0,20,1999,i
12336327,"Dulal, Kausal",NEP,M,,,,1753,AUG25,0,40,2005,i
12367427,"Duwal, Anjan",NEP,M,,,,1648,AUG25,6,40,1995,
12300284,"Duwal, Ganesh Man",NEP,M,,,,1931,AUG25,7,20,1957,
12302953,"Duwal, Krishna Bahadur",NEP,M,,,,1922,AUG25,0,20,1966,i
12304298,"Duwal, Krishna Ram",NEP,M,,,,1786,AUG25,0,20,1971,i
12355275,"Duwal, Prasoon",NEP,M,,,,1604,AUG25,4,40,2010,
12300837,"Duwal, Purushottam",NEP,M,,,,1821,AUG25,5,20,1973,
12303046,"Duwal, Rajaram",NEP,M,,,,1895,AUG25,0,20,1970,i
12311200,"Duwal, Surendra Prasad",NEP,M,,,,1869,AUG25,0,20,1977,i
12343749,"Duwal, Swornim",NEP,M,,,,1764,AUG25,0,40,2007,
12353990,"Gaihre, Shiva Prasad",NEP,M,,,,1508,AUG25,0,40,1998,i
12301639,"Gainju, Damodar",NEP,M,,,,1821,AUG25,0,20,1967,
12303054,"Gainju, Rajesh",NEP,M,,,,1818,AUG25,0,20,1985,i
12303062,"Gainju, Shiva Bhakta",NEP,M,,,,1820,AUG25,0,20,1964,i
12344702,"Gaire, Suraj Kumar",NEP,M,,,,1715,AUG25,5,20,1999,
12306070,"Gajmer, Devraj",NEP,M,,,,1785,AUG25,0,20,1961,i
12354007,"Gajurel, Aaditya",NEP,M,,,,1781,AUG25,6,40,2009,
12314994,"Gamal, Dipendra",NEP,M,,,,1713,AUG25,0,20,2001,i
12348740,"Gautam, Aadarsha",NEP,M,,,,1702,AUG25,0,40,2005,
12335533,"Gautam, Aarav",NEP,M,,,,1495,AUG25,0,40,2012,
12322482,"Gautam, Anushna",NEP,M,,,,1740,AUG25,0,40,2008,
12350010,"Gautam, Ashish",NEP,M,,,,1449,AUG25,0,40,2000,i
12337528,"Gautam, Avishesh",NEP,M,,,,1488,AUG25,0,20,1998,i
12301310,"Gautam, Bidur Prasad",NEP,M,,,,1935,AUG25,0,20,1980,i
12307424,"Gautam, Hom Chandra",NEP,M,,,,1732,AUG25,0,40,1979,
12301655,"Gautam, Santosh",NEP,M,,,,1813,AUG25,0,20,1989,
12327069,"Gautam, Sujan Prasad",NEP,M,,,,1579,AUG25,0,40,2005,i
12308510,"Gautam, Sushan",NEP,M,,,,1857,AUG25,0,20,2000,
12340405,"GC, Shyam",NEP,M,,,,1635,AUG25,0,40,1965,i
12351717,"Ghalan, Akhiseno",NEP,M,,,,1620,AUG25,0,40,2013,i
12348759,"Ghimire, Abusan",NEP,M,,,,1605,AUG25,0,40,2008,i
12306088,"Ghimire, Angel",NEP,M,,,,1707,AUG25,0,20,1996,i
12329517,"Ghimire, Arjun",NEP,M,,,,1820,AUG25,0,20,1993,i
12317667,"Ghimire, Bigyan",NEP,M,,,,1615,AUG25,0,20,2003,i
12367435,"Ghimire, Biraj",NEP,M,,,,1695,AUG25,7,40,2006,
12300233,"Ghimire, Bishwo Bijay",NEP,M,,,,1831,AUG25,6,20,1970,
12328421,"Ghimire, Jenish",NEP,M,,,,1616,AUG25,0,20,2004,i
12327077,"Ghimire, Kapil",NEP,M,,,,1583,AUG25,0,40,2005,i
12363480,"Ghimire, Keshab",NEP,M,,,,1754,AUG25,0,40,2006,
12366471,"Ghimire, Nitin",NEP,M,,,,1758,AUG25,0,40,2002,
12303909,"Ghimire, Prajwol",NEP,M,,,,1897,AUG25,0,20,1993,i
12340936,"Ghimire, Rabin Raj",NEP,M,,,,1599,AUG25,0,40,1991,i
12319287,"Ghimire, Rabindra",NEP,M,,,,1644,AUG25,0,40,1998,
12347469,"Ghimire, Ridam",NEP,M,,,,1757,AUG25,0,40,2004,i
12313521,"Ghimire, Sabin Chandra",NEP,M,,,,1961,AUG25,0,20,1992,
12366480,"Ghimire, Sanjeev",NEP,M,,,,1643,AUG25,0,40,1978,
12352985,"Ghimire, Sujal",NEP,M,,,,1644,AUG25,0,40,2008,i
12329525,"Ghimire, Sunil",NEP,M,,,,1672,AUG25,0,20,2000,
12348201,"Ghimire, Tara Nidhi",NEP,M,,,,1720,AUG25,0,40,1982,
12344729,"Ghising, Anmol",NEP,M,,,,1789,AUG25,6,40,2012,
12364789,"Ghising, Kushum",NEP,F,,,,1580,AUG25,3,40,2004,w
12317675,"Ghising, Manoj",NEP,M,,,,1461,AUG25,0,40,2005,
12355011,"Giri, Abiral",NEP,M,,,,1468,AUG25,0,40,2010,
12330710,"Giri, Bishnu",NEP,M,,,,1576,AUG25,0,40,1986,
12341622,"Giri, Dipak",NEP,M,,,,1677,AUG25,0,20,2002,i
12319490,"Giri, Dipesh",NEP,M,,"NI,FA",,1630,AUG25,0,20,2000,i
12345466,"Giri, Isha",NEP,F,,,,1684,AUG25,0,40,2014,w
12341649,"Giri, Raunak",NEP,M,,,,1689,AUG25,0,40,2007,i
12354023,"Gole, Deepak",NEP,M,,,,1546,AUG25,0,40,2004,
12316644,"Gole, Lok Bahadur",NEP,M,,,,1819,AUG25,1,20,1980,
12329541,"Gole, Rudra Man",NEP,M,,,,1703,AUG25,0,20,1985,i
12343765,"Gosai, Rachin",NEP,M,,,,1710,AUG25,0,40,2000,i
12338214,"Gosain, Jitendra",NEP,M,,,,1615,AUG25,0,40,1983,
12337250,"Guni, Abiral",NEP,M,,,,1723,AUG25,0,20,1999,i
12354031,"Gupta, Aashish",NEP,M,,,,1758,AUG25,0,40,2009,i
12337102,"Gupta, Binod Kumar",NEP,M,,,,1601,AUG25,0,40,1969,
12332828,"Guragain, Prabesh",NEP,M,,,,1637,AUG25,0,40,2004,
12359670,"Guragain, Prabin",NEP,M,,,,1583,AUG25,0,40,1999,
12334316,"Guragain, Pradeep",NEP,M,,,,1700,AUG25,0,20,1992,
12346489,"Gurung, Basanta",NEP,M,,,,1529,AUG25,0,40,2007,i
12301370,"Gurung, Bijay",NEP,M,,NA,,1807,AUG25,0,20,1966,
12332151,"Gurung, Champak",NEP,M,,,,1541,AUG25,0,20,1985,i
12348210,"Gurung, Cyrus",NEP,M,,,,1677,AUG25,0,40,2003,i
12311880,"Gurung, Hari Kumar",NEP,M,,,,1634,AUG25,0,20,1965,i
12355020,"Gurung, Jwalan",NEP,M,,,,1555,AUG25,0,40,1995,i
12313530,"Gurung, Kapil",NEP,M,,,,1722,AUG25,0,20,1983,i
12301728,"Gurung, Mankumar",NEP,M,,,,1836,AUG25,0,20,1979,
12336483,"Gurung, Mc Douglas",NEP,M,,,,1774,AUG25,0,20,1965,i
12329754,"Gurung, Purnima",NEP,F,,,,1696,AUG25,0,40,2009,wi
12318108,"Gurung, Raj Kumar",NEP,M,,,,1740,AUG25,0,20,1982,
12302309,"Gurung, Ramesh",NEP,M,,,,1695,AUG25,0,40,1960,i
12329550,"Gurung, Shishir",NEP,M,,,,1719,AUG25,0,20,2001,i
12361534,"Gurung, Sonu",NEP,M,,,,1628,AUG25,0,40,2004,
12306509,"Gurung, Subash Kumar",NEP,M,,,,1831,AUG25,0,40,1986,i
12361755,"Gurung, Suprem",NEP,M,,,,1582,AUG25,0,40,2010,
12305588,"Gurung, Sushila",NEP,F,,NA,,1685,AUG25,3,20,1993,w
12300314,"Gwachha, Aendij",NEP,M,,,,1681,AUG25,0,20,1980,i
12305278,"Gwachha, Kumar",NEP,M,,,,1800,AUG25,0,20,1953,i
12324787,"Gwachha, Sagar",NEP,M,,,,1712,AUG25,0,20,1988,
12337536,"Gyalek Rai, Ryan",NEP,M,,,,1929,AUG25,0,40,2011,i
12329070,"Gyawali, Abhinav",NEP,M,,,,1774,AUG25,0,20,2001,i
12338222,"Gyawali, Manish",NEP,M,,,,1654,AUG25,0,40,2001,i
12307823,"Gyawali, Ramesh",NEP,M,,,,1716,AUG25,0,20,1971,
12363499,"Gyawali, Samrat",NEP,M,,,,1472,AUG25,0,40,2013,
12338230,"Hada, Ananga Krishna",NEP,M,,,,1466,AUG25,0,40,2011,
12324795,"Hada, Babban",NEP,M,,,,1591,AUG25,0,20,1999,i
12355666,"Hamal, Devin",NEP,M,,,,1587,AUG25,0,40,2009,
12300110,"Hamal, Manish",NEP,M,FM,,,2061,AUG25,0,20,1986,i
12300713,"Hona, Hari Chandra",NEP,M,,,,1837,AUG25,0,20,1983,i
12316237,"Imbung, Jwala",NEP,M,,,,1907,AUG25,9,20,1993,
12329479,"Jaiswal, Avlin Arya",NEP,M,,,,1434,AUG25,0,40,2006,i
12304000,"Jaiswal, Bikesh",NEP,M,,,,1824,AUG25,0,20,1998,i
12301744,"Jaiswal, Bina",NEP,F,,,,1699,AUG25,0,20,1997,wi
12301752,"Jaiswal, Bishekha",NEP,F,,,,1642,AUG25,0,20,1995,wi
12301272,"Jaiswal, Nabin",NEP,M,,,,1840,AUG25,0,20,1996,i
12300071,"Jaiswal, Rousan kumar",NEP,M,,,,1872,AUG25,0,20,1992,i
12300870,"Jaiswal, Rupesh",NEP,M,FM,NA,,2172,AUG25,13,20,1998,
12310204,"Jati, Bijay",NEP,M,,,,1914,AUG25,0,20,1994,
12303100,"Jati, Bikram",NEP,M,,,,1859,AUG25,0,20,1990,
12348228,"Jha, Amit Kumar",NEP,M,,,,1594,AUG25,0,40,1981,i
12354414,"Jha, Anit",NEP,M,,,,1655,AUG25,0,40,2007,
12354040,"Jha, Pratyush Raj",NEP,M,,,,1545,AUG25,0,40,2008,i
12347485,"Jora, Gyanendra",NEP,M,,,,1628,AUG25,0,40,2002,
12300888,"Jora, Kirta Bahadur",NEP,M,,NA,,AFM,AUG25,1865,0,1976,
12340979,"Joseph, Zandstra",NEP,M,,,,1767,AUG25,0,40,1986,
12360295,"Joshi, Bibhav",NEP,M,,,,1542,AUG25,2,40,2011,
12300527,"Joshi, Deergha Raj",NEP,M,,,,1880,AUG25,0,20,1971,
12363502,"Joshi, Dhan Dev",NEP,M,,,,1730,AUG25,0,40,1979,
12356867,"Joshi, Gaurab",NEP,M,,,,1535,AUG25,0,40,2011,
12317179,"Joshi, Gita",NEP,F,,NA,,1687,AUG25,0,20,2001,wi
12360171,"Joshi, Hem Raj",NEP,M,,,,1862,AUG25,0,40,1984,
12340987,"Joshi, Janak Raj",NEP,M,,,,1663,AUG25,4,20,1983,
12346276,"Joshi, Praishan",NEP,M,,,,1482,AUG25,0,40,2010,
12324582,"Joshi, Prakash",NEP,M,,,,1759,AUG25,0,20,1976,i
12350702,"Joshi, Pranil",NEP,M,,,,1690,AUG25,0,40,2008,i
12328626,"Joshi, Pranit",NEP,M,,,,1665,AUG25,0,20,2003,i
12356913,"Joshi, Shubham",NEP,M,,,,1717,AUG25,3,40,2010,
12312754,"Joshi, Sindira",NEP,F,,NA,,1639,AUG25,1,20,1983,w
12301795,"Joshi, Subarna Ram",NEP,M,,,,1747,AUG25,0,20,1941,i
12320064,"Joshi, Umesh",NEP,M,,,,1635,AUG25,0,20,1999,i
12343790,"Jyakhwo, Sarkal",NEP,M,,,,1603,AUG25,0,40,1994,i
12311480,"Kachhepati, Keshab Lal",NEP,M,,,,1799,AUG25,0,20,1964,i
12300608,"Kachhepati, Rajesh",NEP,M,,,,1796,AUG25,0,20,1973,
12341711,"Kafle, Aadyanta",NEP,M,,,,1653,AUG25,0,40,2010,i
12323985,"Kafle, Dayaram",NEP,M,,,,1640,AUG25,0,20,1987,i
12343803,"Kafle, Dipendra",NEP,M,,,,1598,AUG25,0,20,1988,
12350389,"Kafle, Sujan",NEP,M,,,,1970,AUG25,0,40,2005,
12324205,"Kalauni, Nabin",NEP,M,,,,1695,AUG25,0,20,2001,
12337277,"Kamati, Chandra Veer",NEP,M,,,,1489,AUG25,0,20,2003,i
12325910,"Kambang, Kul Bahadur",NEP,M,,,,1602,AUG25,0,20,1956,i
12329266,"Kambang, Rajan",NEP,M,,,,1770,AUG25,0,20,1983,i
12306673,"Kandangwa, Laxmi Prasad",NEP,M,,,,1805,AUG25,0,20,1965,i
12315524,"Kandel, Laxmi",NEP,F,,,,1553,AUG25,0,20,1991,wi
5034167,"Kandel, Laxmi Nath",NEP,M,,,,1714,AUG25,0,40,1973,
12348805,"Kandel, Ujjivani",NEP,F,,,,1552,AUG25,0,40,2013,w
12304018,"Kapali, Binita",NEP,F,,,,1629,AUG25,0,20,1995,w
12341720,"Karanjit, Prabin",NEP,M,,,,1661,AUG25,0,40,1992,
12341738,"Karki, Aryan",NEP,M,,,,1651,AUG25,0,40,2005,
12314803,"Karki, Birendra",NEP,M,,,,1655,AUG25,0,20,2001,i
12301833,"Karki, D B",NEP,M,,,,1773,AUG25,0,20,1970,
12367451,"Karki, Dammar",NEP,M,,,,1647,AUG25,7,40,1991,
12363510,"Karki, Hem Babu",NEP,M,,,,1605,AUG25,0,40,1999,
12307084,"Karki, Indra",NEP,M,,,,1608,AUG25,0,40,0,
12303631,"Karki, Jay Bahadur",NEP,M,,NA,,ACM,AUG25,1683,0,1972,
12339890,"Karki, Kashiv",NEP,M,,,,1747,AUG25,0,40,2011,
12338834,"Karki, Kushal",NEP,M,,,,1575,AUG25,0,40,1999,i
12340030,"Karki, Manish",NEP,M,,,,1710,AUG25,0,40,2005,i
12358452,"Karki, Muskan",NEP,M,,,,1491,AUG25,0,40,2007,
12329835,"Karki, Pradeep",NEP,M,,,,1798,AUG25,0,20,1995,i
12333514,"Karki, Prakash",NEP,M,,,,1556,AUG25,0,40,2003,
12315796,"Karki, Prakash",NEP,M,,,,1759,AUG25,0,20,1993,i
12320277,"Karki, Prashidda Jung",NEP,M,,,,1563,AUG25,0,40,2007,i
12300900,"Karki, Rajiv",NEP,M,,NA,,1855,AUG25,0,20,1986,
12315800,"Karki, Ram Hari",NEP,M,,,,1779,AUG25,5,20,1986,
12313548,"Karki, Ram Kumar",NEP,M,,,,1748,AUG25,0,20,1987,
12339903,"Karki, Santosh",NEP,M,,,,1608,AUG25,0,40,1989,i
12364614,"Karki, Swostik",NEP,M,,,,1635,AUG25,0,40,2010,
12320072,"Karki, Yam Kumar",NEP,M,,,,1773,AUG25,0,20,2003,i
12304590,"Karmacharya, Dipendra",NEP,M,,,,1829,AUG25,0,20,1965,
12337293,"Karmacharya, Robit",NEP,M,,,,1701,AUG25,0,20,2003,i
12343820,"Karmacharya, Suroj",NEP,M,,,,1712,AUG25,0,40,1989,
12302899,"Karmacharya, Upendra",NEP,M,,,,1798,AUG25,0,40,1976,
12300039,"Karmacharya,Punya Man",NEP,M,,,,1990,AUG25,0,20,1960,
12343838,"Karmi, Sushan",NEP,M,,,,1589,AUG25,0,40,2011,i
12338842,"Karn, Gyanesh Kumar",NEP,M,,,,1483,AUG25,0,40,1987,
12341754,"Karna, Rohan",NEP,M,,,,1678,AUG25,0,40,2007,
12325465,"Karnajeet, Roshan",NEP,M,,,,1646,AUG25,3,20,1982,
12367460,"Kathayat, Prem Bahadur",NEP,M,,,,1510,AUG25,6,40,2003,
12330000,"Katuwal, Sangam",NEP,M,,,,1639,AUG25,0,40,2007,i
12363529,"Katwal, Milan",NEP,M,,,,1460,AUG25,3,40,1991,
12311464,"Katwal, Sandesh",NEP,M,,,,1586,AUG25,0,20,2002,i
12343846,"Kawan, Dinesh",NEP,M,,,,1709,AUG25,0,40,1986,i
12364800,"Kawan, Krishna Gobind",NEP,M,,,,1825,AUG25,0,40,1978,
12341010,"Kayastha, Bibhushit",NEP,M,,,,1500,AUG25,0,40,2007,
12300675,"Kayastha, Madan Krishna",NEP,M,CM,,,2076,AUG25,0,20,1991,
12355690,KC Prabir,NEP,M,,,,1486,AUG25,0,40,2012,
12346551,"Kc, Biraj",NEP,M,,,,1592,AUG25,0,40,2006,i
12314820,"KC, Khagendra",NEP,M,,,,1597,AUG25,0,20,2000,
12341703,"KC, Manish",NEP,M,,,,1713,AUG25,0,20,1997,i
12324590,"KC, Shyam",NEP,M,,,,1635,AUG25,0,20,1973,i
12328162,"KC, Sujan",NEP,M,,,,1782,AUG25,0,40,1988,
12301493,"KC, Umesh",NEP,M,,,,1731,AUG25,0,20,1986,i
12303640,"Kepchhaki Magar, Krishna Bahadur",NEP,M,,,,1869,AUG25,0,20,1981,i
12300365,"Kepchhaki, Jeet Bahadur",NEP,M,,,,1812,AUG25,5,20,1966,
12312096,"Khadgi, Roshan",NEP,M,,,,1848,AUG25,0,40,1977,i
12335630,"Khadka Kumar, Bishal",NEP,M,,,,1512,AUG25,0,20,1998,i
12357413,"Khadka, Anwesh",NEP,M,,,,1599,AUG25,0,40,2011,
12361763,"Khadka, Dikshant",NEP,M,,,,1564,AUG25,0,40,2010,
12364320,"Khadka, Dipson",NEP,M,,,,1526,AUG25,0,40,2008,
12329274,"Khadka, Gaurav",NEP,M,,,,1584,AUG25,0,20,1999,i
12300306,"Khadka, Govinda",NEP,M,,,,1689,AUG25,0,20,1972,
12361771,"Khadka, Jyoti Bhushan",NEP,M,,,,1583,AUG25,2,40,1999,
12309745,"Khadka, Mahesh",NEP,M,,,,1690,AUG25,0,20,2000,i
12324221,"Khadka, Nishan",NEP,M,,,,1623,AUG25,0,20,2003,i
12305758,"Khadka, Pawan",NEP,M,,,,1884,AUG25,0,40,1967,
12335649,"Khadka, Prem",NEP,M,,,,1713,AUG25,6,20,2000,
12300322,"Khadka, Purna Raj",NEP,M,,,,1915,AUG25,7,20,1964,
12351750,"Khadka, Shishir",NEP,M,,,,1476,AUG25,0,40,2009,i
12341762,"Khadka, Suman",NEP,M,,,,1570,AUG25,0,40,2006,i
12348252,"Khadka, Yemraj",NEP,M,,,,1697,AUG25,0,40,2002,i
12352306,"Khadka, Yunish",NEP,M,,,,1491,AUG25,0,40,2012,
12301469,"Khaiju, Gyanendra",NEP,M,,,,1810,AUG25,5,20,1976,
12300080,"Khamboo, Monalisha",NEP,F,WCM,WCM,IA,1852,AUG25,0,20,1992,wi
12303119,"Khamboo, Yaishash Yashir",NEP,M,,,,ACM,AUG25,1749,0,1997,i
12336521,"Khamcha, Surya Bahadur",NEP,M,,,,1830,AUG25,0,20,1989,i
12306711,"Khan, Furkan",NEP,M,,,,1623,AUG25,0,40,1990,
12316091,"Khan, Mohammad Imran",NEP,M,,,,1815,AUG25,0,20,1984,
12339911,"Khanal, Madhav",NEP,M,,,,1608,AUG25,0,40,2005,i
12351881,"Khanal, Pawan",NEP,M,,,,1807,AUG25,0,40,2001,i
12355739,"Khanal, Prasit",NEP,M,,,,1516,AUG25,4,40,2013,
12348830,"Khanal, Santosh",NEP,M,,,,1619,AUG25,0,40,2006,i
12363065,"Khanal, Utsav",NEP,M,,,,1599,AUG25,0,40,2013,
12303666,"Khaniya, Rudra",NEP,M,,,,1830,AUG25,0,20,1975,
12354066,"Khanw, Krishna Kumar",NEP,M,,,,2015,AUG25,0,40,2001,i
12359734,"Kharal, Puspa Mani",NEP,M,,,,1537,AUG25,0,40,1970,
12343854,"Kharbuja, Krishal",NEP,M,,,,1525,AUG25,0,40,2003,
12360333,"Kharbuja, Shrijal",NEP,M,,,,1551,AUG25,0,40,2006,
12329568,"Kharel, Bishal",NEP,M,,,,1579,AUG25,0,20,2002,i
12329576,"Kharel, Raaj",NEP,M,,,,1564,AUG25,0,20,2000,i
12366498,"Kharel, Samir",NEP,M,,,,1648,AUG25,0,40,2000,
12344800,"Khatiwada, Bhawana",NEP,F,,,,1563,AUG25,0,40,2000,wi
12364630,"Khatiwada, Milan",NEP,M,,,,1587,AUG25,0,40,2006,
12332704,"Khatiwada, Narayan Prasad",NEP,M,,,,1734,AUG25,3,20,1964,
12350737,"Khatri, Bhesh Raj",NEP,M,,,,1464,AUG25,0,40,2006,i
12316695,"Khatri, Krishna Pd.",NEP,M,,,,1765,AUG25,0,20,1985,i
12338290,"Khayamali, Manik",NEP,M,,,,1484,AUG25,0,40,2010,
12317357,"Khusuju, Raj",NEP,M,,,,1670,AUG25,0,20,1989,i
12352071,"Khyaju, Sujan",NEP,M,,,,1666,AUG25,0,20,2002,
12324833,"Kisi, Radiate",NEP,M,,,,1683,AUG25,0,20,1998,
12302333,"Koirala, Anil Bahadur",NEP,M,,NA,,1752,AUG25,0,20,1973,i
12309362,"Koirala, Atal Bahadur",NEP,M,,NA,,1794,AUG25,0,20,2003,i
12313700,"Koirala, Sunil Bahadur",NEP,M,,,,1753,AUG25,0,20,1973,i
12300918,"Kuluju, Bikash",NEP,M,,,,1853,AUG25,0,20,1981,i
12330272,"Kumal, Sujan",NEP,M,,,,1649,AUG25,0,40,1999,
12343870,"Kumar, Pradip",NEP,M,,,,1544,AUG25,0,40,1987,
12354104,"Kumari, Khushbu",NEP,F,,,,1489,AUG25,0,40,2004,wi
12311219,"Kumpakha, Ramesh",NEP,M,,,,1754,AUG25,0,40,0,i
12316032,"Kunwor, Prasanna Bickram",NEP,M,,,,1504,AUG25,0,40,2005,i
12336823,"Kurumbang, Nanda Kumar",NEP,M,,NA,,1630,AUG25,0,20,1983,
12314560,"Kusatha, Niken",NEP,M,,,,1991,AUG25,0,20,2002,
12302902,"Kusi, Matina",NEP,F,,,,1749,AUG25,0,20,1996,wi
12338052,"Lakhemaru, Prashant",NEP,M,,,,1678,AUG25,0,40,1993,i
12315818,"Lama, Anil",NEP,M,,,,1696,AUG25,0,20,2003,i
12366501,"Lama, Badal",NEP,M,,,,1580,AUG25,0,40,2002,
12302660,"Lama, Basanta",NEP,M,,,,1831,AUG25,0,20,1963,i
12347078,"Lama, Binod",NEP,M,,,,1630,AUG25,0,40,1992,
12300195,"Lama, Dawa",NEP,M,,,,1899,AUG25,0,20,1971,
12300721,"Lama, Dharam Bahadur",NEP,M,,FI,,1959,AUG25,0,20,1979,i
12318531,"Lama, Dirga Man",NEP,M,,,,1701,AUG25,0,40,1977,
12337307,"Lama, Furba",NEP,M,,,,1769,AUG25,0,20,1995,
12303143,"Lama, Himal",NEP,M,CM,FI,,1975,AUG25,0,20,1993,i
12352314,"Lama, Iswor",NEP,M,,,,1517,AUG25,0,40,2015,
12305766,"Lama, Milan",NEP,M,CM,SI,,1983,AUG25,0,20,2001,
12329592,"Lama, Min Bahadur",NEP,M,,,,1742,AUG25,0,20,1984,i
12358487,"Lama, Om",NEP,M,,,,1767,AUG25,0,40,1983,
12315826,"Lama, Prabesh",NEP,M,,,,1591,AUG25,0,40,2005,i
12304093,"Lama, Prakash Chandra",NEP,M,,,,1731,AUG25,0,20,1959,
12355038,"Lama, Rabindra",NEP,M,,,,1502,AUG25,0,40,1988,
12312606,"Lama, Rajkumar",NEP,M,,,,1846,AUG25,0,20,1989,i
12359220,"Lama, Samyog",NEP,M,,,,1588,AUG25,0,40,2010,
12341835,"Lama, Sherab",NEP,M,,,,1611,AUG25,0,20,2001,i
12308196,"Lama, Shyam",NEP,M,,,,1713,AUG25,0,20,0,i
12355755,"Lama, Siddhartha",NEP,M,,,,1563,AUG25,0,40,2011,
12301850,"Lama, Suman",NEP,M,,,,1893,AUG25,0,20,1987,
12324604,"Lama, Suraj",NEP,M,,,,1788,AUG25,0,20,1987,i
5017432,"Lama, Surbir",NEP,M,,,,2010,AUG25,0,20,1977,i
12324612,"Lama, Surendra",NEP,M,,,,1800,AUG25,5,20,1985,
12347531,"Lama, Tirtha Man",NEP,M,,,,1645,AUG25,0,20,1957,
12338303,"Lamichhane, Saroj",NEP,M,,,,1503,AUG25,0,20,2004,i
12351792,"Lamsal, Bishal",NEP,M,,,,1763,AUG25,0,40,2002,i
12357499,"Lamsal, Nischal",NEP,M,,,,1434,AUG25,0,40,2011,
12351911,"Lamsal, Rachit Raj",NEP,M,,,,1737,AUG25,0,20,1996,
12301868,"Lawat, Asha Narayan",NEP,M,,,,1734,AUG25,0,20,1968,
12354716,"Lawati, Jakendra",NEP,M,,,,1567,AUG25,0,40,1987,
12329304,"Lawati, Khadga Bahadur",NEP,M,,,,1729,AUG25,0,20,1977,i
12354775,"Lawati, Surya",NEP,M,,,,1546,AUG25,0,40,1982,
12349526,"Lawati, Tej Bahadur",NEP,M,,,,1514,AUG25,0,40,1966,i
12359980,"Ligal, Mahendra",NEP,M,,,,1530,AUG25,0,40,1969,
12351229,"Limbu, Aayush",NEP,M,,,,1491,AUG25,0,40,2006,
12366897,"Limbu, Abhinash",NEP,M,,,,1709,AUG25,0,40,2007,
12349534,"Limbu, Atam",NEP,M,,,,1586,AUG25,0,40,2007,
12300926,"Limbu, Bhawani",NEP,M,,,,1815,AUG25,0,20,1958,i
12308463,"Limbu, Bikram Jit",NEP,M,,,,1743,AUG25,0,20,1986,
12312142,"Limbu, Bishnu",NEP,M,,,,1941,AUG25,0,40,1976,i
12326313,"Limbu, Bishnu Lal",NEP,M,,,,1600,AUG25,0,20,1976,i
12336556,"Limbu, Dhan Kumar",NEP,M,,,,1609,AUG25,0,20,1970,i
12326143,"Limbu, Dil Kumar",NEP,M,,,,1598,AUG25,0,20,1978,i
12317721,"Limbu, Hangsha Hang",NEP,M,,,,1737,AUG25,0,40,1985,
12329720,"Limbu, Jasbir Sendan",NEP,M,,,,1743,AUG25,0,20,1971,
12358231,"Limbu, Jiban",NEP,M,,,,1771,AUG25,0,40,1964,i
12301248,"Limbu, Krishna Bahadur",NEP,M,,,,1716,AUG25,0,40,1961,
12326356,"Limbu, Man Bahadur",NEP,M,,,,1511,AUG25,0,40,1979,i
12338311,"Limbu, Manoj",NEP,M,,,,1510,AUG25,0,40,2009,i
12349542,"Limbu, Prashant",NEP,M,,,,1611,AUG25,0,40,2007,
12326119,"Limbu, Prem",NEP,M,,,,1781,AUG25,0,20,1976,i
12302341,"Limbu, Prem",NEP,M,,,,1657,AUG25,0,40,1962,i
12360341,"Limbu, Rakesh",NEP,M,,,,1640,AUG25,0,40,2006,
12348309,"Limbu, Santosh",NEP,M,,,,1604,AUG25,0,40,1968,i
12348317,"Limbu, Sanyam",NEP,M,,,,1575,AUG25,0,40,2008,i
12341878,"Limbu, Sudip",NEP,M,,,,1687,AUG25,0,20,1989,i
12329312,"Limbu, Tika",NEP,F,,,,1445,AUG25,0,40,1979,wi
12307491,"Limbu, Yam Prasad",NEP,M,,NA,,1772,AUG25,0,20,1970,
12305782,"Limbu, Yogesh Tumbahamfe",NEP,M,,,,1810,AUG25,0,40,1980,i
12311987,"Lohani, Sujana",NEP,F,WFM,WFM,,1775,AUG25,0,20,1999,wi
12304395,"Lohani, Suraj",NEP,M,,,,1766,AUG25,0,40,1997,i
12343374,"Luitel, Bedh Prasad",NEP,M,,,,1636,AUG25,0,40,1987,i
12312800,"Maden, Jivan Kumar",NEP,M,,,,1679,AUG25,0,20,1967,i
12359246,"Magar, Abhishek",NEP,M,,,,1641,AUG25,0,40,2006,
12363642,"Magar, Bede Saru",NEP,M,,,,1771,AUG25,5,40,1991,
12306118,"Magar, Bijay",NEP,M,,,,1825,AUG25,0,20,1985,i
12319856,"Magar, Chaman Gaha",NEP,M,,,,1684,AUG25,0,20,1974,
12326402,"Magar, Chitra",NEP,M,,,,1638,AUG25,0,20,1988,i
12363553,"Magar, Rishon Thapa",NEP,M,,,,1605,AUG25,0,40,2013,
12337315,"Magar, Sreejan",NEP,M,,,,1617,AUG25,0,40,2006,i
12348333,"Magarrati, Mohan",NEP,M,,,,1687,AUG25,0,40,1995,i
12327158,"Magrati, Karna",NEP,M,,,,1778,AUG25,0,40,1962,i
12356972,"Mahara, Ayush Kumar",NEP,M,,,,1979,AUG25,0,40,2009,
12334340,"Maharjan, Angel",NEP,F,,,,1646,AUG25,0,40,2011,wi
12306762,"Maharjan, Arjun",NEP,M,,,,1846,AUG25,0,20,1972,
12341088,"Maharjan, Ashwin",NEP,M,,,,1444,AUG25,0,40,2011,
12317772,"Maharjan, Ayush",NEP,M,,,,1568,AUG25,0,40,2004,
12300462,"Maharjan, Bijay",NEP,M,,,,1869,AUG25,0,20,1974,i
5086388,"Maharjan, Dipak",NEP,M,,,,1831,AUG25,0,20,1974,
12313114,"Maharjan, Dipesh",NEP,M,,,,1672,AUG25,0,40,1995,i
12358509,"Maharjan, Dron",NEP,M,,,,1749,AUG25,0,20,2003,
12305790,"Maharjan, Gyanendra",NEP,M,,,,1720,AUG25,0,20,1968,i
12302589,"Maharjan, Herakaji",NEP,M,,,,1890,AUG25,0,20,1967,i
12335681,"Maharjan, Iresh",NEP,M,,,,1533,AUG25,0,40,1988,
12354139,"Maharjan, Ishar",NEP,M,,,,1674,AUG25,0,40,2001,i
12363561,"Maharjan, Jiten",NEP,M,,,,1528,AUG25,0,40,1989,
12334111,"Maharjan, Krijan",NEP,M,,,,ACM,AUG25,1579,5,1999,
12304522,"Maharjan, Krishna Man",NEP,M,,,,1953,AUG25,0,20,1964,i
12311308,"Maharjan, Kumar",NEP,M,,,,1737,AUG25,5,20,1982,
12310050,"Maharjan, Mahesh",NEP,M,,,,1635,AUG25,0,20,0,i
12304409,"Maharjan, Prabin",NEP,M,,,,1761,AUG25,0,20,1979,i
12304760,"Maharjan, Prakash",NEP,M,,,,1651,AUG25,0,40,1973,
12356468,"Maharjan, Pralesh",NEP,M,,,,1516,AUG25,0,40,2011,
12300152,"Maharjan, Prem Krishna",NEP,M,,,,1957,AUG25,7,20,1975,
12300551,"Maharjan, Prem Lal",NEP,M,,,,1724,AUG25,0,20,1954,
12301884,"Maharjan, Radha Krishna",NEP,M,,,,1872,AUG25,0,20,1966,i
12333794,"Maharjan, Raj Bhai",NEP,M,,,,1624,AUG25,0,20,1972,
12355054,"Maharjan, Raj Kumar",NEP,M,,,,1727,AUG25,0,40,1979,i
12329606,"Maharjan, Rajan",NEP,M,,,,1638,AUG25,0,20,1984,i
12301299,"Maharjan, Rajendra",NEP,M,,,,1831,AUG25,0,20,1984,
12355062,"Maharjan, Rajesh",NEP,M,,,,1587,AUG25,0,40,1979,i
12301892,"Maharjan, Raju",NEP,M,,NA,,1597,AUG25,0,20,1984,i
12305979,"Maharjan, Raju",NEP,M,,,,1668,AUG25,0,20,1981,i
12311952,"Maharjan, Ram Krishna",NEP,M,,,,1620,AUG25,0,40,1958,
12313149,"Maharjan, Razin",NEP,M,,,,1813,AUG25,0,40,1998,
12365602,"Maharjan, Rohan",NEP,M,,,,1631,AUG25,10,40,2006,
12311529,"Maharjan, Sabin",NEP,M,,,,1530,AUG25,0,40,1982,
12360589,"Maharjan, Sahil",NEP,M,,,,1629,AUG25,0,40,2008,
12301906,"Maharjan, Sajin",NEP,M,CM,,,2036,AUG25,0,20,1990,
12364860,"Maharjan, Samujal",NEP,M,,,,1633,AUG25,0,40,2010,
12301914,"Maharjan, Sanjay",NEP,M,,NA,,1725,AUG25,0,20,1992,i
12305812,"Maharjan, Sanu",NEP,M,,,,1617,AUG25,0,20,1971,
12326747,"Maharjan, Sanubhai",NEP,M,,,,1822,AUG25,4,20,1990,
12363570,"Maharjan, Sanyam",NEP,M,,,,1549,AUG25,0,40,2009,
12356484,"Maharjan, Sulesh",NEP,M,,,,1650,AUG25,0,40,1983,
12329100,"Maharjan, Suroj",NEP,M,,,,2028,AUG25,7,20,1991,
12300969,"Maharjan, Suryaman",NEP,M,,,,1902,AUG25,0,20,1965,i
12343897,"Mahato, Anuj",NEP,M,,,,1561,AUG25,0,40,2006,i
12312185,"Mahato, Chudamani",NEP,M,,,,1713,AUG25,8,20,1985,
12361550,"Mainali, Dipan",NEP,M,,,,1478,AUG25,0,40,2014,
12361801,"Mainali, Diwash",NEP,M,,,,1515,AUG25,0,40,2003,
12343900,"Mainali, Jessic",NEP,M,,,,1476,AUG25,0,40,2012,
12302600,"Mainali, Jiwan",NEP,M,,,,1782,AUG25,0,20,1982,i
12311634,"Mainali, Kamal",NEP,M,,,,1848,AUG25,0,20,1995,i
12364878,"Maka, Raj Bhai",NEP,M,,,,1653,AUG25,0,40,1965,
12348872,"Maka, Rusak",NEP,M,,,,1460,AUG25,0,40,2007,i
12360368,"Maka, Rushak",NEP,M,,,,1527,AUG25,0,40,2007,
12364886,"Maka, Sanjay",NEP,M,,,,1525,AUG25,0,40,1988,
12300985,"Malakar, Prachand Man",NEP,M,CM,,,1966,AUG25,0,20,1964,i
12304530,"Maleku, Mohan",NEP,M,,,,1819,AUG25,0,20,1960,i
12341908,"Mali, Ramesh",NEP,M,,,,1780,AUG25,0,40,2008,i
12347558,"Mali, Ramesh Bir",NEP,M,,,,1759,AUG25,0,20,1993,
12352330,"Malla, Prasoon",NEP,M,,,,1485,AUG25,0,40,2016,
12329118,"Malla, Rameshwor",NEP,M,,,,1734,AUG25,0,40,1987,
12310280,"Manandhar, Keshab",NEP,M,,,,1831,AUG25,0,20,1996,i
12341924,"Manandhar, Niraj",NEP,M,,,,1464,AUG25,1,20,1995,
12354147,"Manandhar, Piyush",NEP,M,,,,1438,AUG25,0,40,2004,i
12307882,"Manandhar, Prakash",NEP,M,,NA,,1846,AUG25,0,20,1983,i
12366552,"Manandhar, Riyan",NEP,M,,,,1456,AUG25,0,40,2009,
12361810,"Manandhar, Shree Krishna",NEP,M,,,,1782,AUG25,0,40,1987,
12304107,"Manandhar, Shyam",NEP,M,,,,1740,AUG25,0,20,1969,
12359025,"Manandhar, Suman Raj",NEP,M,,,,1758,AUG25,0,40,1989,
12355070,"Marahatta, Kushal",NEP,M,,,,1593,AUG25,0,40,2000,i
12308358,"Menyangbo, Rajkumar",NEP,M,,,,1722,AUG25,0,20,1979,i
12358517,"Mijar, Binayak",NEP,M,,,,1430,AUG25,0,40,2008,
12338672,"Mishra, Aashutosh",NEP,M,,,,1539,AUG25,0,40,2005,i
12360376,"Mohamad, Rasid",NEP,M,,,,1769,AUG25,0,40,1999,
12341932,"Moktan, Jhilke",NEP,M,,,,1762,AUG25,0,20,1979,
12316342,"Moktan, Suman",NEP,M,,,,1768,AUG25,6,20,1981,
12339067,"Mukarung, Arya",NEP,M,,,,1659,AUG25,0,40,2006,i
12312320,"Mukhiya, Khusi",NEP,F,,,,1595,AUG25,0,20,2003,wi
12341959,"Nagarkoti, Amrit",NEP,M,,,,1656,AUG25,0,20,1990,
12309397,"Nalmi, Binod",NEP,M,,,,1795,AUG25,0,20,1970,i
12300098,"Napit, Balaram",NEP,M,,,,1873,AUG25,0,20,1970,i
12307513,"Napit, Krishna Gopal",NEP,M,,,,1753,AUG25,0,20,1965,
12320137,"Nath, Kapildev",NEP,M,,,,1719,AUG25,0,20,1990,
12357006,"Nayak, Aditya",NEP,M,,,,1538,AUG25,0,40,2008,
12316822,"Nepal, Gaurab",NEP,M,,,,1566,AUG25,0,20,2003,i
12300993,"Nepal, Prakash Chandra",NEP,M,,NA,,2021,AUG25,0,20,1990,
12348350,"Nepal, Ritesh Raj",NEP,M,,,,1666,AUG25,0,40,2002,i
12360384,"Nepal, Sudin",NEP,M,,,,1734,AUG25,0,20,2004,
12300020,"Nepali, Badrilal",NEP,M,,,,2054,AUG25,12,20,1964,
12361828,"Nepali, Dala",NEP,M,,,,1496,AUG25,0,40,2008,
12334367,"Neuapne, Rajan",NEP,M,,,,1653,AUG25,0,20,1962,i
12315079,"Neupane, Anish",NEP,M,,,,1906,AUG25,0,40,2002,i
12311642,"Neupane, Anisha",NEP,F,,,,1663,AUG25,0,20,2002,wi
12354155,"Neupane, Bignesh",NEP,M,,,,1465,AUG25,0,40,2002,i
12340120,"Neupane, Binod",NEP,M,,,,1453,AUG25,0,40,1965,i
12363588,"Neupane, Gaurav",NEP,M,,,,1856,AUG25,0,40,2001,
12338680,"Neupane, Gokarna",NEP,M,,,,1592,AUG25,0,20,1991,i
12316830,"Neupane, Jagaran",NEP,M,,,,1708,AUG25,0,20,1995,i
12328235,"Neupane, Namrata",NEP,F,,,,1459,AUG25,0,20,2003,wi
12344850,"Neupane, Sajal",NEP,M,,,,1751,AUG25,6,40,2009,
12313742,"Neupane, Sampurnaraj",NEP,M,,,,1534,AUG25,0,40,2007,i
12334863,"Neupane, Sanjan",NEP,M,,,,1653,AUG25,0,20,2003,i
12323160,"Neupane, Shailendra",NEP,M,,,,1943,AUG25,6,20,1978,
12348880,"Neupane, Shuvam",NEP,M,,,,1768,AUG25,0,20,2005,i
12306134,"Ninglekhu, Deu Kumar",NEP,M,,,,1783,AUG25,0,20,1968,i
12300128,"Niraula, Bhupendra",NEP,M,CM,FI,,2009,AUG25,0,20,1981,i
12348376,"Niraula, Tika Ram",NEP,M,,,,1617,AUG25,0,40,1993,i
12367494,"Niroula, Pujan",NEP,M,,,,1575,AUG25,7,40,1997,
12364363,"Ojha, Khem Raj",NEP,M,,,,1480,AUG25,0,40,2003,
12328146,"Ojha, Prakash",NEP,M,,,,1710,AUG25,0,40,1973,
12327581,"Oli, Madan",NEP,M,,NA,,1642,AUG25,0,20,1997,
12318701,"Pachi, Roman",NEP,M,,,,1854,AUG25,0,20,1998,i
12301930,"Pahadi, Rajan",NEP,M,,NA,,1697,AUG25,0,20,1990,i
12361569,"Pakhrin, Basanta",NEP,M,,,,1519,AUG25,2,40,2005,
12311499,"Pakka, Ramesh",NEP,M,,,,1671,AUG25,0,20,1980,i
12314390,"Palikhel, Rupesh Prasad",NEP,M,,,,1653,AUG25,0,20,1994,
12363596,"Pandey, Abhinav",NEP,M,,,,1557,AUG25,4,40,2009,
12303712,"Pandey, Abhishek",NEP,M,,,,1732,AUG25,0,20,2000,i
12329746,"Pandey, Abin",NEP,M,,,,1546,AUG25,0,40,2012,
12300101,"Pandey, Bheem Datt",NEP,M,,,,1867,AUG25,0,20,1973,
12367508,"Pandey, Dev Raj",NEP,M,,,,1617,AUG25,7,40,2004,
12327573,"Pandey, Madan Kumar",NEP,M,,,,1682,AUG25,0,40,1981,
12338699,"Pandey, Nirajan",NEP,M,,,,1645,AUG25,0,20,2003,i
12319171,"Pandey, Purusottam",NEP,M,,,,1701,AUG25,0,20,2003,i
12361836,"Pandey, Sambid",NEP,M,,,,1736,AUG25,0,40,2008,
12337340,"Pandeya, Arjun",NEP,M,,,,1641,AUG25,0,20,1989,
12362107,"Pandit, Ashok",NEP,M,,,,1750,AUG25,0,40,2004,
12328928,"Pandit, Ishan",NEP,M,,,,1496,AUG25,0,20,2004,i
12304808,"Pandit, Suraj",NEP,M,,,,1827,AUG25,0,20,1987,i
12334146,"Pangeni, Sabin",NEP,M,,,,1550,AUG25,0,20,1997,i
12364371,"Pant, Aalok",NEP,M,,,,1622,AUG25,0,40,2006,
12341150,"Pant, Hardik",NEP,M,,,,1573,AUG25,3,40,2014,
12346705,"Pant, Ishan",NEP,M,,,,1670,AUG25,0,40,2010,
12355836,"Pant, Kaivalya",NEP,M,,,,1578,AUG25,0,40,2012,
12355844,"Pant, Pragya",NEP,F,,,,1410,AUG25,0,40,2010,w
12357049,"Pant, Sarthak",NEP,M,,,,1581,AUG25,4,40,2011,
12349143,"Panta, Aayush",NEP,M,,,,1674,AUG25,0,40,2001,i
12316482,"Panta, Devaki",NEP,F,,NA,,1543,AUG25,0,20,1997,wi
12342467,"Panta, Hardik",NEP,M,,,,1503,AUG25,0,40,2004,i
12367516,"Panta, Shivaji",NEP,M,,,,1502,AUG25,6,40,2006,
12312061,"Panta, Sumit",NEP,M,,,,1986,AUG25,0,20,1992,i
12343919,"Panthee, Oscar",NEP,M,,,,1598,AUG25,0,40,2012,
12357600,"Panthee, Shashwot",NEP,M,,,,1504,AUG25,0,40,2007,
12357618,"Panthee, Shulabha",NEP,M,,,,1603,AUG25,0,40,2013,
12358541,"Panthee, Sulav",NEP,M,,,,1483,AUG25,0,40,2014,
12315540,"Panthi, Baburam",NEP,M,,,,1798,AUG25,0,20,1976,i
12313750,"Parajuli, Bishwo",NEP,M,,,,1741,AUG25,0,20,1991,i
12349658,"Parajuli, Kshitiz",NEP,M,,,,1737,AUG25,0,40,2001,i
12300594,"Parajuli, Rajendra Kumar",NEP,M,CM,,,1836,AUG25,0,20,1981,i
12360597,"Parajuli, Saurav",NEP,M,,,,1449,AUG25,0,40,2008,
12354163,"Pariyar, Arjun",NEP,M,,,,1565,AUG25,0,40,2009,
12338346,"Pariyar, Niruta",NEP,F,,,,1518,AUG25,0,40,2009,w
12344990,"Pariyar, Prakash Kumar",NEP,M,,NA,,1491,AUG25,0,40,1990,
12357634,"Patel, Prince",NEP,M,,,,1517,AUG25,0,40,2005,
12341983,"Pathak, Shivam",NEP,M,,,,1560,AUG25,0,40,2008,i
5010497,"Pathak, Tekendra Raj",NEP,M,,,,1961,AUG25,0,20,1971,
12315559,"Paudel , Gobind Prasad",NEP,M,,,,1861,AUG25,0,20,1983,
12339466,"Paudel, Avigya",NEP,M,,,,1622,AUG25,0,40,2005,i
12316857,"Paudel, Nirjala",NEP,F,,,,1442,AUG25,0,40,2005,wi
12348902,"Paudel, Rohan",NEP,M,,,,1687,AUG25,0,40,2005,i
12348910,"Paudel, Shiva Prasad",NEP,M,,,,1522,AUG25,0,40,1986,i
12312886,"Paudel, Yubraj",NEP,M,,,,1863,AUG25,0,20,2002,i
12326453,"Phanait, Sangam Kumar",NEP,M,,,,1729,AUG25,0,20,1994,i
12312649,"Phuyal, Aashish",NEP,M,,,,2117,AUG25,7,20,1997,
12347590,"Phuyal, Abinav",NEP,M,,,,1477,AUG25,0,40,2009,
12349950,"Phuyal, Gobinda",NEP,M,,,,1573,AUG25,0,40,1979,
12354171,"Phuyal, Prayash",NEP,M,,,,1554,AUG25,0,40,2002,
12318710,"Poddar, Aman",NEP,M,,,,1471,AUG25,0,20,2001,i
12359289,"Poddar, Safal Babu",NEP,M,,,,1530,AUG25,0,40,2009,
12347604,"Pokharel, Ashish",NEP,M,,,,1597,AUG25,0,40,2002,i
12338362,"Pokharel, Binayak",NEP,M,,,,1665,AUG25,0,20,1991,
12337544,"Pokharel, Pujan",NEP,M,,,,1588,AUG25,0,20,1999,i
12338370,"Pokharel, Utsarga",NEP,M,,,,1722,AUG25,0,20,1999,
12343412,"Pokhrel, Ankit",NEP,M,,,,1649,AUG25,0,40,2006,
12352357,"Pokhrel, Ankur",NEP,M,,,,1580,AUG25,1,40,2018,
12302988,"Pokhrel, Anup",NEP,M,,,,1778,AUG25,0,20,1982,i
12308404,"Pokhrel, Gopal Prasad",NEP,M,,,,1845,AUG25,0,20,0,i
12342475,"Pokhrel, Prabhash",NEP,M,,,,1517,AUG25,0,40,2001,
12306150,"Pokhrel, Rajan Kumar",NEP,M,,,,1853,AUG25,0,20,1981,i
12360600,"Pokhrel, Rishab",NEP,M,,,,1468,AUG25,0,40,2004,
12330876,"Pokhrel, Sangam",NEP,M,,NA,,1663,AUG25,0,40,1998,
12337552,"Pokhrel, Santosh",NEP,M,,,,1651,AUG25,0,40,1996,i
12315877,"Pokhrel, Saurav",NEP,M,,,,1655,AUG25,0,20,2002,i
12315885,"Pokhrel, Shreedhar",NEP,M,,,,1703,AUG25,0,20,1993,i
12363286,"Poudel, Aarav",NEP,M,,,,1470,AUG25,0,40,2013,
12336580,"Poudel, Abhinaya",NEP,M,,,,1636,AUG25,0,40,2007,i
12362786,"Poudel, Ankit",NEP,M,,,,1687,AUG25,0,40,2011,
12355100,"Poudel, Arbin",NEP,M,,,,1647,AUG25,0,40,2009,i
12353639,"Poudel, Ayan",NEP,M,,,,1541,AUG25,0,40,2009,
12307521,"Poudel, Devi Prasad",NEP,M,,,,1627,AUG25,0,40,1975,
12310573,"Poudel, Ganesh",NEP,M,,,,1661,AUG25,0,20,1997,i
12312657,"Poudel, Govinda",NEP,M,,,,1773,AUG25,0,40,1983,
12314897,"Poudel, Govinda Prasad",NEP,M,,,,1831,AUG25,0,40,1972,
12349666,"Poudel, Manish",NEP,M,,,,1587,AUG25,0,40,2008,
12354180,"Poudel, Nandit",NEP,M,,,,1624,AUG25,0,40,2010,i
12332895,"Poudel, Raju",NEP,M,,,,1753,AUG25,0,40,1974,
12309931,"Poudel, Shiv Prasad",NEP,M,,NA,,1622,AUG25,2,20,1970,
12348384,"Poudel, Shiva Prasad",NEP,M,,,,1756,AUG25,0,40,1987,i
12335711,"Poudel, Sonish",NEP,M,,,,1621,AUG25,0,20,2001,i
12350800,"Poudel, Sovit",NEP,M,,,,1503,AUG25,0,40,1988,
12336629,"Poudel, Sudip",NEP,M,,,,1715,AUG25,0,20,2004,i
12354198,"Poudel, Sulav",NEP,M,,,,1537,AUG25,0,40,2008,
12338389,"Poudel, Sushant",NEP,M,,,,1668,AUG25,0,20,1998,i
12364894,"Poudyal, Sandesh",NEP,M,,,,1648,AUG25,0,40,2009,
12301957,"Pradhan, Mohan Singh",NEP,M,,,,1654,AUG25,5,20,1959,
12326470,"Pradhan, Nabin",NEP,M,,,,1617,AUG25,0,40,1998,i
12301418,"Pradhan, Rahul Chau",NEP,M,,,,1787,AUG25,6,20,1984,
12340251,"Pradhan, Sangita",NEP,F,,NA,,1491,AUG25,0,20,1982,wi
12355860,"Pradhan, Shubhanga",NEP,M,,,,1518,AUG25,5,40,2017,
12324884,"Prajapati, Anish",NEP,M,,,,1617,AUG25,0,20,1998,
12301965,"Prajapati, Bhairaja",NEP,M,,,,1725,AUG25,0,40,1978,
12359300,"Prajapati, Kripa",NEP,F,,,,1612,AUG25,0,40,2009,w
12343927,"Prajapati, Kushal",NEP,M,,,,1559,AUG25,0,40,2011,
12300543,"Prajapati, Niranjan",NEP,M,,,,1924,AUG25,0,20,1984,i
12301973,"Prajapati, Raj",NEP,M,,,,1812,AUG25,0,20,1998,i
12364916,"Prajapati, Rojan",NEP,M,,,,1686,AUG25,0,40,1995,
12348937,"Prajapati, Sabid",NEP,M,,,,1539,AUG25,0,40,2011,
12332283,"Prajapati, Shashi",NEP,M,,,,1692,AUG25,0,40,1997,i
12350818,"Prajapati, Shasi",NEP,M,,,,1706,AUG25,0,40,1980,
12364398,"Prajapati, Sohan",NEP,M,,,,1579,AUG25,0,40,2011,
12310310,"Prajapati, Suresh",NEP,M,,,,1699,AUG25,0,20,1986,i
12304158,"Prajapati, Suryasan",NEP,M,,,,1752,AUG25,0,20,1988,
12367010,"Prasai, Tulashi",NEP,M,,,,1559,AUG25,0,40,1970,
12307548,"Prasain, Punam",NEP,F,,NA,,1491,AUG25,0,20,2003,w
12334324,"Prof. DR. Karki, Indra Bahadur",NEP,M,,,,1674,AUG25,0,20,1959,
12364401,"Pudasaini, Aashutosh",NEP,M,,,,1651,AUG25,0,40,2005,
12311995,"Pudasaini, Aava",NEP,F,,,,1624,AUG25,0,20,2003,wi
12311650,"Pudasaini, Biraj",NEP,M,,,,1705,AUG25,0,20,2002,i
12324019,"Pudasaini, Niranjan",NEP,M,,,,1792,AUG25,0,20,1979,
12324027,"Pudasaini, Ramesh",NEP,M,,,,1632,AUG25,0,20,1980,
12315389,"Pun, Babidewal",NEP,M,,,,1703,AUG25,0,20,1994,i
12353221,"Pun, Harka Bahadur",NEP,M,,,,1532,AUG25,0,40,1967,
12330884,"Pun, Khim Bahadur",NEP,M,,,,1675,AUG25,0,40,2005,
12347620,"Pun, Niraj",NEP,M,,,,1403,AUG25,0,40,1998,
12337366,"Purbey, Laxmi Kumar",NEP,M,,,,1547,AUG25,0,40,1990,i
12361070,"Puri, Danisha",NEP,F,,,,1505,AUG25,0,40,2006,w
12300500,"Puri, Rajan",NEP,M,,,,1918,AUG25,6,20,1981,
12305154,"Pyakurel, Jhamak Prasad",NEP,M,,,,1727,AUG25,0,20,1960,i
12360619,"Rai, Aastha Ashim",NEP,M,,,,1594,AUG25,0,40,1995,
12304573,"Rai, Abiral",NEP,M,,,,1876,AUG25,0,20,1971,
12359343,"Rai, Abit",NEP,M,,,,1719,AUG25,0,40,2008,
12320846,"Rai, Akash",NEP,M,,,,1624,AUG25,0,40,2005,i
12364924,"Rai, Aman",NEP,M,,,,1670,AUG25,0,40,1998,
12346764,"Rai, Anmol",NEP,M,,,,1548,AUG25,0,40,2011,
12340570,"Rai, Bhagat Kumar",NEP,M,,,,1455,AUG25,0,40,1971,i
12300381,"Rai, Bikram",NEP,M,,,,1634,AUG25,0,20,0,
12334154,"Rai, Binay",NEP,M,,,,1774,AUG25,0,20,2002,
12303186,"Rai, Chudamani Kulung",NEP,M,,,,1791,AUG25,4,20,1969,
12361577,"Rai, Daya Hang",NEP,M,,,,1494,AUG25,0,40,2011,
12362123,"Rai, Deyahang",NEP,M,,,,1586,AUG25,0,40,2011,
12334162,"Rai, Dhiren",NEP,M,,,,2007,AUG25,13,20,1995,
12334383,"Rai, Dipendra K",NEP,M,,,,1701,AUG25,0,20,1991,i
12326879,"Rai, Ganesh",NEP,M,,,,1569,AUG25,0,40,1984,i
12302406,"Rai, Himal",NEP,M,,NA,,1892,AUG25,5,20,1985,
12312100,"Rai, Keshav",NEP,M,,,,1654,AUG25,0,40,1975,i
12325155,"Rai, Khila Raj",NEP,M,,,,1728,AUG25,4,40,1977,
12340278,"Rai, Kishor Dev",NEP,M,,,,1659,AUG25,0,20,1970,
12348406,"Rai, Kiswor Dev",NEP,M,,,,1759,AUG25,0,40,1970,i
12340286,"Rai, Lalit Bahadur",NEP,M,,NA,,1723,AUG25,0,20,1996,
12339784,"Rai, Narayan",NEP,M,,,,1592,AUG25,0,40,1982,
12319678,"Rai, Narendra",NEP,M,,,,1773,AUG25,0,40,1969,
12350834,"Rai, Niresh",NEP,M,,,,1546,AUG25,0,40,1986,i
12318388,"Rai, Nishan",NEP,M,,,,1603,AUG25,5,40,2002,
12363626,"Rai, Pranam",NEP,M,,,,1577,AUG25,0,40,2002,
12350842,"Rai, Pyaspi",NEP,M,,,,1595,AUG25,0,40,2005,
12346772,"Rai, Raj Kumar",NEP,M,,,,1707,AUG25,0,20,1984,
12352608,"Rai, Raj Kumar",NEP,M,,,,1597,AUG25,0,40,1990,
12301043,"Rai, Rajendra",NEP,M,,,,1859,AUG25,0,20,1983,i
12366579,"Rai, Rajesh",NEP,M,,,,1849,AUG25,0,40,1988,
12324914,"Rai, Rajkumar",NEP,M,,,,1737,AUG25,0,40,2006,i
12360856,"Rai, Raju",NEP,M,,,,1607,AUG25,0,40,1999,
12313416,"Rai, Ranjit",NEP,M,,,,1775,AUG25,0,20,1993,i
12352616,"Rai, Ridam",NEP,M,,,,1500,AUG25,0,40,2013,
12367524,"Rai, Rojan",NEP,M,,,,1585,AUG25,7,40,2001,
12349151,"Rai, Sakar",NEP,M,,,,1583,AUG25,0,40,2003,
12302015,"Rai, Sanjay",NEP,M,,,,1684,AUG25,0,20,1987,i
12359351,"Rai, Smaran",NEP,M,,,,1644,AUG25,0,40,2006,
12349801,"Rai, Subash",NEP,M,,,,1666,AUG25,0,40,1999,
12320242,"Rai, Sukdev",NEP,M,,,,1720,AUG25,0,20,1983,i
12302821,"Rai, Suman",NEP,M,,,,1873,AUG25,0,20,1989,i
12307572,"Rai, Surendra Kumar",NEP,M,,,,1839,AUG25,0,20,1974,
12341177,"Rai, Suresh",NEP,M,,,,1626,AUG25,0,20,1984,
12307580,"Rai, Tirtha Man",NEP,M,,,,1693,AUG25,0,40,1972,
12300373,"Rai, Umesh",NEP,M,,,,1850,AUG25,5,20,1980,
12343080,"Rai, Yogesh",NEP,M,,,,1500,AUG25,0,40,2010,i
12302422,"Raj Karnikar, Budhhi",NEP,M,,,,1773,AUG25,0,40,0,i
12300144,"Rajbahak, Anil",NEP,M,,,,1935,AUG25,0,20,1979,
12307912,"Rajbahak, Shyam",NEP,M,,,,1668,AUG25,0,20,1964,
12361607,"Rajbanshi, Ronish",NEP,M,,,,1711,AUG25,0,40,2005,
12300403,"Rajbhandari, Rijendra",NEP,M,FM,,,1973,AUG25,0,20,1974,
12355143,"Rajbhandari, Sachin",NEP,M,,,,1525,AUG25,0,40,1981,i
12324922,"Rajchal, Ganjanman",NEP,M,,,,1605,AUG25,0,20,1974,i
12346799,"Rajkarnikar, Bijesh",NEP,M,,,,1857,AUG25,6,20,1996,
12355909,"Rajkarnikar, Buddhi",NEP,M,,,,1710,AUG25,0,40,1966,
12308544,"Rajkarnikar, Prakash Raj",NEP,M,,,,1588,AUG25,0,40,1961,
12358592,"Rajopadhaya, Apoorva",NEP,M,,,,1556,AUG25,0,40,2014,
12349160,"Rajopadhyay, Babin",NEP,M,,,,1669,AUG25,0,40,1994,i
12354244,"Rajopadhyaya, Apoorva",NEP,M,,,,1440,AUG25,0,40,2014,
12360864,"Rajopadhyaya, Niju",NEP,M,,,,1425,AUG25,0,40,2007,
12329142,"Ramtel, Prachanda",NEP,M,,,,1623,AUG25,0,20,1981,i
12359386,"Rana, Arnavraj",NEP,M,,,,1472,AUG25,0,40,2011,
12340332,"Rana, Buddhikala",NEP,F,,,,1528,AUG25,0,20,2002,wi
12317250,"Rana, Phulchan",NEP,M,,,,1705,AUG25,0,20,1985,
12349283,"Rana, Subinda",NEP,M,,,,1466,AUG25,0,40,2009,
12331830,"Ranabhat, Narendra",NEP,M,,,,1561,AUG25,0,40,1971,
12363634,"Ranabhat, Sujan",NEP,M,,,,1782,AUG25,0,40,2008,
12365700,"Ranjitkar, Girish Man",NEP,M,,,,1784,AUG25,0,40,1985,
12348465,"Rasaili, Yubraj",NEP,M,,,,1685,AUG25,0,40,1992,i
12342033,"Rathi, Harshvardhan",NEP,M,,,,1641,AUG25,6,40,2011,
12306827,"Rauniyar, Deepak Kumar",NEP,M,,,,1803,AUG25,0,20,1965,i
12300616,"Rauniyar, Rakesh",NEP,M,,,,1835,AUG25,0,20,1982,i
12358606,"Raut, Abhishek",NEP,M,,,,1609,AUG25,0,40,2008,
12316610,"Raut, Samiksha",NEP,F,,,,1436,AUG25,0,20,2002,wi
12346810,"Raut, Suraj",NEP,M,,,,1609,AUG25,0,40,2006,
12316628,"Raut, Sushil",NEP,M,,,,1707,AUG25,0,20,2003,
12300420,"Rawal, Basant",NEP,M,,,,1857,AUG25,0,20,1967,
12336025,"Rawal, Nirajan",NEP,M,,,,1615,AUG25,0,20,2003,i
12327557,"Rawal, Nirak Bahadur",NEP,M,,,,1612,AUG25,0,20,1970,
12319872,"Rawal, Purna Bahadur",NEP,M,,,,1567,AUG25,0,20,1998,i
12312860,"Ray, Suraj",NEP,M,,,,1808,AUG25,0,20,1988,i
12313777,"Raymajhi, Madan",NEP,M,,,,1820,AUG25,0,20,1966,
12359840,"Regmi, Aatish",NEP,M,,,,1681,AUG25,0,40,2011,
12302058,"Regmi, Laxman Kumar",NEP,M,,,,1815,AUG25,0,20,1953,i
12365360,"Rijal, Aadarsha",NEP,M,,,,1751,AUG25,0,40,2007,
12321966,"Rijal, Aayush",NEP,M,,,,1437,AUG25,0,40,2006,i
12345814,"Rimal, Aabhash",NEP,M,,,,1474,AUG25,0,40,2012,i
12357790,"Rimal, Nischal",NEP,M,,,,1501,AUG25,0,40,2009,
12341207,"Rimal, Rhythm",NEP,M,,,,1438,AUG25,0,40,2011,
12360406,"Rimal, Sushant",NEP,M,,,,1721,AUG25,0,40,2007,
12301264,"Roka, Milan",NEP,M,,,,1794,AUG25,0,20,1980,
12355151,"Rokaya, Bikal",NEP,M,,,,1506,AUG25,0,40,1994,i
12316580,"Rokaya, Yagya",NEP,M,,,,1853,AUG25,0,20,1995,i
12302570,"Rupacha, Padam",NEP,M,,,,1834,AUG25,0,20,1989,i
12335746,"Rupakheti, Bharat",NEP,M,,,,1623,AUG25,0,20,1982,i
12334391,"Sah, Deepak",NEP,M,,,,1626,AUG25,0,20,1992,i
12364681,"Sah, Guddu",NEP,M,,,,1479,AUG25,0,40,2012,
12362808,"Sah, Kartikke",NEP,M,,,,1590,AUG25,0,40,2005,
12347973,"Sah, Sakshi",NEP,F,,,,1638,AUG25,0,40,2002,wi
12358622,"Sah, Shivam Kumar",NEP,M,,,,1470,AUG25,0,40,2000,
12335118,"Sahani, Roshan",NEP,M,,,,1615,AUG25,0,20,2002,i
12306363,"Sahu, Panch Kumar",NEP,M,,,,1604,AUG25,0,20,1970,
12329789,"Sahu, Pradip",NEP,M,,,,1675,AUG25,0,20,1999,
12328189,"Sai, Sagar",NEP,M,,,,1815,AUG25,0,20,1990,i
12339490,"Sainju, Agrim",NEP,M,,,,1570,AUG25,0,40,2014,
12357839,"Sainju, Anannya",NEP,F,,,,1472,AUG25,0,40,2013,w
12311286,"Sainju, Bal Krishna",NEP,M,,,,1847,AUG25,0,20,1970,i
12303771,"Sainju, Naresh",NEP,M,,,,1929,AUG25,0,40,1964,i
12301205,"Sainju, Umesh",NEP,M,,,,1896,AUG25,0,20,1973,i
12316253,"Samba, Lok Sagar",NEP,M,,,,1791,AUG25,0,20,1982,
12307262,"Sambahamphe, Mahendra Kumar",NEP,M,,,,1859,AUG25,7,20,1980,
12304930,"Sanjel, Balram",NEP,M,,,,1813,AUG25,0,20,1975,i
12305839,"Sanjel, Devendra",NEP,M,,,,1644,AUG25,0,20,1986,
12320315,"Sanjel, Muktinath",NEP,M,,,,1811,AUG25,0,20,1976,i
12341215,"Sapkota, Aayon Bishal",NEP,M,,,,1543,AUG25,0,40,2009,
12319031,"Sapkota, Juna Nath",NEP,M,,,,1756,AUG25,0,20,1986,i
12325171,"Sapkota, Nirmal",NEP,M,,,,1792,AUG25,0,20,1992,
12355372,"Sapkota, Nishant",NEP,M,,,,1693,AUG25,0,40,2006,
12334197,"Sapkota, Sagar",NEP,M,,,,1656,AUG25,0,20,1998,i
12324400,"Sapkota, Satjal Babu",NEP,M,,,,1688,AUG25,0,20,2003,i
12360422,"Sarawogi, Sparsh",NEP,M,,,,1566,AUG25,0,40,2009,
12354279,"Saud, Bishal",NEP,M,,,,1720,AUG25,0,40,2006,i
12355160,"Saud, Sushil Singh",NEP,M,,,,1652,AUG25,0,40,2006,i
12315672,"Sedhai, Naman",NEP,F,,,,1521,AUG25,0,20,2001,wi
12354899,"Serma, Santosh",NEP,M,,,,1535,AUG25,0,40,1980,
12311839,"Seth, Laxman Kumar",NEP,M,,NA,,1751,AUG25,0,20,1971,
12319481,"Sewacharya, Bijeshwor",NEP,M,,,,1837,AUG25,0,20,1986,i
12339504,"Shah, Abheek",NEP,M,,,,AIM,AUG25,1928,0,2009,
12360082,"Shah, Arshid Adeep",NEP,M,,,,1937,AUG25,0,40,1985,
12345237,"Shah, Ayush",NEP,M,,,,1726,AUG25,0,40,2008,i
12359408,"Shah, Chandan Kumar",NEP,M,,,,1619,AUG25,0,40,2008,
12337870,"Shah, Diwakar",NEP,M,,,,1707,AUG25,0,20,1970,i
12302074,"Shah, Krishna",NEP,M,,,,1863,AUG25,0,20,1990,i
12354287,"Shah, Ritesh",NEP,M,,,,1739,AUG25,0,40,1999,i
12334413,"Shah, Satish",NEP,M,,,,1465,AUG25,0,40,2005,
12351830,"Shah, Satish Kumar",NEP,M,,,,1662,AUG25,0,40,2000,i
12360660,"Shah, Shivam Kumar",NEP,M,,,,1580,AUG25,0,40,2009,
12358649,"Shah, Suraj",NEP,M,,,,1602,AUG25,0,40,1997,
12308439,"Shah, Umesh",NEP,M,,,,1795,AUG25,0,20,1991,i
12364703,"Shahi, Bishesh",NEP,M,,,,1688,AUG25,0,40,2008,
12304611,"Shahi, Gagan Bahadur",NEP,M,,,,1704,AUG25,0,20,0,i
12361615,"Shahi, Muskan",NEP,M,,,,1501,AUG25,0,40,1992,
12348961,"Shahi, Rabin",NEP,M,,,,1564,AUG25,0,40,1977,
12329177,"Shahi, Rajan",NEP,M,,,,1768,AUG25,0,20,1989,i
12363839,"Shahi, Saurav",NEP,M,,,,1510,AUG25,7,40,2012,
12311677,"Shakya, Amin",NEP,M,,,,1818,AUG25,0,20,1997,
12341223,"Shakya, Ancil",NEP,M,,,,1534,AUG25,0,40,2009,
12349178,"Shakya, Jilak Ratna",NEP,M,,,,1558,AUG25,0,40,2009,i
12301078,"Shakya, Meyak Raj",NEP,M,,,,1875,AUG25,0,20,1970,i
12301086,"Shakya, Rabindra",NEP,M,,,,1910,AUG25,0,20,1958,i
12361623,"Shakya, Rohan",NEP,M,,,,1659,AUG25,0,40,1997,
12310891,"Shakya, Rukesh",NEP,M,,,,1722,AUG25,0,40,1980,i
12347663,"Shakya, Sujan",NEP,M,,,,1664,AUG25,0,40,1997,
12334421,"Shankar, Kumar",NEP,M,,,,1694,AUG25,0,20,1985,i
12309508,"Sharma , Buddhiraj",NEP,M,,,,1785,AUG25,0,20,0,
12300624,"Sharma, Bhagawati Prasad",NEP,M,CM,,,1941,AUG25,0,20,1967,
12337404,"Sharma, Raghab",NEP,M,,,,1536,AUG25,0,20,2003,i
12334430,"Sharma, Ramkrishna",NEP,M,,,,1536,AUG25,0,20,1964,i
12338427,"Sharma, Shirish",NEP,M,,,,1652,AUG25,0,20,1991,
12339148,"Sharma, Sirish",NEP,M,,,,1625,AUG25,0,20,1990,
12366595,"Sharma, Subash",NEP,M,,,,1507,AUG25,0,40,1982,
12329878,"Sharma, Sushant",NEP,M,,,,1854,AUG25,0,20,1993,i
12357863,"Sherchan, Kelvin",NEP,M,,,,1560,AUG25,0,40,2006,
12333956,"Sherpa, Gyaljen",NEP,M,,,,1783,AUG25,0,20,1973,i
12341240,"Sherpa, Kunjan",NEP,M,,,,1668,AUG25,0,40,2007,i
12312371,"Sherpa, Ngima",NEP,M,,,,1809,AUG25,0,20,1992,
12322946,"Shiwakoti, Kabindra",NEP,M,,,,1758,AUG25,0,20,2001,
12338710,"Shrestha, Aashish",NEP,M,,NA,,1597,AUG25,0,40,1990,
12363707,"Shrestha, Abhishek",NEP,M,,,,1904,AUG25,0,40,2001,
12328774,"Shrestha, Abishrey",NEP,M,,,,1796,AUG25,0,40,2005,
12363715,"Shrestha, Ajay",NEP,M,,,,1590,AUG25,0,40,1998,
12327379,"Shrestha, Anjan",NEP,M,,,,1754,AUG25,6,20,1993,
12337412,"Shrestha, Anup",NEP,M,,,,1519,AUG25,0,20,2003,
12342165,"Shrestha, Arya",NEP,M,,,,1675,AUG25,0,40,2007,i
12306533,"Shrestha, Ashok Mohan",NEP,M,,,,1881,AUG25,0,20,1970,
12333972,"Shrestha, Babu Raja",NEP,M,,,,1660,AUG25,0,40,1969,
12306410,"Shrestha, Bibek",NEP,M,,,,1826,AUG25,0,20,2000,i
12303780,"Shrestha, Bijay Man",NEP,M,,,,1894,AUG25,0,20,1959,i
12323179,"Shrestha, Bijaya Kumar",NEP,M,,,,1563,AUG25,0,20,1988,i
12318760,"Shrestha, Bijendra Prasad",NEP,M,,,,1720,AUG25,0,40,1998,
12363723,"Shrestha, Bikash Man",NEP,M,,,,1627,AUG25,0,40,1965,
12307920,"Shrestha, Bikram Dhoj",NEP,M,,,,1829,AUG25,0,20,1992,i
12300047,"Shrestha, Bilam Lal",NEP,M,FM,,,1976,AUG25,0,20,1964,
12310336,"Shrestha, Bishal Kumar",NEP,M,,,,1603,AUG25,0,20,1993,i
12338443,"Shrestha, Dharma Raj",NEP,M,,,,1743,AUG25,0,20,1981,i
12364452,"Shrestha, Dhiren",NEP,M,,,,1464,AUG25,0,40,2006,
12325570,"Shrestha, Dipesh",NEP,M,,,,1528,AUG25,0,40,2002,i
12317071,"Shrestha, Ganesh",NEP,M,,,,1611,AUG25,0,40,1980,
12301116,"Shrestha, Gopal",NEP,M,,,,1724,AUG25,0,40,1968,
12302147,"Shrestha, Govinda Man",NEP,M,,NA,,1777,AUG25,0,20,1981,i
12300691,"Shrestha, Gyanendra Prasad",NEP,M,,,,1785,AUG25,0,20,1954,
12349305,"Shrestha, Gyanesh Kumar",NEP,M,,,,1534,AUG25,0,40,1984,
12318574,"Shrestha, Hari Bahadur",NEP,M,,,,1743,AUG25,0,20,1988,i
12311090,"Shrestha, Harsit",NEP,M,,,,1917,AUG25,0,20,0,i
12355178,"Shrestha, Heera Kaji",NEP,M,,,,1721,AUG25,0,40,1955,
12366617,"Shrestha, Hera Kaji",NEP,M,,,,1430,AUG25,0,40,1960,
12329886,"Shrestha, Hiradaya",NEP,M,,,,1739,AUG25,0,20,1971,i
12329649,"Shrestha, Hridaya",NEP,M,,,,1740,AUG25,0,20,1971,i
12342181,"Shrestha, Indra Kumar",NEP,M,,,,1702,AUG25,0,20,1989,i
12306428,"Shrestha, Indra Narayan",NEP,M,,,,1711,AUG25,0,20,1978,i
12300497,"Shrestha, Janardan",NEP,M,,,,1885,AUG25,0,20,1958,
12310352,"Shrestha, Jen",NEP,M,,,,1821,AUG25,0,20,1979,
12317403,"Shrestha, Jenesh Lal",NEP,M,,,,1752,AUG25,7,40,1999,
12310913,"Shrestha, Jitendra S",NEP,M,,,,1787,AUG25,0,40,1958,
12302155,"Shrestha, Kamal",NEP,M,,,,1965,AUG25,7,20,1979,
12300055,"Shrestha, Keshav",NEP,M,CM,NA,,1988,AUG25,7,20,1972,
12311332,"Shrestha, Krishna Gopal",NEP,M,,,,1760,AUG25,0,40,1967,
12302163,"Shrestha, Krishna Hari",NEP,M,,,,1854,AUG25,0,20,1956,i
12301256,"Shrestha, Lav Kumar",NEP,M,,,,1844,AUG25,0,20,1951,i
12360970,"Shrestha, Mahendra Lal",NEP,M,,,,1588,AUG25,0,40,1963,
12337170,"Shrestha, Mahesh",NEP,M,,,,1768,AUG25,0,20,1995,i
12302490,"Shrestha, Mahesh Lal",NEP,M,,,,1557,AUG25,0,40,1973,i
12355186,"Shrestha, Manan",NEP,M,,,,1536,AUG25,0,40,2009,i
12315567,"Shrestha, Manoj",NEP,M,,NA,,1555,AUG25,0,20,1985,i
12342530,"Shrestha, Manoj Kumar",NEP,M,,,,1735,AUG25,0,40,2001,i
12306908,"Shrestha, Mohan",NEP,M,,,,1745,AUG25,0,20,1985,i
12340634,"Shrestha, Muhan Narshing",NEP,M,,,,2045,AUG25,13,20,2006,
12304336,"Shrestha, Nabin",NEP,M,,,,1628,AUG25,0,40,1989,i
12302678,"Shrestha, Nabin Kumar",NEP,M,,,,1889,AUG25,0,20,1977,i
12329657,"Shrestha, Nawaraj",NEP,M,,,,1639,AUG25,0,40,1963,
12359459,"Shrestha, Nigesh",NEP,M,,,,1559,AUG25,0,40,2006,
12335797,"Shrestha, Niranjan",NEP,M,,,,1597,AUG25,0,20,1995,i
12358797,"Shrestha, Niresh",NEP,M,,,,1679,AUG25,0,40,1981,
12314935,"Shrestha, Nishant",NEP,M,,NA,,1761,AUG25,0,20,2002,i
12341282,"Shrestha, Ojashwi",NEP,F,,,,1416,AUG25,0,40,2014,w
12334456,"Shrestha, Om",NEP,M,,,,1636,AUG25,0,20,1976,i
12325651,"Shrestha, Padam Krishna",NEP,M,,,,1621,AUG25,0,20,1983,
12355410,"Shrestha, Pratyus",NEP,M,,,,1650,AUG25,5,40,2012,
12350923,"Shrestha, Pratyush",NEP,M,,,,1494,AUG25,6,40,2001,
12310670,"Shrestha, Purna Sundar",NEP,M,,,,1741,AUG25,0,20,1973,i
12306436,"Shrestha, Rabi",NEP,M,,,,1765,AUG25,0,20,1974,
12367150,"Shrestha, Raj",NEP,M,,,,1785,AUG25,0,40,2000,
12347698,"Shrestha, Raj Kumar",NEP,M,,,,1418,AUG25,0,40,1975,
12334464,"Shrestha, Rajendra",NEP,M,,,,1631,AUG25,0,20,1985,
12300489,"Shrestha, Rajendra Prasad",NEP,M,,,,1908,AUG25,0,20,1957,
12302171,"Shrestha, Raju",NEP,M,,,,1649,AUG25,0,20,1976,
12310921,"Shrestha, Ram Bhakta",NEP,M,,,,1833,AUG25,0,20,1988,
12361453,"Shrestha, Ray",NEP,M,,,,1574,AUG25,0,40,1971,
12361461,"Shrestha, Ritvik",NEP,M,,,,1599,AUG25,0,40,2010,
12327239,"Shrestha, Riya",NEP,F,,,,1494,AUG25,0,40,2010,w
12352403,"Shrestha, Rochak",NEP,M,,,,1594,AUG25,0,40,2005,i
12341312,"Shrestha, Rohit",NEP,M,,,,1623,AUG25,0,40,2007,
12363731,"Shrestha, Russian",NEP,M,,,,1473,AUG25,0,40,2011,
12344940,"Shrestha, Saahas",NEP,M,,,,1570,AUG25,0,40,2015,
12312037,"Shrestha, Sabina",NEP,F,,NA,,1641,AUG25,0,20,1995,wi
12361488,"Shrestha, Sagun Pratap",NEP,M,,,,1670,AUG25,0,40,1995,
12353825,"Shrestha, Samriddha",NEP,M,,,,1550,AUG25,0,40,2013,
12344958,"Shrestha, Samyak",NEP,M,,,,1725,AUG25,0,40,2008,
12343447,"Shrestha, Sandesh",NEP,M,,,,1854,AUG25,6,20,2001,
12342203,"Shrestha, Sandesh",NEP,M,,,,1782,AUG25,0,20,1993,i
12316350,"Shrestha, Sangam",NEP,M,,,,1639,AUG25,0,20,1999,i
12351962,"Shrestha, Sanjam",NEP,M,,,,1775,AUG25,0,40,2005,i
12353299,"Shrestha, Sarthak",NEP,M,,,,1677,AUG25,0,40,2013,
12352411,"Shrestha, Sashank",NEP,M,,,,1613,AUG25,0,40,2004,
12338958,"Shrestha, Shailesh",NEP,M,,,,1614,AUG25,0,20,1995,
12363740,"Shrestha, Shakti",NEP,M,,,,1583,AUG25,0,40,2007,
12326623,"Shrestha, Shambhu Kumar",NEP,M,,,,1734,AUG25,0,40,1968,
12343978,"Shrestha, Showdesh",NEP,M,,,,1599,AUG25,0,40,1979,i
12316598,"Shrestha, Shree Krishna",NEP,M,,,,1835,AUG25,0,20,1996,i
12346870,"Shrestha, Shubham",NEP,M,,,,AFM,AUG25,1729,0,2008,i
12329894,"Shrestha, Shyam Krishna",NEP,M,,,,1647,AUG25,0,20,1978,i
12300632,"Shrestha, Shyam Sundar",NEP,M,,,,1950,AUG25,0,20,1974,i
12304379,"Shrestha, Shyam Sundar",NEP,M,,,,1708,AUG25,3,20,1972,
12349321,"Shrestha, Soham",NEP,M,,,,1487,AUG25,19,40,2013,
12304174,"Shrestha, Success",NEP,M,,,,1803,AUG25,0,20,1997,i
12345261,"Shrestha, Sudeep",NEP,M,,,,1436,AUG25,0,40,2008,
12319899,"Shrestha, Sudesh",NEP,M,,,,1658,AUG25,0,20,1996,i
12311936,"Shrestha, Sudip",NEP,M,,,,1683,AUG25,0,20,1988,i
12300519,"Shrestha, Sujendra Prasad",NEP,M,FM,,,1978,AUG25,0,20,1967,i
12301442,"Shrestha, Suman",NEP,M,,NA,,1863,AUG25,3,20,1984,
12316601,"Shrestha, Suman",NEP,M,,,,1809,AUG25,0,20,1983,i
12310379,"Shrestha, Sundar",NEP,M,,,,1633,AUG25,0,20,1983,i
12349330,"Shrestha, Sunil Kumar",NEP,M,,,,1561,AUG25,3,40,1976,
12341347,"Shrestha, Supranman",NEP,M,,,,1583,AUG25,0,40,2011,i
12327247,"Shrestha, Suprav Sagar",NEP,M,,,,1697,AUG25,0,40,2009,
12308579,"Shrestha, Suraj",NEP,M,,,,1765,AUG25,0,40,1973,
12334499,"Shrestha, Suraj",NEP,M,,,,1587,AUG25,0,20,1976,i
12315982,"Shrestha, Tara Man",NEP,M,,,,1655,AUG25,5,20,1973,
12360694,"Shrestha, Tirtha Bahadur",NEP,M,,,,1588,AUG25,0,40,1982,
12318590,"Shrestha, Ujwol",NEP,M,,,,1589,AUG25,0,20,1986,i
12300640,"Shrestha, Vijay J",NEP,M,,,,1905,AUG25,0,20,1973,i
12325813,"Shrestha, Yogesh",NEP,M,,,,1774,AUG25,0,20,1996,
12335134,"Shrestha, Zion",NEP,M,,,,1411,AUG25,0,40,2011,i
12339083,"Sigdel, Binay",NEP,M,,,,1621,AUG25,0,40,1993,i
12308455,"Sigdel, Krishna Prasad",NEP,M,,,,1603,AUG25,4,20,1970,
12302180,"Sigdel, Pranit",NEP,M,,,,1877,AUG25,0,20,1991,i
12301140,"Sijakhwa, Rajendra",NEP,M,,,,1952,AUG25,0,20,1982,i
12332313,"Silwal, Purushottam",NEP,M,CM,,,2198,AUG25,7,40,2008,
12305499,"Simkhada, Prajwol",NEP,M,,,,1781,AUG25,0,20,1997,i
12360996,"Simkhada, Ridip",NEP,M,,,,1495,AUG25,0,40,2003,
12363758,"Simkhada, Sangam Babu",NEP,M,,,,1528,AUG25,0,40,2008,
12344001,"Singh, Bibek Bir",NEP,M,,,,1639,AUG25,0,20,1997,
12361640,"Singh, Bikash",NEP,M,,,,1556,AUG25,0,40,2002,
12345725,"Singh, Hemang Babu",NEP,M,,,,1623,AUG25,2,40,2006,
12344010,"Singh, Pankaj",NEP,M,,,,1675,AUG25,0,40,2004,i
12331775,"Singh, Raj Bahadur",NEP,M,,,,1604,AUG25,0,40,2001,i
12347710,"Singh, Rajan",NEP,M,,,,1695,AUG25,0,40,2000,i
12338451,"Singh, Ronan",NEP,M,,,,1608,AUG25,0,40,1997,
12336688,"Singh, Sahil",NEP,M,,,,1547,AUG25,7,40,2002,
12318019,"Singh, Suraj",NEP,M,,,,1814,AUG25,0,20,1981,
12336211,"Sintakala, Bikram",NEP,M,,,,1624,AUG25,0,20,1980,i
12329363,"Siwakoti, Kundan",NEP,M,,,,1552,AUG25,0,20,1999,i
12312045,"Somai, Prem Bahadur",NEP,M,,,,1572,AUG25,0,40,0,
12315184,"Sthapit, Naresh",NEP,M,,,,1726,AUG25,0,20,1974,
12302686,"Subba, Hari",NEP,M,,,,1822,AUG25,0,20,1976,i
12332755,"Subba, Khadga",NEP,M,,NA,,1653,AUG25,0,20,1982,
12358266,"Subba, Nakul",NEP,M,,,,1535,AUG25,3,40,1970,
12328340,"Subba, Shem",NEP,M,,,,1793,AUG25,0,20,2004,i
12303828,"Subba, Tirtha Raj",NEP,M,,,,1867,AUG25,0,20,1983,i
12354341,"Subedi, Aakash",NEP,M,,,,1657,AUG25,0,40,2008,i
12355216,"Subedi, Bigyan",NEP,M,,,,1681,AUG25,0,40,1999,
12359513,"Subedi, Biju",NEP,M,,,,1535,AUG25,0,40,1970,
12336696,"Subedi, Bimal",NEP,M,,,,1656,AUG25,0,20,2003,i
12364991,"Subedi, Kripan",NEP,M,,,,1642,AUG25,0,40,2001,
12359521,"Subedi, Prabhat",NEP,M,,,,1621,AUG25,0,40,2009,
12302201,"Subedi, Prakash",NEP,M,,,,1787,AUG25,0,20,0,i
12342238,"Subedi, Pratik",NEP,M,,,,1611,AUG25,4,40,2009,
12301167,"Subedi, Rajan",NEP,M,,"NI,NA",,1973,AUG25,5,20,1989,
12335142,"Subedi, Sushil",NEP,M,,,,1830,AUG25,0,20,1991,
12331384,"Subedi, Yujan",NEP,M,,,,1700,AUG25,0,20,2002,i
12360716,"Sudedi, Prabhat",NEP,M,,,,1631,AUG25,0,40,2009,
12327611,"Sunar, Jay Bahadur",NEP,M,,,,1556,AUG25,0,40,1975,i
12342246,"Sunar, Rajendra",NEP,M,,,,1608,AUG25,0,40,2000,i
12349011,"Suwal, Evan",NEP,M,,,,1627,AUG25,0,40,2009,i
12347744,"Suwal, Ivan",NEP,M,,,,1563,AUG25,0,40,2009,
12317420,"Suwal, Nirmal",NEP,M,,,,1860,AUG25,0,20,1986,i
12310395,"Suwal, Raju",NEP,M,,,,1637,AUG25,0,20,1988,i
12310700,"Suwal, Ram Sundar",NEP,M,,,,1778,AUG25,0,40,1974,
12300659,"Suwal, Suman",NEP,M,,,,1886,AUG25,0,20,1982,
12324949,"Suwal, Tulsiram",NEP,M,,,,1763,AUG25,0,20,1987,i
12344036,"Tajale, Bikuram",NEP,M,,,,1708,AUG25,0,40,1967,i
12347752,"Tajale, Jayan",NEP,M,,,,1721,AUG25,0,40,2004,i
12318957,"Tamang , Lakpa Dorje",NEP,M,,,,1664,AUG25,0,40,2003,i
12327638,"Tamang, Alisha",NEP,F,,,,1466,AUG25,0,40,2007,wi
12332771,"Tamang, Bal Bahadur",NEP,M,,,,1740,AUG25,0,20,1970,i
12328529,"Tamang, Chandra Lal",NEP,M,,NA,,1645,AUG25,0,40,1970,i
12362840,"Tamang, Dev",NEP,M,,,,1630,AUG25,0,40,2005,
12347760,"Tamang, Dharma Singh",NEP,M,,,,1579,AUG25,0,40,1975,i
12342262,"Tamang, Dorje",NEP,M,,,,1450,AUG25,0,40,2003,i
12363790,"Tamang, Gyanjen Pakhrin",NEP,M,,,,1491,AUG25,0,40,2011,
12350982,"Tamang, Jebu",NEP,M,,,,1581,AUG25,0,40,2007,i
12346900,"Tamang, Jenish",NEP,M,,,,1768,AUG25,0,20,1996,
12309907,"Tamang, Kabiram",NEP,M,,,,1697,AUG25,0,40,1968,
12319910,"Tamang, Marshal",NEP,F,,,,1584,AUG25,0,40,2006,wi
12347779,"Tamang, Rajkumar",NEP,M,,,,1624,AUG25,0,40,1998,i
12327271,"Tamang, Ram",NEP,M,,,,1727,AUG25,0,20,1986,
12364738,"Tamang, Richhen Domzone",NEP,M,,,,1600,AUG25,0,40,2009,
12361348,"Tamang, Sandip",NEP,M,,,,1598,AUG25,0,40,2009,
12338508,"Tamang, Sanjeev",NEP,M,,,,1482,AUG25,0,40,2006,i
12351857,"Tamang, Sanjiv",NEP,M,,,,1464,AUG25,0,40,2011,
12361020,"Tamang, Santosh",NEP,M,,,,1754,AUG25,0,40,1987,
12349364,"Tamang, Sitaram",NEP,M,,,,1591,AUG25,0,40,1967,
12315990,"Tamang, Sudip",NEP,M,,NA,,1963,AUG25,0,20,2001,i
12329959,"Tamang, Suman",NEP,M,,,,1639,AUG25,0,40,1985,i
12331783,"Tamang, Suraj",NEP,M,,,,1611,AUG25,0,40,1995,
12314536,"Tamata, Bijay",NEP,M,,,,1588,AUG25,0,20,2004,i
12303240,"Tamrakar, Jaganath",NEP,M,,,,1792,AUG25,0,20,1963,
12358991,"Tamrakar, Keshab Kumar",NEP,M,,,,1722,AUG25,0,40,1957,
12316296,"Tamrakar, Keshav",NEP,M,,,,1556,AUG25,7,40,1956,
12302732,"Tamrakar, Raju",NEP,M,,,,1788,AUG25,0,20,1972,
12320340,"Tamrakar, Soraj",NEP,M,,FA,,1425,AUG25,0,40,2003,
5021189,"Tandukar, Nabin",NEP,M,CM,,,1871,AUG25,11,20,1960,
12342270,"Tandukar, Rohit",NEP,M,,,,1564,AUG25,0,40,2007,i
12335827,"Teyung, Deewash",NEP,M,,,,1712,AUG25,0,20,1996,i
12340650,"Thakur, Abdhesh Kumar",NEP,M,,,,1521,AUG25,0,40,1990,
12330450,"Thakur, Birendra Kumar",NEP,M,,,,1727,AUG25,0,20,1970,
12342289,"Thakur, Kamlesh Kumar",NEP,M,,,,1626,AUG25,0,40,1992,
12363367,"Thapa, Aashirwaad",NEP,M,,,,1738,AUG25,0,40,2011,
12350028,"Thapa, Abhay Singh",NEP,M,,,,1541,AUG25,0,40,2001,
12364746,"Thapa, Ashirwaad",NEP,M,,,,1514,AUG25,0,40,2011,
12334510,"Thapa, Bikash",NEP,M,,,,1679,AUG25,0,20,1992,i
12325856,"Thapa, Binay",NEP,M,,,,1663,AUG25,0,40,1996,
12344079,"Thapa, Digbijaya",NEP,M,,,,1730,AUG25,0,40,2005,i
12319708,"Thapa, Dilkeshar",NEP,M,,,,1645,AUG25,0,40,1963,
12334235,"Thapa, Ganesh Bahadur",NEP,M,,,,1766,AUG25,0,20,1984,
12301183,"Thapa, Jagatbahadur",NEP,M,,,,1608,AUG25,0,20,1962,
12304190,"Thapa, Jenish",NEP,M,,,,1804,AUG25,0,20,1997,i
12340375,"Thapa, Jharana",NEP,F,,NA,,1547,AUG25,0,40,2004,wi
12315680,"Thapa, Khusbu",NEP,F,,,,1650,AUG25,0,20,2004,wi
12300217,"Thapa, Krishna",NEP,M,CM,,,1935,AUG25,0,20,1975,
12302236,"Thapa, Lekha Bahadur",NEP,M,,,,1903,AUG25,0,20,1981,
12336769,"Thapa, Miraj",NEP,M,,,,1644,AUG25,0,40,2005,i
12334537,"Thapa, Mohan",NEP,M,,,,1755,AUG25,0,20,1990,i
12353337,"Thapa, Paribesh",NEP,M,,,,1597,AUG25,0,40,2010,i
12334545,"Thapa, Prakash",NEP,M,,,,1628,AUG25,0,20,1975,i
12329673,"Thapa, Prakash",NEP,M,,,,1757,AUG25,0,20,1980,i
12347850,"Thapa, Prashana",NEP,M,,,,1529,AUG25,0,40,2008,
12302252,"Thapa, Prashanta",NEP,M,,,,1796,AUG25,0,20,1996,i
12304999,"Thapa, Rabindra Bahadur",NEP,M,,,,1807,AUG25,0,20,1973,i
12340197,"Thapa, Rishon",NEP,M,,,,1963,AUG25,0,20,2005,
12302260,"Thapa, Santosh",NEP,M,,,,1635,AUG25,0,40,1994,
12362891,"Thapa, Shubham",NEP,M,,,,1725,AUG25,0,40,2002,
12363812,"Thapa, Soyam",NEP,M,,,,1462,AUG25,0,40,2005,
12359920,"Thapa, Srijal",NEP,M,,,,1490,AUG25,0,40,2007,
12361038,"Thapa, Subhandeep",NEP,M,,,,1737,AUG25,0,40,2010,
12360457,"Thapa, Subhandeep",NEP,M,,,,1712,AUG25,0,40,2010,
12329681,"Thapa, Sujan",NEP,M,,,,1688,AUG25,0,20,1990,i
12326674,"Thapa, Sunil",NEP,M,,,,1656,AUG25,0,20,1979,i
12363766,"Thapa, Suraj",NEP,M,,,,1653,AUG25,7,40,2006,
12316008,"Thapa, Tek Bahadur",NEP,M,,,,1798,AUG25,0,40,1990,i
12337188,"Thapamagar, Bikash",NEP,M,,,,1698,AUG25,0,20,1991,i
12328367,"Thebe, Ramesh",NEP,M,,NA,,1675,AUG25,0,20,1985,
12303135,"Thing, Bibek",NEP,M,FM,"FI,NA",,2169,AUG25,0,20,1995,
12310930,"Thing, Suruchee",NEP,F,WCM,WCM,,1638,AUG25,0,20,1999,wi
12363375,"Thulung, Sambhav",NEP,M,,,,1465,AUG25,3,40,2014,
12359947,"Timalsina, Basanta",NEP,M,,,,1483,AUG25,0,40,2008,
12316113,"Timalsina, Bijay",NEP,M,,,,1635,AUG25,0,20,1993,i
12316121,"Timalsina, Binod",NEP,M,,,,1645,AUG25,0,20,1992,
12359955,"Timalsina, Dhanush",NEP,M,,,,1716,AUG25,0,40,2006,
12319937,"Timalsina, Khom Prasad",NEP,M,,,,1819,AUG25,0,20,1985,i
12364754,"Timalsina, Ram Saran",NEP,M,,,,1669,AUG25,0,40,1964,
12358754,"Timila, Shreesun",NEP,M,,,,1494,AUG25,0,40,2008,
12342319,"Tiwari, Aavash",NEP,M,,,,1700,AUG25,0,20,2005,
12366676,"Tiwari, Shishir",NEP,M,,,,1721,AUG25,0,40,2004,
12337196,"Tripathi, Raju",NEP,M,,,,1610,AUG25,0,20,1981,i
12359572,"Tuladhar, Agil",NEP,M,,,,1537,AUG25,0,40,2010,
12311502,"Tuladhar, D. S.",NEP,M,,,,1733,AUG25,0,20,1965,
12301191,"Tuladhar, Jagat Lal",NEP,M,,,,1760,AUG25,0,20,1962,
12355992,"Tuladhar, Saatwik Man",NEP,M,,,,1563,AUG25,0,40,2013,
12347876,"Tuladhar, Sujan",NEP,M,,,,1661,AUG25,0,40,2000,i
12360899,"Twayana, Bikram",NEP,M,,,,1577,AUG25,0,40,2009,
12349046,"Twi Twi, Suden",NEP,M,,,,1654,AUG25,0,40,2007,i
12349380,"Twitwi, Suden",NEP,M,,,,1708,AUG25,0,40,2007,
12341380,"Upadhyay, Sameer",NEP,M,,,,1545,AUG25,0,20,1998,
12345270,"Upadhyay, Sushil",NEP,M,,,,1675,AUG25,0,40,2000,
12358770,"Upadhyaya, Nabin",NEP,M,,,,1630,AUG25,0,40,2000,
12329703,"Waiba, Ek Bahadur",NEP,M,,,,1655,AUG25,0,20,1976,
5086329,"Xmarshall, H C",NEP,M,,,,1808,AUG25,0,20,1978,
12319457,"Yadav, Amar Kumar",NEP,M,,,,1400,AUG25,0,40,2007,
12363774,"Yadav, Dipesh",NEP,M,,,,1469,AUG25,0,40,2005,
12361666,"Yadav, Durgesh Nandan",NEP,M,,,,1637,AUG25,0,40,2003,
12363782,"Yadav, Manish",NEP,M,,,,1521,AUG25,0,40,2004,
12354368,"Yadav, Raj Narayan",NEP,M,,,,1746,AUG25,0,40,1975,
12319945,"Yadav, Sneha",NEP,F,,,,1635,AUG25,0,20,2003,wi
12324957,"Yakami, Mohan Prasad",NEP,M,,,,1753,AUG25,0,20,1976,i
12337463,"Yakha, Sabin",NEP,M,,,,1638,AUG25,0,20,1997,i
12337471,"Yogi, Sameep",NEP,M,,,,1503,AUG25,0,20,1999,i