[
  {
    "ID Number": "13535234"
  },
  {
    "ID Number": "13505700"
  },
  {
    "ID Number": "13517775"
  },
  {
    "ID Number": "13512609"
  },
  {
    "ID Number": "13538594"
  },
  {
    "ID Number": "13504665"
  },
  {
    "ID Number": "13506544"
  },
  {
    "ID Number": "13513850"
  },
  {
    "ID Number": "13510320"
  },
  {
    "ID Number": "13505718"
  },
  {
    "ID Number": "13505467"
  },
  {
    "ID Number": "13504053"
  },
  {
    "ID Number": "13519956"
  },
  {
    "ID Number": "13500139"
  },
  {
    "ID Number": "13505254"
  },
  {
    "ID Number": "13500457"
  },
  {
    "ID Number": "13516507"
  },
  {
    "ID Number": "13516221"
  },
  {
    "ID Number": "13508954"
  },
  {
    "ID Number": "13530623"
  },
  {
    "ID Number": "13501526"
  },
  {
    "ID Number": "13530208"
  },
  {
    "ID Number": "13509640"
  },
  {
    "ID Number": "13502379"
  },
  {
    "ID Number": "13514806"
  },
  {
    "ID Number": "13503855"
  },
  {
    "ID Number": "13518275"
  },
  {
    "ID Number": "13506625"
  },
  {
    "ID Number": "13528467"
  },
  {
    "ID Number": "13511750"
  },
  {
    "ID Number": "13509713"
  },
  {
    "ID Number": "13536346"
  },
  {
    "ID Number": "13516183"
  },
  {
    "ID Number": "13512960"
  },
  {
    "ID Number": "13500902"
  },
  {
    "ID Number": "13501593"
  },
  {
    "ID Number": "13512650"
  },
  {
    "ID Number": "13533665"
  },
  {
    "ID Number": "13513869"
  },
  {
    "ID Number": "13507125"
  },
  {
    "ID Number": "13537334"
  },
  {
    "ID Number": "13535315"
  },
  {
    "ID Number": "13503030"
  },
  {
    "ID Number": "13501100"
  },
  {
    "ID Number": "13501984"
  },
  {
    "ID Number": "13511793"
  },
  {
    "ID Number": "13529749"
  },
  {
    "ID Number": "13530798"
  },
  {
    "ID Number": "13505475"
  },
  {
    "ID Number": "13528017"
  },
  {
    "ID Number": "13510045"
  },
  {
    "ID Number": "13534092"
  },
  {
    "ID Number": "13507591"
  },
  {
    "ID Number": "13511270"
  },
  {
    "ID Number": "13522825"
  },
  {
    "ID Number": "13525050"
  },
  {
    "ID Number": "13522817"
  },
  {
    "ID Number": "13537083"
  },
  {
    "ID Number": "13507010"
  },
  {
    "ID Number": "13522884"
  },
  {
    "ID Number": "13510088"
  },
  {
    "ID Number": "13510975"
  },
  {
    "ID Number": "13531298"
  },
  {
    "ID Number": "13526391"
  },
  {
    "ID Number": "13526448"
  },
  {
    "ID Number": "13535242"
  },
  {
    "ID Number": "13519476"
  },
  {
    "ID Number": "13529099"
  },
  {
    "ID Number": "13501542"
  },
  {
    "ID Number": "13511920"
  },
  {
    "ID Number": "13526839"
  },
  {
    "ID Number": "13538225"
  },
  {
    "ID Number": "13519948"
  },
  {
    "ID Number": "13536451"
  },
  {
    "ID Number": "13519964"
  },
  {
    "ID Number": "13531875"
  },
  {
    "ID Number": "13540467"
  },
  {
    "ID Number": "13502387"
  },
  {
    "ID Number": "13505483"
  },
  {
    "ID Number": "13530550"
  },
  {
    "ID Number": "13501321"
  },
  {
    "ID Number": "13529765"
  },
  {
    "ID Number": "13513400"
  },
  {
    "ID Number": "13522213"
  },
  {
    "ID Number": "13528700"
  },
  {
    "ID Number": "13539620"
  },
  {
    "ID Number": "13504991"
  },
  {
    "ID Number": "13518623"
  },
  {
    "ID Number": "13538080"
  },
  {
    "ID Number": "13504541"
  },
  {
    "ID Number": "13519697"
  },
  {
    "ID Number": "13509357"
  },
  {
    "ID Number": "13505688"
  },
  {
    "ID Number": "13532634"
  },
  {
    "ID Number": "13513451"
  },
  {
    "ID Number": "13530321"
  },
  {
    "ID Number": "13513788"
  },
  {
    "ID Number": "13537091"
  },
  {
    "ID Number": "13505360"
  },
  {
    "ID Number": "13517961"
  },
  {
    "ID Number": "13530747"
  },
  {
    "ID Number": "13523562"
  },
  {
    "ID Number": "13532456"
  },
  {
    "ID Number": "13507044"
  },
  {
    "ID Number": "13536206"
  },
  {
    "ID Number": "13533347"
  },
  {
    "ID Number": "13503200"
  },
  {
    "ID Number": "13513184"
  },
  {
    "ID Number": "13516191"
  },
  {
    "ID Number": "13509179"
  },
  {
    "ID Number": "13528840"
  },
  {
    "ID Number": "13505491"
  },
  {
    "ID Number": "13501445"
  },
  {
    "ID Number": "13510703"
  },
  {
    "ID Number": "13516930"
  },
  {
    "ID Number": "13516108"
  },
  {
    "ID Number": "13523732"
  },
  {
    "ID Number": "13508733"
  },
  {
    "ID Number": "13509551"
  },
  {
    "ID Number": "13510711"
  },
  {
    "ID Number": "13501771"
  },
  {
    "ID Number": "13533118"
  },
  {
    "ID Number": "13506064"
  },
  {
    "ID Number": "13511831"
  },
  {
    "ID Number": "13540360"
  },
  {
    "ID Number": "13500260"
  },
  {
    "ID Number": "13501143"
  },
  {
    "ID Number": "13502638"
  },
  {
    "ID Number": "13526278"
  },
  {
    "ID Number": "13529358"
  },
  {
    "ID Number": "13501186"
  },
  {
    "ID Number": "13525441"
  },
  {
    "ID Number": "13526405"
  },
  {
    "ID Number": "13530283"
  },
  {
    "ID Number": "13512773"
  },
  {
    "ID Number": "13507354"
  },
  {
    "ID Number": "13504967"
  },
  {
    "ID Number": "13525069"
  },
  {
    "ID Number": "13524860"
  },
  {
    "ID Number": "13532200"
  },
  {
    "ID Number": "13529501"
  },
  {
    "ID Number": "13532987"
  },
  {
    "ID Number": "13516477"
  },
  {
    "ID Number": "13503634"
  },
  {
    "ID Number": "13530569"
  },
  {
    "ID Number": "13503642"
  },
  {
    "ID Number": "13514342"
  },
  {
    "ID Number": "13523333"
  },
  {
    "ID Number": "13514644"
  },
  {
    "ID Number": "13520385"
  },
  {
    "ID Number": "13504703"
  },
  {
    "ID Number": "13516540"
  },
  {
    "ID Number": "13500490"
  },
  {
    "ID Number": "13530577"
  },
  {
    "ID Number": "13505920"
  },
  {
    "ID Number": "13526286"
  },
  {
    "ID Number": "13519662"
  },
  {
    "ID Number": "13533355"
  },
  {
    "ID Number": "13512587"
  },
  {
    "ID Number": "13503430"
  },
  {
    "ID Number": "13504320"
  },
  {
    "ID Number": "13508539"
  },
  {
    "ID Number": "13535412"
  },
  {
    "ID Number": "13522370"
  },
  {
    "ID Number": "13506382"
  },
  {
    "ID Number": "13525484"
  },
  {
    "ID Number": "13518038"
  },
  {
    "ID Number": "13517953"
  },
  {
    "ID Number": "13532871"
  },
  {
    "ID Number": "13514652"
  },
  {
    "ID Number": "13526561"
  },
  {
    "ID Number": "13501950"
  },
  {
    "ID Number": "13519131"
  },
  {
    "ID Number": "13509276"
  },
  {
    "ID Number": "13532928"
  },
  {
    "ID Number": "13507630"
  },
  {
    "ID Number": "13508750"
  },
  {
    "ID Number": "13510347"
  },
  {
    "ID Number": "13503235"
  },
  {
    "ID Number": "13535064"
  },
  {
    "ID Number": "13500880"
  },
  {
    "ID Number": "13514920"
  },
  {
    "ID Number": "13508482"
  },
  {
    "ID Number": "13505505"
  },
  {
    "ID Number": "13519492"
  },
  {
    "ID Number": "13507648"
  },
  {
    "ID Number": "13537105"
  },
  {
    "ID Number": "13501119"
  },
  {
    "ID Number": "13503650"
  },
  {
    "ID Number": "13523090"
  },
  {
    "ID Number": "13529021"
  },
  {
    "ID Number": "13505157"
  },
  {
    "ID Number": "13523279"
  },
  {
    "ID Number": "13526340"
  },
  {
    "ID Number": "13530070"
  },
  {
    "ID Number": "13523040"
  },
  {
    "ID Number": "13515543"
  },
  {
    "ID Number": "13503731"
  },
  {
    "ID Number": "13502026"
  },
  {
    "ID Number": "13506994"
  },
  {
    "ID Number": "13517503"
  },
  {
    "ID Number": "13511840"
  },
  {
    "ID Number": "13520482"
  },
  {
    "ID Number": "13502697"
  },
  {
    "ID Number": "13537563"
  },
  {
    "ID Number": "13518828"
  },
  {
    "ID Number": "13515551"
  },
  {
    "ID Number": "13518836"
  },
  {
    "ID Number": "13507290"
  },
  {
    "ID Number": "13522531"
  },
  {
    "ID Number": "13501194"
  },
  {
    "ID Number": "13509292"
  },
  {
    "ID Number": "13536559"
  },
  {
    "ID Number": "13521381"
  },
  {
    "ID Number": "13537253"
  },
  {
    "ID Number": "13535420"
  },
  {
    "ID Number": "13525026"
  },
  {
    "ID Number": "13529196"
  },
  {
    "ID Number": "13519140"
  },
  {
    "ID Number": "13540432"
  },
  {
    "ID Number": "13510053"
  },
  {
    "ID Number": "13513605"
  },
  {
    "ID Number": "13506005"
  },
  {
    "ID Number": "13506684"
  },
  {
    "ID Number": "13518844"
  },
  {
    "ID Number": "13500198"
  },
  {
    "ID Number": "13512200"
  },
  {
    "ID Number": "13517805"
  },
  {
    "ID Number": "13502131"
  },
  {
    "ID Number": "13508547"
  },
  {
    "ID Number": "13509721"
  },
  {
    "ID Number": "13514660"
  },
  {
    "ID Number": "13507230"
  },
  {
    "ID Number": "13506692"
  },
  {
    "ID Number": "13504711"
  },
  {
    "ID Number": "13505513"
  },
  {
    "ID Number": "13535331"
  },
  {
    "ID Number": "13529420"
  },
  {
    "ID Number": "13529277"
  },
  {
    "ID Number": "13510096"
  },
  {
    "ID Number": "13525077"
  },
  {
    "ID Number": "13534670"
  },
  {
    "ID Number": "13510177"
  },
  {
    "ID Number": "13511041"
  },
  {
    "ID Number": "13529781"
  },
  {
    "ID Number": "13517660"
  },
  {
    "ID Number": "13519930"
  },
  {
    "ID Number": "13535250"
  },
  {
    "ID Number": "13509411"
  },
  {
    "ID Number": "13534238"
  },
  {
    "ID Number": "13513559"
  },
  {
    "ID Number": "13522558"
  },
  {
    "ID Number": "13512137"
  },
  {
    "ID Number": "13539116"
  },
  {
    "ID Number": "13513907"
  },
  {
    "ID Number": "13531700"
  },
  {
    "ID Number": "13507079"
  },
  {
    "ID Number": "13500031"
  },
  {
    "ID Number": "13521845"
  },
  {
    "ID Number": "13539876"
  },
  {
    "ID Number": "13524305"
  },
  {
    "ID Number": "13520652"
  },
  {
    "ID Number": "13508989"
  },
  {
    "ID Number": "13500210"
  },
  {
    "ID Number": "13505939"
  },
  {
    "ID Number": "13501240"
  },
  {
    "ID Number": "13501798"
  },
  {
    "ID Number": "13528114"
  },
  {
    "ID Number": "13511238"
  },
  {
    "ID Number": "13514768"
  },
  {
    "ID Number": "13533916"
  },
  {
    "ID Number": "13504070"
  },
  {
    "ID Number": "13500279"
  },
  {
    "ID Number": "13530453"
  },
  {
    "ID Number": "13519751"
  },
  {
    "ID Number": "13509020"
  },
  {
    "ID Number": "13518860"
  },
  {
    "ID Number": "13537520"
  },
  {
    "ID Number": "13530640"
  },
  {
    "ID Number": "13526294"
  },
  {
    "ID Number": "13500465"
  },
  {
    "ID Number": "13502700"
  },
  {
    "ID Number": "13509420"
  },
  {
    "ID Number": "13537024"
  },
  {
    "ID Number": "13503740"
  },
  {
    "ID Number": "13507702"
  },
  {
    "ID Number": "13507710"
  },
  {
    "ID Number": "13503928"
  },
  {
    "ID Number": "13516825"
  },
  {
    "ID Number": "13528009"
  },
  {
    "ID Number": "13505734"
  },
  {
    "ID Number": "13504258"
  },
  {
    "ID Number": "13509047"
  },
  {
    "ID Number": "13512692"
  },
  {
    "ID Number": "13506013"
  },
  {
    "ID Number": "13505173"
  },
  {
    "ID Number": "13516264"
  },
  {
    "ID Number": "13502891"
  },
  {
    "ID Number": "13522795"
  },
  {
    "ID Number": "13540416"
  },
  {
    "ID Number": "13522159"
  },
  {
    "ID Number": "13533525"
  },
  {
    "ID Number": "13501097"
  },
  {
    "ID Number": "13527266"
  },
  {
    "ID Number": "13522485"
  },
  {
    "ID Number": "13502018"
  },
  {
    "ID Number": "13504193"
  },
  {
    "ID Number": "13531301"
  },
  {
    "ID Number": "13512978"
  },
  {
    "ID Number": "13514083"
  },
  {
    "ID Number": "13523678"
  },
  {
    "ID Number": "13506390"
  },
  {
    "ID Number": "13507729"
  },
  {
    "ID Number": "13524321"
  },
  {
    "ID Number": "13505521"
  },
  {
    "ID Number": "13502107"
  },
  {
    "ID Number": "13533924"
  },
  {
    "ID Number": "13504037"
  },
  {
    "ID Number": "13536087"
  },
  {
    "ID Number": "13510118"
  },
  {
    "ID Number": "13502115"
  },
  {
    "ID Number": "13507141"
  },
  {
    "ID Number": "13503960"
  },
  {
    "ID Number": "13512307"
  },
  {
    "ID Number": "13515608"
  },
  {
    "ID Number": "13503146"
  },
  {
    "ID Number": "13506706"
  },
  {
    "ID Number": "13529129"
  },
  {
    "ID Number": "13538144"
  },
  {
    "ID Number": "13511491"
  },
  {
    "ID Number": "13506552"
  },
  {
    "ID Number": "13512218"
  },
  {
    "ID Number": "13517830"
  },
  {
    "ID Number": "13513214"
  },
  {
    "ID Number": "13522388"
  },
  {
    "ID Number": "13514814"
  },
  {
    "ID Number": "13518593"
  },
  {
    "ID Number": "13509942"
  },
  {
    "ID Number": "13527860"
  },
  {
    "ID Number": "13516000"
  },
  {
    "ID Number": "13513150"
  },
  {
    "ID Number": "13504584"
  },
  {
    "ID Number": "13521217"
  },
  {
    "ID Number": "13527606"
  },
  {
    "ID Number": "13527592"
  },
  {
    "ID Number": "13514890"
  },
  {
    "ID Number": "13521039"
  },
  {
    "ID Number": "13511165"
  },
  {
    "ID Number": "13519166"
  },
  {
    "ID Number": "13516442"
  },
  {
    "ID Number": "13520415"
  },
  {
    "ID Number": "13534858"
  },
  {
    "ID Number": "13534998"
  },
  {
    "ID Number": "13523287"
  },
  {
    "ID Number": "13533371"
  },
  {
    "ID Number": "13520954"
  },
  {
    "ID Number": "13516809"
  },
  {
    "ID Number": "13509837"
  },
  {
    "ID Number": "13535730"
  },
  {
    "ID Number": "13504770"
  },
  {
    "ID Number": "13519603"
  },
  {
    "ID Number": "13507745"
  },
  {
    "ID Number": "13506021"
  },
  {
    "ID Number": "13502336"
  },
  {
    "ID Number": "13532235"
  },
  {
    "ID Number": "13530585"
  },
  {
    "ID Number": "13517333"
  },
  {
    "ID Number": "13525549"
  },
  {
    "ID Number": "13529226"
  },
  {
    "ID Number": "13503863"
  },
  {
    "ID Number": "13507761"
  },
  {
    "ID Number": "13511432"
  },
  {
    "ID Number": "13530836"
  },
  {
    "ID Number": "13506030"
  },
  {
    "ID Number": "13525557"
  },
  {
    "ID Number": "13525565"
  },
  {
    "ID Number": "13511190"
  },
  {
    "ID Number": "13513168"
  },
  {
    "ID Number": "13524240"
  },
  {
    "ID Number": "13506188"
  },
  {
    "ID Number": "13518755"
  },
  {
    "ID Number": "13517180"
  },
  {
    "ID Number": "13520911"
  },
  {
    "ID Number": "13523953"
  },
  {
    "ID Number": "13512951"
  },
  {
    "ID Number": "13512803"
  },
  {
    "ID Number": "13514369"
  },
  {
    "ID Number": "13529102"
  },
  {
    "ID Number": "13512919"
  },
  {
    "ID Number": "13508407"
  },
  {
    "ID Number": "13532073"
  },
  {
    "ID Number": "13531263"
  },
  {
    "ID Number": "13511220"
  },
  {
    "ID Number": "13507303"
  },
  {
    "ID Number": "13507257"
  },
  {
    "ID Number": "13524100"
  },
  {
    "ID Number": "13506048"
  },
  {
    "ID Number": "13503669"
  },
  {
    "ID Number": "13501941"
  },
  {
    "ID Number": "13518437"
  },
  {
    "ID Number": "13529056"
  },
  {
    "ID Number": "13540440"
  },
  {
    "ID Number": "13511939"
  },
  {
    "ID Number": "13532936"
  },
  {
    "ID Number": "13503685"
  },
  {
    "ID Number": "13521438"
  },
  {
    "ID Number": "13530313"
  },
  {
    "ID Number": "13537792"
  },
  {
    "ID Number": "13539108"
  },
  {
    "ID Number": "13535404"
  },
  {
    "ID Number": "13528890"
  },
  {
    "ID Number": "13530054"
  },
  {
    "ID Number": "13530437"
  },
  {
    "ID Number": "13500015"
  },
  {
    "ID Number": "13528505"
  },
  {
    "ID Number": "13507060"
  },
  {
    "ID Number": "13513486"
  },
  {
    "ID Number": "13513109"
  },
  {
    "ID Number": "13528327"
  },
  {
    "ID Number": "13510525"
  },
  {
    "ID Number": "13510363"
  },
  {
    "ID Number": "13531727"
  },
  {
    "ID Number": "13516906"
  },
  {
    "ID Number": "13523236"
  },
  {
    "ID Number": "13536281"
  },
  {
    "ID Number": "13529722"
  },
  {
    "ID Number": "13515136"
  },
  {
    "ID Number": "13528513"
  },
  {
    "ID Number": "13522345"
  },
  {
    "ID Number": "13504673"
  },
  {
    "ID Number": "13532863"
  },
  {
    "ID Number": "13514482"
  },
  {
    "ID Number": "13534106"
  },
  {
    "ID Number": "13514172"
  },
  {
    "ID Number": "13517074"
  },
  {
    "ID Number": "13512994"
  },
  {
    "ID Number": "13504240"
  },
  {
    "ID Number": "13516116"
  },
  {
    "ID Number": "13523112"
  },
  {
    "ID Number": "13523120"
  },
  {
    "ID Number": "13531735"
  },
  {
    "ID Number": "13536109"
  },
  {
    "ID Number": "13503197"
  },
  {
    "ID Number": "13526758"
  },
  {
    "ID Number": "13509845"
  },
  {
    "ID Number": "13531565"
  },
  {
    "ID Number": "13507788"
  },
  {
    "ID Number": "13500775"
  },
  {
    "ID Number": "13526774"
  },
  {
    "ID Number": "13513915"
  },
  {
    "ID Number": "13519638"
  },
  {
    "ID Number": "13532944"
  },
  {
    "ID Number": "13533002"
  },
  {
    "ID Number": "13534424"
  },
  {
    "ID Number": "13532715"
  },
  {
    "ID Number": "13514059"
  },
  {
    "ID Number": "13505432"
  },
  {
    "ID Number": "13522914"
  },
  {
    "ID Number": "13531956"
  },
  {
    "ID Number": "13513427"
  },
  {
    "ID Number": "13537261"
  },
  {
    "ID Number": "13539370"
  },
  {
    "ID Number": "13504061"
  },
  {
    "ID Number": "13500910"
  },
  {
    "ID Number": "13536591"
  },
  {
    "ID Number": "13537270"
  },
  {
    "ID Number": "13533134"
  },
  {
    "ID Number": "13527401"
  },
  {
    "ID Number": "13530372"
  },
  {
    "ID Number": "13510126"
  },
  {
    "ID Number": "13504789"
  },
  {
    "ID Number": "13505181"
  },
  {
    "ID Number": "13504797"
  },
  {
    "ID Number": "13538276"
  },
  {
    "ID Number": "13521950"
  },
  {
    "ID Number": "13519115"
  },
  {
    "ID Number": "13517031"
  },
  {
    "ID Number": "13512668"
  },
  {
    "ID Number": "13531271"
  },
  {
    "ID Number": "13503154"
  },
  {
    "ID Number": "13500309"
  },
  {
    "ID Number": "13522396"
  },
  {
    "ID Number": "13524348"
  },
  {
    "ID Number": "13510738"
  },
  {
    "ID Number": "13509063"
  },
  {
    "ID Number": "13538128"
  },
  {
    "ID Number": "13534718"
  },
  {
    "ID Number": "13535439"
  },
  {
    "ID Number": "13506650"
  },
  {
    "ID Number": "13527525"
  },
  {
    "ID Number": "13532880"
  },
  {
    "ID Number": "13522779"
  },
  {
    "ID Number": "13518020"
  },
  {
    "ID Number": "13500414"
  },
  {
    "ID Number": "13515152"
  },
  {
    "ID Number": "13522515"
  },
  {
    "ID Number": "13536036"
  },
  {
    "ID Number": "13504274"
  },
  {
    "ID Number": "13525212"
  },
  {
    "ID Number": "13513761"
  },
  {
    "ID Number": "13513745"
  },
  {
    "ID Number": "13523295"
  },
  {
    "ID Number": "13502948"
  },
  {
    "ID Number": "13512722"
  },
  {
    "ID Number": "13513494"
  },
  {
    "ID Number": "13506358"
  },
  {
    "ID Number": "2909782"
  },
  {
    "ID Number": "13528807"
  },
  {
    "ID Number": "13534289"
  },
  {
    "ID Number": "13523341"
  },
  {
    "ID Number": "13524402"
  },
  {
    "ID Number": "13530143"
  },
  {
    "ID Number": "13507796"
  },
  {
    "ID Number": "13521489"
  },
  {
    "ID Number": "13514679"
  },
  {
    "ID Number": "13531220"
  },
  {
    "ID Number": "13521071"
  },
  {
    "ID Number": "13518216"
  },
  {
    "ID Number": "13503774"
  },
  {
    "ID Number": "13502840"
  },
  {
    "ID Number": "13514180"
  },
  {
    "ID Number": "13508717"
  },
  {
    "ID Number": "13509853"
  },
  {
    "ID Number": "13524356"
  },
  {
    "ID Number": "13514687"
  },
  {
    "ID Number": "13517740"
  },
  {
    "ID Number": "13535943"
  },
  {
    "ID Number": "13516485"
  },
  {
    "ID Number": "13507826"
  },
  {
    "ID Number": "13517996"
  },
  {
    "ID Number": "13510991"
  },
  {
    "ID Number": "13517023"
  },
  {
    "ID Number": "13516981"
  },
  {
    "ID Number": "13503359"
  },
  {
    "ID Number": "13533908"
  },
  {
    "ID Number": "13500740"
  },
  {
    "ID Number": "13505530"
  },
  {
    "ID Number": "13507842"
  },
  {
    "ID Number": "13504096"
  },
  {
    "ID Number": "13500635"
  },
  {
    "ID Number": "13502735"
  },
  {
    "ID Number": "13515616"
  },
  {
    "ID Number": "13512315"
  },
  {
    "ID Number": "13533940"
  },
  {
    "ID Number": "13514504"
  },
  {
    "ID Number": "13513923"
  },
  {
    "ID Number": "13518097"
  },
  {
    "ID Number": "13525220"
  },
  {
    "ID Number": "13522663"
  },
  {
    "ID Number": "13501062"
  },
  {
    "ID Number": "13502468"
  },
  {
    "ID Number": "13517856"
  },
  {
    "ID Number": "13534726"
  },
  {
    "ID Number": "13506560"
  },
  {
    "ID Number": "13514105"
  },
  {
    "ID Number": "13501054"
  },
  {
    "ID Number": "13515241"
  },
  {
    "ID Number": "13501178"
  },
  {
    "ID Number": "13500937"
  },
  {
    "ID Number": "13503480"
  },
  {
    "ID Number": "13514512"
  },
  {
    "ID Number": "13510665"
  },
  {
    "ID Number": "13509730"
  },
  {
    "ID Number": "13507370"
  },
  {
    "ID Number": "13522400"
  },
  {
    "ID Number": "13506420"
  },
  {
    "ID Number": "13500180"
  },
  {
    "ID Number": "13535897"
  },
  {
    "ID Number": "13517376"
  },
  {
    "ID Number": "13508580"
  },
  {
    "ID Number": "13500562"
  },
  {
    "ID Number": "13505386"
  },
  {
    "ID Number": "13516833"
  },
  {
    "ID Number": "13506226"
  },
  {
    "ID Number": "13522981"
  },
  {
    "ID Number": "13500040"
  },
  {
    "ID Number": "13522574"
  },
  {
    "ID Number": "13536605"
  },
  {
    "ID Number": "13524690"
  },
  {
    "ID Number": "13516612"
  },
  {
    "ID Number": "13520741"
  },
  {
    "ID Number": "13528033"
  },
  {
    "ID Number": "13536222"
  },
  {
    "ID Number": "13510495"
  },
  {
    "ID Number": "13522582"
  },
  {
    "ID Number": "13534602"
  },
  {
    "ID Number": "13504428"
  },
  {
    "ID Number": "13500023"
  },
  {
    "ID Number": "13502786"
  },
  {
    "ID Number": "13533495"
  },
  {
    "ID Number": "13504355"
  },
  {
    "ID Number": "13509764"
  },
  {
    "ID Number": "13513010"
  },
  {
    "ID Number": "13513346"
  },
  {
    "ID Number": "13522310"
  },
  {
    "ID Number": "13512226"
  },
  {
    "ID Number": "13506145"
  },
  {
    "ID Number": "13518267"
  },
  {
    "ID Number": "13535951"
  },
  {
    "ID Number": "13513028"
  },
  {
    "ID Number": "13511068"
  },
  {
    "ID Number": "13530828"
  },
  {
    "ID Number": "13520423"
  },
  {
    "ID Number": "13506633"
  },
  {
    "ID Number": "13513737"
  },
  {
    "ID Number": "13534114"
  },
  {
    "ID Number": "13508741"
  },
  {
    "ID Number": "13503227"
  },
  {
    "ID Number": "13523244"
  },
  {
    "ID Number": "13534734"
  },
  {
    "ID Number": "13513036"
  },
  {
    "ID Number": "13520083"
  },
  {
    "ID Number": "13514113"
  },
  {
    "ID Number": "13524364"
  },
  {
    "ID Number": "13500163"
  },
  {
    "ID Number": "13528254"
  },
  {
    "ID Number": "13525379"
  },
  {
    "ID Number": "13516299"
  },
  {
    "ID Number": "13511416"
  },
  {
    "ID Number": "13502808"
  },
  {
    "ID Number": "13506366"
  },
  {
    "ID Number": "13507320"
  },
  {
    "ID Number": "13501402"
  },
  {
    "ID Number": "13510304"
  },
  {
    "ID Number": "13514245"
  },
  {
    "ID Number": "13509209"
  },
  {
    "ID Number": "13507338"
  },
  {
    "ID Number": "13518526"
  },
  {
    "ID Number": "13519174"
  },
  {
    "ID Number": "13504215"
  },
  {
    "ID Number": "13506501"
  },
  {
    "ID Number": "13507907"
  },
  {
    "ID Number": "13510827"
  },
  {
    "ID Number": "13501895"
  },
  {
    "ID Number": "13515560"
  },
  {
    "ID Number": "13510010"
  },
  {
    "ID Number": "13517686"
  },
  {
    "ID Number": "13506455"
  },
  {
    "ID Number": "13533967"
  },
  {
    "ID Number": "13523902"
  },
  {
    "ID Number": "13524020"
  },
  {
    "ID Number": "13503413"
  },
  {
    "ID Number": "13509403"
  },
  {
    "ID Number": "13528858"
  },
  {
    "ID Number": "13500201"
  },
  {
    "ID Number": "13532162"
  },
  {
    "ID Number": "13502166"
  },
  {
    "ID Number": "13526553"
  },
  {
    "ID Number": "13519433"
  },
  {
    "ID Number": "13528866"
  },
  {
    "ID Number": "13515250"
  },
  {
    "ID Number": "13522604"
  },
  {
    "ID Number": "13515381"
  },
  {
    "ID Number": "13513354"
  },
  {
    "ID Number": "13520598"
  },
  {
    "ID Number": "13517295"
  },
  {
    "ID Number": "13510452"
  },
  {
    "ID Number": "13500660"
  },
  {
    "ID Number": "13504290"
  },
  {
    "ID Number": "13526065"
  },
  {
    "ID Number": "13515110"
  },
  {
    "ID Number": "13522272"
  },
  {
    "ID Number": "13505670"
  },
  {
    "ID Number": "13524941"
  },
  {
    "ID Number": "13504649"
  },
  {
    "ID Number": "13510312"
  },
  {
    "ID Number": "13512153"
  },
  {
    "ID Number": "13529374"
  },
  {
    "ID Number": "13512730"
  },
  {
    "ID Number": "13501755"
  },
  {
    "ID Number": "13537008"
  },
  {
    "ID Number": "13526243"
  },
  {
    "ID Number": "13518674"
  },
  {
    "ID Number": "13518763"
  },
  {
    "ID Number": "13516973"
  },
  {
    "ID Number": "13510541"
  },
  {
    "ID Number": "13511335"
  },
  {
    "ID Number": "13513362"
  },
  {
    "ID Number": "13519441"
  },
  {
    "ID Number": "13502930"
  },
  {
    "ID Number": "13500813"
  },
  {
    "ID Number": "13526804"
  },
  {
    "ID Number": "13504010"
  },
  {
    "ID Number": "13510754"
  },
  {
    "ID Number": "13521667"
  },
  {
    "ID Number": "13517520"
  },
  {
    "ID Number": "13511777"
  },
  {
    "ID Number": "13516302"
  },
  {
    "ID Number": "13504487"
  },
  {
    "ID Number": "13504681"
  },
  {
    "ID Number": "13504819"
  },
  {
    "ID Number": "13500333"
  },
  {
    "ID Number": "13519123"
  },
  {
    "ID Number": "13500716"
  },
  {
    "ID Number": "13536362"
  },
  {
    "ID Number": "13501356"
  },
  {
    "ID Number": "13504150"
  },
  {
    "ID Number": "13503162"
  },
  {
    "ID Number": "13504177"
  },
  {
    "ID Number": "13518925"
  },
  {
    "ID Number": "13522418"
  },
  {
    "ID Number": "13525255"
  },
  {
    "ID Number": "13510762"
  },
  {
    "ID Number": "13501810"
  },
  {
    "ID Number": "13509748"
  },
  {
    "ID Number": "13538713"
  },
  {
    "ID Number": "13501461"
  },
  {
    "ID Number": "13534572"
  },
  {
    "ID Number": "13507168"
  },
  {
    "ID Number": "13506412"
  },
  {
    "ID Number": "13500252"
  },
  {
    "ID Number": "13538152"
  },
  {
    "ID Number": "13514539"
  },
  {
    "ID Number": "13521136"
  },
  {
    "ID Number": "13539523"
  },
  {
    "ID Number": "13528343"
  },
  {
    "ID Number": "13503421"
  },
  {
    "ID Number": "13502433"
  },
  {
    "ID Number": "13510207"
  },
  {
    "ID Number": "13518739"
  },
  {
    "ID Number": "13518747"
  },
  {
    "ID Number": "13512889"
  },
  {
    "ID Number": "13512897"
  },
  {
    "ID Number": "13503529"
  },
  {
    "ID Number": "13530593"
  },
  {
    "ID Number": "13523589"
  },
  {
    "ID Number": "13517716"
  },
  {
    "ID Number": "13536214"
  },
  {
    "ID Number": "13506714"
  },
  {
    "ID Number": "13508512"
  },
  {
    "ID Number": "13514695"
  },
  {
    "ID Number": "13500724"
  },
  {
    "ID Number": "13505742"
  },
  {
    "ID Number": "13524887"
  },
  {
    "ID Number": "13501976"
  },
  {
    "ID Number": "13507176"
  },
  {
    "ID Number": "13524798"
  },
  {
    "ID Number": "13521578"
  },
  {
    "ID Number": "13515357"
  },
  {
    "ID Number": "13526995"
  },
  {
    "ID Number": "13519107"
  },
  {
    "ID Number": "13511017"
  },
  {
    "ID Number": "13532855"
  },
  {
    "ID Number": "13516175"
  },
  {
    "ID Number": "13516957"
  },
  {
    "ID Number": "13506722"
  },
  {
    "ID Number": "13521268"
  },
  {
    "ID Number": "13505831"
  },
  {
    "ID Number": "13503170"
  },
  {
    "ID Number": "13502662"
  },
  {
    "ID Number": "13503448"
  },
  {
    "ID Number": "13512811"
  },
  {
    "ID Number": "13524801"
  },
  {
    "ID Number": "13528572"
  },
  {
    "ID Number": "13512757"
  },
  {
    "ID Number": "13530909"
  },
  {
    "ID Number": "13512714"
  },
  {
    "ID Number": "13535196"
  },
  {
    "ID Number": "13501615"
  },
  {
    "ID Number": "13506080"
  },
  {
    "ID Number": "13522434"
  },
  {
    "ID Number": "13527304"
  },
  {
    "ID Number": "13519972"
  },
  {
    "ID Number": "13519891"
  },
  {
    "ID Number": "13501410"
  },
  {
    "ID Number": "13535340"
  },
  {
    "ID Number": "13524720"
  },
  {
    "ID Number": "13516949"
  },
  {
    "ID Number": "13519816"
  },
  {
    "ID Number": "13504622"
  },
  {
    "ID Number": "13503693"
  },
  {
    "ID Number": "13501968"
  },
  {
    "ID Number": "13504363"
  },
  {
    "ID Number": "13512234"
  },
  {
    "ID Number": "13536729"
  },
  {
    "ID Number": "13524380"
  },
  {
    "ID Number": "13512943"
  },
  {
    "ID Number": "13513753"
  },
  {
    "ID Number": "13531743"
  },
  {
    "ID Number": "13500805"
  },
  {
    "ID Number": "13522051"
  },
  {
    "ID Number": "13533991"
  },
  {
    "ID Number": "13511424"
  },
  {
    "ID Number": "13527746"
  },
  {
    "ID Number": "13502263"
  },
  {
    "ID Number": "13504371"
  },
  {
    "ID Number": "13533886"
  },
  {
    "ID Number": "13504720"
  },
  {
    "ID Number": "13513044"
  },
  {
    "ID Number": "13501275"
  },
  {
    "ID Number": "13525344"
  },
  {
    "ID Number": "13506099"
  },
  {
    "ID Number": "13510215"
  },
  {
    "ID Number": "13500074"
  },
  {
    "ID Number": "13515047"
  },
  {
    "ID Number": "13504924"
  },
  {
    "ID Number": "13504126"
  },
  {
    "ID Number": "13522442"
  },
  {
    "ID Number": "13509462"
  },
  {
    "ID Number": "13502271"
  },
  {
    "ID Number": "13514121"
  },
  {
    "ID Number": "13520539"
  },
  {
    "ID Number": "13517724"
  },
  {
    "ID Number": "13520431"
  },
  {
    "ID Number": "13507273"
  },
  {
    "ID Number": "13501631"
  },
  {
    "ID Number": "13522450"
  },
  {
    "ID Number": "13527380"
  },
  {
    "ID Number": "13528521"
  },
  {
    "ID Number": "13501127"
  },
  {
    "ID Number": "13508997"
  },
  {
    "ID Number": "13515578"
  },
  {
    "ID Number": "13523007"
  },
  {
    "ID Number": "13508610"
  },
  {
    "ID Number": "13534297"
  },
  {
    "ID Number": "13507184"
  },
  {
    "ID Number": "13539248"
  },
  {
    "ID Number": "13535102"
  },
  {
    "ID Number": "13535110"
  },
  {
    "ID Number": "13501208"
  },
  {
    "ID Number": "13529382"
  },
  {
    "ID Number": "13514555"
  },
  {
    "ID Number": "13538578"
  },
  {
    "ID Number": "13526499"
  },
  {
    "ID Number": "13530470"
  },
  {
    "ID Number": "13525298"
  },
  {
    "ID Number": "13501437"
  },
  {
    "ID Number": "13522744"
  },
  {
    "ID Number": "13530038"
  },
  {
    "ID Number": "13514563"
  },
  {
    "ID Number": "13520814"
  },
  {
    "ID Number": "13539426"
  },
  {
    "ID Number": "13501623"
  },
  {
    "ID Number": "13536176"
  },
  {
    "ID Number": "13505564"
  },
  {
    "ID Number": "13515705"
  },
  {
    "ID Number": "13503367"
  },
  {
    "ID Number": "13502280"
  },
  {
    "ID Number": "13502298"
  },
  {
    "ID Number": "13507109"
  },
  {
    "ID Number": "13507966"
  },
  {
    "ID Number": "13506862"
  },
  {
    "ID Number": "13503065"
  },
  {
    "ID Number": "13515713"
  },
  {
    "ID Number": "13509691"
  },
  {
    "ID Number": "13504312"
  },
  {
    "ID Number": "13538063"
  },
  {
    "ID Number": "13519760"
  },
  {
    "ID Number": "13533258"
  },
  {
    "ID Number": "13506285"
  },
  {
    "ID Number": "13523570"
  },
  {
    "ID Number": "13540025"
  },
  {
    "ID Number": "13500619"
  },
  {
    "ID Number": "13503979"
  },
  {
    "ID Number": "13502964"
  },
  {
    "ID Number": "13535129"
  },
  {
    "ID Number": "13507982"
  },
  {
    "ID Number": "13509217"
  },
  {
    "ID Number": "13507478"
  },
  {
    "ID Number": "13506986"
  },
  {
    "ID Number": "13533436"
  },
  {
    "ID Number": "13507486"
  },
  {
    "ID Number": "13507990"
  },
  {
    "ID Number": "13509705"
  },
  {
    "ID Number": "13527312"
  },
  {
    "ID Number": "13509870"
  },
  {
    "ID Number": "13527037"
  },
  {
    "ID Number": "13528246"
  },
  {
    "ID Number": "13523139"
  },
  {
    "ID Number": "13503596"
  },
  {
    "ID Number": "13506153"
  },
  {
    "ID Number": "13529943"
  },
  {
    "ID Number": "13501569"
  },
  {
    "ID Number": "13513176"
  },
  {
    "ID Number": "13524895"
  },
  {
    "ID Number": "13538624"
  },
  {
    "ID Number": "13528980"
  },
  {
    "ID Number": "13501267"
  },
  {
    "ID Number": "13526170"
  },
  {
    "ID Number": "13521977"
  },
  {
    "ID Number": "13502310"
  },
  {
    "ID Number": "13523830"
  },
  {
    "ID Number": "13512560"
  },
  {
    "ID Number": "13509381"
  },
  {
    "ID Number": "13511076"
  },
  {
    "ID Number": "13535587"
  },
  {
    "ID Number": "13511181"
  },
  {
    "ID Number": "13524151"
  },
  {
    "ID Number": "13520890"
  },
  {
    "ID Number": "13519425"
  },
  {
    "ID Number": "13503006"
  },
  {
    "ID Number": "13515128"
  },
  {
    "ID Number": "13520318"
  },
  {
    "ID Number": "13508016"
  },
  {
    "ID Number": "13520326"
  },
  {
    "ID Number": "13513648"
  },
  {
    "ID Number": "13529390"
  },
  {
    "ID Number": "13522922"
  },
  {
    "ID Number": "13537075"
  },
  {
    "ID Number": "13511459"
  },
  {
    "ID Number": "13537113"
  },
  {
    "ID Number": "13517880"
  },
  {
    "ID Number": "13535749"
  },
  {
    "ID Number": "13523740"
  },
  {
    "ID Number": "13530216"
  },
  {
    "ID Number": "13519190"
  },
  {
    "ID Number": "13512048"
  },
  {
    "ID Number": "13527320"
  },
  {
    "ID Number": "13508830"
  },
  {
    "ID Number": "13506463"
  },
  {
    "ID Number": "13520237"
  },
  {
    "ID Number": "13511084"
  },
  {
    "ID Number": "13516361"
  },
  {
    "ID Number": "13535285"
  },
  {
    "ID Number": "13512986"
  },
  {
    "ID Number": "13516094"
  },
  {
    "ID Number": "13515101"
  },
  {
    "ID Number": "13530291"
  },
  {
    "ID Number": "13534009"
  },
  {
    "ID Number": "13525786"
  },
  {
    "ID Number": "13519530"
  },
  {
    "ID Number": "13530810"
  },
  {
    "ID Number": "13537121"
  },
  {
    "ID Number": "13514164"
  },
  {
    "ID Number": "13506730"
  },
  {
    "ID Number": "13511688"
  },
  {
    "ID Number": "13539450"
  },
  {
    "ID Number": "13534041"
  },
  {
    "ID Number": "13502999"
  },
  {
    "ID Number": "13504134"
  },
  {
    "ID Number": "13508040"
  },
  {
    "ID Number": "13516493"
  },
  {
    "ID Number": "13503936"
  },
  {
    "ID Number": "13517015"
  },
  {
    "ID Number": "13511530"
  },
  {
    "ID Number": "13505238"
  },
  {
    "ID Number": "13506471"
  },
  {
    "ID Number": "13505572"
  },
  {
    "ID Number": "13518984"
  },
  {
    "ID Number": "13506668"
  },
  {
    "ID Number": "13509470"
  },
  {
    "ID Number": "13518577"
  },
  {
    "ID Number": "13508920"
  },
  {
    "ID Number": "13514830"
  },
  {
    "ID Number": "13534181"
  },
  {
    "ID Number": "13507052"
  },
  {
    "ID Number": "13531670"
  },
  {
    "ID Number": "13518410"
  },
  {
    "ID Number": "13518470"
  },
  {
    "ID Number": "13500244"
  },
  {
    "ID Number": "13508067"
  },
  {
    "ID Number": "13506579"
  },
  {
    "ID Number": "13524593"
  },
  {
    "ID Number": "13524909"
  },
  {
    "ID Number": "13506900"
  },
  {
    "ID Number": "13506919"
  },
  {
    "ID Number": "13502832"
  },
  {
    "ID Number": "13529340"
  },
  {
    "ID Number": "13527711"
  },
  {
    "ID Number": "13501364"
  },
  {
    "ID Number": "13509802"
  },
  {
    "ID Number": "13522078"
  },
  {
    "ID Number": "13500732"
  },
  {
    "ID Number": "13500287"
  },
  {
    "ID Number": "13533843"
  },
  {
    "ID Number": "13530887"
  },
  {
    "ID Number": "13530461"
  },
  {
    "ID Number": "13501500"
  },
  {
    "ID Number": "13517317"
  },
  {
    "ID Number": "13533096"
  },
  {
    "ID Number": "13515411"
  },
  {
    "ID Number": "13516892"
  },
  {
    "ID Number": "13525123"
  },
  {
    "ID Number": "13533150"
  },
  {
    "ID Number": "13503260"
  },
  {
    "ID Number": "13502913"
  },
  {
    "ID Number": "13535854"
  },
  {
    "ID Number": "13526855"
  },
  {
    "ID Number": "13535846"
  },
  {
    "ID Number": "13520059"
  },
  {
    "ID Number": "13504851"
  },
  {
    "ID Number": "13518054"
  },
  {
    "ID Number": "13517090"
  },
  {
    "ID Number": "13508075"
  },
  {
    "ID Number": "13523449"
  },
  {
    "ID Number": "13500872"
  },
  {
    "ID Number": "13525271"
  },
  {
    "ID Number": "13526189"
  },
  {
    "ID Number": "13536907"
  },
  {
    "ID Number": "13500171"
  },
  {
    "ID Number": "13504860"
  },
  {
    "ID Number": "13503804"
  },
  {
    "ID Number": "13503472"
  },
  {
    "ID Number": "13525239"
  },
  {
    "ID Number": "13518380"
  },
  {
    "ID Number": "13503324"
  },
  {
    "ID Number": "13503278"
  },
  {
    "ID Number": "13502921"
  },
  {
    "ID Number": "13500694"
  },
  {
    "ID Number": "13502875"
  },
  {
    "ID Number": "13503286"
  },
  {
    "ID Number": "13511556"
  },
  {
    "ID Number": "13501917"
  },
  {
    "ID Number": "13509233"
  },
  {
    "ID Number": "13513060"
  },
  {
    "ID Number": "13523309"
  },
  {
    "ID Number": "13506110"
  },
  {
    "ID Number": "13508083"
  },
  {
    "ID Number": "13522760"
  },
  {
    "ID Number": "13509489"
  },
  {
    "ID Number": "13511564"
  },
  {
    "ID Number": "13517511"
  },
  {
    "ID Number": "13519719"
  },
  {
    "ID Number": "13533460"
  },
  {
    "ID Number": "13516132"
  },
  {
    "ID Number": "13501925"
  },
  {
    "ID Number": "13510240"
  },
  {
    "ID Number": "13516795"
  },
  {
    "ID Number": "13535218"
  },
  {
    "ID Number": "13505947"
  },
  {
    "ID Number": "13530496"
  },
  {
    "ID Number": "13510398"
  },
  {
    "ID Number": "13512366"
  },
  {
    "ID Number": "13530500"
  },
  {
    "ID Number": "13537857"
  },
  {
    "ID Number": "13505203"
  },
  {
    "ID Number": "13525140"
  },
  {
    "ID Number": "13537733"
  },
  {
    "ID Number": "13503014"
  },
  {
    "ID Number": "13505408"
  },
  {
    "ID Number": "13504746"
  },
  {
    "ID Number": "13534335"
  },
  {
    "ID Number": "13504045"
  },
  {
    "ID Number": "13526782"
  },
  {
    "ID Number": "13531077"
  },
  {
    "ID Number": "13501640"
  },
  {
    "ID Number": "13516850"
  },
  {
    "ID Number": "13536249"
  },
  {
    "ID Number": "13524160"
  },
  {
    "ID Number": "13536184"
  },
  {
    "ID Number": "13510681"
  },
  {
    "ID Number": "13509500"
  },
  {
    "ID Number": "13523520"
  },
  {
    "ID Number": "13530011"
  },
  {
    "ID Number": "13532901"
  },
  {
    "ID Number": "13505890"
  },
  {
    "ID Number": "13506161"
  },
  {
    "ID Number": "13503898"
  },
  {
    "ID Number": "13504878"
  },
  {
    "ID Number": "13515640"
  },
  {
    "ID Number": "13537989"
  },
  {
    "ID Number": "13514377"
  },
  {
    "ID Number": "13504517"
  },
  {
    "ID Number": "13518100"
  },
  {
    "ID Number": "13504410"
  },
  {
    "ID Number": "13530631"
  },
  {
    "ID Number": "13505777"
  },
  {
    "ID Number": "13510258"
  },
  {
    "ID Number": "13511998"
  },
  {
    "ID Number": "13524275"
  },
  {
    "ID Number": "13514130"
  },
  {
    "ID Number": "13537539"
  },
  {
    "ID Number": "13504436"
  },
  {
    "ID Number": "13513591"
  },
  {
    "ID Number": "13535170"
  },
  {
    "ID Number": "13508636"
  },
  {
    "ID Number": "13535609"
  },
  {
    "ID Number": "13504606"
  },
  {
    "ID Number": "13526146"
  },
  {
    "ID Number": "13501135"
  },
  {
    "ID Number": "13503294"
  },
  {
    "ID Number": "13515721"
  },
  {
    "ID Number": "13522469"
  },
  {
    "ID Number": "13521594"
  },
  {
    "ID Number": "13513320"
  },
  {
    "ID Number": "13530860"
  },
  {
    "ID Number": "13505580"
  },
  {
    "ID Number": "13520369"
  },
  {
    "ID Number": "13509390"
  },
  {
    "ID Number": "13507206"
  },
  {
    "ID Number": "13504975"
  },
  {
    "ID Number": "13516922"
  },
  {
    "ID Number": "13506137"
  },
  {
    "ID Number": "13537130"
  },
  {
    "ID Number": "13530925"
  },
  {
    "ID Number": "13529595"
  },
  {
    "ID Number": "13505068"
  },
  {
    "ID Number": "13512706"
  },
  {
    "ID Number": "13513958"
  },
  {
    "ID Number": "13500317"
  },
  {
    "ID Number": "13530518"
  },
  {
    "ID Number": "13516680"
  },
  {
    "ID Number": "13516698"
  },
  {
    "ID Number": "13537210"
  },
  {
    "ID Number": "13504452"
  },
  {
    "ID Number": "13503308"
  },
  {
    "ID Number": "13507516"
  },
  {
    "ID Number": "13519018"
  },
  {
    "ID Number": "13503944"
  },
  {
    "ID Number": "13505599"
  },
  {
    "ID Number": "13508644"
  },
  {
    "ID Number": "13504460"
  },
  {
    "ID Number": "13505785"
  },
  {
    "ID Number": "13502549"
  },
  {
    "ID Number": "13505297"
  },
  {
    "ID Number": "13515292"
  },
  {
    "ID Number": "13530801"
  },
  {
    "ID Number": "13505602"
  },
  {
    "ID Number": "13535501"
  },
  {
    "ID Number": "13522264"
  },
  {
    "ID Number": "13521985"
  },
  {
    "ID Number": "13519026"
  },
  {
    "ID Number": "13507524"
  },
  {
    "ID Number": "13505955"
  },
  {
    "ID Number": "13506595"
  },
  {
    "ID Number": "13512331"
  },
  {
    "ID Number": "13534785"
  },
  {
    "ID Number": "13523694"
  },
  {
    "ID Number": "13519549"
  },
  {
    "ID Number": "13513443"
  },
  {
    "ID Number": "13529854"
  },
  {
    "ID Number": "13510908"
  },
  {
    "ID Number": "13522523"
  },
  {
    "ID Number": "13521560"
  },
  {
    "ID Number": "13524925"
  },
  {
    "ID Number": "13509365"
  },
  {
    "ID Number": "13535803"
  },
  {
    "ID Number": "13505963"
  },
  {
    "ID Number": "13526456"
  },
  {
    "ID Number": "13531930"
  },
  {
    "ID Number": "13538055"
  },
  {
    "ID Number": "13504908"
  },
  {
    "ID Number": "13520920"
  },
  {
    "ID Number": "13509888"
  },
  {
    "ID Number": "13532782"
  },
  {
    "ID Number": "13508105"
  },
  {
    "ID Number": "13527118"
  },
  {
    "ID Number": "13530615"
  },
  {
    "ID Number": "13514385"
  },
  {
    "ID Number": "13517325"
  },
  {
    "ID Number": "13519840"
  },
  {
    "ID Number": "13505440"
  },
  {
    "ID Number": "13502778"
  },
  {
    "ID Number": "13520547"
  },
  {
    "ID Number": "13507559"
  },
  {
    "ID Number": "13502204"
  },
  {
    "ID Number": "13533533"
  },
  {
    "ID Number": "13526227"
  },
  {
    "ID Number": "13518321"
  },
  {
    "ID Number": "13537369"
  },
  {
    "ID Number": "13510061"
  },
  {
    "ID Number": "13515446"
  },
  {
    "ID Number": "13505610"
  },
  {
    "ID Number": "13503332"
  },
  {
    "ID Number": "13509519"
  },
  {
    "ID Number": "13521888"
  },
  {
    "ID Number": "13500350"
  },
  {
    "ID Number": "13504231"
  },
  {
    "ID Number": "13518585"
  },
  {
    "ID Number": "13519786"
  },
  {
    "ID Number": "13509268"
  },
  {
    "ID Number": "13508121"
  },
  {
    "ID Number": "13506242"
  },
  {
    "ID Number": "13512471"
  },
  {
    "ID Number": "13509314"
  },
  {
    "ID Number": "13513702"
  },
  {
    "ID Number": "13514857"
  },
  {
    "ID Number": "13537547"
  },
  {
    "ID Number": "13515730"
  },
  {
    "ID Number": "13520555"
  },
  {
    "ID Number": "13509322"
  },
  {
    "ID Number": "13516078"
  },
  {
    "ID Number": "13500597"
  },
  {
    "ID Number": "13534912"
  },
  {
    "ID Number": "13523597"
  },
  {
    "ID Number": "13514865"
  },
  {
    "ID Number": "13505459"
  },
  {
    "ID Number": "13516205"
  },
  {
    "ID Number": "13529412"
  },
  {
    "ID Number": "13514393"
  },
  {
    "ID Number": "13526847"
  },
  {
    "ID Number": "13534033"
  },
  {
    "ID Number": "13537741"
  },
  {
    "ID Number": "13515039"
  },
  {
    "ID Number": "13513290"
  },
  {
    "ID Number": "13509780"
  },
  {
    "ID Number": "13515454"
  },
  {
    "ID Number": "13500449"
  },
  {
    "ID Number": "13505300"
  },
  {
    "ID Number": "13515462"
  },
  {
    "ID Number": "13514407"
  },
  {
    "ID Number": "13517643"
  },
  {
    "ID Number": "13518364"
  },
  {
    "ID Number": "13513974"
  },
  {
    "ID Number": "13505980"
  },
  {
    "ID Number": "13509330"
  },
  {
    "ID Number": "13508156"
  },
  {
    "ID Number": "13507575"
  },
  {
    "ID Number": "13510029"
  },
  {
    "ID Number": "13534017"
  },
  {
    "ID Number": "13527134"
  },
  {
    "ID Number": "13514032"
  },
  {
    "ID Number": "13511246"
  },
  {
    "ID Number": "13536796"
  },
  {
    "ID Number": "13503758"
  },
  {
    "ID Number": "13531778"
  },
  {
    "ID Number": "13529285"
  },
  {
    "ID Number": "13504169"
  },
  {
    "ID Number": "13501216"
  },
  {
    "ID Number": "13517627"
  },
  {
    "ID Number": "13506404"
  },
  {
    "ID Number": "13513133"
  },
  {
    "ID Number": "13530542"
  },
  {
    "ID Number": "13506250"
  },
  {
    "ID Number": "13502859"
  },
  {
    "ID Number": "13511378"
  },
  {
    "ID Number": "13512285"
  },
  {
    "ID Number": "13529293"
  },
  {
    "ID Number": "13524984"
  },
  {
    "ID Number": "13519557"
  },
  {
    "ID Number": "13533983"
  },
  {
    "ID Number": "13511742"
  },
  {
    "ID Number": "13506617"
  },
  {
    "ID Number": "13501682"
  },
  {
    "ID Number": "13511092"
  },
  {
    "ID Number": "13513338"
  },
  {
    "ID Number": "13532898"
  },
  {
    "ID Number": "13514288"
  },
  {
    "ID Number": "13539957"
  },
  {
    "ID Number": "13515098"
  },
  {
    "ID Number": "13535668"
  },
  {
    "ID Number": "13508210"
  },
  {
    "ID Number": "13535811"
  },
  {
    "ID Number": "13507117"
  },
  {
    "ID Number": "13509349"
  },
  {
    "ID Number": "13502727"
  },
  {
    "ID Number": "13537784"
  },
  {
    "ID Number": "13503600"
  },
  {
    "ID Number": "13506536"
  },
  {
    "ID Number": "13519239"
  },
  {
    "ID Number": "13510339"
  },
  {
    "ID Number": "13533169"
  },
  {
    "ID Number": "13501429"
  },
  {
    "ID Number": "13512293"
  },
  {
    "ID Number": "13500325"
  },
  {
    "ID Number": "13520091"
  },
  {
    "ID Number": "13537555"
  },
  {
    "ID Number": "13507095"
  },
  {
    "ID Number": "13533975"
  },
  {
    "ID Number": "13515594"
  },
  {
    "ID Number": "13522930"
  },
  {
    "ID Number": "13512544"
  },
  {
    "ID Number": "13508245"
  },
  {
    "ID Number": "13502743"
  },
  {
    "ID Number": "13527878"
  },
  {
    "ID Number": "13517767"
  },
  {
    "ID Number": "13505696"
  },
  {
    "ID Number": "13518070"
  },
  {
    "ID Number": "13501313"
  },
  {
    "ID Number": "13510274"
  },
  {
    "ID Number": "13537415"
  },
  {
    "ID Number": "13504282"
  },
  {
    "ID Number": "13523317"
  },
  {
    "ID Number": "13501259"
  },
  {
    "ID Number": "13501577"
  },
  {
    "ID Number": "13506269"
  },
  {
    "ID Number": "13534629"
  },
  {
    "ID Number": "13527169"
  },
  {
    "ID Number": "13520601"
  },
  {
    "ID Number": "13518640"
  },
  {
    "ID Number": "13530844"
  },
  {
    "ID Number": "13515306"
  },
  {
    "ID Number": "13512188"
  },
  {
    "ID Number": "13511394"
  },
  {
    "ID Number": "13514229"
  },
  {
    "ID Number": "13516914"
  },
  {
    "ID Number": "13519980"
  },
  {
    "ID Number": "13526545"
  },
  {
    "ID Number": "13505130"
  },
  {
    "ID Number": "13521004"
  },
  {
    "ID Number": "13520997"
  },
  {
    "ID Number": "13518089"
  },
  {
    "ID Number": "13525956"
  },
  {
    "ID Number": "13501607"
  },
  {
    "ID Number": "13523325"
  },
  {
    "ID Number": "13509241"
  },
  {
    "ID Number": "13530658"
  },
  {
    "ID Number": "13538284"
  },
  {
    "ID Number": "13519875"
  },
  {
    "ID Number": "13515489"
  },
  {
    "ID Number": "13532960"
  },
  {
    "ID Number": "13529641"
  },
  {
    "ID Number": "13529480"
  },
  {
    "ID Number": "13504630"
  },
  {
    "ID Number": "13510401"
  },
  {
    "ID Number": "13508903"
  },
  {
    "ID Number": "13530739"
  },
  {
    "ID Number": "13510649"
  },
  {
    "ID Number": "13508725"
  },
  {
    "ID Number": "13510282"
  },
  {
    "ID Number": "13537393"
  },
  {
    "ID Number": "13527886"
  },
  {
    "ID Number": "13500848"
  },
  {
    "ID Number": "13527223"
  },
  {
    "ID Number": "13525190"
  },
  {
    "ID Number": "13505637"
  },
  {
    "ID Number": "13504886"
  },
  {
    "ID Number": "13512838"
  },
  {
    "ID Number": "13506676"
  },
  {
    "ID Number": "13524615"
  },
  {
    "ID Number": "13524640"
  },
  {
    "ID Number": "13538535"
  },
  {
    "ID Number": "13522680"
  },
  {
    "ID Number": "13508253"
  },
  {
    "ID Number": "13523350"
  },
  {
    "ID Number": "13527959"
  },
  {
    "ID Number": "13516159"
  },
  {
    "ID Number": "13510550"
  },
  {
    "ID Number": "13500384"
  },
  {
    "ID Number": "13510410"
  },
  {
    "ID Number": "13501399"
  },
  {
    "ID Number": "13503839"
  },
  {
    "ID Number": "13508881"
  },
  {
    "ID Number": "13513710"
  },
  {
    "ID Number": "13526219"
  },
  {
    "ID Number": "13515497"
  },
  {
    "ID Number": "13520458"
  },
  {
    "ID Number": "13521870"
  },
  {
    "ID Number": "13508660"
  },
  {
    "ID Number": "13522701"
  },
  {
    "ID Number": "13505351"
  },
  {
    "ID Number": "13531786"
  },
  {
    "ID Number": "13516760"
  },
  {
    "ID Number": "13502239"
  },
  {
    "ID Number": "13532197"
  },
  {
    "ID Number": "13513079"
  },
  {
    "ID Number": "13502034"
  },
  {
    "ID Number": "13503847"
  },
  {
    "ID Number": "13510916"
  },
  {
    "ID Number": "13511769"
  },
  {
    "ID Number": "13510290"
  },
  {
    "ID Number": "13529625"
  },
  {
    "ID Number": "13526375"
  },
  {
    "ID Number": "13538187"
  },
  {
    "ID Number": "13508679"
  },
  {
    "ID Number": "13530607"
  },
  {
    "ID Number": "13518712"
  },
  {
    "ID Number": "13534343"
  },
  {
    "ID Number": "13518704"
  },
  {
    "ID Number": "13534807"
  },
  {
    "ID Number": "13533266"
  },
  {
    "ID Number": "13524496"
  },
  {
    "ID Number": "13535978"
  },
  {
    "ID Number": "13536745"
  },
  {
    "ID Number": "13530933"
  },
  {
    "ID Number": "13526235"
  },
  {
    "ID Number": "13503715"
  },
  {
    "ID Number": "13503723"
  },
  {
    "ID Number": "13505327"
  },
  {
    "ID Number": "13534084"
  },
  {
    "ID Number": "13538071"
  },
  {
    "ID Number": "13505335"
  },
  {
    "ID Number": "13520270"
  },
  {
    "ID Number": "13522337"
  },
  {
    "ID Number": "13515080"
  },
  {
    "ID Number": "13530488"
  },
  {
    "ID Number": "13535382"
  },
  {
    "ID Number": "13527703"
  },
  {
    "ID Number": "13518771"
  },
  {
    "ID Number": "13520563"
  },
  {
    "ID Number": "13526251"
  },
  {
    "ID Number": "13504380"
  },
  {
    "ID Number": "13515918"
  },
  {
    "ID Number": "13514008"
  },
  {
    "ID Number": "13519794"
  },
  {
    "ID Number": "13500538"
  },
  {
    "ID Number": "13508288"
  },
  {
    "ID Number": "13518372"
  },
  {
    "ID Number": "13516167"
  },
  {
    "ID Number": "13530364"
  },
  {
    "ID Number": "13519093"
  },
  {
    "ID Number": "13534815"
  },
  {
    "ID Number": "13533860"
  },
  {
    "ID Number": "13505904"
  },
  {
    "ID Number": "13507222"
  },
  {
    "ID Number": "13523201"
  },
  {
    "ID Number": "13502611"
  },
  {
    "ID Number": "13520865"
  },
  {
    "ID Number": "13509373"
  },
  {
    "ID Number": "13506315"
  },
  {
    "ID Number": "13500600"
  },
  {
    "ID Number": "13503952"
  },
  {
    "ID Number": "13511696"
  },
  {
    "ID Number": "13502620"
  },
  {
    "ID Number": "13500503"
  },
  {
    "ID Number": "13526260"
  },
  {
    "ID Number": "13515349"
  },
  {
    "ID Number": "13531794"
  },
  {
    "ID Number": "13522329"
  },
  {
    "ID Number": "13514784"
  },
  {
    "ID Number": "13502247"
  },
  {
    "ID Number": "13502956"
  },
  {
    "ID Number": "13506480"
  },
  {
    "ID Number": "13510479"
  },
  {
    "ID Number": "13515519"
  },
  {
    "ID Number": "13512854"
  },
  {
    "ID Number": "13522833"
  },
  {
    "ID Number": "13502255"
  },
  {
    "ID Number": "13513087"
  },
  {
    "ID Number": "13506749"
  },
  {
    "ID Number": "13528238"
  },
  {
    "ID Number": "13505653"
  },
  {
    "ID Number": "13512684"
  },
  {
    "ID Number": "13513095"
  },
  {
    "ID Number": "13512358"
  },
  {
    "ID Number": "13518062"
  },
  {
    "ID Number": "13501844"
  },
  {
    "ID Number": "13527479"
  },
  {
    "ID Number": "13535307"
  },
  {
    "ID Number": "13512862"
  },
  {
    "ID Number": "13540408"
  },
  {
    "ID Number": "13524054"
  },
  {
    "ID Number": "13531107"
  },
  {
    "ID Number": "13537059"
  },
  {
    "ID Number": "13517457"
  },
  {
    "ID Number": "13508695"
  },
  {
    "ID Number": "13516418"
  },
  {
    "ID Number": "13505211"
  },
  {
    "ID Number": "13513621"
  },
  {
    "ID Number": "13515527"
  },
  {
    "ID Number": "13504533"
  },
  {
    "ID Number": "13512870"
  },
  {
    "ID Number": "13525204"
  },
  {
    "ID Number": "13516841"
  },
  {
    "ID Number": "13527622"
  },
  {
    "ID Number": "13521748"
  },
  {
    "ID Number": "13502794"
  },
  {
    "ID Number": "13500627"
  },
  {
    "ID Number": "13539582"
  },
  {
    "ID Number": "13505424"
  }
]