[
  {
    "ID Number": "21600570",
    "Name": "Aaditya Kailas Bhattbhatt",
    "Fed": "TAN",
    "Sex": "M",
    "Title": "",
    "WTit": "",
    "OTit": "",
    "FOA": "1676",
    "Rating": "AUG25",
    "Gms": "0",
    "K": "40",
    "B-day": "2008",
    "Flag": "i"
  },
  {
    "ID Number": "21601682",
    "Name": "Anahi Rishit Shah",
    "Fed": "TAN",
    "Sex": "F",
    "Title": "WCM",
    "WTit": "WCM",
    "OTit": "",
    "FOA": "1567",
    "Rating": "AUG25",
    "Gms": "0",
    "K": "40",
    "B-day": "2013",
    "Flag": "w"
  },
  {
    "ID Number": "21602344",
    "Name": "Chael Nouidui",
    "Fed": "TAN",
    "Sex": "M",
    "Title": "",
    "WTit": "",
    "OTit": "",
    "FOA": "1619",
    "Rating": "AUG25",
    "Gms": "0",
    "K": "40",
    "B-day": "2015",
    "Flag": ""
  },
  {
    "ID Number": "21600511",
    "Name": "Charles, Cleophas",
    "Fed": "TAN",
    "Sex": "M",
    "Title": "",
    "WTit": "",
    "OTit": "",
    "FOA": "1695",
    "Rating": "AUG25",
    "Gms": "0",
    "K": "20",
    "B-day": "2002",
    "Flag": ""
  },
  {
    "ID Number": "21601240",
    "Name": "Christian Fernandes",
    "Fed": "TAN",
    "Sex": "M",
    "Title": "",
    "WTit": "",
    "OTit": "",
    "FOA": "1661",
    "Rating": "AUG25",
    "Gms": "0",
    "K": "40",
    "B-day": "2008",
    "Flag": "i"
  },
  {
    "ID Number": "21601410",
    "Name": "Delbert Panya",
    "Fed": "TAN",
    "Sex": "M",
    "Title": "",
    "WTit": "",
    "OTit": "",
    "FOA": "1570",
    "Rating": "AUG25",
    "Gms": "0",
    "K": "40",
    "B-day": "2006",
    "Flag": "i"
  },
  {
    "ID Number": "21600635",
    "Name": "Ebrahim, Zahabiyah",
    "Fed": "TAN",
    "Sex": "F",
    "Title": "",
    "WTit": "",
    "OTit": "",
    "FOA": "1490",
    "Rating": "AUG25",
    "Gms": "0",
    "K": "40",
    "B-day": "2001",
    "Flag": "w"
  },
  {
    "ID Number": "21602166",
    "Name": "ELISHA, GEORGE",
    "Fed": "TAN",
    "Sex": "M",
    "Title": "",
    "WTit": "",
    "OTit": "",
    "FOA": "1756",
    "Rating": "AUG25",
    "Gms": "0",
    "K": "40",
    "B-day": "2000",
    "Flag": ""
  },
  {
    "ID Number": "21600600",
    "Name": "Haruna Mohamed",
    "Fed": "TAN",
    "Sex": "M",
    "Title": "",
    "WTit": "",
    "OTit": "",
    "FOA": "1659",
    "Rating": "AUG25",
    "Gms": "0",
    "K": "20",
    "B-day": "2002",
    "Flag": ""
  },
  {
    "ID Number": "10001670",
    "Name": "Hassuji, Nurdin",
    "Fed": "TAN",
    "Sex": "M",
    "Title": "CM",
    "WTit": "",
    "OTit": "",
    "FOA": "1858",
    "Rating": "AUG25",
    "Gms": "0",
    "K": "20",
    "B-day": "1976",
    "Flag": "i"
  },
  {
    "ID Number": "21601380",
    "Name": "Hemattreya Samir Jamdar",
    "Fed": "TAN",
    "Sex": "M",
    "Title": "",
    "WTit": "",
    "OTit": "",
    "FOA": "1537",
    "Rating": "AUG25",
    "Gms": "0",
    "K": "40",
    "B-day": "2011",
    "Flag": ""
  },
  {
    "ID Number": "21601712",
    "Name": "Henry Marwa Michael",
    "Fed": "TAN",
    "Sex": "M",
    "Title": "",
    "WTit": "",
    "OTit": "",
    "FOA": "1690",
    "Rating": "AUG25",
    "Gms": "0",
    "K": "40",
    "B-day": "2008",
    "Flag": ""
  },
  {
    "ID Number": "21600082",
    "Name": "Ilyas Abdallah",
    "Fed": "TAN",
    "Sex": "M",
    "Title": "",
    "WTit": "",
    "OTit": "",
    "FOA": "1725",
    "Rating": "AUG25",
    "Gms": "0",
    "K": "20",
    "B-day": "1968",
    "Flag": "i"
  },
  {
    "ID Number": "21600279",
    "Name": "Kara Louis",
    "Fed": "TAN",
    "Sex": "M",
    "Title": "",
    "WTit": "",
    "OTit": "",
    "FOA": "1769",
    "Rating": "AUG25",
    "Gms": "0",
    "K": "20",
    "B-day": "1987",
    "Flag": "i"
  },
  {
    "ID Number": "21600627",
    "Name": "Khamis Ame",
    "Fed": "TAN",
    "Sex": "M",
    "Title": "",
    "WTit": "",
    "OTit": "",
    "FOA": "1585",
    "Rating": "AUG25",
    "Gms": "0",
    "K": "40",
    "B-day": "2005",
    "Flag": "i"
  },
  {
    "ID Number": "21602557",
    "Name": "Lema, Samwel Amos",
    "Fed": "TAN",
    "Sex": "M",
    "Title": "",
    "WTit": "",
    "OTit": "",
    "FOA": "1437",
    "Rating": "AUG25",
    "Gms": "0",
    "K": "40",
    "B-day": "2001",
    "Flag": ""
  },
  {
    "ID Number": "21602123",
    "Name": "Lissa Siya Joseph",
    "Fed": "TAN",
    "Sex": "F",
    "Title": "",
    "WTit": "",
    "OTit": "",
    "FOA": "1497",
    "Rating": "AUG25",
    "Gms": "0",
    "K": "40",
    "B-day": "1998",
    "Flag": "w"
  },
  {
    "ID Number": "21600538",
    "Name": "Lusako, Shedrack",
    "Fed": "TAN",
    "Sex": "M",
    "Title": "",
    "WTit": "",
    "OTit": "",
    "FOA": "1706",
    "Rating": "AUG25",
    "Gms": "0",
    "K": "20",
    "B-day": "2003",
    "Flag": ""
  },
  {
    "ID Number": "21602034",
    "Name": "LYIMO, ONESMO",
    "Fed": "TAN",
    "Sex": "M",
    "Title": "",
    "WTit": "",
    "OTit": "",
    "FOA": "1743",
    "Rating": "AUG25",
    "Gms": "0",
    "K": "40",
    "B-day": "1977",
    "Flag": ""
  },
  {
    "ID Number": "21601283",
    "Name": "Mahi R. Shah",
    "Fed": "TAN",
    "Sex": "F",
    "Title": "WCM",
    "WTit": "WCM",
    "OTit": "",
    "FOA": "1565",
    "Rating": "AUG25",
    "Gms": "0",
    "K": "40",
    "B-day": "2008",
    "Flag": "w"
  },
  {
    "ID Number": "10002200",
    "Name": "Manara, Sunday",
    "Fed": "TAN",
    "Sex": "M",
    "Title": "",
    "WTit": "",
    "OTit": "",
    "FOA": "1763",
    "Rating": "AUG25",
    "Gms": "0",
    "K": "20",
    "B-day": "1952",
    "Flag": "i"
  },
  {
    "ID Number": "10002219",
    "Name": "Mangula, Musa",
    "Fed": "TAN",
    "Sex": "M",
    "Title": "",
    "WTit": "",
    "OTit": "",
    "FOA": "1782",
    "Rating": "AUG25",
    "Gms": "0",
    "K": "20",
    "B-day": "1964",
    "Flag": "i"
  },
  {
    "ID Number": "21602662",
    "Name": "Matolo, Allan Richard",
    "Fed": "TAN",
    "Sex": "M",
    "Title": "",
    "WTit": "",
    "OTit": "",
    "FOA": "1827",
    "Rating": "AUG25",
    "Gms": "0",
    "K": "40",
    "B-day": "2008",
    "Flag": ""
  },
  {
    "ID Number": "10002235",
    "Name": "Mdoe, Yusuf",
    "Fed": "TAN",
    "Sex": "M",
    "Title": "CM",
    "WTit": "",
    "OTit": "",
    "FOA": "1827",
    "Rating": "AUG25",
    "Gms": "0",
    "K": "20",
    "B-day": "0",
    "Flag": ""
  },
  {
    "ID Number": "21600740",
    "Name": "Mikail Walli",
    "Fed": "TAN",
    "Sex": "M",
    "Title": "",
    "WTit": "",
    "OTit": "",
    "FOA": "1552",
    "Rating": "AUG25",
    "Gms": "0",
    "K": "40",
    "B-day": "2008",
    "Flag": ""
  },
  {
    "ID Number": "21601631",
    "Name": "Misambo .J. Kilasa",
    "Fed": "TAN",
    "Sex": "M",
    "Title": "",
    "WTit": "SI",
    "OTit": "",
    "FOA": "1752",
    "Rating": "AUG25",
    "Gms": "0",
    "K": "40",
    "B-day": "1990",
    "Flag": ""
  },
  {
    "ID Number": "10002251",
    "Name": "Mlawa, Hemed",
    "Fed": "TAN",
    "Sex": "M",
    "Title": "FM",
    "WTit": "",
    "OTit": "",
    "FOA": "1935",
    "Rating": "AUG25",
    "Gms": "0",
    "K": "20",
    "B-day": "0",
    "Flag": "i"
  },
  {
    "ID Number": "21600520",
    "Name": "Moras, Anacleutus",
    "Fed": "TAN",
    "Sex": "M",
    "Title": "",
    "WTit": "",
    "OTit": "",
    "FOA": "1503",
    "Rating": "AUG25",
    "Gms": "0",
    "K": "20",
    "B-day": "2002",
    "Flag": ""
  },
  {
    "ID Number": "10001875",
    "Name": "Mwaisumbe, Emmanuel",
    "Fed": "TAN",
    "Sex": "M",
    "Title": "",
    "WTit": "",
    "OTit": "",
    "FOA": "1821",
    "Rating": "AUG25",
    "Gms": "0",
    "K": "20",
    "B-day": "0",
    "Flag": "i"
  },
  {
    "ID Number": "10002294",
    "Name": "Mwanyika, Geoffrey",
    "Fed": "TAN",
    "Sex": "M",
    "Title": "",
    "WTit": "",
    "OTit": "",
    "FOA": "1830",
    "Rating": "AUG25",
    "Gms": "0",
    "K": "20",
    "B-day": "1976",
    "Flag": "i"
  },
  {
    "ID Number": "10002324",
    "Name": "Njau, Albert",
    "Fed": "TAN",
    "Sex": "M",
    "Title": "",
    "WTit": "",
    "OTit": "",
    "FOA": "1870",
    "Rating": "AUG25",
    "Gms": "0",
    "K": "20",
    "B-day": "0",
    "Flag": ""
  },
  {
    "ID Number": "21600554",
    "Name": "Parashar Aryaman",
    "Fed": "TAN",
    "Sex": "M",
    "Title": "",
    "WTit": "",
    "OTit": "",
    "FOA": "1577",
    "Rating": "AUG25",
    "Gms": "0",
    "K": "40",
    "B-day": "2005",
    "Flag": "i"
  },
  {
    "ID Number": "21601623",
    "Name": "Parsa Naser",
    "Fed": "TAN",
    "Sex": "M",
    "Title": "",
    "WTit": "",
    "OTit": "",
    "FOA": "1700",
    "Rating": "AUG25",
    "Gms": "0",
    "K": "40",
    "B-day": "2008",
    "Flag": ""
  },
  {
    "ID Number": "21600724",
    "Name": "Prisha Chheda",
    "Fed": "TAN",
    "Sex": "F",
    "Title": "",
    "WTit": "",
    "OTit": "",
    "FOA": "ACM",
    "Rating": "AUG25",
    "Gms": "1724",
    "K": "0",
    "B-day": "2007",
    "Flag": "wi"
  },
  {
    "ID Number": "21600449",
    "Name": "Rashid Mansour Sharif",
    "Fed": "TAN",
    "Sex": "M",
    "Title": "",
    "WTit": "",
    "OTit": "",
    "FOA": "1739",
    "Rating": "AUG25",
    "Gms": "0",
    "K": "20",
    "B-day": "1974",
    "Flag": ""
  },
  {
    "ID Number": "21600619",
    "Name": "Samuel George",
    "Fed": "TAN",
    "Sex": "M",
    "Title": "",
    "WTit": "",
    "OTit": "",
    "FOA": "1636",
    "Rating": "AUG25",
    "Gms": "0",
    "K": "20",
    "B-day": "2003",
    "Flag": ""
  },
  {
    "ID Number": "21602158",
    "Name": "SAROTA, PATRICK CHRISTOPHER",
    "Fed": "TAN",
    "Sex": "M",
    "Title": "",
    "WTit": "",
    "OTit": "",
    "FOA": "1651",
    "Rating": "AUG25",
    "Gms": "0",
    "K": "40",
    "B-day": "1998",
    "Flag": ""
  },
  {
    "ID Number": "21601194",
    "Name": "Saveliy Yakolev",
    "Fed": "TAN",
    "Sex": "M",
    "Title": "",
    "WTit": "",
    "OTit": "",
    "FOA": "1753",
    "Rating": "AUG25",
    "Gms": "0",
    "K": "40",
    "B-day": "2005",
    "Flag": "i"
  },
  {
    "ID Number": "21602689",
    "Name": "Sharma, Kul Rishi",
    "Fed": "TAN",
    "Sex": "M",
    "Title": "",
    "WTit": "",
    "OTit": "",
    "FOA": "1558",
    "Rating": "AUG25",
    "Gms": "0",
    "K": "40",
    "B-day": "1994",
    "Flag": ""
  },
  {
    "ID Number": "21600759",
    "Name": "Shreesh Agrawal",
    "Fed": "TAN",
    "Sex": "M",
    "Title": "",
    "WTit": "",
    "OTit": "",
    "FOA": "1584",
    "Rating": "AUG25",
    "Gms": "0",
    "K": "20",
    "B-day": "2004",
    "Flag": "i"
  },
  {
    "ID Number": "21600546",
    "Name": "Taher, Hassuji",
    "Fed": "TAN",
    "Sex": "M",
    "Title": "",
    "WTit": "",
    "OTit": "",
    "FOA": "1710",
    "Rating": "AUG25",
    "Gms": "0",
    "K": "20",
    "B-day": "2003",
    "Flag": "i"
  },
  {
    "ID Number": "21600155",
    "Name": "Veer Gandhi",
    "Fed": "TAN",
    "Sex": "M",
    "Title": "CM",
    "WTit": "",
    "OTit": "",
    "FOA": "1738",
    "Rating": "AUG25",
    "Gms": "0",
    "K": "20",
    "B-day": "1999",
    "Flag": ""
  }
]