[
  {
    "ID Number": "21600570"
  },
  {
    "ID Number": "21601682"
  },
  {
    "ID Number": "21602344"
  },
  {
    "ID Number": "21600511"
  },
  {
    "ID Number": "21601240"
  },
  {
    "ID Number": "21601410"
  },
  {
    "ID Number": "21600635"
  },
  {
    "ID Number": "21602166"
  },
  {
    "ID Number": "21600600"
  },
  {
    "ID Number": "10001670"
  },
  {
    "ID Number": "21601380"
  },
  {
    "ID Number": "21601712"
  },
  {
    "ID Number": "21600082"
  },
  {
    "ID Number": "21600279"
  },
  {
    "ID Number": "21600627"
  },
  {
    "ID Number": "21602557"
  },
  {
    "ID Number": "21602123"
  },
  {
    "ID Number": "21600538"
  },
  {
    "ID Number": "21602034"
  },
  {
    "ID Number": "21601283"
  },
  {
    "ID Number": "10002200"
  },
  {
    "ID Number": "10002219"
  },
  {
    "ID Number": "21602662"
  },
  {
    "ID Number": "10002235"
  },
  {
    "ID Number": "21600740"
  },
  {
    "ID Number": "21601631"
  },
  {
    "ID Number": "10002251"
  },
  {
    "ID Number": "21600520"
  },
  {
    "ID Number": "10001875"
  },
  {
    "ID Number": "10002294"
  },
  {
    "ID Number": "10002324"
  },
  {
    "ID Number": "21600554"
  },
  {
    "ID Number": "21601623"
  },
  {
    "ID Number": "21600724"
  },
  {
    "ID Number": "21600449"
  },
  {
    "ID Number": "21600619"
  },
  {
    "ID Number": "21602158"
  },
  {
    "ID Number": "21601194"
  },
  {
    "ID Number": "21602689"
  },
  {
    "ID Number": "21600759"
  },
  {
    "ID Number": "21600546"
  },
  {
    "ID Number": "21600155"
  }
]