ID Number,Name,Fed,Sex,Title,WTit,OTit,Rating,Gms,K,RatingMonth,B-day,Flag
8620270,"Abudureheman, Namaiti",CHN,M,,,,2069,0,20,SEP25,1986,i
8650640,"An, QinChuan",CHN,M,,,,1798,6,40,SEP25,2012,
8616779,"Bai, Changlin",CHN,M,,,,1900,0,40,SEP25,2007,i
8602280,"Bai, Jinshi",CHN,M,GM,,,2575,0,10,SEP25,1999,
8647445,"Bai, Moxuan",CHN,M,,,,1711,0,40,SEP25,2015,
8608717,"Bai, Xue",CHN,F,,,,2056,0,20,SEP25,2003,w
8605750,"Bao, Qilin",CHN,M,IM,,,2404,0,10,SEP25,1993,i
8617562,"Bao,Chen",CHN,M,,,,1768,0,40,SEP25,2005,i
8641730,"Bei, Er",CHN,M,,,,1770,7,40,SEP25,2006,
8663149,"Biligaer, Batuer",CHN,M,,,,1747,0,40,SEP25,1999,
8601445,"Bu, Xiangzhi",CHN,M,GM,,,2593,6,10,SEP25,1985,
8616930,Cai Youyang,CHN,F,,,,1962,0,20,SEP25,2004,wi
8614318,"Cai, Boheng",CHN,F,WFM,WFM,,1928,0,40,SEP25,2005,w
8618402,"Cai, Chaoruo",CHN,M,CM,NA,,2123,0,20,SEP25,1986,i
8621012,"Cai, Fanzheng",CHN,M,,,,1456,0,40,SEP25,2008,i
8619522,"Cai, Jinru",CHN,F,,,,1751,0,40,SEP25,2006,wi
8606196,"Cai, Lin",CHN,M,,,,1996,31,20,SEP25,1992,
8652090,"Cai, Shangxuan",CHN,M,,,,1696,6,40,SEP25,2013,
8635005,"Cai, Shibang",CHN,M,,,,1579,0,40,SEP25,2008,i
8680353,"Cai, Xinhe",CHN,M,,,,1657,8,40,SEP25,2005,
8639604,"Cai, Yihong",CHN,M,,,,1700,0,40,SEP25,2005,i
8620989,"Cai, Ying",CHN,F,,,,1761,0,40,SEP25,1974,w
8614342,"Cai, Yuhao",CHN,M,,,,1957,0,20,SEP25,2004,i
8618364,"Cai, Yulun",CHN,M,,,,1779,0,40,SEP25,2006,i
8664943,"Cai, Ziyu",CHN,F,,,,1537,0,40,SEP25,2014,w
8652120,"Cao, Ban",CHN,M,,,,1694,0,40,SEP25,2013,
8679720,"Cao, Bingda",CHN,M,,,,1671,10,40,SEP25,1981,
8643539,"Cao, Jiahui",CHN,F,,,,1635,0,40,SEP25,2010,w
8627568,"Cao, Qingfeng",CHN,M,IM,,,2300,0,20,SEP25,2008,
8679860,"Cao, Yifan(ZJ)",CHN,M,,,,1608,0,40,SEP25,2013,
8655669,"Cao, Yusen",CHN,M,,,,1589,0,40,SEP25,2010,
8677492,"Chai, Jiarui(HZ)",CHN,M,,,,1523,0,40,SEP25,2014,
8650187,"Chen, Anqi",CHN,F,,,,1428,0,40,SEP25,2010,w
8650179,"Chen, Anze",CHN,M,,,,1496,0,40,SEP25,2012,
8652155,"Chen, Bairui",CHN,M,,,,1686,6,40,SEP25,2012,
8655677,"Chen, Baize",CHN,M,,,,1628,0,40,SEP25,2011,
8666210,"Chen, Boqian",CHN,F,,,,1513,11,40,SEP25,2013,w
8647283,"Chen, Faying",CHN,F,,,,1411,0,40,SEP25,1969,wi
8658331,"Chen, Feige",CHN,M,,,,1578,5,40,SEP25,2006,
8647887,"Chen, Hao(GD)",CHN,M,,SI,,1671,5,40,SEP25,2000,
8631034,"Chen, Haoxuan",CHN,M,,,,1909,6,40,SEP25,2000,
8607460,"Chen, Haoyang",CHN,M,,,,1821,0,40,SEP25,2002,i
8625450,"Chen, Hongsen",CHN,M,IM,,,1979,0,40,SEP25,2006,
8647402,"Chen, Jiacheng",CHN,M,,,,1647,0,40,SEP25,2011,i
8652171,"Chen, Jiale",CHN,M,,,,1740,6,40,SEP25,2013,
8668485,"Chen, Jiarui",CHN,M,,,,1528,0,40,SEP25,2016,
8642133,"Chen, Jin",CHN,M,,,,1573,0,40,SEP25,2011,
8646589,"Chen, Jingxi",CHN,M,,,,1600,0,40,SEP25,2010,i
8655243,"Chen, Junda",CHN,M,,,,1651,0,40,SEP25,2007,i
8635013,"Chen, Junxi",CHN,M,,,,1482,0,40,SEP25,2007,i
8625620,"Chen, Junze",CHN,M,,,,1504,0,40,SEP25,2009,i
8620954,"Chen, KaiLin",CHN,M,FM,,,2043,0,40,SEP25,2007,
8652180,"Chen, Lecheng",CHN,M,,,,1627,0,40,SEP25,2013,
8646627,"Chen, Lexing",CHN,M,,,,1711,0,40,SEP25,2011,i
8640858,"Chen, Luyu",CHN,F,,,,1650,0,40,SEP25,2010,w
8627967,"Chen, lvheng",CHN,M,,,,1936,0,40,SEP25,2005,i
8626073,"Chen, Muxi",CHN,M,,,,1951,0,40,SEP25,2011,
8625638,"Chen, Ningze",CHN,M,,,,1509,0,40,SEP25,2009,i
8603863,"Chen, Peng",CHN,M,IM,FT,,2338,0,20,SEP25,1994,
8614733,"Chen, Qi b",CHN,M,IM,,,2444,0,10,SEP25,2000,
8620350,"Chen, Qianru",CHN,F,,,,1595,0,40,SEP25,2006,wi
8650098,"Chen, Qinran",CHN,F,,,,1527,0,40,SEP25,2016,wi
8657050,"Chen, Sihan(SH)",CHN,F,,,,1605,0,40,SEP25,2013,wi
8652244,"Chen, Siyu(ZJ)",CHN,M,,,,1660,0,40,SEP25,2013,
8637601,"Chen, Wanyu",CHN,F,,,,1496,0,40,SEP25,2009,wi
8606757,"Chen, Weijie",CHN,M,,,,1642,0,20,SEP25,1999,i
8655693,"Chen, Xianlin",CHN,M,,,,1879,8,40,SEP25,2014,
8626383,"Chen, Xin",CHN,M,,,,1712,0,20,SEP25,2004,i
8652287,"Chen, Xinshuo",CHN,M,,,,1736,5,40,SEP25,2008,
8670919,"Chen, Xuhe",CHN,F,,,,1609,0,40,SEP25,2014,w
8666253,"Chen, Yichuan",CHN,M,,,,1806,0,40,SEP25,2014,
8620946,"Chen, Yining",CHN,F,FM,WIM,,1987,0,40,SEP25,2009,w
8640521,"Chen, Yinuo",CHN,F,,,,1513,0,40,SEP25,2013,w
8610258,"Chen, Yiru",CHN,F,,,,1891,0,20,SEP25,2000,wi
8662479,"Chen, Yize",CHN,M,,,,1620,0,40,SEP25,2014,
8658234,"Chen, Yu(SZ)",CHN,F,,,,1499,0,40,SEP25,2013,w
8618860,"Chen, Yuan",CHN,M,,,,2340,0,20,SEP25,2007,
8644330,"Chen, Yufeng",CHN,M,,,,1460,0,40,SEP25,2012,i
8630453,"Chen, Yuliang",CHN,M,,,,1878,6,40,SEP25,1992,
8623341,"Chen, Yumeng",CHN,F,,,,1639,0,40,SEP25,2006,wi
8673632,"Chen, Yumu",CHN,M,,,,1511,7,40,SEP25,2016,
8628068,"Chen, Yunqi",CHN,F,,,,1734,9,20,SEP25,2006,w
8674140,"Chen, Yuxuan(GD)",CHN,M,,,,1649,9,40,SEP25,2014,
8685380,"Chen, Zeyang",CHN,M,,,,1756,8,40,SEP25,2015,
8645957,"Chen, Zhe(GD)",CHN,M,,,,1922,7,40,SEP25,2003,
8619549,"Chen, Zhi",CHN,M,,,,2092,0,40,SEP25,2007,
8655081,"Chen, Zhihan",CHN,F,WCM,WCM,,1772,0,40,SEP25,2016,w
8624470,"Chen, Zhiyuan",CHN,M,,,,1751,0,40,SEP25,2010,i
8666300,"Chen, Zhuojun",CHN,M,,,,1583,0,40,SEP25,2011,
8640432,"Chen, Zimu(JS)",CHN,M,,,,2122,0,40,SEP25,2011,
8683093,"Chen, Zirui",CHN,M,,,,1733,8,40,SEP25,2001,
8652350,"Chen, Zixin",CHN,F,,,,1580,8,40,SEP25,2012,w
8672130,"Chen,bo",CHN,M,,,,1745,0,40,SEP25,1989,
8616426,"Chen,Zihang",CHN,M,,,,1727,0,40,SEP25,2007,i
8643482,"Cheng, Gongpu",CHN,M,,,,1917,7,40,SEP25,2011,
8644667,"Cheng, Nuo",CHN,M,,,,1689,0,40,SEP25,2010,i
8659621,"Cheng, Yihan",CHN,F,,,,1699,9,40,SEP25,2006,w
8654590,"Cheng, Yuhan",CHN,F,,,,1592,0,40,SEP25,2011,w
8642869,"Cheng, Zihan",CHN,M,,,,1927,0,40,SEP25,2010,i
8616485,"Chi, Yi",CHN,M,,,,1945,0,20,SEP25,2002,i
8605653,"Chu, Ruotong",CHN,F,WIM,WIM,,2052,0,20,SEP25,2001,w
8605661,"Chu, Weichao",CHN,M,IM,,,2259,0,20,SEP25,1996,
8633444,"Cong, Dingzhou",CHN,M,FM,,,1888,0,40,SEP25,2011,
8655707,"Cui, Ankai",CHN,M,,,,1599,0,40,SEP25,2014,
8627428,"Cui, Wen",CHN,F,,,,1809,16,20,SEP25,2005,w
8608156,"Dai, Changren",CHN,M,GM,,,2402,0,10,SEP25,1999,
8621420,"Dai, Chenyi",CHN,M,,,,1781,0,40,SEP25,2005,
8659273,"Dai, Dongliang",CHN,M,,,,1583,9,40,SEP25,1981,
8608369,"Dai, Wenzhi",CHN,M,,,,2034,0,20,SEP25,2001,
8635110,"Dele, Hei",CHN,M,,,,1859,0,20,SEP25,1990,i
8627878,"Deng, Haoyou",CHN,M,,,,1804,0,20,SEP25,1999,i
8628092,"Deng, Junjie",CHN,M,,,,1786,6,40,SEP25,2006,
8629110,"Deng, Liang",CHN,M,,,,1721,8,20,SEP25,1987,
8640572,"Deng, Mingtong",CHN,F,,,,1545,0,40,SEP25,2013,w
8647747,"Di, Zian",CHN,M,,,,1499,0,40,SEP25,2008,
8647690,"Ding, Aima",CHN,F,,,,1567,0,40,SEP25,2014,w
8603677,"Ding, Liren",CHN,M,GM,,,2766,2,10,SEP25,1992,
8618445,"Ding, Shirui",CHN,F,,,,1891,0,20,SEP25,2006,w
8643377,"Ding, Tianyi",CHN,F,,,,1663,2,40,SEP25,2012,w
8621187,"Ding, Xingyi",CHN,F,,,,1554,0,40,SEP25,2010,w
8664960,"Ding, Yanwen",CHN,F,,,,1594,0,40,SEP25,2014,w
8645434,"Ding, Yiran",CHN,F,,,,1573,0,40,SEP25,2012,w
8602972,"Ding, Yixin",CHN,F,WGM,WGM,,2316,0,20,SEP25,1991,w
8637407,"Ding, Yudan",CHN,F,,,,1719,0,40,SEP25,2005,wi
8652422,"Ding, Zhiyuan",CHN,M,,,,1932,0,40,SEP25,2013,
8626960,"Dong, Hongfu",CHN,M,,,,2170,0,40,SEP25,2010,
8666369,"Dong, Jiahui",CHN,F,,,,1606,5,40,SEP25,2010,w
8619778,"Dong, Jingyan",CHN,F,,,,1762,6,20,SEP25,2004,w
8668965,"Dong, Linzi",CHN,M,,,,1533,7,40,SEP25,2015,
8619573,"Dong, Yanbei",CHN,F,,,,1435,0,40,SEP25,2007,wi
8621268,"Du, Chunhui",CHN,M,FM,FI,,2365,0,10,SEP25,1987,
8647704,"Du, Jianheng",CHN,M,,,,1586,0,40,SEP25,2010,i
8655715,"Du, Rushu",CHN,M,,,,1474,0,40,SEP25,2014,
8673683,"Du, Shang",CHN,M,,,,1808,12,40,SEP25,2017,
8685797,"Du, Yuxi",CHN,M,,,,1558,8,40,SEP25,2006,
8610282,"Du, Yuxin",CHN,F,,,,1963,0,20,SEP25,2001,w
8663599,"Duan, Jiasai",CHN,M,,,,1711,0,40,SEP25,2011,
8666407,"Duan, Linxi",CHN,M,,,,1672,7,40,SEP25,2011,
8652490,"Duan, Siqi",CHN,F,,,,1693,3,40,SEP25,2013,w
8615888,Fan Yali,CHN,F,,,,1705,0,40,SEP25,1979,wi
8654794,"Fan, Boren",CHN,M,,,,1719,0,40,SEP25,2011,
8668825,"Fan, Jinyu",CHN,M,,,,1546,0,40,SEP25,2015,
8652503,"Fan, Mohan",CHN,M,,,,1540,0,40,SEP25,2013,
8647542,"Fan, Sizhuo",CHN,M,,,,1671,0,40,SEP25,2010,
8657173,"Fan, Songyuan",CHN,M,,,,1682,7,40,SEP25,2010,
8666415,"Fan, Wenshuo",CHN,M,,,,1761,7,40,SEP25,2012,
8678944,"Fan, Yuenong",CHN,F,,,,1597,0,40,SEP25,2014,w
8643032,"Fan, Yupan",CHN,M,,,,1658,13,40,SEP25,2012,
8642648,"Fang, Chenxi",CHN,M,,,,1836,0,40,SEP25,2013,
8638845,"Fang, Tianyang",CHN,M,,,,1578,0,40,SEP25,2009,
8670188,"Fang, Xiaoyu",CHN,M,,,,1787,0,40,SEP25,2014,
8604746,"Fang, Yan",CHN,M,IM,FI,,2413,0,10,SEP25,1996,i
8605840,"Fang, Yuxiang",CHN,M,GM,,,2344,0,20,SEP25,1996,i
8642680,"Fang, Zelong",CHN,M,,,,1782,0,40,SEP25,2012,
8684693,"Feng, Jiacheng",CHN,M,,,,1510,7,40,SEP25,2006,
8643440,"Feng, Jianxun",CHN,M,,,,1842,0,40,SEP25,2001,
8628416,"Feng, Jiayi",CHN,M,,,,1594,0,40,SEP25,2009,i
8614741,"Feng, Jieming",CHN,M,,,,1636,0,40,SEP25,2005,i
8641110,"Feng, Kuixiu",CHN,M,,,,1815,8,40,SEP25,2014,
8614911,"Feng, Xuan",CHN,M,,,,1873,0,20,SEP25,2003,i
8624046,"Feng, Yiming",CHN,M,,,,1679,0,40,SEP25,2005,i
8624054,"Feng, Yuanbo",CHN,M,,,,1806,0,40,SEP25,2010,i
8647100,"Feng, Yusheng",CHN,M,,,,1878,7,40,SEP25,2012,
8638918,"Fu, Xinyu",CHN,F,,,,1635,0,40,SEP25,2002,wi
8608105,"Fu, Yuting",CHN,F,,,,1966,9,20,SEP25,1997,w
8654581,"Fu, Yuxi",CHN,F,,,,1821,0,40,SEP25,2013,w
8655154,"Gan, Hengqi",CHN,M,,,,1448,0,40,SEP25,2010,i
8618178,"Gang, Taoga",CHN,M,,,,1882,0,20,SEP25,1989,i
8608873,"Gao, Hanxue",CHN,F,,,,1899,0,20,SEP25,2001,wi
8607770,"Gao, Kai",CHN,M,,,,1976,0,20,SEP25,2001,
8615411,"Gao, Linhao",CHN,M,,,,1886,0,20,SEP25,2004,i
8635889,"Gao, Muziyan",CHN,F,WIM,WIM,,2093,9,40,SEP25,2011,w
8602387,"Gao, Rui",CHN,M,GM,,,2443,0,10,SEP25,1992,i
8649057,"Gao, Ruoya",CHN,F,WCM,WCM,,1864,0,40,SEP25,2015,w
8609926,"Gao, Yuheng",CHN,M,,,,1743,0,40,SEP25,2005,i
8640238,"Gao, Zigen",CHN,M,,,,1427,0,40,SEP25,2006,
8628688,"Ge, Fengrui",CHN,M,,,,1536,0,40,SEP25,2009,i
8645841,"Ge, Yixuan",CHN,F,,,,1583,0,40,SEP25,2010,wi
8640688,"Gong, Bonuonuo",CHN,M,,,,1714,7,40,SEP25,2011,
8662584,"Gong, Jian",CHN,M,,,,1577,6,40,SEP25,1979,
8614563,"Gong, Qiming",CHN,M,,,,AIM,1800,0,SEP25,2004,i
8620229,"Gong, Sunle",CHN,M,IM,,,2102,9,40,SEP25,2009,
8648280,"Gong, Yiming",CHN,M,,,,1871,0,40,SEP25,2012,
8664986,"Gong, Yuhan",CHN,F,,,,1604,0,40,SEP25,2014,w
8658250,"Gu, Jingrui",CHN,M,,,,1678,0,40,SEP25,2016,
8670390,"Gu, Junliang",CHN,M,,,,1723,0,40,SEP25,2014,
8660344,"Gu, Peizhi",CHN,M,,,,1710,0,40,SEP25,2016,
8603995,"Gu, Tianlu",CHN,F,WIM,WIM,,2161,0,20,SEP25,1997,wi
8622680,"Gu, Xianghan",CHN,M,,,,2211,0,20,SEP25,2006,
8602611,"Gu, Xiaobing",CHN,F,WGM,WGM,,2206,0,20,SEP25,1985,wi
8622086,"Gu, Yuhao",CHN,M,,,,1898,9,40,SEP25,2005,
8642214,"Gu,Yi",CHN,M,,,,1781,0,40,SEP25,2008,
8672342,"Guo, Enhe",CHN,M,,,,1405,7,40,SEP25,2016,
8604002,"Guo, Qi",CHN,F,IM,WGM,,2432,0,10,SEP25,1995,w
8638942,"Guo, Runpeng",CHN,M,,,,1737,0,40,SEP25,2007,i
8609640,"Guo, Shuo",CHN,F,,,,1918,0,20,SEP25,2001,wi
8643865,"Guo, Tailai",CHN,M,,,,1599,5,40,SEP25,2016,
8608440,"Guo, Weibao",CHN,F,,,,1954,0,20,SEP25,1996,wi
8684316,"Guo, Weihe",CHN,M,,,,1618,8,40,SEP25,1985,
8618720,"Guo, Xiao",CHN,M,,,,1798,0,40,SEP25,2007,i
8652716,"Guo, Yichen",CHN,F,,,,1559,0,40,SEP25,2013,w
8601143,"Guo, Yu",CHN,M,,,,2333,0,10,SEP25,0,i
8666520,"Guo, Zixuan",CHN,M,,,,1615,3,40,SEP25,2010,
8617120,"Ha,Yihan",CHN,F,,,,1783,0,40,SEP25,2006,wi
8648107,"Han, Xu(SD)",CHN,M,,,,1662,1,40,SEP25,2011,
8657149,"Han, Yiyang",CHN,M,,,,1757,7,40,SEP25,2014,
8621039,"Han, Zongrun",CHN,M,,,,1507,0,40,SEP25,2008,i
8650101,"Hao, Qingshi",CHN,M,,,,1628,0,40,SEP25,2015,
8620911,"He, Canzhou",CHN,M,,,,1804,0,40,SEP25,2007,i
8620440,"He, Chenglu",CHN,F,,NI,,1893,0,20,SEP25,1999,w
8642427,"He, Junchen",CHN,M,,,,2031,0,20,SEP25,2002,
8634823,"He, Ping",CHN,M,,,,1806,24,20,SEP25,2001,
8653135,"He, Ruien",CHN,M,,,,1816,0,40,SEP25,2010,i
8639523,"He, Tianyi",CHN,M,,,,1421,0,40,SEP25,2009,i
8621454,"He, Xinyu",CHN,M,,,,1614,0,40,SEP25,2008,i
8640190,"He, Yi",CHN,F,,,,1707,0,40,SEP25,2010,w
8681406,"He, Yiyang",CHN,M,,,,1721,0,40,SEP25,2013,
8621055,"He, Yuze",CHN,M,,,,1703,0,40,SEP25,2008,
8655740,"He, Ziyu",CHN,F,,,,1782,0,40,SEP25,2011,w
8657823,"Hong, Liang",CHN,M,,,,1534,0,40,SEP25,2009,i
8641560,"Hong, Mingren",CHN,M,,,,1931,0,40,SEP25,2011,
8669201,"Hong, Ruomu",CHN,M,,,,1597,8,40,SEP25,2016,
8606129,"Hong, Xing",CHN,F,,FI,,2010,0,20,SEP25,1998,w
8602980,"Hou, Yifan",CHN,F,GM,WGM,,2536,0,10,SEP25,1994,w
8619492,"Hou, Yifan b",CHN,M,,,,2080,0,40,SEP25,2005,
8624070,"Hou, Yixuan",CHN,M,,,,1604,0,40,SEP25,2010,i
8638896,"Hu, Duoqian",CHN,M,,,,1467,0,40,SEP25,2014,i
8610312,"Hu, Jiani",CHN,F,WFM,WFM,,2096,0,20,SEP25,1993,w
8648662,"Hu, Kaisheng",CHN,M,,,,1733,0,40,SEP25,2012,
8612870,"Hu, Qiyu",CHN,M,,,,1699,12,40,SEP25,2005,
8663661,"Hu, Runchu",CHN,M,,,,1529,0,40,SEP25,2015,
8608377,"Hu, Yu",CHN,M,,,,2035,0,20,SEP25,2001,i
8609993,"Hu, Yu A.",CHN,F,,,,2093,0,20,SEP25,1999,w
8684332,"Hu, Yutao",CHN,M,,,,1651,5,40,SEP25,2013,
8622795,"Hu, Zhening",CHN,M,,,,1937,0,40,SEP25,2007,i
8656614,"Hu, Zixuan",CHN,M,,,,1618,8,40,SEP25,2015,
8615446,"Hu,Zhiheng",CHN,M,,,,2210,0,20,SEP25,1998,i
331105409,"Hua, Siyuan",CHN,M,,,,1450,0,40,SEP25,2014,
8659524,"Hua, XinYu",CHN,M,,,,1736,4,40,SEP25,2011,
8647909,"Hua, Zhijie",CHN,M,,,,1888,6,40,SEP25,1998,
8657033,"Huan, Xiaoxiao",CHN,M,,,,1442,3,40,SEP25,2013,
8657025,"Huan, Yixiang",CHN,M,,,,1448,1,40,SEP25,2011,
8636966,"Huang, Chengyang",CHN,M,,,,1420,0,40,SEP25,2014,i
8649103,"Huang, DongChen",CHN,M,,,,1496,0,40,SEP25,2009,
8647372,"Huang, Guohui(GD)",CHN,M,,,,1761,0,40,SEP25,1992,i
8635803,"Huang, Hongxuan",CHN,F,,,,1594,0,40,SEP25,2009,w
8677905,"Huang, Lihuan",CHN,M,,,,1643,0,40,SEP25,2012,
8626570,"Huang, Linhao",CHN,M,,,,1764,0,40,SEP25,2007,i
8643644,"Huang, Minxuan",CHN,M,,,,1438,6,40,SEP25,2014,
8602689,"Huang, Qian",CHN,F,WGM,WGM,,2394,0,10,SEP25,1986,w
8610134,"Huang, Renjie",CHN,M,,,,2415,0,10,SEP25,2004,
8663092,"Huang, Xingheng",CHN,M,,,,1730,0,40,SEP25,2017,
8666610,"Huang, Xinyang",CHN,M,,,,1706,4,40,SEP25,2014,
8650780,"Huang, Xiran",CHN,F,,,,1422,0,40,SEP25,2012,w
8650799,"Huang, Xizhan",CHN,M,,,,1574,0,40,SEP25,2015,
8618089,"Huang, Yake",CHN,M,,,,1984,0,20,SEP25,1986,i
8666636,"Huang, Yalun",CHN,M,,,,1738,9,40,SEP25,2012,
8621543,"Huang, Yishi",CHN,M,CM,,,1735,0,40,SEP25,2008,i
8622132,"Huang, Yiwei",CHN,M,,,,1555,7,40,SEP25,1989,
8601542,"Huang, Zhiyan",CHN,F,,,,2074,0,40,SEP25,1986,wi
8655324,"Huang, Zixin",CHN,F,,,,1659,6,40,SEP25,2015,w
8634831,"Huang, Ziyi",CHN,M,,,,1973,0,40,SEP25,2009,
8634947,"Huang, Ziyu",CHN,F,,,,1758,0,40,SEP25,2009,w
8655464,"Hui, Chenhao",CHN,M,,,,1535,5,40,SEP25,2012,
8636524,"Huo, Yifan",CHN,M,,,,1643,0,40,SEP25,2013,
8653291,"Ji, Chenghan",CHN,M,,,,1638,0,40,SEP25,2013,
8653267,"Ji, Chengxi",CHN,M,,,,1606,0,40,SEP25,2012,
8623279,"Ji, Jiadong",CHN,M,,,,1924,0,40,SEP25,2008,i
8641404,"Ji, Linghui",CHN,M,,,,1823,9,40,SEP25,1994,
8653275,"Ji, Mingxuan",CHN,M,,,,1788,0,40,SEP25,2013,
8602999,"Jia, Haoxiang",CHN,M,IM,,,2375,0,20,SEP25,1990,i
331105418,"Jia, Shanshi",CHN,M,,,,1489,0,40,SEP25,2015,
8673560,"Jia, Shouheng",CHN,M,,,,1532,0,40,SEP25,2015,
8612277,"Jia, Xiao",CHN,M,,,,1852,0,20,SEP25,1980,i
8655308,"Jia, Yixuan",CHN,M,,,,1589,0,40,SEP25,2012,
8631930,"Jiang, Haochen",CHN,M,IM,,,2331,9,20,SEP25,2011,
8649596,"Jiang, Lechuan",CHN,M,,,,1679,3,40,SEP25,2015,
8640653,"Jiang, Liu",CHN,M,,,,1862,0,40,SEP25,2012,
8662924,"Jiang, Luning",CHN,F,,,,1658,0,40,SEP25,2015,w
8612927,"Jiang, Qinyu",CHN,M,,,,2118,0,40,SEP25,2005,
8665460,"Jiang, Ruiqi",CHN,M,,,,1629,8,40,SEP25,2011,
8627215,"Jiang, Tianyu",CHN,F,,,,2153,0,40,SEP25,2010,w
8648239,"Jiang, Weiyuan",CHN,M,,,,1546,0,40,SEP25,2012,
8643830,"Jiang, Xiaoyi",CHN,M,,,,1557,0,40,SEP25,2010,i
8671028,"Jiang, Xintian",CHN,F,,,,1580,5,40,SEP25,2013,w
8662207,"Jiang, Yanyu",CHN,F,,,,1411,0,40,SEP25,2016,w
8647496,"Jiang, Yanze",CHN,M,,,,1419,0,40,SEP25,2015,i
8611050,"Jiang, Zhaoyi",CHN,F,WCM,WCM,FI,1989,0,20,SEP25,1999,wi
8646155,"Jiang, Ziming",CHN,M,,,,1508,0,40,SEP25,2007,i
8653305,"Jiang, Zixian",CHN,F,,,,1707,0,40,SEP25,2013,w
8614784,"Jiang, Zixuan",CHN,F,,,,1584,0,40,SEP25,2005,wi
8614490,"Jin, Haonan",CHN,M,,,,1539,0,40,SEP25,2007,i
8663696,"Jin, Haoyang",CHN,M,,,,1633,0,40,SEP25,2016,
8640491,"Jin, Hongtao",CHN,M,FM,,,2133,0,40,SEP25,2010,
8653364,"Jin, Ruiyang",CHN,M,,,,1628,0,40,SEP25,2008,
8643997,"Jin, Yizhou(SH)",CHN,M,,,,1530,0,40,SEP25,2010,i
8616868,"Jin, Yueheng",CHN,M,IM,,,2179,0,40,SEP25,2008,
8673853,"Jin, Yuxin",CHN,M,,,,1843,0,40,SEP25,2018,
8670510,"Jing, Jiashu",CHN,M,,,,1719,0,40,SEP25,2013,
8619514,"Jing, Wenhang",CHN,M,,,,1783,0,40,SEP25,2006,i
8636508,"Jing, Yiming",CHN,M,,,,1442,0,40,SEP25,2009,
8603006,"Ju, Wenjun",CHN,F,GM,WGM,,2530,2,10,SEP25,1991,w
8620318,"Kadeliding, Alimujiang",CHN,M,,,,1726,0,20,SEP25,1995,i
8622175,"Kong, Weiran",CHN,M,,,,1647,0,40,SEP25,2007,i
8632200,"Kong, Xiangrui",CHN,M,,,,2397,0,10,SEP25,2009,
8600988,"Kuang, Yinghui",CHN,F,WIM,WIM,,2239,0,20,SEP25,1979,wi
8627860,"kuerban, kureyishi",CHN,M,,,,ACM,1672,0,SEP25,2004,
8673055,"Lan, Zhaoxing",CHN,M,,,,1417,0,40,SEP25,2016,
8604193,"Lan, Zilun",CHN,M,,,,2308,0,20,SEP25,1995,
8605114,"Lei, Tingjie",CHN,F,GM,WGM,,2496,0,10,SEP25,1997,w
8650810,"Lei, Zihang",CHN,M,,,,1563,0,40,SEP25,2011,
8627738,"Lei, Zixuan",CHN,M,,,,1583,0,40,SEP25,2007,i
8626200,"Leng, Siyan",CHN,M,,,,1706,0,40,SEP25,1990,i
8685568,"Leng, Yixi",CHN,M,,,,1906,9,40,SEP25,2010,
8616299,Li Yihao,CHN,M,,,,1875,0,40,SEP25,2008,i
8620997,"Li, Ande",CHN,M,,,,1651,0,40,SEP25,2008,i
8602786,"Li, Bo",CHN,M,IM,,,2236,0,20,SEP25,1985,
8672563,"Li, Bolin",CHN,M,,,,1720,9,40,SEP25,2013,
8669503,"Li, Changhong",CHN,M,,,,1593,4,40,SEP25,2015,
8604436,"Li, Chao b",CHN,M,GM,,,2594,2,10,SEP25,1989,
8672431,"Li, Chengfei",CHN,M,,,,1450,4,40,SEP25,2016,
8669511,"Li, Chengyue",CHN,M,,,,1617,0,40,SEP25,2015,
8639426,"Li, Chenlong",CHN,M,,,,1444,0,40,SEP25,2012,i
8671508,"Li, Chenxi(HLJ)",CHN,F,,,,1454,0,40,SEP25,2015,w
8666709,"Li, Congjun",CHN,M,,,,1620,9,40,SEP25,2012,
8622272,"Li, Deyang",CHN,M,,,,1866,0,40,SEP25,2006,i
8607508,"Li, Di",CHN,M,GM,,,2432,2,10,SEP25,1999,
8625760,"Li, Donglin",CHN,M,,,,1432,0,40,SEP25,2008,i
8625603,"Li, Guocheng",CHN,M,,,,1650,0,40,SEP25,2009,i
8668949,"Li, Haoting",CHN,M,,,,1787,0,40,SEP25,2015,
8621195,"Li, Haotong",CHN,M,,,,1558,0,40,SEP25,2008,i
8656770,"Li, Haoyang(SH)",CHN,M,,,,1431,0,40,SEP25,2014,
8621560,"Li, Haoyi",CHN,M,,,,1708,0,40,SEP25,2007,i
8601488,"Li, Haoyu",CHN,M,,,,2325,0,20,SEP25,1989,i
8630801,"Li, Jiahong",CHN,M,,,,1868,8,20,SEP25,2006,
8624100,"Li, Junhe",CHN,M,,,,1702,0,20,SEP25,2004,i
8633002,"Li, Kunyang",CHN,M,,,,1668,8,40,SEP25,2006,
8647550,"Li, Linyan",CHN,M,,,,1531,0,40,SEP25,2010,i
8655014,"Li, Miaoxuan",CHN,F,,,,1464,7,40,SEP25,2015,w
8637784,"Li, Minghui",CHN,F,,,,1433,0,40,SEP25,2013,wi
8676763,"Li, Mingkai",CHN,M,,,,1449,8,40,SEP25,2016,
8673705,"Li, Pingyu",CHN,M,,,,1447,7,40,SEP25,2017,
8600643,"Li, Ruofan",CHN,F,IM,WGM,FT,2328,0,20,SEP25,1978,wi
8618712,"Li, Shanglin",CHN,M,,,,2042,0,40,SEP25,2008,i
8647160,"Li, Shanning",CHN,F,,,,1407,6,40,SEP25,2010,w
1631454,"Li, Shenyue",CHN,F,,FI,,1981,0,20,SEP25,1997,wi
8600678,"Li, Shilong",CHN,M,GM,,,2538,0,10,SEP25,1977,
8627134,"Li, Shutong",CHN,F,,,,1635,4,40,SEP25,2009,w
8647186,"Li, Sibei",CHN,F,,,,1698,0,40,SEP25,2009,wi
8638926,"Li, Sichen",CHN,M,,,,1845,0,40,SEP25,2011,i
8677190,"Li, Suchi",CHN,M,,,,1575,9,40,SEP25,2011,
8609748,"Li, Wenxiang",CHN,M,,,,2174,0,20,SEP25,2002,
8681210,"Li, Xiangyang",CHN,M,,,,1685,0,40,SEP25,1987,
8672814,"Li, Xiaopeng",CHN,M,,,,1942,9,40,SEP25,1981,
8677271,"Li, Ximing",CHN,M,,,,1649,6,40,SEP25,2012,
8653550,"Li, Xuanming",CHN,M,,,,1649,0,40,SEP25,2012,
8605912,"Li, Xueyi",CHN,F,WGM,WGM,,2168,0,20,SEP25,1993,w
8640998,"Li, Yan",CHN,M,,,,1844,9,40,SEP25,2013,
8609357,"Li, Yankai",CHN,M,IM,,,2392,0,10,SEP25,1997,i
8644250,"Li, Yanlang",CHN,M,,,,1483,0,40,SEP25,2012,i
8659605,"Li, Yicen",CHN,F,,,,1608,0,40,SEP25,2016,w
8628653,"Li, Yimin",CHN,M,,,,1867,0,20,SEP25,2001,i
8637393,"Li, Yingjie",CHN,M,,,,1771,0,40,SEP25,2006,i
8624135,"Li, Yingxuan",CHN,F,,,,1725,0,40,SEP25,2007,wi
8639418,"Li, Yirui",CHN,M,,,,1438,0,40,SEP25,2007,i
8627282,"Li, Yixi",CHN,F,,,,1629,0,40,SEP25,2006,wi
8640807,"Li, Youjia",CHN,M,,,,1940,9,40,SEP25,2012,
8681325,"Li, Youran",CHN,F,,,,1520,5,40,SEP25,2015,w
8640122,"Li, Yue",CHN,M,,,,1474,4,20,SEP25,1973,
8671575,"Li, Yuxin",CHN,F,,,,1867,0,40,SEP25,2016,w
8635927,"Li, Yuxuan",CHN,F,,,,1468,0,40,SEP25,2012,wi
8632707,"Li, Zhanjia",CHN,M,,,,1973,9,40,SEP25,2007,
8608237,"Li, Zhaoyang",CHN,M,,,,2072,0,20,SEP25,1999,i
8653631,"Li, Zhihan",CHN,F,,,,1498,0,40,SEP25,2011,w
8671583,"Li, Zhixu",CHN,F,,,,1575,0,40,SEP25,2015,w
8618461,"Li, Ziang",CHN,M,,,,1916,0,40,SEP25,2006,i
8621551,"Li, Ziheng",CHN,M,,,,1668,0,40,SEP25,2009,i
8625700,"Li, Zimo",CHN,M,,,,1624,0,40,SEP25,2008,i
8650667,"Li, Ziyan",CHN,M,,,,1488,0,40,SEP25,2012,
8653658,"Li, Zongchan",CHN,M,,,,1586,0,40,SEP25,2012,
8610401,"Li,Xinyu",CHN,F,WFM,WFM,,2121,9,20,SEP25,2002,w
8621241,"Lian, Shian",CHN,M,,,,1690,0,40,SEP25,2007,
8618470,"Liang, Chenchen",CHN,M,,,,1816,0,40,SEP25,2006,i
8638799,"Liang, Chenzhuo",CHN,F,,,,1504,0,40,SEP25,2014,wi
8630534,"Liang, Dingyi",CHN,M,,,,1888,8,40,SEP25,2005,
8657076,"Liang, Haining",CHN,M,,,,1554,0,40,SEP25,2010,i
8640955,"Liang, Hanzhe",CHN,F,,,,1732,0,40,SEP25,2010,w
8622370,"Liang, Jingcheng",CHN,M,,,,1594,0,40,SEP25,2006,i
8600066,"Liang, Jinrong",CHN,M,GM,,,2476,0,10,SEP25,1960,i
8646201,"Liang, Yuheng",CHN,M,,,,1607,5,40,SEP25,2011,
8663742,"Liang, Zhencheng",CHN,M,,,,1613,7,40,SEP25,2016,
8672989,"Liang, Zhiming",CHN,F,,,,1589,0,40,SEP25,2016,w
8662444,"Liang, Zhuobin",CHN,M,,,,1576,5,40,SEP25,1985,
8605637,"Liao, Rui",CHN,F,,,,1917,0,20,SEP25,1998,wi
8602298,"Lin, Chen",CHN,M,GM,,,2458,0,10,SEP25,1988,i
8641374,"Lin, Chenlu",CHN,F,,,,1442,5,40,SEP25,2013,w
8658900,"Lin, Chi",CHN,M,,,,1833,0,40,SEP25,1988,i
8641510,"Lin, Dianqi",CHN,M,,,,1854,0,40,SEP25,2008,i
8670285,"Lin, Junyi(ZJ)",CHN,M,,,,1780,9,40,SEP25,2013,
8609780,"Lin, Limin",CHN,M,,,,1871,0,20,SEP25,1989,
8642400,"Lin, Runchu",CHN,M,,,,1862,0,40,SEP25,2013,
8654875,"Lin, Shuaicheng",CHN,M,,,,1432,0,40,SEP25,2009,
3238024,"Lin, Shuhan",CHN,M,,,,1819,0,40,SEP25,2010,
8609659,"Lin, Yi",CHN,M,IM,,,2322,0,20,SEP25,2003,i
8679282,"lin, Yihong",CHN,M,,,,1577,0,40,SEP25,2012,
8666830,"Lin, Yuqi",CHN,F,,,,1655,9,40,SEP25,2011,w
8649740,"Lin, Zhean",CHN,M,,,,1524,0,40,SEP25,2017,i
8663246,"Lin, Zhengyuan",CHN,F,,,,1625,0,40,SEP25,2012,w
8666857,"Lin, Zihao",CHN,M,,,,1658,0,40,SEP25,2013,
8644071,"Ling, Xinyang",CHN,M,,,,1513,0,40,SEP25,2015,
8606340,"Liu, Chang",CHN,M,,,,2415,0,10,SEP25,1995,i
8663750,"Liu, Chang(HZ)",CHN,M,,,,1568,0,40,SEP25,2016,
8641293,"Liu, Chengfei",CHN,M,,,,1713,3,40,SEP25,2014,
8674086,"Liu, Chengming(ZJ)",CHN,M,,,,1477,0,40,SEP25,2009,
8646490,"Liu, Chengxi",CHN,F,,,,1570,0,40,SEP25,2012,w
8647585,"Liu, Chenyuan",CHN,M,,,,1755,0,40,SEP25,2011,
8620016,"Liu, Chuan",CHN,M,,,,1870,0,40,SEP25,2006,i
8662487,"Liu, Dijia",CHN,F,,,,1702,0,40,SEP25,2013,w
8630836,"Liu, Enlin",CHN,M,,,,1626,0,40,SEP25,2011,
8603901,"Liu, Guanchu",CHN,M,IM,,,2449,0,10,SEP25,1994,i
8649227,"Liu, Hanzhong",CHN,M,,,,1957,0,40,SEP25,2004,
8619824,"Liu, Hengyue",CHN,M,,,,1889,0,40,SEP25,1997,
8650942,"Liu, Heyang",CHN,M,,,,1778,7,40,SEP25,2012,
8643601,"Liu, Hongkuan",CHN,M,,,,1713,0,40,SEP25,2009,
8603502,"Liu, Hongtao",CHN,M,,,,2161,0,20,SEP25,1993,i
8604789,"Liu, Hongyan",CHN,F,,FA,,1981,0,20,SEP25,1994,wi
8624160,"Liu, Jiapeng",CHN,M,,,,1657,0,20,SEP25,2002,i
8643229,"Liu, Jingyu",CHN,F,,,,1683,9,40,SEP25,2012,w
8638160,"Liu, Jiyuan",CHN,M,,,,1763,0,40,SEP25,2007,
8675619,"Liu, Juncheng",CHN,M,,,,1611,0,40,SEP25,2013,
8681481,"Liu, Kaiyan",CHN,M,,,,1777,0,40,SEP25,2007,
8679983,"Liu, Luoyu",CHN,F,,,,1556,0,40,SEP25,2014,w
8608121,"Liu, Manli",CHN,F,WIM,WIM,FI,2069,0,20,SEP25,1996,w
8618186,"Liu, Mide",CHN,M,,,,1934,0,40,SEP25,2008,i
8659338,"Liu, Mosheng",CHN,M,,SI,,1622,7,40,SEP25,1998,
8670960,"Liu, Qianxing",CHN,F,,,,1464,6,40,SEP25,2014,w
8646236,"Liu, Qikai",CHN,M,,,,1763,0,40,SEP25,2012,
8603294,"Liu, Qingnan",CHN,M,GM,,,2514,0,10,SEP25,1992,i
8649570,"Liu, Qingyun",CHN,M,,,,1612,3,40,SEP25,2014,
8650977,"Liu, Ruhao",CHN,M,,,,1860,5,20,SEP25,2004,
8644365,"Liu, Siyuan(SC)",CHN,M,,,,1468,0,40,SEP25,2012,i
8657181,"Liu, Songnian",CHN,M,,,,1524,0,40,SEP25,2014,
8613869,"Liu, Suhui",CHN,F,,,,1752,0,20,SEP25,2000,wi
8676917,"Liu, Weichen",CHN,M,,,,1623,10,40,SEP25,2014,
8655839,"Liu, Wenhui",CHN,F,,,,1679,2,40,SEP25,2010,w
8602409,"Liu, Xianglin",CHN,F,,,,2152,0,20,SEP25,1980,wi
8656819,"Liu, Xinmeng",CHN,F,,,,1555,0,40,SEP25,2013,w
8659664,"Liu, Xinran",CHN,F,,,,1594,3,40,SEP25,2012,w
8621748,"Liu, Xinrui",CHN,F,,,,1571,0,40,SEP25,2009,wi
8624194,"Liu, Xinyu",CHN,F,,,,1699,7,20,SEP25,2001,w
8646619,"Liu, Xuanyu(SD)",CHN,M,,,,1717,7,40,SEP25,2010,
8642478,"Liu, Xuxi",CHN,F,,,,1559,0,40,SEP25,2011,w
8608962,"Liu, Yan",CHN,M,GM,,,2436,0,10,SEP25,2000,
8655227,"Liu, Yangboya(SZ)",CHN,M,,,,2024,0,40,SEP25,1994,i
8649863,"Liu, Yi(HB)",CHN,M,,,,1599,7,40,SEP25,1993,
8620296,"Liu, Yinuo",CHN,M,,,,1610,0,40,SEP25,2008,i
8659710,"Liu, Yuanjia",CHN,F,,,,1535,0,40,SEP25,2014,w
8657190,"Liu, Yuexin",CHN,F,,,,1621,0,40,SEP25,2014,w
8610487,"Liu, Yutong",CHN,M,,,,1866,0,20,SEP25,2003,i
8662495,"Liu, Yutong(SZ)",CHN,F,,,,1602,6,40,SEP25,2012,w
8683298,"Liu, Zeqian",CHN,M,,,,1676,8,40,SEP25,2012,
8651035,"Liu, Zhan",CHN,M,,,,1599,0,40,SEP25,2011,
8609381,"Liu, Zhaoqi",CHN,M,IM,FT,,2266,0,20,SEP25,1998,
8640327,"Liu, Zhengcheng",CHN,M,,,,1782,7,40,SEP25,2012,
8643580,"Liu, Zhuoni",CHN,F,,,,1530,0,40,SEP25,2013,w
8668906,"Liu, Zhuxi",CHN,M,,,,1513,0,40,SEP25,2016,
8642087,"Liu, Zichen",CHN,M,,,,1450,0,40,SEP25,2008,i
8626430,"Liu, Zimin",CHN,M,,,,1669,0,40,SEP25,2006,i
8617171,"Liu,Yiyi",CHN,M,,,,1761,0,40,SEP25,2004,
8619336,"Long, Aoxue",CHN,F,,,,1515,0,40,SEP25,2008,wi
8625611,"Long, Enze",CHN,M,,,,1663,0,40,SEP25,2007,i
8603928,"Lou, Yiping",CHN,M,IM,,,2435,0,10,SEP25,1991,
8627207,"Lu, Di",CHN,M,,,,1812,0,40,SEP25,1992,i
8655847,"Lu, Huamin",CHN,M,,,,1593,0,40,SEP25,2013,
8614555,"Lu, Juncheng",CHN,M,,,,1895,0,20,SEP25,2004,i
8610495,"Lu, Kaiyan",CHN,M,,,,1797,0,20,SEP25,0,i
8618020,"Lu, Miaoyi",CHN,F,IM,WGM,,2288,0,20,SEP25,2010,w
8603332,"Lu, Shanglei",CHN,M,GM,,,2603,8,10,SEP25,1995,
8638250,"Lu, Weiyang",CHN,M,,,,1853,0,40,SEP25,2014,
8640815,"Lu, Yichen",CHN,F,,,,1519,0,40,SEP25,2013,w
8657963,"Lu, Zijun",CHN,M,,,,1486,0,40,SEP25,2011,
8614580,"Luo, Aojie",CHN,M,CM,,,1902,0,20,SEP25,2004,i
8651191,"Luo, Mian",CHN,M,,,,1623,0,40,SEP25,2012,
8626324,"Luo, Sijia",CHN,M,,,,1596,0,20,SEP25,2003,i
8666920,"Luo, Xinyu",CHN,F,,,,1426,0,40,SEP25,2012,w
8628149,"Luo, Xinyun",CHN,F,,,,1716,0,40,SEP25,2005,wi
8673900,"Luo, Yancheng",CHN,M,,,,1609,5,40,SEP25,2011,
8643164,"Luo, Yichen",CHN,M,,,,1645,0,40,SEP25,2013,
8677280,"Luo, Yijie",CHN,M,,,,1672,0,40,SEP25,2011,
8651175,"Luo, Youshu",CHN,M,,,,1602,0,40,SEP25,2013,
8647380,"Luo, Zhenzhen",CHN,F,,,,1700,7,40,SEP25,2014,w
8628424,"Luo, Zifei",CHN,M,,,,1663,6,40,SEP25,2008,
8679622,"Lv, Mingze",CHN,M,,,,1607,0,40,SEP25,2012,
8640734,"Lv, Ruichen",CHN,M,,,,1526,0,40,SEP25,2013,
8656266,"Lv, Ruiqi",CHN,M,CM,,,1832,6,40,SEP25,2014,
8679630,"Lv, Xinze",CHN,M,,,,1665,3,40,SEP25,2017,
8651213,"Lv, Yansong",CHN,M,,,,1555,0,40,SEP25,2013,
8658021,"Ma, Baohan",CHN,M,,,,1489,0,40,SEP25,2011,i
8619379,"Ma, Binhe",CHN,M,,,,1834,0,40,SEP25,2008,i
8649111,"Ma, Boxiang",CHN,M,,,,1502,0,40,SEP25,2011,i
8682585,"Ma, Junchen",CHN,M,,,,1647,0,40,SEP25,2015,
8610533,"Ma, Lin",CHN,M,,,,2125,0,20,SEP25,2002,i
8670463,"Ma, Qianxing",CHN,M,,,,1632,9,40,SEP25,2014,
8665699,"Ma, Qixin",CHN,F,,,,1593,5,40,SEP25,2013,w
8603154,"Ma, Qun",CHN,M,GM,,,2609,4,10,SEP25,1991,
8656940,"Ma, Ruihan",CHN,M,,,,1698,0,40,SEP25,2014,
8660280,"Ma, Ruofan",CHN,M,,,,1679,12,40,SEP25,2008,
8657084,"Ma, Weichen",CHN,M,,,,1646,5,40,SEP25,2014,
8624208,"Ma, Xinyi",CHN,F,,,,1464,0,20,SEP25,2002,wi
8675589,"Ma, Yuanshi",CHN,M,,,,1649,9,40,SEP25,2010,
8685347,"Ma, Yuchao",CHN,M,,,,1575,7,40,SEP25,2009,
8643750,"Ma, Yue",CHN,M,,,,1445,0,40,SEP25,2013,i
8658919,"Ma, Yujie",CHN,M,,,,1746,0,40,SEP25,2004,i
8677921,"Ma, Yuzhi",CHN,M,,,,1756,0,40,SEP25,2017,
8607206,"Ma, Zhonghan",CHN,M,IM,,,2416,0,10,SEP25,1995,i
8604215,"Mao, Yingzhou",CHN,F,,,,1980,0,20,SEP25,1996,wi
8625654,"Mei, Zhenhao",CHN,M,,,,1504,0,40,SEP25,2008,i
8609039,"Men, Jiayi",CHN,F,WCM,WCM,,1833,0,20,SEP25,2001,wi
8606773,"Meng, Xianlong",CHN,M,,,,1971,0,20,SEP25,1995,i
8631891,"Meng, Yihan",CHN,M,IM,,,2355,9,20,SEP25,2009,
8647640,"Mi, Shuoyu",CHN,M,,,,1517,5,40,SEP25,2010,
8623627,"Mi, Tenglong",CHN,M,,,,1985,0,20,SEP25,2001,
8618496,"Miao, Zhun",CHN,M,,,,1647,0,40,SEP25,2006,i
8649413,"Miao, ZiXin",CHN,M,,,,1765,0,40,SEP25,2011,
8636001,"Mu, Wangxueyao",CHN,F,WFM,WFM,,1923,0,40,SEP25,2011,w
8601160,"Ni, Hua",CHN,M,GM,,,2619,0,10,SEP25,1983,i
8608466,"Ni, Shiqun",CHN,F,WGM,WGM,,2347,0,10,SEP25,1997,w
8641986,"Nie, Haoxuan",CHN,M,,,,1408,0,40,SEP25,2012,i
8680728,"Nie, Mingchen",CHN,M,,,,1670,0,40,SEP25,2004,
8607222,"Nie, Xinyang",CHN,M,IM,,,2340,0,20,SEP25,2000,
8614750,"Ning, Kaiyu",CHN,F,WIM,WIM,,2269,0,20,SEP25,2004,wi
8636770,"Ning, Zijin",CHN,F,,,,1521,0,40,SEP25,2008,wi
8655863,"Pan, Junxiang",CHN,M,,,,1652,2,40,SEP25,2014,
8679436,"Pan, Lexuan",CHN,M,,,,1757,0,40,SEP25,2012,
8672210,"Pan, Shilin",CHN,F,,,,1465,0,40,SEP25,2003,w
8624224,"Pan, Yucheng",CHN,M,,,,1752,0,40,SEP25,2005,i
8606374,"Pang, Bo",CHN,M,,,,2200,0,40,SEP25,1998,i
8609950,"Pang, Tao",CHN,M,GM,,,2333,0,20,SEP25,2001,
8609047,"Peng, Hongchi",CHN,M,,,,2312,0,20,SEP25,2002,i
8640416,"Peng, Jingyi(GD)",CHN,F,,,,1863,0,40,SEP25,2014,w
8658099,"Peng, Lilong",CHN,M,,,,1570,0,40,SEP25,2014,
8638632,"Peng, Shiyang",CHN,F,,,,1620,0,40,SEP25,2013,w
8605220,"Peng, Tianlu",CHN,F,,SI,,2072,7,20,SEP25,1993,w
8610541,"Peng, Wei",CHN,F,,,,1737,0,20,SEP25,0,wi
8643130,"Peng, Xiaolu",CHN,F,,,,1462,0,40,SEP25,2011,w
8607680,"Peng, Xinbei",CHN,F,,,,1787,0,20,SEP25,1999,wi
8655871,"Peng, Xinting",CHN,F,,,,1421,0,40,SEP25,2014,wi
8610550,"Peng, Xiongjian",CHN,M,GM,,,2392,0,10,SEP25,2000,
8679657,"Peng, Yicheng(BJ)",CHN,M,,,,1714,10,40,SEP25,2017,
8633118,"Pi, Aiying",CHN,F,,,,1795,0,40,SEP25,2011,w
8662509,"Pi, Chongxi",CHN,M,,,,1724,0,40,SEP25,2015,
8632197,"Pian, Junyao",CHN,F,,,,1811,0,40,SEP25,2008,w
8624232,"Piao, Yufei",CHN,M,,,,1649,0,40,SEP25,2006,i
8655880,"Ping, Ancheng",CHN,M,,,,1797,9,40,SEP25,2014,
8663793,"Pu, Yilin",CHN,M,,,,1622,0,40,SEP25,2015,
8649146,"Qian, Qipeng",CHN,M,,,,1900,0,40,SEP25,2015,
8644284,"Qiang, Haosen",CHN,M,,,,1412,0,40,SEP25,2012,i
331105249,"Qiao, Haobo",CHN,M,,,,ACM,1506,0,SEP25,2016,
8664196,"Qiao, Haoyan",CHN,M,,,,1726,0,40,SEP25,2016,
8672920,"Qin, Jiaze",CHN,M,,,,1490,6,40,SEP25,2014,
8672962,"Qin, Lexuan",CHN,M,,,,1586,0,40,SEP25,2012,
8630666,"Qin, Rui",CHN,M,,,,1659,0,20,SEP25,1990,i
8636893,"Qin, Yixuan",CHN,M,,,,1482,0,40,SEP25,2009,i
8606137,"Qiu, Mengjie",CHN,F,WIM,WIM,,2086,0,20,SEP25,1995,wi
8676550,"Qiu, Tianyu",CHN,M,,,,1719,0,40,SEP25,2014,
8603030,"Qiu, Tong",CHN,M,,,,2306,0,20,SEP25,1990,i
8683280,"Qiu,Tingkai",CHN,M,,,,1524,7,40,SEP25,2011,
8639850,"Qu, Haoming",CHN,M,,,,2069,0,40,SEP25,2012,
8620377,"Qu, Hongxuan",CHN,M,,,,1663,0,40,SEP25,2007,i
8665044,"Ren, Ruoxi",CHN,F,,,,1646,8,40,SEP25,2016,w
8622426,"Ren, Xiang",CHN,M,,,,1767,0,40,SEP25,2007,i
8608709,"Ren, Xiaoyi",CHN,F,WIM,WIM,,2226,0,20,SEP25,1996,wi
8630143,"Ren, Yibai",CHN,M,,,,1608,0,40,SEP25,2009,
8642338,"Ren, Ziyi(SX)",CHN,M,,,,1488,5,40,SEP25,2014,
8640912,"Ruan, Jiaming",CHN,M,,,,1585,0,40,SEP25,2013,
8620156,"Ruan, Zhicheng",CHN,M,,,,1958,0,40,SEP25,2005,i
8618011,"Rui, Yueyue",CHN,F,,,,1561,0,40,SEP25,2007,wi
8624496,"Sha, Qingzhong",CHN,M,,,,1716,0,40,SEP25,2006,i
8666040,"Shan, Qixuan",CHN,M,,,,1706,6,40,SEP25,2012,
8673497,"Shan, Tianyuan",CHN,M,,,,1607,0,40,SEP25,2002,
8663572,"Shan, Yiping",CHN,M,,,,1915,0,40,SEP25,2014,
8651418,"ShangGuan, ZhengChen",CHN,M,,,,1730,0,40,SEP25,2013,
8622450,"Shao, Qiyu",CHN,F,,,,1708,0,40,SEP25,2005,wi
8682895,"Shao, Tianyi",CHN,M,,,,1766,9,40,SEP25,2007,
8611092,"Shao, Wenbin",CHN,M,,,,2090,0,20,SEP25,1997,i
8640742,"Shao, Xiayang",CHN,M,,,,1751,0,20,SEP25,2003,
8631590,"Shao, Yanrui",CHN,F,,,,1547,0,40,SEP25,2010,w
8657440,"She, Sicheng",CHN,M,,,,1679,0,40,SEP25,2017,
8659788,"Shen, Delin",CHN,M,,,,1847,0,40,SEP25,2002,i
8641021,"Shen, Fuyan",CHN,M,,,,1917,0,40,SEP25,2011,
8640718,"Shen, Houlin",CHN,M,,,,1769,0,40,SEP25,2014,i
8651450,"Shen, Jiacheng",CHN,M,,,,1674,8,40,SEP25,2013,
8603162,"Shen, Yang",CHN,F,IM,WGM,FT,2358,0,10,SEP25,1989,w
8674094,"Shen, Yuzheng",CHN,M,,,,1576,8,40,SEP25,2008,
8625409,"Shi, Jiashuo",CHN,M,,,,1730,0,40,SEP25,2008,i
8658927,"Shi, Junyan",CHN,M,,,,1741,0,40,SEP25,2014,i
8608253,"Shi, Kecheng",CHN,M,,,,2201,0,20,SEP25,0,i
8636028,"Shi, Yige",CHN,F,,,,1852,0,40,SEP25,2011,w
8621411,"Shi, Zhanran",CHN,M,,,,1625,0,20,SEP25,2004,i
8684324,"Shi, Zhaofengcheng",CHN,M,,,,1490,6,40,SEP25,2008,
8640750,"Song, Junteng",CHN,M,,,,1620,0,40,SEP25,2010,
8620865,"Song, Linxuan",CHN,M,,,,1683,0,40,SEP25,2008,i
8650195,"Song, Yihang",CHN,M,,,,1908,0,40,SEP25,2014,
8638900,"Song, Yiyang",CHN,F,,,,1508,0,40,SEP25,2010,w
8630364,"Song, Yuchen",CHN,M,,,,1883,0,40,SEP25,2009,i
8614300,"Song, Yuxin",CHN,F,IM,WGM,,2375,0,20,SEP25,2005,w
8650080,"Song, Yuzhen",CHN,F,,,,1591,0,40,SEP25,2014,wi
8609870,"Su, Zijin",CHN,M,,,,1761,0,20,SEP25,2003,i
8622990,"Sun, Chao",CHN,M,,,,2030,0,20,SEP25,2002,i
8604150,"Sun, Fanghui",CHN,F,WIM,WIM,,2202,0,20,SEP25,1993,w
8605378,"Sun, Guo Yun",CHN,M,,,,2125,0,20,SEP25,1994,i
8655065,"Sun, Hanyu",CHN,M,,,,1874,0,40,SEP25,2005,i
8618119,"Sun, Hongyi",CHN,M,,,,1432,0,40,SEP25,2005,i
8649499,"Sun, Kaichen",CHN,M,,,,1785,0,40,SEP25,2006,
8663858,"Sun, Luyao",CHN,M,,,,1614,0,40,SEP25,2014,
8647003,"Sun, Mingqi",CHN,M,,,,1520,3,40,SEP25,2012,
8626111,"Sun, Mingyang",CHN,M,,NA,,AIM,1665,0,SEP25,1990,
8622353,"Sun, Pengxiang",CHN,M,,,,1768,6,20,SEP25,2001,
8650748,"Sun, Shenghuan",CHN,M,,,,1765,5,40,SEP25,2012,
8631190,"Sun, Weiqi",CHN,F,,NI,,1759,0,40,SEP25,1979,wi
8614776,"Sun, Yidi",CHN,M,,,,2237,0,20,SEP25,2004,i
8642419,"Sun, Yuanhang",CHN,M,,NA,,1709,6,40,SEP25,1995,
8614520,"Sun, Yucan",CHN,F,WCM,WCM,,1749,0,40,SEP25,2006,wi
8647410,"Sun, Yucan(SD)",CHN,F,,,,1657,0,40,SEP25,2014,w
8664242,"Sun, Yuxiao",CHN,M,,,,1642,0,40,SEP25,2015,
8684049,"Sun, Zhengyin",CHN,M,,,,1609,6,40,SEP25,2009,
8621217,"Suo, Niya",CHN,F,,,,1719,8,40,SEP25,2005,w
8667195,"Tan, Zhiyuan",CHN,M,,,,1561,5,40,SEP25,2008,
8603642,"Tan, Zhongyi",CHN,F,GM,WGM,,2507,0,10,SEP25,1991,w
8626561,"Tang, Haochen",CHN,M,,,,1669,0,40,SEP25,2007,i
8620830,"Tang, Keran",CHN,M,,,,1936,17,20,SEP25,2002,
8623180,"Tang, Qingchi",CHN,F,,,,1739,0,40,SEP25,2006,w
8668752,"Tang, Xiaocheng",CHN,M,,,,1698,0,40,SEP25,2015,
8684375,"Tao, Zhibin",CHN,M,,,,1742,8,40,SEP25,2008,
8609977,"Teng, Jiarong",CHN,M,,,,2096,0,20,SEP25,1997,i
8647569,"Teng, Yican",CHN,M,,,,1609,0,40,SEP25,2010,i
8603383,"Tian, Jialin",CHN,M,,,,2001,0,40,SEP25,1994,i
8649456,"Tian, Jiaxin",CHN,F,,,,1601,0,40,SEP25,2014,wi
8665079,"Tian, Ruining",CHN,F,,,,1513,3,40,SEP25,2013,w
8639744,"Tian, Shenglin",CHN,M,,,,1693,0,40,SEP25,2016,
8640084,"Tian, Simiao",CHN,M,,,,1447,0,40,SEP25,2015,
8602417,"Tian, Tian",CHN,F,WGM,WGM,FT,2131,0,20,SEP25,1983,wi
8628262,"Tian, Yuxiang",CHN,M,,,,1865,6,40,SEP25,2005,
8650764,"Tong, Xiaojun",CHN,M,,,,1403,0,40,SEP25,2015,
8639868,"Tong, Yiyi",CHN,F,,,,1764,6,40,SEP25,2012,w
8628793,"Wan, Lexuan",CHN,M,,,,1662,0,40,SEP25,2006,i
8614296,"Wan, Qian",CHN,F,WFM,WFM,,1939,0,40,SEP25,2005,wi
8603189,"Wan, Yunguo",CHN,M,GM,,,2495,0,10,SEP25,1990,
8616906,Wang Jun,CHN,M,,,,1807,0,20,SEP25,2000,i
8618585,"Wang, Bingfei",CHN,M,,,,1927,0,20,SEP25,2005,
8627088,"Wang, Bingnan",CHN,M,,,,1842,8,40,SEP25,2011,
8618968,"Wang, Bowen(CHN)",CHN,M,,,,1680,0,40,SEP25,2007,i
8601020,"Wang, Chen",CHN,M,IM,,,2441,0,10,SEP25,1993,i
8668566,"Wang, Chengkai",CHN,M,,,,1726,0,40,SEP25,2015,
8671087,"Wang, Chenyuan(SH)",CHN,F,,,,1662,2,40,SEP25,2013,w
8631638,"Wang, Chuqiao",CHN,F,WIM,WIM,,2080,0,40,SEP25,2008,w
8636052,"Wang, Deng",CHN,F,,,,1494,0,40,SEP25,2012,w
8603197,"Wang, Doudou",CHN,F,WIM,WIM,FT,2171,0,20,SEP25,1988,wi
8674302,"Wang, Han",CHN,M,,,,1624,6,40,SEP25,2015,
8633010,"Wang, Hanbo",CHN,M,,,,1657,1,40,SEP25,2005,
8646139,"Wang, Hanzhang",CHN,F,,,,1467,0,40,SEP25,2012,w
8602883,"Wang, Hao",CHN,M,GM,,,2663,2,10,SEP25,1989,
8609446,"Wang, Hao B",CHN,M,,,,2143,0,20,SEP25,1990,i
8631859,"Wang, Hao(ZJ)",CHN,M,IM,,,2382,0,10,SEP25,2005,
8645493,"Wang, Haoran(SD)",CHN,M,,,,1672,7,40,SEP25,2012,
8651736,"Wang, Hejiayue",CHN,F,,,,1734,0,40,SEP25,2013,w
8674990,"Wang, Hengshuo",CHN,M,,,,1612,0,40,SEP25,2013,
8671990,"Wang, Jiahe",CHN,M,,,,1700,0,40,SEP25,2014,
8631301,"Wang, Jiayi",CHN,M,,,,1614,0,40,SEP25,2007,i
8684553,"Wang, Jinbo",CHN,M,,,,1795,8,40,SEP25,2006,
8642575,"Wang, Jiyan",CHN,M,,,,1681,0,40,SEP25,2010,
8604070,"Wang, Jue",CHN,F,WGM,WGM,,2421,0,10,SEP25,1995,wi
8662517,"Wang, Kai",CHN,M,,,,1732,5,40,SEP25,2013,
8663289,"Wang, Leyi",CHN,F,,,,1493,0,40,SEP25,2013,w
8667306,"Wang, Mengyue",CHN,F,,,,1555,0,40,SEP25,2013,w
8624305,"Wang, Mingyu(06)",CHN,M,,,,1600,0,40,SEP25,2006,i
8665672,"Wang, Mujia",CHN,F,,,,1679,5,40,SEP25,2015,w
8667314,"Wang, Muyuan",CHN,M,,,,1678,0,40,SEP25,2011,
8600406,"Wang, Pin",CHN,F,WGM,WGM,,2390,0,10,SEP25,1974,wi
8625050,"Wang, Puxuan",CHN,M,,,,1762,4,40,SEP25,2009,
8604282,"Wang, Qibiao",CHN,M,,FT,,2289,0,20,SEP25,0,i
8605351,"Wang, Qin Ke",CHN,F,,,,1932,0,20,SEP25,1992,wi
8636060,"Wang, Qinxuanyi",CHN,F,,,,2121,0,40,SEP25,2011,w
8601003,"Wang, Rui",CHN,M,GM,,,2426,0,10,SEP25,1978,i
8647623,"Wang, Ruiyan",CHN,M,,,,1607,8,40,SEP25,2008,
8610665,"Wang, Shixu B",CHN,M,IM,,,2391,0,20,SEP25,2001,
8676577,"Wang, Shunkai",CHN,M,,,,1732,0,40,SEP25,2016,
8620148,"Wang, Shunshun",CHN,F,,,,1824,0,40,SEP25,2007,w
8683999,"Wang, Sijian",CHN,M,,,,1869,7,40,SEP25,1998,
8622221,"Wang, Tiansheng",CHN,M,,,,1795,0,20,SEP25,2004,i
8623490,"Wang, Tiantian",CHN,F,,,,1700,0,40,SEP25,2008,wi
8642796,"Wang, Xiangyi",CHN,F,,,,1732,0,40,SEP25,2013,w
8628106,"Wang, Xiaozhi",CHN,M,,,,1805,0,40,SEP25,2007,
8656835,"Wang, Xicheng",CHN,M,,,,1614,0,40,SEP25,2014,
8676950,"Wang, Xuezhe",CHN,M,,,,1610,2,40,SEP25,2014,
8651892,"Wang, Xuhang",CHN,M,,,,1615,8,40,SEP25,2010,
8617848,"Wang, Xuwen",CHN,F,,,,1911,0,40,SEP25,2005,wi
8617996,"Wang, Yanbin",CHN,M,IM,,,2373,0,20,SEP25,2002,i
8625646,"Wang, Yang",CHN,M,,,,1711,0,40,SEP25,2006,i
8682674,"Wang, Yansen",CHN,M,,,,1774,5,40,SEP25,2014,
8640700,"Wang, Yi(BJ)",CHN,F,,,,1799,6,20,SEP25,1995,w
8651914,"Wang, Yichen(JS)",CHN,M,,,,1518,0,40,SEP25,2012,
8664315,"Wang, Yicheng",CHN,M,,,,1617,0,40,SEP25,2015,
8642184,"Wang, Yiduo",CHN,M,,,,1444,0,40,SEP25,2014,
8615616,"Wang, Yifan(ZH)",CHN,M,,,,1766,0,20,SEP25,2004,i
8628610,"Wang, Yijun",CHN,M,,,,1756,0,40,SEP25,2009,
8667349,"Wang, Yilin",CHN,M,,,,1685,9,40,SEP25,2012,
8631450,"Wang, Yiming",CHN,M,,,,1716,0,40,SEP25,2013,
8624321,"Wang, Yinuo(LN)",CHN,M,,,,1865,0,40,SEP25,2010,
8651922,"Wang, Yinxiao",CHN,M,,,,1578,0,40,SEP25,2013,
8640181,"Wang, Yixiao(SD)",CHN,F,,,,1804,0,40,SEP25,2003,wi
8638284,"Wang, Yixin",CHN,F,,,,1479,0,40,SEP25,2006,wi
8606021,"Wang, Yiye",CHN,M,IM,,,2471,0,10,SEP25,1998,i
8641005,"Wang, Youran",CHN,M,,,,1803,0,40,SEP25,2011,
8618593,"Wang, Youxu",CHN,M,,,,1614,0,40,SEP25,2006,i
8601097,"Wang, Yu A.",CHN,F,IM,WGM,,2183,0,20,SEP25,1982,w
8601429,"Wang, Yue",CHN,M,GM,,,2628,2,10,SEP25,1987,
8628785,"Wang, Yuezhou",CHN,M,,,,1756,0,40,SEP25,2007,i
8655235,"Wang, Yufan(GD)",CHN,M,,,,1566,0,40,SEP25,2011,
8607966,"Wang, Yukun",CHN,M,FM,,,2033,0,20,SEP25,2000,i
8641994,"Wang, Yunlei",CHN,M,,,,1481,0,40,SEP25,2009,
8657580,"Wang, Yuxuan(SH)",CHN,M,,,,1902,0,40,SEP25,2017,
8655979,"Wang, Zekai",CHN,M,,,,1529,0,40,SEP25,2012,
8676836,"Wang, Zeyu(SZ)",CHN,M,,,,1565,0,40,SEP25,2013,
8640157,"Wang, Zhonghao",CHN,M,,,,1514,0,40,SEP25,2011,
8626855,"Wang, Zian",CHN,M,,,,1592,0,40,SEP25,2009,i
8614350,"Wang, Zideng",CHN,M,CM,,,1938,0,20,SEP25,2004,i
8620342,"Wang, Zifan",CHN,M,,,,1804,0,20,SEP25,2004,i
8639892,"Wang, Zihang",CHN,M,,,,1932,0,40,SEP25,2011,
8614385,"Wang, Zihao",CHN,M,,,,1923,0,40,SEP25,2001,i
8647771,"Wang, Zihao(SH)",CHN,M,,,,1762,0,40,SEP25,2012,
8644500,"Wang, Zimo(BJ)",CHN,M,,,,1562,0,40,SEP25,2009,i
8643520,"Wang, Ziqin",CHN,M,,,,1715,7,40,SEP25,1997,
8656738,"Wang, Zirui(SH)",CHN,M,,,,1651,0,40,SEP25,2014,
8613362,"Wang, Zixu",CHN,M,,,,2072,0,20,SEP25,0,i
8636974,"Wang, Zixuan(SD)",CHN,M,,,,1483,0,40,SEP25,2013,
8671680,"Wang, Ziyu",CHN,F,,,,1646,0,40,SEP25,2015,w
8617880,"Wang,Yifan(Q)",CHN,M,,,,1867,0,40,SEP25,2007,i
8615187,"Wang,Ze",CHN,M,,,,1932,0,20,SEP25,2001,i
8617821,"Wang,Zhiyu",CHN,F,,,,1734,12,20,SEP25,2004,w
8622256,"Wayile, Jialade",CHN,M,,"NI,NI",,1854,0,20,SEP25,1996,i
8684391,"Wei, Chengyu",CHN,M,,,,1604,8,40,SEP25,2008,
8620938,"Wei, Jianzhou",CHN,M,CM,,,1837,0,40,SEP25,2009,i
8616787,"Wei, Yaqing",CHN,F,WCM,WCM,,1700,0,40,SEP25,2007,wi
8603405,"Wei, Yi",CHN,M,GM,,,2758,0,10,SEP25,1999,
8600171,"Wei, Yuyang",CHN,M,,,,2075,9,20,SEP25,1996,
8667403,"Wei, Zhengzheng",CHN,F,,,,1498,8,40,SEP25,2014,w
8658013,"Wei, Zhuocheng",CHN,M,,,,1473,0,40,SEP25,2015,i
8603430,"Wen, Gehua",CHN,M,CM,,,2131,0,20,SEP25,1994,
8673128,"Wen, Lang",CHN,M,,,,1430,5,40,SEP25,2016,
8602956,"Wen, Yang",CHN,M,GM,,,2524,0,10,SEP25,1988,i
8612676,"Wen, Yili",CHN,F,,,,2012,0,20,SEP25,2004,wi
331059502,"Weng, Yanghuan",CHN,M,,,,1641,0,40,SEP25,2009,i
8659214,"Wu, Entong",CHN,M,,,,1507,0,40,SEP25,2011,
8655995,"Wu, Haoyan",CHN,M,,,,2041,0,40,SEP25,2000,i
8663980,"Wu, Jingyu",CHN,M,,,,1740,0,40,SEP25,2016,
8625417,"Wu, Kaige",CHN,M,,,,1609,0,40,SEP25,2011,i
8665737,"Wu, Kun",CHN,M,,,,ACM,1413,18,SEP25,1984,
8642559,"Wu, Kunyu",CHN,M,,,,1612,0,40,SEP25,2013,
8628130,"Wu, Shuang",CHN,F,,,,1650,0,40,SEP25,2006,wi
8641170,"Wu, Shuang(HLJ)",CHN,F,WCM,WCM,,1862,0,40,SEP25,2012,w
8637792,"Wu, Shuofei",CHN,M,,,,1464,0,40,SEP25,2007,i
8642044,"Wu, Sinian",CHN,F,,,,1563,0,40,SEP25,2014,w
8611122,"Wu, Yang",CHN,M,,,,2227,0,20,SEP25,0,i
8631379,"Wu, Yinan",CHN,M,,,,2028,0,40,SEP25,2012,
8639906,"Wu, Yiting",CHN,F,,,,1732,7,40,SEP25,2013,w
8625387,"Wu, Yixing",CHN,M,IM,,,2055,0,40,SEP25,2007,
8653712,"Wu, Yuchen",CHN,F,,,,1585,0,40,SEP25,2012,w
8640599,"Wu, Yuetong",CHN,F,,,,1537,5,40,SEP25,2011,w
8643075,"Wu, Yufei",CHN,F,,,,1513,0,40,SEP25,2009,w
8658307,"Wu, Yuhang(SH)",CHN,M,,,,1627,4,40,SEP25,2016,
8614687,"Wu, Ziyang",CHN,M,,,,1732,0,20,SEP25,2004,i
8615209,"Wu,Kaitao",CHN,M,,,,2018,0,20,SEP25,2004,i
8641650,"Wu,Yihan",CHN,M,,,,1690,9,40,SEP25,2010,
8669368,Wu.Yulin,CHN,M,,,,1573,9,40,SEP25,2015,
8618623,"Xi, Qi",CHN,M,,,,2277,0,20,SEP25,2003,i
8653755,"Xia, Jinnan",CHN,M,,,,1864,9,40,SEP25,2013,
8639582,"Xia, Miaoyan",CHN,F,,,,1691,6,40,SEP25,2012,w
8605602,"Xia, Ri Feng",CHN,F,,,,1996,0,20,SEP25,1994,wi
8654891,"Xia, Xinyu",CHN,M,,,,1450,0,40,SEP25,2012,i
8663998,"Xia, Ziyi",CHN,M,,,,1617,5,40,SEP25,2015,
8607621,"Xian, Junhao",CHN,M,,,,2059,0,20,SEP25,1996,i
8608547,"Xiang, Zeyu",CHN,M,IM,,,2376,0,20,SEP25,1999,i
8627851,"Xiao, Jiewen",CHN,M,,,,1914,0,40,SEP25,2006,i
8649286,"Xiao, Ruhan",CHN,M,,,,1643,0,40,SEP25,2012,
8622388,"Xiao, Tong(QD)",CHN,M,GM,,,2453,4,10,SEP25,2008,
8606161,"Xiao, Yiyi",CHN,F,WGM,WGM,,2248,0,20,SEP25,1996,w
8650802,"Xiao, Zijun",CHN,M,,,,1672,0,40,SEP25,2013,
8637750,"Xie, Chujun",CHN,M,,,,1690,0,40,SEP25,2011,
8683905,"Xie, Delin",CHN,M,,,,1588,6,40,SEP25,2011,
8619107,"Xie, Kaifan",CHN,M,IM,,,2263,0,40,SEP25,2008,
8680590,"Xie, Xinao",CHN,M,,,,1553,0,40,SEP25,2014,
8653720,"Xie, Yi",CHN,M,,,,1480,5,40,SEP25,2011,
8653798,"Xie, Yuchen",CHN,M,,,,1489,0,40,SEP25,2010,
8653771,"Xie, Yuyang",CHN,M,,,,1763,0,40,SEP25,2013,
8625484,"Xiong, Junyi",CHN,M,,,,1729,0,40,SEP25,2009,i
8613478,"Xiong, Yinian",CHN,F,,,,1711,0,40,SEP25,2005,wi
8617970,"Xiong, Youcheng",CHN,M,,,,1789,0,40,SEP25,2006,i
8603693,"Xiu, Deshun",CHN,M,GM,,,2546,0,10,SEP25,1989,i
8658650,"Xu, Bofang",CHN,M,,,,1549,0,40,SEP25,2016,
8680132,"Xu, Chang(JS)",CHN,F,,,,1456,11,40,SEP25,2015,w
8670765,"Xu, Haoyang(ZJ)",CHN,M,,,,1577,0,40,SEP25,2013,
8604096,"Xu, Huahua",CHN,F,WIM,WIM,FA,2211,0,20,SEP25,1994,wi
8617953,"Xu, Jihan",CHN,M,,,,1834,0,40,SEP25,2008,
8649731,"Xu, Jinzhi",CHN,M,,,,1645,0,40,SEP25,2014,
8600031,"Xu, Jun",CHN,M,GM,,,2511,0,10,SEP25,1962,i
8606790,"Xu, Minghui",CHN,M,IM,,,2335,0,10,SEP25,1999,
8667527,"Xu, Muyang",CHN,M,,,,1641,9,40,SEP25,2014,
8629269,"Xu, Pengmo",CHN,M,,,,1981,7,40,SEP25,2008,
8653860,"Xu, Qihan",CHN,M,,,,1604,0,40,SEP25,2011,
8640610,"Xu, Ruixi",CHN,F,,,,1492,0,40,SEP25,2013,w
8653801,"Xu, Sinan",CHN,M,,,,1665,0,40,SEP25,2012,
8678553,"Xu, Wangrui",CHN,M,,,,1687,10,40,SEP25,2017,
8643318,"Xu, Wei",CHN,M,,,,1976,9,20,SEP25,1996,
8608288,"Xu, Xiangyu",CHN,M,GM,,,2605,8,10,SEP25,1999,
8647062,"Xu, Xinchen",CHN,F,,,,1615,0,40,SEP25,2012,w
8675783,"Xu, Yaolong",CHN,M,,,,1725,6,40,SEP25,2012,
8605564,"Xu, Yi",CHN,M,GM,,,2419,0,10,SEP25,1998,
8627410,"Xu, Yiming",CHN,M,,,,1871,18,20,SEP25,2003,
8604940,"Xu, Yinglun",CHN,M,GM,FT,,2512,0,10,SEP25,1996,
8601089,"Xu, Yuanyuan",CHN,F,WGM,WGM,,2266,0,20,SEP25,1981,w
8664030,"Xu, Zhaochen",CHN,M,,,,1523,0,40,SEP25,2010,
8611572,"Xu, Zhihang",CHN,M,IM,,,2426,0,10,SEP25,2001,i
331110418,"Xu, Zhiqin",CHN,M,,,,1611,0,40,SEP25,2008,i
63100630,"Xu, Ziyuan",CHN,M,,,,2244,0,40,SEP25,2008,
8636761,"Xuan, Zishan",CHN,F,,,,1618,0,40,SEP25,2010,w
8626464,"Xue, Fanli",CHN,M,,,,1667,0,40,SEP25,2006,i
8625492,"Xue, Haowen",CHN,M,GM,,,2442,0,10,SEP25,2008,
8626480,"Xue, Tianhao",CHN,F,WFM,WFM,,1952,8,40,SEP25,2013,w
8667578,"Yan, Jiayue",CHN,M,,,,1570,8,40,SEP25,2011,
8644799,"Yan, Jinzhe",CHN,M,,,,1552,8,40,SEP25,2009,
8648603,"Yan, Shaodong",CHN,M,,,,1634,0,40,SEP25,1998,i
8615250,"Yan, Tianqi",CHN,F,WIM,WIM,,2238,0,20,SEP25,2002,w
8618658,"Yan, Xile",CHN,M,,,,1653,0,40,SEP25,2007,i
8657238,"Yan, Xuan",CHN,M,,,,1596,0,40,SEP25,2013,
8658080,"Yan, Zhaoxin",CHN,M,,,,1759,13,40,SEP25,2013,
8667594,"Yan, Zhensen",CHN,M,,,,1762,7,40,SEP25,2010,
8635668,"Yan, Zimo",CHN,M,,,,1704,0,40,SEP25,2011,
8655413,"Yang, Bingxian",CHN,M,,,,1473,0,40,SEP25,2012,
8647518,"Yang, Chengyou",CHN,M,,,,1473,0,40,SEP25,2014,i
8602948,"Yang, Hainan",CHN,M,IM,FT,,2313,0,20,SEP25,1989,i
8649626,"Yang, Jinyu",CHN,F,,,,1466,4,40,SEP25,2008,w
8640262,"Yang, Jixiang",CHN,M,,,,1637,2,40,SEP25,2011,
8624348,"Yang, Junchi",CHN,M,,,,1711,0,40,SEP25,2006,i
8653984,"Yang, Lanqin",CHN,M,,,,1998,0,40,SEP25,2013,
8654085,"Yang, Le",CHN,F,,,,1679,0,40,SEP25,2012,w
8603758,"Yang, Qindong",CHN,M,,,,2224,0,20,SEP25,1996,i
8631166,"Yang, Siyuan",CHN,M,,,,1701,0,40,SEP25,2009,
8682968,"Yang, Xiaohang",CHN,M,,,,1706,8,40,SEP25,1999,
8659850,"Yang, Xingrui",CHN,M,,,,1707,0,40,SEP25,2014,
8649073,"Yang, Yichen",CHN,M,,,,1669,0,40,SEP25,2009,
8674566,"Yang, Yicheng",CHN,M,,,,1535,0,40,SEP25,2016,
8612285,"Yang, Yijian",CHN,M,,,,1585,0,40,SEP25,2005,i
8608601,"Yang, Yijing",CHN,F,WCM,WCM,,1990,0,20,SEP25,2001,w
331059530,"Yang, Zibai",CHN,M,,,,1668,0,40,SEP25,2009,
8654069,"Yang, Zichen",CHN,M,,,,1495,0,40,SEP25,2013,
8615624,"Yang, Zicheng",CHN,M,,,,1627,0,20,SEP25,2004,i
8673780,"Yang, Zihao",CHN,M,,,,1407,10,40,SEP25,2012,
8641528,"Yang, ZiLong",CHN,M,FM,,,1972,0,40,SEP25,2012,
8625441,"Yao, Jingyu",CHN,M,,,,1544,0,40,SEP25,2008,i
8630291,"Yao, Weibo",CHN,F,,,,1492,0,40,SEP25,2009,wi
8633207,"Yao, Xiang",CHN,M,,,,1666,7,40,SEP25,2006,
8661138,"Yao, Yichen",CHN,M,,,,1718,0,40,SEP25,2014,
8646074,"Yao, Zheyu",CHN,M,,,,1517,0,40,SEP25,2008,
8630305,"Yao, Zihan",CHN,M,,,,1700,0,40,SEP25,2007,i
8611556,"Ye, Jiaxu",CHN,M,,FI,,2064,0,20,SEP25,1979,i
8674469,"Ye, Peilin",CHN,M,,,,2038,8,40,SEP25,2005,
8600015,"Ye, Rongguang",CHN,M,GM,,,2397,0,10,SEP25,1963,i
8657785,"Ye, Weitao",CHN,M,,NA,,1523,7,40,SEP25,1977,
8677891,"Ye, Xuebing",CHN,M,,,,1646,0,40,SEP25,1973,
8642877,"Yelipan, Aliken",CHN,M,,,,1759,0,40,SEP25,1996,i
8659303,"Yi, Jingming",CHN,M,,,,1602,8,40,SEP25,2014,
8649120,"Yi, Ruiyu",CHN,F,,,,1573,7,40,SEP25,2015,w
8657246,"Yi, Sichen",CHN,M,,,,1790,8,40,SEP25,2012,
8669899,"Yi, Zeyang",CHN,M,,,,1516,7,40,SEP25,2015,
8640483,"Yin, Zijun",CHN,M,,,,1733,0,40,SEP25,2012,
8657599,"You, Shengrui",CHN,M,,,,1700,0,40,SEP25,2015,
8622663,"Yu, Bo",CHN,M,,,,1804,0,20,SEP25,1985,i
331105454,"Yu, Changhao",CHN,M,,,,1998,7,20,SEP25,2001,
8608555,"Yu, Chaojie",CHN,M,,,,2182,0,20,SEP25,1995,i
8649170,"Yu, Chengtai",CHN,M,,,,1604,0,40,SEP25,2009,i
8658714,"Yu, Chengzhi",CHN,M,,,,1582,0,40,SEP25,2015,
8662533,"Yu, Jianbin",CHN,M,,,,1639,16,40,SEP25,1978,
8609667,"Yu, Kaifeng",CHN,M,FM,,,2244,0,20,SEP25,2003,i
8603090,"Yu, Ruiyuan",CHN,M,GM,,,2507,0,10,SEP25,1991,i
8647674,"Yu, Sicheng",CHN,M,,,,1594,0,40,SEP25,2012,i
8654247,"Yu, Xi",CHN,M,,,,1460,0,40,SEP25,2011,
8683107,"Yu, Yan(SH)",CHN,M,,,,1639,6,40,SEP25,2016,
8603820,"Yu, Yangyi",CHN,M,GM,,,2696,6,10,SEP25,1994,
8628165,"Yu, Yanming",CHN,M,,,,1753,0,40,SEP25,2009,
8640335,"Yu, Yaochen",CHN,F,WFM,WFM,,1788,0,40,SEP25,2008,wi
8626510,"Yu, Yiyang",CHN,M,,,,1630,8,40,SEP25,2010,
8641340,"Yu, Yuexi",CHN,F,,,,1945,0,40,SEP25,2008,w
8649138,"Yu, Zechen",CHN,M,FM,,,1868,0,40,SEP25,2014,
8641064,"Yu, Zhenghuan",CHN,M,,,,1799,0,40,SEP25,2007,
8661456,"Yu, Zhiwei",CHN,M,,,,1587,0,40,SEP25,2014,
8643776,"Yu, Zhongbo",CHN,M,,,,ACM,1566,7,SEP25,2016,
8625670,"Yu, Zili",CHN,M,,,,1579,0,40,SEP25,2007,i
8657092,"Yu, Zixiao",CHN,M,,,,1751,5,40,SEP25,2016,
8641668,"Yu,Shi",CHN,M,,,,1942,0,40,SEP25,2011,
8681503,"Yuan, Haoxiang",CHN,M,,,,1663,0,40,SEP25,2009,
8609772,"Yuan, Qingyu",CHN,M,,,,AGM,2344,0,SEP25,1996,
8649464,"Yuan, Shunzhe",CHN,M,,,,1732,7,40,SEP25,2015,
8608415,"Yuan, Ye",CHN,F,,,,2125,0,20,SEP25,2000,wi
8619190,"Yue, Jiongchen",CHN,M,,,,1608,0,40,SEP25,2007,i
8666164,"Zeng, Bowen",CHN,M,,,,1639,0,40,SEP25,2014,
8603847,"Zeng, Chongsheng",CHN,M,GM,,,2486,0,10,SEP25,1993,
8670110,"Zeng, Guanyu",CHN,M,,,,1894,8,40,SEP25,2013,
8614407,"Zeng, Lingqi",CHN,M,,,,1842,0,40,SEP25,2001,i
8645914,"Zeng, Yimin",CHN,M,,,,1676,0,40,SEP25,2011,
8673187,"Zeng, Yishen",CHN,M,,,,1488,0,40,SEP25,2012,
8646554,"Zeng, Zhanyi",CHN,M,,,,1535,6,40,SEP25,2007,
8666202,"Zha, Haoyun",CHN,M,,,,1517,0,40,SEP25,2012,
8600201,"Zhai, Mo",CHN,F,WGM,WGM,,2355,0,20,SEP25,1996,w
8647682,"Zhang, Beichen",CHN,M,,,,1648,5,40,SEP25,2017,
8635056,"Zhang, Bohan",CHN,F,,,,1720,0,40,SEP25,2011,wi
8654417,"Zhang, Boqin",CHN,M,,,,1660,0,40,SEP25,2012,
8643768,"Zhang, Chenyin",CHN,M,,,,1654,6,40,SEP25,2015,
8657998,"Zhang, Deyun",CHN,M,,,,1482,0,40,SEP25,2014,i
8616590,"Zhang, Di",CHN,M,,,,2180,0,40,SEP25,2007,
8654743,"Zhang, Enming(SH)",CHN,M,,,,1704,7,40,SEP25,2013,
8666091,"Zhang, Gong",CHN,M,,,,1507,0,40,SEP25,1971,
8638071,"Zhang, Haixin",CHN,M,,,,1542,0,40,SEP25,2009,i
8638993,"Zhang, Hanrui",CHN,M,,,,1468,0,40,SEP25,2009,i
8641552,"Zhang, Haoxuan",CHN,M,,,,1822,0,40,SEP25,2013,
8643172,"Zhang, Haoxuan(ZJ)",CHN,M,FM,,,2018,0,40,SEP25,2012,
8606846,"Zhang, Hongji",CHN,M,,,,1846,0,20,SEP25,1996,i
8640980,"Zhang, Hongya",CHN,M,,,,1883,0,40,SEP25,2014,
8673179,"Zhang, Hongyi(BJ)",CHN,M,,,,1584,0,40,SEP25,2014,
8662401,"Zhang, Jiachen(GD)",CHN,M,,,,1529,0,40,SEP25,2013,
8640777,"Zhang, Jiakun",CHN,M,,,,1593,0,40,SEP25,2010,i
8655103,"Zhang, Jianning",CHN,F,,,,1652,0,40,SEP25,2014,w
8643946,"Zhang, Jiayu(SH)",CHN,M,,,,1660,16,40,SEP25,2012,
8644640,"Zhang, Jiazhen",CHN,M,,,,1765,7,40,SEP25,2008,
8620024,"Zhang, Jing b",CHN,F,,,,1655,0,20,SEP25,2002,wi
8620784,"Zhang, Keyu",CHN,M,,,,1657,0,40,SEP25,2007,i
8608032,"Zhang, Lanlin",CHN,F,WIM,WIM,,2273,0,20,SEP25,1999,w
8642729,"Zhang, Luofei",CHN,F,,,,1505,2,40,SEP25,2009,w
8646163,"Zhang, Mingen",CHN,F,,,,1559,0,40,SEP25,2009,w
8654476,"Zhang, Minxin",CHN,F,,,,1490,3,40,SEP25,2012,w
8600970,"Zhang, Pengxiang",CHN,M,GM,,,2504,0,10,SEP25,1980,
8625433,"Zhang, Qijie",CHN,M,,,,1587,0,40,SEP25,2009,i
8647577,"Zhang, Qili",CHN,M,,,,1531,0,40,SEP25,2010,i
8626553,"Zhang, Qiwang",CHN,M,,,,1804,0,40,SEP25,2011,
8625425,"Zhang, Rongyu",CHN,F,,,,1590,0,40,SEP25,2006,wi
8628572,"Zhang, Ruyi",CHN,M,,,,1575,5,40,SEP25,2007,
8670790,"Zhang, Shaotang",CHN,M,,,,1600,7,40,SEP25,2013,
8653089,"Zhang, Shukai",CHN,M,,,,1602,0,40,SEP25,2004,
8642192,"Zhang, Tiankun",CHN,M,,,,1595,0,40,SEP25,2013,
8641544,"Zhang, Weiai",CHN,F,,,,1653,0,40,SEP25,2014,w
8610894,"Zhang, Xiao",CHN,F,WIM,WIM,,2001,0,20,SEP25,2003,w
8647291,"Zhang, Xiaodi",CHN,F,,,,1601,0,40,SEP25,1995,wi
8604037,"Zhang, Xiaopeng",CHN,M,FM,,,2260,0,20,SEP25,1993,i
8603219,"Zhang, Xiaowen",CHN,F,WGM,WGM,,2293,0,10,SEP25,1989,wi
8667837,"Zhang, Xiaoyao",CHN,F,,,,1594,8,40,SEP25,2014,w
8625476,"Zhang, Xican",CHN,M,,,,1712,0,40,SEP25,2010,i
8632561,"Zhang, Xujia",CHN,M,,,,1696,6,40,SEP25,2012,
8656380,"Zhang, Yangming",CHN,M,,,,1764,8,40,SEP25,2016,
8629919,"Zhang, Yichi B",CHN,M,,,,1812,13,40,SEP25,1998,
8617740,"Zhang, Yifan(A)",CHN,M,,,,1965,0,20,SEP25,2004,i
8681414,"Zhang, Yiming(HZ)",CHN,M,,,,1617,0,40,SEP25,2014,
8626995,"Zhang, Yinzhe",CHN,M,,,,1912,0,20,SEP25,2002,
8643571,"Zhang, Yixin(JS)",CHN,M,,,,1614,0,40,SEP25,2012,
8665168,"Zhang, Yiyi",CHN,F,,,,1414,0,40,SEP25,2013,w
8657106,"Zhang, Youyu",CHN,M,,,,1690,0,40,SEP25,2017,
8635706,"Zhang, Yuchen",CHN,M,,,,1692,0,40,SEP25,2011,i
8647356,"Zhang, Yue",CHN,F,,,,1504,0,40,SEP25,1989,wi
8654492,"Zhang, Yuhao",CHN,M,,,,1809,0,40,SEP25,2011,i
8656126,"Zhang, Yumo",CHN,M,,,,1623,0,40,SEP25,2016,
8674582,"Zhang, Zhengxuan",CHN,M,,,,1699,0,40,SEP25,2017,
8618399,"Zhang, Zhi",CHN,M,,,,1897,0,40,SEP25,2008,i
8647615,"Zhang, Zhirui",CHN,M,,,,1668,0,40,SEP25,2015,
8600694,"Zhang, Zhong",CHN,M,GM,,,2493,0,10,SEP25,1978,i
8652961,"Zhang, Zichen",CHN,M,,,,1931,0,40,SEP25,2013,
8609470,"Zhang, Ziji",CHN,M,IM,,,2339,0,20,SEP25,1996,i
8617546,"Zhang,Zhaoke",CHN,M,,,,1818,0,40,SEP25,2006,i
8611513,"Zhao, Chenxi",CHN,M,IM,,,2308,0,20,SEP25,2002,i
150110649,"Zhao, Chenyu",CHN,F,,,,1904,8,40,SEP25,2010,w
8659877,"Zhao, Hongyu",CHN,M,,,,1675,6,40,SEP25,2016,
8649723,"Zhao, Jinmin",CHN,M,,,,1422,0,40,SEP25,2014,
8602522,"Zhao, Jun",CHN,M,GM,FT,,2596,0,10,SEP25,1986,i
8604290,"Zhao, Nan",CHN,M,,,,2289,0,20,SEP25,0,i
8608040,"Zhao, Shengxin",CHN,F,WFM,WFM,,2160,0,20,SEP25,2001,w
8641226,"Zhao, Shuxing",CHN,F,,,,1570,0,40,SEP25,2012,w
8674361,"Zhao, Wei",CHN,M,,,,1596,0,40,SEP25,1985,
8601283,"Zhao, Xue",CHN,F,GM,WGM,,2430,0,10,SEP25,1985,w
8667926,"Zhao, Youqi",CHN,F,,,,1491,5,40,SEP25,2012,w
8609497,"Zhao, Yuanhe",CHN,M,IM,,,2352,0,20,SEP25,2000,
8626260,"Zhao, Yunqing",CHN,F,WIM,WIM,,1994,0,40,SEP25,2010,w
8608342,"Zhao, Zhouqiao",CHN,M,FM,,,2160,0,20,SEP25,1994,i
8685401,"Zhao, Zidong",CHN,M,,,,1679,7,40,SEP25,2011,
8652945,"Zheng, Botao",CHN,M,,,,1659,6,40,SEP25,2009,
8668728,"Zheng, Canyu",CHN,M,,,,1878,0,40,SEP25,2015,
8674108,"Zheng, Jun",CHN,M,,,,1741,8,40,SEP25,2013,
8658757,"Zheng, Leran",CHN,M,,,,AIM,1703,6,SEP25,2010,
8644438,"Zheng, Qin",CHN,M,,,,1408,0,40,SEP25,2012,i
8642540,"Zheng, Qingyu",CHN,F,,,,1659,0,40,SEP25,2012,wi
8649707,"Zheng, Yijin",CHN,F,,,,1668,0,40,SEP25,2015,w
8635862,"Zhi, Jingyi",CHN,F,,,,1745,0,40,SEP25,2009,w
8618887,"Zhong, Kangmin",CHN,M,FM,,,2120,0,20,SEP25,2004,
8640378,"Zhong, Taoyu",CHN,M,,,,1930,0,40,SEP25,2010,
8673993,"Zhong, Yonghao",CHN,M,,,,1480,0,40,SEP25,2014,
8646457,"Zhong, Yutong",CHN,M,,,,1800,8,40,SEP25,2012,
8672806,"Zhong, Zihao",CHN,M,,,,1451,8,40,SEP25,2015,
8617066,Zhou Shujun,CHN,F,,,,1812,0,20,SEP25,2004,wi
8628700,"Zhou, Baixin",CHN,M,,,,1710,0,20,SEP25,2002,i
8642885,"Zhou, Chen",CHN,M,,,,1740,7,40,SEP25,2011,
8656568,"Zhou, Chen(GD)",CHN,M,,,,1589,0,40,SEP25,2013,
8646511,"Zhou, Chengcheng(JS)",CHN,F,,,,1654,1,40,SEP25,2011,w
8660166,"Zhou, Chuanyi",CHN,M,,,,1715,0,40,SEP25,2016,
8602905,"Zhou, Guijue",CHN,F,WIM,WIM,NA,2144,0,20,SEP25,1985,wi
8646937,"Zhou, Guoli",CHN,M,,,,1752,3,40,SEP25,2007,
8647526,"Zhou, Guoyu",CHN,M,,,,1764,0,40,SEP25,2014,
8609888,"Zhou, Hao",CHN,M,,,,2097,0,20,SEP25,2002,i
8609918,"Zhou, Jiangnan",CHN,M,,,,2182,0,20,SEP25,2000,i
8614849,"Zhou, Jing",CHN,F,,,,1706,0,20,SEP25,1987,wi
8615330,"Zhou, Junfeng",CHN,M,,,,2067,0,20,SEP25,2002,i
8685622,"Zhou, Junzhen",CHN,M,,,,1827,7,40,SEP25,2014,
8624429,"Zhou, Peiqi",CHN,F,,,,1587,0,40,SEP25,2006,wi
8677255,"Zhou, Penghan",CHN,M,,,,1794,9,40,SEP25,2014,
8656754,"Zhou, Ruihao",CHN,M,,,,1415,0,40,SEP25,2014,
8623325,"Zhou, Runyi",CHN,M,,,,2333,0,20,SEP25,2007,
8622116,"Zhou, Shumeng",CHN,F,,,,1884,0,40,SEP25,2008,w
8664170,"Zhou, Siyuan",CHN,M,,,,1764,8,40,SEP25,2015,
8601674,"Zhou, Weiqi",CHN,M,GM,,,2607,0,10,SEP25,1986,i
8607907,"Zhou, Xiangheng",CHN,M,,,,1799,0,40,SEP25,2002,
8620822,"Zhou, Xin",CHN,M,,,,1991,0,20,SEP25,2003,i
8610967,"Zhou, Yibo",CHN,M,,,,1951,0,20,SEP25,0,
8625468,"Zhou, Yikuan",CHN,M,,,,1711,0,40,SEP25,2007,i
8667985,"Zhou, Yiting",CHN,F,,,,1497,6,40,SEP25,2009,w
8644390,"Zhou, Yuchen(SC)",CHN,M,,,,1585,0,40,SEP25,2012,
8656088,"Zhou, Yuxiao",CHN,M,,,,1825,9,40,SEP25,1999,
8626421,"Zhou, Yuxu",CHN,M,CM,,,1658,0,40,SEP25,2010,i
8610975,"Zhou, Zirun",CHN,F,,,,2095,0,20,SEP25,0,wi
8622361,"Zhou, Ziyu",CHN,M,,,,1599,0,20,SEP25,2004,i
8671001,"Zhu, Chenyi",CHN,F,,,,1676,0,40,SEP25,2014,w
8632774,"Zhu, Dawei",CHN,M,,,,1799,7,40,SEP25,1981,
8610983,"Zhu, Diwen",CHN,M,,,,1918,0,40,SEP25,2003,
8626286,"Zhu, Guancheng",CHN,M,,,,1613,0,40,SEP25,2008,i
8611211,"Zhu, Hengyi",CHN,M,,,,2182,0,20,SEP25,2004,
8647968,"Zhu, Jiahe",CHN,F,,,,1616,0,40,SEP25,2017,w
8683271,"Zhu, Jiayuan",CHN,F,,,,1612,7,40,SEP25,1995,w
8608059,"Zhu, Jiner",CHN,F,GM,WGM,,2435,0,10,SEP25,2002,w
8640505,"Zhu, Lian",CHN,M,,,,1551,6,40,SEP25,2013,
8632995,"Zhu, Pengrui",CHN,M,,,,1617,8,40,SEP25,2005,
8683255,"Zhu, Qianming",CHN,M,,,,1529,7,40,SEP25,2012,
8647267,"Zhu, Qihuai",CHN,M,,,,1615,0,40,SEP25,2006,i
8670323,"Zhu, Xu",CHN,M,,,,1513,0,40,SEP25,2013,
8607435,"Zhu, Yi",CHN,M,FM,,,2212,0,20,SEP25,2001,i
8604770,"Zhu, Ying",CHN,F,,,,1999,0,20,SEP25,1994,wi
8608580,"Zhu, Yingjie",CHN,M,,,,1875,9,40,SEP25,0,
8658005,"Zhu, Yunyang",CHN,M,,,,1720,0,40,SEP25,2014,
8659613,"Zhu, Zi",CHN,F,,,,1504,0,40,SEP25,2011,w
8624445,"Zhu, Zikun",CHN,M,,,,1612,0,40,SEP25,2007,i
260290,"Zhu, Zimo",CHN,M,,,,1673,0,40,SEP25,2011,i
8657262,"Zhu, Zimo(SC)",CHN,F,,,,1542,0,40,SEP25,2007,wi
8628696,"Zhu, Ziyin",CHN,M,,,,1590,0,40,SEP25,2008,i
8625697,"Zhuo, Zhihan",CHN,F,,,,1560,0,40,SEP25,2006,wi
8626022,"Zong, Shaolei",CHN,M,,,,1576,0,40,SEP25,2009,i
8638802,"Zong, Xilin",CHN,M,,,,1809,6,40,SEP25,2013,
8678162,"Zong, Yifan",CHN,M,,,,1601,0,40,SEP25,2013,
8627665,"Zou, Baochen",CHN,F,,,,1545,0,40,SEP25,2007,wi
8610959,"Zou, Chen",CHN,M,IM,,,2388,0,10,SEP25,2001,
8672440,"Zou, Weirong",CHN,F,,,,1508,5,40,SEP25,2013,w
8635064,"Zou, Ximing",CHN,M,,,,1492,0,40,SEP25,2006,i
8668035,"Zu, Zijian",CHN,M,,,,1619,2,40,SEP25,2010,
8641447,"Zuo, Junyu",CHN,M,,,,1914,6,40,SEP25,2014,
8614610,"Zuo, Yifan",CHN,M,CM,,,2232,0,20,SEP25,2005,
8654786,"Zuo, Yifeng",CHN,M,,,,1432,6,40,SEP25,2017,
8642001,"Zuo, Zhiyong",CHN,M,,,,1542,0,40,SEP25,2008,
8678170,"Zuo, Zihan",CHN,F,,,,1471,0,40,SEP25,2014,w