ID Number,Name,Fed,Sex,Title,WTit,OTit,FOA,Rating,Gms,K,B-day,Flag
8620270,"Abudureheman, Namaiti",CHN,M,,,,2069,AUG25,0,20,1986,i
8616779,"Bai, Changlin",CHN,M,,,,1900,AUG25,0,40,2007,i
8602280,"Bai, Jinshi",CHN,M,GM,,,2575,AUG25,0,10,1999,
8647445,"Bai, Moxuan",CHN,M,,,,1711,AUG25,9,40,2015,
8608717,"Bai, Xue",CHN,F,,,,2056,AUG25,9,20,2003,w
8605750,"Bao, Qilin",CHN,M,IM,,,2404,AUG25,0,10,1993,i
8617562,"Bao,Chen",CHN,M,,,,1768,AUG25,0,40,2005,i
8641730,"Bei, Er",CHN,M,,,,1709,AUG25,0,40,2006,
8663149,"Biligaer, Batuer",CHN,M,,,,1747,AUG25,0,40,1999,
8601445,"Bu, Xiangzhi",CHN,M,GM,,,2583,AUG25,4,10,1985,
8616930,Cai Youyang,CHN,F,,,,1962,AUG25,0,20,2004,wi
8614318,"Cai, Boheng",CHN,F,WFM,WFM,,1928,AUG25,0,40,2005,w
8618402,"Cai, Chaoruo",CHN,M,CM,NA,,2123,AUG25,0,20,1986,i
8621012,"Cai, Fanzheng",CHN,M,,,,1456,AUG25,0,40,2008,i
8619522,"Cai, Jinru",CHN,F,,,,1751,AUG25,0,40,2006,wi
8606196,"Cai, Lin",CHN,M,,,,1982,AUG25,17,20,1992,
8635005,"Cai, Shibang",CHN,M,,,,1579,AUG25,0,40,2008,i
8639604,"Cai, Yihong",CHN,M,,,,1700,AUG25,0,40,2005,i
8620989,"Cai, Ying",CHN,F,,,,1761,AUG25,0,40,1974,w
8614342,"Cai, Yuhao",CHN,M,,,,1957,AUG25,0,20,2004,i
8618364,"Cai, Yulun",CHN,M,,,,1779,AUG25,0,40,2006,i
8664943,"Cai, Ziyu",CHN,F,,,,1536,AUG25,5,40,2014,w
8652120,"Cao, Ban",CHN,M,,,,1697,AUG25,5,40,2013,
8679720,"Cao, Bingda",CHN,M,,,,1625,AUG25,14,40,1981,
8643539,"Cao, Jiahui",CHN,F,,,,1636,AUG25,7,40,2010,w
8627568,"Cao, Qingfeng",CHN,M,IM,,,2300,AUG25,0,20,2008,
8679860,"Cao, Yifan(ZJ)",CHN,M,,,,1610,AUG25,7,40,2013,
8655669,"Cao, Yusen",CHN,M,,,,1589,AUG25,3,40,2010,
8677492,"Chai, Jiarui(HZ)",CHN,M,,,,1523,AUG25,13,40,2014,
8650187,"Chen, Anqi",CHN,F,,,,1451,AUG25,0,40,2010,w
8650179,"Chen, Anze",CHN,M,,,,1495,AUG25,0,40,2012,
8655677,"Chen, Baize",CHN,M,,,,1628,AUG25,0,40,2011,
8666210,"Chen, Boqian",CHN,F,,,,1564,AUG25,13,40,2013,w
8647283,"Chen, Faying",CHN,F,,,,1411,AUG25,0,40,1969,wi
8658331,"Chen, Feige",CHN,M,,,,1601,AUG25,0,40,2006,
8647887,"Chen, Hao(GD)",CHN,M,,SI,,1654,AUG25,0,40,2000,i
8607460,"Chen, Haoyang",CHN,M,,,,1821,AUG25,0,40,2002,i
8625450,"Chen, Hongsen",CHN,M,IM,,,1979,AUG25,2,40,2006,
8647402,"Chen, Jiacheng",CHN,M,,,,1647,AUG25,0,40,2011,i
8668485,"Chen, Jiarui",CHN,M,,,,1528,AUG25,5,40,2016,
8642133,"Chen, Jin",CHN,M,,,,1573,AUG25,0,40,2011,
8646589,"Chen, Jingxi",CHN,M,,,,1600,AUG25,0,40,2010,i
8655243,"Chen, Junda",CHN,M,,,,1651,AUG25,0,40,2007,i
8635013,"Chen, Junxi",CHN,M,,,,1482,AUG25,0,40,2007,i
8625620,"Chen, Junze",CHN,M,,,,1504,AUG25,0,40,2009,i
8620954,"Chen, KaiLin",CHN,M,,,,2043,AUG25,6,40,2007,
8652180,"Chen, Lecheng",CHN,M,,,,1627,AUG25,9,40,2013,
8646627,"Chen, Lexing",CHN,M,,,,1711,AUG25,0,40,2011,i
8640858,"Chen, Luyu",CHN,F,,,,1650,AUG25,3,40,2010,w
8627967,"Chen, lvheng",CHN,M,,,,1936,AUG25,0,40,2005,i
8626073,"Chen, Muxi",CHN,M,,,,1951,AUG25,9,40,2011,
8625638,"Chen, Ningze",CHN,M,,,,1509,AUG25,0,40,2009,i
8603863,"Chen, Peng",CHN,M,IM,FT,,2338,AUG25,0,20,1994,
8614733,"Chen, Qi b",CHN,M,IM,,,2444,AUG25,0,10,2000,
8620350,"Chen, Qianru",CHN,F,,,,1595,AUG25,0,40,2006,wi
8650098,"Chen, Qinran",CHN,F,,,,1527,AUG25,0,40,2016,wi
8657050,"Chen, Sihan(SH)",CHN,F,,,,1605,AUG25,0,40,2013,wi
8652244,"Chen, Siyu(ZJ)",CHN,M,,,,1660,AUG25,4,40,2013,
8637601,"Chen, Wanyu",CHN,F,,,,1496,AUG25,0,40,2009,wi
8606757,"Chen, Weijie",CHN,M,,,,1642,AUG25,0,20,1999,i
8655693,"Chen, Xianlin",CHN,M,,,,1918,AUG25,7,40,2014,
8626383,"Chen, Xin",CHN,M,,,,1712,AUG25,0,20,2004,i
8670919,"Chen, Xuhe",CHN,F,,,,1611,AUG25,4,40,2014,w
8666253,"Chen, Yichuan",CHN,M,,,,1808,AUG25,6,40,2014,
8620946,"Chen, Yining",CHN,F,FM,WIM,,1987,AUG25,0,40,2009,w
8640521,"Chen, Yinuo",CHN,F,,,,1514,AUG25,8,40,2013,w
8610258,"Chen, Yiru",CHN,F,,,,1891,AUG25,0,20,2000,wi
8662479,"Chen, Yize",CHN,M,,,,1620,AUG25,6,40,2014,
8658234,"Chen, Yu(SZ)",CHN,F,,,,1499,AUG25,0,40,2013,w
8618860,"Chen, Yuan",CHN,M,,,,2340,AUG25,9,20,2007,
8644330,"Chen, Yufeng",CHN,M,,,,1460,AUG25,0,40,2012,i
8623341,"Chen, Yumeng",CHN,F,,,,1639,AUG25,0,40,2006,wi
8628068,"Chen, Yunqi",CHN,F,,,,1818,AUG25,0,40,2006,w
8619549,"Chen, Zhi",CHN,M,,,,2092,AUG25,9,40,2007,
8655081,"Chen, Zhihan",CHN,F,WCM,WCM,,1769,AUG25,0,40,2016,w
8624470,"Chen, Zhiyuan",CHN,M,,,,1751,AUG25,0,40,2010,i
8666300,"Chen, Zhuojun",CHN,M,,,,1583,AUG25,6,40,2011,
8640432,"Chen, Zimu(JS)",CHN,M,,,,2122,AUG25,0,40,2011,
8672130,"Chen,bo",CHN,M,,,,1745,AUG25,8,40,1989,
8616426,"Chen,Zihang",CHN,M,,,,1727,AUG25,0,40,2007,i
8643482,"Cheng, Gongpu",CHN,M,,,,1864,AUG25,12,40,2011,
8644667,"Cheng, Nuo",CHN,M,,,,1689,AUG25,0,40,2010,i
8654590,"Cheng, Yuhan",CHN,F,,,,1592,AUG25,4,40,2011,w
8642869,"Cheng, Zihan",CHN,M,,,,1927,AUG25,0,40,2010,
8616485,"Chi, Yi",CHN,M,,,,1945,AUG25,0,20,2002,i
8605653,"Chu, Ruotong",CHN,F,WIM,WIM,,2052,AUG25,0,20,2001,w
8605661,"Chu, Weichao",CHN,M,IM,,,2259,AUG25,0,20,1996,
8633444,"Cong, Dingzhou",CHN,M,FM,,,1888,AUG25,0,40,2011,
8655707,"Cui, Ankai",CHN,M,,,,1599,AUG25,0,40,2014,
8608156,"Dai, Changren",CHN,M,GM,,,2402,AUG25,4,10,1999,
8621420,"Dai, Chenyi",CHN,M,,,,1782,AUG25,9,40,2005,
8659273,"Dai, Dongliang",CHN,M,,,,1561,AUG25,6,40,1981,
8608369,"Dai, Wenzhi",CHN,M,,,,2034,AUG25,0,20,2001,
8635110,"Dele, Hei",CHN,M,,,,1859,AUG25,0,20,1990,i
8627878,"Deng, Haoyou",CHN,M,,,,1804,AUG25,0,20,1999,i
8628092,"Deng, Junjie",CHN,M,,,,1852,AUG25,4,40,2006,
8629110,"Deng, Liang",CHN,M,,,,1752,AUG25,0,20,1987,i
8640572,"Deng, Mingtong",CHN,F,,,,1544,AUG25,9,40,2013,w
8647747,"Di, Zian",CHN,M,,,,1499,AUG25,0,40,2008,
8647690,"Ding, Aima",CHN,F,,,,1574,AUG25,6,40,2014,w
8603677,"Ding, Liren",CHN,M,GM,,,2770,AUG25,8,10,1992,
8618445,"Ding, Shirui",CHN,F,,,,1891,AUG25,8,20,2006,w
8643377,"Ding, Tianyi",CHN,F,,,,1689,AUG25,0,40,2012,w
8621187,"Ding, Xingyi",CHN,F,,,,1555,AUG25,5,40,2010,w
8664960,"Ding, Yanwen",CHN,F,,,,1594,AUG25,10,40,2014,w
8645434,"Ding, Yiran",CHN,F,,,,1573,AUG25,4,40,2012,w
8602972,"Ding, Yixin",CHN,F,WGM,WGM,,2316,AUG25,0,20,1991,w
8637407,"Ding, Yudan",CHN,F,,,,1719,AUG25,0,40,2005,wi
8652422,"Ding, Zhiyuan",CHN,M,,,,1932,AUG25,6,40,2013,
8626960,"Dong, Hongfu",CHN,M,,,,2170,AUG25,0,40,2010,
8619573,"Dong, Yanbei",CHN,F,,,,1435,AUG25,0,40,2007,wi
8621268,"Du, Chunhui",CHN,M,FM,FI,,2365,AUG25,0,10,1987,
8647704,"Du, Jianheng",CHN,M,,,,1586,AUG25,0,40,2010,i
8655715,"Du, Rushu",CHN,M,,,,1474,AUG25,3,40,2014,
8610282,"Du, Yuxin",CHN,F,,,,1963,AUG25,0,20,2001,w
8663599,"Duan, Jiasai",CHN,M,,,,1711,AUG25,0,40,2011,
8652490,"Duan, Siqi",CHN,F,,,,1728,AUG25,8,40,2013,w
8615888,Fan Yali,CHN,F,,,,1705,AUG25,0,40,1979,wi
8654794,"Fan, Boren",CHN,M,,,,1719,AUG25,7,40,2011,
8668825,"Fan, Jinyu",CHN,M,,,,1547,AUG25,5,40,2015,
8652503,"Fan, Mohan",CHN,M,,,,1541,AUG25,7,40,2013,
8647542,"Fan, Sizhuo",CHN,M,,,,1671,AUG25,7,40,2010,
8678944,"Fan, Yuenong",CHN,F,,,,1596,AUG25,5,40,2014,w
8643032,"Fan, Yupan",CHN,M,,,,1625,AUG25,0,40,2012,
8642648,"Fang, Chenxi",CHN,M,,,,1837,AUG25,0,40,2013,
8638845,"Fang, Tianyang",CHN,M,,,,1578,AUG25,0,40,2009,
8670188,"Fang, Xiaoyu",CHN,M,,,,1787,AUG25,5,40,2014,
8604746,"Fang, Yan",CHN,M,IM,FI,,2413,AUG25,0,10,1996,i
8605840,"Fang, Yuxiang",CHN,M,GM,,,2344,AUG25,0,20,1996,i
8642680,"Fang, Zelong",CHN,M,,,,1782,AUG25,9,40,2012,
8643440,"Feng, Jianxun",CHN,M,,,,1842,AUG25,7,40,2001,
8628416,"Feng, Jiayi",CHN,M,,,,1594,AUG25,0,40,2009,i
8614741,"Feng, Jieming",CHN,M,,,,1636,AUG25,0,40,2005,i
8641110,"Feng, Kuixiu",CHN,M,,,,1714,AUG25,9,40,2014,
8614911,"Feng, Xuan",CHN,M,,,,1873,AUG25,0,20,2003,i
8624046,"Feng, Yiming",CHN,M,,,,1679,AUG25,0,40,2005,i
8624054,"Feng, Yuanbo",CHN,M,,,,1806,AUG25,0,40,2010,i
8647100,"Feng, Yusheng",CHN,M,,,,1850,AUG25,8,40,2012,
8638918,"Fu, Xinyu",CHN,F,,,,1635,AUG25,0,40,2002,wi
8654581,"Fu, Yuxi",CHN,F,,,,1820,AUG25,9,40,2013,w
8655154,"Gan, Hengqi",CHN,M,,,,1448,AUG25,0,40,2010,i
8618178,"Gang, Taoga",CHN,M,,,,1882,AUG25,0,20,1989,i
8608873,"Gao, Hanxue",CHN,F,,,,1899,AUG25,0,20,2001,wi
8607770,"Gao, Kai",CHN,M,,,,1976,AUG25,8,20,2001,
8615411,"Gao, Linhao",CHN,M,,,,1886,AUG25,0,20,2004,i
8635889,"Gao, Muziyan",CHN,F,WIM,WIM,,2069,AUG25,4,40,2011,w
8602387,"Gao, Rui",CHN,M,GM,,,2443,AUG25,0,10,1992,i
8649057,"Gao, Ruoya",CHN,F,WCM,WCM,,1864,AUG25,0,40,2015,w
8609926,"Gao, Yuheng",CHN,M,,,,1743,AUG25,0,40,2005,i
8640238,"Gao, Zigen",CHN,M,,,,1425,AUG25,12,40,2006,
8628688,"Ge, Fengrui",CHN,M,,,,1536,AUG25,0,40,2009,i
8645841,"Ge, Yixuan",CHN,F,,,,1583,AUG25,0,40,2010,wi
8640688,"Gong, Bonuonuo",CHN,M,,,,1673,AUG25,11,40,2011,
8662584,"Gong, Jian",CHN,M,,,,1520,AUG25,0,40,1979,
8614563,"Gong, Qiming",CHN,M,,,,AIM,AUG25,1800,0,2004,i
8620229,"Gong, Sunle",CHN,M,IM,,,2134,AUG25,4,40,2009,
8648280,"Gong, Yiming",CHN,M,,,,1871,AUG25,20,40,2012,
8664986,"Gong, Yuhan",CHN,F,,,,1604,AUG25,4,40,2014,w
8658250,"Gu, Jingrui",CHN,M,,,,1678,AUG25,0,40,2016,
8670390,"Gu, Junliang",CHN,M,,,,1722,AUG25,7,40,2014,
8660344,"Gu, Peizhi",CHN,M,,,,1711,AUG25,0,40,2016,
8603995,"Gu, Tianlu",CHN,F,WIM,WIM,,2161,AUG25,0,20,1997,wi
8622680,"Gu, Xianghan",CHN,M,,,,2211,AUG25,0,20,2006,
8602611,"Gu, Xiaobing",CHN,F,WGM,WGM,,2206,AUG25,0,20,1985,wi
8642214,"Gu,Yi",CHN,M,,,,1781,AUG25,8,40,2008,
8604002,"Guo, Qi",CHN,F,IM,WGM,,2432,AUG25,0,10,1995,w
8638942,"Guo, Runpeng",CHN,M,,,,1737,AUG25,0,40,2007,i
8609640,"Guo, Shuo",CHN,F,,,,1918,AUG25,0,20,2001,wi
8643865,"Guo, Tailai",CHN,M,,,,1639,AUG25,1,40,2016,
8608440,"Guo, Weibao",CHN,F,,,,1954,AUG25,0,20,1996,wi
8618720,"Guo, Xiao",CHN,M,,,,1798,AUG25,0,40,2007,i
8652716,"Guo, Yichen",CHN,F,,,,1559,AUG25,0,40,2013,w
8601143,"Guo, Yu",CHN,M,,,,2333,AUG25,0,10,0,i
8666520,"Guo, Zixuan",CHN,M,,,,1611,AUG25,2,40,2010,
8617120,"Ha,Yihan",CHN,F,,,,1783,AUG25,0,40,2006,wi
8621039,"Han, Zongrun",CHN,M,,,,1507,AUG25,0,40,2008,i
8650101,"Hao, Qingshi",CHN,M,,,,1627,AUG25,9,40,2015,
8620911,"He, Canzhou",CHN,M,,,,1804,AUG25,0,40,2007,i
8620440,"He, Chenglu",CHN,F,,NI,,1893,AUG25,0,20,1999,w
8642427,"He, Junchen",CHN,M,,,,2031,AUG25,8,20,2002,
8634823,"He, Ping",CHN,M,,,,1885,AUG25,21,20,2001,
8653135,"He, Ruien",CHN,M,,,,1816,AUG25,0,40,2010,
8639523,"He, Tianyi",CHN,M,,,,1421,AUG25,0,40,2009,i
8621454,"He, Xinyu",CHN,M,,,,1614,AUG25,0,40,2008,i
8640190,"He, Yi",CHN,F,,,,1707,AUG25,0,40,2010,w
8681406,"He, Yiyang",CHN,M,,,,1721,AUG25,9,40,2013,
8621055,"He, Yuze",CHN,M,,,,1703,AUG25,1,40,2008,
8655740,"He, Ziyu",CHN,F,,,,1781,AUG25,7,40,2011,w
8657823,"Hong, Liang",CHN,M,,,,1534,AUG25,0,40,2009,i
8641560,"Hong, Mingren",CHN,M,,,,1931,AUG25,0,40,2011,
8606129,"Hong, Xing",CHN,F,,FI,,2010,AUG25,0,20,1998,w
8602980,"Hou, Yifan",CHN,F,GM,WGM,,2536,AUG25,9,10,1994,w
8619492,"Hou, Yifan b",CHN,M,,,,2080,AUG25,4,40,2005,
8624070,"Hou, Yixuan",CHN,M,,,,1604,AUG25,0,40,2010,i
8638896,"Hu, Duoqian",CHN,M,,,,1467,AUG25,0,40,2014,i
8610312,"Hu, Jiani",CHN,F,WFM,WFM,,2096,AUG25,0,20,1993,w
8648662,"Hu, Kaisheng",CHN,M,,,,1734,AUG25,4,40,2012,
8663661,"Hu, Runchu",CHN,M,,,,1531,AUG25,6,40,2015,
8608377,"Hu, Yu",CHN,M,,,,2035,AUG25,0,20,2001,i
8609993,"Hu, Yu A.",CHN,F,,,,2093,AUG25,0,20,1999,w
8622795,"Hu, Zhening",CHN,M,,,,1937,AUG25,0,40,2007,i
8615446,"Hu,Zhiheng",CHN,M,,,,2210,AUG25,0,20,1998,i
331105409,"Hua, Siyuan",CHN,M,,,,1451,AUG25,0,40,2014,
8659524,"Hua, XinYu",CHN,M,,,,1720,AUG25,6,40,2011,
8657033,"Huan, Xiaoxiao",CHN,M,,,,1429,AUG25,0,40,2013,
8657025,"Huan, Yixiang",CHN,M,,,,1451,AUG25,0,40,2011,
8636966,"Huang, Chengyang",CHN,M,,,,1420,AUG25,0,40,2014,i
8649103,"Huang, DongChen",CHN,M,,,,1496,AUG25,0,40,2009,
8647372,"Huang, Guohui(GD)",CHN,M,,,,1761,AUG25,0,40,1992,i
8635803,"Huang, Hongxuan",CHN,F,,,,1594,AUG25,3,40,2009,w
8677905,"Huang, Lihuan",CHN,M,,,,1644,AUG25,9,40,2012,
8626570,"Huang, Linhao",CHN,M,,,,1764,AUG25,0,40,2007,i
8643644,"Huang, Minxuan",CHN,M,,,,1501,AUG25,0,40,2014,
8602689,"Huang, Qian",CHN,F,WGM,WGM,,2394,AUG25,0,10,1986,w
8610134,"Huang, Renjie",CHN,M,,,,2415,AUG25,18,10,2004,
8663092,"Huang, Xingheng",CHN,M,,,,1730,AUG25,8,40,2017,
8650780,"Huang, Xiran",CHN,F,,,,1431,AUG25,5,40,2012,w
8650799,"Huang, Xizhan",CHN,M,,,,1575,AUG25,6,40,2015,
8618089,"Huang, Yake",CHN,M,,,,1984,AUG25,0,20,1986,i
8621543,"Huang, Yishi",CHN,M,CM,,,1735,AUG25,0,40,2008,i
8601542,"Huang, Zhiyan",CHN,F,,,,2074,AUG25,0,40,1986,wi
8655324,"Huang, Zixin",CHN,F,,,,1668,AUG25,3,40,2015,w
8634831,"Huang, Ziyi",CHN,M,,,,1971,AUG25,6,40,2009,
8634947,"Huang, Ziyu",CHN,F,,,,1760,AUG25,6,40,2009,w
8655464,"Hui, Chenhao",CHN,M,,,,1550,AUG25,0,40,2012,
8636524,"Huo, Yifan",CHN,M,,,,1642,AUG25,6,40,2013,
8653291,"Ji, Chenghan",CHN,M,,,,1638,AUG25,4,40,2013,
8653267,"Ji, Chengxi",CHN,M,,,,1606,AUG25,20,40,2012,
8623279,"Ji, Jiadong",CHN,M,,,,1924,AUG25,0,40,2008,i
8653275,"Ji, Mingxuan",CHN,M,,,,1789,AUG25,7,40,2013,
8602999,"Jia, Haoxiang",CHN,M,IM,,,2375,AUG25,0,20,1990,i
331105418,"Jia, Shanshi",CHN,M,,,,1492,AUG25,0,40,2015,
8673560,"Jia, Shouheng",CHN,M,,,,1536,AUG25,6,40,2015,
8612277,"Jia, Xiao",CHN,M,,,,1852,AUG25,0,20,1980,i
8655308,"Jia, Yixuan",CHN,M,,,,1589,AUG25,6,40,2012,
8631930,"Jiang, Haochen",CHN,M,IM,,,2340,AUG25,17,20,2011,
8649596,"Jiang, Lechuan",CHN,M,,,,1708,AUG25,3,40,2015,
8640653,"Jiang, Liu",CHN,M,,,,1863,AUG25,8,40,2012,
8662924,"Jiang, Luning",CHN,F,,,,1659,AUG25,5,40,2015,w
8612927,"Jiang, Qinyu",CHN,M,,,,2118,AUG25,0,40,2005,
8627215,"Jiang, Tianyu",CHN,F,,,,2153,AUG25,4,40,2010,w
8648239,"Jiang, Weiyuan",CHN,M,,,,1546,AUG25,5,40,2012,
8643830,"Jiang, Xiaoyi",CHN,M,,,,1557,AUG25,0,40,2010,i
8662207,"Jiang, Yanyu",CHN,F,,,,1411,AUG25,0,40,2016,w
8647496,"Jiang, Yanze",CHN,M,,,,1419,AUG25,0,40,2015,i
8611050,"Jiang, Zhaoyi",CHN,F,WCM,WCM,FI,1989,AUG25,0,20,1999,wi
8646155,"Jiang, Ziming",CHN,M,,,,1508,AUG25,0,40,2007,i
8653305,"Jiang, Zixian",CHN,F,,,,1708,AUG25,17,40,2013,w
8614784,"Jiang, Zixuan",CHN,F,,,,1584,AUG25,0,40,2005,wi
8614490,"Jin, Haonan",CHN,M,,,,1539,AUG25,0,40,2007,i
8663696,"Jin, Haoyang",CHN,M,,,,1633,AUG25,20,40,2016,
8640491,"Jin, Hongtao",CHN,M,FM,,,2133,AUG25,4,40,2010,
8653364,"Jin, Ruiyang",CHN,M,,,,1628,AUG25,2,40,2008,
8643997,"Jin, Yizhou(SH)",CHN,M,,,,1530,AUG25,0,40,2010,i
8616868,"Jin, Yueheng",CHN,M,IM,,,2179,AUG25,8,40,2008,
8673853,"Jin, Yuxin",CHN,M,,,,1842,AUG25,6,40,2018,
8670510,"Jing, Jiashu",CHN,M,,,,1718,AUG25,6,40,2013,
8619514,"Jing, Wenhang",CHN,M,,,,1783,AUG25,0,40,2006,i
8636508,"Jing, Yiming",CHN,M,,,,1442,AUG25,0,40,2009,
8603006,"Ju, Wenjun",CHN,F,GM,WGM,,2528,AUG25,2,10,1991,w
8620318,"Kadeliding, Alimujiang",CHN,M,,,,1726,AUG25,0,20,1995,i
8622175,"Kong, Weiran",CHN,M,,,,1647,AUG25,0,40,2007,i
8632200,"Kong, Xiangrui",CHN,M,,,,2397,AUG25,21,10,2009,
8600988,"Kuang, Yinghui",CHN,F,WIM,WIM,,2239,AUG25,0,20,1979,wi
8627860,"kuerban, kureyishi",CHN,M,,,,ACM,AUG25,1672,0,2004,
8673055,"Lan, Zhaoxing",CHN,M,,,,1417,AUG25,5,40,2016,
8604193,"Lan, Zilun",CHN,M,,,,2308,AUG25,0,20,1995,
8605114,"Lei, Tingjie",CHN,F,GM,WGM,,2496,AUG25,4,10,1997,w
8650810,"Lei, Zihang",CHN,M,,,,1563,AUG25,6,40,2011,
8627738,"Lei, Zixuan",CHN,M,,,,1583,AUG25,0,40,2007,i
8626200,"Leng, Siyan",CHN,M,,,,1706,AUG25,0,40,1990,
8616299,Li Yihao,CHN,M,,,,1875,AUG25,0,40,2008,i
8620997,"Li, Ande",CHN,M,,,,1651,AUG25,0,40,2008,i
8602786,"Li, Bo",CHN,M,IM,,,2236,AUG25,0,20,1985,
8604436,"Li, Chao b",CHN,M,GM,,,2594,AUG25,0,10,1989,
8669511,"Li, Chengyue",CHN,M,,,,1618,AUG25,6,40,2015,
8639426,"Li, Chenlong",CHN,M,,,,1444,AUG25,0,40,2012,i
8671508,"Li, Chenxi(HLJ)",CHN,F,,,,1454,AUG25,6,40,2015,w
8622272,"Li, Deyang",CHN,M,,,,1866,AUG25,0,40,2006,
8607508,"Li, Di",CHN,M,GM,,,2431,AUG25,2,10,1999,
8625760,"Li, Donglin",CHN,M,,,,1432,AUG25,0,40,2008,i
8625603,"Li, Guocheng",CHN,M,,,,1650,AUG25,0,40,2009,i
8668949,"Li, Haoting",CHN,M,,,,1786,AUG25,6,40,2015,
8621195,"Li, Haotong",CHN,M,,,,1558,AUG25,0,40,2008,i
8656770,"Li, Haoyang(SH)",CHN,M,,,,1432,AUG25,0,40,2014,
8621560,"Li, Haoyi",CHN,M,,,,1708,AUG25,0,40,2007,i
8601488,"Li, Haoyu",CHN,M,,,,2325,AUG25,0,20,1989,i
8624100,"Li, Junhe",CHN,M,,,,1702,AUG25,0,20,2004,i
8647550,"Li, Linyan",CHN,M,,,,1531,AUG25,0,40,2010,i
8637784,"Li, Minghui",CHN,F,,,,1433,AUG25,0,40,2013,wi
8600643,"Li, Ruofan",CHN,F,IM,WGM,FT,2328,AUG25,0,20,1978,wi
8618712,"Li, Shanglin",CHN,M,,,,2042,AUG25,0,40,2008,i
1631454,"Li, Shenyue",CHN,F,,FI,,1981,AUG25,0,20,1997,wi
8600678,"Li, Shilong",CHN,M,GM,,,2538,AUG25,0,10,1977,
8627134,"Li, Shutong",CHN,F,,,,1597,AUG25,6,40,2009,w
8647186,"Li, Sibei",CHN,F,,,,1698,AUG25,0,40,2009,wi
8638926,"Li, Sichen",CHN,M,,,,1845,AUG25,0,40,2011,
8609748,"Li, Wenxiang",CHN,M,,,,2174,AUG25,0,20,2002,
8681210,"Li, Xiangyang",CHN,M,,,,1686,AUG25,14,40,1987,
8677271,"Li, Ximing",CHN,M,,,,1713,AUG25,6,40,2012,
8653550,"Li, Xuanming",CHN,M,,,,1649,AUG25,2,40,2012,
8605912,"Li, Xueyi",CHN,F,WGM,WGM,,2168,AUG25,7,20,1993,w
8640998,"Li, Yan",CHN,M,,,,1758,AUG25,15,40,2013,
8609357,"Li, Yankai",CHN,M,IM,,,2392,AUG25,0,10,1997,i
8644250,"Li, Yanlang",CHN,M,,,,1483,AUG25,0,40,2012,i
8659605,"Li, Yicen",CHN,F,,,,1608,AUG25,0,40,2016,w
8628653,"Li, Yimin",CHN,M,,,,1867,AUG25,0,20,2001,i
8637393,"Li, Yingjie",CHN,M,,,,1771,AUG25,0,40,2006,i
8624135,"Li, Yingxuan",CHN,F,,,,1725,AUG25,0,40,2007,wi
8639418,"Li, Yirui",CHN,M,,,,1438,AUG25,0,40,2007,i
8627282,"Li, Yixi",CHN,F,,,,1629,AUG25,0,40,2006,wi
8640807,"Li, Youjia",CHN,M,,,,1831,AUG25,0,40,2012,
8681325,"Li, Youran",CHN,F,,,,1471,AUG25,6,40,2015,w
8640122,"Li, Yue",CHN,M,,,,1471,AUG25,5,20,1973,
8671575,"Li, Yuxin",CHN,F,,,,1866,AUG25,5,40,2016,w
8635927,"Li, Yuxuan",CHN,F,,,,1468,AUG25,0,40,2012,wi
8608237,"Li, Zhaoyang",CHN,M,,,,2072,AUG25,0,20,1999,i
8653631,"Li, Zhihan",CHN,F,,,,1498,AUG25,7,40,2011,w
8671583,"Li, Zhixu",CHN,F,,,,1593,AUG25,6,40,2015,w
8618461,"Li, Ziang",CHN,M,,,,1916,AUG25,0,40,2006,i
8621551,"Li, Ziheng",CHN,M,,,,1668,AUG25,0,40,2009,i
8625700,"Li, Zimo",CHN,M,,,,1624,AUG25,0,40,2008,i
8650667,"Li, Ziyan",CHN,M,,,,1488,AUG25,3,40,2012,
8653658,"Li, Zongchan",CHN,M,,,,1586,AUG25,5,40,2012,
8621241,"Lian, Shian",CHN,M,,,,1690,AUG25,5,40,2007,
8618470,"Liang, Chenchen",CHN,M,,,,1816,AUG25,0,40,2006,i
8638799,"Liang, Chenzhuo",CHN,F,,,,1504,AUG25,0,40,2014,wi
8657076,"Liang, Haining",CHN,M,,,,1554,AUG25,0,40,2010,i
8640955,"Liang, Hanzhe",CHN,F,,,,1733,AUG25,0,40,2010,w
8622370,"Liang, Jingcheng",CHN,M,,,,1594,AUG25,0,40,2006,i
8600066,"Liang, Jinrong",CHN,M,GM,,,2476,AUG25,0,10,1960,i
8672989,"Liang, Zhiming",CHN,F,,,,1589,AUG25,5,40,2016,w
8605637,"Liao, Rui",CHN,F,,,,1917,AUG25,0,20,1998,wi
8602298,"Lin, Chen",CHN,M,GM,,,2458,AUG25,0,10,1988,i
8658900,"Lin, Chi",CHN,M,,,,1833,AUG25,0,40,1988,
8641510,"Lin, Dianqi",CHN,M,,,,1854,AUG25,0,40,2008,i
8609780,"Lin, Limin",CHN,M,,,,1871,AUG25,0,20,1989,
8642400,"Lin, Runchu",CHN,M,,,,1862,AUG25,7,40,2013,
8654875,"Lin, Shuaicheng",CHN,M,,,,1432,AUG25,0,40,2009,
3238024,"Lin, Shuhan",CHN,M,,,,1819,AUG25,7,40,2010,
8609659,"Lin, Yi",CHN,M,IM,,,2322,AUG25,0,20,2003,i
8679282,"lin, Yihong",CHN,M,,,,1577,AUG25,7,40,2012,
8649740,"Lin, Zhean",CHN,M,,,,1524,AUG25,0,40,2017,i
8663246,"Lin, Zhengyuan",CHN,F,,,,1625,AUG25,7,40,2012,w
8666857,"Lin, Zihao",CHN,M,,,,1658,AUG25,5,40,2013,
8644071,"Ling, Xinyang",CHN,M,,,,1513,AUG25,5,40,2015,
8606340,"Liu, Chang",CHN,M,,,,2415,AUG25,0,10,1995,i
8663750,"Liu, Chang(HZ)",CHN,M,,,,1568,AUG25,20,40,2016,
8674086,"Liu, Chengming(ZJ)",CHN,M,,,,1478,AUG25,0,40,2009,
8646490,"Liu, Chengxi",CHN,F,,,,1570,AUG25,0,40,2012,w
8647585,"Liu, Chenyuan",CHN,M,,,,1754,AUG25,5,40,2011,
8620016,"Liu, Chuan",CHN,M,,,,1870,AUG25,0,40,2006,i
8662487,"Liu, Dijia",CHN,F,,,,1700,AUG25,6,40,2013,w
8630836,"Liu, Enlin",CHN,M,,,,1626,AUG25,4,40,2011,
8603901,"Liu, Guanchu",CHN,M,IM,,,2449,AUG25,0,10,1994,i
8649227,"Liu, Hanzhong",CHN,M,,,,1957,AUG25,7,40,2004,
8619824,"Liu, Hengyue",CHN,M,,,,1889,AUG25,8,40,1997,
8643601,"Liu, Hongkuan",CHN,M,,,,1713,AUG25,0,40,2009,
8603502,"Liu, Hongtao",CHN,M,,,,2161,AUG25,0,20,1993,i
8604789,"Liu, Hongyan",CHN,F,,FA,,1981,AUG25,0,20,1994,wi
8624160,"Liu, Jiapeng",CHN,M,,,,1657,AUG25,0,20,2002,i
8643229,"Liu, Jingyu",CHN,F,,,,1585,AUG25,7,40,2012,w
8638160,"Liu, Jiyuan",CHN,M,,,,1763,AUG25,0,40,2007,
8675619,"Liu, Juncheng",CHN,M,,,,1612,AUG25,9,40,2013,
8681481,"Liu, Kaiyan",CHN,M,,,,1778,AUG25,9,40,2007,
8679983,"Liu, Luoyu",CHN,F,,,,1556,AUG25,7,40,2014,w
8608121,"Liu, Manli",CHN,F,WIM,WIM,FI,2069,AUG25,0,20,1996,w
8618186,"Liu, Mide",CHN,M,,,,1934,AUG25,0,40,2008,i
8659338,"Liu, Mosheng",CHN,M,,SI,,1611,AUG25,9,40,1998,
8670960,"Liu, Qianxing",CHN,F,,,,1438,AUG25,11,40,2014,w
8646236,"Liu, Qikai",CHN,M,,,,1763,AUG25,9,40,2012,
8603294,"Liu, Qingnan",CHN,M,GM,,,2514,AUG25,0,10,1992,i
8650977,"Liu, Ruhao",CHN,M,,,,1862,AUG25,0,20,2004,
8644365,"Liu, Siyuan(SC)",CHN,M,,,,1468,AUG25,0,40,2012,i
8657181,"Liu, Songnian",CHN,M,,,,1524,AUG25,0,40,2014,
8613869,"Liu, Suhui",CHN,F,,,,1752,AUG25,0,20,2000,wi
8602409,"Liu, Xianglin",CHN,F,,,,2152,AUG25,0,20,1980,wi
8656819,"Liu, Xinmeng",CHN,F,,,,1552,AUG25,5,40,2013,w
8621748,"Liu, Xinrui",CHN,F,,,,1571,AUG25,0,40,2009,wi
8624194,"Liu, Xinyu",CHN,F,,,,1758,AUG25,0,20,2001,wi
8642478,"Liu, Xuxi",CHN,F,,,,1534,AUG25,0,40,2011,w
8608962,"Liu, Yan",CHN,M,GM,,,2436,AUG25,2,10,2000,
8655227,"Liu, Yangboya(SZ)",CHN,M,,,,2024,AUG25,0,40,1994,i
8620296,"Liu, Yinuo",CHN,M,,,,1610,AUG25,0,40,2008,i
8659710,"Liu, Yuanjia",CHN,F,,,,1533,AUG25,7,40,2014,w
8657190,"Liu, Yuexin",CHN,F,,,,1622,AUG25,0,40,2014,w
8610487,"Liu, Yutong",CHN,M,,,,1866,AUG25,0,20,2003,i
8662495,"Liu, Yutong(SZ)",CHN,F,,,,1614,AUG25,7,40,2012,w
8651035,"Liu, Zhan",CHN,M,,,,1599,AUG25,7,40,2011,
8609381,"Liu, Zhaoqi",CHN,M,IM,FT,,2266,AUG25,0,20,1998,
8640327,"Liu, Zhengcheng",CHN,M,,,,1828,AUG25,7,40,2012,
8643580,"Liu, Zhuoni",CHN,F,,,,1531,AUG25,7,40,2013,w
8668906,"Liu, Zhuxi",CHN,M,,,,1514,AUG25,5,40,2016,
8642087,"Liu, Zichen",CHN,M,,,,1450,AUG25,0,40,2008,i
8626430,"Liu, Zimin",CHN,M,,,,1669,AUG25,0,40,2006,i
8617171,"Liu,Yiyi",CHN,M,,,,1761,AUG25,5,40,2004,
8619336,"Long, Aoxue",CHN,F,,,,1515,AUG25,0,40,2008,wi
8625611,"Long, Enze",CHN,M,,,,1663,AUG25,0,40,2007,i
8603928,"Lou, Yiping",CHN,M,IM,,,2435,AUG25,0,10,1991,
8627207,"Lu, Di",CHN,M,,,,1812,AUG25,0,40,1992,i
8655847,"Lu, Huamin",CHN,M,,,,1593,AUG25,5,40,2013,
8614555,"Lu, Juncheng",CHN,M,,,,1895,AUG25,0,20,2004,i
8610495,"Lu, Kaiyan",CHN,M,,,,1797,AUG25,0,20,0,i
8618020,"Lu, Miaoyi",CHN,F,IM,WGM,,2288,AUG25,4,20,2010,w
8603332,"Lu, Shanglei",CHN,M,GM,,,2611,AUG25,0,10,1995,
8638250,"Lu, Weiyang",CHN,M,,,,1853,AUG25,6,40,2014,
8640815,"Lu, Yichen",CHN,F,,,,1519,AUG25,3,40,2013,w
8657963,"Lu, Zijun",CHN,M,,,,1486,AUG25,0,40,2011,
8614580,"Luo, Aojie",CHN,M,CM,,,1902,AUG25,0,20,2004,i
8651191,"Luo, Mian",CHN,M,,,,1623,AUG25,6,40,2012,
8626324,"Luo, Sijia",CHN,M,,,,1596,AUG25,0,20,2003,i
8666920,"Luo, Xinyu",CHN,F,,,,1427,AUG25,7,40,2012,w
8628149,"Luo, Xinyun",CHN,F,,,,1716,AUG25,0,40,2005,wi
8643164,"Luo, Yichen",CHN,M,,,,1645,AUG25,4,40,2013,
8677280,"Luo, Yijie",CHN,M,,,,1674,AUG25,7,40,2011,
8651175,"Luo, Youshu",CHN,M,,,,1602,AUG25,10,40,2013,
8647380,"Luo, Zhenzhen",CHN,F,,,,1642,AUG25,14,40,2014,w
8628424,"Luo, Zifei",CHN,M,,,,1671,AUG25,0,40,2008,i
8679622,"Lv, Mingze",CHN,M,,,,1607,AUG25,9,40,2012,
8640734,"Lv, Ruichen",CHN,M,,,,1526,AUG25,4,40,2013,
8656266,"Lv, Ruiqi",CHN,M,,,,1759,AUG25,4,40,2014,
8679630,"Lv, Xinze",CHN,M,,,,1693,AUG25,8,40,2017,
8651213,"Lv, Yansong",CHN,M,,,,1557,AUG25,4,40,2013,
8658021,"Ma, Baohan",CHN,M,,,,1489,AUG25,0,40,2011,
8619379,"Ma, Binhe",CHN,M,,,,1834,AUG25,0,40,2008,i
8649111,"Ma, Boxiang",CHN,M,,,,1502,AUG25,0,40,2011,i
8682585,"Ma, Junchen",CHN,M,,,,1647,AUG25,5,40,2015,
8610533,"Ma, Lin",CHN,M,,,,2125,AUG25,0,20,2002,i
8603154,"Ma, Qun",CHN,M,GM,,,2614,AUG25,5,10,1991,
8656940,"Ma, Ruihan",CHN,M,,,,1698,AUG25,6,40,2014,
8660280,"Ma, Ruofan",CHN,M,,,,1597,AUG25,0,40,2008,
8657084,"Ma, Weichen",CHN,M,,,,1633,AUG25,4,40,2014,
8624208,"Ma, Xinyi",CHN,F,,,,1464,AUG25,0,20,2002,wi
8643750,"Ma, Yue",CHN,M,,,,1445,AUG25,0,40,2013,i
8658919,"Ma, Yujie",CHN,M,,,,1746,AUG25,0,40,2004,
8677921,"Ma, Yuzhi",CHN,M,,,,1756,AUG25,17,40,2017,
8607206,"Ma, Zhonghan",CHN,M,IM,,,2416,AUG25,0,10,1995,i
8604215,"Mao, Yingzhou",CHN,F,,,,1980,AUG25,0,20,1996,w
8625654,"Mei, Zhenhao",CHN,M,,,,1504,AUG25,0,40,2008,i
8609039,"Men, Jiayi",CHN,F,WCM,WCM,,1833,AUG25,0,20,2001,wi
8606773,"Meng, Xianlong",CHN,M,,,,1971,AUG25,0,20,1995,i
8631891,"Meng, Yihan",CHN,M,IM,,,2344,AUG25,8,20,2009,
8647640,"Mi, Shuoyu",CHN,M,,,,1509,AUG25,6,40,2010,
8623627,"Mi, Tenglong",CHN,M,,,,1986,AUG25,0,20,2001,
8618496,"Miao, Zhun",CHN,M,,,,1647,AUG25,0,40,2006,i
8649413,"Miao, ZiXin",CHN,M,,,,1766,AUG25,8,40,2011,
8636001,"Mu, Wangxueyao",CHN,F,WFM,WFM,,1922,AUG25,14,40,2011,w
8601160,"Ni, Hua",CHN,M,GM,,,2619,AUG25,0,10,1983,
8608466,"Ni, Shiqun",CHN,F,WGM,WGM,,2347,AUG25,0,10,1997,w
8641986,"Nie, Haoxuan",CHN,M,,,,1408,AUG25,0,40,2012,i
8680728,"Nie, Mingchen",CHN,M,,,,1668,AUG25,7,40,2004,
8607222,"Nie, Xinyang",CHN,M,IM,,,2340,AUG25,0,20,2000,
8614750,"Ning, Kaiyu",CHN,F,WIM,WIM,,2269,AUG25,0,20,2004,wi
8636770,"Ning, Zijin",CHN,F,,,,1521,AUG25,0,40,2008,wi
8679436,"Pan, Lexuan",CHN,M,,,,1757,AUG25,10,40,2012,
8672210,"Pan, Shilin",CHN,F,,,,1465,AUG25,0,40,2003,w
8624224,"Pan, Yucheng",CHN,M,,,,1752,AUG25,0,40,2005,i
8606374,"Pang, Bo",CHN,M,,,,2200,AUG25,0,40,1998,
8609950,"Pang, Tao",CHN,M,GM,,,2333,AUG25,0,20,2001,
8609047,"Peng, Hongchi",CHN,M,,,,2312,AUG25,0,20,2002,i
8640416,"Peng, Jingyi(GD)",CHN,F,,,,1863,AUG25,7,40,2014,w
8658099,"Peng, Lilong",CHN,M,,,,1570,AUG25,4,40,2014,
8638632,"Peng, Shiyang",CHN,F,,,,1620,AUG25,11,40,2013,w
8605220,"Peng, Tianlu",CHN,F,,SI,,2063,AUG25,0,20,1993,w
8610541,"Peng, Wei",CHN,F,,,,1737,AUG25,0,20,0,wi
8643130,"Peng, Xiaolu",CHN,F,,,,1466,AUG25,5,40,2011,w
8607680,"Peng, Xinbei",CHN,F,,,,1787,AUG25,0,20,1999,w
8655871,"Peng, Xinting",CHN,F,,,,1421,AUG25,0,40,2014,wi
8610550,"Peng, Xiongjian",CHN,M,GM,,,2392,AUG25,0,10,2000,
8633118,"Pi, Aiying",CHN,F,,,,1796,AUG25,14,40,2011,w
8662509,"Pi, Chongxi",CHN,M,,,,1724,AUG25,0,40,2015,
8632197,"Pian, Junyao",CHN,F,,,,1811,AUG25,7,40,2008,w
8624232,"Piao, Yufei",CHN,M,,,,1649,AUG25,0,40,2006,i
8655880,"Ping, Ancheng",CHN,M,,,,1800,AUG25,14,40,2014,
8663793,"Pu, Yilin",CHN,M,,,,1622,AUG25,5,40,2015,
8649146,"Qian, Qipeng",CHN,M,,,,1900,AUG25,0,40,2015,
8644284,"Qiang, Haosen",CHN,M,,,,1412,AUG25,0,40,2012,i
331105249,"Qiao, Haobo",CHN,M,,,,ACM,AUG25,1493,0,2016,
8664196,"Qiao, Haoyan",CHN,M,,,,1727,AUG25,3,40,2016,
8672962,"Qin, Lexuan",CHN,M,,,,1586,AUG25,0,40,2012,
8630666,"Qin, Rui",CHN,M,,,,1659,AUG25,0,20,1990,i
8636893,"Qin, Yixuan",CHN,M,,,,1482,AUG25,0,40,2009,i
8606137,"Qiu, Mengjie",CHN,F,WIM,WIM,,2086,AUG25,0,20,1995,wi
8676550,"Qiu, Tianyu",CHN,M,,,,1721,AUG25,6,40,2014,
8603030,"Qiu, Tong",CHN,M,,,,2306,AUG25,0,20,1990,
8639850,"Qu, Haoming",CHN,M,,,,2069,AUG25,0,40,2012,
8620377,"Qu, Hongxuan",CHN,M,,,,1663,AUG25,0,40,2007,i
8622426,"Ren, Xiang",CHN,M,,,,1767,AUG25,0,40,2007,i
8608709,"Ren, Xiaoyi",CHN,F,WIM,WIM,,2226,AUG25,0,20,1996,wi
8630143,"Ren, Yibai",CHN,M,,,,1608,AUG25,7,40,2009,
8640912,"Ruan, Jiaming",CHN,M,,,,1585,AUG25,5,40,2013,
8620156,"Ruan, Zhicheng",CHN,M,,,,1958,AUG25,0,40,2005,i
8618011,"Rui, Yueyue",CHN,F,,,,1561,AUG25,0,40,2007,wi
8624496,"Sha, Qingzhong",CHN,M,,,,1716,AUG25,0,40,2006,i
8666040,"Shan, Qixuan",CHN,M,,,,1799,AUG25,0,40,2012,
8673497,"Shan, Tianyuan",CHN,M,,,,1607,AUG25,6,40,2002,
8663572,"Shan, Yiping",CHN,M,,,,1915,AUG25,0,40,2014,
8651418,"ShangGuan, ZhengChen",CHN,M,,,,1731,AUG25,12,40,2013,
8622450,"Shao, Qiyu",CHN,F,,,,1708,AUG25,0,40,2005,wi
8611092,"Shao, Wenbin",CHN,M,,,,2090,AUG25,0,20,1997,i
8640742,"Shao, Xiayang",CHN,M,,,,1751,AUG25,0,20,2003,
8631590,"Shao, Yanrui",CHN,F,,,,1547,AUG25,0,40,2010,w
8657440,"She, Sicheng",CHN,M,,,,1677,AUG25,1,40,2017,
8659788,"Shen, Delin",CHN,M,,,,1847,AUG25,0,40,2002,
8641021,"Shen, Fuyan",CHN,M,,,,1917,AUG25,0,40,2011,
8640718,"Shen, Houlin",CHN,M,,,,1769,AUG25,0,40,2014,
8603162,"Shen, Yang",CHN,F,IM,WGM,FT,2358,AUG25,0,10,1989,w
8625409,"Shi, Jiashuo",CHN,M,,,,1730,AUG25,0,40,2008,i
8658927,"Shi, Junyan",CHN,M,,,,1741,AUG25,0,40,2014,
8608253,"Shi, Kecheng",CHN,M,,,,2201,AUG25,0,20,0,i
8636028,"Shi, Yige",CHN,F,,,,1852,AUG25,7,40,2011,w
8621411,"Shi, Zhanran",CHN,M,,,,1625,AUG25,0,20,2004,i
8640750,"Song, Junteng",CHN,M,,,,1620,AUG25,6,40,2010,
8620865,"Song, Linxuan",CHN,M,,,,1683,AUG25,0,40,2008,i
8650195,"Song, Yihang",CHN,M,,,,1908,AUG25,6,40,2014,
8638900,"Song, Yiyang",CHN,F,,,,1508,AUG25,0,40,2010,w
8630364,"Song, Yuchen",CHN,M,,,,1883,AUG25,0,40,2009,i
8614300,"Song, Yuxin",CHN,F,IM,WGM,,2375,AUG25,6,20,2005,w
8650080,"Song, Yuzhen",CHN,F,,,,1591,AUG25,0,40,2014,wi
8609870,"Su, Zijin",CHN,M,,,,1761,AUG25,0,20,2003,i
8622990,"Sun, Chao",CHN,M,,,,2030,AUG25,0,20,2002,i
8604150,"Sun, Fanghui",CHN,F,WIM,WIM,,2202,AUG25,0,20,1993,w
8605378,"Sun, Guo Yun",CHN,M,,,,2125,AUG25,0,20,1994,i
8655065,"Sun, Hanyu",CHN,M,,,,1874,AUG25,0,40,2005,i
8618119,"Sun, Hongyi",CHN,M,,,,1432,AUG25,0,40,2005,i
8649499,"Sun, Kaichen",CHN,M,,,,1785,AUG25,0,40,2006,
8663858,"Sun, Luyao",CHN,M,,,,1614,AUG25,7,40,2014,
8626111,"Sun, Mingyang",CHN,M,,NA,,AIM,AUG25,1665,0,1990,
8631190,"Sun, Weiqi",CHN,F,,NI,,1759,AUG25,0,40,1979,wi
8614776,"Sun, Yidi",CHN,M,,,,2237,AUG25,0,20,2004,i
8642419,"Sun, Yuanhang",CHN,M,,NA,,1655,AUG25,3,40,1995,
8614520,"Sun, Yucan",CHN,F,WCM,WCM,,1749,AUG25,0,40,2006,wi
8647410,"Sun, Yucan(SD)",CHN,F,,,,1658,AUG25,12,40,2014,w
8664242,"Sun, Yuxiao",CHN,M,,,,1642,AUG25,8,40,2015,
8603642,"Tan, Zhongyi",CHN,F,GM,WGM,,2507,AUG25,0,10,1991,w
8626561,"Tang, Haochen",CHN,M,,,,1669,AUG25,0,40,2007,i
8620830,"Tang, Keran",CHN,M,,,,1953,AUG25,7,20,2002,
8623180,"Tang, Qingchi",CHN,F,,,,1737,AUG25,8,40,2006,w
8668752,"Tang, Xiaocheng",CHN,M,,,,1698,AUG25,4,40,2015,
8609977,"Teng, Jiarong",CHN,M,,,,2096,AUG25,0,20,1997,i
8647569,"Teng, Yican",CHN,M,,,,1609,AUG25,0,40,2010,i
8603383,"Tian, Jialin",CHN,M,,,,2001,AUG25,0,40,1994,
8649456,"Tian, Jiaxin",CHN,F,,,,1601,AUG25,0,40,2014,w
8665079,"Tian, Ruining",CHN,F,,,,1507,AUG25,9,40,2013,w
8639744,"Tian, Shenglin",CHN,M,,,,1693,AUG25,6,40,2016,
8640084,"Tian, Simiao",CHN,M,,,,1446,AUG25,0,40,2015,
8602417,"Tian, Tian",CHN,F,WGM,WGM,FT,2131,AUG25,0,20,1983,wi
8650764,"Tong, Xiaojun",CHN,M,,,,1405,AUG25,1,40,2015,
8639868,"Tong, Yiyi",CHN,F,,,,1730,AUG25,19,40,2012,w
8628793,"Wan, Lexuan",CHN,M,,,,1662,AUG25,0,40,2006,i
8614296,"Wan, Qian",CHN,F,WFM,WFM,,1939,AUG25,0,40,2005,wi
8603189,"Wan, Yunguo",CHN,M,GM,,,2495,AUG25,0,10,1990,
8616906,Wang Jun,CHN,M,,,,1807,AUG25,0,20,2000,i
8618585,"Wang, Bingfei",CHN,M,,,,1927,AUG25,5,20,2005,
8618968,"Wang, Bowen(CHN)",CHN,M,,,,1680,AUG25,0,40,2007,i
8601020,"Wang, Chen",CHN,M,IM,,,2441,AUG25,0,10,1993,i
8668566,"Wang, Chengkai",CHN,M,,,,1726,AUG25,9,40,2015,
8671087,"Wang, Chenyuan(SH)",CHN,F,,,,1654,AUG25,3,40,2013,w
8631638,"Wang, Chuqiao",CHN,F,WIM,WIM,,2081,AUG25,0,40,2008,w
8636052,"Wang, Deng",CHN,F,,,,1494,AUG25,5,40,2012,w
8603197,"Wang, Doudou",CHN,F,WIM,WIM,FT,2171,AUG25,0,20,1988,wi
8646139,"Wang, Hanzhang",CHN,F,,,,1467,AUG25,12,40,2012,w
8602883,"Wang, Hao",CHN,M,GM,,,2675,AUG25,8,10,1989,
8609446,"Wang, Hao B",CHN,M,,,,2143,AUG25,0,20,1990,i
8631859,"Wang, Hao(ZJ)",CHN,M,IM,,,2382,AUG25,4,10,2005,
8651736,"Wang, Hejiayue",CHN,F,,,,1721,AUG25,7,40,2013,w
8674990,"Wang, Hengshuo",CHN,M,,,,1612,AUG25,7,40,2013,
8671990,"Wang, Jiahe",CHN,M,,,,1700,AUG25,4,40,2014,
8631301,"Wang, Jiayi",CHN,M,,,,1614,AUG25,0,40,2007,i
8642575,"Wang, Jiyan",CHN,M,,,,1681,AUG25,0,40,2010,
8604070,"Wang, Jue",CHN,F,WGM,WGM,,2421,AUG25,0,10,1995,wi
8663289,"Wang, Leyi",CHN,F,,,,1494,AUG25,4,40,2013,w
8667306,"Wang, Mengyue",CHN,F,,,,1555,AUG25,5,40,2013,w
8624305,"Wang, Mingyu(06)",CHN,M,,,,1600,AUG25,0,40,2006,i
8667314,"Wang, Muyuan",CHN,M,,,,1678,AUG25,7,40,2011,
8600406,"Wang, Pin",CHN,F,WGM,WGM,,2390,AUG25,0,10,1974,w
8625050,"Wang, Puxuan",CHN,M,,,,1735,AUG25,7,40,2009,
8604282,"Wang, Qibiao",CHN,M,,FT,,2289,AUG25,0,20,0,i
8605351,"Wang, Qin Ke",CHN,F,,,,1932,AUG25,0,20,1992,wi
8636060,"Wang, Qinxuanyi",CHN,F,,,,2121,AUG25,0,40,2011,w
8601003,"Wang, Rui",CHN,M,GM,,,2426,AUG25,0,10,1978,i
8610665,"Wang, Shixu B",CHN,M,IM,,,2391,AUG25,2,20,2001,
8676577,"Wang, Shunkai",CHN,M,,,,1732,AUG25,5,40,2016,
8620148,"Wang, Shunshun",CHN,F,,,,1824,AUG25,0,40,2007,w
8622221,"Wang, Tiansheng",CHN,M,,,,1795,AUG25,0,20,2004,i
8623490,"Wang, Tiantian",CHN,F,,,,1700,AUG25,0,40,2008,wi
8642796,"Wang, Xiangyi",CHN,F,,,,1733,AUG25,10,40,2013,w
8628106,"Wang, Xiaozhi",CHN,M,,,,1805,AUG25,6,40,2007,
8656835,"Wang, Xicheng",CHN,M,,,,1614,AUG25,0,40,2014,
8651892,"Wang, Xuhang",CHN,M,,,,1550,AUG25,10,40,2010,
8617848,"Wang, Xuwen",CHN,F,,,,1911,AUG25,0,40,2005,wi
8617996,"Wang, Yanbin",CHN,M,IM,,,2373,AUG25,0,20,2002,i
8625646,"Wang, Yang",CHN,M,,,,1711,AUG25,0,40,2006,i
8651914,"Wang, Yichen(JS)",CHN,M,,,,1518,AUG25,5,40,2012,
8664315,"Wang, Yicheng",CHN,M,,,,1617,AUG25,5,40,2015,
8642184,"Wang, Yiduo",CHN,M,,,,1445,AUG25,0,40,2014,
8615616,"Wang, Yifan(ZH)",CHN,M,,,,1766,AUG25,0,20,2004,i
8628610,"Wang, Yijun",CHN,M,,,,1756,AUG25,0,40,2009,
8631450,"Wang, Yiming",CHN,M,,,,1716,AUG25,0,40,2013,
8624321,"Wang, Yinuo(LN)",CHN,M,,,,1865,AUG25,7,40,2010,
8651922,"Wang, Yinxiao",CHN,M,,,,1578,AUG25,6,40,2013,
8640181,"Wang, Yixiao(SD)",CHN,F,,,,1804,AUG25,0,40,2003,wi
8638284,"Wang, Yixin",CHN,F,,,,1479,AUG25,0,40,2006,wi
8606021,"Wang, Yiye",CHN,M,IM,,,2471,AUG25,0,10,1998,i
8641005,"Wang, Youran",CHN,M,,,,1803,AUG25,7,40,2011,
8618593,"Wang, Youxu",CHN,M,,,,1614,AUG25,0,40,2006,i
8601097,"Wang, Yu A.",CHN,F,IM,WGM,,2183,AUG25,0,20,1982,w
8601429,"Wang, Yue",CHN,M,GM,,,2634,AUG25,2,10,1987,
8628785,"Wang, Yuezhou",CHN,M,,,,1756,AUG25,0,40,2007,i
8655235,"Wang, Yufan(GD)",CHN,M,,,,1566,AUG25,1,40,2011,
8607966,"Wang, Yukun",CHN,M,FM,,,2033,AUG25,0,20,2000,i
8641994,"Wang, Yunlei",CHN,M,,,,1481,AUG25,0,40,2009,
8657580,"Wang, Yuxuan(SH)",CHN,M,,,,1902,AUG25,0,40,2017,
8655979,"Wang, Zekai",CHN,M,,,,1529,AUG25,0,40,2012,
8676836,"Wang, Zeyu(SZ)",CHN,M,,,,1565,AUG25,6,40,2013,
8640157,"Wang, Zhonghao",CHN,M,,,,1514,AUG25,6,40,2011,
8626855,"Wang, Zian",CHN,M,,,,1592,AUG25,0,40,2009,i
8614350,"Wang, Zideng",CHN,M,CM,,,1938,AUG25,0,20,2004,i
8620342,"Wang, Zifan",CHN,M,,,,1804,AUG25,0,20,2004,i
8639892,"Wang, Zihang",CHN,M,,,,1932,AUG25,0,40,2011,
8614385,"Wang, Zihao",CHN,M,,,,1923,AUG25,0,40,2001,i
8647771,"Wang, Zihao(SH)",CHN,M,,,,1763,AUG25,12,40,2012,
8644500,"Wang, Zimo(BJ)",CHN,M,,,,1562,AUG25,0,40,2009,i
8643520,"Wang, Ziqin",CHN,M,,,,1677,AUG25,7,40,1997,
8656738,"Wang, Zirui(SH)",CHN,M,,,,1661,AUG25,0,40,2014,
8613362,"Wang, Zixu",CHN,M,,,,2072,AUG25,0,20,0,i
8636974,"Wang, Zixuan(SD)",CHN,M,,,,1483,AUG25,0,40,2013,
8671680,"Wang, Ziyu",CHN,F,,,,1666,AUG25,5,40,2015,w
8617880,"Wang,Yifan(Q)",CHN,M,,,,1867,AUG25,0,40,2007,i
8615187,"Wang,Ze",CHN,M,,,,1932,AUG25,0,20,2001,i
8622256,"Wayile, Jialade",CHN,M,,"NI,NI",,1854,AUG25,0,20,1996,i
8620938,"Wei, Jianzhou",CHN,M,CM,,,1837,AUG25,0,40,2009,i
8616787,"Wei, Yaqing",CHN,F,WCM,WCM,,1700,AUG25,0,40,2007,wi
8603405,"Wei, Yi",CHN,M,GM,,,2758,AUG25,4,10,1999,
8600171,"Wei, Yuyang",CHN,M,,,,2070,AUG25,0,20,1996,i
8658013,"Wei, Zhuocheng",CHN,M,,,,1473,AUG25,0,40,2015,
8603430,"Wen, Gehua",CHN,M,CM,,,2131,AUG25,0,20,1994,
8602956,"Wen, Yang",CHN,M,GM,,,2524,AUG25,0,10,1988,i
8612676,"Wen, Yili",CHN,F,,,,2012,AUG25,0,20,2004,wi
331059502,"Weng, Yanghuan",CHN,M,,,,1641,AUG25,0,40,2009,i
8659214,"Wu, Entong",CHN,M,,,,1506,AUG25,0,40,2011,
8655995,"Wu, Haoyan",CHN,M,,,,2041,AUG25,0,40,2000,
8663980,"Wu, Jingyu",CHN,M,,,,1740,AUG25,2,40,2016,
8625417,"Wu, Kaige",CHN,M,,,,1609,AUG25,0,40,2011,i
8642559,"Wu, Kunyu",CHN,M,,,,1612,AUG25,4,40,2013,
8628130,"Wu, Shuang",CHN,F,,,,1650,AUG25,0,40,2006,wi
8641170,"Wu, Shuang(HLJ)",CHN,F,WCM,WCM,,1863,AUG25,12,40,2012,w
8637792,"Wu, Shuofei",CHN,M,,,,1464,AUG25,0,40,2007,i
8642044,"Wu, Sinian",CHN,F,,,,1564,AUG25,0,40,2014,w
8611122,"Wu, Yang",CHN,M,,,,2227,AUG25,0,20,0,i
8631379,"Wu, Yinan",CHN,M,,,,2028,AUG25,0,40,2012,
8639906,"Wu, Yiting",CHN,F,,,,1736,AUG25,6,40,2013,w
8625387,"Wu, Yixing",CHN,M,IM,,,2055,AUG25,2,40,2007,
8653712,"Wu, Yuchen",CHN,F,,,,1586,AUG25,7,40,2012,w
8643075,"Wu, Yufei",CHN,F,,,,1513,AUG25,6,40,2009,w
8658307,"Wu, Yuhang(SH)",CHN,M,,,,1619,AUG25,6,40,2016,
8614687,"Wu, Ziyang",CHN,M,,,,1732,AUG25,0,20,2004,i
8615209,"Wu,Kaitao",CHN,M,,,,2018,AUG25,0,20,2004,i
8618623,"Xi, Qi",CHN,M,,,,2277,AUG25,0,20,2003,i
8653755,"Xia, Jinnan",CHN,M,,,,1892,AUG25,14,40,2013,
8639582,"Xia, Miaoyan",CHN,F,,,,1716,AUG25,11,40,2012,w
8605602,"Xia, Ri Feng",CHN,F,,,,1996,AUG25,0,20,1994,wi
8663998,"Xia, Ziyi",CHN,M,,,,1611,AUG25,8,40,2015,
8607621,"Xian, Junhao",CHN,M,,,,2059,AUG25,0,20,1996,i
8608547,"Xiang, Zeyu",CHN,M,IM,,,2376,AUG25,0,20,1999,i
8627851,"Xiao, Jiewen",CHN,M,,,,1914,AUG25,0,40,2006,i
8649286,"Xiao, Ruhan",CHN,M,,,,1643,AUG25,4,40,2012,
8622388,"Xiao, Tong(QD)",CHN,M,GM,,,2450,AUG25,4,10,2008,
8606161,"Xiao, Yiyi",CHN,F,WGM,WGM,,2248,AUG25,0,20,1996,w
8650802,"Xiao, Zijun",CHN,M,,,,1671,AUG25,5,40,2013,
8637750,"Xie, Chujun",CHN,M,,,,1689,AUG25,0,40,2011,
8619107,"Xie, Kaifan",CHN,M,IM,,,2263,AUG25,17,40,2008,
8680590,"Xie, Xinao",CHN,M,,,,1554,AUG25,5,40,2014,
8653798,"Xie, Yuchen",CHN,M,,,,1489,AUG25,6,40,2010,
8653771,"Xie, Yuyang",CHN,M,,,,1775,AUG25,6,40,2013,
8625484,"Xiong, Junyi",CHN,M,,,,1729,AUG25,0,40,2009,i
8613478,"Xiong, Yinian",CHN,F,,,,1711,AUG25,0,40,2005,wi
8617970,"Xiong, Youcheng",CHN,M,,,,1789,AUG25,0,40,2006,i
8603693,"Xiu, Deshun",CHN,M,GM,,,2546,AUG25,0,10,1989,i
8658650,"Xu, Bofang",CHN,M,,,,1549,AUG25,0,40,2016,
8680132,"Xu, Chang(JS)",CHN,F,,,,1496,AUG25,6,40,2015,w
8670765,"Xu, Haoyang(ZJ)",CHN,M,,,,1578,AUG25,7,40,2013,
8604096,"Xu, Huahua",CHN,F,WIM,WIM,FA,2211,AUG25,0,20,1994,wi
8617953,"Xu, Jihan",CHN,M,,,,1834,AUG25,0,40,2008,
8649731,"Xu, Jinzhi",CHN,M,,,,1645,AUG25,0,40,2014,
8600031,"Xu, Jun",CHN,M,GM,,,2511,AUG25,0,10,1962,i
8606790,"Xu, Minghui",CHN,M,IM,,,2335,AUG25,0,10,1999,
8667527,"Xu, Muyang",CHN,M,,,,1571,AUG25,4,40,2014,
8653860,"Xu, Qihan",CHN,M,,,,1613,AUG25,1,40,2011,
8640610,"Xu, Ruixi",CHN,F,,,,1492,AUG25,0,40,2013,w
8653801,"Xu, Sinan",CHN,M,,,,1665,AUG25,6,40,2012,
8608288,"Xu, Xiangyu",CHN,M,GM,,,2588,AUG25,2,10,1999,
8647062,"Xu, Xinchen",CHN,F,,,,1615,AUG25,7,40,2012,w
8605564,"Xu, Yi",CHN,M,GM,,,2419,AUG25,6,10,1998,
8627410,"Xu, Yiming",CHN,M,,,,1915,AUG25,17,20,2003,
8604940,"Xu, Yinglun",CHN,M,GM,FT,,2512,AUG25,2,10,1996,
8601089,"Xu, Yuanyuan",CHN,F,WGM,WGM,,2266,AUG25,0,20,1981,w
8664030,"Xu, Zhaochen",CHN,M,,,,1523,AUG25,4,40,2010,
8611572,"Xu, Zhihang",CHN,M,IM,,,2426,AUG25,0,10,2001,i
331110418,"Xu, Zhiqin",CHN,M,,,,1611,AUG25,0,40,2008,i
63100630,"Xu, Ziyuan",CHN,M,,,,2244,AUG25,9,40,2008,
8636761,"Xuan, Zishan",CHN,F,,,,1618,AUG25,0,40,2010,w
8626464,"Xue, Fanli",CHN,M,,,,1667,AUG25,0,40,2006,i
8625492,"Xue, Haowen",CHN,M,GM,,,2442,AUG25,21,10,2008,
8626480,"Xue, Tianhao",CHN,F,WFM,WFM,,1927,AUG25,12,40,2013,w
8648603,"Yan, Shaodong",CHN,M,,,,1634,AUG25,0,40,1998,
8615250,"Yan, Tianqi",CHN,F,WIM,WIM,,2238,AUG25,0,20,2002,w
8618658,"Yan, Xile",CHN,M,,,,1653,AUG25,0,40,2007,i
8657238,"Yan, Xuan",CHN,M,,,,1596,AUG25,7,40,2013,
8658080,"Yan, Zhaoxin",CHN,M,,,,1585,AUG25,0,40,2013,
8667594,"Yan, Zhensen",CHN,M,,,,1725,AUG25,6,40,2010,
8635668,"Yan, Zimo",CHN,M,,,,1704,AUG25,3,40,2011,
8655413,"Yang, Bingxian",CHN,M,,,,1475,AUG25,5,40,2012,
8647518,"Yang, Chengyou",CHN,M,,,,1473,AUG25,0,40,2014,i
8602948,"Yang, Hainan",CHN,M,IM,FT,,2313,AUG25,0,20,1989,i
8624348,"Yang, Junchi",CHN,M,,,,1711,AUG25,0,40,2006,i
8653984,"Yang, Lanqin",CHN,M,,,,1998,AUG25,9,40,2013,
8654085,"Yang, Le",CHN,F,,,,1679,AUG25,7,40,2012,w
8603758,"Yang, Qindong",CHN,M,,,,2224,AUG25,0,20,1996,i
8631166,"Yang, Siyuan",CHN,M,,,,1701,AUG25,0,40,2009,
8659850,"Yang, Xingrui",CHN,M,,,,1708,AUG25,6,40,2014,
8649073,"Yang, Yichen",CHN,M,,,,1669,AUG25,0,40,2009,
8674566,"Yang, Yicheng",CHN,M,,,,1529,AUG25,6,40,2016,
8612285,"Yang, Yijian",CHN,M,,,,1585,AUG25,0,40,2005,
8608601,"Yang, Yijing",CHN,F,WCM,WCM,,1990,AUG25,0,20,2001,w
331059530,"Yang, Zibai",CHN,M,,,,1668,AUG25,7,40,2009,
8654069,"Yang, Zichen",CHN,M,,,,1495,AUG25,1,40,2013,
8615624,"Yang, Zicheng",CHN,M,,,,1627,AUG25,0,20,2004,i
8641528,"Yang, ZiLong",CHN,M,FM,,,1972,AUG25,0,40,2012,
8625441,"Yao, Jingyu",CHN,M,,,,1544,AUG25,0,40,2008,i
8630291,"Yao, Weibo",CHN,F,,,,1492,AUG25,0,40,2009,wi
8661138,"Yao, Yichen",CHN,M,,,,1718,AUG25,5,40,2014,
8646074,"Yao, Zheyu",CHN,M,,,,1517,AUG25,7,40,2008,
8630305,"Yao, Zihan",CHN,M,,,,1700,AUG25,0,40,2007,i
8611556,"Ye, Jiaxu",CHN,M,,FI,,2064,AUG25,0,20,1979,i
8674469,"Ye, Peilin",CHN,M,,,,1900,AUG25,9,40,2005,
8600015,"Ye, Rongguang",CHN,M,GM,,,2397,AUG25,0,10,1963,i
8677891,"Ye, Xuebing",CHN,M,,,,1646,AUG25,8,40,1973,
8642877,"Yelipan, Aliken",CHN,M,,,,1759,AUG25,0,40,1996,i
8659303,"Yi, Jingming",CHN,M,,,,1599,AUG25,10,40,2014,
8649120,"Yi, Ruiyu",CHN,F,,,,1617,AUG25,0,40,2015,wi
8669899,"Yi, Zeyang",CHN,M,,,,1581,AUG25,6,40,2015,
8640483,"Yin, Zijun",CHN,M,,,,1733,AUG25,14,40,2012,
8657599,"You, Shengrui",CHN,M,,,,1700,AUG25,3,40,2015,
8622663,"Yu, Bo",CHN,M,,,,1804,AUG25,0,20,1985,i
331105454,"Yu, Changhao",CHN,M,,,,2000,AUG25,0,20,2001,
8608555,"Yu, Chaojie",CHN,M,,,,2182,AUG25,0,20,1995,i
8649170,"Yu, Chengtai",CHN,M,,,,1604,AUG25,0,40,2009,i
8658714,"Yu, Chengzhi",CHN,M,,,,1582,AUG25,15,40,2015,
8662533,"Yu, Jianbin",CHN,M,,,,1611,AUG25,12,40,1978,
8609667,"Yu, Kaifeng",CHN,M,FM,,,2244,AUG25,0,20,2003,i
8603090,"Yu, Ruiyuan",CHN,M,GM,,,2507,AUG25,0,10,1991,i
8647674,"Yu, Sicheng",CHN,M,,,,1594,AUG25,0,40,2012,i
8654247,"Yu, Xi",CHN,M,,,,1460,AUG25,4,40,2011,
8603820,"Yu, Yangyi",CHN,M,GM,,,2694,AUG25,8,10,1994,
8628165,"Yu, Yanming",CHN,M,,,,1753,AUG25,5,40,2009,
8640335,"Yu, Yaochen",CHN,F,WFM,WFM,,1788,AUG25,0,40,2008,wi
8641340,"Yu, Yuexi",CHN,F,,,,1945,AUG25,0,40,2008,w
8649138,"Yu, Zechen",CHN,M,,,,1868,AUG25,0,40,2014,
8641064,"Yu, Zhenghuan",CHN,M,,,,1799,AUG25,0,40,2007,
8661456,"Yu, Zhiwei",CHN,M,,,,1588,AUG25,0,40,2014,
8643776,"Yu, Zhongbo",CHN,M,,,,ACM,AUG25,1534,0,2016,
8625670,"Yu, Zili",CHN,M,,,,1579,AUG25,0,40,2007,i
8657092,"Yu, Zixiao",CHN,M,,,,1844,AUG25,0,40,2016,
8641668,"Yu,Shi",CHN,M,,,,1942,AUG25,8,40,2011,
8681503,"Yuan, Haoxiang",CHN,M,,,,1663,AUG25,6,40,2009,
8609772,"Yuan, Qingyu",CHN,M,,,,AGM,AUG25,2344,0,1996,
8649464,"Yuan, Shunzhe",CHN,M,,,,1709,AUG25,11,40,2015,
8608415,"Yuan, Ye",CHN,F,,,,2125,AUG25,0,20,2000,wi
8619190,"Yue, Jiongchen",CHN,M,,,,1608,AUG25,0,40,2007,i
8666164,"Zeng, Bowen",CHN,M,,,,1640,AUG25,9,40,2014,
8603847,"Zeng, Chongsheng",CHN,M,GM,,,2486,AUG25,0,10,1993,
8670110,"Zeng, Guanyu",CHN,M,,,,1816,AUG25,6,40,2013,
8614407,"Zeng, Lingqi",CHN,M,,,,1842,AUG25,0,40,2001,i
8645914,"Zeng, Yimin",CHN,M,,,,1676,AUG25,7,40,2011,
8673187,"Zeng, Yishen",CHN,M,,,,1488,AUG25,6,40,2012,
8666202,"Zha, Haoyun",CHN,M,,,,1517,AUG25,5,40,2012,
8600201,"Zhai, Mo",CHN,F,WGM,WGM,,2355,AUG25,0,20,1996,w
8647682,"Zhang, Beichen",CHN,M,,,,1695,AUG25,5,40,2017,
8635056,"Zhang, Bohan",CHN,F,,,,1720,AUG25,0,40,2011,wi
8654417,"Zhang, Boqin",CHN,M,,,,1659,AUG25,7,40,2012,
8657998,"Zhang, Deyun",CHN,M,,,,1482,AUG25,0,40,2014,
8616590,"Zhang, Di",CHN,M,,,,2180,AUG25,8,40,2007,
8654743,"Zhang, Enming(SH)",CHN,M,,,,1716,AUG25,12,40,2013,
8666091,"Zhang, Gong",CHN,M,,,,1507,AUG25,9,40,1971,
8638071,"Zhang, Haixin",CHN,M,,,,1542,AUG25,0,40,2009,i
8638993,"Zhang, Hanrui",CHN,M,,,,1468,AUG25,0,40,2009,i
8641552,"Zhang, Haoxuan",CHN,M,,,,1822,AUG25,0,40,2013,
8643172,"Zhang, Haoxuan(ZJ)",CHN,M,,,,2018,AUG25,7,40,2012,
8606846,"Zhang, Hongji",CHN,M,,,,1846,AUG25,0,20,1996,i
8640980,"Zhang, Hongya",CHN,M,,,,1883,AUG25,13,40,2014,
8673179,"Zhang, Hongyi(BJ)",CHN,M,,,,1584,AUG25,5,40,2014,
8662401,"Zhang, Jiachen(GD)",CHN,M,,,,1530,AUG25,2,40,2013,
8640777,"Zhang, Jiakun",CHN,M,,,,1593,AUG25,0,40,2010,i
8655103,"Zhang, Jianning",CHN,F,,,,1652,AUG25,0,40,2014,w
8643946,"Zhang, Jiayu(SH)",CHN,M,,,,1572,AUG25,7,40,2012,
8620024,"Zhang, Jing b",CHN,F,,,,1655,AUG25,0,20,2002,wi
8620784,"Zhang, Keyu",CHN,M,,,,1657,AUG25,0,40,2007,i
8608032,"Zhang, Lanlin",CHN,F,WIM,WIM,,2273,AUG25,0,20,1999,w
8646163,"Zhang, Mingen",CHN,F,,,,1559,AUG25,6,40,2009,w
8600970,"Zhang, Pengxiang",CHN,M,GM,,,2504,AUG25,0,10,1980,
8625433,"Zhang, Qijie",CHN,M,,,,1587,AUG25,0,40,2009,i
8647577,"Zhang, Qili",CHN,M,,,,1531,AUG25,0,40,2010,i
8626553,"Zhang, Qiwang",CHN,M,,,,1804,AUG25,9,40,2011,
8625425,"Zhang, Rongyu",CHN,F,,,,1590,AUG25,0,40,2006,wi
8653089,"Zhang, Shukai",CHN,M,,,,1602,AUG25,3,40,2004,
8642192,"Zhang, Tiankun",CHN,M,,,,1595,AUG25,3,40,2013,
8641544,"Zhang, Weiai",CHN,F,,,,1651,AUG25,2,40,2014,w
8610894,"Zhang, Xiao",CHN,F,WIM,WIM,,2001,AUG25,0,20,2003,w
8647291,"Zhang, Xiaodi",CHN,F,,,,1601,AUG25,0,40,1995,wi
8604037,"Zhang, Xiaopeng",CHN,M,FM,,,2260,AUG25,0,20,1993,i
8603219,"Zhang, Xiaowen",CHN,F,WGM,WGM,,2293,AUG25,0,10,1989,wi
8625476,"Zhang, Xican",CHN,M,,,,1712,AUG25,0,40,2010,i
8632561,"Zhang, Xujia",CHN,M,,,,1702,AUG25,16,40,2012,
8656380,"Zhang, Yangming",CHN,M,,,,1740,AUG25,5,40,2016,
8617740,"Zhang, Yifan(A)",CHN,M,,,,1965,AUG25,0,20,2004,i
8681414,"Zhang, Yiming(HZ)",CHN,M,,,,1617,AUG25,7,40,2014,
8626995,"Zhang, Yinzhe",CHN,M,,,,1912,AUG25,5,20,2002,
8643571,"Zhang, Yixin(JS)",CHN,M,,,,1613,AUG25,9,40,2012,
8665168,"Zhang, Yiyi",CHN,F,,,,1415,AUG25,5,40,2013,w
8657106,"Zhang, Youyu",CHN,M,,,,1688,AUG25,0,40,2017,
8635706,"Zhang, Yuchen",CHN,M,,,,1692,AUG25,0,40,2011,i
8647356,"Zhang, Yue",CHN,F,,,,1504,AUG25,0,40,1989,wi
8654492,"Zhang, Yuhao",CHN,M,,,,1809,AUG25,0,40,2011,
8656126,"Zhang, Yumo",CHN,M,,,,1623,AUG25,7,40,2016,
8674582,"Zhang, Zhengxuan",CHN,M,,,,1695,AUG25,5,40,2017,
8618399,"Zhang, Zhi",CHN,M,,,,1897,AUG25,0,40,2008,i
8647615,"Zhang, Zhirui",CHN,M,,,,1669,AUG25,6,40,2015,
8600694,"Zhang, Zhong",CHN,M,GM,,,2493,AUG25,0,10,1978,i
8652961,"Zhang, Zichen",CHN,M,,,,1931,AUG25,8,40,2013,
8609470,"Zhang, Ziji",CHN,M,IM,,,2339,AUG25,0,20,1996,i
8617546,"Zhang,Zhaoke",CHN,M,,,,1818,AUG25,0,40,2006,i
8611513,"Zhao, Chenxi",CHN,M,IM,,,2308,AUG25,0,20,2002,i
150110649,"Zhao, Chenyu",CHN,F,,,,1852,AUG25,0,40,2010,w
8659877,"Zhao, Hongyu",CHN,M,,,,1663,AUG25,9,40,2016,
8649723,"Zhao, Jinmin",CHN,M,,,,1422,AUG25,4,40,2014,
8602522,"Zhao, Jun",CHN,M,GM,FT,,2596,AUG25,0,10,1986,i
8604290,"Zhao, Nan",CHN,M,,,,2289,AUG25,0,20,0,i
8608040,"Zhao, Shengxin",CHN,F,WFM,WFM,,2160,AUG25,0,20,2001,w
8641226,"Zhao, Shuxing",CHN,F,,,,1570,AUG25,0,40,2012,w
8674361,"Zhao, Wei",CHN,M,,,,1596,AUG25,8,40,1985,
8601283,"Zhao, Xue",CHN,F,GM,WGM,,2430,AUG25,0,10,1985,w
8609497,"Zhao, Yuanhe",CHN,M,IM,,,2352,AUG25,4,20,2000,
8626260,"Zhao, Yunqing",CHN,F,WIM,WIM,,1995,AUG25,0,40,2010,w
8608342,"Zhao, Zhouqiao",CHN,M,FM,,,2160,AUG25,0,20,1994,i
8668728,"Zheng, Canyu",CHN,M,,,,1878,AUG25,8,40,2015,
8658757,"Zheng, Leran",CHN,M,,,,AIM,AUG25,1635,0,2010,
8644438,"Zheng, Qin",CHN,M,,,,1408,AUG25,0,40,2012,i
8642540,"Zheng, Qingyu",CHN,F,,,,1659,AUG25,0,40,2012,wi
8649707,"Zheng, Yijin",CHN,F,,,,1668,AUG25,2,40,2015,w
8635862,"Zhi, Jingyi",CHN,F,,,,1745,AUG25,7,40,2009,w
8618887,"Zhong, Kangmin",CHN,M,FM,,,2120,AUG25,9,20,2004,
8640378,"Zhong, Taoyu",CHN,M,,,,1930,AUG25,7,40,2010,
8673993,"Zhong, Yonghao",CHN,M,,,,1480,AUG25,5,40,2014,
8617066,Zhou Shujun,CHN,F,,,,1812,AUG25,0,20,2004,wi
8628700,"Zhou, Baixin",CHN,M,,,,1710,AUG25,0,20,2002,i
8656568,"Zhou, Chen(GD)",CHN,M,,,,1589,AUG25,3,40,2013,
8646511,"Zhou, Chengcheng(JS)",CHN,F,,,,1663,AUG25,5,40,2011,w
8660166,"Zhou, Chuanyi",CHN,M,,,,1714,AUG25,6,40,2016,
8602905,"Zhou, Guijue",CHN,F,WIM,WIM,NA,2144,AUG25,0,20,1985,wi
8647526,"Zhou, Guoyu",CHN,M,,,,1765,AUG25,6,40,2014,
8609888,"Zhou, Hao",CHN,M,,,,2097,AUG25,0,20,2002,i
8609918,"Zhou, Jiangnan",CHN,M,,,,2182,AUG25,0,20,2000,i
8614849,"Zhou, Jing",CHN,F,,,,1706,AUG25,0,20,1987,wi
8615330,"Zhou, Junfeng",CHN,M,,,,2067,AUG25,0,20,2002,i
8624429,"Zhou, Peiqi",CHN,F,,,,1587,AUG25,0,40,2006,wi
8656754,"Zhou, Ruihao",CHN,M,,,,1419,AUG25,0,40,2014,
8623325,"Zhou, Runyi",CHN,M,,,,2333,AUG25,4,20,2007,
8622116,"Zhou, Shumeng",CHN,F,,,,1884,AUG25,0,40,2008,w
8664170,"Zhou, Siyuan",CHN,M,,,,1761,AUG25,15,40,2015,
8601674,"Zhou, Weiqi",CHN,M,GM,,,2607,AUG25,0,10,1986,i
8607907,"Zhou, Xiangheng",CHN,M,,,,1799,AUG25,0,40,2002,
8620822,"Zhou, Xin",CHN,M,,,,1991,AUG25,0,20,2003,i
8610967,"Zhou, Yibo",CHN,M,,,,1951,AUG25,0,20,0,
8625468,"Zhou, Yikuan",CHN,M,,,,1711,AUG25,0,40,2007,i
8644390,"Zhou, Yuchen(SC)",CHN,M,,,,1585,AUG25,0,40,2012,
8626421,"Zhou, Yuxu",CHN,M,CM,,,1658,AUG25,0,40,2010,i
8610975,"Zhou, Zirun",CHN,F,,,,2095,AUG25,0,20,0,wi
8622361,"Zhou, Ziyu",CHN,M,,,,1599,AUG25,0,20,2004,i
8671001,"Zhu, Chenyi",CHN,F,,,,1675,AUG25,8,40,2014,w
8632774,"Zhu, Dawei",CHN,M,,,,1802,AUG25,8,40,1981,
8610983,"Zhu, Diwen",CHN,M,,,,1918,AUG25,7,40,2003,
8626286,"Zhu, Guancheng",CHN,M,,,,1613,AUG25,0,40,2008,i
8611211,"Zhu, Hengyi",CHN,M,,,,2182,AUG25,8,20,2004,
8647968,"Zhu, Jiahe",CHN,F,,,,1623,AUG25,1,40,2017,w
8608059,"Zhu, Jiner",CHN,F,GM,WGM,,2435,AUG25,2,10,2002,w
8640505,"Zhu, Lian",CHN,M,,,,1536,AUG25,4,40,2013,
8647267,"Zhu, Qihuai",CHN,M,,,,1615,AUG25,0,40,2006,i
8670323,"Zhu, Xu",CHN,M,,,,1511,AUG25,5,40,2013,
8607435,"Zhu, Yi",CHN,M,FM,,,2212,AUG25,0,20,2001,i
8604770,"Zhu, Ying",CHN,F,,,,1999,AUG25,0,20,1994,wi
8658005,"Zhu, Yunyang",CHN,M,,,,1720,AUG25,3,40,2014,
8659613,"Zhu, Zi",CHN,F,,,,1504,AUG25,7,40,2011,w
8624445,"Zhu, Zikun",CHN,M,,,,1612,AUG25,0,40,2007,i
260290,"Zhu, Zimo",CHN,M,,,,1673,AUG25,0,40,2011,i
8657262,"Zhu, Zimo(SC)",CHN,F,,,,1542,AUG25,0,40,2007,w
8628696,"Zhu, Ziyin",CHN,M,,,,1590,AUG25,0,40,2008,i
8625697,"Zhuo, Zhihan",CHN,F,,,,1560,AUG25,0,40,2006,wi
8626022,"Zong, Shaolei",CHN,M,,,,1576,AUG25,0,40,2009,i
8638802,"Zong, Xilin",CHN,M,,,,1821,AUG25,7,40,2013,
8678162,"Zong, Yifan",CHN,M,,,,1602,AUG25,10,40,2013,
8627665,"Zou, Baochen",CHN,F,,,,1545,AUG25,0,40,2007,wi
8610959,"Zou, Chen",CHN,M,IM,,,2388,AUG25,0,10,2001,
8635064,"Zou, Ximing",CHN,M,,,,1492,AUG25,0,40,2006,i
8641447,"Zuo, Junyu",CHN,M,,,,1907,AUG25,6,40,2014,
8614610,"Zuo, Yifan",CHN,M,CM,,,2232,AUG25,0,20,2005,
8654786,"Zuo, Yifeng",CHN,M,,,,1411,AUG25,3,40,2017,
8642001,"Zuo, Zhiyong",CHN,M,,,,1542,AUG25,0,40,2008,
8678170,"Zuo, Zihan",CHN,F,,,,1468,AUG25,5,40,2014,w