[
  {
    "ID Number": "451819"
  },
  {
    "ID Number": "235000066"
  },
  {
    "ID Number": "448907"
  },
  {
    "ID Number": "496235"
  },
  {
    "ID Number": "448893"
  },
  {
    "ID Number": "235000031"
  },
  {
    "ID Number": "403270"
  },
  {
    "ID Number": "448885"
  },
  {
    "ID Number": "235000074"
  },
  {
    "ID Number": "448931"
  },
  {
    "ID Number": "449008"
  },
  {
    "ID Number": "4610628"
  },
  {
    "ID Number": "448940"
  },
  {
    "ID Number": "403407"
  },
  {
    "ID Number": "444260"
  },
  {
    "ID Number": "418218"
  },
  {
    "ID Number": "474673"
  },
  {
    "ID Number": "448915"
  },
  {
    "ID Number": "2808617"
  },
  {
    "ID Number": "235000023"
  },
  {
    "ID Number": "448923"
  },
  {
    "ID Number": "411086"
  }
]