ID Number,Name,Fed,Sex,Title,WTit,OTit,FOA,Rating,Gms,K,B-day,Flag
14204525,"Abdel Madjid, Dina",UZB,F,,,,1968,AUG25,0,20,1999,wi
14231670,"Abdirakhmonov, Zubaydullo",UZB,M,,,,1727,AUG25,0,20,2002,
14206323,"Abdisalimov, Abdimalik",UZB,M,GM,,,2478,AUG25,0,10,2002,
14234300,"Abduakhatov, Sarvar",UZB,M,,,,1600,AUG25,0,40,2019,
14203260,"Abduazimov, Abror",UZB,M,,,,1907,AUG25,0,20,1976,
14234009,"Abdugofurov, Mustafobek",UZB,M,,,,1481,AUG25,0,40,2015,
14209020,"Abdugofurova, Feruza",UZB,F,,NA,,1631,AUG25,0,20,2002,wi
14238187,"Abdugofurova, Oydinoy",UZB,F,,,,1648,AUG25,0,40,2009,w
14216663,"Abdujabborov, Abrorbek",UZB,M,,,,1575,AUG25,0,20,2006,i
14212340,"Abdujabborova, Vasila",UZB,F,,,,1629,AUG25,5,40,2008,w
14227231,"Abdukarimov, Azizjon",UZB,M,,,,1460,AUG25,0,40,2014,
14208440,"Abdukarimova, Hilola",UZB,F,,,,1867,AUG25,0,20,2000,wi
14223309,"Abdukayumov, Alisher",UZB,M,,,,1908,AUG25,0,40,2012,
14219522,"Abdukhakimov, Akbarali",UZB,M,FM,,,2211,AUG25,0,40,2009,
14203669,"Abdukholikov, Fotikh",UZB,M,,"NI,FA",,1906,AUG25,0,20,2001,i
14212366,"Abdukholikov, Sarvar",UZB,M,,,,1751,AUG25,0,20,2006,i
14224763,"Abdukholikov, Shavkatjon",UZB,M,,,,1802,AUG25,0,40,2012,
14206420,"Abdukholikova, Rano",UZB,F,,,,1830,AUG25,0,20,2001,wi
14205289,"Abdukodirov, Otabek",UZB,M,,NA,,1636,AUG25,0,20,2004,i
14233436,"Abdulakhatov, Nurislom",UZB,M,,,,1551,AUG25,0,40,2016,
14210088,"Abdulatipova, Zarnigor",UZB,F,,NA,,1653,AUG25,0,20,2005,wi
14231263,"Abdulazizov, Asadbek",UZB,M,,,,1472,AUG25,0,40,2010,
14228394,"Abdulazizov, Asilbek",UZB,M,,,,1723,AUG25,0,40,2012,
14236753,"Abdulkhamidov, Abdumajid",UZB,M,,,,1550,AUG25,0,40,2013,
14202964,"Abdullaev, Jasurbek",UZB,M,,,,1963,AUG25,0,20,1985,i
14210266,"Abdullaev, Javokhir",UZB,M,,,,1534,AUG25,0,40,2010,i
14224682,"Abdullaev, Kamronbek",UZB,M,,,,1727,AUG25,0,40,2010,i
14215640,"Abdullaev, Khabibulox",UZB,M,,,,1627,AUG25,0,40,2008,i
14218232,"Abdullaev, Mukhammad",UZB,M,,,,1690,AUG25,0,20,1990,i
14219530,"Abdullaev, Mukhammadrahim",UZB,M,,,,1840,AUG25,0,40,2011,
14236885,"Abdullaev, Otabek",UZB,M,,,,1698,AUG25,0,40,2014,
14210428,"Abdullaev, Rasulbek",UZB,M,,,,1943,AUG25,0,40,2007,
14215659,"Abdullaeva, Sevinch",UZB,F,,,,1633,AUG25,0,20,2004,wi
14218283,"Abdullajonov, Azamat",UZB,M,,,,1575,AUG25,0,20,2004,i
14226472,"Abdulmajidova, Iltifot",UZB,F,,,,1444,AUG25,0,40,2008,w
14212471,"Abdumuminov, Khasan",UZB,M,,,,1851,AUG25,0,20,1999,i
14222663,"Abdumutalov, Khojiakbar",UZB,M,,,,1736,AUG25,0,40,2007,i
14244292,Abdunazarov Abduhamid,UZB,M,,,,1599,AUG25,0,40,2008,
14209918,"Abduraimov, Server",UZB,M,,,,1858,AUG25,0,20,1978,i
14215667,"Abdurakhimov, Botir",UZB,M,,,,1813,AUG25,0,20,2002,i
14210380,"Abdurakhimov, Muslimbek",UZB,M,,,,1964,AUG25,10,20,2001,
14217376,"Abdurakhmanov, Abror",UZB,M,,,,1861,AUG25,0,20,1986,
14207346,"Abdurakhmonov, Mukhammadali",UZB,M,IM,,,2430,AUG25,0,10,2002,
14224895,"Abdurasulov, Muzaffarjon",UZB,M,,,,1486,AUG25,0,40,2013,
14202980,"Abdusaidov, Rustam",UZB,M,,,,1897,AUG25,0,20,1970,i
14232863,"Abdusalimov, Islom",UZB,M,,,,1569,AUG25,0,40,2012,
14218313,"Abdusamadov, Firdavs",UZB,M,,,,1577,AUG25,0,40,2012,i
14213508,"Abdusamadova, Yulduzkhon",UZB,F,,,,1607,AUG25,0,20,2002,wi
14218879,"Abdusamatov, Abdumalik",UZB,M,,,,1699,AUG25,0,20,2003,
14223317,"Abdusamatov, Asad",UZB,M,,,,1541,AUG25,0,40,2009,i
14204118,"Abdusattorov, Nodirbek",UZB,M,GM,,,2757,AUG25,18,10,2004,
14212587,"Abdusharipova, Omina",UZB,F,,,,1524,AUG25,0,20,2000,wi
14212536,"Abdushukurova, Rukhsona",UZB,F,,,,1508,AUG25,0,20,2005,wi
14231000,"Abduvakhobova, Muhabbat",UZB,F,,,,1554,AUG25,0,40,2014,w
14224917,"Abduvaliev, Abdulboriy",UZB,M,,,,1816,AUG25,0,40,2012,
14228416,"Abduvaliev, Botirjon",UZB,M,,,,1675,AUG25,0,20,2003,
14236265,"Abraev, Jakhongir",UZB,M,,,,1688,AUG25,0,20,1988,i
14211998,"Abrorova, Zaynura",UZB,F,,,,1509,AUG25,0,40,2012,wi
14227517,"Achilov, Akbarshoh",UZB,M,,,,1809,AUG25,0,40,2014,
14204690,"Adilbaev, Abdigappar",UZB,M,,,,1749,AUG25,0,20,1961,
14203286,"Agishev, Aleksandr",UZB,M,,,,1821,AUG25,0,20,1989,i
14200449,"Agzamov, Valeriy",UZB,M,,,,2169,AUG25,0,20,1949,i
14219867,"Aihemidin, Waili",UZB,M,,,,1680,AUG25,0,20,1987,i
14226006,"Akbarov, Mironshoh",UZB,M,,,,1549,AUG25,0,40,2011,i
14225166,"Akhadjonov, Nuriddin",UZB,M,,,,1555,AUG25,0,40,2009,i
14224925,"Akhmadjonov, Asadullo",UZB,M,,,,1607,AUG25,0,40,2011,
14232600,"Akhmadjonov, Ikboljon",UZB,M,,,,1638,AUG25,0,20,1982,i
14231140,"Akhmadov, Asadbek",UZB,M,,,,1541,AUG25,0,40,2008,
14211955,"Akhmedjanov, Shavkat",UZB,M,,,,1749,AUG25,0,20,1965,i
14227851,"Akhmedov, Shakhriyor",UZB,M,,NA,,1761,AUG25,0,40,2008,
14226383,"Akhmedova, Nigina",UZB,F,,,,1499,AUG25,0,20,2005,w
14226278,"Akhmedova, Shohina",UZB,F,,,,1669,AUG25,0,40,2009,w
14231794,"Akhrorov, Farruhbek",UZB,M,,,,1441,AUG25,3,40,2012,
14234211,"Akhrorov, Muhammadyusuf",UZB,M,,,,1502,AUG25,0,40,2016,
14226391,"Akobirov, Bakhtiyor",UZB,M,,,,1566,AUG25,0,20,1955,i
14205505,"Akobirov, Jamshed",UZB,M,,NA,,1919,AUG25,0,20,1988,
14240181,Akramjonov Oyatillo,UZB,M,,,,1612,AUG25,0,40,2014,
14229838,"Akramov, Bekhruzbek",UZB,M,,,,1451,AUG25,0,40,2016,i
14223538,"Akramov, Khasan",UZB,M,,,,1862,AUG25,0,40,2014,
14223546,"Akramov, Khusan",UZB,M,,,,1651,AUG25,0,40,2014,
14210215,"Aktamova, Zilola",UZB,F,WCM,WCM,,1830,AUG25,0,40,2008,w
14220032,"Alamov, Umarjon",UZB,M,,,,1625,AUG25,0,40,2010,i
14208261,"Aliev, Aziz",UZB,M,,,,1489,AUG25,0,20,1977,i
14203316,"Aliev, Saidkosim",UZB,M,,NA,,2117,AUG25,0,20,1996,
14225832,"Alijonov, Khojiakbar",UZB,M,,,,1752,AUG25,0,40,2011,
14229889,"Alikberov, Sultanbek",UZB,M,,,,1528,AUG25,0,40,2015,
14203308,"Alikulov, Elbek",UZB,M,IM,,,2223,AUG25,0,10,1993,i
14226154,"Alimov, Abdulloh",UZB,M,,,,AIM,AUG25,1597,0,2010,
14219239,"Alimov, Raxmonjon",UZB,M,,,,1524,AUG25,0,40,2008,i
14207354,"Alimova, Sevinch",UZB,F,,NA,,1741,AUG25,0,20,2004,wi
14224933,"Alisherov, Javokhir",UZB,M,,,,1587,AUG25,0,40,2012,i
14233975,"Alisherov, Mirkamol",UZB,M,,,,1440,AUG25,0,40,2010,i
14218666,"Allaberganov, Akbar",UZB,M,,,,1605,AUG25,0,40,2013,i
14218810,"Allakhonova, Zukhra",UZB,F,,,,1546,AUG25,0,20,2006,wi
14239248,"Allambergenov, Anvarjon",UZB,M,,,,1531,AUG25,0,40,2014,
14229900,"Amindjanov, Kamol",UZB,M,,,,1451,AUG25,0,20,1991,
14232642,"Amirkulov, Elbek",UZB,M,,,,1491,AUG25,0,40,2009,i
14210975,"Amirova, Makhliyo",UZB,F,,,,1580,AUG25,0,20,2004,wi
14212692,"Amonov, Bekhruz",UZB,M,,,,1626,AUG25,0,20,2004,i
14213877,"Amonov, Jakhongir",UZB,M,,,,1648,AUG25,0,40,2008,i
14218119,"Anasov, Jakhongir",UZB,M,,,,AFM,AUG25,1689,0,2001,
14218445,"Anvarbekova, Samira",UZB,F,,,,1433,AUG25,0,40,2009,wi
14212560,"Anvarjonov, Mukhammadiqbol",UZB,M,,,,1632,AUG25,0,40,2009,i
14249103,"Aralov, Anvar",UZB,M,,,,1884,AUG25,9,40,1982,
14202395,"Aripov, Iskandar",UZB,M,,,,2106,AUG25,0,20,1996,i
14201798,"Artemenko, Oleg",UZB,M,FM,,,2322,AUG25,0,20,1997,
14204991,"Arutyunyan, Armen",UZB,M,,,,2082,AUG25,0,20,2000,i
14235978,"Asadova, Madinabonu",UZB,F,,,,1493,AUG25,0,40,2016,w
14218453,"Asanov, Otabek",UZB,M,,,,1546,AUG25,0,20,2000,i
14216914,"Ashikmamutov, Saidkhon",UZB,M,,,,2043,AUG25,10,40,2010,
14220385,"Ashirmamatov, Bekjakhon",UZB,M,,,,1666,AUG25,0,40,2009,i
14232774,"Ashrapov, Alisher",UZB,M,,,,1445,AUG25,0,40,2015,
14220180,"Aslonov, Islom",UZB,M,,,,1606,AUG25,0,40,2007,
14212030,"Asrorov, Alisherkhon",UZB,M,,,,1570,AUG25,0,20,2005,i
14214911,"Astanov, Tolib",UZB,M,,,,1886,AUG25,0,20,1961,
14224690,"Atabaev, Nikita",UZB,M,,NA,,1578,AUG25,0,20,2006,i
14220407,"Ataev, Aziz",UZB,M,,,,1631,AUG25,0,40,2011,
14219255,"Ataev, Kamronbek",UZB,M,,,,1704,AUG25,0,20,2004,i
14215705,"Atakhanov, Sanjar",UZB,M,,,,1781,AUG25,0,20,2005,i
14213672,"Atakhanov, Umar",UZB,M,,,,1687,AUG25,0,40,2009,i
14244179,Atanazarova Zulfinur,UZB,F,,,,1493,AUG25,0,40,2010,w
14213907,"Ataxanov, Umar",UZB,M,,,,1837,AUG25,0,40,2009,i
14212609,"Auezimbetov, Abbaz",UZB,M,,,,1952,AUG25,0,20,2000,i
14206463,"Avalboev, Sukhrobjon",UZB,M,,,,1941,AUG25,0,20,2003,i
14208504,"Avazkhonov, Alikhon",UZB,M,CM,,,1843,AUG25,0,40,2009,i
14240459,Avazov Makhmudbek,UZB,M,,,,1444,AUG25,0,40,2016,
14234025,"Avezov, Zamir",UZB,M,,,,1538,AUG25,0,20,1983,i
14220199,"Aytimbetov, Jamshidbek",UZB,M,,,,1949,AUG25,0,20,2006,
14234041,"Azamkhujaeva, Mohinur",UZB,F,,,,1536,AUG25,0,40,2018,w
14232120,"Azimjonov, Abdurahmon",UZB,M,,,,1580,AUG25,8,40,2013,
14219875,"Azimov, Akhror",UZB,M,,,,1800,AUG25,0,20,1994,i
14203324,"Azimov, Nurali",UZB,M,,,,1979,AUG25,0,20,1990,i
14210886,"Azizkulova, Marjona",UZB,F,,,,1487,AUG25,0,40,2007,w
14228351,"Azizov, Bekhroz",UZB,M,,,,1706,AUG25,0,40,2012,
14219999,"Azizov, Komiljon",UZB,M,,FA,,AIM,AUG25,1823,0,2004,i
14223821,"Azizov, Sadullo",UZB,M,CM,,,2059,AUG25,0,40,2010,
14209640,"Babaev, Avaz",UZB,M,,,,1761,AUG25,0,20,2002,i
14237202,"Babajanov, Sultonhusain",UZB,M,,,,1446,AUG25,0,40,2017,
14234416,"Babajanova, Mahfuza",UZB,F,,,,1527,AUG25,0,40,2009,wi
14203332,"Badalyan, Shavarsh",UZB,M,,,,2039,AUG25,0,20,1998,i
14223716,"Bahtiyorova, Nodirabegim",UZB,F,,,,1832,AUG25,0,40,2009,w
14210673,"Bakhodirjonova, Xadichabonu",UZB,F,,NA,,1641,AUG25,0,20,2004,wi
14226480,"Bakhodirov, Abdulaziz",UZB,M,,,,1648,AUG25,0,20,2004,
14215713,"Bakhodirov, Umarjon",UZB,M,,,,1600,AUG25,0,40,2011,i
14233444,"Bakhodirova, Umidahon",UZB,F,,,,1547,AUG25,0,40,2008,w
14228076,"Bakhriev, Sharofitdin",UZB,M,,,,1564,AUG25,0,20,1961,i
14212285,"Bakhrillaev, Bakhrom",UZB,M,FM,,,2199,AUG25,0,40,2008,
14237326,"Bakhromov, Jakhongir",UZB,M,,,,1485,AUG25,0,40,2015,
14223325,"Bakhromov, Muhammadamin",UZB,M,,,,1522,AUG25,0,40,2011,i
14223724,"Bakhtiyarov, Kamronbek",UZB,M,,,,1609,AUG25,0,40,2011,
14227568,"Bakhtiyarova, Shakhzoda",UZB,F,,,,1568,AUG25,0,40,2007,wi
14235056,"Bakhtiyorov, Abdulaziz",UZB,M,,,,1442,AUG25,0,40,2015,i
14210983,"Bakhtiyorov, Jonibek",UZB,M,,,,1803,AUG25,0,20,2006,i
14236400,"Baratova, Asal",UZB,F,,,,1502,AUG25,0,40,2010,wi
14200082,"Barsov, Alexei",UZB,M,GM,,,2320,AUG25,0,10,1966,
14212960,"Bashritdinova, Rukhshona",UZB,F,,,,1697,AUG25,0,20,2005,wi
14227576,"Baxodirov, Nurzod",UZB,M,,,,1432,AUG25,0,40,2015,
14241978,Baxromov Botir,UZB,M,,,,1463,AUG25,0,40,2015,
14216035,"Bayzakov, Marat",UZB,M,,,,1593,AUG25,0,20,1979,i
14243741,Bazarbaev Atabek,UZB,M,,,,1774,AUG25,0,40,2008,
14229048,"Bazarbaev, Bekhruz",UZB,M,,,,1464,AUG25,0,40,2012,
14217317,"Bazarov, Shokirjon",UZB,M,,,,1717,AUG25,0,20,1998,
14203367,"Begmuratov, Alisher",UZB,M,FM,,,2387,AUG25,0,20,1997,i
14210207,"Begmuratov, Khumoyun",UZB,M,IM,,,2400,AUG25,0,10,2010,
14229749,"Begmuratova, Sarvinoz",UZB,F,,,,1703,AUG25,10,40,2013,w
14223830,"Belaya, Liliya",UZB,F,,,,1731,AUG25,0,40,2010,w
14207842,"Bobokhodjaev, Bobur",UZB,M,,,,1782,AUG25,0,20,2006,i
14212986,"Bobokulov, Bakhrom",UZB,M,,,,1738,AUG25,0,20,2005,i
14207400,"Bobomurodova, Maftuna",UZB,F,WIM,WIM,,1846,AUG25,0,20,2006,w
14211432,"Bokhodirov, Abdulkodir",UZB,M,CM,,,1919,AUG25,0,40,2011,
14211017,"Boltaev, Sardor",UZB,M,,,,1822,AUG25,0,20,2003,i
14222698,"Botiraliev, Abdumajid",UZB,M,CM,,,1923,AUG25,0,40,2012,
14223848,"Botirjonov, Abdullokh",UZB,M,,,,1587,AUG25,0,40,2012,i
14227878,"Bozorboev, Jurabek",UZB,M,,,,1519,AUG25,0,40,2009,
14233428,"Bozorhojaev, Azamat",UZB,M,,,,1584,AUG25,0,40,2013,
14216957,"Bozorov, Javohir",UZB,M,FM,,,2012,AUG25,0,40,2011,
14223031,"Burkhonova, Rukhsora",UZB,F,,,,1449,AUG25,0,40,2011,w
14244845,Bushuyev Arseniy,UZB,M,,,,1578,AUG25,0,40,2012,
14205122,"Chaykina, Svetlana",UZB,F,,,,1868,AUG25,0,20,2000,wi
14220326,"Chernishev, Mark",UZB,M,,,,1756,AUG25,0,40,2007,i
14200066,"Danierova, Rayhon",UZB,F,,,,1888,AUG25,0,20,1992,w
14201950,"Daurimbetov, Azamat",UZB,M,FM,,,2236,AUG25,11,10,1986,
14214032,"Davlatova, Sevinch",UZB,F,,,,1587,AUG25,0,40,2011,w
14224020,"Davronbekov, Kamron",UZB,M,,,,1670,AUG25,0,20,2003,
14212714,"Davronov, Shokir",UZB,M,,,,1675,AUG25,0,20,1981,i
14212447,"Davronova, Diyorakhon",UZB,F,,,,1710,AUG25,0,20,2004,wi
14218160,"Dilmuradov, Said Yakhyo",UZB,M,,,,1684,AUG25,0,40,2007,i
14232804,"Dilmurodov, Jakhongir",UZB,M,,,,1603,AUG25,0,40,2013,
14212315,"Dilmurodova, Nozimakhon",UZB,F,,,,1555,AUG25,0,40,2007,wi
14242389,Djalilov Nurshod,UZB,M,,,,1562,AUG25,0,40,2015,
14202352,"Djamalov, Fazil",UZB,M,,,,2042,AUG25,0,20,1963,i
14235790,"Doljenko, Amina",UZB,F,,,,1548,AUG25,0,40,2017,w
14225433,"Dosmuxamedov, Asilxon",UZB,M,,,,1543,AUG25,0,40,2009,i
14220571,"Dovurov, Olimjon",UZB,M,,,,1612,AUG25,0,40,2009,
14237350,"Duschanov, Jakhongir",UZB,M,,,,1523,AUG25,0,40,2012,
14226499,"Dustmurodov, Bobur",UZB,M,,,,1476,AUG25,0,20,2005,
14200236,"Dzhumaev, Marat",UZB,M,GM,,,2319,AUG25,0,10,1976,
14208032,"Egamberdiev, Asad",UZB,M,,NA,,1786,AUG25,0,20,2002,i
14208962,"Egamberdiev, Farhod",UZB,M,,,,1900,AUG25,0,20,1996,i
14204126,"Egamberdieva, Bakhora",UZB,F,WIM,WIM,,1859,AUG25,0,20,1999,w
14234394,"Egamberdieva, Zebuzar",UZB,F,,,,1524,AUG25,0,40,2010,w
14200163,"Egin, Vladimir",UZB,M,IM,FT,,2311,AUG25,0,20,1952,i
14214105,"Elmirzaev, Khondamir",UZB,M,,,,1961,AUG25,0,40,2009,
14205939,"Eminjonov, Muzaffarjon",UZB,M,,,,1983,AUG25,0,20,2001,i
14203731,"Eminov, Ibrokhim",UZB,M,,,,1965,AUG25,0,20,1998,i
14219182,"Emirsuinov, Azizbek",UZB,M,,,,1590,AUG25,0,20,2002,i
14223244,"Ergashev, Anvar",UZB,M,,,,1488,AUG25,0,20,1994,i
14225735,"Ergashev, Asadbek",UZB,M,,,,1629,AUG25,0,20,2005,
14219859,"Ergashev, Ilkhom",UZB,M,,FA,,1712,AUG25,8,20,1976,
14211033,"Ergashev, Khoshim",UZB,M,,,,1980,AUG25,0,20,1999,i
14207990,"Ergashev, Miraziz",UZB,M,,,,1745,AUG25,0,20,2006,i
14218429,"Ergashev, Shokhrukh",UZB,M,,,,1693,AUG25,0,20,2006,i
14240521,Ergashov Zufarbek,UZB,M,,,,1550,AUG25,0,40,2013,
14232545,"Ergashov, Nurmuhammad",UZB,M,,,,1672,AUG25,9,40,2013,
14234262,"Erkinboev, Sayfuddin",UZB,M,,,,1679,AUG25,0,40,2017,
14230976,"Erkinov, Bakhodir",UZB,M,,,,1579,AUG25,0,40,2016,
14231352,"Erkinov, Bobir",UZB,M,,,,1494,AUG25,0,40,2010,
14217180,"Erkinov, Mukhammadjon",UZB,M,,,,1641,AUG25,0,40,2010,i
14218097,"Erkinov, Nurillokh",UZB,M,,,,1686,AUG25,0,40,2011,
14216566,"Erkinov, Rustambek",UZB,M,,,,1937,AUG25,0,20,2006,
14214130,"Erkinov, Sultonali",UZB,M,,,,1760,AUG25,0,40,2010,
14230810,"Esanboev, Elshodbek",UZB,M,,,,1531,AUG25,0,40,2015,
14228173,"Eshkulov, Daler",UZB,M,,,,1660,AUG25,0,40,2014,
14227371,"Eshpulatov, Islombek",UZB,M,,,,1624,AUG25,0,40,2014,
14210690,"Fakhriddinxujaev, Umarxon",UZB,M,,,,2013,AUG25,0,40,2007,
14229935,"Farkhodov, Fazliddin",UZB,M,,,,1455,AUG25,0,40,2017,
14200554,"Fayzullaev, Akmal",UZB,M,IM,"NI,NA",,2338,AUG25,0,20,1991,i
14232430,"Fayzullaev, Foziljon",UZB,M,,,,1514,AUG25,0,40,2014,
14232464,"Fayzullaeva, Kavsar",UZB,F,,,,1472,AUG25,0,40,2011,w
14218682,"Fazliddinov, Bekhzodbek",UZB,M,,,,1555,AUG25,0,40,2012,i
14225450,"Fazliddinova, Soliha",UZB,F,,,,1515,AUG25,0,40,2015,w
14200988,"Filippov, Anton",UZB,M,GM,"FST,NA",,2514,AUG25,0,10,1986,i
14204134,"Foziljonov, Khojiakbar",UZB,M,,,,1863,AUG25,0,20,1999,i
14230275,"Gafurjanova, Dilnura",UZB,F,,,,1558,AUG25,0,40,2014,w
14200929,"Galyamov, Vildan",UZB,M,,,,2119,AUG25,0,20,1985,
14218836,"Ganieva, Odina",UZB,F,,,,1728,AUG25,0,20,2002,wi
14230470,"Gapparov, Temur",UZB,M,,,,1474,AUG25,0,40,2011,
14231816,"Gataulin, Ravil",UZB,M,,,,1425,AUG25,0,20,1953,
14229943,"Gaybulloev, Sadullo",UZB,M,,,,1468,AUG25,0,40,2016,
14205670,"Gayimnazarov, Bahadir",UZB,M,,,,1766,AUG25,8,20,1967,
14223619,"Gaziev, Dilmurod",UZB,M,,,,1734,AUG25,0,20,1985,i
14238349,"Gimranov, Amin",UZB,M,,,,1433,AUG25,0,40,2019,
14234564,"Gimranova, Amelina",UZB,F,,,,1415,AUG25,0,40,2015,w
14242567,Gofurjonov Ibrohimjon,UZB,M,,,,1730,AUG25,10,40,2011,
14202344,"Golubev, Roman",UZB,M,IM,,,2258,AUG25,0,20,1994,i
14232766,"Gordeev, Matvey",UZB,M,,,,1592,AUG25,0,40,2014,
14205130,"Grigorev, Artem",UZB,M,,,,1947,AUG25,0,20,1999,i
14203901,"Gruzdev, Oleg",UZB,M,,,,1926,AUG25,0,20,1986,i
14202174,"Gubaydulin, Talgat",UZB,M,IM,,,2313,AUG25,0,10,1992,
14231387,"Gulmurodova, Dilnoza",UZB,F,,,,1509,AUG25,0,40,2010,w
14211041,"Gulomov, Javokhir",UZB,M,,,,1702,AUG25,0,40,2007,i
14208130,"Gulyamov, Amirkhon",UZB,M,,,,1678,AUG25,0,40,2007,i
14239191,"Gulyamov, Makhmut",UZB,M,,,,1650,AUG25,0,20,1968,
14224470,"Halimov, Bahovuddin",UZB,M,,,,1429,AUG25,0,40,2012,
14205661,"Hamidova, Ozoda",UZB,F,,,,1893,AUG25,0,20,1998,wi
14201151,"Hamrakulova, Yulduz",UZB,F,WIM,WIM,FA,1901,AUG25,0,20,1989,w
14230658,"Hamroliyeva, Maxpuraxon",UZB,F,,,,1641,AUG25,0,40,2014,wi
14220741,"Hamzaev, Shahzodbek",UZB,M,,,,1917,AUG25,0,40,2010,
14206668,"Hasanov, Alo",UZB,M,,,,1900,AUG25,0,20,2000,i
14205190,"Hasanov, Temurbek",UZB,M,,,,1929,AUG25,0,20,1998,i
14231166,"Hayitmurodov, Sulaymon",UZB,M,,,,1585,AUG25,0,40,2014,
14211050,"Hayrullaeva, Muslima",UZB,F,,,,1449,AUG25,0,40,2007,wi
14229978,"Hibatilloev, Ramazon",UZB,M,,,,1542,AUG25,0,40,2013,
14203030,"Hoshimov, Odiljon",UZB,M,,,,1837,AUG25,6,20,1959,
14226758,"Husanov, Ibrohim",UZB,M,,,,1509,AUG25,0,20,1960,i
14209497,"Ibodullaev, Jurabek",UZB,M,,,,1882,AUG25,0,20,2004,i
14200074,"Ibragimova, Iroda",UZB,F,,NA,,1923,AUG25,0,20,1991,wi
14240114,Ibrokhimov Khojimukhammad,UZB,M,,,,1644,AUG25,0,40,2015,
14225603,"Ibrokhimov, Abdullokh",UZB,M,,,,1586,AUG25,0,40,2011,i
14212293,"Ibrokhimov, Mukhammadali",UZB,M,,,,1738,AUG25,0,40,2007,
14231409,"Ikromov, Amirbek",UZB,M,,,,1582,AUG25,0,40,2010,
14235358,"Ikromov, Asilbek",UZB,M,,,,1547,AUG25,0,40,2017,
14226936,"Ikromov, Shaxboz",UZB,M,,,,1620,AUG25,0,20,2006,
14232910,"Ilkhomova, Nurangiz",UZB,M,,,,1522,AUG25,0,40,2012,
14211483,"Ilxomjonova, Mehriniso",UZB,F,,,,1599,AUG25,3,20,2003,w
14207680,"Ilyushin, Viktor",UZB,M,,NA,,1719,AUG25,0,20,1987,i
14216736,"Imomkuzieva, Nilufarkhon",UZB,F,WFM,WFM,,2115,AUG25,0,40,2010,w
14203146,"Inogamov, Nurbek",UZB,M,,,,1953,AUG25,0,20,1993,i
14222701,"Isadjanov, Kuchkar",UZB,M,,,,1571,AUG25,0,20,1958,
14218186,"Isaev, Alan",UZB,M,,,,1526,AUG25,0,40,2012,i
14200546,"Ishbaev, Avazbek",UZB,M,,,,AGM,AUG25,2070,0,1986,
14214229,"Islamov, Shakhzod",UZB,M,,,,1958,AUG25,0,40,2012,
14234386,"Islomov, Ahror",UZB,M,,,,1552,AUG25,0,40,2016,
14213079,"Islomov, Aslitdin",UZB,M,,,,1712,AUG25,0,20,2005,i
14219689,"Islomov, Shoxrux",UZB,M,,,,1656,AUG25,0,20,2005,i
14212382,"Islomova, Mokhinur",UZB,F,,,,1681,AUG25,0,20,2005,wi
14211890,"Islomova, Nafisa",UZB,F,,,,1713,AUG25,0,20,2000,wi
14249235,Ismailov Akmaljon,UZB,M,,,,1684,AUG25,6,40,2010,
14234840,"Ismailov, Aybek",UZB,M,,,,1495,AUG25,0,20,1997,
14232669,"Ismatov, Akobirkhon",UZB,M,,,,1472,AUG25,0,40,2014,
14213613,"Ismatova, Zebiniso",UZB,F,,,,1718,AUG25,0,20,2002,wi
14216191,"Ismoilov, Saidalo",UZB,M,,,,1672,AUG25,0,20,2005,i
14209047,"Ismoilova, Iroda",UZB,F,,,,1647,AUG25,0,20,2003,wi
14238217,"Isomiddinov, Elyorjon",UZB,M,,,,1628,AUG25,0,40,2011,
14207575,"Isomov, Umar",UZB,M,,,,1887,AUG25,0,20,2003,i
14202115,"Israilov, Sardor",UZB,M,,,,1972,AUG25,0,20,1997,i
14236931,"Istamkulov, Yakub",UZB,M,,,,1587,AUG25,0,40,2016,
14200104,"Iuldachev, Saidali",UZB,M,GM,"FT,NA",,2272,AUG25,0,10,1968,
14234050,"Iunusov, Shamsiddin",UZB,M,,,,1428,AUG25,0,40,2009,i
14232502,"Izentaeva, Aynura",UZB,F,,,,1443,AUG25,0,40,2012,w
14208288,"Jabborberganov, Dilmurod",UZB,M,,,,1893,AUG25,0,20,2003,i
14227894,"Jabborov, Shaxruz",UZB,M,,,,1583,AUG25,0,40,2012,
14234319,"Jakhongirov, Afruz",UZB,M,,,,1431,AUG25,0,40,2016,i
14212439,"Jalilova, Safinoza",UZB,F,,,,1585,AUG25,0,20,2003,wi
14240319,Jamoliddinov Mukhammadumar,UZB,M,,,,1583,AUG25,0,40,2014,
14219557,"Jangabaev, Nurjan",UZB,M,,,,1533,AUG25,0,40,2011,
14242109,Jorayev Habibullo,UZB,M,,,,1690,AUG25,0,40,2014,
14216310,"Jumabaev, Asadbek",UZB,M,,,,1642,AUG25,0,20,2006,i
14228440,"Jumabaev, Nekruz",UZB,M,,,,1468,AUG25,0,40,2010,
14218780,"Jumaeva, Malika",UZB,F,,,,1861,AUG25,0,40,2011,w
14225468,"Jumanazarov, Ibrohim",UZB,M,,,,1847,AUG25,0,40,2014,
14225476,"Jumanazarova, Osiyo",UZB,F,,,,1564,AUG25,0,40,2011,wi
14210045,"Jumaniezov, Salahiddin",UZB,M,,,,1801,AUG25,0,20,2003,i
14237270,"Jumaniyazov, Muhammadsharif",UZB,M,,,,1419,AUG25,0,40,2015,
14227908,"Jumaniyozov, Bekhruz",UZB,M,,,,1441,AUG25,0,40,2009,i
14202905,"Jumanov, Elbek",UZB,M,FM,NA,,2055,AUG25,0,20,1997,i
14228459,"Jumavaev, Bekzod",UZB,M,,,,1773,AUG25,0,40,2009,
14243563,Jumayev Javohir,UZB,M,,,,1600,AUG25,0,40,2011,
14241005,Jumayeva Iroda,UZB,F,,,,1634,AUG25,0,40,2015,w
14232758,"Juraev, Kholbek",UZB,M,,,,1438,AUG25,0,40,2007,
14239663,"Juraev, Nodir",UZB,M,,,,1501,AUG25,0,20,1987,
14209179,"Juraeva, Muattar",UZB,F,,,,1481,AUG25,0,40,2008,w
14200481,"Kagirov, Ravil",UZB,M,,,,2215,AUG25,0,20,1962,i
14201771,"Kakhramonova, Mokhinur",UZB,F,,NA,,2005,AUG25,0,20,1996,wi
14210118,"Kakishova, Selbi",UZB,F,,NA,,1725,AUG25,0,20,2001,w
14243687,Kalandarov Sohib,UZB,M,,,,1650,AUG25,0,40,2012,
151105026,"Kamildjanov, Saidbek",UZB,M,,,,1659,AUG25,0,20,0,
14227630,"Kamilev, Aybek",UZB,M,,,,1602,AUG25,0,40,2010,
14231832,"Kamolova, Uljarkin",UZB,F,,,,1541,AUG25,0,40,2008,w
14210274,"Karabaev, Kamronbek",UZB,M,,,,1791,AUG25,0,20,2002,i
14243750,Karajanov Allayar,UZB,M,,,,1523,AUG25,0,40,2008,
14206722,"Karimbaev, Ziyniddin",UZB,M,,,,1947,AUG25,0,20,1998,
14236915,"Karimjonova, Nigina",UZB,F,,,,1473,AUG25,0,40,2014,w
14202425,"Karimov, Adkhamzhan",UZB,M,,,,2067,AUG25,0,20,1964,i
14239493,"Karimov, Bobir",UZB,M,,,,1469,AUG25,0,20,1978,
14201607,"Karimov, Farukh",UZB,M,FM,NA,,2192,AUG25,0,20,1988,i
14200309,"Karimov, Ibragim",UZB,M,FM,NA,,2257,AUG25,0,20,1966,i
14239507,"Karimov, Iskandar",UZB,M,,,,1502,AUG25,0,40,2015,
14212161,"Karimov, Kamron",UZB,M,,,,1607,AUG25,0,40,2009,
14216728,"Karimov, Sardorbek",UZB,M,,,,1438,AUG25,0,40,2011,i
14210908,"Karimov, Shakhrombek",UZB,M,,,,2135,AUG25,0,40,2009,
14238756,"Karimov, Tohir",UZB,M,,,,1479,AUG25,0,40,2010,
14210410,"Karimova, Guldona",UZB,F,WIM,WIM,,1991,AUG25,0,40,2007,w
14222329,"Karimova, Mohinaxon",UZB,F,,,,1526,AUG25,0,40,2013,w
14202310,"Karimova, Ozoda",UZB,F,,,,1921,AUG25,0,20,1988,wi
14242699,Karimsakov Alisher,UZB,M,,,,1441,AUG25,0,40,2014,
14200384,"Karpov, Alexander",UZB,M,IM,,,2092,AUG25,10,20,1959,
14200244,"Kasimdzhanov, Rustam",UZB,M,GM,,,2575,AUG25,0,10,1979,
14209683,"Kasimov, Ali",UZB,M,FM,NA,,2114,AUG25,0,20,2003,i
14226960,"Kasimov, Rauf",UZB,M,,,,2090,AUG25,0,40,2010,
14203391,"Kasparov, Aram",UZB,M,,,,2017,AUG25,0,20,1998,
14218992,"Kaypbergenov, Nauriz",UZB,M,,,,1589,AUG25,0,40,2011,
14200880,"Kayumov, Sergey",UZB,M,GM,,,2405,AUG25,0,10,1981,i
14222469,"Kayumov, Shohruh",UZB,M,,,,1675,AUG25,0,40,2009,
14233061,"Kenjaboev, Mukhammadyosin",UZB,M,,,,1650,AUG25,0,40,2008,i
14208679,"Kenjaev, Khasan",UZB,M,,NA,,1859,AUG25,0,40,2007,
14226979,"Khabibullaev, Otabek",UZB,M,,,,1605,AUG25,0,20,1989,i
14207389,"Khabibullaeva, Mokhinur",UZB,F,,,,1753,AUG25,0,20,2006,w
14202360,"Khaitov, Akmal",UZB,M,,,,1661,AUG25,0,20,1959,
14210258,"Khaitov, Mashkhur",UZB,M,,,,1644,AUG25,0,40,2008,
14219573,"Khakimov, Akbar",UZB,M,,FI,,1831,AUG25,0,20,1978,i
14209500,"Khakimov, Anvar",UZB,M,,,,1952,AUG25,0,20,2001,i
14206595,"Khakimova, Makhliyo",UZB,F,,,,1723,AUG25,0,20,1999,wi
14226766,"Khakimova, Shakhrizoda",UZB,F,,,,1474,AUG25,0,40,2012,w
14244578,Khalilov Ilkhomjon,UZB,M,,,,1438,AUG25,0,20,2002,
14212838,"Khalilov, Abdumalik",UZB,M,,,,1814,AUG25,0,40,2010,
14215934,"Khalilov, Ikromjon",UZB,M,,,,1913,AUG25,0,40,2009,
14223422,"Khalilova, Madinabonu",UZB,F,WCM,WCM,,2116,AUG25,0,40,2009,w
14217554,"Khalilova, Mukhlisa",UZB,F,,,,1715,AUG25,0,20,2002,wi
14210223,"Khalimjonov, Fayzullo",UZB,M,,,,1832,AUG25,0,20,2006,i
14207370,"Khalmuratov, Makhmudbek",UZB,M,,,,1712,AUG25,0,20,2004,i
14243407,Khamdamov Umidjon,UZB,M,,,,1551,AUG25,0,40,2009,
14231840,"Khamdamov, Shermuhammad",UZB,M,,,,1413,AUG25,0,40,2011,i
14210533,"Khamdamov, Siyovush",UZB,M,,,,1861,AUG25,0,20,2006,i
14210444,"Khamdamova, Afruza",UZB,F,WIM,WIM,FI,2271,AUG25,0,20,2009,w
14211106,"Khamidov, Okilbek",UZB,M,,,,1964,AUG25,0,20,2000,i
14219948,"Khamidova, Yulduzkhon",UZB,F,,,,1549,AUG25,0,40,2012,w
14219271,"Khamidullaev, Shokhrux",UZB,M,,,,1770,AUG25,0,20,2002,
14229404,"Khamraeva, Sabrina",UZB,F,,,,1542,AUG25,0,40,2009,w
14201143,"Khamrakulov, Djurabek",UZB,M,GM,,,2535,AUG25,0,10,1988,i
14200600,"Khamrakulova, Iroda",UZB,F,,NA,,1986,AUG25,0,20,1981,wi
14200996,"Khamrakulova, Shakhnoza",UZB,F,,,,1961,AUG25,0,20,1985,wi
14201933,"Khamroev, Ravshan",UZB,M,,,,2214,AUG25,0,20,1992,i
14204495,"Khamroeva, Dilbar",UZB,F,,,,1801,AUG25,0,20,2003,wi
14206749,"Khasanjonov, Khasanboy",UZB,M,,,,1855,AUG25,0,20,2002,
14237008,"Khasanov, Abdulaziz",UZB,M,,,,1440,AUG25,0,40,2018,
14239515,"Khasanov, Bilolhuja",UZB,M,,,,1722,AUG25,0,40,2013,
14226030,"Khasanov, Dostonbek",UZB,M,,,,1508,AUG25,0,40,2015,
14218658,"Khasanova, Ezozakhon",UZB,F,,,,1739,AUG25,0,40,2012,w
14231425,"Khasanova, Gulshoda",UZB,F,,,,1425,AUG25,0,40,2011,w
14227657,"Khasanova, Mushtariy",UZB,F,,,,1494,AUG25,0,40,2011,wi
14216795,"Khasanova, Shakhzoda",UZB,F,,,,1529,AUG25,0,40,2010,wi
14212056,"Khatamov, Sayidamirbek",UZB,M,,,,1648,AUG25,0,40,2009,i
14202620,"Khaydarov, Ilhom",UZB,M,,NA,,2016,AUG25,0,20,1984,i
14217570,"Khaydarov, Javlon",UZB,M,,,,1409,AUG25,0,40,2012,
14205653,"Khaydarov, Ravshan",UZB,M,,,,AFM,AUG25,1935,0,1986,
14238918,"Khayotbekov, Khojiakbar",UZB,M,,,,1585,AUG25,0,40,2009,
14227410,"Khayridinov, Elerbek",UZB,M,,,,1447,AUG25,0,40,2013,
14205394,"Khegay, Yuliya",UZB,F,WFM,WFM,NA,1849,AUG25,0,20,2004,wi
14211114,"Khikmatilloev, Samandar",UZB,M,,,,1624,AUG25,0,40,2008,i
14214482,"Khikmatov, Islom",UZB,M,,,,1734,AUG25,0,40,2010,
14218224,"Khojiakhmedov, Ulugbek",UZB,M,,,,1875,AUG25,0,20,1976,i
14232987,"Khojiakhmedova, Iroda",UZB,F,,NA,,1433,AUG25,0,20,1977,wi
14208989,"Kholikov, Kakhramon",UZB,M,,,,2028,AUG25,0,20,1985,i
14230968,"Kholikova, Sofiya",UZB,F,,,,1435,AUG25,0,40,2011,wi
14211122,"Kholmamatov, Islombek",UZB,M,,,,1909,AUG25,0,40,2007,
14214512,"Kholmamatova, Maftuna",UZB,F,,,,1605,AUG25,0,40,2007,wi
14200830,"Kholmirzaev, Bakhodir",UZB,M,FM,FA,,2311,AUG25,0,20,1984,i
14234815,"Kholmirzaev, Salokhiddin",UZB,M,,,,1549,AUG25,0,40,2012,
14233991,"Kholmukhamedov, Amirbek",UZB,M,,,,1441,AUG25,0,40,2013,i
14220563,"Kholmurodov, Ziyodbek",UZB,M,,,,1766,AUG25,0,20,2004,i
14210231,"Khotamova, Sevinch",UZB,F,,,,1562,AUG25,0,20,2005,wi
14210746,"Khrebtyugov, Artyom",UZB,M,,,,1559,AUG25,0,20,2004,i
14233878,"Khudanov, Jurat",UZB,M,,,,1489,AUG25,0,40,2012,i
14222485,"Khudoiberganov, Dzhamshed",UZB,M,,,,1442,AUG25,0,40,2007,i
14203430,"Khudoykulov, Nuriddin",UZB,M,,,,1971,AUG25,0,20,1996,i
14236036,"Khudoynazarov, Nizomiddin",UZB,M,,,,1647,AUG25,0,40,2009,i
14234254,"Khujaev, Muhammadkhoja",UZB,M,,,,1419,AUG25,0,40,2013,i
14203707,"Khursanova, Farida",UZB,F,,,,1937,AUG25,0,20,1996,wi
14206927,"Khusainova, Ozoda",UZB,F,,,,1759,AUG25,0,20,2002,wi
14235986,"Khusanbaev, Khudoyorkhon",UZB,M,,,,1477,AUG25,0,40,2016,
14227665,"Khusanov, Diyorbek",UZB,M,,,,1505,AUG25,0,40,2013,
14223074,"Khusanov, Ibrokhimjon",UZB,M,,,,1662,AUG25,0,20,1960,i
14206528,"Khusanov, Umidjon",UZB,M,,,,1634,AUG25,0,20,2006,i
14209128,"Khushmurodova, Marjona",UZB,F,,,,1728,AUG25,0,20,1998,wi
14229765,"Khusnitdinova, Azizakhon",UZB,F,,,,1447,AUG25,0,40,2007,wi
14228106,"Khusnitdinova, Husnorakhon",UZB,F,WCM,WCM,,1746,AUG25,0,40,2015,w
14227029,"Khvan, Vadim",UZB,M,,,,1578,AUG25,0,40,2008,
14205742,"Kilicheva, Sarvinoz",UZB,F,,,,1702,AUG25,0,20,2002,wi
14204541,"Kim, Igor",UZB,M,,,,1574,AUG25,0,20,1952,i
14204630,"Kim, Lev",UZB,M,,,,2001,AUG25,0,20,1943,i
14206080,"Kim, Leyla",UZB,F,,,,1680,AUG25,0,20,2003,wi
14215764,"Kimsanboyev, Axadxon",UZB,M,,,,1783,AUG25,0,20,2003,i
14233070,"Kimsanov, Akhrorbek",UZB,M,,,,1555,AUG25,3,40,2009,
14234203,"Klichev, Shakhzod",UZB,M,,,,1536,AUG25,0,40,2007,i
14226545,"Kobiljonova, Jasmina",UZB,F,,,,1464,AUG25,0,40,2007,w
14225492,"Kodirov, Axrorbek",UZB,M,,,,1475,AUG25,0,40,2015,
14235293,"Kodirov, Elnur",UZB,M,,,,1462,AUG25,0,40,2015,
14203774,"Kodirov, Saidjon",UZB,M,,NA,,1860,AUG25,0,20,1982,
14231026,"Kodirova, Asal",UZB,F,,,,1454,AUG25,0,40,2014,w
14212811,"Komiljonov, Sukhrob",UZB,M,,FA,,1504,AUG25,0,20,2004,i
14229773,"Komiljonova, Lazizabonu",UZB,F,,,,1688,AUG25,0,40,2013,w
14215942,"Komilkhonzoda, Dovudkhon",UZB,M,,,,1473,AUG25,0,40,2011,i
14211130,"Komilov, Jahongir",UZB,M,,,,1611,AUG25,0,40,2010,i
14210622,"Kosimov, Zafar",UZB,M,,,,1680,AUG25,0,20,1968,i
14203910,"Kosokin, Valeriy",UZB,M,,,,2115,AUG25,0,20,1966,i
14200848,"Kozak, Leonid",UZB,M,,,,2297,AUG25,0,20,1983,i
14216779,"Kudratov, Bekhruz",UZB,M,,,,1901,AUG25,0,40,2009,
14203448,"Kudratov, Bekhzod",UZB,M,,,,1893,AUG25,0,20,1998,i
14230291,"Kuliboeva, Nargiza",UZB,F,,,,1534,AUG25,0,40,2012,w
14216094,"Kurbanov, Abdulaziz",UZB,M,,,,1824,AUG25,0,20,2005,
14201496,"Kurbanov, Djakhongir",UZB,M,,,,1989,AUG25,0,20,1984,i
14214598,"Kurbanova, Feruza",UZB,F,,,,1632,AUG25,0,20,2005,wi
14200619,"Kurbedinov, Ramis",UZB,M,IM,,,2207,AUG25,0,20,1970,i
14221837,"Kurbonboev, Asadbek",UZB,M,,,,1555,AUG25,0,20,2006,
14201780,"Kurbonboeva, Sarvinoz",UZB,F,WGM,WGM,,2021,AUG25,0,20,1994,wi
14209144,"Kurbonov, Asilbek",UZB,M,,,,1845,AUG25,0,20,2003,i
14213192,"Kurbonova, Umida",UZB,F,,,,1578,AUG25,0,40,2009,w
14227436,"Kushnazarov, Sultonmurod",UZB,M,,,,1444,AUG25,0,40,2013,i
14229153,"Kuvandikova, Nafisa",UZB,F,,,,1513,AUG25,0,40,2014,w
14243032,Kuvondikov Davlatbek,UZB,M,,,,1578,AUG25,0,40,2017,
14209349,"Kuvvatov, Azizbek",UZB,M,,NA,,1933,AUG25,0,20,2001,i
14201356,"Kvon, Andrey",UZB,M,GM,,,2468,AUG25,0,10,1989,i
14236850,"Larina, Zarina",UZB,F,,,,1559,AUG25,0,40,2017,w
151105017,"Li, Oleg",UZB,M,,,,1490,AUG25,0,40,2012,i
14210703,"Madaminov, Mukhiddin",UZB,M,GM,,,2486,AUG25,0,10,2006,
14201062,"Madjidov, Jasur",UZB,M,,,,AGM,AUG25,2081,0,1982,i
14205459,"Madolimov, Dilshod",UZB,M,,,,AIM,AUG25,1854,0,1980,i
14206340,"Mahammatov, Sirojiddin",UZB,M,,,,1807,AUG25,0,20,2004,i
14224526,"Mahmudov, Ezozbek",UZB,M,,,,1795,AUG25,10,40,2014,
14220873,"Mahmudova, Nilufar",UZB,F,,,,1622,AUG25,10,40,2014,w
14222507,"Mahmudxodjaev , Anvarxoja",UZB,M,,,,1574,AUG25,0,40,2011,i
14220857,"Majidov, Asilbek",UZB,M,,,,1668,AUG25,0,40,2010,
14207702,"Makarkin, Artemiy",UZB,M,,,,1600,AUG25,0,20,2005,i
14228530,"Makhamadullaev, Mukhammaddiyor",UZB,M,,,,1781,AUG25,0,40,2010,
14230518,"Makhmudbekov, Bekzod",UZB,M,,,,1656,AUG25,0,40,2008,i
14211165,"Makhmudjonov, Davlatbek",UZB,M,,,,1903,AUG25,0,40,2007,i
14210541,"Makhmudov, Abbos",UZB,M,,,,1802,AUG25,0,20,1996,i
14224208,"Makhmudov, Alisher",UZB,M,,,,1736,AUG25,0,20,1962,i
14200775,"Makhmudov, Shukhrat",UZB,M,CM,,,2135,AUG25,0,20,1973,i
14216108,"Maksyutov, Nur",UZB,M,,,,1427,AUG25,0,20,1951,
14212463,"Malikova, Marjona",UZB,F,WIM,WIM,,1893,AUG25,0,20,2002,w
14201127,"Malinichev, Konstantin",UZB,M,FM,,,2309,AUG25,0,20,1941,i
14236583,"Mamadiyorov, Islombek",UZB,M,,,,1469,AUG25,0,40,2017,
14230305,"Mamadiyorov, Javokhir",UZB,M,,,,1545,AUG25,0,40,2014,
14232480,"Mamanazarov, Marufjon",UZB,M,,,,1465,AUG25,0,40,2014,i
14227924,"Mamanazarov, Ogabek",UZB,M,,,,1441,AUG25,0,40,2012,i
14209977,"Mamarajabov, Sardorbek",UZB,M,,,,1896,AUG25,0,20,1995,
14231867,"Mamarasulov, Husan",UZB,M,,,,1620,AUG25,0,40,2013,
14231875,"Mamarasulova, Yasmina",UZB,F,,,,1548,AUG25,0,40,2014,w
14216671,"Mamasaidov, Ibrokhim",UZB,M,,,,1655,AUG25,0,40,2007,i
14202816,"Mamatkulova, Maftuna",UZB,F,,,,1992,AUG25,0,20,1992,wi
14219298,"Mamatsalaev, Shohjahon",UZB,M,,,,1797,AUG25,0,40,2011,
14205696,"Mamayusupov, Jasur",UZB,M,,NA,,1885,AUG25,0,20,1985,i
14238055,"Mamaziyaev, Bekzod",UZB,M,,,,1610,AUG25,0,40,2010,
14226340,"Mamurov, Kamoluddin",UZB,M,,,,1738,AUG25,4,40,2014,
14212412,"Mamurova, Dilrabokhon",UZB,F,,,,1606,AUG25,0,20,2004,wi
14237440,"Mamutova, Sarvinaz",UZB,F,,,,1405,AUG25,0,40,2010,w
14208881,"Manashev, Renat",UZB,M,,,,1785,AUG25,0,20,1963,
14231476,"Mannonov, Umidjon",UZB,M,,,,1499,AUG25,0,40,2011,
14215780,"Mansurova, Mumtozbegim",UZB,F,WCM,WCM,,1879,AUG25,0,40,2009,w
14225760,"Maraimov, Khudoyor",UZB,M,,,,1652,AUG25,0,40,2007,
14204010,"Masharipov, Sirojiddin",UZB,M,,,,1900,AUG25,0,20,1995,i
14230011,"Matyakubov, Bekhruz",UZB,M,,,,1441,AUG25,0,40,2011,i
14215772,"Matyakubov, Miraziz",UZB,M,CM,,,2194,AUG25,9,40,2009,
14212390,"Mavlonova, Sevinch",UZB,F,,,,1449,AUG25,0,20,2006,wi
14237458,"Medetova, Robiya",UZB,F,,,,1486,AUG25,0,40,2011,w
14215799,"Mirpulatov, Mirabror",UZB,M,,,,1750,AUG25,0,40,2009,i
14227037,"Mirxoshimov, Mexroj",UZB,M,,,,1626,AUG25,0,40,2010,i
14212072,"Mirxosilov, Isroil",UZB,M,,,,1671,AUG25,0,20,2003,
14231506,"Mirzaakbarov, Rustamkhon",UZB,M,,,,1579,AUG25,0,20,2005,
14230020,"Mirzaev, Jakhongir",UZB,M,,,,1574,AUG25,0,40,2016,
14211203,"Mirzahmedova, Muyassar",UZB,F,,,,1572,AUG25,0,40,2008,wi
14211572,"Mirzaodilov, Bokhodir",UZB,M,,NA,,1877,AUG25,5,20,2002,
14234831,"Mukarov, Akbar",UZB,M,,,,1426,AUG25,0,20,2000,i
14234785,"Mukhamadiev, Samir",UZB,M,,,,1702,AUG25,5,40,2013,
14207710,"Mukhamedov, Khadiyatullo",UZB,M,,,,2092,AUG25,0,20,2006,
14228092,Mukhammadiev Khushnudbek,UZB,M,,,,1598,AUG25,0,40,2015,
14244756,Mukhammadkhanov Mukhammadabdujabbor,UZB,M,,,,1622,AUG25,0,40,2012,
14231522,"Mukhammatsoliev, Muhammadyusuf",UZB,M,,,,1439,AUG25,0,40,2009,
14230313,"Mukhiddinov, Mirzohid",UZB,M,,,,1800,AUG25,0,40,2016,
14224755,"Mukhiddinova, Nilufar",UZB,F,,,,1477,AUG25,0,40,2014,wi
14216507,"Mukhsinov, Mukhammad Yusuf",UZB,M,,,,1781,AUG25,0,40,2010,
14216515,"Mukhsinova, Mokhizoda",UZB,F,,,,1644,AUG25,8,20,2005,w
14211769,"Mukhtorov, Muslimbek",UZB,M,,,,1582,AUG25,0,20,2005,i
14233967,"Mukimov, Mahmudjon",UZB,M,,,,1476,AUG25,0,40,2015,
14213630,"Mukumov, Arjin",UZB,M,,,,1922,AUG25,0,20,2006,
14201526,"Muminova, Nafisa",UZB,F,WGM,WGM,"FT,NA",2145,AUG25,0,20,1990,w
14239094,"Muptillaev, Dias",UZB,M,,,,1556,AUG25,0,40,2015,
14206404,"Muratkhonov, Akramkhon",UZB,M,,,,1622,AUG25,0,20,2006,i
14219611,"Muratov, Barno",UZB,M,,,,1516,AUG25,0,20,1957,
14244969,Murodov Dilshod,UZB,M,,,,1439,AUG25,0,40,2008,
14214725,"Murodov, Alisher",UZB,M,,,,1705,AUG25,0,40,2007,
14218828,"Murotaliev, Shokhjakhon",UZB,M,,,,1738,AUG25,0,20,2005,i
14203057,"Murzambetov, Islam",UZB,M,,,,2058,AUG25,0,20,1988,i
14232685,"Musaev, Masut",UZB,M,,NA,,1478,AUG25,0,20,1954,
14201445,"Mustafaev, Jamshid",UZB,M,,NA,,2266,AUG25,0,20,1991,i
14232944,"Mustafakulov, Akbar",UZB,M,,,,1552,AUG25,0,40,2015,
14214741,"Mustafoev, Sanjar",UZB,M,,,,1747,AUG25,0,40,2009,
14231913,"Mutalov, Jakhongir",UZB,M,,,,1594,AUG25,0,40,2013,
14226073,"Muxammadxujaev, Nurmuxammad",UZB,M,,,,1536,AUG25,0,40,2010,i
14212455,"Muzafarov, Avazbek",UZB,M,,,,1896,AUG25,0,20,2002,i
14244462,Muzaffarov Jasur,UZB,M,,,,1664,AUG25,0,40,2009,
14218720,"Nabiev, Abdumutal",UZB,M,,,,1419,AUG25,0,40,2012,i
14201232,"Nadirjanova, Nodira",UZB,F,WIM,WIM,,2018,AUG25,0,20,1990,w
14214768,"Najmiddinova, Gulkhumor",UZB,F,,,,1617,AUG25,0,20,2006,w
14219905,"Nam, Valeriy",UZB,M,,,,1570,AUG25,0,40,2008,i
14206536,"Narzikulov, Giyosjon",UZB,M,,,,1979,AUG25,0,20,1999,
14205408,"Narzikulova, Gulhae",UZB,F,,,,1874,AUG25,0,20,1997,wi
14214792,"Nasimov, Jasurbek",UZB,M,,,,1674,AUG25,0,40,2010,
14233487,"Nasriddinov, Ilkhomjon",UZB,M,,,,1522,AUG25,0,40,2011,
14236974,"Nasriddinov, Mirodil",UZB,M,,,,1482,AUG25,0,40,2015,i
14225514,"Nasritdinova, Mashkhura",UZB,F,,,,1515,AUG25,0,40,2009,wi
14217660,"Nasullaev, Usmonjon",UZB,M,,,,1541,AUG25,0,40,2010,i
14205572,"Navruzov, Tukhtamurod",UZB,M,,,,1994,AUG25,0,20,1996,
14228564,"Nazarov, Bekhruzjon",UZB,M,,,,1606,AUG25,0,40,2009,
14233312,"Nazarov, Muhammadnur",UZB,M,,,,1415,AUG25,0,40,2013,
14222752,"Nazarov, Shoxruz",UZB,M,,,,1440,AUG25,0,40,2013,i
14207397,"Nazarova, Amina",UZB,F,,,,1571,AUG25,0,20,2006,wi
14206153,"Nazarova, Sitora",UZB,F,,,,1792,AUG25,0,20,2002,wi
14201860,"Nazhmeddinov, Sirodjiddin",UZB,M,,NA,,2199,AUG25,0,20,1989,i
14217252,"Naziraliev, Kilichbek",UZB,M,,,,1914,AUG25,6,40,2007,
14230992,"Nazirjonov, Imronbek",UZB,M,,,,1508,AUG25,0,40,2014,
14231018,"Nazirkulova, Mehribonu",UZB,F,,,,1417,AUG25,0,40,2015,w
14231930,"Nematillakhonov, Nurmuhammad",UZB,M,,,,1990,AUG25,10,40,2016,
14229862,Nematjonov Rakhmonali,UZB,M,,,,1664,AUG25,0,40,2014,
14214806,"Nematjonov, Saidnazar",UZB,M,,,,1420,AUG25,0,40,2010,i
14225522,"Nematjonova, Zarina",UZB,F,,,,1617,AUG25,0,40,2015,w
14216680,"Nematov, Tokhir",UZB,M,CM,,,1967,AUG25,0,40,2011,
14202131,"Nigmatov, Ortik",UZB,M,GM,,,2409,AUG25,0,10,2000,
14206170,"Nishonova, Gulbadan",UZB,F,,,,1669,AUG25,0,20,2001,wi
14218305,"Niyozov, Mukhammadsaid",UZB,M,,,,1577,AUG25,0,20,2004,i
14228980,"Niyozov, Shavkatbek",UZB,M,,,,1839,AUG25,0,20,1979,
14209080,"Nomozova, Holida",UZB,F,,,,1804,AUG25,0,20,2001,wi
14226081,"Norboev, Xoshimjon",UZB,M,,,,AIM,AUG25,1669,0,2009,i
14220954,"Norkulova, Malika",UZB,F,,,,1635,AUG25,0,40,2014,w
14249090,"Normuminov, Uralbek",UZB,M,,,,1807,AUG25,9,40,2010,
14226421,"Normurodov, Ilkhom",UZB,M,,,,1689,AUG25,0,40,2012,
14213699,"Nosirjonov, Nurimuhammadjon",UZB,M,,,,1454,AUG25,0,20,2004,i
14217732,"Nugmonov, Dilshod",UZB,M,,,,1581,AUG25,0,40,2007,i
14216213,"Numanov, Dilshod",UZB,M,,,,1501,AUG25,0,20,2006,i
14211939,"Numonova, Rukhshona",UZB,F,,,,1561,AUG25,0,20,2005,wi
14214849,"Nuriddinov, Shamsiddin",UZB,M,,,,1504,AUG25,0,20,2005,i
14226090,"Nurillaev, Sultonbek",UZB,M,,,,1691,AUG25,0,40,2011,i
14229781,"Nurillaeva, Nilufar",UZB,F,,,,1570,AUG25,0,40,2010,wi
14203820,"Nuritdinov, Nizomiddin",UZB,M,,,,1818,AUG25,0,20,1960,
14235323,"Nuritdinov, Temurbek",UZB,M,,,,1673,AUG25,0,40,2015,
14233118,"Nurmatov, Ayubxon",UZB,M,,,,1559,AUG25,0,40,2009,
14208059,"Nurmatov, Bekzod",UZB,M,,,,1934,AUG25,0,20,1987,i
14210142,"Nurmatova, Kamola",UZB,F,,NA,,1648,AUG25,0,20,2001,wi
14204851,"Nurullaev, Akhmad",UZB,M,,,,1948,AUG25,0,20,2001,i
14216116,"Nurullaev, Shkurullo",UZB,M,,,,1578,AUG25,0,20,1958,i
14227339,"Nurullaeva, Dilnoza",UZB,F,,,,1644,AUG25,0,40,2012,w
14222531,"Obidjonov, Oriyat",UZB,M,CM,,,1993,AUG25,0,40,2013,
14225271,"Obidov, Biloliddin",UZB,M,,,,2119,AUG25,16,40,2012,
14237601,"Obidov, Sarvar",UZB,M,,,,1674,AUG25,0,40,2009,
14207362,"Oblakulova, Ozoda",UZB,F,,,,1672,AUG25,0,20,2004,wi
14218844,"Ochilov, Abdugani",UZB,M,,,,1887,AUG25,0,20,2001,i
14232359,"Ochilov, Lochinbek",UZB,M,,,,1572,AUG25,0,40,2010,
14221985,"Odinaev, Aslon",UZB,M,,,,1534,AUG25,0,20,1949,
14210355,"Ofokov, Abdulboriy",UZB,M,,,,1674,AUG25,0,20,2006,i
14228572,"Ogay, Maksim",UZB,M,,,,1707,AUG25,0,40,2008,
14227711,"Oktamov, Ulugbek",UZB,M,,,,1675,AUG25,0,40,2010,
14232081,"Olimjonov, Muhammadziyo",UZB,M,,,,1680,AUG25,6,40,2014,
14205173,"Olimjonov, Sarvarbek",UZB,M,,,,1926,AUG25,0,20,2001,i
14207460,"Olimjonova, Samirabonu",UZB,F,,,,1549,AUG25,0,20,2005,wi
14210916,"Olimova, Odina",UZB,F,WCM,WCM,,1705,AUG25,0,40,2009,w
14212510,"Olimova, Rukiya",UZB,F,,,,1766,AUG25,0,40,2011,w
14227088,"Ollaberganov, Safarmurod",UZB,M,,NA,,AIM,AUG25,1718,0,2006,
14212552,"Omonov, Asrorjon",UZB,M,FM,,,2371,AUG25,0,20,2009,
14226812,"Omonov, Saidamin",UZB,M,,,,1756,AUG25,0,40,2010,i
14210363,"Omonova, Umida",UZB,F,WIM,WIM,,2259,AUG25,0,20,2006,w
14206978,"Orazmukhammedova, Makhim",UZB,F,,"NI,NA",,1828,AUG25,0,20,2000,w
14231581,"Orifov, Shokhjahon",UZB,M,,,,1576,AUG25,0,40,2008,i
14244500,Orolov Ogabek,UZB,M,,,,1719,AUG25,0,40,2010,
14225808,"Ortikov, Sherali",UZB,M,,,,1920,AUG25,0,40,2010,
14227452,"Ortikova, Mokhlaroyim",UZB,F,,,,1545,AUG25,0,40,2015,w
14222540,"Ortikova, Nozimakhon",UZB,F,,,,1647,AUG25,0,40,2008,wi
14230348,"Orzikulova, Sarvinoz",UZB,F,,,,1461,AUG25,0,40,2009,w
14234238,"Otamirzaev, Bekzod",UZB,M,,,,1444,AUG25,0,20,2006,
14219816,"Oybekov, Otabekjon",UZB,M,,,,1745,AUG25,0,40,2011,
14218739,"Oybekov, Ozodbekjon",UZB,M,,,,1622,AUG25,0,40,2012,
14238101,"Pardabaev, Sulton",UZB,M,,,,1616,AUG25,0,40,2013,
14209039,"Pardabaeva, Zebo",UZB,F,,,,1765,AUG25,0,20,2001,wi
14236230,"Pardaboev, Fayozbek",UZB,M,,,,1463,AUG25,0,40,2014,
14228971,"Pardaev, Javokhir",UZB,M,,,,1573,AUG25,0,40,2013,
14213524,"Primov, Zafar",UZB,M,,,,1834,AUG25,0,20,1973,
14208890,"Pulatov, Azizbek",UZB,M,,,,1701,AUG25,0,20,2004,i
14219921,"Pulatov, Ibrokhim",UZB,M,,,,1480,AUG25,0,40,2011,i
14217279,"Pulatov, Rakhimjon",UZB,M,,,,1766,AUG25,2,20,1947,
14244314,Qarshiyev Asadbek,UZB,M,,,,1681,AUG25,0,40,2008,
14241056,Qoldoshev Khudoyqul,UZB,M,,,,1546,AUG25,0,40,2013,
14242079,Qoshoqov Asadbek,UZB,M,,,,1655,AUG25,0,40,2014,
14211254,"Rabbimova, Dilnura",UZB,F,,,,1760,AUG25,0,20,2006,wi
14204177,"Rahman, Adel",UZB,M,FM,,,2175,AUG25,0,20,1998,i
14214954,"Rahmonov, Ansor",UZB,M,,,,1609,AUG25,0,40,2009,
14211262,"Raimkulov, Khidirdavlat",UZB,M,,,,1710,AUG25,0,20,2005,i
14213320,"Raimov, Elyor",UZB,M,,,,1750,AUG25,0,20,2005,i
14232324,"Rajabov, Abdukhakim",UZB,M,,,,1452,AUG25,0,40,2012,
14230062,"Rajabov, Abdurahmon",UZB,M,,,,1861,AUG25,0,40,2016,
14225778,"Rajabov, Jakhongir",UZB,M,,,,1477,AUG25,0,40,2008,
14225530,"Rajabov, Jasur",UZB,M,,,,1496,AUG25,0,40,2015,
14239965,Rakhimjonov Muhammadislom,UZB,M,,,,1609,AUG25,0,40,2013,
14212684,"Rakhimov, Alisher",UZB,M,,,,1577,AUG25,0,20,1972,i
14238446,"Rakhimov, Umidjon",UZB,M,,,,1746,AUG25,0,20,2000,
14210185,"Rakhmatkoriev, Ibrokhim",UZB,M,,,,1814,AUG25,0,20,2006,
14201364,"Rakhmatulaev, Konstantin",UZB,M,,,,1861,AUG25,0,20,1955,
14205785,"Rakhmatullaev, Akjol",UZB,M,,,,1601,AUG25,0,40,2008,i
14205793,"Rakhmatullaev, Almas",UZB,M,IM,,,2367,AUG25,0,10,2006,
14225298,"Rakhmatullaev, Muhammadsolih",UZB,M,,,,2001,AUG25,0,40,2010,
14208113,"Rakhmatullaev, Rustam",UZB,M,,,,1916,AUG25,0,20,2000,i
14227959,"Rakhmatullaeva, Madina",UZB,F,,,,1552,AUG25,0,40,2010,w
14201372,"Rakhmatullin, Kamil",UZB,M,,,,1985,AUG25,5,20,1967,
14214962,"Rakhmonov, Nazar",UZB,M,,,,1683,AUG25,0,40,2007,
14232677,"Rakhmonov, Oybek",UZB,M,,,,1482,AUG25,0,40,2014,
14244080,Ramazanov Daler,UZB,M,,,,1649,AUG25,0,40,2009,
14211289,"Ramazonov, Muslimbek",UZB,M,,,,AFM,AUG25,1619,0,2002,
14218291,"Rashidov, Samir",UZB,M,,,,1643,AUG25,0,40,2008,i
14218771,"Rashidova, Mubina",UZB,F,,,,1486,AUG25,0,40,2010,wi
14227266,"Rasulev, Imran",UZB,M,,,,1564,AUG25,0,40,2009,i
14237512,"Ravshanov, Elshodbek",UZB,M,,,,1542,AUG25,0,40,2011,
14212170,"Ravshanov, Sheralijon",UZB,M,CM,,,1978,AUG25,7,40,2009,
14212595,"Rayimberdieva, Madina",UZB,F,,,,1480,AUG25,0,20,1999,wi
14238110,"Rayimjonov, Javlonbek",UZB,M,,,,1640,AUG25,0,40,2012,
14239183,"Rizaev, Shokhrukhbek",UZB,M,,,,1456,AUG25,0,40,2011,
14211777,"Rozimbetov, Muzaffar",UZB,M,,,,1746,AUG25,0,20,1980,i
14216744,"Ruslanbekov, Mukhammadbek",UZB,M,,,,1501,AUG25,0,40,2007,i
14201992,"Rustamov, Alisher",UZB,M,FM,,,2094,AUG25,5,20,1966,
14201011,"Rustamov, Asilbek",UZB,M,,,,1871,AUG25,6,20,1967,
14219786,"Rustamov, Bekzod",UZB,M,,,,1838,AUG25,0,40,2009,
14207915,"Rustamov, Kamoliddin",UZB,M,,,,1782,AUG25,0,20,1982,i
14216140,"Rustamov, Khumoyun",UZB,M,,,,1745,AUG25,0,20,2003,
14202077,"Rustamov, Zokir",UZB,M,,,,1943,AUG25,0,20,1982,i
14221110,"Ruzikulov, Shoxruzbek",UZB,M,,,,1406,AUG25,0,40,2014,
14211300,"Ruzikulova, Ozoda",UZB,F,,,,1582,AUG25,0,20,2000,wi
14212528,"Ruzimatova, Afruzabonu",UZB,F,,,,1467,AUG25,0,40,2010,wi
14206803,"Sabirov, Asilbek",UZB,M,,,,2042,AUG25,8,20,2000,
14212374,"Sabirova, Sabina",UZB,F,,,,1535,AUG25,0,20,2006,wi
14202000,"Sabirova, Shakhnoza",UZB,F,,NA,,1836,AUG25,6,20,1992,w
14238241,"Sadikjonov, Muhammad",UZB,M,,,,1575,AUG25,0,40,2007,
14237288,"Sadullaev, Imran",UZB,M,,,,1538,AUG25,0,40,2016,
14237911,"Sadullaev, Orkhan",UZB,M,,,,1550,AUG25,0,40,2017,
14228637,"Safarboeva, Sevinch",UZB,F,,,,1559,AUG25,0,40,2009,w
14231590,"Safarov, Azizbek",UZB,M,,,,1446,AUG25,0,40,2007,
14206811,"Safarov, Doniyor",UZB,M,,,,AFM,AUG25,1835,0,1998,i
14241226,Sagdullaev Akbarshox,UZB,M,,,,1502,AUG25,0,40,2015,
14249456,"Sahobiddinov, Ozodbek",UZB,M,,,,1562,AUG25,6,40,2014,
14215055,"Saidmurodov, Khojiakbar",UZB,M,,,,1503,AUG25,0,20,1999,i
14222060,"Saidov, Sardor",UZB,M,,,,1708,AUG25,0,40,2013,
14215071,"Saidov, Sardorbek",UZB,M,,,,1938,AUG25,0,40,2007,
14222825,"Saidov, Sobirjon",UZB,M,,,,1779,AUG25,0,20,1991,
14201100,"Saidov, Suvonkul",UZB,M,,NA,,2003,AUG25,0,20,1986,
14237792,"Sakhobiddinov, Burkhonbek",UZB,M,,,,1618,AUG25,4,40,2009,
14211874,"Salaev, Aziz",UZB,M,,,,1713,AUG25,0,20,2005,
14211882,"Salaeva, Yasmina",UZB,F,,,,1435,AUG25,0,40,2007,wi
14204940,"Salimova, Asal",UZB,F,WCM,WCM,,1925,AUG25,0,20,2001,w
14230070,"Salohiddinov, Sardor",UZB,M,,,,1591,AUG25,0,40,2013,i
14230089,"Salohiddinov, Sarvar",UZB,M,,,,1542,AUG25,0,40,2015,
14200058,"Saltaev, Mihail",UZB,M,GM,,,2369,AUG25,0,10,1962,i
14205807,"Samandarov, Sherzod",UZB,M,,NA,,1788,AUG25,0,20,2006,i
14218798,"Samatova, Farangiz",UZB,F,,NA,,1578,AUG25,0,40,2008,w
14217112,"Sanetullaev, Almas",UZB,M,,,,1675,AUG25,0,40,2012,
14204380,"Sapaev, Begzod",UZB,M,,NA,,1854,AUG25,0,20,1990,i
14202700,"Sapaev, Maksad",UZB,M,,,,2082,AUG25,0,20,1993,i
14225859,"Saparov, Khumoyun",UZB,M,,,,1435,AUG25,0,40,2010,i
14206986,"Saparova, Sitora",UZB,F,WFM,WFM,,1781,AUG25,0,20,2002,w
14209420,"Sardorova, Robiyakhon",UZB,F,,NA,,AFM,AUG25,1687,0,2003,wi
14236923,"Sarsenbaeva, Aynura",UZB,F,,,,1423,AUG25,0,40,2012,w
14224550,"Sattarov, Azizbek",UZB,M,,,,1491,AUG25,0,40,2008,
14203081,"Sattarov, Bobir",UZB,M,IM,NA,,2368,AUG25,0,10,1995,i
14227100,"Sattarova, Shaxrizoda",UZB,F,,,,1601,AUG25,0,40,2011,w
14211319,"Sattorov, Shakhruz",UZB,M,,,,1782,AUG25,0,20,2004,i
14224402,"Satvaldiyev, Munazzam",UZB,M,,,,1717,AUG25,0,40,2013,
14232375,Savriddinov Abdurahmon,UZB,M,,,,1486,AUG25,0,40,2014,i
14240718,Saxobiddinov Ozodbek,UZB,M,,,,1457,AUG25,0,40,2014,
14207443,"Saydaliev, Akobirkhon",UZB,M,IM,,,2113,AUG25,0,40,2008,
14206439,"Saydaliev, Roostam",UZB,M,,,,1845,AUG25,0,20,1970,i
14203693,"Saydaliev, Saidakbar",UZB,M,IM,,,2361,AUG25,0,20,2001,
14212200,"Saydalieva, Sharofatbegim",UZB,F,,,,1565,AUG25,0,40,2010,wi
14229803,"Saydaminova, Latifa",UZB,F,,,,1437,AUG25,0,40,2013,w
14220059,"Saydullayev, Abbosbek",UZB,M,,,,1489,AUG25,0,40,2007,i
14244543,Sayfiddinov Ulugbek,UZB,M,,,,1606,AUG25,0,40,2010,
14231972,"Sayfiddinov, Khudoyberdi",UZB,M,,,,AIM,AUG25,1679,0,2007,
14224259,"Sayfiev, Temurbek",UZB,M,,,,1677,AUG25,0,20,2000,i
14208520,"Sedov, Sergey",UZB,M,,,,1601,AUG25,0,20,1987,i
14201437,"Semenova, Irina",UZB,F,WGM,WGM,"FT,IA",2246,AUG25,0,20,1990,wi
14236508,"Shakhriddinov, Mukhammadjon",UZB,M,,,,1543,AUG25,0,40,2010,
14215861,"Shakhzodova, Ozoda",UZB,F,,,,1821,AUG25,0,20,2006,w
14211840,"Shamsuddin, Sayyid Usmon",UZB,M,,,,AIM,AUG25,2123,0,2009,
14222582,"Shamuradov, Rustam",UZB,M,,,,1465,AUG25,0,20,1981,i
14222590,"Shamuradov, Said",UZB,M,,,,1513,AUG25,0,40,2011,i
14234424,"Shapokhatova, Robiyakhon",UZB,F,,,,1453,AUG25,0,40,2015,w
14244160,Sharifboyev Rozmatjon,UZB,M,,,,1651,AUG25,0,40,2012,
14207427,"Sharifjonov, Abdulbosit",UZB,M,,,,1722,AUG25,0,40,2008,i
14212358,"Sharipov, Davron",UZB,M,FM,,,2195,AUG25,0,20,2005,
14236516,"Sharipov, Pulat",UZB,M,,,,1427,AUG25,0,40,2010,
14211335,"Sharipov, Shakhriyor",UZB,M,,,,1788,AUG25,0,20,2006,i
14204193,"Shavdirov, Jahongir",UZB,M,,,,1980,AUG25,0,20,1999,i
14204207,"Shavdirov, Jamol",UZB,M,,,,1781,AUG25,0,20,2003,i
14243857,Shavkatov Elnur,UZB,M,,,,1526,AUG25,0,40,2011,
14229250,"Shavkatov, Asadbek",UZB,M,,,,1459,AUG25,0,40,2015,
14227126,"Shavkatov, Lazizbek",UZB,M,,,,1810,AUG25,0,40,2014,
14236192,"Shavkatov, Muhammadsaid",UZB,M,,,,1424,AUG25,0,40,2017,i
14219204,"Shavkatov, Ozodbek",UZB,M,,,,1533,AUG25,0,40,2010,i
14227754,"Shavkatov, Temur",UZB,M,,,,AIM,AUG25,1958,0,2012,
14231980,"Shaymardanova, Charos",UZB,F,,,,1486,AUG25,0,40,2010,w
14211343,"Shayusupov, Marsel",UZB,M,,,,1775,AUG25,0,20,2006,i
14207788,"Shemin, Vadim",UZB,M,,,,2014,AUG25,0,20,1970,i
14203863,"Sherdanov, Chori",UZB,M,,,,1929,AUG25,0,20,1969,i
14205602,"Shermuhammadov, Samandar",UZB,M,FM,NA,,2125,AUG25,9,20,2004,
14207010,"Shermuhammadova, Shahzoda",UZB,F,,,,1713,AUG25,0,20,2000,wi
14215179,"Shernazarov, Temur",UZB,M,,,,AIM,AUG25,1886,0,2002,
14209438,"Shodiev, Javokhir",UZB,M,,,,1849,AUG25,0,20,2000,i
14201216,"Shodikulov, Djamshid",UZB,M,CM,,,1964,AUG25,0,20,1990,i
14235633,"Shodikulov, Firdavs",UZB,M,,,,1507,AUG25,0,40,2012,
14218135,"Shodiyarov, Shamshodbek",UZB,M,,,,1671,AUG25,0,20,2006,i
14220067,"Shodiyev, Sanjar",UZB,M,,,,1646,AUG25,0,20,2006,i
14205300,"Shokir, Usmon",UZB,M,,,,1816,AUG25,0,20,2000,i
14212307,"Shokirjonova, Barchinoy",UZB,F,WFM,WFM,,1785,AUG25,0,40,2007,w
14211602,"Shokirov, Lutfullo",UZB,M,,,,1530,AUG25,4,20,1947,
14202298,"Shokirova, Mukkadam",UZB,F,,,,1693,AUG25,0,20,1964,w
14239213,"Shomirzaev, Davronbek",UZB,M,,,,1470,AUG25,0,40,2014,
14219956,"Shomurodova, Raykhona",UZB,F,,,,1712,AUG25,0,40,2009,w
14226626,"Shoniyozov, Azamat",UZB,M,,,,1619,AUG25,0,20,2003,
14237806,"Shoxobiddinov, Sirojiddin",UZB,M,,,,1499,AUG25,5,40,1994,
14223473,"Shukirev, Hasan",UZB,M,,NA,,1588,AUG25,0,20,2005,i
14225565,"Shukurov, Khasan",UZB,M,,,,1555,AUG25,0,20,2005,i
14230143,"Shukurov, Otabek",UZB,M,,,,1473,AUG25,0,40,2015,
14233177,"Shukurov, Umarjon",UZB,M,,,,1450,AUG25,0,40,2013,i
14204959,"Shvanov, Georgiy",UZB,M,,,,2055,AUG25,0,20,1999,i
14221225,"Siddikov, Saidislombek",UZB,M,,,,1652,AUG25,0,40,2010,
14229854,"Sidikov, Shohjahon",UZB,M,,,,1765,AUG25,0,40,2016,
14213567,"Sindarov, Bekhruz",UZB,M,,,,1646,AUG25,0,40,2010,i
14213575,"Sindarov, Feruz",UZB,M,,,,1764,AUG25,0,40,2008,
14205475,"Sindarov, Islombek",UZB,M,CM,NA,,2115,AUG25,0,40,2007,
14205483,"Sindarov, Javokhir",UZB,M,GM,,,2632,AUG25,0,10,2005,
14207451,"Sindarov, Khumoyun",UZB,M,,,,1913,AUG25,0,40,2009,i
14212668,"Slapoguzova, Oksana",UZB,F,,,,1884,AUG25,0,20,2004,wi
14221233,"Sobirjonov, Bunyod",UZB,M,,,,1622,AUG25,0,40,2012,
14225867,"Sobirov, Afruzbek",UZB,M,,,,1745,AUG25,0,40,2012,
14227762,"Sobirov, Feruzbek",UZB,M,,,,1550,AUG25,0,40,2012,i
14227770,"Sobirova, Mumtozbegim",UZB,F,,,,1482,AUG25,0,40,2015,w
14225875,"Sobirova, Shirina",UZB,F,,,,1437,AUG25,0,40,2011,wi
14229455,"Sobirova, Shukrona",UZB,M,,,,1618,AUG25,0,40,2013,
14216841,"Sobitjonov, Azamjon",UZB,M,,,,1653,AUG25,0,20,2006,i
14209446,"Solijonov, Bekhzod",UZB,M,,,,2161,AUG25,0,20,2000,i
14223945,"Sukhrobov, Alisher",UZB,M,,,,1492,AUG25,0,40,2010,i
14227789,"Sukhropov, Alisher",UZB,M,,,,1531,AUG25,0,40,2010,
14212102,"Sulaymonov, Elbek",UZB,M,,,,1732,AUG25,0,20,2004,i
14224267,"Sulaymonov, Oqil",UZB,M,,,,1754,AUG25,0,20,2004,
14209454,"Sulaymonov, Rakhmonkul",UZB,M,,NA,,1836,AUG25,0,20,2002,
14228688,"Suleymanov, Temur",UZB,M,,,,1621,AUG25,0,40,2013,
14201259,"Sultanov, Izzatilla",UZB,M,,,,2051,AUG25,0,20,1992,i
14202727,"Sultanov, Jamshid",UZB,M,,,,2065,AUG25,0,20,1988,i
14209527,"Sunnatov,Mirfayz",UZB,M,,NA,,1995,AUG25,0,20,2005,
14210495,"Suyarov, Mukhammadzokhid",UZB,M,IM,,,2482,AUG25,0,10,2009,
14218267,"Tagaymuradov, Farruh",UZB,M,,,,1659,AUG25,0,20,1976,i
14213389,"Tangirov, Saidbek",UZB,M,,,,1732,AUG25,0,20,2006,i
14202743,"Tashbulov, Normamat",UZB,M,,,,1889,AUG25,0,20,1954,i
14202182,"Tashpulatova, Sevara",UZB,F,WIM,WIM,,2146,AUG25,0,20,1990,wi
14230909,"Tavadov, Albert",UZB,M,,,,1786,AUG25,0,20,1987,
14202441,"Tillyaev, Ulugbek",UZB,M,IM,NA,,2283,AUG25,0,20,1993,
14201305,"Tiukaev, Ilgiz",UZB,M,,,,2245,AUG25,11,20,1988,
14202247,"Tohirjonova, Hulkar",UZB,F,WFM,WFM,"FI,NA",2104,AUG25,0,20,1991,wi
14209462,"Tojiboev, Shokhamir",UZB,M,,,,1903,AUG25,0,20,2002,
14237237,"Tojiev, Jamshid",UZB,M,,,,1443,AUG25,0,40,2010,i
14231093,"Tokhirjonov, Usmonkhon",UZB,M,,,,1444,AUG25,0,40,2011,
14203626,"Tokhirjonova, Gulrukhbegim",UZB,F,IM,WGM,,2109,AUG25,0,20,1999,w
14235374,"Tokhirov, Saidamir",UZB,M,,,,1427,AUG25,0,40,2015,
14213400,"Toraev, Begench",UZB,M,,,,1803,AUG25,0,20,2004,i
14242729,Torayev Tojiddin,UZB,M,,,,1583,AUG25,0,40,2012,
14217872,"Toshboev, Diyorbek",UZB,M,,,,1712,AUG25,0,40,2007,i
14213419,"Toshhonov, Sarvar",UZB,M,,,,1532,AUG25,0,40,2007,i
14228017,"Toshmatov, Javokhir",UZB,M,,,,1552,AUG25,0,40,2009,i
14233134,"Toshpulatova, Zarinabonu",UZB,M,,,,1563,AUG25,6,40,2010,
14223236,"Tsoin, Mikhail",UZB,M,,,,1644,AUG25,0,20,1958,i
14212323,"Turaboeva, Ozoda",UZB,F,,,,1492,AUG25,0,40,2008,wi
14203103,"Turaev, Abdikarim",UZB,M,,,,1999,AUG25,0,20,1973,i
14212404,"Turaev, Elbek",UZB,M,,,,1710,AUG25,0,20,2004,i
14201399,"Turaev, Halim",UZB,M,FM,,,2001,AUG25,0,20,1952,
14238705,"Turaev, Mirkomil",UZB,M,,,,1626,AUG25,0,40,2012,
14230917,"Turakhanov, Bekzod",UZB,M,,,,1618,AUG25,0,40,2008,
14234092,"Turapov, Sardorjon",UZB,M,,,,1525,AUG25,0,40,2018,
14203251,"Turdialiev, Husan",UZB,M,,,,1938,AUG25,0,20,1956,i
14212420,"Turdimurodova, Dildora",UZB,F,,,,1538,AUG25,0,20,2004,wi
14226634,"Turgunboev, Sardor",UZB,M,,,,1663,AUG25,0,40,2009,
14243776,Turkmenbaev Azim,UZB,M,,,,1753,AUG25,0,40,2007,
14233525,"Tursunboeva, Dilnura",UZB,F,,,,1527,AUG25,0,40,2014,w
14224283,"Tursunov, Bakhodir",UZB,M,,,,1668,AUG25,0,20,1995,
14218240,"Tursunov, Sayidafzal",UZB,M,,,,1460,AUG25,0,40,2008,i
14207419,"Tursunov, Sulton",UZB,M,,,,1714,AUG25,0,40,2007,i
14209586,"Tursunova, Aziza",UZB,F,,,,1804,AUG25,0,20,2003,wi
14204070,"Tursunova, Shakhnoza",UZB,F,,,,1942,AUG25,0,20,1997,wi
14215411,"Tuychiev, Shoxrux",UZB,M,,,,1528,AUG25,0,40,2010,
14207796,"Tuychiev, Xondamir",UZB,M,,,,1722,AUG25,0,20,2006,i
14212234,"Tuychieva, Munisa",UZB,F,,,,1479,AUG25,0,40,2010,w
14219735,"Ubaydullaev, Mukhammadiso",UZB,M,,,,1942,AUG25,0,40,2011,
14215438,"Uktamov, Djaxongir",UZB,M,,,,1547,AUG25,0,40,2009,i
14238713,"Uktamov, Elyorbek",UZB,M,,,,1444,AUG25,0,40,2017,
14223490,"Uktamov, Khayriddin",UZB,M,,,,1647,AUG25,0,40,2009,i
14233886,"Ulugbekov, Abubakr",UZB,M,,,,1442,AUG25,0,40,2010,i
14232308,"Umaraliev, Sardor",UZB,M,,,,1408,AUG25,0,40,2011,
14217937,"Umarov, Bekhruz",UZB,M,,,,1884,AUG25,0,40,2007,
14223970,"Umarov, Mukhammadrizo",UZB,M,,,,1973,AUG25,8,20,2005,
14202778,"Umarov, Rabbim",UZB,M,,,,2000,AUG25,0,20,1957,i
14210550,"Umarov, Temur",UZB,M,,,,1765,AUG25,0,20,1997,i
14209160,"Umarov,Javlonbek",UZB,M,,,,2067,AUG25,0,20,1994,i
14213443,"Umirbaev, Mirzakhmet",UZB,M,,,,1777,AUG25,0,20,2001,i
14215470,"Umirov, Uchkun",UZB,M,,NA,,1912,AUG25,0,20,2001,
14215918,"Umurzakov, Alisher",UZB,M,,,,1764,AUG25,0,40,2010,i
14209853,"Urmonov, Davron",UZB,M,,,,1701,AUG25,0,20,2004,i
14243520,Urunbaev Azizjon,UZB,M,,,,1501,AUG25,0,40,2011,
14225344,"Useinov, Lenur",UZB,M,,,,1441,AUG25,0,40,2009,
14233240,"Usmanov, Saidalo",UZB,M,,,,1430,AUG25,0,40,2013,i
14229293,"Usmonov, Mukhammadjon",UZB,M,,,,1644,AUG25,0,40,2012,i
14210738,"Usmonov, Rofikjon",UZB,M,,,,1663,AUG25,0,40,2009,i
14211378,"Usmonov, Shokhjakhon",UZB,M,,,,1802,AUG25,0,20,2005,i
14204096,"Usmonova, Zebo",UZB,F,,,,1731,AUG25,0,20,2002,wi
14237571,"Uzakbaeva, Gulnaz",UZB,F,,,,1574,AUG25,0,40,2009,w
14236214,"Uzokova, Kumushoy",UZB,F,,,,1466,AUG25,0,40,2017,w
14201429,"Vahidov, Manuchehr",UZB,M,,FA,,2085,AUG25,0,20,1988,i
14200155,"Vahidov, Tair",UZB,M,GM,,,2410,AUG25,0,10,1963,i
14205262,"Vakhidov, Daler",UZB,M,FM,,,2186,AUG25,0,20,2002,
14201801,"Vakhidov, Jakhongir",UZB,M,GM,,,2554,AUG25,0,10,1995,
14202786,"Vakhidov, Nodir",UZB,M,,,,2173,AUG25,0,20,1993,
14204649,"Vakhidov, Parviz",UZB,M,,FA,,1959,AUG25,0,20,1990,
14205270,"Vakhidov, Shahzod",UZB,M,FM,FA,,2212,AUG25,0,20,2000,i
14210002,"Valiev, Azizbek",UZB,M,,,,1621,AUG25,0,20,2004,i
14230194,"Valiev, Ibrokhim",UZB,M,,,,ACM,AUG25,1490,0,2012,
14230208,"Valiev, Islom",UZB,M,,,,1469,AUG25,0,40,2015,i
14210401,"Valieva, Nozima",UZB,F,,,,1542,AUG25,0,40,2009,wi
14205386,"Vasbutdinov, Ravil",UZB,M,,,,1885,AUG25,7,20,1983,
14236117,"Vayitov, Afruzbek",UZB,M,,,,1582,AUG25,0,40,2016,
14203677,"Verbova, Elena",UZB,F,WFM,WFM,,1972,AUG25,0,20,1995,wi
14204088,"Verbova, Polina",UZB,F,,,,1926,AUG25,0,20,1995,wi
14201070,"Vladimirov, Vladimir",UZB,M,,,,1801,AUG25,0,20,1950,
14217171,"Vokhidov, Saidkhuja",UZB,M,,,,1552,AUG25,0,40,2011,
14204223,"Vokhidov, Shamsiddin",UZB,M,GM,,,2578,AUG25,0,10,2002,
14201615,"Xalmatov, Yakubjon",UZB,M,CM,NA,,2107,AUG25,0,20,1987,i
14227215,"Xaydarov, Asilbek",UZB,M,,,,1563,AUG25,0,40,2007,
14218704,"Xikmatkhonova, Mokhinur",UZB,F,,,,1668,AUG25,0,40,2012,w
14244551,Xolliyeva Nozima,UZB,F,,,,1560,AUG25,0,40,2011,w
14235900,"Xolmuminov, Muhammadali",UZB,M,,,,1522,AUG25,0,20,2001,i
14235196,"Xudoyberdieva, Nigina",UZB,M,,,,1461,AUG25,0,40,2016,
14233231,"Xudoyberganov, Anvarjon",UZB,M,,,,1564,AUG25,0,40,2011,
14228955,"Xudoyberganova, Dilyora",UZB,F,,,,1486,AUG25,0,40,2015,w
14229463,"Xusanov, Islombek",UZB,M,,,,1959,AUG25,0,40,2014,
14233584,"Yafarov, Aleksandr",UZB,M,,,,1467,AUG25,0,40,2015,
14236710,"Yakhyaev, Kamron",UZB,M,,,,1613,AUG25,0,40,2016,
14204487,"Yakubbaeva, Nilufar",UZB,F,WGM,WGM,,2149,AUG25,0,20,2000,w
14221322,"Yakubboev, Akbar",UZB,M,,,,1948,AUG25,0,40,2010,
14203987,"Yakubboev, Nodirbek",UZB,M,GM,,,2564,AUG25,0,10,2002,
14232855,"Yakubov, Davron",UZB,M,,,,1452,AUG25,0,40,2009,i
14235935,"Yakubov, Shukhrat",UZB,M,,,,1717,AUG25,0,20,1983,i
14230801,"Yalgashov, Ziyodullo",UZB,M,,,,1441,AUG25,0,40,2015,
14232316,"Yugay, Denis",UZB,M,,,,1471,AUG25,0,40,2012,i
14219492,"Yulchiev, Mirkomil",UZB,M,,,,1543,AUG25,0,40,2007,i
14229595,"Yuldashboev, Shohjahon",UZB,M,,,,1528,AUG25,0,40,2009,i
14244020,Yuldashev Sardorbek,UZB,M,,,,1512,AUG25,0,40,2011,
14223988,"Yuldashev, Akrom",UZB,M,,,,1602,AUG25,0,40,2014,
14223384,"Yuldashev, Dilshod",UZB,M,,,,1552,AUG25,0,40,2008,i
14205319,"Yuldashev, Karim",UZB,M,,NA,,1842,AUG25,0,20,1995,i
14232006,"Yuldashev, Khudoyor",UZB,M,,,,1548,AUG25,0,40,2011,i
14238160,"Yuldashev, Shakhriyor",UZB,M,,,,1532,AUG25,0,40,2011,
14218496,"Yuldashev, Sherzod",UZB,M,,,,1461,AUG25,0,20,2006,i
14222620,"Yuldashev, Ulugbek",UZB,M,,,,1415,AUG25,0,40,2011,i
14212331,"Yuldasheva, Gulrukhbegim",UZB,F,,,,1553,AUG25,0,40,2008,wi
14218321,"Yuldasheva, Sabina",UZB,F,,,,1679,AUG25,0,40,2008,wi
14237580,"Yuldashov, Doniyorbek",UZB,M,,,,1665,AUG25,0,40,2011,
14226375,"Yuldoshboeva, Odina",UZB,F,,,,1578,AUG25,0,40,2009,w
14234378,"Yuldoshev, Jakhongir",UZB,M,,,,1491,AUG25,0,40,2009,
14207281,"Yuldoshev, Mekhriddin",UZB,M,,,,1877,AUG25,0,20,2003,
14222264,"Yuldoshev, Shohjahon",UZB,M,,,,1783,AUG25,0,40,2007,i
14227495,"Yun, Maksim",UZB,M,,,,AFM,AUG25,1613,0,2014,
14211386,"Yunusov, Akhadbek",UZB,M,,NA,,1807,AUG25,0,20,2004,i
14210878,"Yunusov, Laziz",UZB,M,,,,1663,AUG25,0,20,1986,i
14243067,Yusupov Afruz,UZB,M,,,,1428,AUG25,0,40,2017,
14201747,"Yusupov, Sarvar",UZB,M,,NA,,2038,AUG25,0,20,1989,i
14200040,"Zagrebelny, Sergey",UZB,M,GM,,,2465,AUG25,0,10,1965,i
14222310,"Zaripboeva, Feruza",UZB,F,,,,1645,AUG25,0,40,2008,w
14236958,"Zaylobiddinova, Sevinchxon",UZB,F,,,,1418,AUG25,0,40,2016,w
14226138,"Zayniddinov, Abduraxmon",UZB,M,,,,1460,AUG25,0,40,2013,i
14204983,"Zayniddinova, Sabokhat",UZB,F,,"NI,FA",,1827,AUG25,0,20,1991,wi
14201828,"Zaynidinov, Sirojiddin",UZB,M,FM,NI,,2023,AUG25,0,20,1990,i
14227223,"Zeynalov, Oktay",UZB,M,,,,1553,AUG25,0,40,2010,
14223805,"Zikirilloev, Aziz",UZB,M,,,,1559,AUG25,0,40,2013,i
14230216,"Ziyadullaev, Islom",UZB,M,,,,1550,AUG25,0,40,2013,
14234360,"Ziyarbekov, Olimbek",UZB,M,,,,1443,AUG25,0,40,2013,i
14240246,Zokirjonov Kamron,UZB,M,,,,1514,AUG25,0,40,2013,
14223503,"Zokirjonov, Kamron",UZB,M,,,,1520,AUG25,0,40,2008,i
14218852,"Zokirov, Elbek",UZB,M,,,,2086,AUG25,0,20,2000,i
14228050,"Zokirova, Bagrigul",UZB,F,,,,1412,AUG25,0,40,2009,w
14210010,"Zoyitjonov, Zafar",UZB,M,,,,1678,AUG25,0,40,2007,i
14235315,"Zubaydilloev, Muhammad",UZB,M,,,,1624,AUG25,0,40,2015,