[
  {
    "ID Number": "4500474"
  },
  {
    "ID Number": "4500210"
  },
  {
    "ID Number": "4500938"
  },
  {
    "ID Number": "4505603"
  },
  {
    "ID Number": "4501527"
  },
  {
    "ID Number": "4502639"
  },
  {
    "ID Number": "4502558"
  },
  {
    "ID Number": "4521153"
  },
  {
    "ID Number": "4507045"
  },
  {
    "ID Number": "4502450"
  },
  {
    "ID Number": "4511182"
  },
  {
    "ID Number": "4525531"
  },
  {
    "ID Number": "4505875"
  },
  {
    "ID Number": "4525795"
  },
  {
    "ID Number": "4514017"
  },
  {
    "ID Number": "4514769"
  },
  {
    "ID Number": "4504631"
  },
  {
    "ID Number": "4506111"
  },
  {
    "ID Number": "4508513"
  },
  {
    "ID Number": "4500571"
  },
  {
    "ID Number": "4192478"
  },
  {
    "ID Number": "4515331"
  },
  {
    "ID Number": "4505069"
  },
  {
    "ID Number": "4502353"
  },
  {
    "ID Number": "4517628"
  },
  {
    "ID Number": "4510615"
  },
  {
    "ID Number": "4501284"
  },
  {
    "ID Number": "4506456"
  },
  {
    "ID Number": "4506863"
  },
  {
    "ID Number": "4506014"
  },
  {
    "ID Number": "4504135"
  },
  {
    "ID Number": "4513282"
  },
  {
    "ID Number": "4508190"
  },
  {
    "ID Number": "4506464"
  },
  {
    "ID Number": "4500857"
  },
  {
    "ID Number": "4503015"
  },
  {
    "ID Number": "34105708"
  },
  {
    "ID Number": "4506910"
  },
  {
    "ID Number": "4501098"
  },
  {
    "ID Number": "4510984"
  },
  {
    "ID Number": "4508599"
  },
  {
    "ID Number": "4509790"
  },
  {
    "ID Number": "4513347"
  },
  {
    "ID Number": "4519078"
  },
  {
    "ID Number": "4500318"
  },
  {
    "ID Number": "4503023"
  },
  {
    "ID Number": "4525612"
  },
  {
    "ID Number": "4525620"
  },
  {
    "ID Number": "4501012"
  },
  {
    "ID Number": "4504356"
  },
  {
    "ID Number": "4515617"
  },
  {
    "ID Number": "4511573"
  },
  {
    "ID Number": "4502540"
  },
  {
    "ID Number": "4519302"
  },
  {
    "ID Number": "4501829"
  },
  {
    "ID Number": "4510364"
  },
  {
    "ID Number": "4512642"
  },
  {
    "ID Number": "4511360"
  },
  {
    "ID Number": "4513959"
  },
  {
    "ID Number": "4501250"
  },
  {
    "ID Number": "4502469"
  },
  {
    "ID Number": "4516710"
  },
  {
    "ID Number": "4512650"
  },
  {
    "ID Number": "4511646"
  },
  {
    "ID Number": "4509544"
  },
  {
    "ID Number": "4501730"
  },
  {
    "ID Number": "4511581"
  },
  {
    "ID Number": "34400591"
  },
  {
    "ID Number": "4501233"
  },
  {
    "ID Number": "4500156"
  },
  {
    "ID Number": "4501500"
  },
  {
    "ID Number": "4500741"
  },
  {
    "ID Number": "4109821"
  },
  {
    "ID Number": "4507142"
  },
  {
    "ID Number": "4504950"
  },
  {
    "ID Number": "4501322"
  },
  {
    "ID Number": "4512375"
  },
  {
    "ID Number": "4519906"
  },
  {
    "ID Number": "4500865"
  },
  {
    "ID Number": "4501357"
  },
  {
    "ID Number": "4516214"
  },
  {
    "ID Number": "4511450"
  },
  {
    "ID Number": "4514696"
  },
  {
    "ID Number": "4509552"
  },
  {
    "ID Number": "4521307"
  },
  {
    "ID Number": "4517741"
  },
  {
    "ID Number": "4503600"
  },
  {
    "ID Number": "4512286"
  },
  {
    "ID Number": "4502973"
  },
  {
    "ID Number": "4501764"
  },
  {
    "ID Number": "4514114"
  },
  {
    "ID Number": "4506774"
  },
  {
    "ID Number": "4514165"
  },
  {
    "ID Number": "4505620"
  },
  {
    "ID Number": "4501330"
  },
  {
    "ID Number": "4501560"
  },
  {
    "ID Number": "4509404"
  },
  {
    "ID Number": "4500962"
  },
  {
    "ID Number": "4504780"
  },
  {
    "ID Number": "4509374"
  },
  {
    "ID Number": "4502396"
  },
  {
    "ID Number": "4500970"
  },
  {
    "ID Number": "4503627"
  },
  {
    "ID Number": "4519230"
  },
  {
    "ID Number": "4501624"
  },
  {
    "ID Number": "4511590"
  },
  {
    "ID Number": "4520084"
  },
  {
    "ID Number": "4502612"
  },
  {
    "ID Number": "4509021"
  },
  {
    "ID Number": "4506480"
  },
  {
    "ID Number": "4500660"
  },
  {
    "ID Number": "4519922"
  },
  {
    "ID Number": "4500911"
  },
  {
    "ID Number": "4501969"
  },
  {
    "ID Number": "4524225"
  },
  {
    "ID Number": "4502078"
  },
  {
    "ID Number": "4508602"
  },
  {
    "ID Number": "4509412"
  },
  {
    "ID Number": "4516869"
  },
  {
    "ID Number": "4504100"
  },
  {
    "ID Number": "4525477"
  },
  {
    "ID Number": "4511689"
  },
  {
    "ID Number": "4516222"
  },
  {
    "ID Number": "4514459"
  },
  {
    "ID Number": "4518241"
  },
  {
    "ID Number": "4505743"
  },
  {
    "ID Number": "4148053"
  },
  {
    "ID Number": "4510402"
  },
  {
    "ID Number": "4507347"
  },
  {
    "ID Number": "4515099"
  },
  {
    "ID Number": "4505280"
  },
  {
    "ID Number": "4501047"
  },
  {
    "ID Number": "4501691"
  },
  {
    "ID Number": "4507932"
  },
  {
    "ID Number": "4500482"
  },
  {
    "ID Number": "4500822"
  },
  {
    "ID Number": "4518217"
  },
  {
    "ID Number": "4502434"
  },
  {
    "ID Number": "4500881"
  },
  {
    "ID Number": "4504690"
  },
  {
    "ID Number": "4512294"
  },
  {
    "ID Number": "4509528"
  },
  {
    "ID Number": "4510763"
  },
  {
    "ID Number": "4501128"
  },
  {
    "ID Number": "4518322"
  },
  {
    "ID Number": "4502663"
  },
  {
    "ID Number": "4502221"
  },
  {
    "ID Number": "4504143"
  },
  {
    "ID Number": "4508610"
  },
  {
    "ID Number": "4501225"
  },
  {
    "ID Number": "4503465"
  },
  {
    "ID Number": "4517601"
  },
  {
    "ID Number": "4526600"
  },
  {
    "ID Number": "4527615"
  },
  {
    "ID Number": "4509420"
  },
  {
    "ID Number": "4500075"
  },
  {
    "ID Number": "4518080"
  },
  {
    "ID Number": "4517393"
  },
  {
    "ID Number": "4510976"
  },
  {
    "ID Number": "4522010"
  },
  {
    "ID Number": "4509439"
  },
  {
    "ID Number": "4500385"
  },
  {
    "ID Number": "4518250"
  },
  {
    "ID Number": "4510674"
  },
  {
    "ID Number": "4508572"
  },
  {
    "ID Number": "4508955"
  },
  {
    "ID Number": "4501535"
  },
  {
    "ID Number": "4500806"
  },
  {
    "ID Number": "4509080"
  },
  {
    "ID Number": "4506413"
  },
  {
    "ID Number": "4503384"
  },
  {
    "ID Number": "4500644"
  },
  {
    "ID Number": "4509595"
  },
  {
    "ID Number": "4500130"
  },
  {
    "ID Number": "4500725"
  },
  {
    "ID Number": "4502310"
  },
  {
    "ID Number": "4522028"
  },
  {
    "ID Number": "4503511"
  },
  {
    "ID Number": "4501055"
  },
  {
    "ID Number": "4504437"
  },
  {
    "ID Number": "4507525"
  },
  {
    "ID Number": "4500814"
  },
  {
    "ID Number": "4501756"
  },
  {
    "ID Number": "4508378"
  },
  {
    "ID Number": "4515021"
  },
  {
    "ID Number": "4509870"
  },
  {
    "ID Number": "4501039"
  },
  {
    "ID Number": "4501101"
  },
  {
    "ID Number": "4521250"
  },
  {
    "ID Number": "4501810"
  },
  {
    "ID Number": "4503317"
  },
  {
    "ID Number": "4502094"
  },
  {
    "ID Number": "4522303"
  },
  {
    "ID Number": "4500261"
  },
  {
    "ID Number": "4506537"
  },
  {
    "ID Number": "4501896"
  },
  {
    "ID Number": "4510151"
  },
  {
    "ID Number": "4502426"
  },
  {
    "ID Number": "4501675"
  },
  {
    "ID Number": "4502051"
  },
  {
    "ID Number": "4521790"
  },
  {
    "ID Number": "4512308"
  },
  {
    "ID Number": "4505794"
  },
  {
    "ID Number": "4500997"
  },
  {
    "ID Number": "4506421"
  },
  {
    "ID Number": "4524721"
  },
  {
    "ID Number": "4505670"
  },
  {
    "ID Number": "4512278"
  },
  {
    "ID Number": "4500024"
  },
  {
    "ID Number": "4500164"
  },
  {
    "ID Number": "4518691"
  },
  {
    "ID Number": "4506375"
  },
  {
    "ID Number": "4511077"
  },
  {
    "ID Number": "4511638"
  },
  {
    "ID Number": "4510054"
  },
  {
    "ID Number": "4502299"
  },
  {
    "ID Number": "4506065"
  },
  {
    "ID Number": "4500334"
  },
  {
    "ID Number": "4509854"
  },
  {
    "ID Number": "4509099"
  },
  {
    "ID Number": "4510577"
  },
  {
    "ID Number": "4510640"
  },
  {
    "ID Number": "4501080"
  },
  {
    "ID Number": "4520840"
  },
  {
    "ID Number": "4515145"
  },
  {
    "ID Number": "4500873"
  },
  {
    "ID Number": "4510208"
  },
  {
    "ID Number": "4507533"
  },
  {
    "ID Number": "4508548"
  },
  {
    "ID Number": "4503090"
  },
  {
    "ID Number": "4509242"
  },
  {
    "ID Number": "4505727"
  },
  {
    "ID Number": "4504666"
  },
  {
    "ID Number": "4500300"
  },
  {
    "ID Number": "4519744"
  },
  {
    "ID Number": "4501241"
  },
  {
    "ID Number": "4515471"
  },
  {
    "ID Number": "4504526"
  },
  {
    "ID Number": "4504224"
  },
  {
    "ID Number": "4506545"
  },
  {
    "ID Number": "4516940"
  },
  {
    "ID Number": "4500245"
  },
  {
    "ID Number": "4500679"
  },
  {
    "ID Number": "4507878"
  },
  {
    "ID Number": "4507541"
  },
  {
    "ID Number": "4511344"
  },
  {
    "ID Number": "4503295"
  },
  {
    "ID Number": "4511239"
  },
  {
    "ID Number": "4510321"
  },
  {
    "ID Number": "4504178"
  },
  {
    "ID Number": "4508858"
  },
  {
    "ID Number": "4520092"
  },
  {
    "ID Number": "4519361"
  },
  {
    "ID Number": "4500296"
  },
  {
    "ID Number": "4507088"
  },
  {
    "ID Number": "4502124"
  },
  {
    "ID Number": "4502329"
  },
  {
    "ID Number": "4503112"
  },
  {
    "ID Number": "4520866"
  },
  {
    "ID Number": "4510348"
  },
  {
    "ID Number": "4506294"
  },
  {
    "ID Number": "4509463"
  },
  {
    "ID Number": "4501870"
  },
  {
    "ID Number": "4503260"
  },
  {
    "ID Number": "4508831"
  },
  {
    "ID Number": "4522540"
  },
  {
    "ID Number": "4512421"
  },
  {
    "ID Number": "4502302"
  },
  {
    "ID Number": "4510470"
  },
  {
    "ID Number": "4510607"
  },
  {
    "ID Number": "4509633"
  },
  {
    "ID Number": "4500431"
  },
  {
    "ID Number": "4501497"
  },
  {
    "ID Number": "4506308"
  },
  {
    "ID Number": "4508580"
  },
  {
    "ID Number": "4503066"
  },
  {
    "ID Number": "4502272"
  },
  {
    "ID Number": "4519469"
  },
  {
    "ID Number": "4501934"
  },
  {
    "ID Number": "4519256"
  },
  {
    "ID Number": "4500830"
  },
  {
    "ID Number": "4507185"
  },
  {
    "ID Number": "4504259"
  },
  {
    "ID Number": "4506553"
  },
  {
    "ID Number": "4501187"
  },
  {
    "ID Number": "4502477"
  },
  {
    "ID Number": "4501365"
  },
  {
    "ID Number": "4500148"
  },
  {
    "ID Number": "4508866"
  },
  {
    "ID Number": "4500512"
  },
  {
    "ID Number": "4503767"
  },
  {
    "ID Number": "4500237"
  },
  {
    "ID Number": "4502680"
  },
  {
    "ID Number": "4504747"
  },
  {
    "ID Number": "4507568"
  },
  {
    "ID Number": "4506944"
  },
  {
    "ID Number": "4500580"
  },
  {
    "ID Number": "4500059"
  },
  {
    "ID Number": "4500695"
  },
  {
    "ID Number": "4500350"
  },
  {
    "ID Number": "4502345"
  },
  {
    "ID Number": "4517644"
  },
  {
    "ID Number": "4509889"
  },
  {
    "ID Number": "4502698"
  },
  {
    "ID Number": "4500652"
  },
  {
    "ID Number": "4504240"
  },
  {
    "ID Number": "4513576"
  },
  {
    "ID Number": "4505549"
  },
  {
    "ID Number": "4514815"
  },
  {
    "ID Number": "4503104"
  },
  {
    "ID Number": "4500504"
  },
  {
    "ID Number": "4505760"
  },
  {
    "ID Number": "4503082"
  },
  {
    "ID Number": "4504445"
  },
  {
    "ID Number": "4502442"
  },
  {
    "ID Number": "4514580"
  },
  {
    "ID Number": "4506081"
  },
  {
    "ID Number": "4505450"
  },
  {
    "ID Number": "4512782"
  },
  {
    "ID Number": "4512340"
  },
  {
    "ID Number": "4508777"
  },
  {
    "ID Number": "4503791"
  },
  {
    "ID Number": "4511085"
  },
  {
    "ID Number": "4505808"
  },
  {
    "ID Number": "4502981"
  },
  {
    "ID Number": "4511271"
  },
  {
    "ID Number": "4500229"
  },
  {
    "ID Number": "4511417"
  },
  {
    "ID Number": "4529871"
  },
  {
    "ID Number": "4505360"
  },
  {
    "ID Number": "4500946"
  },
  {
    "ID Number": "4504755"
  },
  {
    "ID Number": "4520890"
  },
  {
    "ID Number": "4520050"
  },
  {
    "ID Number": "4522079"
  },
  {
    "ID Number": "4519140"
  },
  {
    "ID Number": "4519779"
  },
  {
    "ID Number": "4500539"
  },
  {
    "ID Number": "4505778"
  },
  {
    "ID Number": "4505786"
  },
  {
    "ID Number": "4504372"
  },
  {
    "ID Number": "4503805"
  },
  {
    "ID Number": "4519264"
  },
  {
    "ID Number": "4501136"
  },
  {
    "ID Number": "4503279"
  },
  {
    "ID Number": "4500180"
  },
  {
    "ID Number": "4500709"
  },
  {
    "ID Number": "4501802"
  },
  {
    "ID Number": "4513665"
  },
  {
    "ID Number": "4521129"
  },
  {
    "ID Number": "4505034"
  },
  {
    "ID Number": "4503830"
  },
  {
    "ID Number": "4519485"
  },
  {
    "ID Number": "4501640"
  },
  {
    "ID Number": "4501314"
  },
  {
    "ID Number": "4513819"
  },
  {
    "ID Number": "44147350"
  },
  {
    "ID Number": "4512731"
  },
  {
    "ID Number": "4508882"
  },
  {
    "ID Number": "4504321"
  },
  {
    "ID Number": "4525167"
  },
  {
    "ID Number": "4503856"
  },
  {
    "ID Number": "4510259"
  },
  {
    "ID Number": "4500890"
  },
  {
    "ID Number": "4509471"
  },
  {
    "ID Number": "4507010"
  },
  {
    "ID Number": "4516796"
  },
  {
    "ID Number": "4502760"
  },
  {
    "ID Number": "4509269"
  },
  {
    "ID Number": "4510712"
  },
  {
    "ID Number": "4514734"
  },
  {
    "ID Number": "4505638"
  },
  {
    "ID Number": "4500091"
  },
  {
    "ID Number": "4501748"
  },
  {
    "ID Number": "4509943"
  },
  {
    "ID Number": "4523415"
  },
  {
    "ID Number": "4503899"
  },
  {
    "ID Number": "4508041"
  },
  {
    "ID Number": "4501110"
  },
  {
    "ID Number": "4505948"
  },
  {
    "ID Number": "4509692"
  },
  {
    "ID Number": "4501276"
  },
  {
    "ID Number": "4516028"
  },
  {
    "ID Number": "4503333"
  },
  {
    "ID Number": "4524438"
  },
  {
    "ID Number": "4523431"
  },
  {
    "ID Number": "4515820"
  },
  {
    "ID Number": "4505891"
  },
  {
    "ID Number": "4521765"
  },
  {
    "ID Number": "4526350"
  },
  {
    "ID Number": "4516958"
  },
  {
    "ID Number": "4509862"
  },
  {
    "ID Number": "4500440"
  },
  {
    "ID Number": "4508890"
  },
  {
    "ID Number": "4505476"
  },
  {
    "ID Number": "4509838"
  },
  {
    "ID Number": "4522257"
  },
  {
    "ID Number": "4516036"
  },
  {
    "ID Number": "4518420"
  },
  {
    "ID Number": "4511654"
  },
  {
    "ID Number": "4502159"
  },
  {
    "ID Number": "4511441"
  },
  {
    "ID Number": "4518977"
  },
  {
    "ID Number": "4505824"
  },
  {
    "ID Number": "4516915"
  },
  {
    "ID Number": "4516087"
  },
  {
    "ID Number": "4507657"
  },
  {
    "ID Number": "4502400"
  },
  {
    "ID Number": "4504860"
  },
  {
    "ID Number": "4504461"
  },
  {
    "ID Number": "4508459"
  },
  {
    "ID Number": "4500040"
  },
  {
    "ID Number": "4508394"
  },
  {
    "ID Number": "4502337"
  },
  {
    "ID Number": "4501373"
  },
  {
    "ID Number": "4508173"
  },
  {
    "ID Number": "4506022"
  },
  {
    "ID Number": "4508912"
  },
  {
    "ID Number": "4501578"
  },
  {
    "ID Number": "4513827"
  },
  {
    "ID Number": "4508130"
  },
  {
    "ID Number": "4501721"
  },
  {
    "ID Number": "4501713"
  },
  {
    "ID Number": "4502710"
  },
  {
    "ID Number": "4509480"
  },
  {
    "ID Number": "4520750"
  },
  {
    "ID Number": "4513924"
  },
  {
    "ID Number": "4509340"
  },
  {
    "ID Number": "4511280"
  },
  {
    "ID Number": "4500849"
  },
  {
    "ID Number": "4500547"
  },
  {
    "ID Number": "4501519"
  },
  {
    "ID Number": "4504348"
  },
  {
    "ID Number": "4500105"
  },
  {
    "ID Number": "4500423"
  },
  {
    "ID Number": "4510623"
  },
  {
    "ID Number": "4501861"
  },
  {
    "ID Number": "4507100"
  },
  {
    "ID Number": "4500563"
  },
  {
    "ID Number": "4501845"
  },
  {
    "ID Number": "4510488"
  },
  {
    "ID Number": "4504399"
  },
  {
    "ID Number": "4500490"
  },
  {
    "ID Number": "4501462"
  },
  {
    "ID Number": "4524780"
  },
  {
    "ID Number": "4502264"
  },
  {
    "ID Number": "4529685"
  },
  {
    "ID Number": "4519388"
  },
  {
    "ID Number": "4505557"
  },
  {
    "ID Number": "4500920"
  },
  {
    "ID Number": "4504968"
  },
  {
    "ID Number": "4504640"
  },
  {
    "ID Number": "4500458"
  },
  {
    "ID Number": "4504712"
  },
  {
    "ID Number": "4510313"
  },
  {
    "ID Number": "4504658"
  },
  {
    "ID Number": "4508467"
  },
  {
    "ID Number": "4508556"
  },
  {
    "ID Number": "4502914"
  },
  {
    "ID Number": "4509498"
  },
  {
    "ID Number": "4511050"
  },
  {
    "ID Number": "4519841"
  },
  {
    "ID Number": "4516753"
  },
  {
    "ID Number": "4509102"
  },
  {
    "ID Number": "4522524"
  },
  {
    "ID Number": "4508947"
  },
  {
    "ID Number": "4501160"
  },
  {
    "ID Number": "4509722"
  },
  {
    "ID Number": "4501918"
  },
  {
    "ID Number": "4503970"
  },
  {
    "ID Number": "4516281"
  },
  {
    "ID Number": "4507029"
  },
  {
    "ID Number": "4506952"
  },
  {
    "ID Number": "4521439"
  },
  {
    "ID Number": "4508637"
  },
  {
    "ID Number": "4501900"
  },
  {
    "ID Number": "4500377"
  },
  {
    "ID Number": "4510950"
  },
  {
    "ID Number": "4501152"
  },
  {
    "ID Number": "4500610"
  },
  {
    "ID Number": "4510550"
  },
  {
    "ID Number": "4510046"
  },
  {
    "ID Number": "4508343"
  },
  {
    "ID Number": "4507827"
  },
  {
    "ID Number": "4506316"
  },
  {
    "ID Number": "4504003"
  },
  {
    "ID Number": "4502515"
  },
  {
    "ID Number": "4501616"
  },
  {
    "ID Number": "4502728"
  },
  {
    "ID Number": "4503341"
  },
  {
    "ID Number": "4504879"
  },
  {
    "ID Number": "4504887"
  },
  {
    "ID Number": "4505905"
  },
  {
    "ID Number": "4508491"
  },
  {
    "ID Number": "4521749"
  },
  {
    "ID Number": "4503503"
  },
  {
    "ID Number": "4501020"
  },
  {
    "ID Number": "4522214"
  },
  {
    "ID Number": "4506324"
  },
  {
    "ID Number": "4503538"
  },
  {
    "ID Number": "4504895"
  },
  {
    "ID Number": "4505573"
  },
  {
    "ID Number": "4505581"
  },
  {
    "ID Number": "4502736"
  },
  {
    "ID Number": "4504127"
  },
  {
    "ID Number": "4503570"
  },
  {
    "ID Number": "4510593"
  },
  {
    "ID Number": "4506600"
  },
  {
    "ID Number": "4509501"
  },
  {
    "ID Number": "4508351"
  },
  {
    "ID Number": "4502990"
  },
  {
    "ID Number": "4507363"
  },
  {
    "ID Number": "4518233"
  },
  {
    "ID Number": "4523490"
  },
  {
    "ID Number": "4515382"
  },
  {
    "ID Number": "4502027"
  },
  {
    "ID Number": "4504011"
  },
  {
    "ID Number": "4500750"
  },
  {
    "ID Number": "4500199"
  },
  {
    "ID Number": "4519868"
  },
  {
    "ID Number": "4503180"
  },
  {
    "ID Number": "4502175"
  },
  {
    "ID Number": "4519396"
  },
  {
    "ID Number": "4505956"
  },
  {
    "ID Number": "4505980"
  },
  {
    "ID Number": "4505441"
  },
  {
    "ID Number": "5907888"
  },
  {
    "ID Number": "4523660"
  },
  {
    "ID Number": "4503350"
  },
  {
    "ID Number": "4504038"
  },
  {
    "ID Number": "4505107"
  },
  {
    "ID Number": "4501632"
  },
  {
    "ID Number": "4506740"
  },
  {
    "ID Number": "4500466"
  },
  {
    "ID Number": "4502060"
  },
  {
    "ID Number": "4502493"
  },
  {
    "ID Number": "4508564"
  },
  {
    "ID Number": "4504674"
  },
  {
    "ID Number": "4506030"
  },
  {
    "ID Number": "4502523"
  },
  {
    "ID Number": "4502205"
  },
  {
    "ID Number": "4500598"
  },
  {
    "ID Number": "4500768"
  },
  {
    "ID Number": "4500903"
  },
  {
    "ID Number": "4506618"
  },
  {
    "ID Number": "4500032"
  },
  {
    "ID Number": "4500326"
  },
  {
    "ID Number": "4500555"
  },
  {
    "ID Number": "4509315"
  },
  {
    "ID Number": "4516109"
  },
  {
    "ID Number": "4514378"
  },
  {
    "ID Number": "4502620"
  },
  {
    "ID Number": "4515234"
  },
  {
    "ID Number": "4500792"
  },
  {
    "ID Number": "4501950"
  },
  {
    "ID Number": "4500784"
  },
  {
    "ID Number": "4500083"
  },
  {
    "ID Number": "4500989"
  },
  {
    "ID Number": "4520114"
  },
  {
    "ID Number": "4500407"
  },
  {
    "ID Number": "4502949"
  },
  {
    "ID Number": "4505492"
  },
  {
    "ID Number": "4500342"
  },
  {
    "ID Number": "4503201"
  },
  {
    "ID Number": "4513339"
  },
  {
    "ID Number": "4500601"
  },
  {
    "ID Number": "4500288"
  },
  {
    "ID Number": "4503554"
  }
]