[
  {
    "ID Number": "31902200"
  },
  {
    "ID Number": "31900860"
  },
  {
    "ID Number": "31900739"
  },
  {
    "ID Number": "31901999"
  },
  {
    "ID Number": "31901360"
  },
  {
    "ID Number": "31900356"
  },
  {
    "ID Number": "31900062"
  },
  {
    "ID Number": "31901336"
  },
  {
    "ID Number": "31905455"
  },
  {
    "ID Number": "31901662"
  },
  {
    "ID Number": "31905447"
  },
  {
    "ID Number": "31902120"
  },
  {
    "ID Number": "31900925"
  },
  {
    "ID Number": "31900950"
  },
  {
    "ID Number": "31900127"
  },
  {
    "ID Number": "31901670"
  },
  {
    "ID Number": "31902030"
  },
  {
    "ID Number": "31901964"
  },
  {
    "ID Number": "31900593"
  },
  {
    "ID Number": "31900828"
  },
  {
    "ID Number": "31901395"
  },
  {
    "ID Number": "31900259"
  },
  {
    "ID Number": "31900941"
  },
  {
    "ID Number": "31901131"
  },
  {
    "ID Number": "31900291"
  },
  {
    "ID Number": "31900615"
  },
  {
    "ID Number": "31900348"
  },
  {
    "ID Number": "31904815"
  },
  {
    "ID Number": "31901506"
  },
  {
    "ID Number": "31900097"
  },
  {
    "ID Number": "31905684"
  },
  {
    "ID Number": "31901530"
  },
  {
    "ID Number": "31904661"
  },
  {
    "ID Number": "31902189"
  },
  {
    "ID Number": "31902502"
  },
  {
    "ID Number": "31900232"
  },
  {
    "ID Number": "31901182"
  },
  {
    "ID Number": "31900658"
  },
  {
    "ID Number": "31901190"
  },
  {
    "ID Number": "31904491"
  },
  {
    "ID Number": "31901409"
  },
  {
    "ID Number": "31904823"
  },
  {
    "ID Number": "31900704"
  },
  {
    "ID Number": "31901220"
  },
  {
    "ID Number": "31901247"
  },
  {
    "ID Number": "31904734"
  },
  {
    "ID Number": "31901140"
  },
  {
    "ID Number": "31901069"
  },
  {
    "ID Number": "31901301"
  },
  {
    "ID Number": "31900690"
  },
  {
    "ID Number": "31905013"
  },
  {
    "ID Number": "31900321"
  },
  {
    "ID Number": "31900640"
  },
  {
    "ID Number": "31901646"
  },
  {
    "ID Number": "31905072"
  },
  {
    "ID Number": "31905218"
  },
  {
    "ID Number": "31901611"
  },
  {
    "ID Number": "31900755"
  },
  {
    "ID Number": "31901620"
  },
  {
    "ID Number": "31900763"
  },
  {
    "ID Number": "31900275"
  },
  {
    "ID Number": "31900070"
  },
  {
    "ID Number": "31904688"
  },
  {
    "ID Number": "31900607"
  },
  {
    "ID Number": "31901484"
  },
  {
    "ID Number": "31900143"
  },
  {
    "ID Number": "31901352"
  },
  {
    "ID Number": "31900879"
  },
  {
    "ID Number": "31901948"
  },
  {
    "ID Number": "31900933"
  }
]