[
  {
    "ID Number": "4829603"
  },
  {
    "ID Number": "4801628"
  },
  {
    "ID Number": "4832345"
  },
  {
    "ID Number": "4804937"
  },
  {
    "ID Number": "4806778"
  },
  {
    "ID Number": "4840372"
  },
  {
    "ID Number": "4836561"
  },
  {
    "ID Number": "4836570"
  },
  {
    "ID Number": "4808452"
  },
  {
    "ID Number": "4837770"
  },
  {
    "ID Number": "4832159"
  },
  {
    "ID Number": "4814061"
  },
  {
    "ID Number": "4836391"
  },
  {
    "ID Number": "4820339"
  },
  {
    "ID Number": "4845145"
  },
  {
    "ID Number": "4842898"
  },
  {
    "ID Number": "4802330"
  },
  {
    "ID Number": "4829620"
  },
  {
    "ID Number": "4836286"
  },
  {
    "ID Number": "4820789"
  },
  {
    "ID Number": "4812212"
  },
  {
    "ID Number": "4800397"
  },
  {
    "ID Number": "4819586"
  },
  {
    "ID Number": "4822927"
  },
  {
    "ID Number": "4841166"
  },
  {
    "ID Number": "4836120"
  },
  {
    "ID Number": "4812433"
  },
  {
    "ID Number": "4838572"
  },
  {
    "ID Number": "4827619"
  },
  {
    "ID Number": "4828186"
  },
  {
    "ID Number": "4827465"
  },
  {
    "ID Number": "4837789"
  },
  {
    "ID Number": "4827627"
  },
  {
    "ID Number": "4835514"
  },
  {
    "ID Number": "4813928"
  },
  {
    "ID Number": "4827279"
  },
  {
    "ID Number": "4814932"
  },
  {
    "ID Number": "4813936"
  },
  {
    "ID Number": "4826787"
  },
  {
    "ID Number": "4824040"
  },
  {
    "ID Number": "4817575"
  },
  {
    "ID Number": "4829964"
  },
  {
    "ID Number": "4824768"
  },
  {
    "ID Number": "4824776"
  },
  {
    "ID Number": "4819608"
  },
  {
    "ID Number": "4818172"
  },
  {
    "ID Number": "4845161"
  },
  {
    "ID Number": "4820495"
  },
  {
    "ID Number": "4826965"
  },
  {
    "ID Number": "4822951"
  },
  {
    "ID Number": "4831560"
  },
  {
    "ID Number": "4814622"
  },
  {
    "ID Number": "4831578"
  },
  {
    "ID Number": "4831241"
  },
  {
    "ID Number": "4836405"
  },
  {
    "ID Number": "4831209"
  },
  {
    "ID Number": "4841174"
  },
  {
    "ID Number": "4838793"
  },
  {
    "ID Number": "4827635"
  },
  {
    "ID Number": "4808690"
  },
  {
    "ID Number": "4801849"
  },
  {
    "ID Number": "4815823"
  },
  {
    "ID Number": "4840283"
  },
  {
    "ID Number": "4842740"
  },
  {
    "ID Number": "4810635"
  },
  {
    "ID Number": "4806336"
  },
  {
    "ID Number": "4822978"
  },
  {
    "ID Number": "4839250"
  },
  {
    "ID Number": "4813731"
  },
  {
    "ID Number": "4800079"
  },
  {
    "ID Number": "4821971"
  },
  {
    "ID Number": "4817117"
  },
  {
    "ID Number": "4814118"
  },
  {
    "ID Number": "4808118"
  },
  {
    "ID Number": "4814398"
  },
  {
    "ID Number": "4832442"
  },
  {
    "ID Number": "4827473"
  },
  {
    "ID Number": "4816064"
  },
  {
    "ID Number": "4812026"
  },
  {
    "ID Number": "4810686"
  },
  {
    "ID Number": "4810767"
  },
  {
    "ID Number": "4837258"
  },
  {
    "ID Number": "4820401"
  },
  {
    "ID Number": "4815408"
  },
  {
    "ID Number": "4833635"
  },
  {
    "ID Number": "4827481"
  },
  {
    "ID Number": "4826108"
  },
  {
    "ID Number": "4816773"
  },
  {
    "ID Number": "4840712"
  },
  {
    "ID Number": "4838610"
  },
  {
    "ID Number": "4828810"
  },
  {
    "ID Number": "4833767"
  },
  {
    "ID Number": "4826167"
  },
  {
    "ID Number": "4824784"
  },
  {
    "ID Number": "4840909"
  },
  {
    "ID Number": "4840097"
  },
  {
    "ID Number": "4825608"
  },
  {
    "ID Number": "4822544"
  },
  {
    "ID Number": "4824920"
  },
  {
    "ID Number": "4830113"
  },
  {
    "ID Number": "4802071"
  },
  {
    "ID Number": "4842537"
  },
  {
    "ID Number": "4842073"
  },
  {
    "ID Number": "4808134"
  },
  {
    "ID Number": "4808509"
  },
  {
    "ID Number": "4830296"
  },
  {
    "ID Number": "4822013"
  },
  {
    "ID Number": "4836634"
  },
  {
    "ID Number": "4817257"
  },
  {
    "ID Number": "4836960"
  },
  {
    "ID Number": "4827651"
  },
  {
    "ID Number": "4839951"
  },
  {
    "ID Number": "4803191"
  },
  {
    "ID Number": "4820991"
  },
  {
    "ID Number": "4815149"
  },
  {
    "ID Number": "4814150"
  },
  {
    "ID Number": "4806204"
  },
  {
    "ID Number": "4836650"
  },
  {
    "ID Number": "4827503"
  },
  {
    "ID Number": "4822552"
  },
  {
    "ID Number": "4813472"
  },
  {
    "ID Number": "4817168"
  },
  {
    "ID Number": "4831136"
  },
  {
    "ID Number": "4828828"
  },
  {
    "ID Number": "4833643"
  },
  {
    "ID Number": "4818024"
  },
  {
    "ID Number": "4832809"
  },
  {
    "ID Number": "4820231"
  },
  {
    "ID Number": "4813014"
  },
  {
    "ID Number": "4843606"
  },
  {
    "ID Number": "4800230"
  },
  {
    "ID Number": "4802179"
  },
  {
    "ID Number": "4807235"
  },
  {
    "ID Number": "4807766"
  },
  {
    "ID Number": "4810538"
  },
  {
    "ID Number": "4810490"
  },
  {
    "ID Number": "4816510"
  },
  {
    "ID Number": "4813910"
  },
  {
    "ID Number": "4800192"
  },
  {
    "ID Number": "4804929"
  },
  {
    "ID Number": "4806700"
  },
  {
    "ID Number": "4806476"
  },
  {
    "ID Number": "4805984"
  },
  {
    "ID Number": "4800168"
  },
  {
    "ID Number": "4809190"
  },
  {
    "ID Number": "4803132"
  },
  {
    "ID Number": "4801067"
  },
  {
    "ID Number": "4800087"
  },
  {
    "ID Number": "4814452"
  },
  {
    "ID Number": "4801040"
  },
  {
    "ID Number": "4800605"
  },
  {
    "ID Number": "4801458"
  },
  {
    "ID Number": "4823001"
  },
  {
    "ID Number": "4815840"
  },
  {
    "ID Number": "4827198"
  },
  {
    "ID Number": "4812395"
  },
  {
    "ID Number": "4825454"
  },
  {
    "ID Number": "4840119"
  },
  {
    "ID Number": "4813022"
  },
  {
    "ID Number": "4827660"
  },
  {
    "ID Number": "4806727"
  },
  {
    "ID Number": "10602348"
  },
  {
    "ID Number": "4808436"
  },
  {
    "ID Number": "4801776"
  },
  {
    "ID Number": "4801237"
  },
  {
    "ID Number": "4801180"
  },
  {
    "ID Number": "4809548"
  },
  {
    "ID Number": "4820070"
  },
  {
    "ID Number": "4845218"
  },
  {
    "ID Number": "4810171"
  },
  {
    "ID Number": "4808738"
  },
  {
    "ID Number": "4830083"
  },
  {
    "ID Number": "4811569"
  },
  {
    "ID Number": "4809262"
  },
  {
    "ID Number": "4808746"
  },
  {
    "ID Number": "4810511"
  },
  {
    "ID Number": "4812034"
  },
  {
    "ID Number": "4810139"
  },
  {
    "ID Number": "4801997"
  },
  {
    "ID Number": "4830873"
  },
  {
    "ID Number": "4812115"
  },
  {
    "ID Number": "4806050"
  },
  {
    "ID Number": "4810457"
  },
  {
    "ID Number": "4802870"
  },
  {
    "ID Number": "4812131"
  },
  {
    "ID Number": "4831454"
  },
  {
    "ID Number": "4834224"
  },
  {
    "ID Number": "4817702"
  },
  {
    "ID Number": "4837320"
  },
  {
    "ID Number": "4822048"
  },
  {
    "ID Number": "4826183"
  },
  {
    "ID Number": "4828844"
  },
  {
    "ID Number": "4816471"
  },
  {
    "ID Number": "4829638"
  },
  {
    "ID Number": "4817443"
  },
  {
    "ID Number": "4804511"
  },
  {
    "ID Number": "4821017"
  },
  {
    "ID Number": "4828194"
  },
  {
    "ID Number": "4836685"
  },
  {
    "ID Number": "4835158"
  },
  {
    "ID Number": "4814401"
  },
  {
    "ID Number": "4842553"
  },
  {
    "ID Number": "4817451"
  },
  {
    "ID Number": "4816609"
  },
  {
    "ID Number": "4812522"
  },
  {
    "ID Number": "4818571"
  },
  {
    "ID Number": "4835565"
  },
  {
    "ID Number": "4826680"
  },
  {
    "ID Number": "4804023"
  },
  {
    "ID Number": "4800214"
  },
  {
    "ID Number": "4823036"
  },
  {
    "ID Number": "4814991"
  },
  {
    "ID Number": "4820819"
  },
  {
    "ID Number": "4824601"
  },
  {
    "ID Number": "4837045"
  },
  {
    "ID Number": "4817133"
  },
  {
    "ID Number": "4837347"
  },
  {
    "ID Number": "4821025"
  },
  {
    "ID Number": "4842863"
  },
  {
    "ID Number": "4826213"
  },
  {
    "ID Number": "4829441"
  },
  {
    "ID Number": "4827511"
  },
  {
    "ID Number": "4803540"
  },
  {
    "ID Number": "4818237"
  },
  {
    "ID Number": "4826817"
  },
  {
    "ID Number": "4842642"
  },
  {
    "ID Number": "4837053"
  },
  {
    "ID Number": "4830300"
  },
  {
    "ID Number": "4823958"
  },
  {
    "ID Number": "4836413"
  },
  {
    "ID Number": "4840461"
  },
  {
    "ID Number": "4826051"
  },
  {
    "ID Number": "4822099"
  },
  {
    "ID Number": "4829190"
  },
  {
    "ID Number": "4818466"
  },
  {
    "ID Number": "4835263"
  },
  {
    "ID Number": "4836138"
  },
  {
    "ID Number": "4814320"
  },
  {
    "ID Number": "4831616"
  },
  {
    "ID Number": "4806107"
  },
  {
    "ID Number": "4827023"
  },
  {
    "ID Number": "4816617"
  },
  {
    "ID Number": "4812867"
  },
  {
    "ID Number": "4815416"
  },
  {
    "ID Number": "4821041"
  },
  {
    "ID Number": "4824628"
  },
  {
    "ID Number": "4823761"
  },
  {
    "ID Number": "4806506"
  },
  {
    "ID Number": "4823966"
  },
  {
    "ID Number": "4837800"
  },
  {
    "ID Number": "4824636"
  },
  {
    "ID Number": "4820827"
  },
  {
    "ID Number": "4838831"
  },
  {
    "ID Number": "4833856"
  },
  {
    "ID Number": "4823770"
  },
  {
    "ID Number": "4829557"
  },
  {
    "ID Number": "4828852"
  },
  {
    "ID Number": "4828488"
  },
  {
    "ID Number": "4816374"
  },
  {
    "ID Number": "4801920"
  },
  {
    "ID Number": "4809068"
  },
  {
    "ID Number": "4805127"
  },
  {
    "ID Number": "4805135"
  },
  {
    "ID Number": "4838785"
  },
  {
    "ID Number": "4822110"
  },
  {
    "ID Number": "4818245"
  },
  {
    "ID Number": "4816633"
  },
  {
    "ID Number": "4841700"
  },
  {
    "ID Number": "4825705"
  },
  {
    "ID Number": "4826825"
  },
  {
    "ID Number": "4827333"
  },
  {
    "ID Number": "4807537"
  },
  {
    "ID Number": "4808320"
  },
  {
    "ID Number": "4810899"
  },
  {
    "ID Number": "4839226"
  },
  {
    "ID Number": "4824075"
  },
  {
    "ID Number": "4804074"
  },
  {
    "ID Number": "4840739"
  },
  {
    "ID Number": "4832469"
  },
  {
    "ID Number": "4802349"
  },
  {
    "ID Number": "4800370"
  },
  {
    "ID Number": "4813863"
  },
  {
    "ID Number": "4831624"
  },
  {
    "ID Number": "4816242"
  },
  {
    "ID Number": "4804520"
  },
  {
    "ID Number": "4811712"
  },
  {
    "ID Number": "4818261"
  },
  {
    "ID Number": "4824806"
  },
  {
    "ID Number": "4839773"
  },
  {
    "ID Number": "4831632"
  },
  {
    "ID Number": "4843410"
  },
  {
    "ID Number": "4817265"
  },
  {
    "ID Number": "4834909"
  },
  {
    "ID Number": "4841204"
  },
  {
    "ID Number": "4838351"
  },
  {
    "ID Number": "4842944"
  },
  {
    "ID Number": "4805151"
  },
  {
    "ID Number": "4829980"
  },
  {
    "ID Number": "4840933"
  },
  {
    "ID Number": "4837380"
  },
  {
    "ID Number": "4817486"
  },
  {
    "ID Number": "4840615"
  },
  {
    "ID Number": "4818598"
  },
  {
    "ID Number": "4800400"
  },
  {
    "ID Number": "4834917"
  },
  {
    "ID Number": "4802543"
  },
  {
    "ID Number": "4839293"
  },
  {
    "ID Number": "4814681"
  },
  {
    "ID Number": "4837967"
  },
  {
    "ID Number": "4803035"
  },
  {
    "ID Number": "4829654"
  },
  {
    "ID Number": "4813227"
  },
  {
    "ID Number": "4813235"
  },
  {
    "ID Number": "4830148"
  },
  {
    "ID Number": "4803566"
  },
  {
    "ID Number": "4815432"
  },
  {
    "ID Number": "4808142"
  },
  {
    "ID Number": "4829212"
  },
  {
    "ID Number": "4814770"
  },
  {
    "ID Number": "4810279"
  },
  {
    "ID Number": "4816498"
  },
  {
    "ID Number": "4817362"
  },
  {
    "ID Number": "4811496"
  },
  {
    "ID Number": "4839960"
  },
  {
    "ID Number": "4831888"
  },
  {
    "ID Number": "4814460"
  },
  {
    "ID Number": "4810422"
  },
  {
    "ID Number": "4823052"
  },
  {
    "ID Number": "4814630"
  },
  {
    "ID Number": "4816501"
  },
  {
    "ID Number": "4835360"
  },
  {
    "ID Number": "4831330"
  },
  {
    "ID Number": "4827520"
  },
  {
    "ID Number": "4816790"
  },
  {
    "ID Number": "4814410"
  },
  {
    "ID Number": "4814479"
  },
  {
    "ID Number": "4827708"
  },
  {
    "ID Number": "4813952"
  },
  {
    "ID Number": "4838009"
  },
  {
    "ID Number": "4801636"
  },
  {
    "ID Number": "4803710"
  },
  {
    "ID Number": "4812930"
  },
  {
    "ID Number": "4811950"
  },
  {
    "ID Number": "4810988"
  },
  {
    "ID Number": "4818318"
  },
  {
    "ID Number": "4802233"
  },
  {
    "ID Number": "4828887"
  },
  {
    "ID Number": "4824814"
  },
  {
    "ID Number": "4836715"
  },
  {
    "ID Number": "4843045"
  },
  {
    "ID Number": "4803450"
  },
  {
    "ID Number": "4839978"
  },
  {
    "ID Number": "4816250"
  },
  {
    "ID Number": "4816269"
  },
  {
    "ID Number": "4819802"
  },
  {
    "ID Number": "4805933"
  },
  {
    "ID Number": "4835581"
  },
  {
    "ID Number": "4835590"
  },
  {
    "ID Number": "4818342"
  },
  {
    "ID Number": "4807111"
  },
  {
    "ID Number": "4841220"
  },
  {
    "ID Number": "4806220"
  },
  {
    "ID Number": "4813499"
  },
  {
    "ID Number": "4830962"
  },
  {
    "ID Number": "4817729"
  },
  {
    "ID Number": "4842774"
  },
  {
    "ID Number": "4804546"
  },
  {
    "ID Number": "4839315"
  },
  {
    "ID Number": "4829239"
  },
  {
    "ID Number": "4817176"
  },
  {
    "ID Number": "4838041"
  },
  {
    "ID Number": "4809050"
  },
  {
    "ID Number": "4829522"
  },
  {
    "ID Number": "4809831"
  },
  {
    "ID Number": "4838726"
  },
  {
    "ID Number": "4800699"
  },
  {
    "ID Number": "4805160"
  },
  {
    "ID Number": "4812530"
  },
  {
    "ID Number": "4838050"
  },
  {
    "ID Number": "4831039"
  },
  {
    "ID Number": "4820193"
  },
  {
    "ID Number": "4818946"
  },
  {
    "ID Number": "4838874"
  },
  {
    "ID Number": "4805917"
  },
  {
    "ID Number": "4806247"
  },
  {
    "ID Number": "4807030"
  },
  {
    "ID Number": "4815440"
  },
  {
    "ID Number": "4834925"
  },
  {
    "ID Number": "4811658"
  },
  {
    "ID Number": "4827724"
  },
  {
    "ID Number": "4832485"
  },
  {
    "ID Number": "4834712"
  },
  {
    "ID Number": "4835603"
  },
  {
    "ID Number": "4834933"
  },
  {
    "ID Number": "4801296"
  },
  {
    "ID Number": "4805925"
  },
  {
    "ID Number": "4812280"
  },
  {
    "ID Number": "4816277"
  },
  {
    "ID Number": "4818660"
  },
  {
    "ID Number": "4801156"
  },
  {
    "ID Number": "4820436"
  },
  {
    "ID Number": "4836146"
  },
  {
    "ID Number": "4813979"
  },
  {
    "ID Number": "4828348"
  },
  {
    "ID Number": "4843878"
  },
  {
    "ID Number": "4815190"
  },
  {
    "ID Number": "4829247"
  },
  {
    "ID Number": "4843070"
  },
  {
    "ID Number": "4838068"
  },
  {
    "ID Number": "4801300"
  },
  {
    "ID Number": "4808789"
  },
  {
    "ID Number": "4822617"
  },
  {
    "ID Number": "4807561"
  },
  {
    "ID Number": "4821610"
  },
  {
    "ID Number": "4816811"
  },
  {
    "ID Number": "4830318"
  },
  {
    "ID Number": "4809793"
  },
  {
    "ID Number": "4822161"
  },
  {
    "ID Number": "4822170"
  },
  {
    "ID Number": "4810090"
  },
  {
    "ID Number": "4819500"
  },
  {
    "ID Number": "4831985"
  },
  {
    "ID Number": "4818687"
  },
  {
    "ID Number": "4807359"
  },
  {
    "ID Number": "4816072"
  },
  {
    "ID Number": "4811500"
  },
  {
    "ID Number": "4818695"
  },
  {
    "ID Number": "4840305"
  },
  {
    "ID Number": "4819810"
  },
  {
    "ID Number": "4836162"
  },
  {
    "ID Number": "4827759"
  },
  {
    "ID Number": "4819624"
  },
  {
    "ID Number": "4824938"
  },
  {
    "ID Number": "4840658"
  },
  {
    "ID Number": "4803116"
  },
  {
    "ID Number": "4820355"
  },
  {
    "ID Number": "4805780"
  },
  {
    "ID Number": "4843886"
  },
  {
    "ID Number": "4808770"
  },
  {
    "ID Number": "4817370"
  },
  {
    "ID Number": "4831993"
  },
  {
    "ID Number": "4801806"
  },
  {
    "ID Number": "4813987"
  },
  {
    "ID Number": "4807570"
  },
  {
    "ID Number": "4807820"
  },
  {
    "ID Number": "4824946"
  },
  {
    "ID Number": "4845250"
  },
  {
    "ID Number": "4817141"
  },
  {
    "ID Number": "4826841"
  },
  {
    "ID Number": "4833880"
  },
  {
    "ID Number": "4807588"
  },
  {
    "ID Number": "4811542"
  },
  {
    "ID Number": "4803779"
  },
  {
    "ID Number": "4827040"
  },
  {
    "ID Number": "4835620"
  },
  {
    "ID Number": "4815726"
  },
  {
    "ID Number": "4812581"
  },
  {
    "ID Number": "4832213"
  },
  {
    "ID Number": "4825250"
  },
  {
    "ID Number": "4802390"
  },
  {
    "ID Number": "4819837"
  },
  {
    "ID Number": "4814010"
  },
  {
    "ID Number": "4808991"
  },
  {
    "ID Number": "4806581"
  },
  {
    "ID Number": "4806239"
  },
  {
    "ID Number": "4830490"
  },
  {
    "ID Number": "4821106"
  },
  {
    "ID Number": "4829271"
  },
  {
    "ID Number": "4820584"
  },
  {
    "ID Number": "4821645"
  },
  {
    "ID Number": "4827767"
  },
  {
    "ID Number": "4813561"
  },
  {
    "ID Number": "4836170"
  },
  {
    "ID Number": "4835417"
  },
  {
    "ID Number": "4806026"
  },
  {
    "ID Number": "4803396"
  },
  {
    "ID Number": "4823087"
  },
  {
    "ID Number": "4840755"
  },
  {
    "ID Number": "4825462"
  },
  {
    "ID Number": "4815017"
  },
  {
    "ID Number": "4823095"
  },
  {
    "ID Number": "4834275"
  },
  {
    "ID Number": "4833805"
  },
  {
    "ID Number": "4812158"
  },
  {
    "ID Number": "4835166"
  },
  {
    "ID Number": "4835654"
  },
  {
    "ID Number": "4803213"
  },
  {
    "ID Number": "4825071"
  },
  {
    "ID Number": "4815874"
  },
  {
    "ID Number": "4801962"
  },
  {
    "ID Number": "4820592"
  },
  {
    "ID Number": "4800117"
  },
  {
    "ID Number": "4820835"
  },
  {
    "ID Number": "4807367"
  },
  {
    "ID Number": "4845269"
  },
  {
    "ID Number": "4816080"
  },
  {
    "ID Number": "4838092"
  },
  {
    "ID Number": "4818709"
  },
  {
    "ID Number": "4817885"
  },
  {
    "ID Number": "4825020"
  },
  {
    "ID Number": "4820053"
  },
  {
    "ID Number": "4810953"
  },
  {
    "ID Number": "4823117"
  },
  {
    "ID Number": "4822633"
  },
  {
    "ID Number": "4840470"
  },
  {
    "ID Number": "4815459"
  },
  {
    "ID Number": "4822641"
  },
  {
    "ID Number": "4816846"
  },
  {
    "ID Number": "4806140"
  },
  {
    "ID Number": "4808800"
  },
  {
    "ID Number": "4818032"
  },
  {
    "ID Number": "4818350"
  },
  {
    "ID Number": "4811240"
  },
  {
    "ID Number": "4812182"
  },
  {
    "ID Number": "4839811"
  },
  {
    "ID Number": "4816668"
  },
  {
    "ID Number": "4808460"
  },
  {
    "ID Number": "4809602"
  },
  {
    "ID Number": "4816854"
  },
  {
    "ID Number": "4828909"
  },
  {
    "ID Number": "4828917"
  },
  {
    "ID Number": "4809637"
  },
  {
    "ID Number": "4812662"
  },
  {
    "ID Number": "4811976"
  },
  {
    "ID Number": "4801911"
  },
  {
    "ID Number": "4813049"
  },
  {
    "ID Number": "4814495"
  },
  {
    "ID Number": "4818717"
  },
  {
    "ID Number": "4802136"
  },
  {
    "ID Number": "4802721"
  },
  {
    "ID Number": "4811070"
  },
  {
    "ID Number": "4815467"
  },
  {
    "ID Number": "4800940"
  },
  {
    "ID Number": "4813774"
  },
  {
    "ID Number": "4801903"
  },
  {
    "ID Number": "4816161"
  },
  {
    "ID Number": "4824369"
  },
  {
    "ID Number": "4829280"
  },
  {
    "ID Number": "4822200"
  },
  {
    "ID Number": "4815815"
  },
  {
    "ID Number": "4845277"
  },
  {
    "ID Number": "4810350"
  },
  {
    "ID Number": "4801164"
  },
  {
    "ID Number": "4814339"
  },
  {
    "ID Number": "4811046"
  },
  {
    "ID Number": "4828925"
  },
  {
    "ID Number": "4807286"
  },
  {
    "ID Number": "4831667"
  },
  {
    "ID Number": "4803167"
  },
  {
    "ID Number": "4838882"
  },
  {
    "ID Number": "4830504"
  },
  {
    "ID Number": "4807847"
  },
  {
    "ID Number": "4811100"
  },
  {
    "ID Number": "4804589"
  },
  {
    "ID Number": "4826256"
  },
  {
    "ID Number": "4826590"
  },
  {
    "ID Number": "4835972"
  },
  {
    "ID Number": "4842782"
  },
  {
    "ID Number": "4804180"
  },
  {
    "ID Number": "4842952"
  },
  {
    "ID Number": "4825110"
  },
  {
    "ID Number": "4826604"
  },
  {
    "ID Number": "4838394"
  },
  {
    "ID Number": "4816404"
  },
  {
    "ID Number": "4807383"
  },
  {
    "ID Number": "4821505"
  },
  {
    "ID Number": "4811984"
  },
  {
    "ID Number": "4843800"
  },
  {
    "ID Number": "4824822"
  },
  {
    "ID Number": "4806824"
  },
  {
    "ID Number": "4807391"
  },
  {
    "ID Number": "4810287"
  },
  {
    "ID Number": "4815548"
  },
  {
    "ID Number": "4826612"
  },
  {
    "ID Number": "4807146"
  },
  {
    "ID Number": "4821661"
  },
  {
    "ID Number": "4831373"
  },
  {
    "ID Number": "4836731"
  },
  {
    "ID Number": "4842960"
  },
  {
    "ID Number": "4819454"
  },
  {
    "ID Number": "4842243"
  },
  {
    "ID Number": "4826299"
  },
  {
    "ID Number": "4821378"
  },
  {
    "ID Number": "4823141"
  },
  {
    "ID Number": "4842251"
  },
  {
    "ID Number": "4808819"
  },
  {
    "ID Number": "4836430"
  },
  {
    "ID Number": "4814665"
  },
  {
    "ID Number": "4831519"
  },
  {
    "ID Number": "4818725"
  },
  {
    "ID Number": "4826850"
  },
  {
    "ID Number": "4824830"
  },
  {
    "ID Number": "4827074"
  },
  {
    "ID Number": "4824954"
  },
  {
    "ID Number": "4815572"
  },
  {
    "ID Number": "4816021"
  },
  {
    "ID Number": "4835425"
  },
  {
    "ID Number": "4808541"
  },
  {
    "ID Number": "4803728"
  },
  {
    "ID Number": "4802381"
  },
  {
    "ID Number": "4823532"
  },
  {
    "ID Number": "4805380"
  },
  {
    "ID Number": "4835980"
  },
  {
    "ID Number": "4806972"
  },
  {
    "ID Number": "4819462"
  },
  {
    "ID Number": "4802730"
  },
  {
    "ID Number": "4812360"
  },
  {
    "ID Number": "4813782"
  },
  {
    "ID Number": "4837665"
  },
  {
    "ID Number": "4807855"
  },
  {
    "ID Number": "4827791"
  },
  {
    "ID Number": "4832540"
  },
  {
    "ID Number": "4815033"
  },
  {
    "ID Number": "4820363"
  },
  {
    "ID Number": "4841530"
  },
  {
    "ID Number": "4811399"
  },
  {
    "ID Number": "4814088"
  },
  {
    "ID Number": "4823672"
  },
  {
    "ID Number": "4813995"
  },
  {
    "ID Number": "4812409"
  },
  {
    "ID Number": "4831527"
  },
  {
    "ID Number": "4810813"
  },
  {
    "ID Number": "4841255"
  },
  {
    "ID Number": "4828070"
  },
  {
    "ID Number": "4824113"
  },
  {
    "ID Number": "4827805"
  },
  {
    "ID Number": "4812778"
  },
  {
    "ID Number": "4832566"
  },
  {
    "ID Number": "4814096"
  },
  {
    "ID Number": "4842260"
  },
  {
    "ID Number": "4841263"
  },
  {
    "ID Number": "4810309"
  },
  {
    "ID Number": "4822684"
  },
  {
    "ID Number": "4821670"
  },
  {
    "ID Number": "4800354"
  },
  {
    "ID Number": "4822692"
  },
  {
    "ID Number": "4820851"
  },
  {
    "ID Number": "4817427"
  },
  {
    "ID Number": "4823150"
  },
  {
    "ID Number": "4815475"
  },
  {
    "ID Number": "4801989"
  },
  {
    "ID Number": "4836740"
  },
  {
    "ID Number": "4813898"
  },
  {
    "ID Number": "4811739"
  },
  {
    "ID Number": "4823168"
  },
  {
    "ID Number": "4824644"
  },
  {
    "ID Number": "4821157"
  },
  {
    "ID Number": "4823176"
  },
  {
    "ID Number": "4807596"
  },
  {
    "ID Number": "4809106"
  },
  {
    "ID Number": "4810031"
  },
  {
    "ID Number": "4810392"
  },
  {
    "ID Number": "4802098"
  },
  {
    "ID Number": "4802675"
  },
  {
    "ID Number": "4811445"
  },
  {
    "ID Number": "4810414"
  },
  {
    "ID Number": "4810198"
  },
  {
    "ID Number": "4815971"
  },
  {
    "ID Number": "4822226"
  },
  {
    "ID Number": "4827570"
  },
  {
    "ID Number": "4816056"
  },
  {
    "ID Number": "4823974"
  },
  {
    "ID Number": "4821688"
  },
  {
    "ID Number": "4845293"
  },
  {
    "ID Number": "4823184"
  },
  {
    "ID Number": "4842278"
  },
  {
    "ID Number": "4822234"
  },
  {
    "ID Number": "4843657"
  },
  {
    "ID Number": "4824652"
  },
  {
    "ID Number": "4822242"
  },
  {
    "ID Number": "4835328"
  },
  {
    "ID Number": "4808827"
  },
  {
    "ID Number": "4826329"
  },
  {
    "ID Number": "4803760"
  },
  {
    "ID Number": "4814258"
  },
  {
    "ID Number": "4826620"
  },
  {
    "ID Number": "4833813"
  },
  {
    "ID Number": "4837827"
  },
  {
    "ID Number": "4840763"
  },
  {
    "ID Number": "4801253"
  },
  {
    "ID Number": "4818040"
  },
  {
    "ID Number": "4818385"
  },
  {
    "ID Number": "4824660"
  },
  {
    "ID Number": "4833570"
  },
  {
    "ID Number": "4828941"
  },
  {
    "ID Number": "4845307"
  },
  {
    "ID Number": "4837835"
  },
  {
    "ID Number": "4813073"
  },
  {
    "ID Number": "4823540"
  },
  {
    "ID Number": "4834283"
  },
  {
    "ID Number": "4827830"
  },
  {
    "ID Number": "4820614"
  },
  {
    "ID Number": "4835433"
  },
  {
    "ID Number": "4827848"
  },
  {
    "ID Number": "4821386"
  },
  {
    "ID Number": "4840003"
  },
  {
    "ID Number": "4837843"
  },
  {
    "ID Number": "4813650"
  },
  {
    "ID Number": "4800800"
  },
  {
    "ID Number": "4811755"
  },
  {
    "ID Number": "4835441"
  },
  {
    "ID Number": "4814509"
  },
  {
    "ID Number": "4800796"
  },
  {
    "ID Number": "4821394"
  },
  {
    "ID Number": "4845315"
  },
  {
    "ID Number": "4837851"
  },
  {
    "ID Number": "4807871"
  },
  {
    "ID Number": "4807154"
  },
  {
    "ID Number": "4817508"
  },
  {
    "ID Number": "4803256"
  },
  {
    "ID Number": "4800338"
  },
  {
    "ID Number": "4800974"
  },
  {
    "ID Number": "4814517"
  },
  {
    "ID Number": "4804007"
  },
  {
    "ID Number": "4801148"
  },
  {
    "ID Number": "4836995"
  },
  {
    "ID Number": "4828950"
  },
  {
    "ID Number": "4821700"
  },
  {
    "ID Number": "4811062"
  },
  {
    "ID Number": "4821718"
  },
  {
    "ID Number": "4836316"
  },
  {
    "ID Number": "4811275"
  },
  {
    "ID Number": "4830229"
  },
  {
    "ID Number": "4829301"
  },
  {
    "ID Number": "4823680"
  },
  {
    "ID Number": "4841280"
  },
  {
    "ID Number": "369104991"
  },
  {
    "ID Number": "4802713"
  },
  {
    "ID Number": "4835727"
  },
  {
    "ID Number": "4843916"
  },
  {
    "ID Number": "4832582"
  },
  {
    "ID Number": "4803310"
  },
  {
    "ID Number": "4816897"
  },
  {
    "ID Number": "4840011"
  },
  {
    "ID Number": "4818393"
  },
  {
    "ID Number": "4802420"
  },
  {
    "ID Number": "4836456"
  },
  {
    "ID Number": "4842316"
  },
  {
    "ID Number": "4837878"
  },
  {
    "ID Number": "12527513"
  },
  {
    "ID Number": "4810961"
  },
  {
    "ID Number": "4833961"
  },
  {
    "ID Number": "4839196"
  },
  {
    "ID Number": "4829310"
  },
  {
    "ID Number": "4834976"
  },
  {
    "ID Number": "4817630"
  },
  {
    "ID Number": "4836782"
  },
  {
    "ID Number": "4832221"
  },
  {
    "ID Number": "4837002"
  },
  {
    "ID Number": "4835468"
  },
  {
    "ID Number": "4824970"
  },
  {
    "ID Number": "4800311"
  },
  {
    "ID Number": "4803388"
  },
  {
    "ID Number": "4806867"
  },
  {
    "ID Number": "4814592"
  },
  {
    "ID Number": "4845323"
  },
  {
    "ID Number": "4813090"
  },
  {
    "ID Number": "4814045"
  },
  {
    "ID Number": "4835930"
  },
  {
    "ID Number": "4816692"
  },
  {
    "ID Number": "4840313"
  },
  {
    "ID Number": "4841638"
  },
  {
    "ID Number": "4807073"
  },
  {
    "ID Number": "4833163"
  },
  {
    "ID Number": "4809734"
  },
  {
    "ID Number": "4838149"
  },
  {
    "ID Number": "4828097"
  },
  {
    "ID Number": "4823192"
  },
  {
    "ID Number": "4815483"
  },
  {
    "ID Number": "4817273"
  },
  {
    "ID Number": "4814100"
  },
  {
    "ID Number": "4805453"
  },
  {
    "ID Number": "4806468"
  },
  {
    "ID Number": "4836790"
  },
  {
    "ID Number": "4818270"
  },
  {
    "ID Number": "4843320"
  },
  {
    "ID Number": "4834984"
  },
  {
    "ID Number": "4820622"
  },
  {
    "ID Number": "4801059"
  },
  {
    "ID Number": "4822293"
  },
  {
    "ID Number": "4822307"
  },
  {
    "ID Number": "4814177"
  },
  {
    "ID Number": "4818733"
  },
  {
    "ID Number": "4813103"
  },
  {
    "ID Number": "4816285"
  },
  {
    "ID Number": "4838157"
  },
  {
    "ID Number": "4832620"
  },
  {
    "ID Number": "4843924"
  },
  {
    "ID Number": "4828364"
  },
  {
    "ID Number": "4804651"
  },
  {
    "ID Number": "4818008"
  },
  {
    "ID Number": "4831810"
  },
  {
    "ID Number": "4825128"
  },
  {
    "ID Number": "4803353"
  },
  {
    "ID Number": "4827899"
  },
  {
    "ID Number": "4837690"
  },
  {
    "ID Number": "4818288"
  },
  {
    "ID Number": "4832019"
  },
  {
    "ID Number": "4832639"
  },
  {
    "ID Number": "4821734"
  },
  {
    "ID Number": "4842677"
  },
  {
    "ID Number": "4834992"
  },
  {
    "ID Number": "4800435"
  },
  {
    "ID Number": "4820886"
  },
  {
    "ID Number": "4822315"
  },
  {
    "ID Number": "4824989"
  },
  {
    "ID Number": "4826884"
  },
  {
    "ID Number": "4808568"
  },
  {
    "ID Number": "4841328"
  },
  {
    "ID Number": "4831829"
  },
  {
    "ID Number": "4823206"
  },
  {
    "ID Number": "4818180"
  },
  {
    "ID Number": "4829573"
  },
  {
    "ID Number": "4804660"
  },
  {
    "ID Number": "4819306"
  },
  {
    "ID Number": "4811283"
  },
  {
    "ID Number": "4825160"
  },
  {
    "ID Number": "4802578"
  },
  {
    "ID Number": "4821173"
  },
  {
    "ID Number": "4806409"
  },
  {
    "ID Number": "4824172"
  },
  {
    "ID Number": "4809343"
  },
  {
    "ID Number": "4836189"
  },
  {
    "ID Number": "4835000"
  },
  {
    "ID Number": "4805852"
  },
  {
    "ID Number": "4812190"
  },
  {
    "ID Number": "4813596"
  },
  {
    "ID Number": "4815246"
  },
  {
    "ID Number": "4821181"
  },
  {
    "ID Number": "4816226"
  },
  {
    "ID Number": "4820444"
  },
  {
    "ID Number": "4818415"
  },
  {
    "ID Number": "4843932"
  },
  {
    "ID Number": "4843339"
  },
  {
    "ID Number": "4840186"
  },
  {
    "ID Number": "4836804"
  },
  {
    "ID Number": "4802110"
  },
  {
    "ID Number": "4801288"
  },
  {
    "ID Number": "4836197"
  },
  {
    "ID Number": "4807316"
  },
  {
    "ID Number": "4815254"
  },
  {
    "ID Number": "4823575"
  },
  {
    "ID Number": "4818423"
  },
  {
    "ID Number": "4814827"
  },
  {
    "ID Number": "4811763"
  },
  {
    "ID Number": "4841344"
  },
  {
    "ID Number": "4814134"
  },
  {
    "ID Number": "4808835"
  },
  {
    "ID Number": "4814274"
  },
  {
    "ID Number": "4824180"
  },
  {
    "ID Number": "4838688"
  },
  {
    "ID Number": "4838416"
  },
  {
    "ID Number": "4807421"
  },
  {
    "ID Number": "4819527"
  },
  {
    "ID Number": "4823222"
  },
  {
    "ID Number": "4828267"
  },
  {
    "ID Number": "4806174"
  },
  {
    "ID Number": "4807901"
  },
  {
    "ID Number": "4816706"
  },
  {
    "ID Number": "4842812"
  },
  {
    "ID Number": "4836200"
  },
  {
    "ID Number": "4831080"
  },
  {
    "ID Number": "4829336"
  },
  {
    "ID Number": "4841832"
  },
  {
    "ID Number": "4800044"
  },
  {
    "ID Number": "4810732"
  },
  {
    "ID Number": "4838432"
  },
  {
    "ID Number": "4839846"
  },
  {
    "ID Number": "4811771"
  },
  {
    "ID Number": "4807430"
  },
  {
    "ID Number": "4841042"
  },
  {
    "ID Number": "4841050"
  },
  {
    "ID Number": "4801261"
  },
  {
    "ID Number": "4811518"
  },
  {
    "ID Number": "4837495"
  },
  {
    "ID Number": "4838580"
  },
  {
    "ID Number": "4808843"
  },
  {
    "ID Number": "4811577"
  },
  {
    "ID Number": "4801792"
  },
  {
    "ID Number": "4811992"
  },
  {
    "ID Number": "4810481"
  },
  {
    "ID Number": "4830920"
  },
  {
    "ID Number": "4833430"
  },
  {
    "ID Number": "4808673"
  },
  {
    "ID Number": "4837509"
  },
  {
    "ID Number": "4802144"
  },
  {
    "ID Number": "4803400"
  },
  {
    "ID Number": "4810430"
  },
  {
    "ID Number": "4820142"
  },
  {
    "ID Number": "4817435"
  },
  {
    "ID Number": "4805895"
  },
  {
    "ID Number": "4805283"
  },
  {
    "ID Number": "4808851"
  },
  {
    "ID Number": "4814967"
  },
  {
    "ID Number": "4832027"
  },
  {
    "ID Number": "4845331"
  },
  {
    "ID Number": "4825624"
  },
  {
    "ID Number": "4838459"
  },
  {
    "ID Number": "4823249"
  },
  {
    "ID Number": "4814185"
  },
  {
    "ID Number": "4826396"
  },
  {
    "ID Number": "4828275"
  },
  {
    "ID Number": "4826400"
  },
  {
    "ID Number": "4842340"
  },
  {
    "ID Number": "4836820"
  },
  {
    "ID Number": "4824687"
  },
  {
    "ID Number": "4836464"
  },
  {
    "ID Number": "4838190"
  },
  {
    "ID Number": "4832230"
  },
  {
    "ID Number": "4843347"
  },
  {
    "ID Number": "4831225"
  },
  {
    "ID Number": "4822340"
  },
  {
    "ID Number": "4825136"
  },
  {
    "ID Number": "4843126"
  },
  {
    "ID Number": "4841085"
  },
  {
    "ID Number": "4840208"
  },
  {
    "ID Number": "4817184"
  },
  {
    "ID Number": "4812999"
  },
  {
    "ID Number": "4842588"
  },
  {
    "ID Number": "4841352"
  },
  {
    "ID Number": "4821220"
  },
  {
    "ID Number": "4826418"
  },
  {
    "ID Number": "4841360"
  },
  {
    "ID Number": "4836219"
  },
  {
    "ID Number": "4843959"
  },
  {
    "ID Number": "4839358"
  },
  {
    "ID Number": "4814282"
  },
  {
    "ID Number": "4821238"
  },
  {
    "ID Number": "4845358"
  },
  {
    "ID Number": "4820657"
  },
  {
    "ID Number": "4835018"
  },
  {
    "ID Number": "4828984"
  },
  {
    "ID Number": "4843576"
  },
  {
    "ID Number": "4822358"
  },
  {
    "ID Number": "4841840"
  },
  {
    "ID Number": "4845366"
  },
  {
    "ID Number": "4826426"
  },
  {
    "ID Number": "4812611"
  },
  {
    "ID Number": "4837207"
  },
  {
    "ID Number": "4842880"
  },
  {
    "ID Number": "4823591"
  },
  {
    "ID Number": "4818067"
  },
  {
    "ID Number": "4802799"
  },
  {
    "ID Number": "4836472"
  },
  {
    "ID Number": "4843134"
  },
  {
    "ID Number": "4814525"
  },
  {
    "ID Number": "4829670"
  },
  {
    "ID Number": "4836367"
  },
  {
    "ID Number": "4815289"
  },
  {
    "ID Number": "4837894"
  },
  {
    "ID Number": "4820134"
  },
  {
    "ID Number": "4817150"
  },
  {
    "ID Number": "4821246"
  },
  {
    "ID Number": "4822366"
  },
  {
    "ID Number": "4813820"
  },
  {
    "ID Number": "4836855"
  },
  {
    "ID Number": "4842359"
  },
  {
    "ID Number": "4805216"
  },
  {
    "ID Number": "4830601"
  },
  {
    "ID Number": "4832647"
  },
  {
    "ID Number": "4812832"
  },
  {
    "ID Number": "4814878"
  },
  {
    "ID Number": "4833970"
  },
  {
    "ID Number": "4827910"
  },
  {
    "ID Number": "4821254"
  },
  {
    "ID Number": "4821262"
  },
  {
    "ID Number": "4836480"
  },
  {
    "ID Number": "4845374"
  },
  {
    "ID Number": "4826892"
  },
  {
    "ID Number": "4823605"
  },
  {
    "ID Number": "4844823"
  },
  {
    "ID Number": "4820452"
  },
  {
    "ID Number": "4820916"
  },
  {
    "ID Number": "4839870"
  },
  {
    "ID Number": "4838653"
  },
  {
    "ID Number": "4834330"
  },
  {
    "ID Number": "4817788"
  },
  {
    "ID Number": "4814428"
  },
  {
    "ID Number": "4820665"
  },
  {
    "ID Number": "4814355"
  },
  {
    "ID Number": "4845382"
  },
  {
    "ID Number": "4810503"
  },
  {
    "ID Number": "4816145"
  },
  {
    "ID Number": "4834755"
  },
  {
    "ID Number": "4817915"
  },
  {
    "ID Number": "4837908"
  },
  {
    "ID Number": "4843355"
  },
  {
    "ID Number": "4827929"
  },
  {
    "ID Number": "4817796"
  },
  {
    "ID Number": "4835344"
  },
  {
    "ID Number": "4828399"
  },
  {
    "ID Number": "4832655"
  },
  {
    "ID Number": "369105380"
  },
  {
    "ID Number": "4833597"
  },
  {
    "ID Number": "4840771"
  },
  {
    "ID Number": "4825314"
  },
  {
    "ID Number": "4801695"
  },
  {
    "ID Number": "4805070"
  },
  {
    "ID Number": "4836499"
  },
  {
    "ID Number": "4828291"
  },
  {
    "ID Number": "4815050"
  },
  {
    "ID Number": "4807456"
  },
  {
    "ID Number": "4830326"
  },
  {
    "ID Number": "4845390"
  },
  {
    "ID Number": "4842391"
  },
  {
    "ID Number": "4842600"
  },
  {
    "ID Number": "4841875"
  },
  {
    "ID Number": "4845404"
  },
  {
    "ID Number": "4827368"
  },
  {
    "ID Number": "4802829"
  },
  {
    "ID Number": "4820207"
  },
  {
    "ID Number": "4821777"
  },
  {
    "ID Number": "4810775"
  },
  {
    "ID Number": "4809173"
  },
  {
    "ID Number": "4819250"
  },
  {
    "ID Number": "4809874"
  },
  {
    "ID Number": "4811615"
  },
  {
    "ID Number": "4812247"
  },
  {
    "ID Number": "4810406"
  },
  {
    "ID Number": "4807928"
  },
  {
    "ID Number": "4809815"
  },
  {
    "ID Number": "4832060"
  },
  {
    "ID Number": "4831110"
  },
  {
    "ID Number": "4827376"
  },
  {
    "ID Number": "4832256"
  },
  {
    "ID Number": "4821300"
  },
  {
    "ID Number": "4822730"
  },
  {
    "ID Number": "4845420"
  },
  {
    "ID Number": "4813502"
  },
  {
    "ID Number": "4831942"
  },
  {
    "ID Number": "4814584"
  },
  {
    "ID Number": "4820169"
  },
  {
    "ID Number": "4829379"
  },
  {
    "ID Number": "4828402"
  },
  {
    "ID Number": "4819780"
  },
  {
    "ID Number": "4819870"
  },
  {
    "ID Number": "4812425"
  },
  {
    "ID Number": "4830776"
  },
  {
    "ID Number": "4845447"
  },
  {
    "ID Number": "4822404"
  },
  {
    "ID Number": "4828305"
  },
  {
    "ID Number": "4840798"
  },
  {
    "ID Number": "4840046"
  },
  {
    "ID Number": "4821521"
  },
  {
    "ID Number": "4821327"
  },
  {
    "ID Number": "4827597"
  },
  {
    "ID Number": "4819357"
  },
  {
    "ID Number": "4824709"
  },
  {
    "ID Number": "4845455"
  },
  {
    "ID Number": "4816293"
  },
  {
    "ID Number": "4841921"
  },
  {
    "ID Number": "4838742"
  },
  {
    "ID Number": "4814673"
  },
  {
    "ID Number": "4813146"
  },
  {
    "ID Number": "4831950"
  },
  {
    "ID Number": "4806255"
  },
  {
    "ID Number": "4806980"
  },
  {
    "ID Number": "4823281"
  },
  {
    "ID Number": "4830636"
  },
  {
    "ID Number": "4801415"
  },
  {
    "ID Number": "4811356"
  },
  {
    "ID Number": "4800320"
  },
  {
    "ID Number": "4812298"
  },
  {
    "ID Number": "4816307"
  },
  {
    "ID Number": "4815491"
  },
  {
    "ID Number": "4834380"
  },
  {
    "ID Number": "4840216"
  },
  {
    "ID Number": "4801890"
  },
  {
    "ID Number": "4807944"
  },
  {
    "ID Number": "4819888"
  },
  {
    "ID Number": "4841409"
  },
  {
    "ID Number": "4816943"
  },
  {
    "ID Number": "4812794"
  },
  {
    "ID Number": "4805976"
  },
  {
    "ID Number": "4812336"
  },
  {
    "ID Number": "4812948"
  },
  {
    "ID Number": "4814363"
  },
  {
    "ID Number": "4829549"
  },
  {
    "ID Number": "4845498"
  },
  {
    "ID Number": "4835760"
  },
  {
    "ID Number": "4818440"
  },
  {
    "ID Number": "4805046"
  },
  {
    "ID Number": "4806883"
  },
  {
    "ID Number": "4817192"
  },
  {
    "ID Number": "4809394"
  },
  {
    "ID Number": "4813510"
  },
  {
    "ID Number": "4800249"
  },
  {
    "ID Number": "1504690"
  },
  {
    "ID Number": "4823796"
  },
  {
    "ID Number": "4808967"
  },
  {
    "ID Number": "4806620"
  },
  {
    "ID Number": "4817389"
  },
  {
    "ID Number": "4812239"
  },
  {
    "ID Number": "4813529"
  },
  {
    "ID Number": "4835026"
  },
  {
    "ID Number": "4832078"
  },
  {
    "ID Number": "4816951"
  },
  {
    "ID Number": "4833210"
  },
  {
    "ID Number": "4829697"
  },
  {
    "ID Number": "4829042"
  },
  {
    "ID Number": "4831730"
  },
  {
    "ID Number": "4840224"
  },
  {
    "ID Number": "4835492"
  },
  {
    "ID Number": "4825640"
  },
  {
    "ID Number": "4820258"
  },
  {
    "ID Number": "4821912"
  },
  {
    "ID Number": "4815912"
  },
  {
    "ID Number": "369105390"
  },
  {
    "ID Number": "4835778"
  },
  {
    "ID Number": "4813154"
  },
  {
    "ID Number": "4843363"
  },
  {
    "ID Number": "4822420"
  },
  {
    "ID Number": "4818199"
  },
  {
    "ID Number": "4826752"
  },
  {
    "ID Number": "4818296"
  },
  {
    "ID Number": "4826647"
  },
  {
    "ID Number": "4827953"
  },
  {
    "ID Number": "4833791"
  },
  {
    "ID Number": "4824202"
  },
  {
    "ID Number": "4814533"
  },
  {
    "ID Number": "4838211"
  },
  {
    "ID Number": "4814193"
  },
  {
    "ID Number": "4814207"
  },
  {
    "ID Number": "4825004"
  },
  {
    "ID Number": "4838220"
  },
  {
    "ID Number": "4832663"
  },
  {
    "ID Number": "4820371"
  },
  {
    "ID Number": "4811534"
  },
  {
    "ID Number": "4816960"
  },
  {
    "ID Number": "4809653"
  },
  {
    "ID Number": "4838947"
  },
  {
    "ID Number": "4822765"
  },
  {
    "ID Number": "4808681"
  },
  {
    "ID Number": "4802888"
  },
  {
    "ID Number": "4822455"
  },
  {
    "ID Number": "4835786"
  },
  {
    "ID Number": "4805992"
  },
  {
    "ID Number": "4811020"
  },
  {
    "ID Number": "4823621"
  },
  {
    "ID Number": "4823320"
  },
  {
    "ID Number": "4809645"
  },
  {
    "ID Number": "4835042"
  },
  {
    "ID Number": "4833228"
  },
  {
    "ID Number": "4806212"
  },
  {
    "ID Number": "4801857"
  },
  {
    "ID Number": "4820690"
  },
  {
    "ID Number": "4832310"
  },
  {
    "ID Number": "4807987"
  },
  {
    "ID Number": "4831403"
  },
  {
    "ID Number": "4843150"
  },
  {
    "ID Number": "4834127"
  },
  {
    "ID Number": "4835050"
  },
  {
    "ID Number": "4800966"
  },
  {
    "ID Number": "4806646"
  },
  {
    "ID Number": "4838661"
  },
  {
    "ID Number": "4824717"
  },
  {
    "ID Number": "4827961"
  },
  {
    "ID Number": "4809432"
  },
  {
    "ID Number": "4843185"
  },
  {
    "ID Number": "4814711"
  },
  {
    "ID Number": "4807200"
  },
  {
    "ID Number": "4823893"
  },
  {
    "ID Number": "4840054"
  },
  {
    "ID Number": "4803442"
  },
  {
    "ID Number": "4806654"
  },
  {
    "ID Number": "4816978"
  },
  {
    "ID Number": "4820380"
  },
  {
    "ID Number": "4821424"
  },
  {
    "ID Number": "4819535"
  },
  {
    "ID Number": "4832337"
  },
  {
    "ID Number": "4841433"
  },
  {
    "ID Number": "4841441"
  },
  {
    "ID Number": "4808649"
  },
  {
    "ID Number": "4821432"
  },
  {
    "ID Number": "4820290"
  },
  {
    "ID Number": "4816110"
  },
  {
    "ID Number": "4836022"
  },
  {
    "ID Number": "4833236"
  },
  {
    "ID Number": "4832094"
  },
  {
    "ID Number": "4833902"
  },
  {
    "ID Number": "4821440"
  },
  {
    "ID Number": "4825497"
  },
  {
    "ID Number": "4835077"
  },
  {
    "ID Number": "4832108"
  },
  {
    "ID Number": "4802187"
  },
  {
    "ID Number": "4808908"
  },
  {
    "ID Number": "4836375"
  },
  {
    "ID Number": "4816323"
  },
  {
    "ID Number": "4816129"
  },
  {
    "ID Number": "4832698"
  },
  {
    "ID Number": "4814720"
  },
  {
    "ID Number": "4840526"
  },
  {
    "ID Number": "4810589"
  },
  {
    "ID Number": "4811291"
  },
  {
    "ID Number": "4807529"
  },
  {
    "ID Number": "4818300"
  },
  {
    "ID Number": "4813537"
  },
  {
    "ID Number": "4809670"
  },
  {
    "ID Number": "4805950"
  },
  {
    "ID Number": "4826450"
  },
  {
    "ID Number": "4816994"
  },
  {
    "ID Number": "4812964"
  },
  {
    "ID Number": "4806280"
  },
  {
    "ID Number": "4815505"
  },
  {
    "ID Number": "4830415"
  },
  {
    "ID Number": "4826086"
  },
  {
    "ID Number": "4802918"
  },
  {
    "ID Number": "4827139"
  },
  {
    "ID Number": "4801423"
  },
  {
    "ID Number": "4824008"
  },
  {
    "ID Number": "4825853"
  },
  {
    "ID Number": "4803272"
  },
  {
    "ID Number": "4802942"
  },
  {
    "ID Number": "4816730"
  },
  {
    "ID Number": "4813839"
  },
  {
    "ID Number": "4814851"
  },
  {
    "ID Number": "4844840"
  },
  {
    "ID Number": "4844858"
  },
  {
    "ID Number": "4809866"
  },
  {
    "ID Number": "4823362"
  },
  {
    "ID Number": "4826094"
  },
  {
    "ID Number": "4817290"
  },
  {
    "ID Number": "4817397"
  },
  {
    "ID Number": "4815513"
  },
  {
    "ID Number": "4831462"
  },
  {
    "ID Number": "4818784"
  },
  {
    "ID Number": "4824016"
  },
  {
    "ID Number": "4823370"
  },
  {
    "ID Number": "4826469"
  },
  {
    "ID Number": "4815785"
  },
  {
    "ID Number": "4819470"
  },
  {
    "ID Number": "4810740"
  },
  {
    "ID Number": "4845510"
  },
  {
    "ID Number": "4825098"
  },
  {
    "ID Number": "4824873"
  },
  {
    "ID Number": "4814371"
  },
  {
    "ID Number": "4800915"
  },
  {
    "ID Number": "4822463"
  },
  {
    "ID Number": "4834003"
  },
  {
    "ID Number": "4830652"
  },
  {
    "ID Number": "4825896"
  },
  {
    "ID Number": "4818202"
  },
  {
    "ID Number": "4835816"
  },
  {
    "ID Number": "4813600"
  },
  {
    "ID Number": "4819985"
  },
  {
    "ID Number": "4830660"
  },
  {
    "ID Number": "4833619"
  },
  {
    "ID Number": "4838955"
  },
  {
    "ID Number": "4806298"
  },
  {
    "ID Number": "4832965"
  },
  {
    "ID Number": "4800575"
  },
  {
    "ID Number": "4809955"
  },
  {
    "ID Number": "4835824"
  },
  {
    "ID Number": "4843380"
  },
  {
    "ID Number": "4814002"
  },
  {
    "ID Number": "4821360"
  },
  {
    "ID Number": "4817214"
  },
  {
    "ID Number": "4813464"
  },
  {
    "ID Number": "4822471"
  },
  {
    "ID Number": "4840828"
  },
  {
    "ID Number": "4834011"
  },
  {
    "ID Number": "4819489"
  },
  {
    "ID Number": "4821920"
  },
  {
    "ID Number": "4814738"
  },
  {
    "ID Number": "4803876"
  },
  {
    "ID Number": "4838963"
  },
  {
    "ID Number": "4804961"
  },
  {
    "ID Number": "4839943"
  },
  {
    "ID Number": "4831420"
  },
  {
    "ID Number": "4809610"
  },
  {
    "ID Number": "4840534"
  },
  {
    "ID Number": "4827996"
  },
  {
    "ID Number": "4835832"
  },
  {
    "ID Number": "4835859"
  },
  {
    "ID Number": "4818792"
  },
  {
    "ID Number": "4820312"
  },
  {
    "ID Number": "4813383"
  },
  {
    "ID Number": "4807219"
  },
  {
    "ID Number": "4812956"
  },
  {
    "ID Number": "4802357"
  },
  {
    "ID Number": "4835093"
  },
  {
    "ID Number": "4822811"
  },
  {
    "ID Number": "4808037"
  },
  {
    "ID Number": "4832116"
  },
  {
    "ID Number": "4831438"
  },
  {
    "ID Number": "4831446"
  },
  {
    "ID Number": "4809033"
  },
  {
    "ID Number": "4801121"
  },
  {
    "ID Number": "4838971"
  },
  {
    "ID Number": "4840321"
  },
  {
    "ID Number": "4818814"
  },
  {
    "ID Number": "4819209"
  },
  {
    "ID Number": "4814541"
  },
  {
    "ID Number": "4812646"
  },
  {
    "ID Number": "4832710"
  },
  {
    "ID Number": "4818210"
  },
  {
    "ID Number": "4812310"
  },
  {
    "ID Number": "4835107"
  },
  {
    "ID Number": "4835867"
  },
  {
    "ID Number": "4840542"
  },
  {
    "ID Number": "4800630"
  },
  {
    "ID Number": "4838980"
  },
  {
    "ID Number": "4816579"
  },
  {
    "ID Number": "4808240"
  },
  {
    "ID Number": "4810368"
  },
  {
    "ID Number": "4819993"
  },
  {
    "ID Number": "4835875"
  },
  {
    "ID Number": "4824237"
  },
  {
    "ID Number": "4836243"
  },
  {
    "ID Number": "4828003"
  },
  {
    "ID Number": "4802438"
  },
  {
    "ID Number": "4835891"
  },
  {
    "ID Number": "4841581"
  },
  {
    "ID Number": "4801202"
  },
  {
    "ID Number": "4805828"
  },
  {
    "ID Number": "4832132"
  },
  {
    "ID Number": "4823737"
  },
  {
    "ID Number": "4841484"
  },
  {
    "ID Number": "4825144"
  },
  {
    "ID Number": "4815599"
  },
  {
    "ID Number": "4831764"
  },
  {
    "ID Number": "4828143"
  },
  {
    "ID Number": "4828410"
  },
  {
    "ID Number": "4825900"
  },
  {
    "ID Number": "4804821"
  },
  {
    "ID Number": "4815939"
  },
  {
    "ID Number": "4806301"
  },
  {
    "ID Number": "4803825"
  },
  {
    "ID Number": "4830369"
  },
  {
    "ID Number": "4828011"
  },
  {
    "ID Number": "4808355"
  },
  {
    "ID Number": "4812000"
  },
  {
    "ID Number": "4820975"
  },
  {
    "ID Number": "4826493"
  },
  {
    "ID Number": "4802551"
  },
  {
    "ID Number": "4818229"
  },
  {
    "ID Number": "4843770"
  },
  {
    "ID Number": "4830245"
  },
  {
    "ID Number": "4802950"
  },
  {
    "ID Number": "4807006"
  },
  {
    "ID Number": "4805330"
  },
  {
    "ID Number": "4808169"
  },
  {
    "ID Number": "4800958"
  },
  {
    "ID Number": "4820754"
  },
  {
    "ID Number": "4803833"
  },
  {
    "ID Number": "4820479"
  },
  {
    "ID Number": "4806190"
  },
  {
    "ID Number": "4830334"
  },
  {
    "ID Number": "4828429"
  },
  {
    "ID Number": "4824032"
  },
  {
    "ID Number": "4837762"
  },
  {
    "ID Number": "4820029"
  },
  {
    "ID Number": "4807723"
  },
  {
    "ID Number": "4830253"
  },
  {
    "ID Number": "4842731"
  },
  {
    "ID Number": "4809238"
  },
  {
    "ID Number": "4820932"
  },
  {
    "ID Number": "4808665"
  },
  {
    "ID Number": "4830342"
  },
  {
    "ID Number": "4809521"
  },
  {
    "ID Number": "4838262"
  },
  {
    "ID Number": "4814290"
  },
  {
    "ID Number": "4832744"
  },
  {
    "ID Number": "4826507"
  },
  {
    "ID Number": "4817028"
  },
  {
    "ID Number": "4834399"
  },
  {
    "ID Number": "4819225"
  },
  {
    "ID Number": "4814860"
  },
  {
    "ID Number": "4823800"
  },
  {
    "ID Number": "4824750"
  },
  {
    "ID Number": "4835956"
  },
  {
    "ID Number": "4804350"
  },
  {
    "ID Number": "4800494"
  },
  {
    "ID Number": "4820940"
  },
  {
    "ID Number": "4842987"
  },
  {
    "ID Number": "4821840"
  },
  {
    "ID Number": "4814304"
  },
  {
    "ID Number": "4813170"
  },
  {
    "ID Number": "4811194"
  },
  {
    "ID Number": "4809823"
  },
  {
    "ID Number": "4809530"
  },
  {
    "ID Number": "4812220"
  },
  {
    "ID Number": "4829930"
  },
  {
    "ID Number": "4831853"
  },
  {
    "ID Number": "4818830"
  },
  {
    "ID Number": "4834402"
  },
  {
    "ID Number": "4842618"
  },
  {
    "ID Number": "4829085"
  },
  {
    "ID Number": "4841158"
  },
  {
    "ID Number": "4808428"
  },
  {
    "ID Number": "4833910"
  },
  {
    "ID Number": "4808932"
  },
  {
    "ID Number": "4844025"
  },
  {
    "ID Number": "4816331"
  },
  {
    "ID Number": "4839218"
  },
  {
    "ID Number": "4840577"
  },
  {
    "ID Number": "4823451"
  },
  {
    "ID Number": "4824539"
  },
  {
    "ID Number": "4832299"
  },
  {
    "ID Number": "4820398"
  },
  {
    "ID Number": "4840852"
  },
  {
    "ID Number": "4810325"
  },
  {
    "ID Number": "4805305"
  },
  {
    "ID Number": "4808096"
  },
  {
    "ID Number": "4825390"
  },
  {
    "ID Number": "4812077"
  },
  {
    "ID Number": "4810473"
  },
  {
    "ID Number": "4824890"
  },
  {
    "ID Number": "4836049"
  },
  {
    "ID Number": "4840259"
  },
  {
    "ID Number": "4840070"
  },
  {
    "ID Number": "4824245"
  },
  {
    "ID Number": "4823478"
  },
  {
    "ID Number": "4811607"
  },
  {
    "ID Number": "4811623"
  },
  {
    "ID Number": "4812654"
  },
  {
    "ID Number": "4820959"
  },
  {
    "ID Number": "4826515"
  },
  {
    "ID Number": "4838556"
  },
  {
    "ID Number": "4813006"
  },
  {
    "ID Number": "4829123"
  },
  {
    "ID Number": "4840860"
  },
  {
    "ID Number": "4837614"
  },
  {
    "ID Number": "4826930"
  },
  {
    "ID Number": "4822854"
  },
  {
    "ID Number": "4817869"
  },
  {
    "ID Number": "4819918"
  },
  {
    "ID Number": "4843983"
  },
  {
    "ID Number": "4814924"
  },
  {
    "ID Number": "4811011"
  },
  {
    "ID Number": "4822862"
  },
  {
    "ID Number": "4828437"
  },
  {
    "ID Number": "4840330"
  },
  {
    "ID Number": "4835115"
  },
  {
    "ID Number": "4830377"
  },
  {
    "ID Number": "4840275"
  },
  {
    "ID Number": "4814312"
  },
  {
    "ID Number": "4832140"
  },
  {
    "ID Number": "4840348"
  },
  {
    "ID Number": "4818857"
  },
  {
    "ID Number": "4817400"
  },
  {
    "ID Number": "4817559"
  },
  {
    "ID Number": "4803361"
  },
  {
    "ID Number": "4802535"
  }
]