[
  {
    "ID Number": "16506723"
  },
  {
    "ID Number": "918776"
  },
  {
    "ID Number": "16506693"
  },
  {
    "ID Number": "939811"
  },
  {
    "ID Number": "16503465"
  },
  {
    "ID Number": "16508572"
  },
  {
    "ID Number": "16510437"
  },
  {
    "ID Number": "909556"
  },
  {
    "ID Number": "16501098"
  },
  {
    "ID Number": "921513"
  },
  {
    "ID Number": "16504925"
  },
  {
    "ID Number": "16500024"
  },
  {
    "ID Number": "919659"
  },
  {
    "ID Number": "936707"
  },
  {
    "ID Number": "16501632"
  },
  {
    "ID Number": "16504917"
  },
  {
    "ID Number": "942332"
  },
  {
    "ID Number": "16502094"
  },
  {
    "ID Number": "16502086"
  },
  {
    "ID Number": "16504569"
  },
  {
    "ID Number": "921424"
  },
  {
    "ID Number": "16502493"
  },
  {
    "ID Number": "16509730"
  },
  {
    "ID Number": "16500695"
  },
  {
    "ID Number": "16501268"
  },
  {
    "ID Number": "4135229"
  },
  {
    "ID Number": "941824"
  },
  {
    "ID Number": "16509366"
  },
  {
    "ID Number": "16501314"
  },
  {
    "ID Number": "16505255"
  },
  {
    "ID Number": "903914"
  },
  {
    "ID Number": "16500466"
  },
  {
    "ID Number": "16507266"
  },
  {
    "ID Number": "16500245"
  },
  {
    "ID Number": "16508580"
  },
  {
    "ID Number": "918636"
  },
  {
    "ID Number": "16502108"
  },
  {
    "ID Number": "16500644"
  },
  {
    "ID Number": "16509609"
  },
  {
    "ID Number": "16504577"
  },
  {
    "ID Number": "16505077"
  },
  {
    "ID Number": "940925"
  },
  {
    "ID Number": "16503473"
  },
  {
    "ID Number": "16508327"
  },
  {
    "ID Number": "16506170"
  },
  {
    "ID Number": "16500229"
  },
  {
    "ID Number": "920800"
  },
  {
    "ID Number": "913880"
  },
  {
    "ID Number": "924202"
  },
  {
    "ID Number": "907928"
  },
  {
    "ID Number": "16506138"
  },
  {
    "ID Number": "936715"
  },
  {
    "ID Number": "900885"
  },
  {
    "ID Number": "916773"
  },
  {
    "ID Number": "909602"
  },
  {
    "ID Number": "16508033"
  },
  {
    "ID Number": "16505085"
  },
  {
    "ID Number": "16513622"
  },
  {
    "ID Number": "16508807"
  },
  {
    "ID Number": "16504526"
  },
  {
    "ID Number": "16501306"
  },
  {
    "ID Number": "917796"
  },
  {
    "ID Number": "16512758"
  },
  {
    "ID Number": "16500326"
  },
  {
    "ID Number": "940976"
  },
  {
    "ID Number": "16506235"
  },
  {
    "ID Number": "936456"
  },
  {
    "ID Number": "903663"
  },
  {
    "ID Number": "16500253"
  },
  {
    "ID Number": "16501535"
  },
  {
    "ID Number": "16508963"
  },
  {
    "ID Number": "914843"
  },
  {
    "ID Number": "918458"
  },
  {
    "ID Number": "16509269"
  },
  {
    "ID Number": "16505310"
  },
  {
    "ID Number": "16501330"
  },
  {
    "ID Number": "936464"
  },
  {
    "ID Number": "939641"
  },
  {
    "ID Number": "909645"
  },
  {
    "ID Number": "16505093"
  },
  {
    "ID Number": "16503651"
  },
  {
    "ID Number": "16502884"
  },
  {
    "ID Number": "923290"
  },
  {
    "ID Number": "16500202"
  },
  {
    "ID Number": "918628"
  },
  {
    "ID Number": "16512251"
  },
  {
    "ID Number": "16512260"
  },
  {
    "ID Number": "907588"
  },
  {
    "ID Number": "913847"
  },
  {
    "ID Number": "16503791"
  },
  {
    "ID Number": "16502965"
  },
  {
    "ID Number": "16501896"
  },
  {
    "ID Number": "16502868"
  },
  {
    "ID Number": "16505689"
  },
  {
    "ID Number": "16500717"
  },
  {
    "ID Number": "16504747"
  },
  {
    "ID Number": "16504755"
  },
  {
    "ID Number": "912727"
  },
  {
    "ID Number": "903558"
  },
  {
    "ID Number": "16510585"
  },
  {
    "ID Number": "16509382"
  },
  {
    "ID Number": "909670"
  },
  {
    "ID Number": "926078"
  },
  {
    "ID Number": "16510704"
  },
  {
    "ID Number": "16510690"
  },
  {
    "ID Number": "16507444"
  },
  {
    "ID Number": "16505425"
  },
  {
    "ID Number": "936731"
  },
  {
    "ID Number": "16508050"
  },
  {
    "ID Number": "939650"
  },
  {
    "ID Number": "16508319"
  },
  {
    "ID Number": "16509749"
  },
  {
    "ID Number": "16501349"
  },
  {
    "ID Number": "903531"
  },
  {
    "ID Number": "921459"
  },
  {
    "ID Number": "16509390"
  },
  {
    "ID Number": "16509285"
  },
  {
    "ID Number": "903930"
  },
  {
    "ID Number": "933872"
  },
  {
    "ID Number": "920290"
  },
  {
    "ID Number": "16500334"
  },
  {
    "ID Number": "920304"
  },
  {
    "ID Number": "16508874"
  },
  {
    "ID Number": "922412"
  },
  {
    "ID Number": "16500121"
  },
  {
    "ID Number": "16511123"
  },
  {
    "ID Number": "16503902"
  },
  {
    "ID Number": "16508769"
  },
  {
    "ID Number": "16504780"
  },
  {
    "ID Number": "16510780"
  },
  {
    "ID Number": "931306"
  },
  {
    "ID Number": "16506774"
  },
  {
    "ID Number": "927260"
  },
  {
    "ID Number": "900397"
  },
  {
    "ID Number": "16502027"
  },
  {
    "ID Number": "944327"
  },
  {
    "ID Number": "944335"
  },
  {
    "ID Number": "16504909"
  },
  {
    "ID Number": "16509200"
  },
  {
    "ID Number": "907642"
  },
  {
    "ID Number": "909734"
  },
  {
    "ID Number": "16504224"
  },
  {
    "ID Number": "909750"
  },
  {
    "ID Number": "16509650"
  },
  {
    "ID Number": "16509668"
  },
  {
    "ID Number": "16510127"
  },
  {
    "ID Number": "16500431"
  },
  {
    "ID Number": "16507983"
  },
  {
    "ID Number": "900311"
  },
  {
    "ID Number": "16506669"
  },
  {
    "ID Number": "16502124"
  },
  {
    "ID Number": "903698"
  },
  {
    "ID Number": "16510879"
  },
  {
    "ID Number": "16510410"
  },
  {
    "ID Number": "16500288"
  },
  {
    "ID Number": "903060"
  },
  {
    "ID Number": "16506430"
  },
  {
    "ID Number": "936740"
  },
  {
    "ID Number": "16509226"
  },
  {
    "ID Number": "906220"
  },
  {
    "ID Number": "903710"
  },
  {
    "ID Number": "941743"
  },
  {
    "ID Number": "16505905"
  },
  {
    "ID Number": "16502906"
  },
  {
    "ID Number": "16500989"
  },
  {
    "ID Number": "16507371"
  },
  {
    "ID Number": "16505344"
  },
  {
    "ID Number": "16503805"
  },
  {
    "ID Number": "16504623"
  },
  {
    "ID Number": "909777"
  },
  {
    "ID Number": "16501837"
  },
  {
    "ID Number": "16500490"
  },
  {
    "ID Number": "4156021"
  },
  {
    "ID Number": "900095"
  },
  {
    "ID Number": "16500857"
  },
  {
    "ID Number": "909815"
  },
  {
    "ID Number": "16504976"
  },
  {
    "ID Number": "903728"
  },
  {
    "ID Number": "16509307"
  },
  {
    "ID Number": "16506383"
  },
  {
    "ID Number": "930920"
  },
  {
    "ID Number": "16503210"
  },
  {
    "ID Number": "16505697"
  },
  {
    "ID Number": "16507231"
  },
  {
    "ID Number": "16510895"
  },
  {
    "ID Number": "16500474"
  },
  {
    "ID Number": "16510712"
  },
  {
    "ID Number": "909831"
  },
  {
    "ID Number": "900702"
  },
  {
    "ID Number": "16507991"
  },
  {
    "ID Number": "909874"
  },
  {
    "ID Number": "16510666"
  },
  {
    "ID Number": "903760"
  },
  {
    "ID Number": "932060"
  },
  {
    "ID Number": "16512065"
  },
  {
    "ID Number": "14403803"
  },
  {
    "ID Number": "944556"
  },
  {
    "ID Number": "16501608"
  },
  {
    "ID Number": "921815"
  },
  {
    "ID Number": "16502698"
  },
  {
    "ID Number": "933902"
  },
  {
    "ID Number": "932825"
  },
  {
    "ID Number": "943819"
  },
  {
    "ID Number": "16511352"
  },
  {
    "ID Number": "16502841"
  },
  {
    "ID Number": "16503597"
  },
  {
    "ID Number": "16508106"
  },
  {
    "ID Number": "16510542"
  },
  {
    "ID Number": "16500342"
  },
  {
    "ID Number": "16500350"
  },
  {
    "ID Number": "16510909"
  },
  {
    "ID Number": "16508394"
  },
  {
    "ID Number": "16504429"
  },
  {
    "ID Number": "16500865"
  },
  {
    "ID Number": "16500822"
  },
  {
    "ID Number": "909882"
  },
  {
    "ID Number": "16501551"
  },
  {
    "ID Number": "16505778"
  },
  {
    "ID Number": "16508688"
  },
  {
    "ID Number": "16501675"
  },
  {
    "ID Number": "16503945"
  },
  {
    "ID Number": "936472"
  },
  {
    "ID Number": "902284"
  },
  {
    "ID Number": "16500580"
  },
  {
    "ID Number": "16507797"
  },
  {
    "ID Number": "16501683"
  },
  {
    "ID Number": "900290"
  },
  {
    "ID Number": "933899"
  },
  {
    "ID Number": "16500016"
  },
  {
    "ID Number": "16509684"
  },
  {
    "ID Number": "16502701"
  },
  {
    "ID Number": "632767"
  },
  {
    "ID Number": "16503660"
  },
  {
    "ID Number": "16507665"
  },
  {
    "ID Number": "936499"
  },
  {
    "ID Number": "16509757"
  },
  {
    "ID Number": "931314"
  },
  {
    "ID Number": "16509420"
  },
  {
    "ID Number": "910791"
  },
  {
    "ID Number": "16510232"
  },
  {
    "ID Number": "944653"
  },
  {
    "ID Number": "943959"
  },
  {
    "ID Number": "909920"
  },
  {
    "ID Number": "925390"
  },
  {
    "ID Number": "16501365"
  },
  {
    "ID Number": "909955"
  },
  {
    "ID Number": "16502060"
  },
  {
    "ID Number": "900281"
  },
  {
    "ID Number": "16503953"
  },
  {
    "ID Number": "16505646"
  },
  {
    "ID Number": "16501616"
  },
  {
    "ID Number": "16502191"
  },
  {
    "ID Number": "16500261"
  },
  {
    "ID Number": "905330"
  },
  {
    "ID Number": "900052"
  },
  {
    "ID Number": "16507495"
  },
  {
    "ID Number": "934801"
  },
  {
    "ID Number": "16504160"
  },
  {
    "ID Number": "909963"
  },
  {
    "ID Number": "909971"
  },
  {
    "ID Number": "921505"
  },
  {
    "ID Number": "16500598"
  },
  {
    "ID Number": "16501101"
  },
  {
    "ID Number": "927511"
  },
  {
    "ID Number": "908924"
  },
  {
    "ID Number": "16502990"
  },
  {
    "ID Number": "16503007"
  },
  {
    "ID Number": "16504801"
  },
  {
    "ID Number": "16504496"
  },
  {
    "ID Number": "16501756"
  },
  {
    "ID Number": "16501578"
  },
  {
    "ID Number": "16501640"
  },
  {
    "ID Number": "16511875"
  },
  {
    "ID Number": "16508548"
  },
  {
    "ID Number": "16502205"
  },
  {
    "ID Number": "16509439"
  },
  {
    "ID Number": "16510607"
  },
  {
    "ID Number": "16500881"
  },
  {
    "ID Number": "16500237"
  },
  {
    "ID Number": "16510011"
  },
  {
    "ID Number": "16504585"
  },
  {
    "ID Number": "16500032"
  },
  {
    "ID Number": "910007"
  },
  {
    "ID Number": "16503287"
  },
  {
    "ID Number": "921653"
  },
  {
    "ID Number": "903817"
  },
  {
    "ID Number": "16502558"
  },
  {
    "ID Number": "903825"
  },
  {
    "ID Number": "16511050"
  },
  {
    "ID Number": "918792"
  },
  {
    "ID Number": "16500040"
  },
  {
    "ID Number": "16500059"
  },
  {
    "ID Number": "900320"
  },
  {
    "ID Number": "16508750"
  },
  {
    "ID Number": "922501"
  },
  {
    "ID Number": "16504143"
  },
  {
    "ID Number": "16510844"
  },
  {
    "ID Number": "935069"
  },
  {
    "ID Number": "921033"
  },
  {
    "ID Number": "16503406"
  },
  {
    "ID Number": "16510852"
  },
  {
    "ID Number": "16508041"
  },
  {
    "ID Number": "901385"
  },
  {
    "ID Number": "942022"
  },
  {
    "ID Number": "16501055"
  },
  {
    "ID Number": "16501586"
  },
  {
    "ID Number": "16506332"
  },
  {
    "ID Number": "933988"
  },
  {
    "ID Number": "16504330"
  },
  {
    "ID Number": "930903"
  },
  {
    "ID Number": "16509455"
  },
  {
    "ID Number": "16506510"
  },
  {
    "ID Number": "16506944"
  },
  {
    "ID Number": "16509323"
  },
  {
    "ID Number": "933538"
  },
  {
    "ID Number": "16501691"
  },
  {
    "ID Number": "920037"
  },
  {
    "ID Number": "16500750"
  },
  {
    "ID Number": "900575"
  },
  {
    "ID Number": "900303"
  },
  {
    "ID Number": "936766"
  },
  {
    "ID Number": "16508424"
  },
  {
    "ID Number": "918784"
  },
  {
    "ID Number": "16500369"
  },
  {
    "ID Number": "16509714"
  },
  {
    "ID Number": "16503970"
  },
  {
    "ID Number": "16505514"
  },
  {
    "ID Number": "919365"
  },
  {
    "ID Number": "16512120"
  },
  {
    "ID Number": "16501446"
  },
  {
    "ID Number": "16502922"
  },
  {
    "ID Number": "16506448"
  },
  {
    "ID Number": "16501624"
  },
  {
    "ID Number": "16501845"
  },
  {
    "ID Number": "2071851"
  },
  {
    "ID Number": "939935"
  },
  {
    "ID Number": "928330"
  },
  {
    "ID Number": "16506464"
  },
  {
    "ID Number": "944882"
  },
  {
    "ID Number": "16505301"
  },
  {
    "ID Number": "900591"
  },
  {
    "ID Number": "908975"
  },
  {
    "ID Number": "901776"
  },
  {
    "ID Number": "908983"
  },
  {
    "ID Number": "16512022"
  },
  {
    "ID Number": "16500903"
  },
  {
    "ID Number": "925853"
  },
  {
    "ID Number": "918725"
  },
  {
    "ID Number": "16511883"
  },
  {
    "ID Number": "16509331"
  },
  {
    "ID Number": "16508114"
  },
  {
    "ID Number": "16505794"
  },
  {
    "ID Number": "4146794"
  },
  {
    "ID Number": "16512367"
  },
  {
    "ID Number": "16507550"
  },
  {
    "ID Number": "16500920"
  },
  {
    "ID Number": "16500504"
  },
  {
    "ID Number": "900699"
  },
  {
    "ID Number": "16501454"
  },
  {
    "ID Number": "16504860"
  },
  {
    "ID Number": "16504810"
  },
  {
    "ID Number": "16509544"
  },
  {
    "ID Number": "944963"
  },
  {
    "ID Number": "16502230"
  },
  {
    "ID Number": "921017"
  },
  {
    "ID Number": "920991"
  },
  {
    "ID Number": "943207"
  },
  {
    "ID Number": "16508238"
  },
  {
    "ID Number": "16504178"
  },
  {
    "ID Number": "16501004"
  },
  {
    "ID Number": "16509617"
  },
  {
    "ID Number": "16509463"
  },
  {
    "ID Number": "16506480"
  },
  {
    "ID Number": "16507010"
  },
  {
    "ID Number": "16502248"
  },
  {
    "ID Number": "16506049"
  },
  {
    "ID Number": "16501713"
  },
  {
    "ID Number": "16507037"
  },
  {
    "ID Number": "919640"
  },
  {
    "ID Number": "901229"
  },
  {
    "ID Number": "16500768"
  },
  {
    "ID Number": "939978"
  },
  {
    "ID Number": "924962"
  },
  {
    "ID Number": "16510089"
  },
  {
    "ID Number": "916625"
  },
  {
    "ID Number": "16500148"
  },
  {
    "ID Number": "16511794"
  },
  {
    "ID Number": "4101286"
  },
  {
    "ID Number": "16509773"
  },
  {
    "ID Number": "920355"
  },
  {
    "ID Number": "16509781"
  },
  {
    "ID Number": "936332"
  },
  {
    "ID Number": "936782"
  },
  {
    "ID Number": "16501195"
  },
  {
    "ID Number": "16500075"
  },
  {
    "ID Number": "16500377"
  },
  {
    "ID Number": "16502850"
  },
  {
    "ID Number": "16503589"
  },
  {
    "ID Number": "942049"
  },
  {
    "ID Number": "14600129"
  },
  {
    "ID Number": "913650"
  },
  {
    "ID Number": "16501012"
  },
  {
    "ID Number": "927457"
  },
  {
    "ID Number": "910040"
  },
  {
    "ID Number": "16504518"
  },
  {
    "ID Number": "16509625"
  },
  {
    "ID Number": "906069"
  },
  {
    "ID Number": "16507851"
  },
  {
    "ID Number": "16510828"
  },
  {
    "ID Number": "16500083"
  },
  {
    "ID Number": "16507690"
  },
  {
    "ID Number": "910058"
  },
  {
    "ID Number": "920908"
  },
  {
    "ID Number": "939765"
  },
  {
    "ID Number": "924504"
  },
  {
    "ID Number": "16507290"
  },
  {
    "ID Number": "16500512"
  },
  {
    "ID Number": "16500520"
  },
  {
    "ID Number": "16504720"
  },
  {
    "ID Number": "16501926"
  },
  {
    "ID Number": "16501772"
  },
  {
    "ID Number": "925268"
  },
  {
    "ID Number": "16508831"
  },
  {
    "ID Number": "903841"
  },
  {
    "ID Number": "16503520"
  },
  {
    "ID Number": "16501381"
  },
  {
    "ID Number": "16500776"
  },
  {
    "ID Number": "939056"
  },
  {
    "ID Number": "906794"
  },
  {
    "ID Number": "16501020"
  },
  {
    "ID Number": "900435"
  },
  {
    "ID Number": "16501985"
  },
  {
    "ID Number": "910090"
  },
  {
    "ID Number": "16503309"
  },
  {
    "ID Number": "16509528"
  },
  {
    "ID Number": "16509846"
  },
  {
    "ID Number": "16500938"
  },
  {
    "ID Number": "910120"
  },
  {
    "ID Number": "16510100"
  },
  {
    "ID Number": "16507789"
  },
  {
    "ID Number": "16502264"
  },
  {
    "ID Number": "16509471"
  },
  {
    "ID Number": "16508246"
  },
  {
    "ID Number": "901040"
  },
  {
    "ID Number": "16505140"
  },
  {
    "ID Number": "16501497"
  },
  {
    "ID Number": "16504348"
  },
  {
    "ID Number": "16501322"
  },
  {
    "ID Number": "16504194"
  },
  {
    "ID Number": "16501748"
  },
  {
    "ID Number": "16501462"
  },
  {
    "ID Number": "16506634"
  },
  {
    "ID Number": "927520"
  },
  {
    "ID Number": "936537"
  },
  {
    "ID Number": "16508017"
  },
  {
    "ID Number": "16509340"
  },
  {
    "ID Number": "16500440"
  },
  {
    "ID Number": "936790"
  },
  {
    "ID Number": "912956"
  },
  {
    "ID Number": "16502175"
  },
  {
    "ID Number": "16504500"
  },
  {
    "ID Number": "16505549"
  },
  {
    "ID Number": "16512375"
  },
  {
    "ID Number": "932043"
  },
  {
    "ID Number": "16501080"
  },
  {
    "ID Number": "16503180"
  },
  {
    "ID Number": "16510941"
  },
  {
    "ID Number": "16502477"
  },
  {
    "ID Number": "917826"
  },
  {
    "ID Number": "16503490"
  },
  {
    "ID Number": "933368"
  },
  {
    "ID Number": "909319"
  },
  {
    "ID Number": "934550"
  },
  {
    "ID Number": "16500393"
  },
  {
    "ID Number": "905810"
  },
  {
    "ID Number": "16507720"
  },
  {
    "ID Number": "940011"
  },
  {
    "ID Number": "940020"
  },
  {
    "ID Number": "932078"
  },
  {
    "ID Number": "16501934"
  },
  {
    "ID Number": "919276"
  },
  {
    "ID Number": "16509943"
  },
  {
    "ID Number": "16506057"
  },
  {
    "ID Number": "16505719"
  },
  {
    "ID Number": "16502949"
  },
  {
    "ID Number": "16508092"
  },
  {
    "ID Number": "917680"
  },
  {
    "ID Number": "16510267"
  },
  {
    "ID Number": "942910"
  },
  {
    "ID Number": "935379"
  },
  {
    "ID Number": "16510801"
  },
  {
    "ID Number": "16510810"
  },
  {
    "ID Number": "16510798"
  },
  {
    "ID Number": "16503546"
  },
  {
    "ID Number": "16505980"
  },
  {
    "ID Number": "910317"
  },
  {
    "ID Number": "24108600"
  },
  {
    "ID Number": "24166251"
  },
  {
    "ID Number": "16507118"
  },
  {
    "ID Number": "940844"
  },
  {
    "ID Number": "4143256"
  },
  {
    "ID Number": "16509480"
  },
  {
    "ID Number": "928348"
  },
  {
    "ID Number": "16508815"
  },
  {
    "ID Number": "16503627"
  },
  {
    "ID Number": "16503040"
  },
  {
    "ID Number": "945218"
  },
  {
    "ID Number": "16509498"
  },
  {
    "ID Number": "16510836"
  },
  {
    "ID Number": "16505611"
  },
  {
    "ID Number": "16509960"
  },
  {
    "ID Number": "16508734"
  },
  {
    "ID Number": "921670"
  },
  {
    "ID Number": "16511662"
  },
  {
    "ID Number": "930318"
  },
  {
    "ID Number": "931411"
  },
  {
    "ID Number": "16500172"
  },
  {
    "ID Number": "16505999"
  },
  {
    "ID Number": "16500814"
  },
  {
    "ID Number": "16502507"
  },
  {
    "ID Number": "16503708"
  },
  {
    "ID Number": "16502310"
  },
  {
    "ID Number": "16502329"
  },
  {
    "ID Number": "16505590"
  },
  {
    "ID Number": "16505603"
  },
  {
    "ID Number": "16504186"
  },
  {
    "ID Number": "16502426"
  },
  {
    "ID Number": "16513428"
  },
  {
    "ID Number": "933910"
  },
  {
    "ID Number": "16512650"
  },
  {
    "ID Number": "16502752"
  },
  {
    "ID Number": "16501799"
  },
  {
    "ID Number": "16502485"
  },
  {
    "ID Number": "939072"
  },
  {
    "ID Number": "941328"
  },
  {
    "ID Number": "16505158"
  },
  {
    "ID Number": "16500547"
  },
  {
    "ID Number": "903647"
  },
  {
    "ID Number": "16500679"
  },
  {
    "ID Number": "16500407"
  },
  {
    "ID Number": "16511867"
  },
  {
    "ID Number": "16513703"
  },
  {
    "ID Number": "16500539"
  },
  {
    "ID Number": "16504100"
  },
  {
    "ID Number": "9221250"
  },
  {
    "ID Number": "16510747"
  },
  {
    "ID Number": "16504640"
  },
  {
    "ID Number": "942340"
  },
  {
    "ID Number": "16507169"
  },
  {
    "ID Number": "920126"
  },
  {
    "ID Number": "935360"
  },
  {
    "ID Number": "941379"
  },
  {
    "ID Number": "934038"
  },
  {
    "ID Number": "16507177"
  },
  {
    "ID Number": "16507509"
  },
  {
    "ID Number": "16507770"
  },
  {
    "ID Number": "16501250"
  },
  {
    "ID Number": "16504798"
  },
  {
    "ID Number": "16501870"
  },
  {
    "ID Number": "16513495"
  },
  {
    "ID Number": "939781"
  },
  {
    "ID Number": "932620"
  },
  {
    "ID Number": "16509072"
  },
  {
    "ID Number": "910449"
  },
  {
    "ID Number": "910465"
  },
  {
    "ID Number": "16500180"
  },
  {
    "ID Number": "16508718"
  },
  {
    "ID Number": "16500105"
  },
  {
    "ID Number": "16501128"
  },
  {
    "ID Number": "924482"
  },
  {
    "ID Number": "901580"
  },
  {
    "ID Number": "14427036"
  },
  {
    "ID Number": "16502000"
  },
  {
    "ID Number": "16508939"
  },
  {
    "ID Number": "909394"
  },
  {
    "ID Number": "16501500"
  },
  {
    "ID Number": "16504020"
  },
  {
    "ID Number": "910481"
  },
  {
    "ID Number": "16510763"
  },
  {
    "ID Number": "16502078"
  },
  {
    "ID Number": "16501560"
  },
  {
    "ID Number": "16510488"
  },
  {
    "ID Number": "16504283"
  },
  {
    "ID Number": "16512359"
  },
  {
    "ID Number": "16501519"
  },
  {
    "ID Number": "16509978"
  },
  {
    "ID Number": "16509633"
  },
  {
    "ID Number": "941808"
  },
  {
    "ID Number": "16509587"
  },
  {
    "ID Number": "16506006"
  },
  {
    "ID Number": "16507517"
  },
  {
    "ID Number": "16501071"
  },
  {
    "ID Number": "910732"
  },
  {
    "ID Number": "942286"
  },
  {
    "ID Number": "16505948"
  },
  {
    "ID Number": "16500113"
  },
  {
    "ID Number": "16502817"
  },
  {
    "ID Number": "900877"
  },
  {
    "ID Number": "1300270"
  },
  {
    "ID Number": "16510143"
  },
  {
    "ID Number": "16507436"
  },
  {
    "ID Number": "16508297"
  },
  {
    "ID Number": "24105880"
  },
  {
    "ID Number": "936553"
  },
  {
    "ID Number": "938980"
  },
  {
    "ID Number": "16512111"
  },
  {
    "ID Number": "943274"
  },
  {
    "ID Number": "16505824"
  },
  {
    "ID Number": "939080"
  },
  {
    "ID Number": "24129518"
  },
  {
    "ID Number": "16512138"
  },
  {
    "ID Number": "16505484"
  },
  {
    "ID Number": "901415"
  },
  {
    "ID Number": "16500636"
  },
  {
    "ID Number": "16507223"
  },
  {
    "ID Number": "16509803"
  }
]