[
  {
    "ID Number": "23000600"
  },
  {
    "ID Number": "23000015"
  },
  {
    "ID Number": "30955050"
  },
  {
    "ID Number": "23000376"
  },
  {
    "ID Number": "23000660"
  },
  {
    "ID Number": "23001003"
  },
  {
    "ID Number": "23000848"
  },
  {
    "ID Number": "23000341"
  },
  {
    "ID Number": "23000228"
  },
  {
    "ID Number": "23000856"
  },
  {
    "ID Number": "23000090"
  },
  {
    "ID Number": "23000066"
  },
  {
    "ID Number": "23000562"
  },
  {
    "ID Number": "23000392"
  },
  {
    "ID Number": "23000180"
  },
  {
    "ID Number": "11104740"
  },
  {
    "ID Number": "23000422"
  },
  {
    "ID Number": "23000490"
  },
  {
    "ID Number": "23001224"
  },
  {
    "ID Number": "23000775"
  },
  {
    "ID Number": "23000791"
  },
  {
    "ID Number": "7400942"
  },
  {
    "ID Number": "23000139"
  },
  {
    "ID Number": "7701187"
  },
  {
    "ID Number": "23000198"
  },
  {
    "ID Number": "23000252"
  },
  {
    "ID Number": "23000910"
  },
  {
    "ID Number": "23000058"
  },
  {
    "ID Number": "11104759"
  },
  {
    "ID Number": "23000872"
  },
  {
    "ID Number": "23000627"
  }
]