[
  {
    "ID Number": "15701166",
    "Name": "Adam Teklehaymanot Oqbamicael",
    "Fed": "ERI",
    "Sex": "M",
    "Title": "",
    "WTit": "",
    "OTit": "",
    "Rating": "1875",
    "Gms": "0",
    "K": "40",
    "RatingMonth": "AUG25",
    "B-day": "1988",
    "Flag": "i"
  },
  {
    "ID Number": "22300554",
    "Name": "Amanuel Teweldebrhan Abraha",
    "Fed": "ERI",
    "Sex": "M",
    "Title": "",
    "WTit": "",
    "OTit": "",
    "Rating": "2017",
    "Gms": "0",
    "K": "40",
    "RatingMonth": "AUG25",
    "B-day": "1993",
    "Flag": "i"
  },
  {
    "ID Number": "15701310",
    "Name": "Asante Debesai Zerabruk",
    "Fed": "ERI",
    "Sex": "M",
    "Title": "",
    "WTit": "",
    "OTit": "",
    "Rating": "1879",
    "Gms": "0",
    "K": "20",
    "RatingMonth": "AUG25",
    "B-day": "2000",
    "Flag": ""
  },
  {
    "ID Number": "22301070",
    "Name": "Besrat Mesgena Yoseph",
    "Fed": "ERI",
    "Sex": "F",
    "Title": "",
    "WTit": "",
    "OTit": "",
    "Rating": "1504",
    "Gms": "0",
    "K": "40",
    "RatingMonth": "AUG25",
    "B-day": "2004",
    "Flag": "w"
  },
  {
    "ID Number": "15701514",
    "Name": "Biniam Araya Zego",
    "Fed": "ERI",
    "Sex": "M",
    "Title": "CM",
    "WTit": "",
    "OTit": "",
    "Rating": "1882",
    "Gms": "0",
    "K": "40",
    "RatingMonth": "AUG25",
    "B-day": "1968",
    "Flag": "i"
  },
  {
    "ID Number": "15701344",
    "Name": "Daniel Debesai Zerabruk",
    "Fed": "ERI",
    "Sex": "M",
    "Title": "",
    "WTit": "",
    "OTit": "",
    "Rating": "1843",
    "Gms": "0",
    "K": "40",
    "RatingMonth": "AUG25",
    "B-day": "2005",
    "Flag": "i"
  },
  {
    "ID Number": "22301313",
    "Name": "Daniel Tsegay Meresie",
    "Fed": "ERI",
    "Sex": "M",
    "Title": "",
    "WTit": "",
    "OTit": "",
    "Rating": "1590",
    "Gms": "0",
    "K": "40",
    "RatingMonth": "AUG25",
    "B-day": "1996",
    "Flag": "i"
  },
  {
    "ID Number": "22300988",
    "Name": "Elshalom Essayas Berhane",
    "Fed": "ERI",
    "Sex": "F",
    "Title": "",
    "WTit": "",
    "OTit": "",
    "Rating": "1685",
    "Gms": "0",
    "K": "40",
    "RatingMonth": "AUG25",
    "B-day": "2008",
    "Flag": "w"
  },
  {
    "ID Number": "22301224",
    "Name": "Estifanos Ghebremedhin Kiflay",
    "Fed": "ERI",
    "Sex": "M",
    "Title": "",
    "WTit": "",
    "OTit": "",
    "Rating": "1831",
    "Gms": "0",
    "K": "40",
    "RatingMonth": "AUG25",
    "B-day": "1976",
    "Flag": "i"
  },
  {
    "ID Number": "15701190",
    "Name": "Kibrom Weldegebriel Beraki",
    "Fed": "ERI",
    "Sex": "M",
    "Title": "CM",
    "WTit": "",
    "OTit": "",
    "Rating": "1907",
    "Gms": "0",
    "K": "20",
    "RatingMonth": "AUG25",
    "B-day": "1987",
    "Flag": ""
  },
  {
    "ID Number": "15701352",
    "Name": "Lilay Weldu Gebru",
    "Fed": "ERI",
    "Sex": "M",
    "Title": "",
    "WTit": "",
    "OTit": "",
    "Rating": "1877",
    "Gms": "0",
    "K": "40",
    "RatingMonth": "AUG25",
    "B-day": "1989",
    "Flag": ""
  },
  {
    "ID Number": "22300384",
    "Name": "Makda Araya Fessehaye",
    "Fed": "ERI",
    "Sex": "F",
    "Title": "",
    "WTit": "",
    "OTit": "",
    "Rating": "1538",
    "Gms": "0",
    "K": "40",
    "RatingMonth": "AUG25",
    "B-day": "2002",
    "Flag": "wi"
  },
  {
    "ID Number": "15701336",
    "Name": "Rwyet Debesai Zerabruk",
    "Fed": "ERI",
    "Sex": "F",
    "Title": "",
    "WTit": "",
    "OTit": "",
    "Rating": "1490",
    "Gms": "0",
    "K": "40",
    "RatingMonth": "AUG25",
    "B-day": "2003",
    "Flag": "wi"
  },
  {
    "ID Number": "15701204",
    "Name": "Samuel Merhawi Gebrehiwet",
    "Fed": "ERI",
    "Sex": "M",
    "Title": "",
    "WTit": "",
    "OTit": "",
    "Rating": "1824",
    "Gms": "0",
    "K": "40",
    "RatingMonth": "AUG25",
    "B-day": "1988",
    "Flag": ""
  },
  {
    "ID Number": "22300090",
    "Name": "Sosna Mehari Abraham",
    "Fed": "ERI",
    "Sex": "F",
    "Title": "",
    "WTit": "",
    "OTit": "",
    "Rating": "1549",
    "Gms": "0",
    "K": "40",
    "RatingMonth": "AUG25",
    "B-day": "1993",
    "Flag": "w"
  },
  {
    "ID Number": "15701263",
    "Name": "Thomas Araya Fessihaye",
    "Fed": "ERI",
    "Sex": "M",
    "Title": "",
    "WTit": "",
    "OTit": "",
    "Rating": "1867",
    "Gms": "0",
    "K": "40",
    "RatingMonth": "AUG25",
    "B-day": "1999",
    "Flag": "i"
  },
  {
    "ID Number": "22300740",
    "Name": "Yohana Teklehaimanot Brhane",
    "Fed": "ERI",
    "Sex": "F",
    "Title": "",
    "WTit": "",
    "OTit": "",
    "Rating": "1577",
    "Gms": "0",
    "K": "40",
    "RatingMonth": "AUG25",
    "B-day": "1993",
    "Flag": "w"
  },
  {
    "ID Number": "22301305",
    "Name": "Yonatan Russom Tesfay",
    "Fed": "ERI",
    "Sex": "M",
    "Title": "",
    "WTit": "",
    "OTit": "",
    "Rating": "1762",
    "Gms": "0",
    "K": "40",
    "RatingMonth": "AUG25",
    "B-day": "1998",
    "Flag": "i"
  }
]