[
  {
    "ID Number": "6201318"
  },
  {
    "ID Number": "6208169"
  },
  {
    "ID Number": "6204953"
  },
  {
    "ID Number": "6204988"
  },
  {
    "ID Number": "6200761"
  },
  {
    "ID Number": "6221750"
  },
  {
    "ID Number": "6217826"
  },
  {
    "ID Number": "6208860"
  },
  {
    "ID Number": "6200907"
  },
  {
    "ID Number": "6206476"
  },
  {
    "ID Number": "6202039"
  },
  {
    "ID Number": "6204856"
  },
  {
    "ID Number": "6201857"
  },
  {
    "ID Number": "6200575"
  },
  {
    "ID Number": "6210384"
  },
  {
    "ID Number": "6203191"
  },
  {
    "ID Number": "6201555"
  },
  {
    "ID Number": "6201563"
  },
  {
    "ID Number": "6210929"
  },
  {
    "ID Number": "6200893"
  },
  {
    "ID Number": "6205488"
  },
  {
    "ID Number": "6201865"
  },
  {
    "ID Number": "6201113"
  },
  {
    "ID Number": "6210740"
  },
  {
    "ID Number": "6209165"
  },
  {
    "ID Number": "6204317"
  },
  {
    "ID Number": "6206654"
  },
  {
    "ID Number": "6207561"
  },
  {
    "ID Number": "6200265"
  },
  {
    "ID Number": "6210120"
  },
  {
    "ID Number": "6212557"
  },
  {
    "ID Number": "6211232"
  },
  {
    "ID Number": "6201148"
  },
  {
    "ID Number": "6205658"
  },
  {
    "ID Number": "6205640"
  },
  {
    "ID Number": "6221343"
  },
  {
    "ID Number": "6202357"
  },
  {
    "ID Number": "6206638"
  },
  {
    "ID Number": "6207650"
  },
  {
    "ID Number": "6205682"
  },
  {
    "ID Number": "6200850"
  },
  {
    "ID Number": "6204813"
  },
  {
    "ID Number": "6203701"
  },
  {
    "ID Number": "6203558"
  },
  {
    "ID Number": "6204163"
  },
  {
    "ID Number": "6200010"
  },
  {
    "ID Number": "6220851"
  },
  {
    "ID Number": "6201814"
  },
  {
    "ID Number": "6203060"
  },
  {
    "ID Number": "6201156"
  },
  {
    "ID Number": "6201164"
  },
  {
    "ID Number": "6200303"
  },
  {
    "ID Number": "6219250"
  },
  {
    "ID Number": "6201776"
  },
  {
    "ID Number": "6202993"
  },
  {
    "ID Number": "6216986"
  },
  {
    "ID Number": "6204562"
  },
  {
    "ID Number": "6209378"
  },
  {
    "ID Number": "6202195"
  },
  {
    "ID Number": "6205305"
  },
  {
    "ID Number": "6218385"
  },
  {
    "ID Number": "6200915"
  },
  {
    "ID Number": "6210937"
  },
  {
    "ID Number": "6214894"
  },
  {
    "ID Number": "6209343"
  },
  {
    "ID Number": "6209980"
  },
  {
    "ID Number": "6209998"
  },
  {
    "ID Number": "6200982"
  },
  {
    "ID Number": "6207871"
  },
  {
    "ID Number": "6208720"
  },
  {
    "ID Number": "6204570"
  },
  {
    "ID Number": "6205178"
  },
  {
    "ID Number": "6207294"
  },
  {
    "ID Number": "6218644"
  },
  {
    "ID Number": "6223524"
  },
  {
    "ID Number": "6204589"
  },
  {
    "ID Number": "6202209"
  },
  {
    "ID Number": "6200273"
  },
  {
    "ID Number": "6215190"
  },
  {
    "ID Number": "6203710"
  },
  {
    "ID Number": "6204597"
  },
  {
    "ID Number": "6216374"
  },
  {
    "ID Number": "6207634"
  },
  {
    "ID Number": "6214444"
  },
  {
    "ID Number": "6200923"
  },
  {
    "ID Number": "6207510"
  },
  {
    "ID Number": "6226248"
  },
  {
    "ID Number": "6204333"
  },
  {
    "ID Number": "6200079"
  },
  {
    "ID Number": "6200451"
  },
  {
    "ID Number": "6212336"
  },
  {
    "ID Number": "6214053"
  },
  {
    "ID Number": "6218180"
  },
  {
    "ID Number": "6200613"
  },
  {
    "ID Number": "6215122"
  },
  {
    "ID Number": "6202055"
  },
  {
    "ID Number": "6201180"
  },
  {
    "ID Number": "6200524"
  },
  {
    "ID Number": "6204341"
  },
  {
    "ID Number": "6208452"
  },
  {
    "ID Number": "6219233"
  },
  {
    "ID Number": "6202063"
  },
  {
    "ID Number": "6206611"
  },
  {
    "ID Number": "6205216"
  },
  {
    "ID Number": "6207235"
  },
  {
    "ID Number": "6200125"
  },
  {
    "ID Number": "6210465"
  },
  {
    "ID Number": "6223290"
  },
  {
    "ID Number": "6208762"
  },
  {
    "ID Number": "6201768"
  },
  {
    "ID Number": "6207936"
  },
  {
    "ID Number": "6225802"
  },
  {
    "ID Number": "6205712"
  },
  {
    "ID Number": "6214800"
  },
  {
    "ID Number": "6207391"
  },
  {
    "ID Number": "6220606"
  },
  {
    "ID Number": "6203116"
  },
  {
    "ID Number": "6201342"
  },
  {
    "ID Number": "6214797"
  },
  {
    "ID Number": "6203906"
  },
  {
    "ID Number": "6216480"
  },
  {
    "ID Number": "6216650"
  },
  {
    "ID Number": "6209050"
  },
  {
    "ID Number": "140244578"
  },
  {
    "ID Number": "6213871"
  },
  {
    "ID Number": "6206794"
  },
  {
    "ID Number": "6215882"
  },
  {
    "ID Number": "6200150"
  },
  {
    "ID Number": "6208924"
  },
  {
    "ID Number": "6222609"
  },
  {
    "ID Number": "6214878"
  },
  {
    "ID Number": "6211801"
  },
  {
    "ID Number": "6209963"
  },
  {
    "ID Number": "6214010"
  },
  {
    "ID Number": "6219063"
  },
  {
    "ID Number": "6202420"
  },
  {
    "ID Number": "6208789"
  },
  {
    "ID Number": "6204775"
  },
  {
    "ID Number": "6209092"
  },
  {
    "ID Number": "6209106"
  },
  {
    "ID Number": "6216846"
  },
  {
    "ID Number": "6202217"
  },
  {
    "ID Number": "6212166"
  },
  {
    "ID Number": "6212174"
  },
  {
    "ID Number": "6207375"
  },
  {
    "ID Number": "6204970"
  },
  {
    "ID Number": "6218440"
  },
  {
    "ID Number": "6203183"
  },
  {
    "ID Number": "6200990"
  },
  {
    "ID Number": "6201601"
  },
  {
    "ID Number": "6209890"
  },
  {
    "ID Number": "6208193"
  },
  {
    "ID Number": "6221017"
  },
  {
    "ID Number": "6200168"
  },
  {
    "ID Number": "6207740"
  },
  {
    "ID Number": "6214916"
  },
  {
    "ID Number": "6203426"
  },
  {
    "ID Number": "6217192"
  },
  {
    "ID Number": "6217184"
  },
  {
    "ID Number": "6218016"
  },
  {
    "ID Number": "6222200"
  },
  {
    "ID Number": "6204260"
  },
  {
    "ID Number": "6204228"
  },
  {
    "ID Number": "6204244"
  },
  {
    "ID Number": "6204147"
  },
  {
    "ID Number": "6209289"
  },
  {
    "ID Number": "6212280"
  },
  {
    "ID Number": "6215378"
  },
  {
    "ID Number": "6214851"
  },
  {
    "ID Number": "6202071"
  },
  {
    "ID Number": "6200494"
  },
  {
    "ID Number": "6200532"
  },
  {
    "ID Number": "6211593"
  },
  {
    "ID Number": "6207111"
  },
  {
    "ID Number": "6222277"
  },
  {
    "ID Number": "6218792"
  },
  {
    "ID Number": "6225535"
  },
  {
    "ID Number": "6213430"
  },
  {
    "ID Number": "6200346"
  },
  {
    "ID Number": "6201520"
  },
  {
    "ID Number": "6211771"
  },
  {
    "ID Number": "6201393"
  },
  {
    "ID Number": "6209149"
  },
  {
    "ID Number": "6203264"
  },
  {
    "ID Number": "6224164"
  },
  {
    "ID Number": "6206980"
  },
  {
    "ID Number": "6201610"
  },
  {
    "ID Number": "6219101"
  },
  {
    "ID Number": "6209874"
  },
  {
    "ID Number": "6209777"
  },
  {
    "ID Number": "6218490"
  },
  {
    "ID Number": "6216366"
  },
  {
    "ID Number": "6211518"
  },
  {
    "ID Number": "6206247"
  },
  {
    "ID Number": "6200869"
  },
  {
    "ID Number": "6217001"
  },
  {
    "ID Number": "6215785"
  },
  {
    "ID Number": "6221203"
  },
  {
    "ID Number": "6205003"
  },
  {
    "ID Number": "6204139"
  },
  {
    "ID Number": "6204279"
  },
  {
    "ID Number": "6200397"
  },
  {
    "ID Number": "6215661"
  },
  {
    "ID Number": "6218504"
  },
  {
    "ID Number": "6214681"
  },
  {
    "ID Number": "6216765"
  },
  {
    "ID Number": "6218300"
  },
  {
    "ID Number": "6217699"
  },
  {
    "ID Number": "6206468"
  },
  {
    "ID Number": "6202233"
  },
  {
    "ID Number": "6211542"
  },
  {
    "ID Number": "6206484"
  },
  {
    "ID Number": "6215645"
  },
  {
    "ID Number": "6210864"
  },
  {
    "ID Number": "6217680"
  },
  {
    "ID Number": "6212026"
  },
  {
    "ID Number": "6213618"
  },
  {
    "ID Number": "6216170"
  },
  {
    "ID Number": "6215335"
  },
  {
    "ID Number": "6217370"
  },
  {
    "ID Number": "6219527"
  },
  {
    "ID Number": "6212239"
  },
  {
    "ID Number": "6205747"
  },
  {
    "ID Number": "6204090"
  },
  {
    "ID Number": "6201482"
  },
  {
    "ID Number": "6202241"
  },
  {
    "ID Number": "6202250"
  },
  {
    "ID Number": "6200877"
  },
  {
    "ID Number": "6204376"
  },
  {
    "ID Number": "6204384"
  },
  {
    "ID Number": "6208487"
  },
  {
    "ID Number": "6221645"
  },
  {
    "ID Number": "6200311"
  },
  {
    "ID Number": "6200087"
  },
  {
    "ID Number": "6214738"
  },
  {
    "ID Number": "6207618"
  },
  {
    "ID Number": "6209602"
  },
  {
    "ID Number": "6214770"
  },
  {
    "ID Number": "6204651"
  },
  {
    "ID Number": "6218415"
  },
  {
    "ID Number": "6200109"
  },
  {
    "ID Number": "6220509"
  },
  {
    "ID Number": "6200478"
  },
  {
    "ID Number": "6213952"
  },
  {
    "ID Number": "6218636"
  },
  {
    "ID Number": "6207448"
  },
  {
    "ID Number": "6209017"
  },
  {
    "ID Number": "6203213"
  },
  {
    "ID Number": "6214495"
  },
  {
    "ID Number": "6209300"
  },
  {
    "ID Number": "6207570"
  },
  {
    "ID Number": "6201938"
  },
  {
    "ID Number": "6211399"
  },
  {
    "ID Number": "6217303"
  },
  {
    "ID Number": "6214177"
  },
  {
    "ID Number": "6204660"
  },
  {
    "ID Number": "6202080"
  },
  {
    "ID Number": "6211240"
  },
  {
    "ID Number": "6206689"
  },
  {
    "ID Number": "6203310"
  },
  {
    "ID Number": "6216390"
  },
  {
    "ID Number": "6217834"
  },
  {
    "ID Number": "6209157"
  },
  {
    "ID Number": "6200648"
  },
  {
    "ID Number": "6219128"
  },
  {
    "ID Number": "6219489"
  },
  {
    "ID Number": "6226639"
  },
  {
    "ID Number": "6204392"
  },
  {
    "ID Number": "6208525"
  },
  {
    "ID Number": "6208959"
  },
  {
    "ID Number": "6206956"
  },
  {
    "ID Number": "6207383"
  },
  {
    "ID Number": "6220118"
  },
  {
    "ID Number": "6215971"
  },
  {
    "ID Number": "6201628"
  },
  {
    "ID Number": "6207308"
  },
  {
    "ID Number": "6206590"
  },
  {
    "ID Number": "6216633"
  },
  {
    "ID Number": "6204511"
  },
  {
    "ID Number": "6201210"
  },
  {
    "ID Number": "6200656"
  },
  {
    "ID Number": "6202462"
  },
  {
    "ID Number": "6211127"
  },
  {
    "ID Number": "6212395"
  },
  {
    "ID Number": "6209009"
  },
  {
    "ID Number": "6202268"
  },
  {
    "ID Number": "6217532"
  },
  {
    "ID Number": "6213820"
  },
  {
    "ID Number": "6205631"
  },
  {
    "ID Number": "6212352"
  },
  {
    "ID Number": "6201911"
  },
  {
    "ID Number": "6206573"
  },
  {
    "ID Number": "6223788"
  },
  {
    "ID Number": "6203590"
  },
  {
    "ID Number": "6203450"
  },
  {
    "ID Number": "6214967"
  },
  {
    "ID Number": "6204406"
  },
  {
    "ID Number": "6203914"
  },
  {
    "ID Number": "6217915"
  },
  {
    "ID Number": "6201008"
  },
  {
    "ID Number": "6201016"
  },
  {
    "ID Number": "6221670"
  },
  {
    "ID Number": "6213065"
  },
  {
    "ID Number": "6204678"
  },
  {
    "ID Number": "6200206"
  },
  {
    "ID Number": "6206816"
  },
  {
    "ID Number": "6204414"
  },
  {
    "ID Number": "6200486"
  },
  {
    "ID Number": "6218075"
  },
  {
    "ID Number": "6201229"
  },
  {
    "ID Number": "6200354"
  },
  {
    "ID Number": "6201970"
  },
  {
    "ID Number": "6200516"
  },
  {
    "ID Number": "6202497"
  },
  {
    "ID Number": "6212727"
  },
  {
    "ID Number": "6218474"
  },
  {
    "ID Number": "6201369"
  },
  {
    "ID Number": "6216129"
  },
  {
    "ID Number": "6215084"
  },
  {
    "ID Number": "6204422"
  },
  {
    "ID Number": "6201300"
  },
  {
    "ID Number": "6202500"
  },
  {
    "ID Number": "6210686"
  },
  {
    "ID Number": "6204694"
  },
  {
    "ID Number": "6204996"
  },
  {
    "ID Number": "6204171"
  },
  {
    "ID Number": "6203922"
  },
  {
    "ID Number": "6221360"
  },
  {
    "ID Number": "6204708"
  },
  {
    "ID Number": "6216706"
  },
  {
    "ID Number": "6207782"
  },
  {
    "ID Number": "6211704"
  },
  {
    "ID Number": "6217273"
  },
  {
    "ID Number": "6203078"
  },
  {
    "ID Number": "6219047"
  },
  {
    "ID Number": "6213677"
  },
  {
    "ID Number": "6201032"
  },
  {
    "ID Number": "6200435"
  },
  {
    "ID Number": "6224717"
  },
  {
    "ID Number": "6204732"
  },
  {
    "ID Number": "6200583"
  },
  {
    "ID Number": "6200060"
  },
  {
    "ID Number": "6221793"
  },
  {
    "ID Number": "6207669"
  },
  {
    "ID Number": "6200133"
  },
  {
    "ID Number": "6220347"
  },
  {
    "ID Number": "6221823"
  },
  {
    "ID Number": "6201040"
  },
  {
    "ID Number": "6200184"
  },
  {
    "ID Number": "6207316"
  },
  {
    "ID Number": "6225284"
  },
  {
    "ID Number": "6214860"
  },
  {
    "ID Number": "6204880"
  },
  {
    "ID Number": "6206697"
  },
  {
    "ID Number": "6211380"
  },
  {
    "ID Number": "6202101"
  },
  {
    "ID Number": "6214754"
  },
  {
    "ID Number": "6202519"
  },
  {
    "ID Number": "6202314"
  },
  {
    "ID Number": "6201784"
  },
  {
    "ID Number": "6221866"
  },
  {
    "ID Number": "6204740"
  },
  {
    "ID Number": "6201423"
  },
  {
    "ID Number": "6221262"
  },
  {
    "ID Number": "6207243"
  },
  {
    "ID Number": "6207251"
  },
  {
    "ID Number": "6204058"
  },
  {
    "ID Number": "6203124"
  },
  {
    "ID Number": "6205518"
  },
  {
    "ID Number": "6205585"
  },
  {
    "ID Number": "6201407"
  },
  {
    "ID Number": "6219896"
  },
  {
    "ID Number": "6200362"
  },
  {
    "ID Number": "6206760"
  },
  {
    "ID Number": "6204015"
  },
  {
    "ID Number": "6204023"
  },
  {
    "ID Number": "6204910"
  },
  {
    "ID Number": "6200680"
  },
  {
    "ID Number": "6211690"
  },
  {
    "ID Number": "6204082"
  },
  {
    "ID Number": "6200800"
  },
  {
    "ID Number": "6212255"
  },
  {
    "ID Number": "6200699"
  },
  {
    "ID Number": "6204767"
  },
  {
    "ID Number": "6206930"
  },
  {
    "ID Number": "6221300"
  },
  {
    "ID Number": "6200052"
  },
  {
    "ID Number": "6210961"
  },
  {
    "ID Number": "6216323"
  },
  {
    "ID Number": "6210902"
  },
  {
    "ID Number": "6217133"
  },
  {
    "ID Number": "6214568"
  },
  {
    "ID Number": "6220380"
  },
  {
    "ID Number": "6212590"
  },
  {
    "ID Number": "6200400"
  },
  {
    "ID Number": "6200443"
  },
  {
    "ID Number": "6220576"
  },
  {
    "ID Number": "6221726"
  },
  {
    "ID Number": "6214673"
  },
  {
    "ID Number": "6201261"
  },
  {
    "ID Number": "6210759"
  },
  {
    "ID Number": "6205020"
  },
  {
    "ID Number": "6203779"
  },
  {
    "ID Number": "6208835"
  },
  {
    "ID Number": "6222196"
  },
  {
    "ID Number": "6204961"
  },
  {
    "ID Number": "6204929"
  },
  {
    "ID Number": "6217877"
  },
  {
    "ID Number": "6201903"
  },
  {
    "ID Number": "6202004"
  },
  {
    "ID Number": "6217761"
  },
  {
    "ID Number": "6205046"
  },
  {
    "ID Number": "6212263"
  },
  {
    "ID Number": "6201636"
  },
  {
    "ID Number": "6214886"
  },
  {
    "ID Number": "6213383"
  },
  {
    "ID Number": "6205070"
  },
  {
    "ID Number": "6207359"
  },
  {
    "ID Number": "6200419"
  },
  {
    "ID Number": "6207731"
  },
  {
    "ID Number": "6200230"
  },
  {
    "ID Number": "6200508"
  },
  {
    "ID Number": "6213995"
  },
  {
    "ID Number": "6216226"
  },
  {
    "ID Number": "6219799"
  },
  {
    "ID Number": "6204180"
  },
  {
    "ID Number": "6218709"
  },
  {
    "ID Number": "6201890"
  },
  {
    "ID Number": "6200370"
  },
  {
    "ID Number": "6202306"
  },
  {
    "ID Number": "6225209"
  },
  {
    "ID Number": "6226256"
  },
  {
    "ID Number": "6200788"
  },
  {
    "ID Number": "6219357"
  },
  {
    "ID Number": "6207553"
  },
  {
    "ID Number": "6214657"
  },
  {
    "ID Number": "6207723"
  },
  {
    "ID Number": "6202322"
  },
  {
    "ID Number": "6201288"
  },
  {
    "ID Number": "6224474"
  },
  {
    "ID Number": "6200702"
  },
  {
    "ID Number": "6220991"
  },
  {
    "ID Number": "6213359"
  },
  {
    "ID Number": "6215220"
  },
  {
    "ID Number": "6203540"
  },
  {
    "ID Number": "6220789"
  },
  {
    "ID Number": "6201652"
  },
  {
    "ID Number": "6217397"
  },
  {
    "ID Number": "6203477"
  },
  {
    "ID Number": "6203604"
  },
  {
    "ID Number": "6217281"
  },
  {
    "ID Number": "6218369"
  },
  {
    "ID Number": "6204821"
  },
  {
    "ID Number": "6204791"
  },
  {
    "ID Number": "6203043"
  },
  {
    "ID Number": "6217095"
  },
  {
    "ID Number": "6205860"
  },
  {
    "ID Number": "6206115"
  },
  {
    "ID Number": "6208894"
  },
  {
    "ID Number": "6200117"
  },
  {
    "ID Number": "6207227"
  },
  {
    "ID Number": "6206530"
  },
  {
    "ID Number": "6200176"
  },
  {
    "ID Number": "6207286"
  },
  {
    "ID Number": "6218067"
  },
  {
    "ID Number": "6214819"
  },
  {
    "ID Number": "6203000"
  },
  {
    "ID Number": "6201059"
  },
  {
    "ID Number": "6201733"
  },
  {
    "ID Number": "6204783"
  },
  {
    "ID Number": "6215360"
  },
  {
    "ID Number": "6208908"
  },
  {
    "ID Number": "6204040"
  },
  {
    "ID Number": "6223613"
  },
  {
    "ID Number": "6222714"
  },
  {
    "ID Number": "6210970"
  },
  {
    "ID Number": "6206603"
  },
  {
    "ID Number": "6205984"
  },
  {
    "ID Number": "6206492"
  },
  {
    "ID Number": "6202330"
  },
  {
    "ID Number": "6205895"
  },
  {
    "ID Number": "6218601"
  },
  {
    "ID Number": "6206166"
  },
  {
    "ID Number": "6209882"
  },
  {
    "ID Number": "652009726"
  },
  {
    "ID Number": "6200320"
  },
  {
    "ID Number": "6218695"
  },
  {
    "ID Number": "6200036"
  },
  {
    "ID Number": "6200729"
  },
  {
    "ID Number": "6203230"
  },
  {
    "ID Number": "6203493"
  },
  {
    "ID Number": "6210554"
  },
  {
    "ID Number": "6215017"
  },
  {
    "ID Number": "6202551"
  },
  {
    "ID Number": "6200214"
  },
  {
    "ID Number": "6202152"
  },
  {
    "ID Number": "6218296"
  },
  {
    "ID Number": "6213332"
  },
  {
    "ID Number": "6214118"
  },
  {
    "ID Number": "6207324"
  },
  {
    "ID Number": "6200389"
  },
  {
    "ID Number": "6200222"
  },
  {
    "ID Number": "6203760"
  },
  {
    "ID Number": "6208967"
  },
  {
    "ID Number": "6206743"
  },
  {
    "ID Number": "6218806"
  },
  {
    "ID Number": "6213260"
  },
  {
    "ID Number": "6211534"
  },
  {
    "ID Number": "6200745"
  },
  {
    "ID Number": "6215319"
  },
  {
    "ID Number": "6210716"
  },
  {
    "ID Number": "6205887"
  },
  {
    "ID Number": "6202179"
  },
  {
    "ID Number": "6214509"
  },
  {
    "ID Number": "6203965"
  },
  {
    "ID Number": "6208282"
  },
  {
    "ID Number": "6204473"
  },
  {
    "ID Number": "6207260"
  },
  {
    "ID Number": "6203523"
  },
  {
    "ID Number": "6202187"
  },
  {
    "ID Number": "6209190"
  },
  {
    "ID Number": "6209203"
  },
  {
    "ID Number": "6203825"
  },
  {
    "ID Number": "6204945"
  },
  {
    "ID Number": "6223460"
  },
  {
    "ID Number": "6201075"
  },
  {
    "ID Number": "6201083"
  },
  {
    "ID Number": "6213006"
  },
  {
    "ID Number": "6215157"
  },
  {
    "ID Number": "6215050"
  },
  {
    "ID Number": "6209114"
  },
  {
    "ID Number": "6202349"
  },
  {
    "ID Number": "6211470"
  },
  {
    "ID Number": "6215939"
  },
  {
    "ID Number": "6206808"
  },
  {
    "ID Number": "6204937"
  },
  {
    "ID Number": "6221246"
  },
  {
    "ID Number": "6209068"
  },
  {
    "ID Number": "6212247"
  },
  {
    "ID Number": "6218610"
  },
  {
    "ID Number": "6207219"
  },
  {
    "ID Number": "6200770"
  },
  {
    "ID Number": "6200591"
  }
]