ID Number,Name,Fed,Sex,Title,WTit,OTit,Rating,Gms,K,RatingMonth,B-day,Flag
1078224,"Aarts, Joaquin",NED,M,,,,1976,0,20,AUG25,2006,
1012975,"Abcouwer, Jan-Bart",NED,M,,,,2022,0,20,AUG25,1966,i
1091107,"Adams, Oscar",NED,M,,,,1932,0,20,AUG25,2006,i
40120783,"Adang, Xavi",NED,M,,,,1786,0,40,AUG25,2010,
1055011,"Adavatkar, Rugved",NED,M,,,,1846,0,20,AUG25,1998,
1019716,"Admiraal, Miguoel",NED,M,IM,,,2431,0,10,AUG25,1994,
1017349,"Agter, Frank",NED,M,,,,2179,0,20,AUG25,1979,i
1033093,"Agterberg, Mark",NED,M,,,,2105,0,20,AUG25,1988,i
1084380,"Al Jabir, Al Fares",NED,M,,,,1642,0,20,AUG25,2002,i
1068253,"Albers, Sasa",NED,M,FM,,,2077,0,20,AUG25,2004,i
1047493,"Alberts, Guus",NED,M,,,,1735,0,20,AUG25,1994,i
1053760,"Albertus, Bram",NED,M,,,,1948,0,20,AUG25,2003,i
1062735,"Aldenberg, Hendrik",NED,M,,,,1807,0,20,AUG25,1984,i
40121895,"Alhalabi, Mohammad Faisal",NED,M,,,,1824,0,20,AUG25,1993,
11515090,"Alhasan, Husam",NED,M,,"NI,NA",,AFM,1787,0,AUG25,1986,
1053272,"Allaart, Jesse",NED,M,,,,1750,0,20,AUG25,2003,i
1086952,"Alvares, Eric",NED,M,,,,1730,0,20,AUG25,1971,i
1072668,"Alvares, Thomas",NED,M,,,,1870,0,20,AUG25,2006,i
40101550,"Amkreutz, Mitch",NED,M,,,,1710,0,20,AUG25,2005,
40105911,"Ammerlaan, Thomas",NED,M,,,,1718,0,20,AUG25,2003,
1069519,"Andriessen, Bart Jan",NED,M,,,,1829,0,20,AUG25,1967,i
1055240,"Andringa, Arjo",NED,M,,,,1913,0,20,AUG25,1993,
1027824,"Anink, Marco",NED,M,,,,1857,0,20,AUG25,1983,i
1075888,"Anjema, Pieter",NED,M,,,,1625,0,20,AUG25,1948,
1056115,"Apon, Iwahn",NED,M,,,,1939,0,20,AUG25,1962,
40101959,"Appelo, Harry",NED,M,,,,1854,0,20,AUG25,1955,i
1084216,"Aravindhan, Achyuth",NED,M,CM,,,2127,0,40,AUG25,2011,
1045938,"Arkesteijn, Jaco",NED,M,,,,1731,0,20,AUG25,1967,
1060171,"Arnold, Kiri",NED,F,,,,1942,0,20,AUG25,2004,wi
1060635,"Arnold, Lorin",NED,M,,,,1912,0,20,AUG25,2006,i
1068849,"Arnold, Rhys",NED,M,FM,,,2133,0,40,AUG25,2009,
1005987,"Arp, Frans",NED,M,,,,2037,0,20,AUG25,1944,i
1039040,"Arts, Jan",NED,M,,,,1756,0,20,AUG25,1955,i
1082043,"Attinger, Roman",NED,M,,,,1782,0,20,AUG25,1976,i
1022318,"Auwens, Michel",NED,M,,,,1883,0,20,AUG25,1963,i
1024442,"Avis, Fred",NED,M,,,,1933,0,20,AUG25,1959,i
40101002,"Ay, Barry",NED,M,,,,1741,0,20,AUG25,2001,
40102157,"Baars, Tije",NED,M,,,,1860,0,20,AUG25,2002,i
1058088,"Baas, Aart",NED,M,,,,1971,0,20,AUG25,1980,i
1015460,"Bachaus, Sander",NED,M,,,,2060,0,20,AUG25,1990,i
1054732,"Bahadoer, Meri",NED,F,,,,1785,0,20,AUG25,2001,wi
1046187,"Bakels, Anton",NED,M,,,,2001,0,20,AUG25,1979,i
1068016,"Bakija, Alan",NED,M,,,,1910,0,40,AUG25,2007,i
1062794,"Bakker, John",NED,M,,,,1744,0,20,AUG25,1970,i
1022067,"Bakker, Jouke",NED,M,,,,2098,0,20,AUG25,1996,i
1062816,"Bakker, Roel",NED,M,,,,1921,0,20,AUG25,1994,i
1044079,"Bakkes, Frits",NED,M,,,,1777,0,20,AUG25,1950,i
1002511,"Bannink, Bernard",NED,M,FM,,,2193,0,20,AUG25,1964,i
1099760,"Barak, Ramin",NED,M,,,,1807,0,20,AUG25,1991,
1048368,"Barendrecht, Dennis",NED,M,,,,1711,0,20,AUG25,1972,i
40109240,"Barseghyan, Tigran",NED,M,,,,1694,0,40,AUG25,2012,i
1054392,"Baselmans, Daan",NED,M,,,,1855,0,20,AUG25,2004,i
1051008,"Baselmans, Luuk",NED,M,FM,,,2221,0,20,AUG25,2001,i
1048139,"Baselmans, Sam",NED,M,,,,2133,0,20,AUG25,1999,i
1091905,"Beardsley, Benjamin",NED,M,,,,1634,0,20,AUG25,1998,i
1001183,"Becx, Cesar",NED,M,FM,,,2019,0,20,AUG25,1959,
1011634,"Beeke, Bob",NED,M,FM,,,2210,0,20,AUG25,1981,
1050249,"Beerdsen, Marco",NED,M,,,,1710,0,20,AUG25,1971,
1030108,"Beerdsen, Thomas",NED,M,GM,,,2538,0,10,AUG25,1998,
1032771,"Beijen, Mark",NED,M,,,,1850,0,20,AUG25,1991,
1030400,"Beijer, Bart",NED,M,,,,1789,0,20,AUG25,1959,i
1022229,"Bekker, Stefan",NED,M,FM,,,2249,0,20,AUG25,1989,
1037161,"Bekkink, Sereyo",NED,M,,,,2028,0,20,AUG25,1997,i
1040065,"Belle, Arthur",NED,M,,,,1875,0,20,AUG25,1989,
1014064,"Beltman, Guus",NED,M,,,,1894,0,20,AUG25,1979,i
1003810,"Benning, Tim",NED,M,,,,2095,0,20,AUG25,1983,i
1056298,"Benningshof, Jorg",NED,M,,,,1805,0,20,AUG25,1972,
1009311,"Bensdorp-De Labaca, Marlies",NED,F,WIM,WIM,,2156,0,20,AUG25,1985,wi
1040103,"Berghuis, Marten",NED,M,,,,1961,0,20,AUG25,1989,
1042327,"Bergmans, Dirk",NED,M,,,,1966,0,20,AUG25,1983,
40118827,"Bernards, Job",NED,M,,,,1821,0,20,AUG25,2001,
1054520,"Bertrand, Sjors",NED,M,,,,1736,0,20,AUG25,1985,i
1045601,"Bes, Roland",NED,M,,,,1927,0,20,AUG25,1965,i
203530,"Beukema, Henk Jan",NED,M,,,,1928,0,20,AUG25,1967,i
1057413,"Beumer, Fred",NED,M,,,,1782,0,20,AUG25,1958,
1048090,"Bhattacharjee, Sourav",NED,M,,,,2092,0,20,AUG25,2000,i
1096630,"Bhawsar, Ashwath",NED,M,,,,1932,0,40,AUG25,2012,
206210,"Biemans, Erik",NED,M,,,,2175,0,20,AUG25,1984,i
40102203,"Biennier, Simon",NED,M,,,,1860,0,20,AUG25,2003,i
1007041,"Bijlsma, Nick",NED,M,FM,,,2299,0,20,AUG25,1995,
1037749,"Bik, Wouter",NED,M,,,,2010,0,20,AUG25,1991,
1079689,"Billekens, Jacques",NED,M,,,,1746,0,20,AUG25,1987,i
1031325,"Binnendijk, Ferdinand",NED,M,,,,2018,0,20,AUG25,1991,
1090658,"Birg, Andrey",NED,M,,,,2036,0,20,AUG25,1994,
1054104,"Bishoen, Bob",NED,M,,,,1959,0,20,AUG25,1980,i
1010972,"Bitalzadeh, Ali",NED,M,IM,,,2337,9,10,AUG25,1989,
1057812,"Bleeker, Kasper",NED,M,,,,1960,0,20,AUG25,2005,
1000217,"Blees, Albert",NED,M,IM,,,2219,0,10,AUG25,1962,i
1022997,"Blijlevens, Pim",NED,M,,,,1985,0,20,AUG25,1981,
1080261,"Bloem, George",NED,M,,,,1738,0,20,AUG25,1994,i
40108244,"Bloem, Milan",NED,M,,,,1712,0,20,AUG25,1991,
40111210,"Bloemberg, Jesper",NED,M,,,,1761,0,40,AUG25,2011,
1072153,"Bloemendaal, Jelle",NED,M,,,,1849,0,20,AUG25,2003,i
40110494,"Blok, Lukas",NED,M,,,,1824,0,40,AUG25,2012,
1014315,"Blok, Michiel",NED,M,,,,2112,0,20,AUG25,1979,
1024574,"Blok, Ronald",NED,M,,,,1847,0,20,AUG25,1959,
1052462,"Blok, Sander",NED,M,,,,2000,0,20,AUG25,1977,i
1092723,"Blok, Xaveer",NED,M,,,,1874,0,40,AUG25,2008,i
1000888,"Blokhuis, Edgar",NED,M,FM,,,2157,0,20,AUG25,1965,
1005456,"Blokhuis, Jeroen",NED,M,FM,,,2304,0,20,AUG25,1979,
1089811,"Blokland, Bent",NED,M,,,,1785,0,20,AUG25,2006,i
1014358,"Blom, Vincent",NED,M,FM,,,2441,0,10,AUG25,1992,
1028529,"Bodaan, Ton",NED,M,,,,1888,0,20,AUG25,1959,
1013300,"Boelhouwer, Collin",NED,M,,,,2084,0,20,AUG25,1976,i
1007122,"Boer, Alef",NED,M,,,,2104,0,20,AUG25,1971,
1060783,"Boer, Bert-Jan",NED,M,,,,1748,0,20,AUG25,1969,i
1017241,"Boer, Jan",NED,M,,,,1830,0,20,AUG25,1970,i
1075446,"Boere, Lars",NED,M,,,,1772,0,20,AUG25,1999,
1067478,"Boeren, Jurriaan",NED,M,,,,1999,0,20,AUG25,2005,
1055755,"Bogers, Jan Peter",NED,M,,,,1976,0,20,AUG25,1967,i
1060074,"Bogouslavskii, Veronique",NED,F,,,,1591,0,20,AUG25,2005,wi
1016164,"Boguslavskij, Taras",NED,M,,,,1975,0,20,AUG25,1986,i
1000306,"Bohm, Hans",NED,M,IM,,,2244,0,20,AUG25,1950,i
1023675,"Boittin, Pascal",NED,M,,,,1792,0,20,AUG25,1968,i
1017063,"Bok, Benjamin",NED,M,GM,,,2632,13,10,AUG25,1995,
1048341,"Boldoo, Tuvshin",NED,M,,,,1998,0,20,AUG25,1971,i
1057294,"Bolhuis, Bjorn",NED,M,,,,1700,0,20,AUG25,1992,i
40112802,"Bolkestein, Dries",NED,M,,,,1823,0,40,AUG25,2010,
1099671,"Bolle, Leo",NED,M,,,,1755,0,20,AUG25,1953,
1027883,"Bollen, Guus",NED,M,CM,,,2191,0,20,AUG25,1990,i
1009125,"Bolwerk, Peter",NED,M,,,,2142,0,20,AUG25,1964,
1095951,"Bommel, Peter",NED,M,,,,1795,0,20,AUG25,1961,i
1087460,"Bon, Gijs",NED,M,,,,1903,0,20,AUG25,2005,i
1010050,"Bons, Jasper",NED,M,,,,2191,0,20,AUG25,1989,i
1048716,"Boonstra, Jacques",NED,M,,,,1804,0,20,AUG25,1960,
1049097,"Boonstra, Jasper",NED,M,,,,1897,0,20,AUG25,1985,i
1044745,"Boots, Lukas",NED,M,,,,1815,0,20,AUG25,1985,i
1093398,"Borgen, Mats Peder",NED,M,,,,1774,0,20,AUG25,2004,
1072161,"Bos, Martin",NED,M,,,,1807,0,20,AUG25,1966,i
1014331,"Bos, Niels",NED,M,,,,2004,0,20,AUG25,1972,
40118835,"Bos, Sander",NED,M,,,,1602,0,20,AUG25,1984,
1046454,"Bosboom, Ardin",NED,M,,,,2089,0,20,AUG25,1996,i
1000080,"Bosboom, Manuel",NED,M,IM,,,2365,0,10,AUG25,1963,
1001280,"Bosch, Jeroen",NED,M,IM,FST,,2324,0,20,AUG25,1970,i
1007068,"Bosma, Erik",NED,M,,,,1935,0,20,AUG25,1968,i
1000721,"Bosman, Michiel",NED,M,IM,,,2267,0,20,AUG25,1969,i
1080237,"Bosschieter, Peter",NED,M,,,,1671,0,20,AUG25,1953,i
1013327,"Bosters, Robin",NED,M,,,,1992,0,20,AUG25,1984,i
40118720,"Boterenbrood, Rob",NED,M,,,,1930,0,20,AUG25,1976,
1014404,"Bottema, Timo",NED,M,,,,1986,0,20,AUG25,1988,i
206288,"Boutens, Lukas",NED,M,,,,2304,0,20,AUG25,1973,i
40102211,"Bouwen, Wim",NED,M,,,,1744,0,20,AUG25,1965,
1043650,"Bouwmans, Erik",NED,M,,,,1777,0,20,AUG25,1954,i
1005685,"Bouwmeester, Andre",NED,M,,,,2167,0,20,AUG25,1961,i
1022911,"Bovens, Noel",NED,M,,,,1865,0,20,AUG25,1963,i
1042360,"Braam, Marco",NED,M,,,,1827,0,20,AUG25,1969,
1024191,"Brachten, Ron",NED,M,,,,1798,0,20,AUG25,1959,
1036327,"Braggaar, Wessel",NED,M,,,,2068,0,20,AUG25,1997,i
40102793,"Brand, Max",NED,M,,,,1891,0,20,AUG25,1993,i
1003011,"Brandenburg, Erik",NED,M,,,,2157,0,20,AUG25,1967,i
1054872,"Brands, Kevin",NED,M,,,,1899,0,20,AUG25,2003,i
1023683,"Brandsma, Jeroen",NED,M,,,,1913,0,20,AUG25,1976,i
1054139,"Brandsma, Romayn",NED,M,,,,1889,0,20,AUG25,2006,i
1039539,"Brantjes, Yme",NED,M,,,,1953,0,20,AUG25,1993,i
1082892,"Breider, Jayden",NED,M,,,,1631,0,40,AUG25,2010,
1084640,"Brethouwer, Lorenz",NED,M,,,,1884,0,20,AUG25,1996,i
1015583,"Breukelman, Jan",NED,M,FM,,,2327,0,20,AUG25,1987,i
1051270,"Briels, Raymond",NED,M,,,,1961,0,20,AUG25,1965,i
1094548,"Brienen, Jacob",NED,M,,,,1903,0,40,AUG25,2007,i
1060830,"Brindza, Zoltan",NED,M,,,,1907,0,20,AUG25,1969,i
1009451,"Brink, Barry",NED,M,IM,,,2278,0,20,AUG25,1975,i
1049283,"Broek, Barry",NED,M,,,,1783,0,20,AUG25,1996,i
1005731,"Broek, Thomas",NED,M,,,,2028,0,20,AUG25,1965,i
1005154,"Broekman, Willem",NED,M,,,,1910,0,20,AUG25,1947,
1013440,"Broekmeulen, Jasper",NED,M,IM,,,2280,0,20,AUG25,1987,i
1021362,"Broekmeulen, Joris",NED,M,,,,2163,0,20,AUG25,1989,i
1067680,"Broersma, Sven",NED,M,,,,1954,0,20,AUG25,2003,i
1045253,"Brokaar, Joey",NED,M,,,,1992,0,20,AUG25,1992,
1010069,"Brokken, Dennis",NED,M,IM,,,2365,0,20,AUG25,1982,i
4669355,"Brookes, Christopher",NED,M,CM,,,2129,0,20,AUG25,1994,i
1095307,"Brorens, Victor",NED,M,,,,1859,0,40,AUG25,2012,
40102220,"Brouwer, Cor",NED,M,,,,1837,0,20,AUG25,1954,i
1056352,"Brouwer, Erwin",NED,M,,,,1741,0,20,AUG25,1968,i
1093720,"Brouwer, Joey",NED,M,,,,1838,0,20,AUG25,2002,
1080555,"Brouwer, Mason",NED,M,,,,2088,0,40,AUG25,2007,i
1048260,"Brouwer, Piet",NED,M,,,,1734,0,20,AUG25,1947,i
1053590,"Bruil, Rembrandt",NED,M,FM,,,2123,0,20,AUG25,2003,i
40110915,"Bruls, Sven",NED,M,,,,1789,0,40,AUG25,2012,
40118797,"Brummelaar, Lesley",NED,M,,,,1684,0,20,AUG25,1979,
1051377,"Brunet Espinosa, Roger",NED,M,,,,1805,0,20,AUG25,1988,i
1048473,"Bruschke, Alexander",NED,M,,,,1897,0,20,AUG25,1998,i
1069250,"Buijnsters, Floris",NED,M,,,,1754,0,20,AUG25,2005,i
40111229,"Buijs, Gerard",NED,M,,,,1759,0,20,AUG25,1990,
1047108,"Bulthuis, Jelle",NED,M,,,,2086,0,20,AUG25,1994,
1018086,"Burer, Audry",NED,M,,,,1873,0,20,AUG25,1963,
1069985,"Burer, Humphrey",NED,M,,,,1878,0,20,AUG25,1963,i
1019465,"Burg, Brent",NED,M,,,,2143,0,20,AUG25,1991,i
1010697,"Burg, Twan",NED,M,GM,,,2422,0,10,AUG25,1990,i
1092243,"Burggraaf, Nick",NED,M,,,,1728,0,20,AUG25,1987,
1062930,"Burgsma, Sjoerd Jan",NED,M,,,,1726,0,20,AUG25,1990,i
1014374,"Bus, Tom",NED,M,CM,,,2104,0,20,AUG25,1960,
1068679,"Busa, Ryan",NED,M,,,,1704,0,20,AUG25,2003,i
1047787,"Buschman, Rob",NED,M,,,,1753,0,20,AUG25,1951,i
1067168,"Busstra, Freek",NED,M,,,,1941,0,20,AUG25,1992,i
1008153,"Cako, Laszlo",NED,M,,,,2133,0,20,AUG25,1966,i
1014420,"Casareno, Erwin",NED,M,,,,AIM,1903,0,AUG25,1960,i
1041657,"Casteleijn, Diederick",NED,M,,,,2041,0,20,AUG25,1995,
1057553,"Catalan, Ciro",NED,M,,,,1768,0,20,AUG25,2006,i
1055160,"Cchung, Chi Yun",NED,M,,,,1858,0,20,AUG25,2003,
1042386,"Chappin, Rene",NED,M,,,,1791,0,20,AUG25,1963,i
1092740,"Chardon, Kayen",NED,M,,,,1545,0,40,AUG25,2009,i
1041991,"Cheng, Fon Kee",NED,M,,,,AFM,1555,0,AUG25,1968,i
1072226,"Cherepanov, Daniil A",NED,M,,,,1671,0,40,AUG25,2010,i
1010735,"Cheung, Jan",NED,M,,,,1967,0,20,AUG25,1969,
1037897,"Cheung, Tsjisang",NED,M,,,,1927,0,20,AUG25,1959,i
1082825,"Chu, Griffin",NED,M,,,,1587,0,20,AUG25,1996,i
1089250,"Chua, Ethan",NED,M,,,,1804,0,40,AUG25,2010,i
1022962,"Clevers, Egbert",NED,M,FM,,,2280,0,20,AUG25,1990,i
1010212,"Clijsen, Mark",NED,M,,,,2093,0,20,AUG25,1974,
1013637,"Cliteur, Olaf",NED,M,,,,1879,0,20,AUG25,1963,i
1094637,"Cloosterman, Teun",NED,M,,,,1712,0,40,AUG25,2009,i
40107647,"Cobben, Youri",NED,M,,,,1555,0,20,AUG25,1981,i
1014390,"Coenen, Eduard",NED,M,,,,2015,0,20,AUG25,1959,i
1016199,"Colijn, Stefan",NED,M,FM,,,2331,0,10,AUG25,1989,
1008617,"Compagnie, Luc",NED,M,,,,2085,0,20,AUG25,1956,i
1060708,"Cordes, Jule",NED,F,,,,1876,10,20,AUG25,2006,w
1008137,"Cornelisse, John",NED,M,,,,2172,0,20,AUG25,1973,i
1087177,"Cornelisse, Lorelei",NED,F,WFM,WFM,,2042,11,20,AUG25,2004,w
1098160,"Cornelissen, Jort",NED,M,,,,1796,0,20,AUG25,1999,
1090364,"Czorniczek, Nick",NED,M,,,,1783,0,20,AUG25,2002,i
1032801,"Daamen, Roland",NED,M,,,,1987,0,20,AUG25,1991,i
1231995,"Daday, Csaba",NED,M,,,,1787,0,20,AUG25,1987,i
1048805,"Daemen, Jules",NED,M,,,,1801,0,20,AUG25,1989,i
1050761,"Daems, Jan",NED,M,,,,1504,0,20,AUG25,1951,i
1094068,"Dam, Karsten",NED,M,,,,1810,0,40,AUG25,2008,
1096249,"Dam, Pjotr",NED,M,,,,1843,0,20,AUG25,2006,i
1039709,"Damen, Jip",NED,M,FM,,,2150,0,20,AUG25,1997,i
1074369,"Damen, Josephine",NED,F,,,,1789,0,40,AUG25,2008,w
1094831,"Darie, Aden",NED,M,,,,2201,0,40,AUG25,2010,
1050826,"De Best, Jos",NED,M,,,,1956,0,20,AUG25,1992,i
1007530,"De Boer, Albert",NED,M,,,,1811,0,20,AUG25,1957,
1050729,"De Boer, Bas",NED,M,CM,,,2071,0,20,AUG25,1998,
1048120,"De Boer, Eelke",NED,M,IM,,,2362,0,20,AUG25,2003,i
1077970,"De Boer, Guus",NED,M,,,,1903,0,20,AUG25,1982,i
1068792,"De Boer, Hein",NED,M,,,,1770,0,20,AUG25,1954,i
1097261,"De Boerdere, Jesse",NED,M,,,,1842,0,20,AUG25,2006,i
40102238,"De Bruijn, Sander",NED,M,,,,1655,0,20,AUG25,2003,i
1056360,"De Bruijn, Tjerk-Peter",NED,M,,,,1813,0,20,AUG25,1970,i
1039946,"De Bruijne, Arian",NED,M,,,,2034,0,20,AUG25,1993,i
1033026,"De Dreu, Dies",NED,M,,,,1815,0,20,AUG25,1979,
1028235,"De Freytas, Paul",NED,M,,,,1905,0,20,AUG25,1964,i
40112349,"De Gier, Jarno",NED,M,,,,1538,0,40,AUG25,2008,
1005677,"De Graaf, Dick",NED,M,,,,2033,0,20,AUG25,1964,
1087541,"De Graaf, Gerard",NED,M,,,,1766,0,20,AUG25,1970,i
1092324,"De Graaf, Mark",NED,M,,,,1823,0,20,AUG25,2005,i
40102262,"De Graauw, Simon",NED,M,,,,1963,0,40,AUG25,2007,
1017870,"De Groote, Ewoud",NED,M,,,,2124,0,20,AUG25,1989,i
1083341,"De Haan, Martijn",NED,M,,,,1736,0,20,AUG25,1981,i
1024817,"De Heer, Henk",NED,M,,,,1867,0,20,AUG25,1956,i
1059696,"De Heij, Mees",NED,M,,,,1669,0,40,AUG25,2008,i
1024825,"De Hert, Oliver",NED,M,,,,1974,0,20,AUG25,1970,i
1002830,"De Jager, Jaap",NED,M,IM,,,2340,0,10,AUG25,1972,i
1052578,"De Jong, Eliza",NED,F,,,,1740,0,20,AUG25,2000,wi
1008641,"De Jong, Jan-Willem",NED,M,IM,,,2368,0,10,AUG25,1981,i
40101860,"De Jong, Lode",NED,M,CM,,,1845,0,40,AUG25,2010,i
40120791,"De Jong, Martijn",NED,M,,,,1535,0,20,AUG25,1989,
1094530,"De Jong, Micha",NED,M,,,,1721,0,20,AUG25,2006,i
1002848,"De Jong, Migchiel",NED,M,IM,,,2298,0,20,AUG25,1972,i
40101126,"De Jong, Mika",NED,M,,,,1615,0,20,AUG25,2006,i
1046284,"De Jong, Ti",NED,F,,,,1739,0,20,AUG25,1958,wi
40110788,"De Jonge, Jan",NED,M,,,,1809,0,20,AUG25,1963,i
1059319,"De Jongh, Benno",NED,M,,,,1981,0,20,AUG25,1980,i
1068857,"De Jongh, Saul",NED,M,,,,1925,0,20,AUG25,1973,i
1082574,"De Kleijn, Erwin",NED,M,,,,1794,0,20,AUG25,1970,i
1032690,"De Kleuver, Jonathan",NED,M,,,,1892,0,20,AUG25,1993,i
40101231,"De Koning, Aaron",NED,M,,,,1673,0,20,AUG25,1982,
40109747,"De Koning, Samuel",NED,M,,,,1421,0,40,AUG25,2015,
1090739,"De Korte, Jan",NED,M,,,,1829,0,20,AUG25,1962,i
1098934,"De Koster, Willem",NED,M,,,,1786,0,20,AUG25,1984,i
1028782,"De Kraker, Johnny",NED,M,,,,1920,0,20,AUG25,1967,i
1006479,"De Kruif, Kees",NED,M,,,,1847,0,20,AUG25,1956,
1023721,"De Lange, Gerard",NED,M,,,,1858,0,20,AUG25,1968,i
1012738,"De Lange, Hans",NED,M,,,,1810,0,20,AUG25,1946,i
1085484,"De Leede, Tjeerd",NED,M,,,,1700,0,20,AUG25,2001,i
1063600,"De Leeuw, Kees",NED,M,,,,1755,0,20,AUG25,1956,i
1076949,"De Leeuw, Pierre",NED,M,,,,1783,0,20,AUG25,1958,
1067028,"De Liefde, Michelle",NED,F,,,,1527,0,20,AUG25,1993,w
1057464,"De Man, Luuk",NED,M,,,,1884,0,20,AUG25,2003,
452572,"De Martin, Lilian",NED,F,,,,1719,0,20,AUG25,1983,wi
1049623,"De Mon, Gino",NED,M,,,,2101,14,20,AUG25,1995,
1024868,"De Moor, Eric",NED,M,,,,2111,0,20,AUG25,1988,i
1019902,"De Pooter, Ronald",NED,M,,,,1867,0,20,AUG25,1976,
1053388,"De Putter, Peter",NED,M,,,,1762,0,20,AUG25,1978,i
1052594,"De Putter, Sven",NED,M,,,,1740,0,20,AUG25,2006,i
40119556,"De Ridder, Dorian",NED,M,,,,1759,0,40,AUG25,2014,
1030752,"De Roode, Martijn",NED,M,,,,2040,0,20,AUG25,1988,i
1053183,"De Roode, Rob",NED,M,,,,1913,0,20,AUG25,1986,i
1037226,"De Roos, Radboud",NED,M,,,,1963,0,20,AUG25,1975,i
1010298,"De Rover, Yong Hoon",NED,M,IM,,,2365,0,20,AUG25,1979,i
1020650,"De Ruiter, Danny",NED,M,FM,,,2398,0,10,AUG25,1991,i
1048228,"De Ruiter, Marcel",NED,M,,,,1824,0,20,AUG25,1969,i
1039750,"De Ruiter, Thomas",NED,M,,,,2059,0,20,AUG25,1997,
1024906,"De Veth, Bo",NED,M,,,,1924,0,20,AUG25,1987,i
1066331,"De Vreugt Pezo, Max",NED,M,,,,1571,0,40,AUG25,2009,i
1003909,"De Vreugt, Dennis",NED,M,GM,,,2445,0,10,AUG25,1980,i
1033166,"De Vries, Jan-Pieter",NED,M,,,,1912,11,20,AUG25,1991,
1024205,"De Vries, Joel",NED,M,,,,2135,9,20,AUG25,1993,
1064860,"De Vries, Leon",NED,M,,,,1900,0,20,AUG25,1967,i
40118738,"De Vries, Marcel",NED,M,,,,1705,0,20,AUG25,1968,
1067826,"De Vries, Martin",NED,M,,,,1534,0,20,AUG25,1963,
1058150,"De Vries, Werner",NED,M,,,,1846,0,20,AUG25,1962,i
1013491,"De Waard, Marco",NED,M,,,,2081,0,20,AUG25,1957,i
1038419,"De Weert, Chris",NED,M,,,,1626,0,20,AUG25,1967,i
1024337,"De Wilde, Rik",NED,M,,,,2108,0,20,AUG25,1990,i
1069020,"De Winter, Arthur",NED,M,IM,,,2381,0,20,AUG25,2008,i
1033069,"De Winter, Eric",NED,M,,,,1784,0,20,AUG25,1951,
1036157,"De Wit, Albert",NED,M,,,,1947,0,20,AUG25,1960,i
1016849,"De Wit, Cor",NED,M,,,,1915,0,20,AUG25,1959,
1096389,"De Wit, Evan",NED,M,,,,1878,0,40,AUG25,2010,
1097326,"De Wit, Jim",NED,M,,,,1650,0,40,AUG25,2015,
1058479,"De Wit, Martijn",NED,M,,,,1811,0,20,AUG25,2000,i
1002210,"De Wit, Michel",NED,M,FM,,,2181,0,20,AUG25,1967,i
1012770,"De Wit, Tex",NED,M,FM,,,2286,0,20,AUG25,1986,i
1060163,"De Zoeten, Cato",NED,F,,,,1920,0,20,AUG25,2004,wi
1085816,"Deij, Casper",NED,M,,,,1667,0,40,AUG25,2010,
1001329,"Dekker, Andries",NED,M,CM,,,2121,0,20,AUG25,1967,i
1062174,"Dekker, Jos",NED,M,,,,1795,0,20,AUG25,1992,i
1009540,"Dekker, Kees",NED,M,,,,2051,0,20,AUG25,1947,i
1002260,"Dekker, Theo",NED,M,,,,1915,0,20,AUG25,1969,i
1024299,"Dekker, Willem",NED,M,,,,1569,0,20,AUG25,1954,i
40102254,"Demmers, Rick",NED,M,,,,1708,0,20,AUG25,2000,i
1032798,"Den Boer, Lennard",NED,M,,,,2149,0,20,AUG25,1991,i
1055020,"Den Breejen, Wilfred",NED,M,,,,1756,0,20,AUG25,1983,i
1045750,"Den Dunnen, Lola",NED,F,,,,1863,0,20,AUG25,1999,wi
1068300,"Den Heijer, Rolinde",NED,F,,,,2009,0,20,AUG25,2005,w
1043927,"Den Rooijen, Teunis",NED,M,,,,1922,0,20,AUG25,1970,i
1054643,"Den Uijl, Wim",NED,M,,,,1627,0,20,AUG25,1952,i
1024957,"Devine, Christopher",NED,M,,,,2021,0,20,AUG25,1982,
1086421,"Diab Diaz, Ahmad",NED,M,,,,1796,0,20,AUG25,1998,i
1071955,"Dieleman, Marco",NED,M,,,,1545,0,20,AUG25,1970,i
1003054,"Diepeveen, Vincent",NED,M,FM,,,2252,0,20,AUG25,1973,i
1012967,"Dignum, Erik",NED,M,,,,1946,0,20,AUG25,1972,i
1010379,"Dijk, Rogier",NED,M,,,,2013,0,20,AUG25,1970,
1006452,"Dijksterhuis, Rolf",NED,M,,,,1921,0,20,AUG25,1969,
1046985,"Dijkstra, Matthijs",NED,M,,,,1974,0,20,AUG25,1961,i
1087991,"Dinanath, Hrdya",NED,M,CM,,,2052,0,40,AUG25,2013,
1022857,"Dinjens, Wouter",NED,M,,,,1923,0,20,AUG25,1961,i
1052055,"Disselhoff, Rob",NED,M,,,,1876,0,20,AUG25,1946,i
1060864,"Do, Huong",NED,F,,,,1818,0,20,AUG25,1989,w
1093762,"Dorrestijn, Marco",NED,M,,,,1900,0,20,AUG25,1990,
1012347,"Douwes, Jan",NED,M,,,,2058,0,20,AUG25,1971,i
40111016,"Drager, Jason",NED,M,,,,1539,0,20,AUG25,2004,
1085743,"Drenthen, Abel",NED,M,,,,1663,0,40,AUG25,2012,i
1056735,"Drenthen, Arjan",NED,M,,,,1975,0,20,AUG25,1982,i
1007114,"Driessen, Marcus",NED,M,,,,2060,0,20,AUG25,1967,i
1053825,"Dubbeldam, Bart",NED,M,,,,1995,0,20,AUG25,2000,i
1021869,"Dudink, Bas",NED,M,,,,1939,0,20,AUG25,1973,i
4185382,"Dugarov, Alexei",NED,M,,,,2126,0,20,AUG25,1983,
1010565,"Duijker, Rick",NED,M,FM,,,2177,0,20,AUG25,1981,i
40110087,"Duijmelings, Bas",NED,M,,,,1766,0,20,AUG25,1995,
1011081,"Duijzer, Jan Willem",NED,M,,,,2071,0,20,AUG25,1962,i
1020447,"Duin, Ritchy",NED,M,,,,1852,0,20,AUG25,1967,i
40100839,"Duindam, Hedde",NED,M,,,,1580,0,40,AUG25,2008,i
1057979,"Dumont, Ties",NED,M,,,,1886,0,20,AUG25,2004,
1064339,"Dupain, Peter",NED,M,,,,1796,0,20,AUG25,1951,
1055038,"Duson, Robin",NED,F,,,,2040,0,20,AUG25,2002,wi
1073079,"Duynkerke, Lennard",NED,M,,,,1899,0,20,AUG25,2002,i
1081292,"Eder, Horst",NED,M,,,,1765,0,20,AUG25,1957,
1057847,"Edwardss, Dylan",NED,M,,,,2062,0,20,AUG25,2006,
445126,"Eefting, Martijn",NED,M,,,,1823,0,20,AUG25,1979,
1011804,"Eerens, Pim",NED,M,,,,1983,0,20,AUG25,1962,
1002481,"Eijgelaar, Jeroen",NED,M,,,,1856,0,20,AUG25,1971,
1017810,"Eijk, Yuri",NED,M,,,,2004,0,20,AUG25,1974,i
40112438,"Eijzenga, Siard",NED,M,,,,1797,0,20,AUG25,1987,
1004344,"Eikelboom, Berend",NED,M,,,,2187,0,20,AUG25,1970,i
40102505,"Eikelenboom, Samuel",NED,M,,,,1769,0,20,AUG25,2004,i
1094297,"El Khaddari, Lina",NED,F,,,,1638,0,20,AUG25,2006,w
1091719,"Elferink, Duncan",NED,M,,,,1597,0,40,AUG25,2009,
1086545,"Elferink, Leon",NED,M,,,,1811,0,40,AUG25,2007,
1093380,"Elfferich, Luuk",NED,M,,,,1810,0,20,AUG25,2006,
1053531,"Elgersma, Onno",NED,M,FM,,,2305,0,20,AUG25,2004,
1046101,"Elgersma, Simon",NED,M,CM,,,2099,0,20,AUG25,2000,i
1051393,"Emans, Job",NED,M,,,,2090,0,20,AUG25,2002,
1090968,"Engelberts, Jelle",NED,M,,,,1850,0,20,AUG25,2004,i
1057723,"Engels, Jo",NED,M,,,,1709,0,20,AUG25,1962,
1067834,"Engels, Jo",NED,M,,,,1763,0,20,AUG25,1947,
1095692,"Erisen, Sinan",NED,M,,,,1765,0,20,AUG25,1993,
1004689,"Ernst, Sipke",NED,M,GM,FT,,2436,0,10,AUG25,1979,i
1004638,"Erwich, Frans",NED,M,,,,1951,0,20,AUG25,1945,i
40111636,"Eskif, Muhammed",NED,M,,,,1899,0,20,AUG25,1971,
40100448,"Eustratiadis, Panagiotis",NED,M,,,,1714,0,20,AUG25,1991,
1036262,"Eveleens, Ed",NED,M,,,,1705,0,20,AUG25,1955,
1099884,"Faber, Roel",NED,M,,,,1892,0,20,AUG25,1995,i
1073095,"Fallaux, Storm",NED,M,,,,1934,0,40,AUG25,2009,
1084046,"Faverey, Eddy",NED,M,,,,1754,0,20,AUG25,1969,i
1054694,"Fedyszyn, Gerard",NED,M,,,,1906,0,20,AUG25,1988,i
1088653,"Feijen, Niels",NED,M,,,,AFM,1843,0,AUG25,1999,
1042645,"Feiner, Reinier",NED,M,,,,1899,0,20,AUG25,1977,
1074334,"Feng, Elysia",NED,F,,,,1723,0,40,AUG25,2008,wi
1013688,"Flierman, Edwin",NED,M,,,,1917,0,20,AUG25,1969,i
1061550,"Flikweert, Henry",NED,M,,NA,,1764,0,20,AUG25,1996,i
1023799,"Flohr, Dennis",NED,M,,,,1993,0,20,AUG25,1967,i
1025082,"Flohr, Marcel",NED,M,,,,1940,0,20,AUG25,1967,
1001981,"Flohr, Ron",NED,M,,,,1978,0,20,AUG25,1960,i
1082205,"Fokkinga, Tijl",NED,M,,,,1997,0,40,AUG25,2008,i
1072803,"Folkers, Sono",NED,M,,,,1765,0,40,AUG25,2008,i
1094750,"Formanoy, David",NED,M,,,,1660,0,40,AUG25,2011,
40101487,"Fransen, Jean-Paul",NED,M,,,,1883,0,20,AUG25,1970,
1068539,"Franx, Kees",NED,M,,,,1760,0,20,AUG25,1962,i
1013459,"Freeke, Matthieu",NED,M,FM,,,2317,0,20,AUG25,1984,i
204587,"Frenken, Marcel",NED,M,,,,2122,0,20,AUG25,1973,i
1059998,"Freriks, Marijn",NED,M,,,,1768,0,20,AUG25,1986,
40121852,"Friedel, Floris",NED,M,,,,1752,0,40,AUG25,2011,
1019449,"Friesen, Bas",NED,M,,,,1979,0,20,AUG25,1973,i
1038818,"Friesen, Philippe",NED,M,,,,1943,0,20,AUG25,1981,i
1031813,"Fung, Michael",NED,M,,,,1892,0,20,AUG25,1985,i
1090909,"Gaj, Jur",NED,M,,,,1775,0,20,AUG25,2006,i
40100480,"Ganeshram, Niranjana",NED,F,,,,1468,11,40,AUG25,2013,w
1083031,"Ganeshram, Nirupa",NED,F,,,,1781,11,40,AUG25,2007,w
40104125,"Garay, Enzo",NED,M,,,,2010,0,40,AUG25,2009,
1068458,"Garcia, Jorge",NED,M,,,,1909,0,20,AUG25,1961,i
1091387,"Gayen, Arish",NED,M,,,,1684,0,40,AUG25,2011,i
1034960,"Geene, Joris",NED,M,,,,2013,0,20,AUG25,1999,
1095897,"Georgopoulos-Karbouniaris, Mylo",NED,M,,,,1862,0,40,AUG25,2011,i
1082167,"Gergin, Isafara",NED,F,,,,1846,0,40,AUG25,2008,w
1038834,"Gerlagh, Joris",NED,M,FM,,,2190,0,20,AUG25,1999,i
1006193,"Gernaert, Jordi",NED,M,,,,2078,0,20,AUG25,1977,i
1044494,"Gerritse, Youri",NED,M,,,,1984,0,20,AUG25,1982,i
1003798,"Geurink, Jasper",NED,M,,,,2311,0,20,AUG25,1975,i
1077988,"Ghafuri, Asef",NED,M,,,,1656,0,20,AUG25,1948,i
1053361,"Gijsen, William",NED,M,,,,2112,0,20,AUG25,2001,i
24116068,"Giri, Anish",NED,M,GM,,,2703,18,10,AUG25,1994,
1014552,"Glissenaar, Peter",NED,M,,,,2025,0,20,AUG25,1956,i
40110192,"Gnanasekaran, Mithran",NED,M,,,,1795,0,40,AUG25,2016,
1012312,"Goes, Sten",NED,M,,,,2176,0,20,AUG25,1989,i
1051776,"Golbach, Floris",NED,M,,,,1958,0,20,AUG25,1994,i
1046810,"Gosker, Sietse",NED,M,,,,1962,0,20,AUG25,1985,i
1021150,"Goudriaan, Etienne",NED,M,IM,,,2347,0,20,AUG25,1990,
1063162,"Goudriaan, Rafael",NED,M,,,,2023,0,20,AUG25,2005,
1058096,"Gras, Arjan",NED,M,,,,1782,0,20,AUG25,1976,i
1093045,"Grave, Laurens",NED,M,,,,ACM,1765,0,AUG25,1994,i
1048236,"Graveland, Wilfried",NED,M,,,,1947,0,20,AUG25,1976,i
1036149,"Gravemaker, Wim Laurens",NED,M,,,,2032,0,20,AUG25,1994,i
1082213,"Greve, Wouter",NED,M,,,,1877,0,20,AUG25,1994,
1019945,"Grochal, Joey",NED,M,FM,,,2195,0,20,AUG25,1986,
1067494,"Groen, Jari",NED,M,,,,1867,0,20,AUG25,2006,i
1043579,"Groeneweg, Nick",NED,M,,,,1993,0,20,AUG25,1992,i
40112810,"Groenewegen, Niels",NED,M,,,,1521,0,40,AUG25,2009,
1087746,"Groenewoud, Joel",NED,M,,,,1973,0,40,AUG25,2010,
1004140,"Groffen, Hans",NED,M,,,,2130,0,20,AUG25,1959,i
1058100,"Groffen, Ludo",NED,M,,,,1852,0,20,AUG25,1962,i
1000330,"Grooten, Herman",NED,M,IM,,,2206,0,20,AUG25,1958,
1068806,"Grooten, Tommy",NED,M,,,,2159,0,40,AUG25,2010,
1057472,"Grutter, Tim",NED,M,IM,,,2329,0,20,AUG25,2003,
1097091,"Guillaumond, Matthieu",NED,M,,,,1885,0,40,AUG25,2012,i
40104753,"Gujran, Krithik",NED,M,,,,1687,0,20,AUG25,1997,i
40120643,"Gulave, Devran",NED,M,,,,1521,0,20,AUG25,2004,
1023098,"Gulikers, Ruud",NED,M,,,,1792,0,20,AUG25,1958,i
1032488,"Gunther, Marcella",NED,F,,,,1945,0,20,AUG25,1993,wi
1084194,"Gupta, Akul",NED,M,,,,2000,14,40,AUG25,2014,
13602888,"Guramishvili, Sopiko",NED,F,IM,WGM,,2321,0,20,AUG25,1991,wi
1017292,"Haast, Anne",NED,F,WGM,WGM,,2320,0,20,AUG25,1993,wi
1025198,"Haast, Koen",NED,M,,,,2156,0,20,AUG25,1990,i
1021133,"Haast, Mark",NED,M,IM,,,2350,0,20,AUG25,1991,i
1054597,"Haast, Rob",NED,M,,,,1932,0,20,AUG25,1988,i
1048651,"Habibi, Hamoen",NED,M,,,,2058,0,20,AUG25,1990,
1049240,"Habig, Bryan",NED,M,,,,AIM,1991,0,AUG25,1997,
1091190,"Hagen, Carlijn",NED,F,,,,1914,0,40,AUG25,2009,wi
1094890,"Hagen, Maurits",NED,M,,,,1727,0,40,AUG25,2011,i
1045946,"Halfhide, Sebastian",NED,M,FM,,,2122,0,20,AUG25,2001,i
1045415,"Halve, Gerard",NED,M,,,,1707,0,20,AUG25,1953,i
1092065,"Hamelink, Simon",NED,M,,,,1871,0,20,AUG25,1958,i
1095285,"Hamers, Hidde",NED,M,,,,1530,0,40,AUG25,2012,i
1086758,"Hamhuis, Jasper",NED,M,,,,1767,0,20,AUG25,2001,i
1054430,"Han, Yichen",NED,M,IM,,,2290,0,20,AUG25,2007,
40110923,"Hannessen, Jonathan",NED,M,,,,1595,0,40,AUG25,2007,i
40111083,"Hanning, Hidde",NED,M,,,,1686,0,20,AUG25,1999,
1001078,"Happel, Henk",NED,M,FM,,,1918,0,20,AUG25,1942,
1033204,"Harbers, Gerard",NED,M,,,,1915,0,20,AUG25,1963,i
1053914,"Harder, Cindy",NED,F,,,,1496,11,20,AUG25,1971,w
1005944,"Hart, Martin",NED,M,,,,2042,0,20,AUG25,1964,i
1060082,"Hartevelt, Leendert",NED,M,,,,1802,0,20,AUG25,1998,i
40104761,"Hartman, Marinus",NED,M,,,,1724,0,20,AUG25,1998,
1063774,"Hartog, Franciscus",NED,M,,,,1743,0,20,AUG25,1974,i
1045113,"Haspels, Johan",NED,M,,,,1823,0,20,AUG25,1950,
1039849,"Haver, Bas",NED,M,FM,,,2238,0,20,AUG25,1996,i
1035258,"Haver, Daan",NED,M,CM,,,2147,0,20,AUG25,1996,i
1017306,"Hazenberg, Frans",NED,M,,,,1911,0,20,AUG25,1959,
1094955,"Heeres, Felix",NED,M,,,,1844,0,40,AUG25,2013,
40121585,"Heij, Frans",NED,M,,,,1621,0,20,AUG25,1991,
1042505,"Heijmans, Stan",NED,M,,,,1941,0,20,AUG25,1972,
40109305,"Heikamp, Hendrik",NED,M,,,,1838,0,40,AUG25,2009,i
1041835,"Heinemans, Nol",NED,M,,,,1963,0,20,AUG25,1961,i
1041940,"Heinen, Dai",NED,M,,,,1708,0,20,AUG25,1981,
1016210,"Heinen, Igor",NED,M,,,,2015,0,20,AUG25,1974,i
24600857,"Heirich, Andreas",NED,M,,NA,,1938,0,20,AUG25,1969,i
1092146,"Held, Jesper",NED,M,,,,1774,0,20,AUG25,2003,i
1017748,"Helder, Marc",NED,M,,,,2192,0,20,AUG25,1971,i
1048481,"Hematyar, Fardin",NED,M,,,,1843,13,20,AUG25,2002,
1059076,"Hemmers, Carlos",NED,M,,,,1888,0,20,AUG25,1970,i
1092766,"Henckens, Elof",NED,M,,,,1787,0,40,AUG25,2008,
1087029,"Henckens, Guy",NED,M,,,,1836,0,20,AUG25,1978,i
1015745,"Hendriks, Tobias",NED,M,,,,1994,0,20,AUG25,1990,i
1010328,"Hendriks, Victor",NED,M,,,,2252,0,20,AUG25,1981,i
1025260,"Hennink, Erik",NED,M,,,,2152,0,20,AUG25,1986,i
1011391,"Hennipman, Rene",NED,M,CM,,,2027,0,20,AUG25,1961,i
1060562,"Heskes, Johan",NED,M,,,,1839,0,20,AUG25,2003,i
1042009,"Hess, Stefan",NED,M,,,,1915,0,20,AUG25,1978,i
1042599,"Hettfleisch, Maurice",NED,M,,,,1887,0,20,AUG25,1995,i
1014609,"Hibma, Jan",NED,M,,,,2004,0,20,AUG25,1961,i
1046713,"Hilwerda, Jonas",NED,M,FM,,,2250,0,20,AUG25,2003,i
1048406,"Hobe, Ton",NED,M,,,,1828,0,20,AUG25,1945,i
1000454,"Hoeksema, Hendrik Pieter",NED,M,IM,,,2241,0,20,AUG25,1962,i
1093592,"Hoekstra, Max",NED,M,,,,1821,0,20,AUG25,2003,i
1034480,"Hoekstra, Ronald",NED,M,,,,1821,0,20,AUG25,1949,i
1036530,"Hoeneveld, Maarten",NED,M,,,,1978,0,20,AUG25,2003,i
1060791,"Hoenselaar, Dennis",NED,M,,,,1873,0,20,AUG25,1999,i
1010930,"Hof - Van Run, Rieke",NED,F,,,,2004,0,20,AUG25,1985,w
1058878,"Hof, Jeroen",NED,M,,,,1700,0,20,AUG25,1986,i
1007599,"Hoffman, Ron",NED,M,,,,1968,0,20,AUG25,1965,i
1085328,"Hofland, Jeffrey",NED,M,,,,1767,0,20,AUG25,1989,
1016261,"Hofstra, Hotze Tette",NED,M,,,,2240,0,20,AUG25,1977,i
1003224,"Holscher, Peter",NED,M,,,,2045,0,20,AUG25,1944,i
1073869,"Holtland, Diderick",NED,M,,,,2114,0,20,AUG25,1993,
1021419,"Hooghwerff, Ruben",NED,M,,,,1829,0,20,AUG25,1989,
1012533,"Hoogland, Dirk",NED,M,CM,,,2108,0,20,AUG25,1958,
1063383,"Hooijmans, Max",NED,M,,,,1830,0,20,AUG25,2004,i
1036076,"Hoornstra, Hans",NED,M,,,,1996,0,20,AUG25,1968,i
1005669,"Hopman, Pieter",NED,M,IM,,,2357,0,20,AUG25,1972,i
1051407,"Hopman-Been, Rob",NED,M,,,,1935,0,20,AUG25,1957,i
1067451,"Hopmans, Wesley",NED,M,,,,1658,0,20,AUG25,1982,i
40111105,"Houwink, Peter",NED,M,,,,1921,0,20,AUG25,1994,i
40104184,"Huang, Vincent",NED,M,,,,AFM,1839,16,AUG25,2013,
40105288,"Huang, Ziyang",NED,M,,,,1646,0,40,AUG25,2015,
1054589,"Hubers, Daan",NED,M,,,,1800,0,20,AUG25,2004,i
1023861,"Hubregtse, Sjoerd",NED,M,,,,1852,0,20,AUG25,1980,i
1046527,"Huizer, Robert",NED,M,,,,1741,0,20,AUG25,1991,i
1043587,"Husers, Yannic",NED,M,,FA,,1968,0,20,AUG25,1994,
1072188,"Hussein, Abdulhamid",NED,M,,,,1840,0,20,AUG25,1969,i
1029622,"Hut, Alex",NED,M,,,,1995,0,20,AUG25,1964,i
40105822,"Hylarides, Charlie Ronald",NED,M,,,,1796,0,40,AUG25,2009,
1027425,"IJzermans, Cees",NED,M,,,,2050,0,20,AUG25,1992,
1031570,"IJzermans, Gijs",NED,M,,,,2097,0,20,AUG25,1991,i
1099132,"Ilin, Evgeny",NED,M,,,,1539,0,20,AUG25,1979,
1099140,"Ilina, Victoria",NED,F,,,,1462,0,40,AUG25,2014,w
1055917,"In t Veld, Rene",NED,M,,,,1876,0,20,AUG25,1975,
40117065,"Ismayilov, Uzeyir",NED,M,,,,1844,0,20,AUG25,1988,
1018329,"Jacobs, Florian",NED,M,,,,2090,0,20,AUG25,1989,
1058118,"Jacobse, Leon",NED,M,,,,1999,0,20,AUG25,1990,i
1066005,"Jakhari, Ansh",NED,M,,,,2035,0,40,AUG25,2009,
36052175,"Janse, Alexander",NED,M,,,,1960,0,20,AUG25,2001,i
1010344,"Janse, Jan Jaap",NED,M,,,,2225,0,20,AUG25,1974,i
36052191,"Janse, Sebastiaan",NED,M,,,,1957,0,20,AUG25,2003,i
1025414,"Jansen, Arnoud",NED,M,,,,1996,0,20,AUG25,1972,i
1073206,"Jansen, Bas",NED,M,,,,1996,0,20,AUG25,1977,i
1012550,"Jansen, Bob",NED,M,,,,2161,0,20,AUG25,1985,i
40101185,"Jansen, Ivan",NED,M,,,,1621,0,20,AUG25,2004,i
1075543,"Jansen, Jan A.",NED,M,,,,1663,0,20,AUG25,1962,i
1063448,"Jansen, Johan",NED,M,,,,1636,0,20,AUG25,1982,
40120686,"Jansen, Kay",NED,M,,,,1789,0,20,AUG25,2004,
1089587,"Jansen, Marijn",NED,M,,,,1836,0,20,AUG25,2002,
1025422,"Jansen, Norbert",NED,M,,,,1986,0,20,AUG25,1965,i
1045288,"Janssen, Marcel",NED,M,,,,1965,0,20,AUG25,1989,i
1047213,"Janssen, Reinier",NED,M,,,,1951,0,20,AUG25,1993,
1004816,"Janssen, Ruud",NED,M,GM,,,2455,0,10,AUG25,1979,i
40114295,"Janssen, Sen",NED,M,,,,1692,0,40,AUG25,2012,
1025449,"Janssen, Toon",NED,M,,,,1886,0,20,AUG25,1956,
40107353,"Jansz, Wilfred",NED,M,,,,1646,0,20,AUG25,1975,
1004026,"Jap Tjoen San, Linda",NED,F,WIM,WIM,,2102,0,20,AUG25,1977,wi
1045270,"Jaspers Focks, Martin",NED,M,,,,1846,0,20,AUG25,1977,i
1094165,"Jellema, Pieter",NED,M,,,,2031,0,20,AUG25,2001,i
1007394,"Jens, Jelmer",NED,M,IM,,,2326,12,20,AUG25,1982,
40104230,"Jermin, Ayleanna",NED,F,,,,1590,0,40,AUG25,2013,wi
1025457,"Jeurissen, Roland",NED,M,,,,AFM,1854,0,AUG25,1983,
1046390,"Jolly, Mark",NED,M,,,,1732,0,20,AUG25,1985,i
1042637,"Jongste, David",NED,M,,,,2126,0,20,AUG25,1998,i
1002708,"Jonkman, Harmen",NED,M,GM,,,2368,0,10,AUG25,1975,i
1071637,"Jorritsma, Johan",NED,M,,,,1653,0,20,AUG25,1981,i
40101703,"Jorritsma, Wander",NED,M,,,,1752,0,20,AUG25,1996,i
1091310,"Jovanovic, Luka L",NED,M,,,,1706,0,20,AUG25,2006,i
1010182,"Kabos, Tobias",NED,M,FM,,,2357,0,10,AUG25,1991,i
1057545,"Kaersenhout, Diego",NED,M,,,,1704,0,20,AUG25,2003,i
1094092,"Kakrana, Reyansh",NED,M,,,,1650,0,40,AUG25,2011,
1025503,"Kalkman de Koster, Franzke",NED,F,,,,1731,0,20,AUG25,1946,wi
1045504,"Kalle, Erwin",NED,M,,,,1998,0,20,AUG25,1997,i
1037943,"Kamerman, Gijsbert",NED,M,,,,2002,0,20,AUG25,1975,i
1003453,"Kamman, Albert",NED,M,,,,1959,0,20,AUG25,1964,i
1059025,"Kamphuis, Jasper",NED,M,,,,2055,0,20,AUG25,1977,i
1009079,"Kampman, Tijmen",NED,M,,,,2183,0,20,AUG25,1990,i
1053744,"Kanne, Kelvin",NED,M,,,,1894,0,20,AUG25,2004,i
40106950,"Kappert, Peter",NED,M,,,,1708,0,20,AUG25,1994,
1038060,"Karayilan, Nilufer",NED,F,,,,1596,0,20,AUG25,1963,wi
1016431,"Karssenberg, Arnout",NED,M,,,,1880,0,20,AUG25,1980,
1021788,"Kastelijn, Twan",NED,M,,,,1938,0,20,AUG25,1961,i
1072595,"Katpatal, Akshaj",NED,M,,,,1885,0,40,AUG25,2012,
1082914,"Katpatal, Mukund",NED,M,,,,1626,0,20,AUG25,1982,i
1033689,"Kazarian, Anna-Maja",NED,F,FM,WIM,,2203,0,20,AUG25,2000,w
1068750,"Kazarjan, Gachatur",NED,M,,,,2084,0,40,AUG25,2009,
40102300,"Kazi, Zidan",NED,M,,,,1918,0,40,AUG25,2016,
1033697,"Keetman, Maaike",NED,F,WFM,WFM,,2094,18,20,AUG25,1999,w
1023888,"Keijzer, Leo",NED,M,,,,1828,0,20,AUG25,1959,i
1025538,"Kelder, Sjoerd",NED,M,,,,1959,0,20,AUG25,1981,i
1022563,"Kerkhof, Michel",NED,M,,,,2124,0,20,AUG25,1990,i
1072579,"Kerkmeester, Cedric",NED,M,,,,2078,0,20,AUG25,2003,
1034219,"Keuning, Selwin",NED,M,,,,2046,0,20,AUG25,1997,i
1040634,"Kevlishvili, Robby",NED,M,GM,,,2572,0,10,AUG25,2001,
1025562,"Kindt, Manfred",NED,M,,,,1895,0,20,AUG25,1971,
1092103,"Kingma, Lukas",NED,M,,,,1737,0,20,AUG25,2003,i
1035223,"Kirana, Nancy",NED,F,,,,1911,0,20,AUG25,1994,wi
40110699,"Kiszkiel, David",NED,M,,,,1985,0,20,AUG25,2003,
40102785,"Klaassen, Julian",NED,M,,,,1872,0,20,AUG25,2002,i
1088661,"Kleibeuker, Mika",NED,M,,,,1856,0,40,AUG25,2007,
1025570,"Klein Douwel, John",NED,M,,,,1948,0,20,AUG25,1952,i
1092090,"Klein Tuente, Sam",NED,M,,,,1917,0,40,AUG25,2010,i
1039814,"Klein, Jorik",NED,M,,,,2000,0,20,AUG25,2001,i
1069268,"Klein, Lucas",NED,M,,,,1805,0,20,AUG25,2004,i
1014668,"Klein, Ron",NED,M,,,,1940,0,20,AUG25,1954,i
1031279,"Klepke, Ricardo",NED,M,FM,,,2193,0,20,AUG25,1993,i
1012584,"Klomp, Robert",NED,M,,,,2021,0,20,AUG25,1967,i
1035002,"Kloppenburg, Geert",NED,M,,,,1938,0,20,AUG25,1957,i
1049313,"Kloppers, Eric",NED,M,,,,1737,0,20,AUG25,1959,
1073249,"Kluijfhout, Anthon",NED,M,,,,1746,0,20,AUG25,1989,i
1040839,"Knight, David",NED,M,,,,AGM,1875,0,AUG25,1981,i
1084291,"Knobbe, Elise",NED,F,,,,1874,0,40,AUG25,2008,wi
1059521,"Knol, Daniel",NED,M,,,,1905,0,20,AUG25,2006,i
1018370,"Kocken, Wilbert",NED,M,,,,1992,0,20,AUG25,1956,i
1068369,"Koelewijn, Sjoerd",NED,M,,,,1761,0,20,AUG25,1981,i
1011588,"Koelmans, Jan Willem",NED,M,,,,1894,0,20,AUG25,1960,
1037862,"Koeweiden, Bart",NED,M,,,,1892,0,20,AUG25,1981,
1040081,"Koeweiden, Theo",NED,M,,,,1688,0,20,AUG25,1978,
1050702,"Kok, Cas",NED,M,,,,2001,0,20,AUG25,1995,i
1037951,"Kok, Fred",NED,M,,,,1904,0,20,AUG25,1963,i
1022024,"Kok, Ivo",NED,M,,,,2183,0,20,AUG25,1993,i
1027450,"Kok, Joris",NED,M,,,,1881,0,20,AUG25,1995,i
1084950,"Kok, Lennart",NED,M,,,,1844,0,20,AUG25,1997,i
1051024,"Kokje, Joris",NED,M,FM,,,2166,0,20,AUG25,2001,i
40110290,"Kokkula, Advaith Krishna",NED,M,,,,1751,0,40,AUG25,2015,
204374,"Koks, Paul",NED,M,,,,1668,0,20,AUG25,1965,
1024256,"Kollen, Zyon",NED,M,FM,,,2395,0,20,AUG25,1995,
1014200,"Kommer, Bas",NED,M,,,,1957,0,20,AUG25,1982,
1083457,"Komrij, Erwin",NED,M,,,,1918,0,20,AUG25,1992,i
40104265,"Konecny, Lorens",NED,M,,,,1553,0,20,AUG25,1999,
1050974,"Koning, Erwin",NED,M,,,,1962,0,20,AUG25,1995,
1043790,"Kooijmans, Jermo",NED,M,FM,,,2327,0,20,AUG25,1993,
1085662,"Kool, Jesper",NED,M,,,,1647,0,40,AUG25,2008,i
40112365,"Koole, David",NED,M,,,,1799,0,20,AUG25,1996,
1054163,"Koolen, Tom",NED,M,,,,1731,0,20,AUG25,1996,i
1054783,"Kools, Jasper",NED,M,,,,1886,0,20,AUG25,1998,i
1054759,"Kools, Thomas",NED,M,,,,2046,0,20,AUG25,1996,i
1054619,"Koopman, Daniel",NED,M,,,,1725,0,20,AUG25,1971,i
1096575,"Koot, Jory",NED,M,,,,1723,0,20,AUG25,1998,i
1030027,"Koppelaar, Victor",NED,M,,,,1845,0,20,AUG25,1960,i
1096621,"Koppenens, Ben",NED,M,,,,1564,0,20,AUG25,1977,i
1087940,"Koppenens, Oscar",NED,M,,,,1982,0,40,AUG25,2012,
1033590,"Kors, Hans",NED,M,,,,1905,0,20,AUG25,1987,i
1047990,"Koster, Chiel",NED,M,,,,2015,0,20,AUG25,1998,i
1008544,"Koster, Ramon",NED,M,FM,,,2260,0,20,AUG25,1983,
1022903,"Koudinov, Dimitri",NED,M,,,,1987,0,20,AUG25,1960,i
1050621,"Kouwenhoven, Derk",NED,M,,,,2019,0,20,AUG25,2002,i
40112403,"Krabbendam, Julian",NED,M,,,,1611,0,20,AUG25,2004,
40111164,"Kramer, Quinten",NED,M,,,,1620,0,40,AUG25,2013,i
40100634,"Kreijkes, Aron",NED,M,,,,1838,0,40,AUG25,2007,i
1048643,"Krenning, Jasper",NED,M,,,,1807,0,20,AUG25,1978,i
1054554,"Kreukniet, Arjan",NED,M,,,,1873,0,20,AUG25,1987,i
1011383,"Krishnasing, Ashley",NED,M,,,,1956,0,20,AUG25,1984,i
1002880,"Kroeze, Frank",NED,M,IM,,,2261,0,20,AUG25,1973,
1016091,"Kroezen, Roland",NED,M,,,,1766,0,20,AUG25,1968,i
1013009,"Kronemeijer, Simon",NED,M,,,,2070,0,20,AUG25,1976,i
1058487,"Kroon, Ivo",NED,M,,,,1971,0,20,AUG25,1999,
1043390,"Kroon, Joppe",NED,M,,,,1744,0,20,AUG25,2002,i
1045202,"Kroon, Mike",NED,M,,,,1917,0,20,AUG25,1966,i
1033271,"Krosenbrink, Marcel",NED,M,,,,1913,0,20,AUG25,1967,
1001175,"Krudde, Fitzgerald",NED,M,FM,,,2305,0,20,AUG25,1967,i
499358,"Kruger, Derik",NED,M,,,,1489,0,40,AUG25,2014,i
40102319,"Kruidenier, Jos",NED,M,,,,1828,0,20,AUG25,1963,i
1006460,"Kruijf, Caspar",NED,M,,,,1903,0,20,AUG25,1965,i
1084348,"Kruimer, Matthias",NED,M,,,,1937,0,20,AUG25,2003,i
1007459,"Kruit, Erik",NED,M,,,,1857,0,20,AUG25,1968,
1058754,"Krul, Johan",NED,M,,,,1667,0,20,AUG25,1999,
1008862,"Krul, Rene",NED,M,,,,2149,0,20,AUG25,1974,i
1082930,"Krylov, Philippe",NED,M,,,,1862,0,40,AUG25,2009,
1084020,"Kshirsagar, Parth",NED,M,,,,1713,26,40,AUG25,2012,
1084011,"Kshirsagar, Pranav",NED,M,,,,2039,31,40,AUG25,2009,
40112829,"Kudzia, Krzysztof",NED,M,,,,1651,0,20,AUG25,1988,
1072374,"Kuijper, Daniel",NED,M,,,,1933,0,20,AUG25,1998,i
1015729,"Kuiper, Willem",NED,M,,,,1728,0,20,AUG25,1955,i
1018400,"Kuipers, Stefan",NED,M,IM,,,2471,0,10,AUG25,1990,i
1014706,"Kuitert, Christian",NED,M,,,,1984,0,20,AUG25,1977,i
1087134,"Kumar, Dhruv",NED,M,,,,1725,0,40,AUG25,2014,
1082647,"Kurt, Sascha",NED,M,FM,,,2071,17,40,AUG25,2010,
1007998,"L'Ami, Erwin",NED,M,GM,,,2675,0,10,AUG25,1985,i
1059505,"Labruyere, Roger",NED,M,FM,,,2019,0,40,AUG25,2007,
1011138,"Lahaye, Jordy",NED,M,,,,2078,0,20,AUG25,1981,i
1007092,"Lahaye, Rick",NED,M,,,,2359,0,20,AUG25,1983,i
1038257,"Lai, Hing Ting",NED,M,IM,,,2631,0,10,AUG25,1997,
1089293,"Lalkota, Naresh Kumar",NED,M,,,,1537,0,20,AUG25,1985,
1087690,"Lalkota, Sai Pranav Tejas",NED,M,,,,AFM,1811,0,AUG25,2012,
1098667,"Lalkota, Srikar",NED,M,,,,1501,0,40,AUG25,2017,
1032720,"Lambregts, Frank",NED,M,,,,1931,0,20,AUG25,1993,i
1008803,"Lammens, Tim",NED,M,FM,,,2393,0,20,AUG25,1979,i
1054660,"Lammers, Anton",NED,M,,,,1824,0,20,AUG25,1965,
1072285,"Landman, Chelvan",NED,M,,,,1774,0,20,AUG25,1996,
40106306,"Landman, Renzo",NED,M,,,,1951,0,40,AUG25,2007,
1028090,"Landsbergen, Ron",NED,M,,,,1920,0,20,AUG25,1946,
1067311,"Landsheer, Jeroen",NED,M,,,,1808,0,20,AUG25,1993,i
1094700,"Langeveld, Jonathan",NED,M,,,,1762,0,40,AUG25,2011,i
1099701,"Langeveld, Rik",NED,M,,,,1756,0,20,AUG25,1993,
1054600,"Lauterbach, Frans",NED,M,,,,1650,0,20,AUG25,1951,i
1036378,"Lavrijsen, Barend",NED,M,,,,1505,0,20,AUG25,1971,
1027476,"Le Clercq, Maxim",NED,M,,,,1997,0,20,AUG25,1993,
1078356,"Lee, Jungbin",NED,M,,,,1788,0,20,AUG25,2005,
1081802,"Lee, Jungmin",NED,M,,,,1789,0,40,AUG25,2007,i
1098543,"Lee, Quinten",NED,M,,,,1981,0,40,AUG25,2008,
1083937,"Leenen, Boyd",NED,M,CM,,,2015,0,40,AUG25,2012,
40108848,"Leenes, Robert",NED,M,,,,AFM,1825,0,AUG25,1966,i
1008439,"Leenhouts, Koen",NED,M,GM,,,2424,0,10,AUG25,1984,i
1038222,"Legemaat, Gerrit",NED,M,,,,1917,0,20,AUG25,1962,i
1004743,"Legemaat, Gert",NED,M,,,,2166,0,20,AUG25,1963,i
1002759,"Lemmers, Oscar",NED,M,IM,,,2342,0,20,AUG25,1972,i
1029827,"Lentjes, Noud",NED,M,FM,,,2254,0,20,AUG25,1995,i
1059980,"Lever, Marcel",NED,M,,,,1762,0,20,AUG25,1956,i
1069284,"Li-Behn, Tobias",NED,M,,,,1918,0,20,AUG25,2004,i
1038095,"Lie, Michael",NED,M,,,,1910,0,20,AUG25,1987,i
1085492,"Lind, Jacco",NED,M,,,,2033,0,20,AUG25,2003,i
40110885,"Linger, Djooz",NED,M,,,,1630,0,20,AUG25,2006,i
1082124,"Liu, Chia-Yun",NED,F,,,,1603,0,40,AUG25,2009,wi
40110753,"Liu, Jan Peter",NED,M,,,,1541,0,40,AUG25,2015,
40102327,"Liyanage, Nuwan",NED,M,,,,1707,0,20,AUG25,1985,
1067508,"Ljungstrom, Gunnar-Emanuel",NED,M,,,,1731,0,20,AUG25,1950,i
1089838,"Lobo, Dhruv",NED,M,,,,1549,0,40,AUG25,2010,
1032852,"Lombaers, Peter",NED,M,FM,,,2352,0,20,AUG25,1991,i
1038877,"Looijer, Dave",NED,M,,,,2017,0,20,AUG25,1997,i
1084275,"Lopes, Samuel",NED,M,,,,1902,0,40,AUG25,2009,
1095056,"Los, Evan",NED,M,,,,1596,0,40,AUG25,2012,i
40103331,"Louter, Nico",NED,M,,,,2011,0,20,AUG25,1962,
1058266,"Louter, Rowan",NED,M,,,,1882,0,20,AUG25,1998,i
1045130,"Lucas, Fred",NED,M,,,,1826,0,20,AUG25,1956,i
1005910,"Ludden, Gert-Jan",NED,M,,,,2232,0,20,AUG25,1958,i
1082183,"Lujan Garcia, Rogelio",NED,M,,,,2075,0,20,AUG25,1987,
1047043,"Lukacs, Mirko",NED,M,,,,1744,0,20,AUG25,1966,
1091980,"Luong, Thao",NED,F,,,,1609,0,40,AUG25,2012,w
1007319,"Ma, Whee Ky",NED,M,FM,,,2319,0,20,AUG25,1978,i
40106330,"Maas, Robin",NED,M,,,,1637,0,20,AUG25,1999,
1029975,"Maassen van den Brink, Koen",NED,M,,,,1986,0,20,AUG25,1985,
1040391,"Maatman, Nick",NED,M,IM,,,2373,0,20,AUG25,1995,i
1070215,"Madularea, David",NED,M,,,,2077,0,40,AUG25,2009,
1061364,"Maes, Djad",NED,M,,,,1956,0,20,AUG25,2003,
1068784,"Maes, Zayd",NED,M,,,,1666,0,20,AUG25,2006,i
1089242,"Magin, Jesse",NED,M,,,,1710,0,20,AUG25,2001,i
40110958,"Man, Kenji",NED,M,,,,1707,0,40,AUG25,2012,
1032224,"Manoch, Maurice",NED,M,,,,2123,0,20,AUG25,1993,i
1058592,"Manschot, Thomas",NED,M,,,,1925,0,20,AUG25,1993,i
1050982,"Manshanden, Nick",NED,M,,,,2160,0,20,AUG25,1998,i
40120732,"Maram, Vihaan",NED,M,,,,1521,0,40,AUG25,2012,
40105075,"Margaryan, Aren",NED,M,,,,1998,0,40,AUG25,2015,
1052276,"Markering, Martin",NED,M,,,,1926,0,20,AUG25,1965,i
1087320,"Markx, Stefan",NED,M,,,,1931,0,20,AUG25,1990,
1073311,"Martojo, Soes",NED,M,,,,1713,0,20,AUG25,1944,i
40102335,"Mastop, Guido",NED,M,,,,1708,0,40,AUG25,2007,
1054422,"Maters, Arthur",NED,M,,,,2136,0,20,AUG25,2004,
1060813,"Mathieu, Jelle",NED,M,,,,1875,0,20,AUG25,1999,i
1047760,"Matser, Niels",NED,M,,,,1927,0,20,AUG25,1977,
40105890,"Mau-Asam, Leon",NED,M,,,,1718,0,40,AUG25,2010,
40120740,"Mayer, Teun",NED,M,,,,1744,0,20,AUG25,2005,
1011901,"Mazajchik, Tim",NED,M,,,,2179,0,20,AUG25,1985,i
1006495,"Meijer, Dolf",NED,M,,,,2204,0,20,AUG25,1977,i
1047566,"Meijer, Robbert",NED,M,,,,1864,0,20,AUG25,1964,i
1084852,"Meijer, Sjoerd",NED,M,,,,1912,0,20,AUG25,1965,
1000152,"Meng, Roger",NED,M,IM,,,2468,0,10,AUG25,1996,i
1016474,"Mengerink, Ynze",NED,M,,,,1979,0,20,AUG25,1964,
1043293,"Mensing, Adrian",NED,M,,,,1993,0,20,AUG25,1999,
1045245,"Merkx, Gaston",NED,M,,,,1915,0,20,AUG25,1956,i
1046551,"Mesman, Edwyn",NED,M,,,,2149,0,20,AUG25,1999,i
1099930,"Messaoudi, Nino",NED,M,,,,1874,0,20,AUG25,1996,i
40111040,"Meul, Spip",NED,M,,,,1554,0,20,AUG25,1988,i
1092685,"Meulenkolk, Jan-Geert",NED,M,,NA,,1763,0,20,AUG25,2003,i
40111776,"Meulmeester, Luuk",NED,M,,,,1918,0,40,AUG25,2008,
1021176,"Meurs, Tom",NED,M,,,,2192,0,20,AUG25,1992,i
1048465,"Meuwissen, Joost",NED,M,,,,1939,0,20,AUG25,1967,i
1037293,"Middelhoven, Hein",NED,M,,,,2194,0,20,AUG25,1977,i
1012371,"Middelhoven, Huib",NED,M,,,,1911,0,20,AUG25,1974,i
1022490,"Middelkoop, Erik",NED,M,,,,1968,0,20,AUG25,1969,i
1018477,"Miedema, David",NED,M,IM,,,2303,0,20,AUG25,1989,i
1025791,"Miesen, Fabian",NED,M,,,,2085,0,20,AUG25,1986,i
40101304,"Miesen, Sander",NED,M,,,,1933,0,20,AUG25,2002,
1016903,"Milort, Gerard",NED,M,,,,1904,0,20,AUG25,1960,i
1041096,"Minnema, Rens",NED,M,,,,1906,0,20,AUG25,1980,i
1087185,"Mittal, Aashray",NED,M,,,,1786,0,40,AUG25,2012,
1014781,"Moene, Willem",NED,M,,,,2028,0,20,AUG25,1964,i
1029711,"Moes, Joris",NED,M,,,,1974,0,20,AUG25,1989,i
1090747,"Mol, Wim",NED,M,,,,1962,0,20,AUG25,1992,i
1085409,"Molendijk, Pieter",NED,M,,,,1933,0,20,AUG25,1996,
1072250,"Molewijk, Tom",NED,M,,,,1803,0,20,AUG25,1961,
1005820,"Moll, Arne",NED,M,CM,,,2190,0,20,AUG25,1973,
1085549,"Mollahosseini, Kazem",NED,M,,,,1605,0,20,AUG25,1955,
1034987,"Mollema, Thomas",NED,M,CM,,,2294,0,20,AUG25,1997,i
208019,"Montforts, Ton",NED,M,,,,1726,0,20,AUG25,1946,i
1011472,"Montsma, Foppe-Jan",NED,M,,,,1913,0,20,AUG25,1934,i
40118762,"Moorman, Lester",NED,M,,,,1724,0,20,AUG25,1989,
1023047,"Morren, Eric Jan",NED,M,,,,1915,0,20,AUG25,1973,i
1025848,"Mostertman, Milan",NED,M,FM,,,2288,0,20,AUG25,1993,
1032593,"Mostertman, Olav",NED,M,,,,1765,0,20,AUG25,1998,
1030540,"Mostertman, Xander",NED,M,,,,2012,0,20,AUG25,1994,
204749,"Muis, Gerrit Meine",NED,M,,,,2074,0,20,AUG25,1962,i
1006070,"Mulder, Bart-Piet",NED,M,,,,2066,0,20,AUG25,1957,i
1055941,"Mulder, Mick",NED,M,,,,1828,0,20,AUG25,1993,i
1054708,"Mulders, Jaap",NED,M,,,,1935,0,20,AUG25,1964,i
1052977,"Muller, Kenneth",NED,M,,,,1888,0,20,AUG25,1995,i
1039369,"Mullink, Jochem",NED,M,,,,2105,0,20,AUG25,1996,
1054457,"Muntean, Adrian",NED,M,,,,1654,11,20,AUG25,1974,
40109615,"Mustapha, Jehiah",NED,M,,,,1714,0,40,AUG25,2012,
40109127,"Mutta, Sevya Sonit",NED,M,,,,1643,0,40,AUG25,2014,
1018507,"Naarden, Amindo",NED,M,,,,1982,0,20,AUG25,1974,i
1073915,"Nabhani, Amil",NED,M,,,,1834,0,20,AUG25,1991,i
40111873,"Nadrshin, Oleg",NED,M,,,,1790,0,40,AUG25,2014,
1020595,"Nagel, Jan",NED,M,,,,1873,0,20,AUG25,1939,i
1001752,"Nagel, Yvette",NED,F,WFM,WFM,,1924,0,20,AUG25,1964,wi
40109135,"Nair, Pranav Prasobh",NED,M,,,,1817,0,40,AUG25,2013,i
1083465,"Neus, Frans",NED,M,,,,AFM,1877,0,AUG25,1954,i
1066668,"Neuteboom, Martin",NED,M,,,,1618,0,20,AUG25,1951,i
1086510,"Ngangbam, Chingthang",NED,M,,,,1809,0,40,AUG25,2012,
40102343,"Ngangbam, Malem",NED,F,,,,1721,0,40,AUG25,2016,w
1046349,"Nguyen, Kevin",NED,M,,,,2052,0,20,AUG25,2001,i
1049640,"Nguyen, Lucas",NED,M,,,,1869,0,20,AUG25,2004,i
1027158,"Nicolai, Amir",NED,M,,,,2131,0,20,AUG25,1991,i
1061631,"Niemeijer, Leon",NED,M,,,,1885,0,40,AUG25,2007,i
1061275,"Nies, Levi",NED,M,,,,1853,0,20,AUG25,2002,i
1060643,"Nietsch, Harry",NED,M,,,,1582,0,20,AUG25,1955,i
40118789,"Nieuwboer, Rob",NED,M,,,,1535,0,20,AUG25,1984,
1000748,"Nieuwenhuis, Pieter",NED,M,FM,,,2314,0,20,AUG25,1958,i
1000063,"Nijboer, Friso",NED,M,GM,,,2420,0,10,AUG25,1965,i
1085166,"Nijhuis, Daniel",NED,M,,,,1838,0,40,AUG25,2011,i
107105259,"Njio, Jeroen",NED,M,,,,1529,0,20,AUG25,1968,
1057499,"Noordenbos, Daan",NED,M,,,,2112,0,20,AUG25,2002,i
1014862,"Noordkamp, Wouter",NED,M,,,,2001,0,20,AUG25,1974,i
1010115,"Ochtman, Henk",NED,M,,,,1992,0,20,AUG25,1972,i
1022121,"Officier, Tom",NED,M,,,,1990,0,20,AUG25,1962,i
1025880,"Offringa, Joost",NED,M,,,,2314,0,20,AUG25,1994,i
1094823,"Okita, Shinsaku",NED,M,,,,1773,0,40,AUG25,2011,i
1013750,"Oliemans, Cor",NED,M,,,,1960,0,20,AUG25,1963,i
1035762,"Olof, Erik",NED,M,,,,2025,0,20,AUG25,1948,i
1072641,"Olree, Alex",NED,M,,,,1972,0,20,AUG25,2004,i
1060767,"Olsman, Maarten",NED,M,,,,1855,0,20,AUG25,1984,i
1091867,"Omnes, Tiago",NED,M,,,,1979,15,40,AUG25,2013,
1095200,"Omnes, Zoe",NED,F,,,,1652,13,40,AUG25,2015,wi
1050230,"Omota, Vlad",NED,M,,,,1970,0,20,AUG25,2001,i
1011162,"Ondersteijn, Niels",NED,M,IM,,,2417,0,10,AUG25,1984,
1020609,"Oosterlaken, Ed",NED,M,,,,1911,0,20,AUG25,1968,
1034448,"Oosterlaken, Sjaak",NED,M,,,,1793,0,20,AUG25,1959,i
1071467,"Oosterwijk, Jan",NED,M,,,,1779,0,20,AUG25,1952,
1051725,"Oostvogels, Niek",NED,M,,,,1892,0,20,AUG25,1984,
1019708,"Ootes, Lars",NED,M,IM,,,2359,0,20,AUG25,1991,i
1062581,"Oppers, Danny",NED,M,,,,1601,0,20,AUG25,1994,
1013483,"Oranje, Richard",NED,M,,,,2025,0,20,AUG25,1969,i
1043706,"Osinga, Andre",NED,M,,,,1734,0,20,AUG25,1957,i
1048490,"Osinga-Reiber, Marjolein",NED,F,,,,1548,0,20,AUG25,1959,w
1072196,"Oskam, Caspar",NED,M,,,,1776,0,20,AUG25,1972,i
1072722,"Oskam, Julian",NED,M,,,,1892,0,20,AUG25,2005,i
1060490,"Othman, Omar",NED,M,,,,1821,0,20,AUG25,1984,i
1050818,"Otte, Marco",NED,M,,,,1924,0,20,AUG25,1970,i
1019627,"Otten, Martijn",NED,M,CM,,,2153,0,20,AUG25,1993,i
1040316,"Ottenhof, Sascha",NED,M,,,,1874,0,20,AUG25,1974,i
1036203,"Oudshoorn, Arres",NED,M,,,,2214,0,20,AUG25,1992,i
1080695,"Ouwens, Klaas",NED,M,,,,1930,0,20,AUG25,1972,i
1004972,"Overeem, Marc",NED,M,FM,,,2084,0,20,AUG25,1962,i
1046560,"Overmeer, Henk",NED,M,,,,1626,0,20,AUG25,1957,i
1047361,"Overtoom, Reinier",NED,M,,,,1894,0,20,AUG25,1983,i
40118967,"Ozdemir, Orhan Kamil",NED,M,,,,1619,0,40,AUG25,2013,
1054023,"Paays, Dominggus",NED,M,,,,1827,0,20,AUG25,2003,i
40111245,"Pardijs, Richard",NED,M,,,,1653,0,20,AUG25,1998,i
1071351,"Pastijn, Jasper",NED,M,,,,ACM,1658,0,AUG25,1979,i
40107817,"Pata, Teodor-Stefan",NED,M,,,,1532,0,40,AUG25,2015,
40113000,"Pater, Martijn",NED,M,,,,1597,0,20,AUG25,1985,
1044575,"Paternotte, Stephan",NED,M,,,,1955,0,20,AUG25,1963,i
1084259,"Pathak, Raghav",NED,M,,,,1907,0,40,AUG25,2014,
1092413,"Patil, Neev",NED,M,,,,1543,0,40,AUG25,2012,i
1004239,"Peek, Maurice",NED,M,IM,,,2343,0,20,AUG25,1976,i
1000403,"Peelen, Piet",NED,M,IM,,,2334,0,20,AUG25,1965,i
1004760,"Pel, Bonno",NED,M,FM,,,2309,0,20,AUG25,1974,i
1007564,"Pellikaan, Govert",NED,M,,,,1937,0,20,AUG25,1975,i
1006622,"Pelter, Yehuda",NED,M,,,,1923,0,20,AUG25,1972,
1004786,"Peng, Zhaoqin",NED,F,GM,WGM,FI,2244,0,20,AUG25,1968,wi
40120279,"Perfranceschi, Nicolo",NED,M,,,,2004,0,20,AUG25,1994,
1022946,"Perrenet, Jacob",NED,M,,,,1978,0,20,AUG25,1948,i
1076310,"Peters, Edwin",NED,M,,,,1761,0,20,AUG25,1977,
1054988,"Pham, Khoi",NED,M,IM,,,2274,0,20,AUG25,2005,
40101215,"Pieper, Roy",NED,M,,,,1822,0,20,AUG25,1993,
1019554,"Pijpers, Arthur",NED,M,IM,,,2446,0,10,AUG25,1994,i
1025953,"Pijpers, Peter",NED,M,,,,2044,0,20,AUG25,1963,i
1001256,"Piket, Joop",NED,M,,,,2075,0,20,AUG25,1940,i
1070177,"Pilon, Jeffrey",NED,M,,,,1978,0,20,AUG25,1994,i
40118746,"Plantema, Marco",NED,M,,,,1795,0,20,AUG25,1965,
1020633,"Plantfeber, Henk",NED,M,,,,1835,0,20,AUG25,1944,i
1055496,"Plasmans, Bart",NED,M,,,,1809,0,20,AUG25,1978,
1082086,"Pluis, Jean",NED,M,,,,1615,0,20,AUG25,1959,i
1008676,"Plukkel, Sjoerd",NED,M,FM,,,2230,0,20,AUG25,1983,i
1012797,"Pluymert, Marcel",NED,M,,,,1966,0,20,AUG25,1977,i
1021320,"Pluymert, Piet",NED,M,,,,2021,0,20,AUG25,1953,i
1018604,"Poelstra, Ben",NED,M,,,,1951,0,20,AUG25,1951,i
40118754,"Polman, Hans",NED,M,,,,1792,0,20,AUG25,1957,
1051040,"Pols, Arne",NED,M,,,,2015,0,20,AUG25,2000,i
1053710,"Pols, Wiggert",NED,M,,,,2152,0,20,AUG25,2001,i
1072315,"Pompert, Edwin",NED,M,,,,AFM,1756,0,AUG25,1961,i
40116700,"Ponte, Manuel",NED,M,,,,1632,0,40,AUG25,2008,
40105466,"Pop, Ioan",NED,M,,,,1715,0,20,AUG25,1956,
1058126,"Poppelaars, Jan",NED,M,,,,2122,0,20,AUG25,1955,i
1016326,"Porte, Henrik",NED,M,,,,2074,0,20,AUG25,1984,i
1041185,"Pos, Nicolaas",NED,M,,,,1948,0,20,AUG25,1960,i
1048074,"Postema, Yorick",NED,M,,,,1911,0,20,AUG25,1998,i
40118843,"Potting, Jeroen",NED,M,,,,1552,0,20,AUG25,2001,
40110222,"Poudel, Avin",NED,M,,,,1515,0,40,AUG25,2016,i
40109640,"Prabu, Veadhavv",NED,M,,,,1492,0,40,AUG25,2013,
1042874,"Preuter, Carlos",NED,M,,,,1980,0,20,AUG25,1984,
40105121,"Priem, Ian",NED,M,,,,1651,0,20,AUG25,1987,
1048309,"Prins, Henk",NED,M,,,,1927,0,20,AUG25,1959,i
1099094,"Pronk, David",NED,M,,,,1783,0,20,AUG25,2004,i
107210924,"Pronk, Duncan",NED,M,,,,1723,0,20,AUG25,1991,i
1051555,"Pronk, Sven",NED,M,,,,2040,0,20,AUG25,1992,i
1005294,"Pruijssers, Henk",NED,M,,,,1706,0,20,AUG25,1951,
1013068,"Pruijssers, Roeland",NED,M,GM,,,2539,0,10,AUG25,1989,i
1059467,"Rabbers, Daniel",NED,M,,,,1840,0,20,AUG25,1990,i
1040030,"Radder, Niels",NED,M,,,,1659,0,20,AUG25,1978,i
1025996,"Rademakers, Evert",NED,M,FM,,,2228,0,20,AUG25,1991,
1068490,"Radfar, Bahman",NED,M,,,,1865,0,20,AUG25,1981,
40118487,"Rajput, Atharv",NED,M,,,,1554,0,40,AUG25,2013,
40119530,"Rama, Rajiv",NED,M,,,,1654,0,20,AUG25,2001,
1098276,"Ramak, Brett",NED,M,,,,1774,0,20,AUG25,2003,i
1098730,"Ramak, Vince",NED,M,,,,1905,0,40,AUG25,2007,i
1076990,"Ramdien, Steven",NED,M,,,,1873,0,40,AUG25,2008,i
1094599,"Rampaart, Tim",NED,M,,,,1701,0,40,AUG25,2009,i
1040502,"Ranft, Hans",NED,M,,,,1836,0,20,AUG25,1957,
1032283,"Ratsma, Midas",NED,M,FM,,,2261,0,20,AUG25,1995,
1033662,"Ratsma, Rosa",NED,F,WIM,WIM,,2241,0,20,AUG25,1996,wi
40100529,"Raut, Shailesh",NED,M,,,,1711,0,20,AUG25,1989,i
1069470,"Razdolski, Ilya",NED,M,,,,2094,0,20,AUG25,1984,i
1007556,"Rebers, Eugene",NED,M,FM,,,2161,0,20,AUG25,1969,i
1091999,"Rebreyend, Christophe",NED,M,,,,1833,0,20,AUG25,1988,
1006410,"Reedijk, Peter",NED,M,,,,2026,0,20,AUG25,1969,i
1083970,"Regterschot, Alexander",NED,M,,,,1536,0,40,AUG25,2013,
1083961,"Regterschot, Frederieke",NED,F,,,,1682,0,40,AUG25,2011,wi
1051067,"Reichardt, Robin",NED,M,,,,1966,0,20,AUG25,2001,i
1046586,"Reichardt, Thomas",NED,M,,,,1838,0,20,AUG25,1996,
1001302,"Reinderman, Dimitri",NED,M,GM,DI,,2526,0,10,AUG25,1972,i
40118711,"Remmerts, John",NED,M,,,,1869,0,20,AUG25,1979,
1034626,"Rensen, Martin",NED,M,,,,1823,0,20,AUG25,1970,
16207017,"Ricken, Katharina",NED,F,WFM,WFM,NA,2168,0,20,AUG25,2004,wi
1059661,"Riedstra, Symon",NED,M,,,,1750,12,20,AUG25,1968,
1050710,"Riemens, Koen",NED,M,,,,1957,0,20,AUG25,1997,i
1005626,"Rietveld, Leo",NED,M,,,,1993,0,20,AUG25,1961,i
1050990,"Rijken, Jasper",NED,M,,,,1939,0,20,AUG25,1999,i
1014870,"Rijnaarts, Sjef",NED,M,FM,,,2239,0,20,AUG25,1984,i
1052624,"Rijpkema, Rimme",NED,M,,,,1686,0,20,AUG25,1969,
40101410,"Rijsdijk, Peter",NED,M,,,,1782,0,20,AUG25,1967,
1085760,"Ritzerveld, Noah",NED,M,FM,,,2150,0,40,AUG25,2012,
1058401,"Roebers, Eline",NED,F,IM,,,2337,0,20,AUG25,2006,w
1027590,"Roelandt, Chris",NED,M,,,,1845,0,20,AUG25,1979,
1014897,"Roering, Ed",NED,M,,,,2112,0,20,AUG25,1968,i
1066404,"Rogge, Marloes",NED,F,,,,1715,0,20,AUG25,1982,wi
1099442,"Roggeband, Jens",NED,M,,,,1669,0,20,AUG25,1991,i
1092138,"Rogozyanskiy, Alexander",NED,M,,,,1897,0,40,AUG25,2008,
1060848,"Romanenko, Greg",NED,M,,,,1747,0,20,AUG25,1999,i
1040227,"Romkes, Gosse",NED,M,,,,1909,0,20,AUG25,1962,
1068709,"Ronner, Micha",NED,M,,,,1762,0,20,AUG25,1994,i
1059939,"Rooijakkers, Gert",NED,M,,,,1664,0,20,AUG25,1969,
1082817,"Rooijakkers, Liam",NED,M,,,,1622,0,40,AUG25,2011,
1088335,"Roolvink, William",NED,M,,,,1875,0,40,AUG25,2009,i
1027930,"Roorda, Thijs",NED,M,,,,2078,0,20,AUG25,1990,
1037986,"Rosegg, Jaron",NED,M,,,,1896,0,20,AUG25,1969,i
1048287,"Rosinga, Friso",NED,M,,,,1918,0,20,AUG25,1968,i
1026038,"Rossen, Maarten",NED,M,,,,1987,0,20,AUG25,1983,i
1032631,"Ruben, Erik",NED,M,,,,1725,0,20,AUG25,1959,i
1050214,"Ruiter, Bram",NED,M,,,,1616,0,20,AUG25,1993,
1026054,"Rutjes, Twan",NED,M,,,,1899,0,20,AUG25,1978,i
1052063,"Rutten, Alexander",NED,M,,,,2127,0,20,AUG25,2006,i
1061658,"Rutten, Bram",NED,M,,,,1993,0,20,AUG25,2000,
1058134,"Ruzaykyn, Oleksandr",NED,M,,,,2129,0,20,AUG25,1986,i
40100960,"Samala, Gagan Gandiva",NED,M,,,,1714,0,40,AUG25,2015,
1087860,"Samala, Yuvan Yatin",NED,M,,,,1786,0,40,AUG25,2013,
1035371,"Sanders, Catheleijne",NED,F,,,,1961,0,20,AUG25,1997,wi
1073451,"Sapulette, Jay-Giani",NED,M,,,,1782,0,40,AUG25,2009,
40112845,"Schaafsma, Siep",NED,M,,,,1571,0,40,AUG25,2009,
40118770,"Schaap, Niels",NED,M,,,,1624,0,20,AUG25,1970,
1047230,"Schadd, Jan",NED,M,,,,1917,0,20,AUG25,1948,i
1032240,"Schagen, Walt",NED,M,,,,2068,0,20,AUG25,1992,i
1000136,"Scheeren, Peter",NED,M,IM,,,2332,0,20,AUG25,1955,i
1039261,"Schelvis, Richard",NED,M,,,,2112,0,20,AUG25,1995,
1021184,"Schenkeveld, Daniel",NED,M,,,,2182,0,20,AUG25,1991,i
1021001,"Schenkeveld, Dick",NED,M,,,,2219,0,20,AUG25,1986,i
1018680,"Schenning, Albert",NED,M,,,,2033,0,20,AUG25,1958,i
1043218,"Schilstra, Laurens",NED,M,,,,2224,0,20,AUG25,1997,
1004735,"Schippers, Maurice",NED,M,FM,,,2234,0,20,AUG25,1993,
1084658,"Schoffelmeer, Jetse",NED,M,,,,1891,0,20,AUG25,1996,
1048376,"Scholvinck, Fons",NED,M,,,,1940,0,20,AUG25,1967,i
1054678,"Schonberger, Daan",NED,M,,,,2112,0,20,AUG25,1994,i
1034863,"Schoonackers, Jeroen",NED,M,,,,1978,0,20,AUG25,1991,i
1010581,"Schoonenberg, Olav",NED,M,,,,2078,0,20,AUG25,1978,i
1080113,"Schoonenwolf, Luke",NED,M,,,,1571,0,40,AUG25,2008,i
1009508,"Schoorl, Rob",NED,M,FM,,,2351,0,10,AUG25,1983,
1046730,"Schoppen, Casper",NED,M,GM,,,2556,0,10,AUG25,2002,i
1037374,"Schouten, Eric",NED,M,,,,1953,0,20,AUG25,1967,i
1040090,"Schouten, Jordy",NED,M,,,,2081,0,20,AUG25,1994,
1045199,"Schreuder, Hans",NED,M,,,,1771,0,20,AUG25,1959,i
1021010,"Schrijvers, Kees",NED,M,,,,1752,0,20,AUG25,1955,i
1009818,"Schrik, Rachid",NED,M,CM,,,2058,0,20,AUG25,1976,
1012908,"Schroer, Marcel",NED,M,,,,1893,0,20,AUG25,1965,
1005561,"Schut, Han",NED,M,CM,,,1976,7,20,AUG25,1964,
1066862,"Schut, Hein",NED,M,,,,1825,0,20,AUG25,1991,i
1019481,"Schut, Lisa",NED,F,WIM,WIM,,2234,0,20,AUG25,1994,wi
1090623,"Schutte, Filip",NED,M,,,,1671,0,20,AUG25,1998,i
1045334,"Seewald, Ralph",NED,M,,,,1953,0,20,AUG25,1964,i
1019350,"Segers, Hans",NED,M,,,,1882,0,20,AUG25,1959,i
11700939,"Sekandar, Kambiz",NED,M,,,,2282,0,20,AUG25,1994,i
1093053,"Sekreve, Bram",NED,M,,,,1858,0,20,AUG25,1993,
1038370,"Senders, Mischa",NED,M,FM,,,2226,0,20,AUG25,1997,i
13504444,"Serankou, Barys",NED,M,,,,1792,11,20,AUG25,1998,
1002740,"Serdijn, Adinda",NED,F,,,,1980,0,20,AUG25,1971,wi
34604812,"Seth, Aakrit",NED,M,,,,1861,0,40,AUG25,2011,
1086855,"Sewpal, Indy",NED,M,,,,1795,0,20,AUG25,2006,i
1058223,"Shakhverdian, William",NED,M,,,,2112,0,20,AUG25,2004,i
1094408,"Shankar, Aravindh Swaminathan",NED,M,,,,1808,0,20,AUG25,1996,i
40108066,"Shirokov, Nestor",NED,M,,,,1903,0,20,AUG25,2005,
40108325,"Shrivastava, Sayan",NED,M,,,,1581,11,40,AUG25,2009,
1092804,"Sigida, Ilya",NED,M,,,,1496,0,40,AUG25,2009,i
1019376,"Sijbesma, Rienk",NED,M,,,,2085,0,20,AUG25,1959,i
1013246,"Sijpkens, Michiel",NED,M,,,,2115,0,20,AUG25,1989,i
1012916,"Simenon, Jozef",NED,M,FM,,,2147,0,20,AUG25,1987,i
4165322,"Sinev, Anton",NED,M,,,,2232,0,20,AUG25,1987,
40105164,"Singh, Harman",NED,M,,,,ACM,1749,0,AUG25,1993,
1030787,"Sitton, Ben",NED,M,,,,1874,0,20,AUG25,1985,
40110443,"Sivakumar, Hansika",NED,F,,,,1407,0,40,AUG25,2010,w
1032178,"Skrobic, Dragan",NED,M,,,,2406,0,10,AUG25,1988,
1030035,"Slagboom, Arno",NED,M,,,,2056,0,20,AUG25,1975,i
1065882,"Slagboom, Leandro",NED,M,FM,,,2118,0,20,AUG25,2006,i
1013530,"Slagboom, Ton",NED,M,,,,1897,0,20,AUG25,1956,i
1029525,"Slagter, David",NED,M,,,,2241,0,20,AUG25,1993,i
1047663,"Slijper, Thomas",NED,M,,,,1976,0,20,AUG25,1993,i
1081330,"Slikker, Willem",NED,M,,,,1865,0,20,AUG25,2004,i
40111270,"Slokker, Wout",NED,M,,,,1802,0,20,AUG25,2005,i
1040650,"Slomczewski, Michal",NED,M,,,,2009,0,20,AUG25,2000,
1045296,"Slotboom, Teus",NED,M,,,,1702,0,20,AUG25,1964,
1060805,"Sluiter, Albert",NED,M,,,,1833,0,20,AUG25,1956,i
1031368,"Smeele, Pieter",NED,M,,,,1768,0,20,AUG25,1965,
1094645,"Smeenk, Merijn",NED,M,,,,1777,0,40,AUG25,2008,i
1092499,"Smeets, Bent",NED,M,,,,1709,8,40,AUG25,2011,
1007246,"Smeets, Jan",NED,M,GM,,,2518,9,10,AUG25,1985,
1063910,"Smeets, Kobe",NED,M,FM,,,2336,0,20,AUG25,2008,
1035843,"Smeets, Sebastiaan",NED,M,,,,1866,0,20,AUG25,1991,i
1012649,"Sminia, Jelmer",NED,M,,,,2136,0,20,AUG25,1985,i
1042262,"Smit, Emeline",NED,M,,,,1893,0,20,AUG25,1995,
1011570,"Smit, Gabriel",NED,M,,,,2082,0,20,AUG25,1977,i
1052047,"Smit, Jan",NED,M,,,,1758,0,20,AUG25,1958,
1044184,"Smits, Eduard",NED,M,,,,1858,0,20,AUG25,1987,
1090380,"Snijders, Take",NED,M,,,,2012,0,40,AUG25,2007,
1029282,"Snikkers, Naomi",NED,F,,,,1993,0,20,AUG25,1993,wi
1032747,"Snikkers, Tabitha",NED,F,,,,1865,0,20,AUG25,1995,wi
1016644,"Snoeck, Rene",NED,M,,,,2038,0,20,AUG25,1977,i
1005642,"Snuverink, Jochem",NED,M,,,,2361,0,10,AUG25,1979,
1013548,"Soerjadi, Kresna",NED,M,,,,1948,0,20,AUG25,1966,
1097580,"Soerjadi, Mulan",NED,F,,,,1510,0,20,AUG25,2004,w
14400030,"Sokolov, Ivan",NED,M,GM,,,2583,0,10,AUG25,1968,
1093770,"Sol, Luc",NED,M,,,,1899,0,20,AUG25,1998,
1006118,"Spaan, Nathanael",NED,M,,,,1942,0,20,AUG25,1964,
40112950,"Spaans, Storm",NED,M,,,,1632,0,40,AUG25,2008,
1052772,"Spanjer, Joris",NED,M,,,,1805,0,20,AUG25,2001,i
1083864,"Spannring, Peter",NED,M,,,,1852,0,20,AUG25,1985,i
1048244,"Sparreboom, Ronald",NED,M,,,,1993,0,20,AUG25,1967,i
1096320,"Spee, Jean",NED,M,,,,1843,0,20,AUG25,1956,
1055933,"Spil, Bert",NED,M,,,,1943,0,20,AUG25,1957,i
1068881,"Spit, Vincent",NED,M,,,,2068,0,20,AUG25,2000,i
1010891,"Spoelman, Wouter",NED,M,GM,,,2534,0,10,AUG25,1990,i
1018736,"Spoorenberg, Jan",NED,M,,,,1787,0,20,AUG25,1962,
1016016,"Sprangers, Remco",NED,M,CM,,,2259,0,20,AUG25,1985,
1099221,"Sprong, Mehran",NED,M,,,,1529,0,40,AUG25,2011,i
1026771,"Sprong, Pia",NED,F,,,,1619,0,20,AUG25,1958,w
1073508,"Spuij, Arie",NED,M,,,,1881,0,20,AUG25,1993,
40108317,"Srivatsa, Kirtin",NED,M,,,,1776,0,40,AUG25,2013,
1083953,"Staal, Ryan",NED,M,,,,1973,0,20,AUG25,2006,i
1054716,"Stada, Jim",NED,M,,,,1815,0,20,AUG25,1947,i
1074830,"Stadhouders, Rene",NED,M,,,,1798,0,20,AUG25,1967,
40101576,"Stam, Mick",NED,M,,,,1601,0,20,AUG25,1997,
1034340,"Stapel, Jan",NED,M,,,,1869,0,20,AUG25,1948,i
40101380,"Steenmetz, Jens",NED,M,,,,1624,0,20,AUG25,2000,i
1010743,"Steffers, Hendrik",NED,M,,,,1819,0,20,AUG25,1933,
1019740,"Sternau, Almar",NED,M,,,,1977,0,20,AUG25,1973,i
1021036,"Stoffers, Jeffrey",NED,M,,,,1926,0,20,AUG25,1988,i
1042394,"Stoker, Martijn",NED,M,,,,1800,0,20,AUG25,1992,i
1026275,"Stoop, Jan",NED,M,,,,1834,0,20,AUG25,1945,i
40104486,"Stoppels, Victor",NED,M,,,,1588,0,40,AUG25,2011,i
1010719,"Stork, Ornett",NED,M,,,,2202,0,20,AUG25,1970,
40106403,"Stradmeijer, Geert",NED,M,,,,1968,0,20,AUG25,2000,
1002694,"Strating, Sybolt",NED,M,FM,,,2248,0,20,AUG25,1970,i
1095765,"Suthan, Aadvik",NED,M,,,,1939,0,40,AUG25,2016,
1007858,"Sutmuller, Jos",NED,M,,,,2011,0,20,AUG25,1945,
40120490,"Swierzy, Lev-Leon",NED,M,,,,1709,0,40,AUG25,2007,
1010824,"Swinkels, Robin",NED,M,GM,,,2414,0,10,AUG25,1989,i
1016989,"Szoke, Harry",NED,M,,,,1726,0,20,AUG25,1963,i
1008048,"Tabak, Stefan",NED,M,FM,,,2033,0,20,AUG25,1968,
1011316,"Tan, Matthew",NED,M,IM,FT,,2478,0,10,AUG25,1988,i
40101495,"Tanasa, Vlad",NED,M,,,,1803,0,20,AUG25,1997,
1051440,"Tang, Charlie",NED,M,,,,2044,0,20,AUG25,2002,i
1068903,"Tardijn, Ilja",NED,M,,,,1859,0,20,AUG25,1980,i
1029576,"Taylor, Frank",NED,M,,,,1881,0,20,AUG25,1947,
40101967,"Teianu, Maxim",NED,M,,,,1957,0,40,AUG25,2010,
1095846,"Teianu, Sabin",NED,M,,,,2014,0,40,AUG25,2012,
40102394,"Ten Bolscher, Stijn",NED,M,,,,1726,0,20,AUG25,1998,i
40109356,"Ten Dam, Thijs",NED,M,,,,1472,0,40,AUG25,2017,
1065572,"Ten Hacken, Louis",NED,M,,,,1702,0,20,AUG25,2005,i
1028766,"Ten Hertog, Albertus",NED,M,,,,1904,0,20,AUG25,1954,i
1026356,"Ten Hertog, Hugo",NED,M,GM,,,2470,0,10,AUG25,1994,i
1095781,"Ten Kate, Gustav",NED,M,,,,1862,0,40,AUG25,2009,
1071912,Ter Hoeven. Roeland,NED,M,,,,1962,0,20,AUG25,1995,i
1045180,"Terlouw, Bert",NED,M,,,,1966,0,20,AUG25,1957,i
1095919,"Terlouw, Frank",NED,M,,,,1609,0,40,AUG25,2014,
1087401,"Terlouw, Wouter",NED,M,CM,,,2062,0,40,AUG25,2011,
1002686,"Termeulen, Albert",NED,M,,,,2010,0,20,AUG25,1965,
1055070,"Terwee, Michiel",NED,M,,,,1712,0,20,AUG25,2003,i
1055003,"Terwee, Sybe",NED,M,,,,1790,0,20,AUG25,1951,i
1095838,"Tetova, Amir",NED,M,,,,1881,0,40,AUG25,2012,
1002899,"Theulings, Paul-Peter",NED,M,CM,,,2092,0,20,AUG25,1963,i
1091840,"Thijssen, Freek",NED,M,,,,1871,0,40,AUG25,2012,
1062425,"Thijssen, Julian",NED,M,,,,1800,0,20,AUG25,1992,i
1093266,"Thole, Tim",NED,M,,,,1655,0,20,AUG25,1994,
1044087,"Thuijls, Hans",NED,M,,,,1670,0,20,AUG25,1971,
40102360,"Tieleman, Adriaan",NED,M,,,,1977,0,20,AUG25,1978,i
1040952,"Tikranian, Alik",NED,M,FM,,,2225,0,20,AUG25,1998,
1044630,"Tillemans, Marcel",NED,M,,,,1787,0,20,AUG25,1972,
1000012,"Timman, Jan H",NED,M,GM,,,2501,0,10,AUG25,1951,i
40104524,"Timmer, Michel",NED,M,,,,1791,0,20,AUG25,2003,
1058398,"Timmerman, Jan",NED,M,,,,1747,0,20,AUG25,1969,
40101762,"Timmerman, Tygo",NED,M,,,,1593,0,40,AUG25,2007,i
1026380,"Timmermans, Adri",NED,M,,,,1853,0,20,AUG25,1956,i
1022652,"Timmermans, Henk",NED,M,,,,1826,0,20,AUG25,1947,i
1026399,"Timmermans, Mark",NED,M,IM,,,2456,0,10,AUG25,1990,
1008013,"Tiviakov, Sergei",NED,M,GM,,,2653,0,10,AUG25,1973,i
1057871,"Tjin a Lien, Ike",NED,M,,,,1751,0,20,AUG25,1966,
1091735,"Tol, Edwin",NED,M,,,,1887,0,20,AUG25,1970,i
7605820,"Tomeh, Hussain",NED,M,,,,1747,0,20,AUG25,1988,i
40112853,"Tran, Jan",NED,M,,,,1671,0,40,AUG25,2008,
1017632,"Tromp, Erik Jan",NED,M,,,,1840,0,20,AUG25,1977,i
1012800,"Tromp, Patriek",NED,M,,,,2015,0,20,AUG25,1980,
1066994,"Tuijnman, Jeannot",NED,M,,,,1702,0,20,AUG25,1957,
1050842,"Uddin, Ahnaf Tajwar",NED,M,,,,2142,0,20,AUG25,1998,i
1031260,"Uneken, Bert",NED,M,,,,1888,0,20,AUG25,1957,i
40109372,"Urban, Tobias",NED,M,,,,1482,0,40,AUG25,2014,
1052560,"Uyttenhove, Pearl",NED,M,,,,1696,0,20,AUG25,1968,
1076787,"Valkenburg, Max",NED,M,,,,1822,0,20,AUG25,2000,i
40112373,"Van Alphen, Alex",NED,M,,,,1591,0,20,AUG25,2001,
1054627,"Van Alphen, Carel",NED,M,,,,1822,0,20,AUG25,1960,i
1051288,"Van Alphen, Raimund",NED,M,,,,1927,0,20,AUG25,1973,i
1072048,"Van Arendonk, Polle",NED,M,,,,1953,0,40,AUG25,2008,i
1004450,"Van Arkel, Rogier",NED,M,CM,,,2253,0,20,AUG25,1974,
1015478,"Van Asseldonk, Paul",NED,M,,,,1932,0,20,AUG25,1966,i
1010271,"Van Assendelft, Floris",NED,M,IM,,,2395,0,10,AUG25,1985,i
40108929,"Van Baaren, Joris",NED,M,,,,1737,0,20,AUG25,2004,
1000691,"Van Baarle, John",NED,M,FM,,,2026,0,20,AUG25,1945,i
1078259,"Van Batenburg, Mees",NED,M,,,,2072,0,40,AUG25,2009,
1085530,"Van Beek, Angel",NED,M,,,,1896,0,20,AUG25,2005,i
1017250,"Van Beek, Ard",NED,M,,,,1945,0,20,AUG25,1961,i
1018795,"Van Bemmel, Koert",NED,M,,,,2074,0,20,AUG25,1975,i
40120767,"Van Bentum, Guus",NED,M,,,,1845,0,40,AUG25,2011,
40103595,"Van Beusekom, Marc",NED,M,,,,1724,0,20,AUG25,2003,
1045261,"Van Blommestein, Victor",NED,M,,,,1905,0,20,AUG25,1957,i
40112381,"Van Bohemen, Tom",NED,M,,,,1699,0,20,AUG25,1994,
1058614,"Van Borren, Matthijs",NED,M,,,,1560,0,20,AUG25,2004,i
40118878,"Van Boven, Thorben",NED,M,,,,1634,0,40,AUG25,2007,
1054562,"Van Brummelen, Kevin",NED,M,,,,2181,0,20,AUG25,1992,i
1011251,"Van Buuren, Fabian",NED,M,,,,2067,0,20,AUG25,1970,i
1045067,"Van Calmthout, Hans",NED,M,,,,1890,0,20,AUG25,1950,i
40111520,"Van Capelleveen, Hans",NED,M,,,,1753,0,20,AUG25,1962,
1049771,"Van Dael, Siem",NED,M,FM,,,2205,0,20,AUG25,2004,i
1061518,"Van Dam, Kars",NED,M,,,,1531,0,20,AUG25,2004,i
1012762,"Van Dam, Niels",NED,M,,,,2080,0,20,AUG25,1982,
1088130,"Van Dam, Stef",NED,M,,,,1730,0,40,AUG25,2008,i
1070533,"Van Dam, Thijs",NED,M,,,,2018,0,20,AUG25,2004,i
1028936,"Van de Griend, Johan",NED,M,,,,1838,0,20,AUG25,1950,
1002112,"Van de Griendt, Jan Willem",NED,M,IM,,,2339,0,20,AUG25,1970,i
1068385,"Van de Groep, Stephan",NED,M,,,,1804,0,20,AUG25,1980,i
1009583,"Van de Groep, William",NED,M,,,,2033,0,20,AUG25,1977,
1044834,"Van de Laar, Bruun",NED,M,,,,1923,0,20,AUG25,1955,i
1008773,"Van de Laar, Clement",NED,M,,,,2176,0,20,AUG25,1980,i
1038303,"Van de Laar, John",NED,M,,,,1817,0,20,AUG25,1967,i
1068466,"Van de Lagemaat, Arend",NED,M,CM,,,1950,0,20,AUG25,1994,i
1028073,"Van de Lisdonk, Lucien",NED,M,,,,2069,0,20,AUG25,1966,i
1003062,"Van de Mortel, Jan",NED,M,IM,,,2428,0,10,AUG25,1975,i
1000551,"Van de Oudeweetering, Arthur",NED,M,IM,,,2194,0,20,AUG25,1966,i
1088793,"Van de Poel, Jona",NED,M,,,,1846,0,40,AUG25,2007,
40104559,"Van de Steeg, Sem",NED,M,,,,1632,0,40,AUG25,2008,i
1054805,"Van de Vrande, Bram",NED,M,,,,1785,0,20,AUG25,1996,
1068474,"Van de Vuurst, Alex",NED,M,,,,1714,0,20,AUG25,1962,i
1016407,"Van de Walle, Rob",NED,M,,,,1918,0,20,AUG25,1961,
1024027,"Van Delft, Karel",NED,M,,,,1701,0,20,AUG25,1956,
1004670,"Van Delft, Merijn",NED,M,IM,,,2366,0,10,AUG25,1979,
1051946,"Van den Belt, Martijn",NED,M,,,,1920,0,20,AUG25,1997,i
1030809,"Van den Belt, Peter",NED,M,,,,1808,0,20,AUG25,1963,
1058142,"Van den Berg, Bart",NED,M,,,,1864,0,20,AUG25,1985,i
1008684,"Van den Berg, Bram",NED,M,,,,2182,0,20,AUG25,1978,i
40101592,"Van den Berg, Cuno",NED,M,,,,1651,0,20,AUG25,2001,i
1026496,"Van den Berg, Jeroen",NED,M,,,,1984,0,20,AUG25,1962,i
1035975,"Van den Bighelaar, Joost",NED,M,,,,1964,0,20,AUG25,1974,i
1015010,"Van den Bos, Frans Pieter",NED,M,,,,1863,0,20,AUG25,1962,
1023225,"Van den Brink, Johan",NED,M,,,,1933,0,20,AUG25,1982,i
1043846,"Van den Brink, Willem",NED,M,,,,2038,0,20,AUG25,1987,i
1020110,"Van den Broek, Rene",NED,M,,,,1772,0,20,AUG25,1962,
1005880,"Van den Dikkenberg, Erik",NED,M,FM,,,2118,0,20,AUG25,1971,i
1003720,"Van den Doel, Erik",NED,M,GM,,,2500,0,10,AUG25,1979,i
1012924,"Van den Heuvel, Tonnie",NED,M,,,,1854,0,20,AUG25,1974,
40102297,"Van den Hof, Daan",NED,M,,,,1782,0,20,AUG25,1996,i
1096362,"Van den Hof, Jesse",NED,M,,,,1805,0,20,AUG25,1996,
1030892,"Van den Ouden, Lendert",NED,M,,,,2095,0,20,AUG25,1978,i
1008030,"Van der Burch, Arie",NED,M,,,,2141,0,20,AUG25,1962,i
1089862,"Van der Burg, Ralph",NED,M,,,,1498,0,20,AUG25,2005,i
1080563,"Van der Duijs, Stefan",NED,M,,,,1888,0,40,AUG25,2007,i
1001787,"Van der Giessen, Ada Leona",NED,F,,,,1962,0,20,AUG25,1948,wi
1040910,"Van der Graaf, Andre",NED,M,,IA,,1947,0,20,AUG25,1989,i
1035347,"Van der Graaf-Osinga, Angelique",NED,F,WCM,WCM,IA,1977,0,20,AUG25,1995,wi
40102270,"Van der Haven, Aron",NED,M,,,,1778,0,20,AUG25,2005,i
1087363,"Van der Haven, Menno",NED,M,,,,1511,0,20,AUG25,1970,i
1060821,"Van der Heiden, Frans",NED,M,,,,1798,0,20,AUG25,1963,i
1010603,"Van der Laan, Dinard",NED,M,,,,2246,0,20,AUG25,1976,i
1018850,"Van der Leij, Arjan",NED,M,,,,1944,0,20,AUG25,1972,i
1019260,"Van der Lende, Ilias",NED,M,IM,,,2219,0,20,AUG25,1994,
1039717,"Van der Lende, Nathalie",NED,F,,,,1954,0,20,AUG25,1992,wi
1005758,"Van der Linden, Bert",NED,M,,,,2158,0,20,AUG25,1965,i
1048279,"Van der Linden, Hans",NED,M,,,,1997,0,20,AUG25,1963,i
1008722,"Van der Linden, Lukas",NED,M,FM,,,2252,0,20,AUG25,1970,i
1048325,"Van der Linden, Marco",NED,M,,,,2076,0,20,AUG25,1970,i
1027964,"Van der Linden, Ronald",NED,M,,,,1760,0,20,AUG25,1988,
1068920,"Van der Lubben, Arno",NED,M,,,,AIM,1957,0,AUG25,2001,
40109658,"Van der Maas, Matthias",NED,M,,,,1601,0,40,AUG25,2012,
1068393,"Van der Mast, David",NED,M,,,,2017,0,20,AUG25,1985,i
1012061,"Van der Meiden, Dirk",NED,M,,,,1987,0,20,AUG25,1967,i
40102009,"Van der Pas, Paul",NED,M,,,,1840,0,20,AUG25,1998,i
1039687,"Van der Pluijm, Dik",NED,M,,,,1890,0,20,AUG25,1957,i
1021443,"Van der Pluijm, Rick",NED,M,,,,1922,0,20,AUG25,1989,i
1022601,"Van der Sluijs, Lothar",NED,M,,,,1689,0,20,AUG25,1951,
1046926,"Van der Sluis, Theo",NED,M,,,,1849,0,20,AUG25,1958,i
1022938,"Van der Veen, Terry",NED,M,,,,2098,13,20,AUG25,1973,
1049364,"Van der Velden, Alain",NED,M,,,,1806,0,20,AUG25,2000,
1015753,"Van der Velden, Bram",NED,M,CM,,,2139,0,20,AUG25,1988,i
1054724,"Van der Weide, Jelmer",NED,M,,,,2028,0,20,AUG25,1988,i
1096532,"Van der Weijden, Kevin",NED,M,,,,1820,0,20,AUG25,2002,
1053620,"Van der Werf, Joel",NED,M,,,,2114,0,20,AUG25,1998,
1000470,"Van der Werf, Mark",NED,M,IM,,,2398,0,10,AUG25,1968,i
1000020,"Van der Wiel, John T.H.",NED,M,GM,,,2388,0,20,AUG25,1959,i
1069314,"Van der Zand, Ilan",NED,M,,,,1793,0,20,AUG25,2003,i
1018876,"Van der Zee, Cees",NED,M,,,,1998,0,20,AUG25,1968,
1021451,"Van der Zon, Stef",NED,M,,,,2063,0,20,AUG25,1989,i
1026615,"Van der Zwan, Martijn",NED,M,,,,1693,0,20,AUG25,1984,i
1004204,"Van der Zwet, Bart",NED,M,,,,2055,0,20,AUG25,1975,i
1072773,"Van Diejen, Niels",NED,M,,,,1831,0,20,AUG25,1992,i
1015184,"Van Dijk, Eduard",NED,M,,,,1913,0,20,AUG25,1973,i
1006797,"Van Dijk, Harold",NED,M,FM,,,2243,0,20,AUG25,1967,i
1059629,"Van Dijk, Ron",NED,M,,,,1866,0,20,AUG25,1969,i
1074121,"Van Dijk, Simon",NED,M,,,,1839,0,20,AUG25,1995,
1009958,"Van Dijk, Timon",NED,M,,,,2104,0,20,AUG25,1981,i
1015311,"Van Dijken, Rex",NED,M,,,,1941,0,20,AUG25,1948,
1028693,"Van Dinteren, Peter",NED,M,,,,1923,0,20,AUG25,1957,i
1016733,"Van Dinteren, Ron",NED,M,,,,2071,0,20,AUG25,1964,i
1018892,"Van Dommelen, Martin",NED,M,,,,2143,0,20,AUG25,1984,i
1054210,"Van Dongen, Eric",NED,M,,,,1908,0,20,AUG25,1962,i
1016423,"Van Doorn, Hans",NED,M,,,,1966,0,20,AUG25,1967,i
40103200,"Van Dorsten, Glory",NED,M,,,,1721,0,20,AUG25,1995,i
40101290,"Van Dorsten, Joy",NED,F,,,,1522,0,20,AUG25,2001,w
1026623,"Van Drie, Rik",NED,M,,,,1939,0,20,AUG25,1963,
1045210,"Van Driel, Gert",NED,M,,,,1875,0,20,AUG25,1972,i
1085042,"Van Dusseldorp, Brent",NED,M,,,,1846,0,20,AUG25,1998,
40101088,"Van Duuren, Gilead",NED,M,,,,1645,0,40,AUG25,2010,
1041428,"Van Ee, Robin",NED,M,,,,1942,0,20,AUG25,1992,i
1015222,"Van Eeden, Ed",NED,M,,,,2019,0,20,AUG25,1957,i
1089340,"Van Eeden, Guus",NED,M,,,,1613,0,20,AUG25,1994,i
1002090,"Van Egmond, Rogier",NED,M,,,,2013,0,20,AUG25,1953,
1064061,"Van Egmond, Tom",NED,M,,,,1835,0,40,AUG25,2007,i
1060252,"Van Essen, Marieke",NED,F,,,,1732,0,20,AUG25,2004,wi
40102130,"Van Essen, Tobias",NED,M,,,,1649,0,20,AUG25,2004,i
1044605,"Van Esterik, Erik",NED,M,,,,2051,0,20,AUG25,1970,i
1039784,"Van Foreest, Jorden",NED,M,GM,,,2646,0,10,AUG25,1999,
1039792,"Van Foreest, Lucas",NED,M,GM,,,2550,0,10,AUG25,2001,
1051563,"Van Foreest, Machteld",NED,F,FM,WIM,,2255,0,40,AUG25,2007,wi
1052020,"Van Foreest, Nanne",NED,M,,,,1877,0,40,AUG25,2007,i
1043870,"Van Gemerden, Henk",NED,M,,,,1993,0,20,AUG25,1984,i
1045229,"Van Genderen, Jan",NED,M,,,,1878,0,20,AUG25,1966,i
1083171,"Van Gennip, Sander",NED,M,,,,1830,0,20,AUG25,1973,
1068407,"Van Gent, Aad",NED,M,,,,1921,0,20,AUG25,1959,i
1072170,"Van Gentevoort, Xandar",NED,M,,,,1688,0,20,AUG25,2005,i
1036394,"Van Ginkel, Henk",NED,M,,,,1864,0,20,AUG25,1961,
40118703,"Van Ginkel, John",NED,M,,,,1946,0,20,AUG25,1978,
1092839,"Van Groning, Christian",NED,M,,,,1727,0,40,AUG25,2009,
1096281,"Van Haaften, Jelle",NED,M,,,,1873,0,40,AUG25,2010,
1003992,"Van Haastert, Edwin",NED,M,IM,,,2382,0,10,AUG25,1974,i
1045164,"Van Haren, Otto",NED,M,,,,1765,0,20,AUG25,1961,
1084518,"Van Harten, Bram",NED,M,,,,1979,0,20,AUG25,1994,i
1041452,"Van Harten, Maarten",NED,M,,,,2031,0,20,AUG25,1998,i
40118800,"Van Harten, Thijs",NED,M,,,,1760,0,20,AUG25,2003,
40103382,"Van Harten, Wout",NED,M,,,,1923,0,40,AUG25,2009,
1056778,"Van Hattum, Lex",NED,M,,,,1743,0,20,AUG25,1946,
1050427,"Van Heeren, Arie",NED,M,,,,1739,0,20,AUG25,1959,i
40102289,"Van Hees, Pepijn",NED,M,,,,1731,0,20,AUG25,1998,i
1005596,"Van Helvoort, Rob",NED,M,,,,2127,0,20,AUG25,1959,
1008161,"Van Hengel, Hugo",NED,M,FM,,,2095,0,20,AUG25,1978,i
1085735,"Van Hesselingen, Guido",NED,M,FM,,,2054,0,40,AUG25,2007,i
1045326,"Van Heusden, David",NED,M,,,,1942,0,20,AUG25,1996,i
40112420,"Van Huizen, Jan",NED,M,,,,1691,0,20,AUG25,1969,
40101827,"Van Huizen, Tim",NED,M,,,,1909,0,40,AUG25,2008,
1017594,"Van Ingen, Rik",NED,M,,,,1875,0,20,AUG25,1972,i
1046039,"Van Kampen, Frans",NED,M,,,,1728,0,20,AUG25,1947,
1020854,"Van Kampen, Robin",NED,M,GM,,,2558,0,10,AUG25,1994,i
1019414,"Van Kempen, Roderick",NED,M,,,,1981,0,20,AUG25,1984,i
1012827,"Van Kerkhof, David",NED,M,FM,,,2261,0,20,AUG25,1987,i
1004883,"Van Ketel, Raoul",NED,M,FM,,,2288,0,20,AUG25,1971,i
1083708,"Van Keulen, Kees",NED,M,,,,1703,0,20,AUG25,1950,
1068512,"Van Keulen, Koen",NED,M,,,,1865,0,20,AUG25,1989,
1058240,"Van Kuijk, Andre",NED,M,,FA,,1688,0,20,AUG25,1964,i
1058274,"Van Kuijk, Vadim",NED,M,,,,2020,0,20,AUG25,2005,i
1037153,"Van Laatum, Maarten",NED,M,,,,2074,0,20,AUG25,1986,i
40112969,"Van Leeuwen, Alain",NED,M,,,,1889,0,20,AUG25,1972,
1021079,"Van Lenthe, Bernard",NED,M,,,,1947,0,20,AUG25,1987,
1029100,"Van Lenthe, Gerwin",NED,M,,,,1800,0,20,AUG25,1985,
1042769,"Van Leusden, Dennis",NED,M,,,,1996,0,20,AUG25,1989,i
1012665,"Van Liempt, Michael",NED,M,,,,2055,0,20,AUG25,1989,
1036939,"Van Lingen, Henk",NED,M,,,,1782,0,20,AUG25,1971,i
1021354,"Van Loy, Rick",NED,M,,,,1924,0,20,AUG25,1968,i
1034995,"Van Meegen, Ruud",NED,M,FM,,,2251,0,20,AUG25,1996,i
1054635,"Van Moorsel, Ernest",NED,M,,,,1700,0,20,AUG25,1960,i
1054651,"Van Moorsel, Rob",NED,M,,,,1712,0,20,AUG25,1977,i
1070088,"Van Nassau, Erik",NED,M,,,,1898,0,20,AUG25,1988,i
1065840,"Van Nie, Jonathan",NED,M,,,,1962,0,20,AUG25,1990,i
1042890,"Van Nie, Pjotr",NED,M,,,,1799,0,20,AUG25,1987,i
229997,"Van Oostenbrugge, Gert-Jan",NED,M,,,,1733,0,20,AUG25,1970,
1013076,"Van Oosterom, Chiel",NED,M,IM,,,2416,0,10,AUG25,1988,
1003666,"Van Oostrum, Gerrit",NED,M,,,,1972,0,20,AUG25,1952,i
1048317,"Van Oostrum, Wim",NED,M,,,,1911,0,20,AUG25,1957,i
1019422,"Van Opheusden, Bas",NED,M,,,,2106,0,20,AUG25,1989,i
40107825,"Van Opstal, Wout",NED,M,,,,1617,0,40,AUG25,2007,i
1047051,"Van Orsouw, Theo",NED,M,,,,1886,0,20,AUG25,1960,
1035967,"Van Osch, Mees",NED,M,FM,,,2244,0,20,AUG25,1993,
40111121,"Van Oudheusden, Jason",NED,M,,,,1840,0,20,AUG25,1998,
1022741,"Van Overdam, Jan",NED,M,,,,2212,0,20,AUG25,1996,i
1015303,"Van Overdam, Julian",NED,M,FM,,,2332,0,20,AUG25,1995,i
1068415,"Van Pel, Daan",NED,M,,,,1902,0,20,AUG25,1990,i
1068423,"Van Pel, Gerben",NED,M,,,,1951,0,20,AUG25,1994,
1026755,"Van Putten, Mark",NED,M,,,,2024,0,20,AUG25,1980,i
1073680,"Van Raaij, Sjoerd",NED,M,,,,2041,0,20,AUG25,1993,
1047248,"Van Randtwijk, Mick",NED,M,,,,2151,0,20,AUG25,2002,
1060759,"Van Ravensteijn, Antal",NED,M,,,,1954,0,20,AUG25,1999,i
40102181,"Van Ree, Thailo",NED,M,,,,2014,0,20,AUG25,1975,i
1021290,"Van Rekom, Robert",NED,M,,,,1987,0,20,AUG25,1989,i
1097199,"Van Renselaar, Lars",NED,M,,,,1756,0,20,AUG25,2005,
1019821,"Van Riemsdijk, Felipe Herman",NED,M,,,,1806,0,20,AUG25,1986,i
1002783,"Van Rijn, Anton",NED,M,CM,,,2194,0,20,AUG25,1964,
1004581,"Van Rijn, Wouter",NED,M,FM,,,2204,0,20,AUG25,1976,i
1051075,"Van Roon, Sjoerd",NED,M,FM,,,2196,0,20,AUG25,2002,
1010000,"Van Ruitenburg, Joost",NED,M,FM,,,2260,0,20,AUG25,1982,i
1003151,"Van Schaardenburg, Mark",NED,M,FM,,,2158,0,20,AUG25,1963,i
1099256,"Van Soest, Sjoerd",NED,M,,,,1646,0,20,AUG25,1991,
1020170,"Van Splunter, Arjen",NED,M,,,,2026,0,20,AUG25,1987,i
1074253,"Van Steijn, Jefta",NED,M,,,,1770,0,40,AUG25,2007,i
1048422,"Van t Hof, Arnold",NED,M,,,,2233,0,20,AUG25,1963,i
1060538,"Van t Hoff, Tom",NED,M,,,,2101,0,20,AUG25,2002,
1011421,"Van Tellingen, Frank",NED,M,FM,,,2229,0,20,AUG25,1978,
1009800,"Van Twillert, Laurents",NED,M,CM,,,1917,0,20,AUG25,1985,i
1090917,"Van Urk, Albert Henk",NED,M,,,,1573,0,20,AUG25,1993,i
1032267,"Van Veelen, Thomas",NED,M,,,,1953,0,20,AUG25,1994,
1026801,"Van Veenendaal, Elmer",NED,M,,,,2127,0,20,AUG25,1988,i
1012673,"Van Vliet, Jeffrey",NED,M,FM,,,2389,0,20,AUG25,1986,
1045350,"Van Vlokhoven, Franka",NED,F,,,,1867,0,20,AUG25,1967,wi
1060775,"Van Waardenberg, John",NED,M,,,,1832,0,20,AUG25,1954,i
1000268,"Van Wely, Loek",NED,M,GM,FST,,2527,0,10,AUG25,1972,
1004395,"Van Wessel, Rudy",NED,M,IM,,,2276,0,20,AUG25,1973,i
1048414,"Van Wingerden, Erwin",NED,M,,,,1777,0,20,AUG25,1987,i
1053639,"Van Winkoop, Jeroen",NED,M,,,,1939,0,20,AUG25,1997,i
1014021,"Van Zutphen, Frank",NED,M,,,,2050,0,20,AUG25,1975,i
1013890,"Van Zutphen, Jimmy",NED,M,,,,2162,0,20,AUG25,1981,
40108295,"Vasan, Navin",NED,M,,,,1687,0,20,AUG25,1993,
1002872,"Vedder, Henk",NED,M,IM,,,2318,0,20,AUG25,1973,i
1004166,"Vedder, Richard",NED,M,FM,,,2163,0,20,AUG25,1970,
107111292,"Veenstra, Artyom",NED,M,,,,1660,0,20,AUG25,1989,i
1096273,"Veerman, Rien",NED,M,,,,1792,0,20,AUG25,2006,i
1068431,"Veldhuizen, Dirk",NED,M,,,,1914,0,20,AUG25,1985,i
1042696,"Veldhuizen, Martin",NED,M,,,,1991,0,20,AUG25,1986,i
1095773,"Veldhuyzen, Ywein",NED,M,,,,1786,0,20,AUG25,2005,i
40109445,"Veltman, Stefan",NED,M,,,,1851,0,20,AUG25,2003,i
1029258,"Vereggen, Lars",NED,M,FM,,,2412,0,10,AUG25,1997,i
1093134,"Verhaart, Rene",NED,M,,,,1613,0,20,AUG25,2001,i
1063790,"Verheij, Dana",NED,F,,,,1836,0,40,AUG25,2007,wi
1072030,"Verheul, Job",NED,M,,,,1971,0,20,AUG25,2004,i
1026933,"Verhoef, Harry",NED,M,,,,1873,0,20,AUG25,1968,i
1044001,"Verhoef, Jaap",NED,M,,,,1951,0,20,AUG25,1950,i
1047264,"Verhoef, Pieter",NED,M,,,,2194,0,20,AUG25,2000,i
1054775,"Verhoeven, Robin",NED,M,,,,2050,0,20,AUG25,1996,
1083163,"Verkerk, Pim",NED,M,,,,2054,0,20,AUG25,1986,i
1023640,"Verlinde, Erik",NED,M,,,,1944,0,20,AUG25,1962,i
1060856,"Vermeulen, Jordy",NED,M,,,,1743,0,20,AUG25,1993,i
40102378,"Vermeulen, Max",NED,M,,,,1593,0,20,AUG25,1999,i
1002198,"Vermeulen, Wesley",NED,M,,,,2272,0,20,AUG25,1991,i
1026968,"Vermue, Albert",NED,M,,,,1854,0,20,AUG25,1963,i
1074261,"Verreydt, Christine",NED,F,,,,1728,0,20,AUG25,1971,wi
1058070,"Verschoor, Patrick",NED,M,,,,1793,0,20,AUG25,1973,i
1091700,"Verschoor, Timo",NED,M,,,,1645,0,20,AUG25,2005,
1067885,"Verschuren, Roger",NED,M,,,,1619,0,20,AUG25,1963,i
1054570,"Versteeg, Sjaco",NED,M,,,,2020,0,20,AUG25,1990,i
1070223,"Verweij, David",NED,M,,,,1962,0,20,AUG25,2003,i
1028790,"Verweij, Kees",NED,M,,,,1927,0,20,AUG25,1967,i
1004271,"Verwoert, Jef",NED,M,,,,1954,0,20,AUG25,1969,i
1092715,"Vesters, Timo",NED,M,,,,1544,0,20,AUG25,2005,i
1007980,"Viersma, Murk",NED,M,,,,1897,0,20,AUG25,1965,i
40109399,"Visee, Thijs",NED,M,,,,1581,0,20,AUG25,1997,i
1061453,"Visser, Barto",NED,M,,,,1604,0,20,AUG25,2004,i
1091123,"Visser, Berend",NED,M,,,,1756,0,20,AUG25,2005,i
1010204,"Visser, Henk-Jan",NED,M,CM,,,2194,0,20,AUG25,1980,
1035029,"Visser, Johan",NED,M,,,,1879,0,20,AUG25,1979,i
1082566,"Visser, Wouter",NED,M,,,,1658,0,20,AUG25,1993,
1041517,"Vlaming, Halana",NED,F,,,,1934,0,20,AUG25,1997,wi
1052080,"Vleeming, Vincent",NED,M,,,,1889,0,20,AUG25,1974,
1046632,"Vliek, Dick",NED,M,,,,1713,0,20,AUG25,1970,
1072854,"Vlug, Arthur",NED,M,,,,1974,0,20,AUG25,1989,
1013351,"Voermans, Adri",NED,M,,,,1731,0,20,AUG25,1949,
1000764,"Vogel, Jaap",NED,M,FM,,,2086,0,20,AUG25,1948,i
1032313,"Vogelesang, Sander",NED,M,,,,1995,0,20,AUG25,1981,i
1032259,"Von Meijenfeldt, Bart",NED,M,FM,,,2175,0,20,AUG25,1994,i
1068776,"Vonken, Bob",NED,M,,,,1695,0,20,AUG25,2001,
1007300,"Voogt, Bob",NED,M,,,,2025,0,20,AUG25,1967,
40112411,"Voorwinden, Roemer",NED,M,,,,1882,0,20,AUG25,2001,
1014153,"Vos, Jan-Pieter",NED,M,,,,2046,0,20,AUG25,1986,i
1059378,"Vos, Rik",NED,M,,,,2066,0,20,AUG25,1990,
1036025,"Vrancken, Gilbert",NED,M,,,,2162,0,20,AUG25,1980,i
1005634,"Vreugdenhil, Frans",NED,M,,,,1816,0,20,AUG25,1956,
1048333,"Vrolijk, Liam",NED,M,GM,,,2509,0,10,AUG25,2002,i
1048350,"Vrolijk, Olivier",NED,M,,,,2032,0,20,AUG25,1969,i
1051768,"Vromans, Nico",NED,M,,,,1675,0,20,AUG25,1942,
1008730,"Vroombout, Enrico",NED,M,,,,2103,0,20,AUG25,1972,
1094505,"Vysniauskas, Algirdas",NED,M,,,,1557,6,20,AUG25,2006,
1047558,"Waardenburg, Feline",NED,F,,,,1864,0,20,AUG25,2000,wi
1050265,"Waardenburg, Marlinde",NED,F,,,,1800,0,20,AUG25,2002,wi
1008293,"Wagenaar, Harm Theo",NED,M,,,,1912,0,20,AUG25,1956,i
1019090,"Wagenaar, Ron",NED,M,,,,2181,0,20,AUG25,1971,i
1051083,"Wagenvoorde, Guido",NED,M,,,,2109,0,20,AUG25,2000,i
1030256,"Wagner, Andre",NED,M,,NA,,1883,0,20,AUG25,1959,i
1021990,"Wakkee, Colijn",NED,M,,,,1965,0,20,AUG25,1984,i
1024175,"Wandy, Kasim",NED,M,,,,AFM,1725,0,AUG25,1963,i
1048104,"Warmerdam, Max",NED,M,GM,,,2542,0,10,AUG25,2000,i
1050036,"Warnaar, Alisha",NED,F,,,,1935,0,20,AUG25,2003,wi
1060996,"Warnaar, Mark",NED,M,,,,1498,0,20,AUG25,2003,i
1053787,"Wedda, Dries",NED,M,,,,2070,0,20,AUG25,2002,i
1059815,"Weijers, Ralf",NED,M,,,,1902,0,20,AUG25,1983,i
1004182,"Wemmers, Xander",NED,M,IM,,,2332,0,20,AUG25,1974,i
107210595,"Werkhoven, Gerard",NED,M,,,,AFM,1844,0,AUG25,1963,i
1014188,"Werkhoven, Maarten",NED,M,,,,1792,0,20,AUG25,1962,
1007009,"Werksma, Arie",NED,M,,,,2180,0,20,AUG25,1959,i
1213261,"Werle, Iozefina",NED,F,WGM,WGM,,2255,0,20,AUG25,1989,wi
1009290,"Westenberg, Han",NED,M,,,,2030,0,20,AUG25,1972,
1080369,"Westerhof, Fleur",NED,F,,,,1986,0,40,AUG25,2009,w
1001310,"Westerveld, Wim",NED,M,CM,,,2145,0,20,AUG25,1950,i
1013319,"Westerweele, Henrik",NED,M,,,,1911,0,20,AUG25,1980,i
1088734,"Westveer, Riny",NED,M,,,,1795,0,20,AUG25,2002,i
1035185,"Wiegers, Kasper",NED,M,,,,1882,0,20,AUG25,1994,i
1058959,"Wierenga, Jael",NED,M,,,,2082,0,20,AUG25,2006,i
1021729,"Wieringa, Helmer",NED,M,,,,1969,0,20,AUG25,1949,
1002864,"Wiersma, Eelke",NED,M,IM,,,2282,0,20,AUG25,1973,i
1061399,"Wiggers, Yannick",NED,M,,,,1713,0,20,AUG25,2004,i
1050745,"Wijnen, Marcel",NED,M,,,,1724,0,20,AUG25,1963,i
40108619,"Wijnen, Thomas",NED,M,,,,1771,0,20,AUG25,2000,i
40111512,"Wildemans, Jurian",NED,M,,,,1726,0,20,AUG25,2001,
1002589,"Wilgenhof, Otto",NED,M,,,,2143,0,20,AUG25,1964,
1010840,"Wille, Erik",NED,M,,,,1884,0,20,AUG25,1964,
1094424,"Willems, Thijs",NED,M,,,,1652,0,20,AUG25,2005,
1007238,"Willemze, Thomas",NED,M,IM,,,2379,0,10,AUG25,1982,i
1085930,"Wink, Luka",NED,M,CM,,,1845,0,40,AUG25,2010,i
1087150,"Wink, Steven",NED,M,,,,1678,0,20,AUG25,1980,i
1003887,"Winkels, Marcel",NED,M,CM,,,1940,0,20,AUG25,1964,i
40101460,"Winnubst, Paul",NED,M,,,,1905,0,40,AUG25,2008,
1092375,"Winter, Sven",NED,M,,,,1943,0,40,AUG25,2010,
1041290,"Wisman, Hans",NED,M,,,,1960,0,20,AUG25,1966,i
1090500,"Witte, Phoebe",NED,F,,,,1636,0,20,AUG25,1999,w
1066609,"Wolters, Rens",NED,M,,,,1488,0,20,AUG25,1998,
1046403,"Wooter, Robin",NED,M,,,,1978,0,20,AUG25,1995,i
1084313,"Wortman, Manixia",NED,F,,,,1489,0,40,AUG25,2007,wi
1092855,"Wortman, Rawi",NED,M,,,,1554,0,40,AUG25,2009,i
1093525,"Wortman, Rik",NED,M,,,,1747,0,20,AUG25,1980,
1068482,"Woudenberg, Frank",NED,M,,,,1799,0,20,AUG25,2002,i
1008889,"Woudsma, Martijn",NED,M,,,,2254,0,20,AUG25,1978,i
1057430,"Wouters, Casper",NED,M,,,,2016,0,20,AUG25,1999,
1039016,"Wuijts, Johan",NED,M,,,,1916,0,20,AUG25,1986,
40102041,"Yantur, Arda",NED,M,,,,1746,0,40,AUG25,2011,
1003038,"Ydo, Pim",NED,M,,,,1972,0,20,AUG25,1950,
1058568,"Yeh, Timo",NED,M,,,,1913,0,20,AUG25,2005,i
40118908,"Yildirim, Efekan",NED,M,,,,1795,0,40,AUG25,2007,
1057928,"Ypma, Jord",NED,M,,,,2009,0,20,AUG25,2002,i
1027255,"Ypma, Peter",NED,M,FM,,,2237,0,20,AUG25,1992,i
40109534,"Zaal, Emil",NED,M,,,,1964,0,20,AUG25,1996,i
1063804,"Zaalmink, Bram",NED,M,,,,1664,0,20,AUG25,2005,i
40111148,"Zantingh, Kyo",NED,M,,,,1816,0,40,AUG25,2013,i
1073826,"Zecha, Oscar",NED,M,,,,2085,0,40,AUG25,2011,
40101932,"Zeenni, Joseph",NED,M,,,,AFM,1821,13,AUG25,2010,
40102386,"Zhang, Xiheng",NED,M,,,,1914,0,40,AUG25,2014,
40109739,"Zhou, Yanyang",NED,M,,,,1660,0,40,AUG25,2014,
1080687,"Zhu, Chenwu",NED,M,,,,2124,0,40,AUG25,2009,
1052527,"Zijlstra, Pascal",NED,M,,,,1903,0,20,AUG25,1988,i
1068938,"Zoet, Jelle",NED,M,,,,1560,0,20,AUG25,2005,i
40100570,"Zootjes, Aaron",NED,M,,,,1654,0,40,AUG25,2009,i
1027808,"Zootjes, Mark",NED,M,,,,1750,0,20,AUG25,1966,i
1038656,"Zoun, Rogier",NED,M,,,,2047,0,20,AUG25,1995,
40107175,"Zouridis, Christian",NED,M,,,,1794,0,40,AUG25,2011,
40111172,"Zoutendijk, Joran",NED,M,,,,1542,0,20,AUG25,1993,i
1084330,"Zubair, Saad",NED,M,,,,1690,0,20,AUG25,2006,i
1012207,"Zuiderweg, Edwin",NED,M,,,,1963,0,20,AUG25,1973,i
1024280,"Zuiderweg, Hiddo",NED,M,,,,1829,0,20,AUG25,1969,
1005510,"Zult, Daan",NED,M,,,,2272,0,20,AUG25,1979,i
1036432,"Zwirs, Nico",NED,M,IM,,,2424,0,10,AUG25,1994,