[
  {
    "ID Number": "21200718"
  },
  {
    "ID Number": "21200394"
  },
  {
    "ID Number": "21200246"
  },
  {
    "ID Number": "21200726"
  },
  {
    "ID Number": "21204667"
  },
  {
    "ID Number": "21201625"
  },
  {
    "ID Number": "21200017"
  },
  {
    "ID Number": "21200211"
  },
  {
    "ID Number": "21201498"
  },
  {
    "ID Number": "21204500"
  },
  {
    "ID Number": "21201994"
  },
  {
    "ID Number": "21201390"
  },
  {
    "ID Number": "21205051"
  },
  {
    "ID Number": "21200190"
  },
  {
    "ID Number": "21202222"
  },
  {
    "ID Number": "21200025"
  },
  {
    "ID Number": "21200831"
  },
  {
    "ID Number": "21204675"
  },
  {
    "ID Number": "21201200"
  },
  {
    "ID Number": "21204411"
  },
  {
    "ID Number": "21200092"
  },
  {
    "ID Number": "21201510"
  },
  {
    "ID Number": "21201285"
  },
  {
    "ID Number": "21200149"
  },
  {
    "ID Number": "21200220"
  },
  {
    "ID Number": "21201021"
  },
  {
    "ID Number": "21200033"
  },
  {
    "ID Number": "21200742"
  },
  {
    "ID Number": "21200041"
  },
  {
    "ID Number": "21204047"
  },
  {
    "ID Number": "21204055"
  },
  {
    "ID Number": "21204063"
  },
  {
    "ID Number": "21201323"
  },
  {
    "ID Number": "21200084"
  },
  {
    "ID Number": "21200050"
  },
  {
    "ID Number": "21200254"
  },
  {
    "ID Number": "21204420"
  },
  {
    "ID Number": "21201617"
  },
  {
    "ID Number": "21204241"
  },
  {
    "ID Number": "21200157"
  },
  {
    "ID Number": "21204160"
  },
  {
    "ID Number": "24111627"
  },
  {
    "ID Number": "21201382"
  },
  {
    "ID Number": "21201609"
  },
  {
    "ID Number": "21204845"
  },
  {
    "ID Number": "21205469"
  }
]