[
  {
    "ID Number": "21100039",
    "Name": "Bah, Ebrima",
    "Fed": "GAM",
    "Sex": "M",
    "Title": "FM",
    "WTit": "",
    "OTit": "",
    "FOA": "2085",
    "Rating": "AUG25",
    "Gms": "0",
    "K": "20",
    "B-day": "1968",
    "Flag": "i"
  },
  {
    "ID Number": "21100721",
    "Name": "Dabo, Muhammed Mustapha",
    "Fed": "GAM",
    "Sex": "M",
    "Title": "",
    "WTit": "",
    "OTit": "",
    "FOA": "1786",
    "Rating": "AUG25",
    "Gms": "5",
    "K": "40",
    "B-day": "1999",
    "Flag": ""
  },
  {
    "ID Number": "21100055",
    "Name": "Dalliah, Joseph",
    "Fed": "GAM",
    "Sex": "M",
    "Title": "",
    "WTit": "",
    "OTit": "",
    "FOA": "2050",
    "Rating": "AUG25",
    "Gms": "0",
    "K": "20",
    "B-day": "1967",
    "Flag": "i"
  },
  {
    "ID Number": "21100306",
    "Name": "Garber, Ousainou",
    "Fed": "GAM",
    "Sex": "M",
    "Title": "CM",
    "WTit": "",
    "OTit": "",
    "FOA": "1823",
    "Rating": "AUG25",
    "Gms": "4",
    "K": "20",
    "B-day": "1972",
    "Flag": ""
  },
  {
    "ID Number": "21100349",
    "Name": "Jallow, Mustapha",
    "Fed": "GAM",
    "Sex": "M",
    "Title": "",
    "WTit": "",
    "OTit": "",
    "FOA": "1842",
    "Rating": "AUG25",
    "Gms": "5",
    "K": "40",
    "B-day": "1979",
    "Flag": ""
  },
  {
    "ID Number": "21100497",
    "Name": "Jammeh, Ebrima",
    "Fed": "GAM",
    "Sex": "M",
    "Title": "",
    "WTit": "NA",
    "OTit": "",
    "FOA": "1784",
    "Rating": "AUG25",
    "Gms": "5",
    "K": "40",
    "B-day": "1980",
    "Flag": ""
  },
  {
    "ID Number": "21100063",
    "Name": "Lemon, Eliman",
    "Fed": "GAM",
    "Sex": "M",
    "Title": "",
    "WTit": "",
    "OTit": "",
    "FOA": "1927",
    "Rating": "AUG25",
    "Gms": "0",
    "K": "20",
    "B-day": "1965",
    "Flag": "i"
  },
  {
    "ID Number": "21100730",
    "Name": "Ndow, Essa",
    "Fed": "GAM",
    "Sex": "M",
    "Title": "",
    "WTit": "",
    "OTit": "",
    "FOA": "1615",
    "Rating": "AUG25",
    "Gms": "4",
    "K": "40",
    "B-day": "2010",
    "Flag": ""
  },
  {
    "ID Number": "21100284",
    "Name": "Nyang, Sait",
    "Fed": "GAM",
    "Sex": "M",
    "Title": "",
    "WTit": "",
    "OTit": "",
    "FOA": "1747",
    "Rating": "AUG25",
    "Gms": "4",
    "K": "40",
    "B-day": "1961",
    "Flag": ""
  },
  {
    "ID Number": "21100705",
    "Name": "Riley, James Mathew",
    "Fed": "GAM",
    "Sex": "M",
    "Title": "",
    "WTit": "",
    "OTit": "",
    "FOA": "1739",
    "Rating": "AUG25",
    "Gms": "6",
    "K": "40",
    "B-day": "1973",
    "Flag": ""
  }
]