[
  {
    "ID Number": "19604416"
  },
  {
    "ID Number": "19603720"
  },
  {
    "ID Number": "19602340"
  },
  {
    "ID Number": "19605226"
  },
  {
    "ID Number": "19600062"
  },
  {
    "ID Number": "19608390"
  },
  {
    "ID Number": "19600364"
  },
  {
    "ID Number": "19608594"
  },
  {
    "ID Number": "19605269"
  },
  {
    "ID Number": "19604645"
  },
  {
    "ID Number": "19601131"
  },
  {
    "ID Number": "19600100"
  },
  {
    "ID Number": "19606486"
  },
  {
    "ID Number": "19600623"
  },
  {
    "ID Number": "19608420"
  },
  {
    "ID Number": "19600151"
  },
  {
    "ID Number": "19600909"
  },
  {
    "ID Number": "19606680"
  },
  {
    "ID Number": "19601433"
  },
  {
    "ID Number": "19600054"
  },
  {
    "ID Number": "19604408"
  },
  {
    "ID Number": "19604858"
  },
  {
    "ID Number": "19607237"
  },
  {
    "ID Number": "19601441"
  },
  {
    "ID Number": "19605773"
  },
  {
    "ID Number": "19602111"
  },
  {
    "ID Number": "19609671"
  },
  {
    "ID Number": "19603606"
  },
  {
    "ID Number": "19608330"
  },
  {
    "ID Number": "19601093"
  },
  {
    "ID Number": "19601409"
  },
  {
    "ID Number": "19603410"
  },
  {
    "ID Number": "19606656"
  },
  {
    "ID Number": "19604360"
  },
  {
    "ID Number": "19601824"
  },
  {
    "ID Number": "19604971"
  },
  {
    "ID Number": "19606117"
  },
  {
    "ID Number": "19600569"
  },
  {
    "ID Number": "19606109"
  },
  {
    "ID Number": "19600593"
  },
  {
    "ID Number": "19606931"
  },
  {
    "ID Number": "19606699"
  },
  {
    "ID Number": "19604670"
  },
  {
    "ID Number": "19600186"
  },
  {
    "ID Number": "19600216"
  },
  {
    "ID Number": "19606290"
  },
  {
    "ID Number": "19600038"
  },
  {
    "ID Number": "19600160"
  }
]