[
  {
    "ID Number": "4709551",
    "Name": "Aga, Rubin",
    "Fed": "ALB",
    "Sex": "M",
    "Title": "",
    "WTit": "",
    "OTit": "",
    "FOA": "1798",
    "Rating": "AUG25",
    "Gms": "0",
    "K": "20",
    "B-day": "2002",
    "Flag": "i"
  },
  {
    "ID Number": "4706617",
    "Name": "Agalliu, Ermir",
    "Fed": "ALB",
    "Sex": "M",
    "Title": "",
    "WTit": "",
    "OTit": "",
    "FOA": "1785",
    "Rating": "AUG25",
    "Gms": "0",
    "K": "20",
    "B-day": "1974",
    "Flag": "i"
  },
  {
    "ID Number": "4710037",
    "Name": "Ajdini, Eni",
    "Fed": "ALB",
    "Sex": "M",
    "Title": "",
    "WTit": "",
    "OTit": "",
    "FOA": "1585",
    "Rating": "AUG25",
    "Gms": "4",
    "K": "40",
    "B-day": "1993",
    "Flag": ""
  },
  {
    "ID Number": "4709489",
    "Name": "Albrahimi, Xhulio",
    "Fed": "ALB",
    "Sex": "M",
    "Title": "",
    "WTit": "",
    "OTit": "",
    "FOA": "1712",
    "Rating": "AUG25",
    "Gms": "0",
    "K": "20",
    "B-day": "2001",
    "Flag": "i"
  },
  {
    "ID Number": "4711416",
    "Name": "Alcani, Lulezim",
    "Fed": "ALB",
    "Sex": "M",
    "Title": "",
    "WTit": "",
    "OTit": "",
    "FOA": "1941",
    "Rating": "AUG25",
    "Gms": "0",
    "K": "40",
    "B-day": "1967",
    "Flag": "i"
  },
  {
    "ID Number": "4709462",
    "Name": "Alhasa, Arben",
    "Fed": "ALB",
    "Sex": "M",
    "Title": "",
    "WTit": "",
    "OTit": "",
    "FOA": "1812",
    "Rating": "AUG25",
    "Gms": "0",
    "K": "20",
    "B-day": "1977",
    "Flag": ""
  },
  {
    "ID Number": "4709578",
    "Name": "Aliaj, Albert",
    "Fed": "ALB",
    "Sex": "M",
    "Title": "",
    "WTit": "",
    "OTit": "",
    "FOA": "1721",
    "Rating": "AUG25",
    "Gms": "0",
    "K": "20",
    "B-day": "1977",
    "Flag": "i"
  },
  {
    "ID Number": "4708385",
    "Name": "Aliaj, Ali",
    "Fed": "ALB",
    "Sex": "M",
    "Title": "",
    "WTit": "",
    "OTit": "",
    "FOA": "1890",
    "Rating": "AUG25",
    "Gms": "0",
    "K": "20",
    "B-day": "1961",
    "Flag": "i"
  },
  {
    "ID Number": "4710533",
    "Name": "Alibali, Aris",
    "Fed": "ALB",
    "Sex": "M",
    "Title": "",
    "WTit": "",
    "OTit": "",
    "FOA": "1618",
    "Rating": "AUG25",
    "Gms": "0",
    "K": "40",
    "B-day": "2011",
    "Flag": ""
  },
  {
    "ID Number": "4702182",
    "Name": "Alimadhi, Ilir",
    "Fed": "ALB",
    "Sex": "M",
    "Title": "",
    "WTit": "",
    "OTit": "",
    "FOA": "1984",
    "Rating": "AUG25",
    "Gms": "0",
    "K": "20",
    "B-day": "1982",
    "Flag": "i"
  },
  {
    "ID Number": "4710045",
    "Name": "Alla, Olsi",
    "Fed": "ALB",
    "Sex": "M",
    "Title": "",
    "WTit": "",
    "OTit": "",
    "FOA": "1676",
    "Rating": "AUG25",
    "Gms": "0",
    "K": "40",
    "B-day": "2003",
    "Flag": ""
  },
  {
    "ID Number": "4706846",
    "Name": "Arapi, Agron",
    "Fed": "ALB",
    "Sex": "M",
    "Title": "",
    "WTit": "",
    "OTit": "",
    "FOA": "1953",
    "Rating": "AUG25",
    "Gms": "0",
    "K": "20",
    "B-day": "1973",
    "Flag": ""
  },
  {
    "ID Number": "4705840",
    "Name": "Aruci, Ersin",
    "Fed": "ALB",
    "Sex": "M",
    "Title": "",
    "WTit": "",
    "OTit": "",
    "FOA": "1795",
    "Rating": "AUG25",
    "Gms": "0",
    "K": "40",
    "B-day": "2009",
    "Flag": ""
  },
  {
    "ID Number": "4705068",
    "Name": "Aruci, Nesar",
    "Fed": "ALB",
    "Sex": "M",
    "Title": "",
    "WTit": "",
    "OTit": "",
    "FOA": "1848",
    "Rating": "AUG25",
    "Gms": "0",
    "K": "40",
    "B-day": "2007",
    "Flag": "i"
  },
  {
    "ID Number": "4700066",
    "Name": "Ashiku, Franc",
    "Fed": "ALB",
    "Sex": "M",
    "Title": "IM",
    "WTit": "SI",
    "OTit": "",
    "FOA": "2286",
    "Rating": "AUG25",
    "Gms": "0",
    "K": "20",
    "B-day": "1993",
    "Flag": ""
  },
  {
    "ID Number": "4711408",
    "Name": "Azisllari, Idaet",
    "Fed": "ALB",
    "Sex": "M",
    "Title": "",
    "WTit": "",
    "OTit": "",
    "FOA": "1689",
    "Rating": "AUG25",
    "Gms": "2",
    "K": "20",
    "B-day": "1962",
    "Flag": ""
  },
  {
    "ID Number": "4711335",
    "Name": "Babamusta, Andi",
    "Fed": "ALB",
    "Sex": "M",
    "Title": "",
    "WTit": "",
    "OTit": "",
    "FOA": "1826",
    "Rating": "AUG25",
    "Gms": "6",
    "K": "20",
    "B-day": "1985",
    "Flag": ""
  },
  {
    "ID Number": "4702085",
    "Name": "Babamusta, Elton",
    "Fed": "ALB",
    "Sex": "M",
    "Title": "",
    "WTit": "",
    "OTit": "",
    "FOA": "2082",
    "Rating": "AUG25",
    "Gms": "18",
    "K": "20",
    "B-day": "1980",
    "Flag": ""
  },
  {
    "ID Number": "4702042",
    "Name": "Bajraktari, Besnik",
    "Fed": "ALB",
    "Sex": "M",
    "Title": "",
    "WTit": "",
    "OTit": "",
    "FOA": "1883",
    "Rating": "AUG25",
    "Gms": "0",
    "K": "20",
    "B-day": "1957",
    "Flag": ""
  },
  {
    "ID Number": "4701682",
    "Name": "Bajraktari, Fatmir",
    "Fed": "ALB",
    "Sex": "M",
    "Title": "",
    "WTit": "NA",
    "OTit": "",
    "FOA": "1831",
    "Rating": "AUG25",
    "Gms": "0",
    "K": "20",
    "B-day": "1977",
    "Flag": ""
  },
  {
    "ID Number": "4703308",
    "Name": "Bajraktari, Tahir",
    "Fed": "ALB",
    "Sex": "M",
    "Title": "",
    "WTit": "",
    "OTit": "",
    "FOA": "1941",
    "Rating": "AUG25",
    "Gms": "0",
    "K": "20",
    "B-day": "1949",
    "Flag": "i"
  },
  {
    "ID Number": "4708512",
    "Name": "Bakalli, Dilber",
    "Fed": "ALB",
    "Sex": "M",
    "Title": "",
    "WTit": "",
    "OTit": "",
    "FOA": "1884",
    "Rating": "AUG25",
    "Gms": "0",
    "K": "20",
    "B-day": "1961",
    "Flag": "i"
  },
  {
    "ID Number": "4708237",
    "Name": "Baqli, Ndoc",
    "Fed": "ALB",
    "Sex": "M",
    "Title": "",
    "WTit": "",
    "OTit": "",
    "FOA": "1819",
    "Rating": "AUG25",
    "Gms": "0",
    "K": "20",
    "B-day": "1970",
    "Flag": ""
  },
  {
    "ID Number": "4703251",
    "Name": "Bebi, Thoma",
    "Fed": "ALB",
    "Sex": "M",
    "Title": "",
    "WTit": "NA",
    "OTit": "",
    "FOA": "1827",
    "Rating": "AUG25",
    "Gms": "0",
    "K": "20",
    "B-day": "1991",
    "Flag": "i"
  },
  {
    "ID Number": "4701720",
    "Name": "Bedalli, Erind",
    "Fed": "ALB",
    "Sex": "M",
    "Title": "",
    "WTit": "",
    "OTit": "",
    "FOA": "1895",
    "Rating": "AUG25",
    "Gms": "0",
    "K": "20",
    "B-day": "1983",
    "Flag": ""
  },
  {
    "ID Number": "4701712",
    "Name": "Bekurti, Mehmet",
    "Fed": "ALB",
    "Sex": "M",
    "Title": "",
    "WTit": "",
    "OTit": "",
    "FOA": "1857",
    "Rating": "AUG25",
    "Gms": "6",
    "K": "20",
    "B-day": "1956",
    "Flag": ""
  },
  {
    "ID Number": "4710959",
    "Name": "Bello, Daniel",
    "Fed": "ALB",
    "Sex": "M",
    "Title": "",
    "WTit": "",
    "OTit": "",
    "FOA": "1671",
    "Rating": "AUG25",
    "Gms": "0",
    "K": "40",
    "B-day": "2009",
    "Flag": ""
  },
  {
    "ID Number": "4706250",
    "Name": "Berdellima, Andi",
    "Fed": "ALB",
    "Sex": "M",
    "Title": "",
    "WTit": "NA",
    "OTit": "",
    "FOA": "1624",
    "Rating": "AUG25",
    "Gms": "0",
    "K": "20",
    "B-day": "1995",
    "Flag": "i"
  },
  {
    "ID Number": "4707648",
    "Name": "Bezhani, Edlir",
    "Fed": "ALB",
    "Sex": "M",
    "Title": "",
    "WTit": "",
    "OTit": "",
    "FOA": "1883",
    "Rating": "AUG25",
    "Gms": "0",
    "K": "20",
    "B-day": "1977",
    "Flag": ""
  },
  {
    "ID Number": "4703120",
    "Name": "Bezhani, Ferdinand",
    "Fed": "ALB",
    "Sex": "M",
    "Title": "",
    "WTit": "SI",
    "OTit": "",
    "FOA": "2039",
    "Rating": "AUG25",
    "Gms": "0",
    "K": "20",
    "B-day": "1950",
    "Flag": "i"
  },
  {
    "ID Number": "4711530",
    "Name": "Bezhani, Ilirjana",
    "Fed": "ALB",
    "Sex": "F",
    "Title": "",
    "WTit": "",
    "OTit": "",
    "FOA": "1507",
    "Rating": "AUG25",
    "Gms": "0",
    "K": "40",
    "B-day": "1974",
    "Flag": "w"
  },
  {
    "ID Number": "4707923",
    "Name": "Bicja, Hasan",
    "Fed": "ALB",
    "Sex": "M",
    "Title": "",
    "WTit": "",
    "OTit": "",
    "FOA": "1733",
    "Rating": "AUG25",
    "Gms": "0",
    "K": "20",
    "B-day": "1994",
    "Flag": "i"
  },
  {
    "ID Number": "4711386",
    "Name": "Blloshmi, Xhulio",
    "Fed": "ALB",
    "Sex": "M",
    "Title": "",
    "WTit": "",
    "OTit": "",
    "FOA": "1708",
    "Rating": "AUG25",
    "Gms": "0",
    "K": "40",
    "B-day": "2005",
    "Flag": "i"
  },
  {
    "ID Number": "4704665",
    "Name": "Boci, Mateu",
    "Fed": "ALB",
    "Sex": "M",
    "Title": "FM",
    "WTit": "",
    "OTit": "",
    "FOA": "2135",
    "Rating": "AUG25",
    "Gms": "18",
    "K": "40",
    "B-day": "2010",
    "Flag": ""
  },
  {
    "ID Number": "4704673",
    "Name": "Boci, Petro",
    "Fed": "ALB",
    "Sex": "M",
    "Title": "",
    "WTit": "FA",
    "OTit": "",
    "FOA": "1902",
    "Rating": "AUG25",
    "Gms": "9",
    "K": "20",
    "B-day": "2004",
    "Flag": ""
  },
  {
    "ID Number": "4705530",
    "Name": "Bojaxhi, Jani",
    "Fed": "ALB",
    "Sex": "M",
    "Title": "",
    "WTit": "",
    "OTit": "",
    "FOA": "1769",
    "Rating": "AUG25",
    "Gms": "0",
    "K": "40",
    "B-day": "1954",
    "Flag": "i"
  },
  {
    "ID Number": "4700163",
    "Name": "Boshku, Harallamb",
    "Fed": "ALB",
    "Sex": "M",
    "Title": "FM",
    "WTit": "",
    "OTit": "",
    "FOA": "2287",
    "Rating": "AUG25",
    "Gms": "0",
    "K": "20",
    "B-day": "1953",
    "Flag": "i"
  },
  {
    "ID Number": "4701070",
    "Name": "Boshku, Konstantin",
    "Fed": "ALB",
    "Sex": "M",
    "Title": "",
    "WTit": "",
    "OTit": "",
    "FOA": "1816",
    "Rating": "AUG25",
    "Gms": "0",
    "K": "20",
    "B-day": "1989",
    "Flag": "i"
  },
  {
    "ID Number": "4709497",
    "Name": "Brami, Renato",
    "Fed": "ALB",
    "Sex": "M",
    "Title": "",
    "WTit": "",
    "OTit": "",
    "FOA": "1843",
    "Rating": "AUG25",
    "Gms": "5",
    "K": "20",
    "B-day": "1979",
    "Flag": ""
  },
  {
    "ID Number": "4701739",
    "Name": "Bregu, Riza",
    "Fed": "ALB",
    "Sex": "M",
    "Title": "CM",
    "WTit": "",
    "OTit": "",
    "FOA": "2046",
    "Rating": "AUG25",
    "Gms": "0",
    "K": "20",
    "B-day": "1991",
    "Flag": ""
  },
  {
    "ID Number": "4710991",
    "Name": "Brisku, Lenart",
    "Fed": "ALB",
    "Sex": "M",
    "Title": "",
    "WTit": "",
    "OTit": "",
    "FOA": "1645",
    "Rating": "AUG25",
    "Gms": "0",
    "K": "40",
    "B-day": "2013",
    "Flag": ""
  },
  {
    "ID Number": "4704479",
    "Name": "Brisku, Sotiraq",
    "Fed": "ALB",
    "Sex": "M",
    "Title": "",
    "WTit": "",
    "OTit": "",
    "FOA": "1784",
    "Rating": "AUG25",
    "Gms": "0",
    "K": "40",
    "B-day": "2008",
    "Flag": ""
  },
  {
    "ID Number": "4706528",
    "Name": "Bucpapaj, Besmir",
    "Fed": "ALB",
    "Sex": "M",
    "Title": "",
    "WTit": "",
    "OTit": "",
    "FOA": "1752",
    "Rating": "AUG25",
    "Gms": "0",
    "K": "20",
    "B-day": "1986",
    "Flag": "i"
  },
  {
    "ID Number": "4702204",
    "Name": "Budakova, Taulant",
    "Fed": "ALB",
    "Sex": "M",
    "Title": "",
    "WTit": "",
    "OTit": "",
    "FOA": "AIM",
    "Rating": "AUG25",
    "Gms": "2037",
    "K": "0",
    "B-day": "1988",
    "Flag": ""
  },
  {
    "ID Number": "4700660",
    "Name": "Bushi, Edmond",
    "Fed": "ALB",
    "Sex": "M",
    "Title": "",
    "WTit": "",
    "OTit": "",
    "FOA": "1882",
    "Rating": "AUG25",
    "Gms": "0",
    "K": "20",
    "B-day": "1956",
    "Flag": "i"
  },
  {
    "ID Number": "4706633",
    "Name": "Bushi, Geraldo",
    "Fed": "ALB",
    "Sex": "M",
    "Title": "",
    "WTit": "NA",
    "OTit": "",
    "FOA": "1843",
    "Rating": "AUG25",
    "Gms": "0",
    "K": "20",
    "B-day": "1998",
    "Flag": ""
  },
  {
    "ID Number": "4706650",
    "Name": "Bushpepa, Alket",
    "Fed": "ALB",
    "Sex": "M",
    "Title": "",
    "WTit": "",
    "OTit": "",
    "FOA": "1929",
    "Rating": "AUG25",
    "Gms": "0",
    "K": "20",
    "B-day": "1983",
    "Flag": "i"
  },
  {
    "ID Number": "4703413",
    "Name": "Cacaj, Skerdi",
    "Fed": "ALB",
    "Sex": "M",
    "Title": "",
    "WTit": "",
    "OTit": "",
    "FOA": "1657",
    "Rating": "AUG25",
    "Gms": "0",
    "K": "40",
    "B-day": "2005",
    "Flag": "i"
  },
  {
    "ID Number": "4710720",
    "Name": "Cacollari, Bearind",
    "Fed": "ALB",
    "Sex": "M",
    "Title": "",
    "WTit": "",
    "OTit": "",
    "FOA": "1515",
    "Rating": "AUG25",
    "Gms": "0",
    "K": "40",
    "B-day": "2014",
    "Flag": ""
  },
  {
    "ID Number": "4704703",
    "Name": "Caku, Kler",
    "Fed": "ALB",
    "Sex": "F",
    "Title": "WFM",
    "WTit": "WFM",
    "OTit": "",
    "FOA": "2061",
    "Rating": "AUG25",
    "Gms": "0",
    "K": "40",
    "B-day": "2010",
    "Flag": "w"
  },
  {
    "ID Number": "4709080",
    "Name": "Caku, Mia",
    "Fed": "ALB",
    "Sex": "F",
    "Title": "",
    "WTit": "",
    "OTit": "",
    "FOA": "1444",
    "Rating": "AUG25",
    "Gms": "0",
    "K": "40",
    "B-day": "2017",
    "Flag": "w"
  },
  {
    "ID Number": "4711432",
    "Name": "Calleku, Erdi",
    "Fed": "ALB",
    "Sex": "M",
    "Title": "",
    "WTit": "",
    "OTit": "",
    "FOA": "1525",
    "Rating": "AUG25",
    "Gms": "6",
    "K": "40",
    "B-day": "2012",
    "Flag": ""
  },
  {
    "ID Number": "4704924",
    "Name": "Cani, Armando",
    "Fed": "ALB",
    "Sex": "M",
    "Title": "",
    "WTit": "DI,DI",
    "OTit": "",
    "FOA": "1852",
    "Rating": "AUG25",
    "Gms": "0",
    "K": "20",
    "B-day": "1974",
    "Flag": ""
  },
  {
    "ID Number": "4703421",
    "Name": "Cani, Dejvi",
    "Fed": "ALB",
    "Sex": "M",
    "Title": "",
    "WTit": "NA",
    "OTit": "",
    "FOA": "1806",
    "Rating": "AUG25",
    "Gms": "0",
    "K": "20",
    "B-day": "2005",
    "Flag": ""
  },
  {
    "ID Number": "4707230",
    "Name": "Cani, Erdi",
    "Fed": "ALB",
    "Sex": "M",
    "Title": "",
    "WTit": "",
    "OTit": "",
    "FOA": "1818",
    "Rating": "AUG25",
    "Gms": "0",
    "K": "40",
    "B-day": "2013",
    "Flag": ""
  },
  {
    "ID Number": "4705858",
    "Name": "Cani, Niardo",
    "Fed": "ALB",
    "Sex": "M",
    "Title": "",
    "WTit": "",
    "OTit": "",
    "FOA": "1646",
    "Rating": "AUG25",
    "Gms": "0",
    "K": "40",
    "B-day": "2009",
    "Flag": ""
  },
  {
    "ID Number": "4704223",
    "Name": "Capaliku, Markens",
    "Fed": "ALB",
    "Sex": "M",
    "Title": "",
    "WTit": "",
    "OTit": "",
    "FOA": "1824",
    "Rating": "AUG25",
    "Gms": "0",
    "K": "40",
    "B-day": "1998",
    "Flag": ""
  },
  {
    "ID Number": "4701801",
    "Name": "Caushi, Alket",
    "Fed": "ALB",
    "Sex": "M",
    "Title": "",
    "WTit": "NA",
    "OTit": "",
    "FOA": "1823",
    "Rating": "AUG25",
    "Gms": "0",
    "K": "20",
    "B-day": "2001",
    "Flag": "i"
  },
  {
    "ID Number": "4702417",
    "Name": "Caushi, Luan",
    "Fed": "ALB",
    "Sex": "M",
    "Title": "",
    "WTit": "",
    "OTit": "",
    "FOA": "1911",
    "Rating": "AUG25",
    "Gms": "0",
    "K": "20",
    "B-day": "1965",
    "Flag": "i"
  },
  {
    "ID Number": "4701151",
    "Name": "Ceka, Shpetim",
    "Fed": "ALB",
    "Sex": "M",
    "Title": "",
    "WTit": "",
    "OTit": "",
    "FOA": "1959",
    "Rating": "AUG25",
    "Gms": "0",
    "K": "20",
    "B-day": "1967",
    "Flag": ""
  },
  {
    "ID Number": "4704045",
    "Name": "Cela, Kamber",
    "Fed": "ALB",
    "Sex": "M",
    "Title": "",
    "WTit": "",
    "OTit": "",
    "FOA": "1775",
    "Rating": "AUG25",
    "Gms": "5",
    "K": "20",
    "B-day": "1960",
    "Flag": ""
  },
  {
    "ID Number": "4703650",
    "Name": "Cela, Krojf",
    "Fed": "ALB",
    "Sex": "M",
    "Title": "",
    "WTit": "",
    "OTit": "",
    "FOA": "1866",
    "Rating": "AUG25",
    "Gms": "0",
    "K": "20",
    "B-day": "1984",
    "Flag": "i"
  },
  {
    "ID Number": "4705335",
    "Name": "Cela, Zenun",
    "Fed": "ALB",
    "Sex": "M",
    "Title": "",
    "WTit": "",
    "OTit": "",
    "FOA": "1691",
    "Rating": "AUG25",
    "Gms": "0",
    "K": "20",
    "B-day": "1949",
    "Flag": "i"
  },
  {
    "ID Number": "4705106",
    "Name": "Celepija, Bardhyl",
    "Fed": "ALB",
    "Sex": "M",
    "Title": "",
    "WTit": "",
    "OTit": "",
    "FOA": "1736",
    "Rating": "AUG25",
    "Gms": "0",
    "K": "20",
    "B-day": "1973",
    "Flag": "i"
  },
  {
    "ID Number": "4708245",
    "Name": "Cenaj, Ali",
    "Fed": "ALB",
    "Sex": "M",
    "Title": "",
    "WTit": "NA",
    "OTit": "",
    "FOA": "1840",
    "Rating": "AUG25",
    "Gms": "0",
    "K": "20",
    "B-day": "1985",
    "Flag": "i"
  },
  {
    "ID Number": "4708253",
    "Name": "Cengu, Altin",
    "Fed": "ALB",
    "Sex": "M",
    "Title": "",
    "WTit": "",
    "OTit": "",
    "FOA": "1847",
    "Rating": "AUG25",
    "Gms": "0",
    "K": "20",
    "B-day": "1982",
    "Flag": "i"
  },
  {
    "ID Number": "4705645",
    "Name": "Cibaku, Blerim",
    "Fed": "ALB",
    "Sex": "M",
    "Title": "",
    "WTit": "",
    "OTit": "",
    "FOA": "1660",
    "Rating": "AUG25",
    "Gms": "0",
    "K": "40",
    "B-day": "1970",
    "Flag": ""
  },
  {
    "ID Number": "4702450",
    "Name": "Citozi, Fatmir",
    "Fed": "ALB",
    "Sex": "M",
    "Title": "",
    "WTit": "",
    "OTit": "",
    "FOA": "1771",
    "Rating": "AUG25",
    "Gms": "0",
    "K": "40",
    "B-day": "1947",
    "Flag": "i"
  },
  {
    "ID Number": "4705190",
    "Name": "Cucka, Argis",
    "Fed": "ALB",
    "Sex": "M",
    "Title": "",
    "WTit": "",
    "OTit": "",
    "FOA": "1702",
    "Rating": "AUG25",
    "Gms": "0",
    "K": "20",
    "B-day": "1979",
    "Flag": "i"
  },
  {
    "ID Number": "4700686",
    "Name": "Cukaj, Marin",
    "Fed": "ALB",
    "Sex": "M",
    "Title": "",
    "WTit": "",
    "OTit": "",
    "FOA": "1879",
    "Rating": "AUG25",
    "Gms": "0",
    "K": "20",
    "B-day": "1982",
    "Flag": "i"
  },
  {
    "ID Number": "4705904",
    "Name": "Dafa, Sirio",
    "Fed": "ALB",
    "Sex": "M",
    "Title": "",
    "WTit": "",
    "OTit": "",
    "FOA": "1909",
    "Rating": "AUG25",
    "Gms": "7",
    "K": "20",
    "B-day": "2006",
    "Flag": ""
  },
  {
    "ID Number": "4701810",
    "Name": "Daka, Ermir",
    "Fed": "ALB",
    "Sex": "M",
    "Title": "",
    "WTit": "",
    "OTit": "",
    "FOA": "1848",
    "Rating": "AUG25",
    "Gms": "0",
    "K": "20",
    "B-day": "1989",
    "Flag": "i"
  },
  {
    "ID Number": "4704169",
    "Name": "Dano, Rexhep",
    "Fed": "ALB",
    "Sex": "M",
    "Title": "",
    "WTit": "",
    "OTit": "",
    "FOA": "1799",
    "Rating": "AUG25",
    "Gms": "0",
    "K": "20",
    "B-day": "1967",
    "Flag": "i"
  },
  {
    "ID Number": "4704843",
    "Name": "Dano, Rexhep",
    "Fed": "ALB",
    "Sex": "M",
    "Title": "",
    "WTit": "",
    "OTit": "",
    "FOA": "1881",
    "Rating": "AUG25",
    "Gms": "0",
    "K": "40",
    "B-day": "1962",
    "Flag": ""
  },
  {
    "ID Number": "4703227",
    "Name": "Dardha, Eduard",
    "Fed": "ALB",
    "Sex": "M",
    "Title": "",
    "WTit": "",
    "OTit": "",
    "FOA": "1910",
    "Rating": "AUG25",
    "Gms": "0",
    "K": "20",
    "B-day": "1972",
    "Flag": "i"
  },
  {
    "ID Number": "4711815",
    "Name": "Deda, Rubin",
    "Fed": "ALB",
    "Sex": "M",
    "Title": "",
    "WTit": "",
    "OTit": "",
    "FOA": "1601",
    "Rating": "AUG25",
    "Gms": "0",
    "K": "40",
    "B-day": "2014",
    "Flag": ""
  },
  {
    "ID Number": "4707206",
    "Name": "Dedej, Enri",
    "Fed": "ALB",
    "Sex": "M",
    "Title": "",
    "WTit": "",
    "OTit": "",
    "FOA": "1704",
    "Rating": "AUG25",
    "Gms": "0",
    "K": "40",
    "B-day": "2006",
    "Flag": "i"
  },
  {
    "ID Number": "4706773",
    "Name": "Demiraj, Gazment",
    "Fed": "ALB",
    "Sex": "M",
    "Title": "",
    "WTit": "",
    "OTit": "",
    "FOA": "1798",
    "Rating": "AUG25",
    "Gms": "0",
    "K": "20",
    "B-day": "1975",
    "Flag": "i"
  },
  {
    "ID Number": "4713079",
    "Name": "Demirlika, Lorenc",
    "Fed": "ALB",
    "Sex": "M",
    "Title": "",
    "WTit": "",
    "OTit": "",
    "FOA": "1774",
    "Rating": "AUG25",
    "Gms": "7",
    "K": "40",
    "B-day": "1989",
    "Flag": ""
  },
  {
    "ID Number": "4709810",
    "Name": "Derveni, Melis",
    "Fed": "ALB",
    "Sex": "M",
    "Title": "",
    "WTit": "",
    "OTit": "",
    "FOA": "1730",
    "Rating": "AUG25",
    "Gms": "3",
    "K": "20",
    "B-day": "2004",
    "Flag": ""
  },
  {
    "ID Number": "4710240",
    "Name": "Dervishi, Eno",
    "Fed": "ALB",
    "Sex": "M",
    "Title": "",
    "WTit": "",
    "OTit": "",
    "FOA": "1400",
    "Rating": "AUG25",
    "Gms": "3",
    "K": "40",
    "B-day": "2012",
    "Flag": ""
  },
  {
    "ID Number": "4700236",
    "Name": "Dervishi, Erald",
    "Fed": "ALB",
    "Sex": "M",
    "Title": "GM",
    "WTit": "",
    "OTit": "",
    "FOA": "2537",
    "Rating": "AUG25",
    "Gms": "0",
    "K": "10",
    "B-day": "1979",
    "Flag": "i"
  },
  {
    "ID Number": "4709969",
    "Name": "Dhrako, Aristotel",
    "Fed": "ALB",
    "Sex": "M",
    "Title": "",
    "WTit": "",
    "OTit": "",
    "FOA": "1645",
    "Rating": "AUG25",
    "Gms": "0",
    "K": "40",
    "B-day": "1990",
    "Flag": "i"
  },
  {
    "ID Number": "4702611",
    "Name": "Didi, Toni",
    "Fed": "ALB",
    "Sex": "M",
    "Title": "",
    "WTit": "NA",
    "OTit": "",
    "FOA": "2051",
    "Rating": "AUG25",
    "Gms": "0",
    "K": "20",
    "B-day": "1995",
    "Flag": "i"
  },
  {
    "ID Number": "4700937",
    "Name": "Disha, Beshim",
    "Fed": "ALB",
    "Sex": "M",
    "Title": "",
    "WTit": "",
    "OTit": "",
    "FOA": "1903",
    "Rating": "AUG25",
    "Gms": "0",
    "K": "20",
    "B-day": "1965",
    "Flag": ""
  },
  {
    "ID Number": "4700775",
    "Name": "Disha, Besim",
    "Fed": "ALB",
    "Sex": "M",
    "Title": "",
    "WTit": "",
    "OTit": "",
    "FOA": "1915",
    "Rating": "AUG25",
    "Gms": "0",
    "K": "20",
    "B-day": "1965",
    "Flag": "i"
  },
  {
    "ID Number": "4707672",
    "Name": "Djepaxhija, Rrezart",
    "Fed": "ALB",
    "Sex": "M",
    "Title": "",
    "WTit": "",
    "OTit": "",
    "FOA": "1677",
    "Rating": "AUG25",
    "Gms": "0",
    "K": "40",
    "B-day": "1985",
    "Flag": ""
  },
  {
    "ID Number": "4706820",
    "Name": "Docaj, Bajram",
    "Fed": "ALB",
    "Sex": "M",
    "Title": "",
    "WTit": "NA",
    "OTit": "",
    "FOA": "1771",
    "Rating": "AUG25",
    "Gms": "0",
    "K": "20",
    "B-day": "1962",
    "Flag": ""
  },
  {
    "ID Number": "4706072",
    "Name": "Doci, Leonard",
    "Fed": "ALB",
    "Sex": "M",
    "Title": "",
    "WTit": "",
    "OTit": "",
    "FOA": "1838",
    "Rating": "AUG25",
    "Gms": "0",
    "K": "20",
    "B-day": "1976",
    "Flag": ""
  },
  {
    "ID Number": "4705173",
    "Name": "Doko, Endriol",
    "Fed": "ALB",
    "Sex": "M",
    "Title": "",
    "WTit": "",
    "OTit": "",
    "FOA": "1666",
    "Rating": "AUG25",
    "Gms": "0",
    "K": "20",
    "B-day": "1990",
    "Flag": "i"
  },
  {
    "ID Number": "4710746",
    "Name": "Dukni, Noel",
    "Fed": "ALB",
    "Sex": "M",
    "Title": "",
    "WTit": "",
    "OTit": "",
    "FOA": "1522",
    "Rating": "AUG25",
    "Gms": "0",
    "K": "40",
    "B-day": "2016",
    "Flag": "i"
  },
  {
    "ID Number": "4701020",
    "Name": "Dule, Krenar",
    "Fed": "ALB",
    "Sex": "M",
    "Title": "",
    "WTit": "",
    "OTit": "",
    "FOA": "1897",
    "Rating": "AUG25",
    "Gms": "0",
    "K": "20",
    "B-day": "1969",
    "Flag": "i"
  },
  {
    "ID Number": "4713087",
    "Name": "Dumani, Andi",
    "Fed": "ALB",
    "Sex": "M",
    "Title": "",
    "WTit": "",
    "OTit": "",
    "FOA": "1455",
    "Rating": "AUG25",
    "Gms": "7",
    "K": "40",
    "B-day": "2000",
    "Flag": ""
  },
  {
    "ID Number": "4709527",
    "Name": "Duro, Leonard",
    "Fed": "ALB",
    "Sex": "M",
    "Title": "",
    "WTit": "",
    "OTit": "",
    "FOA": "1784",
    "Rating": "AUG25",
    "Gms": "6",
    "K": "20",
    "B-day": "1978",
    "Flag": ""
  },
  {
    "ID Number": "4708032",
    "Name": "Elezi, Elnor",
    "Fed": "ALB",
    "Sex": "M",
    "Title": "",
    "WTit": "",
    "OTit": "",
    "FOA": "1615",
    "Rating": "AUG25",
    "Gms": "0",
    "K": "20",
    "B-day": "1998",
    "Flag": "i"
  },
  {
    "ID Number": "4708261",
    "Name": "Elezi, Irel",
    "Fed": "ALB",
    "Sex": "M",
    "Title": "",
    "WTit": "NA",
    "OTit": "",
    "FOA": "1684",
    "Rating": "AUG25",
    "Gms": "0",
    "K": "20",
    "B-day": "1985",
    "Flag": "i"
  },
  {
    "ID Number": "4702530",
    "Name": "Elezi, Xhezair",
    "Fed": "ALB",
    "Sex": "M",
    "Title": "",
    "WTit": "",
    "OTit": "",
    "FOA": "1914",
    "Rating": "AUG25",
    "Gms": "0",
    "K": "20",
    "B-day": "1969",
    "Flag": "i"
  },
  {
    "ID Number": "4708130",
    "Name": "Ferro, Reiden",
    "Fed": "ALB",
    "Sex": "M",
    "Title": "",
    "WTit": "",
    "OTit": "",
    "FOA": "1474",
    "Rating": "AUG25",
    "Gms": "0",
    "K": "40",
    "B-day": "2012",
    "Flag": ""
  },
  {
    "ID Number": "4711238",
    "Name": "Fucija, Qazim",
    "Fed": "ALB",
    "Sex": "M",
    "Title": "",
    "WTit": "",
    "OTit": "",
    "FOA": "1779",
    "Rating": "AUG25",
    "Gms": "0",
    "K": "40",
    "B-day": "1996",
    "Flag": ""
  },
  {
    "ID Number": "4708881",
    "Name": "Gallo, Endrit",
    "Fed": "ALB",
    "Sex": "M",
    "Title": "",
    "WTit": "",
    "OTit": "",
    "FOA": "1647",
    "Rating": "AUG25",
    "Gms": "0",
    "K": "20",
    "B-day": "1989",
    "Flag": ""
  },
  {
    "ID Number": "4704134",
    "Name": "Garunja, Genci",
    "Fed": "ALB",
    "Sex": "M",
    "Title": "",
    "WTit": "",
    "OTit": "",
    "FOA": "1911",
    "Rating": "AUG25",
    "Gms": "0",
    "K": "20",
    "B-day": "1969",
    "Flag": "i"
  },
  {
    "ID Number": "4704096",
    "Name": "Gavoci, Shtjefen",
    "Fed": "ALB",
    "Sex": "M",
    "Title": "",
    "WTit": "",
    "OTit": "",
    "FOA": "1900",
    "Rating": "AUG25",
    "Gms": "0",
    "K": "20",
    "B-day": "1985",
    "Flag": "i"
  },
  {
    "ID Number": "4701615",
    "Name": "Gazhdaj, Lazer",
    "Fed": "ALB",
    "Sex": "M",
    "Title": "",
    "WTit": "",
    "OTit": "",
    "FOA": "1848",
    "Rating": "AUG25",
    "Gms": "0",
    "K": "20",
    "B-day": "1985",
    "Flag": "i"
  },
  {
    "ID Number": "4706064",
    "Name": "Gega, Dedin",
    "Fed": "ALB",
    "Sex": "M",
    "Title": "",
    "WTit": "",
    "OTit": "",
    "FOA": "1839",
    "Rating": "AUG25",
    "Gms": "0",
    "K": "20",
    "B-day": "1970",
    "Flag": ""
  },
  {
    "ID Number": "4701100",
    "Name": "Geske, Bruna",
    "Fed": "ALB",
    "Sex": "F",
    "Title": "WFM",
    "WTit": "WFM",
    "OTit": "SI,NA",
    "FOA": "1972",
    "Rating": "AUG25",
    "Gms": "0",
    "K": "20",
    "B-day": "1995",
    "Flag": "wi"
  },
  {
    "ID Number": "4700856",
    "Name": "Giomemo, Enton",
    "Fed": "ALB",
    "Sex": "M",
    "Title": "",
    "WTit": "",
    "OTit": "",
    "FOA": "1928",
    "Rating": "AUG25",
    "Gms": "0",
    "K": "20",
    "B-day": "1970",
    "Flag": ""
  },
  {
    "ID Number": "4700147",
    "Name": "Gjergji, Rozana",
    "Fed": "ALB",
    "Sex": "F",
    "Title": "WFM",
    "WTit": "WFM",
    "OTit": "SI",
    "FOA": "1957",
    "Rating": "AUG25",
    "Gms": "0",
    "K": "20",
    "B-day": "1975",
    "Flag": "wi"
  },
  {
    "ID Number": "4701097",
    "Name": "Gjika, Gent",
    "Fed": "ALB",
    "Sex": "M",
    "Title": "",
    "WTit": "NA",
    "OTit": "",
    "FOA": "1749",
    "Rating": "AUG25",
    "Gms": "0",
    "K": "20",
    "B-day": "1995",
    "Flag": "i"
  },
  {
    "ID Number": "4708377",
    "Name": "Gjika, Mikel",
    "Fed": "ALB",
    "Sex": "M",
    "Title": "",
    "WTit": "",
    "OTit": "",
    "FOA": "1814",
    "Rating": "AUG25",
    "Gms": "5",
    "K": "20",
    "B-day": "1997",
    "Flag": ""
  },
  {
    "ID Number": "4706714",
    "Name": "Gjoka, Shpetim",
    "Fed": "ALB",
    "Sex": "M",
    "Title": "",
    "WTit": "",
    "OTit": "",
    "FOA": "1867",
    "Rating": "AUG25",
    "Gms": "0",
    "K": "40",
    "B-day": "1990",
    "Flag": "i"
  },
  {
    "ID Number": "4701275",
    "Name": "Gjonaj, Jurgen",
    "Fed": "ALB",
    "Sex": "M",
    "Title": "",
    "WTit": "",
    "OTit": "",
    "FOA": "1897",
    "Rating": "AUG25",
    "Gms": "0",
    "K": "20",
    "B-day": "1996",
    "Flag": "i"
  },
  {
    "ID Number": "4713060",
    "Name": "Gjonaj, Sentiliano",
    "Fed": "ALB",
    "Sex": "M",
    "Title": "",
    "WTit": "",
    "OTit": "",
    "FOA": "1717",
    "Rating": "AUG25",
    "Gms": "7",
    "K": "40",
    "B-day": "2003",
    "Flag": ""
  },
  {
    "ID Number": "4708270",
    "Name": "Gjuta, Emirjon",
    "Fed": "ALB",
    "Sex": "M",
    "Title": "",
    "WTit": "",
    "OTit": "",
    "FOA": "1633",
    "Rating": "AUG25",
    "Gms": "0",
    "K": "20",
    "B-day": "1990",
    "Flag": "i"
  },
  {
    "ID Number": "4710550",
    "Name": "Gjylbegaj, Bujar",
    "Fed": "ALB",
    "Sex": "M",
    "Title": "",
    "WTit": "",
    "OTit": "",
    "FOA": "1615",
    "Rating": "AUG25",
    "Gms": "0",
    "K": "40",
    "B-day": "1974",
    "Flag": ""
  },
  {
    "ID Number": "4704860",
    "Name": "Gjyzari, Vangjush",
    "Fed": "ALB",
    "Sex": "M",
    "Title": "",
    "WTit": "",
    "OTit": "",
    "FOA": "1819",
    "Rating": "AUG25",
    "Gms": "6",
    "K": "40",
    "B-day": "1994",
    "Flag": ""
  },
  {
    "ID Number": "4709187",
    "Name": "Golemi, Matias",
    "Fed": "ALB",
    "Sex": "M",
    "Title": "",
    "WTit": "",
    "OTit": "",
    "FOA": "1445",
    "Rating": "AUG25",
    "Gms": "0",
    "K": "40",
    "B-day": "2015",
    "Flag": "i"
  },
  {
    "ID Number": "4703898",
    "Name": "Grabova, Ervin",
    "Fed": "ALB",
    "Sex": "M",
    "Title": "",
    "WTit": "NA",
    "OTit": "",
    "FOA": "1865",
    "Rating": "AUG25",
    "Gms": "0",
    "K": "20",
    "B-day": "1982",
    "Flag": "i"
  },
  {
    "ID Number": "4702239",
    "Name": "Gradeci, Muhamet",
    "Fed": "ALB",
    "Sex": "M",
    "Title": "",
    "WTit": "",
    "OTit": "",
    "FOA": "1830",
    "Rating": "AUG25",
    "Gms": "0",
    "K": "20",
    "B-day": "1943",
    "Flag": "i"
  },
  {
    "ID Number": "4701160",
    "Name": "Gripshi, Bedri",
    "Fed": "ALB",
    "Sex": "M",
    "Title": "",
    "WTit": "",
    "OTit": "",
    "FOA": "1981",
    "Rating": "AUG25",
    "Gms": "0",
    "K": "20",
    "B-day": "1953",
    "Flag": "i"
  },
  {
    "ID Number": "4709420",
    "Name": "Guralumi, Matteo",
    "Fed": "ALB",
    "Sex": "M",
    "Title": "",
    "WTit": "",
    "OTit": "",
    "FOA": "1649",
    "Rating": "AUG25",
    "Gms": "4",
    "K": "40",
    "B-day": "2011",
    "Flag": ""
  },
  {
    "ID Number": "4702557",
    "Name": "Guri, Adrian",
    "Fed": "ALB",
    "Sex": "M",
    "Title": "",
    "WTit": "",
    "OTit": "",
    "FOA": "1766",
    "Rating": "AUG25",
    "Gms": "0",
    "K": "40",
    "B-day": "2007",
    "Flag": "i"
  },
  {
    "ID Number": "4704118",
    "Name": "Guri, Robert",
    "Fed": "ALB",
    "Sex": "M",
    "Title": "",
    "WTit": "",
    "OTit": "",
    "FOA": "1580",
    "Rating": "AUG25",
    "Gms": "0",
    "K": "20",
    "B-day": "1959",
    "Flag": "i"
  },
  {
    "ID Number": "4700996",
    "Name": "Guxho, Clirim",
    "Fed": "ALB",
    "Sex": "M",
    "Title": "",
    "WTit": "",
    "OTit": "",
    "FOA": "2092",
    "Rating": "AUG25",
    "Gms": "7",
    "K": "20",
    "B-day": "1969",
    "Flag": ""
  },
  {
    "ID Number": "4709713",
    "Name": "Haderi, Altin",
    "Fed": "ALB",
    "Sex": "M",
    "Title": "",
    "WTit": "",
    "OTit": "",
    "FOA": "1812",
    "Rating": "AUG25",
    "Gms": "0",
    "K": "40",
    "B-day": "1973",
    "Flag": "i"
  },
  {
    "ID Number": "4706811",
    "Name": "Hajdarmataj, Perparim",
    "Fed": "ALB",
    "Sex": "M",
    "Title": "",
    "WTit": "",
    "OTit": "",
    "FOA": "1933",
    "Rating": "AUG25",
    "Gms": "0",
    "K": "20",
    "B-day": "1971",
    "Flag": "i"
  },
  {
    "ID Number": "4707192",
    "Name": "Halili, Eduard",
    "Fed": "ALB",
    "Sex": "M",
    "Title": "",
    "WTit": "",
    "OTit": "",
    "FOA": "1710",
    "Rating": "AUG25",
    "Gms": "0",
    "K": "20",
    "B-day": "1973",
    "Flag": "i"
  },
  {
    "ID Number": "4707117",
    "Name": "Halili, Orjon",
    "Fed": "ALB",
    "Sex": "M",
    "Title": "",
    "WTit": "",
    "OTit": "",
    "FOA": "1423",
    "Rating": "AUG25",
    "Gms": "0",
    "K": "40",
    "B-day": "2013",
    "Flag": "i"
  },
  {
    "ID Number": "4705440",
    "Name": "Harusha, Erjon",
    "Fed": "ALB",
    "Sex": "M",
    "Title": "",
    "WTit": "",
    "OTit": "",
    "FOA": "1978",
    "Rating": "AUG25",
    "Gms": "0",
    "K": "20",
    "B-day": "1994",
    "Flag": "i"
  },
  {
    "ID Number": "4708326",
    "Name": "Hasani, Arlind",
    "Fed": "ALB",
    "Sex": "M",
    "Title": "",
    "WTit": "",
    "OTit": "",
    "FOA": "1755",
    "Rating": "AUG25",
    "Gms": "0",
    "K": "40",
    "B-day": "2007",
    "Flag": "i"
  },
  {
    "ID Number": "4707940",
    "Name": "Hasani, Armand",
    "Fed": "ALB",
    "Sex": "M",
    "Title": "",
    "WTit": "",
    "OTit": "",
    "FOA": "1668",
    "Rating": "AUG25",
    "Gms": "0",
    "K": "20",
    "B-day": "1977",
    "Flag": "i"
  },
  {
    "ID Number": "4709306",
    "Name": "Hasko, Iris",
    "Fed": "ALB",
    "Sex": "F",
    "Title": "",
    "WTit": "",
    "OTit": "",
    "FOA": "1453",
    "Rating": "AUG25",
    "Gms": "0",
    "K": "40",
    "B-day": "2011",
    "Flag": "w"
  },
  {
    "ID Number": "4711343",
    "Name": "Haxhi, Ervis",
    "Fed": "ALB",
    "Sex": "M",
    "Title": "",
    "WTit": "",
    "OTit": "",
    "FOA": "1550",
    "Rating": "AUG25",
    "Gms": "0",
    "K": "40",
    "B-day": "1998",
    "Flag": ""
  },
  {
    "ID Number": "4706196",
    "Name": "Haxhiu, Hektor",
    "Fed": "ALB",
    "Sex": "M",
    "Title": "",
    "WTit": "",
    "OTit": "",
    "FOA": "1569",
    "Rating": "AUG25",
    "Gms": "0",
    "K": "40",
    "B-day": "2011",
    "Flag": "i"
  },
  {
    "ID Number": "4701127",
    "Name": "Hazizi, Meti",
    "Fed": "ALB",
    "Sex": "M",
    "Title": "",
    "WTit": "SI",
    "OTit": "",
    "FOA": "1933",
    "Rating": "AUG25",
    "Gms": "0",
    "K": "20",
    "B-day": "1949",
    "Flag": "i"
  },
  {
    "ID Number": "4709950",
    "Name": "Hoda, Albes",
    "Fed": "ALB",
    "Sex": "M",
    "Title": "",
    "WTit": "",
    "OTit": "",
    "FOA": "1544",
    "Rating": "AUG25",
    "Gms": "0",
    "K": "40",
    "B-day": "2010",
    "Flag": "i"
  },
  {
    "ID Number": "4702255",
    "Name": "Hoxha, Agim",
    "Fed": "ALB",
    "Sex": "M",
    "Title": "",
    "WTit": "",
    "OTit": "",
    "FOA": "1875",
    "Rating": "AUG25",
    "Gms": "0",
    "K": "20",
    "B-day": "1960",
    "Flag": ""
  },
  {
    "ID Number": "4700210",
    "Name": "Hoxha, Altin",
    "Fed": "ALB",
    "Sex": "M",
    "Title": "",
    "WTit": "",
    "OTit": "",
    "FOA": "1950",
    "Rating": "AUG25",
    "Gms": "0",
    "K": "20",
    "B-day": "1973",
    "Flag": "i"
  },
  {
    "ID Number": "4701836",
    "Name": "Hoxha, Eduard",
    "Fed": "ALB",
    "Sex": "M",
    "Title": "",
    "WTit": "",
    "OTit": "",
    "FOA": "1752",
    "Rating": "AUG25",
    "Gms": "0",
    "K": "40",
    "B-day": "1954",
    "Flag": "i"
  },
  {
    "ID Number": "4707613",
    "Name": "Hoxha, Fiona",
    "Fed": "ALB",
    "Sex": "F",
    "Title": "",
    "WTit": "",
    "OTit": "",
    "FOA": "1553",
    "Rating": "AUG25",
    "Gms": "3",
    "K": "40",
    "B-day": "2013",
    "Flag": "w"
  },
  {
    "ID Number": "4707583",
    "Name": "Hoxha, Julian",
    "Fed": "ALB",
    "Sex": "M",
    "Title": "",
    "WTit": "",
    "OTit": "",
    "FOA": "1560",
    "Rating": "AUG25",
    "Gms": "0",
    "K": "40",
    "B-day": "2007",
    "Flag": "i"
  },
  {
    "ID Number": "4709888",
    "Name": "Hoxha, Ndricim",
    "Fed": "ALB",
    "Sex": "M",
    "Title": "",
    "WTit": "",
    "OTit": "",
    "FOA": "1505",
    "Rating": "AUG25",
    "Gms": "0",
    "K": "40",
    "B-day": "1978",
    "Flag": ""
  },
  {
    "ID Number": "4705360",
    "Name": "Hoxha, Ndriqim",
    "Fed": "ALB",
    "Sex": "M",
    "Title": "",
    "WTit": "",
    "OTit": "",
    "FOA": "1931",
    "Rating": "AUG25",
    "Gms": "0",
    "K": "20",
    "B-day": "1971",
    "Flag": "i"
  },
  {
    "ID Number": "4707478",
    "Name": "Hoxha, Zija",
    "Fed": "ALB",
    "Sex": "M",
    "Title": "",
    "WTit": "",
    "OTit": "",
    "FOA": "1654",
    "Rating": "AUG25",
    "Gms": "0",
    "K": "20",
    "B-day": "1950",
    "Flag": ""
  },
  {
    "ID Number": "4709705",
    "Name": "Hoxhaj, Luan",
    "Fed": "ALB",
    "Sex": "M",
    "Title": "",
    "WTit": "",
    "OTit": "",
    "FOA": "1730",
    "Rating": "AUG25",
    "Gms": "0",
    "K": "40",
    "B-day": "1969",
    "Flag": ""
  },
  {
    "ID Number": "4707982",
    "Name": "Hykaj, Dion",
    "Fed": "ALB",
    "Sex": "M",
    "Title": "",
    "WTit": "",
    "OTit": "",
    "FOA": "1497",
    "Rating": "AUG25",
    "Gms": "0",
    "K": "40",
    "B-day": "2015",
    "Flag": "i"
  },
  {
    "ID Number": "4713125",
    "Name": "Hyko, Angjelos",
    "Fed": "ALB",
    "Sex": "M",
    "Title": "",
    "WTit": "",
    "OTit": "",
    "FOA": "1768",
    "Rating": "AUG25",
    "Gms": "7",
    "K": "40",
    "B-day": "2004",
    "Flag": ""
  },
  {
    "ID Number": "4709616",
    "Name": "Hysaj, Nuri",
    "Fed": "ALB",
    "Sex": "M",
    "Title": "",
    "WTit": "",
    "OTit": "",
    "FOA": "1885",
    "Rating": "AUG25",
    "Gms": "0",
    "K": "20",
    "B-day": "1992",
    "Flag": ""
  },
  {
    "ID Number": "4709594",
    "Name": "Hysesani, Veli",
    "Fed": "ALB",
    "Sex": "M",
    "Title": "",
    "WTit": "",
    "OTit": "",
    "FOA": "1663",
    "Rating": "AUG25",
    "Gms": "0",
    "K": "20",
    "B-day": "1951",
    "Flag": "i"
  },
  {
    "ID Number": "4708342",
    "Name": "Isufi, Aron",
    "Fed": "ALB",
    "Sex": "M",
    "Title": "",
    "WTit": "",
    "OTit": "",
    "FOA": "1606",
    "Rating": "AUG25",
    "Gms": "4",
    "K": "40",
    "B-day": "2009",
    "Flag": ""
  },
  {
    "ID Number": "4702263",
    "Name": "Isufi, Elisa",
    "Fed": "ALB",
    "Sex": "F",
    "Title": "",
    "WTit": "",
    "OTit": "",
    "FOA": "1751",
    "Rating": "AUG25",
    "Gms": "0",
    "K": "40",
    "B-day": "2006",
    "Flag": "wi"
  },
  {
    "ID Number": "4707184",
    "Name": "Jaku, Gazmir",
    "Fed": "ALB",
    "Sex": "M",
    "Title": "",
    "WTit": "",
    "OTit": "",
    "FOA": "1773",
    "Rating": "AUG25",
    "Gms": "0",
    "K": "20",
    "B-day": "1985",
    "Flag": "i"
  },
  {
    "ID Number": "4712420",
    "Name": "Joanidhi, Klevis",
    "Fed": "ALB",
    "Sex": "M",
    "Title": "",
    "WTit": "",
    "OTit": "",
    "FOA": "1662",
    "Rating": "AUG25",
    "Gms": "4",
    "K": "40",
    "B-day": "1987",
    "Flag": ""
  },
  {
    "ID Number": "4713176",
    "Name": "Jolle, Reian",
    "Fed": "ALB",
    "Sex": "M",
    "Title": "",
    "WTit": "",
    "OTit": "",
    "FOA": "1496",
    "Rating": "AUG25",
    "Gms": "6",
    "K": "40",
    "B-day": "2014",
    "Flag": ""
  },
  {
    "ID Number": "4707664",
    "Name": "Jubani, Klov",
    "Fed": "ALB",
    "Sex": "M",
    "Title": "",
    "WTit": "NA",
    "OTit": "",
    "FOA": "1540",
    "Rating": "AUG25",
    "Gms": "0",
    "K": "20",
    "B-day": "1982",
    "Flag": "i"
  },
  {
    "ID Number": "4702271",
    "Name": "Kabo, Melsed",
    "Fed": "ALB",
    "Sex": "M",
    "Title": "",
    "WTit": "",
    "OTit": "",
    "FOA": "2030",
    "Rating": "AUG25",
    "Gms": "0",
    "K": "20",
    "B-day": "1982",
    "Flag": ""
  },
  {
    "ID Number": "4704819",
    "Name": "Kaci, Zamir",
    "Fed": "ALB",
    "Sex": "M",
    "Title": "",
    "WTit": "NA",
    "OTit": "",
    "FOA": "1995",
    "Rating": "AUG25",
    "Gms": "0",
    "K": "20",
    "B-day": "1989",
    "Flag": ""
  },
  {
    "ID Number": "4711513",
    "Name": "Kadillari, Kreshnik",
    "Fed": "ALB",
    "Sex": "M",
    "Title": "",
    "WTit": "",
    "OTit": "",
    "FOA": "1843",
    "Rating": "AUG25",
    "Gms": "0",
    "K": "40",
    "B-day": "1984",
    "Flag": ""
  },
  {
    "ID Number": "4701844",
    "Name": "Kaja, Estref",
    "Fed": "ALB",
    "Sex": "M",
    "Title": "",
    "WTit": "",
    "OTit": "",
    "FOA": "1859",
    "Rating": "AUG25",
    "Gms": "5",
    "K": "20",
    "B-day": "1965",
    "Flag": ""
  },
  {
    "ID Number": "4702379",
    "Name": "Kalemi, Besnik",
    "Fed": "ALB",
    "Sex": "M",
    "Title": "",
    "WTit": "",
    "OTit": "",
    "FOA": "1752",
    "Rating": "AUG25",
    "Gms": "0",
    "K": "20",
    "B-day": "1958",
    "Flag": "i"
  },
  {
    "ID Number": "4704991",
    "Name": "Kaleshi, Patrik",
    "Fed": "ALB",
    "Sex": "M",
    "Title": "",
    "WTit": "",
    "OTit": "",
    "FOA": "1504",
    "Rating": "AUG25",
    "Gms": "0",
    "K": "40",
    "B-day": "2009",
    "Flag": "i"
  },
  {
    "ID Number": "4703928",
    "Name": "Kallari, Emiljano",
    "Fed": "ALB",
    "Sex": "M",
    "Title": "",
    "WTit": "",
    "OTit": "",
    "FOA": "1987",
    "Rating": "AUG25",
    "Gms": "0",
    "K": "20",
    "B-day": "1993",
    "Flag": ""
  },
  {
    "ID Number": "4705130",
    "Name": "Kamberi, Rugeus",
    "Fed": "ALB",
    "Sex": "M",
    "Title": "",
    "WTit": "",
    "OTit": "",
    "FOA": "1732",
    "Rating": "AUG25",
    "Gms": "0",
    "K": "20",
    "B-day": "1991",
    "Flag": "i"
  },
  {
    "ID Number": "4709870",
    "Name": "Kanani, Kreshnik",
    "Fed": "ALB",
    "Sex": "M",
    "Title": "",
    "WTit": "",
    "OTit": "",
    "FOA": "1549",
    "Rating": "AUG25",
    "Gms": "0",
    "K": "40",
    "B-day": "1985",
    "Flag": ""
  },
  {
    "ID Number": "4709454",
    "Name": "Karaxhuku, Romarjo",
    "Fed": "ALB",
    "Sex": "M",
    "Title": "",
    "WTit": "",
    "OTit": "",
    "FOA": "1717",
    "Rating": "AUG25",
    "Gms": "0",
    "K": "20",
    "B-day": "1995",
    "Flag": ""
  },
  {
    "ID Number": "4704754",
    "Name": "Kasapi, Eskyrial",
    "Fed": "ALB",
    "Sex": "M",
    "Title": "",
    "WTit": "",
    "OTit": "",
    "FOA": "1794",
    "Rating": "AUG25",
    "Gms": "0",
    "K": "20",
    "B-day": "1974",
    "Flag": "i"
  },
  {
    "ID Number": "4703375",
    "Name": "Katana Vladimir",
    "Fed": "ALB",
    "Sex": "M",
    "Title": "",
    "WTit": "",
    "OTit": "",
    "FOA": "1922",
    "Rating": "AUG25",
    "Gms": "0",
    "K": "20",
    "B-day": "1961",
    "Flag": ""
  },
  {
    "ID Number": "4712579",
    "Name": "Kena, Matias",
    "Fed": "ALB",
    "Sex": "M",
    "Title": "",
    "WTit": "",
    "OTit": "",
    "FOA": "1526",
    "Rating": "AUG25",
    "Gms": "6",
    "K": "40",
    "B-day": "2015",
    "Flag": ""
  },
  {
    "ID Number": "4709772",
    "Name": "Keputa, Benardo",
    "Fed": "ALB",
    "Sex": "M",
    "Title": "",
    "WTit": "",
    "OTit": "",
    "FOA": "1693",
    "Rating": "AUG25",
    "Gms": "0",
    "K": "40",
    "B-day": "1998",
    "Flag": "i"
  },
  {
    "ID Number": "4705548",
    "Name": "Keputa, Mario",
    "Fed": "ALB",
    "Sex": "M",
    "Title": "",
    "WTit": "NA",
    "OTit": "",
    "FOA": "1878",
    "Rating": "AUG25",
    "Gms": "6",
    "K": "20",
    "B-day": "1995",
    "Flag": ""
  },
  {
    "ID Number": "4700783",
    "Name": "Kerciku, Suzana",
    "Fed": "ALB",
    "Sex": "F",
    "Title": "",
    "WTit": "FA",
    "OTit": "",
    "FOA": "1810",
    "Rating": "AUG25",
    "Gms": "0",
    "K": "20",
    "B-day": "1999",
    "Flag": "w"
  },
  {
    "ID Number": "4707745",
    "Name": "Kokomani, Geri",
    "Fed": "ALB",
    "Sex": "M",
    "Title": "",
    "WTit": "",
    "OTit": "",
    "FOA": "1916",
    "Rating": "AUG25",
    "Gms": "0",
    "K": "20",
    "B-day": "1992",
    "Flag": "i"
  },
  {
    "ID Number": "4705149",
    "Name": "Kola, Elvis",
    "Fed": "ALB",
    "Sex": "M",
    "Title": "",
    "WTit": "",
    "OTit": "",
    "FOA": "2084",
    "Rating": "AUG25",
    "Gms": "0",
    "K": "20",
    "B-day": "1984",
    "Flag": ""
  },
  {
    "ID Number": "4709802",
    "Name": "Kollcaku, Alvin",
    "Fed": "ALB",
    "Sex": "M",
    "Title": "",
    "WTit": "",
    "OTit": "",
    "FOA": "1687",
    "Rating": "AUG25",
    "Gms": "0",
    "K": "40",
    "B-day": "2003",
    "Flag": "i"
  },
  {
    "ID Number": "4703383",
    "Name": "Kolndreu, Albion",
    "Fed": "ALB",
    "Sex": "M",
    "Title": "",
    "WTit": "",
    "OTit": "",
    "FOA": "1806",
    "Rating": "AUG25",
    "Gms": "0",
    "K": "40",
    "B-day": "1983",
    "Flag": "i"
  },
  {
    "ID Number": "4705378",
    "Name": "Konesha, Rruzhdi",
    "Fed": "ALB",
    "Sex": "M",
    "Title": "",
    "WTit": "",
    "OTit": "",
    "FOA": "1783",
    "Rating": "AUG25",
    "Gms": "0",
    "K": "20",
    "B-day": "1964",
    "Flag": ""
  },
  {
    "ID Number": "4704452",
    "Name": "Konomi, Gloria",
    "Fed": "ALB",
    "Sex": "F",
    "Title": "",
    "WTit": "",
    "OTit": "",
    "FOA": "1414",
    "Rating": "AUG25",
    "Gms": "0",
    "K": "40",
    "B-day": "2009",
    "Flag": "wi"
  },
  {
    "ID Number": "4703855",
    "Name": "Kosta, Kelvin",
    "Fed": "ALB",
    "Sex": "M",
    "Title": "",
    "WTit": "",
    "OTit": "",
    "FOA": "2106",
    "Rating": "AUG25",
    "Gms": "0",
    "K": "40",
    "B-day": "2007",
    "Flag": ""
  },
  {
    "ID Number": "4702778",
    "Name": "Kote, Aleks",
    "Fed": "ALB",
    "Sex": "M",
    "Title": "",
    "WTit": "",
    "OTit": "",
    "FOA": "AFM",
    "Rating": "AUG25",
    "Gms": "1884",
    "K": "0",
    "B-day": "2009",
    "Flag": "i"
  },
  {
    "ID Number": "4704827",
    "Name": "Kotorri, Ermir",
    "Fed": "ALB",
    "Sex": "M",
    "Title": "",
    "WTit": "",
    "OTit": "",
    "FOA": "1731",
    "Rating": "AUG25",
    "Gms": "0",
    "K": "40",
    "B-day": "1988",
    "Flag": ""
  },
  {
    "ID Number": "4709837",
    "Name": "Koxhjoni, Zaharia",
    "Fed": "ALB",
    "Sex": "M",
    "Title": "",
    "WTit": "",
    "OTit": "",
    "FOA": "1445",
    "Rating": "AUG25",
    "Gms": "0",
    "K": "40",
    "B-day": "2012",
    "Flag": ""
  },
  {
    "ID Number": "4708539",
    "Name": "Krasniqi, Avni",
    "Fed": "ALB",
    "Sex": "M",
    "Title": "",
    "WTit": "",
    "OTit": "",
    "FOA": "1955",
    "Rating": "AUG25",
    "Gms": "0",
    "K": "20",
    "B-day": "1964",
    "Flag": "i"
  },
  {
    "ID Number": "4709721",
    "Name": "Kubati, Alen",
    "Fed": "ALB",
    "Sex": "M",
    "Title": "",
    "WTit": "",
    "OTit": "",
    "FOA": "1945",
    "Rating": "AUG25",
    "Gms": "0",
    "K": "20",
    "B-day": "1990",
    "Flag": ""
  },
  {
    "ID Number": "4706994",
    "Name": "Kumanaku, Kreshnik",
    "Fed": "ALB",
    "Sex": "M",
    "Title": "",
    "WTit": "",
    "OTit": "",
    "FOA": "1656",
    "Rating": "AUG25",
    "Gms": "0",
    "K": "20",
    "B-day": "1992",
    "Flag": "i"
  },
  {
    "ID Number": "4705483",
    "Name": "Kuqi, Blendi",
    "Fed": "ALB",
    "Sex": "M",
    "Title": "",
    "WTit": "",
    "OTit": "",
    "FOA": "1717",
    "Rating": "AUG25",
    "Gms": "0",
    "K": "20",
    "B-day": "1972",
    "Flag": ""
  },
  {
    "ID Number": "4703294",
    "Name": "Kurmekaj, Jetmir",
    "Fed": "ALB",
    "Sex": "M",
    "Title": "",
    "WTit": "NA",
    "OTit": "",
    "FOA": "1909",
    "Rating": "AUG25",
    "Gms": "0",
    "K": "20",
    "B-day": "1980",
    "Flag": "i"
  },
  {
    "ID Number": "4702786",
    "Name": "Kurtaga, Baftjar",
    "Fed": "ALB",
    "Sex": "M",
    "Title": "",
    "WTit": "",
    "OTit": "",
    "FOA": "1947",
    "Rating": "AUG25",
    "Gms": "0",
    "K": "20",
    "B-day": "1954",
    "Flag": "i"
  },
  {
    "ID Number": "4705556",
    "Name": "Kurti, Fabjol",
    "Fed": "ALB",
    "Sex": "M",
    "Title": "",
    "WTit": "",
    "OTit": "",
    "FOA": "1683",
    "Rating": "AUG25",
    "Gms": "0",
    "K": "20",
    "B-day": "1987",
    "Flag": "i"
  },
  {
    "ID Number": "4706170",
    "Name": "Lala, Hajri",
    "Fed": "ALB",
    "Sex": "M",
    "Title": "",
    "WTit": "",
    "OTit": "",
    "FOA": "1894",
    "Rating": "AUG25",
    "Gms": "6",
    "K": "20",
    "B-day": "1959",
    "Flag": ""
  },
  {
    "ID Number": "4707494",
    "Name": "Lapi, Pajtim",
    "Fed": "ALB",
    "Sex": "M",
    "Title": "",
    "WTit": "",
    "OTit": "",
    "FOA": "1636",
    "Rating": "AUG25",
    "Gms": "0",
    "K": "20",
    "B-day": "1975",
    "Flag": ""
  },
  {
    "ID Number": "4705416",
    "Name": "Lara, Hergi",
    "Fed": "ALB",
    "Sex": "M",
    "Title": "",
    "WTit": "",
    "OTit": "",
    "FOA": "1547",
    "Rating": "AUG25",
    "Gms": "0",
    "K": "40",
    "B-day": "2007",
    "Flag": "i"
  },
  {
    "ID Number": "4709640",
    "Name": "Lazimi, Erind",
    "Fed": "ALB",
    "Sex": "M",
    "Title": "",
    "WTit": "",
    "OTit": "",
    "FOA": "1777",
    "Rating": "AUG25",
    "Gms": "0",
    "K": "40",
    "B-day": "1995",
    "Flag": "i"
  },
  {
    "ID Number": "4703693",
    "Name": "Lecini, Emir",
    "Fed": "ALB",
    "Sex": "M",
    "Title": "",
    "WTit": "",
    "OTit": "",
    "FOA": "1664",
    "Rating": "AUG25",
    "Gms": "0",
    "K": "40",
    "B-day": "2004",
    "Flag": "i"
  },
  {
    "ID Number": "4702581",
    "Name": "Leka, Bernard",
    "Fed": "ALB",
    "Sex": "M",
    "Title": "",
    "WTit": "SI",
    "OTit": "",
    "FOA": "1898",
    "Rating": "AUG25",
    "Gms": "0",
    "K": "20",
    "B-day": "1951",
    "Flag": ""
  },
  {
    "ID Number": "4707222",
    "Name": "Leka, Krisel",
    "Fed": "ALB",
    "Sex": "M",
    "Title": "",
    "WTit": "",
    "OTit": "",
    "FOA": "1474",
    "Rating": "AUG25",
    "Gms": "0",
    "K": "40",
    "B-day": "2008",
    "Flag": "i"
  },
  {
    "ID Number": "4705254",
    "Name": "Lekaj, Rei",
    "Fed": "ALB",
    "Sex": "M",
    "Title": "",
    "WTit": "",
    "OTit": "",
    "FOA": "1497",
    "Rating": "AUG25",
    "Gms": "0",
    "K": "40",
    "B-day": "2010",
    "Flag": "i"
  },
  {
    "ID Number": "4710606",
    "Name": "Lekaj, Rejad",
    "Fed": "ALB",
    "Sex": "M",
    "Title": "",
    "WTit": "",
    "OTit": "",
    "FOA": "1721",
    "Rating": "AUG25",
    "Gms": "0",
    "K": "40",
    "B-day": "2010",
    "Flag": ""
  },
  {
    "ID Number": "4706056",
    "Name": "Lesaj, Frrok",
    "Fed": "ALB",
    "Sex": "M",
    "Title": "",
    "WTit": "",
    "OTit": "",
    "FOA": "1778",
    "Rating": "AUG25",
    "Gms": "0",
    "K": "20",
    "B-day": "1961",
    "Flag": ""
  },
  {
    "ID Number": "4710380",
    "Name": "Levani, Laurent",
    "Fed": "ALB",
    "Sex": "M",
    "Title": "",
    "WTit": "",
    "OTit": "",
    "FOA": "1666",
    "Rating": "AUG25",
    "Gms": "0",
    "K": "40",
    "B-day": "1988",
    "Flag": "i"
  },
  {
    "ID Number": "4708695",
    "Name": "Likaj, Mikail",
    "Fed": "ALB",
    "Sex": "M",
    "Title": "",
    "WTit": "",
    "OTit": "",
    "FOA": "1637",
    "Rating": "AUG25",
    "Gms": "0",
    "K": "40",
    "B-day": "2011",
    "Flag": ""
  },
  {
    "ID Number": "4705564",
    "Name": "Limaj, Besnik",
    "Fed": "ALB",
    "Sex": "M",
    "Title": "",
    "WTit": "",
    "OTit": "",
    "FOA": "1976",
    "Rating": "AUG25",
    "Gms": "0",
    "K": "20",
    "B-day": "1961",
    "Flag": "i"
  },
  {
    "ID Number": "4708920",
    "Name": "Lisha, Dion",
    "Fed": "ALB",
    "Sex": "M",
    "Title": "",
    "WTit": "",
    "OTit": "",
    "FOA": "1803",
    "Rating": "AUG25",
    "Gms": "4",
    "K": "40",
    "B-day": "2010",
    "Flag": ""
  },
  {
    "ID Number": "4707966",
    "Name": "Llapushi, Marjo",
    "Fed": "ALB",
    "Sex": "M",
    "Title": "",
    "WTit": "",
    "OTit": "",
    "FOA": "1731",
    "Rating": "AUG25",
    "Gms": "6",
    "K": "20",
    "B-day": "1967",
    "Flag": ""
  },
  {
    "ID Number": "4711424",
    "Name": "Logu, Albert",
    "Fed": "ALB",
    "Sex": "M",
    "Title": "",
    "WTit": "",
    "OTit": "",
    "FOA": "1664",
    "Rating": "AUG25",
    "Gms": "3",
    "K": "40",
    "B-day": "1995",
    "Flag": ""
  },
  {
    "ID Number": "4705688",
    "Name": "Lumi, Sali",
    "Fed": "ALB",
    "Sex": "M",
    "Title": "",
    "WTit": "",
    "OTit": "",
    "FOA": "1925",
    "Rating": "AUG25",
    "Gms": "0",
    "K": "20",
    "B-day": "1987",
    "Flag": "i"
  },
  {
    "ID Number": "4702824",
    "Name": "Lutfija, Klind",
    "Fed": "ALB",
    "Sex": "M",
    "Title": "",
    "WTit": "",
    "OTit": "",
    "FOA": "1728",
    "Rating": "AUG25",
    "Gms": "0",
    "K": "20",
    "B-day": "1987",
    "Flag": ""
  },
  {
    "ID Number": "4710002",
    "Name": "Maja, Dean",
    "Fed": "ALB",
    "Sex": "M",
    "Title": "",
    "WTit": "",
    "OTit": "",
    "FOA": "1770",
    "Rating": "AUG25",
    "Gms": "0",
    "K": "40",
    "B-day": "2004",
    "Flag": "i"
  },
  {
    "ID Number": "4709756",
    "Name": "Makishti, Florjan",
    "Fed": "ALB",
    "Sex": "M",
    "Title": "",
    "WTit": "",
    "OTit": "",
    "FOA": "1601",
    "Rating": "AUG25",
    "Gms": "0",
    "K": "40",
    "B-day": "1998",
    "Flag": "i"
  },
  {
    "ID Number": "4706552",
    "Name": "Mala, Desjan",
    "Fed": "ALB",
    "Sex": "M",
    "Title": "",
    "WTit": "",
    "OTit": "",
    "FOA": "1503",
    "Rating": "AUG25",
    "Gms": "0",
    "K": "40",
    "B-day": "2014",
    "Flag": "i"
  },
  {
    "ID Number": "4706889",
    "Name": "Malocaj, Ferdinand",
    "Fed": "ALB",
    "Sex": "M",
    "Title": "",
    "WTit": "",
    "OTit": "",
    "FOA": "1655",
    "Rating": "AUG25",
    "Gms": "3",
    "K": "20",
    "B-day": "1966",
    "Flag": ""
  },
  {
    "ID Number": "4703332",
    "Name": "Margjeka, Shkelqim",
    "Fed": "ALB",
    "Sex": "M",
    "Title": "",
    "WTit": "",
    "OTit": "",
    "FOA": "1863",
    "Rating": "AUG25",
    "Gms": "0",
    "K": "20",
    "B-day": "1967",
    "Flag": "i"
  },
  {
    "ID Number": "4710053",
    "Name": "Marku, Kristi",
    "Fed": "ALB",
    "Sex": "M",
    "Title": "",
    "WTit": "",
    "OTit": "",
    "FOA": "1432",
    "Rating": "AUG25",
    "Gms": "0",
    "K": "40",
    "B-day": "2010",
    "Flag": ""
  },
  {
    "ID Number": "4711220",
    "Name": "Marku, Mirjeta",
    "Fed": "ALB",
    "Sex": "F",
    "Title": "",
    "WTit": "",
    "OTit": "",
    "FOA": "1484",
    "Rating": "AUG25",
    "Gms": "0",
    "K": "40",
    "B-day": "1998",
    "Flag": "wi"
  },
  {
    "ID Number": "4703634",
    "Name": "Marku, Pashko",
    "Fed": "ALB",
    "Sex": "M",
    "Title": "",
    "WTit": "",
    "OTit": "",
    "FOA": "1857",
    "Rating": "AUG25",
    "Gms": "0",
    "K": "20",
    "B-day": "1958",
    "Flag": ""
  },
  {
    "ID Number": "4701879",
    "Name": "Masha, Rexhep",
    "Fed": "ALB",
    "Sex": "M",
    "Title": "",
    "WTit": "",
    "OTit": "",
    "FOA": "1918",
    "Rating": "AUG25",
    "Gms": "7",
    "K": "20",
    "B-day": "1966",
    "Flag": ""
  },
  {
    "ID Number": "4709020",
    "Name": "Meca, Arlind",
    "Fed": "ALB",
    "Sex": "M",
    "Title": "",
    "WTit": "",
    "OTit": "",
    "FOA": "1423",
    "Rating": "AUG25",
    "Gms": "0",
    "K": "40",
    "B-day": "2015",
    "Flag": "i"
  },
  {
    "ID Number": "4710410",
    "Name": "Meca, Ashanti",
    "Fed": "ALB",
    "Sex": "F",
    "Title": "",
    "WTit": "",
    "OTit": "",
    "FOA": "1604",
    "Rating": "AUG25",
    "Gms": "0",
    "K": "40",
    "B-day": "2018",
    "Flag": "wi"
  },
  {
    "ID Number": "4711211",
    "Name": "Mecaj, Natali",
    "Fed": "ALB",
    "Sex": "F",
    "Title": "",
    "WTit": "",
    "OTit": "",
    "FOA": "1441",
    "Rating": "AUG25",
    "Gms": "0",
    "K": "40",
    "B-day": "1999",
    "Flag": "wi"
  },
  {
    "ID Number": "4707753",
    "Name": "Meco, Astrit",
    "Fed": "ALB",
    "Sex": "M",
    "Title": "",
    "WTit": "",
    "OTit": "",
    "FOA": "1999",
    "Rating": "AUG25",
    "Gms": "0",
    "K": "20",
    "B-day": "1957",
    "Flag": "i"
  },
  {
    "ID Number": "4708172",
    "Name": "Medani, Alex",
    "Fed": "ALB",
    "Sex": "M",
    "Title": "",
    "WTit": "",
    "OTit": "",
    "FOA": "1449",
    "Rating": "AUG25",
    "Gms": "0",
    "K": "40",
    "B-day": "2012",
    "Flag": "i"
  },
  {
    "ID Number": "4711769",
    "Name": "Mehillaj, Henri",
    "Fed": "ALB",
    "Sex": "M",
    "Title": "",
    "WTit": "",
    "OTit": "",
    "FOA": "1816",
    "Rating": "AUG25",
    "Gms": "0",
    "K": "40",
    "B-day": "1991",
    "Flag": ""
  },
  {
    "ID Number": "4700600",
    "Name": "Mehmeti, Dritan",
    "Fed": "ALB",
    "Sex": "M",
    "Title": "IM",
    "WTit": "",
    "OTit": "",
    "FOA": "2346",
    "Rating": "AUG25",
    "Gms": "6",
    "K": "10",
    "B-day": "1978",
    "Flag": ""
  },
  {
    "ID Number": "4700244",
    "Name": "Mejdini, Murat",
    "Fed": "ALB",
    "Sex": "M",
    "Title": "",
    "WTit": "",
    "OTit": "",
    "FOA": "1968",
    "Rating": "AUG25",
    "Gms": "0",
    "K": "20",
    "B-day": "1958",
    "Flag": "i"
  },
  {
    "ID Number": "4713028",
    "Name": "Melani, Engjell",
    "Fed": "ALB",
    "Sex": "M",
    "Title": "",
    "WTit": "",
    "OTit": "",
    "FOA": "1525",
    "Rating": "AUG25",
    "Gms": "0",
    "K": "40",
    "B-day": "1981",
    "Flag": ""
  },
  {
    "ID Number": "4704649",
    "Name": "Meleqi, Kidas",
    "Fed": "ALB",
    "Sex": "M",
    "Title": "",
    "WTit": "",
    "OTit": "",
    "FOA": "1870",
    "Rating": "AUG25",
    "Gms": "0",
    "K": "20",
    "B-day": "2003",
    "Flag": ""
  },
  {
    "ID Number": "4709179",
    "Name": "Mene, Braian",
    "Fed": "ALB",
    "Sex": "M",
    "Title": "",
    "WTit": "",
    "OTit": "",
    "FOA": "1595",
    "Rating": "AUG25",
    "Gms": "0",
    "K": "40",
    "B-day": "2013",
    "Flag": ""
  },
  {
    "ID Number": "4707150",
    "Name": "Merkuri, Anastas",
    "Fed": "ALB",
    "Sex": "M",
    "Title": "",
    "WTit": "",
    "OTit": "",
    "FOA": "1734",
    "Rating": "AUG25",
    "Gms": "0",
    "K": "20",
    "B-day": "1968",
    "Flag": "i"
  },
  {
    "ID Number": "4708350",
    "Name": "Meshaj, Arjon",
    "Fed": "ALB",
    "Sex": "M",
    "Title": "",
    "WTit": "",
    "OTit": "",
    "FOA": "1779",
    "Rating": "AUG25",
    "Gms": "0",
    "K": "20",
    "B-day": "1997",
    "Flag": "i"
  },
  {
    "ID Number": "4700910",
    "Name": "Meta, Bimi",
    "Fed": "ALB",
    "Sex": "M",
    "Title": "",
    "WTit": "",
    "OTit": "",
    "FOA": "1925",
    "Rating": "AUG25",
    "Gms": "0",
    "K": "20",
    "B-day": "1965",
    "Flag": ""
  },
  {
    "ID Number": "4700902",
    "Name": "Mihasi, Erald",
    "Fed": "ALB",
    "Sex": "M",
    "Title": "",
    "WTit": "",
    "OTit": "",
    "FOA": "2002",
    "Rating": "AUG25",
    "Gms": "0",
    "K": "20",
    "B-day": "1992",
    "Flag": ""
  },
  {
    "ID Number": "4700252",
    "Name": "Mihasi, Lime",
    "Fed": "ALB",
    "Sex": "M",
    "Title": "",
    "WTit": "NA",
    "OTit": "",
    "FOA": "1990",
    "Rating": "AUG25",
    "Gms": "0",
    "K": "20",
    "B-day": "1967",
    "Flag": ""
  },
  {
    "ID Number": "4709853",
    "Name": "Molla, Klevis",
    "Fed": "ALB",
    "Sex": "M",
    "Title": "",
    "WTit": "",
    "OTit": "",
    "FOA": "1644",
    "Rating": "AUG25",
    "Gms": "0",
    "K": "40",
    "B-day": "1991",
    "Flag": "i"
  },
  {
    "ID Number": "4701372",
    "Name": "Molla, Prenge",
    "Fed": "ALB",
    "Sex": "M",
    "Title": "",
    "WTit": "",
    "OTit": "",
    "FOA": "1618",
    "Rating": "AUG25",
    "Gms": "0",
    "K": "20",
    "B-day": "1965",
    "Flag": "i"
  },
  {
    "ID Number": "4708288",
    "Name": "Mucmata, Imer",
    "Fed": "ALB",
    "Sex": "M",
    "Title": "",
    "WTit": "",
    "OTit": "",
    "FOA": "1756",
    "Rating": "AUG25",
    "Gms": "0",
    "K": "20",
    "B-day": "1962",
    "Flag": "i"
  },
  {
    "ID Number": "4702301",
    "Name": "Muhja, Safet",
    "Fed": "ALB",
    "Sex": "M",
    "Title": "",
    "WTit": "",
    "OTit": "",
    "FOA": "1768",
    "Rating": "AUG25",
    "Gms": "0",
    "K": "40",
    "B-day": "1987",
    "Flag": "i"
  },
  {
    "ID Number": "4711076",
    "Name": "Mullai, Asiel",
    "Fed": "ALB",
    "Sex": "M",
    "Title": "",
    "WTit": "",
    "OTit": "",
    "FOA": "1450",
    "Rating": "AUG25",
    "Gms": "0",
    "K": "40",
    "B-day": "2014",
    "Flag": "i"
  },
  {
    "ID Number": "4707060",
    "Name": "Mullaj, Ardian",
    "Fed": "ALB",
    "Sex": "M",
    "Title": "",
    "WTit": "",
    "OTit": "",
    "FOA": "1794",
    "Rating": "AUG25",
    "Gms": "0",
    "K": "20",
    "B-day": "1970",
    "Flag": "i"
  },
  {
    "ID Number": "4709470",
    "Name": "Musaj, Klodian",
    "Fed": "ALB",
    "Sex": "M",
    "Title": "",
    "WTit": "",
    "OTit": "",
    "FOA": "1669",
    "Rating": "AUG25",
    "Gms": "0",
    "K": "20",
    "B-day": "1982",
    "Flag": "i"
  },
  {
    "ID Number": "4705807",
    "Name": "Ndreko, Ailin",
    "Fed": "ALB",
    "Sex": "F",
    "Title": "WCM",
    "WTit": "WCM",
    "OTit": "",
    "FOA": "1663",
    "Rating": "AUG25",
    "Gms": "0",
    "K": "40",
    "B-day": "2012",
    "Flag": "w"
  },
  {
    "ID Number": "4700589",
    "Name": "Ndreu, Donald",
    "Fed": "ALB",
    "Sex": "M",
    "Title": "",
    "WTit": "",
    "OTit": "",
    "FOA": "1989",
    "Rating": "AUG25",
    "Gms": "0",
    "K": "40",
    "B-day": "1998",
    "Flag": ""
  },
  {
    "ID Number": "4712161",
    "Name": "Ndreu, Glauk",
    "Fed": "ALB",
    "Sex": "M",
    "Title": "",
    "WTit": "",
    "OTit": "",
    "FOA": "1434",
    "Rating": "AUG25",
    "Gms": "5",
    "K": "40",
    "B-day": "2015",
    "Flag": ""
  },
  {
    "ID Number": "4709535",
    "Name": "Ndrevataj, Edi",
    "Fed": "ALB",
    "Sex": "M",
    "Title": "",
    "WTit": "",
    "OTit": "",
    "FOA": "1696",
    "Rating": "AUG25",
    "Gms": "0",
    "K": "20",
    "B-day": "1998",
    "Flag": "i"
  },
  {
    "ID Number": "4710509",
    "Name": "Nebiaj, Erjon",
    "Fed": "ALB",
    "Sex": "M",
    "Title": "",
    "WTit": "",
    "OTit": "",
    "FOA": "1540",
    "Rating": "AUG25",
    "Gms": "0",
    "K": "40",
    "B-day": "1991",
    "Flag": "i"
  },
  {
    "ID Number": "4709691",
    "Name": "Nebiaj, Nertil",
    "Fed": "ALB",
    "Sex": "M",
    "Title": "",
    "WTit": "",
    "OTit": "",
    "FOA": "1770",
    "Rating": "AUG25",
    "Gms": "0",
    "K": "40",
    "B-day": "1987",
    "Flag": "i"
  },
  {
    "ID Number": "4711203",
    "Name": "Nela, Abdulhakim",
    "Fed": "ALB",
    "Sex": "M",
    "Title": "",
    "WTit": "",
    "OTit": "",
    "FOA": "1707",
    "Rating": "AUG25",
    "Gms": "0",
    "K": "40",
    "B-day": "2004",
    "Flag": "i"
  },
  {
    "ID Number": "4709608",
    "Name": "Nexha, Bektash",
    "Fed": "ALB",
    "Sex": "M",
    "Title": "",
    "WTit": "",
    "OTit": "",
    "FOA": "1720",
    "Rating": "AUG25",
    "Gms": "0",
    "K": "20",
    "B-day": "1968",
    "Flag": "i"
  },
  {
    "ID Number": "4706510",
    "Name": "Nezaj, Sadi",
    "Fed": "ALB",
    "Sex": "M",
    "Title": "",
    "WTit": "",
    "OTit": "",
    "FOA": "1905",
    "Rating": "AUG25",
    "Gms": "0",
    "K": "20",
    "B-day": "1968",
    "Flag": "i"
  },
  {
    "ID Number": "4707737",
    "Name": "Nikci, Dritan",
    "Fed": "ALB",
    "Sex": "M",
    "Title": "",
    "WTit": "",
    "OTit": "",
    "FOA": "1800",
    "Rating": "AUG25",
    "Gms": "0",
    "K": "20",
    "B-day": "1974",
    "Flag": "i"
  },
  {
    "ID Number": "4712951",
    "Name": "Nikolli, Kristjan",
    "Fed": "ALB",
    "Sex": "M",
    "Title": "",
    "WTit": "",
    "OTit": "",
    "FOA": "1761",
    "Rating": "AUG25",
    "Gms": "0",
    "K": "40",
    "B-day": "1993",
    "Flag": ""
  },
  {
    "ID Number": "4701461",
    "Name": "Noka, Gezim",
    "Fed": "ALB",
    "Sex": "M",
    "Title": "",
    "WTit": "",
    "OTit": "",
    "FOA": "2182",
    "Rating": "AUG25",
    "Gms": "0",
    "K": "20",
    "B-day": "1985",
    "Flag": "i"
  },
  {
    "ID Number": "4707133",
    "Name": "Nuha, Adrian",
    "Fed": "ALB",
    "Sex": "M",
    "Title": "",
    "WTit": "",
    "OTit": "",
    "FOA": "1918",
    "Rating": "AUG25",
    "Gms": "0",
    "K": "40",
    "B-day": "1957",
    "Flag": "i"
  },
  {
    "ID Number": "4707591",
    "Name": "Nurka, Ajki",
    "Fed": "ALB",
    "Sex": "M",
    "Title": "",
    "WTit": "",
    "OTit": "",
    "FOA": "1531",
    "Rating": "AUG25",
    "Gms": "5",
    "K": "40",
    "B-day": "2013",
    "Flag": ""
  },
  {
    "ID Number": "4703804",
    "Name": "Omeri, Eklea",
    "Fed": "ALB",
    "Sex": "F",
    "Title": "WCM",
    "WTit": "WCM",
    "OTit": "",
    "FOA": "1984",
    "Rating": "AUG25",
    "Gms": "0",
    "K": "40",
    "B-day": "2008",
    "Flag": "w"
  },
  {
    "ID Number": "4703790",
    "Name": "Omeri, Korado",
    "Fed": "ALB",
    "Sex": "M",
    "Title": "",
    "WTit": "NA",
    "OTit": "",
    "FOA": "1796",
    "Rating": "AUG25",
    "Gms": "0",
    "K": "20",
    "B-day": "1998",
    "Flag": ""
  },
  {
    "ID Number": "4702026",
    "Name": "Osmani, Adlir",
    "Fed": "ALB",
    "Sex": "M",
    "Title": "",
    "WTit": "",
    "OTit": "",
    "FOA": "1866",
    "Rating": "AUG25",
    "Gms": "6",
    "K": "20",
    "B-day": "0",
    "Flag": ""
  },
  {
    "ID Number": "4706838",
    "Name": "Padeshi, Astrit",
    "Fed": "ALB",
    "Sex": "M",
    "Title": "",
    "WTit": "",
    "OTit": "",
    "FOA": "1796",
    "Rating": "AUG25",
    "Gms": "0",
    "K": "20",
    "B-day": "1972",
    "Flag": "i"
  },
  {
    "ID Number": "4707761",
    "Name": "Paja, Valdete",
    "Fed": "ALB",
    "Sex": "F",
    "Title": "",
    "WTit": "",
    "OTit": "",
    "FOA": "1548",
    "Rating": "AUG25",
    "Gms": "0",
    "K": "20",
    "B-day": "1970",
    "Flag": "wi"
  },
  {
    "ID Number": "4702000",
    "Name": "Paloka, David",
    "Fed": "ALB",
    "Sex": "M",
    "Title": "",
    "WTit": "",
    "OTit": "",
    "FOA": "1794",
    "Rating": "AUG25",
    "Gms": "0",
    "K": "20",
    "B-day": "1989",
    "Flag": "i"
  },
  {
    "ID Number": "4701178",
    "Name": "Pasko, Llambi",
    "Fed": "ALB",
    "Sex": "M",
    "Title": "IM",
    "WTit": "SI",
    "OTit": "",
    "FOA": "2374",
    "Rating": "AUG25",
    "Gms": "7",
    "K": "10",
    "B-day": "1991",
    "Flag": ""
  },
  {
    "ID Number": "4700708",
    "Name": "Pasku, Roela",
    "Fed": "ALB",
    "Sex": "F",
    "Title": "WFM",
    "WTit": "WFM",
    "OTit": "",
    "FOA": "1903",
    "Rating": "AUG25",
    "Gms": "0",
    "K": "20",
    "B-day": "1990",
    "Flag": "wi"
  },
  {
    "ID Number": "4700880",
    "Name": "Pasku, Sotir",
    "Fed": "ALB",
    "Sex": "M",
    "Title": "",
    "WTit": "",
    "OTit": "",
    "FOA": "2061",
    "Rating": "AUG25",
    "Gms": "7",
    "K": "20",
    "B-day": "1955",
    "Flag": ""
  },
  {
    "ID Number": "4706641",
    "Name": "Pepa, Gjergj",
    "Fed": "ALB",
    "Sex": "M",
    "Title": "",
    "WTit": "",
    "OTit": "",
    "FOA": "1855",
    "Rating": "AUG25",
    "Gms": "0",
    "K": "20",
    "B-day": "1966",
    "Flag": ""
  },
  {
    "ID Number": "4708520",
    "Name": "Petku, Fadil",
    "Fed": "ALB",
    "Sex": "M",
    "Title": "",
    "WTit": "",
    "OTit": "",
    "FOA": "1756",
    "Rating": "AUG25",
    "Gms": "0",
    "K": "20",
    "B-day": "1972",
    "Flag": "i"
  },
  {
    "ID Number": "4700619",
    "Name": "Petritaj, Ferdinando",
    "Fed": "ALB",
    "Sex": "M",
    "Title": "",
    "WTit": "",
    "OTit": "",
    "FOA": "2144",
    "Rating": "AUG25",
    "Gms": "0",
    "K": "20",
    "B-day": "1963",
    "Flag": ""
  },
  {
    "ID Number": "4701704",
    "Name": "Petritaj, Fotjon",
    "Fed": "ALB",
    "Sex": "M",
    "Title": "",
    "WTit": "",
    "OTit": "",
    "FOA": "2279",
    "Rating": "AUG25",
    "Gms": "0",
    "K": "20",
    "B-day": "1982",
    "Flag": ""
  },
  {
    "ID Number": "4701895",
    "Name": "Petro, Nertil",
    "Fed": "ALB",
    "Sex": "M",
    "Title": "",
    "WTit": "",
    "OTit": "",
    "FOA": "1921",
    "Rating": "AUG25",
    "Gms": "6",
    "K": "20",
    "B-day": "1987",
    "Flag": ""
  },
  {
    "ID Number": "4711254",
    "Name": "Pirra, Endrit",
    "Fed": "ALB",
    "Sex": "M",
    "Title": "",
    "WTit": "",
    "OTit": "",
    "FOA": "1407",
    "Rating": "AUG25",
    "Gms": "0",
    "K": "40",
    "B-day": "2007",
    "Flag": "i"
  },
  {
    "ID Number": "4711246",
    "Name": "Pitomina, Eldi",
    "Fed": "ALB",
    "Sex": "M",
    "Title": "",
    "WTit": "",
    "OTit": "",
    "FOA": "1485",
    "Rating": "AUG25",
    "Gms": "0",
    "K": "40",
    "B-day": "2007",
    "Flag": "i"
  },
  {
    "ID Number": "4711556",
    "Name": "Plaku, Arber",
    "Fed": "ALB",
    "Sex": "M",
    "Title": "",
    "WTit": "",
    "OTit": "",
    "FOA": "1594",
    "Rating": "AUG25",
    "Gms": "6",
    "K": "40",
    "B-day": "2002",
    "Flag": ""
  },
  {
    "ID Number": "4710452",
    "Name": "Polo, Krist",
    "Fed": "ALB",
    "Sex": "M",
    "Title": "",
    "WTit": "",
    "OTit": "",
    "FOA": "1704",
    "Rating": "AUG25",
    "Gms": "4",
    "K": "40",
    "B-day": "1995",
    "Flag": ""
  },
  {
    "ID Number": "4707346",
    "Name": "Ponari, Cel",
    "Fed": "ALB",
    "Sex": "M",
    "Title": "",
    "WTit": "",
    "OTit": "",
    "FOA": "1660",
    "Rating": "AUG25",
    "Gms": "0",
    "K": "20",
    "B-day": "1965",
    "Flag": ""
  },
  {
    "ID Number": "4703588",
    "Name": "Prenga, Elson",
    "Fed": "ALB",
    "Sex": "M",
    "Title": "",
    "WTit": "",
    "OTit": "",
    "FOA": "1798",
    "Rating": "AUG25",
    "Gms": "0",
    "K": "20",
    "B-day": "1978",
    "Flag": ""
  },
  {
    "ID Number": "4704231",
    "Name": "Protoduari, Adri",
    "Fed": "ALB",
    "Sex": "M",
    "Title": "",
    "WTit": "",
    "OTit": "",
    "FOA": "1414",
    "Rating": "AUG25",
    "Gms": "0",
    "K": "40",
    "B-day": "2008",
    "Flag": ""
  },
  {
    "ID Number": "4702832",
    "Name": "Protoduari, Ledion",
    "Fed": "ALB",
    "Sex": "M",
    "Title": "",
    "WTit": "",
    "OTit": "",
    "FOA": "1453",
    "Rating": "AUG25",
    "Gms": "0",
    "K": "40",
    "B-day": "2010",
    "Flag": ""
  },
  {
    "ID Number": "4713117",
    "Name": "Puci, Erjon",
    "Fed": "ALB",
    "Sex": "M",
    "Title": "",
    "WTit": "",
    "OTit": "",
    "FOA": "1613",
    "Rating": "AUG25",
    "Gms": "6",
    "K": "40",
    "B-day": "1988",
    "Flag": ""
  },
  {
    "ID Number": "4708814",
    "Name": "Puka, Behar",
    "Fed": "ALB",
    "Sex": "M",
    "Title": "",
    "WTit": "",
    "OTit": "",
    "FOA": "1646",
    "Rating": "AUG25",
    "Gms": "0",
    "K": "20",
    "B-day": "1967",
    "Flag": "i"
  },
  {
    "ID Number": "4700287",
    "Name": "Pustina, Adrian",
    "Fed": "ALB",
    "Sex": "M",
    "Title": "",
    "WTit": "",
    "OTit": "",
    "FOA": "1997",
    "Rating": "AUG25",
    "Gms": "0",
    "K": "20",
    "B-day": "1963",
    "Flag": "i"
  },
  {
    "ID Number": "4704371",
    "Name": "Qerimi, Aron",
    "Fed": "ALB",
    "Sex": "M",
    "Title": "",
    "WTit": "",
    "OTit": "",
    "FOA": "1593",
    "Rating": "AUG25",
    "Gms": "5",
    "K": "40",
    "B-day": "2008",
    "Flag": ""
  },
  {
    "ID Number": "4709799",
    "Name": "Rakipllari, Ermal",
    "Fed": "ALB",
    "Sex": "M",
    "Title": "",
    "WTit": "",
    "OTit": "",
    "FOA": "1615",
    "Rating": "AUG25",
    "Gms": "0",
    "K": "40",
    "B-day": "1994",
    "Flag": "i"
  },
  {
    "ID Number": "4700171",
    "Name": "Rama, Lorenc",
    "Fed": "ALB",
    "Sex": "M",
    "Title": "FM",
    "WTit": "SI",
    "OTit": "",
    "FOA": "2054",
    "Rating": "AUG25",
    "Gms": "1",
    "K": "20",
    "B-day": "1964",
    "Flag": ""
  },
  {
    "ID Number": "4705262",
    "Name": "Ramaj, Dea",
    "Fed": "ALB",
    "Sex": "F",
    "Title": "",
    "WTit": "",
    "OTit": "",
    "FOA": "1596",
    "Rating": "AUG25",
    "Gms": "5",
    "K": "40",
    "B-day": "2010",
    "Flag": "w"
  },
  {
    "ID Number": "4703669",
    "Name": "Ramaj, Ergit",
    "Fed": "ALB",
    "Sex": "M",
    "Title": "",
    "WTit": "",
    "OTit": "",
    "FOA": "2237",
    "Rating": "AUG25",
    "Gms": "9",
    "K": "20",
    "B-day": "2008",
    "Flag": ""
  },
  {
    "ID Number": "4706340",
    "Name": "Ramaj, Perparim",
    "Fed": "ALB",
    "Sex": "M",
    "Title": "",
    "WTit": "",
    "OTit": "",
    "FOA": "1867",
    "Rating": "AUG25",
    "Gms": "0",
    "K": "20",
    "B-day": "1955",
    "Flag": "i"
  },
  {
    "ID Number": "4710290",
    "Name": "Rushani, Erkes",
    "Fed": "ALB",
    "Sex": "M",
    "Title": "",
    "WTit": "",
    "OTit": "",
    "FOA": "1552",
    "Rating": "AUG25",
    "Gms": "7",
    "K": "40",
    "B-day": "2014",
    "Flag": ""
  },
  {
    "ID Number": "4700848",
    "Name": "Saliasi, Aurel",
    "Fed": "ALB",
    "Sex": "M",
    "Title": "",
    "WTit": "",
    "OTit": "",
    "FOA": "1932",
    "Rating": "AUG25",
    "Gms": "0",
    "K": "20",
    "B-day": "0",
    "Flag": "i"
  },
  {
    "ID Number": "4701410",
    "Name": "Salihaj, Ferit",
    "Fed": "ALB",
    "Sex": "M",
    "Title": "",
    "WTit": "",
    "OTit": "",
    "FOA": "1806",
    "Rating": "AUG25",
    "Gms": "0",
    "K": "20",
    "B-day": "1962",
    "Flag": "i"
  },
  {
    "ID Number": "4703499",
    "Name": "Salihaj, Lambjon",
    "Fed": "ALB",
    "Sex": "M",
    "Title": "",
    "WTit": "NA",
    "OTit": "",
    "FOA": "1876",
    "Rating": "AUG25",
    "Gms": "0",
    "K": "20",
    "B-day": "2001",
    "Flag": "i"
  },
  {
    "ID Number": "4707915",
    "Name": "Samarxhiu, Petrit",
    "Fed": "ALB",
    "Sex": "M",
    "Title": "",
    "WTit": "",
    "OTit": "",
    "FOA": "1793",
    "Rating": "AUG25",
    "Gms": "0",
    "K": "20",
    "B-day": "1995",
    "Flag": "i"
  },
  {
    "ID Number": "4706536",
    "Name": "Sefa, Lejdon",
    "Fed": "ALB",
    "Sex": "M",
    "Title": "",
    "WTit": "",
    "OTit": "",
    "FOA": "1650",
    "Rating": "AUG25",
    "Gms": "0",
    "K": "20",
    "B-day": "1991",
    "Flag": "i"
  },
  {
    "ID Number": "4700031",
    "Name": "Seitaj, Ilir",
    "Fed": "ALB",
    "Sex": "M",
    "Title": "IM",
    "WTit": "",
    "OTit": "",
    "FOA": "2259",
    "Rating": "AUG25",
    "Gms": "7",
    "K": "20",
    "B-day": "1957",
    "Flag": ""
  },
  {
    "ID Number": "4701569",
    "Name": "Sejdiaj, Idajet",
    "Fed": "ALB",
    "Sex": "M",
    "Title": "",
    "WTit": "",
    "OTit": "",
    "FOA": "1687",
    "Rating": "AUG25",
    "Gms": "0",
    "K": "20",
    "B-day": "1948",
    "Flag": "i"
  },
  {
    "ID Number": "4704568",
    "Name": "Senjo, Dionis",
    "Fed": "ALB",
    "Sex": "M",
    "Title": "",
    "WTit": "",
    "OTit": "",
    "FOA": "1505",
    "Rating": "AUG25",
    "Gms": "0",
    "K": "40",
    "B-day": "2011",
    "Flag": "i"
  },
  {
    "ID Number": "4707176",
    "Name": "Senjo, Sotiraq",
    "Fed": "ALB",
    "Sex": "M",
    "Title": "",
    "WTit": "",
    "OTit": "",
    "FOA": "1638",
    "Rating": "AUG25",
    "Gms": "0",
    "K": "20",
    "B-day": "1981",
    "Flag": "i"
  },
  {
    "ID Number": "4709845",
    "Name": "Serani, Enea",
    "Fed": "ALB",
    "Sex": "M",
    "Title": "",
    "WTit": "",
    "OTit": "",
    "FOA": "1674",
    "Rating": "AUG25",
    "Gms": "0",
    "K": "40",
    "B-day": "1994",
    "Flag": "i"
  },
  {
    "ID Number": "4700562",
    "Name": "Shabanaj, Eglantina",
    "Fed": "ALB",
    "Sex": "F",
    "Title": "WCM",
    "WTit": "WCM",
    "OTit": "",
    "FOA": "1990",
    "Rating": "AUG25",
    "Gms": "5",
    "K": "20",
    "B-day": "1979",
    "Flag": "w"
  },
  {
    "ID Number": "4701348",
    "Name": "Shabanaj, Lefter",
    "Fed": "ALB",
    "Sex": "M",
    "Title": "",
    "WTit": "",
    "OTit": "",
    "FOA": "1719",
    "Rating": "AUG25",
    "Gms": "0",
    "K": "20",
    "B-day": "1945",
    "Flag": "i"
  },
  {
    "ID Number": "4701224",
    "Name": "Shabanaj, Saimir",
    "Fed": "ALB",
    "Sex": "M",
    "Title": "",
    "WTit": "",
    "OTit": "",
    "FOA": "2097",
    "Rating": "AUG25",
    "Gms": "0",
    "K": "20",
    "B-day": "1986",
    "Flag": "i"
  },
  {
    "ID Number": "4706935",
    "Name": "Shahu, Dejon",
    "Fed": "ALB",
    "Sex": "M",
    "Title": "",
    "WTit": "",
    "OTit": "",
    "FOA": "1468",
    "Rating": "AUG25",
    "Gms": "2",
    "K": "40",
    "B-day": "2013",
    "Flag": ""
  },
  {
    "ID Number": "4710029",
    "Name": "Shahu, Desar",
    "Fed": "ALB",
    "Sex": "M",
    "Title": "",
    "WTit": "",
    "OTit": "",
    "FOA": "1770",
    "Rating": "AUG25",
    "Gms": "0",
    "K": "40",
    "B-day": "1982",
    "Flag": "i"
  },
  {
    "ID Number": "303043162",
    "Name": "Shametaj, Gerti",
    "Fed": "ALB",
    "Sex": "M",
    "Title": "",
    "WTit": "",
    "OTit": "",
    "FOA": "AIM",
    "Rating": "AUG25",
    "Gms": "1803",
    "K": "7",
    "B-day": "1979",
    "Flag": ""
  },
  {
    "ID Number": "4708890",
    "Name": "Shehu, Arlind",
    "Fed": "ALB",
    "Sex": "M",
    "Title": "",
    "WTit": "",
    "OTit": "",
    "FOA": "1495",
    "Rating": "AUG25",
    "Gms": "0",
    "K": "40",
    "B-day": "2008",
    "Flag": ""
  },
  {
    "ID Number": "4709748",
    "Name": "Shehu, Ersi",
    "Fed": "ALB",
    "Sex": "M",
    "Title": "",
    "WTit": "",
    "OTit": "",
    "FOA": "1678",
    "Rating": "AUG25",
    "Gms": "0",
    "K": "40",
    "B-day": "2007",
    "Flag": ""
  },
  {
    "ID Number": "4709985",
    "Name": "Shehu, Ramadan",
    "Fed": "ALB",
    "Sex": "M",
    "Title": "",
    "WTit": "",
    "OTit": "",
    "FOA": "1746",
    "Rating": "AUG25",
    "Gms": "0",
    "K": "40",
    "B-day": "1976",
    "Flag": ""
  },
  {
    "ID Number": "4705874",
    "Name": "Sherollari, Semion",
    "Fed": "ALB",
    "Sex": "M",
    "Title": "",
    "WTit": "",
    "OTit": "",
    "FOA": "1594",
    "Rating": "AUG25",
    "Gms": "0",
    "K": "40",
    "B-day": "2008",
    "Flag": ""
  },
  {
    "ID Number": "4702034",
    "Name": "Shkurta, Xhulio",
    "Fed": "ALB",
    "Sex": "M",
    "Title": "",
    "WTit": "",
    "OTit": "",
    "FOA": "1971",
    "Rating": "AUG25",
    "Gms": "0",
    "K": "20",
    "B-day": "1998",
    "Flag": "i"
  },
  {
    "ID Number": "4708075",
    "Name": "Shollaj, Thanasi",
    "Fed": "ALB",
    "Sex": "M",
    "Title": "",
    "WTit": "",
    "OTit": "",
    "FOA": "1587",
    "Rating": "AUG25",
    "Gms": "0",
    "K": "40",
    "B-day": "2007",
    "Flag": "i"
  },
  {
    "ID Number": "4701399",
    "Name": "Shpati, Ted",
    "Fed": "ALB",
    "Sex": "M",
    "Title": "",
    "WTit": "",
    "OTit": "",
    "FOA": "2009",
    "Rating": "AUG25",
    "Gms": "0",
    "K": "20",
    "B-day": "1999",
    "Flag": "i"
  },
  {
    "ID Number": "4709560",
    "Name": "Shtembari, Jurgen",
    "Fed": "ALB",
    "Sex": "M",
    "Title": "",
    "WTit": "",
    "OTit": "",
    "FOA": "1504",
    "Rating": "AUG25",
    "Gms": "0",
    "K": "40",
    "B-day": "1996",
    "Flag": "i"
  },
  {
    "ID Number": "4709683",
    "Name": "Shtiza, Brendon",
    "Fed": "ALB",
    "Sex": "M",
    "Title": "",
    "WTit": "",
    "OTit": "",
    "FOA": "1753",
    "Rating": "AUG25",
    "Gms": "6",
    "K": "40",
    "B-day": "2009",
    "Flag": ""
  },
  {
    "ID Number": "4710070",
    "Name": "Shtiza, Diamant",
    "Fed": "ALB",
    "Sex": "M",
    "Title": "",
    "WTit": "",
    "OTit": "",
    "FOA": "1676",
    "Rating": "AUG25",
    "Gms": "0",
    "K": "20",
    "B-day": "1971",
    "Flag": ""
  },
  {
    "ID Number": "4710088",
    "Name": "Shtiza, Ted",
    "Fed": "ALB",
    "Sex": "M",
    "Title": "",
    "WTit": "",
    "OTit": "",
    "FOA": "1534",
    "Rating": "AUG25",
    "Gms": "4",
    "K": "40",
    "B-day": "2012",
    "Flag": ""
  },
  {
    "ID Number": "4701585",
    "Name": "Shuqja, Klean",
    "Fed": "ALB",
    "Sex": "F",
    "Title": "WFM",
    "WTit": "WFM",
    "OTit": "",
    "FOA": "1946",
    "Rating": "AUG25",
    "Gms": "0",
    "K": "20",
    "B-day": "2006",
    "Flag": "w"
  },
  {
    "ID Number": "4708091",
    "Name": "Shyti, Boris",
    "Fed": "ALB",
    "Sex": "M",
    "Title": "",
    "WTit": "",
    "OTit": "",
    "FOA": "1819",
    "Rating": "AUG25",
    "Gms": "0",
    "K": "20",
    "B-day": "2006",
    "Flag": "i"
  },
  {
    "ID Number": "4706137",
    "Name": "Simoni, Vincens",
    "Fed": "ALB",
    "Sex": "M",
    "Title": "",
    "WTit": "",
    "OTit": "",
    "FOA": "1872",
    "Rating": "AUG25",
    "Gms": "0",
    "K": "20",
    "B-day": "1990",
    "Flag": "i"
  },
  {
    "ID Number": "4703596",
    "Name": "Sinanaj, Ennio",
    "Fed": "ALB",
    "Sex": "M",
    "Title": "",
    "WTit": "NA",
    "OTit": "",
    "FOA": "1833",
    "Rating": "AUG25",
    "Gms": "5",
    "K": "20",
    "B-day": "1996",
    "Flag": ""
  },
  {
    "ID Number": "4708830",
    "Name": "Smakaj, Avni",
    "Fed": "ALB",
    "Sex": "M",
    "Title": "",
    "WTit": "",
    "OTit": "",
    "FOA": "1710",
    "Rating": "AUG25",
    "Gms": "0",
    "K": "20",
    "B-day": "1967",
    "Flag": "i"
  },
  {
    "ID Number": "4708296",
    "Name": "Sopjani, Refael",
    "Fed": "ALB",
    "Sex": "M",
    "Title": "",
    "WTit": "",
    "OTit": "",
    "FOA": "1734",
    "Rating": "AUG25",
    "Gms": "0",
    "K": "20",
    "B-day": "1988",
    "Flag": "i"
  },
  {
    "ID Number": "4708334",
    "Name": "Spahiu, Agim",
    "Fed": "ALB",
    "Sex": "M",
    "Title": "",
    "WTit": "",
    "OTit": "",
    "FOA": "1911",
    "Rating": "AUG25",
    "Gms": "0",
    "K": "20",
    "B-day": "1969",
    "Flag": ""
  },
  {
    "ID Number": "4704053",
    "Name": "Spahiu, Mikael",
    "Fed": "ALB",
    "Sex": "M",
    "Title": "",
    "WTit": "",
    "OTit": "",
    "FOA": "1669",
    "Rating": "AUG25",
    "Gms": "0",
    "K": "20",
    "B-day": "2005",
    "Flag": ""
  },
  {
    "ID Number": "4705696",
    "Name": "Spahiu, Perparim",
    "Fed": "ALB",
    "Sex": "M",
    "Title": "",
    "WTit": "",
    "OTit": "",
    "FOA": "1782",
    "Rating": "AUG25",
    "Gms": "0",
    "K": "20",
    "B-day": "1971",
    "Flag": "i"
  },
  {
    "ID Number": "4701577",
    "Name": "Spiru, Devid",
    "Fed": "ALB",
    "Sex": "M",
    "Title": "",
    "WTit": "",
    "OTit": "",
    "FOA": "1835",
    "Rating": "AUG25",
    "Gms": "3",
    "K": "20",
    "B-day": "2000",
    "Flag": ""
  },
  {
    "ID Number": "4709446",
    "Name": "Stafa, Sidrit",
    "Fed": "ALB",
    "Sex": "M",
    "Title": "",
    "WTit": "",
    "OTit": "",
    "FOA": "1597",
    "Rating": "AUG25",
    "Gms": "0",
    "K": "40",
    "B-day": "2009",
    "Flag": "i"
  },
  {
    "ID Number": "4706013",
    "Name": "Stavri, Gligor",
    "Fed": "ALB",
    "Sex": "M",
    "Title": "",
    "WTit": "",
    "OTit": "",
    "FOA": "1829",
    "Rating": "AUG25",
    "Gms": "0",
    "K": "40",
    "B-day": "1956",
    "Flag": ""
  },
  {
    "ID Number": "4703600",
    "Name": "Sufja, Keler",
    "Fed": "ALB",
    "Sex": "M",
    "Title": "",
    "WTit": "",
    "OTit": "",
    "FOA": "1601",
    "Rating": "AUG25",
    "Gms": "0",
    "K": "40",
    "B-day": "1985",
    "Flag": ""
  },
  {
    "ID Number": "4703154",
    "Name": "Sumzaku, Endrit",
    "Fed": "ALB",
    "Sex": "M",
    "Title": "",
    "WTit": "",
    "OTit": "",
    "FOA": "1714",
    "Rating": "AUG25",
    "Gms": "0",
    "K": "20",
    "B-day": "1987",
    "Flag": "i"
  },
  {
    "ID Number": "4707001",
    "Name": "Sykaj, Kismete",
    "Fed": "ALB",
    "Sex": "F",
    "Title": "",
    "WTit": "NA",
    "OTit": "",
    "FOA": "1530",
    "Rating": "AUG25",
    "Gms": "0",
    "K": "20",
    "B-day": "1999",
    "Flag": "wi"
  },
  {
    "ID Number": "4710487",
    "Name": "Tabaku, Erand",
    "Fed": "ALB",
    "Sex": "M",
    "Title": "",
    "WTit": "",
    "OTit": "",
    "FOA": "1746",
    "Rating": "AUG25",
    "Gms": "0",
    "K": "40",
    "B-day": "1991",
    "Flag": ""
  },
  {
    "ID Number": "4705599",
    "Name": "Tafa, Ezel",
    "Fed": "ALB",
    "Sex": "M",
    "Title": "",
    "WTit": "",
    "OTit": "",
    "FOA": "1886",
    "Rating": "AUG25",
    "Gms": "0",
    "K": "20",
    "B-day": "1975",
    "Flag": "i"
  },
  {
    "ID Number": "4702735",
    "Name": "Tani, Florian",
    "Fed": "ALB",
    "Sex": "M",
    "Title": "",
    "WTit": "",
    "OTit": "",
    "FOA": "1931",
    "Rating": "AUG25",
    "Gms": "0",
    "K": "40",
    "B-day": "1990",
    "Flag": ""
  },
  {
    "ID Number": "4702352",
    "Name": "Tashi, Josif",
    "Fed": "ALB",
    "Sex": "M",
    "Title": "",
    "WTit": "",
    "OTit": "",
    "FOA": "1754",
    "Rating": "AUG25",
    "Gms": "4",
    "K": "20",
    "B-day": "1947",
    "Flag": ""
  },
  {
    "ID Number": "4701470",
    "Name": "Tavasja, Elvis",
    "Fed": "ALB",
    "Sex": "M",
    "Title": "",
    "WTit": "",
    "OTit": "",
    "FOA": "AFM",
    "Rating": "AUG25",
    "Gms": "2063",
    "K": "0",
    "B-day": "1986",
    "Flag": ""
  },
  {
    "ID Number": "4703189",
    "Name": "Telegrafi, Adi",
    "Fed": "ALB",
    "Sex": "M",
    "Title": "",
    "WTit": "",
    "OTit": "",
    "FOA": "1869",
    "Rating": "AUG25",
    "Gms": "0",
    "K": "20",
    "B-day": "1979",
    "Flag": "i"
  },
  {
    "ID Number": "4703502",
    "Name": "Temali, Erion",
    "Fed": "ALB",
    "Sex": "M",
    "Title": "",
    "WTit": "DI",
    "OTit": "",
    "FOA": "1769",
    "Rating": "AUG25",
    "Gms": "0",
    "K": "20",
    "B-day": "1981",
    "Flag": ""
  },
  {
    "ID Number": "4708849",
    "Name": "Toma, Ronaldo",
    "Fed": "ALB",
    "Sex": "M",
    "Title": "",
    "WTit": "",
    "OTit": "",
    "FOA": "1536",
    "Rating": "AUG25",
    "Gms": "0",
    "K": "40",
    "B-day": "2007",
    "Flag": "i"
  },
  {
    "ID Number": "4708563",
    "Name": "Tota, Bashkim",
    "Fed": "ALB",
    "Sex": "M",
    "Title": "",
    "WTit": "",
    "OTit": "",
    "FOA": "1760",
    "Rating": "AUG25",
    "Gms": "0",
    "K": "20",
    "B-day": "1969",
    "Flag": "i"
  },
  {
    "ID Number": "4710916",
    "Name": "Trebicka, Dean",
    "Fed": "ALB",
    "Sex": "M",
    "Title": "",
    "WTit": "",
    "OTit": "",
    "FOA": "1575",
    "Rating": "AUG25",
    "Gms": "6",
    "K": "40",
    "B-day": "2012",
    "Flag": ""
  },
  {
    "ID Number": "4706358",
    "Name": "Troshani, Henri",
    "Fed": "ALB",
    "Sex": "M",
    "Title": "",
    "WTit": "",
    "OTit": "",
    "FOA": "1690",
    "Rating": "AUG25",
    "Gms": "0",
    "K": "40",
    "B-day": "2014",
    "Flag": ""
  },
  {
    "ID Number": "4701356",
    "Name": "Tusha, Ruzhdi",
    "Fed": "ALB",
    "Sex": "M",
    "Title": "",
    "WTit": "",
    "OTit": "",
    "FOA": "1780",
    "Rating": "AUG25",
    "Gms": "0",
    "K": "20",
    "B-day": "1965",
    "Flag": "i"
  },
  {
    "ID Number": "4709730",
    "Name": "Varfi, Blin",
    "Fed": "ALB",
    "Sex": "M",
    "Title": "",
    "WTit": "",
    "OTit": "",
    "FOA": "1580",
    "Rating": "AUG25",
    "Gms": "0",
    "K": "40",
    "B-day": "1993",
    "Flag": "i"
  },
  {
    "ID Number": "4710460",
    "Name": "Vata, Andi",
    "Fed": "ALB",
    "Sex": "M",
    "Title": "",
    "WTit": "",
    "OTit": "",
    "FOA": "1641",
    "Rating": "AUG25",
    "Gms": "0",
    "K": "40",
    "B-day": "1991",
    "Flag": "i"
  },
  {
    "ID Number": "4701330",
    "Name": "Vata, Oltion",
    "Fed": "ALB",
    "Sex": "M",
    "Title": "",
    "WTit": "",
    "OTit": "",
    "FOA": "2164",
    "Rating": "AUG25",
    "Gms": "0",
    "K": "20",
    "B-day": "1995",
    "Flag": "i"
  },
  {
    "ID Number": "4708008",
    "Name": "Vata, Sami",
    "Fed": "ALB",
    "Sex": "M",
    "Title": "",
    "WTit": "",
    "OTit": "",
    "FOA": "1728",
    "Rating": "AUG25",
    "Gms": "0",
    "K": "20",
    "B-day": "1955",
    "Flag": ""
  },
  {
    "ID Number": "4706080",
    "Name": "Vela, Fabio",
    "Fed": "ALB",
    "Sex": "M",
    "Title": "",
    "WTit": "",
    "OTit": "",
    "FOA": "1735",
    "Rating": "AUG25",
    "Gms": "0",
    "K": "40",
    "B-day": "1999",
    "Flag": "i"
  },
  {
    "ID Number": "4701526",
    "Name": "Veleshnja, Ajet",
    "Fed": "ALB",
    "Sex": "M",
    "Title": "",
    "WTit": "",
    "OTit": "",
    "FOA": "1978",
    "Rating": "AUG25",
    "Gms": "0",
    "K": "20",
    "B-day": "1957",
    "Flag": "i"
  },
  {
    "ID Number": "4701313",
    "Name": "Veleshnja, Zino",
    "Fed": "ALB",
    "Sex": "M",
    "Title": "FM",
    "WTit": "",
    "OTit": "",
    "FOA": "2216",
    "Rating": "AUG25",
    "Gms": "7",
    "K": "20",
    "B-day": "2001",
    "Flag": ""
  },
  {
    "ID Number": "4709926",
    "Name": "Velsula, Elton",
    "Fed": "ALB",
    "Sex": "M",
    "Title": "",
    "WTit": "",
    "OTit": "",
    "FOA": "1668",
    "Rating": "AUG25",
    "Gms": "0",
    "K": "40",
    "B-day": "1988",
    "Flag": "i"
  },
  {
    "ID Number": "4708423",
    "Name": "Veshi, Xhejms",
    "Fed": "ALB",
    "Sex": "M",
    "Title": "",
    "WTit": "",
    "OTit": "",
    "FOA": "1731",
    "Rating": "AUG25",
    "Gms": "0",
    "K": "20",
    "B-day": "1995",
    "Flag": "i"
  },
  {
    "ID Number": "4703235",
    "Name": "Vito, Erdion",
    "Fed": "ALB",
    "Sex": "M",
    "Title": "",
    "WTit": "",
    "OTit": "",
    "FOA": "1877",
    "Rating": "AUG25",
    "Gms": "0",
    "K": "20",
    "B-day": "2000",
    "Flag": "i"
  },
  {
    "ID Number": "4708490",
    "Name": "Vllacaj, Rinor",
    "Fed": "ALB",
    "Sex": "M",
    "Title": "",
    "WTit": "",
    "OTit": "",
    "FOA": "1809",
    "Rating": "AUG25",
    "Gms": "0",
    "K": "20",
    "B-day": "1990",
    "Flag": "i"
  },
  {
    "ID Number": "4707990",
    "Name": "Vllaqa, Belul",
    "Fed": "ALB",
    "Sex": "M",
    "Title": "",
    "WTit": "",
    "OTit": "",
    "FOA": "1867",
    "Rating": "AUG25",
    "Gms": "0",
    "K": "20",
    "B-day": "1980",
    "Flag": "i"
  },
  {
    "ID Number": "4703553",
    "Name": "Vocaj, Agim",
    "Fed": "ALB",
    "Sex": "M",
    "Title": "",
    "WTit": "",
    "OTit": "",
    "FOA": "1904",
    "Rating": "AUG25",
    "Gms": "0",
    "K": "20",
    "B-day": "1966",
    "Flag": ""
  },
  {
    "ID Number": "4703529",
    "Name": "Vogli, Erjon",
    "Fed": "ALB",
    "Sex": "M",
    "Title": "",
    "WTit": "",
    "OTit": "",
    "FOA": "1722",
    "Rating": "AUG25",
    "Gms": "0",
    "K": "20",
    "B-day": "2003",
    "Flag": "i"
  },
  {
    "ID Number": "4710673",
    "Name": "Vrioni, Vasil",
    "Fed": "ALB",
    "Sex": "M",
    "Title": "",
    "WTit": "",
    "OTit": "",
    "FOA": "1671",
    "Rating": "AUG25",
    "Gms": "0",
    "K": "40",
    "B-day": "1982",
    "Flag": ""
  },
  {
    "ID Number": "4711394",
    "Name": "Xhaferaj, Erald",
    "Fed": "ALB",
    "Sex": "M",
    "Title": "",
    "WTit": "",
    "OTit": "",
    "FOA": "1739",
    "Rating": "AUG25",
    "Gms": "0",
    "K": "40",
    "B-day": "1995",
    "Flag": ""
  },
  {
    "ID Number": "4706030",
    "Name": "Xhakoni, Hamza",
    "Fed": "ALB",
    "Sex": "M",
    "Title": "",
    "WTit": "",
    "OTit": "",
    "FOA": "1868",
    "Rating": "AUG25",
    "Gms": "0",
    "K": "20",
    "B-day": "1957",
    "Flag": "i"
  },
  {
    "ID Number": "4711750",
    "Name": "Xheka, Florian",
    "Fed": "ALB",
    "Sex": "M",
    "Title": "",
    "WTit": "",
    "OTit": "",
    "FOA": "1498",
    "Rating": "AUG25",
    "Gms": "0",
    "K": "40",
    "B-day": "2004",
    "Flag": ""
  },
  {
    "ID Number": "4712633",
    "Name": "Xhemali, Joan",
    "Fed": "ALB",
    "Sex": "M",
    "Title": "",
    "WTit": "",
    "OTit": "",
    "FOA": "1757",
    "Rating": "AUG25",
    "Gms": "6",
    "K": "40",
    "B-day": "2012",
    "Flag": ""
  },
  {
    "ID Number": "4705114",
    "Name": "Xhembulla, Aleksander",
    "Fed": "ALB",
    "Sex": "M",
    "Title": "FM",
    "WTit": "",
    "OTit": "",
    "FOA": "2308",
    "Rating": "AUG25",
    "Gms": "7",
    "K": "20",
    "B-day": "2006",
    "Flag": ""
  },
  {
    "ID Number": "4701909",
    "Name": "Xhimo, Samuel",
    "Fed": "ALB",
    "Sex": "M",
    "Title": "",
    "WTit": "",
    "OTit": "",
    "FOA": "1539",
    "Rating": "AUG25",
    "Gms": "0",
    "K": "20",
    "B-day": "1995",
    "Flag": "i"
  },
  {
    "ID Number": "4702751",
    "Name": "Ymeri, Agim",
    "Fed": "ALB",
    "Sex": "M",
    "Title": "",
    "WTit": "",
    "OTit": "",
    "FOA": "1864",
    "Rating": "AUG25",
    "Gms": "0",
    "K": "20",
    "B-day": "1963",
    "Flag": "i"
  },
  {
    "ID Number": "4700678",
    "Name": "Yzeiraj, Diamant",
    "Fed": "ALB",
    "Sex": "M",
    "Title": "",
    "WTit": "",
    "OTit": "",
    "FOA": "1808",
    "Rating": "AUG25",
    "Gms": "0",
    "K": "40",
    "B-day": "1993",
    "Flag": ""
  },
  {
    "ID Number": "4703936",
    "Name": "Zavalani, Gjergj",
    "Fed": "ALB",
    "Sex": "M",
    "Title": "",
    "WTit": "",
    "OTit": "",
    "FOA": "1786",
    "Rating": "AUG25",
    "Gms": "0",
    "K": "20",
    "B-day": "1954",
    "Flag": "i"
  },
  {
    "ID Number": "4710703",
    "Name": "Zbogo, Dan",
    "Fed": "ALB",
    "Sex": "M",
    "Title": "",
    "WTit": "",
    "OTit": "",
    "FOA": "1413",
    "Rating": "AUG25",
    "Gms": "0",
    "K": "40",
    "B-day": "2012",
    "Flag": "i"
  },
  {
    "ID Number": "4700350",
    "Name": "Zekaj, Dritan",
    "Fed": "ALB",
    "Sex": "M",
    "Title": "",
    "WTit": "",
    "OTit": "",
    "FOA": "2009",
    "Rating": "AUG25",
    "Gms": "0",
    "K": "20",
    "B-day": "1979",
    "Flag": ""
  },
  {
    "ID Number": "4700961",
    "Name": "Zenaj, Aleksander",
    "Fed": "ALB",
    "Sex": "M",
    "Title": "",
    "WTit": "",
    "OTit": "",
    "FOA": "1852",
    "Rating": "AUG25",
    "Gms": "0",
    "K": "40",
    "B-day": "1979",
    "Flag": "i"
  },
  {
    "ID Number": "4703324",
    "Name": "Zenelaj, Dashnor",
    "Fed": "ALB",
    "Sex": "M",
    "Title": "",
    "WTit": "",
    "OTit": "",
    "FOA": "1594",
    "Rating": "AUG25",
    "Gms": "0",
    "K": "20",
    "B-day": "1959",
    "Flag": "i"
  },
  {
    "ID Number": "4706609",
    "Name": "Zeneli, Klendi",
    "Fed": "ALB",
    "Sex": "M",
    "Title": "CM",
    "WTit": "",
    "OTit": "",
    "FOA": "2101",
    "Rating": "AUG25",
    "Gms": "7",
    "K": "20",
    "B-day": "2004",
    "Flag": ""
  },
  {
    "ID Number": "4702867",
    "Name": "Zenuni, Petrit",
    "Fed": "ALB",
    "Sex": "M",
    "Title": "",
    "WTit": "SI,NA",
    "OTit": "",
    "FOA": "1823",
    "Rating": "AUG25",
    "Gms": "0",
    "K": "20",
    "B-day": "1969",
    "Flag": ""
  },
  {
    "ID Number": "4709500",
    "Name": "Zhejani, Fatjon",
    "Fed": "ALB",
    "Sex": "M",
    "Title": "",
    "WTit": "",
    "OTit": "",
    "FOA": "1833",
    "Rating": "AUG25",
    "Gms": "0",
    "K": "20",
    "B-day": "1997",
    "Flag": "i"
  },
  {
    "ID Number": "4705165",
    "Name": "Zhupa, Ilir",
    "Fed": "ALB",
    "Sex": "M",
    "Title": "",
    "WTit": "",
    "OTit": "",
    "FOA": "1839",
    "Rating": "AUG25",
    "Gms": "0",
    "K": "20",
    "B-day": "1981",
    "Flag": "i"
  },
  {
    "ID Number": "4706323",
    "Name": "Zirek, Mehmet",
    "Fed": "ALB",
    "Sex": "M",
    "Title": "",
    "WTit": "",
    "OTit": "",
    "FOA": "1679",
    "Rating": "AUG25",
    "Gms": "0",
    "K": "20",
    "B-day": "1965",
    "Flag": "i"
  },
  {
    "ID Number": "4710665",
    "Name": "Ziso, Fabjol",
    "Fed": "ALB",
    "Sex": "M",
    "Title": "",
    "WTit": "",
    "OTit": "",
    "FOA": "1593",
    "Rating": "AUG25",
    "Gms": "0",
    "K": "40",
    "B-day": "2000",
    "Flag": "i"
  },
  {
    "ID Number": "4706390",
    "Name": "Zonja, Emanuel",
    "Fed": "ALB",
    "Sex": "M",
    "Title": "",
    "WTit": "",
    "OTit": "",
    "FOA": "1900",
    "Rating": "AUG25",
    "Gms": "0",
    "K": "20",
    "B-day": "1991",
    "Flag": "i"
  },
  {
    "ID Number": "4707044",
    "Name": "Zotaj, Klement",
    "Fed": "ALB",
    "Sex": "M",
    "Title": "",
    "WTit": "",
    "OTit": "",
    "FOA": "1674",
    "Rating": "AUG25",
    "Gms": "0",
    "K": "40",
    "B-day": "1959",
    "Flag": ""
  },
  {
    "ID Number": "4705424",
    "Name": "Zoto, Ansi",
    "Fed": "ALB",
    "Sex": "M",
    "Title": "",
    "WTit": "",
    "OTit": "",
    "FOA": "1612",
    "Rating": "AUG25",
    "Gms": "0",
    "K": "40",
    "B-day": "2014",
    "Flag": ""
  }
]