ID Number,Name,Fed,Sex,Title,WTit,OTit,Rating,Gms,K,RatingMonth,B-day,Flag
13003305,Ar Kar,MYA,M,,,,2048,0,40,SEP25,1979,i
13017934,Ar Kar Min Than,MYA,M,,,,2139,0,40,SEP25,1977,i
13009397,Ar Kar Oo,MYA,M,,,,1930,0,40,SEP25,1994,i
13007424,Arkar Hein Zaw,MYA,M,,,,1933,0,40,SEP25,1983,i
13003798,Arkar Min Khant,MYA,M,,,,1926,0,40,SEP25,1999,i
13009079,Aung Aung Tun,MYA,M,,,,2019,0,40,SEP25,1983,i
13000101,"Aung Aung, Aung Myo Hlaing",MYA,M,IM,,,2340,0,10,SEP25,1968,i
13022849,Aung Bhone Thu Kha,MYA,M,,,,1654,0,40,SEP25,2014,
13006690,Aung Chan Nyein,MYA,M,,,,1923,0,40,SEP25,1975,i
13020048,Aung Chan Nyein A,MYA,M,,,,1642,0,40,SEP25,2001,
13015826,Aung Chan Thar,MYA,M,,,,1833,0,40,SEP25,1980,i
13000756,Aung Chit,MYA,M,,,,1885,0,20,SEP25,1959,i
13013998,Aung Chit A,MYA,M,,,,1800,0,40,SEP25,1980,i
13008684,Aung Gyi A,MYA,M,,,,1924,0,40,SEP25,1981,i
13024566,Aung Hein Khant,MYA,M,,,,1541,0,40,SEP25,2014,
13015540,Aung Kaday Paing,MYA,M,,,,1725,0,40,SEP25,2000,i
13024175,Aung Kaung Khant A,MYA,M,,,,1671,0,40,SEP25,2008,
13009087,Aung Kaung Myat,MYA,M,,,,1823,0,40,SEP25,2004,
13025104,Aung Kaung Myat Moe,MYA,M,,,,1561,0,40,SEP25,2012,
13004549,Aung Khaing,MYA,M,,,,1908,0,40,SEP25,1980,i
13016946,Aung Khaing B,MYA,M,,,,1828,0,40,SEP25,1982,i
13001779,Aung Khaing Win,MYA,M,,,,1996,0,20,SEP25,1966,i
13020382,Aung Khant Thu,MYA,M,,,,1579,0,40,SEP25,2008,
13015834,Aung Ko Latt,MYA,M,,,,1844,0,40,SEP25,1988,i
13023918,Aung Ko Thet,MYA,M,,,,1887,0,40,SEP25,1982,i
13001957,Aung Kyaw Hein,MYA,M,,,,1927,0,40,SEP25,1982,i
13008692,Aung Kyaw Lin,MYA,M,,,,1932,0,20,SEP25,1987,i
13002813,Aung Kyaw Lwynn A,MYA,M,FM,,,2348,0,10,SEP25,1974,i
13009419,Aung Kyaw Min,MYA,M,,,,1944,0,40,SEP25,1979,i
13023810,Aung Kyaw Moe A,MYA,M,,,,1721,0,40,SEP25,1974,i
13002112,Aung Kyaw Than,MYA,M,FM,,,2049,0,10,SEP25,1962,
13002074,Aung Kyaw Thein,MYA,M,,,,2036,0,20,SEP25,1958,i
13003330,Aung Lin,MYA,M,,,,2018,0,40,SEP25,1966,i
13012088,Aung Lin,MYA,M,,,,1921,0,40,SEP25,1971,i
13002830,Aung Lin Thant,MYA,M,,,,1784,0,20,SEP25,1963,i
13005049,Aung Lwin Soe,MYA,M,,,,2048,0,20,SEP25,1985,i
13003267,Aung Min Khant,MYA,M,,,,1915,0,40,SEP25,2000,i
13002805,Aung Moe,MYA,M,,,,2046,0,20,SEP25,1969,i
13025848,Aung Moe A,MYA,M,,,,1704,0,40,SEP25,1976,
13005545,Aung Moe Thu,MYA,M,,,,2041,0,20,SEP25,1972,i
13025686,Aung Myint Myat A,MYA,M,,,,1466,0,40,SEP25,2007,
13024191,Aung Myint SBT,MYA,M,,,,1919,0,40,SEP25,1970,i
13024205,Aung Myint SDG,MYA,M,,,,1879,0,40,SEP25,1960,i
13007432,Aung Myo Htet,MYA,M,,,,1829,0,40,SEP25,1976,i
13015869,Aung Myo Zaw A,MYA,M,,,,1975,0,40,SEP25,1977,i
13012100,Aung Naing Toe,MYA,M,,,,1941,0,40,SEP25,1976,i
13015168,Aung Paing Soe,MYA,M,,,,1855,0,40,SEP25,1996,i
13018248,Aung Phone Maw,MYA,M,,,,1876,7,20,SEP25,2003,
13009362,Aung Pyae Hein,MYA,M,,,,1821,0,40,SEP25,1993,i
13024310,Aung Pyae Phyo,MYA,M,,,,1659,0,40,SEP25,2009,
13014137,Aung San Hlaing,MYA,M,,,,1939,0,40,SEP25,1979,i
13007440,Aung Say,MYA,M,,,,1941,0,40,SEP25,1949,i
13007858,Aung Soe Lwin,MYA,M,,,,1997,0,20,SEP25,1978,i
13008722,Aung Soe Moe,MYA,M,,,,2063,0,40,SEP25,1979,i
13011472,Aung Soe Myo Pi,MYA,M,,,,1886,0,40,SEP25,1978,i
13012444,Aung Soe Naing,MYA,M,,,,1963,0,40,SEP25,1969,i
13011480,Aung Su Wai Phyo,MYA,M,,,,1779,0,40,SEP25,1995,i
13000063,Aung Thant Zin,MYA,M,FM,,,2268,0,10,SEP25,1960,i
13002147,Aung Theik A,MYA,M,,,,2075,0,20,SEP25,1965,i
13002155,Aung Thein,MYA,M,,,,1996,0,20,SEP25,1968,i
13009435,Aung Thike,MYA,M,,,,1923,0,40,SEP25,1964,i
13009370,Aung Thinn,MYA,M,,,,2064,0,40,SEP25,1991,i
13008315,Aung Thu,MYA,M,,,,2083,0,20,SEP25,1988,
13008102,Aung Thu,MYA,M,,,,1933,0,40,SEP25,1964,i
13012118,Aung Thura San,MYA,M,,,,1808,0,40,SEP25,1988,i
13016709,Aung Thura Tun,MYA,M,,,,1862,0,40,SEP25,1998,
13021605,Aung Thurein Lin,MYA,M,,,,1559,0,40,SEP25,2013,
13002090,Aung Win,MYA,M,,,,2018,0,20,SEP25,1957,i
13012452,Aung Win B,MYA,M,,,,1827,0,40,SEP25,1964,i
13003682,Aung Zaw Win Htike,MYA,M,,,,2053,0,20,SEP25,1971,
13006088,"Aung, Aung B",MYA,M,,,,1927,0,40,SEP25,1964,
6200281,"Aung, Kyaw Moe",MYA,M,,,,2158,0,20,SEP25,1975,i
13013289,"Aung, Kyaw Thein A",MYA,M,,,,2113,0,40,SEP25,1953,i
13006142,"Aung, Naing",MYA,M,,,,2256,0,20,SEP25,1977,
13000950,"Aung, Naing",MYA,M,,,,2048,0,20,SEP25,1978,i
13000969,"Aung, Paing Soe",MYA,M,,,,2061,0,20,SEP25,1978,i
13004565,Aye Ko,MYA,M,,,,2085,0,20,SEP25,1964,i
13007874,Aye Ko Ko Tun,MYA,M,,,,1983,0,40,SEP25,1971,i
13001116,Aye Ko N,MYA,M,,,,1972,0,20,SEP25,1965,i
13007882,Aye Kyu,MYA,M,,,,1936,0,40,SEP25,1966,i
13009478,Aye Win,MYA,M,,,,2078,0,40,SEP25,1958,i
13006703,Ba Kyaw,MYA,M,,,,1931,0,20,SEP25,1962,i
13000713,Ba Shwe,MYA,M,,,,1946,0,20,SEP25,1954,i
13001825,Be Ooh,MYA,M,,,,1883,0,20,SEP25,1976,i
13026046,Bhone Myat Thit,MYA,M,,,,1431,0,40,SEP25,2011,
13004573,Bhone Pyae Maung,MYA,M,,,,1938,0,40,SEP25,1990,i
13024540,Bhone Sett Ti,MYA,M,,,,1705,0,40,SEP25,2012,
13007459,Chan Nyein Aung,MYA,M,,NA,,1932,0,20,SEP25,1996,i
13005057,Chan Tun Lin,MYA,M,,,,1923,0,20,SEP25,1981,
13001280,Chit Ko Ko A,MYA,M,,,,2174,0,10,SEP25,1965,
13008129,Chit Ko Ko C,MYA,M,,,,1911,0,40,SEP25,1980,i
13015451,Chit Ko Naing,MYA,M,,,,1945,0,40,SEP25,1999,i
13009095,Chit San,MYA,M,,,,1878,0,40,SEP25,1984,i
13008323,Chit Ye Thu,MYA,M,,,,AGM,1692,3,SEP25,1984,
13004298,Dim Khan Khawm,MYA,F,,,,1721,0,40,SEP25,2000,wi
13022571,Eant Nyein Han,MYA,M,,,,1738,0,40,SEP25,2005,i
13021613,Eant Phone Shan,MYA,M,,,,1517,0,40,SEP25,2012,
13004140,Ei Chaint Chaint,MYA,F,,,,1680,0,40,SEP25,1999,wi
13015370,Ei Ei Chaw,MYA,F,,,,1763,0,40,SEP25,1998,wi
13002929,Ei Kyawt San,MYA,F,WFM,WFM,,2095,0,40,SEP25,1985,wi
13015150,Ei Thingyan,MYA,F,,,,1710,0,40,SEP25,2003,wi
13024558,Gaday Gaday Htay,MYA,M,,,,1574,0,40,SEP25,1985,
13023829,Gaday Soe,MYA,M,,,,1922,0,40,SEP25,1980,i
13004590,Hai Maung Maung,MYA,M,,,,1997,0,20,SEP25,1986,i
13001043,Han Min Shein,MYA,M,,,,1907,0,20,SEP25,1969,i
13001817,Han Min Soe,MYA,M,,,,2084,0,20,SEP25,1978,
13012460,Han Min Soe A,MYA,M,,,,2038,0,40,SEP25,1994,i
13010646,Han Thaw Htet,MYA,M,,,,2023,0,40,SEP25,2000,i
13009117,Han Zaw Htun,MYA,M,,,,1963,0,40,SEP25,1983,i
13001060,"Han, Win Tun",MYA,M,,,,2123,0,20,SEP25,1978,i
13004883,"Han, Zar Win",MYA,M,,,,1985,0,40,SEP25,1983,i
13019066,Hau Deih Thawn,MYA,M,,,,1803,0,40,SEP25,1994,i
13013742,Hay Mar Hnin Zaw,MYA,F,,,,1924,0,40,SEP25,1991,wi
13012720,Hein Aung Khant,MYA,M,,,,1754,0,40,SEP25,2006,i
13015311,Hein Htet,MYA,M,,,,1992,0,40,SEP25,2003,i
13002201,Hein Htet Maung,MYA,M,,,,1954,0,40,SEP25,1998,i
13024345,Hein Htet Zaw,MYA,M,,,,1891,0,40,SEP25,1991,i
13010808,Hein Htut Kyaw,MYA,M,,,,1756,0,40,SEP25,1988,i
13016083,Hein Min Htut,MYA,M,,,,1770,0,40,SEP25,1996,i
13026445,Hein Min Tun,MYA,M,,,,1587,0,40,SEP25,2002,
13019236,Hein Myat Aung,MYA,M,,,,1655,0,40,SEP25,2010,i
13021630,Hein Myat Thu,MYA,M,,,,1826,0,40,SEP25,2010,
13002937,Hein Myint Myat Kyaw,MYA,M,,,,2077,0,20,SEP25,1988,i
13019805,Hein Thant,MYA,M,,,,1693,0,40,SEP25,2012,
13015630,Hein Thant Htun,MYA,M,,,,1575,0,40,SEP25,2012,
13024221,Hein Zaw A,MYA,M,,,,2046,0,40,SEP25,2001,
13012134,Hla Min Htet,MYA,M,,,,1978,0,40,SEP25,1982,i
13008331,Hla Min Tun,MYA,M,,,,2030,0,40,SEP25,1983,i
13017276,Hla Moe,MYA,M,,,,1830,0,40,SEP25,1983,i
13012126,Hla Myint Kyaw,MYA,M,,,,1754,0,40,SEP25,1956,i
13011030,Hla Myint Win,MYA,M,,,,1833,0,40,SEP25,1970,i
13014005,Hla Myo,MYA,M,,,,1819,0,40,SEP25,1983,i
13017977,Hla Myo Khaing A,MYA,M,,,,1870,0,40,SEP25,1982,i
13026216,Hla Nuynt,MYA,M,,,,1813,0,40,SEP25,1967,
13003259,Hla Phone Kyaw,MYA,M,,,,1977,0,40,SEP25,1995,i
13002589,Hla Than,MYA,M,,,,1917,0,20,SEP25,1966,
13014013,Hla Win,MYA,M,,,,1909,0,40,SEP25,1958,i
13012142,Hla Win Tun,MYA,M,,,,1795,0,40,SEP25,1984,i
13004611,Hlaing Min Thant,MYA,M,,,,2089,0,20,SEP25,1984,
13007475,Hlyan Bhone Htet,MYA,M,,,,1794,0,20,SEP25,2000,
13004620,Hnin Pwint Phyu,MYA,F,,,,1753,0,40,SEP25,1996,wi
13013750,Hninn Wutt Yee,MYA,F,,,,1729,0,40,SEP25,2001,wi
13024612,Hpone Pyae Pai Mhu,MYA,M,,,,1777,0,40,SEP25,2010,
13024248,Hsu Lwin Tun,MYA,F,,,,1550,0,40,SEP25,2015,w
13023101,Hsu Thiri May,MYA,F,,,,1589,0,40,SEP25,2010,w
13007777,Htain Win,MYA,M,,,,1814,0,20,SEP25,1957,
13003054,Htay Aung,MYA,M,,,,1941,0,40,SEP25,1960,i
13001795,Htay Min Lwin,MYA,M,,,,2122,0,20,SEP25,1978,
13003984,Htay Oo,MYA,M,,,,1844,0,40,SEP25,1957,i
13012738,Htay Win A,MYA,M,,,,1863,0,40,SEP25,1953,i
13024892,Htay Win Zaw,MYA,M,,,,1740,0,40,SEP25,2009,
13007491,Htet Aung,MYA,M,,,,1832,0,40,SEP25,1997,i
13016725,Htet Aung Hlaing,MYA,M,,,,2244,0,40,SEP25,1977,i
13000560,Htet Htet,MYA,M,,,,1967,0,20,SEP25,1971,i
13001701,Htet Htet Than Sein,MYA,F,,,,1707,0,40,SEP25,1999,wi
13010654,Htet Htet Win,MYA,F,,NI,,1742,0,40,SEP25,1997,w
13012479,Htet Lin Aung,MYA,M,,,,1916,0,40,SEP25,1995,i
13001744,Htet Naing,MYA,M,,,,1816,0,40,SEP25,2002,i
13002945,Htet Paing Aung,MYA,M,,,,2089,0,20,SEP25,1994,i
13011553,Htet Zaw Phone,MYA,M,,,,2036,0,20,SEP25,2000,i
13024256,Htin Aung Shine,MYA,M,,,,1734,0,40,SEP25,1981,i
13008340,Htin Kyaw,MYA,M,,,,1981,0,40,SEP25,1970,i
13001078,Htoo Aung Bo,MYA,M,,,,2081,0,20,SEP25,1982,
13003240,Htoo Maung Maung,MYA,M,,,,1848,0,40,SEP25,1969,i
13025619,Htoo Oakar Lwin,MYA,M,,,,1548,0,40,SEP25,2018,
13015427,Htoo Pyae Soe,MYA,M,,,,1765,0,40,SEP25,2001,i
13026275,Htun Aung Ko,MYA,M,,NA,,2150,0,40,SEP25,1984,
13001361,Htun Htun Than,MYA,M,FM,,,2339,0,10,SEP25,1970,i
13001370,Htun Lynn Kyaw,MYA,M,FM,,,2313,0,10,SEP25,1974,i
13023942,Htut Oo Lu,MYA,M,,,,1650,0,40,SEP25,2014,
13014927,Jony Maxel,MYA,M,,,,1793,0,20,SEP25,1966,
13014943,Kaung Htat Naing,MYA,M,,,,1764,0,40,SEP25,2007,i
13015265,Kaung Htet,MYA,M,,,,1535,0,40,SEP25,2005,i
13012487,Kaung Kywe Hlaing,MYA,M,,,,1952,0,40,SEP25,1987,i
13006070,Kaung Mon Thar,MYA,M,,,,1710,0,40,SEP25,2007,i
13003321,Kaung Myat Thu,MYA,M,,,,1959,0,40,SEP25,1997,i
13015532,Kaung Myat Thu A,MYA,M,,,,1846,0,40,SEP25,1999,i
13019279,Kaung Myat Thu B,MYA,M,,,,1767,0,40,SEP25,2008,i
13017985,Kaung Set Win,MYA,M,,,,1952,0,40,SEP25,1981,i
13000527,Kee Tan,MYA,M,,,,1982,0,20,SEP25,1959,i
13012150,Khaing Htoo,MYA,M,,,,1863,0,40,SEP25,1990,i
13007505,Khaing Khaing,MYA,F,,,,1840,0,40,SEP25,2000,wi
13012495,Kham Lian Thawng,MYA,M,,,,1858,0,40,SEP25,1975,i
13018272,Khant Ko Ko,MYA,M,,,,1754,0,40,SEP25,2005,
13021702,Khant Ti Kyi,MYA,M,,,,1676,0,40,SEP25,2015,
13023853,Khe Kee Ling,MYA,M,,,,1924,0,40,SEP25,1979,i
13006738,Khin Htwe,MYA,M,,,,1975,0,40,SEP25,1968,i
13003941,Khin Htwe A,MYA,M,,,,1950,0,20,SEP25,1981,i
13000314,Khin Ko,MYA,M,,,,1998,0,20,SEP25,1958,i
13002244,Khin Ko A,MYA,M,,,,1974,0,20,SEP25,1969,i
13000365,Khin Maung Aye,MYA,M,,,,1996,0,20,SEP25,1958,i
13008773,Khin Maung Cho,MYA,M,,,,1933,0,20,SEP25,1962,i
13004638,Khin Maung Lay,MYA,M,,,,1931,0,20,SEP25,1964,i
13018000,Khin Maung Oo A,MYA,M,,,,1983,0,40,SEP25,1950,i
13000802,Khin Thaung,MYA,M,,,,2118,0,10,SEP25,1964,i
13001248,"Khin, Than",MYA,M,,,,2151,0,10,SEP25,1964,i
13020390,Khine Linn Tun,MYA,M,,,,1511,0,40,SEP25,2013,
13014951,Khun Soe Win,MYA,M,,,,1953,0,40,SEP25,1979,i
13015907,Khun Sun Win,MYA,M,,,,1902,0,40,SEP25,1975,i
13001167,Ko Ko,MYA,M,,,,1905,0,20,SEP25,1972,i
13008145,Ko Ko A,MYA,M,,,,1926,0,40,SEP25,1961,i
13013777,Ko Ko Aung,MYA,M,,,,1850,0,40,SEP25,1984,i
13007785,Ko Ko Gyi,MYA,M,,,,2005,0,40,SEP25,1964,i
13014935,Ko Ko Hlaing,MYA,M,,,,1943,0,40,SEP25,1953,i
13002260,Ko Ko Htwe,MYA,M,,,,1977,0,20,SEP25,1968,i
13005596,Ko Ko Lwin,MYA,M,,,,1941,0,40,SEP25,1967,i
13000390,Ko Ko Ohn,MYA,M,FM,,,2032,0,10,SEP25,1964,
13014021,Ko Ko Oo,MYA,M,,,,1936,0,40,SEP25,1980,i
13003372,Ko Ko Soe,MYA,M,,,,1858,0,20,SEP25,1971,
13009613,Ko Naing A,MYA,M,,,,2004,0,40,SEP25,1970,i
13014960,Ko Oo,MYA,M,,,,1948,0,40,SEP25,1984,i
13017624,Ko Wai,MYA,M,,,,1958,0,40,SEP25,1965,i
13008153,Ko Win,MYA,M,,,,1853,0,40,SEP25,1971,i
13026372,Kyaw Hein San,MYA,M,,,,1748,0,40,SEP25,2001,
13004352,Kyaw Hla Aung,MYA,M,,,,1965,0,40,SEP25,1977,i
13003461,Kyaw Hlaing,MYA,M,,,,1971,0,40,SEP25,1982,i
13017640,Kyaw Hlaing A,MYA,M,,,,1968,0,40,SEP25,1992,
13013785,Kyaw Htin Win Hlaing,MYA,M,,,,1774,0,40,SEP25,1985,i
13025171,Kyaw Htut Khaung,MYA,M,,,,1811,0,40,SEP25,2014,
13003488,Kyaw Kyaw,MYA,M,,,,1945,0,40,SEP25,1982,i
13003356,Kyaw Kyaw Aung,MYA,M,,,,1951,0,40,SEP25,1980,i
13012509,Kyaw Kyaw Aung A,MYA,M,,,,2004,0,40,SEP25,1974,i
13018019,Kyaw Kyaw C,MYA,M,,,,1771,0,40,SEP25,1950,i
13004360,Kyaw Kyaw Khaing,MYA,M,,,,2095,0,40,SEP25,1977,i
13012517,Kyaw Kyaw Khaing A,MYA,M,,,,1886,0,40,SEP25,1985,i
13024370,Kyaw Kyaw M,MYA,M,,,,1807,0,40,SEP25,1959,i
13012169,Kyaw Kyaw Moe,MYA,M,,,,1839,0,40,SEP25,1972,i
13000586,Kyaw Kyaw Oo,MYA,M,,,,2082,0,20,SEP25,1965,i
13010824,Kyaw Kyaw Oo,MYA,M,,,,1906,0,40,SEP25,1973,i
13012525,Kyaw Kyaw Oo A,MYA,M,,,,2073,0,20,SEP25,1970,
13000446,Kyaw Kyaw Soe,MYA,M,FM,,,2277,0,10,SEP25,1970,i
13010832,Kyaw Kyaw Soe A,MYA,M,,,,1884,0,20,SEP25,1971,
13004115,Kyaw Kyaw Tun,MYA,M,,,,1953,0,20,SEP25,1998,i
13002007,Kyaw Lay Htaik,MYA,M,FM,NA,,2219,0,20,SEP25,1981,i
13002953,Kyaw Lin Naing,MYA,M,FM,NA,,2324,0,10,SEP25,1981,
13001493,Kyaw Min,MYA,M,,,,1958,0,20,SEP25,1969,i
13007149,Kyaw Min Htay,MYA,M,,,,1933,0,20,SEP25,1994,
13008943,Kyaw Min Htay A,MYA,M,,,,1880,0,40,SEP25,1976,i
13009664,Kyaw Min Htwe,MYA,M,,,,1941,0,40,SEP25,1980,i
13003399,Kyaw Min Oo,MYA,M,,,,1903,0,20,SEP25,1965,
13010697,Kyaw Moe,MYA,M,,,,1950,0,40,SEP25,1972,i
13011049,Kyaw Moe Aung,MYA,M,,,,1772,0,40,SEP25,1974,i
13009141,Kyaw Moe Myint,MYA,M,,,,1841,0,40,SEP25,1980,i
13011200,Kyaw Moe Naing,MYA,M,,,,1915,0,40,SEP25,1969,i
13012541,Kyaw Myat Aung,MYA,M,FM,,,2147,0,20,SEP25,2005,
13002279,Kyaw Myint A,MYA,M,,,,2007,0,20,SEP25,1957,i
13005618,Kyaw Myint Htay,MYA,M,,,,1939,0,40,SEP25,1980,i
13003194,Kyaw Myint Oo,MYA,M,,,,2054,0,20,SEP25,1957,i
13009109,Kyaw Myint Oo DR,MYA,M,,,,1933,0,40,SEP25,1965,i
13007513,Kyaw Myo Htet,MYA,M,,,,1995,0,40,SEP25,1969,i
13016091,Kyaw Naing,MYA,M,,,,1879,0,40,SEP25,1971,i
13009702,Kyaw Nay Toe,MYA,M,,,,1993,0,20,SEP25,1972,i
13002287,Kyaw Nyein,MYA,M,,,,2074,0,20,SEP25,1970,i
13000721,Kyaw Oo,MYA,M,,,,1938,0,20,SEP25,1962,i
13000268,Kyaw San Naing,MYA,M,,,,1972,0,20,SEP25,1963,i
13002295,Kyaw San Naing A,MYA,M,,,,2110,0,10,SEP25,1979,i
13018035,Kyaw San Naing B,MYA,M,,,,1957,0,40,SEP25,1965,i
13016970,Kyaw Si Hein,MYA,M,,,,1777,0,40,SEP25,1993,i
13018256,Kyaw Soe Hein,MYA,M,,,,1922,0,40,SEP25,2004,i
13004662,Kyaw Soe Moe,MYA,M,,,,1884,0,20,SEP25,1969,i
13000209,Kyaw Soe Oo,MYA,M,,,,1962,0,20,SEP25,1976,i
13016105,Kyaw Soe Oo,MYA,M,,,,1959,0,40,SEP25,1962,i
13016113,Kyaw Swar Htet,MYA,M,,,,1846,0,40,SEP25,1987,i
13009710,Kyaw Swar Moe,MYA,M,,,,1762,0,40,SEP25,1976,i
13012550,Kyaw Swar Win,MYA,M,,,,1748,0,40,SEP25,1980,i
13002309,Kyaw Than Naing,MYA,M,,,,2102,0,10,SEP25,1970,
13008951,Kyaw Thet Hlaing,MYA,M,,,,1900,0,40,SEP25,1979,i
13000748,Kyaw Thett,MYA,M,,,,1963,0,20,SEP25,1968,i
13009168,Kyaw Thi Ha,MYA,M,,,,1872,0,40,SEP25,2000,i
13014250,Kyaw Thu,MYA,M,,,,1983,0,40,SEP25,1968,i
13010840,Kyaw Thu,MYA,M,,,,1932,0,40,SEP25,1985,i
13006770,Kyaw Thu Win,MYA,M,,,,2027,0,20,SEP25,1981,i
13006789,Kyaw Thu Ya,MYA,M,,,,1936,0,40,SEP25,1974,i
13026291,Kyaw Thu Ya A,MYA,M,,,,2042,0,40,SEP25,1971,
13019996,Kyaw Thuta,MYA,M,,,,1705,0,40,SEP25,2008,i
13024264,Kyaw Wai Yan Min,MYA,M,,,,1720,0,40,SEP25,1989,
13002317,Kyaw Win,MYA,M,,,,1890,0,20,SEP25,1971,i
13002325,Kyaw Win A,MYA,M,,,,1920,0,20,SEP25,1976,i
13014269,Kyaw Win Myint,MYA,M,,,,1947,0,40,SEP25,1956,i
13012746,Kyaw Win Naing,MYA,M,,,,1854,0,20,SEP25,1969,i
13002023,Kyaw Zaw,MYA,M,,,,1827,0,20,SEP25,1976,
13016989,Kyaw Zay Oo,MYA,M,,,,1881,0,40,SEP25,1970,i
13004239,Kyaw Zay Ya,MYA,M,,,,1828,0,20,SEP25,1980,
13017667,Kyaw Zay Yar,MYA,M,,,,1947,0,40,SEP25,1987,i
13008374,Kyaw Zayar Lin,MYA,M,,,,2010,0,20,SEP25,1981,i
13009745,Kyaw Zin Latt,MYA,M,,,,2204,0,20,SEP25,1982,
13011235,Kyaw Zin Oo,MYA,M,,,,1882,0,40,SEP25,1982,i
13008382,Kyaw Zin Tun,MYA,M,,,,2108,0,20,SEP25,1983,
13007530,Kyaw Zin Win,MYA,M,,,,2044,0,20,SEP25,1997,i
13013343,"Kyaw, Kyaw Oo A",MYA,M,,,,1996,0,40,SEP25,1970,i
13014730,"Kyaw, Nay Toe",MYA,M,,,,2179,0,40,SEP25,1972,
13006193,"Kyaw, Oo",MYA,M,,,,1963,0,40,SEP25,1962,i
13006207,"Kyaw, Soe Oo",MYA,M,,,,2115,0,40,SEP25,1976,i
13012185,Kyi Lwin A,MYA,M,,,,1880,0,40,SEP25,1961,i
13003836,Kyi Myo Aye,MYA,M,,,,1709,0,40,SEP25,1999,i
13016121,Kyi Sheinn Lwin,MYA,M,,,,1774,0,40,SEP25,1997,i
13008633,La Min Aung,MYA,M,,,,1724,0,40,SEP25,1995,i
13008170,La Min Tun,MYA,M,,,,2029,0,40,SEP25,1989,
13007076,La Pye Minn,MYA,M,,,,1789,0,40,SEP25,1988,i
13008960,La Win,MYA,M,,,,1829,0,40,SEP25,1967,i
13009761,Laing Htang,MYA,M,,,,2119,0,20,SEP25,1992,
13024655,Lewis Moezac,MYA,M,,,,1603,0,40,SEP25,2017,
13008390,Lin Htat Paing,MYA,M,,,,1918,0,40,SEP25,1983,i
13018051,Lin Htet Naung,MYA,M,,,,1822,0,40,SEP25,2000,
13017500,Lin Khant Paing,MYA,M,,,,1887,0,40,SEP25,2004,i
13022490,Lin Lin Htet,MYA,F,,"DI,NA",,1539,0,40,SEP25,2005,wi
13001051,Lin Lin Oo,MYA,M,,,,1893,0,20,SEP25,1977,i
13003186,Lin Naing Oo,MYA,M,,,,1948,0,20,SEP25,1970,
13025988,Lin Nanda Min,MYA,M,,,,1567,0,40,SEP25,2013,
13001884,Linn Minn Htike,MYA,M,,NA,,2220,0,20,SEP25,1986,
13023977,Linn Phone Myat,MYA,M,CM,,,1954,0,40,SEP25,2009,
13020005,Lu Maw Hein,MYA,M,,,,1497,0,40,SEP25,2006,i
13001434,Lwin Min Oo,MYA,M,,,,2084,0,20,SEP25,1978,i
13012193,Lwin Oo,MYA,M,,,,1981,0,40,SEP25,1965,i
13013793,Lwin Paing Soe,MYA,M,,,,1779,0,40,SEP25,1999,i
13010859,Lynn Aung,MYA,M,,,,1813,0,40,SEP25,1976,i
13002910,Maung Maung,MYA,M,,,,1854,0,40,SEP25,1965,i
13015923,Maung Maung A,MYA,M,,,,1752,0,40,SEP25,1954,i
13000349,Maung Maung Kyaing,MYA,M,,,,1991,0,20,SEP25,1977,i
13006800,Maung Maung Latt,MYA,M,,,,2140,4,20,SEP25,1961,
13000233,Maung Maung Lwin,MYA,M,FM,,,2124,0,10,SEP25,1961,i
13009800,Maung Maung Myint A,MYA,M,,,,1676,0,20,SEP25,1969,i
13009818,Maung Maung Tun,MYA,M,,,,1948,0,40,SEP25,1977,i
13010700,Maung Myint,MYA,M,,,,1753,0,40,SEP25,1969,i
13013521,Maung Nwe San,MYA,M,,,,1989,0,40,SEP25,1981,i
13002368,Maung Oo,MYA,M,,,,1927,0,20,SEP25,1969,i
13015931,Maung Oo,MYA,M,,,,1855,0,40,SEP25,1966,i
13007920,Maung Soe,MYA,M,,,,1879,0,40,SEP25,1988,i
13001698,"Maung, Maung Kyaw Zaw Hein",MYA,M,FM,,,2119,0,20,SEP25,2000,i
13013416,"Maung, Tin Saw",MYA,M,,,,1927,0,40,SEP25,1965,i
13017241,Maw Shay,MYA,M,,,,1852,0,40,SEP25,1993,
13002961,May Hsett Lwin,MYA,F,FM,,,2010,0,20,SEP25,1984,w
13002970,May Hsu Lwin,MYA,F,FM,,,2063,0,20,SEP25,1984,w
13012568,May Kinsanar Htun,MYA,F,,,,1695,0,40,SEP25,2001,wi
13024671,May Mahar,MYA,F,,,,1543,0,40,SEP25,2014,w
13025627,May Phoo Zum,MYA,F,,,,1591,0,40,SEP25,2009,w
13002376,Mg Mg Oo,MYA,M,,,,1989,0,20,SEP25,1966,i
13011723,Mhan Gyi,MYA,M,,,,1956,0,40,SEP25,1980,i
13018191,Min Amarawatti,MYA,F,,,,1629,0,40,SEP25,2011,w
13018060,Min Aung Kyaw A,MYA,M,,,,1917,0,40,SEP25,1965,i
13025414,Min Bhone Kyaw,MYA,M,,,,1755,0,40,SEP25,2005,
13000861,Min Cho,MYA,M,,,,1972,0,20,SEP25,1976,i
13014307,Min Hein Khant,MYA,M,,,,1565,0,40,SEP25,2010,
13005642,Min Htet Kyaw,MYA,M,,,,1766,0,40,SEP25,1986,i
13019333,Min Htet Naing,MYA,M,,,,1612,0,40,SEP25,2006,i
13007548,Min Htet Oo,MYA,M,,,,1707,0,40,SEP25,1999,i
13004670,Min Khine Oo,MYA,M,,,,2096,0,20,SEP25,1974,i
13022431,Min Ko Ko,MYA,M,,,,2191,0,40,SEP25,1990,
13011839,Min Kyaw Thu,MYA,M,,,,1946,0,40,SEP25,1971,i
13009184,Min Lwin Oo,MYA,M,,,,1941,0,40,SEP25,1978,i
13024000,Min Min,MYA,M,,,,1898,0,40,SEP25,1980,
13003283,Min Min Oo,MYA,M,,,,2018,0,40,SEP25,1988,i
13003569,Min Min Oo A,MYA,M,,,,1925,0,40,SEP25,1979,i
13014994,Min Shin,MYA,M,,,,1839,0,40,SEP25,1989,i
13014315,Min Thant,MYA,M,,,,1866,0,40,SEP25,1969,i
13024825,Min Thant Khaing,MYA,M,,,,1738,0,40,SEP25,2004,
13014030,Min Thiha,MYA,M,,,,1836,0,40,SEP25,2003,i
13007939,Min Thurein Tun,MYA,M,,,,1723,0,40,SEP25,1988,i
13014048,Min Zaw,MYA,M,,,,2023,0,40,SEP25,1966,i
13009834,Min Zaw A,MYA,M,,,,1965,0,40,SEP25,1967,i
13025570,Min Zaw C,MYA,M,,,,1737,0,40,SEP25,1976,
13003534,Min Zayar,MYA,M,,,,1958,0,40,SEP25,1980,i
13006274,"Min, Zaw",MYA,M,,,,1862,0,40,SEP25,1967,i
13000411,Moe Kyaw Htay,MYA,M,,,,2226,0,10,SEP25,1969,i
13008196,Moe Lwin,MYA,M,,,,1839,0,40,SEP25,1977,i
13009850,Moe Sit Nyein,MYA,M,,,,1959,0,40,SEP25,1988,i
13014986,Moe Thu Aung,MYA,F,,,,1497,0,40,SEP25,2007,wi
13003895,Moe Win Kyaw,MYA,M,,,,1955,0,20,SEP25,1997,
13015524,Moe Zaw Oo,MYA,M,,,,2005,0,40,SEP25,1977,i
13001175,"Moe, Kyaw",MYA,M,,,,2148,0,20,SEP25,1978,
13001230,Moun Moun Latt,MYA,M,,,,2203,0,10,SEP25,1969,i
13022440,Mun Pee,MYA,M,,,,1946,0,40,SEP25,1990,
13002384,Mya Aye A,MYA,M,,,,2012,0,20,SEP25,1970,i
13014056,Mya Win,MYA,M,,,,1995,0,20,SEP25,1960,
13011243,Mya Zin A,MYA,M,,,,1992,0,40,SEP25,1953,i
13006290,"Mya, Zin",MYA,M,,,,2011,0,40,SEP25,1953,i
13004689,Myat Chit Su Mon,MYA,F,,,,1814,0,40,SEP25,2001,wi
13011251,Myat Hlaing,MYA,M,,,,1852,0,40,SEP25,1977,i
13011260,Myat Ko Ko Swe,MYA,M,,,,1890,0,40,SEP25,1984,i
13008650,Myat Min,MYA,M,,,,2054,0,40,SEP25,1981,i
13008730,Myat Min A,MYA,M,,,,2087,0,20,SEP25,1980,i
13018086,Myat Min B,MYA,M,,,,1931,0,40,SEP25,1988,i
13014064,Myat Min Soe,MYA,M,,,,1867,0,40,SEP25,1980,i
13024400,Myat Min Thu A,MYA,M,,,,1822,0,40,SEP25,1984,i
13025643,Myat Moh Moh Naing,MYA,F,,,,1687,0,40,SEP25,2000,wi
13005685,Myat Oo Shein,MYA,M,,,,2031,0,40,SEP25,1964,i
13008412,Myat Swe,MYA,M,,,,1817,0,40,SEP25,1939,i
13002988,Myat Thiri Aung Kyaw,MYA,F,WFM,WFM,,2120,0,20,SEP25,1991,wi
13022989,Myat Thiri May,MYA,M,,,,1474,0,40,SEP25,2013,
13016148,Myat Thu Win,MYA,M,,,,1782,0,40,SEP25,1979,i
13025805,Myat Ti Kyi,MYA,M,,,,1634,0,40,SEP25,2012,
13007173,Myat Tun,MYA,M,,,,2165,0,20,SEP25,1979,i
13005111,Myint Aung,MYA,M,,,,1945,0,20,SEP25,1953,i
13008420,Myint Aung Y N,MYA,M,,,,1905,0,40,SEP25,1973,i
13000322,Myint Han,MYA,M,IM,,,2266,0,10,SEP25,1962,
13012215,Myint Kyaw,MYA,M,,,,1758,0,40,SEP25,1986,i
13005766,Myint Lwin,MYA,M,,,,1835,0,40,SEP25,1958,i
13008439,Myint Lwin A,MYA,M,,,,1899,0,40,SEP25,1963,i
13025511,Myint Mho Thurein,MYA,M,,,,1657,0,40,SEP25,2017,
13002414,Myint San,MYA,M,,,,1902,0,20,SEP25,1967,i
13005774,Myint San A,MYA,M,,,,1815,0,40,SEP25,1973,i
13011855,Myint Soe,MYA,M,,,,1951,0,40,SEP25,1962,i
13007947,Myint Swe,MYA,M,,,,1976,0,20,SEP25,1965,i
13016733,Myint Swe A,MYA,M,,,,1980,0,40,SEP25,1959,i
13011863,Myint Swe A,MYA,M,,,,1938,0,40,SEP25,1952,i
13018094,Myint Swe R,MYA,M,,,,1986,0,40,SEP25,1960,i
13003429,Myint Than,MYA,M,,,,1785,0,40,SEP25,1968,i
13016164,Myint Than A,MYA,M,,,,1950,0,40,SEP25,1958,i
13025678,Myint Thaw Khant,MYA,M,,,,1631,0,40,SEP25,2012,
13011928,Myint Thein A,MYA,M,,,,1906,0,20,SEP25,1958,i
13011936,Myint Thein Htun,MYA,M,,,,1827,0,40,SEP25,1955,i
13004697,Myint Thi Ha Kyaw,MYA,M,,,,1990,0,20,SEP25,1978,i
13014595,Myint Tun Naing,MYA,M,,,,2021,0,40,SEP25,1987,
13008447,Myint Zaw Oo,MYA,M,,,,2087,0,40,SEP25,1982,i
13005367,"Myint, Oo A",MYA,M,,,,2065,0,20,SEP25,1969,i
13006304,"Myint, San A",MYA,M,,,,1951,0,40,SEP25,1973,i
13014773,"Myint, Swe",MYA,M,,,,2011,0,40,SEP25,1965,i
13017020,Myo Han,MYA,M,,,,1784,0,40,SEP25,1979,i
13004336,Myo Hla,MYA,M,,,,1914,0,40,SEP25,1963,i
13001930,Myo Htet,MYA,M,,,,2261,0,20,SEP25,1982,
13000594,Myo Htut Aung,MYA,M,,,,1930,0,20,SEP25,1972,i
13002422,Myo Htut Aung A,MYA,M,FM,,,2098,0,10,SEP25,1977,
13003968,Myo Kyaw Hlaing,MYA,M,,,,2083,0,20,SEP25,1971,i
13006843,Myo Lwin,MYA,M,,,,1810,0,40,SEP25,1958,i
13011278,Myo Maung Maung Lwin,MYA,M,,,,1801,0,40,SEP25,1980,i
13003216,Myo Min,MYA,M,,,,2010,0,40,SEP25,1978,i
13009060,Myo Min Aung,MYA,M,FM,NA,,2127,0,20,SEP25,1985,
13004700,Myo Min Htike,MYA,M,,,,1968,0,20,SEP25,1977,i
13006886,Myo Min Kyaw,MYA,M,,,,1983,0,40,SEP25,1988,i
13005782,Myo Min Oo,MYA,M,,,,1955,0,40,SEP25,1988,i
13011944,Myo Myint,MYA,M,,,,1948,0,40,SEP25,1961,i
13009010,Myo Myint Kyi,MYA,M,,,,1947,0,20,SEP25,1962,i
13011952,Myo Myint Maung,MYA,M,,,,1895,0,40,SEP25,2002,i
13012231,Myo Myint Maung A,MYA,M,,,,1859,0,40,SEP25,2002,i
13009281,Myo Myint Swe,MYA,M,,,,1765,0,40,SEP25,2004,i
13002430,Myo Myo,MYA,M,,,,2008,0,20,SEP25,1963,i
13019635,Myo Myo Thu,MYA,F,,,,1802,0,40,SEP25,2009,w
13009028,Myo Naing A,MYA,M,,,,1784,0,40,SEP25,1977,i
13011960,Myo Nyunt,MYA,M,,,,1935,0,20,SEP25,1969,i
13012584,Myo Nyunt A,MYA,M,,,,1704,0,40,SEP25,1969,i
13007564,Myo Si Thu Kyaw,MYA,M,,,,2145,0,20,SEP25,1986,i
13011979,Myo Si Thu Lwin,MYA,M,,,,1867,0,40,SEP25,2004,i
13003828,Myo Sithu Lwin,MYA,M,,,,1818,0,40,SEP25,1993,i
13007955,Myo Swe,MYA,M,,,,2201,0,20,SEP25,1967,i
13021893,Myo Than Htike,MYA,M,,,,1835,0,40,SEP25,1989,i
13002449,Myo Thant,MYA,M,,,,1960,0,20,SEP25,1956,i
13002457,Myo Thant A,MYA,M,,,,1902,0,20,SEP25,1969,i
13009893,Myo Thant B,MYA,M,,,,1853,0,40,SEP25,1980,i
13000543,Myo Thant Khaing,MYA,M,FM,,,2164,0,10,SEP25,1968,i
13015958,Myo Thant Shin,MYA,M,,,,1821,0,40,SEP25,1971,i
13006894,Myo Thet Tun,MYA,M,,,,1797,0,40,SEP25,1989,i
13003348,Myo Thiha Lwin,MYA,M,,,,1892,0,20,SEP25,1998,
13017039,Myo Thura Tun,MYA,M,,,,1825,0,40,SEP25,1989,i
13006860,Myo Tint,MYA,M,,,,1948,0,20,SEP25,1958,i
13011286,Myo Win,MYA,M,,,,1936,0,40,SEP25,1966,i
13005790,Myo Zaw,MYA,M,,,,1903,0,40,SEP25,1980,i
13000403,Myo Zaw Min,MYA,M,FM,,,2277,0,10,SEP25,1963,i
13010883,Myo Zaw Tun,MYA,M,,,,1910,0,40,SEP25,1982,i
13015435,Myo Zin Hein,MYA,M,,,,1796,0,40,SEP25,2001,i
13006312,"Myo, Min Oo",MYA,M,,,,2063,0,40,SEP25,1988,i
13013491,"Myo, Myint Kyi",MYA,M,,,,2174,0,40,SEP25,1962,i
13000071,"Myo, Naing",MYA,M,IM,,,2265,0,10,SEP25,1964,
13004891,"Myo, Win Zaw",MYA,M,,,,2047,0,40,SEP25,1989,i
13013505,"Myo, Zaw Tun",MYA,M,,,,1909,0,40,SEP25,1982,
103266117,"Myo, Zeya Oo",MYA,M,,,,AIM,1686,0,SEP25,1975,i
13000284,Naing Lin Aung,MYA,M,,,,2218,0,10,SEP25,1968,i
13009915,Naing Min,MYA,M,,,,2051,0,40,SEP25,1973,i
13001965,Naing Myo Lin,MYA,M,,,,2026,0,20,SEP25,1985,
13000225,Naing Win,MYA,M,,,,1966,0,20,SEP25,1961,i
13012959,Naing Win,MYA,M,,,,1876,0,40,SEP25,1968,i
13016741,Nan La Min Thwe,MYA,F,,,,1786,0,40,SEP25,2001,wi
13002899,Nan M K Khine Hlyan,MYA,F,WFM,WFM,NA,1984,0,20,SEP25,1989,wi
13009931,Nanda Htun,MYA,M,,,,1871,0,40,SEP25,1988,i
13014110,Nanda Tin Htut,MYA,M,,,,1931,0,20,SEP25,1986,
13004158,Nang Theint Nandar,MYA,F,,,,1653,0,40,SEP25,1999,wi
13009940,Nay Htet Aung,MYA,M,,,,2000,0,40,SEP25,1995,
13009958,Nay Htet Min,MYA,M,,,,1959,0,40,SEP25,1990,i
13011057,Nay Htwe Hlaing,MYA,M,,,,2081,0,40,SEP25,1973,i
13009966,Nay Ko Ko,MYA,M,,,,1961,0,20,SEP25,1985,i
13009974,Nay Lin Aung,MYA,M,,,,1984,0,40,SEP25,1985,i
13024272,Nay Lin Htun,MYA,M,,,,1875,0,40,SEP25,1980,i
13024280,Nay Lin Naing,MYA,M,,,,1741,0,40,SEP25,1985,
13004255,Nay Lin Tun,MYA,M,CM,,,2041,0,20,SEP25,2003,
13001027,Nay Lin Tun A,MYA,M,,,,1968,0,20,SEP25,1972,i
13012754,Nay Lin Tun M,MYA,M,,,,1867,0,40,SEP25,1957,i
13003747,Nay Moe,MYA,M,,,,1969,0,20,SEP25,1960,
13013807,Nay Myo,MYA,M,,,,1926,0,40,SEP25,1980,i
13009044,Nay Myo Aung,MYA,M,,,,1920,0,40,SEP25,1988,i
13002228,Nay Myo Win,MYA,M,,,,1978,0,20,SEP25,1978,i
13000110,"Nay Oo Kyaw, Tun",MYA,M,IM,FT,,2328,0,10,SEP25,1975,i
13008080,Nay Soe,MYA,M,FM,,,2422,0,10,SEP25,1963,i
13000551,Nay Soe,MYA,M,,,,1982,0,20,SEP25,1975,i
13002465,Nay Soe A,MYA,M,,,,2040,0,20,SEP25,1968,i
13011294,Nay Thway,MYA,M,,,,2050,0,40,SEP25,1975,i
13004387,Nay Win Aung,MYA,M,,,,1942,0,20,SEP25,1979,
13025503,Nay Zar Min,MYA,M,,,,1846,0,40,SEP25,1980,i
13005391,"Nay, Myo Win",MYA,M,,,,1854,0,40,SEP25,1978,i
13001604,"Nay, Win",MYA,M,FM,,,2402,0,10,SEP25,1961,i
13005413,"Nay, Win Aung",MYA,M,,,,1975,0,40,SEP25,1979,i
13001558,Nee Tar,MYA,M,,,,1969,0,20,SEP25,1973,i
13010891,Ngwe Soe,MYA,M,,,,1896,0,40,SEP25,1966,i
13012240,Nine Khant,MYA,M,,,,1986,0,40,SEP25,1980,i
13009192,Nyan Lin Htet,MYA,M,,,,1913,0,40,SEP25,1995,i
13024930,Nyan Lin Htin,MYA,M,,,,1872,0,40,SEP25,2008,
13013823,Nyan Linn San,MYA,M,,,,1655,0,40,SEP25,2004,i
13015001,Nyan Swan Pyae,MYA,M,,,,1584,0,40,SEP25,2009,
13012592,Nyan Tun,MYA,M,,,,1824,0,20,SEP25,1961,i
13001833,Nyee Nyee Zaw,MYA,M,,,,2230,0,10,SEP25,1971,i
13025538,Nyein Aye Zaw,MYA,M,,,,1887,0,40,SEP25,2007,
13001760,Nyein Chan,MYA,M,,,,2048,0,40,SEP25,1978,i
13012258,Nyein Chan A,MYA,M,,,,1743,0,40,SEP25,1982,i
13007181,Nyein Myat Tun,MYA,M,,,,1750,0,40,SEP25,1992,i
13013831,Nyein Myint Aung,MYA,M,,NA,,1780,0,40,SEP25,1995,i
13012266,Nyein Soe,MYA,M,,,,1998,0,40,SEP25,1976,i
13008927,Nyi Min Htet,MYA,M,,,,1951,0,40,SEP25,1992,i
13011308,Nyi Myo Aung,MYA,M,,,,1997,0,20,SEP25,1985,
13019899,Nyi Nyi Han,MYA,M,,,,1861,0,40,SEP25,1998,i
13011901,Nyi Nyi Khaing,MYA,M,,,,1915,0,40,SEP25,1978,i
13002481,Nyi Nyi Lwin,MYA,M,,,,2108,0,10,SEP25,1965,
13008919,Nyi Nyi Lwin A,MYA,M,,,,2030,0,40,SEP25,1990,i
13015966,Nyi Nyi Naing,MYA,M,,,,1824,0,40,SEP25,1970,i
13009990,Nyi Nyi Soe,MYA,M,,,,2137,0,40,SEP25,1985,i
13002490,Nyi Nyi Thwin,MYA,M,,,,2133,0,10,SEP25,1969,i
13015818,Nyi Nyi Zaw,MYA,M,,,,2005,0,40,SEP25,1965,
13007386,Nyi Phyo Kyaw,MYA,M,,,,1889,0,40,SEP25,1965,i
13015796,Nyi Win Tun,MYA,M,,,,1841,0,40,SEP25,1999,i
13000918,"Nyi, Hlaing Soe",MYA,M,,,,1926,0,40,SEP25,1995,i
13014790,"Nyi, Myo Aung",MYA,M,,,,1953,0,40,SEP25,1985,
13010018,Nyunt Thaung,MYA,M,,,,1967,0,40,SEP25,1973,i
13010026,Nyunt Win,MYA,M,,,,2097,0,40,SEP25,1971,i
13007750,Oak Kar Pyae Sone,MYA,M,,,,1701,0,40,SEP25,2007,i
13015605,Oak Soe Kyaw,MYA,M,,,,1668,0,40,SEP25,2012,
13007343,Ohn Kyaw,MYA,M,,,,1956,0,40,SEP25,1962,i
13014803,"Ohn, Kyaw",MYA,M,,,,1991,0,40,SEP25,1962,i
13007416,Ohnmar Soe,MYA,F,,,,1746,0,20,SEP25,1965,w
13026267,Om Naing,MYA,M,,,,1881,0,40,SEP25,1987,
13016172,Pai Zay Yar Ko,MYA,M,,,,1713,0,40,SEP25,2004,i
13024701,Paing Htoo Sett,MYA,M,,,,1593,0,40,SEP25,2016,
13002996,Paing Moe Myint,MYA,M,FM,,,2316,0,20,SEP25,1991,
13015486,Paing Phyo Zin,MYA,M,,,,1678,0,40,SEP25,2000,i
13016180,Paing Soe Oak,MYA,M,,,,1878,0,40,SEP25,1980,i
13009303,Pann Pyae Tha Khin,MYA,F,,,,1490,0,40,SEP25,2005,wi
13013840,Paw Si Moe,MYA,M,,,,1873,0,40,SEP25,1973,i
13000837,Pe Aung,MYA,M,,,,2034,0,20,SEP25,1968,i
13000578,Peter Kyaw Moe,MYA,M,,,,2106,0,20,SEP25,1982,i
13005820,Phone Kyaw,MYA,M,,,,1881,0,40,SEP25,1956,i
13014358,Phone La Pyae,MYA,M,,,,1883,0,40,SEP25,2000,i
13003879,Phone Myint,MYA,M,,,,1864,0,40,SEP25,1953,i
13024710,Phone Say Thaw,MYA,M,,,,1755,0,40,SEP25,2011,
13026143,Phone Shwe Shan,MYA,M,,,,1553,0,40,SEP25,2003,
13003003,Phyo Aung Kyi,MYA,M,FM,,,2227,0,10,SEP25,1967,i
13002791,Phyo Chit,MYA,M,FM,,,2120,0,10,SEP25,1975,
13010042,Phyo Gyi,MYA,M,,,,1925,0,40,SEP25,1984,i
13012274,Phyo Hein Kyaw,MYA,M,,,,1819,0,40,SEP25,1990,i
13016199,Phyo La Pyae,MYA,M,,,,1971,0,40,SEP25,1981,i
13017055,Phyo La Pyae Wunn,MYA,M,,,,2029,0,40,SEP25,1981,i
13019147,Phyo Min Oo,MYA,M,,,,1895,0,40,SEP25,1979,i
13007963,Phyo Thiha,MYA,M,,,,1816,0,40,SEP25,1988,i
13010719,Phyo Thu Khant,MYA,M,,,,1734,0,40,SEP25,1996,i
13024299,Phyo Wai Lin,MYA,M,,,,1996,0,40,SEP25,1991,
13012053,Phyo Wai Thit,MYA,M,,,,1670,0,40,SEP25,2000,i
13003950,Pont Pont Htwe,MYA,M,,,,2056,0,40,SEP25,1985,i
13005138,Pyae Phyo Aung,MYA,M,,,,1965,0,40,SEP25,1988,i
13012045,Pyae Phyo Aung A,MYA,M,,,,2091,0,20,SEP25,1985,i
13017713,Pyae Phyo Han,MYA,M,,,,1983,0,40,SEP25,1990,i
13012037,Pyae Phyo Kyaw,MYA,M,,,,1972,0,40,SEP25,1998,i
13018116,Pyae Phyo Kyaw A,MYA,M,,,,2011,0,40,SEP25,1984,i
13021885,Pyae Phyo Kyaw B,MYA,M,,,,1510,0,20,SEP25,1992,i
13013858,Pyae Phyo Maung,MYA,M,,,,1891,0,40,SEP25,1990,i
13010913,Pyae Phyo Zaw,MYA,M,,NA,,2225,0,20,SEP25,1993,
13010069,Pyae Sone Aung,MYA,M,,,,1680,0,40,SEP25,1995,i
13015184,R Yone Mhwe,MYA,F,,,,1642,0,40,SEP25,2011,w
13013866,Sai Aung Khun Pha,MYA,M,,,,1793,0,40,SEP25,2006,
13010077,Sai Chit Thu,MYA,M,,,,1752,0,40,SEP25,1995,i
13012282,Sai Han Htoo Aung,MYA,M,,,,1698,0,20,SEP25,2006,
13012290,Sai Han Thiha,MYA,M,FM,FI,,2114,4,40,SEP25,2007,
13015559,Sai Lin Htet,MYA,M,,,,1786,0,40,SEP25,2005,i
13015567,Sai Lin Htin,MYA,M,,,,1626,0,40,SEP25,2005,i
13015389,Sai Linn Linn,MYA,M,,,,1933,0,40,SEP25,1968,i
13004743,Sai Si Thu,MYA,M,,,,1953,0,20,SEP25,1987,i
13000993,Sai Thura,MYA,M,,,,2047,0,20,SEP25,1965,i
13012304,Sai Tun Lin Kyaw,MYA,M,,,,1827,0,40,SEP25,1983,i
13000985,Sai Win Myint,MYA,M,,,,2082,0,20,SEP25,1967,i
13014390,Sai Zaw Latt,MYA,M,,,,1910,0,40,SEP25,1970,i
13026070,San Hlaing,MYA,M,,,,1885,0,40,SEP25,1961,
13007971,San Hlaing Oo,MYA,M,,,,2026,0,40,SEP25,1988,i
13015621,San Htun Aung,MYA,M,,,,1825,0,40,SEP25,1999,i
13010107,San Lin,MYA,M,,,,1857,0,40,SEP25,1955,i
13012029,San Linn Htun,MYA,M,,,,1862,0,40,SEP25,1998,i
13010921,San Lwin,MYA,M,,,,1923,0,40,SEP25,1962,i
13011316,San Min Hlaing,MYA,M,,,,1984,0,40,SEP25,1985,i
13002236,San Min Tun,MYA,M,,,,2020,0,40,SEP25,1987,i
13019163,San Myint Oo,MYA,M,,,,2037,0,40,SEP25,1965,i
13001272,San Thit Lwin,MYA,M,FM,,,2230,0,10,SEP25,1972,
13010115,San Win,MYA,M,,,,1809,0,40,SEP25,1957,i
13010123,San Yu Swe,MYA,M,,,,1871,0,20,SEP25,1962,i
13003631,Sandar Khine Aung,MYA,F,,,,1545,0,40,SEP25,2000,wi
13004247,Sann Minn,MYA,M,,,,2019,0,20,SEP25,1969,
13014404,Sau Bawn,MYA,M,,,,1782,0,40,SEP25,1957,i
13023292,Saung Wutt Hmone Oo,MYA,F,,,,1576,0,40,SEP25,2016,w
13025872,Saw Anderson,MYA,M,,,,1929,0,40,SEP25,1989,
13004395,Saw Augustin,MYA,M,,,,1660,0,40,SEP25,1989,i
13022458,Saw Aye Chan Min,MYA,M,,,,1946,0,40,SEP25,2007,
13002902,Saw Kyaw Nyein,MYA,M,FM,,,1940,0,40,SEP25,1949,i
13010140,Saw Myo Htwe,MYA,M,,,,1786,0,40,SEP25,1983,i
13024426,Saw Tun Aung,MYA,M,,,,1767,0,40,SEP25,1968,i
13012614,Saw Yu Naing,MYA,M,,,,1822,0,40,SEP25,1972,i
13014412,Saw Zaw Htoo,MYA,M,,,,1877,0,40,SEP25,1971,i
13006401,"Saw, Win Aung",MYA,M,,,,2087,0,20,SEP25,1980,
13008501,Sein Thar Tun,MYA,M,,,,1917,0,40,SEP25,1963,i
13002031,Sein Win,MYA,M,,,,2023,0,20,SEP25,1967,i
13010158,Sein Win A,MYA,M,,,,1956,0,40,SEP25,1952,i
13000934,Shain Lynn Htoo,MYA,M,,,,2192,0,10,SEP25,1961,i
13000381,Shein Lin Htoo,MYA,M,,,,1981,0,20,SEP25,1959,i
13026003,Shin Thant Peti,MYA,M,,,,1749,0,40,SEP25,2002,
13002520,Shwe Min,MYA,M,,,,1883,0,20,SEP25,1972,i
13004280,Shwe Nadi,MYA,M,,,,1656,0,40,SEP25,2000,i
13011022,Shwe Naing Htun,MYA,M,,,,2053,0,40,SEP25,1979,i
13024744,Shwe Yee Poe Eaint,MYA,F,,,,1519,0,40,SEP25,2014,w
13007734,Si Thar Chan,MYA,M,,,,2018,0,40,SEP25,1983,i
13015010,Si Thu Aung,MYA,M,,,,1926,0,40,SEP25,1987,i
13005294,Si Thu Aung,MYA,M,,,,1809,0,40,SEP25,1998,i
13011871,Si Thu B,MYA,M,,,,2116,0,40,SEP25,1986,i
13007726,Si Thu Lwin,MYA,M,,,,2111,0,20,SEP25,1997,i
13017721,Si Thu Tun,MYA,M,,,,1928,0,40,SEP25,1989,i
13002767,Sie Thu,MYA,M,FM,,,2122,0,10,SEP25,1982,i
13012312,Sithu Aung,MYA,M,,,,1927,0,40,SEP25,1987,i
13001647,Sithu Maung,MYA,M,,,,2008,0,20,SEP25,1968,i
13017926,Sithu Min Zaw,MYA,M,,,,1928,0,40,SEP25,1976,i
13018132,Sithu Naing,MYA,M,,,,1755,0,40,SEP25,2000,i
13008897,Soe Gyi,MYA,M,,,,1988,0,40,SEP25,1953,i
13008234,Soe Khant Kyaw,MYA,M,,,,1713,0,40,SEP25,1994,i
13008889,Soe Kyaw Aung,MYA,M,,,,1899,0,20,SEP25,1970,i
13006622,Soe Lwin,MYA,M,,,,2072,0,40,SEP25,1965,i
13024434,Soe Lwin Tun,MYA,M,,,,1939,0,40,SEP25,1987,i
13008242,Soe Maung Maung,MYA,M,,,,1855,0,40,SEP25,1977,i
13016202,Soe Min Htet,MYA,M,,,,1640,0,40,SEP25,1985,i
13003160,Soe Min Kyaw,MYA,M,,,,1849,0,40,SEP25,1979,i
13014439,Soe Moe Lwin,MYA,M,,,,1785,0,40,SEP25,1973,i
13009222,Soe Naing,MYA,M,,,,1873,0,40,SEP25,1964,i
13004778,Soe Naing Tun,MYA,M,,,,1993,0,40,SEP25,1990,i
13012630,Soe Paing,MYA,M,,,,1879,0,40,SEP25,1983,i
13000292,Soe Tint,MYA,M,,,,2001,0,20,SEP25,1955,i
13002538,Soe Tint A,MYA,M,,,,2119,0,10,SEP25,1960,i
13001892,Soe Win,MYA,M,,,,2001,0,20,SEP25,1962,i
13016210,Soe Win,MYA,M,,,,1920,0,40,SEP25,1964,i
13002546,Soe Win Myint,MYA,M,,,,2088,0,10,SEP25,1969,i
13005260,Soe Win Naing,MYA,M,,,,2038,0,20,SEP25,1983,i
13001132,Soe Winna,MYA,M,,,,2087,0,20,SEP25,1966,i
13006428,"Soe, Min Kyaw",MYA,M,,,,2039,0,20,SEP25,1979,i
13024990,Su Lae Nandar,MYA,F,,,,1615,0,40,SEP25,2009,w
13005251,Su Laet Nandar,MYA,F,,,,1724,0,20,SEP25,2003,w
13001531,Su Neel,MYA,M,,,,2052,0,20,SEP25,1970,i
13005855,Su Su Hlaing,MYA,F,,,,1940,0,40,SEP25,1999,wi
13021826,Su Wutt Yee,MYA,F,,,,1712,0,40,SEP25,2009,w
13012002,Sunny A,MYA,M,,,,1846,0,40,SEP25,1954,i
13004123,Swan Hlyan Sone,MYA,M,,,,1854,0,40,SEP25,1999,i
13024442,Swan Htet Naing,MYA,M,,,,1888,0,40,SEP25,2006,
13001752,Swan Htet Pyae Sone,MYA,M,,,,1798,0,40,SEP25,2003,i
13011987,Tay Zar Htet,MYA,M,,,,1884,0,40,SEP25,1976,i
13007700,Tay Zar Lin,MYA,M,,,,1792,0,40,SEP25,1980,i
13001663,Tayoke Gyi,MYA,M,,,,1968,0,20,SEP25,1968,
13024760,Tha Scit,MYA,M,,,,1522,0,40,SEP25,2016,
13001612,"Tha, Zan",MYA,M,FM,FT,,2340,0,10,SEP25,1956,i
13001396,Thame Zaw,MYA,M,,,,2135,0,10,SEP25,1956,i
13010212,Than Han Win,MYA,M,,,,1845,0,40,SEP25,1983,i
13011332,Than Hlaing,MYA,M,,,,1949,0,40,SEP25,1970,i
13003275,Than Hlaing Win,MYA,M,,,,1887,0,40,SEP25,1962,i
13016229,Than Htay Maw,MYA,M,,,,1911,0,40,SEP25,1963,i
13008870,Than Htay Naing,MYA,M,,,,1899,0,40,SEP25,1970,i
13001310,Than Htike Zaw,MYA,M,,,,2073,0,20,SEP25,1983,i
13005871,Than Htoo,MYA,M,,,,2014,0,40,SEP25,1962,i
13016237,Than Htut Win,MYA,M,,,,1970,0,40,SEP25,1980,i
13017918,Than Kyaw Htay,MYA,M,,,,1889,0,40,SEP25,1978,i
13012762,Than Kyaw Toe,MYA,M,,,,1846,0,40,SEP25,1966,
13001159,Than Min,MYA,M,,,,2031,0,20,SEP25,1968,i
13011820,Than Min Htike,MYA,M,,,,1857,0,40,SEP25,1979,i
13004417,Than Myint,MYA,M,,,,1831,0,40,SEP25,1951,i
13004786,Than Myint A,MYA,M,,,,1813,0,40,SEP25,1945,i
13017748,Than Myint B,MYA,M,,,,1790,0,40,SEP25,1955,i
13017900,Than Naing,MYA,M,,,,1812,0,40,SEP25,1962,i
13016016,Than Naung,MYA,M,,,,1933,0,40,SEP25,1968,i
13002570,Than Soe,MYA,M,,,,1998,0,20,SEP25,1967,i
13005898,Than Soe Aung,MYA,M,,,,1924,0,40,SEP25,1984,i
13002554,Than Tun Oo,MYA,M,,,,1955,0,20,SEP25,1965,i
13014455,Than Tun Oo,MYA,M,,,,1893,0,40,SEP25,1982,i
13017071,Than Tun Oo,MYA,M,,,,1772,0,40,SEP25,1985,i
13007394,Than Win,MYA,M,,,,1838,0,20,SEP25,1953,i
13010239,Than Win B,MYA,M,,,,1751,0,40,SEP25,1969,i
13010247,Than Win C,MYA,M,,,,2094,0,40,SEP25,1976,i
13001264,"Than, Htike Soe",MYA,M,,,,2124,0,40,SEP25,1975,i
13001353,"Than, Min Hlaing",MYA,M,,,,2166,0,20,SEP25,1976,
13013556,"Than, Win C",MYA,M,,NA,,2212,0,40,SEP25,1976,i
13002864,Thandar Aye Win,MYA,F,FM,WFM,"FT,IA",2087,0,20,SEP25,1983,wi
13003011,Thandar Zin Win,MYA,F,,,,2076,0,20,SEP25,1992,wi
13011812,Thant Kyaw,MYA,M,,,,1912,0,40,SEP25,1978,
13008528,Thant Zin Oo,MYA,M,,,,1979,0,40,SEP25,1981,i
13007980,Thant Zin Tun,MYA,M,,,,1660,0,40,SEP25,2004,i
13013564,"Thant, Zin Oo",MYA,M,,,,1865,0,40,SEP25,1981,i
13001094,Thaung Aye,MYA,M,,,,1980,0,20,SEP25,1956,i
13007335,Thaung Aye,MYA,M,,,,1828,0,40,SEP25,1944,i
13002597,Thaung Sein,MYA,M,,,,2049,0,20,SEP25,1968,i
13004425,Thaung Tun A,MYA,M,,,,1932,0,40,SEP25,1948,i
13007203,Thaw Dar Chan Aye,MYA,M,,,,1963,0,20,SEP25,1980,i
13019740,Thaw Thaw Zin,MYA,F,,,,1519,0,40,SEP25,1998,w
13004034,Thaw Zin Htet,MYA,M,,,,1957,0,20,SEP25,1999,i
13005901,Thaw Zin Htet A,MYA,M,,,,1938,0,40,SEP25,1983,i
13008536,Thaw Zin Htet B,MYA,M,,,,1924,0,40,SEP25,1993,i
13008854,Thaw Zin Kyaw,MYA,M,,,,1860,0,40,SEP25,1989,i
13016253,Thein Aung A,MYA,M,,,,1713,0,40,SEP25,1952,i
13007378,Thein Aye,MYA,M,,,,1854,0,40,SEP25,1956,i
13011790,Thein Hlaing,MYA,M,,,,1860,0,40,SEP25,1964,i
13008544,Thein Htaik,MYA,M,,,,2015,0,40,SEP25,1971,i
13011340,Thein Htay,MYA,M,,,,1910,0,40,SEP25,1974,i
13008250,Thein Htwe Naing,MYA,M,,,,2059,0,20,SEP25,1985,
13003020,Thein Naing Oo,MYA,M,,,,2187,0,20,SEP25,1981,i
13011782,Thein Naing Tun,MYA,M,,,,1735,0,40,SEP25,1972,i
13001345,Thein Saing,MYA,M,,,,1969,0,20,SEP25,1962,i
13002619,Thein Soe,MYA,M,,,,1965,0,20,SEP25,1966,i
13005910,Thein Tun Win,MYA,M,,,,1956,0,40,SEP25,1979,i
13003178,Thein Win Oo,MYA,M,,,,1910,0,40,SEP25,1974,i
13008277,Thein Zaw T,MYA,M,,,,1939,0,40,SEP25,1962,i
13024850,Theint Thazin,MYA,F,,,,1434,0,40,SEP25,2007,w
13004522,Thet Htoo Aung,MYA,M,,,,1750,0,40,SEP25,1985,i
13005928,Thet Htut Win,MYA,M,,,,1948,0,40,SEP25,1985,i
13002040,Thet Lin,MYA,M,,,,1878,0,40,SEP25,1941,i
13010298,Thet Lwin Oo,MYA,M,,,,1990,0,40,SEP25,1983,
13005936,Thet Maung Maung,MYA,M,,,,1959,0,40,SEP25,1983,i
13008749,Thet Naing A,MYA,M,,,,1921,0,40,SEP25,1966,i
13016261,Thet Naing Oo,MYA,M,,,,1743,0,40,SEP25,1972,i
13007998,Thet Naing Win,MYA,M,,,,2093,0,40,SEP25,1973,i
13004093,Thet Naung,MYA,M,FM,NA,,2267,0,20,SEP25,1982,i
13004808,Thet Paing Soe,MYA,M,,,,1918,0,40,SEP25,1985,i
13014471,Thet Tin Tun,MYA,M,,,,1887,0,40,SEP25,1976,i
13010328,Thi Ha Zaw,MYA,M,,,,1932,0,40,SEP25,1984,i
13013904,Thi Ha Zaw A,MYA,M,,,,1679,0,40,SEP25,2008,i
13004107,Thi Han Soe,MYA,M,,,,1975,0,20,SEP25,1987,i
13012339,Thi Han Soe A,MYA,M,,,,1840,0,40,SEP25,1987,i
13003437,Thiha Kyaw,MYA,M,,,,1962,0,20,SEP25,1995,
13014080,Thiha Kyaw A,MYA,M,,,,1983,0,20,SEP25,1978,
13022687,Thiha Oo,MYA,M,,,,1780,0,40,SEP25,2003,
13017080,Thiha Zaw,MYA,M,,,,1807,0,40,SEP25,2001,i
13012770,Thu Rein Tun,MYA,M,,,,1656,0,40,SEP25,2000,i
13005200,Thu Ya,MYA,M,,,,1886,0,40,SEP25,1984,i
13008846,Thura Aung Zaw,MYA,M,,,,1997,0,20,SEP25,1981,i
13007220,Thura Kyaw,MYA,M,,,,2042,0,20,SEP25,1987,i
13003364,Thura Naing Aye,MYA,M,,,,1995,0,40,SEP25,1988,i
13001035,Thura Tun,MYA,M,,,,1942,0,20,SEP25,1967,i
13024469,Thurein Saw Htoo,MYA,M,,,,1698,0,40,SEP25,2003,
13010336,Thurein Tun,MYA,M,,,,1973,0,40,SEP25,1979,i
13000845,Tin Aung,MYA,M,,,,2092,0,20,SEP25,1967,i
13009249,Tin Aung,MYA,M,,,,2029,0,40,SEP25,1956,i
13007351,Tin Aung,MYA,M,,,,1890,0,40,SEP25,1944,i
13017098,Tin Aung Soe,MYA,M,,,,1639,0,40,SEP25,1973,i
13001205,Tin Hla,MYA,M,,,,1883,0,20,SEP25,1968,i
13011065,Tin Hlaing Tun A,MYA,M,,,,1740,0,40,SEP25,1960,i
13000810,Tin Htun Zaw,MYA,M,,,,2142,0,10,SEP25,1974,i
13005197,Tin Ko Ko,MYA,M,,,,1841,0,40,SEP25,1972,i
13013912,Tin Latt,MYA,M,,,,1750,0,40,SEP25,1973,i
13002872,Tin Lay Shwe,MYA,F,WFM,WFM,,2061,0,20,SEP25,1981,wi
13000705,Tin Maung Aye,MYA,M,,,,1937,0,20,SEP25,1959,i
13017764,Tin Maung Tun,MYA,M,,,,1755,0,40,SEP25,1952,i
13015044,Tin Maung Tun A,MYA,M,,,,2067,0,40,SEP25,1978,i
13002678,Tin Mg Aye,MYA,M,,,,2011,0,20,SEP25,1960,i
13016270,Tin Mg Oo,MYA,M,,,,1876,0,40,SEP25,1966,i
13003666,Tin Naing Aung,MYA,M,,,,1820,0,40,SEP25,1988,i
13007238,Tin Ngwe B,MYA,M,,,,1888,0,40,SEP25,1976,i
13008005,Tin Oo,MYA,M,,,,2042,0,20,SEP25,1970,
13017888,Tin Tun,MYA,M,,,,2029,0,40,SEP25,1959,i
13000241,Tin Tun Zaw,MYA,M,,,,2033,0,20,SEP25,1979,
13002651,Tin Tun Zaw A,MYA,M,,,,1997,0,20,SEP25,1961,i
13001540,"Tin, Aung Khant",MYA,M,,,,2050,0,20,SEP25,1990,i
13000217,Tint Swe Win,MYA,M,,,,1980,0,20,SEP25,1969,i
13002686,Tint Swe Win A,MYA,M,,,,2057,0,20,SEP25,1965,i
13024752,Toe Ghon Shein Linn,MYA,M,,,,1692,0,40,SEP25,2015,
13010360,Toe Lwin,MYA,M,,,,2047,0,20,SEP25,1954,i
13001981,Toe Lwin A,MYA,M,,,,2103,0,10,SEP25,1960,i
13002694,Toe Lwin Thein,MYA,M,,,,2130,0,10,SEP25,1963,i
13024078,Toe Naing A,MYA,M,,,,1996,0,40,SEP25,1968,
13007246,Toe Set Aung,MYA,M,,,,1812,0,40,SEP25,1994,i
13002058,Toe Toe Aung,MYA,M,,,,1967,0,20,SEP25,1974,i
13012665,Tun Aung Kyaw,MYA,M,,,,1902,0,40,SEP25,1960,i
13003402,Tun Lwin Oo,MYA,M,,,,1914,0,40,SEP25,1980,i
13005987,Tun Min Latt,MYA,M,,,,1987,0,40,SEP25,1976,i
13004131,Tun Naung,MYA,M,,,,1816,0,20,SEP25,2000,
13010948,Tun Oo,MYA,M,,,,1925,0,40,SEP25,1951,i
13013220,Tun Oo Maung,MYA,M,,,,1853,0,40,SEP25,1979,
13002660,Tun Tun,MYA,M,,,,1912,0,20,SEP25,1959,
13000900,Tun Tun A,MYA,M,,,,1998,0,20,SEP25,1969,i
13017896,Tun Tun Hla A,MYA,M,,,,2005,0,40,SEP25,1963,i
13016032,Tun Tun Khine,MYA,M,,,,1914,0,40,SEP25,1977,i
13002708,Tun Tun Oo,MYA,M,,,,1896,0,20,SEP25,1965,i
13025821,Tun Tun Oo B,MYA,M,,,,1789,0,40,SEP25,1987,
13002716,Tun Tun Win,MYA,M,,,,1981,0,20,SEP25,1966,i
13017780,Tun Tun Win C,MYA,M,,,,1726,0,40,SEP25,1981,i
13012347,Tun Zar Ni Kyaw,MYA,M,,NA,,1927,0,20,SEP25,1980,i
13006959,U Za Na Ka,MYA,M,,,,1821,0,40,SEP25,1966,i
13004816,Wai Phyo,MYA,M,,,,2077,0,20,SEP25,1982,
13009257,Wai Phyo Aung,MYA,M,,,,1879,0,40,SEP25,1981,i
13010417,Wai Yan Kyaw,MYA,M,,,,1837,0,40,SEP25,1987,i
13012363,Wai Yan Myo,MYA,M,,,,2030,0,40,SEP25,1987,i
13009290,Wanna Htay,MYA,M,,,,1505,0,40,SEP25,2005,i
13007653,Win Aung,MYA,M,,,,1927,0,40,SEP25,1962,i
13007114,Win Htut Aung,MYA,M,,,,2018,0,40,SEP25,1973,i
13007645,Win Htut Aung B,MYA,M,,,,1937,0,20,SEP25,1980,i
13025740,Win Kyaing,MYA,M,,,,2035,0,40,SEP25,1966,
13004514,Win Lei Lei War,MYA,F,,,,1702,0,20,SEP25,2004,wi
13011669,Win Maung,MYA,M,,,,1959,0,40,SEP25,1967,i
13004190,Win Maw,MYA,M,,,,1791,0,40,SEP25,1976,i
13007270,Win Min Tun,MYA,M,,,,2027,0,40,SEP25,1979,i
13008838,Win Min Tun,MYA,M,,,,1877,0,40,SEP25,1974,i
13006029,Win MinThan,MYA,M,,,,1970,0,20,SEP25,1988,i
13023888,Win Myat Aung,MYA,M,,,,1447,0,40,SEP25,2005,i
13014528,Win Myat Thu,MYA,M,,,,1916,0,40,SEP25,1988,i
13003917,Win Myint,MYA,M,,,,2020,0,40,SEP25,1950,i
13010433,Win Myint A,MYA,M,,,,1702,0,40,SEP25,1952,i
13017802,Win Myint C,MYA,M,,,,1962,0,40,SEP25,1975,i
13003658,Win Naing,MYA,M,,,,1963,0,20,SEP25,1966,i
13011413,Win Naing A,MYA,M,,,,1999,0,40,SEP25,1965,i
13013920,Win Naing Oo,MYA,M,,,,1780,0,40,SEP25,1990,i
13008820,Win Naing Sein,MYA,M,,,,1860,0,40,SEP25,1980,i
13004824,Win Naing SP,MYA,M,,,,1964,0,40,SEP25,1967,i
13008641,Win Thant,MYA,M,,,,2308,0,40,SEP25,1970,i
13003542,Win Thein,MYA,M,,,,1839,0,40,SEP25,1977,i
13007289,Win Thein M,MYA,M,,,,1965,0,20,SEP25,1971,i
13007297,Win Thein S,MYA,M,,,,1934,0,20,SEP25,1963,i
13004468,Win Tun Oo,MYA,M,,,,1966,0,40,SEP25,1980,i
13003038,Win Win Thwe,MYA,F,,,,2069,0,20,SEP25,1988,wi
13003291,Win Zaw,MYA,M,,,,2097,0,20,SEP25,1966,i
13011626,Win Zaw Myint,MYA,M,,,,1970,0,40,SEP25,1967,i
13008811,Win Zaw Oo,MYA,M,,,,1726,0,40,SEP25,1969,i
13006541,"Win, Aung",MYA,M,,,,1954,0,20,SEP25,1970,
13003100,"Win, Tun",MYA,M,FM,,,2235,0,10,SEP25,1979,
13001450,"Win, Tun Htwe",MYA,M,,,,1830,0,20,SEP25,1992,
13006550,"Win, Tun Oo",MYA,M,,,,2073,0,20,SEP25,1977,i
13007637,Wint Ohmmar Kyaw,MYA,F,,,,1834,0,40,SEP25,1998,wi
13003143,"Wynn, Myint Oo",MYA,M,FM,,,2109,0,10,SEP25,1960,i
13002783,"Wynn, Zaw Htun",MYA,M,IM,"FT,NA",,2348,0,10,SEP25,1982,
13024728,Xavier Moezac,MYA,M,,,,1594,0,40,SEP25,2015,
13005189,Yan Aung,MYA,M,,,,1818,0,40,SEP25,1965,i
13010476,Yan Aung Phyo,MYA,M,,,,1882,0,40,SEP25,1981,i
13012380,Yan Myo Naing,MYA,M,,,,1840,0,40,SEP25,1973,i
13001086,Yan Naing,MYA,M,,,,2053,0,20,SEP25,1971,i
13025562,Yan Naing Myo,MYA,M,,,,1924,0,40,SEP25,1980,
13005464,"Yan, Aung",MYA,M,,,,1944,0,20,SEP25,1965,i
13005758,Yar Zar Ko Ko Thet,MYA,M,,,,1969,0,40,SEP25,1984,i
13025058,Yaw Min Wun,MYA,M,,,,1594,0,40,SEP25,2010,
13015222,Ye Hein Khant,MYA,M,,,,1670,0,40,SEP25,2013,i
13010743,Ye Khaing,MYA,M,,,,1788,0,40,SEP25,1976,i
13007629,Ye Ko Ko,MYA,M,,,,1874,0,40,SEP25,1988,i
13003712,Ye Kyaw Win,MYA,M,,,,1964,0,40,SEP25,1977,i
13003046,Ye Lin Aung,MYA,M,FM,,,2214,0,10,SEP25,1986,i
13004476,Ye Lin Htike,MYA,M,,,,2031,0,20,SEP25,1980,i
13008056,Ye Lin Thu,MYA,M,,,,1969,0,40,SEP25,1992,i
13011073,Ye Linn Tun,MYA,M,,,,1962,0,40,SEP25,1987,i
13003887,Ye Lwin,MYA,M,,,,1840,0,40,SEP25,1961,i
13021931,Ye Min Htike,MYA,M,,NA,,1971,0,40,SEP25,1976,
13000853,Ye Min Thame A,MYA,M,,,,2140,0,10,SEP25,1960,i
13016776,Ye Min Tun,MYA,M,,,,1866,0,40,SEP25,1979,i
13012681,Ye Minn Aung,MYA,M,,,,1972,0,40,SEP25,1987,i
13006983,Ye Myint,MYA,M,,,,1956,0,40,SEP25,1974,i
13011006,Ye Myo Aung,MYA,M,,,,1862,0,40,SEP25,1979,i
13006630,Ye Myo Kyaw,MYA,M,,,,1707,0,40,SEP25,1993,i
13008064,Ye Naing Tun,MYA,M,,,,2032,0,20,SEP25,1988,i
13005731,Ye Naing Win,MYA,M,,,,1653,0,40,SEP25,1983,i
13005170,Ye Pie Tun,MYA,M,,,,1963,0,40,SEP25,1992,i
13010484,Ye Shwe,MYA,M,,,,1665,0,40,SEP25,1955,i
13001620,Ye Thein Lynn,MYA,M,,,,2139,0,20,SEP25,1966,i
13024477,Ye Thura Hein,MYA,M,,,,1691,0,40,SEP25,2012,
13024124,Ye Thwin,MYA,M,,,,1814,0,40,SEP25,1980,
13001213,Ye Win,MYA,M,,,,1883,0,20,SEP25,1965,i
13000187,Ye Win Aung,MYA,M,,,,2161,0,20,SEP25,1972,i
13013947,Ye Yint Naing Tint,MYA,M,,,,1712,0,40,SEP25,2009,
13014889,"Ye, Naing Tun",MYA,M,,,,1914,0,40,SEP25,1968,i
13008803,Yee Min Tun,MYA,M,,,,2034,0,40,SEP25,1984,i
13013645,"Yee, Min Tun",MYA,M,,,,2182,0,40,SEP25,1984,i
13010506,Yin Min,MYA,M,,,,1779,0,40,SEP25,1982,i
13026313,Yun Myat Nandi,MYA,F,,,,1447,0,40,SEP25,2018,w
13023276,Ywun Poe Mel,MYA,F,,,,1593,0,40,SEP25,2015,w
13011421,Zar Ni,MYA,M,,,,1968,0,40,SEP25,1980,i
13022504,Zar Ni Aung,MYA,M,,,,1869,0,40,SEP25,2009,
13012690,Zar Ni Myo,MYA,M,,,,1842,0,40,SEP25,1978,i
13003925,Zaw Hsann,MYA,M,,,,1922,0,40,SEP25,1948,i
13017110,Zaw Htay,MYA,M,,,,1734,0,40,SEP25,1982,i
13009273,Zaw Latt,MYA,M,,,,1859,0,40,SEP25,1978,i
13007327,Zaw Lin,MYA,M,,,,1735,0,40,SEP25,1970,i
13008560,Zaw Lin,MYA,M,,,,1699,0,40,SEP25,1974,i
13016300,Zaw Lin Tun,MYA,M,,,,2023,0,40,SEP25,1978,i
13010557,Zaw Lin Tun,MYA,M,,,,1665,0,40,SEP25,1982,i
13005715,Zaw Min,MYA,M,,,,1876,0,40,SEP25,1984,i
13001876,Zaw Min Maung,MYA,M,,,,2136,0,20,SEP25,1967,i
13007599,Zaw Min Naing,MYA,M,,,,1902,0,40,SEP25,1970,i
13012398,Zaw Min Naing A,MYA,M,,,,1923,0,40,SEP25,1968,i
13003135,Zaw Myint Oo,MYA,M,,,,1888,0,40,SEP25,1972,i
13000608,Zaw Myo Htet,MYA,M,,,,2014,0,20,SEP25,1976,i
13007580,Zaw Myo Htet,MYA,M,,,,1908,0,40,SEP25,1977,i
13012703,Zaw Myo Htun,MYA,M,,,,1748,0,40,SEP25,1986,i
13016318,Zaw Myo Lin,MYA,M,,,,1822,0,40,SEP25,1977,i
13008579,Zaw Myo Thant,MYA,M,,,,2012,0,20,SEP25,1983,
13001337,Zaw One,MYA,M,FM,,,2321,0,10,SEP25,1972,i
13000195,Zaw Oo,MYA,M,FM,,,2258,0,10,SEP25,1974,
13001990,Zaw Oo A,MYA,M,,,,1953,0,20,SEP25,1970,i
13008587,Zaw Oo Maung,MYA,M,,,,1972,0,40,SEP25,1964,i
13002724,Zaw Tint,MYA,M,,,,1883,0,20,SEP25,1980,i
13002732,Zaw Tun,MYA,M,,,,2013,0,20,SEP25,1969,i
13002740,Zaw Win,MYA,M,,,,1943,0,20,SEP25,1966,
13023870,Zaw Win Hlaing,MYA,M,,,,1791,0,40,SEP25,1977,
13016334,Zaw Win K,MYA,M,,,,2053,0,40,SEP25,1965,i
13006649,Zaw Win M,MYA,M,,,,1986,0,40,SEP25,1969,i
13013955,Zaw Ye Htut,MYA,M,CM,,,2074,0,40,SEP25,2007,
13010581,Zaw Zaw Htet,MYA,M,,,,2034,0,40,SEP25,1978,i
13013254,Zaw Zaw Naing B,MYA,M,,,,1914,0,40,SEP25,1983,i
13016350,Zaw Zin Min,MYA,M,,,,1662,0,40,SEP25,2006,i
13014900,"Zaw, Min Naing A",MYA,M,,,,2116,0,40,SEP25,1968,
13006592,"Zaw, Myint Oo",MYA,M,,,,2020,0,40,SEP25,1972,i
13001655,"Zaw, Win",MYA,M,,,,1951,0,20,SEP25,1954,
13005022,"Zaw, Zaw Min",MYA,M,,,,1952,0,40,SEP25,1983,i
13013696,"Zaw, Zaw Oo",MYA,M,,,,1861,0,40,SEP25,1982,i
13008595,Zay Yar Min,MYA,M,,,,1677,0,40,SEP25,1983,
13012789,Zay Yar Min A,MYA,M,,,,1711,0,40,SEP25,1976,i
13024507,Zay Yar Win,MYA,M,,,,1856,0,40,SEP25,1976,
13012711,Zayar Aung,MYA,M,,,,1924,0,40,SEP25,1988,i
13003410,Zayar Soe,MYA,M,,,,2013,0,20,SEP25,1979,
13002252,Zeyar,MYA,M,,,,2177,0,20,SEP25,1973,
13012916,Zin Min,MYA,M,,,,1882,0,40,SEP25,1979,i
13005707,Zin Min Ko,MYA,M,,,,1990,0,40,SEP25,1989,i
13006673,Zin Min Latt,MYA,M,,,,1936,0,20,SEP25,1983,i
13015052,Zin Win Nyo,MYA,M,,,,1797,0,40,SEP25,2002,i
13013700,"Zin, Min",MYA,M,,,,2083,0,40,SEP25,1979,i
13002880,Zinmar Min Than,MYA,F,WFM,WFM,,1879,0,20,SEP25,1978,wi
13010620,Zu Py Oo,MYA,M,,,,1787,0,40,SEP25,1991,i
13005146,Zwe Maung Maung,MYA,M,,,,1821,0,40,SEP25,1996,i
13015095,Zwe Naing Win,MYA,M,,,,1455,0,40,SEP25,2008,i
13003844,Zwe Thura Aung,MYA,M,,,,1989,0,20,SEP25,2000,i
13020064,Zwe Wai Yan Lin,MYA,M,,,,1873,0,40,SEP25,2009,