ID Number,Name,Fed,Sex,Title,WTit,OTit,FOA,Rating,Gms,K,B-day,Flag
6502938,"Acevedo Mendez, Lisseth",ISL,F,WIM,WIM,,1848,AUG25,0,20,1993,wi
2330725,"Adalsteinsson, Bergmann Oli",ISL,M,,,,1704,AUG25,0,20,1998,
2300591,"Adalsteinsson, Hermann",ISL,M,,,,1680,AUG25,0,20,1968,
2311496,"Adalsteinsson, Stefan Bogi",ISL,M,,,,1610,AUG25,0,20,2002,i
2315483,"Adhikari, Flovent Rigved",ISL,M,,,,1716,AUG25,0,20,2005,
2311593,"Aegisson, Pall Isak",ISL,M,,,,1619,AUG25,0,20,2002,i
2317109,"Agnarsson, Bjorn",ISL,M,,,,1515,AUG25,2,20,1951,
2316390,"Agnarsson, Ingi",ISL,M,,,,1777,AUG25,0,20,1971,i
2308118,"Agustsson, Egill Steinar",ISL,M,,,,1787,AUG25,0,20,1985,
2319314,"Agustsson, Orn",ISL,M,,,,1726,AUG25,0,20,1991,
2320762,"Agustsson, Smari Steinn",ISL,M,,,,1583,AUG25,0,40,2009,i
2323532,"Agustsson, Tryggvi",ISL,M,,,,1819,AUG25,0,20,1955,i
2329786,"Ahmed, Omar Farooq",ISL,M,,,,1570,AUG25,0,20,1999,i
2307090,"Akason, Aevar",ISL,M,,,,1635,AUG25,0,20,1955,
2315912,"Alexandersson, Orn",ISL,M,,,,1719,AUG25,0,20,2005,i
2333511,"Alfthorsson, Bjarni Torfi",ISL,M,,,,1746,AUG25,0,20,1960,
2330180,"Alguno Openia, Tristan Nash",ISL,M,,,,1566,AUG25,0,40,2011,
2326531,"Andrason, Hjalti",ISL,M,,,,1802,AUG25,8,40,1976,
2300630,"Andrason, Pall Snaedal",ISL,M,,,,2074,AUG25,0,20,1994,i
2329255,"Andreasson Nyman, Samuel",ISL,M,,,,1570,AUG25,0,20,2001,
2316404,"Angantysson, Asgrimur",ISL,M,,,,1797,AUG25,0,20,1972,i
2307987,"Antonsson, Atli",ISL,M,,,,1857,AUG25,0,20,1976,i
2325144,"Arason, Steinar",ISL,M,,,,1522,AUG25,0,20,1979,i
2310147,"Arnaldarson, Bjarki",ISL,M,,,,1523,AUG25,0,20,2003,i
2304821,"Arnalds, Stefan",ISL,M,,,,1917,AUG25,0,20,1972,
2318776,"Arnarson, Alexander",ISL,M,,,,1567,AUG25,0,20,1973,i
2315238,"Arnarson, David",ISL,M,,,,1720,AUG25,0,20,1989,i
2329867,"Arnarson, Erlingur",ISL,M,,,,1432,AUG25,20,20,1967,
2334356,"Arnarson, Fridrik Rafn",ISL,M,,,,1583,AUG25,0,20,2004,
2332507,"Arnarson, Hrafn",ISL,M,,,,1767,AUG25,0,20,1953,
2333503,"Arnarson, Julius",ISL,M,,,,1677,AUG25,0,20,1975,
2305054,"Arnarson, Sigurdur",ISL,M,,,,2036,AUG25,0,20,1966,
2316455,"Arnarson, Smari",ISL,M,,,,1719,AUG25,0,20,2000,i
2326221,"Arnarson, Stefan",ISL,M,,,,1767,AUG25,0,20,1988,
1725033,"Arnarson, Thordur",ISL,M,,,,1868,AUG25,0,20,1980,i
2320770,"Arnarsson, Arni Johann",ISL,M,,,,1639,AUG25,0,20,2003,i
2324873,"Arnarsson, Herbert",ISL,M,,,,1591,AUG25,0,20,1968,i
2305399,"Arnarsson, Hrafn",ISL,M,,,,1652,AUG25,0,20,1953,
2301121,"Arnarsson, Hrannar",ISL,M,,,,2059,AUG25,0,20,1967,i
2301032,"Arnason, Arni A.",ISL,M,,,,1994,AUG25,0,20,1963,
2310511,"Arnason, Arni Thor",ISL,M,,,,1836,AUG25,0,20,1951,i
2308142,"Arnason, Arni Thor",ISL,M,,,,1735,AUG25,0,20,1938,i
2302756,"Arnason, Johannes Ingi",ISL,M,,,,1820,AUG25,0,20,1982,i
2300036,"Arnason, Jon L",ISL,M,GM,,,2319,AUG25,0,10,1960,i
2300826,"Arnason, Ragnar",ISL,M,,,,1659,AUG25,0,20,1952,i
2311852,"Arnason, Saemundur",ISL,M,,,,1612,AUG25,0,20,2003,i
2324067,"Arnason, Saevar Max",ISL,M,,,,1689,AUG25,0,20,2005,i
2300435,"Arnason, Throstur",ISL,M,FM,,,2213,AUG25,0,20,1972,i
2335492,"Arnason, Unnar",ISL,M,,,,1528,AUG25,0,20,1971,
2301288,"Arngrimsson, Dagur",ISL,M,IM,,,2289,AUG25,9,20,1987,
2301059,"Arnljotsson, Jon",ISL,M,,,,1867,AUG25,0,20,1961,
2331438,"Arsenault, Charles",ISL,M,,,,1763,AUG25,0,20,1992,i
2300320,"Asbjornsson, Asgeir",ISL,M,FM,,,2256,AUG25,0,20,1956,i
2314967,"Asbjornsson, Magnus Dagur",ISL,M,,,,1807,AUG25,0,20,1977,i
2308150,"Asgeirsdottir, Embla",ISL,F,,,,1467,AUG25,0,20,1969,wi
2323940,"Asgeirsson, Adalsteinn Egill",ISL,M,,,,1533,AUG25,0,40,2010,
2328178,"Asgeirsson, Jon Fridrik",ISL,M,,,,1538,AUG25,0,40,2009,i
2318423,"Asgrimsson, Sveinbjorn Jon",ISL,M,,,,1808,AUG25,0,20,1968,
2323818,"Asgrimsson, Valur Darri",ISL,M,,,,1522,AUG25,0,40,2012,
2305437,"Asmundsson, Sigurbjorn",ISL,M,,,,1679,AUG25,0,20,1970,
2309874,"Astradsson, Jonas S",ISL,M,,,,1527,AUG25,0,20,1940,i
2318849,"Atlason, Hjalti",ISL,M,,,,1654,AUG25,0,20,1970,i
2329620,"Atlason, Mani",ISL,M,,,,1618,AUG25,0,20,1985,
2320746,"Audarson, Odinn Freyr",ISL,M,,,,1681,AUG25,0,20,1983,i
2306166,"Axelsson, Omar Pall",ISL,M,,,,1866,AUG25,0,20,1995,i
2318946,"B. Berglindardottir, Emilia Embla",ISL,F,,,,1539,AUG25,0,40,2012,w
2327104,"Baldursson, Anton Bjorn",ISL,M,,,,1582,AUG25,0,20,1961,
2313464,"Baldursson, Atli Mar",ISL,M,,,,1512,AUG25,0,20,2002,i
2322889,"Baldursson, Benedikt",ISL,M,,,,1822,AUG25,0,20,1970,i
2301423,"Baldursson, Haraldur",ISL,M,,,,1908,AUG25,0,20,1964,i
2301156,"Baldursson, Hrannar",ISL,M,,,,AGM,AUG25,2063,0,1970,i
2325292,"Baldursson, Ivan Gudjon",ISL,M,,,,1781,AUG25,0,20,1991,
2308169,"Baldursson, Stefan",ISL,M,,,,1842,AUG25,0,20,1955,i
2301261,"Baldvinsson, Loftur",ISL,M,,,,1943,AUG25,0,20,1980,
2332183,"Baljak, Dorde",ISL,M,,,,1648,AUG25,0,20,1994,i
2329972,"Bangoura, Moustapha Arni",ISL,M,,,,1478,AUG25,0,40,2012,
2327074,"Barrios, Larry Martin Zavala",ISL,M,,,,1624,AUG25,0,20,1982,
2332388,"Bartoszek, Pawel",ISL,M,,,,1757,AUG25,0,20,1980,
2318156,"Bauzon, Philippe",ISL,M,,,,1841,AUG25,0,20,1986,i
2301300,"Benediktsson, Frimann",ISL,M,,,,1905,AUG25,0,20,1953,i
2302691,"Benediktsson, Thorir",ISL,M,,IA,,1863,AUG25,0,20,1976,i
2302306,"Berg, Runar",ISL,M,,,,2076,AUG25,0,20,1964,i
2332590,"Bergsson, Bjarki Pall",ISL,M,,,,1573,AUG25,0,20,1997,
2301393,"Bergsson, Stefan",ISL,M,,,,2061,AUG25,9,20,1984,
2302829,"Bergthorsson, Jon Thor",ISL,M,,,,2115,AUG25,0,20,1966,i
2305445,"Bergvinsson, Ludvik",ISL,M,,,,1848,AUG25,0,20,1964,i
2303540,"Berndsen, Birgir",ISL,M,,,,1935,AUG25,0,20,1965,i
2302837,"Berndsen, Ellert",ISL,M,,,,1854,AUG25,0,20,1964,i
2316811,"Berndsen, Soffia Arndis",ISL,F,,,,1527,AUG25,0,40,2008,wi
2327228,"Bernhardsson, Kristian Mar",ISL,M,,,,1618,AUG25,0,40,2011,
2301342,"Bessason, Heimir",ISL,M,,,,1652,AUG25,0,20,1945,i
2322943,"Birgisson, Hilmar Freyr",ISL,M,,,,1707,AUG25,0,20,1993,i
2301407,"Birgisson, Ingvar Orn",ISL,M,,,,1895,AUG25,7,20,1980,
2323540,"Birgisson, Magnus Tryggvi",ISL,M,,,,1879,AUG25,0,40,2011,i
2311860,"Birkisdottir, Freyja",ISL,F,,,,1614,AUG25,0,20,2006,wi
2310597,"Birkisson, Bardur Orn",ISL,M,FM,,,2216,AUG25,9,20,2000,
2310600,"Birkisson, Bjorn Holm",ISL,M,CM,,,2139,AUG25,18,20,2000,
2304554,"Birnuson, Geir",ISL,M,,,,1652,AUG25,0,20,1975,i
2320576,"Bjarkason, Arnar Gauti",ISL,M,,,,1577,AUG25,0,20,2003,i
2322455,"Bjarkason, Brynjar",ISL,M,,NA,,1785,AUG25,13,20,1979,
2330008,"Bjarkason, Halldor Palmi",ISL,M,,,,1777,AUG25,16,20,1981,
2333449,"Bjarkason, Viktor Franz",ISL,M,,,,1779,AUG25,0,40,2007,
2331489,"Bjarnason, Arnar Orri",ISL,M,,,,1475,AUG25,0,20,2003,i
2323451,"Bjarnason, Benedikt",ISL,M,,,,1817,AUG25,0,20,1988,i
2316633,"Bjarnason, Bjarki Freyr",ISL,M,,,,1815,AUG25,0,20,1988,i
2323028,"Bjarnason, Kristinn",ISL,M,,,,1849,AUG25,0,20,1964,
2301458,"Bjarnason, Kristinn Th",ISL,M,,,,1845,AUG25,0,20,1940,i
2304848,"Bjarnason, Larus H",ISL,M,,,,1637,AUG25,0,20,1956,
2317028,"Bjarnason, Loftur Ingi",ISL,M,,,,1570,AUG25,0,20,1986,i
2316501,"Bjarnason, Olafur",ISL,M,,,,1906,AUG25,0,20,1946,i
2327139,"Bjarnason, Tomas Bogi",ISL,M,,,,1611,AUG25,0,20,2006,i
2312182,"Bjarnthorsson, Alexander Mar",ISL,M,,,,1529,AUG25,0,20,2005,i
2312190,"Bjarnthorsson, Gabriel Saer",ISL,M,,,,1428,AUG25,0,20,2006,i
2317958,"Bjorgolfsson, Konrad K",ISL,M,,,,1480,AUG25,0,20,1956,i
2318067,"Bjorgvinsdottir, Sigurjona",ISL,F,,,,1655,AUG25,0,20,1951,wi
2306913,"Bjorgvinsson, Andri Freyr",ISL,M,,,,2047,AUG25,0,20,1997,
2335522,"Bjorgvinsson, Kristjan Ernir",ISL,M,,,,1477,AUG25,15,20,1999,
2335735,"Bjornsson Bende, Daniel Aron",ISL,M,,,,1492,AUG25,27,40,2009,
2311879,"Bjornsson, Alexander",ISL,M,,,,1468,AUG25,0,20,2006,i
2311240,"Bjornsson, Bjorn",ISL,M,,,,1866,AUG25,0,20,1966,
2319250,"Bjornsson, Bjorn Brynjulfur",ISL,M,,,,1694,AUG25,0,20,1988,i
2300834,"Bjornsson, Bjorn Freyr",ISL,M,,,,2090,AUG25,0,20,1963,
2301563,"Bjornsson, Eirikur K.",ISL,M,,,,1976,AUG25,25,20,1959,
2312310,"Bjornsson, Gabriel Freyr",ISL,M,,,,1664,AUG25,0,20,2004,i
2326990,"Bjornsson, Gudjon Birkir",ISL,M,,,,1571,AUG25,0,20,1995,i
2302039,"Bjornsson, Gunnar",ISL,M,,,,2014,AUG25,13,20,1967,
2309475,"Bjornsson, Gustaf S.",ISL,M,,,,1701,AUG25,0,20,1984,i
2325306,"Bjornsson, Harald",ISL,M,,,,1839,AUG25,33,20,1984,
2326892,"Bjornsson, Helgi Valur",ISL,M,,,,1676,AUG25,0,20,2006,
2301539,"Bjornsson, Jon",ISL,M,,,,1540,AUG25,0,20,1945,i
2317966,"Bjornsson, Julius",ISL,M,,,,1910,AUG25,0,20,1973,i
2300974,"Bjornsson, Sigurbjorn",ISL,M,FM,,,2240,AUG25,18,10,1975,
2311542,"Bjornsson, Sigurjon Helgi",ISL,M,,,,1698,AUG25,0,20,1965,
2301954,"Bjornsson, Sverrir Orn",ISL,M,,,,2029,AUG25,0,20,1971,
2329794,"Bjornsson, Thordur Valtyr",ISL,M,,,,1523,AUG25,0,20,1998,i
2300303,"Bjornsson, Tomas",ISL,M,FM,,,2059,AUG25,0,20,1969,
2323320,"Bonandrini, Vassia",ISL,M,,,,1630,AUG25,0,20,1999,i
2307030,"Bragason, Baldur Mar",ISL,M,,,,1639,AUG25,0,20,1972,i
2309483,"Bragason, Gudmundur Agnar",ISL,M,,,,1601,AUG25,0,20,2001,i
2314215,"Bragason, Kormakur Thrainn",ISL,M,,,,1831,AUG25,0,20,1955,i
2315432,"Briem, Benedikt",ISL,M,,,,2172,AUG25,33,20,2006,
2317486,"Briem, Gudrun Fanney",ISL,F,WCM,WCM,,2000,AUG25,6,40,2010,w
2312573,"Briem, Hedinn",ISL,M,,,,1801,AUG25,0,20,1989,i
2304856,"Briem, Jon G",ISL,M,,,,1910,AUG25,0,20,1948,i
2317060,"Briem, Kjartan",ISL,M,,,,1635,AUG25,5,20,1970,
2312506,"Briem, Stephan",ISL,M,,,,2216,AUG25,9,20,2003,
2318105,"Brocker, Max",ISL,M,,,,1585,AUG25,0,20,1941,i
2305224,"Brynjarsson, Alexander Mar",ISL,M,,,,1675,AUG25,0,20,1994,i
2315939,"Brynjarsson, Einar Dagur",ISL,M,,,,1480,AUG25,0,40,2009,i
2302233,"Brynjarsson, Helgi",ISL,M,,,,2033,AUG25,0,20,1991,
2322544,"Brynjarsson, Nokkvi Holm",ISL,M,,,,1625,AUG25,1,40,2011,
2321726,"Brynjarsson, Orvar Holm",ISL,M,,,,1769,AUG25,14,40,2012,
2305313,"Buason, Gudmundur",ISL,M,,,,1755,AUG25,0,20,1944,i
2303566,"Buason, Runar",ISL,M,,,,1921,AUG25,0,20,1949,i
2305461,"Carlsson, Carl Johan",ISL,M,,,,1777,AUG25,0,20,1973,i
2333740,"Cherepinsky, Viacheslav",ISL,M,,,,1696,AUG25,0,20,1966,
2317117,"Claesson, Karl Andersson",ISL,M,,,,1492,AUG25,0,20,2001,
2318636,"Coroiu, Ioan",ISL,M,,,,1597,AUG25,0,20,1981,i
2315807,"Creed, David",ISL,M,,,,1690,AUG25,0,20,1978,i
2335085,"Croitoru, Nicolae",ISL,M,,,,1555,AUG25,11,40,2011,
2301113,"Dadason, Gudmundur",ISL,M,,,,1934,AUG25,0,20,1977,
1400185,"Danielsen, Henrik",ISL,M,GM,,,2473,AUG25,0,10,1966,i
2324075,"Danielsson, Grimur",ISL,M,,,,1752,AUG25,0,20,1985,i
2301792,"Danielsson, Sigurdur",ISL,M,,,,1926,AUG25,0,20,1944,i
2309491,"Davidsdottir, Nansy",ISL,F,,,,1877,AUG25,0,20,2002,wi
2330644,Davidsson Oskar Pall,ISL,M,,,,1618,AUG25,0,20,1997,i
2329263,"Davidsson, Alvar",ISL,M,,,,1528,AUG25,0,20,2004,
2321068,"Davidsson, Emil Andri",ISL,M,,,,1698,AUG25,0,40,2009,i
2311631,"Davidsson, Joshua",ISL,M,,,,1660,AUG25,0,20,2005,
2322471,"Davidsson, Josua Gabriel",ISL,M,,,,1507,AUG25,0,20,2001,i
2310627,"Davidsson, Oskar Vikingur",ISL,M,,,,1894,AUG25,0,20,2005,i
2332396,"Davidsson, Snorri Rafn William",ISL,M,,,,1703,AUG25,0,40,2007,
2311399,"Davidsson, Stefan Orri",ISL,M,,,,1702,AUG25,0,20,2006,i
2324784,"Dinmore, Pietro",ISL,M,,,,1813,AUG25,0,20,1994,i
14142805,"Domalchuk-Jonasson, Aleksandr",ISL,M,IM,,,2259,AUG25,0,20,2005,
2316846,"Doruson, Einar Helgi",ISL,M,,,,1583,AUG25,0,40,2009,i
2325845,"Dungal, Hoskuldur",ISL,M,,,,1547,AUG25,0,20,1949,i
2322978,"Edgarsson, Gudmundur",ISL,M,,,,1711,AUG25,0,20,1965,
2332302,"Edvardsson, Eythor",ISL,M,,,,1721,AUG25,0,20,1967,
2300893,"Edvardsson, Kristjan",ISL,M,,,,2168,AUG25,0,20,1973,i
2327147,"Egilsson, Ari Pall",ISL,M,,,,1624,AUG25,0,20,2006,i
2301628,"Egilsson, Benedikt",ISL,M,,,,1557,AUG25,0,20,1956,i
2304627,"Egilsson, Fridrik Orn",ISL,M,,,,1897,AUG25,0,20,1965,
2330148,"Egilsson, Kristofer Arni",ISL,M,,,,1525,AUG25,0,40,2010,
2301644,"Eidsson, Johann Oli",ISL,M,,,,1862,AUG25,0,20,1993,
2331527,"Einarsdottir, Margret Kristin",ISL,F,,,,1598,AUG25,0,40,2010,w
2306654,"Einarsson, Agust Omar",ISL,M,,,,1713,AUG25,0,20,1959,
2320860,"Einarsson, Baldvin Logi",ISL,M,,,,1469,AUG25,0,20,1988,i
2300990,"Einarsson, Bergsteinn",ISL,M,,,,2232,AUG25,0,20,1981,i
2324458,"Einarsson, Daniel Jon",ISL,M,,,,1575,AUG25,0,20,2000,i
2301105,"Einarsson, Einar Kristinn",ISL,M,,,,1993,AUG25,0,20,1973,i
2301652,"Einarsson, Einar S",ISL,M,,,,1767,AUG25,0,20,1938,
2307715,"Einarsson, Eirikur Gardar",ISL,M,,,,1706,AUG25,0,20,1983,i
2314061,"Einarsson, Freyr Vikingur",ISL,M,,,,1638,AUG25,0,20,2003,i
2332698,"Einarsson, Gardar Hrafn",ISL,M,,,,1582,AUG25,9,40,2016,
2300150,"Einarsson, Halldor Gretar",ISL,M,FM,,,2101,AUG25,0,20,1966,
2330806,"Einarsson, Ingibergur",ISL,M,,,,1568,AUG25,0,20,1989,
2307197,"Einarsson, Jon Birgir",ISL,M,,,,1858,AUG25,0,20,1975,i
2309505,"Einarsson, Oskar",ISL,M,,,,1600,AUG25,0,20,1953,i
2309220,"Einarsson, Oskar Long",ISL,M,,,,1772,AUG25,0,20,1976,
2320584,"Einarsson, Saemundur",ISL,M,,NA,,1434,AUG25,0,20,1981,
2301660,"Einarsson, Sveinn Gauti",ISL,M,,,,1690,AUG25,0,20,1989,i
2314975,"Einarsson, Vignir",ISL,M,,,,1807,AUG25,0,20,1975,i
2316536,"Eiriksson, Gisli",ISL,M,,,,1605,AUG25,0,20,1951,i
2302314,"Eiriksson, Sigurdur",ISL,M,,,,1886,AUG25,0,20,1951,
2322277,"Eiriksson, Theodor",ISL,M,,,,1830,AUG25,17,40,2010,
2328801,"Elchaer, Adam",ISL,M,,,,1667,AUG25,0,40,2007,i
2301822,"Eliasson, Jon Steinn",ISL,M,,,,1844,AUG25,0,20,1950,
2301784,"Eliasson, Kristjan Orn",ISL,M,,IA,,1916,AUG25,62,20,1958,
2320789,"Elinarson, Tryggvi Mar",ISL,M,,,,1583,AUG25,0,40,2009,i
2330628,"Emeliusson, Halldor",ISL,M,,,,1620,AUG25,0,20,1968,i
2325373,"Emiliuson, Halldor",ISL,M,,,,1614,AUG25,0,20,1968,
2330954,"Erlendsson Weinert, Robin Peter",ISL,M,,,,1493,AUG25,0,40,2011,
2326116,"Ernisson, Petur Ulfar",ISL,M,,,,1779,AUG25,50,40,2015,
2318059,"Eyjolfsson, Pall",ISL,M,,,,1591,AUG25,0,20,1967,i
2304635,"Eymundsson, Eymundur",ISL,M,,,,1812,AUG25,0,20,1967,i
2321769,"Eythorsson, Engilbert Vidar",ISL,M,,,,1678,AUG25,0,40,2011,i
2334860,"Eythorsson, Petur Ivar",ISL,M,,,,1507,AUG25,16,40,2015,
2300214,"Finnbogadottir, Tinna Kristin",ISL,F,,,,1886,AUG25,0,20,1991,w
1701550,"Finnlaugsson, Gunnar",ISL,M,,,,1938,AUG25,0,20,1947,i
2325462,"Finnsson Fenger, Emil",ISL,M,,,,1574,AUG25,31,40,2012,
2301997,"Finnsson, Finnur",ISL,M,,,,1592,AUG25,0,20,1935,i
2303590,"Finnsson, Gunnar",ISL,M,,,,1820,AUG25,0,20,1947,i
2308240,"Finnsson, Johann Arnar",ISL,M,,,,1878,AUG25,0,20,2000,
2326230,"Finnsson, Johann Orn",ISL,M,,,,1507,AUG25,0,20,1995,
2335794,"Fletcher, Matthew",ISL,M,,,,1893,AUG25,9,40,1979,
2333678,"Franksson, Adam",ISL,M,,,,1543,AUG25,0,20,2004,
2300885,"Fridbertsson, Aegir",ISL,M,,,,1936,AUG25,9,20,1966,
2303124,"Fridgeirsson, Dagur Andri",ISL,M,,,,2023,AUG25,17,20,1995,
2325594,"Fridgeirsson, Daniel Hakon",ISL,M,,,,1749,AUG25,0,20,1997,
2319292,"Fridgeirsson, Haraldur O",ISL,M,,,,1708,AUG25,0,20,1985,i
2315963,"Fridgeirsson, Pall Ingi",ISL,M,,,,1422,AUG25,0,20,2003,i
2307227,"Fridjonsson, Jon Gunni",ISL,M,,,,2066,AUG25,0,20,1944,
2300842,"Fridjonsson, Julius",ISL,M,,,,2031,AUG25,0,20,1950,i
2330636,Fridriksson Adalsteinn Johann,ISL,M,,,,1731,AUG25,0,20,1991,i
2329158,"Fridriksson, Emil Vikingur",ISL,M,,,,1545,AUG25,0,40,2011,i
2320878,"Fridriksson, Magnus",ISL,M,,,,1614,AUG25,0,20,1986,i
2326485,"Fridriksson, Reginn",ISL,M,,,,1621,AUG25,0,40,2007,i
2300788,"Fridthjofsdottir, Sigurl. Regina",ISL,F,,,,1718,AUG25,0,20,1961,w
2329751,"Garajszki, Noel Aron",ISL,M,,,,1464,AUG25,0,40,2011,
2303604,"Gardarsson, Hordur",ISL,M,,,,1727,AUG25,0,20,1956,i
2302020,"Gardarsson, Magnus",ISL,M,,,,1753,AUG25,0,20,1975,i
2319853,"Gardarsson, Ragnar Mar",ISL,M,,,,1426,AUG25,0,20,1995,i
2302055,"Gasanova, Ulker",ISL,F,,,,1626,AUG25,0,20,1992,wi
2302063,"Gautason, Alexander",ISL,M,,NA,,1740,AUG25,13,20,1994,
2302098,"Gautason, Kristofer",ISL,M,,NA,,1779,AUG25,13,20,1997,
2313596,"Geirsson, Kristjan",ISL,M,,,,1748,AUG25,0,20,1963,
2310406,"Georgsson, Ellert Kristjan",ISL,M,,,,1572,AUG25,0,20,2001,
2328704,"Georgsson, Ingvi Thor",ISL,M,,,,1543,AUG25,0,20,1990,i
2302080,"Gestsson, Sverrir",ISL,M,,,,1935,AUG25,0,20,1957,i
2325047,"Ghasemi, Mohammadhossein",ISL,M,,,,1826,AUG25,0,20,1990,i
2302179,"Gislason, Agust Orn",ISL,M,,,,1878,AUG25,6,20,1976,
2300559,"Gislason, Gudmundur",ISL,M,FM,,,2275,AUG25,12,20,1964,
2319306,"Gislason, Ingolfur",ISL,M,,,,1873,AUG25,0,20,1974,i
2311283,"Gislason, Jason Andri",ISL,M,,,,1596,AUG25,0,20,2001,i
2302276,"Gislason, Stefan",ISL,M,,,,1643,AUG25,0,20,1950,
2315262,"Gislason, Steinthor Orn",ISL,M,,,,1545,AUG25,6,20,2004,
2326400,"Gissurarson, Matthias Pall",ISL,M,,,,1605,AUG25,0,20,1991,
2322862,"Gramizadeh, Hamed",ISL,M,,,,1713,AUG25,0,20,1990,i
2301385,"Gretarsdottir, Lilja",ISL,F,WIM,WIM,,1890,AUG25,0,20,1972,w
2300249,"Gretarsson, Andri A",ISL,M,FM,,,2048,AUG25,0,20,1969,
2300699,"Gretarsson, Helgi Ass",ISL,M,GM,,,2416,AUG25,18,10,1977,
2302241,"Gretarsson, Hjorvar Steinn",ISL,M,GM,,,2473,AUG25,0,10,1993,i
2304651,"Gretarsson, Sigurdur Ass",ISL,M,,,,1881,AUG25,0,20,1965,
2322790,"Grettisson, Arnar Breki",ISL,M,,,,1669,AUG25,3,20,2004,
2307596,"Grimsson, Grimur",ISL,M,,,,1870,AUG25,0,20,1960,i
2318164,"Grimsson, Thordur",ISL,M,,,,1701,AUG25,0,20,1985,i
2320894,"Gudbjartsson, Daniel",ISL,M,,,,1701,AUG25,0,20,1973,i
2332140,"Gudbrandsson, Thor Jokull",ISL,M,,,,1739,AUG25,0,40,2009,
2304864,"Gudfinnsson, Saebjorn",ISL,M,,,,1873,AUG25,0,20,1944,
2329344,Gudjonsson Larus Solberg,ISL,M,,,,1557,AUG25,0,20,1951,i
2323664,"Gudjonsson, Anton Vignir",ISL,M,,,,1794,AUG25,0,20,1992,
2326280,"Gudjonsson, Ingi Haflidi",ISL,M,,,,1608,AUG25,0,20,1964,i
2331926,"Gudjonsson, Odinn Freyr",ISL,M,,,,1475,AUG25,0,20,1983,i
2325110,"Gudjonsson, Petur Alex",ISL,M,,,,1669,AUG25,0,40,2007,i
2309980,"Gudjonsson, Sigurdur Pall",ISL,M,,,,1851,AUG25,0,20,1962,i
2302209,"Gudjonsson, Sindri",ISL,M,,,,1859,AUG25,0,20,1979,
2320681,"Gudjonsson, Vilhjalmur",ISL,M,,,,1862,AUG25,0,20,1953,i
2305526,"Gudlaugsson, Rafn",ISL,M,,,,1673,AUG25,0,20,1949,
2311550,"Gudmarsson, Olafur",ISL,M,,,,1789,AUG25,0,20,1978,i
2330482,"Gudmundarson, Birkir",ISL,M,,,,1583,AUG25,0,20,1989,i
2310473,"Gudmundsson, Bjarni Thor",ISL,M,,,,1725,AUG25,0,20,2001,i
2310520,"Gudmundsson, Bjorgvin S",ISL,M,,,,1907,AUG25,0,20,1962,i
2333694,"Gudmundsson, Bragi Holmar",ISL,M,,,,1415,AUG25,0,40,2009,
2311674,"Gudmundsson, Einar",ISL,M,,,,1603,AUG25,0,20,1960,
2325560,"Gudmundsson, Eirikur Orri",ISL,M,,,,1415,AUG25,12,20,1971,
2300206,"Gudmundsson, Elvar",ISL,M,FM,,,2324,AUG25,0,20,1963,i
2307871,"Gudmundsson, Finnbogi Otto",ISL,M,,,,1785,AUG25,0,20,1954,i
2323044,"Gudmundsson, Fridrik Helgi",ISL,M,,,,1402,AUG25,0,20,2000,i
2314002,"Gudmundsson, Gardar Vidir",ISL,M,,,,1541,AUG25,0,20,1942,i
2303620,"Gudmundsson, Gudmundur G",ISL,M,,,,1695,AUG25,0,20,1948,i
2314339,"Gudmundsson, Gunnar Erik",ISL,M,,,,1945,AUG25,16,40,2007,
2306719,"Gudmundsson, Johannes",ISL,M,,,,1641,AUG25,0,20,1998,i
2301350,"Gudmundsson, Kjartan",ISL,M,,,,1976,AUG25,0,20,1973,i
2307278,"Gudmundsson, Kristofer Orri",ISL,M,,,,2031,AUG25,0,20,1997,
2308940,"Gudmundsson, Olafur",ISL,M,,,,1914,AUG25,0,20,1966,i
2302411,"Gudmundsson, Petur Steinn",ISL,M,,,,1873,AUG25,0,20,1995,
2322463,"Gudmundsson, Solvi",ISL,M,,,,1644,AUG25,0,20,2004,
2304872,"Gudmundsson, Stefan Thormar",ISL,M,,,,1877,AUG25,0,20,1946,i
2329808,"Gudmundsson, Steinn",ISL,M,,,,1728,AUG25,0,20,1996,i
2332280,"Gudmundsson, Sverrir",ISL,M,,,,1591,AUG25,5,40,1979,
2316650,"Gudmundsson, Thordur",ISL,M,,,,1699,AUG25,0,20,1976,i
2324008,"Gudnason, Daniel",ISL,M,,,,1632,AUG25,0,20,1993,i
2321637,"Gudnyjarson, Sigurdur Pall",ISL,M,,,,1889,AUG25,13,40,2011,
2330059,Gulyas Adam Ferenc,ISL,M,,,,1802,AUG25,0,20,1988,
2327058,"Gunnarsdottir, Eyrun Eva",ISL,F,,,,1473,AUG25,0,20,1991,wi
2300915,"Gunnarsson, Arnar",ISL,M,IM,,,2323,AUG25,0,10,1978,
2324482,"Gunnarsson, Asgeir Aegir",ISL,M,,,,1648,AUG25,0,40,2009,i
2322145,"Gunnarsson, Audunn Snaer",ISL,M,,,,1507,AUG25,6,40,2008,
2311917,"Gunnarsson, Baltasar Mani Wedhol",ISL,M,,,,1564,AUG25,0,20,2005,i
2318385,"Gunnarsson, Bergsteinn",ISL,M,,,,1631,AUG25,0,20,1991,i
2334232,"Gunnarsson, Gunnar Finnbogi",ISL,M,,,,1857,AUG25,0,20,1969,
2300354,"Gunnarsson, Gunnar K",ISL,M,,,,1999,AUG25,0,20,1933,i
2328410,"Gunnarsson, Hallgrimur",ISL,M,,,,1518,AUG25,0,20,1983,
2302519,"Gunnarsson, Helgi Petur",ISL,M,,,,1792,AUG25,0,20,1976,
2324318,"Gunnarsson, Hjortur",ISL,M,,,,1635,AUG25,0,20,1994,
2300931,"Gunnarsson, Jon Viktor",ISL,M,IM,,,2382,AUG25,0,10,1980,
2312220,"Gunnarsson, Kjartan Karl",ISL,M,,,,1524,AUG25,0,20,2005,i
2302853,"Gunnhallsson, Arngrimur",ISL,M,,,,2101,AUG25,0,20,1961,i
2313944,"Gunnlaugsson, Arnor",ISL,M,,,,1561,AUG25,0,20,2005,
2301776,"Gunnlaugsson, Gisli",ISL,M,,,,1848,AUG25,0,20,1942,i
2310538,"Gunnlaugsson, Gudmundur Reynir",ISL,M,,,,1768,AUG25,0,20,1975,i
2316560,"Gunnlaugsson, Gylfi Thorsteinn",ISL,M,,,,1781,AUG25,0,20,1997,
2314010,"Gunnlaugsson, Thorir",ISL,M,,,,1708,AUG25,0,20,1944,i
2326833,"Gunnlaugsson, Vignir Oli",ISL,M,,,,1551,AUG25,0,40,2010,
2328810,"Gvinet, Felix",ISL,M,,,,1599,AUG25,0,20,2000,i
2317052,"Gylfason, Hordur Mar",ISL,M,,,,1411,AUG25,0,20,1974,i
2305992,"Hafdisarson, Anton Reynir",ISL,M,,,,1693,AUG25,0,20,1993,i
2306956,"Hafdisarson, Ingi Thor",ISL,M,,,,1671,AUG25,0,20,1987,i
2319055,"Haflidason, Haflidi",ISL,M,,,,1904,AUG25,0,20,1988,i
2333716,"Hafsteinsson, Leifur Geir",ISL,M,,,,1730,AUG25,0,20,1970,
2323206,"Hafthorsson, Jon Ulfur",ISL,M,,IA,,1694,AUG25,0,20,2002,
2315190,"Haile, Batel Goitom",ISL,F,,,,1736,AUG25,0,40,2007,wi
2319438,"Haile, Lemuel Goitom",ISL,M,,,,1421,AUG25,0,40,2013,i
2314665,"Hakonarson, Sverrir",ISL,M,,,,1904,AUG25,23,20,2003,
2309572,"Hakonarson, Vidar Njall",ISL,M,,,,1618,AUG25,0,20,1967,i
2301830,"Halfdanarson, Jon",ISL,M,,,,2066,AUG25,0,20,1947,i
2319233,"Halldorsdottir, Margret H",ISL,F,,,,1543,AUG25,0,20,1976,wi
2300664,"Halldorsson, Bjorn",ISL,M,,,,2155,AUG25,0,20,1954,i
2300907,"Halldorsson, Bragi",ISL,M,,,,2099,AUG25,9,20,1949,
2300494,"Halldorsson, Gudmundur",ISL,M,CM,,,2227,AUG25,0,20,1959,i
2301369,"Halldorsson, Halldor",ISL,M,CM,,,2130,AUG25,7,20,1984,
2303647,"Halldorsson, Hjorleifur",ISL,M,,,,1900,AUG25,0,20,1944,i
2312611,"Halldorsson, Ivar",ISL,M,,,,1603,AUG25,0,20,0,
2301075,"Halldorsson, Jon Arni",ISL,M,CM,,,2002,AUG25,0,20,1962,i
2324822,"Halldorsson, Karma",ISL,M,,,,1944,AUG25,16,40,2014,
2302551,"Halldorsson, Kristjan",ISL,M,,,,1872,AUG25,0,20,1969,
2330504,"Halldorsson, Magnus Fridrik",ISL,M,,,,1522,AUG25,0,20,1999,i
2330016,"Halldorsson, Nirvaan",ISL,M,,,,1499,AUG25,15,40,2012,
2306069,"Hallgrimsson, Aegir Oskar",ISL,M,,,,1800,AUG25,0,20,1967,i
2319446,"Hallmundarson, Birkir",ISL,M,,,,1884,AUG25,8,40,2013,
2311569,"Hallsson, Jon Eggert",ISL,M,,,,1837,AUG25,0,20,1980,
2315866,"Hancu, Maricel",ISL,M,,,,1583,AUG25,0,20,1972,i
2302861,"Hansson, Gudmundur Freyr",ISL,M,,,,1984,AUG25,0,20,1962,
2323109,"Haraldsson, Arnar Gylfi",ISL,M,,,,1663,AUG25,0,20,2001,i
2333970,"Haraldsson, Audunn",ISL,M,,,,1680,AUG25,0,20,1990,
2323460,"Haraldsson, Grettir Adolf",ISL,M,,,,1527,AUG25,0,20,1975,
2316412,"Haraldsson, Gunnar Orn",ISL,M,,,,1816,AUG25,0,20,1942,
2323478,"Haraldsson, Harald",ISL,M,,,,1491,AUG25,0,20,1951,i
2311100,"Haraldsson, Haraldur",ISL,M,,,,1839,AUG25,0,20,1954,
2326957,"Haraldsson, Hermann Bjorgvin",ISL,M,,,,1687,AUG25,0,20,1996,
2320690,"Haraldsson, Jon Pall",ISL,M,,,,1740,AUG25,0,20,1970,i
2301865,"Haraldsson, Oskar",ISL,M,,,,1756,AUG25,0,20,1964,i
2303655,"Haraldsson, Sigurjon",ISL,M,,,,1753,AUG25,0,20,1965,
2329077,"Hardarson, Emil",ISL,M,,,,1508,AUG25,6,20,1988,
2332906,"Hardarson, Fannar",ISL,M,,,,1557,AUG25,0,20,2005,
2315890,"Hardarson, Gylfi Mar",ISL,M,,,,1714,AUG25,0,20,2003,i
2330032,"Hardarson, Johannes",ISL,M,,,,1699,AUG25,0,20,1947,i
2302594,"Hardarson, Jon Trausti",ISL,M,,,,2106,AUG25,0,20,1997,
2317605,"Hardarson, Petur Palmi",ISL,M,,,,1987,AUG25,0,20,1998,i
2311461,"Hardarson, Thordur",ISL,M,,,,1872,AUG25,0,20,1940,i
2302608,"Hauksdottir, Hrund",ISL,F,,,,1784,AUG25,8,20,1996,w
2314223,"Hauksson, Bjorgvin Jonas",ISL,M,,,,1835,AUG25,9,20,1969,
2305593,"Hauksson, Helgi",ISL,M,,,,1681,AUG25,6,20,1964,
2303680,"Hauksson, Hordur Aron",ISL,M,,,,1918,AUG25,0,20,1993,
2324881,Haust,ISL,M,,,,1641,AUG25,0,20,2002,i
2323419,"Hediddeche, Oli Robert",ISL,M,,,,1488,AUG25,0,20,1974,i
2328267,"Hedinsson, Godi",ISL,M,,,,1693,AUG25,0,40,2009,
2312875,"Heidarsson, Arnar Milutin",ISL,M,,,,2291,AUG25,16,20,2003,
2317532,"Heidarsson, Mikael Bjarki",ISL,M,,,,1903,AUG25,5,40,2009,
2309998,"Heimisson, Hilmir Freyr",ISL,M,IM,,,2410,AUG25,0,10,2001,
2315041,"Helgadottir, Asthildur",ISL,F,,,,1411,AUG25,0,20,2006,wi
2314118,"Helgadottir, Idunn",ISL,F,WCM,WCM,,1915,AUG25,14,40,2007,w
2303701,"Helgadottir, Sigridur Bjorg",ISL,F,,,,1771,AUG25,0,20,1992,wi
2318261,"Helgadottir, Soley Kria",ISL,F,,,,1526,AUG25,0,40,2008,w
2316609,"Helgason, Arnor Gauti",ISL,M,,,,1677,AUG25,0,20,1972,
2323915,"Helgason, Gudmundur Omar",ISL,M,,,,1656,AUG25,0,20,1972,i
2311534,"Helgason, Jon Thor",ISL,M,,,,1774,AUG25,0,20,1971,i
2319551,"Helgason, Kristleifur",ISL,M,,,,1443,AUG25,0,40,2007,i
2335611,"Helgason, Odinn",ISL,M,,,,1443,AUG25,19,40,1988,
370243352,"Helgason, Olafur Sindri",ISL,M,,,,1763,AUG25,0,20,1981,
2316218,"Helgason, Sigurdur",ISL,M,,,,1686,AUG25,0,20,1991,i
2327503,"Helmer Tobiasson, Joel",ISL,M,,,,1651,AUG25,12,40,2010,
2325632,"Hendriksson, Tryggvi Leo",ISL,M,,,,1427,AUG25,0,40,2012,
2311488,"Henriksen, Viktor Andri",ISL,M,,,,1476,AUG25,0,20,2000,
2311127,"Hermannsson, Jon Adalsteinn",ISL,M,,,,1630,AUG25,0,20,1999,i
2306093,"Hermannsson, Olafur",ISL,M,,,,1800,AUG25,0,20,1961,
2332310,"Hermannsson, Petur",ISL,M,,,,1574,AUG25,0,20,1983,
2325128,"Hermannsson, Sigurbjorn",ISL,M,,,,1924,AUG25,0,40,2007,
2315084,"Hjaltason, Elvar Orn",ISL,M,,,,1725,AUG25,0,20,1990,
2312883,"Hjaltason, Magnus",ISL,M,,,,1582,AUG25,0,20,2005,i
2316668,"Hjaltason, Thorarinn",ISL,M,,,,1597,AUG25,0,20,1947,i
2323010,"Hjartar, Jon",ISL,M,,,,1452,AUG25,0,20,1977,
2300672,"Hjartarson, Bjarni",ISL,M,,,,2034,AUG25,0,20,1959,i
2300044,"Hjartarson, Johann",ISL,M,GM,,,2381,AUG25,0,10,1963,
2325802,"Hlynsson, Frosti",ISL,M,,,,1665,AUG25,0,20,1999,i
2307324,"Holm, Fridgeir K",ISL,M,,,,1801,AUG25,0,20,1954,i
2313227,"Holm, Thordur",ISL,M,,,,1561,AUG25,0,20,2004,i
2335182,"Holmgeirsson, Kari Liljendal",ISL,M,,,,1526,AUG25,0,20,1995,
2308916,"Holmsteinsson, Steingrimur",ISL,M,,,,1788,AUG25,0,20,1957,i
2319675,"Hoskuldsson, Sigurdur Heidar",ISL,M,,,,1693,AUG25,0,20,1985,i
2330814,"Hoskuldsson, Sigurgeir Trausti",ISL,M,,,,1848,AUG25,0,20,1978,i
2305615,"Hrafnkelsson, Thorir Bjorn",ISL,M,,,,1809,AUG25,0,20,1963,i
2310481,"Hrafnsson, Hilmir",ISL,M,,,,1595,AUG25,0,20,2001,
2332035,"Hreidarsson, Tomas",ISL,M,,,,1415,AUG25,0,20,2005,i
2301253,"Hreinsson, Hlidar",ISL,M,,,,2065,AUG25,0,20,1976,
2317540,"Hreinsson, Johann Helgi",ISL,M,,,,1652,AUG25,0,40,2009,
2328330,"Hringsson, Dagur",ISL,M,,,,1642,AUG25,0,20,1999,i
2317125,"Hrolfsson, Hannes",ISL,M,,,,1843,AUG25,0,20,1976,
2329816,"Huldarsson, Robert Ingi",ISL,M,,,,1513,AUG25,0,20,1997,i
2311992,"Indridason, David Dimitry",ISL,M,,,,1506,AUG25,0,20,2003,i
2321904,"Ingadottir, Tara Lif",ISL,F,,,,1400,AUG25,0,40,2012,w
2309068,"Ingason, Gudmundur",ISL,M,,,,1719,AUG25,0,20,1954,i
2304902,"Ingason, Olafur G",ISL,M,,,,1900,AUG25,0,20,1955,i
2301709,"Ingason, Sigurdur",ISL,M,,,,1823,AUG25,0,20,1964,
2309076,"Ingibergsson, Gunnar",ISL,M,,,,1707,AUG25,0,20,1979,i
2302250,"Ingibergsson, Valgard",ISL,M,,,,AIM,AUG25,1879,0,1965,i
2329417,Ingimarsson Ingimar,ISL,M,,,,1731,AUG25,0,20,1978,i
2013576,"Ingimarsson, David",ISL,M,,,,1999,AUG25,0,20,1980,
2321700,"Ingimarsson, Oddur",ISL,M,,,,1812,AUG25,0,20,1978,
2301270,"Ingolfsdottir, Harpa",ISL,F,,,,1886,AUG25,0,20,1981,wi
2335662,"Ingvarsson, Ari",ISL,M,,,,1532,AUG25,0,40,2009,
2326256,"Ingvarsson, Einar",ISL,M,,,,1467,AUG25,6,20,2004,
2307065,"Ingvarsson, Kjartan",ISL,M,,,,1754,AUG25,5,20,1966,
2319462,"Ingvarsson, Thrandur",ISL,M,,,,1694,AUG25,6,20,2005,
2303000,"Ingvarsson, Unnar",ISL,M,,,,1806,AUG25,0,20,1968,
2301431,"Ingvason, Johann",ISL,M,,,,2014,AUG25,0,20,1968,
2313782,"Ingveldarson, Thorvaldur Kari",ISL,M,,,,1672,AUG25,0,20,1985,i
2305917,"Isleifsson, Runar",ISL,M,,,,1872,AUG25,0,20,1962,
2305860,"Isolfsson, Eggert",ISL,M,,,,1912,AUG25,0,20,1961,i
2316676,"Ivarsson Schram, Bjorgvin",ISL,M,,,,1869,AUG25,0,20,1989,
2318172,"Ivarsson, Andri",ISL,M,,,,1613,AUG25,0,20,1988,i
2331071,"Ivarsson, Baldur",ISL,M,,,,1542,AUG25,0,20,2005,i
2327023,"Ivarsson, Isak Eli",ISL,M,,,,1500,AUG25,0,20,2002,i
2320614,"Jacobsen Andrason, Benedikt Andri",ISL,M,,,,1402,AUG25,0,40,2012,i
2301067,"Jensson, Einar Hjalti",ISL,M,IM,,,2296,AUG25,0,20,1980,i
2303019,"Jensson, Erlingur",ISL,M,,,,1828,AUG25,0,20,1968,i
2324415,"Jimenez, Ricardo",ISL,M,,,,1671,AUG25,0,20,1986,
2303728,"Johannesson, Gisli Holmar",ISL,M,,,,1979,AUG25,0,20,1968,i
2304694,"Johannesson, Haki",ISL,M,,,,1884,AUG25,0,20,1947,i
2301490,"Johannesson, Ingvar Thor",ISL,M,FM,NA,,2372,AUG25,7,10,1977,
2325039,"Johannesson, Kari Steinn",ISL,M,,,,1514,AUG25,0,20,1990,
2306760,"Johannesson, Kristofer Joel",ISL,M,,,,1706,AUG25,0,20,1999,i
2305623,"Johannesson, Oliver",ISL,M,FM,,,2180,AUG25,9,20,1998,
2325390,"Johannesson, Ymir Noi",ISL,M,,,,1579,AUG25,0,40,2010,i
2306425,"Johannsdottir, Hildur Berglind",ISL,F,,,,1586,AUG25,0,20,1999,w
2303108,"Johannsdottir, Johanna Bjorg",ISL,F,WCM,WCM,NA,2054,AUG25,18,20,1993,w
2318210,"Johannsson, Arnar Bjarki",ISL,M,,,,1550,AUG25,0,40,2008,i
2307910,"Johannsson, Benedikt Thor",ISL,M,,,,1701,AUG25,0,20,1994,
2314673,"Johannsson, Birkir Isak",ISL,M,,,,2218,AUG25,0,20,2002,
2316471,"Johannsson, Bjorn Kristinn",ISL,M,,,,1540,AUG25,0,20,2000,i
2310082,"Johannsson, Eythor Trausti",ISL,M,,,,1698,AUG25,0,20,1997,i
2315149,"Johannsson, Fannar Smari",ISL,M,,,,1561,AUG25,0,40,2007,i
2309300,"Johannsson, Hjortur Ingvi",ISL,M,,,,1819,AUG25,0,20,1987,
2308380,"Johannsson, Johann Bernhard",ISL,M,,,,1661,AUG25,0,20,1994,i
2318539,"Johannsson, Markus Orri",ISL,M,,,,1918,AUG25,0,40,2009,
2310244,"Johannsson, Olafur",ISL,M,,,,1673,AUG25,0,20,1972,
2303051,"Johannsson, Orn Leo",ISL,M,FM,,,2324,AUG25,8,20,1994,
2330385,"Jokulsson, Eidur",ISL,M,,,,1476,AUG25,12,40,2016,
2303060,"Jokulsson, Hrafn",ISL,M,,,,1896,AUG25,0,20,1965,i
2300338,"Jonasson, Benedikt",ISL,M,FM,,,2219,AUG25,0,20,1957,
2311224,"Jonasson, Hordur",ISL,M,,,,1545,AUG25,8,20,1959,
2301717,"Jonasson, Jonas",ISL,M,,,,1989,AUG25,0,20,1964,i
2303116,"Jonatansson, Sigurdur Freyr",ISL,M,,,,1684,AUG25,12,20,1969,
2316706,"Jonsdottir, Katrin Maria",ISL,F,,,,1519,AUG25,0,40,2008,w
2324253,"Jonsdottir, Silja Run",ISL,F,,,,1484,AUG25,0,40,2011,wi
2323672,"Jonsson, Alexander Ulfur",ISL,M,,,,1575,AUG25,0,40,2009,i
2308398,"Jonsson, Birgir",ISL,M,,,,1680,AUG25,0,20,1966,i
2300125,"Jonsson, Bjorgvin",ISL,M,IM,,,2380,AUG25,0,20,1964,i
2301881,"Jonsson, Bjorn",ISL,M,,,,1989,AUG25,0,20,1966,
2316587,"Jonsson, Bjorn Gudbrandur",ISL,M,,,,1648,AUG25,0,20,1957,i
2321300,"Jonsson, Daniel Fridrik",ISL,M,,,,1568,AUG25,0,40,2009,
2332051,"Jonsson, Frodi",ISL,M,,,,1501,AUG25,5,20,2004,
2309092,"Jonsson, Gauti Pall",ISL,M,,,,2150,AUG25,40,20,1999,
2332361,"Jonsson, Gudmundur Geir",ISL,M,,,,1432,AUG25,0,20,1957,
2304708,"Jonsson, Hrannar",ISL,M,,,,1998,AUG25,0,20,1963,i
2304937,"Jonsson, Ingimar",ISL,M,,,,1873,AUG25,0,20,1937,i
2321688,"Jonsson, Johann",ISL,M,,,,1851,AUG25,0,20,1960,
2307073,"Jonsson, Jon Gunnar",ISL,M,,FT,,1747,AUG25,0,20,1968,i
2326426,"Jonsson, Jon Oddur",ISL,M,,,,1668,AUG25,0,20,1979,
2319179,"Jonsson, Kjartan Halldor",ISL,M,,,,1505,AUG25,0,40,2010,i
2313413,"Jonsson, Kristjan Dagur",ISL,M,,,,1838,AUG25,6,20,2005,
2309106,"Jonsson, Logi Runar",ISL,M,,,,1886,AUG25,0,20,1996,
2302705,"Jonsson, Olafur Gisli",ISL,M,,,,1884,AUG25,0,20,1956,i
2313960,"Jonsson, Otto Andres",ISL,M,,,,1465,AUG25,7,20,2006,
2303205,"Jonsson, Pall G",ISL,M,,,,1837,AUG25,0,20,1933,i
2302365,"Jonsson, Pall Leo",ISL,M,,,,1940,AUG25,0,20,1957,
2308002,"Jonsson, Robert Leo",ISL,M,,,,1767,AUG25,0,20,1999,i
2303221,"Jonsson, Rognvaldur",ISL,M,,,,1931,AUG25,0,20,1971,
2305666,"Jonsson, Stefan Daniel",ISL,M,,,,1704,AUG25,0,20,1988,i
2319870,"Jonsson, Stefan G",ISL,M,,,,1774,AUG25,0,20,1948,
2303248,"Jonsson, Sveinbjorn",ISL,M,,,,1659,AUG25,0,20,1949,
2309327,"Jonsson, Thormar",ISL,M,,,,1724,AUG25,0,20,1959,i
2310970,"Jonsson, Thorsteinn Emil",ISL,M,,,,1443,AUG25,0,20,2004,i
2321947,"Jonsson, Tristan Fannar",ISL,M,,,,1526,AUG25,0,40,2013,
2302373,"Jonsson, Vidar",ISL,M,,,,1946,AUG25,0,20,1947,i
2330890,"Jovinsson, Eythor",ISL,M,,,,1619,AUG25,0,20,1985,
2330660,"Kalikkst, Oliver",ISL,M,,,,1533,AUG25,0,40,2011,
2323370,"Karanadze, Saba",ISL,M,,,,1699,AUG25,0,20,1994,i
2300567,"Karason, Askell O",ISL,M,IM,,,2113,AUG25,0,20,1953,
2316374,"Karason, Fannar Breki",ISL,M,,,,1682,AUG25,0,20,2005,i
2303272,"Karason, Halldor Ingi",ISL,M,,,,1981,AUG25,0,20,1979,
2321084,"Karason, Jokull Mani",ISL,M,,,,1605,AUG25,0,40,2010,i
2307928,"Karason, Kari Arnor",ISL,M,,,,1813,AUG25,0,20,1956,i
2331306,"Karlsdottir, Harpa Hrafney",ISL,F,,,,1523,AUG25,0,40,2013,w
2300419,"Karlsson, Agust S",ISL,M,FM,,,2197,AUG25,0,20,1963,
2324148,"Karlsson, Bjarki Mar",ISL,M,,,,1498,AUG25,0,40,2014,
2301687,"Karlsson, Bjorn-Ivar",ISL,M,FM,FT,,2323,AUG25,0,20,1985,i
2312530,"Karlsson, Isak Orri",ISL,M,,,,1623,AUG25,0,20,2005,i
2305674,"Karlsson, Jon Einar",ISL,M,,,,1773,AUG25,0,20,1976,i
2305194,"Karlsson, Mikael Johann",ISL,M,,,,2050,AUG25,9,20,1995,
2307936,"Karlsson, Sighvatur",ISL,M,,,,1543,AUG25,0,20,1959,i
2304716,"Karlsson, Snorri Sigurdur",ISL,M,,,,1771,AUG25,0,20,1980,i
2305062,"Karlsson, Thorleifur",ISL,M,,,,2011,AUG25,0,20,1975,
2329638,"Kemp, Henrik",ISL,M,,,,1488,AUG25,0,20,2004,i
2323125,"Khukhunaishvili, Mirian",ISL,M,,,,1646,AUG25,0,20,1989,i
2317192,"Kjartansson, Andres Mar",ISL,M,,,,1455,AUG25,0,20,2005,i
2318342,"Kjartansson, Arnar Logi",ISL,M,,,,1470,AUG25,0,40,2009,i
2303299,"Kjartansson, Dagur",ISL,M,,,,1893,AUG25,0,20,1996,i
2301130,"Kjartansson, David",ISL,M,IM,,,2330,AUG25,0,10,1982,i
2303302,"Kjartansson, Gudfinnur",ISL,M,,,,1879,AUG25,0,20,1945,i
2301318,"Kjartansson, Gudmundur",ISL,M,GM,,,2367,AUG25,0,10,1988,
2321530,"Kjartansson, Kormakur Olafur",ISL,M,,,,1509,AUG25,0,40,2012,i
2310260,"Kjartansson, Kristofer Halldor",ISL,M,,,,1630,AUG25,0,20,2002,i
2319225,"Kjartansson, Matthias Bjorgvin",ISL,M,,,,1833,AUG25,0,40,2009,i
2301326,"Kjartansson, Olafur",ISL,M,,,,1941,AUG25,0,20,1983,i
2308460,"Kjartansson, Sigurdur",ISL,M,,,,1574,AUG25,0,20,2000,i
2328500,"Kjartansson, Stefan Karvel",ISL,M,,,,1727,AUG25,0,40,2009,
2300940,"Kjeld, Matthias",ISL,M,,,,2105,AUG25,0,20,1979,
2318113,"Klimek, Michal",ISL,M,,,,1666,AUG25,0,20,1984,i
2304953,"Knutsson, Johann Larsen",ISL,M,,,,1812,AUG25,0,20,1945,i
2806231,"Knutsson, Larus",ISL,M,,,,1987,AUG25,0,20,1975,i
2315475,"Kolbrunardottir Thorkellsdottir, Esther Lind Lillie",ISL,F,,,,1550,AUG25,0,20,2005,w
2308843,"Kolica, Donika",ISL,F,,,,1586,AUG25,0,20,1997,wi
2308010,"Kolka, David",ISL,M,,,,2219,AUG25,25,20,2000,
2318180,"Kolodziejczuk, Tomasz",ISL,M,,,,1723,AUG25,0,20,1992,i
2323052,"Kondracki, Damian Jakub",ISL,M,,,,1442,AUG25,0,40,2008,
2328356,"Kotleva, Annija",ISL,F,,,,1432,AUG25,0,40,2012,wi
2327279,"Kramarenko, Viacheslav",ISL,M,,,,1492,AUG25,0,40,2013,
2310007,"Kravchuk, Mykhaylo",ISL,M,,,,1907,AUG25,9,20,2003,
2331403,"Krejci, John",ISL,M,,,,1495,AUG25,0,20,1972,i
2300370,"Kristinardottir, Elsa Maria",ISL,F,,,,1930,AUG25,0,20,1989,w
2320630,"Kristinsdottir, Arna Dogg",ISL,F,,,,1618,AUG25,0,40,2007,wi
2306794,"Kristinsdottir, Aslaug",ISL,F,,,,1730,AUG25,0,20,1961,w
1404679,"Kristinsson, Baldur",ISL,M,,,,2060,AUG25,0,20,1970,
2300141,"Kristinsson, Jon",ISL,M,,,,2083,AUG25,0,20,1942,
2305682,"Kristinsson, Magnus",ISL,M,,,,1838,AUG25,0,20,1969,
2304724,"Kristinsson, Ogmundur",ISL,M,,,,2011,AUG25,0,20,1953,
2303752,"Kristinsson, Ossur",ISL,M,,,,1827,AUG25,0,20,1945,i
2309335,"Kristjansson, Arni H",ISL,M,,,,1866,AUG25,0,20,1961,
2302268,"Kristjansson, Atli Freyr",ISL,M,,,,2100,AUG25,0,20,1989,i
2324547,"Kristjansson, David Omar",ISL,M,,,,1770,AUG25,0,40,2007,i
2315823,"Kristjansson, Halldor",ISL,M,,,,1743,AUG25,0,20,1992,
2310988,"Kristjansson, Halldor Atli",ISL,M,,,,1740,AUG25,0,20,2003,
2315076,"Kristjansson, Hjortur",ISL,M,,,,1668,AUG25,0,20,2003,i
2319667,"Kristjansson, Karl Axel",ISL,M,,,,2082,AUG25,0,20,1978,i
2300656,"Kristjansson, Olafur",ISL,M,,,,1919,AUG25,0,20,1942,
2302225,"Kristjansson, Sigurdur",ISL,M,,,,1872,AUG25,0,20,1935,
2320134,"Kristjansson, Snorri",ISL,M,,,,1714,AUG25,0,20,1974,
2310732,"Kristofersson, Sindri Snaer",ISL,M,,,,1545,AUG25,0,20,2003,i
2332604,"Krylov, Matvii",ISL,M,,,,1526,AUG25,0,20,2004,
2324423,"Kuraishi, Denis",ISL,M,,,,1508,AUG25,0,20,1977,i
2300362,"Lagerman, Robert",ISL,M,FM,"FT,IA",,2253,AUG25,21,20,1962,
2304961,"Larusson, Eggert",ISL,M,,,,1897,AUG25,0,20,1948,
2333317,"Larusson, Konrad Thor",ISL,M,,,,1517,AUG25,0,20,1983,
2301377,"Larusson, Petur Atli",ISL,M,,,,1957,AUG25,0,20,1972,i
2312417,"Larusson, Thordur",ISL,M,,,,1720,AUG25,0,20,0,i
2303361,"Lee, Gudmundur Kristinn",ISL,M,,,,1953,AUG25,0,20,1995,i
2302764,"Leifsson, Thorsteinn",ISL,M,,,,1793,AUG25,0,20,1961,i
2313499,"Lemery, Jon Thor",ISL,M,,,,1798,AUG25,0,20,2001,i
2308533,"Leosson, Atli Johann",ISL,M,,,,1827,AUG25,0,20,1983,i
2325780,"Leosson, Haukur Vidis",ISL,M,,,,1738,AUG25,6,40,2014,
2325764,"Leosson, Tomas Sindri",ISL,M,,,,1644,AUG25,45,20,2002,
2300966,"Leosson, Torfi",ISL,M,,,,2061,AUG25,0,20,1978,
2329573,Lesman Dorian,ISL,M,,,,1555,AUG25,0,20,1995,
2302870,"Loftsson, Arnaldur",ISL,M,,,,1945,AUG25,0,20,1970,i
2300729,"Loftsson, Hrafn",ISL,M,,,,2170,AUG25,0,20,1965,i
2319934,"Lolli, Nicola",ISL,M,,,,1754,AUG25,0,20,1980,i
2319683,"Lomain, Phatsakorn",ISL,M,,,,1425,AUG25,0,20,2000,i
2321351,"Ludviksson, Karl",ISL,M,,,,1482,AUG25,0,20,1976,i
2319268,"Ludviksson, Magnus Thorlakur",ISL,M,,,,1531,AUG25,0,20,1988,i
2311798,"Luu, Robert",ISL,M,,,,1775,AUG25,0,20,2005,i
2301806,"Maack, Kjartan",ISL,M,,,,2030,AUG25,0,20,1975,
2303779,"Maggason, Oskar",ISL,M,,,,1776,AUG25,0,20,1965,i
2309114,"Magnusdottir, Veronika Steinunn",ISL,F,,,,1754,AUG25,0,20,1998,w
2328607,"Magnusson, Asgeir",ISL,M,,,,1557,AUG25,6,40,1977,
2303787,"Magnusson, Audbergur",ISL,M,,NA,,1772,AUG25,0,20,1963,i
2312484,"Magnusson, Benedikt Ernir",ISL,M,,,,1717,AUG25,8,20,2003,
2325225,"Magnusson, Hordur",ISL,M,,,,1768,AUG25,0,20,1966,i
2305283,"Magnusson, Jon",ISL,M,,,,1887,AUG25,0,20,1960,
2306921,"Magnusson, Jon",ISL,M,,,,1610,AUG25,0,20,1959,i
2309629,"Magnusson, Jon Gauti",ISL,M,,,,1523,AUG25,4,20,1970,
2318075,"Magnusson, Kristinn P",ISL,M,,,,1899,AUG25,0,20,1957,i
2302128,"Magnusson, Magnus",ISL,M,,,,1873,AUG25,0,20,1958,i
2303442,"Magnusson, Patrekur Maron",ISL,M,,,,2059,AUG25,0,20,1993,i
2307553,"Magnusson, Sigurdur A",ISL,M,,,,1861,AUG25,0,20,1999,
2304970,"Magnusson, Thorlakur",ISL,M,,,,1720,AUG25,0,20,1956,
2315874,"Magnusson, Thorsteinn",ISL,M,,NA,,1668,AUG25,19,20,1976,
2310287,"Magnusson, Thorsteinn",ISL,M,,,,1754,AUG25,26,20,2000,
2313391,"Mai, Alexander Oliver",ISL,M,CM,,,2098,AUG25,33,20,2003,
2313383,"Mai, Aron Thor",ISL,M,,,,1986,AUG25,0,20,2001,i
2306484,"Marelsson, Magni",ISL,M,,,,1632,AUG25,0,20,1998,
2327759,"Mariuson, Adalsteinn Leifs",ISL,M,,,,1629,AUG25,0,20,1998,
2328070,"Marks, Benjamin",ISL,M,,,,1822,AUG25,0,20,1993,i
2325640,"Martinsson, Jan Martin",ISL,M,,,,1527,AUG25,0,20,1986,i
2303809,"Masson, Kjartan",ISL,M,,,,1759,AUG25,0,20,1970,
2303817,"Masson, Vidar",ISL,M,,,,1746,AUG25,0,20,1974,
2321521,"Matharel, Tobias",ISL,M,,,,1769,AUG25,0,40,2009,
2306034,"Matthiasson, Magnus",ISL,M,,,,1821,AUG25,16,20,1965,
2303469,"Moller, Agnar T",ISL,M,,,,1917,AUG25,0,20,1979,i
1427075,"Moller, Baldur Helgi",ISL,M,,,,1942,AUG25,0,20,1980,i
2328836,"Moller, Bjorn",ISL,M,,,,1531,AUG25,3,20,2003,
2303485,"Moller, Rognvaldur",ISL,M,,,,1911,AUG25,0,20,1965,i
2315343,"Moller, Tomas",ISL,M,,,,1633,AUG25,0,40,2008,i
2333406,"Mourelo, Xavier",ISL,M,,,,1592,AUG25,0,20,1999,
2333465,"Muneret, Nicolas",ISL,M,,,,1545,AUG25,0,20,1993,
2323150,"Nastor, Adrian Aron",ISL,M,,,,1518,AUG25,0,20,2004,i
2303507,"Nikulasson, Gunnar",ISL,M,,,,1678,AUG25,0,20,1960,
2310015,"Njardarson, Arnar Ingi",ISL,M,,,,1626,AUG25,32,20,1997,
2313910,"Njardarson, Daniel Ernir",ISL,M,,,,1742,AUG25,0,20,2001,i
2323290,"Nordal, Jon",ISL,M,,,,1566,AUG25,0,20,1997,i
2323494,"Nordfjord, Isak",ISL,M,,,,1782,AUG25,0,20,2004,i
2303523,"Oddsson, Oddur Tomas",ISL,M,,,,1617,AUG25,0,20,1979,i
2303515,"Oddsson, Orri Freyr",ISL,M,,,,1777,AUG25,0,20,1979,i
2330075,"Olafsdottir, Jane Maria",ISL,M,,,,1597,AUG25,0,20,2002,i
2328658,"Olafsson, Alexander Orn",ISL,M,,,,1484,AUG25,0,40,2011,
2313510,"Olafsson, Arni",ISL,M,,,,1661,AUG25,0,20,2005,i
2330520,"Olafsson, Daniel",ISL,M,,,,1632,AUG25,0,20,1990,i
2300451,"Olafsson, David",ISL,M,FM,,,2227,AUG25,0,20,1968,
2323389,"Olafsson, Gudjon Thor",ISL,M,,,,1833,AUG25,0,20,1969,i
2330539,"Olafsson, Haukur Ingi",ISL,M,,,,1656,AUG25,0,20,1994,i
2316765,"Olafsson, Heidar",ISL,M,,,,1602,AUG25,0,20,1975,i
2300010,"Olafsson, Helgi",ISL,M,GM,,,2417,AUG25,0,10,1956,
2329182,"Olafsson, Jon Sigurfinnur",ISL,M,,,,1419,AUG25,0,20,1980,
2313200,"Olafsson, Kristmundur Thor",ISL,M,,,,1772,AUG25,0,20,1981,i
2331705,"Olafsson, Magnus Bjorn",ISL,M,,,,1618,AUG25,0,20,1982,i
2312042,"Olafsson, Olafur Orn",ISL,M,,,,1879,AUG25,16,20,2003,
2327830,"Olafsson, Runolfur Ingi",ISL,M,,,,1457,AUG25,0,20,1963,i
2325071,"Olafsson, Sigurdur Jon",ISL,M,,,,1515,AUG25,0,20,1947,i
2317974,"Olafsson, Sigurjon",ISL,M,,,,1479,AUG25,0,20,1972,
2302403,"Olafsson, Smari",ISL,M,,,,1909,AUG25,0,20,1964,
2301148,"Olafsson, Thorvardur",ISL,M,,,,1949,AUG25,0,20,1972,
2320045,"Olafsson, Torfi Karl",ISL,M,,,,1562,AUG25,23,20,1992,
2311070,"Olason, Baldvin Orn",ISL,M,,,,1698,AUG25,0,20,1987,
2325659,"Olason, Isak",ISL,M,,,,1611,AUG25,0,20,1999,i
2303957,"Olgeirsson, Armann",ISL,M,,,,1674,AUG25,0,20,1941,i
2330199,"Olszewski, Milosz Ulfur",ISL,M,,,,1601,AUG25,0,40,2011,
2311453,"Omarsson, Adam",ISL,M,CM,,,2150,AUG25,9,40,2007,
2302772,"Omarsson, Dadi",ISL,M,CM,NA,,2230,AUG25,0,20,1991,
2316102,"Omarsson, Josef",ISL,M,,,,2009,AUG25,0,40,2011,
2328348,"Omarsson, Konrad",ISL,M,,,,1547,AUG25,0,20,1976,
2310821,"Omarsson, Kristofer",ISL,M,,,,1770,AUG25,0,20,1969,i
2301016,"Ornolfsson, Magnus P.",ISL,M,CM,,,2198,AUG25,13,20,1971,
2313553,"Orrason, Alex Cambray",ISL,M,,,,1716,AUG25,0,20,1989,i
2320401,"Orrason, Arnar Freyr",ISL,M,,,,1510,AUG25,0,40,2011,i
2313014,"Oskarsson, Anton Breki",ISL,M,,,,1522,AUG25,0,20,2005,i
2306638,"Oskarsson, Arnar Freyr",ISL,M,,,,1632,AUG25,0,20,1983,i
2302780,"Oskarsson, Aron Ingi",ISL,M,,,,1905,AUG25,0,20,1988,i
2320118,"Oskarsson, Markus Orri",ISL,M,,,,2142,AUG25,0,40,2009,
2323524,"Ossurarson, Ari Bjorn",ISL,M,,,,1565,AUG25,0,20,1998,i
2303990,"Ottarsson, Tryggvi",ISL,M,,,,1703,AUG25,0,20,1964,
2306816,"Ottesen, Oddgeir",ISL,M,,NA,,1776,AUG25,0,20,1973,
2310740,"Palijenko, Max",ISL,M,,,,1646,AUG25,0,20,1992,i
2308568,"Palmarsson, Erlingur Atli",ISL,M,,,,1682,AUG25,0,20,1989,i
2303078,"Palmason, Vilhjalmur",ISL,M,,,,1934,AUG25,0,20,1991,i
2306824,"Palsdottir, Soley Lind",ISL,F,,,,1689,AUG25,0,20,1999,wi
2326000,"Palsson, Arnaldur Arni",ISL,M,,,,1599,AUG25,0,40,2008,i
2318091,"Palsson, Breki",ISL,M,,,,1526,AUG25,0,20,1998,i
2333333,"Palsson, Gardar Thormar",ISL,M,,,,1744,AUG25,0,20,1983,
2301202,"Palsson, Halldor",ISL,M,,,,1790,AUG25,0,20,1959,
2335549,"Palsson, Jonas Bjorn",ISL,M,,,,1522,AUG25,7,40,1994,
2320142,"Palsson, Oli",ISL,M,,,,1590,AUG25,0,20,1981,i
2302721,"Palsson, Svanberg Mar",ISL,M,,,,1839,AUG25,0,20,1993,i
2303825,"Petersen, Adolf",ISL,M,,,,1967,AUG25,0,20,1955,
2314487,"Petersen, Einar Tryggvi",ISL,M,,,,1489,AUG25,0,40,2008,i
2317095,"Petersen, Emil",ISL,M,,,,1694,AUG25,0,20,1984,i
2309130,"Petersen, Jakob Alexander",ISL,M,,,,1744,AUG25,0,20,1999,
2325055,"Pettersson, Michael",ISL,M,,,,1533,AUG25,0,20,1981,i
2316722,"Petursson, Armann",ISL,M,,,,1579,AUG25,0,20,1998,
2301725,"Petursson, Gudni",ISL,M,,,,2088,AUG25,0,20,1983,
2315785,"Petursson, Magnus V.",ISL,M,,,,1728,AUG25,0,20,1932,i
2300028,"Petursson, Margeir",ISL,M,GM,,,2321,AUG25,0,10,1960,i
2317575,"Petursson, Olafur Fannar",ISL,M,,,,1409,AUG25,0,40,2009,i
2302136,"Petursson, Palmi Ragnar",ISL,M,FM,NA,,2088,AUG25,0,20,1964,
2309645,"Petursson, Petur A.",ISL,M,,,,1565,AUG25,0,20,1980,i
2303841,"Petursson, Stefan Mar",ISL,M,,,,1841,AUG25,0,20,1961,i
2323427,"Placha, Adam Andrzej",ISL,M,,,,1539,AUG25,0,20,1990,i
2316544,"Pollock, Marlon Le",ISL,M,,,,1674,AUG25,0,20,1982,i
2317990,"Ponzi, Tomas",ISL,M,,,,1619,AUG25,3,20,1959,
14132907,"Prudnikov, Andrey",ISL,M,,,,2104,AUG25,0,20,1992,
14121093,"Prudnykova, Olga",ISL,F,WIM,WIM,,2116,AUG25,0,20,1994,w
305650,"Ptacnikova, Lenka",ISL,F,WGM,WGM,NA,2092,AUG25,17,20,1976,w
2304058,"Ragnarsson, Dagur",ISL,M,IM,,,2315,AUG25,7,10,1997,
2328763,"Ragnarsson, Gunnar Smari",ISL,M,,,,1434,AUG25,0,40,2012,i
2308860,"Ragnarsson, Heimir Pall",ISL,M,,,,1751,AUG25,0,20,2001,
2301040,"Ragnarsson, Johann",ISL,M,,,,1985,AUG25,14,20,1965,
2313243,"Rasmus, Tomas",ISL,M,,,,1782,AUG25,0,20,1954,i
2314606,"Rees, Samuel Thornton",ISL,M,,,,1670,AUG25,0,20,1981,i
2326213,"Reynisson, Sigthor Michael",ISL,M,,,,1531,AUG25,0,40,2007,i
2304090,"Rognvaldsson, Geir",ISL,M,,,,1656,AUG25,7,20,1949,
2332175,"Ruiz, Erick",ISL,M,,,,1727,AUG25,0,20,1991,i
2326469,"Runarsson, David Thor",ISL,M,,,,1610,AUG25,0,20,1978,i
2301768,"Runarsson, Gunnar",ISL,M,CM,NA,,2036,AUG25,0,20,1965,
2311410,"Runarsson, Jon Hreidar",ISL,M,,,,1567,AUG25,0,20,2005,i
2320100,"Runolfsson, Robert L",ISL,M,,,,1561,AUG25,0,20,1977,i
2327171,"Rutsson, Kjartan Berg",ISL,M,,,,1603,AUG25,0,20,1980,
2319845,"Saemundarson, Saethor Ingi",ISL,M,,,,1874,AUG25,0,40,2008,
2302900,"Saemundsson, Bjarni",ISL,M,,,,1826,AUG25,0,20,1965,
2311054,"Saevaldsson, Kristinn Jon",ISL,M,,,,1871,AUG25,0,20,1969,
10601279,"Salama, Omar",ISL,M,,FT,,2273,AUG25,0,20,1980,i
2334887,"Samuelsson, Samuel Mani",ISL,M,,,,1555,AUG25,8,40,2015,
2304139,"Scheving, Sigurdur",ISL,M,,,,1771,AUG25,0,20,1972,
2306972,"Schioth, Tjorvi",ISL,M,,,,1783,AUG25,0,20,1991,i
2331446,"Segal, Maxime",ISL,M,,,,1474,AUG25,14,20,1996,
2332205,Sergio Pinero,ISL,M,,,,1685,AUG25,0,20,1987,i
2314894,"Sharifa, Rayan",ISL,M,,,,1532,AUG25,0,40,2007,i
2333309,"Sheikhlar, Arash",ISL,M,,,,1439,AUG25,0,20,1990,
2333538,"Shliakhtun, Serhii",ISL,M,,,,1607,AUG25,0,40,2007,
2322480,"Sigfusson, Gizur",ISL,M,,,,1534,AUG25,0,20,1998,i
2313057,"Sigfusson, Ottar Orn Bergmann",ISL,M,,,,1877,AUG25,0,20,2006,i
2300168,"Sigfusson, Sigurdur",ISL,M,FM,,,2152,AUG25,0,20,1972,i
2315904,"Sigmundsson, Thorsteinn Mar",ISL,M,,,,1467,AUG25,0,20,2003,i
2316340,"Signyjarson, Arnar Smari",ISL,M,,,,1678,AUG25,0,20,2002,i
2304767,"Sigthorsson, Andri Thor",ISL,M,,,,1561,AUG25,0,20,1987,i
2317087,"Sigthorsson, Thorarinn",ISL,M,,,,1884,AUG25,0,20,1938,i
2319608,"Sigurbjornsson, Andri",ISL,M,,,,1497,AUG25,0,40,2007,i
2305305,"Sigurbjornsson, Ivar Orn",ISL,M,,,,1721,AUG25,24,20,1981,
2334399,"Sigurbjornsson, Sigurdur",ISL,M,,,,1830,AUG25,0,20,1976,
2302888,"Sigurbjornsson, Sigurjon",ISL,M,,,,1999,AUG25,0,20,1955,
2322030,"Sigurdardottir, Sigrun Tara",ISL,F,,,,1607,AUG25,0,40,2012,w
2311003,"Sigurdarson, Alec Elias",ISL,M,,,,1601,AUG25,0,20,1999,i
2304163,"Sigurdarson, Emil",ISL,M,,,,1752,AUG25,12,20,1996,
2314169,"Sigurdarson, Hallgrimur Pall",ISL,M,,,,1614,AUG25,0,20,2001,i
2321610,"Sigurdarson, Logi",ISL,M,,,,1667,AUG25,0,20,2002,i
2321483,"Sigurdarson, Oddur",ISL,M,,,,1666,AUG25,0,20,2003,
2302004,"Sigurdarson, Skuli",ISL,M,,,,1976,AUG25,0,20,1983,i
2317044,"Sigurdarson, Sveinn",ISL,M,,,,1507,AUG25,0,20,1997,i
2302977,"Sigurdarson, Tomas Veigar",ISL,M,,,,2063,AUG25,0,20,1977,i
2320720,"Sigurdsson, Agnar Ingi",ISL,M,,,,1501,AUG25,0,20,2005,i
2307448,"Sigurdsson, Arnljotur",ISL,M,,,,1881,AUG25,0,20,1987,
2309726,"Sigurdsson, Asgeir",ISL,M,,,,1687,AUG25,0,20,1942,i
2313766,"Sigurdsson, Baldur Heidar",ISL,M,,,,1623,AUG25,0,20,1977,i
2327007,"Sigurdsson, Bergthor",ISL,M,,,,1806,AUG25,0,20,1990,i
2304180,"Sigurdsson, Birkir Karl",ISL,M,,,,2002,AUG25,0,20,1996,i
2309734,"Sigurdsson, Egill",ISL,M,,,,1736,AUG25,0,20,1935,i
2302926,"Sigurdsson, Einar",ISL,M,,,,1863,AUG25,0,20,1991,i
2319861,"Sigurdsson, Elvar Mar",ISL,M,,,,1808,AUG25,8,20,1975,
2303850,"Sigurdsson, Jakob Saevar",ISL,M,,,,1920,AUG25,0,20,1984,i
2302217,"Sigurdsson, Johann Helgi",ISL,M,,,,1989,AUG25,0,20,1974,
2309238,"Sigurdsson, Olafur Jens",ISL,M,,,,1780,AUG25,0,20,1974,i
2302144,"Sigurdsson, Pall",ISL,M,,,,1985,AUG25,7,20,1969,
2323591,"Sigurdsson, Ragnar",ISL,M,,,,1738,AUG25,0,20,1986,i
2320738,"Sigurdsson, Runar",ISL,M,,,,1601,AUG25,0,20,1949,
2301849,"Sigurdsson, Saeberg",ISL,M,,,,2075,AUG25,0,20,1971,
2328852,"Sigurdsson, Sindri Dagur",ISL,M,,,,1513,AUG25,6,40,2004,
2304210,"Sigurdsson, Smari",ISL,M,,,,1938,AUG25,0,20,1971,
2310830,"Sigurdsson, Snorri Thor",ISL,M,,,,1911,AUG25,0,20,1963,
2304783,"Sigurdsson, Sveinbjorn",ISL,M,,,,1844,AUG25,0,20,1948,i
2302195,"Sigurdsson, Sverrir",ISL,M,,,,1890,AUG25,0,20,1971,i
2313278,"Sigurdsson, Thorsteinn G",ISL,M,,,,1809,AUG25,20,20,1960,
2320967,"Sigurgeirsson, Sigthor Arni",ISL,M,,,,1679,AUG25,0,40,2011,
2312077,"Siguringason, Solon",ISL,M,,,,1566,AUG25,0,20,2005,i
2304228,"Sigurjonsson, Brynjolfur",ISL,M,,,,1705,AUG25,0,20,1970,i
2306042,"Sigurjonsson, Gudmundur",ISL,M,,,,1909,AUG25,0,20,1967,
2322854,"Sigurjonsson, Ketill",ISL,M,,,,1587,AUG25,0,20,1966,
2303868,"Sigurjonsson, Magnus",ISL,M,,,,1927,AUG25,9,20,1954,
2304996,"Sigurjonsson, Sigurdur Runar",ISL,M,,,,1625,AUG25,0,20,1955,
2300397,"Sigurjonsson, Siguringi",ISL,M,,,,1983,AUG25,0,20,1971,i
2301008,"Sigurjonsson, Stefan Th.",ISL,M,,,,2028,AUG25,0,20,1966,
2306140,"Sigurmundsson, Arnar",ISL,M,,,,1855,AUG25,0,20,1943,i
2303884,"Sigurmundsson, Ingimundur",ISL,M,,,,1931,AUG25,7,20,1965,
2303892,"Sigurmundsson, Ulfhedinn",ISL,M,,,,1914,AUG25,0,20,1967,i
2301024,"Sigurpalsson, Runar",ISL,M,FM,,,2226,AUG25,0,20,1972,
2334577,"Sigurpalsson, Sigurgeir",ISL,M,,,,1664,AUG25,0,20,1975,
2311585,"Sigurthorsson, Kristinn J",ISL,M,,,,1858,AUG25,0,20,1961,i
2306018,"Sigurvaldason, Hjalmar",ISL,M,,,,1609,AUG25,0,20,1973,
2305020,"Skarphedinsson, Gunnar",ISL,M,,,,1884,AUG25,0,20,1947,
2316943,"Skarphedinsson, Ingvar Wu",ISL,M,,,,2264,AUG25,15,40,2007,
2330440,"Skibina, Miroslava",ISL,F,,,,1406,AUG25,0,40,2016,w
2318148,"Smarason, Kristjan Ingi",ISL,M,,,,1768,AUG25,0,40,2008,
2330776,"Snaebjornsson, Baltasar",ISL,M,,,,1535,AUG25,0,40,2012,
2330687,"Snorrason, Dofri",ISL,M,,,,1756,AUG25,0,20,1990,i
2318393,"Snorrason, Einar Logi",ISL,M,,,,1536,AUG25,0,20,1989,i
2322668,"Sokol, Jakub",ISL,M,,,,1607,AUG25,0,40,2011,i
2310031,"Solmundarson, Johannes Kari",ISL,M,,,,1656,AUG25,0,20,1997,i
2319691,"Sorensen, Henning",ISL,M,,,,1596,AUG25,0,20,1979,i
2331969,Southcott Julian,ISL,M,,,,1591,AUG25,0,20,1988,i
2331977,"Southcott, Ben",ISL,M,,,,1596,AUG25,0,20,1993,i
2309467,"Stefaniuson, Stefan Gauti Ulfur",ISL,M,,,,1464,AUG25,0,20,1985,i
2312379,"Stefansson, Benedikt",ISL,M,,,,1814,AUG25,0,20,1999,
2310325,"Stefansson, Bjorn Gretar",ISL,M,,,,1750,AUG25,0,20,1976,i
2313804,"Stefansson, David",ISL,M,,,,1849,AUG25,0,20,1980,
2300087,"Stefansson, Hannes",ISL,M,GM,,,2433,AUG25,0,10,1972,
2323060,"Stefansson, Helgi Heidar",ISL,M,,,,1577,AUG25,0,20,1980,i
2304295,"Stefansson, Kristjan",ISL,M,,,,1854,AUG25,0,20,1945,
2306557,"Stefansson, Orn",ISL,M,,,,1823,AUG25,0,20,1986,i
2318768,"Stefansson, Veturlidi Thor",ISL,M,,,,1847,AUG25,0,20,1971,i
2308649,"Stefansson, Vignir Vatnar",ISL,M,GM,,,2590,AUG25,58,10,2003,
2316757,"Steinbergsson, Hjortur",ISL,M,,,,1783,AUG25,0,20,1961,i
2325667,"Steindorsson, Oli Valur",ISL,M,,,,1721,AUG25,0,20,1973,i
2301229,"Steindorsson, Sigurdur P.",ISL,M,,,,2144,AUG25,0,20,1983,i
2316617,"Steingrimsson, Bjorgvin",ISL,M,,,,1492,AUG25,0,20,1968,i
2312441,"Steingrimsson, Egill Gautur",ISL,M,,,,1497,AUG25,0,20,1991,i
2300117,"Steingrimsson, Hedinn",ISL,M,GM,,,2590,AUG25,0,10,1975,i
2304791,"Steingrimsson, Karl Egill",ISL,M,,,,1712,AUG25,0,20,1942,
2326841,"Steinsson, Dagur Kari",ISL,M,,,,1473,AUG25,0,40,2011,
2318997,"Steinsson, Hallgrimur",ISL,M,,,,1784,AUG25,0,20,1978,
2304325,"Steinsson, Steinn Kari",ISL,M,,,,1954,AUG25,0,20,1972,
2312093,"Steinthorsson, Birgir Logi",ISL,M,,,,1550,AUG25,0,20,2005,i
2310040,"Steinthorsson, Felix",ISL,M,,,,1710,AUG25,0,20,2001,
2328860,"Steinthorsson, Gauti",ISL,M,,,,1566,AUG25,0,20,2003,i
2329115,"Sturluson, Sigurdur Mar",ISL,M,,,,1601,AUG25,0,20,1982,i
2313090,"Sveinbjornsdottir, Elisabet Xian",ISL,F,,,,1432,AUG25,0,20,2005,w
2318369,"Sveinbjornsson, Gudmundur Orri",ISL,M,,,,1446,AUG25,0,40,2009,i
2314550,"Sveinsson, Gudmundur Peng",ISL,M,,,,1675,AUG25,0,20,2005,i
2331586,"Sveinsson, Jokull",ISL,M,,,,1542,AUG25,0,20,2005,i
2306867,"Sveinsson, Sveinn Ingi",ISL,M,,,,1895,AUG25,17,20,1964,
2326175,"Sverrisson, Dagur",ISL,M,,,,1642,AUG25,25,40,2016,
2311089,"Sverrisson, Kristjan Th",ISL,M,,,,1700,AUG25,0,20,1974,
2304376,"Sverrisson, Nokkvi",ISL,M,,,,2062,AUG25,0,20,1994,i
2310341,"Tamasan, Dorin",ISL,M,,,,1944,AUG25,0,20,1982,i
2302152,"Teitsson, Magnus",ISL,M,,,,2136,AUG25,0,20,1972,
2310759,"Teitsson, Tinni",ISL,M,,,,1848,AUG25,6,20,2003,
2318547,"Tesfamheret, Goitom Haile",ISL,M,,,,1595,AUG25,0,20,1985,i
2330695,"Theodoropoulos, Dimitri",ISL,M,,,,1610,AUG25,0,20,1983,
2327317,"Theodoropoulos, Iraklis Hrafn",ISL,M,,,,1507,AUG25,0,40,2016,
2308673,"Theodorsson, Bjorn",ISL,M,,,,1992,AUG25,0,20,1943,i
2304929,"Thor, Gudmundur Sverrir",ISL,M,,,,2005,AUG25,0,20,1975,
2300265,"Thor, Jon Th",ISL,M,,,,2042,AUG25,0,20,1944,i
2304384,"Thorarensen, Adalsteinn",ISL,M,,NA,,1725,AUG25,6,20,1966,
2319896,"Thorarensen, Robert",ISL,M,,,,1750,AUG25,0,20,2003,i
2331284,"Thorarinsson, Daniel Ingi",ISL,M,,,,1582,AUG25,5,20,1989,
2318040,"Thorarinsson, Gudmundur",ISL,M,,,,1762,AUG25,0,20,1939,
2300923,"Thorarinsson, Pall A.",ISL,M,FM,,,2238,AUG25,0,20,1976,i
2307693,"Thordarson, Agust Mar",ISL,M,,,,ACM,AUG25,1650,0,2000,
2324814,"Thordarson, Arsaell",ISL,M,,,,1506,AUG25,0,20,1943,i
2317915,"Thordarson, Sigurdur",ISL,M,,,,1695,AUG25,0,20,1951,i
2310350,"Thordarson, Sturla",ISL,M,,,,1828,AUG25,0,20,1972,
2300982,"Thorfinnsson, Bjorn",ISL,M,IM,,,2400,AUG25,33,10,1979,
2300958,"Thorfinnsson, Bragi",ISL,M,GM,,,2267,AUG25,18,10,1981,
2307812,"Thorgeirsson, Gunnlaugur",ISL,M,,,,1711,AUG25,0,20,1968,
2307731,"Thorgeirsson, Jon Kristinn",ISL,M,FM,,,2336,AUG25,0,20,1999,
2302462,"Thorgeirsson, Sverrir",ISL,M,FM,,,2296,AUG25,0,20,1991,i
2306590,"Thorgilsson, Gudlaugur Gauti",ISL,M,,,,1892,AUG25,0,20,1974,
2328259,"Thorgrimsson, Sigmundur",ISL,M,,,,1580,AUG25,0,40,2008,i
2306875,"Thorhallsson, Pall",ISL,M,,,,1991,AUG25,0,20,1964,i
2310090,"Thorhallsson, Simon",ISL,M,FM,,,2278,AUG25,9,20,1999,
2300109,"Thorhallsson, Throstur",ISL,M,GM,,,2287,AUG25,0,10,1969,
2324776,"Thorhallsson, Tryggvi",ISL,M,,,,1692,AUG25,0,20,1962,i
2308703,"Thorhallsson, Vilhjalmur",ISL,M,,,,1624,AUG25,0,20,1994,i
2312425,"Thorir, Thorisson",ISL,M,,,,1585,AUG25,0,20,0,i
2314576,"Thorisson, Benedikt",ISL,M,,,,1944,AUG25,0,20,2006,
2314916,"Thorisson, Bjartur",ISL,M,,,,1518,AUG25,0,40,2009,i
2324636,"Thorisson, Jon Bragi",ISL,M,,,,1529,AUG25,0,20,2006,i
2301695,"Thorkelsson, Sigurjon",ISL,M,,,,1992,AUG25,0,20,1967,
2315726,"Thoroddsen, Anna Katarina",ISL,F,,,,1433,AUG25,0,40,2008,wi
2309203,"Thoroddsen, Arni",ISL,M,,,,1772,AUG25,0,20,1954,i
2320797,"Thoroddsen, Baldur",ISL,M,,,,1737,AUG25,0,40,2009,
2311810,"Thoroddsen, Bragi Thor",ISL,M,,,,1569,AUG25,0,20,1971,i
2320622,"Thoroddsen, Jon Louie",ISL,M,,,,1503,AUG25,0,40,2012,i
2316013,"Thoroddsen, Tristan Theodor",ISL,M,,,,1446,AUG25,0,20,2005,i
2311038,"Thorsson, Bjarnsteinn",ISL,M,,,,1749,AUG25,0,20,1963,
2300869,"Thorsson, Olafur",ISL,M,,,,2184,AUG25,0,20,1972,
2304406,"Thorsson, Pall",ISL,M,,,,1791,AUG25,0,20,1977,i
2300060,"Thorsteins, Karl",ISL,M,IM,,,2387,AUG25,0,10,1964,i
2300753,"Thorsteinsdottir, Gudlaug",ISL,F,WFM,WFM,,1956,AUG25,0,20,1961,w
2302454,"Thorsteinsdottir, Hallgerdur",ISL,F,WFM,WFM,,2041,AUG25,8,20,1992,w
2300524,"Thorsteinsson, Arnar",ISL,M,CM,,,2263,AUG25,0,20,1967,
2304422,"Thorsteinsson, Aron Ellert",ISL,M,,,,1872,AUG25,0,20,1992,
2301091,"Thorsteinsson, Erlingur",ISL,M,,,,2005,AUG25,8,20,1955,
2309777,"Thorsteinsson, Leifur",ISL,M,,,,1696,AUG25,0,20,1998,i
2300281,"Thorsteinsson, Thorsteinn",ISL,M,FM,FT,,2185,AUG25,9,20,1960,
2317940,"Thorsteinsson, Thorsteinn Jakob F",ISL,M,,,,1967,AUG25,8,20,2006,
2309181,"Thorvaldsson, Jon",ISL,M,,,,1983,AUG25,0,20,1949,
2327627,"Thorvardarson, Hafthor Andri",ISL,M,,,,1472,AUG25,0,40,2012,
2323230,"Thorvardarson, Jon",ISL,M,,,,1719,AUG25,0,20,1954,i
2307626,"Thrainsson, Birgir Rafn",ISL,M,,,,1840,AUG25,0,20,1966,
2310864,"Thrastarson, Ivar",ISL,M,,,,1599,AUG25,0,20,1973,i
2332272,"Tomasdottir, Emilia Klara",ISL,F,,,,1418,AUG25,45,40,2017,w
2325675,"Tomasson, Hendrik",ISL,M,,,,1555,AUG25,0,20,1986,i
2300222,"Torfason, Jon",ISL,M,,,,2233,AUG25,0,20,1949,
2311771,"Torfason, Mikael Maron",ISL,M,,,,1404,AUG25,0,20,2004,i
2334259,"Tran, Anh Hai",ISL,M,,,,1486,AUG25,34,40,2013,
2302934,"Traustason, Ingi Tandri",ISL,M,,,,1839,AUG25,12,20,1974,
2323265,"Tryggvason, Erlingur",ISL,M,,,,1712,AUG25,0,20,1982,
2315793,"Tryggvason, Ketill",ISL,M,,,,1579,AUG25,0,20,1960,i
2329948,"Trzonek, Igor",ISL,M,,,,1443,AUG25,0,40,2012,
2300818,"Ulfarsson, Magnus Orn",ISL,M,FM,,,2313,AUG25,0,20,1976,
2308738,"Ulfljotsson, Jon",ISL,M,,,,1824,AUG25,0,20,1954,
2304481,"Ulfsson, Olafur Evert",ISL,M,,,,1880,AUG25,0,20,1989,
2304805,"Unnarsson, Sverrir",ISL,M,,,,1942,AUG25,0,20,1966,i
2310767,"Unnsteinsson, Oddur Thor",ISL,M,,,,1536,AUG25,0,20,2000,i
2307790,"Urbancic, Johannes Bjarki",ISL,M,,,,1840,AUG25,0,20,1993,i
2324725,"Uwesson Sauberlich, Jon Baltasar",ISL,M,,,,1584,AUG25,0,20,2005,i
2304813,"Valdimarsson, Einar",ISL,M,,,,1960,AUG25,0,20,1960,i
2318199,"Valdimarsson, Johann",ISL,M,,,,1683,AUG25,5,20,1962,
2334585,"Valencia, Alfred B?",ISL,M,,,,1667,AUG25,0,20,1998,
2301334,"Valgardsson, Gudjon Heidar",ISL,M,,,,2076,AUG25,9,20,1985,
2326817,"Valgeirsson, Gudmundur Ingi",ISL,M,,,,1673,AUG25,0,40,2008,
2318830,"Valsson, Arnar",ISL,M,,,,1559,AUG25,0,20,2005,i
2332370,"Valsson, Nokkvi Mar",ISL,M,,,,1587,AUG25,0,40,2015,
2301903,"Valtysson, Thor",ISL,M,,,,1904,AUG25,0,20,1943,
2322927,"Vidarsson , Kari Steinn",ISL,M,,,,1516,AUG25,0,20,2001,i
2308924,"Vidarsson, Hlynur Snaer",ISL,M,,,,1759,AUG25,0,20,1997,i
2300478,"Vidarsson, Jon G",ISL,M,IM,,,2309,AUG25,0,20,1962,i
2321033,"Vidarsson, Oddur Thorri",ISL,M,,,,1578,AUG25,0,20,1986,i
2318644,"Vieru, Mirel",ISL,M,,,,1751,AUG25,0,20,1980,i
2329646,"Vifilsson, Vilhjalmur Egill",ISL,M,,,,1816,AUG25,0,20,1988,i
2303914,"Vigfusson, Vigfus",ISL,M,,,,1903,AUG25,12,20,1961,
2314037,"Viggosson, Eirikur",ISL,M,,,,1779,AUG25,0,20,1943,i
2300400,"Viglundsson, Bjorgvin",ISL,M,,,,2105,AUG25,0,20,1946,i
2307529,"Viglundsson, Jon",ISL,M,,,,1696,AUG25,0,20,1935,i
2309270,"Vignisson, Ingvar Egill",ISL,M,,,,1821,AUG25,0,20,1990,i
2304520,"Viktorsson, Svavar",ISL,M,,,,1831,AUG25,0,20,1979,i
2321343,"Vilhjalmsson, Bjarki Freyr",ISL,M,,,,1633,AUG25,0,40,2009,i
2316447,"Vilhjalmsson, Hilmir",ISL,M,,,,1533,AUG25,0,20,1989,i
2323443,"Villanueva, Adrian Benedicto",ISL,M,,,,1705,AUG25,0,20,1992,i
2302160,"Vilmundarson, Leifur Ingi",ISL,M,,,,AGM,AUG25,2031,0,1975,i
2332191,"Vojvodic, Dorde",ISL,M,,,,1438,AUG25,0,20,1992,i
2328062,"Waldorff Sigurdsson, Fannar Logi",ISL,M,,,,1611,AUG25,0,40,2007,i
2329760,"Wawruzka, Oliver",ISL,M,,,,1639,AUG25,0,40,2011,i
2323346,"Weiss, Eliot",ISL,M,,,,1720,AUG25,0,20,1953,i
2327341,"Wielgus, Dominik W",ISL,M,,,,1464,AUG25,0,40,2015,
2332329,"Wilcox, Svanur",ISL,M,,,,1481,AUG25,0,20,1969,
2321246,"Wiszowaty, Stanislaw",ISL,M,,,,1467,AUG25,0,20,1977,i
2316781,"Wypior, Piotr",ISL,M,,,,1666,AUG25,0,20,1970,i
2323354,"Zochniak, Wiktor",ISL,M,,,,1552,AUG25,0,20,1983,i