[
  {
    "ID Number": "6502938"
  },
  {
    "ID Number": "2322676"
  },
  {
    "ID Number": "2330725"
  },
  {
    "ID Number": "2300591"
  },
  {
    "ID Number": "2330172"
  },
  {
    "ID Number": "2315483"
  },
  {
    "ID Number": "2311593"
  },
  {
    "ID Number": "2305895"
  },
  {
    "ID Number": "2309840"
  },
  {
    "ID Number": "2316390"
  },
  {
    "ID Number": "2308118"
  },
  {
    "ID Number": "2302047"
  },
  {
    "ID Number": "2307090"
  },
  {
    "ID Number": "2326566"
  },
  {
    "ID Number": "2315912"
  },
  {
    "ID Number": "2330180"
  },
  {
    "ID Number": "2329611"
  },
  {
    "ID Number": "2328615"
  },
  {
    "ID Number": "2300630"
  },
  {
    "ID Number": "2329255"
  },
  {
    "ID Number": "2327961"
  },
  {
    "ID Number": "2307987"
  },
  {
    "ID Number": "2325144"
  },
  {
    "ID Number": "2310147"
  },
  {
    "ID Number": "2304821"
  },
  {
    "ID Number": "2325420"
  },
  {
    "ID Number": "2329867"
  },
  {
    "ID Number": "2312158"
  },
  {
    "ID Number": "2332507"
  },
  {
    "ID Number": "2305054"
  },
  {
    "ID Number": "2316455"
  },
  {
    "ID Number": "2326221"
  },
  {
    "ID Number": "1725033"
  },
  {
    "ID Number": "2325438"
  },
  {
    "ID Number": "2326574"
  },
  {
    "ID Number": "2315246"
  },
  {
    "ID Number": "2301032"
  },
  {
    "ID Number": "2310511"
  },
  {
    "ID Number": "2300427"
  },
  {
    "ID Number": "2305402"
  },
  {
    "ID Number": "2313987"
  },
  {
    "ID Number": "2302756"
  },
  {
    "ID Number": "2311259"
  },
  {
    "ID Number": "2300036"
  },
  {
    "ID Number": "2324946"
  },
  {
    "ID Number": "2300826"
  },
  {
    "ID Number": "2331721"
  },
  {
    "ID Number": "2311852"
  },
  {
    "ID Number": "2324067"
  },
  {
    "ID Number": "2300435"
  },
  {
    "ID Number": "2301288"
  },
  {
    "ID Number": "2301059"
  },
  {
    "ID Number": "2323036"
  },
  {
    "ID Number": "2300320"
  },
  {
    "ID Number": "2314967"
  },
  {
    "ID Number": "2323940"
  },
  {
    "ID Number": "2329042"
  },
  {
    "ID Number": "2323818"
  },
  {
    "ID Number": "2305437"
  },
  {
    "ID Number": "2309874"
  },
  {
    "ID Number": "2328402"
  },
  {
    "ID Number": "2318946"
  },
  {
    "ID Number": "2313464"
  },
  {
    "ID Number": "2322889"
  },
  {
    "ID Number": "2301423"
  },
  {
    "ID Number": "2301156"
  },
  {
    "ID Number": "2328127"
  },
  {
    "ID Number": "2301261"
  },
  {
    "ID Number": "2327074"
  },
  {
    "ID Number": "2302691"
  },
  {
    "ID Number": "2302306"
  },
  {
    "ID Number": "2300273"
  },
  {
    "ID Number": "2301393"
  },
  {
    "ID Number": "2302829"
  },
  {
    "ID Number": "2305445"
  },
  {
    "ID Number": "2316811"
  },
  {
    "ID Number": "2309424"
  },
  {
    "ID Number": "2312603"
  },
  {
    "ID Number": "2322943"
  },
  {
    "ID Number": "2301407"
  },
  {
    "ID Number": "2323540"
  },
  {
    "ID Number": "2330849"
  },
  {
    "ID Number": "2317320"
  },
  {
    "ID Number": "2311860"
  },
  {
    "ID Number": "2310597"
  },
  {
    "ID Number": "2310600"
  },
  {
    "ID Number": "2312697"
  },
  {
    "ID Number": "2322455"
  },
  {
    "ID Number": "2310902"
  },
  {
    "ID Number": "2330008"
  },
  {
    "ID Number": "2334020"
  },
  {
    "ID Number": "2333449"
  },
  {
    "ID Number": "2331489"
  },
  {
    "ID Number": "2323451"
  },
  {
    "ID Number": "2323028"
  },
  {
    "ID Number": "2301458"
  },
  {
    "ID Number": "2304848"
  },
  {
    "ID Number": "2316501"
  },
  {
    "ID Number": "2314720"
  },
  {
    "ID Number": "2327139"
  },
  {
    "ID Number": "2312182"
  },
  {
    "ID Number": "2312190"
  },
  {
    "ID Number": "2306913"
  },
  {
    "ID Number": "2324342"
  },
  {
    "ID Number": "2302799"
  },
  {
    "ID Number": "2311879"
  },
  {
    "ID Number": "2300834"
  },
  {
    "ID Number": "2301563"
  },
  {
    "ID Number": "2312310"
  },
  {
    "ID Number": "2302039"
  },
  {
    "ID Number": "2325306"
  },
  {
    "ID Number": "2326892"
  },
  {
    "ID Number": "2331810"
  },
  {
    "ID Number": "2300974"
  },
  {
    "ID Number": "2301954"
  },
  {
    "ID Number": "2300303"
  },
  {
    "ID Number": "2310066"
  },
  {
    "ID Number": "2323320"
  },
  {
    "ID Number": "2307030"
  },
  {
    "ID Number": "2309483"
  },
  {
    "ID Number": "2314215"
  },
  {
    "ID Number": "2315432"
  },
  {
    "ID Number": "2317486"
  },
  {
    "ID Number": "2312573"
  },
  {
    "ID Number": "2317060"
  },
  {
    "ID Number": "2312506"
  },
  {
    "ID Number": "2313472"
  },
  {
    "ID Number": "2326930"
  },
  {
    "ID Number": "2315939"
  },
  {
    "ID Number": "2302233"
  },
  {
    "ID Number": "2322544"
  },
  {
    "ID Number": "2321726"
  },
  {
    "ID Number": "2305313"
  },
  {
    "ID Number": "2324210"
  },
  {
    "ID Number": "2321696"
  },
  {
    "ID Number": "2324733"
  },
  {
    "ID Number": "2301113"
  },
  {
    "ID Number": "1400185"
  },
  {
    "ID Number": "2324075"
  },
  {
    "ID Number": "2301792"
  },
  {
    "ID Number": "2309491"
  },
  {
    "ID Number": "2330644"
  },
  {
    "ID Number": "2329263"
  },
  {
    "ID Number": "2316838"
  },
  {
    "ID Number": "2321068"
  },
  {
    "ID Number": "2328755"
  },
  {
    "ID Number": "2311631"
  },
  {
    "ID Number": "2310627"
  },
  {
    "ID Number": "2325888"
  },
  {
    "ID Number": "2311399"
  },
  {
    "ID Number": "2326582"
  },
  {
    "ID Number": "2324784"
  },
  {
    "ID Number": "14142805"
  },
  {
    "ID Number": "2316846"
  },
  {
    "ID Number": "2322978"
  },
  {
    "ID Number": "2332302"
  },
  {
    "ID Number": "2300893"
  },
  {
    "ID Number": "2327147"
  },
  {
    "ID Number": "2304627"
  },
  {
    "ID Number": "2326590"
  },
  {
    "ID Number": "2330148"
  },
  {
    "ID Number": "2306654"
  },
  {
    "ID Number": "2300540"
  },
  {
    "ID Number": "2320860"
  },
  {
    "ID Number": "2324458"
  },
  {
    "ID Number": "2301105"
  },
  {
    "ID Number": "2301652"
  },
  {
    "ID Number": "2307715"
  },
  {
    "ID Number": "2328275"
  },
  {
    "ID Number": "2300150"
  },
  {
    "ID Number": "2330806"
  },
  {
    "ID Number": "2309505"
  },
  {
    "ID Number": "2309220"
  },
  {
    "ID Number": "2324660"
  },
  {
    "ID Number": "2320584"
  },
  {
    "ID Number": "2316358"
  },
  {
    "ID Number": "2301660"
  },
  {
    "ID Number": "2316536"
  },
  {
    "ID Number": "2302314"
  },
  {
    "ID Number": "2322277"
  },
  {
    "ID Number": "2328801"
  },
  {
    "ID Number": "2301822"
  },
  {
    "ID Number": "2301784"
  },
  {
    "ID Number": "2325314"
  },
  {
    "ID Number": "2328283"
  },
  {
    "ID Number": "2326116"
  },
  {
    "ID Number": "2327457"
  },
  {
    "ID Number": "2304635"
  },
  {
    "ID Number": "2326477"
  },
  {
    "ID Number": "2327252"
  },
  {
    "ID Number": "2321769"
  },
  {
    "ID Number": "2325381"
  },
  {
    "ID Number": "2300214"
  },
  {
    "ID Number": "1701550"
  },
  {
    "ID Number": "2325462"
  },
  {
    "ID Number": "2301997"
  },
  {
    "ID Number": "2303590"
  },
  {
    "ID Number": "2308240"
  },
  {
    "ID Number": "2323800"
  },
  {
    "ID Number": "2330040"
  },
  {
    "ID Number": "2335832"
  },
  {
    "ID Number": "2300885"
  },
  {
    "ID Number": "2331047"
  },
  {
    "ID Number": "2303124"
  },
  {
    "ID Number": "2300842"
  },
  {
    "ID Number": "2330636"
  },
  {
    "ID Number": "2334186"
  },
  {
    "ID Number": "2318660"
  },
  {
    "ID Number": "2320878"
  },
  {
    "ID Number": "2326485"
  },
  {
    "ID Number": "2300788"
  },
  {
    "ID Number": "2311895"
  },
  {
    "ID Number": "2303604"
  },
  {
    "ID Number": "2302020"
  },
  {
    "ID Number": "2326809"
  },
  {
    "ID Number": "2302055"
  },
  {
    "ID Number": "2302098"
  },
  {
    "ID Number": "2317494"
  },
  {
    "ID Number": "2313596"
  },
  {
    "ID Number": "2300702"
  },
  {
    "ID Number": "2302080"
  },
  {
    "ID Number": "2325047"
  },
  {
    "ID Number": "2300559"
  },
  {
    "ID Number": "2319306"
  },
  {
    "ID Number": "2311283"
  },
  {
    "ID Number": "2302845"
  },
  {
    "ID Number": "2302276"
  },
  {
    "ID Number": "2315262"
  },
  {
    "ID Number": "2326400"
  },
  {
    "ID Number": "2321661"
  },
  {
    "ID Number": "2325349"
  },
  {
    "ID Number": "2322862"
  },
  {
    "ID Number": "2300249"
  },
  {
    "ID Number": "2323397"
  },
  {
    "ID Number": "2300699"
  },
  {
    "ID Number": "2302241"
  },
  {
    "ID Number": "2304651"
  },
  {
    "ID Number": "2322790"
  },
  {
    "ID Number": "2318164"
  },
  {
    "ID Number": "2332140"
  },
  {
    "ID Number": "2304864"
  },
  {
    "ID Number": "2323664"
  },
  {
    "ID Number": "2326280"
  },
  {
    "ID Number": "2325110"
  },
  {
    "ID Number": "2309980"
  },
  {
    "ID Number": "2302209"
  },
  {
    "ID Number": "2304660"
  },
  {
    "ID Number": "2305526"
  },
  {
    "ID Number": "2311550"
  },
  {
    "ID Number": "2330482"
  },
  {
    "ID Number": "2325160"
  },
  {
    "ID Number": "2310473"
  },
  {
    "ID Number": "2310520"
  },
  {
    "ID Number": "2333694"
  },
  {
    "ID Number": "2325560"
  },
  {
    "ID Number": "2300206"
  },
  {
    "ID Number": "2323044"
  },
  {
    "ID Number": "2303620"
  },
  {
    "ID Number": "2314339"
  },
  {
    "ID Number": "2327350"
  },
  {
    "ID Number": "2313316"
  },
  {
    "ID Number": "2322170"
  },
  {
    "ID Number": "2307278"
  },
  {
    "ID Number": "2302411"
  },
  {
    "ID Number": "2322463"
  },
  {
    "ID Number": "2304872"
  },
  {
    "ID Number": "2329808"
  },
  {
    "ID Number": "2316650"
  },
  {
    "ID Number": "2324008"
  },
  {
    "ID Number": "2321637"
  },
  {
    "ID Number": "2321076"
  },
  {
    "ID Number": "2330059"
  },
  {
    "ID Number": "2327058"
  },
  {
    "ID Number": "2300915"
  },
  {
    "ID Number": "2311917"
  },
  {
    "ID Number": "2302497"
  },
  {
    "ID Number": "2300354"
  },
  {
    "ID Number": "2328410"
  },
  {
    "ID Number": "2302519"
  },
  {
    "ID Number": "2300931"
  },
  {
    "ID Number": "2312220"
  },
  {
    "ID Number": "2318881"
  },
  {
    "ID Number": "2313944"
  },
  {
    "ID Number": "2301776"
  },
  {
    "ID Number": "2310538"
  },
  {
    "ID Number": "2316560"
  },
  {
    "ID Number": "2326833"
  },
  {
    "ID Number": "2329069"
  },
  {
    "ID Number": "2318938"
  },
  {
    "ID Number": "2305992"
  },
  {
    "ID Number": "2306956"
  },
  {
    "ID Number": "2319055"
  },
  {
    "ID Number": "2326507"
  },
  {
    "ID Number": "2323206"
  },
  {
    "ID Number": "2315190"
  },
  {
    "ID Number": "2312239"
  },
  {
    "ID Number": "2318679"
  },
  {
    "ID Number": "2315130"
  },
  {
    "ID Number": "2314665"
  },
  {
    "ID Number": "2329700"
  },
  {
    "ID Number": "2327970"
  },
  {
    "ID Number": "2300664"
  },
  {
    "ID Number": "2300907"
  },
  {
    "ID Number": "2300494"
  },
  {
    "ID Number": "2301369"
  },
  {
    "ID Number": "2303647"
  },
  {
    "ID Number": "2301075"
  },
  {
    "ID Number": "2324822"
  },
  {
    "ID Number": "2302551"
  },
  {
    "ID Number": "2330016"
  },
  {
    "ID Number": "2325179"
  },
  {
    "ID Number": "2311968"
  },
  {
    "ID Number": "2306069"
  },
  {
    "ID Number": "2319446"
  },
  {
    "ID Number": "2311569"
  },
  {
    "ID Number": "2323885"
  },
  {
    "ID Number": "2315777"
  },
  {
    "ID Number": "2331497"
  },
  {
    "ID Number": "2313324"
  },
  {
    "ID Number": "2311402"
  },
  {
    "ID Number": "2323460"
  },
  {
    "ID Number": "2323478"
  },
  {
    "ID Number": "2311100"
  },
  {
    "ID Number": "2305852"
  },
  {
    "ID Number": "2326957"
  },
  {
    "ID Number": "2301865"
  },
  {
    "ID Number": "2303655"
  },
  {
    "ID Number": "2332906"
  },
  {
    "ID Number": "2315890"
  },
  {
    "ID Number": "2302594"
  },
  {
    "ID Number": "2317605"
  },
  {
    "ID Number": "2302608"
  },
  {
    "ID Number": "2323079"
  },
  {
    "ID Number": "2314223"
  },
  {
    "ID Number": "2305593"
  },
  {
    "ID Number": "2303680"
  },
  {
    "ID Number": "2324881"
  },
  {
    "ID Number": "2323419"
  },
  {
    "ID Number": "2328267"
  },
  {
    "ID Number": "2312875"
  },
  {
    "ID Number": "2328828"
  },
  {
    "ID Number": "2317532"
  },
  {
    "ID Number": "2309998"
  },
  {
    "ID Number": "2330261"
  },
  {
    "ID Number": "2314118"
  },
  {
    "ID Number": "2303701"
  },
  {
    "ID Number": "2318261"
  },
  {
    "ID Number": "2321041"
  },
  {
    "ID Number": "2316609"
  },
  {
    "ID Number": "2323117"
  },
  {
    "ID Number": "2319551"
  },
  {
    "ID Number": "2335611"
  },
  {
    "ID Number": "370243352"
  },
  {
    "ID Number": "2327503"
  },
  {
    "ID Number": "2311127"
  },
  {
    "ID Number": "2306093"
  },
  {
    "ID Number": "2302632"
  },
  {
    "ID Number": "2325128"
  },
  {
    "ID Number": "2311062"
  },
  {
    "ID Number": "2331748"
  },
  {
    "ID Number": "2326655"
  },
  {
    "ID Number": "2331756"
  },
  {
    "ID Number": "2307316"
  },
  {
    "ID Number": "2315084"
  },
  {
    "ID Number": "2302640"
  },
  {
    "ID Number": "2312883"
  },
  {
    "ID Number": "2323010"
  },
  {
    "ID Number": "2300672"
  },
  {
    "ID Number": "2300044"
  },
  {
    "ID Number": "2319012"
  },
  {
    "ID Number": "2307324"
  },
  {
    "ID Number": "2331390"
  },
  {
    "ID Number": "2313227"
  },
  {
    "ID Number": "2319675"
  },
  {
    "ID Number": "2305615"
  },
  {
    "ID Number": "2310481"
  },
  {
    "ID Number": "2304686"
  },
  {
    "ID Number": "2301253"
  },
  {
    "ID Number": "2317540"
  },
  {
    "ID Number": "2306115"
  },
  {
    "ID Number": "2330105"
  },
  {
    "ID Number": "2318806"
  },
  {
    "ID Number": "2304902"
  },
  {
    "ID Number": "2301709"
  },
  {
    "ID Number": "2328100"
  },
  {
    "ID Number": "2309076"
  },
  {
    "ID Number": "2302250"
  },
  {
    "ID Number": "2301270"
  },
  {
    "ID Number": "2310422"
  },
  {
    "ID Number": "2324806"
  },
  {
    "ID Number": "2307065"
  },
  {
    "ID Number": "2323796"
  },
  {
    "ID Number": "2319462"
  },
  {
    "ID Number": "2303000"
  },
  {
    "ID Number": "2301431"
  },
  {
    "ID Number": "2305917"
  },
  {
    "ID Number": "2316676"
  },
  {
    "ID Number": "2318172"
  },
  {
    "ID Number": "2322510"
  },
  {
    "ID Number": "2320614"
  },
  {
    "ID Number": "2310368"
  },
  {
    "ID Number": "2301067"
  },
  {
    "ID Number": "2303019"
  },
  {
    "ID Number": "2333384"
  },
  {
    "ID Number": "2324415"
  },
  {
    "ID Number": "2322838"
  },
  {
    "ID Number": "2304694"
  },
  {
    "ID Number": "2301490"
  },
  {
    "ID Number": "2307332"
  },
  {
    "ID Number": "2325039"
  },
  {
    "ID Number": "2306760"
  },
  {
    "ID Number": "2305623"
  },
  {
    "ID Number": "2330156"
  },
  {
    "ID Number": "2325390"
  },
  {
    "ID Number": "2306425"
  },
  {
    "ID Number": "2303108"
  },
  {
    "ID Number": "2318210"
  },
  {
    "ID Number": "2307910"
  },
  {
    "ID Number": "2314673"
  },
  {
    "ID Number": "2316234"
  },
  {
    "ID Number": "2315149"
  },
  {
    "ID Number": "2309300"
  },
  {
    "ID Number": "2308380"
  },
  {
    "ID Number": "2329174"
  },
  {
    "ID Number": "2318539"
  },
  {
    "ID Number": "2310244"
  },
  {
    "ID Number": "2303051"
  },
  {
    "ID Number": "2326906"
  },
  {
    "ID Number": "2329085"
  },
  {
    "ID Number": "2300338"
  },
  {
    "ID Number": "2311224"
  },
  {
    "ID Number": "2303116"
  },
  {
    "ID Number": "2321939"
  },
  {
    "ID Number": "2316706"
  },
  {
    "ID Number": "2324253"
  },
  {
    "ID Number": "2320517"
  },
  {
    "ID Number": "2323095"
  },
  {
    "ID Number": "2308398"
  },
  {
    "ID Number": "2301881"
  },
  {
    "ID Number": "2321300"
  },
  {
    "ID Number": "2326132"
  },
  {
    "ID Number": "2313332"
  },
  {
    "ID Number": "2309092"
  },
  {
    "ID Number": "2319942"
  },
  {
    "ID Number": "2332361"
  },
  {
    "ID Number": "2323850"
  },
  {
    "ID Number": "2329689"
  },
  {
    "ID Number": "2310961"
  },
  {
    "ID Number": "2329999"
  },
  {
    "ID Number": "2321688"
  },
  {
    "ID Number": "2326426"
  },
  {
    "ID Number": "2319179"
  },
  {
    "ID Number": "2313413"
  },
  {
    "ID Number": "2309106"
  },
  {
    "ID Number": "2316226"
  },
  {
    "ID Number": "2303205"
  },
  {
    "ID Number": "2302365"
  },
  {
    "ID Number": "2320525"
  },
  {
    "ID Number": "2302713"
  },
  {
    "ID Number": "2329220"
  },
  {
    "ID Number": "2306964"
  },
  {
    "ID Number": "2305666"
  },
  {
    "ID Number": "2319870"
  },
  {
    "ID Number": "2303248"
  },
  {
    "ID Number": "2309327"
  },
  {
    "ID Number": "2310970"
  },
  {
    "ID Number": "2321947"
  },
  {
    "ID Number": "2302373"
  },
  {
    "ID Number": "2300567"
  },
  {
    "ID Number": "2326868"
  },
  {
    "ID Number": "2316374"
  },
  {
    "ID Number": "2303272"
  },
  {
    "ID Number": "2321084"
  },
  {
    "ID Number": "2323257"
  },
  {
    "ID Number": "2331306"
  },
  {
    "ID Number": "2301687"
  },
  {
    "ID Number": "2325330"
  },
  {
    "ID Number": "2312530"
  },
  {
    "ID Number": "2305194"
  },
  {
    "ID Number": "2307936"
  },
  {
    "ID Number": "2324970"
  },
  {
    "ID Number": "2305062"
  },
  {
    "ID Number": "2325357"
  },
  {
    "ID Number": "2329131"
  },
  {
    "ID Number": "2325578"
  },
  {
    "ID Number": "2318237"
  },
  {
    "ID Number": "2317192"
  },
  {
    "ID Number": "2318342"
  },
  {
    "ID Number": "2303299"
  },
  {
    "ID Number": "2301130"
  },
  {
    "ID Number": "2317346"
  },
  {
    "ID Number": "2303302"
  },
  {
    "ID Number": "2301318"
  },
  {
    "ID Number": "2323168"
  },
  {
    "ID Number": "2310260"
  },
  {
    "ID Number": "2319225"
  },
  {
    "ID Number": "2301326"
  },
  {
    "ID Number": "2322323"
  },
  {
    "ID Number": "2328500"
  },
  {
    "ID Number": "2320126"
  },
  {
    "ID Number": "2318113"
  },
  {
    "ID Number": "2806231"
  },
  {
    "ID Number": "2332086"
  },
  {
    "ID Number": "2308843"
  },
  {
    "ID Number": "2308010"
  },
  {
    "ID Number": "2323052"
  },
  {
    "ID Number": "2332892"
  },
  {
    "ID Number": "2327279"
  },
  {
    "ID Number": "2310007"
  },
  {
    "ID Number": "2331403"
  },
  {
    "ID Number": "2305232"
  },
  {
    "ID Number": "2300370"
  },
  {
    "ID Number": "1404679"
  },
  {
    "ID Number": "2302950"
  },
  {
    "ID Number": "2305682"
  },
  {
    "ID Number": "2304724"
  },
  {
    "ID Number": "2303752"
  },
  {
    "ID Number": "2310279"
  },
  {
    "ID Number": "2317079"
  },
  {
    "ID Number": "2309335"
  },
  {
    "ID Number": "2320533"
  },
  {
    "ID Number": "2315823"
  },
  {
    "ID Number": "2310988"
  },
  {
    "ID Number": "2315076"
  },
  {
    "ID Number": "2300656"
  },
  {
    "ID Number": "2302225"
  },
  {
    "ID Number": "2320134"
  },
  {
    "ID Number": "2310732"
  },
  {
    "ID Number": "2300362"
  },
  {
    "ID Number": "2304961"
  },
  {
    "ID Number": "2301377"
  },
  {
    "ID Number": "2303361"
  },
  {
    "ID Number": "2313499"
  },
  {
    "ID Number": "2326337"
  },
  {
    "ID Number": "2308533"
  },
  {
    "ID Number": "2325780"
  },
  {
    "ID Number": "2325764"
  },
  {
    "ID Number": "2300966"
  },
  {
    "ID Number": "2317290"
  },
  {
    "ID Number": "2302870"
  },
  {
    "ID Number": "2300729"
  },
  {
    "ID Number": "2315165"
  },
  {
    "ID Number": "2311798"
  },
  {
    "ID Number": "2301806"
  },
  {
    "ID Number": "2303779"
  },
  {
    "ID Number": "2309114"
  },
  {
    "ID Number": "2303787"
  },
  {
    "ID Number": "2312484"
  },
  {
    "ID Number": "2312956"
  },
  {
    "ID Number": "2331411"
  },
  {
    "ID Number": "2318628"
  },
  {
    "ID Number": "2305283"
  },
  {
    "ID Number": "2306921"
  },
  {
    "ID Number": "2302128"
  },
  {
    "ID Number": "2303442"
  },
  {
    "ID Number": "2304970"
  },
  {
    "ID Number": "2315874"
  },
  {
    "ID Number": "2310287"
  },
  {
    "ID Number": "2313391"
  },
  {
    "ID Number": "2313383"
  },
  {
    "ID Number": "2327759"
  },
  {
    "ID Number": "2325250"
  },
  {
    "ID Number": "2303809"
  },
  {
    "ID Number": "2329093"
  },
  {
    "ID Number": "2321521"
  },
  {
    "ID Number": "2329107"
  },
  {
    "ID Number": "2306034"
  },
  {
    "ID Number": "2303469"
  },
  {
    "ID Number": "1427075"
  },
  {
    "ID Number": "2315343"
  },
  {
    "ID Number": "2333406"
  },
  {
    "ID Number": "2323150"
  },
  {
    "ID Number": "2325268"
  },
  {
    "ID Number": "2331110"
  },
  {
    "ID Number": "2303507"
  },
  {
    "ID Number": "2310015"
  },
  {
    "ID Number": "2313910"
  },
  {
    "ID Number": "2308835"
  },
  {
    "ID Number": "2323494"
  },
  {
    "ID Number": "2318717"
  },
  {
    "ID Number": "2328658"
  },
  {
    "ID Number": "2313510"
  },
  {
    "ID Number": "2313863"
  },
  {
    "ID Number": "2300451"
  },
  {
    "ID Number": "2316510"
  },
  {
    "ID Number": "2316765"
  },
  {
    "ID Number": "2300010"
  },
  {
    "ID Number": "2310023"
  },
  {
    "ID Number": "2313200"
  },
  {
    "ID Number": "2312042"
  },
  {
    "ID Number": "2306514"
  },
  {
    "ID Number": "2302403"
  },
  {
    "ID Number": "2303949"
  },
  {
    "ID Number": "2301148"
  },
  {
    "ID Number": "2320045"
  },
  {
    "ID Number": "2331080"
  },
  {
    "ID Number": "2312352"
  },
  {
    "ID Number": "2303957"
  },
  {
    "ID Number": "2330199"
  },
  {
    "ID Number": "2311453"
  },
  {
    "ID Number": "2302772"
  },
  {
    "ID Number": "2316102"
  },
  {
    "ID Number": "2310821"
  },
  {
    "ID Number": "2301016"
  },
  {
    "ID Number": "2320401"
  },
  {
    "ID Number": "2328429"
  },
  {
    "ID Number": "2323400"
  },
  {
    "ID Number": "2326205"
  },
  {
    "ID Number": "2322129"
  },
  {
    "ID Number": "2313014"
  },
  {
    "ID Number": "2330555"
  },
  {
    "ID Number": "2321793"
  },
  {
    "ID Number": "2320118"
  },
  {
    "ID Number": "2323524"
  },
  {
    "ID Number": "2303990"
  },
  {
    "ID Number": "2306816"
  },
  {
    "ID Number": "2308568"
  },
  {
    "ID Number": "2303078"
  },
  {
    "ID Number": "2306824"
  },
  {
    "ID Number": "2319594"
  },
  {
    "ID Number": "2326000"
  },
  {
    "ID Number": "2301202"
  },
  {
    "ID Number": "2321777"
  },
  {
    "ID Number": "2320142"
  },
  {
    "ID Number": "2328771"
  },
  {
    "ID Number": "2319780"
  },
  {
    "ID Number": "2326876"
  },
  {
    "ID Number": "2314487"
  },
  {
    "ID Number": "2309130"
  },
  {
    "ID Number": "2325055"
  },
  {
    "ID Number": "2301725"
  },
  {
    "ID Number": "2315785"
  },
  {
    "ID Number": "2300028"
  },
  {
    "ID Number": "2302136"
  },
  {
    "ID Number": "2325730"
  },
  {
    "ID Number": "2317990"
  },
  {
    "ID Number": "2328887"
  },
  {
    "ID Number": "2323931"
  },
  {
    "ID Number": "14132907"
  },
  {
    "ID Number": "14121093"
  },
  {
    "ID Number": "305650"
  },
  {
    "ID Number": "2304058"
  },
  {
    "ID Number": "2328763"
  },
  {
    "ID Number": "2308860"
  },
  {
    "ID Number": "2310074"
  },
  {
    "ID Number": "2301040"
  },
  {
    "ID Number": "2315386"
  },
  {
    "ID Number": "2333732"
  },
  {
    "ID Number": "2320703"
  },
  {
    "ID Number": "2304090"
  },
  {
    "ID Number": "2328682"
  },
  {
    "ID Number": "2301768"
  },
  {
    "ID Number": "2327171"
  },
  {
    "ID Number": "2328780"
  },
  {
    "ID Number": "2319845"
  },
  {
    "ID Number": "2302900"
  },
  {
    "ID Number": "2311054"
  },
  {
    "ID Number": "10601279"
  },
  {
    "ID Number": "2330741"
  },
  {
    "ID Number": "2304139"
  },
  {
    "ID Number": "2306972"
  },
  {
    "ID Number": "2314894"
  },
  {
    "ID Number": "2313057"
  },
  {
    "ID Number": "2300168"
  },
  {
    "ID Number": "2307430"
  },
  {
    "ID Number": "2316340"
  },
  {
    "ID Number": "2304767"
  },
  {
    "ID Number": "2317087"
  },
  {
    "ID Number": "2305305"
  },
  {
    "ID Number": "2302888"
  },
  {
    "ID Number": "2322021"
  },
  {
    "ID Number": "2322030"
  },
  {
    "ID Number": "2323222"
  },
  {
    "ID Number": "2311003"
  },
  {
    "ID Number": "2329280"
  },
  {
    "ID Number": "2313421"
  },
  {
    "ID Number": "2304163"
  },
  {
    "ID Number": "2321610"
  },
  {
    "ID Number": "2321483"
  },
  {
    "ID Number": "2302004"
  },
  {
    "ID Number": "2317044"
  },
  {
    "ID Number": "2302977"
  },
  {
    "ID Number": "2307448"
  },
  {
    "ID Number": "2309726"
  },
  {
    "ID Number": "2313766"
  },
  {
    "ID Number": "2304180"
  },
  {
    "ID Number": "2308614"
  },
  {
    "ID Number": "2319861"
  },
  {
    "ID Number": "2303850"
  },
  {
    "ID Number": "2302217"
  },
  {
    "ID Number": "2328224"
  },
  {
    "ID Number": "2324288"
  },
  {
    "ID Number": "2324474"
  },
  {
    "ID Number": "2302144"
  },
  {
    "ID Number": "2319071"
  },
  {
    "ID Number": "2320738"
  },
  {
    "ID Number": "2301849"
  },
  {
    "ID Number": "2306131"
  },
  {
    "ID Number": "2328232"
  },
  {
    "ID Number": "2304210"
  },
  {
    "ID Number": "2310830"
  },
  {
    "ID Number": "2304783"
  },
  {
    "ID Number": "2302195"
  },
  {
    "ID Number": "2313278"
  },
  {
    "ID Number": "2334437"
  },
  {
    "ID Number": "2320967"
  },
  {
    "ID Number": "2312077"
  },
  {
    "ID Number": "2304228"
  },
  {
    "ID Number": "2326663"
  },
  {
    "ID Number": "2300710"
  },
  {
    "ID Number": "2334844"
  },
  {
    "ID Number": "2322854"
  },
  {
    "ID Number": "2300397"
  },
  {
    "ID Number": "2301008"
  },
  {
    "ID Number": "2306140"
  },
  {
    "ID Number": "2303884"
  },
  {
    "ID Number": "2303892"
  },
  {
    "ID Number": "2301024"
  },
  {
    "ID Number": "2306018"
  },
  {
    "ID Number": "2332558"
  },
  {
    "ID Number": "2305020"
  },
  {
    "ID Number": "2316943"
  },
  {
    "ID Number": "2321807"
  },
  {
    "ID Number": "2318148"
  },
  {
    "ID Number": "2325004"
  },
  {
    "ID Number": "2303086"
  },
  {
    "ID Number": "2322668"
  },
  {
    "ID Number": "2330733"
  },
  {
    "ID Number": "2300850"
  },
  {
    "ID Number": "2311143"
  },
  {
    "ID Number": "2320541"
  },
  {
    "ID Number": "2312379"
  },
  {
    "ID Number": "2310325"
  },
  {
    "ID Number": "2313804"
  },
  {
    "ID Number": "2300087"
  },
  {
    "ID Number": "2323060"
  },
  {
    "ID Number": "2304295"
  },
  {
    "ID Number": "2324407"
  },
  {
    "ID Number": "2324369"
  },
  {
    "ID Number": "2324377"
  },
  {
    "ID Number": "2324385"
  },
  {
    "ID Number": "2308649"
  },
  {
    "ID Number": "2316757"
  },
  {
    "ID Number": "2301229"
  },
  {
    "ID Number": "2310848"
  },
  {
    "ID Number": "2316617"
  },
  {
    "ID Number": "2312441"
  },
  {
    "ID Number": "2300117"
  },
  {
    "ID Number": "2304791"
  },
  {
    "ID Number": "2318997"
  },
  {
    "ID Number": "2304325"
  },
  {
    "ID Number": "2312093"
  },
  {
    "ID Number": "2310040"
  },
  {
    "ID Number": "2329115"
  },
  {
    "ID Number": "2302730"
  },
  {
    "ID Number": "2329735"
  },
  {
    "ID Number": "2318369"
  },
  {
    "ID Number": "2314550"
  },
  {
    "ID Number": "2306867"
  },
  {
    "ID Number": "2311089"
  },
  {
    "ID Number": "2304376"
  },
  {
    "ID Number": "2305771"
  },
  {
    "ID Number": "2303132"
  },
  {
    "ID Number": "2310759"
  },
  {
    "ID Number": "2304929"
  },
  {
    "ID Number": "2300265"
  },
  {
    "ID Number": "2304384"
  },
  {
    "ID Number": "2323303"
  },
  {
    "ID Number": "2331284"
  },
  {
    "ID Number": "2324717"
  },
  {
    "ID Number": "2300923"
  },
  {
    "ID Number": "2329298"
  },
  {
    "ID Number": "2307693"
  },
  {
    "ID Number": "2310350"
  },
  {
    "ID Number": "2328305"
  },
  {
    "ID Number": "2300982"
  },
  {
    "ID Number": "2300958"
  },
  {
    "ID Number": "2307731"
  },
  {
    "ID Number": "2302462"
  },
  {
    "ID Number": "2306590"
  },
  {
    "ID Number": "2328259"
  },
  {
    "ID Number": "2310090"
  },
  {
    "ID Number": "2300109"
  },
  {
    "ID Number": "2324776"
  },
  {
    "ID Number": "2314576"
  },
  {
    "ID Number": "2314916"
  },
  {
    "ID Number": "2324636"
  },
  {
    "ID Number": "2301695"
  },
  {
    "ID Number": "2315726"
  },
  {
    "ID Number": "2309203"
  },
  {
    "ID Number": "2320797"
  },
  {
    "ID Number": "2326884"
  },
  {
    "ID Number": "2320622"
  },
  {
    "ID Number": "2328690"
  },
  {
    "ID Number": "2316013"
  },
  {
    "ID Number": "2311038"
  },
  {
    "ID Number": "2300869"
  },
  {
    "ID Number": "2304406"
  },
  {
    "ID Number": "2300753"
  },
  {
    "ID Number": "2302454"
  },
  {
    "ID Number": "2310686"
  },
  {
    "ID Number": "2311763"
  },
  {
    "ID Number": "2300524"
  },
  {
    "ID Number": "2304422"
  },
  {
    "ID Number": "2328577"
  },
  {
    "ID Number": "2301091"
  },
  {
    "ID Number": "2309777"
  },
  {
    "ID Number": "2300281"
  },
  {
    "ID Number": "2317940"
  },
  {
    "ID Number": "2316528"
  },
  {
    "ID Number": "2325977"
  },
  {
    "ID Number": "2309181"
  },
  {
    "ID Number": "2327627"
  },
  {
    "ID Number": "2307626"
  },
  {
    "ID Number": "2330881"
  },
  {
    "ID Number": "2324555"
  },
  {
    "ID Number": "2323435"
  },
  {
    "ID Number": "2331560"
  },
  {
    "ID Number": "2313286"
  },
  {
    "ID Number": "2334259"
  },
  {
    "ID Number": "2324113"
  },
  {
    "ID Number": "2302934"
  },
  {
    "ID Number": "2323265"
  },
  {
    "ID Number": "2329948"
  },
  {
    "ID Number": "2327635"
  },
  {
    "ID Number": "2300818"
  },
  {
    "ID Number": "2308738"
  },
  {
    "ID Number": "2304805"
  },
  {
    "ID Number": "2310767"
  },
  {
    "ID Number": "2304813"
  },
  {
    "ID Number": "2318199"
  },
  {
    "ID Number": "2301334"
  },
  {
    "ID Number": "2326817"
  },
  {
    "ID Number": "2314703"
  },
  {
    "ID Number": "2318830"
  },
  {
    "ID Number": "2332370"
  },
  {
    "ID Number": "2301903"
  },
  {
    "ID Number": "2324296"
  },
  {
    "ID Number": "2322846"
  },
  {
    "ID Number": "2322927"
  },
  {
    "ID Number": "2308924"
  },
  {
    "ID Number": "2321033"
  },
  {
    "ID Number": "2310708"
  },
  {
    "ID Number": "2300486"
  },
  {
    "ID Number": "2303914"
  },
  {
    "ID Number": "2314037"
  },
  {
    "ID Number": "2300400"
  },
  {
    "ID Number": "2307529"
  },
  {
    "ID Number": "2313308"
  },
  {
    "ID Number": "2309270"
  },
  {
    "ID Number": "2321343"
  },
  {
    "ID Number": "2316447"
  },
  {
    "ID Number": "2306662"
  },
  {
    "ID Number": "2323443"
  },
  {
    "ID Number": "2328062"
  },
  {
    "ID Number": "2324563"
  },
  {
    "ID Number": "2332329"
  },
  {
    "ID Number": "2335174"
  }
]