[
  {
    "ID Number": "1061143"
  },
  {
    "ID Number": "7502478"
  },
  {
    "ID Number": "7501900"
  },
  {
    "ID Number": "7502583"
  },
  {
    "ID Number": "1018000"
  },
  {
    "ID Number": "7502362"
  },
  {
    "ID Number": "7500211"
  },
  {
    "ID Number": "7501005"
  },
  {
    "ID Number": "7501692"
  },
  {
    "ID Number": "7502419"
  },
  {
    "ID Number": "7500203"
  },
  {
    "ID Number": "7503024"
  },
  {
    "ID Number": "7502656"
  },
  {
    "ID Number": "7502249"
  },
  {
    "ID Number": "7502397"
  },
  {
    "ID Number": "7500475"
  },
  {
    "ID Number": "7500041"
  },
  {
    "ID Number": "7502559"
  },
  {
    "ID Number": "7502842"
  },
  {
    "ID Number": "7502850"
  },
  {
    "ID Number": "7503040"
  },
  {
    "ID Number": "7501234"
  },
  {
    "ID Number": "7500122"
  },
  {
    "ID Number": "7500610"
  },
  {
    "ID Number": "7502354"
  },
  {
    "ID Number": "3902773"
  },
  {
    "ID Number": "7500149"
  },
  {
    "ID Number": "7503121"
  },
  {
    "ID Number": "7500076"
  },
  {
    "ID Number": "7500173"
  },
  {
    "ID Number": "7500432"
  },
  {
    "ID Number": "7502311"
  },
  {
    "ID Number": "7502192"
  },
  {
    "ID Number": "7500564"
  },
  {
    "ID Number": "1012169"
  },
  {
    "ID Number": "7500157"
  },
  {
    "ID Number": "7500246"
  },
  {
    "ID Number": "7501307"
  },
  {
    "ID Number": "7501315"
  },
  {
    "ID Number": "7500351"
  },
  {
    "ID Number": "7501013"
  },
  {
    "ID Number": "7502206"
  },
  {
    "ID Number": "7502621"
  },
  {
    "ID Number": "1039830"
  },
  {
    "ID Number": "7503156"
  },
  {
    "ID Number": "1020870"
  },
  {
    "ID Number": "7502486"
  }
]