[
  {
    "ID Number": "20300336",
    "Name": "Cibutso, Fleury",
    "Fed": "BDI",
    "Sex": "M",
    "Title": "",
    "WTit": "",
    "OTit": "",
    "Rating": "1714",
    "Gms": "0",
    "K": "20",
    "RatingMonth": "AUG25",
    "B-day": "1983",
    "Flag": "i"
  },
  {
    "ID Number": "20300204",
    "Name": "Ezra Paul Chambers",
    "Fed": "BDI",
    "Sex": "M",
    "Title": "FM",
    "WTit": "",
    "OTit": "",
    "Rating": "2190",
    "Gms": "0",
    "K": "20",
    "RatingMonth": "AUG25",
    "B-day": "2000",
    "Flag": ""
  },
  {
    "ID Number": "20300018",
    "Name": "Ndikumana, Yves",
    "Fed": "BDI",
    "Sex": "M",
    "Title": "",
    "WTit": "",
    "OTit": "",
    "Rating": "2102",
    "Gms": "0",
    "K": "20",
    "RatingMonth": "AUG25",
    "B-day": "1979",
    "Flag": "i"
  },
  {
    "ID Number": "20300026",
    "Name": "Nininahazwe, Tony",
    "Fed": "BDI",
    "Sex": "M",
    "Title": "",
    "WTit": "",
    "OTit": "",
    "Rating": "1632",
    "Gms": "0",
    "K": "20",
    "RatingMonth": "AUG25",
    "B-day": "1987",
    "Flag": "i"
  },
  {
    "ID Number": "20300166",
    "Name": "Ntamatungiro, Wilfried",
    "Fed": "BDI",
    "Sex": "M",
    "Title": "",
    "WTit": "SI",
    "OTit": "",
    "Rating": "AFM",
    "Gms": "1881",
    "K": "0",
    "RatingMonth": "AUG25",
    "B-day": "1992",
    "Flag": "i"
  }
]