[
  {
    "ID Number": "10700200",
    "Name": "Bateman, Kerry",
    "Fed": "GCI",
    "Sex": "M",
    "Title": "CM",
    "WTit": "",
    "OTit": "",
    "Rating": "1817",
    "Gms": "0",
    "K": "20",
    "RatingMonth": "SEP25",
    "B-day": "1967",
    "Flag": "i"
  },
  {
    "ID Number": "10700170",
    "Name": "Goman, Colin",
    "Fed": "GCI",
    "Sex": "M",
    "Title": "",
    "WTit": "",
    "OTit": "",
    "Rating": "1869",
    "Gms": "0",
    "K": "20",
    "RatingMonth": "SEP25",
    "B-day": "1957",
    "Flag": "i"
  },
  {
    "ID Number": "10700021",
    "Name": "Hale, Andrew",
    "Fed": "GCI",
    "Sex": "M",
    "Title": "CM",
    "WTit": "",
    "OTit": "",
    "Rating": "1968",
    "Gms": "0",
    "K": "20",
    "RatingMonth": "SEP25",
    "B-day": "1961",
    "Flag": "i"
  },
  {
    "ID Number": "10700390",
    "Name": "Hill, Jonathan",
    "Fed": "GCI",
    "Sex": "M",
    "Title": "",
    "WTit": "",
    "OTit": "",
    "Rating": "1728",
    "Gms": "0",
    "K": "20",
    "RatingMonth": "SEP25",
    "B-day": "1975",
    "Flag": "i"
  },
  {
    "ID Number": "10700145",
    "Name": "Kirk, Matthew",
    "Fed": "GCI",
    "Sex": "M",
    "Title": "",
    "WTit": "",
    "OTit": "",
    "Rating": "ACM",
    "Gms": "1830",
    "K": "0",
    "RatingMonth": "SEP25",
    "B-day": "1986",
    "Flag": ""
  },
  {
    "ID Number": "10700366",
    "Name": "Nevska, Gerda",
    "Fed": "GCI",
    "Sex": "F",
    "Title": "WCM",
    "WTit": "WCM",
    "OTit": "",
    "Rating": "1941",
    "Gms": "0",
    "K": "20",
    "RatingMonth": "SEP25",
    "B-day": "1988",
    "Flag": "w"
  },
  {
    "ID Number": "10700382",
    "Name": "Owen, Garth I",
    "Fed": "GCI",
    "Sex": "M",
    "Title": "CM",
    "WTit": "",
    "OTit": "",
    "Rating": "1696",
    "Gms": "0",
    "K": "20",
    "RatingMonth": "SEP25",
    "B-day": "1988",
    "Flag": ""
  },
  {
    "ID Number": "10700226",
    "Name": "Rowe, Oliver",
    "Fed": "GCI",
    "Sex": "M",
    "Title": "",
    "WTit": "",
    "OTit": "",
    "Rating": "1713",
    "Gms": "0",
    "K": "20",
    "RatingMonth": "SEP25",
    "B-day": "1980",
    "Flag": "i"
  },
  {
    "ID Number": "10700099",
    "Name": "Rowe, Peter",
    "Fed": "GCI",
    "Sex": "M",
    "Title": "CM",
    "WTit": "",
    "OTit": "",
    "Rating": "1965",
    "Gms": "0",
    "K": "20",
    "RatingMonth": "SEP25",
    "B-day": "1953",
    "Flag": "i"
  },
  {
    "ID Number": "343408796",
    "Name": "Royle, Nick",
    "Fed": "GCI",
    "Sex": "M",
    "Title": "",
    "WTit": "",
    "OTit": "",
    "Rating": "1741",
    "Gms": "0",
    "K": "20",
    "RatingMonth": "SEP25",
    "B-day": "1998",
    "Flag": "i"
  },
  {
    "ID Number": "11603437",
    "Name": "Strade, Arita",
    "Fed": "GCI",
    "Sex": "F",
    "Title": "WFM",
    "WTit": "WFM",
    "OTit": "",
    "Rating": "1948",
    "Gms": "0",
    "K": "20",
    "RatingMonth": "SEP25",
    "B-day": "1985",
    "Flag": "w"
  }
]