[
  {
    "ID Number": "3700569"
  },
  {
    "ID Number": "3701905"
  },
  {
    "ID Number": "3723984"
  },
  {
    "ID Number": "3713318"
  },
  {
    "ID Number": "3713172"
  },
  {
    "ID Number": "3716325"
  },
  {
    "ID Number": "3709809"
  },
  {
    "ID Number": "3709760"
  },
  {
    "ID Number": "3717739"
  },
  {
    "ID Number": "3702820"
  },
  {
    "ID Number": "3713326"
  },
  {
    "ID Number": "3705765"
  },
  {
    "ID Number": "3711889"
  },
  {
    "ID Number": "3714888"
  },
  {
    "ID Number": "3723925"
  },
  {
    "ID Number": "3711625"
  },
  {
    "ID Number": "3717810"
  },
  {
    "ID Number": "3705480"
  },
  {
    "ID Number": "3700836"
  },
  {
    "ID Number": "3701697"
  },
  {
    "ID Number": "3702952"
  },
  {
    "ID Number": "3709175"
  },
  {
    "ID Number": "3715450"
  },
  {
    "ID Number": "3705021"
  },
  {
    "ID Number": "3705013"
  },
  {
    "ID Number": "3717151"
  },
  {
    "ID Number": "3708756"
  },
  {
    "ID Number": "3700194"
  },
  {
    "ID Number": "3701166"
  },
  {
    "ID Number": "3718603"
  },
  {
    "ID Number": "3721590"
  },
  {
    "ID Number": "3708403"
  },
  {
    "ID Number": "3708420"
  },
  {
    "ID Number": "3706460"
  },
  {
    "ID Number": "3705331"
  },
  {
    "ID Number": "3712664"
  },
  {
    "ID Number": "3701581"
  },
  {
    "ID Number": "3712761"
  },
  {
    "ID Number": "3705064"
  },
  {
    "ID Number": "3717410"
  },
  {
    "ID Number": "3715221"
  },
  {
    "ID Number": "3715230"
  },
  {
    "ID Number": "3708187"
  },
  {
    "ID Number": "3706753"
  },
  {
    "ID Number": "3706745"
  },
  {
    "ID Number": "3714004"
  },
  {
    "ID Number": "3703452"
  },
  {
    "ID Number": "3710750"
  },
  {
    "ID Number": "3702073"
  },
  {
    "ID Number": "3702081"
  },
  {
    "ID Number": "3702090"
  },
  {
    "ID Number": "3709752"
  },
  {
    "ID Number": "3713245"
  },
  {
    "ID Number": "3700488"
  },
  {
    "ID Number": "3712435"
  },
  {
    "ID Number": "3716341"
  },
  {
    "ID Number": "3715116"
  },
  {
    "ID Number": "3704289"
  },
  {
    "ID Number": "3701611"
  },
  {
    "ID Number": "3715493"
  },
  {
    "ID Number": "3714330"
  },
  {
    "ID Number": "3713806"
  },
  {
    "ID Number": "3709647"
  },
  {
    "ID Number": "3700011"
  },
  {
    "ID Number": "3714713"
  },
  {
    "ID Number": "3701247"
  },
  {
    "ID Number": "3709558"
  },
  {
    "ID Number": "3714250"
  },
  {
    "ID Number": "3714993"
  },
  {
    "ID Number": "3701174"
  },
  {
    "ID Number": "3713423"
  },
  {
    "ID Number": "3711528"
  },
  {
    "ID Number": "3713792"
  },
  {
    "ID Number": "3701700"
  },
  {
    "ID Number": "3709248"
  },
  {
    "ID Number": "3703568"
  },
  {
    "ID Number": "3715981"
  },
  {
    "ID Number": "3701948"
  },
  {
    "ID Number": "3708438"
  },
  {
    "ID Number": "3712605"
  },
  {
    "ID Number": "3714802"
  },
  {
    "ID Number": "3705315"
  },
  {
    "ID Number": "3701719"
  },
  {
    "ID Number": "3705633"
  },
  {
    "ID Number": "3700410"
  },
  {
    "ID Number": "3702103"
  },
  {
    "ID Number": "3707270"
  },
  {
    "ID Number": "3704432"
  },
  {
    "ID Number": "3700232"
  },
  {
    "ID Number": "3702960"
  },
  {
    "ID Number": "3703177"
  },
  {
    "ID Number": "3705110"
  },
  {
    "ID Number": "3716368"
  },
  {
    "ID Number": "3700585"
  },
  {
    "ID Number": "3713377"
  },
  {
    "ID Number": "3700470"
  },
  {
    "ID Number": "3700879"
  },
  {
    "ID Number": "3703924"
  },
  {
    "ID Number": "3721736"
  },
  {
    "ID Number": "3712613"
  },
  {
    "ID Number": "3710769"
  },
  {
    "ID Number": "3710777"
  },
  {
    "ID Number": "3719693"
  },
  {
    "ID Number": "3716562"
  },
  {
    "ID Number": "3707776"
  },
  {
    "ID Number": "3704602"
  },
  {
    "ID Number": "3707970"
  },
  {
    "ID Number": "3703762"
  },
  {
    "ID Number": "3718239"
  },
  {
    "ID Number": "3707032"
  },
  {
    "ID Number": "3721230"
  },
  {
    "ID Number": "3706729"
  },
  {
    "ID Number": "3709744"
  },
  {
    "ID Number": "3707903"
  },
  {
    "ID Number": "3706419"
  },
  {
    "ID Number": "3706800"
  },
  {
    "ID Number": "3716007"
  },
  {
    "ID Number": "3703118"
  },
  {
    "ID Number": "3712222"
  },
  {
    "ID Number": "3719642"
  },
  {
    "ID Number": "3709051"
  },
  {
    "ID Number": "3713938"
  },
  {
    "ID Number": "3709914"
  },
  {
    "ID Number": "3711811"
  },
  {
    "ID Number": "3708764"
  },
  {
    "ID Number": "3711170"
  },
  {
    "ID Number": "3715140"
  },
  {
    "ID Number": "3715310"
  },
  {
    "ID Number": "3700364"
  },
  {
    "ID Number": "3700267"
  },
  {
    "ID Number": "3701336"
  },
  {
    "ID Number": "3715000"
  },
  {
    "ID Number": "3712095"
  },
  {
    "ID Number": "3709701"
  },
  {
    "ID Number": "3721035"
  },
  {
    "ID Number": "3717593"
  },
  {
    "ID Number": "3717372"
  },
  {
    "ID Number": "3715922"
  },
  {
    "ID Number": "3704491"
  },
  {
    "ID Number": "3717380"
  },
  {
    "ID Number": "3715884"
  },
  {
    "ID Number": "3701514"
  },
  {
    "ID Number": "3503631"
  },
  {
    "ID Number": "3712117"
  },
  {
    "ID Number": "3713679"
  },
  {
    "ID Number": "3718816"
  },
  {
    "ID Number": "3718972"
  },
  {
    "ID Number": "3716074"
  },
  {
    "ID Number": "3701255"
  },
  {
    "ID Number": "3703088"
  },
  {
    "ID Number": "3702715"
  },
  {
    "ID Number": "3713580"
  },
  {
    "ID Number": "3717216"
  },
  {
    "ID Number": "3701034"
  },
  {
    "ID Number": "3710874"
  },
  {
    "ID Number": "3714900"
  },
  {
    "ID Number": "3714918"
  },
  {
    "ID Number": "3719650"
  },
  {
    "ID Number": "3711188"
  },
  {
    "ID Number": "3710246"
  },
  {
    "ID Number": "3708705"
  },
  {
    "ID Number": "3701050"
  },
  {
    "ID Number": "3721620"
  },
  {
    "ID Number": "3705749"
  },
  {
    "ID Number": "3715078"
  },
  {
    "ID Number": "3710998"
  },
  {
    "ID Number": "3706303"
  },
  {
    "ID Number": "3708195"
  },
  {
    "ID Number": "3714926"
  },
  {
    "ID Number": "3718247"
  },
  {
    "ID Number": "3700607"
  },
  {
    "ID Number": "3716023"
  },
  {
    "ID Number": "3703410"
  },
  {
    "ID Number": "3706877"
  },
  {
    "ID Number": "3701069"
  },
  {
    "ID Number": "3719324"
  },
  {
    "ID Number": "3707210"
  },
  {
    "ID Number": "3711544"
  },
  {
    "ID Number": "3700135"
  },
  {
    "ID Number": "3712141"
  },
  {
    "ID Number": "3702057"
  },
  {
    "ID Number": "3700887"
  },
  {
    "ID Number": "3700208"
  },
  {
    "ID Number": "3720470"
  },
  {
    "ID Number": "3711218"
  },
  {
    "ID Number": "3713768"
  },
  {
    "ID Number": "3700925"
  },
  {
    "ID Number": "3721043"
  },
  {
    "ID Number": "3716589"
  },
  {
    "ID Number": "3700100"
  },
  {
    "ID Number": "3714535"
  },
  {
    "ID Number": "3711226"
  },
  {
    "ID Number": "3715337"
  },
  {
    "ID Number": "3708896"
  },
  {
    "ID Number": "3709213"
  },
  {
    "ID Number": "3706761"
  },
  {
    "ID Number": "3705170"
  },
  {
    "ID Number": "3708136"
  },
  {
    "ID Number": "3700437"
  },
  {
    "ID Number": "3707202"
  },
  {
    "ID Number": "3708888"
  },
  {
    "ID Number": "3708780"
  },
  {
    "ID Number": "3714640"
  },
  {
    "ID Number": "3714632"
  },
  {
    "ID Number": "3717100"
  },
  {
    "ID Number": "3706281"
  },
  {
    "ID Number": "3714012"
  },
  {
    "ID Number": "3716171"
  },
  {
    "ID Number": "3700372"
  },
  {
    "ID Number": "3700119"
  },
  {
    "ID Number": "3713539"
  },
  {
    "ID Number": "3700348"
  },
  {
    "ID Number": "3712389"
  },
  {
    "ID Number": "3710661"
  },
  {
    "ID Number": "3708730"
  },
  {
    "ID Number": "3707431"
  },
  {
    "ID Number": "3703770"
  },
  {
    "ID Number": "3705145"
  },
  {
    "ID Number": "3705153"
  },
  {
    "ID Number": "3721051"
  },
  {
    "ID Number": "3702774"
  },
  {
    "ID Number": "3714411"
  },
  {
    "ID Number": "3713970"
  },
  {
    "ID Number": "3707997"
  },
  {
    "ID Number": "3707334"
  },
  {
    "ID Number": "3703983"
  },
  {
    "ID Number": "3712940"
  },
  {
    "ID Number": "3707199"
  },
  {
    "ID Number": "3710238"
  },
  {
    "ID Number": "3711234"
  },
  {
    "ID Number": "3702928"
  },
  {
    "ID Number": "3706320"
  },
  {
    "ID Number": "3701158"
  },
  {
    "ID Number": "3702227"
  },
  {
    "ID Number": "3715027"
  },
  {
    "ID Number": "3714845"
  },
  {
    "ID Number": "3712966"
  },
  {
    "ID Number": "3704742"
  },
  {
    "ID Number": "3707342"
  },
  {
    "ID Number": "3715477"
  },
  {
    "ID Number": "3705250"
  },
  {
    "ID Number": "3705269"
  },
  {
    "ID Number": "3702529"
  },
  {
    "ID Number": "3710190"
  },
  {
    "ID Number": "3704769"
  },
  {
    "ID Number": "3702634"
  },
  {
    "ID Number": "3706974"
  },
  {
    "ID Number": "3700976"
  },
  {
    "ID Number": "3701018"
  },
  {
    "ID Number": "3723356"
  },
  {
    "ID Number": "3502325"
  },
  {
    "ID Number": "3707393"
  },
  {
    "ID Number": "3700631"
  },
  {
    "ID Number": "3702359"
  },
  {
    "ID Number": "3712680"
  },
  {
    "ID Number": "3717437"
  },
  {
    "ID Number": "3701344"
  },
  {
    "ID Number": "3706982"
  },
  {
    "ID Number": "3717356"
  },
  {
    "ID Number": "3720683"
  },
  {
    "ID Number": "3710840"
  },
  {
    "ID Number": "3712982"
  },
  {
    "ID Number": "3713652"
  },
  {
    "ID Number": "3711153"
  },
  {
    "ID Number": "3700305"
  },
  {
    "ID Number": "3705625"
  },
  {
    "ID Number": "3705617"
  },
  {
    "ID Number": "3717747"
  },
  {
    "ID Number": "3706567"
  },
  {
    "ID Number": "3708837"
  },
  {
    "ID Number": "3717429"
  },
  {
    "ID Number": "3700038"
  },
  {
    "ID Number": "3714934"
  },
  {
    "ID Number": "3707881"
  },
  {
    "ID Number": "3700844"
  },
  {
    "ID Number": "3701107"
  },
  {
    "ID Number": "3706133"
  },
  {
    "ID Number": "3713911"
  },
  {
    "ID Number": "3705862"
  },
  {
    "ID Number": "3707040"
  },
  {
    "ID Number": "3700127"
  },
  {
    "ID Number": "3715035"
  },
  {
    "ID Number": "3718034"
  },
  {
    "ID Number": "3718735"
  },
  {
    "ID Number": "3704793"
  },
  {
    "ID Number": "3708799"
  },
  {
    "ID Number": "3704823"
  },
  {
    "ID Number": "3705404"
  },
  {
    "ID Number": "3715302"
  },
  {
    "ID Number": "3717836"
  },
  {
    "ID Number": "3722562"
  },
  {
    "ID Number": "3701646"
  },
  {
    "ID Number": "3707350"
  },
  {
    "ID Number": "3710793"
  },
  {
    "ID Number": "3703100"
  },
  {
    "ID Number": "3703371"
  },
  {
    "ID Number": "3707466"
  },
  {
    "ID Number": "3707474"
  },
  {
    "ID Number": "3713725"
  },
  {
    "ID Number": "3724182"
  },
  {
    "ID Number": "3723976"
  },
  {
    "ID Number": "3711056"
  },
  {
    "ID Number": "3712958"
  },
  {
    "ID Number": "3702596"
  },
  {
    "ID Number": "3704840"
  },
  {
    "ID Number": "3709779"
  },
  {
    "ID Number": "3716457"
  },
  {
    "ID Number": "3717666"
  },
  {
    "ID Number": "3720241"
  },
  {
    "ID Number": "3706346"
  },
  {
    "ID Number": "3716104"
  },
  {
    "ID Number": "3708845"
  },
  {
    "ID Number": "3708900"
  },
  {
    "ID Number": "3705226"
  },
  {
    "ID Number": "3710505"
  },
  {
    "ID Number": "3704238"
  },
  {
    "ID Number": "3706575"
  },
  {
    "ID Number": "3721213"
  },
  {
    "ID Number": "3724000"
  },
  {
    "ID Number": "3708322"
  },
  {
    "ID Number": "3716015"
  },
  {
    "ID Number": "3701654"
  },
  {
    "ID Number": "3711293"
  },
  {
    "ID Number": "3713750"
  },
  {
    "ID Number": "3708802"
  },
  {
    "ID Number": "3704858"
  },
  {
    "ID Number": "3717658"
  },
  {
    "ID Number": "3707121"
  },
  {
    "ID Number": "3706923"
  },
  {
    "ID Number": "3700275"
  },
  {
    "ID Number": "3714675"
  },
  {
    "ID Number": "3716147"
  },
  {
    "ID Number": "3712893"
  },
  {
    "ID Number": "3713490"
  },
  {
    "ID Number": "3705277"
  },
  {
    "ID Number": "3710114"
  },
  {
    "ID Number": "3708470"
  },
  {
    "ID Number": "3909166"
  },
  {
    "ID Number": "3910857"
  },
  {
    "ID Number": "3712532"
  },
  {
    "ID Number": "3722287"
  },
  {
    "ID Number": "3715485"
  },
  {
    "ID Number": "3717348"
  },
  {
    "ID Number": "3713164"
  },
  {
    "ID Number": "3721000"
  },
  {
    "ID Number": "3720993"
  },
  {
    "ID Number": "3707091"
  },
  {
    "ID Number": "3714985"
  },
  {
    "ID Number": "3706940"
  },
  {
    "ID Number": "3709736"
  },
  {
    "ID Number": "3705587"
  },
  {
    "ID Number": "3701026"
  },
  {
    "ID Number": "3701077"
  },
  {
    "ID Number": "3714055"
  },
  {
    "ID Number": "3713342"
  },
  {
    "ID Number": "3701956"
  },
  {
    "ID Number": "3717976"
  },
  {
    "ID Number": "3719782"
  },
  {
    "ID Number": "3707822"
  },
  {
    "ID Number": "3720047"
  },
  {
    "ID Number": "3701786"
  },
  {
    "ID Number": "3718743"
  },
  {
    "ID Number": "3718018"
  },
  {
    "ID Number": "3714110"
  },
  {
    "ID Number": "3714101"
  },
  {
    "ID Number": "3711790"
  },
  {
    "ID Number": "3704394"
  },
  {
    "ID Number": "3716619"
  },
  {
    "ID Number": "3712281"
  },
  {
    "ID Number": "3711722"
  },
  {
    "ID Number": "3713733"
  },
  {
    "ID Number": "3714950"
  },
  {
    "ID Number": "3705358"
  },
  {
    "ID Number": "3701301"
  },
  {
    "ID Number": "3700062"
  },
  {
    "ID Number": "3709728"
  },
  {
    "ID Number": "3705340"
  },
  {
    "ID Number": "3701263"
  },
  {
    "ID Number": "3701530"
  },
  {
    "ID Number": "3704890"
  },
  {
    "ID Number": "3703215"
  },
  {
    "ID Number": "3701360"
  },
  {
    "ID Number": "3507831"
  },
  {
    "ID Number": "3702014"
  },
  {
    "ID Number": "3723968"
  },
  {
    "ID Number": "3712176"
  },
  {
    "ID Number": "3712184"
  },
  {
    "ID Number": "3701280"
  },
  {
    "ID Number": "3722996"
  },
  {
    "ID Number": "3714390"
  },
  {
    "ID Number": "3710726"
  },
  {
    "ID Number": "3716481"
  },
  {
    "ID Number": "3715515"
  },
  {
    "ID Number": "3711307"
  },
  {
    "ID Number": "3706850"
  },
  {
    "ID Number": "3700330"
  },
  {
    "ID Number": "3715957"
  },
  {
    "ID Number": "3720152"
  },
  {
    "ID Number": "3705102"
  },
  {
    "ID Number": "3708934"
  },
  {
    "ID Number": "3705099"
  },
  {
    "ID Number": "3705293"
  },
  {
    "ID Number": "3709787"
  },
  {
    "ID Number": "3713385"
  },
  {
    "ID Number": "3703002"
  },
  {
    "ID Number": "3700445"
  },
  {
    "ID Number": "3711714"
  },
  {
    "ID Number": "3716511"
  },
  {
    "ID Number": "3707105"
  },
  {
    "ID Number": "3700143"
  },
  {
    "ID Number": "3706648"
  },
  {
    "ID Number": "3702650"
  },
  {
    "ID Number": "3703509"
  },
  {
    "ID Number": "3701115"
  },
  {
    "ID Number": "3702553"
  },
  {
    "ID Number": "3714209"
  },
  {
    "ID Number": "3714160"
  },
  {
    "ID Number": "3702260"
  },
  {
    "ID Number": "3702669"
  },
  {
    "ID Number": "3708969"
  },
  {
    "ID Number": "3717984"
  },
  {
    "ID Number": "3713199"
  },
  {
    "ID Number": "3703223"
  },
  {
    "ID Number": "3713407"
  },
  {
    "ID Number": "3709884"
  },
  {
    "ID Number": "3717470"
  },
  {
    "ID Number": "3721221"
  },
  {
    "ID Number": "3701220"
  },
  {
    "ID Number": "3708373"
  },
  {
    "ID Number": "3714241"
  },
  {
    "ID Number": "3713644"
  },
  {
    "ID Number": "3710270"
  },
  {
    "ID Number": "3709060"
  },
  {
    "ID Number": "3713814"
  },
  {
    "ID Number": "3713822"
  },
  {
    "ID Number": "3721825"
  },
  {
    "ID Number": "3712362"
  },
  {
    "ID Number": "3700682"
  },
  {
    "ID Number": "3700941"
  },
  {
    "ID Number": "3713709"
  },
  {
    "ID Number": "3709116"
  },
  {
    "ID Number": "3714136"
  },
  {
    "ID Number": "3702677"
  },
  {
    "ID Number": "3712192"
  },
  {
    "ID Number": "3712206"
  },
  {
    "ID Number": "3705137"
  },
  {
    "ID Number": "3711331"
  },
  {
    "ID Number": "3702154"
  },
  {
    "ID Number": "3720810"
  },
  {
    "ID Number": "3703436"
  },
  {
    "ID Number": "3720985"
  },
  {
    "ID Number": "3713717"
  },
  {
    "ID Number": "3712818"
  },
  {
    "ID Number": "3711315"
  },
  {
    "ID Number": "3714969"
  },
  {
    "ID Number": "3713741"
  },
  {
    "ID Number": "3718468"
  },
  {
    "ID Number": "3714748"
  },
  {
    "ID Number": "3710890"
  },
  {
    "ID Number": "3709426"
  },
  {
    "ID Number": "3700160"
  },
  {
    "ID Number": "3714683"
  },
  {
    "ID Number": "3705323"
  },
  {
    "ID Number": "3703819"
  },
  {
    "ID Number": "3707130"
  },
  {
    "ID Number": "3703525"
  },
  {
    "ID Number": "3701840"
  },
  {
    "ID Number": "3710785"
  },
  {
    "ID Number": "3717844"
  },
  {
    "ID Number": "3707750"
  },
  {
    "ID Number": "3707768"
  },
  {
    "ID Number": "3706257"
  },
  {
    "ID Number": "3706265"
  },
  {
    "ID Number": "3702464"
  },
  {
    "ID Number": "3702561"
  },
  {
    "ID Number": "3711609"
  },
  {
    "ID Number": "3717925"
  },
  {
    "ID Number": "3703401"
  },
  {
    "ID Number": "3703282"
  },
  {
    "ID Number": "3711617"
  },
  {
    "ID Number": "3710696"
  },
  {
    "ID Number": "3700020"
  },
  {
    "ID Number": "3703096"
  },
  {
    "ID Number": "3700860"
  },
  {
    "ID Number": "3719820"
  },
  {
    "ID Number": "3707911"
  },
  {
    "ID Number": "3702308"
  },
  {
    "ID Number": "3712370"
  },
  {
    "ID Number": "3712737"
  },
  {
    "ID Number": "3711358"
  },
  {
    "ID Number": "3717461"
  },
  {
    "ID Number": "3713202"
  },
  {
    "ID Number": "3700712"
  },
  {
    "ID Number": "3701573"
  },
  {
    "ID Number": "3711323"
  },
  {
    "ID Number": "3711773"
  },
  {
    "ID Number": "3700704"
  },
  {
    "ID Number": "3708128"
  },
  {
    "ID Number": "3705579"
  },
  {
    "ID Number": "3712753"
  },
  {
    "ID Number": "3704998"
  },
  {
    "ID Number": "3705005"
  },
  {
    "ID Number": "3716040"
  },
  {
    "ID Number": "3713288"
  },
  {
    "ID Number": "3701859"
  },
  {
    "ID Number": "3700798"
  },
  {
    "ID Number": "3719022"
  },
  {
    "ID Number": "3716554"
  },
  {
    "ID Number": "3704203"
  },
  {
    "ID Number": "3710211"
  },
  {
    "ID Number": "3703266"
  },
  {
    "ID Number": "3705412"
  },
  {
    "ID Number": "3700755"
  },
  {
    "ID Number": "3717038"
  },
  {
    "ID Number": "3704564"
  },
  {
    "ID Number": "3707156"
  },
  {
    "ID Number": "3718980"
  },
  {
    "ID Number": "3721698"
  },
  {
    "ID Number": "3702030"
  },
  {
    "ID Number": "3703630"
  },
  {
    "ID Number": "3704220"
  },
  {
    "ID Number": "3700496"
  },
  {
    "ID Number": "3714217"
  },
  {
    "ID Number": "3708918"
  },
  {
    "ID Number": "3717291"
  }
]