[
  {
    "ID Number": "16700937"
  },
  {
    "ID Number": "16700066"
  },
  {
    "ID Number": "16700015"
  },
  {
    "ID Number": "16701348"
  },
  {
    "ID Number": "16700031"
  },
  {
    "ID Number": "16700023"
  },
  {
    "ID Number": "16702565"
  },
  {
    "ID Number": "16701127"
  },
  {
    "ID Number": "16701208"
  },
  {
    "ID Number": "16701836"
  },
  {
    "ID Number": "16703375"
  },
  {
    "ID Number": "16700457"
  },
  {
    "ID Number": "16700309"
  },
  {
    "ID Number": "16700120"
  },
  {
    "ID Number": "16700651"
  },
  {
    "ID Number": "16700929"
  },
  {
    "ID Number": "16701364"
  },
  {
    "ID Number": "16700988"
  },
  {
    "ID Number": "16701259"
  },
  {
    "ID Number": "16702557"
  },
  {
    "ID Number": "16701240"
  },
  {
    "ID Number": "16704177"
  },
  {
    "ID Number": "16701801"
  },
  {
    "ID Number": "16702514"
  },
  {
    "ID Number": "16700058"
  },
  {
    "ID Number": "16700040"
  },
  {
    "ID Number": "16700406"
  },
  {
    "ID Number": "16701160"
  },
  {
    "ID Number": "16700414"
  },
  {
    "ID Number": "16700899"
  },
  {
    "ID Number": "16701267"
  },
  {
    "ID Number": "16700902"
  },
  {
    "ID Number": "16700910"
  },
  {
    "ID Number": "16701003"
  }
]