[
  {
    "ID Number": "9100024",
    "Name": "Fancy, Stuart",
    "Fed": "PNG",
    "Sex": "M",
    "Title": "FM",
    "WTit": "NA",
    "OTit": "",
    "FOA": "1964",
    "Rating": "AUG25",
    "Gms": "0",
    "K": "20",
    "B-day": "1959",
    "Flag": ""
  },
  {
    "ID Number": "9100032",
    "Name": "Marko, Helmut",
    "Fed": "PNG",
    "Sex": "M",
    "Title": "CM",
    "WTit": "NA",
    "OTit": "",
    "FOA": "1936",
    "Rating": "AUG25",
    "Gms": "0",
    "K": "20",
    "B-day": "1954",
    "Flag": "i"
  },
  {
    "ID Number": "9100075",
    "Name": "Press, Shaun",
    "Fed": "PNG",
    "Sex": "M",
    "Title": "FM",
    "WTit": "",
    "OTit": "",
    "FOA": "1924",
    "Rating": "AUG25",
    "Gms": "0",
    "K": "20",
    "B-day": "1966",
    "Flag": "i"
  },
  {
    "ID Number": "9100148",
    "Name": "Skehan, Craig",
    "Fed": "PNG",
    "Sex": "M",
    "Title": "",
    "WTit": "",
    "OTit": "",
    "FOA": "1735",
    "Rating": "AUG25",
    "Gms": "0",
    "K": "20",
    "B-day": "1957",
    "Flag": "i"
  }
]