[
  {
    "ID Number": "8100802"
  },
  {
    "ID Number": "8101043"
  },
  {
    "ID Number": "8100241"
  },
  {
    "ID Number": "8115168"
  },
  {
    "ID Number": "8132941"
  },
  {
    "ID Number": "8124647"
  },
  {
    "ID Number": "8127417"
  },
  {
    "ID Number": "8117160"
  },
  {
    "ID Number": "8118337"
  },
  {
    "ID Number": "8119864"
  },
  {
    "ID Number": "8120242"
  },
  {
    "ID Number": "8114072"
  },
  {
    "ID Number": "8103526"
  },
  {
    "ID Number": "8110816"
  },
  {
    "ID Number": "8113459"
  },
  {
    "ID Number": "8131554"
  },
  {
    "ID Number": "8110824"
  },
  {
    "ID Number": "8106673"
  },
  {
    "ID Number": "8111928"
  },
  {
    "ID Number": "8100985"
  },
  {
    "ID Number": "8110360"
  },
  {
    "ID Number": "8132135"
  },
  {
    "ID Number": "8126348"
  },
  {
    "ID Number": "8102422"
  },
  {
    "ID Number": "8108790"
  },
  {
    "ID Number": "8119430"
  },
  {
    "ID Number": "8108803"
  },
  {
    "ID Number": "8112886"
  },
  {
    "ID Number": "8132151"
  },
  {
    "ID Number": "8132968"
  },
  {
    "ID Number": "8113734"
  },
  {
    "ID Number": "8116520"
  },
  {
    "ID Number": "8116350"
  },
  {
    "ID Number": "8116440"
  },
  {
    "ID Number": "8112436"
  },
  {
    "ID Number": "8104816"
  },
  {
    "ID Number": "8113211"
  },
  {
    "ID Number": "8124841"
  },
  {
    "ID Number": "8123705"
  },
  {
    "ID Number": "8104433"
  },
  {
    "ID Number": "8115990"
  },
  {
    "ID Number": "8106550"
  },
  {
    "ID Number": "8118760"
  },
  {
    "ID Number": "8124566"
  },
  {
    "ID Number": "8113475"
  },
  {
    "ID Number": "8132976"
  },
  {
    "ID Number": "8103330"
  },
  {
    "ID Number": "8103348"
  },
  {
    "ID Number": "8109109"
  },
  {
    "ID Number": "8113130"
  },
  {
    "ID Number": "8113114"
  },
  {
    "ID Number": "8101299"
  },
  {
    "ID Number": "8110026"
  },
  {
    "ID Number": "8100047"
  },
  {
    "ID Number": "8118540"
  },
  {
    "ID Number": "8125643"
  },
  {
    "ID Number": "8128812"
  },
  {
    "ID Number": "8110379"
  },
  {
    "ID Number": "8101159"
  },
  {
    "ID Number": "8100160"
  },
  {
    "ID Number": "8100675"
  },
  {
    "ID Number": "8133840"
  },
  {
    "ID Number": "8102384"
  },
  {
    "ID Number": "8104310"
  },
  {
    "ID Number": "8100128"
  },
  {
    "ID Number": "8133867"
  },
  {
    "ID Number": "8101922"
  },
  {
    "ID Number": "8107467"
  },
  {
    "ID Number": "8107475"
  },
  {
    "ID Number": "8104824"
  },
  {
    "ID Number": "8100756"
  },
  {
    "ID Number": "8134561"
  },
  {
    "ID Number": "8101183"
  },
  {
    "ID Number": "8102023"
  },
  {
    "ID Number": "8100292"
  },
  {
    "ID Number": "8105227"
  },
  {
    "ID Number": "8104328"
  },
  {
    "ID Number": "8101965"
  },
  {
    "ID Number": "8133883"
  },
  {
    "ID Number": "8104697"
  },
  {
    "ID Number": "8114544"
  },
  {
    "ID Number": "8109290"
  },
  {
    "ID Number": "8115567"
  },
  {
    "ID Number": "8116482"
  },
  {
    "ID Number": "8122164"
  },
  {
    "ID Number": "8116415"
  },
  {
    "ID Number": "8116385"
  },
  {
    "ID Number": "8111367"
  },
  {
    "ID Number": "8106703"
  },
  {
    "ID Number": "8110999"
  },
  {
    "ID Number": "8115460"
  },
  {
    "ID Number": "8119120"
  },
  {
    "ID Number": "8111464"
  },
  {
    "ID Number": "8111421"
  },
  {
    "ID Number": "8129452"
  },
  {
    "ID Number": "8127450"
  },
  {
    "ID Number": "8133158"
  },
  {
    "ID Number": "8103178"
  },
  {
    "ID Number": "8107793"
  },
  {
    "ID Number": "8133166"
  },
  {
    "ID Number": "8109117"
  },
  {
    "ID Number": "8113769"
  },
  {
    "ID Number": "8111022"
  },
  {
    "ID Number": "8110387"
  },
  {
    "ID Number": "8113505"
  },
  {
    "ID Number": "8101779"
  },
  {
    "ID Number": "8101582"
  },
  {
    "ID Number": "8106886"
  },
  {
    "ID Number": "8106380"
  },
  {
    "ID Number": "8101400"
  },
  {
    "ID Number": "8103836"
  },
  {
    "ID Number": "8100810"
  },
  {
    "ID Number": "8113360"
  },
  {
    "ID Number": "8100438"
  },
  {
    "ID Number": "8107041"
  },
  {
    "ID Number": "8104859"
  },
  {
    "ID Number": "8100098"
  },
  {
    "ID Number": "8101167"
  },
  {
    "ID Number": "8102988"
  },
  {
    "ID Number": "8100101"
  },
  {
    "ID Number": "8101051"
  },
  {
    "ID Number": "8103852"
  },
  {
    "ID Number": "8103879"
  },
  {
    "ID Number": "8100152"
  },
  {
    "ID Number": "8100594"
  },
  {
    "ID Number": "8101175"
  },
  {
    "ID Number": "8100187"
  },
  {
    "ID Number": "8134570"
  },
  {
    "ID Number": "8100179"
  },
  {
    "ID Number": "8104344"
  },
  {
    "ID Number": "8101574"
  },
  {
    "ID Number": "8100780"
  },
  {
    "ID Number": "8105278"
  },
  {
    "ID Number": "8104867"
  },
  {
    "ID Number": "8101086"
  },
  {
    "ID Number": "8105600"
  },
  {
    "ID Number": "8109311"
  },
  {
    "ID Number": "8116326"
  },
  {
    "ID Number": "8107513"
  },
  {
    "ID Number": "8105146"
  },
  {
    "ID Number": "8105162"
  },
  {
    "ID Number": "8105170"
  },
  {
    "ID Number": "8134251"
  },
  {
    "ID Number": "8133948"
  },
  {
    "ID Number": "8101531"
  },
  {
    "ID Number": "8101248"
  },
  {
    "ID Number": "8119112"
  },
  {
    "ID Number": "8104379"
  },
  {
    "ID Number": "8105316"
  },
  {
    "ID Number": "8133956"
  },
  {
    "ID Number": "8133980"
  },
  {
    "ID Number": "8108129"
  },
  {
    "ID Number": "8108137"
  },
  {
    "ID Number": "8110573"
  },
  {
    "ID Number": "8107815"
  },
  {
    "ID Number": "8107548"
  },
  {
    "ID Number": "8108153"
  },
  {
    "ID Number": "8104964"
  },
  {
    "ID Number": "8103410"
  },
  {
    "ID Number": "8134006"
  },
  {
    "ID Number": "8134022"
  },
  {
    "ID Number": "8105340"
  },
  {
    "ID Number": "8102392"
  },
  {
    "ID Number": "8101132"
  },
  {
    "ID Number": "8103186"
  },
  {
    "ID Number": "8100039"
  },
  {
    "ID Number": "8101272"
  },
  {
    "ID Number": "8101973"
  },
  {
    "ID Number": "8100276"
  },
  {
    "ID Number": "8134049"
  },
  {
    "ID Number": "8102554"
  },
  {
    "ID Number": "8104662"
  },
  {
    "ID Number": "8100713"
  },
  {
    "ID Number": "8104999"
  },
  {
    "ID Number": "8103933"
  },
  {
    "ID Number": "8106398"
  },
  {
    "ID Number": "8114374"
  },
  {
    "ID Number": "8113513"
  },
  {
    "ID Number": "8133174"
  },
  {
    "ID Number": "8101981"
  },
  {
    "ID Number": "8134065"
  },
  {
    "ID Number": "8112584"
  },
  {
    "ID Number": "8106622"
  },
  {
    "ID Number": "8126828"
  },
  {
    "ID Number": "8123497"
  },
  {
    "ID Number": "8104107"
  },
  {
    "ID Number": "8114935"
  },
  {
    "ID Number": "8102589"
  },
  {
    "ID Number": "8116393"
  },
  {
    "ID Number": "8128480"
  },
  {
    "ID Number": "8113220"
  },
  {
    "ID Number": "8110581"
  },
  {
    "ID Number": "8120749"
  },
  {
    "ID Number": "8124213"
  },
  {
    "ID Number": "8106401"
  },
  {
    "ID Number": "8125031"
  },
  {
    "ID Number": "8112754"
  },
  {
    "ID Number": "8129878"
  },
  {
    "ID Number": "8129886"
  },
  {
    "ID Number": "8116431"
  },
  {
    "ID Number": "8114498"
  },
  {
    "ID Number": "8114250"
  },
  {
    "ID Number": "8116652"
  },
  {
    "ID Number": "8116407"
  },
  {
    "ID Number": "8117683"
  },
  {
    "ID Number": "8132984"
  },
  {
    "ID Number": "8113777"
  },
  {
    "ID Number": "8106568"
  },
  {
    "ID Number": "8108978"
  },
  {
    "ID Number": "8112932"
  },
  {
    "ID Number": "8108587"
  },
  {
    "ID Number": "8111030"
  },
  {
    "ID Number": "8105529"
  },
  {
    "ID Number": "8116040"
  },
  {
    "ID Number": "8114137"
  },
  {
    "ID Number": "8109141"
  },
  {
    "ID Number": "8111243"
  },
  {
    "ID Number": "8100527"
  },
  {
    "ID Number": "8100900"
  },
  {
    "ID Number": "8100721"
  },
  {
    "ID Number": "8106576"
  },
  {
    "ID Number": "8126690"
  },
  {
    "ID Number": "8111677"
  },
  {
    "ID Number": "8102996"
  },
  {
    "ID Number": "8126739"
  },
  {
    "ID Number": "8112762"
  },
  {
    "ID Number": "8111634"
  },
  {
    "ID Number": "8102104"
  },
  {
    "ID Number": "8101302"
  },
  {
    "ID Number": "8101337"
  },
  {
    "ID Number": "8123470"
  },
  {
    "ID Number": "8121117"
  },
  {
    "ID Number": "8133298"
  },
  {
    "ID Number": "8109834"
  },
  {
    "ID Number": "8122415"
  },
  {
    "ID Number": "8122474"
  },
  {
    "ID Number": "8102597"
  },
  {
    "ID Number": "8104000"
  },
  {
    "ID Number": "8101809"
  },
  {
    "ID Number": "8127930"
  },
  {
    "ID Number": "8113530"
  },
  {
    "ID Number": "8109486"
  },
  {
    "ID Number": "8110611"
  },
  {
    "ID Number": "8125325"
  },
  {
    "ID Number": "8119252"
  },
  {
    "ID Number": "8128731"
  },
  {
    "ID Number": "8124582"
  },
  {
    "ID Number": "8122547"
  },
  {
    "ID Number": "8121842"
  },
  {
    "ID Number": "8101914"
  },
  {
    "ID Number": "8119082"
  },
  {
    "ID Number": "8121621"
  },
  {
    "ID Number": "8100020"
  },
  {
    "ID Number": "8104158"
  },
  {
    "ID Number": "8101523"
  },
  {
    "ID Number": "8115117"
  },
  {
    "ID Number": "8132828"
  },
  {
    "ID Number": "8102937"
  },
  {
    "ID Number": "8112452"
  },
  {
    "ID Number": "8102112"
  },
  {
    "ID Number": "8102880"
  },
  {
    "ID Number": "8108161"
  },
  {
    "ID Number": "8100390"
  },
  {
    "ID Number": "8108170"
  },
  {
    "ID Number": "8109800"
  },
  {
    "ID Number": "8108188"
  },
  {
    "ID Number": "8109508"
  },
  {
    "ID Number": "8102120"
  },
  {
    "ID Number": "8131589"
  },
  {
    "ID Number": "8109338"
  },
  {
    "ID Number": "8102864"
  },
  {
    "ID Number": "8113939"
  },
  {
    "ID Number": "8109842"
  },
  {
    "ID Number": "8103720"
  },
  {
    "ID Number": "8106070"
  },
  {
    "ID Number": "8101957"
  },
  {
    "ID Number": "8101361"
  },
  {
    "ID Number": "8104034"
  },
  {
    "ID Number": "8102007"
  },
  {
    "ID Number": "8109150"
  },
  {
    "ID Number": "8113637"
  },
  {
    "ID Number": "8113700"
  },
  {
    "ID Number": "8129959"
  },
  {
    "ID Number": "8132992"
  },
  {
    "ID Number": "8134634"
  },
  {
    "ID Number": "8115389"
  },
  {
    "ID Number": "8110069"
  },
  {
    "ID Number": "8110654"
  },
  {
    "ID Number": "8127050"
  },
  {
    "ID Number": "8112541"
  },
  {
    "ID Number": "8101370"
  },
  {
    "ID Number": "8105685"
  },
  {
    "ID Number": "8134650"
  },
  {
    "ID Number": "8101892"
  },
  {
    "ID Number": "8124590"
  },
  {
    "ID Number": "8112789"
  },
  {
    "ID Number": "8121877"
  },
  {
    "ID Number": "8109168"
  },
  {
    "ID Number": "8104174"
  },
  {
    "ID Number": "8105693"
  },
  {
    "ID Number": "8119481"
  },
  {
    "ID Number": "8110239"
  },
  {
    "ID Number": "8133328"
  },
  {
    "ID Number": "8111049"
  },
  {
    "ID Number": "8103500"
  },
  {
    "ID Number": "8102651"
  },
  {
    "ID Number": "8103593"
  },
  {
    "ID Number": "8114587"
  },
  {
    "ID Number": "8103828"
  },
  {
    "ID Number": "8104263"
  },
  {
    "ID Number": "8111561"
  },
  {
    "ID Number": "8103070"
  },
  {
    "ID Number": "724190"
  },
  {
    "ID Number": "8112312"
  },
  {
    "ID Number": "8110930"
  },
  {
    "ID Number": "8123489"
  },
  {
    "ID Number": "8100950"
  },
  {
    "ID Number": "8126127"
  },
  {
    "ID Number": "8111979"
  },
  {
    "ID Number": "8105243"
  },
  {
    "ID Number": "8100829"
  },
  {
    "ID Number": "8102678"
  },
  {
    "ID Number": "8100225"
  },
  {
    "ID Number": "8100616"
  },
  {
    "ID Number": "8101108"
  },
  {
    "ID Number": "8131597"
  },
  {
    "ID Number": "8103607"
  },
  {
    "ID Number": "8116580"
  },
  {
    "ID Number": "8125112"
  },
  {
    "ID Number": "8119597"
  },
  {
    "ID Number": "8107920"
  },
  {
    "ID Number": "8126275"
  },
  {
    "ID Number": "8111766"
  },
  {
    "ID Number": "8114064"
  },
  {
    "ID Number": "8129975"
  },
  {
    "ID Number": "8128553"
  },
  {
    "ID Number": "8107963"
  },
  {
    "ID Number": "8129355"
  },
  {
    "ID Number": "8100799"
  },
  {
    "ID Number": "8118795"
  },
  {
    "ID Number": "8114315"
  },
  {
    "ID Number": "8126224"
  },
  {
    "ID Number": "8118590"
  },
  {
    "ID Number": "8124248"
  },
  {
    "ID Number": "8112797"
  },
  {
    "ID Number": "8129118"
  },
  {
    "ID Number": "8129991"
  },
  {
    "ID Number": "8109176"
  },
  {
    "ID Number": "8110077"
  },
  {
    "ID Number": "8111260"
  },
  {
    "ID Number": "8114161"
  },
  {
    "ID Number": "8101710"
  },
  {
    "ID Number": "8103194"
  },
  {
    "ID Number": "8123438"
  },
  {
    "ID Number": "8124981"
  },
  {
    "ID Number": "8106738"
  },
  {
    "ID Number": "8103208"
  },
  {
    "ID Number": "8130620"
  },
  {
    "ID Number": "8112509"
  },
  {
    "ID Number": "8109052"
  },
  {
    "ID Number": "8120765"
  },
  {
    "ID Number": "8128200"
  },
  {
    "ID Number": "8129096"
  },
  {
    "ID Number": "8122849"
  },
  {
    "ID Number": "8122733"
  },
  {
    "ID Number": "8108889"
  },
  {
    "ID Number": "8116890"
  },
  {
    "ID Number": "8110085"
  },
  {
    "ID Number": "8110409"
  },
  {
    "ID Number": "8126453"
  },
  {
    "ID Number": "8134103"
  },
  {
    "ID Number": "8128251"
  },
  {
    "ID Number": "8106584"
  },
  {
    "ID Number": "8103917"
  },
  {
    "ID Number": "8134120"
  },
  {
    "ID Number": "8115346"
  },
  {
    "ID Number": "8113009"
  },
  {
    "ID Number": "8113963"
  },
  {
    "ID Number": "8132720"
  },
  {
    "ID Number": "8103798"
  },
  {
    "ID Number": "8113572"
  },
  {
    "ID Number": "8111057"
  },
  {
    "ID Number": "8112940"
  },
  {
    "ID Number": "8109869"
  },
  {
    "ID Number": "8109206"
  },
  {
    "ID Number": "8119791"
  },
  {
    "ID Number": "8114331"
  },
  {
    "ID Number": "8120404"
  },
  {
    "ID Number": "8102341"
  },
  {
    "ID Number": "8113580"
  },
  {
    "ID Number": "8110093"
  },
  {
    "ID Number": "8131619"
  },
  {
    "ID Number": "8131767"
  },
  {
    "ID Number": "8128405"
  },
  {
    "ID Number": "8122857"
  },
  {
    "ID Number": "8106037"
  },
  {
    "ID Number": "8128944"
  },
  {
    "ID Number": "8120854"
  },
  {
    "ID Number": "8133018"
  },
  {
    "ID Number": "8110107"
  },
  {
    "ID Number": "8101442"
  },
  {
    "ID Number": "8111588"
  },
  {
    "ID Number": "8100411"
  },
  {
    "ID Number": "8133026"
  },
  {
    "ID Number": "8120595"
  },
  {
    "ID Number": "8113980"
  },
  {
    "ID Number": "8101906"
  },
  {
    "ID Number": "8107335"
  },
  {
    "ID Number": "8122571"
  },
  {
    "ID Number": "7600437"
  },
  {
    "ID Number": "8101000"
  },
  {
    "ID Number": "8118469"
  },
  {
    "ID Number": "8107645"
  },
  {
    "ID Number": "8100993"
  },
  {
    "ID Number": "8110247"
  },
  {
    "ID Number": "8120625"
  },
  {
    "ID Number": "8106762"
  },
  {
    "ID Number": "8110689"
  },
  {
    "ID Number": "8123039"
  },
  {
    "ID Number": "8115354"
  },
  {
    "ID Number": "8128375"
  },
  {
    "ID Number": "8106630"
  },
  {
    "ID Number": "8113807"
  },
  {
    "ID Number": "8108927"
  },
  {
    "ID Number": "8130035"
  },
  {
    "ID Number": "8109885"
  },
  {
    "ID Number": "8112398"
  },
  {
    "ID Number": "8109893"
  },
  {
    "ID Number": "8129258"
  },
  {
    "ID Number": "8118990"
  },
  {
    "ID Number": "8133034"
  },
  {
    "ID Number": "8109362"
  },
  {
    "ID Number": "8108200"
  },
  {
    "ID Number": "8100667"
  },
  {
    "ID Number": "8112576"
  },
  {
    "ID Number": "8114803"
  },
  {
    "ID Number": "8124370"
  },
  {
    "ID Number": "8130051"
  },
  {
    "ID Number": "8112495"
  },
  {
    "ID Number": "8131180"
  },
  {
    "ID Number": "8133409"
  },
  {
    "ID Number": "8110620"
  },
  {
    "ID Number": "8116490"
  },
  {
    "ID Number": "8100373"
  },
  {
    "ID Number": "8100500"
  },
  {
    "ID Number": "8103089"
  },
  {
    "ID Number": "8126569"
  },
  {
    "ID Number": "8127646"
  },
  {
    "ID Number": "8129665"
  },
  {
    "ID Number": "8129185"
  },
  {
    "ID Number": "8121745"
  },
  {
    "ID Number": "8122369"
  },
  {
    "ID Number": "8124825"
  },
  {
    "ID Number": "8102538"
  },
  {
    "ID Number": "8108781"
  },
  {
    "ID Number": "8121885"
  },
  {
    "ID Number": "8113599"
  },
  {
    "ID Number": "8113815"
  },
  {
    "ID Number": "8109907"
  },
  {
    "ID Number": "8130094"
  },
  {
    "ID Number": "8106282"
  },
  {
    "ID Number": "8109265"
  },
  {
    "ID Number": "8104476"
  },
  {
    "ID Number": "8125821"
  },
  {
    "ID Number": "8125465"
  },
  {
    "ID Number": "8110123"
  },
  {
    "ID Number": "8111073"
  },
  {
    "ID Number": "8108730"
  },
  {
    "ID Number": "8100110"
  },
  {
    "ID Number": "8102775"
  },
  {
    "ID Number": "8101027"
  },
  {
    "ID Number": "8104549"
  },
  {
    "ID Number": "8122105"
  },
  {
    "ID Number": "8117659"
  },
  {
    "ID Number": "8119201"
  },
  {
    "ID Number": "8110131"
  },
  {
    "ID Number": "8110140"
  },
  {
    "ID Number": "8130752"
  },
  {
    "ID Number": "8103950"
  },
  {
    "ID Number": "8105766"
  },
  {
    "ID Number": "8111626"
  },
  {
    "ID Number": "8124337"
  },
  {
    "ID Number": "8110913"
  },
  {
    "ID Number": "8113823"
  },
  {
    "ID Number": "8124310"
  },
  {
    "ID Number": "8109915"
  },
  {
    "ID Number": "8104239"
  },
  {
    "ID Number": "8105790"
  },
  {
    "ID Number": "8134146"
  },
  {
    "ID Number": "8101949"
  },
  {
    "ID Number": "8108234"
  },
  {
    "ID Number": "8105200"
  },
  {
    "ID Number": "8127263"
  },
  {
    "ID Number": "8108382"
  },
  {
    "ID Number": "8111278"
  },
  {
    "ID Number": "8116091"
  },
  {
    "ID Number": "8127492"
  },
  {
    "ID Number": "8123829"
  },
  {
    "ID Number": "8100365"
  },
  {
    "ID Number": "8112002"
  },
  {
    "ID Number": "8131244"
  },
  {
    "ID Number": "8106789"
  },
  {
    "ID Number": "8101795"
  },
  {
    "ID Number": "8104557"
  },
  {
    "ID Number": "8119929"
  },
  {
    "ID Number": "8113831"
  },
  {
    "ID Number": "8122687"
  },
  {
    "ID Number": "8127590"
  },
  {
    "ID Number": "8121680"
  },
  {
    "ID Number": "8111758"
  },
  {
    "ID Number": "8114358"
  },
  {
    "ID Number": "8124027"
  },
  {
    "ID Number": "8126917"
  },
  {
    "ID Number": "8112959"
  },
  {
    "ID Number": "8108404"
  },
  {
    "ID Number": "8101744"
  },
  {
    "ID Number": "8100420"
  },
  {
    "ID Number": "8101671"
  },
  {
    "ID Number": "8113629"
  },
  {
    "ID Number": "8100144"
  },
  {
    "ID Number": "8122938"
  },
  {
    "ID Number": "8112657"
  },
  {
    "ID Number": "8107386"
  },
  {
    "ID Number": "8115729"
  },
  {
    "ID Number": "8113246"
  },
  {
    "ID Number": "8123080"
  },
  {
    "ID Number": "8127190"
  },
  {
    "ID Number": "8114056"
  },
  {
    "ID Number": "8118396"
  },
  {
    "ID Number": "8109389"
  },
  {
    "ID Number": "8110255"
  },
  {
    "ID Number": "8101868"
  },
  {
    "ID Number": "8107688"
  },
  {
    "ID Number": "8110700"
  },
  {
    "ID Number": "8105804"
  },
  {
    "ID Number": "8123896"
  },
  {
    "ID Number": "8114552"
  },
  {
    "ID Number": "8106592"
  },
  {
    "ID Number": "8124477"
  },
  {
    "ID Number": "8102368"
  },
  {
    "ID Number": "8112606"
  },
  {
    "ID Number": "8108412"
  },
  {
    "ID Number": "8106428"
  },
  {
    "ID Number": "8106274"
  },
  {
    "ID Number": "8107408"
  },
  {
    "ID Number": "8101396"
  },
  {
    "ID Number": "8114501"
  },
  {
    "ID Number": "8114005"
  },
  {
    "ID Number": "8132607"
  },
  {
    "ID Number": "8120730"
  },
  {
    "ID Number": "8113025"
  },
  {
    "ID Number": "8121788"
  },
  {
    "ID Number": "8114129"
  },
  {
    "ID Number": "8120773"
  },
  {
    "ID Number": "8112487"
  },
  {
    "ID Number": "8120170"
  },
  {
    "ID Number": "8108749"
  },
  {
    "ID Number": "8123900"
  },
  {
    "ID Number": "8113351"
  },
  {
    "ID Number": "8122083"
  },
  {
    "ID Number": "8102783"
  },
  {
    "ID Number": "8123250"
  },
  {
    "ID Number": "8113718"
  },
  {
    "ID Number": "8115869"
  },
  {
    "ID Number": "8116016"
  },
  {
    "ID Number": "8126755"
  },
  {
    "ID Number": "8126887"
  },
  {
    "ID Number": "8115559"
  },
  {
    "ID Number": "8125813"
  },
  {
    "ID Number": "8124760"
  },
  {
    "ID Number": "8120641"
  },
  {
    "ID Number": "8127310"
  },
  {
    "ID Number": "8112444"
  },
  {
    "ID Number": "8122504"
  },
  {
    "ID Number": "8119775"
  },
  {
    "ID Number": "8126879"
  },
  {
    "ID Number": "8115206"
  },
  {
    "ID Number": "8125937"
  },
  {
    "ID Number": "8114323"
  },
  {
    "ID Number": "8132534"
  },
  {
    "ID Number": "8120358"
  },
  {
    "ID Number": "8109761"
  },
  {
    "ID Number": "8124418"
  },
  {
    "ID Number": "8111332"
  },
  {
    "ID Number": "8112428"
  },
  {
    "ID Number": "8108862"
  },
  {
    "ID Number": "8114218"
  },
  {
    "ID Number": "8128642"
  },
  {
    "ID Number": "8129525"
  },
  {
    "ID Number": "8113653"
  },
  {
    "ID Number": "8127000"
  },
  {
    "ID Number": "8131252"
  },
  {
    "ID Number": "8104492"
  },
  {
    "ID Number": "8111081"
  },
  {
    "ID Number": "8109923"
  },
  {
    "ID Number": "8113866"
  },
  {
    "ID Number": "8113149"
  },
  {
    "ID Number": "8115001"
  },
  {
    "ID Number": "8132666"
  },
  {
    "ID Number": "8113157"
  },
  {
    "ID Number": "8131902"
  },
  {
    "ID Number": "8133050"
  },
  {
    "ID Number": "8133751"
  },
  {
    "ID Number": "8108242"
  },
  {
    "ID Number": "8111286"
  },
  {
    "ID Number": "8111090"
  },
  {
    "ID Number": "8133069"
  },
  {
    "ID Number": "8111294"
  },
  {
    "ID Number": "8109931"
  },
  {
    "ID Number": "8123977"
  },
  {
    "ID Number": "8119392"
  },
  {
    "ID Number": "8124485"
  },
  {
    "ID Number": "8112924"
  },
  {
    "ID Number": "8110263"
  },
  {
    "ID Number": "8111308"
  },
  {
    "ID Number": "8101680"
  },
  {
    "ID Number": "8112967"
  },
  {
    "ID Number": "8110727"
  },
  {
    "ID Number": "8126496"
  },
  {
    "ID Number": "8109575"
  },
  {
    "ID Number": "8100918"
  },
  {
    "ID Number": "8108250"
  },
  {
    "ID Number": "8114960"
  },
  {
    "ID Number": "8125775"
  },
  {
    "ID Number": "8108757"
  },
  {
    "ID Number": "8134677"
  },
  {
    "ID Number": "8129134"
  },
  {
    "ID Number": "8112991"
  },
  {
    "ID Number": "8126771"
  },
  {
    "ID Number": "8102171"
  },
  {
    "ID Number": "8121311"
  },
  {
    "ID Number": "8126682"
  },
  {
    "ID Number": "8116377"
  },
  {
    "ID Number": "8128618"
  },
  {
    "ID Number": "8108846"
  },
  {
    "ID Number": "8125961"
  },
  {
    "ID Number": "8125651"
  },
  {
    "ID Number": "8113262"
  },
  {
    "ID Number": "8106134"
  },
  {
    "ID Number": "8102406"
  },
  {
    "ID Number": "8100403"
  },
  {
    "ID Number": "8126330"
  },
  {
    "ID Number": "8111774"
  },
  {
    "ID Number": "8126313"
  },
  {
    "ID Number": "8109400"
  },
  {
    "ID Number": "8109940"
  },
  {
    "ID Number": "8133077"
  },
  {
    "ID Number": "8109958"
  },
  {
    "ID Number": "8100250"
  },
  {
    "ID Number": "8101825"
  },
  {
    "ID Number": "8121834"
  },
  {
    "ID Number": "8110735"
  },
  {
    "ID Number": "8120609"
  },
  {
    "ID Number": "8111120"
  },
  {
    "ID Number": "8106770"
  },
  {
    "ID Number": "8111600"
  },
  {
    "ID Number": "8120412"
  },
  {
    "ID Number": "8114340"
  },
  {
    "ID Number": "8102732"
  },
  {
    "ID Number": "8127166"
  },
  {
    "ID Number": "8131910"
  },
  {
    "ID Number": "8117284"
  },
  {
    "ID Number": "8111138"
  },
  {
    "ID Number": "8133093"
  },
  {
    "ID Number": "8100268"
  },
  {
    "ID Number": "8108277"
  },
  {
    "ID Number": "8134693"
  },
  {
    "ID Number": "8124078"
  },
  {
    "ID Number": "8128847"
  },
  {
    "ID Number": "8133549"
  },
  {
    "ID Number": "8107734"
  },
  {
    "ID Number": "8101817"
  },
  {
    "ID Number": "8114285"
  },
  {
    "ID Number": "8118442"
  },
  {
    "ID Number": "8111596"
  },
  {
    "ID Number": "8126615"
  },
  {
    "ID Number": "8126232"
  },
  {
    "ID Number": "8114560"
  },
  {
    "ID Number": "8116571"
  },
  {
    "ID Number": "8132739"
  },
  {
    "ID Number": "8105359"
  },
  {
    "ID Number": "8122555"
  },
  {
    "ID Number": "8117578"
  },
  {
    "ID Number": "8109419"
  },
  {
    "ID Number": "8113670"
  },
  {
    "ID Number": "8101647"
  },
  {
    "ID Number": "8112169"
  },
  {
    "ID Number": "8106207"
  },
  {
    "ID Number": "8131937"
  },
  {
    "ID Number": "8106142"
  },
  {
    "ID Number": "8105065"
  },
  {
    "ID Number": "8106606"
  },
  {
    "ID Number": "8101310"
  },
  {
    "ID Number": "8118906"
  },
  {
    "ID Number": "8128383"
  },
  {
    "ID Number": "8121036"
  },
  {
    "ID Number": "8124922"
  },
  {
    "ID Number": "8126844"
  },
  {
    "ID Number": "8111480"
  },
  {
    "ID Number": "8122920"
  },
  {
    "ID Number": "8119872"
  },
  {
    "ID Number": "8112975"
  },
  {
    "ID Number": "8105219"
  },
  {
    "ID Number": "8133557"
  },
  {
    "ID Number": "8107980"
  },
  {
    "ID Number": "8107270"
  },
  {
    "ID Number": "8111472"
  },
  {
    "ID Number": "8100659"
  },
  {
    "ID Number": "8110840"
  },
  {
    "ID Number": "8106460"
  },
  {
    "ID Number": "377104996"
  },
  {
    "ID Number": "8115010"
  },
  {
    "ID Number": "8133115"
  },
  {
    "ID Number": "8107998"
  },
  {
    "ID Number": "8108420"
  },
  {
    "ID Number": "8130817"
  },
  {
    "ID Number": "8103100"
  },
  {
    "ID Number": "8106959"
  },
  {
    "ID Number": "8126500"
  },
  {
    "ID Number": "8111693"
  },
  {
    "ID Number": "8104980"
  },
  {
    "ID Number": "8123055"
  },
  {
    "ID Number": "8111316"
  },
  {
    "ID Number": "8114536"
  },
  {
    "ID Number": "8106614"
  },
  {
    "ID Number": "8123195"
  },
  {
    "ID Number": "8116660"
  },
  {
    "ID Number": "8120277"
  },
  {
    "ID Number": "8113890"
  },
  {
    "ID Number": "8101035"
  },
  {
    "ID Number": "8116318"
  },
  {
    "ID Number": "8113165"
  },
  {
    "ID Number": "8128120"
  },
  {
    "ID Number": "8112304"
  },
  {
    "ID Number": "8132895"
  },
  {
    "ID Number": "8108994"
  },
  {
    "ID Number": "8103690"
  },
  {
    "ID Number": "8123098"
  },
  {
    "ID Number": "8127069"
  },
  {
    "ID Number": "8113416"
  },
  {
    "ID Number": "8132410"
  },
  {
    "ID Number": "8112703"
  },
  {
    "ID Number": "8102953"
  },
  {
    "ID Number": "8132330"
  },
  {
    "ID Number": "8130213"
  },
  {
    "ID Number": "8112665"
  },
  {
    "ID Number": "8123187"
  },
  {
    "ID Number": "8111820"
  },
  {
    "ID Number": "8100012"
  },
  {
    "ID Number": "8115028"
  },
  {
    "ID Number": "8114595"
  },
  {
    "ID Number": "8127565"
  },
  {
    "ID Number": "8111456"
  },
  {
    "ID Number": "8101205"
  },
  {
    "ID Number": "8132526"
  },
  {
    "ID Number": "8113688"
  },
  {
    "ID Number": "8114200"
  },
  {
    "ID Number": "8113050"
  },
  {
    "ID Number": "8122466"
  },
  {
    "ID Number": "8101884"
  },
  {
    "ID Number": "8105898"
  },
  {
    "ID Number": "8125716"
  },
  {
    "ID Number": "8110760"
  },
  {
    "ID Number": "8126933"
  },
  {
    "ID Number": "8126100"
  },
  {
    "ID Number": "8112550"
  },
  {
    "ID Number": "8127948"
  },
  {
    "ID Number": "8131961"
  },
  {
    "ID Number": "8104220"
  },
  {
    "ID Number": "8100926"
  },
  {
    "ID Number": "8100519"
  },
  {
    "ID Number": "8116679"
  },
  {
    "ID Number": "8111570"
  },
  {
    "ID Number": "8104689"
  },
  {
    "ID Number": "8130671"
  },
  {
    "ID Number": "8108676"
  },
  {
    "ID Number": "8109222"
  },
  {
    "ID Number": "8134723"
  },
  {
    "ID Number": "8106983"
  },
  {
    "ID Number": "8101434"
  },
  {
    "ID Number": "8108684"
  },
  {
    "ID Number": "8134197"
  },
  {
    "ID Number": "8100136"
  },
  {
    "ID Number": "8110220"
  },
  {
    "ID Number": "8113300"
  },
  {
    "ID Number": "8134731"
  },
  {
    "ID Number": "8124884"
  },
  {
    "ID Number": "8108293"
  },
  {
    "ID Number": "8110271"
  },
  {
    "ID Number": "8100705"
  },
  {
    "ID Number": "8100640"
  },
  {
    "ID Number": "8100942"
  },
  {
    "ID Number": "8100306"
  },
  {
    "ID Number": "8116199"
  },
  {
    "ID Number": "8110859"
  },
  {
    "ID Number": "8111154"
  },
  {
    "ID Number": "8120544"
  },
  {
    "ID Number": "8109974"
  },
  {
    "ID Number": "8100870"
  },
  {
    "ID Number": "8125333"
  },
  {
    "ID Number": "8113386"
  },
  {
    "ID Number": "8115362"
  },
  {
    "ID Number": "8106991"
  },
  {
    "ID Number": "8107009"
  },
  {
    "ID Number": "8101329"
  },
  {
    "ID Number": "8104891"
  },
  {
    "ID Number": "8124728"
  },
  {
    "ID Number": "8131970"
  },
  {
    "ID Number": "8100586"
  },
  {
    "ID Number": "8132356"
  },
  {
    "ID Number": "8115940"
  },
  {
    "ID Number": "8111162"
  },
  {
    "ID Number": "8103666"
  },
  {
    "ID Number": "8101094"
  },
  {
    "ID Number": "8134200"
  },
  {
    "ID Number": "8100535"
  },
  {
    "ID Number": "8100934"
  },
  {
    "ID Number": "8109982"
  },
  {
    "ID Number": "8100284"
  },
  {
    "ID Number": "8105375"
  },
  {
    "ID Number": "8100489"
  },
  {
    "ID Number": "8100217"
  },
  {
    "ID Number": "8121672"
  },
  {
    "ID Number": "8131538"
  },
  {
    "ID Number": "8103445"
  },
  {
    "ID Number": "8126470"
  },
  {
    "ID Number": "8116083"
  },
  {
    "ID Number": "8113319"
  },
  {
    "ID Number": "8100837"
  },
  {
    "ID Number": "8100209"
  },
  {
    "ID Number": "8107068"
  },
  {
    "ID Number": "8101736"
  },
  {
    "ID Number": "8112193"
  },
  {
    "ID Number": "8110328"
  },
  {
    "ID Number": "8127123"
  },
  {
    "ID Number": "8124663"
  },
  {
    "ID Number": "8123071"
  },
  {
    "ID Number": "8103011"
  },
  {
    "ID Number": "8109435"
  },
  {
    "ID Number": "8113327"
  },
  {
    "ID Number": "8114919"
  },
  {
    "ID Number": "8103674"
  },
  {
    "ID Number": "8106860"
  },
  {
    "ID Number": "8110280"
  },
  {
    "ID Number": "8111553"
  },
  {
    "ID Number": "8108811"
  },
  {
    "ID Number": "8112894"
  },
  {
    "ID Number": "8105014"
  },
  {
    "ID Number": "8113971"
  },
  {
    "ID Number": "8107556"
  },
  {
    "ID Number": "8114765"
  },
  {
    "ID Number": "8101060"
  },
  {
    "ID Number": "8110794"
  },
  {
    "ID Number": "8106215"
  },
  {
    "ID Number": "8110778"
  },
  {
    "ID Number": "8110867"
  },
  {
    "ID Number": "8127115"
  },
  {
    "ID Number": "8108315"
  },
  {
    "ID Number": "8107165"
  },
  {
    "ID Number": "8120536"
  },
  {
    "ID Number": "8114382"
  },
  {
    "ID Number": "8108323"
  },
  {
    "ID Number": "8107653"
  },
  {
    "ID Number": "8132100"
  },
  {
    "ID Number": "8109230"
  },
  {
    "ID Number": "8116504"
  },
  {
    "ID Number": "8114994"
  },
  {
    "ID Number": "8133212"
  },
  {
    "ID Number": "8100055"
  },
  {
    "ID Number": "8124531"
  },
  {
    "ID Number": "8113920"
  },
  {
    "ID Number": "8115427"
  },
  {
    "ID Number": "8111200"
  },
  {
    "ID Number": "8101930"
  },
  {
    "ID Number": "8126747"
  },
  {
    "ID Number": "8112681"
  },
  {
    "ID Number": "8102015"
  },
  {
    "ID Number": "8122261"
  },
  {
    "ID Number": "8112320"
  },
  {
    "ID Number": "8125929"
  },
  {
    "ID Number": "8124329"
  },
  {
    "ID Number": "8130787"
  },
  {
    "ID Number": "8103224"
  },
  {
    "ID Number": "8132674"
  },
  {
    "ID Number": "8109990"
  },
  {
    "ID Number": "8108331"
  },
  {
    "ID Number": "8109257"
  },
  {
    "ID Number": "8104050"
  },
  {
    "ID Number": "8126801"
  },
  {
    "ID Number": "8114676"
  },
  {
    "ID Number": "8126119"
  },
  {
    "ID Number": "8123918"
  },
  {
    "ID Number": "8112690"
  },
  {
    "ID Number": "8118949"
  },
  {
    "ID Number": "8131996"
  },
  {
    "ID Number": "8114269"
  },
  {
    "ID Number": "8134766"
  },
  {
    "ID Number": "8100551"
  },
  {
    "ID Number": "8114110"
  },
  {
    "ID Number": "8127336"
  },
  {
    "ID Number": "8111715"
  },
  {
    "ID Number": "8104255"
  },
  {
    "ID Number": "8110417"
  },
  {
    "ID Number": "8107017"
  },
  {
    "ID Number": "8131325"
  },
  {
    "ID Number": "8114870"
  },
  {
    "ID Number": "8109648"
  },
  {
    "ID Number": "8115974"
  },
  {
    "ID Number": "8110298"
  },
  {
    "ID Number": "8131481"
  },
  {
    "ID Number": "8112525"
  },
  {
    "ID Number": "8112037"
  },
  {
    "ID Number": "8121974"
  },
  {
    "ID Number": "8112517"
  }
]