[
  {
    "ID Number": "8705755",
    "Name": "Banda Maria",
    "Fed": "ZAM",
    "Sex": "F",
    "Title": "",
    "WTit": "",
    "OTit": "",
    "Rating": "1747",
    "Gms": "0",
    "K": "20",
    "RatingMonth": "AUG25",
    "B-day": "2003",
    "Flag": "wi"
  },
  {
    "ID Number": "415383",
    "Name": "Banda, Graham",
    "Fed": "ZAM",
    "Sex": "M",
    "Title": "",
    "WTit": "",
    "OTit": "",
    "Rating": "1783",
    "Gms": "0",
    "K": "20",
    "RatingMonth": "AUG25",
    "B-day": "1961",
    "Flag": "i"
  },
  {
    "ID Number": "8700613",
    "Name": "Buumba, Obrian",
    "Fed": "ZAM",
    "Sex": "M",
    "Title": "",
    "WTit": "",
    "OTit": "",
    "Rating": "1976",
    "Gms": "0",
    "K": "20",
    "RatingMonth": "AUG25",
    "B-day": "1987",
    "Flag": "i"
  },
  {
    "ID Number": "8700257",
    "Name": "Bwalya, Gillan",
    "Fed": "ZAM",
    "Sex": "M",
    "Title": "IM",
    "WTit": "",
    "OTit": "",
    "Rating": "2388",
    "Gms": "0",
    "K": "20",
    "RatingMonth": "AUG25",
    "B-day": "1988",
    "Flag": ""
  },
  {
    "ID Number": "8711518",
    "Name": "Chibale Herris",
    "Fed": "ZAM",
    "Sex": "M",
    "Title": "",
    "WTit": "",
    "OTit": "",
    "Rating": "1864",
    "Gms": "0",
    "K": "20",
    "RatingMonth": "AUG25",
    "B-day": "1988",
    "Flag": ""
  },
  {
    "ID Number": "8704040",
    "Name": "Chikuse, Leslie",
    "Fed": "ZAM",
    "Sex": "M",
    "Title": "",
    "WTit": "",
    "OTit": "",
    "Rating": "2002",
    "Gms": "0",
    "K": "20",
    "RatingMonth": "AUG25",
    "B-day": "1976",
    "Flag": "i"
  },
  {
    "ID Number": "8710791",
    "Name": "Chimpunza James",
    "Fed": "ZAM",
    "Sex": "M",
    "Title": "",
    "WTit": "",
    "OTit": "",
    "Rating": "2101",
    "Gms": "0",
    "K": "20",
    "RatingMonth": "AUG25",
    "B-day": "1982",
    "Flag": "i"
  },
  {
    "ID Number": "8705348",
    "Name": "Chiswela, Eric",
    "Fed": "ZAM",
    "Sex": "M",
    "Title": "",
    "WTit": "",
    "OTit": "",
    "Rating": "2078",
    "Gms": "0",
    "K": "20",
    "RatingMonth": "AUG25",
    "B-day": "0",
    "Flag": "i"
  },
  {
    "ID Number": "8701113",
    "Name": "Chola, Midosantos",
    "Fed": "ZAM",
    "Sex": "M",
    "Title": "",
    "WTit": "",
    "OTit": "",
    "Rating": "2015",
    "Gms": "0",
    "K": "20",
    "RatingMonth": "AUG25",
    "B-day": "1982",
    "Flag": "i"
  },
  {
    "ID Number": "8700435",
    "Name": "Chumfwa, Kelvin",
    "Fed": "ZAM",
    "Sex": "M",
    "Title": "IM",
    "WTit": "",
    "OTit": "",
    "Rating": "2207",
    "Gms": "0",
    "K": "20",
    "RatingMonth": "AUG25",
    "B-day": "1986",
    "Flag": "i"
  },
  {
    "ID Number": "8700117",
    "Name": "Chumfwa, Stanley",
    "Fed": "ZAM",
    "Sex": "M",
    "Title": "IM",
    "WTit": "",
    "OTit": "",
    "Rating": "2177",
    "Gms": "0",
    "K": "20",
    "RatingMonth": "AUG25",
    "B-day": "1976",
    "Flag": "i"
  },
  {
    "ID Number": "8705364",
    "Name": "Daka, Justin",
    "Fed": "ZAM",
    "Sex": "M",
    "Title": "",
    "WTit": "",
    "OTit": "",
    "Rating": "2124",
    "Gms": "0",
    "K": "20",
    "RatingMonth": "AUG25",
    "B-day": "1988",
    "Flag": "i"
  },
  {
    "ID Number": "8700729",
    "Name": "Dimba, James",
    "Fed": "ZAM",
    "Sex": "M",
    "Title": "CM",
    "WTit": "",
    "OTit": "",
    "Rating": "2068",
    "Gms": "0",
    "K": "20",
    "RatingMonth": "AUG25",
    "B-day": "1987",
    "Flag": "i"
  },
  {
    "ID Number": "8700630",
    "Name": "Gondwe, Kondwani Maxwell",
    "Fed": "ZAM",
    "Sex": "M",
    "Title": "CM",
    "WTit": "",
    "OTit": "",
    "Rating": "2075",
    "Gms": "0",
    "K": "20",
    "RatingMonth": "AUG25",
    "B-day": "1989",
    "Flag": "i"
  },
  {
    "ID Number": "8709270",
    "Name": "Goodson Kalolo",
    "Fed": "ZAM",
    "Sex": "M",
    "Title": "",
    "WTit": "",
    "OTit": "",
    "Rating": "1959",
    "Gms": "0",
    "K": "20",
    "RatingMonth": "AUG25",
    "B-day": "1998",
    "Flag": "i"
  },
  {
    "ID Number": "8704244",
    "Name": "Hapaku, Charles",
    "Fed": "ZAM",
    "Sex": "M",
    "Title": "CM",
    "WTit": "",
    "OTit": "",
    "Rating": "2164",
    "Gms": "0",
    "K": "20",
    "RatingMonth": "AUG25",
    "B-day": "1990",
    "Flag": "i"
  },
  {
    "ID Number": "8710961",
    "Name": "Hilary Lutangu",
    "Fed": "ZAM",
    "Sex": "M",
    "Title": "",
    "WTit": "",
    "OTit": "",
    "Rating": "1913",
    "Gms": "0",
    "K": "20",
    "RatingMonth": "AUG25",
    "B-day": "1981",
    "Flag": "i"
  },
  {
    "ID Number": "8700249",
    "Name": "Jere, Daniel",
    "Fed": "ZAM",
    "Sex": "M",
    "Title": "IM",
    "WTit": "",
    "OTit": "",
    "Rating": "2390",
    "Gms": "0",
    "K": "20",
    "RatingMonth": "AUG25",
    "B-day": "1986",
    "Flag": "i"
  },
  {
    "ID Number": "8706077",
    "Name": "Kabamba Mulwale Bwalya",
    "Fed": "ZAM",
    "Sex": "F",
    "Title": "",
    "WTit": "",
    "OTit": "",
    "Rating": "1786",
    "Gms": "0",
    "K": "20",
    "RatingMonth": "AUG25",
    "B-day": "1993",
    "Flag": "wi"
  },
  {
    "ID Number": "8707650",
    "Name": "Kabungo Chiwama",
    "Fed": "ZAM",
    "Sex": "M",
    "Title": "",
    "WTit": "",
    "OTit": "",
    "Rating": "1848",
    "Gms": "0",
    "K": "20",
    "RatingMonth": "AUG25",
    "B-day": "1989",
    "Flag": "i"
  },
  {
    "ID Number": "8707200",
    "Name": "Kabwe Timothy",
    "Fed": "ZAM",
    "Sex": "M",
    "Title": "",
    "WTit": "",
    "OTit": "",
    "Rating": "2204",
    "Gms": "0",
    "K": "20",
    "RatingMonth": "AUG25",
    "B-day": "1983",
    "Flag": ""
  },
  {
    "ID Number": "8705550",
    "Name": "Kaimana Clifford",
    "Fed": "ZAM",
    "Sex": "M",
    "Title": "",
    "WTit": "",
    "OTit": "",
    "Rating": "1981",
    "Gms": "0",
    "K": "20",
    "RatingMonth": "AUG25",
    "B-day": "1992",
    "Flag": "i"
  },
  {
    "ID Number": "8708878",
    "Name": "Kalandanya Solomon",
    "Fed": "ZAM",
    "Sex": "M",
    "Title": "",
    "WTit": "",
    "OTit": "",
    "Rating": "1880",
    "Gms": "0",
    "K": "20",
    "RatingMonth": "AUG25",
    "B-day": "1992",
    "Flag": "i"
  },
  {
    "ID Number": "8704759",
    "Name": "Kameya, Robson",
    "Fed": "ZAM",
    "Sex": "M",
    "Title": "",
    "WTit": "",
    "OTit": "",
    "Rating": "2084",
    "Gms": "0",
    "K": "20",
    "RatingMonth": "AUG25",
    "B-day": "1978",
    "Flag": "i"
  },
  {
    "ID Number": "8706085",
    "Name": "Kandangwe Joster",
    "Fed": "ZAM",
    "Sex": "M",
    "Title": "",
    "WTit": "",
    "OTit": "",
    "Rating": "1978",
    "Gms": "0",
    "K": "20",
    "RatingMonth": "AUG25",
    "B-day": "1982",
    "Flag": "i"
  },
  {
    "ID Number": "8721262",
    "Name": "Kangele Gift",
    "Fed": "ZAM",
    "Sex": "M",
    "Title": "",
    "WTit": "",
    "OTit": "",
    "Rating": "1451",
    "Gms": "0",
    "K": "20",
    "RatingMonth": "AUG25",
    "B-day": "2003",
    "Flag": "i"
  },
  {
    "ID Number": "8707219",
    "Name": "Kantalamba Mushota",
    "Fed": "ZAM",
    "Sex": "M",
    "Title": "",
    "WTit": "",
    "OTit": "",
    "Rating": "2095",
    "Gms": "0",
    "K": "20",
    "RatingMonth": "AUG25",
    "B-day": "1993",
    "Flag": "i"
  },
  {
    "ID Number": "8707103",
    "Name": "Kanyanta Frank",
    "Fed": "ZAM",
    "Sex": "M",
    "Title": "",
    "WTit": "",
    "OTit": "",
    "Rating": "1835",
    "Gms": "0",
    "K": "20",
    "RatingMonth": "AUG25",
    "B-day": "1976",
    "Flag": "i"
  },
  {
    "ID Number": "8701431",
    "Name": "Kaoma, Micheal",
    "Fed": "ZAM",
    "Sex": "M",
    "Title": "",
    "WTit": "",
    "OTit": "",
    "Rating": "2109",
    "Gms": "0",
    "K": "20",
    "RatingMonth": "AUG25",
    "B-day": "1994",
    "Flag": "i"
  },
  {
    "ID Number": "8701695",
    "Name": "Katebe, Linus",
    "Fed": "ZAM",
    "Sex": "M",
    "Title": "",
    "WTit": "",
    "OTit": "",
    "Rating": "2129",
    "Gms": "0",
    "K": "20",
    "RatingMonth": "AUG25",
    "B-day": "1979",
    "Flag": "i"
  },
  {
    "ID Number": "8701709",
    "Name": "Kaulule Siame, Kela",
    "Fed": "ZAM",
    "Sex": "M",
    "Title": "CM",
    "WTit": "",
    "OTit": "",
    "Rating": "2044",
    "Gms": "0",
    "K": "20",
    "RatingMonth": "AUG25",
    "B-day": "1987",
    "Flag": "i"
  },
  {
    "ID Number": "8700281",
    "Name": "Kayonde, Andrew",
    "Fed": "ZAM",
    "Sex": "M",
    "Title": "IM",
    "WTit": "",
    "OTit": "",
    "Rating": "2307",
    "Gms": "0",
    "K": "10",
    "RatingMonth": "AUG25",
    "B-day": "1988",
    "Flag": "i"
  },
  {
    "ID Number": "8708290",
    "Name": "Keagan Lwandamina",
    "Fed": "ZAM",
    "Sex": "M",
    "Title": "",
    "WTit": "",
    "OTit": "",
    "Rating": "1967",
    "Gms": "0",
    "K": "20",
    "RatingMonth": "AUG25",
    "B-day": "1992",
    "Flag": "i"
  },
  {
    "ID Number": "8711852",
    "Name": "Kolomwe Willian",
    "Fed": "ZAM",
    "Sex": "M",
    "Title": "",
    "WTit": "",
    "OTit": "",
    "Rating": "1794",
    "Gms": "0",
    "K": "20",
    "RatingMonth": "AUG25",
    "B-day": "1984",
    "Flag": "i"
  },
  {
    "ID Number": "8705097",
    "Name": "Lemmy, Chishala",
    "Fed": "ZAM",
    "Sex": "M",
    "Title": "",
    "WTit": "",
    "OTit": "",
    "Rating": "2058",
    "Gms": "0",
    "K": "20",
    "RatingMonth": "AUG25",
    "B-day": "1990",
    "Flag": "i"
  },
  {
    "ID Number": "8714029",
    "Name": "Likando Namakau",
    "Fed": "ZAM",
    "Sex": "F",
    "Title": "",
    "WTit": "",
    "OTit": "",
    "Rating": "1694",
    "Gms": "0",
    "K": "20",
    "RatingMonth": "AUG25",
    "B-day": "1988",
    "Flag": "wi"
  },
  {
    "ID Number": "8704287",
    "Name": "Luanja, Geoffrey",
    "Fed": "ZAM",
    "Sex": "M",
    "Title": "FM",
    "WTit": "",
    "OTit": "",
    "Rating": "2163",
    "Gms": "0",
    "K": "20",
    "RatingMonth": "AUG25",
    "B-day": "1988",
    "Flag": "i"
  },
  {
    "ID Number": "8702225",
    "Name": "Lwamfwe, Kabwe",
    "Fed": "ZAM",
    "Sex": "M",
    "Title": "",
    "WTit": "",
    "OTit": "",
    "Rating": "1993",
    "Gms": "0",
    "K": "20",
    "RatingMonth": "AUG25",
    "B-day": "1987",
    "Flag": "i"
  },
  {
    "ID Number": "8702233",
    "Name": "Lwenyeka, Brian",
    "Fed": "ZAM",
    "Sex": "M",
    "Title": "",
    "WTit": "",
    "OTit": "",
    "Rating": "1868",
    "Gms": "0",
    "K": "20",
    "RatingMonth": "AUG25",
    "B-day": "1982",
    "Flag": "i"
  },
  {
    "ID Number": "8704295",
    "Name": "Lyapa , Chisha",
    "Fed": "ZAM",
    "Sex": "M",
    "Title": "",
    "WTit": "",
    "OTit": "",
    "Rating": "1875",
    "Gms": "0",
    "K": "20",
    "RatingMonth": "AUG25",
    "B-day": "1978",
    "Flag": "i"
  },
  {
    "ID Number": "8704635",
    "Name": "Makwaya, Kiddy",
    "Fed": "ZAM",
    "Sex": "M",
    "Title": "",
    "WTit": "",
    "OTit": "",
    "Rating": "2072",
    "Gms": "0",
    "K": "20",
    "RatingMonth": "AUG25",
    "B-day": "1972",
    "Flag": "i"
  },
  {
    "ID Number": "8704317",
    "Name": "Mary, Mashane",
    "Fed": "ZAM",
    "Sex": "F",
    "Title": "",
    "WTit": "FA",
    "OTit": "",
    "Rating": "1586",
    "Gms": "0",
    "K": "20",
    "RatingMonth": "AUG25",
    "B-day": "1994",
    "Flag": "wi"
  },
  {
    "ID Number": "8708134",
    "Name": "Masebo, Kupasha",
    "Fed": "ZAM",
    "Sex": "M",
    "Title": "",
    "WTit": "",
    "OTit": "",
    "Rating": "1912",
    "Gms": "0",
    "K": "20",
    "RatingMonth": "AUG25",
    "B-day": "0",
    "Flag": "i"
  },
  {
    "ID Number": "8707510",
    "Name": "Mate Emmanuel",
    "Fed": "ZAM",
    "Sex": "M",
    "Title": "",
    "WTit": "",
    "OTit": "",
    "Rating": "1940",
    "Gms": "0",
    "K": "20",
    "RatingMonth": "AUG25",
    "B-day": "1986",
    "Flag": "i"
  },
  {
    "ID Number": "8706425",
    "Name": "Mayimbo, Clement",
    "Fed": "ZAM",
    "Sex": "M",
    "Title": "",
    "WTit": "",
    "OTit": "",
    "Rating": "2040",
    "Gms": "0",
    "K": "20",
    "RatingMonth": "AUG25",
    "B-day": "1987",
    "Flag": "i"
  },
  {
    "ID Number": "8710635",
    "Name": "Mbao James Jimmy",
    "Fed": "ZAM",
    "Sex": "M",
    "Title": "",
    "WTit": "",
    "OTit": "",
    "Rating": "1846",
    "Gms": "0",
    "K": "20",
    "RatingMonth": "AUG25",
    "B-day": "1990",
    "Flag": "i"
  },
  {
    "ID Number": "8700591",
    "Name": "Mbatha, Constance",
    "Fed": "ZAM",
    "Sex": "F",
    "Title": "WFM",
    "WTit": "WFM",
    "OTit": "",
    "Rating": "1799",
    "Gms": "0",
    "K": "20",
    "RatingMonth": "AUG25",
    "B-day": "1986",
    "Flag": "wi"
  },
  {
    "ID Number": "8704325",
    "Name": "Mikula, Chanda",
    "Fed": "ZAM",
    "Sex": "M",
    "Title": "",
    "WTit": "",
    "OTit": "",
    "Rating": "1960",
    "Gms": "0",
    "K": "20",
    "RatingMonth": "AUG25",
    "B-day": "1972",
    "Flag": "i"
  },
  {
    "ID Number": "8708215",
    "Name": "Modwell Mukumbi",
    "Fed": "ZAM",
    "Sex": "M",
    "Title": "",
    "WTit": "",
    "OTit": "",
    "Rating": "1930",
    "Gms": "0",
    "K": "20",
    "RatingMonth": "AUG25",
    "B-day": "1992",
    "Flag": "i"
  },
  {
    "ID Number": "8714037",
    "Name": "Mtonga Augustine",
    "Fed": "ZAM",
    "Sex": "M",
    "Title": "",
    "WTit": "",
    "OTit": "",
    "Rating": "2061",
    "Gms": "0",
    "K": "20",
    "RatingMonth": "AUG25",
    "B-day": "2001",
    "Flag": "i"
  },
  {
    "ID Number": "8704333",
    "Name": "Mubita, Mwangelwa",
    "Fed": "ZAM",
    "Sex": "M",
    "Title": "",
    "WTit": "",
    "OTit": "",
    "Rating": "1929",
    "Gms": "0",
    "K": "20",
    "RatingMonth": "AUG25",
    "B-day": "1990",
    "Flag": "i"
  },
  {
    "ID Number": "8704341",
    "Name": "Mubukwanu, Emmanuel",
    "Fed": "ZAM",
    "Sex": "M",
    "Title": "",
    "WTit": "",
    "OTit": "",
    "Rating": "1964",
    "Gms": "0",
    "K": "20",
    "RatingMonth": "AUG25",
    "B-day": "1978",
    "Flag": "i"
  },
  {
    "ID Number": "8701776",
    "Name": "Mulenga, Prince Daniel",
    "Fed": "ZAM",
    "Sex": "M",
    "Title": "FM",
    "WTit": "",
    "OTit": "",
    "Rating": "2217",
    "Gms": "0",
    "K": "20",
    "RatingMonth": "AUG25",
    "B-day": "1992",
    "Flag": "i"
  },
  {
    "ID Number": "8706921",
    "Name": "Mululu Linah",
    "Fed": "ZAM",
    "Sex": "F",
    "Title": "",
    "WTit": "",
    "OTit": "",
    "Rating": "1761",
    "Gms": "0",
    "K": "20",
    "RatingMonth": "AUG25",
    "B-day": "1982",
    "Flag": "wi"
  },
  {
    "ID Number": "8700680",
    "Name": "Munenga, Douglas D",
    "Fed": "ZAM",
    "Sex": "M",
    "Title": "FM",
    "WTit": "",
    "OTit": "",
    "Rating": "2250",
    "Gms": "0",
    "K": "20",
    "RatingMonth": "AUG25",
    "B-day": "1993",
    "Flag": "i"
  },
  {
    "ID Number": "8706166",
    "Name": "Mupota Robert Chilufya",
    "Fed": "ZAM",
    "Sex": "M",
    "Title": "",
    "WTit": "",
    "OTit": "",
    "Rating": "1968",
    "Gms": "0",
    "K": "20",
    "RatingMonth": "AUG25",
    "B-day": "1991",
    "Flag": "i"
  },
  {
    "ID Number": "8704384",
    "Name": "Musende, Gershom",
    "Fed": "ZAM",
    "Sex": "M",
    "Title": "",
    "WTit": "",
    "OTit": "",
    "Rating": "2093",
    "Gms": "0",
    "K": "20",
    "RatingMonth": "AUG25",
    "B-day": "1976",
    "Flag": "i"
  },
  {
    "ID Number": "8710686",
    "Name": "Mushinka Boyd",
    "Fed": "ZAM",
    "Sex": "M",
    "Title": "",
    "WTit": "",
    "OTit": "",
    "Rating": "1719",
    "Gms": "0",
    "K": "20",
    "RatingMonth": "AUG25",
    "B-day": "1995",
    "Flag": "i"
  },
  {
    "ID Number": "8706050",
    "Name": "Musonda Chola",
    "Fed": "ZAM",
    "Sex": "M",
    "Title": "FM",
    "WTit": "",
    "OTit": "",
    "Rating": "2034",
    "Gms": "0",
    "K": "20",
    "RatingMonth": "AUG25",
    "B-day": "2000",
    "Flag": "i"
  },
  {
    "ID Number": "8705917",
    "Name": "Musonda Joshua",
    "Fed": "ZAM",
    "Sex": "M",
    "Title": "",
    "WTit": "",
    "OTit": "",
    "Rating": "1708",
    "Gms": "0",
    "K": "20",
    "RatingMonth": "AUG25",
    "B-day": "2002",
    "Flag": "i"
  },
  {
    "ID Number": "8702462",
    "Name": "Mutambo, Webster",
    "Fed": "ZAM",
    "Sex": "M",
    "Title": "",
    "WTit": "",
    "OTit": "",
    "Rating": "2082",
    "Gms": "0",
    "K": "20",
    "RatingMonth": "AUG25",
    "B-day": "1989",
    "Flag": "i"
  },
  {
    "ID Number": "8705194",
    "Name": "Muyenga, Bright",
    "Fed": "ZAM",
    "Sex": "M",
    "Title": "",
    "WTit": "",
    "OTit": "",
    "Rating": "1980",
    "Gms": "0",
    "K": "20",
    "RatingMonth": "AUG25",
    "B-day": "1982",
    "Flag": "i"
  },
  {
    "ID Number": "8703299",
    "Name": "Mwale, Naomi",
    "Fed": "ZAM",
    "Sex": "F",
    "Title": "",
    "WTit": "",
    "OTit": "",
    "Rating": "1654",
    "Gms": "0",
    "K": "20",
    "RatingMonth": "AUG25",
    "B-day": "2005",
    "Flag": "wi"
  },
  {
    "ID Number": "8703302",
    "Name": "Mwale, Samuel",
    "Fed": "ZAM",
    "Sex": "M",
    "Title": "",
    "WTit": "",
    "OTit": "",
    "Rating": "1885",
    "Gms": "0",
    "K": "20",
    "RatingMonth": "AUG25",
    "B-day": "2002",
    "Flag": "i"
  },
  {
    "ID Number": "8700265",
    "Name": "Mwali, Chitumbo",
    "Fed": "ZAM",
    "Sex": "M",
    "Title": "IM",
    "WTit": "",
    "OTit": "",
    "Rating": "2298",
    "Gms": "0",
    "K": "20",
    "RatingMonth": "AUG25",
    "B-day": "1986",
    "Flag": "i"
  },
  {
    "ID Number": "8710511",
    "Name": "Mwambanya Mukwemba Stephen",
    "Fed": "ZAM",
    "Sex": "M",
    "Title": "",
    "WTit": "",
    "OTit": "",
    "Rating": "1701",
    "Gms": "0",
    "K": "20",
    "RatingMonth": "AUG25",
    "B-day": "1976",
    "Flag": "i"
  },
  {
    "ID Number": "8700478",
    "Name": "Mwango , Lorita",
    "Fed": "ZAM",
    "Sex": "F",
    "Title": "WFM",
    "WTit": "WFM",
    "OTit": "",
    "Rating": "1906",
    "Gms": "0",
    "K": "20",
    "RatingMonth": "AUG25",
    "B-day": "1994",
    "Flag": "wi"
  },
  {
    "ID Number": "8701873",
    "Name": "Mwansa, Mambwe",
    "Fed": "ZAM",
    "Sex": "M",
    "Title": "",
    "WTit": "",
    "OTit": "",
    "Rating": "2040",
    "Gms": "0",
    "K": "20",
    "RatingMonth": "AUG25",
    "B-day": "1978",
    "Flag": "i"
  },
  {
    "ID Number": "8705453",
    "Name": "Mwape, William",
    "Fed": "ZAM",
    "Sex": "M",
    "Title": "",
    "WTit": "",
    "OTit": "",
    "Rating": "2086",
    "Gms": "0",
    "K": "20",
    "RatingMonth": "AUG25",
    "B-day": "1992",
    "Flag": "i"
  },
  {
    "ID Number": "8700109",
    "Name": "Ndhlovu, Lahende",
    "Fed": "ZAM",
    "Sex": "M",
    "Title": "",
    "WTit": "",
    "OTit": "",
    "Rating": "2157",
    "Gms": "0",
    "K": "20",
    "RatingMonth": "AUG25",
    "B-day": "1969",
    "Flag": "i"
  },
  {
    "ID Number": "8713197",
    "Name": "Ngobola Frank",
    "Fed": "ZAM",
    "Sex": "M",
    "Title": "",
    "WTit": "",
    "OTit": "",
    "Rating": "1891",
    "Gms": "0",
    "K": "20",
    "RatingMonth": "AUG25",
    "B-day": "1989",
    "Flag": "i"
  },
  {
    "ID Number": "8701890",
    "Name": "Ngonga Bornface",
    "Fed": "ZAM",
    "Sex": "M",
    "Title": "",
    "WTit": "",
    "OTit": "",
    "Rating": "2100",
    "Gms": "0",
    "K": "20",
    "RatingMonth": "AUG25",
    "B-day": "1987",
    "Flag": "i"
  },
  {
    "ID Number": "8700532",
    "Name": "Nsakanya, Chanda",
    "Fed": "ZAM",
    "Sex": "M",
    "Title": "",
    "WTit": "LSI",
    "OTit": "",
    "Rating": "2011",
    "Gms": "0",
    "K": "20",
    "RatingMonth": "AUG25",
    "B-day": "1974",
    "Flag": ""
  },
  {
    "ID Number": "8700567",
    "Name": "Nyimbili, Dalington",
    "Fed": "ZAM",
    "Sex": "M",
    "Title": "CM",
    "WTit": "",
    "OTit": "",
    "Rating": "2012",
    "Gms": "0",
    "K": "20",
    "RatingMonth": "AUG25",
    "B-day": "1996",
    "Flag": "i"
  },
  {
    "ID Number": "8707545",
    "Name": "Omaling Oogu",
    "Fed": "ZAM",
    "Sex": "M",
    "Title": "",
    "WTit": "",
    "OTit": "",
    "Rating": "1926",
    "Gms": "0",
    "K": "20",
    "RatingMonth": "AUG25",
    "B-day": "1995",
    "Flag": "i"
  },
  {
    "ID Number": "8703531",
    "Name": "Patrick, Linda",
    "Fed": "ZAM",
    "Sex": "M",
    "Title": "",
    "WTit": "",
    "OTit": "",
    "Rating": "1732",
    "Gms": "0",
    "K": "20",
    "RatingMonth": "AUG25",
    "B-day": "2001",
    "Flag": "i"
  },
  {
    "ID Number": "8710457",
    "Name": "Pephias Sosala",
    "Fed": "ZAM",
    "Sex": "M",
    "Title": "",
    "WTit": "",
    "OTit": "",
    "Rating": "1797",
    "Gms": "0",
    "K": "20",
    "RatingMonth": "AUG25",
    "B-day": "1997",
    "Flag": "i"
  },
  {
    "ID Number": "8709777",
    "Name": "Pepulani Phiri",
    "Fed": "ZAM",
    "Sex": "M",
    "Title": "",
    "WTit": "",
    "OTit": "",
    "Rating": "1844",
    "Gms": "0",
    "K": "20",
    "RatingMonth": "AUG25",
    "B-day": "1998",
    "Flag": "i"
  },
  {
    "ID Number": "8710350",
    "Name": "Peter Chembe",
    "Fed": "ZAM",
    "Sex": "M",
    "Title": "",
    "WTit": "",
    "OTit": "",
    "Rating": "1976",
    "Gms": "0",
    "K": "20",
    "RatingMonth": "AUG25",
    "B-day": "1980",
    "Flag": "i"
  },
  {
    "ID Number": "8709378",
    "Name": "Phiri Gift",
    "Fed": "ZAM",
    "Sex": "M",
    "Title": "",
    "WTit": "",
    "OTit": "",
    "Rating": "1848",
    "Gms": "0",
    "K": "20",
    "RatingMonth": "AUG25",
    "B-day": "1984",
    "Flag": "i"
  },
  {
    "ID Number": "8704147",
    "Name": "Phiri, Godwin",
    "Fed": "ZAM",
    "Sex": "M",
    "Title": "CM",
    "WTit": "",
    "OTit": "",
    "Rating": "2225",
    "Gms": "0",
    "K": "20",
    "RatingMonth": "AUG25",
    "B-day": "1992",
    "Flag": "i"
  },
  {
    "ID Number": "8703620",
    "Name": "Phiri, Mwewa",
    "Fed": "ZAM",
    "Sex": "M",
    "Title": "",
    "WTit": "",
    "OTit": "",
    "Rating": "1696",
    "Gms": "0",
    "K": "20",
    "RatingMonth": "AUG25",
    "B-day": "1992",
    "Flag": "i"
  },
  {
    "ID Number": "8700443",
    "Name": "Phiri, Richmond",
    "Fed": "ZAM",
    "Sex": "M",
    "Title": "IM",
    "WTit": "",
    "OTit": "",
    "Rating": "2293",
    "Gms": "0",
    "K": "20",
    "RatingMonth": "AUG25",
    "B-day": "1988",
    "Flag": "i"
  },
  {
    "ID Number": "8705232",
    "Name": "Phiri, Steven",
    "Fed": "ZAM",
    "Sex": "M",
    "Title": "",
    "WTit": "",
    "OTit": "",
    "Rating": "1903",
    "Gms": "0",
    "K": "20",
    "RatingMonth": "AUG25",
    "B-day": "1986",
    "Flag": "i"
  },
  {
    "ID Number": "8710902",
    "Name": "Reuben Liambela",
    "Fed": "ZAM",
    "Sex": "M",
    "Title": "",
    "WTit": "NA",
    "OTit": "",
    "Rating": "1864",
    "Gms": "0",
    "K": "20",
    "RatingMonth": "AUG25",
    "B-day": "1991",
    "Flag": "i"
  },
  {
    "ID Number": "8701946",
    "Name": "Sakala, Andrew",
    "Fed": "ZAM",
    "Sex": "M",
    "Title": "",
    "WTit": "",
    "OTit": "",
    "Rating": "AIM",
    "Gms": "1893",
    "K": "0",
    "RatingMonth": "AUG25",
    "B-day": "1980",
    "Flag": "i"
  },
  {
    "ID Number": "8701954",
    "Name": "Sakala, Peter",
    "Fed": "ZAM",
    "Sex": "M",
    "Title": "",
    "WTit": "",
    "OTit": "",
    "Rating": "1995",
    "Gms": "0",
    "K": "20",
    "RatingMonth": "AUG25",
    "B-day": "1988",
    "Flag": "i"
  },
  {
    "ID Number": "8706336",
    "Name": "Shandele, Ginnethon",
    "Fed": "ZAM",
    "Sex": "M",
    "Title": "",
    "WTit": "",
    "OTit": "",
    "Rating": "1888",
    "Gms": "0",
    "K": "20",
    "RatingMonth": "AUG25",
    "B-day": "1987",
    "Flag": "i"
  },
  {
    "ID Number": "8707162",
    "Name": "Shane Kennedy",
    "Fed": "ZAM",
    "Sex": "M",
    "Title": "CM",
    "WTit": "",
    "OTit": "",
    "Rating": "1789",
    "Gms": "0",
    "K": "40",
    "RatingMonth": "AUG25",
    "B-day": "2008",
    "Flag": "i"
  },
  {
    "ID Number": "74601580",
    "Name": "Sharon, Rafael",
    "Fed": "ZAM",
    "Sex": "M",
    "Title": "",
    "WTit": "",
    "OTit": "",
    "Rating": "2182",
    "Gms": "9",
    "K": "40",
    "RatingMonth": "AUG25",
    "B-day": "2008",
    "Flag": ""
  },
  {
    "ID Number": "8702241",
    "Name": "Shula, Derrick",
    "Fed": "ZAM",
    "Sex": "M",
    "Title": "",
    "WTit": "",
    "OTit": "",
    "Rating": "1911",
    "Gms": "0",
    "K": "20",
    "RatingMonth": "AUG25",
    "B-day": "1977",
    "Flag": "i"
  },
  {
    "ID Number": "8707553",
    "Name": "Siakasimbo Aubrey",
    "Fed": "ZAM",
    "Sex": "M",
    "Title": "",
    "WTit": "",
    "OTit": "",
    "Rating": "2023",
    "Gms": "0",
    "K": "20",
    "RatingMonth": "AUG25",
    "B-day": "1994",
    "Flag": "i"
  },
  {
    "ID Number": "8703744",
    "Name": "Siamayuwa, Eric",
    "Fed": "ZAM",
    "Sex": "M",
    "Title": "",
    "WTit": "",
    "OTit": "",
    "Rating": "1918",
    "Gms": "0",
    "K": "20",
    "RatingMonth": "AUG25",
    "B-day": "1993",
    "Flag": "i"
  },
  {
    "ID Number": "8700389",
    "Name": "Simutowe, Musatwe",
    "Fed": "ZAM",
    "Sex": "M",
    "Title": "CM",
    "WTit": "",
    "OTit": "",
    "Rating": "2099",
    "Gms": "0",
    "K": "20",
    "RatingMonth": "AUG25",
    "B-day": "1979",
    "Flag": ""
  },
  {
    "ID Number": "8704473",
    "Name": "Siuluta , Arnold",
    "Fed": "ZAM",
    "Sex": "M",
    "Title": "",
    "WTit": "",
    "OTit": "",
    "Rating": "2014",
    "Gms": "0",
    "K": "20",
    "RatingMonth": "AUG25",
    "B-day": "0",
    "Flag": "i"
  },
  {
    "ID Number": "8704490",
    "Name": "Swatu, Tebby",
    "Fed": "ZAM",
    "Sex": "M",
    "Title": "",
    "WTit": "",
    "OTit": "",
    "Rating": "1992",
    "Gms": "0",
    "K": "20",
    "RatingMonth": "AUG25",
    "B-day": "0",
    "Flag": "i"
  },
  {
    "ID Number": "8700125",
    "Name": "Tembo, Epah",
    "Fed": "ZAM",
    "Sex": "F",
    "Title": "WIM",
    "WTit": "WIM",
    "OTit": "",
    "Rating": "1888",
    "Gms": "0",
    "K": "20",
    "RatingMonth": "AUG25",
    "B-day": "1993",
    "Flag": "wi"
  },
  {
    "ID Number": "8709670",
    "Name": "Tryson Phiri",
    "Fed": "ZAM",
    "Sex": "M",
    "Title": "",
    "WTit": "",
    "OTit": "",
    "Rating": "1562",
    "Gms": "0",
    "K": "20",
    "RatingMonth": "AUG25",
    "B-day": "2002",
    "Flag": "i"
  },
  {
    "ID Number": "8705089",
    "Name": "Zulu, Shadrick",
    "Fed": "ZAM",
    "Sex": "M",
    "Title": "",
    "WTit": "",
    "OTit": "",
    "Rating": "1950",
    "Gms": "0",
    "K": "20",
    "RatingMonth": "AUG25",
    "B-day": "1997",
    "Flag": "i"
  }
]