ID Number,Name,Fed,Sex,Title,WTit,OTit,Rating,Gms,K,RatingMonth,B-day,Flag
5817072,"Aadithya, Kumar",SGP,M,,,,1485,0,40,AUG25,2004,i
25108867,Aaradhya Suyog Bagul,SGP,M,,,,AFM,1857,0,AUG25,2013,
25197037,Aarush Agrawal,SGP,M,,,,1934,0,40,AUG25,2008,
5834392,"Aayan, Gupta",SGP,M,,,,AFM,1525,0,AUG25,2008,i
5834422,"Abhigyan, Jha",SGP,M,,,,AFM,1537,0,AUG25,2014,
5837863,"Abrol, Praneel",SGP,M,,,,1498,0,40,AUG25,2011,
5820642,"Adharsh, Venkatakrishnan",SGP,M,,,,1530,0,40,AUG25,2006,
5836433,"Adi, Satya Gupta",SGP,M,,,,1440,0,40,AUG25,2007,i
5820391,"Advait, Bagri",SGP,M,CM,,,2118,0,20,AUG25,2005,i
5829224,"Advika, Vinai",SGP,F,,,,1478,0,40,AUG25,2012,w
5819075,"Agarwal, Madhav",SGP,M,,,,AIM,1710,5,AUG25,2006,
5826284,"Akshat, Bhargava",SGP,M,,,,1413,0,40,AUG25,2005,i
5834449,"Aneesh, Asoka",SGP,M,,,,1517,0,40,AUG25,2009,
5842298,"Ang, Jeremy",SGP,M,,,,AFM,1503,0,AUG25,2014,
5828392,"Ang, Jing Xuan Kylie",SGP,F,,,,1422,0,40,AUG25,2010,wi
5837650,"Ang, Jun Yi Gabriel",SGP,M,,,,1521,0,40,AUG25,2013,
5823846,"Ang, Tze Hai Justin",SGP,M,,,,1505,0,20,AUG25,2002,i
5804949,"Ang, Wei Jun",SGP,M,,,,1560,0,40,AUG25,1996,i
5822076,"Anya, Gupta",SGP,F,,,,ACM,1501,0,AUG25,2004,wi
5800900,"Aplin, Christer Jon",SGP,M,,,,1837,0,20,AUG25,1993,i
5825865,"Aravind, Gopinath Nair",SGP,M,,,,1598,0,40,AUG25,2000,i
5835844,"Arin, Chaudhary",SGP,M,,,,1461,0,40,AUG25,2014,
33347484,Arjun Anand,SGP,M,,,,1417,0,40,AUG25,2013,
5804043,"Arjun, Vairavan",SGP,M,,,,1830,0,20,AUG25,1998,i
5857074,"Arul Thevar, Kethes",SGP,M,,,,1601,0,40,AUG25,2010,
5831423,"Ary, Youssef Leet",SGP,M,,,,1544,0,40,AUG25,2008,i
5817099,"Arya, Saranathan",SGP,M,,,,1569,0,40,AUG25,0,
5826276,"Aryan, Abraham George",SGP,M,,,,1658,0,40,AUG25,2003,i
33387230,Ashwath Kaushik,SGP,M,CM,,,2264,9,40,AUG25,2015,
5812666,"Ashwin, Hariharan",SGP,M,,,,1989,0,20,AUG25,2005,i
5846366,"Atapattu, Siyath",SGP,M,,,,AFM,1476,0,AUG25,2011,
5818052,"AuYeung, Chi Hang Lucas",SGP,M,,,,1558,0,40,AUG25,2006,i
5818044,"AuYeung, Chi Hung Jonathan",SGP,M,,,,1899,0,20,AUG25,2004,
5839980,"Avaan, Barack Reza Choudhary",SGP,M,,,,1530,0,40,AUG25,2008,i
5822912,"Aw, Kai Le Andrew",SGP,M,,,,1690,0,20,AUG25,2005,
5819822,"Bao, Yiqin",SGP,M,,,,1807,0,40,AUG25,1998,i
5825385,"Benedict, Silveries Mathias Samuel",SGP,M,,FA,,1533,0,20,AUG25,2004,
5824060,"Bhandari, Neel",SGP,M,,,,1649,0,20,AUG25,1974,i
129112509,"bhate, prajwal",SGP,M,,,,ACM,1421,0,AUG25,2011,
5812674,"Bian, Gede",SGP,M,,,,1471,0,40,AUG25,2006,i
5822050,"Bian, Sisheng",SGP,M,,,,1726,0,40,AUG25,1999,i
5802970,"Bongalon, Ray Antonio Vibar",SGP,M,,,,1867,0,40,AUG25,1976,i
6008623,"Bonnet, Gabriel Misa Jean",SGP,M,,,,2025,9,40,AUG25,2011,
5823331,"Borkar, Kush",SGP,M,,,,1470,0,20,AUG25,2005,i
5823340,"Borkar, Laboni",SGP,F,,,,1422,0,40,AUG25,2005,wi
35849746,"Bu, Bing Yuan Elthan",SGP,M,,,,1509,0,40,AUG25,2012,
5823021,"Burman, Ray Pratik",SGP,M,,,,1780,0,40,AUG25,1977,i
5821770,"Burman, Ray Pritish",SGP,M,,,,AGM,1825,9,AUG25,2008,
5826250,"Caganong, Stanley Cabantoc",SGP,M,,,,1693,0,40,AUG25,1974,i
5828082,"Cai, Kun You",SGP,M,,,,AIM,1450,0,AUG25,1996,i
5824974,"Cai, Minghui",SGP,F,,,,1527,0,40,AUG25,2001,wi
5824982,"Cai, Mingzhe",SGP,M,,,,1875,0,20,AUG25,2006,
5834465,"Cao, Bangling",SGP,F,,,,1479,0,40,AUG25,2014,w
5840600,"Cao, Bangting",SGP,M,,,,1447,0,40,AUG25,2016,
5868785,Chan Kok Wah,SGP,M,,,,1500,0,40,AUG25,1956,
5817706,"Chan, Amanda",SGP,F,,,,1422,0,40,AUG25,2004,wi
5817900,"Chan, Boon Siang Philip",SGP,M,,,,1517,5,40,AUG25,1955,
5802075,"Chan, Cheng Hoong Joel",SGP,M,,,,1941,0,20,AUG25,1996,i
5838185,"Chan, Daniel Yun Jie",SGP,M,,,,1719,0,40,AUG25,2009,
5819083,"Chan, Isaac",SGP,M,,,,1551,0,40,AUG25,2006,i
5806542,"Chan, Jia Jie Alexander",SGP,M,,,,1894,0,20,AUG25,2003,i
5808316,"Chan, Jin Kai",SGP,M,,,,1758,0,40,AUG25,2002,i
5811430,"Chan, Jin Zhen",SGP,M,,,,1669,0,40,AUG25,2007,i
5833531,"Chan, Jing Fong Joash",SGP,M,,,,1911,0,40,AUG25,2011,
5800315,"Chan, Lai Fung",SGP,F,WIM,WIM,,2005,0,20,AUG25,1963,wi
5800560,"Chan, Mark",SGP,M,FM,NI,,2179,0,20,AUG25,1978,i
5801575,"Chan, Peng Khoon Gerald",SGP,M,,,,1992,0,20,AUG25,1990,i
5800129,"Chan, Peng Kong",SGP,M,IM,,,2084,8,10,AUG25,1956,
5829364,"Chan, Renjie Jonathan",SGP,M,,,,1630,0,20,AUG25,2004,
5805783,"Chan, Wei Jin Thomas",SGP,M,,,,1688,0,40,AUG25,2002,i
5807948,"Chan, Wei Kiat Nicholas",SGP,M,,,,1551,0,40,AUG25,2003,i
5802237,"Chan, Wei Qi Sarah",SGP,F,,,,1797,0,20,AUG25,1991,wi
5805791,"Chan, Wei Shyan Timothy",SGP,M,,,,1564,0,40,AUG25,2006,i
5802032,"Chan, Wei Xuan Timothy",SGP,M,FM,,,2393,0,20,AUG25,1993,i
5801737,"Chan, Wei Yi Victoria",SGP,F,WFM,WFM,,1939,0,20,AUG25,1992,wi
5819091,"Chan, Wen Hui Ryan",SGP,M,,NA,,1675,7,20,AUG25,2006,
5800854,"Chan, Weng Chee",SGP,M,,,,2198,0,20,AUG25,1988,i
5830028,"Chan, Yao Hui Alden Nathanael",SGP,M,,,,AFM,1504,0,AUG25,2011,
5801265,"Chan, Yi Jun Timothy",SGP,M,,,,1779,0,20,AUG25,1990,i
5833620,"Chan, Yi Yong Elliott",SGP,M,,,,1468,0,40,AUG25,2011,i
5805341,"Chan, Yung Kang Jerome",SGP,M,,,,1852,0,20,AUG25,2001,i
5801591,"Chander, Daniel",SGP,M,,,,2034,0,20,AUG25,1993,i
5804027,"Chang, Cheng Hwee",SGP,M,,,,1648,0,20,AUG25,1968,i
5828228,"Chang, Hao Yu",SGP,M,,,,1461,0,40,AUG25,2009,i
5828406,"Chang, Hong Yu Henrison",SGP,M,,,,1497,0,40,AUG25,2008,i
5800838,"Cheang Eu Howe, Gabriel",SGP,M,,,,1978,0,20,AUG25,1989,i
5834490,"Chen, Hanrong",SGP,M,,,,1542,0,40,AUG25,1987,i
5801648,"Chen, Kai Jun",SGP,M,,,,1840,0,40,AUG25,1994,
5812470,"Chen, Meng Boon Marcus",SGP,M,,,,2190,0,20,AUG25,2004,
5826780,"Chen, Meng Ren Morgan",SGP,M,,,,ACM,1930,0,AUG25,2009,
5868254,"Chen, Runhan",SGP,M,,,,1458,0,40,AUG25,2010,
5804051,"Chen, Yi Jing Alvin",SGP,M,,NI,,1684,0,20,AUG25,1975,
5832071,"Chen, Yifei",SGP,M,,,,1802,0,40,AUG25,2011,
5824559,"Chen, Yufei",SGP,F,,,,1523,0,40,AUG25,2010,wi
5828961,"Chen, Ziyi Claire",SGP,F,,,,1602,7,40,AUG25,2011,w
39933598,"Cheng, Aiden",SGP,M,,,,1689,14,40,AUG25,2012,
5825423,"Cheng, Chee Heng Jayden",SGP,M,,NA,,ACM,1703,0,AUG25,2009,
5831393,"Cheng, Jarrell",SGP,M,,,,1604,0,40,AUG25,2012,
5802873,"Cheng, Jie Ling Zerlene",SGP,F,,,,1840,0,20,AUG25,1995,wi
5855047,"Cheng, Lin Yi Nathan",SGP,M,,,,1532,0,40,AUG25,2016,
5824931,"Cheng, Rong En Nathaniel",SGP,M,,,,1481,0,40,AUG25,2008,i
5827680,"Cheng, Wei En Samuel",SGP,M,,,,1465,0,40,AUG25,2005,i
5832462,"Cheo, Kai En Joshua",SGP,M,,,,1493,0,40,AUG25,2011,
5812380,"Cheok, Oliver",SGP,M,,,,1913,0,40,AUG25,1997,
5861462,"Cheong, Jia Le Jeryl",SGP,M,,,,1423,0,40,AUG25,2008,
5868297,"Cheong, Lip Ghee",SGP,M,,,,1427,10,40,AUG25,1975,
5817820,"Cheong, Sue Lyn",SGP,F,,,,1806,0,20,AUG25,2004,wi
5804515,"Cheong, Zhan Hao John",SGP,M,,,,1741,0,40,AUG25,1998,i
5827930,"Cher, Xuanrui Dayer",SGP,M,,,,1603,0,40,AUG25,2005,i
5828295,"Chern, Ze Hearn",SGP,M,,,,1747,0,40,AUG25,2009,
5803276,"Chew, Cedric",SGP,M,,,,1484,0,20,AUG25,1969,
5873665,"Chew, Lip Teck",SGP,M,,,,1712,0,40,AUG25,1974,
5800099,"Chia, Alphonsus",SGP,M,FM,,,2256,0,20,AUG25,1959,i
5800463,"Chia, Cheng Yi Aloysius",SGP,M,,,,1859,0,20,AUG25,1997,i
5831270,"Chia, Choy Ann",SGP,F,,,,1505,0,40,AUG25,2009,w
5824664,"Chia, Min Zachary",SGP,M,,,,1494,0,40,AUG25,2009,i
5845351,"Chia, Tai Wen Lucas",SGP,M,,,,1528,0,40,AUG25,2010,
5830923,"Chia, Tiong Lue Jacob",SGP,M,,,,1440,0,40,AUG25,2009,i
5821304,"Chia, Yu Zhe Ashton",SGP,M,FM,,,2134,0,40,AUG25,2008,
5831350,"Chia, Zhi Kai Aaron",SGP,M,,,,1742,0,40,AUG25,2008,
5837464,"Chiang, Cheng En Christopher",SGP,M,,,,1638,0,40,AUG25,2009,
5813166,"Chin, Chee Shun",SGP,M,,NA,,1523,0,40,AUG25,1973,
30971470,"Chin, Colin Hou Yin",SGP,M,,,,1655,0,40,AUG25,2013,
5802253,"Chin, Matthew Peter",SGP,M,,,,1975,0,20,AUG25,1996,i
5817692,"Chin, Yuen Ling Erica",SGP,F,WCM,WCM,,1640,0,20,AUG25,2005,wi
5801338,"Chiu, Howard",SGP,M,CM,,,2076,0,20,AUG25,1991,i
5802881,"Chng, Jiun Jing Pearle",SGP,F,,,,1836,0,20,AUG25,1996,wi
5821657,"Choksi, Khushi",SGP,F,,,,1725,0,20,AUG25,2005,wi
5800285,"Chong, David",SGP,M,,,,2215,0,40,AUG25,1959,i
5806798,"Chong, Dominic Augustine",SGP,M,,,,1746,0,20,AUG25,2001,i
5811651,"Chong, Magdalene Clarissa",SGP,F,,,,1675,0,20,AUG25,2003,wi
5837790,"Chong, Rui Ying Isabella",SGP,F,,,,AFM,1410,0,AUG25,2015,w
5836875,"Chong, Yan Ci",SGP,F,,,,1489,0,40,AUG25,2015,w
5833612,"Chong, Yong Qian",SGP,F,,,,1613,0,40,AUG25,2012,w
5877083,"Choo, Tien Ler Dylan",SGP,M,,,,1653,0,40,AUG25,2008,
5803292,"Choo, Tong Neo",SGP,M,,,,AIM,1821,9,AUG25,0,
5804159,"Choo, Zhenghao Daniel",SGP,M,,,,1598,0,40,AUG25,2003,i
5800625,"Choo, Zhong Sheng Amos",SGP,M,,,,1925,0,40,AUG25,1993,i
5802270,"Choo, Zhong Zhi Gabriel",SGP,M,,,,1796,0,40,AUG25,1991,i
5800510,"Choong, Gregory",SGP,M,,,,2168,0,20,AUG25,1975,i
5806410,"Choong, Liong-On Mark",SGP,M,CM,,,1882,0,20,AUG25,1947,
5818745,"Chow, Guo Quan Jovan",SGP,M,,,,1555,0,20,AUG25,2005,i
5837588,"Chow, Jia Li Declan",SGP,M,,,,1463,0,40,AUG25,2013,
5817994,"Chow, Kit Meng Jordan Max",SGP,M,,,,1955,0,20,AUG25,2000,i
5701724,"Chow, Mon Ben",SGP,M,,,,2053,0,20,AUG25,1983,
5817641,"Chow, Tze Yang Isaac",SGP,M,,,,1658,0,20,AUG25,2004,i
5811279,"Choy , Jia Ning Gillian",SGP,F,,,,1593,0,40,AUG25,2003,wi
5835569,"Christopher, George Oscar",SGP,M,,,,AFM,1493,0,AUG25,2015,
5801354,"Chu, Mei Yin",SGP,F,,,,1732,0,40,AUG25,1992,wi
5802741,"Chu, Shao Min",SGP,M,,,,1920,0,40,AUG25,1995,i
6013180,"Chu, Wa Ching David",SGP,M,,,,1521,11,40,AUG25,2015,
5840465,"Chua, Cayenne Paige",SGP,F,,,,1462,0,40,AUG25,2013,w
5801320,"Chua, Han Wei",SGP,M,,,,2147,0,40,AUG25,1982,i
5822890,"Chua, Hao Ren",SGP,M,,,,1682,0,20,AUG25,2004,i
5802636,"Chua, Hsieh Wen",SGP,M,,,,1887,0,40,AUG25,1991,i
5868386,"Chua, Jaden Sheng Jie",SGP,M,,,,1447,0,40,AUG25,2008,
5834791,"Chua, Jia En Cherie",SGP,F,,,,1604,0,40,AUG25,2012,w
5806461,"Chua, Jing Yuan Cyril",SGP,M,,,,1705,0,20,AUG25,1988,
5815150,"Chua, Jun Xi Benedict",SGP,M,,,,1534,0,40,AUG25,2002,i
5806810,"Chua, Keven Yong Jun",SGP,M,,,,1711,0,40,AUG25,2002,i
5831237,"Chua, Peng-Qui Terrence",SGP,M,,,,1520,0,40,AUG25,1975,
5827922,"Chua, Qi Ze Jayden",SGP,M,,,,ACM,1637,0,AUG25,2008,
5812143,"Chua, Ren Kai Edward",SGP,M,,,,1499,0,40,AUG25,2006,i
5832438,"Chua, Tee Khiam Isaac",SGP,M,,,,1410,0,40,AUG25,2009,i
5825164,"Chua, Tze Jay Azel",SGP,M,CM,,,2192,0,20,AUG25,2003,i
5823048,"Chua, Wee Chong",SGP,M,,,,1604,0,20,AUG25,2006,i
5801311,"Chua, Xavier",SGP,M,,,,1627,0,20,AUG25,1952,i
5828899,"Chua, Xavier",SGP,M,,,,1417,0,40,AUG25,2007,i
5801656,"Chua, Xing Jian Graham",SGP,M,FM,,,2189,0,20,AUG25,1995,i
5805856,"Chua, Xue Kai Alfred",SGP,M,,,,AIM,1806,0,AUG25,2003,i
5821193,"Chua, Yaw Teng Leonidas",SGP,M,,,,1562,0,40,AUG25,2008,i
5808391,"Chua, Yong Da Irwin",SGP,M,,,,1596,0,40,AUG25,2004,i
5841062,"Chua, Ze En Nathan",SGP,M,,,,1459,0,40,AUG25,2003,i
5835887,"Chua, Zhao Cheng Kaden",SGP,M,,,,1561,0,40,AUG25,2005,i
5801150,"Chua, Zheng Yuan Terry",SGP,M,FM,,,2284,0,20,AUG25,1993,i
5815169,"Chua, Zhi Xiang Elson",SGP,M,,,,1566,0,40,AUG25,2002,i
5801800,"Chung, Juen Sen",SGP,M,,,,1969,0,20,AUG25,1993,i
5825598,"Chung, Ming Kang Darius",SGP,M,,,,1461,0,40,AUG25,2008,i
5825601,"Chung, Ming Kin Daniel",SGP,M,,,,1467,0,20,AUG25,2004,i
5800331,"Conan, Wong",SGP,M,,,,1762,9,20,AUG25,0,
5835593,"Cooper-Bell, Ben Oliver",SGP,M,,,,1486,0,40,AUG25,2006,i
5818753,"Cui, Tong Tony",SGP,M,,,,1501,0,40,AUG25,2005,i
5819121,"Dai, Zhuoyang",SGP,M,,,,1656,0,20,AUG25,2006,
5834732,"Dang, Tan Khoi",SGP,M,,,,1707,0,40,AUG25,2013,i
5835542,"Daniel, Thomas John",SGP,M,,,,1467,0,40,AUG25,2013,
5820650,"Darion, Wiradjaja",SGP,M,,,,1598,0,40,AUG25,2005,i
5836778,"Daryl, Emerald Raj Sandrasegaran",SGP,M,,,,1434,0,40,AUG25,1999,i
5811562,"Desai, Aarav Sameer",SGP,M,,,,1506,0,40,AUG25,2005,i
5829453,"Dhanesh, Venkata Narayanaswamy",SGP,M,,NA,,AFM,1871,15,AUG25,2007,
5821800,"Dharanipragada, Mahima",SGP,F,,,,1471,0,40,AUG25,2006,wi
5836190,"Dhawan, Rudelle",SGP,F,,,,1549,0,40,AUG25,2008,w
5821029,"Dhruv, Raj Chitrada",SGP,M,,,,1489,0,40,AUG25,2008,i
5827019,"Ding, Simeng",SGP,F,,,,1482,0,40,AUG25,2009,wi
5832292,"Ding, Siyue",SGP,F,,,,1443,0,40,AUG25,2012,wi
4164121,"Dolya, Alexey",SGP,M,,,,2237,0,20,AUG25,1983,i
5804299,"Doshi, Devansh Sanjay",SGP,M,,,,1756,0,20,AUG25,2001,i
129105219,"Du, Jingtian Daris",SGP,M,,,,1577,0,40,AUG25,2014,
5863198,"Dupin, Simon Jeremy Eric",SGP,M,,,,1487,0,40,AUG25,1985,
5801826,"Eng, Andre Jerome",SGP,M,,,,2237,0,20,AUG25,1995,i
5833388,"Eng, Isaac",SGP,M,,,,1449,0,40,AUG25,2012,i
5800641,"Er, Si Hui Vivian",SGP,F,,,,1822,0,20,AUG25,1994,wi
5830982,"Er, Wen Chen",SGP,M,,,,1470,0,40,AUG25,2009,i
5803659,"Fam, Jia En Victoria",SGP,F,,NI,,1640,0,40,AUG25,1998,wi
5819660,"Fang, Kun",SGP,F,WCM,WCM,,1858,26,20,AUG25,2005,w
5819148,"Fang, Zheng",SGP,M,,,,1450,0,40,AUG25,2008,i
5833477,"Fong, Kuan Lei",SGP,M,,,,1523,0,40,AUG25,2007,i
5832608,"Fong, Yu Ze Chayes",SGP,M,,,,1505,0,40,AUG25,2012,
5804060,"Foo, Andrea",SGP,F,,,,1799,0,40,AUG25,1998,wi
5857147,"Foo, En Ze David",SGP,M,,,,1415,0,40,AUG25,2016,
5800587,"Foo, Hsiang Ming",SGP,M,,,,2194,0,20,AUG25,1977,i
5813905,"Foo, Ki Vin",SGP,M,,,,1734,0,40,AUG25,1995,i
5800668,"Foo, Weng Chew",SGP,M,,,,1401,0,20,AUG25,1953,
5801664,"Foo, Zhi Rong Benjamin",SGP,M,CM,,,2187,0,20,AUG25,1994,
5804531,"Foo, Zhi Yu Shawn",SGP,M,,,,1791,0,40,AUG25,2000,i
5831180,"Foong, David",SGP,M,,,,1730,0,40,AUG25,2012,i
5862523,"Fu, Enxiong Jonathan",SGP,M,,,,1674,0,40,AUG25,2011,i
5835410,"Galang, Alvin Marallag",SGP,M,,,,AFM,1420,0,AUG25,1978,
5806828,"Gan, Kah Kheng",SGP,M,,,,1606,0,40,AUG25,2002,i
5812739,"Gan, Shao Hng Gabriel",SGP,M,,,,1495,0,40,AUG25,2006,i
5826659,"Gan, Wei En Justin",SGP,M,,,,1627,0,40,AUG25,2010,
2636565,"Gao, Zhenxi Jerry",SGP,M,,,,1699,0,40,AUG25,2007,i
88166333,Gautham Bharadwaj,SGP,M,,,,1582,0,40,AUG25,2013,
5845122,"Gayathri Raghavendran, Pranav",SGP,M,,,,1509,0,40,AUG25,2009,i
5833884,"Gnanasekar, Jai Adithya",SGP,M,,,,1820,18,40,AUG25,2011,
5800757,"Goh, Benjamin",SGP,M,,,,1983,0,20,AUG25,1967,i
5800072,"Goh, Cheng Hong",SGP,M,FM,,,2274,0,20,AUG25,1956,i
5835259,"Goh, Ching Hayk",SGP,M,,,,1699,0,40,AUG25,2013,
5804086,"Goh, Choon Hian Leonard",SGP,M,,,,1880,0,40,AUG25,1966,i
5807204,"Goh, Choon Keng Philip",SGP,M,,,,1962,0,20,AUG25,1990,
5811694,"Goh, Ethan",SGP,M,,,,1907,0,20,AUG25,2002,i
5833604,"Goh, Jialing Kristen",SGP,F,,,,1468,0,40,AUG25,2008,wi
5804540,"Goh, Jinghan Cameron",SGP,M,,,,2155,0,20,AUG25,2001,
5852986,"Goh, Joseph",SGP,M,,,,1485,0,40,AUG25,2010,
5818060,"Goh, Julien",SGP,M,,,,1494,0,20,AUG25,2006,i
5800862,"Goh, Koon Jong Jason",SGP,M,IM,,,2408,0,10,AUG25,1989,i
5832233,"Goh, Pei Sern",SGP,M,,NA,,1417,0,40,AUG25,2005,i
5824680,"Goh, Ren Jet Caleb",SGP,M,,,,1556,0,20,AUG25,2006,i
5812488,"Goh, Sean Christian",SGP,M,,,,2173,0,20,AUG25,2004,i
5800706,"Goh, Wei Ming Kevin",SGP,M,GM,,,2412,0,10,AUG25,1983,
5803420,"Goh, Weng Keong Isaiah",SGP,M,,,,1774,0,40,AUG25,1997,i
5803870,"Goh, Yi Jie Jonathan",SGP,M,,NA,,1887,0,20,AUG25,2000,i
5819156,"Goh, Zi Han",SGP,M,FM,,,2266,9,20,AUG25,2009,
5818354,"Goi, Zi Jie Nicholas",SGP,M,,,,1593,0,40,AUG25,2004,i
8602425,"Gong, Qianyun",SGP,F,WGM,WGM,,2228,0,20,AUG25,1985,w
5084164,"Govindan, Rohini",SGP,F,,"NI,FA",,1749,0,20,AUG25,1999,wi
5821142,"Goy, Sze Leng Eliza",SGP,F,,,,1491,0,20,AUG25,2006,wi
5817439,"Goy, Tang Jung Brennen",SGP,M,,,,1538,0,20,AUG25,2004,i
5831636,"Goy, Tang Siang Andrius",SGP,M,,,,1479,0,40,AUG25,2012,
5855357,"Gozali, Isaac",SGP,M,,,,1691,0,40,AUG25,2008,
5863864,"Gu, Yimo",SGP,M,,,,1463,0,40,AUG25,2015,
5854415,"Guan, Rui",SGP,M,,,,1657,0,40,AUG25,2008,
5822785,"Hall, Michael Luis",SGP,M,,,,1455,0,40,AUG25,2007,i
5822777,"Hall, Zev Gabriel",SGP,M,,,,1484,0,40,AUG25,2007,i
5866839,"Han, Lam Hin Victor",SGP,M,,,,1479,0,40,AUG25,1974,
5806739,"Han, Tong Joon Mitchell",SGP,M,,,,1788,0,40,AUG25,1998,i
5846340,"Han, Zhi Quan Luke",SGP,M,,,,1455,0,40,AUG25,2015,
25656430,Haralalka Devina,SGP,F,,,,1628,0,40,AUG25,2010,wi
45051534,Haralalka Divij,SGP,M,,,,1776,0,40,AUG25,2007,i
5829437,"Haresh, Venkata Narayanaswamy",SGP,M,,,,ACM,1989,18,AUG25,2012,
5824885,"Hari, Advay",SGP,M,,,,1528,0,40,AUG25,2010,i
6007627,"Hari, Anaisha",SGP,F,,,,1603,0,40,AUG25,2013,wi
5818613,"Hariharan, Vishnuvardan",SGP,M,,,,1461,0,40,AUG25,2000,i
5817765,"Haw, Zi Xuan",SGP,F,,,,1696,0,20,AUG25,2006,wi
5831229,"He, Ying",SGP,M,,,,1520,0,40,AUG25,1974,i
5824567,"He, Yuxiang Raymond",SGP,M,,,,1431,0,40,AUG25,2005,i
5819164,"Hee, Wei Jie",SGP,M,,,,1541,0,20,AUG25,2006,i
5808502,"Hee, Wei Yang",SGP,M,,,,1821,0,20,AUG25,2002,i
5826110,"Heng, Cho Fai",SGP,M,,,,1535,0,40,AUG25,2008,i
5826101,"Heng, Cho Yaw",SGP,M,,,,1779,0,20,AUG25,2006,i
5800161,"Heng, Derrick",SGP,M,,,,2200,0,20,AUG25,1966,i
5820758,"Heng, Du Jie Nigel",SGP,M,,,,1590,0,20,AUG25,2005,i
5830095,"Heng, Jun Herng Kyan",SGP,M,,,,1711,5,40,AUG25,2012,
5800366,"Heng, Jun Kai",SGP,M,,,,1867,0,20,AUG25,1992,i
5830117,"Heng, Jun Kai Ryan",SGP,M,,,,1434,0,40,AUG25,2010,
5824443,"Heng, Jung Yang Terris",SGP,M,,,,1540,0,40,AUG25,2003,
5855616,"Heng, Zeng Rui Ray",SGP,M,,,,1558,0,40,AUG25,2012,
5805880,"Heng, Zheng Kai",SGP,M,,,,1941,0,20,AUG25,2002,i
5822700,"Hew, Khai Hsien Jeremy",SGP,M,,,,1458,0,40,AUG25,2005,i
5804566,"Hng, Mei-En Emmanuelle",SGP,F,WFM,WFM,,2132,7,20,AUG25,2001,w
5806585,"Hng, Mei-Xian Eunice",SGP,F,WFM,WFM,,2052,8,20,AUG25,2003,w
5826390,"Ho, Caleb",SGP,M,,,,1443,0,40,AUG25,2005,i
5802423,"Ho, En Huei Danielle",SGP,F,WFM,WFM,,1984,0,20,AUG25,1995,wi
5801427,"Ho, En Tian Mark",SGP,M,,,,1861,0,20,AUG25,1993,i
5802750,"Ho, En Ying Michelle",SGP,F,,,,1731,0,20,AUG25,1998,wi
5860385,"Ho, Hao Wei Jayden",SGP,M,,,,1586,0,40,AUG25,2012,
5801613,"Ho, Hsiming Shawn",SGP,M,,,,1995,0,40,AUG25,1978,i
5819172,"Ho, Khai Sheng Samuel",SGP,M,,,,1701,0,40,AUG25,2007,i
5827671,"Ho, Ming En Yan",SGP,M,,,,1583,0,20,AUG25,2006,
5824516,"Ho, Ray Ee",SGP,M,,,,1567,0,40,AUG25,2008,
5813379,"Ho, Ruben",SGP,M,,,,1594,0,20,AUG25,2003,i
5805414,"Ho, Rui Hwa Justin",SGP,M,,,,1552,0,40,AUG25,2000,i
5834228,"Ho, Rui Jie Jonathan",SGP,M,,,,1547,0,40,AUG25,2013,
5819679,"Ho, Xin Yu",SGP,F,,,,1426,0,40,AUG25,2005,wi
5812763,"Ho, Xinglun Royce",SGP,M,,,,2057,0,20,AUG25,2006,i
5812445,"Ho, Yi Amadeus",SGP,M,,,,1723,0,20,AUG25,2003,i
5819199,"Ho, Yi En Josiah",SGP,M,,,,1484,0,40,AUG25,2007,i
5824630,"Ho, Yi-En Ian",SGP,M,,,,1755,0,40,AUG25,2007,
5825750,"Ho, Yifeng Ian",SGP,M,,,,1588,0,40,AUG25,2005,i
5826349,"Ho, Yoong Tze Clarence",SGP,M,,,,1881,0,20,AUG25,2005,i
5825300,"Ho, Yuxi Jasper",SGP,M,,,,1435,0,40,AUG25,2008,i
5818761,"Ho, Zhong En Joshua",SGP,M,,,,1453,0,40,AUG25,2005,i
5802598,"Hoe, Chew Ming Thomas",SGP,M,,,,1736,0,20,AUG25,1962,
5818095,"Hoo, Jun Ming",SGP,M,,,,1545,0,40,AUG25,2004,i
5837944,"Hoo, Sheng Zhong Sheldon",SGP,M,,,,1481,0,40,AUG25,2014,
5800080,"Hsu, Li Yang",SGP,M,IM,,,2427,0,10,AUG25,1972,i
5846170,"Huang, Junren",SGP,M,,,,1552,7,40,AUG25,2015,
5841178,"Huang, Xinyun",SGP,F,,,,1439,0,40,AUG25,2012,w
5807360,"Huang, Zi Chao Jonah",SGP,M,,,,1880,0,40,AUG25,1997,i
5801036,"Hui, Sau Mun Dawn",SGP,F,,,,1968,0,20,AUG25,1988,wi
5818109,"Hui, Zhou Rong Isaiah",SGP,M,,,,1595,0,40,AUG25,2005,i
5856582,"Ian, Chia",SGP,M,,,,1639,0,40,AUG25,2007,
5811732,"Ihsan, Bin Juraiman",SGP,M,,,,1666,0,40,AUG25,2003,i
531071368,Ishaan Mahajan,SGP,M,,,,1441,0,40,AUG25,2009,
5802105,"Iskandar, Bin Abdullah",SGP,M,,,,1972,0,20,AUG25,1996,i
5817650,"Jagadeesh, Balakrishnan",SGP,M,,FI,,AIM,1810,0,AUG25,1977,i
5822416,"Jatin, Suresh",SGP,M,,,,1427,0,20,AUG25,2006,i
5807280,"Jayakumar, Shashi",SGP,M,,,,1908,0,40,AUG25,1973,i
5812780,"Jiang, Youhan",SGP,M,,,,1759,0,20,AUG25,2005,i
5828015,"Jiang, Zhiyuan",SGP,M,,,,1410,0,40,AUG25,2009,i
5869129,"Jin, Shaochen",SGP,M,,,,1491,0,40,AUG25,1988,
5855535,"Jin, Yi",SGP,M,,,,1421,8,40,AUG25,2017,
5807379,"John, George Varughese",SGP,M,,,,1582,0,40,AUG25,1997,i
5835658,"Josh, Lukimin",SGP,M,,,,ACM,1407,0,AUG25,2003,i
5842760,"Jovellano, Alwyn Johann Hernandez",SGP,M,,,,1405,0,40,AUG25,2013,
5815240,"Kamban, Elangovan",SGP,M,,,,1554,0,40,AUG25,2002,i
5815819,"Kan, Weng Yean",SGP,M,,,,1672,0,40,AUG25,2003,i
5854903,"Kan, Yu Hong",SGP,M,,,,1506,0,40,AUG25,2010,i
72900180,"Kapoor, Satvik",SGP,M,,,,AGM,2027,9,AUG25,2008,
5826888,"Kapoor, Shomita",SGP,F,,,,AFM,1429,0,AUG25,1979,wi
72900369,"Kapoor, Tanush",SGP,M,,,,1804,0,40,AUG25,2011,
5829852,"Karl, Sutanto",SGP,M,,,,1672,6,40,AUG25,2011,
5820227,"Kavuturu, V V Bala Chandar",SGP,M,,,,1467,0,40,AUG25,2005,i
5828937,"Ke, Yanqing",SGP,F,,,,ACM,1440,0,AUG25,2010,wi
5817854,"Kee, Tien Yew Rodney",SGP,M,,,,1655,0,40,AUG25,1969,i
5800536,"Kek, Wei Chuan",SGP,M,,,,2071,0,20,AUG25,1976,i
5838266,"Kelmendi, Paolo",SGP,M,,,,1479,0,40,AUG25,2013,
14200473,"Khegay, Anjela",SGP,F,WIM,WIM,,2039,0,20,AUG25,1976,w
5855780,"Kher, Kuang Hong",SGP,M,,,,1437,0,40,AUG25,2010,
5833825,"Kho, Wei-En",SGP,F,,,,1443,0,40,AUG25,2011,w
5861438,"Khoo, Ender",SGP,M,,,,1439,0,40,AUG25,2010,i
5800552,"Khoo, Geak Chong",SGP,M,,,,1970,0,40,AUG25,1961,i
5807190,"Khor, Eng Yeow",SGP,M,,FA,,AFM,1470,0,AUG25,2001,i
5821827,"Khor, Qiao Wen Nicole",SGP,F,,NA,,1544,0,20,AUG25,2006,wi
5855730,"Khor, Tzer Kai",SGP,M,,,,1512,0,40,AUG25,2011,i
5801281,"Khor, Yu Keat Andrew",SGP,M,,,,2001,0,20,AUG25,1985,i
5823064,"Khua, Yew Heng Brandon",SGP,M,,,,1436,0,40,AUG25,2007,i
5802059,"Ko, Wei Liang William",SGP,M,,,,1850,0,20,AUG25,1985,i
5831830,"Ko, Xin Tze Daryen",SGP,M,,,,1453,0,40,AUG25,2009,i
5838207,"Ko, Yi Xuan",SGP,F,,,,1469,0,40,AUG25,2012,w
5803497,"Koh, Abigail",SGP,F,,,,1752,0,40,AUG25,1995,wi
5838037,"Koh, En Jie Jonathan",SGP,M,,,,1670,0,40,AUG25,2015,
5818788,"Koh, Jia Hng",SGP,M,,,,1488,0,40,AUG25,2005,i
5830451,"Koh, Jin Keat Jed",SGP,M,,,,1668,0,40,AUG25,2001,i
5801672,"Koh, Jonathan",SGP,M,,,,2150,0,20,AUG25,1993,i
5800137,"Koh, Kum Hong",SGP,M,,,,2071,0,20,AUG25,1955,
5808553,"Koh, Ming Yao Gavin",SGP,M,,,,2057,0,20,AUG25,2002,
5820510,"Koh, Wei Jie Isaac",SGP,M,,,,1540,0,40,AUG25,2005,i
5820669,"Koh, Wei Le Gladys",SGP,F,WCM,WCM,,1864,0,40,AUG25,2008,w
5820529,"Koh, Wei Shi Isabel",SGP,F,,,,1482,0,40,AUG25,2006,wi
5824850,"Koh, Yang En Elliot",SGP,M,,,,1486,0,40,AUG25,2005,i
5858879,"Koh, Yi Jie Nicholas",SGP,M,,,,1452,0,40,AUG25,2011,
5838673,"Koh, Yu Long",SGP,M,,,,1410,0,40,AUG25,2013,
5823544,"Koh, Zhe Quan Benedict",SGP,M,,,,AFM,1819,0,AUG25,2007,
5806844,"Koi, Tristan",SGP,M,,,,1569,0,40,AUG25,2001,i
5828465,"Kok, Jun Zhe",SGP,M,,,,1471,0,40,AUG25,2004,i
5836450,"Kok, Kay Ian Matthew",SGP,M,,,,1535,0,40,AUG25,2004,
5806852,"Kok, Yujie",SGP,M,,,,1435,0,40,AUG25,2001,i
5812550,"Kong , U-Ham",SGP,F,,,,1603,0,40,AUG25,2005,wi
5812410,"Kong Jian Yuan, Stephen",SGP,M,,,,1741,0,20,AUG25,1954,i
5818290,"Kong, Yeong Keng Brendan",SGP,M,,,,1581,0,20,AUG25,2006,i
5820235,"Kong, Zi Yau Bernadette",SGP,F,WCM,WCM,NI,1756,0,40,AUG25,2008,w
5840759,"Kotipalli, Suraj Kumar",SGP,M,,,,ACM,1462,0,AUG25,1976,i
5825911,"Kottakki, Vahein Patnaik",SGP,M,,,,1537,0,40,AUG25,2007,
5812836,"Kow, Weiliang Bryan",SGP,M,,,,1707,0,20,AUG25,2006,i
5805465,"Kow, Wen Han Jonathan",SGP,M,,,,1872,0,20,AUG25,2001,i
5812178,"Krishang, Raju Panuganty",SGP,M,,,,AFM,1512,0,AUG25,2006,i
5833949,"Kulkarni, Ansh",SGP,M,,,,1444,0,40,AUG25,2014,i
5834112,"Kulkarni, Sushrut",SGP,M,,,,1433,0,40,AUG25,1985,i
5811767,"Kumaran, Somasundaram",SGP,M,,,,ACM,1697,0,AUG25,1978,
72900687,"Kuo, Boxian Alexander",SGP,M,,,,1425,0,40,AUG25,2011,i
72900679,"Kuo, Huazhen Nicholas",SGP,M,,,,1747,0,40,AUG25,2013,
5835267,"Kuppusamy, Shivshankar",SGP,M,,,,1532,0,40,AUG25,2011,
129104516,"Kwa, Derrick",SGP,M,,,,1513,0,40,AUG25,1990,
5829607,"Kwah, Yan Yu Tristan",SGP,M,,,,1652,0,40,AUG25,2011,
5847885,"Kwan, Alexander",SGP,M,,,,ACM,1580,0,AUG25,2013,
5819210,"Kwan, Jun Yong David",SGP,M,,,,1462,0,40,AUG25,2007,i
5824966,"Kwan, Ray Yang Jayden",SGP,M,,,,1436,0,40,AUG25,2009,i
5813670,"Kwan, Zheng Hong",SGP,M,,,,1623,0,40,AUG25,2003,i
5836492,"Kwee, Shin Yee",SGP,F,,,,1433,0,40,AUG25,2016,w
5829550,"Kwee, Yu Xiang",SGP,M,,,,1563,0,40,AUG25,2013,
5819792,"Kwok, Teng Yan Megan",SGP,F,,,,1552,0,20,AUG25,2001,wi
5821312,"Lai, Chi Yoong Ethan",SGP,M,,,,1609,0,40,AUG25,2009,
5850380,"Lai, Hong Li Josh",SGP,M,,,,1404,0,40,AUG25,2012,
5850797,"Lai, Julius",SGP,M,,,,1414,0,40,AUG25,2012,
5837901,"Lai, Junwei Wilbert",SGP,M,,,,1552,0,40,AUG25,2008,
5800374,"Lai, Xu Rong Winston",SGP,M,,,,1869,0,40,AUG25,1993,i
129057748,"Lakshminarasimhan, Rahul",SGP,M,,,,1626,0,40,AUG25,2007,i
5025036,"Lakshminarayanan, G.",SGP,M,,,,1982,0,20,AUG25,1980,
5801435,"Lam, Kwok Foong",SGP,M,,,,1836,0,40,AUG25,1990,i
5826810,"Lambreghts, Kasper Yuen",SGP,M,,,,1413,0,40,AUG25,2009,
5805279,"Lau, Ende Matthew",SGP,M,,,,2039,0,20,AUG25,2001,i
5800480,"Lau, Keng Boon",SGP,M,CM,,,2255,0,20,AUG25,1979,i
5826462,"Lau, Seo Joon Ethan",SGP,M,,,,1557,0,40,AUG25,2003,i
5804302,"Lau, Xian Hui Rudolph",SGP,M,,,,1962,0,20,AUG25,2000,i
5810728,"Lau, Yan Han",SGP,M,,FA,,1683,0,20,AUG25,1996,
5802130,"Lau, Zechariah Sean",SGP,M,,,,1779,0,40,AUG25,1995,i
5820090,"Law, Dominic",SGP,M,,,,1626,0,20,AUG25,2001,
5824893,"Law, Ryan",SGP,M,,,,1489,0,40,AUG25,2005,
5802911,"Lean, Boon Cheng Richard",SGP,M,,,,1679,0,20,AUG25,1965,
5841356,"Lee, Chloe Ling En",SGP,F,,,,1454,6,40,AUG25,2016,w
5847451,"Lee, Chun Leong George",SGP,M,,,,1620,0,40,AUG25,2013,
5813212,"Lee, Ethan",SGP,M,,,,1777,0,20,AUG25,1972,i
5808600,"Lee, I-Shiang",SGP,M,,,,1591,0,40,AUG25,2005,i
5806860,"Lee, I-Shiuan",SGP,M,,,,1608,0,40,AUG25,2000,i
5812852,"Lee, Jaryl",SGP,M,,,,1653,0,40,AUG25,2005,i
5844258,"Lee, Jia-En Elias",SGP,M,,,,1560,0,40,AUG25,2011,
5827825,"Lee, Jie Zhen Tedric",SGP,M,,,,1518,0,40,AUG25,2012,i
5825091,"Lee, Jing Heng",SGP,M,,,,1489,0,40,AUG25,2006,i
5825733,"Lee, Jing Xi Jonathan",SGP,M,,,,1908,8,40,AUG25,2008,
5853699,"Lee, Jun De Xavier",SGP,M,,,,1472,0,40,AUG25,2006,i
5812496,"Lee, Jun En Shaun",SGP,M,,,,1644,0,40,AUG25,2005,i
5804809,"Lee, Jun Wei",SGP,M,FM,NA,,2252,0,20,AUG25,2001,
5801443,"Lee, Kah Jin",SGP,M,,,,1934,0,40,AUG25,1993,i
5802547,"Lee, Kah Win",SGP,M,,,,1894,0,40,AUG25,1996,i
5802920,"Lee, Kai Jie Edward",SGP,M,,,,2156,0,20,AUG25,1998,i
5856574,"Lee, Kam Fai",SGP,M,,,,1645,0,40,AUG25,1956,
5840236,"Lee, Kar Yan Rebekah",SGP,F,,,,1426,3,40,AUG25,2016,w
5827990,"Lee, Peici Cristal",SGP,F,,,,1523,0,40,AUG25,2010,w
5820260,"Lee, Peng Keong",SGP,M,,"FI,IA",,1713,0,20,AUG25,1981,i
5804167,"Lee, Qing Aun",SGP,M,FM,FI,,2280,0,20,AUG25,2001,i
5817447,"Lee, Rui Ying Keith",SGP,M,,,,1632,0,40,AUG25,2004,i
5805481,"Lee, Rui Zhe Nicholas",SGP,M,,,,1803,0,20,AUG25,1999,i
5804116,"Lee, Say Siong John",SGP,M,,,,1839,0,20,AUG25,1958,i
5806488,"Lee, Shi Hao",SGP,M,,,,1945,0,20,AUG25,2000,i
5829810,"Lee, Tsuen Jin Aiesec",SGP,M,,,,1863,8,40,AUG25,2012,
5844240,"Lee, Wan-Ying Elianna",SGP,F,,,,1435,0,40,AUG25,2013,w
5800358,"Lee, Wang Sheng",SGP,M,FM,,,2217,1,20,AUG25,1971,
5800960,"Lee, Wei Cheng",SGP,M,,,,2101,0,20,AUG25,1990,i
5801176,"Lee, Wei Long",SGP,M,,,,2048,0,40,AUG25,1989,i
5800870,"Lee, Wei Min",SGP,F,,,,1840,0,40,AUG25,1995,wi
5811775,"Lee, Wei Ren Joshua",SGP,M,,,,1663,0,40,AUG25,1991,i
5819245,"Lee, Yann Ze Darryl",SGP,M,,,,1560,0,40,AUG25,2007,i
5827698,"Lee, Yi Kai Amos",SGP,M,,,,1462,0,40,AUG25,2009,i
5801788,"Lee, Yi Sen Ian",SGP,M,,,,1970,0,20,AUG25,1992,i
5826322,"Lek, Cunzhi",SGP,M,,,,1534,0,40,AUG25,1999,i
5820740,"Leonardo, Franklin",SGP,M,,,,AIM,1918,12,AUG25,1993,
5836816,"Leong, Jyuin Pang Alexx Xander",SGP,M,,,,1915,0,40,AUG25,2009,
5800820,"Leong, Luke",SGP,M,CM,,,2240,0,20,AUG25,1986,i
5812500,"Leong, Sher Hern",SGP,M,,,,1885,0,20,AUG25,2004,i
5818125,"Leong, Zachary",SGP,M,,,,1558,0,20,AUG25,2006,i
5837820,"Leou, Hao De Kirk",SGP,M,,,,1406,0,40,AUG25,2013,i
5800013,"Leow, Leslie M",SGP,M,IM,,,2407,0,10,AUG25,1956,i
5841488,"Leow, Ze Wen",SGP,M,,,,1488,0,40,AUG25,2012,
5805970,"Lew, Zhi Hong",SGP,M,,,,1726,0,20,AUG25,2002,i
5805503,"Lew, Zhi Yang",SGP,M,,,,1494,0,40,AUG25,2001,i
5823439,"Li, Chuanfei",SGP,M,,,,1486,0,40,AUG25,2010,i
5819261,"Li, Jiaying",SGP,M,,,,1405,0,40,AUG25,2006,i
5841992,"Li, Jiazuo",SGP,M,,,,1500,0,40,AUG25,2014,
5823919,"Li, Kai Yue",SGP,M,,,,1459,0,40,AUG25,2007,i
5833876,"Li, Minlin Ryan",SGP,M,,,,1435,0,40,AUG25,2014,i
5838479,"Li, Sirui",SGP,M,,,,1498,0,40,AUG25,2013,
5818133,"Lian, Kai En Gerard",SGP,M,,,,1738,0,40,AUG25,2008,i
5860890,"Lian, York Kay",SGP,M,,,,1412,0,40,AUG25,2010,
5817757,"Lian, Yuen Ching Natalie",SGP,F,,,,1483,0,40,AUG25,2006,wi
5847613,"Liang, Kaicheng",SGP,M,,,,1494,0,40,AUG25,1986,i
5857503,"Liang, Yuchen",SGP,M,,,,1405,6,40,AUG25,2016,
5833230,"Liang, Zhaoyi Gareth",SGP,M,,,,1458,0,40,AUG25,2009,i
129057710,"Liew, Mark",SGP,M,,,,1725,0,20,AUG25,1983,
5800307,"Liew, Oi Wah",SGP,F,,,,2035,0,20,AUG25,0,wi
5827230,"Liew, Tze Chi",SGP,F,,,,1741,0,40,AUG25,2008,w
5827248,"Liew, Tze Hsien",SGP,M,,,,1739,0,40,AUG25,2010,
5835828,"Liew, Tze Yu",SGP,F,,,,1781,9,40,AUG25,2013,w
5836310,"Lim, Aiden Tze Choon",SGP,M,,,,AFM,1520,0,AUG25,2009,i
5800722,"Lim, Andrew",SGP,M,,,,2089,0,40,AUG25,1958,i
5828309,"Lim, Bernard Carleton",SGP,M,,NA,,1675,0,20,AUG25,1988,
5833515,"Lim, Chang Hong",SGP,M,,,,1536,0,40,AUG25,1998,i
5822718,"Lim, Chen Rei",SGP,M,,,,1422,0,40,AUG25,2004,i
5700779,"Lim, Chin Lee",SGP,M,,,,1915,0,20,AUG25,1977,i
5800269,"Lim, Chye Lye",SGP,M,,,,2199,0,20,AUG25,1950,i
5831970,"Lim, Dao Xun Kayden",SGP,M,,,,1431,0,40,AUG25,2013,
5800889,"Lim, De Dao Linson",SGP,M,,,,1892,0,20,AUG25,1997,i
5800935,"Lim, De Li Derek",SGP,M,CM,,,1947,0,20,AUG25,1999,i
5811473,"Lim, Heng Lip James",SGP,M,,,,1521,0,20,AUG25,1955,
5834279,"Lim, Hong Yi",SGP,M,,,,1478,0,40,AUG25,2005,
5874939,"Lim, Hongrui",SGP,M,,,,1533,0,40,AUG25,2004,
5800102,"Lim, Hoon Cheng",SGP,M,FM,FT,,2202,0,20,AUG25,1966,i
5841682,"Lim, Hsien Jin",SGP,M,,,,1571,0,40,AUG25,2011,
5802555,"Lim, Huay Leon Warren",SGP,M,,,,AIM,1675,0,AUG25,1958,
5800064,"Lim, Jeremy",SGP,M,FM,,,2273,0,20,AUG25,1973,i
5800951,"Lim, Jiayu Adeline",SGP,F,,,,1704,0,40,AUG25,1994,wi
5863244,"Lim, Jie Xun Lucas",SGP,M,,,,1412,0,40,AUG25,2009,
5846617,"Lim, Jing Teng Tyler",SGP,M,,,,AFM,1500,0,AUG25,2010,
5839858,"Lim, Josiah Zheng Xian",SGP,M,,,,1579,0,40,AUG25,2011,
5852471,"Lim, Julian Jia Rui",SGP,M,,,,1431,6,40,AUG25,2017,
5805287,"Lim, Jun Ying Malcolm",SGP,M,,,,1720,0,20,AUG25,2000,i
5835615,"Lim, Kai En Joel",SGP,M,,,,1477,0,40,AUG25,2011,i
5819296,"Lim, Kai Jun",SGP,M,,,,1673,0,40,AUG25,2007,i
5833299,"Lim, Kaiyi Joshua",SGP,M,,,,1516,0,40,AUG25,2013,
5800170,"Lim, Mark",SGP,M,,,,2265,0,20,AUG25,1969,i
5825199,"Lim, Min Keat Terence",SGP,M,,,,1533,0,40,AUG25,2003,i
5804477,"Lim, Mou Jun James",SGP,M,,,,1564,0,20,AUG25,1992,i
5843693,"Lim, Peng Hui Kelvin",SGP,M,,,,1447,0,40,AUG25,1982,
5817382,"Lim, Qin Han Joseph",SGP,M,,,,1528,0,40,AUG25,2001,i
5830508,"Lim, Rong Sheng Joshua",SGP,M,,,,1415,0,40,AUG25,2012,i
5837626,"Lim, Samuel Tze Hao",SGP,M,,,,1639,0,40,AUG25,2011,
5800021,"Lim, Seng Hoo",SGP,M,IM,,,2440,0,10,AUG25,1956,i
5839394,"Lim, Shao Yu Ayden",SGP,M,,,,1403,0,40,AUG25,2011,i
5837146,"Lim, Sherng Yu",SGP,M,,,,1741,0,40,AUG25,1964,
5836271,"Lim, Shi Han Magnus",SGP,M,,,,1526,0,40,AUG25,2014,
5800978,"Lim, Shuyu Christine",SGP,F,,,,1917,0,40,AUG25,1991,wi
5847842,"Lim, Sze Kai Anthony",SGP,M,,,,1560,0,40,AUG25,2014,
5835356,"Lim, Thye Kee Norman",SGP,M,,,,1501,0,40,AUG25,1942,i
5802938,"Lim, Tze Wei",SGP,M,,,,1778,0,20,AUG25,1968,
5804825,"Lim, Wan Yu Steffi",SGP,F,,,,1732,0,20,AUG25,2002,wi
5876818,"Lim, Wei Shen",SGP,M,,,,1408,0,40,AUG25,2004,
5834341,"Lim, Xiao Xian Tobias",SGP,M,,,,1838,0,20,AUG25,2005,i
5817293,"Lim, Yi Feng Zacharias",SGP,M,,NA,,1791,0,20,AUG25,1996,
5818168,"Lim, Yu Xuan Ashton",SGP,M,,,,1467,0,20,AUG25,2004,i
5817463,"Lim, Zeen Hunn",SGP,M,,,,1620,0,40,AUG25,2004,
5826438,"Lim, Zhan Bo",SGP,M,,,,1422,0,40,AUG25,2009,i
5824834,"Lim, Zhe Yi Gerrard",SGP,M,,,,1402,0,40,AUG25,2010,i
5831458,"Lim, Zhuoyan",SGP,M,,,,1458,0,40,AUG25,1982,i
5806623,"Lim, Zi Liang",SGP,M,,,,1739,0,20,AUG25,1997,i
5831482,"Lim, Zi Yang Percy",SGP,M,,,,1406,0,40,AUG25,2013,i
5801044,"Lin, Ailin",SGP,F,,,,1968,0,20,AUG25,1988,wi
5835909,"Lin, Jie Timothy",SGP,M,,,,1422,0,40,AUG25,2010,
5842409,"Lin, Timothy Yu Cheng",SGP,M,,,,AFM,1561,0,AUG25,2011,
5835917,"Lin, Yi Christopher",SGP,M,,,,1588,4,40,AUG25,2014,
5802164,"Ling, Jin Sheng Timothy",SGP,M,,,,1784,0,20,AUG25,1996,i
5867738,"Liu, Chang",SGP,F,,,,1428,0,40,AUG25,2013,w
5800293,"Liu, Dao Wei",SGP,M,,,,1980,0,40,AUG25,1982,i
8639442,"Liu, Muzhou",SGP,M,,,,1636,13,40,AUG25,2011,
5867274,"Liu, Shenqi Wilson",SGP,M,,,,1560,0,40,AUG25,2010,
39941183,"Liu, Tingshun",SGP,M,,,,1477,0,40,AUG25,2013,
39931668,"Liu, Tingxuan",SGP,F,,,,1524,0,40,AUG25,2010,w
5803667,"Liu, Wen Yi Rachel",SGP,F,,,,1714,0,40,AUG25,1997,wi
8605718,"Liu, Xiangyi",SGP,M,IM,,,2349,0,10,AUG25,2000,
5800919,"Liu, Yang Hazel",SGP,F,WFM,WFM,IA,2071,0,20,AUG25,1990,wi
5803225,"Liu, Yong Kang Samuel",SGP,M,,,,1777,0,20,AUG25,1997,i
5823412,"Liu, Zi Ang Justin",SGP,M,,,,1468,0,40,AUG25,2007,i
5801095,"Lo, Kin Mun Dominic",SGP,M,FM,,,2255,0,20,AUG25,1993,i
5801001,"Lo, Yin Ling Melissa",SGP,F,WFM,WFM,,1914,0,20,AUG25,1994,wi
5830834,"Lo, Zhi En Daniel",SGP,M,,,,1425,0,40,AUG25,2007,i
5821533,"Lock, Yan Jie",SGP,M,,,,1485,0,20,AUG25,2006,i
5815967,"Loh, Caleb",SGP,M,,,,1603,0,40,AUG25,2003,i
5819334,"Loh, E Kye Aiden",SGP,M,,,,1510,0,40,AUG25,2006,i
5801559,"Loh, Jian En Joshua",SGP,M,,,,1916,0,40,AUG25,1989,i
5833957,"Loh, Kai Ern Euan",SGP,M,,,,1426,0,40,AUG25,2014,
5834970,"Loh, Kok Hao",SGP,M,,,,1407,0,40,AUG25,2008,i
5862531,"Loh, Magnus",SGP,M,,,,1495,0,40,AUG25,2008,
5825539,"Loh, Ngan Moan",SGP,M,,,,1559,0,40,AUG25,1951,i
5821258,"Loh, Shao Kai Dylan",SGP,M,CM,,,1806,0,40,AUG25,2007,i
5822181,"Loh, Weng Fook",SGP,M,,,,1657,0,40,AUG25,1973,
5821592,"Loh, Wern Sea Cadence",SGP,F,,,,1452,0,40,AUG25,2006,wi
5834104,"Loh, Yang Hao",SGP,M,,,,1594,0,40,AUG25,2008,
5870283,"Loh, Yi Yang James",SGP,M,,,,1539,0,40,AUG25,2015,
5819350,"Loh, Zhang Yan Leonard",SGP,M,,,,1488,0,40,AUG25,2007,i
72900709,"Loh, Zheng Yi Alfred",SGP,M,,,,1532,0,40,AUG25,2011,
5800617,"Long, James",SGP,M,,,,2019,0,40,AUG25,1975,i
5813239,"Long, Kai Xi Dylan",SGP,M,,,,AIM,1653,0,AUG25,2004,i
5822190,"Long, Yu Kai Ernest",SGP,M,,,,1411,0,40,AUG25,2007,i
5836735,"Loo, Jun He Lucas",SGP,M,,,,1416,0,40,AUG25,2010,
5821673,"Low, Hei Yuet Cheryl",SGP,F,,,,1523,0,20,AUG25,2006,w
5817110,"Low, Hong Yi Clement",SGP,M,,,,1504,0,40,AUG25,2006,i
5834538,"Low, Jia Zhe Ryan",SGP,M,,,,1509,0,40,AUG25,2009,i
5832802,"Low, Kah Wai David",SGP,M,,,,1429,0,40,AUG25,2012,i
5800544,"Low, Kwee Peng",SGP,M,,,,2024,0,40,AUG25,0,i
5800340,"Low, Pe Yeow",SGP,M,,NI,,2210,0,20,AUG25,1970,
5821886,"Low, Wen Qian",SGP,M,,,,1506,0,20,AUG25,2006,i
5806186,"Low, Yi Heng Eugene",SGP,M,,,,1700,0,20,AUG25,2001,i
5804833,"Low, Yi Quan",SGP,M,,,,1669,0,20,AUG25,2002,i
5803624,"Low, Yi Wei Jonathan",SGP,M,,,,1679,0,40,AUG25,2000,i
5800595,"Low, Ying Min",SGP,M,,,,1993,0,20,AUG25,1975,i
5837707,"Low, Zhe Wei Javon",SGP,M,,NA,,1584,0,40,AUG25,2005,i
5804175,"Low, Zhen Yu Cyrus",SGP,M,IM,,,2434,0,10,AUG25,2002,i
5854083,"Lu, Bingyang",SGP,M,,,,1487,2,40,AUG25,2017,
5843839,"Lu, Xinyu",SGP,M,,,,1509,0,40,AUG25,2010,
5819377,"Luan, Boyu",SGP,M,,,,1807,0,40,AUG25,2006,i
5831504,"Lum, Yong Bing",SGP,M,,,,1511,0,40,AUG25,2011,
5832063,"Lum, Yong Feng",SGP,M,,,,1530,6,40,AUG25,2011,
5868114,"Lye, Pong Chew",SGP,M,,,,1412,0,40,AUG25,1958,
5830699,"Mahaffy, Rory Euan",SGP,M,,,,1504,0,40,AUG25,2013,
5830702,"Mahaffy, Ryder Kien",SGP,M,,,,1433,0,40,AUG25,2011,
5847060,"Mahesh, Dhruv",SGP,M,,,,ACM,1488,0,AUG25,2013,
5822572,"Mak, Chin Wah",SGP,M,,FA,,1578,0,20,AUG25,1971,i
5820332,"Mak, Xiu Ning Charlene",SGP,F,WCM,WCM,NI,1991,0,20,AUG25,2006,wi
5823463,"Manan, Agarwal",SGP,M,,,,1633,0,40,AUG25,2007,i
5856116,"Manjunathan Janani, Yokgan",SGP,M,,,,1666,4,40,AUG25,2016,
5804930,"Mar, Teng Chou Nathan",SGP,M,,,,1878,0,40,AUG25,2001,i
5840430,"Master, Raphael Dhaval",SGP,M,,,,1557,0,40,AUG25,2012,
33456275,Monali Roy,SGP,F,,,,1482,0,40,AUG25,2014,w
5800528,"Mooi, Kok Onn Osric",SGP,M,,,,AFM,1696,13,AUG25,1969,
5867827,"Moses, Jaden Paul",SGP,M,,,,1442,0,40,AUG25,2017,
5820812,"Motty, Kuriakose Mathew",SGP,M,,,,1468,0,40,AUG25,1985,i
5822858,"Muhammad, Ridzuan Bin Sufian",SGP,M,,,,1608,0,40,AUG25,2003,i
5834082,"Muhammad, Syahrul Afif Bin Mashkur",SGP,M,,,,ACM,1532,0,AUG25,1986,i
5802342,"Muhd, Haikal",SGP,M,FM,,,1974,0,20,AUG25,1996,i
5855985,"Mui, Javier",SGP,M,,,,1541,0,40,AUG25,2013,
5851823,"Muthu Venkataraman, Niranjan",SGP,M,,,,1533,0,40,AUG25,1982,
5823005,"Nagesh, Rishicharan",SGP,M,,,,1580,0,40,AUG25,2007,i
5825873,"Nainika, Gupta",SGP,F,,,,1761,0,40,AUG25,2007,wi
5810906,"Naman, Parikh",SGP,M,,,,1468,0,40,AUG25,1996,i
5805988,"Nar, Ken Jin",SGP,M,,,,1594,0,40,AUG25,2002,i
5862680,"Naradas, Mouthik",SGP,M,,,,1408,0,40,AUG25,2001,i
5861691,"Narayan, Nag Nideesh",SGP,M,,,,1524,0,40,AUG25,2008,
5837359,"Navin, Kishore",SGP,M,,,,1539,0,40,AUG25,2008,i
5823102,"Neev, Malhotra",SGP,M,,,,1497,0,40,AUG25,2009,i
5803810,"Neha, Shankar",SGP,F,,,,ACM,1656,0,AUG25,1999,wi
5823471,"Neo, Han Sheng Marcel",SGP,M,,,,1551,0,40,AUG25,2009,
5830613,"Neo, Han Zer Max",SGP,M,,,,1519,0,40,AUG25,2011,i
5824613,"Neo, Jing Yi Mischa",SGP,F,,,,1431,0,40,AUG25,2007,wi
5819385,"Neo, Shao Quan Brayden",SGP,M,,,,1503,0,40,AUG25,2007,i
5828350,"Neo, Wei Long Marius",SGP,M,,,,1467,0,40,AUG25,2012,
5801494,"Neo, Xiuwen Christabel",SGP,F,,,,1928,0,20,AUG25,1994,wi
5822475,"Neo, Yu Tian",SGP,F,,,,1516,0,20,AUG25,2004,wi
5838223,"Neoh, Wei Ren Branden",SGP,M,,,,1447,0,40,AUG25,2014,
5823935,"Nerlekar, Ashwath Dinesh",SGP,M,,,,1516,0,40,AUG25,2005,i
5801834,"Neubronner, Jarred",SGP,M,FM,,,2245,0,20,AUG25,1992,i
5801010,"Neubronner, Shannon Scott",SGP,M,,,,2005,0,20,AUG25,1994,i
5826926,"Ng, Ching Ann James",SGP,M,,,,1453,0,20,AUG25,1991,
5854890,"Ng, Dennis Liam",SGP,M,,,,1511,0,40,AUG25,2014,
5828090,"Ng, Eng Soon Derrick",SGP,M,,,,1651,0,20,AUG25,2004,i
5828007,"Ng, Hong Yi",SGP,M,,,,1446,0,40,AUG25,2010,i
5836255,"Ng, Hui Kwang",SGP,M,,,,1413,0,40,AUG25,1977,
5849519,"Ng, Isaac Keng Yap",SGP,M,,,,AFM,1524,0,AUG25,2012,
5841496,"Ng, Jacob Euben",SGP,M,,,,ACM,1570,0,AUG25,2016,
5829356,"Ng, Jaeden Etienne",SGP,M,,,,1891,0,40,AUG25,2008,
5800420,"Ng, Jimmy",SGP,M,,,,2020,0,20,AUG25,1963,i
5830265,"Ng, Jing Kai Asher",SGP,M,,,,1412,0,40,AUG25,2013,
5828740,"Ng, Jing Xuan Alyssa",SGP,F,,,,1751,13,40,AUG25,2011,w
5807735,"Ng, Jun Jie",SGP,M,,NA,,1525,0,40,AUG25,1998,i
5812518,"Ng, Ke Sheng Zeke",SGP,M,,,,1597,0,40,AUG25,2004,i
5856612,"Ng, Lucas",SGP,M,,,,1505,0,40,AUG25,2009,
5806470,"Ng, Qing Yang",SGP,M,,,,1955,0,40,AUG25,1989,i
5833345,"Ng, Quan Zhu Caleb",SGP,M,,,,1538,0,40,AUG25,2011,
5832357,"Ng, Rong Xun Kaymer",SGP,M,,,,1443,0,40,AUG25,2013,
5834180,"Ng, Say Liang",SGP,M,,,,1669,0,20,AUG25,1979,
5832543,"Ng, See Jen",SGP,F,,,,1512,0,40,AUG25,2012,w
5817803,"Ng, Sheng Feng",SGP,M,,,,2049,0,20,AUG25,2006,i
5823218,"Ng, Thai Ee",SGP,M,,,,1467,0,40,AUG25,1986,i
5834996,"Ng, Tso Wong Peter",SGP,M,,,,1495,0,40,AUG25,1968,
5805570,"Ng, Wee Hong Brendan",SGP,M,,,,1867,0,20,AUG25,1999,i
5805996,"Ng, Wee Lok Bryan",SGP,M,,,,1722,0,20,AUG25,2003,i
5829577,"Ng, Wei Heng Dave",SGP,M,,,,1419,0,40,AUG25,2009,i
5830370,"Ng, Wei Jie",SGP,M,,,,1491,0,40,AUG25,2009,i
5837340,"Ng, Yong Rui Benjamin",SGP,M,,,,1657,0,40,AUG25,2011,
5840007,"Ng, Yu Cheng Rigel",SGP,M,,,,AFM,1569,0,AUG25,2013,
5856892,"Ng, Yuval",SGP,M,,,,1523,3,40,AUG25,2017,
5834562,"Ng, Zheng He Sherman",SGP,M,,,,1672,0,40,AUG25,2013,
5803519,"Ng, Zhi Mei Charmaine",SGP,F,,,,1581,0,40,AUG25,1996,wi
5803268,"Ng, Zhi Ying Natanya",SGP,F,,,,1636,0,20,AUG25,2000,wi
5819741,"Ng, Ziyi Zoe",SGP,F,,,,1483,0,40,AUG25,2005,wi
5833205,"Ngiam, Liyou",SGP,M,,,,1568,0,40,AUG25,2012,
5840830,"Ngu, Joel Yue Zhe",SGP,M,,,,1592,0,40,AUG25,2009,
5822386,"Ning, Jiayan Sophia",SGP,F,,,,1500,0,20,AUG25,2006,wi
5823722,"Nisban, Corwin",SGP,M,,,,1526,0,40,AUG25,2009,
5806003,"Nisban, Cyrus",SGP,M,CM,,,1849,0,20,AUG25,2004,i
5800633,"Nithiananthan, J.",SGP,M,,,,2076,0,20,AUG25,1959,i
5821517,"Occhipinti, Livio Marc Gabriel",SGP,M,,,,1515,0,40,AUG25,2006,i
5822483,"Oh, Kang Le Clifford",SGP,M,,,,1476,0,20,AUG25,2004,
5827116,"Oh, Xu Jie Dawson",SGP,M,,,,1518,0,40,AUG25,2011,i
5834830,"Ohng, Kok Yeong Kevin",SGP,M,,,,1658,1,20,AUG25,1973,
5834554,"Ohng, Wei Zhe Quilliam",SGP,M,,,,1648,10,40,AUG25,2014,
5800218,"Ong, Alvin",SGP,M,,,,2231,0,20,AUG25,1963,i
5800145,"Ong, Chong Ghee",SGP,M,FM,,,2307,0,20,AUG25,1971,i
5801818,"Ong, Chong Hao Nathanael",SGP,M,,,,1966,0,40,AUG25,1989,i
5851734,"Ong, Ee Ming Julian",SGP,M,,,,1705,0,40,AUG25,2006,
5834783,"Ong, En Jie Jakin",SGP,M,,,,1465,0,40,AUG25,2008,i
5818885,"Ong, Jireh",SGP,M,,,,1450,0,20,AUG25,2005,i
5802954,"Ong, Jun Xue Calvin",SGP,M,,,,1842,0,20,AUG25,1998,i
5841534,"Ong, Qi Yi",SGP,M,,,,1741,13,40,AUG25,2016,
5801060,"Ong, Wah Peng John",SGP,M,,,,1803,0,20,AUG25,1966,i
5819431,"Ong, Wei Sheng Aidan",SGP,M,,,,1522,0,40,AUG25,2007,i
5803152,"Ong, Wen Kai",SGP,M,,,,1840,0,40,AUG25,1982,
5838525,"Ong, Wen Xuan Kayden",SGP,M,,,,1505,0,40,AUG25,2013,i
5812240,"Ong, Yi Herng Joel",SGP,M,,,,2067,0,20,AUG25,2005,i
5855624,"Ong, Yijia Oliver",SGP,M,,,,1493,0,40,AUG25,2015,
5823234,"Ong, Yujing",SGP,M,,NA,,1674,0,20,AUG25,1985,
5827566,"Ooi, Hong Lue Ivan",SGP,M,,,,1569,0,40,AUG25,2007,
5824028,"Ooi, Hun Pin",SGP,M,,,,1548,0,40,AUG25,1963,i
5860466,"Oon, Tsao Kyle",SGP,M,,,,1410,0,40,AUG25,2017,
5802962,"Ow, Jun Wai Ryan",SGP,M,,,,1759,0,20,AUG25,2000,i
5201322,"Paciencia, Enrique",SGP,M,IM,,,2265,0,10,AUG25,1967,
5821053,"Padmavarshni, V.P",SGP,F,,,,AIM,1457,0,AUG25,2004,wi
5833736,"Palaniappan, Adhi Somu",SGP,M,,,,1476,0,40,AUG25,2012,
5837561,"Pang, Jun Rui",SGP,M,,,,1557,0,40,AUG25,2016,
5825229,"Pang, Kay Yan Eden",SGP,F,,,,1811,8,40,AUG25,2008,w
5813344,"Pang, Khai Jie Ryan",SGP,M,,,,1896,0,20,AUG25,2003,
5800196,"Pang, Kwok Leong",SGP,M,,,,2235,0,20,AUG25,0,i
5828511,"Parthasarathi, Rishikesh",SGP,M,,,,1664,0,20,AUG25,1982,
5854849,"Pee, Xu Feng",SGP,M,,,,1489,0,40,AUG25,2016,
5828449,"Peh, Yew Kee",SGP,M,,,,1483,0,40,AUG25,2007,i
5820375,"Peh, Yue Heng Randall",SGP,M,,,,1485,0,40,AUG25,2006,i
5814456,"Peng, Jing Ming Jason",SGP,M,,NA,,1712,0,40,AUG25,1999,i
5802024,"Pereira, Johnharry",SGP,M,,,,1729,0,20,AUG25,1970,i
5855381,"Perumal, Kavitha",SGP,F,,SI,,1468,12,40,AUG25,1980,w
5806283,"Phan, Stefanus Kf",SGP,M,,,,2018,0,20,AUG25,1997,
5812976,"Phua, Hng Kai Timothy",SGP,M,,,,1570,0,40,AUG25,2005,i
5836891,"Phua, Yan Ying",SGP,F,,,,AIM,1600,0,AUG25,2014,w
5806011,"Phua, Zeng Yi Triszen",SGP,M,,"NI,FA",,1753,0,40,AUG25,2003,i
5834368,"Pieter, Martin Hendrik Beetsma",SGP,M,,,,1444,0,40,AUG25,1979,i
5818184,"Poh, Xuan Rui Ethan",SGP,M,,,,2234,0,20,AUG25,2005,i
5701295,"Pok, Wern Jian",SGP,M,,,,2081,0,20,AUG25,1987,i
5844657,"Pok, Yu Heng Owen",SGP,M,,,,1505,0,40,AUG25,2015,
5816815,"Polavaram, Adhitya",SGP,M,,,,AFM,1951,0,AUG25,2005,i
5816823,"Polavaram, Harsha",SGP,M,,,,AIM,2005,0,AUG25,2005,i
5206030,"Polistico, Eliodoro B",SGP,M,,FT,,1826,0,20,AUG25,1960,
5833442,"Poon, Ee Rui",SGP,M,,,,AFM,1588,0,AUG25,2012,i
5842166,"Poon, Zhi Hong Joel",SGP,M,,,,1723,0,40,AUG25,2008,i
5834945,"Poon, Zhi Xin",SGP,M,,,,1470,0,40,AUG25,2010,
5833990,"Prakash, Sadhana",SGP,F,,,,ACM,1518,0,AUG25,2014,w
5014778,"Praveen, Kumar R.",SGP,M,,"FI,FA",,1977,0,20,AUG25,1980,i
5828104,"Prithiviraj, Chandrasekar",SGP,M,,,,1494,0,40,AUG25,2008,i
5834139,"Punjabi, Shiven Rajesh",SGP,M,,,,1621,0,40,AUG25,2007,
5817480,"Qi, Kewei Vincent",SGP,M,,,,1612,0,40,AUG25,2004,i
5836840,"Quah, Jie Lun Jay",SGP,M,,,,1441,0,40,AUG25,2009,
5827000,"Quek, Wei Zhi Matthew",SGP,M,,,,1403,0,40,AUG25,2009,i
5822726,"Quek, Zi Le Aleenta",SGP,F,,,,1700,0,40,AUG25,2009,w
5866936,"Rai, Rajesh",SGP,M,,,,1624,0,40,AUG25,1972,
5875145,"Rai, Vinay Kumar",SGP,M,,,,1603,0,40,AUG25,1961,
5802580,"Raja Jawahar, Monisha",SGP,F,WFM,WFM,,1790,0,20,AUG25,1997,wi
5812283,"Raja, Jawahar Vignesh",SGP,M,,,,1497,0,40,AUG25,2005,i
5870500,"Rajan, Thinesh",SGP,M,,,,1516,0,40,AUG25,2008,
5808804,"Rajasekaran, Soorya",SGP,M,,,,1491,0,20,AUG25,2004,i
5820561,"Rajesh, Adithya Elara",SGP,M,,,,AFM,1539,0,AUG25,2009,i
5838959,"Rajesh, Nathaniel",SGP,M,,,,1416,0,40,AUG25,2016,
5840325,"Raman, Kanav",SGP,M,,,,1519,0,40,AUG25,2015,
5860440,"Raman, Mudit",SGP,M,,,,1404,0,40,AUG25,2018,
5808138,"Ramesh, Aadhitya",SGP,M,,,,AFM,1699,0,AUG25,2003,i
5816939,"Ramesh, Aishwarya",SGP,F,,,,1447,0,40,AUG25,2006,wi
5833558,"Reyansh, Singh",SGP,M,,,,1522,0,40,AUG25,2011,i
5831466,"Rice, Lana",SGP,F,,,,1635,0,40,AUG25,2013,w
5824591,"Rice, Lauren",SGP,F,WCM,WCM,,1853,0,40,AUG25,2007,w
5824605,"Rice, Leah",SGP,F,,,,1979,0,40,AUG25,2010,w
5813247,"Ricnesh, Ravind G.N",SGP,M,,,,AIM,1640,0,AUG25,1991,
5822351,"Rishi, Kapoor",SGP,M,,"NI,FI",,1523,0,20,AUG25,1976,
5828988,"Rishikesh, Siddharth",SGP,M,,,,1704,0,40,AUG25,2011,
5819458,"Robson, Samuel",SGP,M,,,,1488,0,40,AUG25,2006,i
5826179,"Rohan, Dash",SGP,M,,,,1720,0,40,AUG25,2007,i
5801125,"Rolles, May Li",SGP,F,,,,1968,0,40,AUG25,1990,wi
5803500,"Rujok, Najwa Jiahui",SGP,F,,,,1820,0,20,AUG25,1996,wi
5835020,"Ruth, Eli Szezheng",SGP,M,,,,1498,0,40,AUG25,2013,i
5815053,Saajid,SGP,M,,FA,,AIM,1639,0,AUG25,2002,
5837715,"Saha, Ankit Sai",SGP,M,,,,1547,0,40,AUG25,2014,
5806445,"Salim, Ken Timur",SGP,M,,,,1670,0,40,AUG25,0,
5805627,"San, Yong Elliot",SGP,M,,,,1742,0,40,AUG25,2001,i
5828678,"Sanjay, Vasu",SGP,M,,,,2116,0,40,AUG25,2010,
5834724,"Sanjit, Sriniket Hari",SGP,M,,,,1492,0,40,AUG25,2008,i
5811520,"Sanjith, Gunasekaran",SGP,M,,NA,,1534,0,40,AUG25,2004,i
35068601,Saravanan Durga,SGP,F,,,,1812,0,20,AUG25,2004,w
5828830,"Sathish, Sathvik",SGP,M,,,,1667,0,40,AUG25,2010,
5811910,"Sathyanarayan, Subramanian",SGP,M,,,,1705,0,40,AUG25,1974,
5800650,"Sawalani, Navin",SGP,M,,,,2245,0,20,AUG25,1982,i
5829240,"Sazu, Hidefumi",SGP,M,,,,1667,0,40,AUG25,1961,i
5801753,"Seah, Eddy",SGP,M,,,,1938,0,20,AUG25,0,i
5817790,"Seah, Jie Long Cayden",SGP,M,,,,1521,0,40,AUG25,2007,i
5816122,"Seah, Rae Herng Jaryl",SGP,M,,,,1626,0,40,AUG25,2003,i
5834627,"Seah, Shin Rui",SGP,M,,,,AFM,1855,0,AUG25,2011,
5837367,"Seah, Shin Yi",SGP,M,,,,ACM,1671,0,AUG25,2014,
5873061,"See, Samuel",SGP,M,,,,1522,0,40,AUG25,2012,
5800390,"Seet, Carolyn",SGP,F,WCM,WCM,,2005,0,40,AUG25,1972,wi
5817676,"Senthil, Naren Karttik",SGP,M,,,,1557,0,20,AUG25,2004,i
5820596,"Seow, Yi Le",SGP,M,,,,1470,0,40,AUG25,2004,i
5801028,"Seow, Yong Li",SGP,M,,,,2059,0,20,AUG25,1982,i
5829267,"Sequeira, Lisann Leona",SGP,F,,,,1479,0,40,AUG25,2007,wi
5801770,"Shanmugam, Ravindran",SGP,M,IM,,,2340,0,10,AUG25,1989,i
5811929,"Shaveen, Gajaananan",SGP,M,,,,1574,0,40,AUG25,2003,i
5833418,"Shawn, Joseph Simonetti",SGP,M,,,,1536,0,40,AUG25,2006,i
5801680,"Shen, Chuan Qi",SGP,M,,,,2163,0,20,AUG25,1993,i
5820499,"Shen, Yijie",SGP,M,,,,1533,0,40,AUG25,2003,i
33345317,Shlok Makhijani,SGP,M,,,,1456,0,40,AUG25,2012,
5821223,"Shravann, Suryaa V.P",SGP,M,,,,AIM,1510,0,AUG25,2006,i
5801184,"Sia, Xin Jie Selina",SGP,F,,,,1863,0,20,AUG25,1993,wi
5801303,"Sia, Xin Yun Suzanna",SGP,F,WCM,WCM,,1966,0,20,AUG25,1990,wi
5833965,"Siddharth, Harihara Subramanian",SGP,M,,,,1608,0,40,AUG25,2008,i
5818320,"Siddharth, Jagadeesh",SGP,M,GM,,,2459,0,10,AUG25,2007,
5823404,"Siddharth, Sai",SGP,M,,,,1906,18,40,AUG25,2011,
5837120,"Siddharth, Siva Kumar",SGP,M,,,,1521,0,40,AUG25,2011,
5804132,"Siew, Kai Xin",SGP,F,,IA,,1815,0,20,AUG25,2001,wi
5839700,"Sim, Ee Hean Matthieu",SGP,M,,,,1588,0,40,AUG25,2009,
5836425,"Sim, En Rui Audelle",SGP,F,,,,AFM,1712,16,AUG25,2014,w
5846803,"Sim, Guan Yee Cedric",SGP,M,,,,1444,0,40,AUG25,2009,
5830516,"Sim, Kai Bin Daric",SGP,M,,,,1533,0,40,AUG25,2007,i
5834660,"Sim, Ming Yi",SGP,M,,,,AFM,1501,0,AUG25,2014,
5849128,"Sim, Pang Xi Darius",SGP,M,,,,1425,0,40,AUG25,2012,
5830745,"Sim, Yan Xiang Ethan",SGP,M,,,,1667,7,40,AUG25,2011,
5801842,"Sim, Yan Xing",SGP,F,,,,1759,0,40,AUG25,1994,wi
5807115,"Singh, Delroy",SGP,M,,,,1756,0,20,AUG25,2003,i
5861411,"Singh, Shivam",SGP,M,,,,1504,0,40,AUG25,2005,
5857929,"Singhvi, Anaiya",SGP,F,,,,1448,0,40,AUG25,2010,wi
5804655,"Sivakumar, Ashvin",SGP,M,FM,,,2175,0,20,AUG25,2001,i
5801885,"Sng, Zheng Yang",SGP,M,,,,1935,0,20,AUG25,1993,i
5814979,"So, Jun Hong Glenn",SGP,M,,,,1548,0,40,AUG25,2001,i
5850339,"Soh, Daniel",SGP,M,,,,1502,0,40,AUG25,2013,
5804191,"Soh, Isaak Ethan Hong Han",SGP,M,,,,1902,0,20,AUG25,1998,i
5801699,"Soh, Juen Wei Moses",SGP,M,,,,1991,0,20,AUG25,1993,i
6008291,"Song, Sichen",SGP,M,,,,1600,0,40,AUG25,2013,
8662193,"Song, Yuchen(SH)",SGP,M,,,,1467,6,40,AUG25,2015,
5837537,"Soo, Cheng Hao",SGP,M,,,,1663,0,40,AUG25,2007,
5819490,"Soon, Jien Hao Ian Zachary",SGP,M,,,,1628,0,40,AUG25,2007,i
5829003,"Soong, Yao Wei Xavier",SGP,M,,,,1488,0,40,AUG25,2009,i
5835810,"Sophie, Judith Supatra",SGP,F,,,,1509,0,40,AUG25,2013,w
5817501,"Sow, MiaoGeng Malcolm",SGP,M,,,,1842,0,20,AUG25,2004,i
5810205,"Sow, Miaoxuan Bryan",SGP,M,,,,1788,0,40,AUG25,2000,i
25996045,Sreekarthika Velmurugan,SGP,F,WFM,WFM,,2080,18,40,AUG25,2012,w
5854881,"Storey, Nathan Blake",SGP,M,,,,1468,0,40,AUG25,2010,i
5822998,"Su, Fook Kwee Stephen",SGP,M,,,,1809,0,40,AUG25,1958,i
5825954,"Sum, Sze Lok",SGP,F,,,,1510,0,40,AUG25,2004,wi
5848156,"Sun, Leran",SGP,M,,,,1601,0,40,AUG25,2009,
5818214,"Sun, Shilian",SGP,F,,,,1493,0,40,AUG25,2008,wi
5832969,"Sun, Wenyuan",SGP,M,,,,1408,0,40,AUG25,2008,i
5825296,"Sundar, Raman",SGP,M,,,,1782,0,40,AUG25,1982,i
5832020,"Sung, Tze Shyan Evin",SGP,M,,,,1936,0,40,AUG25,2013,
5837405,"Suresh, Arjun",SGP,M,,,,1530,0,40,AUG25,2012,
5828139,"Suryavarman, Chandrasekar",SGP,M,,,,1710,0,40,AUG25,2011,i
5828384,"Sze, En Hao Gabriel",SGP,M,,,,1459,0,40,AUG25,2008,i
5836166,"Tam, Hung Wah",SGP,M,,"DI,NA",,1505,0,40,AUG25,1963,
5875811,"Tamil Selvan, Gokulram",SGP,M,,,,1416,6,40,AUG25,2012,
5818648,"Tan Jun Qi, Benjamin",SGP,M,,,,1824,0,40,AUG25,2000,i
5838398,"Tan, Ang Lim Della",SGP,F,,,,1484,0,40,AUG25,2013,w
5838312,"Tan, Asher Teng En",SGP,M,,,,1443,0,40,AUG25,2013,
5852684,"Tan, Ashriel Jia En",SGP,M,,,,1591,3,40,AUG25,2008,
5828813,"Tan, Boon Tham",SGP,M,,NA,,1546,0,40,AUG25,1960,i
5800226,"Tan, Chin Hoe",SGP,M,,,,2272,0,20,AUG25,1963,i
5807794,"Tan, Chong Hien Andrew",SGP,M,,"SI,NA",,1828,0,20,AUG25,1998,i
5800684,"Tan, Chor Chuan",SGP,M,,,,2197,0,20,AUG25,1973,i
5825156,"Tan, D Hearn",SGP,M,,,,1496,0,40,AUG25,2007,i
5824842,"Tan, Deng Jin Benedict",SGP,M,,,,1735,0,20,AUG25,2003,i
5848237,"Tan, Dezheng Daniel",SGP,M,,,,1507,0,40,AUG25,1981,
5821118,"Tan, En Wei Dylan",SGP,M,,,,1460,0,40,AUG25,2005,i
5803187,"Tan, Fischer",SGP,M,,,,1622,0,20,AUG25,1974,i
129057882,"Tan, Gareth",SGP,M,,,,ACM,1473,0,AUG25,2003,i
5803330,"Tan, Han Keong",SGP,M,,,,2009,0,40,AUG25,0,i
5803985,"Tan, Han Liang",SGP,M,,,,1851,0,40,AUG25,1994,i
5847460,"Tan, Ian",SGP,M,,,,1468,0,40,AUG25,2009,i
5827523,"Tan, Jia Hong",SGP,M,,,,1466,0,40,AUG25,2004,i
129057499,"Tan, Jimmy",SGP,M,,,,AIM,1950,0,AUG25,1972,
5807808,"Tan, Jin Chew Andrew",SGP,M,,,,1869,0,20,AUG25,1998,
5808880,"Tan, Jing Kai Bryce",SGP,M,,,,1684,8,20,AUG25,2002,
5845769,"Tan, Jingying Sonia",SGP,F,,,,1601,5,40,AUG25,2014,w
5820251,"Tan, Joel",SGP,M,,,,1421,0,40,AUG25,2007,i
5828635,"Tan, Jun De Alexander",SGP,M,,,,1580,0,40,AUG25,2010,
5805678,"Tan, Jun Hao",SGP,M,CM,,,1968,9,20,AUG25,2001,
5874696,"Tan, Jun Heng",SGP,M,,,,1726,0,40,AUG25,2002,
5806496,"Tan, Jun Yi Royce",SGP,M,,,,1821,0,20,AUG25,2003,i
5829534,"Tan, Kai Erng Joshua",SGP,M,,,,1402,0,40,AUG25,2009,i
5821495,"Tan, Keenan",SGP,M,,,,1596,0,40,AUG25,2005,i
5800609,"Tan, Kenneth",SGP,M,,,,1918,0,40,AUG25,1967,
5801869,"Tan, Kia Hua",SGP,M,,,,2030,0,40,AUG25,1989,i
5802490,"Tan, Kien Wei",SGP,M,,,,2044,0,40,AUG25,1984,i
5834333,"Tan, Kieran",SGP,M,,,,ACM,1549,0,AUG25,2010,
5801249,"Tan, Koh Boon Mark",SGP,M,,,,2070,0,40,AUG25,1981,i
5802997,"Tan, Kok Han",SGP,M,,,,1660,1,20,AUG25,1974,
5803004,"Tan, Kwang Shing Bryan",SGP,M,,,,1712,0,40,AUG25,1993,i
5802202,"Tan, Kwang Yang Aaron",SGP,M,,NA,,AIM,1818,0,AUG25,1995,i
5836530,"Tan, Le Howe",SGP,M,,,,1403,0,40,AUG25,2008,i
5827299,"Tan, Lee Meng Leon",SGP,M,,,,1459,0,40,AUG25,2009,i
5812593,"Tan, Li Ern Danelle",SGP,F,,,,1602,0,20,AUG25,2004,wi
5838789,"Tan, Li Ya Leah",SGP,F,,,,AFM,1764,8,AUG25,2014,w
5800048,"Tan, Lian Ann",SGP,M,IM,,,2231,0,20,AUG25,1947,i
6220916,"Tan, Luke Shao Min",SGP,M,,,,1472,0,40,AUG25,2016,
5800471,"Tan, Malcolm",SGP,M,,,,2169,0,20,AUG25,1974,i
5813697,"Tan, Meng Wei",SGP,M,,,,1888,0,20,AUG25,1972,i
5811961,"Tan, Min Quan",SGP,M,,,,1570,0,40,AUG25,1995,i
5804663,"Tan, Ming Ying Samuel",SGP,M,,,,1637,0,40,AUG25,2001,i
5819520,"Tan, Myn Jae",SGP,M,,,,1444,0,40,AUG25,2007,i
5818931,"Tan, Naython",SGP,M,,,,1542,0,40,AUG25,2005,i
129105424,"Tan, Nelson",SGP,M,,,,AFM,1437,0,AUG25,1971,
5832829,"Tan, Peng Yi Arthur",SGP,M,,,,1426,0,40,AUG25,2006,i
5826918,"Tan, Pin Zong Schuyler",SGP,M,,,,1462,0,40,AUG25,2008,i
5800790,"Tan, Poh Heng",SGP,M,,,,2139,0,40,AUG25,1954,i
5877555,"Tan, Qing Ze",SGP,M,,,,1480,0,40,AUG25,2008,
5838231,"Tan, Rui",SGP,M,,,,ACM,1433,0,AUG25,2008,
5800994,"Tan, Shihao Sean",SGP,M,,,,2067,0,20,AUG25,1990,i
5816840,"Tan, Si Min",SGP,F,,,,1492,0,40,AUG25,2000,wi
5813522,"Tan, Teck Woon",SGP,M,,,,1765,0,20,AUG25,1975,i
5805295,"Tan, Tze Lin Tommy",SGP,M,,,,AFM,1821,0,AUG25,2000,i
5800501,"Tan, Tzer En",SGP,M,,,,2210,0,20,AUG25,1977,i
5801974,"Tan, Weiliang",SGP,M,CM,,,2213,0,20,AUG25,1993,i
5800773,"Tan, Winnie",SGP,F,WCM,WCM,,2050,0,40,AUG25,1970,wi
5862469,"Tan, Xing Yu Felix",SGP,M,,,,1494,0,40,AUG25,2011,
5823137,"Tan, Xuan Ying",SGP,F,,,,1633,0,40,AUG25,2008,w
5835836,"Tan, Xuan Ying Calyn",SGP,F,,,,1501,3,40,AUG25,2014,w
5836360,"Tan, Yan Yee Chloe",SGP,F,,,,1423,0,40,AUG25,2013,w
5823382,"Tan, Yee Lei Caleb",SGP,M,,,,1431,0,40,AUG25,2010,i
5816947,"Tan, Yi Ern Merrick",SGP,M,,,,1755,0,20,AUG25,2006,i
5826985,"Tan, Yi Rui Ray",SGP,M,,,,2151,9,40,AUG25,2011,
5820006,"Tan, Yi Xuan",SGP,F,,,,1482,0,40,AUG25,2007,wi
5818249,"Tan, Yian Hau",SGP,M,,,,1756,0,20,AUG25,2004,i
5829186,"Tan, Ying Jie",SGP,M,,,,1485,0,40,AUG25,2008,i
5847508,"Tan, Yishun Edison",SGP,M,,,,AIM,1462,2,AUG25,1983,
5826314,"Tan, Yong Zhao Edwin",SGP,M,,,,1507,0,20,AUG25,1994,
5837413,"Tan, You Jun Eugene",SGP,M,,,,1611,0,40,AUG25,2007,i
5838886,"Tan, Zhe Yu Cayden",SGP,M,,,,1487,0,40,AUG25,2017,
5832470,"Tan, Zhi Ern Felix",SGP,M,,,,1450,0,40,AUG25,2005,i
5820847,"Tan, Zhiren Bradley",SGP,M,,,,1720,0,40,AUG25,2002,i
5813123,"Tan, Zhong Kai",SGP,M,,,,2098,0,20,AUG25,2000,
5815550,"Tan, Zi Yi Zephan",SGP,M,,,,1565,0,20,AUG25,2002,i
5818958,"Tang, Joey",SGP,M,,,,1482,0,20,AUG25,2005,i
5835445,"Tang, Kyle",SGP,M,,,,1581,0,40,AUG25,2001,
5820855,"Tang, Ngai Juan Dixon",SGP,M,,,,AFM,1606,0,AUG25,2006,i
5801931,"Tang, Qing Wei Joey",SGP,F,,,,1750,0,20,AUG25,1993,wi
5822599,"Tang, Suet Wing Tisha",SGP,F,,,,1423,0,40,AUG25,2007,wi
5805155,"Tang, Wei Xian Gabriel",SGP,M,,,,1550,0,40,AUG25,1997,i
5817331,"Tang, Yiheng",SGP,M,,NA,,2063,0,20,AUG25,2006,
5820570,"Tang, Yiren",SGP,M,,,,1477,0,40,AUG25,2009,i
5835585,"Tang, Ziru",SGP,F,,,,1533,0,40,AUG25,2013,wi
5825792,"Tanuj, Khosla",SGP,M,,,,1415,0,40,AUG25,1983,i
33465045,Tanvi Trivedi,SGP,F,,,,1725,0,40,AUG25,2015,w
5824990,"Tarini, Jagadeesh",SGP,F,,,,1428,0,40,AUG25,2008,wi
5854911,"Tay, Cameron",SGP,M,,,,1400,5,40,AUG25,2017,
5830605,"Tay, Jay",SGP,M,,,,1518,0,40,AUG25,2010,
5834929,"Tay, Jing Xuan",SGP,M,,,,1412,0,40,AUG25,2013,
5834910,"Tay, Jing Yi",SGP,F,,,,1654,0,40,AUG25,2015,w
5828503,"Tay, Jun Jie Damien",SGP,M,,,,1448,0,40,AUG25,2010,
5800439,"Tay, Junior",SGP,M,CM,,,2230,0,20,AUG25,1970,i
5803020,"Tay, Kiat Boon",SGP,M,,,,1921,0,40,AUG25,1995,i
5800927,"Tay, Li Jin Jeslin",SGP,F,WFM,WFM,,2079,0,20,AUG25,1990,wi
5840244,"Tay, Ray Chuan",SGP,M,,,,1417,0,40,AUG25,1989,i
5802440,"Tay, Shi Hao",SGP,M,,,,1907,0,20,AUG25,1984,
5803039,"Tay, Tze Kiat Jonathan",SGP,M,,,,1796,0,40,AUG25,1999,i
5838061,"Tay, Ye Zhe Eliot",SGP,M,,,,1463,0,40,AUG25,2016,
5828643,"Tay, Yi Xiang",SGP,M,,,,1774,0,40,AUG25,2008,
5835623,"Tay, Yu Teng Jayden",SGP,M,,,,1648,0,40,AUG25,2012,
5808952,"Tay, Zhi Sheng Jacob",SGP,M,,,,1702,0,40,AUG25,2002,i
5826624,"Teah, Jared",SGP,M,,,,1790,9,40,AUG25,2011,
5826195,"Tee, Geng Kai",SGP,M,,,,ACM,1471,0,AUG25,2009,i
5820960,"Teh, Chee Huat Alan",SGP,M,,,,1725,0,40,AUG25,1967,i
5818265,"Teh, Yu Siang Thedrick",SGP,M,,,,1462,0,20,AUG25,2006,i
5854520,"Teo, Chi You Joshua",SGP,M,,,,1544,0,40,AUG25,2011,i
5835518,"Teo, Hong Kai Javier",SGP,M,,,,AIM,1757,0,AUG25,2012,
5809576,"Teo, Hong Ming",SGP,M,,,,1943,18,20,AUG25,2001,
5836654,"Teo, Jek Kai Aloysius",SGP,M,,,,1742,0,20,AUG25,2002,
5822637,"Teo, Jun Kai Ethan",SGP,M,,,,1879,0,40,AUG25,2006,i
5800412,"Teo, Kok Cheng",SGP,M,,,,2259,0,20,AUG25,1956,i
5800056,"Teo, Kok Siong",SGP,M,FM,,,2160,0,20,AUG25,1960,i
5801621,"Teo, Wei Xing",SGP,M,CM,,,2202,0,20,AUG25,1991,i
5804701,"Teo, Xu Yuan Nicholas",SGP,M,,,,1749,0,20,AUG25,1998,i
5834384,"Teo, Zhi Rong Jeroy",SGP,M,,,,1479,0,40,AUG25,2009,i
5835526,"Teo, Zhiguang",SGP,M,,NA,,1452,0,40,AUG25,1982,
5833396,"Teoh, John",SGP,M,,,,1523,0,40,AUG25,2013,
5834520,"Teoh, Yit Pang Kevin",SGP,M,,,,1608,0,40,AUG25,1978,i
5830001,"Tham, Ding Rong",SGP,M,,,,1458,0,40,AUG25,2011,i
5839327,"Tham, Ming Cher",SGP,M,,,,1537,0,40,AUG25,2006,i
5821509,"Thean, Li Han",SGP,M,,,,AGM,1647,0,AUG25,2005,i
5834961,"Theo, Peter De Wesselow",SGP,M,,,,1456,0,40,AUG25,2011,i
5819873,"Thirumoorthy, Divagar",SGP,M,,,,1596,0,40,AUG25,1998,i
5828864,"Thoo, Jun Xue Tristan",SGP,M,,,,1568,0,40,AUG25,2008,
5220149,"Tiburcio, Jayson Jacobo",SGP,M,,,,1693,0,40,AUG25,2008,i
5836506,"Timothy, Gerard Lopez",SGP,M,,,,1669,0,20,AUG25,1999,
5806070,"Tin, Jingshun",SGP,M,,,,1728,0,20,AUG25,2005,i
5804418,"Tin, Jingyao",SGP,M,GM,,,2579,0,10,AUG25,2000,
5806453,"Tin, Ruiqi",SGP,F,,,,1850,0,20,AUG25,2002,wi
5866618,"Ting, Peng Chee Gideon",SGP,M,,,,1733,0,40,AUG25,2004,
5833582,"Ting, Sheng Le Jireh",SGP,M,,,,1604,0,40,AUG25,2010,
5838940,"Tiong, Jaydon Kai Tai",SGP,M,,,,1519,6,40,AUG25,2015,
5825075,"Tjoeng, Clarisse Giovanna",SGP,F,,,,1585,0,40,AUG25,2008,wi
5829011,"Tobin, Paul Nicholas",SGP,M,,,,1627,0,20,AUG25,1964,
5829020,"Tobin, William Christie",SGP,M,,,,1539,0,20,AUG25,2006,
5848768,"Toh, Jun Yu",SGP,M,,,,1467,0,40,AUG25,2009,i
5801087,"Toh, Li Cheng",SGP,F,WFM,WFM,,1864,0,20,AUG25,1992,wi
5800323,"Toh, Terry",SGP,M,IM,,,2394,0,10,AUG25,1974,i
5833779,"Tong, Yaocong Isaac",SGP,M,,,,ACM,1445,0,AUG25,2011,
5803055,"Tong, Yimin",SGP,M,,,,1879,0,40,AUG25,1991,i
1208624,"Urcan, Olimpiu G",SGP,M,CM,,,2009,0,20,AUG25,1977,i
5836743,"Vaishak, Pradeep",SGP,M,,,,1490,0,40,AUG25,2008,
5825890,"Vaishnav, Muralidharan",SGP,M,,,,1443,0,40,AUG25,2001,i
33369780,Vedant Nayudu,SGP,M,,,,1896,18,40,AUG25,2011,
5825881,Vedika Gupta,SGP,F,,,,1482,0,20,AUG25,2003,wi
5819881,"Venkateswaran, Ramgopal",SGP,M,,,,1771,0,40,AUG25,1998,i
5817390,"Vignesh, Soundara Rajan",SGP,M,,,,1680,0,20,AUG25,2001,i
5833655,"Vijay, Rege",SGP,M,,,,2013,0,40,AUG25,2009,
5200393,"Villamayor, Buenaventura",SGP,M,GM,FA,,2293,0,10,AUG25,1967,
5830591,"Vinai, Gopalakrishnan",SGP,M,,,,1494,0,20,AUG25,1984,i
5829445,"Vinesh, Venkata Narayanaswamy",SGP,M,,,,ACM,1711,0,AUG25,2010,
5851084,"Vishwakarthi, Vihaan",SGP,M,,,,1435,7,40,AUG25,2015,
5851092,"Vishwakarthi, Vikram",SGP,M,,,,1449,6,40,AUG25,2018,
5839467,"Vogel, Francis Michael Li Zhang",SGP,M,,DI,,1744,0,40,AUG25,2005,
5835283,"Vyas, Kilari Vigneshwaran",SGP,M,,,,1488,0,40,AUG25,2014,
5807212,"Wagish, Kumar Rai",SGP,M,,"NI,NA",,AIM,1564,0,AUG25,1991,i
5833744,"Wang, Encheng",SGP,M,,,,1472,0,40,AUG25,2011,i
5812453,"Wang, Jiahe",SGP,M,,,,1644,0,40,AUG25,2003,i
6006566,"Wang, Julian Samuel",SGP,M,,,,1533,0,40,AUG25,2011,i
5839963,"Wang, Leonardo Xirui",SGP,M,,,,1738,4,40,AUG25,2011,
5806518,"Wang, Lixin",SGP,M,,,,1810,0,20,AUG25,2004,i
5834856,"Wang, Mi Ya Mia",SGP,F,,,,1409,1,40,AUG25,2014,w
5836131,"Wang, Ningnan",SGP,M,,,,1726,0,40,AUG25,2014,
5821746,"Wang, Shi Tong Ron",SGP,M,,,,1481,0,40,AUG25,2009,i
5854237,"Wang, Yan Chuan Jude",SGP,M,,,,1438,0,40,AUG25,2012,i
5844550,"Wang, Yuchen",SGP,M,,,,1763,0,40,AUG25,2012,
5802040,"Wee, Chu En Kelvin",SGP,M,,IA,,2075,0,20,AUG25,1990,i
5801214,"Wee, Chun Jie Eugene",SGP,M,,,,2042,0,20,AUG25,1996,i
5827043,"Wee, Jie-De Jacob",SGP,M,,,,1420,0,40,AUG25,2011,
5819571,"Wee, Jun Jie Cayden",SGP,M,,,,1610,0,40,AUG25,2007,i
5835224,"Wee, Le-De Lucas",SGP,M,,,,1455,0,40,AUG25,2014,
5804019,"Wee, Timothy",SGP,M,,,,1918,0,40,AUG25,1989,i
5833019,"Wee, Yi Heng Ethan",SGP,M,,,,1402,0,40,AUG25,2012,i
5836352,"Wee, Yu Heng Lucas John",SGP,M,,,,1710,16,40,AUG25,2016,
5800986,"Wee, Zhen Chian",SGP,M,,,,2030,0,20,AUG25,1991,i
5800811,"Wee, Zhen Yang",SGP,M,,,,2082,0,20,AUG25,1987,i
5819580,"Wei, Zirui Gabriel",SGP,M,,,,1516,0,40,AUG25,2007,i
5838690,"Weng, Oliver",SGP,M,,,,1543,0,40,AUG25,2014,
5800250,"Williams, Winston",SGP,M,CM,,,2150,0,20,AUG25,1958,i
5803071,"Wong, Anand",SGP,M,,,,1546,0,40,AUG25,0,i
5809614,"Wong, Chien Rong Kevin",SGP,M,,,,1744,0,40,AUG25,2001,i
5839793,"Wong, Criston Sung Jun",SGP,M,,,,1556,0,40,AUG25,2014,
5826403,"Wong, En Hao Jayden",SGP,M,,,,1408,0,40,AUG25,2005,i
5836441,"Wong, En Ting Alesa",SGP,F,,,,1423,0,40,AUG25,2013,w
5854997,"Wong, Foo Leong",SGP,M,,,,1482,0,40,AUG25,1972,i
5800110,"Wong, Foong Yin",SGP,M,FM,,,2292,0,20,AUG25,1968,i
5837774,"Wong, Hong Yuan",SGP,M,,,,1493,0,40,AUG25,2014,
5801796,"Wong, Hoong An",SGP,M,,,,1896,0,20,AUG25,1978,i
5811538,"Wong, Howard",SGP,M,,,,1814,0,40,AUG25,1966,i
5821487,"Wong, Jun Seth",SGP,M,,,,1426,0,40,AUG25,2005,i
5861870,"Wong, Kwok Onn Ian",SGP,M,,,,AFM,1785,0,AUG25,1967,
5800030,"Wong, Meng Kong",SGP,M,GM,,,2191,0,10,AUG25,1963,i
5800234,"Wong, Meng Leong",SGP,M,,,,2237,0,20,AUG25,1962,i
5831296,"Wong, Ming Wei Benjamin",SGP,M,,,,1530,0,40,AUG25,2012,
5804140,"Wong, Ngiam Yee",SGP,M,,,,2051,0,40,AUG25,1953,i
5802369,"Wong, Shern Yang Jonathan",SGP,M,FM,,,1859,0,20,AUG25,1996,i
5806500,"Wong, Shyun Fwu Aldrin",SGP,M,,,,AIM,1645,0,AUG25,1970,
5830419,"Wong, Teng Hao Cervon",SGP,M,,,,1551,0,40,AUG25,2005,i
5800153,"Wong, Terence",SGP,M,,,,2275,0,20,AUG25,0,i
5801109,"Wong, Tsui Hern Daryl",SGP,M,FM,,,1984,0,20,AUG25,1993,i
5834694,"Wong, Tzejin Zavier",SGP,M,,,,1623,0,40,AUG25,2014,
5829330,"Wong, Xin Li",SGP,M,,,,1457,0,40,AUG25,2010,
6000908,"Wong, Yee Chit",SGP,M,CM,,,2229,0,20,AUG25,2000,i
5827701,"Wong, Yen-Hsiu Elliot",SGP,M,,,,1911,8,40,AUG25,2011,
5825415,"Wong, Yip Fung",SGP,M,,,,1501,0,40,AUG25,2009,
5801230,"Wong, Zeng Rong",SGP,M,,,,1903,0,20,AUG25,1993,i
5821975,"Wong, Zhenyong Jayden",SGP,M,IM,,,2402,0,10,AUG25,2006,
5849071,"Wong, Zhong Yue Dwane",SGP,M,,,,1549,0,40,AUG25,2006,
5804906,"Woong, Zhi Wei William",SGP,M,CM,,,2174,0,20,AUG25,2001,i
5833728,"Wu, Chenyu",SGP,M,,,,1714,0,40,AUG25,2014,
6015620,"Wu, Haoyang",SGP,M,,,,1613,1,40,AUG25,2014,
5814510,"Wu, Jian Zhong Timothy",SGP,M,,,,1803,0,40,AUG25,1999,i
5833540,"Wu, Lin Feng",SGP,M,,,,1629,0,40,AUG25,2007,i
5832705,"Wu, Qihan",SGP,F,,,,1402,0,40,AUG25,2011,w
5800714,"Wu, Shaobin",SGP,M,GM,,,2447,0,10,AUG25,1969,i
5839378,"Wu, Yihan Charles",SGP,M,,,,1483,0,40,AUG25,2012,
5817153,"Xavier, Negron",SGP,M,,,,1824,0,20,AUG25,1997,
5855373,"Xia, Weiyi",SGP,M,,,,1540,0,40,AUG25,2014,
5820405,"Xiao, Edmund",SGP,M,,,,1582,0,40,AUG25,2004,i
5806119,"Xie, Zu En Jeremiah",SGP,M,,,,1639,0,20,AUG25,2003,i
5834481,"Xu, Feiyu",SGP,M,,,,1634,0,40,AUG25,2003,i
5819601,"Xu, Xi Wei",SGP,M,,,,1602,0,40,AUG25,2006,i
72900482,"Yadav, Atharv",SGP,M,,,,1495,0,40,AUG25,2007,
5835100,"Yang, Jialu",SGP,M,,,,1507,0,40,AUG25,2013,
5825431,"Yang, Xin Yue",SGP,F,,,,1476,0,40,AUG25,2007,wi
5827892,"Yang, Yunsen",SGP,M,,,,1544,0,40,AUG25,2010,
5827612,"Yap, Bao Rui Edric",SGP,M,,,,1583,0,40,AUG25,2009,i
5848466,"Yap, Bernard Chur Jiun",SGP,M,,,,1597,0,40,AUG25,1981,
5856230,"Yap, Chee Khean",SGP,M,,,,1514,0,40,AUG25,1977,
5835780,"Yap, Ding Xuan",SGP,M,,,,1514,0,40,AUG25,2008,
5824788,"Yap, Jie Han Luke",SGP,M,,,,1416,0,40,AUG25,2008,i
5837545,"Yap, Jin Cheng",SGP,M,,,,1540,0,40,AUG25,2008,i
5829232,"Yap, Shen Yu",SGP,M,,,,1530,0,40,AUG25,2012,
5801133,"Yap, Xiu Huan",SGP,F,,,,1869,0,40,AUG25,1989,wi
5801630,"Yap, Yong Li Jordan",SGP,M,CM,,,1906,0,20,AUG25,1995,i
33339554,Yashika Das,SGP,F,,,,1533,0,40,AUG25,2010,w
5837529,"Yeap, Jing Chen",SGP,M,,,,1695,1,40,AUG25,2016,
5834163,"Yeap, Jing Feng",SGP,M,,,,1558,0,40,AUG25,2014,
5826934,"Yen, Gideon",SGP,M,,,,1651,0,40,AUG25,2010,i
5844053,"Yeo, Emily Xiuhan",SGP,F,,,,1552,0,40,AUG25,2011,w
5843529,"Yeo, Evan Hunter",SGP,M,,,,1517,0,40,AUG25,2014,
5845408,"Yeo, Jin Kai",SGP,M,,NA,,1454,0,40,AUG25,2004,i
5836395,"Yeo, Jing Kai Raydon",SGP,M,,,,1544,0,40,AUG25,2013,
5816971,"Yeo, Kai Jun Michael",SGP,M,,,,1633,0,20,AUG25,2006,i
5823293,"Yeo, Klaus Lucas",SGP,M,,,,1832,0,40,AUG25,2009,
5805759,"Yeo, Kok Wei Adrian",SGP,M,,,,1834,0,40,AUG25,1999,i
5850150,"Yeo, Lucas Li Zhe",SGP,M,,,,1619,0,40,AUG25,2010,
5831407,"Yeo, Matthias Kiran",SGP,M,,,,1450,0,40,AUG25,2012,
5800897,"Yeo, Min Yang Evan",SGP,M,FM,,,2264,0,20,AUG25,1989,i
5806984,"Yeo, Ruizhi Carwyn",SGP,M,,,,AGM,1978,0,AUG25,2002,i
5836069,"Yeo, Si En Faith",SGP,F,,,,1633,8,40,AUG25,2014,w
5836077,"Yeo, Si Xu Shane",SGP,M,,,,1466,8,40,AUG25,2016,
5836085,"Yeo, Si Xun Shaun",SGP,M,,,,1530,9,40,AUG25,2016,
5804914,"Yeoh, Khay Guan",SGP,M,,,,1882,0,40,AUG25,1962,i
5710529,"Yeoh, Seong Jui Michael",SGP,M,,,,1828,0,20,AUG25,2005,i
5812356,"Yeow, Elizabeth",SGP,F,,,,1775,0,40,AUG25,0,wi
5868203,"Yeung, Tze Hei",SGP,M,,,,1505,0,40,AUG25,2009,
5867452,"Yi, Taifeng",SGP,M,,,,ACM,1487,0,AUG25,2008,
5804183,"Yick, Benjamin Oliver",SGP,M,,,,1746,0,20,AUG25,1999,i
5811554,"Yin, Haoran",SGP,M,,,,1770,0,20,AUG25,2003,
5840333,"Yip, Isaac Yong",SGP,M,,,,1485,0,40,AUG25,2009,
5825806,"Yogesh, Vivek Shelgaonkar",SGP,M,,,,1772,9,20,AUG25,1997,
5821126,"Yong, Chun How",SGP,M,,,,1635,0,40,AUG25,1987,i
5824451,"Yong, Guan Yi Randall",SGP,M,,,,1417,0,40,AUG25,2008,i
5802377,"Yong, Han Shawn",SGP,M,,,,1980,0,20,AUG25,1995,i
5839165,"Yong, Hock Hee",SGP,M,,,,1681,0,40,AUG25,2012,
5824460,"Yong, Zheng Yan Ryan",SGP,M,,,,1527,0,40,AUG25,2007,i
5813042,"You, Xinyu Tom",SGP,M,,,,1715,0,20,AUG25,2005,i
5833639,"Yu, Bei Hao",SGP,M,,,,1784,0,40,AUG25,2009,
5820359,"Yu, Grace",SGP,F,,,,1470,0,20,AUG25,2005,wi
5804728,"Yu, Guanhua",SGP,M,,,,1763,0,40,AUG25,1999,i
5832179,"Yu, Jianpeng Alvin",SGP,M,,,,1535,0,40,AUG25,2012,
5828686,"Yu, Kaiyi",SGP,M,,,,1728,0,40,AUG25,2012,
5806135,"Yu, Zhengwen",SGP,M,,,,1722,0,40,AUG25,2002,i
5802571,"Yuan, Wei Ting",SGP,F,,,,1834,0,20,AUG25,1997,wi
5801877,"Zhang, Changjie",SGP,M,,,,1808,0,40,AUG25,1988,
5844959,"Zhang, Dingxuan",SGP,M,,,,1464,0,40,AUG25,2010,
5834287,"Zhang, Xinglong",SGP,M,,,,1509,0,40,AUG25,1989,i
5857651,"Zhang, Yunyi",SGP,F,,,,1455,8,40,AUG25,2017,w
5832632,"Zhang, Zixuan",SGP,M,,,,1538,0,40,AUG25,2013,
5825512,"Zhao, Minnan Jeslyn",SGP,F,,,,1447,0,40,AUG25,2008,wi
5837898,"Zheng, Yi Jie",SGP,M,,,,1514,0,40,AUG25,2013,
5832810,"Zheng, Yuanheng",SGP,M,,,,1617,0,40,AUG25,2006,i
5849136,"Zhou, Ruixi Kendrick",SGP,M,,,,AFM,1499,4,AUG25,2015,
5837170,"Zhou, Yi Kelvin",SGP,M,,FA,,1522,0,40,AUG25,1998,i
5821347,"Zhu, Lehan",SGP,M,,,,1525,0,40,AUG25,2007,i
5834899,"Ziegler, Isaac",SGP,M,,,,1538,0,40,AUG25,2015,
5826241,"Ziegler, Jamie Elias",SGP,M,,,,1617,0,40,AUG25,2012,i
5821797,"Zou, Qixuan",SGP,F,,,,1432,0,40,AUG25,2006,wi