[
  {
    "ID Number": "21533946"
  },
  {
    "ID Number": "21505330"
  },
  {
    "ID Number": "21514429"
  },
  {
    "ID Number": "21529574"
  },
  {
    "ID Number": "21518165"
  },
  {
    "ID Number": "21506523"
  },
  {
    "ID Number": "21501440"
  },
  {
    "ID Number": "21501505"
  },
  {
    "ID Number": "21513228"
  },
  {
    "ID Number": "21501092"
  },
  {
    "ID Number": "21501858"
  },
  {
    "ID Number": "21510415"
  },
  {
    "ID Number": "21507767"
  },
  {
    "ID Number": "21505373"
  },
  {
    "ID Number": "21510130"
  },
  {
    "ID Number": "21501475"
  },
  {
    "ID Number": "21500878"
  },
  {
    "ID Number": "21500118"
  },
  {
    "ID Number": "21501424"
  },
  {
    "ID Number": "21504121"
  },
  {
    "ID Number": "21510962"
  },
  {
    "ID Number": "21504482"
  },
  {
    "ID Number": "21504539"
  },
  {
    "ID Number": "21518688"
  },
  {
    "ID Number": "21521433"
  },
  {
    "ID Number": "21508976"
  },
  {
    "ID Number": "21503974"
  },
  {
    "ID Number": "21515492"
  },
  {
    "ID Number": "21500142"
  },
  {
    "ID Number": "21500592"
  },
  {
    "ID Number": "21501343"
  },
  {
    "ID Number": "21520518"
  },
  {
    "ID Number": "21521441"
  },
  {
    "ID Number": "21500029"
  },
  {
    "ID Number": "21500371"
  },
  {
    "ID Number": "21501009"
  },
  {
    "ID Number": "21502110"
  },
  {
    "ID Number": "21508828"
  },
  {
    "ID Number": "21510334"
  },
  {
    "ID Number": "21500177"
  },
  {
    "ID Number": "21503826"
  },
  {
    "ID Number": "21500185"
  },
  {
    "ID Number": "21504580"
  },
  {
    "ID Number": "21501122"
  },
  {
    "ID Number": "21506094"
  },
  {
    "ID Number": "21502129"
  },
  {
    "ID Number": "21500681"
  },
  {
    "ID Number": "21503079"
  },
  {
    "ID Number": "21502137"
  },
  {
    "ID Number": "21500380"
  },
  {
    "ID Number": "21500193"
  },
  {
    "ID Number": "21504610"
  },
  {
    "ID Number": "21500908"
  },
  {
    "ID Number": "21500045"
  },
  {
    "ID Number": "21500207"
  },
  {
    "ID Number": "21501181"
  },
  {
    "ID Number": "21501777"
  },
  {
    "ID Number": "21501130"
  },
  {
    "ID Number": "21509085"
  },
  {
    "ID Number": "21526699"
  },
  {
    "ID Number": "21509603"
  },
  {
    "ID Number": "21507104"
  },
  {
    "ID Number": "21500037"
  },
  {
    "ID Number": "21500053"
  },
  {
    "ID Number": "21521069"
  },
  {
    "ID Number": "21510440"
  },
  {
    "ID Number": "21502200"
  },
  {
    "ID Number": "21512345"
  },
  {
    "ID Number": "21503460"
  },
  {
    "ID Number": "21500223"
  },
  {
    "ID Number": "21501807"
  },
  {
    "ID Number": "21504016"
  },
  {
    "ID Number": "21519064"
  },
  {
    "ID Number": "21500525"
  },
  {
    "ID Number": "21501327"
  },
  {
    "ID Number": "21500959"
  },
  {
    "ID Number": "21503303"
  },
  {
    "ID Number": "21500258"
  },
  {
    "ID Number": "21510156"
  },
  {
    "ID Number": "21502218"
  },
  {
    "ID Number": "21501572"
  },
  {
    "ID Number": "21502390"
  },
  {
    "ID Number": "21500541"
  },
  {
    "ID Number": "21503850"
  },
  {
    "ID Number": "21500401"
  },
  {
    "ID Number": "21506213"
  },
  {
    "ID Number": "21501106"
  },
  {
    "ID Number": "21502404"
  },
  {
    "ID Number": "21501351"
  },
  {
    "ID Number": "21501432"
  },
  {
    "ID Number": "21509620"
  },
  {
    "ID Number": "21500266"
  },
  {
    "ID Number": "21500967"
  },
  {
    "ID Number": "21504512"
  },
  {
    "ID Number": "21526770"
  },
  {
    "ID Number": "21528926"
  },
  {
    "ID Number": "21506221"
  },
  {
    "ID Number": "21537950"
  },
  {
    "ID Number": "21521832"
  },
  {
    "ID Number": "21527539"
  },
  {
    "ID Number": "21508488"
  },
  {
    "ID Number": "21529787"
  },
  {
    "ID Number": "21513562"
  },
  {
    "ID Number": "21535540"
  },
  {
    "ID Number": "21524149"
  },
  {
    "ID Number": "21500088"
  },
  {
    "ID Number": "21526893"
  },
  {
    "ID Number": "21517517"
  },
  {
    "ID Number": "21536171"
  },
  {
    "ID Number": "21500150"
  },
  {
    "ID Number": "21511306"
  },
  {
    "ID Number": "21512620"
  },
  {
    "ID Number": "21514917"
  },
  {
    "ID Number": "21520941"
  },
  {
    "ID Number": "21514933"
  },
  {
    "ID Number": "21514950"
  },
  {
    "ID Number": "21522324"
  },
  {
    "ID Number": "21511322"
  },
  {
    "ID Number": "21514968"
  },
  {
    "ID Number": "21514976"
  },
  {
    "ID Number": "21522642"
  },
  {
    "ID Number": "21502226"
  },
  {
    "ID Number": "21510288"
  },
  {
    "ID Number": "21525005"
  },
  {
    "ID Number": "21514542"
  },
  {
    "ID Number": "21536562"
  },
  {
    "ID Number": "21502234"
  },
  {
    "ID Number": "21525692"
  },
  {
    "ID Number": "21514569"
  },
  {
    "ID Number": "21534284"
  },
  {
    "ID Number": "21520968"
  },
  {
    "ID Number": "21511330"
  },
  {
    "ID Number": "21525323"
  },
  {
    "ID Number": "21530483"
  },
  {
    "ID Number": "21530700"
  },
  {
    "ID Number": "21525919"
  },
  {
    "ID Number": "21513473"
  },
  {
    "ID Number": "21515026"
  },
  {
    "ID Number": "21523223"
  },
  {
    "ID Number": "21524165"
  },
  {
    "ID Number": "21534110"
  },
  {
    "ID Number": "21524246"
  },
  {
    "ID Number": "21530327"
  },
  {
    "ID Number": "21534039"
  },
  {
    "ID Number": "21539448"
  },
  {
    "ID Number": "21526273"
  },
  {
    "ID Number": "21511772"
  },
  {
    "ID Number": "21521042"
  },
  {
    "ID Number": "21525978"
  },
  {
    "ID Number": "21524009"
  },
  {
    "ID Number": "21523940"
  },
  {
    "ID Number": "21527709"
  },
  {
    "ID Number": "21521514"
  },
  {
    "ID Number": "21528560"
  },
  {
    "ID Number": "21517061"
  },
  {
    "ID Number": "21524220"
  },
  {
    "ID Number": "21523134"
  },
  {
    "ID Number": "21518840"
  },
  {
    "ID Number": "21532508"
  },
  {
    "ID Number": "21515239"
  },
  {
    "ID Number": "21525021"
  },
  {
    "ID Number": "21533288"
  },
  {
    "ID Number": "21534071"
  },
  {
    "ID Number": "21531242"
  },
  {
    "ID Number": "21511217"
  },
  {
    "ID Number": "21525455"
  },
  {
    "ID Number": "21508887"
  },
  {
    "ID Number": "21534012"
  },
  {
    "ID Number": "21529078"
  },
  {
    "ID Number": "21532613"
  },
  {
    "ID Number": "21537020"
  },
  {
    "ID Number": "21527725"
  },
  {
    "ID Number": "21531285"
  },
  {
    "ID Number": "21518050"
  },
  {
    "ID Number": "21511390"
  },
  {
    "ID Number": "21524599"
  },
  {
    "ID Number": "21524335"
  },
  {
    "ID Number": "21536554"
  },
  {
    "ID Number": "21532133"
  },
  {
    "ID Number": "21506477"
  },
  {
    "ID Number": "21518807"
  },
  {
    "ID Number": "21522936"
  },
  {
    "ID Number": "21504687"
  },
  {
    "ID Number": "21534764"
  },
  {
    "ID Number": "21524416"
  },
  {
    "ID Number": "21507996"
  },
  {
    "ID Number": "21530432"
  },
  {
    "ID Number": "21511152"
  },
  {
    "ID Number": "21509166"
  },
  {
    "ID Number": "21502145"
  },
  {
    "ID Number": "21501785"
  },
  {
    "ID Number": "21501661"
  },
  {
    "ID Number": "21546878"
  },
  {
    "ID Number": "21508267"
  },
  {
    "ID Number": "21524491"
  },
  {
    "ID Number": "21512647"
  },
  {
    "ID Number": "21504164"
  },
  {
    "ID Number": "21502277"
  },
  {
    "ID Number": "21509476"
  },
  {
    "ID Number": "21504270"
  },
  {
    "ID Number": "21505543"
  },
  {
    "ID Number": "21533547"
  },
  {
    "ID Number": "21512094"
  },
  {
    "ID Number": "21512507"
  },
  {
    "ID Number": "21505578"
  },
  {
    "ID Number": "21535981"
  },
  {
    "ID Number": "21500096"
  },
  {
    "ID Number": "21500290"
  },
  {
    "ID Number": "21533830"
  },
  {
    "ID Number": "21533881"
  },
  {
    "ID Number": "21500304"
  },
  {
    "ID Number": "21512329"
  },
  {
    "ID Number": "21512493"
  },
  {
    "ID Number": "21500975"
  },
  {
    "ID Number": "21510393"
  },
  {
    "ID Number": "21500460"
  },
  {
    "ID Number": "21518076"
  },
  {
    "ID Number": "21500363"
  },
  {
    "ID Number": "21527474"
  },
  {
    "ID Number": "21500479"
  },
  {
    "ID Number": "21530386"
  },
  {
    "ID Number": "21508054"
  },
  {
    "ID Number": "21512035"
  },
  {
    "ID Number": "21501564"
  },
  {
    "ID Number": "21501815"
  },
  {
    "ID Number": "21500355"
  },
  {
    "ID Number": "21500339"
  },
  {
    "ID Number": "21501262"
  },
  {
    "ID Number": "21503923"
  },
  {
    "ID Number": "21503931"
  },
  {
    "ID Number": "21500550"
  },
  {
    "ID Number": "21503575"
  },
  {
    "ID Number": "21503648"
  },
  {
    "ID Number": "21528152"
  },
  {
    "ID Number": "21509379"
  },
  {
    "ID Number": "21521794"
  },
  {
    "ID Number": "21502315"
  },
  {
    "ID Number": "21518459"
  },
  {
    "ID Number": "21508364"
  },
  {
    "ID Number": "21531803"
  },
  {
    "ID Number": "21523274"
  },
  {
    "ID Number": "21522804"
  }
]