[
  {
    "ID Number": "2618281"
  },
  {
    "ID Number": "2617854"
  },
  {
    "ID Number": "2633841"
  },
  {
    "ID Number": "2648768"
  },
  {
    "ID Number": "2606879"
  },
  {
    "ID Number": "2614758"
  },
  {
    "ID Number": "2647176"
  },
  {
    "ID Number": "2630958"
  },
  {
    "ID Number": "11202270"
  },
  {
    "ID Number": "2635720"
  },
  {
    "ID Number": "2670933"
  },
  {
    "ID Number": "2627248"
  },
  {
    "ID Number": "2671158"
  },
  {
    "ID Number": "2647745"
  },
  {
    "ID Number": "30943329"
  },
  {
    "ID Number": "30943515"
  },
  {
    "ID Number": "2649403"
  },
  {
    "ID Number": "2661276"
  },
  {
    "ID Number": "2656744"
  },
  {
    "ID Number": "2641550"
  },
  {
    "ID Number": "2613441"
  },
  {
    "ID Number": "2646781"
  },
  {
    "ID Number": "2649772"
  },
  {
    "ID Number": "13432834"
  },
  {
    "ID Number": "2605503"
  },
  {
    "ID Number": "2625261"
  },
  {
    "ID Number": "2606887"
  },
  {
    "ID Number": "25111710"
  },
  {
    "ID Number": "2648105"
  },
  {
    "ID Number": "2622394"
  },
  {
    "ID Number": "2616297"
  },
  {
    "ID Number": "2629291"
  },
  {
    "ID Number": "2605791"
  },
  {
    "ID Number": "2660490"
  },
  {
    "ID Number": "2623188"
  },
  {
    "ID Number": "2623897"
  },
  {
    "ID Number": "2614944"
  },
  {
    "ID Number": "2644770"
  },
  {
    "ID Number": "10238948"
  },
  {
    "ID Number": "2640350"
  },
  {
    "ID Number": "2649209"
  },
  {
    "ID Number": "12500305"
  },
  {
    "ID Number": "2640163"
  },
  {
    "ID Number": "2601150"
  },
  {
    "ID Number": "2654741"
  },
  {
    "ID Number": "2648415"
  },
  {
    "ID Number": "2647656"
  },
  {
    "ID Number": "2613042"
  },
  {
    "ID Number": "2643162"
  },
  {
    "ID Number": "4100140"
  },
  {
    "ID Number": "2652706"
  },
  {
    "ID Number": "2659425"
  },
  {
    "ID Number": "2663651"
  },
  {
    "ID Number": "2619768"
  },
  {
    "ID Number": "2806770"
  },
  {
    "ID Number": "2605120"
  },
  {
    "ID Number": "2628155"
  },
  {
    "ID Number": "2632896"
  },
  {
    "ID Number": "2616122"
  },
  {
    "ID Number": "2626675"
  },
  {
    "ID Number": "2609541"
  },
  {
    "ID Number": "2609843"
  },
  {
    "ID Number": "2640961"
  },
  {
    "ID Number": "2629550"
  },
  {
    "ID Number": "2662450"
  },
  {
    "ID Number": "2672243"
  },
  {
    "ID Number": "2666138"
  },
  {
    "ID Number": "2637898"
  },
  {
    "ID Number": "2656663"
  },
  {
    "ID Number": "2641151"
  },
  {
    "ID Number": "2640600"
  },
  {
    "ID Number": "2609550"
  },
  {
    "ID Number": "2656760"
  },
  {
    "ID Number": "2671093"
  },
  {
    "ID Number": "2625059"
  },
  {
    "ID Number": "2648830"
  },
  {
    "ID Number": "2668688"
  },
  {
    "ID Number": "2652056"
  },
  {
    "ID Number": "2626454"
  },
  {
    "ID Number": "2672960"
  },
  {
    "ID Number": "2647583"
  },
  {
    "ID Number": "2603489"
  },
  {
    "ID Number": "2646820"
  },
  {
    "ID Number": "2661772"
  },
  {
    "ID Number": "2624214"
  },
  {
    "ID Number": "2606925"
  },
  {
    "ID Number": "2640740"
  },
  {
    "ID Number": "2603365"
  },
  {
    "ID Number": "2614324"
  },
  {
    "ID Number": "2611856"
  },
  {
    "ID Number": "329218586"
  },
  {
    "ID Number": "2674742"
  },
  {
    "ID Number": "2617277"
  },
  {
    "ID Number": "2669153"
  },
  {
    "ID Number": "2671476"
  },
  {
    "ID Number": "2616564"
  },
  {
    "ID Number": "2663260"
  },
  {
    "ID Number": "2629674"
  },
  {
    "ID Number": "2656540"
  },
  {
    "ID Number": "2620596"
  },
  {
    "ID Number": "2623242"
  },
  {
    "ID Number": "2621630"
  },
  {
    "ID Number": "2646838"
  },
  {
    "ID Number": "2662175"
  },
  {
    "ID Number": "2652331"
  },
  {
    "ID Number": "4150740"
  },
  {
    "ID Number": "2603616"
  },
  {
    "ID Number": "39922111"
  },
  {
    "ID Number": "329218272"
  },
  {
    "ID Number": "329219144"
  },
  {
    "ID Number": "2613506"
  },
  {
    "ID Number": "2660601"
  },
  {
    "ID Number": "2606933"
  },
  {
    "ID Number": "2650118"
  },
  {
    "ID Number": "2601486"
  },
  {
    "ID Number": "2611112"
  },
  {
    "ID Number": "2625547"
  },
  {
    "ID Number": "2671107"
  },
  {
    "ID Number": "2607867"
  },
  {
    "ID Number": "2632535"
  },
  {
    "ID Number": "2600803"
  },
  {
    "ID Number": "2629895"
  },
  {
    "ID Number": "2646846"
  },
  {
    "ID Number": "2605775"
  },
  {
    "ID Number": "2647770"
  },
  {
    "ID Number": "2626152"
  },
  {
    "ID Number": "2676583"
  },
  {
    "ID Number": "2656809"
  },
  {
    "ID Number": "2622530"
  },
  {
    "ID Number": "2648814"
  },
  {
    "ID Number": "2622440"
  },
  {
    "ID Number": "2644495"
  },
  {
    "ID Number": "2634155"
  },
  {
    "ID Number": "2645645"
  },
  {
    "ID Number": "2617099"
  },
  {
    "ID Number": "2645653"
  },
  {
    "ID Number": "2640562"
  },
  {
    "ID Number": "2646854"
  },
  {
    "ID Number": "2633167"
  },
  {
    "ID Number": "2613530"
  },
  {
    "ID Number": "2653079"
  },
  {
    "ID Number": "2614782"
  },
  {
    "ID Number": "2661306"
  },
  {
    "ID Number": "2646862"
  },
  {
    "ID Number": "2657694"
  },
  {
    "ID Number": "2640538"
  },
  {
    "ID Number": "2651637"
  },
  {
    "ID Number": "2616653"
  },
  {
    "ID Number": "2671280"
  },
  {
    "ID Number": "2656140"
  },
  {
    "ID Number": "2614197"
  },
  {
    "ID Number": "2648423"
  },
  {
    "ID Number": "2621932"
  },
  {
    "ID Number": "2611880"
  },
  {
    "ID Number": "2621940"
  },
  {
    "ID Number": "2648580"
  },
  {
    "ID Number": "2623927"
  },
  {
    "ID Number": "2603578"
  },
  {
    "ID Number": "2645742"
  },
  {
    "ID Number": "2617072"
  },
  {
    "ID Number": "2670755"
  },
  {
    "ID Number": "2630451"
  },
  {
    "ID Number": "2623552"
  },
  {
    "ID Number": "2671115"
  },
  {
    "ID Number": "2624150"
  },
  {
    "ID Number": "2618044"
  },
  {
    "ID Number": "2606054"
  },
  {
    "ID Number": "2675820"
  },
  {
    "ID Number": "2656671"
  },
  {
    "ID Number": "25980548"
  },
  {
    "ID Number": "5220440"
  },
  {
    "ID Number": "33403899"
  },
  {
    "ID Number": "2635143"
  },
  {
    "ID Number": "14149893"
  },
  {
    "ID Number": "2661411"
  },
  {
    "ID Number": "2645637"
  },
  {
    "ID Number": "2662736"
  },
  {
    "ID Number": "2603950"
  },
  {
    "ID Number": "2625202"
  },
  {
    "ID Number": "2640686"
  },
  {
    "ID Number": "25963694"
  },
  {
    "ID Number": "2634309"
  },
  {
    "ID Number": "2662744"
  },
  {
    "ID Number": "2647699"
  },
  {
    "ID Number": "2613611"
  },
  {
    "ID Number": "2648997"
  },
  {
    "ID Number": "2634023"
  },
  {
    "ID Number": "2643340"
  },
  {
    "ID Number": "2676648"
  },
  {
    "ID Number": "2671123"
  },
  {
    "ID Number": "2655918"
  },
  {
    "ID Number": "2603977"
  },
  {
    "ID Number": "2648164"
  },
  {
    "ID Number": "919101"
  },
  {
    "ID Number": "2608367"
  },
  {
    "ID Number": "2614316"
  },
  {
    "ID Number": "2617587"
  },
  {
    "ID Number": "2632128"
  },
  {
    "ID Number": "2654679"
  },
  {
    "ID Number": "2654687"
  },
  {
    "ID Number": "2601559"
  },
  {
    "ID Number": "2607395"
  },
  {
    "ID Number": "2622203"
  },
  {
    "ID Number": "2629569"
  },
  {
    "ID Number": "2648725"
  },
  {
    "ID Number": "2638886"
  },
  {
    "ID Number": "2647591"
  },
  {
    "ID Number": "2617188"
  },
  {
    "ID Number": "329218432"
  },
  {
    "ID Number": "150267727"
  },
  {
    "ID Number": "2601079"
  },
  {
    "ID Number": "2672367"
  },
  {
    "ID Number": "2622386"
  },
  {
    "ID Number": "2638215"
  },
  {
    "ID Number": "2634503"
  },
  {
    "ID Number": "2635550"
  },
  {
    "ID Number": "2617528"
  },
  {
    "ID Number": "2627540"
  },
  {
    "ID Number": "2623579"
  },
  {
    "ID Number": "2657317"
  },
  {
    "ID Number": "2625318"
  },
  {
    "ID Number": "2650746"
  },
  {
    "ID Number": "2622602"
  },
  {
    "ID Number": "2646889"
  },
  {
    "ID Number": "2657082"
  },
  {
    "ID Number": "2601796"
  },
  {
    "ID Number": "2651556"
  },
  {
    "ID Number": "2603985"
  },
  {
    "ID Number": "2643715"
  },
  {
    "ID Number": "2662752"
  },
  {
    "ID Number": "2611406"
  },
  {
    "ID Number": "2669080"
  },
  {
    "ID Number": "2632543"
  },
  {
    "ID Number": "2660512"
  },
  {
    "ID Number": "2656124"
  },
  {
    "ID Number": "2618613"
  },
  {
    "ID Number": "2671743"
  },
  {
    "ID Number": "2659751"
  },
  {
    "ID Number": "2669650"
  },
  {
    "ID Number": "2606763"
  },
  {
    "ID Number": "2607310"
  },
  {
    "ID Number": "2625199"
  },
  {
    "ID Number": "2662639"
  },
  {
    "ID Number": "2600226"
  },
  {
    "ID Number": "2660717"
  },
  {
    "ID Number": "2646897"
  },
  {
    "ID Number": "2608375"
  },
  {
    "ID Number": "2610795"
  },
  {
    "ID Number": "2625334"
  },
  {
    "ID Number": "2657309"
  },
  {
    "ID Number": "2646900"
  },
  {
    "ID Number": "2643723"
  },
  {
    "ID Number": "2644533"
  },
  {
    "ID Number": "2650355"
  },
  {
    "ID Number": "2620561"
  },
  {
    "ID Number": "2668955"
  },
  {
    "ID Number": "2623412"
  },
  {
    "ID Number": "2638223"
  },
  {
    "ID Number": "2653117"
  },
  {
    "ID Number": "2640619"
  },
  {
    "ID Number": "2640147"
  },
  {
    "ID Number": "2629640"
  },
  {
    "ID Number": "2629429"
  },
  {
    "ID Number": "2638568"
  },
  {
    "ID Number": "2653125"
  },
  {
    "ID Number": "2612321"
  },
  {
    "ID Number": "54104564"
  },
  {
    "ID Number": "2656825"
  },
  {
    "ID Number": "1206303"
  },
  {
    "ID Number": "2616840"
  },
  {
    "ID Number": "2616190"
  },
  {
    "ID Number": "2630680"
  },
  {
    "ID Number": "2646919"
  },
  {
    "ID Number": "2601273"
  },
  {
    "ID Number": "2609568"
  },
  {
    "ID Number": "2672987"
  },
  {
    "ID Number": "2647800"
  },
  {
    "ID Number": "2614286"
  },
  {
    "ID Number": "2636271"
  },
  {
    "ID Number": "2623439"
  },
  {
    "ID Number": "2674220"
  },
  {
    "ID Number": "4170164"
  },
  {
    "ID Number": "2671760"
  },
  {
    "ID Number": "2656833"
  },
  {
    "ID Number": "2615410"
  },
  {
    "ID Number": "2609835"
  },
  {
    "ID Number": "2657732"
  },
  {
    "ID Number": "2630842"
  },
  {
    "ID Number": "2658917"
  },
  {
    "ID Number": "2663309"
  },
  {
    "ID Number": "2639220"
  },
  {
    "ID Number": "2659760"
  },
  {
    "ID Number": "2639440"
  },
  {
    "ID Number": "2644827"
  },
  {
    "ID Number": "2644185"
  },
  {
    "ID Number": "2676656"
  },
  {
    "ID Number": "2623374"
  },
  {
    "ID Number": "2636077"
  },
  {
    "ID Number": "2619113"
  },
  {
    "ID Number": "2644835"
  },
  {
    "ID Number": "2607433"
  },
  {
    "ID Number": "2644541"
  },
  {
    "ID Number": "2612232"
  },
  {
    "ID Number": "2631350"
  },
  {
    "ID Number": "2656850"
  },
  {
    "ID Number": "2618141"
  },
  {
    "ID Number": "2603870"
  },
  {
    "ID Number": "2602334"
  },
  {
    "ID Number": "2643456"
  },
  {
    "ID Number": "2638592"
  },
  {
    "ID Number": "2012618"
  },
  {
    "ID Number": "2670143"
  },
  {
    "ID Number": "2606577"
  },
  {
    "ID Number": "2657996"
  },
  {
    "ID Number": "2666324"
  },
  {
    "ID Number": "2629631"
  },
  {
    "ID Number": "2606771"
  },
  {
    "ID Number": "2622653"
  },
  {
    "ID Number": "25677063"
  },
  {
    "ID Number": "2647400"
  },
  {
    "ID Number": "2674416"
  },
  {
    "ID Number": "2671980"
  },
  {
    "ID Number": "2660610"
  },
  {
    "ID Number": "2661918"
  },
  {
    "ID Number": "2605139"
  },
  {
    "ID Number": "2637286"
  },
  {
    "ID Number": "2600048"
  },
  {
    "ID Number": "2661497"
  },
  {
    "ID Number": "2642344"
  },
  {
    "ID Number": "2660431"
  },
  {
    "ID Number": "2614227"
  },
  {
    "ID Number": "2647141"
  },
  {
    "ID Number": "2647508"
  },
  {
    "ID Number": "2640520"
  },
  {
    "ID Number": "2671310"
  },
  {
    "ID Number": "2644843"
  },
  {
    "ID Number": "2649020"
  },
  {
    "ID Number": "2670402"
  },
  {
    "ID Number": "2656884"
  },
  {
    "ID Number": "2632551"
  },
  {
    "ID Number": "2618150"
  },
  {
    "ID Number": "2622297"
  },
  {
    "ID Number": "2654415"
  },
  {
    "ID Number": "2671778"
  },
  {
    "ID Number": "2638240"
  },
  {
    "ID Number": "2655250"
  },
  {
    "ID Number": "329218782"
  },
  {
    "ID Number": "2619903"
  },
  {
    "ID Number": "2629445"
  },
  {
    "ID Number": "2608987"
  },
  {
    "ID Number": "2652420"
  },
  {
    "ID Number": "2670690"
  },
  {
    "ID Number": "2607522"
  },
  {
    "ID Number": "2662760"
  },
  {
    "ID Number": "2668807"
  },
  {
    "ID Number": "2607131"
  },
  {
    "ID Number": "2667274"
  },
  {
    "ID Number": "2667282"
  },
  {
    "ID Number": "2613158"
  },
  {
    "ID Number": "2658127"
  },
  {
    "ID Number": "12507440"
  },
  {
    "ID Number": "2628309"
  },
  {
    "ID Number": "2674360"
  },
  {
    "ID Number": "2618648"
  },
  {
    "ID Number": "2649284"
  },
  {
    "ID Number": "2646935"
  },
  {
    "ID Number": "2646943"
  },
  {
    "ID Number": "2619148"
  },
  {
    "ID Number": "2643855"
  },
  {
    "ID Number": "2637480"
  },
  {
    "ID Number": "2627922"
  },
  {
    "ID Number": "2629658"
  },
  {
    "ID Number": "2623218"
  },
  {
    "ID Number": "2645890"
  },
  {
    "ID Number": "2651645"
  },
  {
    "ID Number": "3505499"
  },
  {
    "ID Number": "2629453"
  },
  {
    "ID Number": "329105368"
  },
  {
    "ID Number": "2658666"
  },
  {
    "ID Number": "2655268"
  },
  {
    "ID Number": "2669706"
  },
  {
    "ID Number": "34272631"
  },
  {
    "ID Number": "13507311"
  },
  {
    "ID Number": "2604744"
  },
  {
    "ID Number": "1131630"
  },
  {
    "ID Number": "2619156"
  },
  {
    "ID Number": "2661543"
  },
  {
    "ID Number": "2653826"
  },
  {
    "ID Number": "2663180"
  },
  {
    "ID Number": "2015056"
  },
  {
    "ID Number": "2656892"
  },
  {
    "ID Number": "14174294"
  },
  {
    "ID Number": "2652340"
  },
  {
    "ID Number": "2631660"
  },
  {
    "ID Number": "22514635"
  },
  {
    "ID Number": "2662779"
  },
  {
    "ID Number": "2637570"
  },
  {
    "ID Number": "2656906"
  },
  {
    "ID Number": "2602903"
  },
  {
    "ID Number": "2651742"
  },
  {
    "ID Number": "2618060"
  },
  {
    "ID Number": "2642298"
  },
  {
    "ID Number": "2668920"
  },
  {
    "ID Number": "2609479"
  },
  {
    "ID Number": "2614987"
  },
  {
    "ID Number": "2648482"
  },
  {
    "ID Number": "2607549"
  },
  {
    "ID Number": "2670410"
  },
  {
    "ID Number": "2643278"
  },
  {
    "ID Number": "2643260"
  },
  {
    "ID Number": "2647630"
  },
  {
    "ID Number": "2650436"
  },
  {
    "ID Number": "2620634"
  },
  {
    "ID Number": "2640376"
  },
  {
    "ID Number": "2676672"
  },
  {
    "ID Number": "114987"
  },
  {
    "ID Number": "2650762"
  },
  {
    "ID Number": "2607140"
  },
  {
    "ID Number": "2624095"
  },
  {
    "ID Number": "2667312"
  },
  {
    "ID Number": "14905361"
  },
  {
    "ID Number": "14117304"
  },
  {
    "ID Number": "2661314"
  },
  {
    "ID Number": "2630702"
  },
  {
    "ID Number": "2621185"
  },
  {
    "ID Number": "2674424"
  },
  {
    "ID Number": "2648270"
  },
  {
    "ID Number": "2652790"
  },
  {
    "ID Number": "2638150"
  },
  {
    "ID Number": "2635100"
  },
  {
    "ID Number": "2604868"
  },
  {
    "ID Number": "2682451"
  },
  {
    "ID Number": "2617536"
  },
  {
    "ID Number": "2614545"
  },
  {
    "ID Number": "2645696"
  },
  {
    "ID Number": "2677148"
  },
  {
    "ID Number": "2636891"
  },
  {
    "ID Number": "2644568"
  },
  {
    "ID Number": "2629186"
  },
  {
    "ID Number": "2604655"
  },
  {
    "ID Number": "2636999"
  },
  {
    "ID Number": "2664950"
  },
  {
    "ID Number": "2608383"
  },
  {
    "ID Number": "12401749"
  },
  {
    "ID Number": "2640708"
  },
  {
    "ID Number": "2652560"
  },
  {
    "ID Number": "2640716"
  },
  {
    "ID Number": "2635046"
  },
  {
    "ID Number": "2643871"
  },
  {
    "ID Number": "2624117"
  },
  {
    "ID Number": "6000290"
  },
  {
    "ID Number": "2636654"
  },
  {
    "ID Number": "2600307"
  },
  {
    "ID Number": "2618877"
  },
  {
    "ID Number": "2642557"
  },
  {
    "ID Number": "2635305"
  },
  {
    "ID Number": "2626934"
  },
  {
    "ID Number": "2617447"
  },
  {
    "ID Number": "2670100"
  },
  {
    "ID Number": "2631083"
  },
  {
    "ID Number": "2671255"
  },
  {
    "ID Number": "8643512"
  },
  {
    "ID Number": "2641356"
  },
  {
    "ID Number": "2671999"
  },
  {
    "ID Number": "2656914"
  },
  {
    "ID Number": "2638282"
  },
  {
    "ID Number": "2619750"
  },
  {
    "ID Number": "2631679"
  },
  {
    "ID Number": "8610410"
  },
  {
    "ID Number": "8607664"
  },
  {
    "ID Number": "2664976"
  },
  {
    "ID Number": "2605848"
  },
  {
    "ID Number": "2632578"
  },
  {
    "ID Number": "2642565"
  },
  {
    "ID Number": "2640783"
  },
  {
    "ID Number": "2637227"
  },
  {
    "ID Number": "2634490"
  },
  {
    "ID Number": "2664020"
  },
  {
    "ID Number": "2668033"
  },
  {
    "ID Number": "2628589"
  },
  {
    "ID Number": "2668815"
  },
  {
    "ID Number": "2628597"
  },
  {
    "ID Number": "2651254"
  },
  {
    "ID Number": "2643170"
  },
  {
    "ID Number": "2674238"
  },
  {
    "ID Number": "2624133"
  },
  {
    "ID Number": "2640287"
  },
  {
    "ID Number": "2647443"
  },
  {
    "ID Number": "2661969"
  },
  {
    "ID Number": "2676680"
  },
  {
    "ID Number": "2613743"
  },
  {
    "ID Number": "2627388"
  },
  {
    "ID Number": "2652218"
  },
  {
    "ID Number": "2647966"
  },
  {
    "ID Number": "2648733"
  },
  {
    "ID Number": "2607034"
  },
  {
    "ID Number": "2618885"
  },
  {
    "ID Number": "2618680"
  },
  {
    "ID Number": "2618699"
  },
  {
    "ID Number": "2642638"
  },
  {
    "ID Number": "2654539"
  },
  {
    "ID Number": "2640643"
  },
  {
    "ID Number": "2648130"
  },
  {
    "ID Number": "2655756"
  },
  {
    "ID Number": "2631040"
  },
  {
    "ID Number": "2610094"
  },
  {
    "ID Number": "2636336"
  },
  {
    "ID Number": "2669382"
  },
  {
    "ID Number": "2663767"
  },
  {
    "ID Number": "2620995"
  },
  {
    "ID Number": "2626071"
  },
  {
    "ID Number": "25015044"
  },
  {
    "ID Number": "2612674"
  },
  {
    "ID Number": "2606143"
  },
  {
    "ID Number": "30974291"
  },
  {
    "ID Number": "2605384"
  },
  {
    "ID Number": "2612038"
  },
  {
    "ID Number": "13456210"
  },
  {
    "ID Number": "2628031"
  },
  {
    "ID Number": "2632705"
  },
  {
    "ID Number": "2632586"
  },
  {
    "ID Number": "2640856"
  },
  {
    "ID Number": "2625024"
  },
  {
    "ID Number": "2622955"
  },
  {
    "ID Number": "2640996"
  },
  {
    "ID Number": "2672006"
  },
  {
    "ID Number": "3528910"
  },
  {
    "ID Number": "2651297"
  },
  {
    "ID Number": "2660539"
  },
  {
    "ID Number": "2604264"
  },
  {
    "ID Number": "2659794"
  },
  {
    "ID Number": "1114581"
  },
  {
    "ID Number": "2621835"
  },
  {
    "ID Number": "2645718"
  },
  {
    "ID Number": "2642212"
  },
  {
    "ID Number": "2611554"
  },
  {
    "ID Number": "2659948"
  },
  {
    "ID Number": "2604612"
  },
  {
    "ID Number": "2640252"
  },
  {
    "ID Number": "2053225"
  },
  {
    "ID Number": "2677156"
  },
  {
    "ID Number": "2609363"
  },
  {
    "ID Number": "2661330"
  },
  {
    "ID Number": "2649420"
  },
  {
    "ID Number": "25954938"
  },
  {
    "ID Number": "2621509"
  },
  {
    "ID Number": "2649918"
  },
  {
    "ID Number": "2629585"
  },
  {
    "ID Number": "2656922"
  },
  {
    "ID Number": "2669439"
  },
  {
    "ID Number": "2660628"
  },
  {
    "ID Number": "2625210"
  },
  {
    "ID Number": "2601567"
  },
  {
    "ID Number": "2604035"
  },
  {
    "ID Number": "2617633"
  },
  {
    "ID Number": "2634180"
  },
  {
    "ID Number": "2661160"
  },
  {
    "ID Number": "2661179"
  },
  {
    "ID Number": "2660172"
  },
  {
    "ID Number": "4800060"
  },
  {
    "ID Number": "2625539"
  },
  {
    "ID Number": "2635895"
  },
  {
    "ID Number": "30922038"
  },
  {
    "ID Number": "2635666"
  },
  {
    "ID Number": "2637022"
  },
  {
    "ID Number": "2605279"
  },
  {
    "ID Number": "3833437"
  },
  {
    "ID Number": "2640627"
  },
  {
    "ID Number": "2622718"
  },
  {
    "ID Number": "2643561"
  },
  {
    "ID Number": "2669145"
  },
  {
    "ID Number": "2613824"
  },
  {
    "ID Number": "329218174"
  },
  {
    "ID Number": "2610981"
  },
  {
    "ID Number": "2609126"
  },
  {
    "ID Number": "2600749"
  },
  {
    "ID Number": "25147870"
  },
  {
    "ID Number": "2669242"
  },
  {
    "ID Number": "2671166"
  },
  {
    "ID Number": "2644282"
  },
  {
    "ID Number": "2622432"
  },
  {
    "ID Number": "2648636"
  },
  {
    "ID Number": "2642352"
  },
  {
    "ID Number": "2613239"
  },
  {
    "ID Number": "2635674"
  },
  {
    "ID Number": "2677164"
  },
  {
    "ID Number": "2637030"
  },
  {
    "ID Number": "2632470"
  },
  {
    "ID Number": "2604914"
  },
  {
    "ID Number": "2660555"
  },
  {
    "ID Number": "12406716"
  },
  {
    "ID Number": "2612291"
  },
  {
    "ID Number": "2648458"
  },
  {
    "ID Number": "2659697"
  },
  {
    "ID Number": "2673029"
  },
  {
    "ID Number": "2605155"
  },
  {
    "ID Number": "12419028"
  },
  {
    "ID Number": "2657180"
  },
  {
    "ID Number": "2645394"
  },
  {
    "ID Number": "2612240"
  },
  {
    "ID Number": "2625407"
  },
  {
    "ID Number": "2619636"
  },
  {
    "ID Number": "2604922"
  },
  {
    "ID Number": "2647974"
  },
  {
    "ID Number": "2656949"
  },
  {
    "ID Number": "2621843"
  },
  {
    "ID Number": "2661853"
  },
  {
    "ID Number": "1211870"
  },
  {
    "ID Number": "2601214"
  },
  {
    "ID Number": "2639408"
  },
  {
    "ID Number": "2632594"
  },
  {
    "ID Number": "2625660"
  },
  {
    "ID Number": "6302971"
  },
  {
    "ID Number": "2653265"
  },
  {
    "ID Number": "2632772"
  },
  {
    "ID Number": "2670569"
  },
  {
    "ID Number": "2653877"
  },
  {
    "ID Number": "2620472"
  },
  {
    "ID Number": "2605341"
  },
  {
    "ID Number": "44548150"
  },
  {
    "ID Number": "2660083"
  },
  {
    "ID Number": "2647338"
  },
  {
    "ID Number": "2654555"
  },
  {
    "ID Number": "2643510"
  },
  {
    "ID Number": "2658488"
  },
  {
    "ID Number": "2604493"
  },
  {
    "ID Number": "2658585"
  },
  {
    "ID Number": "2626136"
  },
  {
    "ID Number": "2657449"
  },
  {
    "ID Number": "2646960"
  },
  {
    "ID Number": "2651300"
  },
  {
    "ID Number": "2601141"
  },
  {
    "ID Number": "2643057"
  },
  {
    "ID Number": "2605376"
  },
  {
    "ID Number": "2619490"
  },
  {
    "ID Number": "2601834"
  },
  {
    "ID Number": "5215277"
  },
  {
    "ID Number": "2605481"
  },
  {
    "ID Number": "2637049"
  },
  {
    "ID Number": "12401285"
  },
  {
    "ID Number": "2600072"
  },
  {
    "ID Number": "2611651"
  },
  {
    "ID Number": "2606674"
  },
  {
    "ID Number": "2644916"
  },
  {
    "ID Number": "2661527"
  },
  {
    "ID Number": "2656957"
  },
  {
    "ID Number": "5059305"
  },
  {
    "ID Number": "2660970"
  },
  {
    "ID Number": "2615215"
  },
  {
    "ID Number": "2629593"
  },
  {
    "ID Number": "2613280"
  },
  {
    "ID Number": "2662256"
  },
  {
    "ID Number": "2620880"
  },
  {
    "ID Number": "2616777"
  },
  {
    "ID Number": "329111122"
  },
  {
    "ID Number": "2653516"
  },
  {
    "ID Number": "2651610"
  },
  {
    "ID Number": "2676460"
  },
  {
    "ID Number": "2642476"
  },
  {
    "ID Number": "2602792"
  },
  {
    "ID Number": "2632608"
  },
  {
    "ID Number": "2638290"
  },
  {
    "ID Number": "2600633"
  },
  {
    "ID Number": "2632721"
  },
  {
    "ID Number": "2614880"
  },
  {
    "ID Number": "2620243"
  },
  {
    "ID Number": "2627949"
  },
  {
    "ID Number": "2637308"
  },
  {
    "ID Number": "2637316"
  },
  {
    "ID Number": "2662701"
  },
  {
    "ID Number": "25997343"
  },
  {
    "ID Number": "2631270"
  },
  {
    "ID Number": "2660822"
  },
  {
    "ID Number": "3877698"
  },
  {
    "ID Number": "2673037"
  },
  {
    "ID Number": "25632736"
  },
  {
    "ID Number": "2630729"
  },
  {
    "ID Number": "2636310"
  },
  {
    "ID Number": "2642395"
  },
  {
    "ID Number": "2643251"
  },
  {
    "ID Number": "2669390"
  },
  {
    "ID Number": "2656965"
  },
  {
    "ID Number": "2605414"
  },
  {
    "ID Number": "2606232"
  },
  {
    "ID Number": "2661683"
  },
  {
    "ID Number": "2634767"
  },
  {
    "ID Number": "2626446"
  },
  {
    "ID Number": "2615509"
  },
  {
    "ID Number": "2627175"
  },
  {
    "ID Number": "2672294"
  },
  {
    "ID Number": "2620049"
  },
  {
    "ID Number": "2647397"
  },
  {
    "ID Number": "2655900"
  },
  {
    "ID Number": "2672553"
  },
  {
    "ID Number": "2662183"
  },
  {
    "ID Number": "2615568"
  },
  {
    "ID Number": "2654199"
  },
  {
    "ID Number": "2603659"
  },
  {
    "ID Number": "2650894"
  },
  {
    "ID Number": "2672650"
  },
  {
    "ID Number": "2631440"
  },
  {
    "ID Number": "2658453"
  },
  {
    "ID Number": "2619253"
  },
  {
    "ID Number": "2640937"
  },
  {
    "ID Number": "2617960"
  },
  {
    "ID Number": "2649730"
  },
  {
    "ID Number": "2619644"
  },
  {
    "ID Number": "5028280"
  },
  {
    "ID Number": "2654571"
  },
  {
    "ID Number": "2654962"
  },
  {
    "ID Number": "2624346"
  },
  {
    "ID Number": "2648016"
  },
  {
    "ID Number": "2675498"
  },
  {
    "ID Number": "2672375"
  },
  {
    "ID Number": "2625504"
  },
  {
    "ID Number": "2670070"
  },
  {
    "ID Number": "4128290"
  },
  {
    "ID Number": "2652153"
  },
  {
    "ID Number": "2634970"
  },
  {
    "ID Number": "13503111"
  },
  {
    "ID Number": "2650045"
  },
  {
    "ID Number": "2649438"
  },
  {
    "ID Number": "2601842"
  },
  {
    "ID Number": "2642085"
  },
  {
    "ID Number": "88105040"
  },
  {
    "ID Number": "2622327"
  },
  {
    "ID Number": "2657473"
  },
  {
    "ID Number": "2657210"
  },
  {
    "ID Number": "2651904"
  },
  {
    "ID Number": "2613093"
  },
  {
    "ID Number": "2645459"
  },
  {
    "ID Number": "2632624"
  },
  {
    "ID Number": "48728420"
  },
  {
    "ID Number": "2647273"
  },
  {
    "ID Number": "2658291"
  },
  {
    "ID Number": "2667789"
  },
  {
    "ID Number": "2646978"
  },
  {
    "ID Number": "2651793"
  },
  {
    "ID Number": "2646773"
  },
  {
    "ID Number": "12560502"
  },
  {
    "ID Number": "2635127"
  },
  {
    "ID Number": "2668823"
  },
  {
    "ID Number": "2666774"
  },
  {
    "ID Number": "2659905"
  },
  {
    "ID Number": "2621215"
  },
  {
    "ID Number": "2613204"
  },
  {
    "ID Number": "2668831"
  },
  {
    "ID Number": "2609886"
  },
  {
    "ID Number": "33402094"
  },
  {
    "ID Number": "2605023"
  },
  {
    "ID Number": "2618940"
  },
  {
    "ID Number": "2621681"
  },
  {
    "ID Number": "2626462"
  },
  {
    "ID Number": "2662264"
  },
  {
    "ID Number": "2628686"
  },
  {
    "ID Number": "2628902"
  },
  {
    "ID Number": "2618125"
  },
  {
    "ID Number": "2658577"
  },
  {
    "ID Number": "2650827"
  },
  {
    "ID Number": "2626438"
  },
  {
    "ID Number": "2641852"
  },
  {
    "ID Number": "34344217"
  },
  {
    "ID Number": "2635453"
  },
  {
    "ID Number": "2608499"
  },
  {
    "ID Number": "62900412"
  },
  {
    "ID Number": "2614189"
  },
  {
    "ID Number": "2613190"
  },
  {
    "ID Number": "2613328"
  },
  {
    "ID Number": "2601044"
  },
  {
    "ID Number": "2669501"
  },
  {
    "ID Number": "2651394"
  },
  {
    "ID Number": "2600013"
  },
  {
    "ID Number": "2631458"
  },
  {
    "ID Number": "2640929"
  },
  {
    "ID Number": "2630389"
  },
  {
    "ID Number": "2652862"
  },
  {
    "ID Number": "2600838"
  },
  {
    "ID Number": "2600498"
  },
  {
    "ID Number": "2670151"
  },
  {
    "ID Number": "2617889"
  },
  {
    "ID Number": "2622262"
  },
  {
    "ID Number": "2624362"
  },
  {
    "ID Number": "2604450"
  },
  {
    "ID Number": "2653192"
  },
  {
    "ID Number": "2645092"
  },
  {
    "ID Number": "2648741"
  },
  {
    "ID Number": "2623250"
  },
  {
    "ID Number": "2615134"
  },
  {
    "ID Number": "2656981"
  },
  {
    "ID Number": "2628937"
  },
  {
    "ID Number": "2617919"
  },
  {
    "ID Number": "2669188"
  },
  {
    "ID Number": "2607174"
  },
  {
    "ID Number": "2614030"
  },
  {
    "ID Number": "2649071"
  },
  {
    "ID Number": "2620073"
  },
  {
    "ID Number": "2614928"
  },
  {
    "ID Number": "2652927"
  },
  {
    "ID Number": "2652366"
  },
  {
    "ID Number": "2650401"
  },
  {
    "ID Number": "2655675"
  },
  {
    "ID Number": "2617617"
  },
  {
    "ID Number": "2606534"
  },
  {
    "ID Number": "2637120"
  },
  {
    "ID Number": "2635054"
  },
  {
    "ID Number": "34160000"
  },
  {
    "ID Number": "2656990"
  },
  {
    "ID Number": "2601192"
  },
  {
    "ID Number": "2645505"
  },
  {
    "ID Number": "2605058"
  },
  {
    "ID Number": "2623471"
  },
  {
    "ID Number": "2623960"
  },
  {
    "ID Number": "2621118"
  },
  {
    "ID Number": "2609908"
  },
  {
    "ID Number": "2610272"
  },
  {
    "ID Number": "2610280"
  },
  {
    "ID Number": "2612798"
  },
  {
    "ID Number": "2657481"
  },
  {
    "ID Number": "2605473"
  },
  {
    "ID Number": "2676710"
  },
  {
    "ID Number": "2618893"
  },
  {
    "ID Number": "2606682"
  },
  {
    "ID Number": "2655659"
  },
  {
    "ID Number": "2624370"
  },
  {
    "ID Number": "34150927"
  },
  {
    "ID Number": "2657619"
  },
  {
    "ID Number": "2624249"
  },
  {
    "ID Number": "2638673"
  },
  {
    "ID Number": "2621649"
  },
  {
    "ID Number": "2620260"
  },
  {
    "ID Number": "2635798"
  },
  {
    "ID Number": "2645009"
  },
  {
    "ID Number": "2615193"
  },
  {
    "ID Number": "2628112"
  },
  {
    "ID Number": "2614081"
  },
  {
    "ID Number": "2803089"
  },
  {
    "ID Number": "2657490"
  },
  {
    "ID Number": "2615940"
  },
  {
    "ID Number": "2606437"
  },
  {
    "ID Number": "2603748"
  },
  {
    "ID Number": "2647362"
  },
  {
    "ID Number": "2603918"
  },
  {
    "ID Number": "2650843"
  },
  {
    "ID Number": "2664640"
  },
  {
    "ID Number": "2654709"
  },
  {
    "ID Number": "2650797"
  },
  {
    "ID Number": "2646994"
  },
  {
    "ID Number": "2661365"
  },
  {
    "ID Number": "2651947"
  },
  {
    "ID Number": "2608049"
  },
  {
    "ID Number": "2647893"
  },
  {
    "ID Number": "2653710"
  },
  {
    "ID Number": "2637057"
  },
  {
    "ID Number": "2657201"
  },
  {
    "ID Number": "2620090"
  },
  {
    "ID Number": "2661373"
  },
  {
    "ID Number": "2654369"
  },
  {
    "ID Number": "2633590"
  },
  {
    "ID Number": "2645866"
  },
  {
    "ID Number": "2605600"
  },
  {
    "ID Number": "2657007"
  },
  {
    "ID Number": "329093857"
  },
  {
    "ID Number": "6008232"
  },
  {
    "ID Number": "2657015"
  },
  {
    "ID Number": "2661934"
  },
  {
    "ID Number": "2665913"
  },
  {
    "ID Number": "2637804"
  },
  {
    "ID Number": "2640090"
  },
  {
    "ID Number": "2636115"
  },
  {
    "ID Number": "2616386"
  },
  {
    "ID Number": "2677784"
  },
  {
    "ID Number": "8610649"
  },
  {
    "ID Number": "2640104"
  },
  {
    "ID Number": "2663635"
  },
  {
    "ID Number": "2638681"
  },
  {
    "ID Number": "2621711"
  },
  {
    "ID Number": "2608243"
  },
  {
    "ID Number": "2638312"
  },
  {
    "ID Number": "2654725"
  },
  {
    "ID Number": "2642360"
  },
  {
    "ID Number": "2623862"
  },
  {
    "ID Number": "2637065"
  },
  {
    "ID Number": "2616629"
  },
  {
    "ID Number": "2605490"
  },
  {
    "ID Number": "2657023"
  },
  {
    "ID Number": "2667983"
  },
  {
    "ID Number": "2642247"
  },
  {
    "ID Number": "2653842"
  },
  {
    "ID Number": "2642751"
  },
  {
    "ID Number": "2633965"
  },
  {
    "ID Number": "2644681"
  },
  {
    "ID Number": "2615592"
  },
  {
    "ID Number": "2642743"
  },
  {
    "ID Number": "2629534"
  },
  {
    "ID Number": "2612550"
  },
  {
    "ID Number": "2643537"
  },
  {
    "ID Number": "2628694"
  },
  {
    "ID Number": "2623951"
  },
  {
    "ID Number": "2627345"
  },
  {
    "ID Number": "2632160"
  },
  {
    "ID Number": "4308182"
  },
  {
    "ID Number": "2617110"
  },
  {
    "ID Number": "2638835"
  },
  {
    "ID Number": "2650738"
  },
  {
    "ID Number": "8603707"
  },
  {
    "ID Number": "2654261"
  },
  {
    "ID Number": "2677172"
  },
  {
    "ID Number": "2667010"
  },
  {
    "ID Number": "2657031"
  },
  {
    "ID Number": "2630079"
  },
  {
    "ID Number": "2637375"
  },
  {
    "ID Number": "8604398"
  },
  {
    "ID Number": "2637626"
  },
  {
    "ID Number": "2614871"
  },
  {
    "ID Number": "2643243"
  },
  {
    "ID Number": "34159118"
  },
  {
    "ID Number": "2654644"
  },
  {
    "ID Number": "2654652"
  },
  {
    "ID Number": "2649098"
  },
  {
    "ID Number": "2601303"
  },
  {
    "ID Number": "2632292"
  },
  {
    "ID Number": "329105180"
  },
  {
    "ID Number": "2647001"
  },
  {
    "ID Number": "2606828"
  },
  {
    "ID Number": "2627230"
  },
  {
    "ID Number": "2618028"
  },
  {
    "ID Number": "2649985"
  },
  {
    "ID Number": "2655071"
  },
  {
    "ID Number": "2645947"
  },
  {
    "ID Number": "8604541"
  },
  {
    "ID Number": "2676729"
  },
  {
    "ID Number": "2643146"
  },
  {
    "ID Number": "2650800"
  },
  {
    "ID Number": "2645548"
  },
  {
    "ID Number": "2607123"
  },
  {
    "ID Number": "2604787"
  },
  {
    "ID Number": "2642328"
  },
  {
    "ID Number": "2643154"
  },
  {
    "ID Number": "2664267"
  },
  {
    "ID Number": "2628708"
  },
  {
    "ID Number": "2609738"
  },
  {
    "ID Number": "2640732"
  },
  {
    "ID Number": "2637545"
  },
  {
    "ID Number": "2657414"
  },
  {
    "ID Number": "2637820"
  },
  {
    "ID Number": "331105187"
  },
  {
    "ID Number": "2620162"
  },
  {
    "ID Number": "2627477"
  },
  {
    "ID Number": "2678799"
  },
  {
    "ID Number": "2631288"
  },
  {
    "ID Number": "2644002"
  },
  {
    "ID Number": "2637677"
  },
  {
    "ID Number": "2644428"
  },
  {
    "ID Number": "2657422"
  },
  {
    "ID Number": "30942993"
  },
  {
    "ID Number": "2645050"
  },
  {
    "ID Number": "2611902"
  },
  {
    "ID Number": "2652390"
  },
  {
    "ID Number": "2620740"
  },
  {
    "ID Number": "2627450"
  },
  {
    "ID Number": "2640406"
  },
  {
    "ID Number": "2617463"
  },
  {
    "ID Number": "2624079"
  },
  {
    "ID Number": "2644037"
  },
  {
    "ID Number": "2624893"
  },
  {
    "ID Number": "2672707"
  },
  {
    "ID Number": "2620189"
  },
  {
    "ID Number": "2635658"
  },
  {
    "ID Number": "2617102"
  },
  {
    "ID Number": "2635860"
  },
  {
    "ID Number": "2621100"
  },
  {
    "ID Number": "2661381"
  },
  {
    "ID Number": "2623234"
  },
  {
    "ID Number": "2616343"
  },
  {
    "ID Number": "505161"
  },
  {
    "ID Number": "2639092"
  },
  {
    "ID Number": "2660768"
  },
  {
    "ID Number": "2640597"
  },
  {
    "ID Number": "2660652"
  },
  {
    "ID Number": "2627787"
  },
  {
    "ID Number": "2654296"
  },
  {
    "ID Number": "2658496"
  },
  {
    "ID Number": "2644444"
  },
  {
    "ID Number": "2645912"
  },
  {
    "ID Number": "2614740"
  },
  {
    "ID Number": "2620430"
  },
  {
    "ID Number": "2650428"
  },
  {
    "ID Number": "2661390"
  },
  {
    "ID Number": "12551805"
  },
  {
    "ID Number": "2615339"
  },
  {
    "ID Number": "2658615"
  },
  {
    "ID Number": "2604620"
  }
]