[
  {
    "ID Number": "10700277",
    "Name": "Finch, Russell",
    "Fed": "GCI",
    "Sex": "M",
    "Title": "",
    "WTit": "",
    "OTit": "",
    "FOA": "1793",
    "Rating": "AUG25",
    "Gms": "0",
    "K": "20",
    "B-day": "1950",
    "Flag": "i"
  },
  {
    "ID Number": "409014",
    "Name": "Kirby, Peter J.",
    "Fed": "GCI",
    "Sex": "M",
    "Title": "CM",
    "WTit": "",
    "OTit": "",
    "FOA": "1969",
    "Rating": "AUG25",
    "Gms": "5",
    "K": "20",
    "B-day": "1963",
    "Flag": ""
  },
  {
    "ID Number": "10700366",
    "Name": "Nevska, Gerda",
    "Fed": "GCI",
    "Sex": "F",
    "Title": "WCM",
    "WTit": "WCM",
    "OTit": "",
    "FOA": "1863",
    "Rating": "AUG25",
    "Gms": "0",
    "K": "20",
    "B-day": "1988",
    "Flag": "wi"
  },
  {
    "ID Number": "343408796",
    "Name": "Royle, Nick",
    "Fed": "GCI",
    "Sex": "M",
    "Title": "",
    "WTit": "",
    "OTit": "",
    "FOA": "1637",
    "Rating": "AUG25",
    "Gms": "0",
    "K": "40",
    "B-day": "1998",
    "Flag": ""
  },
  {
    "ID Number": "11603437",
    "Name": "Strade, Arita",
    "Fed": "GCI",
    "Sex": "F",
    "Title": "WFM",
    "WTit": "WFM",
    "OTit": "",
    "FOA": "1905",
    "Rating": "AUG25",
    "Gms": "0",
    "K": "20",
    "B-day": "1985",
    "Flag": "wi"
  }
]