[
  {
    "ID Number": "33100136"
  },
  {
    "ID Number": "33101132"
  },
  {
    "ID Number": "33100730"
  },
  {
    "ID Number": "7400640"
  },
  {
    "ID Number": "33100900"
  },
  {
    "ID Number": "7404662"
  },
  {
    "ID Number": "7405880"
  },
  {
    "ID Number": "33100780"
  },
  {
    "ID Number": "33100071"
  },
  {
    "ID Number": "33100616"
  },
  {
    "ID Number": "33100349"
  },
  {
    "ID Number": "33100454"
  },
  {
    "ID Number": "33100306"
  },
  {
    "ID Number": "33100560"
  },
  {
    "ID Number": "33100179"
  },
  {
    "ID Number": "33100390"
  },
  {
    "ID Number": "33101264"
  },
  {
    "ID Number": "33100624"
  },
  {
    "ID Number": "33100292"
  },
  {
    "ID Number": "33100535"
  },
  {
    "ID Number": "2635682"
  },
  {
    "ID Number": "33101116"
  },
  {
    "ID Number": "33100381"
  },
  {
    "ID Number": "33101019"
  },
  {
    "ID Number": "33100314"
  },
  {
    "ID Number": "33100853"
  },
  {
    "ID Number": "33100268"
  },
  {
    "ID Number": "33100446"
  },
  {
    "ID Number": "7404719"
  },
  {
    "ID Number": "33100870"
  },
  {
    "ID Number": "33100284"
  },
  {
    "ID Number": "33100101"
  },
  {
    "ID Number": "33100632"
  },
  {
    "ID Number": "33100098"
  },
  {
    "ID Number": "33101345"
  },
  {
    "ID Number": "33100519"
  },
  {
    "ID Number": "33100047"
  },
  {
    "ID Number": "33100063"
  },
  {
    "ID Number": "419052"
  },
  {
    "ID Number": "33100748"
  },
  {
    "ID Number": "33100039"
  }
]