[
  {
    "ID Number": "6520839"
  },
  {
    "ID Number": "6509380"
  },
  {
    "ID Number": "6504442"
  },
  {
    "ID Number": "6510884"
  },
  {
    "ID Number": "6513824"
  },
  {
    "ID Number": "6511856"
  },
  {
    "ID Number": "6563511"
  },
  {
    "ID Number": "6550096"
  },
  {
    "ID Number": "6518400"
  },
  {
    "ID Number": "6501931"
  },
  {
    "ID Number": "6532918"
  },
  {
    "ID Number": "6500994"
  },
  {
    "ID Number": "6501966"
  },
  {
    "ID Number": "6500749"
  },
  {
    "ID Number": "6500013"
  },
  {
    "ID Number": "6533760"
  },
  {
    "ID Number": "6505775"
  },
  {
    "ID Number": "6510515"
  },
  {
    "ID Number": "6553761"
  },
  {
    "ID Number": "6555322"
  },
  {
    "ID Number": "6555071"
  },
  {
    "ID Number": "6523641"
  },
  {
    "ID Number": "6510949"
  },
  {
    "ID Number": "6564356"
  },
  {
    "ID Number": "6500420"
  },
  {
    "ID Number": "6513590"
  },
  {
    "ID Number": "6516734"
  },
  {
    "ID Number": "6559468"
  },
  {
    "ID Number": "6504515"
  },
  {
    "ID Number": "6558828"
  },
  {
    "ID Number": "6512526"
  },
  {
    "ID Number": "6502822"
  },
  {
    "ID Number": "6502008"
  },
  {
    "ID Number": "6501435"
  },
  {
    "ID Number": "6509177"
  },
  {
    "ID Number": "6544045"
  },
  {
    "ID Number": "6518281"
  },
  {
    "ID Number": "6502830"
  },
  {
    "ID Number": "6502946"
  },
  {
    "ID Number": "6518010"
  },
  {
    "ID Number": "6511520"
  },
  {
    "ID Number": "6500188"
  },
  {
    "ID Number": "6509088"
  },
  {
    "ID Number": "6507948"
  },
  {
    "ID Number": "6503942"
  },
  {
    "ID Number": "6562825"
  },
  {
    "ID Number": "6517307"
  },
  {
    "ID Number": "6507301"
  },
  {
    "ID Number": "6571310"
  },
  {
    "ID Number": "6530400"
  },
  {
    "ID Number": "6555861"
  },
  {
    "ID Number": "6504337"
  },
  {
    "ID Number": "6500269"
  },
  {
    "ID Number": "6518893"
  },
  {
    "ID Number": "6523455"
  },
  {
    "ID Number": "6569234"
  },
  {
    "ID Number": "6520120"
  },
  {
    "ID Number": "6500366"
  },
  {
    "ID Number": "6543421"
  },
  {
    "ID Number": "6502032"
  },
  {
    "ID Number": "6550800"
  },
  {
    "ID Number": "6517323"
  },
  {
    "ID Number": "6500757"
  },
  {
    "ID Number": "6512631"
  },
  {
    "ID Number": "6566502"
  },
  {
    "ID Number": "6507492"
  },
  {
    "ID Number": "6512259"
  },
  {
    "ID Number": "6503357"
  },
  {
    "ID Number": "6518583"
  },
  {
    "ID Number": "6554440"
  },
  {
    "ID Number": "6525393"
  },
  {
    "ID Number": "6501460"
  },
  {
    "ID Number": "6509240"
  },
  {
    "ID Number": "6503420"
  },
  {
    "ID Number": "6550517"
  },
  {
    "ID Number": "6550657"
  },
  {
    "ID Number": "6518435"
  },
  {
    "ID Number": "6508200"
  },
  {
    "ID Number": "6510051"
  },
  {
    "ID Number": "6520685"
  },
  {
    "ID Number": "6510620"
  },
  {
    "ID Number": "6556175"
  },
  {
    "ID Number": "6523196"
  },
  {
    "ID Number": "6518826"
  },
  {
    "ID Number": "6520871"
  },
  {
    "ID Number": "6505392"
  },
  {
    "ID Number": "6501478"
  },
  {
    "ID Number": "6532403"
  },
  {
    "ID Number": "6511406"
  },
  {
    "ID Number": "6552692"
  },
  {
    "ID Number": "6573878"
  },
  {
    "ID Number": "6523668"
  },
  {
    "ID Number": "6500242"
  },
  {
    "ID Number": "6519482"
  },
  {
    "ID Number": "6508227"
  },
  {
    "ID Number": "6544592"
  },
  {
    "ID Number": "6568661"
  },
  {
    "ID Number": "6504582"
  },
  {
    "ID Number": "6501486"
  },
  {
    "ID Number": "6537138"
  },
  {
    "ID Number": "6558224"
  },
  {
    "ID Number": "6507972"
  },
  {
    "ID Number": "6562361"
  },
  {
    "ID Number": "6506089"
  },
  {
    "ID Number": "6508251"
  },
  {
    "ID Number": "6506607"
  },
  {
    "ID Number": "6505600"
  },
  {
    "ID Number": "6500862"
  },
  {
    "ID Number": "6509185"
  },
  {
    "ID Number": "6520847"
  },
  {
    "ID Number": "6514391"
  },
  {
    "ID Number": "6572499"
  },
  {
    "ID Number": "6550070"
  },
  {
    "ID Number": "6521835"
  },
  {
    "ID Number": "6504213"
  },
  {
    "ID Number": "6524486"
  },
  {
    "ID Number": "6505252"
  },
  {
    "ID Number": "6519814"
  },
  {
    "ID Number": "6507522"
  },
  {
    "ID Number": "6501133"
  },
  {
    "ID Number": "6520456"
  },
  {
    "ID Number": "6521274"
  },
  {
    "ID Number": "6523935"
  },
  {
    "ID Number": "6510256"
  },
  {
    "ID Number": "6510264"
  },
  {
    "ID Number": "6549292"
  },
  {
    "ID Number": "6515096"
  },
  {
    "ID Number": "6501524"
  },
  {
    "ID Number": "6557023"
  },
  {
    "ID Number": "6556973"
  },
  {
    "ID Number": "6517994"
  },
  {
    "ID Number": "6515720"
  },
  {
    "ID Number": "6516980"
  },
  {
    "ID Number": "6500447"
  },
  {
    "ID Number": "6557856"
  },
  {
    "ID Number": "6515746"
  },
  {
    "ID Number": "6534996"
  },
  {
    "ID Number": "6534961"
  },
  {
    "ID Number": "6562396"
  },
  {
    "ID Number": "6500315"
  },
  {
    "ID Number": "6525490"
  },
  {
    "ID Number": "6517358"
  },
  {
    "ID Number": "6556612"
  },
  {
    "ID Number": "6510876"
  },
  {
    "ID Number": "6516858"
  },
  {
    "ID Number": "6500625"
  },
  {
    "ID Number": "6504612"
  },
  {
    "ID Number": "6529690"
  },
  {
    "ID Number": "6556442"
  },
  {
    "ID Number": "6517013"
  },
  {
    "ID Number": "6530443"
  },
  {
    "ID Number": "6519890"
  },
  {
    "ID Number": "6520901"
  },
  {
    "ID Number": "6524133"
  },
  {
    "ID Number": "6528252"
  },
  {
    "ID Number": "6507395"
  },
  {
    "ID Number": "6561438"
  },
  {
    "ID Number": "6511279"
  },
  {
    "ID Number": "6548601"
  },
  {
    "ID Number": "6504310"
  },
  {
    "ID Number": "6507050"
  },
  {
    "ID Number": "6507069"
  },
  {
    "ID Number": "6501028"
  },
  {
    "ID Number": "6561314"
  },
  {
    "ID Number": "6504655"
  },
  {
    "ID Number": "6504221"
  },
  {
    "ID Number": "6548849"
  },
  {
    "ID Number": "6566510"
  },
  {
    "ID Number": "6555063"
  },
  {
    "ID Number": "6564470"
  },
  {
    "ID Number": "6521983"
  },
  {
    "ID Number": "6513514"
  },
  {
    "ID Number": "6558259"
  },
  {
    "ID Number": "6568432"
  },
  {
    "ID Number": "6528414"
  },
  {
    "ID Number": "6507573"
  },
  {
    "ID Number": "6513867"
  },
  {
    "ID Number": "6522807"
  },
  {
    "ID Number": "6506348"
  },
  {
    "ID Number": "6571042"
  },
  {
    "ID Number": "333088497"
  },
  {
    "ID Number": "6518095"
  },
  {
    "ID Number": "6502180"
  },
  {
    "ID Number": "6508820"
  },
  {
    "ID Number": "6527540"
  },
  {
    "ID Number": "6502172"
  },
  {
    "ID Number": "6506097"
  },
  {
    "ID Number": "6534929"
  },
  {
    "ID Number": "6565220"
  },
  {
    "ID Number": "6500072"
  },
  {
    "ID Number": "6564810"
  },
  {
    "ID Number": "6527990"
  },
  {
    "ID Number": "6556183"
  },
  {
    "ID Number": "6543014"
  },
  {
    "ID Number": "6503489"
  },
  {
    "ID Number": "6521851"
  },
  {
    "ID Number": "6561306"
  },
  {
    "ID Number": "6559557"
  },
  {
    "ID Number": "6564429"
  },
  {
    "ID Number": "6561071"
  },
  {
    "ID Number": "6551173"
  },
  {
    "ID Number": "6523218"
  },
  {
    "ID Number": "6542930"
  },
  {
    "ID Number": "6518192"
  },
  {
    "ID Number": "6507999"
  },
  {
    "ID Number": "6506941"
  },
  {
    "ID Number": "6545823"
  },
  {
    "ID Number": "6510124"
  },
  {
    "ID Number": "6520464"
  },
  {
    "ID Number": "6562418"
  },
  {
    "ID Number": "6558267"
  },
  {
    "ID Number": "6559042"
  },
  {
    "ID Number": "6523617"
  },
  {
    "ID Number": "6515045"
  },
  {
    "ID Number": "6513646"
  },
  {
    "ID Number": "6511708"
  },
  {
    "ID Number": "6554172"
  },
  {
    "ID Number": "6557007"
  },
  {
    "ID Number": "6507590"
  },
  {
    "ID Number": "6569617"
  },
  {
    "ID Number": "6508766"
  },
  {
    "ID Number": "6569366"
  },
  {
    "ID Number": "6501311"
  },
  {
    "ID Number": "6508324"
  },
  {
    "ID Number": "6521991"
  },
  {
    "ID Number": "6564836"
  },
  {
    "ID Number": "6510078"
  },
  {
    "ID Number": "6524419"
  },
  {
    "ID Number": "6521177"
  },
  {
    "ID Number": "6501036"
  },
  {
    "ID Number": "6557988"
  },
  {
    "ID Number": "6508332"
  },
  {
    "ID Number": "6522742"
  },
  {
    "ID Number": "6563031"
  },
  {
    "ID Number": "6506240"
  },
  {
    "ID Number": "6501605"
  },
  {
    "ID Number": "6532438"
  },
  {
    "ID Number": "6548415"
  },
  {
    "ID Number": "6504728"
  },
  {
    "ID Number": "6515410"
  },
  {
    "ID Number": "6523870"
  },
  {
    "ID Number": "6506453"
  },
  {
    "ID Number": "6532780"
  },
  {
    "ID Number": "6543049"
  },
  {
    "ID Number": "6563953"
  },
  {
    "ID Number": "6501621"
  },
  {
    "ID Number": "6503519"
  },
  {
    "ID Number": "6560300"
  },
  {
    "ID Number": "6549691"
  },
  {
    "ID Number": "6505406"
  },
  {
    "ID Number": "6503527"
  },
  {
    "ID Number": "6511627"
  },
  {
    "ID Number": "109363"
  },
  {
    "ID Number": "6568025"
  },
  {
    "ID Number": "6511066"
  },
  {
    "ID Number": "6519571"
  },
  {
    "ID Number": "6534864"
  },
  {
    "ID Number": "6534970"
  },
  {
    "ID Number": "6542280"
  },
  {
    "ID Number": "6502270"
  },
  {
    "ID Number": "6506666"
  },
  {
    "ID Number": "6516912"
  },
  {
    "ID Number": "6506020"
  },
  {
    "ID Number": "3955176"
  },
  {
    "ID Number": "6527906"
  },
  {
    "ID Number": "6549527"
  },
  {
    "ID Number": "6556000"
  },
  {
    "ID Number": "6534325"
  },
  {
    "ID Number": "6535950"
  },
  {
    "ID Number": "6551289"
  },
  {
    "ID Number": "6540252"
  },
  {
    "ID Number": "6557805"
  },
  {
    "ID Number": "6552765"
  },
  {
    "ID Number": "6505635"
  },
  {
    "ID Number": "6500170"
  },
  {
    "ID Number": "6514014"
  },
  {
    "ID Number": "6514022"
  },
  {
    "ID Number": "6561683"
  },
  {
    "ID Number": "6523889"
  },
  {
    "ID Number": "6567428"
  },
  {
    "ID Number": "6518842"
  },
  {
    "ID Number": "6555780"
  },
  {
    "ID Number": "6521169"
  },
  {
    "ID Number": "6548741"
  },
  {
    "ID Number": "6549055"
  },
  {
    "ID Number": "6563961"
  },
  {
    "ID Number": "6502318"
  },
  {
    "ID Number": "6544010"
  },
  {
    "ID Number": "6511082"
  },
  {
    "ID Number": "6521347"
  },
  {
    "ID Number": "6500528"
  },
  {
    "ID Number": "6511201"
  },
  {
    "ID Number": "6569447"
  },
  {
    "ID Number": "6517420"
  },
  {
    "ID Number": "6523188"
  },
  {
    "ID Number": "6509894"
  },
  {
    "ID Number": "6548563"
  },
  {
    "ID Number": "6548571"
  },
  {
    "ID Number": "6556574"
  },
  {
    "ID Number": "6511813"
  },
  {
    "ID Number": "6507107"
  },
  {
    "ID Number": "6508090"
  },
  {
    "ID Number": "6535437"
  },
  {
    "ID Number": "6527876"
  },
  {
    "ID Number": "6511210"
  },
  {
    "ID Number": "6559620"
  },
  {
    "ID Number": "6554113"
  },
  {
    "ID Number": "6512224"
  },
  {
    "ID Number": "6506046"
  },
  {
    "ID Number": "3501442"
  },
  {
    "ID Number": "6500226"
  },
  {
    "ID Number": "6520170"
  },
  {
    "ID Number": "6520413"
  },
  {
    "ID Number": "6510086"
  },
  {
    "ID Number": "6530486"
  },
  {
    "ID Number": "6510671"
  },
  {
    "ID Number": "6501672"
  },
  {
    "ID Number": "6522300"
  },
  {
    "ID Number": "6510353"
  },
  {
    "ID Number": "6534724"
  },
  {
    "ID Number": "6512364"
  },
  {
    "ID Number": "6512372"
  },
  {
    "ID Number": "6513069"
  },
  {
    "ID Number": "6513077"
  },
  {
    "ID Number": "6521355"
  },
  {
    "ID Number": "63300028"
  },
  {
    "ID Number": "6532942"
  },
  {
    "ID Number": "6506488"
  },
  {
    "ID Number": "6557864"
  },
  {
    "ID Number": "6560768"
  },
  {
    "ID Number": "6563058"
  },
  {
    "ID Number": "6562850"
  },
  {
    "ID Number": "6509690"
  },
  {
    "ID Number": "6522033"
  },
  {
    "ID Number": "6524915"
  },
  {
    "ID Number": "6518125"
  },
  {
    "ID Number": "6519024"
  },
  {
    "ID Number": "6563554"
  },
  {
    "ID Number": "6516777"
  },
  {
    "ID Number": "6522319"
  },
  {
    "ID Number": "6501702"
  },
  {
    "ID Number": "6515843"
  },
  {
    "ID Number": "6513328"
  },
  {
    "ID Number": "6517226"
  },
  {
    "ID Number": "6571123"
  },
  {
    "ID Number": "6501176"
  },
  {
    "ID Number": "6522971"
  },
  {
    "ID Number": "6511830"
  },
  {
    "ID Number": "6500463"
  },
  {
    "ID Number": "6558836"
  },
  {
    "ID Number": "6504779"
  },
  {
    "ID Number": "6512011"
  },
  {
    "ID Number": "6500137"
  },
  {
    "ID Number": "6508103"
  },
  {
    "ID Number": "6568688"
  },
  {
    "ID Number": "6501168"
  },
  {
    "ID Number": "6517455"
  },
  {
    "ID Number": "6509932"
  },
  {
    "ID Number": "6526292"
  },
  {
    "ID Number": "6500471"
  },
  {
    "ID Number": "6550290"
  },
  {
    "ID Number": "6533787"
  },
  {
    "ID Number": "6530834"
  },
  {
    "ID Number": "6504124"
  },
  {
    "ID Number": "6544428"
  },
  {
    "ID Number": "6559220"
  },
  {
    "ID Number": "6516742"
  },
  {
    "ID Number": "6563600"
  },
  {
    "ID Number": "6570046"
  },
  {
    "ID Number": "6565727"
  },
  {
    "ID Number": "6518290"
  },
  {
    "ID Number": "6555926"
  },
  {
    "ID Number": "6518222"
  },
  {
    "ID Number": "6511430"
  },
  {
    "ID Number": "6511317"
  },
  {
    "ID Number": "6524427"
  },
  {
    "ID Number": "6507654"
  },
  {
    "ID Number": "6518338"
  },
  {
    "ID Number": "6558453"
  },
  {
    "ID Number": "6543863"
  },
  {
    "ID Number": "6561349"
  },
  {
    "ID Number": "6511562"
  },
  {
    "ID Number": "6509207"
  },
  {
    "ID Number": "6514332"
  },
  {
    "ID Number": "6508014"
  },
  {
    "ID Number": "6506291"
  },
  {
    "ID Number": "5110645"
  },
  {
    "ID Number": "6521878"
  },
  {
    "ID Number": "6522343"
  },
  {
    "ID Number": "6511953"
  },
  {
    "ID Number": "6522912"
  },
  {
    "ID Number": "6556566"
  },
  {
    "ID Number": "6500480"
  },
  {
    "ID Number": "6573908"
  },
  {
    "ID Number": "6559670"
  },
  {
    "ID Number": "6549683"
  },
  {
    "ID Number": "6557716"
  },
  {
    "ID Number": "6562590"
  },
  {
    "ID Number": "6550827"
  },
  {
    "ID Number": "6503381"
  },
  {
    "ID Number": "6556604"
  },
  {
    "ID Number": "6523560"
  },
  {
    "ID Number": "6502393"
  },
  {
    "ID Number": "6559115"
  },
  {
    "ID Number": "6552854"
  },
  {
    "ID Number": "6527140"
  },
  {
    "ID Number": "6512410"
  },
  {
    "ID Number": "6524885"
  },
  {
    "ID Number": "6503802"
  },
  {
    "ID Number": "6500021"
  },
  {
    "ID Number": "6523919"
  },
  {
    "ID Number": "6514065"
  },
  {
    "ID Number": "6511090"
  },
  {
    "ID Number": "6508405"
  },
  {
    "ID Number": "6561691"
  },
  {
    "ID Number": "6513522"
  },
  {
    "ID Number": "6520863"
  },
  {
    "ID Number": "6554946"
  },
  {
    "ID Number": "6556582"
  },
  {
    "ID Number": "6516068"
  },
  {
    "ID Number": "6557228"
  },
  {
    "ID Number": "6507336"
  },
  {
    "ID Number": "6530680"
  },
  {
    "ID Number": "6500897"
  },
  {
    "ID Number": "6544533"
  },
  {
    "ID Number": "6544860"
  },
  {
    "ID Number": "6513697"
  },
  {
    "ID Number": "1512110"
  },
  {
    "ID Number": "6500250"
  },
  {
    "ID Number": "6500277"
  },
  {
    "ID Number": "6500374"
  },
  {
    "ID Number": "6509347"
  },
  {
    "ID Number": "6561047"
  },
  {
    "ID Number": "6513719"
  },
  {
    "ID Number": "6535852"
  },
  {
    "ID Number": "6551343"
  },
  {
    "ID Number": "6515363"
  },
  {
    "ID Number": "6513352"
  },
  {
    "ID Number": "6500943"
  },
  {
    "ID Number": "6520561"
  },
  {
    "ID Number": "6522181"
  },
  {
    "ID Number": "6515436"
  },
  {
    "ID Number": "6502440"
  },
  {
    "ID Number": "6561926"
  },
  {
    "ID Number": "6529151"
  },
  {
    "ID Number": "6517536"
  },
  {
    "ID Number": "6521541"
  },
  {
    "ID Number": "6514944"
  },
  {
    "ID Number": "6533507"
  },
  {
    "ID Number": "6520480"
  },
  {
    "ID Number": "6562159"
  },
  {
    "ID Number": "6510850"
  },
  {
    "ID Number": "6512429"
  },
  {
    "ID Number": "6564607"
  },
  {
    "ID Number": "6518303"
  },
  {
    "ID Number": "6500951"
  },
  {
    "ID Number": "6528953"
  },
  {
    "ID Number": "6503365"
  },
  {
    "ID Number": "6505910"
  },
  {
    "ID Number": "6505473"
  },
  {
    "ID Number": "6558283"
  },
  {
    "ID Number": "6530320"
  },
  {
    "ID Number": "6520308"
  },
  {
    "ID Number": "6522998"
  },
  {
    "ID Number": "6512933"
  },
  {
    "ID Number": "6514111"
  },
  {
    "ID Number": "6501079"
  },
  {
    "ID Number": "6518931"
  },
  {
    "ID Number": "6544479"
  },
  {
    "ID Number": "6504892"
  },
  {
    "ID Number": "6500218"
  },
  {
    "ID Number": "6500196"
  },
  {
    "ID Number": "6510590"
  },
  {
    "ID Number": "6519938"
  },
  {
    "ID Number": "6504914"
  },
  {
    "ID Number": "6510531"
  },
  {
    "ID Number": "6554768"
  },
  {
    "ID Number": "6544487"
  },
  {
    "ID Number": "6505694"
  },
  {
    "ID Number": "6504396"
  },
  {
    "ID Number": "6511570"
  },
  {
    "ID Number": "6508430"
  },
  {
    "ID Number": "6500927"
  },
  {
    "ID Number": "6526187"
  },
  {
    "ID Number": "6566561"
  },
  {
    "ID Number": "6540651"
  },
  {
    "ID Number": "6511767"
  },
  {
    "ID Number": "6513379"
  },
  {
    "ID Number": "6558976"
  },
  {
    "ID Number": "6558852"
  },
  {
    "ID Number": "6512020"
  },
  {
    "ID Number": "6508448"
  },
  {
    "ID Number": "6509762"
  },
  {
    "ID Number": "6517544"
  },
  {
    "ID Number": "6566901"
  },
  {
    "ID Number": "6507719"
  },
  {
    "ID Number": "6568700"
  },
  {
    "ID Number": "6569420"
  },
  {
    "ID Number": "6516718"
  },
  {
    "ID Number": "6559395"
  },
  {
    "ID Number": "6567126"
  },
  {
    "ID Number": "6561730"
  },
  {
    "ID Number": "6520421"
  },
  {
    "ID Number": "6517170"
  },
  {
    "ID Number": "6566103"
  },
  {
    "ID Number": "6507956"
  },
  {
    "ID Number": "6563473"
  },
  {
    "ID Number": "6517064"
  },
  {
    "ID Number": "6571050"
  },
  {
    "ID Number": "6519857"
  },
  {
    "ID Number": "6512968"
  },
  {
    "ID Number": "6500544"
  },
  {
    "ID Number": "6569889"
  },
  {
    "ID Number": "6504930"
  },
  {
    "ID Number": "6504949"
  },
  {
    "ID Number": "6504957"
  },
  {
    "ID Number": "6549799"
  },
  {
    "ID Number": "6508030"
  },
  {
    "ID Number": "6503900"
  },
  {
    "ID Number": "6513743"
  },
  {
    "ID Number": "6550894"
  },
  {
    "ID Number": "6525113"
  },
  {
    "ID Number": "6513166"
  },
  {
    "ID Number": "6511589"
  },
  {
    "ID Number": "6503586"
  },
  {
    "ID Number": "6507751"
  },
  {
    "ID Number": "6503594"
  },
  {
    "ID Number": "6562876"
  },
  {
    "ID Number": "6563341"
  },
  {
    "ID Number": "6516629"
  },
  {
    "ID Number": "6503608"
  },
  {
    "ID Number": "6503616"
  },
  {
    "ID Number": "6510582"
  },
  {
    "ID Number": "6501087"
  },
  {
    "ID Number": "6503349"
  },
  {
    "ID Number": "6565808"
  },
  {
    "ID Number": "6558291"
  },
  {
    "ID Number": "6507760"
  },
  {
    "ID Number": "6508480"
  },
  {
    "ID Number": "6505945"
  },
  {
    "ID Number": "6508472"
  },
  {
    "ID Number": "6559255"
  },
  {
    "ID Number": "6562485"
  },
  {
    "ID Number": "6548130"
  },
  {
    "ID Number": "6511635"
  },
  {
    "ID Number": "6548776"
  },
  {
    "ID Number": "6524451"
  },
  {
    "ID Number": "6522360"
  },
  {
    "ID Number": "6501397"
  },
  {
    "ID Number": "6511970"
  },
  {
    "ID Number": "6556167"
  },
  {
    "ID Number": "6559271"
  },
  {
    "ID Number": "6564488"
  },
  {
    "ID Number": "6521061"
  },
  {
    "ID Number": "6509509"
  },
  {
    "ID Number": "6509797"
  },
  {
    "ID Number": "6505961"
  },
  {
    "ID Number": "6534635"
  },
  {
    "ID Number": "6559280"
  },
  {
    "ID Number": "6561969"
  },
  {
    "ID Number": "6515649"
  },
  {
    "ID Number": "6508677"
  },
  {
    "ID Number": "6563880"
  },
  {
    "ID Number": "6553060"
  },
  {
    "ID Number": "6523005"
  },
  {
    "ID Number": "6565816"
  },
  {
    "ID Number": "6568726"
  },
  {
    "ID Number": "6506127"
  },
  {
    "ID Number": "6518370"
  },
  {
    "ID Number": "6550959"
  },
  {
    "ID Number": "6512682"
  },
  {
    "ID Number": "6523803"
  },
  {
    "ID Number": "6512046"
  },
  {
    "ID Number": "6525962"
  },
  {
    "ID Number": "6514308"
  },
  {
    "ID Number": "6567118"
  },
  {
    "ID Number": "6524575"
  },
  {
    "ID Number": "6553079"
  },
  {
    "ID Number": "6565328"
  },
  {
    "ID Number": "6561012"
  },
  {
    "ID Number": "6513760"
  },
  {
    "ID Number": "6553087"
  },
  {
    "ID Number": "6564909"
  },
  {
    "ID Number": "6508510"
  },
  {
    "ID Number": "6517587"
  },
  {
    "ID Number": "6509517"
  },
  {
    "ID Number": "6562728"
  },
  {
    "ID Number": "6513417"
  },
  {
    "ID Number": "6513425"
  },
  {
    "ID Number": "6513441"
  },
  {
    "ID Number": "6560377"
  },
  {
    "ID Number": "6505970"
  },
  {
    "ID Number": "6548482"
  },
  {
    "ID Number": "6561721"
  },
  {
    "ID Number": "6505015"
  },
  {
    "ID Number": "6556914"
  },
  {
    "ID Number": "6550630"
  },
  {
    "ID Number": "6508049"
  },
  {
    "ID Number": "6512062"
  },
  {
    "ID Number": "6548490"
  },
  {
    "ID Number": "6500048"
  },
  {
    "ID Number": "6524494"
  },
  {
    "ID Number": "6505040"
  },
  {
    "ID Number": "6509991"
  },
  {
    "ID Number": "6575420"
  },
  {
    "ID Number": "6501850"
  },
  {
    "ID Number": "6522378"
  },
  {
    "ID Number": "6507158"
  },
  {
    "ID Number": "6505716"
  },
  {
    "ID Number": "6516700"
  },
  {
    "ID Number": "6524800"
  },
  {
    "ID Number": "6558798"
  },
  {
    "ID Number": "6511643"
  },
  {
    "ID Number": "6505090"
  },
  {
    "ID Number": "6556434"
  },
  {
    "ID Number": "6568408"
  },
  {
    "ID Number": "6567479"
  },
  {
    "ID Number": "6503640"
  },
  {
    "ID Number": "6527728"
  },
  {
    "ID Number": "6505104"
  },
  {
    "ID Number": "6502601"
  },
  {
    "ID Number": "6566669"
  },
  {
    "ID Number": "6566677"
  },
  {
    "ID Number": "6508880"
  },
  {
    "ID Number": "6509150"
  },
  {
    "ID Number": "6511490"
  },
  {
    "ID Number": "6511376"
  },
  {
    "ID Number": "6568742"
  },
  {
    "ID Number": "6535011"
  },
  {
    "ID Number": "6524460"
  },
  {
    "ID Number": "6514189"
  },
  {
    "ID Number": "6515088"
  },
  {
    "ID Number": "6555683"
  },
  {
    "ID Number": "6501290"
  },
  {
    "ID Number": "6507379"
  },
  {
    "ID Number": "6530389"
  },
  {
    "ID Number": "6511651"
  },
  {
    "ID Number": "6511597"
  },
  {
    "ID Number": "6566251"
  },
  {
    "ID Number": "6521495"
  },
  {
    "ID Number": "6506062"
  },
  {
    "ID Number": "6506070"
  },
  {
    "ID Number": "6517595"
  },
  {
    "ID Number": "6510000"
  },
  {
    "ID Number": "6507263"
  },
  {
    "ID Number": "6507271"
  },
  {
    "ID Number": "6504140"
  },
  {
    "ID Number": "6544070"
  },
  {
    "ID Number": "6505155"
  },
  {
    "ID Number": "6500323"
  },
  {
    "ID Number": "6504299"
  },
  {
    "ID Number": "6548792"
  },
  {
    "ID Number": "6570844"
  },
  {
    "ID Number": "6500609"
  },
  {
    "ID Number": "6535860"
  },
  {
    "ID Number": "6517080"
  },
  {
    "ID Number": "6507174"
  },
  {
    "ID Number": "6508960"
  },
  {
    "ID Number": "6542972"
  },
  {
    "ID Number": "6500641"
  },
  {
    "ID Number": "6507867"
  },
  {
    "ID Number": "6550460"
  },
  {
    "ID Number": "6542999"
  },
  {
    "ID Number": "6507387"
  },
  {
    "ID Number": "6520383"
  },
  {
    "ID Number": "6516050"
  },
  {
    "ID Number": "6508774"
  },
  {
    "ID Number": "6534945"
  },
  {
    "ID Number": "6535020"
  },
  {
    "ID Number": "6555870"
  },
  {
    "ID Number": "6520138"
  },
  {
    "ID Number": "6550380"
  },
  {
    "ID Number": "6518150"
  },
  {
    "ID Number": "6507875"
  },
  {
    "ID Number": "6550398"
  },
  {
    "ID Number": "6500960"
  },
  {
    "ID Number": "6523013"
  },
  {
    "ID Number": "6502679"
  },
  {
    "ID Number": "6533531"
  },
  {
    "ID Number": "6502687"
  },
  {
    "ID Number": "6501222"
  },
  {
    "ID Number": "6561020"
  },
  {
    "ID Number": "6520278"
  },
  {
    "ID Number": "6562736"
  },
  {
    "ID Number": "6500560"
  },
  {
    "ID Number": "6500200"
  },
  {
    "ID Number": "6500129"
  },
  {
    "ID Number": "6522289"
  },
  {
    "ID Number": "6501885"
  },
  {
    "ID Number": "6559328"
  },
  {
    "ID Number": "6519067"
  },
  {
    "ID Number": "6500650"
  },
  {
    "ID Number": "6561519"
  },
  {
    "ID Number": "6504167"
  },
  {
    "ID Number": "6500331"
  },
  {
    "ID Number": "6505260"
  },
  {
    "ID Number": "6523323"
  },
  {
    "ID Number": "6515223"
  },
  {
    "ID Number": "6506330"
  },
  {
    "ID Number": "6526110"
  },
  {
    "ID Number": "6511600"
  },
  {
    "ID Number": "6524869"
  },
  {
    "ID Number": "6512801"
  },
  {
    "ID Number": "6504361"
  },
  {
    "ID Number": "6511147"
  },
  {
    "ID Number": "6514219"
  },
  {
    "ID Number": "6558577"
  },
  {
    "ID Number": "6561187"
  },
  {
    "ID Number": "6517218"
  },
  {
    "ID Number": "6565832"
  },
  {
    "ID Number": "6500536"
  },
  {
    "ID Number": "6563570"
  },
  {
    "ID Number": "6557830"
  },
  {
    "ID Number": "6535780"
  },
  {
    "ID Number": "6555047"
  },
  {
    "ID Number": "6551122"
  },
  {
    "ID Number": "6521517"
  },
  {
    "ID Number": "6502776"
  },
  {
    "ID Number": "6520804"
  },
  {
    "ID Number": "6556272"
  },
  {
    "ID Number": "6511031"
  },
  {
    "ID Number": "6513778"
  },
  {
    "ID Number": "6513964"
  },
  {
    "ID Number": "6511503"
  },
  {
    "ID Number": "6554199"
  },
  {
    "ID Number": "6552820"
  },
  {
    "ID Number": "6512798"
  },
  {
    "ID Number": "6558046"
  },
  {
    "ID Number": "6549241"
  },
  {
    "ID Number": "6524249"
  },
  {
    "ID Number": "6571107"
  },
  {
    "ID Number": "6500820"
  },
  {
    "ID Number": "6550150"
  },
  {
    "ID Number": "6562027"
  },
  {
    "ID Number": "6563252"
  },
  {
    "ID Number": "6529038"
  },
  {
    "ID Number": "6569307"
  },
  {
    "ID Number": "6509851"
  },
  {
    "ID Number": "6501907"
  },
  {
    "ID Number": "6556264"
  },
  {
    "ID Number": "6565395"
  },
  {
    "ID Number": "6503306"
  },
  {
    "ID Number": "6549098"
  },
  {
    "ID Number": "6502792"
  },
  {
    "ID Number": "6512518"
  },
  {
    "ID Number": "6501915"
  }
]