[
  {
    "ID Number": "42800099",
    "Name": "Abdelaziz Bokhit, Badjoiri",
    "Fed": "CHA",
    "Sex": "M",
    "Title": "",
    "WTit": "",
    "OTit": "",
    "FOA": "1701",
    "Rating": "AUG25",
    "Gms": "0",
    "K": "40",
    "B-day": "1992",
    "Flag": ""
  },
  {
    "ID Number": "12200620",
    "Name": "Adam, Jamal",
    "Fed": "CHA",
    "Sex": "M",
    "Title": "CM",
    "WTit": "",
    "OTit": "",
    "FOA": "2016",
    "Rating": "AUG25",
    "Gms": "0",
    "K": "20",
    "B-day": "1979",
    "Flag": ""
  },
  {
    "ID Number": "42800129",
    "Name": "Akram, Yousouf Dahab",
    "Fed": "CHA",
    "Sex": "M",
    "Title": "",
    "WTit": "",
    "OTit": "",
    "FOA": "1776",
    "Rating": "AUG25",
    "Gms": "0",
    "K": "40",
    "B-day": "1992",
    "Flag": "i"
  },
  {
    "ID Number": "12204293",
    "Name": "Hassaballh Ahmed Hassaballh",
    "Fed": "CHA",
    "Sex": "M",
    "Title": "",
    "WTit": "",
    "OTit": "",
    "FOA": "1880",
    "Rating": "AUG25",
    "Gms": "0",
    "K": "20",
    "B-day": "1982",
    "Flag": ""
  },
  {
    "ID Number": "42800030",
    "Name": "Mahamat Hachim Bachar",
    "Fed": "CHA",
    "Sex": "M",
    "Title": "",
    "WTit": "",
    "OTit": "",
    "FOA": "1803",
    "Rating": "AUG25",
    "Gms": "0",
    "K": "20",
    "B-day": "1975",
    "Flag": ""
  }
]