[
  {
    "ID Number": "16601025"
  },
  {
    "ID Number": "16601815"
  },
  {
    "ID Number": "16601955"
  },
  {
    "ID Number": "16601599"
  },
  {
    "ID Number": "16601556"
  },
  {
    "ID Number": "16601092"
  },
  {
    "ID Number": "16602056"
  },
  {
    "ID Number": "16600240"
  },
  {
    "ID Number": "16601548"
  },
  {
    "ID Number": "16602080"
  },
  {
    "ID Number": "16602021"
  },
  {
    "ID Number": "16601912"
  },
  {
    "ID Number": "16600169"
  },
  {
    "ID Number": "16600614"
  },
  {
    "ID Number": "16601920"
  },
  {
    "ID Number": "16600282"
  },
  {
    "ID Number": "16601718"
  },
  {
    "ID Number": "16601858"
  },
  {
    "ID Number": "16600878"
  },
  {
    "ID Number": "16600339"
  },
  {
    "ID Number": "16600568"
  },
  {
    "ID Number": "16600177"
  },
  {
    "ID Number": "16601602"
  },
  {
    "ID Number": "16601157"
  },
  {
    "ID Number": "16600630"
  },
  {
    "ID Number": "16600096"
  },
  {
    "ID Number": "16602846"
  },
  {
    "ID Number": "16601289"
  },
  {
    "ID Number": "16601483"
  },
  {
    "ID Number": "16600150"
  },
  {
    "ID Number": "16601700"
  },
  {
    "ID Number": "16601696"
  },
  {
    "ID Number": "16602382"
  },
  {
    "ID Number": "16600010"
  },
  {
    "ID Number": "16600371"
  },
  {
    "ID Number": "16601866"
  },
  {
    "ID Number": "16600185"
  },
  {
    "ID Number": "16601335"
  },
  {
    "ID Number": "16602110"
  },
  {
    "ID Number": "16600576"
  },
  {
    "ID Number": "16601041"
  },
  {
    "ID Number": "16601971"
  },
  {
    "ID Number": "16600991"
  },
  {
    "ID Number": "16600924"
  },
  {
    "ID Number": "16601211"
  },
  {
    "ID Number": "16601505"
  },
  {
    "ID Number": "16600100"
  },
  {
    "ID Number": "16600118"
  },
  {
    "ID Number": "16602005"
  },
  {
    "ID Number": "16601823"
  },
  {
    "ID Number": "16600355"
  },
  {
    "ID Number": "16600037"
  },
  {
    "ID Number": "5203791"
  },
  {
    "ID Number": "16601343"
  },
  {
    "ID Number": "16600940"
  },
  {
    "ID Number": "16600533"
  },
  {
    "ID Number": "16601688"
  },
  {
    "ID Number": "16602749"
  },
  {
    "ID Number": "16600908"
  },
  {
    "ID Number": "16600851"
  },
  {
    "ID Number": "16600622"
  },
  {
    "ID Number": "16600649"
  },
  {
    "ID Number": "16601831"
  },
  {
    "ID Number": "16601572"
  },
  {
    "ID Number": "16600495"
  },
  {
    "ID Number": "16600592"
  },
  {
    "ID Number": "16600894"
  },
  {
    "ID Number": "16600967"
  },
  {
    "ID Number": "16601726"
  },
  {
    "ID Number": "16600215"
  },
  {
    "ID Number": "16600061"
  },
  {
    "ID Number": "16601165"
  },
  {
    "ID Number": "16602013"
  },
  {
    "ID Number": "16600835"
  },
  {
    "ID Number": "16601629"
  },
  {
    "ID Number": "16602102"
  },
  {
    "ID Number": "16602099"
  },
  {
    "ID Number": "16601491"
  },
  {
    "ID Number": "16601009"
  },
  {
    "ID Number": "16601084"
  },
  {
    "ID Number": "16601840"
  },
  {
    "ID Number": "16600436"
  },
  {
    "ID Number": "16600444"
  },
  {
    "ID Number": "16600720"
  },
  {
    "ID Number": "16601050"
  },
  {
    "ID Number": "16601262"
  },
  {
    "ID Number": "16601874"
  },
  {
    "ID Number": "16600134"
  },
  {
    "ID Number": "16602412"
  },
  {
    "ID Number": "16601661"
  },
  {
    "ID Number": "16600843"
  },
  {
    "ID Number": "16600886"
  },
  {
    "ID Number": "16601076"
  },
  {
    "ID Number": "16602072"
  },
  {
    "ID Number": "16601068"
  },
  {
    "ID Number": "16602323"
  },
  {
    "ID Number": "16600797"
  },
  {
    "ID Number": "16600550"
  },
  {
    "ID Number": "16600460"
  },
  {
    "ID Number": "16600762"
  },
  {
    "ID Number": "16600320"
  },
  {
    "ID Number": "16600754"
  },
  {
    "ID Number": "16601980"
  }
]