[
  {
    "ID Number": "33100136",
    "Name": "Abalos, Gilbert",
    "Fed": "CAY",
    "Sex": "M",
    "Title": "",
    "WTit": "",
    "OTit": "",
    "Rating": "1724",
    "Gms": "0",
    "K": "20",
    "RatingMonth": "SEP25",
    "B-day": "1973",
    "Flag": ""
  },
  {
    "ID Number": "33101272",
    "Name": "Baskaran, Annamalai",
    "Fed": "CAY",
    "Sex": "M",
    "Title": "",
    "WTit": "",
    "OTit": "",
    "Rating": "1461",
    "Gms": "0",
    "K": "40",
    "RatingMonth": "SEP25",
    "B-day": "1996",
    "Flag": ""
  },
  {
    "ID Number": "33100730",
    "Name": "Belanger, Jean-Philippe",
    "Fed": "CAY",
    "Sex": "M",
    "Title": "",
    "WTit": "",
    "OTit": "",
    "Rating": "1433",
    "Gms": "0",
    "K": "40",
    "RatingMonth": "SEP25",
    "B-day": "1989",
    "Flag": ""
  },
  {
    "ID Number": "7400640",
    "Name": "Blackwood, Ryan",
    "Fed": "CAY",
    "Sex": "M",
    "Title": "",
    "WTit": "SI,FI",
    "OTit": "",
    "Rating": "2019",
    "Gms": "0",
    "K": "20",
    "RatingMonth": "SEP25",
    "B-day": "1985",
    "Flag": ""
  },
  {
    "ID Number": "33100470",
    "Name": "Blake, Damarrow",
    "Fed": "CAY",
    "Sex": "M",
    "Title": "",
    "WTit": "",
    "OTit": "",
    "Rating": "1540",
    "Gms": "0",
    "K": "40",
    "RatingMonth": "SEP25",
    "B-day": "1990",
    "Flag": "i"
  },
  {
    "ID Number": "7404662",
    "Name": "Bush, Enfield",
    "Fed": "CAY",
    "Sex": "M",
    "Title": "",
    "WTit": "",
    "OTit": "",
    "Rating": "1687",
    "Gms": "0",
    "K": "20",
    "RatingMonth": "SEP25",
    "B-day": "2000",
    "Flag": ""
  },
  {
    "ID Number": "33100780",
    "Name": "CLARK, ARTY",
    "Fed": "CAY",
    "Sex": "M",
    "Title": "",
    "WTit": "",
    "OTit": "",
    "Rating": "1554",
    "Gms": "12",
    "K": "40",
    "RatingMonth": "SEP25",
    "B-day": "2014",
    "Flag": ""
  },
  {
    "ID Number": "33100071",
    "Name": "Dimitrov, Lyubomir",
    "Fed": "CAY",
    "Sex": "M",
    "Title": "",
    "WTit": "",
    "OTit": "",
    "Rating": "1608",
    "Gms": "0",
    "K": "20",
    "RatingMonth": "SEP25",
    "B-day": "0",
    "Flag": ""
  },
  {
    "ID Number": "33100349",
    "Name": "Dookhy, Sastry",
    "Fed": "CAY",
    "Sex": "M",
    "Title": "",
    "WTit": "",
    "OTit": "",
    "Rating": "1564",
    "Gms": "0",
    "K": "20",
    "RatingMonth": "SEP25",
    "B-day": "1983",
    "Flag": ""
  },
  {
    "ID Number": "33100721",
    "Name": "Evers, Laurie Jay",
    "Fed": "CAY",
    "Sex": "M",
    "Title": "",
    "WTit": "",
    "OTit": "",
    "Rating": "1568",
    "Gms": "0",
    "K": "40",
    "RatingMonth": "SEP25",
    "B-day": "1994",
    "Flag": ""
  },
  {
    "ID Number": "33100454",
    "Name": "Franklin, Owen",
    "Fed": "CAY",
    "Sex": "M",
    "Title": "",
    "WTit": "",
    "OTit": "",
    "Rating": "1570",
    "Gms": "0",
    "K": "40",
    "RatingMonth": "SEP25",
    "B-day": "2008",
    "Flag": ""
  },
  {
    "ID Number": "7404816",
    "Name": "Giannini, Mauro",
    "Fed": "CAY",
    "Sex": "M",
    "Title": "",
    "WTit": "",
    "OTit": "",
    "Rating": "1629",
    "Gms": "0",
    "K": "40",
    "RatingMonth": "SEP25",
    "B-day": "1985",
    "Flag": "i"
  },
  {
    "ID Number": "33100306",
    "Name": "Graham, Dez",
    "Fed": "CAY",
    "Sex": "M",
    "Title": "",
    "WTit": "",
    "OTit": "",
    "Rating": "1626",
    "Gms": "11",
    "K": "40",
    "RatingMonth": "SEP25",
    "B-day": "2011",
    "Flag": ""
  },
  {
    "ID Number": "33100527",
    "Name": "Gunasekaran , Sanjith",
    "Fed": "CAY",
    "Sex": "M",
    "Title": "",
    "WTit": "",
    "OTit": "",
    "Rating": "1492",
    "Gms": "0",
    "K": "40",
    "RatingMonth": "SEP25",
    "B-day": "2014",
    "Flag": ""
  },
  {
    "ID Number": "33100179",
    "Name": "Kudakwashe Chinake",
    "Fed": "CAY",
    "Sex": "M",
    "Title": "CM",
    "WTit": "",
    "OTit": "",
    "Rating": "1821",
    "Gms": "0",
    "K": "40",
    "RatingMonth": "SEP25",
    "B-day": "1987",
    "Flag": ""
  },
  {
    "ID Number": "33100390",
    "Name": "Lualhati, Jay-ar",
    "Fed": "CAY",
    "Sex": "M",
    "Title": "",
    "WTit": "",
    "OTit": "",
    "Rating": "1766",
    "Gms": "0",
    "K": "20",
    "RatingMonth": "SEP25",
    "B-day": "1990",
    "Flag": ""
  },
  {
    "ID Number": "33101264",
    "Name": "Macatuggal, Edilberto",
    "Fed": "CAY",
    "Sex": "M",
    "Title": "",
    "WTit": "",
    "OTit": "",
    "Rating": "1808",
    "Gms": "0",
    "K": "40",
    "RatingMonth": "SEP25",
    "B-day": "1984",
    "Flag": ""
  },
  {
    "ID Number": "33100624",
    "Name": "Majid, Zara",
    "Fed": "CAY",
    "Sex": "F",
    "Title": "WCM",
    "WTit": "WCM",
    "OTit": "",
    "Rating": "1517",
    "Gms": "7",
    "K": "40",
    "RatingMonth": "SEP25",
    "B-day": "2010",
    "Flag": "w"
  },
  {
    "ID Number": "33100292",
    "Name": "Martin, Israel",
    "Fed": "CAY",
    "Sex": "M",
    "Title": "",
    "WTit": "",
    "OTit": "",
    "Rating": "1471",
    "Gms": "0",
    "K": "40",
    "RatingMonth": "SEP25",
    "B-day": "2007",
    "Flag": "i"
  },
  {
    "ID Number": "33100535",
    "Name": "McClenaghan, Abbie",
    "Fed": "CAY",
    "Sex": "F",
    "Title": "",
    "WTit": "",
    "OTit": "",
    "Rating": "1477",
    "Gms": "0",
    "K": "40",
    "RatingMonth": "SEP25",
    "B-day": "2012",
    "Flag": "w"
  },
  {
    "ID Number": "2635682",
    "Name": "McDonald, Mike",
    "Fed": "CAY",
    "Sex": "M",
    "Title": "",
    "WTit": "",
    "OTit": "",
    "Rating": "1900",
    "Gms": "0",
    "K": "20",
    "RatingMonth": "SEP25",
    "B-day": "1989",
    "Flag": ""
  },
  {
    "ID Number": "33101116",
    "Name": "Mclean, Kylen",
    "Fed": "CAY",
    "Sex": "M",
    "Title": "",
    "WTit": "",
    "OTit": "",
    "Rating": "1462",
    "Gms": "11",
    "K": "40",
    "RatingMonth": "SEP25",
    "B-day": "2011",
    "Flag": ""
  },
  {
    "ID Number": "33100276",
    "Name": "Mias Felicisimo",
    "Fed": "CAY",
    "Sex": "M",
    "Title": "",
    "WTit": "",
    "OTit": "",
    "Rating": "1640",
    "Gms": "0",
    "K": "40",
    "RatingMonth": "SEP25",
    "B-day": "1977",
    "Flag": ""
  },
  {
    "ID Number": "33100381",
    "Name": "Mircioiu, Alex",
    "Fed": "CAY",
    "Sex": "M",
    "Title": "",
    "WTit": "",
    "OTit": "",
    "Rating": "1452",
    "Gms": "0",
    "K": "40",
    "RatingMonth": "SEP25",
    "B-day": "2010",
    "Flag": "i"
  },
  {
    "ID Number": "33100314",
    "Name": "Moore, John-Henry",
    "Fed": "CAY",
    "Sex": "M",
    "Title": "",
    "WTit": "",
    "OTit": "",
    "Rating": "1424",
    "Gms": "0",
    "K": "40",
    "RatingMonth": "SEP25",
    "B-day": "2007",
    "Flag": "i"
  },
  {
    "ID Number": "33100268",
    "Name": "ORourke, Aidan",
    "Fed": "CAY",
    "Sex": "M",
    "Title": "",
    "WTit": "",
    "OTit": "",
    "Rating": "1456",
    "Gms": "0",
    "K": "40",
    "RatingMonth": "SEP25",
    "B-day": "1994",
    "Flag": "i"
  },
  {
    "ID Number": "33100446",
    "Name": "Patil, Anvita Niranjan",
    "Fed": "CAY",
    "Sex": "F",
    "Title": "",
    "WTit": "",
    "OTit": "",
    "Rating": "1400",
    "Gms": "0",
    "K": "40",
    "RatingMonth": "SEP25",
    "B-day": "2013",
    "Flag": "w"
  },
  {
    "ID Number": "33100101",
    "Name": "Shaw, Clifford",
    "Fed": "CAY",
    "Sex": "M",
    "Title": "CM",
    "WTit": "",
    "OTit": "",
    "Rating": "1701",
    "Gms": "0",
    "K": "20",
    "RatingMonth": "SEP25",
    "B-day": "1950",
    "Flag": ""
  },
  {
    "ID Number": "33100632",
    "Name": "Shen, Hannah",
    "Fed": "CAY",
    "Sex": "F",
    "Title": "",
    "WTit": "",
    "OTit": "",
    "Rating": "1671",
    "Gms": "0",
    "K": "40",
    "RatingMonth": "SEP25",
    "B-day": "1996",
    "Flag": "w"
  },
  {
    "ID Number": "33100098",
    "Name": "Sinton, Luc",
    "Fed": "CAY",
    "Sex": "M",
    "Title": "",
    "WTit": "",
    "OTit": "",
    "Rating": "1518",
    "Gms": "0",
    "K": "40",
    "RatingMonth": "SEP25",
    "B-day": "2009",
    "Flag": ""
  },
  {
    "ID Number": "33100047",
    "Name": "Suico, Melinda",
    "Fed": "CAY",
    "Sex": "F",
    "Title": "WCM",
    "WTit": "WCM",
    "OTit": "",
    "Rating": "1412",
    "Gms": "0",
    "K": "20",
    "RatingMonth": "SEP25",
    "B-day": "0",
    "Flag": "w"
  },
  {
    "ID Number": "33100063",
    "Name": "Swaminathan, Laia",
    "Fed": "CAY",
    "Sex": "F",
    "Title": "WCM",
    "WTit": "WCM",
    "OTit": "",
    "Rating": "1616",
    "Gms": "0",
    "K": "40",
    "RatingMonth": "SEP25",
    "B-day": "2008",
    "Flag": "wi"
  },
  {
    "ID Number": "419052",
    "Name": "Tracey, Shaun M",
    "Fed": "CAY",
    "Sex": "M",
    "Title": "CM",
    "WTit": "FI",
    "OTit": "",
    "Rating": "1836",
    "Gms": "0",
    "K": "20",
    "RatingMonth": "SEP25",
    "B-day": "1979",
    "Flag": ""
  },
  {
    "ID Number": "33100748",
    "Name": "WILSON, ALEJANDRO",
    "Fed": "CAY",
    "Sex": "M",
    "Title": "",
    "WTit": "",
    "OTit": "",
    "Rating": "1486",
    "Gms": "0",
    "K": "40",
    "RatingMonth": "SEP25",
    "B-day": "2010",
    "Flag": ""
  },
  {
    "ID Number": "33100039",
    "Name": "Young, Christopher",
    "Fed": "CAY",
    "Sex": "M",
    "Title": "CM",
    "WTit": "",
    "OTit": "",
    "Rating": "1773",
    "Gms": "0",
    "K": "20",
    "RatingMonth": "SEP25",
    "B-day": "1964",
    "Flag": ""
  },
  {
    "ID Number": "33100411",
    "Name": "Zhu, Ryan",
    "Fed": "CAY",
    "Sex": "M",
    "Title": "",
    "WTit": "",
    "OTit": "",
    "Rating": "1639",
    "Gms": "0",
    "K": "40",
    "RatingMonth": "SEP25",
    "B-day": "1988",
    "Flag": "i"
  }
]