[
  {
    "ID Number": "13201492"
  },
  {
    "ID Number": "13215418"
  },
  {
    "ID Number": "13224018"
  },
  {
    "ID Number": "13203290"
  },
  {
    "ID Number": "13200909"
  },
  {
    "ID Number": "13201034"
  },
  {
    "ID Number": "13227211"
  },
  {
    "ID Number": "13202537"
  },
  {
    "ID Number": "13205064"
  },
  {
    "ID Number": "13219030"
  },
  {
    "ID Number": "13212559"
  },
  {
    "ID Number": "13212656"
  },
  {
    "ID Number": "13213385"
  },
  {
    "ID Number": "13218050"
  },
  {
    "ID Number": "13222228"
  },
  {
    "ID Number": "13217437"
  },
  {
    "ID Number": "13216830"
  },
  {
    "ID Number": "13201298"
  },
  {
    "ID Number": "13209272"
  },
  {
    "ID Number": "13203436"
  },
  {
    "ID Number": "13222520"
  },
  {
    "ID Number": "13231707"
  },
  {
    "ID Number": "13200186"
  },
  {
    "ID Number": "13211846"
  },
  {
    "ID Number": "13226541"
  },
  {
    "ID Number": "13205676"
  },
  {
    "ID Number": "13207555"
  },
  {
    "ID Number": "13207091"
  },
  {
    "ID Number": "13210300"
  },
  {
    "ID Number": "13215868"
  },
  {
    "ID Number": "13223100"
  },
  {
    "ID Number": "13200852"
  },
  {
    "ID Number": "13205498"
  },
  {
    "ID Number": "13209701"
  },
  {
    "ID Number": "13208900"
  },
  {
    "ID Number": "13228404"
  },
  {
    "ID Number": "13216201"
  },
  {
    "ID Number": "13223313"
  },
  {
    "ID Number": "13211951"
  },
  {
    "ID Number": "13205480"
  },
  {
    "ID Number": "13223445"
  },
  {
    "ID Number": "13227335"
  },
  {
    "ID Number": "13226436"
  },
  {
    "ID Number": "13221884"
  },
  {
    "ID Number": "13200550"
  },
  {
    "ID Number": "13201190"
  },
  {
    "ID Number": "13208160"
  },
  {
    "ID Number": "13202855"
  },
  {
    "ID Number": "13210688"
  },
  {
    "ID Number": "13224530"
  },
  {
    "ID Number": "13228684"
  },
  {
    "ID Number": "13207415"
  },
  {
    "ID Number": "13209124"
  },
  {
    "ID Number": "13211382"
  },
  {
    "ID Number": "13225634"
  },
  {
    "ID Number": "13215752"
  },
  {
    "ID Number": "13201379"
  },
  {
    "ID Number": "13216759"
  },
  {
    "ID Number": "13218654"
  },
  {
    "ID Number": "13227661"
  },
  {
    "ID Number": "13224395"
  },
  {
    "ID Number": "13209892"
  },
  {
    "ID Number": "13207040"
  },
  {
    "ID Number": "13228617"
  },
  {
    "ID Number": "13214560"
  },
  {
    "ID Number": "13202820"
  },
  {
    "ID Number": "13231774"
  },
  {
    "ID Number": "13206079"
  },
  {
    "ID Number": "13223291"
  },
  {
    "ID Number": "13209620"
  },
  {
    "ID Number": "13211790"
  },
  {
    "ID Number": "13200321"
  },
  {
    "ID Number": "13223178"
  },
  {
    "ID Number": "13205668"
  },
  {
    "ID Number": "13207580"
  },
  {
    "ID Number": "13209710"
  },
  {
    "ID Number": "2019531"
  },
  {
    "ID Number": "13219928"
  },
  {
    "ID Number": "13215175"
  },
  {
    "ID Number": "13209310"
  },
  {
    "ID Number": "13210815"
  },
  {
    "ID Number": "4908287"
  },
  {
    "ID Number": "4908538"
  },
  {
    "ID Number": "13217267"
  },
  {
    "ID Number": "13228285"
  },
  {
    "ID Number": "55686737"
  },
  {
    "ID Number": "13200232"
  },
  {
    "ID Number": "13214403"
  },
  {
    "ID Number": "13208640"
  },
  {
    "ID Number": "13205501"
  },
  {
    "ID Number": "13215892"
  },
  {
    "ID Number": "13208152"
  },
  {
    "ID Number": "13213741"
  },
  {
    "ID Number": "13213032"
  },
  {
    "ID Number": "13219456"
  },
  {
    "ID Number": "13219987"
  },
  {
    "ID Number": "13231863"
  },
  {
    "ID Number": "13201395"
  },
  {
    "ID Number": "13209795"
  },
  {
    "ID Number": "13213687"
  },
  {
    "ID Number": "13212702"
  },
  {
    "ID Number": "13231227"
  },
  {
    "ID Number": "13205250"
  },
  {
    "ID Number": "13211579"
  },
  {
    "ID Number": "13228846"
  },
  {
    "ID Number": "13209590"
  },
  {
    "ID Number": "13226037"
  },
  {
    "ID Number": "13213822"
  },
  {
    "ID Number": "13203193"
  },
  {
    "ID Number": "13227475"
  },
  {
    "ID Number": "13228820"
  },
  {
    "ID Number": "13216724"
  },
  {
    "ID Number": "13200534"
  },
  {
    "ID Number": "13233114"
  },
  {
    "ID Number": "13232738"
  },
  {
    "ID Number": "13211390"
  },
  {
    "ID Number": "13208071"
  },
  {
    "ID Number": "13224220"
  },
  {
    "ID Number": "13211471"
  },
  {
    "ID Number": "13223119"
  },
  {
    "ID Number": "13204955"
  },
  {
    "ID Number": "13201158"
  },
  {
    "ID Number": "13208560"
  },
  {
    "ID Number": "13215930"
  },
  {
    "ID Number": "13201166"
  },
  {
    "ID Number": "13227033"
  },
  {
    "ID Number": "13216520"
  },
  {
    "ID Number": "13218875"
  },
  {
    "ID Number": "13202685"
  },
  {
    "ID Number": "13216538"
  },
  {
    "ID Number": "13216023"
  },
  {
    "ID Number": "13229109"
  },
  {
    "ID Number": "13216864"
  },
  {
    "ID Number": "13220306"
  },
  {
    "ID Number": "13226576"
  },
  {
    "ID Number": "13222171"
  },
  {
    "ID Number": "13212311"
  },
  {
    "ID Number": "13218514"
  },
  {
    "ID Number": "13208489"
  },
  {
    "ID Number": "13230590"
  },
  {
    "ID Number": "13216074"
  },
  {
    "ID Number": "13216082"
  },
  {
    "ID Number": "13217585"
  },
  {
    "ID Number": "13227106"
  },
  {
    "ID Number": "13208713"
  },
  {
    "ID Number": "13227289"
  },
  {
    "ID Number": "13220527"
  },
  {
    "ID Number": "13223038"
  },
  {
    "ID Number": "13208705"
  },
  {
    "ID Number": "13216376"
  },
  {
    "ID Number": "13204190"
  },
  {
    "ID Number": "13219758"
  },
  {
    "ID Number": "13208314"
  },
  {
    "ID Number": "13208322"
  },
  {
    "ID Number": "13206311"
  },
  {
    "ID Number": "13219782"
  },
  {
    "ID Number": "13218344"
  },
  {
    "ID Number": "13215205"
  },
  {
    "ID Number": "13228625"
  },
  {
    "ID Number": "13211838"
  },
  {
    "ID Number": "13207148"
  },
  {
    "ID Number": "34117226"
  },
  {
    "ID Number": "13213407"
  },
  {
    "ID Number": "13224026"
  },
  {
    "ID Number": "13206850"
  },
  {
    "ID Number": "13207954"
  },
  {
    "ID Number": "13206222"
  },
  {
    "ID Number": "13222104"
  },
  {
    "ID Number": "13218662"
  },
  {
    "ID Number": "13230654"
  },
  {
    "ID Number": "13207130"
  },
  {
    "ID Number": "13203762"
  },
  {
    "ID Number": "13200194"
  },
  {
    "ID Number": "13207741"
  },
  {
    "ID Number": "13228129"
  },
  {
    "ID Number": "13209027"
  },
  {
    "ID Number": "13213288"
  },
  {
    "ID Number": "13201980"
  },
  {
    "ID Number": "13217119"
  },
  {
    "ID Number": "13205706"
  },
  {
    "ID Number": "13217852"
  },
  {
    "ID Number": "13201727"
  },
  {
    "ID Number": "13230700"
  },
  {
    "ID Number": "13213458"
  },
  {
    "ID Number": "13209787"
  },
  {
    "ID Number": "13227564"
  },
  {
    "ID Number": "24173860"
  },
  {
    "ID Number": "13233106"
  },
  {
    "ID Number": "13201514"
  },
  {
    "ID Number": "13230964"
  },
  {
    "ID Number": "13225146"
  },
  {
    "ID Number": "4129776"
  },
  {
    "ID Number": "13751794"
  },
  {
    "ID Number": "13225189"
  },
  {
    "ID Number": "13204572"
  },
  {
    "ID Number": "34117234"
  },
  {
    "ID Number": "13205200"
  },
  {
    "ID Number": "13203339"
  },
  {
    "ID Number": "13234293"
  },
  {
    "ID Number": "13228676"
  },
  {
    "ID Number": "13214438"
  },
  {
    "ID Number": "13229419"
  },
  {
    "ID Number": "13215086"
  },
  {
    "ID Number": "13212842"
  },
  {
    "ID Number": "13204467"
  },
  {
    "ID Number": "13214420"
  },
  {
    "ID Number": "13217739"
  },
  {
    "ID Number": "13217429"
  },
  {
    "ID Number": "13210084"
  },
  {
    "ID Number": "13200798"
  },
  {
    "ID Number": "13215280"
  },
  {
    "ID Number": "13218646"
  },
  {
    "ID Number": "13224654"
  },
  {
    "ID Number": "13227726"
  },
  {
    "ID Number": "13217925"
  },
  {
    "ID Number": "13220640"
  },
  {
    "ID Number": "13225847"
  },
  {
    "ID Number": "13229923"
  },
  {
    "ID Number": "13210076"
  },
  {
    "ID Number": "13223569"
  },
  {
    "ID Number": "13228870"
  },
  {
    "ID Number": "13218905"
  },
  {
    "ID Number": "13207245"
  },
  {
    "ID Number": "13209736"
  },
  {
    "ID Number": "13225928"
  },
  {
    "ID Number": "13206699"
  },
  {
    "ID Number": "13207903"
  },
  {
    "ID Number": "13213601"
  },
  {
    "ID Number": "13214381"
  },
  {
    "ID Number": "13228170"
  },
  {
    "ID Number": "13208578"
  },
  {
    "ID Number": "13213083"
  },
  {
    "ID Number": "13231278"
  },
  {
    "ID Number": "13215736"
  },
  {
    "ID Number": "13234510"
  },
  {
    "ID Number": "13201204"
  },
  {
    "ID Number": "13219790"
  },
  {
    "ID Number": "13231871"
  },
  {
    "ID Number": "13232339"
  },
  {
    "ID Number": "13211331"
  },
  {
    "ID Number": "13227467"
  },
  {
    "ID Number": "13205633"
  },
  {
    "ID Number": "13202405"
  },
  {
    "ID Number": "13224328"
  },
  {
    "ID Number": "13206680"
  },
  {
    "ID Number": "13203150"
  },
  {
    "ID Number": "13203215"
  },
  {
    "ID Number": "13214462"
  },
  {
    "ID Number": "13229168"
  },
  {
    "ID Number": "13216627"
  },
  {
    "ID Number": "13201107"
  },
  {
    "ID Number": "382104398"
  },
  {
    "ID Number": "13211447"
  },
  {
    "ID Number": "13222082"
  },
  {
    "ID Number": "13223097"
  },
  {
    "ID Number": "13231510"
  },
  {
    "ID Number": "13229877"
  },
  {
    "ID Number": "13217895"
  },
  {
    "ID Number": "13209000"
  },
  {
    "ID Number": "13219529"
  },
  {
    "ID Number": "13225740"
  },
  {
    "ID Number": "13227343"
  },
  {
    "ID Number": "13216988"
  },
  {
    "ID Number": "13201050"
  },
  {
    "ID Number": "13212397"
  },
  {
    "ID Number": "13221922"
  },
  {
    "ID Number": "13219804"
  },
  {
    "ID Number": "13206788"
  },
  {
    "ID Number": "13212885"
  },
  {
    "ID Number": "13223950"
  },
  {
    "ID Number": "13219146"
  },
  {
    "ID Number": "13205196"
  },
  {
    "ID Number": "13213580"
  },
  {
    "ID Number": "13214446"
  },
  {
    "ID Number": "13229630"
  },
  {
    "ID Number": "13215183"
  },
  {
    "ID Number": "13213539"
  },
  {
    "ID Number": "13224794"
  },
  {
    "ID Number": "13223046"
  },
  {
    "ID Number": "13215477"
  },
  {
    "ID Number": "13200518"
  },
  {
    "ID Number": "13231820"
  },
  {
    "ID Number": "13209744"
  },
  {
    "ID Number": "13212834"
  },
  {
    "ID Number": "13230140"
  },
  {
    "ID Number": "382104431"
  },
  {
    "ID Number": "13230409"
  },
  {
    "ID Number": "13228161"
  },
  {
    "ID Number": "13222295"
  },
  {
    "ID Number": "13229338"
  },
  {
    "ID Number": "13214454"
  },
  {
    "ID Number": "13200607"
  },
  {
    "ID Number": "13200976"
  },
  {
    "ID Number": "13217291"
  },
  {
    "ID Number": "13207288"
  },
  {
    "ID Number": "13217402"
  },
  {
    "ID Number": "13227432"
  },
  {
    "ID Number": "13223631"
  },
  {
    "ID Number": "13204386"
  },
  {
    "ID Number": "13215132"
  },
  {
    "ID Number": "13230581"
  },
  {
    "ID Number": "13227874"
  },
  {
    "ID Number": "13227815"
  },
  {
    "ID Number": "13231375"
  },
  {
    "ID Number": "13209981"
  },
  {
    "ID Number": "13219022"
  },
  {
    "ID Number": "13215760"
  },
  {
    "ID Number": "13200062"
  },
  {
    "ID Number": "13232215"
  },
  {
    "ID Number": "13202316"
  },
  {
    "ID Number": "13221256"
  },
  {
    "ID Number": "13233947"
  },
  {
    "ID Number": "13209728"
  },
  {
    "ID Number": "13207539"
  },
  {
    "ID Number": "13203053"
  },
  {
    "ID Number": "13217593"
  },
  {
    "ID Number": "13222279"
  },
  {
    "ID Number": "13223330"
  },
  {
    "ID Number": "13209531"
  },
  {
    "ID Number": "13206257"
  },
  {
    "ID Number": "13221850"
  },
  {
    "ID Number": "13215884"
  },
  {
    "ID Number": "13202863"
  },
  {
    "ID Number": "13216228"
  },
  {
    "ID Number": "13233890"
  },
  {
    "ID Number": "13201433"
  },
  {
    "ID Number": "13209850"
  },
  {
    "ID Number": "13216341"
  },
  {
    "ID Number": "13220977"
  },
  {
    "ID Number": "13202553"
  },
  {
    "ID Number": "13229206"
  },
  {
    "ID Number": "13234536"
  },
  {
    "ID Number": "13225430"
  },
  {
    "ID Number": "13229591"
  },
  {
    "ID Number": "13203088"
  },
  {
    "ID Number": "13208632"
  },
  {
    "ID Number": "13212664"
  },
  {
    "ID Number": "13210491"
  },
  {
    "ID Number": "13220110"
  },
  {
    "ID Number": "13228382"
  },
  {
    "ID Number": "13218441"
  },
  {
    "ID Number": "13228960"
  },
  {
    "ID Number": "13224344"
  },
  {
    "ID Number": "13211897"
  },
  {
    "ID Number": "34117277"
  },
  {
    "ID Number": "13231332"
  },
  {
    "ID Number": "13225790"
  },
  {
    "ID Number": "13215361"
  },
  {
    "ID Number": "13222953"
  },
  {
    "ID Number": "13202626"
  },
  {
    "ID Number": "13232266"
  },
  {
    "ID Number": "13228013"
  },
  {
    "ID Number": "13220632"
  },
  {
    "ID Number": "13217062"
  },
  {
    "ID Number": "13204130"
  },
  {
    "ID Number": "13214535"
  },
  {
    "ID Number": "13223410"
  },
  {
    "ID Number": "13224883"
  },
  {
    "ID Number": "13228331"
  },
  {
    "ID Number": "13212516"
  },
  {
    "ID Number": "13229605"
  },
  {
    "ID Number": "13227327"
  },
  {
    "ID Number": "13228714"
  },
  {
    "ID Number": "13209299"
  },
  {
    "ID Number": "13209280"
  },
  {
    "ID Number": "13220560"
  },
  {
    "ID Number": "13201441"
  },
  {
    "ID Number": "13210025"
  },
  {
    "ID Number": "13208381"
  },
  {
    "ID Number": "13216821"
  },
  {
    "ID Number": "13211544"
  },
  {
    "ID Number": "13220853"
  },
  {
    "ID Number": "13228994"
  },
  {
    "ID Number": "13229613"
  },
  {
    "ID Number": "13217836"
  },
  {
    "ID Number": "13213776"
  },
  {
    "ID Number": "13224433"
  },
  {
    "ID Number": "13219910"
  },
  {
    "ID Number": "13212877"
  },
  {
    "ID Number": "13212435"
  },
  {
    "ID Number": "13218891"
  },
  {
    "ID Number": "13223887"
  },
  {
    "ID Number": "13225332"
  },
  {
    "ID Number": "13219944"
  },
  {
    "ID Number": "13205072"
  },
  {
    "ID Number": "13213784"
  },
  {
    "ID Number": "13209760"
  },
  {
    "ID Number": "13202340"
  },
  {
    "ID Number": "13231979"
  },
  {
    "ID Number": "13228668"
  },
  {
    "ID Number": "13223810"
  },
  {
    "ID Number": "13222040"
  },
  {
    "ID Number": "13204270"
  },
  {
    "ID Number": "13205048"
  },
  {
    "ID Number": "13202154"
  },
  {
    "ID Number": "13209841"
  },
  {
    "ID Number": "13204173"
  },
  {
    "ID Number": "13208586"
  },
  {
    "ID Number": "13220373"
  },
  {
    "ID Number": "13200011"
  },
  {
    "ID Number": "13202979"
  },
  {
    "ID Number": "13201212"
  },
  {
    "ID Number": "13231847"
  },
  {
    "ID Number": "13225480"
  },
  {
    "ID Number": "13232193"
  },
  {
    "ID Number": "13225758"
  },
  {
    "ID Number": "13222562"
  },
  {
    "ID Number": "13232100"
  },
  {
    "ID Number": "13204149"
  },
  {
    "ID Number": "13233319"
  },
  {
    "ID Number": "13208080"
  },
  {
    "ID Number": "13217607"
  },
  {
    "ID Number": "13219685"
  },
  {
    "ID Number": "34117285"
  },
  {
    "ID Number": "13220586"
  },
  {
    "ID Number": "13219570"
  },
  {
    "ID Number": "13207946"
  },
  {
    "ID Number": "13225723"
  },
  {
    "ID Number": "13222899"
  },
  {
    "ID Number": "13227378"
  },
  {
    "ID Number": "13217038"
  },
  {
    "ID Number": "13220390"
  },
  {
    "ID Number": "382105420"
  },
  {
    "ID Number": "13225715"
  },
  {
    "ID Number": "34422587"
  },
  {
    "ID Number": "13224093"
  },
  {
    "ID Number": "14201003"
  },
  {
    "ID Number": "13222970"
  },
  {
    "ID Number": "13203118"
  },
  {
    "ID Number": "13208446"
  },
  {
    "ID Number": "13203312"
  },
  {
    "ID Number": "13218000"
  },
  {
    "ID Number": "13221159"
  },
  {
    "ID Number": "13218930"
  },
  {
    "ID Number": "13228803"
  },
  {
    "ID Number": "13233084"
  },
  {
    "ID Number": "13217127"
  },
  {
    "ID Number": "13202359"
  },
  {
    "ID Number": "13230611"
  },
  {
    "ID Number": "13211820"
  },
  {
    "ID Number": "13231413"
  },
  {
    "ID Number": "13216015"
  },
  {
    "ID Number": "13231162"
  },
  {
    "ID Number": "366109475"
  },
  {
    "ID Number": "88128288"
  },
  {
    "ID Number": "13223453"
  },
  {
    "ID Number": "13225219"
  },
  {
    "ID Number": "13221639"
  },
  {
    "ID Number": "13220497"
  },
  {
    "ID Number": "13217488"
  },
  {
    "ID Number": "13225529"
  },
  {
    "ID Number": "13213326"
  },
  {
    "ID Number": "13208373"
  },
  {
    "ID Number": "13225600"
  },
  {
    "ID Number": "13203240"
  },
  {
    "ID Number": "13210548"
  },
  {
    "ID Number": "13208810"
  },
  {
    "ID Number": "13219847"
  },
  {
    "ID Number": "13215329"
  },
  {
    "ID Number": "13212060"
  },
  {
    "ID Number": "13227360"
  },
  {
    "ID Number": "13228420"
  },
  {
    "ID Number": "13220284"
  },
  {
    "ID Number": "13226762"
  },
  {
    "ID Number": "13217070"
  },
  {
    "ID Number": "13211307"
  },
  {
    "ID Number": "13228048"
  },
  {
    "ID Number": "13211978"
  },
  {
    "ID Number": "13220861"
  },
  {
    "ID Number": "13731998"
  },
  {
    "ID Number": "13212044"
  },
  {
    "ID Number": "13208837"
  },
  {
    "ID Number": "13209507"
  },
  {
    "ID Number": "13214497"
  },
  {
    "ID Number": "13214500"
  },
  {
    "ID Number": "13221515"
  },
  {
    "ID Number": "13201239"
  },
  {
    "ID Number": "13216112"
  },
  {
    "ID Number": "13209817"
  },
  {
    "ID Number": "13222910"
  },
  {
    "ID Number": "13225227"
  },
  {
    "ID Number": "13221086"
  },
  {
    "ID Number": "13227238"
  },
  {
    "ID Number": "13223852"
  },
  {
    "ID Number": "13226789"
  },
  {
    "ID Number": "34170936"
  },
  {
    "ID Number": "13224581"
  },
  {
    "ID Number": "13219251"
  },
  {
    "ID Number": "13223240"
  },
  {
    "ID Number": "13229400"
  },
  {
    "ID Number": "13214683"
  },
  {
    "ID Number": "13228196"
  },
  {
    "ID Number": "13228978"
  },
  {
    "ID Number": "4907485"
  },
  {
    "ID Number": "13221990"
  },
  {
    "ID Number": "13234617"
  },
  {
    "ID Number": "13205994"
  },
  {
    "ID Number": "13210947"
  },
  {
    "ID Number": "13200992"
  },
  {
    "ID Number": "13212230"
  },
  {
    "ID Number": "13219413"
  },
  {
    "ID Number": "13212052"
  },
  {
    "ID Number": "13202600"
  },
  {
    "ID Number": "13231324"
  },
  {
    "ID Number": "13215450"
  },
  {
    "ID Number": "13230484"
  },
  {
    "ID Number": "13213750"
  },
  {
    "ID Number": "13209957"
  },
  {
    "ID Number": "13219820"
  },
  {
    "ID Number": "13227068"
  },
  {
    "ID Number": "13214594"
  },
  {
    "ID Number": "13216775"
  },
  {
    "ID Number": "13207628"
  },
  {
    "ID Number": "13226398"
  },
  {
    "ID Number": "13219839"
  },
  {
    "ID Number": "13224565"
  },
  {
    "ID Number": "13205170"
  },
  {
    "ID Number": "13216589"
  },
  {
    "ID Number": "13211609"
  },
  {
    "ID Number": "13232304"
  },
  {
    "ID Number": "13231553"
  },
  {
    "ID Number": "13222864"
  },
  {
    "ID Number": "13209833"
  },
  {
    "ID Number": "13215590"
  },
  {
    "ID Number": "13208136"
  },
  {
    "ID Number": "13216139"
  },
  {
    "ID Number": "13218182"
  },
  {
    "ID Number": "13205056"
  },
  {
    "ID Number": "13213768"
  },
  {
    "ID Number": "13220578"
  },
  {
    "ID Number": "13230042"
  },
  {
    "ID Number": "13207296"
  },
  {
    "ID Number": "13219049"
  },
  {
    "ID Number": "13216570"
  },
  {
    "ID Number": "13203320"
  },
  {
    "ID Number": "13203835"
  },
  {
    "ID Number": "13217577"
  },
  {
    "ID Number": "13209361"
  },
  {
    "ID Number": "4901320"
  },
  {
    "ID Number": "13208594"
  },
  {
    "ID Number": "13205129"
  },
  {
    "ID Number": "5029015"
  },
  {
    "ID Number": "13212389"
  },
  {
    "ID Number": "13208004"
  },
  {
    "ID Number": "13218360"
  },
  {
    "ID Number": "13217089"
  },
  {
    "ID Number": "13213636"
  },
  {
    "ID Number": "13224905"
  },
  {
    "ID Number": "13208969"
  },
  {
    "ID Number": "13208950"
  },
  {
    "ID Number": "13201131"
  },
  {
    "ID Number": "13216597"
  },
  {
    "ID Number": "13216058"
  },
  {
    "ID Number": "13220900"
  },
  {
    "ID Number": "13234072"
  },
  {
    "ID Number": "13226258"
  },
  {
    "ID Number": "13227742"
  },
  {
    "ID Number": "13220128"
  },
  {
    "ID Number": "13207458"
  },
  {
    "ID Number": "13221710"
  },
  {
    "ID Number": "13224352"
  },
  {
    "ID Number": "13211560"
  },
  {
    "ID Number": "13211552"
  },
  {
    "ID Number": "13221701"
  },
  {
    "ID Number": "13201000"
  },
  {
    "ID Number": "13224859"
  },
  {
    "ID Number": "13233696"
  },
  {
    "ID Number": "13223402"
  },
  {
    "ID Number": "13220870"
  },
  {
    "ID Number": "13217917"
  },
  {
    "ID Number": "13228862"
  },
  {
    "ID Number": "13211404"
  },
  {
    "ID Number": "13212087"
  },
  {
    "ID Number": "13228773"
  },
  {
    "ID Number": "13229931"
  },
  {
    "ID Number": "13209230"
  },
  {
    "ID Number": "13212648"
  },
  {
    "ID Number": "13221442"
  },
  {
    "ID Number": "13230263"
  },
  {
    "ID Number": "329218666"
  },
  {
    "ID Number": "13234625"
  },
  {
    "ID Number": "13220918"
  },
  {
    "ID Number": "13209949"
  },
  {
    "ID Number": "13227041"
  },
  {
    "ID Number": "13216732"
  },
  {
    "ID Number": "13233688"
  },
  {
    "ID Number": "13215698"
  },
  {
    "ID Number": "13226177"
  },
  {
    "ID Number": "13225294"
  },
  {
    "ID Number": "13221620"
  },
  {
    "ID Number": "13219898"
  },
  {
    "ID Number": "13202650"
  },
  {
    "ID Number": "13211030"
  },
  {
    "ID Number": "13201476"
  },
  {
    "ID Number": "13232932"
  },
  {
    "ID Number": "13219057"
  },
  {
    "ID Number": "13211617"
  },
  {
    "ID Number": "13215469"
  },
  {
    "ID Number": "13218778"
  },
  {
    "ID Number": "13228099"
  },
  {
    "ID Number": "13207873"
  },
  {
    "ID Number": "2656426"
  },
  {
    "ID Number": "13210742"
  },
  {
    "ID Number": "13225278"
  },
  {
    "ID Number": "13211625"
  },
  {
    "ID Number": "34205985"
  },
  {
    "ID Number": "13232207"
  },
  {
    "ID Number": "13202197"
  },
  {
    "ID Number": "13209825"
  },
  {
    "ID Number": "13210068"
  },
  {
    "ID Number": "3275256"
  },
  {
    "ID Number": "13204319"
  },
  {
    "ID Number": "13204963"
  },
  {
    "ID Number": "13231537"
  },
  {
    "ID Number": "13230417"
  },
  {
    "ID Number": "13205145"
  },
  {
    "ID Number": "13223666"
  },
  {
    "ID Number": "13224840"
  },
  {
    "ID Number": "13221841"
  },
  {
    "ID Number": "13219901"
  },
  {
    "ID Number": "13225316"
  },
  {
    "ID Number": "13228471"
  },
  {
    "ID Number": "13206036"
  },
  {
    "ID Number": "2055333"
  },
  {
    "ID Number": "13216554"
  },
  {
    "ID Number": "13219014"
  },
  {
    "ID Number": "13221833"
  },
  {
    "ID Number": "13229494"
  },
  {
    "ID Number": "13227580"
  },
  {
    "ID Number": "13218468"
  },
  {
    "ID Number": "13216090"
  },
  {
    "ID Number": "13204513"
  },
  {
    "ID Number": "13221469"
  },
  {
    "ID Number": "2062020"
  },
  {
    "ID Number": "13209116"
  },
  {
    "ID Number": "13226290"
  },
  {
    "ID Number": "13216040"
  },
  {
    "ID Number": "13207210"
  },
  {
    "ID Number": "13216244"
  },
  {
    "ID Number": "13209434"
  },
  {
    "ID Number": "13200208"
  },
  {
    "ID Number": "13201484"
  },
  {
    "ID Number": "13206923"
  },
  {
    "ID Number": "13208918"
  },
  {
    "ID Number": "13223593"
  },
  {
    "ID Number": "13216457"
  },
  {
    "ID Number": "13216465"
  },
  {
    "ID Number": "13223437"
  },
  {
    "ID Number": "13203819"
  },
  {
    "ID Number": "13226355"
  },
  {
    "ID Number": "13210670"
  },
  {
    "ID Number": "13231189"
  },
  {
    "ID Number": "13221329"
  },
  {
    "ID Number": "13215663"
  },
  {
    "ID Number": "13215655"
  }
]