ID Number,Name,Fed,Sex,Title,WTit,OTit,FOA,Rating,Gms,K,B-day,Flag
9403965,"Abd Rabuh, Ali Waleed",YEM,M,,,,1799,AUG25,0,40,1990,
9400753,"Abdel Rabb, Raouf",YEM,M,,,,2050,AUG25,0,20,0,
9403990,"Abdul Kareem, Mamdooh",YEM,M,,,,1808,AUG25,0,40,1988,
9400095,"Abdul Karim, Al-Audari",YEM,M,,,,2190,AUG25,0,40,0,i
9403949,"Abdul Wakeel, Abdu",YEM,M,,,,1885,AUG25,0,40,2009,
9403906,"Abdulla, Abdul Qader",YEM,M,,,,1486,AUG25,0,40,2007,i
9400966,"Abdulla, Ba Mallm",YEM,M,,,,1743,AUG25,0,40,0,i
9403485,"Abdulla, Fawzi Ali",YEM,M,,,,1889,AUG25,0,40,1983,
9400508,"Abdulla, Omar",YEM,M,,,,1991,AUG25,0,40,0,i
9407200,Abdullah Saleh Al-sayed,YEM,M,,,,1915,AUG25,0,40,1993,
9407537,ABDULRAHMAN SHAWQI Ali,YEM,M,,,,1823,AUG25,0,40,2008,
9402225,"Abdulrahman, Omar",YEM,M,,,,1608,AUG25,0,40,0,i
9404643,Abdulraqeb saleh Gaber,YEM,M,,,,1546,AUG25,0,40,1993,
9400877,"Abdulsalam, Nadhmia",YEM,F,WCM,WCM,,1731,AUG25,0,40,1975,wi
9407111,Abduraba Ahmed Abduraba,YEM,M,,,,1778,AUG25,0,40,1978,
9401717,"Adel, Abdulla Saleh",YEM,M,,,,1654,AUG25,0,40,0,
9402616,"adnan,hezam",YEM,M,,,,1963,AUG25,0,40,1977,i
9400052,"Ahmd Saleh, B",YEM,M,,,,2205,AUG25,0,40,0,i
9400060,"Ahmed, Farhan Mukhtar",YEM,M,,,,2200,AUG25,0,40,0,i
9402713,"ahmed,basabaien",YEM,M,,,,1680,AUG25,0,40,1999,i
9404520,Aidaros Ahmed Abdulghafor,YEM,M,,FA,,1612,AUG25,0,40,1992,i
9404040,"Al Ammari, Waleed",YEM,M,,,,1858,AUG25,0,40,1990,
9400222,"Al Attab, Anwar",YEM,M,,,,1936,AUG25,0,40,0,i
9404058,"Al Awaini, Amer",YEM,M,,,,1747,AUG25,0,40,1991,i
9400176,"Al Badani, Abdu",YEM,M,FM,,,2160,AUG25,0,20,1973,
9404090,"Al Bahri, Bassam",YEM,M,,,,1650,AUG25,0,40,2002,i
9404112,"Al Haisam, Zakareya",YEM,M,,,,1852,AUG25,0,40,1988,i
9400516,"Al Halila, Aliabdo",YEM,M,,,,2087,AUG25,0,20,0,i
9401334,"Al Halilah, Yaser",YEM,M,,,,1880,AUG25,0,40,1997,i
9400141,"Al Harazy, Khalid",YEM,M,CM,,,2135,AUG25,0,20,1955,i
9402322,"Al Hoaidi, Rafeat",YEM,M,,,,1756,AUG25,0,20,0,i
9403876,"Al Jaefi, Moataz",YEM,M,,,,1593,AUG25,0,20,2006,i
9401091,"Al Jalal, Horab",YEM,M,,,,1972,AUG25,0,40,0,i
9401342,"Al Junaidi, Yaser",YEM,M,,,,1920,AUG25,0,40,0,
9403566,"Al Kawni, Gamal",YEM,M,,,,1540,AUG25,0,40,1984,i
9404147,"Al Khadiri, Omar",YEM,M,,,,1913,AUG25,0,40,1992,
9402233,"Al Khalqi, Ahmed",YEM,M,CM,,,1912,AUG25,0,20,2001,i
9401270,"Al Mashraqi, Nazar",YEM,M,,,,2075,AUG25,0,40,0,i
9400281,"Al Mozaee, Ahmed",YEM,M,,,,2042,AUG25,0,40,0,i
9400346,"Al Qudaimi, Basheer",YEM,M,IM,"FT,NA",,2369,AUG25,0,10,1984,
9401350,"Al Sayadi, Saleh",YEM,M,,,,2013,AUG25,0,40,1977,i
9403736,"Al Shami, Abdul Samea Ali Saeed",YEM,M,,,,1545,AUG25,0,40,1988,i
9400605,"Al Turki, Ahmed",YEM,M,,,,1937,AUG25,0,20,0,i
9400290,"Al Washali, Al Hasan",YEM,M,,,,1936,AUG25,0,40,0,i
9400338,"Al-Aqrabi, Saleh",YEM,M,CM,,,2083,AUG25,0,20,1971,
9400435,"Al-Aswadi, Mohammed",YEM,M,FM,,,1897,AUG25,0,20,1997,i
9402675,"Al-gailani,hasan",YEM,M,,,,1711,AUG25,0,20,2000,i
9400273,"Al-Hadarani, Hatim",YEM,M,FM,NA,,2306,AUG25,0,20,1959,
9400168,"Al-Halila, Ayman",YEM,M,IM,,,2138,AUG25,0,20,1992,
9402241,"Al-Marir,Esam",YEM,M,,,,1701,AUG25,0,40,2002,i
9400931,"Al-qotybi, Osamah",YEM,M,,,,2072,AUG25,0,40,0,i
9402772,Al-qudaimi abdullah,YEM,M,,,,1806,AUG25,7,40,2010,
9402462,"Al-Sarori,Ahmed",YEM,M,,,,1833,AUG25,0,40,1999,i
9400940,"Al-sharafi, Hameed",YEM,M,,,,2217,AUG25,0,40,0,i
9400133,"Al-Subaihi, Khalil",YEM,M,,NA,,2075,AUG25,0,20,1976,i
9400249,"Al-Zendani, Zendan",YEM,M,IM,,,2266,AUG25,0,10,1982,i
9404198,"Alawi, Basil Mohamed",YEM,M,,,,1845,AUG25,0,40,1980,
9404201,"Alawi, Fekri",YEM,M,,,,1912,AUG25,0,40,1984,i
9400893,"Algadi, Sabri",YEM,M,,,,2030,AUG25,0,40,0,i
9402128,"Ali Abdo, Asma",YEM,F,,,,1638,AUG25,0,40,2001,wi
9405801,Ali Ahmed Al Gafri,YEM,M,,,,1433,AUG25,0,40,1991,i
9402209,"Ali, Basma",YEM,F,,,,1596,AUG25,0,40,1993,wi
9400540,"Alkathiri, Kamel",YEM,M,,,,1920,AUG25,0,40,0,i
9401407,"Alqameetah, Najeeb",YEM,M,,,,1966,AUG25,0,40,1992,i
9400010,"Alsharfi, S S",YEM,M,,,,2079,AUG25,0,40,0,i
9400559,"Alwahidi, Khaled",YEM,M,,,,2047,AUG25,0,20,0,i
9402659,"Amer, Sarah",YEM,F,,,,1662,AUG25,0,40,2003,wi
9404821,Amjad Hani abdalaziz Mohammed,YEM,M,,,,1507,AUG25,0,40,2004,
9407529,Ammar shrf abdo,YEM,M,,,,1837,AUG25,0,40,1982,
9402918,amr al-maktry,YEM,M,,,,1942,AUG25,0,40,1979,i
9405216,Anas Nabil mohammed Abdo,YEM,M,,,,1654,AUG25,0,40,1994,
9400117,"Awad, Omaima",YEM,F,WCM,WCM,,1785,AUG25,0,20,1990,wi
9404252,"Ba Amir, Murad",YEM,M,,,,1828,AUG25,0,20,2000,
9401628,"Bagash, Fadi",YEM,M,,,,AFM,AUG25,1599,0,0,
9401113,"Bal Eid, Mansoor",YEM,M,,,,1878,AUG25,0,40,0,
9402268,"Basabaien, Hamed",YEM,M,,,,1615,AUG25,0,40,2005,i
9407324,BASSAM OMAR AL DARER,YEM,M,,,,1636,AUG25,0,40,1997,
9404317,"Bin Mardah, Adeeb",YEM,M,,,,1717,AUG25,0,40,1999,i
9403256,Bin Yahya mousa,YEM,M,,,,1635,AUG25,0,40,1966,i
9400125,"Elshereif, Mada",YEM,F,,,,1822,AUG25,0,20,1982,wi
9400788,"Fadl, Gamal",YEM,M,,,,1995,AUG25,0,40,0,i
9400303,"Fahmi, Amjad",YEM,M,,,,2000,AUG25,0,20,0,i
9400184,"Faraj, Yahya",YEM,M,FM,,,2204,AUG25,0,20,1975,i
9401652,"Farhan, Marwan Ali",YEM,M,,NA,,1897,AUG25,0,20,0,
9400524,"Fayea, Aiman",YEM,M,,,,2049,AUG25,0,40,0,i
9400532,"Fuad, Ahmed Mufleh",YEM,M,FM,,,2055,AUG25,0,20,1989,
9400150,"Gameel, Amal",YEM,F,WFM,WFM,,1846,AUG25,0,20,1995,wi
9401440,"Gameel, Mohamed",YEM,M,IM,,,2198,AUG25,0,20,1994,
9400370,"Gawad, Sharaf",YEM,M,,,,2044,AUG25,0,20,0,i
9400575,"Gawla, Kamal",YEM,M,,,,1984,AUG25,0,40,0,i
9401458,"Ghulam, Abdulrazaq",YEM,M,,,,1880,AUG25,0,40,0,
9400028,"Haidrah, J A",YEM,M,,,,2205,AUG25,0,40,0,i
9406174,Haithm Rashad Al sadi,YEM,M,,,,1656,AUG25,0,40,2008,i
9404341,"Hameed, Jamal Khalid",YEM,M,,,,1921,AUG25,0,40,1980,i
9402217,"Hassan Ahmed, Hana",YEM,F,,,,1596,AUG25,0,40,1992,wi
9400567,"Hayabik, Husain",YEM,M,,,,1823,AUG25,0,20,0,
9405798,Hesham jawas,YEM,M,,,,1590,AUG25,0,40,2001,i
9404627,Husam Al-Dain Abdulhakim Nasher,YEM,M,,,,2011,AUG25,0,40,2007,
7600933,"Hussain, Taha",YEM,M,,,,2050,AUG25,0,20,0,
9407561,HUSSEIN AHMED SALEH,YEM,M,,,,1889,AUG25,0,40,2007,
9400109,"Hussein, Naaman",YEM,M,,,,2190,AUG25,0,40,0,i
9401474,"Jalal, Amani",YEM,F,,,,1806,AUG25,0,40,1988,wi
9400079,Kadhi Hameed,YEM,M,IM,"FT,NA",,2375,AUG25,0,20,1979,i
9400796,"Karnon, Mohamed",YEM,M,,,,1989,AUG25,0,40,0,
9405232,Khaled Ba Hamid,YEM,M,,NA,,1666,AUG25,0,40,1993,i
9404600,Khaled waleed Abdullah,YEM,M,,,,2141,AUG25,0,20,2006,
9404570,Lamya Al.areqi,YEM,F,,,,1520,AUG25,0,40,1988,wi
9400591,"Mahmood, Fahmi",YEM,M,,,,1864,AUG25,0,40,0,i
9401121,"Malsy, Mohamed",YEM,M,,,,2080,AUG25,0,40,0,i
9406069,Manal Ali Al ashwal,YEM,F,,,,1566,AUG25,0,40,1982,w
9405070,Mazen shafeq ibrahim,YEM,M,,,,1875,AUG25,0,40,2001,
9400311,"Mohamed, Raydan",YEM,M,,,,2042,AUG25,0,40,0,i
9404376,"Mohamed, Saeed Mohamed",YEM,M,,,,1880,AUG25,0,40,1988,
9402900,mohammed al-madhfari,YEM,M,,,,1885,AUG25,0,40,1970,
9407391,MOHAMMED ALI MOHAMMED AL-AMODI,YEM,M,,,,1579,AUG25,0,40,1973,
9405780,Mohammed Awadh Ban gamil,YEM,M,,,,1554,AUG25,0,40,2002,i
9407189,Mohammed Elyas,YEM,M,,,,1719,AUG25,0,40,2004,
9403108,"mohammed gailani Al,aidaros",YEM,M,,,,1565,AUG25,0,40,1995,
9404031,Mohammed Hassan AL Aiedroos,YEM,M,,,,1508,AUG25,0,40,2001,i
9406425,Mohammed Taha Al Hetari,YEM,M,,,,1612,AUG25,0,40,1978,i
9400800,"Moheby, Mohamed",YEM,M,,,,1998,AUG25,0,40,0,i
9401520,"Mojahid, M.s.",YEM,M,,,,2030,AUG25,0,20,0,i
9400320,"Mothanna, Mohamed",YEM,M,,,,2045,AUG25,0,40,0,i
9401539,"Murad, Aglan",YEM,M,,,,1984,AUG25,0,40,1982,i
9406433,NABIL ABDULLAH SALIM HADi,YEM,M,,,,1598,AUG25,0,40,1981,i
9401547,"Naser, Kamal",YEM,M,,,,2121,AUG25,0,40,0,i
9403043,nawaf saleh basabaien,YEM,M,,,,1727,AUG25,0,20,1999,
9400389,"Nawas, Abdul Rahman",YEM,M,,NA,,2120,AUG25,0,20,0,i
9404880,Neamah Ali Awadh BaJamel,YEM,F,,,,1539,AUG25,0,40,2010,wi
9401555,"Omar, Husain",YEM,M,,,,2117,AUG25,0,40,0,
9401563,"Othman, Thi Yzin",YEM,M,,,,1969,AUG25,0,40,0,i
9402330,"Qaid Radman, Marwan",YEM,M,,,,1992,AUG25,0,20,1977,i
9403590,"Qashbari, Abdulla Mohamed",YEM,M,,,,1703,AUG25,0,40,1984,i
9400354,"Qassim, Ramzi Mohamed",YEM,M,,,,1871,AUG25,0,40,0,i
9404830,Sabri-Abdulla-Bamuallim,YEM,M,,,,1712,AUG25,0,40,1973,
9401580,"Saeed, Khalid",YEM,M,,,,2131,AUG25,0,40,0,i
9404422,"Saeed, Muaadh",YEM,M,,,,2057,AUG25,0,40,1984,i
9400087,"Sallam, Sabri Abdul-Mawla",YEM,M,CM,NA,,2164,AUG25,0,20,1973,i
9400621,"Salman, Saleh",YEM,M,,,,1912,AUG25,0,20,0,
9404635,"Senan, Ali Abdulla",YEM,M,,,,1622,AUG25,0,40,2010,i
9404449,"Shayef, Hani",YEM,M,,,,2068,AUG25,0,40,1977,i
9400362,"Soban, Nasser",YEM,M,,,,1714,AUG25,0,40,0,i
9401610,"Sultan, Mohamed",YEM,M,,,,2060,AUG25,0,20,1987,i
9404457,"Taha Hussain, Sabri",YEM,M,,,,2011,AUG25,0,40,1980,
9407197,Talal Mohammed,YEM,M,,,,2060,AUG25,0,40,2000,
9403051,"taleb al,ameri",YEM,M,,,,1557,AUG25,0,40,1952,
9401148,"Wael, Abdulla",YEM,M,,,,2097,AUG25,0,40,0,i
9400044,"Walid, R.M.",YEM,M,,,,2108,AUG25,0,40,0,
9406450,"Yahya Aref, Al Qudaimi",YEM,M,,,,1408,AUG25,0,40,2005,i
9400630,"Yahya, Ahmed",YEM,M,,,,2054,AUG25,0,40,0,i
9402250,"Yaser Ali ,Wajih",YEM,M,,,,1748,AUG25,0,40,2003,i
9402411,"Yaser Ali ,Waleed",YEM,M,,,,1682,AUG25,0,40,2004,i
9405771,Yaser Ali Al Areqi,YEM,M,,,,1868,AUG25,0,40,1971,
9405534,Zayd Lutfi Al-Mansori,YEM,M,,,,1690,AUG25,0,40,2004,i