[
  {
    "ID Number": "11201177"
  },
  {
    "ID Number": "11202483"
  },
  {
    "ID Number": "11200545"
  },
  {
    "ID Number": "11200049"
  },
  {
    "ID Number": "11200570"
  },
  {
    "ID Number": "11204990"
  },
  {
    "ID Number": "11207396"
  },
  {
    "ID Number": "11206381"
  },
  {
    "ID Number": "11200332"
  },
  {
    "ID Number": "11205270"
  },
  {
    "ID Number": "11200081"
  },
  {
    "ID Number": "11202300"
  },
  {
    "ID Number": "11201851"
  },
  {
    "ID Number": "11206640"
  },
  {
    "ID Number": "11201517"
  },
  {
    "ID Number": "11200030"
  },
  {
    "ID Number": "11200162"
  },
  {
    "ID Number": "11200057"
  },
  {
    "ID Number": "11200170"
  },
  {
    "ID Number": "11203005"
  },
  {
    "ID Number": "11200340"
  },
  {
    "ID Number": "11208201"
  },
  {
    "ID Number": "11200723"
  },
  {
    "ID Number": "11204800"
  },
  {
    "ID Number": "11204338"
  },
  {
    "ID Number": "11203579"
  },
  {
    "ID Number": "11206977"
  },
  {
    "ID Number": "11201126"
  },
  {
    "ID Number": "11208090"
  },
  {
    "ID Number": "11204877"
  },
  {
    "ID Number": "11204680"
  },
  {
    "ID Number": "11205474"
  },
  {
    "ID Number": "11205458"
  },
  {
    "ID Number": "11204370"
  },
  {
    "ID Number": "11207493"
  },
  {
    "ID Number": "11203897"
  },
  {
    "ID Number": "11209127"
  },
  {
    "ID Number": "11207523"
  },
  {
    "ID Number": "11208554"
  },
  {
    "ID Number": "11209291"
  },
  {
    "ID Number": "11201550"
  },
  {
    "ID Number": "11201584"
  },
  {
    "ID Number": "11206519"
  },
  {
    "ID Number": "11200243"
  },
  {
    "ID Number": "11200235"
  },
  {
    "ID Number": "11202360"
  },
  {
    "ID Number": "11204184"
  },
  {
    "ID Number": "11200359"
  },
  {
    "ID Number": "11209542"
  },
  {
    "ID Number": "11205873"
  },
  {
    "ID Number": "11200090"
  },
  {
    "ID Number": "11200634"
  },
  {
    "ID Number": "11200367"
  },
  {
    "ID Number": "11200596"
  },
  {
    "ID Number": "11200600"
  },
  {
    "ID Number": "11201258"
  },
  {
    "ID Number": "11204524"
  },
  {
    "ID Number": "11201649"
  },
  {
    "ID Number": "11201908"
  },
  {
    "ID Number": "11208589"
  },
  {
    "ID Number": "11204087"
  },
  {
    "ID Number": "11207965"
  },
  {
    "ID Number": "11201215"
  },
  {
    "ID Number": "11203030"
  },
  {
    "ID Number": "11208724"
  },
  {
    "ID Number": "11201398"
  },
  {
    "ID Number": "11201401"
  },
  {
    "ID Number": "11205768"
  },
  {
    "ID Number": "11200065"
  },
  {
    "ID Number": "11200073"
  },
  {
    "ID Number": "11204273"
  },
  {
    "ID Number": "11200626"
  },
  {
    "ID Number": "11205741"
  },
  {
    "ID Number": "11203595"
  },
  {
    "ID Number": "11200111"
  },
  {
    "ID Number": "11206209"
  },
  {
    "ID Number": "11206764"
  },
  {
    "ID Number": "11201967"
  },
  {
    "ID Number": "11203021"
  },
  {
    "ID Number": "11202394"
  },
  {
    "ID Number": "11202955"
  },
  {
    "ID Number": "11200421"
  },
  {
    "ID Number": "11200014"
  },
  {
    "ID Number": "11204265"
  },
  {
    "ID Number": "11203242"
  },
  {
    "ID Number": "11200375"
  },
  {
    "ID Number": "11205385"
  },
  {
    "ID Number": "11205369"
  },
  {
    "ID Number": "11205377"
  },
  {
    "ID Number": "11202718"
  },
  {
    "ID Number": "11209739"
  },
  {
    "ID Number": "11201428"
  },
  {
    "ID Number": "11208058"
  },
  {
    "ID Number": "11202165"
  },
  {
    "ID Number": "11200022"
  },
  {
    "ID Number": "11201770"
  },
  {
    "ID Number": "11200413"
  },
  {
    "ID Number": "11206241"
  },
  {
    "ID Number": "11201436"
  },
  {
    "ID Number": "11201789"
  },
  {
    "ID Number": "11205679"
  },
  {
    "ID Number": "11209054"
  },
  {
    "ID Number": "11201444"
  },
  {
    "ID Number": "11201452"
  },
  {
    "ID Number": "11200383"
  },
  {
    "ID Number": "11205814"
  },
  {
    "ID Number": "11205245"
  },
  {
    "ID Number": "11204141"
  },
  {
    "ID Number": "11205610"
  },
  {
    "ID Number": "11205857"
  },
  {
    "ID Number": "11206861"
  },
  {
    "ID Number": "11206632"
  }
]