[
  {
    "ID Number": "15400174",
    "Name": "Abelgas, Rodolfo Varron",
    "Fed": "MAC",
    "Sex": "M",
    "Title": "",
    "WTit": "DI",
    "OTit": "",
    "FOA": "1942",
    "Rating": "AUG25",
    "Gms": "0",
    "K": "20",
    "B-day": "1950",
    "Flag": "i"
  },
  {
    "ID Number": "15400239",
    "Name": "Bartilotti, De V R Joao Car",
    "Fed": "MAC",
    "Sex": "M",
    "Title": "",
    "WTit": "",
    "OTit": "",
    "FOA": "1521",
    "Rating": "AUG25",
    "Gms": "6",
    "K": "40",
    "B-day": "1965",
    "Flag": ""
  },
  {
    "ID Number": "15400077",
    "Name": "Calangi, Zachary Alexander",
    "Fed": "MAC",
    "Sex": "M",
    "Title": "CM",
    "WTit": "",
    "OTit": "",
    "FOA": "2145",
    "Rating": "AUG25",
    "Gms": "0",
    "K": "40",
    "B-day": "1956",
    "Flag": "i"
  },
  {
    "ID Number": "15400212",
    "Name": "Celis, Joel",
    "Fed": "MAC",
    "Sex": "M",
    "Title": "FM",
    "WTit": "DI",
    "OTit": "",
    "FOA": "1935",
    "Rating": "AUG25",
    "Gms": "0",
    "K": "20",
    "B-day": "1994",
    "Flag": ""
  },
  {
    "ID Number": "15400069",
    "Name": "Celis, Solomon B. III",
    "Fed": "MAC",
    "Sex": "M",
    "Title": "CM",
    "WTit": "",
    "OTit": "",
    "FOA": "1962",
    "Rating": "AUG25",
    "Gms": "0",
    "K": "20",
    "B-day": "1961",
    "Flag": "i"
  },
  {
    "ID Number": "15400123",
    "Name": "Chan, Etienne Yeechiu",
    "Fed": "MAC",
    "Sex": "M",
    "Title": "",
    "WTit": "",
    "OTit": "",
    "FOA": "2006",
    "Rating": "AUG25",
    "Gms": "0",
    "K": "40",
    "B-day": "1986",
    "Flag": "i"
  },
  {
    "ID Number": "15400140",
    "Name": "Chan, Kuok",
    "Fed": "MAC",
    "Sex": "M",
    "Title": "",
    "WTit": "",
    "OTit": "",
    "FOA": "2200",
    "Rating": "AUG25",
    "Gms": "0",
    "K": "40",
    "B-day": "1975",
    "Flag": "i"
  },
  {
    "ID Number": "15400891",
    "Name": "CHANG TIN IENG",
    "Fed": "MAC",
    "Sex": "F",
    "Title": "",
    "WTit": "",
    "OTit": "",
    "FOA": "1489",
    "Rating": "AUG25",
    "Gms": "4",
    "K": "40",
    "B-day": "2007",
    "Flag": "w"
  },
  {
    "ID Number": "15400107",
    "Name": "Chang, Hon Kun",
    "Fed": "MAC",
    "Sex": "M",
    "Title": "",
    "WTit": "",
    "OTit": "",
    "FOA": "2062",
    "Rating": "AUG25",
    "Gms": "0",
    "K": "40",
    "B-day": "1975",
    "Flag": "i"
  },
  {
    "ID Number": "15400271",
    "Name": "Chu, Ho, I",
    "Fed": "MAC",
    "Sex": "F",
    "Title": "",
    "WTit": "",
    "OTit": "",
    "FOA": "1677",
    "Rating": "AUG25",
    "Gms": "0",
    "K": "40",
    "B-day": "1994",
    "Flag": "wi"
  },
  {
    "ID Number": "15400085",
    "Name": "Feio, Amilcar Batista",
    "Fed": "MAC",
    "Sex": "M",
    "Title": "",
    "WTit": "",
    "OTit": "",
    "FOA": "2169",
    "Rating": "AUG25",
    "Gms": "0",
    "K": "40",
    "B-day": "1951",
    "Flag": "i"
  },
  {
    "ID Number": "15400131",
    "Name": "Fesalbon, Rolando",
    "Fed": "MAC",
    "Sex": "M",
    "Title": "",
    "WTit": "",
    "OTit": "",
    "FOA": "1986",
    "Rating": "AUG25",
    "Gms": "0",
    "K": "40",
    "B-day": "1964",
    "Flag": "i"
  },
  {
    "ID Number": "15400662",
    "Name": "Gong, Kai Yi",
    "Fed": "MAC",
    "Sex": "M",
    "Title": "",
    "WTit": "",
    "OTit": "",
    "FOA": "1601",
    "Rating": "AUG25",
    "Gms": "0",
    "K": "40",
    "B-day": "2003",
    "Flag": "i"
  },
  {
    "ID Number": "16300190",
    "Name": "Ho Hou-Meng, Herman",
    "Fed": "MAC",
    "Sex": "M",
    "Title": "CM",
    "WTit": "FI",
    "OTit": "",
    "FOA": "1933",
    "Rating": "AUG25",
    "Gms": "0",
    "K": "20",
    "B-day": "1984",
    "Flag": "i"
  },
  {
    "ID Number": "15400034",
    "Name": "Ho, Cheng-Fai",
    "Fed": "MAC",
    "Sex": "M",
    "Title": "FM",
    "WTit": "",
    "OTit": "",
    "FOA": "2041",
    "Rating": "AUG25",
    "Gms": "0",
    "K": "20",
    "B-day": "1976",
    "Flag": "i"
  },
  {
    "ID Number": "15400301",
    "Name": "Ieong, Pui Kuan",
    "Fed": "MAC",
    "Sex": "F",
    "Title": "",
    "WTit": "",
    "OTit": "",
    "FOA": "1526",
    "Rating": "AUG25",
    "Gms": "0",
    "K": "40",
    "B-day": "2003",
    "Flag": "wi"
  },
  {
    "ID Number": "15400344",
    "Name": "Ieong, Seak Hin",
    "Fed": "MAC",
    "Sex": "M",
    "Title": "CM",
    "WTit": "NI",
    "OTit": "",
    "FOA": "1914",
    "Rating": "AUG25",
    "Gms": "0",
    "K": "20",
    "B-day": "2000",
    "Flag": "i"
  },
  {
    "ID Number": "15400352",
    "Name": "Ip, Seng Tou",
    "Fed": "MAC",
    "Sex": "M",
    "Title": "",
    "WTit": "",
    "OTit": "",
    "FOA": "1825",
    "Rating": "AUG25",
    "Gms": "0",
    "K": "20",
    "B-day": "2000",
    "Flag": "i"
  },
  {
    "ID Number": "15400611",
    "Name": "Ip, Weng Tou",
    "Fed": "MAC",
    "Sex": "M",
    "Title": "",
    "WTit": "",
    "OTit": "",
    "FOA": "1649",
    "Rating": "AUG25",
    "Gms": "0",
    "K": "20",
    "B-day": "2006",
    "Flag": "i"
  },
  {
    "ID Number": "15400808",
    "Name": "IUNG MAN HOU",
    "Fed": "MAC",
    "Sex": "M",
    "Title": "",
    "WTit": "",
    "OTit": "",
    "FOA": "1519",
    "Rating": "AUG25",
    "Gms": "0",
    "K": "40",
    "B-day": "2001",
    "Flag": "i"
  },
  {
    "ID Number": "15400492",
    "Name": "Kou Seong Kei",
    "Fed": "MAC",
    "Sex": "M",
    "Title": "",
    "WTit": "",
    "OTit": "",
    "FOA": "1642",
    "Rating": "AUG25",
    "Gms": "0",
    "K": "20",
    "B-day": "2002",
    "Flag": "i"
  },
  {
    "ID Number": "15400158",
    "Name": "Lee, Wing Ian",
    "Fed": "MAC",
    "Sex": "F",
    "Title": "WCM",
    "WTit": "WCM",
    "OTit": "",
    "FOA": "2010",
    "Rating": "AUG25",
    "Gms": "0",
    "K": "40",
    "B-day": "1978",
    "Flag": "wi"
  },
  {
    "ID Number": "15400735",
    "Name": "Lei, Ka Chon",
    "Fed": "MAC",
    "Sex": "M",
    "Title": "",
    "WTit": "",
    "OTit": "",
    "FOA": "1740",
    "Rating": "AUG25",
    "Gms": "0",
    "K": "20",
    "B-day": "1999",
    "Flag": "i"
  },
  {
    "ID Number": "15400930",
    "Name": "Leong Pak Tou Kaylum",
    "Fed": "MAC",
    "Sex": "M",
    "Title": "",
    "WTit": "",
    "OTit": "",
    "FOA": "1799",
    "Rating": "AUG25",
    "Gms": "0",
    "K": "40",
    "B-day": "2007",
    "Flag": ""
  },
  {
    "ID Number": "15400794",
    "Name": "LEONG SENG U",
    "Fed": "MAC",
    "Sex": "M",
    "Title": "",
    "WTit": "",
    "OTit": "",
    "FOA": "1751",
    "Rating": "AUG25",
    "Gms": "9",
    "K": "40",
    "B-day": "2004",
    "Flag": ""
  },
  {
    "ID Number": "15400670",
    "Name": "Leong, U Hin",
    "Fed": "MAC",
    "Sex": "M",
    "Title": "",
    "WTit": "",
    "OTit": "",
    "FOA": "1596",
    "Rating": "AUG25",
    "Gms": "0",
    "K": "40",
    "B-day": "1999",
    "Flag": "i"
  },
  {
    "ID Number": "15400743",
    "Name": "Leung, Ian Kei",
    "Fed": "MAC",
    "Sex": "M",
    "Title": "",
    "WTit": "",
    "OTit": "",
    "FOA": "1691",
    "Rating": "AUG25",
    "Gms": "9",
    "K": "40",
    "B-day": "2007",
    "Flag": ""
  },
  {
    "ID Number": "15400883",
    "Name": "Li Yi Ming",
    "Fed": "MAC",
    "Sex": "M",
    "Title": "",
    "WTit": "",
    "OTit": "",
    "FOA": "1609",
    "Rating": "AUG25",
    "Gms": "7",
    "K": "40",
    "B-day": "2009",
    "Flag": ""
  },
  {
    "ID Number": "15400484",
    "Name": "Li, Chin Chon",
    "Fed": "MAC",
    "Sex": "M",
    "Title": "",
    "WTit": "",
    "OTit": "",
    "FOA": "1688",
    "Rating": "AUG25",
    "Gms": "0",
    "K": "40",
    "B-day": "2004",
    "Flag": "i"
  },
  {
    "ID Number": "15400310",
    "Name": "Li, Hui",
    "Fed": "MAC",
    "Sex": "M",
    "Title": "CM",
    "WTit": "",
    "OTit": "",
    "FOA": "2056",
    "Rating": "AUG25",
    "Gms": "5",
    "K": "20",
    "B-day": "1993",
    "Flag": ""
  },
  {
    "ID Number": "15400751",
    "Name": "Lu, U Kit",
    "Fed": "MAC",
    "Sex": "M",
    "Title": "",
    "WTit": "",
    "OTit": "",
    "FOA": "1654",
    "Rating": "AUG25",
    "Gms": "0",
    "K": "40",
    "B-day": "2007",
    "Flag": "i"
  },
  {
    "ID Number": "15400603",
    "Name": "Luo, Yihua",
    "Fed": "MAC",
    "Sex": "F",
    "Title": "",
    "WTit": "",
    "OTit": "",
    "FOA": "1662",
    "Rating": "AUG25",
    "Gms": "0",
    "K": "40",
    "B-day": "2002",
    "Flag": "wi"
  },
  {
    "ID Number": "15400093",
    "Name": "Ma, Ernesto",
    "Fed": "MAC",
    "Sex": "M",
    "Title": "",
    "WTit": "",
    "OTit": "",
    "FOA": "2131",
    "Rating": "AUG25",
    "Gms": "0",
    "K": "40",
    "B-day": "1975",
    "Flag": "i"
  },
  {
    "ID Number": "15400115",
    "Name": "Mak, Kei Keng",
    "Fed": "MAC",
    "Sex": "M",
    "Title": "",
    "WTit": "",
    "OTit": "",
    "FOA": "1977",
    "Rating": "AUG25",
    "Gms": "0",
    "K": "20",
    "B-day": "1956",
    "Flag": "i"
  },
  {
    "ID Number": "15400166",
    "Name": "Mak, Tong Kuan",
    "Fed": "MAC",
    "Sex": "M",
    "Title": "CM",
    "WTit": "NI",
    "OTit": "",
    "FOA": "1915",
    "Rating": "AUG25",
    "Gms": "0",
    "K": "20",
    "B-day": "1991",
    "Flag": ""
  },
  {
    "ID Number": "15400921",
    "Name": "Ng Chi Hong",
    "Fed": "MAC",
    "Sex": "M",
    "Title": "",
    "WTit": "",
    "OTit": "",
    "FOA": "1487",
    "Rating": "AUG25",
    "Gms": "5",
    "K": "40",
    "B-day": "2013",
    "Flag": ""
  },
  {
    "ID Number": "15400336",
    "Name": "Ng, Chi Tou",
    "Fed": "MAC",
    "Sex": "M",
    "Title": "",
    "WTit": "",
    "OTit": "",
    "FOA": "1689",
    "Rating": "AUG25",
    "Gms": "0",
    "K": "40",
    "B-day": "1999",
    "Flag": "i"
  },
  {
    "ID Number": "15400409",
    "Name": "Punongbayan, Hexilon Dela Cruz",
    "Fed": "MAC",
    "Sex": "M",
    "Title": "FM",
    "WTit": "DI",
    "OTit": "",
    "FOA": "2111",
    "Rating": "AUG25",
    "Gms": "0",
    "K": "40",
    "B-day": "1987",
    "Flag": "i"
  },
  {
    "ID Number": "15400026",
    "Name": "Silveirinha, Jose Antonio C.",
    "Fed": "MAC",
    "Sex": "M",
    "Title": "",
    "WTit": "FI",
    "OTit": "",
    "FOA": "1987",
    "Rating": "AUG25",
    "Gms": "0",
    "K": "20",
    "B-day": "1961",
    "Flag": "i"
  },
  {
    "ID Number": "15400018",
    "Name": "Ssegirinya, Joseph-Mary M.",
    "Fed": "MAC",
    "Sex": "M",
    "Title": "CM",
    "WTit": "FI",
    "OTit": "",
    "FOA": "1945",
    "Rating": "AUG25",
    "Gms": "0",
    "K": "40",
    "B-day": "1959",
    "Flag": "i"
  },
  {
    "ID Number": "15400719",
    "Name": "Wang Xin",
    "Fed": "MAC",
    "Sex": "M",
    "Title": "",
    "WTit": "",
    "OTit": "",
    "FOA": "1597",
    "Rating": "AUG25",
    "Gms": "6",
    "K": "40",
    "B-day": "2007",
    "Flag": ""
  },
  {
    "ID Number": "15400263",
    "Name": "Wong, Kai Meng",
    "Fed": "MAC",
    "Sex": "M",
    "Title": "",
    "WTit": "",
    "OTit": "",
    "FOA": "1806",
    "Rating": "AUG25",
    "Gms": "0",
    "K": "20",
    "B-day": "1990",
    "Flag": ""
  },
  {
    "ID Number": "15400379",
    "Name": "Wong, Kit",
    "Fed": "MAC",
    "Sex": "F",
    "Title": "",
    "WTit": "",
    "OTit": "",
    "FOA": "1758",
    "Rating": "AUG25",
    "Gms": "0",
    "K": "20",
    "B-day": "2000",
    "Flag": "wi"
  },
  {
    "ID Number": "15400441",
    "Name": "Wong, Wang Tat",
    "Fed": "MAC",
    "Sex": "M",
    "Title": "",
    "WTit": "",
    "OTit": "",
    "FOA": "1683",
    "Rating": "AUG25",
    "Gms": "0",
    "K": "40",
    "B-day": "2002",
    "Flag": "i"
  },
  {
    "ID Number": "15400360",
    "Name": "Xu, Haoen",
    "Fed": "MAC",
    "Sex": "M",
    "Title": "",
    "WTit": "",
    "OTit": "",
    "FOA": "1611",
    "Rating": "AUG25",
    "Gms": "0",
    "K": "20",
    "B-day": "2001",
    "Flag": "i"
  },
  {
    "ID Number": "15400654",
    "Name": "Zheng, Hoi Meng",
    "Fed": "MAC",
    "Sex": "M",
    "Title": "",
    "WTit": "",
    "OTit": "",
    "FOA": "1615",
    "Rating": "AUG25",
    "Gms": "0",
    "K": "40",
    "B-day": "2005",
    "Flag": "i"
  },
  {
    "ID Number": "15400786",
    "Name": "Zhou, Cheng Fei",
    "Fed": "MAC",
    "Sex": "F",
    "Title": "WCM",
    "WTit": "WCM",
    "OTit": "",
    "FOA": "1545",
    "Rating": "AUG25",
    "Gms": "0",
    "K": "40",
    "B-day": "2008",
    "Flag": "wi"
  }
]