[
  {
    "ID Number": "15400174"
  },
  {
    "ID Number": "15400239"
  },
  {
    "ID Number": "15400077"
  },
  {
    "ID Number": "15400212"
  },
  {
    "ID Number": "15400069"
  },
  {
    "ID Number": "15400123"
  },
  {
    "ID Number": "15400140"
  },
  {
    "ID Number": "15400891"
  },
  {
    "ID Number": "15400107"
  },
  {
    "ID Number": "15400271"
  },
  {
    "ID Number": "15400085"
  },
  {
    "ID Number": "15400131"
  },
  {
    "ID Number": "15400662"
  },
  {
    "ID Number": "16300190"
  },
  {
    "ID Number": "15400034"
  },
  {
    "ID Number": "15400301"
  },
  {
    "ID Number": "15400344"
  },
  {
    "ID Number": "15400352"
  },
  {
    "ID Number": "15400611"
  },
  {
    "ID Number": "15400808"
  },
  {
    "ID Number": "15400492"
  },
  {
    "ID Number": "15400158"
  },
  {
    "ID Number": "15400735"
  },
  {
    "ID Number": "15400930"
  },
  {
    "ID Number": "15400794"
  },
  {
    "ID Number": "15400670"
  },
  {
    "ID Number": "15400743"
  },
  {
    "ID Number": "15400883"
  },
  {
    "ID Number": "15400484"
  },
  {
    "ID Number": "15400310"
  },
  {
    "ID Number": "15400751"
  },
  {
    "ID Number": "15400603"
  },
  {
    "ID Number": "15400093"
  },
  {
    "ID Number": "15400115"
  },
  {
    "ID Number": "15400166"
  },
  {
    "ID Number": "15400921"
  },
  {
    "ID Number": "15400336"
  },
  {
    "ID Number": "15400409"
  },
  {
    "ID Number": "15400026"
  },
  {
    "ID Number": "15400018"
  },
  {
    "ID Number": "15400719"
  },
  {
    "ID Number": "15400263"
  },
  {
    "ID Number": "15400379"
  },
  {
    "ID Number": "15400441"
  },
  {
    "ID Number": "15400360"
  },
  {
    "ID Number": "15400654"
  },
  {
    "ID Number": "15400786"
  }
]