[
  {
    "ID Number": "7927100"
  },
  {
    "ID Number": "7946082"
  },
  {
    "ID Number": "7903375"
  },
  {
    "ID Number": "7949391"
  },
  {
    "ID Number": "7925999"
  },
  {
    "ID Number": "7932685"
  },
  {
    "ID Number": "7902034"
  },
  {
    "ID Number": "7958242"
  },
  {
    "ID Number": "7927975"
  },
  {
    "ID Number": "7908156"
  },
  {
    "ID Number": "7956525"
  },
  {
    "ID Number": "7925352"
  },
  {
    "ID Number": "7967969"
  },
  {
    "ID Number": "7923643"
  },
  {
    "ID Number": "7921594"
  },
  {
    "ID Number": "7950667"
  },
  {
    "ID Number": "7974388"
  },
  {
    "ID Number": "7912587"
  },
  {
    "ID Number": "7900880"
  },
  {
    "ID Number": "7936346"
  },
  {
    "ID Number": "7959370"
  },
  {
    "ID Number": "7924585"
  },
  {
    "ID Number": "7952198"
  },
  {
    "ID Number": "7902042"
  },
  {
    "ID Number": "7912188"
  },
  {
    "ID Number": "7963653"
  },
  {
    "ID Number": "7905106"
  },
  {
    "ID Number": "7932650"
  },
  {
    "ID Number": "7970781"
  },
  {
    "ID Number": "7904649"
  },
  {
    "ID Number": "7920113"
  },
  {
    "ID Number": "7950675"
  },
  {
    "ID Number": "7922795"
  },
  {
    "ID Number": "7972377"
  },
  {
    "ID Number": "7943318"
  },
  {
    "ID Number": "7900449"
  },
  {
    "ID Number": "7923520"
  },
  {
    "ID Number": "7922922"
  },
  {
    "ID Number": "7901216"
  },
  {
    "ID Number": "7927118"
  },
  {
    "ID Number": "7954891"
  },
  {
    "ID Number": "7935617"
  },
  {
    "ID Number": "7926030"
  },
  {
    "ID Number": "7910592"
  },
  {
    "ID Number": "7940750"
  },
  {
    "ID Number": "7925700"
  },
  {
    "ID Number": "7910606"
  },
  {
    "ID Number": "7902743"
  },
  {
    "ID Number": "7900538"
  },
  {
    "ID Number": "7947828"
  },
  {
    "ID Number": "7910614"
  },
  {
    "ID Number": "7935625"
  },
  {
    "ID Number": "7935633"
  },
  {
    "ID Number": "7923538"
  },
  {
    "ID Number": "7969317"
  },
  {
    "ID Number": "7928912"
  },
  {
    "ID Number": "7917465"
  },
  {
    "ID Number": "7923210"
  },
  {
    "ID Number": "7902069"
  },
  {
    "ID Number": "7902077"
  },
  {
    "ID Number": "7966814"
  },
  {
    "ID Number": "7953798"
  },
  {
    "ID Number": "7939957"
  },
  {
    "ID Number": "7905327"
  },
  {
    "ID Number": "7905335"
  },
  {
    "ID Number": "7905343"
  },
  {
    "ID Number": "7918712"
  },
  {
    "ID Number": "7973586"
  },
  {
    "ID Number": "7932200"
  },
  {
    "ID Number": "7908601"
  },
  {
    "ID Number": "7908610"
  },
  {
    "ID Number": "7910240"
  },
  {
    "ID Number": "7910258"
  },
  {
    "ID Number": "7908628"
  },
  {
    "ID Number": "7920130"
  },
  {
    "ID Number": "7932707"
  },
  {
    "ID Number": "7902980"
  },
  {
    "ID Number": "7903383"
  },
  {
    "ID Number": "7930771"
  },
  {
    "ID Number": "7930780"
  },
  {
    "ID Number": "7912218"
  },
  {
    "ID Number": "7905360"
  },
  {
    "ID Number": "7903979"
  },
  {
    "ID Number": "7904150"
  },
  {
    "ID Number": "7912226"
  },
  {
    "ID Number": "7909250"
  },
  {
    "ID Number": "7964595"
  },
  {
    "ID Number": "7917163"
  },
  {
    "ID Number": "7926057"
  },
  {
    "ID Number": "7945027"
  },
  {
    "ID Number": "7960808"
  },
  {
    "ID Number": "7932219"
  },
  {
    "ID Number": "7974043"
  },
  {
    "ID Number": "7927380"
  },
  {
    "ID Number": "7902085"
  },
  {
    "ID Number": "7920679"
  },
  {
    "ID Number": "7971966"
  },
  {
    "ID Number": "7903740"
  },
  {
    "ID Number": "7907885"
  },
  {
    "ID Number": "7901267"
  },
  {
    "ID Number": "7946104"
  },
  {
    "ID Number": "7926065"
  },
  {
    "ID Number": "7913648"
  },
  {
    "ID Number": "7910940"
  },
  {
    "ID Number": "7923228"
  },
  {
    "ID Number": "7923651"
  },
  {
    "ID Number": "7933177"
  },
  {
    "ID Number": "7933193"
  },
  {
    "ID Number": "7905114"
  },
  {
    "ID Number": "7972083"
  },
  {
    "ID Number": "7926103"
  },
  {
    "ID Number": "7912048"
  },
  {
    "ID Number": "7959389"
  },
  {
    "ID Number": "7946902"
  },
  {
    "ID Number": "7944705"
  },
  {
    "ID Number": "7942745"
  },
  {
    "ID Number": "7955693"
  },
  {
    "ID Number": "7935161"
  },
  {
    "ID Number": "7902581"
  },
  {
    "ID Number": "7910037"
  },
  {
    "ID Number": "7910266"
  },
  {
    "ID Number": "7903391"
  },
  {
    "ID Number": "7960522"
  },
  {
    "ID Number": "7920148"
  },
  {
    "ID Number": "7906617"
  },
  {
    "ID Number": "7928009"
  },
  {
    "ID Number": "7919654"
  },
  {
    "ID Number": "7900554"
  },
  {
    "ID Number": "7902107"
  },
  {
    "ID Number": "7967977"
  },
  {
    "ID Number": "7931425"
  },
  {
    "ID Number": "7947291"
  },
  {
    "ID Number": "7925590"
  },
  {
    "ID Number": "7912994"
  },
  {
    "ID Number": "7900570"
  },
  {
    "ID Number": "7913001"
  },
  {
    "ID Number": "7938748"
  },
  {
    "ID Number": "7906633"
  },
  {
    "ID Number": "7915020"
  },
  {
    "ID Number": "7942923"
  },
  {
    "ID Number": "7932227"
  },
  {
    "ID Number": "7920687"
  },
  {
    "ID Number": "7938268"
  },
  {
    "ID Number": "7966962"
  },
  {
    "ID Number": "7926111"
  },
  {
    "ID Number": "7912242"
  },
  {
    "ID Number": "7925905"
  },
  {
    "ID Number": "7903154"
  },
  {
    "ID Number": "7936591"
  },
  {
    "ID Number": "7905041"
  },
  {
    "ID Number": "7935706"
  },
  {
    "ID Number": "7921624"
  },
  {
    "ID Number": "7973594"
  },
  {
    "ID Number": "7932111"
  },
  {
    "ID Number": "7903952"
  },
  {
    "ID Number": "7932120"
  },
  {
    "ID Number": "7920156"
  },
  {
    "ID Number": "7931620"
  },
  {
    "ID Number": "7926138"
  },
  {
    "ID Number": "7957777"
  },
  {
    "ID Number": "7928920"
  },
  {
    "ID Number": "7900872"
  },
  {
    "ID Number": "7912595"
  },
  {
    "ID Number": "7904169"
  },
  {
    "ID Number": "7957645"
  },
  {
    "ID Number": "7927550"
  },
  {
    "ID Number": "7927851"
  },
  {
    "ID Number": "7970528"
  },
  {
    "ID Number": "7941056"
  },
  {
    "ID Number": "7918739"
  },
  {
    "ID Number": "7916760"
  },
  {
    "ID Number": "7911602"
  },
  {
    "ID Number": "7922817"
  },
  {
    "ID Number": "7966822"
  },
  {
    "ID Number": "7922825"
  },
  {
    "ID Number": "7958404"
  },
  {
    "ID Number": "7909675"
  },
  {
    "ID Number": "7934351"
  },
  {
    "ID Number": "7909110"
  },
  {
    "ID Number": "7925301"
  },
  {
    "ID Number": "7905386"
  },
  {
    "ID Number": "7954310"
  },
  {
    "ID Number": "7962274"
  },
  {
    "ID Number": "7905394"
  },
  {
    "ID Number": "7905122"
  },
  {
    "ID Number": "7972407"
  },
  {
    "ID Number": "7933207"
  },
  {
    "ID Number": "7956860"
  },
  {
    "ID Number": "7908202"
  },
  {
    "ID Number": "7913010"
  },
  {
    "ID Number": "7924593"
  },
  {
    "ID Number": "7927126"
  },
  {
    "ID Number": "7909616"
  },
  {
    "ID Number": "7925808"
  },
  {
    "ID Number": "7957297"
  },
  {
    "ID Number": "7925719"
  },
  {
    "ID Number": "7944241"
  },
  {
    "ID Number": "7911815"
  },
  {
    "ID Number": "7906641"
  },
  {
    "ID Number": "7917864"
  },
  {
    "ID Number": "7920695"
  },
  {
    "ID Number": "7945248"
  },
  {
    "ID Number": "7955707"
  },
  {
    "ID Number": "7933428"
  },
  {
    "ID Number": "7970404"
  },
  {
    "ID Number": "7927576"
  },
  {
    "ID Number": "7931115"
  },
  {
    "ID Number": "7949510"
  },
  {
    "ID Number": "7901402"
  },
  {
    "ID Number": "7971460"
  },
  {
    "ID Number": "7914008"
  },
  {
    "ID Number": "7905416"
  },
  {
    "ID Number": "7942800"
  },
  {
    "ID Number": "7925360"
  },
  {
    "ID Number": "7928025"
  },
  {
    "ID Number": "7953089"
  },
  {
    "ID Number": "7904177"
  },
  {
    "ID Number": "7915101"
  },
  {
    "ID Number": "7901968"
  },
  {
    "ID Number": "7907940"
  },
  {
    "ID Number": "7904983"
  },
  {
    "ID Number": "7911467"
  },
  {
    "ID Number": "7901682"
  },
  {
    "ID Number": "7951744"
  },
  {
    "ID Number": "602825"
  },
  {
    "ID Number": "7966580"
  },
  {
    "ID Number": "7910630"
  },
  {
    "ID Number": "7958412"
  },
  {
    "ID Number": "7956886"
  },
  {
    "ID Number": "7932758"
  },
  {
    "ID Number": "7943768"
  },
  {
    "ID Number": "7916973"
  },
  {
    "ID Number": "7922949"
  },
  {
    "ID Number": "7951752"
  },
  {
    "ID Number": "7951760"
  },
  {
    "ID Number": "7962550"
  },
  {
    "ID Number": "7975627"
  },
  {
    "ID Number": "7932766"
  },
  {
    "ID Number": "7969414"
  },
  {
    "ID Number": "7963785"
  },
  {
    "ID Number": "7901178"
  },
  {
    "ID Number": "7910665"
  },
  {
    "ID Number": "7967985"
  },
  {
    "ID Number": "7916981"
  },
  {
    "ID Number": "7901950"
  },
  {
    "ID Number": "7926189"
  },
  {
    "ID Number": "7934360"
  },
  {
    "ID Number": "7939132"
  },
  {
    "ID Number": "7905440"
  },
  {
    "ID Number": "7965702"
  },
  {
    "ID Number": "7949529"
  },
  {
    "ID Number": "7949537"
  },
  {
    "ID Number": "7900910"
  },
  {
    "ID Number": "7927584"
  },
  {
    "ID Number": "7952724"
  },
  {
    "ID Number": "7932235"
  },
  {
    "ID Number": "7905130"
  },
  {
    "ID Number": "7913117"
  },
  {
    "ID Number": "7915608"
  },
  {
    "ID Number": "7910673"
  },
  {
    "ID Number": "7951787"
  },
  {
    "ID Number": "7932537"
  },
  {
    "ID Number": "7940378"
  },
  {
    "ID Number": "7947968"
  },
  {
    "ID Number": "7945930"
  },
  {
    "ID Number": "7933835"
  },
  {
    "ID Number": "7914024"
  },
  {
    "ID Number": "7960727"
  },
  {
    "ID Number": "7910282"
  },
  {
    "ID Number": "7921632"
  },
  {
    "ID Number": "7919662"
  },
  {
    "ID Number": "7948832"
  },
  {
    "ID Number": "7956339"
  },
  {
    "ID Number": "7902999"
  },
  {
    "ID Number": "7942478"
  },
  {
    "ID Number": "7924089"
  },
  {
    "ID Number": "7972857"
  },
  {
    "ID Number": "7945426"
  },
  {
    "ID Number": "7922957"
  },
  {
    "ID Number": "7931131"
  },
  {
    "ID Number": "7951698"
  },
  {
    "ID Number": "7917872"
  },
  {
    "ID Number": "7906650"
  },
  {
    "ID Number": "7960840"
  },
  {
    "ID Number": "7948352"
  },
  {
    "ID Number": "7928939"
  },
  {
    "ID Number": "7923252"
  },
  {
    "ID Number": "7903162"
  },
  {
    "ID Number": "7940343"
  },
  {
    "ID Number": "7948859"
  },
  {
    "ID Number": "7941480"
  },
  {
    "ID Number": "7948867"
  },
  {
    "ID Number": "7924100"
  },
  {
    "ID Number": "7905467"
  },
  {
    "ID Number": "7914776"
  },
  {
    "ID Number": "7956908"
  },
  {
    "ID Number": "7954751"
  },
  {
    "ID Number": "696358"
  },
  {
    "ID Number": "7921659"
  },
  {
    "ID Number": "7912927"
  },
  {
    "ID Number": "7921667"
  },
  {
    "ID Number": "7938667"
  },
  {
    "ID Number": "7946112"
  },
  {
    "ID Number": "7950527"
  },
  {
    "ID Number": "7940726"
  },
  {
    "ID Number": "7926219"
  },
  {
    "ID Number": "7931646"
  },
  {
    "ID Number": "7931654"
  },
  {
    "ID Number": "7962568"
  },
  {
    "ID Number": "7900856"
  },
  {
    "ID Number": "7953097"
  },
  {
    "ID Number": "7922973"
  },
  {
    "ID Number": "7937695"
  },
  {
    "ID Number": "7900899"
  },
  {
    "ID Number": "7901879"
  },
  {
    "ID Number": "7905149"
  },
  {
    "ID Number": "7967861"
  },
  {
    "ID Number": "7961510"
  },
  {
    "ID Number": "7912609"
  },
  {
    "ID Number": "7920709"
  },
  {
    "ID Number": "7914415"
  },
  {
    "ID Number": "7902140"
  },
  {
    "ID Number": "7954646"
  },
  {
    "ID Number": "7930810"
  },
  {
    "ID Number": "7954654"
  },
  {
    "ID Number": "7962711"
  },
  {
    "ID Number": "7972431"
  },
  {
    "ID Number": "7904185"
  },
  {
    "ID Number": "7960875"
  },
  {
    "ID Number": "7950284"
  },
  {
    "ID Number": "7932774"
  },
  {
    "ID Number": "7932782"
  },
  {
    "ID Number": "7964412"
  },
  {
    "ID Number": "7934130"
  },
  {
    "ID Number": "7932260"
  },
  {
    "ID Number": "7944730"
  },
  {
    "ID Number": "7956193"
  },
  {
    "ID Number": "7967870"
  },
  {
    "ID Number": "7957106"
  },
  {
    "ID Number": "7972458"
  },
  {
    "ID Number": "7920059"
  },
  {
    "ID Number": "7911823"
  },
  {
    "ID Number": "7956541"
  },
  {
    "ID Number": "7970412"
  },
  {
    "ID Number": "7922833"
  },
  {
    "ID Number": "7928050"
  },
  {
    "ID Number": "7953828"
  },
  {
    "ID Number": "7921969"
  },
  {
    "ID Number": "7926553"
  },
  {
    "ID Number": "7935412"
  },
  {
    "ID Number": "7949790"
  },
  {
    "ID Number": "7920717"
  },
  {
    "ID Number": "7923554"
  },
  {
    "ID Number": "7905491"
  },
  {
    "ID Number": "7908490"
  },
  {
    "ID Number": "7909780"
  },
  {
    "ID Number": "7908245"
  },
  {
    "ID Number": "7952350"
  },
  {
    "ID Number": "7900325"
  },
  {
    "ID Number": "7957785"
  },
  {
    "ID Number": "7921306"
  },
  {
    "ID Number": "7900058"
  },
  {
    "ID Number": "7927134"
  },
  {
    "ID Number": "7910290"
  },
  {
    "ID Number": "7919670"
  },
  {
    "ID Number": "7944810"
  },
  {
    "ID Number": "7945442"
  },
  {
    "ID Number": "7945450"
  },
  {
    "ID Number": "7963254"
  },
  {
    "ID Number": "7935820"
  },
  {
    "ID Number": "7952759"
  },
  {
    "ID Number": "7910010"
  },
  {
    "ID Number": "7967462"
  },
  {
    "ID Number": "7946716"
  },
  {
    "ID Number": "7935846"
  },
  {
    "ID Number": "7904193"
  },
  {
    "ID Number": "7918640"
  },
  {
    "ID Number": "7914040"
  },
  {
    "ID Number": "7935854"
  },
  {
    "ID Number": "7932332"
  },
  {
    "ID Number": "7920431"
  },
  {
    "ID Number": "7928858"
  },
  {
    "ID Number": "7900260"
  },
  {
    "ID Number": "7902557"
  },
  {
    "ID Number": "7908253"
  },
  {
    "ID Number": "7930437"
  },
  {
    "ID Number": "7911505"
  },
  {
    "ID Number": "7949200"
  },
  {
    "ID Number": "7903413"
  },
  {
    "ID Number": "7959990"
  },
  {
    "ID Number": "7959419"
  },
  {
    "ID Number": "7921403"
  },
  {
    "ID Number": "7965885"
  },
  {
    "ID Number": "7908881"
  },
  {
    "ID Number": "7906684"
  },
  {
    "ID Number": "7960913"
  },
  {
    "ID Number": "7936273"
  },
  {
    "ID Number": "7945256"
  },
  {
    "ID Number": "7947348"
  },
  {
    "ID Number": "7960000"
  },
  {
    "ID Number": "7966407"
  },
  {
    "ID Number": "7953305"
  },
  {
    "ID Number": "7907532"
  },
  {
    "ID Number": "7917198"
  },
  {
    "ID Number": "7924984"
  },
  {
    "ID Number": "7911092"
  },
  {
    "ID Number": "7923007"
  },
  {
    "ID Number": "7951809"
  },
  {
    "ID Number": "7951817"
  },
  {
    "ID Number": "7960921"
  },
  {
    "ID Number": "7914849"
  },
  {
    "ID Number": "7920067"
  },
  {
    "ID Number": "7914857"
  },
  {
    "ID Number": "7975406"
  },
  {
    "ID Number": "7954360"
  },
  {
    "ID Number": "7904576"
  },
  {
    "ID Number": "7953321"
  },
  {
    "ID Number": "7960930"
  },
  {
    "ID Number": "7904606"
  },
  {
    "ID Number": "7925379"
  },
  {
    "ID Number": "7956568"
  },
  {
    "ID Number": "7903170"
  },
  {
    "ID Number": "7904215"
  },
  {
    "ID Number": "7919875"
  },
  {
    "ID Number": "7928068"
  },
  {
    "ID Number": "7918801"
  },
  {
    "ID Number": "7957793"
  },
  {
    "ID Number": "7931727"
  },
  {
    "ID Number": "7923023"
  },
  {
    "ID Number": "7923015"
  },
  {
    "ID Number": "7928777"
  },
  {
    "ID Number": "7917902"
  },
  {
    "ID Number": "7927142"
  },
  {
    "ID Number": "7914865"
  },
  {
    "ID Number": "7912617"
  },
  {
    "ID Number": "7901283"
  },
  {
    "ID Number": "7903448"
  },
  {
    "ID Number": "7964420"
  },
  {
    "ID Number": "7920440"
  },
  {
    "ID Number": "7920725"
  },
  {
    "ID Number": "7905548"
  },
  {
    "ID Number": "7955480"
  },
  {
    "ID Number": "7905556"
  },
  {
    "ID Number": "7905564"
  },
  {
    "ID Number": "7957114"
  },
  {
    "ID Number": "7959427"
  },
  {
    "ID Number": "7974027"
  },
  {
    "ID Number": "7912293"
  },
  {
    "ID Number": "7931166"
  },
  {
    "ID Number": "7966016"
  },
  {
    "ID Number": "7929471"
  },
  {
    "ID Number": "7923279"
  },
  {
    "ID Number": "7918151"
  },
  {
    "ID Number": "7947224"
  },
  {
    "ID Number": "7901640"
  },
  {
    "ID Number": "7910983"
  },
  {
    "ID Number": "7919042"
  },
  {
    "ID Number": "7924356"
  },
  {
    "ID Number": "7935218"
  },
  {
    "ID Number": "7963661"
  },
  {
    "ID Number": "7972873"
  },
  {
    "ID Number": "7965710"
  },
  {
    "ID Number": "7948875"
  },
  {
    "ID Number": "7945477"
  },
  {
    "ID Number": "7903456"
  },
  {
    "ID Number": "7920598"
  },
  {
    "ID Number": "7918429"
  },
  {
    "ID Number": "7923287"
  },
  {
    "ID Number": "7945965"
  },
  {
    "ID Number": "7972555"
  },
  {
    "ID Number": "7911840"
  },
  {
    "ID Number": "7904720"
  },
  {
    "ID Number": "7912935"
  },
  {
    "ID Number": "7948891"
  },
  {
    "ID Number": "7910312"
  },
  {
    "ID Number": "7925387"
  },
  {
    "ID Number": "7912650"
  },
  {
    "ID Number": "7904738"
  },
  {
    "ID Number": "7924364"
  },
  {
    "ID Number": "7918020"
  },
  {
    "ID Number": "7949804"
  },
  {
    "ID Number": "7945485"
  },
  {
    "ID Number": "7949812"
  },
  {
    "ID Number": "7907966"
  },
  {
    "ID Number": "7939078"
  },
  {
    "ID Number": "7959630"
  },
  {
    "ID Number": "7924372"
  },
  {
    "ID Number": "7901550"
  },
  {
    "ID Number": "7958994"
  },
  {
    "ID Number": "7973632"
  },
  {
    "ID Number": "7918844"
  },
  {
    "ID Number": "7946724"
  },
  {
    "ID Number": "7948530"
  },
  {
    "ID Number": "7921578"
  },
  {
    "ID Number": "7967004"
  },
  {
    "ID Number": "7902620"
  },
  {
    "ID Number": "7934491"
  },
  {
    "ID Number": "7918038"
  },
  {
    "ID Number": "7933916"
  },
  {
    "ID Number": "7947364"
  },
  {
    "ID Number": "7957963"
  },
  {
    "ID Number": "7905602"
  },
  {
    "ID Number": "7904991"
  },
  {
    "ID Number": "7919409"
  },
  {
    "ID Number": "7917481"
  },
  {
    "ID Number": "7954778"
  },
  {
    "ID Number": "7954662"
  },
  {
    "ID Number": "7924151"
  },
  {
    "ID Number": "7938110"
  },
  {
    "ID Number": "7942818"
  },
  {
    "ID Number": "7932820"
  },
  {
    "ID Number": "7921543"
  },
  {
    "ID Number": "7928947"
  },
  {
    "ID Number": "7929102"
  },
  {
    "ID Number": "7929323"
  },
  {
    "ID Number": "7918305"
  },
  {
    "ID Number": "7941072"
  },
  {
    "ID Number": "7929331"
  },
  {
    "ID Number": "7931174"
  },
  {
    "ID Number": "7966903"
  },
  {
    "ID Number": "7945493"
  },
  {
    "ID Number": "7948018"
  },
  {
    "ID Number": "7933436"
  },
  {
    "ID Number": "7920733"
  },
  {
    "ID Number": "7918445"
  },
  {
    "ID Number": "7940386"
  },
  {
    "ID Number": "7968868"
  },
  {
    "ID Number": "7901623"
  },
  {
    "ID Number": "7927282"
  },
  {
    "ID Number": "7946732"
  },
  {
    "ID Number": "7908440"
  },
  {
    "ID Number": "7921683"
  },
  {
    "ID Number": "7915179"
  },
  {
    "ID Number": "7961588"
  },
  {
    "ID Number": "7958447"
  },
  {
    "ID Number": "7910320"
  },
  {
    "ID Number": "7915772"
  },
  {
    "ID Number": "7920741"
  },
  {
    "ID Number": "7946970"
  },
  {
    "ID Number": "7964145"
  },
  {
    "ID Number": "7910339"
  },
  {
    "ID Number": "7949820"
  },
  {
    "ID Number": "7960980"
  },
  {
    "ID Number": "7958684"
  },
  {
    "ID Number": "7928122"
  },
  {
    "ID Number": "7970374"
  },
  {
    "ID Number": "7911351"
  },
  {
    "ID Number": "7940149"
  },
  {
    "ID Number": "7903464"
  },
  {
    "ID Number": "7916671"
  },
  {
    "ID Number": "7927169"
  },
  {
    "ID Number": "7920466"
  },
  {
    "ID Number": "7912668"
  },
  {
    "ID Number": "7908270"
  },
  {
    "ID Number": "7963025"
  },
  {
    "ID Number": "7933088"
  },
  {
    "ID Number": "7947380"
  },
  {
    "ID Number": "7967330"
  },
  {
    "ID Number": "7946740"
  },
  {
    "ID Number": "7940939"
  },
  {
    "ID Number": "7945523"
  },
  {
    "ID Number": "7940734"
  },
  {
    "ID Number": "7921420"
  },
  {
    "ID Number": "7927177"
  },
  {
    "ID Number": "7900678"
  },
  {
    "ID Number": "7900546"
  },
  {
    "ID Number": "7940394"
  },
  {
    "ID Number": "7904746"
  },
  {
    "ID Number": "7926235"
  },
  {
    "ID Number": "7926243"
  },
  {
    "ID Number": "7944306"
  },
  {
    "ID Number": "7938900"
  },
  {
    "ID Number": "7924780"
  },
  {
    "ID Number": "7936400"
  },
  {
    "ID Number": "7954670"
  },
  {
    "ID Number": "7943784"
  },
  {
    "ID Number": "7943792"
  },
  {
    "ID Number": "7958692"
  },
  {
    "ID Number": "7925042"
  },
  {
    "ID Number": "7943083"
  },
  {
    "ID Number": "7931751"
  },
  {
    "ID Number": "7929110"
  },
  {
    "ID Number": "7949677"
  },
  {
    "ID Number": "7916620"
  },
  {
    "ID Number": "7943520"
  },
  {
    "ID Number": "7928955"
  },
  {
    "ID Number": "7929129"
  },
  {
    "ID Number": "7922205"
  },
  {
    "ID Number": "7971206"
  },
  {
    "ID Number": "7951841"
  },
  {
    "ID Number": "7903189"
  },
  {
    "ID Number": "7938128"
  },
  {
    "ID Number": "7910711"
  },
  {
    "ID Number": "7914083"
  },
  {
    "ID Number": "7966415"
  },
  {
    "ID Number": "7911858"
  },
  {
    "ID Number": "7913133"
  },
  {
    "ID Number": "7970951"
  },
  {
    "ID Number": "7944462"
  },
  {
    "ID Number": "7910720"
  },
  {
    "ID Number": "7959168"
  },
  {
    "ID Number": "7943555"
  },
  {
    "ID Number": "7902166"
  },
  {
    "ID Number": "7901941"
  },
  {
    "ID Number": "7943741"
  },
  {
    "ID Number": "7906358"
  },
  {
    "ID Number": "7964528"
  },
  {
    "ID Number": "7943423"
  },
  {
    "ID Number": "7942869"
  },
  {
    "ID Number": "7972911"
  },
  {
    "ID Number": "7931441"
  },
  {
    "ID Number": "7944055"
  },
  {
    "ID Number": "7946856"
  },
  {
    "ID Number": "7938454"
  },
  {
    "ID Number": "7901062"
  },
  {
    "ID Number": "7931190"
  },
  {
    "ID Number": "7945531"
  },
  {
    "ID Number": "7940793"
  },
  {
    "ID Number": "7907559"
  },
  {
    "ID Number": "7930445"
  },
  {
    "ID Number": "7923562"
  },
  {
    "ID Number": "7939221"
  },
  {
    "ID Number": "7906366"
  },
  {
    "ID Number": "7917007"
  },
  {
    "ID Number": "7946147"
  },
  {
    "ID Number": "7930453"
  },
  {
    "ID Number": "7958455"
  },
  {
    "ID Number": "7921691"
  },
  {
    "ID Number": "7905165"
  },
  {
    "ID Number": "7943903"
  },
  {
    "ID Number": "7923295"
  },
  {
    "ID Number": "7945116"
  },
  {
    "ID Number": "7901208"
  },
  {
    "ID Number": "7924607"
  },
  {
    "ID Number": "7905610"
  },
  {
    "ID Number": "7933444"
  },
  {
    "ID Number": "7910738"
  },
  {
    "ID Number": "7930461"
  },
  {
    "ID Number": "7917210"
  },
  {
    "ID Number": "7963041"
  },
  {
    "ID Number": "7920750"
  },
  {
    "ID Number": "7918313"
  },
  {
    "ID Number": "7934050"
  },
  {
    "ID Number": "7930550"
  },
  {
    "ID Number": "7969449"
  },
  {
    "ID Number": "7963297"
  },
  {
    "ID Number": "7957653"
  },
  {
    "ID Number": "7955715"
  },
  {
    "ID Number": "7940408"
  },
  {
    "ID Number": "7932189"
  },
  {
    "ID Number": "7930828"
  },
  {
    "ID Number": "7925085"
  },
  {
    "ID Number": "7925093"
  },
  {
    "ID Number": "7934556"
  },
  {
    "ID Number": "7951850"
  },
  {
    "ID Number": "7965729"
  },
  {
    "ID Number": "7958471"
  },
  {
    "ID Number": "7953682"
  },
  {
    "ID Number": "7937946"
  },
  {
    "ID Number": "7937954"
  },
  {
    "ID Number": "26064723"
  },
  {
    "ID Number": "7900945"
  },
  {
    "ID Number": "7955944"
  },
  {
    "ID Number": "7958480"
  },
  {
    "ID Number": "7956576"
  },
  {
    "ID Number": "7949227"
  },
  {
    "ID Number": "7940599"
  },
  {
    "ID Number": "7921705"
  },
  {
    "ID Number": "7917112"
  },
  {
    "ID Number": "7931204"
  },
  {
    "ID Number": "7925816"
  },
  {
    "ID Number": "7905270"
  },
  {
    "ID Number": "7946600"
  },
  {
    "ID Number": "7927304"
  },
  {
    "ID Number": "7927444"
  },
  {
    "ID Number": "7966296"
  },
  {
    "ID Number": "7925409"
  },
  {
    "ID Number": "7951868"
  },
  {
    "ID Number": "7910029"
  },
  {
    "ID Number": "7966024"
  },
  {
    "ID Number": "7908288"
  },
  {
    "ID Number": "7919697"
  },
  {
    "ID Number": "7908296"
  },
  {
    "ID Number": "7915861"
  },
  {
    "ID Number": "7940289"
  },
  {
    "ID Number": "7904240"
  },
  {
    "ID Number": "7926782"
  },
  {
    "ID Number": "7945558"
  },
  {
    "ID Number": "7948026"
  },
  {
    "ID Number": "7961782"
  },
  {
    "ID Number": "7961790"
  },
  {
    "ID Number": "7920342"
  },
  {
    "ID Number": "7903030"
  },
  {
    "ID Number": "7920172"
  },
  {
    "ID Number": "7921217"
  },
  {
    "ID Number": "7921225"
  },
  {
    "ID Number": "7961006"
  },
  {
    "ID Number": "7902174"
  },
  {
    "ID Number": "7905637"
  },
  {
    "ID Number": "7905645"
  },
  {
    "ID Number": "7905653"
  },
  {
    "ID Number": "7920601"
  },
  {
    "ID Number": "7906722"
  },
  {
    "ID Number": "7913680"
  },
  {
    "ID Number": "7972920"
  },
  {
    "ID Number": "7942117"
  },
  {
    "ID Number": "7939140"
  },
  {
    "ID Number": "7927185"
  },
  {
    "ID Number": "7937407"
  },
  {
    "ID Number": "7937415"
  },
  {
    "ID Number": "7961014"
  },
  {
    "ID Number": "7907214"
  },
  {
    "ID Number": "7903766"
  },
  {
    "ID Number": "7903197"
  },
  {
    "ID Number": "7962428"
  },
  {
    "ID Number": "7948034"
  },
  {
    "ID Number": "7905670"
  },
  {
    "ID Number": "7943326"
  },
  {
    "ID Number": "7913699"
  },
  {
    "ID Number": "7915063"
  },
  {
    "ID Number": "7973381"
  },
  {
    "ID Number": "7950551"
  },
  {
    "ID Number": "7905068"
  },
  {
    "ID Number": "7914733"
  },
  {
    "ID Number": "7948557"
  },
  {
    "ID Number": "7919247"
  },
  {
    "ID Number": "7916795"
  },
  {
    "ID Number": "7923767"
  },
  {
    "ID Number": "7923031"
  },
  {
    "ID Number": "7903774"
  },
  {
    "ID Number": "7923040"
  },
  {
    "ID Number": "7943806"
  },
  {
    "ID Number": "7912978"
  },
  {
    "ID Number": "7931212"
  },
  {
    "ID Number": "7927193"
  },
  {
    "ID Number": "7903200"
  },
  {
    "ID Number": "7933460"
  },
  {
    "ID Number": "7949715"
  },
  {
    "ID Number": "7952511"
  },
  {
    "ID Number": "7927614"
  },
  {
    "ID Number": "7942788"
  },
  {
    "ID Number": "7959451"
  },
  {
    "ID Number": "7913150"
  },
  {
    "ID Number": "7932286"
  },
  {
    "ID Number": "7953127"
  },
  {
    "ID Number": "7923309"
  },
  {
    "ID Number": "7918585"
  },
  {
    "ID Number": "7932863"
  },
  {
    "ID Number": "7947399"
  },
  {
    "ID Number": "7916809"
  },
  {
    "ID Number": "7907893"
  },
  {
    "ID Number": "7924615"
  },
  {
    "ID Number": "7927622"
  },
  {
    "ID Number": "7971656"
  },
  {
    "ID Number": "7908504"
  },
  {
    "ID Number": "7909640"
  },
  {
    "ID Number": "7912315"
  },
  {
    "ID Number": "7908512"
  },
  {
    "ID Number": "7973390"
  },
  {
    "ID Number": "7950632"
  },
  {
    "ID Number": "7937423"
  },
  {
    "ID Number": "7936974"
  },
  {
    "ID Number": "7955162"
  },
  {
    "ID Number": "7934599"
  },
  {
    "ID Number": "7945574"
  },
  {
    "ID Number": "7925069"
  },
  {
    "ID Number": "7913710"
  },
  {
    "ID Number": "7948913"
  },
  {
    "ID Number": "7948921"
  },
  {
    "ID Number": "7945582"
  },
  {
    "ID Number": "7929510"
  },
  {
    "ID Number": "7914130"
  },
  {
    "ID Number": "7965737"
  },
  {
    "ID Number": "7952112"
  },
  {
    "ID Number": "7938926"
  },
  {
    "ID Number": "7928149"
  },
  {
    "ID Number": "7902670"
  },
  {
    "ID Number": "7918178"
  },
  {
    "ID Number": "7905696"
  },
  {
    "ID Number": "7923058"
  },
  {
    "ID Number": "7951884"
  },
  {
    "ID Number": "7909837"
  },
  {
    "ID Number": "7900830"
  },
  {
    "ID Number": "7909845"
  },
  {
    "ID Number": "7904789"
  },
  {
    "ID Number": "7907680"
  },
  {
    "ID Number": "7972946"
  },
  {
    "ID Number": "7903499"
  },
  {
    "ID Number": "7964188"
  },
  {
    "ID Number": "7948565"
  },
  {
    "ID Number": "7904010"
  },
  {
    "ID Number": "7962436"
  },
  {
    "ID Number": "7919891"
  },
  {
    "ID Number": "7921527"
  },
  {
    "ID Number": "7945604"
  },
  {
    "ID Number": "7918054"
  },
  {
    "ID Number": "7922850"
  },
  {
    "ID Number": "7953143"
  },
  {
    "ID Number": "7902565"
  },
  {
    "ID Number": "7921233"
  },
  {
    "ID Number": "7912692"
  },
  {
    "ID Number": "7955723"
  },
  {
    "ID Number": "7903502"
  },
  {
    "ID Number": "7946767"
  },
  {
    "ID Number": "7908652"
  },
  {
    "ID Number": "7959460"
  },
  {
    "ID Number": "7933649"
  },
  {
    "ID Number": "7958277"
  },
  {
    "ID Number": "7953690"
  },
  {
    "ID Number": "7946155"
  },
  {
    "ID Number": "7903049"
  },
  {
    "ID Number": "7924950"
  },
  {
    "ID Number": "7916892"
  },
  {
    "ID Number": "7938462"
  },
  {
    "ID Number": "7925794"
  },
  {
    "ID Number": "7917236"
  },
  {
    "ID Number": "7952872"
  },
  {
    "ID Number": "7920970"
  },
  {
    "ID Number": "7906757"
  },
  {
    "ID Number": "7906765"
  },
  {
    "ID Number": "7903359"
  },
  {
    "ID Number": "7928882"
  },
  {
    "ID Number": "7931220"
  },
  {
    "ID Number": "7914687"
  },
  {
    "ID Number": "7960662"
  },
  {
    "ID Number": "7947844"
  },
  {
    "ID Number": "7976224"
  },
  {
    "ID Number": "7967373"
  },
  {
    "ID Number": "7953941"
  },
  {
    "ID Number": "7942796"
  },
  {
    "ID Number": "7938934"
  },
  {
    "ID Number": "7938039"
  },
  {
    "ID Number": "7939230"
  },
  {
    "ID Number": "7903510"
  },
  {
    "ID Number": "7919050"
  },
  {
    "ID Number": "7922213"
  },
  {
    "ID Number": "7924925"
  },
  {
    "ID Number": "7907567"
  },
  {
    "ID Number": "7945280"
  },
  {
    "ID Number": "7919468"
  },
  {
    "ID Number": "7919069"
  },
  {
    "ID Number": "7908679"
  },
  {
    "ID Number": "7973411"
  },
  {
    "ID Number": "7905718"
  },
  {
    "ID Number": "7928963"
  },
  {
    "ID Number": "7957920"
  },
  {
    "ID Number": "7946775"
  },
  {
    "ID Number": "7957122"
  },
  {
    "ID Number": "7957130"
  },
  {
    "ID Number": "7970420"
  },
  {
    "ID Number": "7957149"
  },
  {
    "ID Number": "7967101"
  },
  {
    "ID Number": "7973420"
  },
  {
    "ID Number": "7932243"
  },
  {
    "ID Number": "7955111"
  },
  {
    "ID Number": "7948930"
  },
  {
    "ID Number": "7969325"
  },
  {
    "ID Number": "7915942"
  },
  {
    "ID Number": "7900937"
  },
  {
    "ID Number": "7943580"
  },
  {
    "ID Number": "7976232"
  },
  {
    "ID Number": "7905726"
  },
  {
    "ID Number": "7931778"
  },
  {
    "ID Number": "7952520"
  },
  {
    "ID Number": "7925433"
  },
  {
    "ID Number": "7970439"
  },
  {
    "ID Number": "7966857"
  },
  {
    "ID Number": "7921721"
  },
  {
    "ID Number": "7921438"
  },
  {
    "ID Number": "7930836"
  },
  {
    "ID Number": "7949022"
  },
  {
    "ID Number": "7905181"
  },
  {
    "ID Number": "7931794"
  },
  {
    "ID Number": "7909853"
  },
  {
    "ID Number": "7909861"
  },
  {
    "ID Number": "7902220"
  },
  {
    "ID Number": "7970900"
  },
  {
    "ID Number": "7931808"
  },
  {
    "ID Number": "7966865"
  },
  {
    "ID Number": "7902239"
  },
  {
    "ID Number": "7929846"
  },
  {
    "ID Number": "7933665"
  },
  {
    "ID Number": "7903790"
  },
  {
    "ID Number": "7905742"
  },
  {
    "ID Number": "7966440"
  },
  {
    "ID Number": "7938152"
  },
  {
    "ID Number": "7948581"
  },
  {
    "ID Number": "7910762"
  },
  {
    "ID Number": "7910770"
  },
  {
    "ID Number": "7931824"
  },
  {
    "ID Number": "7925115"
  },
  {
    "ID Number": "7934670"
  },
  {
    "ID Number": "7925123"
  },
  {
    "ID Number": "7958056"
  },
  {
    "ID Number": "7925450"
  },
  {
    "ID Number": "7925468"
  },
  {
    "ID Number": "7962444"
  },
  {
    "ID Number": "7948948"
  },
  {
    "ID Number": "7900953"
  },
  {
    "ID Number": "7903219"
  },
  {
    "ID Number": "7925484"
  },
  {
    "ID Number": "7925476"
  },
  {
    "ID Number": "7931239"
  },
  {
    "ID Number": "7911866"
  },
  {
    "ID Number": "7911874"
  },
  {
    "ID Number": "7925840"
  },
  {
    "ID Number": "7957661"
  },
  {
    "ID Number": "7922248"
  },
  {
    "ID Number": "7968485"
  },
  {
    "ID Number": "7961820"
  },
  {
    "ID Number": "7916825"
  },
  {
    "ID Number": "7924798"
  },
  {
    "ID Number": "7924623"
  },
  {
    "ID Number": "7940351"
  },
  {
    "ID Number": "7941781"
  },
  {
    "ID Number": "7958951"
  },
  {
    "ID Number": "7964480"
  },
  {
    "ID Number": "7967543"
  },
  {
    "ID Number": "7967551"
  },
  {
    "ID Number": "7918860"
  },
  {
    "ID Number": "7937962"
  },
  {
    "ID Number": "7937970"
  },
  {
    "ID Number": "7948972"
  },
  {
    "ID Number": "7970447"
  },
  {
    "ID Number": "7940076"
  },
  {
    "ID Number": "7973640"
  },
  {
    "ID Number": "7945612"
  },
  {
    "ID Number": "7918070"
  },
  {
    "ID Number": "7959958"
  },
  {
    "ID Number": "7916914"
  },
  {
    "ID Number": "7961049"
  },
  {
    "ID Number": "7902263"
  },
  {
    "ID Number": "7957670"
  },
  {
    "ID Number": "7906781"
  },
  {
    "ID Number": "7973438"
  },
  {
    "ID Number": "7901526"
  },
  {
    "ID Number": "7972237"
  },
  {
    "ID Number": "7913265"
  },
  {
    "ID Number": "7970455"
  },
  {
    "ID Number": "7904274"
  },
  {
    "ID Number": "7944934"
  },
  {
    "ID Number": "7954387"
  },
  {
    "ID Number": "7914440"
  },
  {
    "ID Number": "7965125"
  },
  {
    "ID Number": "7935269"
  },
  {
    "ID Number": "7910436"
  },
  {
    "ID Number": "7976240"
  },
  {
    "ID Number": "7970803"
  },
  {
    "ID Number": "7961057"
  },
  {
    "ID Number": "7964536"
  },
  {
    "ID Number": "7931832"
  },
  {
    "ID Number": "7964854"
  },
  {
    "ID Number": "7919905"
  },
  {
    "ID Number": "7919913"
  },
  {
    "ID Number": "7976321"
  },
  {
    "ID Number": "7920504"
  },
  {
    "ID Number": "7909357"
  },
  {
    "ID Number": "7958501"
  },
  {
    "ID Number": "7924801"
  },
  {
    "ID Number": "7957157"
  },
  {
    "ID Number": "7913893"
  },
  {
    "ID Number": "7901100"
  },
  {
    "ID Number": "7925263"
  },
  {
    "ID Number": "7912153"
  },
  {
    "ID Number": "7965745"
  },
  {
    "ID Number": "7967560"
  },
  {
    "ID Number": "7929145"
  },
  {
    "ID Number": "7949634"
  },
  {
    "ID Number": "7900740"
  },
  {
    "ID Number": "7933029"
  },
  {
    "ID Number": "7913737"
  },
  {
    "ID Number": "7905807"
  },
  {
    "ID Number": "7958510"
  },
  {
    "ID Number": "7905815"
  },
  {
    "ID Number": "7931247"
  },
  {
    "ID Number": "7901569"
  },
  {
    "ID Number": "7954395"
  },
  {
    "ID Number": "7948379"
  },
  {
    "ID Number": "7961596"
  },
  {
    "ID Number": "7925158"
  },
  {
    "ID Number": "7918887"
  },
  {
    "ID Number": "7928190"
  },
  {
    "ID Number": "7918461"
  },
  {
    "ID Number": "7947429"
  },
  {
    "ID Number": "7952376"
  },
  {
    "ID Number": "7927207"
  },
  {
    "ID Number": "7912714"
  },
  {
    "ID Number": "7972970"
  },
  {
    "ID Number": "7971036"
  },
  {
    "ID Number": "7966458"
  },
  {
    "ID Number": "7928971"
  },
  {
    "ID Number": "7964862"
  },
  {
    "ID Number": "7931255"
  },
  {
    "ID Number": "7927215"
  },
  {
    "ID Number": "7966733"
  },
  {
    "ID Number": "7960549"
  },
  {
    "ID Number": "7923066"
  },
  {
    "ID Number": "7938810"
  },
  {
    "ID Number": "7930569"
  },
  {
    "ID Number": "7961065"
  },
  {
    "ID Number": "7953151"
  },
  {
    "ID Number": "7953160"
  },
  {
    "ID Number": "7973780"
  },
  {
    "ID Number": "7933479"
  },
  {
    "ID Number": "7917031"
  },
  {
    "ID Number": "7960018"
  },
  {
    "ID Number": "7973446"
  },
  {
    "ID Number": "7901690"
  },
  {
    "ID Number": "7902271"
  },
  {
    "ID Number": "7952791"
  },
  {
    "ID Number": "7958064"
  },
  {
    "ID Number": "7972563"
  },
  {
    "ID Number": "7945639"
  },
  {
    "ID Number": "7917040"
  },
  {
    "ID Number": "7927894"
  },
  {
    "ID Number": "7904029"
  },
  {
    "ID Number": "7925492"
  },
  {
    "ID Number": "7904819"
  },
  {
    "ID Number": "7955740"
  },
  {
    "ID Number": "7927630"
  },
  {
    "ID Number": "7966679"
  },
  {
    "ID Number": "7901135"
  },
  {
    "ID Number": "7946570"
  },
  {
    "ID Number": "7912358"
  },
  {
    "ID Number": "7956975"
  },
  {
    "ID Number": "7942729"
  },
  {
    "ID Number": "7942710"
  },
  {
    "ID Number": "7908938"
  },
  {
    "ID Number": "7934700"
  },
  {
    "ID Number": "7949073"
  },
  {
    "ID Number": "7963343"
  },
  {
    "ID Number": "7925166"
  },
  {
    "ID Number": "7933703"
  },
  {
    "ID Number": "7962452"
  },
  {
    "ID Number": "7973454"
  },
  {
    "ID Number": "7901976"
  },
  {
    "ID Number": "7954417"
  },
  {
    "ID Number": "7931026"
  },
  {
    "ID Number": "7948751"
  },
  {
    "ID Number": "7958293"
  },
  {
    "ID Number": "7944942"
  },
  {
    "ID Number": "7928815"
  },
  {
    "ID Number": "7928807"
  },
  {
    "ID Number": "7967993"
  },
  {
    "ID Number": "7951531"
  },
  {
    "ID Number": "7921730"
  },
  {
    "ID Number": "7917279"
  },
  {
    "ID Number": "7925506"
  },
  {
    "ID Number": "7901305"
  },
  {
    "ID Number": "7950560"
  },
  {
    "ID Number": "7957165"
  },
  {
    "ID Number": "7957688"
  },
  {
    "ID Number": "7900732"
  },
  {
    "ID Number": "7947445"
  },
  {
    "ID Number": "7970650"
  },
  {
    "ID Number": "7970668"
  },
  {
    "ID Number": "7920180"
  },
  {
    "ID Number": "7918089"
  },
  {
    "ID Number": "7912722"
  },
  {
    "ID Number": "7935277"
  },
  {
    "ID Number": "7918909"
  },
  {
    "ID Number": "7947852"
  },
  {
    "ID Number": "7922868"
  },
  {
    "ID Number": "7931263"
  },
  {
    "ID Number": "7967586"
  },
  {
    "ID Number": "7907168"
  },
  {
    "ID Number": "7908830"
  },
  {
    "ID Number": "7908326"
  },
  {
    "ID Number": "7947453"
  },
  {
    "ID Number": "7972245"
  },
  {
    "ID Number": "7930577"
  },
  {
    "ID Number": "7930585"
  },
  {
    "ID Number": "7910444"
  },
  {
    "ID Number": "7903227"
  },
  {
    "ID Number": "7958307"
  },
  {
    "ID Number": "7966610"
  },
  {
    "ID Number": "7900511"
  },
  {
    "ID Number": "7953410"
  },
  {
    "ID Number": "7928793"
  },
  {
    "ID Number": "7904282"
  },
  {
    "ID Number": "7968000"
  },
  {
    "ID Number": "7967594"
  },
  {
    "ID Number": "7967608"
  },
  {
    "ID Number": "7908458"
  },
  {
    "ID Number": "7948140"
  },
  {
    "ID Number": "7917554"
  },
  {
    "ID Number": "7943032"
  },
  {
    "ID Number": "7943024"
  },
  {
    "ID Number": "7960026"
  },
  {
    "ID Number": "7928653"
  },
  {
    "ID Number": "7906811"
  },
  {
    "ID Number": "7912374"
  },
  {
    "ID Number": "7911211"
  },
  {
    "ID Number": "7901933"
  },
  {
    "ID Number": "7908695"
  },
  {
    "ID Number": "7940009"
  },
  {
    "ID Number": "7920784"
  },
  {
    "ID Number": "7916833"
  },
  {
    "ID Number": "7931840"
  },
  {
    "ID Number": "7935951"
  },
  {
    "ID Number": "7910789"
  },
  {
    "ID Number": "7903057"
  },
  {
    "ID Number": "7900660"
  },
  {
    "ID Number": "7918216"
  },
  {
    "ID Number": "7923791"
  },
  {
    "ID Number": "7924410"
  },
  {
    "ID Number": "7955758"
  },
  {
    "ID Number": "7972571"
  },
  {
    "ID Number": "7972580"
  },
  {
    "ID Number": "7972989"
  },
  {
    "ID Number": "7921748"
  },
  {
    "ID Number": "7924429"
  },
  {
    "ID Number": "7966032"
  },
  {
    "ID Number": "7938284"
  },
  {
    "ID Number": "7921756"
  },
  {
    "ID Number": "7964897"
  },
  {
    "ID Number": "7958528"
  },
  {
    "ID Number": "7961120"
  },
  {
    "ID Number": "7916060"
  },
  {
    "ID Number": "7972598"
  },
  {
    "ID Number": "7937466"
  },
  {
    "ID Number": "7954930"
  },
  {
    "ID Number": "7929854"
  },
  {
    "ID Number": "7917295"
  },
  {
    "ID Number": "7917309"
  },
  {
    "ID Number": "7948158"
  },
  {
    "ID Number": "7956690"
  },
  {
    "ID Number": "7931450"
  },
  {
    "ID Number": "7924631"
  },
  {
    "ID Number": "7957360"
  },
  {
    "ID Number": "7919484"
  },
  {
    "ID Number": "7924640"
  },
  {
    "ID Number": "7947488"
  },
  {
    "ID Number": "7965958"
  },
  {
    "ID Number": "7962592"
  },
  {
    "ID Number": "7923376"
  },
  {
    "ID Number": "7938691"
  },
  {
    "ID Number": "7924887"
  },
  {
    "ID Number": "7940653"
  },
  {
    "ID Number": "7940661"
  },
  {
    "ID Number": "7940670"
  },
  {
    "ID Number": "7923384"
  },
  {
    "ID Number": "7925824"
  },
  {
    "ID Number": "7960034"
  },
  {
    "ID Number": "7928211"
  },
  {
    "ID Number": "7928980"
  },
  {
    "ID Number": "7912382"
  },
  {
    "ID Number": "7973870"
  },
  {
    "ID Number": "7957378"
  },
  {
    "ID Number": "7928998"
  },
  {
    "ID Number": "7904037"
  },
  {
    "ID Number": "7930895"
  },
  {
    "ID Number": "7903820"
  },
  {
    "ID Number": "7943938"
  },
  {
    "ID Number": "7958080"
  },
  {
    "ID Number": "7931280"
  },
  {
    "ID Number": "7931298"
  },
  {
    "ID Number": "7959508"
  },
  {
    "ID Number": "7960042"
  },
  {
    "ID Number": "7908334"
  },
  {
    "ID Number": "7918488"
  },
  {
    "ID Number": "7929161"
  },
  {
    "ID Number": "7937300"
  },
  {
    "ID Number": "7903235"
  },
  {
    "ID Number": "7953445"
  },
  {
    "ID Number": "7918496"
  },
  {
    "ID Number": "7904304"
  },
  {
    "ID Number": "7972997"
  },
  {
    "ID Number": "7902280"
  },
  {
    "ID Number": "7902824"
  },
  {
    "ID Number": "7964919"
  },
  {
    "ID Number": "7903065"
  },
  {
    "ID Number": "7952813"
  },
  {
    "ID Number": "7926324"
  },
  {
    "ID Number": "7900180"
  },
  {
    "ID Number": "7920202"
  },
  {
    "ID Number": "7920792"
  },
  {
    "ID Number": "7920210"
  },
  {
    "ID Number": "7931867"
  },
  {
    "ID Number": "7936290"
  },
  {
    "ID Number": "7973004"
  },
  {
    "ID Number": "7945680"
  },
  {
    "ID Number": "7926332"
  },
  {
    "ID Number": "7923406"
  },
  {
    "ID Number": "7967926"
  },
  {
    "ID Number": "7905025"
  },
  {
    "ID Number": "7907117"
  },
  {
    "ID Number": "7973012"
  },
  {
    "ID Number": "7908954"
  },
  {
    "ID Number": "7913168"
  },
  {
    "ID Number": "7923074"
  },
  {
    "ID Number": "7931883"
  },
  {
    "ID Number": "7922876"
  },
  {
    "ID Number": "7905874"
  },
  {
    "ID Number": "7911122"
  },
  {
    "ID Number": "7927908"
  },
  {
    "ID Number": "7961138"
  },
  {
    "ID Number": "7960557"
  },
  {
    "ID Number": "7933487"
  },
  {
    "ID Number": "7901160"
  },
  {
    "ID Number": "7960050"
  },
  {
    "ID Number": "7953453"
  },
  {
    "ID Number": "7953461"
  },
  {
    "ID Number": "7943849"
  },
  {
    "ID Number": "7927789"
  },
  {
    "ID Number": "7948395"
  },
  {
    "ID Number": "7942583"
  },
  {
    "ID Number": "7900805"
  },
  {
    "ID Number": "7945698"
  },
  {
    "ID Number": "7924437"
  },
  {
    "ID Number": "7960077"
  },
  {
    "ID Number": "7900082"
  },
  {
    "ID Number": "7965320"
  },
  {
    "ID Number": "7925514"
  },
  {
    "ID Number": "7946171"
  },
  {
    "ID Number": "7931905"
  },
  {
    "ID Number": "7930666"
  },
  {
    "ID Number": "7902298"
  },
  {
    "ID Number": "7929005"
  },
  {
    "ID Number": "7943687"
  },
  {
    "ID Number": "7905190"
  },
  {
    "ID Number": "7958315"
  },
  {
    "ID Number": "7925174"
  },
  {
    "ID Number": "7941846"
  },
  {
    "ID Number": "7929170"
  },
  {
    "ID Number": "7930518"
  },
  {
    "ID Number": "7930526"
  },
  {
    "ID Number": "7956371"
  },
  {
    "ID Number": "7968019"
  },
  {
    "ID Number": "7927649"
  },
  {
    "ID Number": "7924577"
  },
  {
    "ID Number": "7931468"
  },
  {
    "ID Number": "7965338"
  },
  {
    "ID Number": "7944357"
  },
  {
    "ID Number": "7955766"
  },
  {
    "ID Number": "7908342"
  },
  {
    "ID Number": "7955189"
  },
  {
    "ID Number": "7920806"
  },
  {
    "ID Number": "7908024"
  },
  {
    "ID Number": "7912749"
  },
  {
    "ID Number": "7930844"
  },
  {
    "ID Number": "7939086"
  },
  {
    "ID Number": "7967624"
  },
  {
    "ID Number": "7914458"
  },
  {
    "ID Number": "7957971"
  },
  {
    "ID Number": "7961146"
  },
  {
    "ID Number": "7900171"
  },
  {
    "ID Number": "7924445"
  },
  {
    "ID Number": "7924453"
  },
  {
    "ID Number": "7925182"
  },
  {
    "ID Number": "7930020"
  },
  {
    "ID Number": "7906820"
  },
  {
    "ID Number": "7935307"
  },
  {
    "ID Number": "7923830"
  },
  {
    "ID Number": "7924186"
  },
  {
    "ID Number": "7926863"
  },
  {
    "ID Number": "7927657"
  },
  {
    "ID Number": "7928238"
  },
  {
    "ID Number": "7916132"
  },
  {
    "ID Number": "7919506"
  },
  {
    "ID Number": "7955979"
  },
  {
    "ID Number": "7919077"
  },
  {
    "ID Number": "7938772"
  },
  {
    "ID Number": "7943539"
  },
  {
    "ID Number": "7905009"
  },
  {
    "ID Number": "7903545"
  },
  {
    "ID Number": "7945701"
  },
  {
    "ID Number": "7905904"
  },
  {
    "ID Number": "7932405"
  },
  {
    "ID Number": "7910100"
  },
  {
    "ID Number": "7961154"
  },
  {
    "ID Number": "7966350"
  },
  {
    "ID Number": "7956606"
  },
  {
    "ID Number": "7945710"
  },
  {
    "ID Number": "7926340"
  },
  {
    "ID Number": "7926014"
  },
  {
    "ID Number": "7910819"
  },
  {
    "ID Number": "7960085"
  },
  {
    "ID Number": "7971958"
  },
  {
    "ID Number": "7948611"
  },
  {
    "ID Number": "7948620"
  },
  {
    "ID Number": "7902301"
  },
  {
    "ID Number": "7949316"
  },
  {
    "ID Number": "7949294"
  },
  {
    "ID Number": "7949308"
  },
  {
    "ID Number": "7932901"
  },
  {
    "ID Number": "7938705"
  },
  {
    "ID Number": "7905920"
  },
  {
    "ID Number": "7926375"
  },
  {
    "ID Number": "7967632"
  },
  {
    "ID Number": "7967640"
  },
  {
    "ID Number": "7914822"
  },
  {
    "ID Number": "7908105"
  },
  {
    "ID Number": "7947879"
  },
  {
    "ID Number": "7954786"
  },
  {
    "ID Number": "7920229"
  },
  {
    "ID Number": "7945272"
  },
  {
    "ID Number": "7932910"
  },
  {
    "ID Number": "7947496"
  },
  {
    "ID Number": "7917333"
  },
  {
    "ID Number": "7931921"
  },
  {
    "ID Number": "7901127"
  },
  {
    "ID Number": "7965141"
  },
  {
    "ID Number": "7930321"
  },
  {
    "ID Number": "7904320"
  },
  {
    "ID Number": "7928823"
  },
  {
    "ID Number": "7954042"
  },
  {
    "ID Number": "7921462"
  },
  {
    "ID Number": "7954956"
  },
  {
    "ID Number": "7931328"
  },
  {
    "ID Number": "7944373"
  },
  {
    "ID Number": "7908709"
  },
  {
    "ID Number": "7949057"
  },
  {
    "ID Number": "7937105"
  },
  {
    "ID Number": "7937113"
  },
  {
    "ID Number": "7937121"
  },
  {
    "ID Number": "7937130"
  },
  {
    "ID Number": "7902689"
  },
  {
    "ID Number": "7908989"
  },
  {
    "ID Number": "7913427"
  },
  {
    "ID Number": "7910118"
  },
  {
    "ID Number": "7947518"
  },
  {
    "ID Number": "7918097"
  },
  {
    "ID Number": "7976054"
  },
  {
    "ID Number": "7958536"
  },
  {
    "ID Number": "7957980"
  },
  {
    "ID Number": "7940610"
  },
  {
    "ID Number": "7923090"
  },
  {
    "ID Number": "7931948"
  },
  {
    "ID Number": "7901925"
  },
  {
    "ID Number": "7929374"
  },
  {
    "ID Number": "7929382"
  },
  {
    "ID Number": "7929200"
  },
  {
    "ID Number": "7961162"
  },
  {
    "ID Number": "7940173"
  },
  {
    "ID Number": "7913745"
  },
  {
    "ID Number": "7925972"
  },
  {
    "ID Number": "7949863"
  },
  {
    "ID Number": "7949871"
  },
  {
    "ID Number": "7965150"
  },
  {
    "ID Number": "7904827"
  },
  {
    "ID Number": "7917350"
  },
  {
    "ID Number": "7970919"
  },
  {
    "ID Number": "7966040"
  },
  {
    "ID Number": "7920814"
  },
  {
    "ID Number": "7937504"
  },
  {
    "ID Number": "7960565"
  },
  {
    "ID Number": "7955430"
  },
  {
    "ID Number": "7960247"
  },
  {
    "ID Number": "7948182"
  },
  {
    "ID Number": "7901917"
  },
  {
    "ID Number": "7936060"
  },
  {
    "ID Number": "7936079"
  },
  {
    "ID Number": "7942753"
  },
  {
    "ID Number": "7917929"
  },
  {
    "ID Number": "7915284"
  },
  {
    "ID Number": "7917937"
  },
  {
    "ID Number": "7904339"
  },
  {
    "ID Number": "7966768"
  },
  {
    "ID Number": "7940084"
  },
  {
    "ID Number": "7920237"
  },
  {
    "ID Number": "7926413"
  },
  {
    "ID Number": "7974442"
  },
  {
    "ID Number": "7917368"
  },
  {
    "ID Number": "7943342"
  },
  {
    "ID Number": "7955774"
  },
  {
    "ID Number": "7946210"
  },
  {
    "ID Number": "7906463"
  },
  {
    "ID Number": "7924461"
  },
  {
    "ID Number": "7906471"
  },
  {
    "ID Number": "7961847"
  },
  {
    "ID Number": "7912900"
  },
  {
    "ID Number": "7949030"
  },
  {
    "ID Number": "7901046"
  },
  {
    "ID Number": "7954077"
  },
  {
    "ID Number": "7919719"
  },
  {
    "ID Number": "7907583"
  },
  {
    "ID Number": "7965168"
  },
  {
    "ID Number": "7901984"
  },
  {
    "ID Number": "7931956"
  },
  {
    "ID Number": "7948778"
  },
  {
    "ID Number": "7954964"
  },
  {
    "ID Number": "7929021"
  },
  {
    "ID Number": "7919727"
  },
  {
    "ID Number": "7964498"
  },
  {
    "ID Number": "7908717"
  },
  {
    "ID Number": "7918500"
  },
  {
    "ID Number": "7939159"
  },
  {
    "ID Number": "7939167"
  },
  {
    "ID Number": "7904347"
  },
  {
    "ID Number": "7947526"
  },
  {
    "ID Number": "7923422"
  },
  {
    "ID Number": "7973020"
  },
  {
    "ID Number": "7952384"
  },
  {
    "ID Number": "7949880"
  },
  {
    "ID Number": "7924666"
  },
  {
    "ID Number": "7943113"
  },
  {
    "ID Number": "7900988"
  },
  {
    "ID Number": "7956703"
  },
  {
    "ID Number": "7937725"
  },
  {
    "ID Number": "7973683"
  },
  {
    "ID Number": "7958811"
  },
  {
    "ID Number": "7919840"
  },
  {
    "ID Number": "7940017"
  },
  {
    "ID Number": "7910843"
  },
  {
    "ID Number": "7942770"
  },
  {
    "ID Number": "7930976"
  },
  {
    "ID Number": "7935471"
  },
  {
    "ID Number": "7974353"
  },
  {
    "ID Number": "7902310"
  },
  {
    "ID Number": "7957505"
  },
  {
    "ID Number": "7957408"
  },
  {
    "ID Number": "7931344"
  },
  {
    "ID Number": "7929579"
  },
  {
    "ID Number": "7903561"
  },
  {
    "ID Number": "7938675"
  },
  {
    "ID Number": "7918607"
  },
  {
    "ID Number": "7966466"
  },
  {
    "ID Number": "7969465"
  },
  {
    "ID Number": "7928521"
  },
  {
    "ID Number": "7964668"
  },
  {
    "ID Number": "7930852"
  },
  {
    "ID Number": "7918666"
  },
  {
    "ID Number": "7908350"
  },
  {
    "ID Number": "7961219"
  },
  {
    "ID Number": "7909225"
  },
  {
    "ID Number": "7970480"
  },
  {
    "ID Number": "7942257"
  },
  {
    "ID Number": "7912420"
  },
  {
    "ID Number": "7918526"
  },
  {
    "ID Number": "7944870"
  },
  {
    "ID Number": "7944888"
  },
  {
    "ID Number": "7920245"
  },
  {
    "ID Number": "7972610"
  },
  {
    "ID Number": "7960484"
  },
  {
    "ID Number": "7960573"
  },
  {
    "ID Number": "7926898"
  },
  {
    "ID Number": "7927665"
  },
  {
    "ID Number": "7937148"
  },
  {
    "ID Number": "7962606"
  },
  {
    "ID Number": "7910851"
  },
  {
    "ID Number": "7921268"
  },
  {
    "ID Number": "7943857"
  },
  {
    "ID Number": "7951906"
  },
  {
    "ID Number": "7928246"
  },
  {
    "ID Number": "7952597"
  },
  {
    "ID Number": "7947534"
  },
  {
    "ID Number": "7973470"
  },
  {
    "ID Number": "7916191"
  },
  {
    "ID Number": "7971273"
  },
  {
    "ID Number": "7966873"
  },
  {
    "ID Number": "7923104"
  },
  {
    "ID Number": "7924488"
  },
  {
    "ID Number": "7971281"
  },
  {
    "ID Number": "7922884"
  },
  {
    "ID Number": "7961227"
  },
  {
    "ID Number": "7913931"
  },
  {
    "ID Number": "7909390"
  },
  {
    "ID Number": "7904355"
  },
  {
    "ID Number": "7970692"
  },
  {
    "ID Number": "7908113"
  },
  {
    "ID Number": "7911700"
  },
  {
    "ID Number": "7946244"
  },
  {
    "ID Number": "7916213"
  },
  {
    "ID Number": "7958544"
  },
  {
    "ID Number": "7954093"
  },
  {
    "ID Number": "7927673"
  },
  {
    "ID Number": "7968027"
  },
  {
    "ID Number": "7911580"
  },
  {
    "ID Number": "7900597"
  },
  {
    "ID Number": "7912447"
  },
  {
    "ID Number": "7937164"
  },
  {
    "ID Number": "7930038"
  },
  {
    "ID Number": "7946783"
  },
  {
    "ID Number": "7924194"
  },
  {
    "ID Number": "7954980"
  },
  {
    "ID Number": "7908741"
  },
  {
    "ID Number": "7909012"
  },
  {
    "ID Number": "7932294"
  },
  {
    "ID Number": "7951922"
  },
  {
    "ID Number": "7954450"
  },
  {
    "ID Number": "7926910"
  },
  {
    "ID Number": "7933495"
  },
  {
    "ID Number": "7957696"
  },
  {
    "ID Number": "7966474"
  },
  {
    "ID Number": "7949642"
  },
  {
    "ID Number": "7949650"
  },
  {
    "ID Number": "7908865"
  },
  {
    "ID Number": "7900481"
  },
  {
    "ID Number": "7903839"
  },
  {
    "ID Number": "7901712"
  },
  {
    "ID Number": "7907125"
  },
  {
    "ID Number": "7928262"
  },
  {
    "ID Number": "7919735"
  },
  {
    "ID Number": "7929226"
  },
  {
    "ID Number": "7947240"
  },
  {
    "ID Number": "7975546"
  },
  {
    "ID Number": "7932634"
  },
  {
    "ID Number": "7957394"
  },
  {
    "ID Number": "7928270"
  },
  {
    "ID Number": "7913176"
  },
  {
    "ID Number": "7957700"
  },
  {
    "ID Number": "7904363"
  },
  {
    "ID Number": "7957718"
  },
  {
    "ID Number": "7936494"
  },
  {
    "ID Number": "7973730"
  },
  {
    "ID Number": "7943474"
  },
  {
    "ID Number": "7956398"
  },
  {
    "ID Number": "7973497"
  },
  {
    "ID Number": "7903570"
  },
  {
    "ID Number": "7948190"
  },
  {
    "ID Number": "7902328"
  },
  {
    "ID Number": "7948417"
  },
  {
    "ID Number": "7918224"
  },
  {
    "ID Number": "7901780"
  },
  {
    "ID Number": "7954468"
  },
  {
    "ID Number": "7901798"
  },
  {
    "ID Number": "7964390"
  },
  {
    "ID Number": "7948204"
  },
  {
    "ID Number": "7930984"
  },
  {
    "ID Number": "7912463"
  },
  {
    "ID Number": "7901992"
  },
  {
    "ID Number": "7930615"
  },
  {
    "ID Number": "7938837"
  },
  {
    "ID Number": "7955782"
  },
  {
    "ID Number": "7946791"
  },
  {
    "ID Number": "7927681"
  },
  {
    "ID Number": "7905076"
  },
  {
    "ID Number": "7965540"
  },
  {
    "ID Number": "7964439"
  },
  {
    "ID Number": "7964447"
  },
  {
    "ID Number": "7946880"
  },
  {
    "ID Number": "7907915"
  },
  {
    "ID Number": "7949006"
  },
  {
    "ID Number": "7919522"
  },
  {
    "ID Number": "7925948"
  },
  {
    "ID Number": "7943350"
  },
  {
    "ID Number": "7947062"
  },
  {
    "ID Number": "7929056"
  },
  {
    "ID Number": "7965346"
  },
  {
    "ID Number": "7956118"
  },
  {
    "ID Number": "7928289"
  },
  {
    "ID Number": "7907265"
  },
  {
    "ID Number": "7931352"
  },
  {
    "ID Number": "7923449"
  },
  {
    "ID Number": "7919530"
  },
  {
    "ID Number": "7923112"
  },
  {
    "ID Number": "7950179"
  },
  {
    "ID Number": "7944950"
  },
  {
    "ID Number": "7909926"
  },
  {
    "ID Number": "7910860"
  },
  {
    "ID Number": "7947070"
  },
  {
    "ID Number": "7946252"
  },
  {
    "ID Number": "7902697"
  },
  {
    "ID Number": "7921489"
  },
  {
    "ID Number": "7908121"
  },
  {
    "ID Number": "7927231"
  },
  {
    "ID Number": "7961499"
  },
  {
    "ID Number": "7953186"
  },
  {
    "ID Number": "7939272"
  },
  {
    "ID Number": "7966776"
  },
  {
    "ID Number": "7959036"
  },
  {
    "ID Number": "7959044"
  },
  {
    "ID Number": "7959052"
  },
  {
    "ID Number": "7902336"
  },
  {
    "ID Number": "7946805"
  },
  {
    "ID Number": "7967683"
  },
  {
    "ID Number": "7902344"
  },
  {
    "ID Number": "7909918"
  },
  {
    "ID Number": "7970277"
  },
  {
    "ID Number": "7953194"
  },
  {
    "ID Number": "7902352"
  },
  {
    "ID Number": "7947801"
  },
  {
    "ID Number": "7951949"
  },
  {
    "ID Number": "7970501"
  },
  {
    "ID Number": "7933118"
  },
  {
    "ID Number": "7919964"
  },
  {
    "ID Number": "7917945"
  },
  {
    "ID Number": "7937733"
  },
  {
    "ID Number": "7906510"
  },
  {
    "ID Number": "7952899"
  },
  {
    "ID Number": "7911246"
  },
  {
    "ID Number": "7900929"
  },
  {
    "ID Number": "7910878"
  },
  {
    "ID Number": "7926430"
  },
  {
    "ID Number": "7970706"
  },
  {
    "ID Number": "7944071"
  },
  {
    "ID Number": "7951191"
  },
  {
    "ID Number": "7949049"
  },
  {
    "ID Number": "7914504"
  },
  {
    "ID Number": "7974361"
  },
  {
    "ID Number": "7905980"
  },
  {
    "ID Number": "7931484"
  },
  {
    "ID Number": "7902360"
  },
  {
    "ID Number": "7943482"
  },
  {
    "ID Number": "7943490"
  },
  {
    "ID Number": "7954999"
  },
  {
    "ID Number": "7936311"
  },
  {
    "ID Number": "7965672"
  },
  {
    "ID Number": "7953500"
  },
  {
    "ID Number": "7939183"
  },
  {
    "ID Number": "7934840"
  },
  {
    "ID Number": "7934858"
  },
  {
    "ID Number": "7949014"
  },
  {
    "ID Number": "7911297"
  },
  {
    "ID Number": "7961278"
  },
  {
    "ID Number": "7924674"
  },
  {
    "ID Number": "7949910"
  },
  {
    "ID Number": "7952201"
  },
  {
    "ID Number": "7924496"
  },
  {
    "ID Number": "7917074"
  },
  {
    "ID Number": "7967195"
  },
  {
    "ID Number": "7931360"
  },
  {
    "ID Number": "7901070"
  },
  {
    "ID Number": "7925549"
  },
  {
    "ID Number": "7951221"
  },
  {
    "ID Number": "7909942"
  },
  {
    "ID Number": "7938713"
  },
  {
    "ID Number": "7936540"
  },
  {
    "ID Number": "7964676"
  },
  {
    "ID Number": "7916302"
  },
  {
    "ID Number": "7901496"
  },
  {
    "ID Number": "7958110"
  },
  {
    "ID Number": "7958331"
  },
  {
    "ID Number": "7902867"
  },
  {
    "ID Number": "7928319"
  },
  {
    "ID Number": "7904371"
  },
  {
    "ID Number": "7949928"
  },
  {
    "ID Number": "7949618"
  },
  {
    "ID Number": "7931492"
  },
  {
    "ID Number": "7900198"
  },
  {
    "ID Number": "7918348"
  },
  {
    "ID Number": "7963599"
  },
  {
    "ID Number": "7940432"
  },
  {
    "ID Number": "7940440"
  },
  {
    "ID Number": "7940459"
  },
  {
    "ID Number": "7917376"
  },
  {
    "ID Number": "7946023"
  },
  {
    "ID Number": "7962614"
  },
  {
    "ID Number": "7921276"
  },
  {
    "ID Number": "7946287"
  },
  {
    "ID Number": "7931999"
  },
  {
    "ID Number": "7971133"
  },
  {
    "ID Number": "7917953"
  },
  {
    "ID Number": "7942893"
  },
  {
    "ID Number": "7954476"
  },
  {
    "ID Number": "7952210"
  },
  {
    "ID Number": "7914512"
  },
  {
    "ID Number": "7916310"
  },
  {
    "ID Number": "7966628"
  },
  {
    "ID Number": "7938993"
  },
  {
    "ID Number": "7939000"
  },
  {
    "ID Number": "7903243"
  },
  {
    "ID Number": "7924224"
  },
  {
    "ID Number": "7959583"
  },
  {
    "ID Number": "7921780"
  },
  {
    "ID Number": "7924500"
  },
  {
    "ID Number": "7907605"
  },
  {
    "ID Number": "7927690"
  },
  {
    "ID Number": "7945795"
  },
  {
    "ID Number": "7961316"
  },
  {
    "ID Number": "7949359"
  },
  {
    "ID Number": "7923899"
  },
  {
    "ID Number": "7906528"
  },
  {
    "ID Number": "7906935"
  },
  {
    "ID Number": "7907451"
  },
  {
    "ID Number": "7911963"
  },
  {
    "ID Number": "7907478"
  },
  {
    "ID Number": "7925190"
  },
  {
    "ID Number": "7906943"
  },
  {
    "ID Number": "7969210"
  },
  {
    "ID Number": "7907281"
  },
  {
    "ID Number": "7928831"
  },
  {
    "ID Number": "7948220"
  },
  {
    "ID Number": "7944063"
  },
  {
    "ID Number": "7918283"
  },
  {
    "ID Number": "7903251"
  },
  {
    "ID Number": "7959591"
  },
  {
    "ID Number": "7913052"
  },
  {
    "ID Number": "7905084"
  },
  {
    "ID Number": "7945299"
  },
  {
    "ID Number": "7937318"
  },
  {
    "ID Number": "7912030"
  },
  {
    "ID Number": "7906013"
  },
  {
    "ID Number": "7918356"
  },
  {
    "ID Number": "7919751"
  },
  {
    "ID Number": "7927509"
  },
  {
    "ID Number": "7942761"
  },
  {
    "ID Number": "7900970"
  },
  {
    "ID Number": "7958579"
  },
  {
    "ID Number": "7901615"
  },
  {
    "ID Number": "7929234"
  },
  {
    "ID Number": "7901801"
  },
  {
    "ID Number": "7955790"
  },
  {
    "ID Number": "7963378"
  },
  {
    "ID Number": "7963386"
  },
  {
    "ID Number": "7919085"
  },
  {
    "ID Number": "7928327"
  },
  {
    "ID Number": "7928335"
  },
  {
    "ID Number": "7955804"
  },
  {
    "ID Number": "7958129"
  },
  {
    "ID Number": "7901909"
  },
  {
    "ID Number": "7903847"
  },
  {
    "ID Number": "7967730"
  },
  {
    "ID Number": "7924240"
  },
  {
    "ID Number": "7910126"
  },
  {
    "ID Number": "7923473"
  },
  {
    "ID Number": "7931514"
  },
  {
    "ID Number": "7916710"
  },
  {
    "ID Number": "7937237"
  },
  {
    "ID Number": "7965753"
  },
  {
    "ID Number": "7916388"
  },
  {
    "ID Number": "7966504"
  },
  {
    "ID Number": "7922892"
  },
  {
    "ID Number": "7946295"
  },
  {
    "ID Number": "7954131"
  },
  {
    "ID Number": "7901895"
  },
  {
    "ID Number": "7909586"
  },
  {
    "ID Number": "7903855"
  },
  {
    "ID Number": "7902018"
  },
  {
    "ID Number": "7901097"
  },
  {
    "ID Number": "7952392"
  },
  {
    "ID Number": "7930860"
  },
  {
    "ID Number": "7927703"
  },
  {
    "ID Number": "7907184"
  },
  {
    "ID Number": "7907869"
  },
  {
    "ID Number": "7914679"
  },
  {
    "ID Number": "7914237"
  },
  {
    "ID Number": "7904851"
  },
  {
    "ID Number": "7904100"
  },
  {
    "ID Number": "7943547"
  },
  {
    "ID Number": "7930879"
  },
  {
    "ID Number": "7973047"
  },
  {
    "ID Number": "7947909"
  },
  {
    "ID Number": "7921519"
  },
  {
    "ID Number": "7921802"
  },
  {
    "ID Number": "7917392"
  },
  {
    "ID Number": "7938845"
  },
  {
    "ID Number": "7955030"
  },
  {
    "ID Number": "7903863"
  },
  {
    "ID Number": "7901445"
  },
  {
    "ID Number": "7910134"
  },
  {
    "ID Number": "7921810"
  },
  {
    "ID Number": "7954808"
  },
  {
    "ID Number": "7954158"
  },
  {
    "ID Number": "7956630"
  },
  {
    "ID Number": "7970102"
  },
  {
    "ID Number": "7931522"
  },
  {
    "ID Number": "7937539"
  },
  {
    "ID Number": "7937547"
  },
  {
    "ID Number": "7962878"
  },
  {
    "ID Number": "7906021"
  },
  {
    "ID Number": "7949936"
  },
  {
    "ID Number": "7904860"
  },
  {
    "ID Number": "7900520"
  },
  {
    "ID Number": "7908075"
  },
  {
    "ID Number": "7911696"
  },
  {
    "ID Number": "7900163"
  },
  {
    "ID Number": "7901461"
  },
  {
    "ID Number": "7920296"
  },
  {
    "ID Number": "7965680"
  },
  {
    "ID Number": "7920300"
  },
  {
    "ID Number": "7920660"
  },
  {
    "ID Number": "7922019"
  },
  {
    "ID Number": "7904878"
  },
  {
    "ID Number": "7949944"
  },
  {
    "ID Number": "7927711"
  },
  {
    "ID Number": "7920105"
  },
  {
    "ID Number": "7900414"
  },
  {
    "ID Number": "7905297"
  },
  {
    "ID Number": "7941404"
  },
  {
    "ID Number": "7947623"
  },
  {
    "ID Number": "7945817"
  },
  {
    "ID Number": "7951965"
  },
  {
    "ID Number": "7951973"
  },
  {
    "ID Number": "7917961"
  },
  {
    "ID Number": "7909020"
  },
  {
    "ID Number": "7924275"
  },
  {
    "ID Number": "7921829"
  },
  {
    "ID Number": "7961880"
  },
  {
    "ID Number": "7904398"
  },
  {
    "ID Number": "7938780"
  },
  {
    "ID Number": "7933797"
  },
  {
    "ID Number": "7902573"
  },
  {
    "ID Number": "7918542"
  },
  {
    "ID Number": "7904401"
  },
  {
    "ID Number": "7931050"
  },
  {
    "ID Number": "7957734"
  },
  {
    "ID Number": "7957742"
  },
  {
    "ID Number": "7903944"
  },
  {
    "ID Number": "7910215"
  },
  {
    "ID Number": "7917406"
  },
  {
    "ID Number": "7932014"
  },
  {
    "ID Number": "7926480"
  },
  {
    "ID Number": "7920865"
  },
  {
    "ID Number": "7904428"
  },
  {
    "ID Number": "7914938"
  },
  {
    "ID Number": "7930348"
  },
  {
    "ID Number": "7903278"
  },
  {
    "ID Number": "7958382"
  },
  {
    "ID Number": "7970390"
  },
  {
    "ID Number": "7925956"
  },
  {
    "ID Number": "7944403"
  },
  {
    "ID Number": "7906030"
  },
  {
    "ID Number": "7917651"
  },
  {
    "ID Number": "7926499"
  },
  {
    "ID Number": "7901275"
  },
  {
    "ID Number": "7906978"
  },
  {
    "ID Number": "7925859"
  },
  {
    "ID Number": "7925204"
  },
  {
    "ID Number": "7907494"
  },
  {
    "ID Number": "7942141"
  },
  {
    "ID Number": "7902417"
  },
  {
    "ID Number": "7902727"
  },
  {
    "ID Number": "7939965"
  },
  {
    "ID Number": "7906986"
  },
  {
    "ID Number": "7925867"
  },
  {
    "ID Number": "7952627"
  },
  {
    "ID Number": "7974159"
  },
  {
    "ID Number": "7920571"
  },
  {
    "ID Number": "7903618"
  },
  {
    "ID Number": "7912781"
  },
  {
    "ID Number": "7933983"
  },
  {
    "ID Number": "7933991"
  },
  {
    "ID Number": "7918623"
  },
  {
    "ID Number": "7903626"
  },
  {
    "ID Number": "7900430"
  },
  {
    "ID Number": "7912498"
  },
  {
    "ID Number": "7909055"
  },
  {
    "ID Number": "7925328"
  },
  {
    "ID Number": "7942630"
  },
  {
    "ID Number": "7961340"
  },
  {
    "ID Number": "7901887"
  },
  {
    "ID Number": "7932936"
  },
  {
    "ID Number": "7912501"
  },
  {
    "ID Number": "7960395"
  },
  {
    "ID Number": "7901810"
  },
  {
    "ID Number": "7902875"
  },
  {
    "ID Number": "7923929"
  },
  {
    "ID Number": "7941013"
  },
  {
    "ID Number": "7923937"
  },
  {
    "ID Number": "7967250"
  },
  {
    "ID Number": "7918550"
  },
  {
    "ID Number": "7902433"
  },
  {
    "ID Number": "7919581"
  },
  {
    "ID Number": "7975465"
  },
  {
    "ID Number": "7963602"
  },
  {
    "ID Number": "7928890"
  },
  {
    "ID Number": "7928505"
  },
  {
    "ID Number": "7934009"
  },
  {
    "ID Number": "7967268"
  },
  {
    "ID Number": "7917414"
  },
  {
    "ID Number": "7917422"
  },
  {
    "ID Number": "7921837"
  },
  {
    "ID Number": "7921845"
  },
  {
    "ID Number": "7959087"
  },
  {
    "ID Number": "7970730"
  },
  {
    "ID Number": "7946813"
  },
  {
    "ID Number": "7955820"
  },
  {
    "ID Number": "7952406"
  },
  {
    "ID Number": "7955839"
  },
  {
    "ID Number": "7955847"
  },
  {
    "ID Number": "7919590"
  },
  {
    "ID Number": "627704"
  },
  {
    "ID Number": "7934165"
  },
  {
    "ID Number": "7934173"
  },
  {
    "ID Number": "7903286"
  },
  {
    "ID Number": "7934084"
  },
  {
    "ID Number": "7934092"
  },
  {
    "ID Number": "7903871"
  },
  {
    "ID Number": "7903880"
  },
  {
    "ID Number": "7963610"
  },
  {
    "ID Number": "7930542"
  },
  {
    "ID Number": "7951981"
  },
  {
    "ID Number": "7928572"
  },
  {
    "ID Number": "7900589"
  },
  {
    "ID Number": "7922752"
  },
  {
    "ID Number": "7919972"
  },
  {
    "ID Number": "7966059"
  },
  {
    "ID Number": "7903111"
  },
  {
    "ID Number": "7938195"
  },
  {
    "ID Number": "7918127"
  },
  {
    "ID Number": "7923953"
  },
  {
    "ID Number": "7950586"
  },
  {
    "ID Number": "7928360"
  },
  {
    "ID Number": "7906560"
  },
  {
    "ID Number": "7921853"
  },
  {
    "ID Number": "7923139"
  },
  {
    "ID Number": "7965761"
  },
  {
    "ID Number": "7929625"
  },
  {
    "ID Number": "7952830"
  },
  {
    "ID Number": "7924283"
  },
  {
    "ID Number": "7955855"
  },
  {
    "ID Number": "7964692"
  },
  {
    "ID Number": "7923147"
  },
  {
    "ID Number": "7927738"
  },
  {
    "ID Number": "7908571"
  },
  {
    "ID Number": "7900309"
  },
  {
    "ID Number": "7975201"
  },
  {
    "ID Number": "7923589"
  },
  {
    "ID Number": "7973799"
  },
  {
    "ID Number": "7965966"
  },
  {
    "ID Number": "7923155"
  },
  {
    "ID Number": "7954522"
  },
  {
    "ID Number": "7933800"
  },
  {
    "ID Number": "7963696"
  },
  {
    "ID Number": "7921861"
  },
  {
    "ID Number": "7914539"
  },
  {
    "ID Number": "7958900"
  },
  {
    "ID Number": "7902450"
  },
  {
    "ID Number": "7938217"
  },
  {
    "ID Number": "7903294"
  },
  {
    "ID Number": "7911319"
  },
  {
    "ID Number": "7961375"
  },
  {
    "ID Number": "7908768"
  },
  {
    "ID Number": "7966784"
  },
  {
    "ID Number": "7916949"
  },
  {
    "ID Number": "7957750"
  },
  {
    "ID Number": "7947135"
  },
  {
    "ID Number": "7901364"
  },
  {
    "ID Number": "7943091"
  },
  {
    "ID Number": "7925298"
  },
  {
    "ID Number": "7955049"
  },
  {
    "ID Number": "7948662"
  },
  {
    "ID Number": "26028450"
  },
  {
    "ID Number": "7912811"
  },
  {
    "ID Number": "7946430"
  },
  {
    "ID Number": "7945841"
  },
  {
    "ID Number": "7945850"
  },
  {
    "ID Number": "7937873"
  },
  {
    "ID Number": "7930917"
  },
  {
    "ID Number": "7947640"
  },
  {
    "ID Number": "7910517"
  },
  {
    "ID Number": "7927525"
  },
  {
    "ID Number": "7910525"
  },
  {
    "ID Number": "7922906"
  },
  {
    "ID Number": "7957998"
  },
  {
    "ID Number": "7951990"
  },
  {
    "ID Number": "7918372"
  },
  {
    "ID Number": "7958587"
  },
  {
    "ID Number": "7921349"
  },
  {
    "ID Number": "7905050"
  },
  {
    "ID Number": "7904436"
  },
  {
    "ID Number": "7914318"
  },
  {
    "ID Number": "7901666"
  },
  {
    "ID Number": "7906994"
  },
  {
    "ID Number": "7902735"
  },
  {
    "ID Number": "7900465"
  },
  {
    "ID Number": "7909438"
  },
  {
    "ID Number": "7916434"
  },
  {
    "ID Number": "7932073"
  },
  {
    "ID Number": "7953224"
  },
  {
    "ID Number": "7946635"
  },
  {
    "ID Number": "7903960"
  },
  {
    "ID Number": "7903642"
  },
  {
    "ID Number": "7902484"
  },
  {
    "ID Number": "7924968"
  },
  {
    "ID Number": "7901674"
  },
  {
    "ID Number": "7939400"
  },
  {
    "ID Number": "7937911"
  },
  {
    "ID Number": "7903669"
  },
  {
    "ID Number": "7944039"
  },
  {
    "ID Number": "7960107"
  },
  {
    "ID Number": "7956010"
  },
  {
    "ID Number": "7927754"
  },
  {
    "ID Number": "7967772"
  },
  {
    "ID Number": "7906072"
  },
  {
    "ID Number": "7927258"
  },
  {
    "ID Number": "7919760"
  },
  {
    "ID Number": "7906080"
  },
  {
    "ID Number": "7923597"
  },
  {
    "ID Number": "7944969"
  },
  {
    "ID Number": "7914768"
  },
  {
    "ID Number": "7910533"
  },
  {
    "ID Number": "7901321"
  },
  {
    "ID Number": "7972652"
  },
  {
    "ID Number": "7900090"
  },
  {
    "ID Number": "7919999"
  },
  {
    "ID Number": "7911980"
  },
  {
    "ID Number": "7955197"
  },
  {
    "ID Number": "7945868"
  },
  {
    "ID Number": "7929633"
  },
  {
    "ID Number": "7956738"
  },
  {
    "ID Number": "7900031"
  },
  {
    "ID Number": "7923961"
  },
  {
    "ID Number": "7948689"
  },
  {
    "ID Number": "7902026"
  },
  {
    "ID Number": "7952007"
  },
  {
    "ID Number": "7907010"
  },
  {
    "ID Number": "7906110"
  },
  {
    "ID Number": "7922175"
  },
  {
    "ID Number": "7966512"
  },
  {
    "ID Number": "7901259"
  },
  {
    "ID Number": "7952015"
  },
  {
    "ID Number": "7910916"
  },
  {
    "ID Number": "7964706"
  },
  {
    "ID Number": "7921292"
  },
  {
    "ID Number": "7938551"
  },
  {
    "ID Number": "7931395"
  },
  {
    "ID Number": "7905211"
  },
  {
    "ID Number": "7964951"
  },
  {
    "ID Number": "7952910"
  },
  {
    "ID Number": "7916884"
  },
  {
    "ID Number": "7953011"
  },
  {
    "ID Number": "7953607"
  },
  {
    "ID Number": "7920938"
  },
  {
    "ID Number": "7901720"
  },
  {
    "ID Number": "7952023"
  },
  {
    "ID Number": "7900635"
  },
  {
    "ID Number": "7913192"
  },
  {
    "ID Number": "7912838"
  },
  {
    "ID Number": "7901003"
  },
  {
    "ID Number": "7920881"
  },
  {
    "ID Number": "7913613"
  },
  {
    "ID Number": "7920890"
  },
  {
    "ID Number": "7971575"
  },
  {
    "ID Number": "7954611"
  },
  {
    "ID Number": "7940181"
  },
  {
    "ID Number": "7974086"
  },
  {
    "ID Number": "7960115"
  },
  {
    "ID Number": "7901224"
  },
  {
    "ID Number": "7943610"
  },
  {
    "ID Number": "7944420"
  },
  {
    "ID Number": "7957769"
  },
  {
    "ID Number": "7961383"
  },
  {
    "ID Number": "7965591"
  },
  {
    "ID Number": "7966520"
  },
  {
    "ID Number": "7944012"
  },
  {
    "ID Number": "7919301"
  },
  {
    "ID Number": "7916647"
  },
  {
    "ID Number": "7901534"
  },
  {
    "ID Number": "7965354"
  },
  {
    "ID Number": "7930356"
  },
  {
    "ID Number": "7967845"
  },
  {
    "ID Number": "7966881"
  },
  {
    "ID Number": "7955073"
  },
  {
    "ID Number": "7967799"
  },
  {
    "ID Number": "7958978"
  },
  {
    "ID Number": "7919778"
  },
  {
    "ID Number": "7912854"
  },
  {
    "ID Number": "7908580"
  },
  {
    "ID Number": "7947658"
  },
  {
    "ID Number": "7967802"
  },
  {
    "ID Number": "7933525"
  },
  {
    "ID Number": "7905300"
  },
  {
    "ID Number": "7933045"
  },
  {
    "ID Number": "7903707"
  },
  {
    "ID Number": "7942095"
  },
  {
    "ID Number": "7973829"
  },
  {
    "ID Number": "7966075"
  },
  {
    "ID Number": "7916507"
  },
  {
    "ID Number": "7939256"
  },
  {
    "ID Number": "7922183"
  },
  {
    "ID Number": "7912099"
  },
  {
    "ID Number": "7932677"
  },
  {
    "ID Number": "7968701"
  },
  {
    "ID Number": "7931069"
  },
  {
    "ID Number": "7975473"
  },
  {
    "ID Number": "7916469"
  },
  {
    "ID Number": "7942125"
  },
  {
    "ID Number": "7956185"
  },
  {
    "ID Number": "7930054"
  },
  {
    "ID Number": "7906137"
  },
  {
    "ID Number": "7954220"
  },
  {
    "ID Number": "7912544"
  },
  {
    "ID Number": "7912552"
  },
  {
    "ID Number": "7930925"
  },
  {
    "ID Number": "7935080"
  },
  {
    "ID Number": "7903715"
  },
  {
    "ID Number": "7935099"
  },
  {
    "ID Number": "7943377"
  },
  {
    "ID Number": "7926510"
  },
  {
    "ID Number": "7906153"
  },
  {
    "ID Number": "7941030"
  },
  {
    "ID Number": "7932952"
  },
  {
    "ID Number": "7915438"
  },
  {
    "ID Number": "7900562"
  },
  {
    "ID Number": "7914377"
  },
  {
    "ID Number": "7973837"
  },
  {
    "ID Number": "7957173"
  },
  {
    "ID Number": "7904460"
  },
  {
    "ID Number": "7946554"
  },
  {
    "ID Number": "7975570"
  },
  {
    "ID Number": "7921888"
  },
  {
    "ID Number": "7923171"
  },
  {
    "ID Number": "7912013"
  },
  {
    "ID Number": "7924518"
  },
  {
    "ID Number": "7936605"
  },
  {
    "ID Number": "7912862"
  },
  {
    "ID Number": "7970587"
  },
  {
    "ID Number": "7956037"
  },
  {
    "ID Number": "7907044"
  },
  {
    "ID Number": "7931077"
  },
  {
    "ID Number": "7957068"
  },
  {
    "ID Number": "7925212"
  },
  {
    "ID Number": "7928718"
  },
  {
    "ID Number": "7917090"
  },
  {
    "ID Number": "7911289"
  },
  {
    "ID Number": "7906170"
  },
  {
    "ID Number": "7933053"
  },
  {
    "ID Number": "7945876"
  },
  {
    "ID Number": "7951450"
  },
  {
    "ID Number": "7958595"
  },
  {
    "ID Number": "7923996"
  },
  {
    "ID Number": "7940190"
  },
  {
    "ID Number": "7968094"
  },
  {
    "ID Number": "7957076"
  },
  {
    "ID Number": "7908407"
  },
  {
    "ID Number": "7933126"
  },
  {
    "ID Number": "7943385"
  },
  {
    "ID Number": "7934190"
  },
  {
    "ID Number": "7944640"
  },
  {
    "ID Number": "7955537"
  },
  {
    "ID Number": "7943873"
  },
  {
    "ID Number": "7938560"
  },
  {
    "ID Number": "7937571"
  },
  {
    "ID Number": "7938632"
  },
  {
    "ID Number": "7932090"
  },
  {
    "ID Number": "7938640"
  },
  {
    "ID Number": "7905238"
  },
  {
    "ID Number": "7930070"
  },
  {
    "ID Number": "7927533"
  },
  {
    "ID Number": "7936249"
  },
  {
    "ID Number": "7901631"
  },
  {
    "ID Number": "7903723"
  },
  {
    "ID Number": "7924682"
  },
  {
    "ID Number": "7937270"
  },
  {
    "ID Number": "7907923"
  },
  {
    "ID Number": "7958340"
  },
  {
    "ID Number": "7927835"
  },
  {
    "ID Number": "7916957"
  },
  {
    "ID Number": "7940742"
  },
  {
    "ID Number": "7963700"
  },
  {
    "ID Number": "7974370"
  },
  {
    "ID Number": "7940122"
  },
  {
    "ID Number": "7922760"
  },
  {
    "ID Number": "7908784"
  },
  {
    "ID Number": "7900384"
  },
  {
    "ID Number": "7942010"
  },
  {
    "ID Number": "7902905"
  },
  {
    "ID Number": "7945884"
  },
  {
    "ID Number": "7949170"
  },
  {
    "ID Number": "7902913"
  },
  {
    "ID Number": "7934025"
  },
  {
    "ID Number": "7904959"
  },
  {
    "ID Number": "7934033"
  },
  {
    "ID Number": "7929889"
  },
  {
    "ID Number": "7911785"
  },
  {
    "ID Number": "7924003"
  },
  {
    "ID Number": "7961995"
  },
  {
    "ID Number": "7938730"
  },
  {
    "ID Number": "7906200"
  },
  {
    "ID Number": "7903308"
  },
  {
    "ID Number": "7956428"
  },
  {
    "ID Number": "7916655"
  },
  {
    "ID Number": "7961413"
  },
  {
    "ID Number": "7927266"
  },
  {
    "ID Number": "7925220"
  },
  {
    "ID Number": "7925239"
  },
  {
    "ID Number": "7927800"
  },
  {
    "ID Number": "7965974"
  },
  {
    "ID Number": "7928416"
  },
  {
    "ID Number": "7918135"
  },
  {
    "ID Number": "7907761"
  },
  {
    "ID Number": "7908873"
  },
  {
    "ID Number": "7951485"
  },
  {
    "ID Number": "7940025"
  },
  {
    "ID Number": "7906226"
  },
  {
    "ID Number": "7955863"
  },
  {
    "ID Number": "7913630"
  },
  {
    "ID Number": "7912560"
  },
  {
    "ID Number": "7906579"
  },
  {
    "ID Number": "7941048"
  },
  {
    "ID Number": "7947143"
  },
  {
    "ID Number": "7904134"
  },
  {
    "ID Number": "7961421"
  },
  {
    "ID Number": "7948336"
  },
  {
    "ID Number": "7924976"
  },
  {
    "ID Number": "7940203"
  },
  {
    "ID Number": "7919212"
  },
  {
    "ID Number": "7920326"
  },
  {
    "ID Number": "7965982"
  },
  {
    "ID Number": "7921500"
  },
  {
    "ID Number": "7911793"
  },
  {
    "ID Number": "7909497"
  },
  {
    "ID Number": "7925255"
  },
  {
    "ID Number": "7925247"
  },
  {
    "ID Number": "7906250"
  },
  {
    "ID Number": "7971052"
  },
  {
    "ID Number": "7973152"
  },
  {
    "ID Number": "7921900"
  },
  {
    "ID Number": "7956517"
  },
  {
    "ID Number": "7916744"
  },
  {
    "ID Number": "7910932"
  },
  {
    "ID Number": "7924534"
  },
  {
    "ID Number": "7947160"
  },
  {
    "ID Number": "7958609"
  },
  {
    "ID Number": "7945892"
  },
  {
    "ID Number": "7912889"
  },
  {
    "ID Number": "7933550"
  },
  {
    "ID Number": "7926537"
  },
  {
    "ID Number": "7932995"
  },
  {
    "ID Number": "7921136"
  },
  {
    "ID Number": "7902972"
  },
  {
    "ID Number": "7956835"
  },
  {
    "ID Number": "7935536"
  },
  {
    "ID Number": "7943881"
  },
  {
    "ID Number": "7929064"
  },
  {
    "ID Number": "7925883"
  },
  {
    "ID Number": "7961456"
  },
  {
    "ID Number": "7961464"
  },
  {
    "ID Number": "7938004"
  },
  {
    "ID Number": "7924542"
  },
  {
    "ID Number": "7966164"
  },
  {
    "ID Number": "7920334"
  },
  {
    "ID Number": "7946333"
  },
  {
    "ID Number": "7929269"
  },
  {
    "ID Number": "7903316"
  },
  {
    "ID Number": "7957343"
  },
  {
    "ID Number": "7957351"
  },
  {
    "ID Number": "7902514"
  },
  {
    "ID Number": "7924321"
  },
  {
    "ID Number": "7907060"
  },
  {
    "ID Number": "7907079"
  },
  {
    "ID Number": "7946538"
  },
  {
    "ID Number": "7944683"
  },
  {
    "ID Number": "7960123"
  },
  {
    "ID Number": "7904533"
  },
  {
    "ID Number": "7957092"
  },
  {
    "ID Number": "7946341"
  },
  {
    "ID Number": "7924569"
  },
  {
    "ID Number": "7906595"
  },
  {
    "ID Number": "7919026"
  },
  {
    "ID Number": "7916663"
  }
]