[
  {
    "ID Number": "11400323"
  },
  {
    "ID Number": "11400234"
  },
  {
    "ID Number": "11403632"
  },
  {
    "ID Number": "11400188"
  },
  {
    "ID Number": "11401966"
  },
  {
    "ID Number": "11400978"
  },
  {
    "ID Number": "11400587"
  },
  {
    "ID Number": "11400552"
  },
  {
    "ID Number": "11403659"
  },
  {
    "ID Number": "11402253"
  },
  {
    "ID Number": "11402245"
  },
  {
    "ID Number": "11402229"
  },
  {
    "ID Number": "11402237"
  },
  {
    "ID Number": "11404230"
  },
  {
    "ID Number": "11401508"
  },
  {
    "ID Number": "11400528"
  },
  {
    "ID Number": "11400560"
  },
  {
    "ID Number": "11400056"
  },
  {
    "ID Number": "11404582"
  },
  {
    "ID Number": "11400510"
  },
  {
    "ID Number": "11403284"
  },
  {
    "ID Number": "11402156"
  },
  {
    "ID Number": "11403292"
  },
  {
    "ID Number": "11404191"
  },
  {
    "ID Number": "11403233"
  },
  {
    "ID Number": "11404590"
  },
  {
    "ID Number": "11402660"
  },
  {
    "ID Number": "11400625"
  },
  {
    "ID Number": "11402458"
  },
  {
    "ID Number": "11400064"
  },
  {
    "ID Number": "11402164"
  },
  {
    "ID Number": "11401079"
  },
  {
    "ID Number": "11400170"
  },
  {
    "ID Number": "11402504"
  },
  {
    "ID Number": "11403977"
  },
  {
    "ID Number": "11403268"
  },
  {
    "ID Number": "11400358"
  },
  {
    "ID Number": "11403691"
  },
  {
    "ID Number": "11401605"
  },
  {
    "ID Number": "11401737"
  },
  {
    "ID Number": "11402474"
  },
  {
    "ID Number": "11400676"
  },
  {
    "ID Number": "11404949"
  },
  {
    "ID Number": "11404957"
  },
  {
    "ID Number": "11401630"
  },
  {
    "ID Number": "11403918"
  },
  {
    "ID Number": "11403926"
  },
  {
    "ID Number": "11401745"
  },
  {
    "ID Number": "11400048"
  },
  {
    "ID Number": "11401370"
  },
  {
    "ID Number": "11403772"
  },
  {
    "ID Number": "11400692"
  },
  {
    "ID Number": "11400072"
  },
  {
    "ID Number": "11403195"
  },
  {
    "ID Number": "11405015"
  },
  {
    "ID Number": "11402326"
  },
  {
    "ID Number": "11404817"
  },
  {
    "ID Number": "11401087"
  },
  {
    "ID Number": "11401095"
  },
  {
    "ID Number": "11401117"
  },
  {
    "ID Number": "11402148"
  },
  {
    "ID Number": "11400315"
  },
  {
    "ID Number": "11403829"
  },
  {
    "ID Number": "11403969"
  },
  {
    "ID Number": "11403560"
  },
  {
    "ID Number": "11404981"
  },
  {
    "ID Number": "11400153"
  },
  {
    "ID Number": "11402180"
  },
  {
    "ID Number": "11403586"
  },
  {
    "ID Number": "11403136"
  },
  {
    "ID Number": "11400749"
  },
  {
    "ID Number": "11400099"
  },
  {
    "ID Number": "11401176"
  },
  {
    "ID Number": "11401133"
  },
  {
    "ID Number": "11400765"
  },
  {
    "ID Number": "11400455"
  },
  {
    "ID Number": "11400439"
  },
  {
    "ID Number": "11400331"
  },
  {
    "ID Number": "11401192"
  },
  {
    "ID Number": "11400293"
  },
  {
    "ID Number": "11403365"
  },
  {
    "ID Number": "11400269"
  },
  {
    "ID Number": "11400862"
  },
  {
    "ID Number": "11404221"
  },
  {
    "ID Number": "11403721"
  },
  {
    "ID Number": "11402822"
  },
  {
    "ID Number": "11402601"
  },
  {
    "ID Number": "11400838"
  },
  {
    "ID Number": "11400846"
  }
]