[
  {
    "ID Number": "16601815"
  },
  {
    "ID Number": "16601319"
  },
  {
    "ID Number": "16600541"
  },
  {
    "ID Number": "16601556"
  },
  {
    "ID Number": "16600240"
  },
  {
    "ID Number": "16600169"
  },
  {
    "ID Number": "16600614"
  },
  {
    "ID Number": "16600282"
  },
  {
    "ID Number": "16600339"
  },
  {
    "ID Number": "16601432"
  },
  {
    "ID Number": "16600347"
  },
  {
    "ID Number": "16600568"
  },
  {
    "ID Number": "16600177"
  },
  {
    "ID Number": "16600096"
  },
  {
    "ID Number": "16602846"
  },
  {
    "ID Number": "16601289"
  },
  {
    "ID Number": "16600150"
  },
  {
    "ID Number": "16601700"
  },
  {
    "ID Number": "16600525"
  },
  {
    "ID Number": "16600010"
  },
  {
    "ID Number": "16600371"
  },
  {
    "ID Number": "16601866"
  },
  {
    "ID Number": "16600185"
  },
  {
    "ID Number": "16601335"
  },
  {
    "ID Number": "16601114"
  },
  {
    "ID Number": "16600576"
  },
  {
    "ID Number": "16600924"
  },
  {
    "ID Number": "16601211"
  },
  {
    "ID Number": "16600223"
  },
  {
    "ID Number": "16601505"
  },
  {
    "ID Number": "16600100"
  },
  {
    "ID Number": "16601327"
  },
  {
    "ID Number": "16600118"
  },
  {
    "ID Number": "16601823"
  },
  {
    "ID Number": "16600355"
  },
  {
    "ID Number": "16600037"
  },
  {
    "ID Number": "16600517"
  },
  {
    "ID Number": "5203791"
  },
  {
    "ID Number": "16601343"
  },
  {
    "ID Number": "16600533"
  },
  {
    "ID Number": "16600584"
  },
  {
    "ID Number": "16600401"
  },
  {
    "ID Number": "16602749"
  },
  {
    "ID Number": "16601831"
  },
  {
    "ID Number": "16600592"
  },
  {
    "ID Number": "16600894"
  },
  {
    "ID Number": "16601726"
  },
  {
    "ID Number": "16600215"
  },
  {
    "ID Number": "16600061"
  },
  {
    "ID Number": "16600380"
  },
  {
    "ID Number": "16600410"
  },
  {
    "ID Number": "16601491"
  },
  {
    "ID Number": "16600428"
  },
  {
    "ID Number": "16600436"
  },
  {
    "ID Number": "16600444"
  },
  {
    "ID Number": "16600720"
  },
  {
    "ID Number": "16601262"
  },
  {
    "ID Number": "16601963"
  },
  {
    "ID Number": "16600134"
  },
  {
    "ID Number": "16601300"
  },
  {
    "ID Number": "16601661"
  },
  {
    "ID Number": "16600606"
  },
  {
    "ID Number": "16600738"
  },
  {
    "ID Number": "16600886"
  },
  {
    "ID Number": "16600550"
  },
  {
    "ID Number": "16600460"
  },
  {
    "ID Number": "16600320"
  },
  {
    "ID Number": "16600452"
  }
]