[
  {
    "ID Number": "11800011",
    "Name": "Berardi, Giancarlo",
    "Fed": "SMR",
    "Sex": "M",
    "Title": "",
    "WTit": "",
    "OTit": "",
    "Rating": "1816",
    "Gms": "0",
    "K": "20",
    "RatingMonth": "AUG25",
    "B-day": "1960",
    "Flag": ""
  },
  {
    "ID Number": "11800070",
    "Name": "Bezzi, Massimo",
    "Fed": "SMR",
    "Sex": "M",
    "Title": "",
    "WTit": "",
    "OTit": "",
    "Rating": "2038",
    "Gms": "0",
    "K": "20",
    "RatingMonth": "AUG25",
    "B-day": "1962",
    "Flag": "i"
  },
  {
    "ID Number": "11800259",
    "Name": "Bianchi, Elia",
    "Fed": "SMR",
    "Sex": "M",
    "Title": "",
    "WTit": "",
    "OTit": "",
    "Rating": "1651",
    "Gms": "0",
    "K": "20",
    "RatingMonth": "AUG25",
    "B-day": "2002",
    "Flag": "i"
  },
  {
    "ID Number": "11800496",
    "Name": "Biordi, Mariane",
    "Fed": "SMR",
    "Sex": "F",
    "Title": "WCM",
    "WTit": "WCM",
    "OTit": "",
    "Rating": "1422",
    "Gms": "0",
    "K": "40",
    "RatingMonth": "AUG25",
    "B-day": "1957",
    "Flag": "wi"
  },
  {
    "ID Number": "11800518",
    "Name": "Biordi, Tommaso",
    "Fed": "SMR",
    "Sex": "M",
    "Title": "",
    "WTit": "",
    "OTit": "",
    "Rating": "1537",
    "Gms": "0",
    "K": "40",
    "RatingMonth": "AUG25",
    "B-day": "2008",
    "Flag": ""
  },
  {
    "ID Number": "11800194",
    "Name": "Cilenti, Giuseppe Maria",
    "Fed": "SMR",
    "Sex": "M",
    "Title": "",
    "WTit": "",
    "OTit": "",
    "Rating": "1620",
    "Gms": "0",
    "K": "20",
    "RatingMonth": "AUG25",
    "B-day": "1989",
    "Flag": ""
  },
  {
    "ID Number": "11800437",
    "Name": "D`Amico, Nicola",
    "Fed": "SMR",
    "Sex": "M",
    "Title": "",
    "WTit": "",
    "OTit": "",
    "Rating": "1812",
    "Gms": "0",
    "K": "20",
    "RatingMonth": "AUG25",
    "B-day": "1999",
    "Flag": ""
  },
  {
    "ID Number": "11800488",
    "Name": "Ercolani, Lorenzo Leonardo",
    "Fed": "SMR",
    "Sex": "M",
    "Title": "",
    "WTit": "",
    "OTit": "",
    "Rating": "1728",
    "Gms": "0",
    "K": "40",
    "RatingMonth": "AUG25",
    "B-day": "2007",
    "Flag": "i"
  },
  {
    "ID Number": "11800593",
    "Name": "Ferrenti, Giuseppe",
    "Fed": "SMR",
    "Sex": "M",
    "Title": "",
    "WTit": "",
    "OTit": "",
    "Rating": "1452",
    "Gms": "0",
    "K": "40",
    "RatingMonth": "AUG25",
    "B-day": "1967",
    "Flag": "i"
  },
  {
    "ID Number": "11800046",
    "Name": "Grassi, Enrico",
    "Fed": "SMR",
    "Sex": "M",
    "Title": "FM",
    "WTit": "FI",
    "OTit": "",
    "Rating": "1887",
    "Gms": "0",
    "K": "20",
    "RatingMonth": "AUG25",
    "B-day": "1960",
    "Flag": ""
  },
  {
    "ID Number": "11800356",
    "Name": "Herrera, Adrian",
    "Fed": "SMR",
    "Sex": "M",
    "Title": "",
    "WTit": "",
    "OTit": "",
    "Rating": "1843",
    "Gms": "0",
    "K": "40",
    "RatingMonth": "AUG25",
    "B-day": "1986",
    "Flag": "i"
  },
  {
    "ID Number": "11800348",
    "Name": "Ivanov, V. Vladimir",
    "Fed": "SMR",
    "Sex": "M",
    "Title": "",
    "WTit": "",
    "OTit": "",
    "Rating": "1818",
    "Gms": "0",
    "K": "20",
    "RatingMonth": "AUG25",
    "B-day": "1961",
    "Flag": "i"
  },
  {
    "ID Number": "11800372",
    "Name": "Krasnova, Elena",
    "Fed": "SMR",
    "Sex": "F",
    "Title": "",
    "WTit": "",
    "OTit": "",
    "Rating": "1581",
    "Gms": "0",
    "K": "40",
    "RatingMonth": "AUG25",
    "B-day": "1979",
    "Flag": "w"
  },
  {
    "ID Number": "11800364",
    "Name": "Lazzarini, Giulia",
    "Fed": "SMR",
    "Sex": "F",
    "Title": "",
    "WTit": "",
    "OTit": "",
    "Rating": "1505",
    "Gms": "0",
    "K": "40",
    "RatingMonth": "AUG25",
    "B-day": "1985",
    "Flag": "wi"
  },
  {
    "ID Number": "11800470",
    "Name": "Leardini, Mirko",
    "Fed": "SMR",
    "Sex": "M",
    "Title": "",
    "WTit": "",
    "OTit": "",
    "Rating": "1792",
    "Gms": "0",
    "K": "20",
    "RatingMonth": "AUG25",
    "B-day": "1984",
    "Flag": "i"
  },
  {
    "ID Number": "11800674",
    "Name": "Longo, Giovanni",
    "Fed": "SMR",
    "Sex": "M",
    "Title": "",
    "WTit": "",
    "OTit": "",
    "Rating": "1508",
    "Gms": "0",
    "K": "40",
    "RatingMonth": "AUG25",
    "B-day": "2009",
    "Flag": ""
  },
  {
    "ID Number": "11800577",
    "Name": "Mancini, Lorenzo",
    "Fed": "SMR",
    "Sex": "M",
    "Title": "",
    "WTit": "NA",
    "OTit": "",
    "Rating": "1845",
    "Gms": "0",
    "K": "40",
    "RatingMonth": "AUG25",
    "B-day": "2006",
    "Flag": "i"
  },
  {
    "ID Number": "11800216",
    "Name": "Matteini, Palmiro",
    "Fed": "SMR",
    "Sex": "M",
    "Title": "",
    "WTit": "",
    "OTit": "",
    "Rating": "1765",
    "Gms": "0",
    "K": "20",
    "RatingMonth": "AUG25",
    "B-day": "1958",
    "Flag": ""
  },
  {
    "ID Number": "11800224",
    "Name": "Molaroni, Massimo",
    "Fed": "SMR",
    "Sex": "M",
    "Title": "",
    "WTit": "",
    "OTit": "",
    "Rating": "1602",
    "Gms": "0",
    "K": "20",
    "RatingMonth": "AUG25",
    "B-day": "1969",
    "Flag": "i"
  },
  {
    "ID Number": "11800208",
    "Name": "Morganti, Mirko",
    "Fed": "SMR",
    "Sex": "M",
    "Title": "",
    "WTit": "",
    "OTit": "",
    "Rating": "1504",
    "Gms": "0",
    "K": "20",
    "RatingMonth": "AUG25",
    "B-day": "1991",
    "Flag": "i"
  },
  {
    "ID Number": "11800038",
    "Name": "Righi, Ezio",
    "Fed": "SMR",
    "Sex": "M",
    "Title": "FM",
    "WTit": "FI",
    "OTit": "",
    "Rating": "1927",
    "Gms": "0",
    "K": "20",
    "RatingMonth": "AUG25",
    "B-day": "1956",
    "Flag": ""
  },
  {
    "ID Number": "11800020",
    "Name": "Rossini, Paul",
    "Fed": "SMR",
    "Sex": "M",
    "Title": "",
    "WTit": "",
    "OTit": "",
    "Rating": "1732",
    "Gms": "0",
    "K": "20",
    "RatingMonth": "AUG25",
    "B-day": "1967",
    "Flag": ""
  },
  {
    "ID Number": "11800305",
    "Name": "Santi Giacomo",
    "Fed": "SMR",
    "Sex": "M",
    "Title": "",
    "WTit": "",
    "OTit": "",
    "Rating": "1445",
    "Gms": "0",
    "K": "20",
    "RatingMonth": "AUG25",
    "B-day": "1993",
    "Flag": "i"
  },
  {
    "ID Number": "11800267",
    "Name": "Stefanelli, Francesco",
    "Fed": "SMR",
    "Sex": "M",
    "Title": "",
    "WTit": "",
    "OTit": "",
    "Rating": "1630",
    "Gms": "0",
    "K": "20",
    "RatingMonth": "AUG25",
    "B-day": "1999",
    "Flag": "i"
  },
  {
    "ID Number": "11800275",
    "Name": "Vincenzi, Marco",
    "Fed": "SMR",
    "Sex": "M",
    "Title": "",
    "WTit": "",
    "OTit": "",
    "Rating": "1769",
    "Gms": "0",
    "K": "40",
    "RatingMonth": "AUG25",
    "B-day": "2003",
    "Flag": "i"
  },
  {
    "ID Number": "11800240",
    "Name": "Vivoli, Alessandro",
    "Fed": "SMR",
    "Sex": "M",
    "Title": "",
    "WTit": "",
    "OTit": "",
    "Rating": "1680",
    "Gms": "0",
    "K": "20",
    "RatingMonth": "AUG25",
    "B-day": "2002",
    "Flag": "i"
  },
  {
    "ID Number": "11800054",
    "Name": "Volpinari, Danilo",
    "Fed": "SMR",
    "Sex": "M",
    "Title": "FM",
    "WTit": "FI",
    "OTit": "",
    "Rating": "1934",
    "Gms": "0",
    "K": "20",
    "RatingMonth": "AUG25",
    "B-day": "1969",
    "Flag": ""
  }
]