[
  {
    "ID Number": "11800011"
  },
  {
    "ID Number": "11800070"
  },
  {
    "ID Number": "11800259"
  },
  {
    "ID Number": "11800496"
  },
  {
    "ID Number": "11800518"
  },
  {
    "ID Number": "11800194"
  },
  {
    "ID Number": "11800437"
  },
  {
    "ID Number": "11800488"
  },
  {
    "ID Number": "11800593"
  },
  {
    "ID Number": "11800046"
  },
  {
    "ID Number": "11800356"
  },
  {
    "ID Number": "11800348"
  },
  {
    "ID Number": "11800372"
  },
  {
    "ID Number": "11800364"
  },
  {
    "ID Number": "11800470"
  },
  {
    "ID Number": "11800674"
  },
  {
    "ID Number": "11800577"
  },
  {
    "ID Number": "11800216"
  },
  {
    "ID Number": "11800224"
  },
  {
    "ID Number": "11800208"
  },
  {
    "ID Number": "11800038"
  },
  {
    "ID Number": "11800020"
  },
  {
    "ID Number": "11800305"
  },
  {
    "ID Number": "11800267"
  },
  {
    "ID Number": "11800275"
  },
  {
    "ID Number": "11800240"
  },
  {
    "ID Number": "11800054"
  }
]