[
  {
    "ID Number": "2959151"
  },
  {
    "ID Number": "2949954"
  },
  {
    "ID Number": "2935597"
  },
  {
    "ID Number": "2913941"
  },
  {
    "ID Number": "2949865"
  },
  {
    "ID Number": "2930161"
  },
  {
    "ID Number": "2932709"
  },
  {
    "ID Number": "2948036"
  },
  {
    "ID Number": "2957167"
  },
  {
    "ID Number": "2929686"
  },
  {
    "ID Number": "2931893"
  },
  {
    "ID Number": "2928906"
  },
  {
    "ID Number": "2929139"
  },
  {
    "ID Number": "2948931"
  },
  {
    "ID Number": "2901668"
  },
  {
    "ID Number": "2911639"
  },
  {
    "ID Number": "2911019"
  },
  {
    "ID Number": "2941694"
  },
  {
    "ID Number": "2907798"
  },
  {
    "ID Number": "2906864"
  },
  {
    "ID Number": "2907453"
  },
  {
    "ID Number": "2935945"
  },
  {
    "ID Number": "2904934"
  },
  {
    "ID Number": "2946025"
  },
  {
    "ID Number": "2918099"
  },
  {
    "ID Number": "2908875"
  },
  {
    "ID Number": "2924641"
  },
  {
    "ID Number": "2923467"
  },
  {
    "ID Number": "2948087"
  },
  {
    "ID Number": "2901218"
  },
  {
    "ID Number": "2927209"
  },
  {
    "ID Number": "2939320"
  },
  {
    "ID Number": "2927217"
  },
  {
    "ID Number": "2928671"
  },
  {
    "ID Number": "2957892"
  },
  {
    "ID Number": "2905353"
  },
  {
    "ID Number": "2937530"
  },
  {
    "ID Number": "2926016"
  },
  {
    "ID Number": "2939843"
  },
  {
    "ID Number": "2915235"
  },
  {
    "ID Number": "2923874"
  },
  {
    "ID Number": "2921847"
  },
  {
    "ID Number": "2934884"
  },
  {
    "ID Number": "2907127"
  },
  {
    "ID Number": "2948125"
  },
  {
    "ID Number": "2927004"
  },
  {
    "ID Number": "2928477"
  },
  {
    "ID Number": "2931966"
  },
  {
    "ID Number": "2922142"
  },
  {
    "ID Number": "2923157"
  },
  {
    "ID Number": "2947323"
  },
  {
    "ID Number": "2907488"
  },
  {
    "ID Number": "2905647"
  },
  {
    "ID Number": "2937000"
  },
  {
    "ID Number": "2906201"
  },
  {
    "ID Number": "2920867"
  },
  {
    "ID Number": "2918676"
  },
  {
    "ID Number": "2923831"
  },
  {
    "ID Number": "2945398"
  },
  {
    "ID Number": "2909260"
  },
  {
    "ID Number": "2922207"
  },
  {
    "ID Number": "2911396"
  },
  {
    "ID Number": "2923866"
  },
  {
    "ID Number": "2916843"
  },
  {
    "ID Number": "2903547"
  },
  {
    "ID Number": "2912007"
  },
  {
    "ID Number": "2952297"
  },
  {
    "ID Number": "2913690"
  },
  {
    "ID Number": "2938600"
  },
  {
    "ID Number": "2940965"
  },
  {
    "ID Number": "2916932"
  },
  {
    "ID Number": "2901471"
  },
  {
    "ID Number": "2901544"
  },
  {
    "ID Number": "2936186"
  },
  {
    "ID Number": "2928779"
  },
  {
    "ID Number": "2918706"
  },
  {
    "ID Number": "2948940"
  },
  {
    "ID Number": "2945100"
  },
  {
    "ID Number": "2929899"
  },
  {
    "ID Number": "2923114"
  },
  {
    "ID Number": "2901986"
  },
  {
    "ID Number": "2919680"
  },
  {
    "ID Number": "2921049"
  },
  {
    "ID Number": "2928930"
  },
  {
    "ID Number": "2928949"
  },
  {
    "ID Number": "2949210"
  },
  {
    "ID Number": "2963566"
  },
  {
    "ID Number": "2933314"
  },
  {
    "ID Number": "2911892"
  },
  {
    "ID Number": "2910101"
  },
  {
    "ID Number": "2911906"
  },
  {
    "ID Number": "2936500"
  },
  {
    "ID Number": "2914573"
  },
  {
    "ID Number": "2902311"
  },
  {
    "ID Number": "2905388"
  },
  {
    "ID Number": "2911752"
  },
  {
    "ID Number": "2920026"
  },
  {
    "ID Number": "2966743"
  },
  {
    "ID Number": "2968398"
  },
  {
    "ID Number": "2948516"
  },
  {
    "ID Number": "2912031"
  },
  {
    "ID Number": "2929821"
  },
  {
    "ID Number": "2906570"
  },
  {
    "ID Number": "2937409"
  },
  {
    "ID Number": "2930587"
  },
  {
    "ID Number": "2941988"
  },
  {
    "ID Number": "2910373"
  },
  {
    "ID Number": "2947900"
  },
  {
    "ID Number": "2913380"
  },
  {
    "ID Number": "2902931"
  },
  {
    "ID Number": "2935236"
  },
  {
    "ID Number": "2936062"
  },
  {
    "ID Number": "2942410"
  },
  {
    "ID Number": "2927519"
  },
  {
    "ID Number": "2901552"
  },
  {
    "ID Number": "2905086"
  },
  {
    "ID Number": "2917769"
  },
  {
    "ID Number": "2929902"
  },
  {
    "ID Number": "2907054"
  },
  {
    "ID Number": "2907640"
  },
  {
    "ID Number": "2932784"
  },
  {
    "ID Number": "2945584"
  },
  {
    "ID Number": "2945452"
  },
  {
    "ID Number": "2907801"
  },
  {
    "ID Number": "2923475"
  },
  {
    "ID Number": "2918536"
  },
  {
    "ID Number": "2944200"
  },
  {
    "ID Number": "2921324"
  },
  {
    "ID Number": "2925591"
  },
  {
    "ID Number": "2944910"
  },
  {
    "ID Number": "2935937"
  },
  {
    "ID Number": "2959674"
  },
  {
    "ID Number": "2928787"
  },
  {
    "ID Number": "2941597"
  },
  {
    "ID Number": "2927632"
  },
  {
    "ID Number": "2945258"
  },
  {
    "ID Number": "2906082"
  },
  {
    "ID Number": "2919222"
  },
  {
    "ID Number": "2904268"
  },
  {
    "ID Number": "2918250"
  },
  {
    "ID Number": "2910390"
  },
  {
    "ID Number": "2911922"
  },
  {
    "ID Number": "2948532"
  },
  {
    "ID Number": "2938618"
  },
  {
    "ID Number": "2940701"
  },
  {
    "ID Number": "2930609"
  },
  {
    "ID Number": "2930617"
  },
  {
    "ID Number": "2929929"
  },
  {
    "ID Number": "2934744"
  },
  {
    "ID Number": "2911400"
  },
  {
    "ID Number": "2905540"
  },
  {
    "ID Number": "2921057"
  },
  {
    "ID Number": "2930439"
  },
  {
    "ID Number": "2934892"
  },
  {
    "ID Number": "2920425"
  },
  {
    "ID Number": "2921332"
  },
  {
    "ID Number": "2904977"
  },
  {
    "ID Number": "2915251"
  },
  {
    "ID Number": "2923360"
  },
  {
    "ID Number": "2910489"
  },
  {
    "ID Number": "2910497"
  },
  {
    "ID Number": "2942488"
  },
  {
    "ID Number": "2916428"
  },
  {
    "ID Number": "2922010"
  },
  {
    "ID Number": "2915758"
  },
  {
    "ID Number": "2926504"
  },
  {
    "ID Number": "2943018"
  },
  {
    "ID Number": "2920700"
  },
  {
    "ID Number": "2900114"
  },
  {
    "ID Number": "2926512"
  },
  {
    "ID Number": "2956756"
  },
  {
    "ID Number": "2952319"
  },
  {
    "ID Number": "2916312"
  },
  {
    "ID Number": "2916185"
  },
  {
    "ID Number": "2928701"
  },
  {
    "ID Number": "2903598"
  },
  {
    "ID Number": "2902800"
  },
  {
    "ID Number": "2945410"
  },
  {
    "ID Number": "2915162"
  },
  {
    "ID Number": "2951924"
  },
  {
    "ID Number": "2942291"
  },
  {
    "ID Number": "2903873"
  },
  {
    "ID Number": "2931990"
  },
  {
    "ID Number": "2927020"
  },
  {
    "ID Number": "2938731"
  },
  {
    "ID Number": "2924684"
  },
  {
    "ID Number": "2934752"
  },
  {
    "ID Number": "2937948"
  },
  {
    "ID Number": "2963876"
  },
  {
    "ID Number": "2906236"
  },
  {
    "ID Number": "2932792"
  },
  {
    "ID Number": "2902095"
  },
  {
    "ID Number": "2911930"
  },
  {
    "ID Number": "2914590"
  },
  {
    "ID Number": "2943352"
  },
  {
    "ID Number": "2911558"
  },
  {
    "ID Number": "2910403"
  },
  {
    "ID Number": "2937794"
  },
  {
    "ID Number": "2944804"
  },
  {
    "ID Number": "2911000"
  },
  {
    "ID Number": "2942623"
  },
  {
    "ID Number": "2923122"
  },
  {
    "ID Number": "2931478"
  },
  {
    "ID Number": "2936097"
  },
  {
    "ID Number": "2907437"
  },
  {
    "ID Number": "2917211"
  },
  {
    "ID Number": "2919729"
  },
  {
    "ID Number": "2943395"
  },
  {
    "ID Number": "2915170"
  },
  {
    "ID Number": "2952793"
  },
  {
    "ID Number": "2934078"
  },
  {
    "ID Number": "2953889"
  },
  {
    "ID Number": "2911965"
  },
  {
    "ID Number": "2921677"
  },
  {
    "ID Number": "2943808"
  },
  {
    "ID Number": "2924099"
  },
  {
    "ID Number": "2942003"
  },
  {
    "ID Number": "2953102"
  },
  {
    "ID Number": "2934272"
  },
  {
    "ID Number": "2955431"
  },
  {
    "ID Number": "2907470"
  },
  {
    "ID Number": "2908549"
  },
  {
    "ID Number": "2918757"
  },
  {
    "ID Number": "2900050"
  },
  {
    "ID Number": "2937018"
  },
  {
    "ID Number": "2925184"
  },
  {
    "ID Number": "2915588"
  },
  {
    "ID Number": "2920433"
  },
  {
    "ID Number": "2902427"
  },
  {
    "ID Number": "2925869"
  },
  {
    "ID Number": "2941350"
  },
  {
    "ID Number": "2908140"
  },
  {
    "ID Number": "2903342"
  },
  {
    "ID Number": "2916959"
  },
  {
    "ID Number": "2924242"
  },
  {
    "ID Number": "2931508"
  },
  {
    "ID Number": "2932610"
  },
  {
    "ID Number": "2941961"
  },
  {
    "ID Number": "2926520"
  },
  {
    "ID Number": "2958147"
  },
  {
    "ID Number": "2916894"
  },
  {
    "ID Number": "2902419"
  },
  {
    "ID Number": "2907810"
  },
  {
    "ID Number": "2937239"
  },
  {
    "ID Number": "2915600"
  },
  {
    "ID Number": "2928914"
  },
  {
    "ID Number": "2913763"
  },
  {
    "ID Number": "2929350"
  },
  {
    "ID Number": "2953455"
  },
  {
    "ID Number": "2919532"
  },
  {
    "ID Number": "2915766"
  },
  {
    "ID Number": "2936100"
  },
  {
    "ID Number": "2903482"
  },
  {
    "ID Number": "2936534"
  },
  {
    "ID Number": "2928027"
  },
  {
    "ID Number": "2923785"
  },
  {
    "ID Number": "2902460"
  },
  {
    "ID Number": "2928035"
  },
  {
    "ID Number": "2907224"
  },
  {
    "ID Number": "2956772"
  },
  {
    "ID Number": "2907232"
  },
  {
    "ID Number": "2903261"
  },
  {
    "ID Number": "2916908"
  },
  {
    "ID Number": "2957221"
  },
  {
    "ID Number": "2908638"
  },
  {
    "ID Number": "2919044"
  },
  {
    "ID Number": "2918978"
  },
  {
    "ID Number": "2937247"
  },
  {
    "ID Number": "2919540"
  },
  {
    "ID Number": "2938715"
  },
  {
    "ID Number": "2925699"
  },
  {
    "ID Number": "2927390"
  },
  {
    "ID Number": "2957922"
  },
  {
    "ID Number": "2937085"
  },
  {
    "ID Number": "2950057"
  },
  {
    "ID Number": "2937760"
  },
  {
    "ID Number": "2945606"
  },
  {
    "ID Number": "2929775"
  },
  {
    "ID Number": "2908158"
  },
  {
    "ID Number": "2907712"
  },
  {
    "ID Number": "2932920"
  },
  {
    "ID Number": "2919079"
  },
  {
    "ID Number": "2910284"
  },
  {
    "ID Number": "2900106"
  },
  {
    "ID Number": "2942631"
  },
  {
    "ID Number": "2924714"
  },
  {
    "ID Number": "2946041"
  },
  {
    "ID Number": "2928043"
  },
  {
    "ID Number": "2948605"
  },
  {
    "ID Number": "2928051"
  },
  {
    "ID Number": "2931559"
  },
  {
    "ID Number": "2907500"
  },
  {
    "ID Number": "2930196"
  },
  {
    "ID Number": "2917653"
  },
  {
    "ID Number": "2925796"
  },
  {
    "ID Number": "2900874"
  },
  {
    "ID Number": "2909995"
  },
  {
    "ID Number": "2952688"
  },
  {
    "ID Number": "2918366"
  },
  {
    "ID Number": "2940710"
  },
  {
    "ID Number": "2913542"
  },
  {
    "ID Number": "2967162"
  },
  {
    "ID Number": "2932555"
  },
  {
    "ID Number": "2966280"
  },
  {
    "ID Number": "2916649"
  },
  {
    "ID Number": "2919400"
  },
  {
    "ID Number": "2926393"
  },
  {
    "ID Number": "2927675"
  },
  {
    "ID Number": "2913461"
  },
  {
    "ID Number": "2926300"
  },
  {
    "ID Number": "2919737"
  },
  {
    "ID Number": "2925583"
  },
  {
    "ID Number": "2900211"
  },
  {
    "ID Number": "2901579"
  },
  {
    "ID Number": "2929600"
  },
  {
    "ID Number": "2956586"
  },
  {
    "ID Number": "2935511"
  },
  {
    "ID Number": "2919745"
  },
  {
    "ID Number": "2905612"
  },
  {
    "ID Number": "2902273"
  },
  {
    "ID Number": "2932938"
  },
  {
    "ID Number": "2928060"
  },
  {
    "ID Number": "2919761"
  },
  {
    "ID Number": "2942640"
  },
  {
    "ID Number": "2900947"
  },
  {
    "ID Number": "2969580"
  },
  {
    "ID Number": "2912171"
  },
  {
    "ID Number": "2916347"
  },
  {
    "ID Number": "2954087"
  },
  {
    "ID Number": "2918714"
  },
  {
    "ID Number": "2914638"
  },
  {
    "ID Number": "2900017"
  },
  {
    "ID Number": "2924986"
  },
  {
    "ID Number": "2924870"
  },
  {
    "ID Number": "2916975"
  },
  {
    "ID Number": "2927055"
  },
  {
    "ID Number": "2958929"
  },
  {
    "ID Number": "2936208"
  },
  {
    "ID Number": "2916088"
  },
  {
    "ID Number": "2918374"
  },
  {
    "ID Number": "2922819"
  },
  {
    "ID Number": "2930200"
  },
  {
    "ID Number": "2902451"
  },
  {
    "ID Number": "2906694"
  },
  {
    "ID Number": "2923491"
  },
  {
    "ID Number": "2902150"
  },
  {
    "ID Number": "2937913"
  },
  {
    "ID Number": "2955237"
  },
  {
    "ID Number": "2925877"
  },
  {
    "ID Number": "2924722"
  },
  {
    "ID Number": "2907186"
  },
  {
    "ID Number": "2963833"
  },
  {
    "ID Number": "2901412"
  },
  {
    "ID Number": "2937859"
  },
  {
    "ID Number": "2922320"
  },
  {
    "ID Number": "2909073"
  },
  {
    "ID Number": "2902206"
  },
  {
    "ID Number": "2906872"
  },
  {
    "ID Number": "2913801"
  },
  {
    "ID Number": "2917815"
  },
  {
    "ID Number": "2960940"
  },
  {
    "ID Number": "2921766"
  },
  {
    "ID Number": "2922150"
  },
  {
    "ID Number": "2949970"
  },
  {
    "ID Number": "2907313"
  },
  {
    "ID Number": "2938812"
  },
  {
    "ID Number": "2930684"
  },
  {
    "ID Number": "2930242"
  },
  {
    "ID Number": "2941147"
  },
  {
    "ID Number": "2953773"
  },
  {
    "ID Number": "2937255"
  },
  {
    "ID Number": "2920980"
  },
  {
    "ID Number": "2946084"
  },
  {
    "ID Number": "2940400"
  },
  {
    "ID Number": "2950910"
  },
  {
    "ID Number": "2936461"
  },
  {
    "ID Number": "2961024"
  },
  {
    "ID Number": "2944634"
  },
  {
    "ID Number": "2920581"
  },
  {
    "ID Number": "2945487"
  },
  {
    "ID Number": "2930358"
  },
  {
    "ID Number": "2939568"
  },
  {
    "ID Number": "2933187"
  },
  {
    "ID Number": "2903733"
  },
  {
    "ID Number": "2910632"
  },
  {
    "ID Number": "2939576"
  },
  {
    "ID Number": "2937093"
  },
  {
    "ID Number": "2912279"
  },
  {
    "ID Number": "2928515"
  },
  {
    "ID Number": "2941600"
  },
  {
    "ID Number": "2956799"
  },
  {
    "ID Number": "2905230"
  },
  {
    "ID Number": "2919419"
  },
  {
    "ID Number": "2929449"
  },
  {
    "ID Number": "2910837"
  },
  {
    "ID Number": "2969599"
  },
  {
    "ID Number": "2914417"
  },
  {
    "ID Number": "2941732"
  },
  {
    "ID Number": "2907976"
  },
  {
    "ID Number": "2910411"
  },
  {
    "ID Number": "2941619"
  },
  {
    "ID Number": "2928078"
  },
  {
    "ID Number": "2942305"
  },
  {
    "ID Number": "2925257"
  },
  {
    "ID Number": "2925885"
  },
  {
    "ID Number": "2958171"
  },
  {
    "ID Number": "2932571"
  },
  {
    "ID Number": "2920727"
  },
  {
    "ID Number": "2936810"
  },
  {
    "ID Number": "2929066"
  },
  {
    "ID Number": "2903660"
  },
  {
    "ID Number": "2904900"
  },
  {
    "ID Number": "2932717"
  },
  {
    "ID Number": "2969351"
  },
  {
    "ID Number": "2930145"
  },
  {
    "ID Number": "2931842"
  },
  {
    "ID Number": "2912996"
  },
  {
    "ID Number": "2908018"
  },
  {
    "ID Number": "2949350"
  },
  {
    "ID Number": "2908026"
  },
  {
    "ID Number": "2925800"
  },
  {
    "ID Number": "2916096"
  },
  {
    "ID Number": "2917548"
  },
  {
    "ID Number": "2933560"
  },
  {
    "ID Number": "2909235"
  },
  {
    "ID Number": "2919974"
  },
  {
    "ID Number": "2926148"
  },
  {
    "ID Number": "2915618"
  },
  {
    "ID Number": "2927691"
  },
  {
    "ID Number": "2900033"
  },
  {
    "ID Number": "2906503"
  },
  {
    "ID Number": "2906074"
  },
  {
    "ID Number": "2909324"
  },
  {
    "ID Number": "2948664"
  },
  {
    "ID Number": "2926555"
  },
  {
    "ID Number": "2907305"
  },
  {
    "ID Number": "2905256"
  },
  {
    "ID Number": "2922169"
  },
  {
    "ID Number": "2912317"
  },
  {
    "ID Number": "2915804"
  },
  {
    "ID Number": "2951690"
  },
  {
    "ID Number": "2936224"
  },
  {
    "ID Number": "2902079"
  },
  {
    "ID Number": "2945495"
  },
  {
    "ID Number": "2929090"
  },
  {
    "ID Number": "2944820"
  },
  {
    "ID Number": "2917840"
  },
  {
    "ID Number": "2928299"
  },
  {
    "ID Number": "2950146"
  },
  {
    "ID Number": "2938839"
  },
  {
    "ID Number": "2941627"
  },
  {
    "ID Number": "2923882"
  },
  {
    "ID Number": "2931575"
  },
  {
    "ID Number": "2930218"
  },
  {
    "ID Number": "2907291"
  },
  {
    "ID Number": "2901250"
  },
  {
    "ID Number": "2933730"
  },
  {
    "ID Number": "2925702"
  },
  {
    "ID Number": "2934140"
  },
  {
    "ID Number": "2903776"
  },
  {
    "ID Number": "2928965"
  },
  {
    "ID Number": "2910950"
  },
  {
    "ID Number": "2941864"
  },
  {
    "ID Number": "2903245"
  },
  {
    "ID Number": "2924269"
  },
  {
    "ID Number": "2907720"
  },
  {
    "ID Number": "2938847"
  },
  {
    "ID Number": "2942020"
  },
  {
    "ID Number": "2935953"
  },
  {
    "ID Number": "2921693"
  },
  {
    "ID Number": "2947919"
  },
  {
    "ID Number": "2906414"
  },
  {
    "ID Number": "2929325"
  },
  {
    "ID Number": "2947757"
  },
  {
    "ID Number": "2925621"
  },
  {
    "ID Number": "2932725"
  },
  {
    "ID Number": "2919290"
  },
  {
    "ID Number": "2940140"
  },
  {
    "ID Number": "2926571"
  },
  {
    "ID Number": "2911370"
  },
  {
    "ID Number": "2900548"
  },
  {
    "ID Number": "2904039"
  },
  {
    "ID Number": "2901099"
  },
  {
    "ID Number": "2924072"
  },
  {
    "ID Number": "2912350"
  },
  {
    "ID Number": "2910365"
  },
  {
    "ID Number": "2903253"
  },
  {
    "ID Number": "2946092"
  },
  {
    "ID Number": "2929961"
  },
  {
    "ID Number": "2957248"
  },
  {
    "ID Number": "2956675"
  },
  {
    "ID Number": "2956683"
  },
  {
    "ID Number": "2906953"
  },
  {
    "ID Number": "2915812"
  },
  {
    "ID Number": "2908930"
  },
  {
    "ID Number": "2942690"
  },
  {
    "ID Number": "2948680"
  },
  {
    "ID Number": "2908255"
  },
  {
    "ID Number": "2922886"
  },
  {
    "ID Number": "2906155"
  },
  {
    "ID Number": "2933012"
  },
  {
    "ID Number": "2915820"
  },
  {
    "ID Number": "2937603"
  },
  {
    "ID Number": "2928531"
  },
  {
    "ID Number": "2954630"
  },
  {
    "ID Number": "2908999"
  },
  {
    "ID Number": "2948699"
  },
  {
    "ID Number": "2922568"
  },
  {
    "ID Number": "2971631"
  },
  {
    "ID Number": "2933578"
  },
  {
    "ID Number": "2905299"
  },
  {
    "ID Number": "2925710"
  },
  {
    "ID Number": "2919150"
  },
  {
    "ID Number": "2935570"
  },
  {
    "ID Number": "2953692"
  },
  {
    "ID Number": "2934906"
  },
  {
    "ID Number": "2929171"
  },
  {
    "ID Number": "2929180"
  },
  {
    "ID Number": "2910004"
  },
  {
    "ID Number": "2910071"
  },
  {
    "ID Number": "2913003"
  },
  {
    "ID Number": "2923513"
  },
  {
    "ID Number": "2929538"
  },
  {
    "ID Number": "2957396"
  },
  {
    "ID Number": "2954303"
  },
  {
    "ID Number": "2911710"
  },
  {
    "ID Number": "2933837"
  },
  {
    "ID Number": "2948702"
  },
  {
    "ID Number": "2957159"
  },
  {
    "ID Number": "2938634"
  },
  {
    "ID Number": "2919575"
  },
  {
    "ID Number": "2910012"
  },
  {
    "ID Number": "2942313"
  },
  {
    "ID Number": "2943824"
  },
  {
    "ID Number": "2921359"
  },
  {
    "ID Number": "2904950"
  },
  {
    "ID Number": "2922584"
  },
  {
    "ID Number": "2946106"
  },
  {
    "ID Number": "2930374"
  },
  {
    "ID Number": "2929198"
  },
  {
    "ID Number": "2929201"
  },
  {
    "ID Number": "2937611"
  },
  {
    "ID Number": "2930382"
  },
  {
    "ID Number": "2944332"
  },
  {
    "ID Number": "2917890"
  },
  {
    "ID Number": "2902370"
  },
  {
    "ID Number": "2945924"
  },
  {
    "ID Number": "2924730"
  },
  {
    "ID Number": "2973456"
  },
  {
    "ID Number": "2922118"
  },
  {
    "ID Number": "2944049"
  },
  {
    "ID Number": "2903008"
  },
  {
    "ID Number": "2901463"
  },
  {
    "ID Number": "2919583"
  },
  {
    "ID Number": "2903849"
  },
  {
    "ID Number": "2906740"
  },
  {
    "ID Number": "2919788"
  },
  {
    "ID Number": "2925036"
  },
  {
    "ID Number": "2937450"
  },
  {
    "ID Number": "2957191"
  },
  {
    "ID Number": "2915499"
  },
  {
    "ID Number": "2957400"
  },
  {
    "ID Number": "2905337"
  },
  {
    "ID Number": "2931605"
  },
  {
    "ID Number": "2925648"
  },
  {
    "ID Number": "2932741"
  },
  {
    "ID Number": "2910934"
  },
  {
    "ID Number": "2942321"
  },
  {
    "ID Number": "2920085"
  },
  {
    "ID Number": "2914069"
  },
  {
    "ID Number": "2929805"
  },
  {
    "ID Number": "2911744"
  },
  {
    "ID Number": "2922924"
  },
  {
    "ID Number": "2935899"
  },
  {
    "ID Number": "2915324"
  },
  {
    "ID Number": "2938960"
  },
  {
    "ID Number": "2924374"
  },
  {
    "ID Number": "2924382"
  },
  {
    "ID Number": "2925559"
  },
  {
    "ID Number": "30909015"
  },
  {
    "ID Number": "2902168"
  },
  {
    "ID Number": "2933926"
  },
  {
    "ID Number": "2929333"
  },
  {
    "ID Number": "2920093"
  },
  {
    "ID Number": "2911779"
  },
  {
    "ID Number": "2902869"
  },
  {
    "ID Number": "2902613"
  },
  {
    "ID Number": "2942798"
  },
  {
    "ID Number": "2926857"
  },
  {
    "ID Number": "2922720"
  },
  {
    "ID Number": "2916525"
  },
  {
    "ID Number": "2906260"
  },
  {
    "ID Number": "2910292"
  },
  {
    "ID Number": "2905418"
  },
  {
    "ID Number": "2909480"
  },
  {
    "ID Number": "2952238"
  },
  {
    "ID Number": "2903857"
  },
  {
    "ID Number": "2904098"
  },
  {
    "ID Number": "2955911"
  },
  {
    "ID Number": "2917289"
  },
  {
    "ID Number": "2949997"
  },
  {
    "ID Number": "2922029"
  },
  {
    "ID Number": "2936526"
  },
  {
    "ID Number": "2902621"
  },
  {
    "ID Number": "2927446"
  },
  {
    "ID Number": "2902699"
  },
  {
    "ID Number": "2936330"
  },
  {
    "ID Number": "2906139"
  },
  {
    "ID Number": "11634103"
  },
  {
    "ID Number": "2924757"
  },
  {
    "ID Number": "2929368"
  },
  {
    "ID Number": "2913852"
  },
  {
    "ID Number": "2946130"
  },
  {
    "ID Number": "2963388"
  },
  {
    "ID Number": "2923327"
  },
  {
    "ID Number": "2910993"
  },
  {
    "ID Number": "2920751"
  },
  {
    "ID Number": "2900254"
  },
  {
    "ID Number": "2939550"
  },
  {
    "ID Number": "2953706"
  },
  {
    "ID Number": "2923521"
  },
  {
    "ID Number": "2931850"
  },
  {
    "ID Number": "2941236"
  },
  {
    "ID Number": "2924102"
  },
  {
    "ID Number": "2929864"
  },
  {
    "ID Number": "2916223"
  },
  {
    "ID Number": "2925893"
  },
  {
    "ID Number": "2915189"
  },
  {
    "ID Number": "2901277"
  },
  {
    "ID Number": "2904390"
  },
  {
    "ID Number": "2952840"
  },
  {
    "ID Number": "2923530"
  },
  {
    "ID Number": "2942895"
  },
  {
    "ID Number": "2919001"
  },
  {
    "ID Number": "2923190"
  },
  {
    "ID Number": "2932660"
  },
  {
    "ID Number": "2947412"
  },
  {
    "ID Number": "2947420"
  },
  {
    "ID Number": "2922606"
  },
  {
    "ID Number": "2926768"
  },
  {
    "ID Number": "2915197"
  },
  {
    "ID Number": "2950570"
  },
  {
    "ID Number": "2930064"
  },
  {
    "ID Number": "2926261"
  },
  {
    "ID Number": "2901340"
  },
  {
    "ID Number": "2927365"
  },
  {
    "ID Number": "2937638"
  },
  {
    "ID Number": "2935872"
  },
  {
    "ID Number": "2942852"
  },
  {
    "ID Number": "2931869"
  },
  {
    "ID Number": "2945231"
  },
  {
    "ID Number": "2939592"
  },
  {
    "ID Number": "2918315"
  },
  {
    "ID Number": "2948729"
  },
  {
    "ID Number": "2916860"
  },
  {
    "ID Number": "2912465"
  },
  {
    "ID Number": "2937646"
  },
  {
    "ID Number": "2936623"
  },
  {
    "ID Number": "2936690"
  },
  {
    "ID Number": "2935600"
  },
  {
    "ID Number": "2934396"
  },
  {
    "ID Number": "2967227"
  },
  {
    "ID Number": "2922959"
  },
  {
    "ID Number": "2948230"
  },
  {
    "ID Number": "2937921"
  },
  {
    "ID Number": "2940728"
  },
  {
    "ID Number": "2909790"
  },
  {
    "ID Number": "2948761"
  },
  {
    "ID Number": "2910306"
  },
  {
    "ID Number": "2908506"
  },
  {
    "ID Number": "2911027"
  },
  {
    "ID Number": "2934647"
  },
  {
    "ID Number": "2943190"
  },
  {
    "ID Number": "2957183"
  },
  {
    "ID Number": "2905957"
  },
  {
    "ID Number": "2918935"
  },
  {
    "ID Number": "2938375"
  },
  {
    "ID Number": "2934922"
  },
  {
    "ID Number": "2955504"
  },
  {
    "ID Number": "2944537"
  },
  {
    "ID Number": "2923939"
  },
  {
    "ID Number": "2924765"
  },
  {
    "ID Number": "2926628"
  },
  {
    "ID Number": "2952254"
  },
  {
    "ID Number": "2904861"
  },
  {
    "ID Number": "2936542"
  },
  {
    "ID Number": "2914450"
  },
  {
    "ID Number": "2939150"
  },
  {
    "ID Number": "2905469"
  },
  {
    "ID Number": "2918455"
  },
  {
    "ID Number": "2907020"
  },
  {
    "ID Number": "2925834"
  },
  {
    "ID Number": "2928310"
  },
  {
    "ID Number": "2924498"
  },
  {
    "ID Number": "2945142"
  },
  {
    "ID Number": "2907569"
  },
  {
    "ID Number": "2926881"
  },
  {
    "ID Number": "2917947"
  },
  {
    "ID Number": "2926890"
  },
  {
    "ID Number": "2936054"
  },
  {
    "ID Number": "2915650"
  },
  {
    "ID Number": "2920000"
  },
  {
    "ID Number": "2904942"
  },
  {
    "ID Number": "2910519"
  },
  {
    "ID Number": "2957795"
  },
  {
    "ID Number": "2903474"
  },
  {
    "ID Number": "2913348"
  },
  {
    "ID Number": "2929287"
  },
  {
    "ID Number": "2920760"
  },
  {
    "ID Number": "2921707"
  },
  {
    "ID Number": "2912511"
  },
  {
    "ID Number": "2946920"
  },
  {
    "ID Number": "2927969"
  },
  {
    "ID Number": "2943972"
  },
  {
    "ID Number": "2938022"
  },
  {
    "ID Number": "2911043"
  },
  {
    "ID Number": "2916452"
  },
  {
    "ID Number": "2902176"
  },
  {
    "ID Number": "2930072"
  },
  {
    "ID Number": "2911655"
  },
  {
    "ID Number": "2922258"
  },
  {
    "ID Number": "2937808"
  },
  {
    "ID Number": "2904918"
  },
  {
    "ID Number": "2940213"
  },
  {
    "ID Number": "2930498"
  },
  {
    "ID Number": "2932547"
  },
  {
    "ID Number": "2959402"
  },
  {
    "ID Number": "2928728"
  },
  {
    "ID Number": "2945444"
  },
  {
    "ID Number": "2917963"
  },
  {
    "ID Number": "2918862"
  },
  {
    "ID Number": "2950154"
  },
  {
    "ID Number": "2910322"
  },
  {
    "ID Number": "2957230"
  },
  {
    "ID Number": "2948800"
  },
  {
    "ID Number": "2942100"
  },
  {
    "ID Number": "2957582"
  },
  {
    "ID Number": "2918170"
  },
  {
    "ID Number": "2919842"
  },
  {
    "ID Number": "2905566"
  },
  {
    "ID Number": "2928647"
  },
  {
    "ID Number": "2917971"
  },
  {
    "ID Number": "4650891"
  },
  {
    "ID Number": "2906449"
  },
  {
    "ID Number": "2950588"
  },
  {
    "ID Number": "2917440"
  },
  {
    "ID Number": "2926636"
  },
  {
    "ID Number": "2932091"
  },
  {
    "ID Number": "2925907"
  },
  {
    "ID Number": "2925079"
  },
  {
    "ID Number": "2925842"
  },
  {
    "ID Number": "2918587"
  },
  {
    "ID Number": "2925982"
  },
  {
    "ID Number": "2933055"
  },
  {
    "ID Number": "2914743"
  },
  {
    "ID Number": "2913151"
  },
  {
    "ID Number": "2944766"
  },
  {
    "ID Number": "2901110"
  },
  {
    "ID Number": "2944154"
  },
  {
    "ID Number": "2939355"
  },
  {
    "ID Number": "2934825"
  },
  {
    "ID Number": "2902338"
  },
  {
    "ID Number": "2949385"
  },
  {
    "ID Number": "2949393"
  },
  {
    "ID Number": "2950162"
  },
  {
    "ID Number": "2934507"
  },
  {
    "ID Number": "2920549"
  },
  {
    "ID Number": "2923890"
  },
  {
    "ID Number": "2926245"
  },
  {
    "ID Number": "2958856"
  },
  {
    "ID Number": "2934663"
  },
  {
    "ID Number": "2939681"
  },
  {
    "ID Number": "2906112"
  },
  {
    "ID Number": "2905019"
  },
  {
    "ID Number": "2932806"
  },
  {
    "ID Number": "2906309"
  },
  {
    "ID Number": "2905710"
  },
  {
    "ID Number": "2924110"
  },
  {
    "ID Number": "2941902"
  },
  {
    "ID Number": "2915111"
  },
  {
    "ID Number": "2919605"
  },
  {
    "ID Number": "2912546"
  },
  {
    "ID Number": "2910527"
  },
  {
    "ID Number": "2911051"
  },
  {
    "ID Number": "2954842"
  },
  {
    "ID Number": "2911620"
  },
  {
    "ID Number": "2900297"
  },
  {
    "ID Number": "2911590"
  },
  {
    "ID Number": "2919168"
  },
  {
    "ID Number": "2926644"
  },
  {
    "ID Number": "2941376"
  },
  {
    "ID Number": "2908689"
  },
  {
    "ID Number": "2948249"
  },
  {
    "ID Number": "2903962"
  },
  {
    "ID Number": "2911060"
  },
  {
    "ID Number": "2900424"
  },
  {
    "ID Number": "2903890"
  },
  {
    "ID Number": "2934426"
  },
  {
    "ID Number": "2922967"
  },
  {
    "ID Number": "2904870"
  },
  {
    "ID Number": "2926377"
  },
  {
    "ID Number": "2913089"
  },
  {
    "ID Number": "2908557"
  },
  {
    "ID Number": "2944545"
  },
  {
    "ID Number": "2947854"
  },
  {
    "ID Number": "2929554"
  },
  {
    "ID Number": "2922371"
  },
  {
    "ID Number": "2926253"
  },
  {
    "ID Number": "2915898"
  },
  {
    "ID Number": "2946173"
  },
  {
    "ID Number": "2941040"
  },
  {
    "ID Number": "2924390"
  },
  {
    "ID Number": "2932750"
  },
  {
    "ID Number": "2950596"
  },
  {
    "ID Number": "2907259"
  },
  {
    "ID Number": "2957418"
  },
  {
    "ID Number": "2941910"
  },
  {
    "ID Number": "2900637"
  },
  {
    "ID Number": "2929228"
  },
  {
    "ID Number": "2931796"
  },
  {
    "ID Number": "2941511"
  },
  {
    "ID Number": "2911310"
  },
  {
    "ID Number": "2901390"
  },
  {
    "ID Number": "2935554"
  },
  {
    "ID Number": "2903580"
  },
  {
    "ID Number": "2934930"
  },
  {
    "ID Number": "2925850"
  },
  {
    "ID Number": "2932407"
  },
  {
    "ID Number": "2901714"
  },
  {
    "ID Number": "2945150"
  },
  {
    "ID Number": "2903296"
  },
  {
    "ID Number": "2923971"
  },
  {
    "ID Number": "2916240"
  },
  {
    "ID Number": "2925095"
  },
  {
    "ID Number": "2923548"
  },
  {
    "ID Number": "2919869"
  },
  {
    "ID Number": "2919877"
  },
  {
    "ID Number": "2925214"
  },
  {
    "ID Number": "2938626"
  },
  {
    "ID Number": "2903920"
  },
  {
    "ID Number": "2913585"
  },
  {
    "ID Number": "2916371"
  },
  {
    "ID Number": "2944375"
  },
  {
    "ID Number": "2945681"
  },
  {
    "ID Number": "2910730"
  },
  {
    "ID Number": "2906457"
  },
  {
    "ID Number": "2904896"
  },
  {
    "ID Number": "2913925"
  },
  {
    "ID Number": "2929830"
  },
  {
    "ID Number": "2904730"
  },
  {
    "ID Number": "2942712"
  },
  {
    "ID Number": "2923602"
  },
  {
    "ID Number": "2925109"
  },
  {
    "ID Number": "2915901"
  },
  {
    "ID Number": "2906724"
  },
  {
    "ID Number": "2925664"
  },
  {
    "ID Number": "2914476"
  },
  {
    "ID Number": "2921642"
  },
  {
    "ID Number": "2923394"
  },
  {
    "ID Number": "2923408"
  },
  {
    "ID Number": "2901188"
  },
  {
    "ID Number": "2920492"
  },
  {
    "ID Number": "2929392"
  },
  {
    "ID Number": "2917688"
  },
  {
    "ID Number": "2913160"
  },
  {
    "ID Number": "2935341"
  },
  {
    "ID Number": "2908573"
  },
  {
    "ID Number": "2909057"
  },
  {
    "ID Number": "2937654"
  },
  {
    "ID Number": "2916690"
  },
  {
    "ID Number": "2957906"
  },
  {
    "ID Number": "2928124"
  },
  {
    "ID Number": "2904411"
  },
  {
    "ID Number": "2926180"
  },
  {
    "ID Number": "2952769"
  },
  {
    "ID Number": "2901773"
  },
  {
    "ID Number": "2921030"
  },
  {
    "ID Number": "2911086"
  },
  {
    "ID Number": "2929520"
  },
  {
    "ID Number": "2945509"
  },
  {
    "ID Number": "2937816"
  },
  {
    "ID Number": "2924129"
  },
  {
    "ID Number": "2904071"
  },
  {
    "ID Number": "2961679"
  },
  {
    "ID Number": "2927101"
  },
  {
    "ID Number": "2906619"
  },
  {
    "ID Number": "2907372"
  },
  {
    "ID Number": "2955512"
  },
  {
    "ID Number": "2910691"
  },
  {
    "ID Number": "2957876"
  },
  {
    "ID Number": "2935244"
  },
  {
    "ID Number": "2907615"
  },
  {
    "ID Number": "2902940"
  },
  {
    "ID Number": "2907585"
  },
  {
    "ID Number": "2917343"
  },
  {
    "ID Number": "2953382"
  },
  {
    "ID Number": "2916711"
  },
  {
    "ID Number": "2929260"
  },
  {
    "ID Number": "2917700"
  },
  {
    "ID Number": "2902389"
  },
  {
    "ID Number": "2950600"
  },
  {
    "ID Number": "2900165"
  },
  {
    "ID Number": "2905892"
  },
  {
    "ID Number": "2907917"
  },
  {
    "ID Number": "2942720"
  },
  {
    "ID Number": "2918641"
  },
  {
    "ID Number": "2932156"
  },
  {
    "ID Number": "2932164"
  },
  {
    "ID Number": "2919010"
  },
  {
    "ID Number": "2931028"
  },
  {
    "ID Number": "2914999"
  },
  {
    "ID Number": "2941473"
  },
  {
    "ID Number": "2915405"
  },
  {
    "ID Number": "2929643"
  },
  {
    "ID Number": "2926687"
  },
  {
    "ID Number": "2905701"
  },
  {
    "ID Number": "2906660"
  },
  {
    "ID Number": "2905574"
  },
  {
    "ID Number": "2905442"
  },
  {
    "ID Number": "2924951"
  },
  {
    "ID Number": "2924790"
  },
  {
    "ID Number": "2928140"
  },
  {
    "ID Number": "2941546"
  },
  {
    "ID Number": "2932180"
  },
  {
    "ID Number": "2928744"
  },
  {
    "ID Number": "2948281"
  },
  {
    "ID Number": "2927470"
  },
  {
    "ID Number": "2904047"
  },
  {
    "ID Number": "2933101"
  },
  {
    "ID Number": "2950170"
  },
  {
    "ID Number": "2908654"
  },
  {
    "ID Number": "2938545"
  },
  {
    "ID Number": "2903784"
  },
  {
    "ID Number": "2905434"
  },
  {
    "ID Number": "2938723"
  },
  {
    "ID Number": "2906627"
  },
  {
    "ID Number": "2904187"
  },
  {
    "ID Number": "2945860"
  },
  {
    "ID Number": "2935252"
  },
  {
    "ID Number": "2946211"
  },
  {
    "ID Number": "2967855"
  },
  {
    "ID Number": "2936151"
  },
  {
    "ID Number": "2948826"
  },
  {
    "ID Number": "2935260"
  },
  {
    "ID Number": "2900785"
  },
  {
    "ID Number": "2915138"
  },
  {
    "ID Number": "2904780"
  },
  {
    "ID Number": "2924803"
  },
  {
    "ID Number": "2921898"
  },
  {
    "ID Number": "2931141"
  },
  {
    "ID Number": "2908697"
  },
  {
    "ID Number": "2909588"
  },
  {
    "ID Number": "2935350"
  },
  {
    "ID Number": "2935589"
  },
  {
    "ID Number": "2924463"
  },
  {
    "ID Number": "2905906"
  },
  {
    "ID Number": "2929872"
  },
  {
    "ID Number": "2948290"
  },
  {
    "ID Number": "2917998"
  },
  {
    "ID Number": "2924005"
  },
  {
    "ID Number": "2914492"
  },
  {
    "ID Number": "2944677"
  },
  {
    "ID Number": "2950464"
  },
  {
    "ID Number": "2904624"
  },
  {
    "ID Number": "2900840"
  },
  {
    "ID Number": "2922193"
  },
  {
    "ID Number": "2943727"
  },
  {
    "ID Number": "2944570"
  },
  {
    "ID Number": "2901692"
  },
  {
    "ID Number": "2908352"
  },
  {
    "ID Number": "2953862"
  },
  {
    "ID Number": "2923211"
  },
  {
    "ID Number": "2935830"
  },
  {
    "ID Number": "2911108"
  },
  {
    "ID Number": "2948044"
  },
  {
    "ID Number": "2941937"
  },
  {
    "ID Number": "2912694"
  },
  {
    "ID Number": "2934060"
  },
  {
    "ID Number": "2949440"
  },
  {
    "ID Number": "2908387"
  },
  {
    "ID Number": "2915430"
  },
  {
    "ID Number": "2936950"
  },
  {
    "ID Number": "2950421"
  },
  {
    "ID Number": "2910560"
  },
  {
    "ID Number": "2913593"
  },
  {
    "ID Number": "2908239"
  },
  {
    "ID Number": "2930838"
  },
  {
    "ID Number": "2911116"
  },
  {
    "ID Number": "2950308"
  },
  {
    "ID Number": "2938588"
  },
  {
    "ID Number": "2901528"
  },
  {
    "ID Number": "2911345"
  },
  {
    "ID Number": "2918030"
  },
  {
    "ID Number": "2934990"
  },
  {
    "ID Number": "2941481"
  },
  {
    "ID Number": "2933780"
  },
  {
    "ID Number": "2941287"
  },
  {
    "ID Number": "2911353"
  },
  {
    "ID Number": "2918501"
  },
  {
    "ID Number": "2900041"
  },
  {
    "ID Number": "2900270"
  },
  {
    "ID Number": "2940590"
  },
  {
    "ID Number": "2906333"
  },
  {
    "ID Number": "2940370"
  },
  {
    "ID Number": "2931087"
  },
  {
    "ID Number": "2931125"
  },
  {
    "ID Number": "2909081"
  },
  {
    "ID Number": "2911698"
  },
  {
    "ID Number": "2913259"
  },
  {
    "ID Number": "2935759"
  },
  {
    "ID Number": "2941490"
  },
  {
    "ID Number": "2942046"
  },
  {
    "ID Number": "2942330"
  },
  {
    "ID Number": "2904152"
  },
  {
    "ID Number": "2926024"
  },
  {
    "ID Number": "2909839"
  },
  {
    "ID Number": "2902850"
  },
  {
    "ID Number": "2923556"
  },
  {
    "ID Number": "2908409"
  },
  {
    "ID Number": "2967235"
  },
  {
    "ID Number": "2914794"
  },
  {
    "ID Number": "2907070"
  },
  {
    "ID Number": "2925117"
  },
  {
    "ID Number": "2944596"
  },
  {
    "ID Number": "2937328"
  },
  {
    "ID Number": "2900319"
  },
  {
    "ID Number": "2932458"
  },
  {
    "ID Number": "2930277"
  },
  {
    "ID Number": "2900980"
  },
  {
    "ID Number": "2902257"
  },
  {
    "ID Number": "2929996"
  },
  {
    "ID Number": "2923440"
  },
  {
    "ID Number": "2907682"
  },
  {
    "ID Number": "2957094"
  },
  {
    "ID Number": "2910349"
  },
  {
    "ID Number": "2912740"
  },
  {
    "ID Number": "2948915"
  },
  {
    "ID Number": "2928167"
  },
  {
    "ID Number": "2926067"
  },
  {
    "ID Number": "2911485"
  },
  {
    "ID Number": "2901404"
  },
  {
    "ID Number": "2907941"
  },
  {
    "ID Number": "2905485"
  },
  {
    "ID Number": "2904578"
  },
  {
    "ID Number": "2903180"
  },
  {
    "ID Number": "2939258"
  },
  {
    "ID Number": "2942364"
  },
  {
    "ID Number": "2930005"
  },
  {
    "ID Number": "2923947"
  },
  {
    "ID Number": "2939185"
  },
  {
    "ID Number": "2925125"
  },
  {
    "ID Number": "2923238"
  },
  {
    "ID Number": "2929570"
  },
  {
    "ID Number": "2916258"
  },
  {
    "ID Number": "2906473"
  },
  {
    "ID Number": "2917734"
  },
  {
    "ID Number": "2926725"
  },
  {
    "ID Number": "2925672"
  },
  {
    "ID Number": "2925990"
  },
  {
    "ID Number": "2930420"
  },
  {
    "ID Number": "2924617"
  },
  {
    "ID Number": "2922673"
  },
  {
    "ID Number": "2921154"
  },
  {
    "ID Number": "2915022"
  },
  {
    "ID Number": "2917173"
  },
  {
    "ID Number": "2913607"
  },
  {
    "ID Number": "2947110"
  },
  {
    "ID Number": "2924307"
  },
  {
    "ID Number": "2948311"
  },
  {
    "ID Number": "2954613"
  },
  {
    "ID Number": "2943573"
  },
  {
    "ID Number": "2939703"
  },
  {
    "ID Number": "2900998"
  },
  {
    "ID Number": "2906279"
  },
  {
    "ID Number": "2915456"
  },
  {
    "ID Number": "2924439"
  },
  {
    "ID Number": "2914522"
  },
  {
    "ID Number": "2924137"
  },
  {
    "ID Number": "2904179"
  },
  {
    "ID Number": "2946220"
  },
  {
    "ID Number": "2945797"
  },
  {
    "ID Number": "2924293"
  },
  {
    "ID Number": "2903318"
  },
  {
    "ID Number": "2904004"
  },
  {
    "ID Number": "2947510"
  },
  {
    "ID Number": "2942755"
  },
  {
    "ID Number": "2939398"
  },
  {
    "ID Number": "2947293"
  },
  {
    "ID Number": "2924501"
  },
  {
    "ID Number": "2925397"
  },
  {
    "ID Number": "2918811"
  },
  {
    "ID Number": "2905124"
  },
  {
    "ID Number": "2908719"
  },
  {
    "ID Number": "2927276"
  },
  {
    "ID Number": "2927284"
  },
  {
    "ID Number": "2936895"
  },
  {
    "ID Number": "2909090"
  },
  {
    "ID Number": "2925133"
  },
  {
    "ID Number": "2935562"
  },
  {
    "ID Number": "2917475"
  },
  {
    "ID Number": "2905990"
  },
  {
    "ID Number": "2903067"
  },
  {
    "ID Number": "2903652"
  },
  {
    "ID Number": "2916010"
  },
  {
    "ID Number": "2916479"
  },
  {
    "ID Number": "2957680"
  },
  {
    "ID Number": "2903385"
  },
  {
    "ID Number": "2933446"
  },
  {
    "ID Number": "2910357"
  },
  {
    "ID Number": "2915030"
  },
  {
    "ID Number": "2933284"
  },
  {
    "ID Number": "2900688"
  },
  {
    "ID Number": "2925494"
  },
  {
    "ID Number": "2926202"
  },
  {
    "ID Number": "2911540"
  },
  {
    "ID Number": "2923343"
  },
  {
    "ID Number": "2911833"
  },
  {
    "ID Number": "2925923"
  },
  {
    "ID Number": "2933454"
  },
  {
    "ID Number": "2935457"
  },
  {
    "ID Number": "2918340"
  },
  {
    "ID Number": "2947153"
  },
  {
    "ID Number": "2908964"
  },
  {
    "ID Number": "2924056"
  },
  {
    "ID Number": "2947714"
  },
  {
    "ID Number": "2955040"
  },
  {
    "ID Number": "2900084"
  },
  {
    "ID Number": "2942259"
  },
  {
    "ID Number": "2910780"
  },
  {
    "ID Number": "2966018"
  },
  {
    "ID Number": "2935171"
  },
  {
    "ID Number": "2906546"
  },
  {
    "ID Number": "2924960"
  },
  {
    "ID Number": "2944120"
  },
  {
    "ID Number": "2900386"
  },
  {
    "ID Number": "2909022"
  },
  {
    "ID Number": "2913887"
  },
  {
    "ID Number": "2916282"
  },
  {
    "ID Number": "2924978"
  },
  {
    "ID Number": "2908581"
  },
  {
    "ID Number": "2908476"
  },
  {
    "ID Number": "2937832"
  },
  {
    "ID Number": "2916606"
  },
  {
    "ID Number": "2938804"
  },
  {
    "ID Number": "2909049"
  },
  {
    "ID Number": "2970317"
  },
  {
    "ID Number": "2905205"
  },
  {
    "ID Number": "2968118"
  },
  {
    "ID Number": "2951975"
  },
  {
    "ID Number": "2911167"
  },
  {
    "ID Number": "2941295"
  },
  {
    "ID Number": "2914867"
  },
  {
    "ID Number": "2939231"
  },
  {
    "ID Number": "2935961"
  },
  {
    "ID Number": "2941082"
  },
  {
    "ID Number": "2936992"
  },
  {
    "ID Number": "2916134"
  },
  {
    "ID Number": "2933772"
  },
  {
    "ID Number": "2914875"
  },
  {
    "ID Number": "2915219"
  },
  {
    "ID Number": "2924811"
  },
  {
    "ID Number": "2929589"
  },
  {
    "ID Number": "2926075"
  },
  {
    "ID Number": "2926083"
  },
  {
    "ID Number": "2937352"
  },
  {
    "ID Number": "2937751"
  },
  {
    "ID Number": "2915480"
  },
  {
    "ID Number": "2953536"
  },
  {
    "ID Number": "2937840"
  },
  {
    "ID Number": "2937360"
  },
  {
    "ID Number": "2944782"
  },
  {
    "ID Number": "2915707"
  },
  {
    "ID Number": "2909855"
  },
  {
    "ID Number": "2914336"
  },
  {
    "ID Number": "2926962"
  },
  {
    "ID Number": "2907283"
  },
  {
    "ID Number": "2936682"
  },
  {
    "ID Number": "2904063"
  },
  {
    "ID Number": "2953870"
  },
  {
    "ID Number": "2917505"
  },
  {
    "ID Number": "2947536"
  },
  {
    "ID Number": "2905094"
  },
  {
    "ID Number": "2909367"
  },
  {
    "ID Number": "2913283"
  },
  {
    "ID Number": "2917157"
  },
  {
    "ID Number": "2932768"
  },
  {
    "ID Number": "2903628"
  },
  {
    "ID Number": "2900912"
  },
  {
    "ID Number": "2925001"
  },
  {
    "ID Number": "2906910"
  },
  {
    "ID Number": "2941953"
  },
  {
    "ID Number": "2905965"
  },
  {
    "ID Number": "2934531"
  },
  {
    "ID Number": "2902060"
  },
  {
    "ID Number": "2923351"
  },
  {
    "ID Number": "2961547"
  },
  {
    "ID Number": "2904250"
  },
  {
    "ID Number": "2910829"
  },
  {
    "ID Number": "2917513"
  },
  {
    "ID Number": "2916800"
  },
  {
    "ID Number": "2902001"
  },
  {
    "ID Number": "2906481"
  },
  {
    "ID Number": "2903210"
  },
  {
    "ID Number": "2907097"
  },
  {
    "ID Number": "2927187"
  },
  {
    "ID Number": "2932474"
  },
  {
    "ID Number": "2900149"
  },
  {
    "ID Number": "2912856"
  },
  {
    "ID Number": "2919648"
  },
  {
    "ID Number": "2927500"
  },
  {
    "ID Number": "2966182"
  },
  {
    "ID Number": "2905680"
  },
  {
    "ID Number": "2913291"
  },
  {
    "ID Number": "2928183"
  },
  {
    "ID Number": "2952289"
  },
  {
    "ID Number": "2907763"
  },
  {
    "ID Number": "2948842"
  },
  {
    "ID Number": "2950430"
  },
  {
    "ID Number": "2907038"
  },
  {
    "ID Number": "2923254"
  },
  {
    "ID Number": "2939401"
  },
  {
    "ID Number": "2951398"
  },
  {
    "ID Number": "2926342"
  },
  {
    "ID Number": "2908743"
  },
  {
    "ID Number": "2900602"
  },
  {
    "ID Number": "2958309"
  },
  {
    "ID Number": "2911191"
  },
  {
    "ID Number": "2908867"
  },
  {
    "ID Number": "2922185"
  },
  {
    "ID Number": "2903431"
  },
  {
    "ID Number": "2934876"
  },
  {
    "ID Number": "2910756"
  },
  {
    "ID Number": "2910110"
  },
  {
    "ID Number": "2929597"
  },
  {
    "ID Number": "2929015"
  },
  {
    "ID Number": "2913313"
  },
  {
    "ID Number": "2925540"
  },
  {
    "ID Number": "2925249"
  },
  {
    "ID Number": "2916940"
  },
  {
    "ID Number": "2916169"
  },
  {
    "ID Number": "2936160"
  },
  {
    "ID Number": "2936917"
  },
  {
    "ID Number": "2924846"
  },
  {
    "ID Number": "2905272"
  },
  {
    "ID Number": "2951606"
  },
  {
    "ID Number": "2918927"
  },
  {
    "ID Number": "2906163"
  },
  {
    "ID Number": "2907445"
  },
  {
    "ID Number": "2933292"
  },
  {
    "ID Number": "2939410"
  },
  {
    "ID Number": "2920395"
  },
  {
    "ID Number": "2936275"
  },
  {
    "ID Number": "2905108"
  },
  {
    "ID Number": "2921618"
  },
  {
    "ID Number": "2932520"
  },
  {
    "ID Number": "2919664"
  },
  {
    "ID Number": "2953781"
  },
  {
    "ID Number": "2944383"
  },
  {
    "ID Number": "2927829"
  },
  {
    "ID Number": "2928205"
  },
  {
    "ID Number": "2928213"
  },
  {
    "ID Number": "2929880"
  },
  {
    "ID Number": "2913623"
  },
  {
    "ID Number": "2934248"
  },
  {
    "ID Number": "2921600"
  },
  {
    "ID Number": "2939207"
  },
  {
    "ID Number": "2956969"
  },
  {
    "ID Number": "2928604"
  },
  {
    "ID Number": "2938820"
  },
  {
    "ID Number": "2904365"
  },
  {
    "ID Number": "2948370"
  },
  {
    "ID Number": "2953790"
  },
  {
    "ID Number": "2902303"
  },
  {
    "ID Number": "2921294"
  },
  {
    "ID Number": "2928868"
  },
  {
    "ID Number": "2961687"
  },
  {
    "ID Number": "2959119"
  }
]