[
  {
    "ID Number": "7606028"
  },
  {
    "ID Number": "7605811"
  },
  {
    "ID Number": "7608993"
  },
  {
    "ID Number": "7604670"
  },
  {
    "ID Number": "7601506"
  },
  {
    "ID Number": "7614640"
  },
  {
    "ID Number": "7605366"
  },
  {
    "ID Number": "7608713"
  },
  {
    "ID Number": "7616112"
  },
  {
    "ID Number": "7602103"
  },
  {
    "ID Number": "7614551"
  },
  {
    "ID Number": "7600909"
  },
  {
    "ID Number": "7604874"
  },
  {
    "ID Number": "7615981"
  },
  {
    "ID Number": "150095391"
  },
  {
    "ID Number": "21506060"
  },
  {
    "ID Number": "7603096"
  },
  {
    "ID Number": "7604734"
  },
  {
    "ID Number": "7604742"
  },
  {
    "ID Number": "7604882"
  },
  {
    "ID Number": "7600119"
  },
  {
    "ID Number": "7605722"
  },
  {
    "ID Number": "7600720"
  },
  {
    "ID Number": "7604610"
  },
  {
    "ID Number": "7606648"
  },
  {
    "ID Number": "7600488"
  },
  {
    "ID Number": "7612249"
  },
  {
    "ID Number": "7612761"
  },
  {
    "ID Number": "7612303"
  },
  {
    "ID Number": "7618743"
  },
  {
    "ID Number": "7612354"
  },
  {
    "ID Number": "7616007"
  },
  {
    "ID Number": "7615990"
  },
  {
    "ID Number": "7600640"
  },
  {
    "ID Number": "7605838"
  },
  {
    "ID Number": "7614152"
  },
  {
    "ID Number": "7611544"
  },
  {
    "ID Number": "7617097"
  },
  {
    "ID Number": "7611277"
  },
  {
    "ID Number": "7601034"
  },
  {
    "ID Number": "7607156"
  },
  {
    "ID Number": "7613830"
  },
  {
    "ID Number": "7614020"
  },
  {
    "ID Number": "7612125"
  },
  {
    "ID Number": "7614586"
  },
  {
    "ID Number": "7613822"
  },
  {
    "ID Number": "7610157"
  },
  {
    "ID Number": "7614489"
  },
  {
    "ID Number": "7600828"
  },
  {
    "ID Number": "7600950"
  },
  {
    "ID Number": "7612818"
  },
  {
    "ID Number": "7614110"
  },
  {
    "ID Number": "7610564"
  },
  {
    "ID Number": "7614071"
  },
  {
    "ID Number": "7612001"
  },
  {
    "ID Number": "7611994"
  },
  {
    "ID Number": "7615760"
  },
  {
    "ID Number": "7618131"
  },
  {
    "ID Number": "7610530"
  },
  {
    "ID Number": "7609841"
  },
  {
    "ID Number": "7615671"
  },
  {
    "ID Number": "7605099"
  },
  {
    "ID Number": "7602448"
  },
  {
    "ID Number": "7609469"
  },
  {
    "ID Number": "7600291"
  },
  {
    "ID Number": "7607075"
  },
  {
    "ID Number": "7603770"
  },
  {
    "ID Number": "7610491"
  },
  {
    "ID Number": "7615752"
  },
  {
    "ID Number": "10302832"
  },
  {
    "ID Number": "7604386"
  },
  {
    "ID Number": "7604394"
  },
  {
    "ID Number": "7616333"
  },
  {
    "ID Number": "7608330"
  },
  {
    "ID Number": "7614306"
  },
  {
    "ID Number": "7612460"
  },
  {
    "ID Number": "7617739"
  },
  {
    "ID Number": "7619278"
  },
  {
    "ID Number": "7613814"
  },
  {
    "ID Number": "7617526"
  },
  {
    "ID Number": "7614284"
  },
  {
    "ID Number": "7608454"
  },
  {
    "ID Number": "7611714"
  },
  {
    "ID Number": "7618085"
  },
  {
    "ID Number": "7619553"
  },
  {
    "ID Number": "7608012"
  },
  {
    "ID Number": "7608004"
  },
  {
    "ID Number": "7609884"
  },
  {
    "ID Number": "7609892"
  },
  {
    "ID Number": "7613920"
  },
  {
    "ID Number": "7606397"
  },
  {
    "ID Number": "7601638"
  },
  {
    "ID Number": "7612206"
  },
  {
    "ID Number": "7612567"
  },
  {
    "ID Number": "7612214"
  },
  {
    "ID Number": "7607920"
  },
  {
    "ID Number": "7618905"
  },
  {
    "ID Number": "7603444"
  },
  {
    "ID Number": "7611730"
  },
  {
    "ID Number": "7605757"
  },
  {
    "ID Number": "7612060"
  },
  {
    "ID Number": "7602235"
  },
  {
    "ID Number": "7607350"
  },
  {
    "ID Number": "7601379"
  },
  {
    "ID Number": "7600402"
  },
  {
    "ID Number": "7614276"
  },
  {
    "ID Number": "7605609"
  },
  {
    "ID Number": "7601719"
  },
  {
    "ID Number": "7614535"
  },
  {
    "ID Number": "7614527"
  },
  {
    "ID Number": "7612885"
  },
  {
    "ID Number": "7604807"
  },
  {
    "ID Number": "7612338"
  },
  {
    "ID Number": "7618867"
  },
  {
    "ID Number": "7606664"
  },
  {
    "ID Number": "7605242"
  },
  {
    "ID Number": "7610220"
  },
  {
    "ID Number": "7619243"
  },
  {
    "ID Number": "7604203"
  },
  {
    "ID Number": "7605382"
  },
  {
    "ID Number": "7602243"
  },
  {
    "ID Number": "7601590"
  },
  {
    "ID Number": "7610149"
  },
  {
    "ID Number": "7601603"
  },
  {
    "ID Number": "7602260"
  },
  {
    "ID Number": "7619260"
  },
  {
    "ID Number": "7600569"
  },
  {
    "ID Number": "7611633"
  },
  {
    "ID Number": "7600305"
  },
  {
    "ID Number": "7614500"
  },
  {
    "ID Number": "7611617"
  },
  {
    "ID Number": "7614063"
  },
  {
    "ID Number": "7607482"
  },
  {
    "ID Number": "7610408"
  },
  {
    "ID Number": "7610076"
  },
  {
    "ID Number": "7601948"
  },
  {
    "ID Number": "7615965"
  },
  {
    "ID Number": "7616945"
  },
  {
    "ID Number": "7618921"
  },
  {
    "ID Number": "7600496"
  },
  {
    "ID Number": "7609779"
  },
  {
    "ID Number": "7612133"
  },
  {
    "ID Number": "7601751"
  },
  {
    "ID Number": "7608152"
  },
  {
    "ID Number": "7607946"
  },
  {
    "ID Number": "7614730"
  },
  {
    "ID Number": "7601875"
  },
  {
    "ID Number": "7600534"
  },
  {
    "ID Number": "7614543"
  },
  {
    "ID Number": "7607407"
  },
  {
    "ID Number": "7615744"
  },
  {
    "ID Number": "7606958"
  },
  {
    "ID Number": "7611625"
  },
  {
    "ID Number": "7610270"
  },
  {
    "ID Number": "7602049"
  },
  {
    "ID Number": "7604319"
  },
  {
    "ID Number": "7604645"
  },
  {
    "ID Number": "7619596"
  },
  {
    "ID Number": "7604491"
  },
  {
    "ID Number": "7615787"
  },
  {
    "ID Number": "7603991"
  },
  {
    "ID Number": "7608667"
  },
  {
    "ID Number": "7604939"
  },
  {
    "ID Number": "7609876"
  },
  {
    "ID Number": "7611846"
  },
  {
    "ID Number": "7611862"
  },
  {
    "ID Number": "7601611"
  },
  {
    "ID Number": "7609612"
  },
  {
    "ID Number": "7616252"
  },
  {
    "ID Number": "7612168"
  },
  {
    "ID Number": "7600410"
  },
  {
    "ID Number": "7616902"
  },
  {
    "ID Number": "7600429"
  },
  {
    "ID Number": "7614268"
  },
  {
    "ID Number": "7600321"
  },
  {
    "ID Number": "7606265"
  },
  {
    "ID Number": "7603452"
  },
  {
    "ID Number": "7603460"
  },
  {
    "ID Number": "7607687"
  },
  {
    "ID Number": "7606745"
  },
  {
    "ID Number": "7600771"
  },
  {
    "ID Number": "7609558"
  },
  {
    "ID Number": "7614632"
  },
  {
    "ID Number": "7605307"
  },
  {
    "ID Number": "7600267"
  },
  {
    "ID Number": "7603592"
  },
  {
    "ID Number": "7611749"
  },
  {
    "ID Number": "7610165"
  },
  {
    "ID Number": "7608632"
  },
  {
    "ID Number": "7605706"
  },
  {
    "ID Number": "7600135"
  },
  {
    "ID Number": "7605030"
  },
  {
    "ID Number": "7611668"
  },
  {
    "ID Number": "7601727"
  },
  {
    "ID Number": "7613768"
  },
  {
    "ID Number": "7608160"
  },
  {
    "ID Number": "7605137"
  },
  {
    "ID Number": "7613806"
  },
  {
    "ID Number": "7603916"
  },
  {
    "ID Number": "7603479"
  },
  {
    "ID Number": "7617089"
  },
  {
    "ID Number": "7610815"
  },
  {
    "ID Number": "7610505"
  },
  {
    "ID Number": "7604351"
  },
  {
    "ID Number": "7603894"
  },
  {
    "ID Number": "7610645"
  },
  {
    "ID Number": "7607385"
  },
  {
    "ID Number": "7610394"
  },
  {
    "ID Number": "7601930"
  },
  {
    "ID Number": "7604661"
  },
  {
    "ID Number": "7609930"
  },
  {
    "ID Number": "7614160"
  },
  {
    "ID Number": "7613652"
  },
  {
    "ID Number": "7601808"
  },
  {
    "ID Number": "7610513"
  },
  {
    "ID Number": "7601891"
  },
  {
    "ID Number": "7608640"
  },
  {
    "ID Number": "7603495"
  },
  {
    "ID Number": "7615469"
  },
  {
    "ID Number": "7606761"
  },
  {
    "ID Number": "7614209"
  },
  {
    "ID Number": "7612184"
  },
  {
    "ID Number": "7609647"
  },
  {
    "ID Number": "7605587"
  },
  {
    "ID Number": "7605064"
  },
  {
    "ID Number": "7605102"
  },
  {
    "ID Number": "7613636"
  },
  {
    "ID Number": "7601387"
  },
  {
    "ID Number": "7613903"
  },
  {
    "ID Number": "7602332"
  },
  {
    "ID Number": "7601263"
  },
  {
    "ID Number": "7607903"
  },
  {
    "ID Number": "7612320"
  },
  {
    "ID Number": "7612958"
  },
  {
    "ID Number": "7606010"
  },
  {
    "ID Number": "7609752"
  },
  {
    "ID Number": "7601158"
  },
  {
    "ID Number": "7600844"
  },
  {
    "ID Number": "7607776"
  },
  {
    "ID Number": "7609639"
  },
  {
    "ID Number": "7608420"
  },
  {
    "ID Number": "7608500"
  },
  {
    "ID Number": "7609396"
  },
  {
    "ID Number": "7600674"
  },
  {
    "ID Number": "7610521"
  },
  {
    "ID Number": "7610769"
  },
  {
    "ID Number": "7606435"
  },
  {
    "ID Number": "7605420"
  },
  {
    "ID Number": "7611803"
  },
  {
    "ID Number": "7600372"
  },
  {
    "ID Number": "7615426"
  },
  {
    "ID Number": "7605633"
  },
  {
    "ID Number": "7612699"
  },
  {
    "ID Number": "7611480"
  },
  {
    "ID Number": "7605390"
  },
  {
    "ID Number": "138188909"
  },
  {
    "ID Number": "7612648"
  },
  {
    "ID Number": "7601832"
  },
  {
    "ID Number": "7605269"
  },
  {
    "ID Number": "7603800"
  },
  {
    "ID Number": "7607784"
  },
  {
    "ID Number": "7602391"
  },
  {
    "ID Number": "7604165"
  },
  {
    "ID Number": "7606893"
  },
  {
    "ID Number": "7610289"
  },
  {
    "ID Number": "7603126"
  },
  {
    "ID Number": "7609787"
  },
  {
    "ID Number": "7601247"
  },
  {
    "ID Number": "7607890"
  },
  {
    "ID Number": "7600801"
  },
  {
    "ID Number": "146242580"
  },
  {
    "ID Number": "7608659"
  },
  {
    "ID Number": "7615507"
  },
  {
    "ID Number": "7603509"
  },
  {
    "ID Number": "7605501"
  },
  {
    "ID Number": "7610483"
  },
  {
    "ID Number": "7602456"
  },
  {
    "ID Number": "7605714"
  },
  {
    "ID Number": "7615051"
  },
  {
    "ID Number": "7601182"
  },
  {
    "ID Number": "7603517"
  },
  {
    "ID Number": "7605218"
  },
  {
    "ID Number": "7606168"
  },
  {
    "ID Number": "7610580"
  },
  {
    "ID Number": "7615850"
  },
  {
    "ID Number": "7612222"
  },
  {
    "ID Number": "7615809"
  },
  {
    "ID Number": "7613881"
  },
  {
    "ID Number": "7609540"
  },
  {
    "ID Number": "7601190"
  },
  {
    "ID Number": "7612893"
  },
  {
    "ID Number": "7601697"
  },
  {
    "ID Number": "7609833"
  },
  {
    "ID Number": "7602421"
  },
  {
    "ID Number": "7604530"
  },
  {
    "ID Number": "7619375"
  },
  {
    "ID Number": "7614705"
  },
  {
    "ID Number": "7603819"
  },
  {
    "ID Number": "7611684"
  },
  {
    "ID Number": "7609655"
  },
  {
    "ID Number": "7609817"
  },
  {
    "ID Number": "7603312"
  },
  {
    "ID Number": "7613792"
  },
  {
    "ID Number": "7606869"
  },
  {
    "ID Number": "7608357"
  },
  {
    "ID Number": "7610742"
  },
  {
    "ID Number": "7605188"
  },
  {
    "ID Number": "7607016"
  },
  {
    "ID Number": "7605072"
  },
  {
    "ID Number": "7614454"
  },
  {
    "ID Number": "7612591"
  },
  {
    "ID Number": "7603266"
  },
  {
    "ID Number": "7600780"
  },
  {
    "ID Number": "7602065"
  },
  {
    "ID Number": "7612494"
  },
  {
    "ID Number": "7607369"
  },
  {
    "ID Number": "7608519"
  },
  {
    "ID Number": "7609663"
  },
  {
    "ID Number": "7608535"
  },
  {
    "ID Number": "7604270"
  },
  {
    "ID Number": "7611552"
  },
  {
    "ID Number": "7615230"
  },
  {
    "ID Number": "7605749"
  }
]