[
  {
    "ID Number": "11500174"
  },
  {
    "ID Number": "11513284"
  },
  {
    "ID Number": "11500719"
  },
  {
    "ID Number": "11501430"
  },
  {
    "ID Number": "11520116"
  },
  {
    "ID Number": "11500204"
  },
  {
    "ID Number": "11505699"
  },
  {
    "ID Number": "11513780"
  },
  {
    "ID Number": "11504366"
  },
  {
    "ID Number": "11504889"
  },
  {
    "ID Number": "11523220"
  },
  {
    "ID Number": "11504374"
  },
  {
    "ID Number": "11513152"
  },
  {
    "ID Number": "11512369"
  },
  {
    "ID Number": "11512687"
  },
  {
    "ID Number": "11517948"
  },
  {
    "ID Number": "11505753"
  },
  {
    "ID Number": "11516607"
  },
  {
    "ID Number": "11503750"
  },
  {
    "ID Number": "11500590"
  },
  {
    "ID Number": "11516755"
  },
  {
    "ID Number": "11522488"
  },
  {
    "ID Number": "11500050"
  },
  {
    "ID Number": "11518936"
  },
  {
    "ID Number": "11504382"
  },
  {
    "ID Number": "11510889"
  },
  {
    "ID Number": "11503327"
  },
  {
    "ID Number": "11520493"
  },
  {
    "ID Number": "11504072"
  },
  {
    "ID Number": "11515210"
  },
  {
    "ID Number": "11513020"
  },
  {
    "ID Number": "11520680"
  },
  {
    "ID Number": "11502967"
  },
  {
    "ID Number": "11523123"
  },
  {
    "ID Number": "11521090"
  },
  {
    "ID Number": "11512466"
  },
  {
    "ID Number": "11500034"
  },
  {
    "ID Number": "11516593"
  },
  {
    "ID Number": "11501740"
  },
  {
    "ID Number": "11511745"
  },
  {
    "ID Number": "11503718"
  },
  {
    "ID Number": "11507403"
  },
  {
    "ID Number": "11501600"
  },
  {
    "ID Number": "11509376"
  },
  {
    "ID Number": "11506032"
  },
  {
    "ID Number": "11511281"
  },
  {
    "ID Number": "11504048"
  },
  {
    "ID Number": "11501022"
  },
  {
    "ID Number": "11522089"
  },
  {
    "ID Number": "11508302"
  },
  {
    "ID Number": "11502037"
  },
  {
    "ID Number": "11500646"
  },
  {
    "ID Number": "11504803"
  },
  {
    "ID Number": "11500379"
  },
  {
    "ID Number": "11501243"
  },
  {
    "ID Number": "11516399"
  },
  {
    "ID Number": "11501219"
  },
  {
    "ID Number": "11520124"
  },
  {
    "ID Number": "11514264"
  },
  {
    "ID Number": "11514272"
  },
  {
    "ID Number": "11500247"
  },
  {
    "ID Number": "11513381"
  },
  {
    "ID Number": "11500522"
  },
  {
    "ID Number": "11501669"
  },
  {
    "ID Number": "11511532"
  },
  {
    "ID Number": "11517832"
  },
  {
    "ID Number": "11501863"
  },
  {
    "ID Number": "11505850"
  },
  {
    "ID Number": "11515511"
  },
  {
    "ID Number": "11518405"
  },
  {
    "ID Number": "11506784"
  },
  {
    "ID Number": "11521139"
  },
  {
    "ID Number": "11519274"
  },
  {
    "ID Number": "11505559"
  },
  {
    "ID Number": "11512784"
  },
  {
    "ID Number": "11512610"
  },
  {
    "ID Number": "11512873"
  },
  {
    "ID Number": "11512539"
  },
  {
    "ID Number": "11503319"
  },
  {
    "ID Number": "11503742"
  },
  {
    "ID Number": "11506903"
  },
  {
    "ID Number": "11513160"
  },
  {
    "ID Number": "11501731"
  },
  {
    "ID Number": "11504579"
  },
  {
    "ID Number": "11520213"
  },
  {
    "ID Number": "11524502"
  },
  {
    "ID Number": "11504390"
  },
  {
    "ID Number": "11501227"
  },
  {
    "ID Number": "11517484"
  },
  {
    "ID Number": "11517492"
  },
  {
    "ID Number": "11500077"
  },
  {
    "ID Number": "11511923"
  },
  {
    "ID Number": "11503467"
  },
  {
    "ID Number": "11519479"
  },
  {
    "ID Number": "11505010"
  },
  {
    "ID Number": "11512482"
  },
  {
    "ID Number": "11504080"
  },
  {
    "ID Number": "11510579"
  },
  {
    "ID Number": "11524383"
  },
  {
    "ID Number": "11514302"
  },
  {
    "ID Number": "11503130"
  },
  {
    "ID Number": "11513764"
  },
  {
    "ID Number": "11516798"
  },
  {
    "ID Number": "11520949"
  },
  {
    "ID Number": "11508566"
  },
  {
    "ID Number": "11503165"
  },
  {
    "ID Number": "11511320"
  },
  {
    "ID Number": "11500115"
  },
  {
    "ID Number": "11513047"
  },
  {
    "ID Number": "11523069"
  },
  {
    "ID Number": "11512032"
  },
  {
    "ID Number": "11524510"
  },
  {
    "ID Number": "11502452"
  },
  {
    "ID Number": "11514493"
  },
  {
    "ID Number": "7600542"
  },
  {
    "ID Number": "11501693"
  },
  {
    "ID Number": "11503157"
  },
  {
    "ID Number": "11502991"
  },
  {
    "ID Number": "11513829"
  },
  {
    "ID Number": "11507225"
  },
  {
    "ID Number": "11520108"
  },
  {
    "ID Number": "11520256"
  },
  {
    "ID Number": "11500611"
  },
  {
    "ID Number": "11522607"
  },
  {
    "ID Number": "11507152"
  },
  {
    "ID Number": "11501545"
  },
  {
    "ID Number": "11518570"
  },
  {
    "ID Number": "11502207"
  },
  {
    "ID Number": "11504110"
  },
  {
    "ID Number": "11503114"
  },
  {
    "ID Number": "11511761"
  },
  {
    "ID Number": "11502843"
  },
  {
    "ID Number": "11503106"
  },
  {
    "ID Number": "11501073"
  },
  {
    "ID Number": "11515961"
  },
  {
    "ID Number": "11506288"
  },
  {
    "ID Number": "11524324"
  },
  {
    "ID Number": "11517050"
  },
  {
    "ID Number": "11517042"
  },
  {
    "ID Number": "11507187"
  },
  {
    "ID Number": "11520787"
  },
  {
    "ID Number": "11512407"
  },
  {
    "ID Number": "11520884"
  },
  {
    "ID Number": "11518260"
  },
  {
    "ID Number": "11503688"
  },
  {
    "ID Number": "11502924"
  },
  {
    "ID Number": "11506636"
  },
  {
    "ID Number": "11502100"
  },
  {
    "ID Number": "11507454"
  },
  {
    "ID Number": "11513969"
  },
  {
    "ID Number": "11503777"
  },
  {
    "ID Number": "11503424"
  },
  {
    "ID Number": "11500182"
  },
  {
    "ID Number": "11502177"
  },
  {
    "ID Number": "11504315"
  },
  {
    "ID Number": "11506393"
  },
  {
    "ID Number": "11500190"
  },
  {
    "ID Number": "11514000"
  },
  {
    "ID Number": "11522534"
  },
  {
    "ID Number": "11520205"
  },
  {
    "ID Number": "11505435"
  },
  {
    "ID Number": "11523468"
  },
  {
    "ID Number": "11501405"
  },
  {
    "ID Number": "11501391"
  },
  {
    "ID Number": "11523000"
  },
  {
    "ID Number": "11511494"
  },
  {
    "ID Number": "11502975"
  },
  {
    "ID Number": "11504137"
  },
  {
    "ID Number": "11500700"
  },
  {
    "ID Number": "11522364"
  },
  {
    "ID Number": "11501880"
  },
  {
    "ID Number": "11501502"
  },
  {
    "ID Number": "11501723"
  },
  {
    "ID Number": "11501642"
  },
  {
    "ID Number": "11510412"
  },
  {
    "ID Number": "11517778"
  },
  {
    "ID Number": "11507780"
  },
  {
    "ID Number": "11501847"
  },
  {
    "ID Number": "11521112"
  },
  {
    "ID Number": "11523085"
  },
  {
    "ID Number": "11500832"
  },
  {
    "ID Number": "11504463"
  },
  {
    "ID Number": "11511370"
  },
  {
    "ID Number": "11502134"
  },
  {
    "ID Number": "11501766"
  },
  {
    "ID Number": "11507217"
  },
  {
    "ID Number": "11507462"
  },
  {
    "ID Number": "11514450"
  },
  {
    "ID Number": "11506792"
  },
  {
    "ID Number": "11507497"
  },
  {
    "ID Number": "11503149"
  },
  {
    "ID Number": "11524529"
  },
  {
    "ID Number": "11502592"
  },
  {
    "ID Number": "11503440"
  },
  {
    "ID Number": "11502983"
  },
  {
    "ID Number": "11518855"
  },
  {
    "ID Number": "11505400"
  },
  {
    "ID Number": "11507381"
  },
  {
    "ID Number": "11519428"
  },
  {
    "ID Number": "11504277"
  },
  {
    "ID Number": "11504145"
  },
  {
    "ID Number": "11506547"
  },
  {
    "ID Number": "11524812"
  },
  {
    "ID Number": "11500310"
  },
  {
    "ID Number": "11502754"
  },
  {
    "ID Number": "11504161"
  },
  {
    "ID Number": "11510773"
  },
  {
    "ID Number": "11506741"
  },
  {
    "ID Number": "11500743"
  },
  {
    "ID Number": "11500751"
  },
  {
    "ID Number": "11506733"
  },
  {
    "ID Number": "11518413"
  },
  {
    "ID Number": "11503033"
  },
  {
    "ID Number": "11519282"
  },
  {
    "ID Number": "11506229"
  },
  {
    "ID Number": "11517379"
  },
  {
    "ID Number": "11503599"
  },
  {
    "ID Number": "11521740"
  },
  {
    "ID Number": "11521058"
  },
  {
    "ID Number": "11524243"
  },
  {
    "ID Number": "11504285"
  },
  {
    "ID Number": "11501413"
  },
  {
    "ID Number": "11503335"
  },
  {
    "ID Number": "11519177"
  },
  {
    "ID Number": "11500867"
  },
  {
    "ID Number": "11501626"
  },
  {
    "ID Number": "11525088"
  },
  {
    "ID Number": "11504480"
  },
  {
    "ID Number": "11511400"
  },
  {
    "ID Number": "11513810"
  },
  {
    "ID Number": "11503394"
  },
  {
    "ID Number": "11512199"
  },
  {
    "ID Number": "11507284"
  },
  {
    "ID Number": "11511591"
  },
  {
    "ID Number": "11504170"
  },
  {
    "ID Number": "7608756"
  },
  {
    "ID Number": "11506245"
  },
  {
    "ID Number": "11511982"
  },
  {
    "ID Number": "11510420"
  },
  {
    "ID Number": "11523140"
  },
  {
    "ID Number": "11512024"
  },
  {
    "ID Number": "11506539"
  },
  {
    "ID Number": "11517344"
  },
  {
    "ID Number": "11506083"
  },
  {
    "ID Number": "11500280"
  },
  {
    "ID Number": "3400085"
  },
  {
    "ID Number": "11503017"
  },
  {
    "ID Number": "5300908"
  },
  {
    "ID Number": "11502118"
  },
  {
    "ID Number": "11511583"
  },
  {
    "ID Number": "11513853"
  },
  {
    "ID Number": "11507098"
  },
  {
    "ID Number": "11501855"
  },
  {
    "ID Number": "11508442"
  },
  {
    "ID Number": "11501553"
  },
  {
    "ID Number": "11501570"
  },
  {
    "ID Number": "11508612"
  },
  {
    "ID Number": "11505494"
  },
  {
    "ID Number": "11503092"
  },
  {
    "ID Number": "11506199"
  },
  {
    "ID Number": "11500042"
  },
  {
    "ID Number": "11504773"
  },
  {
    "ID Number": "11500212"
  },
  {
    "ID Number": "11502673"
  },
  {
    "ID Number": "11501979"
  },
  {
    "ID Number": "11501634"
  },
  {
    "ID Number": "11502894"
  },
  {
    "ID Number": "11503564"
  },
  {
    "ID Number": "11503343"
  },
  {
    "ID Number": "11502126"
  },
  {
    "ID Number": "11506849"
  },
  {
    "ID Number": "11513004"
  },
  {
    "ID Number": "11514396"
  },
  {
    "ID Number": "11517891"
  },
  {
    "ID Number": "11517905"
  },
  {
    "ID Number": "11507748"
  },
  {
    "ID Number": "11502339"
  },
  {
    "ID Number": "11516208"
  },
  {
    "ID Number": "11518740"
  },
  {
    "ID Number": "11524839"
  },
  {
    "ID Number": "11507330"
  },
  {
    "ID Number": "11508639"
  },
  {
    "ID Number": "11500220"
  },
  {
    "ID Number": "11505710"
  },
  {
    "ID Number": "11506180"
  },
  {
    "ID Number": "11503734"
  },
  {
    "ID Number": "11521830"
  },
  {
    "ID Number": "11520655"
  },
  {
    "ID Number": "11502193"
  },
  {
    "ID Number": "11505729"
  },
  {
    "ID Number": "11501677"
  },
  {
    "ID Number": "11513080"
  },
  {
    "ID Number": "11507446"
  },
  {
    "ID Number": "11502860"
  },
  {
    "ID Number": "11518383"
  },
  {
    "ID Number": "11512580"
  },
  {
    "ID Number": "11507012"
  },
  {
    "ID Number": "11507020"
  },
  {
    "ID Number": "11518294"
  },
  {
    "ID Number": "11502762"
  },
  {
    "ID Number": "11518693"
  },
  {
    "ID Number": "11508663"
  },
  {
    "ID Number": "11503580"
  },
  {
    "ID Number": "11513012"
  },
  {
    "ID Number": "11500620"
  },
  {
    "ID Number": "11502509"
  },
  {
    "ID Number": "11502770"
  },
  {
    "ID Number": "11502550"
  },
  {
    "ID Number": "11513098"
  },
  {
    "ID Number": "11513110"
  },
  {
    "ID Number": "11513101"
  },
  {
    "ID Number": "11501715"
  },
  {
    "ID Number": "11502088"
  },
  {
    "ID Number": "11500158"
  },
  {
    "ID Number": "11514795"
  },
  {
    "ID Number": "11503890"
  },
  {
    "ID Number": "11501871"
  },
  {
    "ID Number": "11518642"
  },
  {
    "ID Number": "11504323"
  },
  {
    "ID Number": "11524928"
  },
  {
    "ID Number": "11505109"
  },
  {
    "ID Number": "11511443"
  },
  {
    "ID Number": "11511419"
  },
  {
    "ID Number": "11514949"
  },
  {
    "ID Number": "11524286"
  },
  {
    "ID Number": "11500239"
  },
  {
    "ID Number": "11500328"
  },
  {
    "ID Number": "11500166"
  },
  {
    "ID Number": "5300894"
  },
  {
    "ID Number": "11501790"
  },
  {
    "ID Number": "11504188"
  },
  {
    "ID Number": "11520507"
  },
  {
    "ID Number": "11502231"
  },
  {
    "ID Number": "11511842"
  },
  {
    "ID Number": "11524855"
  },
  {
    "ID Number": "11504196"
  },
  {
    "ID Number": "11507578"
  },
  {
    "ID Number": "11500085"
  },
  {
    "ID Number": "11518600"
  },
  {
    "ID Number": "11507675"
  },
  {
    "ID Number": "11504200"
  },
  {
    "ID Number": "11504340"
  },
  {
    "ID Number": "11505869"
  },
  {
    "ID Number": "11503416"
  },
  {
    "ID Number": "11511729"
  },
  {
    "ID Number": "11523026"
  },
  {
    "ID Number": "11505567"
  },
  {
    "ID Number": "11511257"
  },
  {
    "ID Number": "11503459"
  },
  {
    "ID Number": "11512474"
  },
  {
    "ID Number": "11502371"
  },
  {
    "ID Number": "11502436"
  },
  {
    "ID Number": "11503629"
  },
  {
    "ID Number": "11503572"
  },
  {
    "ID Number": "11502290"
  },
  {
    "ID Number": "11511397"
  },
  {
    "ID Number": "11501448"
  },
  {
    "ID Number": "11503556"
  },
  {
    "ID Number": "11501812"
  },
  {
    "ID Number": "11522569"
  },
  {
    "ID Number": "11500336"
  },
  {
    "ID Number": "11500786"
  },
  {
    "ID Number": "11505540"
  },
  {
    "ID Number": "11505877"
  },
  {
    "ID Number": "11500093"
  },
  {
    "ID Number": "11203633"
  },
  {
    "ID Number": "11502150"
  },
  {
    "ID Number": "11500301"
  },
  {
    "ID Number": "11504862"
  },
  {
    "ID Number": "11514957"
  },
  {
    "ID Number": "11511486"
  },
  {
    "ID Number": "11522623"
  },
  {
    "ID Number": "11511699"
  },
  {
    "ID Number": "11512865"
  },
  {
    "ID Number": "11500255"
  },
  {
    "ID Number": "11512334"
  },
  {
    "ID Number": "11512040"
  },
  {
    "ID Number": "11505095"
  },
  {
    "ID Number": "11504986"
  },
  {
    "ID Number": "11504951"
  },
  {
    "ID Number": "11504960"
  },
  {
    "ID Number": "11502169"
  },
  {
    "ID Number": "11502835"
  },
  {
    "ID Number": "11500131"
  },
  {
    "ID Number": "11502398"
  },
  {
    "ID Number": "11502711"
  },
  {
    "ID Number": "11504358"
  },
  {
    "ID Number": "11506458"
  },
  {
    "ID Number": "11502185"
  },
  {
    "ID Number": "11508698"
  },
  {
    "ID Number": "11505931"
  },
  {
    "ID Number": "11500026"
  },
  {
    "ID Number": "11522259"
  },
  {
    "ID Number": "11507683"
  },
  {
    "ID Number": "11522984"
  },
  {
    "ID Number": "11516372"
  },
  {
    "ID Number": "11511834"
  }
]