[
  {
    "ID Number": "16600258",
    "Name": "Acuyan, Edwin",
    "Fed": "PLW",
    "Sex": "M",
    "Title": "",
    "WTit": "",
    "OTit": "",
    "Rating": "1688",
    "Gms": "0",
    "K": "40",
    "RatingMonth": "SEP25",
    "B-day": "1971",
    "Flag": "i"
  },
  {
    "ID Number": "16601815",
    "Name": "Aguaras, Jello",
    "Fed": "PLW",
    "Sex": "M",
    "Title": "",
    "WTit": "",
    "OTit": "",
    "Rating": "1637",
    "Gms": "0",
    "K": "40",
    "RatingMonth": "SEP25",
    "B-day": "1978",
    "Flag": ""
  },
  {
    "ID Number": "16601319",
    "Name": "Alcid, Allan",
    "Fed": "PLW",
    "Sex": "M",
    "Title": "",
    "WTit": "",
    "OTit": "",
    "Rating": "1875",
    "Gms": "0",
    "K": "40",
    "RatingMonth": "SEP25",
    "B-day": "1964",
    "Flag": "i"
  },
  {
    "ID Number": "16601556",
    "Name": "Angeles, Jennifer",
    "Fed": "PLW",
    "Sex": "F",
    "Title": "",
    "WTit": "",
    "OTit": "",
    "Rating": "1512",
    "Gms": "0",
    "K": "40",
    "RatingMonth": "SEP25",
    "B-day": "1982",
    "Flag": "wi"
  },
  {
    "ID Number": "16600274",
    "Name": "Anzawa, George",
    "Fed": "PLW",
    "Sex": "M",
    "Title": "",
    "WTit": "",
    "OTit": "",
    "Rating": "1626",
    "Gms": "0",
    "K": "40",
    "RatingMonth": "SEP25",
    "B-day": "2000",
    "Flag": "i"
  },
  {
    "ID Number": "16602820",
    "Name": "Arquillo, Manuel",
    "Fed": "PLW",
    "Sex": "M",
    "Title": "",
    "WTit": "",
    "OTit": "",
    "Rating": "1594",
    "Gms": "5",
    "K": "40",
    "RatingMonth": "SEP25",
    "B-day": "1995",
    "Flag": ""
  },
  {
    "ID Number": "16600240",
    "Name": "Balbalosa, Jeffrey",
    "Fed": "PLW",
    "Sex": "M",
    "Title": "",
    "WTit": "",
    "OTit": "",
    "Rating": "AFM",
    "Gms": "1833",
    "K": "5",
    "RatingMonth": "SEP25",
    "B-day": "1979",
    "Flag": ""
  },
  {
    "ID Number": "16601190",
    "Name": "Balute, Joey Jaime",
    "Fed": "PLW",
    "Sex": "M",
    "Title": "",
    "WTit": "",
    "OTit": "",
    "Rating": "1486",
    "Gms": "0",
    "K": "40",
    "RatingMonth": "SEP25",
    "B-day": "1972",
    "Flag": "i"
  },
  {
    "ID Number": "16601548",
    "Name": "Barrameda, Wilson",
    "Fed": "PLW",
    "Sex": "M",
    "Title": "",
    "WTit": "",
    "OTit": "",
    "Rating": "1642",
    "Gms": "0",
    "K": "40",
    "RatingMonth": "SEP25",
    "B-day": "1976",
    "Flag": "i"
  },
  {
    "ID Number": "16602021",
    "Name": "Benito, Ehmjie",
    "Fed": "PLW",
    "Sex": "F",
    "Title": "",
    "WTit": "",
    "OTit": "",
    "Rating": "1472",
    "Gms": "0",
    "K": "40",
    "RatingMonth": "SEP25",
    "B-day": "1977",
    "Flag": "wi"
  },
  {
    "ID Number": "16600070",
    "Name": "Caballes, Romeo",
    "Fed": "PLW",
    "Sex": "M",
    "Title": "",
    "WTit": "",
    "OTit": "",
    "Rating": "1777",
    "Gms": "0",
    "K": "40",
    "RatingMonth": "SEP25",
    "B-day": "1970",
    "Flag": "i"
  },
  {
    "ID Number": "16600487",
    "Name": "Cabunagan, Lilibeth",
    "Fed": "PLW",
    "Sex": "F",
    "Title": "",
    "WTit": "",
    "OTit": "",
    "Rating": "1510",
    "Gms": "0",
    "K": "40",
    "RatingMonth": "SEP25",
    "B-day": "1958",
    "Flag": "wi"
  },
  {
    "ID Number": "16600169",
    "Name": "Cabunagan, Tito",
    "Fed": "PLW",
    "Sex": "M",
    "Title": "CM",
    "WTit": "",
    "OTit": "",
    "Rating": "1787",
    "Gms": "3",
    "K": "20",
    "RatingMonth": "SEP25",
    "B-day": "1959",
    "Flag": ""
  },
  {
    "ID Number": "16600614",
    "Name": "Cabuso, Rustum",
    "Fed": "PLW",
    "Sex": "M",
    "Title": "",
    "WTit": "",
    "OTit": "",
    "Rating": "1805",
    "Gms": "0",
    "K": "20",
    "RatingMonth": "SEP25",
    "B-day": "1984",
    "Flag": "i"
  },
  {
    "ID Number": "16600282",
    "Name": "Celiz, Jose",
    "Fed": "PLW",
    "Sex": "M",
    "Title": "",
    "WTit": "",
    "OTit": "",
    "Rating": "1902",
    "Gms": "0",
    "K": "20",
    "RatingMonth": "SEP25",
    "B-day": "1973",
    "Flag": "i"
  },
  {
    "ID Number": "16600746",
    "Name": "Celiz, Kate",
    "Fed": "PLW",
    "Sex": "F",
    "Title": "",
    "WTit": "",
    "OTit": "",
    "Rating": "1463",
    "Gms": "0",
    "K": "40",
    "RatingMonth": "SEP25",
    "B-day": "2005",
    "Flag": "wi"
  },
  {
    "ID Number": "16601718",
    "Name": "Claronino, Gian Gabriel",
    "Fed": "PLW",
    "Sex": "M",
    "Title": "",
    "WTit": "",
    "OTit": "",
    "Rating": "1574",
    "Gms": "0",
    "K": "40",
    "RatingMonth": "SEP25",
    "B-day": "2006",
    "Flag": "i"
  },
  {
    "ID Number": "16600878",
    "Name": "Dambo, Berni",
    "Fed": "PLW",
    "Sex": "M",
    "Title": "",
    "WTit": "",
    "OTit": "",
    "Rating": "1462",
    "Gms": "0",
    "K": "40",
    "RatingMonth": "SEP25",
    "B-day": "1982",
    "Flag": "i"
  },
  {
    "ID Number": "16600339",
    "Name": "De Jesus, Nilo",
    "Fed": "PLW",
    "Sex": "M",
    "Title": "",
    "WTit": "",
    "OTit": "",
    "Rating": "1727",
    "Gms": "0",
    "K": "20",
    "RatingMonth": "SEP25",
    "B-day": "1962",
    "Flag": "i"
  },
  {
    "ID Number": "16600347",
    "Name": "Dela Cruz, Jaime",
    "Fed": "PLW",
    "Sex": "M",
    "Title": "",
    "WTit": "",
    "OTit": "",
    "Rating": "1660",
    "Gms": "0",
    "K": "20",
    "RatingMonth": "SEP25",
    "B-day": "1975",
    "Flag": "i"
  },
  {
    "ID Number": "16600088",
    "Name": "Dittrich, Craig",
    "Fed": "PLW",
    "Sex": "M",
    "Title": "",
    "WTit": "",
    "OTit": "",
    "Rating": "1741",
    "Gms": "0",
    "K": "40",
    "RatingMonth": "SEP25",
    "B-day": "1956",
    "Flag": "i"
  },
  {
    "ID Number": "16600568",
    "Name": "Dizon, Remrel",
    "Fed": "PLW",
    "Sex": "M",
    "Title": "",
    "WTit": "",
    "OTit": "",
    "Rating": "1662",
    "Gms": "0",
    "K": "40",
    "RatingMonth": "SEP25",
    "B-day": "1980",
    "Flag": "i"
  },
  {
    "ID Number": "16600177",
    "Name": "Escapatoria, Gonzalo",
    "Fed": "PLW",
    "Sex": "M",
    "Title": "",
    "WTit": "",
    "OTit": "",
    "Rating": "1737",
    "Gms": "2",
    "K": "20",
    "RatingMonth": "SEP25",
    "B-day": "1967",
    "Flag": ""
  },
  {
    "ID Number": "16600096",
    "Name": "Garcia, Bernardo",
    "Fed": "PLW",
    "Sex": "M",
    "Title": "CM",
    "WTit": "",
    "OTit": "",
    "Rating": "1831",
    "Gms": "0",
    "K": "20",
    "RatingMonth": "SEP25",
    "B-day": "1976",
    "Flag": "i"
  },
  {
    "ID Number": "16602846",
    "Name": "Gemota, Ivan",
    "Fed": "PLW",
    "Sex": "M",
    "Title": "",
    "WTit": "",
    "OTit": "",
    "Rating": "1766",
    "Gms": "5",
    "K": "40",
    "RatingMonth": "SEP25",
    "B-day": "2011",
    "Flag": ""
  },
  {
    "ID Number": "16601289",
    "Name": "Gemota, Joan",
    "Fed": "PLW",
    "Sex": "F",
    "Title": "",
    "WTit": "",
    "OTit": "",
    "Rating": "1514",
    "Gms": "0",
    "K": "20",
    "RatingMonth": "SEP25",
    "B-day": "1985",
    "Flag": "w"
  },
  {
    "ID Number": "16601483",
    "Name": "Gemota, Joel",
    "Fed": "PLW",
    "Sex": "M",
    "Title": "",
    "WTit": "",
    "OTit": "",
    "Rating": "1638",
    "Gms": "0",
    "K": "40",
    "RatingMonth": "SEP25",
    "B-day": "1990",
    "Flag": "i"
  },
  {
    "ID Number": "16600150",
    "Name": "Gonzales, Dennis",
    "Fed": "PLW",
    "Sex": "M",
    "Title": "",
    "WTit": "",
    "OTit": "",
    "Rating": "1763",
    "Gms": "0",
    "K": "20",
    "RatingMonth": "SEP25",
    "B-day": "1978",
    "Flag": "i"
  },
  {
    "ID Number": "16600193",
    "Name": "Gutierrez, Ferdinand",
    "Fed": "PLW",
    "Sex": "M",
    "Title": "",
    "WTit": "",
    "OTit": "",
    "Rating": "1671",
    "Gms": "0",
    "K": "20",
    "RatingMonth": "SEP25",
    "B-day": "1974",
    "Flag": "i"
  },
  {
    "ID Number": "16600509",
    "Name": "Hernandez, Ma. Florida",
    "Fed": "PLW",
    "Sex": "F",
    "Title": "",
    "WTit": "",
    "OTit": "",
    "Rating": "1618",
    "Gms": "0",
    "K": "40",
    "RatingMonth": "SEP25",
    "B-day": "1962",
    "Flag": "wi"
  },
  {
    "ID Number": "16600010",
    "Name": "Hernandez, Roberto",
    "Fed": "PLW",
    "Sex": "M",
    "Title": "",
    "WTit": "",
    "OTit": "",
    "Rating": "1825",
    "Gms": "0",
    "K": "20",
    "RatingMonth": "SEP25",
    "B-day": "1956",
    "Flag": "i"
  },
  {
    "ID Number": "16600371",
    "Name": "Hilario Jr, Miguel",
    "Fed": "PLW",
    "Sex": "M",
    "Title": "",
    "WTit": "",
    "OTit": "",
    "Rating": "1730",
    "Gms": "0",
    "K": "40",
    "RatingMonth": "SEP25",
    "B-day": "1975",
    "Flag": "i"
  },
  {
    "ID Number": "16600185",
    "Name": "Hossain, Mohammad Manik",
    "Fed": "PLW",
    "Sex": "M",
    "Title": "",
    "WTit": "",
    "OTit": "",
    "Rating": "1674",
    "Gms": "0",
    "K": "20",
    "RatingMonth": "SEP25",
    "B-day": "1981",
    "Flag": "i"
  },
  {
    "ID Number": "16601335",
    "Name": "Inres, Arnolfo",
    "Fed": "PLW",
    "Sex": "M",
    "Title": "",
    "WTit": "",
    "OTit": "",
    "Rating": "1692",
    "Gms": "0",
    "K": "40",
    "RatingMonth": "SEP25",
    "B-day": "1966",
    "Flag": "i"
  },
  {
    "ID Number": "16601149",
    "Name": "Kinto, Chandra",
    "Fed": "PLW",
    "Sex": "F",
    "Title": "",
    "WTit": "",
    "OTit": "",
    "Rating": "1522",
    "Gms": "0",
    "K": "40",
    "RatingMonth": "SEP25",
    "B-day": "1985",
    "Flag": "wi"
  },
  {
    "ID Number": "16601114",
    "Name": "Kitalong, Christopher",
    "Fed": "PLW",
    "Sex": "M",
    "Title": "",
    "WTit": "",
    "OTit": "",
    "Rating": "1662",
    "Gms": "0",
    "K": "40",
    "RatingMonth": "SEP25",
    "B-day": "1980",
    "Flag": "i"
  },
  {
    "ID Number": "16600576",
    "Name": "Labarda, Eugene",
    "Fed": "PLW",
    "Sex": "M",
    "Title": "",
    "WTit": "",
    "OTit": "",
    "Rating": "1750",
    "Gms": "0",
    "K": "40",
    "RatingMonth": "SEP25",
    "B-day": "1967",
    "Flag": "i"
  },
  {
    "ID Number": "16600290",
    "Name": "Lee, Karen",
    "Fed": "PLW",
    "Sex": "F",
    "Title": "",
    "WTit": "",
    "OTit": "",
    "Rating": "1550",
    "Gms": "0",
    "K": "40",
    "RatingMonth": "SEP25",
    "B-day": "1977",
    "Flag": "wi"
  },
  {
    "ID Number": "16600924",
    "Name": "Leuterio, Allan",
    "Fed": "PLW",
    "Sex": "M",
    "Title": "",
    "WTit": "",
    "OTit": "",
    "Rating": "1603",
    "Gms": "0",
    "K": "40",
    "RatingMonth": "SEP25",
    "B-day": "1980",
    "Flag": "i"
  },
  {
    "ID Number": "16600363",
    "Name": "Lopez, Mary Frances",
    "Fed": "PLW",
    "Sex": "F",
    "Title": "",
    "WTit": "",
    "OTit": "",
    "Rating": "1614",
    "Gms": "0",
    "K": "40",
    "RatingMonth": "SEP25",
    "B-day": "1980",
    "Flag": "wi"
  },
  {
    "ID Number": "16601211",
    "Name": "Macasaet, Neph",
    "Fed": "PLW",
    "Sex": "M",
    "Title": "",
    "WTit": "",
    "OTit": "",
    "Rating": "1652",
    "Gms": "5",
    "K": "20",
    "RatingMonth": "SEP25",
    "B-day": "1974",
    "Flag": ""
  },
  {
    "ID Number": "16601181",
    "Name": "Magbanua, Peter Erick",
    "Fed": "PLW",
    "Sex": "M",
    "Title": "",
    "WTit": "",
    "OTit": "",
    "Rating": "1595",
    "Gms": "0",
    "K": "40",
    "RatingMonth": "SEP25",
    "B-day": "1977",
    "Flag": "i"
  },
  {
    "ID Number": "16601505",
    "Name": "Magno, Angelica",
    "Fed": "PLW",
    "Sex": "F",
    "Title": "WCM",
    "WTit": "WCM",
    "OTit": "",
    "Rating": "1516",
    "Gms": "0",
    "K": "20",
    "RatingMonth": "SEP25",
    "B-day": "1994",
    "Flag": "w"
  },
  {
    "ID Number": "16600100",
    "Name": "Mahor Jr, Manuel",
    "Fed": "PLW",
    "Sex": "M",
    "Title": "CM",
    "WTit": "",
    "OTit": "",
    "Rating": "1786",
    "Gms": "5",
    "K": "20",
    "RatingMonth": "SEP25",
    "B-day": "1970",
    "Flag": ""
  },
  {
    "ID Number": "16601475",
    "Name": "Malinao, John",
    "Fed": "PLW",
    "Sex": "M",
    "Title": "",
    "WTit": "",
    "OTit": "",
    "Rating": "1606",
    "Gms": "0",
    "K": "40",
    "RatingMonth": "SEP25",
    "B-day": "1980",
    "Flag": "i"
  },
  {
    "ID Number": "16600118",
    "Name": "Manaligod, Elpidio",
    "Fed": "PLW",
    "Sex": "M",
    "Title": "",
    "WTit": "",
    "OTit": "",
    "Rating": "1674",
    "Gms": "0",
    "K": "20",
    "RatingMonth": "SEP25",
    "B-day": "1973",
    "Flag": "i"
  },
  {
    "ID Number": "16600312",
    "Name": "Manuel, Elizabeth",
    "Fed": "PLW",
    "Sex": "F",
    "Title": "",
    "WTit": "",
    "OTit": "",
    "Rating": "1522",
    "Gms": "0",
    "K": "40",
    "RatingMonth": "SEP25",
    "B-day": "1953",
    "Flag": "wi"
  },
  {
    "ID Number": "16600029",
    "Name": "Manuel, Menandro",
    "Fed": "PLW",
    "Sex": "M",
    "Title": "",
    "WTit": "",
    "OTit": "",
    "Rating": "1908",
    "Gms": "0",
    "K": "20",
    "RatingMonth": "SEP25",
    "B-day": "1951",
    "Flag": "i"
  },
  {
    "ID Number": "16600398",
    "Name": "Martin, Geoff",
    "Fed": "PLW",
    "Sex": "M",
    "Title": "",
    "WTit": "",
    "OTit": "",
    "Rating": "1615",
    "Gms": "0",
    "K": "40",
    "RatingMonth": "SEP25",
    "B-day": "1977",
    "Flag": "i"
  },
  {
    "ID Number": "16602005",
    "Name": "Masudog, Marlon",
    "Fed": "PLW",
    "Sex": "M",
    "Title": "",
    "WTit": "",
    "OTit": "",
    "Rating": "1850",
    "Gms": "0",
    "K": "40",
    "RatingMonth": "SEP25",
    "B-day": "1988",
    "Flag": "i"
  },
  {
    "ID Number": "16600126",
    "Name": "Mercado, Michael",
    "Fed": "PLW",
    "Sex": "M",
    "Title": "",
    "WTit": "",
    "OTit": "",
    "Rating": "1777",
    "Gms": "0",
    "K": "40",
    "RatingMonth": "SEP25",
    "B-day": "1980",
    "Flag": "i"
  },
  {
    "ID Number": "16600479",
    "Name": "Michael, Leizl",
    "Fed": "PLW",
    "Sex": "F",
    "Title": "",
    "WTit": "",
    "OTit": "",
    "Rating": "1482",
    "Gms": "0",
    "K": "40",
    "RatingMonth": "SEP25",
    "B-day": "1984",
    "Flag": "wi"
  },
  {
    "ID Number": "16600860",
    "Name": "Millimono, Francios",
    "Fed": "PLW",
    "Sex": "M",
    "Title": "",
    "WTit": "",
    "OTit": "",
    "Rating": "1401",
    "Gms": "0",
    "K": "40",
    "RatingMonth": "SEP25",
    "B-day": "1986",
    "Flag": "i"
  },
  {
    "ID Number": "16601823",
    "Name": "Mintar Jr, Angelito",
    "Fed": "PLW",
    "Sex": "M",
    "Title": "",
    "WTit": "",
    "OTit": "",
    "Rating": "1734",
    "Gms": "0",
    "K": "40",
    "RatingMonth": "SEP25",
    "B-day": "1967",
    "Flag": "i"
  },
  {
    "ID Number": "16600355",
    "Name": "Mission, Baby Edna",
    "Fed": "PLW",
    "Sex": "F",
    "Title": "",
    "WTit": "",
    "OTit": "",
    "Rating": "1636",
    "Gms": "0",
    "K": "20",
    "RatingMonth": "SEP25",
    "B-day": "1967",
    "Flag": "w"
  },
  {
    "ID Number": "16600673",
    "Name": "Mission, Ronald",
    "Fed": "PLW",
    "Sex": "M",
    "Title": "",
    "WTit": "",
    "OTit": "",
    "Rating": "1471",
    "Gms": "0",
    "K": "40",
    "RatingMonth": "SEP25",
    "B-day": "1997",
    "Flag": "i"
  },
  {
    "ID Number": "16600037",
    "Name": "Montel Jr, Cyril Tomas",
    "Fed": "PLW",
    "Sex": "M",
    "Title": "CM",
    "WTit": "",
    "OTit": "",
    "Rating": "1916",
    "Gms": "5",
    "K": "20",
    "RatingMonth": "SEP25",
    "B-day": "1970",
    "Flag": ""
  },
  {
    "ID Number": "16600517",
    "Name": "Montel, Cyrelle Ann",
    "Fed": "PLW",
    "Sex": "F",
    "Title": "",
    "WTit": "",
    "OTit": "",
    "Rating": "1533",
    "Gms": "0",
    "K": "40",
    "RatingMonth": "SEP25",
    "B-day": "2003",
    "Flag": "wi"
  },
  {
    "ID Number": "16602277",
    "Name": "Morano, Tristan",
    "Fed": "PLW",
    "Sex": "M",
    "Title": "",
    "WTit": "",
    "OTit": "",
    "Rating": "1574",
    "Gms": "0",
    "K": "40",
    "RatingMonth": "SEP25",
    "B-day": "2004",
    "Flag": "i"
  },
  {
    "ID Number": "5203791",
    "Name": "Morazo, John Ranel",
    "Fed": "PLW",
    "Sex": "M",
    "Title": "FM",
    "WTit": "NA",
    "OTit": "",
    "Rating": "2225",
    "Gms": "7",
    "K": "20",
    "RatingMonth": "SEP25",
    "B-day": "1991",
    "Flag": ""
  },
  {
    "ID Number": "16601343",
    "Name": "Moyet, Josef",
    "Fed": "PLW",
    "Sex": "M",
    "Title": "",
    "WTit": "",
    "OTit": "",
    "Rating": "1734",
    "Gms": "0",
    "K": "40",
    "RatingMonth": "SEP25",
    "B-day": "1988",
    "Flag": "i"
  },
  {
    "ID Number": "16600940",
    "Name": "Naruo, Rengeos",
    "Fed": "PLW",
    "Sex": "M",
    "Title": "",
    "WTit": "",
    "OTit": "",
    "Rating": "1495",
    "Gms": "0",
    "K": "40",
    "RatingMonth": "SEP25",
    "B-day": "1977",
    "Flag": "i"
  },
  {
    "ID Number": "16600533",
    "Name": "Navarroza, Glen",
    "Fed": "PLW",
    "Sex": "M",
    "Title": "",
    "WTit": "",
    "OTit": "",
    "Rating": "1661",
    "Gms": "0",
    "K": "20",
    "RatingMonth": "SEP25",
    "B-day": "1978",
    "Flag": "i"
  },
  {
    "ID Number": "16600045",
    "Name": "Nedic, Manny",
    "Fed": "PLW",
    "Sex": "M",
    "Title": "",
    "WTit": "",
    "OTit": "",
    "Rating": "1898",
    "Gms": "0",
    "K": "40",
    "RatingMonth": "SEP25",
    "B-day": "1960",
    "Flag": "i"
  },
  {
    "ID Number": "16600207",
    "Name": "Negrillo, Jeffrey",
    "Fed": "PLW",
    "Sex": "M",
    "Title": "",
    "WTit": "",
    "OTit": "",
    "Rating": "1710",
    "Gms": "0",
    "K": "40",
    "RatingMonth": "SEP25",
    "B-day": "1975",
    "Flag": "i"
  },
  {
    "ID Number": "16600703",
    "Name": "Ngiralmau, Rowena",
    "Fed": "PLW",
    "Sex": "F",
    "Title": "",
    "WTit": "",
    "OTit": "",
    "Rating": "1486",
    "Gms": "0",
    "K": "40",
    "RatingMonth": "SEP25",
    "B-day": "1968",
    "Flag": "wi"
  },
  {
    "ID Number": "16600401",
    "Name": "Ngiratechekii, Paz",
    "Fed": "PLW",
    "Sex": "F",
    "Title": "",
    "WTit": "",
    "OTit": "",
    "Rating": "1524",
    "Gms": "0",
    "K": "20",
    "RatingMonth": "SEP25",
    "B-day": "1946",
    "Flag": "wi"
  },
  {
    "ID Number": "16601238",
    "Name": "Oling, Felix",
    "Fed": "PLW",
    "Sex": "M",
    "Title": "",
    "WTit": "",
    "OTit": "",
    "Rating": "1743",
    "Gms": "0",
    "K": "40",
    "RatingMonth": "SEP25",
    "B-day": "1991",
    "Flag": "i"
  },
  {
    "ID Number": "16602749",
    "Name": "Omamalin, Allan",
    "Fed": "PLW",
    "Sex": "M",
    "Title": "",
    "WTit": "",
    "OTit": "",
    "Rating": "1794",
    "Gms": "5",
    "K": "40",
    "RatingMonth": "SEP25",
    "B-day": "1982",
    "Flag": ""
  },
  {
    "ID Number": "16600053",
    "Name": "Omega, Jose",
    "Fed": "PLW",
    "Sex": "M",
    "Title": "",
    "WTit": "",
    "OTit": "",
    "Rating": "1922",
    "Gms": "0",
    "K": "40",
    "RatingMonth": "SEP25",
    "B-day": "1973",
    "Flag": "i"
  },
  {
    "ID Number": "16600908",
    "Name": "Onyango, Nasser",
    "Fed": "PLW",
    "Sex": "M",
    "Title": "",
    "WTit": "",
    "OTit": "",
    "Rating": "1431",
    "Gms": "0",
    "K": "40",
    "RatingMonth": "SEP25",
    "B-day": "1983",
    "Flag": "i"
  },
  {
    "ID Number": "16600851",
    "Name": "Osorio, Joseph",
    "Fed": "PLW",
    "Sex": "M",
    "Title": "",
    "WTit": "",
    "OTit": "",
    "Rating": "1541",
    "Gms": "0",
    "K": "40",
    "RatingMonth": "SEP25",
    "B-day": "1990",
    "Flag": "i"
  },
  {
    "ID Number": "16600622",
    "Name": "Pabiona, John Joseph",
    "Fed": "PLW",
    "Sex": "M",
    "Title": "",
    "WTit": "",
    "OTit": "",
    "Rating": "1548",
    "Gms": "0",
    "K": "40",
    "RatingMonth": "SEP25",
    "B-day": "1984",
    "Flag": "i"
  },
  {
    "ID Number": "16600649",
    "Name": "Pacenos Jr, Alfredo",
    "Fed": "PLW",
    "Sex": "M",
    "Title": "",
    "WTit": "",
    "OTit": "",
    "Rating": "1728",
    "Gms": "0",
    "K": "40",
    "RatingMonth": "SEP25",
    "B-day": "1978",
    "Flag": "i"
  },
  {
    "ID Number": "16601831",
    "Name": "Palingcod, Samuel",
    "Fed": "PLW",
    "Sex": "M",
    "Title": "",
    "WTit": "",
    "OTit": "",
    "Rating": "1668",
    "Gms": "0",
    "K": "40",
    "RatingMonth": "SEP25",
    "B-day": "1979",
    "Flag": ""
  },
  {
    "ID Number": "16601572",
    "Name": "Paloma, Gian",
    "Fed": "PLW",
    "Sex": "M",
    "Title": "",
    "WTit": "",
    "OTit": "",
    "Rating": "1418",
    "Gms": "0",
    "K": "40",
    "RatingMonth": "SEP25",
    "B-day": "2007",
    "Flag": "i"
  },
  {
    "ID Number": "16600495",
    "Name": "Paloma, Gladys Anne",
    "Fed": "PLW",
    "Sex": "F",
    "Title": "",
    "WTit": "",
    "OTit": "",
    "Rating": "1617",
    "Gms": "0",
    "K": "20",
    "RatingMonth": "SEP25",
    "B-day": "1982",
    "Flag": "wi"
  },
  {
    "ID Number": "16600592",
    "Name": "Paloma, Rafael",
    "Fed": "PLW",
    "Sex": "M",
    "Title": "",
    "WTit": "",
    "OTit": "",
    "Rating": "1737",
    "Gms": "0",
    "K": "20",
    "RatingMonth": "SEP25",
    "B-day": "1974",
    "Flag": "i"
  },
  {
    "ID Number": "16600894",
    "Name": "Parco, Roxanne",
    "Fed": "PLW",
    "Sex": "F",
    "Title": "",
    "WTit": "",
    "OTit": "",
    "Rating": "1521",
    "Gms": "0",
    "K": "20",
    "RatingMonth": "SEP25",
    "B-day": "1992",
    "Flag": "wi"
  },
  {
    "ID Number": "16600215",
    "Name": "Parrado, Angelica",
    "Fed": "PLW",
    "Sex": "F",
    "Title": "WFM",
    "WTit": "WFM",
    "OTit": "",
    "Rating": "1664",
    "Gms": "5",
    "K": "20",
    "RatingMonth": "SEP25",
    "B-day": "1968",
    "Flag": "w"
  },
  {
    "ID Number": "16600665",
    "Name": "Pascual, Remelyn",
    "Fed": "PLW",
    "Sex": "F",
    "Title": "",
    "WTit": "",
    "OTit": "",
    "Rating": "1455",
    "Gms": "0",
    "K": "40",
    "RatingMonth": "SEP25",
    "B-day": "1989",
    "Flag": "wi"
  },
  {
    "ID Number": "16600061",
    "Name": "Pastrana, Eugenio",
    "Fed": "PLW",
    "Sex": "M",
    "Title": "",
    "WTit": "",
    "OTit": "",
    "Rating": "1833",
    "Gms": "0",
    "K": "20",
    "RatingMonth": "SEP25",
    "B-day": "1955",
    "Flag": "i"
  },
  {
    "ID Number": "16600681",
    "Name": "Pastrana, Geaury Ken",
    "Fed": "PLW",
    "Sex": "M",
    "Title": "",
    "WTit": "",
    "OTit": "",
    "Rating": "1487",
    "Gms": "0",
    "K": "40",
    "RatingMonth": "SEP25",
    "B-day": "1997",
    "Flag": "i"
  },
  {
    "ID Number": "16601165",
    "Name": "Patris, Charley",
    "Fed": "PLW",
    "Sex": "M",
    "Title": "",
    "WTit": "",
    "OTit": "",
    "Rating": "1554",
    "Gms": "0",
    "K": "40",
    "RatingMonth": "SEP25",
    "B-day": "1966",
    "Flag": ""
  },
  {
    "ID Number": "16602013",
    "Name": "Penoliar, Jeffrey",
    "Fed": "PLW",
    "Sex": "M",
    "Title": "",
    "WTit": "",
    "OTit": "",
    "Rating": "1643",
    "Gms": "0",
    "K": "40",
    "RatingMonth": "SEP25",
    "B-day": "1985",
    "Flag": "i"
  },
  {
    "ID Number": "16600835",
    "Name": "Perdon, Ojhea Mae Figueroa",
    "Fed": "PLW",
    "Sex": "F",
    "Title": "",
    "WTit": "",
    "OTit": "",
    "Rating": "1533",
    "Gms": "0",
    "K": "20",
    "RatingMonth": "SEP25",
    "B-day": "1984",
    "Flag": "wi"
  },
  {
    "ID Number": "16600711",
    "Name": "Rave, Visitacion",
    "Fed": "PLW",
    "Sex": "F",
    "Title": "",
    "WTit": "",
    "OTit": "",
    "Rating": "1505",
    "Gms": "0",
    "K": "40",
    "RatingMonth": "SEP25",
    "B-day": "1955",
    "Flag": "wi"
  },
  {
    "ID Number": "16601670",
    "Name": "Reklai, Reece",
    "Fed": "PLW",
    "Sex": "M",
    "Title": "",
    "WTit": "",
    "OTit": "",
    "Rating": "1599",
    "Gms": "0",
    "K": "40",
    "RatingMonth": "SEP25",
    "B-day": "2000",
    "Flag": "i"
  },
  {
    "ID Number": "16601122",
    "Name": "Rengiil, Tuloy",
    "Fed": "PLW",
    "Sex": "M",
    "Title": "",
    "WTit": "",
    "OTit": "",
    "Rating": "1591",
    "Gms": "0",
    "K": "40",
    "RatingMonth": "SEP25",
    "B-day": "1986",
    "Flag": "i"
  },
  {
    "ID Number": "16600380",
    "Name": "Reyes, Jon Manuel",
    "Fed": "PLW",
    "Sex": "M",
    "Title": "",
    "WTit": "",
    "OTit": "",
    "Rating": "1623",
    "Gms": "0",
    "K": "20",
    "RatingMonth": "SEP25",
    "B-day": "1980",
    "Flag": "i"
  },
  {
    "ID Number": "16600410",
    "Name": "Roldan, Dan",
    "Fed": "PLW",
    "Sex": "M",
    "Title": "",
    "WTit": "",
    "OTit": "",
    "Rating": "1622",
    "Gms": "0",
    "K": "40",
    "RatingMonth": "SEP25",
    "B-day": "1977",
    "Flag": "i"
  },
  {
    "ID Number": "16600304",
    "Name": "Roxas, Rudel",
    "Fed": "PLW",
    "Sex": "M",
    "Title": "",
    "WTit": "",
    "OTit": "",
    "Rating": "1718",
    "Gms": "0",
    "K": "40",
    "RatingMonth": "SEP25",
    "B-day": "1979",
    "Flag": "i"
  },
  {
    "ID Number": "16601254",
    "Name": "Sablan, Nelson",
    "Fed": "PLW",
    "Sex": "M",
    "Title": "",
    "WTit": "",
    "OTit": "",
    "Rating": "1438",
    "Gms": "0",
    "K": "40",
    "RatingMonth": "SEP25",
    "B-day": "1962",
    "Flag": "i"
  },
  {
    "ID Number": "16601491",
    "Name": "Salvadora, Angelo",
    "Fed": "PLW",
    "Sex": "M",
    "Title": "",
    "WTit": "",
    "OTit": "",
    "Rating": "1744",
    "Gms": "4",
    "K": "20",
    "RatingMonth": "SEP25",
    "B-day": "1968",
    "Flag": ""
  },
  {
    "ID Number": "16601220",
    "Name": "Santander, Marcial",
    "Fed": "PLW",
    "Sex": "M",
    "Title": "",
    "WTit": "",
    "OTit": "",
    "Rating": "1679",
    "Gms": "0",
    "K": "40",
    "RatingMonth": "SEP25",
    "B-day": "1972",
    "Flag": "i"
  },
  {
    "ID Number": "16601840",
    "Name": "Sawaichi, Morton",
    "Fed": "PLW",
    "Sex": "M",
    "Title": "",
    "WTit": "",
    "OTit": "",
    "Rating": "1524",
    "Gms": "0",
    "K": "40",
    "RatingMonth": "SEP25",
    "B-day": "1967",
    "Flag": "i"
  },
  {
    "ID Number": "16601173",
    "Name": "Senase, Jose",
    "Fed": "PLW",
    "Sex": "M",
    "Title": "",
    "WTit": "",
    "OTit": "",
    "Rating": "1595",
    "Gms": "0",
    "K": "40",
    "RatingMonth": "SEP25",
    "B-day": "1981",
    "Flag": "i"
  },
  {
    "ID Number": "16600428",
    "Name": "Sibayan, Luciano",
    "Fed": "PLW",
    "Sex": "M",
    "Title": "",
    "WTit": "",
    "OTit": "",
    "Rating": "1677",
    "Gms": "0",
    "K": "40",
    "RatingMonth": "SEP25",
    "B-day": "1975",
    "Flag": "i"
  },
  {
    "ID Number": "16600436",
    "Name": "Sisior, Angelil",
    "Fed": "PLW",
    "Sex": "F",
    "Title": "WCM",
    "WTit": "WCM",
    "OTit": "",
    "Rating": "1685",
    "Gms": "0",
    "K": "20",
    "RatingMonth": "SEP25",
    "B-day": "2003",
    "Flag": "w"
  },
  {
    "ID Number": "16600444",
    "Name": "Sisior, Destiny",
    "Fed": "PLW",
    "Sex": "F",
    "Title": "WCM",
    "WTit": "WCM",
    "OTit": "",
    "Rating": "1596",
    "Gms": "0",
    "K": "20",
    "RatingMonth": "SEP25",
    "B-day": "2004",
    "Flag": "wi"
  },
  {
    "ID Number": "16600720",
    "Name": "Sisior, Dilyolt Kyarii Parrado",
    "Fed": "PLW",
    "Sex": "F",
    "Title": "WCM",
    "WTit": "WCM",
    "OTit": "",
    "Rating": "1510",
    "Gms": "0",
    "K": "40",
    "RatingMonth": "SEP25",
    "B-day": "2008",
    "Flag": "w"
  },
  {
    "ID Number": "16601262",
    "Name": "Sola, Robert",
    "Fed": "PLW",
    "Sex": "M",
    "Title": "",
    "WTit": "",
    "OTit": "",
    "Rating": "1586",
    "Gms": "0",
    "K": "40",
    "RatingMonth": "SEP25",
    "B-day": "2003",
    "Flag": "i"
  },
  {
    "ID Number": "16600770",
    "Name": "Surangel, Ultei Angelei",
    "Fed": "PLW",
    "Sex": "F",
    "Title": "",
    "WTit": "",
    "OTit": "",
    "Rating": "1549",
    "Gms": "0",
    "K": "20",
    "RatingMonth": "SEP25",
    "B-day": "2005",
    "Flag": "wi"
  },
  {
    "ID Number": "16600134",
    "Name": "Suringa Jr, Paquito",
    "Fed": "PLW",
    "Sex": "M",
    "Title": "",
    "WTit": "",
    "OTit": "",
    "Rating": "1830",
    "Gms": "0",
    "K": "20",
    "RatingMonth": "SEP25",
    "B-day": "1973",
    "Flag": "i"
  },
  {
    "ID Number": "16601300",
    "Name": "Tamayo, John Mark",
    "Fed": "PLW",
    "Sex": "M",
    "Title": "",
    "WTit": "",
    "OTit": "",
    "Rating": "1560",
    "Gms": "0",
    "K": "40",
    "RatingMonth": "SEP25",
    "B-day": "1985",
    "Flag": "i"
  },
  {
    "ID Number": "16601661",
    "Name": "Tan, Santiago Jr",
    "Fed": "PLW",
    "Sex": "M",
    "Title": "",
    "WTit": "",
    "OTit": "",
    "Rating": "AIM",
    "Gms": "1824",
    "K": "5",
    "RatingMonth": "SEP25",
    "B-day": "1978",
    "Flag": ""
  },
  {
    "ID Number": "16600738",
    "Name": "Tmetchul, Dichem",
    "Fed": "PLW",
    "Sex": "F",
    "Title": "",
    "WTit": "",
    "OTit": "",
    "Rating": "1487",
    "Gms": "0",
    "K": "40",
    "RatingMonth": "SEP25",
    "B-day": "2003",
    "Flag": "wi"
  },
  {
    "ID Number": "16600690",
    "Name": "Tmetchul, Mlib",
    "Fed": "PLW",
    "Sex": "M",
    "Title": "",
    "WTit": "",
    "OTit": "",
    "Rating": "1636",
    "Gms": "0",
    "K": "40",
    "RatingMonth": "SEP25",
    "B-day": "1958",
    "Flag": "i"
  },
  {
    "ID Number": "16601246",
    "Name": "Toribiong, Leif",
    "Fed": "PLW",
    "Sex": "M",
    "Title": "",
    "WTit": "",
    "OTit": "",
    "Rating": "1582",
    "Gms": "0",
    "K": "40",
    "RatingMonth": "SEP25",
    "B-day": "1984",
    "Flag": "i"
  },
  {
    "ID Number": "16600843",
    "Name": "Ulap, Crisarjo Mel John Banaga",
    "Fed": "PLW",
    "Sex": "M",
    "Title": "",
    "WTit": "",
    "OTit": "",
    "Rating": "1639",
    "Gms": "0",
    "K": "40",
    "RatingMonth": "SEP25",
    "B-day": "1983",
    "Flag": "i"
  },
  {
    "ID Number": "16600886",
    "Name": "Ulap, Jo-Arl Cris Banaga",
    "Fed": "PLW",
    "Sex": "M",
    "Title": "",
    "WTit": "",
    "OTit": "",
    "Rating": "1597",
    "Gms": "0",
    "K": "40",
    "RatingMonth": "SEP25",
    "B-day": "1990",
    "Flag": "i"
  },
  {
    "ID Number": "16601076",
    "Name": "Undecimo, Arnold Lansang",
    "Fed": "PLW",
    "Sex": "M",
    "Title": "",
    "WTit": "",
    "OTit": "",
    "Rating": "1592",
    "Gms": "0",
    "K": "40",
    "RatingMonth": "SEP25",
    "B-day": "1978",
    "Flag": "i"
  },
  {
    "ID Number": "16600657",
    "Name": "Velarde, Ferman John",
    "Fed": "PLW",
    "Sex": "M",
    "Title": "",
    "WTit": "",
    "OTit": "",
    "Rating": "1557",
    "Gms": "0",
    "K": "40",
    "RatingMonth": "SEP25",
    "B-day": "1981",
    "Flag": "i"
  },
  {
    "ID Number": "16602323",
    "Name": "Wag-eyen, Rosemarie",
    "Fed": "PLW",
    "Sex": "F",
    "Title": "",
    "WTit": "",
    "OTit": "",
    "Rating": "1487",
    "Gms": "0",
    "K": "40",
    "RatingMonth": "SEP25",
    "B-day": "1984",
    "Flag": "wi"
  },
  {
    "ID Number": "16600797",
    "Name": "Whipps Jr, Surangel Samuel",
    "Fed": "PLW",
    "Sex": "M",
    "Title": "",
    "WTit": "",
    "OTit": "",
    "Rating": "1580",
    "Gms": "0",
    "K": "40",
    "RatingMonth": "SEP25",
    "B-day": "1968",
    "Flag": "i"
  },
  {
    "ID Number": "16600550",
    "Name": "Whipps, Eric Ksau Surangel",
    "Fed": "PLW",
    "Sex": "M",
    "Title": "",
    "WTit": "",
    "OTit": "",
    "Rating": "1602",
    "Gms": "0",
    "K": "20",
    "RatingMonth": "SEP25",
    "B-day": "1977",
    "Flag": "i"
  },
  {
    "ID Number": "16600460",
    "Name": "Whipps, Joy Flores",
    "Fed": "PLW",
    "Sex": "F",
    "Title": "",
    "WTit": "",
    "OTit": "",
    "Rating": "1575",
    "Gms": "1",
    "K": "20",
    "RatingMonth": "SEP25",
    "B-day": "1978",
    "Flag": "w"
  },
  {
    "ID Number": "16600762",
    "Name": "Whipps, Kayah Iblai Flores",
    "Fed": "PLW",
    "Sex": "F",
    "Title": "",
    "WTit": "",
    "OTit": "",
    "Rating": "1432",
    "Gms": "0",
    "K": "20",
    "RatingMonth": "SEP25",
    "B-day": "2004",
    "Flag": "wi"
  },
  {
    "ID Number": "16600320",
    "Name": "Whipps, Ksau Anthony Flores",
    "Fed": "PLW",
    "Sex": "M",
    "Title": "",
    "WTit": "",
    "OTit": "",
    "Rating": "1698",
    "Gms": "0",
    "K": "20",
    "RatingMonth": "SEP25",
    "B-day": "2001",
    "Flag": "i"
  },
  {
    "ID Number": "16600800",
    "Name": "Whipps, Mason Ngirchechebangel",
    "Fed": "PLW",
    "Sex": "M",
    "Title": "",
    "WTit": "",
    "OTit": "",
    "Rating": "1524",
    "Gms": "0",
    "K": "40",
    "RatingMonth": "SEP25",
    "B-day": "1973",
    "Flag": "i"
  },
  {
    "ID Number": "16600754",
    "Name": "Whipps, Surangel Ngirchebangel",
    "Fed": "PLW",
    "Sex": "M",
    "Title": "",
    "WTit": "",
    "OTit": "",
    "Rating": "1551",
    "Gms": "0",
    "K": "40",
    "RatingMonth": "SEP25",
    "B-day": "1939",
    "Flag": "i"
  },
  {
    "ID Number": "16600452",
    "Name": "Whipps, Zachary Techall",
    "Fed": "PLW",
    "Sex": "M",
    "Title": "",
    "WTit": "",
    "OTit": "",
    "Rating": "1482",
    "Gms": "0",
    "K": "20",
    "RatingMonth": "SEP25",
    "B-day": "2001",
    "Flag": "i"
  }
]