[
  {
    "ID Number": "16600258"
  },
  {
    "ID Number": "16601815"
  },
  {
    "ID Number": "16601319"
  },
  {
    "ID Number": "16601556"
  },
  {
    "ID Number": "16600274"
  },
  {
    "ID Number": "16600240"
  },
  {
    "ID Number": "16601190"
  },
  {
    "ID Number": "16601548"
  },
  {
    "ID Number": "16602021"
  },
  {
    "ID Number": "16600070"
  },
  {
    "ID Number": "16600487"
  },
  {
    "ID Number": "16600169"
  },
  {
    "ID Number": "16600614"
  },
  {
    "ID Number": "16600282"
  },
  {
    "ID Number": "16600746"
  },
  {
    "ID Number": "16601718"
  },
  {
    "ID Number": "16600878"
  },
  {
    "ID Number": "16600339"
  },
  {
    "ID Number": "16600347"
  },
  {
    "ID Number": "16600088"
  },
  {
    "ID Number": "16600568"
  },
  {
    "ID Number": "16600177"
  },
  {
    "ID Number": "16600096"
  },
  {
    "ID Number": "16601289"
  },
  {
    "ID Number": "16601483"
  },
  {
    "ID Number": "16600150"
  },
  {
    "ID Number": "16600193"
  },
  {
    "ID Number": "16600509"
  },
  {
    "ID Number": "16600010"
  },
  {
    "ID Number": "16600371"
  },
  {
    "ID Number": "16600185"
  },
  {
    "ID Number": "16601335"
  },
  {
    "ID Number": "16601149"
  },
  {
    "ID Number": "16601114"
  },
  {
    "ID Number": "16600576"
  },
  {
    "ID Number": "16600290"
  },
  {
    "ID Number": "16600924"
  },
  {
    "ID Number": "16600363"
  },
  {
    "ID Number": "16601211"
  },
  {
    "ID Number": "16601181"
  },
  {
    "ID Number": "16601505"
  },
  {
    "ID Number": "16600100"
  },
  {
    "ID Number": "16601475"
  },
  {
    "ID Number": "16600118"
  },
  {
    "ID Number": "16600312"
  },
  {
    "ID Number": "16600029"
  },
  {
    "ID Number": "16600398"
  },
  {
    "ID Number": "16602005"
  },
  {
    "ID Number": "16600126"
  },
  {
    "ID Number": "16600479"
  },
  {
    "ID Number": "16600860"
  },
  {
    "ID Number": "16601823"
  },
  {
    "ID Number": "16600355"
  },
  {
    "ID Number": "16600673"
  },
  {
    "ID Number": "16600037"
  },
  {
    "ID Number": "16600517"
  },
  {
    "ID Number": "16602277"
  },
  {
    "ID Number": "5203791"
  },
  {
    "ID Number": "16601343"
  },
  {
    "ID Number": "16600940"
  },
  {
    "ID Number": "16600533"
  },
  {
    "ID Number": "16600045"
  },
  {
    "ID Number": "16600207"
  },
  {
    "ID Number": "16600703"
  },
  {
    "ID Number": "16600401"
  },
  {
    "ID Number": "16601238"
  },
  {
    "ID Number": "16602749"
  },
  {
    "ID Number": "16600053"
  },
  {
    "ID Number": "16600908"
  },
  {
    "ID Number": "16600851"
  },
  {
    "ID Number": "16600622"
  },
  {
    "ID Number": "16600649"
  },
  {
    "ID Number": "16601831"
  },
  {
    "ID Number": "16601572"
  },
  {
    "ID Number": "16600495"
  },
  {
    "ID Number": "16600592"
  },
  {
    "ID Number": "16600894"
  },
  {
    "ID Number": "16600215"
  },
  {
    "ID Number": "16600665"
  },
  {
    "ID Number": "16600061"
  },
  {
    "ID Number": "16600681"
  },
  {
    "ID Number": "16601165"
  },
  {
    "ID Number": "16602013"
  },
  {
    "ID Number": "16600835"
  },
  {
    "ID Number": "16600711"
  },
  {
    "ID Number": "16601670"
  },
  {
    "ID Number": "16601122"
  },
  {
    "ID Number": "16600380"
  },
  {
    "ID Number": "16600410"
  },
  {
    "ID Number": "16600304"
  },
  {
    "ID Number": "16601254"
  },
  {
    "ID Number": "16601491"
  },
  {
    "ID Number": "16601220"
  },
  {
    "ID Number": "16601840"
  },
  {
    "ID Number": "16601173"
  },
  {
    "ID Number": "16600428"
  },
  {
    "ID Number": "16600436"
  },
  {
    "ID Number": "16600444"
  },
  {
    "ID Number": "16600720"
  },
  {
    "ID Number": "16601262"
  },
  {
    "ID Number": "16600770"
  },
  {
    "ID Number": "16600134"
  },
  {
    "ID Number": "16601300"
  },
  {
    "ID Number": "16601661"
  },
  {
    "ID Number": "16600738"
  },
  {
    "ID Number": "16600690"
  },
  {
    "ID Number": "16601246"
  },
  {
    "ID Number": "16600843"
  },
  {
    "ID Number": "16600886"
  },
  {
    "ID Number": "16601076"
  },
  {
    "ID Number": "16600657"
  },
  {
    "ID Number": "16602323"
  },
  {
    "ID Number": "16600797"
  },
  {
    "ID Number": "16600550"
  },
  {
    "ID Number": "16600460"
  },
  {
    "ID Number": "16600762"
  },
  {
    "ID Number": "16600320"
  },
  {
    "ID Number": "16600800"
  },
  {
    "ID Number": "16600754"
  },
  {
    "ID Number": "16600452"
  }
]