[
  {
    "ID Number": "15400891"
  },
  {
    "ID Number": "15400344"
  },
  {
    "ID Number": "15400352"
  },
  {
    "ID Number": "15400611"
  },
  {
    "ID Number": "15400492"
  },
  {
    "ID Number": "15400735"
  },
  {
    "ID Number": "15400883"
  },
  {
    "ID Number": "15400484"
  },
  {
    "ID Number": "15400310"
  },
  {
    "ID Number": "15400336"
  },
  {
    "ID Number": "15400719"
  },
  {
    "ID Number": "15400379"
  },
  {
    "ID Number": "15400360"
  },
  {
    "ID Number": "15400786"
  }
]