[
  {
    "ID Number": "13022849",
    "Name": "Aung Bhone Thu Kha",
    "Fed": "MYA",
    "Sex": "M",
    "Title": "",
    "WTit": "",
    "OTit": "",
    "FOA": "1454",
    "Rating": "AUG25",
    "Gms": "0",
    "K": "40",
    "B-day": "2014",
    "Flag": ""
  },
  {
    "ID Number": "13015540",
    "Name": "Aung Kaday Paing",
    "Fed": "MYA",
    "Sex": "M",
    "Title": "",
    "WTit": "",
    "OTit": "",
    "FOA": "1741",
    "Rating": "AUG25",
    "Gms": "0",
    "K": "20",
    "B-day": "2000",
    "Flag": "i"
  },
  {
    "ID Number": "13009087",
    "Name": "Aung Kaung Myat",
    "Fed": "MYA",
    "Sex": "M",
    "Title": "",
    "WTit": "",
    "OTit": "",
    "FOA": "1840",
    "Rating": "AUG25",
    "Gms": "0",
    "K": "20",
    "B-day": "2004",
    "Flag": "i"
  },
  {
    "ID Number": "13025104",
    "Name": "Aung Kaung Myat Moe",
    "Fed": "MYA",
    "Sex": "M",
    "Title": "",
    "WTit": "",
    "OTit": "",
    "FOA": "1635",
    "Rating": "AUG25",
    "Gms": "6",
    "K": "40",
    "B-day": "2012",
    "Flag": ""
  },
  {
    "ID Number": "13020382",
    "Name": "Aung Khant Thu",
    "Fed": "MYA",
    "Sex": "M",
    "Title": "",
    "WTit": "",
    "OTit": "",
    "FOA": "1783",
    "Rating": "AUG25",
    "Gms": "10",
    "K": "40",
    "B-day": "2008",
    "Flag": ""
  },
  {
    "ID Number": "13003267",
    "Name": "Aung Min Khant",
    "Fed": "MYA",
    "Sex": "M",
    "Title": "",
    "WTit": "",
    "OTit": "",
    "FOA": "1918",
    "Rating": "AUG25",
    "Gms": "0",
    "K": "20",
    "B-day": "2000",
    "Flag": "i"
  },
  {
    "ID Number": "13025686",
    "Name": "Aung Myint Myat A",
    "Fed": "MYA",
    "Sex": "M",
    "Title": "",
    "WTit": "",
    "OTit": "",
    "FOA": "1565",
    "Rating": "AUG25",
    "Gms": "0",
    "K": "40",
    "B-day": "2007",
    "Flag": ""
  },
  {
    "ID Number": "13026500",
    "Name": "Aung Myo Win",
    "Fed": "MYA",
    "Sex": "M",
    "Title": "",
    "WTit": "",
    "OTit": "",
    "FOA": "1521",
    "Rating": "AUG25",
    "Gms": "0",
    "K": "20",
    "B-day": "1996",
    "Flag": ""
  },
  {
    "ID Number": "13015168",
    "Name": "Aung Paing Soe",
    "Fed": "MYA",
    "Sex": "M",
    "Title": "",
    "WTit": "",
    "OTit": "",
    "FOA": "1795",
    "Rating": "AUG25",
    "Gms": "0",
    "K": "20",
    "B-day": "1996",
    "Flag": "i"
  },
  {
    "ID Number": "13018248",
    "Name": "Aung Phone Maw",
    "Fed": "MYA",
    "Sex": "M",
    "Title": "",
    "WTit": "",
    "OTit": "",
    "FOA": "1853",
    "Rating": "AUG25",
    "Gms": "0",
    "K": "20",
    "B-day": "2003",
    "Flag": "i"
  },
  {
    "ID Number": "13000063",
    "Name": "Aung Thant Zin",
    "Fed": "MYA",
    "Sex": "M",
    "Title": "FM",
    "WTit": "",
    "OTit": "",
    "FOA": "2278",
    "Rating": "AUG25",
    "Gms": "0",
    "K": "20",
    "B-day": "1960",
    "Flag": "i"
  },
  {
    "ID Number": "13008315",
    "Name": "Aung Thu",
    "Fed": "MYA",
    "Sex": "M",
    "Title": "",
    "WTit": "",
    "OTit": "",
    "FOA": "2035",
    "Rating": "AUG25",
    "Gms": "10",
    "K": "20",
    "B-day": "1988",
    "Flag": ""
  },
  {
    "ID Number": "13003682",
    "Name": "Aung Zaw Win Htike",
    "Fed": "MYA",
    "Sex": "M",
    "Title": "",
    "WTit": "",
    "OTit": "",
    "FOA": "2070",
    "Rating": "AUG25",
    "Gms": "9",
    "K": "20",
    "B-day": "1971",
    "Flag": ""
  },
  {
    "ID Number": "6200281",
    "Name": "Aung, Kyaw Moe",
    "Fed": "MYA",
    "Sex": "M",
    "Title": "",
    "WTit": "",
    "OTit": "",
    "FOA": "2030",
    "Rating": "AUG25",
    "Gms": "0",
    "K": "20",
    "B-day": "1975",
    "Flag": "i"
  },
  {
    "ID Number": "13004565",
    "Name": "Aye Ko",
    "Fed": "MYA",
    "Sex": "M",
    "Title": "",
    "WTit": "",
    "OTit": "",
    "FOA": "2020",
    "Rating": "AUG25",
    "Gms": "0",
    "K": "20",
    "B-day": "1964",
    "Flag": "i"
  },
  {
    "ID Number": "13006703",
    "Name": "Ba Kyaw",
    "Fed": "MYA",
    "Sex": "M",
    "Title": "",
    "WTit": "",
    "OTit": "",
    "FOA": "1927",
    "Rating": "AUG25",
    "Gms": "0",
    "K": "20",
    "B-day": "1962",
    "Flag": "i"
  },
  {
    "ID Number": "13026046",
    "Name": "Bhone Myat Thit",
    "Fed": "MYA",
    "Sex": "M",
    "Title": "",
    "WTit": "",
    "OTit": "",
    "FOA": "1524",
    "Rating": "AUG25",
    "Gms": "0",
    "K": "40",
    "B-day": "2011",
    "Flag": ""
  },
  {
    "ID Number": "13024540",
    "Name": "Bhone Sett Ti",
    "Fed": "MYA",
    "Sex": "M",
    "Title": "",
    "WTit": "",
    "OTit": "",
    "FOA": "1548",
    "Rating": "AUG25",
    "Gms": "0",
    "K": "40",
    "B-day": "2012",
    "Flag": "i"
  },
  {
    "ID Number": "13007459",
    "Name": "Chan Nyein Aung",
    "Fed": "MYA",
    "Sex": "M",
    "Title": "",
    "WTit": "NA",
    "OTit": "",
    "FOA": "1925",
    "Rating": "AUG25",
    "Gms": "0",
    "K": "20",
    "B-day": "1996",
    "Flag": "i"
  },
  {
    "ID Number": "13005057",
    "Name": "Chan Tun Lin",
    "Fed": "MYA",
    "Sex": "M",
    "Title": "",
    "WTit": "",
    "OTit": "",
    "FOA": "1972",
    "Rating": "AUG25",
    "Gms": "7",
    "K": "20",
    "B-day": "1981",
    "Flag": ""
  },
  {
    "ID Number": "13021575",
    "Name": "Chit Khine",
    "Fed": "MYA",
    "Sex": "M",
    "Title": "",
    "WTit": "",
    "OTit": "",
    "FOA": "1502",
    "Rating": "AUG25",
    "Gms": "0",
    "K": "20",
    "B-day": "1993",
    "Flag": "i"
  },
  {
    "ID Number": "13001280",
    "Name": "Chit Ko Ko A",
    "Fed": "MYA",
    "Sex": "M",
    "Title": "",
    "WTit": "",
    "OTit": "",
    "FOA": "2162",
    "Rating": "AUG25",
    "Gms": "9",
    "K": "20",
    "B-day": "1965",
    "Flag": ""
  },
  {
    "ID Number": "13015451",
    "Name": "Chit Ko Naing",
    "Fed": "MYA",
    "Sex": "M",
    "Title": "",
    "WTit": "",
    "OTit": "",
    "FOA": "1885",
    "Rating": "AUG25",
    "Gms": "0",
    "K": "20",
    "B-day": "1999",
    "Flag": "i"
  },
  {
    "ID Number": "13008323",
    "Name": "Chit Ye Thu",
    "Fed": "MYA",
    "Sex": "M",
    "Title": "",
    "WTit": "",
    "OTit": "",
    "FOA": "AGM",
    "Rating": "AUG25",
    "Gms": "1653",
    "K": "0",
    "B-day": "1984",
    "Flag": ""
  },
  {
    "ID Number": "13021613",
    "Name": "Eant Phone Shan",
    "Fed": "MYA",
    "Sex": "M",
    "Title": "",
    "WTit": "",
    "OTit": "",
    "FOA": "1543",
    "Rating": "AUG25",
    "Gms": "0",
    "K": "40",
    "B-day": "2012",
    "Flag": ""
  },
  {
    "ID Number": "13004140",
    "Name": "Ei Chaint Chaint",
    "Fed": "MYA",
    "Sex": "F",
    "Title": "",
    "WTit": "",
    "OTit": "",
    "FOA": "1620",
    "Rating": "AUG25",
    "Gms": "0",
    "K": "20",
    "B-day": "1999",
    "Flag": "wi"
  },
  {
    "ID Number": "13002929",
    "Name": "Ei Kyawt San",
    "Fed": "MYA",
    "Sex": "F",
    "Title": "WFM",
    "WTit": "WFM",
    "OTit": "",
    "FOA": "2008",
    "Rating": "AUG25",
    "Gms": "0",
    "K": "20",
    "B-day": "1985",
    "Flag": "wi"
  },
  {
    "ID Number": "13001817",
    "Name": "Han Min Soe",
    "Fed": "MYA",
    "Sex": "M",
    "Title": "",
    "WTit": "",
    "OTit": "",
    "FOA": "2096",
    "Rating": "AUG25",
    "Gms": "9",
    "K": "20",
    "B-day": "1978",
    "Flag": ""
  },
  {
    "ID Number": "13012720",
    "Name": "Hein Aung Khant",
    "Fed": "MYA",
    "Sex": "M",
    "Title": "",
    "WTit": "",
    "OTit": "",
    "FOA": "1773",
    "Rating": "AUG25",
    "Gms": "0",
    "K": "20",
    "B-day": "2006",
    "Flag": "i"
  },
  {
    "ID Number": "13015311",
    "Name": "Hein Htet",
    "Fed": "MYA",
    "Sex": "M",
    "Title": "",
    "WTit": "",
    "OTit": "",
    "FOA": "1932",
    "Rating": "AUG25",
    "Gms": "0",
    "K": "20",
    "B-day": "2003",
    "Flag": "i"
  },
  {
    "ID Number": "13026976",
    "Name": "Hein Htet A",
    "Fed": "MYA",
    "Sex": "M",
    "Title": "",
    "WTit": "",
    "OTit": "",
    "FOA": "1575",
    "Rating": "AUG25",
    "Gms": "6",
    "K": "40",
    "B-day": "2011",
    "Flag": ""
  },
  {
    "ID Number": "13019236",
    "Name": "Hein Myat Aung",
    "Fed": "MYA",
    "Sex": "M",
    "Title": "",
    "WTit": "",
    "OTit": "",
    "FOA": "1811",
    "Rating": "AUG25",
    "Gms": "7",
    "K": "40",
    "B-day": "2010",
    "Flag": ""
  },
  {
    "ID Number": "13021630",
    "Name": "Hein Myat Thu",
    "Fed": "MYA",
    "Sex": "M",
    "Title": "",
    "WTit": "",
    "OTit": "",
    "FOA": "1730",
    "Rating": "AUG25",
    "Gms": "0",
    "K": "40",
    "B-day": "2010",
    "Flag": ""
  },
  {
    "ID Number": "13002589",
    "Name": "Hla Than",
    "Fed": "MYA",
    "Sex": "M",
    "Title": "",
    "WTit": "",
    "OTit": "",
    "FOA": "1932",
    "Rating": "AUG25",
    "Gms": "8",
    "K": "20",
    "B-day": "1966",
    "Flag": ""
  },
  {
    "ID Number": "13004611",
    "Name": "Hlaing Min Thant",
    "Fed": "MYA",
    "Sex": "M",
    "Title": "",
    "WTit": "",
    "OTit": "",
    "FOA": "2077",
    "Rating": "AUG25",
    "Gms": "0",
    "K": "20",
    "B-day": "1984",
    "Flag": "i"
  },
  {
    "ID Number": "13007475",
    "Name": "Hlyan Bhone Htet",
    "Fed": "MYA",
    "Sex": "M",
    "Title": "",
    "WTit": "",
    "OTit": "",
    "FOA": "1799",
    "Rating": "AUG25",
    "Gms": "0",
    "K": "20",
    "B-day": "2000",
    "Flag": "i"
  },
  {
    "ID Number": "13004620",
    "Name": "Hnin Pwint Phyu",
    "Fed": "MYA",
    "Sex": "F",
    "Title": "",
    "WTit": "",
    "OTit": "",
    "FOA": "1767",
    "Rating": "AUG25",
    "Gms": "0",
    "K": "20",
    "B-day": "1996",
    "Flag": "wi"
  },
  {
    "ID Number": "13015354",
    "Name": "Hsu Hsu Paing",
    "Fed": "MYA",
    "Sex": "F",
    "Title": "",
    "WTit": "",
    "OTit": "",
    "FOA": "1593",
    "Rating": "AUG25",
    "Gms": "0",
    "K": "20",
    "B-day": "2000",
    "Flag": "wi"
  },
  {
    "ID Number": "13024248",
    "Name": "Hsu Lwin Tun",
    "Fed": "MYA",
    "Sex": "F",
    "Title": "",
    "WTit": "",
    "OTit": "",
    "FOA": "1640",
    "Rating": "AUG25",
    "Gms": "10",
    "K": "40",
    "B-day": "2015",
    "Flag": "w"
  },
  {
    "ID Number": "13023101",
    "Name": "Hsu Thiri May",
    "Fed": "MYA",
    "Sex": "F",
    "Title": "",
    "WTit": "",
    "OTit": "",
    "FOA": "1517",
    "Rating": "AUG25",
    "Gms": "0",
    "K": "40",
    "B-day": "2010",
    "Flag": "w"
  },
  {
    "ID Number": "13007777",
    "Name": "Htain Win",
    "Fed": "MYA",
    "Sex": "M",
    "Title": "",
    "WTit": "",
    "OTit": "",
    "FOA": "1936",
    "Rating": "AUG25",
    "Gms": "0",
    "K": "20",
    "B-day": "1957",
    "Flag": "i"
  },
  {
    "ID Number": "13001795",
    "Name": "Htay Min Lwin",
    "Fed": "MYA",
    "Sex": "M",
    "Title": "",
    "WTit": "",
    "OTit": "",
    "FOA": "2133",
    "Rating": "AUG25",
    "Gms": "10",
    "K": "20",
    "B-day": "1978",
    "Flag": ""
  },
  {
    "ID Number": "13024892",
    "Name": "Htay Win Zaw",
    "Fed": "MYA",
    "Sex": "M",
    "Title": "",
    "WTit": "",
    "OTit": "",
    "FOA": "1665",
    "Rating": "AUG25",
    "Gms": "6",
    "K": "40",
    "B-day": "2009",
    "Flag": ""
  },
  {
    "ID Number": "13001701",
    "Name": "Htet Htet Than Sein",
    "Fed": "MYA",
    "Sex": "F",
    "Title": "",
    "WTit": "",
    "OTit": "",
    "FOA": "1709",
    "Rating": "AUG25",
    "Gms": "0",
    "K": "20",
    "B-day": "1999",
    "Flag": "wi"
  },
  {
    "ID Number": "13010654",
    "Name": "Htet Htet Win",
    "Fed": "MYA",
    "Sex": "F",
    "Title": "",
    "WTit": "NI",
    "OTit": "",
    "FOA": "1707",
    "Rating": "AUG25",
    "Gms": "6",
    "K": "20",
    "B-day": "1997",
    "Flag": "w"
  },
  {
    "ID Number": "13001744",
    "Name": "Htet Naing",
    "Fed": "MYA",
    "Sex": "M",
    "Title": "",
    "WTit": "",
    "OTit": "",
    "FOA": "1810",
    "Rating": "AUG25",
    "Gms": "0",
    "K": "20",
    "B-day": "2002",
    "Flag": "i"
  },
  {
    "ID Number": "13011553",
    "Name": "Htet Zaw Phone",
    "Fed": "MYA",
    "Sex": "M",
    "Title": "",
    "WTit": "",
    "OTit": "",
    "FOA": "1970",
    "Rating": "AUG25",
    "Gms": "0",
    "K": "20",
    "B-day": "2000",
    "Flag": "i"
  },
  {
    "ID Number": "13001361",
    "Name": "Htun Htun Than",
    "Fed": "MYA",
    "Sex": "M",
    "Title": "FM",
    "WTit": "",
    "OTit": "",
    "FOA": "2317",
    "Rating": "AUG25",
    "Gms": "0",
    "K": "20",
    "B-day": "1970",
    "Flag": "i"
  },
  {
    "ID Number": "13023942",
    "Name": "Htut Oo Lu",
    "Fed": "MYA",
    "Sex": "M",
    "Title": "",
    "WTit": "",
    "OTit": "",
    "FOA": "1602",
    "Rating": "AUG25",
    "Gms": "10",
    "K": "40",
    "B-day": "2014",
    "Flag": ""
  },
  {
    "ID Number": "13015346",
    "Name": "Inn Jyin Khaing",
    "Fed": "MYA",
    "Sex": "F",
    "Title": "",
    "WTit": "",
    "OTit": "",
    "FOA": "1590",
    "Rating": "AUG25",
    "Gms": "0",
    "K": "20",
    "B-day": "2000",
    "Flag": "wi"
  },
  {
    "ID Number": "13014927",
    "Name": "Jony Maxel",
    "Fed": "MYA",
    "Sex": "M",
    "Title": "",
    "WTit": "",
    "OTit": "",
    "FOA": "1920",
    "Rating": "AUG25",
    "Gms": "0",
    "K": "20",
    "B-day": "1966",
    "Flag": "i"
  },
  {
    "ID Number": "13006070",
    "Name": "Kaung Mon Thar",
    "Fed": "MYA",
    "Sex": "M",
    "Title": "",
    "WTit": "",
    "OTit": "",
    "FOA": "1716",
    "Rating": "AUG25",
    "Gms": "0",
    "K": "40",
    "B-day": "2007",
    "Flag": "i"
  },
  {
    "ID Number": "13015257",
    "Name": "Kaung Myat",
    "Fed": "MYA",
    "Sex": "M",
    "Title": "",
    "WTit": "",
    "OTit": "",
    "FOA": "1456",
    "Rating": "AUG25",
    "Gms": "0",
    "K": "40",
    "B-day": "2009",
    "Flag": "i"
  },
  {
    "ID Number": "13003321",
    "Name": "Kaung Myat Thu",
    "Fed": "MYA",
    "Sex": "M",
    "Title": "",
    "WTit": "",
    "OTit": "",
    "FOA": "1973",
    "Rating": "AUG25",
    "Gms": "0",
    "K": "20",
    "B-day": "1997",
    "Flag": "i"
  },
  {
    "ID Number": "13015532",
    "Name": "Kaung Myat Thu A",
    "Fed": "MYA",
    "Sex": "M",
    "Title": "",
    "WTit": "",
    "OTit": "",
    "FOA": "1786",
    "Rating": "AUG25",
    "Gms": "0",
    "K": "20",
    "B-day": "1999",
    "Flag": "i"
  },
  {
    "ID Number": "13007505",
    "Name": "Khaing Khaing",
    "Fed": "MYA",
    "Sex": "F",
    "Title": "",
    "WTit": "",
    "OTit": "",
    "FOA": "1874",
    "Rating": "AUG25",
    "Gms": "0",
    "K": "20",
    "B-day": "2000",
    "Flag": "wi"
  },
  {
    "ID Number": "13021702",
    "Name": "Khant Ti Kyi",
    "Fed": "MYA",
    "Sex": "M",
    "Title": "",
    "WTit": "",
    "OTit": "",
    "FOA": "1659",
    "Rating": "AUG25",
    "Gms": "0",
    "K": "40",
    "B-day": "2015",
    "Flag": ""
  },
  {
    "ID Number": "13000314",
    "Name": "Khin Ko",
    "Fed": "MYA",
    "Sex": "M",
    "Title": "",
    "WTit": "",
    "OTit": "",
    "FOA": "2069",
    "Rating": "AUG25",
    "Gms": "0",
    "K": "20",
    "B-day": "1958",
    "Flag": "i"
  },
  {
    "ID Number": "13008773",
    "Name": "Khin Maung Cho",
    "Fed": "MYA",
    "Sex": "M",
    "Title": "",
    "WTit": "",
    "OTit": "",
    "FOA": "1924",
    "Rating": "AUG25",
    "Gms": "0",
    "K": "20",
    "B-day": "1962",
    "Flag": "i"
  },
  {
    "ID Number": "13001248",
    "Name": "Khin, Than",
    "Fed": "MYA",
    "Sex": "M",
    "Title": "",
    "WTit": "",
    "OTit": "",
    "FOA": "2186",
    "Rating": "AUG25",
    "Gms": "0",
    "K": "20",
    "B-day": "1964",
    "Flag": "i"
  },
  {
    "ID Number": "13020390",
    "Name": "Khine Linn Tun",
    "Fed": "MYA",
    "Sex": "M",
    "Title": "",
    "WTit": "",
    "OTit": "",
    "FOA": "1428",
    "Rating": "AUG25",
    "Gms": "0",
    "K": "40",
    "B-day": "2013",
    "Flag": ""
  },
  {
    "ID Number": "13000390",
    "Name": "Ko Ko Ohn",
    "Fed": "MYA",
    "Sex": "M",
    "Title": "FM",
    "WTit": "",
    "OTit": "",
    "FOA": "2006",
    "Rating": "AUG25",
    "Gms": "9",
    "K": "20",
    "B-day": "1964",
    "Flag": ""
  },
  {
    "ID Number": "13014960",
    "Name": "Ko Oo",
    "Fed": "MYA",
    "Sex": "M",
    "Title": "",
    "WTit": "",
    "OTit": "",
    "FOA": "1981",
    "Rating": "AUG25",
    "Gms": "0",
    "K": "20",
    "B-day": "1984",
    "Flag": "i"
  },
  {
    "ID Number": "13017640",
    "Name": "Kyaw Hlaing A",
    "Fed": "MYA",
    "Sex": "M",
    "Title": "",
    "WTit": "",
    "OTit": "",
    "FOA": "1932",
    "Rating": "AUG25",
    "Gms": "7",
    "K": "20",
    "B-day": "1992",
    "Flag": ""
  },
  {
    "ID Number": "13025171",
    "Name": "Kyaw Htut Khaung",
    "Fed": "MYA",
    "Sex": "M",
    "Title": "",
    "WTit": "",
    "OTit": "",
    "FOA": "1707",
    "Rating": "AUG25",
    "Gms": "7",
    "K": "40",
    "B-day": "2014",
    "Flag": ""
  },
  {
    "ID Number": "13012525",
    "Name": "Kyaw Kyaw Oo A",
    "Fed": "MYA",
    "Sex": "M",
    "Title": "",
    "WTit": "",
    "OTit": "",
    "FOA": "2045",
    "Rating": "AUG25",
    "Gms": "6",
    "K": "20",
    "B-day": "1970",
    "Flag": ""
  },
  {
    "ID Number": "13004115",
    "Name": "Kyaw Kyaw Tun",
    "Fed": "MYA",
    "Sex": "M",
    "Title": "",
    "WTit": "",
    "OTit": "",
    "FOA": "1941",
    "Rating": "AUG25",
    "Gms": "0",
    "K": "20",
    "B-day": "1998",
    "Flag": "i"
  },
  {
    "ID Number": "13002007",
    "Name": "Kyaw Lay Htaik",
    "Fed": "MYA",
    "Sex": "M",
    "Title": "FM",
    "WTit": "NA",
    "OTit": "",
    "FOA": "2261",
    "Rating": "AUG25",
    "Gms": "0",
    "K": "20",
    "B-day": "1981",
    "Flag": "i"
  },
  {
    "ID Number": "13012541",
    "Name": "Kyaw Myat Aung",
    "Fed": "MYA",
    "Sex": "M",
    "Title": "FM",
    "WTit": "",
    "OTit": "",
    "FOA": "2069",
    "Rating": "AUG25",
    "Gms": "9",
    "K": "20",
    "B-day": "2005",
    "Flag": ""
  },
  {
    "ID Number": "13015273",
    "Name": "Kyaw Pyae Sone Hein",
    "Fed": "MYA",
    "Sex": "M",
    "Title": "",
    "WTit": "",
    "OTit": "",
    "FOA": "1596",
    "Rating": "AUG25",
    "Gms": "0",
    "K": "40",
    "B-day": "2007",
    "Flag": "i"
  },
  {
    "ID Number": "13019996",
    "Name": "Kyaw Thuta",
    "Fed": "MYA",
    "Sex": "M",
    "Title": "",
    "WTit": "",
    "OTit": "",
    "FOA": "1485",
    "Rating": "AUG25",
    "Gms": "0",
    "K": "40",
    "B-day": "2008",
    "Flag": "i"
  },
  {
    "ID Number": "13004239",
    "Name": "Kyaw Zay Ya",
    "Fed": "MYA",
    "Sex": "M",
    "Title": "",
    "WTit": "",
    "OTit": "",
    "FOA": "1877",
    "Rating": "AUG25",
    "Gms": "0",
    "K": "20",
    "B-day": "1980",
    "Flag": ""
  },
  {
    "ID Number": "13009745",
    "Name": "Kyaw Zin Latt",
    "Fed": "MYA",
    "Sex": "M",
    "Title": "",
    "WTit": "",
    "OTit": "",
    "FOA": "2180",
    "Rating": "AUG25",
    "Gms": "0",
    "K": "20",
    "B-day": "1982",
    "Flag": "i"
  },
  {
    "ID Number": "13009753",
    "Name": "Kyaw Zin Thant",
    "Fed": "MYA",
    "Sex": "M",
    "Title": "",
    "WTit": "",
    "OTit": "",
    "FOA": "1702",
    "Rating": "AUG25",
    "Gms": "0",
    "K": "20",
    "B-day": "1997",
    "Flag": "i"
  },
  {
    "ID Number": "13008382",
    "Name": "Kyaw Zin Tun",
    "Fed": "MYA",
    "Sex": "M",
    "Title": "",
    "WTit": "",
    "OTit": "",
    "FOA": "2069",
    "Rating": "AUG25",
    "Gms": "10",
    "K": "20",
    "B-day": "1983",
    "Flag": ""
  },
  {
    "ID Number": "13007530",
    "Name": "Kyaw Zin Win",
    "Fed": "MYA",
    "Sex": "M",
    "Title": "",
    "WTit": "",
    "OTit": "",
    "FOA": "1966",
    "Rating": "AUG25",
    "Gms": "0",
    "K": "20",
    "B-day": "1997",
    "Flag": "i"
  },
  {
    "ID Number": "13008633",
    "Name": "La Min Aung",
    "Fed": "MYA",
    "Sex": "M",
    "Title": "",
    "WTit": "",
    "OTit": "",
    "FOA": "1683",
    "Rating": "AUG25",
    "Gms": "0",
    "K": "20",
    "B-day": "1995",
    "Flag": "i"
  },
  {
    "ID Number": "13008170",
    "Name": "La Min Tun",
    "Fed": "MYA",
    "Sex": "M",
    "Title": "",
    "WTit": "",
    "OTit": "",
    "FOA": "1939",
    "Rating": "AUG25",
    "Gms": "7",
    "K": "20",
    "B-day": "1989",
    "Flag": ""
  },
  {
    "ID Number": "13009761",
    "Name": "Laing Htang",
    "Fed": "MYA",
    "Sex": "M",
    "Title": "",
    "WTit": "",
    "OTit": "",
    "FOA": "2108",
    "Rating": "AUG25",
    "Gms": "11",
    "K": "20",
    "B-day": "1992",
    "Flag": ""
  },
  {
    "ID Number": "13024655",
    "Name": "Lewis Moezac",
    "Fed": "MYA",
    "Sex": "M",
    "Title": "",
    "WTit": "",
    "OTit": "",
    "FOA": "1542",
    "Rating": "AUG25",
    "Gms": "5",
    "K": "40",
    "B-day": "2017",
    "Flag": ""
  },
  {
    "ID Number": "13022490",
    "Name": "Lin Lin Htet",
    "Fed": "MYA",
    "Sex": "F",
    "Title": "",
    "WTit": "DI,NA",
    "OTit": "",
    "FOA": "1459",
    "Rating": "AUG25",
    "Gms": "0",
    "K": "20",
    "B-day": "2005",
    "Flag": "w"
  },
  {
    "ID Number": "13026208",
    "Name": "Lin Thet Nyi Thu",
    "Fed": "MYA",
    "Sex": "M",
    "Title": "",
    "WTit": "",
    "OTit": "",
    "FOA": "1619",
    "Rating": "AUG25",
    "Gms": "0",
    "K": "20",
    "B-day": "2005",
    "Flag": ""
  },
  {
    "ID Number": "13001884",
    "Name": "Linn Minn Htike",
    "Fed": "MYA",
    "Sex": "M",
    "Title": "",
    "WTit": "NA",
    "OTit": "",
    "FOA": "2218",
    "Rating": "AUG25",
    "Gms": "10",
    "K": "20",
    "B-day": "1986",
    "Flag": ""
  },
  {
    "ID Number": "13023977",
    "Name": "Linn Phone Myat",
    "Fed": "MYA",
    "Sex": "M",
    "Title": "CM",
    "WTit": "",
    "OTit": "",
    "FOA": "2048",
    "Rating": "AUG25",
    "Gms": "10",
    "K": "40",
    "B-day": "2009",
    "Flag": ""
  },
  {
    "ID Number": "13020005",
    "Name": "Lu Maw Hein",
    "Fed": "MYA",
    "Sex": "M",
    "Title": "",
    "WTit": "",
    "OTit": "",
    "FOA": "1656",
    "Rating": "AUG25",
    "Gms": "0",
    "K": "20",
    "B-day": "2006",
    "Flag": "i"
  },
  {
    "ID Number": "13013793",
    "Name": "Lwin Paing Soe",
    "Fed": "MYA",
    "Sex": "M",
    "Title": "",
    "WTit": "",
    "OTit": "",
    "FOA": "1755",
    "Rating": "AUG25",
    "Gms": "0",
    "K": "20",
    "B-day": "1999",
    "Flag": "i"
  },
  {
    "ID Number": "13015133",
    "Name": "Mar Mar Aung",
    "Fed": "MYA",
    "Sex": "F",
    "Title": "",
    "WTit": "",
    "OTit": "",
    "FOA": "1639",
    "Rating": "AUG25",
    "Gms": "0",
    "K": "20",
    "B-day": "2004",
    "Flag": "wi"
  },
  {
    "ID Number": "13000233",
    "Name": "Maung Maung Lwin",
    "Fed": "MYA",
    "Sex": "M",
    "Title": "FM",
    "WTit": "",
    "OTit": "",
    "FOA": "2016",
    "Rating": "AUG25",
    "Gms": "0",
    "K": "20",
    "B-day": "1961",
    "Flag": ""
  },
  {
    "ID Number": "13001698",
    "Name": "Maung, Maung Kyaw Zaw Hein",
    "Fed": "MYA",
    "Sex": "M",
    "Title": "FM",
    "WTit": "",
    "OTit": "",
    "FOA": "2019",
    "Rating": "AUG25",
    "Gms": "0",
    "K": "20",
    "B-day": "2000",
    "Flag": "i"
  },
  {
    "ID Number": "13002961",
    "Name": "May Hsett Lwin",
    "Fed": "MYA",
    "Sex": "F",
    "Title": "FM",
    "WTit": "",
    "OTit": "",
    "FOA": "2064",
    "Rating": "AUG25",
    "Gms": "9",
    "K": "20",
    "B-day": "1984",
    "Flag": "w"
  },
  {
    "ID Number": "13002970",
    "Name": "May Hsu Lwin",
    "Fed": "MYA",
    "Sex": "F",
    "Title": "FM",
    "WTit": "",
    "OTit": "",
    "FOA": "2048",
    "Rating": "AUG25",
    "Gms": "7",
    "K": "20",
    "B-day": "1984",
    "Flag": "w"
  },
  {
    "ID Number": "13012568",
    "Name": "May Kinsanar Htun",
    "Fed": "MYA",
    "Sex": "F",
    "Title": "",
    "WTit": "",
    "OTit": "",
    "FOA": "1727",
    "Rating": "AUG25",
    "Gms": "0",
    "K": "20",
    "B-day": "2001",
    "Flag": "wi"
  },
  {
    "ID Number": "13024671",
    "Name": "May Mahar",
    "Fed": "MYA",
    "Sex": "F",
    "Title": "",
    "WTit": "",
    "OTit": "",
    "FOA": "1458",
    "Rating": "AUG25",
    "Gms": "5",
    "K": "40",
    "B-day": "2014",
    "Flag": "w"
  },
  {
    "ID Number": "13025627",
    "Name": "May Phoo Zum",
    "Fed": "MYA",
    "Sex": "F",
    "Title": "",
    "WTit": "",
    "OTit": "",
    "FOA": "1539",
    "Rating": "AUG25",
    "Gms": "0",
    "K": "40",
    "B-day": "2009",
    "Flag": "w"
  },
  {
    "ID Number": "13018191",
    "Name": "Min Amarawatti",
    "Fed": "MYA",
    "Sex": "F",
    "Title": "",
    "WTit": "",
    "OTit": "",
    "FOA": "1577",
    "Rating": "AUG25",
    "Gms": "5",
    "K": "40",
    "B-day": "2011",
    "Flag": "w"
  },
  {
    "ID Number": "13007548",
    "Name": "Min Htet Oo",
    "Fed": "MYA",
    "Sex": "M",
    "Title": "",
    "WTit": "",
    "OTit": "",
    "FOA": "1779",
    "Rating": "AUG25",
    "Gms": "0",
    "K": "20",
    "B-day": "1999",
    "Flag": "i"
  },
  {
    "ID Number": "13022431",
    "Name": "Min Ko Ko",
    "Fed": "MYA",
    "Sex": "M",
    "Title": "",
    "WTit": "",
    "OTit": "",
    "FOA": "2173",
    "Rating": "AUG25",
    "Gms": "9",
    "K": "20",
    "B-day": "1990",
    "Flag": ""
  },
  {
    "ID Number": "13024000",
    "Name": "Min Min",
    "Fed": "MYA",
    "Sex": "M",
    "Title": "",
    "WTit": "",
    "OTit": "",
    "FOA": "1934",
    "Rating": "AUG25",
    "Gms": "10",
    "K": "20",
    "B-day": "1980",
    "Flag": ""
  },
  {
    "ID Number": "13015524",
    "Name": "Moe Zaw Oo",
    "Fed": "MYA",
    "Sex": "M",
    "Title": "",
    "WTit": "",
    "OTit": "",
    "FOA": "2198",
    "Rating": "AUG25",
    "Gms": "0",
    "K": "20",
    "B-day": "1977",
    "Flag": "i"
  },
  {
    "ID Number": "13015320",
    "Name": "Mya Sabal",
    "Fed": "MYA",
    "Sex": "F",
    "Title": "",
    "WTit": "",
    "OTit": "",
    "FOA": "1719",
    "Rating": "AUG25",
    "Gms": "0",
    "K": "20",
    "B-day": "2000",
    "Flag": "wi"
  },
  {
    "ID Number": "13008730",
    "Name": "Myat Min A",
    "Fed": "MYA",
    "Sex": "M",
    "Title": "",
    "WTit": "",
    "OTit": "",
    "FOA": "2085",
    "Rating": "AUG25",
    "Gms": "0",
    "K": "20",
    "B-day": "1980",
    "Flag": "i"
  },
  {
    "ID Number": "13027697",
    "Name": "Myat Thu A",
    "Fed": "MYA",
    "Sex": "M",
    "Title": "",
    "WTit": "",
    "OTit": "",
    "FOA": "2040",
    "Rating": "AUG25",
    "Gms": "11",
    "K": "40",
    "B-day": "1986",
    "Flag": ""
  },
  {
    "ID Number": "13000322",
    "Name": "Myint Han",
    "Fed": "MYA",
    "Sex": "M",
    "Title": "IM",
    "WTit": "",
    "OTit": "",
    "FOA": "2265",
    "Rating": "AUG25",
    "Gms": "10",
    "K": "20",
    "B-day": "1962",
    "Flag": ""
  },
  {
    "ID Number": "13007947",
    "Name": "Myint Swe",
    "Fed": "MYA",
    "Sex": "M",
    "Title": "",
    "WTit": "",
    "OTit": "",
    "FOA": "1994",
    "Rating": "AUG25",
    "Gms": "0",
    "K": "20",
    "B-day": "1965",
    "Flag": "i"
  },
  {
    "ID Number": "13025678",
    "Name": "Myint Thaw Khant",
    "Fed": "MYA",
    "Sex": "M",
    "Title": "",
    "WTit": "",
    "OTit": "",
    "FOA": "1565",
    "Rating": "AUG25",
    "Gms": "8",
    "K": "40",
    "B-day": "2012",
    "Flag": ""
  },
  {
    "ID Number": "13011928",
    "Name": "Myint Thein A",
    "Fed": "MYA",
    "Sex": "M",
    "Title": "",
    "WTit": "",
    "OTit": "",
    "FOA": "1909",
    "Rating": "AUG25",
    "Gms": "0",
    "K": "20",
    "B-day": "1958",
    "Flag": "i"
  },
  {
    "ID Number": "13004697",
    "Name": "Myint Thi Ha Kyaw",
    "Fed": "MYA",
    "Sex": "M",
    "Title": "",
    "WTit": "",
    "OTit": "",
    "FOA": "2029",
    "Rating": "AUG25",
    "Gms": "0",
    "K": "20",
    "B-day": "1978",
    "Flag": "i"
  },
  {
    "ID Number": "13002422",
    "Name": "Myo Htut Aung A",
    "Fed": "MYA",
    "Sex": "M",
    "Title": "FM",
    "WTit": "",
    "OTit": "",
    "FOA": "2128",
    "Rating": "AUG25",
    "Gms": "10",
    "K": "20",
    "B-day": "1977",
    "Flag": ""
  },
  {
    "ID Number": "13003968",
    "Name": "Myo Kyaw Hlaing",
    "Fed": "MYA",
    "Sex": "M",
    "Title": "",
    "WTit": "",
    "OTit": "",
    "FOA": "2029",
    "Rating": "AUG25",
    "Gms": "9",
    "K": "20",
    "B-day": "1971",
    "Flag": ""
  },
  {
    "ID Number": "13011952",
    "Name": "Myo Myint Maung",
    "Fed": "MYA",
    "Sex": "M",
    "Title": "",
    "WTit": "",
    "OTit": "",
    "FOA": "1922",
    "Rating": "AUG25",
    "Gms": "0",
    "K": "20",
    "B-day": "2002",
    "Flag": "i"
  },
  {
    "ID Number": "13009281",
    "Name": "Myo Myint Swe",
    "Fed": "MYA",
    "Sex": "M",
    "Title": "",
    "WTit": "",
    "OTit": "",
    "FOA": "1761",
    "Rating": "AUG25",
    "Gms": "0",
    "K": "20",
    "B-day": "2004",
    "Flag": "i"
  },
  {
    "ID Number": "13007955",
    "Name": "Myo Swe",
    "Fed": "MYA",
    "Sex": "M",
    "Title": "",
    "WTit": "",
    "OTit": "",
    "FOA": "2220",
    "Rating": "AUG25",
    "Gms": "0",
    "K": "20",
    "B-day": "1967",
    "Flag": "i"
  },
  {
    "ID Number": "13003348",
    "Name": "Myo Thiha Lwin",
    "Fed": "MYA",
    "Sex": "M",
    "Title": "",
    "WTit": "",
    "OTit": "",
    "FOA": "1843",
    "Rating": "AUG25",
    "Gms": "0",
    "K": "20",
    "B-day": "1998",
    "Flag": "i"
  },
  {
    "ID Number": "13006860",
    "Name": "Myo Tint",
    "Fed": "MYA",
    "Sex": "M",
    "Title": "",
    "WTit": "",
    "OTit": "",
    "FOA": "1983",
    "Rating": "AUG25",
    "Gms": "0",
    "K": "20",
    "B-day": "1958",
    "Flag": "i"
  },
  {
    "ID Number": "13010883",
    "Name": "Myo Zaw Tun",
    "Fed": "MYA",
    "Sex": "M",
    "Title": "",
    "WTit": "",
    "OTit": "",
    "FOA": "1917",
    "Rating": "AUG25",
    "Gms": "5",
    "K": "20",
    "B-day": "1982",
    "Flag": ""
  },
  {
    "ID Number": "13000071",
    "Name": "Myo, Naing",
    "Fed": "MYA",
    "Sex": "M",
    "Title": "IM",
    "WTit": "",
    "OTit": "",
    "FOA": "2307",
    "Rating": "AUG25",
    "Gms": "10",
    "K": "20",
    "B-day": "1964",
    "Flag": ""
  },
  {
    "ID Number": "13002899",
    "Name": "Nan M K Khine Hlyan",
    "Fed": "MYA",
    "Sex": "F",
    "Title": "WFM",
    "WTit": "WFM",
    "OTit": "NA",
    "FOA": "1966",
    "Rating": "AUG25",
    "Gms": "0",
    "K": "20",
    "B-day": "1989",
    "Flag": "wi"
  },
  {
    "ID Number": "13004158",
    "Name": "Nang Theint Nandar",
    "Fed": "MYA",
    "Sex": "F",
    "Title": "",
    "WTit": "",
    "OTit": "",
    "FOA": "1593",
    "Rating": "AUG25",
    "Gms": "0",
    "K": "20",
    "B-day": "1999",
    "Flag": "wi"
  },
  {
    "ID Number": "13004255",
    "Name": "Nay Lin Tun",
    "Fed": "MYA",
    "Sex": "M",
    "Title": "CM",
    "WTit": "",
    "OTit": "",
    "FOA": "2037",
    "Rating": "AUG25",
    "Gms": "0",
    "K": "20",
    "B-day": "2003",
    "Flag": ""
  },
  {
    "ID Number": "13004387",
    "Name": "Nay Win Aung",
    "Fed": "MYA",
    "Sex": "M",
    "Title": "",
    "WTit": "",
    "OTit": "",
    "FOA": "2168",
    "Rating": "AUG25",
    "Gms": "0",
    "K": "20",
    "B-day": "1979",
    "Flag": "i"
  },
  {
    "ID Number": "13024914",
    "Name": "Nyan Bhone Htet",
    "Fed": "MYA",
    "Sex": "M",
    "Title": "",
    "WTit": "",
    "OTit": "",
    "FOA": "1936",
    "Rating": "AUG25",
    "Gms": "11",
    "K": "40",
    "B-day": "2011",
    "Flag": ""
  },
  {
    "ID Number": "13024930",
    "Name": "Nyan Lin Htin",
    "Fed": "MYA",
    "Sex": "M",
    "Title": "",
    "WTit": "",
    "OTit": "",
    "FOA": "1739",
    "Rating": "AUG25",
    "Gms": "0",
    "K": "40",
    "B-day": "2008",
    "Flag": ""
  },
  {
    "ID Number": "13015001",
    "Name": "Nyan Swan Pyae",
    "Fed": "MYA",
    "Sex": "M",
    "Title": "",
    "WTit": "",
    "OTit": "",
    "FOA": "1673",
    "Rating": "AUG25",
    "Gms": "0",
    "K": "40",
    "B-day": "2009",
    "Flag": ""
  },
  {
    "ID Number": "13011308",
    "Name": "Nyi Myo Aung",
    "Fed": "MYA",
    "Sex": "M",
    "Title": "",
    "WTit": "",
    "OTit": "",
    "FOA": "2050",
    "Rating": "AUG25",
    "Gms": "9",
    "K": "20",
    "B-day": "1985",
    "Flag": ""
  },
  {
    "ID Number": "13026089",
    "Name": "Nyi Nyi Aung",
    "Fed": "MYA",
    "Sex": "M",
    "Title": "",
    "WTit": "",
    "OTit": "",
    "FOA": "1736",
    "Rating": "AUG25",
    "Gms": "10",
    "K": "40",
    "B-day": "1981",
    "Flag": ""
  },
  {
    "ID Number": "13002481",
    "Name": "Nyi Nyi Lwin",
    "Fed": "MYA",
    "Sex": "M",
    "Title": "",
    "WTit": "",
    "OTit": "",
    "FOA": "2206",
    "Rating": "AUG25",
    "Gms": "10",
    "K": "20",
    "B-day": "1965",
    "Flag": ""
  },
  {
    "ID Number": "13007750",
    "Name": "Oak Kar Pyae Sone",
    "Fed": "MYA",
    "Sex": "M",
    "Title": "",
    "WTit": "",
    "OTit": "",
    "FOA": "1767",
    "Rating": "AUG25",
    "Gms": "0",
    "K": "40",
    "B-day": "2007",
    "Flag": "i"
  },
  {
    "ID Number": "13015605",
    "Name": "Oak Soe Kyaw",
    "Fed": "MYA",
    "Sex": "M",
    "Title": "",
    "WTit": "",
    "OTit": "",
    "FOA": "1518",
    "Rating": "AUG25",
    "Gms": "0",
    "K": "40",
    "B-day": "2012",
    "Flag": ""
  },
  {
    "ID Number": "13007343",
    "Name": "Ohn Kyaw",
    "Fed": "MYA",
    "Sex": "M",
    "Title": "",
    "WTit": "",
    "OTit": "",
    "FOA": "1986",
    "Rating": "AUG25",
    "Gms": "0",
    "K": "20",
    "B-day": "1962",
    "Flag": "i"
  },
  {
    "ID Number": "13007416",
    "Name": "Ohnmar Soe",
    "Fed": "MYA",
    "Sex": "F",
    "Title": "",
    "WTit": "",
    "OTit": "",
    "FOA": "1776",
    "Rating": "AUG25",
    "Gms": "7",
    "K": "20",
    "B-day": "1965",
    "Flag": "w"
  },
  {
    "ID Number": "13016172",
    "Name": "Pai Zay Yar Ko",
    "Fed": "MYA",
    "Sex": "M",
    "Title": "",
    "WTit": "",
    "OTit": "",
    "FOA": "1710",
    "Rating": "AUG25",
    "Gms": "0",
    "K": "20",
    "B-day": "2004",
    "Flag": "i"
  },
  {
    "ID Number": "13024701",
    "Name": "Paing Htoo Sett",
    "Fed": "MYA",
    "Sex": "M",
    "Title": "",
    "WTit": "",
    "OTit": "",
    "FOA": "1460",
    "Rating": "AUG25",
    "Gms": "5",
    "K": "40",
    "B-day": "2016",
    "Flag": ""
  },
  {
    "ID Number": "13002996",
    "Name": "Paing Moe Myint",
    "Fed": "MYA",
    "Sex": "M",
    "Title": "FM",
    "WTit": "",
    "OTit": "",
    "FOA": "2045",
    "Rating": "AUG25",
    "Gms": "10",
    "K": "20",
    "B-day": "1991",
    "Flag": ""
  },
  {
    "ID Number": "13015486",
    "Name": "Paing Phyo Zin",
    "Fed": "MYA",
    "Sex": "M",
    "Title": "",
    "WTit": "",
    "OTit": "",
    "FOA": "1618",
    "Rating": "AUG25",
    "Gms": "0",
    "K": "20",
    "B-day": "2000",
    "Flag": "i"
  },
  {
    "ID Number": "13026194",
    "Name": "Pyae Phyo Kyaw C",
    "Fed": "MYA",
    "Sex": "M",
    "Title": "",
    "WTit": "",
    "OTit": "",
    "FOA": "1492",
    "Rating": "AUG25",
    "Gms": "0",
    "K": "20",
    "B-day": "2004",
    "Flag": ""
  },
  {
    "ID Number": "13023799",
    "Name": "Pyi Wa Tun",
    "Fed": "MYA",
    "Sex": "M",
    "Title": "",
    "WTit": "",
    "OTit": "",
    "FOA": "1823",
    "Rating": "AUG25",
    "Gms": "0",
    "K": "20",
    "B-day": "1974",
    "Flag": "i"
  },
  {
    "ID Number": "13015478",
    "Name": "Ready Aung",
    "Fed": "MYA",
    "Sex": "M",
    "Title": "",
    "WTit": "",
    "OTit": "",
    "FOA": "1751",
    "Rating": "AUG25",
    "Gms": "0",
    "K": "20",
    "B-day": "2002",
    "Flag": "i"
  },
  {
    "ID Number": "13012282",
    "Name": "Sai Han Htoo Aung",
    "Fed": "MYA",
    "Sex": "M",
    "Title": "",
    "WTit": "",
    "OTit": "",
    "FOA": "1698",
    "Rating": "AUG25",
    "Gms": "0",
    "K": "20",
    "B-day": "2006",
    "Flag": ""
  },
  {
    "ID Number": "13012290",
    "Name": "Sai Han Thiha",
    "Fed": "MYA",
    "Sex": "M",
    "Title": "FM",
    "WTit": "FI",
    "OTit": "",
    "FOA": "2081",
    "Rating": "AUG25",
    "Gms": "18",
    "K": "40",
    "B-day": "2007",
    "Flag": ""
  },
  {
    "ID Number": "13026070",
    "Name": "San Hlaing",
    "Fed": "MYA",
    "Sex": "M",
    "Title": "",
    "WTit": "",
    "OTit": "",
    "FOA": "1881",
    "Rating": "AUG25",
    "Gms": "8",
    "K": "20",
    "B-day": "1961",
    "Flag": ""
  },
  {
    "ID Number": "13015621",
    "Name": "San Htun Aung",
    "Fed": "MYA",
    "Sex": "M",
    "Title": "",
    "WTit": "",
    "OTit": "",
    "FOA": "1931",
    "Rating": "AUG25",
    "Gms": "0",
    "K": "20",
    "B-day": "1999",
    "Flag": "i"
  },
  {
    "ID Number": "13011316",
    "Name": "San Min Hlaing",
    "Fed": "MYA",
    "Sex": "M",
    "Title": "",
    "WTit": "",
    "OTit": "",
    "FOA": "2005",
    "Rating": "AUG25",
    "Gms": "0",
    "K": "20",
    "B-day": "1985",
    "Flag": "i"
  },
  {
    "ID Number": "13001272",
    "Name": "San Thit Lwin",
    "Fed": "MYA",
    "Sex": "M",
    "Title": "FM",
    "WTit": "",
    "OTit": "",
    "FOA": "2232",
    "Rating": "AUG25",
    "Gms": "0",
    "K": "20",
    "B-day": "1972",
    "Flag": "i"
  },
  {
    "ID Number": "13003631",
    "Name": "Sandar Khine Aung",
    "Fed": "MYA",
    "Sex": "F",
    "Title": "",
    "WTit": "",
    "OTit": "",
    "FOA": "1534",
    "Rating": "AUG25",
    "Gms": "0",
    "K": "20",
    "B-day": "2000",
    "Flag": "wi"
  },
  {
    "ID Number": "13023292",
    "Name": "Saung Wutt Hmone Oo",
    "Fed": "MYA",
    "Sex": "F",
    "Title": "",
    "WTit": "",
    "OTit": "",
    "FOA": "1593",
    "Rating": "AUG25",
    "Gms": "7",
    "K": "40",
    "B-day": "2016",
    "Flag": "w"
  },
  {
    "ID Number": "13022458",
    "Name": "Saw Aye Chan Min",
    "Fed": "MYA",
    "Sex": "M",
    "Title": "",
    "WTit": "",
    "OTit": "",
    "FOA": "1904",
    "Rating": "AUG25",
    "Gms": "17",
    "K": "40",
    "B-day": "2007",
    "Flag": ""
  },
  {
    "ID Number": "13006401",
    "Name": "Saw, Win Aung",
    "Fed": "MYA",
    "Sex": "M",
    "Title": "",
    "WTit": "",
    "OTit": "",
    "FOA": "2106",
    "Rating": "AUG25",
    "Gms": "11",
    "K": "20",
    "B-day": "1980",
    "Flag": ""
  },
  {
    "ID Number": "13023713",
    "Name": "Shin Nadi Aung",
    "Fed": "MYA",
    "Sex": "F",
    "Title": "",
    "WTit": "",
    "OTit": "",
    "FOA": "1478",
    "Rating": "AUG25",
    "Gms": "0",
    "K": "40",
    "B-day": "2015",
    "Flag": "w"
  },
  {
    "ID Number": "13026003",
    "Name": "Shin Thant Peti",
    "Fed": "MYA",
    "Sex": "M",
    "Title": "",
    "WTit": "",
    "OTit": "",
    "FOA": "1716",
    "Rating": "AUG25",
    "Gms": "6",
    "K": "20",
    "B-day": "2002",
    "Flag": ""
  },
  {
    "ID Number": "13015516",
    "Name": "Shwe Chin Ba Than",
    "Fed": "MYA",
    "Sex": "M",
    "Title": "",
    "WTit": "",
    "OTit": "",
    "FOA": "1741",
    "Rating": "AUG25",
    "Gms": "0",
    "K": "20",
    "B-day": "1994",
    "Flag": "i"
  },
  {
    "ID Number": "13004280",
    "Name": "Shwe Nadi",
    "Fed": "MYA",
    "Sex": "M",
    "Title": "",
    "WTit": "",
    "OTit": "",
    "FOA": "1662",
    "Rating": "AUG25",
    "Gms": "0",
    "K": "20",
    "B-day": "2000",
    "Flag": "i"
  },
  {
    "ID Number": "13011022",
    "Name": "Shwe Naing Htun",
    "Fed": "MYA",
    "Sex": "M",
    "Title": "",
    "WTit": "",
    "OTit": "",
    "FOA": "2119",
    "Rating": "AUG25",
    "Gms": "0",
    "K": "20",
    "B-day": "1979",
    "Flag": "i"
  },
  {
    "ID Number": "13024744",
    "Name": "Shwe Yee Poe Eaint",
    "Fed": "MYA",
    "Sex": "F",
    "Title": "",
    "WTit": "",
    "OTit": "",
    "FOA": "1588",
    "Rating": "AUG25",
    "Gms": "8",
    "K": "40",
    "B-day": "2014",
    "Flag": "w"
  },
  {
    "ID Number": "13007726",
    "Name": "Si Thu Lwin",
    "Fed": "MYA",
    "Sex": "M",
    "Title": "",
    "WTit": "",
    "OTit": "",
    "FOA": "2011",
    "Rating": "AUG25",
    "Gms": "0",
    "K": "20",
    "B-day": "1997",
    "Flag": "i"
  },
  {
    "ID Number": "13018132",
    "Name": "Sithu Naing",
    "Fed": "MYA",
    "Sex": "M",
    "Title": "",
    "WTit": "",
    "OTit": "",
    "FOA": "1781",
    "Rating": "AUG25",
    "Gms": "11",
    "K": "20",
    "B-day": "2000",
    "Flag": ""
  },
  {
    "ID Number": "13005260",
    "Name": "Soe Win Naing",
    "Fed": "MYA",
    "Sex": "M",
    "Title": "",
    "WTit": "",
    "OTit": "",
    "FOA": "2073",
    "Rating": "AUG25",
    "Gms": "0",
    "K": "20",
    "B-day": "1983",
    "Flag": "i"
  },
  {
    "ID Number": "13005251",
    "Name": "Su Laet Nandar",
    "Fed": "MYA",
    "Sex": "F",
    "Title": "",
    "WTit": "",
    "OTit": "",
    "FOA": "1852",
    "Rating": "AUG25",
    "Gms": "0",
    "K": "20",
    "B-day": "2003",
    "Flag": "wi"
  },
  {
    "ID Number": "13019830",
    "Name": "Su San Thi Han",
    "Fed": "MYA",
    "Sex": "F",
    "Title": "",
    "WTit": "",
    "OTit": "",
    "FOA": "1441",
    "Rating": "AUG25",
    "Gms": "0",
    "K": "40",
    "B-day": "2015",
    "Flag": "wi"
  },
  {
    "ID Number": "13027948",
    "Name": "Than Htike A",
    "Fed": "MYA",
    "Sex": "M",
    "Title": "",
    "WTit": "",
    "OTit": "",
    "FOA": "1872",
    "Rating": "AUG25",
    "Gms": "9",
    "K": "40",
    "B-day": "1974",
    "Flag": ""
  },
  {
    "ID Number": "13026186",
    "Name": "Than Kyawe Phone Hlaing",
    "Fed": "MYA",
    "Sex": "M",
    "Title": "",
    "WTit": "",
    "OTit": "",
    "FOA": "1508",
    "Rating": "AUG25",
    "Gms": "0",
    "K": "20",
    "B-day": "1999",
    "Flag": ""
  },
  {
    "ID Number": "13007394",
    "Name": "Than Win",
    "Fed": "MYA",
    "Sex": "M",
    "Title": "",
    "WTit": "",
    "OTit": "",
    "FOA": "1846",
    "Rating": "AUG25",
    "Gms": "0",
    "K": "20",
    "B-day": "1953",
    "Flag": "i"
  },
  {
    "ID Number": "13001353",
    "Name": "Than, Min Hlaing",
    "Fed": "MYA",
    "Sex": "M",
    "Title": "",
    "WTit": "",
    "OTit": "",
    "FOA": "2181",
    "Rating": "AUG25",
    "Gms": "11",
    "K": "20",
    "B-day": "1976",
    "Flag": ""
  },
  {
    "ID Number": "13013564",
    "Name": "Thant, Zin Oo",
    "Fed": "MYA",
    "Sex": "M",
    "Title": "",
    "WTit": "",
    "OTit": "",
    "FOA": "1862",
    "Rating": "AUG25",
    "Gms": "0",
    "K": "20",
    "B-day": "1981",
    "Flag": "i"
  },
  {
    "ID Number": "13007203",
    "Name": "Thaw Dar Chan Aye",
    "Fed": "MYA",
    "Sex": "M",
    "Title": "",
    "WTit": "",
    "OTit": "",
    "FOA": "1966",
    "Rating": "AUG25",
    "Gms": "0",
    "K": "20",
    "B-day": "1980",
    "Flag": "i"
  },
  {
    "ID Number": "13004034",
    "Name": "Thaw Zin Htet",
    "Fed": "MYA",
    "Sex": "M",
    "Title": "",
    "WTit": "",
    "OTit": "",
    "FOA": "1935",
    "Rating": "AUG25",
    "Gms": "0",
    "K": "20",
    "B-day": "1999",
    "Flag": "i"
  },
  {
    "ID Number": "13007998",
    "Name": "Thet Naing Win",
    "Fed": "MYA",
    "Sex": "M",
    "Title": "",
    "WTit": "",
    "OTit": "",
    "FOA": "2132",
    "Rating": "AUG25",
    "Gms": "0",
    "K": "20",
    "B-day": "1973",
    "Flag": "i"
  },
  {
    "ID Number": "13004093",
    "Name": "Thet Naung",
    "Fed": "MYA",
    "Sex": "M",
    "Title": "FM",
    "WTit": "NA",
    "OTit": "",
    "FOA": "2320",
    "Rating": "AUG25",
    "Gms": "0",
    "K": "20",
    "B-day": "1982",
    "Flag": "i"
  },
  {
    "ID Number": "13013904",
    "Name": "Thi Ha Zaw A",
    "Fed": "MYA",
    "Sex": "M",
    "Title": "",
    "WTit": "",
    "OTit": "",
    "FOA": "1657",
    "Rating": "AUG25",
    "Gms": "0",
    "K": "40",
    "B-day": "2008",
    "Flag": "i"
  },
  {
    "ID Number": "13015770",
    "Name": "Thone Diay Aung",
    "Fed": "MYA",
    "Sex": "F",
    "Title": "",
    "WTit": "",
    "OTit": "",
    "FOA": "1408",
    "Rating": "AUG25",
    "Gms": "0",
    "K": "40",
    "B-day": "2010",
    "Flag": "wi"
  },
  {
    "ID Number": "13015079",
    "Name": "Thoon Thiri San",
    "Fed": "MYA",
    "Sex": "F",
    "Title": "",
    "WTit": "",
    "OTit": "",
    "FOA": "1419",
    "Rating": "AUG25",
    "Gms": "0",
    "K": "40",
    "B-day": "2010",
    "Flag": "wi"
  },
  {
    "ID Number": "13027786",
    "Name": "Thuriya",
    "Fed": "MYA",
    "Sex": "M",
    "Title": "",
    "WTit": "",
    "OTit": "",
    "FOA": "1614",
    "Rating": "AUG25",
    "Gms": "9",
    "K": "40",
    "B-day": "2010",
    "Flag": ""
  },
  {
    "ID Number": "13002872",
    "Name": "Tin Lay Shwe",
    "Fed": "MYA",
    "Sex": "F",
    "Title": "WFM",
    "WTit": "WFM",
    "OTit": "",
    "FOA": "2023",
    "Rating": "AUG25",
    "Gms": "0",
    "K": "20",
    "B-day": "1981",
    "Flag": "wi"
  },
  {
    "ID Number": "13025660",
    "Name": "Tin Tun Aung",
    "Fed": "MYA",
    "Sex": "M",
    "Title": "",
    "WTit": "",
    "OTit": "",
    "FOA": "2031",
    "Rating": "AUG25",
    "Gms": "11",
    "K": "40",
    "B-day": "1976",
    "Flag": ""
  },
  {
    "ID Number": "13000241",
    "Name": "Tin Tun Zaw",
    "Fed": "MYA",
    "Sex": "M",
    "Title": "",
    "WTit": "",
    "OTit": "",
    "FOA": "1993",
    "Rating": "AUG25",
    "Gms": "7",
    "K": "20",
    "B-day": "1979",
    "Flag": ""
  },
  {
    "ID Number": "13024752",
    "Name": "Toe Ghon Shein Linn",
    "Fed": "MYA",
    "Sex": "M",
    "Title": "",
    "WTit": "",
    "OTit": "",
    "FOA": "1732",
    "Rating": "AUG25",
    "Gms": "14",
    "K": "40",
    "B-day": "2015",
    "Flag": ""
  },
  {
    "ID Number": "13010360",
    "Name": "Toe Lwin",
    "Fed": "MYA",
    "Sex": "M",
    "Title": "",
    "WTit": "",
    "OTit": "",
    "FOA": "1980",
    "Rating": "AUG25",
    "Gms": "0",
    "K": "20",
    "B-day": "1954",
    "Flag": "i"
  },
  {
    "ID Number": "13024078",
    "Name": "Toe Naing A",
    "Fed": "MYA",
    "Sex": "M",
    "Title": "",
    "WTit": "",
    "OTit": "",
    "FOA": "2019",
    "Rating": "AUG25",
    "Gms": "9",
    "K": "20",
    "B-day": "1968",
    "Flag": ""
  },
  {
    "ID Number": "13005987",
    "Name": "Tun Min Latt",
    "Fed": "MYA",
    "Sex": "M",
    "Title": "",
    "WTit": "",
    "OTit": "",
    "FOA": "2032",
    "Rating": "AUG25",
    "Gms": "0",
    "K": "20",
    "B-day": "1976",
    "Flag": "i"
  },
  {
    "ID Number": "13004131",
    "Name": "Tun Naung",
    "Fed": "MYA",
    "Sex": "M",
    "Title": "",
    "WTit": "",
    "OTit": "",
    "FOA": "1786",
    "Rating": "AUG25",
    "Gms": "0",
    "K": "20",
    "B-day": "2000",
    "Flag": ""
  },
  {
    "ID Number": "13025821",
    "Name": "Tun Tun Oo B",
    "Fed": "MYA",
    "Sex": "M",
    "Title": "",
    "WTit": "",
    "OTit": "",
    "FOA": "1752",
    "Rating": "AUG25",
    "Gms": "6",
    "K": "20",
    "B-day": "1987",
    "Flag": ""
  },
  {
    "ID Number": "13027689",
    "Name": "Tun Tun Oo C",
    "Fed": "MYA",
    "Sex": "M",
    "Title": "",
    "WTit": "",
    "OTit": "",
    "FOA": "2019",
    "Rating": "AUG25",
    "Gms": "11",
    "K": "40",
    "B-day": "1977",
    "Flag": ""
  },
  {
    "ID Number": "13012347",
    "Name": "Tun Zar Ni Kyaw",
    "Fed": "MYA",
    "Sex": "M",
    "Title": "",
    "WTit": "NA",
    "OTit": "",
    "FOA": "1841",
    "Rating": "AUG25",
    "Gms": "8",
    "K": "20",
    "B-day": "1980",
    "Flag": ""
  },
  {
    "ID Number": "13004816",
    "Name": "Wai Phyo",
    "Fed": "MYA",
    "Sex": "M",
    "Title": "",
    "WTit": "",
    "OTit": "",
    "FOA": "2054",
    "Rating": "AUG25",
    "Gms": "6",
    "K": "20",
    "B-day": "1982",
    "Flag": ""
  },
  {
    "ID Number": "13009290",
    "Name": "Wanna Htay",
    "Fed": "MYA",
    "Sex": "M",
    "Title": "",
    "WTit": "",
    "OTit": "",
    "FOA": "1571",
    "Rating": "AUG25",
    "Gms": "0",
    "K": "20",
    "B-day": "2005",
    "Flag": "i"
  },
  {
    "ID Number": "13003658",
    "Name": "Win Naing",
    "Fed": "MYA",
    "Sex": "M",
    "Title": "",
    "WTit": "",
    "OTit": "",
    "FOA": "1978",
    "Rating": "AUG25",
    "Gms": "0",
    "K": "20",
    "B-day": "1966",
    "Flag": "i"
  },
  {
    "ID Number": "13007297",
    "Name": "Win Thein S",
    "Fed": "MYA",
    "Sex": "M",
    "Title": "",
    "WTit": "",
    "OTit": "",
    "FOA": "1902",
    "Rating": "AUG25",
    "Gms": "0",
    "K": "20",
    "B-day": "1963",
    "Flag": "i"
  },
  {
    "ID Number": "13003100",
    "Name": "Win, Tun",
    "Fed": "MYA",
    "Sex": "M",
    "Title": "FM",
    "WTit": "",
    "OTit": "",
    "FOA": "2190",
    "Rating": "AUG25",
    "Gms": "0",
    "K": "20",
    "B-day": "1979",
    "Flag": "i"
  },
  {
    "ID Number": "13006550",
    "Name": "Win, Tun Oo",
    "Fed": "MYA",
    "Sex": "M",
    "Title": "",
    "WTit": "",
    "OTit": "",
    "FOA": "2035",
    "Rating": "AUG25",
    "Gms": "9",
    "K": "20",
    "B-day": "1977",
    "Flag": ""
  },
  {
    "ID Number": "13007637",
    "Name": "Wint Ohmmar Kyaw",
    "Fed": "MYA",
    "Sex": "F",
    "Title": "",
    "WTit": "",
    "OTit": "",
    "FOA": "1855",
    "Rating": "AUG25",
    "Gms": "0",
    "K": "20",
    "B-day": "1998",
    "Flag": "wi"
  },
  {
    "ID Number": "13002783",
    "Name": "Wynn, Zaw Htun",
    "Fed": "MYA",
    "Sex": "M",
    "Title": "IM",
    "WTit": "FT,NA",
    "OTit": "",
    "FOA": "2391",
    "Rating": "AUG25",
    "Gms": "0",
    "K": "10",
    "B-day": "1982",
    "Flag": "i"
  },
  {
    "ID Number": "13024728",
    "Name": "Xavier Moezac",
    "Fed": "MYA",
    "Sex": "M",
    "Title": "",
    "WTit": "",
    "OTit": "",
    "FOA": "1646",
    "Rating": "AUG25",
    "Gms": "1",
    "K": "40",
    "B-day": "2015",
    "Flag": ""
  },
  {
    "ID Number": "13025546",
    "Name": "Yar Zar Kyaw",
    "Fed": "MYA",
    "Sex": "M",
    "Title": "",
    "WTit": "",
    "OTit": "",
    "FOA": "1860",
    "Rating": "AUG25",
    "Gms": "8",
    "K": "40",
    "B-day": "1987",
    "Flag": ""
  },
  {
    "ID Number": "13025406",
    "Name": "Yaw Chang",
    "Fed": "MYA",
    "Sex": "M",
    "Title": "",
    "WTit": "",
    "OTit": "",
    "FOA": "1645",
    "Rating": "AUG25",
    "Gms": "0",
    "K": "20",
    "B-day": "2002",
    "Flag": ""
  },
  {
    "ID Number": "13025058",
    "Name": "Yaw Min Wun",
    "Fed": "MYA",
    "Sex": "M",
    "Title": "",
    "WTit": "",
    "OTit": "",
    "FOA": "1593",
    "Rating": "AUG25",
    "Gms": "8",
    "K": "40",
    "B-day": "2010",
    "Flag": ""
  },
  {
    "ID Number": "13024477",
    "Name": "Ye Thura Hein",
    "Fed": "MYA",
    "Sex": "M",
    "Title": "",
    "WTit": "",
    "OTit": "",
    "FOA": "1667",
    "Rating": "AUG25",
    "Gms": "0",
    "K": "40",
    "B-day": "2012",
    "Flag": ""
  },
  {
    "ID Number": "13013947",
    "Name": "Ye Yint Naing Tint",
    "Fed": "MYA",
    "Sex": "M",
    "Title": "",
    "WTit": "",
    "OTit": "",
    "FOA": "1443",
    "Rating": "AUG25",
    "Gms": "0",
    "K": "40",
    "B-day": "2009",
    "Flag": "i"
  },
  {
    "ID Number": "13023276",
    "Name": "Ywun Poe Mel",
    "Fed": "MYA",
    "Sex": "F",
    "Title": "",
    "WTit": "",
    "OTit": "",
    "FOA": "1573",
    "Rating": "AUG25",
    "Gms": "0",
    "K": "40",
    "B-day": "2015",
    "Flag": "w"
  },
  {
    "ID Number": "13022504",
    "Name": "Zar Ni Aung",
    "Fed": "MYA",
    "Sex": "M",
    "Title": "",
    "WTit": "",
    "OTit": "",
    "FOA": "2010",
    "Rating": "AUG25",
    "Gms": "17",
    "K": "40",
    "B-day": "2009",
    "Flag": ""
  },
  {
    "ID Number": "13000195",
    "Name": "Zaw Oo",
    "Fed": "MYA",
    "Sex": "M",
    "Title": "FM",
    "WTit": "",
    "OTit": "",
    "FOA": "2224",
    "Rating": "AUG25",
    "Gms": "10",
    "K": "20",
    "B-day": "1974",
    "Flag": ""
  },
  {
    "ID Number": "13013955",
    "Name": "Zaw Ye Htut",
    "Fed": "MYA",
    "Sex": "M",
    "Title": "CM",
    "WTit": "",
    "OTit": "",
    "FOA": "1870",
    "Rating": "AUG25",
    "Gms": "0",
    "K": "40",
    "B-day": "2007",
    "Flag": ""
  },
  {
    "ID Number": "13014900",
    "Name": "Zaw, Min Naing A",
    "Fed": "MYA",
    "Sex": "M",
    "Title": "",
    "WTit": "",
    "OTit": "",
    "FOA": "2070",
    "Rating": "AUG25",
    "Gms": "9",
    "K": "20",
    "B-day": "1968",
    "Flag": ""
  },
  {
    "ID Number": "13001655",
    "Name": "Zaw, Win",
    "Fed": "MYA",
    "Sex": "M",
    "Title": "",
    "WTit": "",
    "OTit": "",
    "FOA": "1980",
    "Rating": "AUG25",
    "Gms": "0",
    "K": "20",
    "B-day": "1954",
    "Flag": "i"
  },
  {
    "ID Number": "13008595",
    "Name": "Zay Yar Min",
    "Fed": "MYA",
    "Sex": "M",
    "Title": "",
    "WTit": "",
    "OTit": "",
    "FOA": "1684",
    "Rating": "AUG25",
    "Gms": "5",
    "K": "20",
    "B-day": "1983",
    "Flag": ""
  },
  {
    "ID Number": "13003410",
    "Name": "Zayar Soe",
    "Fed": "MYA",
    "Sex": "M",
    "Title": "",
    "WTit": "",
    "OTit": "",
    "FOA": "1958",
    "Rating": "AUG25",
    "Gms": "10",
    "K": "20",
    "B-day": "1979",
    "Flag": ""
  },
  {
    "ID Number": "13002252",
    "Name": "Zeyar",
    "Fed": "MYA",
    "Sex": "M",
    "Title": "",
    "WTit": "",
    "OTit": "",
    "FOA": "2139",
    "Rating": "AUG25",
    "Gms": "11",
    "K": "20",
    "B-day": "1973",
    "Flag": ""
  },
  {
    "ID Number": "13013700",
    "Name": "Zin, Min",
    "Fed": "MYA",
    "Sex": "M",
    "Title": "",
    "WTit": "",
    "OTit": "",
    "FOA": "1990",
    "Rating": "AUG25",
    "Gms": "0",
    "K": "20",
    "B-day": "1979",
    "Flag": "i"
  },
  {
    "ID Number": "13003844",
    "Name": "Zwe Thura Aung",
    "Fed": "MYA",
    "Sex": "M",
    "Title": "",
    "WTit": "",
    "OTit": "",
    "FOA": "1981",
    "Rating": "AUG25",
    "Gms": "0",
    "K": "20",
    "B-day": "2000",
    "Flag": "i"
  },
  {
    "ID Number": "13020064",
    "Name": "Zwe Wai Yan Lin",
    "Fed": "MYA",
    "Sex": "M",
    "Title": "",
    "WTit": "",
    "OTit": "",
    "FOA": "1861",
    "Rating": "AUG25",
    "Gms": "0",
    "K": "40",
    "B-day": "2009",
    "Flag": ""
  }
]