[
  {
    "ID Number": "13022849"
  },
  {
    "ID Number": "13015540"
  },
  {
    "ID Number": "13009087"
  },
  {
    "ID Number": "13025104"
  },
  {
    "ID Number": "13020382"
  },
  {
    "ID Number": "13003267"
  },
  {
    "ID Number": "13025686"
  },
  {
    "ID Number": "13026500"
  },
  {
    "ID Number": "13015168"
  },
  {
    "ID Number": "13018248"
  },
  {
    "ID Number": "13000063"
  },
  {
    "ID Number": "13008315"
  },
  {
    "ID Number": "13003682"
  },
  {
    "ID Number": "6200281"
  },
  {
    "ID Number": "13004565"
  },
  {
    "ID Number": "13006703"
  },
  {
    "ID Number": "13026046"
  },
  {
    "ID Number": "13024540"
  },
  {
    "ID Number": "13007459"
  },
  {
    "ID Number": "13005057"
  },
  {
    "ID Number": "13021575"
  },
  {
    "ID Number": "13001280"
  },
  {
    "ID Number": "13015451"
  },
  {
    "ID Number": "13008323"
  },
  {
    "ID Number": "13021613"
  },
  {
    "ID Number": "13004140"
  },
  {
    "ID Number": "13002929"
  },
  {
    "ID Number": "13001817"
  },
  {
    "ID Number": "13012720"
  },
  {
    "ID Number": "13015311"
  },
  {
    "ID Number": "13026976"
  },
  {
    "ID Number": "13019236"
  },
  {
    "ID Number": "13021630"
  },
  {
    "ID Number": "13002589"
  },
  {
    "ID Number": "13004611"
  },
  {
    "ID Number": "13007475"
  },
  {
    "ID Number": "13004620"
  },
  {
    "ID Number": "13015354"
  },
  {
    "ID Number": "13024248"
  },
  {
    "ID Number": "13023101"
  },
  {
    "ID Number": "13007777"
  },
  {
    "ID Number": "13001795"
  },
  {
    "ID Number": "13024892"
  },
  {
    "ID Number": "13001701"
  },
  {
    "ID Number": "13010654"
  },
  {
    "ID Number": "13001744"
  },
  {
    "ID Number": "13011553"
  },
  {
    "ID Number": "13001361"
  },
  {
    "ID Number": "13023942"
  },
  {
    "ID Number": "13015346"
  },
  {
    "ID Number": "13014927"
  },
  {
    "ID Number": "13006070"
  },
  {
    "ID Number": "13015257"
  },
  {
    "ID Number": "13003321"
  },
  {
    "ID Number": "13015532"
  },
  {
    "ID Number": "13007505"
  },
  {
    "ID Number": "13021702"
  },
  {
    "ID Number": "13000314"
  },
  {
    "ID Number": "13008773"
  },
  {
    "ID Number": "13001248"
  },
  {
    "ID Number": "13020390"
  },
  {
    "ID Number": "13000390"
  },
  {
    "ID Number": "13014960"
  },
  {
    "ID Number": "13017640"
  },
  {
    "ID Number": "13025171"
  },
  {
    "ID Number": "13012525"
  },
  {
    "ID Number": "13004115"
  },
  {
    "ID Number": "13002007"
  },
  {
    "ID Number": "13012541"
  },
  {
    "ID Number": "13015273"
  },
  {
    "ID Number": "13019996"
  },
  {
    "ID Number": "13004239"
  },
  {
    "ID Number": "13009745"
  },
  {
    "ID Number": "13009753"
  },
  {
    "ID Number": "13008382"
  },
  {
    "ID Number": "13007530"
  },
  {
    "ID Number": "13008633"
  },
  {
    "ID Number": "13008170"
  },
  {
    "ID Number": "13009761"
  },
  {
    "ID Number": "13024655"
  },
  {
    "ID Number": "13022490"
  },
  {
    "ID Number": "13026208"
  },
  {
    "ID Number": "13001884"
  },
  {
    "ID Number": "13023977"
  },
  {
    "ID Number": "13020005"
  },
  {
    "ID Number": "13013793"
  },
  {
    "ID Number": "13015133"
  },
  {
    "ID Number": "13000233"
  },
  {
    "ID Number": "13001698"
  },
  {
    "ID Number": "13002961"
  },
  {
    "ID Number": "13002970"
  },
  {
    "ID Number": "13012568"
  },
  {
    "ID Number": "13024671"
  },
  {
    "ID Number": "13025627"
  },
  {
    "ID Number": "13018191"
  },
  {
    "ID Number": "13007548"
  },
  {
    "ID Number": "13022431"
  },
  {
    "ID Number": "13024000"
  },
  {
    "ID Number": "13015524"
  },
  {
    "ID Number": "13015320"
  },
  {
    "ID Number": "13008730"
  },
  {
    "ID Number": "13027697"
  },
  {
    "ID Number": "13000322"
  },
  {
    "ID Number": "13007947"
  },
  {
    "ID Number": "13025678"
  },
  {
    "ID Number": "13011928"
  },
  {
    "ID Number": "13004697"
  },
  {
    "ID Number": "13002422"
  },
  {
    "ID Number": "13003968"
  },
  {
    "ID Number": "13011952"
  },
  {
    "ID Number": "13009281"
  },
  {
    "ID Number": "13007955"
  },
  {
    "ID Number": "13003348"
  },
  {
    "ID Number": "13006860"
  },
  {
    "ID Number": "13010883"
  },
  {
    "ID Number": "13000071"
  },
  {
    "ID Number": "13002899"
  },
  {
    "ID Number": "13004158"
  },
  {
    "ID Number": "13004255"
  },
  {
    "ID Number": "13004387"
  },
  {
    "ID Number": "13024914"
  },
  {
    "ID Number": "13024930"
  },
  {
    "ID Number": "13015001"
  },
  {
    "ID Number": "13011308"
  },
  {
    "ID Number": "13026089"
  },
  {
    "ID Number": "13002481"
  },
  {
    "ID Number": "13007750"
  },
  {
    "ID Number": "13015605"
  },
  {
    "ID Number": "13007343"
  },
  {
    "ID Number": "13007416"
  },
  {
    "ID Number": "13016172"
  },
  {
    "ID Number": "13024701"
  },
  {
    "ID Number": "13002996"
  },
  {
    "ID Number": "13015486"
  },
  {
    "ID Number": "13026194"
  },
  {
    "ID Number": "13023799"
  },
  {
    "ID Number": "13015478"
  },
  {
    "ID Number": "13012282"
  },
  {
    "ID Number": "13012290"
  },
  {
    "ID Number": "13026070"
  },
  {
    "ID Number": "13015621"
  },
  {
    "ID Number": "13011316"
  },
  {
    "ID Number": "13001272"
  },
  {
    "ID Number": "13003631"
  },
  {
    "ID Number": "13023292"
  },
  {
    "ID Number": "13022458"
  },
  {
    "ID Number": "13006401"
  },
  {
    "ID Number": "13023713"
  },
  {
    "ID Number": "13026003"
  },
  {
    "ID Number": "13015516"
  },
  {
    "ID Number": "13004280"
  },
  {
    "ID Number": "13011022"
  },
  {
    "ID Number": "13024744"
  },
  {
    "ID Number": "13007726"
  },
  {
    "ID Number": "13018132"
  },
  {
    "ID Number": "13005260"
  },
  {
    "ID Number": "13005251"
  },
  {
    "ID Number": "13019830"
  },
  {
    "ID Number": "13027948"
  },
  {
    "ID Number": "13026186"
  },
  {
    "ID Number": "13007394"
  },
  {
    "ID Number": "13001353"
  },
  {
    "ID Number": "13013564"
  },
  {
    "ID Number": "13007203"
  },
  {
    "ID Number": "13004034"
  },
  {
    "ID Number": "13007998"
  },
  {
    "ID Number": "13004093"
  },
  {
    "ID Number": "13013904"
  },
  {
    "ID Number": "13015770"
  },
  {
    "ID Number": "13015079"
  },
  {
    "ID Number": "13027786"
  },
  {
    "ID Number": "13002872"
  },
  {
    "ID Number": "13025660"
  },
  {
    "ID Number": "13000241"
  },
  {
    "ID Number": "13024752"
  },
  {
    "ID Number": "13010360"
  },
  {
    "ID Number": "13024078"
  },
  {
    "ID Number": "13005987"
  },
  {
    "ID Number": "13004131"
  },
  {
    "ID Number": "13025821"
  },
  {
    "ID Number": "13027689"
  },
  {
    "ID Number": "13012347"
  },
  {
    "ID Number": "13004816"
  },
  {
    "ID Number": "13009290"
  },
  {
    "ID Number": "13003658"
  },
  {
    "ID Number": "13007297"
  },
  {
    "ID Number": "13003100"
  },
  {
    "ID Number": "13006550"
  },
  {
    "ID Number": "13007637"
  },
  {
    "ID Number": "13002783"
  },
  {
    "ID Number": "13024728"
  },
  {
    "ID Number": "13025546"
  },
  {
    "ID Number": "13025406"
  },
  {
    "ID Number": "13025058"
  },
  {
    "ID Number": "13024477"
  },
  {
    "ID Number": "13013947"
  },
  {
    "ID Number": "13023276"
  },
  {
    "ID Number": "13022504"
  },
  {
    "ID Number": "13000195"
  },
  {
    "ID Number": "13013955"
  },
  {
    "ID Number": "13014900"
  },
  {
    "ID Number": "13001655"
  },
  {
    "ID Number": "13008595"
  },
  {
    "ID Number": "13003410"
  },
  {
    "ID Number": "13002252"
  },
  {
    "ID Number": "13013700"
  },
  {
    "ID Number": "13003844"
  },
  {
    "ID Number": "13020064"
  }
]