[
  {
    "ID Number": "504599"
  },
  {
    "ID Number": "510726"
  },
  {
    "ID Number": "503100"
  },
  {
    "ID Number": "501840"
  },
  {
    "ID Number": "507857"
  },
  {
    "ID Number": "505994"
  },
  {
    "ID Number": "513970"
  },
  {
    "ID Number": "509191"
  },
  {
    "ID Number": "520179"
  },
  {
    "ID Number": "507571"
  },
  {
    "ID Number": "505498"
  },
  {
    "ID Number": "7603053"
  },
  {
    "ID Number": "7603720"
  },
  {
    "ID Number": "7601433"
  },
  {
    "ID Number": "507997"
  },
  {
    "ID Number": "7604408"
  },
  {
    "ID Number": "512265"
  },
  {
    "ID Number": "55692133"
  },
  {
    "ID Number": "511200"
  },
  {
    "ID Number": "510866"
  },
  {
    "ID Number": "512060"
  },
  {
    "ID Number": "516740"
  },
  {
    "ID Number": "509701"
  },
  {
    "ID Number": "506893"
  },
  {
    "ID Number": "512982"
  },
  {
    "ID Number": "519499"
  },
  {
    "ID Number": "504670"
  },
  {
    "ID Number": "33417075"
  },
  {
    "ID Number": "7600127"
  },
  {
    "ID Number": "55702090"
  },
  {
    "ID Number": "514659"
  },
  {
    "ID Number": "516538"
  },
  {
    "ID Number": "516430"
  },
  {
    "ID Number": "515990"
  },
  {
    "ID Number": "510602"
  },
  {
    "ID Number": "505633"
  },
  {
    "ID Number": "44105045"
  },
  {
    "ID Number": "519898"
  },
  {
    "ID Number": "518883"
  },
  {
    "ID Number": "510360"
  },
  {
    "ID Number": "520756"
  },
  {
    "ID Number": "518760"
  },
  {
    "ID Number": "4163907"
  },
  {
    "ID Number": "507326"
  },
  {
    "ID Number": "519456"
  },
  {
    "ID Number": "515728"
  },
  {
    "ID Number": "507504"
  },
  {
    "ID Number": "522627"
  },
  {
    "ID Number": "522619"
  },
  {
    "ID Number": "504688"
  },
  {
    "ID Number": "522236"
  },
  {
    "ID Number": "521990"
  },
  {
    "ID Number": "520705"
  },
  {
    "ID Number": "505170"
  },
  {
    "ID Number": "518166"
  },
  {
    "ID Number": "518662"
  },
  {
    "ID Number": "510106"
  },
  {
    "ID Number": "506672"
  },
  {
    "ID Number": "504696"
  },
  {
    "ID Number": "504262"
  },
  {
    "ID Number": "503894"
  },
  {
    "ID Number": "508500"
  },
  {
    "ID Number": "518255"
  },
  {
    "ID Number": "520241"
  },
  {
    "ID Number": "501093"
  },
  {
    "ID Number": "518158"
  },
  {
    "ID Number": "24177334"
  },
  {
    "ID Number": "522988"
  },
  {
    "ID Number": "518131"
  },
  {
    "ID Number": "515710"
  },
  {
    "ID Number": "521035"
  },
  {
    "ID Number": "505919"
  },
  {
    "ID Number": "503720"
  },
  {
    "ID Number": "500780"
  },
  {
    "ID Number": "511030"
  },
  {
    "ID Number": "500500"
  },
  {
    "ID Number": "514985"
  },
  {
    "ID Number": "515116"
  },
  {
    "ID Number": "515973"
  },
  {
    "ID Number": "511005"
  },
  {
    "ID Number": "517682"
  },
  {
    "ID Number": "520438"
  },
  {
    "ID Number": "508098"
  },
  {
    "ID Number": "518565"
  },
  {
    "ID Number": "502774"
  },
  {
    "ID Number": "509221"
  },
  {
    "ID Number": "515612"
  },
  {
    "ID Number": "516066"
  },
  {
    "ID Number": "501417"
  },
  {
    "ID Number": "501549"
  },
  {
    "ID Number": "506915"
  },
  {
    "ID Number": "508241"
  },
  {
    "ID Number": "510904"
  },
  {
    "ID Number": "507865"
  },
  {
    "ID Number": "501301"
  },
  {
    "ID Number": "506273"
  },
  {
    "ID Number": "517011"
  },
  {
    "ID Number": "1706063"
  },
  {
    "ID Number": "500496"
  },
  {
    "ID Number": "520039"
  },
  {
    "ID Number": "503045"
  },
  {
    "ID Number": "519820"
  },
  {
    "ID Number": "512877"
  },
  {
    "ID Number": "512419"
  },
  {
    "ID Number": "660876"
  },
  {
    "ID Number": "517984"
  },
  {
    "ID Number": "519880"
  },
  {
    "ID Number": "510912"
  },
  {
    "ID Number": "505986"
  },
  {
    "ID Number": "500615"
  },
  {
    "ID Number": "501450"
  },
  {
    "ID Number": "501239"
  },
  {
    "ID Number": "500933"
  },
  {
    "ID Number": "519804"
  },
  {
    "ID Number": "500542"
  },
  {
    "ID Number": "521396"
  },
  {
    "ID Number": "506036"
  },
  {
    "ID Number": "509930"
  },
  {
    "ID Number": "501484"
  },
  {
    "ID Number": "504289"
  },
  {
    "ID Number": "503240"
  },
  {
    "ID Number": "506931"
  },
  {
    "ID Number": "510270"
  },
  {
    "ID Number": "523100"
  },
  {
    "ID Number": "507393"
  },
  {
    "ID Number": "514640"
  },
  {
    "ID Number": "519081"
  },
  {
    "ID Number": "504297"
  },
  {
    "ID Number": "513350"
  },
  {
    "ID Number": "514896"
  },
  {
    "ID Number": "24295787"
  },
  {
    "ID Number": "514977"
  },
  {
    "ID Number": "517720"
  },
  {
    "ID Number": "523917"
  },
  {
    "ID Number": "512729"
  },
  {
    "ID Number": "513407"
  },
  {
    "ID Number": "510572"
  },
  {
    "ID Number": "517259"
  },
  {
    "ID Number": "504220"
  },
  {
    "ID Number": "515531"
  },
  {
    "ID Number": "502278"
  },
  {
    "ID Number": "502448"
  },
  {
    "ID Number": "513040"
  },
  {
    "ID Number": "519278"
  },
  {
    "ID Number": "519243"
  },
  {
    "ID Number": "517232"
  },
  {
    "ID Number": "520551"
  },
  {
    "ID Number": "518581"
  },
  {
    "ID Number": "509639"
  },
  {
    "ID Number": "514373"
  },
  {
    "ID Number": "523755"
  },
  {
    "ID Number": "514470"
  },
  {
    "ID Number": "506800"
  },
  {
    "ID Number": "521183"
  },
  {
    "ID Number": "518816"
  },
  {
    "ID Number": "506958"
  },
  {
    "ID Number": "521647"
  },
  {
    "ID Number": "519464"
  },
  {
    "ID Number": "509957"
  },
  {
    "ID Number": "519650"
  },
  {
    "ID Number": "518611"
  },
  {
    "ID Number": "519707"
  },
  {
    "ID Number": "503614"
  },
  {
    "ID Number": "517291"
  },
  {
    "ID Number": "508225"
  },
  {
    "ID Number": "513113"
  },
  {
    "ID Number": "512893"
  },
  {
    "ID Number": "523437"
  },
  {
    "ID Number": "518522"
  },
  {
    "ID Number": "516848"
  },
  {
    "ID Number": "513601"
  },
  {
    "ID Number": "522376"
  },
  {
    "ID Number": "507369"
  },
  {
    "ID Number": "504076"
  },
  {
    "ID Number": "502081"
  },
  {
    "ID Number": "521051"
  },
  {
    "ID Number": "504742"
  },
  {
    "ID Number": "511692"
  },
  {
    "ID Number": "501794"
  },
  {
    "ID Number": "504165"
  },
  {
    "ID Number": "504203"
  },
  {
    "ID Number": "500585"
  },
  {
    "ID Number": "521264"
  },
  {
    "ID Number": "503390"
  },
  {
    "ID Number": "34101737"
  },
  {
    "ID Number": "509825"
  },
  {
    "ID Number": "505714"
  },
  {
    "ID Number": "500348"
  },
  {
    "ID Number": "919330"
  },
  {
    "ID Number": "516155"
  },
  {
    "ID Number": "508560"
  },
  {
    "ID Number": "523887"
  },
  {
    "ID Number": "514942"
  },
  {
    "ID Number": "510505"
  },
  {
    "ID Number": "508535"
  },
  {
    "ID Number": "502243"
  },
  {
    "ID Number": "523003"
  },
  {
    "ID Number": "501824"
  },
  {
    "ID Number": "501204"
  },
  {
    "ID Number": "501638"
  },
  {
    "ID Number": "505560"
  },
  {
    "ID Number": "521418"
  },
  {
    "ID Number": "514969"
  },
  {
    "ID Number": "500569"
  },
  {
    "ID Number": "511773"
  },
  {
    "ID Number": "510513"
  },
  {
    "ID Number": "501689"
  },
  {
    "ID Number": "5800803"
  },
  {
    "ID Number": "501077"
  },
  {
    "ID Number": "506311"
  },
  {
    "ID Number": "509779"
  },
  {
    "ID Number": "501352"
  },
  {
    "ID Number": "519120"
  },
  {
    "ID Number": "519154"
  },
  {
    "ID Number": "514918"
  },
  {
    "ID Number": "521256"
  },
  {
    "ID Number": "511170"
  },
  {
    "ID Number": "34434712"
  },
  {
    "ID Number": "508993"
  },
  {
    "ID Number": "515868"
  },
  {
    "ID Number": "1706594"
  },
  {
    "ID Number": "509116"
  },
  {
    "ID Number": "350191034"
  },
  {
    "ID Number": "350191043"
  },
  {
    "ID Number": "513016"
  },
  {
    "ID Number": "515310"
  },
  {
    "ID Number": "503487"
  },
  {
    "ID Number": "501859"
  },
  {
    "ID Number": "506460"
  },
  {
    "ID Number": "512680"
  },
  {
    "ID Number": "500720"
  },
  {
    "ID Number": "511854"
  },
  {
    "ID Number": "504823"
  },
  {
    "ID Number": "503380"
  },
  {
    "ID Number": "504173"
  },
  {
    "ID Number": "514446"
  },
  {
    "ID Number": "511056"
  },
  {
    "ID Number": "506982"
  },
  {
    "ID Number": "517160"
  },
  {
    "ID Number": "504319"
  },
  {
    "ID Number": "517968"
  },
  {
    "ID Number": "508934"
  },
  {
    "ID Number": "518042"
  },
  {
    "ID Number": "518980"
  },
  {
    "ID Number": "514713"
  },
  {
    "ID Number": "513989"
  },
  {
    "ID Number": "505269"
  },
  {
    "ID Number": "508314"
  },
  {
    "ID Number": "513644"
  },
  {
    "ID Number": "505706"
  },
  {
    "ID Number": "11629452"
  },
  {
    "ID Number": "11630795"
  },
  {
    "ID Number": "510750"
  },
  {
    "ID Number": "507008"
  },
  {
    "ID Number": "520829"
  },
  {
    "ID Number": "501425"
  },
  {
    "ID Number": "504904"
  },
  {
    "ID Number": "519790"
  },
  {
    "ID Number": "501760"
  },
  {
    "ID Number": "513890"
  },
  {
    "ID Number": "517631"
  },
  {
    "ID Number": "512737"
  },
  {
    "ID Number": "502871"
  },
  {
    "ID Number": "510394"
  },
  {
    "ID Number": "512532"
  },
  {
    "ID Number": "501409"
  },
  {
    "ID Number": "500950"
  },
  {
    "ID Number": "516490"
  },
  {
    "ID Number": "507598"
  },
  {
    "ID Number": "521868"
  },
  {
    "ID Number": "520667"
  },
  {
    "ID Number": "510777"
  },
  {
    "ID Number": "501263"
  },
  {
    "ID Number": "509884"
  },
  {
    "ID Number": "519685"
  },
  {
    "ID Number": "505048"
  },
  {
    "ID Number": "512745"
  },
  {
    "ID Number": "519561"
  },
  {
    "ID Number": "513032"
  },
  {
    "ID Number": "523909"
  },
  {
    "ID Number": "65000056"
  },
  {
    "ID Number": "516465"
  },
  {
    "ID Number": "512818"
  },
  {
    "ID Number": "509078"
  },
  {
    "ID Number": "515566"
  },
  {
    "ID Number": "514829"
  },
  {
    "ID Number": "506737"
  },
  {
    "ID Number": "500682"
  },
  {
    "ID Number": "506346"
  },
  {
    "ID Number": "517054"
  },
  {
    "ID Number": "501980"
  },
  {
    "ID Number": "501174"
  },
  {
    "ID Number": "501999"
  },
  {
    "ID Number": "517003"
  },
  {
    "ID Number": "506001"
  },
  {
    "ID Number": "520420"
  },
  {
    "ID Number": "522104"
  },
  {
    "ID Number": "509531"
  },
  {
    "ID Number": "504920"
  },
  {
    "ID Number": "508012"
  },
  {
    "ID Number": "507601"
  },
  {
    "ID Number": "504351"
  },
  {
    "ID Number": "515655"
  },
  {
    "ID Number": "500976"
  },
  {
    "ID Number": "514870"
  },
  {
    "ID Number": "501590"
  },
  {
    "ID Number": "500062"
  },
  {
    "ID Number": "505137"
  },
  {
    "ID Number": "502022"
  },
  {
    "ID Number": "507881"
  },
  {
    "ID Number": "511226"
  },
  {
    "ID Number": "515493"
  },
  {
    "ID Number": "501808"
  },
  {
    "ID Number": "504246"
  },
  {
    "ID Number": "519979"
  },
  {
    "ID Number": "509469"
  },
  {
    "ID Number": "516597"
  },
  {
    "ID Number": "506354"
  },
  {
    "ID Number": "514357"
  },
  {
    "ID Number": "501344"
  },
  {
    "ID Number": "1704036"
  },
  {
    "ID Number": "521434"
  },
  {
    "ID Number": "514420"
  },
  {
    "ID Number": "516384"
  },
  {
    "ID Number": "522430"
  },
  {
    "ID Number": "518310"
  },
  {
    "ID Number": "507423"
  },
  {
    "ID Number": "500690"
  },
  {
    "ID Number": "523119"
  },
  {
    "ID Number": "513938"
  },
  {
    "ID Number": "507890"
  },
  {
    "ID Number": "520675"
  },
  {
    "ID Number": "520349"
  },
  {
    "ID Number": "506370"
  },
  {
    "ID Number": "516228"
  },
  {
    "ID Number": "509108"
  },
  {
    "ID Number": "521019"
  },
  {
    "ID Number": "504084"
  },
  {
    "ID Number": "522481"
  },
  {
    "ID Number": "501875"
  },
  {
    "ID Number": "521612"
  },
  {
    "ID Number": "501050"
  },
  {
    "ID Number": "508381"
  },
  {
    "ID Number": "519316"
  },
  {
    "ID Number": "512656"
  },
  {
    "ID Number": "508411"
  },
  {
    "ID Number": "509205"
  },
  {
    "ID Number": "515914"
  },
  {
    "ID Number": "510440"
  },
  {
    "ID Number": "513830"
  },
  {
    "ID Number": "512575"
  },
  {
    "ID Number": "507105"
  },
  {
    "ID Number": "515515"
  },
  {
    "ID Number": "502723"
  },
  {
    "ID Number": "504815"
  },
  {
    "ID Number": "518638"
  },
  {
    "ID Number": "510297"
  },
  {
    "ID Number": "517070"
  },
  {
    "ID Number": "519448"
  },
  {
    "ID Number": "514730"
  },
  {
    "ID Number": "500518"
  },
  {
    "ID Number": "500259"
  },
  {
    "ID Number": "507113"
  },
  {
    "ID Number": "515221"
  },
  {
    "ID Number": "504378"
  },
  {
    "ID Number": "505374"
  },
  {
    "ID Number": "504831"
  },
  {
    "ID Number": "516163"
  },
  {
    "ID Number": "500739"
  },
  {
    "ID Number": "518280"
  },
  {
    "ID Number": "519502"
  },
  {
    "ID Number": "522171"
  },
  {
    "ID Number": "513920"
  },
  {
    "ID Number": "503568"
  },
  {
    "ID Number": "503665"
  },
  {
    "ID Number": "500941"
  },
  {
    "ID Number": "502553"
  },
  {
    "ID Number": "508640"
  },
  {
    "ID Number": "513148"
  },
  {
    "ID Number": "4505344"
  },
  {
    "ID Number": "518107"
  },
  {
    "ID Number": "500160"
  },
  {
    "ID Number": "506249"
  },
  {
    "ID Number": "522023"
  },
  {
    "ID Number": "513911"
  },
  {
    "ID Number": "502499"
  },
  {
    "ID Number": "503142"
  },
  {
    "ID Number": "521469"
  },
  {
    "ID Number": "506877"
  },
  {
    "ID Number": "502138"
  },
  {
    "ID Number": "519723"
  },
  {
    "ID Number": "503576"
  },
  {
    "ID Number": "519588"
  },
  {
    "ID Number": "517593"
  },
  {
    "ID Number": "503940"
  },
  {
    "ID Number": "504963"
  },
  {
    "ID Number": "520055"
  },
  {
    "ID Number": "505285"
  },
  {
    "ID Number": "502995"
  },
  {
    "ID Number": "518727"
  },
  {
    "ID Number": "519936"
  },
  {
    "ID Number": "500879"
  },
  {
    "ID Number": "520578"
  },
  {
    "ID Number": "514667"
  },
  {
    "ID Number": "514276"
  },
  {
    "ID Number": "520560"
  },
  {
    "ID Number": "523623"
  },
  {
    "ID Number": "514519"
  },
  {
    "ID Number": "512028"
  },
  {
    "ID Number": "522287"
  },
  {
    "ID Number": "505811"
  },
  {
    "ID Number": "502375"
  },
  {
    "ID Number": "502812"
  },
  {
    "ID Number": "521400"
  },
  {
    "ID Number": "508063"
  },
  {
    "ID Number": "504092"
  },
  {
    "ID Number": "514764"
  },
  {
    "ID Number": "518689"
  },
  {
    "ID Number": "516449"
  },
  {
    "ID Number": "521108"
  },
  {
    "ID Number": "502464"
  },
  {
    "ID Number": "509337"
  },
  {
    "ID Number": "505838"
  },
  {
    "ID Number": "510165"
  },
  {
    "ID Number": "504068"
  },
  {
    "ID Number": "513946"
  },
  {
    "ID Number": "501743"
  },
  {
    "ID Number": "516724"
  },
  {
    "ID Number": "509264"
  },
  {
    "ID Number": "509981"
  },
  {
    "ID Number": "518298"
  },
  {
    "ID Number": "502545"
  },
  {
    "ID Number": "519308"
  },
  {
    "ID Number": "509213"
  },
  {
    "ID Number": "502456"
  },
  {
    "ID Number": "507539"
  },
  {
    "ID Number": "514381"
  },
  {
    "ID Number": "519642"
  },
  {
    "ID Number": "507644"
  },
  {
    "ID Number": "503991"
  },
  {
    "ID Number": "508349"
  },
  {
    "ID Number": "520268"
  },
  {
    "ID Number": "504432"
  },
  {
    "ID Number": "512630"
  },
  {
    "ID Number": "518069"
  },
  {
    "ID Number": "506478"
  },
  {
    "ID Number": "507156"
  },
  {
    "ID Number": "511277"
  },
  {
    "ID Number": "515779"
  },
  {
    "ID Number": "515264"
  },
  {
    "ID Number": "505935"
  },
  {
    "ID Number": "508870"
  },
  {
    "ID Number": "509604"
  },
  {
    "ID Number": "501603"
  },
  {
    "ID Number": "512257"
  },
  {
    "ID Number": "518891"
  },
  {
    "ID Number": "517186"
  },
  {
    "ID Number": "518786"
  },
  {
    "ID Number": "502839"
  },
  {
    "ID Number": "504416"
  },
  {
    "ID Number": "510173"
  },
  {
    "ID Number": "501000"
  },
  {
    "ID Number": "504572"
  },
  {
    "ID Number": "506397"
  },
  {
    "ID Number": "502324"
  },
  {
    "ID Number": "519731"
  },
  {
    "ID Number": "514683"
  },
  {
    "ID Number": "504440"
  },
  {
    "ID Number": "503649"
  },
  {
    "ID Number": "505145"
  },
  {
    "ID Number": "523224"
  },
  {
    "ID Number": "518832"
  },
  {
    "ID Number": "506770"
  },
  {
    "ID Number": "509620"
  },
  {
    "ID Number": "508551"
  },
  {
    "ID Number": "500917"
  },
  {
    "ID Number": "24148016"
  },
  {
    "ID Number": "504459"
  },
  {
    "ID Number": "502804"
  },
  {
    "ID Number": "2966735"
  },
  {
    "ID Number": "515698"
  },
  {
    "ID Number": "517739"
  },
  {
    "ID Number": "516589"
  },
  {
    "ID Number": "517437"
  },
  {
    "ID Number": "509027"
  },
  {
    "ID Number": "518301"
  },
  {
    "ID Number": "513423"
  },
  {
    "ID Number": "508250"
  },
  {
    "ID Number": "519715"
  },
  {
    "ID Number": "511420"
  },
  {
    "ID Number": "503673"
  },
  {
    "ID Number": "504025"
  },
  {
    "ID Number": "518913"
  },
  {
    "ID Number": "518549"
  },
  {
    "ID Number": "519138"
  },
  {
    "ID Number": "522074"
  },
  {
    "ID Number": "505080"
  },
  {
    "ID Number": "508306"
  },
  {
    "ID Number": "516570"
  },
  {
    "ID Number": "512273"
  },
  {
    "ID Number": "518620"
  },
  {
    "ID Number": "507652"
  },
  {
    "ID Number": "518220"
  },
  {
    "ID Number": "501883"
  },
  {
    "ID Number": "517402"
  },
  {
    "ID Number": "515590"
  },
  {
    "ID Number": "521582"
  },
  {
    "ID Number": "513652"
  },
  {
    "ID Number": "501158"
  },
  {
    "ID Number": "505030"
  },
  {
    "ID Number": "502685"
  },
  {
    "ID Number": "502642"
  },
  {
    "ID Number": "512834"
  },
  {
    "ID Number": "516139"
  },
  {
    "ID Number": "518174"
  },
  {
    "ID Number": "515086"
  },
  {
    "ID Number": "510637"
  },
  {
    "ID Number": "500593"
  },
  {
    "ID Number": "501360"
  },
  {
    "ID Number": "517577"
  },
  {
    "ID Number": "350191268"
  },
  {
    "ID Number": "508284"
  },
  {
    "ID Number": "511463"
  },
  {
    "ID Number": "44107730"
  },
  {
    "ID Number": "501115"
  },
  {
    "ID Number": "503231"
  },
  {
    "ID Number": "517267"
  },
  {
    "ID Number": "514691"
  },
  {
    "ID Number": "511960"
  },
  {
    "ID Number": "2604213"
  },
  {
    "ID Number": "509612"
  },
  {
    "ID Number": "501816"
  },
  {
    "ID Number": "507202"
  },
  {
    "ID Number": "521426"
  },
  {
    "ID Number": "502294"
  },
  {
    "ID Number": "522317"
  },
  {
    "ID Number": "522635"
  },
  {
    "ID Number": "504050"
  },
  {
    "ID Number": "511285"
  },
  {
    "ID Number": "514853"
  },
  {
    "ID Number": "514845"
  },
  {
    "ID Number": "517690"
  },
  {
    "ID Number": "516953"
  },
  {
    "ID Number": "501522"
  },
  {
    "ID Number": "516210"
  },
  {
    "ID Number": "520250"
  },
  {
    "ID Number": "521213"
  },
  {
    "ID Number": "503398"
  },
  {
    "ID Number": "515191"
  },
  {
    "ID Number": "522414"
  },
  {
    "ID Number": "519286"
  },
  {
    "ID Number": "505846"
  },
  {
    "ID Number": "505455"
  },
  {
    "ID Number": "515450"
  },
  {
    "ID Number": "515469"
  },
  {
    "ID Number": "517585"
  },
  {
    "ID Number": "502820"
  },
  {
    "ID Number": "520063"
  },
  {
    "ID Number": "521752"
  },
  {
    "ID Number": "511129"
  },
  {
    "ID Number": "504700"
  },
  {
    "ID Number": "4157052"
  },
  {
    "ID Number": "4169654"
  },
  {
    "ID Number": "504939"
  },
  {
    "ID Number": "24280410"
  },
  {
    "ID Number": "24296600"
  },
  {
    "ID Number": "516007"
  },
  {
    "ID Number": "500763"
  },
  {
    "ID Number": "514160"
  },
  {
    "ID Number": "515345"
  },
  {
    "ID Number": "515418"
  },
  {
    "ID Number": "521922"
  },
  {
    "ID Number": "501107"
  },
  {
    "ID Number": "509671"
  },
  {
    "ID Number": "508160"
  },
  {
    "ID Number": "509485"
  },
  {
    "ID Number": "512176"
  },
  {
    "ID Number": "519774"
  },
  {
    "ID Number": "501735"
  },
  {
    "ID Number": "523402"
  },
  {
    "ID Number": "504467"
  },
  {
    "ID Number": "521973"
  },
  {
    "ID Number": "519529"
  },
  {
    "ID Number": "519782"
  },
  {
    "ID Number": "502901"
  },
  {
    "ID Number": "509515"
  },
  {
    "ID Number": "520080"
  },
  {
    "ID Number": "502405"
  },
  {
    "ID Number": "509345"
  },
  {
    "ID Number": "503460"
  },
  {
    "ID Number": "518999"
  },
  {
    "ID Number": "512842"
  },
  {
    "ID Number": "506451"
  },
  {
    "ID Number": "519812"
  },
  {
    "ID Number": "516864"
  },
  {
    "ID Number": "513903"
  },
  {
    "ID Number": "521701"
  },
  {
    "ID Number": "506621"
  },
  {
    "ID Number": "506613"
  },
  {
    "ID Number": "505749"
  },
  {
    "ID Number": "502251"
  },
  {
    "ID Number": "514608"
  },
  {
    "ID Number": "511153"
  },
  {
    "ID Number": "522821"
  },
  {
    "ID Number": "503622"
  },
  {
    "ID Number": "520853"
  },
  {
    "ID Number": "507458"
  },
  {
    "ID Number": "502740"
  },
  {
    "ID Number": "507660"
  },
  {
    "ID Number": "509566"
  },
  {
    "ID Number": "518590"
  },
  {
    "ID Number": "506583"
  },
  {
    "ID Number": "500704"
  },
  {
    "ID Number": "507245"
  },
  {
    "ID Number": "514900"
  },
  {
    "ID Number": "518425"
  },
  {
    "ID Number": "502340"
  },
  {
    "ID Number": "505129"
  },
  {
    "ID Number": "503703"
  },
  {
    "ID Number": "503401"
  },
  {
    "ID Number": "510947"
  },
  {
    "ID Number": "508209"
  },
  {
    "ID Number": "503916"
  },
  {
    "ID Number": "517763"
  },
  {
    "ID Number": "511196"
  },
  {
    "ID Number": "504491"
  },
  {
    "ID Number": "511412"
  },
  {
    "ID Number": "516899"
  },
  {
    "ID Number": "509272"
  },
  {
    "ID Number": "511218"
  },
  {
    "ID Number": "514861"
  },
  {
    "ID Number": "507270"
  },
  {
    "ID Number": "510335"
  },
  {
    "ID Number": "507555"
  },
  {
    "ID Number": "506087"
  },
  {
    "ID Number": "517046"
  },
  {
    "ID Number": "519510"
  },
  {
    "ID Number": "519065"
  },
  {
    "ID Number": "505218"
  },
  {
    "ID Number": "34134603"
  },
  {
    "ID Number": "517208"
  },
  {
    "ID Number": "503169"
  },
  {
    "ID Number": "515604"
  },
  {
    "ID Number": "509663"
  },
  {
    "ID Number": "521086"
  },
  {
    "ID Number": "518271"
  },
  {
    "ID Number": "506664"
  },
  {
    "ID Number": "505951"
  },
  {
    "ID Number": "501611"
  },
  {
    "ID Number": "515361"
  },
  {
    "ID Number": "504041"
  },
  {
    "ID Number": "500607"
  },
  {
    "ID Number": "517461"
  },
  {
    "ID Number": "511471"
  },
  {
    "ID Number": "522783"
  },
  {
    "ID Number": "521450"
  },
  {
    "ID Number": "506486"
  },
  {
    "ID Number": "34191442"
  },
  {
    "ID Number": "507490"
  },
  {
    "ID Number": "520802"
  },
  {
    "ID Number": "518077"
  },
  {
    "ID Number": "513253"
  },
  {
    "ID Number": "509876"
  },
  {
    "ID Number": "506575"
  },
  {
    "ID Number": "508837"
  },
  {
    "ID Number": "503967"
  },
  {
    "ID Number": "517348"
  },
  {
    "ID Number": "504513"
  },
  {
    "ID Number": "520837"
  },
  {
    "ID Number": "513024"
  },
  {
    "ID Number": "517216"
  },
  {
    "ID Number": "508918"
  },
  {
    "ID Number": "350191240"
  },
  {
    "ID Number": "500020"
  },
  {
    "ID Number": "517275"
  },
  {
    "ID Number": "4618955"
  },
  {
    "ID Number": "513610"
  },
  {
    "ID Number": "501042"
  },
  {
    "ID Number": "505692"
  },
  {
    "ID Number": "500011"
  },
  {
    "ID Number": "520543"
  },
  {
    "ID Number": "523089"
  },
  {
    "ID Number": "519030"
  }
]