ID Number,Name,Fed,Sex,Title,WTit,OTit,Rating,Gms,K,RatingMonth,B-day,Flag
13466208,"Abasli, Abbas",AZE,M,,,,1730,0,40,SEP25,2014,i
13448374,"Abasov, Elgun",AZE,M,,,,1441,0,40,SEP25,2009,
54153972,"Abasov, Farid",AZE,M,,,,1554,0,40,SEP25,2007,i
13402960,"Abasov, Nijat",AZE,M,GM,FST,,2555,0,10,SEP25,1995,i
13419781,"Abasov, Yusif",AZE,M,,,,1869,0,40,SEP25,2008,
13420470,"Abaszada, Suada",AZE,F,,,,1567,0,40,SEP25,2009,wi
13488210,"Abbasli, Aydin",AZE,M,,,,1469,0,20,SEP25,1999,
13448803,"Abbasli, Karim",AZE,M,,,,1488,0,40,SEP25,2012,
13442546,"Abbasli, Saleh",AZE,M,,,,1488,0,40,SEP25,2010,i
13402277,"Abbasov, Amil",AZE,M,,,,2101,0,20,SEP25,1995,
13417487,"Abbasov, Azad",AZE,M,,,,1771,0,20,SEP25,2005,i
13400665,"Abbasov, Farid",AZE,M,GM,FT,,2456,0,10,SEP25,1979,i
13445898,"Abbasov, Ibrahim",AZE,M,,,,1423,0,40,SEP25,2013,i
13405233,"Abbasov, Mehman",AZE,M,,,,1899,0,20,SEP25,1970,i
13401777,"Abbasov, Vusal",AZE,M,FM,,,2169,0,20,SEP25,1987,i
13405225,"Abbasov, Zaur",AZE,M,,,,1949,0,20,SEP25,1999,i
13410300,"Abbasova, Aynur",AZE,F,,,,1693,0,20,SEP25,1999,wi
13410059,"Abbasova, Sadagat",AZE,F,,,,1803,0,20,SEP25,2003,wi
13423193,"Abbasova, Zarifa",AZE,F,,,,1627,0,40,SEP25,2009,wi
13424475,"Abbaszada, Maryam",AZE,F,,,,1440,0,40,SEP25,2011,w
13454498,"Abbaszade, Elmir",AZE,M,,,,1660,0,40,SEP25,2007,i
13425340,"Abdinova, Narmin",AZE,F,,,,1975,9,40,SEP25,2008,w
13416502,"Abdulbaghiyev, Rufat",AZE,M,,,,1913,0,20,SEP25,2003,i
13425439,"Abdulkarimli, Eljan",AZE,M,,,,1887,15,40,SEP25,2007,
13401807,"Abdulla, Khayala",AZE,F,WGM,WGM,,2106,0,20,SEP25,1993,wi
13464906,"Abdulla, Tunjay",AZE,M,,,,1507,0,40,SEP25,2011,
13429604,"Abdullabayli, Rajab",AZE,M,,,,1678,0,40,SEP25,2008,i
13443089,"Abdullayev, Abdulla",AZE,M,,,,1539,0,40,SEP25,2009,i
13451022,"Abdullayev, Ahmad",AZE,M,,,,1619,0,40,SEP25,2012,
13409123,"Abdullayev, Asaf",AZE,M,,,,1936,0,20,SEP25,1961,i
13403087,"Abdullayev, Elshad",AZE,M,,,,2067,0,20,SEP25,1991,
13447440,"Abdullayev, Mammadtaghi",AZE,M,,,,1542,0,40,SEP25,2008,i
13456997,"Abdullayev, Mikayil Ali",AZE,M,,,,1530,0,40,SEP25,2015,
13404237,"Abdullayev, Rashad",AZE,M,,,,1963,0,20,SEP25,1993,i
13465830,"Abdullayev, Rasul",AZE,M,,,,1414,0,40,SEP25,2014,
13452282,"Abdullayev, Rasul",AZE,M,,,,1426,0,40,SEP25,2010,
13432796,"Abdullayev, Raul",AZE,M,,,,1641,0,40,SEP25,2008,
13459465,"Abdullayev, Royal",AZE,M,,,,1545,0,40,SEP25,2012,
13453947,"Abdullayev, Ruslan",AZE,M,,,,1647,0,40,SEP25,2009,i
13403818,"Abdullayev, Shami",AZE,M,,,,1902,0,20,SEP25,1994,
13415832,"Abdullayev, Tarlan",AZE,M,,,,1644,0,20,SEP25,2002,i
13428080,"Abdullayev, Tofig",AZE,M,,,,1458,0,20,SEP25,2005,i
13481169,"Abdullayev, Yusif",AZE,M,,,,1512,0,40,SEP25,2010,
13420119,"Abdullayeva, Fidan",AZE,F,,,,1455,0,40,SEP25,2007,wi
13431935,"Abdullayeva, Sama",AZE,F,,,,1495,0,20,SEP25,2003,wi
13418742,"Abdullazada, Beyrak",AZE,M,,,,1542,0,40,SEP25,2007,i
13431056,"Abdullazade, Ayhan",AZE,M,,,,1647,0,40,SEP25,2009,i
13402498,"Abdulov, Gulamhuseyn",AZE,M,,,,1888,0,20,SEP25,1964,i
13402714,"Abdulov, Orkhan",AZE,M,IM,,,2268,0,20,SEP25,1988,
13405390,"Abishli, Oghuz",AZE,M,,,,1992,0,20,SEP25,2000,i
13466933,"Abishov, Fariz",AZE,M,,,,AIM,1491,0,SEP25,2005,
13465899,"Abishov, Jamil",AZE,M,,,,1549,0,20,SEP25,2002,i
13458027,"Abiyeva, Zeynab",AZE,F,,,,1581,0,40,SEP25,2009,wi
13456733,"Adigozalli, Aylin",AZE,F,,,,1472,0,40,SEP25,2014,w
13428020,"Adigozalov, Farhad",AZE,M,,,,1538,0,20,SEP25,2003,i
13469940,"Afandi, Sadagul",AZE,F,,,,1470,0,40,SEP25,2014,w
13477099,"Afandiyev, Rashad",AZE,M,,,,1466,0,40,SEP25,2012,
13462555,"Afandiyev, Tamerlan",AZE,M,,,,1484,0,40,SEP25,2013,
13426338,"Aflaki, Emil",AZE,M,,,,1566,0,20,SEP25,2005,i
13475444,"Aghabayov, Nihat",AZE,M,,,,1594,0,40,SEP25,2014,
13455575,"Aghajanov, Eldar",AZE,M,,,,1609,0,40,SEP25,2014,
13412647,"Aghalarov, Daim",AZE,M,,,,1680,0,20,SEP25,1986,
13481665,"Aghalarov, Mirmahmud",AZE,M,,,,1690,0,20,SEP25,1989,
13454390,"Aghammadov, Karim",AZE,M,,,,1443,0,40,SEP25,2011,
13402854,"Aghasiyev, Kamal",AZE,M,IM,FT,,2150,0,20,SEP25,1988,i
13402374,"Aghasiyeva, Fidan",AZE,F,WIM,WIM,,2069,0,20,SEP25,1987,wi
13452509,"Aghaverdiyeva, Maryam",AZE,F,WCM,WCM,,1779,8,40,SEP25,2010,w
13459058,"Aghayev, Elchin",AZE,M,,,,1643,0,40,SEP25,2007,
13416120,"Aghayev, Farid",AZE,M,,,,1555,0,20,SEP25,2005,i
13424696,"Aghayev, Ismayil",AZE,M,,,,1602,0,20,SEP25,2004,i
13422014,"Aghayev, Nail",AZE,M,,,,1674,9,20,SEP25,2006,
13424270,"Aghayev, Nihad",AZE,M,,,,1623,0,20,SEP25,2005,i
13402048,"Aghayev, Nijat",AZE,M,IM,,,2350,0,20,SEP25,1990,i
13420801,"Aghayev, Samad",AZE,M,,,,1573,0,20,SEP25,2006,i
13435396,"Aghayeva, Guldana",AZE,F,,,,1417,8,40,SEP25,2011,w
13424092,"Aghayeva, Gulsanam",AZE,F,,,,1522,0,20,SEP25,2006,wi
13474570,"Aghazada, Ali",AZE,M,,,,1566,0,40,SEP25,2009,
13433148,"Aghazada, Arif",AZE,M,,,,1426,0,40,SEP25,2010,i
13425650,"Aghazada, Khayal",AZE,M,,,,1521,0,20,SEP25,2005,
13462261,"Aghazada, Mirmehdi",AZE,M,,,,1711,0,20,SEP25,1992,i
13456750,"Aghazada, Shukur",AZE,M,,,,1404,0,40,SEP25,2012,
13456369,"Aghazada,Mirnamig",AZE,M,,,,1618,0,40,SEP25,2012,
13412795,"Ahadzade, Hajiali",AZE,M,,,,1858,0,20,SEP25,2004,i
13405640,"Ahadzade, Kanan",AZE,M,,,,1985,7,20,SEP25,2001,
13469282,"Ahadzade, Yusif",AZE,M,,,,1550,0,40,SEP25,2015,
13431552,"Ahmad, Khagan",AZE,M,IM,,,2422,9,10,SEP25,2011,
13418092,"Ahmadli, Hasan",AZE,M,,,,1731,0,20,SEP25,2004,
13451502,"Ahmadli, Mehriban",AZE,F,WCM,WCM,,1579,0,40,SEP25,2015,w
13462687,"Ahmadli, Nihad",AZE,M,,,,1780,8,40,SEP25,2013,
13433946,"Ahmadli, Nihad",AZE,M,,,,1623,0,40,SEP25,2010,
13462970,"Ahmadli, Oghuz",AZE,M,,,,1445,0,40,SEP25,2011,i
13468588,"Ahmadli, Shahbaz",AZE,M,,,,1542,0,40,SEP25,2008,i
13471406,"Ahmadli, Ulvi",AZE,M,,,,1562,0,40,SEP25,2014,
13463845,"Ahmadov, Elchin",AZE,M,,,,1533,0,20,SEP25,1979,i
13402200,"Ahmadov, Fariz",AZE,M,,,,2035,0,20,SEP25,1988,
13413392,"Ahmadov, Murad",AZE,M,,,,1825,0,20,SEP25,2003,i
13468138,"Ahmadov, Murad Amil",AZE,M,,,,1452,0,40,SEP25,2013,i
13424017,"Ahmadov, Orkhan",AZE,M,,,,1777,0,20,SEP25,2006,i
13425668,"Ahmadov, Real",AZE,M,,,,1529,0,20,SEP25,2005,i
13468774,"Ahmadov, Samir",AZE,M,,,,1580,0,40,SEP25,2015,
13435655,"Ahmadov, Shirvan",AZE,M,,,,1541,0,20,SEP25,1969,
13403435,"Ahmadov, Vusal",AZE,M,,,,1962,0,20,SEP25,1981,i
13405403,"Ahmadova, Fatima",AZE,F,,,,1817,0,20,SEP25,1998,wi
13413201,"Ahmadova, Irada",AZE,F,,,,1796,0,20,SEP25,2001,wi
13413007,"Ahmadzada, Ahmad",AZE,M,GM,,,2389,9,20,SEP25,2004,
13423754,"Ahmadzada, Huseyn",AZE,M,,,,1684,0,40,SEP25,2009,i
13446452,"Ahmed, Sabir",AZE,M,,,,1515,0,40,SEP25,2010,i
13425102,"Akhmedov, Novruz",AZE,M,,,,1634,0,20,SEP25,2006,i
13418556,"Akhundov, Akif",AZE,M,,,,1659,0,20,SEP25,2003,i
13442465,"Akhundov, Ali",AZE,M,,,,1485,0,40,SEP25,2010,i
13469002,"Akhundov, Davud",AZE,M,,,,1552,0,40,SEP25,2013,
13423304,"Akhundov, Jahandar",AZE,M,,,,1517,0,20,SEP25,2004,i
13410032,"Akhundov, Teymuraz",AZE,M,FM,,,2210,0,20,SEP25,2002,i
13419897,"Akhundova, Nargiz",AZE,F,,,,1623,0,20,SEP25,2004,wi
13475169,"Akhundzade, Asim",AZE,M,,,,1651,0,40,SEP25,2015,
13464930,"Alakbarli, Deniz",AZE,M,,,,1644,0,40,SEP25,2012,
13431560,"Alakbarli, Inji",AZE,F,,,,1543,0,40,SEP25,2011,w
13415972,"Alakbarov, Emin",AZE,M,,,,1882,0,20,SEP25,2001,i
13449575,"Alakbarova, Zahra",AZE,F,,,,1459,0,40,SEP25,2008,wi
13416243,"Alasgarli, Ibrahim",AZE,M,,,,1649,0,20,SEP25,2005,i
13401262,"Aleskerov, Faik",AZE,M,,,,2304,0,10,SEP25,1985,i
13424343,"Ali, Ahad",AZE,M,,,,1689,0,20,SEP25,2004,i
13475010,"Ali, Ilyas",AZE,M,,,,1564,0,40,SEP25,2013,
13458140,"Ali, Turgut",AZE,M,,,,1431,0,40,SEP25,2015,i
13401564,"Aliev, Vladislav",AZE,M,,,,2147,0,20,SEP25,1967,i
13433423,"Aliguzuyeva, Faiza",AZE,F,,,,1498,0,20,SEP25,2005,wi
13440594,"Alihummatov, Ravan",AZE,M,,,,1420,0,40,SEP25,2011,i
13461044,"Alimammadzada, Emin",AZE,M,,,,1631,0,40,SEP25,2013,i
13455630,"Alipashali, Fateh",AZE,M,,,,1481,0,40,SEP25,2013,
13463861,"Alisoy, Mesud",AZE,M,,,,1631,0,40,SEP25,2013,i
13460277,"Alistanov, Ilham",AZE,M,,,,1615,0,40,SEP25,2011,
13428977,"Aliyarli, Khan",AZE,M,,,,AIM,1506,0,SEP25,2005,i
13429108,"Aliyarli, Said",AZE,M,,,,AIM,1649,0,SEP25,2007,i
13405411,"Aliyev, Adnan",AZE,M,,,,1831,0,20,SEP25,2002,i
13471090,"Aliyev, Ahmadagha",AZE,M,,,,1641,0,20,SEP25,2001,i
13456385,"Aliyev, Akbar",AZE,M,,,,AFM,1567,0,SEP25,2013,i
13476033,"Aliyev, Ali Imran",AZE,M,,,,1719,0,20,SEP25,1999,i
13424254,"Aliyev, Aykhan",AZE,M,,,,1887,0,20,SEP25,2005,i
13464922,"Aliyev, Davud Fuad",AZE,M,,,,1486,0,40,SEP25,2013,
13408461,"Aliyev, Elchin",AZE,M,,,,1723,0,20,SEP25,1985,i
13402617,"Aliyev, Elnur",AZE,M,CM,,,2042,9,20,SEP25,1987,
13416154,"Aliyev, Farid",AZE,M,,,,1650,0,20,SEP25,2006,i
13420259,"Aliyev, Farid",AZE,M,,,,1494,0,20,SEP25,1997,
13469797,"Aliyev, Farid Samir",AZE,M,,,,1426,0,40,SEP25,2008,
13451936,"Aliyev, Fuad Eldeniz",AZE,M,,,,1552,0,40,SEP25,2008,i
13417045,"Aliyev, Gunduz",AZE,M,,,,1774,0,20,SEP25,1968,i
13464310,"Aliyev, Habil",AZE,M,,,,1421,0,40,SEP25,2014,
13433741,"Aliyev, Ilgar",AZE,M,,,,1565,0,40,SEP25,2010,i
13424190,"Aliyev, Natik",AZE,M,,,,1660,0,20,SEP25,2006,i
13463918,"Aliyev, Omar Rafig",AZE,M,,,,1500,0,40,SEP25,2014,
13409166,"Aliyev, Orkhan",AZE,M,,,,1626,6,20,SEP25,1996,
13401084,"Aliyev, Rasim",AZE,M,FM,,,1993,0,20,SEP25,1979,
13466127,"Aliyev, Rauf Asif",AZE,M,,,,1575,0,40,SEP25,2011,i
13409980,"Aliyev, Ravan",AZE,M,IM,,,2316,26,20,SEP25,2002,
13462199,"Aliyev, Sadig Rashad",AZE,M,,,,1532,0,40,SEP25,2010,
13415263,"Aliyev, Sanan",AZE,M,CM,,,1806,0,20,SEP25,2005,i
13429132,"Aliyev, Shahin",AZE,M,,,,1750,0,20,SEP25,1996,i
13418564,"Aliyev, Toghrul",AZE,M,,,,1759,0,20,SEP25,2005,i
13453440,"Aliyev, Yagub Rashad",AZE,M,,,,1482,0,40,SEP25,2014,
13440659,"Aliyev, Zohrab",AZE,M,,,,1933,0,20,SEP25,1983,i
13400754,"Aliyeva, Aygun",AZE,F,WFM,WFM,,2104,0,20,SEP25,1977,wi
13474979,"Aliyeva, Ayla",AZE,F,,,,1509,0,40,SEP25,2012,w
13458620,"Aliyeva, Fatima",AZE,F,,,,1550,0,40,SEP25,2015,w
13467026,"Aliyeva, Nilay",AZE,F,,,,1410,0,40,SEP25,2014,wi
13422804,"Aliyeva, Sevil",AZE,F,,,,1425,0,20,SEP25,1996,wi
13430718,"Alizada, Agshin",AZE,M,,,,AFM,1919,8,SEP25,2009,
13458442,"Alizada, Alisa",AZE,M,,,,1430,0,40,SEP25,2012,
13412655,"Alizada, Aykhan Natig",AZE,M,,,,1785,0,20,SEP25,2003,i
13410016,"Alizada, Aykhan Zafar",AZE,M,,,,1788,0,20,SEP25,2003,
13415450,"Alizada, Aysel",AZE,F,,,,1641,0,20,SEP25,2003,wi
13432044,"Alizada, Aytan",AZE,F,,,,1510,0,40,SEP25,2008,wi
13408313,"Alizada, Fidan",AZE,F,,,,1617,0,20,SEP25,2002,wi
13463020,"Alizada, Huseyn",AZE,M,,,,1419,0,40,SEP25,2010,
13413457,"Alizada, Javid",AZE,M,,,,1719,0,20,SEP25,2003,i
13435230,"Alizada, Mahammadali",AZE,M,,,,1609,0,40,SEP25,2007,i
13424491,"Alizada, Pasham",AZE,M,,,,2077,9,40,SEP25,2011,
13443062,"Alizade, Ulvi",AZE,M,,,,1431,0,40,SEP25,2009,i
13456512,"Alkhasov, Shamistan",AZE,M,,,,1560,0,40,SEP25,2007,i
13415042,"Allahverdiyev, Ali",AZE,M,,,,1727,0,20,SEP25,1989,i
13400347,"Allahverdiyev, Anar",AZE,M,IM,,,2321,0,10,SEP25,1975,i
13403443,"Allahverdiyev, Araz",AZE,M,,,,2042,0,20,SEP25,1983,i
13432737,"Allahverdiyev, Aydin",AZE,M,,,,1688,0,20,SEP25,2005,
13431650,"Allahverdiyev, Huseyn",AZE,M,,,,1489,0,40,SEP25,2009,i
13442600,"Allahverdiyev, Jahid",AZE,M,,,,1545,0,40,SEP25,2010,
13441701,"Allahverdiyev, Khanlar Anar",AZE,M,,,,1676,9,40,SEP25,2012,
13474375,"Allahverdiyev, Mahammadali",AZE,M,,,,1441,0,40,SEP25,2015,
13433318,"Allahverdiyev, Rovshan",AZE,M,,,,1542,0,40,SEP25,2007,i
13413473,"Allahverdiyev, Zahid",AZE,M,,,,1721,0,40,SEP25,2007,i
13412590,"Allahverdiyeva, Ayan",AZE,F,WIM,WIM,,1950,0,20,SEP25,2005,w
13417258,"Allahverdiyeva, Ayan",AZE,F,,NA,,1558,0,20,SEP25,2003,wi
13425587,"Allahverdiyeva, Gulshan",AZE,F,,,,1530,0,40,SEP25,2008,wi
13447351,"Allahverdiyeva, Gunel",AZE,F,,,,1548,0,20,SEP25,2005,wi
13406515,"Allahyarov, Said",AZE,M,,,,1995,0,20,SEP25,1995,i
13402447,"Allajov, Ramil",AZE,M,,,,2064,0,20,SEP25,1985,i
13487833,"Almammadov, Samir",AZE,M,,,,1667,0,40,SEP25,2007,
13420925,"Amirli, Inji",AZE,F,,,,1422,0,40,SEP25,2010,w
13478435,"Amirov, Renad",AZE,M,,,,1563,0,40,SEP25,2012,
13428640,"Amirova, Zarifa",AZE,F,,,,1471,0,40,SEP25,2009,wi
13414356,"Amraliyev, Rufat",AZE,M,,,,1588,0,20,SEP25,2000,i
13405101,"Amrayeva, Aytan",AZE,F,WFM,WFM,,2011,7,20,SEP25,1997,w
13418718,"Anjuta, Seymur",AZE,M,,,,1695,0,20,SEP25,2004,i
13432630,"Asadli, Eltaj",AZE,M,,,,1652,0,40,SEP25,2007,
13417940,"Asadli, Toghrul",AZE,M,,,,1842,0,40,SEP25,2007,
13405764,"Asadli, Vugar",AZE,M,GM,,,2511,0,10,SEP25,2001,i
13410237,"Asadov, Jabrayil",AZE,M,,,,1903,0,20,SEP25,1999,i
13442007,"Asadov, Rashad",AZE,M,,,,1660,0,20,SEP25,2002,i
13428454,"Asadullayeva, Malak",AZE,F,,,,1651,0,40,SEP25,2010,w
13465740,"Asgarli, Javanshir",AZE,M,,,,1411,0,20,SEP25,2005,
13435620,"Asgarli, Rauf",AZE,M,,,,1462,0,20,SEP25,1996,
13441280,"Asgarli, Turan",AZE,M,,,,1451,0,40,SEP25,2007,
13457454,"Asgarov, Anar",AZE,M,,,,1473,0,40,SEP25,2016,i
13429779,"Asgarov, Asgar",AZE,M,,,,1493,0,40,SEP25,2012,i
13463934,"Asgarov, Kamil",AZE,M,,,,1475,8,20,SEP25,1982,
13453645,"Asgarov, Mahammad",AZE,M,,,,1687,0,20,SEP25,2006,i
13476343,"Asgarov, Mahammad",AZE,M,,,,1533,0,40,SEP25,2008,
13401734,"Asgarov, Mushfig",AZE,M,,,,1965,0,20,SEP25,1988,
13417819,"Asgarov, Nihad",AZE,M,,,,1906,0,20,SEP25,2004,i
13426397,"Asgarov, Ramil",AZE,M,,,,1561,0,20,SEP25,2004,i
13451782,"Asgarov, Sahib",AZE,M,,,,AFM,1644,0,SEP25,2008,i
13450514,"Asgarova, Sona",AZE,F,,,,1536,0,40,SEP25,2010,wi
13403451,"Asgarova, Turan",AZE,F,,,,1913,0,20,SEP25,1991,w
13406973,"Asgarzada, Ali",AZE,M,,,,1636,0,20,SEP25,1996,
13441612,"Asgerova, Irade",AZE,F,,,,1729,0,20,SEP25,1986,wi
13453394,"Ashurbayov, Arif",AZE,M,,,,AFM,1477,0,SEP25,2007,i
13453378,"Ashurbayov, Fatali",AZE,M,,,,1428,0,40,SEP25,2010,i
13462750,"Ashurzade, Ali",AZE,M,,,,1509,0,40,SEP25,2012,
13403095,"Askarov, Bunyad",AZE,M,,,,2036,0,20,SEP25,1990,i
13431170,"Askarov, Safar",AZE,M,,,,1735,0,20,SEP25,1955,i
13433962,"Aslanli, Nihad",AZE,M,,,,1578,0,20,SEP25,2004,i
13408925,"Aslanov, Farid",AZE,M,CM,,,1952,0,20,SEP25,2002,i
13461699,"Aslanov, Jamil",AZE,M,,,,1461,0,40,SEP25,2008,i
13412620,"Aslanov, Umid",AZE,M,FM,,,2065,0,20,SEP25,2006,
13410547,"Atakishiyev, Elmar",AZE,M,IM,,,2221,0,20,SEP25,2004,
13430700,"Aychichek, Tahir Ali",AZE,M,,,,1465,0,40,SEP25,2008,i
13449117,"Aydinli, Ibrahim",AZE,M,,,,1493,0,40,SEP25,2011,i
13425811,"Azadaliyev, Jahandar",AZE,M,FM,,,2152,0,40,SEP25,2010,
13435779,"Azadaliyev, Seyhun",AZE,M,,,,1773,0,20,SEP25,1983,i
13424408,"Azimov, Rashad",AZE,M,,,,1600,0,20,SEP25,2001,i
13453424,"Azimov, Yasin",AZE,M,CM,,,2041,0,40,SEP25,2014,
13420798,"Azimzada, Mahammad",AZE,M,,,,1728,0,40,SEP25,2009,
13415050,"Azizbayli, Atabay",AZE,M,,,,1656,0,20,SEP25,1988,
13456261,"Azizli, Nurlan",AZE,M,,,,1921,0,40,SEP25,2014,
13430440,"Azizov, Ulvi",AZE,M,,,,1506,0,40,SEP25,2008,i
13402986,"Babaev, Eldeniz",AZE,M,,,,1972,0,20,SEP25,1972,i
34337873,"Babashov, Miryusif",AZE,M,,,,1462,0,40,SEP25,2010,i
13481380,"Babasoy, Kanan",AZE,M,,,,1577,0,40,SEP25,2017,
13418785,"Babayev, Araz",AZE,M,,,,1786,0,20,SEP25,1976,i
13450085,"Babayev, Kamran",AZE,M,,,,1869,9,40,SEP25,2014,
13401432,"Babayev, Talib",AZE,M,IM,,,2323,0,10,SEP25,1971,i
13451049,"Babayev, Tunar",AZE,M,,,,1647,0,40,SEP25,2008,i
13401351,"Babayev, Tural",AZE,M,,,,2036,0,20,SEP25,1983,
13425820,"Babayev, Turan",AZE,M,,,,1527,0,20,SEP25,2006,i
13440993,"Babayev, Yusif",AZE,M,,,,1510,0,40,SEP25,2012,
13429590,"Babayev, Zaur",AZE,M,,,,1718,0,40,SEP25,2009,
13416626,"Babayeva, Nasrin",AZE,F,WFM,WFM,,1928,0,20,SEP25,2005,w
13401890,"Babayeva, Samira",AZE,F,,,,1850,0,20,SEP25,1982,wi
13413554,"Babazada, Khazar",AZE,M,IM,,,2393,9,10,SEP25,2005,
13434942,"Babazade, Akbar",AZE,M,,,,1497,0,40,SEP25,2010,i
13475711,"Babazade, Farid",AZE,M,,,,1546,0,40,SEP25,2012,
13452894,"Babazade, Khadija",AZE,F,,,,1402,0,40,SEP25,2014,wi
13403460,"Babazade, Zhala",AZE,F,,,,1924,0,20,SEP25,1987,wi
13407805,"Badalov, Zeynal",AZE,M,,,,1525,0,20,SEP25,1986,i
13426710,"Badirli, Uzeyir",AZE,M,,,,1669,0,20,SEP25,2004,i
13412086,"Baghirli, Rufat",AZE,M,,,,1602,0,20,SEP25,1998,i
13438450,"Baghirov, Ibrahim",AZE,M,,,,1659,0,40,SEP25,2007,i
13472275,"Baghirov, Ibrahim Madat",AZE,M,,,,1493,0,40,SEP25,2009,
13404318,"Baghirov, Javanshir",AZE,M,,,,1949,0,20,SEP25,1990,i
13428152,"Baghirov, Jovdat",AZE,M,,,,1484,0,20,SEP25,1975,i
13450255,"Baghirov, Mahammad",AZE,M,,,,2029,20,40,SEP25,2009,
13433369,"Baghirov, Orkhan",AZE,M,,,,1969,14,40,SEP25,2008,
13403753,"Baghirova, Khatun",AZE,F,WFM,WFM,,1840,0,20,SEP25,1997,wi
13484460,"Baghirzade, Ilham",AZE,M,,,,1551,5,40,SEP25,2011,
13484435,"Baghirzade, Jamil",AZE,M,,,,1481,4,40,SEP25,2014,
13418440,"Baghirzade, Kanan",AZE,M,,,,1675,0,20,SEP25,2002,i
13457292,"Baghirzade, Urfan",AZE,M,,,,1420,0,40,SEP25,2010,i
13402838,"Baghishov, Anar",AZE,M,,,,1890,0,20,SEP25,1987,
13423550,"Baim, Elvin",AZE,M,,,,1821,0,40,SEP25,2008,
13410121,"Bairamov, Sharafaddin",AZE,M,,,,1936,0,20,SEP25,1951,i
13400223,"Bajarani, Ilgar",AZE,M,IM,FST,,2085,0,20,SEP25,1965,
13400622,"Bajarani, Kubra",AZE,F,WFM,WFM,,1963,0,20,SEP25,1974,wi
13403028,"Bajarani, Ulvi",AZE,M,GM,NA,,2474,0,10,SEP25,1995,i
13441094,"Bakhishova, Maryam",AZE,F,,,,1495,0,40,SEP25,2012,wi
13446037,"Bakhshizada, Asnad",AZE,F,,,,1699,0,40,SEP25,2013,w
13422774,"Bakikhanov, Fail",AZE,M,,,,1496,0,20,SEP25,2003,
13468812,"Bakirli, Matin",AZE,M,,,,1498,0,40,SEP25,2016,
13450581,"Bakirov, Omar",AZE,M,,,,1529,0,40,SEP25,2008,
13401785,"Baladjaev, Gara",AZE,M,FM,,,2304,0,20,SEP25,1987,i
13406396,"Balajayeva, Khanim",AZE,F,IM,WGM,,2222,0,20,SEP25,2001,w
13421514,"Balayev, Habib",AZE,M,,,,1582,0,20,SEP25,2006,i
13416391,"Balayev, Zaur",AZE,M,,,,1864,0,20,SEP25,2004,i
13428500,"Balayeva, Kamilla",AZE,F,,,,1548,0,20,SEP25,2006,wi
13426290,"Baloghlanov, Farid",AZE,M,,,,1554,0,40,SEP25,2007,i
13406809,"Bashirli, Nail",AZE,M,IM,,,2274,0,10,SEP25,2000,i
13429990,"Bashirli, Saadat",AZE,F,WCM,WCM,,1940,8,40,SEP25,2011,w
13430637,"Bashirli, Vahid",AZE,M,,,,1932,9,40,SEP25,2008,
13419862,"Bashirov, Mirjavad",AZE,M,,,,1523,0,20,SEP25,1998,i
13430181,"Bashirov, Teymur",AZE,M,FM,,,2348,0,20,SEP25,1986,i
13422600,"Bashirzade, Farhad",AZE,M,,,,1489,0,40,SEP25,2007,i
13468340,"Bayramli, Ilyas",AZE,M,,,,1417,0,40,SEP25,2010,i
13429868,"Bayramli, Rafael",AZE,M,,,,1612,0,40,SEP25,2011,i
13459015,"Bayramli, Ramazan",AZE,M,,,,1438,0,40,SEP25,2012,i
13456431,"Bayramli, Zamig",AZE,M,,,,1500,0,40,SEP25,2009,
13416995,"Bayramov, Azar",AZE,M,,,,1807,0,20,SEP25,1992,
13400525,"Bayramov, Elkhan",AZE,M,,,,2065,0,20,SEP25,1997,
13406655,"Bayramov, Elvin",AZE,M,FM,,,2153,0,20,SEP25,1997,
13425447,"Bayramov, Emil",AZE,M,,,,1428,0,20,SEP25,1984,i
13407686,"Bayramov, Ilkin",AZE,M,,,,1741,0,20,SEP25,1999,i
13423924,"Bayramov, Munir",AZE,M,,,,1555,0,40,SEP25,2007,i
13400916,"Bayramov, Vugar",AZE,M,,,,2150,0,20,SEP25,1971,i
13405080,"Bayramov, Zaur",AZE,M,FM,,,2117,0,20,SEP25,1998,
13422081,"Bayramova, Fidan",AZE,F,,,,1593,0,40,SEP25,2007,wi
13458841,"Bayramzade, Asmar",AZE,F,,,,1451,0,40,SEP25,2013,w
13413015,"Beydullayeva, Govhar",AZE,F,WGM,WGM,,2156,0,20,SEP25,2003,w
13430815,"Binnatzada, Davud",AZE,M,,,,1632,0,40,SEP25,2007,i
13416065,"Budagova, Leyla",AZE,F,WCM,WCM,,1566,0,40,SEP25,2008,wi
13415930,"Bunyadov, Tamerlan",AZE,M,,,,1834,9,20,SEP25,1975,
13410210,"Bunyatov, Rustam",AZE,M,FM,,,2094,0,20,SEP25,1999,i
13446940,"Burzu, Sarhad",AZE,M,,,,1413,0,40,SEP25,2014,
13456016,"Celik, Onur Kenan",AZE,M,,,,1422,0,40,SEP25,2009,i
13457306,"Chadirji, Kaan Toprak",AZE,M,,,,1418,0,40,SEP25,2014,
13404385,"Dadashov, Zamig",AZE,M,,,,1725,8,20,SEP25,1981,
13415964,"Dalgi, Azad",AZE,M,,,,1866,0,20,SEP25,1993,i
13417622,"Dashdamirova, Madina",AZE,F,,,,1425,0,40,SEP25,2007,wi
13401149,"Davidov, Samir",AZE,M,,,,2198,0,20,SEP25,1986,i
13429558,"Davidov, Ughur",AZE,M,,,,1609,0,40,SEP25,2008,i
13447580,"Davidov, Yahya",AZE,M,,,,AFM,1488,0,SEP25,2008,i
13447203,"Davidzada, Kanan",AZE,M,,,,1554,5,40,SEP25,2009,
13422316,"Davudov, Tunar",AZE,M,CM,,,2128,9,40,SEP25,2009,
13476203,"Ddadashov, Isa",AZE,M,,,,1605,0,40,SEP25,2010,
13420828,"Dostuzada, Ruslan",AZE,M,,,,1554,0,20,SEP25,2004,i
13431811,"Dovlatzade, Daniz",AZE,F,,,,1476,0,40,SEP25,2007,wi
13459040,"Dunyamali, Yagub",AZE,M,,,,1555,0,40,SEP25,2011,
13453815,"Dunyamaliyev, Farid",AZE,M,,,,1693,0,40,SEP25,2011,
13454196,"Dunyamaliyev, Hazrat",AZE,M,,,,1563,0,40,SEP25,2007,i
13458159,"Dunyamaliyev, Rasul",AZE,M,,,,1579,0,40,SEP25,2014,i
13402935,"Durarbayli, Vasif",AZE,M,GM,,,2570,0,10,SEP25,1992,
13465759,"Dushdurlu, Mahmud",AZE,M,,,,1443,0,40,SEP25,2012,i
13469380,"Ekici, Pamir Azer",AZE,M,,,,1472,0,40,SEP25,2014,
13412825,"Elyar, Gulamhuseynli",AZE,M,,,,1858,0,20,SEP25,0,i
13434071,"Eminli, Mahammad",AZE,M,,,,1455,0,40,SEP25,2009,i
13486390,"Eryighit, Fatih",AZE,M,,,,1466,4,40,SEP25,2013,
13413562,"Eynullayev, Altay",AZE,M,FM,,,2110,0,20,SEP25,2004,i
13413570,"Eynullayev, Atilla",AZE,M,FM,,,2104,0,20,SEP25,2004,i
13463900,"Eyvazli, Kenan",AZE,M,,,,1503,0,40,SEP25,2015,
13461443,"Eyvazov, Hasan Khagani",AZE,M,,,,1612,0,40,SEP25,2013,
13415530,"Eyvazov, Rasim",AZE,M,,,,1817,0,20,SEP25,1973,i
13470140,"Eyvazzada, Vagif",AZE,M,,,,1511,9,40,SEP25,2012,
13401882,"Eyyubov, Zeynal",AZE,M,FM,,,2162,0,20,SEP25,1981,i
13461087,"Farajli, Nadir",AZE,M,,,,1440,0,40,SEP25,2011,
13459406,"Farajov, Faraj",AZE,M,,,,1615,0,40,SEP25,2012,
13413279,"Farajov, Nidshat",AZE,M,,,,1806,0,20,SEP25,1997,i
13463012,"Farajov, Nihad",AZE,M,,,,1484,0,40,SEP25,2007,i
13410571,"Farhadli, Farhad",AZE,M,,,,1935,0,20,SEP25,2003,
13433601,"Farhadov, Ali",AZE,M,,,,AFM,1740,0,SEP25,2008,
13415727,"Farhadov, Mikayil",AZE,M,,,,1741,0,20,SEP25,2003,
13471899,"Farzaliyev, Aykhan",AZE,M,,,,1468,0,40,SEP25,2009,i
13414127,"Farzaliyev, Kanan",AZE,M,,,,1968,0,20,SEP25,1988,i
13433679,"Farzaliyeva, Shams",AZE,F,,,,1567,0,20,SEP25,2006,wi
13488597,"Farzullayeva, Fatima",AZE,F,,,,1423,0,20,SEP25,2006,w
13434616,"Fatali, Ibrahim",AZE,M,,,,1488,0,40,SEP25,2009,i
13474812,"Fataliyev, Ilyas",AZE,M,,,,1650,0,20,SEP25,1996,i
13403052,"Fataliyeva, Ulviyya",AZE,F,IM,WGM,,2109,0,20,SEP25,1996,w
13417380,"Fatalizade, Nijat",AZE,M,,,,1696,0,20,SEP25,2004,i
13488767,"Fatullayev, Agshin",AZE,M,,,,1440,0,20,SEP25,1982,
13444786,"Fatullayev, Emin",AZE,M,,,,1569,7,20,SEP25,2005,
13427890,"Fatullayev, Jamil",AZE,M,,NA,,1763,5,20,SEP25,1966,
13428993,"Fehruzov, Emil",AZE,M,,,,1620,0,40,SEP25,2009,
13415549,"Feyziyev, Mirmusa",AZE,M,,,,1910,0,20,SEP25,2004,i
13411888,"Feyzullayeva, Shabnam",AZE,F,,,,1617,0,20,SEP25,2003,wi
13418416,"Gabulov, Ilkin",AZE,M,,,,1718,0,40,SEP25,2008,i
13404938,"Gadimbayli, Abdulla",AZE,M,GM,,,2397,0,20,SEP25,2002,i
13417509,"Gadimov, Emil",AZE,M,,,,1951,9,20,SEP25,2004,
13484370,"Gadirli, Gadir",AZE,M,,,,1431,0,40,SEP25,2012,
13431676,"Gadirli, Ildirim",AZE,M,,,,1503,0,40,SEP25,2007,i
13435906,"Gadirli, Omar",AZE,M,,,,1498,0,40,SEP25,2010,i
13415069,"Gadirov, Matlab",AZE,M,,,,1795,0,20,SEP25,1961,i
13455400,"Gadirov, Yusif",AZE,M,,,,1709,0,40,SEP25,2014,i
13437143,"Gafarli, Nuray",AZE,F,,,,1472,0,40,SEP25,2010,w
13404741,"Gafarov, Joshgun",AZE,M,,,,1470,0,20,SEP25,1994,i
13419048,"Gafarov, Niyazi",AZE,M,,,,1739,0,40,SEP25,2007,i
13466305,"Gahramanov, Huseyn",AZE,M,,,,1531,0,40,SEP25,2012,
13453254,"Ganbarli, Ali",AZE,M,,,,1679,0,40,SEP25,2014,
13459341,"Ganbarli, Davud",AZE,M,,,,1511,0,40,SEP25,2016,
13424785,"Ganbarli, Huseyn",AZE,M,,,,1950,0,40,SEP25,2009,
13436449,"Ganbarli, Nigar",AZE,F,,,,1664,0,40,SEP25,2011,w
13457802,"Ganbarli, Nurgul",AZE,F,,,,1428,0,40,SEP25,2014,w
13418670,"Ganbarli, Sahil",AZE,M,,,,1774,0,20,SEP25,1993,i
13485911,"Ganbarov, Rasul",AZE,M,,,,1486,0,40,SEP25,2016,
13454927,"Ganbarov, Yusif",AZE,M,,,,1423,0,40,SEP25,2014,
13475860,"Ganizada, Nurlan",AZE,M,,,,1669,0,40,SEP25,2016,
13433890,"Ganjaliyev, Emin",AZE,M,,,,1751,0,40,SEP25,2010,
13465791,"Garaisali, Murad",AZE,M,,,,1471,0,40,SEP25,2012,
13479504,"Garaja, Said",AZE,M,,,,1484,11,40,SEP25,2015,
13449214,"Garakhanov, Shamsi",AZE,M,,,,1893,0,40,SEP25,2012,
13435647,"Garashli, Garash",AZE,M,,,,1556,0,40,SEP25,2007,i
13450573,"Garashov, Teymur",AZE,M,,,,1539,0,20,SEP25,2006,i
13417398,"Garayev, Ilyas",AZE,M,,,,1805,0,20,SEP25,2004,
13406671,"Garayev, Kanan",AZE,M,IM,,,2226,0,20,SEP25,2002,
13418912,"Garayev, Khagani",AZE,M,,,,1763,0,20,SEP25,2005,i
13454153,"Garayev, Omar",AZE,M,,,,1663,11,40,SEP25,2012,
13471104,"Garayev, Rahman",AZE,M,,,,1504,0,40,SEP25,2011,i
13410598,"Garayev, Sadig",AZE,M,,,,1920,0,20,SEP25,2005,i
13457195,"Garayev, Tunar",AZE,M,,,,1667,8,40,SEP25,2014,
13468065,"Garayev, Vagif",AZE,M,,,,1407,0,40,SEP25,2009,i
13471554,"Garayeva, Khadija",AZE,F,,,,1423,0,40,SEP25,2009,w
13463241,"Garazade, Inji",AZE,F,,,,1505,0,40,SEP25,2013,w
13470329,"Garibli, Oghuz",AZE,M,,,,1529,0,40,SEP25,2014,
13471260,"Garibli, Ughur",AZE,M,,,,1511,0,40,SEP25,2017,
13405152,"Gasanov, Faig",AZE,M,,,,2096,0,20,SEP25,1940,i
13400657,"Gashimov, Sarkhan",AZE,M,FM,,,2217,0,20,SEP25,1984,
13400290,"Gasimov, Elmar",AZE,M,,,,2044,0,20,SEP25,1994,i
13415867,"Gasimov, Kanan",AZE,M,,,,1827,0,20,SEP25,2004,i
13476190,"Gasimov, Murad",AZE,M,,,,1416,0,40,SEP25,2009,
13408798,"Gasimov, Parviz",AZE,M,IM,,,2224,0,20,SEP25,2000,
13400126,"Gasimov, Rahim",AZE,M,IM,"FT,IA",,2321,0,10,SEP25,1976,
13435221,"Gasimova, Ayan",AZE,F,,,,1492,0,40,SEP25,2011,wi
13417428,"Gasimova, Samra",AZE,F,WCM,WCM,,1776,0,40,SEP25,2007,w
13432532,"Gasimzade, Davud",AZE,M,,,,1551,0,20,SEP25,2000,i
13417061,"Gaziyev, Orkhan",AZE,M,,,,1594,8,20,SEP25,1984,
13419943,"Gojayev, Emil",AZE,M,,,,1665,0,20,SEP25,2005,i
13412868,"Gojayev, Kamal",AZE,M,,,,1848,0,20,SEP25,2001,i
13475193,"Gojayev, Sabir",AZE,M,,,,1647,0,20,SEP25,1972,i
13440888,"Gojayeva, Narmin",AZE,F,,,,1551,0,40,SEP25,2008,w
13418297,"Goyushlu, Akif",AZE,M,,,,1547,0,40,SEP25,2007,i
13410610,"Gulamzada, Ali",AZE,M,,,,1695,0,20,SEP25,2002,i
13400061,"Guliev, Logman",AZE,M,IM,,,2081,0,10,SEP25,1974,
13400231,"Guliev, Sarhan",AZE,M,GM,,,2308,0,10,SEP25,1968,i
13422820,"Guliyev, Ali",AZE,M,,,,1646,0,20,SEP25,2004,i
13418173,"Guliyev, Elvin",AZE,M,,,,1996,0,20,SEP25,1984,i
13475185,"Guliyev, Faramaz",AZE,M,,,,1682,0,40,SEP25,2013,
13404407,"Guliyev, Gasan",AZE,M,,,,1893,0,20,SEP25,1977,i
13482467,"Guliyev, Huseyn",AZE,M,,,,1481,0,40,SEP25,2017,
13432494,"Guliyev, Izzat",AZE,M,,,,1515,0,20,SEP25,2003,i
13453033,"Guliyev, Kamran",AZE,M,,,,1545,0,40,SEP25,2012,
13401165,"Guliyev, Khagani",AZE,M,,,,1639,0,20,SEP25,1984,
13485156,"Guliyev, Mammadali",AZE,M,,,,1714,9,20,SEP25,1975,
13401289,"Guliyev, Murad",AZE,M,,,,2081,0,20,SEP25,1993,i
13400363,"Guliyev, Namig",AZE,M,GM,,,2500,9,10,SEP25,1974,
13470868,"Guliyev, Natig",AZE,M,,,,1525,0,20,SEP25,1976,i
13468995,"Guliyev, Omar",AZE,M,,,,1489,4,40,SEP25,2013,
13455966,"Guliyev, Rakif",AZE,M,,,,1469,0,40,SEP25,2010,
13400320,"Guliyev, Raul",AZE,M,,"FI,NA",,2012,0,20,SEP25,1990,i
13459201,"Guliyev, Rza",AZE,M,,,,1607,0,40,SEP25,2012,
13438514,"Guliyev, Said",AZE,M,,,,1504,0,40,SEP25,2007,i
13401475,"Guliyev, Shaig",AZE,M,,,,2044,0,20,SEP25,1978,i
13488040,"Guliyev, Toghrul",AZE,M,,,,1446,0,20,SEP25,1974,
13462946,"Guliyev, Yunis",AZE,M,,,,1411,0,40,SEP25,2012,
13439154,"Guliyev, Yunus",AZE,M,,,,1448,0,40,SEP25,2008,
13477935,"Guliyev, Yusif",AZE,M,,,,1489,7,40,SEP25,2015,i
13424912,"Guliyeva, Laman",AZE,F,,,,1566,0,20,SEP25,1979,wi
13418920,"Guliyeva, Leyla",AZE,F,,,,1528,0,40,SEP25,2007,wi
13403680,"Guliyeva, Sabina",AZE,F,WCM,WCM,NA,1959,6,20,SEP25,1993,w
13457187,"Gulmammadli, Malik",AZE,M,,,,ACM,1477,0,SEP25,2008,i
13455818,"Gulu, Muhammadali",AZE,M,,,,1562,0,40,SEP25,2011,i
13426095,"Gulumov, Muthat",AZE,M,,,,2021,0,40,SEP25,2008,
13409204,"Guluzada, Shamil",AZE,M,,,,1862,0,20,SEP25,1997,i
13468537,"Guluzada, Yusif",AZE,M,,,,1418,0,40,SEP25,2014,
13403109,"Guluzade, Elgun",AZE,M,,,,1541,0,20,SEP25,1991,
13442554,"Gurbanli, Elton",AZE,M,,,,1470,0,40,SEP25,2009,i
13476270,"Gurbanli, Matin",AZE,M,,,,1707,0,20,SEP25,2004,
13453904,"Gurbanli, Nazrin",AZE,F,,,,1459,0,40,SEP25,2008,wi
13426532,"Gurbanli, Ughur",AZE,M,,,,1527,0,40,SEP25,2008,i
13445030,"Gurbanov, Amin Novruz",AZE,M,,,,2027,6,40,SEP25,2008,
13426001,"Gurbanov, Huseyn",AZE,M,,,,1919,0,40,SEP25,2011,
13417304,"Gurbanov, Ismayil",AZE,M,,,,2151,9,20,SEP25,2004,
13433024,"Gurbanov, Orkhan",AZE,M,,,,1777,0,20,SEP25,1983,i
13424521,"Gurbanov, Shamil",AZE,M,,,,1459,0,40,SEP25,2011,
13426419,"Gurbanov, Toghrul",AZE,M,,,,1623,0,20,SEP25,2006,i
13400878,"Guseinov, Elmir",AZE,M,IM,,,2454,0,10,SEP25,1983,i
13401378,"Guseinov, Gadir",AZE,M,GM,,,2583,0,10,SEP25,1986,i
13413074,"Guseinov, Shahin",AZE,M,,,,2236,0,20,SEP25,1980,i
13404156,"Hagverdiyev, Elkhan",AZE,M,,,,1908,0,20,SEP25,1991,i
13442724,"Hajialiyev, Islam",AZE,M,CM,,,2210,0,40,SEP25,2008,
13470086,"Hajiseyidov, Tofig",AZE,M,,,,1483,0,40,SEP25,2009,i
13411845,"Hajiyev, Eldar",AZE,M,,,,1651,0,20,SEP25,2003,i
13474480,"Hajiyev, Fuad",AZE,M,,,,1484,0,40,SEP25,2016,
13482939,"Hajiyev, Huseynagha",AZE,M,,,,1456,0,40,SEP25,2011,
13404148,"Hajiyev, Kanan",AZE,M,FM,,,2184,0,20,SEP25,1987,
13481770,"Hajiyev, Mahir",AZE,M,,,,1922,0,20,SEP25,1990,
13416090,"Hajiyev, Shahin",AZE,M,,,,1853,0,20,SEP25,2003,i
13407066,"Hajiyev, Teymur",AZE,M,,,,1783,0,20,SEP25,1996,
13482327,"Hajiyev, Zeynalabidin",AZE,M,,,,1426,0,40,SEP25,2016,
13428322,"Hajiyeva, Altunay",AZE,F,,,,1608,0,20,SEP25,2005,wi
13415875,"Hajiyeva, Laman",AZE,F,WFM,WFM,,2027,0,20,SEP25,2003,w
13458477,"Hajizada, Hurrijan",AZE,F,,,,1505,9,40,SEP25,2012,w
13404504,"Hajizada, Iman",AZE,M,,,,1713,0,20,SEP25,1996,i
13420887,"Hajizada, Joshgun",AZE,M,,,,1712,8,20,SEP25,2001,
13467468,"Hajizada, Ughur",AZE,M,,,,1422,0,40,SEP25,2014,
13474022,"Hajizada, Zavir",AZE,M,,,,AFM,1550,0,SEP25,2014,
13401025,"Halafov, Ilgar",AZE,M,,,,1975,0,20,SEP25,1957,
13452029,"Hamidov, Allahverdi",AZE,M,FM,,,2335,11,20,SEP25,2008,
13471023,"Hamidzade, Murad Vugar",AZE,M,,,,1401,0,40,SEP25,2014,i
13472496,"Hamzazade, Mustafa",AZE,M,,,,1450,0,40,SEP25,2011,
13433075,"Hasanaliyev, Zaur",AZE,M,,,,1587,0,20,SEP25,1980,i
13447106,"Hasanli, Eljan",AZE,M,,,,1613,0,40,SEP25,2010,i
13429035,"Hasanli, Fatih",AZE,M,,,,1500,0,40,SEP25,2008,i
13464345,"Hasanli, Narmin",AZE,F,,,,1434,0,40,SEP25,2013,wi
13476750,"Hasanli, Onur",AZE,M,,,,1499,9,40,SEP25,2015,
13452991,"Hasanli, Rauf",AZE,M,,,,1482,0,40,SEP25,2011,i
13423363,"Hasanli, Rufat",AZE,M,,,,1539,0,20,SEP25,2005,i
13443623,"Hasanli, Rza",AZE,M,,,,1679,0,40,SEP25,2008,i
13403877,"Hasanli, Sirus",AZE,M,,,,1939,0,20,SEP25,1993,
13425234,"Hasanli, Ziya",AZE,M,,,,1624,0,40,SEP25,2010,i
13449567,"Hasanov, Ahad",AZE,M,,,,1458,0,20,SEP25,1978,i
13446886,"Hasanov, Akram",AZE,M,,,,1694,0,20,SEP25,1977,i
13401939,"Hasanov, Ali",AZE,M,,,,2176,0,20,SEP25,1988,i
13425552,"Hasanov, Ali",AZE,M,,,,1876,0,40,SEP25,2007,i
13400908,"Hasanov, Asif",AZE,M,FM,,,2243,0,20,SEP25,1973,i
13416804,"Hasanov, Elgun",AZE,M,,,,1578,0,20,SEP25,2002,i
13417517,"Hasanov, Elman",AZE,M,,,,1756,0,20,SEP25,1962,i
13405284,"Hasanov, Mirmusa",AZE,M,,,,1746,0,20,SEP25,1946,i
13410342,"Hasanov, Orkhan",AZE,M,,,,1837,0,20,SEP25,1986,
13416812,"Hasanov, Ramal",AZE,M,,,,1900,0,40,SEP25,2010,
13456067,"Hasanov, Ramin",AZE,M,,,,1575,17,20,SEP25,2003,
13402706,"Hasanov, Rashad",AZE,M,,,,2117,0,20,SEP25,1990,i
13403648,"Hasanov, Sahib",AZE,M,,,,2019,0,20,SEP25,1965,i
13402196,"Hasanov, Shahriyar",AZE,M,,,,2125,0,20,SEP25,1989,
13481592,"Hasanov, Tunar",AZE,M,,,,1556,5,40,SEP25,2011,
13476920,"Hasanov, Yashar",AZE,M,,,,1516,0,40,SEP25,2016,
13432680,"Hasanov, Zaur",AZE,M,,,,1446,0,20,SEP25,1977,i
13413961,"Hasanova, Kenul",AZE,F,,,,1642,0,20,SEP25,1972,wi
13403010,"Hasanova, Turkan",AZE,F,WFM,WFM,,1928,0,20,SEP25,1992,w
13423240,"Hasanzada, Farid",AZE,M,,,,1565,0,40,SEP25,2007,i
13405926,"Hasanzada, Sahib",AZE,M,,,,AFM,1781,0,SEP25,1997,
13406400,"Hasanzada, Ulkar",AZE,F,,,,1758,0,20,SEP25,2001,wi
13414550,"Hasanzada, Vusal",AZE,M,,,,1871,0,20,SEP25,1999,
13474863,"Hasanzade, Akbar",AZE,M,,,,1424,0,40,SEP25,2009,
13465473,"Hasanzade, Farid",AZE,M,,,,1462,0,40,SEP25,2011,
13425064,"Hasanzade, Ravan",AZE,M,,,,1581,0,40,SEP25,2007,i
13407716,"Hasanzade, Toghrul",AZE,M,IM,NA,,2204,0,20,SEP25,1997,
13415980,"Hasanzade, Vahid",AZE,M,,,,1704,0,20,SEP25,2003,i
13415999,"Hasanzade, Vugar",AZE,M,,,,1628,0,20,SEP25,2005,i
13425986,"Hasanzade, Zuleykha",AZE,F,,,,1534,0,20,SEP25,2005,wi
13432079,"Hashimli, Muhammad",AZE,M,,,,1528,0,40,SEP25,2010,i
13475070,"Hashimli, Oghuzkhan",AZE,M,,,,1486,0,40,SEP25,2016,
13429299,"Hashimov, Ahmadagha",AZE,M,,,,1821,9,40,SEP25,2008,
13421743,"Hashimov, Ilgar",AZE,M,,,,1546,0,40,SEP25,2008,i
13421735,"Hashimov, Javanshir",AZE,M,,,,1583,0,20,SEP25,2005,i
13406345,"Hashimov, Murad",AZE,M,,,,1908,0,20,SEP25,1996,
13453831,"Heydarli, Telman",AZE,M,,,,1472,0,40,SEP25,2011,
13422839,"Heydarov, Elsev",AZE,M,,,,1610,0,20,SEP25,2002,i
13409999,"Heydarova, Aytaj",AZE,F,,,,1795,0,20,SEP25,2002,wi
13408550,"Heydarova, Gulchin",AZE,F,,,,1558,0,20,SEP25,2003,wi
13417720,"Hojjatov, Hikmat",AZE,M,,,,1551,0,20,SEP25,1974,i
13401491,"Hojjatova, Aydan",AZE,F,WGM,WGM,,2138,0,20,SEP25,1999,wi
13458582,"Humbatli, Khanimzar",AZE,F,,,,1546,0,40,SEP25,2014,w
13455567,"Humbatli, Leyla",AZE,F,,,,1664,0,40,SEP25,2013,w
13482211,"Humbatli, Shamo",AZE,M,,,,1441,0,20,SEP25,1996,
13450220,"Humbatov, Ismayil",AZE,M,,,,1536,0,40,SEP25,2007,i
13422871,"Humbatov, Mail",AZE,M,,,,1633,0,20,SEP25,2002,i
13412698,"Humbatov, Samir",AZE,M,,,,1922,0,20,SEP25,1980,i
13422782,"Humbatov, Yusif",AZE,M,,,,1761,0,20,SEP25,1959,i
13416839,"Humbatova, Nazli",AZE,F,,,,1704,0,40,SEP25,2007,w
13450280,"Humbatzada, Farid",AZE,M,,,,ACM,1425,0,SEP25,2009,
13403230,"Hummatov, Hummat",AZE,M,,,,1734,0,20,SEP25,1947,i
13448692,"Hummatov, Safa",AZE,M,,,,1846,0,40,SEP25,2014,
13467557,"Huseynkhanov, Mahir",AZE,M,,,,1469,10,20,SEP25,1997,
13423410,"Huseynli, Agil",AZE,M,,,,1831,0,20,SEP25,1982,
13436503,"Huseynli, Ayan",AZE,F,,,,1640,0,40,SEP25,2010,wi
13440918,"Huseynli, Daniz",AZE,F,,,,1488,0,40,SEP25,2008,wi
13458132,"Huseynli, Duyghu",AZE,F,,,,1455,0,40,SEP25,2012,wi
13450158,"Huseynli, Elvin",AZE,M,,,,1824,0,40,SEP25,2009,
13427903,"Huseynli, Ismayil",AZE,M,,,,1621,0,40,SEP25,2007,i
13405942,"Huseynli, Jabrayil",AZE,M,,,,1637,0,20,SEP25,2000,
13468081,"Huseynli, Nurey",AZE,F,,,,1549,0,40,SEP25,2007,wi
13431048,"Huseynli, Vahid",AZE,M,,,,1708,0,20,SEP25,2006,i
13431200,"Huseynov, Adil",AZE,M,,,,1951,0,20,SEP25,1985,i
13441949,"Huseynov, Ahmed",AZE,M,,,,1958,8,40,SEP25,2012,
13434934,"Huseynov, Balaramdas",AZE,M,,,,1405,0,40,SEP25,2008,i
13449370,"Huseynov, Bayrampasha",AZE,M,,,,1608,8,20,SEP25,1991,
13435884,"Huseynov, Emil",AZE,M,,,,1436,6,40,SEP25,2008,
13402668,"Huseynov, Fazil",AZE,M,,,,1687,0,20,SEP25,1958,
13465902,"Huseynov, Hazi",AZE,M,,,,1482,0,40,SEP25,2012,
13432168,"Huseynov, Huseyn Tural",AZE,M,,,,1432,0,40,SEP25,2009,i
13458760,"Huseynov, Ibrahim",AZE,M,,,,1619,0,40,SEP25,2015,
13474243,"Huseynov, Kemaleddin",AZE,M,,,,1524,8,40,SEP25,2018,
13417576,"Huseynov, Khazar",AZE,M,,,,1528,0,40,SEP25,2008,i
13417932,"Huseynov, Krishnadas",AZE,M,,,,1711,0,20,SEP25,2004,i
13467387,"Huseynov, Maksud",AZE,M,,,,1479,0,40,SEP25,2010,i
13458752,"Huseynov, Mirzali",AZE,M,,,,1489,0,40,SEP25,2015,
13460889,"Huseynov, Murad",AZE,M,,,,1649,0,40,SEP25,2011,i
13423380,"Huseynov, Rasim",AZE,M,,,,1690,0,20,SEP25,1982,i
13401106,"Huseynov, Shahin",AZE,M,,,,2094,0,20,SEP25,1980,i
13406540,"Huseynov, Shamsaddin",AZE,M,,,,1910,0,20,SEP25,1987,i
13414216,"Huseynov, Teymur",AZE,M,,,,1530,0,20,SEP25,2004,i
13406850,"Huseynov, Vusal",AZE,M,,,,2093,0,20,SEP25,1987,i
13413120,"Huseynova, Aydan",AZE,F,,,,1729,0,20,SEP25,2003,wi
13437313,"Huseynova, Dinara",AZE,F,WCM,WCM,,1710,0,40,SEP25,2011,w
13431781,"Huseynova, Lala",AZE,F,WFM,WFM,,1950,17,40,SEP25,2010,w
13413139,"Huseynova, Laman",AZE,F,,,,1722,0,20,SEP25,2001,wi
13476939,"Huseynzada, Yusif",AZE,M,,,,1484,0,40,SEP25,2016,
13408607,"Huseynzade, Jeyhun",AZE,M,,,,2054,0,20,SEP25,2000,
13425595,"Huseynzade, Tamerlan",AZE,M,,,,1657,0,40,SEP25,2007,
13422430,"Huseynzade, Vusal",AZE,M,,,,1457,0,20,SEP25,2003,i
13429213,"Husuyev, Nihad",AZE,M,,,,1581,0,40,SEP25,2007,
13470523,"Ibadli, Akbar",AZE,M,,,,1683,0,40,SEP25,2013,
13441744,"Ibadov, Isa",AZE,M,,,,1511,0,20,SEP25,2006,i
13427911,"Ibadov, Ismayil",AZE,M,,,,1562,0,40,SEP25,2007,i
13426729,"Ibrahimkhalilli, Rahim",AZE,M,,,,1483,0,40,SEP25,2009,i
13481827,"Ibrahimli, Aykhan",AZE,M,,,,1458,0,40,SEP25,2014,
13464116,"Ibrahimli, Azer",AZE,M,,,,1619,0,40,SEP25,2015,
13408615,"Ibrahimli, Leila",AZE,F,,,,1751,0,20,SEP25,2001,wi
13410229,"Ibrahimli, Murad",AZE,M,IM,,,2401,9,10,SEP25,2002,
13415514,"Ibrahimli, Nihad",AZE,M,,,,1954,0,20,SEP25,1993,i
13446789,"Ibrahimli, Ravan",AZE,M,,,,1469,0,40,SEP25,2013,
13441906,"Ibrahimli, Suat",AZE,M,,,,1832,0,40,SEP25,2012,
13409255,"Ibrahimov, Babak",AZE,M,,,,1912,0,20,SEP25,1986,i
13460765,"Ibrahimov, Elgun",AZE,M,,,,1449,0,40,SEP25,2009,i
13446479,"Ibrahimov, Mazahir",AZE,M,,,,1500,8,40,SEP25,2008,
13446460,"Ibrahimov, Muhammad Vusal",AZE,M,,,,1513,0,40,SEP25,2007,i
13400495,"Ibrahimov, Rasul",AZE,M,GM,FT,,2467,0,10,SEP25,1981,i
13454099,"Ibrahimov, Raul",AZE,M,,,,1462,0,40,SEP25,2011,i
13403893,"Ibrahimova, Sabina",AZE,F,WIM,WIM,,2020,0,20,SEP25,1995,wi
13402870,"Idrisov, Tabriz",AZE,M,FM,,,1913,9,20,SEP25,1989,
13414623,"Ilyasli, Aghazahir",AZE,M,,,,1844,0,20,SEP25,2000,i
13416197,"Ilyasli, Ughur",AZE,M,FM,,,2080,0,20,SEP25,2004,i
13460811,"Ilyasov, Ulvi",AZE,M,,,,1518,0,40,SEP25,2007,i
13415751,"Imamverdiyeva, Irada",AZE,F,,,,1716,0,20,SEP25,1993,wi
13448099,"Imanguliyev, Ismayil",AZE,M,,,,1603,0,20,SEP25,2006,i
13403621,"Imanli, Maghrura",AZE,F,,,,1827,0,20,SEP25,1998,wi
13486870,"Imanov, Alakbar",AZE,M,,,,1407,0,40,SEP25,2015,
13405462,"Imanov, Asim",AZE,M,,,,1816,0,20,SEP25,2000,i
13414003,"Imanov, Fateh",AZE,M,,,,1669,0,20,SEP25,2004,i
13463888,"Imranli, Kenan",AZE,M,,,,1720,0,40,SEP25,2013,
13433695,"Imranli, Madina",AZE,F,,,,1466,0,40,SEP25,2010,w
13480782,"Isazade, Ramin",AZE,M,,,,1520,0,40,SEP25,2012,i
13428721,"Isbatov, Kanan",AZE,M,,,,1799,0,40,SEP25,2010,
13425579,"Isfandiyarli, Kamal",AZE,M,,,,1682,0,40,SEP25,2007,i
13402439,"Isfandiyarli, Tahmina",AZE,F,,,,1750,0,20,SEP25,1997,wi
13463705,"Isgandarli, Ali",AZE,M,,,,1566,0,40,SEP25,2012,
13471716,"Isgandarli, Murad",AZE,M,,,,1417,0,40,SEP25,2014,
13405993,"Isgandarov, Shahriyar",AZE,M,,,,1989,0,20,SEP25,2000,
13400312,"Iskandarov, Misratdin",AZE,M,GM,,,2495,0,10,SEP25,1995,i
13439782,"Islamova, Baghdagul",AZE,F,,,,1531,0,40,SEP25,2008,wi
13428535,"Ismayil, Mahammad",AZE,M,,,,1479,0,40,SEP25,2007,i
13412604,"Ismayil, Malak",AZE,F,WFM,WFM,,2081,0,20,SEP25,2004,w
13420550,"Ismayil, Seljan",AZE,F,,,,1610,0,40,SEP25,2007,w
13407171,"Ismayilov, Agamammad",AZE,M,,,,1673,0,20,SEP25,1994,i
13442287,"Ismayilov, Ali Asef",AZE,M,,,,1553,0,40,SEP25,2007,
13457497,"Ismayilov, Aliakbar",AZE,M,,,,1555,3,40,SEP25,2011,
13410660,"Ismayilov, Arturan",AZE,M,,,,1853,0,20,SEP25,2005,i
13425870,"Ismayilov, Arzu",AZE,M,,,,1499,0,20,SEP25,2004,i
13419242,"Ismayilov, Elchin",AZE,M,,,,1503,0,40,SEP25,2009,i
13438484,"Ismayilov, Eldar",AZE,M,,,,1432,0,40,SEP25,2011,i
13420534,"Ismayilov, Elvin",AZE,M,,,,1663,0,20,SEP25,1988,
13462458,"Ismayilov, Emil",AZE,M,,,,1450,0,40,SEP25,2009,i
13454188,"Ismayilov, Emin",AZE,M,,,,1573,0,40,SEP25,2011,
13457039,"Ismayilov, Faraj",AZE,M,,,,1644,0,40,SEP25,2010,
13433237,"Ismayilov, Farman",AZE,M,,,,1507,0,20,SEP25,1974,i
13416561,"Ismayilov, Firuz",AZE,M,,,,1832,0,20,SEP25,2002,
13441043,"Ismayilov, Hasan",AZE,M,,,,1427,0,20,SEP25,2006,i
13421174,"Ismayilov, Huseyn",AZE,M,,,,1604,0,20,SEP25,2005,i
13473344,"Ismayilov, Jamil",AZE,M,,,,1437,0,20,SEP25,2006,
13425889,"Ismayilov, Javid",AZE,M,,,,1579,0,20,SEP25,2005,i
13410024,"Ismayilov, Muhammad",AZE,M,,,,2056,0,20,SEP25,2003,i
13405160,"Ismayilov, Namig",AZE,M,,,,2072,0,20,SEP25,1948,i
13401602,"Ismayilov, Orkhan",AZE,M,,,,2211,0,20,SEP25,1986,i
13437135,"Ismayilov, Polad",AZE,M,,,,1482,0,40,SEP25,2007,i
13416553,"Ismayilov, Rasim",AZE,M,,,,1738,0,20,SEP25,2004,i
13435531,"Ismayilov, Suleyman",AZE,M,,,,1680,0,20,SEP25,1989,i
13464426,"Ismayilov, Yusif Umid",AZE,M,,,,1493,0,40,SEP25,2013,i
13412582,"Ismayilova, Aysu",AZE,F,,,,1666,0,20,SEP25,2001,wi
13429019,"Ismayilova, Khanim",AZE,F,WCM,WCM,,1841,0,40,SEP25,2010,w
13400509,"Ismayilova, Parvana",AZE,F,WFM,WFM,,2073,0,20,SEP25,1982,wi
13429949,"Ismayilova, Salbinaz",AZE,F,,,,1458,0,40,SEP25,2011,wi
13420437,"Ismayilzada, Aykhan",AZE,M,,,,1502,0,20,SEP25,2005,i
13489313,"Ismayilzada, Huseyn",AZE,M,,,,1468,0,40,SEP25,2015,
13413759,"Ismayilzada, Ismayil",AZE,M,,,,1912,0,20,SEP25,2001,i
13471031,"Ismayilzada, Ismayil Rahib",AZE,M,,,,1467,0,40,SEP25,2012,i
13469053,"Ismayilzada, Matlab",AZE,M,,,,1459,0,40,SEP25,2008,i
13440608,"Ismayilzada, Nursubhan",AZE,M,,,,1660,0,40,SEP25,2009,
13482734,"Ismayilzada, Ulvi",AZE,M,,,,1558,0,40,SEP25,2011,
13406418,"Ismayilzada, Zeynab",AZE,F,,,,1719,0,20,SEP25,2003,wi
13423029,"Israfilov, Emil",AZE,M,,,,1729,16,20,SEP25,2000,
13419013,"Israilov, Agil",AZE,M,,,,2030,0,20,SEP25,2006,
13405209,"Izzat, Kanan",AZE,M,IM,,,2365,0,10,SEP25,1996,i
13456350,"Jabbarli, Atilla",AZE,M,,,,1802,9,40,SEP25,2015,
13462768,"Jabbarli, Farid",AZE,M,,,,1657,0,40,SEP25,2009,
13412914,"Jabbarli, Zaid",AZE,M,,,,1584,0,20,SEP25,1981,i
13401220,"Jabbarov, Eldar",AZE,M,,,,2067,0,20,SEP25,1955,i
13435930,"Jabbarov, Nihat",AZE,M,,,,1481,0,40,SEP25,2010,i
13432770,"Jabrayilli, Arif",AZE,M,,,,1449,0,40,SEP25,2007,i
13463896,"Jabrayilov, Mahammadali",AZE,M,,,,1481,0,40,SEP25,2008,
13406019,"Jafarli, Babak",AZE,M,,,,2180,0,20,SEP25,2001,
13455664,"Jafarli, Bakhtiyar",AZE,M,,,,1595,0,40,SEP25,2015,
13408631,"Jafarli, Gandab",AZE,F,,,,1708,0,20,SEP25,1999,wi
13490796,"Jafarli, Rasul",AZE,M,,,,1538,8,40,SEP25,2004,
13485164,"Jafarli, Raul",AZE,M,,,,1540,7,40,SEP25,2008,
13420658,"Jafarov, Abbas",AZE,M,,,,1413,0,20,SEP25,2006,i
13455761,"Jafarov, Khazar",AZE,M,,,,1540,0,40,SEP25,2009,
13408119,"Jafarov, Maharram",AZE,M,,,,2026,0,20,SEP25,1999,
13400088,"Jafarov, Mahir",AZE,M,,,,2104,0,20,SEP25,1974,i
13419501,"Jafarov, Murad Fikrat",AZE,M,,,,1409,0,20,SEP25,2004,i
34161651,"Jafarov, Oktay",AZE,M,,,,1568,0,40,SEP25,2011,
13467778,"Jafarov, Rasul",AZE,M,,,,1700,0,40,SEP25,2009,
13419498,"Jafarov, Raul",AZE,M,,,,1590,0,20,SEP25,2006,i
13429116,"Jafarova, Aysel",AZE,F,,,,1685,0,20,SEP25,2006,wi
13466615,"Jafarova, Shahane",AZE,F,,,,1601,0,40,SEP25,2007,w
13448889,"Jafarzade, Aydin",AZE,M,,,,1507,0,20,SEP25,2003,i
13419340,"Jafarzade, Elmar",AZE,M,,,,1600,0,20,SEP25,2004,i
13427679,"Jalalzada, Tamerlan",AZE,M,,,,1505,0,20,SEP25,2001,i
13472941,"Jalilli, Alishah",AZE,M,,,,1439,0,40,SEP25,2015,
13431196,"Jalilov, Gulali",AZE,M,,,,AIM,1799,0,SEP25,1965,i
13427547,"Jalilzada, Omar",AZE,M,,,,1640,0,40,SEP25,2008,i
13450808,"Jamalov, Mahammad",AZE,M,,,,1413,0,40,SEP25,2013,
13454200,"Jamili, Elbayaydin",AZE,M,,,,1402,0,20,SEP25,2005,i
13454234,"Jamili, Fariz",AZE,M,,,,1581,0,20,SEP25,1973,i
13400894,"Javad-zada, Samir",AZE,M,FM,,,2239,0,20,SEP25,1971,i
13471600,"Javadli, Huseyn",AZE,M,,,,1494,0,20,SEP25,2002,i
13424165,"Javadov, Habil",AZE,M,CM,,,2057,0,20,SEP25,2005,
13469835,"Javadov, Murad Safar",AZE,M,,,,1419,0,40,SEP25,2008,i
13401904,"Javadov, Ramil",AZE,M,,,,2064,0,20,SEP25,1984,i
13477706,"Javadov, Rufat",AZE,M,,,,1524,0,40,SEP25,2015,
13485946,"Javadzada, Yusif",AZE,M,,,,1428,0,40,SEP25,2012,
13417770,"Javadzade, Rufan",AZE,M,,,,1662,0,20,SEP25,1999,i
13434276,"Jumayev, Farda",AZE,M,,,,1454,0,40,SEP25,2007,i
13457098,"Kadioghlu, Mustafa",AZE,M,,,,1485,0,40,SEP25,2012,i
13483013,"Kamalov, Mahammad",AZE,M,,,,1509,0,40,SEP25,2013,
13445650,"Kangarli, Javidan",AZE,M,,,,1578,0,40,SEP25,2011,
13416162,"Kanli, Alperen",AZE,M,CM,,,2011,0,20,SEP25,2006,i
13441302,"Kardashaliyev, Nicat",AZE,M,,,,1632,0,40,SEP25,2009,i
13454854,"Karim, Abdullah",AZE,M,,,,1424,0,40,SEP25,2007,
13441353,"Karimli, Arrahman",AZE,M,,,,1510,0,40,SEP25,2009,i
13459449,"Karimli, Hasan",AZE,M,,,,1470,0,40,SEP25,2012,i
13429248,"Karimli, Yusif",AZE,M,,,,1784,0,40,SEP25,2011,
13472330,"Karimli, Yusif Ilgar",AZE,M,,,,1434,0,40,SEP25,2011,
13415387,"Karimli, Zhala",AZE,F,,,,1641,0,20,SEP25,2005,wi
13486667,"Karimov, Abulfaz",AZE,M,,,,1420,0,20,SEP25,1984,
13410709,"Karimov, Farid",AZE,M,,,,1840,0,20,SEP25,2001,i
13404458,"Karimov, Joshgun",AZE,M,,,,1834,0,20,SEP25,1992,i
13414674,"Karimov, Orkhan",AZE,M,,,,1937,0,20,SEP25,2000,i
13461125,"Karimova, Aynishan",AZE,F,,,,1457,0,40,SEP25,2012,w
13431641,"Karimzada, Ali",AZE,M,,,,1633,0,40,SEP25,2009,i
13406035,"Karimzada, Mahammad",AZE,M,,,,1863,0,20,SEP25,2001,i
13410717,"Karimzada, Narmin",AZE,F,WCM,WCM,,1941,0,20,SEP25,2000,wi
13483102,"Kazimli, Elvin",AZE,M,,,,1565,0,40,SEP25,2011,
13450182,"Kazimli, Kanan",AZE,M,,,,1487,0,40,SEP25,2011,i
13416529,"Kazimli, Vusal",AZE,M,,,,1651,0,20,SEP25,2001,i
13410733,"Kazimov, Emin",AZE,M,,,,1868,0,20,SEP25,2002,i
13463799,"Kazimov, Khalid",AZE,M,,,,1495,0,20,SEP25,1992,i
13456989,"Kazimov, Rufat",AZE,M,,,,1434,0,20,SEP25,2004,i
13402951,"Kazimova, Narmin",AZE,F,WGM,WGM,,2269,0,20,SEP25,1993,wi
13458175,"Kazimzade, Mahammad",AZE,M,,,,1776,10,40,SEP25,2015,
13458167,"Kazimzade, Nuray",AZE,F,,,,1430,0,40,SEP25,2012,w
13402625,"Khalafova, Narmin",AZE,F,WGM,WGM,,2170,0,20,SEP25,1994,wi
13453980,"Khalili, Sabuhi",AZE,M,,,,1725,0,20,SEP25,1993,i
13429086,"Khalilli, Adil",AZE,M,,,,1427,0,40,SEP25,2008,i
13421409,"Khalilli, Elnur",AZE,M,,,,1539,0,40,SEP25,2007,i
13418327,"Khalilov, Emin",AZE,M,,,,1736,0,20,SEP25,2005,i
13471988,"Khalilov, Toghrul",AZE,M,,,,1468,0,20,SEP25,1990,i
13404202,"Khalilova, Chinara",AZE,F,,,,1764,0,20,SEP25,1994,w
13471210,"Khalilova, Fatima",AZE,F,,,,1468,0,40,SEP25,2009,w
13405292,"Khalilova, Khadija",AZE,F,WCM,WCM,NA,1786,0,20,SEP25,1994,w
13449397,"Khalilzade, Ayan",AZE,F,,,,1439,4,40,SEP25,2010,w
13431447,"Khalilzade, Murad",AZE,M,,,,1631,9,40,SEP25,2008,
13465210,"Khalilzade, Nihat",AZE,M,,,,1532,0,40,SEP25,2015,
13454811,"Khalilzade, Omar",AZE,M,,,,1490,0,40,SEP25,2009,
13420410,"Khanaliyev, Fuad",AZE,M,,,,1427,0,40,SEP25,2007,i
13446606,"Khanalizade, Elgun",AZE,M,,,,1723,0,40,SEP25,2013,
13488430,"Khankishiyev, Farid",AZE,M,,,,1427,0,20,SEP25,1997,
13460781,"Khanmammadov, Ayaz",AZE,M,,,,1450,0,40,SEP25,2016,i
13483005,"Khanmatov, Rustam",AZE,M,,,,1497,0,40,SEP25,2011,
13418467,"Khanzadayev, Sabir",AZE,M,,,,1615,0,20,SEP25,2006,i
13407732,"Khosrovov, Sabuhi",AZE,M,,,,AIM,1890,0,SEP25,1988,i
13456768,"Khudayev, Farid",AZE,M,,,,1448,0,40,SEP25,2012,
13427857,"Khudiyev, Kamran",AZE,M,,,,1730,0,20,SEP25,1971,i
13413970,"Khudiyev, Sanan",AZE,M,,,,1734,0,20,SEP25,2006,i
13463489,"Khuduzade, Azad",AZE,M,,,,1584,9,40,SEP25,2016,
13409280,"Kononenko, Konstantin",AZE,M,,,,1840,0,20,SEP25,1937,i
13472771,"Konovalov, Daniel",AZE,M,,,,1604,0,40,SEP25,2017,
13428136,"Kovalyov, Daniil",AZE,M,,,,1432,0,40,SEP25,2008,i
13470930,"Labibov, Zaur",AZE,M,,,,1476,0,20,SEP25,1981,i
13416030,"Lachinov, Eldar",AZE,M,,,,1980,0,20,SEP25,1989,
13466240,"Lachinov, Lachin",AZE,M,,,,1417,0,20,SEP25,1987,i
13438972,"Latifov, Ruslan",AZE,M,,,,1545,0,40,SEP25,2008,i
13400142,"Magerramov, Elmar",AZE,M,GM,FST,,2434,0,10,SEP25,1958,i
13434446,"Maharramli, Ali",AZE,M,,,,1600,0,20,SEP25,2003,i
13456180,"Maharramli, Matin",AZE,M,,,,1570,0,40,SEP25,2015,
13480774,"Maharramov, Elchin",AZE,M,,,,1555,0,20,SEP25,1979,
13407252,"Maharramov, Emin",AZE,M,,,,1657,0,20,SEP25,1997,
13472461,"Maharramov, Zakir",AZE,M,,,,1594,6,40,SEP25,2010,
13418661,"Maharramova, Khumar",AZE,F,,,,1570,0,40,SEP25,2007,wi
13465643,"Maharramzade, Sattar",AZE,M,,,,1446,0,40,SEP25,2008,
13453521,"Mahmud, Natig",AZE,M,,,,1641,0,40,SEP25,2013,
13437968,"Mahmudov, Ali",AZE,M,,,,1456,0,40,SEP25,2007,
13413244,"Mahmudov, Ali",AZE,M,,,,1741,0,20,SEP25,0,i
13482190,"Mahmudov, Eljan",AZE,M,,,,1482,0,20,SEP25,2004,
13451146,"Mahmudov, Ilham",AZE,M,,,,1563,0,40,SEP25,2012,
13404466,"Mahmudov, Islam",AZE,M,,,,1763,8,20,SEP25,1984,
13434284,"Mahmudov, Oruj",AZE,M,,,,1454,0,40,SEP25,2010,i
13446401,"Mahmudova, Aliya",AZE,F,,,,1412,0,40,SEP25,2009,wi
13433717,"Mahmudzade, Yunis",AZE,M,,,,1902,0,40,SEP25,2010,
13485261,"Majidov, Davud",AZE,M,,,,1688,7,40,SEP25,2012,
13433725,"Majidov, Nihat",AZE,M,,,,1432,0,40,SEP25,2008,i
13468685,"Malikov, Avazagha",AZE,M,,,,ACM,1494,0,SEP25,1996,
13456504,"Malikov, Elgun",AZE,M,,,,1668,8,40,SEP25,2009,
13425480,"Malikov, Farid",AZE,M,CM,,,2052,0,20,SEP25,2004,i
13435370,"Malikov, Omar",AZE,M,,,,1505,0,40,SEP25,2010,i
13443259,"Malikzade, Habil",AZE,M,,,,1493,0,40,SEP25,2010,i
13402005,"Mamedjarova, Turkan",AZE,F,WGM,WGM,,2210,0,20,SEP25,1989,w
13401521,"Mamedjarova, Zeinab",AZE,F,WGM,WGM,,2209,0,20,SEP25,1983,w
13450530,"Mamedov, Aziz",AZE,M,,,,1402,0,40,SEP25,2010,
13415476,"Mamedov, Elgun",AZE,M,,,,1701,0,20,SEP25,2005,i
13431684,"Mamedov, Javid",AZE,M,,,,1600,0,20,SEP25,2006,
13406469,"Mamedov, Mustafa",AZE,M,,,,1941,0,20,SEP25,0,i
13400819,"Mamedov, Nidjat",AZE,M,GM,,,2645,0,10,SEP25,1985,i
13401653,"Mamedov, Rauf",AZE,M,GM,,,2609,0,10,SEP25,1988,
13401319,"Mamedyarov, Shakhriyar",AZE,M,GM,,,2676,0,10,SEP25,1985,
13417410,"Mammadaliyev, Farhad",AZE,M,,,,1723,0,20,SEP25,2006,i
13423010,"Mammadbayli, Nuraddin",AZE,M,,,,1542,0,20,SEP25,1992,i
13482084,"Mammadli, Ali Mahir",AZE,M,,,,1443,0,40,SEP25,2017,
13476092,"Mammadli, Asmar",AZE,F,,,,1467,0,40,SEP25,2011,w
13410776,"Mammadli, Elchin",AZE,M,,,,1829,0,20,SEP25,2002,i
13424130,"Mammadli, Ilkin",AZE,M,,,,1624,0,20,SEP25,2005,i
13451995,"Mammadli, Islam",AZE,M,,,,1451,0,40,SEP25,2011,i
13475525,"Mammadli, Ismayil",AZE,M,,,,1510,7,40,SEP25,2014,
13443690,"Mammadli, Kanan",AZE,M,,,,1481,6,40,SEP25,2009,
13425757,"Mammadli, Nuray",AZE,F,,,,1615,0,40,SEP25,2012,w
13431773,"Mammadli, Rasul",AZE,M,,,,1555,0,20,SEP25,2005,i
13457837,"Mammadli, Shahin",AZE,M,,,,1655,8,40,SEP25,2010,
13456024,"Mammadli, Tahir",AZE,M,,,,1531,0,40,SEP25,2013,
13482599,"Mammadli, Tunjay Anar",AZE,M,,,,1452,0,40,SEP25,2013,
13423258,"Mammadov, Akbar",AZE,M,,,,1585,0,20,SEP25,2002,i
13411187,"Mammadov, Alamdar",AZE,M,,,,1882,0,20,SEP25,1949,i
13408704,"Mammadov, Ali",AZE,M,,,,1885,0,20,SEP25,1996,
13409298,"Mammadov, Ali",AZE,M,,,,1824,0,20,SEP25,1997,i
13417320,"Mammadov, Anar",AZE,M,,,,1836,0,20,SEP25,1986,i
13402579,"Mammadov, Ayaz",AZE,M,IM,,,2336,0,10,SEP25,1992,i
13440284,"Mammadov, Elchin",AZE,M,,,,1725,0,40,SEP25,2010,i
13406582,"Mammadov, Elmir",AZE,M,,,,1739,0,20,SEP25,2003,i
13432338,"Mammadov, Elnur",AZE,M,,,,1495,0,20,SEP25,1990,i
13479350,"Mammadov, Emin",AZE,M,,,,1667,0,20,SEP25,1983,i
13419404,"Mammadov, Farid",AZE,M,,,,1606,0,20,SEP25,2005,i
13456830,"Mammadov, Farid Faik",AZE,M,,,,1529,0,20,SEP25,2003,i
13438549,"Mammadov, Fuad",AZE,M,,,,1814,9,40,SEP25,2010,
13404040,"Mammadov, Gulam",AZE,M,,,,2156,0,20,SEP25,1999,i
13433849,"Mammadov, Ilknur",AZE,M,,,,1628,0,40,SEP25,2009,
13429191,"Mammadov, Ismayil",AZE,M,,,,1793,0,20,SEP25,2002,
13456644,"Mammadov, Jamal",AZE,M,,,,1833,0,40,SEP25,2014,
13481690,"Mammadov, Javad",AZE,M,,,,1491,0,20,SEP25,2005,
13422928,"Mammadov, Kamal",AZE,M,,,,1483,0,20,SEP25,1976,i
13403931,"Mammadov, Mustafa",AZE,M,,,,1999,0,20,SEP25,1992,i
13407694,"Mammadov, Niyaz",AZE,M,,,,1967,0,20,SEP25,1999,
13423150,"Mammadov, Rashad",AZE,M,,,,1580,7,20,SEP25,1990,
13426583,"Mammadov, Rashid",AZE,M,,,,1496,0,40,SEP25,2010,
13406299,"Mammadov, Sabir",AZE,M,,,,1768,0,20,SEP25,1997,
13408712,"Mammadov, Sadig",AZE,M,IM,,,2145,9,20,SEP25,2003,
13426761,"Mammadov, Tamerlan",AZE,M,,,,1613,0,20,SEP25,2004,i
13432893,"Mammadov, Tamraz",AZE,M,,,,1713,0,20,SEP25,1970,
13402536,"Mammadov, Vafa",AZE,M,,,,1935,0,20,SEP25,1966,i
13415220,"Mammadov, Yusif",AZE,M,,,,1680,0,20,SEP25,2002,i
13401033,"Mammadov, Zaur",AZE,M,GM,,,2432,0,10,SEP25,1994,
13418890,"Mammadov, Ziya",AZE,M,CM,,,1728,0,40,SEP25,2010,
13402161,"Mammadova, Aysel",AZE,F,,,,1937,0,20,SEP25,1992,wi
13424149,"Mammadova, Aytaj",AZE,F,,,,1743,0,20,SEP25,2006,wi
13410792,"Mammadova, Fatima",AZE,F,,,,1680,0,20,SEP25,2003,wi
13417878,"Mammadova, Gulay",AZE,F,,,,1489,0,40,SEP25,2007,wi
13403508,"Mammadova, Gulnar",AZE,F,IM,WGM,,2176,8,20,SEP25,1991,w
13407295,"Mammadova, Laman",AZE,F,,,,1684,0,20,SEP25,1997,wi
13461133,"Mammadova, Maryam",AZE,F,,,,1511,0,40,SEP25,2014,w
13403710,"Mammadova, Narmin",AZE,F,WGM,WGM,,2157,0,20,SEP25,1999,wi
13413210,"Mammadova, Susan",AZE,F,WFM,WFM,,1952,0,20,SEP25,2001,wi
13412337,"Mammadova, Ulkar",AZE,F,,,,1740,0,20,SEP25,1999,wi
13464671,"Mammadrzayev, Renat",AZE,M,,,,1580,0,40,SEP25,2016,
13449044,"Mammadzada, Ali",AZE,M,,,,1545,0,40,SEP25,2010,i
13403729,"Mammadzada, Gunay",AZE,F,IM,WGM,,2326,0,10,SEP25,2000,w
13453467,"Mammadzada, Huseyn",AZE,M,,,,AFM,1721,0,SEP25,2010,
13446347,"Mammadzada, Mammad",AZE,M,,,,1766,0,40,SEP25,2012,
13418459,"Mammadzada, Rauf",AZE,M,,,,1519,0,40,SEP25,2007,i
13411012,"Mammadzada, Tural",AZE,M,,,,1759,0,20,SEP25,2001,
13442864,"Manafli, Omar",AZE,M,,,,1513,0,40,SEP25,2012,i
13410806,"Manafov, Rafail",AZE,M,,,,1822,0,20,SEP25,2002,i
13410814,"Manafov, Vugar",AZE,M,IM,,,2415,11,10,SEP25,2004,
13435493,"Mansimov, Tofig",AZE,M,,,,1470,0,40,SEP25,2010,
13420089,"Mansurov, Nijat",AZE,M,,,,1594,0,40,SEP25,2008,i
13439790,"Mehdili, Rahman",AZE,M,,,,1409,0,40,SEP25,2010,i
13412353,"Mehdiyev, Heydar",AZE,M,,,,1755,0,20,SEP25,1999,i
13416332,"Mehdiyev, Rashad",AZE,M,,,,1771,0,20,SEP25,2001,i
13463527,"Mehdiyeva, Khadija",AZE,F,,,,1442,0,40,SEP25,2016,w
13442180,"Mehdizade, Ilgar Elshad",AZE,M,,,,1470,0,40,SEP25,2011,i
13441639,"Meherremli, Tural",AZE,M,,,,1444,0,40,SEP25,2009,i
13420771,"Mehraliyev, Emil",AZE,M,,,,1822,0,20,SEP25,2003,
13413813,"Mehraliyev, Sahil",AZE,M,,,,1947,0,20,SEP25,2002,i
13407341,"Mehtiyev, Elnur",AZE,M,,,,2001,0,20,SEP25,1995,i
13421301,"Mehtizada, Murad",AZE,M,,,,1927,0,40,SEP25,2010,
13417053,"Mikayil Zada, Aslan",AZE,M,,,,1704,0,20,SEP25,2002,i
13435388,"Mikayilov, Elvin",AZE,M,,,,1633,0,20,SEP25,1993,i
13475215,"Mikayilov, Umid",AZE,M,,,,1488,0,40,SEP25,2015,
13424041,"Mirizada, Arzu",AZE,F,,,,1518,0,20,SEP25,2003,wi
13458396,"Mirza, Fateh",AZE,M,,,,1464,0,40,SEP25,2016,
13447912,"Mirzaliyeva, Fatima Eldar",AZE,F,,,,1600,0,40,SEP25,2013,w
13441930,"Mirzaliyeva, Leyla",AZE,F,,,,1455,0,40,SEP25,2012,w
13458779,"Mirzayev, Aghamammad",AZE,M,,,,1591,0,40,SEP25,2007,i
13451200,"Mirzayev, Akbar",AZE,M,,,,1447,0,40,SEP25,2013,i
13439316,"Mirzayev, Emil",AZE,M,,,,AFM,1605,0,SEP25,2009,
13471473,"Mirzayev, Kanan",AZE,M,,,,1454,0,40,SEP25,2015,i
13447564,"Mirzayev, Orkhan",AZE,M,,,,1474,0,20,SEP25,2005,i
13435965,"Mirzayev, Turan",AZE,M,,,,1601,0,40,SEP25,2011,i
13435973,"Mirzayev, Ughur",AZE,M,,,,1746,0,40,SEP25,2012,i
13452622,"Mirzazada, Ismayil",AZE,M,,,,1453,0,40,SEP25,2014,
13411071,"Mirzazada, Nazrin",AZE,F,,,,1693,0,20,SEP25,2000,w
13442031,"Mirzazade, Aydin",AZE,M,,,,1564,0,40,SEP25,2010,
13400304,"Mirzoev, Azer",AZE,M,GM,,,2525,0,10,SEP25,1978,i
13432184,"Misirkhanov, Talib",AZE,M,,,,1742,0,20,SEP25,1990,i
13458817,"Movsumzade, Ilham",AZE,M,,,,1408,0,40,SEP25,2014,
13431820,"Mukhtarli, Parvin",AZE,F,,,,1497,0,20,SEP25,2004,wi
13401645,"Mukhtarov, Farhad",AZE,M,,,,2136,0,20,SEP25,1984,
13400541,"Mukhtarov, Kanan",AZE,M,,,,1918,0,20,SEP25,1997,i
13419790,"Mukhtarov, Raul",AZE,M,,,,1618,0,40,SEP25,2008,i
13458728,"Muradli, Jahid",AZE,M,,,,1545,0,40,SEP25,2013,i
13445154,"Muradli, Latif",AZE,M,,,,1623,0,40,SEP25,2012,
13409301,"Muradli, Mahammad",AZE,M,GM,,,2563,0,10,SEP25,2003,
13442279,"Muradova, Khadija",AZE,F,,,,1508,6,40,SEP25,2009,w
13484702,"Muradzade, Bakhtiyar",AZE,M,,,,1704,9,20,SEP25,1993,
13410113,"Mursalli, Matin",AZE,M,,,,1804,0,20,SEP25,2004,i
13436597,"Mursalzade, Javad",AZE,M,,,,1921,0,40,SEP25,2012,
13408755,"Murtuzov, Rauf",AZE,M,CM,,,2087,0,20,SEP25,2002,i
13471880,"Murvatov, Farid",AZE,M,,,,1565,8,40,SEP25,2009,
13453629,"Musasoy, Yusif",AZE,M,,,,AFM,1738,8,SEP25,2013,
13402099,"Musayev, Eldar",AZE,M,,,,2025,0,20,SEP25,1985,
13415816,"Musayev, Murad",AZE,M,,,,1779,0,20,SEP25,2005,i
13484974,"Musayev, Murat",AZE,M,,,,1491,0,40,SEP25,2014,
13476467,"Museyibli, Fazil",AZE,M,,,,1724,7,40,SEP25,2011,
13474499,"Mustafa, Kamal",AZE,M,,,,1628,0,40,SEP25,2013,
13408771,"Mustafayev, Farid",AZE,M,FM,,,2133,0,20,SEP25,2004,i
13418335,"Mustafayev, Nihad",AZE,M,,,,1866,0,20,SEP25,2004,
13423630,"Mustafayev, Nihad",AZE,M,,,,1649,0,20,SEP25,2003,i
13460994,"Mustafayev, Samad",AZE,M,,,,1546,0,20,SEP25,1996,i
13425854,"Mustafayev, Shahin",AZE,M,,,,1534,0,20,SEP25,2006,i
13406426,"Mustafazada, Nigar",AZE,F,,,,1864,0,20,SEP25,2001,wi
13417100,"Mustafazade, Fikrat",AZE,M,,,,1698,0,40,SEP25,2007,i
13435477,"Mustafazade, Yusif",AZE,M,,,,1874,9,40,SEP25,2009,
13406744,"Mustafin, Andrey",AZE,M,FM,,,2119,0,20,SEP25,2001,i
13407376,"Nabili, Orkhan",AZE,M,,,,2092,0,20,SEP25,1994,i
13463691,"Nabiyev, Ravan",AZE,M,,,,1558,0,40,SEP25,2007,i
13427342,"Naghiyev, Hafis",AZE,M,,,,1597,0,20,SEP25,2005,i
13453602,"Naghiyev, Malik",AZE,M,,,,1465,0,40,SEP25,2012,
13406213,"Naghiyeva, Khayala",AZE,F,,,,1779,0,20,SEP25,1998,wi
13423347,"Naghiyeva, Laman",AZE,F,,,,1509,0,40,SEP25,2007,wi
13425471,"Naghizade, Jahangir",AZE,M,,,,1455,0,40,SEP25,2007,i
13431730,"Nahmatli, Nihad",AZE,M,,,,1572,0,20,SEP25,2004,i
13435728,"Nahmatzada, Elkhan",AZE,M,,,,1474,0,40,SEP25,2009,i
13424750,"Najafova, Khatin",AZE,F,,,,AFM,1628,9,SEP25,2007,w
13411659,"Namazli, Elvin",AZE,M,,,,1847,0,20,SEP25,2001,i
13440675,"Namazov, Orkhan",AZE,M,,,,1471,0,40,SEP25,2011,i
13478001,"Namazov, Raul",AZE,M,,,,AIM,1575,0,SEP25,2010,
13464388,"Nasibli, Amin",AZE,M,,,,AFM,1508,0,SEP25,2015,
13422766,"Nasibov, Israfil",AZE,M,,,,1464,0,20,SEP25,2002,i
13413155,"Nasibov, Rufat",AZE,M,,,,1890,0,20,SEP25,2001,
13418017,"Nasibova, Narmin",AZE,F,,,,1642,0,20,SEP25,2006,wi
13408330,"Nasirov, Elchin",AZE,M,,,,1783,0,20,SEP25,1998,i
13449850,"Nazaraliyev, Zahid",AZE,M,,,,1587,0,40,SEP25,2009,
13412396,"Nazarov, Umid",AZE,M,,,,1804,0,20,SEP25,1999,
13453939,"Nazirli, Fikrat",AZE,M,,,,1463,0,40,SEP25,2014,
13474960,"Nazirov, Mahir",AZE,M,,,,1601,7,20,SEP25,1998,
13432516,"Nehmatli, Asim",AZE,M,,,,1436,0,20,SEP25,1994,
13423053,"Neverov, Nikolay",AZE,M,,,,1889,0,20,SEP25,1986,i
13423487,"Novruzlu, Nushaba",AZE,F,,,,1505,0,20,SEP25,2006,wi
13429027,"Novruzov, Elnur",AZE,M,,,,1595,0,20,SEP25,2005,i
13403516,"Novruzov, Emin",AZE,M,,,,1840,0,20,SEP25,1976,
13423134,"Novruzov, Muhammad",AZE,M,,,,1590,7,20,SEP25,2002,
13428314,"Novruzova, Leyla",AZE,F,,,,1468,0,40,SEP25,2011,wi
13428390,"Nurahmad, Tabriz",AZE,M,,,,1861,14,20,SEP25,2006,
13439111,"Nurahmadli, Aylin",AZE,F,,,,1427,10,40,SEP25,2013,w
13404474,"Nuri, Murad",AZE,M,FM,,,2207,0,20,SEP25,1997,i
13415670,"Nuri, Tunjay",AZE,M,,,,1619,0,40,SEP25,2008,i
13430025,"Nuriyev, Aykhan",AZE,M,,,,1584,0,20,SEP25,1998,i
13401769,"Nuriyev, Nasir",AZE,M,,,,2028,0,20,SEP25,1978,i
13423746,"Nuriyeva, Nurtan",AZE,F,WCM,WCM,,1878,0,40,SEP25,2008,w
13446088,"Nurlu, Yusif",AZE,M,,,,1591,0,40,SEP25,2011,i
13471937,"Omar, Muhammad",AZE,M,,,,1553,4,40,SEP25,2013,
13464019,"Omar, Yunis",AZE,M,,,,1578,8,40,SEP25,2008,
13456458,"Orman, Attila",AZE,M,,,,1754,0,40,SEP25,2015,
13418041,"Oruj-zada, Babak",AZE,M,,,,1644,7,20,SEP25,2003,
13403699,"Orujov, Azar",AZE,M,,,,1956,0,20,SEP25,1994,i
13403540,"Orujov, Elshad",AZE,M,FM,,,2342,0,20,SEP25,1972,i
13423533,"Orujov, Farid",AZE,M,FM,,,2073,11,40,SEP25,2008,
13432427,"Orujov, Hasan",AZE,M,,,,1996,9,40,SEP25,2009,
13412426,"Orujov, Hazrat",AZE,M,,,,1915,0,20,SEP25,1999,
13425684,"Orujov, Nazim",AZE,M,,,,1714,0,20,SEP25,1989,i
13485180,"Orujov, Nazim",AZE,M,,,,1590,0,20,SEP25,2002,
13449478,"Orujov, Sahib",AZE,M,,,,1631,0,20,SEP25,1995,i
13415913,"Orujova, Najiba",AZE,F,,,,1635,0,20,SEP25,2004,wi
13458086,"Orujzade, Omar",AZE,M,,,,1563,0,40,SEP25,2013,i
13462890,"Osmanli, Abdullahamin",AZE,M,,,,1408,0,40,SEP25,2014,i
13463837,"Padarov, Yusifbay",AZE,M,,,,1490,0,20,SEP25,1994,i
13417533,"Pashayeva, Jamila",AZE,F,,,,1636,0,20,SEP25,2005,wi
13431498,"Pashazade, Ismayil",AZE,M,,,,1479,0,20,SEP25,2006,i
13400568,"Pirverdiyev, Agil",AZE,M,FM,,,2184,0,20,SEP25,1996,i
13410881,"Qafarov, Tural",AZE,M,,,,1602,0,20,SEP25,2001,i
13404750,"Qasimov, Babak",AZE,M,,,,1450,0,20,SEP25,1995,i
13400924,"Radjabov, Teimour",AZE,M,GM,,,2646,0,10,SEP25,1987,
13411055,"Rafili, Said",AZE,M,,,,2217,0,20,SEP25,2000,i
13485199,"Rahimli, Ayhan",AZE,M,,,,ACM,1429,0,SEP25,2012,
13416944,"Rahimli, Aykhan",AZE,M,,,,1517,0,20,SEP25,2006,i
13454420,"Rahimli, Fuad",AZE,M,,,,1591,0,20,SEP25,1966,i
13463160,"Rahimli, Heydar",AZE,M,,,,1589,0,40,SEP25,2011,
13401394,"Rahimli, Ilkin",AZE,M,,,,AIM,1982,0,SEP25,1998,i
13462016,"Rahimli, Jasur",AZE,M,,,,1522,0,40,SEP25,2012,i
13455095,"Rahimli, Rashad",AZE,M,,,,1565,0,20,SEP25,1995,i
13450603,"Rahimov, Murad",AZE,M,,,,1460,5,40,SEP25,2012,
13457373,"Rahimov, Raul",AZE,M,,,,1554,0,40,SEP25,2010,i
13400444,"Rahmanov, Elchin",AZE,M,,,,2147,0,20,SEP25,1979,i
13402285,"Rahmanov, Shahriyar",AZE,M,FM,,,2243,0,20,SEP25,1990,
13463365,"Rahmanova, Nargiz",AZE,F,,,,1441,0,40,SEP25,2012,w
13441183,"Rajabov, Anar",AZE,M,,,,1916,9,20,SEP25,2006,
13474332,"Rajabov, Heydar",AZE,M,,,,1569,2,40,SEP25,2015,
13479598,"Ramazanli, Amin",AZE,M,,,,1515,0,40,SEP25,2013,
13425420,"Rashidova, Nargiz",AZE,F,,,,1545,0,20,SEP25,2005,wi
13453955,"Rasul, Abdullah",AZE,M,,,,1630,0,40,SEP25,2012,
13429876,"Rasulov, Rashid",AZE,M,,,,1530,0,20,SEP25,2005,i
13431021,"Rasulov, Rasul",AZE,M,,,,1525,0,40,SEP25,2007,i
13402390,"Rasulov, Vugar",AZE,M,GM,,,2514,0,10,SEP25,1991,
13406612,"Rasulzada, Emin",AZE,M,,,,1677,0,20,SEP25,0,i
13423207,"Rasulzada, Murad",AZE,M,,,,1555,0,40,SEP25,2008,i
13440110,"Rustamov, Rustam",AZE,M,FM,,,2216,9,40,SEP25,2009,
13490176,"Rustamov, Sarkhan",AZE,M,,,,1467,8,40,SEP25,1989,
13451707,"Rustamov, Tunjay",AZE,M,,,,1712,0,40,SEP25,2013,
13416537,"Rzali, Amin",AZE,M,,,,1564,0,40,SEP25,2007,i
13420380,"Rzali, Leyla",AZE,F,,,,1657,0,40,SEP25,2008,w
13410920,"Rzali, Sabina",AZE,F,WCM,WCM,,1974,0,20,SEP25,2004,w
13400096,"Rzayev, Chingiz",AZE,M,,,,2011,0,20,SEP25,1996,
13423665,"Rzayev, Mir Ismayil",AZE,M,,,,1471,0,20,SEP25,2002,i
13406272,"Rzayev, Murad",AZE,M,,,,1782,0,20,SEP25,2002,i
13453564,"Rzayev, Murad",AZE,M,,,,1898,0,40,SEP25,2011,
13455494,"Rzayev, Riyad",AZE,M,,,,1598,0,40,SEP25,2007,i
13419749,"Rzayev, Zahir",AZE,M,,,,1487,0,40,SEP25,2008,i
13477250,"Rzayeva, Khanim",AZE,F,,,,1477,0,40,SEP25,2015,w
13467697,"Rzazade, Hamza",AZE,M,,,,1727,0,40,SEP25,2009,
13413872,"Rzazade, Kamran",AZE,M,,,,1866,0,20,SEP25,2002,i
13488694,"Rzazade, Muhammad",AZE,M,,,,1476,0,40,SEP25,2015,
13408135,"Sadigli, Aslan",AZE,M,,,,1893,0,20,SEP25,2001,i
13436821,"Sadigov, Kamil",AZE,M,,,,1601,0,40,SEP25,2012,
13416499,"Sadigov, Sanan",AZE,M,,,,1562,0,20,SEP25,1988,
13419420,"Sadigzada, Nuran",AZE,M,,,,1520,0,40,SEP25,2007,i
13430106,"Sadigzada, Ravan",AZE,M,,,,1678,0,20,SEP25,2006,i
13482980,"Sadigzade, Aykhan",AZE,M,,,,1423,0,40,SEP25,2012,
13455273,"Sadigzade, Farid",AZE,M,,,,1644,0,40,SEP25,2015,
13474456,"Sadikhov, Huseynagha",AZE,M,,,,1537,0,20,SEP25,1999,i
13401416,"Sadikhov, Ulvi",AZE,M,GM,,,2384,0,20,SEP25,1998,i
13410440,"Safaraliyev, Husamaddin",AZE,M,,,,1666,0,20,SEP25,1997,i
13475690,"Safarli, Agil",AZE,M,,,,1408,0,40,SEP25,2016,
13402129,"Safarli, Eltaj",AZE,M,GM,,,2634,0,10,SEP25,1992,
13455753,"Safarli, Mahammad Elshan",AZE,M,,,,1486,0,40,SEP25,2012,i
13455893,"Safarli, Mirvari",AZE,F,,,,1532,0,20,SEP25,1975,wi
13418149,"Safarli, Ramzi",AZE,M,,,,1694,0,20,SEP25,2004,i
13402897,"Safarov, Farid",AZE,M,,,,1834,0,20,SEP25,1990,i
13446592,"Salahli, Murad",AZE,M,,,,1455,0,40,SEP25,2012,i
13467514,"Salahli, Vahid",AZE,M,,,,1520,0,40,SEP25,2013,
13413899,"Salamov, Matin",AZE,M,,,,1750,0,20,SEP25,2005,i
13448412,"Salamov, Namig",AZE,M,,,,1466,0,40,SEP25,2010,
13403656,"Salayev, Teymur",AZE,M,,,,1882,0,20,SEP25,1973,
13414810,"Salehov, Kanan",AZE,M,,,,1494,0,20,SEP25,1998,i
13431790,"Salifli, Mirmehdi",AZE,M,,,,1503,0,20,SEP25,2006,i
13471848,"Salimli, Rufat",AZE,M,,,,1526,0,20,SEP25,2003,
13430009,"Salimov, Fikrat",AZE,M,,,,1570,0,40,SEP25,2008,i
13404482,"Salimov, Shovkat",AZE,M,,,,1938,0,20,SEP25,1996,
13442899,"Salmanli, Mirali",AZE,M,,,,1525,0,40,SEP25,2011,i
13458663,"Salmanov, Raul",AZE,M,,,,1627,8,40,SEP25,2012,
13428675,"Samad, Fatih",AZE,M,,,,1438,0,40,SEP25,2008,i
13447483,"Samadov, Ibrahim",AZE,M,,,,1505,0,40,SEP25,2013,i
13465848,"Samadov, Kamran",AZE,M,,,,1454,0,20,SEP25,1989,i
13472038,"Samadov, Mehman",AZE,M,,,,1520,0,20,SEP25,1988,i
13417444,"Samadov, Read",AZE,M,IM,,,2456,0,10,SEP25,2007,
13476432,"Samadzade, Rasul",AZE,M,,,,1534,0,40,SEP25,2009,
13456911,"Sariyev, Mahammad",AZE,M,,,,1572,0,40,SEP25,2009,i
13403001,"Sariyev, Riad",AZE,M,,,,1970,0,20,SEP25,1993,i
13414828,"Savalanli, Huseyn",AZE,M,,,,1607,0,20,SEP25,2000,
13402463,"Sevdimaliyev, Urfan",AZE,M,GM,NA,,2095,0,20,SEP25,1989,
13413902,"Seyid, Huseyn",AZE,M,FM,,,2092,0,40,SEP25,2007,i
13462318,"Seyidli, Khadija",AZE,F,,,,1581,0,40,SEP25,2014,wi
13425633,"Seyidli, Mirfamil",AZE,M,,,,1467,0,40,SEP25,2010,i
13445219,"Seyidli, Mirsaleh",AZE,M,CM,,,2141,0,40,SEP25,2010,
13415425,"Seyidov, Ibrahim",AZE,M,,,,1816,0,20,SEP25,2004,i
13403567,"Shabanov, Abdulla",AZE,M,,,,1827,0,20,SEP25,1999,
13400100,"Shabanov, Nurlan",AZE,M,,,,2058,0,20,SEP25,1996,i
13406388,"Shahaliyev, Ismayil",AZE,M,IM,,,2273,0,20,SEP25,1999,i
13446711,"Shahmaliyev, Faig",AZE,M,,,,1415,0,40,SEP25,2008,
13412728,"Shahmirzayev, Aghayar",AZE,M,,,,1759,0,20,SEP25,1997,i
13415433,"Shahpalangov, Aydin",AZE,M,,,,1907,0,20,SEP25,2003,i
13484850,"Shahverdiyev, Anar",AZE,M,,,,1680,0,20,SEP25,1998,
13432567,"Shahverdiyev, Elmurad",AZE,M,,,,1461,0,20,SEP25,2004,i
13450484,"Shahverdiyev, Ilgar",AZE,M,,,,1742,0,20,SEP25,1975,
13440551,"Shahverdiyev, Sanan",AZE,M,,,,1564,0,20,SEP25,1988,i
13423797,"Shakaraliyev, Elchin",AZE,M,,,,1859,8,40,SEP25,2010,
13436465,"Sharifov, Ramazan",AZE,M,,,,1683,9,40,SEP25,2009,
13436473,"Sharifov, Tariyel",AZE,M,,,,1420,0,40,SEP25,2011,i
13489305,"Sharifov, Uzeyir",AZE,M,,,,1682,0,40,SEP25,2011,
13438522,"Shatirov, Ravan",AZE,M,,,,1657,0,40,SEP25,2010,i
13428268,"Shikhahmadi, Nihat",AZE,M,,,,1625,0,40,SEP25,2009,i
13445944,"Shikhiyev, Kamran",AZE,M,,,,1538,0,40,SEP25,2012,
13425617,"Shikhmammadli, Sahib",AZE,M,,,,1700,0,40,SEP25,2007,
13475606,"Shimshek, Murad",AZE,M,,,,1609,0,40,SEP25,2015,
13457489,"Shiraliyev, Muslim",AZE,M,,,,1603,0,40,SEP25,2015,
13438530,"Shirinov, Akif",AZE,M,,,,1783,0,20,SEP25,1990,i
13481479,"Shirinov, Kamal",AZE,M,,,,1426,0,40,SEP25,2017,
13461460,"Shirinov, Kanan",AZE,M,,,,1693,0,40,SEP25,2011,
13457004,"Shirinov, Mikayil",AZE,M,,,,1652,0,40,SEP25,2010,i
13468898,"Shirinov, Murad",AZE,M,,,,1471,0,40,SEP25,2009,i
13439952,"Shirinov, Rahim",AZE,M,,,,1499,0,40,SEP25,2008,i
13461052,"Shirinov, Yashar",AZE,M,,,,AIM,1849,20,SEP25,2013,
13462229,"Shirvanli, Fuad",AZE,M,,,,1500,0,20,SEP25,1992,i
13465775,"Shukurlu, Kamran",AZE,M,,,,1874,9,40,SEP25,2009,
13440420,"Shukurlu, Majid",AZE,M,,,,1503,0,40,SEP25,2012,
13465783,"Shukurlu, Nurlan",AZE,M,,,,1630,9,40,SEP25,2011,
13426192,"Shukurlu, Yusif",AZE,M,,,,1510,0,40,SEP25,2009,
13466445,"Shukurov, Sheykhshamil",AZE,M,,,,1427,0,40,SEP25,2010,
13415000,"Shukurova, Aydan",AZE,F,,,,1779,0,40,SEP25,2007,wi
13427385,"Soltanov, Nihad",AZE,M,,,,1506,0,20,SEP25,2006,i
34446044,"Soltanov, Teymur",AZE,M,,,,1804,0,40,SEP25,2011,
13400843,"Soyunlu, Narmin",AZE,F,WFM,WFM,,1973,0,20,SEP25,1996,wi
13413937,"Suleymanli, Aydin",AZE,M,GM,,,2584,0,10,SEP25,2005,
13421360,"Suleymanli, Ismayil",AZE,M,,,,1609,0,40,SEP25,2009,i
13434004,"Suleymanli, Narmin",AZE,F,,,,1502,0,40,SEP25,2011,wi
13416375,"Suleymanli, Suleyman",AZE,M,FM,,,2330,20,20,SEP25,2006,
13419390,"Suleymanli, Zaur",AZE,M,,,,1865,0,20,SEP25,1992,i
13418548,"Suleymanov, Ali",AZE,M,CM,,,1809,0,40,SEP25,2008,i
13476025,"Suleymanov, Farid Emin",AZE,M,,,,1566,0,20,SEP25,2002,i
13422561,"Suleymanov, Hummat",AZE,M,,,,1599,0,20,SEP25,2006,
13434403,"Suleymanov, Suleyman",AZE,M,,,,1531,0,40,SEP25,2007,i
13456970,"Taghiyev, Amin",AZE,M,,,,1516,0,40,SEP25,2010,i
13454293,"Taghiyev, Farhad",AZE,M,,,,ACM,1482,0,SEP25,2004,i
13454030,"Taghiyev, Farman",AZE,M,,,,1456,0,40,SEP25,2010,i
13462652,"Taghizade, Emil",AZE,M,,,,1468,0,40,SEP25,2015,
13449427,"Taghizade, Murad",AZE,M,,,,1533,0,40,SEP25,2011,
13465856,"Taghizade, Mustafa",AZE,M,,,,1403,0,40,SEP25,2010,
13444018,"Tagiyev, Radin",AZE,M,,,,1854,0,20,SEP25,1987,i
13443054,"Tagizade, Ilkin",AZE,M,,,,1417,0,40,SEP25,2007,
13401661,"Tahirov, Farhad",AZE,M,GM,,,2392,0,10,SEP25,1987,i
13435019,"Tahirova, Fidan",AZE,F,,,,1634,0,20,SEP25,2005,wi
13414224,"Tahirova, Sevil",AZE,F,WCM,WCM,,1739,0,20,SEP25,2002,w
13444603,"Tahmazova, Fidan",AZE,F,,,,1532,0,40,SEP25,2007,w
13422723,"Talibli, Elshan",AZE,M,,,,1586,0,20,SEP25,2003,i
13422731,"Talibli, Rovshan",AZE,M,,,,1669,0,20,SEP25,2003,i
13429078,"Talibov, Shiroghlan",AZE,M,IM,,,2274,4,20,SEP25,2006,
13414011,"Talibov, Uzeyir",AZE,M,,,,1606,0,20,SEP25,2004,i
13419005,"Tarverdiyev, Ali",AZE,M,,,,1594,0,20,SEP25,2005,i
13421379,"Tarverdiyev, Rasul",AZE,M,,,,1591,0,40,SEP25,2008,i
13421387,"Tarverdiyeva, Firangiz",AZE,F,,,,1479,0,40,SEP25,2007,wi
13418750,"Teymurov, Elnur",AZE,M,,,,1848,0,20,SEP25,2004,i
13471546,"Tomaev, Nemat",AZE,M,,,,1492,0,40,SEP25,2011,i
13401327,"Trushelyov, Victor",AZE,M,IM,,,2403,0,10,SEP25,1984,i
13419315,"Ughuzov, Ravan",AZE,M,FM,,,2061,9,40,SEP25,2007,
13445120,"Umudov, Adalat",AZE,M,,,,1777,0,20,SEP25,1995,
13402137,"Umudova, Nargiz",AZE,F,WGM,WGM,,2180,0,20,SEP25,1989,wi
13402382,"Umudova, Ulkar",AZE,F,,,,1945,0,20,SEP25,1985,w
13428071,"Useynzada, Nurkhan",AZE,M,,,,1486,0,40,SEP25,2008,i
13460838,"Valijanov, Muslum",AZE,M,,,,1443,7,40,SEP25,2011,
13441116,"Valili, Ughur",AZE,M,,,,1639,0,40,SEP25,2012,i
13401629,"Valisoy, Abulfaz",AZE,M,,,,1567,0,20,SEP25,1963,i
13470302,"Valiyev, Emin",AZE,M,,,,1478,0,40,SEP25,2016,
13405586,"Valiyev, Fakhri",AZE,M,,,,1639,0,20,SEP25,1997,i
13424203,"Valiyev, Shahin",AZE,M,FM,,,2065,9,40,SEP25,2007,
13436929,"Valiyeva, Asnad",AZE,F,,,,1731,0,40,SEP25,2011,w
13467662,"Valizada, Kamran",AZE,M,,,,AIM,1677,8,SEP25,1993,
13426036,"Verdiyev, Namig",AZE,M,,,,1751,0,20,SEP25,2005,i
13411861,"Yagubi, Asif",AZE,M,IM,,,2360,0,10,SEP25,1984,i
13426605,"Yagublu, Abil",AZE,M,,,,1738,0,20,SEP25,2005,i
13453025,"Yagublu, Azad",AZE,M,,,,1523,0,40,SEP25,2012,
13439910,"Yagubova, Zahra",AZE,F,,,,1541,0,40,SEP25,2011,wi
13429000,"Yagubzade, Farhad",AZE,M,,,,1515,0,20,SEP25,2006,i
13430017,"Yambulatov, Timur",AZE,M,,,,1494,0,40,SEP25,2008,i
13458795,"Yildirim, Emir",AZE,M,,,,1430,0,40,SEP25,2015,
13464159,"Yusifli, Rauf",AZE,M,,,,1469,0,40,SEP25,2012,
13465635,"Yusifzada, Yusif",AZE,M,,,,1661,5,40,SEP25,2014,
13441760,"Zalishov, Togrulbey",AZE,M,,,,1429,0,40,SEP25,2010,i
13463802,"Zamanli, Mirhuseyn",AZE,M,,,,1422,0,40,SEP25,2009,i
13404857,"Zamanov, Vidadi",AZE,M,,,,1684,0,20,SEP25,1987,i
13431900,"Zarbaliyeva, Daniz",AZE,F,,,,1414,0,40,SEP25,2008,wi
13419889,"Zayidov, Farid",AZE,M,,,,1625,0,20,SEP25,2006,i
13470701,"Zeidguliyev, Zeid",AZE,M,,,,1509,0,40,SEP25,2016,
13458469,"Zeynalli, Alisafa",AZE,M,,,,1748,0,40,SEP25,2012,
13401440,"Zeynalli, Miradil",AZE,M,CM,,,2089,0,20,SEP25,1998,i
13403320,"Zeynalli, Rashad",AZE,M,FM,,,2100,0,20,SEP25,1994,
13447742,"Zeynalli, Yusif",AZE,M,,,,1497,0,40,SEP25,2012,i
13412752,"Zeynalov, Alakbar",AZE,M,,,,1701,6,20,SEP25,1996,
13402250,"Zeynalov, Farid",AZE,M,FM,,,2264,0,20,SEP25,1986,i
13432923,"Zeynalov, Said",AZE,M,,,,1833,0,40,SEP25,2008,
13402927,"Zeynalova, Hokuma",AZE,F,,,,1912,0,20,SEP25,1991,wi
13437909,"Zeynalzade, Jeyhun",AZE,M,,,,1433,0,40,SEP25,2012,
13407635,"Zeynalzade, Vali",AZE,M,,,,2045,0,20,SEP25,1997,i
13400410,"Zulfugarli, Magomed",AZE,M,IM,,,2334,0,10,SEP25,1977,i
13417614,"Zulfugarli, Mahluga",AZE,F,,,,1626,0,20,SEP25,2006,wi
13425722,"Zulfugarli, Toghrul",AZE,M,,,,1512,0,40,SEP25,2007,i
13413953,"Zuqanov, Ali",AZE,M,,,,1941,0,40,SEP25,2007,