ID Number,Name,Fed,Sex,Title,WTit,OTit,Rating,Gms,K,RatingMonth,B-day,Flag
9009914,"Aadel, Mohamed",MAR,M,,,,1873,0,20,SEP25,1983,i
9007849,Aarabat Mohamed,MAR,M,,,,1876,0,20,SEP25,1962,
9005994,"Aassim, Abdelhadi",MAR,M,,,,2111,0,20,SEP25,1990,i
9003002,"Aattar, Ikram",MAR,F,,,,1663,0,20,SEP25,2001,wi
9002960,"Abahchouch, Youness",MAR,M,,NA,,1954,0,20,SEP25,1996,i
9013725,"Abahchouch,Imrane",MAR,M,,,,1910,0,40,SEP25,2004,
9046330,"Abamrane, Mouad",MAR,M,,,,1786,7,40,SEP25,2009,
9005374,Abbazi Yassine,MAR,M,,,,1831,0,20,SEP25,1989,i
9000089,"Abdelkhalki, Mimoune",MAR,M,,,,1933,0,20,SEP25,0,i
9023534,"Abdellaoui, Hamid",MAR,M,,,,1929,0,20,SEP25,1978,i
9020128,"Abdelrhafor, Yahya",MAR,M,,,,1895,0,20,SEP25,2001,i
9035001,"Abdelrhafor,Yahya",MAR,M,,,,1978,0,20,SEP25,2001,
9059717,"Abdenour, Mohamed",MAR,M,,,,1741,0,40,SEP25,1998,i
9004599,abida jawad,MAR,M,,,,1653,0,20,SEP25,1985,i
9002456,"Abou Assal, Nabil",MAR,M,,NA,,1894,0,20,SEP25,1978,i
9007601,"ABOUFARISS,NABIL",MAR,M,,,,1748,0,20,SEP25,1976,
9015876,Aboulasse omar,MAR,M,,,,1609,0,20,SEP25,1983,i
45188033,"Aboulasse, Ghita",MAR,F,,,,1489,0,40,SEP25,2012,wi
45188041,"Aboulasse, Saad",MAR,M,,,,1630,0,40,SEP25,2010,i
9014047,"Aboulfadl, Ali",MAR,M,,,,1701,0,40,SEP25,1990,i
9048251,"Achadmi, Said",MAR,M,,,,1764,0,40,SEP25,2001,i
9042083,"Achour, Zakaria",MAR,M,,,,1758,0,40,SEP25,2000,i
9004025,Achraf Hadj Khoulti,MAR,M,CM,SI,,2027,0,20,SEP25,1990,i
9001670,"Achrah, Abderrahmane",MAR,M,,,,1824,0,20,SEP25,0,i
9001220,"ADEL, Abdelaziz",MAR,M,,,,2068,0,20,SEP25,1975,
9034200,"Adouan, Mohamed Taha",MAR,M,,,,1711,0,40,SEP25,2003,
9003924,"Adraoui, Mbarek",MAR,M,,SI,,1841,7,40,SEP25,1975,
9034021,"Adzinova, Ailina",MAR,F,,,,ACM,1695,0,SEP25,2007,wi
9034030,"Adzinova, Salima",MAR,F,,,,AFM,1693,0,SEP25,2013,w
9050990,"AFANKHAR, ANIR",MAR,M,,,,1799,8,40,SEP25,2010,
9062360,"AFYF,BADR",MAR,M,,,,1642,0,40,SEP25,2003,
9024344,"Agouram, Aymane",MAR,M,,,,1979,0,20,SEP25,2001,
9009698,"Ahaddad, Younes",MAR,M,,,,1862,0,20,SEP25,1990,i
9049800,"AHAJI, YAHYA",MAR,M,,,,1700,0,40,SEP25,2002,i
9034358,"Ahamdane, Ayoub",MAR,M,,,,1770,0,40,SEP25,1998,
9034366,"Ahamdane, Ismail",MAR,M,,,,1946,0,40,SEP25,2004,i
9016031,"Ahardan, Driss",MAR,M,,,,1885,0,20,SEP25,1971,i
9045031,"Aherrass, Mohamed",MAR,M,,,,1886,0,40,SEP25,1999,i
9018107,AICH NAJIB,MAR,M,,,,1817,0,40,SEP25,2010,i
9011765,"Ait Bentaleb, Anas",MAR,M,,,,1709,6,40,SEP25,2010,
9010327,"Ait Bentaleb, Hiba",MAR,F,,,,1680,6,20,SEP25,2006,w
9013733,"Ait Hammou Mohamed, Rayane",MAR,M,,,,1711,0,40,SEP25,2006,i
9000720,"Aithmidou, Mohamed-Mehdi",MAR,M,FM,,,2258,0,20,SEP25,1990,
9035036,AITSAIR OUSSAMA,MAR,M,,,,1810,0,40,SEP25,2005,i
9012443,Ajbara Jamal,MAR,M,,NA,,1928,0,20,SEP25,1982,
9015736,Ajbilou adam,MAR,M,,,,1630,0,40,SEP25,2010,i
9015728,Ajbilou ziyad,MAR,M,,,,1618,0,40,SEP25,2011,i
9002464,"Akhrof, Lissandine",MAR,M,,,,2112,0,20,SEP25,1973,
9007903,Akil taha,MAR,M,,,,1938,0,20,SEP25,1998,i
9041320,"Akjouj, Hamza",MAR,M,,,,1862,6,40,SEP25,2002,
9009922,"Al Fargali, Issam",MAR,M,,,,1792,0,20,SEP25,1980,i
9007164,Alaissaoui aziz,MAR,M,,NI,,AIM,1973,0,SEP25,1972,i
9009710,"Alami Afilal, Khalid",MAR,M,,,,1993,0,20,SEP25,1961,
9001123,"Alami, Halim",MAR,M,,,,1927,0,20,SEP25,0,
9002375,"Alaoui Belghiti, Chaimaa",MAR,F,WFM,WFM,,1807,0,20,SEP25,1998,wi
9002472,"Alaoui Belghiti, Yassine",MAR,M,,,,1931,0,20,SEP25,0,
9005137,"Alaoui Belghiti,AYA",MAR,F,,,,1593,0,20,SEP25,2005,wi
9035338,ALFASSI FARAH,MAR,F,,,,1427,0,40,SEP25,2008,w
9019022,ALI ZENNOU,MAR,M,,,,1820,4,20,SEP25,1969,
8100977,"Ali, Sebbar",MAR,M,IM,,,2356,0,10,SEP25,1980,i
9047891,"Aljib, Abdelilah",MAR,M,,,,1760,0,40,SEP25,1997,i
9035044,ALLAM YASSIN,MAR,M,,,,1887,0,20,SEP25,2000,i
9005129,ALLAMAAKCHAOUI AYOUB,MAR,M,,,,1685,14,20,SEP25,1987,
9014381,"Allouch, Abdlelmoneim",MAR,M,,,,1750,0,40,SEP25,1974,
9020268,"Alouan, Adil",MAR,M,,,,1828,0,20,SEP25,1999,i
9014063,"Aluartassi, Ayoub",MAR,M,,,,2060,0,20,SEP25,1998,
9053719,"Amane, Mohammed",MAR,M,,SI,,1749,0,40,SEP25,2001,i
9019197,AMELLAH HSSAIN,MAR,M,,,,1830,0,40,SEP25,1970,i
9017348,Amin halhal,MAR,M,,,,1965,0,40,SEP25,1989,
9046437,"Amina, Belharouak",MAR,F,,,,1644,5,40,SEP25,2010,w
9029338,"Amir, Adenni",MAR,M,,,,1673,0,40,SEP25,2012,i
9032649,"Amisrhir, Oualid",MAR,M,,,,1712,0,40,SEP25,1994,i
9002499,"Ammor, Hicham",MAR,M,,,,1941,0,20,SEP25,1989,i
9020764,"Ammor, Ilyass",MAR,M,,,,1951,0,20,SEP25,1999,i
9007032,"Amri,Mohamed",MAR,M,,,,1943,5,20,SEP25,1985,
9014071,"Amzir, Oussama",MAR,M,,,,1900,1,20,SEP25,1999,
9017739,ANKAR AYOUB,MAR,M,,,,1771,0,40,SEP25,1990,i
9018433,ANNAJI SOULAIMANE,MAR,M,,,,1773,0,20,SEP25,1966,i
9035052,ANOUAR HOSNI,MAR,M,,,,1582,0,40,SEP25,2009,i
9034927,ANWAR ABDOU,MAR,M,,,,1741,0,20,SEP25,1970,i
9004904,"Anwoir,Tarik",MAR,M,,,,2172,0,20,SEP25,1977,
9059725,"Aouane, Hassan",MAR,M,,,,1638,0,40,SEP25,2007,i
9026622,"Arara, Youssef",MAR,M,,,,1689,0,20,SEP25,2002,
9000038,"Arbouche, Muhamed",MAR,M,FM,,,2193,0,20,SEP25,1962,i
9026584,"Aref, Mhamed Jad",MAR,M,,,,1611,0,20,SEP25,1980,i
9002286,"Arif, Fadoua",MAR,F,WFM,WFM,,1977,0,20,SEP25,1991,wi
9000151,"Arif, Mouad",MAR,M,,,,1954,0,20,SEP25,1995,i
9010777,"Arrami, Mohamed",MAR,M,,,,2114,0,20,SEP25,2002,
9022023,"Arrich, Yassin",MAR,M,,NA,,1710,0,20,SEP25,1983,i
9015353,"Assabane, Brahim",MAR,M,,,,1960,0,20,SEP25,1975,i
9011099,"Assoib, Youness",MAR,M,,,,1876,0,20,SEP25,2000,i
9037071,"Atlas, Mustapha",MAR,M,,,,1729,0,20,SEP25,1965,i
9000577,"Atoubi, Lotfi",MAR,M,,,,2014,0,40,SEP25,0,i
9044396,"Atoug, Anir",MAR,M,,,,1614,7,40,SEP25,2012,
9041923,"Aulad Taher, Anouar",MAR,M,,,,1671,0,40,SEP25,2007,i
9049843,"AYADH, TAHA",MAR,M,,,,1643,0,40,SEP25,2005,i
9012800,"Ayman, Miguil",MAR,M,,,,1694,0,20,SEP25,2001,
9018905,AYOUB ELMOUHSSINE,MAR,M,,,,1622,0,40,SEP25,2000,
9003584,"Azbane, Hamid",MAR,M,,,,1772,0,40,SEP25,1992,i
9063315,"AZIKI,ABDESSAMED",MAR,M,,,,1797,8,40,SEP25,2009,
9004866,baaba mohamed,MAR,M,,,,1998,0,20,SEP25,1978,i
9042695,"Babioui, Abdelaziz",MAR,M,,,,1732,0,20,SEP25,2001,i
9069550,BACHIRI MOHAMMED AMINE,MAR,M,,,,1715,5,40,SEP25,2008,
9020047,bachou adil,MAR,M,,,,1759,0,40,SEP25,1979,i
9004815,bader mohamed mehdi,MAR,M,,,,1822,0,40,SEP25,1983,
9034951,BADRI MOHAMED LARBI,MAR,M,,,,1754,0,20,SEP25,1960,i
9016104,"Badri, Med",MAR,M,,,,1825,0,20,SEP25,1999,i
9014799,"Baho, Sinan",MAR,M,,,,1581,0,20,SEP25,0,i
9019294,BAHSSINE MOHAMED,MAR,M,,,,1593,0,20,SEP25,1978,i
9004602,bahtat anas,MAR,M,,,,2119,0,20,SEP25,1990,i
392080834,"Bakani, Mustapha",MAR,M,,,,1881,0,20,SEP25,1970,i
9020748,"Bakkouri, Youssef",MAR,M,,,,1668,0,40,SEP25,2005,i
9012524,"Bakour, Younes",MAR,M,,,,1876,0,20,SEP25,1984,i
9058168,"Bakry, Mohamed",MAR,M,,,,1586,0,40,SEP25,1984,i
9068708,"BALKHI,OTHMAN",MAR,M,,,,1857,7,40,SEP25,2003,
9004807,bariaz isshak,MAR,M,,,,1935,0,40,SEP25,1982,i
9039198,"Basrtaj, Abderrahman",MAR,M,,,,1772,0,40,SEP25,2006,
9000275,"Becham, Khalid",MAR,M,CM,"SI,NA",,2021,8,20,SEP25,1985,
9015779,"Belachheb, Abdelali",MAR,M,,,,1764,0,20,SEP25,1977,
9049487,"BELARBI, FAISSAL",MAR,M,,,,1882,0,40,SEP25,1981,
9001468,"Belattar, Salah-Eddine",MAR,M,,,,1921,0,20,SEP25,1979,i
9035109,BELAYD ZAKARIA,MAR,M,,,,1821,0,40,SEP25,2005,i
9006540,"Belfaida, Mohammed Reda",MAR,M,,,,1616,0,40,SEP25,2003,
9047930,"Belfaqih, Youssef",MAR,M,,,,1901,0,40,SEP25,1998,i
9024115,"Belghali, Amine",MAR,M,,,,1775,0,20,SEP25,1985,
9055231,"Belghiti, Yassine",MAR,M,,,,1677,0,40,SEP25,2001,i
9042954,"Belkhayat Zouggari, Ilyass",MAR,M,,,,1576,0,40,SEP25,2011,
9042997,"Belkhayat Zouggari, Mohammad Taha",MAR,M,,,,1753,0,40,SEP25,2008,
9043047,"Belkhayat Zouggari, Omar",MAR,M,,,,1556,0,40,SEP25,1979,
9025090,Bellachheb Badreddine,MAR,M,,,,1873,0,20,SEP25,1984,i
9025073,Bellal Hamza,MAR,M,,,,1679,0,20,SEP25,1992,i
9006052,"Belmejdoul, Salah Eddine",MAR,M,,,,1773,0,20,SEP25,1990,i
9000895,"Belmokadem, Abdelmoutalib",MAR,M,,,,1696,0,20,SEP25,0,
9002308,"Ben Ammor, Akram",MAR,M,,,,1999,0,20,SEP25,1974,i
9035257,"BEN MEZIANE,JAMAL",MAR,M,,,,1816,0,40,SEP25,2000,i
9017364,BEN SOUANE YOUNES,MAR,M,,,,1776,0,40,SEP25,1998,i
9005153,"Ben Yahya, Larbi",MAR,M,CM,"SI,IA",,1969,0,20,SEP25,1978,i
9007830,Ben yussef amine,MAR,M,,,,1519,0,20,SEP25,1997,i
9001050,"Benaddi, Mouhcine",MAR,M,CM,,,2055,4,20,SEP25,1979,
9036938,"Benahmed, Mounim",MAR,M,,,,1763,0,40,SEP25,1988,
9000194,"Benaino,Samir",MAR,M,,,,2057,0,20,SEP25,1965,i
9055100,"Benali, Mohammed",MAR,M,,,,1968,0,40,SEP25,2000,
9036350,"Benallal, Abdeladim",MAR,M,,,,1893,0,40,SEP25,2003,
9046550,"Benbrik, Hassan",MAR,M,,,,1667,3,40,SEP25,1992,
9025200,"Benchekroune Taibi, Hamza",MAR,M,,,,1468,0,40,SEP25,2014,i
9004254,"Bendriss, Hatim",MAR,M,,,,2022,0,20,SEP25,1983,
9005013,BENFATAH MED MEHDI,MAR,M,,,,1933,0,20,SEP25,1982,i
9000313,"Benfatah, Abderrahmane",MAR,M,,"SI,NA",,1965,0,20,SEP25,1981,i
9050299,"BENGHANEM, ISMAIL",MAR,M,,,,1758,7,40,SEP25,2000,
9044698,Benhaimed Hicham,MAR,M,,,,1639,0,40,SEP25,2006,
9011552,"Benhamdane, Abdellah",MAR,M,,,,1956,0,20,SEP25,1990,i
9024352,"Benjaa, Abdallah",MAR,M,,,,1746,0,20,SEP25,1957,i
9057854,"Benjaira, Ghassan",MAR,M,,,,1682,0,40,SEP25,2003,
9049592,"BENJELLOUN, FAYCAL",MAR,M,,,,1785,0,40,SEP25,2010,
9026541,"Benkilou, Yahia",MAR,M,,,,1623,0,20,SEP25,1993,i
9024590,"Benlaqlib, Anouar",MAR,M,,,,1824,0,20,SEP25,1993,
9020039,Benmakhlouf Younes,MAR,M,,,,1808,4,20,SEP25,1989,
9061045,"BENNANI,MOHAMED AMINE",MAR,M,,,,1822,0,40,SEP25,1970,
9020403,"Bennis, Saad",MAR,M,,,,AIM,1911,0,SEP25,2010,i
9004637,Bensaad AHMED,MAR,M,,,,2067,0,20,SEP25,1988,i
9059210,"Bensaria, Khalid",MAR,M,,,,1740,0,40,SEP25,1970,i
9003959,"Bensghir, Imad",MAR,M,,,,1946,0,20,SEP25,1991,i
9015906,Bentabahate adam,MAR,M,,,,1578,0,40,SEP25,2007,i
9067698,"Bentalha,Souleimane",MAR,M,,,,1696,0,40,SEP25,2005,
9000160,"Bentefrit, Samir",MAR,M,FM,,,2036,0,20,SEP25,1962,
9010173,"Benzakour, Alae Eddine",MAR,M,,,,1743,0,40,SEP25,2007,i
9050264,"BENZAZA, MOHAMED BACHIR",MAR,M,,,,1633,0,40,SEP25,2010,i
9008489,BENZINE ZINE EL ABIDINE,MAR,M,,,,2033,0,20,SEP25,1982,
9009183,Benzrii riad,MAR,M,,,,1814,0,20,SEP25,1999,i
9003967,"Berkaoui, Abderrahim",MAR,M,,,,1970,0,20,SEP25,1968,i
9042113,"Berrahmani, Yassine",MAR,M,,,,1776,0,20,SEP25,1999,
7811144,"Berraho, Ahmed",MAR,M,,,,1944,0,20,SEP25,1979,i
9047697,"Berraho, Mohamed Adam",MAR,M,,,,1776,0,40,SEP25,2008,i
9027459,"Berri, Lamyaa",MAR,F,,"DI,SI,NA",,1522,0,40,SEP25,1996,wi
9026177,"Bertit, Abderrahim",MAR,M,,,,1905,0,20,SEP25,1997,i
9054987,"Bouaddi, Youssef",MAR,M,,,,AFM,1706,6,SEP25,1992,
9016171,"Boualkim, Adam",MAR,M,,,,1770,5,40,SEP25,2006,
9000364,"Bouassria, Mohamed",MAR,M,,,,2055,0,20,SEP25,0,i
9023240,"Bouayad, Anas",MAR,M,,,,1782,0,20,SEP25,1998,i
9007636,BOUCHAARA MUSTAPHA,MAR,M,,,,1757,0,20,SEP25,2000,
9008071,Bouchaara sakina,MAR,F,,,,1631,0,20,SEP25,1997,w
9007970,bouchaara taoufiq,MAR,M,,,,1872,0,20,SEP25,2000,i
9009957,"Bouchaara, Taoufik",MAR,M,,,,1928,0,20,SEP25,1955,i
9067370,"Bouchenna,Ahmed",MAR,M,,,,1843,0,40,SEP25,1956,
9005226,BOUCHIBA LAHCEN,MAR,M,,,,1809,0,20,SEP25,1957,i
9056297,"BOUDHAK, ZAKARIA",MAR,M,,,,1894,8,40,SEP25,2001,
9017330,BOUDHIR ANOUAR ABDELHAKIM,MAR,M,,,,1723,0,40,SEP25,1979,
9035540,"BOUELFANID,HASNAE",MAR,F,,,,1747,0,40,SEP25,2009,w
9062688,"BOUFOUS,Inas",MAR,F,,,,1609,5,40,SEP25,2018,w
9057153,"Bougattaya, Issam",MAR,M,,,,1613,0,40,SEP25,2006,
9000933,"Bouhaddoun, Oussama",MAR,M,FM,,,2032,0,20,SEP25,1979,
9044434,"Bouhali, Salma",MAR,F,,,,1411,5,40,SEP25,2012,w
9003061,"Bouhouili, Housni",MAR,M,,,,1867,0,20,SEP25,1999,i
9003088,"Bouhouili, Mohcine",MAR,M,,,,1673,0,20,SEP25,1999,i
9006605,"Bouhrara, Yassine",MAR,M,,,,1846,0,20,SEP25,2002,i
9054251,"Boukhir, Othmane",MAR,M,,,,1580,5,40,SEP25,2009,
9020390,"Boukili, Issa",MAR,M,,,,2026,0,20,SEP25,1998,
9013148,BOULHLIB ABDELKHALEK,MAR,M,,,,1815,0,20,SEP25,1991,i
9023658,"Bouroumiya, Otmane",MAR,M,,,,1730,0,20,SEP25,1984,i
9043101,"Bourrich, Yassine",MAR,M,,,,1785,0,20,SEP25,2002,i
9000178,"Bousfiha, Mohammed El Amine",MAR,M,,,,2249,0,20,SEP25,1976,i
9042369,"Boutarbouch, Abdelali",MAR,M,,,,1568,1,40,SEP25,1982,
9029702,"Boutarbouch, Salma",MAR,F,,,,1499,1,40,SEP25,2012,w
9024263,"Boutda, Rayan",MAR,M,,,,1849,0,40,SEP25,2007,i
9050485,"BOUTOUIL, YASSINE",MAR,M,,,,1641,0,40,SEP25,1997,i
9027742,"Boutyebi, Mohamed",MAR,M,,,,1727,4,40,SEP25,2003,
9024913,Bouzahir Mohamed,MAR,M,,,,1688,0,40,SEP25,1984,i
9006125,"Bouzaidi Tiali, Aymane",MAR,M,,,,1770,0,20,SEP25,2003,i
9025154,"Bouzida, Hamza",MAR,M,,,,1895,0,20,SEP25,1997,
9020500,"Caoui, Ayoub",MAR,M,,,,1806,0,20,SEP25,1994,i
9045333,"Chabil, Mohamed",MAR,M,,,,1747,0,40,SEP25,2009,i
9034706,CHAGRAOUI MOSTAFA,MAR,M,,,,1858,0,40,SEP25,2009,i
9048987,Chahboune adam,MAR,M,,,,1690,0,40,SEP25,2009,i
9008683,CHAHBOUNE MOHAMED,MAR,M,,,,2081,0,20,SEP25,1967,i
9020136,"Chahboune, Ismail",MAR,M,,,,1793,0,40,SEP25,2002,i
9019227,CHAIR YASSER,MAR,M,,,,1629,0,40,SEP25,2009,
9024220,Chaker Abderrahim,MAR,M,,,,1719,0,20,SEP25,1997,i
9032444,"Chami, Ayoub",MAR,M,,,,1636,0,40,SEP25,2009,i
9023380,"Chana,Mohammed Amine",MAR,M,,,,1621,0,40,SEP25,2005,
9021280,"Chaoub, Hamza",MAR,M,,,,1852,0,40,SEP25,2004,
9032100,"Chaoui, Aya",MAR,F,,,,1646,0,40,SEP25,2009,wi
9010181,"Chaoui, Rayane",MAR,M,,,,1776,0,40,SEP25,2006,i
9027351,"Chaoui, Yassmine",MAR,M,,,,1753,0,40,SEP25,2007,i
9050825,"CHAOUKI, AIMRANE",MAR,M,,,,1527,5,40,SEP25,2012,
9015884,Charaf asma,MAR,F,,,,1603,0,20,SEP25,1981,wi
9007733,CHARAFEDDINE SOUSSI,MAR,M,,,,1736,0,40,SEP25,1988,
9034013,"Charof, Mustapha",MAR,M,,,,ACM,1714,0,SEP25,1972,
9035524,CHATIR ABDELAZIZ,MAR,M,,,,1916,0,40,SEP25,1977,i
9063730,"CHATIR,ILYASSE",MAR,M,,,,1777,0,40,SEP25,2006,
9063790,"CHATIR,OUSSAMA",MAR,M,,,,1692,0,40,SEP25,2009,
9051171,"CHBARI, HAMZA",MAR,M,,,,1581,0,40,SEP25,2007,i
9030026,"Chbbaki, Rayane",MAR,M,,,,1558,0,40,SEP25,2008,i
9002510,"Chellaf, Abdeslam",MAR,M,,,,1938,0,40,SEP25,1963,i
9039945,"Chellah, Mourad",MAR,M,,,,1780,0,20,SEP25,1993,i
9015078,Chemaou lilya,MAR,F,,,,ACM,1592,4,SEP25,2012,w
9026703,"Chemaou, Mohamed Yassir",MAR,M,,,,1523,0,20,SEP25,1973,i
9016180,"Chemaou, Nermine",MAR,F,,,,AFM,1421,2,SEP25,2014,w
9050507,"CHEMLAL, AMIR",MAR,M,,,,1642,0,40,SEP25,2013,i
9002529,"Cherigui, Mourad",MAR,M,,NA,,AIM,1947,0,SEP25,1987,i
9056408,"Cherqaoui, Anass",MAR,M,,,,1761,0,40,SEP25,1999,i
9007989,Chia Abdellah,MAR,M,,,,1825,0,20,SEP25,1999,
9013059,"Chitoukli, Mohamed",MAR,M,,,,1853,0,20,SEP25,1972,i
9000135,"Chorfi, Khaled",MAR,M,CM,,,2052,0,20,SEP25,1951,i
9000380,"Chouaibi, Abdelaziz",MAR,M,,,,1895,0,20,SEP25,0,i
9009744,"Chouki, Aali",MAR,M,,,,1678,0,20,SEP25,2003,i
9010360,"Chouki, Kenza",MAR,F,WCM,WCM,,1621,0,40,SEP25,2007,wi
9000399,"Choukri, Adel",MAR,M,FM,FT,,2298,0,20,SEP25,1991,i
9003100,"Choukri, Ayoub",MAR,M,,,,1948,0,20,SEP25,1998,i
9006133,"Chouli, Safia",MAR,F,,,,1720,0,20,SEP25,1990,wi
9003118,"Choutine, Kawtar",MAR,F,,,,1492,0,40,SEP25,2004,w
9020098,"Chriette, Reda",MAR,M,,,,1808,0,20,SEP25,2001,i
9042938,"Chrita, Hicham",MAR,M,,,,1655,0,20,SEP25,1987,i
9047956,"Chrorou, Nour Mohamed",MAR,M,,,,1665,0,40,SEP25,2004,
9048634,"Chtioui, Mehdi",MAR,M,,,,1714,0,40,SEP25,2006,i
9057820,"Daghay, Hamdi",MAR,M,,,,1730,9,40,SEP25,1999,
9049614,"DAHMANI, HAMZA",MAR,M,,,,1585,4,20,SEP25,1986,
9009205,Dahraoui kamal,MAR,M,,,,1727,0,20,SEP25,1984,i
9048642,"Daoud, Haitam",MAR,M,,,,1635,6,40,SEP25,2006,
9001069,"Daoudi, Kamal",MAR,M,,,,2181,0,20,SEP25,1985,
9029494,"Daoudi, Mehdi",MAR,M,,,,1674,0,40,SEP25,2006,i
9003991,"Darahem, Achraf",MAR,M,,,,2042,0,40,SEP25,1991,
9016813,Debbaghi Abdessamad,MAR,M,,,,1824,0,20,SEP25,1988,i
9033521,"Debbarh, Khalid",MAR,M,,,,1881,0,20,SEP25,1962,i
9026711,"Debbarh, Othman",MAR,M,,,,1570,0,40,SEP25,2013,i
9026720,"Debbarh, Souleiman",MAR,M,,,,1641,0,40,SEP25,2010,i
9006672,"Douar, Saad",MAR,M,,,,1652,0,20,SEP25,2003,i
9004009,"Douich, Mehdi",MAR,M,,,,2083,7,20,SEP25,1992,
9049622,"DOUWAH, FARES",MAR,M,,,,1642,0,40,SEP25,2006,i
9005404,Drais Ali,MAR,M,,,,1901,6,20,SEP25,2002,
9000305,"Draoui, Najib",MAR,M,FM,,,2248,0,20,SEP25,1974,i
9005463,Driouich Mohamed Nizar,MAR,M,,,,AIM,2018,0,SEP25,1994,i
9002537,"Echajari, Khalid",MAR,M,,,,2018,0,20,SEP25,1982,
9011480,Echchaib Adil,MAR,M,,,,1956,0,20,SEP25,1974,i
9014837,"Echcharbiny, Houda",MAR,F,,,,1723,7,40,SEP25,2007,w
9014845,"Echcharbiny, Oussama",MAR,M,,,,1688,3,40,SEP25,2010,
9014853,"Echcharbiny, Wissal",MAR,F,,,,1827,6,20,SEP25,2006,w
9049630,"ED-DAFALI, AYOUB",MAR,M,,,,1589,0,40,SEP25,1995,i
9002847,EL AADLI MUSTAPHA,MAR,M,,"NI,SI",,1926,0,20,SEP25,1970,i
7814046,"El Abyad, Yassine",MAR,M,,,,1789,3,20,SEP25,1990,
9024492,"El Addouni, Anass",MAR,M,,,,1580,0,40,SEP25,2002,
9000410,"El Adnani, Mokhliss",MAR,M,IM,"FT,FA",,2425,0,10,SEP25,1983,
9047972,"El Aid, Mohammed",MAR,M,,,,1747,0,40,SEP25,2000,i
9037012,"El Allam, Amine",MAR,M,,,,1707,0,20,SEP25,2004,i
9001298,"El Amari, Khaled",MAR,M,,SI,,2073,0,20,SEP25,1959,i
9016198,"El Amine, Rami",MAR,M,,NA,,1700,0,40,SEP25,1971,i
9044426,"El Amrani, Fahd",MAR,M,,,,1890,8,40,SEP25,2008,
9047980,"El Amrani, Soufiane",MAR,M,,,,1763,0,40,SEP25,1997,i
9059750,"El Annabi, Mohammed",MAR,M,,,,1633,0,40,SEP25,2008,i
9014861,"El Aouam,Youssef",MAR,M,,,,1988,0,20,SEP25,1984,
9042873,"El Archi, El Hocine",MAR,M,,,,1728,0,20,SEP25,2002,
9002901,"El Ayouchi, Bouchaib",MAR,M,,,,1721,0,20,SEP25,1960,i
9024093,"El Azizi, Abdellah",MAR,M,,,,1873,6,20,SEP25,2002,
9016953,"EL BAIED, ISSAM",MAR,M,,,,1767,0,20,SEP25,1985,i
9002502,El Bakkali Kamal,MAR,M,,,,1945,0,20,SEP25,1984,i
9017658,"EL BAKKALI,JAD",MAR,M,,,,1833,0,40,SEP25,2010,
9017640,"EL BAKKALI,WAHB",MAR,M,,,,1859,0,40,SEP25,2007,i
7811012,"El Bakkar, Rayan",MAR,M,,,,2046,8,40,SEP25,2009,
9009086,El baouni abdelmoula,MAR,M,,,,1996,0,20,SEP25,1958,i
26051419,"El Barbry, Sarah",MAR,F,,,,1810,0,20,SEP25,2001,w
9005382,"El Baroudi, Abderrahmane",MAR,M,,"NI,NA",,1894,0,20,SEP25,1990,i
9041036,"El Baz, Ibrahim",MAR,M,,,,1559,1,40,SEP25,2000,
9060448,"El Boujaadi, Rida",MAR,M,,,,1834,8,40,SEP25,2005,
9029435,"El bour, Youssef",MAR,M,,,,1739,0,40,SEP25,2004,i
9055355,"El Faghloumi, Khalid",MAR,M,,,,1828,0,40,SEP25,2002,
9001301,"El Farihi, Mohsine",MAR,M,,,,2063,0,20,SEP25,1976,
9000402,"El Fathaoui, Jaouad",MAR,M,,NA,,1880,0,20,SEP25,0,i
9002545,"El Fazari, Mohamed Amin",MAR,M,,NA,,1927,0,20,SEP25,0,
9047344,"El Feninat, Aymane",MAR,M,,,,1714,0,40,SEP25,2001,
9005684,"El Fezari, Walid",MAR,M,,,,1634,0,40,SEP25,2001,
9049142,"El Gani, Mustapha",MAR,M,,SI,,1668,0,40,SEP25,1969,i
9011366,EL GARNI NASSIM,MAR,M,,,,1740,0,20,SEP25,1995,i
9046720,"El Gazzar, Ahmed",MAR,M,,,,1591,0,40,SEP25,1995,
9029389,"El Gharbi, Yahya",MAR,M,,,,1576,0,40,SEP25,2012,i
9005030,EL GOUACH MARYAM,MAR,F,,,,1546,0,20,SEP25,2003,wi
9005048,EL GOUACH NASSIM,MAR,M,,,,1858,6,20,SEP25,1999,
9012281,"El Habachi , Aya",MAR,F,,,,1678,6,40,SEP25,2011,w
9006222,"El Habachi, Rachid",MAR,M,,"SI,FA",,1989,0,20,SEP25,1973,i
9040005,"El Hajjaji, Saad",MAR,M,,,,1686,0,20,SEP25,1999,i
9000429,"El Hakiki, Amer",MAR,M,,,,1928,0,20,SEP25,0,
9031758,"El Hamdaoui, Mohamed",MAR,M,,,,1547,0,40,SEP25,1992,i
9007067,el hamri ahmed,MAR,M,,,,1893,7,20,SEP25,1993,
9060596,"El Hamss, Achraf",MAR,M,,,,1910,9,40,SEP25,1999,
9015469,"El Hardi, Mounsef",MAR,M,,NA,,1813,0,20,SEP25,1999,
9052666,"El harit, Oussama",MAR,M,,,,1805,0,40,SEP25,1997,i
9037152,El harji Abdelghani,MAR,M,,,,1679,0,20,SEP25,1960,i
9016210,"El Harrak, Maryam",MAR,F,,,,1661,0,40,SEP25,2013,w
9003681,"El Harrak,Abdeslam",MAR,M,,NA,,1898,2,20,SEP25,1966,
9024468,"El Harrouti, Naoufal",MAR,M,,,,1764,0,20,SEP25,2000,i
9033297,"El Hayany, Imad",MAR,M,,,,1716,0,40,SEP25,1996,i
9025251,"El Hennaoui,Taha",MAR,M,,,,1902,0,40,SEP25,2007,i
9015485,"El Herdi, Douha",MAR,F,,,,1821,0,40,SEP25,2009,wi
9007075,el ibraimi hicham,MAR,M,,,,1748,0,20,SEP25,1974,i
9010840,"El Kaddaoui, Nassim",MAR,M,,,,1893,0,20,SEP25,2003,
9010858,"El Kaddaoui, Wassim",MAR,M,,,,1757,0,20,SEP25,2003,i
9028145,"El kaddioui, Mohammed Amine",MAR,M,,,,1687,0,20,SEP25,2000,i
9045511,"El Kadiri, Mouhcine",MAR,M,,,,1693,0,40,SEP25,2006,i
9003150,"El kamous, Taha",MAR,M,,,,1618,0,40,SEP25,2005,i
9009760,"El Kant, Nour-Eddine",MAR,M,,,,1930,0,20,SEP25,1967,i
9045520,"El Karkoubi, Adam",MAR,M,,,,1685,0,40,SEP25,2007,i
9014870,"El Kasri, Abdelkarim",MAR,M,,,,1908,0,20,SEP25,1949,
9042016,"El Khachine, Mehdi",MAR,M,,,,1735,0,20,SEP25,2002,
9012095,"El Khalifi, Mohamed",MAR,M,,,,1908,0,20,SEP25,1996,
9068414,"EL khatib,Youssef",MAR,M,,,,1896,9,40,SEP25,2008,
9019545,"El khchine, Sami",MAR,M,,,,1764,0,40,SEP25,2009,i
9042474,"El Khlifi, Ilias",MAR,M,,,,1825,6,40,SEP25,2003,
9044442,"El Khnissi, Mohamed Sami",MAR,M,,,,1723,4,40,SEP25,2011,
9049509,"EL KHOULALY, YOUSSEF",MAR,M,,,,1663,0,40,SEP25,1999,i
9052437,"El kourchi, Sami",MAR,M,,,,1540,0,40,SEP25,2008,i
9056009,"El Mahjoub, Seif Alislame",MAR,M,,,,1537,6,40,SEP25,1991,
9049924,"EL MAJIDI, AYMAN",MAR,M,,,,1796,0,40,SEP25,2001,i
9059466,"El makhroubi, Yassmine",MAR,F,,,,1557,0,40,SEP25,2017,w
9002383,"El Mamdouhi, Oualid",MAR,M,,,,1745,0,20,SEP25,2000,i
9047999,"El Mandor, Abdlouttalib",MAR,M,,,,1839,0,40,SEP25,1995,i
9067825,"El mardi,Mouad",MAR,M,,,,1612,0,40,SEP25,2004,
9000445,"El Marjani, Abderrahmane",MAR,M,,NA,,1891,0,40,SEP25,0,i
9007440,"El Marouani, Hicham",MAR,M,,,,2015,0,20,SEP25,1988,
9052593,"El mennaoui, Ismail",MAR,M,,,,1861,0,40,SEP25,1999,
9032851,"El Mesbahi, Mohamed",MAR,M,,,,1764,0,20,SEP25,1960,i
9014039,El meznoudi Nidal,MAR,M,,,,1755,0,20,SEP25,1983,i
9044876,"El Mokraze, Hassane",MAR,M,,,,2000,7,40,SEP25,1977,
9046739,"El Morabet, Jamil",MAR,M,,,,1724,0,40,SEP25,2012,i
9013075,"El Mouden, Oussama",MAR,M,,,,1626,0,20,SEP25,1993,i
9017020,EL MOUSSAOUI YOUNES,MAR,M,,,,1963,0,40,SEP25,2001,i
9000470,"El Moussaoui, Ahmed",MAR,M,,,,1869,0,20,SEP25,0,i
9041575,"El Mteri, Khadija",MAR,F,,,,1717,0,40,SEP25,2009,w
9058079,"El Ouaragli, Zayd",MAR,M,,,,1967,0,40,SEP25,2003,i
9058133,"El Ouarrai, Walid",MAR,M,,,,1770,0,40,SEP25,2004,i
9025693,"El Qasmi, Mohamed Omar",MAR,M,,,,ACM,1647,3,SEP25,2011,
9047433,"EL YAKOUBI,AROUA",MAR,F,,,,1444,0,40,SEP25,2013,wi
9000488,"El Yazidi, Mustapha",MAR,M,,NA,,1889,0,20,SEP25,1977,i
9006184,"El, Aradi Issam",MAR,M,,,,1780,0,40,SEP25,1990,
9002006,"El-Amri, Abdelhafid",MAR,M,,,,1768,0,40,SEP25,1954,i
9050868,"ELAASRI, OMAR",MAR,M,,,,1665,8,40,SEP25,2009,
9016864,Elachhab walid,MAR,M,,,,1876,0,40,SEP25,2008,
9034765,ELAINI AMINE,MAR,M,,,,1726,0,20,SEP25,1994,i
9039554,"Elallaoui, Lamya",MAR,F,,,,1682,0,40,SEP25,2008,wi
9007377,ELALMI GHALI,MAR,M,,,,1898,0,20,SEP25,1991,i
9001212,"Elamri, Sanae",MAR,F,,,,1824,0,40,SEP25,1985,wi
9007652,ELBAGGAR ABDELGHAFOUR,MAR,M,,,,1910,0,20,SEP25,1965,i
9019588,"Elbakkar,Souhail",MAR,M,,,,1702,2,40,SEP25,2005,
9000127,"Elbilia, Jacques",MAR,M,FM,,,2307,0,10,SEP25,1971,
9005471,Elbount Yasser,MAR,M,,,,1607,0,40,SEP25,2006,i
9001743,"Elfadili, Samir",MAR,M,,,,1846,0,20,SEP25,0,i
9031880,"Elfahim, Soufiane",MAR,M,,,,1797,0,40,SEP25,1984,i
9020888,"Elfahmi, Khalil",MAR,M,,,,1647,0,20,SEP25,1999,i
9036555,"Elfassi, Mohamed Taha",MAR,M,,,,1621,0,40,SEP25,2010,
7810954,"Elfathi, Ayoub",MAR,M,,,,1923,0,40,SEP25,1999,
9011609,"Elgarni , Nassim",MAR,M,,,,2022,0,20,SEP25,1995,i
9058516,"ELGHARBAOUI, Ayoub",MAR,M,,,,1786,4,40,SEP25,1997,
9059792,"Elhaddad, Hicham",MAR,M,,,,1722,0,40,SEP25,1979,i
9059806,"Elhaddad, Mustapha",MAR,M,,,,1501,0,40,SEP25,1977,i
9048006,"Elhaddad, Oussama",MAR,M,,,,1861,0,40,SEP25,1981,
9057625,"ELHADDADI, ILIAS",MAR,M,,,,1647,0,40,SEP25,2006,
9034781,ELHADJ KACEM ABDELHAFID,MAR,M,,,,1825,0,20,SEP25,1998,i
9000518,"Elhaimer, Mohamed",MAR,M,,,,1847,0,20,SEP25,0,i
9026258,"Elhajoui, Anass",MAR,M,,,,AFM,1791,0,SEP25,2008,i
9050744,"ELHAMAOUI, ALI",MAR,M,,,,1813,0,40,SEP25,2010,i
9067833,"Elhamdani,Mahdi",MAR,M,,,,1649,0,40,SEP25,2004,
9037756,"Elhamri, Yassine",MAR,M,,,,1711,0,40,SEP25,2007,i
9042024,"Elhaossasse, Nada",MAR,F,,,,1752,0,40,SEP25,2010,wi
9009108,Elhaoui saad,MAR,M,,,,1794,0,20,SEP25,1984,i
9005170,ELHARRAK AHMED,MAR,M,,,,1835,0,40,SEP25,2008,i
9003142,"Elharrak, Youssef",MAR,M,,,,1622,0,20,SEP25,2005,i
9011625,"Elhaskouri, Amine",MAR,M,,,,1984,0,20,SEP25,1990,
9027670,"Elhatri, Adam",MAR,M,,,,1657,0,40,SEP25,2013,i
9007750,ELHIJAZI AMINE,MAR,M,,,,1981,0,20,SEP25,1995,
9036601,"Elidrissi Moulay, Abdelaziz",MAR,M,,,,1618,0,20,SEP25,1973,
9029753,"Eljaafari, Omar",MAR,M,,,,1700,0,40,SEP25,2007,i
9008527,ELKAH Youssef,MAR,M,,,,1697,0,20,SEP25,1999,i
9007563,ELLAOUI OMAR,MAR,M,,,,1821,4,20,SEP25,1989,
9039961,"Elloumi, Firas",MAR,M,,,,1695,0,20,SEP25,1993,i
9027513,"Elmajahad, Adam",MAR,M,,,,1705,0,40,SEP25,2009,i
9000534,"Elmajhed, Elhassan",MAR,M,,,,1722,0,40,SEP25,0,i
9017054,ELMOUATAZ IMAD,MAR,M,,,,1788,0,20,SEP25,1993,i
9042512,"Elmouden, Salmane",MAR,M,,,,1828,0,40,SEP25,2009,
9059849,"Elmrabti, Marouan",MAR,M,,,,1679,0,40,SEP25,2005,i
9049894,"ELMSIAH, OTHMANE",MAR,M,,,,1555,0,40,SEP25,2002,i
9002553,"Elomari, Anas",MAR,M,,,,2186,0,20,SEP25,1965,
9007911,Elwardi Abderrafia,MAR,M,,NA,,2065,0,20,SEP25,1976,
9020233,"Elyassami, Yassine",MAR,M,,,,1625,0,20,SEP25,1979,i
9056815,"Elyazidi, Ayoub",MAR,M,,,,1742,8,40,SEP25,1995,
9022465,"En-nhiri, Abdelbaki",MAR,M,,,,2056,0,20,SEP25,1995,
9058087,"Ennadi, Anas",MAR,M,,,,1779,0,40,SEP25,1998,i
9007580,"Ennouri, Oussama",MAR,M,,,,1940,7,20,SEP25,1993,
9001271,"Erbahi, Fouad",MAR,M,,,,1839,0,20,SEP25,1979,i
9009310,Erraji AYman,MAR,M,,,,1591,0,40,SEP25,2008,i
9018514,ERRAJI MALAK,MAR,F,,,,1599,6,40,SEP25,2010,w
9017062,ERRANDANI ZAKARIA,MAR,M,,,,AFM,1886,1,SEP25,1996,
9044477,"Essadaoui, Zineb",MAR,M,,,,1655,7,40,SEP25,2011,
9016546,Essagh Aziz,MAR,M,,,,1734,0,20,SEP25,1998,i
9068554,"Essalhi,Saad",MAR,M,,,,1595,6,40,SEP25,2008,
9023186,"Essalih, Anass",MAR,M,,,,1939,0,20,SEP25,2000,
9011234,"Essawab, Salma",MAR,F,,,,1743,0,20,SEP25,2001,wi
9059288,"Essoly, El Yazid",MAR,M,,,,1626,9,40,SEP25,2004,
9023879,"Et-Tahiri, Mohamed",MAR,M,,,,1759,0,20,SEP25,2003,i
9014900,"Ezzaidi, Ahmed",MAR,M,,,,1917,0,20,SEP25,1963,i
9032304,"Ezzidi, Amir",MAR,M,,,,1466,0,40,SEP25,2011,i
9019812,Fadi kamal,MAR,M,,,,1781,0,40,SEP25,1971,
9017070,Fadli Oussama,MAR,M,,,,1876,0,20,SEP25,2000,
9029354,"Fadli, Mohamed",MAR,M,,,,1802,0,20,SEP25,2004,i
9000542,"Fahli, Rachid",MAR,M,,,,2039,0,20,SEP25,1972,i
9003223,"Fahli, Yassin",MAR,M,,,,1683,0,40,SEP25,2006,i
9015515,"Fahmi, Mounir",MAR,M,,,,1955,8,40,SEP25,1973,
9044892,"Fanna, Afaf",MAR,M,,,,1464,5,40,SEP25,2013,
9044493,"Fanna, El Houssine",MAR,M,,,,1589,6,40,SEP25,2012,
9017798,FARES OMAR,MAR,M,,,,1906,0,40,SEP25,1997,i
9007725,"Fariat,Marouan",MAR,M,,,,2098,7,40,SEP25,1991,
9050345,"FAROUJ, ACHRAF",MAR,M,,,,1799,0,40,SEP25,1993,i
9007598,FARSAN ISSAM,MAR,M,,,,1894,0,20,SEP25,1982,i
9000569,"Fellousi, Abdelaziz",MAR,M,,,,1960,0,20,SEP25,1963,
9016260,"Fernandou Selvapento, Med Louis",MAR,M,,,,1641,0,40,SEP25,2007,i
9034331,"Fikry, Abdellatif",MAR,M,,,,1797,0,20,SEP25,1968,i
9034340,"Fikry, Abdessamad",MAR,M,,,,1677,0,20,SEP25,1978,i
9019898,"Fikry, Hafsa",MAR,F,,,,1669,0,40,SEP25,2008,wi
9003720,"Filali, Razzouki Marouane",MAR,M,CM,FI,,2204,0,40,SEP25,1993,
9032169,"Foughali, Adam",MAR,M,,,,1667,0,40,SEP25,2008,i
9005188,FREME HAJAR,MAR,F,,,,1769,0,20,SEP25,2003,wi
9033599,"Ghadfi, Oussama Mahmoud",MAR,M,,,,1823,0,40,SEP25,1983,i
9034870,GHAITI OMAR,MAR,M,,DI,,1950,0,20,SEP25,1971,i
9000593,"Ghalmane, Abdelmoujoud",MAR,M,,,,1880,0,20,SEP25,0,i
9003231,"Ghanoui, Nidal",MAR,M,,,,2084,8,20,SEP25,2000,
9017437,GHARBOUJ SOUFIANE,MAR,M,,,,AFM,1741,0,SEP25,1992,
9048022,"Ghilani, Aziz",MAR,M,,,,1770,1,40,SEP25,1968,
9031979,"Gouhier, Gilles Pierre Roger",MAR,M,,,,1549,7,40,SEP25,1955,
9013350,Gouiza Khalid,MAR,M,,,,1906,7,20,SEP25,1980,
9013113,GOUNANE ACHRAF,MAR,M,,,,1827,0,20,SEP25,1991,i
9049118,Guedira amine,MAR,M,,,,1443,0,40,SEP25,2014,i
9011633,"Guedira, Aimen",MAR,M,,,,2092,5,20,SEP25,1995,
9032452,"Guedira, Larbi",MAR,M,,,,1662,0,20,SEP25,1954,i
9011641,"Guedira, Said",MAR,M,,,,1846,5,20,SEP25,1959,
9003240,"Guemmah, Nasser",MAR,M,,,,1883,0,20,SEP25,2000,i
9068678,"GUENDOUL,SALMANE",MAR,M,,,,1686,9,40,SEP25,2007,
9001778,"Gueznai, Achraf",MAR,M,,,,1924,0,20,SEP25,1984,
9015965,Gzouli hamza,MAR,M,,,,1566,0,40,SEP25,2007,i
9048030,"Habibi Akka, Jamal",MAR,M,,,,1764,0,40,SEP25,1980,
9009531,"Haboun, Zakaria",MAR,M,,,,1659,0,20,SEP25,1979,i
9017356,Hachimi Omar,MAR,M,,,,1846,4,20,SEP25,1995,
9038566,Hadani Zakaria,MAR,M,,,,1751,0,20,SEP25,2001,i
9056874,"Haddouch, Hicham",MAR,M,,,,1796,0,40,SEP25,1998,i
9002910,"Hadj Kacem, Hafid",MAR,M,,,,1865,0,20,SEP25,1959,i
9003258,"Hadj Kholti, Yasser",MAR,M,,,,2219,7,20,SEP25,2002,
9017119,HADOUANE MOSTAFA,MAR,M,,,,ACM,1783,0,SEP25,1998,i
9011340,"Hadouch, Imad",MAR,M,,,,1911,0,20,SEP25,1996,i
9014705,haifane sohail,MAR,M,,,,1698,0,20,SEP25,1978,i
9045805,Hakimi aya,MAR,F,,,,1483,0,40,SEP25,2005,wi
9011650,"Halal, Brahim",MAR,M,,,,1757,0,20,SEP25,1990,i
9049169,"Haliwa, Yoni",MAR,M,,,,1517,0,40,SEP25,2011,i
9014918,"Hamami, Yassine",MAR,M,,,,1661,0,20,SEP25,1997,i
9031618,"Hamdan, Kaoutar",MAR,F,,,,1803,0,40,SEP25,1999,wi
9016520,Hamdouchi Adam,MAR,M,,,,1817,5,40,SEP25,2011,
9000011,"Hamdouchi, Hicham",MAR,M,GM,FT,,2493,0,10,SEP25,1972,
9003754,"Hamidi, Mly Hfid",MAR,M,,NA,,1874,0,20,SEP25,1997,i
9004653,hammou hicham,MAR,M,,,,1734,0,20,SEP25,1982,i
9017810,HAMZA MOUMEN,MAR,M,,NA,,1792,0,20,SEP25,1988,i
9016783,Hanebaly salah salim,MAR,M,,DI,,1834,0,20,SEP25,1984,i
9008004,Hani younes,MAR,M,,,,2006,0,20,SEP25,1987,
9046887,"Hani, Abdelhakim",MAR,M,,,,1640,0,40,SEP25,2001,
9044906,"Hanif, Ilias",MAR,M,,,,1782,5,40,SEP25,2009,
9023437,"Hari, Othmane",MAR,M,,,,1698,0,20,SEP25,1997,i
9018441,"Harrasse,Hamza",MAR,M,,,,AFM,1821,0,SEP25,2001,i
9009779,"Harrouch, Yassine",MAR,M,,,,1828,0,20,SEP25,1991,i
9007881,Hassani mohamed,MAR,M,,,,1668,0,40,SEP25,1966,i
9034536,HASSIK MUSTAPHA,MAR,M,,,,1883,0,20,SEP25,1968,i
9005340,"Hassouni, Mohamed",MAR,M,,,,1757,0,20,SEP25,1963,i
9052445,"Hdoudou, Yassine",MAR,M,,,,1631,0,40,SEP25,2008,i
9039970,"Hilmi, Mohamed Fahd",MAR,M,,,,1587,0,20,SEP25,1982,i
9034544,HIMDI ABDENNOUR,MAR,M,,,,1734,0,20,SEP25,1961,i
45117144,"Hmamouche, Youssef",MAR,M,,,,1975,7,20,SEP25,1991,
9058222,"Hmidouch, Ibrahim",MAR,M,,,,1447,0,40,SEP25,2014,i
9036547,"Hmimes, Rayan",MAR,M,,,,1644,0,40,SEP25,2006,
9025081,Hossini Adam,MAR,M,,,,1649,0,40,SEP25,2007,i
9027980,Hossini Anas,MAR,M,,,,1673,0,20,SEP25,1997,i
9024204,Hossini Mohamed,MAR,M,,,,1870,0,20,SEP25,1964,i
9058230,"Houmane, Hicham",MAR,M,,,,1804,0,40,SEP25,1985,i
9018093,HOUMMANE ZAID,MAR,M,,,,1752,0,40,SEP25,2009,
9046917,"Hoummane, Hamza",MAR,M,,,,1704,0,40,SEP25,2005,i
9014934,"Houri, Mohamed",MAR,M,,,,1836,0,20,SEP25,1975,i
9050272,"HRAICH, MOHAMMED",MAR,M,,,,1718,0,40,SEP25,1989,
9024107,"Iben Yaich, Khalid",MAR,M,,,,1666,0,20,SEP25,1985,i
9014217,"Ibn El Miloudy , Zakariae",MAR,M,,,,1789,0,40,SEP25,1997,
9003290,"Ibrahimi, F.zohra",MAR,F,,,,1689,0,20,SEP25,2000,wi
9004319,"Ibrahimi, Khadija",MAR,F,,,,1715,0,20,SEP25,1999,wi
9020420,"Ibriz, Maryam",MAR,F,,,,1711,0,40,SEP25,2012,w
9005803,"Ichakdi, Yahya",MAR,M,,,,1870,0,40,SEP25,1995,
9016295,"Ichid, Oussama",MAR,M,,,,1762,0,20,SEP25,1999,i
9021159,"Idrissi Naqib, Abdelali",MAR,M,,NA,,1862,0,20,SEP25,1957,i
9000259,"Idrissi, Chafik",MAR,M,CM,,,2127,0,20,SEP25,1973,
9011889,"Idzim, Oussama",MAR,M,,,,1627,0,40,SEP25,2003,i
9005943,"Ikharazene, Ali",MAR,M,,,,1927,0,20,SEP25,1994,i
9018611,IMAD BOUMAHDI,MAR,M,,,,1836,0,20,SEP25,1987,i
9000666,"Iraqui, Youssef",MAR,M,,,,1990,0,20,SEP25,0,
9042008,Itkhaled abdelmounim,MAR,M,,,,1738,0,40,SEP25,2007,
9015566,"Izem, Yassine",MAR,M,,,,1841,0,20,SEP25,1990,i
9044930,"Jaanit, Khalil",MAR,M,,,,1620,5,40,SEP25,2009,
9017151,JADBY ABDERRAHIM,MAR,M,,,,1446,0,40,SEP25,2002,i
9016317,"Jadrahmane, Hachimi",MAR,M,,,,1511,0,40,SEP25,2011,i
9059326,"Jaidi, Mohammed Taha",MAR,M,,,,1697,8,40,SEP25,1993,
9043381,"Jalal, Abdesselam",MAR,M,,,,1961,0,40,SEP25,1967,i
9006346,"Jalil, Mohamed",MAR,M,,,,1984,0,20,SEP25,1990,i
9019669,Jallal abderrahmane,MAR,M,,,,1488,0,40,SEP25,2008,i
9018735,JAMAL TIRAGOUYNE,MAR,M,,,,1714,0,20,SEP25,1980,i
9009426,jamari ismail,MAR,M,,,,1800,0,40,SEP25,2005,i
9003339,"Jamari, Mehdi",MAR,M,,,,1948,0,20,SEP25,2000,i
9059822,"Jami, Othman",MAR,M,,,,1516,0,40,SEP25,2006,i
9002863,JANATI IDRISSI Abdelkhalid,MAR,M,,,,1856,0,20,SEP25,1953,i
9048731,"Jazzar, Reda",MAR,M,,,,1778,0,40,SEP25,2004,i
9005072,JDIYOU MOHAMED,MAR,M,,,,1720,0,20,SEP25,1999,
9067884,"Jitite,Boutaina",MAR,F,,,,1600,7,40,SEP25,2005,w
9009337,Kacem Rian,MAR,M,IM,,,1887,0,20,SEP25,1959,i
9034056,"Kadiri, Jalil",MAR,M,,,,1491,0,40,SEP25,1982,i
9004564,kajaj arsalan,MAR,M,,,,AIM,1917,0,SEP25,1986,
9017160,KAJAJ HOUDAIFA,MAR,M,,,,1516,0,40,SEP25,2011,i
9000461,"Kamous, ALi",MAR,M,FM,,,2182,0,20,SEP25,1977,
9024450,"Kandil, Haitam",MAR,M,,,,1661,0,20,SEP25,1990,i
625736,"Karim, Ismael",MAR,M,IM,FT,,2317,0,20,SEP25,1985,
9008012,Karkri mohamed,MAR,M,,,,1937,0,20,SEP25,1979,i
9043365,"Karnas, Ziad",MAR,M,,,,1783,0,40,SEP25,2003,
9061860,"Karoum,Mohamed",MAR,M,,,,1635,7,40,SEP25,2012,
9049681,"KARTTI, ZAKARIA",MAR,M,,,,1730,0,40,SEP25,1987,i
9034153,"Kasri, Mohamed Aymane",MAR,M,,,,1684,0,40,SEP25,2009,i
9034161,"Kasri, Mohmaed Ali",MAR,M,,,,1754,0,40,SEP25,2010,
9006370,"Katane, Ayoub",MAR,M,,,,1630,0,20,SEP25,2000,i
9006796,"Katane, Souhaib",MAR,M,,,,1622,0,20,SEP25,2004,i
9068961,KEHEL ZIYAD,MAR,M,,,,1500,5,40,SEP25,2013,
9055088,"keraoui, Aya",MAR,F,,,,1514,0,40,SEP25,2005,wi
9050353,"KERAOUI, MHAMED",MAR,M,,,,1673,0,40,SEP25,2005,i
9026851,"Kessaba, Walid",MAR,M,,,,1671,0,40,SEP25,2009,i
9044663,"Kettani, Omar",MAR,M,,,,1580,0,40,SEP25,1992,i
9009264,KHABIR FAHD,MAR,M,,NA,,1728,5,20,SEP25,1988,
9058052,"Khaddi, Kacem",MAR,M,,,,1648,0,40,SEP25,2006,i
9009990,"Khalis, Ali",MAR,M,,,,1910,0,20,SEP25,1957,i
9029397,"Khalis, Sophia",MAR,F,,,,1649,5,20,SEP25,1996,w
9002855,"Khamli, Mustapha",MAR,M,,,,1943,0,20,SEP25,1968,i
9003355,"Khamli, Raja",MAR,F,,,,1515,0,20,SEP25,2004,wi
9003363,"Khamli, Yassine",MAR,M,,,,1869,0,20,SEP25,2002,i
9058044,"Khamlichi, Mohamed Aymen",MAR,M,,,,AFM,1639,0,SEP25,2008,i
9001026,"Kharbouch, Mounir",MAR,M,,,,2263,0,20,SEP25,0,i
9049401,"KHATIR, ANAS",MAR,M,,,,1867,12,40,SEP25,1999,
9049967,"KHATRAB, KAMAL",MAR,M,,,,1503,0,40,SEP25,1998,i
9060979,"Khouy,Abdelkoddousse",MAR,M,,,,1688,0,40,SEP25,2008,
9049517,"KHOUYA, ISMAIL",MAR,M,,,,1832,0,40,SEP25,1981,
9036377,"Khouyi, Abdelali",MAR,M,,,,1689,0,20,SEP25,1997,i
9048928,"Kirane, Ossama",MAR,M,,,,1635,0,40,SEP25,2004,i
9052674,"kokodil, Othmane",MAR,M,,,,1783,0,40,SEP25,2006,
9000640,"Kouyach, Abdelali",MAR,M,,,,1880,0,20,SEP25,1972,
9015990,Kozizi salima,MAR,F,,,,1592,0,40,SEP25,2014,wi
9014594,"Kozizi,Youssef",MAR,M,,,,1729,9,40,SEP25,2010,
9014950,"Kriem, Med Amine",MAR,M,,,,1863,0,20,SEP25,2005,
9037101,"Laadnani, Ahmed",MAR,M,,,,1849,0,40,SEP25,2005,
9019740,Laalili yassine,MAR,M,,DI,,1747,0,20,SEP25,2002,i
9003789,"Laamarti, Kamal",MAR,M,,,,1920,0,40,SEP25,1978,i
9016333,"Laamim, Roaa",MAR,F,WFM,WFM,,1790,0,40,SEP25,2007,w
9032762,"Laaroussi, Saber",MAR,M,,,,1907,0,20,SEP25,1988,i
9026460,"Labzioui, Aissam",MAR,M,,,,1728,0,20,SEP25,1996,i
9021477,"Lachkar, Kawtar",MAR,F,,,,1560,0,40,SEP25,2005,wi
9015841,Laghmari Aziz,MAR,M,,NA,,1731,0,40,SEP25,1986,
9037330,"Lagmou, Salma",MAR,F,,,,1714,0,20,SEP25,2005,w
9023372,"Lagssair, El Mahjoub",MAR,M,,,,1671,0,20,SEP25,1998,
9002561,"Lahlou, El Hadj Larbi",MAR,M,,,,1821,0,20,SEP25,1963,i
9036415,"Lahlou, Omar",MAR,M,,,,1671,0,20,SEP25,1985,i
9001328,"Lahlou, Rachid",MAR,M,,,,1964,0,20,SEP25,0,
9001522,"Lahmamsi, Mohamed",MAR,M,,,,1662,0,20,SEP25,0,i
9048758,"Lahouasly, Yahya",MAR,M,,,,1454,4,40,SEP25,2007,
9011668,"Lahrach, Said",MAR,M,,,,1933,0,20,SEP25,1970,i
9002570,"Lakehal, Safae",MAR,F,,,,1821,0,20,SEP25,1994,wi
9014985,"Lameguiri, Mohamed",MAR,M,,,,1803,0,20,SEP25,1965,i
9001190,"Lameti, Mohamed",MAR,M,,,,1818,0,20,SEP25,1949,i
9009400,lamghari mohamed taha,MAR,M,,,,1642,0,20,SEP25,2000,i
9020179,"Lamghari, Ayoub",MAR,M,,,,1881,0,40,SEP25,2001,
9003797,"Lamghari, Hicham",MAR,M,,,,1902,0,20,SEP25,1979,
9057676,"LAMMARTI MESSOUS, OUALID",MAR,M,,,,1964,0,40,SEP25,2003,
9012680,"Lamnouar, Omar",MAR,M,,,,1984,0,20,SEP25,1965,i
9012745,"Lamnouar, Youssef",MAR,M,,,,1588,0,40,SEP25,2008,i
9001590,"Lamrabet, Mohamed",MAR,M,,NA,,2041,0,20,SEP25,0,i
9049185,"Lamrabet, Redouane",MAR,M,,,,1699,0,40,SEP25,1983,i
9038639,Lamriga Abdessamad,MAR,M,,,,1832,0,20,SEP25,1998,
9006818,"Lamtaouab, Brahim",MAR,M,,,,1732,0,20,SEP25,1965,i
9016341,"Larhrissi , Omar",MAR,M,,,,1694,0,20,SEP25,2004,i
9032738,"Laroussi, Mohamed",MAR,M,,,,1600,0,40,SEP25,2007,i
7811136,"Lazhari, Noreddine",MAR,M,,NA,,1837,0,20,SEP25,1976,i
9024905,Lbadessi Salmane,MAR,M,,,,1709,0,40,SEP25,2001,i
9058559,"LEKHAL, Adil",MAR,M,,,,1755,6,40,SEP25,2005,
9016015,Lekssays hassan,MAR,M,,,,1516,0,20,SEP25,1997,i
9028048,"Lemcharki, Youness",MAR,M,,,,1625,0,20,SEP25,1966,i
9016368,"Lemjed Fatima , Ezzahra",MAR,F,,DI,,1671,0,20,SEP25,2000,wi
9013342,LGHACHI SMAIL,MAR,M,,,,1722,0,20,SEP25,1974,i
9007423,LIARI KHALID,MAR,M,,,,2053,0,20,SEP25,1991,i
9052623,"Libraymi, Mohamed Amine",MAR,M,,,,1869,8,40,SEP25,1999,
9047794,"Limouri, Mourad",MAR,M,,,,1750,0,40,SEP25,1993,i
9012125,"Lkhachin, Abdellah",MAR,M,,,,1734,0,20,SEP25,1998,i
9015604,"Lmejed, Mehdi",MAR,M,,,,1727,0,40,SEP25,2007,i
9013717,"Lokman, Rahmani",MAR,M,,,,1719,0,20,SEP25,2004,i
9005510,Louridi Aroua,MAR,F,,,,1510,0,40,SEP25,2005,wi
9012451,Lyamani khalid,MAR,M,,,,1992,0,20,SEP25,1968,i
9014993,"Lyamani, Abdealmougit",MAR,M,,,,1668,0,20,SEP25,2004,i
9009094,Lyari khalid,MAR,M,,,,1974,0,20,SEP25,1990,i
9000232,"Maalla, Abdessadek",MAR,M,,,,2086,0,20,SEP25,0,
9025499,"Maarouf, Adam",MAR,M,,,,1577,0,40,SEP25,2012,i
9029028,"Maarouf, Anas",MAR,M,,,,1606,0,40,SEP25,2009,i
9023275,"Maazouzi, Ismail",MAR,M,,,,1503,0,40,SEP25,2010,i
9023267,"Maazouzi, Jad",MAR,M,,,,1671,0,40,SEP25,2014,i
9020640,"Maazouzi, Youssef",MAR,M,,,,1725,0,20,SEP25,1996,i
9012478,"Mabchour,Fahd",MAR,M,,,,1856,8,20,SEP25,1980,
9039996,"Maghniwi, Fadl",MAR,M,,,,1654,0,40,SEP25,2006,
9028854,Mahla Nizar,MAR,M,,,,1555,0,40,SEP25,2008,i
9025731,Majbar Mohammed Anass,MAR,M,,,,1665,0,20,SEP25,1979,i
9011676,"Majd, Abdelkebir",MAR,M,,,,1832,0,20,SEP25,1990,i
9003380,"Makhlouf, Ahlam",MAR,F,WFM,WFM,,1691,0,20,SEP25,2004,w
9059385,"Malainine, Mohamed",MAR,M,,,,1563,0,40,SEP25,2003,i
9058257,"Maniani, yassine",MAR,M,,,,1457,0,40,SEP25,1990,i
9035788,MANOUZI HOUCINE,MAR,M,,,,1997,0,20,SEP25,1994,
9020080,"Mansouri, Bilal",MAR,M,,,,1748,0,20,SEP25,2001,i
9001603,"Mansouri, Omar",MAR,M,,,,1908,0,20,SEP25,1948,i
9001808,"Maras, Houssni",MAR,M,,,,2083,0,20,SEP25,0,
9010947,"Marraha, Haytam",MAR,M,,,,1792,0,20,SEP25,2003,i
9054200,"MASSIT, Adam",MAR,M,,,,1485,4,40,SEP25,2008,
9023828,"Matjaouj, Khalid",MAR,M,,,,1751,0,20,SEP25,1960,i
9001727,"Mayar ElIdrissi, Firdaous",MAR,F,,,,1817,0,20,SEP25,1989,w
9009175,Mbirik mouad,MAR,M,,,,1793,0,20,SEP25,1992,i
9015892,Mehdi Tabich,MAR,M,,,,1516,0,40,SEP25,2013,
9051597,"Mehrez, Youssef",MAR,M,,,,1511,0,40,SEP25,2006,
9024441,"Mejd, Mohamed Amine",MAR,M,,,,1740,0,20,SEP25,1987,i
9049703,"MEKOUAR, ALI",MAR,M,,,,1687,0,40,SEP25,2005,
9016791,Mekran Mohamed,MAR,M,,,,1510,0,20,SEP25,1984,i
9070095,"MELLOUKY, ABDERRAHIM",MAR,M,,,,1702,8,40,SEP25,2004,
9025278,"Menouar, Mohamed Taha",MAR,M,,,,1522,1,40,SEP25,2014,
9003690,"Merkhi, Hicham",MAR,M,,,,1782,0,20,SEP25,1970,i
9045830,Merrahi safwan,MAR,M,,,,1745,0,40,SEP25,1998,
9047069,"Meskaoui, Mohamed",MAR,M,,,,1921,0,40,SEP25,1980,i
7810970,"Messah, Abdelbari",MAR,M,,,,1842,0,20,SEP25,2000,
9000682,"Messala, Jamal",MAR,M,,"SI,FI,FA",,2005,0,20,SEP25,1980,i
9001476,"Messala, Noureddine",MAR,M,,"SI,NA",,1997,0,20,SEP25,1990,
203149,"Metioui, Mourad",MAR,M,,,,AIM,2003,0,SEP25,1967,i
9014667,Mezzian noureddine,MAR,M,,,,1797,0,20,SEP25,1988,
9034064,"MGhari, Anass",MAR,M,,,,1748,0,20,SEP25,1997,i
9018450,MGHAZLI ILYAS,MAR,M,,,,1877,0,20,SEP25,1998,i
9011684,"Mhamdi Alaoui, Mohamed",MAR,M,,,,2070,0,20,SEP25,1990,i
9017216,MHAND MOHAMMED,MAR,M,,,,1968,0,20,SEP25,1994,
9019561,Mhasni Saad,MAR,M,,,,1721,0,40,SEP25,2009,i
9068910,"MICHAEL DIETER OTTO,BISCOP",MAR,M,,,,1558,5,40,SEP25,1960,
9017224,MIGUADERN ASMA,MAR,F,,,,1639,0,40,SEP25,2000,w
9011900,"Moayad, Anas",MAR,M,CM,,,1979,7,40,SEP25,2007,
9047077,"Mohamed Bistarine, P",MAR,M,,,,1613,0,40,SEP25,2007,i
9018557,MOHAMED REDA HOUSSAINI SQALLI,MAR,M,,,,1687,0,20,SEP25,1989,i
9020250,"Mohamed, Noureddine",MAR,M,,,,1659,0,20,SEP25,1986,i
9049762,"MOHAMMADINE, MOHAMED",MAR,M,,,,1579,0,40,SEP25,1985,i
9018921,MOHAMMED AMINE ESSAHEB,MAR,M,,NA,,1915,0,20,SEP25,1997,i
9070109,"MORINO, YASSER",MAR,M,,,,1753,8,40,SEP25,2008,
9022228,"Mostafi, Kacem",MAR,M,,,,1859,0,40,SEP25,2006,i
9035800,"MOUAD,HSSINA",MAR,M,,,,1792,6,20,SEP25,2002,
9007300,MOUDDEN ABDELJEBBAR,MAR,M,,,,1777,0,20,SEP25,1980,i
9002243,"Mouflih, Faycal",MAR,M,,,,2019,0,20,SEP25,1980,i
9001905,"Mouini, Abdelkader",MAR,M,,,,1767,0,20,SEP25,1963,i
9038680,moujane ahmed,MAR,M,,,,1688,0,40,SEP25,1956,i
9012508,Moukhliss Abdelhak,MAR,M,,,,1729,0,20,SEP25,1964,
9013962,moukhliss adam,MAR,M,,,,1662,0,40,SEP25,2008,i
9017453,MOULAY ALIYENE ASAAD,MAR,M,,,,1843,0,20,SEP25,1986,i
9049053,Moumen adam,MAR,M,,,,1796,8,40,SEP25,2005,
9018956,MOUMNI ABDELLAH,MAR,M,,,,1847,0,40,SEP25,1983,i
9001484,"Mounib, Abdelaziz",MAR,M,,,,2071,0,20,SEP25,1962,
9001816,"Mounib, Abdelmjid",MAR,M,,,,2065,7,20,SEP25,0,
9003835,"Mounib, Adil",MAR,M,,,,1933,0,20,SEP25,1999,i
9009027,Mounir Soussi,MAR,M,,,,1855,0,20,SEP25,1973,i
9001913,"Mourid, Lahcen",MAR,M,,,,1813,0,20,SEP25,0,
9049207,"Moussaid, Khalid",MAR,M,,,,1749,0,40,SEP25,1980,i
9007121,moussaoui taoufiq,MAR,M,,,,1874,0,20,SEP25,1980,i
9026479,"Moutauafik, El Mehadi",MAR,M,,,,1773,6,40,SEP25,2010,
9049525,"MRABET, ABDELMAJID",MAR,M,,,,1881,0,40,SEP25,1967,i
9023399,"Mrabet, Omar",MAR,M,,,,1672,0,40,SEP25,2008,i
9049720,"MRAC, AICHA",MAR,F,,,,1488,0,40,SEP25,2011,wi
675938,"Msellek, Ilyass",MAR,M,IM,,,2365,0,20,SEP25,1998,i
9051260,"MSIID, YOUSSEF",MAR,M,,,,1865,9,40,SEP25,2010,
9016384,"Myesser, Anas Badr",MAR,M,,,,1706,0,20,SEP25,2001,
9002367,"M`guil, Wadie",MAR,M,,,,1904,0,20,SEP25,1978,
9035281,NABILI ABDERRAHIM,MAR,M,,,,1752,0,20,SEP25,1997,i
9034439,NACHAT BADRE,MAR,M,,,,1763,0,20,SEP25,1994,i
9043128,"Nachchache, Zakaria",MAR,M,,,,1581,0,40,SEP25,2001,i
9015019,"Nachid , Siham",MAR,F,,,,1597,0,20,SEP25,2004,wi
9035494,NACHIT ACHRAF,MAR,M,,,,1649,0,40,SEP25,2008,i
9000739,"Naciri, Zouhair",MAR,M,CM,,,2243,0,20,SEP25,1976,i
9049738,"NADDAM, MOHAMED",MAR,M,,,,1555,0,40,SEP25,2012,i
9001395,"Nafri, Khalil",MAR,M,CM,"SI,NA",,2196,0,20,SEP25,1987,i
9017500,NAIT ELASRI ABDELLAH,MAR,M,,,,1519,0,40,SEP25,2013,
9017518,NAIT ELASRI BRAHIM,MAR,M,,,,1914,0,40,SEP25,2008,i
9036202,NAJELA LIKOUK,MAR,F,,,,1537,0,40,SEP25,2009,w
9004343,Najem mohamed,MAR,M,,NA,,1843,0,20,SEP25,1966,i
9054650,"Najem, Adam",MAR,M,,,,1525,0,40,SEP25,2014,i
9010130,"Najimi, Mohamed Khalil",MAR,M,,,,2063,0,40,SEP25,2008,i
9015647,"Najimi, Ziad",MAR,M,,,,1601,0,40,SEP25,2013,i
9011706,"Nasih,Said",MAR,M,,NA,,AIM,2045,0,SEP25,1992,
9004696,Nasreddine Fateh,MAR,M,,,,1668,0,20,SEP25,1984,i
9012150,"Nebkhout, Omar",MAR,M,,,,1769,0,20,SEP25,1981,
9047115,"Nejjari, Omar",MAR,M,,,,1834,0,40,SEP25,2002,
9058036,"Nesh Nash, Omar",MAR,M,,,,1663,4,40,SEP25,1980,
9035290,NIFA ABDELMOULA,MAR,M,,,,1666,0,40,SEP25,1966,i
9008047,NIFASSE MOHAMED,MAR,M,,,,1912,0,20,SEP25,1967,i
9008772,Noam abdsabour,MAR,M,,,,1558,0,40,SEP25,2009,i
9006427,"Nouabi, Ilias",MAR,M,,,,1734,5,20,SEP25,2004,
9027190,"Nouaiti, Anas",MAR,M,,,,1772,0,40,SEP25,2002,
9047123,"Nouichef, Yassine",MAR,M,,,,1767,0,40,SEP25,1990,i
9003851,"Nouri, Amin",MAR,M,,,,2050,0,20,SEP25,1999,i
9001620,"Nouri, Youssef",MAR,M,,,,1948,0,20,SEP25,0,i
9001638,"Nyouri, Said",MAR,M,,,,1869,0,20,SEP25,0,i
9004700,okkeli adnan,MAR,M,,,,1696,0,20,SEP25,1994,i
9004734,"Okkeli, Salima",MAR,F,,,,1680,0,20,SEP25,2001,w
9013415,omar rejraji,MAR,M,,,,1635,3,40,SEP25,2007,
9005587,Omara Zakaria,MAR,M,,,,1850,0,20,SEP25,1996,i
9000283,"Onkoud, Abdelaziz",MAR,M,IM,,,2316,0,20,SEP25,1972,
9008241,OTHMAN FILALI RAZOUKI,MAR,M,,,,2076,0,20,SEP25,1990,i
9006443,"Ouaddi, Ayoub",MAR,M,,,,1956,0,20,SEP25,1990,i
9004610,"Ouaddi, Oussama",MAR,M,,,,1526,0,20,SEP25,1992,
9001352,"Ouadif, Kacem",MAR,M,,,,1776,0,20,SEP25,0,i
9017399,"OUADNOUNI,OMAR",MAR,M,,,,1877,0,40,SEP25,2008,i
9007130,ouahabi adil,MAR,M,,,,1868,0,20,SEP25,1983,
6214576,"Ouahabi, Haitam",MAR,M,,,,1979,0,40,SEP25,1999,i
9057862,"Ouahbi, Yassine",MAR,M,,,,1534,0,40,SEP25,1989,i
9037861,Ouahi ismail,MAR,M,,,,1854,0,20,SEP25,1990,i
9026843,"Ouahib, Taha",MAR,M,,,,1562,0,40,SEP25,2016,
9000437,"Ouakhir, Mehdi Pierre",MAR,M,FM,,,2166,9,20,SEP25,1985,
9001417,"Oualili, Abdelali",MAR,M,,,,1982,0,20,SEP25,1958,
9025197,"Ouamane, Younes",MAR,M,,,,1598,0,40,SEP25,2010,i
9026630,"Ouardi, Achraf",MAR,M,,,,1717,0,20,SEP25,1993,i
9038094,Ouarrach yasser,MAR,M,,,,1572,0,40,SEP25,2013,i
9004750,Ouaziz Ismail,MAR,M,,NA,,AIM,1951,0,SEP25,1977,
9004173,"Ouazri, Anass",MAR,M,,,,1991,0,20,SEP25,1997,
9024832,"Ouazzani, Saad",MAR,M,,,,1773,4,40,SEP25,2007,
9017674,OUBOUJEMAA Abderrahman,MAR,M,,NA,,1810,0,40,SEP25,1974,
9007679,OUCHELH MOHAMED,MAR,M,,,,1731,0,20,SEP25,1965,i
9001921,"Ouchleh, Mohamed",MAR,M,,,,1915,6,20,SEP25,0,
9026932,"Oudrhiri, Douae",MAR,F,,,,1668,0,40,SEP25,2008,wi
9067965,"Oudriouch,Sami",MAR,M,,,,1720,0,40,SEP25,2003,
9002596,"Oueld El Hachemi, Abdelhaq",MAR,M,,,,1835,0,20,SEP25,0,
9020756,"Oufqir, Rachid",MAR,M,,,,1892,8,20,SEP25,1996,
9014284,"Oujaa, Mohamed Lahbib",MAR,M,,NA,,1734,0,20,SEP25,1988,i
9047824,"Oukhira, Hamid",MAR,M,,,,1576,0,40,SEP25,1985,i
9037004,"Oukkad, Omar",MAR,M,,,,1831,0,20,SEP25,1987,i
9008055,"Oulad side abdeslam,redouan",MAR,M,,,,2051,0,20,SEP25,1963,
9003860,"Oulaed, Benbrahim Mustafa",MAR,M,,,,1829,0,20,SEP25,1998,i
9034285,"Oulbouj, Mohamed",MAR,M,,,,1689,0,40,SEP25,2007,i
9006982,"Ouled, Ben Brahim Mostapha",MAR,M,,,,1820,0,20,SEP25,1963,i
9032185,"Oulti, Abderrahman",MAR,M,,,,1741,0,40,SEP25,2006,i
9015922,Oumalk mahdi,MAR,M,,,,1651,0,20,SEP25,1989,i
9062777,"OUSHFA,Issam",MAR,M,,,,1627,5,40,SEP25,2010,
9057080,"Oussalah, Hicham",MAR,M,,,,1686,0,40,SEP25,1980,
9008748,QANDAR MOHAMED,MAR,M,,,,1862,0,20,SEP25,1990,i
9005200,QARIOUH ANAS,MAR,M,,,,1683,0,20,SEP25,2001,i
9036628,"Qassoud, Driss",MAR,M,,,,1891,7,20,SEP25,1965,
9057870,"Qatice, Amine",MAR,M,,,,1684,0,40,SEP25,1991,
9016422,"Raamsis, Youssef",MAR,M,,,,1833,0,20,SEP25,1987,i
9006869,"Rabhi, Nabil",MAR,M,,,,1753,0,20,SEP25,1982,i
9009850,"Rachdad, Bilal",MAR,M,,,,1851,0,20,SEP25,1997,
9068732,"Rachidi,Aasiya",MAR,F,,,,1462,0,40,SEP25,2011,w
7814070,"Rafi, Fouad",MAR,M,,,,1657,2,40,SEP25,1983,
9023321,"Rafi, Nabil",MAR,M,,,,1711,1,20,SEP25,1986,
9019634,Rafik yassine,MAR,M,,,,1820,0,20,SEP25,2002,
9052020,"Rafik, Adnane",MAR,M,,,,1430,0,40,SEP25,2007,i
9047190,"Rahal, Mohamed",MAR,M,,,,1603,0,40,SEP25,1959,
9005439,Rahali Taha,MAR,M,,,,1627,0,20,SEP25,2004,
9043306,"Rahmoun, Bakr",MAR,M,,,,1734,0,40,SEP25,2003,i
9014470,"Rahouti, Azedine",MAR,M,,,,1755,5,20,SEP25,1981,
9040617,"Rais, Naoufal",MAR,M,,,,ACM,1560,4,SEP25,1987,
9001930,"Rajraji, Mohamed",MAR,M,,,,1984,0,20,SEP25,0,i
9027963,Rakrak Mohamed,MAR,M,,,,1814,0,20,SEP25,2002,i
9025138,"Rami, Elamine",MAR,M,,,,1545,0,20,SEP25,1971,i
9007148,ramsis youssef,MAR,M,,,,1792,0,20,SEP25,1987,i
9002146,"Rania, Sbai",MAR,F,WIM,WIM,,1864,0,20,SEP25,1994,wi
9007342,RAZZAQ YOUNES,MAR,M,,,,1932,0,20,SEP25,1980,
9037128,"Rees, Nicholas",MAR,M,,,,1747,0,20,SEP25,1992,i
9001255,"Rejraji, Mohamed",MAR,M,,,,1931,6,20,SEP25,1976,
9036784,"Rhalmi, Ahmed",MAR,M,,,,1737,0,40,SEP25,1960,i
9034471,RHIBA ZAKARIA,MAR,M,,,,1719,0,40,SEP25,2001,i
9059423,"Riaha, Anas",MAR,M,,,,1770,2,40,SEP25,2006,
9012206,"Rian, Mhamed",MAR,M,,,,1724,3,20,SEP25,1999,
9001247,"Rian, Moubarak",MAR,M,IM,,,1931,0,20,SEP25,1956,
9002170,"Rian,Saad",MAR,M,,,,2110,0,20,SEP25,1993,
9006893,"Roudi, Adnan",MAR,M,,,,1938,0,20,SEP25,1989,
9017275,"Rouzi, Zakaria",MAR,M,,,,1890,0,40,SEP25,1999,i
9002324,"Rzin, Mehdi",MAR,M,,,,1874,0,20,SEP25,1987,i
9014683,saadaoui ayoub,MAR,M,,,,1776,0,40,SEP25,1992,
9000810,"Saber, Anas",MAR,M,,,,2022,0,20,SEP25,0,
9010980,"Saber, Saad",MAR,M,,,,AIM,1870,0,SEP25,2003,i
9001948,"Saber, Yasser",MAR,M,,,,2196,0,20,SEP25,1988,i
9007350,SADIKI RACHID,MAR,M,,,,1710,0,20,SEP25,1980,i
9020535,"Safraoui, Yassine",MAR,M,,,,1709,0,20,SEP25,2002,i
9042555,"Saghir, Ilyass",MAR,M,,,,1736,0,20,SEP25,2004,
9009213,Sahbaoui ahmed,MAR,M,,,,1564,0,20,SEP25,2002,i
9006990,"Sahbaoui, Abdelhai",MAR,M,,,,1550,0,20,SEP25,1963,i
7811055,"Saidi, Abdelouahid",MAR,M,,,,1708,4,20,SEP25,1989,
9004190,"Saidi, Younes",MAR,M,,,,1966,0,20,SEP25,1982,
9052470,Sajed El oumari,MAR,M,,,,1581,0,40,SEP25,2009,i
9002626,"Sajid Jalil, Sami",MAR,M,,,,1659,0,20,SEP25,1990,i
9004203,"Sakine, Badr",MAR,M,,,,1851,0,20,SEP25,1991,i
9003886,"Salaka, Mohamed",MAR,M,,,,1870,0,20,SEP25,1961,i
9009876,"Salaka, Youssef",MAR,M,,,,2047,0,20,SEP25,1985,i
9009019,Samir Sifeddine,MAR,M,,,,1709,0,20,SEP25,1962,i
9060987,"Samir,El Mehdi",MAR,M,,,,1598,2,40,SEP25,1996,
9034501,SANAA ANIS,MAR,M,,,,1626,0,20,SEP25,2004,i
9047395,"Sarhane, Soukaina",MAR,F,,,,1858,0,40,SEP25,2004,wi
9035419,SASRDI MILOUDI,MAR,M,,,,1797,0,40,SEP25,2009,i
9019723,Sayfeddine khirane,MAR,M,,,,1551,0,40,SEP25,2014,i
9002634,"Sbai, Abdeslam",MAR,M,,,,2068,0,20,SEP25,0,i
9041630,"Sebbagh, Kaoutar",MAR,F,,,,1519,0,40,SEP25,2007,w
9027181,"Sebbar, Mahjoub",MAR,M,,,,1772,0,20,SEP25,1965,i
9024050,"Sebbar, Mohamed",MAR,M,,,,1787,0,20,SEP25,1953,i
9017992,"Sebbar, Othman",MAR,M,,FA,,1668,0,20,SEP25,1988,i
9019219,"Sebbar, Zakaria",MAR,M,,,,1843,0,20,SEP25,1980,i
9016465,"Sebbata, Yassine",MAR,M,,,,1667,0,20,SEP25,1977,i
9045821,sebti ahmed ismail,MAR,M,,,,1636,0,40,SEP25,2008,i
9025634,"Sehlaoui, Redouane",MAR,M,,,,1664,2,20,SEP25,1982,
9000828,"Sellak,Hadou",MAR,M,,,,1972,0,20,SEP25,1973,i
9011951,"Sentissi, Yassine",MAR,M,CM,,,2082,0,20,SEP25,1998,
9049088,Serhani Mohamed yassine,MAR,M,,,,1789,6,40,SEP25,2009,
9017291,SERRAR MARWAN,MAR,M,,,,1892,0,40,SEP25,1998,i
9068759,"Sibai,Kacem",MAR,M,,,,1815,4,40,SEP25,2010,
9049770,"SIDIKI, YASSER",MAR,M,,,,1724,0,40,SEP25,2002,i
9051988,"Sidrine, Ibtihal",MAR,F,,,,1612,0,40,SEP25,2010,wi
9036946,"Skali Senhaji, Ahmed",MAR,M,,,,1730,0,20,SEP25,1991,i
9004980,skalli taoufik,MAR,M,,,,1915,0,20,SEP25,1954,
9002073,"Slami, Zoheir",MAR,M,,,,1911,0,20,SEP25,1961,i
9036571,"Slim, Khalid",MAR,M,,,,1577,0,40,SEP25,1966,i
9001409,"Slimani, Abderezzak",MAR,M,,,,2044,0,20,SEP25,1976,i
9012354,Souhili Faouzi,MAR,M,,,,1789,0,40,SEP25,1965,i
9000844,"Sour, Moustapha",MAR,M,,"SI,NA",,1908,0,20,SEP25,1983,i
9012664,Soussi Abderrahman,MAR,M,,,,1533,0,40,SEP25,2007,i
9012672,soussi ibrahim,MAR,M,,,,1684,0,20,SEP25,2003,i
9008039,SOUSSI MEHDI,MAR,M,,,,2046,0,20,SEP25,1998,
9031723,"Tabar, El Mehdi",MAR,M,,,,1745,0,40,SEP25,2004,i
9005498,Tabiben Riad,MAR,M,,,,1818,0,40,SEP25,1990,i
9010440,"Tabich , Kenza",MAR,F,,,,1772,0,40,SEP25,2010,w
9000852,"Tachfine, Anouar",MAR,M,,,,1962,0,20,SEP25,0,i
9055983,"Tadimi, Ali",MAR,M,,,,1841,0,40,SEP25,1993,
9027920,Taftaf Soufiane,MAR,M,,,,1725,3,20,SEP25,1995,
9008985,TAHA YAHYIOUI,MAR,M,,,,1552,0,40,SEP25,2007,i
9009221,Tair zaid,MAR,M,,,,1430,0,40,SEP25,2009,i
9006478,"Tair, Abdelghani",MAR,M,,,,1651,0,20,SEP25,1990,i
9004548,Taj Mourad,MAR,M,,NA,,1892,0,40,SEP25,1977,i
9040510,"Talibi, Oussama",MAR,M,,,,1742,0,40,SEP25,2001,i
9035443,TARAFI WALID,MAR,M,,,,1599,0,40,SEP25,2008,i
9040013,"Tarano Lasarte, Andres",MAR,M,,,,1662,0,20,SEP25,1981,i
9004769,tarbaoui yassine,MAR,M,,,,1847,4,20,SEP25,1982,
9045767,"Tauf, Oussama",MAR,M,,,,1777,0,40,SEP25,2006,i
9049746,"TAZI, ACHRAF",MAR,M,,,,1706,0,40,SEP25,2000,i
9002936,"Thaili, Jamal",MAR,M,,,,1852,0,20,SEP25,1962,i
9026517,"Tiar, Jaafar",MAR,M,,,,1788,0,20,SEP25,1993,i
9000240,"Tissir, Mohamed",MAR,M,IM,"FT,FA",,2330,0,10,SEP25,1976,
9002669,"Tit, Zeyd",MAR,M,,,,1836,0,20,SEP25,1986,
9025650,"Touahri, Reda",MAR,M,,,,1818,0,20,SEP25,1997,i
9004246,Toumi Mohamed-Jad,MAR,M,CM,,,1977,0,20,SEP25,2006,
9029788,"Tremouille, Antoine",MAR,M,,,,1506,0,40,SEP25,2009,i
9024433,"Tsertsvadze, Ilya",MAR,M,,,,1819,0,20,SEP25,1991,
9011714,"Tyarti, Ahmed",MAR,M,,,,1767,0,20,SEP25,1990,i
9017747,WAHIDI ILYAS,MAR,M,,,,1870,0,40,SEP25,2005,i
9019910,WAhidi mohamed achraf,MAR,M,,,,1835,0,40,SEP25,2010,i
9019928,Wahidi taha,MAR,M,,,,1812,0,40,SEP25,2007,i
9047620,"Wahman, Ali",MAR,M,,,,1588,0,40,SEP25,2007,i
9050361,"WAQIFI, MOHAMMED ABDELILAH",MAR,M,,,,1511,0,40,SEP25,2005,i
9034528,YAKINE AMINE,MAR,M,,,,1708,7,40,SEP25,2007,
9021612,"Youssef, Belahsen",MAR,M,,,,AFM,1690,4,SEP25,2007,
9011722,"Youssef, Harrak",MAR,M,,,,1755,4,40,SEP25,1980,
9013814,"Youssef, Mohamed",MAR,M,,,,1659,0,40,SEP25,2009,
9052208,"ZAABOUL, GHOFRAN",MAR,F,,,,1771,9,40,SEP25,2007,w
9032029,"Zaari, Marouane",MAR,M,,,,1979,0,40,SEP25,2001,
9013571,"Zaguir, Lahcen",MAR,M,,,,1770,0,20,SEP25,2001,i
9002677,"Zahid, Wassima",MAR,F,,,,1687,0,20,SEP25,1990,wi
9033971,"Zaidi, Wadie",MAR,M,,,,1778,0,40,SEP25,1995,
9000097,"Zair, Abdelkarim",MAR,M,FM,,,2250,0,20,SEP25,1969,i
9049240,Zakaria el fadel,MAR,M,,,,1842,0,20,SEP25,1999,
9013857,zakaria ouabbou,MAR,M,,,,1855,0,20,SEP25,1990,i
9014489,"Zarhloul, Ayoub",MAR,M,,,,1866,0,20,SEP25,1995,
9006516,"Zarkik, Abdeslam",MAR,M,,,,2103,8,20,SEP25,1981,
9044558,"Zaroual, Zakaria",MAR,M,,,,1708,0,40,SEP25,2006,
9009892,"Zeglat, Faycal",MAR,M,,,,2048,0,20,SEP25,1989,i
9000879,"Zekraoui, Houssine",MAR,M,,SI,,1865,4,20,SEP25,0,
9045783,"Zemraou, Atik",MAR,M,,,,1685,0,40,SEP25,1990,i
9013318,ZERDANE ALI,MAR,M,,NA,,1708,0,20,SEP25,1970,i
9059440,"Zeriwal, Abdelkoddous",MAR,M,,,,1709,0,40,SEP25,2007,i
9011730,"Zerrai, Abdelhamid",MAR,M,,,,1637,0,20,SEP25,1990,i
9042725,"Zetati, Abdelhakim",MAR,M,,,,1834,0,20,SEP25,2002,i
9017305,ZHAR MOHAMMED REDA,MAR,M,,,,1534,0,20,SEP25,2003,i
9060863,"Ziani, Mohamed Amine",MAR,M,,,,1610,5,40,SEP25,2006,
9020691,"Ziani, Oubai",MAR,M,,,,AFM,1691,0,SEP25,2007,i
9006958,"Zidane, Chakib",MAR,M,,,,1711,0,20,SEP25,1971,
9045392,"Zidane, Mehdi",MAR,M,,,,1653,0,40,SEP25,2010,
9005560,Zidour Charaf-Eddine,MAR,M,,,,1770,0,20,SEP25,1992,i
9016490,"Zigui, Bouchaib",MAR,M,,,,1744,0,20,SEP25,1968,i
9014365,"Zilaoui, Mohamed",MAR,M,,,,1825,0,40,SEP25,1986,i
9068015,"Zinba,Jabess",MAR,M,,,,1767,0,40,SEP25,2000,
9037853,"Zine, Mohamed Taha",MAR,M,,,,1730,4,40,SEP25,2007,
9002685,"Zitan, Abdelhay",MAR,M,,,,1784,0,20,SEP25,1953,i
9051996,"Ziti, Lylia",MAR,F,,,,1572,0,40,SEP25,2008,wi
9018000,ZNITER BRAHIM,MAR,M,,,,1772,0,20,SEP25,1970,
9001867,"Zouizine, Rachid",MAR,M,CM,NA,,2076,0,20,SEP25,1974,i
9007920,Zrikem Waad,MAR,M,,,,1759,0,20,SEP25,1995,i
9002693,"Zrikem, Nassim",MAR,M,FM,,,2041,0,20,SEP25,2002,i
9003916,"Zrioul, Mohamed",MAR,M,,,,1805,0,20,SEP25,1989,i