ID Number,Name,Fed,Sex,Title,WTit,OTit,Rating,Gms,K,RatingMonth,B-day,Flag
4518284,"Aalund, Daniel",EST,M,,,,1543,0,40,AUG25,2012,i
4505042,"Aaremaa, Henri",EST,M,,,,1587,0,40,AUG25,2004,i
4513398,"Aasma, Sander",EST,M,,,,1450,0,40,AUG25,2008,
4512634,"Aasma, Sten Andreas",EST,M,,,,1567,0,40,AUG25,2007,i
4500210,"Abozenko, Georg",EST,M,,FA,,2036,0,20,AUG25,1996,
4513592,"Abramov, Roman",EST,M,,,,1795,0,20,AUG25,1972,i
4529189,"Adalov, Sergei",EST,M,,,,1402,0,40,AUG25,1949,i
4528832,"Adari, Mattias",EST,M,,,,1665,0,40,AUG25,2010,
4500938,"Adermann, Ivo",EST,M,,,,1906,0,20,AUG25,1992,i
4506391,"Aedla, Mariel",EST,F,,,,1485,0,20,AUG25,2006,wi
4505603,"Aga, Rihard",EST,M,,,,2052,0,20,AUG25,2004,i
4523008,"Aguraiuja, Mathias",EST,M,,,,1408,0,40,AUG25,2006,i
4509960,"Ahlberg, Erik",EST,M,,,,1825,0,20,AUG25,1993,i
4525116,"Aidla, Romet",EST,M,,,,1667,0,40,AUG25,1983,i
4521269,"Aitsen, Alver",EST,M,,,,1745,0,20,AUG25,1983,i
4502086,"Akimov, Filipp",EST,M,,,,1851,0,20,AUG25,1988,i
4510160,"Aksjonova, Alisa",EST,F,,,,1439,0,20,AUG25,2005,wi
4515374,"Akulistoi, Andrei",EST,M,,,,1439,0,40,AUG25,2011,i
4516974,"Ala, Aivar",EST,M,,,,1577,0,20,AUG25,1965,i
4512618,"Aland, Andor",EST,M,,,,1623,0,20,AUG25,1999,i
4521153,"Alas, Mart Mattias",EST,M,,,,1733,0,40,AUG25,2013,
4522478,"Alas, Reimo",EST,M,,,,1540,0,40,AUG25,1980,
4502000,"Alasoo, Kaarel",EST,M,,,,1998,0,20,AUG25,1986,i
4513835,"Albrecht, Andero",EST,M,,,,1659,0,20,AUG25,2005,i
4507045,"Aleksejev, Artjom",EST,M,,,,1609,0,40,AUG25,2008,
4526554,"Aleksejev, Sander",EST,M,,,,1452,0,40,AUG25,2006,
4526228,"Aljas, Enno",EST,M,,,,1502,0,40,AUG25,1957,
4514386,"Aljas, Kalle",EST,M,,,,1581,0,20,AUG25,1949,
4526252,"Aljaste, Mairo",EST,M,,,,1508,0,40,AUG25,1992,i
4511182,"Allas, Kaspar",EST,M,,,,1800,0,40,AUG25,2007,
4510119,"Allese, Marttin",EST,M,,,,1567,0,20,AUG25,2001,i
4525574,"Allikmae, Karl-Mattias",EST,M,,,,1539,0,40,AUG25,2008,
4504208,"Alliksaar, Rene",EST,M,,,,1761,0,20,AUG25,1998,i
4517334,"Alliksaar, Valdeko",EST,M,,,,1611,0,20,AUG25,1944,i
4505875,"Allmann, Lauri",EST,M,,,,1851,0,20,AUG25,1975,i
4532694,"Altjoe, Ago Hugo",EST,M,,,,1735,0,40,AUG25,2009,
4525795,"Anderson, Markkus",EST,M,,,,1697,18,40,AUG25,2010,
4514017,"Andreeva, Olga",EST,F,,,,1539,0,40,AUG25,2010,w
4514769,"Andrejev, Arseni",EST,M,,,,1485,0,40,AUG25,2009,
4504631,"Andrijashkin, Deniss",EST,M,,,,2162,0,20,AUG25,2005,
4506111,"Andrijashkina, Anastassia",EST,F,,,,1598,0,20,AUG25,2000,wi
4516982,"Anier, Vello",EST,M,,,,1676,0,20,AUG25,1940,i
4508513,"Anis, Dinara",EST,F,,,,1519,0,20,AUG25,2006,wi
4518446,"Annast, Joosep",EST,M,,,,1541,0,20,AUG25,2002,i
4521013,"Anton, Julius",EST,M,,,,1612,0,40,AUG25,2008,
4192478,"Arikov, Artem",EST,M,FM,,,2147,9,20,AUG25,1979,
4506332,"Aro, Andres",EST,M,,,,1639,0,20,AUG25,1970,i
4517776,"Arula, Andri",EST,M,,,,1691,0,20,AUG25,1979,i
4525019,"Arumae, Raul",EST,M,,,,1448,0,40,AUG25,2010,
4505050,"Asmus, Andres",EST,M,,,,1662,0,20,AUG25,1975,i
4515331,"Astashev, Kirill",EST,M,,,,1429,0,20,AUG25,2002,i
4504429,"Atamanenko, Alexandr",EST,M,,,,1618,0,40,AUG25,1951,
4522400,"Atamanov, Roman",EST,M,,,,1417,0,40,AUG25,2012,i
4505069,"Atanesjan, Semjon",EST,M,,,,1837,0,20,AUG25,1999,i
4532589,"Attanasio, Donato",EST,M,,,,1600,0,40,AUG25,2000,
4530764,"Avaste, Artur Aare",EST,M,,,,1469,0,40,AUG25,2010,
4502353,"Avchijev, Edgar",EST,M,,,,2032,0,20,AUG25,1989,
4507673,"Avi, Alger",EST,M,,,,1513,0,20,AUG25,2004,i
4511948,"Balabonin, Matvei",EST,M,,,,1402,0,40,AUG25,2010,i
4517628,"Balder, Ian Gregor",EST,M,,,,1610,0,20,AUG25,2005,
4514840,"Barinov, Robert",EST,M,,,,1630,0,20,AUG25,2003,i
4510615,"Barkasheva, Sofia",EST,F,,,,1825,27,40,AUG25,2008,w
4514033,"Basarab, Mark",EST,M,,,,1498,0,20,AUG25,2002,i
4501284,"Bashkite, Viktoria",EST,F,WIM,WIM,,2005,0,20,AUG25,1985,wi
4507215,"Bauman, Grettel",EST,F,,,,1476,0,40,AUG25,2006,wi
4506456,"Beda, Pjotor",EST,M,,,,1492,0,20,AUG25,2004,i
4506863,"Belaja, Anastasja",EST,F,,,,1556,0,40,AUG25,2005,wi
4505999,"Beljajeva, Diana",EST,F,,,,1515,0,20,AUG25,2003,wi
4503368,"Belov, Leonid",EST,M,,,,1968,0,20,AUG25,1946,i
4522370,"Berber, Hakan",EST,M,,,,1422,0,40,AUG25,1989,i
4519183,"Beshkin, Lev",EST,M,,,,1414,0,40,AUG25,2010,i
4506014,"Bitkova, Elizavetta",EST,F,,,,1668,0,20,AUG25,2003,wi
4504135,"Bitsan, Irina",EST,F,,,,1541,0,20,AUG25,2002,wi
4513568,"Bivrov, Timur",EST,M,,,,1456,0,40,AUG25,2006,i
4513282,"Blokhin, Georg",EST,M,,,,1480,0,40,AUG25,2010,
4508190,"Blokhin, Sofia",EST,F,WFM,WFM,NA,2122,9,20,AUG25,2006,w
4514416,"Bloom, Ahti",EST,M,,,,1623,0,20,AUG25,1981,i
4521595,"Blyumin, Ilja",EST,M,,,,1572,0,20,AUG25,1973,
4521609,"Blyumin, Vladimir",EST,M,,,,1540,8,20,AUG25,1953,
4524691,"Bolotnikov, Mihhail",EST,M,,,,1458,0,40,AUG25,2007,i
4503015,"Bondar, Daniil",EST,M,,,,1801,0,20,AUG25,2001,i
34105708,"Bondarenko, Dmitry",EST,M,,,,AGM,1939,45,AUG25,1976,
4506910,"Bondarevskaja, Emilin",EST,F,,,,1656,0,20,AUG25,2004,wi
4504089,"Borodavin, Maksim",EST,M,,,,1806,0,20,AUG25,1997,i
4520653,"Bostrov, Mihhail",EST,M,,,,1492,0,20,AUG25,2002,i
4528050,"Braschinsky, Alan",EST,M,,,,1926,0,40,AUG25,1996,
4522435,"Braschinsky, Alex",EST,M,,,,1599,0,20,AUG25,1995,
4508149,"Braschinsky, Mark",EST,M,,,,1852,0,20,AUG25,1976,
4508157,"Braschinsky, Ralf",EST,M,,,,1640,0,40,AUG25,2007,
4510631,"Braschinsky, Roland",EST,M,,,,1422,0,40,AUG25,2008,
4501098,"Brokko, Margit",EST,F,WFM,WFM,"LSI,IA",1947,0,20,AUG25,1973,w
4515846,"Buklov, Stepan",EST,M,,,,1509,0,40,AUG25,2009,i
4520815,"Bulanov, Ilia",EST,M,,,,1524,0,40,AUG25,2013,
4510984,"Burkova, Milde",EST,F,,,,1692,0,20,AUG25,1951,wi
4508599,"Bushujeva, Jelizaveta",EST,F,,,,1452,0,20,AUG25,2006,wi
4511727,"Butenko, Nikolai",EST,M,,,,1455,0,40,AUG25,2005,i
4523679,"Cervato, Marco",EST,M,,,,1622,0,20,AUG25,1987,i
449628,"Chapman, Benedict Anthony",EST,M,,,,1865,0,20,AUG25,1966,i
4521714,"Chelyshev, Jevgeni",EST,M,,,,1464,0,40,AUG25,1991,i
4513347,"Cherentsov, Mikhail",EST,M,,,,1972,0,40,AUG25,2009,
4519078,"Chernov, Iakov",EST,M,,,,1665,0,40,AUG25,2015,
4533127,"Chernov, Ilja",EST,M,,,,1432,0,40,AUG25,1986,
4522710,"Chernov, Ilya",EST,M,,,,1425,0,40,AUG25,1986,
4526805,"Choi, Kawany",EST,M,,,,1438,0,40,AUG25,1980,i
4524896,"Choudhary, Abhishek",EST,M,,,,1702,0,40,AUG25,1989,i
4503023,"Chukavin, Kirill",EST,M,FM,,,2348,0,10,AUG25,2002,
4528387,"Churikov, Andrei",EST,M,,,,1448,0,40,AUG25,1978,i
4525612,"Chyrva, Artur",EST,M,,,,1584,0,40,AUG25,2014,
4525620,"Chyrva, Yurii",EST,M,,,,1633,0,40,AUG25,2014,
4524861,"Cohen, Elad",EST,M,,,,1737,0,40,AUG25,1983,i
4514653,"Dadon, Eva",EST,F,,,,1437,0,40,AUG25,2010,wi
4508521,"Danilina, Diana",EST,F,,,,1470,0,20,AUG25,2006,wi
4524470,"Danilkin, Dmitri",EST,M,,,,1785,0,20,AUG25,1981,i
4526279,"Danilov, Nikita",EST,M,,,,1405,0,40,AUG25,2011,
4501012,"Danilov, Nikolai",EST,M,,,,2248,0,20,AUG25,1984,i
4524705,"Demidov, Vladislav",EST,M,,,,1651,0,40,AUG25,1983,
4511565,"Denikin, Boriss",EST,M,,,,1732,0,20,AUG25,1959,i
4504356,"Derevjanko, Dmitri",EST,M,,,,1765,0,20,AUG25,2002,i
4516702,"Desjatnikov, Svetoslav",EST,M,,,,1435,0,40,AUG25,2005,i
4505514,"Domuskanov, Ivan",EST,M,,,,1633,0,20,AUG25,1938,i
4511573,"Dotsenko, Maksim",EST,M,,,,1464,0,40,AUG25,2010,i
4502540,"Dragun, Valentin",EST,M,,,,2068,0,20,AUG25,1997,i
4519302,"Dubov, Vladislav",EST,M,,,,1701,0,20,AUG25,2003,
4501829,"Dubrovin, Robert",EST,M,,,,2195,18,20,AUG25,1986,
4510364,"Dudakov, Andrei",EST,M,,,,1668,0,40,AUG25,2008,
4512642,"Dukatsh, Ivan",EST,M,,,,1560,0,40,AUG25,2007,
4511360,"Dukov, Vladimir",EST,M,,,,1991,0,40,AUG25,2009,
4513959,"Dukova, Sofia",EST,F,,,,1423,0,40,AUG25,2011,w
4504283,"Dunajev, Nikolai",EST,M,,,,1742,0,20,AUG25,1935,
4501250,"Dusman, Alexander",EST,M,,,,2009,0,20,AUG25,1982,i
4526503,"Dzjuba, Anatoli",EST,M,,,,1802,0,40,AUG25,1958,i
4516710,"Dzjuba, Jegor",EST,M,,,,1874,0,20,AUG25,2006,
4512650,"East, Marek",EST,M,,,,1627,0,40,AUG25,2008,
4529677,"Ehandi, Rasmus",EST,M,,,,1627,0,40,AUG25,2010,
4511646,"Ehrlich, Sten-Andreas",EST,M,,,,1927,0,20,AUG25,1992,
4509544,"Eier, Eleri",EST,F,,,,1707,0,20,AUG25,1980,wi
4514408,"Einmann, Anette",EST,F,,,,1426,0,40,AUG25,2006,wi
4501730,"Elmaste, Gert",EST,M,,,,2044,0,20,AUG25,1971,
4509749,"Enkvist, Janis",EST,M,,,,1814,0,20,AUG25,1992,i
4511581,"Ennok, Heigo",EST,M,,,,1671,0,20,AUG25,1956,i
4514424,"Enok, Adam-Erki",EST,M,,,,1851,0,20,AUG25,1992,i
4519531,"Ereline, Tambet",EST,M,,,,1757,0,20,AUG25,1990,
34400591,"Eropkin, Pavel",EST,M,,,,1794,0,40,AUG25,1991,
4522001,"Ershov, Andrei",EST,M,,,,1451,0,40,AUG25,2010,
4522729,"Ervin, Andres",EST,M,,,,1783,0,20,AUG25,1989,i
4526376,"Filatov, Heino",EST,M,,,,1444,0,40,AUG25,1961,i
4512626,"Filimonov, Ilja",EST,M,,,,1702,0,20,AUG25,2001,i
4523822,"Filipchuk, Ihnat",EST,M,,,,1483,0,40,AUG25,2013,
4501233,"Firstov, Juri",EST,M,FM,,,2236,0,20,AUG25,1982,i
4500156,"Fomina, Tatyana",EST,F,WGM,WGM,,2092,0,20,AUG25,1954,wi
4508653,"Gaav, Arnold",EST,M,,,,1645,0,20,AUG25,1943,i
4501500,"Gabovits, Ilia",EST,M,,,,2084,0,20,AUG25,1995,
4109821,"Gansvind, Valeriya I.",EST,F,WFM,WFM,,1999,0,20,AUG25,1965,w
4507142,"Ganyukov, Aleksei",EST,M,,,,1613,0,20,AUG25,2004,i
4504950,"Garanin, Aleksei",EST,M,FM,,,2125,0,20,AUG25,2001,
4501322,"Garber, Vjatseslav",EST,M,,,,1823,0,20,AUG25,1936,
4524713,"Garbuz, Martin",EST,M,,,,1437,0,40,AUG25,1990,i
4512375,"Gasanbekov, Miroslav",EST,M,,,,1467,0,40,AUG25,2009,i
4517385,"Gasparella, Michael",EST,M,,,,1609,0,40,AUG25,2006,i
4510062,"Gawley, Devon-Nathaniel",EST,M,,,,1651,0,20,AUG25,1998,i
4519906,"Gilan, Daniel",EST,M,,,,1680,0,40,AUG25,2013,
4522389,"Giritsh, Lev",EST,M,,,,1401,0,40,AUG25,2000,i
4502361,"Gjulumjan, Artur",EST,M,,,,1853,0,40,AUG25,0,
4531965,"Glase, Markus",EST,M,,,,1736,0,40,AUG25,2008,
4516680,"Gludina, Alia",EST,F,,,,1472,0,40,AUG25,2012,w
4512979,"Golubkov, Rasmus",EST,M,,,,1449,0,40,AUG25,2007,i
4520688,"Gomez Kolar, Kennet Nikola",EST,M,,,,1469,0,40,AUG25,2007,
4501357,"Gomon, Dimitri",EST,M,,,,2103,0,40,AUG25,1985,i
4516214,"Gorkov, Kirill",EST,M,,,,2119,18,40,AUG25,2011,
4518942,"Gortshakov, Petr",EST,M,,,,1453,0,20,AUG25,2004,i
4511450,"Grents, Joosep",EST,M,,,,1664,0,20,AUG25,1992,i
4514696,"Gridin, Maksim",EST,M,,,,1699,0,40,AUG25,2011,
4518918,"Gridin, Mihail",EST,M,,,,1536,0,40,AUG25,2013,
4515587,"Grigorjev, Valeri",EST,M,,,,1885,0,20,AUG25,1952,i
4509552,"Gromov, Ragne",EST,F,,,,1523,0,20,AUG25,2003,wi
4504771,"Grosberg, Martin",EST,M,,,,1997,0,20,AUG25,1992,i
4509218,"Gross, Uku",EST,M,,,,1506,0,20,AUG25,2003,i
4523857,"Gryaznov, Anatoly",EST,M,,,,1501,0,20,AUG25,1951,i
4512510,"Gutmann, Christopher",EST,M,,,,1446,0,40,AUG25,2005,i
4517741,"Gvozdev, Artjom",EST,M,,,,1483,0,40,AUG25,2012,i
4503600,"Gysson, Jyrgen",EST,M,,,,1692,0,40,AUG25,2005,i
4505131,"Haabu, Aare",EST,M,,,,1681,4,20,AUG25,1950,
4531990,"Haamer, Robin",EST,M,,,,1468,0,40,AUG25,2005,
4534034,"Haapanen, Mikko",EST,M,,,,1512,7,40,AUG25,1966,
4512286,"Haapsal, Maria Ioanna",EST,F,WCM,WCM,,1923,27,40,AUG25,2009,w
4502973,"Haavamae, Henrik",EST,M,,,,1983,0,20,AUG25,1998,i
4530047,"Habarov, Daniel",EST,M,,,,1560,0,40,AUG25,2010,
4501764,"Haitin, Ilja",EST,M,FM,,,2257,0,20,AUG25,1988,
4514114,"Hajanen, Oliver",EST,M,,,,1534,0,40,AUG25,2008,
4523865,"Halistvee, Tambet",EST,M,,,,1471,0,40,AUG25,1984,
4518756,"Hani, Eke Elmer",EST,M,,,,1471,0,40,AUG25,2010,i
4506774,"Hannus, Lola",EST,F,,,,1569,0,40,AUG25,2007,wi
4514432,"Hansen, Joonas",EST,M,,,,1566,0,20,AUG25,1985,i
4514165,"Hansen, Juri",EST,M,,,,1816,0,20,AUG25,1956,
4525957,"Hansen, Tormi",EST,M,,,,1483,0,40,AUG25,2017,
4505620,"Hansson, Markus",EST,M,,NA,,AIM,2034,9,AUG25,2001,
4501411,"Hansumae, Jaan",EST,M,,,,1999,0,20,AUG25,1945,i
4501330,"Hanzatjan, Anaid",EST,F,,,,1913,0,20,AUG25,1995,wi
4501560,"Hanzatjan, Elvira",EST,F,,,,1839,0,20,AUG25,1995,wi
4524810,"Hecht, Jon",EST,M,,,,1868,0,40,AUG25,1989,i
4509404,"Hein, Christopher",EST,M,,,,1607,0,20,AUG25,2004,i
4503619,"Hein, Kalle",EST,M,,,,1794,0,20,AUG25,1948,i
4520939,"Heinapuu, Kaspar-Andreas",EST,M,,,,1807,0,20,AUG25,2002,i
4500962,"Heinmets, Tonu",EST,M,,,,1988,0,20,AUG25,1991,
4509285,"Hellat, Albert",EST,M,,,,1842,0,20,AUG25,1971,i
4501683,"Hermanson, Egon",EST,M,,,,1640,0,20,AUG25,1992,
4515269,"Hermlin, Yllar",EST,M,,,,1761,0,20,AUG25,1941,i
4526430,"Hiie, Hendry",EST,M,,,,1546,0,40,AUG25,2014,
4529138,"Hiiemae, Jaan",EST,M,,,,1572,0,40,AUG25,2012,
4526589,"Hiiemae, Riin",EST,F,,,,1433,0,40,AUG25,2012,w
4509757,"Hiiesalu, Taago",EST,M,,,,1910,0,20,AUG25,1977,
4504780,"Hinrikus, Toivo",EST,M,,,,1828,0,20,AUG25,0,i
4509374,"Hirvi, Katarina",EST,F,,,,1612,0,20,AUG25,2005,wi
4525981,"Holter, David",EST,M,,,,1623,0,40,AUG25,2011,
4502396,"Holvason, Juri",EST,M,,,,2204,0,20,AUG25,1992,i
4508505,"Hommik, Aivo",EST,M,,,,1938,0,20,AUG25,1964,
4529502,"Hook, Joosep",EST,M,,,,1619,0,40,AUG25,1992,
4530950,"Hotejenkov, Markus Kai",EST,M,,,,1429,0,40,AUG25,2014,
4510372,"Hudilainen, Mihhail",EST,M,,,,1494,0,40,AUG25,2008,i
4503627,"Iher, Mirjam",EST,F,,,,1651,0,20,AUG25,1996,wi
4529103,"Ihermann, Andres",EST,M,,,,1643,8,40,AUG25,1958,
4519230,"Ilin, Anton",EST,M,,,,1529,0,40,AUG25,2008,i
4505140,"Iljitshov, Vladimir",EST,M,,,,2047,0,20,AUG25,1940,i
4501624,"Ilves, Juri",EST,M,,,,1751,0,20,AUG25,1938,i
4504070,"Innos, Jyrgen",EST,M,,,,2026,0,20,AUG25,1976,i
4511590,"Ioganson, Oleg",EST,M,,,,1740,0,20,AUG25,1972,i
4528573,"Ionashku, Anneli",EST,F,,,,1495,0,40,AUG25,2012,w
4521641,"Ispanov, Natig",EST,M,,,,1770,0,20,AUG25,1979,
4520084,"Istratova, Nika",EST,F,,,,1564,0,40,AUG25,2013,w
4518101,"Ivanov, Aleksandr",EST,M,,,,1753,0,20,AUG25,1984,i
4515706,"Ivanov, Dmitri",EST,M,,,,1699,0,20,AUG25,1996,i
4514700,"Ivanov, Jaroslav",EST,M,,,,1528,0,40,AUG25,2010,i
4502612,"Ivanov, Platon-Jaan",EST,M,,,,1985,0,20,AUG25,2000,i
4503210,"Ivanov, Stepan EST",EST,M,,,,1781,0,20,AUG25,1952,i
4509021,"Ivanova, Ksenja",EST,F,,,,1434,0,40,AUG25,2007,wi
4506480,"Ivanova, Lidia",EST,F,,,,1722,0,20,AUG25,1999,wi
4526511,"Jaanimaee, Joe",EST,M,,,,1764,0,40,AUG25,1975,i
4519922,"Jaaniste, Gerret",EST,M,,,,1768,5,40,AUG25,2012,
4505662,"Jaansoo, Margus",EST,M,,,,1633,0,20,AUG25,1998,i
4522753,"Jaent, Laur Jakob",EST,M,,,,1583,0,40,AUG25,2011,
4519540,"Jagomagi, Jarek",EST,M,,,,1479,0,40,AUG25,2010,i
4523687,"Jajoo, Vandesh",EST,M,,,,1674,0,20,AUG25,1990,i
4522761,"Jakapi, Roomet",EST,M,,,,1746,0,20,AUG25,1973,i
4506251,"Jakimenko, Aleksandr",EST,M,,,,1940,0,20,AUG25,1942,i
4503635,"Jakobi, Arnold",EST,M,,,,1716,0,20,AUG25,1934,i
4519809,"Jakobson, Merten",EST,M,,,,1464,0,40,AUG25,2010,i
4506340,"Jakobson, Silver",EST,M,,,,1933,0,20,AUG25,0,
4504313,"Jaksin, Aleksandr",EST,M,,,,1612,0,20,AUG25,1948,i
4522222,"Jankowsky, Peter",EST,M,,,,1468,0,40,AUG25,2015,
4522044,"Jarvelaid, Tonu",EST,M,,,,1509,0,40,AUG25,1945,i
4518110,"Jarveots, Mihkel",EST,M,,,,1758,0,20,AUG25,1992,i
4505158,"Jarvet, Juri",EST,M,,,,1866,10,20,AUG25,1955,
4525647,"Jarvik, Olle",EST,M,,,,1490,0,40,AUG25,2013,
4524225,"Jevglevski, Lev",EST,M,,,,1911,11,40,AUG25,2017,
4502078,"Jezov, Roman",EST,M,FM,,,2207,0,20,AUG25,1990,i
4523962,"Joamets, Aivo",EST,M,,,,1656,0,20,AUG25,1960,i
4503643,"Joenurm, Kalju",EST,M,,,,1704,0,20,AUG25,1938,i
4508602,"Joerand, Jenna",EST,F,,,,1476,0,20,AUG25,2004,wi
4532317,"Joesalu, Henrik",EST,M,,,,1609,0,40,AUG25,2001,
4509412,"Jogi, Henry",EST,M,,,,1909,0,40,AUG25,2007,
4508220,"Juhkam, Andri",EST,M,,,,1605,0,20,AUG25,2004,i
4505263,"Juhtund, Margus",EST,M,,,,1714,0,20,AUG25,0,i
4527534,"Jurgenson, Andres",EST,M,,,,1734,0,40,AUG25,1982,i
4521617,"Jurgenson, Argo",EST,M,,,,1833,0,20,AUG25,1973,i
4519019,"Juris, Aivo",EST,M,,,,1402,0,20,AUG25,2003,i
4528077,"Jurisoo, Martin",EST,M,,,,1585,0,40,AUG25,1982,i
4516869,"Jurjo, Holger",EST,M,,,,1740,0,20,AUG25,2004,
4504100,"Jurtov, Aleksei",EST,M,,,,1848,0,20,AUG25,1997,i
4522354,"Jushkov, Aleksander",EST,M,,,,1700,0,20,AUG25,1996,i
4525477,"Kaal, Karl Villem",EST,M,,,,1548,0,40,AUG25,2007,
4511689,"Kaarmann, Karel",EST,M,,,,1591,0,20,AUG25,1983,
4510127,"Kaasik, Jan",EST,M,,,,1464,0,20,AUG25,2001,i
4520408,"Kabanov, Marius",EST,M,,,,1411,0,40,AUG25,2012,i
4523970,"Kadai, Tanel",EST,M,,,,1818,0,20,AUG25,1967,
4524950,"Kadatski, Daniel",EST,M,,,,1449,0,40,AUG25,2000,i
4522320,"Kaev, Markus",EST,M,,,,1509,0,40,AUG25,2007,i
4516605,"Kahrik, Maarja",EST,F,,,,1519,0,40,AUG25,2006,wi
4522265,"Kahro, Henri",EST,M,,,,1475,0,40,AUG25,2012,
4526481,"Kaidja, Margus",EST,M,,,,1555,0,20,AUG25,1979,
4514459,"Kais, Kaarel",EST,M,,,,1748,18,20,AUG25,1974,
4518241,"Kais, Kristofer",EST,M,,,,1902,19,40,AUG25,2014,
4512677,"Kala, Carlos",EST,M,,,,1408,0,40,AUG25,2008,i
4505743,"Kaldmaa, Janis",EST,M,,,,1594,0,40,AUG25,2008,i
4526023,"Kaldoja, Frederik",EST,M,,,,1440,0,40,AUG25,2013,
4515641,"Kaletin, Artjom",EST,M,,,,1435,0,40,AUG25,2009,i
4528581,"Kalevik, Kaur",EST,M,,,,1514,0,20,AUG25,2006,
4510402,"Kalju, Edvard",EST,M,,,,1507,0,20,AUG25,2004,i
4508661,"Kaljus, Raigo",EST,M,,,,1771,0,20,AUG25,1978,i
4525728,"Kallas, Allan",EST,M,,,,1504,0,40,AUG25,1989,i
4507347,"Kallas, Martin",EST,M,,,,1801,0,20,AUG25,1968,i
4515099,"Kallo, Kaur",EST,M,,,,1541,0,40,AUG25,2007,i
4520483,"Kalm, Simon",EST,M,,,,1456,0,40,AUG25,2012,
4505280,"Kalvet, Tonu",EST,M,,,,1644,0,20,AUG25,1970,
4506170,"Kalvik, Taavi",EST,M,,,,1865,6,20,AUG25,1989,
4514076,"Kamp, Laura",EST,F,,,,1401,0,40,AUG25,2010,wi
4501047,"Kanep, Meelis",EST,M,GM,,,2288,28,10,AUG25,1983,
4501691,"Kanep, Siim",EST,M,,,,2248,0,20,AUG25,1984,
4507932,"Kang, Paul",EST,M,,,,1733,0,20,AUG25,2005,i
4520416,"Kanger, Saskia Lee",EST,F,,,,1524,0,40,AUG25,2014,w
4500482,"Kangur, Alar",EST,M,,,,2190,0,20,AUG25,1974,i
4525825,"Kangur, Artur",EST,M,,,,1416,0,40,AUG25,2015,
4523580,"Kannike, Kenn-Eerik",EST,M,,,,1546,0,20,AUG25,1993,i
4524489,"Kannike, Leino",EST,M,,,,1627,0,20,AUG25,1955,i
4518217,"Kao, Kermo",EST,M,,,,1780,0,40,AUG25,2009,i
4504690,"Karba, Andres",EST,M,,NI,,1943,0,20,AUG25,1980,
4512294,"Karba, Karoliina",EST,F,,,,1491,0,40,AUG25,2010,w
4509528,"Karba, Kertu",EST,F,,NA,,1595,0,40,AUG25,2009,w
4510763,"Karis, Fredi",EST,M,,,,1820,18,40,AUG25,2009,
4501128,"Karjakin, Sergei",EST,M,,,,2019,0,20,AUG25,1964,
4507720,"Karmiste, Mikk",EST,M,,,,1529,0,20,AUG25,2004,i
4515560,"Karner, Karl",EST,M,,,,1570,0,20,AUG25,1949,i
4515102,"Karner, Kert",EST,M,,,,1481,0,40,AUG25,2007,
4517326,"Karp, Lauri",EST,M,,,,1630,0,20,AUG25,1990,i
4501705,"Kasak, Martin",EST,M,,,,1540,0,20,AUG25,1992,i
4518322,"Kasak, Roman",EST,M,,,,1627,0,20,AUG25,1997,i
4513002,"Kasak, Tarmo",EST,M,,,,1453,0,20,AUG25,2000,i
4521080,"Kasatkin, Konstantin",EST,M,,,,1421,0,40,AUG25,2013,
4525655,"Kase, Joosep",EST,M,,,,1447,0,40,AUG25,2011,
4502663,"Kasela, Sten",EST,M,,,,2118,0,20,AUG25,1990,
4511484,"Kask, Ragnar",EST,M,,,,1764,0,20,AUG25,1980,i
4523997,"Kaskmaa, Greg",EST,M,,,,1470,0,40,AUG25,2015,
4518462,"Kasper, Henri",EST,M,,,,1987,0,20,AUG25,1972,i
4518500,"Kasper, Richard",EST,M,,,,1552,0,40,AUG25,2006,i
4502221,"Kass, Viktor",EST,M,,,,1831,0,20,AUG25,1945,i
4519574,"Kaufmann, Andero Albert",EST,M,,,,1414,0,40,AUG25,2011,
4522095,"Kauge, Aivar",EST,M,,,,1742,0,20,AUG25,1955,i
4511603,"Kelder, Hendrek",EST,M,,,,1809,0,20,AUG25,1966,i
4522702,"Kemenev, Oleg",EST,M,,,,1436,0,20,AUG25,1996,i
4524829,"Kendla, Ronald",EST,M,,,,1520,0,40,AUG25,1994,i
4504143,"Kerem, Karolin",EST,F,,,,1688,0,20,AUG25,2003,wi
4502787,"Kert, Andres",EST,M,,,,1531,0,20,AUG25,0,i
4501225,"Keskel, Marko",EST,M,,,,1929,0,20,AUG25,1981,i
4533909,"Keskula, Rait Mart",EST,M,,,,1484,8,40,AUG25,2010,
4517601,"Kharkhan, Igor",EST,M,,,,1654,0,40,AUG25,2012,
4526600,"Kibe, Hanna-Liisa",EST,F,,,,1415,0,40,AUG25,2011,w
4527615,"Kibe, Marten",EST,M,,,,1660,17,40,AUG25,2014,
4509420,"Kidron, Alfred",EST,M,,,,1456,0,40,AUG25,2007,i
4522770,"Kiens, Ott",EST,M,,,,1748,0,20,AUG25,1987,i
4509765,"Kiik, Andrus",EST,M,,,,1810,0,20,AUG25,1962,i
4500075,"Kiik, Kalle",EST,M,IM,,,2253,0,20,AUG25,1963,
4512855,"Kiisk, Heino",EST,M,,,,1605,0,20,AUG25,1943,i
4518080,"Kikas, Olari",EST,M,,,,1531,0,20,AUG25,2001,
4528190,"Kikkas, Aleksander",EST,M,,,,1547,0,40,AUG25,1977,i
4517393,"Kikkas, Daniel",EST,M,,,,1764,0,40,AUG25,2007,
4510976,"Kilumets, Rain",EST,M,,,,1860,0,20,AUG25,1968,i
4511379,"Kimlaychuk, Artjom",EST,M,,,,1468,0,40,AUG25,2008,i
4511611,"Kipso, Agu",EST,M,,,,2017,0,20,AUG25,1977,
4522788,"Kirillov, Evgeniy",EST,M,,,,1683,0,20,AUG25,1978,
4522010,"Kiritshenko, Platon",EST,M,,,,1778,8,40,AUG25,2016,
4522796,"Kirsip, Taavi",EST,M,,,,1452,0,40,AUG25,1991,i
4509439,"Kivi, Akira",EST,M,,,,1454,0,40,AUG25,2008,i
4500385,"Kivioja, Endel",EST,M,,,,2117,0,20,AUG25,0,
4512138,"Kobin, Ain",EST,M,,,,1652,0,20,AUG25,1958,i
4506359,"Koemets, Aivar",EST,M,,,,1834,0,20,AUG25,0,i
4503694,"Kohtla, Roland",EST,M,,,,1677,0,20,AUG25,1951,i
4503708,"Koiv, Tiit",EST,M,,,,1736,0,20,AUG25,0,i
4518250,"Kojus, Lukas",EST,M,,,,1478,0,40,AUG25,2013,
4510674,"Kokk, Karl Mattias",EST,M,,,,1885,8,40,AUG25,2007,
4508572,"Kolar, Johan-Eerik",EST,M,,,,1758,0,20,AUG25,1994,
4508955,"Kolar, Karl-Ustav",EST,M,,NA,,1707,0,20,AUG25,2004,
4513037,"Kolbin, Helena",EST,F,,,,1405,0,40,AUG25,2008,w
4500806,"Kolk, Marek",EST,M,,,,2007,0,20,AUG25,1978,i
4507355,"Kolk, Marko",EST,M,,,,1812,0,20,AUG25,1968,i
4506413,"Koloshkova, Valeria",EST,F,,,,1542,0,20,AUG25,2002,wi
4517296,"Komisarenko, Vjatseslav",EST,M,,,,1608,0,20,AUG25,1995,i
4503716,"Komlev, Heino",EST,M,,,,1742,0,20,AUG25,1942,i
4513290,"Kompus, Karl Erik",EST,M,,,,1407,0,40,AUG25,2009,i
4527542,"Konovalik, Maksim",EST,M,,,,1716,0,40,AUG25,1989,i
4500644,"Koop, Vyacheslav",EST,M,,,,2121,0,20,AUG25,1979,
4509595,"Koosel, Hans-Georg",EST,M,,,,1874,0,40,AUG25,2010,
4514939,"Koppe, Jaan",EST,M,,,,1869,0,20,AUG25,1966,i
4518136,"Koppe, Paul",EST,M,,,,1521,0,20,AUG25,1989,i
4507860,"Koppel, Enn",EST,M,,,,1845,0,20,AUG25,1941,i
4532597,"Koppel, Mattias",EST,M,,,,1557,0,40,AUG25,2009,
4519752,"Koppel, Siim",EST,M,,,,1703,0,20,AUG25,1988,i
4500130,"Korban, Katrina",EST,F,,,,1905,0,20,AUG25,1997,wi
4500725,"Korchagin, Oleg",EST,M,,FT,,1971,0,20,AUG25,1965,
4502310,"Korge, Kersti",EST,F,,,,1825,0,20,AUG25,1966,wi
4520149,"Korge, Ular",EST,M,,,,1808,0,20,AUG25,1962,i
4519760,"Korjus, Kristjan",EST,M,,,,1463,0,20,AUG25,1985,i
4525906,"Kornel, Anris",EST,M,,,,1454,0,40,AUG25,2009,i
4522028,"Kornilov, Adrian",EST,M,,,,1834,0,40,AUG25,2013,
4523830,"Koroljov, Dmitri",EST,M,,,,1549,0,40,AUG25,2014,
4503511,"Korotkova, Anna",EST,F,,,,1604,0,20,AUG25,2002,wi
4501055,"Korstin, Maris",EST,M,,,,2152,0,20,AUG25,1981,i
4516206,"Korstin, Marta",EST,F,,,,1457,0,40,AUG25,2012,w
4518403,"Kosinski, Marek",EST,M,,,,1602,0,40,AUG25,2006,i
4504437,"Kosohh, Kirill",EST,M,,,,1756,0,20,AUG25,2003,i
4522516,"Kostev, Anton",EST,M,,,,1552,0,20,AUG25,1999,i
4507525,"Kostrov, Anatoli",EST,M,,,,1891,0,20,AUG25,1941,i
4503481,"Kosykh, Kirill",EST,M,,,,1722,0,20,AUG25,2003,i
4527020,"Kotyakhov, Andrei",EST,M,,,,1612,0,40,AUG25,2008,
4500814,"Kovaljov, Denis",EST,M,,,,2210,0,20,AUG25,1981,i
4501756,"Kozlov, Sergei",EST,M,,,,1862,0,20,AUG25,1991,i
4511794,"Kozlov, Valeri",EST,M,,,,1475,0,20,AUG25,2006,i
4503740,"Kraavi, Hannes",EST,M,,,,1652,0,20,AUG25,0,i
4516877,"Kraini, Juri",EST,M,,,,1809,0,20,AUG25,1987,i
4513614,"Krehhov, Valentin",EST,M,,,,1578,0,20,AUG25,1954,i
4533801,"Kreitsman, Vadim",EST,M,,,,1424,0,40,AUG25,1967,
4518144,"Krekhov, Arsenii",EST,M,,,,1737,0,20,AUG25,1981,i
4508378,"Krivenko, Dion",EST,M,FM,,,2197,0,20,AUG25,2005,
4515021,"Krivenko, Jaromir",EST,M,,,,1414,0,40,AUG25,2013,i
4509870,"Krivitskaja, Anastassia",EST,F,,,,1468,0,20,AUG25,2003,wi
4512146,"Krivonogov, Kristo",EST,M,,,,1515,0,40,AUG25,2008,i
4501101,"Krupenski, Juri",EST,M,IM,,,2302,0,10,AUG25,1982,
4521250,"Krushevskaja, Anna",EST,F,,,,1415,0,20,AUG25,1978,w
4513622,"Kruusa, Rein",EST,M,,,,1695,0,20,AUG25,1958,i
4501810,"Kruusiauk, Heda",EST,F,,,,AFM,1703,0,AUG25,1949,w
4527330,"Kruusmann, Kalle",EST,M,,,,1492,0,40,AUG25,1978,i
4532333,"Kubo, Peeter-Erik",EST,M,,,,1678,0,40,AUG25,1938,
4517407,"Kuddi, Johannes Peeter",EST,M,,,,1519,0,40,AUG25,2006,i
4521625,"Kudrin, Gleb",EST,M,,,,1488,0,20,AUG25,2001,i
4512693,"Kuelvet, Kutt Kaarel",EST,M,,,,1540,0,40,AUG25,2008,i
4514173,"Kuhi, Hillar",EST,M,,,,1652,0,20,AUG25,1950,i
4520165,"Kukk, Kirke",EST,F,,,,1424,0,40,AUG25,2008,wi
4503317,"Kukk, Raul",EST,M,,,,2121,0,20,AUG25,1964,i
4502094,"Kukk, Sander",EST,M,,,,2192,0,20,AUG25,1987,
4522303,"Kulakovs, Nikita",EST,M,,,,1508,0,40,AUG25,2009,i
4511620,"Kulaots, Aare",EST,M,,,,1685,0,20,AUG25,1952,i
4500261,"Kulaots, Kaido",EST,M,GM,,,2482,18,10,AUG25,1976,
4506154,"Kuld, Villu",EST,M,,,,1838,9,20,AUG25,1943,
4502248,"Kuldkepp, Meelis",EST,M,,NA,,1902,0,20,AUG25,1982,i
4506537,"Kuldmaa, Tanel",EST,M,,,,1640,0,20,AUG25,2002,i
4500628,"Kuldsepp, Tanel",EST,M,,,,1836,0,20,AUG25,1972,i
4519027,"Kull, Priidu",EST,M,,,,1778,0,20,AUG25,1984,i
4510151,"Kull, Tormi",EST,M,CM,,,2125,0,20,AUG25,2006,
4518950,"Kumar, Karl-Joseph",EST,M,,,,1504,0,20,AUG25,1996,i
4512588,"Kund, Andres",EST,M,,,,1683,0,20,AUG25,1963,i
4514793,"Kuppart, Kristian",EST,M,,,,1560,0,20,AUG25,1991,i
4521463,"Kurasin, Dominic",EST,M,,,,1433,0,40,AUG25,2006,i
4532490,"Kurisoo, Valter-Friedrich",EST,M,,,,1482,0,40,AUG25,1977,
4517083,"Kurs, Karl Markus",EST,M,,,,1653,0,20,AUG25,2003,i
4517008,"Kushnir, Roman",EST,M,,,,1770,0,20,AUG25,1983,i
4521722,"Kushvid, Joosep",EST,M,,,,1567,0,20,AUG25,1992,i
4514467,"Kutt, Sulev",EST,M,,,,1751,0,20,AUG25,1950,
4506367,"Kuusik, Juri",EST,M,,,,1839,0,20,AUG25,1976,
4501675,"Kuusk, Andres",EST,M,,,,2033,0,20,AUG25,1981,i
4502051,"Kuusk, Indrek",EST,M,,,,2231,0,20,AUG25,1981,i
4521790,"Kuzmin, Ivan",EST,M,,,,1751,0,20,AUG25,1987,
4512308,"Kuzmina, Oleksandra",EST,F,,,,1577,0,40,AUG25,2009,w
4523024,"Kuznecov, Aleksei",EST,M,,,,1435,0,40,AUG25,2008,i
4525400,"Kuznetsov, Erik",EST,M,,,,1548,0,40,AUG25,2011,
4506421,"Kuznetsova, Valeria",EST,F,,,,1531,0,20,AUG25,2005,wi
4524721,"Kuzovkin, Aleksei",EST,M,,,,1717,0,40,AUG25,2007,
4502256,"Kyrge, Ylar",EST,M,,,,1872,0,20,AUG25,1962,i
4507266,"Laanela, Joosep",EST,M,,,,1450,0,40,AUG25,2005,i
4512863,"Laanela, Tarmo",EST,M,,,,1818,0,20,AUG25,1977,i
4505670,"Laanemets, Emil",EST,M,,,,1594,0,20,AUG25,2004,i
4525973,"Laaneoks, Madis",EST,M,,,,1434,0,40,AUG25,2008,i
4512278,"Laasma, Vlad",EST,M,,,,1584,0,40,AUG25,2006,i
4517512,"Laaspere, Leino",EST,M,,,,1529,0,20,AUG25,1958,i
4500024,"Ladva, Ottomar",EST,M,GM,,,2426,0,10,AUG25,1997,
4517415,"Laeks, Loore",EST,F,,,,1473,0,40,AUG25,2007,wi
4513630,"Laeks, Taavi",EST,M,,,,1599,0,20,AUG25,1980,i
4527275,"Laetti, Johannes",EST,M,,,,1417,0,40,AUG25,2008,i
4518691,"Lagoda, Linda-Alisia",EST,F,,,,1665,0,40,AUG25,2012,w
4506375,"Laigna, Marko",EST,M,,,,1881,0,20,AUG25,1978,
4512162,"Lain, Airos",EST,M,,,,1500,0,20,AUG25,1983,i
4511077,"Lain, Sander",EST,M,,,,2022,18,40,AUG25,2008,
4519191,"Laineste, Ats Joosep",EST,M,,,,1469,0,40,AUG25,2009,i
4511638,"Lainevool, Mirko",EST,M,,,,1847,0,20,AUG25,2003,
4509617,"Laiv, Raimond",EST,M,,,,1575,0,40,AUG25,2006,i
4517806,"Laks, Karin",EST,F,,,,1420,0,40,AUG25,2010,w
4510054,"Lambing, Margus",EST,M,,,,1597,0,20,AUG25,2002,i
4502299,"Lapidus, Mark",EST,M,,,,2296,0,20,AUG25,1995,i
4506065,"Larin, Anton",EST,M,,,,1937,0,20,AUG25,1988,
4527356,"Latyshev, Aleksandr",EST,M,,,,1740,0,20,AUG25,1976,
4500334,"Lauk, Ular",EST,M,IM,,,2282,0,20,AUG25,1968,i
4520025,"Laur, Mark",EST,M,,,,1469,0,40,AUG25,2013,
4509137,"Laur, Valdis",EST,M,,,,1473,4,40,AUG25,1963,
4524292,"Laurand, Matthias",EST,M,,,,1487,0,40,AUG25,2005,i
4509854,"Lazojev, Mark",EST,M,,,,1522,0,20,AUG25,2006,
4530780,"Lebedev, Risto",EST,M,,,,1700,0,40,AUG25,2010,
4509099,"Leede, Gutnar",EST,M,,,,1798,0,20,AUG25,1994,i
4508114,"Leeduks, Raul",EST,M,,,,1519,3,20,AUG25,1958,
4526260,"Leesik, Viktor",EST,M,,,,1403,0,20,AUG25,1966,
4510577,"Lehes, Erik Johannes",EST,M,,NA,,1814,0,40,AUG25,2007,
4515404,"Lehes, Leho",EST,M,,,,1539,0,20,AUG25,1979,i
4510640,"Lehes, Ott Oskar",EST,M,,,,1517,0,40,AUG25,2010,i
4501080,"Lehiste, Margus",EST,M,CM,,,2113,0,20,AUG25,1982,i
4520840,"Leht, Karl Samuel",EST,M,,,,1822,9,40,AUG25,2013,
4517539,"Leht, Karl-Eerik",EST,M,,,,1494,0,40,AUG25,2007,i
4515145,"Leito, Erik",EST,M,,,,1461,0,40,AUG25,2008,i
4500873,"Lelumees, Brait",EST,M,,,,2127,0,20,AUG25,1981,
4510208,"Leontjeva, Aleksandra",EST,F,,,,1413,0,40,AUG25,2008,wi
4530616,"Lepik, Ava",EST,F,,,,1571,0,40,AUG25,1975,w
4521110,"Lepik, Ringo",EST,M,,,,1501,0,20,AUG25,1985,i
4529200,"Leping, Kristjan-Olari",EST,M,,,,1452,8,40,AUG25,1980,
4507533,"Leshtshenko, Evi",EST,F,,,,1819,0,20,AUG25,1936,wi
4509145,"Leuska, Ester",EST,F,,,,1693,0,20,AUG25,1977,w
4508548,"Levchenko, Marina",EST,F,,,,1913,9,40,AUG25,2007,w
4503090,"Liebert, Erwin",EST,M,,,,1888,0,20,AUG25,1999,i
4509242,"Liebert, Robin",EST,M,,,,1557,0,20,AUG25,2000,
4512006,"Liebert, Teodor",EST,M,,,,1421,0,40,AUG25,2008,i
4505727,"Liiv, Karoliina",EST,F,,,,1446,0,20,AUG25,2005,wi
4504666,"Liiv, Kristiina",EST,F,,,,1696,0,20,AUG25,2003,wi
4504763,"Liiva, Ants",EST,M,,,,1609,0,20,AUG25,1942,i
4500300,"Liiva, Riho",EST,M,IM,,,2440,0,10,AUG25,1975,i
4513649,"Liivak, Sander",EST,M,,,,1455,0,20,AUG25,1972,
4519744,"Liivamagi, Peeter",EST,M,,,,1539,0,40,AUG25,2010,
4501241,"Liivamets, Uku",EST,M,,,,2041,0,20,AUG25,0,i
4523300,"Lill, Madis",EST,M,,,,1463,0,40,AUG25,2013,
4504844,"Lille, Glen",EST,M,,,,1693,0,20,AUG25,2000,i
4515471,"Lillend, Fredi",EST,M,,,,1455,0,40,AUG25,2008,i
4524233,"Lillend, Otto",EST,M,,,,1466,0,40,AUG25,2015,
4517547,"Lilleorg, Tonu",EST,M,,,,1571,0,40,AUG25,1975,
4519353,"Lillepruun, Aleksander",EST,M,,,,1547,0,40,AUG25,2011,i
4522800,"Lind, Lauri",EST,M,,,,1542,0,20,AUG25,1998,i
4513843,"Lindsaar, Oliver",EST,M,,,,1504,0,40,AUG25,2005,
4509455,"Link, Kristjan",EST,M,,,,1452,0,20,AUG25,2004,i
4517300,"Linnamagi, Rafael",EST,M,,,,1577,0,40,AUG25,2013,
4527364,"Linno, Marc",EST,M,,,,1569,0,40,AUG25,2007,i
4504526,"Linroos, Monika",EST,F,,,,1659,0,20,AUG25,1944,wi
4512413,"Liubchenko, Lev",EST,M,,,,1435,0,40,AUG25,2009,i
4512596,"Liubchenko, Sergei",EST,M,,,,1688,0,20,AUG25,1984,i
4512219,"Logun, Aleksei",EST,M,,,,1893,5,20,AUG25,1985,
4506545,"Lohmus, Kristofer",EST,M,,,,1664,0,20,AUG25,1998,i
4521650,"Lohmus, Patric",EST,M,,,,1525,0,20,AUG25,1999,i
4500245,"Lokotar, Erkki",EST,M,,,,2177,0,20,AUG25,1971,
4518152,"Lomp, Erki",EST,M,,,,1581,0,20,AUG25,1994,i
4504925,"Lomp, Jaan",EST,M,,,,1412,0,20,AUG25,1969,
4520700,"Loopere, Katarina",EST,M,,,,1404,0,40,AUG25,2005,i
4518969,"Loorand, Martin",EST,M,,,,1447,0,40,AUG25,2008,
4526295,"Losek, Artem",EST,M,,,,1552,0,40,AUG25,2013,
4504704,"Lott, Toomas",EST,M,,,,1957,0,20,AUG25,1979,i
4521692,"Luhaaar, Aare",EST,M,,,,1523,0,20,AUG25,2002,i
4530802,"Luhaaar, Janek",EST,M,,,,1507,0,40,AUG25,1973,
4507878,"Luik, Ott-Robert",EST,M,,,,1627,0,20,AUG25,2006,i
4532554,"Lujan, Marc",EST,M,,,,1608,0,40,AUG25,1997,
4511344,"Lumi, Wilhelm",EST,M,,,,1457,0,20,AUG25,2006,
4503295,"Lumiste, Rene",EST,M,,,,2170,0,20,AUG25,1999,i
4527232,"Lumiste, Taavo",EST,M,,,,1850,0,20,AUG25,1977,
4511239,"Luts, Jakob",EST,M,,,,1472,0,20,AUG25,2006,i
4509773,"Luure, Annika",EST,F,,,,1593,0,40,AUG25,1988,wi
4523695,"Maalman, Berk Jordan",EST,M,,,,1426,0,40,AUG25,2007,i
4510321,"Maapalu, Ralf",EST,M,,,,1739,0,40,AUG25,2008,
4504178,"Maasik, Liisa",EST,F,,,,1708,0,20,AUG25,1998,wi
4519043,"Maaten, Britta",EST,F,,,,1518,0,40,AUG25,2010,w
4526899,"Madisson, Kaarel",EST,M,,,,1707,0,40,AUG25,2006,i
4527372,"Maeots, Jakob",EST,M,,,,1618,0,40,AUG25,2001,i
4531620,"Maepold, Markus",EST,M,,,,1475,0,40,AUG25,2011,
4508858,"Maesalu, Oliver",EST,M,,,,1529,0,40,AUG25,2009,i
4528379,"Magi, Georg Ain",EST,M,,,,1408,0,40,AUG25,2016,
4517857,"Magi, Kalju",EST,M,,,,1815,0,20,AUG25,1955,i
4519361,"Magi, Ramon",EST,M,,,,1833,17,40,AUG25,2011,
4527879,"Maidessoo, Marten",EST,M,,,,1629,18,40,AUG25,2013,
4500296,"Maidla, Vallo",EST,M,IM,,,2251,18,10,AUG25,1970,
4503406,"Maido, Erki",EST,M,,,,1901,0,20,AUG25,1994,i
4507088,"Makarov, Gleb",EST,M,,,,1612,0,20,AUG25,2005,i
4502124,"Makarova, Kermen",EST,F,,,,1900,0,20,AUG25,1992,wi
4502329,"Makarova, Natalja",EST,F,,,,1864,0,20,AUG25,1992,wi
4503112,"Makin, Kirill",EST,M,,,,2092,0,20,AUG25,1985,i
4505328,"Makko, Matti",EST,M,,,,1885,0,20,AUG25,1951,i
4520866,"Maksimenko, Vitalina",EST,F,,,,1485,0,40,AUG25,2014,w
4528212,"Malberg, Marelle",EST,F,,,,1432,0,40,AUG25,2011,w
4502833,"Mand, Kalev",EST,M,,,,1702,8,20,AUG25,1992,
4504291,"Mandmets, Rein",EST,M,,,,1912,0,20,AUG25,1963,i
4518721,"Mandoja, Madar",EST,F,,,,1416,0,40,AUG25,2010,wi
4516346,"Mandoja, Martin",EST,M,,,,1505,0,40,AUG25,2008,i
4524160,"Mannik, Tanel",EST,M,,,,1618,0,40,AUG25,2007,i
4520173,"Maripuu, Karl",EST,M,,,,1431,0,40,AUG25,2011,
4522052,"Markov, Vladimir",EST,M,,,,1653,0,20,AUG25,1947,i
4517091,"Martirosian, David",EST,M,,,,1461,0,40,AUG25,2012,i
4510348,"Martirosian, Tigran",EST,M,,,,1638,0,40,AUG25,2010,
4521560,"Marton, Artur",EST,M,,,,1409,0,20,AUG25,1996,
4518926,"Mashkov, Sergei",EST,M,,,,1852,0,20,AUG25,1983,i
4507177,"Maslov, Dmitri",EST,M,,,,1525,0,20,AUG25,2004,i
4506294,"Matvejev, Nikolai",EST,M,,,,1731,0,20,AUG25,1997,i
4515790,"Mazajev, Ilja",EST,M,,,,1409,0,40,AUG25,2011,
4509463,"Maznitsa, Leonid",EST,M,,,,1747,0,20,AUG25,2001,i
4501870,"Medar, Marti",EST,M,,,,AIM,2089,0,AUG25,1996,i
4502957,"Mednikov, Aleksandr",EST,M,,,,1927,0,20,AUG25,1997,i
4526449,"Meerits, Keitren",EST,F,,,,1401,0,40,AUG25,2013,w
4532350,"Mehtijev, Amir",EST,M,,,,1539,0,40,AUG25,2009,
4509331,"Meidla, Lauri",EST,M,,,,1774,0,20,AUG25,1980,i
4518365,"Meidra, Markus Harald",EST,M,,,,1479,0,40,AUG25,2009,
4508831,"Merilai, Arne",EST,M,,,,1665,0,20,AUG25,1961,i
4524969,"Meriste, Udo",EST,M,,,,1565,0,40,AUG25,1942,i
4522540,"Merivee, Romet-Renee",EST,M,,,,2013,29,40,AUG25,2010,
4512421,"Mertins, Ostap",EST,M,,,,1876,0,40,AUG25,2009,
4513657,"Metsala, Heiki",EST,M,,,,1879,0,20,AUG25,1961,i
4502302,"Metsalu, Tauno",EST,M,,,,2081,0,20,AUG25,1986,
4532368,"Metsaorg, Georg Oliver",EST,M,,,,1570,0,40,AUG25,2005,
4505751,"Metsoja, Vello",EST,M,,,,1917,0,20,AUG25,1937,i
4510470,"Mihhailov, Artur",EST,M,,,,1546,0,40,AUG25,2007,i
4510607,"Mihhailov, Nikita",EST,M,,,,1486,0,20,AUG25,2003,i
4525736,"Mihhailov, Nikita",EST,M,,,,1429,0,40,AUG25,2009,i
4520874,"Mihhaltsenkov, Viktor",EST,M,,,,1405,0,40,AUG25,2015,
4509633,"Mikko, Rondo",EST,M,,,,2274,0,40,AUG25,2007,
4500431,"Mironov, Ruslan",EST,M,,,,2038,0,20,AUG25,1972,
4506308,"Mjastsov, Andrei",EST,M,,,,1641,0,40,AUG25,2003,
4527208,"Mjatshin, Sava",EST,M,,,,1411,0,40,AUG25,2007,i
4529812,"Mochalov, Andrey",EST,M,,,,1420,0,40,AUG25,1972,
4524063,"Moek, Veljo",EST,M,,,,1697,0,20,AUG25,1968,i
4508580,"Mogilny, Evgeny",EST,M,,,,1746,0,20,AUG25,1951,
4503066,"Moissejeva, Anastasia",EST,F,,,,1738,0,20,AUG25,1999,wi
4527216,"Moisto, Mairon",EST,M,,,,1633,0,40,AUG25,2006,i
4502272,"Moltsanov, Ivan",EST,M,,,,2095,0,20,AUG25,1992,i
4504550,"Mondresku, Ion",EST,M,,,,2008,0,20,AUG25,1951,i
4528093,"Moora, Martin",EST,M,,,,1597,8,40,AUG25,2008,
4527380,"Moossen, Mait",EST,M,,,,1471,0,40,AUG25,2008,i
4510445,"Moppel, Miko",EST,M,,,,1569,0,20,AUG25,2004,i
4519418,"Morell, Meelis",EST,M,,,,1774,0,20,AUG25,1977,i
4516443,"Moroz, Leonardo",EST,M,,,,1438,0,40,AUG25,2009,
4511158,"Morozjuk, Pavel",EST,M,,,,1446,0,20,AUG25,2004,i
4516508,"Moskaltsuk, Ilja",EST,M,,,,1449,0,40,AUG25,2012,
4519256,"Murumaa, Mathias",EST,M,,,,1630,0,40,AUG25,2005,i
4507282,"Murutalu, Aavo",EST,M,,,,1810,0,20,AUG25,1962,
4529898,"Murutalu, Mattias",EST,M,,,,1523,0,40,AUG25,2007,
4534026,"Must, Jaan",EST,M,,,,1470,9,40,AUG25,1946,
4531639,"Muur, Andero",EST,M,,,,1499,0,40,AUG25,2011,
4528590,"Muursepp, Aksel Valter",EST,M,,,,1418,0,40,AUG25,2014,
4520718,"Muutnik, Janno",EST,M,,,,1538,0,20,AUG25,1994,i
4520726,"Muutnik, Ranno",EST,M,,,,1477,0,20,AUG25,1997,
4500830,"Muutnik, Valdo",EST,M,,,,1945,0,20,AUG25,1961,
4507290,"Muzijenko, Vladimir",EST,M,,,,1723,0,20,AUG25,1931,i
4507185,"Myskovski, Deniss",EST,M,,,,1598,0,20,AUG25,2004,i
4518098,"Naas, Rene",EST,M,,,,1417,0,20,AUG25,2004,i
4506553,"Naestema, Joonas Aditya",EST,M,,,,1584,0,20,AUG25,2006,
4510089,"Nahk, Aare",EST,M,,,,1675,0,20,AUG25,1967,i
4501187,"Nahkur, Madis",EST,M,FM,,,1999,0,20,AUG25,1992,
4502477,"Narusberg, Peep",EST,M,,IA,,AFM,1855,0,AUG25,1961,
4501365,"Narva, Ann",EST,F,,,,1818,0,20,AUG25,1992,wi
4530160,"Narva, Els Marie",EST,F,,,,1596,5,40,AUG25,2018,w
4500148,"Narva, Jaan",EST,M,FM,,,1951,9,20,AUG25,1958,
4508866,"Narva, Jaan Oskar",EST,M,,,,1536,0,20,AUG25,2005,i
4500512,"Narva, Mai",EST,F,IM,WGM,,2350,2,10,AUG25,1999,w
4503767,"Narva, Mart",EST,M,,,,1696,0,20,AUG25,2003,i
4500237,"Narva, Regina",EST,F,WFM,WFM,,1932,9,20,AUG25,1970,w
4502680,"Narva, Triin",EST,F,WFM,WFM,,2106,0,20,AUG25,1994,w
4509293,"Nasretdinov, Mihhail",EST,M,,,,1907,0,20,AUG25,1981,i
4504747,"Nassar, Askold",EST,M,,,,1874,0,20,AUG25,1984,
4521382,"Naumockins, Svens",EST,M,,,,1663,12,20,AUG25,1997,
4517865,"Naurits, Kai",EST,F,,,,1701,0,20,AUG25,1980,wi
4507568,"Nazarov, Vladislav",EST,M,,,,1723,0,20,AUG25,2006,i
4506944,"Nazarova, Veronika",EST,F,,,,1639,0,20,AUG25,2001,wi
4500580,"Neff, Sergei",EST,M,,,,2056,0,20,AUG25,1954,
4506812,"Nelk, Elmo",EST,M,,,,1507,0,20,AUG25,1948,i
4500350,"Nero, Georg",EST,M,,,,2014,0,20,AUG25,1999,i
4505697,"Nesterov, Viktor",EST,M,,,,1472,0,20,AUG25,2002,i
4502345,"Nestor, Kaarel",EST,M,,,,2205,0,20,AUG25,1990,
4515897,"Neziri, Brandon",EST,M,,,,1524,0,40,AUG25,2007,i
4506260,"Niinepuu, Elmar",EST,M,,,,1668,14,20,AUG25,1943,
4518292,"Nikanorov, Erik",EST,M,,,,1574,0,20,AUG25,2004,i
4517644,"Nikiforov, Rivo",EST,M,,,,1416,0,40,AUG25,2010,
4509889,"Nikitin, Arseni EST",EST,M,,,,1949,0,20,AUG25,2006,
4507002,"Nikitin, Leonid",EST,M,,,,1443,0,20,AUG25,2004,i
4502698,"Nikitin, Pjotr",EST,M,,,,1795,0,20,AUG25,1941,
4512243,"Nikitina, Anastasia",EST,F,,,,1404,0,40,AUG25,2009,wi
4512251,"Nikitina, Anna",EST,F,,,,1418,0,40,AUG25,2011,w
4500652,"Nikulin, Oleg",EST,M,,,,2004,0,20,AUG25,1996,i
4504232,"Nilp, Kristofer",EST,M,,,,1662,0,20,AUG25,2000,i
4504240,"Nitsiportsik, Maksim",EST,M,,,,1790,0,20,AUG25,2001,i
4526902,"Nogols, Andry",EST,M,,,,1545,0,40,AUG25,1996,i
4512880,"Nommsalu, Jyri",EST,M,,,,1746,5,40,AUG25,1951,
4505336,"Noorkoiv, Sulev",EST,M,,,,1677,0,20,AUG25,1952,i
4506650,"Noormets, Tonu",EST,M,,,,1677,0,40,AUG25,1961,i
4526910,"Noorsalu, Janar",EST,M,,,,1550,0,40,AUG25,2006,
4527810,"Norin, Daniil",EST,M,,,,1613,0,40,AUG25,1999,
4506669,"Novikov, Rustam",EST,M,,,,1447,0,20,AUG25,1969,i
4513576,"Novikov, Sergei",EST,M,,,,1634,0,20,AUG25,1961,
4532775,"Nukka, Ilja",EST,M,,,,1528,0,40,AUG25,1992,
4517121,"Nummert, Laurits",EST,M,,,,1419,0,40,AUG25,2011,
4532686,"Nuut, Markus",EST,M,,,,1648,0,40,AUG25,1997,
4505549,"Obolonin, Filipp",EST,M,,NI,,AGM,2144,11,AUG25,1997,
4514815,"Oim, Mikk Kaarel",EST,M,,,,2017,0,40,AUG25,2009,
4516362,"Oja, Feliks",EST,M,,,,1452,0,40,AUG25,2008,i
4503104,"Olde, Grete",EST,F,WCM,WCM,FA,2073,7,20,AUG25,2002,w
4500504,"Olde, Hendrik",EST,M,FM,,,2277,0,20,AUG25,1966,i
4505760,"Olde, Karl Erik",EST,M,,NA,,1976,7,20,AUG25,2005,
4503082,"Olde, Margareth",EST,F,WIM,WIM,FA,2069,7,20,AUG25,2000,w
4521323,"Olev, Jaan",EST,M,,,,1615,0,20,AUG25,1993,i
4514580,"Orgse, Kalev",EST,M,,,,1642,5,20,AUG25,2006,
4506081,"Orgse, Karl Kristofer",EST,M,,NA,,1924,0,20,AUG25,2003,i
4505450,"Orlov, Roman",EST,M,,,,1897,0,20,AUG25,2000,i
4512782,"Orlova, Darya",EST,F,,,,1458,0,40,AUG25,2007,wi
4512340,"Orlova, Sofiya",EST,F,,,,1535,0,40,AUG25,2010,wi
4506561,"Ossipov, Aleksei",EST,M,,,,1613,0,20,AUG25,2004,i
4503791,"Ots, Heikki",EST,M,,,,1650,0,20,AUG25,1952,
4510011,"Ots, Tonis",EST,M,,,,1854,0,20,AUG25,1950,i
4505166,"Otsmann, Villu",EST,M,,,,1744,9,20,AUG25,1974,
4511085,"Ott, Karl Eric",EST,M,,,,1584,0,40,AUG25,2008,i
4528220,"Oun, Art",EST,M,,,,1547,0,40,AUG25,1967,
4505808,"Ovsjannikov, Daniil",EST,M,,,,1735,0,20,AUG25,2001,i
4504852,"Paabo, Priit",EST,M,,,,1795,0,20,AUG25,1968,i
4502981,"Paan, Karel",EST,M,,,,1873,0,20,AUG25,1998,i
4501489,"Paaren, Hugo",EST,M,,,,2074,0,20,AUG25,1946,i
4526040,"Paas, Johan",EST,M,,,,1569,0,40,AUG25,2014,
4511751,"Paat, Karl",EST,M,,,,1495,0,40,AUG25,2005,i
4517890,"Paatsi, Enno",EST,M,,,,1606,0,20,AUG25,1951,i
4511271,"Padari, Tuudur Jakob",EST,M,,,,1708,0,20,AUG25,2006,
4506715,"Pagar, Kalev",EST,M,,,,1794,9,20,AUG25,1960,
4514947,"Pahk, Oskar",EST,M,,,,1597,0,20,AUG25,1945,i
4502850,"Pai, Olavi",EST,M,,,,1900,0,40,AUG25,1955,
4512898,"Pailk, Aimur",EST,M,,,,1672,4,20,AUG25,1944,
4529197,"Paimla, Meelis",EST,M,,,,1424,0,40,AUG25,1959,i
4529294,"Paju, Enn",EST,M,,,,1766,0,40,AUG25,1943,
4513517,"Pallon, Johannes",EST,M,,,,1456,0,20,AUG25,2004,i
4511417,"Pallum, Rasmus",EST,M,,,,1822,0,40,AUG25,2008,
4524080,"Palu, Ene",EST,F,,,,1498,8,20,AUG25,1973,w
4520343,"Panarin, Yaroslav",EST,M,,,,1485,0,40,AUG25,2014,
4505000,"Panfilov, Sergei",EST,M,,,,1404,0,20,AUG25,1935,
4510178,"Panfilova, Jelizaveta",EST,F,,,,1591,0,40,AUG25,2007,wi
4525191,"Pani, Aaron Mattias",EST,M,,,,1521,0,40,AUG25,2008,i
4506120,"Pani, Hugo",EST,M,,,,1590,0,20,AUG25,2003,i
4506138,"Pani, Laivi",EST,F,,,,1876,0,20,AUG25,1969,w
4529871,"Panin, Jelisei",EST,M,,,,1428,0,40,AUG25,2011,
4509820,"Panova, Marta",EST,F,,,,1504,0,40,AUG25,2007,wi
4523075,"Pantshenko, Andrei",EST,M,,,,1418,0,40,AUG25,2009,
4529669,"Parenson, Joonas",EST,M,,,,1646,0,40,AUG25,1985,
4530586,"Parenson, Toomas",EST,M,,,,1432,0,40,AUG25,2010,
4530535,"Parenson, Tormis",EST,M,,,,1478,0,40,AUG25,2012,
4505360,"Parik, Kerttu-Lisett",EST,F,,,,1662,0,40,AUG25,2008,wi
4512189,"Park, Peeter",EST,M,,,,1592,2,20,AUG25,1952,
4529600,"Parmask, Gert",EST,M,,,,1516,0,40,AUG25,2007,
4504755,"Parts, Tiit",EST,M,,,,1739,0,20,AUG25,1962,
4527070,"Parvelo, Artur",EST,M,,,,1418,0,40,AUG25,2011,
4506723,"Parviste, Janek",EST,M,,,,1729,0,20,AUG25,1970,
4520890,"Patrikejeva, Sofia",EST,F,,,,1421,0,40,AUG25,2013,w
4514181,"Pauts, Uno",EST,M,,,,1584,0,20,AUG25,1945,i
4520050,"Pavelkovits, Timofei",EST,M,,,,1429,0,40,AUG25,2012,
4517342,"Pavlov, Aleksander",EST,M,,,,1654,0,20,AUG25,1946,i
4522079,"Pavlov, Jan",EST,M,,,,1482,0,40,AUG25,2013,
4519140,"Pechonkin, Andrii",EST,M,,,,1716,0,40,AUG25,2012,
4519779,"Pedak, Egert",EST,M,,,,1789,0,40,AUG25,2007,
4505778,"Pedmanson, Albert",EST,M,,,,2241,0,40,AUG25,2007,
4505786,"Pedmanson, Herman",EST,M,,,,1913,0,20,AUG25,2005,
4504372,"Pedoson, Georg Aleksander",EST,M,,,,2291,0,20,AUG25,2004,
4503805,"Peebo, Kalle",EST,M,,,,2013,0,20,AUG25,1949,
4527798,"Peeduli, Mathias",EST,M,,,,1469,0,40,AUG25,2010,
4525132,"Pennert, Vladimir",EST,M,,,,1535,0,40,AUG25,1953,
4519264,"Peterson, Andreas",EST,M,,,,1602,0,20,AUG25,2004,
4528328,"Petersoo, Enn",EST,M,,,,1573,0,40,AUG25,1968,i
4516230,"Petra, Vladimir",EST,M,,,,1453,0,40,AUG25,2011,i
4501136,"Petrov, Aleksandr",EST,M,,,,1782,0,20,AUG25,1941,
4503279,"Petrov, Dmitri",EST,M,,,,2240,0,20,AUG25,1998,
4508726,"Petrov, Sergei",EST,M,,,,1809,0,20,AUG25,1965,i
4519477,"Pevzner, Aleksander",EST,M,,,,1465,0,20,AUG25,1977,i
4526457,"Pigul, Simo",EST,M,,,,1606,0,40,AUG25,2012,
4500709,"Piip, Tarvo",EST,M,,,,1988,0,20,AUG25,1977,
4501802,"Pikkmets, Reet",EST,F,,,,1974,0,40,AUG25,1972,w
4513550,"Pimashin, Aleksandr",EST,M,,,,1437,0,40,AUG25,2008,i
4521048,"Pisnja, Timofei",EST,M,,,,1448,0,40,AUG25,2007,i
4517130,"Pissarenko, Peeter",EST,M,,,,1528,0,20,AUG25,2003,i
4513665,"Pitsevitsh, Georgi",EST,M,,,,1728,0,20,AUG25,1947,i
4529480,"Ploovits, Teet",EST,M,,,,1474,0,40,AUG25,2006,
4522176,"Pocius, Ingrid",EST,F,,,,1458,0,20,AUG25,2006,wi
4504569,"Poder, Paul",EST,M,,,,1519,0,20,AUG25,1954,i
4509781,"Podersalu, Aivar",EST,M,,,,1834,0,20,AUG25,1956,
4528115,"Podra, Peeter",EST,M,,,,1617,9,40,AUG25,2007,
4521129,"Pokk, Fred",EST,M,,,,1469,0,20,AUG25,1968,
4507444,"Pokk, Krister",EST,M,,,,1437,0,40,AUG25,2005,i
4505034,"Poldoja, Ants",EST,M,,,,1733,9,20,AUG25,1959,
4527550,"Poldsam, Vahur",EST,M,,,,1641,0,40,AUG25,1970,i
4503830,"Polendik, Tiina",EST,F,,,,1646,0,20,AUG25,1948,w
4514475,"Poleshtshuk, Igor",EST,M,,,,1498,0,20,AUG25,1957,i
4512944,"Polestsuk, Arseni",EST,M,,,,1401,0,40,AUG25,2008,i
4519485,"Poljakov, Kristofer",EST,M,,,,1575,0,20,AUG25,2006,i
4513819,"Poltan, Juri",EST,M,,,,1732,0,20,AUG25,1954,i
4518179,"Poltrago, Marek",EST,M,,,,1694,0,20,AUG25,1977,i
44147350,"Poluektova, Arina",EST,F,,,,1615,0,20,AUG25,2006,wi
4512731,"Pomaznjov, Aleksei",EST,M,,,,1728,0,40,AUG25,2008,i
4508882,"Pool, Linda Maria",EST,F,,NA,,1597,0,40,AUG25,2007,wi
4531329,"Pool, Silvi",EST,F,,,,1804,0,40,AUG25,1974,w
4504321,"Poom, Mati",EST,M,,,,1602,4,20,AUG25,1944,
4503848,"Popman, Genadi",EST,M,,,,1766,0,20,AUG25,1937,i
4525167,"Porila, Andree",EST,M,,,,1699,0,40,AUG25,1996,i
4518349,"Potapenko, Deniss",EST,M,,,,1698,0,20,AUG25,1994,i
4510526,"Potashev, Artemi",EST,M,,,,1429,0,40,AUG25,2006,i
4503856,"Povvat, Aalo",EST,F,,,,1430,0,20,AUG25,1932,wi
4506820,"Prangel, Artur",EST,M,,,,1498,0,20,AUG25,2000,i
4522249,"Priivits, Dario",EST,M,,,,1416,0,40,AUG25,2014,
4504380,"Pritulin, Vladimir",EST,M,,,,1558,0,20,AUG25,2001,i
4510259,"Pritulina, Nadezhda",EST,F,,,,1645,0,40,AUG25,2010,w
4500890,"Pritulina, Svetlana",EST,F,WCM,WCM,,1825,0,20,AUG25,1971,w
4509471,"Pronin, Arseni",EST,M,,,,1604,0,40,AUG25,2007,i
4514297,"Proshkin, Artjom",EST,M,,,,1463,0,40,AUG25,2010,i
4507010,"Protassov, Vlad",EST,M,,,,2032,0,20,AUG25,2005,
4514670,"Protassova, Evelina",EST,F,,,,1501,0,40,AUG25,2011,wi
4511166,"Provodin, Aleksandr",EST,M,,,,1487,0,20,AUG25,2005,i
4516796,"Punning, Andero",EST,M,,,,1509,0,40,AUG25,2010,
4514483,"Purde, Olev",EST,M,,,,1422,0,20,AUG25,1939,i
4520220,"Putsepp, Paul Robert",EST,M,,,,1428,0,20,AUG25,2004,i
4502760,"Puusepp, Kaimar",EST,M,CM,,,2034,6,20,AUG25,1976,
4516184,"Puusepp, Richard",EST,M,,,,1753,6,40,AUG25,2010,
4522885,"Raag, Andres",EST,M,,,,1745,0,20,AUG25,1981,i
4509269,"Raag, Ardi",EST,M,,,,2119,9,20,AUG25,2004,
4521005,"Raats, Johann",EST,M,,,,1424,0,40,AUG25,2009,i
4519833,"Rahula, Darian",EST,M,,,,1500,0,40,AUG25,2009,i
4508807,"Rahusalu, Riho",EST,M,,,,1682,0,20,AUG25,1973,i
4519051,"Raide, Kert",EST,M,,,,1451,0,40,AUG25,2010,
4510712,"Raide, Sivert",EST,M,,,,1816,0,20,AUG25,2005,
4510020,"Raidla, Johannes",EST,M,,,,1928,0,20,AUG25,1949,i
4511476,"Raidvali, Juri",EST,M,,,,1867,0,20,AUG25,1941,i
4503155,"Raig, Tanel",EST,M,,,,1659,0,40,AUG25,0,i
4514734,"Rajandu, Aaron",EST,M,,,,2027,11,40,AUG25,2010,
4529618,"Raketski, Markus",EST,M,,,,1547,0,40,AUG25,2012,
4509323,"Ramjalg, Lembit",EST,M,,,,1599,0,20,AUG25,1937,i
4517938,"Rammar, Mart",EST,M,,,,1468,0,40,AUG25,2008,i
4526465,"Ranc, Tristan",EST,M,,,,1417,0,40,AUG25,2014,
4517946,"Rand, Roland",EST,M,,,,1666,0,20,AUG25,1960,i
4505913,"Randma, Urmas",EST,M,,,,1544,8,20,AUG25,1960,
4508440,"Randruut, Robin",EST,M,,,,1485,0,40,AUG25,2006,i
4517954,"Rannas, Koit",EST,M,,,,1630,0,20,AUG25,1953,
4524977,"Ratshinski, Stanislav",EST,M,,,,1575,0,20,AUG25,1988,
4505638,"Rattik, Artjom",EST,M,,,,1760,0,20,AUG25,1999,i
4500091,"Raud, Rainer",EST,M,FM,FT,,2215,0,20,AUG25,1963,i
4530098,"Raudam, Konrad Aleksander",EST,M,,,,1518,0,40,AUG25,2012,
4509943,"Raudsepp, Alari",EST,M,,,,1578,0,40,AUG25,2006,
4509978,"Raudsepp, Jaan",EST,M,,,,1596,0,20,AUG25,1973,
4523415,"Raudsepp, Marie",EST,F,,,,1649,17,40,AUG25,2012,w
4503899,"Raudsepp, Teet",EST,M,,,,1862,0,20,AUG25,1944,i
4508041,"Raudvali, Anders",EST,M,,,,1481,0,20,AUG25,2003,i
4501110,"Rauk, Tonu",EST,M,,,,2018,11,20,AUG25,1970,
4523709,"Ravi, Vivek",EST,M,,,,1521,0,20,AUG25,1991,i
4505948,"Rebane, Ralf Aron",EST,M,,,,1633,0,20,AUG25,2004,
4509692,"Rebane, Romet",EST,M,,,,1579,0,20,AUG25,2006,
4507487,"Rebane, Taniel",EST,M,,,,1745,0,20,AUG25,1985,i
4502868,"Reede, Arvo",EST,M,,,,1718,0,20,AUG25,0,i
4502876,"Reima, Heigo",EST,M,,,,1632,0,20,AUG25,0,i
4501276,"Reimaa, Sven",EST,M,,,,2080,0,20,AUG25,1979,i
4510038,"Reiman, Arvo",EST,M,,,,2006,0,20,AUG25,1950,i
4516028,"Reinholm, Karl Kristjan",EST,M,,,,1739,0,40,AUG25,2011,
4530888,"Reinsaar, Rainer",EST,M,,,,1413,0,40,AUG25,1992,
4503333,"Reinson, Juri",EST,M,,,,1552,0,20,AUG25,1948,
4524438,"Reinson, Oskar",EST,M,,,,1520,0,40,AUG25,2015,
4523431,"Reinson, Tobias",EST,M,,,,1664,0,40,AUG25,2013,
4522907,"Reinson, Tormi",EST,M,,,,1582,0,20,AUG25,1985,
4515820,"Reintam, Lennart",EST,M,,,,1652,0,40,AUG25,2011,
4514955,"Remmel, Rauno",EST,M,,,,1509,0,20,AUG25,1989,i
4521765,"Reren, Alexis Miriam",EST,F,,,,1619,0,40,AUG25,2013,w
4517580,"Riar, Krish",EST,M,,,,1525,0,40,AUG25,2008,i
4526350,"Riiel, Kristina",EST,F,,,,1493,0,40,AUG25,1985,w
4525930,"Riismaa, Part",EST,M,,,,1424,0,40,AUG25,2009,i
4513371,"Riispapp, Kert",EST,M,,,,1437,0,40,AUG25,2009,i
4509862,"Rikas, Artur",EST,M,,,,1740,0,20,AUG25,2005,i
4512901,"Ristissaar, Roger",EST,M,,,,1555,0,40,AUG25,1980,
4522508,"Robaltsenko, Vladimir",EST,M,,,,1797,0,20,AUG25,1957,i
4508890,"Rodin, Robert",EST,M,,,,1869,0,40,AUG25,2007,
4512359,"Rodina, Alisa",EST,F,,,,1439,0,40,AUG25,2010,wi
4525507,"Rodionova, Dominika",EST,F,,,,1763,0,40,AUG25,2016,w
4509838,"Rogaten, Varvara",EST,F,,,,1501,0,40,AUG25,2008,w
4522257,"Roht, Kaarel",EST,M,,,,1648,17,40,AUG25,2015,
4516036,"Roi, Kristjan",EST,M,,,,1591,0,40,AUG25,2011,
4518420,"Roine, Albert Ludwig",EST,M,,,,1593,0,20,AUG25,1993,i
4534042,"Romandi, Enn",EST,M,,,,1681,8,40,AUG25,1968,
4528905,"Romann, Keijo",EST,M,,,,1518,0,40,AUG25,2016,
4528913,"Romann, Kenno",EST,M,,,,1600,0,40,AUG25,2012,
4524667,"Roomet, Otto",EST,M,,,,1577,0,40,AUG25,2014,
4530683,"Roomus, Sander",EST,M,,,,1691,0,40,AUG25,1993,
4513584,"Rooni, Rein",EST,M,,,,1908,0,20,AUG25,1957,i
4532384,"Roos, Hannes",EST,M,,,,1412,0,40,AUG25,1989,
4509170,"Roosaar, Risto",EST,M,,,,1663,0,20,AUG25,1948,i
4533933,"Roosalu, Toomas",EST,M,,,,1676,0,40,AUG25,1967,
4530748,"Roost, Gert",EST,M,,,,1557,0,40,AUG25,2008,
4511654,"Roots, Lem-Leonhard",EST,M,,,,1800,0,40,AUG25,2007,
4511441,"Rosental, Urmas",EST,M,,,,1750,6,20,AUG25,1969,
4518977,"Rosin, Heigo",EST,M,,,,1588,0,20,AUG25,1989,
4503902,"Rozenblit, David",EST,M,,,,1821,0,20,AUG25,2001,i
4505824,"Rubina, Mari",EST,F,,,,1539,0,20,AUG25,2004,wi
4533810,"Rubnikovits, Andrei",EST,M,,,,1526,0,40,AUG25,1974,
4518705,"Rudiger, Camilla Anna",EST,F,,,,1525,0,40,AUG25,2014,w
4516915,"Rudiger, Emma Viktoria",EST,F,,,,1467,8,40,AUG25,2012,wi
4516087,"Rudiger, Maria Helena",EST,F,,,,1553,0,40,AUG25,2010,w
4507657,"Rudnik, Viktoria",EST,F,,,,1606,0,20,AUG25,2006,wi
4504860,"Runnel, Simo",EST,M,,,,1783,0,20,AUG25,1977,i
4515340,"Ruu, Andreas",EST,M,,,,1438,0,20,AUG25,2004,i
4508386,"Ruugla, Raul",EST,M,,,,1610,0,20,AUG25,2004,i
4504461,"Ruus, Rein",EST,M,,,,1834,17,20,AUG25,1955,
4508459,"Rychagov, Anton",EST,M,,,,2063,0,40,AUG25,2008,
4508394,"Rychagov, Nikita",EST,M,CM,,,2361,29,20,AUG25,2005,
4523628,"Rytov, Igor",EST,M,,,,1984,0,20,AUG25,1963,i
4502337,"Rytova, Merike",EST,F,,,,1648,6,20,AUG25,1936,w
4501373,"Saag, Enith Li",EST,F,,,,1775,0,20,AUG25,1994,wi
4506383,"Saar, Ivari",EST,M,,,,1621,0,20,AUG25,0,i
4525159,"Saar, Juri",EST,M,,,,1722,0,40,AUG25,1973,i
4528522,"Saar, Lembit",EST,M,,,,1781,0,40,AUG25,1984,i
4508173,"Saareall, Oskar",EST,M,,,,1571,0,20,AUG25,2006,i
4519450,"Saavedra, Lopez Joel Freddy",EST,M,,,,1425,8,20,AUG25,1984,
4502485,"Sabinov, Aleksander",EST,M,,,,1930,0,40,AUG25,1962,
4506022,"Sade, Carolina",EST,F,,,,1498,0,20,AUG25,2005,wi
4508912,"Sadekov, Maksim",EST,M,,,,2029,0,40,AUG25,2007,
4518888,"Saga, Aarne",EST,M,,,,1433,0,40,AUG25,2006,i
4501578,"Sagadijeva, Anna",EST,F,WFM,WFM,,1863,0,20,AUG25,1998,w
4515684,"Sai, Oskar",EST,M,,,,1449,0,40,AUG25,2009,i
4504593,"Saks, Mati",EST,M,,,,1599,0,20,AUG25,0,i
4513827,"Saks, Mihkel",EST,M,,,,1706,0,40,AUG25,1988,
4506839,"Sakson, Claid",EST,M,,,,1512,0,20,AUG25,1967,i
4508734,"Sakson, Hellari",EST,M,,,,1525,0,20,AUG25,1966,i
4524128,"Salm, Jaanus",EST,M,,,,1782,0,20,AUG25,1965,
4521315,"Salmanic, Jozo",EST,M,,,,1540,0,20,AUG25,1988,i
4506146,"Salupere, Silvi",EST,F,,,,1669,0,20,AUG25,1956,w
4519493,"Samarin, Sergei",EST,M,,,,1454,0,20,AUG25,1964,i
4508130,"Samberk, Vahur",EST,M,,,,1711,9,20,AUG25,1993,
4528921,"Sammet, Juri",EST,M,,,,1541,0,40,AUG25,2011,i
4515692,"Sandberg, Laur-Markus",EST,M,,,,1500,7,40,AUG25,2009,
4502884,"Sander, Heike",EST,F,,,,1909,0,20,AUG25,1954,wi
4503910,"Sander, Jaan",EST,M,,,,1789,5,20,AUG25,1948,
4507320,"Sander, Peeter",EST,M,,,,1807,0,20,AUG25,1947,i
4511662,"Sandu, Ilie",EST,M,,,,1686,0,20,AUG25,1981,i
4501713,"Saraikin, Sergey",EST,M,,,,1655,0,20,AUG25,1934,
4502710,"Sarapik, Kristjan",EST,M,,,,2045,0,20,AUG25,1990,i
4516885,"Sargava, Ants",EST,M,,,,2031,18,20,AUG25,1969,
4526473,"Sarjas, Eric",EST,M,,,,1470,0,40,AUG25,2012,
4519507,"Sarle, Dmitri",EST,M,,,,1617,0,20,AUG25,1985,i
4507894,"Saue, Karl Elias",EST,M,,,,1463,0,20,AUG25,2006,i
4513444,"Saviir, Villy",EST,M,,,,1603,0,20,AUG25,1943,
4510704,"Savin, Danil",EST,M,,,,1530,0,20,AUG25,2004,i
4509480,"Savinov, Matvei",EST,M,,,,1760,0,20,AUG25,2005,i
4520750,"Savipold, Robin Ricco",EST,M,,,,1691,0,20,AUG25,2004,i
4513924,"Savustyan, Arseniy",EST,M,,,,1495,0,40,AUG25,2007,i
4527283,"Schelin, Jelissei",EST,M,,,,1489,0,40,AUG25,2006,i
4509340,"Schmidt, Mait",EST,M,,,,1636,0,20,AUG25,1960,
4511280,"Schneider, Uku",EST,M,,,,1853,9,40,AUG25,2007,
4500849,"Schults, Olev",EST,M,FM,,,2092,0,20,AUG25,1963,i
4525876,"Seema, Karl",EST,M,,,,1514,0,40,AUG25,2015,
4528646,"Seema, Kristjan",EST,M,,,,1432,0,40,AUG25,1974,
4500547,"Seeman, Tarvo",EST,M,IM,,,2310,18,10,AUG25,1969,
4514629,"Semjonov, Anatoli",EST,M,,,,1663,0,20,AUG25,1983,i
4530624,"Semynin, Nikita",EST,M,,,,1474,0,40,AUG25,2003,
4504348,"Sepandi, Jaak",EST,M,,,,1564,9,20,AUG25,1939,
4512910,"Sepp, Mart",EST,M,,,,1929,0,20,AUG25,1980,i
4500105,"Sepp, Olav",EST,M,IM,,,2341,0,10,AUG25,1969,
4530896,"Sepp, Ragnar",EST,M,,,,1600,0,40,AUG25,1981,
4518004,"Seppel, Raul",EST,M,,,,1507,0,20,AUG25,2005,i
4524349,"Sergejev, Emil",EST,M,,,,1429,0,40,AUG25,2013,
4504941,"Serk, Ants",EST,M,,,,1773,0,20,AUG25,0,i
4521579,"Sevastjanov, Andre",EST,M,,,,1729,0,20,AUG25,1980,
4504410,"Shabarov, Fjodor",EST,M,,,,1853,0,20,AUG25,1949,i
4510623,"Shadrina, Eva",EST,F,,,,1734,6,40,AUG25,2008,w
4505182,"Shamrai, Vladimir",EST,M,,,,1746,8,20,AUG25,1965,
4514963,"Shapovalov, Juri",EST,M,,,,1673,0,20,AUG25,1951,i
4516273,"Sharkova, Veronika",EST,F,,,,1407,0,40,AUG25,2012,wi
4530632,"Shcherbatiuk, Stanislav",EST,M,,,,1535,0,40,AUG25,2008,
4524497,"Shelajev, Boris",EST,M,,,,1713,0,20,AUG25,1985,i
4507100,"Shilkin, Aleksei",EST,M,,,,1686,0,20,AUG25,2003,i
4521587,"Shishkarjov, Roman",EST,M,,,,1512,0,20,AUG25,1983,i
4500563,"Shishkov, Andrei",EST,M,IM,,,2313,9,20,AUG25,1978,
4524500,"Shleimovitsh, Viktor",EST,M,,,,1970,0,20,AUG25,1985,i
4501845,"Shlykov, Vitali",EST,M,,,,2221,0,20,AUG25,1987,i
4503422,"Shmatkov, Juri",EST,M,,,,1933,0,20,AUG25,1945,i
4510488,"Shnurov, Daniil",EST,M,CM,,,2226,0,20,AUG25,2006,
4503945,"Shukis, Viktor",EST,M,,,,1790,0,20,AUG25,1936,i
4518187,"Shumakov, Andrei",EST,M,,,,1642,0,20,AUG25,1982,i
4532821,"Shumeiko, Jaroslav",EST,M,,,,1464,0,40,AUG25,2010,
4527704,"Shvarkov, Artemi",EST,M,,,,1532,0,40,AUG25,2011,
4504399,"Shvedov, Andrei",EST,M,,,,1620,0,20,AUG25,2002,i
4505972,"Shvedov, Andrei",EST,M,,,,1658,0,20,AUG25,2002,i
4508408,"Shvedov, Maksim",EST,M,,,,1611,0,20,AUG25,2004,i
4529740,"Shvilponis, Teet",EST,M,,,,1868,0,40,AUG25,1970,
4500490,"Shvyrjov, Igor",EST,M,GM,FT,,2209,0,10,AUG25,1955,
4513525,"Sidorov, Hannes",EST,M,,,,1599,0,20,AUG25,2003,i
4501462,"Siemer, Tambet",EST,M,,,,2091,0,20,AUG25,1969,
4524780,"Siff, Anton",EST,M,,,,AIM,1594,9,AUG25,2005,
4503953,"Siidiratsep, Endel",EST,M,,,,1780,0,20,AUG25,1936,i
4502264,"Siil, Marko",EST,M,,,,1904,0,20,AUG25,1968,i
4511301,"Siimon, Aaron",EST,M,,,,1410,0,40,AUG25,2007,i
4529685,"Siinmaa, Ander",EST,M,,,,1752,0,40,AUG25,2007,
4507339,"Sikk, Lembit",EST,M,,,,1845,0,20,AUG25,1962,i
4519388,"Sild, Aron",EST,M,,,,1768,0,40,AUG25,2011,
4505557,"Sild, Eero Kristjan",EST,M,,,,1793,0,20,AUG25,1998,i
4500920,"Sild, Elin",EST,F,,,,1834,0,20,AUG25,1983,wi
4504968,"Sild, Marta Pauliine",EST,F,,,,1636,0,20,AUG25,2004,wi
4514491,"Sildos, Riin",EST,F,,,,1542,0,20,AUG25,1969,wi
4516320,"Simenson, Margit",EST,F,,,,1646,9,20,AUG25,1967,w
4505190,"Simson, Urmas",EST,M,,,,1929,0,40,AUG25,0,i
4525809,"Sinenko, Andrei",EST,M,,,,1708,0,20,AUG25,1981,
4504640,"Sinitsina, Anastassia",EST,F,WIM,WIM,,2175,0,20,AUG25,2004,w
4524756,"Sirel, Karl-Kristjan",EST,M,,,,1473,0,40,AUG25,2009,i
4500458,"Sirosh, Ilja",EST,M,IM,,,2288,0,20,AUG25,1998,i
4516311,"Sirotkin, Anton",EST,M,,,,1536,0,40,AUG25,2007,i
4504712,"Sirp, Karl Aleksander",EST,M,,,,2095,0,20,AUG25,1999,
4510313,"Sizov, Lev",EST,M,,,,1590,0,40,AUG25,2008,i
4504658,"Skladtshikov, Andrei",EST,M,,,,1871,9,20,AUG25,2000,
4508467,"Slavinski, Nikita",EST,M,,,,1825,0,40,AUG25,2007,
4521056,"Slepak, Jaromir",EST,M,,,,1471,0,40,AUG25,2009,
4518381,"Smirnov, Aleksander",EST,M,,,,1480,0,20,AUG25,1995,i
4514190,"Smirnov, Dmitri",EST,M,,,,1660,0,20,AUG25,1977,i
4508556,"Smirnova, Jekaterina",EST,F,,,,1669,0,20,AUG25,2006,wi
4512227,"Smorodkin, Andrey",EST,M,,,,1717,0,20,AUG25,1968,i
4509498,"Snitsarenko, Igor",EST,M,,,,1797,0,40,AUG25,2007,i
4511050,"Snitsarenko, Ilja",EST,M,,,,1546,0,40,AUG25,2010,i
4523440,"Sokk, Kristjan",EST,M,,,,1454,0,40,AUG25,2012,
4519841,"Sokolova, Sofiya",EST,F,,,,1486,0,40,AUG25,2009,wi
4516753,"Soo, Hugo",EST,M,,,,1610,0,20,AUG25,2006,i
4509102,"Sookruus, Heiki",EST,M,,,,1992,0,20,AUG25,1954,i
4517350,"Soolo, Jueri",EST,M,,,,1801,0,20,AUG25,1965,i
4521471,"Soome, Aimur",EST,M,,,,1921,0,20,AUG25,1976,i
4521480,"Soome, Ain",EST,M,,,,1668,0,20,AUG25,1973,i
4522524,"Soosaar, Ivo",EST,M,,,,1599,0,20,AUG25,1985,
4501160,"Soot, Margus",EST,M,,,,2107,0,20,AUG25,1980,
4509722,"Soovali, Markus",EST,M,,,,1596,0,20,AUG25,2006,
4509730,"Sopp, Aivar",EST,M,,,,1839,0,20,AUG25,1965,i
4518519,"Sorm, Aivar",EST,M,,,,1841,0,20,AUG25,1956,
4521676,"Soroka, Nikita",EST,M,,,,1557,0,40,AUG25,2006,i
4501918,"Soskov, Vjatsheslav",EST,M,FM,,,2253,0,20,AUG25,1987,i
4517032,"Sprivul, Andris",EST,M,,,,1516,0,20,AUG25,1974,i
4517040,"Sprivul, Vahur",EST,M,,,,1795,0,20,AUG25,1977,i
4514513,"Staal, Tarvo",EST,M,,,,1700,0,20,AUG25,1970,i
4503970,"Staub, Madis",EST,M,,,,1706,0,20,AUG25,1940,i
4513487,"Stepanov, Roman",EST,M,,,,1410,0,40,AUG25,2010,
4516281,"Strazdins, Janis",EST,M,,,,1871,0,20,AUG25,2002,i
4503449,"Studentsov, Andrei",EST,M,,,,1891,0,20,AUG25,1956,i
4507029,"Sui, Andres",EST,M,,,,1576,0,20,AUG25,2001,i
4504607,"Sukis, Viktor",EST,M,,,,1759,0,20,AUG25,1936,i
4524608,"Suld, Erik",EST,M,,,,1466,0,40,AUG25,2011,i
4517482,"Sune, Raido",EST,M,,,,1911,0,20,AUG25,1978,i
4528123,"Susi, Keijo",EST,M,,,,1567,0,40,AUG25,2008,
4521439,"Sutt, Jakob",EST,M,,,,1432,0,40,AUG25,2012,
4526520,"Suun, Mati",EST,M,,,,1568,0,40,AUG25,1957,
4513177,"Tabri, Kaspar",EST,M,,,,1460,0,20,AUG25,2003,i
4508637,"Tahiste, Marc-Joosep",EST,M,,,,1638,0,20,AUG25,2003,i
4505565,"Taliharm, Andrus",EST,M,,,,2105,0,20,AUG25,1962,i
4514530,"Talu, Margus",EST,M,,,,1476,0,20,AUG25,1970,i
4505204,"Talving, Indrek",EST,M,,,,1640,0,40,AUG25,1982,
4511670,"Tamm, Erik",EST,M,,,,1620,0,20,AUG25,1988,
4527747,"Tamm, Lehar",EST,M,,,,1443,0,40,AUG25,2015,
4525213,"Tamme, Koit",EST,M,,,,1427,0,40,AUG25,2009,i
4513193,"Tammepold, Laureta",EST,F,,,,1510,0,40,AUG25,2005,wi
4513428,"Tammesalu, Martin Ilmar",EST,M,,,,1413,0,40,AUG25,2005,i
4510950,"Tammisto, Janek",EST,M,,,,1926,0,20,AUG25,1972,i
4522311,"Tammor, Robin",EST,M,,,,1553,0,40,AUG25,2009,i
4509307,"Tammus, Toivo",EST,M,,,,1643,4,20,AUG25,1975,
4524918,"Tammvee, Martin",EST,M,,,,1556,0,40,AUG25,1994,i
4501152,"Tanav, Tiit",EST,M,,,,2161,0,20,AUG25,1958,i
4500610,"Tarakanov, Oleg",EST,M,,,,1946,0,20,AUG25,1953,
4510550,"Taranov, Mihhail",EST,M,,,,1445,0,40,AUG25,2007,
4510046,"Tarasenko, Oleg",EST,M,,,,1880,0,20,AUG25,1985,i
4527151,"Tarkus, Remo",EST,M,,,,1508,0,40,AUG25,2010,i
4508343,"Taro, Marko",EST,M,,,,1481,0,20,AUG25,2006,i
4507827,"Tarsalainen, Martti",EST,M,,,,1486,0,20,AUG25,2004,i
4532864,"Tartes, Urmas",EST,M,,,,1808,0,40,AUG25,1963,
4515595,"Tarto, Tiit",EST,M,,,,1889,0,20,AUG25,1950,i
4506316,"Taruta, Ilja",EST,M,,,,1828,0,20,AUG25,2000,i
4504739,"Tatte, Meelis",EST,M,,,,1772,0,20,AUG25,1976,
4504003,"Tedrema, Ardi",EST,M,,,,2158,0,20,AUG25,1967,i
4502515,"Teelem, Lauri",EST,M,,,,2088,0,20,AUG25,1983,i
4501616,"Teemae, Leo",EST,M,,,,1835,0,20,AUG25,1932,i
4515927,"Teever, Randel",EST,M,,,,1569,0,40,AUG25,2008,i
4509358,"Telliskivi, Laur",EST,M,,,,1794,0,20,AUG25,1989,i
4509366,"Telliskivi, Sven",EST,M,,,,2006,0,20,AUG25,1985,
4529146,"Teppo, Mart",EST,M,,,,1466,0,40,AUG25,2009,
4528263,"Teppo, Mart",EST,M,,,,1663,0,40,AUG25,2008,
4515714,"Terk, Erik",EST,M,,,,1665,0,20,AUG25,1952,i
4520378,"Thimm, Leelo Mia",EST,F,,,,1424,0,40,AUG25,2014,w
4522460,"Thompson, Christopher",EST,M,,,,1855,0,20,AUG25,1977,i
4503341,"Tiik, Harry",EST,M,,,,1618,0,20,AUG25,1942,i
4504879,"Tiisler, Ander",EST,M,,,,1753,18,20,AUG25,1999,
4504887,"Tiisler, Tanel",EST,M,,,,2024,18,20,AUG25,1997,
4505905,"Tikerpuu, Mati",EST,M,,,,1842,0,20,AUG25,1974,i
4530969,"Tikhomirov, Arkady",EST,M,,,,1492,0,40,AUG25,2014,
4521390,"Tilling, Rasmus",EST,M,,,,1451,0,40,AUG25,2013,
4521749,"Timoshin, Aleksei",EST,M,,,,1696,0,20,AUG25,1987,i
4503503,"Timoshin, Andrei",EST,M,,,,2230,0,20,AUG25,2003,
4501020,"Timoshin, Juri",EST,M,,,,2141,0,20,AUG25,1984,
4522214,"Timoshina, Marta",EST,F,,,,1485,0,40,AUG25,2015,w
4506324,"Titov, Sergey",EST,M,,,,1614,0,20,AUG25,1969,i
4503538,"Tkachenko, Jekaterina",EST,F,,,,1715,0,20,AUG25,2002,wi
4504895,"Tobre, Andres",EST,M,,,,1502,15,20,AUG25,1959,
4505573,"Tochyan, Albert",EST,M,,,,1661,0,20,AUG25,2001,i
4505581,"Tokar, Taniel",EST,M,,,,1878,0,20,AUG25,2000,i
4518837,"Tolmachev, Artem",EST,M,,,,1534,0,40,AUG25,2010,i
4502736,"Tolmatshov, Eduard",EST,M,,,,2055,0,20,AUG25,1963,i
4504127,"Tominga, Ago",EST,M,,,,1916,0,20,AUG25,1995,i
4503570,"Tominga, Eke",EST,M,,,,2088,0,20,AUG25,1997,i
4507835,"Tominga, Uku",EST,M,,,,1404,0,20,AUG25,2004,i
4510593,"Tomson, Mihkel",EST,M,,,,1926,0,20,AUG25,2006,
4506600,"Tomson, Mikk",EST,M,,,,1717,0,20,AUG25,2000,
4509501,"Tonisson, Trent Asso",EST,M,,,,1742,0,20,AUG25,2004,i
4508351,"Tonso, Hannes",EST,M,,,,1632,0,20,AUG25,2005,i
4502990,"Tonso, Liina",EST,F,,,,1877,0,20,AUG25,2001,wi
4530209,"Toomast, Aron",EST,M,,,,1411,0,40,AUG25,2018,
4518233,"Toomast, Nora",EST,F,,,,1659,0,40,AUG25,2012,w
4523490,"Toome, Oskar",EST,M,,,,1730,24,40,AUG25,2014,
4520009,"Toomepuu, Erik",EST,M,,,,1442,0,40,AUG25,2012,
4525752,"Topkin, Georg-Romet",EST,M,,,,1570,0,40,AUG25,2000,i
4515382,"Torkin, Edward",EST,M,,,,1465,0,40,AUG25,2010,
4517598,"Trankmann, Ain",EST,M,,,,1678,0,20,AUG25,1975,i
4502027,"Traumann, Andres",EST,M,,,,1823,0,20,AUG25,1992,i
4504011,"Trohhelev, Boris",EST,M,,,,1984,0,20,AUG25,1950,i
4513690,"Tropp, Ainar",EST,M,,,,1473,0,40,AUG25,2005,i
4522931,"Truija, Rio",EST,M,,,,1586,0,20,AUG25,2004,
4500750,"Truus, Tonu",EST,M,,,,1989,0,20,AUG25,1946,i
4518195,"Truusalu, Johannes Partel",EST,M,,,,1711,0,20,AUG25,1993,i
4524870,"Tshernobrivoi, Mika",EST,M,,,,1436,0,40,AUG25,2005,i
4500199,"Tsiganova, Monika",EST,F,WIM,WIM,FT,1961,27,20,AUG25,1969,w
4519868,"Tsotsov, Fedor",EST,M,,,,1409,0,40,AUG25,2011,
4522940,"Tui, Karl-Marten",EST,M,,,,1573,0,20,AUG25,2003,
4534158,"Tukk, Rein",EST,M,,,,1693,5,40,AUG25,1954,
4518527,"Turja, Jaak",EST,M,,,,1766,0,20,AUG25,1947,i
4503180,"Turu, Indrek",EST,M,,,,1888,0,20,AUG25,1988,i
4522958,"Tuul, Ando",EST,M,,,,1593,8,20,AUG25,1982,
4520920,"Tuul, Ronan Thor",EST,M,,,,1531,0,40,AUG25,2014,
4502175,"Tuul, Tarmo",EST,M,,,,2068,0,20,AUG25,1988,
4519396,"Tuul, Tristan Tormi",EST,M,,,,1580,0,40,AUG25,2011,
4529790,"Tuur, Tarmo",EST,M,,,,1532,0,40,AUG25,1977,
4519310,"Tuur, Toomas",EST,M,,,,1434,0,40,AUG25,2011,i
4505956,"Uibokant, Karl Oskar",EST,M,,,,1774,0,20,AUG25,2004,i
4505980,"Uibokant, Mathias Robert",EST,M,,,,2056,0,20,AUG25,2002,
4505441,"Uibos, Andre",EST,M,,NA,,1894,0,20,AUG25,1992,i
4513215,"Uljas, Rasmus",EST,M,,,,1401,0,40,AUG25,2007,
5907888,"Uljaseva, Arina",EST,F,,,,1413,0,40,AUG25,2012,w
4520424,"Umarik, Aleksandr",EST,M,,,,1411,0,40,AUG25,2009,i
4529987,"Undusk, Aleksandr",EST,M,,,,1573,0,40,AUG25,2016,
4522974,"Ungefug, Erick",EST,M,,,,1441,0,40,AUG25,2007,i
4523660,"Urbanovits, Hugo",EST,M,,,,1567,0,40,AUG25,2014,
4503350,"Urbel, Aavo",EST,M,,,,1668,0,20,AUG25,1960,
4504038,"Urgas, Jaan",EST,M,,,,1674,0,20,AUG25,1972,
4528530,"Uukkivi, Karl",EST,M,,,,1540,0,40,AUG25,2008,i
4518535,"Uukkivi, Raigo",EST,M,,,,1743,0,20,AUG25,1979,
4505107,"Uurits, Karel",EST,M,,,,1686,6,20,AUG25,1970,
4525221,"Uurits, Karli Sven",EST,M,,,,1459,4,40,AUG25,2007,
4522982,"Uusimaa, Romet",EST,M,,,,1523,0,20,AUG25,1981,i
4514394,"Uuspold, Ain",EST,M,,,,1621,0,40,AUG25,1948,
4518276,"Vaar, Mart",EST,M,,,,1419,0,40,AUG25,2012,
4520785,"Vaartnou, Thomas",EST,M,,,,1651,0,20,AUG25,2001,i
4525949,"Vadi, Marten",EST,M,,,,1555,8,40,AUG25,2009,
4514971,"Vaher, Ants",EST,M,,,,1569,0,20,AUG25,1994,i
4506740,"Vaher, Eino",EST,M,,,,2022,0,20,AUG25,1961,
4522168,"Vahk, Jasper",EST,M,,,,1509,0,40,AUG25,2008,i
4518020,"Vahter, Aivar",EST,M,,,,1795,0,20,AUG25,1956,i
4509196,"Vahter, Lea",EST,F,,,,1557,0,20,AUG25,1961,w
4502060,"Vahtra, Tuuli",EST,F,WFM,WFM,,1997,0,20,AUG25,1989,wi
4504054,"Vahtramae, Madis",EST,M,,,,1673,0,20,AUG25,0,i
4524179,"Vaiknurme, Einar",EST,M,,,,1639,0,20,AUG25,1974,
4501470,"Vaino, Einar",EST,M,,,,1821,0,20,AUG25,0,i
4504674,"Vaino, Nikita",EST,M,,,,1855,0,20,AUG25,2002,
4506030,"Vainula, Rene",EST,M,,,,1729,0,20,AUG25,1998,i
4513231,"Valba, Rauno",EST,M,,,,1555,0,40,AUG25,2009,
4525817,"Valdma, Friida",EST,F,,,,1458,0,40,AUG25,2009,w
4526538,"Valdvee, Leino",EST,M,,,,1416,0,40,AUG25,1983,i
4525558,"Valgerist, Gert Armand",EST,M,,,,1549,0,40,AUG25,2004,i
4502523,"Valgmae, Toomas",EST,M,CM,,,2174,20,20,AUG25,1966,
4509951,"Valmsen, Marju",EST,F,,,,1543,8,20,AUG25,1956,w
4502205,"Valner, Uku",EST,M,FM,,,2203,0,20,AUG25,1990,
4529650,"Vals, Marten",EST,M,,,,1553,0,40,AUG25,2011,
4515226,"Vares, Bagrat",EST,M,,,,1456,0,40,AUG25,2009,i
4509994,"Varik, Elon",EST,M,,,,1770,0,20,AUG25,1934,i
4506006,"Varton, Eva",EST,F,,,,1551,0,20,AUG25,2004,wi
4530705,"Vassiljev, Saveli",EST,M,,,,1616,0,40,AUG25,2009,
4521781,"Vassiljev, Sergei",EST,M,,,,1742,0,20,AUG25,1964,
4521773,"Vedernykov, Gennadi",EST,M,,,,1690,0,40,AUG25,2013,
4523091,"Veebel, Erik",EST,M,,,,1404,0,40,AUG25,2010,i
4524888,"Veelmaa, Allar",EST,M,,,,1557,0,40,AUG25,1963,i
4506618,"Veerik, Oleg",EST,M,,,,1625,0,20,AUG25,2001,
4507509,"Veiper, Andres",EST,M,,,,1852,0,20,AUG25,1978,
4513681,"Veitsurs, Ervins",EST,M,,,,1659,0,20,AUG25,1951,
4529120,"Velleramm, Eudor",EST,M,,,,1543,0,40,AUG25,2007,i
4519515,"Velleste, Neeme-Rain",EST,M,,,,1774,0,20,AUG25,1990,i
4506162,"Velling, Martin",EST,M,,,,1893,0,20,AUG25,1977,i
4526244,"Vendel, Jens",EST,M,,,,1529,0,40,AUG25,1979,
4524926,"Verbitski, Vlad",EST,M,,,,1532,0,40,AUG25,2007,i
4509315,"Verhni, Vladimir",EST,M,,,,1801,17,20,AUG25,1957,
4513258,"Veri, Hans Kristjan",EST,M,,,,1609,0,20,AUG25,1999,i
4516109,"Vernik, Nelis",EST,M,,,,1606,0,40,AUG25,2008,
4514980,"Vesker, Enn",EST,M,,,,1692,0,20,AUG25,1948,i
4514378,"Veski, Rauno",EST,M,,,,1851,0,20,AUG25,2001,
4513380,"Veski, Uku Rudolf",EST,M,,,,1443,0,40,AUG25,2009,i
4505212,"Veskimae, Enn",EST,M,,,,1850,0,20,AUG25,1949,
4510666,"Vichterstein, Andri",EST,M,,,,1435,0,40,AUG25,2008,i
4506758,"Videvik, Edik",EST,M,,,,1593,0,20,AUG25,1960,i
4505026,"Viidu, Raivo",EST,M,,,,1747,6,20,AUG25,1950,
4501217,"Viik, Juhan",EST,M,,,,1837,0,20,AUG25,1990,i
4502620,"Viikmaa, Karmen",EST,F,,,,1950,0,20,AUG25,1983,w
4510070,"Viinapuu, Aivar",EST,M,,,,1796,0,20,AUG25,1982,i
4516389,"Viir, Simo",EST,M,,,,1522,0,40,AUG25,2007,i
4504909,"Vija, Hendrik",EST,M,,,,1662,0,20,AUG25,2002,i
4515234,"Vija, Mattias",EST,M,,,,1535,0,40,AUG25,2009,i
4519442,"Viks, Artur",EST,M,,,,1494,0,20,AUG25,2000,
4523644,"Viks, Ervin",EST,M,,,,1605,0,20,AUG25,2001,i
4513266,"Vilk, Juss",EST,M,,,,1410,0,40,AUG25,2006,i
4506847,"Viller, Epp",EST,F,,,,1588,0,20,AUG25,1945,wi
4524845,"Villig, Markus",EST,M,,,,1510,0,40,AUG25,1993,i
4524454,"Vinogradov, Artjom",EST,M,,,,1425,0,40,AUG25,2015,
4514203,"Vipp, Venno",EST,M,,,,1770,0,20,AUG25,1993,
4500792,"Virgus, Andrei",EST,M,,,,1705,0,20,AUG25,1994,i
4505417,"Virro, Toomas",EST,M,,,,1853,0,20,AUG25,1974,i
4516907,"Vohla, Mihkel",EST,M,,,,1950,0,20,AUG25,1989,
4529316,"Vokk, Einar",EST,M,,,,1613,0,40,AUG25,1975,
4503457,"Volkova, Nadezda",EST,F,,,,1718,0,40,AUG25,1958,w
4501950,"Volodin, Aleksandr",EST,M,GM,,,2405,18,10,AUG25,1990,
4508769,"Vool, Karl-Markus",EST,M,,,,1491,0,40,AUG25,2007,i
4515510,"Vork, Andres",EST,M,,,,1898,0,40,AUG25,1974,
4500989,"Vorobjov, Pavel",EST,M,,,,2231,18,20,AUG25,1981,
4520114,"Voronova, Anastassia",EST,F,,,,1436,0,40,AUG25,2013,w
4527836,"Vossotski, Nikita",EST,M,,,,1532,0,40,AUG25,2012,
4522699,"Winkler, Richard",EST,M,,,,1401,0,40,AUG25,2008,
4525000,"Yosifov Lilov, Velitar",EST,M,,,,1533,0,40,AUG25,2001,i
4518861,"Yurov, Maxim",EST,M,,,,1407,6,40,AUG25,2012,
4500407,"Zainetdinova, Svetlana",EST,F,WFM,WFM,,2077,0,20,AUG25,1962,wi
4505492,"Zaitsev, Boris (est)",EST,M,,,,1876,0,20,AUG25,1950,i
4505867,"Zarovski, Mihail",EST,M,,,,1707,0,20,AUG25,1947,i
4518667,"Zauram, Crisjan",EST,M,,,,1420,0,40,AUG25,2012,
4524853,"Zavidei, David",EST,M,,,,1645,0,40,AUG25,2000,i
4500342,"Zavoronkov, Vladimir",EST,M,IM,,,2341,0,20,AUG25,1976,i
4521021,"Zerebtsov, Valeri",EST,M,,,,1578,0,20,AUG25,1987,i
4532856,"Zhurba, Vladyslav",EST,M,,,,1570,0,40,AUG25,1998,
4503201,"Zigailov, Sergei",EST,M,,,,2064,0,20,AUG25,1986,i
4513339,"Zilensk, Kuldar",EST,M,,,,1537,0,40,AUG25,2006,i
4529995,"Zinovjev, Danila",EST,M,,,,1471,0,40,AUG25,2017,
4500288,"Zjukin, Sergei",EST,M,IM,,,2274,0,10,AUG25,1972,i
4521633,"Zolotarjov, Kirill",EST,M,,,,1599,0,20,AUG25,2001,i
4503554,"Zubehhin, Aleksei",EST,M,,,,1909,0,20,AUG25,2000,
4513274,"Zukovits, Oliver",EST,M,,,,1443,0,40,AUG25,2007,i