ID Number,Name,Fed,Sex,Title,WTit,OTit,Rating,Gms,K,RatingMonth,B-day,Flag
11603232,"Abolina, Arija-Solveiga",LAT,F,,,,1912,0,20,SEP25,1936,wi
11633131,"Abols, Ernests",LAT,M,,,,1429,0,40,SEP25,2013,
11615311,"Aboltina,Valerija Nikola",LAT,F,,,,1544,0,20,SEP25,2005,wi
11622075,"Adamovics, Aleksejs",LAT,M,,,,2136,11,40,SEP25,2007,
11644630,"Adsons, Pavels",LAT,M,,,,1666,0,20,SEP25,1986,
11616423,"Afanasjevs, Aleksandrs",LAT,M,,,,1748,0,20,SEP25,1954,
11645172,"Afanasjevs, Zahars",LAT,M,,,,1752,19,40,SEP25,2014,
11629371,"Agadzanjans, Arturs",LAT,M,,,,1705,0,20,SEP25,1975,i
11602104,"Agafonov, Yuri Dr",LAT,M,,,,1969,0,20,SEP25,1956,
11608226,"Agis, Agris",LAT,M,,,,1656,0,20,SEP25,1965,i
11636440,"Aispurs, Gabriels",LAT,M,,,,1545,0,40,SEP25,2013,
11606835,"Aizstrauts, Arturs",LAT,M,,,,1749,0,20,SEP25,2002,
11625619,"Aizstrauts, Ernests",LAT,M,,,,1489,0,40,SEP25,2011,i
11609095,"Alainis, Artis",LAT,M,,,,2012,10,20,SEP25,2002,
11617608,"Aleidzans, Vadims",LAT,M,,,,1808,0,40,SEP25,2009,
11609001,"Alekseev,Ilia",LAT,M,,,,1790,0,20,SEP25,2000,i
11619163,"Aleksejevs, Aleksandrs",LAT,M,,,,1616,0,20,SEP25,1971,i
11629495,"Aleksejevs, Arturs",LAT,M,,,,1596,0,20,SEP25,1983,i
11629770,"Aleksejevs, Boriss",LAT,M,,,,1715,0,20,SEP25,1979,i
11620480,"Aleksejevs, Daniils",LAT,M,,,,1575,0,40,SEP25,2010,
11625554,"Aleksejevs, Olegs",LAT,M,,,,1514,0,20,SEP25,1975,i
11631813,"Aliev, Arif",LAT,M,,,,1596,0,40,SEP25,2012,
11631805,"Aliev, Iskander",LAT,M,,,,1525,0,40,SEP25,2013,
11602392,"Alipovs, Anatolijs",LAT,M,,,,1766,0,20,SEP25,1960,
11621338,"Allers, Maris",LAT,M,,,,1930,0,20,SEP25,1980,i
11640049,"Almanis, Gabriels",LAT,M,,,,1456,0,40,SEP25,2008,
11602260,"Amerika, Katrina",LAT,F,WIM,WIM,,2002,0,20,SEP25,1991,w
11610425,"Aminovs, Maksims",LAT,M,,,,1873,0,20,SEP25,2005,
11624035,"Aminovs, Marats",LAT,M,,,,1558,0,20,SEP25,1972,i
11602899,"Andaburskis, Aleksejs",LAT,M,,FT,,2045,0,20,SEP25,1952,i
11612762,"Andersone, Arta",LAT,F,,,,1464,0,20,SEP25,2003,wi
11602708,"Andrejevs, Arvids",LAT,M,CM,,,2211,0,20,SEP25,1987,i
11623853,"Andrusevics, Jegors",LAT,M,,,,1887,0,40,SEP25,2012,
11617632,"Andryushin, Maxim",LAT,M,,,,AFM,1782,0,SEP25,1981,i
11619341,"Andzans, Elvijs",LAT,M,,,,1495,0,20,SEP25,1991,i
11604611,"Andzans, Maris",LAT,M,,,,1636,0,20,SEP25,1964,i
11635487,"Angens,Dags",LAT,M,,,,1401,0,40,SEP25,2007,
11624248,"Antjufejevs, Vsevolods",LAT,M,,,,1573,0,20,SEP25,1972,i
11601469,"Antoms, Guntars",LAT,M,IM,,,2074,0,20,SEP25,1960,
11646195,"Antonevics, Normunds",LAT,M,,,,1419,0,40,SEP25,2012,i
11643471,"Antoniskis, Markuss",LAT,M,,,,1527,0,40,SEP25,2009,
11608242,"Antonivs, Dmitrijs",LAT,M,,,,1693,0,20,SEP25,1975,i
11604484,"Antonivs, Vladislavs",LAT,M,,,,1929,0,20,SEP25,2002,i
11620765,"Antonuks, Anatolijs",LAT,M,,,,1569,0,20,SEP25,1951,i
11611669,"Apenitis, Markuss",LAT,M,,,,1667,0,40,SEP25,2007,i
11634448,"Apine, Emilija",LAT,F,,,,1662,9,20,SEP25,2006,w
11602139,"Apinis, Guntis",LAT,M,,,,1850,0,20,SEP25,1966,i
11633000,"Apinis, Madars Andrejs",LAT,M,,,,1583,0,40,SEP25,2012,
11613513,"Aprups,Rinalds",LAT,M,,,,1573,0,20,SEP25,2006,i
11618728,"Aravins, Vasilijs",LAT,M,,,,1781,0,20,SEP25,1951,i
11615028,"Arums, Juris",LAT,M,,,,1514,0,20,SEP25,1985,i
11651881,"Asadov, Teymur",LAT,M,,,,1652,0,20,SEP25,1992,
11630213,"Astapenko, Vladislav",LAT,M,,,,1528,0,20,SEP25,2006,i
11602651,"Atrohovs, Viktors",LAT,M,,,,2052,0,20,SEP25,1989,i
11609141,"Atte, Rebeka",LAT,F,,,,1696,0,20,SEP25,2000,wi
11628464,"Auzina, Magda Lote",LAT,F,,,,1476,0,20,SEP25,2006,wi
11603089,"Auzins, Artis",LAT,M,,,,1955,0,20,SEP25,1974,
11622733,"Auzins, Kristers",LAT,M,,,,1629,0,40,SEP25,2010,i
11644834,"Auzins, Ritvars",LAT,M,,,,1518,0,20,SEP25,1973,
11614919,"Auzins,Alnis",LAT,M,,,,1710,0,20,SEP25,1959,i
11638354,"Avads, Aimans",LAT,M,,,,1410,0,40,SEP25,2011,i
11608250,"Avenina, Maija",LAT,F,,,,1827,0,20,SEP25,1970,wi
11604280,"Avotins, Arturs",LAT,M,,,,1800,0,20,SEP25,2000,i
11637625,"Azarkevics, Aleksejs",LAT,M,,,,1697,0,20,SEP25,1989,
11614730,"Azarovs, Timurs",LAT,M,,,,1525,0,20,SEP25,2006,i
11629932,"Azevs, Aleksandrs",LAT,M,,,,1599,0,40,SEP25,2008,
11622393,"Babris, Ivars",LAT,M,,,,1885,0,20,SEP25,1963,i
11618647,"Babris, Rihards",LAT,M,,,,1487,0,40,SEP25,2010,i
11606665,"Bagatais, Janis",LAT,M,,,,1868,0,20,SEP25,1989,i
11608811,"Bagirov, Eldar",LAT,M,,,,1628,0,20,SEP25,1964,
11617098,"Balcuns, Kristaps",LAT,M,,,,1513,0,40,SEP25,2009,i
11636025,"Bankovskis, Kaspars",LAT,M,,,,1436,0,20,SEP25,1985,i
11635258,"Baranovskis, Reinis",LAT,M,,,,1654,0,20,SEP25,1995,i
11600861,"Barbakadze, Aleksandrs",LAT,M,FM,,,2305,0,20,SEP25,1963,i
11604620,"Barinovs, Vitalijs",LAT,M,,,,1762,0,20,SEP25,1941,i
11610670,"Bartasevics, Tomass",LAT,M,,,,1627,0,20,SEP25,2003,i
11607009,"Bartoss, Marjans",LAT,M,,,,1553,0,20,SEP25,1987,i
11645008,"Bartusevics, Gustavs",LAT,M,,,,1453,0,40,SEP25,2012,
11604832,"Bass, Harijs",LAT,M,,,,1810,0,20,SEP25,2000,i
11600888,"Batakovs, Olegs",LAT,M,,,,1847,0,20,SEP25,1941,i
11603593,"Batashevs, Arsens",LAT,M,,,,2161,16,20,SEP25,2001,
11602147,"Baumanis, Kristaps",LAT,M,,,,1887,0,20,SEP25,1990,i
11618833,"Baumanis, Valters",LAT,M,,,,1950,0,20,SEP25,0,i
11603240,"Bautris, Aivars",LAT,M,,,,1787,0,20,SEP25,1964,i
11628308,"Beitiks, Arturs",LAT,M,,,,1536,0,20,SEP25,1991,i
11606029,"Bekasovs, Rihards",LAT,M,,,,2096,0,20,SEP25,2002,
11614927,"Bekis,Elvis",LAT,M,,,,1758,0,20,SEP25,1991,i
11603836,"Beks, Edmunds",LAT,M,,,,2099,0,20,SEP25,1997,i
11613343,"Belakova, Laura",LAT,F,,,,1517,0,20,SEP25,2001,w
11618876,"Belavskis, Gundars",LAT,M,,,,1573,0,20,SEP25,1971,i
11614331,"Benders, Ervins",LAT,M,,,,1616,0,20,SEP25,1950,i
11632674,"Beniosev, Daniel",LAT,M,CM,,,2097,46,40,SEP25,2013,
11644303,"Beniosev, David",LAT,M,,,,1510,0,40,SEP25,2018,
11627859,"Berga, Jelena",LAT,F,,,,1504,0,40,SEP25,2008,w
11637102,"Bergmanis, Davids Kaspars",LAT,M,,,,1583,0,20,SEP25,1997,i
11629436,"Berkolds, Elvijs",LAT,M,,,,1558,0,20,SEP25,1993,i
11640278,"Bernevs, Vadims",LAT,M,,,,1465,0,20,SEP25,1990,i
11601426,"Bernotas, Arturs",LAT,M,FM,,,2346,0,10,SEP25,1995,
11639237,"Bervas, Florian",LAT,M,,,,1546,0,20,SEP25,1988,i
11601345,"Berzina, Ilze",LAT,F,WGM,WGM,,2105,0,20,SEP25,1984,w
11636815,"Berzina, Jelena",LAT,F,,,,1472,0,20,SEP25,1977,wi
11610166,"Berzina, Rudite",LAT,F,,,,1554,0,20,SEP25,1967,wi
11607149,"Berzins, Atis",LAT,M,,,,1854,0,20,SEP25,1956,i
11600764,"Berzinsh, Ivars",LAT,M,,,,2141,0,20,SEP25,1977,i
11611650,"Berzinsh, Markuss",LAT,M,,,,1674,0,40,SEP25,2008,i
11600357,"Berzinsh, Roland",LAT,M,IM,,,2278,0,10,SEP25,1975,i
11602120,"Besedin, Pavel",LAT,M,,,,2095,0,20,SEP25,1989,i
11633026,"Betins, Atis",LAT,M,,,,1875,0,20,SEP25,1971,i
11608269,"Bicans, Vilnis",LAT,M,,,,1830,0,20,SEP25,1960,i
11603259,"Biktimirovs, Konstantins",LAT,M,,,,1933,0,20,SEP25,1992,i
11635266,"Bilecen, Jonas",LAT,M,,,,1650,0,20,SEP25,1998,i
11605316,"Birgelis, Janis",LAT,M,,,,1893,0,20,SEP25,1979,i
11604638,"Birjukovs, Anatolijs",LAT,M,,,,1518,0,20,SEP25,1947,
11607238,"Birmans, Daniels",LAT,M,,,,1755,0,20,SEP25,2003,i
11646675,"Birznieks, Toms",LAT,M,,,,1509,0,40,SEP25,2015,
11610174,"Bitaitis, Vladislavs",LAT,M,,,,1550,0,20,SEP25,2003,i
11629134,"Bitenieks, Dominiks",LAT,M,,,,1590,0,40,SEP25,2007,
11630272,"Blinds,Gustavs",LAT,M,,,,1581,0,40,SEP25,2011,
11604298,"Blinovs, Artjoms",LAT,M,,,,1964,0,20,SEP25,1984,i
11639067,"Blumbergs, Ingus",LAT,M,,,,1747,0,20,SEP25,1974,i
11604034,"Blumbergs, Ralfs",LAT,M,,,,1873,0,20,SEP25,1998,i
11604433,"Blumentals, Gatis",LAT,M,,,,1899,0,20,SEP25,1970,i
11635541,"Blumins, Rafaels",LAT,M,,,,1622,0,40,SEP25,2011,
11612070,"Bobkov, Aleksandr",LAT,M,,,,1835,0,20,SEP25,1977,i
11608722,"Bockarjovs, Vasilijs",LAT,M,,,,1845,0,20,SEP25,1940,i
11634251,"Bodaks, Leonards",LAT,M,,,,1496,0,40,SEP25,2017,
11632569,"Bodaks, Maksimilians",LAT,M,,,,1659,0,40,SEP25,2014,
11608064,"Bogdanovics, Kirills",LAT,M,,,,1914,0,20,SEP25,2005,i
11604182,"Bogorods, Daniels",LAT,M,,,,1909,0,20,SEP25,1999,i
11606681,"Bojarincevs, Olegs",LAT,M,,,,2021,0,20,SEP25,1959,
11629398,"Bojars, Janis",LAT,M,,,,1533,0,20,SEP25,1985,i
11652195,"Bojars, Matiss",LAT,M,,,,1633,0,20,SEP25,1997,
11639881,"Boleiko, Augusts",LAT,M,,,,1562,0,40,SEP25,2015,
11601981,"Bolsakovs, Vadims",LAT,M,,,,2033,0,20,SEP25,1989,i
11635738,"Bolte, Gustav",LAT,M,,,,1570,0,20,SEP25,1996,i
11608005,"Bondars, Guntars",LAT,M,,,,1819,0,20,SEP25,1972,i
11602929,"Boreisis, Vitauts",LAT,M,,,,1879,0,20,SEP25,1968,
315362,"Borisovs, Leonids",LAT,M,,,,1915,0,20,SEP25,1954,i
11632925,"Bralitis, Edgars",LAT,M,,,,1545,0,20,SEP25,1985,i
11646462,"Brecs, Edgars",LAT,M,,,,1722,0,20,SEP25,2002,i
11602660,"Breikss, Peteris",LAT,M,,,,1676,0,20,SEP25,1958,
11635231,"Breimanis, Artemijs",LAT,M,,,,1671,0,20,SEP25,1999,i
11639210,"Briedis, Didzis",LAT,M,,,,1624,0,20,SEP25,1967,i
11636351,"Briedis, Juris",LAT,M,,,,1807,9,20,SEP25,1972,
11604646,"Brikers, Aleksandrs",LAT,M,,,,2011,0,20,SEP25,2001,i
11607580,"Brikmane, Evija",LAT,F,,,,1681,0,20,SEP25,1998,wi
11638982,"Brikmanis, Andris",LAT,M,,,,1804,0,20,SEP25,1974,i
11600322,"Brils, Leonids",LAT,M,FM,,,1901,0,20,SEP25,1970,
11631201,"Brinkmanis, Kaspars",LAT,M,,,,1672,0,20,SEP25,1970,
11609389,"Brojs,Artjoms",LAT,M,,,,1703,0,20,SEP25,2005,i
11618574,"Broks, Adrians",LAT,M,,,,1598,0,40,SEP25,2007,i
11608978,"Bude, Toms",LAT,M,,,,1661,0,20,SEP25,2000,i
11608277,"Buks, Armands",LAT,M,,,,1833,0,20,SEP25,1962,i
11639776,"Bulins, Zigmunds",LAT,M,,,,1441,0,20,SEP25,1984,i
11611596,"Burenkovs,Artjoms",LAT,M,,,,1798,0,20,SEP25,2005,i
11612096,"Burenkovs,Dmitrijs",LAT,M,,,,1669,0,20,SEP25,1969,i
11633700,"Burka, Kaspars",LAT,M,,,,1431,0,20,SEP25,1990,i
11605642,"Burkevica, Ilze",LAT,F,,,,1733,0,20,SEP25,1971,w
11610182,"Buss, Uldis",LAT,M,,,,1663,0,20,SEP25,1941,i
11636343,"Cehovals, Grigorijs",LAT,M,,,,1427,0,40,SEP25,2012,i
11605014,"Cernavska, Olga",LAT,F,,,,1572,0,20,SEP25,2000,wi
11607157,"Cernavskis, Vladislavs",LAT,M,,,,1717,0,20,SEP25,1958,i
11606258,"Ciekurs, Maris",LAT,M,,,,1770,0,20,SEP25,1985,i
11603151,"Cigankovs, Aleksandrs",LAT,M,,,,1623,0,20,SEP25,1998,i
11635835,"Cimbers, Daniels",LAT,M,,,,1538,0,40,SEP25,2015,
11602384,"Cimina, Andra",LAT,F,,,,1842,0,20,SEP25,1972,wi
11601787,"Cimins, Alberts",LAT,M,,AO,,AIM,2012,0,SEP25,1970,
11621117,"Cimosko, Antons",LAT,M,,,,1668,0,20,SEP25,1950,i
11654120,"Cinks, Ronalds",LAT,M,,,,1652,0,20,SEP25,1990,
11604654,"Circenis, Kaspars",LAT,M,,,,1959,11,20,SEP25,1990,
11609010,"Ciris, Andris",LAT,M,,,,1637,0,20,SEP25,1943,i
11634650,"Cirvelis, Janis",LAT,M,,,,1672,0,20,SEP25,1970,i
11646551,"Cortes, Luis",LAT,M,,,,1531,0,20,SEP25,1994,i
11604662,"Cunajevs, Juris",LAT,M,,,,1638,0,20,SEP25,1985,i
11630787,"Cuprovs, Georgijs",LAT,M,,,,1421,0,20,SEP25,2006,i
11623241,"Dabolins, Davis",LAT,M,,,,1453,0,40,SEP25,2010,i
11633255,"Dabols, Janis Marks",LAT,M,,,,1632,11,40,SEP25,2011,
11603453,"Dagis, Karlis",LAT,M,,,,1998,0,20,SEP25,1992,i
11603461,"Dagis, Martins",LAT,M,,,,1976,0,20,SEP25,1988,i
11630779,"Daineko, Jevgenija",LAT,F,,,,1515,0,40,SEP25,2012,wi
68400098,"Daineko, Pjotrs",LAT,M,,,,1506,0,40,SEP25,2008,i
11610441,"Daleckis, Deniss",LAT,M,,,,1611,0,20,SEP25,2006,i
11654112,"Danengirss, Sergejs",LAT,M,,,,1567,9,20,SEP25,1941,
11624850,"Danevics, Daniels",LAT,M,,,,1500,0,40,SEP25,2007,i
11630124,"Danilokh, Victor",LAT,M,,,,1662,0,20,SEP25,1961,i
11601590,"Daskevics, Vitalijs",LAT,M,,,,1958,0,20,SEP25,1958,
11649194,"Daugavins, Krisjanis",LAT,M,,,,1618,0,40,SEP25,2017,
11647035,"Daugavins, Uldis",LAT,M,,,,1563,0,20,SEP25,1982,
11602872,"Daugerts, Janis",LAT,M,,FI,,1956,0,20,SEP25,1981,i
11631147,"Decudanoz, Kunnar",LAT,M,,,,1560,0,20,SEP25,1982,i
11604794,"Deglis, Dainis",LAT,M,,,,1721,0,20,SEP25,1959,i
11640316,"Dementjevs, Aleksandrs",LAT,M,,,,1453,0,40,SEP25,2007,i
34292446,"Derbenev, Arseniy",LAT,M,,,,1691,0,40,SEP25,2010,i
11630132,"Derecinskis, Romans",LAT,M,,,,1436,8,20,SEP25,1998,
11632127,"Deshpande, Kumar Suresh",LAT,M,,,,1456,0,20,SEP25,1982,i
11645717,"Deulofeu, Jaume",LAT,M,,,,1603,7,20,SEP25,1995,
11624698,"Diners, Kirils",LAT,M,,,,1497,0,40,SEP25,2012,i
11615478,"Dinevics,Dags",LAT,M,,,,1609,0,20,SEP25,1970,i
11613432,"Dirzininkas, Andris",LAT,M,,,,1626,0,20,SEP25,1988,i
11618965,"Dizurs, Ilgonis",LAT,M,,,,1610,0,20,SEP25,1949,
11603020,"Djogteva, Jekaterina",LAT,F,,,,1772,0,20,SEP25,1996,w
11632593,"Dmitrijevs, Naums",LAT,M,,,,1445,0,40,SEP25,2013,
11605030,"Dombrovska, Stefanija",LAT,F,,,,1736,0,20,SEP25,1967,w
11615117,"Dombrovskis, Ivars",LAT,M,,,,1709,0,20,SEP25,1959,i
11609532,"Dombrovskis, Vladislavs",LAT,M,,,,1696,0,20,SEP25,2002,i
11623748,"Dorofejevs, Andrejs",LAT,M,,,,1476,0,40,SEP25,2009,i
11624906,"Dorofejevs, Demids",LAT,M,,,,1486,0,40,SEP25,2010,i
11607300,"Doronkins, Maksims",LAT,M,,,,1917,0,20,SEP25,1987,i
11606983,"Drilins, Andris",LAT,M,,,,2032,0,20,SEP25,1970,i
11607246,"Dubovs, Andzejs",LAT,M,,,,1573,0,20,SEP25,2004,i
11646470,"Dubrovskis, Andrejs",LAT,M,,,,1668,0,20,SEP25,1989,
11607661,"Dumins, Edgars",LAT,M,,,,1807,0,20,SEP25,1979,i
11649887,"Dumpis, Sergejs",LAT,M,,,,1571,0,20,SEP25,1999,
11601477,"Dunaveckis, Deniss",LAT,M,,,,2273,0,20,SEP25,1996,i
11635193,"Dundurs, Edgars",LAT,M,,,,1639,0,20,SEP25,1968,i
11611472,"Dundurs, Henriks",LAT,M,,,,1600,0,20,SEP25,2003,i
11611103,"Dvornikovs, Aleksandrs",LAT,M,,,,1657,0,20,SEP25,1948,i
11602210,"Dzalbo, Andrejs",LAT,M,,,,2122,0,20,SEP25,1990,i
11604131,"Dzelde, Martins",LAT,M,,,,1837,0,20,SEP25,1985,i
11611570,"Dzenitis,Martins",LAT,M,,,,1433,0,20,SEP25,2006,i
11601280,"Dzjuba, Vsevolod",LAT,M,FM,,,1963,0,20,SEP25,1979,i
11648520,"Dzudzilo, Andris",LAT,M,,,,1617,0,20,SEP25,1985,i
11633670,"Eglitis, Roberts",LAT,M,,,,1682,9,20,SEP25,1966,
11634588,"Eglitis, Rolands",LAT,M,,,,1686,0,20,SEP25,1987,i
11616652,"Eglitis,Kristaps",LAT,M,,,,1576,8,40,SEP25,2009,
11605650,"El-Haze, Zans Pols",LAT,M,,,,1867,0,20,SEP25,1998,i
11606622,"El-Zeins, Ismails",LAT,M,,,,1589,0,20,SEP25,1994,i
11623560,"Elbergs, Guntis",LAT,M,,,,1615,0,20,SEP25,1986,i
11640359,"Elsbergs, Andrejs",LAT,M,,,,1546,12,40,SEP25,2017,
11603267,"Elsbergs, Janis",LAT,M,,,,1913,0,20,SEP25,1969,i
11606576,"Elsts, Andrs",LAT,M,,,,1921,0,20,SEP25,1979,
11641398,"Elsts, Rihards",LAT,M,,,,1560,0,40,SEP25,2010,
11619651,"Ercmanis, Arturs",LAT,M,,,,1423,0,20,SEP25,2006,i
11606703,"Erenpreiss, Pauls",LAT,M,,,,1555,0,20,SEP25,2000,i
11609745,"Fainveics, Levs",LAT,M,,,,2066,0,20,SEP25,1975,
11604042,"Fedorovichs, Vladimirs",LAT,M,,,,1913,0,20,SEP25,1950,i
11607912,"Feldmanis, Andrejs",LAT,M,,,,1606,0,20,SEP25,2002,i
11648554,"Feldmanis, Andris",LAT,M,,,,1444,0,40,SEP25,2015,
11610794,"Feldmanis, Arturs",LAT,M,,,,1799,0,20,SEP25,1983,
11612398,"Feldmanis, Kristers",LAT,M,,,,1575,0,40,SEP25,2007,i
11608820,"Filipovs, Jevgenijs",LAT,M,,,,1792,0,20,SEP25,2005,i
11631899,"Filipovs, Sergejs",LAT,M,,,,1840,0,40,SEP25,2014,
11633468,"Fjodorovs, Dmitrijs",LAT,M,,,,1442,0,40,SEP25,2012,i
11602031,"Fjodorovs, Sergejs",LAT,M,,,,2072,0,20,SEP25,1985,i
11615923,"Fjodorovs, Sergejs",LAT,M,,,,1540,0,40,SEP25,2008,i
11637838,"Fleischmann, Marc",LAT,M,,,,1683,0,20,SEP25,1997,
11633735,"Fogele, Estere",LAT,F,,,,1589,0,40,SEP25,2010,w
11610450,"Fomenko, Andrejs",LAT,M,,,,1458,0,20,SEP25,2004,i
11607360,"Fomins, Artemijs",LAT,M,,,,1689,0,20,SEP25,2002,i
11635444,"Fonarjovs, Benjamins",LAT,M,,,,1772,0,20,SEP25,1970,
11615451,"Francs,Marats",LAT,M,CM,,,2163,0,40,SEP25,2008,
11610891,"Freibergs, Andrejs",LAT,M,,,,1913,0,20,SEP25,2006,
11617314,"Freibergs, Filips",LAT,M,,,,1713,0,40,SEP25,2009,i
11617322,"Freibergs, Raimonds",LAT,M,,,,1579,0,40,SEP25,2009,i
11635690,"Freimanis, Emils",LAT,M,,,,1576,0,40,SEP25,2009,i
11608960,"Fridensteins-Bridins, Atis",LAT,M,,,,1804,0,20,SEP25,2004,
11606053,"Fridmanis, Josifs",LAT,M,,,,1746,0,20,SEP25,1948,i
11630990,"Fridmans, Boriss",LAT,M,,,,1417,0,40,SEP25,2012,i
11632470,"Fridmans, Ilja",LAT,M,,,,1635,0,40,SEP25,2012,
11611227,"Fridrihsons, Edvards",LAT,M,,,,1831,0,20,SEP25,1991,i
11633352,"Frolovs, Bruno",LAT,M,,,,1556,0,40,SEP25,2013,
11636106,"Fulss, Eriks",LAT,M,,,,1508,0,20,SEP25,2005,i
11635398,"Gagainis, Guntars",LAT,M,,,,1455,8,20,SEP25,1963,
11624086,"Gaidis, Edvards",LAT,M,,,,1527,0,40,SEP25,2011,i
11623683,"Gailevska, Milana",LAT,F,,,,1878,0,40,SEP25,2012,w
11623888,"Gailitis, Martins",LAT,M,,,,1665,0,20,SEP25,1948,i
11637951,Gailums Makss,LAT,M,,,,1594,10,40,SEP25,2014,
11606061,"Galkins, Semjons",LAT,M,,,,AIM,1863,28,SEP25,1993,
11639288,"Galvins, Edvards",LAT,M,,,,1429,0,40,SEP25,2012,
11606010,"Gamsa, Mark",LAT,M,,,,1899,0,20,SEP25,1970,i
11618671,"Gansone, Aiga",LAT,F,,,,1440,0,40,SEP25,2010,wi
11634545,"Ganza, Kims",LAT,M,,,,1724,0,40,SEP25,2008,
11603658,"Gatere, Liene",LAT,F,,,,1786,0,20,SEP25,1984,wi
11633301,"Gauja, Hugo Georgs",LAT,M,,,,1543,0,40,SEP25,2011,
11650540,"George, Edgar",LAT,M,,,,1554,0,40,SEP25,2010,i
11650559,"George,John",LAT,M,,,,1689,0,20,SEP25,1964,i
11603917,"Gerasimeca, Angelina",LAT,F,,,,1596,0,20,SEP25,2002,wi
11606193,"Gerasimovs, Aleksejs",LAT,M,,,,1669,0,20,SEP25,2002,i
11604301,"Gercans, Visvaldis",LAT,M,,,,1896,0,20,SEP25,1963,
11631821,"Gerdts, Viktors",LAT,M,,,,1417,0,20,SEP25,1959,i
11609710,"Germanovs, Georgijs",LAT,M,CM,,,2398,0,20,SEP25,2008,
11634707,"Germanovs, Platons",LAT,M,,,,1439,0,40,SEP25,2011,i
11651822,"Gilba, Janis Arturs",LAT,M,,,,1452,0,40,SEP25,2010,
11634928,"Gimburgs, Arturs",LAT,M,,,,1712,0,20,SEP25,1986,
11612053,"Gnedass, Mihails",LAT,M,,,,1632,0,20,SEP25,1990,i
11629789,"Gobleja, Karlis",LAT,M,,,,1846,0,20,SEP25,1968,
11634456,"Gobnieks, Oskars",LAT,M,,,,1482,0,40,SEP25,2008,i
11607688,"Gogins, Deniss",LAT,M,,,,1656,0,20,SEP25,1996,i
11613360,"Golca, Janika",LAT,F,,,,1557,0,20,SEP25,1956,wi
11639580,"Goldbergs, Edvards",LAT,M,,,,1644,9,40,SEP25,2010,
11615800,"Golikova, Arina",LAT,F,,,,1555,0,40,SEP25,2008,wi
68400071,"Golikovs, Nikita",LAT,M,,,,1619,0,40,SEP25,2007,i
11652608,"Golovacs, Romans",LAT,M,,,,1479,0,40,SEP25,2012,
11607386,"Golsta, Madara",LAT,F,,,,1894,0,20,SEP25,2003,w
11607394,"Golsta, Ramona",LAT,F,,,,AFM,1868,0,SEP25,2003,wi
11601582,"Golubeva, Marija",LAT,F,,,,1819,0,20,SEP25,1998,wi
11608528,"Golubovskis, Maksims",LAT,M,FM,,,2276,0,20,SEP25,2003,
11603224,"Gordievich, Larisa",LAT,F,,,,1827,0,20,SEP25,1997,w
11628839,"Gorohovs, Aleksandrs",LAT,M,,,,1490,0,40,SEP25,2012,i
4199650,"Gorozhankina, Julia",LAT,F,WFM,WFM,,1982,0,20,SEP25,1993,wi
11650532,"Gorskovs, Aleksandrs",LAT,M,,,,1427,0,20,SEP25,2000,i
11642637,"Gospodars, Ivans",LAT,M,,,,1553,0,20,SEP25,1959,
11629703,"Grablovskis, Raitis",LAT,M,,,,1552,0,20,SEP25,1988,i
11606070,"Granovska, Elisa",LAT,F,,,,1657,0,20,SEP25,2003,wi
11605677,"Grants, Romualds",LAT,M,,,,1651,0,20,SEP25,1971,
11604310,"Grapmanis, Edgars",LAT,M,,,,1963,0,20,SEP25,1998,i
11601990,"Grasis, Janis",LAT,M,FM,,,2116,0,20,SEP25,1971,i
11601604,"Graudins, Ilmars",LAT,M,,,,2035,0,20,SEP25,1968,i
11630752,"Gravere, Justine Elza",LAT,F,,,,1470,0,40,SEP25,2007,wi
11619740,"Greiskans, Anrijs",LAT,M,,,,1529,0,40,SEP25,2009,i
11619813,"Gribusts, Oskars",LAT,M,,,,1581,0,20,SEP25,1984,i
11607408,"Grickus, Andris",LAT,M,,,,1581,0,20,SEP25,2003,i
11601620,"Griezne, Edvins",LAT,M,,,,2163,0,20,SEP25,1964,i
11655569,"Grigorenko, Deniss",LAT,M,,,,1482,10,40,SEP25,1974,
11640200,"Grigorenko, Vladislavs",LAT,M,,,,1616,10,40,SEP25,2015,
11606282,"Grigorjevs, Arsenijs",LAT,M,,,,1773,0,20,SEP25,1942,i
11645369,"Grigors, Germans",LAT,M,,,,1554,0,40,SEP25,2011,
11608307,"Grinbergs, Andris",LAT,M,,,,1487,0,20,SEP25,2005,i
11655089,"Grinbergs, Kristaps",LAT,M,,,,1445,0,20,SEP25,1997,
11622822,"Grinbergs, Reinis Kristofers",LAT,M,,,,1785,0,20,SEP25,2000,i
11614773,"Grinfelds, Martins",LAT,M,,,,1696,0,20,SEP25,2000,i
11634286,"Grivkovs, Timofejs",LAT,M,,,,1404,0,40,SEP25,2015,i
11616229,"Grizans, Arturs",LAT,M,,,,1822,0,20,SEP25,1984,i
11622385,"Groma, Marta",LAT,F,,,,1538,0,40,SEP25,2010,wi
11605693,"Gruduls, Imants",LAT,M,,,,1634,0,20,SEP25,1946,
11605057,"Grudzilovics, Aleksejs",LAT,M,,,,1692,0,20,SEP25,1972,i
11612657,"Grunte, Modris",LAT,M,,,,1697,0,20,SEP25,1952,i
11612088,"Guba, Juris",LAT,M,,,,1964,0,20,SEP25,1970,i
11613459,"Gubanovs, Ivo",LAT,M,,,,ACM,1733,9,SEP25,1973,
11611626,"Gudkovs, Artjoms",LAT,M,,,,1540,0,20,SEP25,2001,i
11609753,"Gudovskis, Konstantins",LAT,M,,,,2069,0,20,SEP25,1983,
11620188,"Gudriks, Janis",LAT,M,,,,1580,0,20,SEP25,2006,i
11609850,"Gulnevs, Daniils",LAT,M,,,,1779,0,20,SEP25,2002,i
11623802,"Guminskaya, Daria",LAT,F,,,,1527,0,40,SEP25,2011,wi
11632461,"Guminskiy, Gregory",LAT,M,,,,1456,0,40,SEP25,2014,i
11602040,"Gutmans, Mihail",LAT,M,,,,2057,0,20,SEP25,1988,
11603488,"Haciveli, Zubeirs",LAT,M,,,,1871,0,20,SEP25,1998,i
11605707,"Hakels, Eduards",LAT,M,,,,1732,0,20,SEP25,1978,i
11635240,"Hallvard, Sveen",LAT,M,,,,1684,0,20,SEP25,1993,i
11613556,"Harlamovs, Daniils",LAT,M,,,,1579,0,40,SEP25,2009,i
11608765,"Harlinska, Sandra",LAT,F,,,,1735,0,20,SEP25,1963,w
11613688,"Harlinskis,Viktors",LAT,M,,,,1730,0,20,SEP25,1959,i
11617691,"Hermanis, Atis",LAT,M,,,,1704,0,20,SEP25,2006,i
11632879,"Hiznikovs, Miks Tomass",LAT,M,,,,1592,0,20,SEP25,2004,i
11612746,"Hlopkova, Jekaterina",LAT,F,,,,1639,9,20,SEP25,2004,w
11602368,"Hohluks, Aleksandrs",LAT,M,,,,2053,0,20,SEP25,1991,i
11628790,"Hops, Roberts",LAT,M,,,,1720,0,40,SEP25,2009,i
11604239,"Horobrijs, Daniils",LAT,M,,,,1869,0,20,SEP25,2004,i
11616881,"Horobrijs,Andrejs",LAT,M,,,,1639,0,20,SEP25,1966,i
11636505,"Ignatenko, Rolands",LAT,M,,,,1573,0,40,SEP25,2012,
11609559,"Ikstena, Sarlote",LAT,F,,,,1626,0,20,SEP25,2005,w
11641460,"Iljenko, Janis Niklavs",LAT,M,,,,1720,0,20,SEP25,2003,
11633034,"Iljins, Kirils",LAT,M,,,,1518,0,40,SEP25,2011,
11604158,"Imanovs, Elhans",LAT,M,,,,1861,0,20,SEP25,1996,i
11603305,"Indricans, Olgerts",LAT,M,,,,2289,0,20,SEP25,1990,
11601027,"Indricans, Vadims",LAT,M,,,,1985,0,20,SEP25,1993,
11627298,"Indrikis, Janis",LAT,M,,,,1680,0,20,SEP25,1966,i
4668030,"Isakovs, Janis",LAT,M,,,,1747,0,20,SEP25,1960,
11605715,"Istlajevs, Vladimirs",LAT,M,,,,1635,0,20,SEP25,1959,
11601485,"Ivanisvili, Andrejs",LAT,M,,,,2053,0,20,SEP25,1982,i
11625970,"Ivanisvili, Maksims",LAT,M,,,,1539,0,40,SEP25,2011,
34137430,"Ivanov, Igor",LAT,M,,,,2183,10,20,SEP25,1999,
11609125,"Ivanova,Katrina Telma",LAT,F,,,,1617,0,20,SEP25,2001,wi
11635401,"Ivanovs, Aleksandrs",LAT,M,,,,1603,0,20,SEP25,1962,i
11626283,"Ivanovs, Aleksejs",LAT,M,,,,1826,0,20,SEP25,1984,i
11607831,"Ivanovs, Andris",LAT,M,,,,1697,0,20,SEP25,1959,
11603941,"Ivanovs, Viktors",LAT,M,,,,1701,0,20,SEP25,1962,i
11608498,"Ivanovskis, Sergejs",LAT,M,,,,1780,0,20,SEP25,1956,i
11603496,"Ivbulis, Martins",LAT,M,,,,1966,11,20,SEP25,1993,
11604190,"Ivonins, Andis",LAT,M,,,,1918,0,20,SEP25,0,i
11624469,"Ivulans, Patriks",LAT,M,,,,1784,10,40,SEP25,2013,
11604247,"Jablonskaja, Anastasija",LAT,F,,,,1708,0,20,SEP25,2001,wi
11633220,"Jahangiryan, Ruben",LAT,M,,,,1510,0,40,SEP25,2011,i
11603313,"Jaickis, Vladislavs",LAT,M,,,,1726,0,20,SEP25,1991,i
11643447,"Jakabsone, Tifanija Bella",LAT,F,,,,1493,0,40,SEP25,2014,w
11613300,"Jakobsons, Andris",LAT,M,,,,1803,0,20,SEP25,1952,i
11611316,"Jakovlevs,Aleksandrs",LAT,M,,,,1862,0,20,SEP25,1976,i
11624655,"Jakubsevicus, Leonids",LAT,M,,,,1501,0,20,SEP25,1979,i
11619929,"Jakubsevicus, Raimonds",LAT,M,,,,1644,0,40,SEP25,2009,i
11600551,"Jankovskis, Guntis",LAT,M,FM,,,2181,0,20,SEP25,1971,
11604867,"Janovskis, Daniels",LAT,M,,,,1741,0,20,SEP25,2002,i
11614722,"Jansone, Melanija Luize",LAT,F,,,,1922,0,40,SEP25,2008,w
11619040,"Jansons, Edijs",LAT,M,,,,1571,0,20,SEP25,1976,
11637269,"Jansons, Hugo",LAT,M,,,,1655,0,20,SEP25,1997,
11624523,"Jansons, Kristers Roberts",LAT,M,,,,1738,0,20,SEP25,2002,
11609966,"Jansons, Valdis",LAT,M,,,,1716,0,20,SEP25,1978,
11633808,"Jaresko, Timurs",LAT,M,,,,1569,0,40,SEP25,2008,
11610255,"Jaroshs, Maksims",LAT,M,,,,1788,0,20,SEP25,1981,i
11612010,"Jasinskis, Anatolijs",LAT,M,,,,AFM,1793,0,SEP25,1965,
11604492,"Jazdanovs, Aleksandrs",LAT,M,CM,,,2124,9,20,SEP25,2003,
11649470,"Jefimovs, Akims",LAT,M,,,,1642,0,40,SEP25,2017,
11601299,"Jefremov, Aivar",LAT,M,,NA,,AFM,1843,0,SEP25,1996,
11602325,"Jefremov, Dmitrij",LAT,M,,,,1815,0,20,SEP25,1968,i
11612266,"Jegorovs, Andrejs",LAT,M,,,,ACM,1472,0,SEP25,1970,
11615389,"Jekabsone, Nellija",LAT,F,,,,1596,0,40,SEP25,2008,wi
11635746,"Jemeljanova, Stella",LAT,F,,,,1595,0,20,SEP25,1989,wi
11607947,"Jenavs, Ernests",LAT,M,,,,1529,0,20,SEP25,1988,i
11632429,"Jeparovs, Nikita",LAT,M,,,,1503,0,40,SEP25,2011,
11607700,"Jerjomins, Jevgenijs",LAT,M,,,,1930,0,20,SEP25,1985,i
11636076,"Jermolajevs, Vladimirs",LAT,M,,,,1764,0,20,SEP25,1950,i
11620811,"Jeronovics, Toms",LAT,M,,,,1864,0,40,SEP25,2011,
11602724,"Jesse, Ingemars",LAT,M,FM,,,2307,0,10,SEP25,1989,i
11606088,"Jevstefejevs, Andrejs",LAT,M,,,,1820,0,20,SEP25,2000,i
11609770,"Jilinger, J.J.",LAT,M,,,,1876,0,20,SEP25,1966,i
11610905,"Jonins, Dimitrijs",LAT,M,,,,1706,0,20,SEP25,2006,i
11633948,"Jurzdickis, Levi Mose",LAT,M,,,,1503,0,40,SEP25,2015,
11607025,"Juskans, Artis",LAT,M,,,,1552,0,20,SEP25,1983,i
11607220,"Kalinicenko, Igor",LAT,M,,,,1847,0,20,SEP25,1970,i
11607211,"Kalinicenko, Maksims",LAT,M,,,,1771,0,20,SEP25,1998,i
11631856,"Kalinin, Oleg",LAT,M,,,,1889,0,40,SEP25,2012,
11629002,"Kalmasnikovs, Artjoms",LAT,M,,,,1618,0,20,SEP25,2006,i
11648767,"Kalnberzs, Viktors",LAT,M,,,,1579,9,20,SEP25,1975,
11622555,"Kalnins, Aleksandrs Alans",LAT,M,,,,1669,0,20,SEP25,2001,
11638230,"Kalnins, Eduards",LAT,M,,,,1510,0,40,SEP25,2010,i
11626992,"Kalnins, Girts",LAT,M,,,,1539,0,20,SEP25,1979,i
11642998,"Kalnins, Kaspars",LAT,M,,,,1821,0,20,SEP25,1984,
11612037,"Kalnins, Normunds",LAT,M,,,,1626,0,20,SEP25,1962,i
11604069,"Kalnins, Toms",LAT,M,,"AO,IO,SI",,1983,0,20,SEP25,1996,i
11608323,"Kalpaks, Aivars",LAT,M,,,,1879,0,20,SEP25,1968,i
11637757,"Kalve, Andris",LAT,M,,,,1474,14,20,SEP25,1957,
11618906,"Kalve, Maris",LAT,M,,,,1640,0,20,SEP25,1970,i
11602236,"Kance, Edmunds",LAT,M,,,,1896,0,20,SEP25,1980,i
11603569,"Kane, Marta",LAT,F,,,,1785,0,20,SEP25,1994,wi
11629312,"Kantans, Ansis",LAT,M,,,,1774,9,40,SEP25,2011,
11629304,"Kantans, Jekabs",LAT,M,,,,1563,0,40,SEP25,2011,
11602945,"Kantans, Toms",LAT,M,GM,,,2399,0,10,SEP25,1994,
11609974,"Kantoris, Agris",LAT,M,,,,1905,0,20,SEP25,1961,i
11602562,"Kapce, Viesturs",LAT,M,CM,SI,,1846,0,20,SEP25,1987,i
11641738,"Kapisnikovs, Jurijs",LAT,M,,,,1567,8,20,SEP25,1954,
11636114,"Kapisnikovs, Vasilijs",LAT,M,,,,1887,0,20,SEP25,1987,
11604522,"Karanevskis, Arturs",LAT,M,,,,1759,0,20,SEP25,1998,i
11616776,"Karasevics,Aleksandrs",LAT,M,,,,1772,0,40,SEP25,2009,i
11633905,"Karbazals, Huans Boriss",LAT,M,,,,1644,9,20,SEP25,1997,
11605731,"Karcevs, Ivans",LAT,M,,,,1784,0,20,SEP25,1998,i
11648066,"Karklins, Harijs",LAT,M,,,,1669,0,20,SEP25,1991,i
11600942,"Karklins, Imants",LAT,M,,,,2157,0,20,SEP25,1971,i
11606312,"Karpovs, Sergejs",LAT,M,,,,1773,0,20,SEP25,1960,i
11623527,"Kashkinbekov, Arman",LAT,M,,,,1995,0,20,SEP25,1977,i
11606355,"Katajevs, Jevgenijs",LAT,M,,,,1830,0,20,SEP25,1941,i
11600225,"Katishonok, Nikolaj",LAT,M,FM,,,2126,0,20,SEP25,1957,i
11629460,"Kaverins, Nikita",LAT,M,,,,1808,0,20,SEP25,1969,i
11611987,"Kazmerika, Anna",LAT,F,,,,1761,9,20,SEP25,2004,w
11600489,"Kazmins, Girts",LAT,M,,,,1924,0,20,SEP25,1979,i
11617705,"Kazoks, Aivars",LAT,M,,,,1804,0,20,SEP25,1953,
11638990,"Kazuro, Kristaps",LAT,M,,,,1507,0,20,SEP25,2002,i
11605375,"Keiss, Evalds",LAT,M,,,,1744,0,20,SEP25,1962,i
11608935,"Kempele, Ilze",LAT,F,,,,1714,0,20,SEP25,1972,w
11600039,"Kengis, Edvins",LAT,M,GM,,,2414,0,10,SEP25,1959,
11636122,"Kerpenisan, Konstantin",LAT,M,,,,1699,0,20,SEP25,2001,i
11616385,"Kezberis,Markuss",LAT,M,,,,1663,0,40,SEP25,2007,i
11600926,"Kilgasts, Boleslavs",LAT,M,,,,1999,0,20,SEP25,1980,i
11609109,"Kipluka,Anna Krista",LAT,F,,,,1566,0,20,SEP25,2005,wi
11640774,"Kirhensteins, Oskars",LAT,M,,,,1413,0,40,SEP25,2013,i
11600373,"Kirpichnikov, Vladimir",LAT,M,FM,,,2129,0,20,SEP25,1948,
11620579,"Kirpicovs, Jegors",LAT,M,,,,1709,0,40,SEP25,2008,
11603500,"Kirsbergs, Girts",LAT,M,,,,1906,0,20,SEP25,1968,
11642440,"Kirstuks, Regnars",LAT,M,,,,1433,0,40,SEP25,2015,
11604999,"Kivalovs, Pavels",LAT,M,,,,1681,0,20,SEP25,1975,i
11610832,"Klackins, Samuils",LAT,M,,,,1783,0,20,SEP25,1950,i
11643862,"Klesnins, Daniils",LAT,M,,,,ACM,1538,0,SEP25,2009,
11602066,"Klimakovs, Sergejs",LAT,M,FM,,,2197,0,20,SEP25,1985,
11602350,"Klochan, Jevgeny",LAT,M,,,,2145,0,20,SEP25,1991,i
11628650,"Knazs, Alekss",LAT,M,,,,1464,0,40,SEP25,2010,i
11616849,"Kokina,Elizabete",LAT,F,,NA,,1455,0,20,SEP25,2006,wi
11643412,"Kokorevics, Krisjanis",LAT,M,,,,1533,0,40,SEP25,2015,
11604255,"Kolasa, Pjotrs",LAT,M,,,,2042,9,20,SEP25,2000,
11629835,"Kolesnikov, Sergey",LAT,M,,,,1579,0,40,SEP25,2008,i
11602244,"Kolesnikovs, Ivans",LAT,M,,,,2044,27,20,SEP25,1986,
11628324,"Kols, Igors",LAT,M,,,,1640,0,20,SEP25,1955,i
11650834,"Komins,Dmitrijs",LAT,M,,,,1653,0,20,SEP25,1978,
11621400,"Kononovics, Dmitrijs",LAT,M,,,,1461,0,40,SEP25,2008,i
11623276,"Koops, Janis",LAT,M,,,,1770,0,20,SEP25,1985,
11607599,"Koops, Maris",LAT,M,,,,1998,0,20,SEP25,1961,
11644800,"Kopecek, Florian",LAT,M,,,,1625,0,20,SEP25,2004,
11608340,"Korostelovs, Alberts",LAT,M,,,,1766,0,20,SEP25,1959,i
11607068,"Kovada, Vadims",LAT,M,,,,1753,0,20,SEP25,1993,
11606096,"Kovalevskis, Artjoms",LAT,M,,,,1877,0,20,SEP25,2000,i
11602376,"Kovalevsky, Arkady",LAT,M,,,,2213,0,20,SEP25,1990,i
11605146,"Kovalskis, Mihails",LAT,M,,,,1846,0,20,SEP25,1987,
11603330,"Kovsuns, Nikolajs",LAT,M,,"FI,NA",,1917,0,20,SEP25,1988,i
11621460,"Kozlovs, Aleksandrs",LAT,M,,,,1455,0,20,SEP25,2005,i
11611693,"Krainovs, Maksims",LAT,M,,,,1731,0,20,SEP25,1979,i
11600462,"Krakops, Maris",LAT,M,GM,,,2410,0,10,SEP25,1978,i
11621290,"Krakops, Martijs",LAT,M,,,,1819,0,40,SEP25,2010,
11624051,"Krasavins, Glebs",LAT,M,,,,1434,0,40,SEP25,2009,i
11618019,"Krasilnikova, Marija",LAT,F,,,,1627,0,40,SEP25,2009,w
11618078,"Krasilnikovs, Aleksandrs",LAT,M,,NA,,1663,0,20,SEP25,2006,i
11622644,"Krasilnikovs, Glebs",LAT,M,,,,1619,0,20,SEP25,1972,i
11607343,"Krastins, Arturs",LAT,M,,,,1766,0,20,SEP25,2005,i
11603666,"Krastins, Juris",LAT,M,,,,1876,0,20,SEP25,1987,
11603674,"Krauze, Anda",LAT,F,,,,1652,0,20,SEP25,1979,w
11604980,"Kravcovs, Ivans",LAT,M,,,,1752,0,20,SEP25,1998,i
11631643,"Krebe, Marko",LAT,M,,,,1539,0,40,SEP25,2010,i
11602163,"Kretainis, Kristaps",LAT,M,,,,2157,0,20,SEP25,1982,
11618086,"Kriek, Zoran",LAT,M,,,,1718,0,20,SEP25,2006,i
11603100,"Krilovs, Nikolajs",LAT,M,,,,2141,9,20,SEP25,1994,
11600349,"Krivonosov, Oleg",LAT,M,IM,,,2376,11,10,SEP25,1961,
11604077,"Kronlaks, Olafs",LAT,M,,,,1813,0,20,SEP25,1941,i
11601701,"Krumina, Linda",LAT,F,WFM,WFM,,1934,10,20,SEP25,1984,w
11620854,"Krumins, Janis",LAT,M,,,,1781,0,40,SEP25,2009,
11632488,"Krumins, Jurgis",LAT,M,,,,1471,0,20,SEP25,2003,i
11614080,"Krumins, Karlis",LAT,M,,,,1517,0,20,SEP25,2004,i
11632496,"Krumins, Vents",LAT,M,,,,1455,0,20,SEP25,1971,i
11600730,"Krums, Ilmars",LAT,M,,,,1906,0,20,SEP25,1971,
11602686,"Krustkalns, Kristaps",LAT,M,FM,,,2017,11,20,SEP25,1979,
11614749,"Krutikovs, Glebs",LAT,M,,,,1503,0,20,SEP25,2006,i
11630116,"Kruzitis, Ronalds",LAT,M,,,,1676,0,20,SEP25,1994,i
11609826,"Kubiskins, Deniss",LAT,M,,,,1612,0,20,SEP25,2003,i
11622040,"Kuchina, Polina",LAT,F,,,,1474,0,40,SEP25,2010,wi
34438254,"Kuchvalskiy, Georgy",LAT,M,,,,1443,0,40,SEP25,2008,i
11606932,"Kuklins, Martins",LAT,M,,,,1638,0,20,SEP25,2005,i
11634405,"Kuklis, Ralfs",LAT,M,,,,1552,0,40,SEP25,2014,i
11647060,"Kulikovs, Dmitrijs",LAT,M,,,,1530,0,20,SEP25,1980,
11613440,"Kulins, Jurgis",LAT,M,,,,1622,0,20,SEP25,1989,i
11635061,"Kumarina, Natalija",LAT,F,,,,1463,0,40,SEP25,2012,wi
11614960,"Kuprijanovs,Vadims",LAT,M,,,,1731,0,20,SEP25,1984,i
11600071,"Kurbanova, Dagmara",LAT,F,,,,1766,0,20,SEP25,1997,wi
11606320,"Kurmatovs, Marsels",LAT,M,,,,1673,0,20,SEP25,1941,i
11650354,"Kurovs, Viktors",LAT,M,,,,1516,0,20,SEP25,1991,i
11602074,"Kurpnieks, Vairis",LAT,M,,,,1895,0,20,SEP25,1976,
11640090,"Kusenko, Romans",LAT,M,,,,1742,0,20,SEP25,1978,i
11634359,"Kuzmins, Jevgenijs",LAT,M,,,,1492,0,20,SEP25,1957,i
11618736,"Kuznecova, Marija",LAT,F,WFM,WFM,,2253,0,40,SEP25,2010,w
11623071,"Kuznecovs, Dzintars",LAT,M,,,,1517,0,40,SEP25,2009,i
11612207,"Kuznecovs, Genadijs",LAT,M,,,,1912,0,20,SEP25,1948,i
11604557,"Kuznecovs, Nikita",LAT,M,FM,,,2310,0,20,SEP25,2002,i
11600497,"Lacis, Aleksandrs",LAT,M,,,,1726,0,20,SEP25,1937,i
11605774,"Lacis, Edgars",LAT,M,,,,1834,0,20,SEP25,1958,i
11646926,"Ladisevs, Edvards",LAT,M,,,,1839,18,40,SEP25,2012,
11631090,"Lahiri, Sourajeet",LAT,M,,,,1662,0,20,SEP25,1991,i
11628278,"Lahs, Edvards",LAT,M,,,,1585,0,40,SEP25,2011,i
11606797,"Lahs, Einars",LAT,M,,,,1767,0,20,SEP25,2005,i
11628294,"Lahs, Olivers",LAT,M,,,,1463,0,40,SEP25,2014,
11628286,"Lahs, Ricards",LAT,M,,,,1497,0,40,SEP25,2011,i
11625511,"Laimina, Alise",LAT,F,,,,1554,0,40,SEP25,2009,w
11602465,"Laimins, Lauris",LAT,M,,,,2154,0,20,SEP25,1976,
11603348,"Laizans, Aivars",LAT,M,,,,2135,45,20,SEP25,1969,
11609443,"Laksis, Dans",LAT,M,,,,1637,0,20,SEP25,1999,i
11630590,"Lambrou, Adam",LAT,M,,,,1768,0,20,SEP25,1986,i
11607734,"Lanka, Gunars",LAT,M,,,,1439,0,20,SEP25,1934,i
11600047,"Lanka, Zigurds",LAT,M,GM,FST,,2304,0,10,SEP25,1960,
11635118,"Lapa, Kristaps",LAT,M,,,,1462,0,20,SEP25,2002,i
11609427,"Lapins, Janis",LAT,M,,,,1797,0,20,SEP25,1937,i
11620110,"Lapkis, Mihails",LAT,M,,,,1683,0,20,SEP25,1948,i
11619090,"Lapse, Andrejs",LAT,M,,,,1667,0,20,SEP25,1957,
11638117,"Larmanis, Ronans",LAT,M,,,,1593,0,20,SEP25,2000,i
11613351,"Lasko, Anatolijs",LAT,M,,,,1649,0,20,SEP25,1940,i
11632259,"Laskovs, Romans",LAT,M,,,,1481,0,40,SEP25,2012,
11619015,"Lasmanis, Reinis",LAT,M,,,,1644,0,20,SEP25,1989,i
11636017,"Lass, Kristaps",LAT,M,,,,1646,0,20,SEP25,2006,i
11601647,"Lavendelis, Egons",LAT,M,FM,,,2201,0,20,SEP25,1984,
11609168,"Lavrinovics, Dmitrijs",LAT,M,,,,1596,0,20,SEP25,1976,i
11635452,"Lazars, Krisjanis",LAT,M,,,,2041,0,40,SEP25,2013,
11634200,"Lazdina, Adrija",LAT,F,,,,1401,0,40,SEP25,2014,w
11619643,"Lazdina, Ingrida",LAT,F,,,,ACM,1667,4,SEP25,1983,w
11634197,"Lazdina, Keitija",LAT,F,,,,1570,0,40,SEP25,2012,w
11618701,"Lazovskis, Lauris",LAT,M,,,,1670,0,20,SEP25,2006,i
11617624,"Lebedeks, Rihards",LAT,M,,,,1783,0,20,SEP25,1942,i
11623012,"Lebedeva-Gulbe, Diana",LAT,F,,,,1543,0,20,SEP25,1977,wi
11604816,"Lebedevs, Aleksandrs",LAT,M,,,,1810,0,20,SEP25,1976,
11604085,"Lebedevs, Jevgenijs",LAT,M,,,,1738,0,20,SEP25,1947,i
11610310,"Lefters, Edgars",LAT,M,,,,1855,0,20,SEP25,1999,i
11608455,"Leitans, Daniels",LAT,M,,,,1698,0,20,SEP25,2004,i
11611561,"Leja, Daniels",LAT,M,,,,1515,0,20,SEP25,2006,i
11611553,"Leja,Deivids",LAT,M,,,,1592,0,20,SEP25,2005,i
11618981,"Lejasmeijers, Varis",LAT,M,,,,1749,0,20,SEP25,1941,i
11613866,"Lejnieks, Roberts",LAT,M,,,,1707,0,20,SEP25,1979,i
11607254,"Lele, Emili",LAT,F,,,,1557,0,20,SEP25,2004,wi
11602856,"Lelis, Edgars",LAT,M,,,,1983,0,20,SEP25,1991,i
11604328,"Lelis, Janis",LAT,M,,FA,,1842,0,20,SEP25,1947,i
11649615,"Lemmetyinen, Tero Tapio",LAT,M,,,,1536,0,20,SEP25,1967,i
11638893,"Leonovics, Eduards",LAT,M,,,,1458,0,20,SEP25,1998,i
11607289,"Leonovs, Jegors",LAT,M,,,,1633,0,20,SEP25,2004,i
11609257,"Leonovs,Glebs",LAT,M,,,,1690,0,20,SEP25,2004,i
11613521,"Leontyev, Alexey",LAT,M,,,,1706,0,20,SEP25,1998,i
11606207,"Lepjohina, Valerija",LAT,F,,,,1606,0,20,SEP25,2001,wi
11629290,"Lescenko, Maksims",LAT,M,,,,1484,0,40,SEP25,2011,i
11609729,"Levcenkova, Sofija Viktorija",LAT,F,,,,1555,0,20,SEP25,2003,wi
11605405,"Liecis, Raimonds",LAT,M,,,,1809,0,20,SEP25,1970,i
11600500,"Lielmezs, Girts",LAT,M,,,,1870,9,20,SEP25,1977,
11621176,"Liepina, Daniela Nikola",LAT,F,,,,1599,0,40,SEP25,2009,w
11617977,"Liepina, Elza",LAT,F,,,,1402,0,40,SEP25,2008,wi
11641550,"Liepina, Sofija",LAT,F,,,,1413,8,40,SEP25,2014,w
11640219,"Liepins, Arturs",LAT,M,,,,1576,7,40,SEP25,2015,
11623250,"Liepins, Henrijs",LAT,M,,,,1410,0,40,SEP25,2010,i
11605790,"Liepins, Karlis",LAT,M,,,,1865,0,20,SEP25,1999,i
11648511,"Liepins, Lauris",LAT,M,,,,1451,0,20,SEP25,1982,
11603682,"Liepins, Martins",LAT,M,,,,1875,0,20,SEP25,1940,i
11636785,"Ligotnis, Maksims",LAT,M,,,,1965,10,40,SEP25,2011,
11603542,"Limanovska, Elizabete",LAT,F,WFM,WFM,,2076,0,20,SEP25,2000,wi
11606100,"Lindermans, Pavels",LAT,M,,,,1881,0,20,SEP25,2001,i
11649488,"Linke, Linda",LAT,F,,,,1403,0,20,SEP25,1986,wi
11639903,"Lipsa, Artis",LAT,M,,,,1493,0,20,SEP25,2006,
11639253,"Liscovs, Augusts",LAT,M,,,,1429,20,40,SEP25,2014,
11625740,"Lisovskis, Dmitrijs",LAT,M,,,,2164,11,40,SEP25,2007,
11649607,"Litins, Andris",LAT,M,,,,1459,0,20,SEP25,1995,
11603992,"Litvjakova, Darija",LAT,F,,,,1773,0,20,SEP25,2000,wi
11620951,"Locmele,Valerija",LAT,F,,,,1421,0,40,SEP25,2010,wi
11653183,"Locmelis, Davis",LAT,M,,,,1517,0,20,SEP25,1993,
11610093,"Lubineckis, Anatolijs",LAT,M,,,,1836,0,20,SEP25,1947,i
11613424,"Lukjanov, Vladimir",LAT,M,,,,1712,0,20,SEP25,1950,i
11635134,"Luksevics, Aksels",LAT,M,,,,1555,0,40,SEP25,2012,
11606118,"Luscenkovs, Artjoms",LAT,M,,,,1803,0,20,SEP25,2000,i
11635517,"Lusis, Kristers",LAT,M,,,,1415,0,40,SEP25,2011,i
11625430,"Lusts, Ricards Martins",LAT,M,,,,1623,10,40,SEP25,2011,
11604441,"Machevskis, Edmunds",LAT,M,,,,1893,0,20,SEP25,1939,i
11618272,"Macuks, Timofejs",LAT,M,,,,1633,0,40,SEP25,2008,i
11608072,"Magone, Andris",LAT,M,,,,1477,0,20,SEP25,1944,
11634146,"Maizenbergs, Levs",LAT,M,,,,1512,8,40,SEP25,2015,
11644109,"Makarovs, Daniils",LAT,M,,,,1562,0,40,SEP25,2017,
11620072,"Maklakova, Dafne",LAT,F,,,,1422,0,40,SEP25,2011,w
11617748,"Maklakova, Naomi",LAT,F,WCM,WCM,,1864,11,40,SEP25,2010,w
11603470,"Maklakova, Nellija",LAT,F,,"FI,NA",,1766,0,20,SEP25,1981,w
11622792,"Maksimovs, Arturs",LAT,M,,,,1575,0,40,SEP25,2010,i
11613548,"Maksimovs, Mihails",LAT,M,,,,1571,0,20,SEP25,2006,i
11643544,"Malakalns, Martins",LAT,M,,,,1771,8,40,SEP25,2008,
11616490,"Malnacs,Edgars",LAT,M,,,,1501,0,20,SEP25,2006,i
11604204,"Malnieks, Karlis",LAT,M,,,,1851,0,20,SEP25,2001,i
11625600,"Manzurcevs, Ralfs",LAT,M,,,,1522,0,40,SEP25,2009,i
11601540,"Marcinkevics, Oskars",LAT,M,,,,1945,0,20,SEP25,1993,i
11604565,"Markauss, Daniels",LAT,M,,,,1971,0,20,SEP25,1998,i
11628073,"Markss, Lauris",LAT,M,,,,1576,0,20,SEP25,1987,i
11628081,"Markss, Olegs",LAT,M,,,,1704,0,20,SEP25,1959,i
11605421,"Markus, Viktors",LAT,M,,,,1644,0,20,SEP25,1939,i
11611138,"Marstupa,Rodions",LAT,M,,,,1540,0,20,SEP25,2002,i
11606550,"Martinenko, Pjotrs",LAT,M,,,,1741,0,20,SEP25,1948,i
11633778,"Martinovs, Luka",LAT,M,,,,1521,0,40,SEP25,2015,
11639792,"Martynenko, Mykhailo",LAT,M,,,,1581,0,40,SEP25,2012,
11600012,"Marutkins, Olegs",LAT,M,,,,2026,0,20,SEP25,1996,i
11615206,"Masarskis, Aleksandrs",LAT,M,,,,1825,0,20,SEP25,1951,
11651687,"Mastan, Aidina",LAT,F,,,,1673,0,20,SEP25,2002,w
11601914,"Matcins, Aleksejs",LAT,M,,,,2083,0,20,SEP25,1985,i
11636130,"Matesins, Pavels",LAT,M,,,,1646,0,20,SEP25,1982,i
11628545,"Matisons, Janis Mihaels",LAT,M,,,,2076,0,40,SEP25,2008,
11646535,"Matisons, Jevgenijs",LAT,M,,,,1543,0,20,SEP25,1973,
11607467,"Matrosovs, Aleksandrs",LAT,M,,,,1701,0,20,SEP25,2003,
11601710,"Matvieks, Nikolajs",LAT,M,,,,1971,0,20,SEP25,1939,i
11616601,"Mednis,Agnis",LAT,M,,,,1713,0,20,SEP25,1993,
11651660,"Medvedevs, Markuss",LAT,M,,,,1473,0,40,SEP25,2010,
11630582,"Medvedevs, Raivis",LAT,M,,,,1453,0,20,SEP25,1996,i
11605162,"Megnis, Renars",LAT,M,,,,1881,0,20,SEP25,1999,i
11605820,"Meiers, Gundars",LAT,M,,,,1767,0,20,SEP25,1957,
11600845,"Melderis, Uldis",LAT,M,,,,1892,57,20,SEP25,1961,
11605839,"Melihovs, Stanislavs",LAT,M,,,,AFM,1766,0,SEP25,1978,
11602287,"Melnikovs, Svjatoslav",LAT,M,,,,2014,0,20,SEP25,1990,i
11610484,"Mende, Alise",LAT,F,,,,1529,0,20,SEP25,2003,wi
11624710,"Merzlovs, Timurs",LAT,M,,,,1567,0,40,SEP25,2011,i
11602740,"Meshkovs, Nikita",LAT,M,GM,,,2516,11,10,SEP25,1994,
11606347,"Mesters, Janis",LAT,M,,,,1609,0,20,SEP25,1949,
11601663,"Metreveli, Sergejs",LAT,M,,,,2079,0,20,SEP25,1982,i
11618620,"Metreveli, Sergejs Sen.",LAT,M,,,,1794,0,20,SEP25,1955,i
11621559,"Micerevskis, Maris",LAT,M,,,,1533,0,20,SEP25,1982,i
11600691,"Michailovs, Romans",LAT,M,,,,2060,0,20,SEP25,1978,i
11607521,"Micko, Leonids",LAT,M,,,,1653,0,20,SEP25,2004,i
11617292,"Mierina, Lauma",LAT,F,,,,1806,0,40,SEP25,2011,w
11616830,"Mierins, Emils Janis",LAT,M,,,,2170,0,20,SEP25,2005,
11603178,"Mierins, Eriks",LAT,M,,,,1979,0,20,SEP25,1973,
11604336,"Mierins, Guntars",LAT,M,,,,1649,0,20,SEP25,2001,i
11604344,"Mierins, Imants",LAT,M,,,,1615,0,20,SEP25,2003,i
11612320,"Mieze, Natalja",LAT,F,,,,1445,0,20,SEP25,1957,wi
11600136,"Miezis, Normunds",LAT,M,GM,,,2346,9,10,SEP25,1971,
11604964,"Migunova, Aleksandra",LAT,F,,,,1797,0,20,SEP25,2000,wi
11603690,"Mihailovs, Arturs",LAT,M,,IO,,1895,0,20,SEP25,1982,i
11646306,"Mikelsons, Dainis",LAT,M,,,,1686,0,20,SEP25,1979,
11607475,"Mikelsons, Mikelis-Emils",LAT,M,,,,1857,0,20,SEP25,2000,i
11642661,"Mikelsons, Ricards",LAT,M,,,,1515,0,40,SEP25,2008,i
11633018,"Mileiko, Juris",LAT,M,,NA,,1502,0,20,SEP25,1953,
11623187,"Milovs, Daniels",LAT,M,,,,1884,0,20,SEP25,2001,i
11643420,"Mitchell, David",LAT,M,,,,1566,0,20,SEP25,1984,i
11606363,"Mitenieks, Matiss",LAT,M,,,,1773,9,20,SEP25,1970,
11609192,"Mjatezs, Ivans",LAT,M,,,,1762,0,20,SEP25,2006,i
11640472,"Molcanovs, Jevgenijs",LAT,M,,,,1465,0,40,SEP25,2010,
11619031,"Mols, Maris",LAT,M,,,,1810,0,20,SEP25,1975,i
11604506,"Morozli, Grigorijs",LAT,M,,,,1903,0,20,SEP25,2003,i
11639440,"Morozovs, Nikita",LAT,M,,,,1554,0,40,SEP25,2010,i
11620927,"Motejauskas, Algimantas",LAT,M,,,,1749,0,20,SEP25,1959,i
11645962,"Mucenieks, Bruno",LAT,M,,,,1403,0,40,SEP25,2012,
11622660,"Mucenieks, Marks",LAT,M,,,,1896,0,20,SEP25,2003,
11603704,"Muhamadejevs, Rinats",LAT,M,,,,2325,0,20,SEP25,1984,i
11607610,"Muizarajs, Uldis",LAT,M,,,,1503,0,20,SEP25,1945,i
11622369,"Murdasovs, Jevgenijs",LAT,M,,,,1800,0,20,SEP25,1951,i
11640170,"Murinovs, Matvejs",LAT,M,,,,1601,0,40,SEP25,2014,
11618604,"Murkin, Vasiliy",LAT,M,,,,1699,0,20,SEP25,1962,i
11629100,"Murnieks, Armands",LAT,M,,,,1610,0,40,SEP25,2007,i
11629215,"Murzho, Aleksandrs",LAT,M,,,,1644,0,20,SEP25,1980,i
11610026,"Mushkey, Boris",LAT,M,,,,1608,0,20,SEP25,1948,i
11602295,"Mustaps, Matiss",LAT,M,FM,,,2335,10,10,SEP25,1990,
11626348,"Muzis, Renars",LAT,M,,,,1949,11,40,SEP25,2009,
11630558,"Nagainis, Kristers",LAT,M,,,,1559,0,20,SEP25,1999,i
11636009,"Nagle, Miroslava",LAT,F,,,,1600,0,40,SEP25,2011,w
11645679,"Naglis, Janis",LAT,M,,,,ACM,1675,0,SEP25,1984,
11645695,"Naglis, Martins",LAT,M,,,,1457,0,20,SEP25,1986,i
11617659,"Napins, Vadims",LAT,M,,,,1556,0,20,SEP25,1946,i
11606908,"Naumovs, Aleksejs",LAT,M,,,,1626,0,20,SEP25,2000,i
11623225,"Nazarovs, Daniils",LAT,M,,,,1554,0,40,SEP25,2010,i
11607840,"Nazarovs, Ramzans",LAT,M,,,,1554,0,20,SEP25,0,i
11614021,"Nazarovs, Romans",LAT,M,,,,1640,0,20,SEP25,2002,i
11601388,"Neiksans, Arturs",LAT,M,GM,FT,,2544,11,10,SEP25,1983,
11611243,"Neimanis, Gints",LAT,M,,,,1534,8,20,SEP25,1980,
11600853,"Nevickis, Arturs",LAT,M,,,,1855,0,20,SEP25,1937,i
11600829,"Nevickis, Nikolajs",LAT,M,,,,1966,0,20,SEP25,1931,i
11608684,"Nevickis, Sergejs",LAT,M,,,,1452,0,20,SEP25,1953,
11602481,"Ni, Polina",LAT,F,,"FI,FA",,1756,0,20,SEP25,1971,w
11610948,"Niciporuks, Vladislavs",LAT,M,,,,1434,0,20,SEP25,2005,i
11612541,"Nijazi, Lina",LAT,F,,,,1666,0,20,SEP25,2002,wi
11608366,"Nikiforovs, Georgijs",LAT,M,,,,1779,0,20,SEP25,1958,i
11612720,"Nikitins,Aleksandrs",LAT,M,,,,1695,0,20,SEP25,1985,i
11601493,"Nikolajev, Denis",LAT,M,,,,2239,0,10,SEP25,1983,i
11606592,"Nikolajeva, Marija",LAT,F,,,,1780,0,20,SEP25,2002,wi
11614412,"Nikolajevs, Vladimirs",LAT,M,,,,1657,0,20,SEP25,1953,i
11648104,"Nilovs, Artemijs",LAT,M,,,,1683,0,40,SEP25,2015,
11635312,"Noreikis, Andris",LAT,M,,,,1875,0,20,SEP25,1978,
11633476,"Noreikis, Konstantins",LAT,M,,,,1534,0,40,SEP25,2013,
11605847,"Norkus, Maris",LAT,M,,,,1980,0,20,SEP25,1987,i
11638265,"Novikovs, Savva",LAT,M,,,,1407,0,40,SEP25,2013,i
11611413,"Noviks, Maris",LAT,M,,,,1876,0,20,SEP25,1982,i
11605065,"Novoksconovs, Vladimirs",LAT,M,,,,1813,0,20,SEP25,1950,i
11611707,"Nuksevics, Rudolfs",LAT,M,,,,1635,0,20,SEP25,2000,i
11640901,"Odzins, Andris",LAT,M,,,,1504,0,20,SEP25,1982,i
11631830,"Olshevskis, Aleksejs Jans",LAT,M,,,,2021,0,40,SEP25,2010,
11604352,"Omuls, Peteris",LAT,M,,,,1720,0,20,SEP25,1941,i
11639539,"Orleans, Karlis",LAT,M,,,,1625,0,20,SEP25,1991,i
11633140,"Orlovs, Vladimirs",LAT,M,,,,1547,0,20,SEP25,2006,i
11612630,"Orlovs,Vitalijs",LAT,M,,,,1610,9,20,SEP25,1964,
11601825,"Orlovska, Madara",LAT,F,,,,2060,0,20,SEP25,1986,w
11636173,"Orlovskis, Jaroslavs",LAT,M,,,,2017,18,40,SEP25,2012,
11602341,"Osis, Renars",LAT,M,,,,2025,0,20,SEP25,1979,i
11610867,"Osobskaja, Zinaida",LAT,F,,,,1664,0,20,SEP25,1952,w
11603550,"Otikova, Elina",LAT,F,WFM,WFM,,1999,0,20,SEP25,1993,wi
11617594,"Otrohovs, Maksims",LAT,M,,,,2066,30,40,SEP25,2007,
11625724,"Ots, Karlis",LAT,M,,,,1575,0,20,SEP25,2005,
11618949,"Ott Karl, Joachim",LAT,M,,,,1632,0,20,SEP25,1970,i
11606142,"Ovcinkins, Arsenijs",LAT,M,,,,1725,0,20,SEP25,2002,
11601671,"Ozolins, Aris",LAT,M,FM,,,1943,0,20,SEP25,1957,i
11649631,"Ozolins, Gatis",LAT,M,,,,1540,8,20,SEP25,1972,
11622989,"Ozolins,Kristaps",LAT,M,,,,1771,0,40,SEP25,2010,
11605456,"Ozols, Andris",LAT,M,,,,1707,0,20,SEP25,1968,i
11642599,"Paberze, Alina",LAT,F,,,,1521,0,40,SEP25,2012,w
11644206,"Paberzs, Didzis",LAT,M,,,,1480,0,20,SEP25,1989,i
11624078,"Paikens, Reinis",LAT,M,,,,2257,49,20,SEP25,2008,
11607483,"Pakalns, Raivis Kristians",LAT,M,,,,1956,9,20,SEP25,2002,
11602058,"Pakskis, Kristaps",LAT,M,FM,,,2266,0,20,SEP25,1990,i
11601507,"Pakula, Aleksej",LAT,M,,NA,,1980,0,20,SEP25,1979,
11644990,"Pakula, Oskars",LAT,M,,,,1496,0,40,SEP25,2013,
11607858,"Panovs, Aleksejs",LAT,M,,,,1892,0,20,SEP25,0,i
11606185,"Parhomenko, Anastasija",LAT,F,,,,1792,0,20,SEP25,2002,w
11603216,"Parhomenko, Margarita",LAT,F,,,,1874,0,20,SEP25,1999,w
11641746,"Parhomenko, Polina",LAT,F,,,,1425,0,40,SEP25,2014,w
11616172,"Parhomenko,Igors",LAT,M,,,,1511,0,40,SEP25,2009,i
430277,"Parols, Vladimir",LAT,M,,,,1660,0,20,SEP25,1952,
11650079,"Pashayev, Zahid",LAT,M,,,,1547,0,20,SEP25,2002,i
11653191,"Pastuhovs, Pauls",LAT,M,,,,1403,0,20,SEP25,2000,
11635592,"Paulins, Juris",LAT,M,,,,1659,0,20,SEP25,1974,i
11635185,"Paulsons, Eriks Eduards",LAT,M,,,,1519,0,40,SEP25,2009,i
11608382,"Pavlans, Vitalijs",LAT,M,,,,1763,0,20,SEP25,1984,i
11608943,"Pavlenko, Jevgenijs",LAT,M,,,,1948,0,20,SEP25,1986,i
11654104,"Pavlovs, Dmitrijs",LAT,M,,,,1434,0,20,SEP25,1981,
11632631,"Pavlovs, Jegors",LAT,M,,,,1517,0,40,SEP25,2014,
11605855,"Pavlovs, Nikita",LAT,M,,,,1972,0,20,SEP25,2002,
11617306,"Pavlovs, Ostins",LAT,M,,,,1689,0,40,SEP25,2008,i
11601736,"Pavlovs, Sergejs",LAT,M,,,,1942,0,20,SEP25,1979,i
11602570,"Pavlucenko, Aleksejs",LAT,M,,,,1917,0,20,SEP25,1990,i
11601434,"Pcolkins, Nikolajs",LAT,M,,,,1828,0,20,SEP25,1940,i
11606843,"Pelle, Roberts",LAT,M,,,,1715,0,20,SEP25,1999,i
11635568,"Petersons, Franks",LAT,M,,,,1437,0,40,SEP25,2012,i
11607769,"Petersons, Ojars",LAT,M,,,,1867,0,20,SEP25,1961,i
11630426,"Petersons, Patriks",LAT,M,,,,1593,0,40,SEP25,2010,i
11654139,"Petersons, Roberts",LAT,M,,,,1524,0,20,SEP25,1999,
11615362,"Petersons,Matejs",LAT,M,,,,1666,0,40,SEP25,2008,i
11644508,"Petrochenkov, Andrey",LAT,M,,,,1763,0,20,SEP25,1962,i
11606800,"Petrova, Vita",LAT,F,,,,1711,0,20,SEP25,2001,wi
11616695,"Petrova,Anna",LAT,F,,,,1609,0,20,SEP25,2005,wi
11635088,"Petrovics, Raitis",LAT,M,,,,1634,0,20,SEP25,1985,
11601892,"Petrovs, Aleksandrs",LAT,M,,,,1800,0,20,SEP25,1947,i
11618795,"Petrovs, Arsenijs",LAT,M,,,,1590,0,40,SEP25,2008,i
11604379,"Petrovs, Jaroslavs",LAT,M,,,,1885,0,20,SEP25,2002,
11613971,"Petrovs, Renars",LAT,M,,,,1852,0,40,SEP25,2007,
11604476,"Petrovska, Arina",LAT,F,,,,1699,0,20,SEP25,2003,wi
11638290,"Petrovskis, Normunds",LAT,M,,,,1625,9,40,SEP25,2013,
11603186,"Petrovskis, Olegs",LAT,M,,,,1995,0,20,SEP25,1998,i
11615079,"Pezenkovs, Romans",LAT,M,,,,1710,0,20,SEP25,1993,i
11616091,"Pidgora,Andrejs",LAT,M,,,,1662,0,20,SEP25,2006,i
11609117,"Piksis, Davids",LAT,M,,,,1853,0,20,SEP25,2002,
11612835,"Pinne, Nauris",LAT,M,,,,1407,0,20,SEP25,2006,i
11612150,"Plate, Marks",LAT,M,,,,1722,0,20,SEP25,1984,i
11622598,"Platonovs, Nikolajs",LAT,M,,,,2016,11,40,SEP25,2012,
11604840,"Plitnieks, Janis",LAT,M,,,,1737,0,20,SEP25,1944,i
11614978,"Plume,Gunars",LAT,M,,,,1688,0,20,SEP25,1936,i
11618400,"Plumins, Patriks",LAT,M,,,,1626,0,20,SEP25,2006,i
11628731,"Podgornijs, Bogdans",LAT,M,,,,1521,0,40,SEP25,2009,
11613327,"Podojniks, Marks Ernests",LAT,M,,,,1627,0,20,SEP25,2005,i
11631562,"Pogorelovs, Mihails",LAT,M,,,,1556,0,40,SEP25,2011,i
11614269,"Pogorelovs,Dmitrijs",LAT,M,,,,1555,0,40,SEP25,2007,
11620587,"Pogrebnojs, Damirs",LAT,M,,,,1427,0,40,SEP25,2010,
11602333,"Pogrebnojs, Dmitrijs",LAT,M,,,,AIM,1952,9,SEP25,1979,
11609176,"Polakovs, Viktors",LAT,M,,,,1963,0,20,SEP25,1962,i
11607351,"Pole, Rita",LAT,F,,,,1750,0,20,SEP25,1953,wi
11611367,"Policans, Kristers",LAT,M,,,,1656,0,20,SEP25,2006,i
11602953,"Polyakov, Fedor",LAT,M,,,,1996,0,20,SEP25,2000,
11603976,"Pomahs, Martins",LAT,M,,,,1860,0,20,SEP25,1978,i
11603194,"Pomahs, Ziedonis",LAT,M,,,,1698,0,20,SEP25,1947,i
11608595,"Popovs, Daniels",LAT,M,,,,1476,0,20,SEP25,2001,i
11618710,"Poznaks, Ralfs",LAT,M,,,,1504,0,20,SEP25,2005,i
11614030,"Predkels, Pavels",LAT,M,,,,1743,0,20,SEP25,1991,i
11636645,"Priedeslaipa, Alberts",LAT,M,,,,1657,0,40,SEP25,2009,i
11600217,"Priedite, Ingrida",LAT,F,WFM,WFM,,1980,0,20,SEP25,1954,w
11634391,"Prieditis, Arnis",LAT,M,,,,1564,0,20,SEP25,2002,i
11618280,"Priscepovs, Vladimirs",LAT,M,,,,1690,0,20,SEP25,1947,i
11613718,"Prudnikovs, Stefans",LAT,M,,,,1669,0,40,SEP25,2009,i
11628855,"Pucinskis, Mihails",LAT,M,,,,1708,0,40,SEP25,2010,
11621893,"Pukite, Elza",LAT,F,,,,1487,0,40,SEP25,2010,wi
11620056,"Pupins, Benjamins Emanuels",LAT,M,,,,1461,0,40,SEP25,2010,i
11618825,"Purins, Edvards",LAT,M,,,,1423,0,40,SEP25,2009,i
11635304,"Purvins, Martins",LAT,M,,,,1491,0,20,SEP25,1960,i
11605170,"Pusmucans, Gunars",LAT,M,,,,1892,0,20,SEP25,1958,
11643552,"Putans, Gatis",LAT,M,,,,1712,0,40,SEP25,2010,
11600659,"Putka, Verners",LAT,M,FM,FT,,2357,0,10,SEP25,1977,
11611928,"Puzina, Nikolajs",LAT,M,,,,1756,0,20,SEP25,1958,i
11603372,"Rahunoks, Arturs",LAT,M,,,,1906,0,20,SEP25,1990,i
11610735,"Rancis, Bruno",LAT,M,,,,1529,0,20,SEP25,1975,
11604700,"Rasa, Gints",LAT,M,,,,1988,0,20,SEP25,1973,i
11608889,"Ratniece, Laura",LAT,F,,,,1707,0,20,SEP25,1988,wi
11651865,"Rats, Arvids",LAT,M,,,,1530,0,20,SEP25,1934,
11625465,"Raudenieks, Kristians",LAT,M,,,,1473,0,40,SEP25,2009,i
11625473,"Raudenieks, Markus",LAT,M,,,,1494,0,40,SEP25,2009,i
11601060,"Raudive, Aivars",LAT,M,FM,,,2276,0,20,SEP25,1966,i
11615435,"Reiha,Ance",LAT,F,,,,1567,0,20,SEP25,2006,wi
11602988,"Reimanis, Ritvars",LAT,M,IM,,,2271,0,10,SEP25,1991,
11639733,"Reiters, Marks",LAT,M,,,,1426,0,40,SEP25,2014,i
11601124,"Reizniece, Dana",LAT,F,WGM,WGM,IO,2191,11,20,SEP25,1981,w
11610662,"Rescenko, Pavels",LAT,M,,,,1914,0,20,SEP25,1980,i
11629045,"Revalds, Roberts",LAT,M,,,,1665,0,20,SEP25,2001,i
11605006,"Reznikovs, Aleksandrs",LAT,M,,,,1852,0,20,SEP25,1985,i
11624884,"Rezniks, Roberts",LAT,M,,,,1820,29,40,SEP25,2009,
11616245,"Rinkevics,Ralfs",LAT,M,,,,1551,0,20,SEP25,2006,i
11603380,"Rizihs, Valerijs",LAT,M,,,,1714,0,20,SEP25,1983,
11618329,"Rizovs, Markuss",LAT,M,,,,1497,0,20,SEP25,2005,i
11600772,"Rocko, Ilja",LAT,M,,,,2134,0,20,SEP25,1975,i
11636858,"Rode, Aksels",LAT,M,,,,1413,0,40,SEP25,2015,
11637684,"Rode, Artis",LAT,M,,,,1472,0,20,SEP25,1988,
11609419,"Rodins, Maksims",LAT,M,,,,1606,0,20,SEP25,2004,i
11601876,"Rogule, Laura",LAT,F,WGM,WGM,,2231,0,10,SEP25,1988,w
11602775,"Rogulis, Uldis",LAT,M,,,,1662,0,20,SEP25,1957,i
11634081,"Romanovskis, Davis",LAT,M,,,,1680,0,20,SEP25,2005,i
11614803,"Romanovskis, Vilnis",LAT,M,,,,1714,0,20,SEP25,1956,i
11644010,"Ronzins, Grigorijs",LAT,M,,,,1507,0,40,SEP25,2015,
11632089,"Roskova, Viktorija",LAT,F,,,,1407,0,40,SEP25,2011,wi
11601051,"Roze, Janis",LAT,M,,,,1753,0,20,SEP25,1950,i
11638036,"Rozenbergs, Janis",LAT,M,,,,1426,0,20,SEP25,1977,i
11600802,"Rozlapa, Vija",LAT,F,,FT,,1566,0,20,SEP25,1942,w
11619732,"Rubins, Andris",LAT,M,,,,1525,0,20,SEP25,1947,i
11623551,"Rubins, Karlis",LAT,M,,,,1699,0,20,SEP25,1980,i
11606380,"Rucs, Andris",LAT,M,,,,1898,0,20,SEP25,1984,
11602554,"Rudovska, Elina",LAT,F,,,,1863,0,20,SEP25,1988,wi
11647760,"Rudzitis, Kristaps",LAT,M,,,,1705,0,20,SEP25,2006,
11627492,"Rumjancevs, Edgars",LAT,M,,,,1638,0,20,SEP25,1996,i
11636734,"Rundale, Lelde",LAT,F,,,,1450,0,40,SEP25,2008,wi
11606940,"Rungenfelde, Elizabete",LAT,F,,,,1605,0,20,SEP25,2002,wi
11614854,"Rupais,Gustavs",LAT,M,,,,1637,0,40,SEP25,2008,i
11606231,"Rusakovs, Martins",LAT,M,,,,1771,0,20,SEP25,1998,
11654929,"Rustamov, Ganijon",LAT,M,,,,1407,0,20,SEP25,2004,
11634898,"Rutkevics, Daniels",LAT,M,,,,1475,0,20,SEP25,2003,i
11650516,"Safford, Nicholas",LAT,M,,,,1566,0,20,SEP25,1983,i
11600900,"Safonov, Nikolaj",LAT,M,,,,2006,0,20,SEP25,1963,i
11647116,"Sahovs, Ruslans",LAT,M,,,,1540,0,20,SEP25,1982,
11605464,"Sakins, Aivars",LAT,M,,,,1985,0,20,SEP25,1951,i
11600586,"Sakovich, Igor",LAT,M,FM,,,2149,0,20,SEP25,1938,i
11602937,"Saksis, Ivo",LAT,M,,,,1907,0,20,SEP25,1973,i
11607084,"Saksis, Juris",LAT,M,,,,1981,0,20,SEP25,1952,i
11605871,"Salenieks, Eduards",LAT,M,,,,1854,0,20,SEP25,1998,i
11635428,"Salenieks, Roberts",LAT,M,,,,1930,0,20,SEP25,1999,i
11639660,"Salna, Eduards",LAT,M,,,,1546,0,20,SEP25,2006,i
11602112,"Samolins, Vitalijs",LAT,M,IM,,,2384,0,10,SEP25,1990,i
11606878,"Sapovalovs, Konstantins",LAT,M,,,,1955,0,20,SEP25,1968,i
11637617,"Sarbantovics, Andris",LAT,M,,,,1561,0,20,SEP25,1986,i
11633336,"Sarbantovics, Roberts",LAT,M,,,,1478,0,40,SEP25,2011,
11638249,"Saricevs, Romans",LAT,M,,,,1525,0,20,SEP25,1983,i
11631120,"Sarma,Kristaps",LAT,M,,,,1621,0,20,SEP25,1982,i
11603003,"Sarnovska, Eira",LAT,F,,,,1764,0,20,SEP25,1998,wi
11634235,"Saulevics, Martins Roberts",LAT,M,,,,1486,0,40,SEP25,2010,i
11629126,"Savchenko, Vjacheslavs",LAT,M,,,,AIM,1709,0,SEP25,1987,
11617489,"Savicevs, Arsenijs",LAT,M,FM,,,2138,0,40,SEP25,2008,
11605472,"Savickis, Maris",LAT,M,,,,1791,0,20,SEP25,1987,i
11619899,"Savickis, Nikita",LAT,M,,,,1615,0,40,SEP25,2009,i
11633212,"Savins, Semjons",LAT,M,,,,1574,0,40,SEP25,2013,
11606975,"Savruckis, Davids",LAT,M,,,,1677,0,20,SEP25,2001,i
11618159,"Scadilovs, Vsevolods",LAT,M,,,,1524,0,40,SEP25,2007,i
11610115,"Sciglevs, Vladimirs",LAT,M,,,,1668,0,20,SEP25,1949,i
11606509,"Sedleniece, Sarma",LAT,F,,,,1762,0,20,SEP25,1939,wi
11600543,"Segal, Naum",LAT,M,,,,1974,0,20,SEP25,1934,i
11603747,"Seglins, Juris",LAT,M,,,,1893,0,20,SEP25,1964,
11603402,"Selivanovs, Anatolijs",LAT,M,,,,1906,0,20,SEP25,1954,i
11620137,"Semjonovs, Danila",LAT,M,,,,1566,0,40,SEP25,2008,i
11604263,"Semjonovs, Ilja",LAT,M,FM,,,2228,0,20,SEP25,2002,
11604409,"Semjonovs, Stanislavs",LAT,M,,,,1632,0,20,SEP25,1938,i
11604271,"Semjonovs, Vsevolods",LAT,M,,,,1932,0,20,SEP25,2000,i
11608404,"Senavskis, Voicehs",LAT,M,,,,1828,0,20,SEP25,1968,i
11632224,"Senvalds, Niklavs",LAT,M,,,,1755,0,20,SEP25,1999,i
11601698,"Serdjuks, Makss",LAT,M,,,,1907,0,20,SEP25,1997,i
11608056,"Sergejeva, Sofija",LAT,F,,,,1575,0,20,SEP25,2006,wi
11610492,"Sergejevs, Germans",LAT,M,,,,1535,0,40,SEP25,2008,i
11605278,"Sermons, Uldis",LAT,M,,,,2125,0,20,SEP25,1964,i
11643722,"Sersnovs, Marks",LAT,M,,,,1423,0,40,SEP25,2014,
11620528,"Sestakovs, Maksims",LAT,M,,,,1607,0,20,SEP25,2004,i
11604921,"Sevastjanovs, Roberts",LAT,M,,,,1713,0,20,SEP25,2002,i
11618639,"Sevcenko, Vladimirs",LAT,M,,,,1530,0,20,SEP25,1968,i
11609036,"Shaburishvili,Giorgi",LAT,M,,,,1692,0,20,SEP25,2003,i
11608048,"Sharakovs, Ilja",LAT,M,,,,1872,0,20,SEP25,1999,
11643960,"Shirokov, Kirill",LAT,M,,,,1425,0,40,SEP25,2014,
11622679,"Shmins, Andrejs",LAT,M,,,,1791,0,20,SEP25,2005,i
11623160,"Shulman, Gabriel",LAT,M,,,,1408,0,40,SEP25,2011,i
11602414,"Shumskis, Aleksandrs",LAT,M,,,,1931,0,20,SEP25,1997,i
11601400,"Shutovs, Artjoms",LAT,M,,,,1723,0,20,SEP25,1994,
11635339,"Shvab, Petr",LAT,M,,,,1621,0,40,SEP25,2008,i
11603127,"Sics, Maksims",LAT,M,,,,1936,0,20,SEP25,1996,i
11618752,"Sidass, Dmitrijs",LAT,M,,,,1547,0,20,SEP25,1970,i
11653914,"Sietins, Kristofers",LAT,M,,,,1463,0,40,SEP25,2013,
11620200,"Silins, Andrejs",LAT,M,,,,1489,0,20,SEP25,1954,i
11609680,"Silins, Juris",LAT,M,,,,1604,0,20,SEP25,2003,i
11630981,"Silins, Miks",LAT,M,,,,1495,0,40,SEP25,2010,i
11600535,"Silis, Matiss",LAT,M,,,,2011,0,20,SEP25,1982,i
11602813,"Silmalis, Janis",LAT,M,,,,1791,0,20,SEP25,1958,i
11603755,"Simcaks, Sergejs",LAT,M,,,,1905,0,20,SEP25,1969,i
11643269,"Simins, Ricards",LAT,M,,,,1576,0,40,SEP25,2007,i
11604468,"Sinauridze, Simons",LAT,M,,,,1952,0,20,SEP25,2000,
11630019,"Sinicina, Jevgenija",LAT,F,,,,1608,0,40,SEP25,2011,wi
11630620,"Sinicins, Sergejs",LAT,M,,,,1511,0,20,SEP25,1975,i
11609150,"Sinijs, Adrians",LAT,M,,,,1729,0,20,SEP25,2002,i
44158165,"Sinyavin, Roman",LAT,M,,,,1857,0,20,SEP25,2000,i
11604573,"Sipicins, Alekss",LAT,M,,,,1722,0,20,SEP25,2001,i
11601957,"Sirokov, Jevgenijs",LAT,M,,,,1920,0,20,SEP25,1999,i
11606860,"Sirokov, Valerijs",LAT,M,,,,1637,0,20,SEP25,1966,i
11644931,"Sislovs, Serafims",LAT,M,,,,1425,0,40,SEP25,2013,
11638567,"Sjadrovs, Marks",LAT,M,,,,1547,0,40,SEP25,2015,
11643536,"Skadins, Norberts",LAT,M,,,,1467,6,40,SEP25,2011,
11603429,"Skinkis, Peteris",LAT,M,,,,1900,0,20,SEP25,1961,i
11640618,"Skitskis, Aleksejs",LAT,M,,,,1405,0,40,SEP25,2008,i
11606398,"Skolmeistars, Uldis",LAT,M,,,,1830,0,20,SEP25,1948,i
11605081,"Skonda, Nikolajs",LAT,M,,,,1891,0,20,SEP25,1942,i
11626968,"Skreitule, Undine",LAT,F,,,,1593,0,40,SEP25,2011,wi
11600977,"Skuja, Aivars",LAT,M,,,,1942,0,20,SEP25,1943,i
11606746,"Skuja, Edgars",LAT,M,,,,1713,0,20,SEP25,1984,i
11611405,"Slaidins, Janis",LAT,M,,,,1845,0,20,SEP25,1975,i
11644176,"Slepovs, Marians",LAT,M,,,,1468,0,40,SEP25,2015,
11647078,"Slisans, Edgars",LAT,M,,,,1657,0,20,SEP25,1997,i
11609788,"Slobodjans, Mitrofans",LAT,M,,,,1726,0,20,SEP25,1985,
11606410,"Smilga, Ivars",LAT,M,,,,1835,0,20,SEP25,1940,i
11636866,"Smilga, Olivers",LAT,M,,,,1472,0,40,SEP25,2016,
11614013,"Smirnova, Jekaterina",LAT,F,,,,1647,0,40,SEP25,2007,wi
11602759,"Smirnovs, Aleksandrs",LAT,M,,,,1911,0,20,SEP25,1985,i
11629908,"Smirnovs, Artjoms",LAT,M,,,,1569,0,40,SEP25,2008,i
11614684,"Smirnovs, Juris",LAT,M,,,,1624,0,20,SEP25,2001,i
11603771,"Smislajevs, Olegs",LAT,M,,,,1974,0,20,SEP25,1957,i
11605510,"Smits, Gundars",LAT,M,,,,1707,0,20,SEP25,1965,
11606657,"Smits, Marcis",LAT,M,,,,1923,0,20,SEP25,1975,i
11633166,"Smolakovs, Deniss",LAT,M,,,,1576,11,40,SEP25,2013,
11618612,"Smolaks, Vjaceslavs",LAT,M,,,,1832,0,20,SEP25,1976,i
11602015,"Smorodinskis, Igors",LAT,M,FM,,,2133,0,20,SEP25,1963,
11620757,"Sobolevs, Antons",LAT,M,,,,1624,33,20,SEP25,1984,
11644621,"Sofjins, Daniils",LAT,M,,,,1401,0,20,SEP25,2000,i
11600306,"Sokolov, Andrei",LAT,M,IM,,,2473,0,10,SEP25,1972,i
11623462,"Sokolovs, Izmails",LAT,M,,,,1542,0,40,SEP25,2009,i
11629193,"Sokolovs, Maksimilians",LAT,M,,,,1540,0,40,SEP25,2009,
11653493,"Sokolovs, Sergejs",LAT,M,,,,1769,9,20,SEP25,1986,
11634901,"Sokolovs, Vadims",LAT,M,,,,1754,0,20,SEP25,1986,i
11611480,"Sokolovskis, Pavels",LAT,M,,,,1895,0,40,SEP25,2007,
11601183,"Sokols, Svjatoslavs",LAT,M,,,,1943,0,20,SEP25,1994,i
11608862,"Solomka, Nikita",LAT,M,,,,2007,0,20,SEP25,2002,i
11622504,"Sondors, Vjaceslavs",LAT,M,,,,1607,0,40,SEP25,2008,
11629223,"Sotnichenko, Semjons",LAT,M,,,,1557,0,20,SEP25,1992,i
11645709,"Sotvoldiev, Akram",LAT,M,,,,1458,0,20,SEP25,1998,i
11604107,"Sparnins, Edgars",LAT,M,,,,1791,0,20,SEP25,1980,i
11632410,"Sperbergs, Janis",LAT,M,,,,1571,0,20,SEP25,1965,i
11629681,"Spiridovska, Renata",LAT,F,,,,1425,0,40,SEP25,2012,wi
11629690,"Spiridovskis, Leonels",LAT,M,,,,1557,0,40,SEP25,2014,i
11611804,"Spiridovskis, Rafaels",LAT,M,,,,1601,0,40,SEP25,2007,
11615680,"Spirkova,Marija",LAT,F,,,,1669,0,20,SEP25,2006,wi
11629479,"Sprancis, Girts",LAT,M,,,,1404,0,20,SEP25,1977,i
11610506,"Springis, Jevgenijs",LAT,M,,,,2082,0,20,SEP25,2006,i
11638907,"Sprogis, Andrejs",LAT,M,,,,1549,0,20,SEP25,1970,i
11623179,"Sprogis-Cinis, Janis",LAT,M,,,,1420,0,20,SEP25,1997,i
11639075,"Spurins, Ainars",LAT,M,,,,1689,0,20,SEP25,1969,i
11603984,"Stabulnieks, Klavs",LAT,M,,,,2128,0,20,SEP25,2000,i
11655321,"Stalgis, Edmunds",LAT,M,,,,1782,27,40,SEP25,1970,
11606568,"Stals, Gunars",LAT,M,,,,1683,0,20,SEP25,1971,i
11610514,"Stanislavskis, Dmitrijs",LAT,M,,,,1675,0,20,SEP25,2003,i
11635916,"Stankevics, Kristians",LAT,M,,,,1601,0,40,SEP25,2012,
11610638,"Stankevics, Roberts",LAT,M,,,,1575,0,20,SEP25,1939,i
11602961,"Starcevs, Dmitrijs",LAT,M,,,,2093,0,20,SEP25,1996,i
11619503,"Stare, Evelina",LAT,F,,,,1497,0,40,SEP25,2009,wi
11601086,"Starostits, Andris",LAT,M,FM,,,2309,0,20,SEP25,1982,i
11600748,"Starostits, Ilmars",LAT,M,GM,,,2287,0,10,SEP25,1979,
11604743,"Stavickis, Isaks",LAT,M,,,,1862,0,20,SEP25,1940,i
11639555,"Steinberga, Anete",LAT,F,,,,1436,0,40,SEP25,2013,w
11617004,"Steinbergs, Mikelis Karlis",LAT,M,,,,1665,0,40,SEP25,2009,
11611677,"Steinbergs, Raivo",LAT,M,,,,1759,0,20,SEP25,2005,
11605197,"Steinbergs, Viktors",LAT,M,,,,1796,0,20,SEP25,1952,i
11629991,"Steiners, Emils",LAT,M,,,,2113,9,40,SEP25,2011,
11601078,"Stepanov, Timofej",LAT,M,,,,2118,0,20,SEP25,1980,i
11635797,"Stepanovs, Andrejs",LAT,M,,,,AFM,1757,0,SEP25,1983,
11610972,"Stepanovs, Dans",LAT,M,,,,1636,0,20,SEP25,2006,i
11604930,"Stepanovs, Genadijs",LAT,M,,,,1963,0,20,SEP25,1966,i
11602422,"Stepins, Edgars",LAT,M,FM,,,2277,0,20,SEP25,1995,i
11604174,"Stepovojs, Viktors",LAT,M,,,,1847,0,20,SEP25,1996,i
11633158,"Sterns, Tomass Kristians",LAT,M,,,,1855,9,20,SEP25,2004,
11622164,"Stikane, Evelina",LAT,F,,,,1641,10,20,SEP25,2006,w
11611782,"Stinka, Gustavs",LAT,M,,NA,,1734,26,20,SEP25,2004,
11631953,"Stirna, Uldis",LAT,M,,,,1961,0,20,SEP25,1973,
11650338,"Stockert, Alejandro",LAT,M,,,,1538,0,20,SEP25,1975,i
11648813,"Stolde, Oskars",LAT,M,,,,1533,0,40,SEP25,2008,
11605901,"Straksis, Harijs",LAT,M,,,,1747,0,20,SEP25,1940,i
11648759,"Straumitis, Roberts",LAT,M,,,,1702,0,20,SEP25,1995,
11622350,"Strazdins, Maris Kristaps",LAT,M,,,,1554,0,20,SEP25,2005,i
11646292,"Strazdins, Raitis",LAT,M,,,,1817,0,20,SEP25,1963,
11601310,"Strebkovs, Andrejs",LAT,M,,,,2245,0,20,SEP25,1981,i
11633174,"Strekalovs, Ernests",LAT,M,,,,1777,0,40,SEP25,2013,
11645458,"Strekalovs, Rinalds",LAT,M,,,,1423,0,40,SEP25,2017,
11628260,"Strodans, Dzintars",LAT,M,,,,1678,0,20,SEP25,1978,
11606177,"Strods, Armands",LAT,M,,,,1678,0,20,SEP25,2001,i
11608625,"Strods, Kristaps Reinis",LAT,M,,,,1856,9,20,SEP25,2003,
11634693,"Strozevs, Stanislavs Luka",LAT,M,,,,1483,0,20,SEP25,2001,i
11605545,"Strumpe, Andis",LAT,M,,,,1902,0,20,SEP25,1970,
11644591,"Stugis, Roberts",LAT,M,,,,1761,0,20,SEP25,1976,i
11611340,"Stulpina,Liana",LAT,F,,,,1522,0,20,SEP25,2003,wi
11639520,"Subins, Sergejs",LAT,M,,,,1518,0,20,SEP25,1987,i
11603780,"Sudmale, Galina",LAT,F,,,,1697,0,20,SEP25,1952,wi
11605910,"Suharevskis, Guntars",LAT,M,,,,1897,0,20,SEP25,1965,i
11611154,"Sulcs,Edvins",LAT,M,,,,1473,0,20,SEP25,2002,i
11644842,"Sultanov, Nidzhat",LAT,M,,,,1693,0,20,SEP25,2003,i
11646225,"Surums, Edmunds",LAT,M,,,,1477,0,40,SEP25,2009,
11641118,"Surunova, Gabriela",LAT,F,,,,1446,0,40,SEP25,2016,w
11602490,"Surzikova, Vera",LAT,F,,,,1536,0,20,SEP25,1936,wi
11613645,"Susejs, Voldemars",LAT,M,,,,1621,0,20,SEP25,1942,i
11637820,"Svece, Artemijs",LAT,M,,,,1574,0,20,SEP25,1983,i
11609222,"Svecs, Marks",LAT,M,,,,1489,0,20,SEP25,2005,i
11601884,"Sveshnikov, Vladimir",LAT,M,IM,,,2203,9,10,SEP25,1986,
11606517,"Svete, Kristaps",LAT,M,,,,1692,0,20,SEP25,1999,i
11631392,"Svikis, Andrejs",LAT,M,,,,1576,0,20,SEP25,1984,i
11631139,"Svikis, Guntars",LAT,M,,,,1510,0,20,SEP25,1976,
11608854,"Tabors, Emils",LAT,M,,,,1926,0,20,SEP25,2006,
11606436,"Tamanis, Anzelms",LAT,M,,,,1568,0,20,SEP25,1932,i
11623365,"Tarvids, Roberts",LAT,M,,,,1587,0,20,SEP25,2002,i
11621630,"Taskans, Adrians",LAT,M,,,,1463,0,40,SEP25,2007,
11618957,"Taurenis, Dzintars",LAT,M,,,,1609,0,20,SEP25,1949,i
11601566,"Tenis, Girts",LAT,M,,,,1857,0,20,SEP25,1971,i
11623349,"Tenis, Kristaps",LAT,M,,,,1540,0,20,SEP25,2006,i
11614900,"Ter-Avetisjana, Agnesa Stepania",LAT,F,WIM,WIM,,2213,19,40,SEP25,2007,w
11632194,"Teremranova, Sofija",LAT,F,,,,1698,0,40,SEP25,2013,w
11600152,"Terentiev, Sergei",LAT,M,FM,,,2133,0,20,SEP25,1962,
11608870,"Teresenkovs, Jevgenijs",LAT,M,,,,1729,0,20,SEP25,1961,i
11613530,"Testelecs, Ilja Kuprijans",LAT,M,,,,1710,0,40,SEP25,2008,i
11646543,"Thibaut, Garnier",LAT,M,,,,1445,0,20,SEP25,1993,i
11610522,"Tihijs, Aleksejs",LAT,M,,,,1698,0,20,SEP25,2001,i
11607815,"Tihomirovs, Andris",LAT,M,,,,1600,0,20,SEP25,1981,i
11604581,"Timrots, Adolfs",LAT,M,,,,1695,0,20,SEP25,2002,i
11604972,"Tiselskaja, Alisa",LAT,F,,,,1632,0,20,SEP25,2002,wi
11627018,"Tkacuks, Mihails",LAT,M,,,,1624,0,20,SEP25,1959,i
11611430,"Tokranova, Evelina",LAT,F,,,,1501,0,20,SEP25,2006,wi
11603011,"Tokranovs, Dmitrijs",LAT,M,FM,,,2192,0,20,SEP25,1999,
11622938,"Tolmaceva, Alona",LAT,F,,,,1887,11,40,SEP25,2013,w
11618590,"Tolmacevs, Romans",LAT,M,,,,2091,10,40,SEP25,2011,
11617519,"Tolmacevs,Artjoms",LAT,M,,,,2201,11,40,SEP25,2009,
11633840,"Tolpigins, Aleksandrs",LAT,M,,,,1476,0,40,SEP25,2013,
11653205,"Torok, David",LAT,M,,,,1501,0,20,SEP25,2005,
11614641,"Treibusa, Valerija",LAT,F,,,,1455,0,20,SEP25,2005,wi
11634073,"Treigute, Lea",LAT,F,,,,1458,0,40,SEP25,2012,w
11626470,"Treimanis, Ernests",LAT,M,,,,1649,0,40,SEP25,2009,
11637870,"Trenin, Vassili",LAT,M,,,,1402,0,40,SEP25,2009,i
11631880,"Tronenkova, Vilhelmine",LAT,F,,,,1560,0,40,SEP25,2014,w
11636939,"Tronenkovs, Austris",LAT,M,,,,1445,0,40,SEP25,2015,
11601558,"Tronenkovs, Valdis",LAT,M,FM,NA,,2233,0,20,SEP25,1985,i
11614943,"Tropins,Edijs",LAT,M,,,,1697,0,20,SEP25,1994,i
11650320,"Trotsenko, Mykola",LAT,M,,,,1661,0,20,SEP25,1996,i
11613157,"Truhanovs, Vadims",LAT,M,,,,1468,0,20,SEP25,2005,i
11619007,"Tsarenko, Sviatoslav",LAT,M,,,,1594,0,40,SEP25,2007,
11636041,"Tuhtijevs, Ruslans",LAT,M,,,,1629,0,20,SEP25,1993,i
11603526,"Tumane, Dana",LAT,F,,,,1871,0,20,SEP25,1995,wi
11603615,"Turko, Antons",LAT,M,,,,1763,0,20,SEP25,1996,i
11634910,"Turnis, Ronalds",LAT,M,,,,1738,0,20,SEP25,2001,i
11602090,"Tyurin, Ilya",LAT,M,,,,2107,0,20,SEP25,1987,i
11643366,"Ugrjumovs, Nikita",LAT,M,,,,1479,0,40,SEP25,2012,
11622334,"Uhanovs, Maksims",LAT,M,,,,1585,0,20,SEP25,2001,i
11610719,"Ulme, Richards",LAT,M,,,,1648,0,20,SEP25,2001,i
11617276,"Ulmis, Tomass",LAT,M,,,,1497,0,40,SEP25,2008,i
11600330,"Ungure, Liga",LAT,F,WFM,WFM,,1923,0,20,SEP25,1956,wi
11601205,"Ungurs, Edgars",LAT,M,FM,,,2108,11,20,SEP25,1984,
11654937,"Urazboev, Kuvanchbek",LAT,M,,,,1544,0,20,SEP25,2004,
11650842,"Urtans, Raimonds",LAT,M,,,,1690,0,20,SEP25,1989,
11615001,"Vabulnieks,Aris",LAT,M,,,,1627,0,20,SEP25,1957,i
11608692,"Vaicuks, Jazeps",LAT,M,,,,1888,0,20,SEP25,1944,i
11602848,"Vainovska, Valentina",LAT,F,,,,1581,0,20,SEP25,1950,w
11605936,"Vaivade, Liva",LAT,F,,,,1749,0,20,SEP25,2002,wi
11605944,"Vaivads, Valts",LAT,M,,,,1745,0,20,SEP25,2002,i
11617578,"Valdats, Reinis",LAT,M,FM,,,2150,11,40,SEP25,2010,
11615460,"Valdats,Maris",LAT,M,,,,1656,0,20,SEP25,1979,
11611871,"Valeine, Ieva",LAT,F,,,,1510,0,40,SEP25,2008,wi
11601450,"Valeinis, Janis",LAT,M,,,,2133,0,20,SEP25,1978,i
11639105,"Valters, Emmanuels",LAT,M,,,,1537,0,20,SEP25,1993,i
11604000,"Vambute, Dana",LAT,F,,,,1806,0,20,SEP25,2002,wi
11604590,"Vambuts, Raimonds",LAT,M,,,,1965,0,20,SEP25,1975,i
11623039,"Vanags, Davids",LAT,M,,,,1558,0,40,SEP25,2008,i
11635509,"Vanags, Gustavs",LAT,M,,,,1626,0,40,SEP25,2007,
11627158,"Vanags, Renars",LAT,M,,,,1425,0,20,SEP25,2006,i
11627174,"Vanags, Roberts",LAT,M,,,,1535,0,40,SEP25,2007,i
11634057,"Varchenko, Yegor",LAT,M,,,,1664,0,20,SEP25,2002,
11633786,"Varhotovs, Vladimirs",LAT,M,,,,1516,0,40,SEP25,2010,
11616750,"Varna,Eduards",LAT,M,,,,1562,0,40,SEP25,2008,i
11620161,"Varpins, Kristians",LAT,M,,,,1810,0,40,SEP25,2009,
11626402,"Vascinska, Alina",LAT,F,,,,1504,0,40,SEP25,2011,wi
11606827,"Vasilevskis, Glebs",LAT,M,,,,1740,0,20,SEP25,2002,i
11622067,"Vasiljeva, Sofja",LAT,F,,,,2006,11,40,SEP25,2009,w
11608412,"Vasilkovs, Aleksandrs",LAT,M,,,,1598,0,20,SEP25,1969,
11604417,"Vebers, Karlis",LAT,M,,,,1731,0,20,SEP25,1999,i
11635355,"Veitners, Pauls",LAT,M,,,,1915,8,40,SEP25,2012,
11600063,"Veits, Janis",LAT,M,,,,AIM,1917,0,SEP25,1992,
11609737,"Veits, Mikus",LAT,M,,,,1677,0,20,SEP25,1990,i
11600527,"Veja, Ginta",LAT,F,,,,1961,0,20,SEP25,1978,wi
11608218,"Vejs, Girts",LAT,M,,,,1788,0,20,SEP25,1972,i
11626720,"Verbovskis, Daniils",LAT,M,,,,1513,0,40,SEP25,2011,i
11631180,"Verbovskis, Dmitrijs",LAT,M,,,,1796,0,20,SEP25,1983,
11605979,"Vernuks, Vjaceslavs",LAT,M,,,,1676,0,20,SEP25,1966,
11605987,"Vevers, Elans Andrejs",LAT,M,,,,1705,0,20,SEP25,2000,i
11608080,"Vidrikis, Ansis",LAT,M,,,,1574,0,20,SEP25,1942,
11601841,"Vidruska, Renate",LAT,F,WFM,WFM,,2056,0,20,SEP25,1984,w
11618493,"Vidrusks, Jekabs",LAT,M,,,,1447,0,40,SEP25,2009,i
11618485,"Vidrusks,Arturs",LAT,M,,,,1496,0,40,SEP25,2010,i
11608013,"Vijups, Dans",LAT,M,,,,AFM,1799,0,SEP25,1969,i
11645296,"Vilemsons, Martins",LAT,M,,,,1834,18,20,SEP25,1978,
11621370,"Vilerts, Aivars",LAT,M,,,,1662,0,20,SEP25,1977,i
11633182,"Vilskersts, Ernests",LAT,M,,,,1492,0,40,SEP25,2013,i
11603828,"Vilums, Aldis",LAT,M,,,,1860,0,20,SEP25,1980,i
11611979,"Vilums, Dainis",LAT,M,,,,1864,0,20,SEP25,1969,i
11612215,"Vingris, Janis",LAT,M,,,,1620,0,20,SEP25,1975,i
11611731,"Vingris,Mikelis",LAT,M,,,,2178,11,40,SEP25,2009,
11604140,"Vins, Aleksis",LAT,M,,,,1962,0,20,SEP25,1997,i
11632364,"Visnakova, Anna",LAT,F,,,,1507,0,40,SEP25,2011,w
11608161,"Visnevskis, Valdis",LAT,M,,,,1660,9,20,SEP25,1956,
11600870,"Visockis, Janis",LAT,M,,,,1950,0,20,SEP25,1938,
11604956,"Vissarionovs, Artjoms",LAT,M,,,,1765,0,20,SEP25,2005,i
11610069,"Vitins, Janis",LAT,M,,,,1665,0,20,SEP25,1969,
11631007,"Vitums Jaunzems, Gusts",LAT,M,,,,1655,0,40,SEP25,2012,
11622172,"Vizulis, Alfreds",LAT,M,,,,1552,0,20,SEP25,1976,i
11619880,"Vjaters, Jaromirs",LAT,M,,,,1476,0,40,SEP25,2009,i
11636556,"Voitovics, Maksims",LAT,M,,,,1469,0,40,SEP25,2014,
11601523,"Volodins, Igors",LAT,M,,,,2135,0,20,SEP25,1983,i
11629924,"Vorobjovs, Nils",LAT,M,,,,1785,0,40,SEP25,2011,
11606240,"Voronko, Valerijs",LAT,M,,,,1918,0,20,SEP25,1995,i
11600233,"Voronova, Tatiana",LAT,F,WIM,WIM,,2157,0,20,SEP25,1955,wi
11616482,"Vuskans,Eduards",LAT,M,,,,1696,0,20,SEP25,2006,
11622873,"Yovanovich, Victor",LAT,M,,,,1636,0,40,SEP25,2010,i
11608668,"Zacests, Leons",LAT,M,,,,1672,0,20,SEP25,1998,i
11648929,"Zacmans, Roberts",LAT,M,,,,1656,0,40,SEP25,2009,i
11611170,"Zags,Tomass",LAT,M,,,,1691,0,20,SEP25,2002,i
11616725,"Zaharjins, Sergejs",LAT,M,,,,1518,0,40,SEP25,2009,i
11609028,"Zaharovs, Kirills",LAT,M,,,,1505,0,20,SEP25,2003,i
11624280,"Zajakins, Artjoms",LAT,M,,,,2008,10,40,SEP25,2007,
11622920,"Zakis, Janis",LAT,M,,,,1512,0,20,SEP25,2004,
11624337,"Zakis, Zigurds",LAT,M,,,,1654,0,20,SEP25,1968,i
11603445,"Zalcmane, Vija",LAT,F,,,,1532,25,20,SEP25,1939,w
11603534,"Zalitis, Arturs-Aleksis",LAT,M,,,,1977,0,20,SEP25,1995,
11629860,"Zalitis, Gunars",LAT,M,,,,1569,0,20,SEP25,1954,
11605251,"Zarinsh, Ricards",LAT,M,,,,1729,0,20,SEP25,2000,i
11604425,"Zarovs, Aleksandrs",LAT,M,,,,1774,0,20,SEP25,1999,
11644230,"Zasjadko, Gordejs",LAT,M,,,,1497,0,40,SEP25,2011,i
11611529,"Zass, Kristaps",LAT,M,,,,1835,0,20,SEP25,2006,i
11610816,"Zelmanis, Roberts",LAT,M,,,,1771,0,20,SEP25,2001,i
11643595,"Zelonka, Valdis",LAT,M,,,,1886,0,20,SEP25,1956,
11601868,"Zemzare, Agnija",LAT,F,,,,1877,0,20,SEP25,1986,w
11604760,"Ziedins, Roberts",LAT,M,,,,1848,0,20,SEP25,1999,i
11615010,"Ziemelis, Peteris",LAT,M,,,,1768,0,20,SEP25,1946,i
11649720,"Zinevics, Maksims",LAT,M,,,,1512,0,40,SEP25,2011,i
11607297,"Ziskins, Ilja",LAT,M,,,,1783,0,20,SEP25,1998,i
11620099,"Zoludevs, Vladimirs",LAT,M,,,,1590,0,20,SEP25,1972,i
11635720,"Zoludevs, Vladimirs jun.",LAT,M,,,,1478,0,20,SEP25,1996,i
11621397,"Zonbergs, Gatis",LAT,M,,,,1506,0,20,SEP25,1982,i
11609664,"Zorgenfreijs, Kriss",LAT,M,,,,1801,0,20,SEP25,1989,
11611014,"Zubova, Darja",LAT,F,,,,1651,0,20,SEP25,2006,wi
11615753,"Zubova,Polina",LAT,F,,,,1609,0,40,SEP25,2008,wi
11603801,"Zuckovs, Aleksejs",LAT,M,FM,,,2274,0,20,SEP25,1960,
11603909,"Zuj-Zaikovskis, Nikita",LAT,M,,,,1871,0,20,SEP25,2000,i
11646845,"Zusans, Reinis",LAT,M,,,,1584,0,40,SEP25,2013,
11609800,"Zvalicovskij, Kliment",LAT,M,,,,1929,0,20,SEP25,1937,i
11600667,"Zvaunis, Maris",LAT,M,,,,1627,9,20,SEP25,1951,
11618205,"Zvingulis, Anatolijs",LAT,M,,,,1599,0,20,SEP25,2005,i