[
  {
    "ID Number": "78300088",
    "Name": "Campos, Michael",
    "Fed": "BIZ",
    "Sex": "M",
    "Title": "",
    "WTit": "",
    "OTit": "",
    "FOA": "1750",
    "Rating": "AUG25",
    "Gms": "0",
    "K": "20",
    "B-day": "1997",
    "Flag": "i"
  },
  {
    "ID Number": "78300126",
    "Name": "Reyes, Nathaniel Leonel",
    "Fed": "BIZ",
    "Sex": "M",
    "Title": "",
    "WTit": "",
    "OTit": "",
    "FOA": "1578",
    "Rating": "AUG25",
    "Gms": "0",
    "K": "20",
    "B-day": "2005",
    "Flag": ""
  },
  {
    "ID Number": "78300100",
    "Name": "Roches, Charlton Crispin",
    "Fed": "BIZ",
    "Sex": "M",
    "Title": "",
    "WTit": "",
    "OTit": "",
    "FOA": "1526",
    "Rating": "AUG25",
    "Gms": "0",
    "K": "20",
    "B-day": "1977",
    "Flag": ""
  }
]