[
  {
    "ID Number": "11603232"
  },
  {
    "ID Number": "11633131"
  },
  {
    "ID Number": "11615311"
  },
  {
    "ID Number": "11622075"
  },
  {
    "ID Number": "11644630"
  },
  {
    "ID Number": "11616423"
  },
  {
    "ID Number": "11645172"
  },
  {
    "ID Number": "11629371"
  },
  {
    "ID Number": "11602104"
  },
  {
    "ID Number": "11608226"
  },
  {
    "ID Number": "11636440"
  },
  {
    "ID Number": "11606835"
  },
  {
    "ID Number": "11625619"
  },
  {
    "ID Number": "11609095"
  },
  {
    "ID Number": "11617608"
  },
  {
    "ID Number": "11609001"
  },
  {
    "ID Number": "11619163"
  },
  {
    "ID Number": "11629495"
  },
  {
    "ID Number": "11629770"
  },
  {
    "ID Number": "11620480"
  },
  {
    "ID Number": "11625554"
  },
  {
    "ID Number": "11631813"
  },
  {
    "ID Number": "11631805"
  },
  {
    "ID Number": "11602392"
  },
  {
    "ID Number": "11621338"
  },
  {
    "ID Number": "11640049"
  },
  {
    "ID Number": "11602260"
  },
  {
    "ID Number": "11610425"
  },
  {
    "ID Number": "11624035"
  },
  {
    "ID Number": "11602899"
  },
  {
    "ID Number": "11612762"
  },
  {
    "ID Number": "11602708"
  },
  {
    "ID Number": "11623853"
  },
  {
    "ID Number": "11617632"
  },
  {
    "ID Number": "11619341"
  },
  {
    "ID Number": "11604611"
  },
  {
    "ID Number": "11635487"
  },
  {
    "ID Number": "11624248"
  },
  {
    "ID Number": "11601469"
  },
  {
    "ID Number": "11646195"
  },
  {
    "ID Number": "11643471"
  },
  {
    "ID Number": "11608242"
  },
  {
    "ID Number": "11604484"
  },
  {
    "ID Number": "11620765"
  },
  {
    "ID Number": "11611669"
  },
  {
    "ID Number": "11634448"
  },
  {
    "ID Number": "11602139"
  },
  {
    "ID Number": "11633000"
  },
  {
    "ID Number": "11613513"
  },
  {
    "ID Number": "11618728"
  },
  {
    "ID Number": "11615028"
  },
  {
    "ID Number": "11651881"
  },
  {
    "ID Number": "11630213"
  },
  {
    "ID Number": "11602651"
  },
  {
    "ID Number": "11609141"
  },
  {
    "ID Number": "11628464"
  },
  {
    "ID Number": "11603089"
  },
  {
    "ID Number": "11622733"
  },
  {
    "ID Number": "11644834"
  },
  {
    "ID Number": "11614919"
  },
  {
    "ID Number": "11638354"
  },
  {
    "ID Number": "11608250"
  },
  {
    "ID Number": "11604280"
  },
  {
    "ID Number": "11637625"
  },
  {
    "ID Number": "11614730"
  },
  {
    "ID Number": "11629932"
  },
  {
    "ID Number": "11622393"
  },
  {
    "ID Number": "11618647"
  },
  {
    "ID Number": "11606665"
  },
  {
    "ID Number": "11608811"
  },
  {
    "ID Number": "11617098"
  },
  {
    "ID Number": "11636025"
  },
  {
    "ID Number": "11635258"
  },
  {
    "ID Number": "11600861"
  },
  {
    "ID Number": "11604620"
  },
  {
    "ID Number": "11610670"
  },
  {
    "ID Number": "11607009"
  },
  {
    "ID Number": "11645008"
  },
  {
    "ID Number": "11604832"
  },
  {
    "ID Number": "11600888"
  },
  {
    "ID Number": "11603593"
  },
  {
    "ID Number": "11602147"
  },
  {
    "ID Number": "11618833"
  },
  {
    "ID Number": "11603240"
  },
  {
    "ID Number": "11628308"
  },
  {
    "ID Number": "11606029"
  },
  {
    "ID Number": "11614927"
  },
  {
    "ID Number": "11603836"
  },
  {
    "ID Number": "11613343"
  },
  {
    "ID Number": "11618876"
  },
  {
    "ID Number": "11614331"
  },
  {
    "ID Number": "11632674"
  },
  {
    "ID Number": "11644303"
  },
  {
    "ID Number": "11627859"
  },
  {
    "ID Number": "11637102"
  },
  {
    "ID Number": "11629436"
  },
  {
    "ID Number": "11640278"
  },
  {
    "ID Number": "11601426"
  },
  {
    "ID Number": "11639237"
  },
  {
    "ID Number": "11601345"
  },
  {
    "ID Number": "11636815"
  },
  {
    "ID Number": "11610166"
  },
  {
    "ID Number": "11607149"
  },
  {
    "ID Number": "11600764"
  },
  {
    "ID Number": "11611650"
  },
  {
    "ID Number": "11600357"
  },
  {
    "ID Number": "11602120"
  },
  {
    "ID Number": "11633026"
  },
  {
    "ID Number": "11608269"
  },
  {
    "ID Number": "11603259"
  },
  {
    "ID Number": "11635266"
  },
  {
    "ID Number": "11605316"
  },
  {
    "ID Number": "11604638"
  },
  {
    "ID Number": "11607238"
  },
  {
    "ID Number": "11646675"
  },
  {
    "ID Number": "11610174"
  },
  {
    "ID Number": "11629134"
  },
  {
    "ID Number": "11630272"
  },
  {
    "ID Number": "11604298"
  },
  {
    "ID Number": "11639067"
  },
  {
    "ID Number": "11604034"
  },
  {
    "ID Number": "11604433"
  },
  {
    "ID Number": "11635541"
  },
  {
    "ID Number": "11612070"
  },
  {
    "ID Number": "11608722"
  },
  {
    "ID Number": "11634251"
  },
  {
    "ID Number": "11632569"
  },
  {
    "ID Number": "11608064"
  },
  {
    "ID Number": "11604182"
  },
  {
    "ID Number": "11606681"
  },
  {
    "ID Number": "11629398"
  },
  {
    "ID Number": "11652195"
  },
  {
    "ID Number": "11639881"
  },
  {
    "ID Number": "11601981"
  },
  {
    "ID Number": "11635738"
  },
  {
    "ID Number": "11608005"
  },
  {
    "ID Number": "11602929"
  },
  {
    "ID Number": "315362"
  },
  {
    "ID Number": "11632925"
  },
  {
    "ID Number": "11646462"
  },
  {
    "ID Number": "11602660"
  },
  {
    "ID Number": "11635231"
  },
  {
    "ID Number": "11639210"
  },
  {
    "ID Number": "11636351"
  },
  {
    "ID Number": "11604646"
  },
  {
    "ID Number": "11607580"
  },
  {
    "ID Number": "11638982"
  },
  {
    "ID Number": "11600322"
  },
  {
    "ID Number": "11631201"
  },
  {
    "ID Number": "11609389"
  },
  {
    "ID Number": "11618574"
  },
  {
    "ID Number": "11608978"
  },
  {
    "ID Number": "11608277"
  },
  {
    "ID Number": "11639776"
  },
  {
    "ID Number": "11611596"
  },
  {
    "ID Number": "11612096"
  },
  {
    "ID Number": "11633700"
  },
  {
    "ID Number": "11605642"
  },
  {
    "ID Number": "11610182"
  },
  {
    "ID Number": "11636343"
  },
  {
    "ID Number": "11605014"
  },
  {
    "ID Number": "11607157"
  },
  {
    "ID Number": "11606258"
  },
  {
    "ID Number": "11603151"
  },
  {
    "ID Number": "11635835"
  },
  {
    "ID Number": "11602384"
  },
  {
    "ID Number": "11601787"
  },
  {
    "ID Number": "11621117"
  },
  {
    "ID Number": "11654120"
  },
  {
    "ID Number": "11604654"
  },
  {
    "ID Number": "11609010"
  },
  {
    "ID Number": "11634650"
  },
  {
    "ID Number": "11646551"
  },
  {
    "ID Number": "11604662"
  },
  {
    "ID Number": "11630787"
  },
  {
    "ID Number": "11623241"
  },
  {
    "ID Number": "11633255"
  },
  {
    "ID Number": "11603453"
  },
  {
    "ID Number": "11603461"
  },
  {
    "ID Number": "11630779"
  },
  {
    "ID Number": "68400098"
  },
  {
    "ID Number": "11610441"
  },
  {
    "ID Number": "11654112"
  },
  {
    "ID Number": "11624850"
  },
  {
    "ID Number": "11630124"
  },
  {
    "ID Number": "11601590"
  },
  {
    "ID Number": "11649194"
  },
  {
    "ID Number": "11647035"
  },
  {
    "ID Number": "11602872"
  },
  {
    "ID Number": "11631147"
  },
  {
    "ID Number": "11604794"
  },
  {
    "ID Number": "11640316"
  },
  {
    "ID Number": "34292446"
  },
  {
    "ID Number": "11630132"
  },
  {
    "ID Number": "11632127"
  },
  {
    "ID Number": "11645717"
  },
  {
    "ID Number": "11624698"
  },
  {
    "ID Number": "11615478"
  },
  {
    "ID Number": "11613432"
  },
  {
    "ID Number": "11618965"
  },
  {
    "ID Number": "11603020"
  },
  {
    "ID Number": "11632593"
  },
  {
    "ID Number": "11605030"
  },
  {
    "ID Number": "11615117"
  },
  {
    "ID Number": "11609532"
  },
  {
    "ID Number": "11623748"
  },
  {
    "ID Number": "11624906"
  },
  {
    "ID Number": "11607300"
  },
  {
    "ID Number": "11606983"
  },
  {
    "ID Number": "11607246"
  },
  {
    "ID Number": "11646470"
  },
  {
    "ID Number": "11607661"
  },
  {
    "ID Number": "11649887"
  },
  {
    "ID Number": "11601477"
  },
  {
    "ID Number": "11635193"
  },
  {
    "ID Number": "11611472"
  },
  {
    "ID Number": "11611103"
  },
  {
    "ID Number": "11602210"
  },
  {
    "ID Number": "11604131"
  },
  {
    "ID Number": "11611570"
  },
  {
    "ID Number": "11601280"
  },
  {
    "ID Number": "11648520"
  },
  {
    "ID Number": "11633670"
  },
  {
    "ID Number": "11634588"
  },
  {
    "ID Number": "11616652"
  },
  {
    "ID Number": "11605650"
  },
  {
    "ID Number": "11606622"
  },
  {
    "ID Number": "11623560"
  },
  {
    "ID Number": "11640359"
  },
  {
    "ID Number": "11603267"
  },
  {
    "ID Number": "11606576"
  },
  {
    "ID Number": "11641398"
  },
  {
    "ID Number": "11619651"
  },
  {
    "ID Number": "11606703"
  },
  {
    "ID Number": "11609745"
  },
  {
    "ID Number": "11604042"
  },
  {
    "ID Number": "11607912"
  },
  {
    "ID Number": "11648554"
  },
  {
    "ID Number": "11610794"
  },
  {
    "ID Number": "11612398"
  },
  {
    "ID Number": "11608820"
  },
  {
    "ID Number": "11631899"
  },
  {
    "ID Number": "11633468"
  },
  {
    "ID Number": "11602031"
  },
  {
    "ID Number": "11615923"
  },
  {
    "ID Number": "11637838"
  },
  {
    "ID Number": "11633735"
  },
  {
    "ID Number": "11610450"
  },
  {
    "ID Number": "11607360"
  },
  {
    "ID Number": "11635444"
  },
  {
    "ID Number": "11615451"
  },
  {
    "ID Number": "11610891"
  },
  {
    "ID Number": "11617314"
  },
  {
    "ID Number": "11617322"
  },
  {
    "ID Number": "11635690"
  },
  {
    "ID Number": "11608960"
  },
  {
    "ID Number": "11606053"
  },
  {
    "ID Number": "11630990"
  },
  {
    "ID Number": "11632470"
  },
  {
    "ID Number": "11611227"
  },
  {
    "ID Number": "11633352"
  },
  {
    "ID Number": "11636106"
  },
  {
    "ID Number": "11635398"
  },
  {
    "ID Number": "11624086"
  },
  {
    "ID Number": "11623683"
  },
  {
    "ID Number": "11623888"
  },
  {
    "ID Number": "11637951"
  },
  {
    "ID Number": "11606061"
  },
  {
    "ID Number": "11639288"
  },
  {
    "ID Number": "11606010"
  },
  {
    "ID Number": "11618671"
  },
  {
    "ID Number": "11634545"
  },
  {
    "ID Number": "11603658"
  },
  {
    "ID Number": "11633301"
  },
  {
    "ID Number": "11650540"
  },
  {
    "ID Number": "11650559"
  },
  {
    "ID Number": "11603917"
  },
  {
    "ID Number": "11606193"
  },
  {
    "ID Number": "11604301"
  },
  {
    "ID Number": "11631821"
  },
  {
    "ID Number": "11609710"
  },
  {
    "ID Number": "11634707"
  },
  {
    "ID Number": "11651822"
  },
  {
    "ID Number": "11634928"
  },
  {
    "ID Number": "11612053"
  },
  {
    "ID Number": "11629789"
  },
  {
    "ID Number": "11634456"
  },
  {
    "ID Number": "11607688"
  },
  {
    "ID Number": "11613360"
  },
  {
    "ID Number": "11639580"
  },
  {
    "ID Number": "11615800"
  },
  {
    "ID Number": "68400071"
  },
  {
    "ID Number": "11652608"
  },
  {
    "ID Number": "11607386"
  },
  {
    "ID Number": "11607394"
  },
  {
    "ID Number": "11601582"
  },
  {
    "ID Number": "11608528"
  },
  {
    "ID Number": "11603224"
  },
  {
    "ID Number": "11628839"
  },
  {
    "ID Number": "4199650"
  },
  {
    "ID Number": "11650532"
  },
  {
    "ID Number": "11642637"
  },
  {
    "ID Number": "11629703"
  },
  {
    "ID Number": "11606070"
  },
  {
    "ID Number": "11605677"
  },
  {
    "ID Number": "11604310"
  },
  {
    "ID Number": "11601990"
  },
  {
    "ID Number": "11601604"
  },
  {
    "ID Number": "11630752"
  },
  {
    "ID Number": "11619740"
  },
  {
    "ID Number": "11619813"
  },
  {
    "ID Number": "11607408"
  },
  {
    "ID Number": "11601620"
  },
  {
    "ID Number": "11640200"
  },
  {
    "ID Number": "11606282"
  },
  {
    "ID Number": "11645369"
  },
  {
    "ID Number": "11608307"
  },
  {
    "ID Number": "11655089"
  },
  {
    "ID Number": "11622822"
  },
  {
    "ID Number": "11614773"
  },
  {
    "ID Number": "11634286"
  },
  {
    "ID Number": "11616229"
  },
  {
    "ID Number": "11622385"
  },
  {
    "ID Number": "11605693"
  },
  {
    "ID Number": "11605057"
  },
  {
    "ID Number": "11612657"
  },
  {
    "ID Number": "11612088"
  },
  {
    "ID Number": "11613459"
  },
  {
    "ID Number": "11611626"
  },
  {
    "ID Number": "11609753"
  },
  {
    "ID Number": "11620188"
  },
  {
    "ID Number": "11609850"
  },
  {
    "ID Number": "11623802"
  },
  {
    "ID Number": "11632461"
  },
  {
    "ID Number": "11602040"
  },
  {
    "ID Number": "11603488"
  },
  {
    "ID Number": "11605707"
  },
  {
    "ID Number": "11635240"
  },
  {
    "ID Number": "11613556"
  },
  {
    "ID Number": "11608765"
  },
  {
    "ID Number": "11613688"
  },
  {
    "ID Number": "11617691"
  },
  {
    "ID Number": "11632879"
  },
  {
    "ID Number": "11612746"
  },
  {
    "ID Number": "11602368"
  },
  {
    "ID Number": "11628790"
  },
  {
    "ID Number": "11604239"
  },
  {
    "ID Number": "11616881"
  },
  {
    "ID Number": "11636505"
  },
  {
    "ID Number": "11609559"
  },
  {
    "ID Number": "11641460"
  },
  {
    "ID Number": "11633034"
  },
  {
    "ID Number": "11604158"
  },
  {
    "ID Number": "11603305"
  },
  {
    "ID Number": "11601027"
  },
  {
    "ID Number": "11627298"
  },
  {
    "ID Number": "4668030"
  },
  {
    "ID Number": "11605715"
  },
  {
    "ID Number": "11601485"
  },
  {
    "ID Number": "11625970"
  },
  {
    "ID Number": "34137430"
  },
  {
    "ID Number": "11609125"
  },
  {
    "ID Number": "11635401"
  },
  {
    "ID Number": "11626283"
  },
  {
    "ID Number": "11607831"
  },
  {
    "ID Number": "11603941"
  },
  {
    "ID Number": "11608498"
  },
  {
    "ID Number": "11603496"
  },
  {
    "ID Number": "11604190"
  },
  {
    "ID Number": "11624469"
  },
  {
    "ID Number": "11604247"
  },
  {
    "ID Number": "11633220"
  },
  {
    "ID Number": "11603313"
  },
  {
    "ID Number": "11643447"
  },
  {
    "ID Number": "11613300"
  },
  {
    "ID Number": "11611316"
  },
  {
    "ID Number": "11624655"
  },
  {
    "ID Number": "11619929"
  },
  {
    "ID Number": "11600551"
  },
  {
    "ID Number": "11604867"
  },
  {
    "ID Number": "11614722"
  },
  {
    "ID Number": "11619040"
  },
  {
    "ID Number": "11637269"
  },
  {
    "ID Number": "11624523"
  },
  {
    "ID Number": "11609966"
  },
  {
    "ID Number": "11633808"
  },
  {
    "ID Number": "11610255"
  },
  {
    "ID Number": "11612010"
  },
  {
    "ID Number": "11604492"
  },
  {
    "ID Number": "11649470"
  },
  {
    "ID Number": "11601299"
  },
  {
    "ID Number": "11602325"
  },
  {
    "ID Number": "11612266"
  },
  {
    "ID Number": "11615389"
  },
  {
    "ID Number": "11635746"
  },
  {
    "ID Number": "11607947"
  },
  {
    "ID Number": "11632429"
  },
  {
    "ID Number": "11607700"
  },
  {
    "ID Number": "11636076"
  },
  {
    "ID Number": "11620811"
  },
  {
    "ID Number": "11602724"
  },
  {
    "ID Number": "11606088"
  },
  {
    "ID Number": "11609770"
  },
  {
    "ID Number": "11610905"
  },
  {
    "ID Number": "11633948"
  },
  {
    "ID Number": "11607025"
  },
  {
    "ID Number": "11607220"
  },
  {
    "ID Number": "11607211"
  },
  {
    "ID Number": "11631856"
  },
  {
    "ID Number": "11629002"
  },
  {
    "ID Number": "11648767"
  },
  {
    "ID Number": "11622555"
  },
  {
    "ID Number": "11638230"
  },
  {
    "ID Number": "11626992"
  },
  {
    "ID Number": "11642998"
  },
  {
    "ID Number": "11612037"
  },
  {
    "ID Number": "11604069"
  },
  {
    "ID Number": "11608323"
  },
  {
    "ID Number": "11637757"
  },
  {
    "ID Number": "11618906"
  },
  {
    "ID Number": "11602236"
  },
  {
    "ID Number": "11603569"
  },
  {
    "ID Number": "11629312"
  },
  {
    "ID Number": "11629304"
  },
  {
    "ID Number": "11602945"
  },
  {
    "ID Number": "11609974"
  },
  {
    "ID Number": "11602562"
  },
  {
    "ID Number": "11641738"
  },
  {
    "ID Number": "11636114"
  },
  {
    "ID Number": "11604522"
  },
  {
    "ID Number": "11616776"
  },
  {
    "ID Number": "11633905"
  },
  {
    "ID Number": "11605731"
  },
  {
    "ID Number": "11648066"
  },
  {
    "ID Number": "11600942"
  },
  {
    "ID Number": "11606312"
  },
  {
    "ID Number": "11623527"
  },
  {
    "ID Number": "11606355"
  },
  {
    "ID Number": "11600225"
  },
  {
    "ID Number": "11629460"
  },
  {
    "ID Number": "11611987"
  },
  {
    "ID Number": "11600489"
  },
  {
    "ID Number": "11617705"
  },
  {
    "ID Number": "11638990"
  },
  {
    "ID Number": "11605375"
  },
  {
    "ID Number": "11608935"
  },
  {
    "ID Number": "11600039"
  },
  {
    "ID Number": "11636122"
  },
  {
    "ID Number": "11616385"
  },
  {
    "ID Number": "11600926"
  },
  {
    "ID Number": "11609109"
  },
  {
    "ID Number": "11640774"
  },
  {
    "ID Number": "11600373"
  },
  {
    "ID Number": "11620579"
  },
  {
    "ID Number": "11603500"
  },
  {
    "ID Number": "11642440"
  },
  {
    "ID Number": "11604999"
  },
  {
    "ID Number": "11610832"
  },
  {
    "ID Number": "11643862"
  },
  {
    "ID Number": "11602066"
  },
  {
    "ID Number": "11602350"
  },
  {
    "ID Number": "11628650"
  },
  {
    "ID Number": "11616849"
  },
  {
    "ID Number": "11643412"
  },
  {
    "ID Number": "11604255"
  },
  {
    "ID Number": "11629835"
  },
  {
    "ID Number": "11602244"
  },
  {
    "ID Number": "11628324"
  },
  {
    "ID Number": "11650834"
  },
  {
    "ID Number": "11621400"
  },
  {
    "ID Number": "11623276"
  },
  {
    "ID Number": "11607599"
  },
  {
    "ID Number": "11644800"
  },
  {
    "ID Number": "11608340"
  },
  {
    "ID Number": "11607068"
  },
  {
    "ID Number": "11606096"
  },
  {
    "ID Number": "11602376"
  },
  {
    "ID Number": "11605146"
  },
  {
    "ID Number": "11603330"
  },
  {
    "ID Number": "11621460"
  },
  {
    "ID Number": "11611693"
  },
  {
    "ID Number": "11600462"
  },
  {
    "ID Number": "11621290"
  },
  {
    "ID Number": "11624051"
  },
  {
    "ID Number": "11618019"
  },
  {
    "ID Number": "11618078"
  },
  {
    "ID Number": "11622644"
  },
  {
    "ID Number": "11607343"
  },
  {
    "ID Number": "11603666"
  },
  {
    "ID Number": "11603674"
  },
  {
    "ID Number": "11604980"
  },
  {
    "ID Number": "11631643"
  },
  {
    "ID Number": "11602163"
  },
  {
    "ID Number": "11618086"
  },
  {
    "ID Number": "11603100"
  },
  {
    "ID Number": "11600349"
  },
  {
    "ID Number": "11604077"
  },
  {
    "ID Number": "11601701"
  },
  {
    "ID Number": "11620854"
  },
  {
    "ID Number": "11632488"
  },
  {
    "ID Number": "11614080"
  },
  {
    "ID Number": "11632496"
  },
  {
    "ID Number": "11600730"
  },
  {
    "ID Number": "11602686"
  },
  {
    "ID Number": "11614749"
  },
  {
    "ID Number": "11630116"
  },
  {
    "ID Number": "11609826"
  },
  {
    "ID Number": "11622040"
  },
  {
    "ID Number": "34438254"
  },
  {
    "ID Number": "11606932"
  },
  {
    "ID Number": "11634405"
  },
  {
    "ID Number": "11647060"
  },
  {
    "ID Number": "11613440"
  },
  {
    "ID Number": "11635061"
  },
  {
    "ID Number": "11614960"
  },
  {
    "ID Number": "11600071"
  },
  {
    "ID Number": "11606320"
  },
  {
    "ID Number": "11650354"
  },
  {
    "ID Number": "11602074"
  },
  {
    "ID Number": "11640090"
  },
  {
    "ID Number": "11634359"
  },
  {
    "ID Number": "11618736"
  },
  {
    "ID Number": "11623071"
  },
  {
    "ID Number": "11612207"
  },
  {
    "ID Number": "11604557"
  },
  {
    "ID Number": "11600497"
  },
  {
    "ID Number": "11605774"
  },
  {
    "ID Number": "11646926"
  },
  {
    "ID Number": "11631090"
  },
  {
    "ID Number": "11628278"
  },
  {
    "ID Number": "11606797"
  },
  {
    "ID Number": "11628294"
  },
  {
    "ID Number": "11628286"
  },
  {
    "ID Number": "11625511"
  },
  {
    "ID Number": "11602465"
  },
  {
    "ID Number": "11603348"
  },
  {
    "ID Number": "11609443"
  },
  {
    "ID Number": "11630590"
  },
  {
    "ID Number": "11607734"
  },
  {
    "ID Number": "11600047"
  },
  {
    "ID Number": "11635118"
  },
  {
    "ID Number": "11609427"
  },
  {
    "ID Number": "11620110"
  },
  {
    "ID Number": "11619090"
  },
  {
    "ID Number": "11638117"
  },
  {
    "ID Number": "11613351"
  },
  {
    "ID Number": "11632259"
  },
  {
    "ID Number": "11619015"
  },
  {
    "ID Number": "11636017"
  },
  {
    "ID Number": "11601647"
  },
  {
    "ID Number": "11609168"
  },
  {
    "ID Number": "11635452"
  },
  {
    "ID Number": "11619643"
  },
  {
    "ID Number": "11634197"
  },
  {
    "ID Number": "11618701"
  },
  {
    "ID Number": "11617624"
  },
  {
    "ID Number": "11623012"
  },
  {
    "ID Number": "11604816"
  },
  {
    "ID Number": "11604085"
  },
  {
    "ID Number": "11610310"
  },
  {
    "ID Number": "11608455"
  },
  {
    "ID Number": "11611561"
  },
  {
    "ID Number": "11611553"
  },
  {
    "ID Number": "11618981"
  },
  {
    "ID Number": "11613866"
  },
  {
    "ID Number": "11607254"
  },
  {
    "ID Number": "11602856"
  },
  {
    "ID Number": "11604328"
  },
  {
    "ID Number": "11649615"
  },
  {
    "ID Number": "11638893"
  },
  {
    "ID Number": "11607289"
  },
  {
    "ID Number": "11609257"
  },
  {
    "ID Number": "11613521"
  },
  {
    "ID Number": "11606207"
  },
  {
    "ID Number": "11629290"
  },
  {
    "ID Number": "11609729"
  },
  {
    "ID Number": "11605405"
  },
  {
    "ID Number": "11600500"
  },
  {
    "ID Number": "11621176"
  },
  {
    "ID Number": "11617977"
  },
  {
    "ID Number": "11640219"
  },
  {
    "ID Number": "11623250"
  },
  {
    "ID Number": "11605790"
  },
  {
    "ID Number": "11648511"
  },
  {
    "ID Number": "11603682"
  },
  {
    "ID Number": "11636785"
  },
  {
    "ID Number": "11603542"
  },
  {
    "ID Number": "11606100"
  },
  {
    "ID Number": "11649488"
  },
  {
    "ID Number": "11639903"
  },
  {
    "ID Number": "11639253"
  },
  {
    "ID Number": "11625740"
  },
  {
    "ID Number": "11649607"
  },
  {
    "ID Number": "11603992"
  },
  {
    "ID Number": "11620951"
  },
  {
    "ID Number": "11653183"
  },
  {
    "ID Number": "11610093"
  },
  {
    "ID Number": "11613424"
  },
  {
    "ID Number": "11635134"
  },
  {
    "ID Number": "11606118"
  },
  {
    "ID Number": "11635517"
  },
  {
    "ID Number": "11625430"
  },
  {
    "ID Number": "11604441"
  },
  {
    "ID Number": "11618272"
  },
  {
    "ID Number": "11608072"
  },
  {
    "ID Number": "11644109"
  },
  {
    "ID Number": "11620072"
  },
  {
    "ID Number": "11617748"
  },
  {
    "ID Number": "11603470"
  },
  {
    "ID Number": "11622792"
  },
  {
    "ID Number": "11613548"
  },
  {
    "ID Number": "11643544"
  },
  {
    "ID Number": "11616490"
  },
  {
    "ID Number": "11604204"
  },
  {
    "ID Number": "11625600"
  },
  {
    "ID Number": "11601540"
  },
  {
    "ID Number": "11604565"
  },
  {
    "ID Number": "11628073"
  },
  {
    "ID Number": "11628081"
  },
  {
    "ID Number": "11605421"
  },
  {
    "ID Number": "11611138"
  },
  {
    "ID Number": "11606550"
  },
  {
    "ID Number": "11633778"
  },
  {
    "ID Number": "11639792"
  },
  {
    "ID Number": "11600012"
  },
  {
    "ID Number": "11615206"
  },
  {
    "ID Number": "11651687"
  },
  {
    "ID Number": "11601914"
  },
  {
    "ID Number": "11636130"
  },
  {
    "ID Number": "11628545"
  },
  {
    "ID Number": "11646535"
  },
  {
    "ID Number": "11607467"
  },
  {
    "ID Number": "11601710"
  },
  {
    "ID Number": "11616601"
  },
  {
    "ID Number": "11651660"
  },
  {
    "ID Number": "11630582"
  },
  {
    "ID Number": "11605162"
  },
  {
    "ID Number": "11605820"
  },
  {
    "ID Number": "11600845"
  },
  {
    "ID Number": "11605839"
  },
  {
    "ID Number": "11602287"
  },
  {
    "ID Number": "11610484"
  },
  {
    "ID Number": "11624710"
  },
  {
    "ID Number": "11602740"
  },
  {
    "ID Number": "11606347"
  },
  {
    "ID Number": "11601663"
  },
  {
    "ID Number": "11618620"
  },
  {
    "ID Number": "11621559"
  },
  {
    "ID Number": "11600691"
  },
  {
    "ID Number": "11607521"
  },
  {
    "ID Number": "11617292"
  },
  {
    "ID Number": "11616830"
  },
  {
    "ID Number": "11603178"
  },
  {
    "ID Number": "11604336"
  },
  {
    "ID Number": "11604344"
  },
  {
    "ID Number": "11612320"
  },
  {
    "ID Number": "11600136"
  },
  {
    "ID Number": "11604964"
  },
  {
    "ID Number": "11603690"
  },
  {
    "ID Number": "11646306"
  },
  {
    "ID Number": "11607475"
  },
  {
    "ID Number": "11642661"
  },
  {
    "ID Number": "11633018"
  },
  {
    "ID Number": "11623187"
  },
  {
    "ID Number": "11643420"
  },
  {
    "ID Number": "11606363"
  },
  {
    "ID Number": "11609192"
  },
  {
    "ID Number": "11640472"
  },
  {
    "ID Number": "11619031"
  },
  {
    "ID Number": "11604506"
  },
  {
    "ID Number": "11639440"
  },
  {
    "ID Number": "11620927"
  },
  {
    "ID Number": "11645962"
  },
  {
    "ID Number": "11622660"
  },
  {
    "ID Number": "11603704"
  },
  {
    "ID Number": "11607610"
  },
  {
    "ID Number": "11622369"
  },
  {
    "ID Number": "11640170"
  },
  {
    "ID Number": "11618604"
  },
  {
    "ID Number": "11629100"
  },
  {
    "ID Number": "11629215"
  },
  {
    "ID Number": "11610026"
  },
  {
    "ID Number": "11602295"
  },
  {
    "ID Number": "11626348"
  },
  {
    "ID Number": "11630558"
  },
  {
    "ID Number": "11636009"
  },
  {
    "ID Number": "11645679"
  },
  {
    "ID Number": "11645695"
  },
  {
    "ID Number": "11617659"
  },
  {
    "ID Number": "11606908"
  },
  {
    "ID Number": "11623225"
  },
  {
    "ID Number": "11607840"
  },
  {
    "ID Number": "11614021"
  },
  {
    "ID Number": "11601388"
  },
  {
    "ID Number": "11611243"
  },
  {
    "ID Number": "11600853"
  },
  {
    "ID Number": "11600829"
  },
  {
    "ID Number": "11608684"
  },
  {
    "ID Number": "11602481"
  },
  {
    "ID Number": "11610948"
  },
  {
    "ID Number": "11612541"
  },
  {
    "ID Number": "11608366"
  },
  {
    "ID Number": "11612720"
  },
  {
    "ID Number": "11601493"
  },
  {
    "ID Number": "11606592"
  },
  {
    "ID Number": "11614412"
  },
  {
    "ID Number": "11648104"
  },
  {
    "ID Number": "11635312"
  },
  {
    "ID Number": "11633476"
  },
  {
    "ID Number": "11605847"
  },
  {
    "ID Number": "11638265"
  },
  {
    "ID Number": "11611413"
  },
  {
    "ID Number": "11605065"
  },
  {
    "ID Number": "11611707"
  },
  {
    "ID Number": "11640901"
  },
  {
    "ID Number": "11631830"
  },
  {
    "ID Number": "11604352"
  },
  {
    "ID Number": "11639539"
  },
  {
    "ID Number": "11633140"
  },
  {
    "ID Number": "11612630"
  },
  {
    "ID Number": "11601825"
  },
  {
    "ID Number": "11636173"
  },
  {
    "ID Number": "11602341"
  },
  {
    "ID Number": "11610867"
  },
  {
    "ID Number": "11603550"
  },
  {
    "ID Number": "11617594"
  },
  {
    "ID Number": "11625724"
  },
  {
    "ID Number": "11618949"
  },
  {
    "ID Number": "11606142"
  },
  {
    "ID Number": "11601671"
  },
  {
    "ID Number": "11649631"
  },
  {
    "ID Number": "11622989"
  },
  {
    "ID Number": "11605456"
  },
  {
    "ID Number": "11642599"
  },
  {
    "ID Number": "11644206"
  },
  {
    "ID Number": "11624078"
  },
  {
    "ID Number": "11607483"
  },
  {
    "ID Number": "11602058"
  },
  {
    "ID Number": "11601507"
  },
  {
    "ID Number": "11644990"
  },
  {
    "ID Number": "11607858"
  },
  {
    "ID Number": "11606185"
  },
  {
    "ID Number": "11603216"
  },
  {
    "ID Number": "11641746"
  },
  {
    "ID Number": "11616172"
  },
  {
    "ID Number": "430277"
  },
  {
    "ID Number": "11650079"
  },
  {
    "ID Number": "11653191"
  },
  {
    "ID Number": "11635592"
  },
  {
    "ID Number": "11635185"
  },
  {
    "ID Number": "11608382"
  },
  {
    "ID Number": "11608943"
  },
  {
    "ID Number": "11654104"
  },
  {
    "ID Number": "11632631"
  },
  {
    "ID Number": "11605855"
  },
  {
    "ID Number": "11617306"
  },
  {
    "ID Number": "11601736"
  },
  {
    "ID Number": "11602570"
  },
  {
    "ID Number": "11601434"
  },
  {
    "ID Number": "11606843"
  },
  {
    "ID Number": "11635568"
  },
  {
    "ID Number": "11607769"
  },
  {
    "ID Number": "11630426"
  },
  {
    "ID Number": "11654139"
  },
  {
    "ID Number": "11615362"
  },
  {
    "ID Number": "11644508"
  },
  {
    "ID Number": "11606800"
  },
  {
    "ID Number": "11616695"
  },
  {
    "ID Number": "11635088"
  },
  {
    "ID Number": "11601892"
  },
  {
    "ID Number": "11618795"
  },
  {
    "ID Number": "11604379"
  },
  {
    "ID Number": "11613971"
  },
  {
    "ID Number": "11604476"
  },
  {
    "ID Number": "11638290"
  },
  {
    "ID Number": "11603186"
  },
  {
    "ID Number": "11615079"
  },
  {
    "ID Number": "11616091"
  },
  {
    "ID Number": "11609117"
  },
  {
    "ID Number": "11612835"
  },
  {
    "ID Number": "11612150"
  },
  {
    "ID Number": "11622598"
  },
  {
    "ID Number": "11604840"
  },
  {
    "ID Number": "11614978"
  },
  {
    "ID Number": "11618400"
  },
  {
    "ID Number": "11628731"
  },
  {
    "ID Number": "11613327"
  },
  {
    "ID Number": "11631562"
  },
  {
    "ID Number": "11614269"
  },
  {
    "ID Number": "11620587"
  },
  {
    "ID Number": "11602333"
  },
  {
    "ID Number": "11609176"
  },
  {
    "ID Number": "11607351"
  },
  {
    "ID Number": "11611367"
  },
  {
    "ID Number": "11602953"
  },
  {
    "ID Number": "11603976"
  },
  {
    "ID Number": "11603194"
  },
  {
    "ID Number": "11608595"
  },
  {
    "ID Number": "11618710"
  },
  {
    "ID Number": "11614030"
  },
  {
    "ID Number": "11636645"
  },
  {
    "ID Number": "11600217"
  },
  {
    "ID Number": "11634391"
  },
  {
    "ID Number": "11618280"
  },
  {
    "ID Number": "11613718"
  },
  {
    "ID Number": "11628855"
  },
  {
    "ID Number": "11621893"
  },
  {
    "ID Number": "11620056"
  },
  {
    "ID Number": "11618825"
  },
  {
    "ID Number": "11635304"
  },
  {
    "ID Number": "11605170"
  },
  {
    "ID Number": "11643552"
  },
  {
    "ID Number": "11600659"
  },
  {
    "ID Number": "11611928"
  },
  {
    "ID Number": "11603372"
  },
  {
    "ID Number": "11610735"
  },
  {
    "ID Number": "11604700"
  },
  {
    "ID Number": "11608889"
  },
  {
    "ID Number": "11651865"
  },
  {
    "ID Number": "11625465"
  },
  {
    "ID Number": "11625473"
  },
  {
    "ID Number": "11601060"
  },
  {
    "ID Number": "11615435"
  },
  {
    "ID Number": "11602988"
  },
  {
    "ID Number": "11639733"
  },
  {
    "ID Number": "11601124"
  },
  {
    "ID Number": "11610662"
  },
  {
    "ID Number": "11629045"
  },
  {
    "ID Number": "11605006"
  },
  {
    "ID Number": "11624884"
  },
  {
    "ID Number": "11616245"
  },
  {
    "ID Number": "11603380"
  },
  {
    "ID Number": "11618329"
  },
  {
    "ID Number": "11600772"
  },
  {
    "ID Number": "11636858"
  },
  {
    "ID Number": "11637684"
  },
  {
    "ID Number": "11609419"
  },
  {
    "ID Number": "11601876"
  },
  {
    "ID Number": "11602775"
  },
  {
    "ID Number": "11634081"
  },
  {
    "ID Number": "11614803"
  },
  {
    "ID Number": "11644010"
  },
  {
    "ID Number": "11632089"
  },
  {
    "ID Number": "11601051"
  },
  {
    "ID Number": "11638036"
  },
  {
    "ID Number": "11600802"
  },
  {
    "ID Number": "11619732"
  },
  {
    "ID Number": "11623551"
  },
  {
    "ID Number": "11606380"
  },
  {
    "ID Number": "11602554"
  },
  {
    "ID Number": "11647760"
  },
  {
    "ID Number": "11627492"
  },
  {
    "ID Number": "11636734"
  },
  {
    "ID Number": "11606940"
  },
  {
    "ID Number": "11614854"
  },
  {
    "ID Number": "11606231"
  },
  {
    "ID Number": "11654929"
  },
  {
    "ID Number": "11634898"
  },
  {
    "ID Number": "11650516"
  },
  {
    "ID Number": "11600900"
  },
  {
    "ID Number": "11647116"
  },
  {
    "ID Number": "11605464"
  },
  {
    "ID Number": "11600586"
  },
  {
    "ID Number": "11602937"
  },
  {
    "ID Number": "11607084"
  },
  {
    "ID Number": "11605871"
  },
  {
    "ID Number": "11635428"
  },
  {
    "ID Number": "11639660"
  },
  {
    "ID Number": "11602112"
  },
  {
    "ID Number": "11648660"
  },
  {
    "ID Number": "11606878"
  },
  {
    "ID Number": "11637617"
  },
  {
    "ID Number": "11633336"
  },
  {
    "ID Number": "11638249"
  },
  {
    "ID Number": "11631120"
  },
  {
    "ID Number": "11603003"
  },
  {
    "ID Number": "11634235"
  },
  {
    "ID Number": "11629126"
  },
  {
    "ID Number": "11617489"
  },
  {
    "ID Number": "11605472"
  },
  {
    "ID Number": "11619899"
  },
  {
    "ID Number": "11633212"
  },
  {
    "ID Number": "11606975"
  },
  {
    "ID Number": "11618159"
  },
  {
    "ID Number": "11610115"
  },
  {
    "ID Number": "11606509"
  },
  {
    "ID Number": "11600543"
  },
  {
    "ID Number": "11603747"
  },
  {
    "ID Number": "11603402"
  },
  {
    "ID Number": "11620137"
  },
  {
    "ID Number": "11604263"
  },
  {
    "ID Number": "11604409"
  },
  {
    "ID Number": "11604271"
  },
  {
    "ID Number": "11608404"
  },
  {
    "ID Number": "11632224"
  },
  {
    "ID Number": "11601698"
  },
  {
    "ID Number": "11608056"
  },
  {
    "ID Number": "11610492"
  },
  {
    "ID Number": "11605278"
  },
  {
    "ID Number": "11643722"
  },
  {
    "ID Number": "11620528"
  },
  {
    "ID Number": "11604921"
  },
  {
    "ID Number": "11618639"
  },
  {
    "ID Number": "11609036"
  },
  {
    "ID Number": "11608048"
  },
  {
    "ID Number": "11643960"
  },
  {
    "ID Number": "11622679"
  },
  {
    "ID Number": "11623160"
  },
  {
    "ID Number": "11602414"
  },
  {
    "ID Number": "11601400"
  },
  {
    "ID Number": "11635339"
  },
  {
    "ID Number": "11603127"
  },
  {
    "ID Number": "11618752"
  },
  {
    "ID Number": "11653914"
  },
  {
    "ID Number": "11620200"
  },
  {
    "ID Number": "11609680"
  },
  {
    "ID Number": "11630981"
  },
  {
    "ID Number": "11600535"
  },
  {
    "ID Number": "11602813"
  },
  {
    "ID Number": "11603755"
  },
  {
    "ID Number": "11643269"
  },
  {
    "ID Number": "11604468"
  },
  {
    "ID Number": "11630019"
  },
  {
    "ID Number": "11630620"
  },
  {
    "ID Number": "11609150"
  },
  {
    "ID Number": "44158165"
  },
  {
    "ID Number": "11604573"
  },
  {
    "ID Number": "11601957"
  },
  {
    "ID Number": "11606860"
  },
  {
    "ID Number": "11644931"
  },
  {
    "ID Number": "11638567"
  },
  {
    "ID Number": "11643536"
  },
  {
    "ID Number": "11603429"
  },
  {
    "ID Number": "11640618"
  },
  {
    "ID Number": "11606398"
  },
  {
    "ID Number": "11605081"
  },
  {
    "ID Number": "11626968"
  },
  {
    "ID Number": "11600977"
  },
  {
    "ID Number": "11606746"
  },
  {
    "ID Number": "11611405"
  },
  {
    "ID Number": "11644176"
  },
  {
    "ID Number": "11647078"
  },
  {
    "ID Number": "11609788"
  },
  {
    "ID Number": "11606410"
  },
  {
    "ID Number": "11636866"
  },
  {
    "ID Number": "11614013"
  },
  {
    "ID Number": "11602759"
  },
  {
    "ID Number": "11629908"
  },
  {
    "ID Number": "11614684"
  },
  {
    "ID Number": "11603771"
  },
  {
    "ID Number": "11605510"
  },
  {
    "ID Number": "11606657"
  },
  {
    "ID Number": "11633166"
  },
  {
    "ID Number": "11618612"
  },
  {
    "ID Number": "11602015"
  },
  {
    "ID Number": "11620757"
  },
  {
    "ID Number": "11644621"
  },
  {
    "ID Number": "11600306"
  },
  {
    "ID Number": "11623462"
  },
  {
    "ID Number": "11629193"
  },
  {
    "ID Number": "11653493"
  },
  {
    "ID Number": "11634901"
  },
  {
    "ID Number": "11611480"
  },
  {
    "ID Number": "11601183"
  },
  {
    "ID Number": "11608862"
  },
  {
    "ID Number": "11622504"
  },
  {
    "ID Number": "11629223"
  },
  {
    "ID Number": "11645709"
  },
  {
    "ID Number": "11604107"
  },
  {
    "ID Number": "11632410"
  },
  {
    "ID Number": "11629681"
  },
  {
    "ID Number": "11629690"
  },
  {
    "ID Number": "11611804"
  },
  {
    "ID Number": "11615680"
  },
  {
    "ID Number": "11629479"
  },
  {
    "ID Number": "11610506"
  },
  {
    "ID Number": "11638907"
  },
  {
    "ID Number": "11623179"
  },
  {
    "ID Number": "11639075"
  },
  {
    "ID Number": "11603984"
  },
  {
    "ID Number": "11606568"
  },
  {
    "ID Number": "11610514"
  },
  {
    "ID Number": "11635916"
  },
  {
    "ID Number": "11610638"
  },
  {
    "ID Number": "11602961"
  },
  {
    "ID Number": "11619503"
  },
  {
    "ID Number": "11601086"
  },
  {
    "ID Number": "11600748"
  },
  {
    "ID Number": "11604743"
  },
  {
    "ID Number": "11639555"
  },
  {
    "ID Number": "11617004"
  },
  {
    "ID Number": "11611677"
  },
  {
    "ID Number": "11605197"
  },
  {
    "ID Number": "11629991"
  },
  {
    "ID Number": "11601078"
  },
  {
    "ID Number": "11635797"
  },
  {
    "ID Number": "11610972"
  },
  {
    "ID Number": "11604930"
  },
  {
    "ID Number": "11602422"
  },
  {
    "ID Number": "11604174"
  },
  {
    "ID Number": "11633158"
  },
  {
    "ID Number": "11622164"
  },
  {
    "ID Number": "11611782"
  },
  {
    "ID Number": "11631953"
  },
  {
    "ID Number": "11650338"
  },
  {
    "ID Number": "11648813"
  },
  {
    "ID Number": "11605901"
  },
  {
    "ID Number": "11648759"
  },
  {
    "ID Number": "11622350"
  },
  {
    "ID Number": "11646292"
  },
  {
    "ID Number": "11601310"
  },
  {
    "ID Number": "11633174"
  },
  {
    "ID Number": "11645458"
  },
  {
    "ID Number": "11628260"
  },
  {
    "ID Number": "11606177"
  },
  {
    "ID Number": "11608625"
  },
  {
    "ID Number": "11634693"
  },
  {
    "ID Number": "11605545"
  },
  {
    "ID Number": "11644591"
  },
  {
    "ID Number": "11611340"
  },
  {
    "ID Number": "11639520"
  },
  {
    "ID Number": "11603780"
  },
  {
    "ID Number": "11605910"
  },
  {
    "ID Number": "11611154"
  },
  {
    "ID Number": "11644842"
  },
  {
    "ID Number": "11646225"
  },
  {
    "ID Number": "11641118"
  },
  {
    "ID Number": "11602490"
  },
  {
    "ID Number": "11613645"
  },
  {
    "ID Number": "11637820"
  },
  {
    "ID Number": "11609222"
  },
  {
    "ID Number": "11601884"
  },
  {
    "ID Number": "11606517"
  },
  {
    "ID Number": "11631392"
  },
  {
    "ID Number": "11631139"
  },
  {
    "ID Number": "11608854"
  },
  {
    "ID Number": "11606436"
  },
  {
    "ID Number": "11623365"
  },
  {
    "ID Number": "11621630"
  },
  {
    "ID Number": "11618957"
  },
  {
    "ID Number": "11601566"
  },
  {
    "ID Number": "11623349"
  },
  {
    "ID Number": "11614900"
  },
  {
    "ID Number": "11632194"
  },
  {
    "ID Number": "11600152"
  },
  {
    "ID Number": "11608870"
  },
  {
    "ID Number": "11613530"
  },
  {
    "ID Number": "11646543"
  },
  {
    "ID Number": "11610522"
  },
  {
    "ID Number": "11607815"
  },
  {
    "ID Number": "11604581"
  },
  {
    "ID Number": "11604972"
  },
  {
    "ID Number": "11627018"
  },
  {
    "ID Number": "11611430"
  },
  {
    "ID Number": "11603011"
  },
  {
    "ID Number": "11622938"
  },
  {
    "ID Number": "11618590"
  },
  {
    "ID Number": "11617519"
  },
  {
    "ID Number": "11633840"
  },
  {
    "ID Number": "11614641"
  },
  {
    "ID Number": "11634073"
  },
  {
    "ID Number": "11626470"
  },
  {
    "ID Number": "11637870"
  },
  {
    "ID Number": "11631880"
  },
  {
    "ID Number": "11636939"
  },
  {
    "ID Number": "11601558"
  },
  {
    "ID Number": "11614943"
  },
  {
    "ID Number": "11650320"
  },
  {
    "ID Number": "11613157"
  },
  {
    "ID Number": "11619007"
  },
  {
    "ID Number": "11636041"
  },
  {
    "ID Number": "11603526"
  },
  {
    "ID Number": "11603615"
  },
  {
    "ID Number": "11634910"
  },
  {
    "ID Number": "11602090"
  },
  {
    "ID Number": "11643366"
  },
  {
    "ID Number": "11622334"
  },
  {
    "ID Number": "11610719"
  },
  {
    "ID Number": "11617276"
  },
  {
    "ID Number": "11600330"
  },
  {
    "ID Number": "11601205"
  },
  {
    "ID Number": "11654937"
  },
  {
    "ID Number": "11650842"
  },
  {
    "ID Number": "11615001"
  },
  {
    "ID Number": "11608692"
  },
  {
    "ID Number": "11602848"
  },
  {
    "ID Number": "11605936"
  },
  {
    "ID Number": "11605944"
  },
  {
    "ID Number": "11617578"
  },
  {
    "ID Number": "11615460"
  },
  {
    "ID Number": "11611871"
  },
  {
    "ID Number": "11601450"
  },
  {
    "ID Number": "11639105"
  },
  {
    "ID Number": "11604000"
  },
  {
    "ID Number": "11604590"
  },
  {
    "ID Number": "11623039"
  },
  {
    "ID Number": "11635509"
  },
  {
    "ID Number": "11627158"
  },
  {
    "ID Number": "11627174"
  },
  {
    "ID Number": "11634057"
  },
  {
    "ID Number": "11633786"
  },
  {
    "ID Number": "11616750"
  },
  {
    "ID Number": "11620161"
  },
  {
    "ID Number": "11626402"
  },
  {
    "ID Number": "11606827"
  },
  {
    "ID Number": "11622067"
  },
  {
    "ID Number": "11608412"
  },
  {
    "ID Number": "11604417"
  },
  {
    "ID Number": "11635355"
  },
  {
    "ID Number": "11600063"
  },
  {
    "ID Number": "11609737"
  },
  {
    "ID Number": "11600527"
  },
  {
    "ID Number": "11608218"
  },
  {
    "ID Number": "11626720"
  },
  {
    "ID Number": "11631180"
  },
  {
    "ID Number": "11605979"
  },
  {
    "ID Number": "11605987"
  },
  {
    "ID Number": "11608080"
  },
  {
    "ID Number": "11601841"
  },
  {
    "ID Number": "11618493"
  },
  {
    "ID Number": "11618485"
  },
  {
    "ID Number": "11608013"
  },
  {
    "ID Number": "11645296"
  },
  {
    "ID Number": "11621370"
  },
  {
    "ID Number": "11633182"
  },
  {
    "ID Number": "11603828"
  },
  {
    "ID Number": "11611979"
  },
  {
    "ID Number": "11612215"
  },
  {
    "ID Number": "11611731"
  },
  {
    "ID Number": "11604140"
  },
  {
    "ID Number": "11632364"
  },
  {
    "ID Number": "11608161"
  },
  {
    "ID Number": "11600870"
  },
  {
    "ID Number": "11604956"
  },
  {
    "ID Number": "11610069"
  },
  {
    "ID Number": "11631007"
  },
  {
    "ID Number": "11622172"
  },
  {
    "ID Number": "11619880"
  },
  {
    "ID Number": "11636556"
  },
  {
    "ID Number": "11601523"
  },
  {
    "ID Number": "11629924"
  },
  {
    "ID Number": "11606240"
  },
  {
    "ID Number": "11600233"
  },
  {
    "ID Number": "11616482"
  },
  {
    "ID Number": "11622873"
  },
  {
    "ID Number": "11608668"
  },
  {
    "ID Number": "11648929"
  },
  {
    "ID Number": "11611170"
  },
  {
    "ID Number": "11616725"
  },
  {
    "ID Number": "11609028"
  },
  {
    "ID Number": "11624280"
  },
  {
    "ID Number": "11622920"
  },
  {
    "ID Number": "11624337"
  },
  {
    "ID Number": "11603445"
  },
  {
    "ID Number": "11603534"
  },
  {
    "ID Number": "11629860"
  },
  {
    "ID Number": "11605251"
  },
  {
    "ID Number": "11604425"
  },
  {
    "ID Number": "11644230"
  },
  {
    "ID Number": "11611529"
  },
  {
    "ID Number": "11610816"
  },
  {
    "ID Number": "11643595"
  },
  {
    "ID Number": "11601868"
  },
  {
    "ID Number": "11604760"
  },
  {
    "ID Number": "11615010"
  },
  {
    "ID Number": "11649720"
  },
  {
    "ID Number": "11607297"
  },
  {
    "ID Number": "11620099"
  },
  {
    "ID Number": "11635720"
  },
  {
    "ID Number": "11621397"
  },
  {
    "ID Number": "11609664"
  },
  {
    "ID Number": "11611014"
  },
  {
    "ID Number": "11615753"
  },
  {
    "ID Number": "11603801"
  },
  {
    "ID Number": "11603909"
  },
  {
    "ID Number": "11646845"
  },
  {
    "ID Number": "11609800"
  },
  {
    "ID Number": "11600667"
  },
  {
    "ID Number": "11618205"
  }
]