[
  {
    "ID Number": "14622270"
  },
  {
    "ID Number": "14607115"
  },
  {
    "ID Number": "14614189"
  },
  {
    "ID Number": "14614170"
  },
  {
    "ID Number": "14601770"
  },
  {
    "ID Number": "14654911"
  },
  {
    "ID Number": "14606348"
  },
  {
    "ID Number": "14604566"
  },
  {
    "ID Number": "14622149"
  },
  {
    "ID Number": "14637260"
  },
  {
    "ID Number": "14636166"
  },
  {
    "ID Number": "14603756"
  },
  {
    "ID Number": "14629178"
  },
  {
    "ID Number": "14643855"
  },
  {
    "ID Number": "14604035"
  },
  {
    "ID Number": "14645890"
  },
  {
    "ID Number": "14622360"
  },
  {
    "ID Number": "14611635"
  },
  {
    "ID Number": "14610132"
  },
  {
    "ID Number": "924679"
  },
  {
    "ID Number": "14672260"
  },
  {
    "ID Number": "14608669"
  },
  {
    "ID Number": "14620294"
  },
  {
    "ID Number": "14602369"
  },
  {
    "ID Number": "14600471"
  },
  {
    "ID Number": "14646722"
  },
  {
    "ID Number": "14627744"
  },
  {
    "ID Number": "14624370"
  },
  {
    "ID Number": "14677806"
  },
  {
    "ID Number": "14663821"
  },
  {
    "ID Number": "14661284"
  },
  {
    "ID Number": "14666952"
  },
  {
    "ID Number": "14636174"
  },
  {
    "ID Number": "14662183"
  },
  {
    "ID Number": "14646439"
  },
  {
    "ID Number": "14650592"
  },
  {
    "ID Number": "14654830"
  },
  {
    "ID Number": "14630311"
  },
  {
    "ID Number": "14641429"
  },
  {
    "ID Number": "14659654"
  },
  {
    "ID Number": "14615053"
  },
  {
    "ID Number": "14670909"
  },
  {
    "ID Number": "14652897"
  },
  {
    "ID Number": "14632489"
  },
  {
    "ID Number": "14602636"
  },
  {
    "ID Number": "14645203"
  },
  {
    "ID Number": "14627558"
  },
  {
    "ID Number": "14611570"
  },
  {
    "ID Number": "14613522"
  },
  {
    "ID Number": "14638509"
  },
  {
    "ID Number": "14673207"
  },
  {
    "ID Number": "14606755"
  },
  {
    "ID Number": "14628953"
  },
  {
    "ID Number": "14628775"
  },
  {
    "ID Number": "14611767"
  },
  {
    "ID Number": "14613816"
  },
  {
    "ID Number": "14606151"
  },
  {
    "ID Number": "14623544"
  },
  {
    "ID Number": "14618648"
  },
  {
    "ID Number": "13701010"
  },
  {
    "ID Number": "14653575"
  },
  {
    "ID Number": "14611430"
  },
  {
    "ID Number": "14660482"
  },
  {
    "ID Number": "14640872"
  },
  {
    "ID Number": "14661691"
  },
  {
    "ID Number": "14606950"
  },
  {
    "ID Number": "14610302"
  },
  {
    "ID Number": "14612100"
  },
  {
    "ID Number": "14600021"
  },
  {
    "ID Number": "14612119"
  },
  {
    "ID Number": "14611864"
  },
  {
    "ID Number": "14619679"
  },
  {
    "ID Number": "14657830"
  },
  {
    "ID Number": "14632500"
  },
  {
    "ID Number": "14638088"
  },
  {
    "ID Number": "14622416"
  },
  {
    "ID Number": "14608677"
  },
  {
    "ID Number": "14642255"
  },
  {
    "ID Number": "14618168"
  },
  {
    "ID Number": "14675676"
  },
  {
    "ID Number": "14678918"
  },
  {
    "ID Number": "14648741"
  },
  {
    "ID Number": "14603837"
  },
  {
    "ID Number": "14611830"
  },
  {
    "ID Number": "14639920"
  },
  {
    "ID Number": "14612127"
  },
  {
    "ID Number": "15000141"
  },
  {
    "ID Number": "14603900"
  },
  {
    "ID Number": "14602709"
  },
  {
    "ID Number": "14602377"
  },
  {
    "ID Number": "14646986"
  },
  {
    "ID Number": "14606852"
  },
  {
    "ID Number": "14641771"
  },
  {
    "ID Number": "14648059"
  },
  {
    "ID Number": "14606771"
  },
  {
    "ID Number": "14606160"
  },
  {
    "ID Number": "14646820"
  },
  {
    "ID Number": "14610426"
  },
  {
    "ID Number": "14640210"
  },
  {
    "ID Number": "14625253"
  },
  {
    "ID Number": "14624966"
  },
  {
    "ID Number": "14681714"
  },
  {
    "ID Number": "14655438"
  },
  {
    "ID Number": "14603659"
  },
  {
    "ID Number": "14632926"
  },
  {
    "ID Number": "14635216"
  },
  {
    "ID Number": "14634740"
  },
  {
    "ID Number": "14625610"
  },
  {
    "ID Number": "14605015"
  },
  {
    "ID Number": "14625334"
  },
  {
    "ID Number": "14624494"
  },
  {
    "ID Number": "14634988"
  },
  {
    "ID Number": "14657015"
  },
  {
    "ID Number": "14613980"
  },
  {
    "ID Number": "14672219"
  },
  {
    "ID Number": "14606704"
  },
  {
    "ID Number": "14670704"
  },
  {
    "ID Number": "14652854"
  },
  {
    "ID Number": "14637413"
  },
  {
    "ID Number": "14641895"
  },
  {
    "ID Number": "14631636"
  },
  {
    "ID Number": "14610876"
  },
  {
    "ID Number": "14630753"
  },
  {
    "ID Number": "14634473"
  },
  {
    "ID Number": "14629925"
  },
  {
    "ID Number": "14600536"
  },
  {
    "ID Number": "14679140"
  },
  {
    "ID Number": "14608510"
  },
  {
    "ID Number": "14640392"
  },
  {
    "ID Number": "14608693"
  },
  {
    "ID Number": "14603152"
  },
  {
    "ID Number": "14660148"
  },
  {
    "ID Number": "14639939"
  },
  {
    "ID Number": "14606780"
  },
  {
    "ID Number": "14648334"
  },
  {
    "ID Number": "14659590"
  },
  {
    "ID Number": "14608707"
  },
  {
    "ID Number": "14601338"
  },
  {
    "ID Number": "14638304"
  },
  {
    "ID Number": "14676125"
  },
  {
    "ID Number": "14608634"
  },
  {
    "ID Number": "14608715"
  },
  {
    "ID Number": "14603551"
  },
  {
    "ID Number": "14614219"
  },
  {
    "ID Number": "14608537"
  },
  {
    "ID Number": "14602105"
  },
  {
    "ID Number": "14608472"
  },
  {
    "ID Number": "14610434"
  },
  {
    "ID Number": "14651513"
  },
  {
    "ID Number": "14617510"
  },
  {
    "ID Number": "14625040"
  },
  {
    "ID Number": "14603144"
  },
  {
    "ID Number": "14670712"
  },
  {
    "ID Number": "14621282"
  },
  {
    "ID Number": "14663805"
  },
  {
    "ID Number": "14611066"
  },
  {
    "ID Number": "14647001"
  },
  {
    "ID Number": "14640171"
  },
  {
    "ID Number": "14601362"
  },
  {
    "ID Number": "14667169"
  },
  {
    "ID Number": "14632713"
  },
  {
    "ID Number": "14635569"
  },
  {
    "ID Number": "14657120"
  },
  {
    "ID Number": "14644614"
  },
  {
    "ID Number": "14600331"
  },
  {
    "ID Number": "14670720"
  },
  {
    "ID Number": "14643790"
  },
  {
    "ID Number": "14618818"
  },
  {
    "ID Number": "14608642"
  },
  {
    "ID Number": "14603489"
  },
  {
    "ID Number": "14605406"
  },
  {
    "ID Number": "14646951"
  },
  {
    "ID Number": "14629666"
  },
  {
    "ID Number": "14621991"
  },
  {
    "ID Number": "14644550"
  },
  {
    "ID Number": "14651017"
  },
  {
    "ID Number": "14672138"
  },
  {
    "ID Number": "14613131"
  },
  {
    "ID Number": "14642280"
  },
  {
    "ID Number": "14624257"
  },
  {
    "ID Number": "14667142"
  },
  {
    "ID Number": "14603764"
  },
  {
    "ID Number": "14606720"
  },
  {
    "ID Number": "14661608"
  },
  {
    "ID Number": "14604981"
  },
  {
    "ID Number": "14604191"
  },
  {
    "ID Number": "14615088"
  },
  {
    "ID Number": "14603993"
  },
  {
    "ID Number": "14646617"
  },
  {
    "ID Number": "14646862"
  },
  {
    "ID Number": "14648180"
  },
  {
    "ID Number": "14625261"
  },
  {
    "ID Number": "14667851"
  },
  {
    "ID Number": "14601052"
  },
  {
    "ID Number": "14621983"
  },
  {
    "ID Number": "14622866"
  },
  {
    "ID Number": "14604477"
  },
  {
    "ID Number": "14642115"
  },
  {
    "ID Number": "14624346"
  },
  {
    "ID Number": "14652161"
  },
  {
    "ID Number": "14658194"
  },
  {
    "ID Number": "14639742"
  },
  {
    "ID Number": "14651084"
  },
  {
    "ID Number": "14638215"
  },
  {
    "ID Number": "14635275"
  },
  {
    "ID Number": "14632209"
  },
  {
    "ID Number": "14653737"
  },
  {
    "ID Number": "14617234"
  },
  {
    "ID Number": "14623277"
  },
  {
    "ID Number": "14610906"
  },
  {
    "ID Number": "14681390"
  },
  {
    "ID Number": "14681382"
  },
  {
    "ID Number": "14657066"
  },
  {
    "ID Number": "14648695"
  },
  {
    "ID Number": "14646331"
  },
  {
    "ID Number": "14672227"
  },
  {
    "ID Number": "14638231"
  },
  {
    "ID Number": "14675382"
  },
  {
    "ID Number": "14645424"
  },
  {
    "ID Number": "14655179"
  },
  {
    "ID Number": "14615126"
  },
  {
    "ID Number": "14654261"
  },
  {
    "ID Number": "14600978"
  },
  {
    "ID Number": "14619814"
  },
  {
    "ID Number": "14631814"
  },
  {
    "ID Number": "14664348"
  },
  {
    "ID Number": "14669285"
  },
  {
    "ID Number": "14607824"
  },
  {
    "ID Number": "14652382"
  },
  {
    "ID Number": "14655365"
  },
  {
    "ID Number": "14634414"
  },
  {
    "ID Number": "14641020"
  },
  {
    "ID Number": "14635577"
  },
  {
    "ID Number": "14654130"
  },
  {
    "ID Number": "14633884"
  },
  {
    "ID Number": "14600064"
  },
  {
    "ID Number": "14652765"
  },
  {
    "ID Number": "14663945"
  },
  {
    "ID Number": "14638266"
  },
  {
    "ID Number": "14635500"
  },
  {
    "ID Number": "14659662"
  },
  {
    "ID Number": "14600528"
  },
  {
    "ID Number": "14651661"
  },
  {
    "ID Number": "14604825"
  },
  {
    "ID Number": "14605660"
  },
  {
    "ID Number": "14607603"
  },
  {
    "ID Number": "14611872"
  },
  {
    "ID Number": "14628368"
  },
  {
    "ID Number": "14603284"
  },
  {
    "ID Number": "14604442"
  },
  {
    "ID Number": "14620928"
  },
  {
    "ID Number": "14644606"
  },
  {
    "ID Number": "14652412"
  },
  {
    "ID Number": "14655950"
  },
  {
    "ID Number": "14601044"
  },
  {
    "ID Number": "14671212"
  },
  {
    "ID Number": "14608383"
  },
  {
    "ID Number": "14608553"
  },
  {
    "ID Number": "14612585"
  },
  {
    "ID Number": "14600102"
  },
  {
    "ID Number": "14608480"
  },
  {
    "ID Number": "14661101"
  },
  {
    "ID Number": "14662337"
  },
  {
    "ID Number": "14645157"
  },
  {
    "ID Number": "14651092"
  },
  {
    "ID Number": "14653516"
  },
  {
    "ID Number": "14676303"
  },
  {
    "ID Number": "14634015"
  },
  {
    "ID Number": "14653044"
  },
  {
    "ID Number": "14615134"
  },
  {
    "ID Number": "14603802"
  },
  {
    "ID Number": "14669080"
  },
  {
    "ID Number": "14625270"
  },
  {
    "ID Number": "14649390"
  },
  {
    "ID Number": "14668050"
  },
  {
    "ID Number": "14646994"
  },
  {
    "ID Number": "14659980"
  },
  {
    "ID Number": "14614871"
  },
  {
    "ID Number": "14614880"
  },
  {
    "ID Number": "14656620"
  },
  {
    "ID Number": "14655489"
  },
  {
    "ID Number": "14644231"
  },
  {
    "ID Number": "14606690"
  },
  {
    "ID Number": "14655241"
  },
  {
    "ID Number": "14643910"
  },
  {
    "ID Number": "14656655"
  },
  {
    "ID Number": "14605813"
  },
  {
    "ID Number": "14649160"
  },
  {
    "ID Number": "14622882"
  },
  {
    "ID Number": "14656663"
  },
  {
    "ID Number": "14628740"
  },
  {
    "ID Number": "14658542"
  },
  {
    "ID Number": "14636034"
  },
  {
    "ID Number": "14648652"
  },
  {
    "ID Number": "14609789"
  },
  {
    "ID Number": "4160258"
  },
  {
    "ID Number": "14634805"
  },
  {
    "ID Number": "14638703"
  },
  {
    "ID Number": "14643383"
  },
  {
    "ID Number": "14625300"
  },
  {
    "ID Number": "14609290"
  },
  {
    "ID Number": "14646064"
  },
  {
    "ID Number": "14653702"
  },
  {
    "ID Number": "14611082"
  },
  {
    "ID Number": "14651432"
  },
  {
    "ID Number": "14602237"
  },
  {
    "ID Number": "14613611"
  },
  {
    "ID Number": "14603829"
  },
  {
    "ID Number": "14601761"
  },
  {
    "ID Number": "14643090"
  },
  {
    "ID Number": "14664283"
  },
  {
    "ID Number": "14612593"
  },
  {
    "ID Number": "14609835"
  },
  {
    "ID Number": "14609843"
  },
  {
    "ID Number": "14676133"
  },
  {
    "ID Number": "14643880"
  },
  {
    "ID Number": "14664259"
  },
  {
    "ID Number": "14643928"
  },
  {
    "ID Number": "14652773"
  },
  {
    "ID Number": "14610922"
  },
  {
    "ID Number": "14609681"
  },
  {
    "ID Number": "14610019"
  },
  {
    "ID Number": "14629879"
  },
  {
    "ID Number": "14670534"
  },
  {
    "ID Number": "14643456"
  },
  {
    "ID Number": "14656124"
  },
  {
    "ID Number": "14643294"
  },
  {
    "ID Number": "14679639"
  },
  {
    "ID Number": "14633230"
  },
  {
    "ID Number": "14615142"
  },
  {
    "ID Number": "14649055"
  },
  {
    "ID Number": "14653028"
  },
  {
    "ID Number": "14635283"
  },
  {
    "ID Number": "14637707"
  },
  {
    "ID Number": "14635801"
  },
  {
    "ID Number": "14607077"
  },
  {
    "ID Number": "14628759"
  },
  {
    "ID Number": "14606747"
  },
  {
    "ID Number": "14608774"
  },
  {
    "ID Number": "14613344"
  },
  {
    "ID Number": "14619199"
  },
  {
    "ID Number": "14613433"
  },
  {
    "ID Number": "14645696"
  },
  {
    "ID Number": "14672910"
  },
  {
    "ID Number": "14632071"
  },
  {
    "ID Number": "14611643"
  },
  {
    "ID Number": "14627760"
  },
  {
    "ID Number": "14620421"
  },
  {
    "ID Number": "14644169"
  },
  {
    "ID Number": "14635615"
  },
  {
    "ID Number": "14639475"
  },
  {
    "ID Number": "14639491"
  },
  {
    "ID Number": "14644193"
  },
  {
    "ID Number": "14605821"
  },
  {
    "ID Number": "14620030"
  },
  {
    "ID Number": "14670780"
  },
  {
    "ID Number": "14680513"
  },
  {
    "ID Number": "14663112"
  },
  {
    "ID Number": "14665891"
  },
  {
    "ID Number": "14619148"
  },
  {
    "ID Number": "14652510"
  },
  {
    "ID Number": "14615169"
  },
  {
    "ID Number": "24130737"
  },
  {
    "ID Number": "14614138"
  },
  {
    "ID Number": "14607042"
  },
  {
    "ID Number": "14603845"
  },
  {
    "ID Number": "14658178"
  },
  {
    "ID Number": "14615177"
  },
  {
    "ID Number": "14679353"
  },
  {
    "ID Number": "14671484"
  },
  {
    "ID Number": "14615185"
  },
  {
    "ID Number": "14622769"
  },
  {
    "ID Number": "14637960"
  },
  {
    "ID Number": "14627574"
  },
  {
    "ID Number": "14629119"
  },
  {
    "ID Number": "14638819"
  },
  {
    "ID Number": "14631555"
  },
  {
    "ID Number": "14620138"
  },
  {
    "ID Number": "14621924"
  },
  {
    "ID Number": "14607840"
  },
  {
    "ID Number": "14625288"
  },
  {
    "ID Number": "14618176"
  },
  {
    "ID Number": "14671247"
  },
  {
    "ID Number": "14670453"
  },
  {
    "ID Number": "14659727"
  },
  {
    "ID Number": "14601346"
  },
  {
    "ID Number": "14647508"
  },
  {
    "ID Number": "14679124"
  },
  {
    "ID Number": "14651483"
  },
  {
    "ID Number": "14630770"
  },
  {
    "ID Number": "14607441"
  },
  {
    "ID Number": "14608324"
  },
  {
    "ID Number": "14678098"
  },
  {
    "ID Number": "14626349"
  },
  {
    "ID Number": "14654857"
  },
  {
    "ID Number": "14652650"
  },
  {
    "ID Number": "14631750"
  },
  {
    "ID Number": "14607867"
  },
  {
    "ID Number": "14609304"
  },
  {
    "ID Number": "14600676"
  },
  {
    "ID Number": "14606542"
  },
  {
    "ID Number": "14601680"
  },
  {
    "ID Number": "14624559"
  },
  {
    "ID Number": "14674564"
  },
  {
    "ID Number": "14640660"
  },
  {
    "ID Number": "14653311"
  },
  {
    "ID Number": "14639424"
  },
  {
    "ID Number": "14607875"
  },
  {
    "ID Number": "14639904"
  },
  {
    "ID Number": "14681781"
  },
  {
    "ID Number": "14676141"
  },
  {
    "ID Number": "14613832"
  },
  {
    "ID Number": "14628392"
  },
  {
    "ID Number": "14653184"
  },
  {
    "ID Number": "14650304"
  },
  {
    "ID Number": "14603675"
  },
  {
    "ID Number": "14673266"
  },
  {
    "ID Number": "14670747"
  },
  {
    "ID Number": "14638100"
  },
  {
    "ID Number": "14601257"
  },
  {
    "ID Number": "14644177"
  },
  {
    "ID Number": "14679698"
  },
  {
    "ID Number": "14679701"
  },
  {
    "ID Number": "14603373"
  },
  {
    "ID Number": "14627779"
  },
  {
    "ID Number": "14635810"
  },
  {
    "ID Number": "14611015"
  },
  {
    "ID Number": "14675706"
  },
  {
    "ID Number": "14643723"
  },
  {
    "ID Number": "14644380"
  },
  {
    "ID Number": "14667770"
  },
  {
    "ID Number": "14682265"
  },
  {
    "ID Number": "14602938"
  },
  {
    "ID Number": "14661136"
  },
  {
    "ID Number": "14647575"
  },
  {
    "ID Number": "14603497"
  },
  {
    "ID Number": "14606976"
  },
  {
    "ID Number": "14623900"
  },
  {
    "ID Number": "14635585"
  },
  {
    "ID Number": "14603098"
  },
  {
    "ID Number": "14656981"
  },
  {
    "ID Number": "14647621"
  },
  {
    "ID Number": "14610833"
  },
  {
    "ID Number": "14661632"
  },
  {
    "ID Number": "14661640"
  },
  {
    "ID Number": "14675188"
  },
  {
    "ID Number": "14645092"
  },
  {
    "ID Number": "14626578"
  },
  {
    "ID Number": "14142716"
  },
  {
    "ID Number": "14119960"
  },
  {
    "ID Number": "14662558"
  },
  {
    "ID Number": "14628880"
  },
  {
    "ID Number": "14654962"
  },
  {
    "ID Number": "14605899"
  },
  {
    "ID Number": "14606224"
  },
  {
    "ID Number": "14609339"
  },
  {
    "ID Number": "14652234"
  },
  {
    "ID Number": "14613620"
  },
  {
    "ID Number": "14635828"
  },
  {
    "ID Number": "14606100"
  },
  {
    "ID Number": "14612615"
  },
  {
    "ID Number": "14607352"
  },
  {
    "ID Number": "14607549"
  },
  {
    "ID Number": "14635100"
  },
  {
    "ID Number": "14629461"
  },
  {
    "ID Number": "14629615"
  },
  {
    "ID Number": "14643367"
  },
  {
    "ID Number": "14611716"
  },
  {
    "ID Number": "14608499"
  },
  {
    "ID Number": "14642875"
  },
  {
    "ID Number": "14601931"
  },
  {
    "ID Number": "14625369"
  },
  {
    "ID Number": "14639556"
  },
  {
    "ID Number": "14656256"
  },
  {
    "ID Number": "14654270"
  },
  {
    "ID Number": "14640384"
  },
  {
    "ID Number": "14607050"
  },
  {
    "ID Number": "14634996"
  },
  {
    "ID Number": "14665778"
  },
  {
    "ID Number": "14605031"
  },
  {
    "ID Number": "14607891"
  },
  {
    "ID Number": "14600650"
  },
  {
    "ID Number": "14601435"
  },
  {
    "ID Number": "14643480"
  },
  {
    "ID Number": "14610442"
  },
  {
    "ID Number": "14674467"
  },
  {
    "ID Number": "14606461"
  },
  {
    "ID Number": "14644975"
  },
  {
    "ID Number": "14620405"
  },
  {
    "ID Number": "14602326"
  },
  {
    "ID Number": "14612445"
  },
  {
    "ID Number": "14601966"
  },
  {
    "ID Number": "73009768"
  },
  {
    "ID Number": "14614103"
  },
  {
    "ID Number": "14636050"
  },
  {
    "ID Number": "14606682"
  },
  {
    "ID Number": "14616130"
  },
  {
    "ID Number": "14611783"
  },
  {
    "ID Number": "14607751"
  },
  {
    "ID Number": "14610957"
  },
  {
    "ID Number": "14663732"
  },
  {
    "ID Number": "14618834"
  },
  {
    "ID Number": "14618184"
  },
  {
    "ID Number": "14605430"
  },
  {
    "ID Number": "14657392"
  },
  {
    "ID Number": "14605198"
  },
  {
    "ID Number": "14605791"
  },
  {
    "ID Number": "14624516"
  },
  {
    "ID Number": "14643979"
  },
  {
    "ID Number": "14646170"
  },
  {
    "ID Number": "14670763"
  },
  {
    "ID Number": "14614324"
  },
  {
    "ID Number": "14634724"
  },
  {
    "ID Number": "14650932"
  },
  {
    "ID Number": "14634058"
  },
  {
    "ID Number": "14644916"
  },
  {
    "ID Number": "14641062"
  },
  {
    "ID Number": "14673746"
  },
  {
    "ID Number": "14640848"
  },
  {
    "ID Number": "14605953"
  },
  {
    "ID Number": "14603110"
  },
  {
    "ID Number": "14606798"
  },
  {
    "ID Number": "14649535"
  },
  {
    "ID Number": "14651823"
  },
  {
    "ID Number": "14671646"
  },
  {
    "ID Number": "14666600"
  },
  {
    "ID Number": "14638126"
  },
  {
    "ID Number": "14671549"
  },
  {
    "ID Number": "14601524"
  },
  {
    "ID Number": "14638738"
  },
  {
    "ID Number": "14645076"
  },
  {
    "ID Number": "14613247"
  },
  {
    "ID Number": "14655659"
  },
  {
    "ID Number": "14621860"
  },
  {
    "ID Number": "14605830"
  },
  {
    "ID Number": "14620740"
  },
  {
    "ID Number": "14637634"
  },
  {
    "ID Number": "14633213"
  },
  {
    "ID Number": "14658429"
  },
  {
    "ID Number": "14654059"
  },
  {
    "ID Number": "14666197"
  },
  {
    "ID Number": "14605546"
  },
  {
    "ID Number": "73008311"
  },
  {
    "ID Number": "14666944"
  },
  {
    "ID Number": "14605082"
  },
  {
    "ID Number": "14663961"
  },
  {
    "ID Number": "14617056"
  },
  {
    "ID Number": "14613441"
  },
  {
    "ID Number": "14678314"
  },
  {
    "ID Number": "14611023"
  },
  {
    "ID Number": "14602210"
  },
  {
    "ID Number": "14674289"
  },
  {
    "ID Number": "14621932"
  },
  {
    "ID Number": "14617005"
  },
  {
    "ID Number": "14637359"
  },
  {
    "ID Number": "14603918"
  },
  {
    "ID Number": "14660466"
  },
  {
    "ID Number": "14606550"
  },
  {
    "ID Number": "14619628"
  },
  {
    "ID Number": "14615215"
  },
  {
    "ID Number": "14678144"
  },
  {
    "ID Number": "14620898"
  },
  {
    "ID Number": "14633663"
  },
  {
    "ID Number": "14624079"
  },
  {
    "ID Number": "14615223"
  },
  {
    "ID Number": "14635593"
  },
  {
    "ID Number": "14652480"
  },
  {
    "ID Number": "14600307"
  },
  {
    "ID Number": "14604400"
  },
  {
    "ID Number": "14656329"
  },
  {
    "ID Number": "14667282"
  },
  {
    "ID Number": "14671832"
  },
  {
    "ID Number": "14604418"
  },
  {
    "ID Number": "14606127"
  },
  {
    "ID Number": "938335"
  },
  {
    "ID Number": "14603365"
  },
  {
    "ID Number": "14603888"
  },
  {
    "ID Number": "14605090"
  },
  {
    "ID Number": "14608405"
  },
  {
    "ID Number": "14651793"
  },
  {
    "ID Number": "14661470"
  },
  {
    "ID Number": "14624524"
  },
  {
    "ID Number": "14646960"
  },
  {
    "ID Number": "14620251"
  },
  {
    "ID Number": "14602903"
  },
  {
    "ID Number": "14656434"
  },
  {
    "ID Number": "14634597"
  },
  {
    "ID Number": "14624982"
  },
  {
    "ID Number": "14653273"
  },
  {
    "ID Number": "14618842"
  },
  {
    "ID Number": "14620243"
  },
  {
    "ID Number": "14603640"
  },
  {
    "ID Number": "14611457"
  },
  {
    "ID Number": "14604310"
  },
  {
    "ID Number": "14608391"
  },
  {
    "ID Number": "14607913"
  },
  {
    "ID Number": "14610809"
  },
  {
    "ID Number": "14607360"
  },
  {
    "ID Number": "14625318"
  },
  {
    "ID Number": "14657384"
  },
  {
    "ID Number": "14638223"
  },
  {
    "ID Number": "14636549"
  },
  {
    "ID Number": "14667100"
  },
  {
    "ID Number": "14619750"
  },
  {
    "ID Number": "14602407"
  },
  {
    "ID Number": "14660105"
  },
  {
    "ID Number": "14625458"
  },
  {
    "ID Number": "14621851"
  },
  {
    "ID Number": "14600668"
  },
  {
    "ID Number": "14632985"
  },
  {
    "ID Number": "14611791"
  },
  {
    "ID Number": "14648210"
  },
  {
    "ID Number": "14625342"
  },
  {
    "ID Number": "14604965"
  },
  {
    "ID Number": "14601010"
  },
  {
    "ID Number": "14604612"
  },
  {
    "ID Number": "14620260"
  },
  {
    "ID Number": "14653583"
  },
  {
    "ID Number": "14624680"
  },
  {
    "ID Number": "14654903"
  },
  {
    "ID Number": "14658585"
  },
  {
    "ID Number": "14600765"
  },
  {
    "ID Number": "14649063"
  },
  {
    "ID Number": "73006718"
  },
  {
    "ID Number": "14611112"
  },
  {
    "ID Number": "14644282"
  },
  {
    "ID Number": "14629089"
  },
  {
    "ID Number": "14682214"
  },
  {
    "ID Number": "14670690"
  },
  {
    "ID Number": "14643316"
  },
  {
    "ID Number": "14647494"
  },
  {
    "ID Number": "14640198"
  },
  {
    "ID Number": "14620413"
  },
  {
    "ID Number": "14638665"
  },
  {
    "ID Number": "14673100"
  },
  {
    "ID Number": "14610264"
  },
  {
    "ID Number": "14602342"
  },
  {
    "ID Number": "14601532"
  },
  {
    "ID Number": "14611139"
  },
  {
    "ID Number": "14608855"
  },
  {
    "ID Number": "14666820"
  },
  {
    "ID Number": "14604361"
  },
  {
    "ID Number": "14615258"
  },
  {
    "ID Number": "14653770"
  },
  {
    "ID Number": "14628678"
  },
  {
    "ID Number": "14677687"
  },
  {
    "ID Number": "14675595"
  },
  {
    "ID Number": "14600242"
  },
  {
    "ID Number": "14601559"
  },
  {
    "ID Number": "14618850"
  },
  {
    "ID Number": "14682346"
  },
  {
    "ID Number": "14636964"
  },
  {
    "ID Number": "14648520"
  },
  {
    "ID Number": "14603896"
  },
  {
    "ID Number": "14651050"
  },
  {
    "ID Number": "14653052"
  },
  {
    "ID Number": "14678160"
  },
  {
    "ID Number": "14600501"
  },
  {
    "ID Number": "14629887"
  },
  {
    "ID Number": "14652536"
  },
  {
    "ID Number": "14605961"
  },
  {
    "ID Number": "14640139"
  },
  {
    "ID Number": "14644290"
  },
  {
    "ID Number": "14644479"
  },
  {
    "ID Number": "14613646"
  },
  {
    "ID Number": "14671948"
  },
  {
    "ID Number": "14655616"
  },
  {
    "ID Number": "14674211"
  },
  {
    "ID Number": "14638339"
  },
  {
    "ID Number": "14602334"
  },
  {
    "ID Number": "14648342"
  },
  {
    "ID Number": "14600811"
  },
  {
    "ID Number": "14645211"
  },
  {
    "ID Number": "14655446"
  },
  {
    "ID Number": "14655454"
  },
  {
    "ID Number": "14650894"
  },
  {
    "ID Number": "14611147"
  },
  {
    "ID Number": "14620839"
  },
  {
    "ID Number": "14602245"
  },
  {
    "ID Number": "14632861"
  },
  {
    "ID Number": "14630788"
  },
  {
    "ID Number": "14675340"
  },
  {
    "ID Number": "14626594"
  },
  {
    "ID Number": "14653524"
  },
  {
    "ID Number": "14631547"
  },
  {
    "ID Number": "14649179"
  },
  {
    "ID Number": "14602520"
  },
  {
    "ID Number": "14604582"
  },
  {
    "ID Number": "14661446"
  },
  {
    "ID Number": "14602016"
  },
  {
    "ID Number": "14679329"
  },
  {
    "ID Number": "14640805"
  },
  {
    "ID Number": "14643740"
  },
  {
    "ID Number": "14627809"
  },
  {
    "ID Number": "14604531"
  },
  {
    "ID Number": "14618770"
  },
  {
    "ID Number": "14610213"
  },
  {
    "ID Number": "14646323"
  },
  {
    "ID Number": "14667541"
  },
  {
    "ID Number": "14634503"
  },
  {
    "ID Number": "14682222"
  },
  {
    "ID Number": "14612933"
  },
  {
    "ID Number": "14605848"
  },
  {
    "ID Number": "14602431"
  },
  {
    "ID Number": "14654440"
  },
  {
    "ID Number": "14630010"
  },
  {
    "ID Number": "14615290"
  },
  {
    "ID Number": "14655187"
  },
  {
    "ID Number": "73012882"
  },
  {
    "ID Number": "14607492"
  },
  {
    "ID Number": "14612666"
  },
  {
    "ID Number": "14637251"
  },
  {
    "ID Number": "14652900"
  },
  {
    "ID Number": "14678179"
  },
  {
    "ID Number": "12966460"
  },
  {
    "ID Number": "14643529"
  },
  {
    "ID Number": "14600820"
  },
  {
    "ID Number": "14614987"
  },
  {
    "ID Number": "14681579"
  },
  {
    "ID Number": "14613670"
  },
  {
    "ID Number": "14614057"
  },
  {
    "ID Number": "14606437"
  },
  {
    "ID Number": "14624095"
  },
  {
    "ID Number": "14651106"
  },
  {
    "ID Number": "14626373"
  },
  {
    "ID Number": "14654156"
  },
  {
    "ID Number": "14646447"
  },
  {
    "ID Number": "14625172"
  },
  {
    "ID Number": "14658550"
  },
  {
    "ID Number": "14631768"
  },
  {
    "ID Number": "14662299"
  },
  {
    "ID Number": "14626608"
  },
  {
    "ID Number": "14644576"
  },
  {
    "ID Number": "14628791"
  },
  {
    "ID Number": "14620510"
  },
  {
    "ID Number": "14620367"
  },
  {
    "ID Number": "14625199"
  },
  {
    "ID Number": "14675420"
  },
  {
    "ID Number": "14675412"
  },
  {
    "ID Number": "14637782"
  },
  {
    "ID Number": "14607948"
  },
  {
    "ID Number": "14640856"
  },
  {
    "ID Number": "14652684"
  },
  {
    "ID Number": "14611155"
  },
  {
    "ID Number": "14653095"
  },
  {
    "ID Number": "14602180"
  },
  {
    "ID Number": "14602628"
  },
  {
    "ID Number": "14613689"
  },
  {
    "ID Number": "14633019"
  },
  {
    "ID Number": "14611910"
  },
  {
    "ID Number": "14625814"
  },
  {
    "ID Number": "14650967"
  },
  {
    "ID Number": "14613859"
  },
  {
    "ID Number": "14604264"
  },
  {
    "ID Number": "14605562"
  },
  {
    "ID Number": "14604060"
  },
  {
    "ID Number": "14613867"
  },
  {
    "ID Number": "14603926"
  },
  {
    "ID Number": "14650975"
  },
  {
    "ID Number": "14604523"
  },
  {
    "ID Number": "14610515"
  },
  {
    "ID Number": "14605724"
  },
  {
    "ID Number": "14607093"
  },
  {
    "ID Number": "14669153"
  },
  {
    "ID Number": "14614286"
  },
  {
    "ID Number": "14608235"
  },
  {
    "ID Number": "14619300"
  },
  {
    "ID Number": "14643200"
  },
  {
    "ID Number": "14651807"
  },
  {
    "ID Number": "14629402"
  },
  {
    "ID Number": "14620286"
  },
  {
    "ID Number": "14635160"
  },
  {
    "ID Number": "14642140"
  },
  {
    "ID Number": "14680947"
  },
  {
    "ID Number": "14656230"
  },
  {
    "ID Number": "14615320"
  },
  {
    "ID Number": "14643545"
  },
  {
    "ID Number": "14608880"
  },
  {
    "ID Number": "14622947"
  },
  {
    "ID Number": "14608898"
  },
  {
    "ID Number": "14610027"
  },
  {
    "ID Number": "14660512"
  },
  {
    "ID Number": "14607956"
  },
  {
    "ID Number": "14610523"
  },
  {
    "ID Number": "14672308"
  },
  {
    "ID Number": "14672111"
  },
  {
    "ID Number": "14640910"
  },
  {
    "ID Number": "14619490"
  },
  {
    "ID Number": "14671085"
  },
  {
    "ID Number": "14650312"
  },
  {
    "ID Number": "14651122"
  },
  {
    "ID Number": "14604663"
  },
  {
    "ID Number": "14609479"
  },
  {
    "ID Number": "14601508"
  },
  {
    "ID Number": "14640503"
  },
  {
    "ID Number": "14607972"
  },
  {
    "ID Number": "14637367"
  },
  {
    "ID Number": "14622920"
  },
  {
    "ID Number": "14610035"
  },
  {
    "ID Number": "14610272"
  },
  {
    "ID Number": "14602229"
  },
  {
    "ID Number": "14664143"
  },
  {
    "ID Number": "14667150"
  },
  {
    "ID Number": "14622106"
  },
  {
    "ID Number": "14602091"
  },
  {
    "ID Number": "14681315"
  },
  {
    "ID Number": "14603012"
  },
  {
    "ID Number": "14660644"
  },
  {
    "ID Number": "14661535"
  },
  {
    "ID Number": "14659689"
  },
  {
    "ID Number": "14673886"
  },
  {
    "ID Number": "14604698"
  },
  {
    "ID Number": "14624354"
  },
  {
    "ID Number": "14633655"
  },
  {
    "ID Number": "14640724"
  },
  {
    "ID Number": "14666430"
  },
  {
    "ID Number": "14652870"
  },
  {
    "ID Number": "14609495"
  },
  {
    "ID Number": "14600935"
  },
  {
    "ID Number": "14624397"
  },
  {
    "ID Number": "14627825"
  },
  {
    "ID Number": "14615347"
  },
  {
    "ID Number": "14639467"
  },
  {
    "ID Number": "14629488"
  },
  {
    "ID Number": "14603780"
  },
  {
    "ID Number": "14602725"
  },
  {
    "ID Number": "14624400"
  },
  {
    "ID Number": "14647346"
  },
  {
    "ID Number": "14610248"
  },
  {
    "ID Number": "14671310"
  },
  {
    "ID Number": "14643804"
  },
  {
    "ID Number": "14655373"
  },
  {
    "ID Number": "14612682"
  },
  {
    "ID Number": "14619555"
  },
  {
    "ID Number": "14645645"
  },
  {
    "ID Number": "14609509"
  },
  {
    "ID Number": "14602130"
  },
  {
    "ID Number": "14611848"
  },
  {
    "ID Number": "14607271"
  },
  {
    "ID Number": "14623250"
  },
  {
    "ID Number": "14639734"
  },
  {
    "ID Number": "14638541"
  },
  {
    "ID Number": "14600960"
  },
  {
    "ID Number": "14621789"
  },
  {
    "ID Number": "14656108"
  },
  {
    "ID Number": "14652528"
  },
  {
    "ID Number": "14615380"
  },
  {
    "ID Number": "14647699"
  },
  {
    "ID Number": "14615398"
  },
  {
    "ID Number": "14646404"
  },
  {
    "ID Number": "14608910"
  },
  {
    "ID Number": "14616696"
  },
  {
    "ID Number": "14646307"
  },
  {
    "ID Number": "14626616"
  },
  {
    "ID Number": "14615401"
  },
  {
    "ID Number": "14615410"
  },
  {
    "ID Number": "14653923"
  },
  {
    "ID Number": "14636115"
  },
  {
    "ID Number": "14602644"
  },
  {
    "ID Number": "14629496"
  },
  {
    "ID Number": "14608260"
  },
  {
    "ID Number": "14602024"
  },
  {
    "ID Number": "14662531"
  },
  {
    "ID Number": "14613379"
  },
  {
    "ID Number": "14649365"
  },
  {
    "ID Number": "14633779"
  },
  {
    "ID Number": "14648440"
  },
  {
    "ID Number": "14610280"
  },
  {
    "ID Number": "14639653"
  },
  {
    "ID Number": "14601982"
  },
  {
    "ID Number": "14612160"
  },
  {
    "ID Number": "14606500"
  },
  {
    "ID Number": "14631881"
  },
  {
    "ID Number": "14614111"
  },
  {
    "ID Number": "14624419"
  },
  {
    "ID Number": "14615444"
  },
  {
    "ID Number": "14675692"
  },
  {
    "ID Number": "14601320"
  },
  {
    "ID Number": "14615452"
  },
  {
    "ID Number": "14644487"
  },
  {
    "ID Number": "14610124"
  },
  {
    "ID Number": "14646978"
  },
  {
    "ID Number": "14654946"
  },
  {
    "ID Number": "14639386"
  },
  {
    "ID Number": "14600188"
  },
  {
    "ID Number": "14602482"
  },
  {
    "ID Number": "14635259"
  },
  {
    "ID Number": "14637162"
  },
  {
    "ID Number": "14653745"
  },
  {
    "ID Number": "14667576"
  },
  {
    "ID Number": "14658445"
  },
  {
    "ID Number": "14600854"
  },
  {
    "ID Number": "14627680"
  },
  {
    "ID Number": "14607107"
  },
  {
    "ID Number": "14625504"
  },
  {
    "ID Number": "14639394"
  },
  {
    "ID Number": "14610566"
  },
  {
    "ID Number": "14643847"
  },
  {
    "ID Number": "14605066"
  },
  {
    "ID Number": "14615460"
  },
  {
    "ID Number": "14636271"
  },
  {
    "ID Number": "14634341"
  },
  {
    "ID Number": "14667703"
  },
  {
    "ID Number": "14606232"
  },
  {
    "ID Number": "14612402"
  },
  {
    "ID Number": "14650738"
  },
  {
    "ID Number": "14608421"
  },
  {
    "ID Number": "14654105"
  },
  {
    "ID Number": "14621401"
  },
  {
    "ID Number": "14643820"
  },
  {
    "ID Number": "14632268"
  },
  {
    "ID Number": "14644100"
  },
  {
    "ID Number": "14641208"
  },
  {
    "ID Number": "14637880"
  },
  {
    "ID Number": "14637952"
  },
  {
    "ID Number": "14605449"
  },
  {
    "ID Number": "14613115"
  },
  {
    "ID Number": "14637847"
  },
  {
    "ID Number": "14669617"
  },
  {
    "ID Number": "14659506"
  },
  {
    "ID Number": "14629313"
  },
  {
    "ID Number": "14603039"
  },
  {
    "ID Number": "14603713"
  },
  {
    "ID Number": "14605180"
  },
  {
    "ID Number": "14647044"
  },
  {
    "ID Number": "14642514"
  },
  {
    "ID Number": "14631822"
  },
  {
    "ID Number": "14637588"
  },
  {
    "ID Number": "14608006"
  },
  {
    "ID Number": "14682281"
  },
  {
    "ID Number": "14650207"
  },
  {
    "ID Number": "14670445"
  },
  {
    "ID Number": "14660938"
  },
  {
    "ID Number": "14636123"
  },
  {
    "ID Number": "14634449"
  },
  {
    "ID Number": "14603853"
  },
  {
    "ID Number": "14637235"
  },
  {
    "ID Number": "14601036"
  },
  {
    "ID Number": "14606135"
  },
  {
    "ID Number": "14646072"
  },
  {
    "ID Number": "14611180"
  },
  {
    "ID Number": "14603810"
  },
  {
    "ID Number": "14628503"
  },
  {
    "ID Number": "14609517"
  },
  {
    "ID Number": "14667347"
  },
  {
    "ID Number": "14661144"
  },
  {
    "ID Number": "14643812"
  },
  {
    "ID Number": "14638240"
  },
  {
    "ID Number": "14660822"
  },
  {
    "ID Number": "14634910"
  },
  {
    "ID Number": "14644592"
  },
  {
    "ID Number": "14638851"
  },
  {
    "ID Number": "14673029"
  },
  {
    "ID Number": "14654148"
  },
  {
    "ID Number": "14675269"
  },
  {
    "ID Number": "14610574"
  },
  {
    "ID Number": "14625326"
  },
  {
    "ID Number": "14602415"
  },
  {
    "ID Number": "14668289"
  },
  {
    "ID Number": "14661454"
  },
  {
    "ID Number": "14637111"
  },
  {
    "ID Number": "14635119"
  },
  {
    "ID Number": "14607298"
  },
  {
    "ID Number": "14622459"
  },
  {
    "ID Number": "14610345"
  },
  {
    "ID Number": "14641151"
  },
  {
    "ID Number": "14641070"
  },
  {
    "ID Number": "14651530"
  },
  {
    "ID Number": "14622319"
  },
  {
    "ID Number": "14677105"
  },
  {
    "ID Number": "14614260"
  },
  {
    "ID Number": "14606070"
  },
  {
    "ID Number": "14660830"
  },
  {
    "ID Number": "14642018"
  },
  {
    "ID Number": "14603241"
  },
  {
    "ID Number": "14681374"
  },
  {
    "ID Number": "14646625"
  },
  {
    "ID Number": "14666782"
  },
  {
    "ID Number": "14635178"
  },
  {
    "ID Number": "14608960"
  },
  {
    "ID Number": "14635852"
  },
  {
    "ID Number": "73001015"
  },
  {
    "ID Number": "14629674"
  },
  {
    "ID Number": "14641143"
  },
  {
    "ID Number": "14637553"
  },
  {
    "ID Number": "14653257"
  },
  {
    "ID Number": "34116532"
  },
  {
    "ID Number": "14604469"
  },
  {
    "ID Number": "14601826"
  },
  {
    "ID Number": "14629518"
  },
  {
    "ID Number": "14652781"
  },
  {
    "ID Number": "14628201"
  },
  {
    "ID Number": "14646340"
  },
  {
    "ID Number": "14631644"
  },
  {
    "ID Number": "14635470"
  },
  {
    "ID Number": "14661322"
  },
  {
    "ID Number": "14614278"
  },
  {
    "ID Number": "14629194"
  },
  {
    "ID Number": "14646200"
  },
  {
    "ID Number": "14613387"
  },
  {
    "ID Number": "14605325"
  },
  {
    "ID Number": "14652323"
  },
  {
    "ID Number": "14651521"
  },
  {
    "ID Number": "14609614"
  },
  {
    "ID Number": "14640147"
  },
  {
    "ID Number": "14644436"
  },
  {
    "ID Number": "14604833"
  },
  {
    "ID Number": "14611376"
  },
  {
    "ID Number": "14650991"
  },
  {
    "ID Number": "14666561"
  },
  {
    "ID Number": "14603403"
  },
  {
    "ID Number": "14636204"
  },
  {
    "ID Number": "934216"
  },
  {
    "ID Number": "14624460"
  },
  {
    "ID Number": "14611546"
  },
  {
    "ID Number": "14642573"
  },
  {
    "ID Number": "14645912"
  },
  {
    "ID Number": "14601540"
  },
  {
    "ID Number": "14621770"
  },
  {
    "ID Number": "14665565"
  },
  {
    "ID Number": "14607344"
  },
  {
    "ID Number": "14643286"
  },
  {
    "ID Number": "14607450"
  },
  {
    "ID Number": "14641631"
  },
  {
    "ID Number": "14600552"
  },
  {
    "ID Number": "14665174"
  },
  {
    "ID Number": "14652676"
  },
  {
    "ID Number": "14653281"
  },
  {
    "ID Number": "14612410"
  },
  {
    "ID Number": "14610817"
  },
  {
    "ID Number": "14609622"
  },
  {
    "ID Number": "14608502"
  },
  {
    "ID Number": "14600374"
  },
  {
    "ID Number": "14643987"
  },
  {
    "ID Number": "14634619"
  },
  {
    "ID Number": "14613476"
  },
  {
    "ID Number": "14656248"
  },
  {
    "ID Number": "14659255"
  },
  {
    "ID Number": "14608022"
  },
  {
    "ID Number": "14668823"
  },
  {
    "ID Number": "14668874"
  },
  {
    "ID Number": "14666871"
  },
  {
    "ID Number": "14601206"
  },
  {
    "ID Number": "14641348"
  },
  {
    "ID Number": "14628090"
  },
  {
    "ID Number": "14619245"
  },
  {
    "ID Number": "14604329"
  },
  {
    "ID Number": "54600944"
  },
  {
    "ID Number": "14667827"
  },
  {
    "ID Number": "14600358"
  },
  {
    "ID Number": "14615495"
  },
  {
    "ID Number": "14609746"
  },
  {
    "ID Number": "14603608"
  },
  {
    "ID Number": "14605589"
  },
  {
    "ID Number": "14645750"
  },
  {
    "ID Number": "14613166"
  },
  {
    "ID Number": "14654172"
  },
  {
    "ID Number": "14652668"
  },
  {
    "ID Number": "14605520"
  },
  {
    "ID Number": "14600315"
  },
  {
    "ID Number": "73006971"
  },
  {
    "ID Number": "14627914"
  },
  {
    "ID Number": "14621231"
  },
  {
    "ID Number": "14604213"
  },
  {
    "ID Number": "14626489"
  },
  {
    "ID Number": "14619253"
  },
  {
    "ID Number": "14611554"
  },
  {
    "ID Number": "14640473"
  },
  {
    "ID Number": "14624478"
  },
  {
    "ID Number": "14672669"
  },
  {
    "ID Number": "14609886"
  },
  {
    "ID Number": "14615541"
  },
  {
    "ID Number": "14611937"
  },
  {
    "ID Number": "14667258"
  },
  {
    "ID Number": "14636689"
  },
  {
    "ID Number": "14600099"
  },
  {
    "ID Number": "14610043"
  },
  {
    "ID Number": "14657058"
  },
  {
    "ID Number": "14602270"
  },
  {
    "ID Number": "14637596"
  },
  {
    "ID Number": "14666456"
  },
  {
    "ID Number": "14639629"
  },
  {
    "ID Number": "14648350"
  },
  {
    "ID Number": "14659964"
  },
  {
    "ID Number": "14606470"
  },
  {
    "ID Number": "14625520"
  },
  {
    "ID Number": "14602946"
  },
  {
    "ID Number": "14600587"
  },
  {
    "ID Number": "14655985"
  },
  {
    "ID Number": "14675404"
  },
  {
    "ID Number": "14655993"
  },
  {
    "ID Number": "14648199"
  },
  {
    "ID Number": "14600196"
  },
  {
    "ID Number": "14648229"
  },
  {
    "ID Number": "14602385"
  },
  {
    "ID Number": "14649420"
  },
  {
    "ID Number": "14642638"
  },
  {
    "ID Number": "14633744"
  },
  {
    "ID Number": "14649225"
  },
  {
    "ID Number": "14607379"
  },
  {
    "ID Number": "14621665"
  },
  {
    "ID Number": "14604493"
  },
  {
    "ID Number": "14671697"
  },
  {
    "ID Number": "14649071"
  },
  {
    "ID Number": "14680793"
  },
  {
    "ID Number": "14621169"
  },
  {
    "ID Number": "14623200"
  },
  {
    "ID Number": "14606240"
  },
  {
    "ID Number": "14605767"
  },
  {
    "ID Number": "14655497"
  },
  {
    "ID Number": "14666553"
  },
  {
    "ID Number": "14643871"
  },
  {
    "ID Number": "14652790"
  },
  {
    "ID Number": "14606615"
  },
  {
    "ID Number": "14608278"
  },
  {
    "ID Number": "14665190"
  },
  {
    "ID Number": "14658569"
  },
  {
    "ID Number": "14605597"
  },
  {
    "ID Number": "14666383"
  },
  {
    "ID Number": "14675366"
  },
  {
    "ID Number": "14612186"
  },
  {
    "ID Number": "14605236"
  },
  {
    "ID Number": "14610655"
  },
  {
    "ID Number": "14623579"
  },
  {
    "ID Number": "14664402"
  },
  {
    "ID Number": "14601923"
  },
  {
    "ID Number": "14606909"
  },
  {
    "ID Number": "14671603"
  },
  {
    "ID Number": "14609002"
  },
  {
    "ID Number": "14653648"
  },
  {
    "ID Number": "14642492"
  },
  {
    "ID Number": "14638347"
  },
  {
    "ID Number": "14642298"
  },
  {
    "ID Number": "14600013"
  },
  {
    "ID Number": "14631849"
  },
  {
    "ID Number": "14660130"
  },
  {
    "ID Number": "14642301"
  },
  {
    "ID Number": "14612208"
  },
  {
    "ID Number": "14656361"
  },
  {
    "ID Number": "14607140"
  },
  {
    "ID Number": "14610604"
  },
  {
    "ID Number": "14661233"
  },
  {
    "ID Number": "14669420"
  },
  {
    "ID Number": "14605708"
  },
  {
    "ID Number": "14601354"
  },
  {
    "ID Number": "14613891"
  },
  {
    "ID Number": "14625059"
  },
  {
    "ID Number": "14651130"
  },
  {
    "ID Number": "14653877"
  },
  {
    "ID Number": "14623242"
  },
  {
    "ID Number": "14605333"
  },
  {
    "ID Number": "14615576"
  },
  {
    "ID Number": "14671913"
  },
  {
    "ID Number": "14671506"
  },
  {
    "ID Number": "14651149"
  },
  {
    "ID Number": "14602920"
  },
  {
    "ID Number": "14622955"
  },
  {
    "ID Number": "14654970"
  },
  {
    "ID Number": "14629526"
  },
  {
    "ID Number": "14663430"
  },
  {
    "ID Number": "14600340"
  },
  {
    "ID Number": "14602849"
  },
  {
    "ID Number": "14638029"
  },
  {
    "ID Number": "14610094"
  },
  {
    "ID Number": "14643324"
  },
  {
    "ID Number": "14648369"
  },
  {
    "ID Number": "14665867"
  },
  {
    "ID Number": "14609363"
  },
  {
    "ID Number": "14644444"
  },
  {
    "ID Number": "14613328"
  },
  {
    "ID Number": "14602490"
  },
  {
    "ID Number": "14627710"
  },
  {
    "ID Number": "14652862"
  },
  {
    "ID Number": "14651750"
  },
  {
    "ID Number": "14675510"
  },
  {
    "ID Number": "14673010"
  },
  {
    "ID Number": "14621290"
  },
  {
    "ID Number": "14628007"
  },
  {
    "ID Number": "14665859"
  },
  {
    "ID Number": "14602580"
  },
  {
    "ID Number": "14604272"
  },
  {
    "ID Number": "14608588"
  },
  {
    "ID Number": "14606097"
  },
  {
    "ID Number": "14608340"
  },
  {
    "ID Number": "14622432"
  },
  {
    "ID Number": "14628384"
  },
  {
    "ID Number": "14621592"
  },
  {
    "ID Number": "14612992"
  },
  {
    "ID Number": "14612720"
  },
  {
    "ID Number": "14612739"
  },
  {
    "ID Number": "14602504"
  },
  {
    "ID Number": "14652170"
  },
  {
    "ID Number": "14622467"
  },
  {
    "ID Number": "14621452"
  },
  {
    "ID Number": "14650940"
  },
  {
    "ID Number": "14646455"
  },
  {
    "ID Number": "14643308"
  },
  {
    "ID Number": "14612755"
  },
  {
    "ID Number": "14612763"
  },
  {
    "ID Number": "14604744"
  },
  {
    "ID Number": "14604868"
  },
  {
    "ID Number": "14605139"
  },
  {
    "ID Number": "14649080"
  },
  {
    "ID Number": "14632055"
  },
  {
    "ID Number": "14619032"
  },
  {
    "ID Number": "14623048"
  },
  {
    "ID Number": "14628899"
  },
  {
    "ID Number": "14633264"
  },
  {
    "ID Number": "14605805"
  },
  {
    "ID Number": "14674203"
  },
  {
    "ID Number": "14637332"
  },
  {
    "ID Number": "14611651"
  },
  {
    "ID Number": "14600595"
  },
  {
    "ID Number": "14649098"
  },
  {
    "ID Number": "14605872"
  },
  {
    "ID Number": "14601192"
  },
  {
    "ID Number": "14610612"
  },
  {
    "ID Number": "14634830"
  },
  {
    "ID Number": "14600757"
  },
  {
    "ID Number": "14650274"
  },
  {
    "ID Number": "14604370"
  },
  {
    "ID Number": "14603934"
  },
  {
    "ID Number": "14658410"
  },
  {
    "ID Number": "14682320"
  },
  {
    "ID Number": "14644495"
  },
  {
    "ID Number": "14648202"
  },
  {
    "ID Number": "14616831"
  },
  {
    "ID Number": "14675277"
  },
  {
    "ID Number": "14682192"
  },
  {
    "ID Number": "14642840"
  },
  {
    "ID Number": "14609738"
  },
  {
    "ID Number": "14609770"
  },
  {
    "ID Number": "14673436"
  },
  {
    "ID Number": "14663147"
  },
  {
    "ID Number": "14600986"
  },
  {
    "ID Number": "14645742"
  },
  {
    "ID Number": "14608626"
  },
  {
    "ID Number": "14643154"
  },
  {
    "ID Number": "14615010"
  },
  {
    "ID Number": "14638118"
  },
  {
    "ID Number": "14650649"
  },
  {
    "ID Number": "14604175"
  },
  {
    "ID Number": "14615592"
  },
  {
    "ID Number": "14615606"
  },
  {
    "ID Number": "14620120"
  },
  {
    "ID Number": "14625202"
  },
  {
    "ID Number": "14611953"
  },
  {
    "ID Number": "14624117"
  },
  {
    "ID Number": "14614235"
  },
  {
    "ID Number": "14607395"
  },
  {
    "ID Number": "14608065"
  },
  {
    "ID Number": "14611384"
  },
  {
    "ID Number": "14648040"
  },
  {
    "ID Number": "14635488"
  },
  {
    "ID Number": "14639645"
  },
  {
    "ID Number": "14660288"
  },
  {
    "ID Number": "14609053"
  },
  {
    "ID Number": "14680270"
  },
  {
    "ID Number": "14641941"
  },
  {
    "ID Number": "14666880"
  },
  {
    "ID Number": "14603861"
  },
  {
    "ID Number": "14614081"
  },
  {
    "ID Number": "14611660"
  },
  {
    "ID Number": "14611678"
  },
  {
    "ID Number": "14614090"
  },
  {
    "ID Number": "14603730"
  },
  {
    "ID Number": "14673860"
  },
  {
    "ID Number": "14600625"
  },
  {
    "ID Number": "14666979"
  },
  {
    "ID Number": "14600870"
  },
  {
    "ID Number": "14603578"
  },
  {
    "ID Number": "14666510"
  },
  {
    "ID Number": "14607336"
  },
  {
    "ID Number": "14629321"
  },
  {
    "ID Number": "14643715"
  },
  {
    "ID Number": "14615630"
  },
  {
    "ID Number": "14619547"
  },
  {
    "ID Number": "14612224"
  },
  {
    "ID Number": "14644266"
  },
  {
    "ID Number": "14605600"
  },
  {
    "ID Number": "14651173"
  },
  {
    "ID Number": "14605317"
  },
  {
    "ID Number": "14674238"
  },
  {
    "ID Number": "14655357"
  },
  {
    "ID Number": "14627957"
  },
  {
    "ID Number": "14671980"
  },
  {
    "ID Number": "14667126"
  },
  {
    "ID Number": "14606941"
  },
  {
    "ID Number": "14670933"
  },
  {
    "ID Number": "14629100"
  },
  {
    "ID Number": "14608073"
  },
  {
    "ID Number": "14603080"
  },
  {
    "ID Number": "14605252"
  },
  {
    "ID Number": "14639769"
  },
  {
    "ID Number": "14609894"
  },
  {
    "ID Number": "14606259"
  },
  {
    "ID Number": "14600161"
  },
  {
    "ID Number": "14613000"
  },
  {
    "ID Number": "14645670"
  },
  {
    "ID Number": "14637030"
  },
  {
    "ID Number": "14611961"
  },
  {
    "ID Number": "14608081"
  },
  {
    "ID Number": "14663651"
  },
  {
    "ID Number": "14611970"
  },
  {
    "ID Number": "14619415"
  },
  {
    "ID Number": "14607158"
  },
  {
    "ID Number": "14601893"
  },
  {
    "ID Number": "14650886"
  },
  {
    "ID Number": "14642310"
  },
  {
    "ID Number": "14667274"
  },
  {
    "ID Number": "14605996"
  },
  {
    "ID Number": "14652064"
  },
  {
    "ID Number": "14637499"
  },
  {
    "ID Number": "14639750"
  },
  {
    "ID Number": "14600218"
  },
  {
    "ID Number": "14647567"
  },
  {
    "ID Number": "14607166"
  },
  {
    "ID Number": "14643413"
  },
  {
    "ID Number": "14642689"
  },
  {
    "ID Number": "14604230"
  },
  {
    "ID Number": "14647869"
  },
  {
    "ID Number": "14641984"
  },
  {
    "ID Number": "14632187"
  },
  {
    "ID Number": "14641666"
  },
  {
    "ID Number": "73008044"
  },
  {
    "ID Number": "14647320"
  },
  {
    "ID Number": "14614014"
  },
  {
    "ID Number": "14653265"
  },
  {
    "ID Number": "14648083"
  },
  {
    "ID Number": "14653931"
  },
  {
    "ID Number": "14620324"
  },
  {
    "ID Number": "14629224"
  },
  {
    "ID Number": "14602350"
  },
  {
    "ID Number": "14618788"
  },
  {
    "ID Number": "14649152"
  },
  {
    "ID Number": "14608090"
  },
  {
    "ID Number": "14600382"
  },
  {
    "ID Number": "14655020"
  },
  {
    "ID Number": "14646277"
  },
  {
    "ID Number": "14675854"
  },
  {
    "ID Number": "14659573"
  },
  {
    "ID Number": "14602610"
  },
  {
    "ID Number": "14613778"
  },
  {
    "ID Number": "14634732"
  },
  {
    "ID Number": "14640953"
  },
  {
    "ID Number": "14656566"
  },
  {
    "ID Number": "14641623"
  },
  {
    "ID Number": "14659816"
  },
  {
    "ID Number": "14601877"
  },
  {
    "ID Number": "14614065"
  },
  {
    "ID Number": "14620200"
  },
  {
    "ID Number": "14612089"
  },
  {
    "ID Number": "14639912"
  },
  {
    "ID Number": "14654393"
  },
  {
    "ID Number": "14670666"
  },
  {
    "ID Number": "14620146"
  },
  {
    "ID Number": "14621045"
  },
  {
    "ID Number": "14649837"
  },
  {
    "ID Number": "14666898"
  },
  {
    "ID Number": "14651734"
  },
  {
    "ID Number": "14606801"
  },
  {
    "ID Number": "14650169"
  },
  {
    "ID Number": "14626560"
  },
  {
    "ID Number": "14615673"
  },
  {
    "ID Number": "14644134"
  },
  {
    "ID Number": "14603195"
  },
  {
    "ID Number": "14675390"
  },
  {
    "ID Number": "14675900"
  },
  {
    "ID Number": "14613018"
  },
  {
    "ID Number": "73008559"
  },
  {
    "ID Number": "14630451"
  },
  {
    "ID Number": "14644096"
  },
  {
    "ID Number": "14647486"
  },
  {
    "ID Number": "14644363"
  },
  {
    "ID Number": "14601729"
  },
  {
    "ID Number": "14643391"
  },
  {
    "ID Number": "14630125"
  },
  {
    "ID Number": "14614308"
  },
  {
    "ID Number": "14603187"
  },
  {
    "ID Number": "14618680"
  },
  {
    "ID Number": "14607476"
  },
  {
    "ID Number": "14605350"
  },
  {
    "ID Number": "14635003"
  },
  {
    "ID Number": "14632276"
  },
  {
    "ID Number": "14675587"
  },
  {
    "ID Number": "14649438"
  },
  {
    "ID Number": "14675668"
  },
  {
    "ID Number": "14634520"
  },
  {
    "ID Number": "14652846"
  },
  {
    "ID Number": "14603560"
  },
  {
    "ID Number": "14667096"
  },
  {
    "ID Number": "14603632"
  },
  {
    "ID Number": "14610620"
  },
  {
    "ID Number": "14651548"
  },
  {
    "ID Number": "14643618"
  },
  {
    "ID Number": "14680890"
  },
  {
    "ID Number": "14678900"
  },
  {
    "ID Number": "14613514"
  },
  {
    "ID Number": "14669218"
  },
  {
    "ID Number": "14669625"
  },
  {
    "ID Number": "14651912"
  },
  {
    "ID Number": "14651955"
  },
  {
    "ID Number": "14628910"
  },
  {
    "ID Number": "14678870"
  },
  {
    "ID Number": "14631709"
  },
  {
    "ID Number": "14666537"
  },
  {
    "ID Number": "14600692"
  },
  {
    "ID Number": "14620154"
  },
  {
    "ID Number": "14620081"
  },
  {
    "ID Number": "14607190"
  },
  {
    "ID Number": "14638681"
  },
  {
    "ID Number": "14603462"
  },
  {
    "ID Number": "14652803"
  },
  {
    "ID Number": "14661047"
  },
  {
    "ID Number": "14610361"
  },
  {
    "ID Number": "14642085"
  },
  {
    "ID Number": "14616165"
  },
  {
    "ID Number": "14621681"
  },
  {
    "ID Number": "14642107"
  },
  {
    "ID Number": "14605856"
  },
  {
    "ID Number": "14620618"
  },
  {
    "ID Number": "14604280"
  },
  {
    "ID Number": "14680645"
  },
  {
    "ID Number": "14644185"
  },
  {
    "ID Number": "14624320"
  },
  {
    "ID Number": "14646080"
  },
  {
    "ID Number": "14652994"
  },
  {
    "ID Number": "14609100"
  },
  {
    "ID Number": "14624958"
  },
  {
    "ID Number": "14606887"
  },
  {
    "ID Number": "14604647"
  },
  {
    "ID Number": "14605260"
  },
  {
    "ID Number": "14652595"
  },
  {
    "ID Number": "14606453"
  },
  {
    "ID Number": "14622211"
  },
  {
    "ID Number": "14644541"
  },
  {
    "ID Number": "14627531"
  },
  {
    "ID Number": "14638002"
  },
  {
    "ID Number": "14609959"
  },
  {
    "ID Number": "14620308"
  },
  {
    "ID Number": "14642026"
  },
  {
    "ID Number": "14636794"
  },
  {
    "ID Number": "14622602"
  },
  {
    "ID Number": "14655551"
  },
  {
    "ID Number": "14601567"
  },
  {
    "ID Number": "14638479"
  },
  {
    "ID Number": "14644029"
  },
  {
    "ID Number": "14624338"
  },
  {
    "ID Number": "14636077"
  },
  {
    "ID Number": "14603543"
  },
  {
    "ID Number": "14630354"
  },
  {
    "ID Number": "14620057"
  },
  {
    "ID Number": "14653559"
  },
  {
    "ID Number": "14656833"
  },
  {
    "ID Number": "14682230"
  },
  {
    "ID Number": "14615746"
  },
  {
    "ID Number": "14652153"
  },
  {
    "ID Number": "14610370"
  },
  {
    "ID Number": "14646293"
  },
  {
    "ID Number": "14603683"
  },
  {
    "ID Number": "14620162"
  },
  {
    "ID Number": "14612275"
  },
  {
    "ID Number": "14656671"
  },
  {
    "ID Number": "14649373"
  },
  {
    "ID Number": "14601389"
  },
  {
    "ID Number": "14601818"
  },
  {
    "ID Number": "14627728"
  },
  {
    "ID Number": "14675358"
  },
  {
    "ID Number": "14623218"
  },
  {
    "ID Number": "14616173"
  },
  {
    "ID Number": "14676443"
  },
  {
    "ID Number": "14602296"
  },
  {
    "ID Number": "14615762"
  },
  {
    "ID Number": "14643995"
  },
  {
    "ID Number": "14634821"
  },
  {
    "ID Number": "14632810"
  },
  {
    "ID Number": "14638606"
  },
  {
    "ID Number": "14629216"
  },
  {
    "ID Number": "14660229"
  },
  {
    "ID Number": "14668009"
  },
  {
    "ID Number": "14608448"
  },
  {
    "ID Number": "14621207"
  },
  {
    "ID Number": "14667665"
  },
  {
    "ID Number": "14657643"
  },
  {
    "ID Number": "14615800"
  },
  {
    "ID Number": "14615819"
  },
  {
    "ID Number": "14647729"
  },
  {
    "ID Number": "14601699"
  },
  {
    "ID Number": "14603470"
  },
  {
    "ID Number": "14615827"
  },
  {
    "ID Number": "14639599"
  },
  {
    "ID Number": "14641364"
  },
  {
    "ID Number": "14627841"
  },
  {
    "ID Number": "14605414"
  },
  {
    "ID Number": "14654113"
  },
  {
    "ID Number": "14635186"
  },
  {
    "ID Number": "14621355"
  },
  {
    "ID Number": "14658038"
  },
  {
    "ID Number": "14645440"
  },
  {
    "ID Number": "14637979"
  },
  {
    "ID Number": "14632721"
  },
  {
    "ID Number": "14132400"
  },
  {
    "ID Number": "14606640"
  },
  {
    "ID Number": "14600110"
  },
  {
    "ID Number": "14639874"
  },
  {
    "ID Number": "14634783"
  },
  {
    "ID Number": "14600803"
  },
  {
    "ID Number": "14627582"
  },
  {
    "ID Number": "14611279"
  },
  {
    "ID Number": "14612283"
  },
  {
    "ID Number": "14603985"
  },
  {
    "ID Number": "14633914"
  },
  {
    "ID Number": "14626365"
  },
  {
    "ID Number": "14645190"
  },
  {
    "ID Number": "14616254"
  },
  {
    "ID Number": "14627965"
  },
  {
    "ID Number": "14627973"
  },
  {
    "ID Number": "14663813"
  },
  {
    "ID Number": "14612291"
  },
  {
    "ID Number": "14615835"
  },
  {
    "ID Number": "14611287"
  },
  {
    "ID Number": "14603667"
  },
  {
    "ID Number": "14630702"
  },
  {
    "ID Number": "14633540"
  },
  {
    "ID Number": "14647303"
  },
  {
    "ID Number": "14654814"
  },
  {
    "ID Number": "14621428"
  },
  {
    "ID Number": "14635194"
  },
  {
    "ID Number": "14619342"
  },
  {
    "ID Number": "14658631"
  },
  {
    "ID Number": "14635208"
  },
  {
    "ID Number": "14621304"
  },
  {
    "ID Number": "14604299"
  },
  {
    "ID Number": "14602687"
  },
  {
    "ID Number": "14638150"
  },
  {
    "ID Number": "14646285"
  },
  {
    "ID Number": "14602172"
  },
  {
    "ID Number": "14601303"
  },
  {
    "ID Number": "14670682"
  },
  {
    "ID Number": "14653567"
  },
  {
    "ID Number": "14632756"
  },
  {
    "ID Number": "14607263"
  },
  {
    "ID Number": "14666987"
  },
  {
    "ID Number": "14663449"
  },
  {
    "ID Number": "14605465"
  },
  {
    "ID Number": "14605651"
  },
  {
    "ID Number": "14605678"
  },
  {
    "ID Number": "14623994"
  },
  {
    "ID Number": "14632284"
  },
  {
    "ID Number": "14607557"
  },
  {
    "ID Number": "14643642"
  },
  {
    "ID Number": "14612429"
  },
  {
    "ID Number": "14610388"
  },
  {
    "ID Number": "14600641"
  },
  {
    "ID Number": "14678322"
  },
  {
    "ID Number": "14678993"
  },
  {
    "ID Number": "14641313"
  },
  {
    "ID Number": "14633280"
  },
  {
    "ID Number": "14608138"
  },
  {
    "ID Number": "14631440"
  },
  {
    "ID Number": "14655322"
  },
  {
    "ID Number": "14653613"
  },
  {
    "ID Number": "14660776"
  },
  {
    "ID Number": "14613042"
  },
  {
    "ID Number": "34341056"
  },
  {
    "ID Number": "14601630"
  },
  {
    "ID Number": "14643758"
  },
  {
    "ID Number": "14601060"
  },
  {
    "ID Number": "14600862"
  },
  {
    "ID Number": "14615851"
  },
  {
    "ID Number": "14602067"
  },
  {
    "ID Number": "14611295"
  },
  {
    "ID Number": "14611309"
  },
  {
    "ID Number": "14653990"
  },
  {
    "ID Number": "14612461"
  },
  {
    "ID Number": "14604892"
  },
  {
    "ID Number": "14606518"
  },
  {
    "ID Number": "14609118"
  },
  {
    "ID Number": "14628295"
  },
  {
    "ID Number": "14621371"
  },
  {
    "ID Number": "14602423"
  },
  {
    "ID Number": "14606488"
  },
  {
    "ID Number": "14602857"
  },
  {
    "ID Number": "14620936"
  },
  {
    "ID Number": "14651238"
  },
  {
    "ID Number": "14642506"
  },
  {
    "ID Number": "14603314"
  },
  {
    "ID Number": "14603616"
  },
  {
    "ID Number": "14600498"
  },
  {
    "ID Number": "14622157"
  },
  {
    "ID Number": "14604078"
  },
  {
    "ID Number": "14676435"
  },
  {
    "ID Number": "14675641"
  },
  {
    "ID Number": "14629097"
  },
  {
    "ID Number": "14609320"
  },
  {
    "ID Number": "14607506"
  },
  {
    "ID Number": "14677849"
  },
  {
    "ID Number": "14602253"
  },
  {
    "ID Number": "14669609"
  },
  {
    "ID Number": "14640597"
  },
  {
    "ID Number": "14640600"
  },
  {
    "ID Number": "14602547"
  },
  {
    "ID Number": "14678276"
  },
  {
    "ID Number": "14630486"
  },
  {
    "ID Number": "14628309"
  },
  {
    "ID Number": "14600412"
  },
  {
    "ID Number": "14659670"
  },
  {
    "ID Number": "14659611"
  },
  {
    "ID Number": "14650223"
  },
  {
    "ID Number": "14661314"
  },
  {
    "ID Number": "14682273"
  },
  {
    "ID Number": "14669633"
  },
  {
    "ID Number": "14659913"
  },
  {
    "ID Number": "14625148"
  },
  {
    "ID Number": "14681102"
  },
  {
    "ID Number": "14651491"
  },
  {
    "ID Number": "14602032"
  },
  {
    "ID Number": "14613921"
  },
  {
    "ID Number": "14634465"
  },
  {
    "ID Number": "14675315"
  },
  {
    "ID Number": "14633787"
  },
  {
    "ID Number": "14643839"
  },
  {
    "ID Number": "14620278"
  },
  {
    "ID Number": "14633973"
  },
  {
    "ID Number": "14674386"
  },
  {
    "ID Number": "14640716"
  },
  {
    "ID Number": "14641968"
  },
  {
    "ID Number": "14653753"
  },
  {
    "ID Number": "14653710"
  },
  {
    "ID Number": "14604388"
  },
  {
    "ID Number": "14672243"
  },
  {
    "ID Number": "14634708"
  },
  {
    "ID Number": "14644584"
  },
  {
    "ID Number": "14621312"
  },
  {
    "ID Number": "14645262"
  },
  {
    "ID Number": "14604302"
  },
  {
    "ID Number": "14608456"
  },
  {
    "ID Number": "14601664"
  },
  {
    "ID Number": "14604906"
  },
  {
    "ID Number": "14659301"
  },
  {
    "ID Number": "14629267"
  },
  {
    "ID Number": "14668041"
  },
  {
    "ID Number": "14618583"
  },
  {
    "ID Number": "14659310"
  },
  {
    "ID Number": "14601648"
  },
  {
    "ID Number": "14609185"
  },
  {
    "ID Number": "14642581"
  },
  {
    "ID Number": "14667681"
  },
  {
    "ID Number": "14614332"
  },
  {
    "ID Number": "14624486"
  },
  {
    "ID Number": "14640260"
  },
  {
    "ID Number": "14600773"
  },
  {
    "ID Number": "14622262"
  },
  {
    "ID Number": "14644762"
  },
  {
    "ID Number": "14600846"
  },
  {
    "ID Number": "14646056"
  },
  {
    "ID Number": "14653370"
  },
  {
    "ID Number": "14613190"
  },
  {
    "ID Number": "14613204"
  },
  {
    "ID Number": "14646196"
  },
  {
    "ID Number": "14672197"
  },
  {
    "ID Number": "14672200"
  },
  {
    "ID Number": "14669102"
  },
  {
    "ID Number": "14607212"
  },
  {
    "ID Number": "14647451"
  },
  {
    "ID Number": "14603535"
  },
  {
    "ID Number": "14661659"
  },
  {
    "ID Number": "14603250"
  },
  {
    "ID Number": "14639432"
  },
  {
    "ID Number": "14640023"
  },
  {
    "ID Number": "14659956"
  },
  {
    "ID Number": "4137698"
  },
  {
    "ID Number": "14640422"
  },
  {
    "ID Number": "14643960"
  },
  {
    "ID Number": "14628708"
  },
  {
    "ID Number": "14629062"
  },
  {
    "ID Number": "14637944"
  },
  {
    "ID Number": "14608146"
  },
  {
    "ID Number": "14612330"
  },
  {
    "ID Number": "14651246"
  },
  {
    "ID Number": "14604922"
  },
  {
    "ID Number": "14634481"
  },
  {
    "ID Number": "14627663"
  },
  {
    "ID Number": "14642590"
  },
  {
    "ID Number": "14605287"
  },
  {
    "ID Number": "14679361"
  },
  {
    "ID Number": "14656183"
  },
  {
    "ID Number": "14614294"
  },
  {
    "ID Number": "14608154"
  },
  {
    "ID Number": "14608162"
  },
  {
    "ID Number": "14655527"
  },
  {
    "ID Number": "14606011"
  },
  {
    "ID Number": "14674688"
  },
  {
    "ID Number": "14634813"
  },
  {
    "ID Number": "14608170"
  },
  {
    "ID Number": "14642131"
  },
  {
    "ID Number": "14651920"
  },
  {
    "ID Number": "14600684"
  },
  {
    "ID Number": "14659530"
  },
  {
    "ID Number": "14613069"
  },
  {
    "ID Number": "14612348"
  },
  {
    "ID Number": "14613077"
  },
  {
    "ID Number": "14644568"
  },
  {
    "ID Number": "14637189"
  },
  {
    "ID Number": "14614243"
  },
  {
    "ID Number": "14603063"
  },
  {
    "ID Number": "14643596"
  },
  {
    "ID Number": "14621878"
  },
  {
    "ID Number": "14671050"
  },
  {
    "ID Number": "14602890"
  },
  {
    "ID Number": "14671174"
  },
  {
    "ID Number": "14610396"
  },
  {
    "ID Number": "14605295"
  },
  {
    "ID Number": "14681943"
  },
  {
    "ID Number": "14670950"
  },
  {
    "ID Number": "14646188"
  },
  {
    "ID Number": "13706993"
  },
  {
    "ID Number": "13713051"
  },
  {
    "ID Number": "14641160"
  },
  {
    "ID Number": "14606020"
  },
  {
    "ID Number": "14604930"
  },
  {
    "ID Number": "14604167"
  },
  {
    "ID Number": "14651769"
  },
  {
    "ID Number": "14653842"
  },
  {
    "ID Number": "14654890"
  },
  {
    "ID Number": "14666375"
  },
  {
    "ID Number": "14602288"
  },
  {
    "ID Number": "14603870"
  },
  {
    "ID Number": "14627566"
  },
  {
    "ID Number": "14609215"
  },
  {
    "ID Number": "14610159"
  },
  {
    "ID Number": "14601079"
  },
  {
    "ID Number": "14600781"
  },
  {
    "ID Number": "14601397"
  },
  {
    "ID Number": "14614359"
  },
  {
    "ID Number": "14607425"
  },
  {
    "ID Number": "14647850"
  },
  {
    "ID Number": "14664275"
  },
  {
    "ID Number": "14635070"
  },
  {
    "ID Number": "14611481"
  },
  {
    "ID Number": "14605635"
  },
  {
    "ID Number": "14615940"
  },
  {
    "ID Number": "14655896"
  },
  {
    "ID Number": "14604248"
  },
  {
    "ID Number": "14633108"
  },
  {
    "ID Number": "14609991"
  },
  {
    "ID Number": "14627981"
  },
  {
    "ID Number": "14667070"
  },
  {
    "ID Number": "14645831"
  },
  {
    "ID Number": "14675498"
  },
  {
    "ID Number": "14648237"
  },
  {
    "ID Number": "14637723"
  },
  {
    "ID Number": "14632837"
  },
  {
    "ID Number": "14641003"
  },
  {
    "ID Number": "14627671"
  },
  {
    "ID Number": "14614030"
  },
  {
    "ID Number": "14615959"
  },
  {
    "ID Number": "14602318"
  },
  {
    "ID Number": "14638045"
  },
  {
    "ID Number": "14642980"
  },
  {
    "ID Number": "14654873"
  },
  {
    "ID Number": "14628481"
  },
  {
    "ID Number": "14646242"
  },
  {
    "ID Number": "14646420"
  },
  {
    "ID Number": "14615975"
  },
  {
    "ID Number": "14606844"
  },
  {
    "ID Number": "14655330"
  },
  {
    "ID Number": "14659468"
  },
  {
    "ID Number": "14640040"
  },
  {
    "ID Number": "14604620"
  },
  {
    "ID Number": "14651459"
  },
  {
    "ID Number": "14650320"
  },
  {
    "ID Number": "14606330"
  },
  {
    "ID Number": "14667568"
  },
  {
    "ID Number": "14653354"
  },
  {
    "ID Number": "14611325"
  },
  {
    "ID Number": "14668181"
  },
  {
    "ID Number": "14632764"
  },
  {
    "ID Number": "14632772"
  },
  {
    "ID Number": "14608545"
  },
  {
    "ID Number": "14654164"
  },
  {
    "ID Number": "14605481"
  },
  {
    "ID Number": "14612364"
  },
  {
    "ID Number": "14605775"
  },
  {
    "ID Number": "14605511"
  },
  {
    "ID Number": "14624753"
  },
  {
    "ID Number": "14644002"
  },
  {
    "ID Number": "14654296"
  },
  {
    "ID Number": "14616009"
  },
  {
    "ID Number": "14610060"
  },
  {
    "ID Number": "14672189"
  },
  {
    "ID Number": "55606563"
  },
  {
    "ID Number": "14604558"
  },
  {
    "ID Number": "14669226"
  },
  {
    "ID Number": "14606429"
  },
  {
    "ID Number": "14602113"
  },
  {
    "ID Number": "14621908"
  },
  {
    "ID Number": "14637774"
  },
  {
    "ID Number": "14602784"
  },
  {
    "ID Number": "14607514"
  },
  {
    "ID Number": "14609223"
  },
  {
    "ID Number": "14669595"
  },
  {
    "ID Number": "14604655"
  },
  {
    "ID Number": "14619741"
  },
  {
    "ID Number": "14623234"
  },
  {
    "ID Number": "14614944"
  },
  {
    "ID Number": "14604949"
  },
  {
    "ID Number": "14600269"
  },
  {
    "ID Number": "14665620"
  },
  {
    "ID Number": "14601281"
  },
  {
    "ID Number": "14601451"
  },
  {
    "ID Number": "14667533"
  },
  {
    "ID Number": "14650924"
  },
  {
    "ID Number": "14674440"
  },
  {
    "ID Number": "14608219"
  },
  {
    "ID Number": "14674700"
  },
  {
    "ID Number": "14603454"
  },
  {
    "ID Number": "14606038"
  },
  {
    "ID Number": "14657686"
  },
  {
    "ID Number": "14675552"
  },
  {
    "ID Number": "14612038"
  },
  {
    "ID Number": "14657635"
  },
  {
    "ID Number": "14609231"
  },
  {
    "ID Number": "14612372"
  },
  {
    "ID Number": "14646803"
  },
  {
    "ID Number": "14646811"
  },
  {
    "ID Number": "14670674"
  },
  {
    "ID Number": "14656264"
  },
  {
    "ID Number": "14608227"
  },
  {
    "ID Number": "14649128"
  },
  {
    "ID Number": "14653826"
  },
  {
    "ID Number": "14646099"
  },
  {
    "ID Number": "14611473"
  },
  {
    "ID Number": "14650215"
  },
  {
    "ID Number": "14652269"
  },
  {
    "ID Number": "14607689"
  },
  {
    "ID Number": "14605422"
  },
  {
    "ID Number": "14627868"
  },
  {
    "ID Number": "14606658"
  },
  {
    "ID Number": "14646250"
  },
  {
    "ID Number": "14635046"
  },
  {
    "ID Number": "14647974"
  },
  {
    "ID Number": "14671590"
  },
  {
    "ID Number": "14601150"
  },
  {
    "ID Number": "14621320"
  },
  {
    "ID Number": "14618923"
  },
  {
    "ID Number": "14621622"
  },
  {
    "ID Number": "14649136"
  },
  {
    "ID Number": "14609649"
  },
  {
    "ID Number": "14658160"
  },
  {
    "ID Number": "14628767"
  },
  {
    "ID Number": "14612046"
  },
  {
    "ID Number": "14667657"
  },
  {
    "ID Number": "14607000"
  },
  {
    "ID Number": "14639416"
  },
  {
    "ID Number": "14600366"
  },
  {
    "ID Number": "14638177"
  },
  {
    "ID Number": "14606275"
  },
  {
    "ID Number": "14603047"
  },
  {
    "ID Number": "14626624"
  },
  {
    "ID Number": "14651947"
  },
  {
    "ID Number": "14620073"
  },
  {
    "ID Number": "14623927"
  },
  {
    "ID Number": "14606666"
  },
  {
    "ID Number": "14616181"
  },
  {
    "ID Number": "14646390"
  },
  {
    "ID Number": "14645165"
  },
  {
    "ID Number": "14638010"
  },
  {
    "ID Number": "14629585"
  },
  {
    "ID Number": "14671204"
  },
  {
    "ID Number": "14613107"
  },
  {
    "ID Number": "14627876"
  },
  {
    "ID Number": "14613395"
  },
  {
    "ID Number": "14623315"
  },
  {
    "ID Number": "14667967"
  },
  {
    "ID Number": "14656701"
  },
  {
    "ID Number": "73006270"
  },
  {
    "ID Number": "14660709"
  },
  {
    "ID Number": "14661870"
  },
  {
    "ID Number": "14626195"
  },
  {
    "ID Number": "14632217"
  },
  {
    "ID Number": "14661373"
  },
  {
    "ID Number": "14642883"
  },
  {
    "ID Number": "14610000"
  },
  {
    "ID Number": "14633124"
  },
  {
    "ID Number": "14652986"
  },
  {
    "ID Number": "14648636"
  },
  {
    "ID Number": "14634970"
  },
  {
    "ID Number": "14602601"
  },
  {
    "ID Number": "14609258"
  },
  {
    "ID Number": "14667053"
  },
  {
    "ID Number": "14667045"
  },
  {
    "ID Number": "14667061"
  },
  {
    "ID Number": "14604337"
  },
  {
    "ID Number": "14647583"
  },
  {
    "ID Number": "14642034"
  },
  {
    "ID Number": "14601656"
  },
  {
    "ID Number": "14604108"
  },
  {
    "ID Number": "14604051"
  },
  {
    "ID Number": "14601109"
  },
  {
    "ID Number": "14678047"
  },
  {
    "ID Number": "14661497"
  },
  {
    "ID Number": "14661489"
  },
  {
    "ID Number": "14670895"
  },
  {
    "ID Number": "14631725"
  },
  {
    "ID Number": "14631733"
  },
  {
    "ID Number": "14674785"
  },
  {
    "ID Number": "14651971"
  },
  {
    "ID Number": "14607280"
  },
  {
    "ID Number": "14611627"
  },
  {
    "ID Number": "14606631"
  },
  {
    "ID Number": "14613220"
  },
  {
    "ID Number": "14652420"
  },
  {
    "ID Number": "14600277"
  },
  {
    "ID Number": "14607328"
  },
  {
    "ID Number": "14630737"
  },
  {
    "ID Number": "14665590"
  },
  {
    "ID Number": "14634678"
  },
  {
    "ID Number": "14617773"
  },
  {
    "ID Number": "14616084"
  },
  {
    "ID Number": "14627736"
  },
  {
    "ID Number": "14638657"
  }
]