[
  {
    "ID Number": "31004601",
    "Name": "Barotilla, Joseph",
    "Fed": "GUM",
    "Sex": "M",
    "Title": "",
    "WTit": "NA",
    "OTit": "",
    "FOA": "1505",
    "Rating": "AUG25",
    "Gms": "6",
    "K": "40",
    "B-day": "1980",
    "Flag": ""
  },
  {
    "ID Number": "31000495",
    "Name": "Batula, Gefferson",
    "Fed": "GUM",
    "Sex": "M",
    "Title": "",
    "WTit": "",
    "OTit": "",
    "FOA": "1741",
    "Rating": "AUG25",
    "Gms": "0",
    "K": "40",
    "B-day": "2000",
    "Flag": "i"
  },
  {
    "ID Number": "31001564",
    "Name": "Benzon, Tiffany",
    "Fed": "GUM",
    "Sex": "F",
    "Title": "WCM",
    "WTit": "WCM",
    "OTit": "",
    "FOA": "1637",
    "Rating": "AUG25",
    "Gms": "0",
    "K": "40",
    "B-day": "2010",
    "Flag": "w"
  },
  {
    "ID Number": "31004628",
    "Name": "Borja, Francis Louis",
    "Fed": "GUM",
    "Sex": "M",
    "Title": "",
    "WTit": "",
    "OTit": "",
    "FOA": "1745",
    "Rating": "AUG25",
    "Gms": "0",
    "K": "40",
    "B-day": "2003",
    "Flag": "i"
  },
  {
    "ID Number": "31000320",
    "Name": "Briones, Danilo",
    "Fed": "GUM",
    "Sex": "M",
    "Title": "",
    "WTit": "NA",
    "OTit": "",
    "FOA": "1695",
    "Rating": "AUG25",
    "Gms": "7",
    "K": "20",
    "B-day": "1953",
    "Flag": ""
  },
  {
    "ID Number": "30909341",
    "Name": "Buccat, Benchly Cabanayan",
    "Fed": "GUM",
    "Sex": "M",
    "Title": "",
    "WTit": "NA",
    "OTit": "",
    "FOA": "AGM",
    "Rating": "AUG25",
    "Gms": "1929",
    "K": "3",
    "B-day": "1995",
    "Flag": ""
  },
  {
    "ID Number": "31000010",
    "Name": "Buenaventura, Rene",
    "Fed": "GUM",
    "Sex": "M",
    "Title": "",
    "WTit": "",
    "OTit": "",
    "FOA": "1870",
    "Rating": "AUG25",
    "Gms": "0",
    "K": "40",
    "B-day": "1951",
    "Flag": "i"
  },
  {
    "ID Number": "31000150",
    "Name": "Caluag, Joseph",
    "Fed": "GUM",
    "Sex": "M",
    "Title": "",
    "WTit": "",
    "OTit": "",
    "FOA": "1933",
    "Rating": "AUG25",
    "Gms": "0",
    "K": "40",
    "B-day": "1997",
    "Flag": "i"
  },
  {
    "ID Number": "31003567",
    "Name": "Camacho, Natalie Terese",
    "Fed": "GUM",
    "Sex": "F",
    "Title": "",
    "WTit": "",
    "OTit": "",
    "FOA": "1550",
    "Rating": "AUG25",
    "Gms": "0",
    "K": "40",
    "B-day": "2010",
    "Flag": "w"
  },
  {
    "ID Number": "31003575",
    "Name": "Camacho, Noelle Marie",
    "Fed": "GUM",
    "Sex": "F",
    "Title": "",
    "WTit": "",
    "OTit": "",
    "FOA": "1436",
    "Rating": "AUG25",
    "Gms": "0",
    "K": "40",
    "B-day": "2010",
    "Flag": "w"
  },
  {
    "ID Number": "31000240",
    "Name": "Cedeno, Antonio",
    "Fed": "GUM",
    "Sex": "M",
    "Title": "",
    "WTit": "",
    "OTit": "",
    "FOA": "1797",
    "Rating": "AUG25",
    "Gms": "4",
    "K": "40",
    "B-day": "1942",
    "Flag": ""
  },
  {
    "ID Number": "31004156",
    "Name": "Chattaraj, Aranyam",
    "Fed": "GUM",
    "Sex": "M",
    "Title": "",
    "WTit": "",
    "OTit": "",
    "FOA": "1495",
    "Rating": "AUG25",
    "Gms": "0",
    "K": "40",
    "B-day": "2012",
    "Flag": ""
  },
  {
    "ID Number": "31000703",
    "Name": "Combs, Daniel",
    "Fed": "GUM",
    "Sex": "M",
    "Title": "",
    "WTit": "",
    "OTit": "",
    "FOA": "AFM",
    "Rating": "AUG25",
    "Gms": "1667",
    "K": "6",
    "B-day": "2013",
    "Flag": ""
  },
  {
    "ID Number": "31001599",
    "Name": "Combs, Esther",
    "Fed": "GUM",
    "Sex": "F",
    "Title": "",
    "WTit": "",
    "OTit": "",
    "FOA": "1441",
    "Rating": "AUG25",
    "Gms": "3",
    "K": "40",
    "B-day": "2015",
    "Flag": "w"
  },
  {
    "ID Number": "31001157",
    "Name": "Combs, Mylen Rodriguez",
    "Fed": "GUM",
    "Sex": "F",
    "Title": "",
    "WTit": "SI,NA",
    "OTit": "",
    "FOA": "1534",
    "Rating": "AUG25",
    "Gms": "0",
    "K": "40",
    "B-day": "1973",
    "Flag": "w"
  },
  {
    "ID Number": "31000711",
    "Name": "Combs, Noah",
    "Fed": "GUM",
    "Sex": "M",
    "Title": "",
    "WTit": "NA",
    "OTit": "",
    "FOA": "AGM",
    "Rating": "AUG25",
    "Gms": "1521",
    "K": "0",
    "B-day": "2007",
    "Flag": ""
  },
  {
    "ID Number": "31000720",
    "Name": "Corpuz, Marco",
    "Fed": "GUM",
    "Sex": "M",
    "Title": "",
    "WTit": "",
    "OTit": "",
    "FOA": "1845",
    "Rating": "AUG25",
    "Gms": "0",
    "K": "40",
    "B-day": "1964",
    "Flag": "i"
  },
  {
    "ID Number": "31004865",
    "Name": "Dalubtan, Jemuel",
    "Fed": "GUM",
    "Sex": "M",
    "Title": "",
    "WTit": "NA",
    "OTit": "",
    "FOA": "1495",
    "Rating": "AUG25",
    "Gms": "0",
    "K": "40",
    "B-day": "1971",
    "Flag": ""
  },
  {
    "ID Number": "31000029",
    "Name": "David, Fer",
    "Fed": "GUM",
    "Sex": "M",
    "Title": "",
    "WTit": "",
    "OTit": "",
    "FOA": "1673",
    "Rating": "AUG25",
    "Gms": "0",
    "K": "40",
    "B-day": "0",
    "Flag": "i"
  },
  {
    "ID Number": "31004962",
    "Name": "Dela Cruz, Rolando",
    "Fed": "GUM",
    "Sex": "M",
    "Title": "",
    "WTit": "",
    "OTit": "",
    "FOA": "1532",
    "Rating": "AUG25",
    "Gms": "4",
    "K": "40",
    "B-day": "1954",
    "Flag": ""
  },
  {
    "ID Number": "31000932",
    "Name": "Dela Paz, Romeo",
    "Fed": "GUM",
    "Sex": "M",
    "Title": "",
    "WTit": "NA",
    "OTit": "",
    "FOA": "1697",
    "Rating": "AUG25",
    "Gms": "6",
    "K": "40",
    "B-day": "1954",
    "Flag": ""
  },
  {
    "ID Number": "31003451",
    "Name": "Dewan, Aryan",
    "Fed": "GUM",
    "Sex": "M",
    "Title": "",
    "WTit": "",
    "OTit": "",
    "FOA": "1695",
    "Rating": "AUG25",
    "Gms": "0",
    "K": "40",
    "B-day": "2012",
    "Flag": ""
  },
  {
    "ID Number": "31002056",
    "Name": "Diaz, Robert",
    "Fed": "GUM",
    "Sex": "M",
    "Title": "",
    "WTit": "NA",
    "OTit": "",
    "FOA": "1685",
    "Rating": "AUG25",
    "Gms": "0",
    "K": "40",
    "B-day": "1970",
    "Flag": ""
  },
  {
    "ID Number": "31001149",
    "Name": "Doria, Daniel",
    "Fed": "GUM",
    "Sex": "M",
    "Title": "",
    "WTit": "NA",
    "OTit": "",
    "FOA": "1794",
    "Rating": "AUG25",
    "Gms": "7",
    "K": "20",
    "B-day": "2003",
    "Flag": ""
  },
  {
    "ID Number": "31001882",
    "Name": "Eliana, Sterling",
    "Fed": "GUM",
    "Sex": "M",
    "Title": "",
    "WTit": "NA",
    "OTit": "",
    "FOA": "1737",
    "Rating": "AUG25",
    "Gms": "0",
    "K": "20",
    "B-day": "1984",
    "Flag": ""
  },
  {
    "ID Number": "31001939",
    "Name": "Esperanza, Corwin",
    "Fed": "GUM",
    "Sex": "M",
    "Title": "",
    "WTit": "NA",
    "OTit": "",
    "FOA": "1503",
    "Rating": "AUG25",
    "Gms": "0",
    "K": "40",
    "B-day": "1987",
    "Flag": ""
  },
  {
    "ID Number": "31000681",
    "Name": "Espinoza, Mario",
    "Fed": "GUM",
    "Sex": "M",
    "Title": "",
    "WTit": "NA",
    "OTit": "",
    "FOA": "1587",
    "Rating": "AUG25",
    "Gms": "0",
    "K": "40",
    "B-day": "1964",
    "Flag": ""
  },
  {
    "ID Number": "31000754",
    "Name": "Estur, Gavino Aguilar",
    "Fed": "GUM",
    "Sex": "M",
    "Title": "",
    "WTit": "NA",
    "OTit": "",
    "FOA": "1720",
    "Rating": "AUG25",
    "Gms": "0",
    "K": "20",
    "B-day": "1960",
    "Flag": "i"
  },
  {
    "ID Number": "31000770",
    "Name": "Estur, Grace Co",
    "Fed": "GUM",
    "Sex": "F",
    "Title": "",
    "WTit": "NA",
    "OTit": "",
    "FOA": "1552",
    "Rating": "AUG25",
    "Gms": "0",
    "K": "20",
    "B-day": "2004",
    "Flag": "w"
  },
  {
    "ID Number": "31000606",
    "Name": "Ferger, Erich",
    "Fed": "GUM",
    "Sex": "M",
    "Title": "",
    "WTit": "",
    "OTit": "",
    "FOA": "1805",
    "Rating": "AUG25",
    "Gms": "0",
    "K": "40",
    "B-day": "1987",
    "Flag": "i"
  },
  {
    "ID Number": "31001211",
    "Name": "Fiscal, Nestor",
    "Fed": "GUM",
    "Sex": "M",
    "Title": "",
    "WTit": "NA",
    "OTit": "",
    "FOA": "1673",
    "Rating": "AUG25",
    "Gms": "0",
    "K": "40",
    "B-day": "1951",
    "Flag": ""
  },
  {
    "ID Number": "31000070",
    "Name": "Fontanilla, Jesse",
    "Fed": "GUM",
    "Sex": "M",
    "Title": "",
    "WTit": "",
    "OTit": "",
    "FOA": "1624",
    "Rating": "AUG25",
    "Gms": "0",
    "K": "40",
    "B-day": "1982",
    "Flag": "i"
  },
  {
    "ID Number": "31001319",
    "Name": "Garrison, Kyle",
    "Fed": "GUM",
    "Sex": "M",
    "Title": "",
    "WTit": "NA",
    "OTit": "",
    "FOA": "1777",
    "Rating": "AUG25",
    "Gms": "0",
    "K": "40",
    "B-day": "1998",
    "Flag": ""
  },
  {
    "ID Number": "31003265",
    "Name": "Grossley, Gabriel",
    "Fed": "GUM",
    "Sex": "M",
    "Title": "",
    "WTit": "",
    "OTit": "",
    "FOA": "1786",
    "Rating": "AUG25",
    "Gms": "0",
    "K": "40",
    "B-day": "2013",
    "Flag": ""
  },
  {
    "ID Number": "31001530",
    "Name": "Gunn, William",
    "Fed": "GUM",
    "Sex": "M",
    "Title": "",
    "WTit": "NA",
    "OTit": "",
    "FOA": "1753",
    "Rating": "AUG25",
    "Gms": "0",
    "K": "20",
    "B-day": "1959",
    "Flag": ""
  },
  {
    "ID Number": "31001483",
    "Name": "Halili, Brandy",
    "Fed": "GUM",
    "Sex": "M",
    "Title": "",
    "WTit": "",
    "OTit": "",
    "FOA": "1724",
    "Rating": "AUG25",
    "Gms": "0",
    "K": "40",
    "B-day": "1973",
    "Flag": "i"
  },
  {
    "ID Number": "31001386",
    "Name": "Halseide, Brandon Luke",
    "Fed": "GUM",
    "Sex": "M",
    "Title": "",
    "WTit": "NA",
    "OTit": "",
    "FOA": "1731",
    "Rating": "AUG25",
    "Gms": "0",
    "K": "40",
    "B-day": "1985",
    "Flag": "i"
  },
  {
    "ID Number": "31005152",
    "Name": "Hernandez, Brandon",
    "Fed": "GUM",
    "Sex": "M",
    "Title": "",
    "WTit": "",
    "OTit": "",
    "FOA": "1538",
    "Rating": "AUG25",
    "Gms": "0",
    "K": "40",
    "B-day": "2008",
    "Flag": ""
  },
  {
    "ID Number": "31000037",
    "Name": "Herreros, Miguel",
    "Fed": "GUM",
    "Sex": "M",
    "Title": "",
    "WTit": "",
    "OTit": "",
    "FOA": "1830",
    "Rating": "AUG25",
    "Gms": "0",
    "K": "40",
    "B-day": "0",
    "Flag": "i"
  },
  {
    "ID Number": "31002897",
    "Name": "Javelosa, Jayce Caleb",
    "Fed": "GUM",
    "Sex": "M",
    "Title": "",
    "WTit": "",
    "OTit": "",
    "FOA": "ACM",
    "Rating": "AUG25",
    "Gms": "1763",
    "K": "0",
    "B-day": "2012",
    "Flag": ""
  },
  {
    "ID Number": "31006221",
    "Name": "Judan, Deomedes",
    "Fed": "GUM",
    "Sex": "M",
    "Title": "",
    "WTit": "",
    "OTit": "",
    "FOA": "1570",
    "Rating": "AUG25",
    "Gms": "5",
    "K": "40",
    "B-day": "1963",
    "Flag": ""
  },
  {
    "ID Number": "31000096",
    "Name": "Juroshek, Khris",
    "Fed": "GUM",
    "Sex": "M",
    "Title": "",
    "WTit": "",
    "OTit": "",
    "FOA": "1684",
    "Rating": "AUG25",
    "Gms": "0",
    "K": "40",
    "B-day": "1982",
    "Flag": "i"
  },
  {
    "ID Number": "31002951",
    "Name": "Justo, Alexis Rian",
    "Fed": "GUM",
    "Sex": "F",
    "Title": "",
    "WTit": "",
    "OTit": "",
    "FOA": "1561",
    "Rating": "AUG25",
    "Gms": "5",
    "K": "40",
    "B-day": "2013",
    "Flag": "w"
  },
  {
    "ID Number": "31002544",
    "Name": "Justo, James Marcus",
    "Fed": "GUM",
    "Sex": "M",
    "Title": "",
    "WTit": "",
    "OTit": "",
    "FOA": "2010",
    "Rating": "AUG25",
    "Gms": "7",
    "K": "40",
    "B-day": "2014",
    "Flag": ""
  },
  {
    "ID Number": "31002854",
    "Name": "Karamihan, John Francis",
    "Fed": "GUM",
    "Sex": "M",
    "Title": "",
    "WTit": "NA",
    "OTit": "",
    "FOA": "1734",
    "Rating": "AUG25",
    "Gms": "6",
    "K": "20",
    "B-day": "2003",
    "Flag": ""
  },
  {
    "ID Number": "31001661",
    "Name": "Kim, Junesun",
    "Fed": "GUM",
    "Sex": "M",
    "Title": "",
    "WTit": "",
    "OTit": "",
    "FOA": "1649",
    "Rating": "AUG25",
    "Gms": "5",
    "K": "40",
    "B-day": "2014",
    "Flag": ""
  },
  {
    "ID Number": "31000045",
    "Name": "Lacno, Felix",
    "Fed": "GUM",
    "Sex": "M",
    "Title": "",
    "WTit": "",
    "OTit": "",
    "FOA": "1900",
    "Rating": "AUG25",
    "Gms": "0",
    "K": "20",
    "B-day": "1948",
    "Flag": "i"
  },
  {
    "ID Number": "31001254",
    "Name": "Laude, Edward Rowell P",
    "Fed": "GUM",
    "Sex": "M",
    "Title": "",
    "WTit": "NA",
    "OTit": "",
    "FOA": "1858",
    "Rating": "AUG25",
    "Gms": "0",
    "K": "40",
    "B-day": "1994",
    "Flag": "i"
  },
  {
    "ID Number": "31005098",
    "Name": "Long, David",
    "Fed": "GUM",
    "Sex": "M",
    "Title": "",
    "WTit": "",
    "OTit": "",
    "FOA": "1467",
    "Rating": "AUG25",
    "Gms": "6",
    "K": "40",
    "B-day": "2013",
    "Flag": ""
  },
  {
    "ID Number": "31003753",
    "Name": "Lopatyuk, Leo",
    "Fed": "GUM",
    "Sex": "M",
    "Title": "",
    "WTit": "",
    "OTit": "",
    "FOA": "1457",
    "Rating": "AUG25",
    "Gms": "5",
    "K": "40",
    "B-day": "2015",
    "Flag": ""
  },
  {
    "ID Number": "31001890",
    "Name": "Lujan, Steven Tererence",
    "Fed": "GUM",
    "Sex": "M",
    "Title": "",
    "WTit": "NA",
    "OTit": "",
    "FOA": "1840",
    "Rating": "AUG25",
    "Gms": "0",
    "K": "40",
    "B-day": "1994",
    "Flag": ""
  },
  {
    "ID Number": "31000509",
    "Name": "Mafnas, Peter",
    "Fed": "GUM",
    "Sex": "M",
    "Title": "CM",
    "WTit": "NA",
    "OTit": "",
    "FOA": "1835",
    "Rating": "AUG25",
    "Gms": "0",
    "K": "20",
    "B-day": "1959",
    "Flag": ""
  },
  {
    "ID Number": "31004890",
    "Name": "Manago, Harold",
    "Fed": "GUM",
    "Sex": "M",
    "Title": "",
    "WTit": "NA",
    "OTit": "",
    "FOA": "1749",
    "Rating": "AUG25",
    "Gms": "0",
    "K": "40",
    "B-day": "1987",
    "Flag": ""
  },
  {
    "ID Number": "31000053",
    "Name": "Manuel, Enofre Efren D.",
    "Fed": "GUM",
    "Sex": "M",
    "Title": "",
    "WTit": "",
    "OTit": "",
    "FOA": "1988",
    "Rating": "AUG25",
    "Gms": "0",
    "K": "20",
    "B-day": "1950",
    "Flag": "i"
  },
  {
    "ID Number": "31000479",
    "Name": "Mcfarland, Malcolm",
    "Fed": "GUM",
    "Sex": "M",
    "Title": "",
    "WTit": "",
    "OTit": "",
    "FOA": "1794",
    "Rating": "AUG25",
    "Gms": "0",
    "K": "20",
    "B-day": "1952",
    "Flag": "i"
  },
  {
    "ID Number": "31001696",
    "Name": "Mendoza, Michael Angel",
    "Fed": "GUM",
    "Sex": "M",
    "Title": "",
    "WTit": "",
    "OTit": "",
    "FOA": "1434",
    "Rating": "AUG25",
    "Gms": "0",
    "K": "40",
    "B-day": "2010",
    "Flag": ""
  },
  {
    "ID Number": "31000100",
    "Name": "Moguel, Hermenegildo C.",
    "Fed": "GUM",
    "Sex": "M",
    "Title": "",
    "WTit": "",
    "OTit": "",
    "FOA": "1644",
    "Rating": "AUG25",
    "Gms": "0",
    "K": "40",
    "B-day": "1931",
    "Flag": "i"
  },
  {
    "ID Number": "31000185",
    "Name": "Molod, Jonathan",
    "Fed": "GUM",
    "Sex": "M",
    "Title": "CM",
    "WTit": "",
    "OTit": "",
    "FOA": "1928",
    "Rating": "AUG25",
    "Gms": "0",
    "K": "40",
    "B-day": "1977",
    "Flag": "i"
  },
  {
    "ID Number": "31001181",
    "Name": "Montoya, Adrian S",
    "Fed": "GUM",
    "Sex": "M",
    "Title": "",
    "WTit": "NA",
    "OTit": "",
    "FOA": "1717",
    "Rating": "AUG25",
    "Gms": "0",
    "K": "40",
    "B-day": "1972",
    "Flag": "i"
  },
  {
    "ID Number": "31005950",
    "Name": "Mortensen, John Michael",
    "Fed": "GUM",
    "Sex": "M",
    "Title": "",
    "WTit": "",
    "OTit": "",
    "FOA": "1554",
    "Rating": "AUG25",
    "Gms": "6",
    "K": "40",
    "B-day": "2012",
    "Flag": ""
  },
  {
    "ID Number": "31004580",
    "Name": "Musdan, Elson Titang",
    "Fed": "GUM",
    "Sex": "M",
    "Title": "",
    "WTit": "NA",
    "OTit": "",
    "FOA": "ACM",
    "Rating": "AUG25",
    "Gms": "1612",
    "K": "0",
    "B-day": "1961",
    "Flag": ""
  },
  {
    "ID Number": "31000657",
    "Name": "Nacario Jr, Romualdo",
    "Fed": "GUM",
    "Sex": "M",
    "Title": "",
    "WTit": "NA",
    "OTit": "",
    "FOA": "1664",
    "Rating": "AUG25",
    "Gms": "0",
    "K": "40",
    "B-day": "1990",
    "Flag": "i"
  },
  {
    "ID Number": "31000541",
    "Name": "Nacario, Ruth Anne",
    "Fed": "GUM",
    "Sex": "F",
    "Title": "WCM",
    "WTit": "WCM",
    "OTit": "NA",
    "FOA": "1607",
    "Rating": "AUG25",
    "Gms": "0",
    "K": "20",
    "B-day": "1990",
    "Flag": "w"
  },
  {
    "ID Number": "31003060",
    "Name": "Napora, Gable",
    "Fed": "GUM",
    "Sex": "M",
    "Title": "",
    "WTit": "",
    "OTit": "",
    "FOA": "1550",
    "Rating": "AUG25",
    "Gms": "0",
    "K": "40",
    "B-day": "2009",
    "Flag": "i"
  },
  {
    "ID Number": "31000517",
    "Name": "Ollet, Myra",
    "Fed": "GUM",
    "Sex": "F",
    "Title": "WCM",
    "WTit": "WCM",
    "OTit": "SI,NA",
    "FOA": "1659",
    "Rating": "AUG25",
    "Gms": "0",
    "K": "20",
    "B-day": "1979",
    "Flag": "w"
  },
  {
    "ID Number": "31000118",
    "Name": "Orio, Rogelio L.",
    "Fed": "GUM",
    "Sex": "M",
    "Title": "CM",
    "WTit": "",
    "OTit": "",
    "FOA": "1851",
    "Rating": "AUG25",
    "Gms": "0",
    "K": "20",
    "B-day": "1956",
    "Flag": "i"
  },
  {
    "ID Number": "31002315",
    "Name": "Orpilla, Keane",
    "Fed": "GUM",
    "Sex": "M",
    "Title": "",
    "WTit": "",
    "OTit": "",
    "FOA": "1595",
    "Rating": "AUG25",
    "Gms": "0",
    "K": "40",
    "B-day": "2009",
    "Flag": "i"
  },
  {
    "ID Number": "31003338",
    "Name": "Panzo, Jezreel",
    "Fed": "GUM",
    "Sex": "M",
    "Title": "",
    "WTit": "",
    "OTit": "",
    "FOA": "1630",
    "Rating": "AUG25",
    "Gms": "0",
    "K": "40",
    "B-day": "2012",
    "Flag": ""
  },
  {
    "ID Number": "31000452",
    "Name": "Paras, Radcliffe",
    "Fed": "GUM",
    "Sex": "M",
    "Title": "",
    "WTit": "NA",
    "OTit": "",
    "FOA": "1825",
    "Rating": "AUG25",
    "Gms": "0",
    "K": "40",
    "B-day": "1995",
    "Flag": "i"
  },
  {
    "ID Number": "31003524",
    "Name": "Parkinson, William A",
    "Fed": "GUM",
    "Sex": "M",
    "Title": "",
    "WTit": "NA",
    "OTit": "",
    "FOA": "1659",
    "Rating": "AUG25",
    "Gms": "0",
    "K": "40",
    "B-day": "1986",
    "Flag": ""
  },
  {
    "ID Number": "5218110",
    "Name": "Pascua, Jefferson A",
    "Fed": "GUM",
    "Sex": "M",
    "Title": "",
    "WTit": "NA",
    "OTit": "",
    "FOA": "AIM",
    "Rating": "AUG25",
    "Gms": "1888",
    "K": "0",
    "B-day": "1980",
    "Flag": ""
  },
  {
    "ID Number": "31000126",
    "Name": "Pascua, Joel",
    "Fed": "GUM",
    "Sex": "M",
    "Title": "",
    "WTit": "",
    "OTit": "",
    "FOA": "1800",
    "Rating": "AUG25",
    "Gms": "0",
    "K": "40",
    "B-day": "1982",
    "Flag": "i"
  },
  {
    "ID Number": "31004490",
    "Name": "Perez, Happi-Tears",
    "Fed": "GUM",
    "Sex": "M",
    "Title": "",
    "WTit": "",
    "OTit": "",
    "FOA": "1716",
    "Rating": "AUG25",
    "Gms": "4",
    "K": "40",
    "B-day": "2012",
    "Flag": ""
  },
  {
    "ID Number": "31000134",
    "Name": "Pinaula, Benny",
    "Fed": "GUM",
    "Sex": "M",
    "Title": "",
    "WTit": "NA",
    "OTit": "",
    "FOA": "1597",
    "Rating": "AUG25",
    "Gms": "0",
    "K": "40",
    "B-day": "1964",
    "Flag": "i"
  },
  {
    "ID Number": "31000690",
    "Name": "Prudente, Elmer",
    "Fed": "GUM",
    "Sex": "M",
    "Title": "CM",
    "WTit": "NA",
    "OTit": "",
    "FOA": "1967",
    "Rating": "AUG25",
    "Gms": "7",
    "K": "20",
    "B-day": "1965",
    "Flag": ""
  },
  {
    "ID Number": "31001548",
    "Name": "Ramas, Carmina Jasmine",
    "Fed": "GUM",
    "Sex": "F",
    "Title": "WCM",
    "WTit": "WCM",
    "OTit": "NA",
    "FOA": "1712",
    "Rating": "AUG25",
    "Gms": "7",
    "K": "20",
    "B-day": "2004",
    "Flag": "w"
  },
  {
    "ID Number": "31001262",
    "Name": "Retugal, Jesus",
    "Fed": "GUM",
    "Sex": "M",
    "Title": "",
    "WTit": "",
    "OTit": "",
    "FOA": "1655",
    "Rating": "AUG25",
    "Gms": "0",
    "K": "40",
    "B-day": "1952",
    "Flag": ""
  },
  {
    "ID Number": "31004385",
    "Name": "Rhodes, James",
    "Fed": "GUM",
    "Sex": "M",
    "Title": "",
    "WTit": "NA",
    "OTit": "",
    "FOA": "1538",
    "Rating": "AUG25",
    "Gms": "4",
    "K": "40",
    "B-day": "1965",
    "Flag": ""
  },
  {
    "ID Number": "31004849",
    "Name": "Rombaua, Bellan",
    "Fed": "GUM",
    "Sex": "M",
    "Title": "",
    "WTit": "NA",
    "OTit": "",
    "FOA": "1629",
    "Rating": "AUG25",
    "Gms": "5",
    "K": "40",
    "B-day": "1971",
    "Flag": ""
  },
  {
    "ID Number": "31000088",
    "Name": "Ryan, Leon R",
    "Fed": "GUM",
    "Sex": "M",
    "Title": "",
    "WTit": "",
    "OTit": "",
    "FOA": "1590",
    "Rating": "AUG25",
    "Gms": "0",
    "K": "40",
    "B-day": "1946",
    "Flag": ""
  },
  {
    "ID Number": "31000398",
    "Name": "Santos, Almer",
    "Fed": "GUM",
    "Sex": "M",
    "Title": "",
    "WTit": "NA",
    "OTit": "",
    "FOA": "1778",
    "Rating": "AUG25",
    "Gms": "6",
    "K": "20",
    "B-day": "1962",
    "Flag": ""
  },
  {
    "ID Number": "31000916",
    "Name": "Sarmiento, Cyle",
    "Fed": "GUM",
    "Sex": "M",
    "Title": "",
    "WTit": "NA",
    "OTit": "",
    "FOA": "1534",
    "Rating": "AUG25",
    "Gms": "0",
    "K": "40",
    "B-day": "2005",
    "Flag": "i"
  },
  {
    "ID Number": "31000142",
    "Name": "Soriano, Rudolph P.",
    "Fed": "GUM",
    "Sex": "M",
    "Title": "",
    "WTit": "NA",
    "OTit": "",
    "FOA": "1890",
    "Rating": "AUG25",
    "Gms": "0",
    "K": "20",
    "B-day": "1948",
    "Flag": "i"
  },
  {
    "ID Number": "31000428",
    "Name": "Szekely, Zoltan",
    "Fed": "GUM",
    "Sex": "M",
    "Title": "",
    "WTit": "FI,NA",
    "OTit": "",
    "FOA": "ACM",
    "Rating": "AUG25",
    "Gms": "1738",
    "K": "0",
    "B-day": "1958",
    "Flag": ""
  },
  {
    "ID Number": "2096781",
    "Name": "Tenezaca, Cristian",
    "Fed": "GUM",
    "Sex": "M",
    "Title": "",
    "WTit": "NA",
    "OTit": "",
    "FOA": "1895",
    "Rating": "AUG25",
    "Gms": "0",
    "K": "40",
    "B-day": "1997",
    "Flag": ""
  },
  {
    "ID Number": "31000436",
    "Name": "Tirador, Elias",
    "Fed": "GUM",
    "Sex": "M",
    "Title": "",
    "WTit": "",
    "OTit": "",
    "FOA": "1854",
    "Rating": "AUG25",
    "Gms": "0",
    "K": "20",
    "B-day": "1952",
    "Flag": ""
  },
  {
    "ID Number": "31001769",
    "Name": "Tiurin, Yaroslav",
    "Fed": "GUM",
    "Sex": "M",
    "Title": "",
    "WTit": "",
    "OTit": "",
    "FOA": "1535",
    "Rating": "AUG25",
    "Gms": "4",
    "K": "40",
    "B-day": "2013",
    "Flag": ""
  },
  {
    "ID Number": "31002706",
    "Name": "Tran, Tuan An",
    "Fed": "GUM",
    "Sex": "M",
    "Title": "CM",
    "WTit": "NA",
    "OTit": "",
    "FOA": "1956",
    "Rating": "AUG25",
    "Gms": "7",
    "K": "40",
    "B-day": "2007",
    "Flag": ""
  },
  {
    "ID Number": "31002900",
    "Name": "Tran, Xuan Chi",
    "Fed": "GUM",
    "Sex": "F",
    "Title": "",
    "WTit": "",
    "OTit": "",
    "FOA": "1515",
    "Rating": "AUG25",
    "Gms": "0",
    "K": "40",
    "B-day": "2014",
    "Flag": "w"
  },
  {
    "ID Number": "31000991",
    "Name": "Tuazon, Marion Mikaelo O.",
    "Fed": "GUM",
    "Sex": "M",
    "Title": "",
    "WTit": "",
    "OTit": "",
    "FOA": "1789",
    "Rating": "AUG25",
    "Gms": "0",
    "K": "40",
    "B-day": "2002",
    "Flag": "i"
  },
  {
    "ID Number": "31004300",
    "Name": "Uherhewar, James Rivera",
    "Fed": "GUM",
    "Sex": "M",
    "Title": "",
    "WTit": "NA",
    "OTit": "",
    "FOA": "1556",
    "Rating": "AUG25",
    "Gms": "5",
    "K": "40",
    "B-day": "2008",
    "Flag": ""
  },
  {
    "ID Number": "31004768",
    "Name": "Valerio, Ludy Jesber",
    "Fed": "GUM",
    "Sex": "M",
    "Title": "",
    "WTit": "NA",
    "OTit": "",
    "FOA": "1553",
    "Rating": "AUG25",
    "Gms": "0",
    "K": "40",
    "B-day": "1987",
    "Flag": ""
  },
  {
    "ID Number": "31000967",
    "Name": "Verango, Roger D",
    "Fed": "GUM",
    "Sex": "M",
    "Title": "",
    "WTit": "",
    "OTit": "",
    "FOA": "1740",
    "Rating": "AUG25",
    "Gms": "0",
    "K": "40",
    "B-day": "1963",
    "Flag": ""
  },
  {
    "ID Number": "31006019",
    "Name": "Villanueva, Angelo",
    "Fed": "GUM",
    "Sex": "M",
    "Title": "",
    "WTit": "NA",
    "OTit": "",
    "FOA": "1551",
    "Rating": "AUG25",
    "Gms": "0",
    "K": "40",
    "B-day": "1974",
    "Flag": ""
  },
  {
    "ID Number": "31002749",
    "Name": "Wang, Tyler",
    "Fed": "GUM",
    "Sex": "M",
    "Title": "",
    "WTit": "",
    "OTit": "",
    "FOA": "1450",
    "Rating": "AUG25",
    "Gms": "0",
    "K": "40",
    "B-day": "2014",
    "Flag": ""
  },
  {
    "ID Number": "31000266",
    "Name": "Wen, Victor Shiliang",
    "Fed": "GUM",
    "Sex": "M",
    "Title": "",
    "WTit": "",
    "OTit": "",
    "FOA": "1851",
    "Rating": "AUG25",
    "Gms": "0",
    "K": "40",
    "B-day": "2001",
    "Flag": "i"
  },
  {
    "ID Number": "31000061",
    "Name": "Whitt, Anthony",
    "Fed": "GUM",
    "Sex": "M",
    "Title": "",
    "WTit": "",
    "OTit": "",
    "FOA": "1845",
    "Rating": "AUG25",
    "Gms": "0",
    "K": "20",
    "B-day": "1982",
    "Flag": "i"
  }
]