[
  {
    "ID Number": "31004601"
  },
  {
    "ID Number": "31000495"
  },
  {
    "ID Number": "31001564"
  },
  {
    "ID Number": "31004628"
  },
  {
    "ID Number": "31000320"
  },
  {
    "ID Number": "30909341"
  },
  {
    "ID Number": "31000010"
  },
  {
    "ID Number": "31000150"
  },
  {
    "ID Number": "31003567"
  },
  {
    "ID Number": "31003575"
  },
  {
    "ID Number": "31000240"
  },
  {
    "ID Number": "31004156"
  },
  {
    "ID Number": "31000703"
  },
  {
    "ID Number": "31001599"
  },
  {
    "ID Number": "31001157"
  },
  {
    "ID Number": "31000711"
  },
  {
    "ID Number": "31000720"
  },
  {
    "ID Number": "31004865"
  },
  {
    "ID Number": "31000029"
  },
  {
    "ID Number": "31004962"
  },
  {
    "ID Number": "31000932"
  },
  {
    "ID Number": "31003451"
  },
  {
    "ID Number": "31002056"
  },
  {
    "ID Number": "31001149"
  },
  {
    "ID Number": "31001882"
  },
  {
    "ID Number": "31001939"
  },
  {
    "ID Number": "31000681"
  },
  {
    "ID Number": "31000754"
  },
  {
    "ID Number": "31000770"
  },
  {
    "ID Number": "31000606"
  },
  {
    "ID Number": "31001211"
  },
  {
    "ID Number": "31000070"
  },
  {
    "ID Number": "31001319"
  },
  {
    "ID Number": "31003265"
  },
  {
    "ID Number": "31001530"
  },
  {
    "ID Number": "31001483"
  },
  {
    "ID Number": "31001386"
  },
  {
    "ID Number": "31005152"
  },
  {
    "ID Number": "31000037"
  },
  {
    "ID Number": "31002897"
  },
  {
    "ID Number": "31006221"
  },
  {
    "ID Number": "31000096"
  },
  {
    "ID Number": "31002951"
  },
  {
    "ID Number": "31002544"
  },
  {
    "ID Number": "31002854"
  },
  {
    "ID Number": "31001661"
  },
  {
    "ID Number": "31000045"
  },
  {
    "ID Number": "31001254"
  },
  {
    "ID Number": "31005098"
  },
  {
    "ID Number": "31003753"
  },
  {
    "ID Number": "31001890"
  },
  {
    "ID Number": "31000509"
  },
  {
    "ID Number": "31004890"
  },
  {
    "ID Number": "31000053"
  },
  {
    "ID Number": "31000479"
  },
  {
    "ID Number": "31001696"
  },
  {
    "ID Number": "31000100"
  },
  {
    "ID Number": "31000185"
  },
  {
    "ID Number": "31001181"
  },
  {
    "ID Number": "31005950"
  },
  {
    "ID Number": "31004580"
  },
  {
    "ID Number": "31000657"
  },
  {
    "ID Number": "31000541"
  },
  {
    "ID Number": "31003060"
  },
  {
    "ID Number": "31000517"
  },
  {
    "ID Number": "31000118"
  },
  {
    "ID Number": "31002315"
  },
  {
    "ID Number": "31003338"
  },
  {
    "ID Number": "31000452"
  },
  {
    "ID Number": "31003524"
  },
  {
    "ID Number": "5218110"
  },
  {
    "ID Number": "31000126"
  },
  {
    "ID Number": "31004490"
  },
  {
    "ID Number": "31000134"
  },
  {
    "ID Number": "31000690"
  },
  {
    "ID Number": "31001548"
  },
  {
    "ID Number": "31001262"
  },
  {
    "ID Number": "31004385"
  },
  {
    "ID Number": "31004849"
  },
  {
    "ID Number": "31000088"
  },
  {
    "ID Number": "31000398"
  },
  {
    "ID Number": "31000916"
  },
  {
    "ID Number": "31000142"
  },
  {
    "ID Number": "31000428"
  },
  {
    "ID Number": "2096781"
  },
  {
    "ID Number": "31000436"
  },
  {
    "ID Number": "31001769"
  },
  {
    "ID Number": "31002706"
  },
  {
    "ID Number": "31002900"
  },
  {
    "ID Number": "31000991"
  },
  {
    "ID Number": "31004300"
  },
  {
    "ID Number": "31004768"
  },
  {
    "ID Number": "31000967"
  },
  {
    "ID Number": "31006019"
  },
  {
    "ID Number": "31002749"
  },
  {
    "ID Number": "31000266"
  },
  {
    "ID Number": "31000061"
  }
]